id,name,country,type,subtype,claim_tco2_yr,aoi_or_loc,metric_pre,metric_post,metric_change_pct,implied_claimed,implied_observed,ratio_obs_to_claim,n_observations,implied_capture_rate,severity,scan_status
1477,Katingan Peatland Restoration and Conservation Project,Indonesia,forest,REDD; WRC,7125679,150713.8606921237,103.06269665643485,729.3034313645692,607.6308451308452,43185.933333333334,-626.2407347081344,-0.014501035091089869,,,RED_FLAG_NEGATIVE,ok
934,The Mai Ndombe REDD+ Project,"Congo, The Democratic Republic of The",forest,REDD,5671613,301078.4017641664,802.8066708984,1741.6232128277636,116.94179632049627,34373.412121212124,-938.8165419293637,-0.02731228830640331,,,RED_FLAG_NEGATIVE,ok
2278,The Jaguar Amazon REDD+ Project,Peru,forest,REDD,3751851,184256.58317169402,38.8584793451239,75.3721787129174,93.96584730836972,22738.49090909091,-36.51369936779351,-0.0016058101442956898,,,RED_FLAG_NEGATIVE,ok
1566,REDD+ Project Resguardo Indigena Unificado Selva de Mataven (RIU SM),Colombia,forest,REDD,3622352,4183.131305995186,0.7658782739974135,2.9488361351772068,285.0267379679144,21953.648484848483,-2.1829578611797933,-9.943485533561231e-05,,,RED_FLAG_NEGATIVE,ok
1571,Manoa REDD+ Project,Brazil,forest,REDD,2827041,37860.187281919294,8.83960017600784,44.987685744247685,408.9334907516725,17133.581818181818,-36.14808556823984,-0.00210977984357481,,,RED_FLAG_NEGATIVE,ok
2293,NIHT Topaiyo REDD +,Papua New Guinea,forest,REDD,2262521,1418.0016751529297,0.0,14.11062670863561,,13712.248484848486,-14.11062670863561,-0.001029052727875178,,,RED_FLAG_NEGATIVE,ok
1122,April Salumei Rainforest Community Conservation Project,Papua New Guinea,forest,IFM; REDD,1628812,199005.67352022472,29.732334497104482,115.10270322505588,287.12971978794764,9871.58787878788,-85.37036872795139,-0.008648088815720892,,,RED_FLAG_NEGATIVE,ok
2502,TAHUAMANU AMAZON REDD PROJECT,Peru,forest,REDD,1575108,171079.75325115345,21.163514428129886,212.6167191977605,904.6380525304291,9546.10909090909,-191.4532047696306,-0.020055627161432135,,,RED_FLAG_NEGATIVE,ok
1650,Reduced Emissions from Deforestation and Degradation in Keo Seima Wildlife Sanctuary,Cambodia,forest,REDD,1426648,189116.34054645646,202.83502960536063,1233.9834609533668,508.3680236861584,8646.351515151515,-1031.1484313480062,-0.119258213078784,,,RED_FLAG_NEGATIVE,ok
1899,Sumatra Merang Peatland Project (SMPP),Indonesia,forest,ARR; WRC,1338569,23089.954384842826,701.84158198087,1480.5498875016356,110.95214725279565,8112.539393939394,-778.7083055207655,-0.09598823102202897,,,RED_FLAG_NEGATIVE,ok
1340,Bale Mountains Eco-region REDD+ project,Ethiopia,forest,REDD,1288821,648726.1276195924,584.8091761268189,602.5510022403988,3.033780391594353,7811.036363636364,-17.74182611357992,-0.002271379275120972,,,RED_FLAG_NEGATIVE,ok
1382,"The Envira Amazonia Project - A Tropical Forest Conservation Project in Acre, Brazil",Brazil,forest,REDD,1259646,22153.46722553429,0.793342691778327,11.386903328265682,1335.30701754386,7634.218181818182,-10.593560636487355,-0.0013876418493929355,,,RED_FLAG_NEGATIVE,ok
1408,Chyulu Hills REDD+ Project,Kenya,forest,REDD,1100943,413418.274136286,9.367294506007264,16.794668795854605,79.29049615216167,6672.381818181818,-7.427374289847341,-0.001113151868738719,,,RED_FLAG_NEGATIVE,ok
3772,RE.GREEN AMAZON FOREST REFORESTATION/RESTORATION PROJECT,Brazil,forest,ARR,1062800,7373.1599766513555,28.679515218915387,48.689379413489284,69.7705802968961,6441.212121212121,-20.009864194573897,-0.0031065370644568057,,,RED_FLAG_NEGATIVE,ok
4429,Management of Community Forests for the Reduction of Deforestation in the Peruvian Amazon,Peru,forest,REDD,1039475,1973.633983429468,5.110943426730649,28.304800300845397,453.80774032459436,6299.848484848485,-23.193856874114747,-0.003681653127039066,,,RED_FLAG_NEGATIVE,ok
1311,"Carbon Emissions Reduction Project in the Corridor Ankeniheny-Zahamena (CAZ) Protected Area, Madagascar",Madagascar,forest,REDD,1011973,36721.04191908412,152.5106277107322,916.100900760896,500.6800408024483,6133.169696969697,-763.5902730501639,-0.12450173577089216,,,RED_FLAG_NEGATIVE,ok
2558,ABC Norte REDD Project,Brazil,forest,REDD,1004626,984006.7173655222,5596.819756449744,10309.979081348987,84.21138307103466,6088.642424242425,-4713.159324899243,-0.7740903466647041,,,RED_FLAG_NEGATIVE,ok
1622,REDD+ Project for Caribbean Guatemala: The Conservation Coast,Guatemala,forest,REDD,728161,14494.048886554372,18.44757076680688,100.80263592350106,446.42769607843144,4413.09696969697,-82.35506515669418,-0.018661512702348164,,,RED_FLAG_NEGATIVE,ok
3590,Jutaituba REDD+ Project,Brazil,forest,REDD,600694,486912.36622278683,2366.5361201343676,5027.687421384919,112.44921548459001,3640.569696969697,-2661.151301250551,-0.7309711179175103,,,RED_FLAG_NEGATIVE,ok
3727,Corridors for Life ARR Grouped Project,Brazil,forest,ARR,584276,1761660.3770424183,903.8930173518389,908.8051868909007,0.5434458995438533,3541.0666666666666,-4.912169539061779,-0.0013872005250005024,,,RED_FLAG_NEGATIVE,ok
1686,Agrocortex REDD Project,Brazil,forest,REDD,483594,187552.69304455037,13.948038377021634,154.26754367866505,1006.0160540768904,2930.8727272727274,-140.3195053016434,-0.04787635573388247,,,RED_FLAG_NEGATIVE,ok
1067,Reduction of deforestation and degradation in Tambopata National Reserve and Bahuaja-Sonene National Park within the area of Madre de Dios region –Peru,Peru,forest,REDD,457750,1941.5876207003616,0.9058585184447738,6.060624849594796,569.047619047619,2774.242424242424,-5.1547663311500225,-0.0018580807092075451,,,RED_FLAG_NEGATIVE,ok
1897,Ntakata Mountains REDD,Tanzania,forest,REDD,420200,1888.4594959918786,2.8729783689902604,15.234553878158453,430.2703996171333,2546.6666666666665,-12.361575509168192,-0.004854021796793793,,,RED_FLAG_NEGATIVE,ok
1389,Acapa -­ Bajo Mira Y Frontera REDD+ Project,Colombia,forest,REDD,404786,6108.3313067384815,2.567326849661637,9.148081054070705,256.3270899954318,2453.2484848484846,-6.580754204409068,-0.002682465410679955,,,RED_FLAG_NEGATIVE,ok
4888,OYU - Reforesting Uganda for a better tomorrow,Uganda,forest,ARR,379891,3251.0234317160025,62.2116597451466,99.91135514488037,60.59908312070856,2302.369696969697,-37.69969539973378,-0.016374301420555036,,,RED_FLAG_NEGATIVE,ok
5511,Brazil Cerrado 1,Brazil,forest,ARR,351328,17012.51429770362,6.877750417036869,9.228462273569756,34.17849898580124,2129.2606060606063,-2.350711856532887,-0.0011040038264184076,,,RED_FLAG_NEGATIVE,ok
1325,Village Climate Solutions,Tanzania,forest,REDD,350721,410053.1637351716,1639.21606060024,4119.891093668589,151.3330117178078,2125.581818181818,-2480.675033068349,-1.1670569497015508,,,RED_FLAG_NEGATIVE,ok
2391,Gansu Tianshui Afforestation Project,China,forest,ARR,342003,18199.270920573377,0.14013944543585719,1.512869013228004,979.5454545454548,2072.7454545454543,-1.372729567792147,-0.0006622759995839342,,,RED_FLAG_NEGATIVE,ok
1953,Floresta Verde REDD+ Project,Brazil,forest,REDD,340000,41645.68651981385,97.62106867399892,648.3728714031515,564.1730931755756,2060.6060606060605,-550.7518027291526,-0.2672766101479711,,,RED_FLAG_NEGATIVE,ok
1400,Concosta REDD+ Project,Colombia,forest,REDD,333978,859.4445335201704,0.3666541807621215,1.031543819560418,181.3397129186602,2024.1090909090908,-0.6648896387982965,-0.00032848508105838987,,,RED_FLAG_NEGATIVE,ok
4475,Kijani Forestry smallholder farmer forestry project,Uganda,forest,ARR,316293,121.72515545459648,0.029472475050718077,0.038682623504067475,31.249999999999993,1916.9272727272728,-0.009210148453349398,-4.804641565898236e-06,,,RED_FLAG_NEGATIVE,ok
1391,SIVIRÚ-USARAGÁ-PIZARRO-PILIZÁ (SUPP) REDD+ Project,Colombia,forest,REDD,312078,60094.38849364942,19.16788975821568,24.789480920569986,29.32816931475098,1891.3818181818183,-5.6215911623543064,-0.0029722138112537907,,,RED_FLAG_NEGATIVE,ok
1392,Cajambre REDD+ Project,Colombia,forest,REDD,297488,431.21416399814177,0.01288517580105099,0.07028277709664177,445.4545454545455,1802.9575757575758,-0.05739760129559078,-3.183524785461087e-05,,,RED_FLAG_NEGATIVE,ok
2723,CONDOTO REDD+,Colombia,forest,REDD,249943,72857.46088510114,62.32192416129374,71.51035803571361,14.743501581625637,1514.8060606060606,-9.188433874419871,-0.006065749347968452,,,RED_FLAG_NEGATIVE,ok
1118,Suruí Forest Carbon Project,Brazil,forest,REDD,247460,249340.54664610932,278.68576107431574,553.2051110977864,98.50497885690899,1499.7575757575758,-274.5193500234706,-0.18304248263910392,,,RED_FLAG_NEGATIVE,ok
2980,Feijó REDD+ Project,Brazil,forest,REDD,238463,738178.3805216363,3752.805120960088,11929.857678230783,217.8917448071149,1445.230303030303,-8177.052557270695,-5.657958140045477,,,RED_FLAG_NEGATIVE,ok
1052,North Pikounda REDD+,Congo,forest,REDD,231110,56348.83384954046,1.0067684005505968,1.929639434388644,91.66666666666669,1400.6666666666667,-0.9228710338380472,-0.0006588798432922754,,,RED_FLAG_NEGATIVE,ok
2538,Pendjari and W-Benin National Parks REDD+ Project,Benin,forest,REDD,228923,1276903.6601516854,25.857673408112472,207.72863970076557,703.3539461272401,1387.4121212121213,-181.8709662926531,-0.13108647640598697,,,RED_FLAG_NEGATIVE,ok
2498,Afforestation of degraded grasslands in Caazapa and Guairá,Paraguay,forest,ARR,204819,3823.8978739258678,0.25020285617739074,49.892882049540106,19840.972222222223,1241.3272727272727,-49.64267919336272,-0.03999161243295226,,,RED_FLAG_NEGATIVE,ok
904,"Reduced Emissions from Deforestation and Degradation in Community Forests – Oddar Meanchey, Cambodia",Cambodia,forest,REDD,204792,64226.16276287097,148.83089637872692,873.5836714853516,486.9639253279515,1241.1636363636364,-724.7527751066247,-0.5839300748691016,,,RED_FLAG_NEGATIVE,ok
1202,LOWER ZAMBEZI REDD+ PROJECT,Zambia,forest,REDD,189117,50138.65106383654,156.96290281751166,255.32283675627875,62.66444629475437,1146.1636363636364,-98.35993393876709,-0.08581665899890845,,,RED_FLAG_NEGATIVE,ok
3602,Udzungwa Corridor Reforestation,Tanzania,forest,ARR,178047,7516.5851826499475,64.83988990014181,263.4809555974854,306.35626618624025,1079.0727272727272,-198.64106569734355,-0.1840849654308227,,,RED_FLAG_NEGATIVE,ok
2556,Southern Paraguay Sustainable Afforestation Project,Paraguay,forest,ARR,170514,1981.385170330291,0.4919701654702166,9.267545465195376,1783.76168224299,1033.418181818182,-8.775575299725158,-0.008491794952054677,,,RED_FLAG_NEGATIVE,ok
3892,RESTORATION OF HOMESTEAD LAND OF POOR RURAL COMMUNITIES IN ASSAM & MEGHALAYA,India,forest,ALM; ARR,170282,408390.0511032453,780.0537215803073,1224.5453324311368,56.98217937481741,1032.0121212121212,-444.4916108508295,-0.4307038664708358,,,RED_FLAG_NEGATIVE,ok
2451,Shanxi Loufan Afforestation Project,China,forest,ARR,163968,24793.954281206086,2.565510585581196,15.528759101115977,505.28922345483363,993.7454545454545,-12.963248515534781,-0.013044838048053516,,,RED_FLAG_NEGATIVE,ok
2512,"AFFORESTATION OF DEGRADED GRASSLANDS IN VICHADA, COLOMBIA",Colombia,forest,ARR,139489,9481.78286892901,0.8626837786225993,30.415380096749903,3425.669642857143,845.3878787878788,-29.552696318127303,-0.03495755860670738,,,RED_FLAG_NEGATIVE,ok
2401,Reforestation of Degraded Lands in Sierra Leone,Sierra Leone,forest,ARR,126297,1161.5883665178928,0.3370534174295852,9.565805795799875,2738.0681818181815,765.4363636363636,-9.22875237837029,-0.01205685125086976,,,RED_FLAG_NEGATIVE,ok
1493,"Mangrove restoration and coastal greenbelt protection in the East coast of Aceh and North Sumatra Province, Indonesia",Indonesia,forest,ARR,124706,5108.182814146218,2.0996932405655064,3.4025006415272476,62.04751131221714,755.7939393939394,-1.3028074009617412,-0.001723760052913952,,,RED_FLAG_NEGATIVE,ok
1532,COMACO Landscape Management Project,Zambia,forest,REDD,122047,887722.9314296346,2180.9798659446747,2916.783702834333,33.73730534513442,739.6787878787878,-735.8038368896582,-0.9947613057821463,,,RED_FLAG_NEGATIVE,ok
2928,"North Bandai Bamboo Reforestation Project, Ghana",Ghana,forest,ARR,107907,2619.326399717587,1.1227706852096189,8.792473630751125,683.1050228310503,653.9818181818182,-7.6697029455415064,-0.011727700575628537,,,RED_FLAG_NEGATIVE,ok
4016,Amazon Biome Conservancy Grouped REDD+ Project,Brazil,forest,REDD,97926,7681.906896694278,64.99227880019392,86.0091044013121,32.33741913517191,593.4909090909091,-21.016825601118185,-0.03541221150853196,,,RED_FLAG_NEGATIVE,ok
2566,The Serra do Amolar REDD+ Project,Brazil,forest,REDD,90592,136012.323491845,85.48343401816997,3897.1734263846,4458.980896294169,549.0424242424242,-3811.68999236643,-6.942432540847547,,,RED_FLAG_NEGATIVE,ok
963,The Purus Project,Brazil,forest,REDD,89868,36054.71663328496,50.60882578782287,199.84586384125694,294.88342345485205,544.6545454545454,-149.23703805343408,-0.2740031076558577,,,RED_FLAG_NEGATIVE,ok
3002,Hiwi REDD+ Project,Brazil,forest,REDD,88084,405.005117983757,0.4919384986496395,0.6870175584589793,39.655172413793096,533.8424242424243,-0.19507905980933976,-0.00036542442292063324,,,RED_FLAG_NEGATIVE,ok
1328,Araku Valley Livelihood Project,India,forest,ARR,80660,498888.0078862515,406.12267434940975,677.566564790621,66.83790578205272,488.8484848484849,-271.44389044121124,-0.555272029789237,,,RED_FLAG_NEGATIVE,ok
576,"Restoration of degraded areas and reforestation in Cáceres and Cravo Norte, Colombia",Colombia,forest,ARR,80000,1363.4695867048217,2.5330900821338,8.387807930371425,231.12947658402203,484.8484848484849,-5.854717848237625,-0.012075355561990101,,,RED_FLAG_NEGATIVE,ok
3155,NIGER DELTA MANGROVE PROJECT,Nigeria,forest,ARR,79406,583.5583490205382,0.015441045486770505,0.1029403032451367,566.6666666666667,481.24848484848485,-0.0874992577583662,-0.0001818172119251747,,,RED_FLAG_NEGATIVE,ok
4094,Curuá Grouped REDD+ Project,Brazil,forest,REDD,73615,244516.5073302838,5226.028932188044,9505.436412079767,81.8864100337082,446.1515151515151,-4279.407479891724,-9.591825499995034,,,RED_FLAG_NEGATIVE,ok
1674,Gilé National Reserve REDD Project,Mozambique,forest,REDD,68821,153797.07810976982,372.49598066880714,614.0084177731495,64.83625317801092,417.0969696969697,-241.51243710434238,-0.5790318670495415,,,RED_FLAG_NEGATIVE,ok
1396,Rio Pepe y ACABA REDD+ Project,Colombia,forest,REDD,68454,4191.69209630109,1.323037639096262,3.061971863397223,131.4349775784753,414.8727272727273,-1.738934224300961,-0.00419148840111109,,,RED_FLAG_NEGATIVE,ok
1398,Reducing Emissions from Deforestation and Carbon Enhancement in Xe Pian National Protected Area,Lao,forest,REDD,64981,142934.0249542143,164.82848569697592,1213.483872448693,636.2100472606337,393.8242424242424,-1048.6553867517173,-2.6627497085922553,,,RED_FLAG_NEGATIVE,ok
1390,Carmen del Darién (CDD) REDD+ Project,Colombia,forest,REDD,62400,141204.67755595897,31.97853669290424,264.53014535486074,727.2115384615385,378.1818181818182,-232.5516086619565,-0.614920119058058,,,RED_FLAG_NEGATIVE,ok
962,Forteko afforestation on degraded grasslands under extensive grazing,Uruguay,forest,ARR,55965,16909.85977058175,0.15188052197537952,341.9302783221515,225031.0924369748,339.1818181818182,-341.7783978001761,-1.0076554210136524,,,RED_FLAG_NEGATIVE,ok
2483,Tavolo Community Forest Conservation Project,Papua New Guinea,forest,REDD,54532,21948.5490727166,43.347344188496585,72.53287266087384,67.32945009379014,330.4969696969697,-29.18552847237725,-0.0883080062704879,,,RED_FLAG_NEGATIVE,ok
1558,"Agroforestry and forest restoration for ecological connectivity, poverty reduction and biodiversity conservation in Cerro San Gil, Caribbean Guatemala",Guatemala,forest,ARR,51827,753442.2432285396,5434.820437537123,9617.975157971667,76.96951110918778,314.1030303030303,-4183.154720434543,-13.317778935143837,,,RED_FLAG_NEGATIVE,ok
1133,Yacumama Forest Carbon Project,Peru,forest,REDD,51013,2881.682260525314,0.0912365570888209,0.4181675533237625,358.33333333333337,309.169696969697,-0.3269309962349416,-0.0010574483833290604,,,RED_FLAG_NEGATIVE,ok
2410,"REFORESTATION OF DEGRADED FOREST RESERVE AREAS IN GHANA, WEST AFRICA",Ghana,forest,ARR,46229,5518.1728173947495,50.48094520525068,235.57731725376917,366.66582072886,280.1757575757576,-185.0963720485185,-0.6606437817821184,,,RED_FLAG_NEGATIVE,ok
2367,"Afforestation in Eucalyptus and Acacia plantations for Burapha Agroforestry Co., Ltd.",Lao,forest,ARR,44946,4081.784920574264,95.73812532009033,273.0189339770683,185.1726342710997,272.4,-177.28080865697797,-0.6508106044676137,,,RED_FLAG_NEGATIVE,ok
872,Afognak Forest Carbon Project,United States,forest,IFM,40451,3410.8629232009785,0.0649978115956331,0.6567487213308763,910.4166666666667,245.15757575757576,-0.5917509097352431,-0.002413757388106972,,,RED_FLAG_NEGATIVE,ok
1530,Grouped Project for Commercial Forest Plantations Initiatives in the Department of Vichada,Colombia,forest,ARR,39506,3090.722873297492,0.0077047185652519955,0.8712258685323412,11207.692307692309,239.43030303030304,-0.8635211499670892,-0.003606565831634934,,,RED_FLAG_NEGATIVE,ok
1496,Jubilación Segura : Agroforestry And Reforestation With Smallscale Farmers in Peru,Peru,forest,ARR,36439,3191.2917779737063,61.69411408820088,69.82885046104953,13.18559556786704,220.84242424242424,-8.13473637284865,-0.036835025701035355,,,RED_FLAG_NEGATIVE,ok
2412,Mindanao Tree Planting Program for our Climate and Communities (MinTrees),Philippines,forest,ARR,33015,1049.756429029269,3.094531146809992,4.046928638404413,30.776794493608612,200.0909090909091,-0.9523974915944211,-0.004759823901653172,,,RED_FLAG_NEGATIVE,ok
687,"Reforestation of pastures in Sociedad Agrícola de Interés Social “José Carlos Mariátegui” - Joven Forestal Project, Perú",Peru,forest,ARR,31737,1468.4112451471221,0.007680397690211881,0.03544798933943945,361.53846153846155,192.34545454545454,-0.02776759164922757,-0.00014436312890703435,,,RED_FLAG_NEGATIVE,ok
2290,BLUE CARBON PROJECT GULF OF MORROSQUILLO “VIDA MANGLAR”,Colombia,forest,REDD,31310,28004.939344120896,20.262543990408272,47.839691684250575,136.09913793103453,189.75757575757575,-27.577147693842303,-0.1453283094693063,,,RED_FLAG_NEGATIVE,ok
2365,Integrated Project for Reforestation and Agroforestry on Degraded lands in Nicaragua,Nicaragua,forest,ARR,29287,2242.1468986419327,21.37988553625551,42.02396004942344,96.5583958724203,177.4969696969697,-20.644074513167926,-0.1163066307464987,,,RED_FLAG_NEGATIVE,ok
2532,Cumare carbon project,Colombia,forest,ARR,29180,5682.324991281778,0.3400856838443,4.666516627749913,1272.1590909090914,176.84848484848484,-4.3264309439056134,-0.02446405434353757,,,RED_FLAG_NEGATIVE,ok
4788,Rizome Kawayan Project 1,Philippines,forest,ARR,26459,823.1675375635443,0.4455770476809319,1.1888141722962569,166.80327868852456,160.35757575757575,-0.7432371246153249,-0.004634873788182796,,,RED_FLAG_NEGATIVE,ok
1740,Reforestation with Teak  CO2e TEAKMEX,Mexico,forest,ARR,25329,6158.370053920007,51.39210004453918,270.2756145329802,425.9088737349607,153.5090909090909,-218.88351448844105,-1.4258667886846215,,,RED_FLAG_NEGATIVE,ok
142,"Reforestation of degraded grasslands in Uchindile & Mapanda, Tanzania",Tanzania,forest,ARR,25000,13355.994674766494,35.99420757533243,209.89078779058698,483.1237911025146,151.5151515151515,-173.89658021525455,-1.14771742942068,,,RED_FLAG_NEGATIVE,ok
2971,OKA 2 PROJECT,Congo,forest,ARR,19976,2743.5942396814976,0.10984194379494051,0.2512125936791695,128.7037037037037,121.06666666666666,-0.14137064988422898,-0.001167709112479865,,,RED_FLAG_NEGATIVE,ok
961,‘El Arriero ’ Afforestation on degraded grasslands under extensive grazing project,Uruguay,forest,ARR,18271,4643.841525703372,2.448621643822941,38.41868377595064,1468.9922480620157,110.73333333333333,-35.9700621321277,-0.3248349981829714,,,RED_FLAG_NEGATIVE,ok
4243,"Afforestation project with native and exotic species on degraded grasslands in Northeast, Argentina.",Argentina,forest,ARR,18012,2316.8621900367943,0.0,0.6146962332040948,,109.16363636363636,-0.6146962332040948,-0.0056309614967063985,,,RED_FLAG_NEGATIVE,ok
1881,Conservation of Panama Forests - Reduction of GHG Emissions from Deforestation. Grouped Project,Panama,forest,REDD,17170,7426.686862419665,6.049031207894718,12.395660446076487,104.91976351351353,104.06060606060606,-6.3466292381817695,-0.060989739330226674,,,RED_FLAG_NEGATIVE,ok
1055,Reforesting Degraded Lands in Chile through the use of Mycorrhizal Inoculation,Chile,forest,ARR,16864,5976.286066223195,0.1258896224898153,53.82380835832412,42654.7619047619,102.2060606060606,-53.69791873583431,-0.5253887921852859,,,RED_FLAG_NEGATIVE,ok
920,EDS GREEN CARBON PROJECT,Uruguay,forest,ARR,14746,10555.586650493204,45.03378256691153,212.66639297243827,372.23746452223276,89.36969696969697,-167.63261040552675,-1.8757209220745905,,,RED_FLAG_NEGATIVE,ok
3430,Juruá REDD+ Project,Brazil,forest,REDD,13798,552674.12957109,4053.0277769486675,6330.93292075507,56.202554464636044,83.62424242424242,-2277.9051438064025,-27.239770164375738,,,RED_FLAG_NEGATIVE,ok
799,Bukaleba Forest Project,Uganda,forest,ARR,11903,1753.2691141216212,2.426741902750751,33.1986037217269,1268.031914893617,72.13939393939394,-30.771861818976145,-0.42656113585911654,,,RED_FLAG_NEGATIVE,ok
1543,Bosques del Uruguay Afforestation through High Quality Timber in Grasslands Project,Uruguay,forest,ARR,11499,2001303.7435215148,1930.4068986513928,8155.521712290848,322.47682175133133,69.69090909090909,-6225.114813639455,-89.32463207674668,,,RED_FLAG_NEGATIVE,ok
4511,Silvador Climate Action,Romania,forest,IFM,11096,1523.1455380469909,0.14999702566721082,0.35624293595962564,137.49999999999994,67.24848484848485,-0.20624591029241482,-0.0030669227828270047,,,RED_FLAG_NEGATIVE,ok
994,"TIST Program in India, VCS-001",India,forest,ARR,11047,2401.4207457249995,0.22713244541140323,0.5943298988265051,161.66666666666666,66.95151515151515,-0.3671974534151019,-0.0054845279092506395,,,RED_FLAG_NEGATIVE,ok
3970,Carbon In Flavor and Arome Forests (C-BOSAR),Colombia,forest,ARR,10247,17.468941045740785,0.06160552870483175,0.951261840295196,1444.1176470588234,62.1030303030303,-0.8896563115903643,-0.014325489549371535,,,RED_FLAG_NEGATIVE,ok
3570,Bamboo plantations by farmers and community in the country,India,forest,ARR,10077,836.9559285692219,1.7358885802549213,2.069179187663866,19.19999999999998,61.07272727272727,-0.33329060740894456,-0.005457274012352471,,,RED_FLAG_NEGATIVE,ok
1911,King County Rural Forest Carbon Project,United States,forest,IFM,9195,141.82568845886124,0.03362751524766555,0.15111624135987978,349.38271604938274,55.72727272727273,-0.11748872611221423,-0.002108280566450826,,,RED_FLAG_NEGATIVE,ok
3450,"Sustainable Agroforestry Cacao Meta, Colombia",Colombia,forest,ARR,8405,1781.274924979155,0.11100898658924058,7.148702937622647,6339.751552795031,50.93939393939394,-7.037693951033407,-0.13815817988346366,,,RED_FLAG_NEGATIVE,ok
1769,"Grouped Project for restoration of degraded lands in Jaguar Corridors, Colombia",Colombia,forest,IFM; REDD,6835,4341.662671906564,16.310695064581008,23.89478092186571,46.497625191667595,41.42424242424242,-7.584085857284702,-0.18308327234118155,,,RED_FLAG_NEGATIVE,ok
2647,Reforestation grouped project Norteak Nicaragua,Nicaragua,forest,ARR,6357,684.4146021300473,2.205797034298217,7.166951836611074,224.91438356164383,38.527272727272724,-4.961154802312857,-0.12876994531722846,,,RED_FLAG_NEGATIVE,ok
5172,Project Akwaaba | Forest Ecosystem Restoration in Ghana,Ghana,forest,ARR,4965,902.3601710609478,16.315440814368287,68.30712552061419,318.6655224200815,30.09090909090909,-51.991684706245906,-1.7278203376698036,,,RED_FLAG_NEGATIVE,ok
3019,REGENERATING DEGRADED LANDS IN FLORIDA THROUGH PONGAMIA,United States,forest,ARR,4133,519.8089241281621,0.3274866523824817,1.7182941637352436,424.6913580246914,25.048484848484847,-1.3908075113527618,-0.055524616349674746,,,RED_FLAG_NEGATIVE,ok
2411,Bosques del Uruguay II (BDU II) Afforestation through High Quality Timber in Grasslands Project,Uruguay,forest,ARR,4066,1059.3521192601931,0.012980407624034995,5.265177842499195,40462.50000000001,24.64242424242424,-5.2521974348751606,-0.21313639369267132,,,RED_FLAG_NEGATIVE,ok
3623,Bugnavilla Afforestation Through High-Quality Timber Over Degraded Grasslands,Uruguay,forest,ARR,4017,926.972485352375,0.22784089526647308,85.798371417489,37557.142857142855,24.345454545454544,-85.57053052222253,-3.514846287320567,,,RED_FLAG_NEGATIVE,ok
3342,XiCO2e: Mexican Reforestation Project,Mexico,forest,ARR,3726,1078.3232559399787,0.7670977632304217,4.7413515171097576,518.0896027049873,22.581818181818182,-3.974253753879336,-0.17599352372251487,,,RED_FLAG_NEGATIVE,ok
4821,Land Life Reforestation and Restoration of Degraded Land in Portugal,Portugal,forest,ARR,2000,358.7888963784126,10.118755438647227,13.385995010220874,32.28894691035683,12.121212121212121,-3.267239571573647,-0.26954726465482587,,,RED_FLAG_NEGATIVE,ok
4739,Land Life Reforestation and Restoration of Degraded Land in Spain - B,Spain,forest,ARR,1990,213.2206992322691,0.009098459406016031,0.20168251683335536,2116.666666666667,12.06060606060606,-0.19258405742733933,-0.015968024862065826,,,RED_FLAG_NEGATIVE,ok
1695,PAYMENT FOR ENVIRONMENTAL SERVICES SCHEME FOR FOREST MANAGEMENT AND CONSERVATION OF WATER SOURCES IN THE JURISDICTION OF CORPOCHIVOR,Colombia,forest,REDD,1662,2454.155962493498,1.6259855285443376,1.9440615297486314,19.56204379562044,10.072727272727272,-0.3180760012042938,-0.031577942357827,,,RED_FLAG_NEGATIVE,ok
3419,Reforestation of degraded land in Spain,Spain,forest,ARR,1245,153.71426745121107,1.4565507928157502,3.7099826353241756,154.71014492753628,7.545454545454546,-2.2534318425084257,-0.298647593585454,,,RED_FLAG_NEGATIVE,ok
2471,Agroforestry and reforestation with small-scale farmers in Uganda,Uganda,forest,ARR,1214,532.539451234102,0.4388852641150072,0.8132285776248663,85.29411764705883,7.357575757575757,-0.3743433135098591,-0.05087862168791331,,,RED_FLAG_NEGATIVE,ok
1351,Planting for the Future: Financially sustainable agroforestry systems and payments for ecosystem services,Peru,forest,ARR,719,19.28557559811896,0.14750955060599538,0.23180072238084992,57.14285714285716,4.357575757575757,-0.08429117177485454,-0.019343592966413074,,,RED_FLAG_NEGATIVE,ok
4056,La Yesca Landfill Gas Project,Chile,methane,Energy industries (renewable/n,100829,"-34.228,-70.704",,3322.2158727720303,,411.0771363339856,3322.2158727720303,8.08173352183919,11,0.11011113655727313,RED_FLAG_LOW_CAPTURE,ok
833,Winchester Landfill Gas Project,United States,methane,Waste handling and disposal,35318,"39.144,-78.099",,2315.936511661484,,143.9905414220483,2315.936511661484,16.08394890934732,1,0.058534476151053075,RED_FLAG_LOW_CAPTURE,ok
1228,El Panul,Chile,methane,Waste handling and disposal,10000,"-30.019,-71.358",,1626.403260739973,,40.76973255055447,1626.403260739973,39.89241917943005,5,0.024454410378905292,RED_FLAG_LOW_CAPTURE,ok
2403,Riau Ecosystem Restoration Carbon Project,Indonesia,forest,REDD; WRC,6870411,130849.11833300405,44.77036307849269,23.06027379763787,-48.492100103794264,41638.854545454546,21.710089280854824,0.0005213901659363677,,,SEVERE_UNDERDELIVERY,ok
2297,REDD+ Project Pueblos indígenas resguardando la selva,Colombia,forest,REDD,2365816,37269.505881215046,231.53606555368793,198.77387744691012,-14.149928663783488,14338.278787878788,32.76218810677781,0.002284945675242005,,,SEVERE_UNDERDELIVERY,ok
612,The Kasigau Corridor REDD Project - Phase II The Community Ranches,Kenya,forest,REDD,1461479,174966.11834897724,7.986138227029496,1.1537577576837545,-85.55299539170507,8857.448484848484,6.8323804693457415,0.0007713711777193155,,,SEVERE_UNDERDELIVERY,ok
1395,Bajo Calima y Bahía Málaga (BCBM) REDD+ Project,Colombia,forest,REDD,1050286,862.5863137652459,0.7854746951487347,0.6180784486416272,-21.311475409836078,6365.369696969697,0.1673962465071075,2.629796138734853e-05,,,SEVERE_UNDERDELIVERY,ok
3960,Belize Maya Forest REDD+ Project,Belize,forest,REDD,736688,38304.15301805009,706.1634924621882,432.70691979494154,-38.7242579921234,4464.775757575758,273.45657266724663,0.06124754915255263,,,SEVERE_UNDERDELIVERY,ok
4456,CREATING LIVELIHOOD OPPORTUNITIES AND CARBON CREDIT INCOME FOR SMALLHOLDER FARMERS THROUGH HORTICULTURAL PLANTATIONS IN BANGLADESH,Bangladesh,forest,ARR,567407,2059.8615528431496,0.003700483012491418,0.0,-100.0,3438.830303030303,0.003700483012491418,1.0760877061105766e-06,,,SEVERE_UNDERDELIVERY,ok
2897,Forest Conservation in Boumba-et-Ngoko,Cameroon,forest,IFM,362095,7349.515062914295,0.5145334134584494,0.0,-100.0,2194.5151515151515,0.5145334134584494,0.00023446336795770212,,,SEVERE_UNDERDELIVERY,ok
2317,REDD+ Project Magnolios de Yarumal,Colombia,forest,REDD,329260,7502.767399802762,5.545653037607043,2.4121284295968715,-56.50415896487985,1995.5151515151515,3.133524608010172,0.0015702835458958828,,,SEVERE_UNDERDELIVERY,ok
3739,Selva de Urundel REDD+ Project,Argentina,forest,REDD,317475,47158.49703901796,78.23110218556212,20.039214112388514,-74.38459442274504,1924.090909090909,58.19188807317361,0.030243835048660985,,,SEVERE_UNDERDELIVERY,ok
3867,Vega-Hereko Istanbul Waste to Energy Project,Turkey,methane,Energy industries (renewable/n,317033,"41.142,29.366",,2719.0821746849247,,1292.5350619699936,2719.0821746849247,2.103681559354131,1,0.3221980028801981,SEVERE_LOW_CAPTURE,ok
4562,IÇARA LANDFILL GAS PROJECT,Brazil,methane,Energy industries (renewable/n,290881,"-28.787,-49.337",,2223.5729200551928,,1185.9140574037835,2223.5729200551928,1.874986560934326,1,0.34782771286242664,SEVERE_LOW_CAPTURE,ok
1326,Laguna Seca Forest Carbon Project,Belize,forest,REDD,255935,8476.982811161279,0.18458921428589017,0.017039004395620637,-90.76923076923076,1551.121212121212,0.16755020989026953,0.00010801877285988424,,,SEVERE_UNDERDELIVERY,ok
562,The Kasigau Corridor REDD Project – Phase I Rukinga Sanctuary,Kenya,forest,REDD,251432,30393.2791280684,0.44439715537451036,0.40270314308536864,-9.382151029748286,1523.830303030303,0.04169401228914171,2.7361322455806673e-05,,,SEVERE_UNDERDELIVERY,ok
3601,CAAPII REDD+ PROJECT,Brazil,forest,REDD,228338,841.6911289793106,15.017076322389459,11.554770141965589,-23.05579399141631,1383.8666666666666,3.4623061804238695,0.0025019073468714736,,,SEVERE_UNDERDELIVERY,ok
958,BIOCORREDOR MARTIN SAGRADO REDD+ PROJECT,Peru,forest,REDD,219722,420.14828204140287,0.042695980355385243,0.005489483188549532,-87.14285714285714,1331.648484848485,0.03720649716683571,2.794017910144588e-05,,,SEVERE_UNDERDELIVERY,ok
4394,Jatobá REDD+ Project,Brazil,forest,REDD,187491,18145.06539211982,0.999068750777003,0.0,-100.0,1136.3090909090909,0.999068750777003,0.0008792227033735246,,,SEVERE_UNDERDELIVERY,ok
1440,"Landfill Gas to Energy Facility at the Nejapa Landfill Site, El Salvador",El Salvador,methane,Waste handling and disposal,183725,"13.864,-89.231",,1439.9861154331866,,749.0419112850619,1439.9861154331866,1.922437307897412,3,0.3421801375508253,SEVERE_LOW_CAPTURE,ok
4025,"Strengthening rural livelihoods of smallholder farmers in tribal districts of Odisha,India",India,forest,ARR,159512,281.6525923040603,0.0037898360292356434,0.0,-100.0,966.739393939394,0.0037898360292356434,3.920225091678878e-06,,,SEVERE_UNDERDELIVERY,ok
1399,Mutatá REDD+ Project,Colombia,forest,REDD,156476,42643.19240693867,28.795965672179566,20.728346201955365,-28.016492178341885,948.339393939394,8.067619470224201,0.00850710148896312,,,SEVERE_UNDERDELIVERY,ok
3630,Selva Paranaense Vida Nativa - GS1,Argentina,forest,IFM,151631,26.87644143028296,0.37421385887086966,0.16169734642568442,-56.79012345679012,918.9757575757576,0.21251651244518524,0.0002312536655001653,,,SEVERE_UNDERDELIVERY,ok
3895,ITVR SAO LEOPOLDO LANDFILL GAS PROJECT,Brazil,methane,Waste handling and disposal,149307,"-29.746,-51.197",,1052.071890256519,,608.7206457925636,1052.071890256519,1.728332852727059,5,0.3665241940698207,SEVERE_LOW_CAPTURE,ok
1916,Quebec Forestry Sector Carbon Sequestration Grouped Project Pivot,Canada,forest,ARR; IFM,127162,1965.2625935960589,0.49105375269710255,0.3728371085292815,-24.07407407407409,770.6787878787878,0.11821664416782107,0.00015339288692919645,,,SEVERE_UNDERDELIVERY,ok
2709,Juruena River REDD+ Project,Brazil,forest,REDD,100588,96575.44289426514,553.5398315991828,456.4521548793515,-17.539420142421168,609.6242424242424,97.08767671983128,0.1592582282058711,,,SEVERE_UNDERDELIVERY,ok
1806,Riscales REDD+ Project,Colombia,forest,REDD,100537,261.662705491742,0.3616204237574691,0.3005599259754702,-16.88524590163935,609.3151515151516,0.0610604977819989,0.00010021168459402824,,,SEVERE_UNDERDELIVERY,ok
1327,Reforestation of deforested land in Madagascar,Madagascar,forest,ARR,94452,10.894668976808058,0.0,0.0,,572.4363636363636,0.0,0.0,,,SEVERE_UNDERDELIVERY,ok
3812,Painted Forest Carbon Project,Canada,forest,IFM,94169,32557.0821854197,89.60666159339883,47.11014898586774,-47.42561752871032,570.7212121212121,42.49651260753109,0.07446107084329906,,,SEVERE_UNDERDELIVERY,ok
5085,Tond Tenga,Burkina Faso,forest,ARR,92592,19091.178911429724,0.21326050380373898,0.0,-100.0,561.1636363636363,0.21326050380373898,0.00038003264998722283,,,SEVERE_UNDERDELIVERY,ok
4143,Urupianga Grouped REDD Project,Brazil,forest,REDD,88272,13096.14805909279,19.380825940308856,7.042488240148962,-63.66260002623638,534.9818181818182,12.338337700159894,0.02306309725084265,,,SEVERE_UNDERDELIVERY,ok
856,The Chocó-Darién Conservation Corridor REDD Project,Colombia,forest,REDD,80938,25.44213582307333,0.17019293836514376,0.054704873045939066,-67.85714285714285,490.53333333333336,0.11548806531920469,0.00023543367488285816,,,SEVERE_UNDERDELIVERY,ok
2792,Restoration of Degraded Mangroves and Sustainable Development in Myanmar,Myanmar,forest,ARR,70285,1008.4444994812923,4.168428769227926,0.11102824291868774,-97.33644859813083,425.969696969697,4.057400526309238,0.009525091937696867,,,SEVERE_UNDERDELIVERY,ok
647,Boden Creek Ecological Preserve Forest Carbon Project,Belize,forest,REDD,57718,5477.736606487351,20.314607580893906,6.675344639669668,-67.14017431501902,349.8060606060606,13.639262941224239,0.03899092805194219,,,SEVERE_UNDERDELIVERY,ok
1882,REDD+ PROJECT IN THE ALTO HUAYABAMBA CONSERVATION CONCESSION (CCAH),Peru,forest,REDD,53179,445.7520828911119,0.5058095190554175,0.11874009423165152,-76.5247410817031,322.2969696969697,0.38706942482376594,0.0012009713438748638,,,SEVERE_UNDERDELIVERY,ok
3280,Carpathia Forest Carbon Project,Romania,forest,IFM,50224,13961.792066818089,34.38125022329303,23.183368556753088,-32.569733775863284,304.3878787878788,11.197881666539942,0.036788198370880265,,,SEVERE_UNDERDELIVERY,ok
2834,"Mangrove Restoration Project with Sine Saloum and Casamance communities, Senegal",Senegal,forest,ARR; WRC,49249,17258.800417779694,0.039670815759142754,0.0,-100.0,298.4787878787879,0.039670815759142754,0.00013291000020829974,,,SEVERE_UNDERDELIVERY,ok
3357,Climate Resilient & Community Driven Mangrove Afforestation Programme,Sri Lanka,forest,ARR; WRC,45484,936.115190958051,0.0,0.0,,275.6606060606061,0.0,0.0,,,SEVERE_UNDERDELIVERY,ok
1343,Kuzuko Lodge Private Game Reserve thicket restoration project,South Africa,forest,ARR,44206,5197.060939621821,0.004985277218313303,0.0,-100.0,267.91515151515154,0.004985277218313303,1.8607671832368793e-05,,,SEVERE_UNDERDELIVERY,ok
4708,Tasar Forest Carbon Project,India,forest,ARR,43299,791.8598297651745,0.047522059277953624,0.0,-100.0,262.41818181818184,0.047522059277953624,0.00018109286082501554,,,SEVERE_UNDERDELIVERY,ok
1684,"Mitigation of GHG: Rubber based agro-forestry system for sustainable development and poverty reduction in Pakkading, Bolikhamsay Province, Lao PDR",Lao,forest,ARR,42497,664.8515520545554,45.30930398619753,17.131627644351898,-62.189603156184724,257.55757575757576,28.17767634184563,0.10940340721473348,,,SEVERE_UNDERDELIVERY,ok
3425,Kwamisa/Other reserves community Forest Project,Ghana,forest,ARR,42252,993.0115249899748,32.19952905380179,12.773917400524258,-60.32886885028511,256.07272727272726,19.42561165327753,0.0758597444568492,,,SEVERE_UNDERDELIVERY,ok
4732,"NatureRe assisted natural regeneration project in degraded lands in Antioquia, Colombia",Colombia,forest,ARR,37467,417.7594317159956,0.949308338359671,0.0,-100.0,227.07272727272726,0.949308338359671,0.004180635648152927,,,SEVERE_UNDERDELIVERY,ok
4709,Strengthening rural livelihood through carbon finance: Agroforestry practices in Gorakhpur Forest Circle of Uttar Pradesh,India,forest,ARR,36813,16.692060941309588,0.0,0.0,,223.1090909090909,0.0,0.0,,,SEVERE_UNDERDELIVERY,ok
3478,CORE CARBON VANAM IN TELANGANA STATE,India,forest,ARR,35139,2599.5331783943307,0.11276264357118615,0.036864710398272396,-67.3076923076923,212.96363636363637,0.07589793317291375,0.00035638916797662906,,,SEVERE_UNDERDELIVERY,ok
1704,"Agricultural Land Management  project in Beed District, India implemented by Godrej Properties Ltd.",India,forest,REDD,33764,3266.48224053666,0.0,0.0,,204.63030303030303,0.0,0.0,,,SEVERE_UNDERDELIVERY,ok
3660,Papariko - Restoration of Degraded Mangrove Areas in Kenya,Kenya,forest,ARR; WRC,30389,220.03548259228677,0.2463280882665158,0.0,-100.0,184.1757575757576,0.2463280882665158,0.0013374620607448453,,,SEVERE_UNDERDELIVERY,ok
4763,Mixed afforestation with native and non-native species in Argentina-I,Argentina,forest,ARR,27594,974.9904555520523,0.6946528176905966,0.0,-100.0,167.23636363636365,0.6946528176905966,0.004153718740267755,,,SEVERE_UNDERDELIVERY,ok
2481,Generation Forest Group Project,Panama,forest,ARR,27000,1834.4258888312615,18.670310795947962,2.3898711593666313,-87.1996176952485,163.63636363636363,16.28043963658133,0.09949157555688593,,,SEVERE_UNDERDELIVERY,ok
2382,Niger Acacia Senegal Plantation Project,Niger,forest,ARR,24957,5425.541011708164,0.0,0.0,,151.25454545454545,0.0,0.0,,,SEVERE_UNDERDELIVERY,ok
3166,ReforesTerra Grouped Project,Brazil,forest,ARR,24516,10.574558055409051,0.03123440075837067,0.0,-100.0,148.5818181818182,0.03123440075837067,0.00021021684308741883,,,SEVERE_UNDERDELIVERY,ok
4892,"Trees For Livelihoods: Agroforestry In Sonbhadra, Uttar Pradesh, India",India,forest,ARR,21675,1011.955629180093,0.02016128348140734,0.0,-100.0,131.36363636363637,0.02016128348140734,0.00015347689847438112,,,SEVERE_UNDERDELIVERY,ok
4557,Strengthening rural livelihood through carbon finance: Agroforestry practices in Bareilly Forest Circle of Uttar Pradesh,India,forest,ARR,18382,1652646.5713698023,32.96601613860104,6.8445628122956546,-79.23751907564856,111.4060606060606,26.121453326305385,0.2344706668937215,,,SEVERE_UNDERDELIVERY,ok
665,"Multi-Species Reforestation in Mato Grosso, Brazil",Brazil,forest,ARR,15512,1994.529105733995,5.112691030191245,1.7030741491342611,-66.68928086838535,94.01212121212122,3.4096168810569836,0.036267843306756205,,,SEVERE_UNDERDELIVERY,ok
2369,Forestal Apepu Carbon Project,Paraguay,forest,ARR,12902,3444.3652278128357,17.020785333346836,6.293623106254993,-63.02389705882352,78.19393939393939,10.727162227091842,0.13718661970780918,,,SEVERE_UNDERDELIVERY,ok
812,Bull Run Overseas Forest Carbon Project,Belize,forest,REDD,12315,4593.600014091464,62.599934033995034,57.521962155974975,-8.111784710927099,74.63636363636364,5.077971878020058,0.06803616401732111,,,SEVERE_UNDERDELIVERY,ok
2744,The Paraguayan Chaco Neem Reforestation Project,Paraguay,forest,ARR,12211,133.34636098483884,6.565099088004109,0.0,-100.0,74.0060606060606,6.565099088004109,0.08871028986329359,,,SEVERE_UNDERDELIVERY,ok
1378,"Forestry Project for the Basin of the Chinchina River, an Environmental and Productive Alternative for the City and the Region",Colombia,forest,ARR,12189,121217.25131995504,454.5048388720119,448.68333895281665,-1.2808444314130938,73.87272727272727,5.821499919195219,0.07880445374249004,,,SEVERE_UNDERDELIVERY,ok
4841,Ana Primavesi – Sustainable Farming and Restoration Program,Brazil,forest,ARR,10870,57.52906351940821,0.0,0.0,,65.87878787878788,0.0,0.0,,,SEVERE_UNDERDELIVERY,ok
2833,Grouped Reforestation Project by Cropzone Agro Forestry Private Limited,India,forest,ARR,10673,980.5765298278125,0.3242093701178953,0.0,-100.0,64.68484848484849,0.3242093701178953,0.005012137737229713,,,SEVERE_UNDERDELIVERY,ok
3553,COMMUNITY PARTICIPATIVE FORESTRY/AGROFORESTRY DEVELOPMENT PROJECT IN INDIA,India,forest,ARR,10371,86.66119152590022,0.015025323678968264,0.0,-100.0,62.85454545454545,0.015025323678968264,0.0002390491184099666,,,SEVERE_UNDERDELIVERY,ok
3361,Participatory Mangrove Afforestation & Restoration in the west coast of India,India,forest,ARR; WRC,9003,186.62902934400614,0.0,0.0,,54.56363636363636,0.0,0.0,,,SEVERE_UNDERDELIVERY,ok
3562,Agroforestry plantations in India,India,forest,ARR,8947,508.629990155886,0.0,0.0,,54.224242424242426,0.0,0.0,,,SEVERE_UNDERDELIVERY,ok
2479,Mahogany Plantation in India,India,forest,ARR,8446,164.53612475969587,0.0,0.0,,51.18787878787879,0.0,0.0,,,SEVERE_UNDERDELIVERY,ok
2610,Unitán afforestation and reforestation of grazing lands project,Argentina,forest,ARR,7468,1614.9833864773009,0.9319399129107129,0.45847291507674315,-50.80445544554454,45.26060606060606,0.4734669978339697,0.010460907156213848,,,SEVERE_UNDERDELIVERY,ok
1361,Reforestation Project in Qinghai Province 2012,China,forest,ARR,6708,1261.924316702714,0.0,0.0,,40.654545454545456,0.0,0.0,,,SEVERE_UNDERDELIVERY,ok
689,"Reforestation of degraded land in Chhattisgarh, India",India,forest,ARR,5007,85.97170281288969,0.0,0.0,,30.345454545454544,0.0,0.0,,,SEVERE_UNDERDELIVERY,ok
4463,Land Life Reforestation and Restoration on Degraded Land in Australia,Australia,forest,ARR,4500,726.1392016518503,0.0,0.0,,27.272727272727273,0.0,0.0,,,SEVERE_UNDERDELIVERY,ok
4811,Panna Afforestation and Reforestation Project,India,forest,ARR,3968,463.5870235523539,0.009622489108937992,0.0,-100.0,24.048484848484847,0.009622489108937992,0.0004001287053867865,,,SEVERE_UNDERDELIVERY,ok
4627,"Trees for Livelihood in Madhya Pradesh, India",India,forest,ARR,3864,32.26688299661672,0.0,0.0,,23.418181818181818,0.0,0.0,,,SEVERE_UNDERDELIVERY,ok
3049,Rio Preto Grouped REDD+ Project,Brazil,forest,REDD,2925,78.51062596838008,0.0,0.0,,17.727272727272727,0.0,0.0,,,SEVERE_UNDERDELIVERY,ok
2992,HG Afforestation Through High Quality Timber Over Degraded Grasslands,Uruguay,forest,ARR,2056,789.0693436515083,0.027357778968715694,0.0,-100.0,12.460606060606061,0.027357778968715694,0.002195541600115802,,,SEVERE_UNDERDELIVERY,ok
922,Plantation Project on wastelands by Sun Plant Agro Limited,India,forest,ARR,1708,30.972167924852478,0.0,0.0,,10.351515151515152,0.0,0.0,,,SEVERE_UNDERDELIVERY,ok
3786,Silvopastoral carbon project of Uruguay,Uruguay,forest,ARR,405,188.98957630464182,0.08745210862069674,0.07870689775862708,-9.999999999999993,2.4545454545454546,0.008745210862069669,0.003562863684546902,,,SEVERE_UNDERDELIVERY,ok
4004,The Native Ecosystem Restoration in Nicaragua Project,Nicaragua,forest,ARR,164,10.79848038659699,0.0,0.0,,0.9939393939393939,0.0,0.0,,,SEVERE_UNDERDELIVERY,ok
3997,Istanbul Avcikoru Landfill Gas to Electricity Project,Turkey,methane,Energy industries (renewable/n,1099925,"41.146,29.377",,2719.0821746849247,,4484.3648075668625,2719.0821746849247,0.6063472289535362,1,0.6225304105958807,MODERATE_LOW_CAPTURE,ok
2605,İZMIR LANDFILL GAS (LFG) CAPTURE AND UTILIZATION PROJECT,Turkey,methane,Energy industries (renewable/n,618042,"38.533,27.074",,1281.9422514337662,,2519.7407045009786,1281.9422514337662,0.5087595914706026,2,0.6627961178528716,MODERATE_LOW_CAPTURE,ok
4209,Oeste de Caucaia Landfill Project Activity,Brazil,methane,Waste handling and disposal,583545,"-3.789,-38.674",,2375.7973123003494,,2379.0973581213307,2375.7973123003494,0.9986129000523176,6,0.5003470156596223,MODERATE_LOW_CAPTURE,ok
2609,KUAMUT RAINFOREST CONSERVATION PROJECT,Malaysia,forest,IFM,543049,85429.09630071309,1275.4877560840857,132.77793935234425,-89.5900263472548,3291.2060606060604,1142.7098167317415,0.347200933545108,,,MODERATE_UNDERDELIVERY,ok
3670,MEIOESTE UNICARBO LANDFILL GAS TO ENERGY PROJECT,Brazil,methane,Energy industries (renewable/n,207596,"-31.570,-53.729",,690.7781575791753,,846.3633398564906,690.7781575791753,0.8161721155081028,2,0.5506086077751691,MODERATE_LOW_CAPTURE,ok
3738,Triunfo do Xingu Grouped REDD+ Project,Brazil,forest,REDD,110887,15883.983873898143,248.11329715909102,76.00235281082817,-69.36788407511459,672.0424242424242,172.11094434826285,0.2561013086968118,,,MODERATE_UNDERDELIVERY,ok
3813,MOTOR VERDE FORESTRY CARBON PROJECT - GRANDAS DE SALIME (SPAIN),Spain,forest,ARR,1449,86.98171801481435,4.069246882710512,0.11288531642922162,-97.22589167767502,8.781818181818181,3.9563615662812905,0.45051736262002273,,,MODERATE_UNDERDELIVERY,ok
3404,ECOPARQUE PAULÍNIA LANDFILL GAS PROJECT,Brazil,methane,Energy industries (renewable/n,1824929,"-22.778,-47.206",,1087.3430673551163,,7440.186725375082,1087.3430673551163,0.1461445938778237,3,0.8724902646154239,PASS,ok
875,FLORESTAL SANTA MARIA PROJECT,Brazil,forest,REDD,997444,3145031.880121822,37983.275615880535,27084.757054877537,-28.692940206679822,6045.115151515151,10898.518561002998,1.802863682137037,,,PASS,ok
2878,Rio Madeira Grouped REDD+ Project,Brazil,forest,REDD,917817,1161723.7553757962,25186.089062269606,20409.842586137842,-18.963827469691953,5562.527272727273,4776.246476131764,0.8586468419758416,,,PASS,ok
4027,GUAMÁ LANDFILL GAS PROJECT,Brazil,methane,Energy industries (renewable/n,290881,"-1.396,-48.338",,288.8117045377341,,1185.9140574037835,288.8117045377341,0.24353510503957088,1,0.8041590429955564,PASS,ok
1541,Lacandon – Forest for life REDD+ Project,Guatemala,forest,REDD,238875,4146013.142652147,54749.70364337799,46552.22301330385,-14.972648406409467,1447.7272727272727,8197.48063007414,5.662310011354194,,,PASS,ok
1115,JARI/AMAPÁ REDD+ PROJECT,Brazil,forest,REDD,115009,4296059.6670736205,7947.239173633125,7101.568426698062,-10.641063247986533,697.0242424242424,845.6707469350631,1.2132587297018966,,,PASS,ok
2469,Afforestation and restoration of degraded forests in Eastern Paraguay or Forestal Azul Carbon Project,Paraguay,forest,ARR,14248,2094897.57267916,18645.14499069891,13653.591100140182,-26.771333197187552,86.35151515151514,4991.553890558729,57.80505277528007,,,PASS,ok
2496,IMPACT REFORESTATION IN THE CHACO PROJECT,Paraguay,forest,ARR,254,27.565957120368534,1.163909404248949,0.0,-100.0,1.5393939393939393,1.163909404248949,0.7560828807129,,,PASS,ok
4448,Raízes do Bem Grouped ARR Project,Brazil,forest,ARR,204,89.98199179767296,0.9399916131481552,0.0,-100.0,1.2363636363636363,0.9399916131481552,0.760287334163949,,,PASS,ok
3661,Strengthening Rural Livelihood Through Carbon Finance: Agroforestry Practices In Moradabad Forest Circle Of Uttar Pradesh,India,forest,ARR,148,1385585.4289438718,171.05490409246215,89.16036323755586,-47.87617244264389,0.896969696969697,81.8945408549063,91.30134622337526,,,PASS,ok
3004,Ontario Sustainable Community (OSC),Canada,methane,Energy demand; Waste handling ,3037132,"44.874,-101.186",,,,12382.305936073059,,,0,,no_observations,ok
569,Honeywell HFC-23 Destruction Project,United States,methane,Fugitive emissions from produc,2469486,"30.474,-91.186",,,,10068.028375733855,,,0,,no_observations,ok
3827,Kalyoncu Landfill Gas to Electricity Project.,Turkey,methane,Energy industries (renewable/n,760566,"41.008,28.978",,,,3100.807240704501,,,0,,no_observations,ok
1240,Joburg Landfill Gas to Energy Project,South Africa,methane,Energy industries (renewable/n,637423,"-26.095,28.120",,,,2598.756523157208,,,0,,no_observations,ok
3214,CAGLAYANLAR BIOGAS PLANT,Turkey,methane,Energy industries (renewable/n,615151,"34.439,39.072",,,,2507.954174820613,,,0,,no_observations,ok
2964,POLATLI ENERBES BIOGAS PROJECT,Turkey,methane,Waste handling and disposal,529923,"39.472,32.071",,,,2160.481898238748,,,0,,no_observations,ok
2768,Associated Gas Recovery and Utilization at Khamilah oil field area at Block-27 in Wilayat lbri of the Sultanate of Oman,Oman,methane,Fugitive emissions from fuels ,473826,"22.717,56.244",,,,1931.775929549902,,,0,,no_observations,ok
3651,Ege Biogas Project,Turkey,methane,Energy industries (renewable/n,418477,"38.569,28.199",,,,1706.1195368558383,,,0,,no_observations,ok
3448,LANDFILL GAS COLLECTION AND UTILIZATION AT THE MARCA CARIACICA – II LANDFILL,Brazil,methane,Energy industries (renewable/n,410159,"-20.241,-40.365",,,,1672.207273320287,,,0,,no_observations,ok
5443,SANTOS LANDFILL GAS PROJECT,Brazil,methane,Energy industries (renewable/n,391939,"-23.884,-23.884",,,,1597.9248206131767,,,0,,no_observations,ok
2645,BALIKESİR LANDFILL GAS (LFG) CAPTURE AND UTILIZATION PROJECT,Turkey,methane,Energy industries (renewable/n,334919,"39.613,27.853",,,,1365.4558056099152,,,0,,no_observations,ok
2347,FOÇA BIOGAS ENERGY POWER PLANT,Turkey,methane,Energy industries (renewable/n,331795,"38.665,26.938",,,,1352.719341161122,,,0,,no_observations,ok
466,McCommas Bluff Landfill Gas Processing Facility – Gas Production and Distribution Project,United States,methane,Waste handling and disposal,329299,"32.680,-96.728",,,,1342.5432159165034,,,0,,no_observations,ok
4230,TURK CIM BIOGAS PROJECT,Turkey,methane,Energy industries (renewable/n,260983,"40.828,26.354",,,,1064.0207110241358,,,0,,no_observations,ok
2514,PADAS Energy Biogas Plant,Turkey,methane,Waste handling and disposal,247871,"39.475,32.092",,,,1010.5634377038486,,,0,,no_observations,ok
3068,DENIZLI ENERGY BIOGAS PLANT,Turkey,methane,Energy industries (renewable/n,234821,"37.771,29.345",,,,957.3589367253751,,,0,,no_observations,ok
3638,BERGAMA INTEGRATED SOLID WASTE MANAGEMENT FACILITY AND ELECTRICITY GENERATION FACILITY,Turkey,methane,Energy industries (renewable/n,196867,"39.062,27.201",,,,802.6214938030006,,,0,,no_observations,ok
3797,Ödemis Integrated Solid Waste Management Plant,Turkey,methane,Energy industries (renewable/n,187389,"38.198,27.960",,,,763.9799412915851,,,0,,no_observations,ok
3071,KARACABEY BIOGAS PLANT,Turkey,methane,Waste handling and disposal,177460,"40.223,28.367",,,,723.4996738421396,,,0,,no_observations,ok
479,Curva de Rodas and La Pradera landfill gas management project,Colombia,methane,Waste handling and disposal,167321,"6.323,-75.531",,,,682.1632420091324,,,0,,no_observations,ok
3639,2BZ BES ÇUBUK BIOGAS POWER PLANT,Turkey,methane,Waste handling and disposal,159712,"40.225,32.927",,,,651.1415525114155,,,0,,no_observations,ok
3123,EMIN BIOGAS PP KIRSEHIR,Turkey,methane,Energy industries (renewable/n,157527,"39.201,34.095",,,,642.2333659491194,,,0,,no_observations,ok
3637,Kayseri Landfill Gas to Power Generation Project,Turkey,methane,Energy industries (renewable/n,157255,"38.776,35.305",,,,641.1244292237443,,,0,,no_observations,ok
80,Greenville County Landfill Gas Utilization Project,United States,methane,Waste handling and disposal,145008,"34.808,-82.179",,,,591.1937377690803,,,0,,no_observations,ok
613,North Antelope Rochelle Mine CMM Capture and Use Project: Phase II - Porcupine Project,United States,methane,Fugitive emissions from fuels ,135102,"43.551,-105.265",,,,550.8072407045009,,,0,,no_observations,ok
897,Exploitation of the biogas from Controlled Landfill in Solid Waste Management Central – CTRS / BR.040,Brazil,methane,Waste handling and disposal,134160,"-20.084,-45.982",,,,546.9667318982388,,,0,,no_observations,ok
4721,CTR IPATINGA LANDFILL GAS PROJECT,Brazil,methane,Energy industries (renewable/n,131316,"-19.444,-42.511",,,,535.371819960861,,,0,,no_observations,ok
1076,Manaus Landfill Gas Project,Brazil,methane,Waste handling and disposal,125817,"-2.958,-60.015",,,,512.9525440313112,,,0,,no_observations,ok
4138,BRUSQUE LANDFILL GAS PROJECT,Brazil,methane,Energy industries (renewable/n,123555,"-27.012,-48.870",,,,503.7304305283758,,,0,,no_observations,ok
316,PARAMONGA BAGASSE BOILER PROJECT,Peru,methane,Energy industries (renewable/n,123136,"-10.672,-77.817",,,,502.02217873450746,,,0,,no_observations,ok
4904,SF6 Alternate Cover Gas Conversion Project for AMACOR Magnesium Recycling Facility,United States,methane,Fugitive emissions from produc,113726,"40.327,-86.175",,,,463.6578604044358,,,0,,no_observations,ok
3640,3A BES Akyurt Biogas Power Plant,Turkey,methane,"Livestock, enteric fermentatio",113198,"40.122,33.254",,,,461.50521852576645,,,0,,no_observations,ok
5436,CATANDUVA LANDFILL GAS PROJECT,Brazil,methane,Energy industries (renewable/n,109042,"-21.123,-48.928",,,,444.561317677756,,,0,,no_observations,ok
3322,BEYAZ PİRAMİT BIOGAS PROJECT,Turkey,methane,Energy industries (renewable/n,104897,"37.612,32.725",,,,427.66226353555123,,,0,,no_observations,ok
3908,INEGOL INTEGRATED SOLID WASTE STORAGE AND DISPOSAL FACILITY,Turkey,methane,Energy industries (renewable/n,104285,"40.150,29.582",,,,425.1671559034573,,,0,,no_observations,ok
3894,SANTA MARIA LANDFILL GAS PROJECT,Brazil,methane,Energy industries (renewable/n,101103,"-29.660,-53.861",,,,412.19422700587086,,,0,,no_observations,ok
15,"Methane Capture, Flare and Utilization at Tyson Wastewater Treatment Facilities - Amarillo",United States,methane,Waste handling and disposal,100000,"35.260,-101.645",,,,407.69732550554465,,,0,,no_observations,ok
3222,MARDIN LFG POWER PLANT,Turkey,methane,Energy industries (renewable/n,95867,"37.182,41.480",,,,390.84719504240053,,,0,,no_observations,ok
318,Clinton Landfill Gas Collection and Combustion Project,United States,methane,Waste handling and disposal,93520,"40.100,-88.958",,,,381.27853881278537,,,0,,no_observations,ok
5078,CTR Metropolitana Landfill Gas,Brazil,methane,Energy industries (renewable/n,93308,"-9.661,-36.650",,,,380.41422048271363,,,0,,no_observations,ok
3741,Mudurnu Biogas Energy Power Plant,Turkey,methane,Waste handling and disposal,90699,"40.516,31.262",,,,369.777397260274,,,0,,no_observations,ok
16,"Methane Capture, Flare and Utilization at Tyson Wastewater Treatment Facilities - Lexington",United States,methane,Waste handling and disposal,90000,"40.763,-99.740",,,,366.9275929549902,,,0,,no_observations,ok
648,TOWER ABANDONED MINE METHANE UTILIZATION PROJECT,United States,methane,Fugitive emissions from fuels ,88997,"39.794,-110.769",,,,362.8383887801696,,,0,,no_observations,ok
3928,QUATÁ LANDFILL GAS PROJECT,Brazil,methane,Energy industries (renewable/n,85252,"-22.178,-50.698",,,,347.57012393998696,,,0,,no_observations,ok
3283,ASYA LALE BIOGAS PROJECT,Turkey,methane,Energy industries (renewable/n,83551,"37.783,33.099",,,,340.63519243313766,,,0,,no_observations,ok
4173,Akalan Biogas Energy Power Plant,Turkey,methane,Energy industries (renewable/n,81924,"37.363,29.385",,,,334.0019569471624,,,0,,no_observations,ok
947,Spartanburg County Landfill Gas Combustion Project,United States,methane,Waste handling and disposal,75977,"35.001,-82.130",,,,309.7561969993477,,,0,,no_observations,ok
3929,VICTOR GRAEFF LANDFILL GAS PROJECT,Brazil,methane,Energy industries (renewable/n,75693,"-28.501,-52.645",,,,308.5983365949119,,,0,,no_observations,ok
3112,BABIL BIOGAS POWER PLANT,Turkey,methane,Waste handling and disposal,73244,"37.086,38.684",,,,298.61382909328114,,,0,,no_observations,ok
2601,EnviroServ Chloorkop Landfill Gas Recovery Project,South Africa,methane,Energy industries (renewable/n,72643,"26.042,28.168",,,,296.16356816699283,,,0,,no_observations,ok
4206,Kütahya Landfill Gas to Electricity Project,Turkey,methane,Energy industries (renewable/n,71927,"38.964,35.243",,,,293.24445531637315,,,0,,no_observations,ok
4469,Zonguldak Landfill Gas to Electricity Project,Turkey,methane,Energy industries (renewable/n,71518,"41.450,31.925",,,,291.57697325505546,,,0,,no_observations,ok
559,Cambria 33 Abandoned Mine Methane Capture and use Project,United States,methane,Fugitive emissions from fuels ,69446,"40.431,-78.755",,,,283.1294846705806,,,0,,no_observations,ok
684,Orange County Methane Recovery and Destruction Project,United States,methane,Waste handling and disposal,67972,"41.389,-74.400",,,,277.12002609262885,,,0,,no_observations,ok
1393,Anaerobic digestion and heat generation at Sugar Corporation of Uganda Limited,Uganda,methane,Energy industries (renewable/n,67387,"0.377,32.943",,,,274.7349967384214,,,0,,no_observations,ok
2714,BEYLIKOVA BIOGAS POWER PLANT,Turkey,methane,Energy industries (renewable/n,66081,"39.676,31.216",,,,269.410469667319,,,0,,no_observations,ok
4249,Ordu Landfill Gas to Electricity Project,Turkey,methane,Energy industries (renewable/n,65695,"40.799,37.390",,,,267.83675799086757,,,0,,no_observations,ok
3916,GIRUÁ LANDFILL GAS PROJECT,Brazil,methane,Energy industries (renewable/n,65445,"-28.028,-54.389",,,,266.8175146771037,,,0,,no_observations,ok
4130,GIRESUN LANDFILL GAS (LFG) PROJECT,Turkey,methane,Energy industries (renewable/n,64635,"41.031,39.076",,,,263.5151663405088,,,0,,no_observations,ok
3046,BATMAN LANDFILL GAS (LFG) CAPTURE AND UTILIZATION PROJECT,Turkey,methane,Energy industries (renewable/n,59642,"37.803,41.255",,,,243.15883887801698,,,0,,no_observations,ok
4970,Brascarbon Methane Recovery Project BCA-BRA-20,Brazil,methane,Waste handling and disposal,58452,"-19.394,-54.564",,,,238.307240704501,,,0,,no_observations,ok
4289,Brascarbon Methane Recovery Project BCA-BRA-19,Brazil,methane,Waste handling and disposal,57930,"-22.409,-54.436",,,,236.17906066536202,,,0,,no_observations,ok
4288,Brascarbon Methane Recovery Project BCA-BRA-18,Brazil,methane,Waste handling and disposal,57885,"-22.482,-54.303",,,,235.99559686888455,,,0,,no_observations,ok
638,Rockingham County Landfill Gas Combustion Project,United States,methane,Waste handling and disposal,57499,"38.528,-78.855",,,,234.42188519243314,,,0,,no_observations,ok
441,Henrico County Landfill Gas Combustion Project,United States,methane,Waste handling and disposal,56339,"37.679,-77.566",,,,229.69259621656883,,,0,,no_observations,ok
70,Irani Wastewater Methane Avoidance Project,Brazil,methane,Waste handling and disposal,55966,"-26.244,-49.509",,,,228.17188519243314,,,0,,no_observations,ok
3056,Brascarbon Methane Recovery Project BCA-BRA-17,Brazil,methane,Waste handling and disposal,55560,"-22.417,-54.231",,,,226.51663405088064,,,0,,no_observations,ok
2998,Brascarbon Methane Recovery Project BCA-BRA-16,Brazil,methane,Waste handling and disposal,55356,"-19.395,-54.566",,,,225.68493150684932,,,0,,no_observations,ok
686,FC Landfill Energy Facility,United States,methane,Waste handling and disposal,53528,"39.366,-77.333",,,,218.23222439660796,,,0,,no_observations,ok
846,"BRASCARBON Methane Recovery Project BCA-BRA-05, Brazil",Brazil,methane,"Livestock, enteric fermentatio",52511,"-19.154,-54.626",,,,214.08594259621657,,,0,,no_observations,ok
2460,GZL ENERGY BIOGAS PLANT,Turkey,methane,Energy industries (renewable/n,52348,"41.237,36.515",,,,213.42139595564254,,,0,,no_observations,ok
4220,Malatya 2 Landfill Gas Power Plant Project,Turkey,methane,Energy industries (renewable/n,50778,"38.382,38.555",,,,207.0205479452055,,,0,,no_observations,ok
2457,BYZ GLOBAL ENERGY BIOGAS PLANT,Turkey,methane,Energy industries (renewable/n,50576,"38.817,35.551",,,,206.19699934768428,,,0,,no_observations,ok
2414,Davidson County Landfill,United States,methane,Energy industries (renewable/n,50000,"35.837,-80.174",,,,203.84866275277233,,,0,,no_observations,ok
946,Shoosmith Sanitary Landfill Gas Combustion Project,United States,methane,Waste handling and disposal,50000,"37.352,-77.495",,,,203.84866275277233,,,0,,no_observations,ok
1817,Reliance Composting Project in Cape Town,South Africa,methane,Waste handling and disposal,49175,"-33.759,18.796",,,,200.4851598173516,,,0,,no_observations,ok
3842,Sarkisla Biogas Power Plant,Turkey,methane,Energy industries (renewable/n,48943,"39.342,36.367",,,,199.53930202217873,,,0,,no_observations,ok
4106,Bekmezci Biogas Energy Power Plant,Turkey,methane,Energy industries (renewable/n,48533,"40.482,33.316",,,,197.86774298760602,,,0,,no_observations,ok
4262,Sharjah Waste to Energy Plant project,United Arab Emirates,methane,Energy industries (renewable/n,47187,"25.346,55.421",,,,192.38013698630138,,,0,,no_observations,ok
845,"BRASCARBON Methane Recovery Project BCA-BRA-08, Brazil",Brazil,methane,"Livestock, enteric fermentatio",46678,"-23.915,-47.861",,,,190.30495759947814,,,0,,no_observations,ok
4603,BATIKIPAS BIOGAS PLANT,Turkey,methane,Energy industries (renewable/n,45387,"37.768,27.446",,,,185.04158512720156,,,0,,no_observations,ok
878,"BRASCARBON Methane Recovery Project BCA-BRA-02, Brazil.",Brazil,methane,"Livestock, enteric fermentatio",45146,"-23.203,-47.372",,,,184.05903457273322,,,0,,no_observations,ok
847,"BRASCARBON Methane Recovery Project BCA-BRA-07, Brazil",Brazil,methane,"Livestock, enteric fermentatio",45017,"-23.040,-55.180",,,,183.53310502283105,,,0,,no_observations,ok
889,BRASCARBON Methane Recovery Project BCA-BRA-03.,Brazil,methane,"Livestock, enteric fermentatio",43535,"-18.666,-46.540",,,,177.4910306588389,,,0,,no_observations,ok
1794,Interwaste Landfill gas Grouped Project,South Africa,methane,Energy industries (renewable/n,41396,"-25.959,28.181",,,,168.77038486627526,,,0,,no_observations,ok
1116,St Joseph Sanitary Landfill Gas Collection and Control System,United States,methane,Waste handling and disposal,41000,"39.675,-94.775",,,,167.15590345727333,,,0,,no_observations,ok
1550,Uberlandia landfills I and II,Brazil,methane,Waste handling and disposal,40093,"18.878,48.319",,,,163.45808871493801,,,0,,no_observations,ok
17,"Methane Capture, Flare and Utilization at Tyson Wastewater Treatment Facilities - Storm Lake",United States,methane,Waste handling and disposal,40000,"42.641,-95.186",,,,163.0789302022179,,,0,,no_observations,ok
2484,WM ENERGY BIOGAS PLANT,Turkey,methane,Energy industries (renewable/n,38471,"39.588,29.407",,,,156.8452380952381,,,0,,no_observations,ok
4014,Sinop Landfill Gas to Electricity Project,Turkey,methane,Energy industries (renewable/n,37688,"41.949,35.037",,,,153.65296803652967,,,0,,no_observations,ok
834,FULTON COUNTY MUD ROAD LANDFILL CARBON OFFSET PROJECT,United States,methane,Waste handling and disposal,36572,"43.010,-74.472",,,,149.10306588388778,,,0,,no_observations,ok
4205,Yılmazlar Biogas Power Plant Project,Turkey,methane,Energy industries (renewable/n,35855,"39.627,29.353",,,,146.17987606001304,,,0,,no_observations,ok
14,"Methane Capture, Flare and Utilization at Tyson Wastewater Treatment Facilities - Joslin",United States,methane,Waste handling and disposal,35000,"41.546,-90.232",,,,142.69406392694063,,,0,,no_observations,ok
1036,Hillsborough County Waste to Energy (WtE) Facility 2009 Capital Expansion Unit 4,United States,methane,Energy industries (renewable/n,35000,"27.952,-82.340",,,,142.69406392694063,,,0,,no_observations,ok
2259,Royal Dairy Solid Separation Enhanced by Vermicomposting,United States,methane,"Livestock, enteric fermentatio",34759,"46.913,-119.748",,,,141.71151337247227,,,0,,no_observations,ok
4015,Sanergy Composting Group Project,Kenya,methane,Waste handling and disposal,33658,"-1.348,37.055",,,,137.22276581865623,,,0,,no_observations,ok
1883,Pichacay Landfill Gas Renewable Energy Project,Ecuador,methane,Energy industries (renewable/n,33237,"-2.966,-78.931",,,,135.50636007827788,,,0,,no_observations,ok
3890,Elmadag Biogas Power Plant,Turkey,methane,Energy industries (renewable/n,32858,"40.038,33.114",,,,133.96118721461187,,,0,,no_observations,ok
5331,"RE&UP BOTTLE PET RECYCLED CHIPS, FLAKES & NEXT-GEN T2T PET RECYCLED CHIPS PRODUCTION",Turkey,methane,Waste handling and disposal,32355,"40.106,29.500",,,,131.91046966731898,,,0,,no_observations,ok
2751,"MOOH COOPERATIVE GROUPED PROJECT, Reduction of methane emissions in the Swiss dairy sector",Switzerland,methane,"Livestock, enteric fermentatio",31640,"47.661,8.825",,,,128.99543378995435,,,0,,no_observations,ok
442,Sussex County Landfill Gas Combustion Project,United States,methane,Waste handling and disposal,28910,"41.092,-74.680",,,,117.86529680365297,,,0,,no_observations,ok
937,Southern Ute Indian Tribe Westside CBM Seep Capture & Use Project,United States,methane,Fugitive emissions from fuels ,28818,"37.014,-108.061",,,,117.49021526418787,,,0,,no_observations,ok
2932,4B EREGLI LFG POWER PLANT,Turkey,methane,Energy industries (renewable/n,28568,"37.581,33.830",,,,116.47097195042402,,,0,,no_observations,ok
20,AWMS METHANE RECOVERY PROJECT BR06-S-25,Brazil,methane,Waste handling and disposal,28222,"-17.340,-44.977",,,,115.06033920417482,,,0,,no_observations,ok
4403,CEKEREK BIOGAS POWER PLANT,Turkey,methane,Energy industries (renewable/n,27340,"40.062,35.543",,,,111.46444879321592,,,0,,no_observations,ok
356,Methane capture and destruction on La Hormiga landfill in San Felipe and El Belloto landfill in Quilpue,Chile,methane,Waste handling and disposal,26868,"-32.700,-70.783",,,,109.54011741682974,,,0,,no_observations,ok
879,Wewoka Small Scale Landfill Gas Recovery and Thermal Energy Generation Project,United States,methane,Energy industries (renewable/n,26697,"35.180,-96.546",,,,108.84295499021526,,,0,,no_observations,ok
5,Greater Lebanon Refuse Authority Landfill Gas Collection and Combustion Project,United States,methane,Energy industries (renewable/n,25600,"40.366,-76.493",,,,104.37051532941945,,,0,,no_observations,ok
491,"Bionersis landfill  project in Pasto, Colombia",Colombia,methane,Waste handling and disposal,24905,"1.277,-77.262",,,,101.5370189171559,,,0,,no_observations,ok
4950,Berglandmilch Cooperative Grouped Project: Reduction of methane emissions in the Austrian Dairy Sector,Austria,methane,"Livestock, enteric fermentatio",24369,"48.124,14.758",,,,99.35176125244618,,,0,,no_observations,ok
3891,Enteric fermentation emissions' reduction program of Uruguay,Uruguay,methane,"Livestock, enteric fermentatio",23653,"-33.442,-56.850",,,,96.43264840182648,,,0,,no_observations,ok
440,Infra-Red Automatic Refrigerant Leak Detection Efficiency Project,United States,methane,Fugitive emissions from produc,23000,"40.551,-79.866",,,,93.77038486627528,,,0,,no_observations,ok
24,AWMS METHANE RECOVERY PROJECT BR06-S-29,Brazil,methane,Waste handling and disposal,22819,"-22.710,-49.220",,,,93.03245270711024,,,0,,no_observations,ok
19,AWMS METHANE RECOVERY PROJECT BR06-S-24,Brazil,methane,Waste handling and disposal,21280,"-14.159,-57.001",,,,86.7579908675799,,,0,,no_observations,ok
4,AWMS METHANE RECOVERY PROJECT BR06-S-19,Brazil,methane,Waste handling and disposal,19989,"-17.971,-51.177",,,,81.49461839530333,,,0,,no_observations,ok
1888,Larimer County Landfill Gas Flaring Project,United States,methane,Waste handling and disposal,18637,"40.504,-105.125",,,,75.98255055446836,,,0,,no_observations,ok
1144,Composting Project in Santa Catarina,Brazil,methane,Waste handling and disposal,18077,"-26.906,-51.302",,,,73.69944553163731,,,0,,no_observations,ok
18,AWMS METHANE RECOVERY PROJECT BR06-S-21,Brazil,methane,Waste handling and disposal,17918,"-16.700,-47.577",,,,73.0512067840835,,,0,,no_observations,ok
1919,Adeco Agropecuaria S.A. Biogas Energy Generation from Dairy Production,Argentina,methane,Energy industries (renewable/n,17405,"-34.237,-62.048",,,,70.95971950424006,,,0,,no_observations,ok
5286,Saytek Plastic Recycling Facility,Turkey,methane,Waste handling and disposal,16573,"40.837,30.953",,,,67.56767775603392,,,0,,no_observations,ok
5089,A-Gas South Africa 1,South Africa,methane,Fugitive emissions from produc,16315,"-25.941,28.233",,,,66.51581865622963,,,0,,no_observations,ok
50,Willow Creek Dairy Farm Project,United States,methane,Waste handling and disposal,16018,"45.721,-119.878",,,,65.30495759947814,,,0,,no_observations,ok
448,Methane Capture and Destruction at Simplot's Moses Lake Wastewater Treatment Facility,United States,methane,Energy industries (renewable/n,15851,"47.127,-119.157",,,,64.62410306588389,,,0,,no_observations,ok
353,Composting of Municipal organic waste in Mahajanga (Madagascar),Madagascar,methane,Waste handling and disposal,14948,"-15.702,46.364",,,,60.942596216568816,,,0,,no_observations,ok
640,Flathead Electric Cooperative Landfill Gas to Energy Project,United States,methane,Energy industries (renewable/n,14510,"48.309,-114.339",,,,59.15688193085454,,,0,,no_observations,ok
21,AWMS METHANE RECOVERY PROJECT BR06-S-26,Brazil,methane,Waste handling and disposal,12411,"-18.959,-49.611",,,,50.59931506849315,,,0,,no_observations,ok
22,AWMS METHANE RECOVERY PROJECT BR06-S-27,Brazil,methane,Waste handling and disposal,11001,"-16.485,-48.980",,,,44.850782778864975,,,0,,no_observations,ok
290,Lee County Waste To Energy Facility 2007 Capital Expansion Project VCU,United States,methane,Energy industries (renewable/n,10864,"26.635,-81.763",,,,44.29223744292238,,,0,,no_observations,ok
642,West Star North Dairy,United States,methane,"Livestock, enteric fermentatio",10341,"35.486,-119.455",,,,42.15998043052838,,,0,,no_observations,ok
2535,Skyridge Farms Advanced Solid Separation Project,United States,methane,"Livestock, enteric fermentatio",10000,"46.399,-120.020",,,,40.76973255055447,,,0,,no_observations,ok
992,The Capture and Utilisation of Methane at the GFI Mining South Africa owned Beatrix Mine in South Africa,South Africa,methane,Fugitive emissions from produc,9643,"-28.262,26.785",,,,39.31425309849968,,,0,,no_observations,ok
634,Bos Dairy Farm Project,United States,methane,"Livestock, enteric fermentatio",8200,"36.164,-119.233",,,,33.431180691454664,,,0,,no_observations,ok
775,Northeast Farm Separation Project – Phase 1,United States,methane,Waste handling and disposal,7239,"39.821,-77.917",,,,29.51320939334638,,,0,,no_observations,ok
956,"Anaerobic digestion at Animalia Genetics Ltd., Cyprus",Cyprus,methane,"Livestock, enteric fermentatio",6390,"35.012,33.315",,,,26.051859099804304,,,0,,no_observations,ok
888,"Anaerobic digestion at Armenis Farm Ltd., Cyprus",Cyprus,methane,"Livestock, enteric fermentatio",5956,"34.759,33.210",,,,24.28245270711024,,,0,,no_observations,ok
632,JR Dairy Farm Project,United States,methane,"Livestock, enteric fermentatio",5794,"36.035,-119.340",,,,23.621983039791257,,,0,,no_observations,ok
4145,BLACK SOLDIER FLY COMMERCIAL FARMING PROJECT,Tanzania,methane,Waste handling and disposal,5245,"-3.404,36.713",,,,21.38372472276582,,,0,,no_observations,ok
439,Yingpeng HFC23 Decompostion Project,China,methane,Fugitive emissions from produc,7865277,"28.897,120.009",,,,,,,,,outside_cm_coverage,outside_cm_coverage
4531,Reducing Gas Leakages within the Hududgaz Gas Distribution Networks across Uzbekistan,Uzbekistan,methane,Fugitive emissions from fuels ,7354473,"41.286,69.233",,,,,,,,,outside_cm_coverage,outside_cm_coverage
2930,Reducing Gas Leakages within the Titas Gas Distribution Network in Bangladesh,Bangladesh,methane,Fugitive emissions from fuels ,3289487,"23.700,90.983",,,,,,,,,outside_cm_coverage,outside_cm_coverage
929,Energy Efficiency and Solid Waste Diversion Activities within the Quebec Sustainable Community,Canada,methane,Energy demand; Waste handling ,2285200,"52.940,-73.549",,,,,,,,,outside_cm_coverage,outside_cm_coverage
2603,Composting of organic waste project in Guangxi,China,methane,Waste handling and disposal,1527835,"23.655,107.143",,,,,,,,,outside_cm_coverage,outside_cm_coverage
2736,Reducing Gas Leakages within the Bakhrabad Gas Distribution Network in Bangladesh,Bangladesh,methane,Fugitive emissions from fuels ,1387409,"23.450,91.211",,,,,,,,,outside_cm_coverage,outside_cm_coverage
5030,SEA FOREST ENTERIC METHANE REDUCTION IN AUSTRALIA,Australia,methane,"Livestock, enteric fermentatio",1217128,"-41.429,146.556",,,,,,,,,outside_cm_coverage,outside_cm_coverage
433,Sudokwon Landfill Gas Electricity Generation Project (50MW),South Korea,methane,Waste handling and disposal,1210342,"37.550,126.550",,,,,,,,,outside_cm_coverage,outside_cm_coverage
3021,Reducing Gas Leakages within North West and other sub-areas of the Titas Gas Distribution Network in Bangladesh,Bangladesh,methane,Fugitive emissions from fuels ,1090993,"23.790,90.401",,,,,,,,,outside_cm_coverage,outside_cm_coverage
2737,Reducing Gas Leakages within the Jalalabad Gas Distribution Network in Bangladesh,Bangladesh,methane,Fugitive emissions from fuels ,1054305,"24.885,91.881",,,,,,,,,outside_cm_coverage,outside_cm_coverage
3745,Enexor Impact USA,United States,methane,Energy demand; Energy industri,1016760,"36.237,86.320",,,,,,,,,outside_cm_coverage,outside_cm_coverage
2738,Reducing Gas Leakages within the Karnaphuli Gas Distribution Network in Bangladesh,Bangladesh,methane,Fugitive emissions from fuels ,839133,"22.368,91.826",,,,,,,,,outside_cm_coverage,outside_cm_coverage
967,Bantargebang Landfill Gas Management & Power Generation,Indonesia,methane,Energy industries (renewable/n,708300,"-6.331,106.994",,,,,,,,,outside_cm_coverage,outside_cm_coverage
5022,Reduction of Enteric Methane Emissions using Feed Additives on Dairy Farms in the Netherlands,Netherlands,methane,"Livestock, enteric fermentatio",631036,"52.133,5.291",,,,,,,,,outside_cm_coverage,outside_cm_coverage
2292,Guizhou Panjiang Low Concentration Coal Mine Methane Power Generation Project Phase 3,China,methane,Fugitive emissions from fuels ,589187,"26.059,104.567",,,,,,,,,outside_cm_coverage,outside_cm_coverage
2567,Soc Son Waste to Power Plant Project,Viet Nam,methane,Energy industries (renewable/n,544076,"21.341,105.835",,,,,,,,,outside_cm_coverage,outside_cm_coverage
4573,Muyuan Tongliao AWMS GHG Mitigation Project in Inner Mongolia,China,methane,Energy industries (renewable/n,514084,"43.603,121.634",,,,,,,,,outside_cm_coverage,outside_cm_coverage
4057,Guangzhou Xingfeng landfill gas to LNG Project,China,methane,Energy industries (renewable/n,459846,"23.268,113.494",,,,,,,,,outside_cm_coverage,outside_cm_coverage
2740,Dekang AWMS GHG Mitigation Project in Sichuan Province,China,methane,Energy industries (renewable/n,456897,"29.130,106.840",,,,,,,,,outside_cm_coverage,outside_cm_coverage
2692,Aonong AWMS GHG Mitigation Project in Fujian Province,China,methane,Energy industries (renewable/n,451807,"24.247,118.828",,,,,,,,,outside_cm_coverage,outside_cm_coverage
2691,Aonong AWMS GHG Mitigation Project in Jiangxi Province,China,methane,Energy industries (renewable/n,432191,"25.900,116.250",,,,,,,,,outside_cm_coverage,outside_cm_coverage
2741,Dekang AWMS GHG Mitigation Project in Guizhou Province,China,methane,Energy industries (renewable/n,427200,"26.190,109.310",,,,,,,,,outside_cm_coverage,outside_cm_coverage
2291,Guizhou Panjiang Low Concentration Coal Mine Methane Power Generation Project Phase 2,China,methane,Fugitive emissions from fuels ,419925,"25.700,104.543",,,,,,,,,outside_cm_coverage,outside_cm_coverage
2739,Reducing Gas Leakages within the Pashchimanchal Gas Distribution Network in Bangladesh,Bangladesh,methane,Fugitive emissions from fuels ,371861,"24.422,89.598",,,,,,,,,outside_cm_coverage,outside_cm_coverage
2846,FSW AMMS GHG Mitigation Project in Nanyang City,China,methane,Energy industries (renewable/n,364750,"33.220,112.730",,,,,,,,,outside_cm_coverage,outside_cm_coverage
2402,Linshu Biogas Recovery and Power Generation Project,China,methane,Energy industries (renewable/n,359691,"34.915,118.572",,,,,,,,,outside_cm_coverage,outside_cm_coverage
2746,Guangzhou Eastern Solid Resource Recycling Center MSW Integrated treatment Plant Project,China,methane,Energy industries (renewable/n,359014,"23.284,113.515",,,,,,,,,outside_cm_coverage,outside_cm_coverage
4508,Weibei Pipeline Associated Gas Recovery Project,China,methane,Energy industries (renewable/n,354152,"21.050,109.080",,,,,,,,,outside_cm_coverage,outside_cm_coverage
2830,Huineng Low Concentration Coal Mine Methane Utilization Project,China,methane,Fugitive emissions from fuels ,352106,"37.709,113.616",,,,,,,,,outside_cm_coverage,outside_cm_coverage
4050,Jiangxi Zhenghe Livestock Manure Treatment Project,China,methane,Energy industries (renewable/n,351126,"28.428,115.697",,,,,,,,,outside_cm_coverage,outside_cm_coverage
4696,Biaofa Juancheng Animal Manure Management Project,China,methane,Energy industries (renewable/n,331420,"35.530,115.623",,,,,,,,,outside_cm_coverage,outside_cm_coverage
4601,An Qiu Biogas Utilization Project,China,methane,Energy industries (renewable/n,329347,"36.484,119.201",,,,,,,,,outside_cm_coverage,outside_cm_coverage
2876,Muyuan WJZ AWMS GHG Mitigation Project in Henan Province,China,methane,Energy industries (renewable/n,321663,"32.869,112.454",,,,,,,,,outside_cm_coverage,outside_cm_coverage
4784,Wuhan Jiangxia Changshankou LFG Power Project Phase I,China,methane,Energy industries (renewable/n,315624,"30.353,114.209",,,,,,,,,outside_cm_coverage,outside_cm_coverage
2844,Tanghe AMMS GHG Mitigation Project,China,methane,Energy industries (renewable/n,310169,"32.677,113.072",,,,,,,,,outside_cm_coverage,outside_cm_coverage
1166,Nanba Associated Gas Processing Plant and the Auxiliary Engineering,China,methane,Fugitive emissions from fuels ,301731,"46.550,125.015",,,,,,,,,outside_cm_coverage,outside_cm_coverage
3369,Tieqilishi Sichuan Liangshan AWMS GHG Mitigation Project,China,methane,Energy industries (renewable/n,284588,"26.352,102.725",,,,,,,,,outside_cm_coverage,outside_cm_coverage
1941,Sustainable City Projects at India’s Cleanest City- Indore,India,methane,Energy industries (renewable/n,283396,"22.676,75.926",,,,,,,,,outside_cm_coverage,outside_cm_coverage
4947,DIT AgTech grouped project: reduction of enteric methane emissions from livestock production systems via the uDOSE water medication technology.,Australia,methane,"Livestock, enteric fermentatio",280692,"-27.560,151.953",,,,,,,,,outside_cm_coverage,outside_cm_coverage
3348,Huizhou Landfill Gas Power Generation Phase III and IV Project,China,methane,Energy industries (renewable/n,273134,"23.109,114.348",,,,,,,,,outside_cm_coverage,outside_cm_coverage
2573,SANTIAGO PONIENTE LANDFILL GAS PROJECT,Chile,methane,Energy industries (renewable/n,260392,"33.523,70.867",,,,,,,,,outside_cm_coverage,outside_cm_coverage
3225,Yingkou MSW Incineration and Power Generation Project,China,methane,Energy industries (renewable/n,245456,"40.602,121.359",,,,,,,,,outside_cm_coverage,outside_cm_coverage
572,Dalian Maoyingzi Landfill Gas Recovery for Power Generation Project,China,methane,Waste handling and disposal,241053,"39.081,121.656",,,,,,,,,outside_cm_coverage,outside_cm_coverage
5046,Yangquan Guzhuang 8MW CMM Power Generation Project,China,methane,Energy industries (renewable/n,240337,"37.984,113.526",,,,,,,,,outside_cm_coverage,outside_cm_coverage
4963,Liuzhou MSW Incineration Project,China,methane,Energy industries (renewable/n,232709,"24.210,109.466",,,,,,,,,outside_cm_coverage,outside_cm_coverage
2464,Nanning Landfill Gas Power Generation Project,China,methane,Energy industries (renewable/n,231811,"23.012,108.636",,,,,,,,,outside_cm_coverage,outside_cm_coverage
108,Tiefa Coal Mine Methane Utilisation for Power Generation Project,China,methane,Fugitive emissions from fuels ,231759,"42.376,123.614",,,,,,,,,outside_cm_coverage,outside_cm_coverage
3128,Luyi Biogas Recovery and Utilization Project,China,methane,"Livestock, enteric fermentatio",228849,"33.838,115.153",,,,,,,,,outside_cm_coverage,outside_cm_coverage
1446,Sichuan Furong Coal Mine Methane Utilization Project,China,methane,Fugitive emissions from fuels ,215387,"28.442,104.667",,,,,,,,,outside_cm_coverage,outside_cm_coverage
4533,"Tech-Bank Animal Waste Management Systems (AWMS) GHG Mitigation Project in Fuyang, Anhui",China,methane,Energy industries (renewable/n,211574,"32.971,115.075",,,,,,,,,outside_cm_coverage,outside_cm_coverage
3131,Xiping Biogas Recovery and Utilization Project,China,methane,Energy industries (renewable/n,211338,"33.464,113.848",,,,,,,,,outside_cm_coverage,outside_cm_coverage
3135,Henan Grouped Biogas Recovery and Utilization Project,China,methane,Energy industries (renewable/n,210415,"33.760,114.357",,,,,,,,,outside_cm_coverage,outside_cm_coverage
4754,Puning MSW Incineration and Power Generation,China,methane,Energy industries (renewable/n,208814,"23.283,116.067",,,,,,,,,outside_cm_coverage,outside_cm_coverage
2696,Zhengbang AWMS GHG Mitigation Project in Guangdong Province,China,methane,Energy industries (renewable/n,206667,"24.287,113.419",,,,,,,,,outside_cm_coverage,outside_cm_coverage
57,Waste Biomass Utilization at JSC Arkhangelsk Pulp and Paper Mill (APPM),Russian Federation,methane,Waste handling and disposal,204290,"64.417,40.817",,,,,,,,,outside_cm_coverage,outside_cm_coverage
2951,Liaoning Xinwang Swine Farm Manure Management System GHG Mitigation Project,China,methane,Energy industries (renewable/n,201850,"42.906,123.394",,,,,,,,,outside_cm_coverage,outside_cm_coverage
3134,Huaxian Caiying Biogas Recovery and Utilization Project,China,methane,"Livestock, enteric fermentatio",191968,"35.584,114.854",,,,,,,,,outside_cm_coverage,outside_cm_coverage
2072,UK CowCredit project: A UK dairy initiative to reduce methane from enteric fermentation,United Kingdom,methane,"Livestock, enteric fermentatio",187563,"55.370,-3.600",,,,,,,,,outside_cm_coverage,outside_cm_coverage
2098,Nanhai MSW Incineration II Project,China,methane,Energy industries (renewable/n,178556,"23.157,113.033",,,,,,,,,outside_cm_coverage,outside_cm_coverage
3130,Shangcai Xima Biogas Recovery and Utilization Project,China,methane,Energy industries (renewable/n,175870,"33.296,114.585",,,,,,,,,outside_cm_coverage,outside_cm_coverage
4239,WUHE BIOGAS RECOVERY AND UTILIZATION PROJECT,China,methane,Energy industries (renewable/n,173943,"33.101,117.971",,,,,,,,,outside_cm_coverage,outside_cm_coverage
2957,Wuhan Chenjiachong Landfill Gas Power Generation Project Phase II,China,methane,Energy industries (renewable/n,167482,"30.736,114.544",,,,,,,,,outside_cm_coverage,outside_cm_coverage
3980,Xinjiang Muge Swine Farm Manure Management System GHG Mitigation Project,China,methane,Energy industries (renewable/n,165560,"81.783,40.632",,,,,,,,,outside_cm_coverage,outside_cm_coverage
4550,Barka Landfill Gas Recovery Project,Oman,methane,Energy industries (renewable/n,160001,"23.603,57.885",,,,,,,,,outside_cm_coverage,outside_cm_coverage
3653,Xinxiang MSW Incineration Project,China,methane,Energy industries (renewable/n,157862,"35.292,114.144",,,,,,,,,outside_cm_coverage,outside_cm_coverage
5138,Wuhan Jiangxia Changshankou LFG Power Project Phase II,China,methane,Energy industries (renewable/n,157260,"30.353,114.209",,,,,,,,,outside_cm_coverage,outside_cm_coverage
2358,Nanchang Zhonglan Huanneng Technical Service Co. Ltd. Maiyuan LFG Power Generation Project,China,methane,Energy industries (renewable/n,155699,"28.735,115.780",,,,,,,,,outside_cm_coverage,outside_cm_coverage
3544,Solid Waste to Energy Production Facility Sonepat,India,methane,Energy industries (renewable/n,152616,"28.993,77.015",,,,,,,,,outside_cm_coverage,outside_cm_coverage
4256,Linzhang Biogas Recovery and Utilization Project,China,methane,Energy industries (renewable/n,151849,"36.358,114.436",,,,,,,,,outside_cm_coverage,outside_cm_coverage
2706,Shuangbaotai AWMS GHG Mitigation Project in Jiangsu Province,China,methane,Energy industries (renewable/n,150212,"32.772,120.778",,,,,,,,,outside_cm_coverage,outside_cm_coverage
4195,Anlu Aonong Swine Farm Manure Management System GHG Mitigation Project,China,methane,Energy industries (renewable/n,140424,"31.160,113.639",,,,,,,,,outside_cm_coverage,outside_cm_coverage
3407,Heyuan Dengta Landfill Gas Power Generation Project,China,methane,Energy industries (renewable/n,139586,"23.991,114.760",,,,,,,,,outside_cm_coverage,outside_cm_coverage
2335,Zhangjiakou Landfill Gas Power Generation Project,China,methane,Energy industries (renewable/n,137156,"40.762,114.956",,,,,,,,,outside_cm_coverage,outside_cm_coverage
3005,Tongxu Biogas Recovery and Utilization Project,China,methane,Energy industries (renewable/n,136134,"34.537,114.541",,,,,,,,,outside_cm_coverage,outside_cm_coverage
4338,Bishuiyuan Wastewater Treatment Plant Project,China,methane,Waste handling and disposal,135475,"44.025,87.663",,,,,,,,,outside_cm_coverage,outside_cm_coverage
3866,Heyuan Qizhai Landfill Gas Power Generation Project,China,methane,Energy industries (renewable/n,134828,"23.621,114.746",,,,,,,,,outside_cm_coverage,outside_cm_coverage
3000,Nankang District MSW Landfill Site LFG Recovery and Comprehensive Utilization Project,China,methane,Energy industries (renewable/n,133226,"25.533,114.812",,,,,,,,,outside_cm_coverage,outside_cm_coverage
3678,Chia Tai AWMS GHG Mitigation Project in Guangdong Province,China,methane,Energy industries (renewable/n,131840,"21.389,110.026",,,,,,,,,outside_cm_coverage,outside_cm_coverage
3626,Yangchun Landfill Gas Power Generation Project,China,methane,Energy industries (renewable/n,131612,"22.015,111.683",,,,,,,,,outside_cm_coverage,outside_cm_coverage
3625,Yangdong Landfill Gas Power Generation Project,China,methane,Energy industries (renewable/n,129487,"21.943,112.046",,,,,,,,,outside_cm_coverage,outside_cm_coverage
2468,Gaizhou Landfill Gas Power Generation Project,China,methane,Energy industries (renewable/n,128590,"40.431,122.429",,,,,,,,,outside_cm_coverage,outside_cm_coverage
4423,NEW HOPE AWMS GHG Mitigation Project In Anhui Province,China,methane,"Livestock, enteric fermentatio",126761,"32.985,117.664",,,,,,,,,outside_cm_coverage,outside_cm_coverage
4548,"Tech-Bank Animal Waste Management Systems (AWMS) GHG Mitigation Project in Chuzhou& Bengbu, Anhui",China,methane,Energy industries (renewable/n,124836,"32.455,117.956",,,,,,,,,outside_cm_coverage,outside_cm_coverage
2296,CYY Global Plus Wastewater Treatment and Biogas Utilization Project,Thailand,methane,Energy industries (renewable/n,124097,"14.489,103.705",,,,,,,,,outside_cm_coverage,outside_cm_coverage
4544,Al Multaqa Landfill Gas Recovery Project,Oman,methane,Energy industries (renewable/n,121049,"23.339,58.449",,,,,,,,,outside_cm_coverage,outside_cm_coverage
4549,Heze Tech-Bank Animal Waste Management Systems (AWMS) GHG Mitigation Project,China,methane,"Livestock, enteric fermentatio",120184,"35.560,115.637",,,,,,,,,outside_cm_coverage,outside_cm_coverage
3133,Huaxian Fengqiqiu Biogas Recovery and Utilization Project,China,methane,Energy industries (renewable/n,119844,"35.442,114.908",,,,,,,,,outside_cm_coverage,outside_cm_coverage
3872,Yangxiang AWMS GHG Mitigation Project In Shandong Province,China,methane,Waste handling and disposal,119057,"35.228,115.074",,,,,,,,,outside_cm_coverage,outside_cm_coverage
3025,CSD Wastewater Treatment Plant Project in Hebei Province,China,methane,Waste handling and disposal,117143,"37.619,114.871",,,,,,,,,outside_cm_coverage,outside_cm_coverage
4812,Project Terre Boost: Biochar for a Better Tomorrow,India,methane,Waste handling and disposal,116961,"20.698,77.392",,,,,,,,,outside_cm_coverage,outside_cm_coverage
3126,Qingfeng Biogas Recovery and Utilization Project,China,methane,"Livestock, enteric fermentatio",114369,"36.003,114.969",,,,,,,,,outside_cm_coverage,outside_cm_coverage
5040,Yixian MSW Incineration and Power Generation Project,China,methane,Energy industries (renewable/n,113892,"39.420,115.560",,,,,,,,,outside_cm_coverage,outside_cm_coverage
5016,Longhai New Hope manure management project,China,methane,Energy industries (renewable/n,113596,"24.338,117.781",,,,,,,,,outside_cm_coverage,outside_cm_coverage
3132,Shangcai Chenfazhai Biogas Recovery and Utilization Project,China,methane,Energy industries (renewable/n,113496,"33.196,114.422",,,,,,,,,outside_cm_coverage,outside_cm_coverage
4679,Project Reignite: Turning Farm Waste to Climate Action,India,methane,Waste handling and disposal,110760,"20.692,86.504",,,,,,,,,outside_cm_coverage,outside_cm_coverage
4818,Linfen MSW Incineration and Power Generation Project,China,methane,Energy industries (renewable/n,107358,"36.006,111.638",,,,,,,,,outside_cm_coverage,outside_cm_coverage
4350,Puyang Swine Farm AWMS Project in Henan,China,methane,"Livestock, enteric fermentatio",106854,"35.669,115.399",,,,,,,,,outside_cm_coverage,outside_cm_coverage
2299,Hunan Xiangtan Landfill Gas Power Generation Project,China,methane,Energy industries (renewable/n,104582,"27.755,112.983",,,,,,,,,outside_cm_coverage,outside_cm_coverage
3715,TAIHE COUNTY BIOGAS POWER GENERATION AND ORGANIC FERTILIZER PROJECT,China,methane,Energy industries (renewable/n,102310,"33.316,115.605",,,,,,,,,outside_cm_coverage,outside_cm_coverage
2731,Xuzhou Yanqun MSW Landfill Site LFG Recovery to Power Project,China,methane,Energy industries (renewable/n,101798,"34.293,116.978",,,,,,,,,outside_cm_coverage,outside_cm_coverage
4556,Huaian Tech-Bank Animal Waste Management Systems (AWMS) GHG Mitigation Project,China,methane,Energy industries (renewable/n,100028,"32.934,118.799",,,,,,,,,outside_cm_coverage,outside_cm_coverage
3308,Dongyuan Xiantang Landfill Gas Power Generation Phase I Project,China,methane,Energy industries (renewable/n,99589,"23.846,114.761",,,,,,,,,outside_cm_coverage,outside_cm_coverage
2697,Zhengbang AWMS GHG Mitigation Project in Sichuan Province,China,methane,Energy industries (renewable/n,98412,"28.709,107.281",,,,,,,,,outside_cm_coverage,outside_cm_coverage
913,"Siam Quality Starch Wastewater Treatment and Energy Generation Project in Chaiyaphum, Thailand",Thailand,methane,Energy industries (renewable/n,98372,"15.406,101.623",,,,,,,,,outside_cm_coverage,outside_cm_coverage
3901,Anhua LFG Power Generation Project,China,methane,Energy industries (renewable/n,97392,"28.398,111.267",,,,,,,,,outside_cm_coverage,outside_cm_coverage
2503,Liling LFG Power Generation Project,China,methane,Energy industries (renewable/n,96472,"27.645,113.412",,,,,,,,,outside_cm_coverage,outside_cm_coverage
5277,"Taishan BCCY New Energy Co., Ltd Taishan Xiadoukeng 5MW Biogas Power Generation Project",China,methane,Energy industries (renewable/n,96122,"22.215,112.750",,,,,,,,,outside_cm_coverage,outside_cm_coverage
4757,JIANGSU SUQIAN AWMS Biogas Recovery and Utilization Project,China,methane,"Livestock, enteric fermentatio",95846,"34.222,119.066",,,,,,,,,outside_cm_coverage,outside_cm_coverage
2763,Waste Energy project in Dadra & Nagar Haveli(D&NH),India,methane,Energy industries (renewable/n,90808,"20.140,72.570",,,,,,,,,outside_cm_coverage,outside_cm_coverage
125,Taicang Waste Incineration Project,China,methane,Waste handling and disposal,90779,"31.467,121.100",,,,,,,,,outside_cm_coverage,outside_cm_coverage
2337,Sanya Landfill Gas Power Generation Project,China,methane,Energy industries (renewable/n,89751,"18.365,109.419",,,,,,,,,outside_cm_coverage,outside_cm_coverage
2099,Ningbo Yinzhou Landfill Gas Recovery and Utilization Project,China,methane,Energy industries (renewable/n,88139,"29.752,121.390",,,,,,,,,outside_cm_coverage,outside_cm_coverage
409,MedcoEnergi Associated Gas Recovery and Utilization Project,Indonesia,methane,Fugitive emissions from fuels ,86022,"-2.825,104.075",,,,,,,,,outside_cm_coverage,outside_cm_coverage
4938,Chiping Municipal Solid Waste Incineration For Power Generation Project,China,methane,Energy industries (renewable/n,85407,"36.602,116.339",,,,,,,,,outside_cm_coverage,outside_cm_coverage
2261,"CYY Biopower Wastewater treatment plant including biogas reuse for thermal oil replacement and electricity generation Project, Thailand",Thailand,methane,Energy industries (renewable/n,84912,"14.595,101.544",,,,,,,,,outside_cm_coverage,outside_cm_coverage
2938,Yunshui Wastewater Treatment Plant Project in Guangdong Province,China,methane,Waste handling and disposal,83042,"20.449,110.111",,,,,,,,,outside_cm_coverage,outside_cm_coverage
3649,Tianjin Dahanzhuang LFG Power Generation Project I,China,methane,Energy industries (renewable/n,82910,"38.952,117.285",,,,,,,,,outside_cm_coverage,outside_cm_coverage
4412,Xiding AWMS GHG Mitigation Project,China,methane,"Livestock, enteric fermentatio",82738,"38.705,114.497",,,,,,,,,outside_cm_coverage,outside_cm_coverage
3940,Lianzhou Landfill Gas Power Generation Project,China,methane,Energy industries (renewable/n,82464,"24.741,112.336",,,,,,,,,outside_cm_coverage,outside_cm_coverage
4238,HEFEI BIOGAS RECOVERY AND UTILIZATION PROJECT,China,methane,Energy industries (renewable/n,82118,"32.087,117.443",,,,,,,,,outside_cm_coverage,outside_cm_coverage
2455,Haicheng Landfill Gas Power Generation Project,China,methane,Energy industries (renewable/n,81914,"40.834,122.800",,,,,,,,,outside_cm_coverage,outside_cm_coverage
2525,Ziyang LFG Power Generation Project,China,methane,Energy industries (renewable/n,81291,"30.098,104.635",,,,,,,,,outside_cm_coverage,outside_cm_coverage
2840,Nanzhao County MSW Landfill Site LFG Pollution Treatment and Comprehensive Utilization Project,China,methane,Energy industries (renewable/n,81259,"33.465,112.523",,,,,,,,,outside_cm_coverage,outside_cm_coverage
4567,Muyuan Handan AWMS GHG Mitigation Project in Hebei Province,China,methane,Energy industries (renewable/n,80457,"36.742,115.442",,,,,,,,,outside_cm_coverage,outside_cm_coverage
651,"Composting of Organic Content of Municipal Solid Waste in Lahore, Pakistan",Pakistan,methane,Waste handling and disposal,78344,"31.610,74.382",,,,,,,,,outside_cm_coverage,outside_cm_coverage
2452,Laizhou Landfill Gas Power Generation Project,China,methane,Energy industries (renewable/n,78184,"37.204,120.014",,,,,,,,,outside_cm_coverage,outside_cm_coverage
3378,Animal Manure Management System (AMMS) GHG Mitigation Project In Huoqiu county Anhui province,China,methane,Energy industries (renewable/n,76777,"32.278,116.070",,,,,,,,,outside_cm_coverage,outside_cm_coverage
5542,MALAYSIA GROUPED BIOMASS WASTE RECOVERY AND UTILIZATION PROJECT,Malaysia,methane,Energy industries (renewable/n,76340,"5.284,100.517",,,,,,,,,outside_cm_coverage,outside_cm_coverage
2353,Qingdao Xiaojianxi Phase II MSW landfill site LFG recovery to power project,China,methane,Energy industries (renewable/n,73157,"36.281,120.157",,,,,,,,,outside_cm_coverage,outside_cm_coverage
5310,Ankang Hanbin Landfill Gas Power Generation Project,China,methane,Energy industries (renewable/n,72891,"32.730,109.013",,,,,,,,,outside_cm_coverage,outside_cm_coverage
3762,Jiaozhou Landfill Gas Recovery Project,China,methane,Energy industries (renewable/n,70457,"36.322,119.951",,,,,,,,,outside_cm_coverage,outside_cm_coverage
2614,Lingbi County Wastewater Treatment Plant Project,China,methane,Waste handling and disposal,67300,"33.611,117.559",,,,,,,,,outside_cm_coverage,outside_cm_coverage
5015,Hengyang New Hope Swine Farm AWMS GHG Mitigation project,China,methane,"Livestock, enteric fermentatio",67289,"26.775,113.011",,,,,,,,,outside_cm_coverage,outside_cm_coverage
2863,Xinmi urban domestic waste gas harmless treatment and comprehensive utilization project,China,methane,Energy industries (renewable/n,66720,"34.534,113.449",,,,,,,,,outside_cm_coverage,outside_cm_coverage
2352,Shizaiqian MSW landfill site LFG recovery to power project,China,methane,Energy industries (renewable/n,66269,"24.965,118.629",,,,,,,,,outside_cm_coverage,outside_cm_coverage
4921,Gaotang Municipal Solid Waste Incineration For Power Generation Project,China,methane,Energy industries (renewable/n,66240,"36.862,116.318",,,,,,,,,outside_cm_coverage,outside_cm_coverage
3851,Dongxing Waste Incineration Plant leachate biogas Harmless Treatment and Comprehensive Utilization Project,China,methane,Energy industries (renewable/n,66089,"34.630,113.963",,,,,,,,,outside_cm_coverage,outside_cm_coverage
4454,The project of Kitchen and catering waste Disposal Phase II in Wuchang area,China,methane,Waste handling and disposal,65280,"30.375,114.253",,,,,,,,,outside_cm_coverage,outside_cm_coverage
4340,Gansu Wuwei Liangzhou Grouped AWMS GHG Mitigation Project,China,methane,"Livestock, enteric fermentatio",64625,"38.129,102.403",,,,,,,,,outside_cm_coverage,outside_cm_coverage
4916,Guangxi Laibin Organic Wastewater Biogas Power Generation Comprehensive Utilization Project,China,methane,Energy industries (renewable/n,62771,"23.715,109.415",,,,,,,,,outside_cm_coverage,outside_cm_coverage
707,Kunming Dongjiao Baishuitang LFG Treatment and Power Generation Project,China,methane,Energy industries (renewable/n,62403,"24.990,102.864",,,,,,,,,outside_cm_coverage,outside_cm_coverage
3016,Guoyang MSW Landfill Site LFG Recovery and Comprehensive Utilization Project,China,methane,Energy industries (renewable/n,62295,"33.446,116.151",,,,,,,,,outside_cm_coverage,outside_cm_coverage
3880,Xinfeng AWMS GHG Mitigation Project in Liaoning province,China,methane,Waste handling and disposal,62184,"40.928,122.227",,,,,,,,,outside_cm_coverage,outside_cm_coverage
4620,14 MW Waste-to-Energy Project by Antony Lara Renewable Energy Pvt. Ltd,India,methane,Energy industries (renewable/n,61304,"18.658,73.857",,,,,,,,,outside_cm_coverage,outside_cm_coverage
4928,Shunping MSW Incineration and Power Generation PPP Project,China,methane,Energy industries (renewable/n,60991,"38.813,115.132",,,,,,,,,outside_cm_coverage,outside_cm_coverage
5214,Pingjiang County Domestic Waste Harmless Landfill Site LFG Utilization Project,China,methane,Energy industries (renewable/n,60882,"28.734,113.509",,,,,,,,,outside_cm_coverage,outside_cm_coverage
4794,Leiyang Hexi Animal Manure Composting Project,China,methane,Waste handling and disposal,59972,"26.347,112.810",,,,,,,,,outside_cm_coverage,outside_cm_coverage
2693,Yizheng Zhongxing Recycled PET Project,China,methane,Waste handling and disposal,59876,"32.298,119.124",,,,,,,,,outside_cm_coverage,outside_cm_coverage
4168,BAITANG AONONG SWINE FARM COMPOSTING PROJECT,China,methane,"Livestock, enteric fermentatio",59776,"26.893,107.909",,,,,,,,,outside_cm_coverage,outside_cm_coverage
4612,WEIYUAN COMPOSTING PROJECT,China,methane,"Livestock, enteric fermentatio",59736,"29.587,104.674",,,,,,,,,outside_cm_coverage,outside_cm_coverage
452,The VCF Group Biogas Projects at Nipat and Songphol Farm,Thailand,methane,Waste handling and disposal,59694,"13.226,99.459",,,,,,,,,outside_cm_coverage,outside_cm_coverage
5366,Henan Zhumadian Youran Xiping Dairy Farm Biogas Utilization Project,China,methane,Energy industries (renewable/n,59610,"33.417,113.702",,,,,,,,,outside_cm_coverage,outside_cm_coverage
4070,Guangdong Xinsheng E-waste recovery and recycling project,China,methane,Waste handling and disposal,59455,"23.777,116.877",,,,,,,,,outside_cm_coverage,outside_cm_coverage
3603,Jiangsu Lisaike PET Recycling Project,China,methane,Waste handling and disposal,59277,"32.992,118.592",,,,,,,,,outside_cm_coverage,outside_cm_coverage
2728,Huaibin MSW Landfill Site LFG Recovery and Comprehensive Utilization Project,China,methane,Energy industries (renewable/n,59196,"32.486,115.433",,,,,,,,,outside_cm_coverage,outside_cm_coverage
4736,CHENGZI RECYCLED AL PROJECT A,China,methane,Waste handling and disposal,59059,"32.093,110.705",,,,,,,,,outside_cm_coverage,outside_cm_coverage
5136,Fujian Nan'an Shengda Aluminium Recycling Project,China,methane,Waste handling and disposal,59030,"25.019,118.355",,,,,,,,,outside_cm_coverage,outside_cm_coverage
446,The SPM Group Biogas Project,Thailand,methane,Waste handling and disposal,59001,"13.342,99.737",,,,,,,,,outside_cm_coverage,outside_cm_coverage
3668,Jintudi Composting Project in Zhucheng City,China,methane,"Livestock, enteric fermentatio",58860,"36.053,119.443",,,,,,,,,outside_cm_coverage,outside_cm_coverage
4248,Haishang Shaoyang Composting Project,China,methane,"Livestock, enteric fermentatio",58858,"26.869,111.193",,,,,,,,,outside_cm_coverage,outside_cm_coverage
3870,Yangxiang AWMS GHG Mitigation Project in Henan Province,China,methane,Waste handling and disposal,58848,"35.011,112.674",,,,,,,,,outside_cm_coverage,outside_cm_coverage
3047,Nanyang Dongjia Composting Project in Fangcheng County,China,methane,"Livestock, enteric fermentatio",58812,"33.311,112.978",,,,,,,,,outside_cm_coverage,outside_cm_coverage
5186,Quanzhou Canhua PET Recycling Project,China,methane,Waste handling and disposal,58574,"25.135,118.906",,,,,,,,,outside_cm_coverage,outside_cm_coverage
4376,Haishang Biogas Recovery and Utilization Project,China,methane,"Livestock, enteric fermentatio",58300,"26.877,111.191",,,,,,,,,outside_cm_coverage,outside_cm_coverage
4654,Hengyang Peike Animal Manure Composting Project,China,methane,Waste handling and disposal,58276,"27.070,112.262",,,,,,,,,outside_cm_coverage,outside_cm_coverage
5265,Langfang Jinye E-waste recycling and comprehensive utilization project,China,methane,Waste handling and disposal,58222,"38.801,116.639",,,,,,,,,outside_cm_coverage,outside_cm_coverage
3393,Hubei Jiulong PET Recycling Project,China,methane,Waste handling and disposal,58092,"31.005,113.794",,,,,,,,,outside_cm_coverage,outside_cm_coverage
4487,Guangxi Baiduoshou Composting Project,China,methane,"Livestock, enteric fermentatio",57615,"23.061,107.113",,,,,,,,,outside_cm_coverage,outside_cm_coverage
4616,Shunfeng Erhai Composting project in Yousuo,China,methane,"Livestock, enteric fermentatio",57435,"26.028,100.123",,,,,,,,,outside_cm_coverage,outside_cm_coverage
3063,Pengmai Composting Project in Fangcheng County,China,methane,"Livestock, enteric fermentatio",57425,"33.214,112.923",,,,,,,,,outside_cm_coverage,outside_cm_coverage
162,Her-Fried Utilization of Coalmine Methane,Germany,methane,Fugitive emissions from fuels ,57348,"51.563,7.255",,,,,,,,,outside_cm_coverage,outside_cm_coverage
3984,"Leyuan ANIMAL Husbandry Weixian Co., Ltd. NO. 4 Pasture Wastes Recycling Project",China,methane,Energy industries (renewable/n,57220,"37.133,115.439",,,,,,,,,outside_cm_coverage,outside_cm_coverage
5498,Hedong Biogas Recovery and Utilization Project,China,methane,"Livestock, enteric fermentatio",57112,"27.956,115.811",,,,,,,,,outside_cm_coverage,outside_cm_coverage
4645,Wudi Lvhe Composting project,China,methane,"Livestock, enteric fermentatio",57075,"37.939,117.584",,,,,,,,,outside_cm_coverage,outside_cm_coverage
5357,TCL Aobo (Tianjin) E-waste recycling and comprehensive utilization project(Phase II),China,methane,Waste handling and disposal,56817,"38.885,116.801",,,,,,,,,outside_cm_coverage,outside_cm_coverage
4675,HUOSHENGYUAN COMPOSTING PROJECT IN MIANYANG CITY,China,methane,"Livestock, enteric fermentatio",56753,"31.291,104.959",,,,,,,,,outside_cm_coverage,outside_cm_coverage
5251,Weinan Kelinle Plastic Recycling Project,China,methane,Waste handling and disposal,56245,"34.536,109.927",,,,,,,,,outside_cm_coverage,outside_cm_coverage
4339,Gansu Baiyin AWMS Biogas Recovery and Utilization Project,China,methane,Energy industries (renewable/n,55588,"37.321,104.074",,,,,,,,,outside_cm_coverage,outside_cm_coverage
5018,Zhejiang Hengxin PET Recycling Project,China,methane,Waste handling and disposal,55396,"29.117,119.252",,,,,,,,,outside_cm_coverage,outside_cm_coverage
3688,Shandong Xiantan Composting Project,China,methane,"Livestock, enteric fermentatio",55293,"37.235,121.609",,,,,,,,,outside_cm_coverage,outside_cm_coverage
3959,Jiangsu Qidong Yongyin Recycled PET Project,China,methane,Waste handling and disposal,55207,"31.816,121.619",,,,,,,,,outside_cm_coverage,outside_cm_coverage
4816,Hexi Biogas Recovery and Utilization Project,China,methane,"Livestock, enteric fermentatio",55019,"28.303,115.601",,,,,,,,,outside_cm_coverage,outside_cm_coverage
4705,KIS BIOFUELS- UKINDO PROJECT,Indonesia,methane,Waste handling and disposal,54911,"3.494,98.397",,,,,,,,,outside_cm_coverage,outside_cm_coverage
4830,Liaoning Sengda Waste Plastic Recycling Project,China,methane,Waste handling and disposal,54031,"41.210,123.120",,,,,,,,,outside_cm_coverage,outside_cm_coverage
3154,"Household Biogas Project in Uttarakhand, India",India,methane,Energy industries (renewable/n,53673,"30.317,78.032",,,,,,,,,outside_cm_coverage,outside_cm_coverage
2527,Maesod Wastewater Treatment and Biogas Utilisation Project,Thailand,methane,Energy industries (renewable/n,53241,"16.857,98.588",,,,,,,,,outside_cm_coverage,outside_cm_coverage
3282,Solid Waste Management Project at Moradabad,India,methane,Waste handling and disposal,52510,"28.829,78.807",,,,,,,,,outside_cm_coverage,outside_cm_coverage
2592,Hongya MSW landfill site biogas power generation project,China,methane,Energy industries (renewable/n,52132,"29.938,103.452",,,,,,,,,outside_cm_coverage,outside_cm_coverage
1759,Methane Recovery and Power Generation Project at ESIPL,India,methane,Energy industries (renewable/n,52036,"22.484,71.281",,,,,,,,,outside_cm_coverage,outside_cm_coverage
2866,Xuan Cheng Composting Project Phase II,China,methane,"Livestock, enteric fermentatio",51528,"30.746,119.000",,,,,,,,,outside_cm_coverage,outside_cm_coverage
3951,Hunan Changde Muge Swine Farm Manure Management System GHG Mitigation Project,China,methane,"Livestock, enteric fermentatio",51445,"28.820,111.626",,,,,,,,,outside_cm_coverage,outside_cm_coverage
416,SD Biosupply Wastewater Treatment and Biogas Utilization Project,Thailand,methane,Energy industries (renewable/n,51316,"16.678,103.805",,,,,,,,,outside_cm_coverage,outside_cm_coverage
4167,Huangping Aonong Swine Farm Composting Project,China,methane,"Livestock, enteric fermentatio",51020,"26.884,108.032",,,,,,,,,outside_cm_coverage,outside_cm_coverage
115,Reduction of methane emissions in the low pressure gas distribution network of the Tomsk Oblast in the Russian Federation,Russian Federation,methane,Fugitive emissions from fuels ,50734,"56.460,84.991",,,,,,,,,outside_cm_coverage,outside_cm_coverage
3696,Chongqing Tongliang LFG Power Generation Project,China,methane,Energy industries (renewable/n,50729,"29.933,106.040",,,,,,,,,outside_cm_coverage,outside_cm_coverage
449,"Wastewater Treatment with Biogas Technology in a Tapioca Processing Plant at P.V.D. International Company Limited, Thailand",Thailand,methane,Waste handling and disposal,50663,"14.713,102.380",,,,,,,,,outside_cm_coverage,outside_cm_coverage
3011,Mengzi MSW Landfill Site LFG Comprehensive Utilization and Power Generation Project,China,methane,Energy industries (renewable/n,50234,"23.296,103.372",,,,,,,,,outside_cm_coverage,outside_cm_coverage
4695,Xinxiang Yanmai Biogas Utilization Project,China,methane,Energy industries (renewable/n,49972,"35.190,114.120",,,,,,,,,outside_cm_coverage,outside_cm_coverage
2864,Xuancheng Composting Project Phase I,China,methane,"Livestock, enteric fermentatio",49546,"30.747,119.003",,,,,,,,,outside_cm_coverage,outside_cm_coverage
5431,Baoshan East Hope Swine Farm AWMS GHG Mitigation Project,China,methane,"Livestock, enteric fermentatio",49328,"24.938,99.276",,,,,,,,,outside_cm_coverage,outside_cm_coverage
2848,Taikefeng Composting Project in Gaomi City,China,methane,Waste handling and disposal,49251,"36.548,119.740",,,,,,,,,outside_cm_coverage,outside_cm_coverage
3069,Tangyin County MSW Landfill Site LFG Pollution Control and Comprehensive Utilization Project,China,methane,Energy industries (renewable/n,48994,"35.906,114.552",,,,,,,,,outside_cm_coverage,outside_cm_coverage
2354,Yichang Sunjiawan MSW landfill site LFG recovery to power project,China,methane,Energy industries (renewable/n,48934,"30.609,111.422",,,,,,,,,outside_cm_coverage,outside_cm_coverage
4650,CBG GENERATION FROM MSW,India,methane,Energy industries (renewable/n,48710,"22.676,75.926",,,,,,,,,outside_cm_coverage,outside_cm_coverage
1222,"Kaiyang 15100 Rural Methane Digesters Project in Guizhou Province, China",China,methane,Energy industries (renewable/n,48486,"27.117,106.852",,,,,,,,,outside_cm_coverage,outside_cm_coverage
2591,Yongkang huachuan MSW landfill site LFG comprehensive utilization project,China,methane,Energy industries (renewable/n,48363,"28.901,119.942",,,,,,,,,outside_cm_coverage,outside_cm_coverage
41,Chao Khun Agro Biogas Energy Project,Thailand,methane,Waste handling and disposal,48167,"14.600,101.011",,,,,,,,,outside_cm_coverage,outside_cm_coverage
5311,Dalian Wafangdian LFG Power Generation Project,China,methane,Energy industries (renewable/n,47890,"39.640,121.900",,,,,,,,,outside_cm_coverage,outside_cm_coverage
5264,Yunfu LFG Power Generation Project,China,methane,Energy industries (renewable/n,47759,"23.010,112.102",,,,,,,,,outside_cm_coverage,outside_cm_coverage
5342,Yingkou Dashiqiao LFG Power Generation Project,China,methane,Energy industries (renewable/n,47601,"40.722,122.558",,,,,,,,,outside_cm_coverage,outside_cm_coverage
4667,TTCA ORGANIC COMPOSTING PROJECT IN ATTAPEU,Lao,methane,"Livestock, enteric fermentatio",47528,"14.732,106.893",,,,,,,,,outside_cm_coverage,outside_cm_coverage
3861,Pingyuan Landfill Gas Power Generation Phase I Project,China,methane,Energy industries (renewable/n,47435,"24.560,115.930",,,,,,,,,outside_cm_coverage,outside_cm_coverage
4564,"7.5 MW Waste-to-Energy Power Plant by Goodwatts WTE Jamnagar Private Limited in Gujarat, India",India,methane,Energy industries (renewable/n,46759,"22.496,70.067",,,,,,,,,outside_cm_coverage,outside_cm_coverage
5574,WEIFANG YOURAN DAIRY CATTLE MANURE MANAGEMENT PROJECT,China,methane,Energy industries (renewable/n,45908,"36.979,119.213",,,,,,,,,outside_cm_coverage,outside_cm_coverage
5313,Lichuan City Domestic Waste Landfill Site Biogas Pollution Treatment and Comprehensive Utilization Project,China,methane,Energy industries (renewable/n,45669,"30.300,108.981",,,,,,,,,outside_cm_coverage,outside_cm_coverage
2862,Wuyang domestic waste treatment plant domestic waste landfill gas (biogas) pollution control and comprehensive utilization project,China,methane,Energy industries (renewable/n,45518,"33.417,113.608",,,,,,,,,outside_cm_coverage,outside_cm_coverage
867,"AMA08-W-10, METHANE RECOVERY IN WASTEWATER TREATMENT, KEDAH, MALAYSIA",Malaysia,methane,Waste handling and disposal,45392,"5.440,100.629",,,,,,,,,outside_cm_coverage,outside_cm_coverage
5108,Bamboo King Vina Biochar Project,Viet Nam,methane,Waste handling and disposal,44634,"20.167,105.167",,,,,,,,,outside_cm_coverage,outside_cm_coverage
5203,"Luoding BCCY New Power CO., Ltd. MSW biogas to electricity generation project",China,methane,Energy industries (renewable/n,44555,"22.814,111.550",,,,,,,,,outside_cm_coverage,outside_cm_coverage
4352,Henan Xinyang Grouped AWMS Biogas Recovery Project,China,methane,"Livestock, enteric fermentatio",44299,"32.238,115.476",,,,,,,,,outside_cm_coverage,outside_cm_coverage
2582,Zhijiang Shibaoshan LFG Power Generation Project,China,methane,Energy industries (renewable/n,44138,"30.379,111.604",,,,,,,,,outside_cm_coverage,outside_cm_coverage
4382,MSW to Compost through BSF Rearing process,India,methane,Waste handling and disposal,43793,"15.317,75.714",,,,,,,,,outside_cm_coverage,outside_cm_coverage
3006,Taiqian County MSW Landfill Site LFG Comprehensive Utilization Project,China,methane,Energy industries (renewable/n,43296,"35.950,115.730",,,,,,,,,outside_cm_coverage,outside_cm_coverage
4558,Xinhangdao AWMS GHG Mitigation Project In Shangqiu City,China,methane,"Livestock, enteric fermentatio",42720,"34.497,116.154",,,,,,,,,outside_cm_coverage,outside_cm_coverage
405,Banpong Tapioca Flour Industrial Wastewater Treatment and Biogas Utilisation Project,Thailand,methane,Waste handling and disposal,42708,"13.800,99.900",,,,,,,,,outside_cm_coverage,outside_cm_coverage
3950,Gansu Hui County Muge Swine Farm Manure Management System GHG Mitigation Project,China,methane,Energy industries (renewable/n,42656,"33.514,106.522",,,,,,,,,outside_cm_coverage,outside_cm_coverage
5218,VCS Development Project of Methane Emission Reduction in Dairy Farming in Yongchang Pasture,China,methane,"Livestock, enteric fermentatio",41999,"38.268,102.324",,,,,,,,,outside_cm_coverage,outside_cm_coverage
4347,Hunan Anfu PP Recycling Project,China,methane,Waste handling and disposal,41565,"29.481,111.644",,,,,,,,,outside_cm_coverage,outside_cm_coverage
5052,Tech-Bank Swine Manure Composting Project in Jiangsu Province,China,methane,"Livestock, enteric fermentatio",41050,"33.320,119.387",,,,,,,,,outside_cm_coverage,outside_cm_coverage
2861,Laifeng County Jiulongpan domestic waste landfill pollution control and comprehensive utilization project,China,methane,Energy industries (renewable/n,40612,"29.449,109.382",,,,,,,,,outside_cm_coverage,outside_cm_coverage
2516,Lianyuan LFG Power Generation Project,China,methane,Energy industries (renewable/n,40563,"27.746,111.688",,,,,,,,,outside_cm_coverage,outside_cm_coverage
2355,Suzhou Qizishan MSW landfill site redundant LFG recovery to power project,China,methane,Energy industries (renewable/n,40317,"31.238,120.554",,,,,,,,,outside_cm_coverage,outside_cm_coverage
272,Burwood Landfill Gas to Queen Elizabeth II Park,New Zealand,methane,Energy industries (renewable/n,40000,"-43.464,172.710",,,,,,,,,outside_cm_coverage,outside_cm_coverage
4216,"Wen County BCCY New Energy Co., Ltd Landfill Gas Direct Combustion Utilization Heating Project",China,methane,Energy industries (renewable/n,39832,"34.986,113.144",,,,,,,,,outside_cm_coverage,outside_cm_coverage
82,Wastewater Treatment with Biogas Production (UASB) and Heat Utilization at General Starch Co Ltd.,Thailand,methane,Waste handling and disposal,39411,"14.343,102.636",,,,,,,,,outside_cm_coverage,outside_cm_coverage
3871,Yangxiang AWMS GHG Mitigation Project in Liaoning Province,China,methane,Waste handling and disposal,39209,"42.122,122.493",,,,,,,,,outside_cm_coverage,outside_cm_coverage
3944,Jinmu AWMS GHG Mitigation Project in Liaoning Province,China,methane,"Livestock, enteric fermentatio",38716,"42.197,122.692",,,,,,,,,outside_cm_coverage,outside_cm_coverage
4478,Municipal Solid Waste Treatment by Composting in Ghaziabad Nagar Nigam,India,methane,Waste handling and disposal,38693,"28.668,77.450",,,,,,,,,outside_cm_coverage,outside_cm_coverage
2879,Henan Lehuijia Composting Project,China,methane,"Livestock, enteric fermentatio",38379,"31.985,115.681",,,,,,,,,outside_cm_coverage,outside_cm_coverage
3869,Yangxiang AWMS GHG Mitigation Project in Hebei province,China,methane,Waste handling and disposal,38242,"38.134,115.589",,,,,,,,,outside_cm_coverage,outside_cm_coverage
2753,Sustainable Biogas Project for Community Empowerment,India,methane,Energy industries (renewable/n,38236,"29.059,76.086",,,,,,,,,outside_cm_coverage,outside_cm_coverage
4703,Xingning Tokzin PET Recycling Project,China,methane,Waste handling and disposal,38176,"24.186,115.678",,,,,,,,,outside_cm_coverage,outside_cm_coverage
4848,Starch Plus Wastewater Treatment And Biogas Utilisation Project,Thailand,methane,Energy industries (renewable/n,37970,"15.270,102.710",,,,,,,,,outside_cm_coverage,outside_cm_coverage
3830,Jiyuan Weiheng Cow Breeding Farm Biogas Recovery and Utilization Project,China,methane,Waste handling and disposal,37493,"35.040,112.335",,,,,,,,,outside_cm_coverage,outside_cm_coverage
5336,Shaoyang Xinning LFG Power Generation Project,China,methane,Energy industries (renewable/n,37355,"26.494,110.826",,,,,,,,,outside_cm_coverage,outside_cm_coverage
430,Chol Charoen Group Wastewater Treatment with Biogas System I (Cholburi),Thailand,methane,Waste handling and disposal,37292,"13.296,101.152",,,,,,,,,outside_cm_coverage,outside_cm_coverage
4011,Qinghai Taiheyuan Swine Farm Manure Management System GHG Mitigation Project,China,methane,"Livestock, enteric fermentatio",37258,"36.935,101.987",,,,,,,,,outside_cm_coverage,outside_cm_coverage
4169,Wuwei Liangzhou Municipal Solid Waste Incineration Power Generation Project,China,methane,Energy industries (renewable/n,37198,"37.962,102.756",,,,,,,,,outside_cm_coverage,outside_cm_coverage
417,P.S.C Starch Wastewater Treatment and Biogas Utilization Project,Thailand,methane,Waste handling and disposal,36973,"13.302,101.364",,,,,,,,,outside_cm_coverage,outside_cm_coverage
4367,Zhenyuan Swine Farm AWMS GHG Mitigation Project,China,methane,"Livestock, enteric fermentatio",36193,"27.350,108.216",,,,,,,,,outside_cm_coverage,outside_cm_coverage
3949,Waste Management Project-1 by GLOBAL CARBON SOLUTIONS,India,methane,Transport; Waste handling and ,35936,"12.980,79.531",,,,,,,,,outside_cm_coverage,outside_cm_coverage
5210,Panzhou County Chicken Farm Manure Composting Project,China,methane,"Livestock, enteric fermentatio",35865,"25.923,104.844",,,,,,,,,outside_cm_coverage,outside_cm_coverage
2680,Yichang Huangjiawan MSW Landfill site LFG Recovery to power project,China,methane,Energy industries (renewable/n,35795,"30.757,111.322",,,,,,,,,outside_cm_coverage,outside_cm_coverage
4182,Guantao Qingfeng Biological Manure Management Greenhouse Gas Emission Reduction Project,China,methane,"Livestock, enteric fermentatio",35654,"36.514,115.212",,,,,,,,,outside_cm_coverage,outside_cm_coverage
3061,Hexian MSW Landfill Site LFG recovery to power project,China,methane,Energy industries (renewable/n,35559,"31.460,118.120",,,,,,,,,outside_cm_coverage,outside_cm_coverage
2260,Shandong Laiwu Landfill Gas Recovery and Power Generation Project,China,methane,Energy industries (renewable/n,35497,"36.284,117.728",,,,,,,,,outside_cm_coverage,outside_cm_coverage
4198,Yongtai Danyun Duck Farm Manure Composting Project,China,methane,"Livestock, enteric fermentatio",35490,"25.986,119.013",,,,,,,,,outside_cm_coverage,outside_cm_coverage
5281,Suide County Urban MSW Landfill Biogas Pollution Control and Comprehensive Utilization Project,China,methane,Energy industries (renewable/n,35258,"37.468,110.262",,,,,,,,,outside_cm_coverage,outside_cm_coverage
4887,WASTEWATER TO BIOGAS GROUPED PROJECT,Malaysia,methane,Waste handling and disposal,35217,"3.183,102.457",,,,,,,,,outside_cm_coverage,outside_cm_coverage
4443,Jinan Pingyin Youran Dairy Cattle Manure Management Project,China,methane,"Livestock, enteric fermentatio",35133,"36.078,116.522",,,,,,,,,outside_cm_coverage,outside_cm_coverage
2593,Botou Hengjie MSW landfill site LFG comprehensive utilization project,China,methane,Energy industries (renewable/n,35034,"38.138,116.587",,,,,,,,,outside_cm_coverage,outside_cm_coverage
426,"Wastewater Treatment with Biogas System in Palm Oil Mill at Sawi, Chumporn,Thailand",Thailand,methane,Waste handling and disposal,35028,"10.293,99.091",,,,,,,,,outside_cm_coverage,outside_cm_coverage
2859,Jingbian County MSW landfill site LFG pollution treatment and  comprehensive utilization project,China,methane,Energy industries (renewable/n,34922,"37.519,108.849",,,,,,,,,outside_cm_coverage,outside_cm_coverage
3873,Yangxiang AWMS GHG Mitigation Project in Zhejiang province,China,methane,Waste handling and disposal,34762,"29.486,118.598",,,,,,,,,outside_cm_coverage,outside_cm_coverage
4097,Zhejiang Shengtang Recycling Materials from E-waste Project,China,methane,Waste handling and disposal,34113,"30.450,120.098",,,,,,,,,outside_cm_coverage,outside_cm_coverage
4715,Jinghai Leachate Anaerobic Biogas Utilization Project,China,methane,Energy industries (renewable/n,33996,"38.490,116.560",,,,,,,,,outside_cm_coverage,outside_cm_coverage
2860,Dak Lak Wastewater Treatment with Biogas System and Methane Recovery,Viet Nam,methane,Waste handling and disposal,33233,"12.503,108.537",,,,,,,,,outside_cm_coverage,outside_cm_coverage
3766,Gansu Ganzhou Biogas Recovery and Utilization Project,China,methane,Energy industries (renewable/n,33220,"39.003,100.362",,,,,,,,,outside_cm_coverage,outside_cm_coverage
3969,Hebei Handan Damingchang Biogas Recovery and Utilization Project,China,methane,Energy industries (renewable/n,33017,"36.189,115.283",,,,,,,,,outside_cm_coverage,outside_cm_coverage
3078,Puyang County Rural MSW Landfill Site LFG Pollution Treatment and Comprehensive Utilization Project,China,methane,Energy industries (renewable/n,32916,"35.589,115.108",,,,,,,,,outside_cm_coverage,outside_cm_coverage
4279,Monsoon Methane Avoidance from Industrial Wastewater in Malaysia Grouped Project,Malaysia,methane,Waste handling and disposal,32423,"4.056,101.139",,,,,,,,,outside_cm_coverage,outside_cm_coverage
2679,Jiyuan MSW Landfill Site LFG Recovery to Power Project,China,methane,Energy industries (renewable/n,32397,"35.001,112.546",,,,,,,,,outside_cm_coverage,outside_cm_coverage
461,Ratchaburi Farms Biogas Project at Veerachai Farm,Thailand,methane,Waste handling and disposal,32092,"13.409,99.690",,,,,,,,,outside_cm_coverage,outside_cm_coverage
3177,Puyang County MSW Landfill Site LFG Pollution Treatment and Comprehensive Utilization Project,China,methane,Energy industries (renewable/n,31961,"35.713,115.108",,,,,,,,,outside_cm_coverage,outside_cm_coverage
3070,Liucheng County MSW Landfill Site LFG Recovery and Comprehensive Utilization Project,China,methane,Energy industries (renewable/n,31942,"24.634,109.173",,,,,,,,,outside_cm_coverage,outside_cm_coverage
866,"METHANE RECOVERY IN WASTEWATER TREATMENT, PROJECT AIN07-W-05, SUMATERA UTARA, INDONESIA",Indonesia,methane,Waste handling and disposal,31757,"2.054,100.068",,,,,,,,,outside_cm_coverage,outside_cm_coverage
2537,Gansu Gaotai Biogas Recovery and Utilization Project,China,methane,Energy industries (renewable/n,31631,"39.271,99.760",,,,,,,,,outside_cm_coverage,outside_cm_coverage
3981,Qinghai Muge Swine Farm Manure Management System GHG Mitigation Project,China,methane,"Livestock, enteric fermentatio",30789,"36.291,95.245",,,,,,,,,outside_cm_coverage,outside_cm_coverage
4496,Jiangxi Xinsheng Swine Farm Manure Management System GHG Mitigation Project,China,methane,Energy industries (renewable/n,30750,"26.765,114.083",,,,,,,,,outside_cm_coverage,outside_cm_coverage
4649,CBG Plant at Sainsons,India,methane,Transport; Waste handling and ,30091,"30.016,76.528",,,,,,,,,outside_cm_coverage,outside_cm_coverage
5334,Zhengzhou Lvyuan Food Waste Treatment Project,China,methane,Energy industries (renewable/n,30090,"34.655,113.604",,,,,,,,,outside_cm_coverage,outside_cm_coverage
5362,Shuangjianghu Wastewater Treatment Plant Project,China,methane,Waste handling and disposal,29269,"29.249,120.017",,,,,,,,,outside_cm_coverage,outside_cm_coverage
2499,Guangzhou Huadu Shiling LFG Power Generation Project,China,methane,Waste handling and disposal,29193,"23.492,113.098",,,,,,,,,outside_cm_coverage,outside_cm_coverage
4368,"Waste to Energy Project in Chennai, Tamil Nadu",India,methane,Energy industries (renewable/n,28918,"13.075,80.251",,,,,,,,,outside_cm_coverage,outside_cm_coverage
4334,"Biogas Project in Cuddalore, India",India,methane,Transport; Waste handling and ,28669,"11.722,79.658",,,,,,,,,outside_cm_coverage,outside_cm_coverage
4940,Taiping Township Waste Resource Utilization Project,China,methane,Energy industries (renewable/n,28578,"45.934,125.969",,,,,,,,,outside_cm_coverage,outside_cm_coverage
4349,Yueyang LFG Power Generation Project,China,methane,Energy industries (renewable/n,28517,"29.187,113.190",,,,,,,,,outside_cm_coverage,outside_cm_coverage
411,Chorchaiwat Wastewater Treatment and Biogas Utilization Project,Thailand,methane,Energy industries (renewable/n,26662,"12.839,100.957",,,,,,,,,outside_cm_coverage,outside_cm_coverage
4731,"Biogas based Poultry Waste Management Project at Siddipet District, Telangana State, India",India,methane,Energy industries (renewable/n,26608,"17.695,78.571",,,,,,,,,outside_cm_coverage,outside_cm_coverage
862,"AMA08-W-24, METHANE RECOVERY IN WASTEWATER TREATMENT PAHANG, MALAYSIA",Malaysia,methane,Waste handling and disposal,26568,"2.992,102.819",,,,,,,,,outside_cm_coverage,outside_cm_coverage
4781,Guangxi Guigang Food Waste Recycling Project,China,methane,Energy industries (renewable/n,26194,"23.169,109.736",,,,,,,,,outside_cm_coverage,outside_cm_coverage
3077,Huojia County Second MSW Landfill Site LFG Pollution Treatment and Comprehensive Utilization Project,China,methane,Energy industries (renewable/n,25744,"35.163,113.538",,,,,,,,,outside_cm_coverage,outside_cm_coverage
2093,Waste to Energy Projects by Mahindra Waste to Energy Solutions Limited,India,methane,Energy industries (renewable/n,25707,"19.901,75.352",,,,,,,,,outside_cm_coverage,outside_cm_coverage
3667,SHANDONG BEICHEN BREEDING SWINE FARM COMPOSTING PROJECT,China,methane,"Livestock, enteric fermentatio",25169,"37.788,118.194",,,,,,,,,outside_cm_coverage,outside_cm_coverage
3060,Wushan County MSW Landfill Site LFG Pollution Treatment and Comprehensive Utilization Project,China,methane,Energy industries (renewable/n,24770,"31.500,109.500",,,,,,,,,outside_cm_coverage,outside_cm_coverage
163,Imudia Utilization of Coal-Mine-Methane,Germany,methane,Waste handling and disposal,24099,"51.594,7.431",,,,,,,,,outside_cm_coverage,outside_cm_coverage
408,Thanawat wastewater treatment and biogas utilization project,Thailand,methane,Waste handling and disposal,22259,"15.981,99.782",,,,,,,,,outside_cm_coverage,outside_cm_coverage
2752,Waste Energy project in Andhra Pradesh & Rajasthan,India,methane,Waste handling and disposal,21855,"13.575,78.528",,,,,,,,,outside_cm_coverage,outside_cm_coverage
861,"AMA08-W-21, METHANE RECOVERY IN WASTEWATER TREATMENT JOHOR, MALAYSIA",Malaysia,methane,Waste handling and disposal,21671,"2.167,103.485",,,,,,,,,outside_cm_coverage,outside_cm_coverage
4578,Biochar Project-1 by WeAct,India,methane,Waste handling and disposal,21326,"17.619,78.082",,,,,,,,,outside_cm_coverage,outside_cm_coverage
4245,Biogas to electricity generation group project in India,India,methane,Energy industries (renewable/n,20862,"18.520,73.857",,,,,,,,,outside_cm_coverage,outside_cm_coverage
864,"AMA08-W-23, METHANE RECOVERY IN WASTEWATER TREATMENT SARAWAK, MALAYSIA",Malaysia,methane,Waste handling and disposal,20002,"3.777,114.104",,,,,,,,,outside_cm_coverage,outside_cm_coverage
4614,GER Recycled PP Project,China,methane,Waste handling and disposal,19600,"28.100,115.780",,,,,,,,,outside_cm_coverage,outside_cm_coverage
4745,Henan CP Group Swine Farm Biogas Recovery and Utilization Project,China,methane,"Livestock, enteric fermentatio",19393,"33.700,112.806",,,,,,,,,outside_cm_coverage,outside_cm_coverage
3058,Jiayu MSW Landfill Site LFG Pollution Treatment and Comprehensive Utilization Project,China,methane,Energy industries (renewable/n,19168,"29.827,113.896",,,,,,,,,outside_cm_coverage,outside_cm_coverage
3064,Chenxi MSW Landfill Site LFG Pollution Treatment and Comprehensive Utilization Project,China,methane,Energy industries (renewable/n,18098,"27.998,110.168",,,,,,,,,outside_cm_coverage,outside_cm_coverage
335,"Methane Recovery Project Aben, Wanroij, North Brabant, The Netherlands",Netherlands,methane,Energy industries (renewable/n,18021,"51.669,5.825",,,,,,,,,outside_cm_coverage,outside_cm_coverage
4677,Jinshan Songlin Market Swine Manure Utilization Project,China,methane,Waste handling and disposal,17927,"30.805,121.211",,,,,,,,,outside_cm_coverage,outside_cm_coverage
2831,SHANDONG LIJIN BREEDING SWINE FARM BIOGAS RECOVERY PROJECT,China,methane,Waste handling and disposal,17727,"37.603,118.163",,,,,,,,,outside_cm_coverage,outside_cm_coverage
860,"AMA08-W-22, METHANE RECOVERY IN WASTEWATER TREATMENT JOHOR, MALAYSIA",Malaysia,methane,Waste handling and disposal,17646,"2.800,102.759",,,,,,,,,outside_cm_coverage,outside_cm_coverage
407,Chakangrao Starch wastewater treatment and biogas utilization project,Thailand,methane,Waste handling and disposal,17415,"15.943,99.490",,,,,,,,,outside_cm_coverage,outside_cm_coverage
367,Kitroongruang Biogas Energy Project,Thailand,methane,Waste handling and disposal,17328,"12.770,101.148",,,,,,,,,outside_cm_coverage,outside_cm_coverage
337,"Methane Recovery Project Princepeel Wilbertoord, North Brabant, The Netherlands",Netherlands,methane,Energy industries (renewable/n,17209,"51.663,5.740",,,,,,,,,outside_cm_coverage,outside_cm_coverage
450,Midshore Regional Solid Waste Facility (MRSWF) Landfill Gas Combustion Project,United States,methane,Energy industries (renewable/n,17132,"38.752,76.023",,,,,,,,,outside_cm_coverage,outside_cm_coverage
415,VP Biosupply Wastewater Treatment and Biogas Utilization Project,Thailand,methane,Energy industries (renewable/n,16563,"14.428,102.377",,,,,,,,,outside_cm_coverage,outside_cm_coverage
427,Chol Charoen Group Wastewater Treatment with Biogas System I (Khonkaen),Thailand,methane,Energy industries (renewable/n,16280,"16.808,103.086",,,,,,,,,outside_cm_coverage,outside_cm_coverage
467,Chol Charoen Group Wastewater Treatment with Biogas System I (Kampangpet),Thailand,methane,Energy industries (renewable/n,15322,"16.267,99.594",,,,,,,,,outside_cm_coverage,outside_cm_coverage
5152,VCS project of Leifeng water purification plant sewage treatment system,China,methane,Waste handling and disposal,14060,"28.167,112.816",,,,,,,,,outside_cm_coverage,outside_cm_coverage
4996,"AVOIDANCE OF METHANE EMISSION THROUGH VERMICOMPOST GENERATION IN THE TEA ESTATES OF AMALGAMATED PLANTATIONS PVT LTD (APPL), ASSAM AND NORTH BENGAL, INDIA",India,methane,Waste handling and disposal,13895,"27.354,95.649",,,,,,,,,outside_cm_coverage,outside_cm_coverage
4707,Danish Crown Methane Destruction Voluntary Carbon Offset Group Project in Denmark  (PTB),Denmark,methane,"Livestock, enteric fermentatio",13532,"55.553,11.671",,,,,,,,,outside_cm_coverage,outside_cm_coverage
428,Chol Charoen Group Wastewater Treatment with Biogas System I (Chacherngsao),Thailand,methane,Energy industries (renewable/n,13108,"13.692,101.502",,,,,,,,,outside_cm_coverage,outside_cm_coverage
3945,Yangxiang AWMS GHG Mitigation Project In Anhui Province,China,methane,Waste handling and disposal,12974,"32.193,116.891",,,,,,,,,outside_cm_coverage,outside_cm_coverage
4413,Household Biogas Program for Smallholder Farmers in India by SPEF and NDDB,India,methane,Energy industries (renewable/n,12319,"20.594,78.963",,,,,,,,,outside_cm_coverage,outside_cm_coverage
2880,"BINZHOU TOPIGS NORSVIN BREEDING SWINE CO., LTD. BINHAI SWINE FARM BIOGAS RECOVERY AND UTILIZATION PROJECT",China,methane,Energy industries (renewable/n,11795,"37.879,118.182",,,,,,,,,outside_cm_coverage,outside_cm_coverage
4589,Biogas-based Manure Management Program,India,methane,Energy industries (renewable/n,11715,"25.240,83.060",,,,,,,,,outside_cm_coverage,outside_cm_coverage
3017,Jiangsu REO-ECO PET RECYCLING PROJECT,China,methane,Waste handling and disposal,10247,"33.304,118.893",,,,,,,,,outside_cm_coverage,outside_cm_coverage
334,"Methane Recovery Project Cleanergy Wanroij, North Brabant, The Netherlands,",Netherlands,methane,Energy industries (renewable/n,9643,"51.652,5.849",,,,,,,,,outside_cm_coverage,outside_cm_coverage
340,"Upgradation, Operation and Maintenance of 200 TPD Composting facility at Okhla, Delhi",India,methane,Waste handling and disposal,8525,"28.554,77.282",,,,,,,,,outside_cm_coverage,outside_cm_coverage
425,Sahamitr Tapioca Chonburi Wastewater Treatment and Biogas Utilization Project,Thailand,methane,Energy industries (renewable/n,8061,"13.059,100.963",,,,,,,,,outside_cm_coverage,outside_cm_coverage
1748,Southern Cardamom REDD+ Project,Cambodia,forest,REDD,3867568,,,,,,,,,,kml_parse_failed,kml_parse_failed
674,Rimba Raya Biodiversity Reserve Project,Indonesia,forest,REDD,3527171,,,,,,,,,,kml_parse_failed,kml_parse_failed
1775,Luangwa Community Forests Project,Zambia,forest,REDD,2985650,1175908.6234690002,,,,,,,,,hansen_read_failed(10S_030E): project scoring timed out,hansen_read_failed(10S_030E): project scoring timed out
2250,Delta Blue Carbon – 1,Pakistan,forest,ARR; WRC,2407629,,,,,,,,,,kml_parse_failed,kml_parse_failed
868,"REDD project in Brazil nut concessions in Madre de Dios, Peru",Peru,forest,REDD,2086089,,,,,,,,,,kml_parse_failed,kml_parse_failed
1153,Shade Coffee & Cacao Reforestation Project,Peru,forest,ARR,1969139,,,,,,,,,,kml_parse_failed,kml_parse_failed
985,Cordillera Azul National Park REDD Project,Peru,forest,REDD,1575268,,,,,,,,,,kml_parse_failed,kml_parse_failed
3677,Ecobase Europe Afforestation Project,Estonia,forest,ARR,1547919,199.98717675728076,,,,,,,,,hansen_read_failed(60N_020E): project scoring timed out,hansen_read_failed(60N_020E): project scoring timed out
2611,CORAZÓN VERDE DEL CHACO PROJECT,Paraguay,forest,REDD,1272472,,,,,,,,,,kml_parse_failed,kml_parse_failed
4268,Family Forest Carbon Project,United States,forest,IFM,845991,119639.43133582218,,,,,,,,,too_many_tiles: 21,too_many_tiles: 21
2551,BRAZILIAN AMAZON APD GROUPED PROJECT,Brazil,forest,REDD,812538,29259.051325160446,,,,,,,,,hansen_read_failed(00N_060W): project scoring timed out,hansen_read_failed(00N_060W): project scoring timed out
1826,Qinghai Afforestation Project,China,forest,ARR; IFM; REDD,766948,,,,,,,,,,kml_parse_failed,kml_parse_failed
4592,Symbiosis Continuous Cover Forest Project,Brazil,forest,ARR,687480,,,,,,,,,,kml_parse_failed,kml_parse_failed
844,Madre de Dios Amazon REDD+ Project,Peru,forest,REDD,659793,,,,,,,,,,kml_parse_failed,kml_parse_failed
4796,CACHOEIRA PORTEIRA CONSERVATION PROJECT,Brazil,forest,IFM,567544,,,,,,,,,,implausible_area: 10826851 ha,implausible_area: 10826851 ha
2373,Yellow Ipê Grouped REDD Project,Brazil,forest,REDD,540179,,,,,,,,,,kml_parse_failed,kml_parse_failed
1811,Jari/Pará REDD+ Project,Brazil,forest,REDD,525314,,,,,,,,,,kml_parse_failed,kml_parse_failed
944,Alto Mayo Conservation Initiative,Peru,forest,REDD,515268,,,,,,,,,,kml_parse_failed,kml_parse_failed
1201,Gola REDD project,Sierra Leone,forest,REDD,498667,,,,,,,,,,kml_parse_failed,kml_parse_failed
2345,Green Gold Loreto 1,Peru,forest,IFM,490291,,,,,,,,,,kml_parse_failed,kml_parse_failed
3743,RE.GREEN ATLANTIC FOREST REFORESTATION/RESTORATION PROJECT,Brazil,forest,ARR,487419,,,,,,,,,,kml_parse_failed,kml_parse_failed
2088,Mangrove Restoration and Sustainable Development in Myanmar,Myanmar,forest,ARR; WRC,403831,,,,,,,,,,kml_parse_failed,kml_parse_failed
2510,"CHINKO CONSERVATION AREA REDD+ PROJECT, CENTRAL AFRICAN REPUBLIC",Central African Republic,forest,REDD,398553,,,,,,,,,,implausible_area: 10436889 ha,implausible_area: 10436889 ha
1689,Tumring REDD+ Project,Cambodia,forest,REDD,378434,,,,,,,,,,kml_parse_failed,kml_parse_failed
2084,"CONSERVATION PROJECT REDD+ SUR DEL META BOSQUES DE PAZ, SUSTENTO DE VIDA",Colombia,forest,REDD,374315,,,,,,,,,,kml_parse_failed,kml_parse_failed
832,Cikel Brazilian Amazon REDD APD Project   Avoiding Planned Deforestation,Brazil,forest,REDD,370000,,,,,,,,,,kml_parse_failed,kml_parse_failed
2958,Lanao del Sur Bamboo Reforestation Project,Philippines,forest,ARR,315067,,,,,,,,,,kml_parse_failed,kml_parse_failed
2623,Komaza Smallholder Farmer Forestry Kenya,Kenya,forest,ARR,286630,2968.564382970583,,,,,,,,,too_many_tiles: 77,too_many_tiles: 77
3632,"Eastern Cape Bamboo Forestry Project, South Africa",South Africa,forest,ARR,272471,,,,,,,,,,kml_parse_failed,kml_parse_failed
899,"TIST Program in Kenya, VCS 006",Kenya,forest,ARR,233275,,,,,,,,,,kml_parse_failed,kml_parse_failed
3996,Family Forest Carbon Program - Central Appalachia,United States,forest,IFM,231124,,,,,,,,,,kml_parse_failed,kml_parse_failed
3814,Chestnut Carbon Conservation Project,United States,forest,IFM,221312,653.0160020006574,,,,,,,,,hansen_read_failed(40N_090W): project scoring timed out,hansen_read_failed(40N_090W): project scoring timed out
3628,"Eastern Cape Restoration Project, South Africa - Somerset East",South Africa,forest,ARR,218083,,,,,,,,,,kml_parse_failed,kml_parse_failed
4042,Cauaxi REDD+ Grouped Project,Brazil,forest,REDD,190881,,,,,,,,,,kml_parse_failed,kml_parse_failed
2929,"Bandai Hills Bamboo Reforestation Project, Ghana",Ghana,forest,ARR,188926,,,,,,,,,,kml_parse_failed,kml_parse_failed
1764,"Reforestation and Restoration of degraded mangrove lands, sustainable livelihoods and community development in Myanmar",Myanmar,forest,ARR; WRC,184006,,,,,,,,,,kml_parse_failed,kml_parse_failed
1141,Fresh Breeze Afforestation Project,Mexico,forest,ARR,171808,4888.730496796644,,,,,,,,,hansen_read_failed(20N_100W): project scoring timed out,hansen_read_failed(20N_100W): project scoring timed out
3627,"Eastern Cape Restoration Project, South Africa - Makhanda",South Africa,forest,ARR,157919,,,,,,,,,,kml_parse_failed,kml_parse_failed
1113,The Valparaiso Project,Brazil,forest,REDD,153853,,,,,,,,,,kml_parse_failed,kml_parse_failed
1503,RESEX Rio Preto-Jacundá REDD+ Project,Brazil,forest,REDD,151801,,,,,,,,,,kml_parse_failed,kml_parse_failed
2404,Reforestation of degraded land by MTPL in India,India,forest,ARR,146998,,,,,,,,,,kml_parse_failed,kml_parse_failed
641,Redd Forests Grouped Project: Protection of Tasmanian Native Forest,Australia,forest,IFM,144582,,,,,,,,,,kml_parse_failed,kml_parse_failed
672,"INFAPRO Rehabilitation of logged-over dipterocarp forest in Sabah, Malaysia",Malaysia,forest,IFM,138013,,,,,,,,,,kml_parse_failed,kml_parse_failed
1900,Makame Savannah REDD,Tanzania,forest,REDD,136411,,,,,,,,,,kml_parse_failed,kml_parse_failed
959,‘Guanaré’ Forest Plantations on degraded grasslands under extensive grazing,Uruguay,forest,ARR,127416,,,,,,,,,,kml_parse_failed,kml_parse_failed
607,Darkwoods Forest Carbon Project,Canada,forest,IFM,124847,,,,,,,,,,kml_parse_failed,kml_parse_failed
2497,"TIST Program in Uganda, VCS-CCB 011",Uganda,forest,ARR,121978,1130.1232744208314,,,,,,,,,hansen_read_failed(00N_030E): project scoring timed out,hansen_read_failed(00N_030E): project scoring timed out
1112,The Russas Project,Brazil,forest,REDD,120147,,,,,,,,,,kml_parse_failed,kml_parse_failed
1218,"Evio Kuiñaji Ese´Eja Cuana, To Mitigate Climate Change, Madre de Dios - Perú",Peru,forest,REDD,114410,,,,,,,,,,kml_parse_failed,kml_parse_failed
3223,CONSERVATION AND RESTORATION OF THE MANGROVE ECOSYSTEM IN THE GAMBIA THROUGH THE REDD+ MECHANISM,Gambia,forest,ARR; WRC,110002,,,,,,,,,,kml_parse_failed,kml_parse_failed
852,Rio Bravo Climate Action Project,Belize,forest,REDD,94970,,,,,,,,,,kml_parse_failed,kml_parse_failed
2338,"TIST Program in Kenya, VCS-CCB 010",Kenya,forest,ARR,93619,,,,,,,,,,kml_parse_failed,kml_parse_failed
996,"TIST Program in Kenya, VCS 009",Kenya,forest,ARR,88163,,,,,,,,,,kml_parse_failed,kml_parse_failed
3350,THE ARR HORIZONTE CARBON PROJECT,Brazil,forest,ARR,86995,,,,,,,,,,kml_parse_failed,kml_parse_failed
737,"TIST Program in Kenya, VCS 005",Kenya,forest,ARR,86694,,,,,,,,,,kml_parse_failed,kml_parse_failed
673,Natural High Forest Rehabilitation Project on degraded land of Kibale National Park,Uganda,forest,ARR,74181,,,,,,,,,,kml_parse_failed,kml_parse_failed
1147,Amazon Rio IFM,Brazil,forest,IFM,61238,,,,,,,,,,kml_parse_failed,kml_parse_failed
2619,Tombwe Smallholder Reforestation Project,Zambia,forest,ARR,56657,,,,,,,,,,kml_parse_failed,kml_parse_failed
960,Lumin/Eucapine Uruguay Forest Plantations on degraded grasslands under extensive grazing,Uruguay,forest,ARR,56019,,,,,,,,,,kml_parse_failed,kml_parse_failed
4265,REDD+ Café Apuí Agroflorestal,Brazil,forest,REDD,55052,,,,,,,,,,kml_parse_failed,kml_parse_failed
1463,India Sundarbans Mangrove Restoration,India,forest,ARR,51249,,,,,,,,,,kml_parse_failed,kml_parse_failed
3211,BISIGNANO AND MESORACA PROJECT OF AFFORESTATION OF THE AGRICULTURAL COMPANY GAIA SRL BAMBOO PLANTS,Italy,forest,ARR,48643,,,,,,,,,,implausible_area: 6 ha,implausible_area: 6 ha
514,Promoting Sustainable Development through Natural Rubber Tree Plantations in Guatemala,Guatemala,forest,ARR,46434,,,,,,,,,,kml_parse_failed,kml_parse_failed
2361,Afforestation in cooperation with local landowners for Forestal San Pedro S.A,Paraguay,forest,ARR,45549,,,,,,,,,,kml_parse_failed,kml_parse_failed
2576,Montes del Este afforestation through high quality timber in degraded grasslands,Uruguay,forest,ARR,38000,,,,,,,,,,kml_parse_failed,kml_parse_failed
2319,"Agroforestry plantation Bateke Plateau, Republic of Congo",Congo,forest,ARR,36102,,,,,,,,,,kml_parse_failed,kml_parse_failed
3574,Grouped plantation activity in various states of India,India,forest,ARR,34146,1093.2124262458271,,,,,,,,,hansen_read_failed(30N_090E): project scoring timed out,hansen_read_failed(30N_090E): project scoring timed out
4513,Argentina Gran Chaco Region REDD+ Project,Argentina,forest,REDD,33035,,,,,,,,,,implausible_area: 64809231 ha,implausible_area: 64809231 ha
3572,GROUPED AGROFORESTRY PROJECT IN VARIOUS STATES OF INDIA,India,forest,ARR,30926,1905.1466997773125,,,,,,,,,hansen_read_failed(30N_090E): project scoring timed out,hansen_read_failed(30N_090E): project scoring timed out
1318,Livelihoods' mangrove restoration grouped project in Senegal,Senegal,forest,ARR,30000,,,,,,,,,,implausible_area: 10606578 ha,implausible_area: 10606578 ha
3360,Developing climate resilience of the coastal communities of Sundarbans through Mangrove Afforestation,India,forest,ARR; WRC,29782,,,,,,,,,,kml_parse_failed,kml_parse_failed
3549,Community Based Forest Plantation in India,India,forest,ARR,28717,825.5415154487137,,,,,,,,,hansen_read_failed(30N_080E): project scoring timed out,hansen_read_failed(30N_080E): project scoring timed out
1538,ECO2 Rubber Forests Guatemala,Guatemala,forest,ARR,28033,,,,,,,,,,kml_parse_failed,kml_parse_failed
824,"TIST Program in Uganda, VCS 001",Uganda,forest,ARR,24348,,,,,,,,,,kml_parse_failed,kml_parse_failed
4072,Fazenda Boa Vista afforestation project,Brazil,forest,ARR,21424,,,,,,,,,,kml_parse_failed,kml_parse_failed
993,"TIST Program in Uganda, VCS 005",Uganda,forest,ARR,19342,,,,,,,,,,kml_parse_failed,kml_parse_failed
594,"TIST Program in Kenya, VCS 001",Kenya,forest,ARR,14701,,,,,,,,,,kml_parse_failed,kml_parse_failed
596,"TIST Program in Kenya, VCS 003",Kenya,forest,ARR,14482,,,,,,,,,,kml_parse_failed,kml_parse_failed
597,"TIST Program in Kenya, VCS 004",Kenya,forest,ARR,13790,,,,,,,,,,kml_parse_failed,kml_parse_failed
595,"TIST Program in Kenya, VCS 002",Kenya,forest,ARR,13663,,,,,,,,,,kml_parse_failed,kml_parse_failed
3555,Agroforestry Plantations in the Country by Greenply,India,forest,ARR,13303,2282.5477958038787,,,,,,,,,hansen_read_failed(30N_090E): project scoring timed out,hansen_read_failed(30N_090E): project scoring timed out
827,"TIST Program in Uganda, VCS 003",Uganda,forest,ARR,13112,,,,,,,,,,kml_parse_failed,kml_parse_failed
4090,Goldbeck Forest Carbon Project,United States,forest,IFM,12871,,,,,,,,,,kml_parse_failed,kml_parse_failed
953,The Paraguay Forest Conservation Project - Reduction of GHG emissions from deforestation and forest degradation in the Chaco-Pantanal ecosystem,Paraguay,forest,REDD,12784,,,,,,,,,,kml_parse_failed,kml_parse_failed
987,Reforestation of Degraded Forest Reserves in Ghana,Ghana,forest,ARR,8815,,,,,,,,,,kml_parse_failed,kml_parse_failed
2750,Saving Colombia's Cloud Forest,Colombia,forest,ARR,7920,,,,,,,,,,kml_parse_failed,kml_parse_failed
995,"TIST Program in Uganda, VCS 006",Uganda,forest,ARR,7787,,,,,,,,,,kml_parse_failed,kml_parse_failed
2322,Monet Forest Conservation Project,Canada,forest,IFM,7552,,,,,,,,,,kml_parse_failed,kml_parse_failed
3363,Westphalen Forest Carbon Project,Germany,forest,IFM,7049,,,,,,,,,,kml_parse_failed,kml_parse_failed
738,"Carbon Project in the Emas-Taquari Biodiversity Corridor, Goiás and Mato Grosso do Sul, Brazil",Brazil,forest,ARR,6870,,,,,,,,,,kml_parse_failed,kml_parse_failed
4598,Enhancing Livelihoods of Farmers in Gujarat through Agroforestry Plantations by SHBVM,India,forest,ARR,6465,,,,,,,,,,kml_parse_failed,kml_parse_failed
3566,Livelihood improvement by agroforestry plantation in India,India,forest,ARR,6420,,,,,,,,,,kml_parse_failed,kml_parse_failed
3560,Improving livelihoods through Agroforestry Plantations in India,India,forest,ARR,5990,,,,,,,,,,kml_parse_failed,kml_parse_failed
818,Protection of the Bolivian Amazon Forest,Bolivia,forest,REDD,5885,,,,,,,,,,kml_parse_failed,kml_parse_failed
2386,Rotunda Forest Carbon Project,Romania,forest,IFM,5662,,,,,,,,,,kml_parse_failed,kml_parse_failed
1015,"Community-based reforestation project on degraded lands in Uttar Pradesh, India by Indian Farm Forestry Development Co-operative Limited",India,forest,ARR,5651,,,,,,,,,,kml_parse_failed,kml_parse_failed
4047,CLIMATE SUSTAINABILITY THROUGH HORTICULTURE PROJECT IN INDIA,India,forest,ARR,5645,,,,,,,,,,kml_parse_failed,kml_parse_failed
658,"Reforestation of pastures in Campo Verde with native species, Pucallpa, Peru",Peru,forest,ARR,5600,,,,,,,,,,kml_parse_failed,kml_parse_failed
965,ITAA afforestation on degraded grasslands under extensive grazing,Uruguay,forest,REDD,5451,,,,,,,,,,kml_parse_failed,kml_parse_failed
4137,Productive Second Floor with Macaúba,Brazil,forest,ARR,5212,,,,,,,,,,implausible_area: 211237271 ha,implausible_area: 211237271 ha
1367,EFM Improved Forest Management Group Project,United States,forest,IFM,5001,,,,,,,,,,kml_parse_failed,kml_parse_failed
796,"Alto Huayabamba: Carbon Dioxide sequestration through reforestation with small-scale farmers in Peru, San Martin Region",Peru,forest,ARR,4844,,,,,,,,,,kml_parse_failed,kml_parse_failed
825,"TIST Program in Uganda, VCS 002",Uganda,forest,ARR,4801,,,,,,,,,,kml_parse_failed,kml_parse_failed
826,"TIST Program in Uganda, VCS 004",Uganda,forest,ARR,2958,,,,,,,,,,kml_parse_failed,kml_parse_failed
3208,Wheatbelt Biodiversity Carbon Credit Project,Australia,forest,ARR,2205,,,,,,,,,,kml_parse_failed,kml_parse_failed
1317,Reforestation Grouped Project at Pratigi Environmental Protection Area,Brazil,forest,ARR,1636,,,,,,,,,,kml_parse_failed,kml_parse_failed
1403,"The Paraguay Forest Conservation Project – Reduction of GHG Emissions from Deforestation and Forest Degradation in the Parana Atlantic Ecosystem – Forest Protection in the La Amistad Community, San Rafael",Paraguay,forest,REDD,1265,,,,,,,,,,kml_parse_failed,kml_parse_failed
898,Fuelling a greener future for farmers in Malawi through the use of Jatropha curcas,Malawi,forest,ARR,863,,,,,,,,,,kml_parse_failed,kml_parse_failed
4031,Agroforestry Plantation of ITC Limited In Selected Regions of North India,India,forest,ARR,759,,,,,,,,,,kml_parse_failed,kml_parse_failed
3663,Strengthening rural livelihood through carbon finance to agroforestry practices in Saharanpur Forest Circle of Uttar Pradesh,India,forest,ARR,249,,,,,,,,,,kml_parse_failed,kml_parse_failed
4430,Reflorestamento de Impacto no Brasil Project,Brazil,forest,ARR,239,,,,,,,,,,kml_parse_failed,kml_parse_failed
4126,Community Restoration of Native Ecosystems in Ghana,Ghana,forest,ARR,92,,,,,,,,,,implausible_area: 4 ha,implausible_area: 4 ha
1339,Renencom Afforestation/Reforestation Grouped Project,South Africa,forest,ARR,66,,,,,,,,,,implausible_area: 4 ha,implausible_area: 4 ha
4176,Greenzone Reforestation Project,Cameroon,forest,ARR,35,,,,,,,,,,implausible_area: 3 ha,implausible_area: 3 ha
2547,ACAP Albania Vjosë-Nartë A/R project,Albania,forest,ARR,30,,,,,,,,,,implausible_area: 3 ha,implausible_area: 3 ha
4883,Agroforestry Project of Cameroon,Cameroon,forest,ARR,12,,,,,,,,,,implausible_area: 1 ha,implausible_area: 1 ha
3321,Mount Kenya Regenerative Agroforestry Project,Kenya,forest,ARR,7,,,,,,,,,,implausible_area: 4 ha,implausible_area: 4 ha
829,Jatropha Curcas grouped project in Mali,Mali,forest,ARR,3,,,,,,,,,,kml_parse_failed,kml_parse_failed
