
===== 2026-06-29 00:30 (desk) =====
=== KRX-LISTED VALUE BASKET 2026-06-29  (Korea book; IBKR-listed on KRX, live two-sided; READ-ONLY) ===
  rank: COSMECCA(accum) > COSMAX(wait) | SILICON2 = AVOID/short-bias | HUGEL = event-gated
  NOTE: tradeable on IBKR/KRX IF account Korea-permission enabled; KRW, foreign-flow-dominated + thin — size <10-15% ADTV

  COSMECCA     ₩71,100  [ACCUM] -> ABOVE  > base FV 67,000 — no action
        K-beauty ODM | MED (the edge name) | FV bear ₩40,000/base ₩67,000/bull ₩110,000 (base -6%) | entry ₩62,900-54,000
        thesis: virality-latency edge (Anua/BYOMA ODM confirmed via openFDA whale-ID); full 6-stream DD clean (unqualified audit, RPT clean, top-5 cust <35%). At ~fair value: base FV ₩67k revised DOWN from ₩82k (screen pulled bull-yr EPS forward + peer-PREMIUM multiple). Census HS3304 boom DECELERATING (2024 +54% -> 2025 +5.7% -> 2026 ~flat) = fade the +56%, underwrite 15-20%. NOT a buy above ~62.9k (prob-wtd EV ~+5%, -40% bear tail); accumulate starter <62.9k / core 58-60k / add 52-54k.
        KILL: Q2 (Aug-15) confirms Korea export decel to ~12% + OPM <12% -> toward ₩40k bear / founder-undertaking or governance (failed KOSPI uplisting) re-surfaces / FCF + RPT note (UNVERIFIABLE pre-size) come back bad

  COSMAX      ₩159,100  [WAIT] -> WATCH  above start, below base FV 165,000
        K-beauty ODM (scale leader) | MED-LOW (scale-leader) | FV bear ₩110,000/base ₩165,000/bull ₩230,000 (base +4%) | entry ₩135,000-120,000
        thesis: scale-leader K-beauty ODM ~10x fwd / 0.68x sales; the margin-INFLECTION thesis is REFUTED by Cosmax's OWN deck (OP leverage 'decreased' on mix/cost = STRUCTURAL, not fillable-capacity). China RECOVERING (+19.6%, profitable) so that drag is dated; US +46% but only ~6% of group. Consensus TP 248k is ABOVE the bull case = Street priced for the leg the data refutes. WAIT — re-rate only when consolidated OP growth >= rev growth (deck stops printing 'leverage decreased'); starter <=135k.
        KILL: OP leverage stays negative another quarter / China relapses / US stays <10% of group (no mix help)

  SILICON2     ₩32,650  [AVOID] -> ABOVE  > base FV 32,000 — no action
        K-beauty export aggregator | AVOID / SHORT-bias | FV bear ₩20,000/base ₩32,000/bull ₩54,000 (base -2%) | entry ₩22,000-18,000
        thesis: export AGGREGATOR with the parabola ROLLING OVER (growth 132->85->64->46->60->76->+41% in 1Q26, lowest in 8q, converging to the import-flow run-rate Census 1.13x predicted); margins compressing (OM 22.8->18.6%). 'Purest US beta' is MIS-anchored (Europe #1 34%, NA #2 24%); thin-margin (93%) redistribution wholesaler with disintermediation risk (Anua/medicube sell direct on Amazon US). NOT a buy — a touch of the 18-22k band = it reached the 2nd-leg-DOWN target, informational.
        KILL: (short lens) 2Q26 ~Aug-7 YoY re-accel >45% + Europe inflects + OM recovers >17% = covers the short

  HUGEL       ₩274,500  [EVENT] -> WATCH  above start, below base FV 300,000
        aesthetics (toxin/filler) | EVENT-GATED | FV bear ₩180,000/base ₩300,000/bull ₩430,000 (base +9%) | entry ₩220,000-200,000
        thesis: 47%-margin net-cash toxin franchise (rivals GALD quality); weak stock = JUSTIFIED discount (CBC/Aphrodite ~43% control-auction overhang + Korea-discount), NOT undiscovered. China growing, US ITC tail de-risked. EVENT-GATED: fresh Jun-19-2026 refi (₩765B, matures Jun-2029) reset the auction OUT = 'hold, not sell' — no near-term catalyst; band is a reference, action waits on the control event.
        KILL: control-auction resolves (sale = the catalyst; refi-only = dead money) / China toxin approval slips / ITC tail re-opens

  basket: no action (no new accumulate-band entries, no >8% drops)
[-> krx_value_log.jsonl]  ACCUM names buy-in-band via IBKR/KRX (Korea-permission + <10-15% ADTV); SILICON2 avoid; HUGEL event-gated. No orders.

/Users/ajay/Library/Python/3.9/lib/python/site-packages/urllib3/__init__.py:35: NotOpenSSLWarning: urllib3 v2 only supports OpenSSL 1.1.1+, currently the 'ssl' module is compiled with 'LibreSSL 2.8.3'. See: https://github.com/urllib3/urllib3/issues/3020
  warnings.warn(

===== 2026-06-30 00:30 (desk) =====
=== KRX-LISTED VALUE BASKET 2026-06-30  (Korea book; IBKR-listed on KRX, live two-sided; READ-ONLY) ===
  rank: COSMECCA(accum) > COSMAX(wait) | SILICON2 = AVOID/short-bias | HUGEL = event-gated
  NOTE: tradeable on IBKR/KRX IF account Korea-permission enabled; KRW, foreign-flow-dominated + thin — size <10-15% ADTV

  COSMECCA     ₩69,000  [ACCUM] -> ABOVE  > base FV 67,000 — no action
        K-beauty ODM | MED (the edge name) | FV bear ₩40,000/base ₩67,000/bull ₩110,000 (base -3%) | entry ₩62,900-54,000
        thesis: virality-latency edge (Anua/BYOMA ODM confirmed via openFDA whale-ID); full 6-stream DD clean (unqualified audit, RPT clean, top-5 cust <35%). At ~fair value: base FV ₩67k revised DOWN from ₩82k (screen pulled bull-yr EPS forward + peer-PREMIUM multiple). Census HS3304 boom DECELERATING (2024 +54% -> 2025 +5.7% -> 2026 ~flat) = fade the +56%, underwrite 15-20%. NOT a buy above ~62.9k (prob-wtd EV ~+5%, -40% bear tail); accumulate starter <62.9k / core 58-60k / add 52-54k.
        KILL: Q2 (Aug-15) confirms Korea export decel to ~12% + OPM <12% -> toward ₩40k bear / founder-undertaking or governance (failed KOSPI uplisting) re-surfaces / FCF + RPT note (UNVERIFIABLE pre-size) come back bad

  COSMAX      ₩154,900  [WAIT] -> WATCH  above start, below base FV 165,000
        K-beauty ODM (scale leader) | MED-LOW (scale-leader) | FV bear ₩110,000/base ₩165,000/bull ₩230,000 (base +7%) | entry ₩135,000-120,000
        thesis: scale-leader K-beauty ODM ~10x fwd / 0.68x sales; the margin-INFLECTION thesis is REFUTED by Cosmax's OWN deck (OP leverage 'decreased' on mix/cost = STRUCTURAL, not fillable-capacity). China RECOVERING (+19.6%, profitable) so that drag is dated; US +46% but only ~6% of group. Consensus TP 248k is ABOVE the bull case = Street priced for the leg the data refutes. WAIT — re-rate only when consolidated OP growth >= rev growth (deck stops printing 'leverage decreased'); starter <=135k.
        KILL: OP leverage stays negative another quarter / China relapses / US stays <10% of group (no mix help)

  SILICON2     ₩31,650  [AVOID] -> WATCH  above start, below base FV 32,000
        K-beauty export aggregator | AVOID / SHORT-bias | FV bear ₩20,000/base ₩32,000/bull ₩54,000 (base +1%) | entry ₩22,000-18,000
        thesis: export AGGREGATOR with the parabola ROLLING OVER (growth 132->85->64->46->60->76->+41% in 1Q26, lowest in 8q, converging to the import-flow run-rate Census 1.13x predicted); margins compressing (OM 22.8->18.6%). 'Purest US beta' is MIS-anchored (Europe #1 34%, NA #2 24%); thin-margin (93%) redistribution wholesaler with disintermediation risk (Anua/medicube sell direct on Amazon US). NOT a buy — a touch of the 18-22k band = it reached the 2nd-leg-DOWN target, informational.
        KILL: (short lens) 2Q26 ~Aug-7 YoY re-accel >45% + Europe inflects + OM recovers >17% = covers the short

  HUGEL       ₩264,000  [EVENT] -> WATCH  above start, below base FV 300,000
        aesthetics (toxin/filler) | EVENT-GATED | FV bear ₩180,000/base ₩300,000/bull ₩430,000 (base +14%) | entry ₩220,000-200,000
        thesis: 47%-margin net-cash toxin franchise (rivals GALD quality); weak stock = JUSTIFIED discount (CBC/Aphrodite ~43% control-auction overhang + Korea-discount), NOT undiscovered. China growing, US ITC tail de-risked. EVENT-GATED: fresh Jun-19-2026 refi (₩765B, matures Jun-2029) reset the auction OUT = 'hold, not sell' — no near-term catalyst; band is a reference, action waits on the control event.
        KILL: control-auction resolves (sale = the catalyst; refi-only = dead money) / China toxin approval slips / ITC tail re-opens

  basket: no action (no new accumulate-band entries, no >8% drops)
[-> krx_value_log.jsonl]  ACCUM names buy-in-band via IBKR/KRX (Korea-permission + <10-15% ADTV); SILICON2 avoid; HUGEL event-gated. No orders.

/Users/ajay/Library/Python/3.9/lib/python/site-packages/urllib3/__init__.py:35: NotOpenSSLWarning: urllib3 v2 only supports OpenSSL 1.1.1+, currently the 'ssl' module is compiled with 'LibreSSL 2.8.3'. See: https://github.com/urllib3/urllib3/issues/3020
  warnings.warn(

===== 2026-07-01 01:30 (desk) =====
=== KRX-LISTED VALUE BASKET 2026-07-01  (Korea book; IBKR-listed on KRX, live two-sided; READ-ONLY) ===
  rank: COSMECCA(accum) > COSMAX(wait) | SILICON2 = NEUTRAL/watch (short dropped) | HUGEL = event-gated
  NOTE: tradeable on IBKR/KRX IF account Korea-permission enabled; KRW, foreign-flow-dominated + thin — size <10-15% ADTV
  PRICE SOURCE: yfinance fallback (TWS down) — dashboard keeps the last good IBKR override; note Korean .KQ/.KS lags ~days

  COSMECCA     ₩80,600  [ACCUM] -> ABOVE  > base FV 76,000 — no action
        K-beauty ODM | MED (the edge name) | FV bear ₩40,000/base ₩76,000/bull ₩108,000 (base -6%) | entry ₩70,000-62,000
        thesis: virality-latency edge (Anua/BYOMA ODM confirmed via openFDA whale-ID); clean DD (unqualified audit, top-5 cust <35%, 23% ROE, only profitable dual-region ODM). BASE FV RE-AUDITED 2026-06-30 67k->₩76k: we were ~13% too conservative — the MULTIPLE was the bigger error (peer-minus 11x vs a warranted 12-12.5x for a 2x-category-growth, higher-margin share-gainer), growth over-faded below consensus (anchored to the flat Census aggregate, not COSMECCA's winning book). Earnings-quality caution KEPT (receivables the auditor's sole KAM, neg FCF, governance) = FV 76k not back to 82k. At ~77k = FAIR-to-slightly-rich (no longer the <62.9k bargain — our OLD FV made a band that never triggered); accumulate on a pullback <70k / add <62k. Aug-5 Q2 = re-rate/de-rate trigger.
        KILL: Q2 (Aug-15) confirms Korea export decel to ~12% + OPM <12% -> toward ₩40k bear / founder-undertaking or governance (failed KOSPI uplisting) re-surfaces / FCF + RPT note (UNVERIFIABLE pre-size) come back bad

  COSMAX      ₩165,300  [WAIT] -> WATCH  above start, below base FV 185,000
        K-beauty ODM (scale leader) | MED-LOW (scale-leader) | FV bear ₩110,000/base ₩185,000/bull ₩245,000 (base +12%) | entry ₩135,000-120,000
        thesis: scale-leader K-beauty ODM ~10x fwd / 0.68x sales; the margin-INFLECTION thesis is REFUTED by Cosmax's OWN deck (OP leverage 'decreased' on mix/cost = STRUCTURAL, not fillable-capacity). China RECOVERING (+19.6%, profitable) so that drag is dated; US +46% but only ~6% of group. BASE RE-AUDITED 2026-06-30 165k->185k: we sat below ALL 25 analysts' 170k floor (conservative-multiple reflex) and under-credited net-earnings +312% (below-OP-line: China equity-method + FX) — but we DON'T chase Street 240k because the OP-inflection IS data-refuted (1Q26 OP +3% < rev +16%). WAIT — re-rate only when consolidated OP growth >= rev growth (deck stops printing 'leverage decreased'); starter <=135k.
        KILL: OP leverage stays negative another quarter / China relapses / US stays <10% of group (no mix help)

  SILICON2     ₩35,550  [NEUTRAL] -> WATCH  above start, below base FV 44,000
        K-beauty export aggregator | NEUTRAL / WAIT (short dropped) | FV bear ₩24,000/base ₩44,000/bull ₩58,000 (base +24%) | entry ₩30,000-24,000
        thesis: export AGGREGATOR still growing +41% in 1Q26 (decel 132->85->64->46->60->76->41 but off a HUGE base). SHORT-BIAS DROPPED in the 2026-06-30 re-audit — it was itself a conservative-FV artifact: we (1) anchored a share-GAINER to the flat Census import-flow ('converging to the run-rate') when the winning book compounds above the aggregate, and (2) put a distress 8.4x multiple on a +41% grower, landing base 32k = ~30% below the Street floor 46k. Corrected base ₩44k (KEEP the ~11x DISTRIBUTOR multiple, not a brand multiple — disintermediation is real: Anua/medicube sell direct on Amazon US). At ~fair now: this is fair-to-mildly-cheap, NOT a short. Watch, don't press.
        KILL: 2Q26 ~Aug-7 YoY decel <25% + OM breaks <15% + a named anchor brand pulls its US distribution = re-opens the bear

  HUGEL       ₩274,500  [EVENT] -> WATCH  above start, below base FV 300,000
        aesthetics (toxin/filler) | EVENT-GATED | FV bear ₩180,000/base ₩300,000/bull ₩430,000 (base +9%) | entry ₩220,000-200,000
        thesis: 47%-margin net-cash toxin franchise (rivals GALD quality); weak stock = JUSTIFIED discount (CBC/Aphrodite ~43% control-auction overhang + Korea-discount), NOT undiscovered. China growing, US ITC tail de-risked. EVENT-GATED: fresh Jun-19-2026 refi (₩765B, matures Jun-2029) reset the auction OUT = 'hold, not sell' — no near-term catalyst; band is a reference, action waits on the control event.
        KILL: control-auction resolves (sale = the catalyst; refi-only = dead money) / China toxin approval slips / ITC tail re-opens

  basket: no action (no new accumulate-band entries, no >8% drops)
[-> krx_value_log.jsonl]  ACCUM names buy-in-band via IBKR/KRX (Korea-permission + <10-15% ADTV); SILICON2 neutral/watch; HUGEL event-gated. No orders.

API connection failed: ConnectionRefusedError(61, "Connect call failed ('127.0.0.1', 7496)")
Make sure API port on TWS/IBG is open
API connection failed: ConnectionRefusedError(61, "Connect call failed ('127.0.0.1', 7497)")
Make sure API port on TWS/IBG is open
API connection failed: ConnectionRefusedError(61, "Connect call failed ('127.0.0.1', 4001)")
Make sure API port on TWS/IBG is open
API connection failed: ConnectionRefusedError(61, "Connect call failed ('127.0.0.1', 4002)")
Make sure API port on TWS/IBG is open
/Users/ajay/Library/Python/3.9/lib/python/site-packages/urllib3/__init__.py:35: NotOpenSSLWarning: urllib3 v2 only supports OpenSSL 1.1.1+, currently the 'ssl' module is compiled with 'LibreSSL 2.8.3'. See: https://github.com/urllib3/urllib3/issues/3020
  warnings.warn(

===== 2026-07-02 01:30 (desk) =====
=== KRX-LISTED VALUE BASKET 2026-07-02  (Korea book; IBKR-listed on KRX, live two-sided; READ-ONLY) ===
  rank: COSMECCA(accum) > COSMAX(wait) | SILICON2 = NEUTRAL/watch (short dropped) | HUGEL = event-gated
  NOTE: tradeable on IBKR/KRX IF account Korea-permission enabled; KRW, foreign-flow-dominated + thin — size <10-15% ADTV
  PRICE SOURCE: yfinance fallback (TWS down) — dashboard keeps the last good IBKR override; note Korean .KQ/.KS lags ~days

  COSMECCA     ₩84,300  [ACCUM] -> ABOVE  > base FV 76,000 — no action
        K-beauty ODM | MED (the edge name) | FV bear ₩40,000/base ₩76,000/bull ₩108,000 (base -10%) | entry ₩70,000-62,000
        thesis: virality-latency edge (Anua/BYOMA ODM confirmed via openFDA whale-ID); clean DD (unqualified audit, top-5 cust <35%, 23% ROE, only profitable dual-region ODM). BASE FV RE-AUDITED 2026-06-30 67k->₩76k: we were ~13% too conservative — the MULTIPLE was the bigger error (peer-minus 11x vs a warranted 12-12.5x for a 2x-category-growth, higher-margin share-gainer), growth over-faded below consensus (anchored to the flat Census aggregate, not COSMECCA's winning book). Earnings-quality caution KEPT (receivables the auditor's sole KAM, neg FCF, governance) = FV 76k not back to 82k. At ~77k = FAIR-to-slightly-rich (no longer the <62.9k bargain — our OLD FV made a band that never triggered); accumulate on a pullback <70k / add <62k. Aug-5 Q2 = re-rate/de-rate trigger.
        KILL: Q2 (Aug-15) confirms Korea export decel to ~12% + OPM <12% -> toward ₩40k bear / founder-undertaking or governance (failed KOSPI uplisting) re-surfaces / FCF + RPT note (UNVERIFIABLE pre-size) come back bad

  COSMAX      ₩167,300  [WAIT] -> WATCH  above start, below base FV 185,000
        K-beauty ODM (scale leader) | MED-LOW (scale-leader) | FV bear ₩110,000/base ₩185,000/bull ₩245,000 (base +11%) | entry ₩135,000-120,000
        thesis: scale-leader K-beauty ODM ~10x fwd / 0.68x sales; the margin-INFLECTION thesis is REFUTED by Cosmax's OWN deck (OP leverage 'decreased' on mix/cost = STRUCTURAL, not fillable-capacity). China RECOVERING (+19.6%, profitable) so that drag is dated; US +46% but only ~6% of group. BASE RE-AUDITED 2026-06-30 165k->185k: we sat below ALL 25 analysts' 170k floor (conservative-multiple reflex) and under-credited net-earnings +312% (below-OP-line: China equity-method + FX) — but we DON'T chase Street 240k because the OP-inflection IS data-refuted (1Q26 OP +3% < rev +16%). WAIT — re-rate only when consolidated OP growth >= rev growth (deck stops printing 'leverage decreased'); starter <=135k.
        KILL: OP leverage stays negative another quarter / China relapses / US stays <10% of group (no mix help)

  SILICON2     ₩34,950  [NEUTRAL] -> WATCH  above start, below base FV 44,000
        K-beauty export aggregator | NEUTRAL / WAIT (short dropped) | FV bear ₩24,000/base ₩44,000/bull ₩58,000 (base +26%) | entry ₩30,000-24,000
        thesis: export AGGREGATOR still growing +41% in 1Q26 (decel 132->85->64->46->60->76->41 but off a HUGE base). SHORT-BIAS DROPPED in the 2026-06-30 re-audit — it was itself a conservative-FV artifact: we (1) anchored a share-GAINER to the flat Census import-flow ('converging to the run-rate') when the winning book compounds above the aggregate, and (2) put a distress 8.4x multiple on a +41% grower, landing base 32k = ~30% below the Street floor 46k. Corrected base ₩44k (KEEP the ~11x DISTRIBUTOR multiple, not a brand multiple — disintermediation is real: Anua/medicube sell direct on Amazon US). At ~fair now: this is fair-to-mildly-cheap, NOT a short. Watch, don't press.
        KILL: 2Q26 ~Aug-7 YoY decel <25% + OM breaks <15% + a named anchor brand pulls its US distribution = re-opens the bear

  HUGEL       ₩270,000  [EVENT] -> WATCH  above start, below base FV 300,000
        aesthetics (toxin/filler) | EVENT-GATED | FV bear ₩180,000/base ₩300,000/bull ₩430,000 (base +11%) | entry ₩220,000-200,000
        thesis: 47%-margin net-cash toxin franchise (rivals GALD quality); weak stock = JUSTIFIED discount (CBC/Aphrodite ~43% control-auction overhang + Korea-discount), NOT undiscovered. China growing, US ITC tail de-risked. EVENT-GATED: fresh Jun-19-2026 refi (₩765B, matures Jun-2029) reset the auction OUT = 'hold, not sell' — no near-term catalyst; band is a reference, action waits on the control event.
        KILL: control-auction resolves (sale = the catalyst; refi-only = dead money) / China toxin approval slips / ITC tail re-opens

  basket: no action (no new accumulate-band entries, no >8% drops)
[-> krx_value_log.jsonl]  ACCUM names buy-in-band via IBKR/KRX (Korea-permission + <10-15% ADTV); SILICON2 neutral/watch; HUGEL event-gated. No orders.

API connection failed: ConnectionRefusedError(61, "Connect call failed ('127.0.0.1', 7496)")
Make sure API port on TWS/IBG is open
API connection failed: ConnectionRefusedError(61, "Connect call failed ('127.0.0.1', 7497)")
Make sure API port on TWS/IBG is open
API connection failed: ConnectionRefusedError(61, "Connect call failed ('127.0.0.1', 4001)")
Make sure API port on TWS/IBG is open
API connection failed: ConnectionRefusedError(61, "Connect call failed ('127.0.0.1', 4002)")
Make sure API port on TWS/IBG is open
/Users/ajay/Library/Python/3.9/lib/python/site-packages/urllib3/__init__.py:35: NotOpenSSLWarning: urllib3 v2 only supports OpenSSL 1.1.1+, currently the 'ssl' module is compiled with 'LibreSSL 2.8.3'. See: https://github.com/urllib3/urllib3/issues/3020
  warnings.warn(

===== 2026-07-03 01:31 (desk) =====
=== KRX-LISTED VALUE BASKET 2026-07-03  (Korea book; IBKR-listed on KRX, live two-sided; READ-ONLY) ===
  rank: COSMECCA(accum) > COSMAX(wait) | SILICON2 = NEUTRAL/watch (short dropped) | HUGEL = event-gated
  NOTE: tradeable on IBKR/KRX IF account Korea-permission enabled; KRW, foreign-flow-dominated + thin — size <10-15% ADTV
  PRICE SOURCE: yfinance fallback (TWS down) — dashboard keeps the last good IBKR override; note Korean .KQ/.KS lags ~days

  COSMECCA     ₩82,200  [ACCUM] -> ABOVE  > base FV 76,000 — no action
        K-beauty ODM | MED (the edge name) | FV bear ₩40,000/base ₩76,000/bull ₩108,000 (base -8%) | entry ₩70,000-62,000
        thesis: virality-latency edge (Anua/BYOMA ODM confirmed via openFDA whale-ID); clean DD (unqualified audit, top-5 cust <35%, 23% ROE, only profitable dual-region ODM). BASE FV RE-AUDITED 2026-06-30 67k->₩76k: we were ~13% too conservative — the MULTIPLE was the bigger error (peer-minus 11x vs a warranted 12-12.5x for a 2x-category-growth, higher-margin share-gainer), growth over-faded below consensus (anchored to the flat Census aggregate, not COSMECCA's winning book). Earnings-quality caution KEPT (receivables the auditor's sole KAM, neg FCF, governance) = FV 76k not back to 82k. At ~77k = FAIR-to-slightly-rich (no longer the <62.9k bargain — our OLD FV made a band that never triggered); accumulate on a pullback <70k / add <62k. Aug-5 Q2 = re-rate/de-rate trigger.
        KILL: Q2 (Aug-15) confirms Korea export decel to ~12% + OPM <12% -> toward ₩40k bear / founder-undertaking or governance (failed KOSPI uplisting) re-surfaces / FCF + RPT note (UNVERIFIABLE pre-size) come back bad

  COSMAX      ₩168,300  [WAIT] -> WATCH  above start, below base FV 185,000
        K-beauty ODM (scale leader) | MED-LOW (scale-leader) | FV bear ₩110,000/base ₩185,000/bull ₩245,000 (base +10%) | entry ₩135,000-120,000
        thesis: scale-leader K-beauty ODM ~10x fwd / 0.68x sales; the margin-INFLECTION thesis is REFUTED by Cosmax's OWN deck (OP leverage 'decreased' on mix/cost = STRUCTURAL, not fillable-capacity). China RECOVERING (+19.6%, profitable) so that drag is dated; US +46% but only ~6% of group. BASE RE-AUDITED 2026-06-30 165k->185k: we sat below ALL 25 analysts' 170k floor (conservative-multiple reflex) and under-credited net-earnings +312% (below-OP-line: China equity-method + FX) — but we DON'T chase Street 240k because the OP-inflection IS data-refuted (1Q26 OP +3% < rev +16%). WAIT — re-rate only when consolidated OP growth >= rev growth (deck stops printing 'leverage decreased'); starter <=135k.
        KILL: OP leverage stays negative another quarter / China relapses / US stays <10% of group (no mix help)

  SILICON2     ₩36,100  [NEUTRAL] -> WATCH  above start, below base FV 44,000
        K-beauty export aggregator | NEUTRAL / WAIT (short dropped) | FV bear ₩24,000/base ₩44,000/bull ₩58,000 (base +22%) | entry ₩30,000-24,000
        thesis: export AGGREGATOR still growing +41% in 1Q26 (decel 132->85->64->46->60->76->41 but off a HUGE base). SHORT-BIAS DROPPED in the 2026-06-30 re-audit — it was itself a conservative-FV artifact: we (1) anchored a share-GAINER to the flat Census import-flow ('converging to the run-rate') when the winning book compounds above the aggregate, and (2) put a distress 8.4x multiple on a +41% grower, landing base 32k = ~30% below the Street floor 46k. Corrected base ₩44k (KEEP the ~11x DISTRIBUTOR multiple, not a brand multiple — disintermediation is real: Anua/medicube sell direct on Amazon US). At ~fair now: this is fair-to-mildly-cheap, NOT a short. Watch, don't press.
        KILL: 2Q26 ~Aug-7 YoY decel <25% + OM breaks <15% + a named anchor brand pulls its US distribution = re-opens the bear

  HUGEL       ₩255,000  [EVENT] -> WATCH  above start, below base FV 300,000
        aesthetics (toxin/filler) | EVENT-GATED | FV bear ₩180,000/base ₩300,000/bull ₩430,000 (base +18%) | entry ₩220,000-200,000
        thesis: 47%-margin net-cash toxin franchise (rivals GALD quality); weak stock = JUSTIFIED discount (CBC/Aphrodite ~43% control-auction overhang + Korea-discount), NOT undiscovered. China growing, US ITC tail de-risked. EVENT-GATED: fresh Jun-19-2026 refi (₩765B, matures Jun-2029) reset the auction OUT = 'hold, not sell' — no near-term catalyst; band is a reference, action waits on the control event.
        KILL: control-auction resolves (sale = the catalyst; refi-only = dead money) / China toxin approval slips / ITC tail re-opens

  basket: no action (no new accumulate-band entries, no >8% drops)
[-> krx_value_log.jsonl]  ACCUM names buy-in-band via IBKR/KRX (Korea-permission + <10-15% ADTV); SILICON2 neutral/watch; HUGEL event-gated. No orders.

API connection failed: ConnectionRefusedError(61, "Connect call failed ('127.0.0.1', 7496)")
Make sure API port on TWS/IBG is open
API connection failed: ConnectionRefusedError(61, "Connect call failed ('127.0.0.1', 7497)")
Make sure API port on TWS/IBG is open
API connection failed: ConnectionRefusedError(61, "Connect call failed ('127.0.0.1', 4001)")
Make sure API port on TWS/IBG is open
API connection failed: ConnectionRefusedError(61, "Connect call failed ('127.0.0.1', 4002)")
Make sure API port on TWS/IBG is open
/Users/ajay/Library/Python/3.9/lib/python/site-packages/urllib3/__init__.py:35: NotOpenSSLWarning: urllib3 v2 only supports OpenSSL 1.1.1+, currently the 'ssl' module is compiled with 'LibreSSL 2.8.3'. See: https://github.com/urllib3/urllib3/issues/3020
  warnings.warn(

===== 2026-07-06 00:33 (desk) =====
=== KRX-LISTED VALUE BASKET 2026-07-06  (Korea book; IBKR-listed on KRX, live two-sided; READ-ONLY) ===
  rank: COSMECCA(accum) > COSMAX(wait) | SILICON2 = NEUTRAL/watch (short dropped) | HUGEL = event-gated
  NOTE: tradeable on IBKR/KRX IF account Korea-permission enabled; KRW, foreign-flow-dominated + thin — size <10-15% ADTV
  PRICE SOURCE: live IBKR (TWS) — refreshed dashboard override krx_px_override.json (4/4 names)

  COSMECCA     ₩83,500  [ACCUM] -> ABOVE  > base FV 76,000 — no action
        K-beauty ODM | MED (the edge name) | FV bear ₩40,000/base ₩76,000/bull ₩108,000 (base -9%) | entry ₩70,000-62,000
        thesis: virality-latency edge (Anua/BYOMA ODM confirmed via openFDA whale-ID); clean DD (unqualified audit, top-5 cust <35%, 23% ROE, only profitable dual-region ODM). BASE FV RE-AUDITED 2026-06-30 67k->₩76k: we were ~13% too conservative — the MULTIPLE was the bigger error (peer-minus 11x vs a warranted 12-12.5x for a 2x-category-growth, higher-margin share-gainer), growth over-faded below consensus (anchored to the flat Census aggregate, not COSMECCA's winning book). Earnings-quality caution KEPT (receivables the auditor's sole KAM, neg FCF, governance) = FV 76k not back to 82k. At ~77k = FAIR-to-slightly-rich (no longer the <62.9k bargain — our OLD FV made a band that never triggered); accumulate on a pullback <70k / add <62k. Aug-5 Q2 = re-rate/de-rate trigger.
        KILL: Q2 (Aug-15) confirms Korea export decel to ~12% + OPM <12% -> toward ₩40k bear / founder-undertaking or governance (failed KOSPI uplisting) re-surfaces / FCF + RPT note (UNVERIFIABLE pre-size) come back bad

  COSMAX      ₩178,000  [WAIT] -> WATCH  above start, below base FV 185,000
        K-beauty ODM (scale leader) | MED-LOW (scale-leader) | FV bear ₩110,000/base ₩185,000/bull ₩245,000 (base +4%) | entry ₩135,000-120,000
        thesis: scale-leader K-beauty ODM ~10x fwd / 0.68x sales; the margin-INFLECTION thesis is REFUTED by Cosmax's OWN deck (OP leverage 'decreased' on mix/cost = STRUCTURAL, not fillable-capacity). China RECOVERING (+19.6%, profitable) so that drag is dated; US +46% but only ~6% of group. BASE RE-AUDITED 2026-06-30 165k->185k: we sat below ALL 25 analysts' 170k floor (conservative-multiple reflex) and under-credited net-earnings +312% (below-OP-line: China equity-method + FX) — but we DON'T chase Street 240k because the OP-inflection IS data-refuted (1Q26 OP +3% < rev +16%). WAIT — re-rate only when consolidated OP growth >= rev growth (deck stops printing 'leverage decreased'); starter <=135k.
        KILL: OP leverage stays negative another quarter / China relapses / US stays <10% of group (no mix help)

  SILICON2     ₩37,300  [NEUTRAL] -> WATCH  above start, below base FV 44,000
        K-beauty export aggregator | NEUTRAL / WAIT (short dropped) | FV bear ₩24,000/base ₩44,000/bull ₩58,000 (base +18%) | entry ₩30,000-24,000
        thesis: export AGGREGATOR still growing +41% in 1Q26 (decel 132->85->64->46->60->76->41 but off a HUGE base). SHORT-BIAS DROPPED in the 2026-06-30 re-audit — it was itself a conservative-FV artifact: we (1) anchored a share-GAINER to the flat Census import-flow ('converging to the run-rate') when the winning book compounds above the aggregate, and (2) put a distress 8.4x multiple on a +41% grower, landing base 32k = ~30% below the Street floor 46k. Corrected base ₩44k (KEEP the ~11x DISTRIBUTOR multiple, not a brand multiple — disintermediation is real: Anua/medicube sell direct on Amazon US). At ~fair now: this is fair-to-mildly-cheap, NOT a short. Watch, don't press.
        KILL: 2Q26 ~Aug-7 YoY decel <25% + OM breaks <15% + a named anchor brand pulls its US distribution = re-opens the bear

  HUGEL       ₩245,000  [EVENT] -> WATCH  above start, below base FV 300,000
        aesthetics (toxin/filler) | EVENT-GATED | FV bear ₩180,000/base ₩300,000/bull ₩430,000 (base +22%) | entry ₩220,000-200,000
        thesis: 47%-margin net-cash toxin franchise (rivals GALD quality); weak stock = JUSTIFIED discount (CBC/Aphrodite ~43% control-auction overhang + Korea-discount), NOT undiscovered. China growing, US ITC tail de-risked. EVENT-GATED: fresh Jun-19-2026 refi (₩765B, matures Jun-2029) reset the auction OUT = 'hold, not sell' — no near-term catalyst; band is a reference, action waits on the control event.
        KILL: control-auction resolves (sale = the catalyst; refi-only = dead money) / China toxin approval slips / ITC tail re-opens

  basket: no action (no new accumulate-band entries, no >8% drops)
[-> krx_value_log.jsonl]  ACCUM names buy-in-band via IBKR/KRX (Korea-permission + <10-15% ADTV); SILICON2 neutral/watch; HUGEL event-gated. No orders.

API connection failed: ConnectionRefusedError(61, "Connect call failed ('127.0.0.1', 7496)")
Make sure API port on TWS/IBG is open
API connection failed: ConnectionRefusedError(61, "Connect call failed ('127.0.0.1', 7497)")
Make sure API port on TWS/IBG is open
Error 321, reqId -1: Error validating request.-'cp' : cause - The API interface is currently in Read-Only mode.
Error 321, reqId -1: Error validating request.-'bZ' : cause - The API interface is currently in Read-Only mode.
positions request timed out
open orders request timed out
completed orders request timed out
account updates for ACCOUNT_ALPHA request timed out
Error 1102, reqId -1: Connectivity between IBKR and Trader Workstation has been restored - data maintained. All data farms are connected: usfarm; euhmds; ushmds; secdefnj.

===== 2026-07-07 07:34 (desk) =====
=== KRX-LISTED VALUE BASKET 2026-07-07  (Korea book; IBKR-listed on KRX, live two-sided; READ-ONLY) ===
  rank: COSMECCA(accum) > COSMAX(wait) | SILICON2 = NEUTRAL/watch (short dropped) | HUGEL = event-gated
  NOTE: tradeable on IBKR/KRX IF account Korea-permission enabled; KRW, foreign-flow-dominated + thin — size <10-15% ADTV
  PRICE SOURCE: yfinance fallback (TWS down) — dashboard keeps the last good IBKR override; note Korean .KQ/.KS lags ~days

  COSMECCA     ₩84,400  [ACCUM] -> ABOVE  > base FV 76,000 — no action
        K-beauty ODM | MED (the edge name) | FV bear ₩40,000/base ₩76,000/bull ₩108,000 (base -10%) | entry ₩70,000-62,000
        thesis: virality-latency edge (Anua/BYOMA ODM confirmed via openFDA whale-ID); clean DD (unqualified audit, top-5 cust <35%, 23% ROE, only profitable dual-region ODM). BASE FV RE-AUDITED 2026-06-30 67k->₩76k: we were ~13% too conservative — the MULTIPLE was the bigger error (peer-minus 11x vs a warranted 12-12.5x for a 2x-category-growth, higher-margin share-gainer), growth over-faded below consensus (anchored to the flat Census aggregate, not COSMECCA's winning book). Earnings-quality caution KEPT (receivables the auditor's sole KAM, neg FCF, governance) = FV 76k not back to 82k. At ~77k = FAIR-to-slightly-rich (no longer the <62.9k bargain — our OLD FV made a band that never triggered); accumulate on a pullback <70k / add <62k. Aug-5 Q2 = re-rate/de-rate trigger.
        KILL: Q2 (Aug-15) confirms Korea export decel to ~12% + OPM <12% -> toward ₩40k bear / founder-undertaking or governance (failed KOSPI uplisting) re-surfaces / FCF + RPT note (UNVERIFIABLE pre-size) come back bad

  COSMAX      ₩183,000  [WAIT] -> WATCH  above start, below base FV 185,000
        K-beauty ODM (scale leader) | MED-LOW (scale-leader) | FV bear ₩110,000/base ₩185,000/bull ₩245,000 (base +1%) | entry ₩135,000-120,000
        thesis: scale-leader K-beauty ODM ~10x fwd / 0.68x sales; the margin-INFLECTION thesis is REFUTED by Cosmax's OWN deck (OP leverage 'decreased' on mix/cost = STRUCTURAL, not fillable-capacity). China RECOVERING (+19.6%, profitable) so that drag is dated; US +46% but only ~6% of group. BASE RE-AUDITED 2026-06-30 165k->185k: we sat below ALL 25 analysts' 170k floor (conservative-multiple reflex) and under-credited net-earnings +312% (below-OP-line: China equity-method + FX) — but we DON'T chase Street 240k because the OP-inflection IS data-refuted (1Q26 OP +3% < rev +16%). WAIT — re-rate only when consolidated OP growth >= rev growth (deck stops printing 'leverage decreased'); starter <=135k.
        KILL: OP leverage stays negative another quarter / China relapses / US stays <10% of group (no mix help)

  SILICON2     ₩38,500  [NEUTRAL] -> WATCH  above start, below base FV 44,000
        K-beauty export aggregator | NEUTRAL / WAIT (short dropped) | FV bear ₩24,000/base ₩44,000/bull ₩58,000 (base +14%) | entry ₩30,000-24,000
        thesis: export AGGREGATOR still growing +41% in 1Q26 (decel 132->85->64->46->60->76->41 but off a HUGE base). SHORT-BIAS DROPPED in the 2026-06-30 re-audit — it was itself a conservative-FV artifact: we (1) anchored a share-GAINER to the flat Census import-flow ('converging to the run-rate') when the winning book compounds above the aggregate, and (2) put a distress 8.4x multiple on a +41% grower, landing base 32k = ~30% below the Street floor 46k. Corrected base ₩44k (KEEP the ~11x DISTRIBUTOR multiple, not a brand multiple — disintermediation is real: Anua/medicube sell direct on Amazon US). At ~fair now: this is fair-to-mildly-cheap, NOT a short. Watch, don't press.
        KILL: 2Q26 ~Aug-7 YoY decel <25% + OM breaks <15% + a named anchor brand pulls its US distribution = re-opens the bear

  HUGEL       ₩248,000  [EVENT] -> WATCH  above start, below base FV 300,000
        aesthetics (toxin/filler) | EVENT-GATED | FV bear ₩180,000/base ₩300,000/bull ₩430,000 (base +21%) | entry ₩220,000-200,000
        thesis: 47%-margin net-cash toxin franchise (rivals GALD quality); weak stock = JUSTIFIED discount (CBC/Aphrodite ~43% control-auction overhang + Korea-discount), NOT undiscovered. China growing, US ITC tail de-risked. EVENT-GATED: fresh Jun-19-2026 refi (₩765B, matures Jun-2029) reset the auction OUT = 'hold, not sell' — no near-term catalyst; band is a reference, action waits on the control event.
        KILL: control-auction resolves (sale = the catalyst; refi-only = dead money) / China toxin approval slips / ITC tail re-opens

  basket: no action (no new accumulate-band entries, no >8% drops)
[-> krx_value_log.jsonl]  ACCUM names buy-in-band via IBKR/KRX (Korea-permission + <10-15% ADTV); SILICON2 neutral/watch; HUGEL event-gated. No orders.

API connection failed: ConnectionRefusedError(61, "Connect call failed ('127.0.0.1', 7496)")
Make sure API port on TWS/IBG is open
API connection failed: ConnectionRefusedError(61, "Connect call failed ('127.0.0.1', 7497)")
Make sure API port on TWS/IBG is open
Error 321, reqId -1: Error validating request.-'cp' : cause - The API interface is currently in Read-Only mode.
Error 321, reqId -1: Error validating request.-'bZ' : cause - The API interface is currently in Read-Only mode.
positions request timed out
open orders request timed out
completed orders request timed out
account updates for ACCOUNT_ALPHA request timed out
API connection failed: ConnectionRefusedError(61, "Connect call failed ('127.0.0.1', 4002)")
Make sure API port on TWS/IBG is open
/Users/ajay/Library/Python/3.9/lib/python/site-packages/urllib3/__init__.py:35: NotOpenSSLWarning: urllib3 v2 only supports OpenSSL 1.1.1+, currently the 'ssl' module is compiled with 'LibreSSL 2.8.3'. See: https://github.com/urllib3/urllib3/issues/3020
  warnings.warn(

===== 2026-07-08 08:32 (desk) =====
=== KRX-LISTED VALUE BASKET 2026-07-08  (Korea book; IBKR-listed on KRX, live two-sided; READ-ONLY) ===
  rank: COSMECCA(accum) > COSMAX(wait) | SILICON2 = NEUTRAL/watch (short dropped) | HUGEL = event-gated
  NOTE: tradeable on IBKR/KRX IF account Korea-permission enabled; KRW, foreign-flow-dominated + thin — size <10-15% ADTV
  PRICE SOURCE: yfinance fallback (TWS down) — dashboard keeps the last good IBKR override; note Korean .KQ/.KS lags ~days

  COSMECCA     ₩84,400  [ACCUM] -> ABOVE  > base FV 76,000 — no action
        K-beauty ODM | MED (the edge name) | FV bear ₩40,000/base ₩76,000/bull ₩108,000 (base -10%) | entry ₩70,000-62,000
        thesis: virality-latency edge (Anua/BYOMA ODM confirmed via openFDA whale-ID); clean DD (unqualified audit, top-5 cust <35%, 23% ROE, only profitable dual-region ODM). BASE FV RE-AUDITED 2026-06-30 67k->₩76k: we were ~13% too conservative — the MULTIPLE was the bigger error (peer-minus 11x vs a warranted 12-12.5x for a 2x-category-growth, higher-margin share-gainer), growth over-faded below consensus (anchored to the flat Census aggregate, not COSMECCA's winning book). Earnings-quality caution KEPT (receivables the auditor's sole KAM, neg FCF, governance) = FV 76k not back to 82k. At ~77k = FAIR-to-slightly-rich (no longer the <62.9k bargain — our OLD FV made a band that never triggered); accumulate on a pullback <70k / add <62k. Aug-5 Q2 = re-rate/de-rate trigger.
        KILL: Q2 (Aug-15) confirms Korea export decel to ~12% + OPM <12% -> toward ₩40k bear / founder-undertaking or governance (failed KOSPI uplisting) re-surfaces / FCF + RPT note (UNVERIFIABLE pre-size) come back bad

  COSMAX      ₩183,000  [WAIT] -> WATCH  above start, below base FV 185,000
        K-beauty ODM (scale leader) | MED-LOW (scale-leader) | FV bear ₩110,000/base ₩185,000/bull ₩245,000 (base +1%) | entry ₩135,000-120,000
        thesis: scale-leader K-beauty ODM ~10x fwd / 0.68x sales; the margin-INFLECTION thesis is REFUTED by Cosmax's OWN deck (OP leverage 'decreased' on mix/cost = STRUCTURAL, not fillable-capacity). China RECOVERING (+19.6%, profitable) so that drag is dated; US +46% but only ~6% of group. BASE RE-AUDITED 2026-06-30 165k->185k: we sat below ALL 25 analysts' 170k floor (conservative-multiple reflex) and under-credited net-earnings +312% (below-OP-line: China equity-method + FX) — but we DON'T chase Street 240k because the OP-inflection IS data-refuted (1Q26 OP +3% < rev +16%). WAIT — re-rate only when consolidated OP growth >= rev growth (deck stops printing 'leverage decreased'); starter <=135k.
        KILL: OP leverage stays negative another quarter / China relapses / US stays <10% of group (no mix help)

  SILICON2     ₩38,500  [NEUTRAL] -> WATCH  above start, below base FV 44,000
        K-beauty export aggregator | NEUTRAL / WAIT (short dropped) | FV bear ₩24,000/base ₩44,000/bull ₩58,000 (base +14%) | entry ₩30,000-24,000
        thesis: export AGGREGATOR still growing +41% in 1Q26 (decel 132->85->64->46->60->76->41 but off a HUGE base). SHORT-BIAS DROPPED in the 2026-06-30 re-audit — it was itself a conservative-FV artifact: we (1) anchored a share-GAINER to the flat Census import-flow ('converging to the run-rate') when the winning book compounds above the aggregate, and (2) put a distress 8.4x multiple on a +41% grower, landing base 32k = ~30% below the Street floor 46k. Corrected base ₩44k (KEEP the ~11x DISTRIBUTOR multiple, not a brand multiple — disintermediation is real: Anua/medicube sell direct on Amazon US). At ~fair now: this is fair-to-mildly-cheap, NOT a short. Watch, don't press.
        KILL: 2Q26 ~Aug-7 YoY decel <25% + OM breaks <15% + a named anchor brand pulls its US distribution = re-opens the bear

  HUGEL       ₩248,000  [EVENT] -> WATCH  above start, below base FV 300,000
        aesthetics (toxin/filler) | EVENT-GATED | FV bear ₩180,000/base ₩300,000/bull ₩430,000 (base +21%) | entry ₩220,000-200,000
        thesis: 47%-margin net-cash toxin franchise (rivals GALD quality); weak stock = JUSTIFIED discount (CBC/Aphrodite ~43% control-auction overhang + Korea-discount), NOT undiscovered. China growing, US ITC tail de-risked. EVENT-GATED: fresh Jun-19-2026 refi (₩765B, matures Jun-2029) reset the auction OUT = 'hold, not sell' — no near-term catalyst; band is a reference, action waits on the control event.
        KILL: control-auction resolves (sale = the catalyst; refi-only = dead money) / China toxin approval slips / ITC tail re-opens

  basket: no action (no new accumulate-band entries, no >8% drops)
[-> krx_value_log.jsonl]  ACCUM names buy-in-band via IBKR/KRX (Korea-permission + <10-15% ADTV); SILICON2 neutral/watch; HUGEL event-gated. No orders.

API connection failed: ConnectionRefusedError(61, "Connect call failed ('127.0.0.1', 7496)")
Make sure API port on TWS/IBG is open
API connection failed: ConnectionRefusedError(61, "Connect call failed ('127.0.0.1', 7497)")
Make sure API port on TWS/IBG is open
positions request timed out
account updates for ACCOUNT_ALPHA request timed out
API connection failed: ConnectionRefusedError(61, "Connect call failed ('127.0.0.1', 4002)")
Make sure API port on TWS/IBG is open
/Users/ajay/Library/Python/3.9/lib/python/site-packages/urllib3/__init__.py:35: NotOpenSSLWarning: urllib3 v2 only supports OpenSSL 1.1.1+, currently the 'ssl' module is compiled with 'LibreSSL 2.8.3'. See: https://github.com/urllib3/urllib3/issues/3020
  warnings.warn(

===== 2026-07-09 09:33 (desk) =====
=== KRX-LISTED VALUE BASKET 2026-07-09  (Korea book; IBKR-listed on KRX, live two-sided; READ-ONLY) ===
  rank: COSMECCA(accum) > COSMAX(wait) | SILICON2 = NEUTRAL/watch (short dropped) | HUGEL = event-gated
  NOTE: tradeable on IBKR/KRX IF account Korea-permission enabled; KRW, foreign-flow-dominated + thin — size <10-15% ADTV
  PRICE SOURCE: yfinance fallback (TWS down) — dashboard keeps the last good IBKR override; note Korean .KQ/.KS lags ~days

  COSMECCA     ₩80,400  [ACCUM] -> ABOVE  > base FV 76,000 — no action
        K-beauty ODM | MED (the edge name) | FV bear ₩40,000/base ₩76,000/bull ₩108,000 (base -5%) | entry ₩70,000-62,000
        thesis: virality-latency edge (Anua/BYOMA ODM confirmed via openFDA whale-ID); clean DD (unqualified audit, top-5 cust <35%, 23% ROE, only profitable dual-region ODM). BASE FV RE-AUDITED 2026-06-30 67k->₩76k: we were ~13% too conservative — the MULTIPLE was the bigger error (peer-minus 11x vs a warranted 12-12.5x for a 2x-category-growth, higher-margin share-gainer), growth over-faded below consensus (anchored to the flat Census aggregate, not COSMECCA's winning book). Earnings-quality caution KEPT (receivables the auditor's sole KAM, neg FCF, governance) = FV 76k not back to 82k. At ~77k = FAIR-to-slightly-rich (no longer the <62.9k bargain — our OLD FV made a band that never triggered); accumulate on a pullback <70k / add <62k. Aug-5 Q2 = re-rate/de-rate trigger.
        KILL: Q2 (Aug-15) confirms Korea export decel to ~12% + OPM <12% -> toward ₩40k bear / founder-undertaking or governance (failed KOSPI uplisting) re-surfaces / FCF + RPT note (UNVERIFIABLE pre-size) come back bad

  COSMAX      ₩179,600  [WAIT] -> WATCH  above start, below base FV 185,000
        K-beauty ODM (scale leader) | MED-LOW (scale-leader) | FV bear ₩110,000/base ₩185,000/bull ₩245,000 (base +3%) | entry ₩135,000-120,000
        thesis: scale-leader K-beauty ODM ~10x fwd / 0.68x sales; the margin-INFLECTION thesis is REFUTED by Cosmax's OWN deck (OP leverage 'decreased' on mix/cost = STRUCTURAL, not fillable-capacity). China RECOVERING (+19.6%, profitable) so that drag is dated; US +46% but only ~6% of group. BASE RE-AUDITED 2026-06-30 165k->185k: we sat below ALL 25 analysts' 170k floor (conservative-multiple reflex) and under-credited net-earnings +312% (below-OP-line: China equity-method + FX) — but we DON'T chase Street 240k because the OP-inflection IS data-refuted (1Q26 OP +3% < rev +16%). WAIT — re-rate only when consolidated OP growth >= rev growth (deck stops printing 'leverage decreased'); starter <=135k.
        KILL: OP leverage stays negative another quarter / China relapses / US stays <10% of group (no mix help)

  SILICON2     ₩36,000  [NEUTRAL] -> WATCH  above start, below base FV 44,000
        K-beauty export aggregator | NEUTRAL / WAIT (short dropped) | FV bear ₩24,000/base ₩44,000/bull ₩58,000 (base +22%) | entry ₩30,000-24,000
        thesis: export AGGREGATOR still growing +41% in 1Q26 (decel 132->85->64->46->60->76->41 but off a HUGE base). SHORT-BIAS DROPPED in the 2026-06-30 re-audit — it was itself a conservative-FV artifact: we (1) anchored a share-GAINER to the flat Census import-flow ('converging to the run-rate') when the winning book compounds above the aggregate, and (2) put a distress 8.4x multiple on a +41% grower, landing base 32k = ~30% below the Street floor 46k. Corrected base ₩44k (KEEP the ~11x DISTRIBUTOR multiple, not a brand multiple — disintermediation is real: Anua/medicube sell direct on Amazon US). At ~fair now: this is fair-to-mildly-cheap, NOT a short. Watch, don't press.
        KILL: 2Q26 ~Aug-7 YoY decel <25% + OM breaks <15% + a named anchor brand pulls its US distribution = re-opens the bear

  HUGEL       ₩239,500  [EVENT] -> WATCH  above start, below base FV 300,000
        aesthetics (toxin/filler) | EVENT-GATED | FV bear ₩180,000/base ₩300,000/bull ₩430,000 (base +25%) | entry ₩220,000-200,000
        thesis: 47%-margin net-cash toxin franchise (rivals GALD quality); weak stock = JUSTIFIED discount (CBC/Aphrodite ~43% control-auction overhang + Korea-discount), NOT undiscovered. China growing, US ITC tail de-risked. EVENT-GATED: fresh Jun-19-2026 refi (₩765B, matures Jun-2029) reset the auction OUT = 'hold, not sell' — no near-term catalyst; band is a reference, action waits on the control event.
        KILL: control-auction resolves (sale = the catalyst; refi-only = dead money) / China toxin approval slips / ITC tail re-opens

  basket: no action (no new accumulate-band entries, no >8% drops)
[-> krx_value_log.jsonl]  ACCUM names buy-in-band via IBKR/KRX (Korea-permission + <10-15% ADTV); SILICON2 neutral/watch; HUGEL event-gated. No orders.

API connection failed: ConnectionRefusedError(61, "Connect call failed ('127.0.0.1', 7496)")
Make sure API port on TWS/IBG is open
API connection failed: ConnectionRefusedError(61, "Connect call failed ('127.0.0.1', 7497)")
Make sure API port on TWS/IBG is open
positions request timed out
account updates for ACCOUNT_ALPHA request timed out
API connection failed: ConnectionRefusedError(61, "Connect call failed ('127.0.0.1', 4002)")
Make sure API port on TWS/IBG is open
/Users/ajay/Library/Python/3.9/lib/python/site-packages/urllib3/__init__.py:35: NotOpenSSLWarning: urllib3 v2 only supports OpenSSL 1.1.1+, currently the 'ssl' module is compiled with 'LibreSSL 2.8.3'. See: https://github.com/urllib3/urllib3/issues/3020
  warnings.warn(

===== 2026-07-10 10:36 (desk) =====
=== KRX-LISTED VALUE BASKET 2026-07-10  (Korea book; IBKR-listed on KRX, live two-sided; READ-ONLY) ===
  rank: COSMECCA(accum) > COSMAX(wait) | SILICON2 = NEUTRAL/watch (short dropped) | HUGEL = event-gated
  NOTE: tradeable on IBKR/KRX IF account Korea-permission enabled; KRW, foreign-flow-dominated + thin — size <10-15% ADTV
  PRICE SOURCE: yfinance fallback (TWS down) — dashboard keeps the last good IBKR override; note Korean .KQ/.KS lags ~days

  COSMECCA     ₩85,500  [ACCUM] -> ABOVE  > base FV 76,000 — no action
        K-beauty ODM | MED (the edge name) | FV bear ₩40,000/base ₩76,000/bull ₩108,000 (base -11%) | entry ₩70,000-62,000
        thesis: virality-latency edge (Anua/BYOMA ODM confirmed via openFDA whale-ID); clean DD (unqualified audit, top-5 cust <35%, 23% ROE, only profitable dual-region ODM). BASE FV RE-AUDITED 2026-06-30 67k->₩76k: we were ~13% too conservative — the MULTIPLE was the bigger error (peer-minus 11x vs a warranted 12-12.5x for a 2x-category-growth, higher-margin share-gainer), growth over-faded below consensus (anchored to the flat Census aggregate, not COSMECCA's winning book). Earnings-quality caution KEPT (receivables the auditor's sole KAM, neg FCF, governance) = FV 76k not back to 82k. At ~77k = FAIR-to-slightly-rich (no longer the <62.9k bargain — our OLD FV made a band that never triggered); accumulate on a pullback <70k / add <62k. Aug-5 Q2 = re-rate/de-rate trigger.
        KILL: Q2 (Aug-15) confirms Korea export decel to ~12% + OPM <12% -> toward ₩40k bear / founder-undertaking or governance (failed KOSPI uplisting) re-surfaces / FCF + RPT note (UNVERIFIABLE pre-size) come back bad

  COSMAX      ₩173,500  [WAIT] -> WATCH  above start, below base FV 185,000
        K-beauty ODM (scale leader) | MED-LOW (scale-leader) | FV bear ₩110,000/base ₩185,000/bull ₩245,000 (base +7%) | entry ₩135,000-120,000
        thesis: scale-leader K-beauty ODM ~10x fwd / 0.68x sales; the margin-INFLECTION thesis is REFUTED by Cosmax's OWN deck (OP leverage 'decreased' on mix/cost = STRUCTURAL, not fillable-capacity). China RECOVERING (+19.6%, profitable) so that drag is dated; US +46% but only ~6% of group. BASE RE-AUDITED 2026-06-30 165k->185k: we sat below ALL 25 analysts' 170k floor (conservative-multiple reflex) and under-credited net-earnings +312% (below-OP-line: China equity-method + FX) — but we DON'T chase Street 240k because the OP-inflection IS data-refuted (1Q26 OP +3% < rev +16%). WAIT — re-rate only when consolidated OP growth >= rev growth (deck stops printing 'leverage decreased'); starter <=135k.
        KILL: OP leverage stays negative another quarter / China relapses / US stays <10% of group (no mix help)

  SILICON2     ₩35,550  [NEUTRAL] -> WATCH  above start, below base FV 44,000
        K-beauty export aggregator | NEUTRAL / WAIT (short dropped) | FV bear ₩24,000/base ₩44,000/bull ₩58,000 (base +24%) | entry ₩30,000-24,000
        thesis: export AGGREGATOR still growing +41% in 1Q26 (decel 132->85->64->46->60->76->41 but off a HUGE base). SHORT-BIAS DROPPED in the 2026-06-30 re-audit — it was itself a conservative-FV artifact: we (1) anchored a share-GAINER to the flat Census import-flow ('converging to the run-rate') when the winning book compounds above the aggregate, and (2) put a distress 8.4x multiple on a +41% grower, landing base 32k = ~30% below the Street floor 46k. Corrected base ₩44k (KEEP the ~11x DISTRIBUTOR multiple, not a brand multiple — disintermediation is real: Anua/medicube sell direct on Amazon US). At ~fair now: this is fair-to-mildly-cheap, NOT a short. Watch, don't press.
        KILL: 2Q26 ~Aug-7 YoY decel <25% + OM breaks <15% + a named anchor brand pulls its US distribution = re-opens the bear

  HUGEL       ₩236,000  [EVENT] -> WATCH  above start, below base FV 300,000
        aesthetics (toxin/filler) | EVENT-GATED | FV bear ₩180,000/base ₩300,000/bull ₩430,000 (base +27%) | entry ₩220,000-200,000
        thesis: 47%-margin net-cash toxin franchise (rivals GALD quality); weak stock = JUSTIFIED discount (CBC/Aphrodite ~43% control-auction overhang + Korea-discount), NOT undiscovered. China growing, US ITC tail de-risked. EVENT-GATED: fresh Jun-19-2026 refi (₩765B, matures Jun-2029) reset the auction OUT = 'hold, not sell' — no near-term catalyst; band is a reference, action waits on the control event.
        KILL: control-auction resolves (sale = the catalyst; refi-only = dead money) / China toxin approval slips / ITC tail re-opens

  basket: no action (no new accumulate-band entries, no >8% drops)
[-> krx_value_log.jsonl]  ACCUM names buy-in-band via IBKR/KRX (Korea-permission + <10-15% ADTV); SILICON2 neutral/watch; HUGEL event-gated. No orders.

API connection failed: ConnectionRefusedError(61, "Connect call failed ('127.0.0.1', 7496)")
Make sure API port on TWS/IBG is open
API connection failed: ConnectionRefusedError(61, "Connect call failed ('127.0.0.1', 7497)")
Make sure API port on TWS/IBG is open
positions request timed out
account updates for ACCOUNT_ALPHA request timed out
API connection failed: ConnectionRefusedError(61, "Connect call failed ('127.0.0.1', 4002)")
Make sure API port on TWS/IBG is open
/Users/ajay/Library/Python/3.9/lib/python/site-packages/urllib3/__init__.py:35: NotOpenSSLWarning: urllib3 v2 only supports OpenSSL 1.1.1+, currently the 'ssl' module is compiled with 'LibreSSL 2.8.3'. See: https://github.com/urllib3/urllib3/issues/3020
  warnings.warn(

===== 2026-07-13 00:34 (desk) =====
=== KRX-LISTED VALUE BASKET 2026-07-13  (Korea book; IBKR-listed on KRX, live two-sided; READ-ONLY) ===
  rank: COSMECCA(accum) > COSMAX(wait) | SILICON2 = NEUTRAL/watch (short dropped) | HUGEL = event-gated
  NOTE: tradeable on IBKR/KRX IF account Korea-permission enabled; KRW, foreign-flow-dominated + thin — size <10-15% ADTV
  PRICE SOURCE: live IBKR (TWS) — refreshed dashboard override krx_px_override.json (4/4 names)

  COSMECCA     ₩87,300  [ACCUM] -> ABOVE  > base FV 76,000 — no action
        K-beauty ODM | MED (the edge name) | FV bear ₩40,000/base ₩76,000/bull ₩108,000 (base -13%) | entry ₩70,000-62,000
        thesis: virality-latency edge (Anua/BYOMA ODM confirmed via openFDA whale-ID); clean DD (unqualified audit, top-5 cust <35%, 23% ROE, only profitable dual-region ODM). BASE FV RE-AUDITED 2026-06-30 67k->₩76k: we were ~13% too conservative — the MULTIPLE was the bigger error (peer-minus 11x vs a warranted 12-12.5x for a 2x-category-growth, higher-margin share-gainer), growth over-faded below consensus (anchored to the flat Census aggregate, not COSMECCA's winning book). Earnings-quality caution KEPT (receivables the auditor's sole KAM, neg FCF, governance) = FV 76k not back to 82k. At ~77k = FAIR-to-slightly-rich (no longer the <62.9k bargain — our OLD FV made a band that never triggered); accumulate on a pullback <70k / add <62k. Aug-5 Q2 = re-rate/de-rate trigger.
        KILL: Q2 (Aug-15) confirms Korea export decel to ~12% + OPM <12% -> toward ₩40k bear / founder-undertaking or governance (failed KOSPI uplisting) re-surfaces / FCF + RPT note (UNVERIFIABLE pre-size) come back bad

  COSMAX      ₩182,600  [WAIT] -> WATCH  above start, below base FV 185,000
        K-beauty ODM (scale leader) | MED-LOW (scale-leader) | FV bear ₩110,000/base ₩185,000/bull ₩245,000 (base +1%) | entry ₩135,000-120,000
        thesis: scale-leader K-beauty ODM ~10x fwd / 0.68x sales; the margin-INFLECTION thesis is REFUTED by Cosmax's OWN deck (OP leverage 'decreased' on mix/cost = STRUCTURAL, not fillable-capacity). China RECOVERING (+19.6%, profitable) so that drag is dated; US +46% but only ~6% of group. BASE RE-AUDITED 2026-06-30 165k->185k: we sat below ALL 25 analysts' 170k floor (conservative-multiple reflex) and under-credited net-earnings +312% (below-OP-line: China equity-method + FX) — but we DON'T chase Street 240k because the OP-inflection IS data-refuted (1Q26 OP +3% < rev +16%). WAIT — re-rate only when consolidated OP growth >= rev growth (deck stops printing 'leverage decreased'); starter <=135k.
        KILL: OP leverage stays negative another quarter / China relapses / US stays <10% of group (no mix help)

  SILICON2     ₩38,200  [NEUTRAL] -> WATCH  above start, below base FV 44,000
        K-beauty export aggregator | NEUTRAL / WAIT (short dropped) | FV bear ₩24,000/base ₩44,000/bull ₩58,000 (base +15%) | entry ₩30,000-24,000
        thesis: export AGGREGATOR still growing +41% in 1Q26 (decel 132->85->64->46->60->76->41 but off a HUGE base). SHORT-BIAS DROPPED in the 2026-06-30 re-audit — it was itself a conservative-FV artifact: we (1) anchored a share-GAINER to the flat Census import-flow ('converging to the run-rate') when the winning book compounds above the aggregate, and (2) put a distress 8.4x multiple on a +41% grower, landing base 32k = ~30% below the Street floor 46k. Corrected base ₩44k (KEEP the ~11x DISTRIBUTOR multiple, not a brand multiple — disintermediation is real: Anua/medicube sell direct on Amazon US). At ~fair now: this is fair-to-mildly-cheap, NOT a short. Watch, don't press.
        KILL: 2Q26 ~Aug-7 YoY decel <25% + OM breaks <15% + a named anchor brand pulls its US distribution = re-opens the bear

  HUGEL       ₩242,500  [EVENT] -> WATCH  above start, below base FV 300,000
        aesthetics (toxin/filler) | EVENT-GATED | FV bear ₩180,000/base ₩300,000/bull ₩430,000 (base +24%) | entry ₩220,000-200,000
        thesis: 47%-margin net-cash toxin franchise (rivals GALD quality); weak stock = JUSTIFIED discount (CBC/Aphrodite ~43% control-auction overhang + Korea-discount), NOT undiscovered. China growing, US ITC tail de-risked. EVENT-GATED: fresh Jun-19-2026 refi (₩765B, matures Jun-2029) reset the auction OUT = 'hold, not sell' — no near-term catalyst; band is a reference, action waits on the control event.
        KILL: control-auction resolves (sale = the catalyst; refi-only = dead money) / China toxin approval slips / ITC tail re-opens

  basket: no action (no new accumulate-band entries, no >8% drops)
[-> krx_value_log.jsonl]  ACCUM names buy-in-band via IBKR/KRX (Korea-permission + <10-15% ADTV); SILICON2 neutral/watch; HUGEL event-gated. No orders.

API connection failed: ConnectionRefusedError(61, "Connect call failed ('127.0.0.1', 7496)")
Make sure API port on TWS/IBG is open
API connection failed: ConnectionRefusedError(61, "Connect call failed ('127.0.0.1', 7497)")
Make sure API port on TWS/IBG is open

===== 2026-07-14 01:32 (desk) =====
=== KRX-LISTED VALUE BASKET 2026-07-14  (Korea book; IBKR-listed on KRX, live two-sided; READ-ONLY) ===
  rank: COSMECCA(accum) > COSMAX(wait) | SILICON2 = NEUTRAL/watch (short dropped) | HUGEL = event-gated
  NOTE: tradeable on IBKR/KRX IF account Korea-permission enabled; KRW, foreign-flow-dominated + thin — size <10-15% ADTV
  PRICE SOURCE: live IBKR (TWS) — refreshed dashboard override krx_px_override.json (4/4 names)

  COSMECCA     ₩82,600  [ACCUM] -> ABOVE  > base FV 76,000 — no action
        K-beauty ODM | MED (the edge name) | FV bear ₩40,000/base ₩76,000/bull ₩108,000 (base -8%) | entry ₩70,000-62,000
        thesis: virality-latency edge (Anua/BYOMA ODM confirmed via openFDA whale-ID); clean DD (unqualified audit, top-5 cust <35%, 23% ROE, only profitable dual-region ODM). BASE FV RE-AUDITED 2026-06-30 67k->₩76k: we were ~13% too conservative — the MULTIPLE was the bigger error (peer-minus 11x vs a warranted 12-12.5x for a 2x-category-growth, higher-margin share-gainer), growth over-faded below consensus (anchored to the flat Census aggregate, not COSMECCA's winning book). Earnings-quality caution KEPT (receivables the auditor's sole KAM, neg FCF, governance) = FV 76k not back to 82k. At ~77k = FAIR-to-slightly-rich (no longer the <62.9k bargain — our OLD FV made a band that never triggered); accumulate on a pullback <70k / add <62k. Aug-5 Q2 = re-rate/de-rate trigger.
        KILL: Q2 (Aug-15) confirms Korea export decel to ~12% + OPM <12% -> toward ₩40k bear / founder-undertaking or governance (failed KOSPI uplisting) re-surfaces / FCF + RPT note (UNVERIFIABLE pre-size) come back bad

  COSMAX      ₩174,600  [WAIT] -> WATCH  above start, below base FV 185,000
        K-beauty ODM (scale leader) | MED-LOW (scale-leader) | FV bear ₩110,000/base ₩185,000/bull ₩245,000 (base +6%) | entry ₩135,000-120,000
        thesis: scale-leader K-beauty ODM ~10x fwd / 0.68x sales; the margin-INFLECTION thesis is REFUTED by Cosmax's OWN deck (OP leverage 'decreased' on mix/cost = STRUCTURAL, not fillable-capacity). China RECOVERING (+19.6%, profitable) so that drag is dated; US +46% but only ~6% of group. BASE RE-AUDITED 2026-06-30 165k->185k: we sat below ALL 25 analysts' 170k floor (conservative-multiple reflex) and under-credited net-earnings +312% (below-OP-line: China equity-method + FX) — but we DON'T chase Street 240k because the OP-inflection IS data-refuted (1Q26 OP +3% < rev +16%). WAIT — re-rate only when consolidated OP growth >= rev growth (deck stops printing 'leverage decreased'); starter <=135k.
        KILL: OP leverage stays negative another quarter / China relapses / US stays <10% of group (no mix help)

  SILICON2     ₩38,350  [NEUTRAL] -> WATCH  above start, below base FV 44,000
        K-beauty export aggregator | NEUTRAL / WAIT (short dropped) | FV bear ₩24,000/base ₩44,000/bull ₩58,000 (base +15%) | entry ₩30,000-24,000
        thesis: export AGGREGATOR still growing +41% in 1Q26 (decel 132->85->64->46->60->76->41 but off a HUGE base). SHORT-BIAS DROPPED in the 2026-06-30 re-audit — it was itself a conservative-FV artifact: we (1) anchored a share-GAINER to the flat Census import-flow ('converging to the run-rate') when the winning book compounds above the aggregate, and (2) put a distress 8.4x multiple on a +41% grower, landing base 32k = ~30% below the Street floor 46k. Corrected base ₩44k (KEEP the ~11x DISTRIBUTOR multiple, not a brand multiple — disintermediation is real: Anua/medicube sell direct on Amazon US). At ~fair now: this is fair-to-mildly-cheap, NOT a short. Watch, don't press.
        KILL: 2Q26 ~Aug-7 YoY decel <25% + OM breaks <15% + a named anchor brand pulls its US distribution = re-opens the bear

  HUGEL       ₩228,000  [EVENT] -> WATCH  above start, below base FV 300,000
        aesthetics (toxin/filler) | EVENT-GATED | FV bear ₩180,000/base ₩300,000/bull ₩430,000 (base +32%) | entry ₩220,000-200,000
        thesis: 47%-margin net-cash toxin franchise (rivals GALD quality); weak stock = JUSTIFIED discount (CBC/Aphrodite ~43% control-auction overhang + Korea-discount), NOT undiscovered. China growing, US ITC tail de-risked. EVENT-GATED: fresh Jun-19-2026 refi (₩765B, matures Jun-2029) reset the auction OUT = 'hold, not sell' — no near-term catalyst; band is a reference, action waits on the control event.
        KILL: control-auction resolves (sale = the catalyst; refi-only = dead money) / China toxin approval slips / ITC tail re-opens

  basket: no action (no new accumulate-band entries, no >8% drops)
[-> krx_value_log.jsonl]  ACCUM names buy-in-band via IBKR/KRX (Korea-permission + <10-15% ADTV); SILICON2 neutral/watch; HUGEL event-gated. No orders.

API connection failed: ConnectionRefusedError(61, "Connect call failed ('127.0.0.1', 7496)")
Make sure API port on TWS/IBG is open
API connection failed: ConnectionRefusedError(61, "Connect call failed ('127.0.0.1', 7497)")
Make sure API port on TWS/IBG is open

===== 2026-07-15 02:38 (desk) =====
=== KRX-LISTED VALUE BASKET 2026-07-15  (Korea book; IBKR-listed on KRX, live two-sided; READ-ONLY) ===
  rank: COSMECCA(accum) > COSMAX(wait) | SILICON2 = NEUTRAL/watch (short dropped) | HUGEL = event-gated
  NOTE: tradeable on IBKR/KRX IF account Korea-permission enabled; KRW, foreign-flow-dominated + thin — size <10-15% ADTV
  PRICE SOURCE: yfinance fallback (TWS down) — dashboard keeps the last good IBKR override; note Korean .KQ/.KS lags ~days

  COSMECCA     ₩82,100  [ACCUM] -> ABOVE  > base FV 76,000 — no action
        K-beauty ODM | MED (the edge name) | FV bear ₩40,000/base ₩76,000/bull ₩108,000 (base -7%) | entry ₩70,000-62,000
        thesis: virality-latency edge (Anua/BYOMA ODM confirmed via openFDA whale-ID); clean DD (unqualified audit, top-5 cust <35%, 23% ROE, only profitable dual-region ODM). BASE FV RE-AUDITED 2026-06-30 67k->₩76k: we were ~13% too conservative — the MULTIPLE was the bigger error (peer-minus 11x vs a warranted 12-12.5x for a 2x-category-growth, higher-margin share-gainer), growth over-faded below consensus (anchored to the flat Census aggregate, not COSMECCA's winning book). Earnings-quality caution KEPT (receivables the auditor's sole KAM, neg FCF, governance) = FV 76k not back to 82k. At ~77k = FAIR-to-slightly-rich (no longer the <62.9k bargain — our OLD FV made a band that never triggered); accumulate on a pullback <70k / add <62k. Aug-5 Q2 = re-rate/de-rate trigger.
        KILL: Q2 (Aug-15) confirms Korea export decel to ~12% + OPM <12% -> toward ₩40k bear / founder-undertaking or governance (failed KOSPI uplisting) re-surfaces / FCF + RPT note (UNVERIFIABLE pre-size) come back bad

  COSMAX      ₩179,800  [WAIT] -> WATCH  above start, below base FV 185,000
        K-beauty ODM (scale leader) | MED-LOW (scale-leader) | FV bear ₩110,000/base ₩185,000/bull ₩245,000 (base +3%) | entry ₩135,000-120,000
        thesis: scale-leader K-beauty ODM ~10x fwd / 0.68x sales; the margin-INFLECTION thesis is REFUTED by Cosmax's OWN deck (OP leverage 'decreased' on mix/cost = STRUCTURAL, not fillable-capacity). China RECOVERING (+19.6%, profitable) so that drag is dated; US +46% but only ~6% of group. BASE RE-AUDITED 2026-06-30 165k->185k: we sat below ALL 25 analysts' 170k floor (conservative-multiple reflex) and under-credited net-earnings +312% (below-OP-line: China equity-method + FX) — but we DON'T chase Street 240k because the OP-inflection IS data-refuted (1Q26 OP +3% < rev +16%). WAIT — re-rate only when consolidated OP growth >= rev growth (deck stops printing 'leverage decreased'); starter <=135k.
        KILL: OP leverage stays negative another quarter / China relapses / US stays <10% of group (no mix help)

  SILICON2     ₩36,500  [NEUTRAL] -> WATCH  above start, below base FV 44,000
        K-beauty export aggregator | NEUTRAL / WAIT (short dropped) | FV bear ₩24,000/base ₩44,000/bull ₩58,000 (base +21%) | entry ₩30,000-24,000
        thesis: export AGGREGATOR still growing +41% in 1Q26 (decel 132->85->64->46->60->76->41 but off a HUGE base). SHORT-BIAS DROPPED in the 2026-06-30 re-audit — it was itself a conservative-FV artifact: we (1) anchored a share-GAINER to the flat Census import-flow ('converging to the run-rate') when the winning book compounds above the aggregate, and (2) put a distress 8.4x multiple on a +41% grower, landing base 32k = ~30% below the Street floor 46k. Corrected base ₩44k (KEEP the ~11x DISTRIBUTOR multiple, not a brand multiple — disintermediation is real: Anua/medicube sell direct on Amazon US). At ~fair now: this is fair-to-mildly-cheap, NOT a short. Watch, don't press.
        KILL: 2Q26 ~Aug-7 YoY decel <25% + OM breaks <15% + a named anchor brand pulls its US distribution = re-opens the bear

  HUGEL       ₩233,500  [EVENT] -> WATCH  above start, below base FV 300,000
        aesthetics (toxin/filler) | EVENT-GATED | FV bear ₩180,000/base ₩300,000/bull ₩430,000 (base +28%) | entry ₩220,000-200,000
        thesis: 47%-margin net-cash toxin franchise (rivals GALD quality); weak stock = JUSTIFIED discount (CBC/Aphrodite ~43% control-auction overhang + Korea-discount), NOT undiscovered. China growing, US ITC tail de-risked. EVENT-GATED: fresh Jun-19-2026 refi (₩765B, matures Jun-2029) reset the auction OUT = 'hold, not sell' — no near-term catalyst; band is a reference, action waits on the control event.
        KILL: control-auction resolves (sale = the catalyst; refi-only = dead money) / China toxin approval slips / ITC tail re-opens

  basket: no action (no new accumulate-band entries, no >8% drops)
[-> krx_value_log.jsonl]  ACCUM names buy-in-band via IBKR/KRX (Korea-permission + <10-15% ADTV); SILICON2 neutral/watch; HUGEL event-gated. No orders.

API connection failed: ConnectionRefusedError(61, "Connect call failed ('127.0.0.1', 7496)")
Make sure API port on TWS/IBG is open
API connection failed: ConnectionRefusedError(61, "Connect call failed ('127.0.0.1', 7497)")
Make sure API port on TWS/IBG is open
positions request timed out
account updates for ACCOUNT_ALPHA request timed out
API connection failed: ConnectionRefusedError(61, "Connect call failed ('127.0.0.1', 4002)")
Make sure API port on TWS/IBG is open
/Users/ajay/Library/Python/3.9/lib/python/site-packages/urllib3/__init__.py:35: NotOpenSSLWarning: urllib3 v2 only supports OpenSSL 1.1.1+, currently the 'ssl' module is compiled with 'LibreSSL 2.8.3'. See: https://github.com/urllib3/urllib3/issues/3020
  warnings.warn(

===== 2026-07-16 03:38 (desk) =====
=== KRX-LISTED VALUE BASKET 2026-07-16  (Korea book; IBKR-listed on KRX, live two-sided; READ-ONLY) ===
  rank: COSMECCA(accum) > COSMAX(wait) | SILICON2 = NEUTRAL/watch (short dropped) | HUGEL = event-gated
  NOTE: tradeable on IBKR/KRX IF account Korea-permission enabled; KRW, foreign-flow-dominated + thin — size <10-15% ADTV
  PRICE SOURCE: yfinance fallback (TWS down) — dashboard keeps the last good IBKR override; note Korean .KQ/.KS lags ~days

  COSMECCA     ₩84,800  [ACCUM] -> ABOVE  > base FV 76,000 — no action
        K-beauty ODM | MED (the edge name) | FV bear ₩40,000/base ₩76,000/bull ₩108,000 (base -10%) | entry ₩70,000-62,000
        thesis: virality-latency edge (Anua/BYOMA ODM confirmed via openFDA whale-ID); clean DD (unqualified audit, top-5 cust <35%, 23% ROE, only profitable dual-region ODM). BASE FV RE-AUDITED 2026-06-30 67k->₩76k: we were ~13% too conservative — the MULTIPLE was the bigger error (peer-minus 11x vs a warranted 12-12.5x for a 2x-category-growth, higher-margin share-gainer), growth over-faded below consensus (anchored to the flat Census aggregate, not COSMECCA's winning book). Earnings-quality caution KEPT (receivables the auditor's sole KAM, neg FCF, governance) = FV 76k not back to 82k. At ~77k = FAIR-to-slightly-rich (no longer the <62.9k bargain — our OLD FV made a band that never triggered); accumulate on a pullback <70k / add <62k. Aug-5 Q2 = re-rate/de-rate trigger.
        KILL: Q2 (Aug-15) confirms Korea export decel to ~12% + OPM <12% -> toward ₩40k bear / founder-undertaking or governance (failed KOSPI uplisting) re-surfaces / FCF + RPT note (UNVERIFIABLE pre-size) come back bad

  COSMAX      ₩181,100  [WAIT] -> WATCH  above start, below base FV 185,000
        K-beauty ODM (scale leader) | MED-LOW (scale-leader) | FV bear ₩110,000/base ₩185,000/bull ₩245,000 (base +2%) | entry ₩135,000-120,000
        thesis: scale-leader K-beauty ODM ~10x fwd / 0.68x sales; the margin-INFLECTION thesis is REFUTED by Cosmax's OWN deck (OP leverage 'decreased' on mix/cost = STRUCTURAL, not fillable-capacity). China RECOVERING (+19.6%, profitable) so that drag is dated; US +46% but only ~6% of group. BASE RE-AUDITED 2026-06-30 165k->185k: we sat below ALL 25 analysts' 170k floor (conservative-multiple reflex) and under-credited net-earnings +312% (below-OP-line: China equity-method + FX) — but we DON'T chase Street 240k because the OP-inflection IS data-refuted (1Q26 OP +3% < rev +16%). WAIT — re-rate only when consolidated OP growth >= rev growth (deck stops printing 'leverage decreased'); starter <=135k.
        KILL: OP leverage stays negative another quarter / China relapses / US stays <10% of group (no mix help)

  SILICON2     ₩36,050  [NEUTRAL] -> WATCH  above start, below base FV 44,000
        K-beauty export aggregator | NEUTRAL / WAIT (short dropped) | FV bear ₩24,000/base ₩44,000/bull ₩58,000 (base +22%) | entry ₩30,000-24,000
        thesis: export AGGREGATOR still growing +41% in 1Q26 (decel 132->85->64->46->60->76->41 but off a HUGE base). SHORT-BIAS DROPPED in the 2026-06-30 re-audit — it was itself a conservative-FV artifact: we (1) anchored a share-GAINER to the flat Census import-flow ('converging to the run-rate') when the winning book compounds above the aggregate, and (2) put a distress 8.4x multiple on a +41% grower, landing base 32k = ~30% below the Street floor 46k. Corrected base ₩44k (KEEP the ~11x DISTRIBUTOR multiple, not a brand multiple — disintermediation is real: Anua/medicube sell direct on Amazon US). At ~fair now: this is fair-to-mildly-cheap, NOT a short. Watch, don't press.
        KILL: 2Q26 ~Aug-7 YoY decel <25% + OM breaks <15% + a named anchor brand pulls its US distribution = re-opens the bear

  HUGEL       ₩239,500  [EVENT] -> WATCH  above start, below base FV 300,000
        aesthetics (toxin/filler) | EVENT-GATED | FV bear ₩180,000/base ₩300,000/bull ₩430,000 (base +25%) | entry ₩220,000-200,000
        thesis: 47%-margin net-cash toxin franchise (rivals GALD quality); weak stock = JUSTIFIED discount (CBC/Aphrodite ~43% control-auction overhang + Korea-discount), NOT undiscovered. China growing, US ITC tail de-risked. EVENT-GATED: fresh Jun-19-2026 refi (₩765B, matures Jun-2029) reset the auction OUT = 'hold, not sell' — no near-term catalyst; band is a reference, action waits on the control event.
        KILL: control-auction resolves (sale = the catalyst; refi-only = dead money) / China toxin approval slips / ITC tail re-opens

  basket: no action (no new accumulate-band entries, no >8% drops)
[-> krx_value_log.jsonl]  ACCUM names buy-in-band via IBKR/KRX (Korea-permission + <10-15% ADTV); SILICON2 neutral/watch; HUGEL event-gated. No orders.

API connection failed: ConnectionRefusedError(61, "Connect call failed ('127.0.0.1', 7496)")
Make sure API port on TWS/IBG is open
API connection failed: ConnectionRefusedError(61, "Connect call failed ('127.0.0.1', 7497)")
Make sure API port on TWS/IBG is open
positions request timed out
account updates for ACCOUNT_ALPHA request timed out
API connection failed: ConnectionRefusedError(61, "Connect call failed ('127.0.0.1', 4002)")
Make sure API port on TWS/IBG is open
/Users/ajay/Library/Python/3.9/lib/python/site-packages/urllib3/__init__.py:35: NotOpenSSLWarning: urllib3 v2 only supports OpenSSL 1.1.1+, currently the 'ssl' module is compiled with 'LibreSSL 2.8.3'. See: https://github.com/urllib3/urllib3/issues/3020
  warnings.warn(

===== 2026-07-17 10:53 (desk) =====
=== KRX-LISTED VALUE BASKET 2026-07-17  (Korea book; IBKR-listed on KRX, live two-sided; READ-ONLY) ===
  rank: COSMECCA(accum) > COSMAX(wait) | SILICON2 = NEUTRAL/watch (short dropped) | HUGEL = event-gated
  NOTE: tradeable on IBKR/KRX IF account Korea-permission enabled; KRW, foreign-flow-dominated + thin — size <10-15% ADTV
  PRICE SOURCE: yfinance fallback (TWS down) — dashboard keeps the last good IBKR override; note Korean .KQ/.KS lags ~days

  COSMECCA     ₩84,800  [ACCUM] -> ABOVE  > base FV 76,000 — no action
        K-beauty ODM | MED (the edge name) | FV bear ₩40,000/base ₩76,000/bull ₩108,000 (base -10%) | entry ₩70,000-62,000
        thesis: virality-latency edge (Anua/BYOMA ODM confirmed via openFDA whale-ID); clean DD (unqualified audit, top-5 cust <35%, 23% ROE, only profitable dual-region ODM). BASE FV RE-AUDITED 2026-06-30 67k->₩76k: we were ~13% too conservative — the MULTIPLE was the bigger error (peer-minus 11x vs a warranted 12-12.5x for a 2x-category-growth, higher-margin share-gainer), growth over-faded below consensus (anchored to the flat Census aggregate, not COSMECCA's winning book). Earnings-quality caution KEPT (receivables the auditor's sole KAM, neg FCF, governance) = FV 76k not back to 82k. At ~77k = FAIR-to-slightly-rich (no longer the <62.9k bargain — our OLD FV made a band that never triggered); accumulate on a pullback <70k / add <62k. Aug-5 Q2 = re-rate/de-rate trigger.
        KILL: Q2 (Aug-15) confirms Korea export decel to ~12% + OPM <12% -> toward ₩40k bear / founder-undertaking or governance (failed KOSPI uplisting) re-surfaces / FCF + RPT note (UNVERIFIABLE pre-size) come back bad

  COSMAX      ₩181,100  [WAIT] -> WATCH  above start, below base FV 185,000
        K-beauty ODM (scale leader) | MED-LOW (scale-leader) | FV bear ₩110,000/base ₩185,000/bull ₩245,000 (base +2%) | entry ₩135,000-120,000
        thesis: scale-leader K-beauty ODM ~10x fwd / 0.68x sales; the margin-INFLECTION thesis is REFUTED by Cosmax's OWN deck (OP leverage 'decreased' on mix/cost = STRUCTURAL, not fillable-capacity). China RECOVERING (+19.6%, profitable) so that drag is dated; US +46% but only ~6% of group. BASE RE-AUDITED 2026-06-30 165k->185k: we sat below ALL 25 analysts' 170k floor (conservative-multiple reflex) and under-credited net-earnings +312% (below-OP-line: China equity-method + FX) — but we DON'T chase Street 240k because the OP-inflection IS data-refuted (1Q26 OP +3% < rev +16%). WAIT — re-rate only when consolidated OP growth >= rev growth (deck stops printing 'leverage decreased'); starter <=135k.
        KILL: OP leverage stays negative another quarter / China relapses / US stays <10% of group (no mix help)

  SILICON2     ₩36,050  [NEUTRAL] -> WATCH  above start, below base FV 44,000
        K-beauty export aggregator | NEUTRAL / WAIT (short dropped) | FV bear ₩24,000/base ₩44,000/bull ₩58,000 (base +22%) | entry ₩30,000-24,000
        thesis: export AGGREGATOR still growing +41% in 1Q26 (decel 132->85->64->46->60->76->41 but off a HUGE base). SHORT-BIAS DROPPED in the 2026-06-30 re-audit — it was itself a conservative-FV artifact: we (1) anchored a share-GAINER to the flat Census import-flow ('converging to the run-rate') when the winning book compounds above the aggregate, and (2) put a distress 8.4x multiple on a +41% grower, landing base 32k = ~30% below the Street floor 46k. Corrected base ₩44k (KEEP the ~11x DISTRIBUTOR multiple, not a brand multiple — disintermediation is real: Anua/medicube sell direct on Amazon US). At ~fair now: this is fair-to-mildly-cheap, NOT a short. Watch, don't press.
        KILL: 2Q26 ~Aug-7 YoY decel <25% + OM breaks <15% + a named anchor brand pulls its US distribution = re-opens the bear

  HUGEL       ₩239,500  [EVENT] -> WATCH  above start, below base FV 300,000
        aesthetics (toxin/filler) | EVENT-GATED | FV bear ₩180,000/base ₩300,000/bull ₩430,000 (base +25%) | entry ₩220,000-200,000
        thesis: 47%-margin net-cash toxin franchise (rivals GALD quality); weak stock = JUSTIFIED discount (CBC/Aphrodite ~43% control-auction overhang + Korea-discount), NOT undiscovered. China growing, US ITC tail de-risked. EVENT-GATED: fresh Jun-19-2026 refi (₩765B, matures Jun-2029) reset the auction OUT = 'hold, not sell' — no near-term catalyst; band is a reference, action waits on the control event.
        KILL: control-auction resolves (sale = the catalyst; refi-only = dead money) / China toxin approval slips / ITC tail re-opens

  basket: no action (no new accumulate-band entries, no >8% drops)
[-> krx_value_log.jsonl]  ACCUM names buy-in-band via IBKR/KRX (Korea-permission + <10-15% ADTV); SILICON2 neutral/watch; HUGEL event-gated. No orders.

API connection failed: ConnectionRefusedError(61, "Connect call failed ('127.0.0.1', 7496)")
Make sure API port on TWS/IBG is open
API connection failed: ConnectionRefusedError(61, "Connect call failed ('127.0.0.1', 7497)")
Make sure API port on TWS/IBG is open
positions request timed out
account updates for ACCOUNT_ALPHA request timed out
API connection failed: ConnectionRefusedError(61, "Connect call failed ('127.0.0.1', 4002)")
Make sure API port on TWS/IBG is open
/Users/ajay/Library/Python/3.9/lib/python/site-packages/urllib3/__init__.py:35: NotOpenSSLWarning: urllib3 v2 only supports OpenSSL 1.1.1+, currently the 'ssl' module is compiled with 'LibreSSL 2.8.3'. See: https://github.com/urllib3/urllib3/issues/3020
  warnings.warn(

===== 2026-07-20 11:09 (desk) =====
=== KRX-LISTED VALUE BASKET 2026-07-20  (Korea book; IBKR-listed on KRX, live two-sided; READ-ONLY) ===
  rank: COSMECCA(accum) > COSMAX(wait) | SILICON2 = NEUTRAL/watch (short dropped) | HUGEL = event-gated
  NOTE: tradeable on IBKR/KRX IF account Korea-permission enabled; KRW, foreign-flow-dominated + thin — size <10-15% ADTV
  PRICE SOURCE: yfinance fallback (TWS down) — dashboard keeps the last good IBKR override; note Korean .KQ/.KS lags ~days

  COSMECCA          ₩?  [ACCUM] -> UNKNOWN  price unavailable
        K-beauty ODM | MED (the edge name) | FV bear ₩40,000/base ₩76,000/bull ₩108,000 (base ?) | entry ₩70,000-62,000
        thesis: virality-latency edge (Anua/BYOMA ODM confirmed via openFDA whale-ID); clean DD (unqualified audit, top-5 cust <35%, 23% ROE, only profitable dual-region ODM). BASE FV RE-AUDITED 2026-06-30 67k->₩76k: we were ~13% too conservative — the MULTIPLE was the bigger error (peer-minus 11x vs a warranted 12-12.5x for a 2x-category-growth, higher-margin share-gainer), growth over-faded below consensus (anchored to the flat Census aggregate, not COSMECCA's winning book). Earnings-quality caution KEPT (receivables the auditor's sole KAM, neg FCF, governance) = FV 76k not back to 82k. At ~77k = FAIR-to-slightly-rich (no longer the <62.9k bargain — our OLD FV made a band that never triggered); accumulate on a pullback <70k / add <62k. Aug-5 Q2 = re-rate/de-rate trigger.
        KILL: Q2 (Aug-15) confirms Korea export decel to ~12% + OPM <12% -> toward ₩40k bear / founder-undertaking or governance (failed KOSPI uplisting) re-surfaces / FCF + RPT note (UNVERIFIABLE pre-size) come back bad

  COSMAX            ₩?  [WAIT] -> UNKNOWN  price unavailable
        K-beauty ODM (scale leader) | MED-LOW (scale-leader) | FV bear ₩110,000/base ₩185,000/bull ₩245,000 (base ?) | entry ₩135,000-120,000
        thesis: scale-leader K-beauty ODM ~10x fwd / 0.68x sales; the margin-INFLECTION thesis is REFUTED by Cosmax's OWN deck (OP leverage 'decreased' on mix/cost = STRUCTURAL, not fillable-capacity). China RECOVERING (+19.6%, profitable) so that drag is dated; US +46% but only ~6% of group. BASE RE-AUDITED 2026-06-30 165k->185k: we sat below ALL 25 analysts' 170k floor (conservative-multiple reflex) and under-credited net-earnings +312% (below-OP-line: China equity-method + FX) — but we DON'T chase Street 240k because the OP-inflection IS data-refuted (1Q26 OP +3% < rev +16%). WAIT — re-rate only when consolidated OP growth >= rev growth (deck stops printing 'leverage decreased'); starter <=135k.
        KILL: OP leverage stays negative another quarter / China relapses / US stays <10% of group (no mix help)

  SILICON2          ₩?  [NEUTRAL] -> UNKNOWN  price unavailable
        K-beauty export aggregator | NEUTRAL / WAIT (short dropped) | FV bear ₩24,000/base ₩44,000/bull ₩58,000 (base ?) | entry ₩30,000-24,000
        thesis: export AGGREGATOR still growing +41% in 1Q26 (decel 132->85->64->46->60->76->41 but off a HUGE base). SHORT-BIAS DROPPED in the 2026-06-30 re-audit — it was itself a conservative-FV artifact: we (1) anchored a share-GAINER to the flat Census import-flow ('converging to the run-rate') when the winning book compounds above the aggregate, and (2) put a distress 8.4x multiple on a +41% grower, landing base 32k = ~30% below the Street floor 46k. Corrected base ₩44k (KEEP the ~11x DISTRIBUTOR multiple, not a brand multiple — disintermediation is real: Anua/medicube sell direct on Amazon US). At ~fair now: this is fair-to-mildly-cheap, NOT a short. Watch, don't press.
        KILL: 2Q26 ~Aug-7 YoY decel <25% + OM breaks <15% + a named anchor brand pulls its US distribution = re-opens the bear

  HUGEL             ₩?  [EVENT] -> UNKNOWN  price unavailable
        aesthetics (toxin/filler) | EVENT-GATED | FV bear ₩180,000/base ₩300,000/bull ₩430,000 (base ?) | entry ₩220,000-200,000
        thesis: 47%-margin net-cash toxin franchise (rivals GALD quality); weak stock = JUSTIFIED discount (CBC/Aphrodite ~43% control-auction overhang + Korea-discount), NOT undiscovered. China growing, US ITC tail de-risked. EVENT-GATED: fresh Jun-19-2026 refi (₩765B, matures Jun-2029) reset the auction OUT = 'hold, not sell' — no near-term catalyst; band is a reference, action waits on the control event.
        KILL: control-auction resolves (sale = the catalyst; refi-only = dead money) / China toxin approval slips / ITC tail re-opens

  basket: no action (no new accumulate-band entries, no >8% drops)
[-> krx_value_log.jsonl]  ACCUM names buy-in-band via IBKR/KRX (Korea-permission + <10-15% ADTV); SILICON2 neutral/watch; HUGEL event-gated. No orders.

API connection failed: ConnectionRefusedError(61, "Connect call failed ('127.0.0.1', 7496)")
Make sure API port on TWS/IBG is open
API connection failed: ConnectionRefusedError(61, "Connect call failed ('127.0.0.1', 7497)")
Make sure API port on TWS/IBG is open
positions request timed out
account updates for ACCOUNT_ALPHA request timed out
API connection failed: ConnectionRefusedError(61, "Connect call failed ('127.0.0.1', 4002)")
Make sure API port on TWS/IBG is open
/Users/ajay/Library/Python/3.9/lib/python/site-packages/urllib3/__init__.py:35: NotOpenSSLWarning: urllib3 v2 only supports OpenSSL 1.1.1+, currently the 'ssl' module is compiled with 'LibreSSL 2.8.3'. See: https://github.com/urllib3/urllib3/issues/3020
  warnings.warn(

1 Failed download:
['241710.KQ']: TypeError("'NoneType' object is not subscriptable")

1 Failed download:
['192820.KS']: TypeError("'NoneType' object is not subscriptable")

1 Failed download:
['257720.KQ']: TypeError("'NoneType' object is not subscriptable")

1 Failed download:
['145020.KQ']: TypeError("'NoneType' object is not subscriptable")

===== 2026-07-21 11:48 (desk) =====
=== KRX-LISTED VALUE BASKET 2026-07-21  (Korea book; IBKR-listed on KRX, live two-sided; READ-ONLY) ===
  rank: COSMECCA(accum) > COSMAX(wait) | SILICON2 = NEUTRAL/watch (short dropped) | HUGEL = event-gated
  NOTE: tradeable on IBKR/KRX IF account Korea-permission enabled; KRW, foreign-flow-dominated + thin — size <10-15% ADTV
  PRICE SOURCE: yfinance fallback (TWS down) — dashboard keeps the last good IBKR override; note Korean .KQ/.KS lags ~days

  COSMECCA          ₩?  [ACCUM] -> UNKNOWN  price unavailable
        K-beauty ODM | MED (the edge name) | FV bear ₩40,000/base ₩76,000/bull ₩108,000 (base ?) | entry ₩70,000-62,000
        thesis: virality-latency edge (Anua/BYOMA ODM confirmed via openFDA whale-ID); clean DD (unqualified audit, top-5 cust <35%, 23% ROE, only profitable dual-region ODM). BASE FV RE-AUDITED 2026-06-30 67k->₩76k: we were ~13% too conservative — the MULTIPLE was the bigger error (peer-minus 11x vs a warranted 12-12.5x for a 2x-category-growth, higher-margin share-gainer), growth over-faded below consensus (anchored to the flat Census aggregate, not COSMECCA's winning book). Earnings-quality caution KEPT (receivables the auditor's sole KAM, neg FCF, governance) = FV 76k not back to 82k. At ~77k = FAIR-to-slightly-rich (no longer the <62.9k bargain — our OLD FV made a band that never triggered); accumulate on a pullback <70k / add <62k. Aug-5 Q2 = re-rate/de-rate trigger.
        KILL: Q2 (Aug-15) confirms Korea export decel to ~12% + OPM <12% -> toward ₩40k bear / founder-undertaking or governance (failed KOSPI uplisting) re-surfaces / FCF + RPT note (UNVERIFIABLE pre-size) come back bad

  COSMAX      ₩173,600  [WAIT] -> WATCH  above start, below base FV 185,000
        K-beauty ODM (scale leader) | MED-LOW (scale-leader) | FV bear ₩110,000/base ₩185,000/bull ₩245,000 (base +7%) | entry ₩135,000-120,000
        thesis: scale-leader K-beauty ODM ~10x fwd / 0.68x sales; the margin-INFLECTION thesis is REFUTED by Cosmax's OWN deck (OP leverage 'decreased' on mix/cost = STRUCTURAL, not fillable-capacity). China RECOVERING (+19.6%, profitable) so that drag is dated; US +46% but only ~6% of group. BASE RE-AUDITED 2026-06-30 165k->185k: we sat below ALL 25 analysts' 170k floor (conservative-multiple reflex) and under-credited net-earnings +312% (below-OP-line: China equity-method + FX) — but we DON'T chase Street 240k because the OP-inflection IS data-refuted (1Q26 OP +3% < rev +16%). WAIT — re-rate only when consolidated OP growth >= rev growth (deck stops printing 'leverage decreased'); starter <=135k.
        KILL: OP leverage stays negative another quarter / China relapses / US stays <10% of group (no mix help)

  SILICON2     ₩34,450  [NEUTRAL] -> WATCH  above start, below base FV 44,000
        K-beauty export aggregator | NEUTRAL / WAIT (short dropped) | FV bear ₩24,000/base ₩44,000/bull ₩58,000 (base +28%) | entry ₩30,000-24,000
        thesis: export AGGREGATOR still growing +41% in 1Q26 (decel 132->85->64->46->60->76->41 but off a HUGE base). SHORT-BIAS DROPPED in the 2026-06-30 re-audit — it was itself a conservative-FV artifact: we (1) anchored a share-GAINER to the flat Census import-flow ('converging to the run-rate') when the winning book compounds above the aggregate, and (2) put a distress 8.4x multiple on a +41% grower, landing base 32k = ~30% below the Street floor 46k. Corrected base ₩44k (KEEP the ~11x DISTRIBUTOR multiple, not a brand multiple — disintermediation is real: Anua/medicube sell direct on Amazon US). At ~fair now: this is fair-to-mildly-cheap, NOT a short. Watch, don't press.
        KILL: 2Q26 ~Aug-7 YoY decel <25% + OM breaks <15% + a named anchor brand pulls its US distribution = re-opens the bear

  HUGEL       ₩230,000  [EVENT] -> WATCH  above start, below base FV 300,000
        aesthetics (toxin/filler) | EVENT-GATED | FV bear ₩180,000/base ₩300,000/bull ₩430,000 (base +30%) | entry ₩220,000-200,000
        thesis: 47%-margin net-cash toxin franchise (rivals GALD quality); weak stock = JUSTIFIED discount (CBC/Aphrodite ~43% control-auction overhang + Korea-discount), NOT undiscovered. China growing, US ITC tail de-risked. EVENT-GATED: fresh Jun-19-2026 refi (₩765B, matures Jun-2029) reset the auction OUT = 'hold, not sell' — no near-term catalyst; band is a reference, action waits on the control event.
        KILL: control-auction resolves (sale = the catalyst; refi-only = dead money) / China toxin approval slips / ITC tail re-opens

  basket: no action (no new accumulate-band entries, no >8% drops)
[-> krx_value_log.jsonl]  ACCUM names buy-in-band via IBKR/KRX (Korea-permission + <10-15% ADTV); SILICON2 neutral/watch; HUGEL event-gated. No orders.

API connection failed: ConnectionRefusedError(61, "Connect call failed ('127.0.0.1', 7496)")
Make sure API port on TWS/IBG is open
API connection failed: ConnectionRefusedError(61, "Connect call failed ('127.0.0.1', 7497)")
Make sure API port on TWS/IBG is open
positions request timed out
account updates for ACCOUNT_ALPHA request timed out
API connection failed: ConnectionRefusedError(61, "Connect call failed ('127.0.0.1', 4002)")
Make sure API port on TWS/IBG is open
/Users/ajay/Library/Python/3.9/lib/python/site-packages/urllib3/__init__.py:35: NotOpenSSLWarning: urllib3 v2 only supports OpenSSL 1.1.1+, currently the 'ssl' module is compiled with 'LibreSSL 2.8.3'. See: https://github.com/urllib3/urllib3/issues/3020
  warnings.warn(

1 Failed download:
['241710.KQ']: YFRateLimitError('Too Many Requests. Rate limited. Try after a while.')

===== 2026-07-22 13:51 (desk) =====
=== KRX-LISTED VALUE BASKET 2026-07-22  (Korea book; IBKR-listed on KRX, live two-sided; READ-ONLY) ===
  rank: COSMECCA(accum) > COSMAX(wait) | SILICON2 = NEUTRAL/watch (short dropped) | HUGEL = event-gated
  NOTE: tradeable on IBKR/KRX IF account Korea-permission enabled; KRW, foreign-flow-dominated + thin — size <10-15% ADTV
  PRICE SOURCE: yfinance fallback (TWS down) — dashboard keeps the last good IBKR override; note Korean .KQ/.KS lags ~days

  COSMECCA     ₩81,000  [ACCUM] -> ABOVE  > base FV 76,000 — no action
        K-beauty ODM | MED (the edge name) | FV bear ₩40,000/base ₩76,000/bull ₩108,000 (base -6%) | entry ₩70,000-62,000
        thesis: virality-latency edge (Anua/BYOMA ODM confirmed via openFDA whale-ID); clean DD (unqualified audit, top-5 cust <35%, 23% ROE, only profitable dual-region ODM). BASE FV RE-AUDITED 2026-06-30 67k->₩76k: we were ~13% too conservative — the MULTIPLE was the bigger error (peer-minus 11x vs a warranted 12-12.5x for a 2x-category-growth, higher-margin share-gainer), growth over-faded below consensus (anchored to the flat Census aggregate, not COSMECCA's winning book). Earnings-quality caution KEPT (receivables the auditor's sole KAM, neg FCF, governance) = FV 76k not back to 82k. At ~77k = FAIR-to-slightly-rich (no longer the <62.9k bargain — our OLD FV made a band that never triggered); accumulate on a pullback <70k / add <62k. Aug-5 Q2 = re-rate/de-rate trigger.
        KILL: Q2 (Aug-15) confirms Korea export decel to ~12% + OPM <12% -> toward ₩40k bear / founder-undertaking or governance (failed KOSPI uplisting) re-surfaces / FCF + RPT note (UNVERIFIABLE pre-size) come back bad

  COSMAX      ₩172,200  [WAIT] -> WATCH  above start, below base FV 185,000
        K-beauty ODM (scale leader) | MED-LOW (scale-leader) | FV bear ₩110,000/base ₩185,000/bull ₩245,000 (base +7%) | entry ₩135,000-120,000
        thesis: scale-leader K-beauty ODM ~10x fwd / 0.68x sales; the margin-INFLECTION thesis is REFUTED by Cosmax's OWN deck (OP leverage 'decreased' on mix/cost = STRUCTURAL, not fillable-capacity). China RECOVERING (+19.6%, profitable) so that drag is dated; US +46% but only ~6% of group. BASE RE-AUDITED 2026-06-30 165k->185k: we sat below ALL 25 analysts' 170k floor (conservative-multiple reflex) and under-credited net-earnings +312% (below-OP-line: China equity-method + FX) — but we DON'T chase Street 240k because the OP-inflection IS data-refuted (1Q26 OP +3% < rev +16%). WAIT — re-rate only when consolidated OP growth >= rev growth (deck stops printing 'leverage decreased'); starter <=135k.
        KILL: OP leverage stays negative another quarter / China relapses / US stays <10% of group (no mix help)

  SILICON2     ₩35,650  [NEUTRAL] -> WATCH  above start, below base FV 44,000
        K-beauty export aggregator | NEUTRAL / WAIT (short dropped) | FV bear ₩24,000/base ₩44,000/bull ₩58,000 (base +23%) | entry ₩30,000-24,000
        thesis: export AGGREGATOR still growing +41% in 1Q26 (decel 132->85->64->46->60->76->41 but off a HUGE base). SHORT-BIAS DROPPED in the 2026-06-30 re-audit — it was itself a conservative-FV artifact: we (1) anchored a share-GAINER to the flat Census import-flow ('converging to the run-rate') when the winning book compounds above the aggregate, and (2) put a distress 8.4x multiple on a +41% grower, landing base 32k = ~30% below the Street floor 46k. Corrected base ₩44k (KEEP the ~11x DISTRIBUTOR multiple, not a brand multiple — disintermediation is real: Anua/medicube sell direct on Amazon US). At ~fair now: this is fair-to-mildly-cheap, NOT a short. Watch, don't press.
        KILL: 2Q26 ~Aug-7 YoY decel <25% + OM breaks <15% + a named anchor brand pulls its US distribution = re-opens the bear

  HUGEL       ₩228,500  [EVENT] -> WATCH  above start, below base FV 300,000
        aesthetics (toxin/filler) | EVENT-GATED | FV bear ₩180,000/base ₩300,000/bull ₩430,000 (base +31%) | entry ₩220,000-200,000
        thesis: 47%-margin net-cash toxin franchise (rivals GALD quality); weak stock = JUSTIFIED discount (CBC/Aphrodite ~43% control-auction overhang + Korea-discount), NOT undiscovered. China growing, US ITC tail de-risked. EVENT-GATED: fresh Jun-19-2026 refi (₩765B, matures Jun-2029) reset the auction OUT = 'hold, not sell' — no near-term catalyst; band is a reference, action waits on the control event.
        KILL: control-auction resolves (sale = the catalyst; refi-only = dead money) / China toxin approval slips / ITC tail re-opens

  basket: no action (no new accumulate-band entries, no >8% drops)
[-> krx_value_log.jsonl]  ACCUM names buy-in-band via IBKR/KRX (Korea-permission + <10-15% ADTV); SILICON2 neutral/watch; HUGEL event-gated. No orders.

API connection failed: ConnectionRefusedError(61, "Connect call failed ('127.0.0.1', 7496)")
Make sure API port on TWS/IBG is open
API connection failed: ConnectionRefusedError(61, "Connect call failed ('127.0.0.1', 7497)")
Make sure API port on TWS/IBG is open
positions request timed out
account updates for ACCOUNT_ALPHA request timed out
API connection failed: ConnectionRefusedError(61, "Connect call failed ('127.0.0.1', 4002)")
Make sure API port on TWS/IBG is open
/Users/ajay/Library/Python/3.9/lib/python/site-packages/urllib3/__init__.py:35: NotOpenSSLWarning: urllib3 v2 only supports OpenSSL 1.1.1+, currently the 'ssl' module is compiled with 'LibreSSL 2.8.3'. See: https://github.com/urllib3/urllib3/issues/3020
  warnings.warn(

===== 2026-07-23 14:40 (desk) =====
=== KRX-LISTED VALUE BASKET 2026-07-23  (Korea book; IBKR-listed on KRX, live two-sided; READ-ONLY) ===
  rank: COSMECCA(accum) > COSMAX(wait) | SILICON2 = NEUTRAL/watch (short dropped) | HUGEL = event-gated
  NOTE: tradeable on IBKR/KRX IF account Korea-permission enabled; KRW, foreign-flow-dominated + thin — size <10-15% ADTV
  PRICE SOURCE: yfinance fallback (TWS down) — dashboard keeps the last good IBKR override; note Korean .KQ/.KS lags ~days

  COSMECCA     ₩83,400  [ACCUM] -> ABOVE  > base FV 76,000 — no action
        K-beauty ODM | MED (the edge name) | FV bear ₩40,000/base ₩76,000/bull ₩108,000 (base -9%) | entry ₩70,000-62,000
        thesis: virality-latency edge (Anua/BYOMA ODM confirmed via openFDA whale-ID); clean DD (unqualified audit, top-5 cust <35%, 23% ROE, only profitable dual-region ODM). BASE FV RE-AUDITED 2026-06-30 67k->₩76k: we were ~13% too conservative — the MULTIPLE was the bigger error (peer-minus 11x vs a warranted 12-12.5x for a 2x-category-growth, higher-margin share-gainer), growth over-faded below consensus (anchored to the flat Census aggregate, not COSMECCA's winning book). Earnings-quality caution KEPT (receivables the auditor's sole KAM, neg FCF, governance) = FV 76k not back to 82k. At ~77k = FAIR-to-slightly-rich (no longer the <62.9k bargain — our OLD FV made a band that never triggered); accumulate on a pullback <70k / add <62k. Aug-5 Q2 = re-rate/de-rate trigger.
        KILL: Q2 (Aug-15) confirms Korea export decel to ~12% + OPM <12% -> toward ₩40k bear / founder-undertaking or governance (failed KOSPI uplisting) re-surfaces / FCF + RPT note (UNVERIFIABLE pre-size) come back bad

  COSMAX      ₩177,000  [WAIT] -> WATCH  above start, below base FV 185,000
        K-beauty ODM (scale leader) | MED-LOW (scale-leader) | FV bear ₩110,000/base ₩185,000/bull ₩245,000 (base +5%) | entry ₩135,000-120,000
        thesis: scale-leader K-beauty ODM ~10x fwd / 0.68x sales; the margin-INFLECTION thesis is REFUTED by Cosmax's OWN deck (OP leverage 'decreased' on mix/cost = STRUCTURAL, not fillable-capacity). China RECOVERING (+19.6%, profitable) so that drag is dated; US +46% but only ~6% of group. BASE RE-AUDITED 2026-06-30 165k->185k: we sat below ALL 25 analysts' 170k floor (conservative-multiple reflex) and under-credited net-earnings +312% (below-OP-line: China equity-method + FX) — but we DON'T chase Street 240k because the OP-inflection IS data-refuted (1Q26 OP +3% < rev +16%). WAIT — re-rate only when consolidated OP growth >= rev growth (deck stops printing 'leverage decreased'); starter <=135k.
        KILL: OP leverage stays negative another quarter / China relapses / US stays <10% of group (no mix help)

  SILICON2     ₩36,400  [NEUTRAL] -> WATCH  above start, below base FV 44,000
        K-beauty export aggregator | NEUTRAL / WAIT (short dropped) | FV bear ₩24,000/base ₩44,000/bull ₩58,000 (base +21%) | entry ₩30,000-24,000
        thesis: export AGGREGATOR still growing +41% in 1Q26 (decel 132->85->64->46->60->76->41 but off a HUGE base). SHORT-BIAS DROPPED in the 2026-06-30 re-audit — it was itself a conservative-FV artifact: we (1) anchored a share-GAINER to the flat Census import-flow ('converging to the run-rate') when the winning book compounds above the aggregate, and (2) put a distress 8.4x multiple on a +41% grower, landing base 32k = ~30% below the Street floor 46k. Corrected base ₩44k (KEEP the ~11x DISTRIBUTOR multiple, not a brand multiple — disintermediation is real: Anua/medicube sell direct on Amazon US). At ~fair now: this is fair-to-mildly-cheap, NOT a short. Watch, don't press.
        KILL: 2Q26 ~Aug-7 YoY decel <25% + OM breaks <15% + a named anchor brand pulls its US distribution = re-opens the bear

  HUGEL       ₩241,500  [EVENT] -> WATCH  above start, below base FV 300,000
        aesthetics (toxin/filler) | EVENT-GATED | FV bear ₩180,000/base ₩300,000/bull ₩430,000 (base +24%) | entry ₩220,000-200,000
        thesis: 47%-margin net-cash toxin franchise (rivals GALD quality); weak stock = JUSTIFIED discount (CBC/Aphrodite ~43% control-auction overhang + Korea-discount), NOT undiscovered. China growing, US ITC tail de-risked. EVENT-GATED: fresh Jun-19-2026 refi (₩765B, matures Jun-2029) reset the auction OUT = 'hold, not sell' — no near-term catalyst; band is a reference, action waits on the control event.
        KILL: control-auction resolves (sale = the catalyst; refi-only = dead money) / China toxin approval slips / ITC tail re-opens

  basket: no action (no new accumulate-band entries, no >8% drops)
[-> krx_value_log.jsonl]  ACCUM names buy-in-band via IBKR/KRX (Korea-permission + <10-15% ADTV); SILICON2 neutral/watch; HUGEL event-gated. No orders.

API connection failed: ConnectionRefusedError(61, "Connect call failed ('127.0.0.1', 7496)")
Make sure API port on TWS/IBG is open
API connection failed: ConnectionRefusedError(61, "Connect call failed ('127.0.0.1', 7497)")
Make sure API port on TWS/IBG is open
positions request timed out
account updates for ACCOUNT_ALPHA request timed out
API connection failed: ConnectionRefusedError(61, "Connect call failed ('127.0.0.1', 4002)")
Make sure API port on TWS/IBG is open
/Users/ajay/Library/Python/3.9/lib/python/site-packages/urllib3/__init__.py:35: NotOpenSSLWarning: urllib3 v2 only supports OpenSSL 1.1.1+, currently the 'ssl' module is compiled with 'LibreSSL 2.8.3'. See: https://github.com/urllib3/urllib3/issues/3020
  warnings.warn(

===== 2026-07-27 09:55 (desk) =====
=== KRX-LISTED VALUE BASKET 2026-07-27  (Korea book; IBKR-listed on KRX, live two-sided; READ-ONLY) ===
  rank: COSMECCA(accum) > COSMAX(wait) | SILICON2 = NEUTRAL/watch (short dropped) | HUGEL = event-gated
  NOTE: tradeable on IBKR/KRX IF account Korea-permission enabled; KRW, foreign-flow-dominated + thin — size <10-15% ADTV
  PRICE SOURCE: yfinance fallback (TWS down) — dashboard keeps the last good IBKR override; note Korean .KQ/.KS lags ~days

  COSMECCA     ₩86,500  [ACCUM] -> ABOVE  > base FV 76,000 — no action
        K-beauty ODM | MED (the edge name) | FV bear ₩40,000/base ₩76,000/bull ₩108,000 (base -12%) | entry ₩70,000-62,000
        thesis: virality-latency edge (Anua/BYOMA ODM confirmed via openFDA whale-ID); clean DD (unqualified audit, top-5 cust <35%, 23% ROE, only profitable dual-region ODM). BASE FV RE-AUDITED 2026-06-30 67k->₩76k: we were ~13% too conservative — the MULTIPLE was the bigger error (peer-minus 11x vs a warranted 12-12.5x for a 2x-category-growth, higher-margin share-gainer), growth over-faded below consensus (anchored to the flat Census aggregate, not COSMECCA's winning book). Earnings-quality caution KEPT (receivables the auditor's sole KAM, neg FCF, governance) = FV 76k not back to 82k. At ~77k = FAIR-to-slightly-rich (no longer the <62.9k bargain — our OLD FV made a band that never triggered); accumulate on a pullback <70k / add <62k. Aug-5 Q2 = re-rate/de-rate trigger.
        KILL: Q2 (Aug-15) confirms Korea export decel to ~12% + OPM <12% -> toward ₩40k bear / founder-undertaking or governance (failed KOSPI uplisting) re-surfaces / FCF + RPT note (UNVERIFIABLE pre-size) come back bad

  COSMAX      ₩192,500  [WAIT] -> ABOVE  > base FV 185,000 — no action
        K-beauty ODM (scale leader) | MED-LOW (scale-leader) | FV bear ₩110,000/base ₩185,000/bull ₩245,000 (base -4%) | entry ₩135,000-120,000
        thesis: scale-leader K-beauty ODM ~10x fwd / 0.68x sales; the margin-INFLECTION thesis is REFUTED by Cosmax's OWN deck (OP leverage 'decreased' on mix/cost = STRUCTURAL, not fillable-capacity). China RECOVERING (+19.6%, profitable) so that drag is dated; US +46% but only ~6% of group. BASE RE-AUDITED 2026-06-30 165k->185k: we sat below ALL 25 analysts' 170k floor (conservative-multiple reflex) and under-credited net-earnings +312% (below-OP-line: China equity-method + FX) — but we DON'T chase Street 240k because the OP-inflection IS data-refuted (1Q26 OP +3% < rev +16%). WAIT — re-rate only when consolidated OP growth >= rev growth (deck stops printing 'leverage decreased'); starter <=135k.
        KILL: OP leverage stays negative another quarter / China relapses / US stays <10% of group (no mix help)

  SILICON2     ₩38,400  [NEUTRAL] -> WATCH  above start, below base FV 44,000
        K-beauty export aggregator | NEUTRAL / WAIT (short dropped) | FV bear ₩24,000/base ₩44,000/bull ₩58,000 (base +15%) | entry ₩30,000-24,000
        thesis: export AGGREGATOR still growing +41% in 1Q26 (decel 132->85->64->46->60->76->41 but off a HUGE base). SHORT-BIAS DROPPED in the 2026-06-30 re-audit — it was itself a conservative-FV artifact: we (1) anchored a share-GAINER to the flat Census import-flow ('converging to the run-rate') when the winning book compounds above the aggregate, and (2) put a distress 8.4x multiple on a +41% grower, landing base 32k = ~30% below the Street floor 46k. Corrected base ₩44k (KEEP the ~11x DISTRIBUTOR multiple, not a brand multiple — disintermediation is real: Anua/medicube sell direct on Amazon US). At ~fair now: this is fair-to-mildly-cheap, NOT a short. Watch, don't press.
        KILL: 2Q26 ~Aug-7 YoY decel <25% + OM breaks <15% + a named anchor brand pulls its US distribution = re-opens the bear

  HUGEL       ₩243,000  [EVENT] -> WATCH  above start, below base FV 300,000
        aesthetics (toxin/filler) | EVENT-GATED | FV bear ₩180,000/base ₩300,000/bull ₩430,000 (base +23%) | entry ₩220,000-200,000
        thesis: 47%-margin net-cash toxin franchise (rivals GALD quality); weak stock = JUSTIFIED discount (CBC/Aphrodite ~43% control-auction overhang + Korea-discount), NOT undiscovered. China growing, US ITC tail de-risked. EVENT-GATED: fresh Jun-19-2026 refi (₩765B, matures Jun-2029) reset the auction OUT = 'hold, not sell' — no near-term catalyst; band is a reference, action waits on the control event.
        KILL: control-auction resolves (sale = the catalyst; refi-only = dead money) / China toxin approval slips / ITC tail re-opens

  basket: no action (no new accumulate-band entries, no >8% drops)
[-> krx_value_log.jsonl]  ACCUM names buy-in-band via IBKR/KRX (Korea-permission + <10-15% ADTV); SILICON2 neutral/watch; HUGEL event-gated. No orders.

API connection failed: ConnectionRefusedError(61, "Connect call failed ('127.0.0.1', 7496)")
Make sure API port on TWS/IBG is open
API connection failed: ConnectionRefusedError(61, "Connect call failed ('127.0.0.1', 7497)")
Make sure API port on TWS/IBG is open
positions request timed out
account updates for ACCOUNT_ALPHA request timed out
API connection failed: ConnectionRefusedError(61, "Connect call failed ('127.0.0.1', 4002)")
Make sure API port on TWS/IBG is open
/Users/ajay/Library/Python/3.9/lib/python/site-packages/urllib3/__init__.py:35: NotOpenSSLWarning: urllib3 v2 only supports OpenSSL 1.1.1+, currently the 'ssl' module is compiled with 'LibreSSL 2.8.3'. See: https://github.com/urllib3/urllib3/issues/3020
  warnings.warn(

===== 2026-07-28 07:44 (desk) =====
=== KRX-LISTED VALUE BASKET 2026-07-28  (Korea book; IBKR-listed on KRX, live two-sided; READ-ONLY) ===
  rank: COSMECCA(accum) > COSMAX(wait) | SILICON2 = NEUTRAL/watch (short dropped) | HUGEL = event-gated
  NOTE: tradeable on IBKR/KRX IF account Korea-permission enabled; KRW, foreign-flow-dominated + thin — size <10-15% ADTV
  PRICE SOURCE: yfinance fallback (TWS down) — dashboard keeps the last good IBKR override; note Korean .KQ/.KS lags ~days

  COSMECCA     ₩83,200  [ACCUM] -> ABOVE  > base FV 76,000 — no action
        K-beauty ODM | MED (the edge name) | FV bear ₩40,000/base ₩76,000/bull ₩108,000 (base -9%) | entry ₩70,000-62,000
        thesis: virality-latency edge (Anua/BYOMA ODM confirmed via openFDA whale-ID); clean DD (unqualified audit, top-5 cust <35%, 23% ROE, only profitable dual-region ODM). BASE FV RE-AUDITED 2026-06-30 67k->₩76k: we were ~13% too conservative — the MULTIPLE was the bigger error (peer-minus 11x vs a warranted 12-12.5x for a 2x-category-growth, higher-margin share-gainer), growth over-faded below consensus (anchored to the flat Census aggregate, not COSMECCA's winning book). Earnings-quality caution KEPT (receivables the auditor's sole KAM, neg FCF, governance) = FV 76k not back to 82k. At ~77k = FAIR-to-slightly-rich (no longer the <62.9k bargain — our OLD FV made a band that never triggered); accumulate on a pullback <70k / add <62k. Aug-5 Q2 = re-rate/de-rate trigger.
        KILL: Q2 (Aug-15) confirms Korea export decel to ~12% + OPM <12% -> toward ₩40k bear / founder-undertaking or governance (failed KOSPI uplisting) re-surfaces / FCF + RPT note (UNVERIFIABLE pre-size) come back bad

  COSMAX      ₩184,600  [WAIT] -> WATCH  above start, below base FV 185,000
        K-beauty ODM (scale leader) | MED-LOW (scale-leader) | FV bear ₩110,000/base ₩185,000/bull ₩245,000 (base +0%) | entry ₩135,000-120,000
        thesis: scale-leader K-beauty ODM ~10x fwd / 0.68x sales; the margin-INFLECTION thesis is REFUTED by Cosmax's OWN deck (OP leverage 'decreased' on mix/cost = STRUCTURAL, not fillable-capacity). China RECOVERING (+19.6%, profitable) so that drag is dated; US +46% but only ~6% of group. BASE RE-AUDITED 2026-06-30 165k->185k: we sat below ALL 25 analysts' 170k floor (conservative-multiple reflex) and under-credited net-earnings +312% (below-OP-line: China equity-method + FX) — but we DON'T chase Street 240k because the OP-inflection IS data-refuted (1Q26 OP +3% < rev +16%). WAIT — re-rate only when consolidated OP growth >= rev growth (deck stops printing 'leverage decreased'); starter <=135k.
        KILL: OP leverage stays negative another quarter / China relapses / US stays <10% of group (no mix help)

  SILICON2     ₩36,500  [NEUTRAL] -> WATCH  above start, below base FV 44,000
        K-beauty export aggregator | NEUTRAL / WAIT (short dropped) | FV bear ₩24,000/base ₩44,000/bull ₩58,000 (base +21%) | entry ₩30,000-24,000
        thesis: export AGGREGATOR still growing +41% in 1Q26 (decel 132->85->64->46->60->76->41 but off a HUGE base). SHORT-BIAS DROPPED in the 2026-06-30 re-audit — it was itself a conservative-FV artifact: we (1) anchored a share-GAINER to the flat Census import-flow ('converging to the run-rate') when the winning book compounds above the aggregate, and (2) put a distress 8.4x multiple on a +41% grower, landing base 32k = ~30% below the Street floor 46k. Corrected base ₩44k (KEEP the ~11x DISTRIBUTOR multiple, not a brand multiple — disintermediation is real: Anua/medicube sell direct on Amazon US). At ~fair now: this is fair-to-mildly-cheap, NOT a short. Watch, don't press.
        KILL: 2Q26 ~Aug-7 YoY decel <25% + OM breaks <15% + a named anchor brand pulls its US distribution = re-opens the bear

  HUGEL       ₩237,500  [EVENT] -> WATCH  above start, below base FV 300,000
        aesthetics (toxin/filler) | EVENT-GATED | FV bear ₩180,000/base ₩300,000/bull ₩430,000 (base +26%) | entry ₩220,000-200,000
        thesis: 47%-margin net-cash toxin franchise (rivals GALD quality); weak stock = JUSTIFIED discount (CBC/Aphrodite ~43% control-auction overhang + Korea-discount), NOT undiscovered. China growing, US ITC tail de-risked. EVENT-GATED: fresh Jun-19-2026 refi (₩765B, matures Jun-2029) reset the auction OUT = 'hold, not sell' — no near-term catalyst; band is a reference, action waits on the control event.
        KILL: control-auction resolves (sale = the catalyst; refi-only = dead money) / China toxin approval slips / ITC tail re-opens

  basket: no action (no new accumulate-band entries, no >8% drops)
[-> krx_value_log.jsonl]  ACCUM names buy-in-band via IBKR/KRX (Korea-permission + <10-15% ADTV); SILICON2 neutral/watch; HUGEL event-gated. No orders.

API connection failed: ConnectionRefusedError(61, "Connect call failed ('127.0.0.1', 7496)")
Make sure API port on TWS/IBG is open
API connection failed: ConnectionRefusedError(61, "Connect call failed ('127.0.0.1', 7497)")
Make sure API port on TWS/IBG is open
positions request timed out
account updates for ACCOUNT_ALPHA request timed out
API connection failed: ConnectionRefusedError(61, "Connect call failed ('127.0.0.1', 4002)")
Make sure API port on TWS/IBG is open
/Users/ajay/Library/Python/3.9/lib/python/site-packages/urllib3/__init__.py:35: NotOpenSSLWarning: urllib3 v2 only supports OpenSSL 1.1.1+, currently the 'ssl' module is compiled with 'LibreSSL 2.8.3'. See: https://github.com/urllib3/urllib3/issues/3020
  warnings.warn(

===== 2026-07-29 08:43 (desk) =====
=== KRX-LISTED VALUE BASKET 2026-07-29  (Korea book; IBKR-listed on KRX, live two-sided; READ-ONLY) ===
  rank: COSMECCA(accum) > COSMAX(wait) | SILICON2 = NEUTRAL/watch (short dropped) | HUGEL = event-gated
  NOTE: tradeable on IBKR/KRX IF account Korea-permission enabled; KRW, foreign-flow-dominated + thin — size <10-15% ADTV
  PRICE SOURCE: yfinance fallback (TWS down) — dashboard keeps the last good IBKR override; note Korean .KQ/.KS lags ~days

  COSMECCA     ₩83,200  [ACCUM] -> ABOVE  > base FV 76,000 — no action
        K-beauty ODM | MED (the edge name) | FV bear ₩40,000/base ₩76,000/bull ₩108,000 (base -9%) | entry ₩70,000-62,000
        thesis: virality-latency edge (Anua/BYOMA ODM confirmed via openFDA whale-ID); clean DD (unqualified audit, top-5 cust <35%, 23% ROE, only profitable dual-region ODM). BASE FV RE-AUDITED 2026-06-30 67k->₩76k: we were ~13% too conservative — the MULTIPLE was the bigger error (peer-minus 11x vs a warranted 12-12.5x for a 2x-category-growth, higher-margin share-gainer), growth over-faded below consensus (anchored to the flat Census aggregate, not COSMECCA's winning book). Earnings-quality caution KEPT (receivables the auditor's sole KAM, neg FCF, governance) = FV 76k not back to 82k. At ~77k = FAIR-to-slightly-rich (no longer the <62.9k bargain — our OLD FV made a band that never triggered); accumulate on a pullback <70k / add <62k. Aug-5 Q2 = re-rate/de-rate trigger.
        KILL: Q2 (Aug-15) confirms Korea export decel to ~12% + OPM <12% -> toward ₩40k bear / founder-undertaking or governance (failed KOSPI uplisting) re-surfaces / FCF + RPT note (UNVERIFIABLE pre-size) come back bad

  COSMAX      ₩184,600  [WAIT] -> WATCH  above start, below base FV 185,000
        K-beauty ODM (scale leader) | MED-LOW (scale-leader) | FV bear ₩110,000/base ₩185,000/bull ₩245,000 (base +0%) | entry ₩135,000-120,000
        thesis: scale-leader K-beauty ODM ~10x fwd / 0.68x sales; the margin-INFLECTION thesis is REFUTED by Cosmax's OWN deck (OP leverage 'decreased' on mix/cost = STRUCTURAL, not fillable-capacity). China RECOVERING (+19.6%, profitable) so that drag is dated; US +46% but only ~6% of group. BASE RE-AUDITED 2026-06-30 165k->185k: we sat below ALL 25 analysts' 170k floor (conservative-multiple reflex) and under-credited net-earnings +312% (below-OP-line: China equity-method + FX) — but we DON'T chase Street 240k because the OP-inflection IS data-refuted (1Q26 OP +3% < rev +16%). WAIT — re-rate only when consolidated OP growth >= rev growth (deck stops printing 'leverage decreased'); starter <=135k.
        KILL: OP leverage stays negative another quarter / China relapses / US stays <10% of group (no mix help)

  SILICON2     ₩36,500  [NEUTRAL] -> WATCH  above start, below base FV 44,000
        K-beauty export aggregator | NEUTRAL / WAIT (short dropped) | FV bear ₩24,000/base ₩44,000/bull ₩58,000 (base +21%) | entry ₩30,000-24,000
        thesis: export AGGREGATOR still growing +41% in 1Q26 (decel 132->85->64->46->60->76->41 but off a HUGE base). SHORT-BIAS DROPPED in the 2026-06-30 re-audit — it was itself a conservative-FV artifact: we (1) anchored a share-GAINER to the flat Census import-flow ('converging to the run-rate') when the winning book compounds above the aggregate, and (2) put a distress 8.4x multiple on a +41% grower, landing base 32k = ~30% below the Street floor 46k. Corrected base ₩44k (KEEP the ~11x DISTRIBUTOR multiple, not a brand multiple — disintermediation is real: Anua/medicube sell direct on Amazon US). At ~fair now: this is fair-to-mildly-cheap, NOT a short. Watch, don't press.
        KILL: 2Q26 ~Aug-7 YoY decel <25% + OM breaks <15% + a named anchor brand pulls its US distribution = re-opens the bear

  HUGEL       ₩237,500  [EVENT] -> WATCH  above start, below base FV 300,000
        aesthetics (toxin/filler) | EVENT-GATED | FV bear ₩180,000/base ₩300,000/bull ₩430,000 (base +26%) | entry ₩220,000-200,000
        thesis: 47%-margin net-cash toxin franchise (rivals GALD quality); weak stock = JUSTIFIED discount (CBC/Aphrodite ~43% control-auction overhang + Korea-discount), NOT undiscovered. China growing, US ITC tail de-risked. EVENT-GATED: fresh Jun-19-2026 refi (₩765B, matures Jun-2029) reset the auction OUT = 'hold, not sell' — no near-term catalyst; band is a reference, action waits on the control event.
        KILL: control-auction resolves (sale = the catalyst; refi-only = dead money) / China toxin approval slips / ITC tail re-opens

  basket: no action (no new accumulate-band entries, no >8% drops)
[-> krx_value_log.jsonl]  ACCUM names buy-in-band via IBKR/KRX (Korea-permission + <10-15% ADTV); SILICON2 neutral/watch; HUGEL event-gated. No orders.

API connection failed: ConnectionRefusedError(61, "Connect call failed ('127.0.0.1', 7496)")
Make sure API port on TWS/IBG is open
API connection failed: ConnectionRefusedError(61, "Connect call failed ('127.0.0.1', 7497)")
Make sure API port on TWS/IBG is open
API connection failed: ConnectionRefusedError(61, "Connect call failed ('127.0.0.1', 4001)")
Make sure API port on TWS/IBG is open
API connection failed: ConnectionRefusedError(61, "Connect call failed ('127.0.0.1', 4002)")
Make sure API port on TWS/IBG is open
/Users/ajay/Library/Python/3.9/lib/python/site-packages/urllib3/__init__.py:35: NotOpenSSLWarning: urllib3 v2 only supports OpenSSL 1.1.1+, currently the 'ssl' module is compiled with 'LibreSSL 2.8.3'. See: https://github.com/urllib3/urllib3/issues/3020
  warnings.warn(

===== 2026-07-30 09:43 (desk) =====
=== KRX-LISTED VALUE BASKET 2026-07-30  (Korea book; IBKR-listed on KRX, live two-sided; READ-ONLY) ===
  rank: COSMECCA(accum) > COSMAX(wait) | SILICON2 = NEUTRAL/watch (short dropped) | HUGEL = event-gated
  NOTE: tradeable on IBKR/KRX IF account Korea-permission enabled; KRW, foreign-flow-dominated + thin — size <10-15% ADTV
  PRICE SOURCE: live IBKR (TWS) — refreshed dashboard override krx_px_override.json (4/4 names)

  COSMECCA     ₩80,700  [ACCUM] -> ABOVE  > base FV 76,000 — no action
        K-beauty ODM | MED (the edge name) | FV bear ₩40,000/base ₩76,000/bull ₩108,000 (base -6%) | entry ₩70,000-62,000
        thesis: virality-latency edge (Anua/BYOMA ODM confirmed via openFDA whale-ID); clean DD (unqualified audit, top-5 cust <35%, 23% ROE, only profitable dual-region ODM). BASE FV RE-AUDITED 2026-06-30 67k->₩76k: we were ~13% too conservative — the MULTIPLE was the bigger error (peer-minus 11x vs a warranted 12-12.5x for a 2x-category-growth, higher-margin share-gainer), growth over-faded below consensus (anchored to the flat Census aggregate, not COSMECCA's winning book). Earnings-quality caution KEPT (receivables the auditor's sole KAM, neg FCF, governance) = FV 76k not back to 82k. At ~77k = FAIR-to-slightly-rich (no longer the <62.9k bargain — our OLD FV made a band that never triggered); accumulate on a pullback <70k / add <62k. Aug-5 Q2 = re-rate/de-rate trigger.
        KILL: Q2 (Aug-15) confirms Korea export decel to ~12% + OPM <12% -> toward ₩40k bear / founder-undertaking or governance (failed KOSPI uplisting) re-surfaces / FCF + RPT note (UNVERIFIABLE pre-size) come back bad

  COSMAX      ₩182,900  [WAIT] -> WATCH  above start, below base FV 185,000
        K-beauty ODM (scale leader) | MED-LOW (scale-leader) | FV bear ₩110,000/base ₩185,000/bull ₩245,000 (base +1%) | entry ₩135,000-120,000
        thesis: scale-leader K-beauty ODM ~10x fwd / 0.68x sales; the margin-INFLECTION thesis is REFUTED by Cosmax's OWN deck (OP leverage 'decreased' on mix/cost = STRUCTURAL, not fillable-capacity). China RECOVERING (+19.6%, profitable) so that drag is dated; US +46% but only ~6% of group. BASE RE-AUDITED 2026-06-30 165k->185k: we sat below ALL 25 analysts' 170k floor (conservative-multiple reflex) and under-credited net-earnings +312% (below-OP-line: China equity-method + FX) — but we DON'T chase Street 240k because the OP-inflection IS data-refuted (1Q26 OP +3% < rev +16%). WAIT — re-rate only when consolidated OP growth >= rev growth (deck stops printing 'leverage decreased'); starter <=135k.
        KILL: OP leverage stays negative another quarter / China relapses / US stays <10% of group (no mix help)

  SILICON2     ₩33,150  [NEUTRAL] -> WATCH  above start, below base FV 44,000
        K-beauty export aggregator | NEUTRAL / WAIT (short dropped) | FV bear ₩24,000/base ₩44,000/bull ₩58,000 (base +33%) | entry ₩30,000-24,000
        thesis: export AGGREGATOR still growing +41% in 1Q26 (decel 132->85->64->46->60->76->41 but off a HUGE base). SHORT-BIAS DROPPED in the 2026-06-30 re-audit — it was itself a conservative-FV artifact: we (1) anchored a share-GAINER to the flat Census import-flow ('converging to the run-rate') when the winning book compounds above the aggregate, and (2) put a distress 8.4x multiple on a +41% grower, landing base 32k = ~30% below the Street floor 46k. Corrected base ₩44k (KEEP the ~11x DISTRIBUTOR multiple, not a brand multiple — disintermediation is real: Anua/medicube sell direct on Amazon US). At ~fair now: this is fair-to-mildly-cheap, NOT a short. Watch, don't press.
        KILL: 2Q26 ~Aug-7 YoY decel <25% + OM breaks <15% + a named anchor brand pulls its US distribution = re-opens the bear

  HUGEL       ₩227,000  [EVENT] -> WATCH  above start, below base FV 300,000
        aesthetics (toxin/filler) | EVENT-GATED | FV bear ₩180,000/base ₩300,000/bull ₩430,000 (base +32%) | entry ₩220,000-200,000
        thesis: 47%-margin net-cash toxin franchise (rivals GALD quality); weak stock = JUSTIFIED discount (CBC/Aphrodite ~43% control-auction overhang + Korea-discount), NOT undiscovered. China growing, US ITC tail de-risked. EVENT-GATED: fresh Jun-19-2026 refi (₩765B, matures Jun-2029) reset the auction OUT = 'hold, not sell' — no near-term catalyst; band is a reference, action waits on the control event.
        KILL: control-auction resolves (sale = the catalyst; refi-only = dead money) / China toxin approval slips / ITC tail re-opens

  >>> ALERTS: SILICON2 -9% vs last run (₩33,150) — CHECK KILL-TRIGGERS
[-> krx_value_log.jsonl]  ACCUM names buy-in-band via IBKR/KRX (Korea-permission + <10-15% ADTV); SILICON2 neutral/watch; HUGEL event-gated. No orders.

API connection failed: ConnectionRefusedError(61, "Connect call failed ('127.0.0.1', 7496)")
Make sure API port on TWS/IBG is open
API connection failed: ConnectionRefusedError(61, "Connect call failed ('127.0.0.1', 7497)")
Make sure API port on TWS/IBG is open

===== 2026-07-31 10:49 (desk) =====
=== KRX-LISTED VALUE BASKET 2026-07-31  (Korea book; IBKR-listed on KRX, live two-sided; READ-ONLY) ===
  rank: COSMECCA(accum) > COSMAX(wait) | SILICON2 = NEUTRAL/watch (short dropped) | HUGEL = event-gated
  NOTE: tradeable on IBKR/KRX IF account Korea-permission enabled; KRW, foreign-flow-dominated + thin — size <10-15% ADTV
  PRICE SOURCE: yfinance fallback (TWS down) — dashboard keeps the last good IBKR override; note Korean .KQ/.KS lags ~days

  COSMECCA     ₩80,000  [ACCUM] -> ABOVE  > base FV 76,000 — no action
        K-beauty ODM | MED (the edge name) | FV bear ₩40,000/base ₩76,000/bull ₩108,000 (base -5%) | entry ₩70,000-62,000
        thesis: virality-latency edge (Anua/BYOMA ODM confirmed via openFDA whale-ID); clean DD (unqualified audit, top-5 cust <35%, 23% ROE, only profitable dual-region ODM). BASE FV RE-AUDITED 2026-06-30 67k->₩76k: we were ~13% too conservative — the MULTIPLE was the bigger error (peer-minus 11x vs a warranted 12-12.5x for a 2x-category-growth, higher-margin share-gainer), growth over-faded below consensus (anchored to the flat Census aggregate, not COSMECCA's winning book). Earnings-quality caution KEPT (receivables the auditor's sole KAM, neg FCF, governance) = FV 76k not back to 82k. At ~77k = FAIR-to-slightly-rich (no longer the <62.9k bargain — our OLD FV made a band that never triggered); accumulate on a pullback <70k / add <62k. Aug-5 Q2 = re-rate/de-rate trigger.
        KILL: Q2 (Aug-15) confirms Korea export decel to ~12% + OPM <12% -> toward ₩40k bear / founder-undertaking or governance (failed KOSPI uplisting) re-surfaces / FCF + RPT note (UNVERIFIABLE pre-size) come back bad

  COSMAX      ₩185,900  [WAIT] -> ABOVE  > base FV 185,000 — no action
        K-beauty ODM (scale leader) | MED-LOW (scale-leader) | FV bear ₩110,000/base ₩185,000/bull ₩245,000 (base -0%) | entry ₩135,000-120,000
        thesis: scale-leader K-beauty ODM ~10x fwd / 0.68x sales; the margin-INFLECTION thesis is REFUTED by Cosmax's OWN deck (OP leverage 'decreased' on mix/cost = STRUCTURAL, not fillable-capacity). China RECOVERING (+19.6%, profitable) so that drag is dated; US +46% but only ~6% of group. BASE RE-AUDITED 2026-06-30 165k->185k: we sat below ALL 25 analysts' 170k floor (conservative-multiple reflex) and under-credited net-earnings +312% (below-OP-line: China equity-method + FX) — but we DON'T chase Street 240k because the OP-inflection IS data-refuted (1Q26 OP +3% < rev +16%). WAIT — re-rate only when consolidated OP growth >= rev growth (deck stops printing 'leverage decreased'); starter <=135k.
        KILL: OP leverage stays negative another quarter / China relapses / US stays <10% of group (no mix help)

  SILICON2     ₩33,050  [NEUTRAL] -> WATCH  above start, below base FV 44,000
        K-beauty export aggregator | NEUTRAL / WAIT (short dropped) | FV bear ₩24,000/base ₩44,000/bull ₩58,000 (base +33%) | entry ₩30,000-24,000
        thesis: export AGGREGATOR still growing +41% in 1Q26 (decel 132->85->64->46->60->76->41 but off a HUGE base). SHORT-BIAS DROPPED in the 2026-06-30 re-audit — it was itself a conservative-FV artifact: we (1) anchored a share-GAINER to the flat Census import-flow ('converging to the run-rate') when the winning book compounds above the aggregate, and (2) put a distress 8.4x multiple on a +41% grower, landing base 32k = ~30% below the Street floor 46k. Corrected base ₩44k (KEEP the ~11x DISTRIBUTOR multiple, not a brand multiple — disintermediation is real: Anua/medicube sell direct on Amazon US). At ~fair now: this is fair-to-mildly-cheap, NOT a short. Watch, don't press.
        KILL: 2Q26 ~Aug-7 YoY decel <25% + OM breaks <15% + a named anchor brand pulls its US distribution = re-opens the bear

  HUGEL       ₩224,500  [EVENT] -> WATCH  above start, below base FV 300,000
        aesthetics (toxin/filler) | EVENT-GATED | FV bear ₩180,000/base ₩300,000/bull ₩430,000 (base +34%) | entry ₩220,000-200,000
        thesis: 47%-margin net-cash toxin franchise (rivals GALD quality); weak stock = JUSTIFIED discount (CBC/Aphrodite ~43% control-auction overhang + Korea-discount), NOT undiscovered. China growing, US ITC tail de-risked. EVENT-GATED: fresh Jun-19-2026 refi (₩765B, matures Jun-2029) reset the auction OUT = 'hold, not sell' — no near-term catalyst; band is a reference, action waits on the control event.
        KILL: control-auction resolves (sale = the catalyst; refi-only = dead money) / China toxin approval slips / ITC tail re-opens

  basket: no action (no new accumulate-band entries, no >8% drops)
[-> krx_value_log.jsonl]  ACCUM names buy-in-band via IBKR/KRX (Korea-permission + <10-15% ADTV); SILICON2 neutral/watch; HUGEL event-gated. No orders.

API connection failed: ConnectionRefusedError(61, "Connect call failed ('127.0.0.1', 7496)")
Make sure API port on TWS/IBG is open
API connection failed: ConnectionRefusedError(61, "Connect call failed ('127.0.0.1', 7497)")
Make sure API port on TWS/IBG is open
positions request timed out
account updates for ACCOUNT_ALPHA request timed out
API connection failed: ConnectionRefusedError(61, "Connect call failed ('127.0.0.1', 4002)")
Make sure API port on TWS/IBG is open
/Users/ajay/Library/Python/3.9/lib/python/site-packages/urllib3/__init__.py:35: NotOpenSSLWarning: urllib3 v2 only supports OpenSSL 1.1.1+, currently the 'ssl' module is compiled with 'LibreSSL 2.8.3'. See: https://github.com/urllib3/urllib3/issues/3020
  warnings.warn(

===== 2026-08-03 00:56 (desk) =====
=== KRX-LISTED VALUE BASKET 2026-08-03  (Korea book; IBKR-listed on KRX, live two-sided; READ-ONLY) ===
  rank: COSMECCA(accum) > COSMAX(wait) | SILICON2 = NEUTRAL/watch (short dropped) | HUGEL = event-gated
  NOTE: tradeable on IBKR/KRX IF account Korea-permission enabled; KRW, foreign-flow-dominated + thin — size <10-15% ADTV
  PRICE SOURCE: live IBKR (TWS) — refreshed dashboard override krx_px_override.json (4/4 names)

  COSMECCA     ₩79,200  [ACCUM] -> ABOVE  > base FV 76,000 — no action
        K-beauty ODM | MED (the edge name) | FV bear ₩40,000/base ₩76,000/bull ₩108,000 (base -4%) | entry ₩70,000-62,000
        thesis: virality-latency edge (Anua/BYOMA ODM confirmed via openFDA whale-ID); clean DD (unqualified audit, top-5 cust <35%, 23% ROE, only profitable dual-region ODM). BASE FV RE-AUDITED 2026-06-30 67k->₩76k: we were ~13% too conservative — the MULTIPLE was the bigger error (peer-minus 11x vs a warranted 12-12.5x for a 2x-category-growth, higher-margin share-gainer), growth over-faded below consensus (anchored to the flat Census aggregate, not COSMECCA's winning book). Earnings-quality caution KEPT (receivables the auditor's sole KAM, neg FCF, governance) = FV 76k not back to 82k. At ~77k = FAIR-to-slightly-rich (no longer the <62.9k bargain — our OLD FV made a band that never triggered); accumulate on a pullback <70k / add <62k. Aug-5 Q2 = re-rate/de-rate trigger.
        KILL: Q2 (Aug-15) confirms Korea export decel to ~12% + OPM <12% -> toward ₩40k bear / founder-undertaking or governance (failed KOSPI uplisting) re-surfaces / FCF + RPT note (UNVERIFIABLE pre-size) come back bad

  COSMAX      ₩185,300  [WAIT] -> ABOVE  > base FV 185,000 — no action
        K-beauty ODM (scale leader) | MED-LOW (scale-leader) | FV bear ₩110,000/base ₩185,000/bull ₩245,000 (base -0%) | entry ₩135,000-120,000
        thesis: scale-leader K-beauty ODM ~10x fwd / 0.68x sales; the margin-INFLECTION thesis is REFUTED by Cosmax's OWN deck (OP leverage 'decreased' on mix/cost = STRUCTURAL, not fillable-capacity). China RECOVERING (+19.6%, profitable) so that drag is dated; US +46% but only ~6% of group. BASE RE-AUDITED 2026-06-30 165k->185k: we sat below ALL 25 analysts' 170k floor (conservative-multiple reflex) and under-credited net-earnings +312% (below-OP-line: China equity-method + FX) — but we DON'T chase Street 240k because the OP-inflection IS data-refuted (1Q26 OP +3% < rev +16%). WAIT — re-rate only when consolidated OP growth >= rev growth (deck stops printing 'leverage decreased'); starter <=135k.
        KILL: OP leverage stays negative another quarter / China relapses / US stays <10% of group (no mix help)

  SILICON2     ₩34,700  [NEUTRAL] -> WATCH  above start, below base FV 44,000
        K-beauty export aggregator | NEUTRAL / WAIT (short dropped) | FV bear ₩24,000/base ₩44,000/bull ₩58,000 (base +27%) | entry ₩30,000-24,000
        thesis: export AGGREGATOR still growing +41% in 1Q26 (decel 132->85->64->46->60->76->41 but off a HUGE base). SHORT-BIAS DROPPED in the 2026-06-30 re-audit — it was itself a conservative-FV artifact: we (1) anchored a share-GAINER to the flat Census import-flow ('converging to the run-rate') when the winning book compounds above the aggregate, and (2) put a distress 8.4x multiple on a +41% grower, landing base 32k = ~30% below the Street floor 46k. Corrected base ₩44k (KEEP the ~11x DISTRIBUTOR multiple, not a brand multiple — disintermediation is real: Anua/medicube sell direct on Amazon US). At ~fair now: this is fair-to-mildly-cheap, NOT a short. Watch, don't press.
        KILL: 2Q26 ~Aug-7 YoY decel <25% + OM breaks <15% + a named anchor brand pulls its US distribution = re-opens the bear

  HUGEL       ₩239,000  [EVENT] -> WATCH  above start, below base FV 300,000
        aesthetics (toxin/filler) | EVENT-GATED | FV bear ₩180,000/base ₩300,000/bull ₩430,000 (base +26%) | entry ₩220,000-200,000
        thesis: 47%-margin net-cash toxin franchise (rivals GALD quality); weak stock = JUSTIFIED discount (CBC/Aphrodite ~43% control-auction overhang + Korea-discount), NOT undiscovered. China growing, US ITC tail de-risked. EVENT-GATED: fresh Jun-19-2026 refi (₩765B, matures Jun-2029) reset the auction OUT = 'hold, not sell' — no near-term catalyst; band is a reference, action waits on the control event.
        KILL: control-auction resolves (sale = the catalyst; refi-only = dead money) / China toxin approval slips / ITC tail re-opens

  basket: no action (no new accumulate-band entries, no >8% drops)
[-> krx_value_log.jsonl]  ACCUM names buy-in-band via IBKR/KRX (Korea-permission + <10-15% ADTV); SILICON2 neutral/watch; HUGEL event-gated. No orders.

API connection failed: ConnectionRefusedError(61, "Connect call failed ('127.0.0.1', 7496)")
Make sure API port on TWS/IBG is open
API connection failed: ConnectionRefusedError(61, "Connect call failed ('127.0.0.1', 7497)")
Make sure API port on TWS/IBG is open

===== 2026-08-04 01:45 (desk) =====
=== KRX-LISTED VALUE BASKET 2026-08-04  (Korea book; IBKR-listed on KRX, live two-sided; READ-ONLY) ===
  rank: COSMECCA(accum) > COSMAX(wait) | SILICON2 = NEUTRAL/watch (short dropped) | HUGEL = event-gated
  NOTE: tradeable on IBKR/KRX IF account Korea-permission enabled; KRW, foreign-flow-dominated + thin — size <10-15% ADTV
  PRICE SOURCE: live IBKR (TWS) — refreshed dashboard override krx_px_override.json (4/4 names)

  COSMECCA     ₩85,100  [ACCUM] -> ABOVE  > base FV 76,000 — no action
        K-beauty ODM | MED (the edge name) | FV bear ₩40,000/base ₩76,000/bull ₩108,000 (base -11%) | entry ₩70,000-62,000
        thesis: virality-latency edge (Anua/BYOMA ODM confirmed via openFDA whale-ID); clean DD (unqualified audit, top-5 cust <35%, 23% ROE, only profitable dual-region ODM). BASE FV RE-AUDITED 2026-06-30 67k->₩76k: we were ~13% too conservative — the MULTIPLE was the bigger error (peer-minus 11x vs a warranted 12-12.5x for a 2x-category-growth, higher-margin share-gainer), growth over-faded below consensus (anchored to the flat Census aggregate, not COSMECCA's winning book). Earnings-quality caution KEPT (receivables the auditor's sole KAM, neg FCF, governance) = FV 76k not back to 82k. At ~77k = FAIR-to-slightly-rich (no longer the <62.9k bargain — our OLD FV made a band that never triggered); accumulate on a pullback <70k / add <62k. Aug-5 Q2 = re-rate/de-rate trigger.
        KILL: Q2 (Aug-15) confirms Korea export decel to ~12% + OPM <12% -> toward ₩40k bear / founder-undertaking or governance (failed KOSPI uplisting) re-surfaces / FCF + RPT note (UNVERIFIABLE pre-size) come back bad

  COSMAX      ₩195,400  [WAIT] -> ABOVE  > base FV 185,000 — no action
        K-beauty ODM (scale leader) | MED-LOW (scale-leader) | FV bear ₩110,000/base ₩185,000/bull ₩245,000 (base -5%) | entry ₩135,000-120,000
        thesis: scale-leader K-beauty ODM ~10x fwd / 0.68x sales; the margin-INFLECTION thesis is REFUTED by Cosmax's OWN deck (OP leverage 'decreased' on mix/cost = STRUCTURAL, not fillable-capacity). China RECOVERING (+19.6%, profitable) so that drag is dated; US +46% but only ~6% of group. BASE RE-AUDITED 2026-06-30 165k->185k: we sat below ALL 25 analysts' 170k floor (conservative-multiple reflex) and under-credited net-earnings +312% (below-OP-line: China equity-method + FX) — but we DON'T chase Street 240k because the OP-inflection IS data-refuted (1Q26 OP +3% < rev +16%). WAIT — re-rate only when consolidated OP growth >= rev growth (deck stops printing 'leverage decreased'); starter <=135k.
        KILL: OP leverage stays negative another quarter / China relapses / US stays <10% of group (no mix help)

  SILICON2     ₩37,400  [NEUTRAL] -> WATCH  above start, below base FV 44,000
        K-beauty export aggregator | NEUTRAL / WAIT (short dropped) | FV bear ₩24,000/base ₩44,000/bull ₩58,000 (base +18%) | entry ₩30,000-24,000
        thesis: export AGGREGATOR still growing +41% in 1Q26 (decel 132->85->64->46->60->76->41 but off a HUGE base). SHORT-BIAS DROPPED in the 2026-06-30 re-audit — it was itself a conservative-FV artifact: we (1) anchored a share-GAINER to the flat Census import-flow ('converging to the run-rate') when the winning book compounds above the aggregate, and (2) put a distress 8.4x multiple on a +41% grower, landing base 32k = ~30% below the Street floor 46k. Corrected base ₩44k (KEEP the ~11x DISTRIBUTOR multiple, not a brand multiple — disintermediation is real: Anua/medicube sell direct on Amazon US). At ~fair now: this is fair-to-mildly-cheap, NOT a short. Watch, don't press.
        KILL: 2Q26 ~Aug-7 YoY decel <25% + OM breaks <15% + a named anchor brand pulls its US distribution = re-opens the bear

  HUGEL       ₩257,000  [EVENT] -> WATCH  above start, below base FV 300,000
        aesthetics (toxin/filler) | EVENT-GATED | FV bear ₩180,000/base ₩300,000/bull ₩430,000 (base +17%) | entry ₩220,000-200,000
        thesis: 47%-margin net-cash toxin franchise (rivals GALD quality); weak stock = JUSTIFIED discount (CBC/Aphrodite ~43% control-auction overhang + Korea-discount), NOT undiscovered. China growing, US ITC tail de-risked. EVENT-GATED: fresh Jun-19-2026 refi (₩765B, matures Jun-2029) reset the auction OUT = 'hold, not sell' — no near-term catalyst; band is a reference, action waits on the control event.
        KILL: control-auction resolves (sale = the catalyst; refi-only = dead money) / China toxin approval slips / ITC tail re-opens

  basket: no action (no new accumulate-band entries, no >8% drops)
[-> krx_value_log.jsonl]  ACCUM names buy-in-band via IBKR/KRX (Korea-permission + <10-15% ADTV); SILICON2 neutral/watch; HUGEL event-gated. No orders.

API connection failed: ConnectionRefusedError(61, "Connect call failed ('127.0.0.1', 7496)")
Make sure API port on TWS/IBG is open
API connection failed: ConnectionRefusedError(61, "Connect call failed ('127.0.0.1', 7497)")
Make sure API port on TWS/IBG is open

===== 2026-08-05 02:51 (desk) =====
=== KRX-LISTED VALUE BASKET 2026-08-05  (Korea book; IBKR-listed on KRX, live two-sided; READ-ONLY) ===
  rank: COSMECCA(accum) > COSMAX(wait) | SILICON2 = NEUTRAL/watch (short dropped) | HUGEL = event-gated
  NOTE: tradeable on IBKR/KRX IF account Korea-permission enabled; KRW, foreign-flow-dominated + thin — size <10-15% ADTV
  PRICE SOURCE: yfinance fallback (TWS down) — dashboard keeps the last good IBKR override; note Korean .KQ/.KS lags ~days

  COSMECCA     ₩86,600  [ACCUM] -> ABOVE  > base FV 76,000 — no action
        K-beauty ODM | MED (the edge name) | FV bear ₩40,000/base ₩76,000/bull ₩108,000 (base -12%) | entry ₩70,000-62,000
        thesis: virality-latency edge (Anua/BYOMA ODM confirmed via openFDA whale-ID); clean DD (unqualified audit, top-5 cust <35%, 23% ROE, only profitable dual-region ODM). BASE FV RE-AUDITED 2026-06-30 67k->₩76k: we were ~13% too conservative — the MULTIPLE was the bigger error (peer-minus 11x vs a warranted 12-12.5x for a 2x-category-growth, higher-margin share-gainer), growth over-faded below consensus (anchored to the flat Census aggregate, not COSMECCA's winning book). Earnings-quality caution KEPT (receivables the auditor's sole KAM, neg FCF, governance) = FV 76k not back to 82k. At ~77k = FAIR-to-slightly-rich (no longer the <62.9k bargain — our OLD FV made a band that never triggered); accumulate on a pullback <70k / add <62k. Aug-5 Q2 = re-rate/de-rate trigger.
        KILL: Q2 (Aug-15) confirms Korea export decel to ~12% + OPM <12% -> toward ₩40k bear / founder-undertaking or governance (failed KOSPI uplisting) re-surfaces / FCF + RPT note (UNVERIFIABLE pre-size) come back bad

  COSMAX      ₩195,000  [WAIT] -> ABOVE  > base FV 185,000 — no action
        K-beauty ODM (scale leader) | MED-LOW (scale-leader) | FV bear ₩110,000/base ₩185,000/bull ₩245,000 (base -5%) | entry ₩135,000-120,000
        thesis: scale-leader K-beauty ODM ~10x fwd / 0.68x sales; the margin-INFLECTION thesis is REFUTED by Cosmax's OWN deck (OP leverage 'decreased' on mix/cost = STRUCTURAL, not fillable-capacity). China RECOVERING (+19.6%, profitable) so that drag is dated; US +46% but only ~6% of group. BASE RE-AUDITED 2026-06-30 165k->185k: we sat below ALL 25 analysts' 170k floor (conservative-multiple reflex) and under-credited net-earnings +312% (below-OP-line: China equity-method + FX) — but we DON'T chase Street 240k because the OP-inflection IS data-refuted (1Q26 OP +3% < rev +16%). WAIT — re-rate only when consolidated OP growth >= rev growth (deck stops printing 'leverage decreased'); starter <=135k.
        KILL: OP leverage stays negative another quarter / China relapses / US stays <10% of group (no mix help)

  SILICON2     ₩37,100  [NEUTRAL] -> WATCH  above start, below base FV 44,000
        K-beauty export aggregator | NEUTRAL / WAIT (short dropped) | FV bear ₩24,000/base ₩44,000/bull ₩58,000 (base +19%) | entry ₩30,000-24,000
        thesis: export AGGREGATOR still growing +41% in 1Q26 (decel 132->85->64->46->60->76->41 but off a HUGE base). SHORT-BIAS DROPPED in the 2026-06-30 re-audit — it was itself a conservative-FV artifact: we (1) anchored a share-GAINER to the flat Census import-flow ('converging to the run-rate') when the winning book compounds above the aggregate, and (2) put a distress 8.4x multiple on a +41% grower, landing base 32k = ~30% below the Street floor 46k. Corrected base ₩44k (KEEP the ~11x DISTRIBUTOR multiple, not a brand multiple — disintermediation is real: Anua/medicube sell direct on Amazon US). At ~fair now: this is fair-to-mildly-cheap, NOT a short. Watch, don't press.
        KILL: 2Q26 ~Aug-7 YoY decel <25% + OM breaks <15% + a named anchor brand pulls its US distribution = re-opens the bear

  HUGEL       ₩260,000  [EVENT] -> WATCH  above start, below base FV 300,000
        aesthetics (toxin/filler) | EVENT-GATED | FV bear ₩180,000/base ₩300,000/bull ₩430,000 (base +15%) | entry ₩220,000-200,000
        thesis: 47%-margin net-cash toxin franchise (rivals GALD quality); weak stock = JUSTIFIED discount (CBC/Aphrodite ~43% control-auction overhang + Korea-discount), NOT undiscovered. China growing, US ITC tail de-risked. EVENT-GATED: fresh Jun-19-2026 refi (₩765B, matures Jun-2029) reset the auction OUT = 'hold, not sell' — no near-term catalyst; band is a reference, action waits on the control event.
        KILL: control-auction resolves (sale = the catalyst; refi-only = dead money) / China toxin approval slips / ITC tail re-opens

  basket: no action (no new accumulate-band entries, no >8% drops)
[-> krx_value_log.jsonl]  ACCUM names buy-in-band via IBKR/KRX (Korea-permission + <10-15% ADTV); SILICON2 neutral/watch; HUGEL event-gated. No orders.

API connection failed: ConnectionRefusedError(61, "Connect call failed ('127.0.0.1', 7496)")
Make sure API port on TWS/IBG is open
API connection failed: ConnectionRefusedError(61, "Connect call failed ('127.0.0.1', 7497)")
Make sure API port on TWS/IBG is open
positions request timed out
account updates for ACCOUNT_ALPHA request timed out
API connection failed: ConnectionRefusedError(61, "Connect call failed ('127.0.0.1', 4002)")
Make sure API port on TWS/IBG is open
/Users/ajay/Library/Python/3.9/lib/python/site-packages/urllib3/__init__.py:35: NotOpenSSLWarning: urllib3 v2 only supports OpenSSL 1.1.1+, currently the 'ssl' module is compiled with 'LibreSSL 2.8.3'. See: https://github.com/urllib3/urllib3/issues/3020
  warnings.warn(

===== 2026-08-06 03:45 (desk) =====
=== KRX-LISTED VALUE BASKET 2026-08-06  (Korea book; IBKR-listed on KRX, live two-sided; READ-ONLY) ===
  rank: COSMECCA(accum) > COSMAX(wait) | SILICON2 = NEUTRAL/watch (short dropped) | HUGEL = event-gated
  NOTE: tradeable on IBKR/KRX IF account Korea-permission enabled; KRW, foreign-flow-dominated + thin — size <10-15% ADTV
  PRICE SOURCE: live IBKR (TWS) — refreshed dashboard override krx_px_override.json (4/4 names)

  COSMECCA     ₩94,200  [ACCUM] -> ABOVE  > base FV 76,000 — no action
        K-beauty ODM | MED (the edge name) | FV bear ₩40,000/base ₩76,000/bull ₩108,000 (base -19%) | entry ₩70,000-62,000
        thesis: virality-latency edge (Anua/BYOMA ODM confirmed via openFDA whale-ID); clean DD (unqualified audit, top-5 cust <35%, 23% ROE, only profitable dual-region ODM). BASE FV RE-AUDITED 2026-06-30 67k->₩76k: we were ~13% too conservative — the MULTIPLE was the bigger error (peer-minus 11x vs a warranted 12-12.5x for a 2x-category-growth, higher-margin share-gainer), growth over-faded below consensus (anchored to the flat Census aggregate, not COSMECCA's winning book). Earnings-quality caution KEPT (receivables the auditor's sole KAM, neg FCF, governance) = FV 76k not back to 82k. At ~77k = FAIR-to-slightly-rich (no longer the <62.9k bargain — our OLD FV made a band that never triggered); accumulate on a pullback <70k / add <62k. Aug-5 Q2 = re-rate/de-rate trigger.
        KILL: Q2 (Aug-15) confirms Korea export decel to ~12% + OPM <12% -> toward ₩40k bear / founder-undertaking or governance (failed KOSPI uplisting) re-surfaces / FCF + RPT note (UNVERIFIABLE pre-size) come back bad

  COSMAX      ₩201,000  [WAIT] -> ABOVE  > base FV 185,000 — no action
        K-beauty ODM (scale leader) | MED-LOW (scale-leader) | FV bear ₩110,000/base ₩185,000/bull ₩245,000 (base -8%) | entry ₩135,000-120,000
        thesis: scale-leader K-beauty ODM ~10x fwd / 0.68x sales; the margin-INFLECTION thesis is REFUTED by Cosmax's OWN deck (OP leverage 'decreased' on mix/cost = STRUCTURAL, not fillable-capacity). China RECOVERING (+19.6%, profitable) so that drag is dated; US +46% but only ~6% of group. BASE RE-AUDITED 2026-06-30 165k->185k: we sat below ALL 25 analysts' 170k floor (conservative-multiple reflex) and under-credited net-earnings +312% (below-OP-line: China equity-method + FX) — but we DON'T chase Street 240k because the OP-inflection IS data-refuted (1Q26 OP +3% < rev +16%). WAIT — re-rate only when consolidated OP growth >= rev growth (deck stops printing 'leverage decreased'); starter <=135k.
        KILL: OP leverage stays negative another quarter / China relapses / US stays <10% of group (no mix help)

  SILICON2     ₩37,100  [NEUTRAL] -> WATCH  above start, below base FV 44,000
        K-beauty export aggregator | NEUTRAL / WAIT (short dropped) | FV bear ₩24,000/base ₩44,000/bull ₩58,000 (base +19%) | entry ₩30,000-24,000
        thesis: export AGGREGATOR still growing +41% in 1Q26 (decel 132->85->64->46->60->76->41 but off a HUGE base). SHORT-BIAS DROPPED in the 2026-06-30 re-audit — it was itself a conservative-FV artifact: we (1) anchored a share-GAINER to the flat Census import-flow ('converging to the run-rate') when the winning book compounds above the aggregate, and (2) put a distress 8.4x multiple on a +41% grower, landing base 32k = ~30% below the Street floor 46k. Corrected base ₩44k (KEEP the ~11x DISTRIBUTOR multiple, not a brand multiple — disintermediation is real: Anua/medicube sell direct on Amazon US). At ~fair now: this is fair-to-mildly-cheap, NOT a short. Watch, don't press.
        KILL: 2Q26 ~Aug-7 YoY decel <25% + OM breaks <15% + a named anchor brand pulls its US distribution = re-opens the bear

  HUGEL       ₩260,000  [EVENT] -> WATCH  above start, below base FV 300,000
        aesthetics (toxin/filler) | EVENT-GATED | FV bear ₩180,000/base ₩300,000/bull ₩430,000 (base +15%) | entry ₩220,000-200,000
        thesis: 47%-margin net-cash toxin franchise (rivals GALD quality); weak stock = JUSTIFIED discount (CBC/Aphrodite ~43% control-auction overhang + Korea-discount), NOT undiscovered. China growing, US ITC tail de-risked. EVENT-GATED: fresh Jun-19-2026 refi (₩765B, matures Jun-2029) reset the auction OUT = 'hold, not sell' — no near-term catalyst; band is a reference, action waits on the control event.
        KILL: control-auction resolves (sale = the catalyst; refi-only = dead money) / China toxin approval slips / ITC tail re-opens

  basket: no action (no new accumulate-band entries, no >8% drops)
[-> krx_value_log.jsonl]  ACCUM names buy-in-band via IBKR/KRX (Korea-permission + <10-15% ADTV); SILICON2 neutral/watch; HUGEL event-gated. No orders.

API connection failed: ConnectionRefusedError(61, "Connect call failed ('127.0.0.1', 7496)")
Make sure API port on TWS/IBG is open
API connection failed: ConnectionRefusedError(61, "Connect call failed ('127.0.0.1', 7497)")
Make sure API port on TWS/IBG is open

===== 2026-08-07 04:49 (desk) =====
=== KRX-LISTED VALUE BASKET 2026-08-07  (Korea book; IBKR-listed on KRX, live two-sided; READ-ONLY) ===
  rank: COSMECCA(accum) > COSMAX(wait) | SILICON2 = NEUTRAL/watch (short dropped) | HUGEL = event-gated
  NOTE: tradeable on IBKR/KRX IF account Korea-permission enabled; KRW, foreign-flow-dominated + thin — size <10-15% ADTV
  PRICE SOURCE: yfinance fallback (TWS down) — dashboard keeps the last good IBKR override; note Korean .KQ/.KS lags ~days

  COSMECCA     ₩95,900  [ACCUM] -> ABOVE  > base FV 76,000 — no action
        K-beauty ODM | MED (the edge name) | FV bear ₩40,000/base ₩76,000/bull ₩108,000 (base -21%) | entry ₩70,000-62,000
        thesis: virality-latency edge (Anua/BYOMA ODM confirmed via openFDA whale-ID); clean DD (unqualified audit, top-5 cust <35%, 23% ROE, only profitable dual-region ODM). BASE FV RE-AUDITED 2026-06-30 67k->₩76k: we were ~13% too conservative — the MULTIPLE was the bigger error (peer-minus 11x vs a warranted 12-12.5x for a 2x-category-growth, higher-margin share-gainer), growth over-faded below consensus (anchored to the flat Census aggregate, not COSMECCA's winning book). Earnings-quality caution KEPT (receivables the auditor's sole KAM, neg FCF, governance) = FV 76k not back to 82k. At ~77k = FAIR-to-slightly-rich (no longer the <62.9k bargain — our OLD FV made a band that never triggered); accumulate on a pullback <70k / add <62k. Aug-5 Q2 = re-rate/de-rate trigger.
        KILL: Q2 (Aug-15) confirms Korea export decel to ~12% + OPM <12% -> toward ₩40k bear / founder-undertaking or governance (failed KOSPI uplisting) re-surfaces / FCF + RPT note (UNVERIFIABLE pre-size) come back bad

  COSMAX      ₩205,500  [WAIT] -> ABOVE  > base FV 185,000 — no action
        K-beauty ODM (scale leader) | MED-LOW (scale-leader) | FV bear ₩110,000/base ₩185,000/bull ₩245,000 (base -10%) | entry ₩135,000-120,000
        thesis: scale-leader K-beauty ODM ~10x fwd / 0.68x sales; the margin-INFLECTION thesis is REFUTED by Cosmax's OWN deck (OP leverage 'decreased' on mix/cost = STRUCTURAL, not fillable-capacity). China RECOVERING (+19.6%, profitable) so that drag is dated; US +46% but only ~6% of group. BASE RE-AUDITED 2026-06-30 165k->185k: we sat below ALL 25 analysts' 170k floor (conservative-multiple reflex) and under-credited net-earnings +312% (below-OP-line: China equity-method + FX) — but we DON'T chase Street 240k because the OP-inflection IS data-refuted (1Q26 OP +3% < rev +16%). WAIT — re-rate only when consolidated OP growth >= rev growth (deck stops printing 'leverage decreased'); starter <=135k.
        KILL: OP leverage stays negative another quarter / China relapses / US stays <10% of group (no mix help)

  SILICON2     ₩39,300  [NEUTRAL] -> WATCH  above start, below base FV 44,000
        K-beauty export aggregator | NEUTRAL / WAIT (short dropped) | FV bear ₩24,000/base ₩44,000/bull ₩58,000 (base +12%) | entry ₩30,000-24,000
        thesis: export AGGREGATOR still growing +41% in 1Q26 (decel 132->85->64->46->60->76->41 but off a HUGE base). SHORT-BIAS DROPPED in the 2026-06-30 re-audit — it was itself a conservative-FV artifact: we (1) anchored a share-GAINER to the flat Census import-flow ('converging to the run-rate') when the winning book compounds above the aggregate, and (2) put a distress 8.4x multiple on a +41% grower, landing base 32k = ~30% below the Street floor 46k. Corrected base ₩44k (KEEP the ~11x DISTRIBUTOR multiple, not a brand multiple — disintermediation is real: Anua/medicube sell direct on Amazon US). At ~fair now: this is fair-to-mildly-cheap, NOT a short. Watch, don't press.
        KILL: 2Q26 ~Aug-7 YoY decel <25% + OM breaks <15% + a named anchor brand pulls its US distribution = re-opens the bear

  HUGEL       ₩273,500  [EVENT] -> WATCH  above start, below base FV 300,000
        aesthetics (toxin/filler) | EVENT-GATED | FV bear ₩180,000/base ₩300,000/bull ₩430,000 (base +10%) | entry ₩220,000-200,000
        thesis: 47%-margin net-cash toxin franchise (rivals GALD quality); weak stock = JUSTIFIED discount (CBC/Aphrodite ~43% control-auction overhang + Korea-discount), NOT undiscovered. China growing, US ITC tail de-risked. EVENT-GATED: fresh Jun-19-2026 refi (₩765B, matures Jun-2029) reset the auction OUT = 'hold, not sell' — no near-term catalyst; band is a reference, action waits on the control event.
        KILL: control-auction resolves (sale = the catalyst; refi-only = dead money) / China toxin approval slips / ITC tail re-opens

  basket: no action (no new accumulate-band entries, no >8% drops)
[-> krx_value_log.jsonl]  ACCUM names buy-in-band via IBKR/KRX (Korea-permission + <10-15% ADTV); SILICON2 neutral/watch; HUGEL event-gated. No orders.

API connection failed: ConnectionRefusedError(61, "Connect call failed ('127.0.0.1', 7496)")
Make sure API port on TWS/IBG is open
API connection failed: ConnectionRefusedError(61, "Connect call failed ('127.0.0.1', 7497)")
Make sure API port on TWS/IBG is open
positions request timed out
account updates for ACCOUNT_ALPHA request timed out
API connection failed: ConnectionRefusedError(61, "Connect call failed ('127.0.0.1', 4002)")
Make sure API port on TWS/IBG is open
/Users/ajay/Library/Python/3.9/lib/python/site-packages/urllib3/__init__.py:35: NotOpenSSLWarning: urllib3 v2 only supports OpenSSL 1.1.1+, currently the 'ssl' module is compiled with 'LibreSSL 2.8.3'. See: https://github.com/urllib3/urllib3/issues/3020
  warnings.warn(

===== 2026-08-10 00:54 (desk) =====
=== KRX-LISTED VALUE BASKET 2026-08-10  (Korea book; IBKR-listed on KRX, live two-sided; READ-ONLY) ===
  rank: COSMECCA(accum) > COSMAX(wait) | SILICON2 = NEUTRAL/watch (short dropped) | HUGEL = event-gated
  NOTE: tradeable on IBKR/KRX IF account Korea-permission enabled; KRW, foreign-flow-dominated + thin — size <10-15% ADTV
  PRICE SOURCE: yfinance fallback (TWS down) — dashboard keeps the last good IBKR override; note Korean .KQ/.KS lags ~days

  COSMECCA     ₩95,000  [ACCUM] -> ABOVE  > base FV 76,000 — no action
        K-beauty ODM | MED (the edge name) | FV bear ₩40,000/base ₩76,000/bull ₩108,000 (base -20%) | entry ₩70,000-62,000
        thesis: virality-latency edge (Anua/BYOMA ODM confirmed via openFDA whale-ID); clean DD (unqualified audit, top-5 cust <35%, 23% ROE, only profitable dual-region ODM). BASE FV RE-AUDITED 2026-06-30 67k->₩76k: we were ~13% too conservative — the MULTIPLE was the bigger error (peer-minus 11x vs a warranted 12-12.5x for a 2x-category-growth, higher-margin share-gainer), growth over-faded below consensus (anchored to the flat Census aggregate, not COSMECCA's winning book). Earnings-quality caution KEPT (receivables the auditor's sole KAM, neg FCF, governance) = FV 76k not back to 82k. At ~77k = FAIR-to-slightly-rich (no longer the <62.9k bargain — our OLD FV made a band that never triggered); accumulate on a pullback <70k / add <62k. Aug-5 Q2 = re-rate/de-rate trigger.
        KILL: Q2 (Aug-15) confirms Korea export decel to ~12% + OPM <12% -> toward ₩40k bear / founder-undertaking or governance (failed KOSPI uplisting) re-surfaces / FCF + RPT note (UNVERIFIABLE pre-size) come back bad

  COSMAX      ₩203,500  [WAIT] -> ABOVE  > base FV 185,000 — no action
        K-beauty ODM (scale leader) | MED-LOW (scale-leader) | FV bear ₩110,000/base ₩185,000/bull ₩245,000 (base -9%) | entry ₩135,000-120,000
        thesis: scale-leader K-beauty ODM ~10x fwd / 0.68x sales; the margin-INFLECTION thesis is REFUTED by Cosmax's OWN deck (OP leverage 'decreased' on mix/cost = STRUCTURAL, not fillable-capacity). China RECOVERING (+19.6%, profitable) so that drag is dated; US +46% but only ~6% of group. BASE RE-AUDITED 2026-06-30 165k->185k: we sat below ALL 25 analysts' 170k floor (conservative-multiple reflex) and under-credited net-earnings +312% (below-OP-line: China equity-method + FX) — but we DON'T chase Street 240k because the OP-inflection IS data-refuted (1Q26 OP +3% < rev +16%). WAIT — re-rate only when consolidated OP growth >= rev growth (deck stops printing 'leverage decreased'); starter <=135k.
        KILL: OP leverage stays negative another quarter / China relapses / US stays <10% of group (no mix help)

  SILICON2     ₩38,400  [NEUTRAL] -> WATCH  above start, below base FV 44,000
        K-beauty export aggregator | NEUTRAL / WAIT (short dropped) | FV bear ₩24,000/base ₩44,000/bull ₩58,000 (base +15%) | entry ₩30,000-24,000
        thesis: export AGGREGATOR still growing +41% in 1Q26 (decel 132->85->64->46->60->76->41 but off a HUGE base). SHORT-BIAS DROPPED in the 2026-06-30 re-audit — it was itself a conservative-FV artifact: we (1) anchored a share-GAINER to the flat Census import-flow ('converging to the run-rate') when the winning book compounds above the aggregate, and (2) put a distress 8.4x multiple on a +41% grower, landing base 32k = ~30% below the Street floor 46k. Corrected base ₩44k (KEEP the ~11x DISTRIBUTOR multiple, not a brand multiple — disintermediation is real: Anua/medicube sell direct on Amazon US). At ~fair now: this is fair-to-mildly-cheap, NOT a short. Watch, don't press.
        KILL: 2Q26 ~Aug-7 YoY decel <25% + OM breaks <15% + a named anchor brand pulls its US distribution = re-opens the bear

  HUGEL       ₩279,500  [EVENT] -> WATCH  above start, below base FV 300,000
        aesthetics (toxin/filler) | EVENT-GATED | FV bear ₩180,000/base ₩300,000/bull ₩430,000 (base +7%) | entry ₩220,000-200,000
        thesis: 47%-margin net-cash toxin franchise (rivals GALD quality); weak stock = JUSTIFIED discount (CBC/Aphrodite ~43% control-auction overhang + Korea-discount), NOT undiscovered. China growing, US ITC tail de-risked. EVENT-GATED: fresh Jun-19-2026 refi (₩765B, matures Jun-2029) reset the auction OUT = 'hold, not sell' — no near-term catalyst; band is a reference, action waits on the control event.
        KILL: control-auction resolves (sale = the catalyst; refi-only = dead money) / China toxin approval slips / ITC tail re-opens

  basket: no action (no new accumulate-band entries, no >8% drops)
[-> krx_value_log.jsonl]  ACCUM names buy-in-band via IBKR/KRX (Korea-permission + <10-15% ADTV); SILICON2 neutral/watch; HUGEL event-gated. No orders.

API connection failed: ConnectionRefusedError(61, "Connect call failed ('127.0.0.1', 7496)")
Make sure API port on TWS/IBG is open
API connection failed: ConnectionRefusedError(61, "Connect call failed ('127.0.0.1', 7497)")
Make sure API port on TWS/IBG is open
API connection failed: ConnectionRefusedError(61, "Connect call failed ('127.0.0.1', 4001)")
Make sure API port on TWS/IBG is open
API connection failed: ConnectionRefusedError(61, "Connect call failed ('127.0.0.1', 4002)")
Make sure API port on TWS/IBG is open
/Users/ajay/Library/Python/3.9/lib/python/site-packages/urllib3/__init__.py:35: NotOpenSSLWarning: urllib3 v2 only supports OpenSSL 1.1.1+, currently the 'ssl' module is compiled with 'LibreSSL 2.8.3'. See: https://github.com/urllib3/urllib3/issues/3020
  warnings.warn(

===== 2026-08-11 01:57 (desk) =====
=== KRX-LISTED VALUE BASKET 2026-08-11  (Korea book; IBKR-listed on KRX, live two-sided; READ-ONLY) ===
  rank: COSMECCA(accum) > COSMAX(wait) | SILICON2 = NEUTRAL/watch (short dropped) | HUGEL = event-gated
  NOTE: tradeable on IBKR/KRX IF account Korea-permission enabled; KRW, foreign-flow-dominated + thin — size <10-15% ADTV
  PRICE SOURCE: yfinance fallback (TWS down) — dashboard keeps the last good IBKR override; note Korean .KQ/.KS lags ~days

  COSMECCA    ₩109,400  [ACCUM] -> ABOVE  > base FV 76,000 — no action
        K-beauty ODM | MED (the edge name) | FV bear ₩40,000/base ₩76,000/bull ₩108,000 (base -31%) | entry ₩70,000-62,000
        thesis: virality-latency edge (Anua/BYOMA ODM confirmed via openFDA whale-ID); clean DD (unqualified audit, top-5 cust <35%, 23% ROE, only profitable dual-region ODM). BASE FV RE-AUDITED 2026-06-30 67k->₩76k: we were ~13% too conservative — the MULTIPLE was the bigger error (peer-minus 11x vs a warranted 12-12.5x for a 2x-category-growth, higher-margin share-gainer), growth over-faded below consensus (anchored to the flat Census aggregate, not COSMECCA's winning book). Earnings-quality caution KEPT (receivables the auditor's sole KAM, neg FCF, governance) = FV 76k not back to 82k. At ~77k = FAIR-to-slightly-rich (no longer the <62.9k bargain — our OLD FV made a band that never triggered); accumulate on a pullback <70k / add <62k. Aug-5 Q2 = re-rate/de-rate trigger.
        KILL: Q2 (Aug-15) confirms Korea export decel to ~12% + OPM <12% -> toward ₩40k bear / founder-undertaking or governance (failed KOSPI uplisting) re-surfaces / FCF + RPT note (UNVERIFIABLE pre-size) come back bad

  COSMAX      ₩210,000  [WAIT] -> ABOVE  > base FV 185,000 — no action
        K-beauty ODM (scale leader) | MED-LOW (scale-leader) | FV bear ₩110,000/base ₩185,000/bull ₩245,000 (base -12%) | entry ₩135,000-120,000
        thesis: scale-leader K-beauty ODM ~10x fwd / 0.68x sales; the margin-INFLECTION thesis is REFUTED by Cosmax's OWN deck (OP leverage 'decreased' on mix/cost = STRUCTURAL, not fillable-capacity). China RECOVERING (+19.6%, profitable) so that drag is dated; US +46% but only ~6% of group. BASE RE-AUDITED 2026-06-30 165k->185k: we sat below ALL 25 analysts' 170k floor (conservative-multiple reflex) and under-credited net-earnings +312% (below-OP-line: China equity-method + FX) — but we DON'T chase Street 240k because the OP-inflection IS data-refuted (1Q26 OP +3% < rev +16%). WAIT — re-rate only when consolidated OP growth >= rev growth (deck stops printing 'leverage decreased'); starter <=135k.
        KILL: OP leverage stays negative another quarter / China relapses / US stays <10% of group (no mix help)

  SILICON2     ₩40,050  [NEUTRAL] -> WATCH  above start, below base FV 44,000
        K-beauty export aggregator | NEUTRAL / WAIT (short dropped) | FV bear ₩24,000/base ₩44,000/bull ₩58,000 (base +10%) | entry ₩30,000-24,000
        thesis: export AGGREGATOR still growing +41% in 1Q26 (decel 132->85->64->46->60->76->41 but off a HUGE base). SHORT-BIAS DROPPED in the 2026-06-30 re-audit — it was itself a conservative-FV artifact: we (1) anchored a share-GAINER to the flat Census import-flow ('converging to the run-rate') when the winning book compounds above the aggregate, and (2) put a distress 8.4x multiple on a +41% grower, landing base 32k = ~30% below the Street floor 46k. Corrected base ₩44k (KEEP the ~11x DISTRIBUTOR multiple, not a brand multiple — disintermediation is real: Anua/medicube sell direct on Amazon US). At ~fair now: this is fair-to-mildly-cheap, NOT a short. Watch, don't press.
        KILL: 2Q26 ~Aug-7 YoY decel <25% + OM breaks <15% + a named anchor brand pulls its US distribution = re-opens the bear

  HUGEL       ₩282,500  [EVENT] -> WATCH  above start, below base FV 300,000
        aesthetics (toxin/filler) | EVENT-GATED | FV bear ₩180,000/base ₩300,000/bull ₩430,000 (base +6%) | entry ₩220,000-200,000
        thesis: 47%-margin net-cash toxin franchise (rivals GALD quality); weak stock = JUSTIFIED discount (CBC/Aphrodite ~43% control-auction overhang + Korea-discount), NOT undiscovered. China growing, US ITC tail de-risked. EVENT-GATED: fresh Jun-19-2026 refi (₩765B, matures Jun-2029) reset the auction OUT = 'hold, not sell' — no near-term catalyst; band is a reference, action waits on the control event.
        KILL: control-auction resolves (sale = the catalyst; refi-only = dead money) / China toxin approval slips / ITC tail re-opens

  basket: no action (no new accumulate-band entries, no >8% drops)
[-> krx_value_log.jsonl]  ACCUM names buy-in-band via IBKR/KRX (Korea-permission + <10-15% ADTV); SILICON2 neutral/watch; HUGEL event-gated. No orders.

API connection failed: ConnectionRefusedError(61, "Connect call failed ('127.0.0.1', 7496)")
Make sure API port on TWS/IBG is open
API connection failed: ConnectionRefusedError(61, "Connect call failed ('127.0.0.1', 7497)")
Make sure API port on TWS/IBG is open
API connection failed: ConnectionRefusedError(61, "Connect call failed ('127.0.0.1', 4001)")
Make sure API port on TWS/IBG is open
API connection failed: ConnectionRefusedError(61, "Connect call failed ('127.0.0.1', 4002)")
Make sure API port on TWS/IBG is open
/Users/ajay/Library/Python/3.9/lib/python/site-packages/urllib3/__init__.py:35: NotOpenSSLWarning: urllib3 v2 only supports OpenSSL 1.1.1+, currently the 'ssl' module is compiled with 'LibreSSL 2.8.3'. See: https://github.com/urllib3/urllib3/issues/3020
  warnings.warn(

===== 2026-08-12 07:58 (desk) =====
=== KRX-LISTED VALUE BASKET 2026-08-12  (Korea book; IBKR-listed on KRX, live two-sided; READ-ONLY) ===
  rank: COSMECCA(accum) > COSMAX(wait) | SILICON2 = NEUTRAL/watch (short dropped) | HUGEL = event-gated
  NOTE: tradeable on IBKR/KRX IF account Korea-permission enabled; KRW, foreign-flow-dominated + thin — size <10-15% ADTV
  PRICE SOURCE: yfinance fallback (TWS down) — dashboard keeps the last good IBKR override; note Korean .KQ/.KS lags ~days

  COSMECCA    ₩123,400  [ACCUM] -> ABOVE  > base FV 76,000 — no action
        K-beauty ODM | MED (the edge name) | FV bear ₩40,000/base ₩76,000/bull ₩108,000 (base -38%) | entry ₩70,000-62,000
        thesis: virality-latency edge (Anua/BYOMA ODM confirmed via openFDA whale-ID); clean DD (unqualified audit, top-5 cust <35%, 23% ROE, only profitable dual-region ODM). BASE FV RE-AUDITED 2026-06-30 67k->₩76k: we were ~13% too conservative — the MULTIPLE was the bigger error (peer-minus 11x vs a warranted 12-12.5x for a 2x-category-growth, higher-margin share-gainer), growth over-faded below consensus (anchored to the flat Census aggregate, not COSMECCA's winning book). Earnings-quality caution KEPT (receivables the auditor's sole KAM, neg FCF, governance) = FV 76k not back to 82k. At ~77k = FAIR-to-slightly-rich (no longer the <62.9k bargain — our OLD FV made a band that never triggered); accumulate on a pullback <70k / add <62k. Aug-5 Q2 = re-rate/de-rate trigger.
        KILL: Q2 (Aug-15) confirms Korea export decel to ~12% + OPM <12% -> toward ₩40k bear / founder-undertaking or governance (failed KOSPI uplisting) re-surfaces / FCF + RPT note (UNVERIFIABLE pre-size) come back bad

  COSMAX      ₩249,500  [WAIT] -> ABOVE  > base FV 185,000 — no action
        K-beauty ODM (scale leader) | MED-LOW (scale-leader) | FV bear ₩110,000/base ₩185,000/bull ₩245,000 (base -26%) | entry ₩135,000-120,000
        thesis: scale-leader K-beauty ODM ~10x fwd / 0.68x sales; the margin-INFLECTION thesis is REFUTED by Cosmax's OWN deck (OP leverage 'decreased' on mix/cost = STRUCTURAL, not fillable-capacity). China RECOVERING (+19.6%, profitable) so that drag is dated; US +46% but only ~6% of group. BASE RE-AUDITED 2026-06-30 165k->185k: we sat below ALL 25 analysts' 170k floor (conservative-multiple reflex) and under-credited net-earnings +312% (below-OP-line: China equity-method + FX) — but we DON'T chase Street 240k because the OP-inflection IS data-refuted (1Q26 OP +3% < rev +16%). WAIT — re-rate only when consolidated OP growth >= rev growth (deck stops printing 'leverage decreased'); starter <=135k.
        KILL: OP leverage stays negative another quarter / China relapses / US stays <10% of group (no mix help)

  SILICON2     ₩45,250  [NEUTRAL] -> ABOVE  > base FV 44,000 — no action
        K-beauty export aggregator | NEUTRAL / WAIT (short dropped) | FV bear ₩24,000/base ₩44,000/bull ₩58,000 (base -3%) | entry ₩30,000-24,000
        thesis: export AGGREGATOR still growing +41% in 1Q26 (decel 132->85->64->46->60->76->41 but off a HUGE base). SHORT-BIAS DROPPED in the 2026-06-30 re-audit — it was itself a conservative-FV artifact: we (1) anchored a share-GAINER to the flat Census import-flow ('converging to the run-rate') when the winning book compounds above the aggregate, and (2) put a distress 8.4x multiple on a +41% grower, landing base 32k = ~30% below the Street floor 46k. Corrected base ₩44k (KEEP the ~11x DISTRIBUTOR multiple, not a brand multiple — disintermediation is real: Anua/medicube sell direct on Amazon US). At ~fair now: this is fair-to-mildly-cheap, NOT a short. Watch, don't press.
        KILL: 2Q26 ~Aug-7 YoY decel <25% + OM breaks <15% + a named anchor brand pulls its US distribution = re-opens the bear

  HUGEL       ₩268,500  [EVENT] -> WATCH  above start, below base FV 300,000
        aesthetics (toxin/filler) | EVENT-GATED | FV bear ₩180,000/base ₩300,000/bull ₩430,000 (base +12%) | entry ₩220,000-200,000
        thesis: 47%-margin net-cash toxin franchise (rivals GALD quality); weak stock = JUSTIFIED discount (CBC/Aphrodite ~43% control-auction overhang + Korea-discount), NOT undiscovered. China growing, US ITC tail de-risked. EVENT-GATED: fresh Jun-19-2026 refi (₩765B, matures Jun-2029) reset the auction OUT = 'hold, not sell' — no near-term catalyst; band is a reference, action waits on the control event.
        KILL: control-auction resolves (sale = the catalyst; refi-only = dead money) / China toxin approval slips / ITC tail re-opens

  basket: no action (no new accumulate-band entries, no >8% drops)
[-> krx_value_log.jsonl]  ACCUM names buy-in-band via IBKR/KRX (Korea-permission + <10-15% ADTV); SILICON2 neutral/watch; HUGEL event-gated. No orders.

API connection failed: ConnectionRefusedError(61, "Connect call failed ('127.0.0.1', 7496)")
Make sure API port on TWS/IBG is open
API connection failed: ConnectionRefusedError(61, "Connect call failed ('127.0.0.1', 7497)")
Make sure API port on TWS/IBG is open
API connection failed: ConnectionRefusedError(61, "Connect call failed ('127.0.0.1', 4001)")
Make sure API port on TWS/IBG is open
API connection failed: ConnectionRefusedError(61, "Connect call failed ('127.0.0.1', 4002)")
Make sure API port on TWS/IBG is open
/Users/ajay/Library/Python/3.9/lib/python/site-packages/urllib3/__init__.py:35: NotOpenSSLWarning: urllib3 v2 only supports OpenSSL 1.1.1+, currently the 'ssl' module is compiled with 'LibreSSL 2.8.3'. See: https://github.com/urllib3/urllib3/issues/3020
  warnings.warn(

===== 2026-08-13 09:15 (desk) =====
=== KRX-LISTED VALUE BASKET 2026-08-13  (Korea book; IBKR-listed on KRX, live two-sided; READ-ONLY) ===
  rank: COSMECCA(accum) > COSMAX(wait) | SILICON2 = NEUTRAL/watch (short dropped) | HUGEL = event-gated
  NOTE: tradeable on IBKR/KRX IF account Korea-permission enabled; KRW, foreign-flow-dominated + thin — size <10-15% ADTV
  PRICE SOURCE: live IBKR (TWS) — refreshed dashboard override krx_px_override.json (4/4 names)

  COSMECCA    ₩123,400  [ACCUM] -> ABOVE  > base FV 76,000 — no action
        K-beauty ODM | MED (the edge name) | FV bear ₩40,000/base ₩76,000/bull ₩108,000 (base -38%) | entry ₩70,000-62,000
        thesis: virality-latency edge (Anua/BYOMA ODM confirmed via openFDA whale-ID); clean DD (unqualified audit, top-5 cust <35%, 23% ROE, only profitable dual-region ODM). BASE FV RE-AUDITED 2026-06-30 67k->₩76k: we were ~13% too conservative — the MULTIPLE was the bigger error (peer-minus 11x vs a warranted 12-12.5x for a 2x-category-growth, higher-margin share-gainer), growth over-faded below consensus (anchored to the flat Census aggregate, not COSMECCA's winning book). Earnings-quality caution KEPT (receivables the auditor's sole KAM, neg FCF, governance) = FV 76k not back to 82k. At ~77k = FAIR-to-slightly-rich (no longer the <62.9k bargain — our OLD FV made a band that never triggered); accumulate on a pullback <70k / add <62k. Aug-5 Q2 = re-rate/de-rate trigger.
        KILL: Q2 (Aug-15) confirms Korea export decel to ~12% + OPM <12% -> toward ₩40k bear / founder-undertaking or governance (failed KOSPI uplisting) re-surfaces / FCF + RPT note (UNVERIFIABLE pre-size) come back bad

  COSMAX      ₩241,000  [WAIT] -> ABOVE  > base FV 185,000 — no action
        K-beauty ODM (scale leader) | MED-LOW (scale-leader) | FV bear ₩110,000/base ₩185,000/bull ₩245,000 (base -23%) | entry ₩135,000-120,000
        thesis: scale-leader K-beauty ODM ~10x fwd / 0.68x sales; the margin-INFLECTION thesis is REFUTED by Cosmax's OWN deck (OP leverage 'decreased' on mix/cost = STRUCTURAL, not fillable-capacity). China RECOVERING (+19.6%, profitable) so that drag is dated; US +46% but only ~6% of group. BASE RE-AUDITED 2026-06-30 165k->185k: we sat below ALL 25 analysts' 170k floor (conservative-multiple reflex) and under-credited net-earnings +312% (below-OP-line: China equity-method + FX) — but we DON'T chase Street 240k because the OP-inflection IS data-refuted (1Q26 OP +3% < rev +16%). WAIT — re-rate only when consolidated OP growth >= rev growth (deck stops printing 'leverage decreased'); starter <=135k.
        KILL: OP leverage stays negative another quarter / China relapses / US stays <10% of group (no mix help)

  SILICON2     ₩40,800  [NEUTRAL] -> WATCH  above start, below base FV 44,000
        K-beauty export aggregator | NEUTRAL / WAIT (short dropped) | FV bear ₩24,000/base ₩44,000/bull ₩58,000 (base +8%) | entry ₩30,000-24,000
        thesis: export AGGREGATOR still growing +41% in 1Q26 (decel 132->85->64->46->60->76->41 but off a HUGE base). SHORT-BIAS DROPPED in the 2026-06-30 re-audit — it was itself a conservative-FV artifact: we (1) anchored a share-GAINER to the flat Census import-flow ('converging to the run-rate') when the winning book compounds above the aggregate, and (2) put a distress 8.4x multiple on a +41% grower, landing base 32k = ~30% below the Street floor 46k. Corrected base ₩44k (KEEP the ~11x DISTRIBUTOR multiple, not a brand multiple — disintermediation is real: Anua/medicube sell direct on Amazon US). At ~fair now: this is fair-to-mildly-cheap, NOT a short. Watch, don't press.
        KILL: 2Q26 ~Aug-7 YoY decel <25% + OM breaks <15% + a named anchor brand pulls its US distribution = re-opens the bear

  HUGEL       ₩262,500  [EVENT] -> WATCH  above start, below base FV 300,000
        aesthetics (toxin/filler) | EVENT-GATED | FV bear ₩180,000/base ₩300,000/bull ₩430,000 (base +14%) | entry ₩220,000-200,000
        thesis: 47%-margin net-cash toxin franchise (rivals GALD quality); weak stock = JUSTIFIED discount (CBC/Aphrodite ~43% control-auction overhang + Korea-discount), NOT undiscovered. China growing, US ITC tail de-risked. EVENT-GATED: fresh Jun-19-2026 refi (₩765B, matures Jun-2029) reset the auction OUT = 'hold, not sell' — no near-term catalyst; band is a reference, action waits on the control event.
        KILL: control-auction resolves (sale = the catalyst; refi-only = dead money) / China toxin approval slips / ITC tail re-opens

  >>> ALERTS: SILICON2 -10% vs last run (₩40,800) — CHECK KILL-TRIGGERS
[-> krx_value_log.jsonl]  ACCUM names buy-in-band via IBKR/KRX (Korea-permission + <10-15% ADTV); SILICON2 neutral/watch; HUGEL event-gated. No orders.


===== 2026-08-14 10:04 (desk) =====
=== KRX-LISTED VALUE BASKET 2026-08-14  (Korea book; IBKR-listed on KRX, live two-sided; READ-ONLY) ===
  rank: COSMECCA(accum) > COSMAX(wait) | SILICON2 = NEUTRAL/watch (short dropped) | HUGEL = event-gated
  NOTE: tradeable on IBKR/KRX IF account Korea-permission enabled; KRW, foreign-flow-dominated + thin — size <10-15% ADTV
  PRICE SOURCE: live IBKR (TWS) — refreshed dashboard override krx_px_override.json (4/4 names)

  COSMECCA    ₩124,500  [ACCUM] -> ABOVE  > base FV 76,000 — no action
        K-beauty ODM | MED (the edge name) | FV bear ₩40,000/base ₩76,000/bull ₩108,000 (base -39%) | entry ₩70,000-62,000
        thesis: virality-latency edge (Anua/BYOMA ODM confirmed via openFDA whale-ID); clean DD (unqualified audit, top-5 cust <35%, 23% ROE, only profitable dual-region ODM). BASE FV RE-AUDITED 2026-06-30 67k->₩76k: we were ~13% too conservative — the MULTIPLE was the bigger error (peer-minus 11x vs a warranted 12-12.5x for a 2x-category-growth, higher-margin share-gainer), growth over-faded below consensus (anchored to the flat Census aggregate, not COSMECCA's winning book). Earnings-quality caution KEPT (receivables the auditor's sole KAM, neg FCF, governance) = FV 76k not back to 82k. At ~77k = FAIR-to-slightly-rich (no longer the <62.9k bargain — our OLD FV made a band that never triggered); accumulate on a pullback <70k / add <62k. Aug-5 Q2 = re-rate/de-rate trigger.
        KILL: Q2 (Aug-15) confirms Korea export decel to ~12% + OPM <12% -> toward ₩40k bear / founder-undertaking or governance (failed KOSPI uplisting) re-surfaces / FCF + RPT note (UNVERIFIABLE pre-size) come back bad

  COSMAX      ₩245,000  [WAIT] -> ABOVE  > base FV 185,000 — no action
        K-beauty ODM (scale leader) | MED-LOW (scale-leader) | FV bear ₩110,000/base ₩185,000/bull ₩245,000 (base -24%) | entry ₩135,000-120,000
        thesis: scale-leader K-beauty ODM ~10x fwd / 0.68x sales; the margin-INFLECTION thesis is REFUTED by Cosmax's OWN deck (OP leverage 'decreased' on mix/cost = STRUCTURAL, not fillable-capacity). China RECOVERING (+19.6%, profitable) so that drag is dated; US +46% but only ~6% of group. BASE RE-AUDITED 2026-06-30 165k->185k: we sat below ALL 25 analysts' 170k floor (conservative-multiple reflex) and under-credited net-earnings +312% (below-OP-line: China equity-method + FX) — but we DON'T chase Street 240k because the OP-inflection IS data-refuted (1Q26 OP +3% < rev +16%). WAIT — re-rate only when consolidated OP growth >= rev growth (deck stops printing 'leverage decreased'); starter <=135k.
        KILL: OP leverage stays negative another quarter / China relapses / US stays <10% of group (no mix help)

  SILICON2     ₩42,750  [NEUTRAL] -> WATCH  above start, below base FV 44,000
        K-beauty export aggregator | NEUTRAL / WAIT (short dropped) | FV bear ₩24,000/base ₩44,000/bull ₩58,000 (base +3%) | entry ₩30,000-24,000
        thesis: export AGGREGATOR still growing +41% in 1Q26 (decel 132->85->64->46->60->76->41 but off a HUGE base). SHORT-BIAS DROPPED in the 2026-06-30 re-audit — it was itself a conservative-FV artifact: we (1) anchored a share-GAINER to the flat Census import-flow ('converging to the run-rate') when the winning book compounds above the aggregate, and (2) put a distress 8.4x multiple on a +41% grower, landing base 32k = ~30% below the Street floor 46k. Corrected base ₩44k (KEEP the ~11x DISTRIBUTOR multiple, not a brand multiple — disintermediation is real: Anua/medicube sell direct on Amazon US). At ~fair now: this is fair-to-mildly-cheap, NOT a short. Watch, don't press.
        KILL: 2Q26 ~Aug-7 YoY decel <25% + OM breaks <15% + a named anchor brand pulls its US distribution = re-opens the bear

  HUGEL       ₩257,000  [EVENT] -> WATCH  above start, below base FV 300,000
        aesthetics (toxin/filler) | EVENT-GATED | FV bear ₩180,000/base ₩300,000/bull ₩430,000 (base +17%) | entry ₩220,000-200,000
        thesis: 47%-margin net-cash toxin franchise (rivals GALD quality); weak stock = JUSTIFIED discount (CBC/Aphrodite ~43% control-auction overhang + Korea-discount), NOT undiscovered. China growing, US ITC tail de-risked. EVENT-GATED: fresh Jun-19-2026 refi (₩765B, matures Jun-2029) reset the auction OUT = 'hold, not sell' — no near-term catalyst; band is a reference, action waits on the control event.
        KILL: control-auction resolves (sale = the catalyst; refi-only = dead money) / China toxin approval slips / ITC tail re-opens

  basket: no action (no new accumulate-band entries, no >8% drops)
[-> krx_value_log.jsonl]  ACCUM names buy-in-band via IBKR/KRX (Korea-permission + <10-15% ADTV); SILICON2 neutral/watch; HUGEL event-gated. No orders.

API connection failed: ConnectionRefusedError(61, "Connect call failed ('127.0.0.1', 7496)")
Make sure API port on TWS/IBG is open
API connection failed: ConnectionRefusedError(61, "Connect call failed ('127.0.0.1', 7497)")
Make sure API port on TWS/IBG is open

===== 2026-08-17 08:59 (desk) =====
=== KRX-LISTED VALUE BASKET 2026-08-17  (Korea book; IBKR-listed on KRX, live two-sided; READ-ONLY) ===
  rank: COSMECCA(accum) > COSMAX(wait) | SILICON2 = NEUTRAL/watch (short dropped) | HUGEL = event-gated
  NOTE: tradeable on IBKR/KRX IF account Korea-permission enabled; KRW, foreign-flow-dominated + thin — size <10-15% ADTV
  PRICE SOURCE: yfinance fallback (TWS down) — dashboard keeps the last good IBKR override; note Korean .KQ/.KS lags ~days

  COSMECCA    ₩127,200  [ACCUM] -> ABOVE  > base FV 76,000 — no action
        K-beauty ODM | MED (the edge name) | FV bear ₩40,000/base ₩76,000/bull ₩108,000 (base -40%) | entry ₩70,000-62,000
        thesis: virality-latency edge (Anua/BYOMA ODM confirmed via openFDA whale-ID); clean DD (unqualified audit, top-5 cust <35%, 23% ROE, only profitable dual-region ODM). BASE FV RE-AUDITED 2026-06-30 67k->₩76k: we were ~13% too conservative — the MULTIPLE was the bigger error (peer-minus 11x vs a warranted 12-12.5x for a 2x-category-growth, higher-margin share-gainer), growth over-faded below consensus (anchored to the flat Census aggregate, not COSMECCA's winning book). Earnings-quality caution KEPT (receivables the auditor's sole KAM, neg FCF, governance) = FV 76k not back to 82k. At ~77k = FAIR-to-slightly-rich (no longer the <62.9k bargain — our OLD FV made a band that never triggered); accumulate on a pullback <70k / add <62k. Aug-5 Q2 = re-rate/de-rate trigger.
        KILL: Q2 (Aug-15) confirms Korea export decel to ~12% + OPM <12% -> toward ₩40k bear / founder-undertaking or governance (failed KOSPI uplisting) re-surfaces / FCF + RPT note (UNVERIFIABLE pre-size) come back bad

  COSMAX      ₩247,500  [WAIT] -> ABOVE  > base FV 185,000 — no action
        K-beauty ODM (scale leader) | MED-LOW (scale-leader) | FV bear ₩110,000/base ₩185,000/bull ₩245,000 (base -25%) | entry ₩135,000-120,000
        thesis: scale-leader K-beauty ODM ~10x fwd / 0.68x sales; the margin-INFLECTION thesis is REFUTED by Cosmax's OWN deck (OP leverage 'decreased' on mix/cost = STRUCTURAL, not fillable-capacity). China RECOVERING (+19.6%, profitable) so that drag is dated; US +46% but only ~6% of group. BASE RE-AUDITED 2026-06-30 165k->185k: we sat below ALL 25 analysts' 170k floor (conservative-multiple reflex) and under-credited net-earnings +312% (below-OP-line: China equity-method + FX) — but we DON'T chase Street 240k because the OP-inflection IS data-refuted (1Q26 OP +3% < rev +16%). WAIT — re-rate only when consolidated OP growth >= rev growth (deck stops printing 'leverage decreased'); starter <=135k.
        KILL: OP leverage stays negative another quarter / China relapses / US stays <10% of group (no mix help)

  SILICON2     ₩42,850  [NEUTRAL] -> WATCH  above start, below base FV 44,000
        K-beauty export aggregator | NEUTRAL / WAIT (short dropped) | FV bear ₩24,000/base ₩44,000/bull ₩58,000 (base +3%) | entry ₩30,000-24,000
        thesis: export AGGREGATOR still growing +41% in 1Q26 (decel 132->85->64->46->60->76->41 but off a HUGE base). SHORT-BIAS DROPPED in the 2026-06-30 re-audit — it was itself a conservative-FV artifact: we (1) anchored a share-GAINER to the flat Census import-flow ('converging to the run-rate') when the winning book compounds above the aggregate, and (2) put a distress 8.4x multiple on a +41% grower, landing base 32k = ~30% below the Street floor 46k. Corrected base ₩44k (KEEP the ~11x DISTRIBUTOR multiple, not a brand multiple — disintermediation is real: Anua/medicube sell direct on Amazon US). At ~fair now: this is fair-to-mildly-cheap, NOT a short. Watch, don't press.
        KILL: 2Q26 ~Aug-7 YoY decel <25% + OM breaks <15% + a named anchor brand pulls its US distribution = re-opens the bear

  HUGEL       ₩256,000  [EVENT] -> WATCH  above start, below base FV 300,000
        aesthetics (toxin/filler) | EVENT-GATED | FV bear ₩180,000/base ₩300,000/bull ₩430,000 (base +17%) | entry ₩220,000-200,000
        thesis: 47%-margin net-cash toxin franchise (rivals GALD quality); weak stock = JUSTIFIED discount (CBC/Aphrodite ~43% control-auction overhang + Korea-discount), NOT undiscovered. China growing, US ITC tail de-risked. EVENT-GATED: fresh Jun-19-2026 refi (₩765B, matures Jun-2029) reset the auction OUT = 'hold, not sell' — no near-term catalyst; band is a reference, action waits on the control event.
        KILL: control-auction resolves (sale = the catalyst; refi-only = dead money) / China toxin approval slips / ITC tail re-opens

  basket: no action (no new accumulate-band entries, no >8% drops)
[-> krx_value_log.jsonl]  ACCUM names buy-in-band via IBKR/KRX (Korea-permission + <10-15% ADTV); SILICON2 neutral/watch; HUGEL event-gated. No orders.

API connection failed: ConnectionRefusedError(61, "Connect call failed ('127.0.0.1', 7496)")
Make sure API port on TWS/IBG is open
API connection failed: ConnectionRefusedError(61, "Connect call failed ('127.0.0.1', 7497)")
Make sure API port on TWS/IBG is open
API connection failed: ConnectionRefusedError(61, "Connect call failed ('127.0.0.1', 4001)")
Make sure API port on TWS/IBG is open
API connection failed: ConnectionRefusedError(61, "Connect call failed ('127.0.0.1', 4002)")
Make sure API port on TWS/IBG is open
/Users/ajay/Library/Python/3.9/lib/python/site-packages/urllib3/__init__.py:35: NotOpenSSLWarning: urllib3 v2 only supports OpenSSL 1.1.1+, currently the 'ssl' module is compiled with 'LibreSSL 2.8.3'. See: https://github.com/urllib3/urllib3/issues/3020
  warnings.warn(

===== 2026-09-11 01:37 (desk) =====
=== KRX-LISTED VALUE BASKET 2026-09-11  (Korea book; IBKR-listed on KRX, live two-sided; READ-ONLY) ===
  rank: COSMECCA(accum) > COSMAX(wait) | SILICON2 = NEUTRAL/watch (short dropped) | HUGEL = event-gated
  NOTE: tradeable on IBKR/KRX IF account Korea-permission enabled; KRW, foreign-flow-dominated + thin — size <10-15% ADTV
  PRICE SOURCE: live IBKR (TWS) — refreshed dashboard override krx_px_override.json (4/4 names)

  COSMECCA    ₩125,000  [ACCUM] -> ABOVE  > base FV 76,000 — no action
        K-beauty ODM | MED (the edge name) | FV bear ₩40,000/base ₩76,000/bull ₩108,000 (base -39%) | entry ₩70,000-62,000
        thesis: virality-latency edge (Anua/BYOMA ODM confirmed via openFDA whale-ID); clean DD (unqualified audit, top-5 cust <35%, 23% ROE, only profitable dual-region ODM). BASE FV RE-AUDITED 2026-06-30 67k->₩76k: we were ~13% too conservative — the MULTIPLE was the bigger error (peer-minus 11x vs a warranted 12-12.5x for a 2x-category-growth, higher-margin share-gainer), growth over-faded below consensus (anchored to the flat Census aggregate, not COSMECCA's winning book). Earnings-quality caution KEPT (receivables the auditor's sole KAM, neg FCF, governance) = FV 76k not back to 82k. At ~77k = FAIR-to-slightly-rich (no longer the <62.9k bargain — our OLD FV made a band that never triggered); accumulate on a pullback <70k / add <62k. Aug-5 Q2 = re-rate/de-rate trigger.
        KILL: Q2 (Aug-15) confirms Korea export decel to ~12% + OPM <12% -> toward ₩40k bear / founder-undertaking or governance (failed KOSPI uplisting) re-surfaces / FCF + RPT note (UNVERIFIABLE pre-size) come back bad

  COSMAX      ₩270,500  [WAIT] -> ABOVE  > base FV 185,000 — no action
        K-beauty ODM (scale leader) | MED-LOW (scale-leader) | FV bear ₩110,000/base ₩185,000/bull ₩245,000 (base -32%) | entry ₩135,000-120,000
        thesis: scale-leader K-beauty ODM ~10x fwd / 0.68x sales; the margin-INFLECTION thesis is REFUTED by Cosmax's OWN deck (OP leverage 'decreased' on mix/cost = STRUCTURAL, not fillable-capacity). China RECOVERING (+19.6%, profitable) so that drag is dated; US +46% but only ~6% of group. BASE RE-AUDITED 2026-06-30 165k->185k: we sat below ALL 25 analysts' 170k floor (conservative-multiple reflex) and under-credited net-earnings +312% (below-OP-line: China equity-method + FX) — but we DON'T chase Street 240k because the OP-inflection IS data-refuted (1Q26 OP +3% < rev +16%). WAIT — re-rate only when consolidated OP growth >= rev growth (deck stops printing 'leverage decreased'); starter <=135k.
        KILL: OP leverage stays negative another quarter / China relapses / US stays <10% of group (no mix help)

  SILICON2     ₩43,550  [NEUTRAL] -> WATCH  above start, below base FV 44,000
        K-beauty export aggregator | NEUTRAL / WAIT (short dropped) | FV bear ₩24,000/base ₩44,000/bull ₩58,000 (base +1%) | entry ₩30,000-24,000
        thesis: export AGGREGATOR still growing +41% in 1Q26 (decel 132->85->64->46->60->76->41 but off a HUGE base). SHORT-BIAS DROPPED in the 2026-06-30 re-audit — it was itself a conservative-FV artifact: we (1) anchored a share-GAINER to the flat Census import-flow ('converging to the run-rate') when the winning book compounds above the aggregate, and (2) put a distress 8.4x multiple on a +41% grower, landing base 32k = ~30% below the Street floor 46k. Corrected base ₩44k (KEEP the ~11x DISTRIBUTOR multiple, not a brand multiple — disintermediation is real: Anua/medicube sell direct on Amazon US). At ~fair now: this is fair-to-mildly-cheap, NOT a short. Watch, don't press.
        KILL: 2Q26 ~Aug-7 YoY decel <25% + OM breaks <15% + a named anchor brand pulls its US distribution = re-opens the bear

  HUGEL       ₩231,000  [EVENT] -> WATCH  above start, below base FV 300,000
        aesthetics (toxin/filler) | EVENT-GATED | FV bear ₩180,000/base ₩300,000/bull ₩430,000 (base +30%) | entry ₩220,000-200,000
        thesis: 47%-margin net-cash toxin franchise (rivals GALD quality); weak stock = JUSTIFIED discount (CBC/Aphrodite ~43% control-auction overhang + Korea-discount), NOT undiscovered. China growing, US ITC tail de-risked. EVENT-GATED: fresh Jun-19-2026 refi (₩765B, matures Jun-2029) reset the auction OUT = 'hold, not sell' — no near-term catalyst; band is a reference, action waits on the control event.
        KILL: control-auction resolves (sale = the catalyst; refi-only = dead money) / China toxin approval slips / ITC tail re-opens

  >>> ALERTS: HUGEL -10% vs last run (₩231,000) — CHECK KILL-TRIGGERS
[-> krx_value_log.jsonl]  ACCUM names buy-in-band via IBKR/KRX (Korea-permission + <10-15% ADTV); SILICON2 neutral/watch; HUGEL event-gated. No orders.

API connection failed: ConnectionRefusedError(61, "Connect call failed ('127.0.0.1', 7496)")
Make sure API port on TWS/IBG is open
API connection failed: ConnectionRefusedError(61, "Connect call failed ('127.0.0.1', 7497)")
Make sure API port on TWS/IBG is open

===== 2026-09-11 01:43 (desk) =====
=== KRX-LISTED VALUE BASKET 2026-09-11  (Korea book; IBKR-listed on KRX, live two-sided; READ-ONLY) ===
  rank: COSMECCA(accum) > COSMAX(wait) | SILICON2 = NEUTRAL/watch (short dropped) | HUGEL = event-gated
  NOTE: tradeable on IBKR/KRX IF account Korea-permission enabled; KRW, foreign-flow-dominated + thin — size <10-15% ADTV
  PRICE SOURCE: live IBKR (TWS) — refreshed dashboard override krx_px_override.json (4/4 names)

  COSMECCA    ₩124,900  [ACCUM] -> ABOVE  > base FV 76,000 — no action
        K-beauty ODM | MED (the edge name) | FV bear ₩40,000/base ₩76,000/bull ₩108,000 (base -39%) | entry ₩70,000-62,000
        thesis: virality-latency edge (Anua/BYOMA ODM confirmed via openFDA whale-ID); clean DD (unqualified audit, top-5 cust <35%, 23% ROE, only profitable dual-region ODM). BASE FV RE-AUDITED 2026-06-30 67k->₩76k: we were ~13% too conservative — the MULTIPLE was the bigger error (peer-minus 11x vs a warranted 12-12.5x for a 2x-category-growth, higher-margin share-gainer), growth over-faded below consensus (anchored to the flat Census aggregate, not COSMECCA's winning book). Earnings-quality caution KEPT (receivables the auditor's sole KAM, neg FCF, governance) = FV 76k not back to 82k. At ~77k = FAIR-to-slightly-rich (no longer the <62.9k bargain — our OLD FV made a band that never triggered); accumulate on a pullback <70k / add <62k. Aug-5 Q2 = re-rate/de-rate trigger.
        KILL: Q2 (Aug-15) confirms Korea export decel to ~12% + OPM <12% -> toward ₩40k bear / founder-undertaking or governance (failed KOSPI uplisting) re-surfaces / FCF + RPT note (UNVERIFIABLE pre-size) come back bad

  COSMAX      ₩270,500  [WAIT] -> ABOVE  > base FV 185,000 — no action
        K-beauty ODM (scale leader) | MED-LOW (scale-leader) | FV bear ₩110,000/base ₩185,000/bull ₩245,000 (base -32%) | entry ₩135,000-120,000
        thesis: scale-leader K-beauty ODM ~10x fwd / 0.68x sales; the margin-INFLECTION thesis is REFUTED by Cosmax's OWN deck (OP leverage 'decreased' on mix/cost = STRUCTURAL, not fillable-capacity). China RECOVERING (+19.6%, profitable) so that drag is dated; US +46% but only ~6% of group. BASE RE-AUDITED 2026-06-30 165k->185k: we sat below ALL 25 analysts' 170k floor (conservative-multiple reflex) and under-credited net-earnings +312% (below-OP-line: China equity-method + FX) — but we DON'T chase Street 240k because the OP-inflection IS data-refuted (1Q26 OP +3% < rev +16%). WAIT — re-rate only when consolidated OP growth >= rev growth (deck stops printing 'leverage decreased'); starter <=135k.
        KILL: OP leverage stays negative another quarter / China relapses / US stays <10% of group (no mix help)

  SILICON2     ₩43,500  [NEUTRAL] -> WATCH  above start, below base FV 44,000
        K-beauty export aggregator | NEUTRAL / WAIT (short dropped) | FV bear ₩24,000/base ₩44,000/bull ₩58,000 (base +1%) | entry ₩30,000-24,000
        thesis: export AGGREGATOR still growing +41% in 1Q26 (decel 132->85->64->46->60->76->41 but off a HUGE base). SHORT-BIAS DROPPED in the 2026-06-30 re-audit — it was itself a conservative-FV artifact: we (1) anchored a share-GAINER to the flat Census import-flow ('converging to the run-rate') when the winning book compounds above the aggregate, and (2) put a distress 8.4x multiple on a +41% grower, landing base 32k = ~30% below the Street floor 46k. Corrected base ₩44k (KEEP the ~11x DISTRIBUTOR multiple, not a brand multiple — disintermediation is real: Anua/medicube sell direct on Amazon US). At ~fair now: this is fair-to-mildly-cheap, NOT a short. Watch, don't press.
        KILL: 2Q26 ~Aug-7 YoY decel <25% + OM breaks <15% + a named anchor brand pulls its US distribution = re-opens the bear

  HUGEL       ₩231,000  [EVENT] -> WATCH  above start, below base FV 300,000
        aesthetics (toxin/filler) | EVENT-GATED | FV bear ₩180,000/base ₩300,000/bull ₩430,000 (base +30%) | entry ₩220,000-200,000
        thesis: 47%-margin net-cash toxin franchise (rivals GALD quality); weak stock = JUSTIFIED discount (CBC/Aphrodite ~43% control-auction overhang + Korea-discount), NOT undiscovered. China growing, US ITC tail de-risked. EVENT-GATED: fresh Jun-19-2026 refi (₩765B, matures Jun-2029) reset the auction OUT = 'hold, not sell' — no near-term catalyst; band is a reference, action waits on the control event.
        KILL: control-auction resolves (sale = the catalyst; refi-only = dead money) / China toxin approval slips / ITC tail re-opens

  basket: no action (no new accumulate-band entries, no >8% drops)
[-> krx_value_log.jsonl]  ACCUM names buy-in-band via IBKR/KRX (Korea-permission + <10-15% ADTV); SILICON2 neutral/watch; HUGEL event-gated. No orders.

API connection failed: ConnectionRefusedError(61, "Connect call failed ('127.0.0.1', 7496)")
Make sure API port on TWS/IBG is open
API connection failed: ConnectionRefusedError(61, "Connect call failed ('127.0.0.1', 7497)")
Make sure API port on TWS/IBG is open
