ticker,quarter,employer,status,visa,title,soc,wage_annual,wage_level,state,positions
INFY,FY2026_Q1,INFOSYS LIMITED,Withdrawn,H-1B,Technology Project Lead 2,Information Technology Project Managers,119933,III,TX,1
CAP,FY2026_Q1,Capgemini America Inc,Certified - Withdrawn,H-1B,Solution Architect 4,Software Developers,189592,IV,NJ,1
CTSH,FY2026_Q1,COGNIZANT TECHNOLOGY SOLUTIONS US CORP,Certified,H-1B,SA JC60 - Software Quality Assurance Analysts and Testers,Software Quality Assurance Analysts and Testers,106454,II,VA,1
CTSH,FY2026_Q1,COGNIZANT TECHNOLOGY SOLUTIONS US CORP,Certified,H-1B,SA JC60 - Software Quality Assurance Analysts and Testers,Software Quality Assurance Analysts and Testers,69534,II,MO,1
CTSH,FY2026_Q1,COGNIZANT TECHNOLOGY SOLUTIONS US CORP,Certified,H-1B,Senior Associate JC60 -Computer Systems Engineers/Architects,Computer Systems Engineers/Architects,81765,II,CT,1
CTSH,FY2026_Q1,COGNIZANT TECHNOLOGY SOLUTIONS US CORP,Certified,H-1B,Associate Director JC40 - Management Analysts,Management Analysts,154565,IV,AZ,1
WIT,FY2026_Q1,WIPRO LIMITED,Certified,H-1B,Solution Architect L2,Computer Systems Engineers/Architects,122400,III,MA,1
WIT,FY2026_Q1,WIPRO LIMITED,Certified,H-1B,Lead Administrator L1,Network and Computer Systems Administrators,170000,II,MN,1
MPHASIS,FY2026_Q1,Mphasis Corporation,Certified,H-1B,Test Engineer,Software Quality Assurance Analysts and Testers,105000,II,TX,1
TCS,FY2026_Q1,TATA CONSULTANCY SERVICES LIMITED,Certified,H-1B,ANALYST,Computer Systems Analysts,131560,II,CA,1
LTIM,FY2026_Q1,LTIMindtree Limited,Certified,H-1B,Computer Systems Analysts,Computer Systems Analysts,124052,II,CA,1
TECHM,FY2026_Q1,"TECH MAHINDRA (AMERICAS), INC",Certified,H-1B,Electrical Engineer,Electrical Engineers,95056,II,TX,1
CTSH,FY2026_Q1,COGNIZANT TECHNOLOGY SOLUTIONS US CORP,Certified,H-1B,Senior Associate JC60 -Computer Systems Engineers/Architects,Computer Systems Engineers/Architects,93538,II,AZ,1
CAP,FY2026_Q1,Capgemini America Inc,Certified,H-1B,Applications Consultant 3,Software Developers,131602,III,PA,1
ACN,FY2026_Q1,Accenture LLP,Certified,H-1B,Packaged App Development Assoc Manager,Computer Systems Analysts,128600,III,PA,1
TECHM,FY2026_Q1,"TECH MAHINDRA (AMERICAS), INC",Certified,H-1B,Systems Analyst,Computer Systems Analysts,115170,II,WA,1
WIT,FY2026_Q1,WIPRO LIMITED,Certified,H-1B,Solution Architect L1,Computer Systems Engineers/Architects,94952,II,NC,1
INFY,FY2026_Q1,INFOSYS LIMITED,Certified,H-1B,Infrastructure Consultant 2,Network and Computer Systems Administrators,99195,II,NJ,5
WIT,FY2026_Q1,WIPRO LIMITED,Certified,H-1B,Technology Architect L1,Computer Systems Engineers/Architects,103811,II,TX,1
CTSH,FY2026_Q1,COGNIZANT TECHNOLOGY SOLUTIONS US CORP,Certified,H-1B,Senior Associate JC60 -Computer Systems Engineers/Architects,Computer Systems Engineers/Architects,90210,II,MN,1
ACN,FY2026_Q1,Accenture LLP,Certified,H-1B,Packaged App Development Assoc Manager,Computer Programmers,119100,III,NC,1
TCS,FY2026_Q1,TATA CONSULTANCY SERVICES LIMITED,Certified,H-1B,ARCHITECT,Computer Systems Engineers/Architects,92581,II,TX,1
IBM,FY2026_Q1,IBM Corporation,Certified,H-1B,Front End Developer,Software Developers,161760,IV,NC,1
TCS,FY2026_Q1,TATA CONSULTANCY SERVICES LIMITED,Certified,H-1B,User Interface Designer,Web and Digital Interface Designers,93163,II,CO,1
HCLTECH,FY2026_Q1,HCL AMERICA INC,Certified,H-1B,Sr Subject Matter Expert (DFS),Computer Systems Engineers/Architects,135396,III,NJ,1
HCLTECH,FY2026_Q1,HCL AMERICA INC,Certified,H-1B,Technical Architect,Computer Systems Engineers/Architects,117915,III,GA,1
TCS,FY2026_Q1,Tata Consultancy Services Limited,Certified,H-1B,Functional Consultant,Computer Systems Analysts,97011,II,NC,1
MPHASIS,FY2026_Q1,Mphasis Corporation,Certified,H-1B,Software Engineer,Computer Programmers,79540,II,AZ,1
TCS,FY2026_Q1,Tata Consultancy Services Limited,Certified,H-1B,Architect,Computer Systems Engineers/Architects,111550,II,WA,1
ACN,FY2026_Q1,Accenture LLP,Certified,H-1B,Packaged App Development Assoc Manager,Computer Systems Analysts,138154,III,WA,1
CTSH,FY2026_Q1,COGNIZANT TECHNOLOGY SOLUTIONS US CORP,Certified,H-1B,Sr. Mgr. JC45 - Information Technology Project Managers,Information Technology Project Managers,114712,IV,CT,1
INFY,FY2026_Q1,INFOSYS LIMITED,Certified,H-1B,Process Project Lead 2,Project Management Specialists,138965,III,CA,5
TCS,FY2026_Q1,Tata Consultancy Services Limited,Certified,H-1B,Architect,Computer Systems Engineers/Architects,82846,II,IL,1
CAP,FY2026_Q1,CAPGEMINI AMERICA INC,Certified,H-1B,Infrastructure Consultant 3,Computer Systems Analysts,140000,III,NJ,1
TCS,FY2026_Q1,TATA CONSULTANCY SERVICES LIMITED,Certified,H-1B,DEVELOPER,Computer Programmers,98301,II,NJ,1
ACN,FY2026_Q1,Accenture LLP,Certified,H-1B,Business Architecture Manager,Management Analysts,166800,IV,MI,1
CTSH,FY2026_Q1,COGNIZANT TECHNOLOGY SOLUTIONS US CORP,Certified,H-1B,Senior Associate JC60 -Computer Systems Engineers/Architects,Computer Systems Engineers/Architects,90210,II,MN,1
CTSH,FY2026_Q1,COGNIZANT TECHNOLOGY SOLUTIONS US CORP,Certified,H-1B,SA JC60 - Software Quality Assurance Analysts and Testers,Software Quality Assurance Analysts and Testers,106454,II,VA,1
MPHASIS,FY2026_Q1,Mphasis Corporation,Certified,H-1B,Software Engineer,Computer Programmers,130000,II,TX,1
INFY,FY2026_Q1,INFOSYS LIMITED,Certified,H-1B,Technology Project Lead 1,Information Technology Project Managers,94682,II,NY,5
MPHASIS,FY2026_Q1,Mphasis Corporation,Certified,H-1B,Software Engineer,Computer Programmers,140000,II,TX,1
MPHASIS,FY2026_Q1,Mphasis Corporation ,Certified,H-1B,Software Programmer II,Computer Programmers,125000,II,TX,1
CTSH,FY2026_Q1,COGNIZANT TECHNOLOGY SOLUTIONS US CORP,Certified,H-1B,Manager JC50 - Computer Systems Engineers/Architects,Computer Systems Engineers/Architects,118456,III,TX,1
IBM,FY2026_Q1,IBM Corporation,Certified,H-1B,Software Developer,Software Developers,168459,IV,NY,1
INFY,FY2026_Q1,Bean Infosystems LLC,Certified,H-1B,Data Engineer,Data Scientists,96034,II,TX,1
INFY,FY2026_Q1,INFOSYS LIMITED,Certified,H-1B,Architecture Consultant 2,Computer Systems Engineers/Architects,60403,II,FL,1
INFY,FY2026_Q1,INFOSYS LIMITED,Certified,H-1B,Technology Consultant 2,Computer Systems Engineers/Architects,139443,II,CA,1
WIT,FY2026_Q1,WIPRO LIMITED,Certified,H-1B,Project Lead L1,Information Technology Project Managers,94266,II,OH,1
CTSH,FY2026_Q1,COGNIZANT TECHNOLOGY SOLUTIONS US CORP,Certified,H-1B,Senior Associate JC60 - Software Developers,Software Developers,110947,II,FL,1
MPHASIS,FY2026_Q1,Mphasis Corporation,Certified,H-1B,Software Engineer,Computer Programmers,98301,II,NJ,1
IBM,FY2026_Q1,IBM Corporation,Certified,H-1B,Application Developer,Computer Systems Analysts,99840,III,IL,1
INFY,FY2026_Q1,INFOSYS LIMITED,Certified,H-1B,Technology Consultant 2,Computer Systems Engineers/Architects,86798,II,NC,5
HCLTECH,FY2026_Q1,HCL GLOBAL SYSTEMS INC,Certified,H-1B,PRINCIPAL JAVA DEVELOPER,Software Developers,139152,III,TX,1
INFY,FY2026_Q1,INFOSYS LIMITED,Certified,H-1B,Technology Consultant 2,Computer Systems Engineers/Architects,92581,II,TX,1
ACN,FY2026_Q1,Accenture LLP,Certified,H-1B,App/Cloud Support Manager,Network and Computer Systems Administrators,143800,IV,TX,1
G,FY2026_Q1,Genpact LLC,Certified,H-1B,Principal Consultant,Software Developers,131410,II,GA,1
TCS,FY2026_Q1,Tata Consultancy Services Limited,Certified,H-1B,Architect,Computer Systems Engineers/Architects,92394,II,PA,1
CTSH,FY2026_Q1,COGNIZANT TECHNOLOGY SOLUTIONS US CORP,Certified,H-1B,Sr Mgr JC45-Software Quality Assurance Analysts and Testers,Software Quality Assurance Analysts and Testers,119954,IV,CA,1
CTSH,FY2026_Q1,COGNIZANT TECHNOLOGY SOLUTIONS US CORP,Certified,H-1B,Sr Mgr JC45-Software Quality Assurance Analysts and Testers,Software Quality Assurance Analysts and Testers,201053,IV,CA,1
CTSH,FY2026_Q1,COGNIZANT TECHNOLOGY SOLUTIONS US CORP,Certified,H-1B,Senior Manager JC45 - Computer Systems Engineers/Architects,Computer Systems Engineers/Architects,140795,IV,NC,1
TCS,FY2026_Q1,Tata Consultancy Services Limited,Certified,H-1B,Network Administrator,Network and Computer Systems Administrators,99195,II,NJ,1
MPHASIS,FY2026_Q1,Mphasis Corporation,Certified,H-1B,Software Engineer,Computer Programmers,105000,II,TX,1
CTSH,FY2026_Q1,COGNIZANT TECHNOLOGY SOLUTIONS US CORP,Certified,H-1B,Senior Associate JC60 - Software Developers,Software Developers,110947,II,FL,1
MPHASIS,FY2026_Q1,Mphasis Corporation,Certified,H-1B,Software Engineer,Computer Programmers,122664,III,GA,1
INFY,FY2026_Q1,INFOSYS LIMITED,Certified,H-1B,Technology Consultant 2,Computer Systems Engineers/Architects,60000,II,AR,5
TCS,FY2026_Q1,Tata Consultancy Services Limited,Certified,H-1B,Architect,Computer Systems Engineers/Architects,82846,II,IL,1
TCS,FY2026_Q1,Tata Consultancy Services Limited,Certified,H-1B,Architect,Computer Systems Engineers/Architects,93538,II,AZ,1
INFY,FY2026_Q1,INFOSYS LIMITED,Certified,H-1B,Technology Consultant 2,Computer Systems Engineers/Architects,86403,II,CA,5
TECHM,FY2026_Q1,"TECH MAHINDRA (AMERICAS), INC",Certified,H-1B,Database Analyst,Database Administrators,118664,II,CA,1
LTIM,FY2026_Q1,LTIMindtree Limited,Certified,H-1B,Computer Systems Analysts,Computer Systems Analysts,124052,II,CA,1
TCS,FY2026_Q1,TATA CONSULTANCY SERVICES LIMITED,Certified,H-1B,Architect,Computer Systems Engineers/Architects,89773,II,NJ,1
INFY,FY2026_Q1,INFOSYS LIMITED,Certified,H-1B,Technology Project Lead 2,Information Technology Project Managers,126818,III,NJ,5
TCS,FY2026_Q1,TATA CONSULTANCY SERVICES LIMITED,Certified,H-1B,ARCHITECT,Computer Systems Engineers/Architects,141525,III,MA,1
CAP,FY2026_Q1,Capgemini America Inc,Certified,H-1B,Software Engineer 3,Software Developers,133536,III,SC,1
CAP,FY2026_Q1,"Capgemini America, Inc.",Certified,H-1B,Applications Consultant 3,Software Developers,146523,III,FL,1
WIT,FY2026_Q1,WIPRO LIMITED,Certified,H-1B,Technical Lead L1,Computer Programmers,120000,II,TN,1
HCLTECH,FY2026_Q1,HCL AMERICA INC,Certified,H-1B,Senior Developer,Computer Programmers,92000,I,DC,1
ACN,FY2026_Q1,Accenture LLP,Certified,H-1B,Business Architecture Manager,Management Analysts,166800,IV,OH,1
CAP,FY2026_Q1,Capgemini America Inc,Certified,H-1B,Data Engineer 3,Business Intelligence Analysts,135000,III,TX,1
CTSH,FY2026_Q1,COGNIZANT TECHNOLOGY SOLUTIONS US CORP,Certified,H-1B,Manager JC50 - Computer Systems Engineers/Architects,Computer Systems Engineers/Architects,118456,III,TX,1
WIT,FY2026_Q1,WIPRO LIMITED,Certified,H-1B,Technology Architect L1,Computer Systems Engineers/Architects,103811,II,TX,1
TCS,FY2026_Q1,Tata Consultancy Services Limited,Certified,H-1B,Developer,Computer Programmers,90418,II,MN,1
CTSH,FY2026_Q1,COGNIZANT TECHNOLOGY SOLUTIONS US CORP,Certified,H-1B,Senior Associate JC60 -Computer Systems Engineers/Architects,Computer Systems Engineers/Architects,81765,II,CT,1
INFY,FY2026_Q1,INFOSYS LIMITED,Certified,H-1B,Architecture Consultant 2,Computer Systems Engineers/Architects,62837,II,TN,5
ACN,FY2026_Q1,Accenture LLP,Certified,H-1B,Packaged App Development Assoc Manager,Computer Programmers,118600,III,MO,1
MPHASIS,FY2026_Q1,Mphasis Corporation,Certified,H-1B,Software Engineer,Computer Programmers,74339,II,TN,1
LTIM,FY2026_Q1,LTIMindtree Limited,Certified,H-1B,Computer Systems Analysts,Computer Systems Analysts,98947,II,CA,1
CTSH,FY2026_Q1,COGNIZANT TECHNOLOGY SOLUTIONS US CORP,Certified,H-1B,Sr. Mgr. JC45 - Information Technology Project Managers,Information Technology Project Managers,114712,IV,CT,1
INFY,FY2026_Q1,INFOSYS LIMITED,Certified,H-1B,Technology Consultant 1,Computer Systems Engineers/Architects,92581,II,TX,1
TCS,FY2026_Q1,TATA CONSULTANCY SERVICES LIMITED,Certified,H-1B,ARCHITECT,Computer Systems Engineers/Architects,94266,II,OH,1
ACN,FY2026_Q1,Accenture LLP,Certified,H-1B,Custom Software Engineering Senior Mgr,Computer Systems Analysts,154200,IV,AR,1
HCLTECH,FY2026_Q1,HCL AMERICA INC,Certified,H-1B,Senior Technical Lead,Computer Programmers,107203,II,CA,1
INFY,FY2026_Q1,INFOSYS LIMITED,Certified,H-1B,Package Consultant 3,Computer Systems Engineers/Architects,118456,III,TX,5
INFY,FY2026_Q1,INFOSYS LIMITED,Certified,H-1B,Infrastructure Consultant 2,Database Administrators,84989,II,NC,5
TCS,FY2026_Q1,TATA CONSULTANCY SERVICES LIMITED,Certified,H-1B,DEVELOPER,Computer Programmers,107432,II,TN,1
TCS,FY2026_Q1,TATA CONSULTANCY SERVICES LIMITED,Certified,H-1B,Product Engineer,Mechanical Engineers,82555,II,OH,1
LTIM,FY2026_Q1,LTIMindtree Limited,Certified,H-1B,Software Developer,Software Developers,106475,II,CT,1
INFY,FY2026_Q1,INFOSYS LIMITED,Certified,H-1B,Architecture Consultant 2,Computer Systems Engineers/Architects,82846,II,IL,5
CAP,FY2026_Q1,Capgemini America Inc,Certified,H-1B,Applications Consultant 3,Software Developers,135916,III,CT,1
CTSH,FY2026_Q1,COGNIZANT TECHNOLOGY SOLUTIONS US CORP,Certified,H-1B,Manager JC50 - Computer Systems Engineers/Architects,Computer Systems Engineers/Architects,126818,III,NJ,1
HCLTECH,FY2026_Q1,HCL AMERICA INC,Certified,H-1B,Presales - Team Lead,Sales Engineers,126048,III,TX,1
MPHASIS,FY2026_Q1,Mphasis Corporation,Certified,H-1B,Lead Technical Developer aka Software Programmer II,Computer Programmers,100500,II,TX,1
WIT,FY2026_Q1,WIPRO LIMITED,Certified,H-1B,Solution Lead L1,Computer Programmers,155821,II,WA,1
HCLTECH,FY2026_Q1,HCL AMERICA INC,Certified,H-1B,Senior Project Manager,Information Technology Project Managers,111862,III,TX,1
MPHASIS,FY2026_Q1,Mphasis Corporation,Certified,H-1B,Software Engineer,Computer Programmers,98301,II,NJ,1
CAP,FY2026_Q1,CAPGEMINI AMERICA INC,Certified,H-1B,Network Engineer 2,Computer Network Support Specialists,130000,II,NJ,1
INFY,FY2026_Q1,Bean Infosystems LLC,Certified,H-1B,Data Engineer,Data Scientists,96034,II,TX,1
CTSH,FY2026_Q1,COGNIZANT TECHNOLOGY SOLUTIONS US CORP,Certified,H-1B,Senior Manager JC45 - Software Developers,Software Developers,178131,IV,MA,1
CTSH,FY2026_Q1,COGNIZANT TECHNOLOGY SOLUTIONS US CORP,Certified,H-1B,Senior Associate JC60 -Computer Systems Engineers/Architects,Computer Systems Engineers/Architects,92581,II,TX,1
CTSH,FY2026_Q1,COGNIZANT TECHNOLOGY SOLUTIONS US CORP,Certified,H-1B,Sr. Mgr. JC45 - Information Technology Project Managers,Information Technology Project Managers,144310,IV,TX,1
CTSH,FY2026_Q1,COGNIZANT TECHNOLOGY SOLUTIONS US CORP,Certified,H-1B,Mgr. JC50 - Software Quality Assurance Analysts and Testers,Software Quality Assurance Analysts and Testers,104728,III,IL,1
CTSH,FY2026_Q1,"Cognizant Mobility, Inc.",Certified,H-1B,Manager JC50 - Validation Engineers,Validation Engineers,107661,III,MI,1
CTSH,FY2026_Q1,COGNIZANT TECHNOLOGY SOLUTIONS US CORP,Certified,H-1B,Manager JC50 - Computer Systems Engineers/Architects,Computer Systems Engineers/Architects,126818,III,NJ,1
CTSH,FY2026_Q1,COGNIZANT TECHNOLOGY SOLUTIONS US CORP,Certified,H-1B,Sr. Mgr. JC45 - Information Technology Project Managers,Information Technology Project Managers,144310,IV,TX,1
CTSH,FY2026_Q1,"Cognizant Mobility, Inc.",Certified,H-1B,Manager JC50 - Validation Engineers,Validation Engineers,107661,III,MI,1
CTSH,FY2026_Q1,COGNIZANT TECHNOLOGY SOLUTIONS US CORP,Certified,H-1B,Mgr. JC50 - Software Quality Assurance Analysts and Testers,Software Quality Assurance Analysts and Testers,104728,III,IL,1
CTSH,FY2026_Q1,COGNIZANT TECHNOLOGY SOLUTIONS US CORP,Certified,H-1B,Senior Associate JC60 -Computer Systems Engineers/Architects,Computer Systems Engineers/Architects,92581,II,TX,1
G,FY2026_Q1,Genpact LLC,Certified,H-1B,Senior Principal Consultant,Software Developers,118710,II,GA,1
CTSH,FY2026_Q1,COGNIZANT TECHNOLOGY SOLUTIONS US CORP,Certified,H-1B,Manager JC50 - Computer Systems Engineers/Architects,Computer Systems Engineers/Architects,91250,III,CA,1
ACN,FY2026_Q1,Accenture Infrastructure and Capital Projects LLC,Certified,H-1B,Cost Manager,Cost Estimators,130000,I,AZ,1
TCS,FY2026_Q1,TATA CONSULTANCY SERVICES LIMITED,Certified,H-1B,Architect,Computer Systems Engineers/Architects,76606,II,OH,1
IBM,FY2026_Q1,IBM Corporation,Certified,H-1B,"Associate Principal, Corporate Strategy",Business Intelligence Analysts,232859,IV,NY,1
TCS,FY2026_Q1,TATA CONSULTANCY SERVICES LIMITED,Certified,H-1B,ARCHITECT,Computer Systems Engineers/Architects,90210,II,MN,1
LTIM,FY2026_Q1,LTIMindtree Limited,Certified,H-1B,Management Analyst,Management Analysts,109803,II,WA,1
CAP,FY2026_Q1,Capgemini America Inc,Certified,H-1B,Project Manager 4,Information Technology Project Managers,154712,IV,GA,1
TCS,FY2026_Q1,TATA CONSULTANCY SERVICES LIMITED,Certified,H-1B,Architect,Computer Systems Engineers/Architects,86403,II,CA,1
TCS,FY2026_Q1,Tata Consultancy Services Limited,Certified,H-1B,Architect,Computer Systems Engineers/Architects,90605,II,TX,1
CAP,FY2026_Q1,Capgemini America Inc,Certified,H-1B,Applications Consultant 2,Software Developers,108077,II,IL,1
TCS,FY2026_Q1,Tata Consultancy Services Limited,Certified,H-1B,Developer,Computer Programmers,82243,II,OH,1
TCS,FY2026_Q1,Tata Consultancy Services Limited,Certified,H-1B,Technical Lead,Information Technology Project Managers,90813,III,KY,1
LTIM,FY2026_Q1,LTIMindtree Limited,Certified,H-1B,Sales Manager,Sales Managers,143978,II,CA,1
TCS,FY2026_Q1,TATA CONSULTANCY SERVICES LIMITED,Certified,H-1B,Software Developer,Software Developers,112923,II,TX,1
TCS,FY2026_Q1,TATA CONSULTANCY SERVICES LIMITED,Certified,H-1B,Developer,Computer Programmers,96637,II,OH,1
HCLTECH,FY2026_Q1,HCL AMERICA INC,Certified,H-1B,Subject Matter Expert (Support&Ops),Computer Network Support Specialists,95981,III,FL,1
INFY,FY2026_Q1,INFOSYS LIMITED,Certified,H-1B,Architecture Consultant 2,Computer Systems Engineers/Architects,90605,II,TX,5
CAP,FY2026_Q1,Capgemini America Inc,Certified,H-1B,Project Manager 3,Information Technology Project Managers,170000,III,PA,1
CAP,FY2026_Q1,Capgemini America Inc,Certified,H-1B,Applications Consultant 2,Software Developers,109845,II,PA,1
INFY,FY2026_Q1,INFOSYS LIMITED,Certified,H-1B,Package Consultant 3,Computer Systems Engineers/Architects,181293,III,CA,1
INFY,FY2026_Q1,INFOSYS LIMITED,Certified,H-1B,Technology Consultant 2,Computer Systems Engineers/Architects,92581,II,TX,1
HCLTECH,FY2026_Q1,HCL AMERICA INC,Certified,H-1B,Technical Manager,Information Technology Project Managers,115835,III,CA,1
CAP,FY2026_Q1,Capgemini America Inc,Certified,H-1B,Business Systems Analyst 2,Computer Systems Analysts,104816,II,NJ,1
HCLTECH,FY2026_Q1,HCL AMERICA INC,Certified,H-1B,Program Manager,Information Technology Project Managers,124484,III,TX,1
LTIM,FY2026_Q1,LTIMindtree Limited,Certified,H-1B,Software Developer,Software Developers,82555,II,IN,1
LTIM,FY2026_Q1,LTIMindtree Limited,Certified,H-1B,Software Quality Assurance Analyst and Tester,Software Quality Assurance Analysts and Testers,85030,II,NC,1
TCS,FY2026_Q1,Tata Consultancy Services Limited,Certified,H-1B,Architect,Computer Systems Engineers/Architects,119704,III,NC,1
CAP,FY2026_Q1,Capgemini America Inc,Certified,H-1B,Applications Consultant 3,Software Developers,120973,III,OH,1
INFY,FY2026_Q1,INFOSYS LIMITED,Certified,H-1B,Technology Project Lead 1,Information Technology Project Managers,86445,II,GA,5
TCS,FY2026_Q1,Tata Consultancy Services Limited,Certified,H-1B,Analyst,Computer Systems Analysts,131560,II,CA,1
CAP,FY2026_Q1,Capgemini America Inc,Certified,H-1B,Applications Consultant 3,Software Developers,130707,III,IL,1
TECHM,FY2026_Q1,"TECH MAHINDRA (AMERICAS), INC",Certified,H-1B,Systems Administrator,Network and Computer Systems Administrators,92623,II,WA,1
HCLTECH,FY2026_Q1,HCL AMERICA INC,Certified,H-1B,Technical Manager,Information Technology Project Managers,130000,II,OH,1
CAP,FY2026_Q1,Capgemini America Inc,Certified,H-1B,Applications Consultant 3,Software Developers,129731,III,OH,1
INFY,FY2026_Q1,INFOSYS LIMITED,Certified,H-1B,Architecture Consultant 2,Computer Systems Engineers/Architects,139443,II,CA,5
TCS,FY2026_Q1,Tata Consultancy Services Limited,Certified,H-1B,Architect,Computer Systems Engineers/Architects,94266,II,OH,1
CAP,FY2026_Q1,Capgemini America Inc,Certified,H-1B,Solution Architect 4,Software Developers,200655,IV,GA,1
LTIM,FY2026_Q1,LTIMindtree Limited,Certified,H-1B,Software Developer,Software Developers,112923,II,TX,1
TCS,FY2026_Q1,Tata Consultancy Services Limited,Certified,H-1B,Architect,Computer Systems Engineers/Architects,92581,II,TX,1
INFY,FY2026_Q1,INFOSYS LIMITED,Certified,H-1B,Program Management Project Lead 3,Information Technology Project Managers,135512,IV,TX,1
TCS,FY2026_Q1,Tata Consultancy Services Limited,Certified,H-1B,Architect,Computer Systems Engineers/Architects,90210,II,MN,1
TCS,FY2026_Q1,Tata Consultancy Services Limited,Certified,H-1B,Architect,Computer Systems Engineers/Architects,92581,II,TX,1
TCS,FY2026_Q1,TATA CONSULTANCY SERVICES LIMITED,Certified,H-1B,Developer,Computer Programmers,96637,II,OH,1
CAP,FY2026_Q1,Capgemini America Inc,Certified,H-1B,Applications Consultant 3,Software Developers,135200,III,SC,1
HCLTECH,FY2026_Q1,HCL AMERICA INC,Certified,H-1B,Senior Test Specialist,Software Quality Assurance Analysts and Testers,130000,III,IL,1
INFY,FY2026_Q1,"A&A Infosystems, Inc",Certified,H-1B,Software Engineer - Data,Software Developers,112923,II,TX,1
TCS,FY2026_Q1,Tata Consultancy Services Limited,Certified,H-1B,Architect,Computer Systems Engineers/Architects,94682,II,NJ,1
CAP,FY2026_Q1,Capgemini America Inc,Certified,H-1B,Applications Consultant 4,Software Developers,161741,IV,NC,1
IBM,FY2026_Q1,IBM Corporation,Certified,H-1B,Application Developer,Software Developers,124592,II,CA,1
CAP,FY2026_Q1,CAPGEMINI AMERICA INC,Certified,H-1B,Test Consultant 3,Software Quality Assurance Analysts and Testers,101730,III,IL,1
CAP,FY2026_Q1,Capgemini America Inc,Certified,H-1B,Test Consultant 3,Software Quality Assurance Analysts and Testers,128858,III,NY,1
CAP,FY2026_Q1,Capgemini America Inc,Certified,H-1B,Solution Architect 3,Software Developers,160178,III,CA,1
TCS,FY2026_Q1,Tata Consultancy Services Limited,Certified,H-1B,Technical Lead,Information Technology Project Managers,86445,II,GA,1
CTSH,FY2026_Q1,COGNIZANT TECHNOLOGY SOLUTIONS US CORP,Certified,H-1B,Senior Associate JC60 -Computer Systems Engineers/Architects,Computer Systems Engineers/Architects,92581,II,TX,1
INFY,FY2026_Q1,"PROSPECT INFOSYSTEM, INC.",Certified,H-1B,Geospatial Solutions Developer,Software Developers,128000,II,WI,1
WIT,FY2026_Q1,WIPRO LIMITED,Certified,H-1B,Quality Assurance Consultant L3,Software Quality Assurance Analysts and Testers,91374,II,TX,1
CTSH,FY2026_Q1,COGNIZANT TECHNOLOGY SOLUTIONS US CORP,Certified,H-1B,Mgr. JC50 - Software Quality Assurance Analysts and Testers,Software Quality Assurance Analysts and Testers,104458,III,AZ,1
CTSH,FY2026_Q1,COGNIZANT TECHNOLOGY SOLUTIONS US CORP,Certified,H-1B,Senior Manager JC45 - Management Analysts,Management Analysts,118248,IV,NJ,1
IBM,FY2026_Q1,IBM Corporation,Certified,H-1B,Application Developer,Software Developers,116709,II,NC,1
MPHASIS,FY2026_Q1,Mphasis Corporation,Certified,H-1B,Software Engineer,Computer Programmers,120000,II,NC,1
CTSH,FY2026_Q1,COGNIZANT TECHNOLOGY SOLUTIONS US CORP,Certified,H-1B,Senior Associate JC60 -Computer Systems Engineers/Architects,Computer Systems Engineers/Architects,92581,II,TX,1
INFY,FY2026_Q1,INFOSYS LIMITED,Certified,H-1B,Technology Project Lead 1,Information Technology Project Managers,90605,II,TX,1
INFY,FY2026_Q1,INFOSYS LIMITED,Certified,H-1B,Technology Consultant 2,Computer Systems Engineers/Architects,93538,II,AZ,1
MPHASIS,FY2026_Q1,Mphasis Corporation,Certified,H-1B,Software Engineer,Computer Programmers,92000,II,TX,1
HCLTECH,FY2026_Q1,HCL AMERICA INC,Certified,H-1B,Solution Director,Computer Systems Engineers/Architects,223142,IV,CA,1
CTSH,FY2026_Q1,COGNIZANT TECHNOLOGY SOLUTIONS US CORP,Certified,H-1B,Manager JC50 - Computer Systems Engineers/Architects,Computer Systems Engineers/Architects,115835,III,CA,1
TCS,FY2026_Q1,TATA CONSULTANCY SERVICES LIMITED,Certified,H-1B,ARCHITECT,Computer Systems Engineers/Architects,91874,II,TX,1
IBM,FY2026_Q1,IBM Corporation,Certified,H-1B,Application Developer,Software Developers,139214,III,NC,1
CTSH,FY2026_Q1,COGNIZANT TECHNOLOGY SOLUTIONS US CORP,Certified,H-1B,Manager JC50 - Computer Systems Engineers/Architects,Computer Systems Engineers/Architects,99341,III,OH,1
MPHASIS,FY2026_Q1,Mphasis Corporation,Certified,H-1B,Software Engineer,Computer Programmers,120000,II,IL,1
WIT,FY2026_Q1,WIPRO LIMITED,Certified,H-1B,Technical Lead L1,Computer Programmers,74762,II,ID,1
LTIM,FY2026_Q1,LTIMindtree Limited,Certified,H-1B,Software Quality Assurance Analyst and Tester,Software Quality Assurance Analysts and Testers,69534,II,MO,1
CTSH,FY2026_Q1,COGNIZANT TECHNOLOGY SOLUTIONS US CORP,Certified,H-1B,Manager JC50 - Computer Systems Engineers/Architects,Computer Systems Engineers/Architects,126818,III,NJ,1
LTIM,FY2026_Q1,LTIMindtree Limited,Certified,H-1B,Specialist “ Cloud & Infra Management,Network and Computer Systems Administrators,135000,II,TX,1
CAP,FY2026_Q1,Capgemini America Inc,Certified,H-1B,Applications Consultant 3,Software Developers,157123,III,CA,1
TCS,FY2026_Q1,TATA CONSULTANCY SERVICES LIMITED,Certified,H-1B,ARCHITECT,Computer Systems Engineers/Architects,91874,II,TX,1
INFY,FY2026_Q1,INFOSYS LIMITED,Certified,H-1B,Architecture Consultant 2,Computer Systems Engineers/Architects,60403,II,FL,1
TCS,FY2026_Q1,TATA CONSULTANCY SERVICES LIMITED,Certified,H-1B,Architect,Computer Systems Engineers/Architects,65083,II,MI,1
TCS,FY2026_Q1,TATA CONSULTANCY SERVICES LIMITED,Certified,H-1B,USER INTERFACE DESIGNER,Web and Digital Interface Designers,77646,II,TX,1
CTSH,FY2026_Q1,COGNIZANT TECHNOLOGY SOLUTIONS US CORP,Certified,H-1B,Manager JC50 - Computer Systems Engineers/Architects,Computer Systems Engineers/Architects,116106,III,CA,1
CAP,FY2026_Q1,Capgemini America Inc,Certified,H-1B,Applications Consultant 3,Software Developers,132275,III,OH,1
CTSH,FY2026_Q1,COGNIZANT TECHNOLOGY SOLUTIONS US CORP,Certified,H-1B,Senior Manager JC45 - Computer Systems Engineers/Architects,Computer Systems Engineers/Architects,144310,IV,TX,1
INFY,FY2026_Q1,INFOSYS LIMITED,Certified,H-1B,Technology Consultant 2,Computer Systems Engineers/Architects,114795,II,CA,1
TCS,FY2026_Q1,TATA CONSULTANCY SERVICES LIMITED,Certified,H-1B,ARCHITECT,Computer Systems Engineers/Architects,86445,II,GA,1
CTSH,FY2026_Q1,COGNIZANT TECHNOLOGY SOLUTIONS US CORP,Certified,H-1B,Senior Associate JC60 -Computer Systems Engineers/Architects,Computer Systems Engineers/Architects,92581,II,TX,1
CTSH,FY2026_Q1,COGNIZANT TECHNOLOGY SOLUTIONS US CORP,Certified,H-1B,AD JC40 - Computer Systems Engineers/Architects,Computer Systems Engineers/Architects,144310,IV,TX,1
CTSH,FY2026_Q1,COGNIZANT TECHNOLOGY SOLUTIONS US CORP,Certified,H-1B,Manager JC50 - Computer Systems Engineers/Architects,Computer Systems Engineers/Architects,126818,III,NJ,1
INFY,FY2026_Q1,INFOSYS LIMITED,Certified,H-1B,Package Project Lead 1,Information Technology Project Managers,81765,II,CT,5
CTSH,FY2026_Q1,COGNIZANT TECHNOLOGY SOLUTIONS US CORP,Certified,H-1B,Manager JC50 - Computer Systems Engineers/Architects,Computer Systems Engineers/Architects,126256,III,NC,1
WIT,FY2026_Q1,WIPRO LIMITED,Certified,H-1B,Application Architect L1,Computer Systems Engineers/Architects,93016,II,TX,1
LTIM,FY2026_Q1,LTIMindtree Limited,Certified,H-1B,Software Developers,Software Developers,99196,II,FL,1
LTIM,FY2026_Q1,LTIMindtree Limited,Certified,H-1B,Computer Systems Engineer/Architect,Computer Systems Engineers/Architects,111550,II,WA,1
HCLTECH,FY2026_Q1,HCL AMERICA INC,Certified,H-1B,Technical Specialist,Computer Systems Engineers/Architects,109158,II,OH,1
WIT,FY2026_Q1,WIPRO LIMITED,Certified,H-1B,Technical Lead L1,Computer Programmers,115000,II,TX,1
TCS,FY2026_Q1,Tata Consultancy Services Limited,Certified,H-1B,Embedded Systems Design Engineer,Software Developers,149240,II,WA,1
INFY,FY2026_Q1,INFOSYS LIMITED,Certified,H-1B,Domain Consultant 2,Management Analysts,130187,II,CA,5
TCS,FY2026_Q1,TATA CONSULTANCY SERVICES LIMITED,Certified,H-1B,DEVELOPER,Computer Programmers,96637,II,OH,1
CTSH,FY2026_Q1,COGNIZANT TECHNOLOGY SOLUTIONS US CORP,Certified,H-1B,Manager JC50 - Computer Systems Engineers/Architects,Computer Systems Engineers/Architects,126818,III,NY,1
CTSH,FY2026_Q1,COGNIZANT TECHNOLOGY SOLUTIONS US CORP,Certified,H-1B,Senior Manager JC45 - Computer Systems Engineers/Architects,Computer Systems Engineers/Architects,145246,IV,CA,1
MPHASIS,FY2026_Q1,Mphasis Corporation,Certified,H-1B,Software Architect,Computer Systems Engineers/Architects,150000,II,TX,1
IBM,FY2026_Q1,IBM Corporation,Certified,H-1B,Senior Software Engineer,Software Developers,189600,IV,NJ,1
INFY,FY2026_Q1,INFOSYS LIMITED,Certified,H-1B,Technology Consultant 2,Computer Systems Engineers/Architects,94952,II,NC,1
CAP,FY2026_Q1,Capgemini America Inc,Certified,H-1B,Applications Consultant 3,Software Developers,141093,III,FL,1
CTSH,FY2026_Q1,COGNIZANT TECHNOLOGY SOLUTIONS US CORP,Certified,H-1B,Senior Manager JC45 - Management Analysts,Management Analysts,118248,IV,NJ,1
CTSH,FY2026_Q1,COGNIZANT TECHNOLOGY SOLUTIONS US CORP,Certified,H-1B,Senior Manager JC45 - Computer Systems Engineers/Architects,Computer Systems Engineers/Architects,117874,IV,IN,1
CTSH,FY2026_Q1,COGNIZANT TECHNOLOGY SOLUTIONS US CORP,Certified,H-1B,SA JC60 - Software Quality Assurance Analysts and Testers,Software Quality Assurance Analysts and Testers,92456,II,VA,1
CTSH,FY2026_Q1,COGNIZANT TECHNOLOGY SOLUTIONS US CORP,Certified,H-1B,Manager JC50 - Computer Systems Engineers/Architects,Computer Systems Engineers/Architects,126818,III,NJ,1
CTSH,FY2026_Q1,COGNIZANT TECHNOLOGY SOLUTIONS US CORP,Certified,H-1B,SA JC60 - Software Quality Assurance Analysts and Testers,Software Quality Assurance Analysts and Testers,102086,II,NJ,1
INFY,FY2026_Q1,INFOSYS LIMITED,Certified,H-1B,Technology Consultant 2,Computer Systems Engineers/Architects,81765,II,CT,5
CTSH,FY2026_Q1,COGNIZANT TECHNOLOGY SOLUTIONS US CORP,Certified,H-1B,Manager JC50 - Computer Systems Engineers/Architects,Computer Systems Engineers/Architects,126256,III,NC,1
WIT,FY2026_Q1,WIPRO LIMITED,Certified,H-1B,Technical Lead L1,Computer Programmers,130853,II,CA,1
CTSH,FY2026_Q1,COGNIZANT TECHNOLOGY SOLUTIONS US CORP,Certified,H-1B,Manager JC50 - Computer Systems Engineers/Architects,Computer Systems Engineers/Architects,119933,III,TX,1
HCLTECH,FY2026_Q1,HCL AMERICA INC,Certified,H-1B,Project Manager,Information Technology Project Managers,111862,III,TX,1
CTSH,FY2026_Q1,COGNIZANT TECHNOLOGY SOLUTIONS US CORP,Certified,H-1B,Senior Manager JC45 - Computer Systems Engineers/Architects,Computer Systems Engineers/Architects,145246,IV,CA,1
MPHASIS,FY2026_Q1,Mphasis Corporation,Certified,H-1B,Software Engineer,Computer Programmers,160000,II,NJ,1
ACN,FY2026_Q1,Accenture LLP,Certified,H-1B,Database Admin Associate Manager,Database Administrators,148900,III,NY,1
WIT,FY2026_Q1,WIPRO LIMITED,Certified,H-1B,Technical Lead L1,Computer Programmers,86653,II,NJ,1
INFY,FY2026_Q1,INFOSYS LIMITED,Certified,H-1B,Technology Consultant 2,Computer Systems Engineers/Architects,139443,II,CA,1
TCS,FY2026_Q1,TATA CONSULTANCY SERVICES LIMITED,Certified,H-1B,FUNCTIONAL CONSULTANT,Computer Systems Analysts,2124252,II,IL,1
CTSH,FY2026_Q1,COGNIZANT TECHNOLOGY SOLUTIONS US CORP,Certified,H-1B,Mgr. JC50 - Software Quality Assurance Analysts and Testers,Software Quality Assurance Analysts and Testers,104458,III,AZ,1
CTSH,FY2026_Q1,COGNIZANT TECHNOLOGY SOLUTIONS US CORP,Certified,H-1B,Senior Associate JC60 -Computer Systems Engineers/Architects,Computer Systems Engineers/Architects,92581,II,TX,1
INFY,FY2026_Q1,INFOSYS LIMITED,Certified,H-1B,Architecture Consultant 3,Computer Systems Engineers/Architects,118456,III,TX,5
MPHASIS,FY2026_Q1,Mphasis Corporation ,Certified,H-1B,Software Programmer II,Computer Programmers,125000,II,TX,1
MPHASIS,FY2026_Q1,Mphasis Corporation,Certified,H-1B,Software Engineer,Computer Programmers,153500,II,CA,1
CTSH,FY2026_Q1,COGNIZANT TECHNOLOGY SOLUTIONS US CORP,Certified,H-1B,Manager JC50 - Computer Systems Engineers/Architects,Computer Systems Engineers/Architects,115835,III,CA,1
CTSH,FY2026_Q1,COGNIZANT TECHNOLOGY SOLUTIONS US CORP,Certified,H-1B,Manager JC50 - Computer Systems Engineers/Architects,Computer Systems Engineers/Architects,99341,III,OH,1
INFY,FY2026_Q1,INFOSYS LIMITED,Certified,H-1B,Architecture Consultant 3,Computer Systems Engineers/Architects,118456,III,TX,5
TCS,FY2026_Q1,TATA CONSULTANCY SERVICES LIMITED,Certified,H-1B,ARCHITECT,Computer Systems Engineers/Architects,93538,II,AZ,1
INFY,FY2026_Q1,INFOSYS LIMITED,Certified,H-1B,Technology Consultant 2,Computer Systems Engineers/Architects,80974,II,TX,5
WIT,FY2026_Q1,WIPRO LIMITED,Certified,H-1B,Test Engineer L4,Software Quality Assurance Analysts and Testers,94702,II,MN,1
CTSH,FY2026_Q1,COGNIZANT TECHNOLOGY SOLUTIONS US CORP,Certified,H-1B,Senior Manager JC45 - Computer Systems Engineers/Architects,Computer Systems Engineers/Architects,158974,IV,NJ,1
CTSH,FY2026_Q1,COGNIZANT TECHNOLOGY SOLUTIONS US CORP,Certified,H-1B,Senior Manager JC45 - Computer Systems Engineers/Architects,Computer Systems Engineers/Architects,126339,IV,CT,1
WIT,FY2026_Q1,WIPRO LIMITED,Certified,H-1B,Domain Consultant L2,Management Analysts,79722,II,KY,1
LTIM,FY2026_Q1,LTIMindtree Limited,Certified,H-1B,Software Developer,Software Developers,112424,II,NC,1
WIT,FY2026_Q1,WIPRO LIMITED,Certified,H-1B,Technical Lead L1,Computer Programmers,120723,IV,MN,2
TCS,FY2026_Q1,Tata Consultancy Services Limited,Certified,H-1B,Architect,Computer Systems Engineers/Architects,86403,III,WI,1
LTIM,FY2026_Q1,LTIMindtree Limited,Certified,H-1B,Computer Programmer,Computer Programmers,98301,II,NJ,1
INFY,FY2026_Q1,INFOSYS LIMITED,Certified,H-1B,Package Consultant 1,Computer Systems Engineers/Architects,86798,II,NC,1
CTSH,FY2026_Q1,COGNIZANT TECHNOLOGY SOLUTIONS US CORP,Certified,H-1B,Senior Manager JC45 - Computer Systems Engineers/Architects,Computer Systems Engineers/Architects,126339,IV,CT,1
CTSH,FY2026_Q1,COGNIZANT TECHNOLOGY SOLUTIONS US CORP,Certified,H-1B,SA JC60 - Software Quality Assurance Analysts and Testers,Software Quality Assurance Analysts and Testers,92456,II,VA,1
HCLTECH,FY2026_Q1,HCL AMERICA INC,Certified,H-1B,Senior Technical Manager,Information Technology Project Managers,105801,II,NJ,1
TCS,FY2026_Q1,Tata Consultancy Services Limited,Certified,H-1B,System Administrator,Network and Computer Systems Administrators,81162,II,AZ,1
CTSH,FY2026_Q1,COGNIZANT TECHNOLOGY SOLUTIONS US CORP,Certified,H-1B,Manager JC50 - Computer Systems Engineers/Architects,Computer Systems Engineers/Architects,108514,III,GA,1
CTSH,FY2026_Q1,COGNIZANT TECHNOLOGY SOLUTIONS US CORP,Certified,H-1B,SA JC60 - Network and Computer Systems Administrators,Network and Computer Systems Administrators,89586,II,CT,1
TCS,FY2026_Q1,TATA CONSULTANCY SERVICES LIMITED,Certified,H-1B,Developer,Computer Programmers,82472,II,IN,1
CTSH,FY2026_Q1,COGNIZANT TECHNOLOGY SOLUTIONS US CORP,Certified,H-1B,Manager JC50 - Computer Systems Engineers/Architects,Computer Systems Engineers/Architects,108514,III,GA,1
TCS,FY2026_Q1,TATA CONSULTANCY SERVICES LIMITED,Certified,H-1B,Developer,Computer Programmers,91582,II,DC,1
TCS,FY2026_Q1,Tata Consultancy Services Limited,Certified,H-1B,Developer,Computer Programmers,71053,II,PA,1
TCS,FY2026_Q1,Tata Consultancy Services Limited,Certified,H-1B,Architect,Computer Systems Engineers/Architects,82285,II,IN,1
WIT,FY2026_Q1,WIPRO LIMITED,Certified,H-1B,Project Lead L1,Information Technology Project Managers,92395,II,NJ,1
WIT,FY2026_Q1,WIPRO LIMITED,Certified,H-1B,Security Architect L1,Information Security Analysts,107037,II,AZ,1
TCS,FY2026_Q1,Tata Consultancy Services Limited,Certified,H-1B,Architect,Computer Systems Engineers/Architects,90210,II,MN,1
MPHASIS,FY2026_Q1,Mphasis Corporation,Certified,H-1B,Software Engineer,Computer Programmers,130000,II,TX,1
INFY,FY2026_Q1,INFOSYS LIMITED,Certified,H-1B,Technology Consultant 2,Computer Systems Engineers/Architects,92581,II,TX,5
CAP,FY2026_Q1,Capgemini America Inc,Certified,H-1B,Data Analyst 3,Data Warehousing Specialists,136885,III,IL,1
TCS,FY2026_Q1,TATA CONSULTANCY SERVICES LIMITED,Certified,H-1B,ANALYST,Computer Systems Analysts,131560,II,CA,1
CTSH,FY2026_Q1,COGNIZANT TECHNOLOGY SOLUTIONS US CORP,Certified,H-1B,Manager JC50 - Computer Systems Engineers/Architects,Computer Systems Engineers/Architects,117582,III,DE,1
WIT,FY2026_Q1,WIPRO LIMITED,Certified,H-1B,Techno Functional Consultant L1,Computer Systems Analysts,98862,II,SC,1
HCLTECH,FY2026_Q1,HCL AMERICA INC,Certified,H-1B,Technical Manager,Information Technology Project Managers,117582,III,PA,1
INFY,FY2026_Q1,INFOSYS LIMITED,Certified,H-1B,Package Consultant 2,Computer Systems Engineers/Architects,73611,II,PA,5
TCS,FY2026_Q1,Tata Consultancy Services Limited,Certified,H-1B,Architect,Computer Systems Engineers/Architects,94266,II,OH,1
CTSH,FY2026_Q1,COGNIZANT TECHNOLOGY SOLUTIONS US CORP,Certified,H-1B,SA JC60 - Software Quality Assurance Analysts and Testers,Software Quality Assurance Analysts and Testers,82347,II,GA,1
CTSH,FY2026_Q1,COGNIZANT TECHNOLOGY SOLUTIONS US CORP,Certified,H-1B,Manager JC50 - Computer Systems Engineers/Architects,Computer Systems Engineers/Architects,119933,III,TX,1
TCS,FY2026_Q1,Tata Consultancy Services Limited,Certified,H-1B,Architect,Computer Systems Engineers/Architects,90605,II,TX,1
LTIM,FY2026_Q1,LTIMindtree Limited,Certified,H-1B,Computer Systems Engineers/Architects,Computer Systems Engineers/Architects,86446,II,GA,1
LTIM,FY2026_Q1,LTIMindtree Limited,Certified,H-1B,Software Developer,Software Developers,131997,II,NJ,1
CTSH,FY2026_Q1,COGNIZANT TECHNOLOGY SOLUTIONS US CORP,Certified,H-1B,SA JC60 - Network and Computer Systems Administrators,Network and Computer Systems Administrators,91250,II,CT,1
MPHASIS,FY2026_Q1,Mphasis Corporation ,Certified,H-1B,QA Test Engineer II,Software Quality Assurance Analysts and Testers,90450,II,TN,1
INFY,FY2026_Q1,INFOSYS LIMITED,Certified,H-1B,Package Consultant 2,Computer Systems Engineers/Architects,92581,II,TX,5
INFY,FY2026_Q1,INFOSYS LIMITED,Certified,H-1B,Package Project Lead 1,Information Technology Project Managers,84198,II,MI,1
CTSH,FY2026_Q1,COGNIZANT TECHNOLOGY SOLUTIONS US CORP,Certified,H-1B,Manager JC50 - Computer Systems Engineers/Architects,Computer Systems Engineers/Architects,104062,III,CT,1
WIT,FY2026_Q1,WIPRO LIMITED,Certified,H-1B,Techno Functional Consultant L1,Computer Systems Analysts,108000,II,TX,1
TCS,FY2026_Q1,TATA CONSULTANCY SERVICES LIMITED,Certified,H-1B,Database Administrator,Database Administrators,70616,II,MI,1
ACN,FY2026_Q1,Accenture LLP,Withdrawn,H-1B,Packaged App Development Specialist,Computer Programmers,96637,II,OH,1
MPHASIS,FY2026_Q1,Mphasis Corporation ,Certified,H-1B,Software Programmer II,Computer Programmers,88533,II,CA,1
CTSH,FY2026_Q1,COGNIZANT TECHNOLOGY SOLUTIONS US CORP,Certified,H-1B,Sr Mgr JC45-Software Quality Assurance Analysts and Testers,Software Quality Assurance Analysts and Testers,115253,IV,RI,1
MPHASIS,FY2026_Q1,Mphasis Corporation,Certified,H-1B,Software Engineer,Computer Programmers,126440,II,DE,1
INFY,FY2026_Q1,INFOSYS LIMITED,Certified,H-1B,Architecture Consultant 2,Computer Systems Engineers/Architects,89773,II,NJ,1
TCS,FY2026_Q1,TATA CONSULTANCY SERVICES LIMITED,Certified,H-1B,ANALYST - TESTING,Software Quality Assurance Analysts and Testers,82347,II,GA,1
HCLTECH,FY2026_Q1,HCL AMERICA INC,Certified,H-1B,Product Specialist,Computer Systems Engineers/Architects,122179,III,TX,1
CTSH,FY2026_Q1,COGNIZANT TECHNOLOGY SOLUTIONS US CORP,Certified,H-1B,Manager JC50 - Computer Systems Engineers/Architects,Computer Systems Engineers/Architects,90106,III,IN,1
INFY,FY2026_Q1,INFOSYS LIMITED,Certified,H-1B,Technology Project Lead 1,Information Technology Project Managers,60403,II,FL,5
INFY,FY2026_Q1,INFOSYS LIMITED,Certified,H-1B,Infrastructure Project Lead 1,Information Technology Project Managers,72779,II,NY,5
HCLTECH,FY2026_Q1,HCL AMERICA INC,Certified,H-1B,Sr Project Manager,Information Technology Project Managers,127070,III,FL,1
LTIM,FY2026_Q1,LTIMindtree Limited,Certified,H-1B,Computer Systems Engineer/Architect,Computer Systems Engineers/Architects,115627,III,MA,1
INFY,FY2026_Q1,INFOSYS LIMITED,Certified,H-1B,Package Consultant 2,Computer Systems Analysts,92248,II,TX,5
INFY,FY2026_Q1,INFOSYS LIMITED,Certified,H-1B,Technology Project Lead 2,Information Technology Project Managers,118456,III,TX,5
INFY,FY2026_Q1,INFOSYS LIMITED,Certified,H-1B,Technology Consultant 2,Computer Systems Engineers/Architects,81765,II,CT,5
INFY,FY2026_Q1,INFOSYS LIMITED,Certified,H-1B,Technology Consultant 2,Computer Systems Engineers/Architects,92581,II,TX,5
INFY,FY2026_Q1,INFOSYS LIMITED,Certified,H-1B,Technology Project Lead 1,Information Technology Project Managers,92581,II,TX,1
TCS,FY2026_Q1,Tata Consultancy Services Limited,Certified,H-1B,Architect,Computer Systems Engineers/Architects,82846,II,IL,1
CAP,FY2026_Q1,Capgemini America Inc,Certified,H-1B,Programmer/ Developer 2,Computer Programmers,100610,II,AR,1
IBM,FY2026_Q1,IBM Corporation,Certified,H-1B,Software Developer,Software Developers,116709,II,NC,1
INFY,FY2026_Q1,INFOSYS LIMITED,Certified,H-1B,Architecture Consultant 2,Computer Systems Engineers/Architects,92394,II,PA,5
INFY,FY2026_Q1,INFOSYS LIMITED,Certified,H-1B,Architecture Consultant 2,Computer Systems Engineers/Architects,92581,II,TX,5
CAP,FY2026_Q1,Capgemini America Inc,Certified,H-1B,Solution Architect 4,Software Developers,188400,IV,IL,1
HCLTECH,FY2026_Q1,HCL AMERICA INC,Certified,H-1B,Senior Project Manager,Information Technology Project Managers,108514,III,GA,1
CTSH,FY2026_Q1,COGNIZANT TECHNOLOGY SOLUTIONS US CORP,Certified,H-1B,Manager JC50 - Computer Systems Engineers/Architects,Computer Systems Engineers/Architects,100090,III,IN,1
CTSH,FY2026_Q1,COGNIZANT TECHNOLOGY SOLUTIONS US CORP,Certified,H-1B,Manager JC50 - Computer Systems Engineers/Architects,Computer Systems Engineers/Architects,113797,III,NC,1
INFY,FY2026_Q1,INFOSYS LIMITED,Certified,H-1B,Domain Project Lead 2,Project Management Specialists,112341,III,CA,1
INFY,FY2026_Q1,INFOSYS LIMITED,Certified,H-1B,Package Consultant 2,Computer Systems Engineers/Architects,86445,II,GA,5
LTIM,FY2026_Q1,LTIMindtree Limited,Certified,H-1B,Software Developer,Software Developers,131997,II,NJ,1
MPHASIS,FY2026_Q1,Mphasis Corporation,Certified,H-1B,Software Engineer,Computer Programmers,140000,II,TX,1
INFY,FY2026_Q1,INFOSYS LIMITED,Certified,H-1B,Process Consultant 3,Management Analysts,110302,III,TX,5
INFY,FY2026_Q1,INFOSYS LIMITED,Certified,H-1B,Technology Consultant 3,Computer Systems Engineers/Architects,107640,III,IL,1
INFY,FY2026_Q1,INFOSYS LIMITED,Certified,H-1B,Technology Project Lead 2,Information Technology Project Managers,109533,III,OH,5
TCS,FY2026_Q1,TATA CONSULTANCY SERVICES LIMITED,Certified,H-1B,ARCHITECT,Computer Systems Engineers/Architects,94682,II,NJ,1
TECHM,FY2026_Q1,"TECH MAHINDRA (AMERICAS), INC",Certified,H-1B,Software Engineer,Software Developers,112924,II,TX,1
INFY,FY2026_Q1,INFOSYS LIMITED,Certified,H-1B,Architecture Consultant 3,Computer Systems Engineers/Architects,108514,III,GA,5
INFY,FY2026_Q1,INFOSYS LIMITED,Certified,H-1B,Technology Consultant 3,Computer Systems Engineers/Architects,115835,III,CA,5
HCLTECH,FY2026_Q1,HCL AMERICA INC,Certified,H-1B,Senior Test Manager,Information Technology Project Managers,126818,III,NJ,1
INFY,FY2026_Q1,INFOSYS LIMITED,Certified,H-1B,Technology Consultant 2,Computer Systems Engineers/Architects,94952,II,NC,1
CAP,FY2026_Q1,Capgemini America Inc,Certified,H-1B,Applications Consultant 3,Software Developers,135408,III,NC,1
TCS,FY2026_Q1,TATA CONSULTANCY SERVICES LIMITED,Certified,H-1B,User Interface Designer,Web and Digital Interface Designers,76170,II,OH,1
HCLTECH,FY2026_Q1,HCL AMERICA INC,Certified,H-1B,Tower Lead (Support & Operations),Information Technology Project Managers,126818,III,NJ,1
IBM,FY2026_Q1,IBM Corporation,Certified,H-1B,Package Specialist,Software Quality Assurance Analysts and Testers,167874,IV,TX,1
HCLTECH,FY2026_Q1,HCL AMERICA INC,Certified,H-1B,Test Lead,Software Quality Assurance Analysts and Testers,88546,III,KY,1
TCS,FY2026_Q1,Tata Consultancy Services Limited,Certified,H-1B,Analyst - Testing,Software Quality Assurance Analysts and Testers,85051,II,CA,1
INFY,FY2026_Q1,INFOSYS LIMITED,Certified,H-1B,Architecture Consultant 2,Computer Systems Engineers/Architects,139443,II,CA,5
LTIM,FY2026_Q1,LTIMindtree Limited,Certified,H-1B,Software Developer,Software Developers,131997,II,NJ,1
TCS,FY2026_Q1,TATA CONSULTANCY SERVICES LIMITED,Certified,H-1B,ARCHITECT,Computer Systems Engineers/Architects,110094,III,FL,1
INFY,FY2026_Q1,INFOSYS LIMITED,Certified,H-1B,Architecture Consultant 2,Computer Systems Engineers/Architects,92581,II,TX,5
INFY,FY2026_Q1,Platinum Infosys Inc,Certified,H-1B,Software Developer,Software Developers,113000,II,TX,1
INFY,FY2026_Q1,INFOSYS LIMITED,Certified,H-1B,Technology Consultant 3,Computer Systems Engineers/Architects,115835,III,CA,5
TCS,FY2026_Q1,Tata Consultancy Services Limited,Certified,H-1B,Network Administrator,Network and Computer Systems Administrators,84739,II,MN,1
HCLTECH,FY2026_Q1,HCL AMERICA INC,Certified,H-1B,Senior Technical Architect,Mechanical Engineers,121909,III,MA,1
INFY,FY2026_Q1,INFOSYS LIMITED,Certified,H-1B,Technology Project Lead 2,Information Technology Project Managers,107640,III,IL,5
CAP,FY2026_Q1,Capgemini America Inc,Certified,H-1B,Applications Consultant 3,Software Developers,140415,III,FL,1
CAP,FY2026_Q1,Capgemini America Inc,Certified,H-1B,Applications Consultant 3,Software Developers,133536,III,SC,1
CTSH,FY2026_Q1,COGNIZANT TECHNOLOGY SOLUTIONS US CORP,Certified,H-1B,Manager JC50 - Computer Systems Engineers/Architects,Computer Systems Engineers/Architects,99341,III,OH,1
CTSH,FY2026_Q1,COGNIZANT TECHNOLOGY SOLUTIONS US CORP,Certified,H-1B,Manager JC50 - Computer Systems Engineers/Architects,Computer Systems Engineers/Architects,113797,III,NC,1
ACN,FY2026_Q1,Accenture LLP,Certified,H-1B,Quality Engineering Associate Manager,Software Quality Assurance Analysts and Testers,108700,III,LA,1
IBM,FY2026_Q1,IBM Corporation,Certified,H-1B,Business Analyst,Computer Systems Analysts,129979,IV,NC,1
HCLTECH,FY2026_Q1,HCL AMERICA INC,Certified,H-1B,Sr Subject Matter Expert(Support&Ops),Computer Network Support Specialists,116000,III,GA,1
IBM,FY2026_Q1,IBM Corporation,Certified,H-1B,Application Developer,Software Developers,135408,III,NC,1
TCS,FY2026_Q1,Tata Consultancy Services Limited,Certified,H-1B,Analyst,Computer Systems Analysts,92248,II,TX,1
CTSH,FY2026_Q1,COGNIZANT TECHNOLOGY SOLUTIONS US CORP,Certified,H-1B,Manager JC50 - Computer Systems Engineers/Architects,Computer Systems Engineers/Architects,122866,III,CO,1
CTSH,FY2026_Q1,COGNIZANT TECHNOLOGY SOLUTIONS US CORP,Certified,H-1B,Manager JC50 - Database Administrators,Database Administrators,104250,III,CT,1
ACN,FY2026_Q1,Accenture LLP,Certified,H-1B,Quality Engineering Associate Manager,Software Quality Assurance Analysts and Testers,109600,III,AR,1
ACN,FY2026_Q1,Accenture LLP,Certified,H-1B,Quality Engineering Associate Manager,Software Quality Assurance Analysts and Testers,108700,III,LA,1
CTSH,FY2026_Q1,COGNIZANT TECHNOLOGY SOLUTIONS US CORP,Certified,H-1B,Manager JC50 - Database Administrators,Database Administrators,104250,III,CT,1
CTSH,FY2026_Q1,COGNIZANT TECHNOLOGY SOLUTIONS US CORP,Certified,H-1B,Senior Manager JC45 - Computer Systems Engineers/Architects,Computer Systems Engineers/Architects,132434,IV,IL,1
LTIM,FY2026_Q1,LTIMindtree Limited,Certified,H-1B,Computer Systems Analyst,Computer Systems Analysts,91874,II,FL,1
LTIM,FY2026_Q1,LTIMindtree Limited,Certified,H-1B,Computer Network Support Specialist,Computer Network Support Specialists,91582,II,WA,1
ACN,FY2026_Q1,Accenture LLP,Certified,H-1B,Quality Engineering Associate Manager,Software Quality Assurance Analysts and Testers,118200,III,TX,1
INFY,FY2026_Q1,INFOSYS LIMITED,Certified,H-1B,Product Project Lead 2,Information Technology Project Managers,118851,III,AZ,1
TCS,FY2026_Q1,TATA CONSULTANCY SERVICES LIMITED,Certified,H-1B,ARCHITECT,Computer Systems Engineers/Architects,90210,II,MN,1
CAP,FY2026_Q1,Capgemini America Inc,Certified,H-1B,Applications Consultant 3,Software Developers,130707,III,IL,1
IBM,FY2026_Q1,IBM Corporation,Certified,H-1B,Product Manager,Computer Systems Analysts,129979,IV,NC,1
CTSH,FY2026_Q1,COGNIZANT TECHNOLOGY SOLUTIONS US CORP,Certified,H-1B,Manager JC50 - Computer Systems Engineers/Architects,Computer Systems Engineers/Architects,122866,III,CO,1
WIT,FY2026_Q1,WIPRO LIMITED,Certified,H-1B,Domain Consultant L4,Management Analysts,112828,III,TX,1
INFY,FY2026_Q1,Platinum Infosys Inc,Certified,H-1B,Computer Programmer,Computer Programmers,95000,II,TX,1
WIT,FY2026_Q1,Wipro Pari Inc.,Certified,E-3 Australian,Junior Project Engineer,Mechatronics Engineers,73841,I,MI,1
MPHASIS,FY2026_Q1,Mphasis Corporation,Certified,H-1B,IT Project Manager,Information Technology Project Managers,95000,II,TX,1
TCS,FY2026_Q1,TATA CONSULTANCY SERVICES LIMITED,Certified,H-1B,ARCHITECT,Computer Systems Engineers/Architects,93538,II,AZ,1
TCS,FY2026_Q1,Tata Consultancy Services Limited,Certified,H-1B,Software Developer,Software Developers,113547,II,NC,1
INFY,FY2026_Q1,INFOSYS LIMITED,Certified,H-1B,Technology Project Lead 2,Information Technology Project Managers,126818,III,NY,5
INFY,FY2026_Q1,INFOSYS LIMITED,Certified,H-1B,Infrastructure Consultant 2,Network and Computer Systems Administrators,85800,II,NC,5
HCLTECH,FY2026_Q1,HCL AMERICA INC,Certified,H-1B,Senior Technical Manager,Information Technology Project Managers,139500,II,IL,1
TCS,FY2026_Q1,TATA CONSULTANCY SERVICES LIMITED,Certified,H-1B,Architect,Computer Systems Engineers/Architects,82846,II,IL,1
INFY,FY2026_Q1,INFOSYS LIMITED,Certified,H-1B,Technology Project Lead 2,Information Technology Project Managers,100090,III,IN,5
HCLTECH,FY2026_Q1,HCL AMERICA INC,Certified,H-1B,Technical Lead,Computer Programmers,118654,III,VA,1
TECHM,FY2026_Q1,"TECH MAHINDRA (AMERICAS), INC",Certified,H-1B,Network Administrator,Network and Computer Systems Administrators,80080,II,IN,1
TCS,FY2026_Q1,TATA CONSULTANCY SERVICES LIMITED,Certified,H-1B,Architect,Computer Systems Engineers/Architects,94266,II,OH,1
MPHASIS,FY2026_Q1,Mphasis Corporation,Certified,H-1B,Test Engineer,Software Quality Assurance Analysts and Testers,105000,II,TN,1
INFY,FY2026_Q1,INFOSYS LIMITED,Certified,H-1B,Technology Consultant 2,Computer Systems Engineers/Architects,86798,II,NC,1
LTIM,FY2026_Q1,LTIMindtree Limited,Certified,H-1B,Information Technology Project Manager,Information Technology Project Managers,92581,II,TX,1
TECHM,FY2026_Q1,"TECH MAHINDRA (AMERICAS), INC",Certified,H-1B,Project Manager,Project Management Specialists,101317,II,WA,1
HCLTECH,FY2026_Q1,HCL GLOBAL SYSTEMS INC,Certified,H-1B,APPLICATION PERFORMANCE ENGINEER,Software Developers,110947,II,FL,1
TCS,FY2026_Q1,TATA CONSULTANCY SERVICES LIMITED,Certified,H-1B,DEVELOPER,Computer Programmers,85800,II,GA,1
INFY,FY2026_Q1,INFOSYS LIMITED,Certified,H-1B,Technology Consultant 2,Computer Systems Engineers/Architects,93538,II,AZ,5
LTIM,FY2026_Q1,LTIMindtree Limited,Certified,H-1B,Associate Principal - Software Engineering,Software Developers,108077,II,IL,1
TECHM,FY2026_Q1,"TECH MAHINDRA (AMERICAS), INC",Certified,H-1B,Systems Analyst,Computer Systems Analysts,98925,II,TX,1
CTSH,FY2026_Q1,COGNIZANT TECHNOLOGY SOLUTIONS US CORP,Certified,H-1B,Senior Manager JC45 - Computer Systems Engineers/Architects,Computer Systems Engineers/Architects,135512,IV,TX,1
INFY,FY2026_Q1,INFOSYS LIMITED,Certified,H-1B,Domain Consultant 2,Management Analysts,90230,II,AZ,5
MPHASIS,FY2026_Q1,Mphasis Corporation,Certified,H-1B,Software Engineer,Computer Programmers,105000,II,TX,1
DXC,FY2026_Q1,"AvidXchange, Inc.",Certified,H-1B,Software Engineer II,Software Developers,130000,II,NC,1
INFY,FY2026_Q1,INFOSYS LIMITED,Certified,H-1B,Package Consultant 2,Computer Systems Engineers/Architects,86445,II,GA,5
G,FY2026_Q1,Genpact LLC,Certified,H-1B,Principal Consultant,Software Developers,139320,III,AR,1
CTSH,FY2026_Q1,COGNIZANT TECHNOLOGY SOLUTIONS US CORP,Certified,H-1B,Associate Director JC40 - Software Developers,Software Developers,153317,IV,IL,1
HCLTECH,FY2026_Q1,HCL AMERICA INC,Certified,H-1B,Sr Subject Matter Expert,Information Technology Project Managers,140000,III,TX,1
INFY,FY2026_Q1,INFOSYS LIMITED,Certified,H-1B,Architecture Consultant 2,Computer Systems Engineers/Architects,92581,II,TX,5
ACN,FY2026_Q1,Accenture LLP,Certified,H-1B,Packaged App Development Assoc Manager,Computer Systems Analysts,128600,III,WI,1
CTSH,FY2026_Q1,COGNIZANT TECHNOLOGY SOLUTIONS US CORP,Certified,H-1B,Senior Manager JC45 - Computer Systems Engineers/Architects,Computer Systems Engineers/Architects,114712,IV,CT,1
INFY,FY2026_Q1,INFOSYS LIMITED,Certified,H-1B,Technology Consultant 2,Computer Systems Engineers/Architects,94952,II,NC,1
WIT,FY2026_Q1,WIPRO LIMITED,Certified,H-1B,Techno Functional Consultant L2,Computer Systems Analysts,143163,II,TX,1
HCLTECH,FY2026_Q1,TechClub Inc.,Certified,H-1B,Oracle CPQ “ APEX Technical Consultant,Software Developers,103000,II,LA,1
HCLTECH,FY2026_Q1,HCL AMERICA INC,Certified,H-1B,Test Lead,Software Quality Assurance Analysts and Testers,88546,III,KY,1
IBM,FY2026_Q1,IBM Corporation,Certified,H-1B,Application Developer,Software Developers,109283,II,GA,1
CAP,FY2026_Q1,Capgemini America Inc,Certified,H-1B,Applications Consultant 3,Software Developers,160805,III,NY,1
INFY,FY2026_Q1,INFOSYS LIMITED,Certified,H-1B,Technology Consultant 2,Computer Systems Engineers/Architects,90605,II,TX,5
INFY,FY2026_Q1,INFOSYS LIMITED,Certified,H-1B,Package Consultant 2,Computer Systems Engineers/Architects,97718,II,OR,1
CAP,FY2026_Q1,Capgemini America Inc,Certified,H-1B,Applications Consultant 2,Software Developers,112424,II,NC,1
INFY,FY2026_Q1,INFOSYS LIMITED,Certified,H-1B,Technology Consultant 2,Computer Systems Engineers/Architects,111550,II,WA,1
CTSH,FY2026_Q1,COGNIZANT TECHNOLOGY SOLUTIONS US CORP,Certified,H-1B,Senior Manager JC45 - Computer Systems Engineers/Architects,Computer Systems Engineers/Architects,140795,IV,NC,1
INFY,FY2026_Q1,INFOSYS LIMITED,Certified,H-1B,Package Consultant 2,Computer Systems Analysts,85238,II,OH,5
LTIM,FY2026_Q1,LTIMindtree Limited,Certified,H-1B,Senior Specialist - Program & Project Management,Information Technology Project Managers,86403,II,CA,1
TCS,FY2026_Q1,TATA CONSULTANCY SERVICES LIMITED,Certified,H-1B,Technical Lead,Information Technology Project Managers,97469,III,OH,1
TECHM,FY2026_Q1,"TECH MAHINDRA (AMERICAS), INC",Certified,H-1B,Technical Consultant,Software Developers,98700,II,IN,1
CTSH,FY2026_Q1,COGNIZANT TECHNOLOGY SOLUTIONS US CORP,Certified,H-1B,Manager JC50 - Computer Systems Engineers/Architects,Computer Systems Engineers/Architects,118456,III,TX,1
MPHASIS,FY2026_Q1,Mphasis Corporation,Certified,H-1B,Data Analyst,Computer Systems Analysts,125000,II,NJ,1
MPHASIS,FY2026_Q1,Mphasis Corporation,Certified,H-1B,Software Engineer,Computer Programmers,81400,II,NC,1
INFY,FY2026_Q1,INFOSYS LIMITED,Certified,H-1B,Package Consultant 2,Computer Systems Engineers/Architects,92581,II,TX,1
ACN,FY2026_Q1,Accenture LLP,Certified,H-1B,Packaged App Development Assoc Manager,Computer Systems Analysts,128600,III,MN,1
CTSH,FY2026_Q1,COGNIZANT TECHNOLOGY SOLUTIONS US CORP,Certified,H-1B,Manager JC50 - Computer Systems Engineers/Architects,Computer Systems Engineers/Architects,150405,III,CA,1
WIT,FY2026_Q1,WIPRO LIMITED,Certified,H-1B,Techno Functional Consultant L1,Computer Systems Analysts,108000,II,TX,1
CTSH,FY2026_Q1,COGNIZANT TECHNOLOGY SOLUTIONS US CORP,Certified,H-1B,Associate Director JC40 - Software Developers,Software Developers,153317,IV,IL,1
IBM,FY2026_Q1,IBM Corporation,Certified,H-1B,Business Analyst,Management Analysts,92581,II,NC,1
INFY,FY2026_Q1,INFOSYS LIMITED,Certified,H-1B,Technology Consultant 2,Computer Systems Engineers/Architects,111550,II,WA,1
IBM,FY2026_Q1,IBM Corporation,Certified,H-1B,Application Developer,Software Developers,113547,II,NC,1
CTSH,FY2026_Q1,COGNIZANT TECHNOLOGY SOLUTIONS US CORP,Certified,H-1B,Senior Manager JC45 - Database Architects,Database Architects,140234,IV,IA,1
INFY,FY2026_Q1,INFOSYS LIMITED,Certified,H-1B,Technology Consultant 2,Computer Systems Engineers/Architects,81765,II,CT,1
INFY,FY2026_Q1,INFOSYS LIMITED,Certified,H-1B,Package Project Lead 2,Information Technology Project Managers,110094,III,FL,5
INFY,FY2026_Q1,INFOSYS LIMITED,Certified,H-1B,Architecture Consultant 3,Computer Systems Engineers/Architects,118456,III,TX,5
CTSH,FY2026_Q1,COGNIZANT TECHNOLOGY SOLUTIONS US CORP,Certified,H-1B,SA JC60 - Software Quality Assurance Analysts and Testers,Software Quality Assurance Analysts and Testers,82347,II,GA,1
CAP,FY2026_Q1,Capgemini America Inc,Certified,H-1B,Applications Consultant 2,Software Developers,132500,II,OH,1
CAP,FY2026_Q1,Capgemini America Inc,Certified,H-1B,Test Consultant 3,Software Quality Assurance Analysts and Testers,105319,III,GA,1
CAP,FY2026_Q1,"Capgemini America, Inc.",Certified,H-1B,Test Consultant 3,Software Quality Assurance Analysts and Testers,130412,III,WI,1
ACN,FY2026_Q1,Accenture LLP,Certified,H-1B,Quality Engineering Arch Specialist,Computer Systems Analysts,128600,III,MN,1
CTSH,FY2026_Q1,COGNIZANT TECHNOLOGY SOLUTIONS US CORP,Certified,H-1B,Senior Manager JC45 - Computer Systems Engineers/Architects,Computer Systems Engineers/Architects,163363,IV,MD,1
CTSH,FY2026_Q1,COGNIZANT TECHNOLOGY SOLUTIONS US CORP,Certified,H-1B,Manager JC50 - Computer Systems Engineers/Architects,Computer Systems Engineers/Architects,117582,III,NJ,1
INFY,FY2026_Q1,INFOSYS LIMITED,Certified,H-1B,Technology Project Lead 2,Information Technology Project Managers,126818,III,NJ,5
HCLTECH,FY2026_Q1,HCL AMERICA INC,Certified,H-1B,Senior Test Lead,Software Quality Assurance Analysts and Testers,98134,III,TX,1
INFY,FY2026_Q1,INFOSYS LIMITED,Certified,H-1B,Technology Project Lead 2,Information Technology Project Managers,113797,III,NC,5
TCS,FY2026_Q1,TATA CONSULTANCY SERVICES LIMITED,Certified,H-1B,SOFTWARE DEVELOPER,Software Developers,109283,II,GA,1
HCLTECH,FY2026_Q1,HCL AMERICA INC,Certified,H-1B,Lead Consultant,Computer Systems Engineers/Architects,111862,III,TX,1
CTSH,FY2026_Q1,COGNIZANT TECHNOLOGY SOLUTIONS US CORP,Certified,H-1B,SA JC60 - Software Quality Assurance Analysts and Testers,Software Quality Assurance Analysts and Testers,82347,II,GA,1
MPHASIS,FY2026_Q1,Mphasis Corporation,Certified,H-1B,Software Engineer,Computer Programmers,120000,II,OH,1
LTIM,FY2026_Q1,LTIMindtree Limited,Certified,H-1B,Computer Systems Engineer/Architect,Computer Systems Engineers/Architects,92581,II,TX,1
TCS,FY2026_Q1,TATA CONSULTANCY SERVICES LIMITED,Certified,H-1B,ANALYST,Computer Systems Analysts,73507,II,KY,1
CAP,FY2026_Q1,Capgemini America Inc,Certified,H-1B,Applications Consultant 2,Software Developers,114978,II,SC,1
WIT,FY2026_Q1,WIPRO LIMITED,Certified,H-1B,Application Architect L1,Computer Systems Engineers/Architects,125000,II,NC,1
CTSH,FY2026_Q1,COGNIZANT TECHNOLOGY SOLUTIONS US CORP,Certified,H-1B,Sr Mgr JC45-Software Quality Assurance Analysts and Testers,Software Quality Assurance Analysts and Testers,115253,IV,RI,1
INFY,FY2026_Q1,INFOSYS LIMITED,Certified,H-1B,Technology Project Lead 1,Information Technology Project Managers,88421,II,CA,5
CTSH,FY2026_Q1,COGNIZANT TECHNOLOGY SOLUTIONS US CORP,Certified,H-1B,Manager JC50 - Computer Systems Engineers/Architects,Computer Systems Engineers/Architects,118456,III,TX,1
LTIM,FY2026_Q1,LTIMindtree Limited,Certified,H-1B,Computer Systems Analyst,Computer Systems Analysts,96200,II,TX,1
HCLTECH,FY2026_Q1,HCL GLOBAL SYSTEMS INC,Certified,H-1B,SOFTWARE ENGINEER,Computer Systems Engineers/Architects,126256,III,NC,1
CTSH,FY2026_Q1,COGNIZANT TECHNOLOGY SOLUTIONS US CORP,Certified,H-1B,Manager JC50 - Computer Systems Engineers/Architects,Computer Systems Engineers/Architects,108514,III,GA,1
MPHASIS,FY2026_Q1,Mphasis Corporation,Certified,H-1B,Software Engineer,Computer Programmers,126440,II,DE,1
CTSH,FY2026_Q1,COGNIZANT TECHNOLOGY SOLUTIONS US CORP,Certified,H-1B,Manager JC50 - Computer Systems Engineers/Architects,Computer Systems Engineers/Architects,126818,III,NJ,1
MPHASIS,FY2026_Q1,Mphasis Corporation,Certified,H-1B,Software Engineer,Computer Programmers,122664,III,DE,1
INFY,FY2026_Q1,INFOSYS LIMITED,Certified,H-1B,Technology Project Lead 2,Information Technology Project Managers,108514,III,GA,5
G,FY2026_Q1,Genpact LLC,Certified,H-1B,Principal Consultant,Software Quality Assurance Analysts and Testers,125000,II,WI,1
INFY,FY2026_Q1,"PROSPECT INFOSYSTEM, INC.",Certified,H-1B,.NET Developer,Software Developers,97000,II,KY,1
IBM,FY2026_Q1,IBM Corporation,Certified,H-1B,Process Excellence & Transformation Professional,Human Resources Specialists,88546,IV,SC,1
MPHASIS,FY2026_Q1,Mphasis Corporation,Certified,H-1B,Software Engineer,Computer Programmers,79540,II,AZ,1
INFY,FY2026_Q1,INFOSYS LIMITED,Certified,H-1B,Architecture Consultant 2,Computer Systems Engineers/Architects,139443,II,CA,5
HCLTECH,FY2026_Q1,HCL AMERICA INC,Certified,H-1B,Program Director,Information Technology Project Managers,144144,IV,AZ,1
INFY,FY2026_Q1,INFOSYS LIMITED,Certified,H-1B,Technology Consultant 2,Computer Systems Engineers/Architects,86403,II,CA,5
MPHASIS,FY2026_Q1,Mphasis Corporation,Certified,H-1B,Data Analyst,Computer Systems Analysts,125000,II,NJ,1
IBM,FY2026_Q1,IBM Corporation,Certified,H-1B,Software Developer,Software Developers,139214,III,NC,1
IBM,FY2026_Q1,IBM Corporation,Certified,H-1B,Software Developer,Software Developers,133536,III,SC,1
CTSH,FY2026_Q1,COGNIZANT TECHNOLOGY SOLUTIONS US CORP,Certified,H-1B,SA JC60 - Software Quality Assurance Analysts and Testers,Software Quality Assurance Analysts and Testers,84178,II,CT,1
CTSH,FY2026_Q1,COGNIZANT TECHNOLOGY SOLUTIONS US CORP,Certified,H-1B,Senior Manager JC45 - Database Architects,Database Architects,142917,IV,IA,1
INFY,FY2026_Q1,INFOSYS LIMITED,Certified,H-1B,Technology Consultant 2,Computer Systems Engineers/Architects,92581,II,TX,5
LTIM,FY2026_Q1,LTIMindtree Limited,Certified,H-1B,Specialist - Data Engineering,Computer Systems Analysts,120000,II,GA,1
TCS,FY2026_Q1,TATA CONSULTANCY SERVICES LIMITED,Certified,H-1B,Architect,Computer Systems Engineers/Architects,86403,II,CA,1
INFY,FY2026_Q1,INFOSYS LIMITED,Certified,H-1B,Package Project Lead 1,Information Technology Project Managers,74838,II,IN,5
MPHASIS,FY2026_Q1,Mphasis Corporation,Certified,H-1B,Software Programmer II,Computer Programmers,96174,II,TX,1
TCS,FY2026_Q1,TATA CONSULTANCY SERVICES LIMITED,Certified,H-1B,Developer,Computer Programmers,94848,II,TX,1
MPHASIS,FY2026_Q1,Mphasis Corporation,Certified,H-1B,Software Engineer,Computer Programmers,160000,II,NJ,1
INFY,FY2026_Q1,INFOSYS LIMITED,Certified,H-1B,Technology Project Lead 1,Information Technology Project Managers,60000,II,AR,5
TCS,FY2026_Q1,TATA CONSULTANCY SERVICES LIMITED,Certified,H-1B,User Interface Designer,Web and Digital Interface Designers,72904,II,OH,1
WIT,FY2026_Q1,WIPRO LIMITED,Certified,H-1B,Technology Architect L1,Computer Systems Engineers/Architects,175000,II,CO,1
HCLTECH,FY2026_Q1,HCL AMERICA INC,Certified,H-1B,Solution Architect,Computer Systems Engineers/Architects,157560,IV,NC,1
LTIM,FY2026_Q1,LTIMindtree Limited,Certified,H-1B,Information Security Analyst,Information Security Analysts,87901,II,KS,1
MPHASIS,FY2026_Q1,Mphasis Corporation,Certified,H-1B,Software Engineer,Computer Programmers,145000,II,GA,1
LTIM,FY2026_Q1,LTIMindtree Limited,Certified,H-1B,Computer Systems Engineer/Architect,Computer Systems Engineers/Architects,69451,II,WI,1
CTSH,FY2026_Q1,COGNIZANT TECHNOLOGY SOLUTIONS US CORP,Certified,H-1B,SA JC60 - Software Quality Assurance Analysts and Testers,Software Quality Assurance Analysts and Testers,102086,II,NY,1
INFY,FY2026_Q1,INFOSYS LIMITED,Certified,H-1B,Package Consultant 2,Computer Systems Analysts,92248,II,TX,1
MPHASIS,FY2026_Q1,Mphasis Corporation ,Certified,H-1B,IT Project Manager II,Information Technology Project Managers,132404,II,PA,1
INFY,FY2026_Q1,INFOSYS LIMITED,Certified,H-1B,Senior Principal - Business Consulting,Management Analysts,140712,IV,NC,5
HCLTECH,FY2026_Q1,HCL AMERICA INC,Certified,H-1B,Senior Project Manager,Information Technology Project Managers,128419,III,MD,1
WIT,FY2026_Q1,WIPRO LIMITED,Certified,H-1B,Technology Architect L2,Computer Systems Engineers/Architects,160000,III,TX,1
TCS,FY2026_Q1,Tata Consultancy Services Limited,Certified,H-1B,Developer,Computer Programmers,86653,II,NJ,1
DXC,FY2026_Q1,"AvidXchange, Inc.",Withdrawn,H-1B,Software Engineer II,Software Developers,130500,II,NC,1
HCLTECH,FY2026_Q1,HCL AMERICA INC,Certified,H-1B,Business Specialist,Computer Systems Engineers/Architects,135000,III,PA,1
WIT,FY2026_Q1,WIPRO LIMITED,Certified,H-1B,Project Lead L1,Information Technology Project Managers,92581,II,TX,1
INFY,FY2026_Q1,INFOSYS LIMITED,Certified,H-1B,Process Project Lead 1,Project Management Specialists,89856,II,IL,1
CTSH,FY2026_Q1,COGNIZANT TECHNOLOGY SOLUTIONS US CORP,Certified,H-1B,Senior Manager JC45 - Computer Systems Engineers/Architects,Computer Systems Engineers/Architects,144144,IV,AZ,1
CAP,FY2026_Q1,Capgemini America Inc,Certified,H-1B,Applications Consultant 3,Software Developers,135000,III,IL,1
CAP,FY2026_Q1,Capgemini America Inc,Certified,H-1B,Applications Consultant 4,Software Developers,182954,IV,NC,1
HCLTECH,FY2026_Q1,HCL AMERICA INC,Certified,H-1B,Talent Segment Training Lead,Human Resources Specialists,98758,III,WA,1
TCS,FY2026_Q1,Tata Consultancy Services Limited,Certified,H-1B,Analyst,Computer Systems Analysts,98925,II,TX,1
HCLTECH,FY2026_Q1,TechClub Inc.,Certified,H-1B,Java Developer,Software Developers,106080,II,TX,1
CAP,FY2026_Q1,Capgemini America Inc,Certified,H-1B,Applications Consultant 3,Software Developers,161720,III,CT,1
CAP,FY2026_Q1,Capgemini America Inc,Certified,H-1B,Applications Consultant 3,Software Developers,117300,III,WI,1
LTIM,FY2026_Q1,LTIMindtree Limited,Certified,H-1B,Data Scientists,Data Scientists,96929,II,IL,1
CTSH,FY2026_Q1,COGNIZANT TECHNOLOGY SOLUTIONS US CORP,Certified,H-1B,Manager JC50 - Computer Systems Engineers/Architects,Computer Systems Engineers/Architects,110157,III,MN,1
CTSH,FY2026_Q1,COGNIZANT TECHNOLOGY SOLUTIONS US CORP,Certified,H-1B,Mgr. JC50 - Software Quality Assurance Analysts and Testers,Software Quality Assurance Analysts and Testers,110198,III,TX,1
CTSH,FY2026_Q1,COGNIZANT TECHNOLOGY SOLUTIONS US CORP,Certified,H-1B,AD JC40 - Computer Systems Engineers/Architects,Computer Systems Engineers/Architects,144144,IV,AZ,1
CTSH,FY2026_Q1,COGNIZANT TECHNOLOGY SOLUTIONS US CORP,Certified,H-1B,Senior Manager JC45 - Computer Systems Engineers/Architects,Computer Systems Engineers/Architects,144310,IV,TX,1
MPHASIS,FY2026_Q1,Mphasis Corporation,Certified,H-1B,Software Engineer,Software Developers,125000,II,FL,1
CTSH,FY2026_Q1,COGNIZANT TECHNOLOGY SOLUTIONS US CORP,Certified,H-1B,Mgr. JC50 - Software Quality Assurance Analysts and Testers,Software Quality Assurance Analysts and Testers,104728,III,IL,1
INFY,FY2026_Q1,INFOSYS LIMITED,Certified,H-1B,Infrastructure Project Lead 1,Information Technology Project Managers,97718,II,OR,1
CTSH,FY2026_Q1,COGNIZANT TECHNOLOGY SOLUTIONS US CORP,Certified,H-1B,Senior Associate JC60 -Computer Systems Engineers/Architects,Computer Systems Engineers/Architects,86798,II,NC,1
MPHASIS,FY2026_Q1,Mphasis Corporation,Certified,H-1B,Software Engineer,Computer Programmers,145000,II,GA,1
MPHASIS,FY2026_Q1,Mphasis Corporation,Certified,H-1B,Software Engineer,Computer Programmers,120000,II,NC,1
CTSH,FY2026_Q1,COGNIZANT TECHNOLOGY SOLUTIONS US CORP,Certified,H-1B,Senior Manager JC45 - Computer Systems Engineers/Architects,Computer Systems Engineers/Architects,128877,IV,MI,1
CTSH,FY2026_Q1,COGNIZANT TECHNOLOGY SOLUTIONS US CORP,Certified,H-1B,Manager JC50 - Computer Systems Engineers/Architects,Computer Systems Engineers/Architects,150405,III,CA,1
TCS,FY2026_Q1,Tata Consultancy Services Limited,Certified,H-1B,Developer,Computer Programmers,98946,III,TX,1
MPHASIS,FY2026_Q1,Mphasis Corporation,Certified,H-1B,Software Engineer,Software Developers,125000,II,NE,1
CTSH,FY2026_Q1,COGNIZANT TECHNOLOGY SOLUTIONS US CORP,Certified,H-1B,Senior Manager JC45 - Computer Systems Engineers/Architects,Computer Systems Engineers/Architects,144144,IV,AZ,1
INFY,FY2026_Q1,INFOSYS LIMITED,Certified,H-1B,Technology Consultant 2,Computer Systems Engineers/Architects,93538,II,AZ,1
CAP,FY2026_Q1,Capgemini America Inc,Certified,H-1B,Test Consultant 2,Software Quality Assurance Analysts and Testers,107100,II,TX,1
INFY,FY2026_Q1,INFOSYS LIMITED,Certified,H-1B,Architecture Consultant 2,Computer Systems Engineers/Architects,92581,II,TX,1
CTSH,FY2026_Q1,COGNIZANT TECHNOLOGY SOLUTIONS US CORP,Certified,H-1B,Mgr. JC50 - Software Quality Assurance Analysts and Testers,Software Quality Assurance Analysts and Testers,110198,III,TX,1
TCS,FY2026_Q1,Tata Consultancy Services Limited,Certified,H-1B,User Interface Designer,Web and Digital Interface Designers,75150,II,IL,1
HCLTECH,FY2026_Q1,HCL GLOBAL SYSTEMS INC,Certified,H-1B,SR. MULESOFT ENGINEER,Computer Systems Engineers/Architects,126818,III,NJ,1
HCLTECH,FY2026_Q1,HCL AMERICA INC,Certified,H-1B,Lead Business Analyst,Computer Systems Engineers/Architects,122637,III,OR,1
CTSH,FY2026_Q1,COGNIZANT TECHNOLOGY SOLUTIONS US CORP,Certified,H-1B,Mgr. JC50 - Software Quality Assurance Analysts and Testers,Software Quality Assurance Analysts and Testers,110198,III,TX,1
TCS,FY2026_Q1,Tata Consultancy Services Limited,Certified,H-1B,Software Developer,Software Developers,105976,II,TX,1
CTSH,FY2026_Q1,COGNIZANT TECHNOLOGY SOLUTIONS US CORP,Certified,H-1B,Manager JC50 - Computer Systems Engineers/Architects,Computer Systems Engineers/Architects,115627,III,NH,1
LTIM,FY2026_Q1,LTIMindtree Limited,Certified,H-1B,Computer Systems Engineers/Architects,Computer Systems Engineers/Architects,79499,II,OH,1
LTIM,FY2026_Q1,LTIMindtree Limited,Certified,H-1B,Senior Specialist - Package Implementation,Management Analysts,145000,II,NJ,1
CTSH,FY2026_Q1,COGNIZANT TECHNOLOGY SOLUTIONS US CORP,Certified,H-1B,Manager JC50 - Computer Systems Engineers/Architects,Computer Systems Engineers/Architects,119933,III,TX,1
LTIM,FY2026_Q1,LTIMindtree Limited,Certified,H-1B,Computer Systems Engineers/Architect,Computer Systems Engineers/Architects,119933,III,TX,1
TECHM,FY2026_Q1,"TECH MAHINDRA (AMERICAS), INC",Certified,H-1B,Software Quality Assurance Engineer,Software Quality Assurance Analysts and Testers,114547,II,WA,1
CTSH,FY2026_Q1,COGNIZANT TECHNOLOGY SOLUTIONS US CORP,Certified,H-1B,Senior Manager JC45 - Computer Systems Engineers/Architects,Computer Systems Engineers/Architects,144310,IV,TX,1
MPHASIS,FY2026_Q1,Mphasis Corporation,Certified,H-1B,Software Engineer,Software Developers,110947,II,FL,1
CTSH,FY2026_Q1,COGNIZANT TECHNOLOGY SOLUTIONS US CORP,Certified,H-1B,Senior Manager JC45 - Computer Systems Engineers/Architects,Computer Systems Engineers/Architects,144310,IV,TX,1
CAP,FY2026_Q1,Capgemini America Inc,Certified,H-1B,Solution Architect 3,Software Developers,156825,III,TX,1
CTSH,FY2026_Q1,COGNIZANT TECHNOLOGY SOLUTIONS US CORP,Certified,H-1B,Manager JC50 - Computer Systems Engineers/Architects,Computer Systems Engineers/Architects,118456,III,TX,1
INFY,FY2026_Q1,INFOSYS LIMITED,Certified,H-1B,Technology Project Lead 1,Information Technology Project Managers,82846,II,IL,1
TCS,FY2026_Q1,Tata Consultancy Services Limited,Certified,H-1B,Architect,Computer Systems Engineers/Architects,82846,II,IL,1
CTSH,FY2026_Q1,COGNIZANT TECHNOLOGY SOLUTIONS US CORP,Certified,H-1B,Manager JC50 - Computer Systems Engineers/Architects,Computer Systems Engineers/Architects,101504,III,MO,1
HCLTECH,FY2026_Q1,HCL AMERICA INC,Certified,H-1B,Domain Consultant,Management Analysts,160000,IV,NC,1
MPHASIS,FY2026_Q1,Mphasis Corporation,Certified,H-1B,Software Engineer,Computer Programmers,120000,II,CA,1
WIT,FY2026_Q1,WIPRO LIMITED,Certified,H-1B,Product Engineering Manager L1,Software Developers,131997,II,NJ,1
TCS,FY2026_Q1,TATA CONSULTANCY SERVICES LIMITED,Certified,H-1B,Analyst,Computer Systems Analysts,85238,II,OH,1
CTSH,FY2026_Q1,COGNIZANT TECHNOLOGY SOLUTIONS US CORP,Certified,H-1B,Mgr. JC50 - Software Quality Assurance Analysts and Testers,Software Quality Assurance Analysts and Testers,116126,III,CO,1
TECHM,FY2026_Q1,"TECH MAHINDRA (AMERICAS), INC",Certified,H-1B,Program Manager,Computer and Information Systems Managers,151507,II,TX,1
INFY,FY2026_Q1,INFOSYS LIMITED,Certified,H-1B,Technology Project Lead 1,Information Technology Project Managers,90605,II,TX,1
CTSH,FY2026_Q1,COGNIZANT TECHNOLOGY SOLUTIONS US CORP,Certified,H-1B,Manager JC50 - Computer Systems Engineers/Architects,Computer Systems Engineers/Architects,119933,III,TX,1
TECHM,FY2026_Q1,"TECH MAHINDRA (AMERICAS), INC",Certified,H-1B,"Software Developer, Systems Software",Software Developers,142057,II,TX,1
LTIM,FY2026_Q1,LTIMindtree Limited,Certified,H-1B,Senior Specialist - Quality Engineering,Software Quality Assurance Analysts and Testers,85030,II,NC,1
CTSH,FY2026_Q1,COGNIZANT TECHNOLOGY SOLUTIONS US CORP,Certified,H-1B,Manager JC50 - Computer Systems Engineers/Architects,Computer Systems Engineers/Architects,115627,III,NH,1
TCS,FY2026_Q1,TATA CONSULTANCY SERVICES LIMITED,Certified,H-1B,Architect,Computer Systems Engineers/Architects,94682,II,NJ,1
HCLTECH,FY2026_Q1,HCL GLOBAL SYSTEMS INC,Certified,H-1B,SOFTWARE ENGINEER,Software Developers,129667,II,CA,1
TCS,FY2026_Q1,TATA CONSULTANCY SERVICES LIMITED,Certified,H-1B,SYSTEM ADMINISTRATOR,Network and Computer Systems Administrators,82597,II,FL,1
CTSH,FY2026_Q1,COGNIZANT TECHNOLOGY SOLUTIONS US CORP,Certified,H-1B,Manager JC50 - Computer Systems Engineers/Architects,Computer Systems Engineers/Architects,110157,III,MN,1
WIT,FY2026_Q1,WIPRO LIMITED,Certified,H-1B,Technical Lead L1,Computer Programmers,115918,II,TX,1
LTIM,FY2026_Q1,LTIMindtree Limited,Certified,H-1B,Computer Programmer,Computer Programmers,95514,II,CT,1
CAP,FY2026_Q1,Capgemini America Inc,Certified,H-1B,Solution Architect 4,Software Developers,175044,IV,GA,1
TCS,FY2026_Q1,TATA CONSULTANCY SERVICES LIMITED,Certified,H-1B,Analyst,Computer Systems Analysts,86590,II,IN,1
CTSH,FY2026_Q1,COGNIZANT TECHNOLOGY SOLUTIONS US CORP,Certified,H-1B,AD JC40 - Computer Systems Engineers/Architects,Computer Systems Engineers/Architects,144144,IV,AZ,1
G,FY2026_Q1,Genpact LLC,Certified,H-1B,Vice President,General and Operations Managers,270000,IV,GA,1
CTSH,FY2026_Q1,COGNIZANT TECHNOLOGY SOLUTIONS US CORP,Certified,H-1B,Manager JC50 - Computer Systems Engineers/Architects,Computer Systems Engineers/Architects,101504,III,MO,1
WIT,FY2026_Q1,WIPRO LIMITED,Certified,H-1B,Technical Lead L1,Computer Programmers,80671,II,WI,1
CTSH,FY2026_Q1,COGNIZANT TECHNOLOGY SOLUTIONS US CORP,Certified,H-1B,Mgr. JC50 - Software Quality Assurance Analysts and Testers,Software Quality Assurance Analysts and Testers,104728,III,IL,1
INFY,FY2026_Q1,INFOSYS LIMITED,Certified,H-1B,Domain Consultant 2,Management Analysts,94120,II,CT,1
TCS,FY2026_Q1,Tata Consultancy Services Limited,Certified,H-1B,Software Developer,Software Developers,114754,II,TX,1
CAP,FY2026_Q1,Capgemini America Inc,Withdrawn,H-1B,Test Consultant 3,Software Quality Assurance Analysts and Testers,101730,III,IL,1
CTSH,FY2026_Q1,COGNIZANT TECHNOLOGY SOLUTIONS US CORP,Certified,H-1B,SA JC60 - Software Quality Assurance Analysts and Testers,Software Quality Assurance Analysts and Testers,82950,II,FL,1
CTSH,FY2026_Q1,COGNIZANT TECHNOLOGY SOLUTIONS US CORP,Certified,H-1B,SA JC60 - Software Quality Assurance Analysts and Testers,Software Quality Assurance Analysts and Testers,82389,II,FL,1
CTSH,FY2026_Q1,COGNIZANT TECHNOLOGY SOLUTIONS US CORP,Certified,H-1B,Senior Manager JC45 - Computer Systems Engineers/Architects,Computer Systems Engineers/Architects,135366,IV,VA,1
CTSH,FY2026_Q1,COGNIZANT TECHNOLOGY SOLUTIONS US CORP,Certified,H-1B,AD JC40 - Computer Systems Engineers/Architects,Computer Systems Engineers/Architects,144144,IV,AZ,1
CTSH,FY2026_Q1,COGNIZANT TECHNOLOGY SOLUTIONS US CORP,Certified,H-1B,Senior Associate JC60 -Computer Systems Engineers/Architects,Computer Systems Engineers/Architects,80974,II,TX,1
CTSH,FY2026_Q1,COGNIZANT TECHNOLOGY SOLUTIONS US CORP,Certified,H-1B,AD JC40 - Information Technology Project Managers,Information Technology Project Managers,118747,IV,KS,1
CTSH,FY2026_Q1,COGNIZANT TECHNOLOGY SOLUTIONS US CORP,Certified,H-1B,AD JC40 - Computer Systems Engineers/Architects,Computer Systems Engineers/Architects,149240,IV,TX,1
G,FY2026_Q1,Genpact LLC,Certified,H-1B,Principal Consultant,Database Administrators,118900,III,GA,1
TCS,FY2026_Q1,Tata Consultancy Services Limited,Certified,H-1B,Developer,Computer Programmers,130853,II,CA,1
G,FY2026_Q1,Genpact LLC,Certified,H-1B,Assistant Vice President,Sales Managers,186867,II,NY,1
CTSH,FY2026_Q1,COGNIZANT TECHNOLOGY SOLUTIONS US CORP,Certified,H-1B,SA JC60 - Software Quality Assurance Analysts and Testers,Software Quality Assurance Analysts and Testers,74485,II,WI,1
CTSH,FY2026_Q1,COGNIZANT TECHNOLOGY SOLUTIONS US CORP,Certified,H-1B,AD JC40 - Computer Systems Engineers/Architects,Computer Systems Engineers/Architects,140795,IV,NC,1
CTSH,FY2026_Q1,COGNIZANT TECHNOLOGY SOLUTIONS US CORP,Certified,H-1B,AD JC40 - Computer Systems Engineers/Architects,Computer Systems Engineers/Architects,149240,IV,TX,1
CTSH,FY2026_Q1,COGNIZANT TECHNOLOGY SOLUTIONS US CORP,Certified,H-1B,Manager JC50 - Computer Systems Engineers/Architects,Computer Systems Engineers/Architects,119933,III,TX,1
CTSH,FY2026_Q1,COGNIZANT TECHNOLOGY SOLUTIONS US CORP,Certified,H-1B,AD JC40 - Information Technology Project Managers,Information Technology Project Managers,124654,IV,KS,1
CTSH,FY2026_Q1,COGNIZANT TECHNOLOGY SOLUTIONS US CORP,Certified,H-1B,Manager JC50 - Computer Systems Engineers/Architects,Computer Systems Engineers/Architects,122637,III,OR,1
CTSH,FY2026_Q1,COGNIZANT TECHNOLOGY SOLUTIONS US CORP,Certified,H-1B,SA JC60 - Software Quality Assurance Analysts and Testers,Software Quality Assurance Analysts and Testers,84178,II,CT,1
CTSH,FY2026_Q1,COGNIZANT TECHNOLOGY SOLUTIONS US CORP,Certified,H-1B,AD JC40 - Computer Systems Engineers/Architects,Computer Systems Engineers/Architects,144144,IV,AZ,1
CTSH,FY2026_Q1,COGNIZANT TECHNOLOGY SOLUTIONS US CORP,Certified,H-1B,Manager JC50 - Computer Systems Engineers/Architects,Computer Systems Engineers/Architects,122637,III,OR,1
CTSH,FY2026_Q1,COGNIZANT TECHNOLOGY SOLUTIONS US CORP,Certified,H-1B,Manager JC50 - Computer Systems Engineers/Architects,Computer Systems Engineers/Architects,126818,III,NJ,1
WIT,FY2026_Q1,WIPRO LIMITED,Certified,H-1B,Data and Analytics Architect L1,Database Architects,165000,II,CA,1
TCS,FY2026_Q1,Tata Consultancy Services Limited,Certified,H-1B,User Interface Designer,Web and Digital Interface Designers,83283,II,CT,1
WIT,FY2026_Q1,WIPRO LIMITED,Certified,H-1B,Techno Functional Consultant L1,Computer Systems Analysts,105000,II,TX,1
MPHASIS,FY2026_Q1,Mphasis Corporation ,Certified,H-1B,SOFTWARE PROGRAMMER II,Computer Programmers,101361,II,TX,1
WIT,FY2026_Q1,WIPRO LIMITED,Certified,H-1B,Techno Functional Consultant L1,Computer Systems Analysts,85500,II,OH,1
CAP,FY2026_Q1,Capgemini America Inc,Certified,H-1B,Programmer/ Developer 2,Computer Programmers,105707,II,IL,1
WIT,FY2026_Q1,WIPRO LIMITED,Certified,H-1B,Techno Functional Consultant L2,Computer Systems Analysts,98925,II,TX,1
HCLTECH,FY2026_Q1,HCL GLOBAL SYSTEMS INC,Certified,H-1B,SOFTWARE ENGINEER,Software Developers,116709,II,NC,1
WIT,FY2026_Q1,WIPRO LIMITED,Certified,H-1B,Techno Functional Consultant L2,Computer Systems Analysts,88026,II,DE,1
INFY,FY2026_Q1,INFOSYS LIMITED,Certified,H-1B,Architecture Consultant 2,Computer Systems Engineers/Architects,86798,II,NC,1
CAP,FY2026_Q1,Capgemini America Inc,Certified,H-1B,Test Consultant 3,Software Quality Assurance Analysts and Testers,113498,III,GA,1
WIT,FY2026_Q1,WIPRO LIMITED,Certified,H-1B,Developer L3,Computer Programmers,86025,II,NV,1
LTIM,FY2026_Q1,LTIMindtree Limited,Certified,H-1B,Software Quality Assurance Analyst and Tester,Software Quality Assurance Analysts and Testers,108680,II,WA,1
WIT,FY2026_Q1,WIPRO LIMITED,Certified,H-1B,Quality Assurance Consultant L1,Software Quality Assurance Analysts and Testers,91271,II,NJ,1
CAP,FY2026_Q1,Capgemini America Inc,Certified,H-1B,Applications Consultant 4,Software Developers,156998,IV,TX,1
TCS,FY2026_Q1,TATA CONSULTANCY SERVICES LIMITED,Certified,H-1B,DATABASE ADMINISTRATOR,Database Administrators,86382,II,IL,1
WIT,FY2026_Q1,WIPRO LIMITED,Certified,H-1B,Project Operations Lead L1,Information Technology Project Managers,126326,II,WA,1
WIT,FY2026_Q1,WIPRO LIMITED,Certified,H-1B,Techno Functional Consultant L2,Computer Systems Analysts,103917,II,NJ,1
HCLTECH,FY2026_Q1,HCL AMERICA INC,Certified,H-1B,Group Technical Architect,Computer Systems Engineers/Architects,130375,III,OH,1
INFY,FY2026_Q1,INFOSYS LIMITED,Certified,H-1B,Technology Project Lead 1,Information Technology Project Managers,90605,II,TX,5
CNXC,FY2026_Q1,Concentrix CVG Customer Management Group Inc.,Certified,H-1B,Lead Software Development Engineer in Tech,Software Developers,100000,II,KS,1
WIT,FY2026_Q1,WIPRO LIMITED,Certified,H-1B,Security Architect L1,Information Security Analysts,122455,II,AZ,1
MPHASIS,FY2026_Q1,Mphasis Corporation ,Certified,H-1B,QA Test Engineer II,Software Quality Assurance Analysts and Testers,90450,II,TN,1
INFY,FY2026_Q1,INFOSYS LIMITED,Certified,H-1B,Technology Project Lead 2,Information Technology Project Managers,139298,III,WA,1
LTIM,FY2026_Q1,LTIMindtree Limited,Certified,H-1B,Computer Programmer,Computer Programmers,95514,II,CT,1
TCS,FY2026_Q1,Tata Consultancy Services Limited,Certified,H-1B,Architect,Computer Systems Engineers/Architects,105747,III,PA,1
LTIM,FY2026_Q1,LTIMindtree Limited,Certified,H-1B,Software Quality Assurance Analyst and Tester,Software Quality Assurance Analysts and Testers,102086,II,NY,1
TCS,FY2026_Q1,Tata Consultancy Services Limited,Certified,H-1B,Architect,Computer Systems Engineers/Architects,86445,II,GA,1
TCS,FY2026_Q1,Tata Consultancy Services Limited,Certified,H-1B,Architect,Computer Systems Engineers/Architects,88400,II,OH,1
INFY,FY2026_Q1,INFOSYS LIMITED,Certified,H-1B,Architecture Consultant 2,Computer Systems Engineers/Architects,60403,II,FL,1
WIT,FY2026_Q1,WIPRO LIMITED,Certified,H-1B,Solution Architect L1,Computer Systems Engineers/Architects,136071,II,TX,1
ACN,FY2026_Q1,Accenture LLP,Certified,H-1B,Quality Engineering Arch Specialist,Software Quality Assurance Analysts and Testers,123900,II,CA,1
CNXC,FY2026_Q1,Concentrix CVG Customer Management Group Inc.,Certified,H-1B,Lead Software Engineer,Software Developers,118165,III,NE,1
CAP,FY2026_Q1,Capgemini America Inc,Certified,H-1B,Business Systems Analyst 2,Computer Systems Analysts,106995,II,TX,1
TCS,FY2026_Q1,Tata Consultancy Services Limited,Certified,H-1B,User Interface Designer,Web and Digital Interface Designers,65894,II,FL,1
ACN,FY2026_Q1,"Accenture Infrastructure and Capital Projects, LLC",Certified,H-1B,Senior Scheduler,Construction Managers,160000,IV,CA,1
IBM,FY2026_Q1,IBM Corporation,Certified,H-1B,Application Developer,Software Developers,124592,II,CA,1
TCS,FY2026_Q1,Tata Consultancy Services Limited,Certified,H-1B,Architect,Computer Systems Engineers/Architects,78749,II,CA,1
INFY,FY2026_Q1,INFOSYS LIMITED,Certified,H-1B,Technology Consultant 2,Computer Systems Engineers/Architects,81765,II,CT,1
TCS,FY2026_Q1,TATA CONSULTANCY SERVICES LIMITED,Certified,H-1B,Developer,Computer Programmers,62005,II,AZ,1
INFY,FY2026_Q1,INFOSYS LIMITED,Certified,H-1B,Infrastructure Project Lead 1,Information Technology Project Managers,80974,II,TX,1
TCS,FY2026_Q1,Tata Consultancy Services Limited,Certified,H-1B,System Administrator,Network and Computer Systems Administrators,92622,II,WA,1
TCS,FY2026_Q1,Tata Consultancy Services Limited,Certified,H-1B,Architect,Computer Systems Engineers/Architects,114795,II,CA,1
TCS,FY2026_Q1,Tata Consultancy Services Limited,Certified,H-1B,Architect,Computer Systems Engineers/Architects,94682,II,NY,1
TCS,FY2026_Q1,Tata Consultancy Services Limited,Certified,H-1B,Architect,Computer Systems Engineers/Architects,92581,II,TX,1
TCS,FY2026_Q1,Tata Consultancy Services Limited,Certified,H-1B,Architect,Computer Systems Engineers/Architects,90501,II,NH,1
TCS,FY2026_Q1,Tata Consultancy Services Limited,Certified,H-1B,Architect,Computer Systems Engineers/Architects,92581,II,TX,1
TCS,FY2026_Q1,Tata Consultancy Services Limited,Certified,H-1B,Developer,Computer Programmers,98301,II,NJ,1
LTIM,FY2026_Q1,LTIMindtree Limited,Certified,H-1B,Software Developer,Software Developers,100797,II,FL,1
TCS,FY2026_Q1,Tata Consultancy Services Limited,Certified,H-1B,Analyst,Computer Systems Analysts,98925,II,TX,1
TCS,FY2026_Q1,Tata Consultancy Services Limited,Certified,H-1B,Developer,Computer Programmers,98946,III,TX,1
WIT,FY2026_Q1,WIPRO LIMITED,Certified,H-1B,Quality Assurance Consultant L1,Software Quality Assurance Analysts and Testers,91271,II,NJ,1
INFY,FY2026_Q1,INFOSYS LIMITED,Certified,E-3 Australian,Senior Principal - Business Consulting,Management Analysts,130811,IV,WI,1
LTIM,FY2026_Q1,LTIMindtree Limited,Certified,H-1B,Computer Systems Engineer/Architect,Computer Systems Engineers/Architects,118311,II,DC,1
TCS,FY2026_Q1,Tata Consultancy Services Limited,Certified,H-1B,User Interface Designer,Web and Digital Interface Designers,65894,II,FL,1
CAP,FY2026_Q1,Capgemini America Inc,Certified,H-1B,Test Consultant 3,Software Quality Assurance Analysts and Testers,91666,III,IL,1
TCS,FY2026_Q1,TATA CONSULTANCY SERVICES LIMITED,Certified,H-1B,Analyst,Computer Systems Analysts,85238,II,OH,1
TCS,FY2026_Q1,Tata Consultancy Services Limited,Certified,H-1B,Software Developer,Software Developers,94765,II,KY,1
INFY,FY2026_Q1,INFOSYS LIMITED,Certified,H-1B,Technology Consultant 2,Computer Systems Engineers/Architects,111550,II,WA,1
IBM,FY2026_Q1,IBM Corporation,Certified,H-1B,Senior Systems Analyst,Software Quality Assurance Analysts and Testers,134430,IV,NY,1
HCLTECH,FY2026_Q1,HCL AMERICA INC,Certified,H-1B,Solution Architect,Computer Systems Engineers/Architects,159145,IV,TX,1
WIT,FY2026_Q1,WIPRO LIMITED,Certified,H-1B,Techno Functional Consultant L3,Computer Systems Analysts,216173,III,MO,1
CAP,FY2026_Q1,CAPGEMINI AMERICA INC,Certified - Withdrawn,H-1B,Data Engineer 3,Business Intelligence Analysts,145000,III,TX,1
TCS,FY2026_Q1,TATA CONSULTANCY SERVICES LIMITED,Certified,H-1B,Architect,Computer Systems Engineers/Architects,92581,II,TX,1
TCS,FY2026_Q1,Tata Consultancy Services Limited,Certified,H-1B,Architect,Computer Systems Engineers/Architects,111550,II,WA,1
TCS,FY2026_Q1,TATA CONSULTANCY SERVICES LIMITED,Certified,H-1B,Analyst “ Testing,Software Quality Assurance Analysts and Testers,91374,II,TX,1
TCS,FY2026_Q1,Tata Consultancy Services Limited,Certified,H-1B,Developer,Computer Programmers,76835,II,IL,1
TCS,FY2026_Q1,TATA CONSULTANCY SERVICES LIMITED,Certified,H-1B,USER INTERFACE DESIGNER,Web and Digital Interface Designers,126422,IV,TX,1
TCS,FY2026_Q1,TATA CONSULTANCY SERVICES LIMITED,Certified,H-1B,Developer,Computer Programmers,96637,II,OH,1
HCLTECH,FY2026_Q1,HCL AMERICA INC,Certified,H-1B,Group Technical Architect,Computer Systems Engineers/Architects,119249,III,MI,1
CTSH,FY2026_Q1,COGNIZANT TECHNOLOGY SOLUTIONS US CORP,Certified,H-1B,Manager JC50 - Computer Systems Engineers/Architects,Computer Systems Engineers/Architects,107640,III,IL,1
MPHASIS,FY2026_Q1,Mphasis Corporation ,Certified,H-1B,Information Systems Manager I,Computer and Information Systems Managers,121045,I,TX,1
MPHASIS,FY2026_Q1,Mphasis Corporation ,Certified,H-1B,QA Test Engineer I,Software Quality Assurance Analysts and Testers,82775,I,WI,1
MPHASIS,FY2026_Q1,Mphasis Corporation,Certified,H-1B,Software Engineer,Computer Programmers,71000,I,TX,1
INFY,FY2026_Q1,INFOSYS LIMITED,Certified,H-1B,Technology Consultant 2,Computer Systems Engineers/Architects,93538,II,AZ,1
HCLTECH,FY2026_Q1,HCL GLOBAL SYSTEMS INC,Certified,H-1B,SR. SOFTWARE ENGINEER,Software Developers,135408,III,NC,1
HCLTECH,FY2026_Q1,HCL AMERICA INC,Certified,H-1B,Senior Project Manager,Information Technology Project Managers,126908,III,TX,1
TCS,FY2026_Q1,TATA CONSULTANCY SERVICES LIMITED,Certified,H-1B,Developer,Computer Programmers,96637,II,OH,1
LTIM,FY2026_Q1,LTIMindtree Limited,Certified,H-1B,Software Developer,Software Developers,112216,II,CA,1
TCS,FY2026_Q1,Tata Consultancy Services Limited,Certified,H-1B,Developer,Computer Programmers,130853,II,CA,1
TCS,FY2026_Q1,Tata Consultancy Services Limited,Certified,H-1B,Architect,Computer Systems Engineers/Architects,94682,II,NJ,1
CTSH,FY2026_Q1,COGNIZANT TECHNOLOGY SOLUTIONS US CORP,Certified,H-1B,Sr. Mgr. JC45 - Information Technology Project Managers,Information Technology Project Managers,118477,IV,RI,1
LTIM,FY2026_Q1,LTIMindtree Limited,Certified,H-1B,Software Developer,Software Developers,131997,II,NJ,1
TCS,FY2026_Q1,Tata Consultancy Services Limited,Certified,H-1B,Network Administrator,Network and Computer Systems Administrators,107578,II,CA,1
CTSH,FY2026_Q1,COGNIZANT TECHNOLOGY SOLUTIONS US CORP,Certified,H-1B,Manager JC50 - Computer Systems Engineers/Architects,Computer Systems Engineers/Architects,115835,III,CA,1
CAP,FY2026_Q1,Capgemini America Inc,Certified,H-1B,Enterprise Architect 3,Computer Systems Engineers/Architects,104146,III,OH,1
TCS,FY2026_Q1,Tata Consultancy Services Limited,Certified,H-1B,Embedded Systems Design Engineer,Software Developers,102190,II,MI,1
TCS,FY2026_Q1,Tata Consultancy Services Limited,Certified,H-1B,Analyst,Computer Systems Analysts,86819,III,PA,1
LTIM,FY2026_Q1,LTIMindtree Limited,Certified,H-1B,Computer Systems Engineers/Architect,Computer Systems Engineers/Architects,111550,II,WA,1
INFY,FY2026_Q1,"Infosys Nova Holdings, LLC",Certified,H-1B,Stress Engineer Lead,Aerospace Engineers,138923,III,TX,1
CTSH,FY2026_Q1,COGNIZANT TECHNOLOGY SOLUTIONS US CORP,Certified,H-1B,Manager JC50 - Computer Systems Engineers/Architects,Computer Systems Engineers/Architects,108514,III,GA,1
WIT,FY2026_Q1,WIPRO LIMITED,Certified,H-1B,Cyber Security Analyst L4,Information Security Analysts,121314,II,TX,1
INFY,FY2026_Q1,INFOSYS LIMITED,Certified,H-1B,Package Project Lead 2,Information Technology Project Managers,107640,III,IL,1
MPHASIS,FY2026_Q1,Mphasis Corporation,Certified,H-1B,Software Engineer,Computer Programmers,115899,III,NC,1
HCLTECH,FY2026_Q1,HCL AMERICA INC,Certified,H-1B,Test Lead,Software Quality Assurance Analysts and Testers,115955,III,NC,1
TCS,FY2026_Q1,Tata Consultancy Services Limited,Certified,H-1B,Architect,Computer Systems Engineers/Architects,92581,II,TX,1
MPHASIS,FY2026_Q1,Mphasis Corporation,Certified,H-1B,Software Engineer,Software Developers,110000,I,GA,1
CTSH,FY2026_Q1,COGNIZANT TECHNOLOGY SOLUTIONS US CORP,Certified,H-1B,Manager JC50 - Database Architects,Database Architects,147701,III,CO,1
CTSH,FY2026_Q1,COGNIZANT TECHNOLOGY SOLUTIONS US CORP,Certified,H-1B,Manager JC50 - Computer Systems Engineers/Architects,Computer Systems Engineers/Architects,115835,III,CA,1
TCS,FY2026_Q1,TATA CONSULTANCY SERVICES LIMITED,Certified,H-1B,Architect,Computer Systems Engineers/Architects,86445,II,GA,1
TCS,FY2026_Q1,TATA CONSULTANCY SERVICES LIMITED,Certified,H-1B,Developer,Computer Programmers,106683,II,CO,1
CTSH,FY2026_Q1,COGNIZANT TECHNOLOGY SOLUTIONS US CORP,Certified,H-1B,Manager JC50 - Computer Systems Engineers/Architects,Computer Systems Engineers/Architects,118851,III,AZ,1
CAP,FY2026_Q1,Capgemini America Inc,Certified,H-1B,Applications Consultant 3,Software Developers,129792,III,OH,1
TCS,FY2026_Q1,Tata Consultancy Services Limited,Certified,H-1B,Developer,Computer Programmers,85592,II,RI,1
TCS,FY2026_Q1,Tata Consultancy Services Limited,Certified,H-1B,Architect,Computer Systems Engineers/Architects,69805,II,KY,1
TCS,FY2026_Q1,Tata Consultancy Services Limited,Certified,H-1B,Analyst - Testing,Software Quality Assurance Analysts and Testers,81827,II,TX,1
LTIM,FY2026_Q1,LTIMindtree Limited,Certified,H-1B,Software Developer,Software Developers,82555,II,IN,1
MPHASIS,FY2026_Q1,Mphasis Corporation,Certified,H-1B,Software Engineer,Computer Programmers,130000,II,CA,1
TCS,FY2026_Q1,Tata Consultancy Services Limited,Certified,H-1B,Architect,Computer Systems Engineers/Architects,94682,II,NY,1
TCS,FY2026_Q1,Tata Consultancy Services Limited,Certified,H-1B,Analyst,Computer Systems Analysts,98925,II,TX,1
TECHM,FY2026_Q1,"TECH MAHINDRA (AMERICAS), INC",Certified,H-1B,Mechanical Engineer,Mechanical Engineers,87901,II,KY,1
LTIM,FY2026_Q1,LTIMindtree Limited,Certified,H-1B,Software Developer,Software Developers,109283,II,GA,1
HCLTECH,FY2026_Q1,HCL AMERICA INC,Certified,H-1B,ERP Specialist,Computer Systems Engineers/Architects,113797,III,SC,1
CAP,FY2026_Q1,Capgemini America Inc,Certified,H-1B,Test Consultant 3,Software Quality Assurance Analysts and Testers,140400,III,CA,1
MPHASIS,FY2026_Q1,Mphasis Corporation ,Certified,H-1B,IT Project Manager I,Information Technology Project Managers,95779,I,TX,1
CTSH,FY2026_Q1,COGNIZANT TECHNOLOGY SOLUTIONS US CORP,Certified,H-1B,Manager JC50 - Computer Systems Engineers/Architects,Computer Systems Engineers/Architects,107640,III,IL,1
CTSH,FY2026_Q1,COGNIZANT TECHNOLOGY SOLUTIONS US CORP,Certified,H-1B,Manager JC50 - Computer Systems Engineers/Architects,Computer Systems Engineers/Architects,104062,III,CT,1
TCS,FY2026_Q1,TATA CONSULTANCY SERVICES LIMITED,Certified,H-1B,Analyst “ Testing,Software Quality Assurance Analysts and Testers,98134,III,TX,1
TCS,FY2026_Q1,TATA CONSULTANCY SERVICES LIMITED,Certified,H-1B,Architect,Computer Systems Engineers/Architects,86798,II,NC,1
ACN,FY2026_Q1,Accenture Infrastructure and Capital Projects LLC,Certified,H-1B,Cost Engineer,Cost Estimators,95000,I,AZ,1
CTSH,FY2026_Q1,COGNIZANT TECHNOLOGY SOLUTIONS US CORP,Certified,H-1B,Manager JC50 - Computer Systems Engineers/Architects,Computer Systems Engineers/Architects,110157,III,MN,1
HCLTECH,FY2026_Q1,HCL AMERICA INC,Certified,H-1B,Senior Technical Lead,Computer Programmers,105000,III,IN,1
MPHASIS,FY2026_Q1,Mphasis Corporation,Certified,H-1B,Software Engineer,Computer Programmers,125000,II,VA,1
CNXC,FY2026_Q1,Concentrix CVG Customer Management Group Inc.,Certified,H-1B,Lead Software Engineer,Software Developers,130707,III,GA,1
TCS,FY2026_Q1,Tata Consultancy Services Limited,Certified,H-1B,Functional Consultant,Computer Systems Analysts,88317,II,OH,1
LTIM,FY2026_Q1,LTIMindtree Limited,Certified,H-1B,Software Developer,Software Developers,106475,II,CT,1
HCLTECH,FY2026_Q1,HCL AMERICA INC,Certified,H-1B,Senior Technical Architect,Mechanical Engineers,106164,II,CA,1
HCLTECH,FY2026_Q1,HCL AMERICA INC,Certified,H-1B,Sr Subject Matter Expert (Support&Ops),Information Security Analysts,135945,III,GA,1
INFY,FY2026_Q1,INFOSYS LIMITED,Certified,H-1B,Infrastructure Project Lead 2,Information Technology Project Managers,118851,III,AZ,1
TCS,FY2026_Q1,TATA CONSULTANCY SERVICESLIMITED,Certified,H-1B,Architect,Computer Systems Engineers/Architects,92581,II,TX,1
TCS,FY2026_Q1,TATA CONSULTANCY SERVICES LIMITED,Certified,H-1B,Technical Lead,Information Technology Project Managers,94682,II,NJ,1
TECHM,FY2026_Q1,"TECH MAHINDRA (AMERICAS), INC",Certified,H-1B,Systems Administrator,Network and Computer Systems Administrators,97553,II,OK,1
TCS,FY2026_Q1,Tata Consultancy Services Limited,Certified,H-1B,Designer,Computer Systems Analysts,103917,II,NJ,1
HCLTECH,FY2026_Q1,HCL AMERICA INC,Certified,H-1B,Sr Program Manager,Information Technology Project Managers,120213,III,TX,1
CTSH,FY2026_Q1,COGNIZANT TECHNOLOGY SOLUTIONS US CORP,Certified,E-3 Australian,Manager JC50 - Information Technology Project Managers,Information Technology Project Managers,118456,III,TX,1
HCLTECH,FY2026_Q1,HCL GLOBAL SYSTEMS INC,Certified,H-1B,SR. SOFTWARE ENGINEER,Software Developers,157248,IV,NC,1
LTIM,FY2026_Q1,LTIMindtree Limited,Certified,H-1B,Software Quality Assurance Analyst and Tester,Software Quality Assurance Analysts and Testers,82347,II,GA,1
LTIM,FY2026_Q1,LTIMindtree Limited,Certified,H-1B,Software Developer,Software Developers,112923,II,TX,1
TCS,FY2026_Q1,Tata Consultancy Services Limited,Certified,H-1B,Developer,Computer Programmers,85800,II,GA,1
CTSH,FY2026_Q1,COGNIZANT TECHNOLOGY SOLUTIONS US CORP,Certified,H-1B,Sr. Mgr. JC45 - Information Technology Project Managers,Information Technology Project Managers,145246,IV,CA,1
HCLTECH,FY2026_Q1,HCL AMERICA INC,Certified,H-1B,Technical Architect,Computer Systems Engineers/Architects,113805,III,TX,1
CTSH,FY2026_Q1,COGNIZANT TECHNOLOGY SOLUTIONS US CORP,Certified,H-1B,SA JC60 - Software Quality Assurance Analysts and Testers,Software Quality Assurance Analysts and Testers,106454,II,MD,1
CNXC,FY2026_Q1,Concentrix CVG Customer Management Group Inc.,Certified,H-1B,Software Engineer,Software Developers,114754,II,TX,1
CAP,FY2026_Q1,Capgemini America Inc,Certified - Withdrawn,H-1B,Applications Consultant 2,Software Developers,160000,II,NJ,1
CAP,FY2026_Q1,"Capgemini America, Inc.",Certified - Withdrawn,H-1B,Business Analyst 2,Management Analysts,89100,II,TX,1
MPHASIS,FY2026_Q1,Mphasis Corporation,Certified - Withdrawn,H-1B,Software Engineer,Computer Programmers,115000,II,NC,1
MPHASIS,FY2026_Q1,Mphasis Corporation,Certified - Withdrawn,H-1B,Software Engineer,Computer Programmers,115000,II,NC,1
MPHASIS,FY2026_Q1,Mphasis Corporation,Certified - Withdrawn,H-1B,Software Engineer,Software Quality Assurance Analysts and Testers,117000,II,TX,1
MPHASIS,FY2026_Q1,Mphasis Corporation,Certified - Withdrawn,H-1B,Software Engineer,Software Quality Assurance Analysts and Testers,117000,II,TX,1
CAP,FY2026_Q1,Capgemini America Inc,Withdrawn,H-1B,Applications Consultant 3,Software Developers,135408,III,NC,1
CTSH,FY2026_Q1,COGNIZANT TECHNOLOGY SOLUTIONS US CORP,Certified,H-1B,Senior Manager JC45 - Computer Systems Engineers/Architects,Computer Systems Engineers/Architects,144310,IV,TX,1
CTSH,FY2026_Q1,COGNIZANT TECHNOLOGY SOLUTIONS US CORP,Certified,H-1B,Senior Manager JC45 - Computer Systems Engineers/Architects,Computer Systems Engineers/Architects,149240,IV,TX,1
TCS,FY2026_Q1,Tata Consultancy Services Limited,Certified,H-1B,Technical Lead,Information Technology Project Managers,86445,II,GA,1
CTSH,FY2026_Q1,COGNIZANT TECHNOLOGY SOLUTIONS US CORP,Certified,H-1B,Manager JC50 - Computer Systems Engineers/Architects,Computer Systems Engineers/Architects,104062,III,CT,1
INFY,FY2026_Q1,INFOSYS LIMITED,Certified,H-1B,Architecture Consultant 2,Computer Systems Engineers/Architects,99736,II,CO,5
CTSH,FY2026_Q1,COGNIZANT TECHNOLOGY SOLUTIONS US CORP,Certified,H-1B,Mgr. JC50 - Software Quality Assurance Analysts and Testers,Software Quality Assurance Analysts and Testers,96637,III,IN,1
CTSH,FY2026_Q1,COGNIZANT TECHNOLOGY SOLUTIONS US CORP,Certified,H-1B,Senior Associate JC60 -Computer Systems Engineers/Architects,Computer Systems Engineers/Architects,92581,II,TX,1
CAP,FY2026_Q1,Capgemini America Inc,Certified,H-1B,Applications Consultant 3,Software Developers,138714,III,SC,1
TCS,FY2026_Q1,Tata Consultancy Services Limited,Certified,H-1B,Technical Lead,Information Technology Project Managers,100027,III,FL,1
TCS,FY2026_Q1,Tata Consultancy Services Limited,Certified,H-1B,Architect,Computer Systems Engineers/Architects,92394,II,DE,1
CAP,FY2026_Q1,Capgemini America Inc,Certified,H-1B,Business Systems Analyst 2,Computer Systems Analysts,120642,II,PA,1
TCS,FY2026_Q1,TATA CONSULTANCY SERVICES LIMITED,Certified,H-1B,DATABASE ADMINISTRATOR,Database Administrators,74152,II,KY,1
CAP,FY2026_Q1,Capgemini America Inc,Certified,H-1B,Business Systems Analyst 3,Computer Systems Analysts,152440,III,NJ,1
CAP,FY2026_Q1,Capgemini America Inc,Certified,H-1B,Applications Consultant 3,Software Developers,120349,III,MI,1
CTSH,FY2026_Q1,COGNIZANT TECHNOLOGY SOLUTIONS US CORP,Certified,H-1B,Senior Manager JC45 - Computer Systems Engineers/Architects,Computer Systems Engineers/Architects,158974,IV,NJ,1
CAP,FY2026_Q1,Capgemini America Inc,Certified,H-1B,Project Manager 3,Information Technology Project Managers,203374,III,CA,1
CAP,FY2026_Q1,Capgemini America Inc,Certified,H-1B,Programmer/ Developer 3,Computer Programmers,106264,III,OH,1
CTSH,FY2026_Q1,COGNIZANT TECHNOLOGY SOLUTIONS US CORP,Certified,H-1B,SA JC60 - Software Quality Assurance Analysts and Testers,Software Quality Assurance Analysts and Testers,113277,II,CA,1
TCS,FY2026_Q1,Tata Consultancy Services Limited,Certified,H-1B,Architect,Computer Systems Engineers/Architects,84198,II,MI,1
TCS,FY2026_Q1,Tata Consultancy Services Limited,Certified,H-1B,Developer,Computer Programmers,130853,II,CA,1
MPHASIS,FY2026_Q1,Mphasis Corporation ,Certified,H-1B,"QA Test Engineer I / Engineer, SW Dev. Test (SDET)",Software Quality Assurance Analysts and Testers,83200,I,NJ,1
LTIM,FY2026_Q1,LTIMindtree Limited,Certified,H-1B,Software Developer,Software Developers,131997,II,NJ,1
CTSH,FY2026_Q1,COGNIZANT TECHNOLOGY SOLUTIONS US CORP,Certified,H-1B,SA JC60 - Software Quality Assurance Analysts and Testers,Software Quality Assurance Analysts and Testers,102086,II,NJ,1
TCS,FY2026_Q1,TATA CONSULTANCY SERVICES LIMITED,Certified,H-1B,SYSTEM ADMINISTRATOR,Network and Computer Systems Administrators,85218,II,GA,1
CTSH,FY2026_Q1,COGNIZANT TECHNOLOGY SOLUTIONS US CORP,Certified,H-1B,Manager JC50 - Computer Systems Engineers/Architects,Computer Systems Engineers/Architects,118456,III,TX,1
MPHASIS,FY2026_Q1,Mphasis Corporation ,Certified,H-1B,Software Programmer II,Computer Programmers,130000,II,TX,1
CTSH,FY2026_Q1,COGNIZANT TECHNOLOGY SOLUTIONS US CORP,Certified,H-1B,Senior Manager JC45 - Computer Systems Engineers/Architects,Computer Systems Engineers/Architects,142730,IV,NJ,1
HCLTECH,FY2026_Q1,HCL AMERICA INC,Certified,H-1B,Senior Program Manager,Information Technology Project Managers,132108,III,NY,1
HCLTECH,FY2026_Q1,HCL AMERICA INC,Certified,H-1B,Program Manager,Information Technology Project Managers,123845,III,TX,1
CTSH,FY2026_Q1,COGNIZANT TECHNOLOGY SOLUTIONS US CORP,Certified,H-1B,Senior Associate JC60 -Computer Systems Engineers/Architects,Computer Systems Engineers/Architects,77064,II,CA,1
MPHASIS,FY2026_Q1,Mphasis Corporation ,Certified,H-1B,IT Project Manager II,Information Technology Project Managers,132404,II,DE,1
MPHASIS,FY2026_Q1,Mphasis Corporation ,Certified,H-1B,QA Test Engineer I,Software Quality Assurance Analysts and Testers,82775,I,WI,1
CAP,FY2026_Q1,Capgemini America Inc,Certified,H-1B,Test Consultant 3,Software Quality Assurance Analysts and Testers,128072,III,TX,1
CTSH,FY2026_Q1,COGNIZANT TECHNOLOGY SOLUTIONS US CORP,Certified,H-1B,Manager JC50 - Computer Systems Engineers/Architects,Computer Systems Engineers/Architects,107640,III,IL,1
MPHASIS,FY2026_Q1,Mphasis Corporation,Certified,H-1B,Software Engineer,Computer Programmers,120000,II,CA,1
CTSH,FY2026_Q1,COGNIZANT TECHNOLOGY SOLUTIONS US CORP,Certified,H-1B,Senior Manager JC45 - Computer Systems Engineers/Architects,Computer Systems Engineers/Architects,149240,IV,TX,1
CAP,FY2026_Q1,Capgemini America Inc,Certified,H-1B,Business Systems Analyst 2,Computer Systems Analysts,103330,II,PA,1
CAP,FY2026_Q1,Capgemini America Inc,Certified,H-1B,Test Consultant 3,Software Quality Assurance Analysts and Testers,108314,III,CT,1
MPHASIS,FY2026_Q1,Mphasis Corporation,Certified,H-1B,Software Engineer,Computer Programmers,130000,II,CA,1
CTSH,FY2026_Q1,COGNIZANT TECHNOLOGY SOLUTIONS US CORP,Certified,H-1B,SA JC60 - Software Quality Assurance Analysts and Testers,Software Quality Assurance Analysts and Testers,88088,II,IL,1
CAP,FY2026_Q1,Capgemini America Inc,Certified,H-1B,Applications Consultant 3,Software Developers,134971,III,TX,1
INFY,FY2026_Q1,INFOSYS LIMITED,Certified,H-1B,Domain Project Lead 2,Project Management Specialists,99736,III,TX,1
CTSH,FY2026_Q1,COGNIZANT TECHNOLOGY SOLUTIONS US CORP,Certified,H-1B,SA JC60 - Software Quality Assurance Analysts and Testers,Software Quality Assurance Analysts and Testers,85030,II,NC,1
CTSH,FY2026_Q1,COGNIZANT TECHNOLOGY SOLUTIONS US CORP,Certified,H-1B,Senior Associate JC60 -Computer Systems Engineers/Architects,Computer Systems Engineers/Architects,94266,II,OH,1
CAP,FY2026_Q1,Capgemini America Inc,Certified,H-1B,Applications Consultant 2,Software Developers,107845,II,SC,1
CAP,FY2026_Q1,Capgemini America Inc,Certified,H-1B,Business Systems Analyst 3,Computer Systems Analysts,120141,III,TX,1
TCS,FY2026_Q1,TATA CONSULTANCY SERVICES LIMITED,Certified,H-1B,Analyst,Computer Systems Analysts,92539,II,GA,1
CTSH,FY2026_Q1,COGNIZANT TECHNOLOGY SOLUTIONS US CORP,Certified,H-1B,Mgr. JC50 - Software Quality Assurance Analysts and Testers,Software Quality Assurance Analysts and Testers,104728,III,IL,1
CTSH,FY2026_Q1,COGNIZANT TECHNOLOGY SOLUTIONS US CORP,Certified,H-1B,Manager JC50 - Computer Systems Engineers/Architects,Computer Systems Engineers/Architects,118456,III,TX,1
TCS,FY2026_Q1,Tata Consultancy Services Limited,Certified,H-1B,Designer,Computer Systems Analysts,89814,II,MI,1
WIT,FY2026_Q1,WIPRO LIMITED,Certified,H-1B,Systems Hardware Architect L3,"Electronics Engineers, Except Computer",186472,III,CA,1
CTSH,FY2026_Q1,COGNIZANT TECHNOLOGY SOLUTIONS US CORP,Certified,H-1B,Manager JC50 - Network and Computer Systems Administrators,Network and Computer Systems Administrators,104728,III,NC,1
INFY,FY2026_Q1,"Infosys Nova Holdings, LLC",Certified,H-1B,Full Stack Engineer,Software Developers,156998,IV,TX,1
CAP,FY2026_Q1,Capgemini America Inc,Certified,H-1B,Solution Architect 3,Software Developers,139490,III,SC,1
CTSH,FY2026_Q1,COGNIZANT TECHNOLOGY SOLUTIONS US CORP,Certified,H-1B,Senior Associate JC60 -Computer Systems Engineers/Architects,Computer Systems Engineers/Architects,92581,II,TX,1
HCLTECH,FY2026_Q1,HCL AMERICA INC,Certified,H-1B,Account Manager,Sales Engineers,200000,IV,NJ,1
HCLTECH,FY2026_Q1,HCL AMERICA INC,Certified,H-1B,Subject Matter Expert (Support & Ops),Computer Network Support Specialists,117208,III,WA,1
TCS,FY2026_Q1,TATA CONSULTANCY SERVICES LIMITED,Certified,H-1B,ARCHITECT,Computer Systems Engineers/Architects,84219,II,PA,1
CTSH,FY2026_Q1,COGNIZANT TECHNOLOGY SOLUTIONS US CORP,Certified,H-1B,Manager JC50 - Network and Computer Systems Administrators,Network and Computer Systems Administrators,100402,III,SC,1
TCS,FY2026_Q1,Tata Consultancy Services Limited,Certified,H-1B,Analyst,Computer Systems Analysts,81702,II,IL,1
WIT,FY2026_Q1,WIPRO LIMITED,Certified,H-1B,Domain Architect L1,Computer Systems Engineers/Architects,128877,IV,MI,2
LTIM,FY2026_Q1,LTIMindtree Limited,Certified,H-1B,Software Developer,Software Developers,105976,II,TX,1
CTSH,FY2026_Q1,COGNIZANT TECHNOLOGY SOLUTIONS US CORP,Certified,H-1B,SA JC60 - Software Quality Assurance Analysts and Testers,Software Quality Assurance Analysts and Testers,102086,II,NJ,1
CAP,FY2026_Q1,"Capgemini America, Inc.",Certified,H-1B,Applications Consultant 3,Software Developers,155180,III,GA,1
CTSH,FY2026_Q1,COGNIZANT TECHNOLOGY SOLUTIONS US CORP,Certified,H-1B,Mgr. JC50 - Software Quality Assurance Analysts and Testers,Software Quality Assurance Analysts and Testers,93475,III,GA,1
G,FY2026_Q1,Genpact LLC,Certified,H-1B,Principal Consultant,Operations Research Analysts,130000,III,DE,1
CTSH,FY2026_Q1,COGNIZANT TECHNOLOGY SOLUTIONS US CORP,Certified,H-1B,Manager JC50 - Computer Systems Engineers/Architects,Computer Systems Engineers/Architects,107640,III,IL,1
CTSH,FY2026_Q1,COGNIZANT TECHNOLOGY SOLUTIONS US CORP,Certified,H-1B,Senior Manager JC45 - Computer Systems Engineers/Architects,Computer Systems Engineers/Architects,126339,IV,CT,1
CTSH,FY2026_Q1,COGNIZANT TECHNOLOGY SOLUTIONS US CORP,Certified,H-1B,Manager JC50 - Computer Systems Engineers/Architects,Computer Systems Engineers/Architects,107640,III,IL,1
CTSH,FY2026_Q1,COGNIZANT TECHNOLOGY SOLUTIONS US CORP,Certified,H-1B,Senior Manager JC45 - Computer Systems Engineers/Architects,Computer Systems Engineers/Architects,130686,IV,FL,1
CAP,FY2026_Q1,Capgemini America Inc,Certified,H-1B,Applications Consultant 3,Software Developers,127188,III,OH,1
TCS,FY2026_Q1,TATA CONSULTANCY SERVICES LIMITED,Certified,H-1B,ANALYST - TESTING,Software Quality Assurance Analysts and Testers,77376,II,OH,1
TCS,FY2026_Q1,TATA CONSULTANCY SERVICES LIMITED,Certified,H-1B,USER INTERFACE DESIGNER,Web and Digital Interface Designers,76003,II,PA,1
INFY,FY2026_Q1,INFOSYS LIMITED,Certified,H-1B,Digital Solution Specialist,Computer Systems Analysts,120141,III,TX,1
LTIM,FY2026_Q1,LTIMindtree Limited,Certified,H-1B,Software Developer,Software Developers,106579,II,TX,1
LTIM,FY2026_Q1,LTIMindtree Limited,Certified,H-1B,Information Technology Project Manager,Information Technology Project Managers,86798,II,NC,1
CTSH,FY2026_Q1,COGNIZANT TECHNOLOGY SOLUTIONS US CORP,Certified,H-1B,Senior Associate JC60 - Database Administrators,Database Administrators,95035,II,TX,1
CTSH,FY2026_Q1,COGNIZANT TECHNOLOGY SOLUTIONS US CORP,Certified,H-1B,Senior Associate JC60 -Computer Systems Engineers/Architects,Computer Systems Engineers/Architects,60000,II,AR,1
TCS,FY2026_Q1,Tata Consultancy Services Limited,Certified,H-1B,Architect,Computer Systems Engineers/Architects,76606,II,OH,1
HCLTECH,FY2026_Q1,HCL AMERICA INC,Certified,H-1B,Senior Program Manager,Information Technology Project Managers,150405,III,CA,1
TCS,FY2026_Q1,TATA CONSULTANCY SERVICES LIMITED,Certified,H-1B,DEVELOPER,Computer Programmers,82243,II,OH,1
CTSH,FY2026_Q1,COGNIZANT TECHNOLOGY SOLUTIONS US CORP,Certified,H-1B,Senior Manager JC45 - Computer Systems Engineers/Architects,Computer Systems Engineers/Architects,126339,IV,CT,1
TCS,FY2026_Q1,TATA CONSULTANCY SERVICES LIMITED,Certified,H-1B,User Interface Designer,Web and Digital Interface Designers,62712,II,GA,1
CTSH,FY2026_Q1,COGNIZANT TECHNOLOGY SOLUTIONS US CORP,Certified,H-1B,Mgr. JC50 - Software Quality Assurance Analysts and Testers,Software Quality Assurance Analysts and Testers,96637,III,IN,1
CTSH,FY2026_Q1,COGNIZANT TECHNOLOGY SOLUTIONS US CORP,Certified,H-1B,Manager JC50 - Computer Systems Engineers/Architects,Computer Systems Engineers/Architects,126818,III,NJ,1
MPHASIS,FY2026_Q1,Mphasis Corporation,Withdrawn,H-1B,Data Analyst,Computer Systems Analysts,125000,II,NJ,1
INFY,FY2026_Q1,INFOSYS LIMITED,Withdrawn,H-1B,Package Consultant 1,Computer Systems Engineers/Architects,86798,II,NC,1
INFY,FY2026_Q1,"Infosys Nova Holdings, LLC",Withdrawn,H-1B,Stress Engineer Lead,Aerospace Engineers,138923,III,TX,1
CAP,FY2026_Q1,Capgemini America Inc,Certified,H-1B,Applications Consultant 3,Software Developers,132600,III,OH,1
CTSH,FY2026_Q1,COGNIZANT TECHNOLOGY SOLUTIONS US CORP,Certified,H-1B,Manager JC50 - Network and Computer Systems Administrators,Network and Computer Systems Administrators,104728,III,NC,1
TECHM,FY2026_Q1,"TECH MAHINDRA (AMERICAS), INC",Certified,H-1B,Programmer Analyst,Computer Programmers,114000,II,GA,1
TCS,FY2026_Q1,Tata Consultancy Services Limited,Certified,H-1B,User Interface Designer,Web and Digital Interface Designers,87027,III,MI,1
MPHASIS,FY2026_Q1,Mphasis Corporation,Certified,H-1B,Project Manager,Information Technology Project Managers,110000,II,TX,1
CAP,FY2026_Q1,Capgemini America Inc,Certified,H-1B,ASIC Design Verification Engineer 2,"Electronics Engineers, Except Computer",130854,II,MA,1
CAP,FY2026_Q1,Capgemini America Inc,Certified,H-1B,Software Engineer 2,Software Developers,95701,II,KS,1
CTSH,FY2026_Q1,COGNIZANT TECHNOLOGY SOLUTIONS US CORP,Certified,H-1B,Manager JC50 - Network and Computer Systems Administrators,Network and Computer Systems Administrators,110469,III,NC,1
CTSH,FY2026_Q1,COGNIZANT TECHNOLOGY SOLUTIONS US CORP,Certified,H-1B,Sr. Mgr. JC45 - Information Technology Project Managers,Information Technology Project Managers,158974,IV,NJ,1
CTSH,FY2026_Q1,COGNIZANT TECHNOLOGY SOLUTIONS US CORP,Certified,H-1B,Sr. Mgr. JC45 - Network and Computer Systems Administrators,Network and Computer Systems Administrators,119038,IV,NC,1
TECHM,FY2026_Q1,"TECH MAHINDRA (AMERICAS), INC",Certified,H-1B,Software Engineer,Software Developers,132500,II,NC,1
CTSH,FY2026_Q1,COGNIZANT TECHNOLOGY SOLUTIONS US CORP,Certified,H-1B,SA JC60 - Software Quality Assurance Analysts and Testers,Software Quality Assurance Analysts and Testers,91374,II,TX,1
TCS,FY2026_Q1,Tata Consultancy Services Limited,Certified,H-1B,Architect,Computer Systems Engineers/Architects,70800,II,FL,1
TCS,FY2026_Q1,Tata Consultancy Services Limited,Certified,H-1B,Architect,Computer Systems Engineers/Architects,92581,II,TX,1
TECHM,FY2026_Q1,"TECH MAHINDRA (AMERICAS), INC",Certified,H-1B,"Software Developer, Systems Software",Software Developers,118000,II,MO,1
LTIM,FY2026_Q1,LTIMindtree Limited,Certified,H-1B,Software Quality Assurance Analyst and Tester,Software Quality Assurance Analysts and Testers,84906,II,TX,1
HCLTECH,FY2026_Q1,HCL GLOBAL SYSTEMS INC,Certified,H-1B,SR. SOFTWARE DEVELOPER,Software Developers,107016,III,AL,1
MPHASIS,FY2026_Q1,Mphasis Corporation,Certified,H-1B,Software Engineer,Computer Programmers,125000,II,PA,1
CTSH,FY2026_Q1,COGNIZANT TECHNOLOGY SOLUTIONS US CORP,Certified,H-1B,Manager JC50 - Computer Systems Engineers/Architects,Computer Systems Engineers/Architects,150405,III,CA,1
MPHASIS,FY2026_Q1,Mphasis Corporation ,Certified,H-1B,SOFTWARE PROGRAMMER II,Computer Programmers,101361,II,DE,1
CTSH,FY2026_Q1,COGNIZANT TECHNOLOGY SOLUTIONS US CORP,Certified,H-1B,Senior Manager JC45 - Database Architects,Database Architects,154606,IV,PA,1
CAP,FY2026_Q1,Capgemini America Inc,Certified,H-1B,Applications Consultant 3,Software Developers,154606,III,MA,1
INFY,FY2026_Q1,INFOSYS LIMITED,Certified,H-1B,Technology Consultant 2,Computer Systems Engineers/Architects,111550,II,WA,1
WIT,FY2026_Q1,WIPRO LIMITED,Certified,H-1B,Consultant,Computer Systems Analysts,146172,II,FL,1
CTSH,FY2026_Q1,COGNIZANT TECHNOLOGY SOLUTIONS US CORP,Certified,H-1B,Manager JC50 - Computer Systems Engineers/Architects,Computer Systems Engineers/Architects,126818,III,NJ,1
TCS,FY2026_Q1,Tata Consultancy Services Limited,Certified,H-1B,Architect,Computer Systems Engineers/Architects,60403,II,FL,1
CAP,FY2026_Q1,Capgemini America Inc,Certified,H-1B,Data Analyst 3,Data Warehousing Specialists,149313,III,MA,1
IBM,FY2026_Q1,IBM Corporation,Certified,H-1B,Package Specialist,Software Quality Assurance Analysts and Testers,156979,II,TX,1
CTSH,FY2026_Q1,COGNIZANT TECHNOLOGY SOLUTIONS US CORP,Certified,H-1B,Manager JC50 - Computer Systems Engineers/Architects,Computer Systems Engineers/Architects,113797,III,NC,1
TECHM,FY2026_Q1,"TECH MAHINDRA (AMERICAS), INC",Certified,H-1B,Software Engineer,Software Developers,174600,II,CA,1
LTIM,FY2026_Q1,LTIMindtree Limited,Certified,H-1B,Database Administrator,Database Administrators,95035,II,TX,1
WIT,FY2026_Q1,WIPRO LIMITED,Certified,H-1B,Cyber Security Analyst L4,Information Security Analysts,94682,II,OH,1
CAP,FY2026_Q1,Capgemini America Inc,Certified,H-1B,Business Systems Analyst 3,Computer Systems Analysts,111463,III,OH,1
INFY,FY2026_Q1,INFOSYS LIMITED,Certified,H-1B,Technology Consultant 2,Computer Systems Engineers/Architects,111550,II,WA,1
CAP,FY2026_Q1,Capgemini America Inc,Certified,H-1B,Mechanical Engineer 3,Mechanical Engineers,139344,III,MA,1
IBM,FY2026_Q1,IBM Corporation,Certified,H-1B,Application Developer,Software Developers,162000,IV,NC,1
TCS,FY2026_Q1,Tata Consultancy Services Limited,Certified,H-1B,Architect,Computer Systems Engineers/Architects,110094,III,FL,1
WIT,FY2026_Q1,WIPRO LIMITED,Certified,H-1B,Security Architect L1,Information Security Analysts,120286,II,NY,1
TECHM,FY2026_Q1,"TECH MAHINDRA (AMERICAS), INC",Certified,H-1B,Solutions Architect,Computer Systems Engineers/Architects,88050,II,GA,1
CTSH,FY2026_Q1,COGNIZANT TECHNOLOGY SOLUTIONS US CORP,Certified,H-1B,Sr Mgr JC45-Software Quality Assurance Analysts and Testers,Software Quality Assurance Analysts and Testers,123864,IV,DE,1
CTSH,FY2026_Q1,COGNIZANT TECHNOLOGY SOLUTIONS US CORP,Certified,H-1B,Sr. Mgr. JC45 - Information Technology Project Managers,Information Technology Project Managers,158974,IV,NJ,1
TCS,FY2026_Q1,Tata Consultancy Services Limited,Certified,H-1B,Analyst,Computer Systems Analysts,88026,II,TX,1
IBM,FY2026_Q1,IBM Corporation,Certified,H-1B,Package Consultant,Software Quality Assurance Analysts and Testers,183396,IV,TX,1
WIT,FY2026_Q1,WIPRO LIMITED,Certified,H-1B,Technical Lead L1,Computer Programmers,81371,II,NY,1
CTSH,FY2026_Q1,COGNIZANT TECHNOLOGY SOLUTIONS US CORP,Certified,H-1B,Senior Associate JC60 -Computer Systems Engineers/Architects,Computer Systems Engineers/Architects,114795,II,CA,1
CTSH,FY2026_Q1,COGNIZANT TECHNOLOGY SOLUTIONS US CORP,Certified,H-1B,Sr. Mgr. JC45 - Network and Computer Systems Administrators,Network and Computer Systems Administrators,112902,IV,OH,1
MPHASIS,FY2026_Q1,Mphasis Corporation,Certified,H-1B,Software Architect,Computer Systems Engineers/Architects,180000,III,GA,1
CTSH,FY2026_Q1,COGNIZANT TECHNOLOGY SOLUTIONS US CORP,Certified,H-1B,Manager JC50 - Computer Systems Engineers/Architects,Computer Systems Engineers/Architects,113797,III,NC,1
CAP,FY2026_Q1,Capgemini America Inc,Certified,H-1B,Applications Consultant 3,Software Developers,160805,III,NJ,1
CTSH,FY2026_Q1,COGNIZANT TECHNOLOGY SOLUTIONS US CORP,Certified,H-1B,Mgr. JC50 - Software Quality Assurance Analysts and Testers,Software Quality Assurance Analysts and Testers,104728,III,IL,1
CAP,FY2026_Q1,Capgemini America Inc,Certified,H-1B,Applications Consultant 4,Software Developers,167574,IV,IL,1
CAP,FY2026_Q1,Capgemini America Inc,Certified,H-1B,Test Consultant 2,Software Quality Assurance Analysts and Testers,106470,II,NY,1
TCS,FY2026_Q1,Tata Consultancy Services Limited,Certified,H-1B,Developer,Computer Programmers,98301,II,NJ,1
INFY,FY2026_Q1,INFOSYS LIMITED,Certified,H-1B,Package Project Lead 1,Information Technology Project Managers,80974,II,TX,5
CTSH,FY2026_Q1,COGNIZANT TECHNOLOGY SOLUTIONS US CORP,Certified,H-1B,Manager JC50 - Graphic Designers,Graphic Designers,60549,III,KS,1
CAP,FY2026_Q1,Capgemini America Inc,Certified,H-1B,Applications Consultant 3,Software Developers,125000,III,MI,1
CTSH,FY2026_Q1,COGNIZANT TECHNOLOGY SOLUTIONS US CORP,Certified,H-1B,SA JC60 - Software Quality Assurance Analysts and Testers,Software Quality Assurance Analysts and Testers,91374,II,TX,1
TCS,FY2026_Q1,Tata Consultancy Services Limited,Certified,H-1B,Architect,Computer Systems Engineers/Architects,90501,II,NH,1
INFY,FY2026_Q1,INFOSYS LIMITED,Certified,H-1B,Technology Consultant 2,Computer Systems Engineers/Architects,89149,II,IL,5
CTSH,FY2026_Q1,COGNIZANT TECHNOLOGY SOLUTIONS US CORP,Certified,H-1B,Manager JC50 - Computer Systems Engineers/Architects,Computer Systems Engineers/Architects,104062,III,CT,1
TCS,FY2026_Q1,Tata Consultancy Services Limited,Certified,H-1B,Architect,Computer Systems Engineers/Architects,69805,II,KY,1
TCS,FY2026_Q1,Tata Consultancy Services Limited,Certified,H-1B,Technical Lead,Information Technology Project Managers,91874,II,TX,1
CTSH,FY2026_Q1,COGNIZANT TECHNOLOGY SOLUTIONS US CORP,Certified,H-1B,Senior Associate JC60 -Computer Systems Engineers/Architects,Computer Systems Engineers/Architects,94682,II,NJ,1
WIT,FY2026_Q1,WIPRO LIMITED,Certified,H-1B,Quality Assurance Consultant L1,Software Quality Assurance Analysts and Testers,87360,II,NJ,1
HCLTECH,FY2026_Q1,HCL AMERICA INC,Certified,H-1B,Senior Test Specialist,Software Quality Assurance Analysts and Testers,164154,II,TX,1
CTSH,FY2026_Q1,COGNIZANT TECHNOLOGY SOLUTIONS US CORP,Certified,H-1B,Manager JC50 - Computer Systems Engineers/Architects,Computer Systems Engineers/Architects,126818,III,NJ,1
CTSH,FY2026_Q1,COGNIZANT TECHNOLOGY SOLUTIONS US CORP,Certified,H-1B,Manager JC50 - Computer Systems Engineers/Architects,Computer Systems Engineers/Architects,150405,III,CA,1
INFY,FY2026_Q1,INFOSYS LIMITED,Certified,H-1B,Technology Consultant 2,Computer Systems Engineers/Architects,111550,II,WA,1
CTSH,FY2026_Q1,COGNIZANT TECHNOLOGY SOLUTIONS US CORP,Certified,H-1B,Senior Associate JC60 -Computer Systems Engineers/Architects,Computer Systems Engineers/Architects,92394,II,DE,1
CTSH,FY2026_Q1,COGNIZANT TECHNOLOGY SOLUTIONS US CORP,Certified,H-1B,Mgr. JC50 - Software Quality Assurance Analysts and Testers,Software Quality Assurance Analysts and Testers,93475,III,GA,1
TCS,FY2026_Q1,Tata Consultancy Services Limited,Certified,H-1B,Analyst,Computer Systems Analysts,98925,II,TX,1
CAP,FY2026_Q1,CAPGEMINI AMERICA INC,Certified,H-1B,Applications Consultant 3,Software Developers,160805,III,NJ,1
LTIM,FY2026_Q1,LTIMindtree Limited,Certified,H-1B,Software Developer,Software Developers,105893,II,LA,1
CTSH,FY2026_Q1,COGNIZANT TECHNOLOGY SOLUTIONS US CORP,Certified,H-1B,Senior Associate JC60 -Computer Systems Engineers/Architects,Computer Systems Engineers/Architects,86798,II,NC,1
CTSH,FY2026_Q1,COGNIZANT TECHNOLOGY SOLUTIONS US CORP,Certified,H-1B,Sr Mgr JC45-Software Quality Assurance Analysts and Testers,Software Quality Assurance Analysts and Testers,123864,IV,DE,1
CTSH,FY2026_Q1,COGNIZANT TECHNOLOGY SOLUTIONS US CORP,Certified,H-1B,Manager JC50 - Computer Systems Engineers/Architects,Computer Systems Engineers/Architects,150405,III,CA,1
CTSH,FY2026_Q1,COGNIZANT TECHNOLOGY SOLUTIONS US CORP,Certified,H-1B,Manager JC50 - Graphic Designers,Graphic Designers,63398,III,NC,1
TECHM,FY2026_Q1,"TECH MAHINDRA (AMERICAS), INC",Certified,H-1B,Computer Programmer,Computer Programmers,86362,II,GA,1
MPHASIS,FY2026_Q1,Mphasis Corporation,Certified,H-1B,Software Engineer,Software Developers,135000,II,CO,1
TCS,FY2026_Q1,Tata Consultancy Services Limited,Certified,H-1B,Analyst,Computer Systems Analysts,68125,II,MO,1
CAP,FY2026_Q1,CAPGEMINI AMERICA INC,Certified,H-1B,Applications Consultant 2,Software Developers,130000,II,IN,1
WIT,FY2026_Q1,WIPRO LIMITED,Certified,H-1B,Domain Consultant L3,Management Analysts,104944,II,TN,1
INFY,FY2026_Q1,INFOSYS LIMITED,Certified,H-1B,Technology Consultant 2,Computer Systems Engineers/Architects,111550,II,WA,1
TCS,FY2026_Q1,Tata Consultancy Services Limited,Certified,H-1B,Architect,Computer Systems Engineers/Architects,119933,III,TX,1
CTSH,FY2026_Q1,COGNIZANT TECHNOLOGY SOLUTIONS US CORP,Certified,H-1B,Sr. Mgr. JC45 - Information Technology Project Managers,Information Technology Project Managers,130562,IV,GA,1
MPHASIS,FY2026_Q1,Mphasis Corporation,Certified,H-1B,Software Engineer,Computer Programmers,123050,II,NJ,1
CAP,FY2026_Q1,Capgemini America Inc,Certified,H-1B,Test Consultant 3,Software Quality Assurance Analysts and Testers,125174,III,CT,1
TCS,FY2026_Q1,TATA CONSULTANCY SERVICES LIMITED,Certified,H-1B,Architect,Computer Systems Engineers/Architects,94952,II,NC,1
CTSH,FY2026_Q1,COGNIZANT TECHNOLOGY SOLUTIONS US CORP,Certified,H-1B,Sr. Mgr. JC45 - Information Technology Project Managers,Information Technology Project Managers,158974,IV,NY,1
MPHASIS,FY2026_Q1,Mphasis Corporation,Certified,H-1B,Software Engineer,Computer Programmers,120000,II,TX,1
HCLTECH,FY2026_Q1,HCL AMERICA INC,Certified,H-1B,Senior Technical Manager,Information Technology Project Managers,115627,III,MA,1
TCS,FY2026_Q1,Tata Consultancy Services Limited,Certified,H-1B,Architect,Computer Systems Engineers/Architects,84219,II,PA,1
HCLTECH,FY2026_Q1,HCL AMERICA INC,Certified,H-1B,Technical Support Specialist,Computer Systems Engineers/Architects,113411,III,GA,1
MPHASIS,FY2026_Q1,Mphasis Corporation ,Certified,H-1B,SOFTWARE PROGRAMMER II,Computer Programmers,122000,II,NJ,1
WIT,FY2026_Q1,WIPRO LIMITED,Certified,H-1B,Quality Assurance (QA) Lead L2,Software Quality Assurance Analysts and Testers,125994,II,CA,1
WIT,FY2026_Q1,WIPRO LIMITED,Certified,H-1B,Techno Functional Consultant L2,Computer Systems Analysts,108042,II,TX,1
INFY,FY2026_Q1,INFOSYS LIMITED,Certified,H-1B,Specialist Programmer,Computer Programmers,62837,II,NC,1
WIT,FY2026_Q1,WIPRO LIMITED,Certified,H-1B,Techno Functional Consultant L2,Computer Systems Analysts,111422,II,PA,1
HCLTECH,FY2026_Q1,HCL AMERICA INC,Certified,H-1B,Business Specialist,Computer Systems Engineers/Architects,115627,III,MA,1
WIT,FY2026_Q1,WIPRO LIMITED,Certified,H-1B,Technology Architect L1,Computer Systems Engineers/Architects,120000,II,MA,1
CTSH,FY2026_Q1,COGNIZANT TECHNOLOGY SOLUTIONS US CORP,Certified,H-1B,Senior Associate JC60 -Computer Systems Engineers/Architects,Computer Systems Engineers/Architects,92581,II,TX,1
IBM,FY2026_Q1,IBM Corporation,Certified,H-1B,Technical Program Manager,Software Developers,212301,IV,NY,1
TCS,FY2026_Q1,Tata Consultancy Services Limited,Certified,H-1B,Architect,Computer Systems Engineers/Architects,111550,II,WA,1
INFY,FY2026_Q1,INFOSYS LIMITED,Certified,H-1B,Architecture Consultant 2,Computer Systems Engineers/Architects,80974,II,TX,1
INFY,FY2026_Q1,Bean Infosystems LLC,Certified,H-1B,Software Engineer,"Computer Occupations, All Other",92581,II,TX,1
HCLTECH,FY2026_Q1,HCL AMERICA INC,Certified,H-1B,Senior Technical Lead,Computer Programmers,140000,III,CA,1
HCLTECH,FY2026_Q1,HCL AMERICA INC,Certified,H-1B,Senior Test Specialist,Software Quality Assurance Analysts and Testers,113667,III,NC,1
CAP,FY2026_Q1,Capgemini America Inc,Certified,H-1B,Applications Consultant 3,Software Developers,147000,III,VA,1
HCLTECH,FY2026_Q1,HCL AMERICA INC,Certified,H-1B,Product Specialist,Computer Systems Engineers/Architects,102606,III,MI,1
LTIM,FY2026_Q1,LTIMindtree Limited,Certified,H-1B,Information Technology Project Manager,Information Technology Project Managers,94682,II,NJ,1
TCS,FY2026_Q1,TATA CONSULTANCY SERVICES LIMITED,Certified,H-1B,Developer,Computer Programmers,76835,II,IL,1
MPHASIS,FY2026_Q1,Mphasis Corporation,Certified,H-1B,Software Engineer,Computer Programmers,105000,II,DE,1
WIT,FY2026_Q1,WIPRO LIMITED,Certified,H-1B,Technical Lead L1,Computer Programmers,83054,II,NC,1
LTIM,FY2026_Q1,LTIMindtree Limited,Certified,H-1B,Computer Systems Analyst,Computer Systems Analysts,103917,II,NJ,1
INFY,FY2026_Q1,INFOSYS LIMITED,Certified,H-1B,Technology Consultant 2,Computer Systems Engineers/Architects,82285,II,IN,5
CTSH,FY2026_Q1,COGNIZANT TECHNOLOGY SOLUTIONS US CORP,Certified,H-1B,Mgr. JC50 - Software Quality Assurance Analysts and Testers,Software Quality Assurance Analysts and Testers,128461,III,VA,1
WIT,FY2026_Q1,WIPRO LIMITED,Certified,H-1B,Techno Functional Consultant L2,Computer Systems Analysts,98925,II,TX,1
CTSH,FY2026_Q1,COGNIZANT TECHNOLOGY SOLUTIONS US CORP,Certified,H-1B,Manager JC50 - Information Technology Project Managers,Information Technology Project Managers,126818,III,NJ,1
CAP,FY2026_Q1,Capgemini America Inc,Certified,H-1B,Infrastructure Consultant 3,Computer Systems Analysts,128750,III,NC,1
HCLTECH,FY2026_Q1,HCL AMERICA INC,Certified,H-1B,Project Manager,Information Technology Project Managers,110157,III,MN,1
INFY,FY2026_Q1,INFOSYS LIMITED,Certified,H-1B,Technology Consultant 2,Computer Systems Engineers/Architects,76253,II,RI,1
TCS,FY2026_Q1,Tata Consultancy Services Limited,Certified,H-1B,Developer,Computer Programmers,107203,II,CA,1
CTSH,FY2026_Q1,COGNIZANT TECHNOLOGY SOLUTIONS US CORP,Certified,H-1B,Mgr. JC50 - Software Quality Assurance Analysts and Testers,Software Quality Assurance Analysts and Testers,128461,III,VA,1
MPHASIS,FY2026_Q1,Mphasis Corporation,Certified,H-1B,Software Programmer II,Computer Programmers,96174,II,DE,1
HCLTECH,FY2026_Q1,HCL AMERICA INC,Certified,H-1B,Service Delivery Manager,Information Technology Project Managers,158974,IV,NJ,1
WIT,FY2026_Q1,WIPRO LIMITED,Certified,H-1B,Quality Assurance Consultant L1,Software Quality Assurance Analysts and Testers,91272,II,NJ,1
TCS,FY2026_Q1,Tata Consultancy Services Limited,Certified,H-1B,User Interface Designer,Web and Digital Interface Designers,65894,II,FL,1
WIT,FY2026_Q1,WIPRO LIMITED,Certified,H-1B,Application Architect L2,Computer Systems Engineers/Architects,181293,III,CA,1
HCLTECH,FY2026_Q1,HCL AMERICA INC,Certified,H-1B,Account Manager - Individual Contributor,Sales Engineers,157590,III,WA,1
CTSH,FY2026_Q1,COGNIZANT TECHNOLOGY SOLUTIONS US CORP,Certified,H-1B,Sr. Mgr. JC45 - Information Technology Project Managers,Information Technology Project Managers,157560,IV,NC,1
TCS,FY2026_Q1,Tata Consultancy Services Limited,Certified,H-1B,Architect,Computer Systems Engineers/Architects,111550,II,WA,1
EPAM,FY2026_Q1,EPAM Systems Inc.,Certified,H-1B,Senior Software Engineer,Software Developers,110000,II,PA,1
INFY,FY2026_Q1,INFOSYS LIMITED,Certified,H-1B,Technology Consultant 2,Computer Systems Engineers/Architects,80974,II,TX,5
CAP,FY2026_Q1,"Capgemini America, Inc.",Certified,H-1B,Applications Consultant 3,Software Developers,133536,III,NC,1
MPHASIS,FY2026_Q1,Mphasis Corporation,Certified,H-1B,Project Manager,Information Technology Project Managers,117000,II,TX,1
CTSH,FY2026_Q1,COGNIZANT TECHNOLOGY SOLUTIONS US CORP,Certified,H-1B,Senior Associate JC60 -Computer Systems Engineers/Architects,Computer Systems Engineers/Architects,118310,II,VA,1
CAP,FY2026_Q1,Capgemini America Inc,Certified,H-1B,Applications Consultant 2,Software Developers,112981,II,TX,1
CTSH,FY2026_Q1,COGNIZANT TECHNOLOGY SOLUTIONS US CORP,Certified,H-1B,Manager JC50 - Computer Systems Engineers/Architects,Computer Systems Engineers/Architects,126256,III,NC,1
CTSH,FY2026_Q1,COGNIZANT TECHNOLOGY SOLUTIONS US CORP,Certified,H-1B,Sr. Mgr. JC45 - Information Technology Project Managers,Information Technology Project Managers,158974,IV,NJ,1
INFY,FY2026_Q1,"INFOSYS PUBLIC SERVICES, INC.",Certified,H-1B,Technology Project Lead 2,Information Technology Project Managers,140837,III,MD,5
IBM,FY2026_Q1,IBM Corporation,Certified,H-1B,Business Analyst,Data Scientists,106090,II,GA,1
TCS,FY2026_Q1,Tata Consultancy Services Limited,Certified,H-1B,Architect,Computer Systems Engineers/Architects,92581,II,TX,1
LTIM,FY2026_Q1,LTIMindtree Limited,Certified,H-1B,Senior Specialist - Program & Project Management,Computer Systems Analysts,103917,II,NJ,1
HCLTECH,FY2026_Q1,HCL AMERICA INC,Certified,H-1B,Group Technical Architect,Computer Systems Engineers/Architects,121829,III,SC,1
TCS,FY2026_Q1,Tata Consultancy Services Limited,Certified,H-1B,Developer,Computer Programmers,73029,II,IL,1
MPHASIS,FY2026_Q1,Mphasis Corporation,Certified,H-1B,Software Engineer,Computer Programmers,120000,II,TX,1
INFY,FY2026_Q1,INFOSYS LIMITED,Certified,H-1B,Technology Consultant 2,Computer Systems Engineers/Architects,111550,II,WA,1
WIT,FY2026_Q1,WIPRO LIMITED,Certified,H-1B,Lead Administrator L1,Network and Computer Systems Administrators,111173,II,TX,1
HCLTECH,FY2026_Q1,HCL GLOBAL SYSTEMS INC,Certified,H-1B,TECHNICAL LEAD / JAVA,Information Technology Project Managers,106538,III,MI,1
TCS,FY2026_Q1,Tata Consultancy Services Limited,Certified,H-1B,Developer,Computer Programmers,91582,II,MD,1
WIT,FY2026_Q1,WIPRO LIMITED,Certified,H-1B,Technical Lead L1,Computer Programmers,135000,II,MA,1
CTSH,FY2026_Q1,COGNIZANT TECHNOLOGY SOLUTIONS US CORP,Certified,H-1B,Manager JC50 - Computer Systems Engineers/Architects,Computer Systems Engineers/Architects,104062,III,CT,1
TCS,FY2026_Q1,Tata Consultancy Services Limited,Certified,H-1B,Architect,Computer Systems Engineers/Architects,93538,II,AZ,1
MPHASIS,FY2026_Q1,Mphasis Corporation,Certified,H-1B,Test Engineer,Software Quality Assurance Analysts and Testers,99963,II,TX,1
TCS,FY2026_Q1,TATA CONSULTANCY SERVICES LIMITED,Certified,H-1B,DEVELOPER,Computer Programmers,77418,II,TX,1
CNXC,FY2026_Q1,Concentrix CVG Customer Management Group Inc.,Certified,H-1B,Software Engineer,Software Developers,101358,II,NE,1
TCS,FY2026_Q1,Tata Consultancy Services Limited,Certified,H-1B,Developer,Computer Programmers,77418,II,TX,1
MPHASIS,FY2026_Q1,Mphasis Corporation,Certified,H-1B,Software Engineer,Computer Programmers,138000,II,FL,1
INFY,FY2026_Q1,INFOSYS LIMITED,Certified,H-1B,Architecture Principal,Computer Systems Engineers/Architects,140795,IV,NC,1
CTSH,FY2026_Q1,COGNIZANT TECHNOLOGY SOLUTIONS US CORP,Certified,H-1B,Manager JC50 - Computer Systems Engineers/Architects,Computer Systems Engineers/Architects,108514,III,GA,1
TCS,FY2026_Q1,Tata Consultancy Services Limited,Certified,H-1B,Developer,Computer Programmers,76315,II,TX,1
TCS,FY2026_Q1,Tata Consultancy Services Limited,Certified,H-1B,Software Developer,Software Developers,114754,II,TX,1
TCS,FY2026_Q1,Tata Consultancy Services Limited,Certified,H-1B,Architect,Computer Systems Engineers/Architects,82285,II,IN,1
HCLTECH,FY2026_Q1,HCL AMERICA INC,Certified,H-1B,Senior Design Lead,Computer Systems Engineers/Architects,118456,III,TX,1
HCLTECH,FY2026_Q1,HCL GLOBAL SYSTEMS INC,Certified,H-1B,SENIOR AUTOMATION ENGINEER,Software Quality Assurance Analysts and Testers,112195,III,NH,1
LTIM,FY2026_Q1,LTIMindtree Limited,Certified,H-1B,Associate Principal - Package Implementation,Computer Systems Analysts,147200,III,OH,1
WIT,FY2026_Q1,WIPRO LIMITED,Certified,H-1B,Developer L4,Computer Programmers,105000,II,TX,1
CNXC,FY2026_Q1,Concentrix CVG Customer Management Group Inc.,Certified,H-1B,Sr. Software Engineer,Software Developers,149240,II,WA,1
CAP,FY2026_Q1,Capgemini America Inc,Certified - Withdrawn,H-1B,Applications Consultant 3,Software Developers,122400,III,WI,1
CTSH,FY2026_Q1,COGNIZANT TECHNOLOGY SOLUTIONS US CORP,Certified,H-1B,SA JC60 - Software Quality Assurance Analysts and Testers,Software Quality Assurance Analysts and Testers,82347,II,GA,1
CTSH,FY2026_Q1,COGNIZANT TECHNOLOGY SOLUTIONS US CORP,Certified,H-1B,Manager JC50 - Computer Systems Engineers/Architects,Computer Systems Engineers/Architects,104062,III,CT,1
LTIM,FY2026_Q1,LTIMindtree Limited,Certified,H-1B,Computer Systems Engineers/Architects,Computer Systems Engineers/Architects,94683,II,NY,1
CTSH,FY2026_Q1,COGNIZANT TECHNOLOGY SOLUTIONS US CORP,Certified,H-1B,Manager JC50 - Computer Systems Engineers/Architects,Computer Systems Engineers/Architects,117582,III,NJ,1
CAP,FY2026_Q1,"Capgemini America, Inc.",Certified,H-1B,Applications Consultant 3,Software Developers,167462,III,MI,1
CTSH,FY2026_Q1,COGNIZANT TECHNOLOGY SOLUTIONS US CORP,Certified,H-1B,Manager JC50 - Computer Systems Engineers/Architects,Computer Systems Engineers/Architects,104062,III,CT,1
CTSH,FY2026_Q1,COGNIZANT TECHNOLOGY SOLUTIONS US CORP,Certified,H-1B,Manager JC50 - Computer Systems Engineers/Architects,Computer Systems Engineers/Architects,122866,III,CO,1
CTSH,FY2026_Q1,COGNIZANT TECHNOLOGY SOLUTIONS US CORP,Certified,H-1B,Senior Associate JC60 -Computer Systems Engineers/Architects,Computer Systems Engineers/Architects,114795,II,CA,1
CTSH,FY2026_Q1,COGNIZANT TECHNOLOGY SOLUTIONS US CORP,Certified,H-1B,Manager JC50 - Computer Systems Engineers/Architects,Computer Systems Engineers/Architects,117582,III,NJ,1
CTSH,FY2026_Q1,COGNIZANT TECHNOLOGY SOLUTIONS US CORP,Certified,H-1B,SA JC60 - Software Quality Assurance Analysts and Testers,Software Quality Assurance Analysts and Testers,85051,II,CA,1
TCS,FY2026_Q1,Tata Consultancy Services Limited,Certified,H-1B,Developer,Computer Programmers,70616,II,OH,1
CTSH,FY2026_Q1,COGNIZANT TECHNOLOGY SOLUTIONS US CORP,Certified,H-1B,SA JC60 - Software Quality Assurance Analysts and Testers,Software Quality Assurance Analysts and Testers,102086,II,NY,1
CTSH,FY2026_Q1,COGNIZANT TECHNOLOGY SOLUTIONS US CORP,Certified,H-1B,SA JC60 - Software Quality Assurance Analysts and Testers,Software Quality Assurance Analysts and Testers,85051,II,CA,1
CTSH,FY2026_Q1,COGNIZANT TECHNOLOGY SOLUTIONS US CORP,Certified,H-1B,SA JC60 - Software Quality Assurance Analysts and Testers,Software Quality Assurance Analysts and Testers,102086,II,NJ,1
CTSH,FY2026_Q1,COGNIZANT TECHNOLOGY SOLUTIONS US CORP,Certified,H-1B,Senior Associate JC60 -Computer Systems Engineers/Architects,Computer Systems Engineers/Architects,79498,II,OH,1
CTSH,FY2026_Q1,COGNIZANT TECHNOLOGY SOLUTIONS US CORP,Certified,H-1B,Senior Manager JC45 - Computer Systems Engineers/Architects,Computer Systems Engineers/Architects,144310,IV,TX,1
CTSH,FY2026_Q1,COGNIZANT TECHNOLOGY SOLUTIONS US CORP,Certified,H-1B,Mgr. JC50 - Software Quality Assurance Analysts and Testers,Software Quality Assurance Analysts and Testers,125528,III,NJ,1
TCS,FY2026_Q1,Tata Consultancy Services Limited,Certified,H-1B,Network Administrator,Network and Computer Systems Administrators,86486,II,IL,1
INFY,FY2026_Q1,INFOSYS LIMITED,Certified,H-1B,Data Scientist,Statisticians,129730,IV,TX,5
TCS,FY2026_Q1,TATA CONSULTANCY SERVICES LIMITED,Certified,H-1B,Database Administrator,Database Administrators,118664,II,CA,1
CAP,FY2026_Q1,CAPGEMINI AMERICA INC,Certified,H-1B,Applications Consultant 2,Software Developers,138500,II,NJ,1
TCS,FY2026_Q1,Tata Consultancy Services Limited,Certified,H-1B,Analyst - Testing,Software Quality Assurance Analysts and Testers,129792,II,CA,1
LTIM,FY2026_Q1,LTIMindtree Limited,Certified,H-1B,Software Developer,Software Developers,100797,II,FL,1
HCLTECH,FY2026_Q1,HCL AMERICA INC,Certified,H-1B,Technical Architect,Computer Systems Engineers/Architects,118310,II,VA,1
MPHASIS,FY2026_Q1,Mphasis Corporation ,Certified,H-1B,Software Programmer II,Computer Programmers,84189,II,TX,1
INFY,FY2026_Q1,INFOSYS LIMITED,Certified,H-1B,Data Scientist,Statisticians,133786,IV,TX,5
TCS,FY2026_Q1,Tata Consultancy Services Limited,Certified,H-1B,Developer,Computer Programmers,77418,II,TX,1
TCS,FY2026_Q1,TATA CONSULTANCY SERVICES LIMITED,Certified,H-1B,Analyst,Computer Systems Analysts,92539,II,GA,1
TCS,FY2026_Q1,TATA CONSULTANCY SERVICES LIMITED,Certified,H-1B,ARCHITECT,Computer Systems Engineers/Architects,75600,II,FL,1
DXC,FY2026_Q1,DXC Technology Services LLC,Certified,H-1B,Associate Manager Data Engineering,Data Scientists,130000,III,TX,1
HCLTECH,FY2026_Q1,HCL AMERICA INC,Certified,H-1B,Senior Group Technical Architect,Computer Systems Engineers/Architects,144310,IV,TX,1
INFY,FY2026_Q1,INFOSYS LIMITED,Certified,H-1B,Package Project Lead 1,Information Technology Project Managers,94952,II,NC,5
TCS,FY2026_Q1,TATA CONSULTANCY SERVICES LIMITED,Certified,H-1B,ARCHITECT,Computer Systems Engineers/Architects,82846,II,IL,1
TCS,FY2026_Q1,Tata Consultancy Services Limited,Certified,H-1B,Architect,Computer Systems Engineers/Architects,91874,II,TX,1
TCS,FY2026_Q1,TATA CONSULTANCY SERVICES LIMITED,Certified,H-1B,Architect,Computer Systems Engineers/Architects,86798,II,NC,1
MPHASIS,FY2026_Q1,Mphasis Corporation,Certified,H-1B,Software Engineer,Computer Programmers,105000,II,DE,1
TCS,FY2026_Q1,Tata Consultancy Services Limited,Certified,H-1B,Architect,Computer Systems Engineers/Architects,94307,III,CT,1
MPHASIS,FY2026_Q1,Mphasis Corporation,Certified,H-1B,Project Manager,Information Technology Project Managers,117000,II,TX,1
HCLTECH,FY2026_Q1,HCL AMERICA INC,Certified,H-1B,Senior Test Lead,Software Quality Assurance Analysts and Testers,111654,II,IA,1
TCS,FY2026_Q1,TATA CONSULTANCY SERVICES LIMITED,Certified,H-1B,ARCHITECT,Computer Systems Engineers/Architects,92394,II,DE,1
MPHASIS,FY2026_Q1,Mphasis Corporation ,Certified,H-1B,QA Test Engineer II,Software Quality Assurance Analysts and Testers,95000,II,DE,1
INFY,FY2026_Q1,INFOSYS LIMITED,Certified,H-1B,Package Consultant 2,Computer Systems Engineers/Architects,80974,II,TX,5
INFY,FY2026_Q1,INFOSYS LIMITED,Certified,H-1B,Technology Consultant 2,Computer Systems Engineers/Architects,82846,II,IL,5
INFY,FY2026_Q1,INFOSYS LIMITED,Certified,H-1B,Architecture Consultant 3,Computer Systems Engineers/Architects,118456,III,TX,5
TCS,FY2026_Q1,Tata Consultancy Services Limited,Certified,H-1B,Architect,Computer Systems Engineers/Architects,97469,III,OH,1
TCS,FY2026_Q1,TATA CONSULTANCY SERVICES LIMITED,Certified,H-1B,Architect,Computer Systems Engineers/Architects,86403,II,CA,1
TCS,FY2026_Q1,TATA CONSULTANCY SERVICES LIMITED,Certified,H-1B,Technical Lead,Information Technology Project Managers,92394,II,PA,1
HCLTECH,FY2026_Q1,HCL AMERICA INC,Certified,H-1B,Group Technical Architect,Computer Systems Engineers/Architects,170000,III,TX,1
TCS,FY2026_Q1,Tata Consultancy Services Limited,Certified,H-1B,Analyst,Computer Systems Analysts,131560,II,CA,1
TCS,FY2026_Q1,Tata Consultancy Services Limited,Certified,H-1B,Architect,Computer Systems Engineers/Architects,86445,II,GA,1
TCS,FY2026_Q1,Tata Consultancy Services Limited,Certified,H-1B,Developer,Computer Programmers,79435,II,FL,1
TCS,FY2026_Q1,Tata Consultancy Services Limited,Certified,H-1B,Developer,Computer Programmers,70616,II,OH,1
MPHASIS,FY2026_Q1,Mphasis Corporation,Certified,H-1B,Software Engineer,Software Quality Assurance Analysts and Testers,140000,II,CA,1
INFY,FY2026_Q1,INFOSYS LIMITED,Certified,H-1B,Architecture Consultant 2,Computer Systems Engineers/Architects,81910,II,UT,5
CAP,FY2026_Q1,CAPGEMINI AMERICA INC,Certified,H-1B,Solution Architect 3,Software Developers,150000,III,PA,1
TCS,FY2026_Q1,Tata Consultancy Services Limited,Certified,H-1B,Developer,Computer Programmers,130270,III,CA,1
TCS,FY2026_Q1,Tata Consultancy Services Limited,Certified,H-1B,Architect,Computer Systems Engineers/Architects,86798,II,NC,1
TCS,FY2026_Q1,TATA CONSULTANCY SERVICES LIMITED,Certified,H-1B,USER INTERFACE DESIGNER,Web and Digital Interface Designers,70800,II,PA,1
CAP,FY2026_Q1,Capgemini America Inc,Certified,H-1B,Applications Consultant 2,Software Developers,122398,II,TX,1
TCS,FY2026_Q1,Tata Consultancy Services Limited,Certified,H-1B,Architect,Computer Systems Engineers/Architects,92581,II,TX,1
MPHASIS,FY2026_Q1,Mphasis Corporation ,Certified,H-1B,Software Programmer II,Computer Programmers,100000,II,OH,1
LTIM,FY2026_Q1,LTIMindtree Limited,Certified,H-1B,Computer Systems Engineer/Architect,Computer Systems Engineers/Architects,92395,II,PA,1
INFY,FY2026_Q1,INFOSYS LIMITED,Certified,H-1B,Architecture Consultant 2,Computer Systems Engineers/Architects,90210,II,MN,5
TCS,FY2026_Q1,Tata Consultancy Services Limited,Certified,H-1B,Software Developer,Software Developers,114754,II,TX,1
INFY,FY2026_Q1,INFOSYS LIMITED,Certified,H-1B,Technology Project Lead 2,Information Technology Project Managers,139298,III,WA,5
HCLTECH,FY2026_Q1,HCL AMERICA INC,Certified,H-1B,Senior Program Manager,Information Technology Project Managers,121905,III,TX,1
CAP,FY2026_Q1,"Capgemini America, Inc.",Certified,H-1B,Applications Consultant 2,Software Developers,137000,II,CT,1
CAP,FY2026_Q1,CAPGEMINI AMERICA INC,Certified - Withdrawn,H-1B,Applications Consultant 3,Software Developers,170000,III,TX,1
TCS,FY2026_Q1,Tata Consultancy Services Limited,Certified,H-1B,Developer,Computer Programmers,74214,II,NC,1
CAP,FY2026_Q1,Capgemini America Inc,Certified,H-1B,Applications Consultant 3,Software Developers,137421,III,NC,1
CTSH,FY2026_Q1,COGNIZANT TECHNOLOGY SOLUTIONS US CORP,Certified,H-1B,AD JC40 - Information Technology Project Managers,Information Technology Project Managers,144310,IV,TX,1
CTSH,FY2026_Q1,COGNIZANT TECHNOLOGY SOLUTIONS US CORP,Certified,H-1B,Manager JC50 - Information Technology Project Managers,Information Technology Project Managers,110000,III,IL,1
CAP,FY2026_Q1,Capgemini America Inc,Certified,H-1B,Applications Consultant 3,Software Developers,147638,III,NH,1
CTSH,FY2026_Q1,COGNIZANT TECHNOLOGY SOLUTIONS US CORP,Certified,H-1B,Manager JC50 - Computer Systems Engineers/Architects,Computer Systems Engineers/Architects,104811,III,VA,1
TCS,FY2026_Q1,TATA CONSULTANCY SERVICES LIMITED,Certified,H-1B,Analyst “ Testing,Software Quality Assurance Analysts and Testers,80018,II,FL,1
TCS,FY2026_Q1,TATA CONSULTANCY SERVICES LIMITED,Certified,H-1B,Architect,Computer Systems Engineers/Architects,69451,II,WI,1
CTSH,FY2026_Q1,COGNIZANT TECHNOLOGY SOLUTIONS US CORP,Certified,H-1B,Senior Manager JC45 - Computer Systems Engineers/Architects,Computer Systems Engineers/Architects,119184,IV,OH,1
TCS,FY2026_Q1,TATA CONSULTANCY SERVICES LIMITED,Certified,H-1B,Business Analyst,Business Intelligence Analysts,79851,II,NC,1
WIT,FY2026_Q1,WIPRO LIMITED,Certified,E-3 Australian,Developer L4,Computer Programmers,115000,II,TX,1
CTSH,FY2026_Q1,COGNIZANT TECHNOLOGY SOLUTIONS US CORP,Certified,H-1B,Manager JC50 - Computer Systems Engineers/Architects,Computer Systems Engineers/Architects,126818,III,NJ,1
CTSH,FY2026_Q1,COGNIZANT TECHNOLOGY SOLUTIONS US CORP,Certified,H-1B,Senior Manager JC45 - Computer Systems Engineers/Architects,Computer Systems Engineers/Architects,123240,IV,MO,1
TCS,FY2026_Q1,TATA CONSULTANCY SERVICES LIMITED,Certified,H-1B,Database Administrator,Database Administrators,86320,II,RI,1
WIT,FY2026_Q1,WIPRO LIMITED,Certified,H-1B,Lead Administrator L2,Network and Computer Systems Administrators,99195,II,NJ,1
TCS,FY2026_Q1,Tata Consultancy Services Limited,Certified,H-1B,Technical Lead,Information Technology Project Managers,70800,II,AR,1
CTSH,FY2026_Q1,COGNIZANT TECHNOLOGY SOLUTIONS US CORP,Certified,H-1B,Senior Manager JC45 - Computer Systems Engineers/Architects,Computer Systems Engineers/Architects,119184,IV,OH,1
TCS,FY2026_Q1,Tata Consultancy Services Limited,Certified,H-1B,Developer,Computer Programmers,104541,III,CA,1
G,FY2026_Q1,Genpact LLC,Certified,H-1B,Senior Principal Consultant,Information Technology Project Managers,128780,III,GA,1
CAP,FY2026_Q1,Capgemini America Inc,Certified,H-1B,Business Systems Analyst 4,Computer Systems Analysts,168096,IV,GA,1
CAP,FY2026_Q1,Capgemini America Inc,Certified,H-1B,Test Consultant 3,Software Quality Assurance Analysts and Testers,103017,III,WI,1
CTSH,FY2026_Q1,COGNIZANT TECHNOLOGY SOLUTIONS US CORP,Certified,H-1B,Manager JC50 - Information Technology Project Managers,Information Technology Project Managers,110000,III,IL,1
HCLTECH,FY2026_Q1,HCL AMERICA INC,Certified,H-1B,Domain\Technical Architect,Computer Systems Engineers/Architects,126818,III,NJ,1
CTSH,FY2026_Q1,COGNIZANT TECHNOLOGY SOLUTIONS US CORP,Certified,H-1B,Senior Manager JC45 - Computer Systems Engineers/Architects,Computer Systems Engineers/Architects,167024,IV,WA,1
CTSH,FY2026_Q1,COGNIZANT TECHNOLOGY SOLUTIONS US CORP,Certified,H-1B,Manager JC50 - Computer Systems Engineers/Architects,Computer Systems Engineers/Architects,126818,III,NJ,1
HCLTECH,FY2026_Q1,HCL AMERICA INC,Certified,H-1B,Senior Technical Lead,Computer Programmers,105000,III,IN,1
CAP,FY2026_Q1,Capgemini America Inc,Certified,H-1B,Project Manager 4,Information Technology Project Managers,223142,IV,CA,1
IBM,FY2026_Q1,IBM Corporation,Certified,H-1B,Lead Data Scientist,Computer and Information Research Scientists,223579,IV,NY,1
CTSH,FY2026_Q1,COGNIZANT TECHNOLOGY SOLUTIONS US CORP,Certified,H-1B,Senior Manager JC45 - Computer Systems Engineers/Architects,Computer Systems Engineers/Architects,123240,IV,MO,1
CTSH,FY2026_Q1,COGNIZANT TECHNOLOGY SOLUTIONS US CORP,Certified,H-1B,Senior Manager JC45 - Computer Systems Engineers/Architects,Computer Systems Engineers/Architects,144310,IV,TX,1
CTSH,FY2026_Q1,COGNIZANT TECHNOLOGY SOLUTIONS US CORP,Certified,H-1B,Mgr. JC50 - Software Quality Assurance Analysts and Testers,Software Quality Assurance Analysts and Testers,125528,III,NY,1
CAP,FY2026_Q1,Capgemini America Inc,Certified,H-1B,Applications Consultant 2,Software Developers,116709,II,NC,1
LTIM,FY2026_Q1,LTIMindtree Limited,Certified,H-1B,Software Developer,Software Developers,129667,II,CA,1
DXC,FY2026_Q1,"AvidXchange, Inc.",Certified,H-1B,Data Engineer II,Software Developers,116000,I,CA,1
HCLTECH,FY2026_Q1,HCL AMERICA INC,Certified,H-1B,Program Manager,Information Technology Project Managers,131000,III,AZ,1
CTSH,FY2026_Q1,COGNIZANT TECHNOLOGY SOLUTIONS US CORP,Certified,H-1B,SA JC60 - Software Quality Assurance Analysts and Testers,Software Quality Assurance Analysts and Testers,82347,II,GA,1
HCLTECH,FY2026_Q1,HCL AMERICA INC,Certified,H-1B,Technical Lead,Computer Programmers,105000,III,IN,1
IBM,FY2026_Q1,IBM Corporation,Certified,H-1B,Application Developer,Software Developers,156205,IV,PA,1
TCS,FY2026_Q1,Tata Consultancy Services Limited,Certified,H-1B,Software Developer,Software Developers,108077,II,IL,1
G,FY2026_Q1,Genpact LLC,Certified,H-1B,Assistant Vice President,Operations Research Analysts,165000,IV,NC,1
TCS,FY2026_Q1,Tata Consultancy Services Limited,Certified,H-1B,Developer,Computer Programmers,77418,II,TX,1
WIT,FY2026_Q1,WIPRO LIMITED,Certified,H-1B,Techno Functional Consultant L1,Computer Systems Analysts,93226,II,CT,1
CNXC,FY2026_Q1,Concentrix CVG Customer Management Group Inc.,Certified,H-1B,Software Engineer,Software Developers,149240,II,WA,1
CAP,FY2026_Q1,Capgemini America Inc,Certified,H-1B,Applications Consultant 3,Software Developers,132600,III,IL,1
WIT,FY2026_Q1,WIPRO LIMITED,Certified,H-1B,Technical Lead L1,Computer Programmers,140271,II,WA,1
HCLTECH,FY2026_Q1,HCL AMERICA INC,Certified,H-1B,Lead Consultant,Computer Systems Engineers/Architects,120835,II,TX,1
CTSH,FY2026_Q1,COGNIZANT TECHNOLOGY SOLUTIONS US CORP,Certified,H-1B,Manager JC50 - Computer Systems Engineers/Architects,Computer Systems Engineers/Architects,115336,III,OH,1
TCS,FY2026_Q1,Tata Consultancy Services Limited,Certified,H-1B,Technical Lead,Information Technology Project Managers,111550,II,WA,1
CTSH,FY2026_Q1,COGNIZANT TECHNOLOGY SOLUTIONS US CORP,Certified,H-1B,AD JC40 - Information Technology Project Managers,Information Technology Project Managers,144310,IV,TX,1
ACN,FY2026_Q1,"Accenture Infrastructure & Capital Projects, LLC",Certified,E-3 Australian,Associate Director,Construction Managers,209762,IV,WA,1
CTSH,FY2026_Q1,COGNIZANT TECHNOLOGY SOLUTIONS US CORP,Certified,H-1B,Senior Associate JC60 -Computer Systems Engineers/Architects,Computer Systems Engineers/Architects,139443,II,CA,1
CAP,FY2026_Q1,Capgemini America Inc,Certified,H-1B,Business Systems Analyst 3,Computer Systems Analysts,145299,III,CT,1
MPHASIS,FY2026_Q1,Mphasis Corporation ,Certified,H-1B,Software Programmer II,Computer Programmers,99740,II,MA,1
CTSH,FY2026_Q1,COGNIZANT TECHNOLOGY SOLUTIONS US CORP,Certified,H-1B,Manager JC50 - Computer Systems Engineers/Architects,Computer Systems Engineers/Architects,110157,III,MN,1
CAP,FY2026_Q1,Capgemini America Inc,Certified,H-1B,Infrastructure Consultant 3,Computer Systems Analysts,112200,III,WI,1
TCS,FY2026_Q1,TATA CONSULTANCY SERVICES LIMITED,Certified,H-1B,User Interface Designer,Web and Digital Interface Designers,82243,III,FL,1
CTSH,FY2026_Q1,COGNIZANT TECHNOLOGY SOLUTIONS US CORP,Certified,H-1B,Senior Associate JC60 -Computer Systems Engineers/Architects,Computer Systems Engineers/Architects,114795,II,CA,1
CAP,FY2026_Q1,Capgemini America Inc,Certified,H-1B,Applications Consultant 3,Software Developers,133926,III,OH,1
CTSH,FY2026_Q1,COGNIZANT TECHNOLOGY SOLUTIONS US CORP,Certified,H-1B,Senior Manager JC45 - Computer Systems Engineers/Architects,Computer Systems Engineers/Architects,167024,IV,WA,1
CTSH,FY2026_Q1,COGNIZANT TECHNOLOGY SOLUTIONS US CORP,Certified,H-1B,Manager JC50 - Computer Systems Engineers/Architects,Computer Systems Engineers/Architects,106954,III,FL,1
CTSH,FY2026_Q1,COGNIZANT TECHNOLOGY SOLUTIONS US CORP,Certified,H-1B,Manager JC50 - Computer Systems Engineers/Architects,Computer Systems Engineers/Architects,126818,III,NJ,1
WIT,FY2026_Q1,WIPRO LIMITED,Certified,H-1B,Lead Administrator L2,Network and Computer Systems Administrators,86965,II,TX,1
CAP,FY2026_Q1,Capgemini America Inc,Certified,H-1B,Enterprise Architect 3,Computer Systems Engineers/Architects,147000,III,IL,1
MPHASIS,FY2026_Q1,Mphasis Corporation,Certified,H-1B,Software Engineer,Computer Programmers,125000,II,PA,1
CAP,FY2026_Q1,Capgemini America Inc,Certified,H-1B,Applications Consultant 3,Software Developers,134794,III,OH,1
HCLTECH,FY2026_Q1,HCL AMERICA INC,Certified,H-1B,Senior Project Manager,Information Technology Project Managers,111862,III,TX,1
CAP,FY2026_Q1,Capgemini America Inc,Certified,H-1B,Project Manager 3,Information Technology Project Managers,127284,III,CT,1
LTIM,FY2026_Q1,LTIMindtree Limited,Certified,H-1B,Senior Specialist- Quality Engineering,Software Quality Assurance Analysts and Testers,92310,II,NC,1
IBM,FY2026_Q1,IBM Corporation,Certified,H-1B,Advisory Software Engineer,Software Developers,264516,IV,CA,1
IBM,FY2026_Q1,IBM Corporation,Certified,H-1B,Application Consultant,Computer Systems Analysts,129480,III,MD,1
IBM,FY2026_Q1,IBM Corporation,Certified,H-1B,Application Developer,Computer Systems Analysts,127234,III,NJ,1
TCS,FY2026_Q1,TATA CONSULTANCY SERVICES LIMITED,Certified,H-1B,Technical Lead,Information Technology Project Managers,113797,III,NC,1
IBM,FY2026_Q1,IBM Corporation,Certified,H-1B,Package Consultant,Business Intelligence Analysts,318350,IV,TX,1
MPHASIS,FY2026_Q1,Mphasis Corporation ,Certified,H-1B,Software Programmer II,Computer Programmers,122000,II,CA,1
CTSH,FY2026_Q1,COGNIZANT TECHNOLOGY SOLUTIONS US CORP,Certified,H-1B,Senior Manager JC45 - Computer Systems Engineers/Architects,Computer Systems Engineers/Architects,144310,IV,TX,1
TCS,FY2026_Q1,Tata Consultancy Services Limited,Certified,H-1B,Architect,Computer Systems Engineers/Architects,115336,III,OH,1
WIT,FY2026_Q1,Wipro Appirio INC,Certified,H-1B,Technical Lead L1,Computer Programmers,146664,II,NC,1
CTSH,FY2026_Q1,COGNIZANT TECHNOLOGY SOLUTIONS US CORP,Certified,H-1B,Mgr. JC50 - Software Quality Assurance Analysts and Testers,Software Quality Assurance Analysts and Testers,105602,III,NJ,1
TCS,FY2026_Q1,Tata Consultancy Services Limited,Certified,H-1B,Technical Lead,Information Technology Project Managers,90210,II,MN,1
CTSH,FY2026_Q1,COGNIZANT TECHNOLOGY SOLUTIONS US CORP,Certified,H-1B,Senior Manager JC45 - Computer Systems Engineers/Architects,Computer Systems Engineers/Architects,115128,IV,FL,1
CTSH,FY2026_Q1,COGNIZANT TECHNOLOGY SOLUTIONS US CORP,Certified,H-1B,Senior Manager JC45 - Computer Systems Engineers/Architects,Computer Systems Engineers/Architects,144310,IV,TX,1
WIT,FY2026_Q1,WIPRO LIMITED,Certified,H-1B,Project Lead L1,Information Technology Project Managers,89789,II,NC,1
CAP,FY2026_Q1,Capgemini America Inc,Certified,H-1B,Business Systems Analyst 2,Computer Systems Analysts,104351,II,NJ,1
CAP,FY2026_Q1,Capgemini America Inc,Certified,H-1B,Solution Architect 3,Software Developers,160805,III,NJ,1
CAP,FY2026_Q1,Capgemini America Inc,Certified,H-1B,Programmer/ Developer 3,Computer Programmers,125000,III,TX,1
CTSH,FY2026_Q1,COGNIZANT TECHNOLOGY SOLUTIONS US CORP,Certified,H-1B,SA JC60 - Software Quality Assurance Analysts and Testers,Software Quality Assurance Analysts and Testers,86466,II,OR,1
IBM,FY2026_Q1,IBM Corporation,Certified - Withdrawn,H-1B,Application Developer,Computer Systems Analysts,127234,III,NJ,1
CAP,FY2026_Q1,Capgemini America Inc,Certified - Withdrawn,H-1B,Applications Consultant 2,Software Developers,113547,II,NC,1
MPHASIS,FY2026_Q1,Mphasis Corporation,Certified,H-1B,Software Engineer,Computer Programmers,125000,I,TX,1
MPHASIS,FY2026_Q1,Mphasis Corporation,Certified,H-1B,Software Engineer,Computer Programmers,66061,I,TX,1
LTIM,FY2026_Q1,LTIMindtree Limited,Certified,H-1B,Database Administrator,Database Administrators,89398,II,TX,1
TCS,FY2026_Q1,TATA CONSULTANCY SERVICES LIMITED,Certified,H-1B,PROJECT LEAD,Information Technology Project Managers,118331,IV,OH,1
HCLTECH,FY2026_Q1,HCL AMERICA INC,Certified,H-1B,Service Delivery Manager,Information Technology Project Managers,118990,III,OH,1
LTIM,FY2026_Q1,LTIMindtree Limited,Certified,H-1B,Senior Specialist - System Management,Software Developers,112923,II,TX,1
TCS,FY2026_Q1,Tata Consultancy Services Limited,Certified,H-1B,Developer,Computer Programmers,98301,II,NJ,1
MPHASIS,FY2026_Q1,Mphasis Corporation,Certified,H-1B,Software Architect,Software Developers,125000,II,KY,1
INFY,FY2026_Q1,INFOSYS LIMITED,Certified,H-1B,Technology Consultant 2,Computer Systems Engineers/Architects,81765,II,CT,1
LTIM,FY2026_Q1,LTIMindtree Limited,Certified,H-1B,Software Developer,Software Developers,100797,II,FL,1
CAP,FY2026_Q1,Capgemini America Inc,Certified,H-1B,Network Engineer 3,Computer Network Support Specialists,100125,III,TX,1
TCS,FY2026_Q1,TATA CONSULTANCY SERVICES LIMITED,Certified,H-1B,Architect,Computer Systems Engineers/Architects,76606,II,OH,1
CTSH,FY2026_Q1,COGNIZANT TECHNOLOGY SOLUTIONS US CORP,Certified,H-1B,Senior Manager JC45 - Computer Systems Engineers/Architects,Computer Systems Engineers/Architects,135699,IV,FL,1
TCS,FY2026_Q1,TATA CONSULTANCY SERVICES LIMITED,Certified,H-1B,ARCHITECT,Computer Systems Engineers/Architects,86445,II,GA,1
TCS,FY2026_Q1,Tata Consultancy Services Limited,Certified,H-1B,System Administrator,Network and Computer Systems Administrators,84323,II,OH,1
INFY,FY2026_Q1,INFOSYS LIMITED,Certified,H-1B,Package Project Lead 2,Information Technology Project Managers,115336,III,OH,5
TCS,FY2026_Q1,TATA CONSULTANCY SERVICES LIMITED,Certified,H-1B,ANALYST,Computer Systems Analysts,73507,II,KY,1
DXC,FY2026_Q1,DXC Technology Services LLC,Certified,H-1B,Senior Director Account Executive,General and Operations Managers,250000,IV,MA,1
CTSH,FY2026_Q1,COGNIZANT TECHNOLOGY SOLUTIONS US CORP,Certified,H-1B,Senior Manager JC45 - Computer Systems Engineers/Architects,Computer Systems Engineers/Architects,140795,IV,NC,1
CTSH,FY2026_Q1,COGNIZANT TECHNOLOGY SOLUTIONS US CORP,Certified,H-1B,SA JC60 - Software Quality Assurance Analysts and Testers,Software Quality Assurance Analysts and Testers,84178,II,CT,1
INFY,FY2026_Q1,INFOSYS LIMITED,Certified,H-1B,Package Consultant 2,Computer Systems Engineers/Architects,62941,II,TN,5
LTIM,FY2026_Q1,LTIMindtree Limited,Certified,E-3 Australian,Information Technology Project Manager,Information Technology Project Managers,110157,III,MN,1
MPHASIS,FY2026_Q1,Mphasis Corporation,Certified,H-1B,Software Engineer,Computer Programmers,71000,I,TX,1
TCS,FY2026_Q1,Tata Consultancy Services Limited,Certified,H-1B,Architect,Computer Systems Engineers/Architects,108846,III,UT,1
CTSH,FY2026_Q1,COGNIZANT TECHNOLOGY SOLUTIONS US CORP,Certified,H-1B,Senior Manager JC45 - Computer Systems Engineers/Architects,Computer Systems Engineers/Architects,144310,IV,TX,1
INFY,FY2026_Q1,INFOSYS LIMITED,Certified,H-1B,Infrastructure Project Lead 1,Information Technology Project Managers,86403,II,CA,5
MPHASIS,FY2026_Q1,Mphasis Corporation,Certified,H-1B,Delivery Project Manager,Information Technology Project Managers,125000,II,TX,1
CAP,FY2026_Q1,Capgemini America Inc,Certified,H-1B,Applications Consultant 2,Software Developers,131139,II,GA,1
MPHASIS,FY2026_Q1,Mphasis Corporation,Certified,H-1B,IT Project Manager,Information Technology Project Managers,95000,II,TX,1
HCLTECH,FY2026_Q1,HCL AMERICA INC,Certified,H-1B,Project Lead,Information Technology Project Managers,111862,III,TX,1
CAP,FY2026_Q1,Capgemini America Inc,Certified,H-1B,Test Consultant 3,Software Quality Assurance Analysts and Testers,107513,III,CT,1
INFY,FY2026_Q1,INFOSYS LIMITED,Certified,H-1B,Technology Project Lead 1,Information Technology Project Managers,89773,II,NJ,1
HCLTECH,FY2026_Q1,HCL AMERICA INC,Certified,H-1B,Lead Consultant,Computer Systems Engineers/Architects,120299,III,CA,1
INFY,FY2026_Q1,"Srivin Infosystems, Inc.",Certified,H-1B,DATA ENGINEER,Computer Programmers,77438,II,TX,1
CTSH,FY2026_Q1,COGNIZANT TECHNOLOGY SOLUTIONS US CORP,Certified,H-1B,Manager JC50 - Computer Systems Engineers/Architects,Computer Systems Engineers/Architects,104062,III,CT,1
DXC,FY2026_Q1,DXC Technology Services LLC,Certified,H-1B,Manager Infrastructure Services,Network and Computer Systems Administrators,118280,III,TX,1
TCS,FY2026_Q1,Tata Consultancy Services Limited,Certified,H-1B,Architect,Computer Systems Engineers/Architects,86445,II,GA,1
LTIM,FY2026_Q1,LTIMindtree Limited,Certified,H-1B,Computer Systems Engineers/Architects,Computer Systems Engineers/Architects,92581,II,TX,1
LTIM,FY2026_Q1,LTIMindtree Limited,Certified,H-1B,Computer Programmer,Computer Programmers,98301,II,NJ,1
INFY,FY2026_Q1,INFOSYS LIMITED,Certified,H-1B,Package Consultant 2,Computer Systems Engineers/Architects,86403,II,CA,5
INFY,FY2026_Q1,INFOSYS LIMITED,Certified,H-1B,Domain Consultant 2,Management Analysts,90230,II,AZ,5
CAP,FY2026_Q1,Capgemini America Inc,Certified,H-1B,Test Consultant 3,Software Quality Assurance Analysts and Testers,127089,III,IA,1
TCS,FY2026_Q1,Tata Consultancy Services Limited,Certified,H-1B,System Administrator,Network and Computer Systems Administrators,86486,II,IL,1
CTSH,FY2026_Q1,COGNIZANT TECHNOLOGY SOLUTIONS US CORP,Certified,H-1B,Senior Associate JC60 - Database Architects,Database Architects,122366,II,OR,1
CTSH,FY2026_Q1,COGNIZANT TECHNOLOGY SOLUTIONS US CORP,Certified,H-1B,Manager JC50 - Computer Systems Engineers/Architects,Computer Systems Engineers/Architects,126818,III,NJ,1
CAP,FY2026_Q1,Capgemini America Inc,Certified,H-1B,Business Systems Analyst 4,Computer Systems Analysts,148625,IV,OH,1
CTSH,FY2026_Q1,COGNIZANT TECHNOLOGY SOLUTIONS US CORP,Certified,H-1B,Manager JC50 - Computer Systems Engineers/Architects,Computer Systems Engineers/Architects,104062,III,CT,1
LTIM,FY2026_Q1,LTIMindtree Limited,Certified,H-1B,Software Developer,Software Developers,105976,II,TX,1
WIT,FY2026_Q1,WIPRO LIMITED,Certified,H-1B,Test Engineer L4,Software Quality Assurance Analysts and Testers,87560,II,OH,1
TCS,FY2026_Q1,TATA CONSULTANCY SERVICES LIMITED,Certified,H-1B,ARCHITECT,Computer Systems Engineers/Architects,82846,II,IL,1
LTIM,FY2026_Q1,LTIMindtree Limited,Certified,H-1B,Computer Programmer,Computer Programmers,98301,II,NY,1
IBM,FY2026_Q1,IBM Corporation,Certified,H-1B,Lead Application Developer,Computer Systems Analysts,150592,III,NJ,1
INFY,FY2026_Q1,INFOSYS LIMITED,Certified,H-1B,Process Project Lead 1,Project Management Specialists,102939,II,NY,5
MPHASIS,FY2026_Q1,Mphasis Corporation,Certified,H-1B,Project Manager,Information Technology Project Managers,110000,II,TX,1
TCS,FY2026_Q1,Tata Consultancy Services Limited,Certified,H-1B,Architect,Computer Systems Engineers/Architects,77189,II,NY,1
MPHASIS,FY2026_Q1,Mphasis Corporation,Certified,H-1B,Software Engineer,Computer Programmers,115000,II,OH,1
MPHASIS,FY2026_Q1,Mphasis Corporation,Certified,H-1B,Software Engineer,Computer Programmers,125000,I,TX,1
CAP,FY2026_Q1,Capgemini America Inc,Certified,H-1B,Business Analyst 3,Management Analysts,112200,III,OH,1
TCS,FY2026_Q1,Tata Consultancy Services Limited,Certified,H-1B,Architect,Computer Systems Engineers/Architects,92394,II,PA,1
MPHASIS,FY2026_Q1,Mphasis Corporation,Certified,H-1B,Software Architect,Computer Systems Engineers/Architects,135000,II,TX,1
CAP,FY2026_Q1,CAPGEMINI AMERICA INC,Certified,H-1B,Applications Consultant 2,Software Developers,140000,II,FL,1
INFY,FY2026_Q1,INFOSYS LIMITED,Certified,H-1B,Technology Consultant 2,Computer Systems Engineers/Architects,111550,II,WA,1
MPHASIS,FY2026_Q1,Mphasis Corporation,Certified,H-1B,Software Architect,Software Developers,125000,II,CO,1
CTSH,FY2026_Q1,COGNIZANT TECHNOLOGY SOLUTIONS US CORP,Certified,H-1B,Senior Associate JC60 -Computer Systems Engineers/Architects,Computer Systems Engineers/Architects,82285,II,IN,1
INFY,FY2026_Q1,INFOSYS LIMITED,Certified,H-1B,Domain Consultant 2,Management Analysts,96491,II,CA,5
CTSH,FY2026_Q1,COGNIZANT TECHNOLOGY SOLUTIONS US CORP,Certified,H-1B,Manager JC50 - Computer Systems Engineers/Architects,Computer Systems Engineers/Architects,113797,III,NC,1
MPHASIS,FY2026_Q1,Mphasis Corporation ,Certified,H-1B,Database Administrator II,Database Administrators,97344,II,VA,1
INFY,FY2026_Q1,"Srivin Infosystems, Inc.",Certified,H-1B,SOFTWARE DEVELOPER,Computer Programmers,98301,II,NY,1
TCS,FY2026_Q1,Tata Consultancy Services Limited,Certified,H-1B,Architect,Computer Systems Engineers/Architects,60403,II,FL,1
TCS,FY2026_Q1,Tata Consultancy Services Limited,Certified,H-1B,Architect,Computer Systems Engineers/Architects,86798,II,NC,1
MPHASIS,FY2026_Q1,Mphasis Corporation,Certified,H-1B,Software Engineer,Computer Programmers,123000,II,DE,1
CAP,FY2026_Q1,Capgemini America Inc,Certified,H-1B,Test Consultant 2,Software Quality Assurance Analysts and Testers,87672,II,TX,1
CTSH,FY2026_Q1,COGNIZANT TECHNOLOGY SOLUTIONS US CORP,Certified,H-1B,Senior Associate JC60 -Computer Systems Engineers/Architects,Computer Systems Engineers/Architects,92581,II,TX,1
CTSH,FY2026_Q1,COGNIZANT TECHNOLOGY SOLUTIONS US CORP,Certified,H-1B,Senior Manager JC45 - Computer Systems Engineers/Architects,Computer Systems Engineers/Architects,140795,IV,NC,1
TCS,FY2026_Q1,TATA CONSULTANCY SERVICES LIMITED,Certified,H-1B,SYSTEM ADMINISTRATOR,Network and Computer Systems Administrators,81723,II,SC,1
TECHM,FY2026_Q1,"TECH MAHINDRA (AMERICAS), INC",Certified,H-1B,"Software Developer, Systems Software",Software Developers,112924,II,TX,1
INFY,FY2026_Q1,INFOSYS LIMITED,Certified,H-1B,Domain Consultant 3,Management Analysts,109013,III,TX,5
TCS,FY2026_Q1,TATA CONSULTANCY SERVICES LIMITED,Certified,H-1B,ARCHITECT,Computer Systems Engineers/Architects,86445,II,GA,1
INFY,FY2026_Q1,INFOSYS LIMITED,Certified,H-1B,Technology Consultant 2,Computer Systems Engineers/Architects,76253,II,RI,5
TCS,FY2026_Q1,Tata Consultancy Services Limited,Certified,H-1B,Software Developer,Software Developers,130000,II,TN,1
MPHASIS,FY2026_Q1,Mphasis Corporation,Certified,H-1B,Software Engineer,Computer Programmers,123000,II,NE,1
CTSH,FY2026_Q1,COGNIZANT TECHNOLOGY SOLUTIONS US CORP,Certified,H-1B,Senior Associate JC60 -Computer Systems Engineers/Architects,Computer Systems Engineers/Architects,92581,II,TX,1
LTIM,FY2026_Q1,LTIMindtree Limited,Certified,H-1B,Computer Programmer,Computer Programmers,96637,II,OH,1
TCS,FY2026_Q1,Tata Consultancy Services Limited,Certified,H-1B,System Administrator,Network and Computer Systems Administrators,107578,II,CA,1
CTSH,FY2026_Q1,COGNIZANT TECHNOLOGY SOLUTIONS US CORP,Certified,H-1B,Manager JC50 - Computer Systems Engineers/Architects,Computer Systems Engineers/Architects,126818,III,NJ,1
MPHASIS,FY2026_Q1,Mphasis Corporation,Certified,H-1B,Software Engineer,Computer Programmers,140000,II,NJ,1
CAP,FY2026_Q1,"Capgemini America, Inc.",Certified,H-1B,Solution Architect 4,Software Developers,182119,IV,GA,1
CTSH,FY2026_Q1,COGNIZANT TECHNOLOGY SOLUTIONS US CORP,Certified,H-1B,Senior Associate JC60 -Computer Systems Engineers/Architects,Computer Systems Engineers/Architects,82285,II,IN,1
MPHASIS,FY2026_Q1,Mphasis Corporation,Certified,H-1B,Delivery Project Manager,Information Technology Project Managers,125000,II,TX,1
MPHASIS,FY2026_Q1,Mphasis Corporation,Certified,H-1B,Software Engineer,Computer Programmers,115000,II,GA,1
CTSH,FY2026_Q1,COGNIZANT TECHNOLOGY SOLUTIONS US CORP,Certified,H-1B,Senior Manager JC45 - Computer Systems Engineers/Architects,Computer Systems Engineers/Architects,142771,IV,NJ,1
LTIM,FY2026_Q1,LTIMindtree Limited,Certified - Withdrawn,H-1B,Computer Systems Engineer/Architect,Computer Systems Engineers/Architects,118311,II,DC,1
HCLTECH,FY2026_Q1,HCL AMERICA INC,Certified - Withdrawn,H-1B,Technical Lead,Computer Programmers,102300,II,NC,1
HCLTECH,FY2026_Q1,HCL AMERICA INC,Certified - Withdrawn,H-1B,Technical Architect,Computer Systems Engineers/Architects,81121,II,FL,1
HCLTECH,FY2026_Q1,HCL AMERICA INC,Certified - Withdrawn,H-1B,Senior Program Manager,Information Technology Project Managers,140577,III,CA,1
HCLTECH,FY2026_Q1,HCL AMERICA INC,Certified - Withdrawn,H-1B,Systems Analyst - III,Computer Systems Analysts,128939,III,NJ,1
HCLTECH,FY2026_Q1,HCL AMERICA INC,Certified - Withdrawn,H-1B,Senior Technical Manager,Information Technology Project Managers,118846,III,TX,1
CAP,FY2026_Q1,Capgemini America Inc,Certified,H-1B,Applications Consultant 4,Software Developers,154700,IV,SC,1
TECHM,FY2026_Q1,"TECH MAHINDRA (AMERICAS), INC",Certified,H-1B,Systems Analyst,Computer Systems Analysts,110598,II,NC,1
CTSH,FY2026_Q1,COGNIZANT TECHNOLOGY SOLUTIONS US CORP,Certified,H-1B,Manager JC50 - Computer Systems Engineers/Architects,Computer Systems Engineers/Architects,108514,III,GA,1
WIT,FY2026_Q1,WIPRO LIMITED,Certified,H-1B,Techno Functional Consultant L3,Computer Systems Analysts,106974,III,PA,1
CTSH,FY2026_Q1,COGNIZANT TECHNOLOGY SOLUTIONS US CORP,Certified,H-1B,Manager JC50 - Network and Computer Systems Administrators,Network and Computer Systems Administrators,111842,III,MA,1
CTSH,FY2026_Q1,COGNIZANT TECHNOLOGY SOLUTIONS US CORP,Certified,H-1B,Manager JC50 - Computer Systems Engineers/Architects,Computer Systems Engineers/Architects,106122,III,IA,1
CTSH,FY2026_Q1,COGNIZANT TECHNOLOGY SOLUTIONS US CORP,Certified,H-1B,Manager JC50 - Network and Computer Systems Administrators,Network and Computer Systems Administrators,100402,III,NC,1
CTSH,FY2026_Q1,COGNIZANT TECHNOLOGY SOLUTIONS US CORP,Certified,H-1B,Manager JC50 - Computer Systems Engineers/Architects,Computer Systems Engineers/Architects,115336,III,OH,1
WIT,FY2026_Q1,WIPRO LIMITED,Certified,H-1B,Data and Analytics Architect L2,Database Architects,142626,III,FL,1
TCS,FY2026_Q1,Tata Consultancy Services Limited,Certified,H-1B,Architect,Computer Systems Engineers/Architects,76606,II,OH,1
CTSH,FY2026_Q1,COGNIZANT TECHNOLOGY SOLUTIONS US CORP,Certified,H-1B,Sr. Mgr. JC45 - Information Technology Project Managers,Information Technology Project Managers,145995,IV,CO,1
G,FY2026_Q1,Genpact LLC,Certified,H-1B,Senior Principal Consultant,Data Warehousing Specialists,148490,III,GA,1
WIT,FY2026_Q1,WIPRO LIMITED,Certified,H-1B,Technical Lead L1,Computer Programmers,120000,II,TX,1
TCS,FY2026_Q1,Tata Consultancy Services Limited,Certified,H-1B,Architect,Computer Systems Engineers/Architects,94682,II,NJ,1
CAP,FY2026_Q1,Capgemini America Inc,Certified,H-1B,Software Engineer 3,Software Developers,122750,III,WI,1
HCLTECH,FY2026_Q1,HCL AMERICA INC,Certified,H-1B,Domain\Technical Architect,Information Security Analysts,161639,III,NJ,1
TCS,FY2026_Q1,TATA CONSULTANCY SERVICES LIMITED,Certified,H-1B,Developer,Computer Programmers,98301,II,NJ,1
CAP,FY2026_Q1,Capgemini America Inc,Certified,H-1B,Applications Consultant 2,Software Developers,108077,II,IL,1
TECHM,FY2026_Q1,"TECH MAHINDRA (AMERICAS), INC",Certified,H-1B,Program Manager,Computer and Information Systems Managers,178200,II,FL,1
HCLTECH,FY2026_Q1,HCL AMERICA INC,Certified,H-1B,Senior Technical Manager,Information Technology Project Managers,118456,III,TX,1
LTIM,FY2026_Q1,LTIMindtree Limited,Certified,H-1B,Computer Systems Analysts,Computer Systems Analysts,91396,II,CT,1
INFY,FY2026_Q1,INFOSYS LIMITED,Certified,H-1B,Technology Consultant 2,Computer Systems Engineers/Architects,99736,II,CO,1
WIT,FY2026_Q1,WIPRO LIMITED,Certified,H-1B,Senior Consultant-Tech & Impl Cons L1,Computer Systems Analysts,120000,II,OH,1
CAP,FY2026_Q1,Capgemini America Inc,Certified,H-1B,Applications Consultant 3,Software Developers,127837,III,TX,1
MPHASIS,FY2026_Q1,Mphasis Corporation ,Certified,H-1B,SOFTWARE PROGRAMMER II,Computer Programmers,110000,II,TX,1
LTIM,FY2026_Q1,LTIMindtree Limited,Certified,H-1B,Computer Systems Analysts,Computer Systems Analysts,105187,III,OK,1
HCLTECH,FY2026_Q1,HCL GLOBAL SYSTEMS INC,Certified,H-1B,SENIOR DATA ENGINEER,Software Developers,134971,III,TX,1
CTSH,FY2026_Q1,COGNIZANT TECHNOLOGY SOLUTIONS US CORP,Certified,H-1B,Manager JC50 - Network and Computer Systems Administrators,Network and Computer Systems Administrators,100402,III,NC,1
WIT,FY2026_Q1,WIPRO LIMITED,Certified,H-1B,Test Engineer L4,Software Quality Assurance Analysts and Testers,92456,II,VA,1
HCLTECH,FY2026_Q1,HCL AMERICA INC,Certified,H-1B,Senior Project Manager,Information Technology Project Managers,111862,III,TX,1
INFY,FY2026_Q1,INFOSYS LIMITED,Certified,H-1B,Architecture Consultant 3,Computer Systems Engineers/Architects,104062,III,CT,5
CTSH,FY2026_Q1,COGNIZANT TECHNOLOGY SOLUTIONS US CORP,Certified,H-1B,Manager JC50 - Graphic Designers,Graphic Designers,88421,III,VA,1
TCS,FY2026_Q1,Tata Consultancy Services Limited,Certified,H-1B,Analyst - Testing,Software Quality Assurance Analysts and Testers,109782,III,MN,1
CTSH,FY2026_Q1,COGNIZANT TECHNOLOGY SOLUTIONS US CORP,Certified,H-1B,Manager JC50 - Computer Systems Engineers/Architects,Computer Systems Engineers/Architects,108514,III,GA,1
INFY,FY2026_Q1,INFOSYS LIMITED,Certified,H-1B,Technology Consultant 2,Computer Systems Engineers/Architects,86798,II,NC,5
CAP,FY2026_Q1,Capgemini America Inc,Certified,H-1B,Applications Consultant 3,Software Developers,136400,III,IL,1
CTSH,FY2026_Q1,COGNIZANT TECHNOLOGY SOLUTIONS US CORP,Certified,H-1B,Manager JC50 - Computer Systems Engineers/Architects,Computer Systems Engineers/Architects,104936,III,CT,1
CAP,FY2026_Q1,Capgemini America Inc,Certified,H-1B,Software Engineer 3,Software Developers,160805,III,NJ,1
WIT,FY2026_Q1,WIPRO LIMITED,Certified,H-1B,Domain Consultant L3,Management Analysts,103709,II,NJ,1
CTSH,FY2026_Q1,COGNIZANT TECHNOLOGY SOLUTIONS US CORP,Certified,H-1B,Manager JC50 - Network and Computer Systems Administrators,Network and Computer Systems Administrators,119038,III,NY,1
CTSH,FY2026_Q1,COGNIZANT TECHNOLOGY SOLUTIONS US CORP,Certified,H-1B,Senior Manager JC45 - Computer Systems Engineers/Architects,Computer Systems Engineers/Architects,152194,IV,MD,1
MPHASIS,FY2026_Q1,Mphasis Corporation,Certified,H-1B,Software Engineer,Computer Programmers,94931,II,CO,1
LTIM,FY2026_Q1,LTIMindtree Limited,Certified,H-1B,Senior Specialist - Package Implementation,Software Developers,103334,II,TN,1
CAP,FY2026_Q1,Capgemini America Inc,Certified,H-1B,Test Consultant 3,Software Quality Assurance Analysts and Testers,150689,III,TX,1
CAP,FY2026_Q1,Capgemini America Inc,Certified,H-1B,Applications Consultant 3,Software Developers,161104,III,MO,1
CTSH,FY2026_Q1,COGNIZANT TECHNOLOGY SOLUTIONS US CORP,Certified,H-1B,Manager JC50 - Computer Systems Engineers/Architects,Computer Systems Engineers/Architects,106122,III,IA,1
WIT,FY2026_Q1,WIPRO LIMITED,Certified,H-1B,Lead Administrator L1,Network and Computer Systems Administrators,86965,II,TX,1
WIT,FY2026_Q1,WIPRO LIMITED,Certified,H-1B,Techno Functional Consultant L2,Computer Systems Analysts,92854,II,TX,1
TCS,FY2026_Q1,TATA CONSULTANCY SERVICES LIMITED,Certified,H-1B,Architect,Computer Systems Engineers/Architects,86445,II,GA,1
TCS,FY2026_Q1,Tata Consultancy Services Limited,Certified,H-1B,Architect,Computer Systems Engineers/Architects,92394,II,PA,1
INFY,FY2026_Q1,Bean Infosystems LLC,Certified,H-1B,Software Engineer,Software Developers,112923,II,TX,1
TCS,FY2026_Q1,Tata Consultancy Services Limited,Certified,H-1B,Developer,Computer Programmers,76835,II,IL,1
INFY,FY2026_Q1,INFOSYS LIMITED,Certified,H-1B,Engineering Consultant 2,Manufacturing Engineers,94557,II,TX,1
CAP,FY2026_Q1,"Capgemini America, Inc.",Certified,H-1B,Business Systems Analyst 3,Computer Systems Analysts,112029,III,GA,1
LTIM,FY2026_Q1,LTIMindtree Limited,Certified,H-1B,Computer Systems Analyst,Computer Systems Analysts,161179,III,CA,1
WIT,FY2026_Q1,WIPRO LIMITED,Certified,H-1B,Project Manager L1,Information Technology Project Managers,87345,II,TX,1
MPHASIS,FY2026_Q1,Mphasis Corporation ,Certified,H-1B,SOFTWARE PROGRAMMER II,Computer Programmers,110000,II,TX,1
WIT,FY2026_Q1,WIPRO LIMITED,Certified,H-1B,Data and Analytics Architect L1,Database Architects,143974,II,WA,1
CAP,FY2026_Q1,Capgemini America Inc,Certified,H-1B,Data Analyst 3,Data Warehousing Specialists,150150,III,TX,1
CTSH,FY2026_Q1,COGNIZANT TECHNOLOGY SOLUTIONS US CORP,Certified,H-1B,Sr. Mgr. JC45 - Information Technology Project Managers,Information Technology Project Managers,112715,IV,IA,1
WIT,FY2026_Q1,WIPRO LIMITED,Certified,H-1B,Techno Functional Consultant L2,Computer Systems Analysts,91800,II,PA,1
CAP,FY2026_Q1,Capgemini America Inc,Certified,H-1B,Test Consultant 3,Software Quality Assurance Analysts and Testers,115429,III,NC,1
HCLTECH,FY2026_Q1,HCL AMERICA INC,Certified,H-1B,Technical Architect,Computer Systems Engineers/Architects,102648,III,FL,1
CNXC,FY2026_Q1,Concentrix CVG Customer Management Group Inc.,Certified,H-1B,Sr. QA and Testing Engineer,Software Quality Assurance Analysts and Testers,108680,II,WA,1
LTIM,FY2026_Q1,LTIMindtree Limited,Certified,H-1B,Specialist - System Management,Software Developers,112923,II,TX,1
TCS,FY2026_Q1,Tata Consultancy Services Limited,Certified,H-1B,System Administrator,Network and Computer Systems Administrators,85218,II,GA,1
IBM,FY2026_Q1,IBM Corporation,Certified,H-1B,Application Developer,Information Technology Project Managers,93172,II,TX,1
CTSH,FY2026_Q1,COGNIZANT TECHNOLOGY SOLUTIONS US CORP,Certified,H-1B,Manager JC50 - Graphic Designers,Graphic Designers,88421,III,DC,1
MPHASIS,FY2026_Q1,Mphasis Corporation ,Certified,H-1B,Information Systems Manager I,Computer and Information Systems Managers,121045,I,TX,1
CAP,FY2026_Q1,Capgemini America Inc,Certified,H-1B,Applications Consultant 3,Software Developers,132275,III,MI,1
TCS,FY2026_Q1,Tata Consultancy Services Limited,Certified,H-1B,Architect,Computer Systems Engineers/Architects,90210,II,MN,1
CAP,FY2026_Q1,Capgemini America Inc,Certified,H-1B,Business Systems Analyst 2,Computer Systems Analysts,124542,II,KY,1
HCLTECH,FY2026_Q1,HCL AMERICA INC,Certified,H-1B,Senior Design Lead,Computer Systems Engineers/Architects,126256,III,NC,1
HCLTECH,FY2026_Q1,HCL AMERICA INC,Certified,H-1B,Senior Technical Lead,Computer Programmers,105000,III,IN,1
CAP,FY2026_Q1,Capgemini America Inc,Certified,H-1B,Applications Consultant 3,Software Developers,133653,III,PA,1
TCS,FY2026_Q1,Tata Consultancy Services Limited,Certified,H-1B,Analyst,Computer Systems Analysts,92539,II,GA,1
CTSH,FY2026_Q1,COGNIZANT TECHNOLOGY SOLUTIONS US CORP,Certified,H-1B,SA JC60 - Software Quality Assurance Analysts and Testers,Software Quality Assurance Analysts and Testers,88088,II,IL,1
TCS,FY2026_Q1,Tata Consultancy Services Limited,Certified,H-1B,Architect,Computer Systems Engineers/Architects,84198,II,MI,1
CTSH,FY2026_Q1,COGNIZANT TECHNOLOGY SOLUTIONS US CORP,Certified,H-1B,Manager JC50 - Computer Systems Engineers/Architects,Computer Systems Engineers/Architects,118456,III,TX,1
TCS,FY2026_Q1,TATA CONSULTANCY SERVICES LIMITED,Certified,H-1B,Architect,Computer Systems Engineers/Architects,94682,II,NY,1
CTSH,FY2026_Q1,COGNIZANT TECHNOLOGY SOLUTIONS US CORP,Certified,H-1B,Manager JC50 - Computer Systems Engineers/Architects,Computer Systems Engineers/Architects,126818,III,NJ,1
TCS,FY2026_Q1,TATA CONSULTANCY SERVICES LIMITED,Certified,H-1B,Project Lead,Information Technology Project Managers,126818,III,NJ,1
LTIM,FY2026_Q1,LTIMindtree Limited,Certified,H-1B,Software Developers,Software Developers,101900,II,OH,1
CAP,FY2026_Q1,Capgemini America Inc,Certified,H-1B,Programmer/ Developer 3,Computer Programmers,128690,III,NJ,1
CAP,FY2026_Q1,Capgemini America Inc,Certified,H-1B,Solution Architect 3,Software Developers,139776,III,GA,1
TECHM,FY2026_Q1,"TECH MAHINDRA (AMERICAS), INC",Certified,H-1B,Computer Programmer,Computer Programmers,92251,II,TX,1
HCLTECH,FY2026_Q1,HCL AMERICA INC,Certified,H-1B,Senior Technical Architect,Computer Systems Engineers/Architects,125277,III,TX,1
TCS,FY2026_Q1,TATA CONSULTANCY SERVICES LIMITED,Certified,H-1B,FUNCTIONAL CONSULTANT,Computer Systems Analysts,139782,II,CA,1
CTSH,FY2026_Q1,COGNIZANT TECHNOLOGY SOLUTIONS US CORP,Certified,H-1B,Manager JC50 - Data Scientists,Data Scientists,98446,III,MO,1
CTSH,FY2026_Q1,COGNIZANT TECHNOLOGY SOLUTIONS US CORP,Certified,H-1B,Senior Manager JC45 - Computer Systems Engineers/Architects,Computer Systems Engineers/Architects,135512,IV,TX,1
CTSH,FY2026_Q1,COGNIZANT TECHNOLOGY SOLUTIONS US CORP,Certified,H-1B,Manager JC50 - Computer Systems Engineers/Architects,Computer Systems Engineers/Architects,119933,III,TX,1
HCLTECH,FY2026_Q1,HCL AMERICA INC,Certified,H-1B,Service Delivery Manager,Information Technology Project Managers,128134,III,NJ,1
TCS,FY2026_Q1,Tata Consultancy Services Limited,Certified,H-1B,User Interface Designer,Web and Digital Interface Designers,2489838,II,GA,1
TCS,FY2026_Q1,Tata Consultancy Services Limited,Certified,H-1B,Network Administrator,Network and Computer Systems Administrators,76336,II,PA,1
MPHASIS,FY2026_Q1,Mphasis Corporation,Certified,H-1B,Software Engineer,Computer Programmers,130000,II,CA,1
LTIM,FY2026_Q1,LTIMindtree Limited,Certified,H-1B,Software Developer,Software Developers,109283,II,GA,1
TCS,FY2026_Q1,TATA CONSULTANCY SERVICES LIMITED,Certified,H-1B,USER INTERFACE DESIGNER,Web and Digital Interface Designers,76003,II,PA,1
CTSH,FY2026_Q1,COGNIZANT TECHNOLOGY SOLUTIONS US CORP,Certified,H-1B,Manager JC50 - Computer Systems Engineers/Architects,Computer Systems Engineers/Architects,92082,III,PA,1
CTSH,FY2026_Q1,COGNIZANT TECHNOLOGY SOLUTIONS US CORP,Certified,H-1B,Senior Manager JC45 - Computer Systems Engineers/Architects,Computer Systems Engineers/Architects,130083,IV,MN,1
CTSH,FY2026_Q1,COGNIZANT TECHNOLOGY SOLUTIONS US CORP,Certified,H-1B,Manager JC50 - Computer Systems Engineers/Architects,Computer Systems Engineers/Architects,110157,III,MN,1
CTSH,FY2026_Q1,COGNIZANT TECHNOLOGY SOLUTIONS US CORP,Certified,H-1B,Manager JC50 - Computer Systems Engineers/Architects,Computer Systems Engineers/Architects,111862,III,TX,1
CTSH,FY2026_Q1,COGNIZANT TECHNOLOGY SOLUTIONS US CORP,Certified,H-1B,Senior Manager JC45 - Computer Systems Engineers/Architects,Computer Systems Engineers/Architects,128149,IV,IA,1
CTSH,FY2026_Q1,COGNIZANT TECHNOLOGY SOLUTIONS US CORP,Certified,H-1B,Manager JC50 - Computer Systems Engineers/Architects,Computer Systems Engineers/Architects,118456,III,TX,1
CAP,FY2026_Q1,Capgemini America Inc,Certified,H-1B,Data Analyst 3,Data Warehousing Specialists,144047,III,NJ,1
HCLTECH,FY2026_Q1,HCL GLOBAL SYSTEMS INC,Certified,H-1B,CLOUD ENGINEER,Software Developers,134971,III,TX,1
TECHM,FY2026_Q1,"TECH MAHINDRA (AMERICAS), INC",Certified,H-1B,Solutions Architect,Computer Systems Engineers/Architects,155100,II,NJ,1
CTSH,FY2026_Q1,COGNIZANT TECHNOLOGY SOLUTIONS US CORP,Certified,H-1B,SA JC60 - Software Quality Assurance Analysts and Testers,Software Quality Assurance Analysts and Testers,88088,II,IL,1
INFY,FY2026_Q1,"WinInfosys, Inc.",Certified,H-1B,Software Developer,Software Developers,108077,II,IL,1
TCS,FY2026_Q1,TATA CONSULTANCY SERVICES LIMITED,Certified,H-1B,Technical Lead,Information Technology Project Managers,86445,II,GA,1
CTSH,FY2026_Q1,COGNIZANT TECHNOLOGY SOLUTIONS US CORP,Certified,H-1B,Senior Manager JC45 - Database Architects,Database Architects,160056,IV,GA,1
HCLTECH,FY2026_Q1,HCL GLOBAL SYSTEMS INC,Certified,H-1B,SOFTWARE ENGINEER II,Software Developers,113547,II,NC,1
CTSH,FY2026_Q1,COGNIZANT TECHNOLOGY SOLUTIONS US CORP,Certified,H-1B,Manager JC50 - Computer Systems Engineers/Architects,Computer Systems Engineers/Architects,126256,III,NC,1
TCS,FY2026_Q1,TATA CONSULTANCY SERVICES LIMITED,Certified,H-1B,NETWORK ADMINISTRATOR,Network and Computer Systems Administrators,91250,II,CT,1
HCLTECH,FY2026_Q1,HCL AMERICA INC,Certified,H-1B,Sr Subject Matter Exprt(Tools&Automation),Computer Systems Engineers/Architects,139298,III,WA,1
CTSH,FY2026_Q1,COGNIZANT TECHNOLOGY SOLUTIONS US CORP,Certified,H-1B,Sr. Mgr. JC45 - Information Technology Project Managers,Information Technology Project Managers,144310,IV,TX,1
CAP,FY2026_Q1,Capgemini America Inc,Certified,H-1B,Software Engineer 2,Software Developers,112923,II,TX,1
TCS,FY2026_Q1,TATA CONSULTANCY SERVICES LIMITED,Certified,H-1B,ARCHITECT,Computer Systems Engineers/Architects,92581,II,TX,1
MPHASIS,FY2026_Q1,Mphasis Corporation,Certified,H-1B,Software Architect,Computer Systems Engineers/Architects,135000,II,TX,1
CAP,FY2026_Q1,CAPGEMINI AMERICA INC,Certified,H-1B,Infrastructure Consultant 3,Computer Systems Analysts,120819,III,TX,1
CTSH,FY2026_Q1,COGNIZANT TECHNOLOGY SOLUTIONS US CORP,Certified,H-1B,Manager JC50 - Computer Systems Engineers/Architects,Computer Systems Engineers/Architects,92082,III,PA,1
CTSH,FY2026_Q1,COGNIZANT TECHNOLOGY SOLUTIONS US CORP,Certified,H-1B,Sr. Mgr. JC45 - Information Technology Project Managers,Information Technology Project Managers,144310,IV,TX,1
CTSH,FY2026_Q1,COGNIZANT TECHNOLOGY SOLUTIONS US CORP,Certified,H-1B,Manager JC50 - Computer Systems Engineers/Architects,Computer Systems Engineers/Architects,119933,III,TX,1
CTSH,FY2026_Q1,COGNIZANT TECHNOLOGY SOLUTIONS US CORP,Certified,H-1B,Senior Manager JC45 - Computer Systems Engineers/Architects,Computer Systems Engineers/Architects,128149,IV,IA,1
CTSH,FY2026_Q1,COGNIZANT TECHNOLOGY SOLUTIONS US CORP,Certified,H-1B,Senior Manager JC45 - Computer Systems Engineers/Architects,Computer Systems Engineers/Architects,152194,IV,MD,1
CTSH,FY2026_Q1,COGNIZANT TECHNOLOGY SOLUTIONS US CORP,Certified,H-1B,Sr Mgr JC45-Software Quality Assurance Analysts and Testers,Software Quality Assurance Analysts and Testers,121826,IV,FL,1
CAP,FY2026_Q1,CAPGEMINI AMERICA INC,Certified,H-1B,Solution Architect 3,Software Developers,128750,III,FL,1
TECHM,FY2026_Q1,"TECH MAHINDRA (AMERICAS), INC",Certified,H-1B,Network Architect,Computer Network Architects,141607,II,WA,1
TCS,FY2026_Q1,Tata Consultancy Services Limited,Certified,H-1B,Architect,Computer Systems Engineers/Architects,86445,II,GA,1
HCLTECH,FY2026_Q1,HCL AMERICA INC,Certified,H-1B,Technical Lead,Computer Programmers,78151,III,PR,1
TCS,FY2026_Q1,TATA CONSULTANCY SERVICES LIMITED,Certified,H-1B,Architect,Computer Systems Engineers/Architects,92581,II,TX,1
CAP,FY2026_Q1,Capgemini America Inc,Certified,H-1B,Business Systems Analyst 2,Computer Systems Analysts,124051,II,CA,1
CAP,FY2026_Q1,Capgemini America Inc,Certified,H-1B,Programmer/ Developer 2,Computer Programmers,100203,II,IL,1
CTSH,FY2026_Q1,COGNIZANT TECHNOLOGY SOLUTIONS US CORP,Certified,H-1B,Senior Manager JC45 - Database Architects,Database Architects,160056,IV,GA,1
TCS,FY2026_Q1,TATA CONSULTANCY SERVICES LIMITED,Certified,H-1B,NETWORK ADMINISTRATOR,Network and Computer Systems Administrators,85218,II,GA,1
CTSH,FY2026_Q1,COGNIZANT TECHNOLOGY SOLUTIONS US CORP,Certified,H-1B,Senior Manager JC45 - Computer Systems Engineers/Architects,Computer Systems Engineers/Architects,130083,IV,MN,1
HCLTECH,FY2026_Q1,HCL AMERICA INC,Certified,H-1B,Senior Design Lead,"Electronics Engineers, Except Computer",119662,II,CA,1
CAP,FY2026_Q1,Capgemini America Inc,Certified,H-1B,Software Engineer 2,Software Developers,112923,II,TX,1
TCS,FY2026_Q1,Tata Consultancy Services Limited,Certified,H-1B,Developer,Computer Programmers,130853,II,CA,1
CTSH,FY2026_Q1,COGNIZANT TECHNOLOGY SOLUTIONS US CORP,Certified,H-1B,Sr Mgr JC45-Software Quality Assurance Analysts and Testers,Software Quality Assurance Analysts and Testers,123864,IV,NJ,1
MPHASIS,FY2026_Q1,Mphasis Corporation,Certified,H-1B,Software Engineer,Computer Programmers,135000,II,CA,1
CTSH,FY2026_Q1,COGNIZANT TECHNOLOGY SOLUTIONS US CORP,Certified,H-1B,Manager JC50 - Computer Systems Engineers/Architects,Computer Systems Engineers/Architects,126818,III,NJ,1
CTSH,FY2026_Q1,COGNIZANT TECHNOLOGY SOLUTIONS US CORP,Certified,H-1B,Senior Manager JC45 - Computer Systems Engineers/Architects,Computer Systems Engineers/Architects,140795,IV,NC,1
CAP,FY2026_Q1,Capgemini America Inc,Certified,H-1B,Test Consultant 3,Software Quality Assurance Analysts and Testers,112541,III,IL,1
CTSH,FY2026_Q1,COGNIZANT TECHNOLOGY SOLUTIONS US CORP,Certified,H-1B,Manager JC50 - Data Scientists,Data Scientists,115627,III,FL,1
CTSH,FY2026_Q1,COGNIZANT TECHNOLOGY SOLUTIONS US CORP,Certified,H-1B,Senior Manager JC45 - Project Management Specialists,Project Management Specialists,150301,IV,NJ,1
CTSH,FY2026_Q1,COGNIZANT TECHNOLOGY SOLUTIONS US CORP,Certified,H-1B,Sr. Mgr. JC45 - Information Technology Project Managers,Information Technology Project Managers,149240,IV,TX,1
CTSH,FY2026_Q1,COGNIZANT TECHNOLOGY SOLUTIONS US CORP,Certified,H-1B,Sr. Mgr. JC45 - Information Technology Project Managers,Information Technology Project Managers,223142,IV,CA,1
TECHM,FY2026_Q1,"TECH MAHINDRA (AMERICAS), INC",Certified,H-1B,Software Systems Engineer,Software Developers,112924,II,TX,1
CTSH,FY2026_Q1,COGNIZANT TECHNOLOGY SOLUTIONS US CORP,Certified,H-1B,Manager JC50 - Computer Systems Engineers/Architects,Computer Systems Engineers/Architects,110157,III,MN,1
WIT,FY2026_Q1,"Wipro NextGen Enterprise Inc.,",Certified,H-1B,Senior Consultant-Tech & Impl Cons L1,Computer Systems Analysts,198288,III,NC,1
CTSH,FY2026_Q1,COGNIZANT TECHNOLOGY SOLUTIONS US CORP,Certified,H-1B,Manager JC50 - Computer Systems Engineers/Architects,Computer Systems Engineers/Architects,113797,III,NC,1
CTSH,FY2026_Q1,COGNIZANT TECHNOLOGY SOLUTIONS US CORP,Certified,H-1B,Sr. Mgr. JC45 - Information Technology Project Managers,Information Technology Project Managers,128877,IV,MI,1
TCS,FY2026_Q1,Tata Consultancy Services Limited,Certified,H-1B,Architect,Computer Systems Engineers/Architects,81765,II,CT,1
HCLTECH,FY2026_Q1,HCL AMERICA INC,Certified,H-1B,Test Lead,Software Quality Assurance Analysts and Testers,114497,III,NC,1
CAP,FY2026_Q1,CAPGEMINI AMERICA INC,Certified - Withdrawn,H-1B,Solution Architect 3,Software Developers,175000,III,GA,1
WIT,FY2026_Q1,WIPRO LIMITED,Certified,H-1B,Technical Lead L1,Computer Programmers,121084,II,TX,1
WIT,FY2026_Q1,WIPRO LIMITED,Certified,H-1B,Techno Functional Consultant L2,Computer Systems Analysts,98600,II,CT,1
WIT,FY2026_Q1,WIPRO LIMITED,Certified,H-1B,Developer L4,Computer Programmers,89053,II,PA,1
WIT,FY2026_Q1,WIPRO LIMITED,Certified,H-1B,Project Lead L1,Information Technology Project Managers,90605,II,TX,1
WIT,FY2026_Q1,WIPRO LIMITED,Certified,H-1B,Program Manager L1,Information Technology Project Managers,141147,III,TN,1
WIT,FY2026_Q1,WIPRO LIMITED,Certified,H-1B,Quality Assurance (QA) Lead L2,Software Quality Assurance Analysts and Testers,148000,II,TX,1
WIT,FY2026_Q1,WIPRO LIMITED,Certified,H-1B,Integration Architect L2,Computer Systems Engineers/Architects,100000,III,SC,1
WIT,FY2026_Q1,WIPRO LIMITED,Certified,H-1B,Data and Analytics Architect L2,Database Architects,142626,III,FL,1
WIT,FY2026_Q1,WIPRO LIMITED,Certified,H-1B,Technical Lead L1,Computer Programmers,98301,II,NY,1
WIT,FY2026_Q1,WIPRO LIMITED,Certified,H-1B,Service Level Manager L3,"Business Operations Specialists, All Other",87343,II,MN,1
WIT,FY2026_Q1,WIPRO LIMITED,Certified,H-1B,Technical Lead L1,Computer Programmers,111480,II,CA,1
LTIM,FY2026_Q1,LTIMindtree Limited,Certified,H-1B,Computer Systems Analysts,Computer Systems Analysts,89420,II,OK,1
WIT,FY2026_Q1,WIPRO LIMITED,Certified,H-1B,Technical Lead L1,Computer Programmers,86653,II,NJ,1
WIT,FY2026_Q1,WIPRO LIMITED,Certified,H-1B,Application Architect L2,Computer Systems Engineers/Architects,180000,III,NY,1
WIT,FY2026_Q1,WIPRO LIMITED,Certified,H-1B,Solution Architect L1,Computer Systems Engineers/Architects,125000,II,CA,2
WIT,FY2026_Q1,WIPRO LIMITED,Certified,H-1B,Data and Analytics Architect L1,Database Architects,148125,II,WA,1
WIT,FY2026_Q1,WIPRO LIMITED,Certified,H-1B,Consultant,Computer Systems Analysts,146172,II,FL,1
WIT,FY2026_Q1,WIPRO LIMITED,Certified,H-1B,Solution Lead L1,Computer Programmers,143185,II,WA,1
WIT,FY2026_Q1,WIPRO LIMITED,Certified,H-1B,Technical Lead L1,Computer Programmers,126326,II,TX,1
WIT,FY2026_Q1,WIPRO LIMITED,Certified,H-1B,Technical Lead L1,Computer Programmers,117000,II,MA,1
WIT,FY2026_Q1,WIPRO LIMITED,Certified,H-1B,Techno Functional Consultant L2,Computer Systems Analysts,110248,II,TX,1
CAP,FY2026_Q1,Capgemini America Inc,Certified,H-1B,Applications Consultant 3,Software Developers,130707,III,GA,1
HCLTECH,FY2026_Q1,HCL AMERICA INC,Certified,H-1B,Sr Subject Matter Expert,Computer Systems Engineers/Architects,148147,III,NC,1
HCLTECH,FY2026_Q1,HCL AMERICA INC,Certified,H-1B,DU Head,Information Technology Project Managers,158974,IV,NJ,1
INFY,FY2026_Q1,INFOSYS LIMITED,Certified,H-1B,Architecture Principal,Computer Systems Engineers/Architects,157560,IV,NC,1
INFY,FY2026_Q1,INFOSYS LIMITED,Certified,H-1B,Technology Project Lead 1,Information Technology Project Managers,81765,II,CT,1
INFY,FY2026_Q1,INFOSYS LIMITED,Certified,H-1B,Technology Consultant 2,Computer Systems Engineers/Architects,92394,II,PA,5
CAP,FY2026_Q1,Capgemini America Inc,Certified,H-1B,Applications Consultant 2,Software Developers,119899,II,SC,1
TCS,FY2026_Q1,Tata Consultancy Services Limited,Certified,H-1B,Developer,Computer Programmers,90418,II,MN,1
CAP,FY2026_Q1,Capgemini America Inc,Certified,H-1B,Test Consultant 2,Software Quality Assurance Analysts and Testers,128673,II,VA,1
INFY,FY2026_Q1,INFOSYS LIMITED,Certified,H-1B,Senior Associate - Business Consulting,Management Analysts,127691,III,IL,1
CAP,FY2026_Q1,Capgemini America Inc,Certified,H-1B,Business Systems Analyst 3,Computer Systems Analysts,120141,III,TX,1
HCLTECH,FY2026_Q1,HCL AMERICA INC,Certified,H-1B,Technical Lead,Computer Programmers,102300,III,NC,1
HCLTECH,FY2026_Q1,HCL AMERICA INC,Certified,H-1B,Technical Lead,Computer Programmers,78151,III,PR,1
INFY,FY2026_Q1,INFOSYS LIMITED,Certified,H-1B,Architecture Consultant 2,Computer Systems Engineers/Architects,99736,II,CO,5
HCLTECH,FY2026_Q1,HCL AMERICA INC,Certified,H-1B,Technical Manager,Information Technology Project Managers,123116,III,TX,1
HCLTECH,FY2026_Q1,HCL AMERICA INC,Certified,H-1B,Technical Advisor - Delivery excellence,Sales Engineers,183124,III,CA,1
HCLTECH,FY2026_Q1,HCL AMERICA INC,Certified,H-1B,Technical Manager,Information Technology Project Managers,117582,III,PA,1
INFY,FY2026_Q1,INFOSYS LIMITED,Certified,H-1B,Architecture Consultant 3,Computer Systems Engineers/Architects,126818,III,NJ,5
IBM,FY2026_Q1,IBM Corporation,Certified - Withdrawn,H-1B,IBM Program Manager,Information Technology Project Managers,126818,III,NJ,1
IBM,FY2026_Q1,IBM Corporation,Certified - Withdrawn,H-1B,Application Developer,Computer Programmers,106662,II,NJ,1
IBM,FY2026_Q1,IBM Corporation,Certified - Withdrawn,H-1B,Lead Application Developer,Computer Systems Analysts,143582,III,CA,1
IBM,FY2026_Q1,IBM Corporation,Certified - Withdrawn,H-1B,IT Specialist,Computer Systems Analysts,105019,II,NJ,1
IBM,FY2026_Q1,IBM Corporation,Certified - Withdrawn,H-1B,Application Developer,Computer Programmers,116542,III,OR,1
IBM,FY2026_Q1,IBM Corporation,Certified - Withdrawn,H-1B,Application Architect,Computer Systems Engineers/Architects,121514,III,NJ,1
IBM,FY2026_Q1,IBM Corporation,Certified - Withdrawn,H-1B,Business Analyst,Computer Programmers,106662,II,NJ,1
IBM,FY2026_Q1,IBM Corporation,Certified - Withdrawn,H-1B,Application Architect,Computer Systems Engineers/Architects,124259,III,MA,1
IBM,FY2026_Q1,IBM Corporation,Certified - Withdrawn,H-1B,Application Developer,Computer Systems Analysts,105019,II,NJ,1
IBM,FY2026_Q1,IBM Corporation,Certified - Withdrawn,H-1B,Package Consultant,Computer Systems Analysts,101483,II,CO,1
IBM,FY2026_Q1,IBM Corporation,Certified - Withdrawn,H-1B,Project Manager,Information Technology Project Managers,103730,III,NJ,1
IBM,FY2026_Q1,IBM Corporation,Certified - Withdrawn,H-1B,Software Engineer,Computer Systems Analysts,82389,II,AZ,1
IBM,FY2026_Q1,IBM Corporation,Certified - Withdrawn,H-1B,Lead Technical Consultant,Computer Systems Analysts,125715,III,NJ,1
IBM,FY2026_Q1,IBM Corporation,Certified - Withdrawn,H-1B,Application Developer,Computer Programmers,96886,II,NJ,1
IBM,FY2026_Q1,IBM Corporation,Certified - Withdrawn,H-1B,Transition and Transformation Manager,Information Technology Project Managers,112001,III,TX,1
IBM,FY2026_Q1,IBM Corporation,Certified - Withdrawn,H-1B,Application Developer,Computer Systems Analysts,84781,II,GA,1
IBM,FY2026_Q1,IBM Corporation,Certified - Withdrawn,H-1B,Package Specialist,Computer Systems Analysts,96595,II,CT,1
IBM,FY2026_Q1,IBM Corporation,Certified - Withdrawn,H-1B,Senior Technical Lead,Computer Systems Analysts,87422,III,KS,1
IBM,FY2026_Q1,IBM Corporation,Certified - Withdrawn,H-1B,Package Solution Consultant,Computer Systems Analysts,81141,III,MO,1
TCS,FY2026_Q1,TATA CONSULTANCY SERVICES LIMITED,Withdrawn,H-1B,Database Administrator,Database Administrators,86320,II,RI,1
WIT,FY2026_Q1,WIPRO LIMITED,Certified,H-1B,Domain Consultant L4,Management Analysts,131560,III,TX,1
LTIM,FY2026_Q1,LTIMindtree Limited,Certified,H-1B,Information Technology Project Managers,Information Technology Project Managers,86799,II,NC,1
WIT,FY2026_Q1,WIPRO LIMITED,Certified,H-1B,Techno Functional Consultant L2,Computer Systems Analysts,110248,II,TX,1
INFY,FY2026_Q1,INFOSYS LIMITED,Certified,H-1B,Architecture Consultant 2,Computer Systems Engineers/Architects,90501,II,MA,5
WIT,FY2026_Q1,WIPRO LIMITED,Certified,H-1B,Quality Assurance (QA) Lead L3,Software Quality Assurance Analysts and Testers,86611,II,AZ,1
CTSH,FY2026_Q1,COGNIZANT TECHNOLOGY SOLUTIONS US CORP,Certified,H-1B,Manager JC50 - Computer Systems Engineers/Architects,Computer Systems Engineers/Architects,104811,III,VA,1
CTSH,FY2026_Q1,COGNIZANT TECHNOLOGY SOLUTIONS US CORP,Certified,H-1B,Senior Manager JC45 - Computer Systems Engineers/Architects,Computer Systems Engineers/Architects,149240,IV,TX,1
CTSH,FY2026_Q1,COGNIZANT TECHNOLOGY SOLUTIONS US CORP,Certified,H-1B,Senior Manager JC45 - Computer Systems Engineers/Architects,Computer Systems Engineers/Architects,112050,IV,CA,1
INFY,FY2026_Q1,INFOSYS LIMITED,Certified,H-1B,Technology Consultant 2,Computer Systems Engineers/Architects,92581,II,TX,5
TCS,FY2026_Q1,Tata Consultancy Services Limited,Certified,H-1B,Developer,Computer Programmers,98301,II,NJ,1
WIT,FY2026_Q1,WIPRO LIMITED,Certified,H-1B,Developer L4,Computer Programmers,115000,II,IL,1
INFY,FY2026_Q1,INFOSYS LIMITED,Certified,H-1B,Domain Project Lead 2,Project Management Specialists,126610,III,NY,5
CTSH,FY2026_Q1,COGNIZANT TECHNOLOGY SOLUTIONS US CORP,Certified,H-1B,Manager JC50 - Computer Systems Engineers/Architects,Computer Systems Engineers/Architects,104811,III,VA,1
HCLTECH,FY2026_Q1,HCL AMERICA INC,Certified,H-1B,Senior Technical Lead,Computer Programmers,95996,II,RI,1
WIT,FY2026_Q1,WIPRO LIMITED,Certified,H-1B,Quality Assurance Consultant L2,Software Quality Assurance Analysts and Testers,87672,II,TX,1
INFY,FY2026_Q1,INFOSYS LIMITED,Certified,H-1B,Architecture Consultant 3,Computer Systems Engineers/Architects,107640,III,IL,5
INFY,FY2026_Q1,INFOSYS LIMITED,Certified,H-1B,Technology Consultant 2,Computer Systems Engineers/Architects,92581,II,TX,5
WIT,FY2026_Q1,WIPRO LIMITED,Certified,H-1B,Technical Lead L1,Computer Programmers,77022,II,OH,1
CTSH,FY2026_Q1,COGNIZANT TECHNOLOGY SOLUTIONS US CORP,Certified,H-1B,Manager JC50 - Computer Systems Engineers/Architects,Computer Systems Engineers/Architects,98030,III,KS,1
INFY,FY2026_Q1,INFOSYS LIMITED,Certified,H-1B,Technology Project Lead 2,Information Technology Project Managers,118456,III,TX,1
INFY,FY2026_Q1,INFOSYS LIMITED,Certified,H-1B,Engineering Consultant 2,"Electronics Engineers, Except Computer",98675,II,PA,1
CAP,FY2026_Q1,Capgemini America Inc,Certified,H-1B,Applications Consultant 3,Software Developers,157123,III,CA,1
HCLTECH,FY2026_Q1,HCL AMERICA INC,Certified,H-1B,Documentation Manager,Information Technology Project Managers,98280,III,NY,1
HCLTECH,FY2026_Q1,HCL AMERICA INC,Certified,H-1B,Business Specialist,Computer Systems Engineers/Architects,121638,III,NJ,1
INFY,FY2026_Q1,"INFOSYS MCCAMISH SYSTEMS, LLC ",Certified,H-1B,Technology Consultant 2,Computer Systems Engineers/Architects,86445,II,GA,5
CAP,FY2026_Q1,Capgemini America Inc,Certified,H-1B,Applications Consultant 3,Software Developers,160805,III,NJ,1
INFY,FY2026_Q1,INFOSYS LIMITED,Certified,H-1B,Technology Project Lead 2,Information Technology Project Managers,115835,III,CA,1
HCLTECH,FY2026_Q1,HCL AMERICA INC,Certified,H-1B,Senior Technical Architect,Computer Systems Engineers/Architects,129212,III,GA,1
INFY,FY2026_Q1,INFOSYS LIMITED,Certified,H-1B,Technology Project Lead 1,Information Technology Project Managers,89773,II,NJ,1
CTSH,FY2026_Q1,COGNIZANT TECHNOLOGY SOLUTIONS US CORP,Certified,H-1B,Senior Associate JC60 -Computer Systems Engineers/Architects,Computer Systems Engineers/Architects,75150,II,SC,1
WIT,FY2026_Q1,WIPRO LIMITED,Certified,H-1B,Cyber Security Analyst L4,Information Security Analysts,94682,II,OH,1
INFY,FY2026_Q1,INFOSYS LIMITED,Certified,H-1B,Package Consultant 2,Computer Systems Engineers/Architects,86445,II,GA,5
INFY,FY2026_Q1,INFOSYS LIMITED,Certified,H-1B,Technology Consultant 2,Computer Systems Engineers/Architects,84198,II,MI,5
CTSH,FY2026_Q1,COGNIZANT TECHNOLOGY SOLUTIONS US CORP,Certified,H-1B,Senior Associate JC60 -Computer Systems Engineers/Architects,Computer Systems Engineers/Architects,90605,II,TX,1
LTIM,FY2026_Q1,LTIMindtree Limited,Certified,H-1B,Computer and Information Systems Managers,Computer and Information Systems Managers,164799,II,CA,1
HCLTECH,FY2026_Q1,HCL AMERICA INC,Certified,H-1B,Program Manager,Information Technology Project Managers,119960,III,IL,1
INFY,FY2026_Q1,INFOSYS LIMITED,Certified,H-1B,Engineering Project Lead 2,Mechanical Engineers,131040,III,TX,1
WIT,FY2026_Q1,WIPRO LIMITED,Certified,H-1B,Cyber Security Analyst L4,Information Security Analysts,94682,II,OH,1
WIT,FY2026_Q1,WIPRO LIMITED,Certified,H-1B,Project Manager L1,Information Technology Project Managers,88970,II,NY,1
CTSH,FY2026_Q1,COGNIZANT TECHNOLOGY SOLUTIONS US CORP,Certified,H-1B,Manager JC50 - Database Administrators,Database Administrators,105352,III,SC,1
WIT,FY2026_Q1,WIPRO LIMITED,Certified,H-1B,Technical Lead L1,Computer Programmers,143000,II,TX,1
INFY,FY2026_Q1,INFOSYS LIMITED,Certified,H-1B,Architecture Consultant 2,Computer Systems Engineers/Architects,92581,II,TX,1
CAP,FY2026_Q1,Capgemini America Inc,Certified,H-1B,Test Consultant 3,Software Quality Assurance Analysts and Testers,116600,III,CA,1
INFY,FY2026_Q1,INFOSYS LIMITED,Certified,H-1B,Package Consultant 2,Computer Systems Engineers/Architects,80974,II,TX,5
INFY,FY2026_Q1,INFOSYS LIMITED,Certified,H-1B,Architecture Consultant 3,Computer Systems Engineers/Architects,126818,III,NJ,5
CAP,FY2026_Q1,CAPGEMINI AMERICA INC,Certified,H-1B,Test Consultant 2,Software Quality Assurance Analysts and Testers,140000,II,NJ,1
CTSH,FY2026_Q1,COGNIZANT TECHNOLOGY SOLUTIONS US CORP,Certified,H-1B,Manager JC50 - Database Administrators,Database Administrators,116563,III,NC,1
INFY,FY2026_Q1,INFOSYS LIMITED,Certified,H-1B,Package Project Lead 2,Information Technology Project Managers,97469,III,OH,5
LTIM,FY2026_Q1,LTIMindtree Limited,Certified,H-1B,Software Developers,Software Developers,85759,II,IL,1
CTSH,FY2026_Q1,COGNIZANT TECHNOLOGY SOLUTIONS US CORP,Certified,H-1B,AD JC40 - Information Technology Project Managers,Information Technology Project Managers,175000,IV,NJ,1
CTSH,FY2026_Q1,COGNIZANT TECHNOLOGY SOLUTIONS US CORP,Certified,H-1B,AD JC40 - Information Technology Project Managers,Information Technology Project Managers,175000,IV,NJ,1
CAP,FY2026_Q1,"Capgemini America, Inc.",Certified,H-1B,Test Consultant 3,Software Quality Assurance Analysts and Testers,109957,III,OH,1
CTSH,FY2026_Q1,COGNIZANT TECHNOLOGY SOLUTIONS US CORP,Certified,H-1B,Senior Manager JC45 - Computer Systems Engineers/Architects,Computer Systems Engineers/Architects,149240,IV,TX,1
WIT,FY2026_Q1,WIPRO LIMITED,Certified,H-1B,Business Analyst L4,Computer Systems Analysts,125000,II,NJ,1
CTSH,FY2026_Q1,COGNIZANT TECHNOLOGY SOLUTIONS US CORP,Certified,H-1B,AD JC40 - Information Technology Project Managers,Information Technology Project Managers,126339,IV,CT,1
WIT,FY2026_Q1,WIPRO LIMITED,Certified,H-1B,Cyber Security Analyst L4,Information Security Analysts,94682,II,OH,1
CTSH,FY2026_Q1,COGNIZANT TECHNOLOGY SOLUTIONS US CORP,Certified,H-1B,Manager JC50 - Computer Systems Engineers/Architects,Computer Systems Engineers/Architects,98030,III,KS,1
CTSH,FY2026_Q1,COGNIZANT TECHNOLOGY SOLUTIONS US CORP,Certified,H-1B,AD JC40 - Information Technology Project Managers,Information Technology Project Managers,126339,IV,CT,1
CTSH,FY2026_Q1,COGNIZANT TECHNOLOGY SOLUTIONS US CORP,Certified,H-1B,Senior Manager JC45 - Computer Systems Engineers/Architects,Computer Systems Engineers/Architects,144310,IV,TX,1
WIT,FY2026_Q1,WIPRO LIMITED,Certified,H-1B,Quality Assurance Consultant L3,Software Quality Assurance Analysts and Testers,94702,II,MN,1
CAP,FY2026_Q1,Capgemini America Inc,Certified,H-1B,Solution Architect 3,Software Developers,139774,III,GA,1
CAP,FY2026_Q1,Capgemini America Inc,Certified,H-1B,Business Systems Analyst 3,Computer Systems Analysts,129568,III,NJ,1
INFY,FY2026_Q1,INFOSYS LIMITED,Certified,H-1B,Technology Consultant 1,Computer Systems Engineers/Architects,81765,II,CT,1
CTSH,FY2026_Q1,COGNIZANT TECHNOLOGY SOLUTIONS US CORP,Certified,H-1B,Senior Manager JC45 - Computer Systems Engineers/Architects,Computer Systems Engineers/Architects,144310,IV,TX,1
EPAM,FY2026_Q1,EPAM Systems Inc.,Certified,H-1B,SENIOR SOFTWARE ENGINEER,Software Developers,113000,II,TX,1
HCLTECH,FY2026_Q1,HCL AMERICA INC,Certified,H-1B,Senior Test Manager,Information Technology Project Managers,91881,III,KY,1
LTIM,FY2026_Q1,LTIMindtree Limited,Certified,H-1B,Computer Systems Analyst,Computer Systems Analysts,98925,II,TX,1
CAP,FY2026_Q1,Capgemini America Inc,Certified,H-1B,Project Manager 3,Information Technology Project Managers,122000,III,TX,1
INFY,FY2026_Q1,INFOSYS LIMITED,Certified,H-1B,Package Project Lead 2,Information Technology Project Managers,181293,III,CA,5
TCS,FY2026_Q1,Tata Consultancy Services Limited,Certified,H-1B,Developer,Computer Programmers,91582,II,MD,1
ACN,FY2026_Q1,Accenture LLP,Certified,H-1B,Advanced App Engineering Specialist,Computer Programmers,118900,II,IL,1
CTSH,FY2026_Q1,COGNIZANT TECHNOLOGY SOLUTIONS US CORP,Certified,H-1B,Manager JC50 - Computer Systems Engineers/Architects,Computer Systems Engineers/Architects,79664,III,TN,1
LTIM,FY2026_Q1,LTIMindtree Limited,Certified,H-1B,Information Technology Project Manager,Information Technology Project Managers,111550,II,WA,1
WIT,FY2026_Q1,WIPRO LIMITED,Certified,H-1B,Application Architect L1,Computer Systems Engineers/Architects,110880,II,NJ,1
LTIM,FY2026_Q1,LTIMindtree Limited,Certified,H-1B,Network and Computer Systems Administrators,Network and Computer Systems Administrators,80767,II,NY,1
WIT,FY2026_Q1,WIPRO LIMITED,Certified,H-1B,Techno Functional Consultant L2,Computer Systems Analysts,98925,II,TX,1
CAP,FY2026_Q1,Capgemini America Inc,Certified,H-1B,Software Engineer 3,Software Developers,187574,III,CA,1
CAP,FY2026_Q1,Capgemini America Inc,Certified,H-1B,Solution Architect 4,Software Developers,168000,IV,TX,1
CAP,FY2026_Q1,Capgemini America Inc,Certified,H-1B,Test Consultant 3,Software Quality Assurance Analysts and Testers,124906,III,OH,1
MPHASIS,FY2026_Q1,Mphasis Corporation ,Certified,H-1B,MANAGEMENT ANALYST II,Management Analysts,106626,II,DE,1
CTSH,FY2026_Q1,COGNIZANT TECHNOLOGY SOLUTIONS US CORP,Certified,H-1B,Sr. Mgr. JC45 - Information Technology Project Managers,Information Technology Project Managers,135699,IV,FL,1
INFY,FY2026_Q1,INFOSYS LIMITED,Certified,H-1B,Technology Consultant 2,Computer Systems Engineers/Architects,111550,II,WA,1
CAP,FY2026_Q1,Capgemini America Inc,Certified,H-1B,Data Analyst 3,Data Warehousing Specialists,142106,III,PA,1
INFY,FY2026_Q1,INFOSYS LIMITED,Certified,H-1B,Architecture Consultant 2,Computer Systems Engineers/Architects,80974,II,TX,5
HCLTECH,FY2026_Q1,HCL AMERICA INC,Certified,H-1B,Test Lead,Software Quality Assurance Analysts and Testers,112820,III,TX,1
MPHASIS,FY2026_Q1,Mphasis Corporation,Certified,H-1B,Project Manager,Information Technology Project Managers,165000,II,TX,1
CTSH,FY2026_Q1,COGNIZANT TECHNOLOGY SOLUTIONS US CORP,Certified,H-1B,SA JC60 - Software Quality Assurance Analysts and Testers,Software Quality Assurance Analysts and Testers,87360,II,PA,1
TCS,FY2026_Q1,Tata Consultancy Services Limited,Certified,H-1B,Analyst,Computer Systems Analysts,131560,II,CA,1
TCS,FY2026_Q1,TATA CONSULTANCY SERVICES LIMITED,Certified,H-1B,Architect,Computer Systems Engineers/Architects,79789,II,MO,1
WIT,FY2026_Q1,WIPRO LIMITED,Certified,H-1B,Techno Functional Consultant L1,Computer Systems Analysts,121136,II,TX,1
CTSH,FY2026_Q1,COGNIZANT TECHNOLOGY SOLUTIONS US CORP,Certified,H-1B,Senior Associate JC60 -Computer Systems Engineers/Architects,Computer Systems Engineers/Architects,82846,II,IL,1
TCS,FY2026_Q1,Tata Consultancy Services Limited,Certified,H-1B,System Administrator,Network and Computer Systems Administrators,105102,III,TX,1
CAP,FY2026_Q1,"Capgemini America, Inc.",Certified,H-1B,Applications Consultant 3,Software Developers,133536,III,NC,1
ACN,FY2026_Q1,"Accenture Infrastructure and Capital Projects, LLC",Certified,E-3 Australian,"Vice President, Program Management",General and Operations Managers,275000,IV,TX,1
TCS,FY2026_Q1,TATA CONSULTANCY SERVICES LIMITED,Certified,H-1B,Technical Lead,Information Technology Project Managers,94682,II,NJ,1
IBM,FY2026_Q1,IBM Corporation,Certified,H-1B,Data Scientist,Data Scientists,165600,III,NY,1
INFY,FY2026_Q1,INFOSYS LIMITED,Certified,H-1B,Engineering Consultant 2,Automotive Engineers,93642,II,MI,1
CTSH,FY2026_Q1,COGNIZANT TECHNOLOGY SOLUTIONS US CORP,Certified,H-1B,Manager JC50 - Computer Systems Engineers/Architects,Computer Systems Engineers/Architects,110157,III,MN,1
CTSH,FY2026_Q1,COGNIZANT TECHNOLOGY SOLUTIONS US CORP,Certified,H-1B,Senior Manager JC45 - Computer Systems Engineers/Architects,Computer Systems Engineers/Architects,185994,IV,CA,1
WIT,FY2026_Q1,WIPRO LIMITED,Certified,H-1B,Domain Engagement Partner L1,Management Analysts,132755,III,TX,1
CAP,FY2026_Q1,Capgemini America Inc,Certified,H-1B,Applications Consultant 3,Software Developers,145516,III,MO,1
LTIM,FY2026_Q1,LTIMindtree Limited,Certified,H-1B,Software Developer,Software Developers,106475,II,CT,1
IBM,FY2026_Q1,IBM Corporation,Certified,H-1B,Memory Software Development Engineer,Software Developers,163550,III,TX,1
TECHM,FY2026_Q1,"TECH MAHINDRA (AMERICAS), INC",Certified,H-1B,Software Systems Engineer,Software Developers,119281,II,NV,1
CTSH,FY2026_Q1,COGNIZANT TECHNOLOGY SOLUTIONS US CORP,Certified,H-1B,Manager JC50 - Computer Systems Engineers/Architects,Computer Systems Engineers/Architects,118851,III,AZ,1
CTSH,FY2026_Q1,COGNIZANT TECHNOLOGY SOLUTIONS US CORP,Certified,H-1B,Senior Associate JC60 -Computer Systems Engineers/Architects,Computer Systems Engineers/Architects,82846,II,IL,1
CTSH,FY2026_Q1,COGNIZANT TECHNOLOGY SOLUTIONS US CORP,Certified,H-1B,Manager JC50 - Computer Systems Engineers/Architects,Computer Systems Engineers/Architects,150405,III,CA,1
TCS,FY2026_Q1,Tata Consultancy Services Limited,Certified,H-1B,Developer,Computer Programmers,85800,II,GA,1
INFY,FY2026_Q1,INFOSYS LIMITED,Certified,H-1B,Technology Project Lead 3,Information Technology Project Managers,144310,IV,TX,1
DXC,FY2026_Q1,DXC Technology Services LLC,Certified,H-1B,Associate Manager Software Engineering,Software Developers,150000,III,GA,1
INFY,FY2026_Q1,INFOSYS LIMITED,Certified,H-1B,Architecture Consultant 2,Computer Systems Engineers/Architects,90210,II,MN,1
TCS,FY2026_Q1,TATA CONSULTANCY SERVICES LIMITED,Certified,H-1B,Developer,Computer Programmers,158850,III,CA,1
CAP,FY2026_Q1,Capgemini America Inc,Certified,H-1B,Test Consultant 3,Software Quality Assurance Analysts and Testers,104800,III,WI,1
MPHASIS,FY2026_Q1,Mphasis Corporation,Certified,H-1B,Software Engineer,Computer Programmers,116092,II,TN,1
WIT,FY2026_Q1,WIPRO LIMITED,Certified,H-1B,Project Manager L1,Information Technology Project Managers,139443,II,CA,1
CTSH,FY2026_Q1,COGNIZANT TECHNOLOGY SOLUTIONS US CORP,Certified,H-1B,Manager JC50 - Computer Systems Engineers/Architects,Computer Systems Engineers/Architects,146744,III,GA,1
CTSH,FY2026_Q1,COGNIZANT TECHNOLOGY SOLUTIONS US CORP,Certified,H-1B,Sr. Mgr. JC45 - Information Technology Project Managers,Information Technology Project Managers,135699,IV,FL,1
INFY,FY2026_Q1,INFOSYS LIMITED,Certified,H-1B,Architecture Consultant 3,Computer Systems Engineers/Architects,118456,III,TX,5
MPHASIS,FY2026_Q1,Mphasis Corporation ,Certified,H-1B1 Singapore,HR SPECIALIST II,Human Resources Specialists,67500,II,GA,1
LTIM,FY2026_Q1,LTIMindtree Limited,Certified,H-1B,Computer Programmer,Computer Programmers,98301,II,NY,1
INFY,FY2026_Q1,INFOSYS LIMITED,Certified,H-1B,Technology Consultant 2,Computer Systems Engineers/Architects,94952,II,NC,1
CAP,FY2026_Q1,CAPGEMINI AMERICA INC,Certified,H-1B,Programmer/ Developer 2,Computer Programmers,100000,II,NH,1
CAP,FY2026_Q1,Capgemini America Inc,Certified,H-1B,Program Manager 4,Information Technology Project Managers,174479,IV,NC,1
LTIM,FY2026_Q1,LTIMindtree Limited,Certified,H-1B,Software Developer,Software Developers,106475,II,CT,1
INFY,FY2026_Q1,INFOSYS LIMITED,Certified,H-1B,Package Project Lead 1,Information Technology Project Managers,80226,II,SC,5
CTSH,FY2026_Q1,COGNIZANT TECHNOLOGY SOLUTIONS US CORP,Certified,H-1B,Senior Associate JC60 -Computer Systems Engineers/Architects,Computer Systems Engineers/Architects,90210,II,MN,1
TCS,FY2026_Q1,TATA CONSULTANCY SERVICES LIMITED,Certified,H-1B,Architect,Computer Systems Engineers/Architects,86445,II,GA,1
CAP,FY2026_Q1,Capgemini America Inc,Certified,H-1B,Business Systems Analyst 2,Computer Systems Analysts,92204,II,IL,1
INFY,FY2026_Q1,INFOSYS LIMITED,Certified,H-1B,Architecture Consultant 3,Computer Systems Engineers/Architects,115835,III,CA,5
LTIM,FY2026_Q1,LTIMindtree Limited,Certified,H-1B,Software Developer,Software Developers,131997,II,NJ,1
LTIM,FY2026_Q1,LTIMindtree Limited,Certified,H-1B,Software Quality Assurance Analyst and Tester,Software Quality Assurance Analysts and Testers,110198,III,TX,1
CAP,FY2026_Q1,Capgemini America Inc,Certified,H-1B,Test Consultant 2,Software Quality Assurance Analysts and Testers,123662,II,IL,1
TECHM,FY2026_Q1,"TECH MAHINDRA (AMERICAS), INC",Certified,H-1B,Sales Manager,Sales Managers,239230,II,TX,1
CAP,FY2026_Q1,CAPGEMINI AMERICA INC,Certified,H-1B,Applications Consultant 2,Software Developers,150000,II,WA,1
CAP,FY2026_Q1,Capgemini America Inc,Certified,H-1B,Test Consultant 3,Software Quality Assurance Analysts and Testers,151379,III,MN,1
HCLTECH,FY2026_Q1,HCL AMERICA INC,Certified,H-1B,Test Specialist,Software Quality Assurance Analysts and Testers,129792,II,CA,1
TCS,FY2026_Q1,Tata Consultancy Services Limited,Certified,H-1B,Analyst,Computer Systems Analysts,81702,II,IL,1
CTSH,FY2026_Q1,COGNIZANT TECHNOLOGY SOLUTIONS US CORP,Certified,H-1B,Manager JC50 - Computer Systems Engineers/Architects,Computer Systems Engineers/Architects,146744,III,MA,1
INFY,FY2026_Q1,INFOSYS LIMITED,Certified,H-1B,Technology Consultant 2,Computer Systems Engineers/Architects,86798,II,NC,5
WIT,FY2026_Q1,WIPRO LIMITED,Certified,H-1B,Infrastructure Domain Architect L2,Computer Systems Engineers/Architects,112880,II,NJ,1
INFY,FY2026_Q1,INFOSYS LIMITED,Certified,H-1B,Engineering Consultant 2,Automotive Engineers,93642,II,MI,1
MPHASIS,FY2026_Q1,Mphasis Corporation,Certified,H-1B,Software Engineer,Computer Programmers,130000,II,CA,1
INFY,FY2026_Q1,INFOSYS LIMITED,Certified,H-1B,Domain Consultant 2,Management Analysts,79560,II,NC,5
INFY,FY2026_Q1,INFOSYS LIMITED,Certified,H-1B,Infrastructure Project Lead 1,Information Technology Project Managers,81910,II,UT,5
WIT,FY2026_Q1,WIPRO LIMITED,Certified,H-1B,Techno Functional Consultant L2,Computer Systems Analysts,101118,II,PA,1
TCS,FY2026_Q1,TATA CONSULTANCY SERVICES LIMITED,Certified,H-1B,TECHNICAL LEAD,Information Technology Project Managers,92581,II,TX,1
MPHASIS,FY2026_Q1,Mphasis Corporation,Certified,H-1B,Software Engineer,Computer Programmers,66061,I,TX,1
LTIM,FY2026_Q1,LTIMindtree Limited,Certified,H-1B,Computer Systems Analysts,Computer Systems Analysts,115171,II,WA,1
TCS,FY2026_Q1,Tata Consultancy Services Limited,Certified,H-1B,Architect,Computer Systems Engineers/Architects,94682,II,NJ,1
TCS,FY2026_Q1,Tata Consultancy Services Limited,Certified,H-1B,Analyst,Computer Systems Analysts,89814,II,MI,1
CAP,FY2026_Q1,Capgemini America Inc,Certified,H-1B,Project Manager 3,Information Technology Project Managers,138500,III,TX,1
G,FY2026_Q1,Genpact LLC,Certified - Withdrawn,H-1B,Senior Principal Consultant,Software Developers,140000,II,NJ,1
CAP,FY2026_Q1,CAPGEMINI AMERICA INC,Certified - Withdrawn,H-1B,Test Consultant 2,Software Quality Assurance Analysts and Testers,150000,II,TX,1
CAP,FY2026_Q1,CAPGEMINI AMERICA INC,Certified - Withdrawn,H-1B,Business Analyst 3,Management Analysts,130000,III,NH,1
CAP,FY2026_Q1,Capgemini America Inc,Certified - Withdrawn,H-1B,Business Analyst 3,Management Analysts,7800000,III,NC,1
CAP,FY2026_Q1,CAPGEMINI AMERICA INC,Certified - Withdrawn,H-1B,Business Systems Analyst 3,Computer Systems Analysts,132000,III,NJ,1
IBM,FY2026_Q1,IBM Corporation,Certified - Withdrawn,H-1B,Application Developer,Computer Programmers,79706,II,IL,1
IBM,FY2026_Q1,IBM Corporation,Certified - Withdrawn,H-1B,Application Database Administrator,Database Administrators,105061,II,CT,1
IBM,FY2026_Q1,IBM Corporation,Certified - Withdrawn,H-1B,Application Developer,Computer Programmers,81662,II,TX,1
IBM,FY2026_Q1,IBM Corporation,Certified - Withdrawn,H-1B,Application Consultant,Computer Systems Analysts,104125,II,NJ,1
IBM,FY2026_Q1,IBM Corporation,Certified - Withdrawn,H-1B,Production Support Analyst,Computer Programmers,97718,III,GA,1
IBM,FY2026_Q1,IBM Corporation,Certified - Withdrawn,H-1B,Test Specialist,Software Quality Assurance Analysts and Testers,94058,II,MD,1
IBM,FY2026_Q1,IBM Corporation,Certified - Withdrawn,H-1B,Software Engineer,Database Administrators,82701,II,AZ,1
IBM,FY2026_Q1,IBM Corporation,Certified - Withdrawn,H-1B,Project Manager,Information Technology Project Managers,116355,III,MA,1
IBM,FY2026_Q1,IBM Corporation,Certified - Withdrawn,H-1B,Package Consultant,Computer Systems Analysts,77854,II,LA,1
IBM,FY2026_Q1,IBM Corporation,Certified - Withdrawn,H-1B,Application Developer,Computer Programmers,80725,II,NJ,1
IBM,FY2026_Q1,IBM Corporation,Certified - Withdrawn,H-1B,Application Developer,Computer Systems Analysts,102211,III,GA,1
IBM,FY2026_Q1,IBM Corporation,Certified - Withdrawn,H-1B,TIBCO Consultant,Computer Systems Analysts,84781,II,GA,1
TECHM,FY2026_Q1,"TECH MAHINDRA (AMERICAS), INC",Certified,H-1B,Project Manager,Project Management Specialists,133443,II,WA,1
WIT,FY2026_Q1,WIPRO LIMITED,Certified,H-1B,Techno Functional Consultant L2,Computer Systems Analysts,106434,II,MA,1
WIT,FY2026_Q1,WIPRO LIMITED,Certified,H-1B,Project Lead L1,Information Technology Project Managers,131184,II,TX,1
HCLTECH,FY2026_Q1,HCL AMERICA INC,Certified,H-1B,Program Manager,Information Technology Project Managers,117950,III,NY,1
WIT,FY2026_Q1,WIPRO LIMITED,Certified,H-1B,Technical Lead L1,Computer Programmers,141867,II,WA,1
HCLTECH,FY2026_Q1,HCL AMERICA INC,Certified,H-1B,Senior Technical Architect,Computer Systems Engineers/Architects,142771,IV,DE,1
CTSH,FY2026_Q1,COGNIZANT TECHNOLOGY SOLUTIONS US CORP,Certified,H-1B,Manager JC50 - Computer Systems Engineers/Architects,Computer Systems Engineers/Architects,104062,III,CT,1
CTSH,FY2026_Q1,COGNIZANT TECHNOLOGY SOLUTIONS US CORP,Certified,H-1B,Manager JC50 - Computer Systems Engineers/Architects,Computer Systems Engineers/Architects,118456,III,TX,1
MPHASIS,FY2026_Q1,Mphasis Corporation,Certified,H-1B,Software Engineer,Computer Programmers,140000,II,DE,1
CAP,FY2026_Q1,Capgemini America Inc,Certified,H-1B,PMO Manager 4,Information Technology Project Managers,132434,IV,IL,1
G,FY2026_Q1,Genpact LLC,Certified,H-1B,Senior Manager,Operations Research Analysts,199620,IV,CT,1
TCS,FY2026_Q1,Tata Consultancy Services Limited,Certified,H-1B,Developer,Computer Programmers,77418,II,TX,1
CTSH,FY2026_Q1,COGNIZANT TECHNOLOGY SOLUTIONS US CORP,Certified,H-1B,Manager JC50 - Computer Systems Engineers/Architects,Computer Systems Engineers/Architects,97469,III,OH,1
CAP,FY2026_Q1,Capgemini America Inc,Certified,H-1B,Test Consultant 2,Software Quality Assurance Analysts and Testers,100186,II,CA,1
WIT,FY2026_Q1,WIPRO LIMITED,Certified,H-1B,Solution Architect L1,Computer Systems Engineers/Architects,139443,II,CA,1
TCS,FY2026_Q1,Tata Consultancy Services Limited,Certified,H-1B,Data Warehouse Specialist,Data Warehousing Specialists,135907,III,TX,1
INFY,FY2026_Q1,INFOSYS LIMITED,Certified,H-1B,Architecture Consultant 2,Computer Systems Engineers/Architects,96054,II,NC,5
IBM,FY2026_Q1,IBM Corporation,Certified,H-1B,Advisory Software Engineer,Software Quality Assurance Analysts and Testers,202800,IV,CA,1
HCLTECH,FY2026_Q1,HCL GLOBAL SYSTEMS INC,Certified,H-1B,BI DEVELOPER,Software Developers,100797,II,FL,1
CTSH,FY2026_Q1,COGNIZANT TECHNOLOGY SOLUTIONS US CORP,Certified,H-1B,Manager JC50 - Computer Systems Engineers/Architects,Computer Systems Engineers/Architects,118456,III,TX,1
WIT,FY2026_Q1,WIPRO LIMITED,Certified,H-1B,Technical Consultant L2,Computer Systems Analysts,131560,II,CA,1
TCS,FY2026_Q1,Tata Consultancy Services Limited,Certified,H-1B,Developer,Computer Programmers,96283,IV,MI,1
IBM,FY2026_Q1,IBM Corporation,Certified,H-1B,Software Engineer,Software Developers,111042,II,FL,1
CTSH,FY2026_Q1,COGNIZANT TECHNOLOGY SOLUTIONS US CORP,Certified,H-1B,Manager JC50 - Computer Systems Engineers/Architects,Computer Systems Engineers/Architects,118456,III,TX,1
CTSH,FY2026_Q1,COGNIZANT TECHNOLOGY SOLUTIONS US CORP,Certified,H-1B,SA JC60 - Software Quality Assurance Analysts and Testers,Software Quality Assurance Analysts and Testers,91374,II,TX,1
WIT,FY2026_Q1,WIPRO LIMITED,Certified,H-1B,Security Architect L2,Information Security Analysts,198933,III,TX,1
INFY,FY2026_Q1,INFOSYS LIMITED,Certified,H-1B,Engineering Project Lead 1,Computer Systems Engineers/Architects,92394,II,NJ,5
CTSH,FY2026_Q1,COGNIZANT TECHNOLOGY SOLUTIONS US CORP,Certified,H-1B,Manager JC50 - Network and Computer Systems Administrators,Network and Computer Systems Administrators,101088,III,GA,1
WIT,FY2026_Q1,WIPRO LIMITED,Certified,H-1B,Technical Lead L1,Computer Programmers,141867,II,WA,1
HCLTECH,FY2026_Q1,HCL AMERICA INC,Certified,H-1B,Senior Track Lead,Information Technology Project Managers,94952,II,NC,1
WIT,FY2026_Q1,WIPRO LIMITED,Certified,H-1B,Solution Architect L1,Computer Systems Engineers/Architects,92581,II,TX,1
INFY,FY2026_Q1,INFOSYS LIMITED,Certified,H-1B,Domain Consultant 2,Management Analysts,84469,II,NJ,5
CTSH,FY2026_Q1,COGNIZANT TECHNOLOGY SOLUTIONS US CORP,Certified,H-1B,Manager JC50 - Computer Systems Engineers/Architects,Computer Systems Engineers/Architects,118456,III,TX,1
ACN,FY2026_Q1,Accenture LLP,Certified,H-1B,Program and Project Mgmt Senior Manager,Information Technology Project Managers,207500,IV,NY,1
CAP,FY2026_Q1,Capgemini America Inc,Certified,H-1B,Applications Consultant 3,Software Developers,133250,III,OH,1
TCS,FY2026_Q1,TATA CONSULTANCY SERVICES LIMITED,Certified,H-1B,ARCHITECT,Computer Systems Engineers/Architects,94952,II,NC,1
CAP,FY2026_Q1,Capgemini America Inc,Certified,H-1B,Programmer/ Developer 2,Computer Programmers,100263,II,IL,1
CTSH,FY2026_Q1,COGNIZANT TECHNOLOGY SOLUTIONS US CORP,Certified,H-1B,Senior Manager JC45 - Computer Systems Engineers/Architects,Computer Systems Engineers/Architects,132434,IV,IL,1
CAP,FY2026_Q1,Capgemini America Inc,Certified,H-1B,Test Consultant 2,Software Quality Assurance Analysts and Testers,116955,II,NJ,1
CTSH,FY2026_Q1,COGNIZANT TECHNOLOGY SOLUTIONS US CORP,Certified,H-1B,SA JC60 - Software Quality Assurance Analysts and Testers,Software Quality Assurance Analysts and Testers,108680,II,WA,1
CAP,FY2026_Q1,Capgemini America Inc,Certified,H-1B,Project Manager 3,Information Technology Project Managers,118500,III,OH,1
CAP,FY2026_Q1,Capgemini America Inc,Certified,H-1B,Test Consultant 2,Software Quality Assurance Analysts and Testers,131748,II,FL,1
TCS,FY2026_Q1,Tata Consultancy Services Limited,Certified,H-1B,Architect,Computer Systems Engineers/Architects,119933,III,TX,1
CAP,FY2026_Q1,Capgemini America Inc,Certified,H-1B,Programmer/ Developer 3,Computer Programmers,106493,III,CA,1
MPHASIS,FY2026_Q1,Mphasis Corporation,Certified,H-1B,Software Engineer,Computer Programmers,116092,II,TN,1
CAP,FY2026_Q1,Capgemini America Inc,Certified,H-1B,Programmer/ Developer 2,Computer Programmers,97671,II,IL,1
INFY,FY2026_Q1,INFOSYS LIMITED,Certified,H-1B,Technology Consultant 2,Computer Systems Engineers/Architects,92581,II,TX,5
CAP,FY2026_Q1,Capgemini America Inc,Certified,H-1B,Applications Consultant 3,Software Developers,167241,III,IL,1
IBM,FY2026_Q1,IBM Corporation,Certified,H-1B,Application Architect,Software Developers,139032,IV,OH,1
INFY,FY2026_Q1,KI INFOSYSTEMS LLC,Certified,H-1B,SOFTWARE ENGINEER,Software Developers,97386,II,MO,1
CAP,FY2026_Q1,Capgemini America Inc,Certified,H-1B,Test Consultant 3,Software Quality Assurance Analysts and Testers,145961,III,GA,1
CTSH,FY2026_Q1,COGNIZANT WORLDWIDE LIMITED,Certified,H-1B,AD JC40 - Computer Systems Engineers/Architects,Computer Systems Engineers/Architects,140795,IV,NC,1
HCLTECH,FY2026_Q1,HCL AMERICA INC,Certified,H-1B,Project Manager,Information Technology Project Managers,126256,III,NC,1
CAP,FY2026_Q1,Capgemini America Inc,Certified,H-1B,Applications Consultant 2,Software Developers,110208,II,OH,1
INFY,FY2026_Q1,INFOSYS LIMITED,Certified,H-1B,Technology Consultant 2,Computer Systems Engineers/Architects,90605,II,TX,1
CTSH,FY2026_Q1,COGNIZANT TECHNOLOGY SOLUTIONS US CORP,Certified,H-1B,SA JC60 - Software Quality Assurance Analysts and Testers,Software Quality Assurance Analysts and Testers,91374,II,TX,1
CTSH,FY2026_Q1,COGNIZANT TECHNOLOGY SOLUTIONS US CORP,Certified,H-1B,Manager JC50 - Computer Systems Engineers/Architects,Computer Systems Engineers/Architects,107640,III,IL,1
INFY,FY2026_Q1,INFOSYS LIMITED,Certified,H-1B,Architecture Consultant 2,Computer Systems Engineers/Architects,111550,II,WA,5
CAP,FY2026_Q1,Capgemini America Inc,Certified,H-1B,Test Consultant 3,Software Quality Assurance Analysts and Testers,127500,III,TX,1
MPHASIS,FY2026_Q1,Mphasis Corporation,Certified,H-1B,Software Engineer,Software Developers,160000,II,OH,1
WIT,FY2026_Q1,WIPRO LIMITED,Certified,H-1B,Project Manager L1,Information Technology Project Managers,111550,II,WA,1
CTSH,FY2026_Q1,COGNIZANT TECHNOLOGY SOLUTIONS US CORP,Certified,H-1B,Manager JC50 - Computer Systems Engineers/Architects,Computer Systems Engineers/Architects,104062,III,CT,1
CAP,FY2026_Q1,Capgemini America Inc,Certified,H-1B,Applications Consultant 3,Software Developers,167970,III,GA,1
MPHASIS,FY2026_Q1,Mphasis Corporation ,Certified,H-1B,Database Administrator II,Database Administrators,97344,II,VA,1
CAP,FY2026_Q1,Capgemini America Inc,Certified,H-1B,Test Consultant 3,Software Quality Assurance Analysts and Testers,98324,III,IL,1
WIT,FY2026_Q1,WIPRO LIMITED,Certified,H-1B,Techno Functional Consultant L2,Computer Systems Analysts,105687,II,NY,1
TECHM,FY2026_Q1,"TECH MAHINDRA (AMERICAS), INC",Certified,H-1B,Database Administrator (DBA),Database Administrators,100693,II,WA,1
CTSH,FY2026_Q1,COGNIZANT TECHNOLOGY SOLUTIONS US CORP,Certified,H-1B,Senior Associate JC60 -Computer Systems Engineers/Architects,Computer Systems Engineers/Architects,82846,II,IL,1
HCLTECH,FY2026_Q1,HCL GLOBAL SYSTEMS INC,Certified,H-1B,SOFTWARE ENGINEER,Computer Systems Engineers/Architects,93538,II,AZ,1
INFY,FY2026_Q1,INFOSYS LIMITED,Certified,H-1B,Manager - Data Science,Management Analysts,110302,III,TX,1
CTSH,FY2026_Q1,COGNIZANT TECHNOLOGY SOLUTIONS US CORP,Certified,H-1B,Manager JC50 - Software Developers,Software Developers,130707,III,GA,1
CTSH,FY2026_Q1,COGNIZANT TECHNOLOGY SOLUTIONS US CORP,Certified,H-1B,Manager JC50 - Computer Systems Engineers/Architects,Computer Systems Engineers/Architects,97469,III,OH,1
CTSH,FY2026_Q1,COGNIZANT TECHNOLOGY SOLUTIONS US CORP,Certified,H-1B,Manager JC50 - Computer Systems Engineers/Architects,Computer Systems Engineers/Architects,118456,III,TX,1
CAP,FY2026_Q1,"Capgemini America, Inc.",Certified,H-1B,Applications Consultant 3,Software Developers,133536,IV,NC,1
CAP,FY2026_Q1,Capgemini America Inc,Certified,H-1B,Business Systems Analyst 2,Computer Systems Analysts,91649,II,IL,1
WIT,FY2026_Q1,WIPRO LIMITED,Certified,H-1B,Technical Consultant L2,Computer Systems Analysts,105768,II,CO,1
WIT,FY2026_Q1,WIPRO LIMITED,Certified,H-1B,Project Manager L2,Information Technology Project Managers,117582,III,NJ,1
TECHM,FY2026_Q1,"TECH MAHINDRA (AMERICAS), INC",Certified,H-1B,Network Specialist,Computer Network Architects,153962,II,CA,1
HCLTECH,FY2026_Q1,HCL AMERICA INC,Certified,H-1B,Technical Architect,Computer Systems Engineers/Architects,116628,III,IL,1
INFY,FY2026_Q1,INFOSYS LIMITED,Certified,H-1B,Technology Consultant 2,Computer Systems Engineers/Architects,94952,II,NC,1
INFY,FY2026_Q1,INFOSYS LIMITED,Certified,H-1B,Technology Consultant 2,Computer Systems Engineers/Architects,92581,II,TX,5
WIT,FY2026_Q1,WIPRO LIMITED,Certified,H-1B,Project Manager L1,Information Technology Project Managers,166728,II,IL,1
CTSH,FY2026_Q1,COGNIZANT TECHNOLOGY SOLUTIONS US CORP,Certified,H-1B,Senior Associate JC60 -Computer Systems Engineers/Architects,Computer Systems Engineers/Architects,82846,II,IL,1
CAP,FY2026_Q1,Capgemini America Inc,Certified,H-1B,Applications Consultant 2,Software Developers,110471,II,WI,1
TCS,FY2026_Q1,TATA CONSULTANCY SERVICES LIMITED,Certified,H-1B,Developer,Computer Programmers,72405,II,MO,1
CTSH,FY2026_Q1,COGNIZANT TECHNOLOGY SOLUTIONS US CORP,Certified,H-1B,Manager JC50 - Network and Computer Systems Administrators,Network and Computer Systems Administrators,101088,III,GA,1
HCLTECH,FY2026_Q1,HCL AMERICA INC,Certified,H-1B,Domain\Technical Architect,Computer Systems Engineers/Architects,106954,III,FL,1
LTIM,FY2026_Q1,LTIMindtree Limited,Certified,H-1B,Computer System Engineer/Architect,Computer Systems Engineers/Architects,111550,II,WA,1
TCS,FY2026_Q1,TATA CONSULTANCY SERVICES LIMITED,Certified,H-1B,ARCHITECT,Computer Systems Engineers/Architects,111550,II,WA,1
WIT,FY2026_Q1,WIPRO LIMITED,Certified,H-1B,Quality Assurance (QA) Lead L2,Software Quality Assurance Analysts and Testers,99299,II,MA,1
LTIM,FY2026_Q1,LTIMindtree Limited,Certified,H-1B,Software Quality Assurance Analyst and Tester,Software Quality Assurance Analysts and Testers,63606,II,PA,1
INFY,FY2026_Q1,INFOSYS LIMITED,Certified,H-1B,Technology Consultant 2,Computer Systems Engineers/Architects,92581,II,TX,1
WIT,FY2026_Q1,WIPRO LIMITED,Certified,H-1B,Managing Consultant-Technology & Implementation L1,Computer Systems Analysts,117412,III,IL,1
HCLTECH,FY2026_Q1,HCL GLOBAL SYSTEMS INC,Certified,H-1B,SR. PLATFORM ENGINEER/DEVOPS SPECIALIST,Software Developers,127837,III,TX,1
TCS,FY2026_Q1,Tata Consultancy Services Limited,Certified,H-1B,Developer,Computer Programmers,79435,II,FL,1
CAP,FY2026_Q1,Capgemini America Inc,Certified,H-1B,Applications Consultant 3,Software Developers,173259,III,FL,1
WIT,FY2026_Q1,WIPRO LIMITED,Certified,H-1B,Technical Lead L1,Computer Programmers,107432,II,TN,1
WIT,FY2026_Q1,WIPRO LIMITED,Certified,H-1B,Managing Consultant-Technology & Implementation L1,Computer Systems Analysts,233116,III,TX,1
WIT,FY2026_Q1,WIPRO LIMITED,Certified,H-1B,Technical Lead L1,Computer Programmers,83739,II,TX,1
WIT,FY2026_Q1,WIPRO LIMITED,Certified,H-1B,Test Engineer L4,Software Quality Assurance Analysts and Testers,99299,II,MA,1
WIT,FY2026_Q1,WIPRO LIMITED,Certified,H-1B,Project Lead L1,Information Technology Project Managers,105786,II,TX,1
CTSH,FY2026_Q1,COGNIZANT TECHNOLOGY SOLUTIONS US CORP,Certified,H-1B,Senior Manager JC45 - Computer Systems Engineers/Architects,Computer Systems Engineers/Architects,132434,IV,IL,1
HCLTECH,FY2026_Q1,HCL AMERICA INC,Certified,H-1B,Technical Specialist,Computer Systems Engineers/Architects,91874,II,TX,1
CTSH,FY2026_Q1,COGNIZANT WORLDWIDE LIMITED,Certified,H-1B,AD JC40 - Computer Systems Engineers/Architects,Computer Systems Engineers/Architects,140795,IV,NC,1
WIT,FY2026_Q1,WIPRO LIMITED,Certified,H-1B,Quality Assurance (QA) Lead L2,Software Quality Assurance Analysts and Testers,96117,II,CO,1
TECHM,FY2026_Q1,"TECH MAHINDRA (AMERICAS), INC",Certified,H-1B,Software Test Engineer,Software Quality Assurance Analysts and Testers,113111,II,TX,1
MPHASIS,FY2026_Q1,Mphasis Corporation,Certified,H-1B,Software Engineer,Software Quality Assurance Analysts and Testers,140000,II,CA,1
HCLTECH,FY2026_Q1,TechClub Inc.,Certified,H-1B,Data Analyst,Business Intelligence Analysts,97000,II,PA,1
WIT,FY2026_Q1,WIPRO LIMITED,Certified,H-1B,Solution Architect L1,Computer Systems Engineers/Architects,86400,II,MO,1
WIT,FY2026_Q1,WIPRO LIMITED,Certified,H-1B,Techno Functional Consultant L2,Computer Systems Analysts,86400,II,IL,1
TCS,FY2026_Q1,TATA CONSULTANCY SERVICES LIMITED,Certified,H-1B,Analyst “ Testing,Software Quality Assurance Analysts and Testers,81994,II,IN,1
CAP,FY2026_Q1,Capgemini America Inc,Certified,H-1B,Project Manager 3,Information Technology Project Managers,122158,III,CT,1
WIT,FY2026_Q1,WIPRO LIMITED,Certified,H-1B,Solution Architect L1,Computer Systems Engineers/Architects,86400,II,MO,1
INFY,FY2026_Q1,INFOSYS LIMITED,Certified,H-1B,Technology Consultant 2,Computer Systems Engineers/Architects,94682,II,NY,5
HCLTECH,FY2026_Q1,HCL AMERICA INC,Certified,H-1B,Senior Domain Consultant,Computer Systems Engineers/Architects,123193,III,TX,1
IBM,FY2026_Q1,IBM Corporation,Certified - Withdrawn,H-1B,Application Developer,Software Developers,177971,IV,CA,1
IBM,FY2026_Q1,IBM Corporation,Certified - Withdrawn,H-1B,DevOps Application Developer,Software Developers,132774,II,VA,1
IBM,FY2026_Q1,IBM Corporation,Certified - Withdrawn,H-1B,Software Developer,Software Developers,201778,II,MA,1
IBM,FY2026_Q1,IBM Corporation,Certified - Withdrawn,H-1B,Senior Software Development Engineer,Software Developers,205000,IV,WA,1
IBM,FY2026_Q1,IBM Corporation,Certified - Withdrawn,H-1B,Research Scientist,Computer and Information Research Scientists,247873,N/A,CA,1
IBM,FY2026_Q1,IBM Corporation,Certified - Withdrawn,H-1B,Senior L3 Product Support Engineer,Computer Systems Analysts,157290,IV,IL,1
WIT,FY2026_Q1,WIPRO LIMITED,Withdrawn,H-1B,Data and Analytics Architect L2,Database Architects,142626,III,FL,1
INFY,FY2026_Q1,INFOSYS LIMITED,Certified,H-1B,Package Consultant 2,Computer Systems Engineers/Architects,139443,II,CA,1
TCS,FY2026_Q1,TATA CONSULTANCY SERVICES LIMITED,Certified,H-1B,Architect,Computer Systems Engineers/Architects,110594,III,VA,1
ACN,FY2026_Q1,Accenture LLP,Certified,H-1B,Quality Engineering Associate Manager,Software Quality Assurance Analysts and Testers,108700,III,LA,1
MPHASIS,FY2026_Q1,Mphasis Corporation,Certified,H-1B,Software Engineer,Computer Programmers,104000,II,NJ,1
ACN,FY2026_Q1,Accenture LLP,Certified,H-1B,Packaged App Development Assoc Manager,Computer Systems Analysts,119100,III,OH,1
CTSH,FY2026_Q1,COGNIZANT TECHNOLOGY SOLUTIONS US CORP,Certified,H-1B,Manager JC50 - Computer Systems Engineers/Architects,Computer Systems Engineers/Architects,126818,III,NJ,1
ACN,FY2026_Q1,Accenture LLP,Certified,H-1B,Delivery Lead Senior Manager,Computer and Information Systems Managers,183851,III,GA,1
INFY,FY2026_Q1,INFOSYS LIMITED,Certified,H-1B,Package Project Lead 1,Information Technology Project Managers,92581,II,TX,5
G,FY2026_Q1,Genpact LLC,Certified,H-1B,Lead Consultant,Data Scientists,99310,II,GA,1
HCLTECH,FY2026_Q1,HCL AMERICA INC,Certified,H-1B,Senior Technical Manager,Information Technology Project Managers,109919,III,GA,1
INFY,FY2026_Q1,INFOSYS LIMITED,Certified,H-1B,Technology Project Lead 2,Information Technology Project Managers,126256,III,NC,5
INFY,FY2026_Q1,INFOSYS LIMITED,Certified,H-1B,Technology Project Lead 1,Information Technology Project Managers,92581,II,TX,1
HCLTECH,FY2026_Q1,HCL AMERICA INC,Certified,H-1B,Domain\Technical Architect,Computer Systems Engineers/Architects,118456,III,TX,1
INFY,FY2026_Q1,INFOSYS LIMITED,Certified,H-1B,Technology Consultant 3,Computer Systems Engineers/Architects,118456,III,TX,1
INFY,FY2026_Q1,INFOSYS LIMITED,Certified,H-1B,Infrastructure Project Lead 2,Information Technology Project Managers,126818,III,NJ,5
ACN,FY2026_Q1,Accenture LLP,Certified,H-1B,Quality Engineering Associate Manager,Software Quality Assurance Analysts and Testers,118200,III,TX,1
INFY,FY2026_Q1,INFOSYS LIMITED,Certified,H-1B,Technology Consultant 2,Computer Systems Engineers/Architects,111550,II,WA,1
TCS,FY2026_Q1,Tata Consultancy Services Limited,Certified,H-1B,Network Administrator,Network and Computer Systems Administrators,81765,II,NC,1
HCLTECH,FY2026_Q1,HCL AMERICA INC,Certified,H-1B,Program Manager,Information Technology Project Managers,110157,III,MN,1
CAP,FY2026_Q1,Capgemini America Inc,Certified,H-1B,Software Engineer 3,Software Developers,126826,III,MI,1
CAP,FY2026_Q1,Capgemini America Inc,Certified,H-1B,Applications Consultant 3,Software Developers,130707,III,IL,1
ACN,FY2026_Q1,Accenture LLP,Certified,H-1B,Tech Architecture Specialist,Software Developers,107600,II,OH,1
CAP,FY2026_Q1,Capgemini America Inc,Certified,H-1B,Mechanical Engineer 2,Mechanical Engineers,106886,II,MI,1
INFY,FY2026_Q1,INFOSYS LIMITED,Certified,H-1B,Infrastructure Project Lead 2,Information Technology Project Managers,115835,III,CA,5
HCLTECH,FY2026_Q1,HCL AMERICA INC,Certified,H-1B,Project Lead,Information Technology Project Managers,118456,III,TX,1
CTSH,FY2026_Q1,COGNIZANT TECHNOLOGY SOLUTIONS US CORP,Certified,H-1B,Manager JC50 - Computer Systems Engineers/Architects,Computer Systems Engineers/Architects,107640,III,IL,1
CAP,FY2026_Q1,CAPGEMINI AMERICA INC,Certified,H-1B,Electronics Engineer 2,"Electronics Engineers, Except Computer",156855,II,CA,1
INFY,FY2026_Q1,INFOSYS LIMITED,Certified,H-1B,Architecture Consultant 2,Computer Systems Engineers/Architects,94952,II,NC,1
CAP,FY2026_Q1,Capgemini America Inc,Certified,H-1B,Business Systems Analyst 3,Computer Systems Analysts,107931,III,IL,1
MPHASIS,FY2026_Q1,Mphasis Corporation ,Certified,H-1B,MANAGEMENT ANALYST II,Management Analysts,106626,II,DE,1
TCS,FY2026_Q1,Tata Consultancy Services Limited,Certified,H-1B,Analyst “ Testing,Software Quality Assurance Analysts and Testers,85571,II,MI,1
ACN,FY2026_Q1,Accenture LLP,Certified,H-1B,Advanced App Engineering Assoc Manager,Computer Systems Analysts,160000,III,CA,1
MPHASIS,FY2026_Q1,Mphasis Corporation,Certified,H-1B,Software Engineer,Software Developers,160000,II,OH,1
CAP,FY2026_Q1,Capgemini America Inc,Certified,H-1B,Project Manager 3,Information Technology Project Managers,118450,III,SC,1
WIT,FY2026_Q1,WIPRO LIMITED,Certified,H-1B,Techno Functional Consultant L2,Computer Systems Analysts,101013,II,TX,1
TCS,FY2026_Q1,Tata Consultancy Services Limited,Certified,H-1B,Architect,Computer Systems Engineers/Architects,94682,II,NY,1
ACN,FY2026_Q1,Accenture LLP,Certified,H-1B,Packaged App Development Manager,Computer Systems Analysts,155300,IV,PA,1
CTSH,FY2026_Q1,COGNIZANT TECHNOLOGY SOLUTIONS US CORP,Certified,H-1B,Manager JC50 - Computer Systems Engineers/Architects,Computer Systems Engineers/Architects,111030,III,VA,1
TCS,FY2026_Q1,Tata Consultancy Services Limited,Certified,H-1B,Architect,Computer Systems Engineers/Architects,86445,II,GA,1
INFY,FY2026_Q1,INFOSYS LIMITED,Certified,H-1B,Package Consultant 2,Computer Systems Engineers/Architects,94952,II,NC,5
TECHM,FY2026_Q1,"TECH MAHINDRA (AMERICAS), INC",Certified,H-1B,Software Systems Engineer,Software Developers,140650,II,TX,1
LTIM,FY2026_Q1,LTIMindtree Limited,Certified,H-1B,Software Quality Assurance Analyst and Tester,Software Quality Assurance Analysts and Testers,91374,II,TX,1
MPHASIS,FY2026_Q1,Mphasis Corporation,Certified,H-1B,Software Architect,Computer Systems Engineers/Architects,150000,II,TX,1
INFY,FY2026_Q1,INFOSYS LIMITED,Certified,H-1B,Infrastructure Consultant 3,Network and Computer Systems Administrators,100339,III,OH,5
ACN,FY2026_Q1,Accenture LLP,Certified,H-1B,Packaged App Development Specialist,Computer Systems Analysts,105000,II,TX,1
INFY,FY2026_Q1,INFOSYS LIMITED,Certified,H-1B,Technology Consultant 2,Computer Systems Engineers/Architects,81765,II,CT,5
HCLTECH,FY2026_Q1,HCL AMERICA INC,Certified,H-1B,Technical Lead,Computer Programmers,82035,III,IA,1
TECHM,FY2026_Q1,"TECH MAHINDRA (AMERICAS), INC",Certified,H-1B,Network Architect,Computer Network Architects,147801,II,WA,1
WIT,FY2026_Q1,WIPRO LIMITED,Certified,H-1B,Test Engineer L3,Software Quality Assurance Analysts and Testers,91374,II,TX,1
INFY,FY2026_Q1,INFOSYS LIMITED,Certified,H-1B,Package Consultant 2,Computer Systems Engineers/Architects,92581,II,TX,5
HCLTECH,FY2026_Q1,HCL AMERICA INC,Certified,H-1B,Senior Technical Architect,Computer Systems Engineers/Architects,100090,III,IN,1
INFY,FY2026_Q1,INFOSYS LIMITED,Certified,H-1B,Domain Consultant 2,Management Analysts,89024,II,TX,1
TCS,FY2026_Q1,Tata Consultancy Services Limited,Certified,H-1B,Developer,Computer Programmers,79602,II,PA,1
CTSH,FY2026_Q1,COGNIZANT TECHNOLOGY SOLUTIONS US CORP,Certified,H-1B,Manager JC50 - Graphic Designers,Graphic Designers,65146,III,CA,1
CAP,FY2026_Q1,"Capgemini America, Inc.",Certified,H-1B,Test Consultant 4,Software Quality Assurance Analysts and Testers,132472,IV,GA,1
TECHM,FY2026_Q1,"TECH MAHINDRA (AMERICAS), INC",Certified,H-1B,Systems Analyst,Computer Systems Analysts,108100,II,TX,1
TCS,FY2026_Q1,TATA CONSULTANCY SERVICES LIMITED,Certified,H-1B,SYSTEM ADMNINISTRATOR,Network and Computer Systems Administrators,104083,II,VA,1
CTSH,FY2026_Q1,COGNIZANT TECHNOLOGY SOLUTIONS US CORP,Certified,H-1B,Manager JC50 - Software Developers,Software Developers,110677,III,NC,1
CTSH,FY2026_Q1,COGNIZANT TECHNOLOGY SOLUTIONS US CORP,Certified,H-1B,Senior Manager JC45 - Computer Systems Engineers/Architects,Computer Systems Engineers/Architects,157560,IV,NC,1
TCS,FY2026_Q1,Tata Consultancy Services Limited,Certified,H-1B,Database Administrator,Database Administrators,70800,II,IN,1
INFY,FY2026_Q1,INFOSYS LIMITED,Certified,H-1B,Technology Project Lead 2,Information Technology Project Managers,118456,III,TX,1
CTSH,FY2026_Q1,COGNIZANT TECHNOLOGY SOLUTIONS US CORP,Certified,H-1B,Manager JC50 - Computer Systems Engineers/Architects,Computer Systems Engineers/Architects,107640,III,IL,1
HCLTECH,FY2026_Q1,HCL AMERICA INC,Certified,H-1B,Senior Project Lead,Information Technology Project Managers,117582,III,NJ,1
TECHM,FY2026_Q1,"TECH MAHINDRA (AMERICAS), INC",Certified,H-1B,Delivery Manager,Computer and Information Systems Managers,127795,II,MO,1
TECHM,FY2026_Q1,"TECH MAHINDRA (AMERICAS), INC",Certified,H-1B,Delivery Manager,Computer and Information Systems Managers,211600,II,CA,1
WIT,FY2026_Q1,WIPRO LIMITED,Certified,H-1B,Technical Lead L1,Computer Programmers,83739,II,TX,1
ACN,FY2026_Q1,Accenture LLP,Certified,H-1B,"Data Eng, Mgmt and Governance Assoc Mgr",Computer Systems Analysts,148100,III,PA,1
ACN,FY2026_Q1,Accenture LLP,Certified,H-1B,Quality Engineering Associate Manager,Software Quality Assurance Analysts and Testers,108700,III,LA,1
ACN,FY2026_Q1,Accenture LLP,Certified,H-1B,Quality Engineering Associate Manager,Software Quality Assurance Analysts and Testers,109600,III,AR,1
INFY,FY2026_Q1,INFOSYS LIMITED,Certified,H-1B,Package Consultant 2,Computer Systems Engineers/Architects,139443,II,CA,1
ACN,FY2026_Q1,Accenture LLP,Certified,H-1B,Packaged App Development Manager,Computer Systems Analysts,140200,IV,GA,1
TCS,FY2026_Q1,Tata Consultancy Services Limited,Certified,H-1B,User Interface Designer,Web and Digital Interface Designers,95992,III,PA,1
INFY,FY2026_Q1,INFOSYS LIMITED,Certified,H-1B,Package Consultant 2,Computer Systems Analysts,96200,II,TX,1
MPHASIS,FY2026_Q1,Mphasis Corporation,Certified,H-1B,Software Engineer,Computer Programmers,140000,II,NJ,1
CTSH,FY2026_Q1,COGNIZANT TECHNOLOGY SOLUTIONS US CORP,Certified,H-1B,Manager JC50 - Computer Systems Engineers/Architects,Computer Systems Engineers/Architects,97469,III,OH,1
CTSH,FY2026_Q1,COGNIZANT TECHNOLOGY SOLUTIONS US CORP,Certified,H-1B,Manager JC50 - Computer Systems Engineers/Architects,Computer Systems Engineers/Architects,94307,III,CT,1
CTSH,FY2026_Q1,COGNIZANT TECHNOLOGY SOLUTIONS US CORP,Certified,H-1B,Manager JC50 - Database Architects,Database Architects,148387,III,OR,1
INFY,FY2026_Q1,INFOSYS LIMITED,Certified,H-1B,Package Project Lead 2,Information Technology Project Managers,113797,III,NC,1
CTSH,FY2026_Q1,COGNIZANT TECHNOLOGY SOLUTIONS US CORP,Certified,H-1B,Manager JC50 - Commercial and Industrial Designers,Commercial and Industrial Designers,86237,IV,IL,1
HCLTECH,FY2026_Q1,HCL AMERICA INC,Certified,H-1B,Technical Lead,Computer Programmers,102372,III,TX,1
WIT,FY2026_Q1,WIPRO LIMITED,Certified,H-1B,Techno Functional Consultant L2,Computer Systems Analysts,82368,II,MO,1
CTSH,FY2026_Q1,COGNIZANT TECHNOLOGY SOLUTIONS US CORP,Certified,H-1B,Manager JC50 - Database Architects,Database Architects,148387,III,OR,1
WIT,FY2026_Q1,WIPRO LIMITED,Certified,H-1B,Lead Administrator L2,Network and Computer Systems Administrators,84931,II,MO,1
HCLTECH,FY2026_Q1,HCL AMERICA INC,Certified,H-1B,Senior Group Technical Architect,Computer Systems Engineers/Architects,167024,IV,WA,1
CTSH,FY2026_Q1,COGNIZANT TECHNOLOGY SOLUTIONS US CORP,Certified,H-1B,Manager JC50 - Computer Systems Engineers/Architects,Computer Systems Engineers/Architects,113797,III,NC,1
CTSH,FY2026_Q1,COGNIZANT TECHNOLOGY SOLUTIONS US CORP,Certified,H-1B,Sr. Mgr. JC45 - Network and Computer Systems Administrators,Network and Computer Systems Administrators,120182,IV,IL,1
CAP,FY2026_Q1,Capgemini America Inc,Certified,H-1B,Applications Consultant 3,Software Developers,175000,III,MA,1
CTSH,FY2026_Q1,COGNIZANT TECHNOLOGY SOLUTIONS US CORP,Certified,H-1B,Manager JC50 - Information Security Analysts,Information Security Analysts,146557,III,NJ,1
INFY,FY2026_Q1,INFOSYS LIMITED,Certified,H-1B,Domain Project Lead 2,Project Management Specialists,99736,III,TX,1
CTSH,FY2026_Q1,COGNIZANT TECHNOLOGY SOLUTIONS US CORP,Certified,H-1B,Manager JC50 - Computer Systems Engineers/Architects,Computer Systems Engineers/Architects,108514,III,GA,1
ACN,FY2026_Q1,Accenture LLP,Certified,H-1B,Packaged App Development Manager,Database Administrators,171200,IV,CA,1
ACN,FY2026_Q1,Accenture LLP,Certified,H-1B,Packaged App Development Assoc Manager,Computer Programmers,119000,III,KS,1
ACN,FY2026_Q1,Accenture LLP,Certified,H-1B,Packaged App Development Manager,Database Administrators,177258,IV,CA,1
CTSH,FY2026_Q1,COGNIZANT TECHNOLOGY SOLUTIONS US CORP,Certified,H-1B,Sr. Mgr. JC45 - Network and Computer Systems Administrators,Network and Computer Systems Administrators,145330,IV,DC,1
CTSH,FY2026_Q1,COGNIZANT TECHNOLOGY SOLUTIONS US CORP,Certified,H-1B,Manager JC50 - Commercial and Industrial Designers,Commercial and Industrial Designers,86237,IV,IL,1
INFY,FY2026_Q1,INFOSYS LIMITED,Certified,H-1B,Architecture Consultant 2,Computer Systems Engineers/Architects,86445,II,GA,5
ACN,FY2026_Q1,Accenture LLP,Certified,H-1B,Packaged App Development Manager,Software Quality Assurance Analysts and Testers,182600,IV,NY,1
HCLTECH,FY2026_Q1,HCL GLOBAL SYSTEMS INC,Certified,H-1B,SOFTWARE ENGINEER,Software Developers,139214,III,NC,1
CTSH,FY2026_Q1,COGNIZANT TECHNOLOGY SOLUTIONS US CORP,Certified,H-1B,Manager JC50 - Computer Systems Engineers/Architects,Computer Systems Engineers/Architects,113797,III,NC,1
TCS,FY2026_Q1,TATA CONSULTANCY SERVICES LIMITED,Certified,H-1B,Analyst,Computer Systems Analysts,92331,II,NC,1
INFY,FY2026_Q1,INFOSYS LIMITED,Certified,H-1B,Infrastructure Project Lead 1,Information Technology Project Managers,92581,II,TX,5
TECHM,FY2026_Q1,"TECH MAHINDRA (AMERICAS), INC",Certified,H-1B,Program Manager,Computer and Information Systems Managers,127795,II,MO,1
INFY,FY2026_Q1,INFOSYS LIMITED,Certified,H-1B,Technology Project Lead 2,Information Technology Project Managers,113797,III,NC,5
INFY,FY2026_Q1,INFOSYS LIMITED,Certified,H-1B,Technology Consultant 2,Computer Systems Engineers/Architects,86403,II,CA,5
INFY,FY2026_Q1,INFOSYS LIMITED,Certified,H-1B,Technology Consultant 2,Computer Systems Engineers/Architects,92581,II,TX,5
TCS,FY2026_Q1,TATA CONSULTANCY SERVICES LIMITED,Certified,H-1B,DEVELOPER,Computer Programmers,113007,II,TX,1
WIT,FY2026_Q1,WIPRO LIMITED,Certified,H-1B,Technical Lead L1,Computer Programmers,125203,II,CA,1
ACN,FY2026_Q1,Accenture LLP,Certified,H-1B,Tech Architecture Assoc Manager,Computer Programmers,152568,III,TN,1
TCS,FY2026_Q1,Tata Consultancy Services Limited,Certified,H-1B,Database Administrator,Database Administrators,87381,II,TX,1
INFY,FY2026_Q1,INFOSYS LIMITED,Certified,H-1B,Infrastructure Consultant 2,Network and Computer Systems Administrators,80933,II,WI,5
ACN,FY2026_Q1,Accenture LLP,Certified,H-1B,Packaged App Development Assoc Manager,Computer Programmers,121800,III,GA,1
MPHASIS,FY2026_Q1,Mphasis Corporation,Certified,H-1B,Software Architect,Computer Systems Engineers/Architects,135000,II,TX,1
ACN,FY2026_Q1,Accenture LLP,Certified,H-1B,Tech Architecture Assoc Manager,Computer Programmers,138500,III,WI,1
TCS,FY2026_Q1,Tata Consultancy Services Limited,Certified,H-1B,Architect,Computer Systems Engineers/Architects,70800,II,KY,1
CTSH,FY2026_Q1,COGNIZANT TECHNOLOGY SOLUTIONS US CORP,Certified,H-1B,Senior Manager JC45 - Computer Systems Engineers/Architects,Computer Systems Engineers/Architects,158974,IV,NJ,1
LTIM,FY2026_Q1,LTIMindtree Limited,Certified,H-1B,Software Developers,Software Developers,92644,II,PA,1
HCLTECH,FY2026_Q1,HCL AMERICA INC,Certified - Withdrawn,H-1B,Subject Matter Expert (Support&Ops),Computer Network Support Specialists,150000,II,FL,1
CAP,FY2026_Q1,Capgemini America Inc,Certified - Withdrawn,H-1B,Project Manager 3,Information Technology Project Managers,127284,III,CT,1
CAP,FY2026_Q1,Capgemini America Inc,Certified - Withdrawn,H-1B,Project Manager 2,Information Technology Project Managers,113000,II,GA,1
ACN,FY2026_Q1,Accenture LLP,Withdrawn,H-1B,Packaged App Development Manager,Computer Systems Analysts,158100,IV,CT,1
CTSH,FY2026_Q1,COGNIZANT TECHNOLOGY SOLUTIONS US CORP,Certified,H-1B,SA JC60 - Software Quality Assurance Analysts and Testers,Software Quality Assurance Analysts and Testers,84178,II,CT,1
G,FY2026_Q1,Genpact LLC,Certified,H-1B,Principal Consultant,Operations Research Analysts,115000,II,NY,1
CTSH,FY2026_Q1,COGNIZANT TECHNOLOGY SOLUTIONS US CORP,Certified,H-1B,Senior Associate JC60 -Computer Systems Engineers/Architects,Computer Systems Engineers/Architects,92581,II,TX,1
CTSH,FY2026_Q1,COGNIZANT TECHNOLOGY SOLUTIONS US CORP,Certified,H-1B,Senior Manager JC45 - Computer Systems Engineers/Architects,Computer Systems Engineers/Architects,124155,IV,VA,1
CTSH,FY2026_Q1,COGNIZANT TECHNOLOGY SOLUTIONS US CORP,Certified,H-1B,Senior Associate JC60 -Computer Systems Engineers/Architects,Computer Systems Engineers/Architects,92581,II,TX,1
CTSH,FY2026_Q1,COGNIZANT TECHNOLOGY SOLUTIONS US CORP,Certified,H-1B,Senior Manager JC45 - Computer Systems Engineers/Architects,Computer Systems Engineers/Architects,140500,IV,IN,1
CTSH,FY2026_Q1,COGNIZANT TECHNOLOGY SOLUTIONS US CORP,Certified,H-1B,Senior Associate JC60 - Computer Programmers,Computer Programmers,76835,II,IL,1
ACN,FY2026_Q1,Accenture LLP,Certified,H-1B,Adv App/Cloud Supp and Eng Specialist,Database Administrators,153100,II,VA,1
CTSH,FY2026_Q1,COGNIZANT TECHNOLOGY SOLUTIONS US CORP,Certified,H-1B,Senior Manager JC45 - Computer Systems Engineers/Architects,Computer Systems Engineers/Architects,158974,IV,NJ,1
CTSH,FY2026_Q1,COGNIZANT TECHNOLOGY SOLUTIONS US CORP,Certified,H-1B,SA JC60 - Software Quality Assurance Analysts and Testers,Software Quality Assurance Analysts and Testers,99299,II,MA,1
ACN,FY2026_Q1,Accenture LLP,Certified,H-1B,Infra Managed Service Sr Manager,Information Technology Project Managers,217755,IV,CA,1
CTSH,FY2026_Q1,COGNIZANT TECHNOLOGY SOLUTIONS US CORP,Certified,H-1B,Senior Manager JC45 - Computer Systems Engineers/Architects,Computer Systems Engineers/Architects,157560,IV,NC,1
CTSH,FY2026_Q1,COGNIZANT TECHNOLOGY SOLUTIONS US CORP,Certified,H-1B,Senior Associate JC60 - Automotive Engineers,Automotive Engineers,93642,II,MI,1
CTSH,FY2026_Q1,COGNIZANT TECHNOLOGY SOLUTIONS US CORP,Certified,H-1B,Manager JC50 - Computer Systems Engineers/Architects,Computer Systems Engineers/Architects,111862,III,TX,1
ACN,FY2026_Q1,Accenture LLP,Certified,E-3 Australian,Brand and Comm Strategy Manager,Management Analysts,198000,IV,NY,1
CTSH,FY2026_Q1,COGNIZANT TECHNOLOGY SOLUTIONS US CORP,Certified,H-1B,Manager JC50 - Computer Systems Engineers/Architects,Computer Systems Engineers/Architects,110157,III,MN,1
CTSH,FY2026_Q1,COGNIZANT TECHNOLOGY SOLUTIONS US CORP,Certified,H-1B,Manager JC50 - Computer Systems Engineers/Architects,Computer Systems Engineers/Architects,113797,III,NC,1
ACN,FY2026_Q1,Accenture LLP,Certified,H-1B,Infra Managed Service Sr Manager,Information Technology Project Managers,217755,IV,MD,1
CTSH,FY2026_Q1,COGNIZANT TECHNOLOGY SOLUTIONS US CORP,Certified,H-1B,Senior Manager JC45 - Computer Systems Engineers/Architects,Computer Systems Engineers/Architects,157560,IV,NC,1
ACN,FY2026_Q1,Accenture LLP,Certified,H-1B,Business Architecture Associate Manager,Information Technology Project Managers,137917,III,MN,1
ACN,FY2026_Q1,Accenture LLP,Certified,H-1B,Custom Software Engineering Senior Mgr,Software Developers,164800,IV,GA,1
CTSH,FY2026_Q1,COGNIZANT TECHNOLOGY SOLUTIONS US CORP,Certified,H-1B,Manager JC50 - Computer Systems Engineers/Architects,Computer Systems Engineers/Architects,113797,III,NC,1
CTSH,FY2026_Q1,COGNIZANT TECHNOLOGY SOLUTIONS US CORP,Certified,H-1B,SA JC60 - Software Quality Assurance Analysts and Testers,Software Quality Assurance Analysts and Testers,88088,II,IL,1
CTSH,FY2026_Q1,COGNIZANT TECHNOLOGY SOLUTIONS US CORP,Certified,H-1B,Manager JC50 - Computer Systems Engineers/Architects,Computer Systems Engineers/Architects,104062,III,CT,1
CTSH,FY2026_Q1,COGNIZANT TECHNOLOGY SOLUTIONS US CORP,Certified,H-1B,Senior Manager JC45 - Computer Systems Engineers/Architects,Computer Systems Engineers/Architects,140500,IV,CT,1
CTSH,FY2026_Q1,COGNIZANT TECHNOLOGY SOLUTIONS US CORP,Certified,H-1B,Senior Associate JC60 -Computer Systems Engineers/Architects,Computer Systems Engineers/Architects,139443,II,CA,1
CTSH,FY2026_Q1,COGNIZANT TECHNOLOGY SOLUTIONS US CORP,Certified,H-1B,Manager JC50 - Software Developers,Software Developers,135408,III,NC,1
ACN,FY2026_Q1,Accenture LLP,Certified,H-1B,Custom Software Engineering Senior Mgr,Software Developers,164800,IV,MN,1
CTSH,FY2026_Q1,COGNIZANT TECHNOLOGY SOLUTIONS US CORP,Certified,H-1B,Manager JC50 - Computer Systems Engineers/Architects,Computer Systems Engineers/Architects,111862,III,TX,1
CTSH,FY2026_Q1,COGNIZANT TECHNOLOGY SOLUTIONS US CORP,Certified,H-1B,Senior Associate JC60 - Software Developers,Software Developers,101899,II,OH,1
CTSH,FY2026_Q1,COGNIZANT TECHNOLOGY SOLUTIONS US CORP,Certified,H-1B,Manager JC50 - Computer Systems Engineers/Architects,Computer Systems Engineers/Architects,111030,III,VA,1
CTSH,FY2026_Q1,COGNIZANT TECHNOLOGY SOLUTIONS US CORP,Certified,H-1B,Senior Associate JC60 -Computer Systems Engineers/Architects,Computer Systems Engineers/Architects,117000,II,PA,1
CTSH,FY2026_Q1,COGNIZANT TECHNOLOGY SOLUTIONS US CORP,Certified,H-1B,Senior Associate JC60 -Computer Systems Engineers/Architects,Computer Systems Engineers/Architects,118310,II,VA,1
CTSH,FY2026_Q1,COGNIZANT TECHNOLOGY SOLUTIONS US CORP,Certified,H-1B,Senior Associate JC60 -Computer Systems Engineers/Architects,Computer Systems Engineers/Architects,117000,II,CA,1
ACN,FY2026_Q1,Accenture LLP,Certified,E-3 Australian,Interaction Design Associate Manager,Information Technology Project Managers,165900,III,NY,1
CTSH,FY2026_Q1,COGNIZANT TECHNOLOGY SOLUTIONS US CORP,Certified,H-1B,Senior Associate JC60 -Computer Systems Engineers/Architects,Computer Systems Engineers/Architects,139443,II,CA,1
CTSH,FY2026_Q1,COGNIZANT TECHNOLOGY SOLUTIONS US CORP,Certified,H-1B,Manager JC50 - Computer Systems Engineers/Architects,Computer Systems Engineers/Architects,104062,III,CT,1
CTSH,FY2026_Q1,COGNIZANT TECHNOLOGY SOLUTIONS US CORP,Certified,H-1B,Senior Associate JC60 - Automotive Engineers,Automotive Engineers,93642,II,MI,1
TCS,FY2026_Q1,Tata Consultancy Services Limited,Certified,H-1B,Developer,Computer Programmers,96637,II,OH,1
INFY,FY2026_Q1,INFOSYS LIMITED,Certified,H-1B,Architecture Consultant 3,Computer Systems Engineers/Architects,115627,III,MA,5
TCS,FY2026_Q1,Tata Consultancy Services Limited,Certified,H-1B,Architect,Computer Systems Engineers/Architects,92581,II,TX,1
INFY,FY2026_Q1,INFOSYS LIMITED,Certified,H-1B,Package Project Lead 2,Information Technology Project Managers,107640,III,IL,5
TCS,FY2026_Q1,TATA CONSULTANCY SERVICES LIMITED,Certified,H-1B,DATABASE ADMINISTRATOR,Database Administrators,86382,II,IL,1
WIT,FY2026_Q1,WIPRO LIMITED,Certified,H-1B,Domain Architect L1,Computer Systems Engineers/Architects,115000,III,MI,1
WIT,FY2026_Q1,WIPRO LIMITED,Certified,H-1B,Test Engineer L4,Software Quality Assurance Analysts and Testers,91374,II,TX,1
INFY,FY2026_Q1,INFOSYS LIMITED,Certified,H-1B,Infrastructure Project Lead 2,Information Technology Project Managers,108243,III,TX,5
TCS,FY2026_Q1,Tata Consultancy Services Limited,Certified,H-1B,User Interface Designer,Web and Digital Interface Designers,76003,II,DE,1
LTIM,FY2026_Q1,LTIMindtree Limited,Certified,H-1B,Computer Systems Analyst,Computer Systems Analysts,92331,II,NC,1
TCS,FY2026_Q1,Tata Consultancy Services Limited,Certified,H-1B,Technical Lead,Information Technology Project Managers,76482,III,AR,1
DXC,FY2026_Q1,"AvidXchange, Inc.",Certified,H-1B,Senior Software Engineer,Software Developers,155000,III,FL,1
TCS,FY2026_Q1,Tata Consultancy Services Limited,Certified,H-1B,Architect,Computer Systems Engineers/Architects,94682,II,NJ,1
CNXC,FY2026_Q1,Concentrix CVG Customer Management Group Inc.,Certified,H-1B,Sr. Data Scientist,Data Scientists,100339,II,TX,1
TCS,FY2026_Q1,TATA CONSULTANCY SERVICES LIMITED,Certified,H-1B,Architect,Computer Systems Engineers/Architects,82285,II,IN,1
HCLTECH,FY2026_Q1,HCL AMERICA INC,Certified,H-1B,Sr Solution Architect,Computer Systems Engineers/Architects,157560,IV,NC,1
LTIM,FY2026_Q1,LTIMindtree Limited,Certified,H-1B,Software Quality Assurance Analyst and Tester,Software Quality Assurance Analysts and Testers,82347,II,GA,1
TCS,FY2026_Q1,Tata Consultancy Services Limited,Certified,H-1B,Architect,Computer Systems Engineers/Architects,113797,III,NC,1
WIT,FY2026_Q1,WIPRO LIMITED,Certified,H-1B,Project Manager L1,Information Technology Project Managers,88970,II,NY,1
TCS,FY2026_Q1,Tata Consultancy Services Limited,Certified,H-1B,Architect,Computer Systems Engineers/Architects,94682,II,NY,1
IBM,FY2026_Q1,IBM Corporation,Certified,H-1B,Application Developer,Software Developers,128470,II,CA,1
TCS,FY2026_Q1,Tata Consultancy Services Limited,Certified,H-1B,Architect,Computer Systems Engineers/Architects,91874,II,TX,1
WIT,FY2026_Q1,WIPRO LIMITED,Certified,H-1B,Application Architect L1,Computer Systems Engineers/Architects,86400,II,OK,1
MPHASIS,FY2026_Q1,Mphasis Corporation,Certified,H-1B,Senior Architect,Software Quality Assurance Analysts and Testers,185000,II,CA,1
LTIM,FY2026_Q1,LTIMindtree Limited,Certified,H-1B,Software Developer,Software Developers,100797,II,FL,1
INFY,FY2026_Q1,INFOSYS LIMITED,Certified,H-1B,Architecture Consultant 3,Computer Systems Engineers/Architects,107640,III,IL,5
TCS,FY2026_Q1,TATA CONSULTANCY SERVICES LIMITED,Certified,H-1B,Architect,Computer Systems Engineers/Architects,91874,II,TX,1
MPHASIS,FY2026_Q1,Mphasis Corporation,Certified,H-1B,IT Project Manager,Information Technology Project Managers,95000,II,TX,1
INFY,FY2026_Q1,INFOSYS LIMITED,Certified,H-1B,Technology Project Lead 2,Information Technology Project Managers,118456,III,TX,1
WIT,FY2026_Q1,WIPRO LIMITED,Certified,H-1B,Cyber Security Analyst L4,Information Security Analysts,94682,II,OH,1
WIT,FY2026_Q1,WIPRO LIMITED,Certified,H-1B,Quality Assurance (QA) Lead L2,Software Quality Assurance Analysts and Testers,96117,II,CO,1
WIT,FY2026_Q1,WIPRO LIMITED,Certified,H-1B,Technical Lead L1,Computer Programmers,135000,II,NJ,1
HCLTECH,FY2026_Q1,HCL AMERICA INC,Certified,H-1B,Design Lead,Computer Systems Engineers/Architects,139298,III,WA,1
LTIM,FY2026_Q1,LTIMindtree Limited,Certified,H-1B,Information Technology Project Manager,Information Technology Project Managers,84115,II,IA,1
INFY,FY2026_Q1,INFOSYS LIMITED,Certified,H-1B,Domain Project Lead 2,Project Management Specialists,99736,III,TX,5
INFY,FY2026_Q1,INFOSYS LIMITED,Certified,H-1B,Technology Consultant 3,Computer Systems Engineers/Architects,118456,III,TX,1
IBM,FY2026_Q1,IBM Corporation,Certified,H-1B,Senior Software Engineering Manager,Computer and Information Systems Managers,210787,IV,TX,1
CAP,FY2026_Q1,Capgemini America Inc,Certified,H-1B,Programmer/ Developer 2,Computer Programmers,102400,II,AZ,1
MPHASIS,FY2026_Q1,Mphasis Corporation ,Certified,H-1B,SOFTWARE PROGRAMMER II,Computer Programmers,110446,II,IL,1
INFY,FY2026_Q1,INFOSYS LIMITED,Certified,H-1B,Package Consultant 3,Computer Systems Engineers/Architects,126256,III,NC,5
INFY,FY2026_Q1,INFOSYS LIMITED,Certified,H-1B,Technology Consultant 1,Computer Systems Engineers/Architects,86798,II,NC,1
CAP,FY2026_Q1,Capgemini America Inc,Certified,H-1B,Business Systems Analyst 3,Computer Systems Analysts,110680,III,IL,1
INFY,FY2026_Q1,INFOSYS LIMITED,Certified,H-1B,Architecture Consultant 3,Computer Systems Engineers/Architects,106538,III,MI,5
CAP,FY2026_Q1,Capgemini America Inc,Certified,H-1B,Applications Consultant 3,Software Developers,133175,III,GA,1
TCS,FY2026_Q1,Tata Consultancy Services Limited,Certified,H-1B,Developer,Computer Programmers,84032,III,AZ,1
TCS,FY2026_Q1,TATA CONSULTANCY SERVICES LIMITED,Certified,H-1B,Architect,Computer Systems Engineers/Architects,85488,II,VA,1
CAP,FY2026_Q1,Capgemini America Inc,Certified,H-1B,Business Systems Analyst 3,Computer Systems Analysts,127234,III,NJ,1
WIT,FY2026_Q1,WIPRO LIMITED,Certified,H-1B,Solution Architect L1,Computer Systems Engineers/Architects,92581,II,TX,1
WIT,FY2026_Q1,WIPRO LIMITED,Certified,H-1B,Techno Functional Consultant L2,Computer Systems Analysts,154000,II,OH,1
CAP,FY2026_Q1,Capgemini America Inc,Certified,H-1B,Solution Architect 4,Software Developers,145642,IV,FL,1
CNXC,FY2026_Q1,Concentrix CVG Customer Management Group Inc.,Certified,H-1B,Sr. Lead Software Engineer,Software Developers,118165,III,NE,1
MPHASIS,FY2026_Q1,Mphasis Corporation,Certified,H-1B,Software Engineer,Computer Programmers,140000,II,FL,1
MPHASIS,FY2026_Q1,Mphasis Corporation,Certified,H-1B,Software Engineer,Computer Programmers,120000,II,AL,1
CNXC,FY2026_Q1,Concentrix CVG Customer Management Group Inc.,Certified,H-1B,"Director, Program Management",Computer and Information Systems Managers,126152,II,NE,1
TCS,FY2026_Q1,Tata Consultancy Services Limited,Certified,H-1B,Developer,Computer Programmers,73029,II,IL,1
TCS,FY2026_Q1,Tata Consultancy Services Limited,Certified,H-1B,Database Administrator,Database Administrators,94307,II,CO,1
TCS,FY2026_Q1,TATA CONSULTANCY SERVICES LIMITED,Certified,H-1B,Architect,Computer Systems Engineers/Architects,76606,II,OH,1
INFY,FY2026_Q1,INFOSYS LIMITED,Certified,H-1B,Technology Consultant 2,Computer Systems Engineers/Architects,111550,II,WA,1
INFY,FY2026_Q1,INFOSYS LIMITED,Certified,H-1B,Technology Consultant 2,Computer Systems Engineers/Architects,81765,II,CT,1
LTIM,FY2026_Q1,LTIMindtree Limited,Certified,H-1B,Computer Systems Engineer/Architect,Computer Systems Engineers/Architects,93539,II,AZ,1
TCS,FY2026_Q1,Tata Consultancy Services Limited,Certified,H-1B,Technical Lead,Information Technology Project Managers,90210,II,MN,1
WIT,FY2026_Q1,WIPRO LIMITED,Certified,H-1B,Techno Functional Consultant L2,Computer Systems Analysts,124051,II,CA,1
CAP,FY2026_Q1,Capgemini America Inc,Certified,H-1B,Applications Consultant 3,Software Developers,137088,III,OH,1
HCLTECH,FY2026_Q1,HCL AMERICA INC,Certified,H-1B,Domain\Technical Architect,Computer Systems Engineers/Architects,124580,III,CO,1
INFY,FY2026_Q1,INFOSYS LIMITED,Certified,H-1B,Technology Consultant 2,Computer Systems Engineers/Architects,93538,II,AZ,1
CAP,FY2026_Q1,Capgemini America Inc,Certified,H-1B,Programmer/ Developer 2,Computer Programmers,103500,II,NH,1
WIT,FY2026_Q1,WIPRO LIMITED,Withdrawn,H-1B,Program Manager L1,Information Technology Project Managers,141147,III,TN,1
WIT,FY2026_Q1,WIPRO LIMITED,Withdrawn,H-1B,Technical Lead L1,Computer Programmers,86653,II,NJ,1
WIT,FY2026_Q1,WIPRO LIMITED,Certified - Withdrawn,H-1B,Technical Lead L1,Computer Programmers,76315,II,TX,4
WIT,FY2026_Q1,WIPRO LIMITED,Certified - Withdrawn,H-1B,Technical Lead L1,Computer Programmers,76835,II,IL,1
WIT,FY2026_Q1,WIPRO LIMITED,Certified - Withdrawn,H-1B,Project Manager L1,Information Technology Project Managers,86400,II,TX,4
WIT,FY2026_Q1,WIPRO LIMITED,Certified - Withdrawn,H-1B,Principal Tech & Impl Cons L1,Computer Systems Analysts,94058,II,MN,3
WIT,FY2026_Q1,WIPRO LIMITED,Certified - Withdrawn,H-1B,Technology Architect L1,Computer Systems Engineers/Architects,86400,II,MI,3
WIT,FY2026_Q1,WIPRO LIMITED,Certified - Withdrawn,H-1B,Techno Functional Consultant L2,Computer Systems Analysts,89710,II,GA,1
WIT,FY2026_Q1,WIPRO LIMITED,Certified - Withdrawn,H-1B,Techno Functional Consultant L2,Computer Systems Analysts,89523,II,NJ,1
WIT,FY2026_Q1,WIPRO LIMITED,Certified - Withdrawn,H-1B,Test Engineer L3,Software Quality Assurance Analysts and Testers,83242,II,OH,3
WIT,FY2026_Q1,WIPRO LIMITED,Certified - Withdrawn,H-1B,Technical Lead L1,Computer Programmers,85530,II,TX,1
WIT,FY2026_Q1,WIPRO LIMITED,Certified - Withdrawn,H-1B,Domain Consultant L3,Management Analysts,91062,II,TX,3
WIT,FY2026_Q1,WIPRO LIMITED,Certified - Withdrawn,H-1B,Techno Functional Consultant L1,Computer Systems Analysts,136074,II,CA,3
WIT,FY2026_Q1,WIPRO LIMITED,Certified - Withdrawn,H-1B,Transition Manager L1,"Computer Occupations, All Other",86400,II,TX,3
WIT,FY2026_Q1,WIPRO LIMITED,Certified - Withdrawn,H-1B,Technical Lead L1,Computer Programmers,91728,II,CA,1
WIT,FY2026_Q1,WIPRO LIMITED,Certified - Withdrawn,H-1B,Product Engineer L3,Software Developers,103605,II,MN,1
WIT,FY2026_Q1,WIPRO LIMITED,Certified - Withdrawn,H-1B,Program Manager L1,Information Technology Project Managers,97920,III,TN,1
WIT,FY2026_Q1,WIPRO LIMITED,Certified - Withdrawn,H-1B,Data Scientist Lead L2,"Computer Occupations, All Other",90002,II,NJ,1
WIT,FY2026_Q1,WIPRO LIMITED,Certified - Withdrawn,H-1B,Technology Architect L1,Computer Systems Engineers/Architects,86400,II,MI,1
WIT,FY2026_Q1,WIPRO LIMITED,Certified - Withdrawn,H-1B,Techno Functional Consultant L2,Computer Systems Analysts,118789,II,CA,1
WIT,FY2026_Q1,WIPRO LIMITED,Certified - Withdrawn,H-1B,Infrastructure Domain Architect L1,Computer Systems Engineers/Architects,132579,II,CA,1
WIT,FY2026_Q1,WIPRO LIMITED,Certified - Withdrawn,H-1B,Domain Architect L2,Computer Systems Engineers/Architects,102398,III,PA,1
WIT,FY2026_Q1,WIPRO LIMITED,Certified - Withdrawn,H-1B,Solution Architect L1,Computer Systems Engineers/Architects,108098,II,WA,3
WIT,FY2026_Q1,WIPRO LIMITED,Certified - Withdrawn,H-1B,Developer L4,Computer Programmers,73920,II,OH,3
WIT,FY2026_Q1,WIPRO LIMITED,Certified - Withdrawn,H-1B,Solution Architect L1,Computer Systems Engineers/Architects,86400,II,TX,1
WIT,FY2026_Q1,WIPRO LIMITED,Certified - Withdrawn,H-1B,Solution Architect L1,Computer Systems Engineers/Architects,86400,II,TX,1
WIT,FY2026_Q1,WIPRO LIMITED,Certified - Withdrawn,H-1B,Data and Analytics Architect L2,Database Architects,158746,III,WA,1
WIT,FY2026_Q1,WIPRO LIMITED,Certified - Withdrawn,H-1B,Developer L3,Computer Programmers,63360,II,OH,3
WIT,FY2026_Q1,WIPRO LIMITED,Certified - Withdrawn,H-1B,Techno Functional Consultant L3,Computer Systems Analysts,128939,III,NJ,1
WIT,FY2026_Q1,WIPRO LIMITED,Certified - Withdrawn,H-1B,Data and Analytics Architect L1,Database Architects,131685,II,MA,2
WIT,FY2026_Q1,WIPRO LIMITED,Certified - Withdrawn,H-1B,Technical Lead L1,Computer Programmers,100630,II,MA,1
WIT,FY2026_Q1,WIPRO LIMITED,Certified - Withdrawn,H-1B,Engineering Head & EHS Head L1,Information Technology Project Managers,116160,IV,KS,1
WIT,FY2026_Q1,WIPRO LIMITED,Certified - Withdrawn,H-1B,Techno Functional Consultant L1,Computer Systems Analysts,100714,II,TX,1
WIT,FY2026_Q1,WIPRO LIMITED,Certified - Withdrawn,H-1B,Business Analyst L5,Computer Systems Analysts,86400,II,OH,1
WIT,FY2026_Q1,WIPRO LIMITED,Certified - Withdrawn,H-1B,Developer L3,Computer Programmers,85530,II,TX,1
WIT,FY2026_Q1,WIPRO LIMITED,Certified - Withdrawn,H-1B,VLSI Lead L1,"Electronics Engineers, Except Computer",95597,II,MI,3
WIT,FY2026_Q1,WIPRO LIMITED,Certified - Withdrawn,H-1B,Test Engineer L4,Software Quality Assurance Analysts and Testers,73920,II,KS,1
WIT,FY2026_Q1,WIPRO LIMITED,Certified - Withdrawn,H-1B,DevOps Engineer L3,"Computer Occupations, All Other",83658,II,TX,1
WIT,FY2026_Q1,WIPRO LIMITED,Certified - Withdrawn,H-1B,Technical Lead L1,Computer Programmers,81619,II,NJ,2
WIT,FY2026_Q1,WIPRO LIMITED,Certified - Withdrawn,H-1B,Administrator L3,Network and Computer Systems Administrators,91229,II,MA,3
WIT,FY2026_Q1,WIPRO LIMITED,Certified - Withdrawn,H-1B,Technical Lead L1,Computer Programmers,94890,II,CA,4
WIT,FY2026_Q1,WIPRO LIMITED,Certified - Withdrawn,H-1B,Technology Architect L1,Computer Systems Engineers/Architects,86400,II,CA,1
WIT,FY2026_Q1,WIPRO LIMITED,Certified - Withdrawn,H-1B,Security Engineering Lead L1,Information Security Analysts,102523,II,NJ,1
WIT,FY2026_Q1,WIPRO LIMITED,Certified - Withdrawn,H-1B,Technical Lead L1,Computer Programmers,91333,II,OR,1
WIT,FY2026_Q1,WIPRO LIMITED,Certified - Withdrawn,H-1B,Data and Analytics Architect L2,Database Architects,202093,III,CA,3
WIT,FY2026_Q1,WIPRO LIMITED,Certified - Withdrawn,H-1B,Domain Architect L1,Computer Systems Engineers/Architects,86400,II,MI,3
WIT,FY2026_Q1,WIPRO LIMITED,Certified - Withdrawn,H-1B,Engineering Head L1,Information Technology Project Managers,116160,III,KS,1
WIT,FY2026_Q1,WIPRO LIMITED,Certified - Withdrawn,H-1B,Technical Lead L1,Computer Programmers,90210,II,GA,1
WIT,FY2026_Q1,WIPRO LIMITED,Certified - Withdrawn,H-1B,Domain Consultant L4,Management Analysts,131706,III,NJ,1
WIT,FY2026_Q1,WIPRO LIMITED,Certified - Withdrawn,E-3 Australian,Lead Administrator L1,Network and Computer Systems Administrators,80288,II,TX,1
WIT,FY2026_Q1,WIPRO LIMITED,Certified - Withdrawn,H-1B,Techno Functional Consultant L2,Computer Systems Analysts,86400,II,OK,1
WIT,FY2026_Q1,WIPRO LIMITED,Certified - Withdrawn,H-1B,Technical Lead L1,Computer Programmers,89253,II,MN,3
WIT,FY2026_Q1,WIPRO LIMITED,Certified,H-1B,Program Manager L1,Information Technology Project Managers,106538,III,MI,1
TCS,FY2026_Q1,TATA CONSULTANCY SERVICES LIMITED,Certified,H-1B,DEVELOPER,Computer Programmers,79435,II,FL,1
CTSH,FY2026_Q1,COGNIZANT TECHNOLOGY SOLUTIONS US CORP,Certified,H-1B,Senior Associate JC60 -Computer Systems Engineers/Architects,Computer Systems Engineers/Architects,94682,II,NY,1
ACN,FY2026_Q1,Accenture LLP,Certified,H-1B,Client Account Mgmt Manager,Information Technology Project Managers,139300,IV,IL,1
INFY,FY2026_Q1,INFOSYS LIMITED,Certified,E-3 Australian,Technology Project Lead 2,Information Technology Project Managers,113797,III,NC,1
INFY,FY2026_Q1,INFOSYS LIMITED,Certified,H-1B,Program Management Project Lead 3,Information Technology Project Managers,157560,IV,NC,5
TCS,FY2026_Q1,Tata Consultancy Services Limited,Certified,H-1B,Architect,Computer Systems Engineers/Architects,78874,II,FL,1
CAP,FY2026_Q1,Capgemini America Inc,Certified,H-1B,Applications Consultant 3,Software Developers,133547,III,VA,1
INFY,FY2026_Q1,INFOSYS LIMITED,Certified,H-1B,Technology Project Lead 1,Information Technology Project Managers,76606,II,OH,1
ACN,FY2026_Q1,Accenture LLP,Certified,H-1B,Tech Architecture Manager,Computer Programmers,189300,IV,CA,1
CAP,FY2026_Q1,Capgemini America Inc,Certified,H-1B,Applications Consultant 3,Software Developers,111509,III,OH,1
INFY,FY2026_Q1,INFOSYS LIMITED,Certified,H-1B,Architecture Consultant 2,Computer Systems Engineers/Architects,94952,II,NC,5
CAP,FY2026_Q1,"Capgemini America, Inc.",Certified,H-1B,Programmer/Developer 3,Computer Programmers,131380,III,NY,1
INFY,FY2026_Q1,INFOSYS LIMITED,Certified,H-1B,Architecture Consultant 3,Computer Systems Engineers/Architects,118851,III,AZ,5
CAP,FY2026_Q1,CAPGEMINI AMERICA INC,Certified,H-1B,Business Systems Analyst 2,Computer Systems Analysts,131600,II,CA,1
INFY,FY2026_Q1,INFOSYS LIMITED,Certified,H-1B,Package Project Lead 2,Information Technology Project Managers,119933,III,TX,5
ACN,FY2026_Q1,Accenture LLP,Certified,H-1B,Packaged App Development Manager,Computer Systems Analysts,145400,IV,MN,1
CTSH,FY2026_Q1,COGNIZANT TECHNOLOGY SOLUTIONS US CORP,Certified,H-1B,Manager JC50 - Management Analysts,Management Analysts,129230,III,NJ,1
CTSH,FY2026_Q1,COGNIZANT TECHNOLOGY SOLUTIONS US CORP,Certified,H-1B,Manager JC50 - Computer Systems Engineers/Architects,Computer Systems Engineers/Architects,126818,III,NJ,1
CAP,FY2026_Q1,Capgemini America Inc,Certified,H-1B,Business Systems Analyst 3,Computer Systems Analysts,127234,III,NJ,1
LTIM,FY2026_Q1,LTIMindtree Limited,Certified,H-1B,Database Administrator,Database Administrators,95035,II,TX,1
CAP,FY2026_Q1,Capgemini America Inc,Certified,H-1B,Test Consultant 3,Software Quality Assurance Analysts and Testers,124358,III,NJ,1
INFY,FY2026_Q1,INFOSYS LIMITED,Certified,H-1B,Infrastructure Project Lead 2,Information Technology Project Managers,108243,III,TX,5
ACN,FY2026_Q1,Accenture LLP,Certified,H-1B,Business Architecture Manager,Information Technology Project Managers,168100,IV,IL,1
CAP,FY2026_Q1,Capgemini America Inc,Certified,H-1B,Applications Consultant 2,Software Developers,138024,II,FL,1
CTSH,FY2026_Q1,COGNIZANT TECHNOLOGY SOLUTIONS US CORP,Certified,H-1B,AD JC40 - Information Technology Project Managers,Information Technology Project Managers,144310,IV,TX,1
INFY,FY2026_Q1,INFOSYS LIMITED,Certified,H-1B,Domain Consultant 3,Management Analysts,116646,III,SC,5
INFY,FY2026_Q1,INFOSYS LIMITED,Certified,H-1B,Technology Consultant 2,Computer Systems Engineers/Architects,92581,II,TX,5
CAP,FY2026_Q1,Capgemini America Inc,Certified,H-1B,Solution Architect 2,Software Developers,138000,II,TX,1
CAP,FY2026_Q1,Capgemini America Inc,Certified,H-1B,Applications Consultant 3,Software Developers,130707,III,GA,1
CTSH,FY2026_Q1,COGNIZANT TECHNOLOGY SOLUTIONS US CORP,Certified,H-1B,Manager JC50 - Computer Systems Engineers/Architects,Computer Systems Engineers/Architects,92082,III,PA,1
CTSH,FY2026_Q1,COGNIZANT TECHNOLOGY SOLUTIONS US CORP,Certified,H-1B,SA JC60 - Software Quality Assurance Analysts and Testers,Software Quality Assurance Analysts and Testers,85051,II,CA,1
INFY,FY2026_Q1,INFOSYS LIMITED,Certified,H-1B,Technology Project Lead 2,Information Technology Project Managers,107640,III,IL,1
CTSH,FY2026_Q1,COGNIZANT TECHNOLOGY SOLUTIONS US CORP,Certified,H-1B,SA JC60 - Software Quality Assurance Analysts and Testers,Software Quality Assurance Analysts and Testers,85051,II,CA,1
HCLTECH,FY2026_Q1,HCL AMERICA INC,Certified,H-1B,Senior Technical Manager,Information Technology Project Managers,129522,III,SC,1
INFY,FY2026_Q1,INFOSYS LIMITED,Certified,H-1B,Engineering Project Lead 2,"Electronics Engineers, Except Computer",119392,III,PA,1
CTSH,FY2026_Q1,COGNIZANT TECHNOLOGY SOLUTIONS US CORP,Certified,H-1B,Manager JC50 - Computer Systems Engineers/Architects,Computer Systems Engineers/Architects,113797,III,NC,1
CAP,FY2026_Q1,CAPGEMINI AMERICA INC,Certified,H-1B,Software Engineer 2,Software Developers,150000,II,WA,1
WIT,FY2026_Q1,WIPRO LIMITED,Certified,H-1B,Technical Lead L1,Computer Programmers,140000,II,TX,1
ACN,FY2026_Q1,Accenture LLP,Certified,H-1B,Packaged App Development Manager,Computer Systems Analysts,157200,IV,CA,1
CAP,FY2026_Q1,Capgemini America Inc,Certified,H-1B,Project Manager 3,Information Technology Project Managers,126818,III,NJ,1
INFY,FY2026_Q1,INFOSYS LIMITED,Certified,H-1B,Engineering Project Lead 2,"Electronics Engineers, Except Computer",119392,III,PA,1
CAP,FY2026_Q1,Capgemini America Inc,Certified,H-1B,Applications Consultant 3,Software Developers,130707,III,GA,1
INFY,FY2026_Q1,INFOSYS LIMITED,Certified,H-1B,Package Consultant 2,Computer Systems Engineers/Architects,92581,II,TX,1
INFY,FY2026_Q1,INFOSYS LIMITED,Certified,H-1B,Package Project Lead 1,Information Technology Project Managers,80974,II,TX,1
INFY,FY2026_Q1,INFOSYS LIMITED,Certified,H-1B,Technology Project Lead 2,Information Technology Project Managers,118456,III,TX,1
HCLTECH,FY2026_Q1,HCL AMERICA INC,Certified,H-1B,Sr Subject Matter Expert (Support&Ops),Computer Network Support Specialists,132258,III,NJ,1
INFY,FY2026_Q1,INFOSYS LIMITED,Certified,H-1B,Digital Solution Specialist,Computer Systems Analysts,120141,III,TX,5
INFY,FY2026_Q1,INFOSYS LIMITED,Certified,H-1B,Technology Project Lead 2,Information Technology Project Managers,118456,III,TX,5
LTIM,FY2026_Q1,LTIMindtree Limited,Certified,H-1B,Computer Systems Engineer/Architect,Computer Systems Engineers/Architects,99736,II,CO,1
INFY,FY2026_Q1,INFOSYS LIMITED,Certified,H-1B,Technology Project Lead 1,Information Technology Project Managers,81765,II,CT,5
CTSH,FY2026_Q1,COGNIZANT TECHNOLOGY SOLUTIONS US CORP,Certified,H-1B,Manager JC50 - Management Analysts,Management Analysts,129230,III,NJ,1
ACN,FY2026_Q1,Accenture LLP,Certified,H-1B,Security Delivery Manager,Information Technology Project Managers,145000,IV,OH,1
CTSH,FY2026_Q1,COGNIZANT TECHNOLOGY SOLUTIONS US CORP,Certified,H-1B,Manager JC50 - Information Technology Project Managers,Information Technology Project Managers,128419,III,MD,1
LTIM,FY2026_Q1,LTIMindtree Limited,Certified,H-1B,Computer Systems Engineer/Architect,Computer Systems Engineers/Architects,92581,II,TX,1
CTSH,FY2026_Q1,COGNIZANT TECHNOLOGY SOLUTIONS US CORP,Certified,H-1B,Senior Associate JC60 -Computer Systems Engineers/Architects,Computer Systems Engineers/Architects,94682,II,NJ,1
TCS,FY2026_Q1,Tata Consultancy Services Limited,Certified,H-1B,Architect,Computer Systems Engineers/Architects,89773,II,NJ,1
CAP,FY2026_Q1,CAPGEMINI AMERICA INC,Certified,H-1B,Data Engineer 2,Business Intelligence Analysts,120000,II,NJ,1
INFY,FY2026_Q1,INFOSYS LIMITED,Certified,H-1B,Technology Consultant 2,Computer Systems Engineers/Architects,104666,II,MD,5
INFY,FY2026_Q1,INFOSYS LIMITED,Certified,H-1B,Architecture Consultant 3,Computer Systems Engineers/Architects,118456,III,TX,1
INFY,FY2026_Q1,INFOSYS LIMITED,Certified,H-1B,Engineering Project Lead 1,"Electronics Engineers, Except Computer",98675,II,NJ,5
CAP,FY2026_Q1,Capgemini America Inc,Certified,H-1B,Test Consultant 3,Software Quality Assurance Analysts and Testers,128400,III,OH,1
INFY,FY2026_Q1,INFOSYS LIMITED,Certified,H-1B,Technology Consultant 2,Computer Systems Engineers/Architects,139443,II,CA,1
TCS,FY2026_Q1,TATA CONSULTANCY SERVICES LIMITED,Certified,H-1B,Architect,Computer Systems Engineers/Architects,77501,II,MI,1
ACN,FY2026_Q1,Accenture LLP,Certified,H-1B,Packaged App Development Manager,Computer Programmers,145500,IV,CA,1
INFY,FY2026_Q1,INFOSYS LIMITED,Certified,H-1B,Domain Consultant 2,Management Analysts,90230,II,AZ,5
CTSH,FY2026_Q1,COGNIZANT TECHNOLOGY SOLUTIONS US CORP,Certified,H-1B,AD JC40 - Information Technology Project Managers,Information Technology Project Managers,144310,IV,TX,1
ACN,FY2026_Q1,Accenture LLP,Certified,H-1B,Security Delivery Manager,Information Technology Project Managers,145000,IV,PA,1
IBM,FY2026_Q1,The Libman Company,Certified,H-1B,Senior Software Developer,Software Developers,145000,IV,IL,1
HCLTECH,FY2026_Q1,HCL AMERICA INC,Certified,H-1B,Sr. Program Manager,Information Technology Project Managers,136136,III,IL,1
TCS,FY2026_Q1,Tata Consultancy Services Limited,Certified,H-1B,Architect,Computer Systems Engineers/Architects,86445,II,GA,1
G,FY2026_Q1,Genpact LLC,Certified,H-1B,Principal Consultant,Database Administrators,119770,II,WA,1
TCS,FY2026_Q1,Tata Consultancy Services Limited,Certified,H-1B,Architect,Computer Systems Engineers/Architects,94682,II,NJ,1
INFY,FY2026_Q1,INFOSYS LIMITED,Certified,H-1B,Architecture Consultant 3,Computer Systems Engineers/Architects,107640,III,IL,5
LTIM,FY2026_Q1,LTIMindtree Limited,Certified,H-1B,Information Technology Project Manager,Information Technology Project Managers,94682,II,NJ,1
TCS,FY2026_Q1,Tata Consultancy Services Limited,Certified,H-1B,User Interface Designer,Web and Digital Interface Designers,76003,II,PA,1
ACN,FY2026_Q1,Accenture LLP,Certified,H-1B,Client Account Mgmt Manager,Information Technology Project Managers,144310,IV,TX,1
MPHASIS,FY2026_Q1,Mphasis Corporation,Certified,H-1B,Test Engineer,Software Quality Assurance Analysts and Testers,92310,II,NC,1
MPHASIS,FY2026_Q1,Mphasis Corporation,Certified,H-1B,Software Engineer,Computer Programmers,122000,II,TX,1
CTSH,FY2026_Q1,COGNIZANT TECHNOLOGY SOLUTIONS US CORP,Certified,H-1B,Manager JC50 - Computer Systems Engineers/Architects,Computer Systems Engineers/Architects,150405,III,CA,1
INFY,FY2026_Q1,INFOSYS LIMITED,Certified,H-1B,Package Project Lead 2,Information Technology Project Managers,181293,III,CA,5
CTSH,FY2026_Q1,COGNIZANT TECHNOLOGY SOLUTIONS US CORP,Certified,H-1B,Manager JC50 - Computer Systems Engineers/Architects,Computer Systems Engineers/Architects,118456,III,TX,1
CTSH,FY2026_Q1,COGNIZANT TECHNOLOGY SOLUTIONS US CORP,Certified,H-1B,Manager JC50 - Computer Systems Engineers/Architects,Computer Systems Engineers/Architects,150405,III,CA,1
LTIM,FY2026_Q1,LTIMindtree Limited,Certified,H-1B,Sales Engineer,Sales Engineers,122075,III,WA,1
CAP,FY2026_Q1,CAPGEMINI AMERICA INC,Certified,H-1B,Applications Consultant 3,Software Developers,210000,III,WA,1
INFY,FY2026_Q1,INFOSYS LIMITED,Certified,H-1B,Architecture Consultant 2,Computer Systems Engineers/Architects,82846,II,IL,5
CAP,FY2026_Q1,Capgemini America Inc,Certified,H-1B,Applications Consultant 3,Software Developers,133536,III,NC,1
CAP,FY2026_Q1,CAPGEMINI AMERICA INC,Certified,H-1B,Test Consultant 2,Software Quality Assurance Analysts and Testers,120000,II,GA,1
INFY,FY2026_Q1,INFOSYS LIMITED,Certified,H-1B,Technology Project Lead 1,Information Technology Project Managers,79789,II,MO,1
DXC,FY2026_Q1,"AvidXchange, Inc.",Certified,H-1B,Data Engineer,Software Developers,116000,I,CA,1
TCS,FY2026_Q1,Tata Consultancy Services Limited,Certified,H-1B,Developer,Computer Programmers,77022,II,OH,1
INFY,FY2026_Q1,INFOSYS LIMITED,Certified,H-1B,Technology Consultant 2,Computer Systems Engineers/Architects,86445,II,GA,5
INFY,FY2026_Q1,INFOSYS LIMITED,Certified,H-1B,Technology Consultant 2,Computer Systems Engineers/Architects,139443,II,CA,1
INFY,FY2026_Q1,INFOSYS LIMITED,Certified,H-1B,Engineering Project Lead 2,"Electronics Engineers, Except Computer",166504,III,CA,1
TCS,FY2026_Q1,Tata Consultancy Services Limited,Certified,H-1B,Architect,Computer Systems Engineers/Architects,86445,II,GA,1
INFY,FY2026_Q1,INFOSYS LIMITED,Certified,H-1B,Infrastructure Consultant 2,Database Administrators,83262,II,NE,5
CAP,FY2026_Q1,CAPGEMINI AMERICA INC,Certified,H-1B,Programmer/ Developer 3,Computer Programmers,125000,III,NC,1
INFY,FY2026_Q1,INFOSYS LIMITED,Certified,H-1B,Architecture Consultant 2,Computer Systems Engineers/Architects,90605,II,TX,5
ACN,FY2026_Q1,Accenture LLP,Certified,H-1B,Packaged App Development Assoc Manager,Computer Systems Analysts,128600,III,PA,1
CAP,FY2026_Q1,Capgemini America Inc,Certified,H-1B,Business Analyst 3,Management Analysts,130987,III,SC,1
ACN,FY2026_Q1,Accenture LLP,Certified,H-1B,Tech Architecture Manager,Software Developers,163900,IV,PA,1
INFY,FY2026_Q1,INFOSYS LIMITED,Certified,H-1B,Domain Project Lead 1,Project Management Specialists,83470,II,TX,5
HCLTECH,FY2026_Q1,HCL AMERICA INC,Certified,H-1B,ERP Specialist,Computer Systems Engineers/Architects,115835,III,CA,1
TECHM,FY2026_Q1,"TECH MAHINDRA (AMERICAS), INC",Certified,H-1B,Systems Analyst,Computer Systems Analysts,99397,II,TX,1
HCLTECH,FY2026_Q1,HCL AMERICA INC,Certified,H-1B,Senior Program Manager,Information Technology Project Managers,129879,III,TX,1
CAP,FY2026_Q1,CAPGEMINI AMERICA INC,Certified,H-1B,Applications Consultant 2,Software Developers,141000,II,OH,1
CAP,FY2026_Q1,CAPGEMINI AMERICA INC,Certified,H-1B,Business Analyst 3,Management Analysts,128000,III,GA,1
DXC,FY2026_Q1,"AvidXchange, Inc.",Certified,H-1B,Sr. Software Engineer,Software Developers,151000,IV,FL,1
ACN,FY2026_Q1,Accenture LLP,Certified,H-1B,Tech Architecture Manager,Computer Programmers,189300,IV,CA,1
INFY,FY2026_Q1,INFOSYS LIMITED,Certified,H-1B,Package Consultant 2,Computer Systems Engineers/Architects,76606,II,OH,5
DXC,FY2026_Q1,"AvidXchange, Inc.",Certified,H-1B,Engineering Team Lead,Software Developers,145000,III,NC,1
HCLTECH,FY2026_Q1,HCL AMERICA INC,Certified,H-1B,Technical Specialist,Computer Systems Engineers/Architects,92581,II,TX,1
TCS,FY2026_Q1,Tata Consultancy Services Limited,Certified,H-1B,Architect,Computer Systems Engineers/Architects,82285,II,IN,1
TCS,FY2026_Q1,TATA CONSULTANCY SERVICES LIMITED,Certified,H-1B,Developer,Computer Programmers,85800,II,GA,1
CAP,FY2026_Q1,Capgemini America Inc,Certified,H-1B,Business Systems Analyst 4,Computer Systems Analysts,153000,IV,AZ,1
ACN,FY2026_Q1,Accenture LLP,Certified,H-1B,Packaged App Development Manager,Computer Systems Analysts,145800,IV,IL,1
CAP,FY2026_Q1,Capgemini America Inc,Certified,H-1B,Applications Consultant 3,Software Developers,123219,III,FL,1
INFY,FY2026_Q1,INFOSYS LIMITED,Certified,H-1B,Architecture Consultant 2,Computer Systems Engineers/Architects,92581,II,TX,1
INFY,FY2026_Q1,INFOSYS LIMITED,Certified,H-1B,Architecture Consultant 2,Computer Systems Engineers/Architects,86798,II,NC,5
CAP,FY2026_Q1,Capgemini America Inc,Certified,H-1B,Applications Consultant 3,Software Developers,119547,III,OH,1
HCLTECH,FY2026_Q1,HCL AMERICA INC,Certified,H-1B,Senior Technical Architect,Computer Systems Engineers/Architects,114233,III,TX,1
CAP,FY2026_Q1,Capgemini America Inc,Certified,H-1B,Test Consultant 2,Software Quality Assurance Analysts and Testers,91632,II,OH,1
G,FY2026_Q1,Genpact LLC,Certified,H-1B,Senior Principal Consultant,Software Developers,161637,II,CA,1
CTSH,FY2026_Q1,COGNIZANT TECHNOLOGY SOLUTIONS US CORP,Certified,H-1B,Manager JC50 - Computer Systems Engineers/Architects,Computer Systems Engineers/Architects,101296,III,CA,1
CAP,FY2026_Q1,CAPGEMINI AMERICA INC,Certified - Withdrawn,H-1B,Test Consultant 3,Software Quality Assurance Analysts and Testers,129000,III,GA,1
CAP,FY2026_Q1,CAPGEMINI AMERICA INC,Certified - Withdrawn,H-1B,Data Engineer 2,Business Intelligence Analysts,112000,II,NJ,1
CAP,FY2026_Q1,Capgemini America Inc,Withdrawn,H-1B,Test Consultant 3,Software Quality Assurance Analysts and Testers,104800,III,WI,1
TCS,FY2026_Q1,Tata Consultancy Services Limited,Certified,H-1B,Engineering Analyst,Computer Systems Analysts,103917,II,NJ,1
EPAM,FY2026_Q1,EPAM Systems Inc.,Certified,H-1B,Lead Software Engineer,Software Developers,132000,II,NY,1
WIT,FY2026_Q1,WIPRO LIMITED,Certified,H-1B,Techno Functional Consultant L2,Computer Systems Analysts,98925,II,TX,1
LTIM,FY2026_Q1,LTIMindtree Limited,Certified,H-1B,Computer Systems Engineers/Architects,Computer Systems Engineers/Architects,93539,II,AZ,1
MPHASIS,FY2026_Q1,Mphasis Corporation ,Certified,H-1B,Software Programmer II,Computer Programmers,64737,II,TX,1
INFY,FY2026_Q1,INFOSYS LIMITED,Certified,H-1B,Package Consultant 2,Computer Systems Engineers/Architects,139443,II,CA,1
WIT,FY2026_Q1,WIPRO LIMITED,Certified,H-1B,Technical Lead L1,Computer Programmers,125203,II,CA,1
WIT,FY2026_Q1,WIPRO LIMITED,Certified,H-1B,Cyber Security Analyst L4,Information Security Analysts,94682,II,OH,1
CTSH,FY2026_Q1,COGNIZANT TECHNOLOGY SOLUTIONS US CORP,Certified,H-1B,Senior Manager JC45 - Computer Systems Engineers/Architects,Computer Systems Engineers/Architects,135512,IV,TX,1
WIT,FY2026_Q1,WIPRO LIMITED,Certified,H-1B,Solution Architect L1,Computer Systems Engineers/Architects,92581,II,TX,1
INFY,FY2026_Q1,INFOSYS LIMITED,Certified,H-1B,Technology Consultant 2,Computer Systems Engineers/Architects,114795,II,CA,5
CAP,FY2026_Q1,Capgemini America Inc,Certified,H-1B,Project Manager 4,Information Technology Project Managers,200000,IV,NY,1
TECHM,FY2026_Q1,"TECH MAHINDRA (AMERICAS), INC",Certified,H-1B,Systems Analyst,Computer Systems Analysts,136074,II,TX,1
HCLTECH,FY2026_Q1,HCL AMERICA INC,Certified,H-1B,Lead Software Engineer,Computer Systems Engineers/Architects,150831,III,NC,1
MPHASIS,FY2026_Q1,Mphasis Corporation,Certified,H-1B,Software Engineer,Computer Programmers,125000,II,FL,1
HCLTECH,FY2026_Q1,HCL AMERICA INC,Certified,H-1B,Senior Technical Architect,Computer Systems Engineers/Architects,90210,II,MN,1
IBM,FY2026_Q1,IBM Corporation,Certified,H-1B,Application Developer,Software Developers,122160,IV,LA,1
CTSH,FY2026_Q1,COGNIZANT TECHNOLOGY SOLUTIONS US CORP,Certified,H-1B,Manager JC50 - Computer Systems Engineers/Architects,Computer Systems Engineers/Architects,126818,III,NJ,1
INFY,FY2026_Q1,INFOSYS LIMITED,Certified,H-1B,Architecture Consultant 2,Computer Systems Engineers/Architects,92581,II,TX,5
INFY,FY2026_Q1,INFOSYS LIMITED,Certified,H-1B,Technology Project Lead 2,Information Technology Project Managers,181293,III,CA,1
IBM,FY2026_Q1,IBM Corporation,Certified,H-1B,Senior Research Scientist,Computer and Information Research Scientists,300000,II,IL,1
WIT,FY2026_Q1,WIPRO LIMITED,Certified,H-1B,Technical Consultant L2,Computer Systems Analysts,105768,II,CO,1
CTSH,FY2026_Q1,COGNIZANT TECHNOLOGY SOLUTIONS US CORP,Certified,H-1B,Senior Associate JC60 -Computer Systems Engineers/Architects,Computer Systems Engineers/Architects,99500,II,MI,1
LTIM,FY2026_Q1,LTIMindtree Limited,Certified,H-1B,Computer Systems Engineers/Architects,Computer Systems Engineers/Architects,114796,II,CA,1
CTSH,FY2026_Q1,COGNIZANT TECHNOLOGY SOLUTIONS US CORP,Certified,H-1B,SA JC60 - Software Quality Assurance Analysts and Testers,Software Quality Assurance Analysts and Testers,82347,II,GA,1
CTSH,FY2026_Q1,COGNIZANT TECHNOLOGY SOLUTIONS US CORP,Certified,H-1B,Senior Associate JC60 -Computer Systems Engineers/Architects,Computer Systems Engineers/Architects,86798,II,NC,1
WIT,FY2026_Q1,WIPRO LIMITED,Certified,H-1B,Test Engineer L4,Software Quality Assurance Analysts and Testers,87560,II,OH,1
HCLTECH,FY2026_Q1,HCL AMERICA INC,Certified,H-1B,Program Manager(DFS),Information Technology Project Managers,120349,III,TX,1
IBM,FY2026_Q1,IBM Corporation,Certified,H-1B,Advisory System Engineer,Software Developers,173618,IV,CA,1
HCLTECH,FY2026_Q1,HCL GLOBAL SYSTEMS INC,Certified,H-1B,MOBILE DEVELOPER,Software Developers,92206,II,OH,1
MPHASIS,FY2026_Q1,Mphasis Corporation ,Certified,H-1B,Software Programmer II,Computer Programmers,100000,II,TX,1
TCS,FY2026_Q1,Tata Consultancy Services Limited,Certified,H-1B,Developer,Computer Programmers,77418,II,TX,1
WIT,FY2026_Q1,WIPRO LIMITED,Certified,H-1B,Technical Lead L1,Computer Programmers,98301,II,NJ,1
CAP,FY2026_Q1,Capgemini America Inc,Certified,H-1B,Applications Consultant 2,Software Developers,134921,II,CA,1
HCLTECH,FY2026_Q1,HCL AMERICA INC,Certified,H-1B,Global Client Partner,Sales Engineers,212703,IV,DC,1
CAP,FY2026_Q1,Capgemini America Inc,Certified,H-1B,Test Consultant 3,Software Quality Assurance Analysts and Testers,133158,III,AZ,1
INFY,FY2026_Q1,INFOSYS LIMITED,Certified,H-1B,Package Consultant 2,Computer Systems Engineers/Architects,90605,II,TX,1
WIT,FY2026_Q1,WIPRO LIMITED,Certified,H-1B,Cyber Security Analyst L4,Information Security Analysts,94682,II,OH,1
CTSH,FY2026_Q1,COGNIZANT TECHNOLOGY SOLUTIONS US CORP,Certified,H-1B,Senior Associate JC60 -Computer Systems Engineers/Architects,Computer Systems Engineers/Architects,99500,II,OH,1
MPHASIS,FY2026_Q1,Mphasis Corporation ,Certified,H-1B,Software Programmer II,Computer Programmers,110000,II,GA,1
WIT,FY2026_Q1,WIPRO LIMITED,Certified,H-1B,Techno Functional Consultant L2,Computer Systems Analysts,101118,II,PA,1
WIT,FY2026_Q1,WIPRO LIMITED,Certified,H-1B,Project Lead L1,Information Technology Project Managers,127606,II,TX,1
WIT,FY2026_Q1,WIPRO LIMITED,Certified,H-1B,Technical Lead L1,Computer Programmers,128994,II,TX,1
INFY,FY2026_Q1,INFOSYS LIMITED,Certified,H-1B,Package Consultant 2,Computer Systems Engineers/Architects,94952,II,NC,1
WIT,FY2026_Q1,WIPRO LIMITED,Certified,H-1B,Project Manager L2,Information Technology Project Managers,117582,III,NJ,1
CTSH,FY2026_Q1,COGNIZANT TECHNOLOGY SOLUTIONS US CORP,Certified,H-1B,Manager JC50 - Computer Systems Engineers/Architects,Computer Systems Engineers/Architects,111030,III,VA,1
EPAM,FY2026_Q1,EPAM Systems Inc.,Certified,H-1B,SENIOR SOFTWARE ENGINEER,Software Developers,132000,II,NJ,1
WIT,FY2026_Q1,WIPRO LIMITED,Certified,H-1B,Solution Architect L1,Computer Systems Engineers/Architects,80976,II,MO,1
CAP,FY2026_Q1,CAPGEMINI AMERICA INC,Certified,H-1B,Test Consultant 2,Software Quality Assurance Analysts and Testers,114950,II,FL,1
WIT,FY2026_Q1,WIPRO LIMITED,Certified,H-1B,Senior Consultant-Tech & Impl Cons L1,Computer Systems Analysts,98925,II,TX,1
CAP,FY2026_Q1,Capgemini America Inc,Certified,H-1B,Applications Consultant 3,Software Developers,161720,III,CT,1
CTSH,FY2026_Q1,COGNIZANT TECHNOLOGY SOLUTIONS US CORP,Certified,H-1B,Senior Associate JC60 -Computer Systems Engineers/Architects,Computer Systems Engineers/Architects,94682,II,NJ,1
TECHM,FY2026_Q1,"TECH MAHINDRA (AMERICAS), INC",Certified,H-1B,Systems Analyst,Computer Systems Analysts,122200,II,TX,1
HCLTECH,FY2026_Q1,HCL GLOBAL SYSTEMS INC,Certified,H-1B,FULL STACK ENGINEER,Software Developers,137696,III,RI,1
CAP,FY2026_Q1,Capgemini America Inc,Certified,H-1B,Applications Consultant 3,Software Developers,160000,III,IL,1
MPHASIS,FY2026_Q1,Mphasis Corporation ,Certified,H-1B,Software Programmer II,Computer Programmers,84189,II,TX,1
TCS,FY2026_Q1,Tata Consultancy Services Limited,Certified,H-1B,Analyst,Computer Systems Analysts,131560,II,CA,1
HCLTECH,FY2026_Q1,HCL AMERICA INC,Certified,H-1B,Project Manager,Information Technology Project Managers,107640,III,IL,1
INFY,FY2026_Q1,INFOSYS LIMITED,Certified,H-1B,Package Project Lead 1,Information Technology Project Managers,86798,II,NC,5
MPHASIS,FY2026_Q1,Mphasis Corporation,Certified,H-1B,Software Engineer,Computer Programmers,123050,II,NJ,1
WIT,FY2026_Q1,WIPRO LIMITED,Certified,H-1B,Project Manager L1,Information Technology Project Managers,166728,II,IL,1
TCS,FY2026_Q1,TATA CONSULTANCY SERVICES LIMITED,Certified,H-1B,Architect,Computer Systems Engineers/Architects,82846,II,IL,1
WIT,FY2026_Q1,WIPRO LIMITED,Certified,H-1B,Techno Functional Consultant L2,Computer Systems Analysts,145631,II,TX,1
LTIM,FY2026_Q1,LTIMindtree Limited,Certified,H-1B,Computer Systems Analysts,Computer Systems Analysts,124052,II,CA,1
LTIM,FY2026_Q1,LTIMindtree Limited,Certified,H-1B,Software Quality Assurance Analysts and Testers,Software Quality Assurance Analysts and Testers,84907,II,TX,1
INFY,FY2026_Q1,INFOSYS LIMITED,Certified,H-1B,Domain Project Lead 2,Project Management Specialists,102710,III,IN,5
WIT,FY2026_Q1,WIPRO LIMITED,Certified,H-1B,Cyber Security Analyst L4,Information Security Analysts,94682,II,OH,1
TCS,FY2026_Q1,TATA CONSULTANCY SERVICES LIMITED,Certified,H-1B,Architect,Computer Systems Engineers/Architects,81765,II,CT,1
ACN,FY2026_Q1,Accenture LLP,Certified,H-1B,Delivery Lead Senior Manager,Software Developers,184558,IV,CA,1
TCS,FY2026_Q1,TATA CONSULTANCY SERVICES LIMITED,Certified,H-1B,Architect,Computer Systems Engineers/Architects,92581,II,TX,1
INFY,FY2026_Q1,INFOSYS LIMITED,Certified,H-1B,Technology Consultant 2,Computer Systems Engineers/Architects,99736,II,CO,5
WIT,FY2026_Q1,WIPRO LIMITED,Certified,H-1B,Project Manager L1,Information Technology Project Managers,90210,II,MN,1
ACN,FY2026_Q1,Accenture LLP,Certified,H-1B,Packaged App Development Assoc Manager,Computer Programmers,128600,III,NJ,1
INFY,FY2026_Q1,INFOSYS LIMITED,Certified,H-1B,Architecture Consultant 2,Computer Systems Engineers/Architects,86798,II,NC,5
INFY,FY2026_Q1,INFOSYS LIMITED,Certified,H-1B,Architecture Principal,Computer Systems Engineers/Architects,185994,IV,CA,1
LTIM,FY2026_Q1,LTIMindtree Limited,Certified,H-1B,Computer Systems Analyst,Computer Systems Analysts,91875,II,FL,1
HCLTECH,FY2026_Q1,HCL AMERICA INC,Certified,H-1B,Senior Project Manager,Information Technology Project Managers,185000,III,CA,1
MPHASIS,FY2026_Q1,Mphasis Corporation ,Certified,H-1B,SOFTWARE PROGRAMMER II,Computer Programmers,122000,II,NJ,1
CTSH,FY2026_Q1,COGNIZANT TECHNOLOGY SOLUTIONS US CORP,Certified,H-1B,SA JC60 - Software Quality Assurance Analysts and Testers,Software Quality Assurance Analysts and Testers,82347,II,GA,1
HCLTECH,FY2026_Q1,HCL AMERICA INC,Certified,H-1B,Domain\Technical Architect,Computer Systems Engineers/Architects,129174,III,TX,1
CAP,FY2026_Q1,CAPGEMINI AMERICA INC,Certified,H-1B,Applications Consultant 2,Software Developers,147000,II,MI,1
CTSH,FY2026_Q1,COGNIZANT TECHNOLOGY SOLUTIONS US CORP,Certified,H-1B,Senior Associate JC60 -Computer Systems Engineers/Architects,Computer Systems Engineers/Architects,94682,II,NJ,1
WIT,FY2026_Q1,WIPRO LIMITED,Certified,H-1B,Test Engineer L4,Software Quality Assurance Analysts and Testers,99299,II,MA,1
CTSH,FY2026_Q1,COGNIZANT TECHNOLOGY SOLUTIONS US CORP,Certified,H-1B,AD JC40 - Information Technology Project Managers,Information Technology Project Managers,158974,IV,NJ,1
MPHASIS,FY2026_Q1,Mphasis Corporation ,Certified,H-1B,SOFTWARE PROGRAMMER II,Computer Programmers,79248,II,IA,1
WIT,FY2026_Q1,WIPRO LIMITED,Certified,H-1B,Application Architect L1,Computer Systems Engineers/Architects,110581,II,TX,1
LTIM,FY2026_Q1,LTIMindtree Limited,Certified,H-1B,Computer Systems Engineers/Architects,Computer Systems Engineers/Architects,86446,II,GA,1
TECHM,FY2026_Q1,"TECH MAHINDRA (AMERICAS), INC",Certified,H-1B,Quality Assurance Analyst (QA Analyst),Software Quality Assurance Analysts and Testers,91375,II,TX,1
CTSH,FY2026_Q1,COGNIZANT TECHNOLOGY SOLUTIONS US CORP,Certified,H-1B,Manager JC50 - Computer Systems Engineers/Architects,Computer Systems Engineers/Architects,107328,III,IN,1
MPHASIS,FY2026_Q1,Mphasis Corporation ,Certified,H-1B,SOFTWARE PROGRAMMER II,Computer Programmers,79248,II,IA,1
INFY,FY2026_Q1,INFOSYS LIMITED,Certified,H-1B,Architecture Consultant 2,Computer Systems Engineers/Architects,81765,II,CT,5
MPHASIS,FY2026_Q1,Mphasis Corporation ,Certified,H-1B,Software Programmer II,Computer Programmers,103000,II,TX,1
ACN,FY2026_Q1,Accenture LLP,Certified,H-1B,Packaged App Development Assoc Manager,Computer Systems Analysts,128600,III,TX,1
LTIM,FY2026_Q1,LTIMindtree Limited,Certified,H-1B,Business Intelligence Analysts,Business Intelligence Analysts,86966,II,MI,1
HCLTECH,FY2026_Q1,HCL AMERICA INC,Certified,H-1B,Technical Specialist,Computer Systems Engineers/Architects,139298,III,WA,1
WIT,FY2026_Q1,WIPRO LIMITED,Certified,H-1B,Techno Functional Consultant L2,Computer Systems Analysts,98925,II,TX,1
TCS,FY2026_Q1,Tata Consultancy Services Limited,Certified,H-1B,User Interface Designer,Web and Digital Interface Designers,75150,II,IL,1
HCLTECH,FY2026_Q1,HCL AMERICA INC,Certified,H-1B,Sr Administrator (Support & Operations),Computer Network Support Specialists,90002,III,TX,1
ACN,FY2026_Q1,Accenture LLP,Certified,H-1B,Packaged App Development Assoc Manager,Computer Programmers,145500,III,NJ,1
IBM,FY2026_Q1,IBM Corporation,Certified,H-1B,Application Architect,Software Quality Assurance Analysts and Testers,176176,IV,CO,1
CTSH,FY2026_Q1,COGNIZANT TECHNOLOGY SOLUTIONS US CORP,Certified,H-1B,Senior Associate JC60 -Computer Systems Engineers/Architects,Computer Systems Engineers/Architects,86798,II,SC,1
CTSH,FY2026_Q1,COGNIZANT TECHNOLOGY SOLUTIONS US CORP,Certified,H-1B,Manager JC50 - Computer Systems Engineers/Architects,Computer Systems Engineers/Architects,84718,III,IN,1
MPHASIS,FY2026_Q1,Mphasis Corporation,Certified,H-1B,Software Engineer,Software Developers,110947,II,FL,1
CTSH,FY2026_Q1,COGNIZANT TECHNOLOGY SOLUTIONS US CORP,Certified,H-1B,Manager JC50 - Computer Systems Engineers/Architects,Computer Systems Engineers/Architects,111030,III,VA,1
LTIM,FY2026_Q1,LTIMindtree Limited,Certified,H-1B,Computer Programmer,Computer Programmers,78937,II,IA,1
ACN,FY2026_Q1,Accenture LLP,Withdrawn,H-1B,Program and Project Mgmt Senior Manager,Information Technology Project Managers,158974,IV,NY,1
CAP,FY2026_Q1,Capgemini America Inc,Withdrawn,H-1B,PMO Manager 3,Information Technology Project Managers,132434,IV,IL,1
CTSH,FY2026_Q1,COGNIZANT TECHNOLOGY SOLUTIONS US CORP,Certified,H-1B,Senior Associate JC60 - Computer Programmers,Computer Programmers,107203,II,CA,1
MPHASIS,FY2026_Q1,Mphasis Corporation ,Certified,H-1B,SOFTWARE PROGRAMMER II,Computer Programmers,81460,II,OH,1
ACN,FY2026_Q1,Accenture LLP,Certified,H-1B,Service Management Associate Manager,Computer Systems Analysts,128300,III,TX,1
ACN,FY2026_Q1,Accenture LLP,Certified,H-1B,Packaged App Development Specialist,Computer Systems Analysts,104400,II,TX,1
WIT,FY2026_Q1,WIPRO LIMITED,Certified,H-1B,Domain Consultant L4,Management Analysts,117086,II,TX,1
CTSH,FY2026_Q1,COGNIZANT TECHNOLOGY SOLUTIONS US CORP,Certified,H-1B,Manager JC50 - Computer Systems Engineers/Architects,Computer Systems Engineers/Architects,118456,III,TX,1
WIT,FY2026_Q1,WIPRO LIMITED,Certified,H-1B,Techno Functional Consultant L1,Computer Systems Analysts,122839,II,OH,1
ACN,FY2026_Q1,Accenture LLP,Certified,H-1B,Business Architecture Manager,Information Technology Project Managers,221600,IV,FL,1
INFY,FY2026_Q1,INFOSYS LIMITED,Certified,H-1B,Architecture Consultant 2,Computer Systems Engineers/Architects,82846,II,IL,5
WIT,FY2026_Q1,WIPRO LIMITED,Certified,H-1B,Quality Assurance Consultant L2,Software Quality Assurance Analysts and Testers,87672,II,TX,1
CTSH,FY2026_Q1,COGNIZANT TECHNOLOGY SOLUTIONS US CORP,Certified,H-1B,Mgr. JC50 - Software Quality Assurance Analysts and Testers,Software Quality Assurance Analysts and Testers,108410,III,NC,1
CTSH,FY2026_Q1,COGNIZANT TECHNOLOGY SOLUTIONS US CORP,Certified,H-1B,Manager JC50 - Computer Systems Engineers/Architects,Computer Systems Engineers/Architects,113797,III,NC,1
WIT,FY2026_Q1,WIPRO LIMITED,Certified,H-1B,Domain Consultant L4,Management Analysts,129862,III,TX,1
INFY,FY2026_Q1,INFOSYS LIMITED,Certified,H-1B,Architecture Principal,Computer Systems Engineers/Architects,136406,IV,OH,1
ACN,FY2026_Q1,Accenture LLP,Certified,H-1B,Business Architecture Manager,Information Technology Project Managers,155700,IV,OH,1
HCLTECH,FY2026_Q1,HCL AMERICA INC,Certified,H-1B,Senior Technical Lead,Computer Programmers,98301,II,NJ,1
WIT,FY2026_Q1,WIPRO LIMITED,Certified,H-1B,Data and Analytics Architect L1,Database Architects,143974,II,WA,1
LTIM,FY2026_Q1,LTIMindtree Limited,Certified,H-1B,Software Developer,Software Developers,106475,II,CT,1
CTSH,FY2026_Q1,COGNIZANT TECHNOLOGY SOLUTIONS US CORP,Certified,H-1B,Manager JC50 - Computer Systems Engineers/Architects,Computer Systems Engineers/Architects,92934,III,NY,1
LTIM,FY2026_Q1,LTIMindtree Limited,Certified,H-1B,Computer Network Support Specialist,Computer Network Support Specialists,91583,II,WA,1
LTIM,FY2026_Q1,LTIMindtree Limited,Certified,H-1B,Management Analyst,Management Analysts,89024,II,TX,1
CTSH,FY2026_Q1,COGNIZANT TECHNOLOGY SOLUTIONS US CORP,Certified,H-1B,Manager JC50 - Computer Systems Engineers/Architects,Computer Systems Engineers/Architects,76482,III,AR,1
INFY,FY2026_Q1,INFOSYS LIMITED,Certified,H-1B,Package Consultant 2,Computer Systems Engineers/Architects,86403,II,CA,5
CAP,FY2026_Q1,CAPGEMINI AMERICA INC,Certified,H-1B,Test Consultant 3,Software Quality Assurance Analysts and Testers,125650,III,NJ,1
WIT,FY2026_Q1,WIPRO LIMITED,Certified,H-1B,Quality Assurance (QA) Lead L3,Software Quality Assurance Analysts and Testers,86611,II,AZ,1
WIT,FY2026_Q1,WIPRO LIMITED,Certified,H-1B,Solution Architect L1,Computer Systems Engineers/Architects,139443,II,CA,1
HCLTECH,FY2026_Q1,HCL AMERICA INC,Certified,H-1B,Solution Architect,Computer Systems Engineers/Architects,157560,IV,NC,1
INFY,FY2026_Q1,INFOSYS LIMITED,Certified,H-1B,Technology Consultant 2,Computer Systems Engineers/Architects,92394,II,PA,5
ACN,FY2026_Q1,Accenture LLP,Certified,H-1B,Engineering Digitization & PLM “ Senior Manager,Information Technology Project Managers,210000,IV,OR,1
INFY,FY2026_Q1,INFOSYS LIMITED,Certified,H-1B,Package Consultant 2,Computer Systems Engineers/Architects,114795,II,CA,5
CAP,FY2026_Q1,CAPGEMINI AMERICA INC,Certified,H-1B,Test Consultant 2,Software Quality Assurance Analysts and Testers,105570,II,FL,1
HCLTECH,FY2026_Q1,HCL AMERICA INC,Certified,H-1B,Senior Technical Architect,Mechanical Engineers,120661,III,CA,1
WIT,FY2026_Q1,WIPRO LIMITED,Certified,H-1B,Project Lead L1,Information Technology Project Managers,98598,II,TX,1
ACN,FY2026_Q1,Accenture LLP,Certified,H-1B,Quality Engineering Senior Manager,Information Technology Project Managers,176800,IV,TX,1
CTSH,FY2026_Q1,COGNIZANT TECHNOLOGY SOLUTIONS US CORP,Certified,H-1B,AD JC40 - Information Technology Project Managers,Information Technology Project Managers,144144,IV,AZ,1
CTSH,FY2026_Q1,COGNIZANT TECHNOLOGY SOLUTIONS US CORP,Certified,H-1B,Senior Manager JC45 - Computer Systems Engineers/Architects,Computer Systems Engineers/Architects,128877,IV,MI,1
INFY,FY2026_Q1,INFOSYS LIMITED,Certified,H-1B,Infrastructure Project Lead 2,Information Technology Project Managers,108243,III,TX,5
IBM,FY2026_Q1,IBM Corporation,Certified,H-1B,Advisory Software Developer,Software Developers,192258,IV,NY,1
HCLTECH,FY2026_Q1,HCL AMERICA INC,Certified,H-1B,Tower Lead (Support & Operations),Information Technology Project Managers,120026,III,CA,1
WIT,FY2026_Q1,WIPRO LIMITED,Certified,H-1B,Techno Functional Consultant L2,Computer Systems Analysts,86400,II,IL,1
INFY,FY2026_Q1,INFOSYS LIMITED,Certified,H-1B,Technology Consultant 2,Computer Systems Engineers/Architects,80974,II,TX,5
WIT,FY2026_Q1,WIPRO LIMITED,Certified,H-1B,Managing Consultant-Technology & Implementation L1,Computer Systems Analysts,233116,III,TX,1
TCS,FY2026_Q1,Tata Consultancy Services Limited,Certified,H-1B,Developer,Computer Programmers,90813,II,KY,1
ACN,FY2026_Q1,Accenture LLP,Certified,H-1B,Packaged App Development Assoc Manager,Computer Systems Analysts,119100,III,OH,1
TCS,FY2026_Q1,TATA CONSULTANCY SERVICES LIMITED,Certified,H-1B,ARCHITECT,Computer Systems Engineers/Architects,94682,II,NY,1
WIT,FY2026_Q1,WIPRO LIMITED,Certified,H-1B,Principal Adv. & Mgmt Cons L1,Computer Systems Analysts,86400,II,MO,1
WIT,FY2026_Q1,WIPRO LIMITED,Certified,H-1B,Consultant,Computer Systems Analysts,88483,II,AZ,1
INFY,FY2026_Q1,INFOSYS LIMITED,Certified,H-1B,Technology Consultant 2,Computer Systems Engineers/Architects,89773,II,NJ,5
INFY,FY2026_Q1,"Sterling Infosystems, Inc.",Certified,H-1B,Principal Software Developer,Software Developers,154567,IV,GA,1
LTIM,FY2026_Q1,LTIMindtree Limited,Certified,H-1B,Information Technology Project Manager,Information Technology Project Managers,86403,II,CA,1
ACN,FY2026_Q1,Accenture LLP,Certified,H-1B,Engineering Digitization & PLM “ Senior Manager,Information Technology Project Managers,210000,IV,AZ,1
CTSH,FY2026_Q1,COGNIZANT TECHNOLOGY SOLUTIONS US CORP,Certified,H-1B,Manager JC50 - Computer Systems Engineers/Architects,Computer Systems Engineers/Architects,106538,III,MI,1
TCS,FY2026_Q1,Tata Consultancy Services Limited,Certified,H-1B,Developer,Computer Programmers,130853,II,CA,1
HCLTECH,FY2026_Q1,HCL GLOBAL SYSTEMS INC,Certified,H-1B,SOFTWARE ENGINEER,Computer Systems Engineers/Architects,86445,II,TN,1
HCLTECH,FY2026_Q1,HCL GLOBAL SYSTEMS INC,Certified,H-1B,SOFTWARE ENGINEER,Computer Systems Engineers/Architects,110594,II,CO,1
CTSH,FY2026_Q1,COGNIZANT TECHNOLOGY SOLUTIONS US CORP,Certified,H-1B,Manager JC50 - Computer Systems Engineers/Architects,Computer Systems Engineers/Architects,118456,III,TX,1
INFY,FY2026_Q1,INFOSYS LIMITED,Certified,H-1B,Package Project Lead 1,Information Technology Project Managers,81765,II,CT,1
ACN,FY2026_Q1,Accenture LLP,Certified,H-1B,Packaged App Development Sr Manager,Computer Systems Analysts,186500,IV,CT,1
TCS,FY2026_Q1,TATA CONSULTANCY SERVICES LIMITED,Certified,H-1B,Architect,Computer Systems Engineers/Architects,60403,II,FL,1
LTIM,FY2026_Q1,LTIMindtree Limited,Certified,H-1B,Software Developer,Software Developers,131997,II,NJ,1
INFY,FY2026_Q1,INFOSYS LIMITED,Certified,H-1B,Technology Project Lead 1,Information Technology Project Managers,86798,II,NC,1
ACN,FY2026_Q1,Accenture LLP,Certified,H-1B,Packaged App Development Assoc Manager,Computer Programmers,145500,III,NJ,1
INFY,FY2026_Q1,INFOSYS LIMITED,Certified,H-1B,Technology Project Lead 1,Information Technology Project Managers,92581,II,TX,1
IBM,FY2026_Q1,IBM Corporation,Certified,H-1B,Mid-Level Application Developer,Software Developers,122760,II,TX,1
WIT,FY2026_Q1,WIPRO LIMITED,Certified,H-1B,Quality Assurance (QA) Lead L2,Software Quality Assurance Analysts and Testers,99299,II,MA,1
TCS,FY2026_Q1,TATA CONSULTANCY SERVICES LIMITED,Certified,H-1B,Architect,Computer Systems Engineers/Architects,86798,II,NC,1
CTSH,FY2026_Q1,COGNIZANT TECHNOLOGY SOLUTIONS US CORP,Certified,H-1B,Manager JC50 - Computer Systems Engineers/Architects,Computer Systems Engineers/Architects,118851,III,AZ,1
ACN,FY2026_Q1,Accenture LLP,Certified,H-1B,Packaged App Development Manager,Computer Systems Analysts,148800,IV,TX,1
TCS,FY2026_Q1,TATA CONSULTANCY SERVICES LIMITED,Certified,H-1B,USER INTERFACE DESIGNER,Web and Digital Interface Designers,120598,II,CA,1
ACN,FY2026_Q1,Accenture LLP,Certified,H-1B,Packaged App Development Assoc Manager,Computer Systems Analysts,143100,III,NJ,1
ACN,FY2026_Q1,Accenture LLP,Certified,H-1B,Packaged App Development Specialist,Computer Systems Analysts,106700,II,PA,1
HCLTECH,FY2026_Q1,HCL AMERICA INC,Certified,H-1B,Program Manager,Information Technology Project Managers,101648,III,IA,1
TECHM,FY2026_Q1,"TECH MAHINDRA (AMERICAS), INC",Certified,H-1B,Software Test Engineer,Software Quality Assurance Analysts and Testers,116400,II,CA,1
INFY,FY2026_Q1,INFOSYS LIMITED,Certified,H-1B,Technology Consultant 2,Computer Systems Engineers/Architects,92581,II,TX,1
ACN,FY2026_Q1,Accenture LLP,Certified,H-1B,Packaged App Development Assoc Manager,Computer Systems Analysts,121800,III,GA,1
HCLTECH,FY2026_Q1,HCL AMERICA INC,Certified,H-1B,Program Manager,Information Technology Project Managers,138323,III,TX,1
ACN,FY2026_Q1,Accenture LLP,Certified,H-1B,Packaged App Development Assoc Manager,Computer Systems Analysts,143100,III,NJ,1
HCLTECH,FY2026_Q1,HCL AMERICA INC,Certified,H-1B,Senior Technical Specialist,Computer Systems Engineers/Architects,130000,III,AZ,1
CTSH,FY2026_Q1,COGNIZANT TECHNOLOGY SOLUTIONS US CORP,Certified,H-1B,Manager JC50 - Computer Systems Engineers/Architects,Computer Systems Engineers/Architects,101296,III,CA,1
WIT,FY2026_Q1,WIPRO LIMITED,Certified,H-1B,Quality Assurance (QA) Lead L2,Software Quality Assurance Analysts and Testers,99299,II,MA,1
ACN,FY2026_Q1,Accenture LLP,Certified,H-1B,Data Architecture Associate Manager,Database Administrators,135000,III,CT,1
CAP,FY2026_Q1,Capgemini America Inc,Certified,H-1B,Project Manager 3,Information Technology Project Managers,135200,III,IL,1
ACN,FY2026_Q1,Accenture LLP,Certified,H-1B,Quality Engineering Arch Manager,Software Quality Assurance Analysts and Testers,139000,IV,IL,1
INFY,FY2026_Q1,INFOSYS LIMITED,Certified,H-1B,Technology Consultant 2,Computer Systems Engineers/Architects,139443,II,CA,1
TCS,FY2026_Q1,Tata Consultancy Services Limited,Certified,H-1B,Architect,Computer Systems Engineers/Architects,91874,II,TX,1
ACN,FY2026_Q1,Accenture LLP,Certified,H-1B,Business Architecture Associate Manager,Computer Systems Analysts,136500,III,PA,1
CTSH,FY2026_Q1,COGNIZANT TECHNOLOGY SOLUTIONS US CORP,Certified,H-1B,Mgr. JC50 - Software Quality Assurance Analysts and Testers,Software Quality Assurance Analysts and Testers,112216,III,NC,1
CTSH,FY2026_Q1,COGNIZANT TECHNOLOGY SOLUTIONS US CORP,Certified,H-1B,Senior Manager JC45 - Business Intelligence Analysts,Business Intelligence Analysts,153962,IV,NC,1
CTSH,FY2026_Q1,COGNIZANT TECHNOLOGY SOLUTIONS US CORP,Certified,H-1B,Senior Manager JC45 - Business Intelligence Analysts,Business Intelligence Analysts,153962,IV,NC,1
WIT,FY2026_Q1,WIPRO LIMITED,Certified,H-1B,Techno Functional Consultant L2,Computer Systems Analysts,110248,II,TX,1
ACN,FY2026_Q1,Accenture LLP,Certified,H-1B,Packaged App Development Assoc Manager,Computer Programmers,128600,III,NJ,1
ACN,FY2026_Q1,Accenture LLP,Certified,H-1B,Systems Engineering Manager,Information Technology Project Managers,144310,IV,TX,1
ACN,FY2026_Q1,Accenture LLP,Certified,H-1B,Business Architecture Senior Manager,Information Technology Project Managers,204000,IV,IL,1
INFY,FY2026_Q1,INFOSYS LIMITED,Certified,H-1B,Architecture Consultant 2,Computer Systems Engineers/Architects,81765,II,CT,1
INFY,FY2026_Q1,INFOSYS LIMITED,Certified,H-1B,Technology Project Lead 2,Information Technology Project Managers,100027,III,FL,5
ACN,FY2026_Q1,Accenture LLP,Certified,H-1B,Engineering Digitization & PLM “ Senior Manager,Information Technology Project Managers,210000,IV,ID,1
CAP,FY2026_Q1,Capgemini America Inc,Certified,H-1B,Test Consultant 2,Software Quality Assurance Analysts and Testers,116932,II,UT,1
ACN,FY2026_Q1,Accenture LLP,Certified,H-1B,Packaged App Development Specialist,Software Developers,133307,II,TX,1
WIT,FY2026_Q1,WIPRO LIMITED,Certified,H-1B,Techno Functional Consultant L2,Computer Systems Analysts,98925,II,TX,1
HCLTECH,FY2026_Q1,HCL AMERICA INC,Certified,H-1B,Technical Architect,Computer Systems Engineers/Architects,101899,III,IA,1
ACN,FY2026_Q1,Accenture LLP,Certified,H-1B,Packaged App Development Manager,Computer Systems Analysts,161138,IV,WA,1
CTSH,FY2026_Q1,COGNIZANT TECHNOLOGY SOLUTIONS US CORP,Certified,H-1B,Manager JC50 - Computer Systems Engineers/Architects,Computer Systems Engineers/Architects,100090,III,IN,1
CAP,FY2026_Q1,CAPGEMINI AMERICA INC,Certified,H-1B,Test Consultant 3,Software Quality Assurance Analysts and Testers,122461,III,FL,1
TCS,FY2026_Q1,TATA CONSULTANCY SERVICES LIMITED,Certified,H-1B,Architect,Computer Systems Engineers/Architects,92581,II,TX,1
LTIM,FY2026_Q1,LTIMindtree Limited,Certified,H-1B,Information Technology Project Manager,Information Technology Project Managers,111550,II,WA,1
TCS,FY2026_Q1,Tata Consultancy Services Limited,Certified,H-1B,Architect,Computer Systems Engineers/Architects,111550,II,WA,1
ACN,FY2026_Q1,Accenture LLP,Certified,H-1B,Packaged App Development Specialist,Computer Systems Analysts,93500,II,OK,1
WIT,FY2026_Q1,WIPRO LIMITED,Certified,H-1B,Domain Consultant L4,Management Analysts,112828,III,TX,1
INFY,FY2026_Q1,INFOSYS LIMITED,Certified,H-1B,Architecture Consultant 2,Computer Systems Engineers/Architects,86798,II,NC,1
INFY,FY2026_Q1,INFOSYS LIMITED,Certified,H-1B,Package Project Lead 2,Information Technology Project Managers,97469,III,OH,5
CAP,FY2026_Q1,Capgemini America Inc,Certified,H-1B,Applications Consultant 2,Software Developers,114670,II,OH,1
ACN,FY2026_Q1,Accenture LLP,Certified,H-1B,Systems Engineering Manager,Information Technology Project Managers,135581,IV,MI,1
INFY,FY2026_Q1,INFOSYS LIMITED,Certified,H-1B,Architecture Consultant 3,Computer Systems Engineers/Architects,119933,III,TX,5
WIT,FY2026_Q1,WIPRO LIMITED,Certified,H-1B,Techno Functional Consultant L1,Computer Systems Analysts,121136,II,TX,1
CTSH,FY2026_Q1,COGNIZANT TECHNOLOGY SOLUTIONS US CORP,Certified,H-1B,Manager JC50 - Computer Systems Engineers/Architects,Computer Systems Engineers/Architects,97885,III,PA,1
WIT,FY2026_Q1,WIPRO LIMITED,Certified,H-1B,Technical Lead L1,Computer Programmers,104880,II,TX,1
ACN,FY2026_Q1,Accenture LLP,Certified,H-1B,Custom Software Engineering Manager,Computer Systems Analysts,146500,IV,OR,1
HCLTECH,FY2026_Q1,HCL AMERICA INC,Certified,H-1B,Group Operations Manager,Information Technology Project Managers,112177,III,GA,1
ACN,FY2026_Q1,Accenture LLP,Certified,H-1B,Business Architecture Associate Manager,Management Analysts,148000,III,PA,1
LTIM,FY2026_Q1,LTIMindtree Limited,Certified,H-1B,Information Technology Project Manager,Information Technology Project Managers,73882,II,CT,1
INFY,FY2026_Q1,INFOSYS LIMITED,Certified,H-1B,Package Consultant 2,Computer Systems Engineers/Architects,80974,II,TX,5
MPHASIS,FY2026_Q1,Mphasis Corporation,Certified,H-1B,Software Engineer,Software Developers,124000,II,DE,1
CTSH,FY2026_Q1,COGNIZANT TECHNOLOGY SOLUTIONS US CORP,Certified,H-1B,Mgr. JC50 - Software Quality Assurance Analysts and Testers,Software Quality Assurance Analysts and Testers,109117,III,VA,1
INFY,FY2026_Q1,INFOSYS LIMITED,Certified,H-1B,Architecture Principal,Computer Systems Engineers/Architects,144310,IV,TX,5
WIT,FY2026_Q1,WIPRO LIMITED,Certified,H-1B,Techno Functional Consultant L2,Computer Systems Analysts,91581,II,KY,1
INFY,FY2026_Q1,INFOSYS LIMITED,Certified,H-1B,Package Consultant 2,Computer Systems Engineers/Architects,92581,II,TX,5
WIT,FY2026_Q1,WIPRO LIMITED,Certified,H-1B,Solution Architect L1,Computer Systems Engineers/Architects,153000,II,TX,1
WIT,FY2026_Q1,WIPRO LIMITED,Certified,H-1B,Techno Functional Consultant L3,Computer Systems Analysts,109346,III,TN,1
WIT,FY2026_Q1,WIPRO LIMITED,Certified,H-1B,Solution Architect L1,Computer Systems Engineers/Architects,100485,II,CO,1
CAP,FY2026_Q1,CAPGEMINI AMERICA INC,Certified,H-1B,Test Consultant 2,Software Quality Assurance Analysts and Testers,122620,II,FL,1
CTSH,FY2026_Q1,COGNIZANT TECHNOLOGY SOLUTIONS US CORP,Certified,H-1B,Manager JC50 - Computer Systems Engineers/Architects,Computer Systems Engineers/Architects,118851,III,AZ,1
INFY,FY2026_Q1,INFOSYS LIMITED,Certified,H-1B,Package Project Lead 2,Information Technology Project Managers,100090,III,IN,5
LTIM,FY2026_Q1,LTIMindtree Limited,Certified,H-1B,Network and Computer Systems Administrator,Network and Computer Systems Administrators,89586,II,CT,1
ACN,FY2026_Q1,Accenture LLP,Certified,H-1B,Business Architecture Senior Manager,Information Technology Project Managers,204000,IV,TX,1
CAP,FY2026_Q1,Capgemini America Inc,Certified,H-1B,Project Manager 4,Information Technology Project Managers,180158,IV,TX,1
ACN,FY2026_Q1,Accenture LLP,Certified,H-1B,Packaged App Development Assoc Manager,Management Analysts,143100,III,NJ,1
ACN,FY2026_Q1,Accenture LLP,Certified,H-1B,Packaged App Development Manager,Database Administrators,156900,IV,VA,1
CTSH,FY2026_Q1,COGNIZANT TECHNOLOGY SOLUTIONS US CORP,Certified,H-1B,Manager JC50 - Computer Systems Engineers/Architects,Computer Systems Engineers/Architects,106538,III,MI,1
LTIM,FY2026_Q1,LTIMindtree Limited,Certified,H-1B,Computer Systems Analyst,Computer Systems Analysts,124051,II,CA,1
ACN,FY2026_Q1,Accenture LLP,Certified,H-1B,Packaged App Development Assoc Manager,Computer Systems Analysts,121800,III,GA,1
ACN,FY2026_Q1,Accenture LLP,Certified,H-1B,Business Architecture Associate Manager,Computer Systems Analysts,136500,III,TX,1
WIT,FY2026_Q1,WIPRO LIMITED,Certified,H-1B,Techno Functional Consultant L2,Computer Systems Analysts,124051,II,CA,1
ACN,FY2026_Q1,Accenture LLP,Certified,H-1B,Database Admin Manager,Database Administrators,150000,IV,TX,1
CTSH,FY2026_Q1,COGNIZANT TECHNOLOGY SOLUTIONS US CORP,Certified,H-1B,AD JC40 - Information Technology Project Managers,Information Technology Project Managers,144144,IV,AZ,1
ACN,FY2026_Q1,Accenture LLP,Certified,H-1B,Packaged App Development Manager,Database Administrators,156900,IV,MA,1
LTIM,FY2026_Q1,LTIMindtree Limited,Certified,H-1B,Software Developer,Software Developers,106475,II,CT,1
WIT,FY2026_Q1,WIPRO LIMITED,Certified,H-1B,Techno Functional Consultant L2,Computer Systems Analysts,89464,II,PA,1
WIT,FY2026_Q1,WIPRO LIMITED,Certified,H-1B,Project Manager L1,Information Technology Project Managers,101221,II,FL,1
CTSH,FY2026_Q1,COGNIZANT TECHNOLOGY SOLUTIONS US CORP,Certified,H-1B,Senior Manager JC45 - Computer Systems Engineers/Architects,Computer Systems Engineers/Architects,152194,IV,MD,1
WIT,FY2026_Q1,WIPRO LIMITED,Certified,H-1B,Technical Lead L1,Computer Programmers,130000,II,TX,1
INFY,FY2026_Q1,INFOSYS LIMITED,Certified,H-1B,Technology Project Lead 1,Information Technology Project Managers,92581,II,TX,1
TCS,FY2026_Q1,Tata Consultancy Services Limited,Certified,H-1B,User Interface Designer,Web and Digital Interface Designers,65894,II,FL,1
CAP,FY2026_Q1,CAPGEMINI AMERICA INC,Certified,H-1B,Test Consultant 2,Software Quality Assurance Analysts and Testers,117764,II,FL,1
LTIM,FY2026_Q1,LTIMindtree Limited,Certified,H-1B,Computer Systems Analyst,Computer Systems Analysts,96200,II,TX,1
CTSH,FY2026_Q1,COGNIZANT TECHNOLOGY SOLUTIONS US CORP,Certified,H-1B,Mgr. JC50 - Software Quality Assurance Analysts and Testers,Software Quality Assurance Analysts and Testers,109117,III,VA,1
TCS,FY2026_Q1,Tata Consultancy Services Limited,Certified,H-1B,Developer,Computer Programmers,77418,II,TX,1
CTSH,FY2026_Q1,COGNIZANT TECHNOLOGY SOLUTIONS US CORP,Certified,H-1B,Senior Associate JC60 -Computer Systems Engineers/Architects,Computer Systems Engineers/Architects,60000,II,AR,1
WIT,FY2026_Q1,WIPRO LIMITED,Certified,H-1B,Infrastructure Domain Architect L2,Computer Systems Engineers/Architects,112880,II,NJ,1
MPHASIS,FY2026_Q1,Mphasis Corporation,Certified,H-1B,Software Engineer,Computer Programmers,123050,II,NJ,1
WIT,FY2026_Q1,WIPRO LIMITED,Certified,H-1B,Lead - Delivery Transformation L3,Computer Programmers,167086,III,WA,1
TCS,FY2026_Q1,TATA CONSULTANCY SERVICES LIMITED,Certified,H-1B,Technical Lead,Information Technology Project Managers,92581,II,TX,1
WIT,FY2026_Q1,WIPRO LIMITED,Certified,H-1B,Technical Lead L1,Computer Programmers,115000,II,TX,1
WIT,FY2026_Q1,WIPRO LIMITED,Certified,H-1B,Managing Consultant-Technology & Implementation L1,Computer Systems Analysts,117412,III,IL,1
ACN,FY2026_Q1,Accenture LLP,Certified,H-1B,Tech Architecture Assoc Manager,Computer Systems Analysts,127500,III,OK,1
CAP,FY2026_Q1,CAPGEMINI AMERICA INC,Certified,H-1B,Programmer/ Developer 3,Computer Programmers,121867,III,NJ,1
TCS,FY2026_Q1,Tata Consultancy Services Limited,Certified,H-1B,Architect,Computer Systems Engineers/Architects,94266,II,OH,1
CTSH,FY2026_Q1,COGNIZANT TECHNOLOGY SOLUTIONS US CORP,Certified,H-1B,Senior Manager JC45 - Computer Systems Engineers/Architects,Computer Systems Engineers/Architects,148928,IV,CA,1
WIT,FY2026_Q1,WIPRO LIMITED,Certified,H-1B,Scrum Master L1,"Computer Occupations, All Other",98449,II,TX,1
CTSH,FY2026_Q1,COGNIZANT TECHNOLOGY SOLUTIONS US CORP,Certified,H-1B,Mgr. JC50 - Software Quality Assurance Analysts and Testers,Software Quality Assurance Analysts and Testers,88546,III,KY,1
INFY,FY2026_Q1,INFOSYS LIMITED,Certified,H-1B,Engineering Consultant 2,"Electronics Engineers, Except Computer",109886,II,CO,1
WIT,FY2026_Q1,WIPRO LIMITED,Certified,H-1B,Technical Lead L1,Computer Programmers,129018,II,TX,1
ACN,FY2026_Q1,Accenture LLP,Certified,H-1B,Packaged App Development Assoc Manager,Computer Systems Analysts,121800,III,GA,1
CAP,FY2026_Q1,Capgemini America Inc,Certified,H-1B,Applications Consultant 3,Software Developers,130707,III,IL,1
INFY,FY2026_Q1,INFOSYS LIMITED,Certified,H-1B,Technology Consultant 1,Computer Systems Engineers/Architects,92581,II,TX,1
ACN,FY2026_Q1,Accenture LLP,Certified,H-1B,Security Delivery Associate Manager,Computer Programmers,107500,III,TN,1
CTSH,FY2026_Q1,COGNIZANT TECHNOLOGY SOLUTIONS US CORP,Certified,H-1B,Senior Manager JC45 - Business Intelligence Analysts,Business Intelligence Analysts,153962,IV,SC,1
ACN,FY2026_Q1,Accenture LLP,Certified,H-1B,Tech Architecture Sr Manager,Database Architects,180000,IV,MO,1
CTSH,FY2026_Q1,COGNIZANT TECHNOLOGY SOLUTIONS US CORP,Certified,H-1B,Sr. Mgr. JC45 - Information Technology Project Managers,Information Technology Project Managers,126339,IV,CT,1
WIT,FY2026_Q1,WIPRO LIMITED,Certified,H-1B,Technical Lead L1,Computer Programmers,141867,II,WA,1
ACN,FY2026_Q1,Accenture LLP,Certified,H-1B,Custom Software Engineering Manager,Computer Systems Analysts,158400,IV,MN,1
LTIM,FY2026_Q1,LTIMindtree Limited,Certified,H-1B,Computer Systems Analysts,Computer Systems Analysts,96201,II,TX,1
ACN,FY2026_Q1,Accenture LLP,Certified,H-1B,Tech Del and Ops Excellence Assoc Manager,Computer Programmers,125900,III,CT,1
WIT,FY2026_Q1,WIPRO LIMITED,Certified,H-1B,Technology Architect L1,Computer Systems Engineers/Architects,131377,II,TX,1
TCS,FY2026_Q1,Tata Consultancy Services Limited,Certified,H-1B,Architect,Computer Systems Engineers/Architects,111550,II,WA,1
ACN,FY2026_Q1,Accenture LLP,Certified,H-1B,Tech Architecture Sr Manager,Database Architects,204214,IV,CA,1
CTSH,FY2026_Q1,COGNIZANT TECHNOLOGY SOLUTIONS US CORP,Certified,H-1B,Manager JC50 - Computer Systems Engineers/Architects,Computer Systems Engineers/Architects,126256,III,NC,1
ACN,FY2026_Q1,Accenture LLP,Certified,H-1B,Client Account Mgmt Manager,Information Technology Project Managers,139300,IV,IL,1
ACN,FY2026_Q1,Accenture LLP,Certified,H-1B,Silicon Engineering Associate Manager,Software Quality Assurance Analysts and Testers,190000,III,WA,1
IBM,FY2026_Q1,IBM Corporation,Certified,H-1B,Research Scientist,Computer and Information Research Scientists,238453,II,NY,1
HCLTECH,FY2026_Q1,HCL AMERICA INC,Certified,H-1B,Domain\Technical Architect,Computer Systems Engineers/Architects,108514,III,GA,1
ACN,FY2026_Q1,Accenture LLP,Certified,H-1B,Packaged App Development Specialist,Computer Programmers,130707,II,TX,1
WIT,FY2026_Q1,WIPRO LIMITED,Certified,H-1B,Quality Assurance Consultant L1,Software Quality Assurance Analysts and Testers,91271,II,NJ,1
TCS,FY2026_Q1,Tata Consultancy Services Limited,Certified,H-1B,Analyst - Testing,Software Quality Assurance Analysts and Testers,94786,III,IA,1
TCS,FY2026_Q1,Tata Consultancy Services Limited,Certified,H-1B,Developer,Computer Programmers,98946,III,TX,1
WIT,FY2026_Q1,WIPRO LIMITED,Certified,H-1B,Techno Functional Consultant L2,Computer Systems Analysts,105687,II,NY,1
WIT,FY2026_Q1,"Wipro NextGen Enterprise Inc.,",Certified,H-1B,Senior Consultant-Tech & Impl Cons L1,Computer Systems Analysts,198288,III,NC,1
CTSH,FY2026_Q1,COGNIZANT TECHNOLOGY SOLUTIONS US CORP,Certified,H-1B,Senior Manager JC45 - Computer Systems Engineers/Architects,Computer Systems Engineers/Architects,128877,IV,MI,1
WIT,FY2026_Q1,WIPRO LIMITED,Certified,H-1B,Application Architect L1,Computer Systems Engineers/Architects,92581,II,TX,1
CAP,FY2026_Q1,Capgemini America Inc,Certified,H-1B,Enterprise Architect 4,Computer Systems Engineers/Architects,280000,IV,NJ,1
CAP,FY2026_Q1,Capgemini America Inc,Certified,H-1B,Applications Consultant 3,Software Developers,145442,III,TX,1
CNXC,FY2026_Q1,Concentrix CVG Customer Management Group Inc.,Certified,H-1B,Database Engineer,Database Administrators,118664,II,CA,1
WIT,FY2026_Q1,WIPRO LIMITED,Certified,H-1B,Quality Assurance Consultant L3,Software Quality Assurance Analysts and Testers,96113,II,TX,1
ACN,FY2026_Q1,Accenture LLP,Certified,H-1B,Program and Project Mgmt Senior Manager,Information Technology Project Managers,187800,IV,MD,1
ACN,FY2026_Q1,Accenture LLP,Certified,H-1B,Business Architecture Associate Manager,Management Analysts,156500,III,NY,1
WIT,FY2026_Q1,WIPRO LIMITED,Certified,H-1B,Test Engineer L4,Software Quality Assurance Analysts and Testers,87672,II,TX,1
INFY,FY2026_Q1,INFOSYS LIMITED,Certified,H-1B,Architecture Consultant 3,Computer Systems Engineers/Architects,116251,III,NJ,1
CAP,FY2026_Q1,Capgemini America Inc,Certified,H-1B,Business Systems Analyst 2,Computer Systems Analysts,104636,II,TX,1
LTIM,FY2026_Q1,LTIMindtree Limited,Certified,H-1B,Software Developers,Software Developers,112924,II,TX,1
HCLTECH,FY2026_Q1,HCL AMERICA INC,Certified,H-1B,Project Manager,Information Technology Project Managers,108243,III,TX,1
TCS,FY2026_Q1,TATA CONSULTANCY SERVICES LIMITED,Certified,H-1B,Architect,Computer Systems Engineers/Architects,86403,II,CA,1
INFY,FY2026_Q1,INFOSYS LIMITED,Certified,H-1B,Technology Consultant 2,Computer Systems Engineers/Architects,93538,II,AZ,1
ACN,FY2026_Q1,Accenture LLP,Certified,H-1B,Technology Delivery Lead Assoc Manager,Computer Systems Analysts,120037,III,CA,1
ACN,FY2026_Q1,Accenture LLP,Certified,H-1B,Tech Architecture Assoc Manager,Computer Systems Analysts,127500,III,OK,1
WIT,FY2026_Q1,WIPRO LIMITED,Certified,H-1B,Architect Level 2,Computer Systems Engineers/Architects,87684,II,MO,1
WIT,FY2026_Q1,WIPRO LIMITED,Certified,H-1B,Project Manager L2,Information Technology Project Managers,109782,III,GA,1
LTIM,FY2026_Q1,LTIMindtree Limited,Certified,H-1B,Database Administrators,Database Administrators,106414,II,NJ,1
CTSH,FY2026_Q1,COGNIZANT TECHNOLOGY SOLUTIONS US CORP,Certified,H-1B,Manager JC50 - Computer Systems Engineers/Architects,Computer Systems Engineers/Architects,126256,III,NC,1
WIT,FY2026_Q1,WIPRO LIMITED,Certified,H-1B,Solution Lead L2,Computer Programmers,167087,III,WA,1
TCS,FY2026_Q1,TATA CONSULTANCY SERVICES LIMITED,Certified,H-1B,Architect,Computer Systems Engineers/Architects,60403,II,FL,1
CTSH,FY2026_Q1,COGNIZANT TECHNOLOGY SOLUTIONS US CORP,Certified,H-1B,Senior Associate JC60 -Computer Systems Engineers/Architects,Computer Systems Engineers/Architects,86798,II,NC,1
WIT,FY2026_Q1,WIPRO LIMITED,Certified,H-1B,Technical Lead L1,Computer Programmers,146664,II,NJ,1
WIT,FY2026_Q1,WIPRO LIMITED,Certified,H-1B,Techno Functional Consultant L3,Computer Systems Analysts,128939,III,NY,1
MPHASIS,FY2026_Q1,Mphasis Corporation ,Certified,H-1B,QA Test Engineer II,Software Quality Assurance Analysts and Testers,95000,II,DE,1
ACN,FY2026_Q1,Accenture LLP,Certified,H-1B,Business Architecture Associate Manager,Software Quality Assurance Analysts and Testers,148000,III,NJ,1
WIT,FY2026_Q1,WIPRO LIMITED,Certified,H-1B,Program Manager L1,Information Technology Project Managers,118456,III,TX,1
ACN,FY2026_Q1,Accenture LLP,Certified,H-1B,Packaged App Development Assoc Manager,Software Developers,137000,III,TX,1
ACN,FY2026_Q1,Accenture LLP,Certified,H-1B,Packaged App Development Assoc Manager,Computer Systems Analysts,121800,III,GA,1
CTSH,FY2026_Q1,COGNIZANT TECHNOLOGY SOLUTIONS US CORP,Certified,H-1B,Manager JC50 - Software Developers,Software Developers,113630,III,OH,1
ACN,FY2026_Q1,Accenture LLP,Certified,H-1B,Security Delivery Associate Manager,Computer Programmers,126300,III,TX,1
INFY,FY2026_Q1,INFOSYS LIMITED,Certified,H-1B,Specialist Programmer,Computer Programmers,86653,II,NJ,5
ACN,FY2026_Q1,Accenture LLP,Certified,H-1B,Business Architecture Associate Manager,Management Analysts,138500,III,WI,1
ACN,FY2026_Q1,Accenture LLP,Certified,H-1B,Ind & Func AI Decision Science Manager,Management Analysts,155800,IV,NC,1
WIT,FY2026_Q1,WIPRO LIMITED,Certified,H-1B,Project Lead L1,Information Technology Project Managers,86798,II,NC,1
LTIM,FY2026_Q1,LTIMindtree Limited,Certified,H-1B,Information Technology Project Manager,Information Technology Project Managers,126819,III,NJ,1
IBM,FY2026_Q1,IBM Corporation,Certified,H-1B,Software Developer,Software Developers,201681,II,CA,1
INFY,FY2026_Q1,INFOSYS LIMITED,Certified,H-1B,Technology Consultant 2,Computer Systems Engineers/Architects,94952,II,NC,1
MPHASIS,FY2026_Q1,Mphasis Corporation,Certified,H-1B,Technical Product Manager,Information Technology Project Managers,115000,II,GA,1
INFY,FY2026_Q1,INFOSYS LIMITED,Certified,H-1B,Technology Project Lead 1,Information Technology Project Managers,82285,II,IN,1
ACN,FY2026_Q1,Accenture LLP,Certified,H-1B,Packaged App Development Manager,Computer Systems Analysts,134700,IV,TN,1
ACN,FY2026_Q1,Accenture LLP,Certified,H-1B,Delivery Lead Manager,Information Technology Project Managers,152900,IV,TX,1
ACN,FY2026_Q1,Accenture LLP,Certified,H-1B,IndandFunc AI Decision Science Consultant,Management Analysts,162600,II,NJ,1
CAP,FY2026_Q1,Capgemini America Inc,Certified,H-1B,Applications Consultant 3,Software Developers,137000,III,PA,1
TCS,FY2026_Q1,Tata Consultancy Services Limited,Certified,H-1B,Analyst - Testing,Software Quality Assurance Analysts and Testers,129792,II,CA,1
CNXC,FY2026_Q1,Concentrix CVG Customer Management Group Inc.,Certified,H-1B,Software Engineer II,Software Developers,149240,II,WA,1
CTSH,FY2026_Q1,COGNIZANT TECHNOLOGY SOLUTIONS US CORP,Certified,H-1B,Senior Manager JC45 - Database Architects,Database Architects,140234,IV,IA,1
CAP,FY2026_Q1,Capgemini America Inc,Certified,H-1B,Applications Consultant 2,Software Developers,106392,II,FL,1
CTSH,FY2026_Q1,COGNIZANT TECHNOLOGY SOLUTIONS US CORP,Certified,H-1B,SA JC60 - Software Quality Assurance Analysts and Testers,Software Quality Assurance Analysts and Testers,91374,II,TX,1
INFY,FY2026_Q1,Bean Infosystems LLC,Certified,H-1B,Software Quality Assurance Engineer,Software Quality Assurance Analysts and Testers,85030,II,SC,1
CAP,FY2026_Q1,Capgemini America Inc,Certified,H-1B,Software Engineer 3,Software Developers,134633,III,GA,1
ACN,FY2026_Q1,Accenture LLP,Certified,H-1B,Tech Architecture Assoc Manager,Computer Systems Analysts,142700,III,TX,1
INFY,FY2026_Q1,INFOSYS LIMITED,Certified,H-1B,Manager - Data Science,Management Analysts,118622,IV,FL,5
CTSH,FY2026_Q1,COGNIZANT TECHNOLOGY SOLUTIONS US CORP,Certified,H-1B,Senior Associate JC60 -Computer Systems Engineers/Architects,Computer Systems Engineers/Architects,86798,II,NC,1
ACN,FY2026_Q1,Accenture LLP,Certified,H-1B,Program and Project Mgmt Senior Manager,Information Technology Project Managers,178500,IV,PA,1
WIT,FY2026_Q1,WIPRO LIMITED,Certified,H-1B,Techno Functional Consultant L3,Computer Systems Analysts,165432,III,CA,1
TCS,FY2026_Q1,Tata Consultancy Services Limited,Certified,H-1B,Network Administrator,Network and Computer Systems Administrators,86965,II,TX,1
INFY,FY2026_Q1,INFOSYS LIMITED,Certified,H-1B,Domain Consultant 2,Management Analysts,101816,II,NJ,1
WIT,FY2026_Q1,WIPRO LIMITED,Certified,H-1B,Techno Functional Consultant L3,Computer Systems Analysts,117381,III,TX,1
WIT,FY2026_Q1,WIPRO LIMITED,Certified,H-1B,Techno Functional Consultant L2,Computer Systems Analysts,127507,II,MA,1
WIT,FY2026_Q1,WIPRO LIMITED,Certified,H-1B,Test Engineer L4,Software Quality Assurance Analysts and Testers,113277,II,CA,1
CTSH,FY2026_Q1,COGNIZANT TECHNOLOGY SOLUTIONS US CORP,Certified,H-1B,Manager JC50 - Software Developers,Software Developers,113630,III,OH,1
TCS,FY2026_Q1,TATA CONSULTANCY SERVICES LIMITED,Certified,H-1B,Developer,Computer Programmers,98946,III,TX,1
WIT,FY2026_Q1,WIPRO LIMITED,Certified,H-1B,Techno Functional Consultant L2,Computer Systems Analysts,124051,II,CA,1
ACN,FY2026_Q1,Accenture LLP,Certified,H-1B,Tech Architecture Sr Manager,Information Technology Project Managers,199700,IV,MI,1
INFY,FY2026_Q1,INFOSYS LIMITED,Certified,H-1B,Manager - Data Science,Management Analysts,140712,IV,NC,5
TCS,FY2026_Q1,TATA CONSULTANCY SERVICES LIMITED,Certified,H-1B,Architect,Computer Systems Engineers/Architects,94682,II,NJ,1
ACN,FY2026_Q1,Accenture LLP,Certified,H-1B,Full Stack Engineering Assoc Manager,Software Developers,157123,III,CA,1
ACN,FY2026_Q1,Accenture LLP,Certified,H-1B,Quality Engineering Associate Manager,Software Quality Assurance Analysts and Testers,115300,III,MN,1
CTSH,FY2026_Q1,COGNIZANT TECHNOLOGY SOLUTIONS US CORP,Certified,H-1B,Senior Manager JC45 - Computer Systems Engineers/Architects,Computer Systems Engineers/Architects,144310,IV,TX,1
ACN,FY2026_Q1,Accenture LLP,Certified,H-1B,Custom Software Engineering Assoc Mgr,Computer Programmers,142600,III,NJ,1
ACN,FY2026_Q1,Accenture LLP,Certified,H-1B,Client Account Mgmt Manager,Information Technology Project Managers,144310,IV,TX,1
WIT,FY2026_Q1,WIPRO LIMITED,Certified,H-1B,Quality Assurance (QA) Lead L2,Software Quality Assurance Analysts and Testers,102566,II,MA,1
ACN,FY2026_Q1,Accenture LLP,Certified,H-1B,Security Delivery Associate Manager,Computer Programmers,126300,III,TX,1
ACN,FY2026_Q1,Accenture LLP,Certified,H-1B,IndandFunc AI Decision Science Consultant,Management Analysts,162600,II,TX,1
MPHASIS,FY2026_Q1,Mphasis Corporation,Certified,H-1B,Software Engineer,Software Developers,124000,II,FL,1
ACN,FY2026_Q1,Accenture LLP,Certified,H-1B,Silicon Engineering Associate Manager,Software Quality Assurance Analysts and Testers,190000,III,TX,1
CTSH,FY2026_Q1,COGNIZANT TECHNOLOGY SOLUTIONS US CORP,Certified,H-1B,Senior Manager JC45 - Computer Systems Engineers/Architects,Computer Systems Engineers/Architects,130562,IV,GA,1
WIT,FY2026_Q1,WIPRO LIMITED,Certified,H-1B,Techno Functional Consultant L2,Computer Systems Analysts,88483,II,AZ,1
CTSH,FY2026_Q1,COGNIZANT TECHNOLOGY SOLUTIONS US CORP,Certified,H-1B,Senior Associate JC60 -Computer Systems Engineers/Architects,Computer Systems Engineers/Architects,60000,II,AR,1
ACN,FY2026_Q1,Accenture LLP,Certified,H-1B,Packaged App Development Assoc Manager,Software Quality Assurance Analysts and Testers,128600,III,IL,1
CAP,FY2026_Q1,Capgemini America Inc,Certified,H-1B,Applications Consultant 2,Software Developers,122218,II,TX,1
CTSH,FY2026_Q1,COGNIZANT TECHNOLOGY SOLUTIONS US CORP,Certified,H-1B,Sr. Mgr. JC45 - Information Technology Project Managers,Information Technology Project Managers,114712,IV,CT,1
CAP,FY2026_Q1,Capgemini America Inc,Certified,H-1B,Applications Consultant 3,Software Developers,160805,III,OH,1
INFY,FY2026_Q1,"INFOSYS MCCAMISH SYSTEMS, LLC ",Certified,H-1B,Technology Consultant 2,Computer Systems Engineers/Architects,86445,II,GA,5
HCLTECH,FY2026_Q1,HCL AMERICA INC,Certified,H-1B,Service Success Head,Information Technology Project Managers,144310,IV,TX,1
WIT,FY2026_Q1,WIPRO LIMITED,Certified,H-1B,Project Manager L1,Information Technology Project Managers,139443,II,CA,1
CAP,FY2026_Q1,Capgemini America Inc,Certified,H-1B,Programmer/ Developer 2,Computer Programmers,94095,II,TX,1
ACN,FY2026_Q1,Accenture LLP,Certified,H-1B,Business Architecture Manager,Information Technology Project Managers,140795,IV,NC,1
IBM,FY2026_Q1,IBM Corporation,Certified,H-1B,Solution Architect,Software Developers,242821,IV,TX,1
CTSH,FY2026_Q1,COGNIZANT TECHNOLOGY SOLUTIONS US CORP,Certified,H-1B,SA JC60 - Software Quality Assurance Analysts and Testers,Software Quality Assurance Analysts and Testers,91374,II,TX,1
CTSH,FY2026_Q1,COGNIZANT TECHNOLOGY SOLUTIONS US CORP,Certified,H-1B,Sr. Mgr. JC45 - Information Technology Project Managers,Information Technology Project Managers,132434,IV,IL,1
INFY,FY2026_Q1,INFOSYS LIMITED,Certified,H-1B,Program Management Project Lead 3,Information Technology Project Managers,144144,IV,AZ,1
ACN,FY2026_Q1,Accenture LLP,Certified,H-1B,Business Architecture Associate Manager,Management Analysts,138500,III,WI,1
WIT,FY2026_Q1,WIPRO LIMITED,Certified,H-1B,Application Architect L1,Computer Systems Engineers/Architects,110880,II,NJ,1
TCS,FY2026_Q1,TATA CONSULTANCY SERVICES LIMITED,Certified,H-1B,Database Administrator,Database Administrators,105560,III,NC,1
INFY,FY2026_Q1,Platinum Infosys Inc,Certified,H-1B,Computer Programmer,Computer Programmers,78000,II,TX,1
INFY,FY2026_Q1,INFOSYS LIMITED,Certified,H-1B,Infrastructure Consultant 2,Network and Computer Systems Administrators,86029,II,TX,1
ACN,FY2026_Q1,Accenture LLP,Certified,H-1B,Tech Architecture Sr Manager,Information Technology Project Managers,189300,IV,OH,1
WIT,FY2026_Q1,WIPRO LIMITED,Certified,H-1B,Domain Engagement Partner L1,Management Analysts,132755,III,TX,1
ACN,FY2026_Q1,Accenture LLP,Certified,H-1B,Quality Engineering Associate Manager,Software Quality Assurance Analysts and Testers,108700,III,TN,1
WIT,FY2026_Q1,WIPRO LIMITED,Certified,H-1B,Application Architect L1,Computer Systems Engineers/Architects,130000,II,TX,1
TCS,FY2026_Q1,Tata Consultancy Services Limited,Certified,H-1B,Analyst,Computer Systems Analysts,81702,II,IL,1
CAP,FY2026_Q1,Capgemini America Inc,Certified,H-1B,Applications Consultant 4,Software Developers,163104,IV,CT,1
CAP,FY2026_Q1,CAPGEMINI AMERICA INC,Certified,H-1B,Programmer/ Developer 3,Computer Programmers,150000,III,CA,1
ACN,FY2026_Q1,Accenture LLP,Certified,H-1B,Packaged App Development Assoc Manager,Computer Systems Analysts,125900,III,TX,1
CTSH,FY2026_Q1,COGNIZANT TECHNOLOGY SOLUTIONS US CORP,Certified,H-1B,Sr. Mgr. JC45 - Information Technology Project Managers,Information Technology Project Managers,132434,IV,IL,1
ACN,FY2026_Q1,Accenture LLP,Certified,H-1B,Custom Software Engineering Manager,Computer Systems Analysts,140800,IV,WI,1
LTIM,FY2026_Q1,LTIMindtree Limited,Certified,H-1B,Network and Computer Systems Administrator,Network and Computer Systems Administrators,86966,II,TX,1
ACN,FY2026_Q1,Accenture LLP,Certified,H-1B,Procter and Gamble,Information Technology Project Managers,155700,IV,OH,1
INFY,FY2026_Q1,INFOSYS LIMITED,Certified,H-1B,Infrastructure Consultant 1,Network and Computer Systems Administrators,85218,II,GA,5
CTSH,FY2026_Q1,COGNIZANT TECHNOLOGY SOLUTIONS US CORP,Certified,H-1B,Mgr. JC50 - Software Quality Assurance Analysts and Testers,Software Quality Assurance Analysts and Testers,97365,III,GA,1
INFY,FY2026_Q1,INFOSYS LIMITED,Certified,H-1B,Architecture Consultant 2,Computer Systems Engineers/Architects,94682,II,NY,5
WIT,FY2026_Q1,WIPRO LIMITED,Certified,H-1B,Developer L3,Computer Programmers,110000,II,TX,1
CAP,FY2026_Q1,Capgemini America Inc,Certified,H-1B,Test Consultant 2,Software Quality Assurance Analysts and Testers,92873,II,IL,1
CTSH,FY2026_Q1,COGNIZANT TECHNOLOGY SOLUTIONS US CORP,Certified,H-1B,Senior Manager JC45 - Database Architects,Database Architects,140234,IV,IA,1
ACN,FY2026_Q1,Accenture LLP,Withdrawn,H-1B,Adv App/Cloud Supp and Eng Specialist,Database Administrators,153100,II,VA,1
WIT,FY2026_Q1,WIPRO LIMITED,Withdrawn,H-1B,Domain Architect L1,Computer Systems Engineers/Architects,115000,III,MI,1
CTSH,FY2026_Q1,COGNIZANT TECHNOLOGY SOLUTIONS US CORP,Certified,H-1B,Senior Manager JC45 - Computer Systems Engineers/Architects,Computer Systems Engineers/Architects,158974,IV,NJ,1
CTSH,FY2026_Q1,COGNIZANT TECHNOLOGY SOLUTIONS US CORP,Certified,H-1B,Mgr. JC50 - Software Quality Assurance Analysts and Testers,Software Quality Assurance Analysts and Testers,110198,III,TX,1
CTSH,FY2026_Q1,COGNIZANT TECHNOLOGY SOLUTIONS US CORP,Certified,H-1B,Senior Associate JC60 -Computer Systems Engineers/Architects,Computer Systems Engineers/Architects,81765,II,CT,1
CTSH,FY2026_Q1,COGNIZANT TECHNOLOGY SOLUTIONS US CORP,Certified,H-1B,Senior Associate JC60 -Computer Systems Engineers/Architects,Computer Systems Engineers/Architects,81910,II,UT,1
LTIM,FY2026_Q1,LTIMindtree Limited,Certified,H-1B,Software Developers,Software Developers,112425,II,NC,1
CTSH,FY2026_Q1,COGNIZANT TECHNOLOGY SOLUTIONS US CORP,Certified,H-1B,Mgr. JC50 - Software Quality Assurance Analysts and Testers,Software Quality Assurance Analysts and Testers,138445,III,CA,1
CTSH,FY2026_Q1,COGNIZANT TECHNOLOGY SOLUTIONS US CORP,Certified,H-1B,Manager JC50 - Network and Computer Systems Administrators,Network and Computer Systems Administrators,111550,III,CA,1
CTSH,FY2026_Q1,COGNIZANT TECHNOLOGY SOLUTIONS US CORP,Certified,H-1B,Senior Associate JC60 -Computer Systems Engineers/Architects,Computer Systems Engineers/Architects,81910,II,UT,1
CTSH,FY2026_Q1,COGNIZANT TECHNOLOGY SOLUTIONS US CORP,Certified,H-1B,Mgr. JC50 - Software Quality Assurance Analysts and Testers,Software Quality Assurance Analysts and Testers,84448,III,MO,1
CTSH,FY2026_Q1,COGNIZANT TECHNOLOGY SOLUTIONS US CORP,Certified,H-1B,Senior Associate JC60 -Computer Systems Engineers/Architects,Computer Systems Engineers/Architects,94682,II,NJ,1
CTSH,FY2026_Q1,COGNIZANT TECHNOLOGY SOLUTIONS US CORP,Certified,H-1B,Manager JC50 - Computer Systems Engineers/Architects,Computer Systems Engineers/Architects,110157,III,MN,1
CTSH,FY2026_Q1,COGNIZANT TECHNOLOGY SOLUTIONS US CORP,Certified,H-1B,Senior Manager JC45 - Computer Systems Engineers/Architects,Computer Systems Engineers/Architects,157560,IV,NC,1
CTSH,FY2026_Q1,COGNIZANT TECHNOLOGY SOLUTIONS US CORP,Certified,H-1B,Senior Manager JC45 - Computer Systems Engineers/Architects,Computer Systems Engineers/Architects,140795,IV,NC,1
CTSH,FY2026_Q1,COGNIZANT TECHNOLOGY SOLUTIONS US CORP,Certified,H-1B,AD JC40 - Computer Systems Engineers/Architects,Computer Systems Engineers/Architects,126339,IV,CT,1
CTSH,FY2026_Q1,COGNIZANT TECHNOLOGY SOLUTIONS US CORP,Certified,H-1B,Mgr. JC50 - Software Quality Assurance Analysts and Testers,Software Quality Assurance Analysts and Testers,138445,III,CA,1
CTSH,FY2026_Q1,COGNIZANT TECHNOLOGY SOLUTIONS US CORP,Certified,H-1B,Manager JC50 - Computer Systems Engineers/Architects,Computer Systems Engineers/Architects,99341,III,OH,1
CTSH,FY2026_Q1,COGNIZANT TECHNOLOGY SOLUTIONS US CORP,Certified,H-1B,Senior Manager JC45 - Computer Systems Engineers/Architects,Computer Systems Engineers/Architects,158974,IV,NJ,1
CTSH,FY2026_Q1,COGNIZANT TECHNOLOGY SOLUTIONS US CORP,Certified,H-1B,Senior Associate JC60 -Computer Systems Engineers/Architects,Computer Systems Engineers/Architects,92581,II,TX,1
CTSH,FY2026_Q1,COGNIZANT TECHNOLOGY SOLUTIONS US CORP,Certified,H-1B,Mgr. JC50 - Software Quality Assurance Analysts and Testers,Software Quality Assurance Analysts and Testers,104728,III,IL,1
CTSH,FY2026_Q1,COGNIZANT TECHNOLOGY SOLUTIONS US CORP,Certified,H-1B,Mgr. JC50 - Software Quality Assurance Analysts and Testers,Software Quality Assurance Analysts and Testers,110198,III,TX,1
CTSH,FY2026_Q1,COGNIZANT TECHNOLOGY SOLUTIONS US CORP,Certified,H-1B,Senior Associate JC60 -Computer Systems Engineers/Architects,Computer Systems Engineers/Architects,94682,II,NJ,1
CTSH,FY2026_Q1,COGNIZANT TECHNOLOGY SOLUTIONS US CORP,Certified,H-1B,Mgr. JC50 - Software Quality Assurance Analysts and Testers,Software Quality Assurance Analysts and Testers,112216,III,NC,1
CTSH,FY2026_Q1,COGNIZANT TECHNOLOGY SOLUTIONS US CORP,Certified,H-1B,Senior Manager JC45 - Computer Systems Engineers/Architects,Computer Systems Engineers/Architects,168459,IV,CA,1
CTSH,FY2026_Q1,COGNIZANT TECHNOLOGY SOLUTIONS US CORP,Certified,H-1B,Mgr. JC50 - Software Quality Assurance Analysts and Testers,Software Quality Assurance Analysts and Testers,104728,III,IL,1
CTSH,FY2026_Q1,COGNIZANT TECHNOLOGY SOLUTIONS US CORP,Certified,H-1B,Manager JC50 - Computer Systems Engineers/Architects,Computer Systems Engineers/Architects,115627,III,MA,1
CTSH,FY2026_Q1,COGNIZANT TECHNOLOGY SOLUTIONS US CORP,Certified,H-1B,AD JC40 - Computer Systems Engineers/Architects,Computer Systems Engineers/Architects,126339,IV,CT,1
CTSH,FY2026_Q1,COGNIZANT TECHNOLOGY SOLUTIONS US CORP,Certified,H-1B,Senior Associate JC60 -Computer Systems Engineers/Architects,Computer Systems Engineers/Architects,81765,II,CT,1
CTSH,FY2026_Q1,COGNIZANT TECHNOLOGY SOLUTIONS US CORP,Certified,H-1B,Manager JC50 - Computer Systems Engineers/Architects,Computer Systems Engineers/Architects,99341,III,OH,1
CTSH,FY2026_Q1,COGNIZANT TECHNOLOGY SOLUTIONS US CORP,Certified,H-1B,Manager JC50 - Computer Systems Engineers/Architects,Computer Systems Engineers/Architects,110157,III,MN,1
CTSH,FY2026_Q1,COGNIZANT TECHNOLOGY SOLUTIONS US CORP,Certified,H-1B,Senior Manager JC45 - Computer Systems Engineers/Architects,Computer Systems Engineers/Architects,185994,IV,CA,1
INFY,FY2026_Q1,INFOSYS LIMITED,Certified,H-1B,Package Consultant 2,Computer Systems Engineers/Architects,84198,II,MI,5
INFY,FY2026_Q1,INFOSYS LIMITED,Certified,H-1B,Process Project Lead 1,Project Management Specialists,90168,II,CA,5
INFY,FY2026_Q1,INFOSYS LIMITED,Certified,H-1B,Technology Consultant 2,Computer Systems Engineers/Architects,82846,II,IL,5
WIT,FY2026_Q1,WIPRO LIMITED,Certified,H-1B,Practitioner Sales L3,Sales Managers,230000,III,KY,1
MPHASIS,FY2026_Q1,Mphasis Corporation ,Certified,H-1B,Software Programmer II,Computer Programmers,103000,II,TX,1
CAP,FY2026_Q1,Capgemini America Inc,Certified,H-1B,Applications Consultant 2,Software Developers,119300,II,MI,1
CAP,FY2026_Q1,"Capgemini America, Inc.",Certified,H-1B,Project Manager 3,Information Technology Project Managers,130127,III,TX,1
IBM,FY2026_Q1,IBM Corporation,Certified,H-1B,Application Architect,Software Developers,173404,IV,VA,1
HCLTECH,FY2026_Q1,HCL AMERICA INC,Certified,H-1B,Group Technical Architect,Computer Systems Engineers/Architects,131373,III,NJ,1
CAP,FY2026_Q1,Capgemini America Inc,Certified,H-1B,Applications Consultant 3,Software Developers,142000,III,TX,1
INFY,FY2026_Q1,INFOSYS LIMITED,Certified,H-1B,Technology Project Lead 2,Information Technology Project Managers,118456,III,TX,1
CAP,FY2026_Q1,Capgemini America Inc,Certified,H-1B,Project Manager 3,Information Technology Project Managers,108154,III,IL,1
HCLTECH,FY2026_Q1,HCL AMERICA INC,Certified,H-1B,Sr Subject Matter Expert (Support&Ops),Computer Network Support Specialists,114106,III,TX,1
MPHASIS,FY2026_Q1,Mphasis Corporation ,Certified,H-1B,Software Programmer II,Computer Programmers,95000,II,OH,1
HCLTECH,FY2026_Q1,HCL AMERICA INC,Certified,H-1B,Senior Technical Architect,Computer Systems Engineers/Architects,114795,II,CA,1
HCLTECH,FY2026_Q1,HCL AMERICA INC,Certified,H-1B,Domain\Technical Architect,Computer Systems Engineers/Architects,127143,III,NJ,1
IBM,FY2026_Q1,IBM Corporation,Certified,H-1B,HRBD Implementation Consultant,Human Resources Specialists,180357,II,NY,1
IBM,FY2026_Q1,IBM Corporation,Certified,H-1B,Package Consultant,Software Quality Assurance Analysts and Testers,276798,IV,PA,1
IBM,FY2026_Q1,IBM Corporation,Certified,H-1B,Hardware Developer,Computer Hardware Engineers,229748,IV,NY,1
G,FY2026_Q1,Genpact LLC,Certified,H-1B,Assistant Vice President,Management Analysts,186720,III,NY,1
IBM,FY2026_Q1,IBM Corporation,Certified,H-1B,Software Engineer,Software Developers,235443,IV,NY,1
HCLTECH,FY2026_Q1,HCL AMERICA INC,Certified,H-1B,Business Specialist,Computer Systems Engineers/Architects,92581,II,TX,1
INFY,FY2026_Q1,INFOSYS LIMITED,Certified,H-1B,Package Consultant 2,Computer Systems Engineers/Architects,60000,II,AR,5
WIT,FY2026_Q1,WIPRO LIMITED,Certified,H-1B,Domain Architect L1,Computer Systems Engineers/Architects,150000,II,CA,1
LTIM,FY2026_Q1,LTIMindtree Limited,Certified,H-1B,Computer Systems Analyst,Computer Systems Analysts,98925,II,TX,1
INFY,FY2026_Q1,INFOSYS LIMITED,Certified,H-1B,Senior Principal - Business Consulting,Management Analysts,156645,IV,NY,1
TCS,FY2026_Q1,Tata Consultancy Services Limited,Certified,H-1B,Developer,Computer Programmers,85800,II,GA,1
WIT,FY2026_Q1,WIPRO LIMITED,Certified,H-1B,Technical Consultant L2,Computer Systems Analysts,131560,II,CA,1
LTIM,FY2026_Q1,LTIMindtree Limited,Certified,H-1B,Software Developer,Software Developers,100797,II,FL,1
WIT,FY2026_Q1,WIPRO LIMITED,Certified,H-1B,Techno Functional Consultant L2,Computer Systems Analysts,106434,II,MA,1
INFY,FY2026_Q1,INFOSYS LIMITED,Certified,H-1B,Package Project Lead 2,Information Technology Project Managers,115835,III,CA,5
INFY,FY2026_Q1,INFOSYS LIMITED,Certified,H-1B,Technology Consultant 3,Computer Systems Engineers/Architects,118456,III,TX,1
IBM,FY2026_Q1,IBM Corporation,Certified,H-1B,Software Developer,Software Developers,296471,IV,NY,1
CAP,FY2026_Q1,"Capgemini America, Inc.",Certified,H-1B,Applications Consultant 3,Software Developers,159136,III,TX,1
G,FY2026_Q1,Genpact LLC,Certified,H-1B,Senior Principal Consultant,Software Developers,152340,III,GA,1
INFY,FY2026_Q1,INFOSYS LIMITED,Certified,H-1B,Domain Project Lead 2,Project Management Specialists,105893,III,AZ,1
MPHASIS,FY2026_Q1,Mphasis Corporation ,Certified,H-1B,Software Programmer II,Computer Programmers,100000,II,OH,1
INFY,FY2026_Q1,INFOSYS LIMITED,Certified,H-1B,Infrastructure Project Lead 3,Information Technology Project Managers,93850,IV,TN,5
TCS,FY2026_Q1,TATA CONSULTANCY SERVICES LIMITED,Certified,H-1B,Technical Lead,Information Technology Project Managers,86403,II,CA,1
INFY,FY2026_Q1,"INFOSYS PUBLIC SERVICES, INC.",Certified,H-1B,Technology Project Lead 1,Information Technology Project Managers,81765,II,CT,1
CAP,FY2026_Q1,Capgemini America Inc,Certified,H-1B,Project Manager 3,Information Technology Project Managers,119340,III,GA,1
HCLTECH,FY2026_Q1,HCL AMERICA INC,Certified,H-1B,Sr Domain \Technical Architect,Computer Systems Engineers/Architects,126912,III,OR,1
WIT,FY2026_Q1,WIPRO LIMITED,Certified,H-1B,Techno Functional Consultant L2,Computer Systems Analysts,92124,II,NJ,1
WIT,FY2026_Q1,WIPRO LIMITED,Certified,H-1B,Domain Consultant L4,Management Analysts,190000,III,TX,1
TCS,FY2026_Q1,Tata Consultancy Services Limited,Certified,H-1B,Developer,Computer Programmers,112154,III,CT,1
CAP,FY2026_Q1,Capgemini America Inc,Certified,H-1B,Software Engineer 3,Software Developers,126297,III,MI,1
CAP,FY2026_Q1,Capgemini America Inc,Certified,H-1B,Applications Consultant 4,Software Developers,156738,IV,TX,1
IBM,FY2026_Q1,IBM Corporation,Certified,H-1B,Application Architect,Software Developers,178209,IV,TX,1
HCLTECH,FY2026_Q1,HCL AMERICA INC,Certified,H-1B,Lead Consultant,Computer Systems Engineers/Architects,120599,III,TX,1
INFY,FY2026_Q1,INFOSYS LIMITED,Certified,H-1B,Package Project Lead 1,Information Technology Project Managers,90605,II,TX,5
IBM,FY2026_Q1,IBM Corporation,Certified,H-1B,Sales Development Representative,Market Research Analysts and Marketing Specialists,90000,II,TX,1
CAP,FY2026_Q1,Capgemini America Inc,Certified,H-1B,Business Systems Analyst 3,Computer Systems Analysts,132174,III,NJ,1
INFY,FY2026_Q1,INFOSYS LIMITED,Certified,H-1B,Domain Consultant 3,Management Analysts,110302,III,TX,1
INFY,FY2026_Q1,INFOSYS LIMITED,Certified,H-1B,Technology Consultant 2,Computer Systems Engineers/Architects,88421,II,CA,5
CAP,FY2026_Q1,CAPGEMINI AMERICA INC,Certified,H-1B,Solution Architect 3,Software Developers,152603,III,TX,1
CAP,FY2026_Q1,Capgemini America Inc,Certified,H-1B,Database Administrator 2,Database Administrators,112200,II,NY,1
TCS,FY2026_Q1,TATA CONSULTANCY SERVICES LIMITED,Certified,H-1B,Architect,Computer Systems Engineers/Architects,86445,II,GA,1
CAP,FY2026_Q1,Capgemini America Inc,Certified,H-1B,Applications Consultant 3,Software Developers,131206,III,VA,1
TCS,FY2026_Q1,Tata Consultancy Services Limited,Certified,H-1B,Developer,Computer Programmers,85800,II,GA,1
CAP,FY2026_Q1,Capgemini America Inc,Certified,H-1B,Applications Consultant 4,Software Developers,160512,IV,IL,1
WIT,FY2026_Q1,WIPRO LIMITED,Certified,H-1B,Domain Consultant L3,Management Analysts,98946,II,IL,1
CAP,FY2026_Q1,Capgemini America Inc,Certified,H-1B,Test Consultant 2,Software Quality Assurance Analysts and Testers,120000,II,PA,1
INFY,FY2026_Q1,INFOSYS LIMITED,Certified,H-1B,Associate Data Scientist,Data Scientists,225077,III,CA,1
TCS,FY2026_Q1,TATA CONSULTANCY SERVICES LIMITED,Certified,H-1B,Designer,Computer Systems Analysts,98925,II,TX,1
INFY,FY2026_Q1,INFOSYS LIMITED,Certified,H-1B,Technology Principal,Computer Systems Engineers/Architects,135512,IV,TX,1
CAP,FY2026_Q1,Capgemini America Inc,Certified,H-1B,Business Systems Analyst 2,Computer Systems Analysts,103605,II,CA,1
WIT,FY2026_Q1,WIPRO LIMITED,Certified,H-1B,Client Partner L2,Sales Managers,240000,III,CA,1
HCLTECH,FY2026_Q1,HCL AMERICA INC,Certified,H-1B,Subject Matter Expert (Support&Ops),Computer Network Support Specialists,150000,III,FL,1
INFY,FY2026_Q1,INFOSYS LIMITED,Certified,H-1B,Technology Project Lead 2,Information Technology Project Managers,113797,III,NC,5
G,FY2026_Q1,Genpact LLC,Certified,H-1B,Senior Principal Consultant,Software Developers,152880,III,OR,1
LTIM,FY2026_Q1,LTIMindtree Limited,Certified,H-1B,Software Quality Assurance Analyst and Tester,Software Quality Assurance Analysts and Testers,73237,II,KY,1
TECHM,FY2026_Q1,"TECH MAHINDRA (AMERICAS), INC",Certified,H-1B,System Architect,Computer Systems Engineers/Architects,141000,II,FL,1
HCLTECH,FY2026_Q1,HCL AMERICA INC,Certified,H-1B,Lead Consultant,Computer Systems Engineers/Architects,132870,III,NC,1
IBM,FY2026_Q1,IBM Corporation,Certified,H-1B,Senior Strategy Advisory Consultant,Business Intelligence Analysts,241655,IV,GA,1
CAP,FY2026_Q1,Capgemini America Inc,Certified,H-1B,Test Consultant 2,Software Quality Assurance Analysts and Testers,120550,II,MA,1
MPHASIS,FY2026_Q1,Mphasis Corporation,Certified,H-1B,Technical Product Manager,Information Technology Project Managers,115000,II,GA,1
INFY,FY2026_Q1,INFOSYS LIMITED,Certified,H-1B,Technology Project Lead 2,Information Technology Project Managers,119933,III,TX,5
TCS,FY2026_Q1,TATA CONSULTANCY SERVICES LIMITED,Certified,H-1B,Architect,Computer Systems Engineers/Architects,77189,II,NY,1
ACN,FY2026_Q1,Accenture LLP,Certified,H-1B,Custom Software Engineering Manager,Computer Systems Analysts,156400,IV,CT,1
MPHASIS,FY2026_Q1,Mphasis Corporation ,Certified,H-1B,Software Programmer II,Computer Programmers,122000,II,CA,1
MPHASIS,FY2026_Q1,Mphasis Corporation ,Certified,H-1B,Software Programmer II,Computer Programmers,100000,II,TX,1
IBM,FY2026_Q1,IBM Corporation,Certified,H-1B,Software Engineer,Software Developers,264526,IV,CA,1
IBM,FY2026_Q1,IBM Corporation,Certified,H-1B,Application Consultant/SME,Information Technology Project Managers,143790,IV,CA,1
HCLTECH,FY2026_Q1,HCL AMERICA INC,Certified,H-1B,Senior Design Lead,Computer Systems Engineers/Architects,92269,III,TX,1
CAP,FY2026_Q1,Capgemini America Inc,Certified,H-1B,Applications Consultant 2,Software Developers,139448,II,TX,1
WIT,FY2026_Q1,WIPRO LIMITED,Certified,H-1B,Administrator L2,Network and Computer Systems Administrators,87167,II,IL,1
INFY,FY2026_Q1,INFOSYS LIMITED,Certified,H-1B,Package Project Lead 1,Information Technology Project Managers,92581,II,TX,1
CAP,FY2026_Q1,Capgemini America Inc,Certified,H-1B,Business Systems Analyst 2,Computer Systems Analysts,98862,II,NC,1
INFY,FY2026_Q1,INFOSYS LIMITED,Certified,H-1B,Digital Solution Specialist,Computer Systems Analysts,113901,III,FL,1
HCLTECH,FY2026_Q1,HCL AMERICA INC,Certified,H-1B,Senior Program Manager,Information Technology Project Managers,125287,III,TX,1
CAP,FY2026_Q1,Capgemini America Inc,Certified,H-1B,Business Systems Analyst 3,Computer Systems Analysts,131291,III,NJ,1
INFY,FY2026_Q1,INFOSYS LIMITED,Certified,H-1B,Domain Consultant 3,Management Analysts,116896,III,CO,5
TCS,FY2026_Q1,TATA CONSULTANCY SERVICES LIMITED,Certified,H-1B,System Administrator,Network and Computer Systems Administrators,84864,III,MI,1
LTIM,FY2026_Q1,LTIMindtree Limited,Certified,H-1B,Sales Engineer,Sales Engineers,104811,II,TX,1
CAP,FY2026_Q1,Capgemini America Inc,Certified,H-1B,Business Systems Analyst 2,Computer Systems Analysts,103917,II,NJ,1
TCS,FY2026_Q1,TATA CONSULTANCY SERVICES LIMITED,Certified,H-1B,Technical Lead,Information Technology Project Managers,92581,II,TX,1
INFY,FY2026_Q1,INFOSYS LIMITED,Certified,H-1B,Architecture Consultant 2,Computer Systems Engineers/Architects,94952,II,NC,5
CAP,FY2026_Q1,CAPGEMINI AMERICA INC,Certified - Withdrawn,H-1B,Solution Architect 3,Software Developers,160000,III,PA,1
CAP,FY2026_Q1,CAPGEMINI AMERICA INC,Certified - Withdrawn,H-1B,Software Engineer 3,Software Developers,130000,III,NC,1
LTIM,FY2026_Q1,LTIMindtree Limited,Withdrawn,H-1B,Sales Engineer,Sales Engineers,122075,III,WA,1
TCS,FY2026_Q1,Tata Consultancy Services Limited,Withdrawn,H-1B,Architect,Computer Systems Engineers/Architects,91874,II,TX,1
HCLTECH,FY2026_Q1,HCL AMERICA INC,Certified,H-1B,Senior Program Manager,Information Technology Project Managers,187000,III,TX,1
LTIM,FY2026_Q1,LTIMindtree Limited,Certified,H-1B,Software Developer,Software Developers,102627,II,SC,1
IBM,FY2026_Q1,IBM Corporation,Certified,H-1B,Test Program Manager,Information Technology Project Managers,111788,II,GA,1
LTIM,FY2026_Q1,LTIMindtree Limited,Certified,H-1B,Associate Principal - Quality Engineering,Software Developers,135240,II,MA,1
TCS,FY2026_Q1,TATA CONSULTANCY SERVICES LIMITED,Certified,H-1B,Architect,Computer Systems Engineers/Architects,93538,II,AZ,1
IBM,FY2026_Q1,IBM Corporation,Certified,H-1B,Application Developer,Software Developers,154020,II,CA,1
CTSH,FY2026_Q1,COGNIZANT TECHNOLOGY SOLUTIONS US CORP,Certified,H-1B,Manager JC50 - Project Management Specialists,Project Management Specialists,99736,III,TX,1
INFY,FY2026_Q1,INFOSYS LIMITED,Certified,H-1B,Technology Consultant 2,Computer Systems Engineers/Architects,93538,II,AZ,1
INFY,FY2026_Q1,INFOSYS LIMITED,Certified,H-1B,Technology Project Lead 2,Information Technology Project Managers,118851,III,AZ,5
WIT,FY2026_Q1,WIPRO LIMITED,Certified,H-1B,Techno Functional Consultant L2,Computer Systems Analysts,135000,II,TX,1
CAP,FY2026_Q1,Capgemini America Inc,Certified,H-1B,Applications Consultant 4,Software Developers,153317,IV,IL,1
CTSH,FY2026_Q1,COGNIZANT TECHNOLOGY SOLUTIONS US CORP,Certified,H-1B,SA JC60 - Software Quality Assurance Analysts and Testers,Software Quality Assurance Analysts and Testers,84178,II,CT,1
CTSH,FY2026_Q1,COGNIZANT TECHNOLOGY SOLUTIONS US CORP,Certified,H-1B,Manager JC50 - Computer Systems Engineers/Architects,Computer Systems Engineers/Architects,115336,III,OH,1
CAP,FY2026_Q1,Capgemini America Inc,Certified,H-1B,Applications Consultant 2,Software Developers,126618,II,MO,1
CTSH,FY2026_Q1,COGNIZANT TECHNOLOGY SOLUTIONS US CORP,Certified,H-1B,Senior Associate JC60 -Computer Systems Engineers/Architects,Computer Systems Engineers/Architects,76606,II,OH,1
CAP,FY2026_Q1,Capgemini America Inc,Certified,H-1B,Business Systems Analyst 3,Computer Systems Analysts,111500,III,AR,1
INFY,FY2026_Q1,INFOSYS LIMITED,Certified,H-1B,Architecture Consultant 3,Computer Systems Engineers/Architects,181293,III,CA,1
INFY,FY2026_Q1,INFOSYS LIMITED,Certified,H-1B,Domain Project Lead 2,Project Management Specialists,102710,III,IN,5
CTSH,FY2026_Q1,COGNIZANT TECHNOLOGY SOLUTIONS US CORP,Certified,H-1B,Manager JC50 - Network and Computer Systems Administrators,Network and Computer Systems Administrators,111550,III,CA,1
CTSH,FY2026_Q1,COGNIZANT TECHNOLOGY SOLUTIONS US CORP,Certified,H-1B,Senior Associate JC60 -Computer Systems Engineers/Architects,Computer Systems Engineers/Architects,92581,II,TX,1
WIT,FY2026_Q1,WIPRO LIMITED,Certified,H-1B,Techno Functional Consultant L1,Computer Systems Analysts,120000,II,WA,1
CTSH,FY2026_Q1,COGNIZANT TECHNOLOGY SOLUTIONS US CORP,Certified,H-1B,Senior Manager JC45 - Computer Systems Engineers/Architects,Computer Systems Engineers/Architects,144310,IV,TX,1
CTSH,FY2026_Q1,COGNIZANT TECHNOLOGY SOLUTIONS US CORP,Certified,H-1B,Manager JC50 - Computer Systems Engineers/Architects,Computer Systems Engineers/Architects,118456,III,TX,1
HCLTECH,FY2026_Q1,HCL AMERICA INC,Certified,H-1B,Technical Architect,Computer Systems Engineers/Architects,139298,III,WA,1
CTSH,FY2026_Q1,COGNIZANT TECHNOLOGY SOLUTIONS US CORP,Certified,H-1B,Manager JC50 - Computer Systems Engineers/Architects,Computer Systems Engineers/Architects,115336,III,OH,1
CTSH,FY2026_Q1,COGNIZANT TECHNOLOGY SOLUTIONS US CORP,Certified,H-1B,Senior Associate JC60 -Computer Systems Engineers/Architects,Computer Systems Engineers/Architects,82846,II,IL,1
CAP,FY2026_Q1,Capgemini America Inc,Certified,H-1B,Test Consultant 3,Software Quality Assurance Analysts and Testers,97164,III,SC,1
CAP,FY2026_Q1,Capgemini America Inc,Certified,H-1B,Applications Consultant 3,Software Developers,134971,III,TX,1
CTSH,FY2026_Q1,COGNIZANT TECHNOLOGY SOLUTIONS US CORP,Certified,H-1B,Manager JC50 - Computer Systems Engineers/Architects,Computer Systems Engineers/Architects,108514,III,GA,1
INFY,FY2026_Q1,INFOSYS LIMITED,Certified,H-1B,Technology Consultant 2,Computer Systems Engineers/Architects,83054,II,MO,5
CTSH,FY2026_Q1,COGNIZANT TECHNOLOGY SOLUTIONS US CORP,Certified,H-1B,Manager JC50 - Project Management Specialists,Project Management Specialists,99736,III,TX,1
HCLTECH,FY2026_Q1,HCL GLOBAL SYSTEMS INC,Certified,H-1B,SR. JAVA DEVELOPER,Software Developers,114504,III,WI,1
CAP,FY2026_Q1,Capgemini America Inc,Certified,H-1B,Test Consultant 3,Software Quality Assurance Analysts and Testers,108120,III,CT,1
LTIM,FY2026_Q1,LTIMindtree Limited,Certified,H-1B,Management Analyst,Management Analysts,101816,II,NJ,1
CTSH,FY2026_Q1,COGNIZANT TECHNOLOGY SOLUTIONS US CORP,Certified,H-1B,SA JC60 - Software Quality Assurance Analysts and Testers,Software Quality Assurance Analysts and Testers,84178,II,CT,1
CAP,FY2026_Q1,Capgemini America Inc,Certified,H-1B,Business Systems Analyst 3,Computer Systems Analysts,144625,III,NJ,1
CAP,FY2026_Q1,Capgemini America Inc,Certified,H-1B,Applications Consultant 3,Software Developers,146268,III,GA,1
CAP,FY2026_Q1,Capgemini America Inc,Certified,H-1B,Applications Consultant 3,Software Developers,183000,III,MN,1
TCS,FY2026_Q1,TATA CONSULTANCY SERVICES LIMITED,Certified,H-1B,ARCHITECT,Computer Systems Engineers/Architects,92394,II,DE,1
CTSH,FY2026_Q1,COGNIZANT TECHNOLOGY SOLUTIONS US CORP,Certified,H-1B,Senior Associate JC60 -Computer Systems Engineers/Architects,Computer Systems Engineers/Architects,81765,II,CT,1
LTIM,FY2026_Q1,LTIMindtree Limited,Certified,H-1B,Senior Specialist - Product Engineering,Software Developers,153000,II,NJ,1
TCS,FY2026_Q1,TATA CONSULTANCY SERVICES LIMITED,Certified,H-1B,ARCHITECT,Computer Systems Engineers/Architects,86798,II,NC,1
INFY,FY2026_Q1,INFOSYS LIMITED,Certified,H-1B,Process Consultant 2,Management Analysts,89024,II,TX,5
CTSH,FY2026_Q1,COGNIZANT TECHNOLOGY SOLUTIONS US CORP,Certified,H-1B,Senior Associate JC60 -Computer Systems Engineers/Architects,Computer Systems Engineers/Architects,94682,II,NY,1
CAP,FY2026_Q1,Capgemini America Inc,Certified,H-1B,Test Consultant 3,Software Quality Assurance Analysts and Testers,106040,III,OH,1
CTSH,FY2026_Q1,COGNIZANT TECHNOLOGY SOLUTIONS US CORP,Certified,H-1B,SA JC60 - Software Quality Assurance Analysts and Testers,Software Quality Assurance Analysts and Testers,91374,II,TX,1
CTSH,FY2026_Q1,COGNIZANT TECHNOLOGY SOLUTIONS US CORP,Certified,H-1B,Manager JC50 - Computer Systems Engineers/Architects,Computer Systems Engineers/Architects,126818,III,NJ,1
CTSH,FY2026_Q1,COGNIZANT TECHNOLOGY SOLUTIONS US CORP,Certified,H-1B,Senior Associate JC60 -Computer Systems Engineers/Architects,Computer Systems Engineers/Architects,82846,II,IL,1
INFY,FY2026_Q1,INFOSYS LIMITED,Certified,H-1B,Package Consultant 2,Computer Systems Engineers/Architects,90605,II,TX,1
ACN,FY2026_Q1,Accenture LLP,Certified,H-1B,Packaged App Development Assoc Manager,Computer Systems Analysts,119100,III,KY,1
INFY,FY2026_Q1,INFOSYS LIMITED,Certified,H-1B,Technology Consultant 2,Computer Systems Engineers/Architects,92581,II,TX,1
CTSH,FY2026_Q1,COGNIZANT TECHNOLOGY SOLUTIONS US CORP,Certified,H-1B,Senior Manager JC45 - Computer Systems Engineers/Architects,Computer Systems Engineers/Architects,140795,IV,NC,1
CTSH,FY2026_Q1,COGNIZANT TECHNOLOGY SOLUTIONS US CORP,Certified,H-1B,Manager JC50 - Project Management Specialists,Project Management Specialists,93246,III,TX,1
CTSH,FY2026_Q1,COGNIZANT TECHNOLOGY SOLUTIONS US CORP,Certified,H-1B,Senior Manager JC45 - Computer Systems Engineers/Architects,Computer Systems Engineers/Architects,140795,IV,NC,1
CAP,FY2026_Q1,Capgemini America Inc,Certified,H-1B,Business Systems Analyst 2,Computer Systems Analysts,100500,II,TX,1
TCS,FY2026_Q1,TATA CONSULTANCY SERVICES LIMITED,Certified,H-1B,ARCHITECT,Computer Systems Engineers/Architects,91874,II,TX,1
INFY,FY2026_Q1,INFOSYS LIMITED,Certified,H-1B,Technology Project Lead 1,Information Technology Project Managers,92581,II,TX,1
LTIM,FY2026_Q1,LTIMindtree Limited,Certified,H-1B,Software Developer,Software Developers,100942,II,NC,1
CTSH,FY2026_Q1,COGNIZANT TECHNOLOGY SOLUTIONS US CORP,Certified,H-1B,Manager JC50 - Computer Systems Engineers/Architects,Computer Systems Engineers/Architects,118456,III,TX,1
CAP,FY2026_Q1,Capgemini America Inc,Certified,H-1B,Applications Consultant 3,Software Developers,119780,III,MI,1
CTSH,FY2026_Q1,COGNIZANT TECHNOLOGY SOLUTIONS US CORP,Certified,H-1B,Senior Manager JC45 - Computer Systems Engineers/Architects,Computer Systems Engineers/Architects,140733,IV,NH,1
INFY,FY2026_Q1,INFOSYS LIMITED,Certified,H-1B,Technology Consultant 2,Computer Systems Engineers/Architects,90501,II,MA,5
CTSH,FY2026_Q1,COGNIZANT TECHNOLOGY SOLUTIONS US CORP,Certified,H-1B,Manager JC50 - Computer Systems Engineers/Architects,Computer Systems Engineers/Architects,118456,III,TX,1
MPHASIS,FY2026_Q1,Mphasis Corporation ,Certified,H-1B,IT PROJECT SPECIALIST II,Information Technology Project Managers,76620,II,TN,1
INFY,FY2026_Q1,INFOSYS LIMITED,Certified,H-1B,Technology Project Lead 1,Information Technology Project Managers,111550,II,WA,5
INFY,FY2026_Q1,INFOSYS LIMITED,Certified,H-1B,Technology Consultant 3,Computer Systems Engineers/Architects,118851,III,AZ,5
LTIM,FY2026_Q1,LTIMindtree Limited,Certified,H-1B,Information Technology Project Managers,Information Technology Project Managers,80975,II,TX,1
HCLTECH,FY2026_Q1,HCL AMERICA INC,Certified,H-1B,Group Technical Architect,Computer Systems Engineers/Architects,137000,III,AZ,1
LTIM,FY2026_Q1,LTIMindtree Limited,Certified,H-1B,Software Developer,Software Developers,112923,II,TX,1
CAP,FY2026_Q1,Capgemini America Inc,Certified,H-1B,Applications Consultant 3,Software Developers,121118,III,IL,1
CAP,FY2026_Q1,Capgemini America Inc,Certified,H-1B,Applications Consultant 3,Software Developers,154606,III,MA,1
LTIM,FY2026_Q1,LTIMindtree Limited,Certified,H-1B,Information Technology Project Manager,Information Technology Project Managers,92394,II,PA,1
HCLTECH,FY2026_Q1,HCL AMERICA INC,Certified,H-1B,Senior Technical Architect,Computer Systems Engineers/Architects,122789,II,NC,1
INFY,FY2026_Q1,INFOSYS LIMITED,Certified,H-1B,Architecture Consultant 3,Computer Systems Engineers/Architects,118456,III,TX,5
TCS,FY2026_Q1,Tata Consultancy Services Limited,Certified,H-1B,Designer,Computer Systems Analysts,73590,II,TN,1
CTSH,FY2026_Q1,COGNIZANT TECHNOLOGY SOLUTIONS US CORP,Certified,H-1B,Sr. Mgr. JC45 - Information Technology Project Managers,Information Technology Project Managers,158974,IV,NJ,1
CTSH,FY2026_Q1,COGNIZANT TECHNOLOGY SOLUTIONS US CORP,Certified,H-1B,Senior Associate JC60 -Computer Systems Engineers/Architects,Computer Systems Engineers/Architects,94952,II,NC,1
TCS,FY2026_Q1,Tata Consultancy Services Limited,Certified,H-1B,User Interface Designer,Web and Digital Interface Designers,90251,II,OR,1
CAP,FY2026_Q1,Capgemini America Inc,Certified,H-1B,Solution Architect 3,Software Developers,155250,III,GA,1
ACN,FY2026_Q1,Accenture LLP,Certified,H-1B,Packaged App Development Assoc Manager,Computer Systems Analysts,119100,III,KY,1
HCLTECH,FY2026_Q1,HCL AMERICA INC,Certified,H-1B,Senior Technical Lead,Computer Programmers,110000,III,RI,1
CTSH,FY2026_Q1,COGNIZANT TECHNOLOGY SOLUTIONS US CORP,Certified,H-1B,Senior Associate JC60 -Computer Systems Engineers/Architects,Computer Systems Engineers/Architects,82846,II,IL,1
CTSH,FY2026_Q1,COGNIZANT TECHNOLOGY SOLUTIONS US CORP,Certified,H-1B,Manager JC50 - Computer Systems Engineers/Architects,Computer Systems Engineers/Architects,117582,III,PA,1
WIT,FY2026_Q1,WIPRO LIMITED,Certified,H-1B,Solution Architect L1,Computer Systems Engineers/Architects,125000,II,CA,1
TCS,FY2026_Q1,TATA CONSULTANCY SERVICES LIMITED,Certified,H-1B,ARCHITECT,Computer Systems Engineers/Architects,99736,II,CO,1
INFY,FY2026_Q1,INFOSYS LIMITED,Certified,H-1B,Technology Consultant 2,Computer Systems Engineers/Architects,93538,II,AZ,5
CTSH,FY2026_Q1,COGNIZANT TECHNOLOGY SOLUTIONS US CORP,Certified,H-1B,Manager JC50 - Computer Systems Engineers/Architects,Computer Systems Engineers/Architects,126818,III,NJ,1
CAP,FY2026_Q1,"Capgemini America, Inc.",Certified,H-1B,Applications Consultant 3,Software Developers,162922,III,TX,1
IBM,FY2026_Q1,IBM Corporation,Certified,H-1B,SAP Cash & Treasury Lead,Software Developers,194364,IV,NJ,1
CTSH,FY2026_Q1,COGNIZANT TECHNOLOGY SOLUTIONS US CORP,Certified,H-1B,Manager JC50 - Computer Systems Engineers/Architects,Computer Systems Engineers/Architects,126818,III,NJ,1
G,FY2026_Q1,Genpact LLC,Certified,H-1B,Assistant Manager,Data Scientists,121040,II,CA,1
CTSH,FY2026_Q1,COGNIZANT TECHNOLOGY SOLUTIONS US CORP,Certified,H-1B,Manager JC50 - Computer Systems Engineers/Architects,Computer Systems Engineers/Architects,118456,III,TX,1
INFY,FY2026_Q1,INFOSYS LIMITED,Certified,H-1B,Technology Consultant 2,Computer Systems Engineers/Architects,90210,II,MN,1
CTSH,FY2026_Q1,COGNIZANT TECHNOLOGY SOLUTIONS US CORP,Certified,H-1B,Senior Manager JC45 - Computer Systems Engineers/Architects,Computer Systems Engineers/Architects,144310,IV,TX,1
CAP,FY2026_Q1,Capgemini America Inc,Certified,H-1B,Applications Consultant 2,Software Developers,108077,II,IL,1
INFY,FY2026_Q1,INFOSYS LIMITED,Certified,H-1B,Technology Project Lead 1,Information Technology Project Managers,90210,II,MN,1
CTSH,FY2026_Q1,COGNIZANT TECHNOLOGY SOLUTIONS US CORP,Certified,H-1B,Senior Associate JC60 -Computer Systems Engineers/Architects,Computer Systems Engineers/Architects,86798,II,SC,1
CTSH,FY2026_Q1,COGNIZANT TECHNOLOGY SOLUTIONS US CORP,Certified,H-1B,AD JC40 - Computer Systems Engineers/Architects,Computer Systems Engineers/Architects,142730,IV,NJ,1
CTSH,FY2026_Q1,COGNIZANT TECHNOLOGY SOLUTIONS US CORP,Certified,H-1B,Manager JC50 - Computer Systems Engineers/Architects,Computer Systems Engineers/Architects,126818,III,NJ,1
INFY,FY2026_Q1,INFOSYS LIMITED,Certified,H-1B,Package Project Lead 1,Information Technology Project Managers,94266,II,OH,5
IBM,FY2026_Q1,IBM Corporation,Certified,H-1B,IT Specialist,Business Intelligence Analysts,188709,IV,NY,1
CTSH,FY2026_Q1,COGNIZANT TECHNOLOGY SOLUTIONS US CORP,Certified,H-1B,Sr. Mgr. JC45 - Information Technology Project Managers,Information Technology Project Managers,142771,IV,PA,1
LTIM,FY2026_Q1,LTIMindtree Limited,Certified,H-1B,Computer Systems Analyst,Computer Systems Analysts,103917,II,NJ,1
CTSH,FY2026_Q1,COGNIZANT TECHNOLOGY SOLUTIONS US CORP,Certified,H-1B,Manager JC50 - Computer Systems Engineers/Architects,Computer Systems Engineers/Architects,118456,III,TX,1
INFY,FY2026_Q1,INFOSYS LIMITED,Certified,H-1B,Package Consultant 2,Computer Systems Analysts,81702,II,IL,5
TCS,FY2026_Q1,TATA CONSULTANCY SERVICES LIMITED,Certified,H-1B,Developer,Computer Programmers,94848,II,TX,1
CAP,FY2026_Q1,Capgemini America Inc,Certified,H-1B,Solution Architect 4,Software Developers,145642,IV,FL,1
WIT,FY2026_Q1,WIPRO LIMITED,Certified,E-3 Australian,Solution Architect L2,Computer Systems Engineers/Architects,126818,III,NJ,1
CAP,FY2026_Q1,Capgemini America Inc,Certified,H-1B,Business Systems Analyst 3,Computer Systems Analysts,127234,III,NJ,1
CTSH,FY2026_Q1,COGNIZANT TECHNOLOGY SOLUTIONS US CORP,Certified,H-1B,Sr. Mgr. JC45 - Information Technology Project Managers,Information Technology Project Managers,223142,IV,CA,1
CAP,FY2026_Q1,Capgemini America Inc,Certified,H-1B,Enterprise Architect 3,Computer Systems Engineers/Architects,140689,III,GA,1
INFY,FY2026_Q1,INFOSYS LIMITED,Certified,H-1B,Technology Consultant 2,Computer Systems Engineers/Architects,90605,II,TX,1
CTSH,FY2026_Q1,COGNIZANT TECHNOLOGY SOLUTIONS US CORP,Certified,H-1B,Senior Associate JC60 -Computer Systems Engineers/Architects,Computer Systems Engineers/Architects,92581,II,TX,1
CAP,FY2026_Q1,Capgemini America Inc,Certified,H-1B,Applications Consultant 3,Software Developers,133287,III,GA,1
CTSH,FY2026_Q1,COGNIZANT TECHNOLOGY SOLUTIONS US CORP,Certified,H-1B,SA JC60 - Software Quality Assurance Analysts and Testers,Software Quality Assurance Analysts and Testers,91374,II,TX,1
CAP,FY2026_Q1,Capgemini America Inc,Certified,H-1B,Test Consultant 2,Software Quality Assurance Analysts and Testers,106542,II,TX,1
IBM,FY2026_Q1,IBM Corporation,Certified,H-1B,Infrastructure Specialist,Software Developers,158983,IV,IN,1
INFY,FY2026_Q1,INFOSYS LIMITED,Certified,H-1B,Technology Consultant 2,Computer Systems Engineers/Architects,93538,II,AZ,5
CTSH,FY2026_Q1,COGNIZANT TECHNOLOGY SOLUTIONS US CORP,Certified,H-1B,Senior Manager JC45 - Computer Systems Engineers/Architects,Computer Systems Engineers/Architects,140733,IV,NH,1
CTSH,FY2026_Q1,COGNIZANT TECHNOLOGY SOLUTIONS US CORP,Certified,H-1B,Manager JC50 - Computer Systems Engineers/Architects,Computer Systems Engineers/Architects,126818,III,NJ,1
CTSH,FY2026_Q1,COGNIZANT TECHNOLOGY SOLUTIONS US CORP,Certified,H-1B,Sr. Mgr. JC45 - Information Technology Project Managers,Information Technology Project Managers,142771,IV,PA,1
CTSH,FY2026_Q1,COGNIZANT TECHNOLOGY SOLUTIONS US CORP,Certified,H-1B,Associate Director JC40 - Software Developers,Software Developers,149718,IV,TX,1
CTSH,FY2026_Q1,COGNIZANT TECHNOLOGY SOLUTIONS US CORP,Certified,H-1B,AD JC40 - Computer Systems Engineers/Architects,Computer Systems Engineers/Architects,142771,IV,PA,1
HCLTECH,FY2026_Q1,HCL AMERICA INC,Certified,H-1B,Lead Consultant,Computer Systems Engineers/Architects,140462,III,TX,1
ACN,FY2026_Q1,Accenture LLP,Certified,H-1B,Packaged App Development Assoc Manager,Computer Systems Analysts,6687200,III,TX,1
HCLTECH,FY2026_Q1,HCL AMERICA INC,Certified,H-1B,Senior Program Manager,Information Technology Project Managers,125643,III,NJ,1
INFY,FY2026_Q1,INFOSYS LIMITED,Certified,H-1B,Package Consultant 2,Computer Systems Engineers/Architects,86445,II,GA,1
HCLTECH,FY2026_Q1,HCL AMERICA INC,Certified,H-1B,Sr Domain \Technical Architect,Computer Systems Engineers/Architects,126912,III,OR,1
CTSH,FY2026_Q1,COGNIZANT TECHNOLOGY SOLUTIONS US CORP,Certified,H-1B,Manager JC50 - Computer Systems Engineers/Architects,Computer Systems Engineers/Architects,118456,III,TX,1
CAP,FY2026_Q1,Capgemini America Inc,Certified - Withdrawn,H-1B,Data Analyst 3,Data Warehousing Specialists,167000,III,NY,1
HCLTECH,FY2026_Q1,HCL GLOBAL SYSTEMS INC,Withdrawn,H-1B,FULL STACK ENGINEER,Software Developers,131082,II,MA,1
INFY,FY2026_Q1,INFOSYS LIMITED,Certified,H-1B,Package Project Lead 2,Information Technology Project Managers,100090,III,IN,5
ACN,FY2026_Q1,Accenture LLP,Certified,H-1B,Custom Software Engineering Manager,Computer Systems Analysts,167400,IV,NJ,1
INFY,FY2026_Q1,INFOSYS LIMITED,Certified,H-1B,Manager - Data Science,Management Analysts,110302,III,TX,5
MPHASIS,FY2026_Q1,Mphasis Corporation,Certified,H-1B,Software Engineer,Software Developers,160000,II,IL,1
CTSH,FY2026_Q1,COGNIZANT TECHNOLOGY SOLUTIONS US CORP,Certified,H-1B,AD JC40 - Computer Systems Engineers/Architects,Computer Systems Engineers/Architects,157560,IV,NC,1
ACN,FY2026_Q1,Accenture LLP,Certified,H-1B,App/Cloud Support Associate Manager,Computer Systems Analysts,119392,III,NC,1
TCS,FY2026_Q1,Tata Consultancy Services Limited,Certified,H-1B,Architect,Computer Systems Engineers/Architects,86445,II,GA,1
CTSH,FY2026_Q1,COGNIZANT TECHNOLOGY SOLUTIONS US CORP,Certified,H-1B,Sr. Mgr. JC45 - Information Technology Project Managers,Information Technology Project Managers,128877,IV,MI,1
CAP,FY2026_Q1,Capgemini America Inc,Certified,H-1B,Applications Consultant 3,Software Developers,141500,III,NC,1
TCS,FY2026_Q1,TATA CONSULTANCY SERVICES LIMITED,Certified,H-1B,DEVELOPER,Computer Programmers,71053,II,PA,1
CTSH,FY2026_Q1,COGNIZANT TECHNOLOGY SOLUTIONS US CORP,Certified,H-1B,Senior Associate JC60 -Computer Systems Engineers/Architects,Computer Systems Engineers/Architects,89773,II,NJ,1
CTSH,FY2026_Q1,COGNIZANT TECHNOLOGY SOLUTIONS US CORP,Certified,H-1B,Manager JC50 - Computer Systems Engineers/Architects,Computer Systems Engineers/Architects,113797,III,NC,1
ACN,FY2026_Q1,Accenture LLP,Certified,H-1B,Packaged App Development Assoc Manager,Computer Programmers,121800,III,GA,1
MPHASIS,FY2026_Q1,Mphasis Corporation,Certified,H-1B,Test Engineer,Software Quality Assurance Analysts and Testers,99963,II,TX,1
INFY,FY2026_Q1,INFOSYS LIMITED,Certified,H-1B,Technology Project Lead 1,Information Technology Project Managers,86403,II,CA,5
INFY,FY2026_Q1,INFOSYS LIMITED,Certified,H-1B,Technology Consultant 2,Computer Systems Engineers/Architects,94682,II,NY,5
TCS,FY2026_Q1,TATA CONSULTANCY SERVICES LIMITED,Certified,H-1B,Developer,Computer Programmers,95514,II,CT,1
CTSH,FY2026_Q1,COGNIZANT TECHNOLOGY SOLUTIONS US CORP,Certified,H-1B,Senior Associate JC60 -Computer Systems Engineers/Architects,Computer Systems Engineers/Architects,90605,II,TX,1
LTIM,FY2026_Q1,LTIMindtree Limited,Certified,H-1B,Software Developer,Software Developers,126942,III,CT,1
INFY,FY2026_Q1,INFOSYS LIMITED,Certified,H-1B,Infrastructure Project Lead 1,Information Technology Project Managers,92581,II,TX,5
MPHASIS,FY2026_Q1,Mphasis Corporation,Certified,H-1B,Software Engineer,Computer Programmers,105944,II,TX,1
TCS,FY2026_Q1,TATA CONSULTANCY SERVICES LIMITED,Certified,H-1B,ARCHITECT,Computer Systems Engineers/Architects,86403,II,CA,1
INFY,FY2026_Q1,INFOSYS LIMITED,Certified,H-1B,Program Management Project Lead 3,Information Technology Project Managers,132434,IV,IL,5
CTSH,FY2026_Q1,COGNIZANT TECHNOLOGY SOLUTIONS US CORP,Certified,H-1B,Senior Manager JC45 - Computer Systems Engineers/Architects,Computer Systems Engineers/Architects,132434,IV,IL,1
TCS,FY2026_Q1,TATA CONSULTANCY SERVICES LIMITED,Certified,H-1B,Developer,Computer Programmers,73029,II,IL,1
CTSH,FY2026_Q1,COGNIZANT TECHNOLOGY SOLUTIONS US CORP,Certified,H-1B,Senior Associate JC60 -Computer Systems Engineers/Architects,Computer Systems Engineers/Architects,77064,II,CA,1
CTSH,FY2026_Q1,COGNIZANT TECHNOLOGY SOLUTIONS US CORP,Certified,H-1B,Senior Associate JC60 -Computer Systems Engineers/Architects,Computer Systems Engineers/Architects,62837,II,TN,1
CAP,FY2026_Q1,CAPGEMINI AMERICA INC,Certified,H-1B,Test Consultant 3,Software Quality Assurance Analysts and Testers,129000,III,TX,1
LTIM,FY2026_Q1,LTIMindtree Limited,Certified,H-1B,Software Developer,Software Developers,100797,II,FL,1
WIT,FY2026_Q1,WIPRO LIMITED,Certified,H-1B,Automation Engineer L4,Computer Programmers,77418,II,TX,1
LTIM,FY2026_Q1,LTIMindtree Limited,Certified,H-1B,Computer Systems Engineer/Architect,Computer Systems Engineers/Architects,92582,II,TX,1
INFY,FY2026_Q1,INFOSYS LIMITED,Certified,H-1B,Technology Project Lead 2,Information Technology Project Managers,126256,III,NC,5
CTSH,FY2026_Q1,COGNIZANT TECHNOLOGY SOLUTIONS US CORP,Certified,H-1B,Senior Associate JC60 -Computer Systems Engineers/Architects,Computer Systems Engineers/Architects,86403,II,CA,1
CTSH,FY2026_Q1,COGNIZANT TECHNOLOGY SOLUTIONS US CORP,Certified,H-1B,Manager JC50 - Computer Systems Engineers/Architects,Computer Systems Engineers/Architects,119933,III,TX,1
TECHM,FY2026_Q1,"TECH MAHINDRA (AMERICAS), INC",Certified,H-1B,Computer Programmer,Computer Programmers,106683,II,CO,1
TCS,FY2026_Q1,TATA CONSULTANCY SERVICES LIMITED,Certified,H-1B,Architect,Computer Systems Engineers/Architects,118456,III,TX,1
TCS,FY2026_Q1,TATA CONSULTANCY SERVICES LIMITED,Certified,H-1B,ARCHITECT,Computer Systems Engineers/Architects,82846,II,IL,1
CTSH,FY2026_Q1,COGNIZANT TECHNOLOGY SOLUTIONS US CORP,Certified,H-1B,SA JC60 - Software Quality Assurance Analysts and Testers,Software Quality Assurance Analysts and Testers,84178,II,CT,1
TCS,FY2026_Q1,TATA CONSULTANCY SERVICES LIMITED,Certified,H-1B,System Administrator,Network and Computer Systems Administrators,96512,II,CO,1
HCLTECH,FY2026_Q1,Techclub Inc,Certified,H-1B,Software Developer (Salesforce),Software Developers,135000,III,TX,1
INFY,FY2026_Q1,INFOSYS LIMITED,Certified,H-1B,Technology Consultant 2,Computer Systems Engineers/Architects,94952,II,NC,5
INFY,FY2026_Q1,INFOSYS LIMITED,Certified,H-1B,Package Consultant 3,Computer Systems Analysts,111238,III,TX,5
CTSH,FY2026_Q1,COGNIZANT TECHNOLOGY SOLUTIONS US CORP,Certified,H-1B,Senior Manager JC45 - Computer Systems Engineers/Architects,Computer Systems Engineers/Architects,145995,IV,CO,1
ACN,FY2026_Q1,Accenture LLP,Certified,H-1B,Program & Project Mgmt Manager,Information Technology Project Managers,135800,IV,GA,1
TCS,FY2026_Q1,TATA CONSULTANCY SERVICES LIMITED,Certified,H-1B,Analyst,Computer Systems Analysts,91395,II,CT,1
LTIM,FY2026_Q1,LTIMindtree Limited,Certified,H-1B,Information Technology Project Manager,Information Technology Project Managers,104062,III,CT,1
INFY,FY2026_Q1,INFOSYS LIMITED,Certified,H-1B,Technology Project Lead 1,Information Technology Project Managers,92581,II,TX,5
ACN,FY2026_Q1,Accenture LLP,Certified,H-1B,Business Architecture Manager,Computer Systems Analysts,167400,IV,TX,1
TCS,FY2026_Q1,TATA CONSULTANCY SERVICES LIMITED,Certified,H-1B,Functional Consultant,Computer Systems Analysts,91187,III,IN,1
INFY,FY2026_Q1,INFOSYS LIMITED,Certified,H-1B,Technology Consultant 2,Computer Systems Engineers/Architects,76606,II,OH,5
ACN,FY2026_Q1,Accenture LLP,Certified,H-1B,Custom Software Engineering Manager,Information Technology Project Managers,149100,IV,OH,1
CTSH,FY2026_Q1,COGNIZANT TECHNOLOGY SOLUTIONS US CORP,Certified,H-1B,Senior Associate JC60 -Computer Systems Engineers/Architects,Computer Systems Engineers/Architects,82846,II,IL,1
TCS,FY2026_Q1,TATA CONSULTANCY SERVICES LIMITED,Certified,H-1B,SYSTEM ADMINISTRATOR,Network and Computer Systems Administrators,133328,III,CA,1
CAP,FY2026_Q1,Capgemini America Inc,Certified,H-1B,Applications Consultant 4,Software Developers,192785,IV,CT,1
HCLTECH,FY2026_Q1,HCL AMERICA INC,Certified,H-1B,DU Head 1 (Client Specific),Information Technology Project Managers,147551,IV,TX,1
INFY,FY2026_Q1,INFOSYS LIMITED,Certified,H-1B,Package Consultant 2,Computer Systems Engineers/Architects,92581,II,TX,1
MPHASIS,FY2026_Q1,Mphasis Corporation,Certified,H-1B,Database Administrator,Database Administrators,88660,II,AZ,1
LTIM,FY2026_Q1,LTIMindtree Limited,Certified,H-1B,Computer Systems Engineer/Architect,Computer Systems Engineers/Architects,94683,II,NJ,1
INFY,FY2026_Q1,INFOSYS LIMITED,Certified,H-1B,Technology Project Lead 2,Information Technology Project Managers,116251,III,NJ,5
INFY,FY2026_Q1,INFOSYS LIMITED,Certified,H-1B,Package Project Lead 2,Information Technology Project Managers,108514,III,GA,1
CTSH,FY2026_Q1,COGNIZANT TECHNOLOGY SOLUTIONS US CORP,Certified,H-1B,Senior Manager JC45 - Computer Systems Engineers/Architects,Computer Systems Engineers/Architects,126339,IV,CT,1
CTSH,FY2026_Q1,COGNIZANT TECHNOLOGY SOLUTIONS US CORP,Certified,H-1B,Senior Manager JC45 - Computer Systems Engineers/Architects,Computer Systems Engineers/Architects,126339,IV,CT,1
WIT,FY2026_Q1,WIPRO LIMITED,Certified,H-1B,Techno Functional Consultant L3,Computer Systems Analysts,127234,III,NY,1
INFY,FY2026_Q1,INFOSYS LIMITED,Certified,H-1B,Technology Project Lead 1,Information Technology Project Managers,93538,II,AZ,1
MPHASIS,FY2026_Q1,Mphasis Corporation ,Certified,H-1B,SOFTWARE PROGRAMMER II,Computer Programmers,106683,II,CO,1
HCLTECH,FY2026_Q1,HCL AMERICA INC,Certified,H-1B,Sr. Program Manager,Information Technology Project Managers,117496,III,OH,1
CTSH,FY2026_Q1,COGNIZANT TECHNOLOGY SOLUTIONS US CORP,Certified,H-1B,Manager JC50 - Computer Systems Engineers/Architects,Computer Systems Engineers/Architects,101504,III,MO,1
CTSH,FY2026_Q1,COGNIZANT TECHNOLOGY SOLUTIONS US CORP,Certified,H-1B,Senior Associate JC60 -Computer Systems Engineers/Architects,Computer Systems Engineers/Architects,104666,II,MD,1
CTSH,FY2026_Q1,COGNIZANT TECHNOLOGY SOLUTIONS US CORP,Certified,H-1B,Manager JC50 - Computer Systems Engineers/Architects,Computer Systems Engineers/Architects,101504,III,MO,1
HCLTECH,FY2026_Q1,HCL AMERICA INC,Certified,H-1B,Portfolio Delivery Director,Information Technology Project Managers,134310,IV,PA,1
INFY,FY2026_Q1,INFOSYS LIMITED,Certified,H-1B,Technology Project Lead 2,Information Technology Project Managers,139298,III,WA,1
MPHASIS,FY2026_Q1,Mphasis Corporation,Certified,H-1B,Database Architect,Database Architects,135000,II,TX,1
CAP,FY2026_Q1,"Capgemini America, Inc.",Certified,H-1B,Business Systems Analyst 3,Computer Systems Analysts,132332,III,SC,1
CAP,FY2026_Q1,Capgemini America Inc,Certified,H-1B,Business Systems Analyst 2,Computer Systems Analysts,99255,II,VA,1
TCS,FY2026_Q1,TATA CONSULTANCY SERVICES LIMITED,Certified,H-1B,Analyst “ Information Security,Information Security Analysts,120286,II,NJ,1
HCLTECH,FY2026_Q1,HCL AMERICA INC,Certified,H-1B,Senior Project Manager,Information Technology Project Managers,122325,III,TX,1
CTSH,FY2026_Q1,COGNIZANT TECHNOLOGY SOLUTIONS US CORP,Certified,H-1B,Mgr. JC50 - Software Quality Assurance Analysts and Testers,Software Quality Assurance Analysts and Testers,110198,III,TX,1
INFY,FY2026_Q1,INFOSYS LIMITED,Certified,H-1B,Package Project Lead 2,Information Technology Project Managers,104062,III,CT,5
CTSH,FY2026_Q1,COGNIZANT TECHNOLOGY SOLUTIONS US CORP,Certified,H-1B,Senior Associate JC60 -Computer Systems Engineers/Architects,Computer Systems Engineers/Architects,81765,II,CT,1
LTIM,FY2026_Q1,LTIMindtree Limited,Certified,H-1B,Information Technology Project Manager,Information Technology Project Managers,92581,II,TX,1
ACN,FY2026_Q1,Accenture LLP,Certified,H-1B,Packaged App Development Manager,Computer Systems Analysts,144227,IV,OR,1
INFY,FY2026_Q1,INFOSYS LIMITED,Certified,H-1B,Domain Consultant 2,Management Analysts,90230,II,AZ,1
CAP,FY2026_Q1,Capgemini America Inc,Certified,H-1B,Applications Consultant 3,Software Developers,157123,III,CA,1
CTSH,FY2026_Q1,COGNIZANT TECHNOLOGY SOLUTIONS US CORP,Certified,H-1B,Senior Manager JC45 - Computer Systems Engineers/Architects,Computer Systems Engineers/Architects,145995,IV,CO,1
ACN,FY2026_Q1,Accenture LLP,Certified,H-1B,Packaged App Development Specialist,Computer Systems Analysts,102400,II,IL,1
INFY,FY2026_Q1,INFOSYS LIMITED,Certified,H-1B,Technology Consultant 2,Computer Systems Engineers/Architects,97718,II,OR,1
INFY,FY2026_Q1,INFOSYS LIMITED,Certified,H-1B,Technology Project Lead 2,Information Technology Project Managers,78354,III,TN,5
TCS,FY2026_Q1,TATA CONSULTANCY SERVICES LIMITED,Certified,H-1B,ARCHITECT,Computer Systems Engineers/Architects,91874,II,TX,1
MPHASIS,FY2026_Q1,Mphasis Corporation,Certified,H-1B,Software Engineer,Software Developers,120000,II,TX,1
INFY,FY2026_Q1,INFOSYS LIMITED,Certified,H-1B,Domain Consultant 1,Management Analysts,94120,II,CT,1
TECHM,FY2026_Q1,"TECH MAHINDRA (AMERICAS), INC",Certified,H-1B,"Software Developer, Systems Software",Software Developers,147500,II,TX,1
MPHASIS,FY2026_Q1,Mphasis Corporation,Certified,H-1B,Software Engineer,Software Developers,125000,II,TX,1
HCLTECH,FY2026_Q1,HCL AMERICA INC,Certified,H-1B,Solution Architect (DFS),Computer Systems Engineers/Architects,144310,IV,TX,1
LTIM,FY2026_Q1,LTIMindtree Limited,Certified,H-1B,Software Quality Assurance Analyst and Tester,Software Quality Assurance Analysts and Testers,108681,II,WA,1
INFY,FY2026_Q1,INFOSYS LIMITED,Certified,H-1B,Infrastructure Project Lead 2,Information Technology Project Managers,150405,III,CA,1
TCS,FY2026_Q1,Tata Consultancy Services Limited,Certified,H-1B,Architect,Computer Systems Engineers/Architects,92394,II,PA,1
ACN,FY2026_Q1,Accenture LLP,Certified,H-1B,Infra Transformation Manager,Network and Computer Systems Administrators,168100,IV,TX,1
EPAM,FY2026_Q1,EPAM Systems Inc.,Certified,H-1B,SENIOR SOFTWARE ENGINEER,Software Developers,132000,II,NJ,1
INFY,FY2026_Q1,INFOSYS LIMITED,Certified,H-1B,Domain Project Lead 1,Project Management Specialists,121035,II,CA,1
ACN,FY2026_Q1,Accenture LLP,Certified,H-1B,Adv App/Cloud Supp and Eng Manager,Information Technology Project Managers,158100,IV,TX,1
HCLTECH,FY2026_Q1,HCL GLOBAL SYSTEMS INC,Certified,H-1B,SOFTWARE DEVELOPER,Software Developers,109283,II,AR,1
CAP,FY2026_Q1,Capgemini America Inc,Certified,H-1B,Business Systems Analyst 3,Computer Systems Analysts,127234,III,NJ,1
CTSH,FY2026_Q1,COGNIZANT TECHNOLOGY SOLUTIONS US CORP,Certified,H-1B,AD JC40 - Computer Systems Engineers/Architects,Computer Systems Engineers/Architects,157560,IV,NC,1
CTSH,FY2026_Q1,COGNIZANT TECHNOLOGY SOLUTIONS US CORP,Certified,H-1B,Senior Associate JC60 -Computer Systems Engineers/Architects,Computer Systems Engineers/Architects,89773,II,NJ,1
CAP,FY2026_Q1,Capgemini America Inc,Certified,H-1B,Applications Consultant 4,Software Developers,156998,IV,TX,1
ACN,FY2026_Q1,Accenture LLP,Certified,H-1B,Packaged App Development Assoc Manager,Software Quality Assurance Analysts and Testers,118600,III,MO,1
CTSH,FY2026_Q1,COGNIZANT TECHNOLOGY SOLUTIONS US CORP,Certified,H-1B,Sr Mgr JC45-Software Quality Assurance Analysts and Testers,Software Quality Assurance Analysts and Testers,140525,IV,MA,1
CAP,FY2026_Q1,Capgemini America Inc,Certified,H-1B,Business Systems Analyst 2,Computer Systems Analysts,105660,II,MO,1
INFY,FY2026_Q1,INFOSYS LIMITED,Certified,H-1B,Technology Consultant 2,Computer Systems Engineers/Architects,92581,II,TX,1
CTSH,FY2026_Q1,COGNIZANT TECHNOLOGY SOLUTIONS US CORP,Certified,H-1B,SA JC60 - Software Quality Assurance Analysts and Testers,Software Quality Assurance Analysts and Testers,91811,II,NJ,1
INFY,FY2026_Q1,INFOSYS LIMITED,Certified,H-1B,Technology Consultant 2,Computer Systems Engineers/Architects,92581,II,TX,5
ACN,FY2026_Q1,Accenture LLP,Certified,H-1B,Custom Software Engineering Manager,Information Technology Project Managers,8704800,IV,NJ,1
ACN,FY2026_Q1,Accenture LLP,Certified,H-1B,Packaged App Development Specialist,Computer Systems Analysts,97300,II,GA,1
HCLTECH,FY2026_Q1,HCL AMERICA INC,Certified,H-1B,Senior Technical Lead,Computer Programmers,96427,III,PA,1
CAP,FY2026_Q1,Capgemini America Inc,Certified,H-1B,Applications Consultant 2,Software Developers,112923,II,TX,1
CAP,FY2026_Q1,Capgemini America Inc,Certified,H-1B,Test Consultant 3,Software Quality Assurance Analysts and Testers,113850,III,IL,1
MPHASIS,FY2026_Q1,Mphasis Corporation,Certified,H-1B,Software Engineer,Software Developers,125000,II,TX,1
CTSH,FY2026_Q1,COGNIZANT TECHNOLOGY SOLUTIONS US CORP,Certified,H-1B,Senior Manager JC45 - Computer Systems Engineers/Architects,Computer Systems Engineers/Architects,132434,IV,IL,1
INFY,FY2026_Q1,INFOSYS LIMITED,Certified,H-1B,Domain Project Lead 3,Project Management Specialists,138341,IV,CO,1
ACN,FY2026_Q1,Accenture LLP,Certified,H-1B,Custom Software Engineering Manager,Information Technology Project Managers,158400,IV,MN,1
MPHASIS,FY2026_Q1,Mphasis Corporation ,Certified,H-1B,IT PROJECT SPECIALIST II,Information Technology Project Managers,92394,II,DE,1
CTSH,FY2026_Q1,COGNIZANT TECHNOLOGY SOLUTIONS US CORP,Certified,H-1B,Manager JC50 - Computer Systems Engineers/Architects,Computer Systems Engineers/Architects,126818,III,NJ,1
MPHASIS,FY2026_Q1,Mphasis Corporation,Certified,H-1B,Software Engineer,Software Developers,120000,II,TX,1
CAP,FY2026_Q1,Capgemini America Inc,Certified,H-1B,Data Analyst 2,Data Warehousing Specialists,151737,II,MO,1
CTSH,FY2026_Q1,COGNIZANT TECHNOLOGY SOLUTIONS US CORP,Certified,H-1B,Senior Manager JC45 - Computer Systems Engineers/Architects,Computer Systems Engineers/Architects,126339,IV,CT,1
CAP,FY2026_Q1,Capgemini America Inc,Certified,H-1B,Applications Consultant 2,Software Developers,169950,II,GA,1
CTSH,FY2026_Q1,COGNIZANT TECHNOLOGY SOLUTIONS US CORP,Certified,H-1B,SA JC60 - Software Quality Assurance Analysts and Testers,Software Quality Assurance Analysts and Testers,87360,II,PA,1
CTSH,FY2026_Q1,COGNIZANT TECHNOLOGY SOLUTIONS US CORP,Certified,H-1B,Senior Associate JC60 -Computer Systems Engineers/Architects,Computer Systems Engineers/Architects,82846,II,IL,1
CAP,FY2026_Q1,Capgemini America Inc,Certified,H-1B,Applications Consultant 3,Software Developers,130181,III,MI,1
HCLTECH,FY2026_Q1,HCL AMERICA INC,Certified,H-1B,Senior Program Manager,Information Technology Project Managers,143165,III,IL,1
TCS,FY2026_Q1,Tata Consultancy Services Limited,Certified,H-1B,Developer,Computer Programmers,79435,II,FL,1
TCS,FY2026_Q1,TATA CONSULTANCY SERVICES LIMITED,Certified,H-1B,ARCHITECT,Computer Systems Engineers/Architects,90501,II,MA,1
CTSH,FY2026_Q1,COGNIZANT TECHNOLOGY SOLUTIONS US CORP,Certified,H-1B,Sr Mgr JC45-Market Research Analysts & Marketing Specialists,Market Research Analysts and Marketing Specialists,83054,IV,TX,1
INFY,FY2026_Q1,INFOSYS LIMITED,Certified,H-1B,Technology Consultant 2,Computer Systems Engineers/Architects,92581,II,TX,5
INFY,FY2026_Q1,INFOSYS LIMITED,Certified,H-1B,Technology Project Lead 1,Information Technology Project Managers,92581,II,TX,5
INFY,FY2026_Q1,INFOSYS LIMITED,Certified,H-1B,Technology Consultant 2,Computer Systems Engineers/Architects,94952,II,NC,1
CTSH,FY2026_Q1,COGNIZANT TECHNOLOGY SOLUTIONS US CORP,Certified,H-1B,Manager JC50 - Network and Computer Systems Administrators,Network and Computer Systems Administrators,119038,III,NJ,1
HCLTECH,FY2026_Q1,HCL AMERICA INC,Certified,H-1B,Portfolio Director,Information Technology Project Managers,151923,IV,CA,1
TCS,FY2026_Q1,TATA CONSULTANCY SERVICES LIMITED,Certified,H-1B,ARCHITECT,Computer Systems Engineers/Architects,94475,II,KY,1
CTSH,FY2026_Q1,COGNIZANT TECHNOLOGY SOLUTIONS US CORP,Certified,H-1B,Senior Associate JC60 -Computer Systems Engineers/Architects,Computer Systems Engineers/Architects,86403,II,CA,1
WIT,FY2026_Q1,WIPRO LIMITED,Certified,H-1B,Techno Functional Consultant L2,Computer Systems Analysts,92248,II,TX,1
CTSH,FY2026_Q1,COGNIZANT TECHNOLOGY SOLUTIONS US CORP,Certified,H-1B,Sr Mgr JC45-Software Quality Assurance Analysts and Testers,Software Quality Assurance Analysts and Testers,140525,IV,MA,1
TCS,FY2026_Q1,Tata Consultancy Services Limited,Certified,H-1B,Business Analyst,Business Intelligence Analysts,100339,II,TX,1
LTIM,FY2026_Q1,LTIMindtree Limited,Certified,H-1B,Software Developer,Software Developers,106475,II,CT,1
TCS,FY2026_Q1,TATA CONSULTANCY SERVICES LIMITED,Certified,H-1B,Architect,Computer Systems Engineers/Architects,93538,II,AZ,1
ACN,FY2026_Q1,Accenture LLP,Certified,H-1B,Security Delivery Manager,Computer Systems Analysts,156600,IV,TX,1
INFY,FY2026_Q1,INFOSYS LIMITED,Certified,H-1B,Package Project Lead 2,Information Technology Project Managers,126256,III,NC,5
INFY,FY2026_Q1,INFOSYS LIMITED,Certified,H-1B,Package Consultant 2,Computer Systems Engineers/Architects,92581,II,TX,5
INFY,FY2026_Q1,INFOSYS LIMITED,Certified,H-1B,Technology Consultant 2,Computer Systems Engineers/Architects,85488,II,VA,5
INFY,FY2026_Q1,INFOSYS LIMITED,Certified,H-1B,Infrastructure Project Lead 2,Information Technology Project Managers,118456,III,TX,1
INFY,FY2026_Q1,INFOSYS LIMITED,Certified,H-1B,Package Consultant 3,Computer Systems Analysts,111238,III,TX,1
MPHASIS,FY2026_Q1,Mphasis Corporation,Certified,H-1B,Project Lead,Information Technology Project Managers,140000,II,CA,1
CTSH,FY2026_Q1,COGNIZANT TECHNOLOGY SOLUTIONS US CORP,Certified,H-1B,Senior Associate JC60 -Computer Systems Engineers/Architects,Computer Systems Engineers/Architects,90605,II,TX,1
CTSH,FY2026_Q1,COGNIZANT TECHNOLOGY SOLUTIONS US CORP,Certified,H-1B,Mgr. JC50 - Software Quality Assurance Analysts and Testers,Software Quality Assurance Analysts and Testers,84448,III,MO,1
CAP,FY2026_Q1,Capgemini America Inc,Certified,H-1B,Business Analyst 3,Management Analysts,130000,III,NJ,1
INFY,FY2026_Q1,INFOSYS LIMITED,Certified,H-1B,Domain Consultant 2,Management Analysts,96491,II,CA,5
LTIM,FY2026_Q1,LTIMindtree Limited,Certified,H-1B,Software Developer,Software Developers,106475,II,CT,1
INFY,FY2026_Q1,INFOSYS LIMITED,Certified,H-1B,Domain Consultant 3,Management Analysts,110302,III,TX,5
HCLTECH,FY2026_Q1,HCL AMERICA INC,Certified,H-1B,Solution Architect,Computer Systems Engineers/Architects,142730,IV,NJ,1
CAP,FY2026_Q1,Capgemini America Inc,Certified,H-1B,Enterprise Architect 3,Computer Systems Engineers/Architects,142029,III,GA,1
CTSH,FY2026_Q1,COGNIZANT TECHNOLOGY SOLUTIONS US CORP,Certified,H-1B,SA JC60 - Software Quality Assurance Analysts and Testers,Software Quality Assurance Analysts and Testers,102086,II,NJ,1
ACN,FY2026_Q1,Accenture LLP,Certified,H-1B,Custom Software Engineering Manager,Computer Systems Analysts,163300,IV,WA,1
INFY,FY2026_Q1,INFOSYS LIMITED,Certified,H-1B,Technology Consultant 2,Computer Systems Engineers/Architects,92581,II,TX,1
ACN,FY2026_Q1,Accenture LLP,Certified,H-1B,Packaged App Development Sr Manager,Computer Systems Analysts,185100,IV,OH,1
MPHASIS,FY2026_Q1,Mphasis Corporation,Certified,H-1B,Database Architect,Database Architects,135000,II,TX,1
CAP,FY2026_Q1,CAPGEMINI AMERICA INC,Certified - Withdrawn,H-1B,Sales Engineer 4,Sales Engineers,240000,IV,CA,1
CAP,FY2026_Q1,CAPGEMINI AMERICA INC,Certified - Withdrawn,H-1B,Test Consultant 3,Software Quality Assurance Analysts and Testers,125650,III,NJ,1
WIT,FY2026_Q1,WIPRO LIMITED,Withdrawn,H-1B,Techno Functional Consultant L2,Computer Systems Analysts,122839,II,OH,1
ACN,FY2026_Q1,Accenture LLP,Certified,H-1B,Custom Software Engineering Manager,Software Developers,163550,IV,TX,1
LTIM,FY2026_Q1,LTIMindtree Limited,Certified,H-1B,Computer Systems Analyst,Computer Systems Analysts,91874,II,FL,1
CTSH,FY2026_Q1,COGNIZANT TECHNOLOGY SOLUTIONS US CORP,Certified,H-1B,Manager JC50 - Computer Systems Engineers/Architects,Computer Systems Engineers/Architects,126256,III,NC,1
INFY,FY2026_Q1,INFOSYS LIMITED,Certified,H-1B,Technology Consultant 3,Computer Systems Engineers/Architects,181293,III,CA,1
CTSH,FY2026_Q1,COGNIZANT TECHNOLOGY SOLUTIONS US CORP,Certified,H-1B,Sr. Mgr. JC45 - Information Technology Project Managers,Information Technology Project Managers,140795,IV,NC,1
ACN,FY2026_Q1,Accenture LLP,Certified,H-1B,"Data Eng, Mgmt and Governance Manager",Computer Systems Analysts,165900,IV,GA,1
INFY,FY2026_Q1,INFOSYS LIMITED,Certified,H-1B,Technology Consultant 3,Computer Systems Engineers/Architects,118456,III,TX,1
INFY,FY2026_Q1,INFOSYS LIMITED,Certified,H-1B,Package Project Lead 1,Information Technology Project Managers,86403,II,CA,5
HCLTECH,FY2026_Q1,HCL GLOBAL SYSTEMS INC,Certified,H-1B,FULL STACK ENGINEER,Software Developers,134971,III,TX,1
INFY,FY2026_Q1,INFOSYS LIMITED,Certified,H-1B,Technology Consultant 2,Computer Systems Engineers/Architects,111550,II,WA,1
ACN,FY2026_Q1,Accenture LLP,Certified,H-1B,Tech Architecture Assoc Manager,Software Quality Assurance Analysts and Testers,146000,III,NJ,1
INFY,FY2026_Q1,INFOSYS LIMITED,Certified,H-1B,Technology Consultant 2,Computer Systems Engineers/Architects,94952,II,NC,1
INFY,FY2026_Q1,INFOSYS LIMITED,Certified,H-1B,Technology Consultant 1,Computer Systems Engineers/Architects,90605,II,TX,1
INFY,FY2026_Q1,INFOSYS LIMITED,Certified,H-1B,Technology Consultant 2,Computer Systems Engineers/Architects,139443,II,CA,1
CTSH,FY2026_Q1,COGNIZANT TECHNOLOGY SOLUTIONS US CORP,Certified,H-1B,Manager JC50 - Computer Systems Engineers/Architects,Computer Systems Engineers/Architects,107640,III,IL,1
CTSH,FY2026_Q1,COGNIZANT TECHNOLOGY SOLUTIONS US CORP,Certified,H-1B,Manager JC50 - Computer Systems Engineers/Architects,Computer Systems Engineers/Architects,108514,III,GA,1
HCLTECH,FY2026_Q1,HCL GLOBAL SYSTEMS INC,Certified,H-1B,SOFTWARE DEVELOPER,Software Developers,109283,II,AR,1
ACN,FY2026_Q1,Accenture LLP,Certified,H-1B,Sales Capture Senior Manager,Sales Managers,246459,IV,CA,1
ACN,FY2026_Q1,Accenture LLP,Certified,H-1B,Eng Digitization & PLM Specialist,Information Technology Project Managers,150000,II,TX,1
CTSH,FY2026_Q1,COGNIZANT TECHNOLOGY SOLUTIONS US CORP,Certified,H-1B,Senior Manager JC45 - Computer Systems Engineers/Architects,Computer Systems Engineers/Architects,143790,IV,CA,1
TCS,FY2026_Q1,TATA CONSULTANCY SERVICES LIMITED,Certified,H-1B,Developer,Computer Programmers,79602,II,NJ,1
CAP,FY2026_Q1,CAPGEMINI AMERICA INC,Certified,H-1B,Solution Architect 4,Software Developers,168645,IV,GA,1
INFY,FY2026_Q1,INFOSYS LIMITED,Certified,H-1B,Technology Consultant 2,Computer Systems Engineers/Architects,80974,II,TX,1
TCS,FY2026_Q1,TATA CONSULTANCY SERVICES LIMITED,Certified,H-1B,Architect,Computer Systems Engineers/Architects,94682,II,NJ,1
INFY,FY2026_Q1,INFOSYS LIMITED,Certified,H-1B,Technology Project Lead 1,Information Technology Project Managers,94682,II,NJ,1
CAP,FY2026_Q1,Capgemini America Inc,Certified,H-1B,Solution Architect 3,Software Developers,169250,III,GA,1
CTSH,FY2026_Q1,COGNIZANT TECHNOLOGY SOLUTIONS US CORP,Certified,H-1B,SA JC60 - Software Quality Assurance Analysts and Testers,Software Quality Assurance Analysts and Testers,108680,II,WA,1
CTSH,FY2026_Q1,COGNIZANT TECHNOLOGY SOLUTIONS US CORP,Certified,H-1B,Senior Associate JC60 - Information Security Analysts,Information Security Analysts,120286,II,NJ,1
INFY,FY2026_Q1,INFOSYS LIMITED,Certified,H-1B,Package Consultant 2,Computer Systems Engineers/Architects,92581,II,TX,1
MPHASIS,FY2026_Q1,Mphasis Corporation,Certified,H-1B,Software Engineer,Software Developers,125000,II,PA,1
INFY,FY2026_Q1,INFOSYS LIMITED,Certified,H-1B,Package Consultant 2,Computer Systems Engineers/Architects,94952,II,NC,1
CAP,FY2026_Q1,Capgemini America Inc,Certified,H-1B,Business Systems Analyst 3,Computer Systems Analysts,119392,III,NC,1
INFY,FY2026_Q1,INFOSYS LIMITED,Certified,H-1B,Technology Project Lead 1,Information Technology Project Managers,82846,II,IL,5
CAP,FY2026_Q1,Capgemini America Inc,Certified,H-1B,Applications Consultant 2,Software Developers,147936,II,MO,1
TCS,FY2026_Q1,TATA CONSULTANCY SERVICES LIMITED,Certified,H-1B,Developer,Computer Programmers,79602,II,NJ,1
CTSH,FY2026_Q1,COGNIZANT TECHNOLOGY SOLUTIONS US CORP,Certified,H-1B,Senior Manager JC45 - Computer Systems Engineers/Architects,Computer Systems Engineers/Architects,143790,IV,CA,1
MPHASIS,FY2026_Q1,Mphasis Corporation,Certified,H-1B,Software Engineer,Software Developers,125000,II,TX,1
ACN,FY2026_Q1,Accenture LLP,Certified,H-1B,Packaged App Development Assoc Manager,Information Technology Project Managers,128600,III,TX,1
TCS,FY2026_Q1,Tata Consultancy Services Limited,Certified,H-1B,Architect,Computer Systems Engineers/Architects,92581,II,TX,1
CTSH,FY2026_Q1,COGNIZANT TECHNOLOGY SOLUTIONS US CORP,Certified,H-1B,Manager JC50 - Computer Systems Engineers/Architects,Computer Systems Engineers/Architects,109533,III,OH,1
INFY,FY2026_Q1,INFOSYS LIMITED,Certified,H-1B,Technology Consultant 2,Computer Systems Engineers/Architects,111550,II,WA,1
ACN,FY2026_Q1,Accenture LLP,Certified,H-1B,Sales Capture Senior Manager,Sales Managers,260728,IV,CA,1
CTSH,FY2026_Q1,COGNIZANT TECHNOLOGY SOLUTIONS US CORP,Certified,H-1B,Manager JC50 - Computer Systems Engineers/Architects,Computer Systems Engineers/Architects,140837,III,VA,1
LTIM,FY2026_Q1,LTIMindtree Limited,Certified,H-1B,Senior Specialist - Software Engineering,Software Developers,147800,II,DE,1
HCLTECH,FY2026_Q1,HCL AMERICA INC,Certified,H-1B,Group Technical Architect,Computer Systems Engineers/Architects,180000,III,TX,1
INFY,FY2026_Q1,INFOSYS LIMITED,Certified,H-1B,Domain Project Lead 2,Project Management Specialists,110282,III,CT,1
CTSH,FY2026_Q1,COGNIZANT TECHNOLOGY SOLUTIONS US CORP,Certified,H-1B,Manager JC50 - Computer Systems Engineers/Architects,Computer Systems Engineers/Architects,118851,III,AZ,1
INFY,FY2026_Q1,INFOSYS LIMITED,Certified,H-1B,Technology Consultant 2,Computer Systems Engineers/Architects,80974,II,TX,5
INFY,FY2026_Q1,INFOSYS LIMITED,Certified,H-1B,Domain Consultant 2,Management Analysts,98946,II,IL,1
CTSH,FY2026_Q1,COGNIZANT TECHNOLOGY SOLUTIONS US CORP,Certified,H-1B,Manager JC50 - Computer Systems Engineers/Architects,Computer Systems Engineers/Architects,108514,III,GA,1
ACN,FY2026_Q1,Accenture LLP,Certified,H-1B,Bus & Technology Delivery Senior Manager,Computer and Information Systems Managers,173700,III,MO,1
INFY,FY2026_Q1,INFOSYS LIMITED,Certified,H-1B,Process Project Lead 1,Project Management Specialists,80142,II,TX,1
TECHM,FY2026_Q1,"TECH MAHINDRA (AMERICAS), INC",Certified,H-1B,Sales Manager,Sales Managers,178500,II,TX,1
CAP,FY2026_Q1,Capgemini America Inc,Certified,H-1B,Solution Architect 2,Software Developers,121691,II,PA,1
CAP,FY2026_Q1,Capgemini America Inc,Certified,H-1B,Solution Architect 2,Software Developers,121691,II,PA,1
INFY,FY2026_Q1,INFOSYS LIMITED,Certified,H-1B,Technology Consultant 2,Computer Systems Engineers/Architects,114795,II,CA,1
LTIM,FY2026_Q1,LTIMindtree Limited,Certified,H-1B,Information Technology Project Manager,Information Technology Project Managers,94682,II,NJ,1
INFY,FY2026_Q1,INFOSYS LIMITED,Certified,H-1B,Technology Consultant 2,Computer Systems Engineers/Architects,94682,II,NJ,5
INFY,FY2026_Q1,INFOSYS LIMITED,Certified,H-1B,Technology Consultant 1,Computer Systems Engineers/Architects,94682,II,NJ,1
CTSH,FY2026_Q1,COGNIZANT TECHNOLOGY SOLUTIONS US CORP,Certified,H-1B,Senior Associate JC60 -Computer Systems Engineers/Architects,Computer Systems Engineers/Architects,81765,II,CT,1
INFY,FY2026_Q1,INFOSYS LIMITED,Certified,H-1B,Package Consultant 2,Computer Systems Engineers/Architects,139443,II,CA,1
CTSH,FY2026_Q1,COGNIZANT TECHNOLOGY SOLUTIONS US CORP,Certified,H-1B,SA JC60 - Software Quality Assurance Analysts and Testers,Software Quality Assurance Analysts and Testers,78624,II,OH,1
INFY,FY2026_Q1,INFOSYS LIMITED,Certified,H-1B,Infrastructure Consultant 3,Web Administrators,76482,III,AR,5
INFY,FY2026_Q1,INFOSYS LIMITED,Certified,H-1B,Infrastructure Project Lead 1,Information Technology Project Managers,67038,II,NC,1
CTSH,FY2026_Q1,COGNIZANT TECHNOLOGY SOLUTIONS US CORP,Certified,H-1B,Manager JC50 - Computer Systems Engineers/Architects,Computer Systems Engineers/Architects,107640,III,IL,1
MPHASIS,FY2026_Q1,Mphasis Corporation ,Certified,H-1B,QA Test Engineer II,Software Quality Assurance Analysts and Testers,100000,II,PA,1
CAP,FY2026_Q1,Capgemini America Inc,Certified,H-1B,Software Engineer 2,Software Developers,130187,II,CA,1
INFY,FY2026_Q1,INFOSYS LIMITED,Certified,H-1B,Technology Project Lead 2,Information Technology Project Managers,108514,III,GA,5
INFY,FY2026_Q1,INFOSYS LIMITED,Certified,H-1B,Technology Project Lead 1,Information Technology Project Managers,94952,II,NC,1
LTIM,FY2026_Q1,LTIMindtree Limited,Certified,H-1B,Software Developer,Software Developers,105976,II,TX,1
TCS,FY2026_Q1,TATA CONSULTANCY SERVICES LIMITED,Certified,H-1B,User Interface Designer,Web and Digital Interface Designers,75920,II,NC,1
INFY,FY2026_Q1,INFOSYS LIMITED,Certified,H-1B,Technology Project Lead 1,Information Technology Project Managers,92581,II,TX,1
INFY,FY2026_Q1,INFOSYS LIMITED,Certified,H-1B,Technology Consultant 2,Computer Systems Engineers/Architects,118310,II,MD,5
ACN,FY2026_Q1,Accenture LLP,Certified,H-1B,Custom Software Engineering Assoc Mgr,Computer Systems Analysts,125400,III,TX,1
INFY,FY2026_Q1,INFOSYS LIMITED,Certified,H-1B,Technology Consultant 2,Computer Systems Engineers/Architects,86798,II,NC,5
TECHM,FY2026_Q1,"TECH MAHINDRA (AMERICAS), INC",Certified,H-1B,Software Architect,Software Developers,162620,II,PA,1
ACN,FY2026_Q1,Accenture LLP,Certified,H-1B,Packaged App Development Specialist,Computer Systems Analysts,100300,II,MN,1
LTIM,FY2026_Q1,LTIMindtree Limited,Certified,H-1B,Computer Systems Engineer/Architect,Computer Systems Engineers/Architects,62941,II,TN,1
INFY,FY2026_Q1,INFOSYS LIMITED,Certified,H-1B,Technology Project Lead 1,Information Technology Project Managers,114795,II,CA,1
CTSH,FY2026_Q1,COGNIZANT TECHNOLOGY SOLUTIONS US CORP,Certified,H-1B,Manager JC50 - Computer Systems Engineers/Architects,Computer Systems Engineers/Architects,118456,III,TX,1
ACN,FY2026_Q1,Accenture LLP,Certified,H-1B,Bus & Technology Delivery Senior Manager,Computer and Information Systems Managers,183851,III,GA,1
INFY,FY2026_Q1,INFOSYS LIMITED,Certified,H-1B,Infrastructure Project Lead 2,Information Technology Project Managers,107640,III,IL,1
ACN,FY2026_Q1,Accenture LLP,Certified,H-1B,Advanced App Engineering Assoc Manager,Computer Systems Analysts,140300,III,IL,1
INFY,FY2026_Q1,INFOSYS LIMITED,Certified,H-1B,Package Project Lead 2,Information Technology Project Managers,126256,III,NC,5
CTSH,FY2026_Q1,COGNIZANT TECHNOLOGY SOLUTIONS US CORP,Certified,H-1B,Mgr. JC50 - Software Quality Assurance Analysts and Testers,Software Quality Assurance Analysts and Testers,109616,III,VA,1
LTIM,FY2026_Q1,LTIMindtree Limited,Certified,H-1B,Software Developer,Software Developers,100547,II,OH,1
INFY,FY2026_Q1,INFOSYS LIMITED,Certified,H-1B,Technology Project Lead 1,Information Technology Project Managers,93538,II,AZ,1
CTSH,FY2026_Q1,COGNIZANT TECHNOLOGY SOLUTIONS US CORP,Certified,H-1B,Senior Manager JC45 - Computer Systems Engineers/Architects,Computer Systems Engineers/Architects,130083,IV,MN,1
CTSH,FY2026_Q1,COGNIZANT TECHNOLOGY SOLUTIONS US CORP,Certified,H-1B,Manager JC50 - Computer Systems Engineers/Architects,Computer Systems Engineers/Architects,99341,III,OH,1
CTSH,FY2026_Q1,COGNIZANT TECHNOLOGY SOLUTIONS US CORP,Certified,H-1B,Senior Manager JC45 - Software Developers,Software Developers,152131,IV,GA,1
INFY,FY2026_Q1,INFOSYS LIMITED,Certified,H-1B,Architecture Consultant 3,Computer Systems Engineers/Architects,122866,III,CO,5
CAP,FY2026_Q1,CAPGEMINI AMERICA INC,Certified,H-1B,Business Analyst 2,Management Analysts,90000,II,TX,1
ACN,FY2026_Q1,Accenture LLP,Certified,H-1B,Custom Software Engineering Manager,Computer Systems Analysts,152600,IV,TX,1
INFY,FY2026_Q1,INFOSYS LIMITED,Certified,H-1B,Package Project Lead 1,Information Technology Project Managers,86798,II,NC,1
CTSH,FY2026_Q1,COGNIZANT TECHNOLOGY SOLUTIONS US CORP,Certified,H-1B,Senior Manager JC45 - Data Scientists,Data Scientists,141773,IV,TX,1
ACN,FY2026_Q1,Accenture LLP,Certified,H-1B,Custom Software Engineering Manager,Software Quality Assurance Analysts and Testers,144000,IV,GA,1
INFY,FY2026_Q1,INFOSYS LIMITED,Certified,H-1B,Package Project Lead 2,Information Technology Project Managers,181293,III,CA,1
INFY,FY2026_Q1,INFOSYS LIMITED,Certified,H-1B,Technology Project Lead 2,Information Technology Project Managers,99798,III,NE,5
INFY,FY2026_Q1,INFOSYS LIMITED,Certified,H-1B,Technology Consultant 2,Computer Systems Engineers/Architects,90605,II,TX,5
ACN,FY2026_Q1,Accenture LLP,Certified,H-1B,Business Architecture Manager,Management Analysts,166800,IV,OH,1
LTIM,FY2026_Q1,LTIMindtree Limited,Certified,H-1B,Information Technology Project Manager,Information Technology Project Managers,87755,III,FL,1
ACN,FY2026_Q1,Accenture LLP,Certified,H-1B,Business Architecture Manager,Computer Systems Analysts,188200,IV,NY,1
ACN,FY2026_Q1,Accenture LLP,Certified,H-1B,Packaged App Development Assoc Manager,Computer Programmers,137000,III,MA,1
INFY,FY2026_Q1,INFOSYS LIMITED,Certified,H-1B,Technology Project Lead 2,Information Technology Project Managers,119933,III,TX,5
CTSH,FY2026_Q1,COGNIZANT TECHNOLOGY SOLUTIONS US CORP,Certified,H-1B,Mgr. JC50 - Software Quality Assurance Analysts and Testers,Software Quality Assurance Analysts and Testers,94994,III,FL,1
TCS,FY2026_Q1,TATA CONSULTANCY SERVICES LIMITED,Certified,H-1B,Developer,Computer Programmers,76835,II,IL,1
ACN,FY2026_Q1,Accenture LLP,Certified,H-1B,Delivery Lead Senior Manager,Computer Systems Analysts,203700,IV,WA,1
CTSH,FY2026_Q1,COGNIZANT TECHNOLOGY SOLUTIONS US CORP,Certified,H-1B,Manager JC50 - Computer Systems Engineers/Architects,Computer Systems Engineers/Architects,101296,III,CA,1
ACN,FY2026_Q1,Accenture LLP,Certified,H-1B,Packaged App Development Assoc Manager,Computer Systems Analysts,119392,III,NC,1
ACN,FY2026_Q1,Accenture LLP,Certified,H-1B,Eng Digitization & PLM Specialist,Information Technology Project Managers,150000,II,CA,1
INFY,FY2026_Q1,INFOSYS LIMITED,Certified,H-1B,Technology Consultant 2,Computer Systems Engineers/Architects,92581,II,TX,1
ACN,FY2026_Q1,Accenture LLP,Certified,H-1B,Business Architecture Manager,Computer Systems Analysts,167400,IV,TX,1
INFY,FY2026_Q1,INFOSYS LIMITED,Certified,H-1B,Technology Consultant 2,Computer Systems Engineers/Architects,92581,II,TX,1
TCS,FY2026_Q1,TATA CONSULTANCY SERVICES LIMITED,Certified,H-1B,Architect,Computer Systems Engineers/Architects,86403,II,CA,1
MPHASIS,FY2026_Q1,Mphasis Corporation,Certified,H-1B,Software Engineer,Computer Programmers,145000,II,VA,1
MPHASIS,FY2026_Q1,Mphasis Corporation ,Certified,H-1B,Software Programmer II,Computer Programmers,106683,II,CO,1
CTSH,FY2026_Q1,COGNIZANT TECHNOLOGY SOLUTIONS US CORP,Certified,H-1B,Manager JC50 - Computer Systems Engineers/Architects,Computer Systems Engineers/Architects,118851,III,AZ,1
CTSH,FY2026_Q1,COGNIZANT TECHNOLOGY SOLUTIONS US CORP,Certified,H-1B,Senior Manager JC45 - Computer Systems Engineers/Architects,Computer Systems Engineers/Architects,130083,IV,MN,1
CTSH,FY2026_Q1,COGNIZANT TECHNOLOGY SOLUTIONS US CORP,Certified,H-1B,Manager JC50 - Computer Systems Engineers/Architects,Computer Systems Engineers/Architects,108514,III,GA,1
ACN,FY2026_Q1,Accenture LLP,Certified,H-1B,Packaged App Development Sr Manager,Computer Systems Analysts,185100,IV,OR,1
CAP,FY2026_Q1,Capgemini America Inc,Certified,H-1B,Infrastructure Consultant 3,Computer Systems Analysts,120500,III,TX,1
CTSH,FY2026_Q1,COGNIZANT TECHNOLOGY SOLUTIONS US CORP,Certified,H-1B,Manager JC50 - Computer Systems Engineers/Architects,Computer Systems Engineers/Architects,118456,III,TX,1
ACN,FY2026_Q1,Accenture LLP,Certified,H-1B,Tech Architecture Assoc Manager,Computer Systems Analysts,145600,III,TX,1
IBM,FY2026_Q1,IBM Corporation,Certified,H-1B,Technical Lead,Computer Systems Analysts,113901,III,FL,1
CAP,FY2026_Q1,Capgemini America Inc,Certified,H-1B,Solution Architect 3,Software Developers,169250,III,GA,1
TCS,FY2026_Q1,Tata Consultancy Services Limited,Certified,H-1B,Designer,Computer Systems Analysts,88026,II,TX,1
INFY,FY2026_Q1,INFOSYS LIMITED,Certified,H-1B,Domain Consultant 2,Management Analysts,80475,II,IN,5
TCS,FY2026_Q1,TATA CONSULTANCY SERVICES LIMITED,Certified,H-1B,Developer,Computer Programmers,77022,II,OH,1
CTSH,FY2026_Q1,COGNIZANT TECHNOLOGY SOLUTIONS US CORP,Certified,H-1B,SA JC60 - Software Quality Assurance Analysts and Testers,Software Quality Assurance Analysts and Testers,108680,II,WA,1
TCS,FY2026_Q1,TATA CONSULTANCY SERVICES LIMITED,Certified,H-1B,Developer,Computer Programmers,90418,II,MN,1
ACN,FY2026_Q1,Accenture LLP,Certified,H-1B,Packaged App Development Assoc Manager,Computer Systems Analysts,128600,III,TX,1
ACN,FY2026_Q1,Accenture LLP,Certified,H-1B,Custom Software Engineering Assoc Mgr,Computer Programmers,134400,III,MI,1
WIT,FY2026_Q1,WIPRO LIMITED,Certified,H-1B,Technical Lead L1,Computer Programmers,107432,II,TN,1
TCS,FY2026_Q1,TATA CONSULTANCY SERVICES LIMITED,Certified,H-1B,Architect,Computer Systems Engineers/Architects,82846,II,IL,1
LTIM,FY2026_Q1,LTIMindtree Limited,Certified,H-1B,Software Developers,Software Developers,112924,II,TX,1
WIT,FY2026_Q1,WIPRO LIMITED,Certified,H-1B,Principal Tech & Impl Cons L1,Computer Systems Analysts,96200,II,TX,1
CTSH,FY2026_Q1,COGNIZANT TECHNOLOGY SOLUTIONS US CORP,Certified,H-1B,SA JC60 - Software Quality Assurance Analysts and Testers,Software Quality Assurance Analysts and Testers,84178,II,CT,1
INFY,FY2026_Q1,INFOSYS LIMITED,Certified,H-1B,Technology Project Lead 1,Information Technology Project Managers,104666,II,MD,5
HCLTECH,FY2026_Q1,HCL GLOBAL SYSTEMS INC,Certified,H-1B,SOFTWARE DEVELOPER,Software Developers,83325,II,AR,1
INFY,FY2026_Q1,INFOSYS LIMITED,Certified,H-1B,Technology Consultant 2,Computer Systems Engineers/Architects,81765,II,CT,1
CTSH,FY2026_Q1,COGNIZANT TECHNOLOGY SOLUTIONS US CORP,Certified,H-1B,Senior Manager JC45 - Data Scientists,Data Scientists,141773,IV,TX,1
LTIM,FY2026_Q1,LTIMindtree Limited,Certified,H-1B,Computer Systems Engineers/Architects,Computer Systems Engineers/Architects,86799,II,NC,1
INFY,FY2026_Q1,INFOSYS LIMITED,Certified,H-1B,Package Project Lead 1,Information Technology Project Managers,81765,II,CT,5
CAP,FY2026_Q1,Capgemini America Inc,Certified,H-1B,Solution Architect 3,Software Developers,171523,III,NJ,1
INFY,FY2026_Q1,INFOSYS LIMITED,Certified,H-1B,Process Consultant 2,Management Analysts,89024,II,TX,1
INFY,FY2026_Q1,INFOSYS LIMITED,Certified,H-1B,Technology Consultant 2,Computer Systems Engineers/Architects,92394,II,PA,1
CTSH,FY2026_Q1,COGNIZANT TECHNOLOGY SOLUTIONS US CORP,Certified,H-1B,Manager JC50 - Computer Systems Engineers/Architects,Computer Systems Engineers/Architects,108514,III,GA,1
CTSH,FY2026_Q1,COGNIZANT TECHNOLOGY SOLUTIONS US CORP,Certified,H-1B,Manager JC50 - Computer Systems Engineers/Architects,Computer Systems Engineers/Architects,101296,III,CA,1
CTSH,FY2026_Q1,COGNIZANT TECHNOLOGY SOLUTIONS US CORP,Certified,H-1B,Senior Associate JC60 -Computer Systems Engineers/Architects,Computer Systems Engineers/Architects,81765,II,CT,1
CTSH,FY2026_Q1,COGNIZANT TECHNOLOGY SOLUTIONS US CORP,Certified,H-1B,Sr. Mgr. JC45 - Information Technology Project Managers,Information Technology Project Managers,140795,IV,NC,1
WIT,FY2026_Q1,WIPRO LIMITED,Certified,H-1B,Account Delivery Head (ADH) L2,General and Operations Managers,170539,III,CO,1
CAP,FY2026_Q1,Capgemini America Inc,Certified,H-1B,Test Consultant 3,Software Quality Assurance Analysts and Testers,123053,III,GA,1
WIT,FY2026_Q1,WIPRO LIMITED,Certified,H-1B,Techno Functional Consultant L2,Computer Systems Analysts,103917,II,NJ,1
INFY,FY2026_Q1,INFOSYS LIMITED,Certified,H-1B,Technology Consultant 2,Computer Systems Engineers/Architects,88421,II,CA,1
HCLTECH,FY2026_Q1,HCL AMERICA INC,Certified,H-1B,Senior Technical Manager,Information Technology Project Managers,103875,III,WI,1
INFY,FY2026_Q1,INFOSYS LIMITED,Certified,H-1B,Package Consultant 2,Computer Systems Engineers/Architects,80974,II,TX,5
INFY,FY2026_Q1,INFOSYS LIMITED,Certified,H-1B,Technology Project Lead 1,Information Technology Project Managers,92581,II,TX,1
CTSH,FY2026_Q1,COGNIZANT TECHNOLOGY SOLUTIONS US CORP,Certified,H-1B,Senior Associate JC60 -Computer Systems Engineers/Architects,Computer Systems Engineers/Architects,76606,II,OH,1
CTSH,FY2026_Q1,COGNIZANT TECHNOLOGY SOLUTIONS US CORP,Certified,H-1B,SA JC60 - Software Quality Assurance Analysts and Testers,Software Quality Assurance Analysts and Testers,84178,II,CT,1
INFY,FY2026_Q1,INFOSYS LIMITED,Certified,H-1B,Technology Consultant 2,Computer Systems Engineers/Architects,81765,II,CT,1
INFY,FY2026_Q1,INFOSYS LIMITED,Certified,H-1B,Package Consultant 3,Computer Systems Analysts,120141,III,TX,1
CTSH,FY2026_Q1,COGNIZANT TECHNOLOGY SOLUTIONS US CORP,Certified,H-1B,Senior Associate JC60 - Information Security Analysts,Information Security Analysts,120286,II,NJ,1
LTIM,FY2026_Q1,LTIMindtree Limited,Certified,H-1B,Information Technology Project Managers,Information Technology Project Managers,94683,II,NJ,1
LTIM,FY2026_Q1,LTIMindtree Limited,Certified,H-1B,Computer Systems Analyst,Computer Systems Analysts,98926,II,TX,1
INFY,FY2026_Q1,INFOSYS LIMITED,Certified,H-1B,Package Project Lead 2,Information Technology Project Managers,100090,III,IN,5
CAP,FY2026_Q1,Capgemini America Inc,Certified,H-1B,Applications Consultant 3,Software Developers,131602,III,PA,1
CTSH,FY2026_Q1,COGNIZANT TECHNOLOGY SOLUTIONS US CORP,Certified,H-1B,SA JC60 - Software Quality Assurance Analysts and Testers,Software Quality Assurance Analysts and Testers,92310,II,NC,1
LTIM,FY2026_Q1,LTIMindtree Limited,Certified,H-1B,Computer Systems Engineer/Architect,Computer Systems Engineers/Architects,69618,II,NC,1
INFY,FY2026_Q1,INFOSYS LIMITED,Certified,H-1B,Technology Consultant 2,Computer Systems Engineers/Architects,62837,II,TN,5
CTSH,FY2026_Q1,COGNIZANT TECHNOLOGY SOLUTIONS US CORP,Certified,H-1B,Manager JC50 - Computer Systems Engineers/Architects,Computer Systems Engineers/Architects,107640,III,IL,1
LTIM,FY2026_Q1,LTIMindtree Limited,Certified,H-1B,Software Developer,Software Developers,84906,II,PA,1
LTIM,FY2026_Q1,LTIMindtree Limited,Certified,H-1B,Senior Specialist - Architecture,Computer Programmers,150000,II,CA,1
G,FY2026_Q1,Genpact LLC,Certified,E-3 Australian,Vice President,Operations Research Analysts,215250,IV,IL,1
CTSH,FY2026_Q1,COGNIZANT TECHNOLOGY SOLUTIONS US CORP,Certified,H-1B,Manager JC50 - Computer Systems Engineers/Architects,Computer Systems Engineers/Architects,118456,III,TX,1
INFY,FY2026_Q1,INFOSYS LIMITED,Certified,H-1B,Principal - Business Consulting,Management Analysts,156645,IV,NJ,1
INFY,FY2026_Q1,INFOSYS LIMITED,Certified,H-1B,Package Project Lead 1,Information Technology Project Managers,92581,II,TX,1
CTSH,FY2026_Q1,COGNIZANT TECHNOLOGY SOLUTIONS US CORP,Certified,H-1B,Senior Manager JC45 - Computer Systems Engineers/Architects,Computer Systems Engineers/Architects,130562,IV,GA,1
CTSH,FY2026_Q1,COGNIZANT TECHNOLOGY SOLUTIONS US CORP,Certified,H-1B,Senior Associate JC60 -Computer Systems Engineers/Architects,Computer Systems Engineers/Architects,92394,II,PA,1
CTSH,FY2026_Q1,COGNIZANT TECHNOLOGY SOLUTIONS US CORP,Certified,H-1B,Senior Manager JC45 - Computer Systems Engineers/Architects,Computer Systems Engineers/Architects,126339,IV,CT,1
CTSH,FY2026_Q1,COGNIZANT TECHNOLOGY SOLUTIONS US CORP,Certified,H-1B,Manager JC50 - Computer Systems Engineers/Architects,Computer Systems Engineers/Architects,126818,III,NJ,1
G,FY2026_Q1,Genpact LLC,Certified,H-1B,Assistant Manager,Data Scientists,121040,II,CA,1
CTSH,FY2026_Q1,COGNIZANT TECHNOLOGY SOLUTIONS US CORP,Certified,H-1B,Manager JC50 - Computer Systems Engineers/Architects,Computer Systems Engineers/Architects,104062,III,CT,1
CTSH,FY2026_Q1,COGNIZANT TECHNOLOGY SOLUTIONS US CORP,Certified,H-1B,Manager JC50 - Computer Systems Engineers/Architects,Computer Systems Engineers/Architects,115835,III,CA,1
CTSH,FY2026_Q1,COGNIZANT TECHNOLOGY SOLUTIONS US CORP,Certified,H-1B,Manager JC50 - Computer Systems Engineers/Architects,Computer Systems Engineers/Architects,118456,III,TX,1
CTSH,FY2026_Q1,COGNIZANT TECHNOLOGY SOLUTIONS US CORP,Certified,H-1B,Senior Manager JC45 - Computer Systems Engineers/Architects,Computer Systems Engineers/Architects,149240,IV,TX,1
CTSH,FY2026_Q1,COGNIZANT TECHNOLOGY SOLUTIONS US CORP,Certified,H-1B,Manager JC50 - Computer Systems Engineers/Architects,Computer Systems Engineers/Architects,115835,III,CA,1
INFY,FY2026_Q1,INFOSYS LIMITED,Certified,H-1B,Domain Project Lead 2,Project Management Specialists,99736,III,TX,1
INFY,FY2026_Q1,INFOSYS LIMITED,Certified,H-1B,Technology Project Lead 2,Information Technology Project Managers,107640,III,IL,1
MPHASIS,FY2026_Q1,Mphasis Corporation,Certified,H-1B,Software Engineer,Computer Programmers,122000,II,TX,1
TCS,FY2026_Q1,Tata Consultancy Services Limited,Certified,H-1B,Architect,Computer Systems Engineers/Architects,69805,II,KY,1
CTSH,FY2026_Q1,COGNIZANT TECHNOLOGY SOLUTIONS US CORP,Certified,H-1B,Manager JC50 - Computer Systems Engineers/Architects,Computer Systems Engineers/Architects,107640,III,IL,1
HCLTECH,FY2026_Q1,HCL GLOBAL SYSTEMS INC,Certified,H-1B,DATABASE ADMINISTRATOR,Database Administrators,93371,III,MI,1
CTSH,FY2026_Q1,COGNIZANT TECHNOLOGY SOLUTIONS US CORP,Certified,H-1B,Manager JC50 - Computer Systems Engineers/Architects,Computer Systems Engineers/Architects,118456,III,TX,1
TCS,FY2026_Q1,TATA CONSULTANCY SERVICES LIMITED,Certified,H-1B,System Administrator,Network and Computer Systems Administrators,76565,II,IN,1
TCS,FY2026_Q1,TATA CONSULTANCY SERVICES LIMITED,Certified,H-1B,Architect,Computer Systems Engineers/Architects,85488,II,VA,1
CTSH,FY2026_Q1,COGNIZANT TECHNOLOGY SOLUTIONS US CORP,Certified,H-1B,Senior Associate JC60 -Computer Systems Engineers/Architects,Computer Systems Engineers/Architects,93538,II,AZ,1
HCLTECH,FY2026_Q1,HCL AMERICA INC,Certified,H-1B,Project Manager,Information Technology Project Managers,122283,III,TX,1
INFY,FY2026_Q1,INFOSYS LIMITED,Certified,H-1B,Package Consultant 2,Computer Systems Engineers/Architects,69451,II,WI,5
TCS,FY2026_Q1,TATA CONSULTANCY SERVICES LIMITED,Certified,H-1B,Analyst,Computer Systems Analysts,92248,II,TX,1
INFY,FY2026_Q1,INFOSYS LIMITED,Certified,H-1B,Package Consultant 1,Computer Systems Engineers/Architects,92581,II,TX,1
CTSH,FY2026_Q1,COGNIZANT TECHNOLOGY SOLUTIONS US CORP,Certified,H-1B,Senior Manager JC45 - Computer Systems Engineers/Architects,Computer Systems Engineers/Architects,130562,IV,GA,1
CTSH,FY2026_Q1,COGNIZANT TECHNOLOGY SOLUTIONS US CORP,Certified,H-1B,Manager JC50 - Computer Systems Engineers/Architects,Computer Systems Engineers/Architects,104062,III,CT,1
TCS,FY2026_Q1,Tata Consultancy Services Limited,Certified,H-1B,Developer,Computer Programmers,79435,II,FL,1
LTIM,FY2026_Q1,LTIMindtree Limited,Certified,H-1B,Software Quality Assurance Analyst and Tester,Software Quality Assurance Analysts and Testers,102086,II,NJ,1
TCS,FY2026_Q1,Tata Consultancy Services Limited,Certified,H-1B,Architect,Computer Systems Engineers/Architects,76253,II,RI,1
CTSH,FY2026_Q1,COGNIZANT TECHNOLOGY SOLUTIONS US CORP,Certified,H-1B,Senior Manager JC45 - Human Resources Specialists,Human Resources Specialists,71448,IV,TX,1
CTSH,FY2026_Q1,COGNIZANT TECHNOLOGY SOLUTIONS US CORP,Certified,H-1B,Manager JC50 - Computer Systems Engineers/Architects,Computer Systems Engineers/Architects,115627,III,MA,1
INFY,FY2026_Q1,INFOSYS LIMITED,Certified,H-1B,Technology Project Lead 2,Information Technology Project Managers,118456,III,TX,1
INFY,FY2026_Q1,INFOSYS LIMITED,Certified,H-1B,Technology Consultant 2,Computer Systems Engineers/Architects,90210,II,MN,5
CTSH,FY2026_Q1,COGNIZANT TECHNOLOGY SOLUTIONS US CORP,Certified,H-1B,Manager JC50 - Computer Systems Engineers/Architects,Computer Systems Engineers/Architects,101941,III,NC,1
INFY,FY2026_Q1,INFOSYS LIMITED,Certified,H-1B,Technology Consultant 2,Computer Systems Engineers/Architects,139443,II,CA,1
INFY,FY2026_Q1,INFOSYS LIMITED,Certified,H-1B,Domain Consultant 2,Management Analysts,98946,II,IL,1
INFY,FY2026_Q1,INFOSYS LIMITED,Certified,H-1B,Principal Consultant - Analytics Consulting,Management Analysts,172453,IV,CA,5
LTIM,FY2026_Q1,LTIMindtree Limited,Certified,H-1B,Senior Specialist - System Management,Software Developers,109283,II,GA,1
INFY,FY2026_Q1,INFOSYS LIMITED,Certified,H-1B,Technology Project Lead 1,Information Technology Project Managers,92581,II,TX,1
CTSH,FY2026_Q1,COGNIZANT TECHNOLOGY SOLUTIONS US CORP,Certified,H-1B,SA JC60 - Software Quality Assurance Analysts and Testers,Software Quality Assurance Analysts and Testers,84178,II,CT,1
CTSH,FY2026_Q1,COGNIZANT TECHNOLOGY SOLUTIONS US CORP,Certified,H-1B,Manager JC50 - Computer Systems Engineers/Architects,Computer Systems Engineers/Architects,150405,III,CA,1
INFY,FY2026_Q1,INFOSYS LIMITED,Certified,H-1B,Package Project Lead 2,Information Technology Project Managers,118456,III,TX,5
CTSH,FY2026_Q1,COGNIZANT TECHNOLOGY SOLUTIONS US CORP,Certified,H-1B,Manager JC50 - Computer Systems Engineers/Architects,Computer Systems Engineers/Architects,111030,III,VA,1
INFY,FY2026_Q1,INFOSYS LIMITED,Certified,H-1B,Domain Consultant 2,Management Analysts,88130,II,TX,1
INFY,FY2026_Q1,INFOSYS LIMITED,Certified,H-1B,Infrastructure Consultant 2,Network and Computer Systems Administrators,86965,II,TX,5
CTSH,FY2026_Q1,COGNIZANT TECHNOLOGY SOLUTIONS US CORP,Certified,H-1B,Sr Mgr JC45-Software Quality Assurance Analysts and Testers,Software Quality Assurance Analysts and Testers,138320,IV,OR,1
INFY,FY2026_Q1,INFOSYS LIMITED,Certified,H-1B,Technology Project Lead 1,Information Technology Project Managers,94682,II,NJ,1
LTIM,FY2026_Q1,LTIMindtree Limited,Certified,H-1B,Software Developer,Software Developers,105977,II,TX,1
LTIM,FY2026_Q1,LTIMindtree Limited,Certified,H-1B,Software Developers,Software Developers,112924,II,TX,1
WIT,FY2026_Q1,WIPRO LIMITED,Certified,H-1B,Techno Functional Consultant L2,Computer Systems Analysts,135000,II,TX,1
TCS,FY2026_Q1,TATA CONSULTANCY SERVICES LIMITED,Certified,H-1B,Architect,Computer Systems Engineers/Architects,76482,III,AR,1
HCLTECH,FY2026_Q1,HCL AMERICA INC,Certified,H-1B,Track Manager(Support & Operations),Information Technology Project Managers,92581,II,TX,1
INFY,FY2026_Q1,INFOSYS LIMITED,Certified,H-1B,Technology Consultant 2,Computer Systems Engineers/Architects,60403,II,FL,5
CTSH,FY2026_Q1,COGNIZANT TECHNOLOGY SOLUTIONS US CORP,Certified,H-1B,Senior Associate JC60 -Computer Systems Engineers/Architects,Computer Systems Engineers/Architects,94266,II,OH,1
INFY,FY2026_Q1,INFOSYS LIMITED,Certified,H-1B,Technology Project Lead 1,Information Technology Project Managers,89773,II,NJ,5
CAP,FY2026_Q1,CAPGEMINI AMERICA INC,Certified,H-1B,Test Consultant 2,Software Quality Assurance Analysts and Testers,140000,II,MO,1
MPHASIS,FY2026_Q1,Mphasis Corporation,Certified,E-3 Australian,Software Engineer,Computer Programmers,160000,II,NC,1
INFY,FY2026_Q1,INFOSYS LIMITED,Certified,H-1B,Technology Consultant 2,Computer Systems Engineers/Architects,86403,II,CA,5
LTIM,FY2026_Q1,LTIMindtree Limited,Certified,H-1B,Senior Principal “ Service Design,Software Developers,200001,III,VA,1
MPHASIS,FY2026_Q1,Mphasis Corporation,Certified,H-1B,Project Manager,Information Technology Project Managers,130000,II,TX,1
CTSH,FY2026_Q1,COGNIZANT TECHNOLOGY SOLUTIONS US CORP,Certified,H-1B,Manager JC50 - Computer Systems Engineers/Architects,Computer Systems Engineers/Architects,86403,III,WI,1
LTIM,FY2026_Q1,LTIMindtree Limited,Certified,H-1B,Software Developers,Software Developers,100798,II,FL,1
TCS,FY2026_Q1,TATA CONSULTANCY SERVICES LIMITED,Certified,H-1B,Architect,Computer Systems Engineers/Architects,70970,II,NY,1
TCS,FY2026_Q1,TATA CONSULTANCY SERVICES LIMITED,Certified,H-1B,Developer,Computer Programmers,76835,II,IL,1
CTSH,FY2026_Q1,COGNIZANT TECHNOLOGY SOLUTIONS US CORP,Certified,H-1B,Manager JC50 - Computer Systems Engineers/Architects,Computer Systems Engineers/Architects,126818,III,NJ,1
INFY,FY2026_Q1,INFOSYS LIMITED,Certified,H-1B,Domain Consultant 2,Management Analysts,75525,II,IN,1
INFY,FY2026_Q1,INFOSYS LIMITED,Certified,H-1B,Technology Consultant 2,Computer Systems Engineers/Architects,139443,II,CA,1
CTSH,FY2026_Q1,COGNIZANT TECHNOLOGY SOLUTIONS US CORP,Certified,H-1B,Senior Manager JC45 - Computer Systems Engineers/Architects,Computer Systems Engineers/Architects,106558,IV,NY,1
CTSH,FY2026_Q1,COGNIZANT TECHNOLOGY SOLUTIONS US CORP,Certified,H-1B,Manager JC50 - Information Technology Project Managers,Information Technology Project Managers,100090,III,IN,1
INFY,FY2026_Q1,INFOSYS LIMITED,Certified,H-1B,Technology Consultant 2,Computer Systems Engineers/Architects,139443,II,CA,1
INFY,FY2026_Q1,INFOSYS LIMITED,Certified,H-1B,Technology Project Lead 1,Information Technology Project Managers,92581,II,TX,5
CTSH,FY2026_Q1,COGNIZANT TECHNOLOGY SOLUTIONS US CORP,Certified,H-1B,Manager JC50 - Computer Systems Engineers/Architects,Computer Systems Engineers/Architects,101941,III,NC,1
LTIM,FY2026_Q1,LTIMindtree Limited,Certified,H-1B,Associate Vice President,Sales Engineers,182208,IV,NJ,1
ACN,FY2026_Q1,Accenture LLP,Certified,H-1B,Packaged App Development Manager,Computer Systems Analysts,158100,IV,CT,1
CTSH,FY2026_Q1,COGNIZANT TECHNOLOGY SOLUTIONS US CORP,Certified,H-1B,Manager JC50 - Computer Systems Engineers/Architects,Computer Systems Engineers/Architects,110094,III,FL,1
INFY,FY2026_Q1,INFOSYS LIMITED,Certified,H-1B,Package Consultant 2,Computer Systems Engineers/Architects,86798,II,NC,5
DXC,FY2026_Q1,"AvidXchange, Inc.",Certified,H-1B,UI Engineer II,Software Developers,132000,,NC,1
WIT,FY2026_Q1,WIPRO LIMITED,Certified,H-1B,Technical Lead L1,Computer Programmers,110000,II,FL,1
CTSH,FY2026_Q1,COGNIZANT TECHNOLOGY SOLUTIONS US CORP,Certified,H-1B,Senior Manager JC45 - Computer Systems Engineers/Architects,Computer Systems Engineers/Architects,158974,IV,NJ,1
CTSH,FY2026_Q1,COGNIZANT TECHNOLOGY SOLUTIONS US CORP,Certified,H-1B,Senior Associate JC60 -Computer Systems Engineers/Architects,Computer Systems Engineers/Architects,69451,II,WI,1
INFY,FY2026_Q1,INFOSYS LIMITED,Certified,H-1B,Package Consultant 2,Computer Systems Engineers/Architects,81765,II,CT,5
TCS,FY2026_Q1,TATA CONSULTANCY SERVICES LIMITED,Certified,H-1B,Analyst,Computer Systems Analysts,88317,II,OH,1
INFY,FY2026_Q1,INFOSYS LIMITED,Certified,H-1B,Technology Consultant 2,Computer Systems Engineers/Architects,82846,II,IL,5
CTSH,FY2026_Q1,COGNIZANT TECHNOLOGY SOLUTIONS US CORP,Certified,H-1B,Senior Manager JC45 - Software Developers,Software Developers,152131,IV,GA,1
CTSH,FY2026_Q1,COGNIZANT TECHNOLOGY SOLUTIONS US CORP,Certified,H-1B,Sr Mgr JC45-Software Quality Assurance Analysts and Testers,Software Quality Assurance Analysts and Testers,121389,IV,IL,1
TCS,FY2026_Q1,TATA CONSULTANCY SERVICES LIMITED,Certified,H-1B,Architect,Computer Systems Engineers/Architects,94952,II,NC,1
ACN,FY2026_Q1,Accenture LLP,Certified,H-1B,Packaged App Development Manager,Computer Systems Analysts,140200,IV,GA,1
LTIM,FY2026_Q1,LTIMindtree Limited,Certified,H-1B,Computer Programmer,Computer Programmers,95514,II,CT,1
CTSH,FY2026_Q1,COGNIZANT TECHNOLOGY SOLUTIONS US CORP,Certified,H-1B,Manager JC50 - Computer Systems Engineers/Architects,Computer Systems Engineers/Architects,126818,III,NJ,1
CAP,FY2026_Q1,Capgemini America Inc,Certified,H-1B,Business Systems Analyst 3,Computer Systems Analysts,112029,III,GA,1
INFY,FY2026_Q1,INFOSYS LIMITED,Certified,H-1B,Technology Consultant 2,Computer Systems Engineers/Architects,94682,II,NY,5
INFY,FY2026_Q1,INFOSYS LIMITED,Certified,H-1B,Infrastructure Consultant 2,Database Administrators,90189,II,CA,5
CTSH,FY2026_Q1,COGNIZANT TECHNOLOGY SOLUTIONS US CORP,Certified,H-1B,Sr Mgr JC45-Software Quality Assurance Analysts and Testers,Software Quality Assurance Analysts and Testers,132142,IV,NC,1
INFY,FY2026_Q1,INFOSYS LIMITED,Certified,H-1B,Technology Consultant 1,Computer Systems Engineers/Architects,81765,II,CT,1
CTSH,FY2026_Q1,COGNIZANT TECHNOLOGY SOLUTIONS US CORP,Certified,H-1B,Sr Mgr JC45-Software Quality Assurance Analysts and Testers,Software Quality Assurance Analysts and Testers,120411,IV,MI,1
CTSH,FY2026_Q1,COGNIZANT TECHNOLOGY SOLUTIONS US CORP,Certified,H-1B,Sr Mgr JC45-Software Quality Assurance Analysts and Testers,Software Quality Assurance Analysts and Testers,120411,IV,MI,1
CTSH,FY2026_Q1,COGNIZANT TECHNOLOGY SOLUTIONS US CORP,Certified,H-1B,Senior Manager JC45 - Computer Systems Engineers/Architects,Computer Systems Engineers/Architects,126339,IV,CT,1
INFY,FY2026_Q1,INFOSYS LIMITED,Certified,H-1B,Package Project Lead 2,Information Technology Project Managers,118456,III,TX,1
CAP,FY2026_Q1,CAPGEMINI AMERICA INC,Certified,H-1B,Solution Architect 2,Software Developers,127900,II,OR,1
TCS,FY2026_Q1,TATA CONSULTANCY SERVICES LIMITED,Certified,H-1B,Architect,Computer Systems Engineers/Architects,86403,II,CA,1
CTSH,FY2026_Q1,COGNIZANT TECHNOLOGY SOLUTIONS US CORP,Certified,H-1B,Manager JC50 - Computer Systems Engineers/Architects,Computer Systems Engineers/Architects,113797,III,NC,1
INFY,FY2026_Q1,INFOSYS LIMITED,Certified,H-1B,Package Project Lead 2,Information Technology Project Managers,139298,III,WA,5
TCS,FY2026_Q1,Tata Consultancy Services Limited,Certified,H-1B,Database Administrator,Database Administrators,87381,II,TX,1
HCLTECH,FY2026_Q1,HCL AMERICA INC,Certified,E-3 Australian,Sales Engineers - IV,Sales Engineers,220000,IV,CA,1
CTSH,FY2026_Q1,COGNIZANT TECHNOLOGY SOLUTIONS US CORP,Certified,H-1B,Senior Manager JC45 - Computer Systems Engineers/Architects,Computer Systems Engineers/Architects,157560,IV,NC,1
CAP,FY2026_Q1,CAPGEMINI AMERICA INC,Certified,H-1B,Programmer/ Developer 3,Computer Programmers,134000,III,IL,1
CAP,FY2026_Q1,CAPGEMINI AMERICA INC,Certified,H-1B,Programmer/ Developer 3,Computer Programmers,134000,III,IL,1
INFY,FY2026_Q1,INFOSYS LIMITED,Certified,H-1B,Technology Project Lead 1,Information Technology Project Managers,92581,II,TX,1
INFY,FY2026_Q1,INFOSYS LIMITED,Certified,H-1B,Technology Project Lead 1,Information Technology Project Managers,94952,II,NC,1
TCS,FY2026_Q1,TATA CONSULTANCY SERVICES LIMITED,Certified,H-1B,Architect,Computer Systems Engineers/Architects,94682,II,NJ,1
CTSH,FY2026_Q1,COGNIZANT TECHNOLOGY SOLUTIONS US CORP,Certified,H-1B,SA JC60 - Software Quality Assurance Analysts and Testers,Software Quality Assurance Analysts and Testers,84178,II,CT,1
INFY,FY2026_Q1,INFOSYS LIMITED,Certified,H-1B,Technology Project Lead 2,Information Technology Project Managers,100090,III,IN,1
CTSH,FY2026_Q1,COGNIZANT TECHNOLOGY SOLUTIONS US CORP,Certified,H-1B,Manager JC50 - Computer Systems Engineers/Architects,Computer Systems Engineers/Architects,118456,III,TX,1
CTSH,FY2026_Q1,COGNIZANT TECHNOLOGY SOLUTIONS US CORP,Certified,H-1B,Senior Associate JC60 - Software Developers,Software Developers,111946,II,CT,1
CTSH,FY2026_Q1,COGNIZANT TECHNOLOGY SOLUTIONS US CORP,Certified,H-1B,Sr. Mgr. JC45 - Information Technology Project Managers,Information Technology Project Managers,123240,IV,MO,1
CTSH,FY2026_Q1,COGNIZANT TECHNOLOGY SOLUTIONS US CORP,Certified,H-1B,Sr. Mgr. JC45 - Information Technology Project Managers,Information Technology Project Managers,128149,IV,IA,1
LTIM,FY2026_Q1,LTIMindtree Limited,Certified,H-1B,Computer Systems Analyst,Computer Systems Analysts,91395,II,CT,1
INFY,FY2026_Q1,INFOSYS LIMITED,Certified,H-1B,Technology Project Lead 2,Information Technology Project Managers,118851,III,AZ,1
INFY,FY2026_Q1,INFOSYS LIMITED,Certified,H-1B,Package Project Lead 2,Information Technology Project Managers,118456,III,TX,5
CTSH,FY2026_Q1,COGNIZANT TECHNOLOGY SOLUTIONS US CORP,Certified,H-1B,Senior Associate JC60 -Computer Systems Engineers/Architects,Computer Systems Engineers/Architects,93538,II,AZ,1
CTSH,FY2026_Q1,COGNIZANT TECHNOLOGY SOLUTIONS US CORP,Certified,H-1B,Manager JC50 - Computer Systems Engineers/Architects,Computer Systems Engineers/Architects,118456,III,TX,1
CTSH,FY2026_Q1,COGNIZANT TECHNOLOGY SOLUTIONS US CORP,Certified,H-1B,Senior Manager JC45 - Computer Systems Engineers/Architects,Computer Systems Engineers/Architects,144310,IV,TX,1
CTSH,FY2026_Q1,COGNIZANT TECHNOLOGY SOLUTIONS US CORP,Certified,H-1B,Senior Manager JC45 - Computer Systems Engineers/Architects,Computer Systems Engineers/Architects,144310,IV,TX,1
HCLTECH,FY2026_Q1,HCL AMERICA INC,Certified,H-1B,Senior Technical Specialist,Computer Systems Engineers/Architects,128250,III,NJ,1
CTSH,FY2026_Q1,COGNIZANT TECHNOLOGY SOLUTIONS US CORP,Certified,H-1B,Manager JC50 - Computer Systems Engineers/Architects,Computer Systems Engineers/Architects,94307,III,IA,1
CTSH,FY2026_Q1,COGNIZANT TECHNOLOGY SOLUTIONS US CORP,Certified,H-1B,Senior Manager JC45 - Management Analysts,Management Analysts,156458,IV,IL,1
CTSH,FY2026_Q1,COGNIZANT TECHNOLOGY SOLUTIONS US CORP,Certified,H-1B,Senior Associate JC60 -Computer Systems Engineers/Architects,Computer Systems Engineers/Architects,82846,II,IL,1
CTSH,FY2026_Q1,COGNIZANT TECHNOLOGY SOLUTIONS US CORP,Certified,H-1B,Senior Associate JC60 -Computer Systems Engineers/Architects,Computer Systems Engineers/Architects,96054,II,NC,1
CTSH,FY2026_Q1,COGNIZANT TECHNOLOGY SOLUTIONS US CORP,Certified,H-1B,Manager JC50 - Computer Systems Engineers/Architects,Computer Systems Engineers/Architects,118456,III,TX,1
LTIM,FY2026_Q1,LTIMindtree Limited,Certified,H-1B,Software Developer,Software Developers,112923,II,TX,1
TCS,FY2026_Q1,Tata Consultancy Services Limited,Certified,H-1B,Functional Consultant,Computer Systems Analysts,149344,III,CA,1
INFY,FY2026_Q1,INFOSYS LIMITED,Certified,H-1B,Infrastructure Consultant 2,Network and Computer Systems Administrators,92622,II,WA,5
INFY,FY2026_Q1,INFOSYS LIMITED,Certified,H-1B,Technology Consultant 2,Computer Systems Engineers/Architects,81765,II,CT,1
CTSH,FY2026_Q1,COGNIZANT TECHNOLOGY SOLUTIONS US CORP,Certified,H-1B,SA JC60 - Software Quality Assurance Analysts and Testers,Software Quality Assurance Analysts and Testers,84178,II,CT,1
CTSH,FY2026_Q1,COGNIZANT TECHNOLOGY SOLUTIONS US CORP,Certified,H-1B,Senior Manager JC45 - Computer Systems Engineers/Architects,Computer Systems Engineers/Architects,158974,IV,NJ,1
INFY,FY2026_Q1,INFOSYS LIMITED,Certified,H-1B,Technology Project Lead 2,Information Technology Project Managers,139298,III,WA,1
ACN,FY2026_Q1,Accenture LLP,Certified,H-1B,Security Delivery Manager,Software Developers,182500,IV,VA,1
CTSH,FY2026_Q1,COGNIZANT TECHNOLOGY SOLUTIONS US CORP,Certified,H-1B,Senior Manager JC45 - Computer Systems Engineers/Architects,Computer Systems Engineers/Architects,145246,IV,CA,1
LTIM,FY2026_Q1,LTIMindtree Limited,Certified,H-1B,Software Developers,Software Developers,131998,II,NY,1
CTSH,FY2026_Q1,COGNIZANT TECHNOLOGY SOLUTIONS US CORP,Certified,H-1B,Manager JC50 - Network and Computer Systems Administrators,Network and Computer Systems Administrators,104728,III,CT,1
INFY,FY2026_Q1,INFOSYS LIMITED,Certified,H-1B,Infrastructure Project Lead 1,Information Technology Project Managers,76253,II,RI,5
HCLTECH,FY2026_Q1,HCL AMERICA INC,Certified,H-1B,Technical Architect,Computer Systems Engineers/Architects,120406,III,KS,1
CTSH,FY2026_Q1,COGNIZANT TECHNOLOGY SOLUTIONS US CORP,Certified,H-1B,Manager JC50 - Computer Systems Engineers/Architects,Computer Systems Engineers/Architects,148000,III,NC,1
INFY,FY2026_Q1,INFOSYS LIMITED,Certified,H-1B,Technology Consultant 2,Computer Systems Engineers/Architects,139443,II,CA,1
ACN,FY2026_Q1,Accenture LLP,Certified,H-1B,Packaged App Development Sr Manager,Information Technology Project Managers,186500,IV,CT,1
TCS,FY2026_Q1,TATA CONSULTANCY SERVICES LIMITED,Certified,H-1B,Architect,Computer Systems Engineers/Architects,94307,III,CT,1
CTSH,FY2026_Q1,COGNIZANT TECHNOLOGY SOLUTIONS US CORP,Certified,H-1B,Sr Mgr JC45-Software Quality Assurance Analysts and Testers,Software Quality Assurance Analysts and Testers,138320,IV,OR,1
CTSH,FY2026_Q1,COGNIZANT TECHNOLOGY SOLUTIONS US CORP,Certified,H-1B,Senior Manager JC45 - Computer Systems Engineers/Architects,Computer Systems Engineers/Architects,144310,IV,TX,1
INFY,FY2026_Q1,INFOSYS LIMITED,Certified,H-1B,Technology Project Lead 1,Information Technology Project Managers,69618,II,NC,5
HCLTECH,FY2026_Q1,HCL AMERICA INC,Certified,H-1B,Senior Technical Architect,Computer Systems Engineers/Architects,126256,III,NC,1
CTSH,FY2026_Q1,COGNIZANT TECHNOLOGY SOLUTIONS US CORP,Certified,H-1B,Senior Associate JC60 -Computer Systems Engineers/Architects,Computer Systems Engineers/Architects,92394,II,PA,1
INFY,FY2026_Q1,INFOSYS LIMITED,Certified,H-1B,Technology Consultant 1,Computer Systems Engineers/Architects,92581,II,TX,1
INFY,FY2026_Q1,INFOSYS LIMITED,Certified,H-1B,Technology Consultant 2,Computer Systems Engineers/Architects,114795,II,CA,1
ACN,FY2026_Q1,Accenture LLP,Certified,H-1B,"Data Eng, Mgmt and Governance Manager",Software Developers,192900,IV,NJ,1
INFY,FY2026_Q1,INFOSYS LIMITED,Certified,H-1B,Technology Project Lead 1,Information Technology Project Managers,86798,II,NC,5
CTSH,FY2026_Q1,COGNIZANT TECHNOLOGY SOLUTIONS US CORP,Certified,H-1B,Senior Associate JC60 - Software Developers,Software Developers,106475,II,CT,1
CTSH,FY2026_Q1,COGNIZANT TECHNOLOGY SOLUTIONS US CORP,Certified,H-1B,Manager JC50 - Computer Systems Engineers/Architects,Computer Systems Engineers/Architects,118456,III,TX,1
CTSH,FY2026_Q1,COGNIZANT TECHNOLOGY SOLUTIONS US CORP,Certified,H-1B,Manager JC50 - Information Technology Project Managers,Information Technology Project Managers,100090,III,IN,1
CTSH,FY2026_Q1,COGNIZANT TECHNOLOGY SOLUTIONS US CORP,Certified,H-1B,Manager JC50 - Computer Systems Engineers/Architects,Computer Systems Engineers/Architects,104062,III,CT,1
MPHASIS,FY2026_Q1,Mphasis Corporation,Certified,H-1B,Project Manager,Information Technology Project Managers,130000,II,TX,1
INFY,FY2026_Q1,INFOSYS LIMITED,Certified,H-1B,Package Consultant 2,Computer Systems Engineers/Architects,90605,II,TX,1
CAP,FY2026_Q1,Capgemini America Inc,Certified,H-1B,Applications Consultant 4,Software Developers,153317,IV,MI,1
CTSH,FY2026_Q1,COGNIZANT TECHNOLOGY SOLUTIONS US CORP,Certified,H-1B,Manager JC50 - Computer Systems Engineers/Architects,Computer Systems Engineers/Architects,104062,III,CT,1
INFY,FY2026_Q1,INFOSYS LIMITED,Certified,H-1B,Technology Consultant 2,Computer Systems Engineers/Architects,104666,II,MD,5
ACN,FY2026_Q1,Accenture LLP,Certified,H-1B,Custom Software Engineering Senior Mgr,Computer Systems Analysts,187600,IV,CT,1
CTSH,FY2026_Q1,COGNIZANT TECHNOLOGY SOLUTIONS US CORP,Certified,H-1B,Manager JC50 - Computer Systems Engineers/Architects,Computer Systems Engineers/Architects,104229,III,NY,1
CTSH,FY2026_Q1,COGNIZANT TECHNOLOGY SOLUTIONS US CORP,Certified,H-1B,Senior Manager JC45 - Computer Systems Engineers/Architects,Computer Systems Engineers/Architects,145246,IV,CA,1
CTSH,FY2026_Q1,COGNIZANT TECHNOLOGY SOLUTIONS US CORP,Certified,H-1B,Manager JC50 - Computer Systems Engineers/Architects,Computer Systems Engineers/Architects,115336,III,OH,1
CTSH,FY2026_Q1,COGNIZANT TECHNOLOGY SOLUTIONS US CORP,Certified,H-1B,Manager JC50 - Network and Computer Systems Administrators,Network and Computer Systems Administrators,104728,III,CT,1
CAP,FY2026_Q1,CAPGEMINI AMERICA INC,Certified,H-1B,Applications Consultant 2,Software Developers,141000,II,OH,1
CTSH,FY2026_Q1,COGNIZANT TECHNOLOGY SOLUTIONS US CORP,Certified,H-1B,Manager JC50 - Computer Systems Engineers/Architects,Computer Systems Engineers/Architects,118456,III,TX,1
INFY,FY2026_Q1,"INFOSYS PUBLIC SERVICES, INC.",Certified,H-1B,Technology Project Lead 2,Information Technology Project Managers,118456,III,TX,1
LTIM,FY2026_Q1,LTIMindtree Limited,Certified,H-1B,Software Developer,Software Developers,101900,II,OH,1
CTSH,FY2026_Q1,COGNIZANT TECHNOLOGY SOLUTIONS US CORP,Certified,H-1B,Senior Manager JC45 - Computer Systems Engineers/Architects,Computer Systems Engineers/Architects,144310,IV,TX,1
LTIM,FY2026_Q1,LTIMindtree Limited,Certified,H-1B,Management Analyst,Management Analysts,78333,II,FL,1
LTIM,FY2026_Q1,LTIMindtree Limited,Certified,H-1B,Information Technology Project Managers,Information Technology Project Managers,84719,III,IN,1
EPAM,FY2026_Q1,EPAM Systems Inc.,Certified,H-1B,LEAD SOFTWARE ENGINEER,Software Developers,132000,II,NY,1
CTSH,FY2026_Q1,COGNIZANT TECHNOLOGY SOLUTIONS US CORP,Certified,H-1B,Senior Manager JC45 - Management Analysts,Management Analysts,156458,IV,IL,1
INFY,FY2026_Q1,INFOSYS LIMITED,Certified,H-1B,Technology Project Lead 2,Information Technology Project Managers,108243,III,TX,1
INFY,FY2026_Q1,INFOSYS LIMITED,Certified,H-1B,Domain Project Lead 2,Project Management Specialists,99736,III,TX,1
INFY,FY2026_Q1,INFOSYS LIMITED,Certified,H-1B,Domain Project Lead 2,Project Management Specialists,126610,III,NY,1
CTSH,FY2026_Q1,COGNIZANT TECHNOLOGY SOLUTIONS US CORP,Certified,H-1B,Senior Manager JC45 - Computer Systems Engineers/Architects,Computer Systems Engineers/Architects,144310,IV,TX,1
CTSH,FY2026_Q1,COGNIZANT TECHNOLOGY SOLUTIONS US CORP,Certified,H-1B,SA JC60 - Software Quality Assurance Analysts and Testers,Software Quality Assurance Analysts and Testers,84178,II,CT,1
CTSH,FY2026_Q1,COGNIZANT TECHNOLOGY SOLUTIONS US CORP,Certified,H-1B,Manager JC50 - Computer Systems Engineers/Architects,Computer Systems Engineers/Architects,104811,III,VA,1
INFY,FY2026_Q1,INFOSYS LIMITED,Certified,H-1B,Technology Consultant 2,Computer Systems Engineers/Architects,139443,II,CA,1
CTSH,FY2026_Q1,COGNIZANT TECHNOLOGY SOLUTIONS US CORP,Certified,H-1B,Senior Associate JC60 -Computer Systems Engineers/Architects,Computer Systems Engineers/Architects,82846,II,IL,1
CTSH,FY2026_Q1,COGNIZANT TECHNOLOGY SOLUTIONS US CORP,Certified,H-1B,Manager JC50 - Computer Systems Engineers/Architects,Computer Systems Engineers/Architects,104062,III,CT,1
CTSH,FY2026_Q1,COGNIZANT TECHNOLOGY SOLUTIONS US CORP,Certified,H-1B,Senior Manager JC45 - Computer Systems Engineers/Architects,Computer Systems Engineers/Architects,144310,IV,TX,1
CTSH,FY2026_Q1,COGNIZANT TECHNOLOGY SOLUTIONS US CORP,Certified,H-1B,Manager JC50 - Computer Systems Engineers/Architects,Computer Systems Engineers/Architects,126818,III,NJ,1
CTSH,FY2026_Q1,COGNIZANT TECHNOLOGY SOLUTIONS US CORP,Certified,H-1B,Senior Manager JC45 - Computer Systems Engineers/Architects,Computer Systems Engineers/Architects,106558,IV,NY,1
CTSH,FY2026_Q1,COGNIZANT TECHNOLOGY SOLUTIONS US CORP,Certified,H-1B,Senior Associate JC60 -Computer Systems Engineers/Architects,Computer Systems Engineers/Architects,86798,II,NC,1
CTSH,FY2026_Q1,COGNIZANT TECHNOLOGY SOLUTIONS US CORP,Certified,H-1B,Manager JC50 - Computer Systems Engineers/Architects,Computer Systems Engineers/Architects,118456,III,TX,1
CTSH,FY2026_Q1,COGNIZANT TECHNOLOGY SOLUTIONS US CORP,Certified,H-1B,Senior Associate JC60 -Computer Systems Engineers/Architects,Computer Systems Engineers/Architects,84115,II,IA,1
CTSH,FY2026_Q1,COGNIZANT TECHNOLOGY SOLUTIONS US CORP,Certified,H-1B,Senior Manager JC45 - Human Resources Specialists,Human Resources Specialists,71448,IV,TX,1
WIT,FY2026_Q1,WIPRO LIMITED,Certified,H-1B,Developer L4,Computer Programmers,98301,II,NJ,1
CAP,FY2026_Q1,Capgemini America Inc,Certified,H-1B,Applications Consultant 2,Software Developers,109845,II,PA,1
CTSH,FY2026_Q1,COGNIZANT TECHNOLOGY SOLUTIONS US CORP,Certified,H-1B,Manager JC50 - Computer Systems Engineers/Architects,Computer Systems Engineers/Architects,111030,III,VA,1
LTIM,FY2026_Q1,LTIMindtree Limited,Certified,H-1B,Computer Systems Analyst,Computer Systems Analysts,106912,II,MD,1
TCS,FY2026_Q1,TATA CONSULTANCY SERVICES LIMITED,Certified,H-1B,User Interface Designer,Web and Digital Interface Designers,75150,II,IL,1
WIT,FY2026_Q1,WIPRO LIMITED,Certified,H-1B,Techno Functional Consultant L2,Computer Systems Analysts,150000,II,TX,1
ACN,FY2026_Q1,Accenture LLP,Certified,H-1B,Custom Software Engineering Manager,Computer Systems Analysts,145100,IV,AR,1
HCLTECH,FY2026_Q1,HCL AMERICA INC,Certified,H-1B,Transition Practice Head,Information Technology Project Managers,200000,IV,NJ,1
INFY,FY2026_Q1,INFOSYS LIMITED,Certified,H-1B,Package Consultant 2,Computer Systems Engineers/Architects,83054,II,MO,5
CTSH,FY2026_Q1,COGNIZANT TECHNOLOGY SOLUTIONS US CORP,Certified,H-1B,Manager JC50 - Computer Systems Engineers/Architects,Computer Systems Engineers/Architects,91250,III,CA,1
INFY,FY2026_Q1,INFOSYS LIMITED,Certified,H-1B,Domain Consultant 2,Management Analysts,96491,II,CA,5
TECHM,FY2026_Q1,"TECH MAHINDRA (AMERICAS), INC",Certified - Withdrawn,H-1B,Applications Analyst,Computer Systems Analysts,120000,II,NJ,1
CAP,FY2026_Q1,CAPGEMINI AMERICA INC,Certified - Withdrawn,H-1B,Software Engineer 3,Software Developers,118200,III,TX,1
WIT,FY2026_Q1,WIPRO LIMITED,Withdrawn,H-1B,Quality Assurance Consultant L3,Software Quality Assurance Analysts and Testers,96113,II,TX,1
WIT,FY2026_Q1,WIPRO LIMITED,Withdrawn,H-1B,Infrastructure Domain Architect L2,Computer Systems Engineers/Architects,112880,II,NJ,1
TCS,FY2026_Q1,Tata Consultancy Services Limited,Certified,H-1B,Architect,Computer Systems Engineers/Architects,86403,II,CA,1
G,FY2026_Q1,Genpact LLC,Certified,H-1B,Principal Consultant,"Computer Occupations, All Other",116390,III,GA,1
CAP,FY2026_Q1,CAPGEMINI AMERICA INC,Certified,H-1B,Programmer/ Developer 3,Computer Programmers,125000,III,NC,1
LTIM,FY2026_Q1,LTIMindtree Limited,Certified,H-1B,Computer Systems Engineers/Architects,Computer Systems Engineers/Architects,86799,II,NC,1
HCLTECH,FY2026_Q1,HCL AMERICA INC,Certified,H-1B,Senior Project Lead,Information Technology Project Managers,131250,III,TX,1
HCLTECH,FY2026_Q1,HCL AMERICA INC,Certified,H-1B,Senior Design Lead,Mechanical Engineers,92853,III,IN,1
HCLTECH,FY2026_Q1,HCL AMERICA INC,Certified,H-1B,Senior Test Lead,Software Quality Assurance Analysts and Testers,108680,II,WA,1
HCLTECH,FY2026_Q1,HCL AMERICA INC,Certified,H-1B,Group Technical Architect,Computer Systems Engineers/Architects,162000,III,NC,1
TECHM,FY2026_Q1,"TECH MAHINDRA (AMERICAS), INC",Certified,H-1B,Network Architect,Computer Network Architects,129293,II,NJ,1
INFY,FY2026_Q1,INFOSYS LIMITED,Certified,H-1B,Technology Project Lead 1,Information Technology Project Managers,82285,II,IN,1
TCS,FY2026_Q1,TATA CONSULTANCY SERVICES LIMITED,Certified,H-1B,ARCHITECT,Computer Systems Engineers/Architects,80163,II,CT,1
INFY,FY2026_Q1,INFOSYS LIMITED,Certified,H-1B,Technology Consultant 2,Computer Systems Engineers/Architects,92394,II,PA,1
LTIM,FY2026_Q1,LTIMindtree Limited,Certified,H-1B,Computer Systems Analyst,Computer Systems Analysts,91874,II,FL,1
TCS,FY2026_Q1,Tata Consultancy Services Limited,Certified,H-1B,Network Administrator,Network and Computer Systems Administrators,102612,III,AZ,1
INFY,FY2026_Q1,INFOSYS LIMITED,Certified,H-1B,Infrastructure Project Lead 2,Information Technology Project Managers,115627,III,MA,1
CTSH,FY2026_Q1,COGNIZANT TECHNOLOGY SOLUTIONS US CORP,Certified,H-1B,Sr. Mgr. JC45 - Information Technology Project Managers,Information Technology Project Managers,126339,IV,CT,1
LTIM,FY2026_Q1,LTIMindtree Limited,Certified,H-1B,Computer Systems Analyst,Computer Systems Analysts,103917,II,NY,1
MPHASIS,FY2026_Q1,Mphasis Corporation ,Certified,H-1B,SOFTWARE PROGRAMMER II,Computer Programmers,81460,II,OH,1
INFY,FY2026_Q1,INFOSYS LIMITED,Certified,H-1B,Technology Project Lead 1,Information Technology Project Managers,82285,II,IN,1
INFY,FY2026_Q1,INFOSYS LIMITED,Certified,H-1B,Domain Project Lead 1,Project Management Specialists,102482,II,DC,5
INFY,FY2026_Q1,INFOSYS LIMITED,Certified,H-1B,Technology Project Lead 1,Information Technology Project Managers,94682,II,NY,5
LTIM,FY2026_Q1,LTIMindtree Limited,Certified,H-1B,Information Technology Project Manager,Information Technology Project Managers,86403,II,CA,1
TCS,FY2026_Q1,Tata Consultancy Services Limited,Certified,H-1B,Architect,Computer Systems Engineers/Architects,94682,II,NJ,1
INFY,FY2026_Q1,INFOSYS LIMITED,Certified,H-1B,Technology Project Lead 2,Information Technology Project Managers,108846,III,UT,5
TCS,FY2026_Q1,Tata Consultancy Services Limited,Certified,H-1B,Analyst,Computer Systems Analysts,109574,III,NC,1
INFY,FY2026_Q1,INFOSYS LIMITED,Certified,H-1B,Technology Project Lead 2,Information Technology Project Managers,126818,III,NY,5
INFY,FY2026_Q1,INFOSYS LIMITED,Certified,H-1B,Technology Project Lead 2,Information Technology Project Managers,115835,III,CA,5
INFY,FY2026_Q1,INFOSYS LIMITED,Certified,H-1B,Infrastructure Consultant 2,Network and Computer Systems Administrators,84490,II,PA,5
TCS,FY2026_Q1,TATA CONSULTANCY SERVICES LIMITED,Certified,H-1B,ARCHITECT,Computer Systems Engineers/Architects,94037,III,WI,1
LTIM,FY2026_Q1,LTIMindtree Limited,Certified,H-1B,Software Developer,Software Developers,100797,II,FL,1
CAP,FY2026_Q1,Capgemini America Inc,Certified,H-1B,Business Analyst 3,Management Analysts,127691,III,IL,1
INFY,FY2026_Q1,INFOSYS LIMITED,Certified,H-1B,Domain Consultant 2,Management Analysts,130187,II,CA,5
CAP,FY2026_Q1,Capgemini America Inc,Certified,H-1B,Applications Consultant 3,Software Developers,137259,III,NV,1
CAP,FY2026_Q1,CAPGEMINI AMERICA INC,Certified,H-1B,Applications Consultant 3,Software Developers,134000,III,GA,1
TCS,FY2026_Q1,TATA CONSULTANCY SERVICES LIMITED,Certified,H-1B,ARCHITECT,Computer Systems Engineers/Architects,92394,II,DE,1
INFY,FY2026_Q1,INFOSYS LIMITED,Certified,H-1B,Package Consultant 2,Computer Systems Engineers/Architects,94952,II,NC,1
IBM,FY2026_Q1,IBM Corporation,Certified,H-1B,Business Sales & Delivery Executive,Management Analysts,251643,IV,TX,1
LTIM,FY2026_Q1,LTIMindtree Limited,Certified,H-1B,Software Developer,Software Developers,100798,II,FL,1
LTIM,FY2026_Q1,LTIMindtree Limited,Certified,H-1B,Computer Systems Engineer/Architect,Computer Systems Engineers/Architects,81765,II,CT,1
TCS,FY2026_Q1,TATA CONSULTANCY SERVICES LIMITED,Certified,H-1B,Developer,Computer Programmers,130853,II,CA,1
CTSH,FY2026_Q1,COGNIZANT TECHNOLOGY SOLUTIONS US CORP,Certified,H-1B,SA JC60 - Software Quality Assurance Analysts and Testers,Software Quality Assurance Analysts and Testers,86611,II,AZ,1
CAP,FY2026_Q1,Capgemini America Inc,Certified,H-1B,Applications Consultant 3,Software Developers,134971,III,TX,1
CAP,FY2026_Q1,CAPGEMINI AMERICA INC,Certified,H-1B,Business Systems Analyst 2,Computer Systems Analysts,162000,II,CA,1
LTIM,FY2026_Q1,LTIMindtree Limited,Certified,H-1B,Computer Systems Engineer/Architect,Computer Systems Engineers/Architects,111550,II,WA,1
CAP,FY2026_Q1,Capgemini America Inc,Certified,H-1B,Test Consultant 3,Software Quality Assurance Analysts and Testers,108474,III,GA,1
LTIM,FY2026_Q1,LTIMindtree Limited,Certified,H-1B,Database Administrator,Database Administrators,95035,II,TX,1
CTSH,FY2026_Q1,COGNIZANT TECHNOLOGY SOLUTIONS US CORP,Certified,H-1B,Senior Manager JC45 - Computer Systems Engineers/Architects,Computer Systems Engineers/Architects,167024,IV,WA,1
WIT,FY2026_Q1,WIPRO LIMITED,Certified,H-1B,Technical Lead L1,Computer Programmers,130000,II,CO,1
TCS,FY2026_Q1,TATA CONSULTANCY SERVICES LIMITED,Certified,H-1B,Software Developer,Software Developers,130707,III,GA,1
CAP,FY2026_Q1,Capgemini America Inc,Certified,H-1B,Hardware Engineer 3,Computer Hardware Engineers,138550,III,MN,1
INFY,FY2026_Q1,INFOSYS LIMITED,Certified,H-1B,Infrastructure Consultant 2,Network and Computer Systems Administrators,80350,II,NE,5
WIT,FY2026_Q1,WIPRO LIMITED,Certified,H-1B,Project Manager L2,Information Technology Project Managers,118456,III,TX,1
MPHASIS,FY2026_Q1,Mphasis Corporation,Certified,H-1B,Database Administrator,Database Administrators,130000,II,PA,1
LTIM,FY2026_Q1,LTIMindtree Limited,Certified,H-1B,Computer Programmer,Computer Programmers,78937,II,IA,1
INFY,FY2026_Q1,INFOSYS LIMITED,Certified,H-1B,Infrastructure Consultant 2,Network and Computer Systems Administrators,89586,II,CT,5
TCS,FY2026_Q1,TATA CONSULTANCY SERVICES LIMITED,Certified,H-1B,ANALYST,Computer Systems Analysts,91395,II,CT,1
LTIM,FY2026_Q1,LTIMindtree Limited,Certified,H-1B,Information Technology Project Manager,Information Technology Project Managers,106954,III,FL,1
TECHM,FY2026_Q1,"TECH MAHINDRA (AMERICAS), INC",Certified,H-1B,Software Quality Assurance Engineer,Software Quality Assurance Analysts and Testers,77272,II,SC,1
CAP,FY2026_Q1,Capgemini America Inc,Certified,H-1B,Applications Consultant 3,Software Developers,160805,III,NJ,1
LTIM,FY2026_Q1,LTIMindtree Limited,Certified,H-1B,Software Developer,Software Developers,112924,II,TX,1
TCS,FY2026_Q1,TATA CONSULTANCY SERVICES LIMITED,Certified,H-1B,Architect,Computer Systems Engineers/Architects,111550,II,WA,1
LTIM,FY2026_Q1,LTIMindtree Limited,Certified,H-1B,Computer Systems Analyst,Computer Systems Analysts,98925,II,TX,1
INFY,FY2026_Q1,INFOSYS LIMITED,Certified,H-1B,Technology Project Lead 2,Information Technology Project Managers,122637,III,OR,1
LTIM,FY2026_Q1,LTIMindtree Limited,Certified,H-1B,Computer Systems Analyst,Computer Systems Analysts,91395,II,CT,1
LTIM,FY2026_Q1,LTIMindtree Limited,Certified,H-1B,Database Administrator,Database Administrators,89398,II,TX,1
LTIM,FY2026_Q1,LTIMindtree Limited,Certified,H-1B,Computer Systems Engineer/Architect,Computer Systems Engineers/Architects,111551,II,WA,1
CAP,FY2026_Q1,CAPGEMINI AMERICA INC,Certified,H-1B,Project Manager 2,Information Technology Project Managers,166000,II,CA,1
HCLTECH,FY2026_Q1,HCL GLOBAL SYSTEMS INC,Certified,H-1B,BUSINESS ANALYST,Business Intelligence Analysts,112466,III,NC,1
ACN,FY2026_Q1,Accenture LLP,Certified,H-1B,Tech Architecture Sr Manager,Computer Programmers,202700,IV,TX,1
INFY,FY2026_Q1,INFOSYS LIMITED,Certified,H-1B,Package Project Lead 1,Information Technology Project Managers,80974,II,TX,1
CTSH,FY2026_Q1,COGNIZANT TECHNOLOGY SOLUTIONS US CORP,Certified,H-1B,Senior Manager JC45 - Computer Systems Engineers/Architects,Computer Systems Engineers/Architects,143790,IV,CA,1
TCS,FY2026_Q1,TATA CONSULTANCY SERVICES LIMITED,Certified,H-1B,Architect,Computer Systems Engineers/Architects,94682,II,NJ,1
INFY,FY2026_Q1,INFOSYS LIMITED,Certified,H-1B,Technology Consultant 2,Computer Systems Engineers/Architects,81765,II,CT,5
CAP,FY2026_Q1,CAPGEMINI AMERICA INC,Certified,H-1B,Solution Architect 3,Software Developers,181000,III,WA,1
LTIM,FY2026_Q1,LTIMindtree Limited,Certified,H-1B,Software Developer,Software Developers,112923,II,TX,1
TCS,FY2026_Q1,TATA CONSULTANCY SERVICES LIMITED,Certified,H-1B,TECHNICAL LEAD,Information Technology Project Managers,126818,III,NJ,1
INFY,FY2026_Q1,"KI INFOSYSTEMS, LLC.",Certified,H-1B,SOFTWARE ENGINEER,Software Developers,97386,II,MO,1
INFY,FY2026_Q1,INFOSYS LIMITED,Certified,H-1B,Technology Consultant 2,Computer Systems Engineers/Architects,90605,II,TX,5
LTIM,FY2026_Q1,LTIMindtree Limited,Certified,H-1B,Information Technology Project Manager,Information Technology Project Managers,86403,II,CA,1
IBM,FY2026_Q1,IBM Corporation,Certified,H-1B,Application Developer,Software Developers,134193,II,TX,1
CAP,FY2026_Q1,CAPGEMINI AMERICA INC,Certified,H-1B,Programmer/ Developer 3,Computer Programmers,120000,III,CA,1
INFY,FY2026_Q1,INFOSYS LIMITED,Certified,H-1B,Technology Project Lead 1,Information Technology Project Managers,80974,II,TX,5
INFY,FY2026_Q1,INFOSYS LIMITED,Certified,H-1B,Technology Consultant 1,Computer Systems Engineers/Architects,92581,II,TX,1
INFY,FY2026_Q1,INFOSYS LIMITED,Certified,H-1B,Infrastructure Consultant 2,Database Administrators,90022,II,PA,5
INFY,FY2026_Q1,INFOSYS LIMITED,Certified,H-1B,Package Project Lead 2,Information Technology Project Managers,150405,III,CA,5
G,FY2026_Q1,Genpact LLC,Certified,H-1B,Manager,Operations Research Analysts,141700,III,GA,1
IBM,FY2026_Q1,IBM Corporation,Certified,H-1B,Application Developer,Software Developers,134193,II,TX,1
LTIM,FY2026_Q1,LTIMindtree Limited,Certified,H-1B,Computer Systems Engineer/Architect,Computer Systems Engineers/Architects,111551,II,WA,1
INFY,FY2026_Q1,INFOSYS LIMITED,Certified,H-1B,Technology Project Lead 1,Information Technology Project Managers,65083,II,MI,5
INFY,FY2026_Q1,INFOSYS LIMITED,Certified,H-1B,Package Project Lead 2,Information Technology Project Managers,119933,III,TX,5
INFY,FY2026_Q1,INFOSYS LIMITED,Certified,H-1B,Technology Consultant 2,Computer Systems Engineers/Architects,82285,II,IN,5
INFY,FY2026_Q1,INFOSYS LIMITED,Certified,H-1B,Technology Consultant 2,Computer Systems Engineers/Architects,94952,II,NC,1
CAP,FY2026_Q1,Capgemini America Inc,Certified,H-1B,Applications Consultant 3,Software Developers,130707,III,IL,1
TCS,FY2026_Q1,TATA CONSULTANCY SERVICES LIMITED,Certified,H-1B,ARCHITECT,Computer Systems Engineers/Architects,86445,II,GA,1
LTIM,FY2026_Q1,LTIMindtree Limited,Certified,H-1B,Database Administrator,Database Administrators,69473,II,OK,1
INFY,FY2026_Q1,INFOSYS LIMITED,Certified,H-1B,Domain Project Lead 2,Project Management Specialists,112341,III,CA,5
TECHM,FY2026_Q1,"TECH MAHINDRA (AMERICAS), INC",Certified,H-1B,Systems Analyst,Computer Systems Analysts,83863,II,TN,1
TCS,FY2026_Q1,TATA CONSULTANCY SERVICES LIMITED,Certified,H-1B,Developer,Computer Programmers,78666,II,VA,1
INFY,FY2026_Q1,INFOSYS LIMITED,Certified,H-1B,Technology Consultant 2,Computer Systems Engineers/Architects,82846,II,IL,5
CAP,FY2026_Q1,CAPGEMINI AMERICA INC,Certified,H-1B,Software Engineer 3,Software Developers,131000,III,IL,1
CTSH,FY2026_Q1,COGNIZANT TECHNOLOGY SOLUTIONS US CORP,Certified,H-1B,Manager JC50 - Project Management Specialists,Project Management Specialists,138965,III,CA,1
CAP,FY2026_Q1,Capgemini America Inc,Certified,H-1B,Applications Consultant 3,Software Developers,157123,III,CA,1
TCS,FY2026_Q1,Tata Consultancy Services Limited,Certified,H-1B,Architect,Computer Systems Engineers/Architects,84469,II,FL,1
TCS,FY2026_Q1,TATA CONSULTANCY SERVICES LIMITED,Certified,H-1B,Developer,Computer Programmers,77022,II,OH,1
TCS,FY2026_Q1,TATA CONSULTANCY SERVICES LIMITED,Certified,H-1B,Architect,Computer Systems Engineers/Architects,94682,II,NJ,1
INFY,FY2026_Q1,INFOSYS LIMITED,Certified,H-1B,Engineering Consultant 2- Network,Computer Systems Engineers/Architects,99736,II,CO,1
CTSH,FY2026_Q1,COGNIZANT TECHNOLOGY SOLUTIONS US CORP,Certified,H-1B,SA JC60 - Software Quality Assurance Analysts and Testers,Software Quality Assurance Analysts and Testers,86611,II,AZ,1
CAP,FY2026_Q1,Capgemini America Inc,Certified,H-1B,Data Scientist 3,Data Scientists,158000,III,NJ,1
IBM,FY2026_Q1,IBM Corporation,Certified,H-1B,SAP Security Consultant,Computer Systems Analysts,120037,III,CA,1
MPHASIS,FY2026_Q1,Mphasis Corporation,Certified,H-1B,Software Engineer,Computer Programmers,155000,II,TX,1
INFY,FY2026_Q1,INFOSYS LIMITED,Certified,H-1B,Technology Consultant 2,Computer Systems Engineers/Architects,81474,II,PA,5
INFY,FY2026_Q1,INFOSYS LIMITED,Certified,H-1B,Technology Consultant 2,Computer Systems Engineers/Architects,94952,II,NC,1
INFY,FY2026_Q1,INFOSYS LIMITED,Certified,H-1B,Technology Consultant 2,Computer Systems Engineers/Architects,94952,II,NC,1
LTIM,FY2026_Q1,LTIMindtree Limited,Certified,H-1B,Computer Systems Analyst,Computer Systems Analysts,88026,II,PA,1
HCLTECH,FY2026_Q1,HCL AMERICA INC,Certified,H-1B,DU Head,Information Technology Project Managers,176875,IV,GA,1
LTIM,FY2026_Q1,LTIMindtree Limited,Certified,H-1B,Computer Systems Engineer/Architect,Computer Systems Engineers/Architects,73882,II,CT,1
CAP,FY2026_Q1,Capgemini America Inc,Certified,H-1B,Programmer/ Developer 3,Computer Programmers,128235,III,GA,1
MPHASIS,FY2026_Q1,Mphasis Corporation,Certified,H-1B,Software Engineer,Computer Programmers,155000,II,TX,1
INFY,FY2026_Q1,INFOSYS LIMITED,Certified,H-1B,Package Consultant 2,Computer Systems Analysts,98925,II,TX,1
HCLTECH,FY2026_Q1,HCL GLOBAL SYSTEMS INC,Certified,H-1B,SOFTWARE DEVELOPER,Software Developers,111072,II,AZ,1
LTIM,FY2026_Q1,LTIMindtree Limited,Certified,H-1B,Software Quality Assurance Analyst and Tester,Software Quality Assurance Analysts and Testers,84178,II,CT,1
CAP,FY2026_Q1,Capgemini America Inc,Certified,H-1B,Applications Consultant 3,Software Developers,160805,III,NY,1
TCS,FY2026_Q1,TATA CONSULTANCY SERVICES LIMITED,Certified,H-1B,ARCHITECT,Computer Systems Engineers/Architects,94266,II,OH,1
INFY,FY2026_Q1,INFOSYS LIMITED,Certified,H-1B,Technology Consultant 2,Computer Systems Engineers/Architects,89773,II,NJ,5
CAP,FY2026_Q1,CAPGEMINI AMERICA INC,Certified,H-1B,Programmer/ Developer 3,Computer Programmers,125000,III,CA,1
LTIM,FY2026_Q1,LTIMindtree Limited,Certified,H-1B,Computer Systems Analyst,Computer Systems Analysts,96200,II,TX,1
TCS,FY2026_Q1,TATA CONSULTANCY SERVICES LIMITED,Certified,H-1B,Developer,Computer Programmers,86570,III,NC,1
INFY,FY2026_Q1,INFOSYS LIMITED,Certified,H-1B,Technology Consultant 2,Computer Systems Engineers/Architects,86445,II,GA,5
HCLTECH,FY2026_Q1,HCL GLOBAL SYSTEMS INC,Certified,H-1B,SAP CONSULTANT,Computer Systems Analysts,98925,II,TX,1
HCLTECH,FY2026_Q1,HCL AMERICA INC,Certified,H-1B,Senior Program Manager,Information Technology Project Managers,182000,III,TX,1
TECHM,FY2026_Q1,"TECH MAHINDRA (AMERICAS), INC",Certified,H-1B,Mechanical Engineer,Mechanical Engineers,83450,II,IN,1
HCLTECH,FY2026_Q1,HCL AMERICA INC,Certified,H-1B,ERP Specialist,Computer Systems Engineers/Architects,106954,III,FL,1
LTIM,FY2026_Q1,LTIMindtree Limited,Certified,H-1B,Software Developer,Software Developers,131997,II,NJ,1
CTSH,FY2026_Q1,COGNIZANT TECHNOLOGY SOLUTIONS US CORP,Certified,H-1B,Senior Manager JC45 - Computer Systems Engineers/Architects,Computer Systems Engineers/Architects,167024,IV,WA,1
CAP,FY2026_Q1,CAPGEMINI AMERICA INC,Certified,H-1B,Programmer/ Developer 3,Computer Programmers,125000,III,NJ,1
ACN,FY2026_Q1,Accenture LLP,Certified,H-1B,Tech Architecture Assoc Manager,Software Quality Assurance Analysts and Testers,146000,III,NJ,1
INFY,FY2026_Q1,INFOSYS LIMITED,Certified,H-1B,Technology Consultant 2,Computer Systems Engineers/Architects,82846,II,IL,5
TECHM,FY2026_Q1,"TECH MAHINDRA (AMERICAS), INC",Certified,H-1B,Systems Analyst,Computer Systems Analysts,115815,II,NC,1
INFY,FY2026_Q1,INFOSYS LIMITED,Certified,H-1B,Package Consultant 2,Computer Systems Analysts,98862,II,NC,5
CAP,FY2026_Q1,Capgemini America Inc,Certified,H-1B,Test Consultant 3,Software Quality Assurance Analysts and Testers,130000,III,MN,1
CTSH,FY2026_Q1,COGNIZANT TECHNOLOGY SOLUTIONS US CORP,Certified,H-1B,Senior Manager JC45 - Computer Systems Engineers/Architects,Computer Systems Engineers/Architects,143790,IV,CA,1
CTSH,FY2026_Q1,COGNIZANT TECHNOLOGY SOLUTIONS US CORP,Certified,H-1B,Manager JC50 - Computer Systems Engineers/Architects,Computer Systems Engineers/Architects,108514,III,GA,1
TCS,FY2026_Q1,Tata Consultancy Services Limited,Certified,H-1B,Analyst - Information Security,Information Security Analysts,137342,II,CA,1
INFY,FY2026_Q1,INFOSYS LIMITED,Certified,H-1B,Technology Project Lead 1,Information Technology Project Managers,86403,II,CA,1
CAP,FY2026_Q1,CAPGEMINI AMERICA INC,Certified - Withdrawn,H-1B,Software Engineer 2,Software Developers,135000,II,NJ,1
CAP,FY2026_Q1,CAPGEMINI AMERICA INC,Certified - Withdrawn,H-1B,Applications Consultant 4,Software Developers,200000,IV,CA,1
HCLTECH,FY2026_Q1,HCL AMERICA INC,Withdrawn,H-1B,Senior Design Lead,Computer Systems Engineers/Architects,92269,III,TX,1
HCLTECH,FY2026_Q1,HCL AMERICA INC,Withdrawn,H-1B,Sr Subject Matter Expert (Support&Ops),Computer User Support Specialists,114106,III,TX,1
CTSH,FY2026_Q1,COGNIZANT TECHNOLOGY SOLUTIONS US CORP,Certified,H-1B,Senior Associate JC60 -Computer Systems Engineers/Architects,Computer Systems Engineers/Architects,60403,II,FL,1
HCLTECH,FY2026_Q1,HCL GLOBAL SYSTEMS INC,Certified,H-1B,SALESFORCE SERVICE CLOUD DEVELOPER,Software Developers,112923,II,TX,1
WIT,FY2026_Q1,WIPRO LIMITED,Certified,H-1B,Techno Functional Consultant L1,Computer Systems Analysts,118136,II,TX,1
TCS,FY2026_Q1,TATA CONSULTANCY SERVICES LIMITED,Certified,H-1B,Developer,Computer Programmers,62837,II,NC,1
INFY,FY2026_Q1,INFOSYS LIMITED,Certified,H-1B,Package Consultant 2 - Techno Functional,Computer Systems Engineers/Architects,80974,II,TX,5
LTIM,FY2026_Q1,LTIMindtree Limited,Certified,H-1B,Computer Systems Engineer/Architect,Computer Systems Engineers/Architects,69619,II,NC,1
ACN,FY2026_Q1,Accenture LLP,Certified,H-1B,Custom Software Engineering Assoc Mgr,Software Developers,128800,III,IL,1
INFY,FY2026_Q1,INFOSYS LIMITED,Certified,H-1B,Package Consultant 2,Computer Systems Engineers/Architects,94682,II,NJ,5
WIT,FY2026_Q1,WIPRO LIMITED,Certified,H-1B,Domain Consultant L2,Management Analysts,155000,II,NJ,1
TCS,FY2026_Q1,Tata Consultancy Services Limited,Certified,H-1B,Architect,Computer Systems Engineers/Architects,92581,II,TX,1
MPHASIS,FY2026_Q1,Mphasis Corporation,Certified,H-1B,Software Engineer,Computer Programmers,145000,II,PA,1
MPHASIS,FY2026_Q1,Mphasis Corporation,Certified,H-1B,Software Engineer,Computer Programmers,99000,II,OH,1
G,FY2026_Q1,Genpact LLC,Certified,H-1B,Senior Principal Consultant,Software Developers,112430,II,WI,1
CTSH,FY2026_Q1,COGNIZANT TECHNOLOGY SOLUTIONS US CORP,Certified,H-1B,Sr Mgr JC45-Software Quality Assurance Analysts and Testers,Software Quality Assurance Analysts and Testers,110136,IV,NY,1
INFY,FY2026_Q1,INFOSYS LIMITED,Certified,H-1B,Process Consultant 1,Management Analysts,78853,II,PA,5
WIT,FY2026_Q1,WIPRO LIMITED,Certified,H-1B,Project Lead L1,Information Technology Project Managers,153000,II,TX,1
CTSH,FY2026_Q1,COGNIZANT TECHNOLOGY SOLUTIONS US CORP,Certified,H-1B,Manager JC50 - Computer Systems Engineers/Architects,Computer Systems Engineers/Architects,118456,III,TX,1
CTSH,FY2026_Q1,COGNIZANT TECHNOLOGY SOLUTIONS US CORP,Certified,H-1B,Manager JC50 - Network and Computer Systems Administrators,Network and Computer Systems Administrators,103334,III,IL,1
CTSH,FY2026_Q1,COGNIZANT TECHNOLOGY SOLUTIONS US CORP,Certified,H-1B,Manager JC50 - Computer Systems Engineers/Architects,Computer Systems Engineers/Architects,101504,III,MO,1
CTSH,FY2026_Q1,COGNIZANT TECHNOLOGY SOLUTIONS US CORP,Certified,H-1B,Manager JC50 - Computer Systems Engineers/Architects,Computer Systems Engineers/Architects,118456,III,TX,1
G,FY2026_Q1,Genpact LLC,Certified,H-1B,Assistant Vice President,Management Analysts,193100,IV,TX,1
CTSH,FY2026_Q1,COGNIZANT TECHNOLOGY SOLUTIONS US CORP,Certified,H-1B,Senior Associate JC60 -Computer Systems Engineers/Architects,Computer Systems Engineers/Architects,92581,II,TX,1
CAP,FY2026_Q1,Capgemini America Inc,Certified,H-1B,Programmer/ Developer 3,Computer Systems Analysts,121867,III,NJ,1
ACN,FY2026_Q1,Accenture LLP,Certified,H-1B,Business Architecture Specialist,Computer Programmers,117300,II,IL,1
CTSH,FY2026_Q1,COGNIZANT TECHNOLOGY SOLUTIONS US CORP,Certified,H-1B,Manager JC50 - Computer Systems Engineers/Architects,Computer Systems Engineers/Architects,101504,III,MO,1
ACN,FY2026_Q1,Accenture LLP,Certified,H-1B,Business Architecture Manager,Computer Programmers,167300,IV,FL,1
CTSH,FY2026_Q1,COGNIZANT TECHNOLOGY SOLUTIONS US CORP,Certified,H-1B,Manager JC50 - Computer Systems Engineers/Architects,Computer Systems Engineers/Architects,126818,III,NJ,1
CAP,FY2026_Q1,Capgemini America Inc,Certified,H-1B,Applications Consultant 3,Software Developers,131602,III,PA,1
CTSH,FY2026_Q1,COGNIZANT TECHNOLOGY SOLUTIONS US CORP,Certified,H-1B,Manager JC50 - Computer Systems Engineers/Architects,Computer Systems Engineers/Architects,119933,III,TX,1
CTSH,FY2026_Q1,COGNIZANT TECHNOLOGY SOLUTIONS US CORP,Certified,H-1B,Senior Manager JC45 - Computer Systems Engineers/Architects,Computer Systems Engineers/Architects,132434,IV,IL,1
CTSH,FY2026_Q1,COGNIZANT TECHNOLOGY SOLUTIONS US CORP,Certified,H-1B,Manager JC50 - Computer Systems Engineers/Architects,Computer Systems Engineers/Architects,119933,III,TX,1
CAP,FY2026_Q1,Capgemini America Inc,Certified,H-1B,Applications Consultant 2,Software Developers,142804,II,NJ,1
CTSH,FY2026_Q1,COGNIZANT TECHNOLOGY SOLUTIONS US CORP,Certified,H-1B,Senior Manager JC45 - Computer Systems Engineers/Architects,Computer Systems Engineers/Architects,144310,IV,TX,1
ACN,FY2026_Q1,Accenture Infrastructure and Capital Projects LLC,Certified,H-1B,Senior Electrical Estimator,Cost Estimators,160000,IV,CO,1
MPHASIS,FY2026_Q1,Mphasis Corporation,Certified,H-1B,Software Engineer,Computer Programmers,135000,II,OH,1
CTSH,FY2026_Q1,COGNIZANT TECHNOLOGY SOLUTIONS US CORP,Certified,H-1B,Manager JC50 - Computer Systems Engineers/Architects,Computer Systems Engineers/Architects,118456,III,TX,1
TCS,FY2026_Q1,Tata Consultancy Services Limited,Certified,H-1B,Technical Lead,Information Technology Project Managers,78749,II,CA,1
CTSH,FY2026_Q1,COGNIZANT TECHNOLOGY SOLUTIONS US CORP,Certified,H-1B,Senior Manager JC45 - Computer Systems Engineers/Architects,Computer Systems Engineers/Architects,140795,IV,NC,1
WIT,FY2026_Q1,WIPRO LIMITED,Certified,H-1B,Solution Architect L1,Computer Systems Engineers/Architects,150000,II,TX,1
ACN,FY2026_Q1,Accenture LLP,Certified,H-1B,Packaged App Development Assoc Manager,Information Technology Project Managers,119100,III,NC,1
INFY,FY2026_Q1,INFOSYS LIMITED,Certified,H-1B,Technology Consultant 2,Computer Systems Engineers/Architects,86403,II,CA,5
CTSH,FY2026_Q1,COGNIZANT TECHNOLOGY SOLUTIONS US CORP,Certified,H-1B,Manager JC50 - Computer Systems Engineers/Architects,Computer Systems Engineers/Architects,115336,III,OH,1
CTSH,FY2026_Q1,COGNIZANT TECHNOLOGY SOLUTIONS US CORP,Certified,H-1B,Manager JC50 - Computer Systems Engineers/Architects,Computer Systems Engineers/Architects,118456,III,TX,1
CAP,FY2026_Q1,Capgemini America Inc,Certified,H-1B,Test Consultant 2,Software Quality Assurance Analysts and Testers,102086,II,NJ,1
CTSH,FY2026_Q1,COGNIZANT TECHNOLOGY SOLUTIONS US CORP,Certified,H-1B,Sr. Mgr. JC45 - Information Technology Project Managers,Information Technology Project Managers,132434,IV,IL,1
ACN,FY2026_Q1,Accenture LLP,Certified,H-1B,Custom Software Engineering Manager,Computer Systems Analysts,156400,IV,CT,1
CTSH,FY2026_Q1,COGNIZANT TECHNOLOGY SOLUTIONS US CORP,Certified,H-1B,Manager JC50 - Computer Systems Engineers/Architects,Computer Systems Engineers/Architects,111030,III,VA,1
CTSH,FY2026_Q1,COGNIZANT TECHNOLOGY SOLUTIONS US CORP,Certified,H-1B,Manager JC50 - Computer Systems Engineers/Architects,Computer Systems Engineers/Architects,113797,III,NC,1
CTSH,FY2026_Q1,COGNIZANT TECHNOLOGY SOLUTIONS US CORP,Certified,H-1B,Manager JC50 - Management Analysts,Management Analysts,113381,III,MN,1
CTSH,FY2026_Q1,COGNIZANT TECHNOLOGY SOLUTIONS US CORP,Certified,H-1B,Senior Associate JC60 -Computer Systems Engineers/Architects,Computer Systems Engineers/Architects,82846,II,IL,1
CTSH,FY2026_Q1,COGNIZANT TECHNOLOGY SOLUTIONS US CORP,Certified,H-1B,AD JC40 - Information Technology Project Managers,Information Technology Project Managers,145246,IV,CA,1
CAP,FY2026_Q1,Capgemini America Inc,Certified,H-1B,Business Systems Analyst 2,Computer Systems Analysts,102077,II,TX,1
LTIM,FY2026_Q1,LTIMindtree Limited,Certified,H-1B,Software Developer,Software Developers,131997,II,NY,1
INFY,FY2026_Q1,INFOSYS LIMITED,Certified,H-1B,Technology Project Lead 1,Information Technology Project Managers,80974,II,TX,5
CTSH,FY2026_Q1,COGNIZANT TECHNOLOGY SOLUTIONS US CORP,Certified,H-1B,Sr. Mgr. JC45 - Information Technology Project Managers,Information Technology Project Managers,140795,IV,NC,1
CTSH,FY2026_Q1,COGNIZANT TECHNOLOGY SOLUTIONS US CORP,Certified,H-1B,Manager JC50 - Computer Systems Engineers/Architects,Computer Systems Engineers/Architects,106122,III,IA,1
INFY,FY2026_Q1,INFOSYS LIMITED,Certified,H-1B,Process Project Lead 2,Project Management Specialists,99736,III,TX,5
ACN,FY2026_Q1,Accenture LLP,Certified,H-1B,Data Engineering Associate Manager,Software Developers,116900,III,WI,1
CTSH,FY2026_Q1,COGNIZANT TECHNOLOGY SOLUTIONS US CORP,Certified,H-1B,Manager JC50 - Management Analysts,Management Analysts,116646,III,SC,1
CTSH,FY2026_Q1,COGNIZANT TECHNOLOGY SOLUTIONS US CORP,Certified,H-1B,Manager JC50 - Computer Systems Engineers/Architects,Computer Systems Engineers/Architects,126818,III,NJ,1
TCS,FY2026_Q1,TATA CONSULTANCY SERVICES LIMITED,Certified,H-1B,Developer,Computer Programmers,74214,II,NC,1
EPAM,FY2026_Q1,EPAM Systems Inc.,Certified,H-1B,SENIOR SOFTWARE ENGINEER,Software Developers,110000,II,PA,1
CTSH,FY2026_Q1,COGNIZANT TECHNOLOGY SOLUTIONS US CORP,Certified,H-1B,Manager JC50 - Network and Computer Systems Administrators,Network and Computer Systems Administrators,119038,III,NJ,1
INFY,FY2026_Q1,INFOSYS LIMITED,Certified,H-1B,Technology Consultant 2,Computer Systems Engineers/Architects,90605,II,TX,1
INFY,FY2026_Q1,INFOSYS LIMITED,Certified,H-1B,Technology Architect - US,Computer Systems Engineers/Architects,113797,III,NC,1
CTSH,FY2026_Q1,COGNIZANT TECHNOLOGY SOLUTIONS US CORP,Certified,H-1B,Manager JC50 - Computer Systems Engineers/Architects,Computer Systems Engineers/Architects,118456,III,TX,1
CTSH,FY2026_Q1,COGNIZANT TECHNOLOGY SOLUTIONS US CORP,Certified,H-1B,Manager JC50 - Computer Systems Engineers/Architects,Computer Systems Engineers/Architects,113797,III,NC,1
CTSH,FY2026_Q1,COGNIZANT TECHNOLOGY SOLUTIONS US CORP,Certified,H-1B,Manager JC50 - Computer Systems Engineers/Architects,Computer Systems Engineers/Architects,106122,III,IA,1
CTSH,FY2026_Q1,COGNIZANT TECHNOLOGY SOLUTIONS US CORP,Certified,H-1B,Senior Associate JC60 -Computer Systems Engineers/Architects,Computer Systems Engineers/Architects,92581,II,TX,1
CTSH,FY2026_Q1,COGNIZANT TECHNOLOGY SOLUTIONS US CORP,Certified,H-1B,Sr Mgr JC45-Software Quality Assurance Analysts and Testers,Software Quality Assurance Analysts and Testers,110136,IV,NY,1
ACN,FY2026_Q1,Accenture LLP,Certified,H-1B,Business Architecture Manager,Management Analysts,188200,IV,NY,1
TCS,FY2026_Q1,TATA CONSULTANCY SERVICES LIMITED,Certified,H-1B,Architect,Computer Systems Engineers/Architects,82846,II,IL,1
CTSH,FY2026_Q1,COGNIZANT TECHNOLOGY SOLUTIONS US CORP,Certified,H-1B,Manager JC50 - Computer Systems Engineers/Architects,Computer Systems Engineers/Architects,126818,III,NJ,1
LTIM,FY2026_Q1,LTIMindtree Limited,Certified,H-1B,Information Technology Project Manager,Information Technology Project Managers,60923,II,LA,1
INFY,FY2026_Q1,INFOSYS LIMITED,Certified,H-1B,Technology Architect - US,Computer Systems Engineers/Architects,107640,III,IL,5
MPHASIS,FY2026_Q1,Mphasis Corporation,Certified,H-1B,Network Infrastructure Engineer I,Network and Computer Systems Administrators,65125,I,FL,1
CTSH,FY2026_Q1,COGNIZANT TECHNOLOGY SOLUTIONS US CORP,Certified,H-1B,Senior Manager JC45 - Computer Systems Engineers/Architects,Computer Systems Engineers/Architects,112050,IV,CA,1
CTSH,FY2026_Q1,COGNIZANT TECHNOLOGY SOLUTIONS US CORP,Certified,H-1B,Manager JC50 - Software Developers,Software Developers,99112,III,MI,1
CAP,FY2026_Q1,CAPGEMINI AMERICA INC,Certified,H-1B,Applications Consultant 3,Software Developers,135000,III,TX,1
CTSH,FY2026_Q1,COGNIZANT TECHNOLOGY SOLUTIONS US CORP,Certified,H-1B,Senior Manager JC45 - Computer Systems Engineers/Architects,Computer Systems Engineers/Architects,132434,IV,IL,1
CTSH,FY2026_Q1,COGNIZANT TECHNOLOGY SOLUTIONS US CORP,Certified,H-1B,Senior Manager JC45 - Computer Systems Engineers/Architects,Computer Systems Engineers/Architects,144310,IV,TX,1
CAP,FY2026_Q1,CAPGEMINI AMERICA INC,Certified,H-1B,Test Consultant 3,Software Quality Assurance Analysts and Testers,130000,III,CA,1
MPHASIS,FY2026_Q1,Mphasis Corporation ,Certified,H-1B,SOFTWARE PROGRAMMER II,Computer Programmers,106683,II,CO,1
INFY,FY2026_Q1,INFOSYS LIMITED,Certified,H-1B,Technology Project Lead 2,Information Technology Project Managers,118456,III,TX,1
LTIM,FY2026_Q1,LTIMindtree Limited,Certified,H-1B,Software Developer,Software Developers,105976,II,TX,1
CAP,FY2026_Q1,Capgemini America Inc,Certified,H-1B,Applications Consultant 2,Software Developers,149240,II,WA,1
INFY,FY2026_Q1,NOUS INFOSYSTEMS INC,Certified,H-1B,Product Owner,Information Technology Project Managers,122000,II,TX,1
INFY,FY2026_Q1,INFOSYS LIMITED,Certified,H-1B,Technology Consultant 2,Computer Systems Engineers/Architects,92581,II,TX,1
LTIM,FY2026_Q1,LTIMindtree Limited,Certified,H-1B,Software Developer,Software Developers,131997,II,NJ,1
CTSH,FY2026_Q1,COGNIZANT TECHNOLOGY SOLUTIONS US CORP,Certified,H-1B,Senior Associate JC60 - Web and Digital Interface Designers,Web and Digital Interface Designers,83158,II,TX,1
CTSH,FY2026_Q1,COGNIZANT TECHNOLOGY SOLUTIONS US CORP,Certified,H-1B,Senior Associate JC60 - Software Developers,Software Developers,109283,II,GA,1
ACN,FY2026_Q1,Accenture LLP,Certified,H-1B,Custom Software Engineering Senior Mgr,Management Analysts,187600,IV,CT,1
ACN,FY2026_Q1,Accenture LLP,Certified,H-1B,Quality Engineering Associate Manager,Software Quality Assurance Analysts and Testers,128461,III,MD,1
HCLTECH,FY2026_Q1,HCL AMERICA INC,Certified,H-1B,Senior Technical Architect,Computer Systems Engineers/Architects,118784,III,SC,1
CTSH,FY2026_Q1,COGNIZANT TECHNOLOGY SOLUTIONS US CORP,Certified,H-1B,Manager JC50 - Information Technology Project Managers,Information Technology Project Managers,107640,III,IL,1
CTSH,FY2026_Q1,COGNIZANT TECHNOLOGY SOLUTIONS US CORP,Certified,H-1B,Manager JC50 - Network and Computer Systems Administrators,Network and Computer Systems Administrators,105768,III,OR,1
LTIM,FY2026_Q1,LTIMindtree Limited,Certified,H-1B,Computer Network Support Specialist,Computer Network Support Specialists,3120000,II,MI,1
CTSH,FY2026_Q1,COGNIZANT TECHNOLOGY SOLUTIONS US CORP,Certified,H-1B,Senior Manager JC45 - Computer Systems Engineers/Architects,Computer Systems Engineers/Architects,144144,IV,AZ,1
CTSH,FY2026_Q1,COGNIZANT TECHNOLOGY SOLUTIONS US CORP,Certified,H-1B,SA JC60 - Software Quality Assurance Analysts and Testers,Software Quality Assurance Analysts and Testers,82389,II,FL,1
CTSH,FY2026_Q1,COGNIZANT TECHNOLOGY SOLUTIONS US CORP,Certified,H-1B,Mgr. JC50 - Software Quality Assurance Analysts and Testers,Software Quality Assurance Analysts and Testers,104728,III,IL,1
INFY,FY2026_Q1,INFOSYS LIMITED,Certified,H-1B,Infrastructure Consultant 2,Web Administrators,92394,II,PA,5
HCLTECH,FY2026_Q1,HCL GLOBAL SYSTEMS INC,Certified,H-1B,COMPUTER SYSTEMS ANALYST,Computer Systems Analysts,92539,II,GA,1
CTSH,FY2026_Q1,COGNIZANT TECHNOLOGY SOLUTIONS US CORP,Certified,H-1B,Senior Associate JC60 -Computer Systems Engineers/Architects,Computer Systems Engineers/Architects,93538,II,AZ,1
MPHASIS,FY2026_Q1,Mphasis Corporation ,Certified,H-1B,Software Programmer II,Computer Programmers,114171,II,AZ,1
CTSH,FY2026_Q1,COGNIZANT TECHNOLOGY SOLUTIONS US CORP,Certified,H-1B,AD JC40 - Information Technology Project Managers,Information Technology Project Managers,158974,IV,NJ,1
TCS,FY2026_Q1,TATA CONSULTANCY SERVICES LIMITED,Certified,H-1B,Analyst,Computer Systems Analysts,92539,II,GA,1
INFY,FY2026_Q1,INFOSYS LIMITED,Certified,H-1B,Package Project Lead 3,Information Technology Project Managers,130562,IV,GA,5
CTSH,FY2026_Q1,COGNIZANT TECHNOLOGY SOLUTIONS US CORP,Certified,H-1B,Senior Associate JC60 -Computer Systems Engineers/Architects,Computer Systems Engineers/Architects,93538,II,AZ,1
IBM,FY2026_Q1,IBM Corporation,Certified,H-1B,Senior Application Programmer,Computer Systems Analysts,99840,III,IL,1
INFY,FY2026_Q1,INFOSYS LIMITED,Certified,H-1B,Infrastructure Consultant 2,Network and Computer Systems Administrators,86965,II,TX,5
CTSH,FY2026_Q1,COGNIZANT TECHNOLOGY SOLUTIONS US CORP,Certified,H-1B,Manager JC50 - Computer Systems Engineers/Architects,Computer Systems Engineers/Architects,126818,III,NJ,1
WIT,FY2026_Q1,WIPRO LIMITED,Certified,H-1B,Project Lead L1,"Computer Occupations, All Other",110245,II,PA,1
LTIM,FY2026_Q1,LTIMindtree Limited,Certified,H-1B,Database Administrator,Database Administrators,97344,II,DC,1
LTIM,FY2026_Q1,LTIMindtree Limited,Certified,H-1B,Software Developer,Software Developers,106475,II,CT,1
CTSH,FY2026_Q1,COGNIZANT TECHNOLOGY SOLUTIONS US CORP,Certified,H-1B,Manager JC50 - Computer Systems Engineers/Architects,Computer Systems Engineers/Architects,107640,III,IL,1
CTSH,FY2026_Q1,COGNIZANT TECHNOLOGY SOLUTIONS US CORP,Certified,H-1B,AD JC40 - Computer Systems Engineers/Architects,Computer Systems Engineers/Architects,142771,IV,PA,1
CTSH,FY2026_Q1,COGNIZANT TECHNOLOGY SOLUTIONS US CORP,Certified,H-1B,Manager JC50 - Computer Systems Engineers/Architects,Computer Systems Engineers/Architects,118456,III,TX,1
LTIM,FY2026_Q1,LTIMindtree Limited,Certified,H-1B,Information Technology Project Manager,Information Technology Project Managers,139298,III,WA,1
INFY,FY2026_Q1,INFOSYS LIMITED,Certified,H-1B,Process Project Lead 1,Project Management Specialists,80142,II,TX,5
LTIM,FY2026_Q1,LTIMindtree Limited,Certified,H-1B,Computer Systems Analyst,Computer Systems Analysts,99861,II,TX,1
TCS,FY2026_Q1,Tata Consultancy Services Limited,Certified,H-1B,Technical Lead,Information Technology Project Managers,78749,II,CA,1
MPHASIS,FY2026_Q1,Mphasis Corporation,Certified,H-1B,Database Administrator,Database Administrators,88660,II,AZ,1
CTSH,FY2026_Q1,COGNIZANT TECHNOLOGY SOLUTIONS US CORP,Certified,H-1B,Manager JC50 - Computer Systems Engineers/Architects,Computer Systems Engineers/Architects,118456,III,TX,1
ACN,FY2026_Q1,Accenture LLP,Certified,H-1B,Business Architecture Senior Manager,Computer Systems Analysts,214600,IV,WA,1
CTSH,FY2026_Q1,COGNIZANT TECHNOLOGY SOLUTIONS US CORP,Certified,H-1B,Mgr. JC50 - Software Quality Assurance Analysts and Testers,Software Quality Assurance Analysts and Testers,104728,III,IL,1
CTSH,FY2026_Q1,COGNIZANT TECHNOLOGY SOLUTIONS US CORP,Certified,H-1B,Senior Manager JC45 - Computer Systems Engineers/Architects,Computer Systems Engineers/Architects,158974,IV,NJ,1
ACN,FY2026_Q1,Accenture LLP,Certified,H-1B,Tech Architecture Assoc Manager,Software Developers,135408,III,NC,1
CTSH,FY2026_Q1,COGNIZANT TECHNOLOGY SOLUTIONS US CORP,Certified,H-1B,Sr. Mgr. JC45 - Information Technology Project Managers,Information Technology Project Managers,103376,IV,WI,1
ACN,FY2026_Q1,Accenture LLP,Certified,H-1B,Advanced App Engineering Manager,Software Quality Assurance Analysts and Testers,180500,IV,OR,1
CAP,FY2026_Q1,CAPGEMINI AMERICA INC,Certified,H-1B,Software Engineer 2,Software Developers,140000,II,TX,1
INFY,FY2026_Q1,CGINFOSYS INC,Certified,H-1B,Software Developer,Computer Programmers,82243,II,OH,1
ACN,FY2026_Q1,Accenture LLP,Certified,H-1B,Packaged App Development Sr Manager,Information Technology Project Managers,200100,IV,WA,1
ACN,FY2026_Q1,Accenture LLP,Certified,H-1B,Quality Engineering Manager,Software Quality Assurance Analysts and Testers,138320,IV,OR,1
LTIM,FY2026_Q1,LTIMindtree Limited,Certified,H-1B,Information Technology Project Manager,Information Technology Project Managers,60403,II,FL,1
G,FY2026_Q1,Genpact LLC,Certified,H-1B,Senior Manager,Software Developers,144870,II,TX,1
CTSH,FY2026_Q1,COGNIZANT TECHNOLOGY SOLUTIONS US CORP,Certified,H-1B,Manager JC50 - Computer Systems Engineers/Architects,Computer Systems Engineers/Architects,92082,III,PA,1
INFY,FY2026_Q1,INFOSYS LIMITED,Certified,H-1B,Technology Consultant 2,Computer Systems Engineers/Architects,92581,II,TX,1
ACN,FY2026_Q1,Accenture LLP,Certified,H-1B,Custom Software Engineering Senior Mgr,Management Analysts,179700,IV,NY,1
CTSH,FY2026_Q1,COGNIZANT TECHNOLOGY SOLUTIONS US CORP,Certified,H-1B,Senior Manager JC45 - Computer Systems Engineers/Architects,Computer Systems Engineers/Architects,123240,IV,MO,1
G,FY2026_Q1,Genpact LLC,Certified,H-1B,Principal Consultant,Software Developers,127500,II,GA,1
MPHASIS,FY2026_Q1,Mphasis Corporation,Certified,H-1B,Software Engineer,Computer Programmers,99000,II,OH,1
CTSH,FY2026_Q1,COGNIZANT TECHNOLOGY SOLUTIONS US CORP,Certified,H-1B,Manager JC50 - Network and Computer Systems Administrators,Network and Computer Systems Administrators,105768,III,OR,1
CTSH,FY2026_Q1,COGNIZANT TECHNOLOGY SOLUTIONS US CORP,Certified,H-1B,Manager JC50 - Computer Systems Engineers/Architects,Computer Systems Engineers/Architects,116251,III,NJ,1
CTSH,FY2026_Q1,COGNIZANT TECHNOLOGY SOLUTIONS US CORP,Certified,H-1B,Manager JC50 - Project Management Specialists,Project Management Specialists,150218,III,CA,1
CTSH,FY2026_Q1,COGNIZANT TECHNOLOGY SOLUTIONS US CORP,Certified,H-1B,Manager JC50 - Computer Systems Engineers/Architects,Computer Systems Engineers/Architects,100090,III,IN,1
INFY,FY2026_Q1,INFOSYS LIMITED,Certified,H-1B,Technology Consultant 1,Computer Systems Engineers/Architects,139443,II,CA,1
TCS,FY2026_Q1,TATA CONSULTANCY SERVICES LIMITED,Certified,H-1B,Project Lead,Information Technology Project Managers,118331,IV,OH,1
CTSH,FY2026_Q1,COGNIZANT TECHNOLOGY SOLUTIONS US CORP,Certified,H-1B,AD JC40 - Information Technology Project Managers,Information Technology Project Managers,143790,IV,CA,1
CTSH,FY2026_Q1,COGNIZANT TECHNOLOGY SOLUTIONS US CORP,Certified,H-1B,AD JC40 - Information Technology Project Managers,Information Technology Project Managers,143790,IV,CA,1
CTSH,FY2026_Q1,COGNIZANT TECHNOLOGY SOLUTIONS US CORP,Certified,H-1B,Manager JC50 - Computer Systems Engineers/Architects,Computer Systems Engineers/Architects,126818,III,NJ,1
MPHASIS,FY2026_Q1,Mphasis Corporation ,Certified,H-1B,Software Programmer II,Computer Programmers,106683,II,CO,1
CTSH,FY2026_Q1,COGNIZANT TECHNOLOGY SOLUTIONS US CORP,Certified,H-1B,Manager JC50 - Computer Systems Engineers/Architects,Computer Systems Engineers/Architects,87755,III,FL,1
INFY,FY2026_Q1,INFOSYS LIMITED,Certified,H-1B,Senior Technology Architect - US,Computer Systems Engineers/Architects,118456,III,TX,5
LTIM,FY2026_Q1,LTIMindtree Limited,Certified,H-1B,Information Technology Project Manager,Information Technology Project Managers,92582,II,TX,1
ACN,FY2026_Q1,Accenture LLP,Certified,H-1B,Business Architecture Manager,Computer Programmers,167300,IV,FL,1
CTSH,FY2026_Q1,COGNIZANT TECHNOLOGY SOLUTIONS US CORP,Certified,H-1B,Manager JC50 - Computer Systems Engineers/Architects,Computer Systems Engineers/Architects,111030,III,VA,1
HCLTECH,FY2026_Q1,HCL AMERICA INC,Certified,H-1B,Senior Group Technical Architect,Computer Systems Engineers/Architects,144310,IV,TX,1
INFY,FY2026_Q1,INFOSYS LIMITED,Certified,H-1B,Technology Architect - US,Computer Systems Engineers/Architects,108514,III,GA,5
INFY,FY2026_Q1,INFOSYS LIMITED,Certified,H-1B,Technology Consultant 3,Computer Systems Engineers/Architects,126256,III,NC,5
CTSH,FY2026_Q1,COGNIZANT TECHNOLOGY SOLUTIONS US CORP,Certified,H-1B,Manager JC50 - Computer Systems Engineers/Architects,Computer Systems Engineers/Architects,86403,III,WI,1
INFY,FY2026_Q1,INFOSYS LIMITED,Certified,H-1B,Technology Project Lead 2,Information Technology Project Managers,139298,III,WA,5
LTIM,FY2026_Q1,LTIMindtree Limited,Certified,H-1B,Network and Computer System Administrator,Network and Computer Systems Administrators,86965,II,TX,1
INFY,FY2026_Q1,INFOSYS LIMITED,Certified,H-1B,Technology Consultant 2,Computer Systems Engineers/Architects,82285,II,IN,1
CTSH,FY2026_Q1,COGNIZANT TECHNOLOGY SOLUTIONS US CORP,Certified,H-1B,Mgr. JC50 - Software Quality Assurance Analysts and Testers,Software Quality Assurance Analysts and Testers,104728,III,IL,1
INFY,FY2026_Q1,INFOSYS LIMITED,Certified,H-1B,Infrastructure Project Lead 2,Information Technology Project Managers,113797,III,SC,5
CTSH,FY2026_Q1,COGNIZANT TECHNOLOGY SOLUTIONS US CORP,Certified,H-1B,Senior Associate JC60 -Computer Systems Engineers/Architects,Computer Systems Engineers/Architects,93538,II,AZ,1
INFY,FY2026_Q1,INFOSYS LIMITED,Certified,H-1B,Technology Project Lead 1,Information Technology Project Managers,92581,II,TX,5
INFY,FY2026_Q1,INFOSYS LIMITED,Certified,H-1B,Technology Consultant 2,Computer Systems Engineers/Architects,86403,II,CA,5
ACN,FY2026_Q1,Accenture LLP,Certified,H-1B,Tech Architecture Sr Manager,Computer Programmers,202700,IV,TX,1
CTSH,FY2026_Q1,COGNIZANT TECHNOLOGY SOLUTIONS US CORP,Certified,H-1B,SA JC60 - Software Quality Assurance Analysts and Testers,Software Quality Assurance Analysts and Testers,92310,II,NC,1
CTSH,FY2026_Q1,COGNIZANT TECHNOLOGY SOLUTIONS US CORP,Certified,H-1B,Senior Associate JC60 -Computer Systems Engineers/Architects,Computer Systems Engineers/Architects,82846,II,IL,1
LTIM,FY2026_Q1,LTIMindtree Limited,Certified,H-1B,Software Quality Assurance Analyst and Tester,Software Quality Assurance Analysts and Testers,91375,II,TX,1
MPHASIS,FY2026_Q1,Mphasis Corporation,Certified,H-1B,Test Engineer,Software Quality Assurance Analysts and Testers,77734,II,OH,1
ACN,FY2026_Q1,Accenture LLP,Certified,H-1B,Business Architecture Manager,Information Technology Project Managers,155700,IV,OH,1
MPHASIS,FY2026_Q1,Mphasis Corporation ,Certified,H-1B,Software Programmer II,Computer Programmers,95000,II,OH,1
CTSH,FY2026_Q1,COGNIZANT TECHNOLOGY SOLUTIONS US CORP,Certified,H-1B,Senior Manager JC45 - Project Management Specialists,Project Management Specialists,150550,IV,WA,1
TCS,FY2026_Q1,TATA CONSULTANCY SERVICES LIMITED,Certified,H-1B,Validation Engineer,Validation Engineers,120182,II,CA,1
INFY,FY2026_Q1,INFOSYS LIMITED,Certified,H-1B,Technology Project Lead 1,Information Technology Project Managers,94682,II,NJ,1
INFY,FY2026_Q1,INFOSYS LIMITED,Certified,H-1B,Technology Consultant 2,Computer Systems Engineers/Architects,92581,II,TX,1
CTSH,FY2026_Q1,COGNIZANT TECHNOLOGY SOLUTIONS US CORP,Certified,H-1B,Manager JC50 - Computer Systems Engineers/Architects,Computer Systems Engineers/Architects,108514,III,GA,1
INFY,FY2026_Q1,INFOSYS LIMITED,Certified,H-1B,Manager - Data Science,Management Analysts,131560,IV,TX,5
CTSH,FY2026_Q1,COGNIZANT TECHNOLOGY SOLUTIONS US CORP,Certified,H-1B,AD JC40 - Information Technology Project Managers,Information Technology Project Managers,142730,IV,NJ,1
CTSH,FY2026_Q1,COGNIZANT TECHNOLOGY SOLUTIONS US CORP,Certified,H-1B,Senior Manager JC45 - Computer Systems Engineers/Architects,Computer Systems Engineers/Architects,130562,IV,GA,1
CTSH,FY2026_Q1,COGNIZANT TECHNOLOGY SOLUTIONS US CORP,Certified,H-1B,Manager JC50 - Computer Systems Engineers/Architects,Computer Systems Engineers/Architects,126818,III,NJ,1
INFY,FY2026_Q1,INFOSYS LIMITED,Certified,H-1B,Technology Architect - US,Computer Systems Engineers/Architects,181293,III,CA,1
INFY,FY2026_Q1,INFOSYS LIMITED,Certified,H-1B,Technology Consultant 2,Computer Systems Engineers/Architects,86445,II,GA,5
CTSH,FY2026_Q1,COGNIZANT TECHNOLOGY SOLUTIONS US CORP,Certified,H-1B,SA JC60 - Software Quality Assurance Analysts and Testers,Software Quality Assurance Analysts and Testers,92310,II,NC,1
DXC,FY2026_Q1,DXC Technology Services LLC,Certified,H-1B,Manager Contracts,Compliance Managers,142455,III,GA,1
ACN,FY2026_Q1,Accenture LLP,Certified,H-1B,"Data Eng, Mgmt & Governance Manager",Management Analysts,164100,IV,NC,1
CNXC,FY2026_Q1,Concentrix CVG Customer Management Group Inc.,Certified,H-1B,Sr. Software Engineer,Software Developers,109283,II,GA,1
CTSH,FY2026_Q1,COGNIZANT TECHNOLOGY SOLUTIONS US CORP,Certified,H-1B,Manager JC50 - Computer Systems Engineers/Architects,Computer Systems Engineers/Architects,113797,III,NC,1
INFY,FY2026_Q1,INFOSYS LIMITED,Certified,H-1B,Package Consultant 2 - Functional,Computer Systems Analysts,92248,II,TX,5
INFY,FY2026_Q1,INFOSYS LIMITED,Certified,H-1B,Package Consultant 2,Computer Systems Engineers/Architects,60000,II,AR,5
CTSH,FY2026_Q1,COGNIZANT TECHNOLOGY SOLUTIONS US CORP,Certified,H-1B,Sr. Mgr. JC45 - Information Technology Project Managers,Information Technology Project Managers,132434,IV,IL,1
LTIM,FY2026_Q1,LTIMindtree Limited,Certified,H-1B,Computer Network Support Specialist,Computer Network Support Specialists,91583,II,WA,1
CTSH,FY2026_Q1,COGNIZANT TECHNOLOGY SOLUTIONS US CORP,Certified,H-1B,AD JC40 - Computer Systems Engineers/Architects,Computer Systems Engineers/Architects,158974,IV,NJ,1
CTSH,FY2026_Q1,COGNIZANT TECHNOLOGY SOLUTIONS US CORP,Certified,H-1B,Sr. Mgr. JC45 - Information Technology Project Managers,Information Technology Project Managers,158974,IV,NJ,1
EPAM,FY2026_Q1,EPAM Systems Inc.,Certified,H-1B,Lead Business Analyst,Operations Research Analysts,143000,II,CA,1
ACN,FY2026_Q1,Accenture LLP,Certified,H-1B,"Data Eng, Mgmt & Governance Manager",Management Analysts,188000,IV,MI,1
INFY,FY2026_Q1,INFOSYS LIMITED,Certified,H-1B,Senior Technologist,Software Developers,134971,III,TX,5
INFY,FY2026_Q1,INFOSYS LIMITED,Certified,H-1B,Senior Principal - Business Consulting,Management Analysts,156458,IV,IL,5
INFY,FY2026_Q1,INFOSYS LIMITED,Certified,H-1B,Technology Consultant 2,Computer Systems Engineers/Architects,92581,II,TX,1
LTIM,FY2026_Q1,LTIMindtree Limited,Certified,H-1B,Information Technology Project Manager,Information Technology Project Managers,81765,II,CT,1
CTSH,FY2026_Q1,COGNIZANT TECHNOLOGY SOLUTIONS US CORP,Certified,H-1B,AD JC40 - Information Technology Project Managers,Information Technology Project Managers,145246,IV,CA,1
CTSH,FY2026_Q1,COGNIZANT TECHNOLOGY SOLUTIONS US CORP,Certified,H-1B,Senior Manager JC45 - Computer Programmers,Computer Programmers,120494,IV,TX,1
INFY,FY2026_Q1,INFOSYS LIMITED,Certified,H-1B,Domain Consultant 2,Management Analysts,96491,II,CA,5
MPHASIS,FY2026_Q1,Mphasis Corporation,Certified,H-1B,Test Engineer,Software Quality Assurance Analysts and Testers,77734,II,OH,1
CTSH,FY2026_Q1,COGNIZANT TECHNOLOGY SOLUTIONS US CORP,Certified,H-1B,Senior Manager JC45 - Computer Systems Engineers/Architects,Computer Systems Engineers/Architects,123240,IV,MO,1
LTIM,FY2026_Q1,LTIMindtree Limited,Certified,H-1B,Computer Systems Engineer/Architect,Computer Systems Engineers/Architects,126818,III,NJ,1
LTIM,FY2026_Q1,LTIMindtree Limited,Certified,H-1B,Computer Programmer,Computer Programmers,83637,II,CA,1
INFY,FY2026_Q1,INFOSYS LIMITED,Certified,H-1B,Domain Project Lead 2,Project Management Specialists,99736,III,TX,5
INFY,FY2026_Q1,INFOSYS LIMITED,Certified,E-3 Australian,Technology Consultant 2,Computer Systems Engineers/Architects,92581,II,TX,1
CTSH,FY2026_Q1,COGNIZANT TECHNOLOGY SOLUTIONS US CORP,Certified,H-1B,Senior Associate JC60 - Software Developers,Software Developers,90002,II,TX,1
MPHASIS,FY2026_Q1,Mphasis Corporation ,Certified,H-1B,QA Test Engineer II,Software Quality Assurance Analysts and Testers,100000,II,PA,1
ACN,FY2026_Q1,Accenture LLP,Certified,H-1B,Packaged App Development Sr Manager,Information Technology Project Managers,190100,IV,CO,1
TCS,FY2026_Q1,TATA CONSULTANCY SERVICES LIMITED,Certified,H-1B,Network Administrator,Network and Computer Systems Administrators,86965,II,TX,1
CTSH,FY2026_Q1,COGNIZANT TECHNOLOGY SOLUTIONS US CORP,Certified,H-1B,Manager JC50 - Computer Systems Engineers/Architects,Computer Systems Engineers/Architects,107640,III,IL,1
MPHASIS,FY2026_Q1,Mphasis Corporation,Certified,E-3 Australian,Software Engineer,Software Developers,135000,II,TX,1
INFY,FY2026_Q1,CGINFOSYS INC,Certified,H-1B,Software Developer,Computer Programmers,82243,II,OH,1
CTSH,FY2026_Q1,COGNIZANT TECHNOLOGY SOLUTIONS US CORP,Certified,H-1B,Manager JC50 - Computer Systems Engineers/Architects,Computer Systems Engineers/Architects,108846,III,UT,1
CTSH,FY2026_Q1,COGNIZANT TECHNOLOGY SOLUTIONS US CORP,Certified,H-1B,Manager JC50 - Network and Computer Systems Administrators,Network and Computer Systems Administrators,119038,III,NY,1
MPHASIS,FY2026_Q1,Mphasis Corporation,Certified,H-1B,Project Manager,Information Technology Project Managers,160000,II,MN,1
ACN,FY2026_Q1,Accenture LLP,Certified,H-1B,Business Architecture Manager,Information Technology Project Managers,163500,IV,IN,1
CTSH,FY2026_Q1,COGNIZANT TECHNOLOGY SOLUTIONS US CORP,Certified,H-1B,Senior Manager JC45 - Project Management Specialists,Project Management Specialists,150550,IV,WA,1
CTSH,FY2026_Q1,COGNIZANT WORLDWIDE LIMITED,Certified,H-1B,AD JC40 - Computer Systems Engineers/Architects,Computer Systems Engineers/Architects,132434,IV,IL,1
CTSH,FY2026_Q1,COGNIZANT TECHNOLOGY SOLUTIONS US CORP,Certified,H-1B,Senior Manager JC45 - Computer Systems Engineers/Architects,Computer Systems Engineers/Architects,140795,IV,NC,1
INFY,FY2026_Q1,INFOSYS LIMITED,Certified,H-1B,Technology Consultant 2,Computer Systems Engineers/Architects,86403,II,CA,5
CTSH,FY2026_Q1,COGNIZANT TECHNOLOGY SOLUTIONS US CORP,Certified,H-1B,Manager JC50 - Computer Systems Engineers/Architects,Computer Systems Engineers/Architects,122637,III,OR,1
CTSH,FY2026_Q1,COGNIZANT TECHNOLOGY SOLUTIONS US CORP,Certified,H-1B,AD JC40 - Computer Systems Engineers/Architects,Computer Systems Engineers/Architects,158974,IV,NY,1
CTSH,FY2026_Q1,COGNIZANT TECHNOLOGY SOLUTIONS US CORP,Certified,H-1B,Manager JC50 - Computer Systems Engineers/Architects,Computer Systems Engineers/Architects,122637,III,OR,1
CTSH,FY2026_Q1,COGNIZANT TECHNOLOGY SOLUTIONS US CORP,Certified,H-1B,Manager JC50 - Information Technology Project Managers,Information Technology Project Managers,107640,III,IL,1
CTSH,FY2026_Q1,COGNIZANT TECHNOLOGY SOLUTIONS US CORP,Certified,H-1B,Sr. Mgr. JC45 - Information Technology Project Managers,Information Technology Project Managers,158974,IV,NJ,1
LTIM,FY2026_Q1,LTIMindtree Limited,Certified,H-1B,Computer Systems Engineer/Architect,Computer Systems Engineers/Architects,92582,II,TX,1
MPHASIS,FY2026_Q1,Mphasis Corporation,Certified,H-1B,Software Engineer,Computer Programmers,85000,II,TX,1
CTSH,FY2026_Q1,COGNIZANT TECHNOLOGY SOLUTIONS US CORP,Certified,H-1B,Sr. Mgr. JC45 - Information Technology Project Managers,Information Technology Project Managers,126339,IV,CT,1
CTSH,FY2026_Q1,COGNIZANT TECHNOLOGY SOLUTIONS US CORP,Certified,H-1B,Manager JC50 - Project Management Specialists,Project Management Specialists,150218,III,CA,1
CTSH,FY2026_Q1,COGNIZANT TECHNOLOGY SOLUTIONS US CORP,Certified,H-1B,Manager JC50 - Computer Systems Engineers/Architects,Computer Systems Engineers/Architects,113797,III,NC,1
CTSH,FY2026_Q1,COGNIZANT TECHNOLOGY SOLUTIONS US CORP,Certified,H-1B,Senior Manager JC45 - Computer Systems Engineers/Architects,Computer Systems Engineers/Architects,142771,IV,NJ,1
CTSH,FY2026_Q1,COGNIZANT TECHNOLOGY SOLUTIONS US CORP,Certified,H-1B,Manager JC50 - Computer Systems Engineers/Architects,Computer Systems Engineers/Architects,108514,III,GA,1
CTSH,FY2026_Q1,COGNIZANT TECHNOLOGY SOLUTIONS US CORP,Certified,H-1B,Senior Manager JC45 - Computer Systems Engineers/Architects,Computer Systems Engineers/Architects,158974,IV,NJ,1
INFY,FY2026_Q1,INFOSYS LIMITED,Certified,H-1B,Senior Technology Architect - US,Computer Systems Engineers/Architects,126818,III,NJ,5
CTSH,FY2026_Q1,COGNIZANT TECHNOLOGY SOLUTIONS US CORP,Certified,H-1B,Manager JC50 - Computer Systems Engineers/Architects,Computer Systems Engineers/Architects,111862,III,TX,1
CTSH,FY2026_Q1,COGNIZANT TECHNOLOGY SOLUTIONS US CORP,Certified,H-1B,Mgr. JC50 - Software Quality Assurance Analysts and Testers,Software Quality Assurance Analysts and Testers,100630,III,RI,1
ACN,FY2026_Q1,Accenture LLP,Certified,H-1B,Packaged App Development Specialist,Computer Systems Analysts,97300,II,TN,1
HCLTECH,FY2026_Q1,HCL AMERICA INC,Certified,H-1B,Domain Consultant,Management Analysts,155605,IV,CA,1
ACN,FY2026_Q1,Accenture LLP,Certified,H-1B,Business Architecture Manager,Software Developers,159907,IV,GA,1
ACN,FY2026_Q1,Accenture LLP,Certified,H-1B,"Data Eng, Mgmt and Governance Assoc Mgr",Computer Systems Analysts,148100,III,PA,1
CTSH,FY2026_Q1,COGNIZANT TECHNOLOGY SOLUTIONS US CORP,Certified,H-1B,Senior Manager JC45 - Computer Systems Engineers/Architects,Computer Systems Engineers/Architects,140795,IV,NC,1
CTSH,FY2026_Q1,COGNIZANT TECHNOLOGY SOLUTIONS US CORP,Certified,H-1B,Manager JC50 - Computer Systems Engineers/Architects,Computer Systems Engineers/Architects,116251,III,NJ,1
TCS,FY2026_Q1,Tata Consultancy Services Limited,Certified,H-1B,Architect,Computer Systems Engineers/Architects,94682,II,NY,1
INFY,FY2026_Q1,INFOSYS LIMITED,Certified,H-1B,Process Consultant 2,Management Analysts,94120,II,CT,1
CTSH,FY2026_Q1,COGNIZANT TECHNOLOGY SOLUTIONS US CORP,Certified,H-1B,Manager JC50 - Computer Systems Engineers/Architects,Computer Systems Engineers/Architects,108514,III,GA,1
INFY,FY2026_Q1,"KI INFOSYSTEMS, LLC.",Certified,H-1B,SOFTWARE DEVELOPER,Software Developers,78000,I,MO,1
HCLTECH,FY2026_Q1,HCL AMERICA INC,Certified,H-1B,Portfolio Director,Information Technology Project Managers,135512,IV,TX,1
CTSH,FY2026_Q1,COGNIZANT TECHNOLOGY SOLUTIONS US CORP,Certified,H-1B,Manager JC50 - Information Technology Project Managers,Information Technology Project Managers,117582,III,PA,1
INFY,FY2026_Q1,INFOSYS LIMITED,Certified,H-1B,Technology Consultant 2,Computer Systems Engineers/Architects,81474,II,PA,1
CTSH,FY2026_Q1,COGNIZANT TECHNOLOGY SOLUTIONS US CORP,Certified,H-1B,Manager JC50 - Computer Systems Engineers/Architects,Computer Systems Engineers/Architects,115835,III,CA,1
CTSH,FY2026_Q1,COGNIZANT TECHNOLOGY SOLUTIONS US CORP,Certified,H-1B,Senior Associate JC60 -Computer Systems Engineers/Architects,Computer Systems Engineers/Architects,94682,II,NJ,1
ACN,FY2026_Q1,Accenture LLP,Certified,H-1B,"Data Eng, Mgmt and Governance Sr Manager",Computer Programmers,205600,IV,IL,1
CTSH,FY2026_Q1,COGNIZANT TECHNOLOGY SOLUTIONS US CORP,Certified,H-1B,Manager JC50 - Computer Systems Engineers/Architects,Computer Systems Engineers/Architects,117582,III,PA,1
CTSH,FY2026_Q1,COGNIZANT TECHNOLOGY SOLUTIONS US CORP,Certified,H-1B,Senior Associate JC60 -Computer Systems Engineers/Architects,Computer Systems Engineers/Architects,82846,II,IL,1
CTSH,FY2026_Q1,COGNIZANT TECHNOLOGY SOLUTIONS US CORP,Certified,H-1B,Mgr. JC50 - Software Quality Assurance Analysts and Testers,Software Quality Assurance Analysts and Testers,110344,III,NJ,1
WIT,FY2026_Q1,WIPRO LIMITED,Certified,H-1B,Technical Lead L1,Computer Programmers,134000,II,NJ,1
ACN,FY2026_Q1,Accenture LLP,Certified,H-1B,Packaged App Development Manager,Computer Systems Analysts,140200,IV,GA,1
CTSH,FY2026_Q1,COGNIZANT TECHNOLOGY SOLUTIONS US CORP,Certified,H-1B,AD JC40 - Information Technology Project Managers,Information Technology Project Managers,144310,IV,TX,1
INFY,FY2026_Q1,INFOSYS LIMITED,Certified,H-1B,Technology Architect - US,Computer Systems Engineers/Architects,118456,III,TX,1
CTSH,FY2026_Q1,COGNIZANT TECHNOLOGY SOLUTIONS US CORP,Certified,H-1B,Senior Manager JC45 - Computer Systems Engineers/Architects,Computer Systems Engineers/Architects,158974,IV,NJ,1
CTSH,FY2026_Q1,"Cognizant TriZetto Software Group, Inc.",Certified,H-1B,Senior Manager JC45 - Computer Systems Engineers/Architects,Computer Systems Engineers/Architects,144144,IV,AZ,1
EPAM,FY2026_Q1,EPAM Systems Inc.,Certified,H-1B,SENIOR SOFTWARE ENGINEER,Software Developers,132000,II,NJ,1
HCLTECH,FY2026_Q1,HCL AMERICA INC,Certified,H-1B,Project Lead,Information Technology Project Managers,126900,III,FL,1
CAP,FY2026_Q1,CAPGEMINI AMERICA INC,Certified,H-1B,Programmer/ Developer 3,Computer Programmers,100000,III,TX,1
TCS,FY2026_Q1,TATA CONSULTANCY SERVICES LIMITED,Certified,H-1B,Architect,Computer Systems Engineers/Architects,84469,II,FL,1
CTSH,FY2026_Q1,COGNIZANT TECHNOLOGY SOLUTIONS US CORP,Certified,H-1B,Manager JC50 - Computer Systems Engineers/Architects,Computer Systems Engineers/Architects,107640,III,IL,1
INFY,FY2026_Q1,INFOSYS LIMITED,Certified,H-1B,Package Project Lead 1,Information Technology Project Managers,92581,II,TX,5
WIT,FY2026_Q1,WIPRO LIMITED,Certified,H-1B,Developer L3,Computer Programmers,130853,II,CA,1
CTSH,FY2026_Q1,COGNIZANT TECHNOLOGY SOLUTIONS US CORP,Certified,H-1B,Senior Associate JC60 -Computer Systems Engineers/Architects,Computer Systems Engineers/Architects,95160,II,VA,1
TCS,FY2026_Q1,Tata Consultancy Services Limited,Certified,H-1B,Analyst,Computer Systems Analysts,88400,III,AR,1
CTSH,FY2026_Q1,"Cognizant TriZetto Software Group, Inc.",Certified,H-1B,Senior Manager JC45 - Computer Systems Engineers/Architects,Computer Systems Engineers/Architects,144144,IV,AZ,1
TCS,FY2026_Q1,TATA CONSULTANCY SERVICES LIMITED,Certified,H-1B,Project Lead,Information Technology Project Managers,126818,III,NJ,1
CTSH,FY2026_Q1,COGNIZANT TECHNOLOGY SOLUTIONS US CORP,Certified,H-1B,Senior Manager JC45 - Computer Systems Engineers/Architects,Computer Systems Engineers/Architects,128149,IV,IA,1
CTSH,FY2026_Q1,COGNIZANT TECHNOLOGY SOLUTIONS US CORP,Certified,H-1B,Manager JC50 - Computer Systems Engineers/Architects,Computer Systems Engineers/Architects,109013,III,CA,1
INFY,FY2026_Q1,INFOSYS LIMITED,Certified,H-1B,Technology Consultant 2,Computer Systems Engineers/Architects,79560,II,WI,5
CTSH,FY2026_Q1,COGNIZANT TECHNOLOGY SOLUTIONS US CORP,Certified,H-1B,AD JC40 - Computer Systems Engineers/Architects,Computer Systems Engineers/Architects,128149,IV,IA,1
INFY,FY2026_Q1,INFOSYS LIMITED,Certified,H-1B,Technology Consultant 2,Computer Systems Engineers/Architects,90605,II,TX,1
LTIM,FY2026_Q1,LTIMindtree Limited,Certified,H-1B,Software Developers,Software Developers,100798,II,FL,1
CAP,FY2026_Q1,CAPGEMINI AMERICA INC,Certified,H-1B,Programmer/ Developer 3,Computer Programmers,118000,III,TX,1
TECHM,FY2026_Q1,"TECH MAHINDRA (AMERICAS), INC",Certified,H-1B,Program Manager,Computer and Information Systems Managers,127795,II,MO,1
TCS,FY2026_Q1,TATA CONSULTANCY SERVICES LIMITED,Certified,H-1B,System Administrator,Network and Computer Systems Administrators,91354,II,CO,1
LTIM,FY2026_Q1,LTIMindtree Limited,Certified,H-1B,Software Developers,Software Developers,109284,II,GA,1
IBM,FY2026_Q1,IBM Corporation,Certified,H-1B,Managing Consultant,Information Security Engineers,159000,IV,NJ,1
CTSH,FY2026_Q1,COGNIZANT TECHNOLOGY SOLUTIONS US CORP,Certified,H-1B,Manager JC50 - Computer Systems Engineers/Architects,Computer Systems Engineers/Architects,139407,III,MA,1
CTSH,FY2026_Q1,COGNIZANT TECHNOLOGY SOLUTIONS US CORP,Certified,H-1B,AD JC40 - Information Technology Project Managers,Information Technology Project Managers,132434,IV,IL,1
INFY,FY2026_Q1,INFOSYS LIMITED,Certified,H-1B,Domain Consultant 2,Management Analysts,89419,II,GA,5
CAP,FY2026_Q1,CAPGEMINI AMERICA INC,Certified,H-1B,Programmer/ Developer 3,Computer Programmers,122000,III,NC,1
TCS,FY2026_Q1,TATA CONSULTANCY SERVICES LIMITED,Certified,H-1B,Developer,Computer Programmers,92206,II,NC,1
CTSH,FY2026_Q1,COGNIZANT TECHNOLOGY SOLUTIONS US CORP,Certified,H-1B,Sr. Mgr. JC45 - Information Technology Project Managers,Information Technology Project Managers,157560,IV,NC,1
INFY,FY2026_Q1,INFOSYS LIMITED,Certified,H-1B,Domain Project Lead 2,Project Management Specialists,108888,III,NC,5
INFY,FY2026_Q1,INFOSYS LIMITED,Certified,H-1B,Package Consultant 2,Computer Systems Engineers/Architects,81765,II,CT,1
HCLTECH,FY2026_Q1,HCL AMERICA INC,Certified,H-1B,Service Success Head,Information Technology Project Managers,132443,IV,WI,1
TCS,FY2026_Q1,Tata Consultancy Services Limited,Certified,H-1B,Technical Lead,Information Technology Project Managers,86445,II,GA,1
TCS,FY2026_Q1,Tata Consultancy Services Limited,Certified,H-1B,Software Developer,Software Developers,110000,II,NE,1
ACN,FY2026_Q1,Accenture LLP,Certified,H-1B,Delivery Lead Manager,Software Developers,155522,IV,FL,1
IBM,FY2026_Q1,IBM Corporation,Certified,H-1B,Business Development Leader,Software Developers,193412,IV,CO,1
TCS,FY2026_Q1,TATA CONSULTANCY SERVICES LIMITED,Certified,H-1B,Technical Lead,Information Technology Project Managers,99736,II,CO,1
CTSH,FY2026_Q1,COGNIZANT TECHNOLOGY SOLUTIONS US CORP,Certified,H-1B,Senior Manager JC45 - Computer Systems Engineers/Architects,Computer Systems Engineers/Architects,157560,IV,NC,1
LTIM,FY2026_Q1,LTIMindtree Limited,Certified,H-1B,Specialist - Cloud & Infra Management,Network and Computer Systems Administrators,82306,II,TX,1
CTSH,FY2026_Q1,COGNIZANT TECHNOLOGY SOLUTIONS US CORP,Certified,H-1B,Mgr. JC50 - Software Quality Assurance Analysts and Testers,Software Quality Assurance Analysts and Testers,104728,III,IL,1
LTIM,FY2026_Q1,LTIMindtree Limited,Certified,H-1B,Managing Principal - Service Design,Computer Systems Engineers/Architects,158974,IV,NJ,1
TCS,FY2026_Q1,Tata Consultancy Services Limited,Certified,H-1B,Analyst,Computer Systems Analysts,92331,II,NC,1
MPHASIS,FY2026_Q1,Mphasis Corporation,Certified,H-1B,Software Engineer,Computer Programmers,140000,II,TX,1
CTSH,FY2026_Q1,COGNIZANT TECHNOLOGY SOLUTIONS US CORP,Certified,H-1B,Mgr. JC50 - Software Quality Assurance Analysts and Testers,Software Quality Assurance Analysts and Testers,108410,III,NC,1
ACN,FY2026_Q1,Accenture LLP,Certified,H-1B,Test Automation Eng Associate Manager,Software Quality Assurance Analysts and Testers,128600,III,TX,1
INFY,FY2026_Q1,INFOSYS LIMITED,Certified,H-1B,Technology Project Lead 1,Information Technology Project Managers,69618,II,NC,1
WIT,FY2026_Q1,WIPRO LIMITED,Certified,H-1B,Project Manager L1,Information Technology Project Managers,90501,II,MA,1
CTSH,FY2026_Q1,COGNIZANT TECHNOLOGY SOLUTIONS US CORP,Certified,H-1B,Manager JC50 - Software Developers,Software Developers,133536,III,NC,1
CTSH,FY2026_Q1,COGNIZANT TECHNOLOGY SOLUTIONS US CORP,Certified,H-1B,Mgr. JC50 - Software Quality Assurance Analysts and Testers,Software Quality Assurance Analysts and Testers,104728,III,IL,1
INFY,FY2026_Q1,INFOSYS LIMITED,Certified,H-1B,Infrastructure Project Lead 2,Information Technology Project Managers,118456,III,TX,5
CTSH,FY2026_Q1,COGNIZANT TECHNOLOGY SOLUTIONS US CORP,Certified,H-1B,Mgr. JC50 - Software Quality Assurance Analysts and Testers,Software Quality Assurance Analysts and Testers,109782,III,MN,1
INFY,FY2026_Q1,INFOSYS LIMITED,Certified,H-1B,Technology Consultant 2,Computer Systems Engineers/Architects,82846,II,IL,5
CTSH,FY2026_Q1,COGNIZANT TECHNOLOGY SOLUTIONS US CORP,Certified,H-1B,Manager JC50 - Computer Systems Engineers/Architects,Computer Systems Engineers/Architects,118456,III,TX,1
CTSH,FY2026_Q1,COGNIZANT TECHNOLOGY SOLUTIONS US CORP,Certified,H-1B,Manager JC50 - Computer Systems Engineers/Architects,Computer Systems Engineers/Architects,111030,III,VA,1
IBM,FY2026_Q1,IBM Corporation,Certified,H-1B,Package Consultant,Software Quality Assurance Analysts and Testers,148400,IV,TX,1
WIT,FY2026_Q1,WIPRO LIMITED,Certified,H-1B,Domain Consultant L4,Management Analysts,105414,III,TN,1
WIT,FY2026_Q1,WIPRO LIMITED,Certified,H-1B,Solution Lead L1,Computer Programmers,96637,II,KY,1
INFY,FY2026_Q1,INFOSYS LIMITED,Certified,H-1B,Process Project Lead 1,Project Management Specialists,101317,II,WA,1
INFY,FY2026_Q1,INFOSYS LIMITED,Certified,H-1B,Package Project Lead 2,Information Technology Project Managers,126818,III,NJ,5
WIT,FY2026_Q1,WIPRO LIMITED,Certified,H-1B,Technical Lead L1,Computer Programmers,130000,II,TX,1
CTSH,FY2026_Q1,COGNIZANT TECHNOLOGY SOLUTIONS US CORP,Certified,H-1B,AD JC40 - Information Technology Project Managers,Information Technology Project Managers,144310,IV,TX,1
INFY,FY2026_Q1,INFOSYS LIMITED,Certified,H-1B,Senior Technology Architect - US,Computer Systems Engineers/Architects,119933,III,TX,1
CTSH,FY2026_Q1,COGNIZANT TECHNOLOGY SOLUTIONS US CORP,Certified,H-1B,Senior Manager JC45 - Computer Systems Engineers/Architects,Computer Systems Engineers/Architects,140733,IV,NH,1
IBM,FY2026_Q1,IBM Global Systems Inc,Certified,H-1B,Sr Software Engineer,Software Developers,112923,II,TX,1
CTSH,FY2026_Q1,COGNIZANT TECHNOLOGY SOLUTIONS US CORP,Certified,H-1B,Senior Manager JC45 - Database Architects,Database Architects,165776,IV,FL,1
CTSH,FY2026_Q1,COGNIZANT TECHNOLOGY SOLUTIONS US CORP,Certified,H-1B,Senior Manager JC45 - Computer Systems Engineers/Architects,Computer Systems Engineers/Architects,140795,IV,NC,1
CTSH,FY2026_Q1,COGNIZANT TECHNOLOGY SOLUTIONS US CORP,Certified,H-1B,Mgr. JC50 - Software Quality Assurance Analysts and Testers,Software Quality Assurance Analysts and Testers,110344,III,NJ,1
MPHASIS,FY2026_Q1,Mphasis Corporation ,Certified,H-1B,SOFTWARE PROGRAMMER II,Computer Programmers,110000,II,DE,1
TCS,FY2026_Q1,Tata Consultancy Services Limited,Certified,H-1B,User Interface Designer,Web and Digital Interface Designers,96408,II,NJ,1
CTSH,FY2026_Q1,COGNIZANT TECHNOLOGY SOLUTIONS US CORP,Certified,H-1B,AD JC40 - Computer Systems Engineers/Architects,Computer Systems Engineers/Architects,128149,IV,IA,1
CTSH,FY2026_Q1,COGNIZANT TECHNOLOGY SOLUTIONS US CORP,Certified,H-1B,Senior Associate JC60 -Computer Systems Engineers/Architects,Computer Systems Engineers/Architects,114795,II,CA,1
CTSH,FY2026_Q1,COGNIZANT TECHNOLOGY SOLUTIONS US CORP,Certified,H-1B,Senior Manager JC45 - Computer Systems Engineers/Architects,Computer Systems Engineers/Architects,128149,IV,IA,1
CTSH,FY2026_Q1,COGNIZANT TECHNOLOGY SOLUTIONS US CORP,Certified,H-1B,SA JC60 - Software Quality Assurance Analysts and Testers,Software Quality Assurance Analysts and Testers,88088,II,IL,1
ACN,FY2026_Q1,Accenture LLP,Certified,H-1B,Packaged App Development Specialist,Computer Systems Analysts,93500,II,OK,1
CTSH,FY2026_Q1,COGNIZANT TECHNOLOGY SOLUTIONS US CORP,Certified,H-1B,Sr. Mgr. JC45 - Information Technology Project Managers,Information Technology Project Managers,143374,IV,NC,1
TCS,FY2026_Q1,Tata Consultancy Services Limited,Certified,H-1B,User Interface Designer,Web and Digital Interface Designers,64950,II,IN,1
CTSH,FY2026_Q1,COGNIZANT TECHNOLOGY SOLUTIONS US CORP,Certified,H-1B,Manager JC50 - Computer Systems Engineers/Architects,Computer Systems Engineers/Architects,122637,III,OR,1
HCLTECH,FY2026_Q1,HCL AMERICA INC,Certified,H-1B,Senior Project Manager,Information Technology Project Managers,135000,III,GA,1
CAP,FY2026_Q1,CAPGEMINI AMERICA INC,Certified,H-1B,Applications Consultant 3,Software Developers,135000,III,TX,1
CTSH,FY2026_Q1,COGNIZANT TECHNOLOGY SOLUTIONS US CORP,Certified,H-1B,Manager JC50 - Software Developers,Software Developers,133536,III,NC,1
ACN,FY2026_Q1,Accenture LLP,Certified,H-1B,Enterprise Tech Arch Manager,Information Technology Project Managers,171000,IV,FL,1
LTIM,FY2026_Q1,LTIMindtree Limited,Certified,H-1B,Principal - Program & Project Management,Information Technology Project Managers,78354,III,TN,1
ACN,FY2026_Q1,Accenture LLP,Certified,H-1B,Custom Software Engineering Assoc Mgr,Software Quality Assurance Analysts and Testers,139100,III,PA,1
INFY,FY2026_Q1,INFOSYS LIMITED,Certified,H-1B,Technology Consultant 2,Computer Systems Engineers/Architects,92581,II,TX,1
CTSH,FY2026_Q1,COGNIZANT TECHNOLOGY SOLUTIONS US CORP,Certified,H-1B,Manager JC50 - Computer Systems Engineers/Architects,Computer Systems Engineers/Architects,108514,III,GA,1
CTSH,FY2026_Q1,COGNIZANT TECHNOLOGY SOLUTIONS US CORP,Certified,H-1B,Manager JC50 - Computer Systems Engineers/Architects,Computer Systems Engineers/Architects,139407,III,MA,1
EPAM,FY2026_Q1,EPAM Systems Inc.,Certified,H-1B,Data Solution Architect,Software Developers,120000,II,TX,1
WIT,FY2026_Q1,WIPRO LIMITED,Certified,H-1B,Techno Functional Consultant L3,Computer Systems Analysts,161179,III,CA,1
WIT,FY2026_Q1,WIPRO LIMITED,Certified,H-1B,Data and Analytics Architect L1,Database Architects,155000,II,TX,1
CTSH,FY2026_Q1,COGNIZANT TECHNOLOGY SOLUTIONS US CORP,Certified,H-1B,Mgr. JC50 - Software Quality Assurance Analysts and Testers,Software Quality Assurance Analysts and Testers,110198,III,VA,1
ACN,FY2026_Q1,Accenture LLP,Certified,H-1B,Packaged App Development Assoc Manager,Computer Systems Analysts,128600,III,MN,1
CTSH,FY2026_Q1,COGNIZANT TECHNOLOGY SOLUTIONS US CORP,Certified,H-1B,Mgr. JC50 - Software Quality Assurance Analysts and Testers,Software Quality Assurance Analysts and Testers,94786,III,IA,1
CTSH,FY2026_Q1,COGNIZANT TECHNOLOGY SOLUTIONS US CORP,Certified,H-1B,Mgr. JC50 - Software Quality Assurance Analysts and Testers,Software Quality Assurance Analysts and Testers,109782,III,MN,1
HCLTECH,FY2026_Q1,HCL AMERICA INC,Certified,H-1B,Project Manager,Information Technology Project Managers,135900,III,TX,1
INFY,FY2026_Q1,INFOSYS LIMITED,Certified,H-1B,Technology Architect - US,Computer Systems Engineers/Architects,86403,III,WI,1
TCS,FY2026_Q1,TATA CONSULTANCY SERVICES LIMITED,Certified,H-1B,Developer,Computer Programmers,91582,II,DC,1
CTSH,FY2026_Q1,COGNIZANT TECHNOLOGY SOLUTIONS US CORP,Certified,H-1B,Senior Associate JC60 -Computer Systems Engineers/Architects,Computer Systems Engineers/Architects,90605,II,TX,1
CTSH,FY2026_Q1,COGNIZANT TECHNOLOGY SOLUTIONS US CORP,Certified,H-1B,Manager JC50 - Computer Systems Engineers/Architects,Computer Systems Engineers/Architects,117582,III,PA,1
ACN,FY2026_Q1,Accenture LLP,Certified,H-1B,Delivery Lead Manager,Software Developers,160500,IV,UT,1
DXC,FY2026_Q1,DXC Technology Services LLC,Certified,H-1B,Manager ERP Package Applications,Software Developers,185000,III,NC,1
INFY,FY2026_Q1,INFOSYS LIMITED,Certified,H-1B,Domain Consultant 3,Management Analysts,129230,III,NY,5
CTSH,FY2026_Q1,COGNIZANT TECHNOLOGY SOLUTIONS US CORP,Certified,H-1B,Senior Associate JC60 -Computer Systems Engineers/Architects,Computer Systems Engineers/Architects,86445,II,GA,1
TCS,FY2026_Q1,Tata Consultancy Services Limited,Certified,H-1B,Architect,Computer Systems Engineers/Architects,86403,II,CA,1
CTSH,FY2026_Q1,COGNIZANT TECHNOLOGY SOLUTIONS US CORP,Certified,H-1B,Manager JC50 - Computer Systems Engineers/Architects,Computer Systems Engineers/Architects,101504,III,MO,1
MPHASIS,FY2026_Q1,Mphasis Corporation,Certified,H-1B,Software Engineer,Computer Programmers,135000,II,OH,1
INFY,FY2026_Q1,INFOSYS LIMITED,Certified,H-1B,Package Consultant 2,Computer Systems Analysts,124051,II,CA,5
ACN,FY2026_Q1,Accenture LLP,Certified,H-1B,Advanced App Engineering Specialist,Computer Programmers,118900,II,IL,1
MPHASIS,FY2026_Q1,Mphasis Corporation,Certified,H-1B,Software Engineer,Computer Programmers,105944,II,TX,1
WIT,FY2026_Q1,WIPRO LIMITED,Certified,H-1B,Technical Lead L1,Computer Programmers,126000,II,GA,1
MPHASIS,FY2026_Q1,Mphasis Corporation,Certified,H-1B,Software Engineer,Computer Programmers,135000,II,FL,1
INFY,FY2026_Q1,INFOSYS LIMITED,Certified,H-1B,Senior Technology Architect - US,Computer Systems Engineers/Architects,119933,III,TX,1
TCS,FY2026_Q1,TATA CONSULTANCY SERVICES LIMITED,Certified,H-1B,Technical Lead,Information Technology Project Managers,99736,II,CO,1
INFY,FY2026_Q1,INFOSYS LIMITED,Certified,H-1B,Technology Consultant 2,Computer Systems Engineers/Architects,92581,II,TX,1
MPHASIS,FY2026_Q1,Mphasis Corporation,Certified,H-1B,Software Engineer,Computer Programmers,122634,II,DE,1
TCS,FY2026_Q1,TATA CONSULTANCY SERVICES LIMITED,Certified,H-1B,DEVELOPER,Computer Programmers,130853,II,CA,1
INFY,FY2026_Q1,INFOSYS LIMITED,Certified,H-1B,Technology Consultant 2,Computer Systems Engineers/Architects,118310,II,VA,1
CTSH,FY2026_Q1,COGNIZANT TECHNOLOGY SOLUTIONS US CORP,Certified,H-1B,Manager JC50 - Information Technology Project Managers,Information Technology Project Managers,117582,III,DE,1
WIT,FY2026_Q1,WIPRO LIMITED,Certified,H-1B,Project Manager L1,Information Technology Project Managers,160000,II,CA,1
WIT,FY2026_Q1,WIPRO LIMITED,Certified,H-1B,Technology Architect L1,Computer Systems Engineers/Architects,127000,II,TX,1
CTSH,FY2026_Q1,COGNIZANT TECHNOLOGY SOLUTIONS US CORP,Certified,H-1B,Manager JC50 - Computer Systems Engineers/Architects,Computer Systems Engineers/Architects,108514,III,GA,1
TCS,FY2026_Q1,TATA CONSULTANCY SERVICES LIMITED,Certified,H-1B,Architect,Computer Systems Engineers/Architects,81765,II,CT,1
CTSH,FY2026_Q1,COGNIZANT TECHNOLOGY SOLUTIONS US CORP,Certified,H-1B,Sr. Mgr. JC45 - Information Technology Project Managers,Information Technology Project Managers,185994,IV,CA,1
CTSH,FY2026_Q1,COGNIZANT TECHNOLOGY SOLUTIONS US CORP,Certified,H-1B,Sr. Mgr. JC45 - Information Technology Project Managers,Information Technology Project Managers,142771,IV,PA,1
INFY,FY2026_Q1,INFOSYS LIMITED,Certified,H-1B,Technology Project Lead 2,Information Technology Project Managers,118456,III,TX,5
INFY,FY2026_Q1,"Srivin Infosystems, Inc.",Certified,H-1B,Software Engineer,Software Developers,94765,II,OH,1
INFY,FY2026_Q1,INFOSYS LIMITED,Certified,H-1B,Technology Consultant 2,Computer Systems Engineers/Architects,92581,II,TX,1
CAP,FY2026_Q1,Capgemini America Inc,Certified,H-1B,Programmer/ Developer 3,Computer Programmers,125000,III,NH,1
CAP,FY2026_Q1,CAPGEMINI AMERICA INC,Certified,H-1B,Programmer/ Developer 3,Computer Programmers,118000,III,TX,1
MPHASIS,FY2026_Q1,Mphasis Corporation,Certified,H-1B,Software Engineer,Computer Programmers,135000,II,OH,1
ACN,FY2026_Q1,Accenture LLP,Certified,H-1B,"Data Eng, Mgmt and Governance Manager",Computer Systems Analysts,170700,IV,FL,1
IBM,FY2026_Q1,IBM Corporation,Certified,H-1B,Managing Consultant,Database Administrators,173947,IV,NJ,1
CAP,FY2026_Q1,CAPGEMINI AMERICA INC,Certified,H-1B,Programmer/ Developer 3,Computer Programmers,120500,III,TX,1
CTSH,FY2026_Q1,COGNIZANT TECHNOLOGY SOLUTIONS US CORP,Certified,H-1B,SA JC60 - Software Quality Assurance Analysts and Testers,Software Quality Assurance Analysts and Testers,87672,II,TX,1
CTSH,FY2026_Q1,COGNIZANT TECHNOLOGY SOLUTIONS US CORP,Certified,H-1B,Senior Manager JC45 - Computer Systems Engineers/Architects,Computer Systems Engineers/Architects,121202,IV,FL,1
HCLTECH,FY2026_Q1,HCL AMERICA INC,Certified,H-1B,Consultant,Computer Network Support Specialists,134128,III,CA,1
ACN,FY2026_Q1,Accenture LLP,Certified,H-1B,"Data Eng, Mgmt and Governance Assoc Mgr",Data Warehousing Specialists,180398,III,CA,1
IBM,FY2026_Q1,IBM Corporation,Certified,H-1B,Order Management Architect,Software Developers,173979,IV,TX,1
CTSH,FY2026_Q1,COGNIZANT TECHNOLOGY SOLUTIONS US CORP,Certified,H-1B,AD JC40 - Information Technology Project Managers,Information Technology Project Managers,132434,IV,IL,1
CTSH,FY2026_Q1,COGNIZANT TECHNOLOGY SOLUTIONS US CORP,Certified,H-1B,Sr. Mgr. JC45 - Information Technology Project Managers,Information Technology Project Managers,185994,IV,CA,1
ACN,FY2026_Q1,Accenture LLP,Certified,H-1B,Packaged App Development Sr Manager,Software Developers,174100,IV,GA,1
CTSH,FY2026_Q1,COGNIZANT TECHNOLOGY SOLUTIONS US CORP,Certified,H-1B,Manager JC50 - Computer Systems Engineers/Architects,Computer Systems Engineers/Architects,111862,III,TX,1
CTSH,FY2026_Q1,COGNIZANT TECHNOLOGY SOLUTIONS US CORP,Certified,H-1B,Manager JC50 - Computer Systems Engineers/Architects,Computer Systems Engineers/Architects,126256,III,NC,1
INFY,FY2026_Q1,INFOSYS LIMITED,Certified,H-1B,Technology Consultant 1,Computer Systems Engineers/Architects,81765,II,CT,1
CTSH,FY2026_Q1,COGNIZANT TECHNOLOGY SOLUTIONS US CORP,Certified,H-1B,Sr. Mgr. JC45 - Information Technology Project Managers,Information Technology Project Managers,145995,IV,CO,1
INFY,FY2026_Q1,CGINFOSYS INC,Certified,H-1B,Software Developer,Computer Programmers,90418,II,MN,1
CTSH,FY2026_Q1,COGNIZANT TECHNOLOGY SOLUTIONS US CORP,Certified,H-1B,Manager JC50 - Computer Systems Engineers/Architects,Computer Systems Engineers/Architects,118456,III,TX,1
CTSH,FY2026_Q1,COGNIZANT TECHNOLOGY SOLUTIONS US CORP,Certified,H-1B,Manager JC50 - Computer Systems Engineers/Architects,Computer Systems Engineers/Architects,118456,III,TX,1
CTSH,FY2026_Q1,COGNIZANT TECHNOLOGY SOLUTIONS US CORP,Certified,H-1B,Manager JC50 - Validation Engineers,Validation Engineers,145205,III,CA,1
IBM,FY2026_Q1,IBM Corporation,Certified,H-1B,Application Architect,Software Quality Assurance Analysts and Testers,174625,II,CA,1
DXC,FY2026_Q1,DXC Technology Services LLC,Certified,H-1B,Manager Program Management,Information Technology Project Managers,108002,III,MI,1
INFY,FY2026_Q1,INFOSYS LIMITED,Certified,H-1B,Package Consultant 3 - Techno Functional,Computer Systems Engineers/Architects,118456,III,TX,1
TCS,FY2026_Q1,Tata Consultancy Services Limited,Certified,H-1B,Developer,Computer Programmers,96637,II,OH,1
CTSH,FY2026_Q1,COGNIZANT TECHNOLOGY SOLUTIONS US CORP,Certified,H-1B,Sr. Mgr. JC45 - Information Technology Project Managers,Information Technology Project Managers,126339,IV,CT,1
TCS,FY2026_Q1,Tata Consultancy Services Limited,Certified,H-1B,Architect,Computer Systems Engineers/Architects,92394,II,PA,1
CTSH,FY2026_Q1,COGNIZANT TECHNOLOGY SOLUTIONS US CORP,Certified,H-1B,Senior Manager JC45 - Computer Systems Engineers/Architects,Computer Systems Engineers/Architects,140795,IV,NC,1
WIT,FY2026_Q1,WIPRO LIMITED,Certified,H-1B,Product Engineering Manager L1,Software Developers,108077,II,IL,1
CTSH,FY2026_Q1,COGNIZANT TECHNOLOGY SOLUTIONS US CORP,Certified,H-1B,Manager JC50 - Computer Systems Engineers/Architects,Computer Systems Engineers/Architects,108514,III,GA,1
CTSH,FY2026_Q1,COGNIZANT TECHNOLOGY SOLUTIONS US CORP,Certified,H-1B,Manager JC50 - Computer Systems Engineers/Architects,Computer Systems Engineers/Architects,118456,III,TX,1
INFY,FY2026_Q1,INFOSYS LIMITED,Certified,H-1B,Technology Project Lead 2,Information Technology Project Managers,108514,III,GA,5
CTSH,FY2026_Q1,COGNIZANT TECHNOLOGY SOLUTIONS US CORP,Certified,H-1B,Mgr. JC50 - Software Quality Assurance Analysts and Testers,Software Quality Assurance Analysts and Testers,110198,III,VA,1
LTIM,FY2026_Q1,LTIMindtree Limited,Certified,H-1B,Computer Systems Analysts,Computer Systems Analysts,80372,II,OH,1
IBM,FY2026_Q1,IBM Corporation,Certified,H-1B,IT Specialist,Computer Systems Analysts,127234,III,NJ,1
LTIM,FY2026_Q1,LTIMindtree Limited,Certified,H-1B,Management Analysts,Management Analysts,89420,II,GA,1
WIT,FY2026_Q1,Wipro Appirio INC,Certified,H-1B,Technical Lead L1,Computer Programmers,137424,II,NJ,1
INFY,FY2026_Q1,INFOSYS LIMITED,Certified,H-1B,Package Consultant 3 - Techno Functional,Computer Systems Engineers/Architects,108243,III,TX,1
ACN,FY2026_Q1,Accenture LLP,Certified,H-1B,Packaged App Development Specialist,Computer Systems Analysts,104400,II,TX,1
CTSH,FY2026_Q1,COGNIZANT TECHNOLOGY SOLUTIONS US CORP,Certified,H-1B,Manager JC50 - Project Management Specialists,Project Management Specialists,105726,III,NC,1
ACN,FY2026_Q1,Accenture LLP,Certified,H-1B,Tech Architecture Assoc Manager,Management Analysts,144500,III,TX,1
CTSH,FY2026_Q1,COGNIZANT TECHNOLOGY SOLUTIONS US CORP,Certified,H-1B,Senior Manager JC45 - Computer Systems Engineers/Architects,Computer Systems Engineers/Architects,140795,IV,NC,1
IBM,FY2026_Q1,IBM Corporation,Certified,H-1B,Application Architect,Software Quality Assurance Analysts and Testers,115843,IV,OH,1
TCS,FY2026_Q1,TATA CONSULTANCY SERVICES LIMITED,Certified,H-1B,ARCHITECT,Computer Systems Engineers/Architects,111550,II,WA,1
CTSH,FY2026_Q1,COGNIZANT TECHNOLOGY SOLUTIONS US CORP,Certified,H-1B,Senior Associate JC60 -Computer Systems Engineers/Architects,Computer Systems Engineers/Architects,90605,II,TX,1
LTIM,FY2026_Q1,LTIMindtree Limited,Certified,H-1B,Computer Systems Analysts,Computer Systems Analysts,91563,II,FL,1
TECHM,FY2026_Q1,"TECH MAHINDRA (AMERICAS), INC",Certified,H-1B,Quality Assurance Analyst (QA Analyst),Software Quality Assurance Analysts and Testers,91375,II,TX,1
CTSH,FY2026_Q1,COGNIZANT TECHNOLOGY SOLUTIONS US CORP,Certified,H-1B,Manager JC50 - Computer Systems Engineers/Architects,Computer Systems Engineers/Architects,117582,III,PA,1
INFY,FY2026_Q1,INFOSYS LIMITED,Certified,H-1B,Package Consultant 3,Computer Systems Engineers/Architects,126256,III,NC,5
CTSH,FY2026_Q1,COGNIZANT TECHNOLOGY SOLUTIONS US CORP,Certified,H-1B,Manager JC50 - Computer Systems Engineers/Architects,Computer Systems Engineers/Architects,113797,III,NC,1
CTSH,FY2026_Q1,COGNIZANT TECHNOLOGY SOLUTIONS US CORP,Certified,H-1B,Manager JC50 - Computer Systems Engineers/Architects,Computer Systems Engineers/Architects,115835,III,CA,1
MPHASIS,FY2026_Q1,Mphasis Corporation,Certified,H-1B,Software Engineer,Computer Programmers,125000,II,FL,1
CTSH,FY2026_Q1,COGNIZANT TECHNOLOGY SOLUTIONS US CORP,Certified,H-1B,Manager JC50 - Computer Systems Engineers/Architects,Computer Systems Engineers/Architects,122866,III,CO,1
CTSH,FY2026_Q1,COGNIZANT TECHNOLOGY SOLUTIONS US CORP,Certified,H-1B,SA JC60 - Software Quality Assurance Analysts and Testers,Software Quality Assurance Analysts and Testers,87672,II,TX,1
WIT,FY2026_Q1,WIPRO LIMITED,Certified,H-1B,Lead Administrator L1,Network and Computer Systems Administrators,125306,II,NC,1
MPHASIS,FY2026_Q1,Mphasis Corporation,Certified,H-1B,Software Engineer,Computer Programmers,122634,II,DE,1
CTSH,FY2026_Q1,COGNIZANT TECHNOLOGY SOLUTIONS US CORP,Certified,H-1B,Manager JC50 - Computer Systems Engineers/Architects,Computer Systems Engineers/Architects,108514,III,GA,1
CTSH,FY2026_Q1,COGNIZANT TECHNOLOGY SOLUTIONS US CORP,Certified,H-1B,Manager JC50 - Computer Systems Engineers/Architects,Computer Systems Engineers/Architects,150405,III,CA,1
INFY,FY2026_Q1,INFOSYS LIMITED,Certified,H-1B,Technology Project Lead 1,Information Technology Project Managers,94952,II,NC,1
CAP,FY2026_Q1,Capgemini America Inc,Certified,H-1B,Applications Consultant 3,Software Developers,130707,III,IL,1
INFY,FY2026_Q1,INFOSYS LIMITED,Certified,H-1B,Technology Consultant 2,Computer Systems Engineers/Architects,92581,II,TX,1
TCS,FY2026_Q1,TATA CONSULTANCY SERVICES LIMITED,Certified,H-1B,User Interface Designer,Web and Digital Interface Designers,96408,II,NJ,1
CTSH,FY2026_Q1,COGNIZANT TECHNOLOGY SOLUTIONS US CORP,Certified,H-1B,Manager JC50 - Project Management Specialists,Project Management Specialists,150218,III,CA,1
TCS,FY2026_Q1,TATA CONSULTANCY SERVICES LIMITED,Certified,H-1B,Architect,Computer Systems Engineers/Architects,111550,II,WA,1
CTSH,FY2026_Q1,COGNIZANT TECHNOLOGY SOLUTIONS US CORP,Certified,H-1B,Manager JC50 - Computer Systems Engineers/Architects,Computer Systems Engineers/Architects,126818,III,NJ,1
INFY,FY2026_Q1,INFOSYS LIMITED,Certified,H-1B,Technology Consultant 2,Computer Systems Engineers/Architects,94952,II,NC,1
INFY,FY2026_Q1,INFOSYS LIMITED,Certified,H-1B,Technology Consultant 2,Computer Systems Engineers/Architects,84469,II,FL,1
CAP,FY2026_Q1,CAPGEMINI AMERICA INC,Certified,H-1B,Applications Consultant 2,Software Developers,132000,II,NJ,1
CTSH,FY2026_Q1,COGNIZANT TECHNOLOGY SOLUTIONS US CORP,Certified,H-1B,Manager JC50 - Computer Systems Engineers/Architects,Computer Systems Engineers/Architects,115627,III,NH,1
INFY,FY2026_Q1,INFOSYS LIMITED,Certified,H-1B,Domain Consultant 2,Management Analysts,88130,II,TX,1
MPHASIS,FY2026_Q1,Mphasis Corporation,Certified,E-3 Australian,Software Engineer,Software Developers,135000,II,AR,1
WIT,FY2026_Q1,WIPRO LIMITED,Certified,H-1B,Technical Lead L1,Computer Programmers,128142,II,TX,1
CTSH,FY2026_Q1,COGNIZANT TECHNOLOGY SOLUTIONS US CORP,Certified,H-1B,Senior Associate JC60 -Computer Systems Engineers/Architects,Computer Systems Engineers/Architects,94682,II,NJ,1
CTSH,FY2026_Q1,COGNIZANT TECHNOLOGY SOLUTIONS US CORP,Certified,H-1B,Mgr. JC50 - Software Quality Assurance Analysts and Testers,Software Quality Assurance Analysts and Testers,112216,III,NC,1
WIT,FY2026_Q1,WIPRO LIMITED,Certified,H-1B,Technical Lead L1,Computer Programmers,141109,II,TX,1
INFY,FY2026_Q1,INFOSYS LIMITED,Certified,H-1B,Domain Project Lead 2,Project Management Specialists,126610,III,NJ,1
INFY,FY2026_Q1,INFOSYS LIMITED,Certified,H-1B,Technology Architect - US,Computer Systems Engineers/Architects,118456,III,TX,1
LTIM,FY2026_Q1,LTIMindtree Limited,Certified,H-1B,Specialist - Architecture,Database Administrators,120000,II,FL,1
CTSH,FY2026_Q1,COGNIZANT TECHNOLOGY SOLUTIONS US CORP,Certified,H-1B,SA JC60 - Software Quality Assurance Analysts and Testers,Software Quality Assurance Analysts and Testers,88088,II,IL,1
ACN,FY2026_Q1,Accenture LLP,Certified,H-1B,Business Architecture Associate Manager,Information Technology Project Managers,143221,III,MN,1
MPHASIS,FY2026_Q1,Mphasis Corporation,Certified,H-1B,Software Engineer,Computer Programmers,138000,II,FL,1
CTSH,FY2026_Q1,COGNIZANT TECHNOLOGY SOLUTIONS US CORP,Certified,H-1B,Senior Associate JC60 -Computer Systems Engineers/Architects,Computer Systems Engineers/Architects,92040,II,OH,1
CTSH,FY2026_Q1,COGNIZANT TECHNOLOGY SOLUTIONS US CORP,Certified,H-1B,Manager JC50 - Validation Engineers,Validation Engineers,145205,III,CA,1
WIT,FY2026_Q1,WIPRO LIMITED,Certified,H-1B,Administrator L2,Network and Computer Systems Administrators,86486,II,IL,1
LTIM,FY2026_Q1,LTIMindtree Limited,Certified,H-1B,Computer Systems Analysts,Computer Systems Analysts,96201,II,TX,1
ACN,FY2026_Q1,Accenture LLP,Certified,H-1B,Delivery Lead Manager,Software Developers,189592,IV,NY,1
CAP,FY2026_Q1,Capgemini America Inc,Certified,H-1B,Applications Consultant 2,Software Developers,149929,II,TX,1
MPHASIS,FY2026_Q1,Mphasis Corporation,Certified,H-1B,Software Engineer,Computer Programmers,120000,II,DE,1
CAP,FY2026_Q1,Capgemini America Inc,Certified,H-1B,Applications Consultant 3,Software Developers,150716,III,IL,1
HCLTECH,FY2026_Q1,HCL GLOBAL SYSTEMS INC,Certified,H-1B,SR. DATA ENGINEER,Software Developers,134971,III,TX,1
CTSH,FY2026_Q1,COGNIZANT TECHNOLOGY SOLUTIONS US CORP,Certified,H-1B,Sr Mgr JC45-Software Quality Assurance Analysts and Testers,Software Quality Assurance Analysts and Testers,122304,IV,AZ,1
INFY,FY2026_Q1,INFOSYS LIMITED,Certified,H-1B,Infrastructure Consultant 2,Network and Computer Systems Administrators,86965,II,TX,5
CTSH,FY2026_Q1,COGNIZANT TECHNOLOGY SOLUTIONS US CORP,Certified,H-1B,Manager JC50 - Computer Systems Engineers/Architects,Computer Systems Engineers/Architects,126818,III,NJ,1
CTSH,FY2026_Q1,COGNIZANT TECHNOLOGY SOLUTIONS US CORP,Certified,H-1B,Manager JC50 - Computer Systems Engineers/Architects,Computer Systems Engineers/Architects,118456,III,TX,1
CTSH,FY2026_Q1,COGNIZANT TECHNOLOGY SOLUTIONS US CORP,Certified,H-1B,AD JC40 - Computer Systems Engineers/Architects,Computer Systems Engineers/Architects,158974,IV,NJ,1
CTSH,FY2026_Q1,COGNIZANT TECHNOLOGY SOLUTIONS US CORP,Certified,H-1B,Senior Manager JC45 - Computer Systems Engineers/Architects,Computer Systems Engineers/Architects,140795,IV,SC,1
INFY,FY2026_Q1,INFOSYS LIMITED,Certified,H-1B,Technology Consultant 2,Computer Systems Engineers/Architects,92394,II,PA,5
CTSH,FY2026_Q1,COGNIZANT TECHNOLOGY SOLUTIONS US CORP,Certified,H-1B,Manager JC50 - Computer Systems Engineers/Architects,Computer Systems Engineers/Architects,126818,III,NY,1
INFY,FY2026_Q1,NOUS INFOSYSTEMS INC,Certified,H-1B,Product Owner,Information Technology Project Managers,122000,III,TX,1
MPHASIS,FY2026_Q1,Mphasis Corporation,Certified,H-1B,Software Engineer,Software Developers,160000,II,IL,1
INFY,FY2026_Q1,INFOSYS LIMITED,Certified,H-1B,Process Project Lead 2,Project Management Specialists,97302,III,IN,5
WIT,FY2026_Q1,WIPRO LIMITED,Certified,H-1B,System Engineer L4,Network and Computer Systems Administrators,127995,II,TX,1
ACN,FY2026_Q1,Accenture LLP,Certified,H-1B,"Data Eng, Mgmt and Governance Manager",Management Analysts,191600,IV,NY,1
LTIM,FY2026_Q1,LTIMindtree Limited,Certified,H-1B,Computer Systems Engineers/Architects,Computer Systems Engineers/Architects,86799,II,NC,1
EPAM,FY2026_Q1,EPAM Systems Inc.,Certified,H-1B,SOFTWARE TESTING TEAM LEADER,Software Quality Assurance Analysts and Testers,115000,II,GA,1
INFY,FY2026_Q1,INFOSYS LIMITED,Certified,H-1B,Technology Consultant 2,Computer Systems Engineers/Architects,92394,II,DE,1
CTSH,FY2026_Q1,COGNIZANT TECHNOLOGY SOLUTIONS US CORP,Certified,H-1B,Senior Associate JC60 -Computer Systems Engineers/Architects,Computer Systems Engineers/Architects,82846,II,IL,1
ACN,FY2026_Q1,Accenture LLP,Certified,H-1B,Business Architecture Manager,Software Developers,159907,IV,MN,1
CTSH,FY2026_Q1,COGNIZANT TECHNOLOGY SOLUTIONS US CORP,Certified,H-1B,Manager JC50 - Computer Systems Engineers/Architects,Computer Systems Engineers/Architects,126256,III,NC,1
CTSH,FY2026_Q1,COGNIZANT TECHNOLOGY SOLUTIONS US CORP,Certified,H-1B,Senior Manager JC45 - Database Architects,Database Architects,165776,IV,FL,1
HCLTECH,FY2026_Q1,HCL GLOBAL SYSTEMS INC,Certified,H-1B,SR. QUALITY ASSURANCE ANALYST,Software Quality Assurance Analysts and Testers,104728,III,IL,1
CTSH,FY2026_Q1,COGNIZANT TECHNOLOGY SOLUTIONS US CORP,Certified,H-1B,Manager JC50 - Computer Systems Engineers/Architects,Computer Systems Engineers/Architects,122637,III,OR,1
CTSH,FY2026_Q1,COGNIZANT TECHNOLOGY SOLUTIONS US CORP,Certified,H-1B,Manager JC50 - Computer Systems Engineers/Architects,Computer Systems Engineers/Architects,101774,III,NC,1
WIT,FY2026_Q1,WIPRO LIMITED,Certified,H-1B,Technical Lead L1,Computer Programmers,76835,II,IL,1
CAP,FY2026_Q1,CAPGEMINI AMERICA INC,Certified,H-1B,Programmer/ Developer 3,Computer Programmers,150000,III,GA,1
WIT,FY2026_Q1,WIPRO LIMITED,Certified,H-1B,Techno Functional Consultant L3,Computer Systems Analysts,105715,III,MI,1
TCS,FY2026_Q1,TATA CONSULTANCY SERVICES LIMITED,Certified,H-1B,ANALYST - TESTING,Software Quality Assurance Analysts and Testers,79997,II,IL,1
CTSH,FY2026_Q1,COGNIZANT TECHNOLOGY SOLUTIONS US CORP,Certified,H-1B,Senior Associate JC60 -Computer Systems Engineers/Architects,Computer Systems Engineers/Architects,99736,II,CO,1
INFY,FY2026_Q1,INFOSYS LIMITED,Certified,H-1B,Technology Project Lead 2,Information Technology Project Managers,126818,III,NJ,1
CTSH,FY2026_Q1,COGNIZANT TECHNOLOGY SOLUTIONS US CORP,Certified,H-1B,Manager JC50 - Computer Systems Engineers/Architects,Computer Systems Engineers/Architects,113797,III,NC,1
TCS,FY2026_Q1,TATA CONSULTANCY SERVICES LIMITED,Certified,H-1B,Architect,Computer Systems Engineers/Architects,92581,II,TX,1
CTSH,FY2026_Q1,COGNIZANT TECHNOLOGY SOLUTIONS US CORP,Certified,H-1B,Sr. Mgr. JC45 - Information Technology Project Managers,Information Technology Project Managers,126339,IV,CT,1
WIT,FY2026_Q1,WIPRO LIMITED,Certified,H-1B,Solution Architect L2,Computer Systems Engineers/Architects,166339,III,NC,1
TCS,FY2026_Q1,TATA CONSULTANCY SERVICES LIMITED,Certified,H-1B,Developer,Computer Programmers,107203,II,CA,1
TCS,FY2026_Q1,TATA CONSULTANCY SERVICES LIMITED,Certified,H-1B,Developer,Computer Programmers,76315,II,TX,1
CTSH,FY2026_Q1,COGNIZANT TECHNOLOGY SOLUTIONS US CORP,Certified,H-1B,Mgr. JC50 - Software Quality Assurance Analysts and Testers,Software Quality Assurance Analysts and Testers,94994,III,FL,1
CTSH,FY2026_Q1,COGNIZANT TECHNOLOGY SOLUTIONS US CORP,Certified,H-1B,Mgr. JC50 - Software Quality Assurance Analysts and Testers,Software Quality Assurance Analysts and Testers,119912,III,NH,1
MPHASIS,FY2026_Q1,Mphasis Corporation,Certified,H-1B,Software Engineer,Software Developers,125000,II,TX,1
TCS,FY2026_Q1,TATA CONSULTANCY SERVICES LIMITED,Certified,H-1B,User Interface Designer,Web and Digital Interface Designers,80163,II,TX,1
TCS,FY2026_Q1,TATA CONSULTANCY SERVICES LIMITED,Certified,H-1B,Architect,Computer Systems Engineers/Architects,118456,III,TX,1
TCS,FY2026_Q1,TATA CONSULTANCY SERVICES LIMITED,Certified,H-1B,System Administrator,Network and Computer Systems Administrators,85218,II,GA,1
CTSH,FY2026_Q1,COGNIZANT TECHNOLOGY SOLUTIONS US CORP,Certified,H-1B,Manager JC50 - Computer Systems Engineers/Architects,Computer Systems Engineers/Architects,113797,III,NC,1
IBM,FY2026_Q1,IBM Corporation,Certified,H-1B,Account Manager,Marketing Managers,154336,III,AZ,1
CTSH,FY2026_Q1,COGNIZANT TECHNOLOGY SOLUTIONS US CORP,Certified,H-1B,SA JC60 - Software Quality Assurance Analysts and Testers,Software Quality Assurance Analysts and Testers,84178,II,CT,1
WIT,FY2026_Q1,WIPRO LIMITED,Certified,H-1B,Cyber Security Analyst L4,Information Security Analysts,94682,II,OH,1
TCS,FY2026_Q1,TATA CONSULTANCY SERVICES LIMITED,Certified,H-1B,Analyst,Computer Systems Analysts,92539,II,GA,1
TCS,FY2026_Q1,TATA CONSULTANCY SERVICES LIMITED,Certified,H-1B,Developer,Computer Programmers,77022,II,OH,1
CTSH,FY2026_Q1,COGNIZANT TECHNOLOGY SOLUTIONS US CORP,Certified,H-1B,Senior Associate JC60 -Computer Systems Engineers/Architects,Computer Systems Engineers/Architects,81765,II,CT,1
TCS,FY2026_Q1,TATA CONSULTANCY SERVICES LIMITED,Certified,H-1B,System Administrator,Network and Computer Systems Administrators,104978,III,CA,1
CTSH,FY2026_Q1,COGNIZANT TECHNOLOGY SOLUTIONS US CORP,Certified,H-1B,Senior Associate JC60 -Computer Systems Engineers/Architects,Computer Systems Engineers/Architects,92581,II,TX,1
LTIM,FY2026_Q1,LTIMindtree Limited,Certified,H-1B,Software Developer,Software Developers,112923,II,TX,1
CTSH,FY2026_Q1,COGNIZANT TECHNOLOGY SOLUTIONS US CORP,Certified,H-1B,Mgr. JC50 - Software Quality Assurance Analysts and Testers,Software Quality Assurance Analysts and Testers,128461,III,VA,1
IBM,FY2026_Q1,IBM Corporation,Certified,H-1B,Application Developer,Computer Systems Analysts,120141,III,TX,1
TECHM,FY2026_Q1,"TECH MAHINDRA (AMERICAS), INC",Certified,H-1B,Computer Programmer,Computer Programmers,130000,II,GA,1
CTSH,FY2026_Q1,COGNIZANT TECHNOLOGY SOLUTIONS US CORP,Certified,H-1B,AD JC40 - Computer Systems Engineers/Architects,Computer Systems Engineers/Architects,144144,IV,AZ,1
LTIM,FY2026_Q1,LTIMindtree Limited,Certified,H-1B,Principal - Program & Project Management,Management Analysts,114462,III,GA,1
TCS,FY2026_Q1,TATA CONSULTANCY SERVICES LIMITED,Certified,H-1B,Technical Lead,Information Technology Project Managers,94682,II,NJ,1
TCS,FY2026_Q1,TATA CONSULTANCY SERVICES LIMITED,Certified,H-1B,Architect,Computer Systems Engineers/Architects,111550,II,WA,1
TCS,FY2026_Q1,TATA CONSULTANCY SERVICES LIMITED,Certified,H-1B,Technical Lead,Information Technology Project Managers,97718,II,OR,1
CTSH,FY2026_Q1,COGNIZANT TECHNOLOGY SOLUTIONS US CORP,Certified,H-1B,Manager JC50 - Computer Systems Engineers/Architects,Computer Systems Engineers/Architects,115627,III,NH,1
INFY,FY2026_Q1,Platinum Infosys Inc,Certified,H-1B,Computer Systems Analyst,Computer Systems Analysts,100000,II,TX,1
CTSH,FY2026_Q1,COGNIZANT TECHNOLOGY SOLUTIONS US CORP,Certified,H-1B,Sr. Mgr. JC45 - Information Technology Project Managers,Information Technology Project Managers,158974,IV,NJ,1
MPHASIS,FY2026_Q1,Mphasis Corporation ,Certified,H-1B,Software Programmer II,Computer Programmers,130500,II,TX,1
IBM,FY2026_Q1,IBM Corporation,Certified,H-1B,Application Developer,Computer Systems Analysts,103917,II,NJ,1
CTSH,FY2026_Q1,COGNIZANT TECHNOLOGY SOLUTIONS US CORP,Certified,H-1B,Manager JC50 - Computer Systems Engineers/Architects,Computer Systems Engineers/Architects,113797,III,NC,1
MPHASIS,FY2026_Q1,Mphasis Corporation,Certified,H-1B,Software Engineer,Computer Programmers,140000,II,DE,1
TCS,FY2026_Q1,TATA CONSULTANCY SERVICES LIMITED,Certified,H-1B,Software Developer,Software Developers,114754,II,TX,1
TCS,FY2026_Q1,TATA CONSULTANCY SERVICES LIMITED,Certified,H-1B,Architect,Computer Systems Engineers/Architects,86403,II,CA,1
TCS,FY2026_Q1,Tata Consultancy Services Limited,Certified,H-1B,Architect,Computer Systems Engineers/Architects,114795,II,CA,1
CTSH,FY2026_Q1,"Cognizant TriZetto Software Group, Inc.",Certified,H-1B,AD JC40 - Computer Systems Engineers/Architects,Computer Systems Engineers/Architects,158974,IV,NJ,1
CTSH,FY2026_Q1,COGNIZANT TECHNOLOGY SOLUTIONS US CORP,Certified,H-1B,Senior Associate JC60 -Computer Systems Engineers/Architects,Computer Systems Engineers/Architects,85488,II,VA,1
TCS,FY2026_Q1,TATA CONSULTANCY SERVICES LIMITED,Certified,H-1B,User Interface Designer,Web and Digital Interface Designers,91125,III,VA,1
CTSH,FY2026_Q1,COGNIZANT TECHNOLOGY SOLUTIONS US CORP,Certified,H-1B,Manager JC50 - Computer Systems Engineers/Architects,Computer Systems Engineers/Architects,101504,III,MO,1
TCS,FY2026_Q1,TATA CONSULTANCY SERVICES LIMITED,Certified,H-1B,Analyst,Computer Systems Analysts,81702,II,IL,1
TCS,FY2026_Q1,TATA CONSULTANCY SERVICES LIMITED,Certified,H-1B,Architect,Computer Systems Engineers/Architects,92394,II,DE,1
TCS,FY2026_Q1,Tata Consultancy Services Limited,Certified,H-1B,Architect,Computer Systems Engineers/Architects,92394,II,PA,1
CTSH,FY2026_Q1,COGNIZANT TECHNOLOGY SOLUTIONS US CORP,Certified,H-1B,Manager JC50 - Computer Systems Engineers/Architects,Computer Systems Engineers/Architects,109013,III,CA,1
WIT,FY2026_Q1,WIPRO LIMITED,Certified,H-1B,Systems Hardware Architect L3,"Electronics Engineers, Except Computer",186472,III,CA,1
TCS,FY2026_Q1,TATA CONSULTANCY SERVICES LIMITED,Certified,H-1B,Developer,Computer Programmers,98301,II,NJ,1
TCS,FY2026_Q1,TATA CONSULTANCY SERVICES LIMITED,Certified,H-1B,Architect,Computer Systems Engineers/Architects,86445,II,GA,1
WIT,FY2026_Q1,WIPRO LIMITED,Certified,H-1B,Techno Functional Consultant L2,Computer Systems Analysts,98925,II,TX,1
TCS,FY2026_Q1,TATA CONSULTANCY SERVICES LIMITED,Certified,H-1B,Software Developer,Software Developers,130707,III,GA,1
TCS,FY2026_Q1,Tata Consultancy Services Limited,Certified,H-1B,Architect,Computer Systems Engineers/Architects,86445,II,GA,1
WIT,FY2026_Q1,WIPRO LIMITED,Certified,H-1B,Technical Lead L1,Computer Programmers,113000,II,KY,1
MPHASIS,FY2026_Q1,Mphasis Corporation,Certified,H-1B,Software Engineer,Computer Programmers,123000,II,TX,1
CTSH,FY2026_Q1,COGNIZANT TECHNOLOGY SOLUTIONS US CORP,Certified,H-1B,Senior Manager JC45 - Software Developers,Software Developers,183000,IV,NC,1
TCS,FY2026_Q1,TATA CONSULTANCY SERVICES LIMITED,Certified,H-1B,Architect,Computer Systems Engineers/Architects,90813,III,KY,1
TCS,FY2026_Q1,Tata Consultancy Services Limited,Certified,H-1B,Architect,Computer Systems Engineers/Architects,82846,II,IL,1
INFY,FY2026_Q1,INFOSYS LIMITED,Certified,H-1B,Package Consultant 2,Computer Systems Engineers/Architects,80974,II,TX,5
WIT,FY2026_Q1,WIPRO LIMITED,Certified,H-1B,Project Lead L1,"Computer Occupations, All Other",98598,II,TX,1
CTSH,FY2026_Q1,COGNIZANT TECHNOLOGY SOLUTIONS US CORP,Certified,H-1B,Manager JC50 - Computer Systems Engineers/Architects,Computer Systems Engineers/Architects,118456,III,TX,1
TCS,FY2026_Q1,Tata Consultancy Services Limited,Certified,H-1B,User Interface Designer,Web and Digital Interface Designers,95763,II,GA,1
CTSH,FY2026_Q1,COGNIZANT TECHNOLOGY SOLUTIONS US CORP,Certified,H-1B,Sr Mgr JC45-Software Quality Assurance Analysts and Testers,Software Quality Assurance Analysts and Testers,112362,IV,GA,1
CTSH,FY2026_Q1,COGNIZANT TECHNOLOGY SOLUTIONS US CORP,Certified,H-1B,Senior Associate JC60 -Computer Systems Engineers/Architects,Computer Systems Engineers/Architects,139443,II,CA,1
WIT,FY2026_Q1,WIPRO LIMITED,Certified,H-1B,Test Engineer L4,Software Quality Assurance Analysts and Testers,87560,II,OH,1
WIT,FY2026_Q1,WIPRO LIMITED,Certified,H-1B,Technical Lead L1,Computer Programmers,77671,II,WI,1
TCS,FY2026_Q1,TATA CONSULTANCY SERVICES LIMITED,Certified,H-1B,Architect,Computer Systems Engineers/Architects,90210,II,MN,1
IBM,FY2026_Q1,IBM Corporation,Certified,H-1B,Package Consultant,Software Quality Assurance Analysts and Testers,159571,IV,VA,1
TCS,FY2026_Q1,TATA CONSULTANCY SERVICES LIMITED,Certified,H-1B,Architect,Computer Systems Engineers/Architects,94682,II,NJ,1
CTSH,FY2026_Q1,COGNIZANT TECHNOLOGY SOLUTIONS US CORP,Certified,H-1B,Manager JC50 - Network and Computer Systems Administrators,Network and Computer Systems Administrators,103334,III,IL,1
TCS,FY2026_Q1,TATA CONSULTANCY SERVICES LIMITED,Certified,H-1B,Developer,Computer Programmers,62837,II,NC,1
CTSH,FY2026_Q1,COGNIZANT TECHNOLOGY SOLUTIONS US CORP,Certified,H-1B,Manager JC50 - Network and Computer Systems Administrators,Network and Computer Systems Administrators,105102,III,TX,1
CTSH,FY2026_Q1,COGNIZANT TECHNOLOGY SOLUTIONS US CORP,Certified,H-1B,Manager JC50 - Software Developers,Software Developers,134971,III,TX,1
CTSH,FY2026_Q1,COGNIZANT TECHNOLOGY SOLUTIONS US CORP,Certified,H-1B,Manager JC50 - Computer Systems Engineers/Architects,Computer Systems Engineers/Architects,108243,III,TX,1
TCS,FY2026_Q1,TATA CONSULTANCY SERVICES LIMITED,Certified,H-1B,Developer,Computer Programmers,130853,II,CA,1
TCS,FY2026_Q1,Tata Consultancy Services Limited,Certified,H-1B,Developer,Computer Programmers,62837,II,NC,1
TCS,FY2026_Q1,Tata Consultancy Services Limited,Certified,H-1B,Analyst,Computer Systems Analysts,91541,II,KS,1
WIT,FY2026_Q1,WIPRO LIMITED,Certified,H-1B,Solution Lead L1,Computer Programmers,161683,II,NC,1
TCS,FY2026_Q1,TATA CONSULTANCY SERVICES LIMITED,Certified,H-1B,User Interface Designer,Web and Digital Interface Designers,83283,II,CT,1
TCS,FY2026_Q1,TATA CONSULTANCY SERVICES LIMITED,Certified,H-1B,Designer,Computer Systems Analysts,112029,III,GA,1
MPHASIS,FY2026_Q1,Mphasis Corporation,Certified,H-1B,Software Engineer,Software Developers,125000,II,TX,1
CTSH,FY2026_Q1,COGNIZANT TECHNOLOGY SOLUTIONS US CORP,Certified,H-1B,Manager JC50 - Computer Systems Engineers/Architects,Computer Systems Engineers/Architects,115627,III,NH,1
IBM,FY2026_Q1,IBM Corporation,Certified,H-1B,Business Sales and Delivery Leader,Computer and Information Systems Managers,214946,IV,GA,1
CTSH,FY2026_Q1,COGNIZANT TECHNOLOGY SOLUTIONS US CORP,Certified,H-1B,Manager JC50 - Computer Systems Engineers/Architects,Computer Systems Engineers/Architects,110094,III,FL,1
TCS,FY2026_Q1,TATA CONSULTANCY SERVICES LIMITED,Certified,H-1B,Database Administrator,Database Administrators,93662,II,CT,1
TCS,FY2026_Q1,TATA CONSULTANCY SERVICES LIMITED,Certified,H-1B,Technical Lead,Information Technology Project Managers,94682,II,NY,1
TCS,FY2026_Q1,TATA CONSULTANCY SERVICES LIMITED,Certified,H-1B,Developer,Computer Programmers,85800,II,GA,1
TCS,FY2026_Q1,TATA CONSULTANCY SERVICES LIMITED,Certified,H-1B,Developer,Computer Programmers,82243,II,OH,1
TCS,FY2026_Q1,TATA CONSULTANCY SERVICES LIMITED,Certified,H-1B,Architect,Computer Systems Engineers/Architects,76482,III,AR,1
TCS,FY2026_Q1,TATA CONSULTANCY SERVICES LIMITED,Certified,H-1B,Architect,Computer Systems Engineers/Architects,86403,II,CA,1
CTSH,FY2026_Q1,COGNIZANT TECHNOLOGY SOLUTIONS US CORP,Certified,H-1B,Manager JC50 - Software Developers,Software Developers,134971,III,TX,1
TCS,FY2026_Q1,TATA CONSULTANCY SERVICES LIMITED,Certified,H-1B,Architect,Computer Systems Engineers/Architects,91874,II,TX,1
IBM,FY2026_Q1,IBM Corporation,Certified,H-1B,Application Developer,Computer Systems Analysts,99840,III,IL,1
IBM,FY2026_Q1,IBM Corporation,Certified,H-1B,Product Manager,Information Technology Project Managers,126818,III,NJ,1
IBM,FY2026_Q1,IBM Corporation,Certified,H-1B,Software Developer,Software Developers,179706,IV,NC,1
TCS,FY2026_Q1,Tata Consultancy Services Limited,Certified,H-1B,Architect,Computer Systems Engineers/Architects,94682,II,NJ,1
CTSH,FY2026_Q1,COGNIZANT TECHNOLOGY SOLUTIONS US CORP,Certified,H-1B,Manager JC50 - Computer Systems Engineers/Architects,Computer Systems Engineers/Architects,122637,III,OR,1
TCS,FY2026_Q1,TATA CONSULTANCY SERVICES LIMITED,Certified,H-1B,Architect,Computer Systems Engineers/Architects,77979,II,GA,1
CTSH,FY2026_Q1,COGNIZANT TECHNOLOGY SOLUTIONS US CORP,Certified,H-1B,Senior Associate JC60 -Computer Systems Engineers/Architects,Computer Systems Engineers/Architects,90501,II,MA,1
TCS,FY2026_Q1,Tata Consultancy Services Limited,Certified,H-1B,Architect,Computer Systems Engineers/Architects,115627,III,MA,1
IBM,FY2026_Q1,IBM Corporation,Certified,H-1B,Business Analyst,Computer Systems Analysts,125278,III,OR,1
IBM,FY2026_Q1,IBM Corporation,Certified,H-1B,Project Manager,Information Technology Project Managers,118456,III,TX,1
CTSH,FY2026_Q1,COGNIZANT TECHNOLOGY SOLUTIONS US CORP,Certified,H-1B,Manager JC50 - Network and Computer Systems Administrators,Network and Computer Systems Administrators,103334,III,IL,1
MPHASIS,FY2026_Q1,Mphasis Corporation,Certified,H-1B,Software Engineer,Software Developers,120000,II,TX,1
WIT,FY2026_Q1,WIPRO LIMITED,Certified,H-1B,Project Lead L1,Information Technology Project Managers,92581,II,TX,1
CTSH,FY2026_Q1,COGNIZANT TECHNOLOGY SOLUTIONS US CORP,Certified,H-1B,Manager JC50 - Computer Systems Engineers/Architects,Computer Systems Engineers/Architects,109013,III,CA,1
IBM,FY2026_Q1,IBM Corporation,Certified,H-1B,SAP Senior Managing Consultant,Data Warehousing Specialists,169129,IV,LA,1
TCS,FY2026_Q1,TATA CONSULTANCY SERVICES LIMITED,Certified,H-1B,Software Developer,Software Developers,112923,II,TX,1
TCS,FY2026_Q1,Tata Consultancy Services Limited,Certified,H-1B,Developer,Computer Programmers,85592,II,RI,1
TCS,FY2026_Q1,TATA CONSULTANCY SERVICES LIMITED,Certified,H-1B,Analyst,Computer Systems Analysts,88317,II,OH,1
TCS,FY2026_Q1,TATA CONSULTANCY SERVICES LIMITED,Certified,H-1B,Developer,Computer Programmers,86570,III,NC,1
TCS,FY2026_Q1,TATA CONSULTANCY SERVICES LIMITED,Certified,H-1B,Architect,Computer Systems Engineers/Architects,80974,II,TX,1
G,FY2026_Q1,Genpact LLC,Certified,H-1B,Assistant Vice President,Software Developers,157830,III,TX,1
HCLTECH,FY2026_Q1,HCL GLOBAL SYSTEMS INC,Certified,H-1B,SR. ETL DEVELOPER,Software Developers,120349,III,MI,1
TCS,FY2026_Q1,TATA CONSULTANCY SERVICES LIMITED,Certified,H-1B,Developer,Computer Programmers,85800,II,GA,1
CTSH,FY2026_Q1,COGNIZANT TECHNOLOGY SOLUTIONS US CORP,Certified,H-1B,SA JC60 - Software Quality Assurance Analysts and Testers,Software Quality Assurance Analysts and Testers,86611,II,AZ,1
CTSH,FY2026_Q1,COGNIZANT TECHNOLOGY SOLUTIONS US CORP,Certified,H-1B,Manager JC50 - Software Developers,Software Developers,134971,III,TX,1
TCS,FY2026_Q1,TATA CONSULTANCY SERVICES LIMITED,Certified,H-1B,Architect,Computer Systems Engineers/Architects,94682,II,NJ,1
IBM,FY2026_Q1,IBM Corporation,Certified,H-1B,Test Specialist,Software Quality Assurance Analysts and Testers,72696,II,PA,1
TCS,FY2026_Q1,TATA CONSULTANCY SERVICES LIMITED,Certified,H-1B,Developer,Computer Programmers,90418,II,MN,1
WIT,FY2026_Q1,WIPRO LIMITED,Certified,H-1B,Lead Administrator L1,Network and Computer Systems Administrators,90000,II,TX,1
MPHASIS,FY2026_Q1,Mphasis Corporation,Certified,H-1B,Software Engineer,Software Developers,120000,II,TX,1
INFY,FY2026_Q1,INFOSYS LIMITED,Certified,H-1B,Technology Consultant 2,Computer Systems Engineers/Architects,111550,II,WA,1
CTSH,FY2026_Q1,COGNIZANT TECHNOLOGY SOLUTIONS US CORP,Certified,H-1B,Senior Manager JC45 - Information Security Analysts,Information Security Analysts,132475,IV,MO,1
TCS,FY2026_Q1,TATA CONSULTANCY SERVICES LIMITED,Certified,H-1B,User Interface Designer,Web and Digital Interface Designers,90251,II,OR,1
TCS,FY2026_Q1,TATA CONSULTANCY SERVICES LIMITED,Certified,H-1B,Architect,Computer Systems Engineers/Architects,92394,II,DE,1
CTSH,FY2026_Q1,COGNIZANT TECHNOLOGY SOLUTIONS US CORP,Certified,H-1B,Manager JC50 - Computer Systems Engineers/Architects,Computer Systems Engineers/Architects,97469,III,OH,1
TCS,FY2026_Q1,TATA CONSULTANCY SERVICES LIMITED,Certified,H-1B,Architect,Computer Systems Engineers/Architects,62525,II,GA,1
CTSH,FY2026_Q1,COGNIZANT TECHNOLOGY SOLUTIONS US CORP,Certified,H-1B,Manager JC50 - Computer Systems Engineers/Architects,Computer Systems Engineers/Architects,104062,III,CT,1
MPHASIS,FY2026_Q1,Mphasis Corporation,Certified,H-1B,Software Engineer,Software Developers,115000,II,TX,1
MPHASIS,FY2026_Q1,Mphasis Corporation,Certified,H-1B,Software Engineer,Software Developers,115000,II,TX,1
TCS,FY2026_Q1,Tata Consultancy Services Limited,Certified,H-1B,Technical Lead,Information Technology Project Managers,86403,II,CA,1
G,FY2026_Q1,Genpact LLC,Certified,H-1B,Assistant Manager,Operations Research Analysts,89810,II,PA,1
CTSH,FY2026_Q1,COGNIZANT TECHNOLOGY SOLUTIONS US CORP,Certified,H-1B,Manager JC50 - Computer Systems Engineers/Architects,Computer Systems Engineers/Architects,126818,III,NJ,1
CTSH,FY2026_Q1,COGNIZANT TECHNOLOGY SOLUTIONS US CORP,Certified,H-1B,SA JC60 - Software Quality Assurance Analysts and Testers,Software Quality Assurance Analysts and Testers,84178,II,CT,1
CTSH,FY2026_Q1,COGNIZANT TECHNOLOGY SOLUTIONS US CORP,Certified,H-1B,Manager JC50 - Computer Systems Engineers/Architects,Computer Systems Engineers/Architects,126818,III,NJ,1
TCS,FY2026_Q1,Tata Consultancy Services Limited,Certified,H-1B,Architect,Computer Systems Engineers/Architects,86445,II,GA,1
TCS,FY2026_Q1,Tata Consultancy Services Limited,Certified,H-1B,Analyst - Testing,Software Quality Assurance Analysts and Testers,94702,II,MN,1
TCS,FY2026_Q1,Tata Consultancy Services Limited,Certified,H-1B,Architect,Computer Systems Engineers/Architects,92581,II,TX,1
TCS,FY2026_Q1,TATA CONSULTANCY SERVICES LIMITED,Certified,H-1B,Architect,Computer Systems Engineers/Architects,66685,II,MO,1
TCS,FY2026_Q1,TATA CONSULTANCY SERVICES LIMITED,Certified,H-1B,Architect,Computer Systems Engineers/Architects,93538,II,AZ,1
G,FY2026_Q1,Genpact LLC,Certified,H-1B,Vice President,Information Technology Project Managers,223880,IV,GA,1
TCS,FY2026_Q1,TATA CONSULTANCY SERVICES LIMITED,Certified,H-1B,Architect,Computer Systems Engineers/Architects,94682,II,NJ,1
INFY,FY2026_Q1,INFOSYS LIMITED,Certified,H-1B,Technology Consultant 2,Computer Systems Engineers/Architects,92581,II,TX,1
TCS,FY2026_Q1,TATA CONSULTANCY SERVICES LIMITED,Certified,H-1B,Project Lead,Information Technology Project Managers,132434,IV,IL,1
TCS,FY2026_Q1,Tata Consultancy Services Limited,Certified,H-1B,Developer,Computer Programmers,90813,II,KY,1
TCS,FY2026_Q1,TATA CONSULTANCY SERVICES LIMITED,Certified,H-1B,Architect,Computer Systems Engineers/Architects,86445,II,GA,1
TCS,FY2026_Q1,Tata Consultancy Services Limited,Certified,H-1B,System Administrator,Network and Computer Systems Administrators,99195,II,NJ,1
CTSH,FY2026_Q1,COGNIZANT TECHNOLOGY SOLUTIONS US CORP,Certified,H-1B,Senior Manager JC45 - Software Developers,Software Developers,183000,IV,IL,1
TCS,FY2026_Q1,TATA CONSULTANCY SERVICES LIMITED,Certified,H-1B,Analyst,Computer Systems Analysts,92539,II,GA,1
WIT,FY2026_Q1,WIPRO LIMITED,Certified,H-1B,Program Manager L1,Information Technology Project Managers,140250,III,NY,1
HCLTECH,FY2026_Q1,HCL GLOBAL SYSTEMS INC,Certified,H-1B,SOFTWARE QUALITY ENGINEER,Software Quality Assurance Analysts and Testers,92310,II,NC,1
CTSH,FY2026_Q1,COGNIZANT TECHNOLOGY SOLUTIONS US CORP,Certified,H-1B,Manager JC50 - Computer Systems Engineers/Architects,Computer Systems Engineers/Architects,115627,III,NH,1
CTSH,FY2026_Q1,COGNIZANT TECHNOLOGY SOLUTIONS US CORP,Certified,H-1B,Manager JC50 - Computer Systems Engineers/Architects,Computer Systems Engineers/Architects,68661,III,MS,1
LTIM,FY2026_Q1,LTIMindtree Limited,Certified,H-1B,Senior Specialist - Software Engineering,Software Developers,135000,II,NJ,1
CTSH,FY2026_Q1,COGNIZANT TECHNOLOGY SOLUTIONS US CORP,Certified,H-1B,Manager JC50 - Data Scientists,Data Scientists,115627,III,FL,1
MPHASIS,FY2026_Q1,Mphasis Corporation,Certified,H-1B,Software Engineer,Computer Programmers,114000,II,TX,1
INFY,FY2026_Q1,INFOSYS LIMITED,Certified,H-1B,Package Consultant 2,Computer Systems Engineers/Architects,139443,II,CA,1
TCS,FY2026_Q1,TATA CONSULTANCY SERVICES LIMITED,Certified,H-1B,Architect,Computer Systems Engineers/Architects,94682,II,NJ,1
CTSH,FY2026_Q1,COGNIZANT TECHNOLOGY SOLUTIONS US CORP,Certified,H-1B,Senior Associate JC60 -Computer Systems Engineers/Architects,Computer Systems Engineers/Architects,82846,II,IL,1
CTSH,FY2026_Q1,COGNIZANT TECHNOLOGY SOLUTIONS US CORP,Certified,H-1B,Senior Manager JC45 - Computer Systems Engineers/Architects,Computer Systems Engineers/Architects,119184,IV,OH,1
TCS,FY2026_Q1,TATA CONSULTANCY SERVICES LIMITED,Certified,H-1B,Technical Lead,Information Technology Project Managers,91874,II,TX,1
INFY,FY2026_Q1,INFOSYS LIMITED,Certified,H-1B,Technology Project Lead 1,Information Technology Project Managers,111550,II,WA,1
CTSH,FY2026_Q1,COGNIZANT TECHNOLOGY SOLUTIONS US CORP,Certified,H-1B,Sr Mgr JC45-Software Quality Assurance Analysts and Testers,Software Quality Assurance Analysts and Testers,112362,IV,GA,1
TCS,FY2026_Q1,Tata Consultancy Services Limited,Certified,H-1B,Analyst,Computer Systems Analysts,92248,II,TX,1
CTSH,FY2026_Q1,COGNIZANT TECHNOLOGY SOLUTIONS US CORP,Certified,H-1B,Sr. Mgr. JC45 - Information Technology Project Managers,Information Technology Project Managers,158974,IV,NJ,1
INFY,FY2026_Q1,INFOSYS LIMITED,Certified,H-1B,Technical Manager - US,Computer Systems Analysts,124010,III,CA,1
CTSH,FY2026_Q1,COGNIZANT TECHNOLOGY SOLUTIONS US CORP,Certified,H-1B,Senior Associate JC60 -Computer Systems Engineers/Architects,Computer Systems Engineers/Architects,92581,II,TX,1
TCS,FY2026_Q1,TATA CONSULTANCY SERVICES LIMITED,Certified,H-1B,Architect,Computer Systems Engineers/Architects,90501,II,NH,1
TCS,FY2026_Q1,TATA CONSULTANCY SERVICES LIMITED,Certified,H-1B,Architect,Computer Systems Engineers/Architects,86798,II,NC,1
TCS,FY2026_Q1,TATA CONSULTANCY SERVICES LIMITED,Certified,H-1B,User Interface Designer,Web and Digital Interface Designers,80163,II,TX,1
CTSH,FY2026_Q1,COGNIZANT TECHNOLOGY SOLUTIONS US CORP,Certified,H-1B,Senior Manager JC45 - Computer Systems Engineers/Architects,Computer Systems Engineers/Architects,119184,IV,OH,1
TCS,FY2026_Q1,TATA CONSULTANCY SERVICES LIMITED,Certified,H-1B,Architect,Computer Systems Engineers/Architects,90210,II,MN,1
TECHM,FY2026_Q1,"TECH MAHINDRA (AMERICAS), INC",Certified,H-1B,Programmer Analyst,Computer Programmers,74984,II,NC,1
INFY,FY2026_Q1,INFOSYS LIMITED,Certified,H-1B,Package Project Lead 2,Information Technology Project Managers,86403,III,WI,5
TCS,FY2026_Q1,TATA CONSULTANCY SERVICES LIMITED,Certified,H-1B,Analyst,Computer Systems Analysts,86590,II,IN,1
WIT,FY2026_Q1,WIPRO LIMITED,Certified,H-1B,Infrastructure Domain Architect L2,Computer Systems Engineers/Architects,106880,II,NJ,1
CTSH,FY2026_Q1,COGNIZANT TECHNOLOGY SOLUTIONS US CORP,Certified,H-1B,Senior Manager JC45 - Computer Systems Engineers/Architects,Computer Systems Engineers/Architects,116480,IV,IN,1
WIT,FY2026_Q1,WIPRO LIMITED,Certified,H-1B,Technical Lead L1,Computer Programmers,126018,II,TX,1
TCS,FY2026_Q1,TATA CONSULTANCY SERVICES LIMITED,Certified,H-1B,Architect,Computer Systems Engineers/Architects,92394,II,DE,1
CTSH,FY2026_Q1,COGNIZANT TECHNOLOGY SOLUTIONS US CORP,Certified,H-1B,Senior Associate JC60 -Computer Systems Engineers/Architects,Computer Systems Engineers/Architects,92581,II,TX,1
CTSH,FY2026_Q1,COGNIZANT TECHNOLOGY SOLUTIONS US CORP,Certified,H-1B,Manager JC50 - Computer Systems Engineers/Architects,Computer Systems Engineers/Architects,122866,III,CO,1
TCS,FY2026_Q1,TATA CONSULTANCY SERVICES LIMITED,Certified,H-1B,Architect,Computer Systems Engineers/Architects,110094,III,FL,1
WIT,FY2026_Q1,WIPRO LIMITED,Certified,H-1B,Developer L3,Computer Programmers,90485,II,MO,1
TCS,FY2026_Q1,Tata Consultancy Services Limited,Certified,H-1B,Developer,Computer Programmers,105290,III,FL,1
TCS,FY2026_Q1,Tata Consultancy Services Limited,Certified,H-1B,Architect,Computer Systems Engineers/Architects,92394,II,PA,1
LTIM,FY2026_Q1,LTIMindtree Limited,Certified,H-1B,Associate Principal - Package Implementation,Management Analysts,129230,III,NJ,1
CTSH,FY2026_Q1,COGNIZANT TECHNOLOGY SOLUTIONS US CORP,Certified,H-1B,Sr. Mgr. JC45 - Information Technology Project Managers,Information Technology Project Managers,126339,IV,CT,1
IBM,FY2026_Q1,IBM Corporation,Certified,H-1B,Managing Consultant,Computer Systems Analysts,106974,III,PA,1
INFY,FY2026_Q1,INFOSYS LIMITED,Certified,H-1B,Domain Consultant 2,Management Analysts,83658,II,PA,5
MPHASIS,FY2026_Q1,Mphasis Corporation,Certified,H-1B,Software Engineer,Computer Programmers,140000,II,TX,1
TCS,FY2026_Q1,TATA CONSULTANCY SERVICES LIMITED,Certified,H-1B,Architect,Computer Systems Engineers/Architects,111550,II,WA,1
TCS,FY2026_Q1,TATA CONSULTANCY SERVICES LIMITED,Certified,H-1B,Architect,Computer Systems Engineers/Architects,74838,II,IN,1
TCS,FY2026_Q1,TATA CONSULTANCY SERVICES LIMITED,Certified,H-1B,Technical Lead,Information Technology Project Managers,76606,II,OH,1
CTSH,FY2026_Q1,COGNIZANT TECHNOLOGY SOLUTIONS US CORP,Certified,H-1B,Senior Associate JC60 -Computer Systems Engineers/Architects,Computer Systems Engineers/Architects,90501,II,NH,1
INFY,FY2026_Q1,INFOSYS LIMITED,Certified,H-1B,Technology Consultant 2,Computer Systems Engineers/Architects,92581,II,TX,1
TCS,FY2026_Q1,TATA CONSULTANCY SERVICES LIMITED,Certified,H-1B,Developer,Computer Programmers,96637,II,OH,1
TCS,FY2026_Q1,TATA CONSULTANCY SERVICES LIMITED,Certified,H-1B,Analyst “ Testing,Software Quality Assurance Analysts and Testers,82347,II,GA,1
WIT,FY2026_Q1,WIPRO LIMITED,Certified,H-1B,Scrum Master L1,"Computer Occupations, All Other",90605,II,TX,1
TCS,FY2026_Q1,TATA CONSULTANCY SERVICES LIMITED,Certified,H-1B,Architect,Computer Systems Engineers/Architects,82846,II,IL,1
TCS,FY2026_Q1,Tata Consultancy Services Limited,Certified,H-1B,Developer,Computer Programmers,79602,II,DE,1
TCS,FY2026_Q1,TATA CONSULTANCY SERVICES LIMITED,Certified,H-1B,Technical Lead,Information Technology Project Managers,86403,II,CA,1
CTSH,FY2026_Q1,COGNIZANT TECHNOLOGY SOLUTIONS US CORP,Certified,H-1B,SA JC60 - Software Quality Assurance Analysts and Testers,Software Quality Assurance Analysts and Testers,86611,II,AZ,1
CTSH,FY2026_Q1,COGNIZANT TECHNOLOGY SOLUTIONS US CORP,Certified,H-1B,Manager JC50 - Computer Systems Engineers/Architects,Computer Systems Engineers/Architects,108514,III,GA,1
TCS,FY2026_Q1,TATA CONSULTANCY SERVICES LIMITED,Certified,H-1B,Developer,Computer Programmers,77418,II,TX,1
TCS,FY2026_Q1,TATA CONSULTANCY SERVICES LIMITED,Certified,H-1B,Developer,Computer Programmers,130853,II,CA,1
INFY,FY2026_Q1,INFOSYS LIMITED,Certified,H-1B,Technology Architect - US,Computer Systems Engineers/Architects,181293,III,CA,1
TCS,FY2026_Q1,TATA CONSULTANCY SERVICES LIMITED,Certified,H-1B,Developer,Computer Programmers,98301,II,NJ,1
TCS,FY2026_Q1,TATA CONSULTANCY SERVICES LIMITED,Certified,H-1B,Technical Lead,Information Technology Project Managers,69805,II,KY,1
TCS,FY2026_Q1,Tata Consultancy Services Limited,Certified,H-1B,Architect,Computer Systems Engineers/Architects,94266,II,OH,1
MPHASIS,FY2026_Q1,Mphasis Corporation,Certified,H-1B,Software Engineer,Software Developers,135000,II,TX,1
MPHASIS,FY2026_Q1,Mphasis Corporation,Certified,E-3 Australian,Software Engineer,Computer Programmers,160000,II,NC,1
CTSH,FY2026_Q1,COGNIZANT TECHNOLOGY SOLUTIONS US CORP,Certified,H-1B,Manager JC50 - Computer Systems Engineers/Architects,Computer Systems Engineers/Architects,104062,III,CT,1
IBM,FY2026_Q1,IBM Corporation,Certified,H-1B,Software Development Manager,Information Technology Project Managers,190994,II,MA,1
TCS,FY2026_Q1,TATA CONSULTANCY SERVICES LIMITED,Certified,H-1B,Developer,Computer Programmers,76315,II,TX,1
IBM,FY2026_Q1,IBM Corporation,Certified,H-1B,Senior Data Scientist,Data Scientists,216743,IV,NY,1
WIT,FY2026_Q1,WIPRO LIMITED,Certified,H-1B,Solution Architect L1,Computer Systems Engineers/Architects,111550,II,WA,1
MPHASIS,FY2026_Q1,Mphasis Corporation,Certified,H-1B,IT Project Manager,Information Technology Project Managers,80974,II,TX,1
TCS,FY2026_Q1,Tata Consultancy Services Limited,Certified,H-1B,Architect,Computer Systems Engineers/Architects,91874,II,TX,1
WIT,FY2026_Q1,WIPRO LIMITED,Certified,H-1B,DevOps Engineer L4,"Computer Occupations, All Other",111550,II,WA,1
MPHASIS,FY2026_Q1,Mphasis Corporation ,Certified,H-1B,QA TEST ENGINEER II,Software Quality Assurance Analysts and Testers,115000,II,CO,1
INFY,FY2026_Q1,INFOSYS LIMITED,Certified,H-1B,Technology Consultant 2,Computer Systems Engineers/Architects,92581,II,TX,1
TCS,FY2026_Q1,Tata Consultancy Services Limited,Certified,H-1B,Developer,Computer Programmers,79602,II,DE,1
CTSH,FY2026_Q1,COGNIZANT TECHNOLOGY SOLUTIONS US CORP,Certified,H-1B,AD JC40 - Computer Systems Engineers/Architects,Computer Systems Engineers/Architects,135512,IV,TX,1
CTSH,FY2026_Q1,COGNIZANT TECHNOLOGY SOLUTIONS US CORP,Certified,H-1B,AD JC40 - Computer Systems Engineers/Architects,Computer Systems Engineers/Architects,130562,IV,GA,1
CTSH,FY2026_Q1,"Cognizant TriZetto Software Group, Inc.",Certified,H-1B,AD JC40 - Computer Systems Engineers/Architects,Computer Systems Engineers/Architects,158974,IV,NJ,1
G,FY2026_Q1,Genpact LLC,Certified,H-1B,Senior Principal Consultant,Software Developers,152000,II,NY,1
INFY,FY2026_Q1,INFOSYS LIMITED,Certified,H-1B,Package Project Lead 1,Information Technology Project Managers,93538,II,AZ,1
TECHM,FY2026_Q1,"TECH MAHINDRA (AMERICAS), INC",Certified,H-1B,Project Manager,Project Management Specialists,98700,II,MN,1
TCS,FY2026_Q1,TATA CONSULTANCY SERVICES LIMITED,Certified,H-1B,Developer,Computer Programmers,77022,II,NY,1
TCS,FY2026_Q1,TATA CONSULTANCY SERVICES LIMITED,Certified,H-1B,Developer,Computer Programmers,98301,II,NJ,1
TCS,FY2026_Q1,TATA CONSULTANCY SERVICES LIMITED,Certified,H-1B,Developer,Computer Programmers,77418,II,TX,1
TCS,FY2026_Q1,TATA CONSULTANCY SERVICES LIMITED,Certified,H-1B,Architect,Computer Systems Engineers/Architects,82846,II,IL,1
CTSH,FY2026_Q1,COGNIZANT TECHNOLOGY SOLUTIONS US CORP,Certified,H-1B,Senior Associate JC60 -Computer Systems Engineers/Architects,Computer Systems Engineers/Architects,90605,II,TX,1
TCS,FY2026_Q1,TATA CONSULTANCY SERVICES LIMITED,Certified,H-1B,Developer,Computer Programmers,77418,II,TX,1
WIT,FY2026_Q1,WIPRO LIMITED,Certified,H-1B,Technical Lead L1,Computer Programmers,116034,II,NV,1
TCS,FY2026_Q1,TATA CONSULTANCY SERVICES LIMITED,Certified,H-1B,Developer,Computer Programmers,77022,II,OH,1
CTSH,FY2026_Q1,COGNIZANT TECHNOLOGY SOLUTIONS US CORP,Certified,H-1B,SA JC60 - Software Quality Assurance Analysts and Testers,Software Quality Assurance Analysts and Testers,129792,II,CA,1
CTSH,FY2026_Q1,COGNIZANT TECHNOLOGY SOLUTIONS US CORP,Certified,H-1B,Manager JC50 - Computer Systems Engineers/Architects,Computer Systems Engineers/Architects,97469,III,OH,1
CTSH,FY2026_Q1,COGNIZANT TECHNOLOGY SOLUTIONS US CORP,Certified,H-1B,AD JC40 - Computer Systems Engineers/Architects,Computer Systems Engineers/Architects,144144,IV,AZ,1
TCS,FY2026_Q1,TATA CONSULTANCY SERVICES LIMITED,Certified,H-1B,Architect,Computer Systems Engineers/Architects,139443,II,CA,1
TCS,FY2026_Q1,TATA CONSULTANCY SERVICES LIMITED,Certified,H-1B,Architect,Computer Systems Engineers/Architects,84219,II,PA,1
IBM,FY2026_Q1,IBM Corporation,Certified,H-1B,Senior Data Scientist,Data Scientists,176925,IV,NY,1
CTSH,FY2026_Q1,COGNIZANT TECHNOLOGY SOLUTIONS US CORP,Certified,H-1B,Manager JC50 - Computer Systems Engineers/Architects,Computer Systems Engineers/Architects,92082,III,PA,1
INFY,FY2026_Q1,INFOSYS LIMITED,Certified,H-1B,Technology Consultant 2,Computer Systems Engineers/Architects,80974,II,TX,1
TCS,FY2026_Q1,TATA CONSULTANCY SERVICES LIMITED,Certified,H-1B,Analyst,Computer Systems Analysts,98925,II,TX,1
CTSH,FY2026_Q1,"Cognizant TriZetto Software Group, Inc.",Certified,H-1B,Senior Manager JC45 - Computer Systems Engineers/Architects,Computer Systems Engineers/Architects,145995,IV,CO,1
TCS,FY2026_Q1,TATA CONSULTANCY SERVICES LIMITED,Certified,H-1B,Developer,Computer Programmers,77418,II,TX,1
TCS,FY2026_Q1,TATA CONSULTANCY SERVICES LIMITED,Certified,H-1B,Developer,Computer Programmers,77022,II,OH,1
TCS,FY2026_Q1,TATA CONSULTANCY SERVICES LIMITED,Certified,H-1B,Architect,Computer Systems Engineers/Architects,92394,II,DE,1
CTSH,FY2026_Q1,COGNIZANT TECHNOLOGY SOLUTIONS US CORP,Certified,H-1B,Mgr. JC50 - Software Quality Assurance Analysts and Testers,Software Quality Assurance Analysts and Testers,102669,III,NC,1
CTSH,FY2026_Q1,COGNIZANT TECHNOLOGY SOLUTIONS US CORP,Certified,H-1B,Mgr. JC50 - Software Quality Assurance Analysts and Testers,Software Quality Assurance Analysts and Testers,102669,III,NC,1
TCS,FY2026_Q1,TATA CONSULTANCY SERVICES LIMITED,Certified,H-1B,Developer,Computer Programmers,120494,IV,TX,1
TCS,FY2026_Q1,TATA CONSULTANCY SERVICES LIMITED,Certified,H-1B,Architect,Computer Systems Engineers/Architects,86445,II,GA,1
MPHASIS,FY2026_Q1,Mphasis Corporation,Certified,H-1B,Software Programmer I,Computer Programmers,80000,I,TX,1
WIT,FY2026_Q1,WIPRO LIMITED,Certified,H-1B,Delivery Leader L1,General and Operations Managers,99258,II,TN,1
TCS,FY2026_Q1,TATA CONSULTANCY SERVICES LIMITED,Certified,H-1B,Architect,Computer Systems Engineers/Architects,86403,II,CA,1
MPHASIS,FY2026_Q1,Mphasis Corporation,Certified,H-1B,Software Engineer,Computer Programmers,123000,II,TX,1
TCS,FY2026_Q1,TATA CONSULTANCY SERVICES LIMITED,Certified,H-1B,Network Administrator,Network and Computer Systems Administrators,92622,II,WA,1
IBM,FY2026_Q1,IBM Corporation,Certified,H-1B,Business Analyst,Computer Systems Analysts,98925,II,TX,1
TCS,FY2026_Q1,TATA CONSULTANCY SERVICES LIMITED,Certified,H-1B,Architect,Computer Systems Engineers/Architects,113797,III,NC,1
TCS,FY2026_Q1,Tata Consultancy Services Limited,Certified,H-1B,Analyst,Computer Systems Analysts,92539,II,GA,1
TCS,FY2026_Q1,Tata Consultancy Services Limited,Certified,H-1B,Architect,Computer Systems Engineers/Architects,94682,II,NY,1
TCS,FY2026_Q1,TATA CONSULTANCY SERVICES LIMITED,Certified,H-1B,Analyst “ Testing,Software Quality Assurance Analysts and Testers,87360,II,PA,1
CTSH,FY2026_Q1,COGNIZANT TECHNOLOGY SOLUTIONS US CORP,Certified,H-1B,Manager JC50 - Computer Systems Engineers/Architects,Computer Systems Engineers/Architects,126818,III,NJ,1
TCS,FY2026_Q1,TATA CONSULTANCY SERVICES LIMITED,Certified,H-1B,Architect,Computer Systems Engineers/Architects,75878,II,IA,1
CTSH,FY2026_Q1,COGNIZANT TECHNOLOGY SOLUTIONS US CORP,Certified,H-1B,Manager JC50 - Computer Systems Engineers/Architects,Computer Systems Engineers/Architects,108514,III,GA,1
TCS,FY2026_Q1,TATA CONSULTANCY SERVICES LIMITED,Certified,H-1B,Developer,Computer Programmers,92830,III,NC,1
CTSH,FY2026_Q1,COGNIZANT TECHNOLOGY SOLUTIONS US CORP,Certified,H-1B,Senior Associate JC60 -Computer Systems Engineers/Architects,Computer Systems Engineers/Architects,90501,II,NH,1
IBM,FY2026_Q1,IBM Corporation,Certified,H-1B,Back-End Developer,Data Warehousing Specialists,179620,II,TX,1
WIT,FY2026_Q1,WIPRO LIMITED,Certified,H-1B,Technical Lead L1,Computer Programmers,77418,II,TX,1
CTSH,FY2026_Q1,COGNIZANT TECHNOLOGY SOLUTIONS US CORP,Certified,H-1B,Senior Manager JC45 - Computer Systems Engineers/Architects,Computer Systems Engineers/Architects,140733,IV,MA,1
WIT,FY2026_Q1,WIPRO LIMITED,Certified,H-1B,Managing Consultant-Technology & Implementation L1,Computer Systems Analysts,111412,III,IL,1
MPHASIS,FY2026_Q1,Mphasis Corporation,Certified,H-1B,Software Engineer,Computer Programmers,85000,II,TX,1
IBM,FY2026_Q1,IBM Corporation,Certified,H-1B,Program Manager,Information Technology Project Managers,159623,IV,LA,1
WIT,FY2026_Q1,WIPRO LIMITED,Certified,H-1B,Solution Architect L1,Computer Systems Engineers/Architects,165000,II,TX,1
TCS,FY2026_Q1,TATA CONSULTANCY SERVICES LIMITED,Certified,H-1B,Architect,Computer Systems Engineers/Architects,86403,II,CA,1
TCS,FY2026_Q1,Tata Consultancy Services Limited,Certified,H-1B,Architect,Computer Systems Engineers/Architects,92581,II,TX,1
CTSH,FY2026_Q1,COGNIZANT TECHNOLOGY SOLUTIONS US CORP,Certified,H-1B,Manager JC50 - Computer Systems Engineers/Architects,Computer Systems Engineers/Architects,94307,III,CT,1
TCS,FY2026_Q1,TATA CONSULTANCY SERVICES LIMITED,Certified,H-1B,Analyst “ Testing,Software Quality Assurance Analysts and Testers,129792,II,CA,1
TECHM,FY2026_Q1,"Tech Mahindra (Americas), Inc.",Certified,H-1B,Technical Consultant,Software Developers,106909,II,TN,1
CTSH,FY2026_Q1,"Cognizant TriZetto Software Group, Inc.",Certified,H-1B,Senior Manager JC45 - Computer Systems Engineers/Architects,Computer Systems Engineers/Architects,145995,IV,CO,1
TCS,FY2026_Q1,TATA CONSULTANCY SERVICES LIMITED,Certified,H-1B,Developer,Computer Programmers,96637,II,OH,1
TCS,FY2026_Q1,TATA CONSULTANCY SERVICES LIMITED,Certified,H-1B,System Administrator,Network and Computer Systems Administrators,104083,II,MD,1
TCS,FY2026_Q1,TATA CONSULTANCY SERVICES LIMITED,Certified,H-1B,Architect,Computer Systems Engineers/Architects,92394,II,PA,1
WIT,FY2026_Q1,WIPRO LIMITED,Certified,H-1B,Architect Level 2,Computer Systems Engineers/Architects,87828,II,PA,1
LTIM,FY2026_Q1,LTIMindtree Limited,Certified,H-1B,Software Developer,Software Developers,105976,II,TX,1
INFY,FY2026_Q1,INFOSYS LIMITED,Certified,H-1B,Infrastructure Consultant 2,Network and Computer Systems Administrators,82306,II,TX,5
CTSH,FY2026_Q1,COGNIZANT TECHNOLOGY SOLUTIONS US CORP,Certified,H-1B,Senior Manager JC45 - Information Security Analysts,Information Security Analysts,160202,IV,CO,1
IBM,FY2026_Q1,IBM Corporation,Certified,H-1B,Senior Software Developer,Software Developers,224824,III,NY,1
CTSH,FY2026_Q1,COGNIZANT TECHNOLOGY SOLUTIONS US CORP,Certified,H-1B,Manager JC50 - Computer Systems Engineers/Architects,Computer Systems Engineers/Architects,126818,III,NJ,1
TCS,FY2026_Q1,TATA CONSULTANCY SERVICES LIMITED,Certified,H-1B,Developer,Computer Programmers,82243,II,OH,1
CTSH,FY2026_Q1,COGNIZANT TECHNOLOGY SOLUTIONS US CORP,Certified,H-1B,Senior Associate JC60 -Computer Systems Engineers/Architects,Computer Systems Engineers/Architects,92394,II,DE,1
LTIM,FY2026_Q1,LTIMindtree Limited,Certified,H-1B,Senior Specialist - Package Implementation,Software Developers,160000,II,AR,1
CTSH,FY2026_Q1,COGNIZANT TECHNOLOGY SOLUTIONS US CORP,Certified,H-1B,Mgr. JC50 - Software Quality Assurance Analysts and Testers,Software Quality Assurance Analysts and Testers,119912,III,NH,1
WIT,FY2026_Q1,WIPRO LIMITED,Certified,H-1B,Techno Functional Consultant L3,Computer Systems Analysts,161179,III,CA,1
TCS,FY2026_Q1,TATA CONSULTANCY SERVICES LIMITED,Certified,H-1B,Developer,Computer Programmers,94848,II,TX,1
TCS,FY2026_Q1,TATA CONSULTANCY SERVICES LIMITED,Certified,H-1B,Developer,Computer Programmers,90813,II,KY,1
IBM,FY2026_Q1,IBM Corporation,Certified,H-1B,QA/Test Developer,Software Developers,281789,IV,CA,1
WIT,FY2026_Q1,WIPRO LIMITED,Certified,H-1B,Techno Functional Consultant L2,Computer Systems Analysts,117496,II,NJ,1
MPHASIS,FY2026_Q1,Mphasis Corporation,Certified,H-1B,Software Engineer,Computer Programmers,140000,II,NC,1
MPHASIS,FY2026_Q1,Mphasis Corporation ,Certified,H-1B,QA TEST ENGINEER II,Software Quality Assurance Analysts and Testers,115000,II,CO,1
INFY,FY2026_Q1,INFOSYS LIMITED,Certified,H-1B,Senior Technology Architect - US,Computer Systems Engineers/Architects,115835,III,CA,5
CTSH,FY2026_Q1,COGNIZANT TECHNOLOGY SOLUTIONS US CORP,Certified,H-1B,Senior Associate JC60 -Computer Systems Engineers/Architects,Computer Systems Engineers/Architects,118310,II,VA,1
TCS,FY2026_Q1,TATA CONSULTANCY SERVICES LIMITED,Certified,H-1B,Developer,Computer Programmers,86570,III,NC,1
WIT,FY2026_Q1,WIPRO LIMITED,Certified,H-1B,Project Manager L2,Information Technology Project Managers,108514,III,GA,1
MPHASIS,FY2026_Q1,Mphasis Corporation,Certified,H-1B,Software Engineer,Computer Programmers,120000,II,GA,1
TCS,FY2026_Q1,TATA CONSULTANCY SERVICES LIMITED,Certified,H-1B,Architect,Computer Systems Engineers/Architects,90605,II,TX,1
TCS,FY2026_Q1,TATA CONSULTANCY SERVICES LIMITED,Certified,H-1B,Developer,Computer Programmers,77418,II,TX,1
LTIM,FY2026_Q1,LTIMindtree Limited,Certified,H-1B,Computer Network Support Specialist,Computer Network Support Specialists,62587,II,TX,1
TCS,FY2026_Q1,TATA CONSULTANCY SERVICES LIMITED,Certified,H-1B,Developer,Computer Programmers,62837,II,NC,1
INFY,FY2026_Q1,NOUS INFOSYSTEMS INC,Certified,H-1B,Senior Technical Project Manager,Information Technology Project Managers,139000,III,NY,1
WIT,FY2026_Q1,WIPRO LIMITED,Certified,H-1B,Techno Functional Consultant L3,Computer Systems Analysts,105146,III,TN,1
TCS,FY2026_Q1,TATA CONSULTANCY SERVICES LIMITED,Certified,H-1B,Architect,Computer Systems Engineers/Architects,111550,II,WA,1
TCS,FY2026_Q1,TATA CONSULTANCY SERVICES LIMITED,Certified,H-1B,Analyst,Computer Systems Analysts,81702,II,IL,1
TCS,FY2026_Q1,TATA CONSULTANCY SERVICES LIMITED,Certified,H-1B,Architect,Computer Systems Engineers/Architects,75878,II,IA,1
TCS,FY2026_Q1,TATA CONSULTANCY SERVICES LIMITED,Certified,H-1B,Architect,Computer Systems Engineers/Architects,117582,III,PA,1
INFY,FY2026_Q1,INFOSYS LIMITED,Certified,H-1B,Technology Project Lead 1,Information Technology Project Managers,81910,II,UT,5
IBM,FY2026_Q1,IBM Corporation,Certified,H-1B,Application Developer,Computer Systems Analysts,131642,III,AZ,1
TCS,FY2026_Q1,TATA CONSULTANCY SERVICES LIMITED,Certified,H-1B,Architect,Computer Systems Engineers/Architects,191097920,II,TX,1
TCS,FY2026_Q1,TATA CONSULTANCY SERVICES LIMITED,Certified,H-1B,Network Administrator,Network and Computer Systems Administrators,104083,II,MD,1
WIT,FY2026_Q1,WIPRO LIMITED,Certified,H-1B,Solution Architect L1,Computer Systems Engineers/Architects,156632,II,NC,1
CTSH,FY2026_Q1,COGNIZANT TECHNOLOGY SOLUTIONS US CORP,Certified,H-1B,Senior Associate JC60 -Computer Systems Engineers/Architects,Computer Systems Engineers/Architects,92394,II,NJ,1
TCS,FY2026_Q1,TATA CONSULTANCY SERVICES LIMITED,Certified,H-1B,Architect,Computer Systems Engineers/Architects,93538,II,AZ,1
INFY,FY2026_Q1,INFOSYS LIMITED,Certified,H-1B,Technology Consultant 2,Computer Systems Engineers/Architects,86403,II,CA,5
CTSH,FY2026_Q1,COGNIZANT TECHNOLOGY SOLUTIONS US CORP,Certified,H-1B,Manager JC50 - Information Technology Project Managers,Information Technology Project Managers,106538,III,MI,1
CTSH,FY2026_Q1,COGNIZANT TECHNOLOGY SOLUTIONS US CORP,Certified,H-1B,Manager JC50 - Computer Systems Engineers/Architects,Computer Systems Engineers/Architects,113797,III,NC,1
INFY,FY2026_Q1,INFOSYS LIMITED,Certified,H-1B,Engineering Consultant 3- Aerospace,Aerospace Engineers,125715,III,KS,1
TCS,FY2026_Q1,TATA CONSULTANCY SERVICES LIMITED,Certified,H-1B,Project Lead,Information Technology Project Managers,108514,III,GA,1
IBM,FY2026_Q1,IBM Corporation,Certified,H-1B,Project Manager,Information Technology Project Managers,116106,III,CA,1
CTSH,FY2026_Q1,COGNIZANT TECHNOLOGY SOLUTIONS US CORP,Certified,H-1B,Manager JC50 - Computer Systems Engineers/Architects,Computer Systems Engineers/Architects,126818,III,NJ,1
INFY,FY2026_Q1,INFOSYSNOW INC,Certified,H-1B,Network Engineer,Network and Computer Systems Administrators,69638,I,IL,1
CTSH,FY2026_Q1,COGNIZANT TECHNOLOGY SOLUTIONS US CORP,Certified,H-1B,Manager JC50 - Computer Systems Engineers/Architects,Computer Systems Engineers/Architects,104062,III,CT,1
CTSH,FY2026_Q1,COGNIZANT TECHNOLOGY SOLUTIONS US CORP,Certified,H-1B,Manager JC50 - Computer Systems Engineers/Architects,Computer Systems Engineers/Architects,108243,III,TX,1
IBM,FY2026_Q1,IBM Corporation,Certified,H-1B,Technical Lead,Computer Systems Analysts,113901,III,FL,1
CTSH,FY2026_Q1,COGNIZANT TECHNOLOGY SOLUTIONS US CORP,Certified,H-1B,Senior Manager JC45 - Computer Systems Engineers/Architects,Computer Systems Engineers/Architects,130083,IV,MN,1
CTSH,FY2026_Q1,COGNIZANT TECHNOLOGY SOLUTIONS US CORP,Certified,H-1B,Manager JC50 - Computer Systems Engineers/Architects,Computer Systems Engineers/Architects,110094,III,FL,1
TCS,FY2026_Q1,Tata Consultancy Services Limited,Certified,H-1B,Analyst,Computer Systems Analysts,81598,II,WI,1
TCS,FY2026_Q1,TATA CONSULTANCY SERVICES LIMITED,Certified,H-1B,Functional Consultant,Computer Systems Analysts,88026,II,PA,1
TCS,FY2026_Q1,TATA CONSULTANCY SERVICES LIMITED,Certified,H-1B,Analyst “ Testing,Software Quality Assurance Analysts and Testers,91811,II,NJ,1
TCS,FY2026_Q1,TATA CONSULTANCY SERVICES LIMITED,Certified,H-1B,Developer,Computer Programmers,77418,II,TX,1
CTSH,FY2026_Q1,COGNIZANT TECHNOLOGY SOLUTIONS US CORP,Certified,H-1B,Manager JC50 - Computer Systems Engineers/Architects,Computer Systems Engineers/Architects,101504,III,MO,1
CTSH,FY2026_Q1,COGNIZANT TECHNOLOGY SOLUTIONS US CORP,Certified,H-1B,Senior Manager JC45 - Computer Systems Engineers/Architects,Computer Systems Engineers/Architects,112798,IV,MA,1
CTSH,FY2026_Q1,COGNIZANT TECHNOLOGY SOLUTIONS US CORP,Certified,H-1B,Manager JC50 - Computer Systems Engineers/Architects,Computer Systems Engineers/Architects,97469,III,OH,1
CAP,FY2026_Q1,CAPGEMINI AMERICA INC,Certified,H-1B,Business Systems Analyst 3,Computer Systems Analysts,158871,III,TX,1
TCS,FY2026_Q1,TATA CONSULTANCY SERVICES LIMITED,Certified,H-1B,Architect,Computer Systems Engineers/Architects,92394,II,DE,1
HCLTECH,FY2026_Q1,HCL GLOBAL SYSTEMS INC,Certified,H-1B,SENIOR JAVA DEVELOPER,Software Developers,121118,III,IL,1
CTSH,FY2026_Q1,COGNIZANT TECHNOLOGY SOLUTIONS US CORP,Certified,H-1B,Manager JC50 - Computer Systems Engineers/Architects,Computer Systems Engineers/Architects,104062,III,CT,1
TCS,FY2026_Q1,TATA CONSULTANCY SERVICES LIMITED,Certified,H-1B,Developer,Computer Programmers,76315,II,TX,1
CTSH,FY2026_Q1,COGNIZANT TECHNOLOGY SOLUTIONS US CORP,Certified,H-1B,Senior Associate JC60 -Computer Systems Engineers/Architects,Computer Systems Engineers/Architects,90501,II,NH,1
TCS,FY2026_Q1,Tata Consultancy Services Limited,Certified,H-1B,Developer,Computer Programmers,95514,II,CT,1
CTSH,FY2026_Q1,COGNIZANT TECHNOLOGY SOLUTIONS US CORP,Certified,H-1B,Manager JC50 - Software Developers,Software Developers,134971,III,TX,1
INFY,FY2026_Q1,INFOSYS LIMITED,Certified,H-1B,Technology Consultant 2,Computer Systems Engineers/Architects,81910,II,UT,1
TCS,FY2026_Q1,TATA CONSULTANCY SERVICES LIMITED,Certified,H-1B,Developer,Computer Programmers,84032,III,AZ,1
TCS,FY2026_Q1,Tata Consultancy Services Limited,Certified,H-1B,Architect,Computer Systems Engineers/Architects,93538,II,AZ,1
TCS,FY2026_Q1,TATA CONSULTANCY SERVICES LIMITED,Certified,H-1B,Developer,Computer Programmers,98946,III,TX,1
CTSH,FY2026_Q1,COGNIZANT TECHNOLOGY SOLUTIONS US CORP,Certified,H-1B,Senior Associate JC60 -Computer Systems Engineers/Architects,Computer Systems Engineers/Architects,94682,II,NJ,1
TCS,FY2026_Q1,TATA CONSULTANCY SERVICES LIMITED,Certified,H-1B,Developer,Computer Programmers,107203,II,CA,1
TCS,FY2026_Q1,TATA CONSULTANCY SERVICES LIMITED,Certified,H-1B,Software Developer,Software Developers,130707,III,GA,1
WIT,FY2026_Q1,WIPRO LIMITED,Certified,H-1B,Solution Architect L1,Computer Systems Engineers/Architects,95208,II,MD,1
CTSH,FY2026_Q1,COGNIZANT TECHNOLOGY SOLUTIONS US CORP,Certified,H-1B,SA JC60 - Software Quality Assurance Analysts and Testers,Software Quality Assurance Analysts and Testers,113277,II,CA,1
TCS,FY2026_Q1,TATA CONSULTANCY SERVICES LIMITED,Certified,H-1B,Architect,Computer Systems Engineers/Architects,94682,II,NJ,1
LTIM,FY2026_Q1,LTIMindtree Limited,Certified,H-1B,Senior Software Engineer,Computer Systems Engineers/Architects,92581,II,TX,1
MPHASIS,FY2026_Q1,Mphasis Corporation,Certified,H-1B,Software Engineer,Software Developers,135000,II,TX,1
CTSH,FY2026_Q1,COGNIZANT TECHNOLOGY SOLUTIONS US CORP,Certified,H-1B,Senior Associate JC60 -Computer Systems Engineers/Architects,Computer Systems Engineers/Architects,82846,II,IL,1
CTSH,FY2026_Q1,COGNIZANT TECHNOLOGY SOLUTIONS US CORP,Certified,H-1B,Mgr. JC50 - Software Quality Assurance Analysts and Testers,Software Quality Assurance Analysts and Testers,110198,III,VA,1
TCS,FY2026_Q1,TATA CONSULTANCY SERVICES LIMITED,Certified,H-1B,User Interface Designer,Web and Digital Interface Designers,94578,II,MA,1
HCLTECH,FY2026_Q1,HCL GLOBAL SYSTEMS INC,Certified,H-1B,SOFTWARE DEVELOPER,Software Developers,120349,III,MI,1
WIT,FY2026_Q1,WIPRO LIMITED,Certified,H-1B,Technology Architect L1,Computer Systems Engineers/Architects,140000,II,TX,1
TCS,FY2026_Q1,TATA CONSULTANCY SERVICES LIMITED,Certified,H-1B,System Administrator,Network and Computer Systems Administrators,85218,II,GA,1
TCS,FY2026_Q1,Tata Consultancy Services Limited,Certified,H-1B,Architect,Computer Systems Engineers/Architects,115835,III,CA,1
CTSH,FY2026_Q1,COGNIZANT TECHNOLOGY SOLUTIONS US CORP,Certified,H-1B,Manager JC50 - Computer Systems Engineers/Architects,Computer Systems Engineers/Architects,126818,III,NJ,1
CTSH,FY2026_Q1,COGNIZANT TECHNOLOGY SOLUTIONS US CORP,Certified,H-1B,Senior Associate JC60 - Web and Digital Interface Designers,Web and Digital Interface Designers,83158,II,TX,1
INFY,FY2026_Q1,INFOSYS LIMITED,Certified,H-1B,Package Project Lead 1,Information Technology Project Managers,79560,II,WI,5
TCS,FY2026_Q1,Tata Consultancy Services Limited,Certified,H-1B,Architect,Computer Systems Engineers/Architects,86403,II,CA,1
IBM,FY2026_Q1,IBM Corporation,Certified,H-1B,Senior Managing Consultant SAP S/4 - HANA,Software Developers,195000,IV,MA,1
TCS,FY2026_Q1,Tata Consultancy Services Limited,Certified,H-1B,Architect,Computer Systems Engineers/Architects,92581,II,TX,1
TCS,FY2026_Q1,TATA CONSULTANCY SERVICES LIMITED,Certified,H-1B,Software Developer,Software Developers,131997,II,NJ,1
TCS,FY2026_Q1,TATA CONSULTANCY SERVICES LIMITED,Certified,H-1B,Software Developer,Software Developers,109283,II,GA,1
IBM,FY2026_Q1,IBM Corporation,Certified,H-1B,Project Manager,Information Technology Project Managers,115732,II,LA,1
TCS,FY2026_Q1,TATA CONSULTANCY SERVICES LIMITED,Certified,H-1B,Data Warehouse Specialist,Data Warehousing Specialists,116418,II,NC,1
CTSH,FY2026_Q1,COGNIZANT TECHNOLOGY SOLUTIONS US CORP,Certified,H-1B,Senior Manager JC45 - Computer Systems Engineers/Architects,Computer Systems Engineers/Architects,94869,IV,AR,1
CTSH,FY2026_Q1,COGNIZANT TECHNOLOGY SOLUTIONS US CORP,Certified,H-1B,AD JC40 - Computer Systems Engineers/Architects,Computer Systems Engineers/Architects,143790,IV,CA,1
CTSH,FY2026_Q1,COGNIZANT TECHNOLOGY SOLUTIONS US CORP,Certified,H-1B,Manager JC50 - Computer Systems Engineers/Architects,Computer Systems Engineers/Architects,113797,III,NC,1
IBM,FY2026_Q1,IBM Corporation,Certified,H-1B,Application Architect,Computer Systems Analysts,100000,III,IL,1
CNXC,FY2026_Q1,Concentrix CVG Customer Management Group Inc.,Certified,H-1B,BI Data Engineer,Business Intelligence Analysts,91686,II,CA,1
CTSH,FY2026_Q1,COGNIZANT TECHNOLOGY SOLUTIONS US CORP,Certified,H-1B,Mgr. JC50 - Software Quality Assurance Analysts and Testers,Software Quality Assurance Analysts and Testers,104728,III,IL,1
CTSH,FY2026_Q1,COGNIZANT TECHNOLOGY SOLUTIONS US CORP,Certified,H-1B,SA JC60 - Software Quality Assurance Analysts and Testers,Software Quality Assurance Analysts and Testers,102086,II,NJ,1
TCS,FY2026_Q1,Tata Consultancy Services Limited,Certified,H-1B,Architect,Computer Systems Engineers/Architects,94682,II,NJ,1
MPHASIS,FY2026_Q1,Mphasis Corporation,Certified,H-1B,IT Project Manager,Information Technology Project Managers,80974,II,TN,1
TCS,FY2026_Q1,Tata Consultancy Services Limited,Certified,H-1B,Analyst - Testing,Software Quality Assurance Analysts and Testers,84178,II,CT,1
CNXC,FY2026_Q1,Concentrix CVG Customer Management Group Inc.,Certified,H-1B,Program Manager,Information Technology Project Managers,118456,III,TX,1
CTSH,FY2026_Q1,COGNIZANT TECHNOLOGY SOLUTIONS US CORP,Certified,H-1B,Manager JC50 - Computer Systems Engineers/Architects,Computer Systems Engineers/Architects,104062,III,CT,1
TCS,FY2026_Q1,Tata Consultancy Services Limited,Certified,H-1B,Network Administrator,Network and Computer Systems Administrators,86029,II,TX,1
CTSH,FY2026_Q1,COGNIZANT TECHNOLOGY SOLUTIONS US CORP,Certified,H-1B,Senior Manager JC45 - Computer Systems Engineers/Architects,Computer Systems Engineers/Architects,126339,IV,CT,1
CTSH,FY2026_Q1,COGNIZANT TECHNOLOGY SOLUTIONS US CORP,Certified,H-1B,Manager JC50 - Computer Systems Engineers/Architects,Computer Systems Engineers/Architects,126818,III,NJ,1
LTIM,FY2026_Q1,LTIMindtree Limited,Certified,H-1B,Senior Specialist “ Software Engineering,Software Developers,130000,II,NE,1
CTSH,FY2026_Q1,COGNIZANT TECHNOLOGY SOLUTIONS US CORP,Certified,H-1B,Manager JC50 - Computer Systems Engineers/Architects,Computer Systems Engineers/Architects,106538,III,MI,1
TCS,FY2026_Q1,TATA CONSULTANCY SERVICES LIMITED,Certified,H-1B,Developer,Computer Programmers,95514,II,CT,1
CTSH,FY2026_Q1,COGNIZANT TECHNOLOGY SOLUTIONS US CORP,Certified,H-1B,Manager JC50 - Computer Systems Engineers/Architects,Computer Systems Engineers/Architects,90813,III,KY,1
G,FY2026_Q1,Genpact LLC,Certified,H-1B,Senior Principal Consultant,Software Developers,144530,II,TX,1
TCS,FY2026_Q1,TATA CONSULTANCY SERVICES LIMITED,Certified,H-1B,Architect,Computer Systems Engineers/Architects,97469,III,OH,1
CTSH,FY2026_Q1,COGNIZANT TECHNOLOGY SOLUTIONS US CORP,Certified,H-1B,SA JC60 - Software Quality Assurance Analysts and Testers,Software Quality Assurance Analysts and Testers,102086,II,NJ,1
CNXC,FY2026_Q1,Concentrix CVG Customer Management Group Inc.,Certified,H-1B,Software Business Analyst,Business Intelligence Analysts,114234,II,CO,1
MPHASIS,FY2026_Q1,Mphasis Corporation ,Certified,H-1B,Software Programmer II,Computer Programmers,160000,II,TX,1
TCS,FY2026_Q1,TATA CONSULTANCY SERVICES LIMITED,Certified,H-1B,ANALYST,Computer Systems Analysts,88067,III,IN,1
CNXC,FY2026_Q1,Concentrix CVG Customer Management Group Inc.,Certified,H-1B,Sr. Lead Software Engineer,Software Developers,118165,III,NE,1
CTSH,FY2026_Q1,COGNIZANT TECHNOLOGY SOLUTIONS US CORP,Certified,H-1B,Manager JC50 - Computer Systems Engineers/Architects,Computer Systems Engineers/Architects,92082,III,PA,1
CTSH,FY2026_Q1,COGNIZANT TECHNOLOGY SOLUTIONS US CORP,Certified,H-1B,Senior Manager JC45 - Computer Systems Engineers/Architects,Computer Systems Engineers/Architects,163363,IV,DC,1
TCS,FY2026_Q1,TATA CONSULTANCY SERVICES LIMITED,Certified,H-1B,Architect,Computer Systems Engineers/Architects,72779,II,NY,1
TCS,FY2026_Q1,TATA CONSULTANCY SERVICES LIMITED,Certified,H-1B,User Interface Designer,Web and Digital Interface Designers,67662,II,MI,1
CTSH,FY2026_Q1,COGNIZANT TECHNOLOGY SOLUTIONS US CORP,Certified,H-1B,Sr. Mgr. JC45 - Information Technology Project Managers,Information Technology Project Managers,140733,IV,MA,1
IBM,FY2026_Q1,IBM Corporation,Certified,H-1B,Data Scientist,Data Scientists,242141,IV,WA,1
IBM,FY2026_Q1,IBM Corporation,Certified,H-1B,IT Specialist,Software Developers,191215,IV,NY,1
CTSH,FY2026_Q1,COGNIZANT TECHNOLOGY SOLUTIONS US CORP,Certified,H-1B,Senior Associate JC60 -Computer Systems Engineers/Architects,Computer Systems Engineers/Architects,92394,II,DE,1
G,FY2026_Q1,Genpact LLC,Certified,H-1B,Principal Consultant,Software Quality Assurance Analysts and Testers,128000,II,WI,1
CTSH,FY2026_Q1,COGNIZANT TECHNOLOGY SOLUTIONS US CORP,Certified,H-1B,Manager JC50 - Computer Systems Engineers/Architects,Computer Systems Engineers/Architects,118456,III,TX,1
CTSH,FY2026_Q1,COGNIZANT TECHNOLOGY SOLUTIONS US CORP,Certified,H-1B,Senior Associate JC60 -Computer Systems Engineers/Architects,Computer Systems Engineers/Architects,92394,II,DE,1
CTSH,FY2026_Q1,COGNIZANT TECHNOLOGY SOLUTIONS US CORP,Certified,H-1B,Manager JC50 - Computer Systems Engineers/Architects,Computer Systems Engineers/Architects,101296,III,CA,1
CTSH,FY2026_Q1,COGNIZANT TECHNOLOGY SOLUTIONS US CORP,Certified,H-1B,SA JC60 - Software Quality Assurance Analysts and Testers,Software Quality Assurance Analysts and Testers,91374,II,TX,1
TCS,FY2026_Q1,TATA CONSULTANCY SERVICES LIMITED,Certified,H-1B,Network Administrator,Network and Computer Systems Administrators,86965,II,TX,1
CTSH,FY2026_Q1,COGNIZANT TECHNOLOGY SOLUTIONS US CORP,Certified,H-1B,Mgr. JC50 - Software Quality Assurance Analysts and Testers,Software Quality Assurance Analysts and Testers,112216,III,NC,1
CTSH,FY2026_Q1,COGNIZANT TECHNOLOGY SOLUTIONS US CORP,Certified,H-1B,Manager JC50 - Database Architects,Database Architects,107744,III,AR,1
TCS,FY2026_Q1,Tata Consultancy Services Limited,Certified,H-1B,User Interface Designer,Web and Digital Interface Designers,120598,II,CA,1
CTSH,FY2026_Q1,COGNIZANT TECHNOLOGY SOLUTIONS US CORP,Certified,H-1B,Manager JC50 - Database Administrators,Database Administrators,125008,III,NJ,1
CTSH,FY2026_Q1,COGNIZANT TECHNOLOGY SOLUTIONS US CORP,Certified,H-1B,SA JC60 - Software Quality Assurance Analysts and Testers,Software Quality Assurance Analysts and Testers,91374,II,TX,1
MPHASIS,FY2026_Q1,Mphasis Corporation,Certified,H-1B,Software Engineer,Computer Programmers,125000,II,TX,1
WIT,FY2026_Q1,WIPRO LIMITED,Certified,E-3 Australian,Application Architect L1,Computer Systems Engineers/Architects,135000,II,NJ,1
CNXC,FY2026_Q1,Concentrix CVG Customer Management Group Inc.,Certified,H-1B,Sr. Software Development Engineer in Test,Software Developers,95701,II,KS,1
ACN,FY2026_Q1,Accenture LLP,Certified,H-1B,AI LLM Technology Architecture Sr Mgr,Information Technology Project Managers,214900,IV,CT,1
CTSH,FY2026_Q1,COGNIZANT TECHNOLOGY SOLUTIONS US CORP,Certified,H-1B,Mgr. JC50 - Software Quality Assurance Analysts and Testers,Software Quality Assurance Analysts and Testers,112216,III,NC,1
CTSH,FY2026_Q1,COGNIZANT TECHNOLOGY SOLUTIONS US CORP,Certified,H-1B,Senior Associate JC60 - Database Architects,Database Architects,140130,II,NH,1
CTSH,FY2026_Q1,COGNIZANT TECHNOLOGY SOLUTIONS US CORP,Certified,H-1B,Manager JC50 - Computer Systems Engineers/Architects,Computer Systems Engineers/Architects,113797,III,NC,1
CTSH,FY2026_Q1,COGNIZANT TECHNOLOGY SOLUTIONS US CORP,Certified,H-1B,Manager JC50 - Computer Systems Engineers/Architects,Computer Systems Engineers/Architects,150405,III,CA,1
HCLTECH,FY2026_Q1,HCL GLOBAL SYSTEMS INC,Certified,E-3 Australian,INFORMATION SECURITY ANALYST,Information Security Analysts,128253,III,TX,1
TCS,FY2026_Q1,TATA CONSULTANCY SERVICES LIMITED,Certified,H-1B,ARCHITECT,Computer Systems Engineers/Architects,70800,II,FL,1
TCS,FY2026_Q1,TATA CONSULTANCY SERVICES LIMITED,Certified,H-1B,Technical Lead,Information Technology Project Managers,80974,II,TX,1
CTSH,FY2026_Q1,COGNIZANT TECHNOLOGY SOLUTIONS US CORP,Certified,H-1B,Senior Manager JC45 - Computer Systems Engineers/Architects,Computer Systems Engineers/Architects,140733,IV,MA,1
CTSH,FY2026_Q1,COGNIZANT TECHNOLOGY SOLUTIONS US CORP,Certified,H-1B,Senior Manager JC45 - Computer Systems Engineers/Architects,Computer Systems Engineers/Architects,144144,IV,AZ,1
CTSH,FY2026_Q1,COGNIZANT TECHNOLOGY SOLUTIONS US CORP,Certified,H-1B,Sr Mgr JC45-Software Quality Assurance Analysts and Testers,Software Quality Assurance Analysts and Testers,121389,IV,IL,1
MPHASIS,FY2026_Q1,Emphasis Brilliance Inc,Certified,H-1B,Managerial Economist,Economists,200000,IV,CA,1
CTSH,FY2026_Q1,COGNIZANT TECHNOLOGY SOLUTIONS US CORP,Certified,H-1B,Senior Manager JC45 - Computer Systems Engineers/Architects,Computer Systems Engineers/Architects,94869,IV,AR,1
CTSH,FY2026_Q1,COGNIZANT TECHNOLOGY SOLUTIONS US CORP,Certified,H-1B,Mgr. JC50 - Software Quality Assurance Analysts and Testers,Software Quality Assurance Analysts and Testers,128461,III,VA,1
IBM,FY2026_Q1,IBM Corporation,Certified,H-1B,Software Developer,Software Developers,210504,II,CA,1
TCS,FY2026_Q1,TATA CONSULTANCY SERVICES LIMITED,Certified,H-1B,Database Administrator,Database Administrators,95035,II,TX,1
TCS,FY2026_Q1,Tata Consultancy Services Limited,Certified,H-1B,User Interface Designer,Web and Digital Interface Designers,96408,II,NJ,1
TCS,FY2026_Q1,TATA CONSULTANCY SERVICES LIMITED,Certified,H-1B,Architect,Computer Systems Engineers/Architects,94682,II,NJ,1
CTSH,FY2026_Q1,COGNIZANT TECHNOLOGY SOLUTIONS US CORP,Certified,H-1B,Manager JC50 - Computer Systems Engineers/Architects,Computer Systems Engineers/Architects,107640,III,IL,1
TCS,FY2026_Q1,Tata Consultancy Services Limited,Certified,H-1B,Architect,Computer Systems Engineers/Architects,91874,II,TX,1
CTSH,FY2026_Q1,COGNIZANT TECHNOLOGY SOLUTIONS US CORP,Certified,H-1B,SA JC60 - Software Quality Assurance Analysts and Testers,Software Quality Assurance Analysts and Testers,91374,II,TX,1
CTSH,FY2026_Q1,COGNIZANT TECHNOLOGY SOLUTIONS US CORP,Certified,H-1B,Sr. Mgr. JC45 - Information Technology Project Managers,Information Technology Project Managers,130562,IV,GA,1
INFY,FY2026_Q1,INFOSYS LIMITED,Certified,H-1B,Technology Consultant 2,Computer Systems Engineers/Architects,93538,II,AZ,5
CTSH,FY2026_Q1,COGNIZANT TECHNOLOGY SOLUTIONS US CORP,Certified,H-1B,Manager JC50 - Computer Systems Engineers/Architects,Computer Systems Engineers/Architects,126256,III,NC,1
CTSH,FY2026_Q1,COGNIZANT TECHNOLOGY SOLUTIONS US CORP,Certified,H-1B,Manager JC50 - Computer Systems Engineers/Architects,Computer Systems Engineers/Architects,92914,III,AL,1
MPHASIS,FY2026_Q1,Mphasis Corporation,Certified,H-1B,Software Engineer,Computer Programmers,121000,II,NJ,1
IBM,FY2026_Q1,IBM Corporation,Certified,H-1B,Software Developer,Software Developers,197363,II,CA,1
IBM,FY2026_Q1,IBM Corporation,Certified,H-1B,Application Architect,Software Developers,152131,IV,GA,1
TCS,FY2026_Q1,TATA CONSULTANCY SERVICES LIMITED,Certified,H-1B,Architect,Computer Systems Engineers/Architects,94682,II,NJ,1
TCS,FY2026_Q1,Tata Consultancy Services Limited,Certified,H-1B,Architect,Computer Systems Engineers/Architects,93538,II,AZ,1
CTSH,FY2026_Q1,COGNIZANT TECHNOLOGY SOLUTIONS US CORP,Certified,H-1B,Senior Associate JC60 -Computer Systems Engineers/Architects,Computer Systems Engineers/Architects,114000,II,FL,1
HCLTECH,FY2026_Q1,HCL GLOBAL SYSTEMS INC,Certified,H-1B,SOFTWARE QUALITY ENGINEER,Software Quality Assurance Analysts and Testers,91374,II,FL,1
TCS,FY2026_Q1,TATA CONSULTANCY SERVICES LIMITED,Certified,H-1B,Developer,Computer Programmers,98301,II,NY,1
CTSH,FY2026_Q1,COGNIZANT TECHNOLOGY SOLUTIONS US CORP,Certified,H-1B,Manager JC50 - Computer Systems Engineers/Architects,Computer Systems Engineers/Architects,118456,III,TX,1
TCS,FY2026_Q1,TATA CONSULTANCY SERVICES LIMITED,Certified,H-1B,Architect,Computer Systems Engineers/Architects,60403,II,FL,1
CTSH,FY2026_Q1,COGNIZANT TECHNOLOGY SOLUTIONS US CORP,Certified,H-1B,Sr. Mgr. JC45 - Information Technology Project Managers,Information Technology Project Managers,130562,IV,GA,1
ACN,FY2026_Q1,Accenture LLP,Certified,H-1B,Packaged App Development Assoc Manager,Management Analysts,137000,III,HI,1
CTSH,FY2026_Q1,COGNIZANT TECHNOLOGY SOLUTIONS US CORP,Certified,H-1B,Manager JC50 - Computer Systems Engineers/Architects,Computer Systems Engineers/Architects,126256,III,NC,1
CAP,FY2026_Q1,CAPGEMINI AMERICA INC,Certified,H-1B,Solution Architect 3,Software Developers,130000,III,WI,1
CTSH,FY2026_Q1,COGNIZANT TECHNOLOGY SOLUTIONS US CORP,Certified,H-1B,Manager JC50 - Computer Systems Engineers/Architects,Computer Systems Engineers/Architects,113797,III,NC,1
IBM,FY2026_Q1,IBM Corporation,Certified,H-1B,Incentive Analytics Analyst,Data Scientists,135533,IV,GA,1
CTSH,FY2026_Q1,COGNIZANT TECHNOLOGY SOLUTIONS US CORP,Certified,H-1B,Senior Manager JC45 - Computer Systems Engineers/Architects,Computer Systems Engineers/Architects,144144,IV,AZ,1
CTSH,FY2026_Q1,COGNIZANT TECHNOLOGY SOLUTIONS US CORP,Certified,H-1B,Senior Manager JC45 - Computer Systems Engineers/Architects,Computer Systems Engineers/Architects,144310,IV,TX,1
CTSH,FY2026_Q1,COGNIZANT TECHNOLOGY SOLUTIONS US CORP,Certified,H-1B,Sr. Mgr. JC45 - Information Technology Project Managers,Information Technology Project Managers,157560,IV,NC,1
CTSH,FY2026_Q1,COGNIZANT TECHNOLOGY SOLUTIONS US CORP,Certified,H-1B,SA JC60 - Software Quality Assurance Analysts and Testers,Software Quality Assurance Analysts and Testers,91374,II,TX,1
TCS,FY2026_Q1,TATA CONSULTANCY SERVICES LIMITED,Certified,H-1B,Architect,Computer Systems Engineers/Architects,82846,II,IL,1
CTSH,FY2026_Q1,COGNIZANT TECHNOLOGY SOLUTIONS US CORP,Certified,H-1B,Sr. Mgr. JC45 - Information Technology Project Managers,Information Technology Project Managers,157560,IV,NC,1
CTSH,FY2026_Q1,COGNIZANT TECHNOLOGY SOLUTIONS US CORP,Certified,H-1B,Senior Manager JC45 - Computer Systems Engineers/Architects,Computer Systems Engineers/Architects,140795,IV,NC,1
CTSH,FY2026_Q1,COGNIZANT TECHNOLOGY SOLUTIONS US CORP,Certified,H-1B,Senior Manager JC45 - Computer Systems Engineers/Architects,Computer Systems Engineers/Architects,163363,IV,VA,1
IBM,FY2026_Q1,IBM Corporation,Certified,H-1B,Software Developer,Software Developers,264515,IV,CA,1
CTSH,FY2026_Q1,COGNIZANT TECHNOLOGY SOLUTIONS US CORP,Certified,H-1B,Senior Associate JC60 -Computer Systems Engineers/Architects,Computer Systems Engineers/Architects,92581,II,TX,1
CTSH,FY2026_Q1,COGNIZANT TECHNOLOGY SOLUTIONS US CORP,Certified,H-1B,Manager JC50 - Computer Systems Engineers/Architects,Computer Systems Engineers/Architects,108514,III,GA,1
CNXC,FY2026_Q1,Concentrix CVG Customer Management Group Inc.,Certified,H-1B,Software Architect,Software Developers,118165,III,NE,1
CTSH,FY2026_Q1,COGNIZANT TECHNOLOGY SOLUTIONS US CORP,Certified,H-1B,Sr Mgr JC45-Software Quality Assurance Analysts and Testers,Software Quality Assurance Analysts and Testers,148574,IV,MD,1
CTSH,FY2026_Q1,COGNIZANT TECHNOLOGY SOLUTIONS US CORP,Certified,H-1B,Mgr. JC50 - Software Quality Assurance Analysts and Testers,Software Quality Assurance Analysts and Testers,112216,III,NC,1
CTSH,FY2026_Q1,COGNIZANT TECHNOLOGY SOLUTIONS US CORP,Certified,H-1B,Senior Associate JC60 -Computer Systems Engineers/Architects,Computer Systems Engineers/Architects,77189,II,NY,1
CTSH,FY2026_Q1,COGNIZANT TECHNOLOGY SOLUTIONS US CORP,Certified,H-1B,Sr. Mgr. JC45 - Information Technology Project Managers,Information Technology Project Managers,140733,IV,MA,1
IBM,FY2026_Q1,IBM Corporation,Certified,H-1B,Senior Application Developer,Computer Systems Analysts,103917,II,NJ,1
CNXC,FY2026_Q1,Concentrix CVG Corporation,Certified,H-1B,"Director, HRIS",Computer and Information Systems Managers,180461,III,TX,1
CTSH,FY2026_Q1,COGNIZANT TECHNOLOGY SOLUTIONS US CORP,Certified,H-1B,Manager JC50 - Software Developers,Software Developers,130707,III,GA,1
CTSH,FY2026_Q1,COGNIZANT TECHNOLOGY SOLUTIONS US CORP,Certified,H-1B,Mgr. JC50 - Software Quality Assurance Analysts and Testers,Software Quality Assurance Analysts and Testers,108410,III,NC,1
CNXC,FY2026_Q1,Concentrix CVG Customer Management Group Inc.,Certified,H-1B,Lead Software Engineer,Software Developers,130707,III,GA,1
CNXC,FY2026_Q1,Concentrix CVG Customer Management Group Inc.,Certified,H-1B,"Lead Technical, Infrastructure Operations & Analysis","Computer Occupations, All Other",118456,III,TX,1
CNXC,FY2026_Q1,Concentrix CVG Customer Management Group Inc.,Certified,H-1B,Sr. Software Engineer,Software Developers,120536,II,CO,1
CTSH,FY2026_Q1,COGNIZANT TECHNOLOGY SOLUTIONS US CORP,Certified,H-1B,Senior Associate JC60 -Computer Systems Engineers/Architects,Computer Systems Engineers/Architects,104666,II,MD,1
HCLTECH,FY2026_Q1,HCL GLOBAL SYSTEMS INC,Certified,H-1B,SALESFORCE BUSINESS SYSTEMS ANALYST,Computer Systems Analysts,120141,III,TX,1
TCS,FY2026_Q1,TATA CONSULTANCY SERVICES LIMITED,Certified,H-1B,Analyst,Computer Systems Analysts,73507,II,KY,1
CTSH,FY2026_Q1,COGNIZANT TECHNOLOGY SOLUTIONS US CORP,Certified,H-1B,Manager JC50 - Computer Systems Engineers/Architects,Computer Systems Engineers/Architects,101941,III,NC,1
CNXC,FY2026_Q1,Concentrix Solutions Corporation,Certified,H-1B,"Team Leader, Operations",Information Technology Project Managers,90605,II,TX,1
TCS,FY2026_Q1,Tata Consultancy Services Limited,Certified,H-1B,Developer,Computer Programmers,90854,II,VA,1
TCS,FY2026_Q1,TATA CONSULTANCY SERVICES LIMITED,Certified,H-1B,Developer,Computer Programmers,104541,III,CA,1
CTSH,FY2026_Q1,COGNIZANT TECHNOLOGY SOLUTIONS US CORP,Certified,H-1B,Senior Manager JC45 - Computer Systems Engineers/Architects,Computer Systems Engineers/Architects,140795,IV,NC,1
MPHASIS,FY2026_Q1,Mphasis Corporation,Certified,H-1B,Systems Architect,Computer Systems Engineers/Architects,155000,II,CA,1
TCS,FY2026_Q1,TATA CONSULTANCY SERVICES LIMITED,Certified,H-1B,User Interface Designer,Web and Digital Interface Designers,67662,II,MI,1
MPHASIS,FY2026_Q1,Mphasis Corporation,Certified,H-1B,Software Engineer,Computer Programmers,80098,II,TX,1
G,FY2026_Q1,Genpact LLC,Certified,H-1B,Senior Principal Consultant,Software Quality Assurance Analysts and Testers,148000,II,WI,1
CTSH,FY2026_Q1,COGNIZANT TECHNOLOGY SOLUTIONS US CORP,Certified,H-1B,Manager JC50 - Computer Systems Engineers/Architects,Computer Systems Engineers/Architects,122637,III,OR,1
CTSH,FY2026_Q1,COGNIZANT TECHNOLOGY SOLUTIONS US CORP,Certified,H-1B,Manager JC50 - Computer Systems Engineers/Architects,Computer Systems Engineers/Architects,108514,III,GA,1
TCS,FY2026_Q1,TATA CONSULTANCY SERVICES LIMITED,Certified,H-1B,Architect,Computer Systems Engineers/Architects,86445,II,GA,1
CNXC,FY2026_Q1,Concentrix CVG Customer Management Group Inc.,Certified,H-1B,Sr. Lead Software Engineer,Software Developers,118165,III,NE,1
INFY,FY2026_Q1,ICONIC INFOSYS INC,Certified,H-1B,Sr. Network Engineer,Network and Computer Systems Administrators,87000,II,TX,1
CTSH,FY2026_Q1,COGNIZANT TECHNOLOGY SOLUTIONS US CORP,Certified,H-1B,Manager JC50 - Computer Systems Engineers/Architects,Computer Systems Engineers/Architects,115336,III,OH,1
TCS,FY2026_Q1,TATA CONSULTANCY SERVICES LIMITED,Certified,H-1B,Architect,Computer Systems Engineers/Architects,111800,IV,KY,1
TCS,FY2026_Q1,TATA CONSULTANCY SERVICES LIMITED,Certified,H-1B,User Interface Designer,Web and Digital Interface Designers,120598,II,CA,1
TCS,FY2026_Q1,Tata Consultancy Services Limited,Certified,H-1B,Developer,Computer Programmers,92830,III,NC,1
MPHASIS,FY2026_Q1,Mphasis Corporation,Certified,H-1B,Software Engineer,Computer Programmers,135000,II,GA,1
IBM,FY2026_Q1,IBM Corporation,Certified,H-1B,Software Engineer,Database Administrators,171811,III,CA,1
CNXC,FY2026_Q1,Concentrix CVG Customer Management Group Inc.,Certified,H-1B,Sr. Scrum Master,Information Technology Project Managers,111550,II,WA,1
CTSH,FY2026_Q1,COGNIZANT TECHNOLOGY SOLUTIONS US CORP,Certified,H-1B,Manager JC50 - Computer Systems Engineers/Architects,Computer Systems Engineers/Architects,113797,III,SC,1
TCS,FY2026_Q1,TATA CONSULTANCY SERVICES LIMITED,Certified,H-1B,Developer,Computer Programmers,62837,II,NC,1
CTSH,FY2026_Q1,COGNIZANT TECHNOLOGY SOLUTIONS US CORP,Certified,H-1B,Senior Manager JC45 - Computer Systems Engineers/Architects,Computer Systems Engineers/Architects,147576,IV,OR,1
TCS,FY2026_Q1,Tata Consultancy Services Limited,Certified,H-1B,User Interface Designer,Web and Digital Interface Designers,83824,III,KY,1
CTSH,FY2026_Q1,COGNIZANT TECHNOLOGY SOLUTIONS US CORP,Certified,H-1B,Senior Associate JC60 -Computer Systems Engineers/Architects,Computer Systems Engineers/Architects,94266,II,OH,1
CTSH,FY2026_Q1,COGNIZANT TECHNOLOGY SOLUTIONS US CORP,Certified,H-1B,Manager JC50 - Computer Systems Engineers/Architects,Computer Systems Engineers/Architects,107640,III,IL,1
CTSH,FY2026_Q1,COGNIZANT TECHNOLOGY SOLUTIONS US CORP,Certified,H-1B,Manager JC50 - Computer Systems Engineers/Architects,Computer Systems Engineers/Architects,104062,III,CT,1
TCS,FY2026_Q1,TATA CONSULTANCY SERVICES LIMITED,Certified,H-1B,Software Developer,Software Developers,111072,II,AZ,1
CTSH,FY2026_Q1,COGNIZANT TECHNOLOGY SOLUTIONS US CORP,Certified,H-1B,Manager JC50 - Computer Systems Engineers/Architects,Computer Systems Engineers/Architects,126818,III,NJ,1
MPHASIS,FY2026_Q1,Mphasis Corporation,Certified,H-1B,Software Programmer II,Computer Programmers,99200,II,TN,1
CTSH,FY2026_Q1,COGNIZANT TECHNOLOGY SOLUTIONS US CORP,Certified,H-1B,Manager JC50 - Computer Systems Engineers/Architects,Computer Systems Engineers/Architects,126818,III,NJ,1
CNXC,FY2026_Q1,Concentrix CVG Customer Management Group Inc.,Certified,H-1B,Sr. Software Engineer,Software Developers,149240,II,WA,1
CTSH,FY2026_Q1,COGNIZANT TECHNOLOGY SOLUTIONS US CORP,Certified,H-1B,Manager JC50 - Computer Systems Engineers/Architects,Computer Systems Engineers/Architects,116106,III,CA,1
TCS,FY2026_Q1,TATA CONSULTANCY SERVICES LIMITED,Certified,H-1B,Analyst “ Testing,Software Quality Assurance Analysts and Testers,82347,II,GA,1
HCLTECH,FY2026_Q1,HCL GLOBAL SYSTEMS INC,Certified,H-1B,DATABASE  ENGINEER,Software Developers,112923,II,TX,1
CTSH,FY2026_Q1,COGNIZANT TECHNOLOGY SOLUTIONS US CORP,Certified,H-1B,Senior Manager JC45 - Computer Systems Engineers/Architects,Computer Systems Engineers/Architects,144144,IV,AZ,1
DXC,FY2026_Q1,DXC Technology Services LLC,Certified,H-1B,Manager Finance Information System,Financial and Investment Analysts,111696,III,CA,1
CTSH,FY2026_Q1,COGNIZANT TECHNOLOGY SOLUTIONS US CORP,Certified,H-1B,Manager JC50 - Computer Systems Engineers/Architects,Computer Systems Engineers/Architects,116106,III,CA,1
TCS,FY2026_Q1,TATA CONSULTANCY SERVICES LIMITED,Certified,H-1B,Developer,Computer Programmers,98301,II,NY,1
TCS,FY2026_Q1,Tata Consultancy Services Limited,Certified,H-1B,System Administrator,Network and Computer Systems Administrators,107578,II,CA,1
TCS,FY2026_Q1,Tata Consultancy Services Limited,Certified,H-1B,Architect,Computer Systems Engineers/Architects,92581,II,TX,1
LTIM,FY2026_Q1,LTIMindtree Limited,Certified,H-1B,Associate Principal - Architecture,Database Architects,133400,II,TX,1
CTSH,FY2026_Q1,COGNIZANT TECHNOLOGY SOLUTIONS US CORP,Certified,H-1B,Senior Manager JC45 - Computer Systems Engineers/Architects,Computer Systems Engineers/Architects,157560,IV,NC,1
INFY,FY2026_Q1,INFOSYS LIMITED,Certified,H-1B,Technology Consultant 2,Computer Systems Engineers/Architects,86798,II,NC,1
CTSH,FY2026_Q1,COGNIZANT TECHNOLOGY SOLUTIONS US CORP,Certified,H-1B,Mgr. JC50 - Software Quality Assurance Analysts and Testers,Software Quality Assurance Analysts and Testers,112216,III,NC,1
CTSH,FY2026_Q1,COGNIZANT TECHNOLOGY SOLUTIONS US CORP,Certified,H-1B,Senior Manager JC45 - Computer Systems Engineers/Architects,Computer Systems Engineers/Architects,144144,IV,AZ,1
MPHASIS,FY2026_Q1,Mphasis Corporation,Certified,H-1B,Database Administrator,Database Administrators,150000,II,NC,1
CTSH,FY2026_Q1,COGNIZANT TECHNOLOGY SOLUTIONS US CORP,Certified,H-1B,Manager JC50 - Computer Systems Engineers/Architects,Computer Systems Engineers/Architects,120765,III,CA,1
CTSH,FY2026_Q1,COGNIZANT TECHNOLOGY SOLUTIONS US CORP,Certified,H-1B,Senior Manager JC45 - Management Analysts,Management Analysts,156458,IV,IL,1
HCLTECH,FY2026_Q1,TechClub Inc.,Certified,H-1B,IT Project Manager,Information Technology Project Managers,96000,III,FL,1
INFY,FY2026_Q1,INFOSYS LIMITED,Certified,H-1B,Technology Consultant 2,Computer Systems Engineers/Architects,94952,II,NC,1
LTIM,FY2026_Q1,LTIMindtree Limited,Certified,H-1B,Senior Specialist - Package Implementation,Network and Computer Systems Administrators,137000,II,TX,1
LTIM,FY2026_Q1,LTIMindtree Limited,Certified,H-1B,Senior Specialist - Package Implementation,Software Developers,107619,III,SC,1
TCS,FY2026_Q1,TATA CONSULTANCY SERVICES LIMITED,Certified,H-1B,Developer,Computer Programmers,98301,II,NJ,1
INFY,FY2026_Q1,"INFOSYS MCCAMISH SYSTEMS, LLC ",Certified,H-1B,Technology Consultant 2,Information Technology Project Managers,108514,III,GA,5
CTSH,FY2026_Q1,COGNIZANT TECHNOLOGY SOLUTIONS US CORP,Certified,H-1B,Manager JC50 - Computer Systems Engineers/Architects,Computer Systems Engineers/Architects,126256,III,NC,1
CTSH,FY2026_Q1,COGNIZANT TECHNOLOGY SOLUTIONS US CORP,Certified,H-1B,Senior Manager JC45 - Computer Systems Engineers/Architects,Computer Systems Engineers/Architects,130562,IV,GA,1
CTSH,FY2026_Q1,COGNIZANT TECHNOLOGY SOLUTIONS US CORP,Certified,H-1B,Manager JC50 - Network and Computer Systems Administrators,Network and Computer Systems Administrators,105102,III,TX,1
CTSH,FY2026_Q1,COGNIZANT TECHNOLOGY SOLUTIONS US CORP,Certified,H-1B,Manager JC50 - Network and Computer Systems Administrators,Network and Computer Systems Administrators,101941,III,NV,1
CTSH,FY2026_Q1,COGNIZANT TECHNOLOGY SOLUTIONS US CORP,Certified,H-1B,Manager JC50 - Computer Systems Engineers/Architects,Computer Systems Engineers/Architects,90813,III,KY,1
TCS,FY2026_Q1,TATA CONSULTANCY SERVICES LIMITED,Certified,H-1B,Analyst,Computer Systems Analysts,73507,II,KY,1
CTSH,FY2026_Q1,COGNIZANT TECHNOLOGY SOLUTIONS US CORP,Certified,H-1B,Manager JC50 - Computer Systems Engineers/Architects,Computer Systems Engineers/Architects,108514,III,GA,1
CTSH,FY2026_Q1,COGNIZANT TECHNOLOGY SOLUTIONS US CORP,Certified,H-1B,Senior Manager JC45 - Computer Systems Engineers/Architects,Computer Systems Engineers/Architects,157560,IV,NC,1
CTSH,FY2026_Q1,COGNIZANT TECHNOLOGY SOLUTIONS US CORP,Certified,H-1B,Senior Associate JC60 -Computer Systems Engineers/Architects,Computer Systems Engineers/Architects,82846,II,IL,1
CTSH,FY2026_Q1,COGNIZANT TECHNOLOGY SOLUTIONS US CORP,Certified,H-1B,Manager JC50 - Computer Systems Engineers/Architects,Computer Systems Engineers/Architects,103418,III,CA,1
CNXC,FY2026_Q1,Concentrix CVG Customer Management Group Inc.,Certified,H-1B,Software Developer,Software Developers,109283,II,GA,1
TCS,FY2026_Q1,Tata Consultancy Services Limited,Certified,H-1B,Analyst - Testing,Software Quality Assurance Analysts and Testers,94806,II,CA,1
TCS,FY2026_Q1,Tata Consultancy Services Limited,Certified,H-1B,Architect,Computer Systems Engineers/Architects,91874,II,TX,1
CTSH,FY2026_Q1,COGNIZANT TECHNOLOGY SOLUTIONS US CORP,Certified,H-1B,Manager JC50 - Computer Systems Engineers/Architects,Computer Systems Engineers/Architects,119933,III,TX,1
CTSH,FY2026_Q1,COGNIZANT TECHNOLOGY SOLUTIONS US CORP,Certified,H-1B,Mgr. JC50 - Software Quality Assurance Analysts and Testers,Software Quality Assurance Analysts and Testers,110198,III,TX,1
CNXC,FY2026_Q1,Concentrix CVG Customer Management Group Inc.,Certified,H-1B,Sr. Software Engineer,Software Developers,149240,II,WA,1
CAP,FY2026_Q1,CAPGEMINI AMERICA INC,Certified,H-1B,Applications Consultant 2,Software Developers,131186,II,CT,1
INFY,FY2026_Q1,INFOSYS LIMITED,Certified,H-1B,Technology Consultant 2,Computer Systems Engineers/Architects,92581,II,TX,5
CTSH,FY2026_Q1,COGNIZANT TECHNOLOGY SOLUTIONS US CORP,Certified,H-1B,Mgr. JC50 - Software Quality Assurance Analysts and Testers,Software Quality Assurance Analysts and Testers,128461,III,VA,1
CTSH,FY2026_Q1,COGNIZANT TECHNOLOGY SOLUTIONS US CORP,Certified,H-1B,Manager JC50 - Computer Systems Engineers/Architects,Computer Systems Engineers/Architects,109013,III,CA,1
IBM,FY2026_Q1,IBM Corporation,Certified,H-1B,Application Developer,Computer Systems Analysts,88026,II,PA,1
CNXC,FY2026_Q1,Concentrix CVG Customer Management Group Inc.,Certified,H-1B,Sr. Lead Software Engineer,Software Developers,130707,III,IL,1
CTSH,FY2026_Q1,COGNIZANT TECHNOLOGY SOLUTIONS US CORP,Certified,H-1B,Manager JC50 - Computer Systems Engineers/Architects,Computer Systems Engineers/Architects,108514,III,GA,1
TCS,FY2026_Q1,TATA CONSULTANCY SERVICES LIMITED,Certified,H-1B,Developer,Computer Programmers,98301,II,NY,1
CNXC,FY2026_Q1,Concentrix CVG Customer Management Group Inc.,Certified,H-1B,Principal Software Engineer,Software Developers,118165,III,NE,1
INFY,FY2026_Q1,INFOSYS LIMITED,Certified,H-1B,Principal - Business Consulting,Management Analysts,155605,IV,CA,1
TECHM,FY2026_Q1,"TECH MAHINDRA (AMERICAS), INC",Certified,H-1B,Solutions Architect,Computer Systems Engineers/Architects,99170,II,GA,1
IBM,FY2026_Q1,IBM Corporation,Certified,H-1B,Business Analyst,Software Quality Assurance Analysts and Testers,157859,II,NJ,1
CTSH,FY2026_Q1,COGNIZANT TECHNOLOGY SOLUTIONS US CORP,Certified,H-1B,Senior Associate JC60 -Computer Systems Engineers/Architects,Computer Systems Engineers/Architects,114795,II,CA,1
TCS,FY2026_Q1,TATA CONSULTANCY SERVICES LIMITED,Certified,H-1B,Analyst,Computer Systems Analysts,131560,II,CA,1
CTSH,FY2026_Q1,COGNIZANT TECHNOLOGY SOLUTIONS US CORP,Certified,H-1B,Manager JC50 - Computer Systems Engineers/Architects,Computer Systems Engineers/Architects,118456,III,TX,1
CTSH,FY2026_Q1,COGNIZANT TECHNOLOGY SOLUTIONS US CORP,Certified,H-1B,Manager JC50 - Network and Computer Systems Administrators,Network and Computer Systems Administrators,101941,III,NV,1
IBM,FY2026_Q1,IBM Corporation,Certified,H-1B,Test Architect,Software Quality Assurance Analysts and Testers,92996,II,TX,1
MPHASIS,FY2026_Q1,Mphasis Corporation,Certified,H-1B,Software Engineer,Computer Programmers,135000,II,TX,1
CTSH,FY2026_Q1,COGNIZANT TECHNOLOGY SOLUTIONS US CORP,Certified,H-1B,Manager JC50 - Computer Systems Engineers/Architects,Computer Systems Engineers/Architects,115336,III,OH,1
CTSH,FY2026_Q1,COGNIZANT TECHNOLOGY SOLUTIONS US CORP,Certified,H-1B,Senior Associate JC60 -Computer Systems Engineers/Architects,Computer Systems Engineers/Architects,92581,II,TX,1
TCS,FY2026_Q1,TATA CONSULTANCY SERVICES LIMITED,Certified,H-1B,Software Developer,Software Developers,120536,II,CO,1
CTSH,FY2026_Q1,COGNIZANT TECHNOLOGY SOLUTIONS US CORP,Certified,H-1B,SA JC60 - Software Quality Assurance Analysts and Testers,Software Quality Assurance Analysts and Testers,91374,II,TX,1
MPHASIS,FY2026_Q1,Mphasis Corporation,Certified,H-1B,Software Engineer,Computer Programmers,80700,II,TX,1
IBM,FY2026_Q1,IBM Corporation,Certified,H-1B,IT Specialist,Computer Systems Analysts,103351,III,OH,1
G,FY2026_Q1,Genpact LLC,Certified,H-1B,Lead Consultant,Software Quality Assurance Analysts and Testers,120000,II,CA,1
CTSH,FY2026_Q1,COGNIZANT TECHNOLOGY SOLUTIONS US CORP,Certified,H-1B,Senior Manager JC45 - Computer Systems Engineers/Architects,Computer Systems Engineers/Architects,157560,IV,NC,1
TCS,FY2026_Q1,Tata Consultancy Services Limited,Certified,H-1B,Analyst,Computer Systems Analysts,98925,II,TX,1
CTSH,FY2026_Q1,COGNIZANT TECHNOLOGY SOLUTIONS US CORP,Certified,H-1B,Manager JC50 - Computer Systems Engineers/Architects,Computer Systems Engineers/Architects,116106,III,CA,1
CNXC,FY2026_Q1,Concentrix CVG Customer Management Group Inc.,Certified,H-1B,Sr. Lead Software Engineer,Software Developers,118165,III,NE,1
TCS,FY2026_Q1,Tata Consultancy Services Limited,Certified,H-1B,User Interface Designer,Web and Digital Interface Designers,66435,II,PA,1
WIT,FY2026_Q1,WIPRO LIMITED,Certified,H-1B,Integration Architect L1,Computer Systems Engineers/Architects,124565,II,MI,1
G,FY2026_Q1,Genpact LLC,Certified,H-1B,Senior Principal Consultant,Operations Research Analysts,145000,III,NJ,1
CNXC,FY2026_Q1,Concentrix CVG Customer Management Group Inc.,Certified,H-1B,Software Development Engineer in Test,Software Developers,120536,II,CO,1
TCS,FY2026_Q1,Tata Consultancy Services Limited,Certified,H-1B,Developer,Computer Programmers,130853,II,CA,1
CTSH,FY2026_Q1,COGNIZANT TECHNOLOGY SOLUTIONS US CORP,Certified,H-1B,AD JC40 - Computer Systems Engineers/Architects,Computer Systems Engineers/Architects,144310,IV,TX,1
TCS,FY2026_Q1,TATA CONSULTANCY SERVICES LIMITED,Certified,H-1B,Architect,Computer Systems Engineers/Architects,74838,II,IN,1
CTSH,FY2026_Q1,COGNIZANT TECHNOLOGY SOLUTIONS US CORP,Certified,H-1B,Manager JC50 - Database Administrators,Database Administrators,125008,III,NJ,1
TCS,FY2026_Q1,Tata Consultancy Services Limited,Certified,H-1B,Developer,Computer Programmers,76835,II,IL,1
TCS,FY2026_Q1,Tata Consultancy Services Limited,Certified,H-1B,Analyst - Testing,Software Quality Assurance Analysts and Testers,88088,II,IL,1
CTSH,FY2026_Q1,COGNIZANT TECHNOLOGY SOLUTIONS US CORP,Certified,H-1B,Mgr. JC50 - Software Quality Assurance Analysts and Testers,Software Quality Assurance Analysts and Testers,112216,III,NC,1
TCS,FY2026_Q1,Tata Consultancy Services Limited,Certified,H-1B,Developer,Computer Programmers,62837,II,NC,1
CTSH,FY2026_Q1,COGNIZANT TECHNOLOGY SOLUTIONS US CORP,Certified,H-1B,Sr Mgr JC45-Software Quality Assurance Analysts and Testers,Software Quality Assurance Analysts and Testers,121389,IV,IL,1
CTSH,FY2026_Q1,COGNIZANT TECHNOLOGY SOLUTIONS US CORP,Certified,H-1B,Mgr. JC50 - Software Quality Assurance Analysts and Testers,Software Quality Assurance Analysts and Testers,104728,III,IL,1
MPHASIS,FY2026_Q1,Mphasis Corporation,Certified,H-1B,Software Programmer I,Computer Programmers,80000,I,TX,1
IBM,FY2026_Q1,IBM Corporation,Certified,H-1B,Senior Application Developer,Computer Systems Analysts,105024,II,NJ,1
TCS,FY2026_Q1,Tata Consultancy Services Limited,Certified,H-1B,Architect,Computer Systems Engineers/Architects,111550,II,WA,1
TCS,FY2026_Q1,TATA CONSULTANCY SERVICES LIMITED,Certified,H-1B,Functional Consultant,Computer Systems Analysts,81702,II,IL,1
HCLTECH,FY2026_Q1,HCL GLOBAL SYSTEMS INC,Certified,E-3 Australian,IT MANAGER,Computer and Information Systems Managers,156291,II,MN,1
TCS,FY2026_Q1,TATA CONSULTANCY SERVICES LIMITED,Certified,H-1B,Architect,Computer Systems Engineers/Architects,92581,II,TX,1
CTSH,FY2026_Q1,COGNIZANT TECHNOLOGY SOLUTIONS US CORP,Certified,H-1B,Senior Manager JC45 - Computer Systems Engineers/Architects,Computer Systems Engineers/Architects,144310,IV,TX,1
TCS,FY2026_Q1,TATA CONSULTANCY SERVICES LIMITED,Certified,H-1B,Developer,Computer Programmers,98946,III,TX,1
CNXC,FY2026_Q1,Concentrix CVG Customer Management Group Inc.,Certified,H-1B,Sr. Quality Engineer,Software Quality Assurance Analysts and Testers,79768,II,NE,1
CTSH,FY2026_Q1,COGNIZANT TECHNOLOGY SOLUTIONS US CORP,Certified,H-1B,Senior Manager JC45 - Management Analysts,Management Analysts,156458,IV,IL,1
CTSH,FY2026_Q1,COGNIZANT TECHNOLOGY SOLUTIONS US CORP,Certified,H-1B,"AD JC40 -Compensation, Benefits and Job Analysis Specialists","Compensation, Benefits, and Job Analysis Specialists",112611,IV,NJ,1
TCS,FY2026_Q1,TATA CONSULTANCY SERVICES LIMITED,Certified,H-1B,Architect,Computer Systems Engineers/Architects,92622,II,CA,1
CTSH,FY2026_Q1,COGNIZANT TECHNOLOGY SOLUTIONS US CORP,Certified,H-1B,Senior Associate JC60 -Computer Systems Engineers/Architects,Computer Systems Engineers/Architects,139443,II,CA,1
TCS,FY2026_Q1,Tata Consultancy Services Limited,Certified,H-1B,Functional Consultant,Computer Systems Analysts,111238,III,TX,1
CTSH,FY2026_Q1,COGNIZANT TECHNOLOGY SOLUTIONS US CORP,Certified,H-1B,Manager JC50 - Computer Systems Engineers/Architects,Computer Systems Engineers/Architects,108514,III,GA,1
CNXC,FY2026_Q1,Concentrix CVG Customer Management Group Inc.,Certified,H-1B,Sr. Lead Software Engineer,Software Developers,118165,III,NE,1
CTSH,FY2026_Q1,COGNIZANT TECHNOLOGY SOLUTIONS US CORP,Certified,H-1B,Manager JC50 - Computer Systems Engineers/Architects,Computer Systems Engineers/Architects,92082,III,PA,1
INFY,FY2026_Q1,"INFOSYS PUBLIC SERVICES, INC.",Certified,H-1B,Technology Project Lead 1,Information Technology Project Managers,118310,II,MD,1
IBM,FY2026_Q1,IBM Corporation,Certified,H-1B,Project Manager,Information Technology Project Managers,164658,IV,TX,1
CNXC,FY2026_Q1,Concentrix CVG Customer Management Group Inc.,Certified,H-1B,Quality Engineer II,Software Quality Assurance Analysts and Testers,79768,II,NE,1
MPHASIS,FY2026_Q1,Mphasis Corporation,Certified,H-1B,Software Engineer,Computer Programmers,145000,II,GA,1
CTSH,FY2026_Q1,COGNIZANT TECHNOLOGY SOLUTIONS US CORP,Certified,H-1B,Manager JC50 - Computer Systems Engineers/Architects,Computer Systems Engineers/Architects,106122,III,IA,1
IBM,FY2026_Q1,IBM Corporation,Certified,H-1B,Technical Team Leader,Computer Systems Analysts,127234,III,NJ,1
CTSH,FY2026_Q1,COGNIZANT TECHNOLOGY SOLUTIONS US CORP,Certified,H-1B,Sr. Mgr. JC45 - Network and Computer Systems Administrators,Network and Computer Systems Administrators,125570,IV,CO,1
ACN,FY2026_Q1,Accenture LLP,Certified,H-1B,Packaged App Development Assoc Manager,Computer Systems Analysts,119100,III,KY,1
CTSH,FY2026_Q1,COGNIZANT TECHNOLOGY SOLUTIONS US CORP,Certified,H-1B,Senior Manager JC45 - Computer Systems Engineers/Architects,Computer Systems Engineers/Architects,144310,IV,TX,1
CTSH,FY2026_Q1,COGNIZANT TECHNOLOGY SOLUTIONS US CORP,Certified,H-1B,Manager JC50 - Network and Computer Systems Administrators,Network and Computer Systems Administrators,105102,III,TX,1
IBM,FY2026_Q1,IBM Corporation,Certified,H-1B,Application Architect,Software Developers,159885,II,TX,1
TCS,FY2026_Q1,Tata Consultancy Services Limited,Certified,H-1B,Technical Lead,Information Technology Project Managers,86445,II,GA,1
CNXC,FY2026_Q1,Concentrix CVG Customer Management Group Inc.,Certified,H-1B,Software Engineer,Software Developers,149240,II,WA,1
CTSH,FY2026_Q1,COGNIZANT TECHNOLOGY SOLUTIONS US CORP,Certified,H-1B,Senior Manager JC45 - Computer Systems Engineers/Architects,Computer Systems Engineers/Architects,158974,IV,NJ,1
CTSH,FY2026_Q1,COGNIZANT TECHNOLOGY SOLUTIONS US CORP,Certified,H-1B,Sr. Mgr. JC45 - Network and Computer Systems Administrators,Network and Computer Systems Administrators,125570,IV,CO,1
CTSH,FY2026_Q1,COGNIZANT TECHNOLOGY SOLUTIONS US CORP,Certified,H-1B,Senior Manager JC45 - Computer Systems Engineers/Architects,Computer Systems Engineers/Architects,126339,IV,CT,1
MPHASIS,FY2026_Q1,Mphasis Corporation,Certified,H-1B,Software Engineer,Computer Programmers,92900,II,TX,1
TCS,FY2026_Q1,Tata Consultancy Services Limited,Certified,H-1B,Software Developer,Software Developers,114754,II,TX,1
CTSH,FY2026_Q1,COGNIZANT TECHNOLOGY SOLUTIONS US CORP,Certified,H-1B,Manager JC50 - Network and Computer Systems Administrators,Network and Computer Systems Administrators,105102,III,TX,1
CTSH,FY2026_Q1,COGNIZANT TECHNOLOGY SOLUTIONS US CORP,Certified,H-1B,Senior Associate JC60 - Database Architects,Database Architects,140130,II,NH,1
CTSH,FY2026_Q1,COGNIZANT TECHNOLOGY SOLUTIONS US CORP,Certified,H-1B,Manager JC50 - Computer Systems Engineers/Architects,Computer Systems Engineers/Architects,113797,III,SC,1
MPHASIS,FY2026_Q1,Mphasis Corporation,Certified,H-1B,Software Engineer,Computer Programmers,135000,II,CA,1
TCS,FY2026_Q1,Tata Consultancy Services Limited,Certified,H-1B,User Interface Designer,Web and Digital Interface Designers,73050,II,CT,1
CTSH,FY2026_Q1,COGNIZANT TECHNOLOGY SOLUTIONS US CORP,Certified,H-1B,Senior Manager JC45 - Computer Systems Engineers/Architects,Computer Systems Engineers/Architects,115128,IV,FL,1
CNXC,FY2026_Q1,Concentrix CVG Customer Management Group Inc.,Certified,H-1B,Sr. Lead Software Engineer,Software Developers,118165,III,NE,1
CNXC,FY2026_Q1,Concentrix CVG Customer Management Group Inc.,Certified,H-1B,Sr. Software Engineer,Software Developers,86133,II,IN,1
TCS,FY2026_Q1,TATA CONSULTANCY SERVICES LIMITED,Certified,H-1B,Architect,Computer Systems Engineers/Architects,82846,II,IL,1
MPHASIS,FY2026_Q1,Mphasis Corporation,Certified,H-1B,Software Engineer,Computer Programmers,121140,II,TX,1
CTSH,FY2026_Q1,COGNIZANT TECHNOLOGY SOLUTIONS US CORP,Certified,H-1B,Manager JC50 - Computer Systems Engineers/Architects,Computer Systems Engineers/Architects,106122,III,IA,1
CTSH,FY2026_Q1,COGNIZANT TECHNOLOGY SOLUTIONS US CORP,Certified,H-1B,Senior Associate JC60 -Computer Systems Engineers/Architects,Computer Systems Engineers/Architects,82846,II,IL,1
CTSH,FY2026_Q1,COGNIZANT TECHNOLOGY SOLUTIONS US CORP,Certified,H-1B,Manager JC50 - Computer Systems Engineers/Architects,Computer Systems Engineers/Architects,109013,III,CA,1
MPHASIS,FY2026_Q1,Mphasis Corporation,Certified,H-1B,Software Engineer,Computer Programmers,135000,II,TX,1
CTSH,FY2026_Q1,COGNIZANT TECHNOLOGY SOLUTIONS US CORP,Certified,H-1B,"AD JC40 -Compensation, Benefits and Job Analysis Specialists","Compensation, Benefits, and Job Analysis Specialists",112611,IV,NJ,1
CTSH,FY2026_Q1,COGNIZANT TECHNOLOGY SOLUTIONS US CORP,Certified,H-1B,Senior Associate JC60 -Computer Systems Engineers/Architects,Computer Systems Engineers/Architects,104666,II,MD,1
TECHM,FY2026_Q1,"TECH MAHINDRA (AMERICAS), INC",Certified,H-1B,Systems Administrator,Network and Computer Systems Administrators,81674,II,MO,1
CTSH,FY2026_Q1,COGNIZANT TECHNOLOGY SOLUTIONS US CORP,Certified,H-1B,Manager JC50 - Computer Systems Engineers/Architects,Computer Systems Engineers/Architects,116106,III,CA,1
CTSH,FY2026_Q1,COGNIZANT TECHNOLOGY SOLUTIONS US CORP,Certified,H-1B,Senior Manager JC45 - Computer Systems Engineers/Architects,Computer Systems Engineers/Architects,147576,IV,OR,1
INFY,FY2026_Q1,"Cloud 9 Infosystems, Inc",Certified,H-1B,Business Analyst,Business Intelligence Analysts,96928,II,IL,1
INFY,FY2026_Q1,INFOSYS LIMITED,Certified,H-1B,Technology Consultant 2,Computer Systems Engineers/Architects,69451,II,WI,5
CTSH,FY2026_Q1,COGNIZANT TECHNOLOGY SOLUTIONS US CORP,Certified,H-1B,Sr. Mgr. JC45 - Information Technology Project Managers,Information Technology Project Managers,130562,IV,GA,1
CTSH,FY2026_Q1,COGNIZANT TECHNOLOGY SOLUTIONS US CORP,Certified,H-1B,Manager JC50 - Computer Systems Engineers/Architects,Computer Systems Engineers/Architects,101941,III,NC,1
CTSH,FY2026_Q1,COGNIZANT TECHNOLOGY SOLUTIONS US CORP,Certified,H-1B,Manager JC50 - Computer Systems Engineers/Architects,Computer Systems Engineers/Architects,107640,III,IL,1
CTSH,FY2026_Q1,COGNIZANT TECHNOLOGY SOLUTIONS US CORP,Certified,H-1B,Senior Associate JC60 - Software Developers,Software Developers,105976,II,TX,1
CTSH,FY2026_Q1,COGNIZANT TECHNOLOGY SOLUTIONS US CORP,Certified,H-1B,Sr Mgr JC45-Software Quality Assurance Analysts and Testers,Software Quality Assurance Analysts and Testers,148574,IV,MD,1
CNXC,FY2026_Q1,Concentrix CVG Customer Management Group Inc.,Certified,H-1B,Lead Platform Support Engineer,Information Technology Project Managers,108514,III,GA,1
INFY,FY2026_Q1,INFOSYS LIMITED,Certified,H-1B,Technology Consultant 2,Computer Systems Engineers/Architects,92581,II,TX,1
CTSH,FY2026_Q1,COGNIZANT TECHNOLOGY SOLUTIONS US CORP,Certified,H-1B,Senior Manager JC45 - Computer Systems Engineers/Architects,Computer Systems Engineers/Architects,140795,IV,NC,1
TCS,FY2026_Q1,Tata Consultancy Services Limited,Certified,H-1B,Database Administrator,Database Administrators,118664,II,CA,1
CNXC,FY2026_Q1,Concentrix CVG Customer Management Group Inc.,Certified,H-1B,"Principal, Software Engineering",Software Developers,134992,IV,NE,1
TCS,FY2026_Q1,Tata Consultancy Services Limited,Certified,H-1B,Architect,Computer Systems Engineers/Architects,94682,II,NJ,1
LTIM,FY2026_Q1,LTIMindtree Limited,Certified,H-1B,Senior Software Engineer,Computer Systems Engineers/Architects,103000,II,TX,1
TCS,FY2026_Q1,Tata Consultancy Services Limited,Certified,H-1B,Architect,Computer Systems Engineers/Architects,84198,II,MI,1
CNXC,FY2026_Q1,Concentrix CVG Customer Management Group Inc.,Certified,H-1B,Sr. Software Engineer,Software Developers,120536,II,CO,1
CTSH,FY2026_Q1,COGNIZANT TECHNOLOGY SOLUTIONS US CORP,Certified,H-1B,Manager JC50 - Computer Systems Engineers/Architects,Computer Systems Engineers/Architects,116106,III,CA,1
G,FY2026_Q1,Genpact LLC,Certified,H-1B,Lead Consultant,Software Quality Assurance Analysts and Testers,110000,II,WI,1
LTIM,FY2026_Q1,LTIMindtree Limited,Certified,H-1B,Senior Specialist - Data Engineering,Computer Systems Analysts,135000,II,WA,1
TCS,FY2026_Q1,TATA CONSULTANCY SERVICES LIMITED,Certified,H-1B,Developer,Computer Programmers,62005,II,AZ,1
MPHASIS,FY2026_Q1,Mphasis Corporation,Certified,H-1B,Software Engineer,Computer Programmers,121140,II,TX,1
CTSH,FY2026_Q1,COGNIZANT TECHNOLOGY SOLUTIONS US CORP,Certified,H-1B,Manager JC50 - Computer Systems Engineers/Architects,Computer Systems Engineers/Architects,126818,III,NJ,1
MPHASIS,FY2026_Q1,Mphasis Corporation,Certified,H-1B,Software Engineer,Computer Programmers,80700,II,TX,1
INFY,FY2026_Q1,"PROSPECT INFOSYSTEM, INC.",Certified,H-1B,.NET Developer,Software Developers,96000,II,KY,1
TECHM,FY2026_Q1,"TECH MAHINDRA (AMERICAS), INC",Certified - Withdrawn,H-1B,Systems Administrator,Network and Computer Systems Administrators,77460,II,WI,1
IBM,FY2026_Q1,IBM Corporation,Certified - Withdrawn,H-1B,Application Developer,Computer Programmers,98301,II,NJ,1
WIT,FY2026_Q1,WIPRO LIMITED,Certified - Withdrawn,H-1B,Technical Lead L1,Computer Programmers,104853,II,TN,3
IBM,FY2026_Q1,IBM Corporation,Certified - Withdrawn,H-1B,Data Engineer,Data Warehousing Specialists,126360,II,NJ,1
WIT,FY2026_Q1,WIPRO LIMITED,Certified - Withdrawn,H-1B,Developer L4,Computer Programmers,90210,II,GA,1
WIT,FY2026_Q1,WIPRO LIMITED,Certified - Withdrawn,H-1B,Developer L4,Computer Programmers,85530,II,TX,1
WIT,FY2026_Q1,WIPRO LIMITED,Certified - Withdrawn,H-1B,Project Lead L1,Information Technology Project Managers,108098,II,WA,3
WIT,FY2026_Q1,WIPRO LIMITED,Certified - Withdrawn,H-1B,Security Architect L1,Information Security Analysts,104042,II,TX,3
IBM,FY2026_Q1,IBM Corporation,Certified - Withdrawn,H-1B,Cloud Fullstack Application Developer,Computer Systems Analysts,105019,II,NJ,1
WIT,FY2026_Q1,WIPRO LIMITED,Certified - Withdrawn,H-1B,Technical Lead L1,Computer Programmers,91042,II,NC,3
WIT,FY2026_Q1,WIPRO LIMITED,Certified - Withdrawn,H-1B,Technical Lead L1,Computer Programmers,85530,II,TX,1
WIT,FY2026_Q1,WIPRO LIMITED,Certified - Withdrawn,H-1B,Project Manager L2,Information Technology Project Managers,105310,III,MN,3
WIT,FY2026_Q1,WIPRO LIMITED,Certified - Withdrawn,H-1B,Technical Lead L1,Computer Programmers,80038,II,FL,1
WIT,FY2026_Q1,WIPRO LIMITED,Certified - Withdrawn,H-1B,Solution Architect L2,Computer Systems Engineers/Architects,107141,III,TX,1
WIT,FY2026_Q1,WIPRO LIMITED,Certified - Withdrawn,H-1B,Lead Administrator L1,Network and Computer Systems Administrators,99008,II,WA,1
WIT,FY2026_Q1,WIPRO LIMITED,Certified - Withdrawn,H-1B,Solution Architect L1,Computer Systems Engineers/Architects,105560,II,CA,1
WIT,FY2026_Q1,WIPRO LIMITED,Certified - Withdrawn,H-1B,Security Architect L1,Information Security Analysts,95784,II,TX,1
WIT,FY2026_Q1,WIPRO LIMITED,Certified - Withdrawn,H-1B,Solution Architect L2,Computer Systems Engineers/Architects,139589,III,CA,1
WIT,FY2026_Q1,WIPRO LIMITED,Certified - Withdrawn,H-1B,Solution Architect L1,Computer Systems Engineers/Architects,86400,II,TX,1
IBM,FY2026_Q1,IBM Corporation,Certified - Withdrawn,H-1B,Quality Engineer,Software Quality Assurance Analysts and Testers,98384,III,NC,1
WIT,FY2026_Q1,WIPRO LIMITED,Certified - Withdrawn,H-1B,Developer L4,Computer Programmers,85530,II,TX,1
WIT,FY2026_Q1,WIPRO LIMITED,Certified - Withdrawn,H-1B,Technical Lead L1,Computer Programmers,73920,II,OH,3
WIT,FY2026_Q1,WIPRO LIMITED,Certified - Withdrawn,H-1B,Technical Lead L1,Computer Programmers,80038,II,FL,1
WIT,FY2026_Q1,WIPRO LIMITED,Certified - Withdrawn,H-1B,Technology Architect L1,Computer Systems Engineers/Architects,86400,II,TX,1
WIT,FY2026_Q1,WIPRO LIMITED,Certified - Withdrawn,H-1B,Technical Lead L1,Computer Programmers,82909,II,WI,5
WIT,FY2026_Q1,WIPRO LIMITED,Certified - Withdrawn,H-1B,Solution Architect L1,Computer Systems Engineers/Architects,86400,II,NC,1
IBM,FY2026_Q1,IBM Corporation,Certified - Withdrawn,H-1B,AI / Gen AI Developer,Computer Systems Analysts,112674,III,TX,1
WIT,FY2026_Q1,WIPRO LIMITED,Certified - Withdrawn,H-1B,Technical Lead L1,Computer Programmers,83866,II,TX,1
WIT,FY2026_Q1,WIPRO LIMITED,Certified - Withdrawn,H-1B,Infrastructure Domain Architect L2,Computer Systems Engineers/Architects,86400,II,CA,1
IBM,FY2026_Q1,IBM Corporation,Certified - Withdrawn,H-1B,Automation - Test Lead,Software Quality Assurance Analysts and Testers,103418,II,NJ,1
IBM,FY2026_Q1,IBM Corporation,Certified - Withdrawn,H-1B,Package Consultant,Computer Systems Analysts,88358,II,NC,1
IBM,FY2026_Q1,IBM Corporation,Certified - Withdrawn,H-1B,Infrastructure Specialist,Computer Systems Analysts,92280,II,ID,1
IBM,FY2026_Q1,IBM Corporation,Certified - Withdrawn,H-1B,Application Developer,Computer Systems Analysts,96179,II,MD,1
IBM,FY2026_Q1,IBM Corporation,Certified - Withdrawn,H-1B,Quality Engineer,Computer Systems Engineers/Architects,124259,III,MA,1
IBM,FY2026_Q1,IBM Corporation,Certified - Withdrawn,H-1B,Application Developer,Computer Systems Analysts,89710,II,GA,1
IBM,FY2026_Q1,IBM Corporation,Certified - Withdrawn,H-1B,Application Developer,Computer Systems Analysts,112674,III,TX,1
IBM,FY2026_Q1,IBM Corporation,Certified - Withdrawn,H-1B,Application Developer,Computer Systems Analysts,89710,II,GA,1
IBM,FY2026_Q1,IBM Corporation,Certified - Withdrawn,H-1B,Quality Engineer,Software Quality Assurance Analysts and Testers,126838,III,NJ,1
IBM,FY2026_Q1,IBM Corporation,Certified - Withdrawn,H-1B,Application Developer,Computer Programmers,106662,II,NJ,1
IBM,FY2026_Q1,IBM Corporation,Certified - Withdrawn,H-1B,Application Developer,Computer Systems Analysts,128939,III,NJ,1
IBM,FY2026_Q1,IBM Corporation,Certified - Withdrawn,H-1B,Senior System Engineer,Computer Programmers,132330,III,NJ,1
MPHASIS,FY2026_Q1,Mphasis Corporation,Certified - Withdrawn,H-1B,Test Engineer,Software Quality Assurance Analysts and Testers,120000,I,FL,1
MPHASIS,FY2026_Q1,Mphasis Corporation,Certified - Withdrawn,H-1B,Test Engineer,Software Quality Assurance Analysts and Testers,120000,I,FL,1
MPHASIS,FY2026_Q1,Mphasis Corporation,Certified - Withdrawn,H-1B,Architect,Software Developers,173000,II,CA,1
MPHASIS,FY2026_Q1,Mphasis Corporation,Certified - Withdrawn,H-1B,Architect,Software Developers,173000,II,CA,1
IBM,FY2026_Q1,IBM Corporation,Certified - Withdrawn,H-1B,Application Architect,Computer Systems Engineers/Architects,105310,III,MN,1
IBM,FY2026_Q1,IBM Corporation,Certified - Withdrawn,H-1B,Application Developer,Computer Systems Analysts,105019,II,NJ,1
IBM,FY2026_Q1,IBM Corporation,Certified - Withdrawn,H-1B,Application Developer,Computer Systems Analysts,128939,III,NJ,1
MPHASIS,FY2026_Q1,Mphasis Corporation,Certified - Withdrawn,H-1B,Test Engineer,Software Quality Assurance Analysts and Testers,120000,II,NJ,1
MPHASIS,FY2026_Q1,Mphasis Corporation,Certified - Withdrawn,H-1B,Test Engineer,Software Quality Assurance Analysts and Testers,120000,II,NJ,1
IBM,FY2026_Q1,IBM Corporation,Certified - Withdrawn,H-1B,Application Developer,Computer Systems Analysts,104749,III,TX,1
IBM,FY2026_Q1,IBM Corporation,Certified - Withdrawn,H-1B,Test Specialist,Software Quality Assurance Analysts and Testers,81120,II,TX,1
IBM,FY2026_Q1,IBM Corporation,Certified - Withdrawn,H-1B,Application Developer,Computer Systems Analysts,125715,III,NJ,1
IBM,FY2026_Q1,IBM Corporation,Certified - Withdrawn,H-1B,Application Developer,Computer Programmers,93494,II,MD,1
MPHASIS,FY2026_Q1,Mphasis Corporation,Certified - Withdrawn,H-1B,Software Engineer,Computer Programmers,130000,II,OH,1
IBM,FY2026_Q1,IBM Corporation,Certified - Withdrawn,H-1B,Application Developer,Computer Programmers,120349,III,NJ,1
IBM,FY2026_Q1,IBM Corporation,Certified - Withdrawn,H-1B,Test Specialist,Software Quality Assurance Analysts and Testers,99549,II,NJ,1
IBM,FY2026_Q1,IBM Corporation,Certified - Withdrawn,H-1B,Solution Architect,Computer Systems Engineers/Architects,162007,III,NY,1
MPHASIS,FY2026_Q1,Mphasis Corporation,Certified - Withdrawn,H-1B,Software Engineer,Computer Programmers,130000,II,IA,1
IBM,FY2026_Q1,IBM Corporation,Certified - Withdrawn,H-1B,Application Developer,Computer Programmers,96886,II,NJ,1
IBM,FY2026_Q1,IBM Corporation,Certified - Withdrawn,H-1B,Functional Test Lead,Software Quality Assurance Analysts and Testers,113147,III,NC,1
MPHASIS,FY2026_Q1,Mphasis Corporation,Certified - Withdrawn,H-1B,Project Lead,Software Developers,120000,II,TN,1
MPHASIS,FY2026_Q1,Mphasis Corporation,Certified - Withdrawn,H-1B,Project Lead,Software Developers,120000,II,NC,1
MPHASIS,FY2026_Q1,Mphasis Corporation,Certified - Withdrawn,H-1B,Software Engineer,Computer Programmers,135000,II,FL,1
MPHASIS,FY2026_Q1,Mphasis Corporation,Certified - Withdrawn,H-1B,Software Engineer,Computer Programmers,135000,II,FL,1
IBM,FY2026_Q1,IBM Corporation,Certified - Withdrawn,H-1B,Application Developer,Computer Programmers,62234,II,MO,1
IBM,FY2026_Q1,IBM Corporation,Certified - Withdrawn,H-1B,Test Specialist,Software Quality Assurance Analysts and Testers,124550,III,MD,1
IBM,FY2026_Q1,IBM Corporation,Certified - Withdrawn,H-1B,Delivery Project Executive,Information Technology Project Managers,142200,IV,OR,1
IBM,FY2026_Q1,IBM Corporation,Certified - Withdrawn,H-1B,Application Developer,Computer Systems Analysts,84869,III,LA,1
IBM,FY2026_Q1,IBM Corporation,Certified - Withdrawn,H-1B,Application Developer,Computer Programmers,96886,II,NJ,1
IBM,FY2026_Q1,IBM Corporation,Certified - Withdrawn,H-1B,Application Developer,Computer Programmers,120349,III,NJ,1
IBM,FY2026_Q1,IBM Corporation,Certified - Withdrawn,H-1B,Application Developer,Computer Programmers,80725,II,NJ,1
IBM,FY2026_Q1,IBM Corporation,Certified - Withdrawn,H-1B,Application Developer,Computer Programmers,80725,II,NJ,1
IBM,FY2026_Q1,IBM Corporation,Certified - Withdrawn,H-1B,Project Manager,Information Technology Project Managers,99466,III,NJ,1
MPHASIS,FY2026_Q1,Mphasis Corporation,Certified - Withdrawn,H-1B,Software Engineer,Computer Programmers,88000,I,GA,1
MPHASIS,FY2026_Q1,Mphasis Corporation,Certified - Withdrawn,H-1B,Software Engineer,Computer Programmers,88000,I,GA,1
IBM,FY2026_Q1,IBM Corporation,Certified - Withdrawn,H-1B,Advisory System Analyst,Computer Systems Analysts,87402,II,DE,1
TECHM,FY2026_Q1,"TECH MAHINDRA (AMERICAS), INC",Certified - Withdrawn,H-1B,"Software Developer, Systems Software",Software Developers,112924,II,TX,1
TECHM,FY2026_Q1,"TECH MAHINDRA (AMERICAS), INC",Certified - Withdrawn,H-1B,Programmer Analyst,Computer Programmers,108100,II,KY,1
CAP,FY2026_Q1,CAPGEMINI AMERICA INC,Certified - Withdrawn,H-1B,Electronics Engineer 2,"Electronics Engineers, Except Computer",150000,II,TX,1
MPHASIS,FY2026_Q1,Mphasis Corporation,Certified - Withdrawn,H-1B,Senior Data Scientist,Data Scientists,165000,III,MO,1
MPHASIS,FY2026_Q1,Mphasis Corporation,Certified - Withdrawn,H-1B,Database Architect,Database Architects,150000,II,NJ,1
MPHASIS,FY2026_Q1,Mphasis Corporation,Certified - Withdrawn,H-1B,Test Engineer,Software Quality Assurance Analysts and Testers,140000,II,TX,1
MPHASIS,FY2026_Q1,Mphasis Corporation,Certified - Withdrawn,H-1B,Software Architect,Software Developers,145000,II,TX,1
MPHASIS,FY2026_Q1,Mphasis Corporation,Certified - Withdrawn,H-1B,Software Engineer,Computer Programmers,140000,II,CA,1
MPHASIS,FY2026_Q1,Mphasis Corporation,Certified - Withdrawn,H-1B,Software Engineer,Computer Programmers,130000,II,NJ,1
MPHASIS,FY2026_Q1,Mphasis Corporation,Certified - Withdrawn,H-1B,Software Engineer,Computer Programmers,130000,II,DE,1
MPHASIS,FY2026_Q1,Mphasis Corporation,Certified - Withdrawn,H-1B,Software Engineer,Computer Programmers,140000,II,CA,1
MPHASIS,FY2026_Q1,Mphasis Corporation,Certified - Withdrawn,H-1B,Software Engineer,Computer Programmers,94060,II,CA,1
MPHASIS,FY2026_Q1,Mphasis Corporation,Certified - Withdrawn,H-1B,Software Engineer,Computer Programmers,94060,II,CA,1
MPHASIS,FY2026_Q1,Mphasis Corporation,Certified - Withdrawn,H-1B,Software Engineer,Computer Programmers,130000,II,TN,1
MPHASIS,FY2026_Q1,Mphasis Corporation,Certified - Withdrawn,H-1B,Software Engineer,Computer Programmers,139646,II,FL,1
MPHASIS,FY2026_Q1,Mphasis Corporation,Certified - Withdrawn,H-1B,Software Engineer,Computer Programmers,130000,II,TX,1
MPHASIS,FY2026_Q1,Mphasis Corporation,Certified - Withdrawn,H-1B,Software Engineer,Computer Programmers,130000,II,TX,1
MPHASIS,FY2026_Q1,Mphasis Corporation,Certified - Withdrawn,H-1B,Software Engineer,Computer Programmers,139646,II,FL,1
MPHASIS,FY2026_Q1,Mphasis Corporation,Certified - Withdrawn,H-1B,Software Engineer,Computer Programmers,130000,II,TX,1
MPHASIS,FY2026_Q1,Mphasis Corporation,Certified - Withdrawn,H-1B,Software Engineer,Computer Programmers,104000,II,IL,1
MPHASIS,FY2026_Q1,Mphasis Corporation,Certified - Withdrawn,H-1B,Software Engineer,Computer Programmers,104000,II,IL,1
MPHASIS,FY2026_Q1,Mphasis Corporation,Certified - Withdrawn,H-1B,Software Engineer,Computer Programmers,130000,II,NE,1
MPHASIS,FY2026_Q1,Mphasis Corporation,Certified - Withdrawn,H-1B,Software Engineer,Computer Programmers,130000,II,TX,1
MPHASIS,FY2026_Q1,Mphasis Corporation,Certified - Withdrawn,H-1B,Test Engineer,Software Quality Assurance Analysts and Testers,148000,II,TX,1
MPHASIS,FY2026_Q1,Mphasis Corporation,Certified - Withdrawn,H-1B,Test Engineer,Software Quality Assurance Analysts and Testers,148000,II,TX,1
MPHASIS,FY2026_Q1,Mphasis Corporation,Certified - Withdrawn,H-1B,Software Engineer,Computer Programmers,130000,II,NJ,1
MPHASIS,FY2026_Q1,Mphasis Corporation,Certified - Withdrawn,H-1B,Software Engineer,Computer Programmers,130000,II,NJ,1
MPHASIS,FY2026_Q1,Mphasis Corporation,Certified - Withdrawn,H-1B,Software Engineer,Data Warehousing Specialists,140000,II,TN,1
MPHASIS,FY2026_Q1,Mphasis Corporation,Certified - Withdrawn,H-1B,Software Engineer,Data Warehousing Specialists,140000,II,TN,1
MPHASIS,FY2026_Q1,Mphasis Corporation,Certified - Withdrawn,H-1B,Software Engineer,Computer Programmers,125000,II,CO,1
MPHASIS,FY2026_Q1,Mphasis Corporation,Certified - Withdrawn,H-1B,Software Engineer,Computer Programmers,125000,II,CO,1
MPHASIS,FY2026_Q1,Mphasis Corporation,Certified - Withdrawn,H-1B,Software Architect,Computer Systems Engineers/Architects,127499,II,FL,1
MPHASIS,FY2026_Q1,Mphasis Corporation,Certified - Withdrawn,H-1B,Software Architect,Computer Systems Engineers/Architects,127499,II,FL,1
MPHASIS,FY2026_Q1,Mphasis Corporation,Certified - Withdrawn,H-1B,Software Engineer,Computer Programmers,150000,II,CA,1
MPHASIS,FY2026_Q1,Mphasis Corporation,Certified - Withdrawn,H-1B,Software Engineer,Computer Programmers,150000,II,CA,1
MPHASIS,FY2026_Q1,Mphasis Corporation,Certified - Withdrawn,H-1B,Software Engineer,Computer Programmers,100454,II,FL,1
HCLTECH,FY2026_Q1,HCL AMERICA INC,Withdrawn,H-1B,Senior Design Lead,Computer Systems Engineers/Architects,92269,III,TX,1
IBM,FY2026_Q1,IBM Corporation,Certified - Withdrawn,H-1B,Data Engineer,Computer Systems Analysts,127234,III,NJ,1
IBM,FY2026_Q1,IBM Corporation,Certified - Withdrawn,H-1B,Test Automation Lead,Software Quality Assurance Analysts and Testers,97365,III,GA,1
IBM,FY2026_Q1,IBM Corporation,Certified - Withdrawn,H-1B,Application Developer,Computer Systems Analysts,106995,III,TX,1
IBM,FY2026_Q1,IBM Corporation,Certified - Withdrawn,H-1B,Package Specialist,Computer Systems Analysts,88026,II,PA,1
IBM,FY2026_Q1,IBM Corporation,Certified - Withdrawn,H-1B,Application Developer,Computer Systems Analysts,112029,III,GA,1
IBM,FY2026_Q1,IBM Corporation,Certified - Withdrawn,H-1B,Application Architect,Computer Systems Engineers/Architects,126818,III,NJ,1
IBM,FY2026_Q1,IBM Corporation,Certified - Withdrawn,H-1B,Application Consultant,Computer Systems Analysts,106746,III,AZ,1
IBM,FY2026_Q1,IBM Corporation,Certified - Withdrawn,H-1B,Project Manager,Information Technology Project Managers,181293,III,CA,1
IBM,FY2026_Q1,IBM Corporation,Certified - Withdrawn,H-1B,Senior Application Consultant,Computer Systems Analysts,101608,III,KS,1
CAP,FY2026_Q1,Capgemini America Inc,Certified - Withdrawn,H-1B,Applications Consultant 2,Software Developers,150000,II,MN,1
WIT,FY2026_Q1,WIPRO LIMITED,Certified - Withdrawn,H-1B,Techno Functional Consultant L2,Computer Systems Analysts,136074,II,CA,3
WIT,FY2026_Q1,WIPRO LIMITED,Certified - Withdrawn,H-1B,Developer L4,Computer Programmers,85530,II,TX,2
WIT,FY2026_Q1,WIPRO LIMITED,Certified - Withdrawn,H-1B,Account Manager L3,Sales Engineers,132205,III,NC,1
WIT,FY2026_Q1,WIPRO LIMITED,Certified - Withdrawn,H-1B,Application Architect L1,Computer Systems Engineers/Architects,86400,II,MO,3
WIT,FY2026_Q1,WIPRO LIMITED,Certified - Withdrawn,H-1B,Application Architect L1,Computer Systems Engineers/Architects,132579,II,CA,5
WIT,FY2026_Q1,WIPRO LIMITED,Certified - Withdrawn,H-1B,VLSI Engineer L3,"Electronics Engineers, Except Computer",151091,II,CA,1
WIT,FY2026_Q1,WIPRO LIMITED,Certified - Withdrawn,H-1B,Project Lead L1,Information Technology Project Managers,83658,II,TX,3
WIT,FY2026_Q1,WIPRO LIMITED,Certified - Withdrawn,H-1B,Domain Consultant L2,Management Analysts,79789,II,PA,3
WIT,FY2026_Q1,WIPRO LIMITED,Certified - Withdrawn,H-1B,Technical Lead L1,Computer Programmers,90210,II,GA,2
WIT,FY2026_Q1,WIPRO LIMITED,Certified - Withdrawn,H-1B,Technical Lead L1,Computer Programmers,126693,II,CA,3
WIT,FY2026_Q1,WIPRO LIMITED,Certified - Withdrawn,H-1B,Technology Architect L1,Computer Systems Engineers/Architects,132579,II,CA,3
WIT,FY2026_Q1,WIPRO LIMITED,Certified - Withdrawn,H-1B,Technical Lead L1,Computer Programmers,83866,II,TX,5
WIT,FY2026_Q1,WIPRO LIMITED,Certified - Withdrawn,H-1B,Technical Lead L1,Computer Programmers,85530,II,TX,1
WIT,FY2026_Q1,WIPRO LIMITED,Certified - Withdrawn,H-1B,Technology Architect L1,Computer Systems Engineers/Architects,86400,II,TX,4
WIT,FY2026_Q1,WIPRO LIMITED,Certified - Withdrawn,H-1B,Product Engineering Manager L1,Software Developers,106558,II,IL,3
WIT,FY2026_Q1,WIPRO LIMITED,Certified - Withdrawn,H-1B,Domain Consultant L2,Management Analysts,123344,II,CA,3
WIT,FY2026_Q1,WIPRO LIMITED,Certified - Withdrawn,H-1B,Quality Assurance (QA) Lead L2,Software Quality Assurance Analysts and Testers,78166,II,WI,1
WIT,FY2026_Q1,WIPRO LIMITED,Certified - Withdrawn,H-1B,Technical Lead L1,Computer Programmers,143978,II,WA,3
WIT,FY2026_Q1,WIPRO LIMITED,Certified - Withdrawn,H-1B,Technical Lead L1,Computer Programmers,106662,II,NJ,5
WIT,FY2026_Q1,WIPRO LIMITED,Certified - Withdrawn,H-1B,Service Delivery Lead L2,Information Technology Project Managers,86400,II,TX,3
WIT,FY2026_Q1,WIPRO LIMITED,Certified - Withdrawn,H-1B,Technical Lead L1,Computer Programmers,83866,II,TX,2
WIT,FY2026_Q1,WIPRO LIMITED,Certified - Withdrawn,H-1B,Technical Lead L1,Computer Programmers,79102,II,TX,3
WIT,FY2026_Q1,WIPRO LIMITED,Certified - Withdrawn,H-1B,Technical Lead L1,Computer Programmers,90210,II,GA,1
WIT,FY2026_Q1,WIPRO LIMITED,Certified - Withdrawn,H-1B,Domain Consultant L4,Management Analysts,97920,III,TN,3
WIT,FY2026_Q1,WIPRO LIMITED,Certified - Withdrawn,H-1B,Automation Lead L1,Computer Programmers,85530,II,TX,1
WIT,FY2026_Q1,WIPRO LIMITED,Certified - Withdrawn,E-3 Australian,Lead Engineer,Computer Programmers,126693,II,CA,1
WIT,FY2026_Q1,WIPRO LIMITED,Certified - Withdrawn,H-1B,Program Manager L1,Information Technology Project Managers,97920,III,TN,3
WIT,FY2026_Q1,WIPRO LIMITED,Certified - Withdrawn,H-1B,Scrum Master L1,"Computer Occupations, All Other",73920,II,KY,1
WIT,FY2026_Q1,WIPRO LIMITED,Certified - Withdrawn,H-1B,Solution Architect L1,Computer Systems Engineers/Architects,86400,II,MN,1
IBM,FY2026_Q1,IBM Corporation,Certified - Withdrawn,H-1B,Package Consultant,Computer Systems Analysts,105019,II,NY,1
IBM,FY2026_Q1,IBM Corporation,Certified - Withdrawn,H-1B,Package Consultant,Computer Systems Analysts,100589,III,NC,1
IBM,FY2026_Q1,IBM Corporation,Certified - Withdrawn,H-1B,Package Consultant,Computer Systems Analysts,100589,III,NC,1
IBM,FY2026_Q1,IBM Corporation,Certified - Withdrawn,H-1B,Package Specialist,Computer Systems Analysts,101962,III,IL,1
IBM,FY2026_Q1,IBM Corporation,Certified - Withdrawn,H-1B,Data Engineer,Computer Systems Engineers/Architects,111467,III,NC,1
IBM,FY2026_Q1,IBM Corporation,Certified - Withdrawn,H-1B,Application Developer,Computer Programmers,80371,II,PA,1
IBM,FY2026_Q1,IBM Corporation,Certified - Withdrawn,H-1B,Data Engineer,Computer Systems Engineers/Architects,92539,II,NC,1
IBM,FY2026_Q1,IBM Corporation,Certified - Withdrawn,H-1B,Application Developer,Computer Programmers,69493,II,TX,1
IBM,FY2026_Q1,IBM Corporation,Certified - Withdrawn,H-1B,Application Developer,Computer Programmers,96886,II,NJ,1
IBM,FY2026_Q1,IBM Corporation,Certified - Withdrawn,H-1B,Data Engineer,Data Warehousing Specialists,119642,II,GA,1
IBM,FY2026_Q1,IBM Corporation,Certified - Withdrawn,H-1B,Project Manager,Information Technology Project Managers,106609,III,LA,1
IBM,FY2026_Q1,IBM Corporation,Certified - Withdrawn,H-1B,Salesforce Test Lead,Computer Systems Analysts,92518,III,PA,1
IBM,FY2026_Q1,IBM Corporation,Certified - Withdrawn,H-1B,Application Developer,Computer Systems Analysts,84869,II,LA,1
IBM,FY2026_Q1,IBM Corporation,Certified - Withdrawn,H-1B,Application Developer,Computer Programmers,97718,III,GA,1
IBM,FY2026_Q1,IBM Corporation,Certified - Withdrawn,H-1B,Application Developer,Computer Systems Analysts,125715,III,NJ,1
IBM,FY2026_Q1,IBM Corporation,Certified - Withdrawn,H-1B,Business Transformation Consultant,Computer Systems Analysts,81640,III,LA,1
IBM,FY2026_Q1,IBM Corporation,Certified - Withdrawn,H-1B,Package Consultant,Computer Systems Analysts,84781,II,GA,1
IBM,FY2026_Q1,IBM Corporation,Certified - Withdrawn,H-1B,Application Developer,Computer Systems Analysts,95514,II,NJ,1
IBM,FY2026_Q1,IBM Corporation,Certified - Withdrawn,H-1B,Application Architect,Database Architects,115440,II,NJ,1
IBM,FY2026_Q1,IBM Corporation,Certified - Withdrawn,H-1B,Application Developer,Computer Systems Analysts,97850,II,TX,1
IBM,FY2026_Q1,IBM Corporation,Certified - Withdrawn,H-1B,Package Consultant,Computer Systems Analysts,69742,II,MI,1
IBM,FY2026_Q1,IBM Corporation,Certified - Withdrawn,H-1B,Package Specialist,Computer Systems Analysts,67995,II,WI,1
INFY,FY2026_Q1,INFOSYS LIMITED,Withdrawn,H-1B,Infrastructure Project Lead 2,Information Technology Project Managers,118456,III,TX,1
CAP,FY2026_Q1,CAPGEMINI AMERICA INC,Certified - Withdrawn,H-1B,Software Engineer 2,Software Developers,121000,II,CO,1
TECHM,FY2026_Q1,"TECH MAHINDRA (AMERICAS), INC",Certified - Withdrawn,H-1B,Systems Analyst,Computer Systems Analysts,100880,II,NC,1
CAP,FY2026_Q1,CAPGEMINI AMERICA INC,Certified - Withdrawn,H-1B,Applications Consultant 3,Software Developers,165000,III,GA,1
TECHM,FY2026_Q1,"TECH MAHINDRA (AMERICAS), INC",Certified - Withdrawn,H-1B,Systems Administrator,Network and Computer Systems Administrators,82306,II,TX,1
TECHM,FY2026_Q1,"TECH MAHINDRA (AMERICAS), INC",Certified - Withdrawn,H-1B,Database Administrator (DBA),Database Administrators,95036,II,TX,1
CAP,FY2026_Q1,CAPGEMINI AMERICA INC,Certified - Withdrawn,H-1B,Programmer/ Developer 3,Computer Programmers,125000,III,IL,1
WIT,FY2026_Q1,WIPRO LIMITED,Certified - Withdrawn,H-1B,Product Engineer L2,Software Developers,172931,II,CA,3
WIT,FY2026_Q1,WIPRO LIMITED,Certified - Withdrawn,H-1B,Solution Architect L1,Computer Systems Engineers/Architects,86400,II,TX,1
WIT,FY2026_Q1,WIPRO LIMITED,Certified - Withdrawn,H-1B,Technology Architect L1,Computer Systems Engineers/Architects,86400,II,KY,1
WIT,FY2026_Q1,WIPRO LIMITED,Certified - Withdrawn,H-1B,Application Architect L1,Computer Systems Engineers/Architects,86400,II,SC,2
WIT,FY2026_Q1,WIPRO LIMITED,Certified - Withdrawn,H-1B,Technology Architect L1,Computer Systems Engineers/Architects,90002,II,NY,1
WIT,FY2026_Q1,WIPRO LIMITED,Certified - Withdrawn,H-1B,Technical Lead L1,Computer Programmers,83866,II,TX,1
WIT,FY2026_Q1,WIPRO LIMITED,Certified - Withdrawn,H-1B,Solution Architect L2,Computer Systems Engineers/Architects,97920,III,TN,1
WIT,FY2026_Q1,WIPRO LIMITED,Certified - Withdrawn,H-1B,Solution Architect L1,Computer Systems Engineers/Architects,91270,II,DE,1
WIT,FY2026_Q1,WIPRO LIMITED,Certified - Withdrawn,H-1B,Program Manager L1,Information Technology Project Managers,114920,III,DE,1
WIT,FY2026_Q1,WIPRO LIMITED,Certified - Withdrawn,H-1B,Product Manager L1,"Computer Occupations, All Other",86400,II,TX,1
WIT,FY2026_Q1,WIPRO LIMITED,Certified - Withdrawn,H-1B,Technical Lead L1,Computer Programmers,89814,II,NC,1
WIT,FY2026_Q1,WIPRO LIMITED,Certified - Withdrawn,H-1B,Technical Lead L1,Computer Programmers,85530,II,TX,1
WIT,FY2026_Q1,WIPRO LIMITED,Certified - Withdrawn,H-1B,Test Engineer L4,Software Quality Assurance Analysts and Testers,73920,II,PA,1
WIT,FY2026_Q1,WIPRO LIMITED,Certified - Withdrawn,H-1B,Technology Architect L1,Computer Systems Engineers/Architects,86400,II,TX,1
WIT,FY2026_Q1,WIPRO LIMITED,Certified - Withdrawn,H-1B,Solution Architect L2,Computer Systems Engineers/Architects,139589,III,CA,1
WIT,FY2026_Q1,WIPRO LIMITED,Certified - Withdrawn,H-1B,Developer L3,Computer Programmers,89814,II,NC,3
WIT,FY2026_Q1,WIPRO LIMITED,Certified - Withdrawn,H-1B,Developer L3,Computer Programmers,90210,II,GA,3
WIT,FY2026_Q1,WIPRO LIMITED,Certified - Withdrawn,H-1B,Technical Lead L1,Computer Programmers,89814,II,NC,3
WIT,FY2026_Q1,WIPRO LIMITED,Certified - Withdrawn,H-1B,Developer L3,Computer Programmers,81619,II,NJ,3
WIT,FY2026_Q1,WIPRO LIMITED,Certified - Withdrawn,H-1B,Technical Lead L1,Computer Programmers,90210,II,GA,3
WIT,FY2026_Q1,WIPRO LIMITED,Certified - Withdrawn,H-1B,Technical Lead L1,Computer Programmers,81619,II,NJ,3
WIT,FY2026_Q1,WIPRO LIMITED,Certified - Withdrawn,H-1B,Technology Architect L1,Computer Systems Engineers/Architects,90002,II,NJ,3
INFY,FY2026_Q1,INFOSYS LIMITED,Withdrawn,H-1B,Program Manager - US,Information Technology Project Managers,132434,IV,IL,5
CAP,FY2026_Q1,CAPGEMINI AMERICA INC,Withdrawn,H-1B,Programmer/ Developer 3,Computer Programmers,118000,III,GA,1
WIT,FY2026_Q1,WIPRO LIMITED,Certified - Withdrawn,H-1B,Technical Lead L1,Computer Programmers,73920,II,OH,1
WIT,FY2026_Q1,WIPRO LIMITED,Certified - Withdrawn,H-1B,Automation Engineer L3,Computer Programmers,78021,II,MI,1
WIT,FY2026_Q1,WIPRO LIMITED,Certified - Withdrawn,H-1B,System Engineer L2,Network and Computer Systems Administrators,88317,II,CA,1
WIT,FY2026_Q1,WIPRO LIMITED,Certified - Withdrawn,H-1B,Solution Architect L1,Computer Systems Engineers/Architects,86400,II,OH,1
WIT,FY2026_Q1,WIPRO LIMITED,Certified - Withdrawn,H-1B,Technology Architect L1,Computer Systems Engineers/Architects,86400,II,GA,1
WIT,FY2026_Q1,WIPRO LIMITED,Certified - Withdrawn,H-1B,Technical Lead L1,Computer Programmers,73920,II,MO,1
WIT,FY2026_Q1,WIPRO LIMITED,Certified - Withdrawn,H-1B,Techno Functional Consultant L1,Computer Systems Analysts,98030,II,NC,3
WIT,FY2026_Q1,WIPRO LIMITED,Certified - Withdrawn,H-1B,Techno Functional Consultant L1,Computer Systems Analysts,100714,II,TX,1
WIT,FY2026_Q1,WIPRO LIMITED,Certified - Withdrawn,H-1B,Solution Architect L1,Computer Systems Engineers/Architects,132579,II,CA,6
WIT,FY2026_Q1,WIPRO LIMITED,Certified - Withdrawn,H-1B,Techno Functional Consultant L2,Computer Systems Analysts,94058,II,MN,6
WIT,FY2026_Q1,WIPRO LIMITED,Certified - Withdrawn,H-1B,Security Architect L1,Computer Systems Engineers/Architects,90002,II,NJ,6
WIT,FY2026_Q1,WIPRO LIMITED,Certified - Withdrawn,H-1B,Techno Functional Consultant L2,Computer Systems Analysts,95285,II,CA,2
WIT,FY2026_Q1,WIPRO LIMITED,Certified - Withdrawn,H-1B,Techno Functional Consultant L3,Computer Systems Analysts,97920,III,MI,6
WIT,FY2026_Q1,WIPRO LIMITED,Certified - Withdrawn,H-1B,Techno Functional Consultant L1,Computer Systems Analysts,78624,II,IA,6
WIT,FY2026_Q1,WIPRO LIMITED,Certified - Withdrawn,H-1B,Technology Architect L1,Computer Systems Engineers/Architects,132579,II,CA,6
WIT,FY2026_Q1,WIPRO LIMITED,Certified - Withdrawn,H-1B,Application Architect L1,Computer Systems Engineers/Architects,86400,II,NC,2
WIT,FY2026_Q1,WIPRO LIMITED,Certified - Withdrawn,H-1B,Techno Functional Consultant L3,Computer Systems Analysts,165422,III,CA,3
WIT,FY2026_Q1,WIPRO LIMITED,Certified - Withdrawn,H-1B,Solution Architect L1,Computer Systems Engineers/Architects,86400,II,MD,1
WIT,FY2026_Q1,WIPRO LIMITED,Certified - Withdrawn,H-1B,Developer L3,Computer Programmers,91728,II,CA,3
WIT,FY2026_Q1,WIPRO LIMITED,Certified - Withdrawn,H-1B,Principal Tech & Impl Cons L1,Computer Systems Analysts,94058,II,MN,6
WIT,FY2026_Q1,WIPRO LIMITED,Certified - Withdrawn,H-1B,Test Engineer L2,Software Quality Assurance Analysts and Testers,133432,II,CA,6
WIT,FY2026_Q1,WIPRO LIMITED,Certified - Withdrawn,H-1B,Solution Architect L1,Computer Systems Engineers/Architects,86400,II,MN,6
WIT,FY2026_Q1,WIPRO LIMITED,Certified - Withdrawn,H-1B,Technical Lead L1,Computer Programmers,76565,II,NV,1
WIT,FY2026_Q1,WIPRO LIMITED,Certified - Withdrawn,H-1B,Solution Architect L1,Computer Systems Engineers/Architects,90002,II,NJ,1
WIT,FY2026_Q1,WIPRO LIMITED,Certified - Withdrawn,H-1B,Program Manager L1,Information Technology Project Managers,121514,III,NJ,1
WIT,FY2026_Q1,WIPRO LIMITED,Certified - Withdrawn,H-1B,Administrator L3,Network and Computer Systems Administrators,90563,II,CO,1
WIT,FY2026_Q1,WIPRO LIMITED,Certified - Withdrawn,H-1B,Project Manager L1,Information Technology Project Managers,108098,II,WA,3
WIT,FY2026_Q1,WIPRO LIMITED,Certified - Withdrawn,H-1B,Project Manager L2,Information Technology Project Managers,139589,III,CA,3
WIT,FY2026_Q1,WIPRO LIMITED,Certified - Withdrawn,H-1B,Scrum Master L1,"Computer Occupations, All Other",73920,II,KY,1
WIT,FY2026_Q1,WIPRO LIMITED,Certified - Withdrawn,H-1B,Solution Architect L1,Computer Systems Engineers/Architects,111946,II,DC,1
WIT,FY2026_Q1,WIPRO LIMITED,Certified - Withdrawn,H-1B,Technical Lead L1,Computer Programmers,90210,II,GA,1
WIT,FY2026_Q1,WIPRO LIMITED,Certified - Withdrawn,H-1B,Technical Lead L1,Computer Programmers,78021,II,MI,1
WIT,FY2026_Q1,WIPRO LIMITED,Certified - Withdrawn,H-1B,Technology Architect L1,Computer Systems Engineers/Architects,86400,II,MI,1
WIT,FY2026_Q1,WIPRO LIMITED,Certified - Withdrawn,H-1B,Developer L3,Computer Programmers,82971,II,KY,3
WIT,FY2026_Q1,WIPRO LIMITED,Certified - Withdrawn,H-1B,Technical Lead L1,Computer Programmers,81619,II,NJ,3
WIT,FY2026_Q1,WIPRO LIMITED,Certified - Withdrawn,H-1B,Developer L3,Computer Programmers,106662,II,NJ,3
WIT,FY2026_Q1,WIPRO LIMITED,Certified - Withdrawn,H-1B,Technical Lead L1,Computer Programmers,106662,II,NJ,3
WIT,FY2026_Q1,WIPRO LIMITED,Certified - Withdrawn,H-1B,Technical Lead L1,Computer Programmers,83283,II,DE,3
WIT,FY2026_Q1,WIPRO LIMITED,Certified - Withdrawn,H-1B,Developer L3,Computer Programmers,85530,II,TX,3
WIT,FY2026_Q1,WIPRO LIMITED,Certified - Withdrawn,H-1B,Project Lead L1,Information Technology Project Managers,105560,II,CA,1
WIT,FY2026_Q1,WIPRO LIMITED,Certified - Withdrawn,H-1B,Technical Lead L1,Computer Programmers,85530,II,TX,3
WIT,FY2026_Q1,WIPRO LIMITED,Certified - Withdrawn,H-1B,Developer L3,Computer Programmers,83283,II,DE,3
WIT,FY2026_Q1,WIPRO LIMITED,Certified - Withdrawn,H-1B,Principal Tech & Impl Cons L1,Computer Systems Analysts,86400,II,IN,1
MPHASIS,FY2026_Q1,Mphasis Corporation,Certified - Withdrawn,H-1B,Software Engineer,Software Developers,120000,II,TX,1
MPHASIS,FY2026_Q1,Mphasis Corporation,Certified - Withdrawn,H-1B,Software Engineer,Software Developers,120000,II,TX,1
CAP,FY2026_Q1,CAPGEMINI AMERICA INC,Certified - Withdrawn,H-1B,Test Consultant 3,Software Quality Assurance Analysts and Testers,148000,III,IL,1
CAP,FY2026_Q1,CAPGEMINI AMERICA INC,Certified - Withdrawn,H-1B,Infrastructure Consultant 3,Computer Systems Analysts,128750,III,NC,1
TECHM,FY2026_Q1,"TECH MAHINDRA (AMERICAS), INC",Certified - Withdrawn,H-1B,Programmer Analyst,Computer Programmers,130000,II,SC,1
CAP,FY2026_Q1,"Capgemini America, Inc.",Certified,H-1B,Applications Consultant 3,Software Developers,114683,III,OH,1
CAP,FY2026_Q1,"Capgemini America, Inc.",Certified,H-1B,Applications Consultant 4,Software Developers,163090,IV,CT,1
CAP,FY2026_Q1,"Capgemini America, Inc.",Certified,H-1B,Project Manager 4,Information Technology Project Managers,134564,IV,IL,1
TCS,FY2026_Q1,Tata Consultancy Services Limited,Certified,H-1B,Technical Lead,Information Technology Project Managers,70970,II,NY,1
CTSH,FY2026_Q1,COGNIZANT TECHNOLOGY SOLUTIONS US CORP,Certified,H-1B,Senior Associate JC60 -Computer Systems Engineers/Architects,Computer Systems Engineers/Architects,92581,II,TX,1
CAP,FY2026_Q1,"Capgemini America, Inc.",Certified,H-1B,Applications Consultant 3,Software Developers,126942,III,CT,1
CAP,FY2026_Q1,"Capgemini America, Inc.",Certified,H-1B,Applications Consultant 4,Software Developers,240708,IV,TX,1
HCLTECH,FY2026_Q1,HCL AMERICA INC,Certified,H-1B,Technical Architect,Computer Systems Engineers/Architects,139298,III,WA,1
TCS,FY2026_Q1,Tata Consultancy Services Limited,Certified,H-1B,Developer,Computer Programmers,130853,II,CA,1
TECHM,FY2026_Q1,"TECH MAHINDRA (AMERICAS), INC",Certified,H-1B,Systems Administrator,Network and Computer Systems Administrators,92623,II,WA,1
MPHASIS,FY2026_Q1,Mphasis Corporation,Certified,H-1B,Software Engineer,Computer Programmers,104000,II,AZ,1
MPHASIS,FY2026_Q1,Mphasis Corporation,Certified,H-1B,Software Engineer,Computer Programmers,180000,II,CA,1
HCLTECH,FY2026_Q1,HCL AMERICA INC,Certified,H-1B,Senior Technical Lead,Computer Programmers,72696,III,TX,1
TECHM,FY2026_Q1,"TECH MAHINDRA (AMERICAS), INC",Certified,H-1B,Technical Consultant,Software Developers,114754,II,TX,1
TECHM,FY2026_Q1,"TECH MAHINDRA (AMERICAS), INC",Certified,H-1B,"Software Developer, Systems Software",Software Developers,97386,II,MO,1
MPHASIS,FY2026_Q1,Mphasis Corporation,Certified,H-1B,Database Administrator,Database Administrators,150000,II,TX,1
TECHM,FY2026_Q1,"TECH MAHINDRA (AMERICAS), INC",Certified,H-1B,Systems Analyst,Computer Systems Analysts,131560,II,CA,1
TECHM,FY2026_Q1,"TECH MAHINDRA (AMERICAS), INC",Certified,H-1B,Database Administrator (DBA),Database Administrators,115855,II,TX,1
MPHASIS,FY2026_Q1,Mphasis Corporation,Certified,H-1B,Software Engineer,Computer Programmers,150000,II,TX,1
MPHASIS,FY2026_Q1,Mphasis Corporation,Certified,H-1B,Software Engineer,Computer Programmers,115000,II,IN,1
MPHASIS,FY2026_Q1,Mphasis Corporation,Certified,H-1B,Software Engineer,Computer Programmers,120000,II,OH,1
TECHM,FY2026_Q1,"TECH MAHINDRA (AMERICAS), INC",Certified,H-1B,Software Architect,Software Developers,105976,II,TX,1
MPHASIS,FY2026_Q1,Mphasis Corporation,Certified,H-1B,Software Engineer,Computer Programmers,140000,II,TX,1
MPHASIS,FY2026_Q1,Mphasis Corporation,Certified,H-1B,Software Engineer,Computer Programmers,110000,II,CA,1
MPHASIS,FY2026_Q1,Mphasis Corporation,Certified,H-1B,Test Engineer,Software Quality Assurance Analysts and Testers,92310,II,NC,1
TECHM,FY2026_Q1,"TECH MAHINDRA (AMERICAS), INC",Certified,H-1B,System Architect,Computer Systems Engineers/Architects,96905,II,TX,1
TECHM,FY2026_Q1,"TECH MAHINDRA (AMERICAS), INC",Certified,H-1B,Computer Programmer,Computer Programmers,77023,II,OH,1
WIT,FY2026_Q1,WIPRO LIMITED,Certified,H-1B,Technical Lead L1,Computer Programmers,126326,II,TX,1
MPHASIS,FY2026_Q1,Mphasis Corporation,Certified,H-1B,Software Engineer,Computer Programmers,92900,II,TX,1
TECHM,FY2026_Q1,"TECH MAHINDRA (AMERICAS), INC",Certified,H-1B,Sales Manager,Sales Managers,255000,II,IL,1
MPHASIS,FY2026_Q1,Mphasis Corporation,Certified,H-1B,Software Engineer,Computer Programmers,115000,II,IN,1
TECHM,FY2026_Q1,"TECH MAHINDRA (AMERICAS), INC",Certified,H-1B,Software Architect,Software Developers,131997,II,NJ,1
MPHASIS,FY2026_Q1,Mphasis Corporation,Certified,H-1B,Software Engineer,Computer Programmers,110000,II,CA,1
TECHM,FY2026_Q1,"TECH MAHINDRA (AMERICAS), INC",Certified,H-1B,Software Systems Engineer,Software Developers,130950,II,TX,1
MPHASIS,FY2026_Q1,Mphasis Corporation,Certified,H-1B,QA Test Engineer II,Software Quality Assurance Analysts and Testers,90260,II,MI,1
HCLTECH,FY2026_Q1,HCL AMERICA INC,Certified,H-1B,Sr Subject Matter Expert (Support & Ops),Computer Network Support Specialists,139466,III,CA,1
TECHM,FY2026_Q1,"TECH MAHINDRA (AMERICAS), INC",Certified,H-1B,Software Engineer,Software Developers,115000,II,TX,1
MPHASIS,FY2026_Q1,Mphasis Corporation,Certified,H-1B,Software Engineer,Computer Programmers,121000,II,NJ,1
TECHM,FY2026_Q1,"TECH MAHINDRA (AMERICAS), INC",Certified,H-1B,Computer Programmer,Computer Programmers,88111,II,TX,1
MPHASIS,FY2026_Q1,Mphasis Corporation,Certified,H-1B,Infrastructure Engineer,Computer Programmers,99156,II,NC,1
MPHASIS,FY2026_Q1,Mphasis Corporation,Certified,H-1B,Software Engineer,Computer Programmers,80098,II,TX,1
TECHM,FY2026_Q1,"TECH MAHINDRA (AMERICAS), INC",Certified,H-1B,Systems Analyst,Computer Systems Analysts,120689,II,MI,1
TECHM,FY2026_Q1,"TECH MAHINDRA (AMERICAS), INC",Certified,H-1B,Project Manager,Project Management Specialists,102940,II,NJ,1
TECHM,FY2026_Q1,"TECH MAHINDRA (AMERICAS), INC",Certified,H-1B,Software Test Engineer,Software Quality Assurance Analysts and Testers,129792,II,CA,1
TECHM,FY2026_Q1,"TECH MAHINDRA (AMERICAS), INC",Certified,H-1B,Solutions Architect,Computer Systems Engineers/Architects,164350,II,WA,1
HCLTECH,FY2026_Q1,HCL AMERICA INC,Certified,H-1B,Senior Program Manager,Information Technology Project Managers,130706,III,TX,1
MPHASIS,FY2026_Q1,Mphasis Corporation,Certified,H-1B,Software Engineer,Computer Programmers,125000,I,TX,1
TECHM,FY2026_Q1,"TECH MAHINDRA (AMERICAS), INC",Certified,H-1B,Technical Consultant,Software Developers,133329,II,TX,1
TECHM,FY2026_Q1,"TECH MAHINDRA (AMERICAS), INC",Certified,H-1B,Systems Analyst,Computer Systems Analysts,109328,II,CA,1
MPHASIS,FY2026_Q1,Mphasis Corporation,Certified,H-1B,Software Engineer,Computer Programmers,128000,II,NC,1
TECHM,FY2026_Q1,"TECH MAHINDRA (AMERICAS), INC",Certified,H-1B,Computer Programmer,Computer Programmers,106683,II,CO,1
TECHM,FY2026_Q1,"TECH MAHINDRA (AMERICAS), INC",Certified,H-1B,Software Engineer,Software Developers,112924,II,TX,1
TECHM,FY2026_Q1,"TECH MAHINDRA (AMERICAS), INC",Certified,H-1B,Systems Analyst,Computer Systems Analysts,131560,II,CA,1
WIT,FY2026_Q1,WIPRO LIMITED,Certified,H-1B,Solution Lead L1,Computer Programmers,89786,II,MI,1
MPHASIS,FY2026_Q1,Mphasis Corporation,Certified,H-1B,Software Engineer,Computer Programmers,100000,I,GA,1
TECHM,FY2026_Q1,"TECH MAHINDRA (AMERICAS), INC",Certified,H-1B,Computer Programmer,Computer Programmers,85800,II,GA,1
TECHM,FY2026_Q1,"TECH MAHINDRA (AMERICAS), INC",Certified,H-1B,"Software Developer, Systems Software",Software Developers,117021,II,DE,1
MPHASIS,FY2026_Q1,Mphasis Corporation,Certified,H-1B,Test Engineer,Software Quality Assurance Analysts and Testers,90000,II,DE,1
TECHM,FY2026_Q1,"TECH MAHINDRA (AMERICAS), INC",Certified,H-1B,Project Manager,Project Management Specialists,102482,II,DC,1
TECHM,FY2026_Q1,"TECH MAHINDRA (AMERICAS), INC",Certified,H-1B,Systems Analyst,Computer Systems Analysts,123422,II,NC,1
TECHM,FY2026_Q1,"TECH MAHINDRA (AMERICAS), INC",Certified,H-1B,Database Administrator (DBA),Database Administrators,89128,II,FL,1
MPHASIS,FY2026_Q1,Mphasis Corporation,Certified,H-1B,Software Engineer,Computer Programmers,125000,I,TX,1
TECHM,FY2026_Q1,"TECH MAHINDRA (AMERICAS), INC",Certified,H-1B,Computer Programmer,Computer Programmers,130950,II,TX,1
TECHM,FY2026_Q1,"TECH MAHINDRA (AMERICAS), INC",Certified,H-1B,Systems Analyst,Computer Systems Analysts,98925,II,TX,1
MPHASIS,FY2026_Q1,Mphasis Corporation,Certified,H-1B,Database Administrator,Database Administrators,140000,II,CA,1
MPHASIS,FY2026_Q1,Mphasis Corporation,Certified,H-1B,Software Engineer,Software Developers,110000,I,GA,1
MPHASIS,FY2026_Q1,Mphasis Corporation,Certified,H-1B,Software Engineer,Computer Programmers,114000,II,TX,1
MPHASIS,FY2026_Q1,Mphasis Corporation,Certified,H-1B,Software Engineer,Computer Programmers,150000,II,TX,1
TECHM,FY2026_Q1,"TECH MAHINDRA (AMERICAS), INC",Certified,H-1B,Systems Analyst,Computer Systems Analysts,123442,II,MI,1
MPHASIS,FY2026_Q1,Mphasis Corporation,Certified,H-1B,Software Engineer,Computer Programmers,120000,II,PA,1
MPHASIS,FY2026_Q1,Mphasis Corporation ,Certified,H-1B,SYSTEMS ARCHITECT II,Computer Systems Engineers/Architects,120629,II,TX,1
TCS,FY2026_Q1,TATA CONSULTANCY SERVICES LIMITED,Certified,H-1B,Developer,Computer Programmers,103002,III,GA,1
TCS,FY2026_Q1,Tata Consultancy Services Limited,Certified,H-1B,Developer,Computer Programmers,79435,II,FL,1
TCS,FY2026_Q1,TATA CONSULTANCY SERVICES LIMITED,Certified,H-1B,Software Developer,Software Developers,121118,III,IL,1
TCS,FY2026_Q1,TATA CONSULTANCY SERVICES LIMITED,Certified,H-1B,Software Developer,Software Developers,89502,II,SC,1
TCS,FY2026_Q1,TATA CONSULTANCY SERVICES LIMITED,Certified,H-1B,Software Developer,Software Developers,114754,II,TX,1
TCS,FY2026_Q1,TATA CONSULTANCY SERVICES LIMITED,Certified,H-1B,Developer,Computer Programmers,77022,II,NY,1
TCS,FY2026_Q1,Tata Consultancy Services Limited,Certified,H-1B,Architect,Computer Systems Engineers/Architects,86445,II,GA,1
TCS,FY2026_Q1,TATA CONSULTANCY SERVICES LIMITED,Certified,H-1B,Developer,Computer Programmers,86570,III,NC,1
TCS,FY2026_Q1,TATA CONSULTANCY SERVICES LIMITED,Certified,H-1B,Developer,Computer Programmers,106683,II,CO,1
TCS,FY2026_Q1,TATA CONSULTANCY SERVICES LIMITED,Certified,H-1B,Architect,Computer Systems Engineers/Architects,84198,II,MI,1
TCS,FY2026_Q1,TATA CONSULTANCY SERVICES LIMITED,Certified,H-1B,Analyst,Computer Systems Analysts,131560,II,CA,1
TCS,FY2026_Q1,Tata Consultancy Services Limited,Certified,H-1B,Developer,Computer Programmers,90813,II,KY,1
TCS,FY2026_Q1,TATA CONSULTANCY SERVICES LIMITED,Certified,H-1B,Architect,Computer Systems Engineers/Architects,94682,II,NY,1
TCS,FY2026_Q1,TATA CONSULTANCY SERVICES LIMITED,Certified,H-1B,Architect,Computer Systems Engineers/Architects,94682,II,NJ,1
TCS,FY2026_Q1,TATA CONSULTANCY SERVICES LIMITED,Certified,H-1B,Developer,Computer Programmers,77418,II,TX,1
TCS,FY2026_Q1,TATA CONSULTANCY SERVICES LIMITED,Certified,H-1B,Architect,Computer Systems Engineers/Architects,92581,II,TX,1
TCS,FY2026_Q1,Tata Consultancy Services Limited,Certified,H-1B,Architect,Computer Systems Engineers/Architects,84198,II,MI,1
INFY,FY2026_Q1,INFOSYSNOW INC,Certified,H-1B,.Net  Sharepoint Developer,"Computer Occupations, All Other",63294,I,NJ,1
TCS,FY2026_Q1,TATA CONSULTANCY SERVICES LIMITED,Certified,H-1B,Analyst “ Testing,Software Quality Assurance Analysts and Testers,85030,II,NC,1
TCS,FY2026_Q1,TATA CONSULTANCY SERVICES LIMITED,Certified,H-1B,Technical Lead,Information Technology Project Managers,68682,III,TN,1
TCS,FY2026_Q1,TATA CONSULTANCY SERVICES LIMITED,Certified,H-1B,Developer,Computer Programmers,79602,II,PA,1
TCS,FY2026_Q1,TATA CONSULTANCY SERVICES LIMITED,Certified,H-1B,Developer,Computer Programmers,77418,II,TX,1
TCS,FY2026_Q1,TATA CONSULTANCY SERVICES LIMITED,Certified,H-1B,Analyst,Computer Systems Analysts,106912,II,DC,1
TCS,FY2026_Q1,TATA CONSULTANCY SERVICES LIMITED,Certified,H-1B,Analyst,Computer Systems Analysts,82888,II,PA,1
CTSH,FY2026_Q1,COGNIZANT TECHNOLOGY SOLUTIONS US CORP,Certified,H-1B,SA JC60 - Software Quality Assurance Analysts and Testers,Software Quality Assurance Analysts and Testers,102086,II,NJ,1
CAP,FY2026_Q1,CAPGEMINI AMERICA INC,Certified,H-1B,Programmer/ Developer 3,Computer Programmers,127500,III,IL,1
CTSH,FY2026_Q1,COGNIZANT TECHNOLOGY SOLUTIONS US CORP,Certified,H-1B,Manager JC50 - Computer Systems Engineers/Architects,Computer Systems Engineers/Architects,87755,III,FL,1
CAP,FY2026_Q1,CAPGEMINI AMERICA INC,Certified,H-1B,Project Manager 2,Information Technology Project Managers,95800,II,GA,1
ACN,FY2026_Q1,Accenture LLP,Certified,H-1B,AI LLM Technology Architecture Sr Mgr,Information Technology Project Managers,214900,IV,CT,1
CTSH,FY2026_Q1,COGNIZANT TECHNOLOGY SOLUTIONS US CORP,Certified,H-1B,Mgr. JC50 - Software Quality Assurance Analysts and Testers,Software Quality Assurance Analysts and Testers,124904,III,MD,1
IBM,FY2026_Q1,IBM Corporation,Certified,H-1B,Onsite Technical Lead,Computer Systems Analysts,103917,II,NJ,1
ACN,FY2026_Q1,Accenture LLP,Certified,H-1B,Data Architecture Senior Manager,Information Technology Project Managers,216300,IV,NV,1
ACN,FY2026_Q1,Accenture LLP,Certified,H-1B,Packaged App Development Sr Manager,Software Quality Assurance Analysts and Testers,182600,IV,MI,1
CAP,FY2026_Q1,CAPGEMINI AMERICA INC,Certified,H-1B,Applications Consultant 3,Software Developers,170825,III,TX,1
ACN,FY2026_Q1,Accenture LLP,Certified,H-1B,Custom Software Engineering Manager,Computer Systems Analysts,158400,IV,MN,1
ACN,FY2026_Q1,Accenture LLP,Certified,H-1B,Custom Software Engineering Manager,Computer Systems Analysts,167400,IV,NJ,1
ACN,FY2026_Q1,Accenture LLP,Certified,H-1B,Custom Software Engineering Senior Mgr,Information Technology Project Managers,175700,IV,MO,1
ACN,FY2026_Q1,Accenture LLP,Certified,H-1B,Business Architecture Senior Manager,Information Technology Project Managers,203300,IV,IL,1
ACN,FY2026_Q1,Accenture LLP,Certified,H-1B,Packaged App Development Sr Manager,Software Quality Assurance Analysts and Testers,186500,IV,CT,1
TCS,FY2026_Q1,Tata Consultancy Services Limited,Certified,H-1B,Software Developer,Software Developers,94765,II,KY,1
ACN,FY2026_Q1,Accenture LLP,Certified,H-1B,Packaged App Development Assoc Manager,Computer Systems Analysts,132600,III,VA,1
ACN,FY2026_Q1,Accenture LLP,Certified,H-1B,Data Architecture Manager,Information Technology Project Managers,168200,IV,IL,1
ACN,FY2026_Q1,Accenture LLP,Certified,H-1B,Custom Software Engineering Manager,Computer Systems Analysts,156400,IV,CT,1
HCLTECH,FY2026_Q1,HCL AMERICA INC,Certified,H-1B,Practice Manager Platforms,Management Analysts,180000,IV,NJ,1
LTIM,FY2026_Q1,LTIMindtree Limited,Certified,H-1B,Computer Systems Engineer/Architect,Computer Systems Engineers/Architects,111551,II,WA,1
ACN,FY2026_Q1,Accenture LLP,Certified,H-1B,SW/App/Cloud Tech Support Assoc Manager,Information Technology Project Managers,140837,III,MD,1
ACN,FY2026_Q1,Accenture LLP,Certified,H-1B,Custom Software Engineering Specialist,Computer Programmers,110300,II,OH,1
CTSH,FY2026_Q1,COGNIZANT TECHNOLOGY SOLUTIONS US CORP,Certified,H-1B,Manager JC50 - Computer Systems Engineers/Architects,Computer Systems Engineers/Architects,108514,III,GA,1
ACN,FY2026_Q1,Accenture LLP,Certified,H-1B,Packaged App Development Assoc Manager,Computer Programmers,125900,III,TX,1
ACN,FY2026_Q1,Accenture LLP,Certified,H-1B,Tech Architecture Manager,Computer Systems Analysts,174300,IV,WA,1
ACN,FY2026_Q1,Accenture LLP,Certified,H-1B,Packaged App Development Assoc Manager,Computer Systems Analysts,121800,III,GA,1
IBM,FY2026_Q1,IBM Corporation,Certified,H-1B,Senior Project Manager,Information Technology Project Managers,119704,III,NC,1
CTSH,FY2026_Q1,COGNIZANT TECHNOLOGY SOLUTIONS US CORP,Certified,H-1B,Senior Associate JC60 -Computer Systems Engineers/Architects,Computer Systems Engineers/Architects,81765,II,CT,1
ACN,FY2026_Q1,Accenture LLP,Certified,H-1B,Packaged App Development Assoc Manager,Computer Programmers,128600,III,TX,1
CTSH,FY2026_Q1,COGNIZANT TECHNOLOGY SOLUTIONS US CORP,Certified,H-1B,Manager JC50 - Computer Systems Engineers/Architects,Computer Systems Engineers/Architects,107640,III,IL,1
CAP,FY2026_Q1,CAPGEMINI AMERICA INC,Certified,H-1B,Business Systems Analyst 3,Computer Systems Analysts,128400,III,NC,1
ACN,FY2026_Q1,Accenture LLP,Certified,H-1B,Quality Engineering Associate Manager,Software Quality Assurance Analysts and Testers,113800,III,CT,1
CTSH,FY2026_Q1,COGNIZANT TECHNOLOGY SOLUTIONS US CORP,Certified,H-1B,Mgr. JC50 - Software Quality Assurance Analysts and Testers,Software Quality Assurance Analysts and Testers,102981,III,MI,1
ACN,FY2026_Q1,Accenture LLP,Certified,H-1B,Packaged App Development Assoc Manager,Computer Systems Analysts,128600,III,TX,1
ACN,FY2026_Q1,Accenture LLP,Certified,H-1B,Data Architecture Senior Manager,Information Technology Project Managers,203100,IV,NV,1
CTSH,FY2026_Q1,COGNIZANT TECHNOLOGY SOLUTIONS US CORP,Certified,H-1B,Mgr. JC50 - Software Quality Assurance Analysts and Testers,Software Quality Assurance Analysts and Testers,102981,III,MI,1
ACN,FY2026_Q1,Accenture LLP,Certified,H-1B,Business Architecture Senior Manager,Information Technology Project Managers,201200,IV,MN,1
CTSH,FY2026_Q1,COGNIZANT TECHNOLOGY SOLUTIONS US CORP,Certified,H-1B,Manager JC50 - Computer Systems Engineers/Architects,Computer Systems Engineers/Architects,108514,III,GA,1
LTIM,FY2026_Q1,LTIMindtree Limited,Certified,H-1B,Computer Systems Engineer/Architect,Computer Systems Engineers/Architects,94683,II,NY,1
CTSH,FY2026_Q1,COGNIZANT TECHNOLOGY SOLUTIONS US CORP,Certified,H-1B,Manager JC50 - Computer Systems Engineers/Architects,Computer Systems Engineers/Architects,108514,III,GA,1
CTSH,FY2026_Q1,COGNIZANT TECHNOLOGY SOLUTIONS US CORP,Certified,H-1B,SA JC60 - Software Quality Assurance Analysts and Testers,Software Quality Assurance Analysts and Testers,92810,II,VA,1
ACN,FY2026_Q1,Accenture LLP,Certified,H-1B,"Data Eng, Mgmt & Governance Specialist",Computer Systems Analysts,112600,II,LA,1
CAP,FY2026_Q1,CAPGEMINI AMERICA INC,Certified,H-1B,Applications Consultant 4,Software Developers,154981,IV,VA,1
CTSH,FY2026_Q1,COGNIZANT TECHNOLOGY SOLUTIONS US CORP,Certified,H-1B,SA JC60 - Software Quality Assurance Analysts and Testers,Software Quality Assurance Analysts and Testers,72696,II,PA,1
CTSH,FY2026_Q1,COGNIZANT TECHNOLOGY SOLUTIONS US CORP,Certified,H-1B,Manager JC50 - Computer Systems Engineers/Architects,Computer Systems Engineers/Architects,108514,III,GA,1
CTSH,FY2026_Q1,COGNIZANT TECHNOLOGY SOLUTIONS US CORP,Certified,H-1B,Manager JC50 - Computer Systems Engineers/Architects,Computer Systems Engineers/Architects,115835,III,CA,1
CTSH,FY2026_Q1,COGNIZANT TECHNOLOGY SOLUTIONS US CORP,Certified,H-1B,Manager JC50 - Computer Systems Engineers/Architects,Computer Systems Engineers/Architects,109013,III,CA,1
CTSH,FY2026_Q1,COGNIZANT TECHNOLOGY SOLUTIONS US CORP,Certified,H-1B,Senior Associate JC60 -Computer Systems Engineers/Architects,Computer Systems Engineers/Architects,92581,II,TX,1
CTSH,FY2026_Q1,COGNIZANT TECHNOLOGY SOLUTIONS US CORP,Certified,H-1B,Mgr. JC50 - Software Quality Assurance Analysts and Testers,Software Quality Assurance Analysts and Testers,124904,III,MD,1
ACN,FY2026_Q1,Accenture LLP,Certified,H-1B,Tech Architecture Assoc Manager,Software Developers,135100,III,NC,1
ACN,FY2026_Q1,Accenture LLP,Certified,H-1B,App/Cloud Support Manager,Computer Systems Analysts,139942,IV,NC,1
ACN,FY2026_Q1,Accenture LLP,Certified,H-1B,Packaged App Development Manager,Information Technology Project Managers,140795,IV,NC,1
IBM,FY2026_Q1,IBM Corporation,Certified,H-1B,Technical Team Lead,Computer Programmers,98946,III,TX,1
ACN,FY2026_Q1,Accenture LLP,Certified,H-1B,Packaged App Development Assoc Manager,Computer Systems Analysts,128600,III,PA,1
CAP,FY2026_Q1,CAPGEMINI AMERICA INC,Certified,H-1B,Test Consultant 3,Software Quality Assurance Analysts and Testers,110200,III,IL,1
CTSH,FY2026_Q1,COGNIZANT TECHNOLOGY SOLUTIONS US CORP,Certified,H-1B,Senior Associate JC60 -Computer Systems Engineers/Architects,Computer Systems Engineers/Architects,81765,II,CT,1
CTSH,FY2026_Q1,COGNIZANT TECHNOLOGY SOLUTIONS US CORP,Certified,H-1B,Manager JC50 - Computer Systems Engineers/Architects,Computer Systems Engineers/Architects,107640,III,IL,1
ACN,FY2026_Q1,Accenture LLP,Certified,H-1B,Packaged App Development Manager,Software Quality Assurance Analysts and Testers,145400,IV,MN,1
ACN,FY2026_Q1,Accenture LLP,Certified,H-1B,Data Architecture Senior Manager,Information Technology Project Managers,195400,IV,FL,1
ACN,FY2026_Q1,Accenture LLP,Certified,H-1B,Packaged App Development Manager,Computer Systems Analysts,145400,IV,MN,1
ACN,FY2026_Q1,Accenture LLP,Certified,H-1B,Business Architecture Associate Manager,Software Quality Assurance Analysts and Testers,158800,III,NY,1
INFY,FY2026_Q1,INFOSYS LIMITED,Certified,H-1B,Package Consultant 2,Computer Systems Engineers/Architects,60403,II,FL,1
CTSH,FY2026_Q1,COGNIZANT TECHNOLOGY SOLUTIONS US CORP,Certified,H-1B,SA JC60 - Software Quality Assurance Analysts and Testers,Software Quality Assurance Analysts and Testers,85030,II,NC,1
HCLTECH,FY2026_Q1,HCL AMERICA INC,Certified,H-1B,Lead Consultant,Computer Systems Engineers/Architects,112199,II,TX,1
IBM,FY2026_Q1,IBM Corporation,Certified,H-1B,Software Developer,Software Developers,197012,II,MA,1
CTSH,FY2026_Q1,COGNIZANT TECHNOLOGY SOLUTIONS US CORP,Certified,H-1B,SA JC60 - Software Quality Assurance Analysts and Testers,Software Quality Assurance Analysts and Testers,92810,II,VA,1
CTSH,FY2026_Q1,COGNIZANT TECHNOLOGY SOLUTIONS US CORP,Certified,H-1B,Senior Associate JC60 -Computer Systems Engineers/Architects,Computer Systems Engineers/Architects,82285,II,IN,1
HCLTECH,FY2026_Q1,HCL AMERICA INC,Certified,H-1B,Sr Domain\Technical Architect,Computer Systems Engineers/Architects,127589,III,TX,1
MPHASIS,FY2026_Q1,Mphasis Corporation ,Certified,H-1B,QA TEST ENGINEER II,Software Quality Assurance Analysts and Testers,115000,II,CO,1
INFY,FY2026_Q1,INFOSYS LIMITED,Certified,H-1B,Technology Consultant 2,Computer Systems Engineers/Architects,114795,II,CA,1
CTSH,FY2026_Q1,COGNIZANT TECHNOLOGY SOLUTIONS US CORP,Certified,H-1B,Mgr. JC50 - Software Quality Assurance Analysts and Testers,Software Quality Assurance Analysts and Testers,94994,III,FL,1
CAP,FY2026_Q1,CAPGEMINI AMERICA INC,Certified,H-1B,Test Consultant 2,Software Quality Assurance Analysts and Testers,115260,II,FL,1
INFY,FY2026_Q1,INFOSYS LIMITED,Certified,H-1B,Technology Architect - US,Computer Systems Engineers/Architects,108243,III,TX,5
INFY,FY2026_Q1,"Srivin Infosystems, Inc.",Certified,H-1B,Software Engineer,Computer Programmers,77397,II,OH,1
CTSH,FY2026_Q1,COGNIZANT TECHNOLOGY SOLUTIONS US CORP,Certified,H-1B,Manager JC50 - Computer Systems Engineers/Architects,Computer Systems Engineers/Architects,101504,III,MO,1
CTSH,FY2026_Q1,COGNIZANT TECHNOLOGY SOLUTIONS US CORP,Certified,H-1B,Senior Manager JC45 - Computer Systems Engineers/Architects,Computer Systems Engineers/Architects,135699,IV,FL,1
HCLTECH,FY2026_Q1,HCL AMERICA INC,Certified,H-1B,Program Manager,Information Technology Project Managers,139298,III,WA,1
IBM,FY2026_Q1,IBM Corporation,Certified,H-1B,Consultant - Data Engineering,Software Developers,129996,II,AZ,1
CTSH,FY2026_Q1,COGNIZANT TECHNOLOGY SOLUTIONS US CORP,Certified,H-1B,Mgr. JC50 - Software Quality Assurance Analysts and Testers,Software Quality Assurance Analysts and Testers,90355,III,OH,1
CAP,FY2026_Q1,CAPGEMINI AMERICA INC,Certified,H-1B,Programmer/ Developer 2,Computer Programmers,94664,II,IL,1
INFY,FY2026_Q1,INFOSYS LIMITED,Certified,H-1B,Technology Consultant 2,Computer Systems Engineers/Architects,60000,II,AR,1
INFY,FY2026_Q1,INFOSYS LIMITED,Certified,H-1B,Senior Technology Architect - US,Computer Systems Engineers/Architects,107640,III,IL,1
INFY,FY2026_Q1,INFOSYS LIMITED,Certified,H-1B,Technology Project Lead 1,Information Technology Project Managers,114795,II,CA,1
TCS,FY2026_Q1,TATA CONSULTANCY SERVICES LIMITED,Certified,H-1B,Architect,Computer Systems Engineers/Architects,90210,II,MN,1
CTSH,FY2026_Q1,COGNIZANT TECHNOLOGY SOLUTIONS US CORP,Certified,H-1B,Mgr. JC50 - Software Quality Assurance Analysts and Testers,Software Quality Assurance Analysts and Testers,102107,III,FL,1
INFY,FY2026_Q1,INFOSYS LIMITED,Certified,H-1B,Infrastructure Consultant 2,Network and Computer Systems Administrators,75213,II,KY,5
LTIM,FY2026_Q1,LTIMindtree Limited,Certified,H-1B,Software Quality Assurance Analysts and Testers,Software Quality Assurance Analysts and Testers,71615,II,IL,1
CTSH,FY2026_Q1,COGNIZANT TECHNOLOGY SOLUTIONS US CORP,Certified,H-1B,Senior Manager JC45 - Computer Systems Engineers/Architects,Computer Systems Engineers/Architects,130562,IV,GA,1
TECHM,FY2026_Q1,"TECH MAHINDRA (AMERICAS), INC",Certified,H-1B,Systems Administrator,Network and Computer Systems Administrators,120329,II,GA,1
CTSH,FY2026_Q1,COGNIZANT TECHNOLOGY SOLUTIONS US CORP,Certified,H-1B,Senior Associate JC60 -Document Management Specialists,Document Management Specialists,100000,II,IL,1
WIT,FY2026_Q1,WIPRO LIMITED,Certified,H-1B,Techno Functional Consultant L1,Computer Systems Analysts,88483,II,AZ,3
WIT,FY2026_Q1,WIPRO LIMITED,Certified,H-1B,Technical Lead L1,Computer Programmers,79602,II,NJ,6
WIT,FY2026_Q1,WIPRO LIMITED,Certified,H-1B,Technology Architect L1,Computer Systems Engineers/Architects,86400,II,MI,1
INFY,FY2026_Q1,INFOSYS LIMITED,Certified,H-1B,Package Consultant 2,Computer Systems Engineers/Architects,94952,II,NC,1
LTIM,FY2026_Q1,LTIMindtree Limited,Certified,H-1B,Senior Specialist - Software Engineering,Computer Systems Engineers/Architects,145000,II,WA,1
MPHASIS,FY2026_Q1,Mphasis Corporation,Certified,H-1B,Software Engineer,Computer Programmers,153000,II,CA,1
WIT,FY2026_Q1,WIPRO LIMITED,Certified,H-1B,Techno Functional Consultant L3,Computer Systems Analysts,100000,III,TN,1
IBM,FY2026_Q1,IBM Corporation,Certified,H-1B,Technical Support Professional “ Cloud Pak for Data,Software Developers,216320,II,CA,1
CTSH,FY2026_Q1,COGNIZANT TECHNOLOGY SOLUTIONS US CORP,Certified,H-1B,SA JC60 - Software Quality Assurance Analysts and Testers,Software Quality Assurance Analysts and Testers,88088,II,IL,1
INFY,FY2026_Q1,INFOSYS LIMITED,Certified,H-1B,Infrastructure Consultant 2,Database Administrators,89398,II,TX,1
WIT,FY2026_Q1,WIPRO LIMITED,Certified,H-1B,Technical Lead L1,Computer Programmers,76315,II,TX,6
INFY,FY2026_Q1,INFOSYS LIMITED,Certified,H-1B,Senior Technology Architect - US,Computer Systems Engineers/Architects,118456,III,TX,1
CTSH,FY2026_Q1,COGNIZANT TECHNOLOGY SOLUTIONS US CORP,Certified,H-1B,Senior Manager JC45 - Computer Systems Engineers/Architects,Computer Systems Engineers/Architects,123240,IV,MO,1
CTSH,FY2026_Q1,COGNIZANT TECHNOLOGY SOLUTIONS US CORP,Certified,H-1B,Senior Manager JC45 - Computer Systems Engineers/Architects,Computer Systems Engineers/Architects,158974,IV,NJ,1
IBM,FY2026_Q1,IBM Corporation,Certified,H-1B,Cloud Senior Developer,Software Developers,115758,II,WV,1
INFY,FY2026_Q1,INFOSYS LIMITED,Certified,H-1B,Technology Consultant 2,Computer Systems Engineers/Architects,92581,II,TX,1
TCS,FY2026_Q1,Tata Consultancy Services Limited,Certified,H-1B,Architect,Computer Systems Engineers/Architects,89773,II,NJ,1
MPHASIS,FY2026_Q1,Mphasis Corporation ,Certified,H-1B,SYSTEMS ARCHITECT II,Computer Systems Engineers/Architects,120629,II,WI,1
INFY,FY2026_Q1,INFOSYS LIMITED,Certified,H-1B,Senior Technology Architect - US,Computer Systems Engineers/Architects,118456,III,TX,5
CTSH,FY2026_Q1,COGNIZANT TECHNOLOGY SOLUTIONS US CORP,Certified,H-1B,Manager JC50 - Computer Systems Engineers/Architects,Computer Systems Engineers/Architects,126818,III,NJ,1
WIT,FY2026_Q1,WIPRO LIMITED,Certified,H-1B,Project Manager L1,Information Technology Project Managers,90501,II,MA,4
WIT,FY2026_Q1,WIPRO LIMITED,Certified,H-1B,Techno Functional Consultant L2,Computer Systems Analysts,106330,II,WA,4
IBM,FY2026_Q1,IBM Corporation,Certified,H-1B,Senior Technical Program Manager,Information Technology Project Managers,169263,II,AZ,1
CTSH,FY2026_Q1,COGNIZANT TECHNOLOGY SOLUTIONS US CORP,Certified,H-1B,Manager JC50 - Computer Systems Engineers/Architects,Computer Systems Engineers/Architects,101504,III,MO,1
MPHASIS,FY2026_Q1,Mphasis Corporation,Certified,H-1B,Software Architect,Computer Systems Engineers/Architects,138000,II,GA,1
CTSH,FY2026_Q1,COGNIZANT TECHNOLOGY SOLUTIONS US CORP,Certified,H-1B,Manager JC50 - Computer Systems Engineers/Architects,Computer Systems Engineers/Architects,150405,III,CA,1
TECHM,FY2026_Q1,"TECH MAHINDRA (AMERICAS), INC",Certified,H-1B,Technical Consultant,Software Developers,130021,II,MO,1
CTSH,FY2026_Q1,COGNIZANT TECHNOLOGY SOLUTIONS US CORP,Certified,H-1B,Manager JC50 - Information Technology Project Managers,Information Technology Project Managers,99341,III,OH,1
CTSH,FY2026_Q1,COGNIZANT TECHNOLOGY SOLUTIONS US CORP,Certified,H-1B,Mgr. JC50 - Software Quality Assurance Analysts and Testers,Software Quality Assurance Analysts and Testers,102669,III,NC,1
CTSH,FY2026_Q1,COGNIZANT TECHNOLOGY SOLUTIONS US CORP,Certified,H-1B,SA JC60 - Software Quality Assurance Analysts and Testers,Software Quality Assurance Analysts and Testers,91374,II,TX,1
MPHASIS,FY2026_Q1,Mphasis Corporation ,Certified,H-1B,SOFTWARE PROGRAMMER II,Computer Programmers,84211,II,OH,1
TCS,FY2026_Q1,TATA CONSULTANCY SERVICES LIMITED,Certified,H-1B,Architect,Computer Systems Engineers/Architects,90210,II,MN,1
IBM,FY2026_Q1,IBM Corporation,Certified,H-1B,Application Developer,Software Developers,203137,IV,NJ,1
INFY,FY2026_Q1,INFOSYS LIMITED,Certified,H-1B,Technology Consultant 2,Computer Systems Engineers/Architects,86445,II,GA,5
INFY,FY2026_Q1,INFOSYS LIMITED,Certified,H-1B,Technology Consultant 2,Computer Systems Engineers/Architects,86445,II,GA,5
MPHASIS,FY2026_Q1,Mphasis Corporation ,Certified,H-1B,Software Programmer II,Computer Programmers,130500,II,CA,1
CAP,FY2026_Q1,CAPGEMINI AMERICA INC,Certified,H-1B,Applications Consultant 3,Software Developers,130707,III,IL,1
INFY,FY2026_Q1,INFOSYS LIMITED,Certified,H-1B,Technology Consultant 2,Computer Systems Engineers/Architects,94952,II,NC,1
TCS,FY2026_Q1,TATA CONSULTANCY SERVICES LIMITED,Certified,H-1B,Architect,Computer Systems Engineers/Architects,92394,II,DE,1
INFY,FY2026_Q1,INFOSYS LIMITED,Certified,H-1B,Technology Consultant 2,Computer Systems Engineers/Architects,92581,II,TX,5
WIT,FY2026_Q1,WIPRO LIMITED,Certified,H-1B,Program Manager L1,Information Technology Project Managers,119933,III,TX,1
CTSH,FY2026_Q1,COGNIZANT TECHNOLOGY SOLUTIONS US CORP,Certified,H-1B,Sr. Mgr. JC45 - Information Technology Project Managers,Information Technology Project Managers,126339,IV,CT,1
CTSH,FY2026_Q1,COGNIZANT TECHNOLOGY SOLUTIONS US CORP,Certified,H-1B,Mgr. JC50 - Software Quality Assurance Analysts and Testers,Software Quality Assurance Analysts and Testers,110198,III,TX,1
MPHASIS,FY2026_Q1,Mphasis Corporation,Certified,H-1B,Software Engineer,Computer Programmers,180000,II,CA,1
INFY,FY2026_Q1,INFOSYS LIMITED,Certified,H-1B,Technology Consultant 2,Computer Systems Engineers/Architects,118310,II,DC,1
MPHASIS,FY2026_Q1,Mphasis Corporation,Certified,H-1B,QA Test Engineer II,Software Quality Assurance Analysts and Testers,90260,II,PA,1
MPHASIS,FY2026_Q1,Mphasis Corporation,Certified,H-1B,Software Engineer,Information Technology Project Managers,180000,II,CA,1
INFY,FY2026_Q1,INFOSYS LIMITED,Certified,H-1B,Associate Manager - Experience Design,Information Technology Project Managers,158974,IV,NJ,1
IBM,FY2026_Q1,IBM Corporation,Certified,H-1B,Technical Architect,Software Developers,142162,II,TX,1
IBM,FY2026_Q1,IBM Corporation,Certified,H-1B,Application Support Manager,Information Technology Project Managers,168747,IV,GA,1
MPHASIS,FY2026_Q1,Mphasis Corporation,Certified,H-1B,Software Architect,Computer Systems Engineers/Architects,150800,II,MO,1
INFY,FY2026_Q1,INFOSYS LIMITED,Certified,H-1B,Technology Consultant 2,Computer Systems Engineers/Architects,81765,II,CT,1
CTSH,FY2026_Q1,COGNIZANT TECHNOLOGY SOLUTIONS US CORP,Certified,H-1B,Manager JC50 - Computer Systems Engineers/Architects,Computer Systems Engineers/Architects,101504,III,MO,1
CTSH,FY2026_Q1,COGNIZANT TECHNOLOGY SOLUTIONS US CORP,Certified,H-1B,Manager JC50 - Computer Systems Engineers/Architects,Computer Systems Engineers/Architects,150405,III,CA,1
INFY,FY2026_Q1,INFOSYS LIMITED,Certified,H-1B,Principal - Business Consulting,Management Analysts,125798,IV,IN,5
WIT,FY2026_Q1,WIPRO LIMITED,Certified,H-1B,Program Manager L1,Information Technology Project Managers,86400,II,MI,1
CTSH,FY2026_Q1,COGNIZANT TECHNOLOGY SOLUTIONS US CORP,Certified,H-1B,Senior Manager JC45 - Computer Systems Engineers/Architects,Computer Systems Engineers/Architects,135699,IV,FL,1
INFY,FY2026_Q1,INFOSYS LIMITED,Certified,H-1B,Engineering Consultant 2,"Electronics Engineers, Except Computer",98675,II,PA,1
CAP,FY2026_Q1,CAPGEMINI AMERICA INC,Certified,H-1B,Programmer/ Developer 2,Computer Programmers,107000,II,NJ,1
CTSH,FY2026_Q1,COGNIZANT TECHNOLOGY SOLUTIONS US CORP,Certified,H-1B,Senior Manager JC45 - Computer Systems Engineers/Architects,Computer Systems Engineers/Architects,130562,IV,GA,1
WIT,FY2026_Q1,WIPRO LIMITED,Certified,H-1B,VLSI Lead L1,"Electronics Engineers, Except Computer",110656,II,TX,1
TCS,FY2026_Q1,TATA CONSULTANCY SERVICES LIMITED,Certified,H-1B,Architect,Computer Systems Engineers/Architects,111550,II,WA,1
CTSH,FY2026_Q1,COGNIZANT TECHNOLOGY SOLUTIONS US CORP,Certified,H-1B,Senior Associate JC60 -Computer Systems Engineers/Architects,Computer Systems Engineers/Architects,86798,II,NC,1
CTSH,FY2026_Q1,COGNIZANT TECHNOLOGY SOLUTIONS US CORP,Certified,H-1B,Mgr. JC50 - Software Quality Assurance Analysts and Testers,Software Quality Assurance Analysts and Testers,110198,III,TX,1
INFY,FY2026_Q1,INFOSYS LIMITED,Certified,H-1B,Program Manager - US,Information Technology Project Managers,144144,IV,AZ,1
CTSH,FY2026_Q1,COGNIZANT TECHNOLOGY SOLUTIONS US CORP,Certified,H-1B,Senior Associate JC60 -Computer Systems Engineers/Architects,Computer Systems Engineers/Architects,82846,II,IL,1
TECHM,FY2026_Q1,"TECH MAHINDRA (AMERICAS), INC",Certified,H-1B,Systems Administrator,Network and Computer Systems Administrators,99910,II,GA,1
CTSH,FY2026_Q1,COGNIZANT TECHNOLOGY SOLUTIONS US CORP,Certified,H-1B,Sr. Mgr. JC45 - Information Technology Project Managers,Information Technology Project Managers,126339,IV,CT,1
INFY,FY2026_Q1,INFOSYS LIMITED,Certified,H-1B,Infrastructure Project Lead 2,Information Technology Project Managers,117582,III,PA,1
CAP,FY2026_Q1,CAPGEMINI AMERICA INC,Certified,H-1B,Business Analyst 3,Management Analysts,125000,III,OH,1
CTSH,FY2026_Q1,COGNIZANT TECHNOLOGY SOLUTIONS US CORP,Certified,H-1B,Senior Manager JC45 - Computer Systems Engineers/Architects,Computer Systems Engineers/Architects,130562,IV,GA,1
CAP,FY2026_Q1,CAPGEMINI AMERICA INC,Certified,H-1B,Programmer/ Developer 2,Computer Programmers,92453,II,TX,1
CTSH,FY2026_Q1,COGNIZANT TECHNOLOGY SOLUTIONS US CORP,Certified,H-1B,Manager JC50 - Computer Systems Engineers/Architects,Computer Systems Engineers/Architects,104062,III,CT,1
IBM,FY2026_Q1,IBM Corporation,Certified,H-1B,Digital Sales Account Executive,Sales Engineers,171450,II,TX,1
IBM,FY2026_Q1,IBM Corporation,Certified,H-1B,Product Manager,Software Quality Assurance Analysts and Testers,134216,III,WI,1
CTSH,FY2026_Q1,COGNIZANT TECHNOLOGY SOLUTIONS US CORP,Certified,H-1B,Manager JC50 - Computer Systems Engineers/Architects,Computer Systems Engineers/Architects,110157,III,MN,1
LTIM,FY2026_Q1,LTIMindtree Limited,Certified,H-1B,Information Technology Project Managers,Information Technology Project Managers,81766,II,CT,1
CTSH,FY2026_Q1,COGNIZANT TECHNOLOGY SOLUTIONS US CORP,Certified,H-1B,Senior Associate JC60 -Document Management Specialists,Document Management Specialists,100000,II,IL,1
INFY,FY2026_Q1,INFOSYS LIMITED,Certified,H-1B,Package Consultant 2,Computer Systems Engineers/Architects,92581,II,TX,5
INFY,FY2026_Q1,INFOSYS LIMITED,Certified,H-1B,Domain Project Lead 2,Project Management Specialists,104790,III,FL,5
IBM,FY2026_Q1,IBM Corporation,Certified,H-1B,Application Developer,Information Technology Project Managers,111671,IV,TN,1
TECHM,FY2026_Q1,"TECH MAHINDRA (AMERICAS), INC",Certified,H-1B,"Software Developer, Systems Software",Software Developers,97386,II,MO,1
CTSH,FY2026_Q1,COGNIZANT TECHNOLOGY SOLUTIONS US CORP,Certified,H-1B,Manager JC50 - Computer Systems Engineers/Architects,Computer Systems Engineers/Architects,104062,III,CT,1
CTSH,FY2026_Q1,COGNIZANT TECHNOLOGY SOLUTIONS US CORP,Certified,H-1B,Manager JC50 - Computer Systems Engineers/Architects,Computer Systems Engineers/Architects,119704,III,NC,1
CTSH,FY2026_Q1,COGNIZANT TECHNOLOGY SOLUTIONS US CORP,Certified,H-1B,SA JC60 - Network and Computer Systems Administrators,Network and Computer Systems Administrators,109970,II,CA,1
HCLTECH,FY2026_Q1,HCL AMERICA INC,Certified,H-1B,Technical Architect,Computer Systems Engineers/Architects,122659,II,WA,1
IBM,FY2026_Q1,IBM Corporation,Certified,H-1B,Account Technical Leader,Computer and Information Systems Managers,280132,IV,TX,1
HCLTECH,FY2026_Q1,HCL AMERICA INC,Certified,H-1B,Senior Business Analyst,Computer Systems Engineers/Architects,118500,II,VA,1
INFY,FY2026_Q1,INFOSYS LIMITED,Certified,H-1B,Technology Consultant 2,Computer Systems Engineers/Architects,92581,II,TX,5
IBM,FY2026_Q1,IBM Corporation,Certified,H-1B,"Consultant, Data Engineering",Software Developers,129996,II,AZ,1
CTSH,FY2026_Q1,COGNIZANT TECHNOLOGY SOLUTIONS US CORP,Certified,H-1B,Manager JC50 - Computer Systems Engineers/Architects,Computer Systems Engineers/Architects,78354,III,TN,1
CTSH,FY2026_Q1,COGNIZANT TECHNOLOGY SOLUTIONS US CORP,Certified,H-1B,Senior Manager JC45 - Computer Systems Engineers/Architects,Computer Systems Engineers/Architects,158974,IV,NJ,1
CTSH,FY2026_Q1,COGNIZANT TECHNOLOGY SOLUTIONS US CORP,Certified,H-1B,Mgr. JC50 - Software Quality Assurance Analysts and Testers,Software Quality Assurance Analysts and Testers,85259,III,TX,1
INFY,FY2026_Q1,INFOSYS LIMITED,Certified,H-1B,Technology Consultant 2,Computer Systems Engineers/Architects,94952,II,NC,1
CTSH,FY2026_Q1,COGNIZANT TECHNOLOGY SOLUTIONS US CORP,Certified,H-1B,Sr Mgr JC45-Software Quality Assurance Analysts and Testers,Software Quality Assurance Analysts and Testers,132912,IV,CA,1
INFY,FY2026_Q1,INFOSYS LIMITED,Certified,H-1B,Engineering Project Lead 1,Aerospace Engineers,138965,II,WA,1
TCS,FY2026_Q1,TATA CONSULTANCY SERVICES LIMITED,Certified,H-1B,USER INTERFACE DESIGNER,Web and Digital Interface Designers,68125,II,FL,1
CTSH,FY2026_Q1,COGNIZANT TECHNOLOGY SOLUTIONS US CORP,Certified,H-1B,Manager JC50 - Information Technology Project Managers,Information Technology Project Managers,126818,III,NJ,1
CTSH,FY2026_Q1,COGNIZANT TECHNOLOGY SOLUTIONS US CORP,Certified,H-1B,Mgr. JC50 - Software Quality Assurance Analysts and Testers,Software Quality Assurance Analysts and Testers,102669,III,NC,1
DXC,FY2026_Q1,"AvidXchange, Inc.",Certified,H-1B,Principal Database Engineer,Software Developers,169000,IV,NC,1
CTSH,FY2026_Q1,COGNIZANT TECHNOLOGY SOLUTIONS US CORP,Certified,H-1B,Manager JC50 - Computer Systems Engineers/Architects,Computer Systems Engineers/Architects,116251,III,NJ,1
IBM,FY2026_Q1,IBM Corporation,Certified,H-1B,Application Architect,Software Developers,180353,IV,MD,1
INFY,FY2026_Q1,INFOSYS LIMITED,Certified,H-1B,Engineering Consultant 2,"Electronics Engineers, Except Computer",98675,II,PA,1
INFY,FY2026_Q1,INFOSYS LIMITED,Certified,H-1B,Technology Consultant 2,Computer Systems Engineers/Architects,86445,II,GA,1
INFY,FY2026_Q1,INFOSYS LIMITED,Certified,H-1B,Engineering Consultant 2- Network,Computer Systems Engineers/Architects,92581,II,TX,1
IBM,FY2026_Q1,IBM Corporation,Certified,H-1B,Firmware Developer,Software Developers,133968,II,NY,1
TCS,FY2026_Q1,Tata Consultancy Services Limited,Certified,H-1B,Analyst - Testing,Software Quality Assurance Analysts and Testers,86466,II,OR,1
MPHASIS,FY2026_Q1,Mphasis Corporation,Certified,H-1B,Software Engineer,Information Technology Project Managers,180000,II,CA,1
CTSH,FY2026_Q1,COGNIZANT TECHNOLOGY SOLUTIONS US CORP,Certified,H-1B,Sr Mgr JC45-Software Quality Assurance Analysts and Testers,Software Quality Assurance Analysts and Testers,124946,IV,CA,1
INFY,FY2026_Q1,INFOSYS LIMITED,Certified,H-1B,Technology Consultant 3,Computer Systems Engineers/Architects,118456,III,TX,1
CAP,FY2026_Q1,CAPGEMINI AMERICA INC,Certified,H-1B,Applications Consultant 3,Software Developers,131206,III,VA,1
TCS,FY2026_Q1,TATA CONSULTANCY SERVICES LIMITED,Certified,H-1B,Architect,Computer Systems Engineers/Architects,111800,IV,KY,1
IBM,FY2026_Q1,IBM Corporation,Certified,H-1B,Back-End Developer,Software Developers,162705,II,TX,1
WIT,FY2026_Q1,WIPRO LIMITED,Certified,H-1B,Technical Lead L1,Computer Programmers,77418,II,TX,3
HCLTECH,FY2026_Q1,HCL AMERICA INC,Certified,H-1B,DU Head 2 (Market aligned),Information Technology Project Managers,185994,IV,CA,1
CTSH,FY2026_Q1,COGNIZANT TECHNOLOGY SOLUTIONS US CORP,Certified,H-1B,Manager JC50 - Computer Systems Engineers/Architects,Computer Systems Engineers/Architects,126818,III,NJ,1
WIT,FY2026_Q1,WIPRO LIMITED,Certified,H-1B,Project Lead L1,Information Technology Project Managers,84219,II,PA,4
CTSH,FY2026_Q1,COGNIZANT TECHNOLOGY SOLUTIONS US CORP,Certified,H-1B,Manager JC50 - Computer Systems Engineers/Architects,Computer Systems Engineers/Architects,101504,III,MO,1
CAP,FY2026_Q1,CAPGEMINI AMERICA INC,Certified,H-1B,Applications Consultant 3,Software Developers,134971,III,TX,1
WIT,FY2026_Q1,WIPRO LIMITED,Certified,H-1B,Developer L3,Computer Programmers,76315,II,TX,1
CTSH,FY2026_Q1,COGNIZANT TECHNOLOGY SOLUTIONS US CORP,Certified,H-1B,Senior Manager JC45 - Computer Systems Engineers/Architects,Computer Systems Engineers/Architects,123240,IV,MO,1
CAP,FY2026_Q1,CAPGEMINI AMERICA INC,Certified,H-1B,Applications Consultant 3,Software Developers,137548,III,GA,1
CTSH,FY2026_Q1,COGNIZANT TECHNOLOGY SOLUTIONS US CORP,Certified,H-1B,Manager JC50 - Computer Systems Engineers/Architects,Computer Systems Engineers/Architects,110157,III,MN,1
TCS,FY2026_Q1,Tata Consultancy Services Limited,Certified,H-1B,Technical Lead,Information Technology Project Managers,110157,III,MN,1
TECHM,FY2026_Q1,"TECH MAHINDRA (AMERICAS), INC",Certified,H-1B,Project Manager,Project Management Specialists,163000,II,CA,1
CTSH,FY2026_Q1,COGNIZANT TECHNOLOGY SOLUTIONS US CORP,Certified,H-1B,Senior Associate JC60 -Computer Systems Engineers/Architects,Computer Systems Engineers/Architects,90210,II,MN,1
CAP,FY2026_Q1,Capgemini America Inc,Certified,H-1B,Project Manager 4,Information Technology Project Managers,163098,IV,IL,1
HCLTECH,FY2026_Q1,HCL AMERICA INC,Certified,H-1B,Senior Test Specialist,Software Quality Assurance Analysts and Testers,144026,II,CA,1
CTSH,FY2026_Q1,COGNIZANT TECHNOLOGY SOLUTIONS US CORP,Certified,H-1B,SA JC60 - Software Quality Assurance Analysts and Testers,Software Quality Assurance Analysts and Testers,91374,II,TX,1
WIT,FY2026_Q1,WIPRO LIMITED,Certified,H-1B,Solution Architect L1,Computer Systems Engineers/Architects,86400,II,KY,1
IBM,FY2026_Q1,IBM Corporation,Certified,H-1B,Technical Lead,Computer Systems Analysts,127234,III,NY,1
INFY,FY2026_Q1,INFOSYS LIMITED,Certified,H-1B,Technology Architect - US,Computer Systems Engineers/Architects,108243,III,TX,5
CTSH,FY2026_Q1,COGNIZANT TECHNOLOGY SOLUTIONS US CORP,Certified,H-1B,Senior Manager JC45 - Data Scientists,Data Scientists,131206,IV,ID,1
CTSH,FY2026_Q1,COGNIZANT TECHNOLOGY SOLUTIONS US CORP,Certified,H-1B,SA JC60 - Software Quality Assurance Analysts and Testers,Software Quality Assurance Analysts and Testers,87360,II,PA,1
TCS,FY2026_Q1,TATA CONSULTANCY SERVICES LIMITED,Certified,H-1B,System Administrator,Network and Computer Systems Administrators,90730,II,NC,1
CAP,FY2026_Q1,CAPGEMINI AMERICA INC,Certified,H-1B,Data Analyst 2,Data Warehousing Specialists,125300,II,CA,1
CTSH,FY2026_Q1,COGNIZANT TECHNOLOGY SOLUTIONS US CORP,Certified,H-1B,Mgr. JC50 - Software Quality Assurance Analysts and Testers,Software Quality Assurance Analysts and Testers,103002,III,TX,1
CTSH,FY2026_Q1,COGNIZANT TECHNOLOGY SOLUTIONS US CORP,Certified,H-1B,Mgr. JC50 - Software Quality Assurance Analysts and Testers,Software Quality Assurance Analysts and Testers,90355,III,OH,1
CAP,FY2026_Q1,Capgemini America Inc,Certified,H-1B,Applications Consultant 3,Software Developers,125911,III,FL,1
INFY,FY2026_Q1,INFOSYS LIMITED,Certified,H-1B,Technology Consultant 2,Computer Systems Engineers/Architects,69451,II,WI,5
WIT,FY2026_Q1,WIPRO LIMITED,Certified,H-1B,Techno Functional Consultant L1,Computer Systems Analysts,115170,II,WA,1
WIT,FY2026_Q1,WIPRO LIMITED,Certified,H-1B,Techno Functional Consultant L3,Computer Systems Analysts,161179,III,CA,4
INFY,FY2026_Q1,INFOSYS LIMITED,Certified,H-1B,Technology Consultant 2,Computer Systems Engineers/Architects,92394,II,DE,1
INFY,FY2026_Q1,INFOSYS LIMITED,Certified,H-1B,Technology Consultant 3,Computer Systems Engineers/Architects,107640,III,IL,1
MPHASIS,FY2026_Q1,Mphasis Corporation,Certified,H-1B,Software Programmer II,Computer Programmers,99200,II,TX,1
CTSH,FY2026_Q1,COGNIZANT TECHNOLOGY SOLUTIONS US CORP,Certified,H-1B,SA JC60 - Software Quality Assurance Analysts and Testers,Software Quality Assurance Analysts and Testers,85030,II,NC,1
INFY,FY2026_Q1,INFOSYS LIMITED,Certified,H-1B,Engineering Consultant 3,Aerospace Engineers,111405,III,OK,1
CTSH,FY2026_Q1,COGNIZANT TECHNOLOGY SOLUTIONS US CORP,Certified,H-1B,SA JC60 - Network and Computer Systems Administrators,Network and Computer Systems Administrators,107578,II,CA,1
INFY,FY2026_Q1,INFOSYS LIMITED,Certified,H-1B,Senior Technical Manager - US,Information Technology Project Managers,126339,IV,CT,5
IBM,FY2026_Q1,IBM Corporation,Certified,H-1B,Senior Technical Staff Member,Software Developers,263193,IV,MA,1
CTSH,FY2026_Q1,COGNIZANT TECHNOLOGY SOLUTIONS US CORP,Certified,H-1B,Manager JC50 - Computer Systems Engineers/Architects,Computer Systems Engineers/Architects,118851,III,AZ,1
DXC,FY2026_Q1,"AvidXchange, Inc.",Certified,H-1B,Business Insights Developer II,Software Developers,116000,I,CA,1
INFY,FY2026_Q1,INFOSYS LIMITED,Certified,H-1B,Technology Project Lead 2,Information Technology Project Managers,126256,III,NC,1
WIT,FY2026_Q1,WIPRO LIMITED,Certified,H-1B,Techno Functional Consultant L2,Computer Systems Analysts,103917,II,NJ,4
CTSH,FY2026_Q1,COGNIZANT TECHNOLOGY SOLUTIONS US CORP,Certified,H-1B,Senior Associate JC60 -Computer Systems Engineers/Architects,Computer Systems Engineers/Architects,82846,II,IL,1
CTSH,FY2026_Q1,COGNIZANT TECHNOLOGY SOLUTIONS US CORP,Certified,H-1B,Mgr. JC50 - Software Quality Assurance Analysts and Testers,Software Quality Assurance Analysts and Testers,103002,III,TX,1
CAP,FY2026_Q1,CAPGEMINI AMERICA INC,Certified,H-1B,Applications Consultant 3,Software Developers,134921,III,IL,1
TECHM,FY2026_Q1,"TECH MAHINDRA (AMERICAS), INC",Certified,H-1B,Software Engineer,Software Developers,130187,II,CA,1
IBM,FY2026_Q1,IBM Corporation,Certified,H-1B,Engineer Lead,Software Developers,178801,IV,GA,1
INFY,FY2026_Q1,INFOSYS LIMITED,Certified,H-1B,Technology Consultant 2,Computer Systems Engineers/Architects,111550,II,WA,1
MPHASIS,FY2026_Q1,Mphasis Corporation,Certified,H-1B,Test Engineer,Software Quality Assurance Analysts and Testers,113500,II,TX,1
INFY,FY2026_Q1,INFOSYS LIMITED,Certified,H-1B,Technology Consultant 2,Computer Systems Engineers/Architects,111550,II,WA,5
IBM,FY2026_Q1,IBM Global Systems Inc,Certified,H-1B,Software Engineer,Software Developers,112923,II,TX,1
G,FY2026_Q1,Genpact LLC,Certified - Withdrawn,H-1B,Senior Principal Consultant,Software Developers,150000,III,CA,1
WIT,FY2026_Q1,WIPRO LIMITED,Certified - Withdrawn,H-1B,Techno Functional Consultant L3,Computer Systems Analysts,103688,III,OH,3
WIT,FY2026_Q1,WIPRO LIMITED,Certified - Withdrawn,H-1B,Technical Writer L4,"Computer Occupations, All Other",105560,II,CA,1
WIT,FY2026_Q1,WIPRO LIMITED,Certified - Withdrawn,H-1B,Test Engineer L4,Software Quality Assurance Analysts and Testers,86923,II,TX,1
WIT,FY2026_Q1,WIPRO LIMITED,Certified - Withdrawn,H-1B,Cyber Security Architect L2,Information Security Analysts,105893,III,MO,1
WIT,FY2026_Q1,WIPRO LIMITED,Certified - Withdrawn,H-1B,Infrastructure Architect L1,Computer Systems Engineers/Architects,86400,II,TX,1
WIT,FY2026_Q1,"Wipro VLSI Design Services, LLC",Certified - Withdrawn,H-1B,VLSI Engineer L3,"Electronics Engineers, Except Computer",151091,II,CA,1
WIT,FY2026_Q1,WIPRO LIMITED,Certified - Withdrawn,H-1B,Account Delivery Head (ADH) L3,General and Operations Managers,132954,III,TX,1
WIT,FY2026_Q1,WIPRO LIMITED,Certified - Withdrawn,H-1B,Architect Level 2,Computer Systems Engineers/Architects,86400,II,TX,1
WIT,FY2026_Q1,WIPRO LIMITED,Certified - Withdrawn,H-1B,Project Manager L1,Information Technology Project Managers,95742,II,OH,1
WIT,FY2026_Q1,WIPRO LIMITED,Certified - Withdrawn,H-1B,Application Architect L1,Computer Systems Engineers/Architects,86400,II,KY,1
WIT,FY2026_Q1,WIPRO LIMITED,Certified - Withdrawn,H-1B,Techno Functional Consultant L2,Computer Systems Analysts,89773,II,FL,1
WIT,FY2026_Q1,WIPRO LIMITED,Certified - Withdrawn,H-1B,Test Engineer L3,Software Quality Assurance Analysts and Testers,86923,II,TX,1
WIT,FY2026_Q1,WIPRO LIMITED,Certified - Withdrawn,H-1B,Domain Consultant L3,Management Analysts,90958,II,NC,1
WIT,FY2026_Q1,WIPRO LIMITED,Certified - Withdrawn,H-1B,Solution Architect L1,Computer Systems Engineers/Architects,132579,II,CA,1
WIT,FY2026_Q1,WIPRO LIMITED,Certified - Withdrawn,H-1B,Technical Lead L1,Computer Programmers,91333,II,OR,1
WIT,FY2026_Q1,WIPRO LIMITED,Certified - Withdrawn,H-1B,Infrastructure Domain Architect L2,Computer Systems Engineers/Architects,86400,II,TX,3
WIT,FY2026_Q1,WIPRO LIMITED,Certified - Withdrawn,H-1B,Developer L4,Computer Programmers,79706,II,IL,1
WIT,FY2026_Q1,WIPRO LIMITED,Certified - Withdrawn,H-1B,Application Architect L1,Computer Systems Engineers/Architects,86400,II,MO,1
WIT,FY2026_Q1,WIPRO LIMITED,Certified - Withdrawn,H-1B,Application Architect L1,Computer Systems Engineers/Architects,88150,II,IL,1
WIT,FY2026_Q1,WIPRO LIMITED,Certified - Withdrawn,H-1B,Program Manager L1,Information Technology Project Managers,103875,III,AZ,1
WIT,FY2026_Q1,WIPRO LIMITED,Certified - Withdrawn,H-1B,Techno Functional Consultant L1,Computer Systems Analysts,89898,II,MI,1
WIT,FY2026_Q1,WIPRO LIMITED,Certified - Withdrawn,H-1B,Techno Functional Consultant L2,Computer Systems Analysts,95597,II,TX,1
WIT,FY2026_Q1,WIPRO LIMITED,Certified - Withdrawn,H-1B,Test Engineer L4,Software Quality Assurance Analysts and Testers,86320,II,TX,3
WIT,FY2026_Q1,WIPRO LIMITED,Withdrawn,H-1B,Techno Functional Consultant L1,Computer Systems Analysts,118136,II,TX,1
TCS,FY2026_Q1,Tata Consultancy Services Limited,Withdrawn,H-1B,Technical Lead,Information Technology Project Managers,78749,II,CA,1
MPHASIS,FY2026_Q1,Mphasis Corporation,Certified,H-1B,Database Administrator,Database Administrators,140000,II,CA,1
TCS,FY2026_Q1,TATA CONSULTANCY SERVICES LIMITED,Certified,H-1B,DEVELOPER,Computer Programmers,76315,II,TX,1
CTSH,FY2026_Q1,COGNIZANT TECHNOLOGY SOLUTIONS US CORP,Certified,H-1B,Manager JC50 - Computer Systems Engineers/Architects,Computer Systems Engineers/Architects,128419,III,MD,1
CTSH,FY2026_Q1,COGNIZANT TECHNOLOGY SOLUTIONS US CORP,Certified,H-1B,Manager JC50 - Computer Systems Engineers/Architects,Computer Systems Engineers/Architects,101941,III,NC,1
INFY,FY2026_Q1,INFOSYS LIMITED,Certified,H-1B,Technology Consultant 2,Computer Systems Engineers/Architects,86798,II,NC,5
LTIM,FY2026_Q1,LTIMINDTREE Limited,Certified,H-1B,Information Technology Project Managers,Information Technology Project Managers,81766,II,CT,1
CTSH,FY2026_Q1,COGNIZANT TECHNOLOGY SOLUTIONS US CORP,Certified,H-1B,Manager JC50 - Computer Systems Engineers/Architects,Computer Systems Engineers/Architects,107640,III,IL,1
CTSH,FY2026_Q1,COGNIZANT TECHNOLOGY SOLUTIONS US CORP,Certified,H-1B,Manager JC50 - Computer Systems Engineers/Architects,Computer Systems Engineers/Architects,119704,III,NC,1
CTSH,FY2026_Q1,COGNIZANT TECHNOLOGY SOLUTIONS US CORP,Certified,H-1B,Manager JC50 - Computer Systems Engineers/Architects,Computer Systems Engineers/Architects,108514,III,GA,1
HCLTECH,FY2026_Q1,HCL AMERICA INC,Certified,H-1B,Sr Administrator (Support & Operations),Computer Network Support Specialists,120724,II,WA,1
INFY,FY2026_Q1,INFOSYS LIMITED,Certified,H-1B,Package Project Lead 3,Information Technology Project Managers,145246,IV,CA,5
CTSH,FY2026_Q1,COGNIZANT TECHNOLOGY SOLUTIONS US CORP,Certified,H-1B,Manager JC50 - Computer Systems Engineers/Architects,Computer Systems Engineers/Architects,128419,III,MD,1
CTSH,FY2026_Q1,COGNIZANT TECHNOLOGY SOLUTIONS US CORP,Certified,H-1B,Senior Manager JC45 - Computer Systems Engineers/Architects,Computer Systems Engineers/Architects,158974,IV,NJ,1
INFY,FY2026_Q1,INFOSYS LIMITED,Certified,H-1B,Technology Project Lead 1,Information Technology Project Managers,114795,II,CA,5
CTSH,FY2026_Q1,COGNIZANT TECHNOLOGY SOLUTIONS US CORP,Certified,H-1B,Manager JC50 - Computer Systems Engineers/Architects,Computer Systems Engineers/Architects,126818,III,NJ,1
HCLTECH,FY2026_Q1,HCL AMERICA INC,Certified,H-1B,Domain Consultant,Management Analysts,130520,IV,PA,1
ACN,FY2026_Q1,Accenture LLP,Certified,H-1B,Custom Software Engineering Manager,Software Quality Assurance Analysts and Testers,148800,IV,FL,1
ACN,FY2026_Q1,Accenture LLP,Certified,H-1B,Custom Software Engineering Senior Mgr,Computer Programmers,173400,IV,GA,1
CTSH,FY2026_Q1,COGNIZANT TECHNOLOGY SOLUTIONS US CORP,Certified,H-1B,Senior Manager JC45 - Computer Systems Engineers/Architects,Computer Systems Engineers/Architects,126547,IV,PA,1
TCS,FY2026_Q1,Tata Consultancy Services Limited,Certified,H-1B,User Interface Designer,Web and Digital Interface Designers,64958,II,KY,1
CTSH,FY2026_Q1,COGNIZANT TECHNOLOGY SOLUTIONS US CORP,Certified,H-1B,Manager JC50 - Computer Systems Engineers/Architects,Computer Systems Engineers/Architects,108514,III,GA,1
IBM,FY2026_Q1,IBM Corporation,Certified,H-1B,Principal Solution Architect,Software Developers,243268,IV,TX,1
HCLTECH,FY2026_Q1,HCL GLOBAL SYSTEMS INC,Certified,H-1B,SOFTWARE ENGINEER,Computer Systems Engineers/Architects,86445,II,GA,1
INFY,FY2026_Q1,INFOSYS LIMITED,Certified,H-1B,Package Consultant 2 - Techno Functional,Computer Systems Engineers/Architects,92581,II,TX,1
INFY,FY2026_Q1,INFOSYS LIMITED,Certified,H-1B,Technology Consultant 2,Computer Systems Engineers/Architects,94682,II,NJ,1
CTSH,FY2026_Q1,COGNIZANT TECHNOLOGY SOLUTIONS US CORP,Certified,H-1B,Manager JC50 - Network and Computer Systems Administrators,Network and Computer Systems Administrators,108472,III,CO,1
ACN,FY2026_Q1,Accenture LLP,Certified,H-1B,Business Architecture Associate Manager,Management Analysts,131900,III,MO,1
CTSH,FY2026_Q1,COGNIZANT TECHNOLOGY SOLUTIONS US CORP,Certified,H-1B,Mgr. JC50 - Software Quality Assurance Analysts and Testers,Software Quality Assurance Analysts and Testers,90355,III,OH,1
HCLTECH,FY2026_Q1,HCL AMERICA INC,Certified,H-1B,Group Technical Architect,Computer Systems Engineers/Architects,126579,III,TX,1
CTSH,FY2026_Q1,COGNIZANT TECHNOLOGY SOLUTIONS US CORP,Certified,H-1B,Manager JC50 - Data Scientists,Data Scientists,119642,III,MN,1
CTSH,FY2026_Q1,COGNIZANT TECHNOLOGY SOLUTIONS US CORP,Certified,H-1B,Manager JC50 - Computer Systems Engineers/Architects,Computer Systems Engineers/Architects,118456,III,TX,1
TECHM,FY2026_Q1,"TECH MAHINDRA (AMERICAS), INC",Certified,H-1B,Software Test Engineer,Software Quality Assurance Analysts and Testers,91375,II,TX,1
ACN,FY2026_Q1,Accenture LLP,Certified,H-1B,Advanced App Engineering Assoc Manager,Software Quality Assurance Analysts and Testers,124300,III,TN,1
ACN,FY2026_Q1,Accenture LLP,Certified,H-1B,Quality Engineering Associate Manager,Software Quality Assurance Analysts and Testers,110600,III,NC,1
LTIM,FY2026_Q1,LTIMindtree Limited,Certified,H-1B,Computer Systems Engineer/Architect,Computer Systems Engineers/Architects,81765,II,CT,1
INFY,FY2026_Q1,INFOSYS LIMITED,Certified,H-1B,Domain Project Lead 2,Project Management Specialists,105726,III,NC,5
WIT,FY2026_Q1,WIPRO LIMITED,Certified,H-1B,Technical Lead L1,Computer Programmers,73920,II,IN,3
INFY,FY2026_Q1,INFOSYS LIMITED,Certified,H-1B,Technology Consultant 2,Computer Systems Engineers/Architects,84198,II,MI,5
HCLTECH,FY2026_Q1,HCL AMERICA INC,Certified,H-1B,Senior Business Specialist,Computer Systems Engineers/Architects,130000,II,TX,1
CTSH,FY2026_Q1,COGNIZANT TECHNOLOGY SOLUTIONS US CORP,Certified,H-1B,Manager JC50 - Information Technology Project Managers,Information Technology Project Managers,76482,III,AR,1
LTIM,FY2026_Q1,LTIMindtree Limited,Certified,H-1B,Senior Specialist - Package Implementation,Software Developers,130187,II,CA,1
ACN,FY2026_Q1,Accenture LLP,Certified,H-1B,Packaged App Development Manager,Computer Systems Analysts,140200,IV,GA,1
ACN,FY2026_Q1,Accenture LLP,Certified,H-1B,Packaged App Development Manager,Software Developers,145800,IV,IL,1
CTSH,FY2026_Q1,COGNIZANT TECHNOLOGY SOLUTIONS US CORP,Certified,H-1B,Senior Manager JC45 - Computer Systems Engineers/Architects,Computer Systems Engineers/Architects,144310,IV,TX,1
CTSH,FY2026_Q1,COGNIZANT TECHNOLOGY SOLUTIONS US CORP,Certified,H-1B,Mgr. JC50 - Software Quality Assurance Analysts and Testers,Software Quality Assurance Analysts and Testers,93454,III,TN,1
CTSH,FY2026_Q1,COGNIZANT TECHNOLOGY SOLUTIONS US CORP,Certified,H-1B,Mgr. JC50 - Software Quality Assurance Analysts and Testers,Software Quality Assurance Analysts and Testers,102669,III,NC,1
TCS,FY2026_Q1,TATA CONSULTANCY SERVICES LIMITED,Certified,H-1B,Analyst,Computer Systems Analysts,131560,II,CA,1
TCS,FY2026_Q1,TATA CONSULTANCY SERVICES LIMITED,Certified,H-1B,Architect,Computer Systems Engineers/Architects,92394,II,DE,1
CTSH,FY2026_Q1,COGNIZANT TECHNOLOGY SOLUTIONS US CORP,Certified,H-1B,Manager JC50 - Computer Systems Engineers/Architects,Computer Systems Engineers/Architects,108514,III,GA,1
CAP,FY2026_Q1,"Capgemini America, Inc.",Certified,H-1B,Applications Consultant 3,Software Developers,132564,III,IL,1
CTSH,FY2026_Q1,COGNIZANT TECHNOLOGY SOLUTIONS US CORP,Certified,H-1B,Manager JC50 - Computer Systems Engineers/Architects,Computer Systems Engineers/Architects,115336,III,OH,1
TECHM,FY2026_Q1,"TECH MAHINDRA (AMERICAS), INC",Certified,H-1B,Software Test Engineer,Software Quality Assurance Analysts and Testers,97296,II,TX,1
INFY,FY2026_Q1,INFOSYS LIMITED,Certified,H-1B,Package Consultant 2,Computer Systems Engineers/Architects,114795,II,CA,5
ACN,FY2026_Q1,"Accenture Infrastructure & Capital Projects, LLC",Certified,H-1B,Senior Estimator,Cost Estimators,159769,IV,AZ,1
LTIM,FY2026_Q1,LTIMindtree Limited,Certified,H-1B,Software Developer,Software Developers,105976,II,TX,1
INFY,FY2026_Q1,INFOSYS LIMITED,Certified,H-1B,Technology Consultant 2,Computer Systems Engineers/Architects,94952,II,NC,1
INFY,FY2026_Q1,INFOSYS LIMITED,Certified,H-1B,Technology Project Lead 2,Information Technology Project Managers,115627,III,MA,1
CTSH,FY2026_Q1,COGNIZANT TECHNOLOGY SOLUTIONS US CORP,Certified,H-1B,AD JC40 - Information Technology Project Managers,Information Technology Project Managers,135512,IV,TX,1
MPHASIS,FY2026_Q1,Mphasis Corporation ,Certified,H-1B,IT Project Manager I,Information Technology Project Managers,130000,I,NJ,1
MPHASIS,FY2026_Q1,Mphasis Corporation,Certified,H-1B,Software Engineer,Software Developers,130000,II,GA,1
CTSH,FY2026_Q1,COGNIZANT TECHNOLOGY SOLUTIONS US CORP,Certified,H-1B,Manager JC50 - Computer Systems Engineers/Architects,Computer Systems Engineers/Architects,108514,III,GA,1
CTSH,FY2026_Q1,COGNIZANT TECHNOLOGY SOLUTIONS US CORP,Certified,H-1B,Manager JC50 - Computer Systems Engineers/Architects,Computer Systems Engineers/Architects,118456,III,TX,1
INFY,FY2026_Q1,INFOSYS LIMITED,Certified,H-1B,Technology Consultant 2,Computer Systems Engineers/Architects,94682,II,NJ,1
HCLTECH,FY2026_Q1,HCL AMERICA INC,Certified,H-1B,Project Manager (DFS),Information Technology Project Managers,115000,II,TX,1
TCS,FY2026_Q1,TATA CONSULTANCY SERVICES LIMITED,Certified,H-1B,Architect,Computer Systems Engineers/Architects,86403,II,CA,1
CTSH,FY2026_Q1,COGNIZANT TECHNOLOGY SOLUTIONS US CORP,Certified,H-1B,AD JC40 - Information Technology Project Managers,Information Technology Project Managers,111738,IV,AL,1
TCS,FY2026_Q1,TATA CONSULTANCY SERVICES LIMITED,Certified,H-1B,Database Administrator,Database Administrators,89398,II,TX,1
ACN,FY2026_Q1,Accenture LLP,Certified,H-1B,Quality Engineering Senior Manager,Software Quality Assurance Analysts and Testers,165200,IV,GA,1
INFY,FY2026_Q1,INFOSYS LIMITED,Certified,H-1B,Technology Project Lead 1,Information Technology Project Managers,92581,II,TX,1
ACN,FY2026_Q1,"Accenture Infrastructure & Capital Projects, LLC",Certified,H-1B,Senior Project Controls Engineer,Architectural and Engineering Managers,152038,II,NC,1
HCLTECH,FY2026_Q1,HCL AMERICA INC,Certified,H-1B,Sr Program Manager,Information Technology Project Managers,136000,III,TX,1
CTSH,FY2026_Q1,COGNIZANT TECHNOLOGY SOLUTIONS US CORP,Certified,H-1B,Senior Associate JC60 -Computer Systems Engineers/Architects,Computer Systems Engineers/Architects,80496,II,NE,1
LTIM,FY2026_Q1,LTIMindtree Limited,Certified,H-1B,Software Developer,Software Developers,112923,II,TX,1
TCS,FY2026_Q1,TATA CONSULTANCY SERVICES LIMITED,Certified,H-1B,Architect,Computer Systems Engineers/Architects,82285,II,IN,1
ACN,FY2026_Q1,"Accenture Infrastructure & Capital Projects, LLC",Certified,H-1B,Senior Cost Manager,Cost Estimators,153800,IV,AZ,1
TCS,FY2026_Q1,TATA CONSULTANCY SERVICES LIMITED,Certified,H-1B,ANALYST,Computer Systems Analysts,103917,II,NY,1
IBM,FY2026_Q1,IBM Corporation,Certified,H-1B,Technical Team Leader,Computer Systems Analysts,98925,II,TX,1
CTSH,FY2026_Q1,COGNIZANT TECHNOLOGY SOLUTIONS US CORP,Certified,H-1B,Manager JC50 - Computer Systems Engineers/Architects,Computer Systems Engineers/Architects,126256,III,NC,1
ACN,FY2026_Q1,Accenture LLP,Certified,H-1B,Packaged App Development Assoc Manager,Computer Systems Analysts,109600,III,TN,1
CTSH,FY2026_Q1,COGNIZANT TECHNOLOGY SOLUTIONS US CORP,Certified,H-1B,Manager JC50 - Computer Systems Engineers/Architects,Computer Systems Engineers/Architects,104062,III,CT,1
CNXC,FY2026_Q1,Concentrix CVG Customer Management Group Inc.,Certified,H-1B,Software Engineer,Software Developers,130707,III,GA,1
TCS,FY2026_Q1,TATA CONSULTANCY SERVICES LIMITED,Certified,H-1B,Architect,Computer Systems Engineers/Architects,111550,II,WA,1
CTSH,FY2026_Q1,COGNIZANT TECHNOLOGY SOLUTIONS US CORP,Certified,H-1B,Manager JC50 - Computer Systems Engineers/Architects,Computer Systems Engineers/Architects,108514,III,GA,1
IBM,FY2026_Q1,IBM Corporation,Certified,H-1B,Business Value Services Director,Business Intelligence Analysts,330000,IV,CA,1
CTSH,FY2026_Q1,COGNIZANT TECHNOLOGY SOLUTIONS US CORP,Certified,H-1B,Senior Manager JC45 - Computer Systems Engineers/Architects,Computer Systems Engineers/Architects,158974,IV,NJ,1
HCLTECH,FY2026_Q1,HCL AMERICA INC,Certified,H-1B,Senior Test Lead,Software Quality Assurance Analysts and Testers,86611,II,AZ,1
ACN,FY2026_Q1,"Accenture Infrastructure & Capital Projects, LLC",Certified,H-1B,Director - Cost Management,Architectural and Engineering Managers,215431,III,FL,1
ACN,FY2026_Q1,Accenture LLP,Certified,H-1B,Tech Architecture Manager,Computer Systems Analysts,159200,IV,OH,1
LTIM,FY2026_Q1,LTIMindtree Limited,Certified,H-1B,Computer Systems Analyst,Computer Systems Analysts,91395,II,CT,1
INFY,FY2026_Q1,INFOSYS LIMITED,Certified,H-1B,Technology Project Lead 2,Information Technology Project Managers,107640,III,IL,1
CTSH,FY2026_Q1,COGNIZANT TECHNOLOGY SOLUTIONS US CORP,Certified,H-1B,Manager JC50 - Computer Systems Engineers/Architects,Computer Systems Engineers/Architects,126818,III,NJ,1
CTSH,FY2026_Q1,COGNIZANT TECHNOLOGY SOLUTIONS US CORP,Certified,H-1B,Manager JC50 - Computer Systems Engineers/Architects,Computer Systems Engineers/Architects,115336,III,OH,1
ACN,FY2026_Q1,Accenture LLP,Certified,H-1B,Packaged App Development Assoc Manager,Software Quality Assurance Analysts and Testers,132600,III,MD,1
CTSH,FY2026_Q1,COGNIZANT TECHNOLOGY SOLUTIONS US CORP,Certified,H-1B,Manager JC50 - Computer Systems Engineers/Architects,Computer Systems Engineers/Architects,118456,III,TX,1
INFY,FY2026_Q1,INFOSYS LIMITED,Certified,H-1B,Technology Consultant 2,Computer Systems Engineers/Architects,94682,II,NJ,1
ACN,FY2026_Q1,"Accenture Infrastructure & Capital Projects, LLC",Certified,H-1B,Vice President,General and Operations Managers,253157,IV,FL,1
INFY,FY2026_Q1,INFOSYS LIMITED,Certified,H-1B,Package Project Lead 2,Information Technology Project Managers,118456,III,TX,5
HCLTECH,FY2026_Q1,HCL AMERICA INC,Certified,H-1B,Technical Manager,Information Technology Project Managers,139443,II,CA,1
CTSH,FY2026_Q1,COGNIZANT TECHNOLOGY SOLUTIONS US CORP,Certified,H-1B,Manager JC50 - Computer Systems Engineers/Architects,Computer Systems Engineers/Architects,101504,III,MO,1
WIT,FY2026_Q1,WIPRO LIMITED,Certified,H-1B,Solution Architect L1,Computer Systems Engineers/Architects,86400,II,MD,4
TCS,FY2026_Q1,Tata Consultancy Services Limited,Certified,H-1B,Architect,Computer Systems Engineers/Architects,86445,II,GA,1
HCLTECH,FY2026_Q1,HCL AMERICA INC,Certified,H-1B,Solution Architect,Computer Systems Engineers/Architects,223142,IV,CA,1
ACN,FY2026_Q1,Accenture LLP,Certified,H-1B,Business Architecture Associate Manager,Management Analysts,148000,III,PA,1
IBM,FY2026_Q1,IBM Corporation,Certified,H-1B,Senior Product Manager,Information Technology Project Managers,284950,IV,NY,1
CTSH,FY2026_Q1,COGNIZANT TECHNOLOGY SOLUTIONS US CORP,Certified,H-1B,Senior Associate JC60 -Computer Systems Engineers/Architects,Computer Systems Engineers/Architects,80496,II,NE,1
WIT,FY2026_Q1,WIPRO LIMITED,Certified,H-1B,Technical Lead L1,Computer Programmers,76835,II,IL,1
CTSH,FY2026_Q1,COGNIZANT TECHNOLOGY SOLUTIONS US CORP,Certified,H-1B,Senior Manager JC45 - Computer Systems Engineers/Architects,Computer Systems Engineers/Architects,126547,IV,PA,1
INFY,FY2026_Q1,INFOSYS LIMITED,Certified,H-1B,Infrastructure Project Lead 1,Information Technology Project Managers,90210,II,MN,5
INFY,FY2026_Q1,INFOSYS LIMITED,Certified,H-1B,Technology Project Lead 1,Information Technology Project Managers,76253,II,RI,5
CTSH,FY2026_Q1,COGNIZANT TECHNOLOGY SOLUTIONS US CORP,Certified,H-1B,Manager JC50 - Data Scientists,Data Scientists,119642,III,MN,1
IBM,FY2026_Q1,IBM Corporation,Certified,H-1B,Application Developer,Computer Programmers,121867,III,NJ,1
WIT,FY2026_Q1,WIPRO LIMITED,Certified,H-1B,Test Engineer L3,Software Quality Assurance Analysts and Testers,108680,II,WA,2
CTSH,FY2026_Q1,COGNIZANT TECHNOLOGY SOLUTIONS US CORP,Certified,H-1B,Manager JC50 - Computer Systems Engineers/Architects,Computer Systems Engineers/Architects,118456,III,TX,1
CTSH,FY2026_Q1,COGNIZANT TECHNOLOGY SOLUTIONS US CORP,Certified,H-1B,AD JC40 - Information Technology Project Managers,Information Technology Project Managers,157560,IV,NC,1
CTSH,FY2026_Q1,COGNIZANT TECHNOLOGY SOLUTIONS US CORP,Certified,H-1B,Manager JC50 - Network and Computer Systems Administrators,Network and Computer Systems Administrators,108472,III,CO,1
TCS,FY2026_Q1,TATA CONSULTANCY SERVICES LIMITED,Certified,H-1B,Analyst,Computer Systems Analysts,120141,III,TX,1
TCS,FY2026_Q1,TATA CONSULTANCY SERVICES LIMITED,Certified,H-1B,Analyst “ Testing,Software Quality Assurance Analysts and Testers,102086,II,NJ,1
ACN,FY2026_Q1,Accenture LLP,Certified,H-1B,"Data Eng, Mgmt and Governance Specialist",Software Quality Assurance Analysts and Testers,122000,II,PA,1
CTSH,FY2026_Q1,COGNIZANT TECHNOLOGY SOLUTIONS US CORP,Certified,H-1B,Manager JC50 - Computer Systems Engineers/Architects,Computer Systems Engineers/Architects,104062,III,CT,1
CTSH,FY2026_Q1,COGNIZANT TECHNOLOGY SOLUTIONS US CORP,Certified,H-1B,Manager JC50 - Computer Systems Engineers/Architects,Computer Systems Engineers/Architects,118456,III,TX,1
ACN,FY2026_Q1,"Accenture Infrastructure & Capital Projects, LLC",Certified,H-1B,Lead Cost Manager,Information Technology Project Managers,180282,IV,NY,1
LTIM,FY2026_Q1,LTIMindtree Limited,Certified,H-1B,Software Quality Assurance Analyst and Tester,Software Quality Assurance Analysts and Testers,87360,II,DE,1
HCLTECH,FY2026_Q1,HCL GLOBAL SYSTEMS INC,Certified,H-1B,SOFTWARE ENGINEER,Computer Systems Engineers/Architects,86445,II,GA,1
CTSH,FY2026_Q1,COGNIZANT TECHNOLOGY SOLUTIONS US CORP,Certified,H-1B,Manager JC50 - Computer Systems Engineers/Architects,Computer Systems Engineers/Architects,108514,III,GA,1
CTSH,FY2026_Q1,COGNIZANT TECHNOLOGY SOLUTIONS US CORP,Certified,H-1B,Sr. Mgr. JC45 - Information Technology Project Managers,Information Technology Project Managers,102523,IV,OH,1
ACN,FY2026_Q1,"Accenture Infrastructure & Capital Projects, LLC",Certified,H-1B,Lead Cost Manager,Information Technology Project Managers,180282,IV,NJ,1
ACN,FY2026_Q1,"Accenture Infrastructure & Capital Projects, LLC",Certified,H-1B,Senior Cost Manager,Cost Estimators,154500,IV,NC,1
MPHASIS,FY2026_Q1,Mphasis Corporation ,Certified,H-1B,SOFTWARE PROGRAMMER II,Computer Programmers,84211,II,OH,1
CTSH,FY2026_Q1,COGNIZANT TECHNOLOGY SOLUTIONS US CORP,Certified,H-1B,AD JC40 - Information Technology Project Managers,Information Technology Project Managers,144310,IV,TX,1
INFY,FY2026_Q1,INFOSYS LIMITED,Certified,H-1B,Package Project Lead 2,Information Technology Project Managers,126818,III,NJ,5
ACN,FY2026_Q1,"Accenture Infrastructure & Capital Projects, LLC",Certified,H-1B,Senior Cost Manager,Cost Estimators,154500,IV,TX,1
LTIM,FY2026_Q1,LTIMindtree Limited,Certified,H-1B,Senior Specialist - Architecture,Software Developers,140000,II,GA,1
INFY,FY2026_Q1,INFOSYS LIMITED,Certified,H-1B,Package Consultant 2,Computer Systems Engineers/Architects,69451,II,WI,1
ACN,FY2026_Q1,Accenture LLP,Certified,H-1B,Custom Software Engineering Team Lead,Computer Systems Analysts,115900,II,MN,1
TCS,FY2026_Q1,TATA CONSULTANCY SERVICES LIMITED,Certified,H-1B,Architect,Computer Systems Engineers/Architects,90605,II,TX,1
HCLTECH,FY2026_Q1,HCL AMERICA INC,Certified,H-1B,Sr Subject Matter Expert (Support&Ops),Computer Network Support Specialists,139466,II,CA,1
CNXC,FY2026_Q1,Concentrix CVG Customer Management Group Inc.,Certified,H-1B,Software Engineer,Software Developers,180710,III,WA,1
TCS,FY2026_Q1,TATA CONSULTANCY SERVICES LIMITED,Certified,H-1B,Developer,Computer Programmers,109803,III,KY,1
TCS,FY2026_Q1,TATA CONSULTANCY SERVICES LIMITED,Certified,H-1B,Developer,Computer Programmers,121867,III,NJ,1
CTSH,FY2026_Q1,COGNIZANT TECHNOLOGY SOLUTIONS US CORP,Certified,H-1B,Manager JC50 - Computer Systems Engineers/Architects,Computer Systems Engineers/Architects,101504,III,MO,1
IBM,FY2026_Q1,IBM Corporation,Certified,H-1B,Technical Consultant,Computer Systems Analysts,127234,III,NY,1
INFY,FY2026_Q1,INFOSYS LIMITED,Certified,H-1B,Technology Consultant 1,Computer Systems Engineers/Architects,90605,II,TX,1
ACN,FY2026_Q1,"Accenture Infrastructure & Capital Projects, LLC",Certified,H-1B,Lead Cost Manager,Information Technology Project Managers,180282,IV,VA,1
WIT,FY2026_Q1,WIPRO LIMITED,Certified,H-1B,Product Engineering Manager L1,Software Developers,108077,II,IL,3
CTSH,FY2026_Q1,COGNIZANT TECHNOLOGY SOLUTIONS US CORP,Certified,H-1B,Manager JC50 - Computer Systems Engineers/Architects,Computer Systems Engineers/Architects,107640,III,IL,1
MPHASIS,FY2026_Q1,Mphasis Corporation,Certified,H-1B,Software Engineer,Software Developers,110000,I,GA,1
MPHASIS,FY2026_Q1,Mphasis Corporation,Certified,H-1B,Software Programmer II,Computer Programmers,99200,II,TN,1
MPHASIS,FY2026_Q1,Mphasis Corporation ,Certified,H-1B,SOFTWARE PROGRAMMER II,Computer Programmers,140000,II,GA,1
WIT,FY2026_Q1,WIPRO LIMITED,Certified - Withdrawn,H-1B,Solution Architect L1,Computer Systems Engineers/Architects,90605,II,TX,1
WIT,FY2026_Q1,WIPRO LIMITED,Certified - Withdrawn,H-1B,Project Lead L1,Information Technology Project Managers,76253,II,RI,1
G,FY2026_Q1,Genpact LLC,Certified - Withdrawn,H-1B,Assistant Vice President,Information Security Analysts,200000,IV,TX,1
WIT,FY2026_Q1,WIPRO LIMITED,Certified - Withdrawn,H-1B,Technical Lead L1,Computer Programmers,126693,II,CA,6
WIT,FY2026_Q1,WIPRO LIMITED,Certified - Withdrawn,H-1B,Integration Architect L1,Computer Systems Engineers/Architects,90002,II,NJ,3
WIT,FY2026_Q1,WIPRO LIMITED,Certified - Withdrawn,H-1B,Developer L3,Computer Programmers,85530,II,TX,1
WIT,FY2026_Q1,WIPRO LIMITED,Certified - Withdrawn,H-1B,Technical Lead L1,Computer Programmers,93454,II,NC,3
WIT,FY2026_Q1,WIPRO LIMITED,Certified - Withdrawn,H-1B,Solution Architect L2,Computer Systems Engineers/Architects,121514,III,NJ,1
WIT,FY2026_Q1,WIPRO LIMITED,Certified - Withdrawn,H-1B,Developer L3,Computer Programmers,143978,II,WA,1
WIT,FY2026_Q1,WIPRO LIMITED,Certified - Withdrawn,H-1B,Data Analytics Architect L1,Database Architects,122949,II,TX,1
WIT,FY2026_Q1,WIPRO LIMITED,Certified - Withdrawn,H-1B,Lead Administrator L2,Network and Computer Systems Administrators,86400,II,TX,1
WIT,FY2026_Q1,WIPRO LIMITED,Certified - Withdrawn,H-1B,Technical Lead L1,Computer Programmers,94370,II,VA,1
LTIM,FY2026_Q1,LTIMindtree Limited,Withdrawn,H-1B,Software Developer,Software Developers,112924,II,TX,1
INFY,FY2026_Q1,INFOSYS LIMITED,Withdrawn,H-1B,Engineering Project Lead 2,"Electronics Engineers, Except Computer",119392,III,PA,1
TCS,FY2026_Q1,Tata Consultancy Services Limited,Withdrawn,H-1B,Developer,Computer Programmers,79435,II,FL,1
TCS,FY2026_Q1,Tata Consultancy Services Limited,Withdrawn,H-1B,Analyst,Computer Systems Analysts,109574,III,NC,1
G,FY2026_Q1,Genpact LLC,Withdrawn,H-1B,Lead Consultant,Information Technology Project Managers,110000,II,TX,1
TECHM,FY2026_Q1,"TECH MAHINDRA (AMERICAS), INC",Withdrawn,H-1B,Technical Consultant,Software Developers,106909,II,TN,1
LTIM,FY2026_Q1,LTIMindtree Limited,Certified,H-1B,Computer Network Support Specialists,Computer Network Support Specialists,62588,II,TX,1
G,FY2026_Q1,Genpact LLC,Certified,H-1B,Principal Consultant,Software Developers,120000,II,TX,1
CTSH,FY2026_Q1,COGNIZANT TECHNOLOGY SOLUTIONS US CORP,Certified,H-1B,SA JC60 - Software Quality Assurance Analysts and Testers,Software Quality Assurance Analysts and Testers,82347,II,GA,1
CTSH,FY2026_Q1,COGNIZANT TECHNOLOGY SOLUTIONS US CORP,Certified,H-1B,Senior Manager JC45 - Computer Systems Engineers/Architects,Computer Systems Engineers/Architects,123240,IV,MO,1
TCS,FY2026_Q1,TATA CONSULTANCY SERVICES LIMITED,Certified,H-1B,User Interface Designer,Web and Digital Interface Designers,96366,III,IL,1
INFY,FY2026_Q1,INFOSYS LIMITED,Certified,H-1B,Package Consultant 2,Computer Systems Engineers/Architects,66622,II,OH,1
G,FY2026_Q1,Genpact LLC,Certified,H-1B,Assistant Vice President,Computer and Information Systems Managers,200000,II,CA,1
LTIM,FY2026_Q1,LTIMindtree Limited,Certified,H-1B,Computer Systems Engineer/Architect,Computer Systems Engineers/Architects,97469,III,OH,1
MPHASIS,FY2026_Q1,Mphasis Corporation,Certified,H-1B,Software Engineer,Software Developers,130000,II,VA,1
TCS,FY2026_Q1,TATA CONSULTANCY SERVICES LIMITED,Certified,H-1B,Architect,Computer Systems Engineers/Architects,90605,II,TX,1
TCS,FY2026_Q1,TATA CONSULTANCY SERVICES LIMITED,Certified,H-1B,Developer,Computer Programmers,77022,II,OH,1
CTSH,FY2026_Q1,COGNIZANT TECHNOLOGY SOLUTIONS US CORP,Certified,H-1B,Manager JC50 - Computer Systems Engineers/Architects,Computer Systems Engineers/Architects,118851,III,AZ,1
INFY,FY2026_Q1,INFOSYS LIMITED,Certified,H-1B,Technology Consultant 2,Computer Systems Engineers/Architects,92581,II,TX,1
INFY,FY2026_Q1,INFOSYS LIMITED,Certified,H-1B,Technology Project Lead 2,Information Technology Project Managers,113797,III,NC,5
INFY,FY2026_Q1,INFOSYS LIMITED,Certified,H-1B,Senior Principal - Business Consulting,Management Analysts,172453,IV,CA,5
CTSH,FY2026_Q1,COGNIZANT TECHNOLOGY SOLUTIONS US CORP,Certified,H-1B,Manager JC50 - Computer Systems Engineers/Architects,Computer Systems Engineers/Architects,126818,III,NY,1
TCS,FY2026_Q1,TATA CONSULTANCY SERVICES LIMITED,Certified,H-1B,Developer,Computer Programmers,68125,II,PA,1
TECHM,FY2026_Q1,"TECH MAHINDRA (AMERICAS), INC",Certified,H-1B,Business Analyst,Management Analysts,131920,II,CT,1
TCS,FY2026_Q1,TATA CONSULTANCY SERVICES LIMITED,Certified,H-1B,Developer,Computer Programmers,90334,II,MD,1
INFY,FY2026_Q1,INFOSYS LIMITED,Certified,H-1B,Package Project Lead 2,Information Technology Project Managers,104062,III,CT,1
CTSH,FY2026_Q1,COGNIZANT TECHNOLOGY SOLUTIONS US CORP,Certified,H-1B,Manager JC50 - Computer Systems Engineers/Architects,Computer Systems Engineers/Architects,115835,III,CA,1
CTSH,FY2026_Q1,COGNIZANT TECHNOLOGY SOLUTIONS US CORP,Certified,H-1B,Mgr. JC50 - Software Quality Assurance Analysts and Testers,Software Quality Assurance Analysts and Testers,118082,III,CA,1
CTSH,FY2026_Q1,COGNIZANT TECHNOLOGY SOLUTIONS US CORP,Certified,H-1B,Manager JC50 - Computer Systems Engineers/Architects,Computer Systems Engineers/Architects,118456,III,TX,1
CTSH,FY2026_Q1,COGNIZANT TECHNOLOGY SOLUTIONS US CORP,Certified,H-1B,AD JC40 - Information Technology Project Managers,Information Technology Project Managers,144310,IV,TX,1
IBM,FY2026_Q1,IBM Corporation,Certified,H-1B,Application Architect,Computer Systems Engineers/Architects,150405,III,CA,1
LTIM,FY2026_Q1,LTIMindtree Limited,Certified,H-1B,Computer Systems Analyst,Computer Systems Analysts,98926,II,TX,1
INFY,FY2026_Q1,INFOSYS LIMITED,Certified,H-1B,Technology Project Lead 1,Information Technology Project Managers,94952,II,NC,1
INFY,FY2026_Q1,INFOSYS LIMITED,Certified,H-1B,Package Consultant 3,Computer Systems Engineers/Architects,100090,III,IN,1
CTSH,FY2026_Q1,COGNIZANT TECHNOLOGY SOLUTIONS US CORP,Certified,H-1B,Manager JC50 - Computer Systems Engineers/Architects,Computer Systems Engineers/Architects,126818,III,NJ,1
INFY,FY2026_Q1,INFOSYS LIMITED,Certified,H-1B,Package Project Lead 2,Information Technology Project Managers,119933,III,TX,1
CTSH,FY2026_Q1,COGNIZANT TECHNOLOGY SOLUTIONS US CORP,Certified,H-1B,Sr. Mgr. JC45 - Information Technology Project Managers,Information Technology Project Managers,128877,IV,MI,1
INFY,FY2026_Q1,INFOSYS LIMITED,Certified,H-1B,Senior Technology Architect - US,Computer Systems Engineers/Architects,86403,III,WI,5
INFY,FY2026_Q1,INFOSYS LIMITED,Certified,H-1B,Package Consultant 2,Computer Systems Analysts,88026,II,TX,5
TCS,FY2026_Q1,Tata Consultancy Services Limited,Certified,H-1B,Software Developer,Software Developers,114754,II,TX,1
HCLTECH,FY2026_Q1,HCL AMERICA INC,Certified,H-1B,Technical Architect,Computer Systems Engineers/Architects,136843,II,WA,1
CTSH,FY2026_Q1,COGNIZANT TECHNOLOGY SOLUTIONS US CORP,Certified,H-1B,Senior Associate JC60 -Computer Systems Engineers/Architects,Computer Systems Engineers/Architects,92581,II,TX,1
TCS,FY2026_Q1,TATA CONSULTANCY SERVICES LIMITED,Certified,H-1B,Developer,Computer Programmers,84032,III,AZ,1
TCS,FY2026_Q1,TATA CONSULTANCY SERVICES LIMITED,Certified,H-1B,Architect,Computer Systems Engineers/Architects,91874,II,TX,1
CTSH,FY2026_Q1,COGNIZANT TECHNOLOGY SOLUTIONS US CORP,Certified,H-1B,Manager JC50 - Computer Systems Engineers/Architects,Computer Systems Engineers/Architects,105373,III,PA,1
CAP,FY2026_Q1,Capgemini America Inc,Certified,H-1B,Business Systems Analyst 2,Computer Systems Analysts,132600,II,IL,1
CTSH,FY2026_Q1,COGNIZANT TECHNOLOGY SOLUTIONS US CORP,Certified,H-1B,Manager JC50 - Computer Systems Engineers/Architects,Computer Systems Engineers/Architects,118456,III,TX,1
MPHASIS,FY2026_Q1,Mphasis Corporation,Certified,H-1B,Software Engineer,Computer Programmers,153000,II,CA,1
CTSH,FY2026_Q1,COGNIZANT TECHNOLOGY SOLUTIONS US CORP,Certified,H-1B,Manager JC50 - Computer Systems Engineers/Architects,Computer Systems Engineers/Architects,150405,III,CA,1
CAP,FY2026_Q1,CAPGEMINI AMERICA INC,Certified,H-1B,Applications Consultant 3,Software Developers,128000,III,FL,1
CTSH,FY2026_Q1,COGNIZANT TECHNOLOGY SOLUTIONS US CORP,Certified,H-1B,Senior Manager JC45 - Computer Systems Engineers/Architects,Computer Systems Engineers/Architects,144310,IV,TX,1
TCS,FY2026_Q1,TATA CONSULTANCY SERVICES LIMITED,Certified,H-1B,Developer,Computer Programmers,73029,II,IL,1
CTSH,FY2026_Q1,COGNIZANT TECHNOLOGY SOLUTIONS US CORP,Certified,H-1B,Manager JC50 - Computer Systems Engineers/Architects,Computer Systems Engineers/Architects,118851,III,AZ,1
CTSH,FY2026_Q1,COGNIZANT TECHNOLOGY SOLUTIONS US CORP,Certified,H-1B,Mgr. JC50 - Software Quality Assurance Analysts and Testers,Software Quality Assurance Analysts and Testers,90355,III,OH,1
IBM,FY2026_Q1,IBM Corporation,Certified,H-1B,Onsite Technical Lead,Computer Systems Analysts,125278,III,OR,1
TCS,FY2026_Q1,TATA CONSULTANCY SERVICES LIMITED,Certified,H-1B,Architect,Computer Systems Engineers/Architects,110157,III,MN,1
LTIM,FY2026_Q1,LTIMindtree Limited,Certified,H-1B,Computer Systems Analyst,Computer Systems Analysts,73590,II,TN,1
CTSH,FY2026_Q1,COGNIZANT TECHNOLOGY SOLUTIONS US CORP,Certified,H-1B,Manager JC50 - Computer Systems Engineers/Architects,Computer Systems Engineers/Architects,118456,III,TX,1
TECHM,FY2026_Q1,"TECH MAHINDRA (AMERICAS), INC",Certified,H-1B,Programmer Analyst,Computer Programmers,140000,II,CA,1
ACN,FY2026_Q1,Accenture LLP,Certified,H-1B,AI LLM Technology Architecture Manager,Computer Systems Analysts,176800,IV,IL,1
CTSH,FY2026_Q1,COGNIZANT TECHNOLOGY SOLUTIONS US CORP,Certified,H-1B,Manager JC50 - Computer Systems Engineers/Architects,Computer Systems Engineers/Architects,115835,III,CA,1
TCS,FY2026_Q1,TATA CONSULTANCY SERVICES LIMITED,Certified,H-1B,Developer,Computer Programmers,96637,II,OH,1
CAP,FY2026_Q1,CAPGEMINI AMERICA INC,Certified,H-1B,Applications Consultant 3,Software Developers,134971,III,TX,1
LTIM,FY2026_Q1,LTIMindtree Limited,Certified,H-1B,Computer Systems Analyst,Computer Systems Analysts,97490,II,CT,1
TCS,FY2026_Q1,TATA CONSULTANCY SERVICES LIMITED,Certified,H-1B,Architect,Computer Systems Engineers/Architects,93538,II,AZ,1
LTIM,FY2026_Q1,LTIMindtree Limited,Certified,H-1B,Computer Systems Engineer/Architect,Computer Systems Engineers/Architects,108514,III,GA,1
CAP,FY2026_Q1,CAPGEMINI AMERICA INC,Certified,H-1B,Programmer/ Developer 2,Computer Programmers,87975,II,IL,1
CTSH,FY2026_Q1,COGNIZANT TECHNOLOGY SOLUTIONS US CORP,Certified,H-1B,Senior Manager JC45 - Computer Systems Engineers/Architects,Computer Systems Engineers/Architects,158974,IV,NJ,1
TCS,FY2026_Q1,TATA CONSULTANCY SERVICES LIMITED,Certified,H-1B,User Interface Designer,Web and Digital Interface Designers,90293,II,CA,1
CTSH,FY2026_Q1,COGNIZANT TECHNOLOGY SOLUTIONS US CORP,Certified,H-1B,Manager JC50 - Information Technology Project Managers,Information Technology Project Managers,76482,III,AR,1
CTSH,FY2026_Q1,COGNIZANT TECHNOLOGY SOLUTIONS US CORP,Certified,H-1B,Senior Associate JC60 -Computer Systems Engineers/Architects,Computer Systems Engineers/Architects,92581,II,TX,1
CTSH,FY2026_Q1,COGNIZANT TECHNOLOGY SOLUTIONS US CORP,Certified,H-1B,SA JC60 - Software Quality Assurance Analysts and Testers,Software Quality Assurance Analysts and Testers,92310,II,NC,1
TCS,FY2026_Q1,TATA CONSULTANCY SERVICES LIMITED,Certified,H-1B,Analyst,Computer Systems Analysts,92539,II,GA,1
MPHASIS,FY2026_Q1,Mphasis Corporation,Certified,H-1B,Software Engineer,Software Developers,160000,II,IL,1
TCS,FY2026_Q1,Tata Consultancy Services Limited,Certified,H-1B,User Interface Designer,Web and Digital Interface Designers,96408,II,NJ,1
CAP,FY2026_Q1,Capgemini America Inc,Certified,H-1B,Business Systems Analyst 2,Computer Systems Analysts,86459,II,IL,1
CAP,FY2026_Q1,Capgemini America Inc,Certified,H-1B,Applications Consultant 3,Software Developers,156913,III,PA,1
TCS,FY2026_Q1,TATA CONSULTANCY SERVICES LIMITED,Certified,H-1B,Technical Lead,Information Technology Project Managers,86445,II,GA,1
INFY,FY2026_Q1,INFOSYS LIMITED,Certified,H-1B,Process Project Lead 2,Project Management Specialists,99736,III,TX,5
INFY,FY2026_Q1,INFOSYS LIMITED,Certified,H-1B,Infrastructure Project Lead 1,Information Technology Project Managers,69805,II,KY,1
CTSH,FY2026_Q1,COGNIZANT TECHNOLOGY SOLUTIONS US CORP,Certified,H-1B,SA JC60 - Software Quality Assurance Analysts and Testers,Software Quality Assurance Analysts and Testers,85030,II,NC,1
CAP,FY2026_Q1,CAPGEMINI AMERICA INC,Certified,H-1B,Business Analyst 2,Management Analysts,134034,II,PA,1
INFY,FY2026_Q1,INFOSYS LIMITED,Certified,H-1B,Technology Project Lead 1,Information Technology Project Managers,80974,II,TX,1
INFY,FY2026_Q1,INFOSYS LIMITED,Certified,H-1B,Technology Architect - US,Computer Systems Engineers/Architects,108514,III,GA,5
CTSH,FY2026_Q1,COGNIZANT TECHNOLOGY SOLUTIONS US CORP,Certified,H-1B,Manager JC50 - Computer Systems Engineers/Architects,Computer Systems Engineers/Architects,118456,III,TX,1
TCS,FY2026_Q1,TATA CONSULTANCY SERVICES LIMITED,Certified,H-1B,Architect,Computer Systems Engineers/Architects,93538,II,AZ,1
ACN,FY2026_Q1,Accenture LLP,Certified,H-1B,Infra Transformation Senior Manager,Network and Computer Systems Administrators,203100,IV,TX,1
CTSH,FY2026_Q1,COGNIZANT TECHNOLOGY SOLUTIONS US CORP,Certified,H-1B,SA JC60 - Software Quality Assurance Analysts and Testers,Software Quality Assurance Analysts and Testers,84178,II,CT,1
INFY,FY2026_Q1,INFOSYS LIMITED,Certified,H-1B,Technology Architect - US,Computer Systems Engineers/Architects,249460640,III,TX,1
INFY,FY2026_Q1,INFOSYS LIMITED,Certified,H-1B,Digital Solution Specialist,Computer Systems Analysts,106974,III,PA,1
CTSH,FY2026_Q1,COGNIZANT TECHNOLOGY SOLUTIONS US CORP,Certified,H-1B,SA JC60 - Software Quality Assurance Analysts and Testers,Software Quality Assurance Analysts and Testers,102086,II,NJ,1
MPHASIS,FY2026_Q1,Mphasis Corporation,Certified,H-1B,Software Engineer,Software Developers,110000,I,GA,1
CTSH,FY2026_Q1,COGNIZANT TECHNOLOGY SOLUTIONS US CORP,Certified,H-1B,Mgr. JC50 - Software Quality Assurance Analysts and Testers,Software Quality Assurance Analysts and Testers,118082,III,CA,1
CTSH,FY2026_Q1,COGNIZANT TECHNOLOGY SOLUTIONS US CORP,Certified,H-1B,Senior Manager JC45 - Computer Systems Engineers/Architects,Computer Systems Engineers/Architects,144310,IV,TX,1
CTSH,FY2026_Q1,COGNIZANT TECHNOLOGY SOLUTIONS US CORP,Certified,H-1B,Sr. Mgr. JC45 - Information Technology Project Managers,Information Technology Project Managers,128877,IV,MI,1
CAP,FY2026_Q1,CAPGEMINI AMERICA INC,Certified,H-1B,Applications Consultant 3,Software Developers,138258,III,FL,1
CTSH,FY2026_Q1,COGNIZANT TECHNOLOGY SOLUTIONS US CORP,Certified,H-1B,SA JC60 - Software Quality Assurance Analysts and Testers,Software Quality Assurance Analysts and Testers,82347,II,GA,1
HCLTECH,FY2026_Q1,HCL AMERICA INC,Certified,H-1B,Senior Test Manager,Information Technology Project Managers,139443,II,CA,1
CTSH,FY2026_Q1,COGNIZANT TECHNOLOGY SOLUTIONS US CORP,Certified,H-1B,Manager JC50 - Computer Systems Engineers/Architects,Computer Systems Engineers/Architects,126818,III,NJ,1
INFY,FY2026_Q1,INFOSYS LIMITED,Certified,H-1B,Technology Project Lead 2,Information Technology Project Managers,118851,III,AZ,5
TECHM,FY2026_Q1,"TECH MAHINDRA (AMERICAS), INC",Certified,H-1B,Systems Analyst,Computer Systems Analysts,92248,II,TX,1
TCS,FY2026_Q1,TATA CONSULTANCY SERVICES LIMITED,Certified,H-1B,Architect,Computer Systems Engineers/Architects,92581,II,TX,1
CTSH,FY2026_Q1,COGNIZANT TECHNOLOGY SOLUTIONS US CORP,Certified,H-1B,Senior Manager JC45 - Computer Systems Engineers/Architects,Computer Systems Engineers/Architects,147576,IV,OR,1
TECHM,FY2026_Q1,"TECH MAHINDRA (AMERICAS), INC",Certified,H-1B,Design Engineer,Mechanical Engineers,93018,II,TX,1
INFY,FY2026_Q1,INFOSYS LIMITED,Certified,H-1B,Technology Project Lead 1,Information Technology Project Managers,80974,II,TX,5
CTSH,FY2026_Q1,COGNIZANT TECHNOLOGY SOLUTIONS US CORP,Certified,H-1B,SA JC60 - Software Quality Assurance Analysts and Testers,Software Quality Assurance Analysts and Testers,91374,II,TX,1
IBM,FY2026_Q1,IBM Corporation,Certified,H-1B,Hardware Development Engineer,Mechatronics Engineers,203834,IV,NY,1
CTSH,FY2026_Q1,COGNIZANT TECHNOLOGY SOLUTIONS US CORP,Certified,H-1B,Manager JC50 - Computer Systems Engineers/Architects,Computer Systems Engineers/Architects,115835,III,CA,1
CTSH,FY2026_Q1,COGNIZANT TECHNOLOGY SOLUTIONS US CORP,Certified,H-1B,Manager JC50 - Software Developers,Software Developers,134514,III,AZ,1
IBM,FY2026_Q1,IBM Corporation,Certified,H-1B,Packaging Development Engineering Manager,Microsystems Engineers,194594,IV,NY,1
TCS,FY2026_Q1,TATA CONSULTANCY SERVICES LIMITED,Certified,H-1B,Architect,Computer Systems Engineers/Architects,82846,II,IL,1
IBM,FY2026_Q1,IBM Corporation,Certified,H-1B,Senior Software Engineer,Computer and Information Research Scientists,275985,II,NY,1
HCLTECH,FY2026_Q1,HCL GLOBAL SYSTEMS INC,Certified,H-1B,JAVA API ENGINEER,Software Developers,134971,III,TX,1
HCLTECH,FY2026_Q1,HCL GLOBAL SYSTEMS INC,Certified,H-1B,DATABASE ENGINEER,Computer Systems Engineers/Architects,118851,III,TX,1
LTIM,FY2026_Q1,LTIMindtree Limited,Certified,H-1B,Senior Specialist - Quality Engineering,Software Quality Assurance Analysts and Testers,125000,II,TX,1
TCS,FY2026_Q1,TATA CONSULTANCY SERVICES LIMITED,Certified,H-1B,Architect,Computer Systems Engineers/Architects,82285,II,IN,1
CTSH,FY2026_Q1,COGNIZANT TECHNOLOGY SOLUTIONS US CORP,Certified,H-1B,Mgr. JC50 - Software Quality Assurance Analysts and Testers,Software Quality Assurance Analysts and Testers,105498,III,CT,1
WIT,FY2026_Q1,WIPRO LIMITED,Certified,H-1B,Solution Architect L1,Computer Systems Engineers/Architects,86400,II,TX,1
CTSH,FY2026_Q1,COGNIZANT TECHNOLOGY SOLUTIONS US CORP,Certified,H-1B,Sr. Mgr. JC45 - Information Technology Project Managers,Information Technology Project Managers,132434,IV,IL,1
IBM,FY2026_Q1,IBM Corporation,Certified,H-1B,Senior Software Developer,Software Developers,160203,III,NC,1
CAP,FY2026_Q1,CAPGEMINI AMERICA INC,Certified,H-1B,Business Systems Analyst 3,Computer Systems Analysts,124100,III,CA,1
LTIM,FY2026_Q1,LTIMindtree Limited,Certified,H-1B,Software Developer,Software Developers,100547,II,OH,1
IBM,FY2026_Q1,IBM Corporation,Certified,H-1B,Software Developer,Software Developers,150534,II,NC,1
LTIM,FY2026_Q1,LTIMindtree Limited,Certified,H-1B,Management Analysts,Management Analysts,89420,II,GA,1
CTSH,FY2026_Q1,COGNIZANT TECHNOLOGY SOLUTIONS US CORP,Certified,H-1B,Senior Manager JC45 - Computer Systems Engineers/Architects,Computer Systems Engineers/Architects,140795,IV,NC,1
TCS,FY2026_Q1,TATA CONSULTANCY SERVICES LIMITED,Certified,H-1B,User Interface Designer,Web and Digital Interface Designers,70117,II,VA,1
CTSH,FY2026_Q1,COGNIZANT TECHNOLOGY SOLUTIONS US CORP,Certified,H-1B,Sr. Mgr. JC45 - Information Technology Project Managers,Information Technology Project Managers,142771,IV,PA,1
HCLTECH,FY2026_Q1,HCL GLOBAL SYSTEMS INC,Certified,H-1B,NETWORK ENGINEER,Computer Systems Engineers/Architects,84115,II,IA,1
CAP,FY2026_Q1,CAPGEMINI AMERICA INC,Certified,H-1B,Software Engineer 4,Software Developers,163550,IV,TX,1
TCS,FY2026_Q1,TATA CONSULTANCY SERVICES LIMITED,Certified,H-1B,Developer,Computer Programmers,107203,II,CA,1
INFY,FY2026_Q1,INFOSYS LIMITED,Certified,H-1B,Package Consultant 2,Computer Systems Engineers/Architects,114795,II,CA,5
CAP,FY2026_Q1,Capgemini America Inc,Certified,H-1B,Software Engineer 2,Software Developers,109283,II,GA,1
CTSH,FY2026_Q1,COGNIZANT TECHNOLOGY SOLUTIONS US CORP,Certified,H-1B,Senior Manager JC45 - Computer Systems Engineers/Architects,Computer Systems Engineers/Architects,140795,IV,NC,1
MPHASIS,FY2026_Q1,Mphasis Corporation,Certified,H-1B,Software Engineer,Computer Programmers,135000,II,TX,1
CTSH,FY2026_Q1,COGNIZANT TECHNOLOGY SOLUTIONS US CORP,Certified,H-1B,Manager JC50 - Computer Systems Engineers/Architects,Computer Systems Engineers/Architects,115627,III,NH,1
CTSH,FY2026_Q1,COGNIZANT TECHNOLOGY SOLUTIONS US CORP,Certified,H-1B,Mgr. JC50 - Software Quality Assurance Analysts and Testers,Software Quality Assurance Analysts and Testers,105602,III,PA,1
INFY,FY2026_Q1,INFOSYS LIMITED,Certified,H-1B,Package Project Lead 2,Information Technology Project Managers,108514,III,GA,1
TCS,FY2026_Q1,TATA CONSULTANCY SERVICES LIMITED,Certified,H-1B,System Administrator,Network and Computer Systems Administrators,107578,II,CA,1
CTSH,FY2026_Q1,COGNIZANT TECHNOLOGY SOLUTIONS US CORP,Certified,H-1B,Sr. Mgr. JC45 - Information Technology Project Managers,Information Technology Project Managers,132434,IV,IL,1
TCS,FY2026_Q1,TATA CONSULTANCY SERVICES LIMITED,Certified,H-1B,Developer,Computer Programmers,68125,II,PA,1
CTSH,FY2026_Q1,COGNIZANT TECHNOLOGY SOLUTIONS US CORP,Certified,H-1B,AD JC40 - Computer Systems Engineers/Architects,Computer Systems Engineers/Architects,142730,IV,NJ,1
INFY,FY2026_Q1,INFOSYS LIMITED,Certified,H-1B,Technology Project Lead 3,Information Technology Project Managers,132434,IV,IL,1
CTSH,FY2026_Q1,COGNIZANT TECHNOLOGY SOLUTIONS US CORP,Certified,H-1B,AD JC40 - Computer Systems Engineers/Architects,Computer Systems Engineers/Architects,158974,IV,NJ,1
CTSH,FY2026_Q1,COGNIZANT TECHNOLOGY SOLUTIONS US CORP,Certified,H-1B,Manager JC50 - Computer Systems Engineers/Architects,Computer Systems Engineers/Architects,104062,III,CT,1
CTSH,FY2026_Q1,COGNIZANT TECHNOLOGY SOLUTIONS US CORP,Certified,H-1B,Senior Manager JC45 - Computer Systems Engineers/Architects,Computer Systems Engineers/Architects,144144,IV,AZ,1
IBM,FY2026_Q1,IBM Corporation,Certified,H-1B,Project Manager,Information Technology Project Managers,118456,III,TX,1
INFY,FY2026_Q1,INFOSYS LIMITED,Certified,H-1B,Package Project Lead 2,Information Technology Project Managers,115835,III,CA,1
TCS,FY2026_Q1,TATA CONSULTANCY SERVICES LIMITED,Certified,H-1B,Architect,Computer Systems Engineers/Architects,92581,II,TX,1
IBM,FY2026_Q1,IBM Corporation,Certified,H-1B,Business Analyst,Software Quality Assurance Analysts and Testers,144260,II,NJ,1
CTSH,FY2026_Q1,COGNIZANT TECHNOLOGY SOLUTIONS US CORP,Certified,H-1B,Manager JC50 - Computer Systems Engineers/Architects,Computer Systems Engineers/Architects,107640,III,IL,1
CTSH,FY2026_Q1,COGNIZANT TECHNOLOGY SOLUTIONS US CORP,Certified,H-1B,SA JC60 - Software Quality Assurance Analysts and Testers,Software Quality Assurance Analysts and Testers,91374,II,TX,1
MPHASIS,FY2026_Q1,Mphasis Corporation,Certified,H-1B,Software Engineer,Software Quality Assurance Analysts and Testers,135000,II,TX,1
TECHM,FY2026_Q1,"TECH MAHINDRA (AMERICAS), INC",Certified,H-1B,Software Engineer,Software Developers,175000,II,SC,1
HCLTECH,FY2026_Q1,HCL AMERICA INC,Certified,H-1B,Test Lead,Software Quality Assurance Analysts and Testers,112820,II,TX,1
CTSH,FY2026_Q1,COGNIZANT TECHNOLOGY SOLUTIONS US CORP,Certified,H-1B,Manager JC50 - Computer Systems Engineers/Architects,Computer Systems Engineers/Architects,107640,III,IL,1
WIT,FY2026_Q1,WIPRO LIMITED,Certified,H-1B,Techno Functional Consultant L1,Computer Systems Analysts,91874,II,FL,1
HCLTECH,FY2026_Q1,HCL AMERICA INC,Certified,H-1B,Technical Manager,Information Technology Project Managers,124446,II,WA,1
TECHM,FY2026_Q1,"TECH MAHINDRA (AMERICAS), INC",Certified,H-1B,Programmer Analyst,Computer Programmers,160000,II,NJ,1
HCLTECH,FY2026_Q1,HCL AMERICA INC,Certified,H-1B,Program Manager,Information Technology Project Managers,127029,III,IN,1
CTSH,FY2026_Q1,COGNIZANT TECHNOLOGY SOLUTIONS US CORP,Certified,H-1B,Senior Manager JC45 - Computer Systems Engineers/Architects,Computer Systems Engineers/Architects,144144,IV,AZ,1
LTIM,FY2026_Q1,LTIMindtree Limited,Certified,H-1B,Account Director,Sales Engineers,140379,III,CO,1
CTSH,FY2026_Q1,COGNIZANT TECHNOLOGY SOLUTIONS US CORP,Certified,H-1B,Manager JC50 - Database Administrators,Database Administrators,98446,III,MO,1
CTSH,FY2026_Q1,COGNIZANT TECHNOLOGY SOLUTIONS US CORP,Certified,H-1B,Manager JC50 - Database Administrators,Database Administrators,98446,III,MO,1
CAP,FY2026_Q1,CAPGEMINI AMERICA INC,Certified,H-1B,Solution Architect 3,Software Developers,158454,III,MN,1
CTSH,FY2026_Q1,COGNIZANT TECHNOLOGY SOLUTIONS US CORP,Certified,H-1B,Manager JC50 - Computer Systems Engineers/Architects,Computer Systems Engineers/Architects,110594,III,VA,1
CTSH,FY2026_Q1,COGNIZANT TECHNOLOGY SOLUTIONS US CORP,Certified,H-1B,Senior Manager JC45 - Management Analysts,Management Analysts,156645,IV,NJ,1
IBM,FY2026_Q1,IBM Corporation,Certified,H-1B,Software Developer,Software Developers,203882,IV,CA,1
IBM,FY2026_Q1,IBM Corporation,Certified,H-1B,Technical Support Professional “ Cloud Pak for Data,Software Developers,216320,II,CA,1
CAP,FY2026_Q1,Capgemini America Inc,Certified,H-1B,Business Systems Analyst 2,Computer Systems Analysts,92539,II,GA,1
INFY,FY2026_Q1,INFOSYS LIMITED,Certified,H-1B,Technology Consultant 2,Computer Systems Engineers/Architects,94952,II,NC,1
CAP,FY2026_Q1,CAPGEMINI AMERICA INC,Certified,H-1B,Software Engineer 2,Software Developers,130000,II,GA,1
TCS,FY2026_Q1,TATA CONSULTANCY SERVICES LIMITED,Certified,H-1B,Architect,Computer Systems Engineers/Architects,66685,II,MO,1
CTSH,FY2026_Q1,COGNIZANT TECHNOLOGY SOLUTIONS US CORP,Certified,H-1B,Manager JC50 - Computer Systems Engineers/Architects,Computer Systems Engineers/Architects,110157,III,MN,1
IBM,FY2026_Q1,IBM Corporation,Certified,H-1B,Business Sales & Delivery Leader,Information Technology Project Managers,224597,III,NY,1
CAP,FY2026_Q1,CAPGEMINI AMERICA INC,Certified,H-1B,Business Systems Analyst 2,Computer Systems Analysts,99198,II,IL,1
MPHASIS,FY2026_Q1,Mphasis Corporation,Certified,H-1B,Software Engineer,Computer Programmers,145000,II,VA,1
IBM,FY2026_Q1,IBM Corporation,Certified,H-1B,Senior Data Scientist,Data Scientists,202344,IV,NC,1
LTIM,FY2026_Q1,LTIMindtree Limited,Certified,H-1B,Software Developer,Software Developers,100547,II,OH,1
MPHASIS,FY2026_Q1,Mphasis Corporation,Certified,H-1B,Software Engineer,Computer Programmers,100000,I,GA,1
CTSH,FY2026_Q1,COGNIZANT TECHNOLOGY SOLUTIONS US CORP,Certified,H-1B,Manager JC50 - Computer Systems Engineers/Architects,Computer Systems Engineers/Architects,140837,III,DC,1
IBM,FY2026_Q1,IBM Corporation,Certified,H-1B,Staff Software Engineer,Software Developers,152000,II,MN,1
TCS,FY2026_Q1,TATA CONSULTANCY SERVICES LIMITED,Certified,H-1B,Analyst,Computer Systems Analysts,85238,II,OH,1
TCS,FY2026_Q1,TATA CONSULTANCY SERVICES LIMITED,Certified,H-1B,Architect,Computer Systems Engineers/Architects,91874,II,TX,1
CTSH,FY2026_Q1,COGNIZANT TECHNOLOGY SOLUTIONS US CORP,Certified,H-1B,Senior Manager JC45 - Management Analysts,Management Analysts,156645,IV,NJ,1
IBM,FY2026_Q1,IBM Corporation,Certified,H-1B,Oracle Technical Consultant,Computer Systems Analysts,128357,III,IL,1
LTIM,FY2026_Q1,LTIMindtree Limited,Certified,H-1B,Computer Systems Engineers/Architects,Computer Systems Engineers/Architects,80975,II,TX,1
TCS,FY2026_Q1,TATA CONSULTANCY SERVICES LIMITED,Certified,H-1B,Network Administrator,Network and Computer Systems Administrators,85800,II,NC,1
TCS,FY2026_Q1,Tata Consultancy Services Limited,Certified,H-1B,Architect,Computer Systems Engineers/Architects,94682,II,NJ,1
WIT,FY2026_Q1,WIPRO LIMITED,Certified,H-1B,Data and Analytics Architect L1,Database Architects,114379,II,TX,1
CTSH,FY2026_Q1,COGNIZANT TECHNOLOGY SOLUTIONS US CORP,Certified,H-1B,Manager JC50 - Computer Systems Engineers/Architects,Computer Systems Engineers/Architects,113797,III,NC,1
CAP,FY2026_Q1,CAPGEMINI AMERICA INC,Certified,H-1B,Applications Consultant 3,Software Developers,145860,III,TX,1
WIT,FY2026_Q1,WIPRO LIMITED,Certified,H-1B,Test Engineer L4,Software Quality Assurance Analysts and Testers,78624,II,OH,1
TCS,FY2026_Q1,TATA CONSULTANCY SERVICES LIMITED,Certified,H-1B,Technical Lead,Information Technology Project Managers,82285,II,IN,1
CTSH,FY2026_Q1,COGNIZANT TECHNOLOGY SOLUTIONS US CORP,Certified,H-1B,Senior Manager JC45 - Computer Systems Engineers/Architects,Computer Systems Engineers/Architects,142771,IV,NJ,1
TCS,FY2026_Q1,TATA CONSULTANCY SERVICES LIMITED,Certified,H-1B,Architect,Computer Systems Engineers/Architects,94682,II,NJ,1
CTSH,FY2026_Q1,COGNIZANT TECHNOLOGY SOLUTIONS US CORP,Certified,H-1B,Sr. Mgr. JC45 - Information Technology Project Managers,Information Technology Project Managers,112798,IV,MA,1
CTSH,FY2026_Q1,COGNIZANT TECHNOLOGY SOLUTIONS US CORP,Certified,H-1B,Senior Manager JC45 - Computer Systems Engineers/Architects,Computer Systems Engineers/Architects,130562,IV,GA,1
CTSH,FY2026_Q1,COGNIZANT TECHNOLOGY SOLUTIONS US CORP,Certified,H-1B,Manager JC50 - Software Developers,Software Developers,134514,III,AZ,1
CTSH,FY2026_Q1,COGNIZANT TECHNOLOGY SOLUTIONS US CORP,Certified,H-1B,Senior Manager JC45 - Computer Systems Engineers/Architects,Computer Systems Engineers/Architects,130562,IV,GA,1
CTSH,FY2026_Q1,COGNIZANT TECHNOLOGY SOLUTIONS US CORP,Certified,H-1B,Sr. Mgr. JC45 - Information Technology Project Managers,Information Technology Project Managers,130811,IV,PA,1
LTIM,FY2026_Q1,LTIMindtree Limited,Certified,H-1B,Computer Systems Analyst,Computer Systems Analysts,124052,II,CA,1
IBM,FY2026_Q1,IBM Corporation,Certified,H-1B,Security Specialist,Information Security Analysts,154530,II,NC,1
CAP,FY2026_Q1,Capgemini America Inc,Certified,H-1B,Test Consultant 2,Software Quality Assurance Analysts and Testers,107346,II,UT,1
IBM,FY2026_Q1,IBM Corporation,Certified,H-1B,Executive Cloud Architect,Software Developers,247516,IV,TX,1
HCLTECH,FY2026_Q1,HCL AMERICA INC,Certified,H-1B,System Analyst - III,Computer Systems Analysts,124010,III,CA,1
TCS,FY2026_Q1,TATA CONSULTANCY SERVICES LIMITED,Certified,H-1B,Analyst “ Testing,Software Quality Assurance Analysts and Testers,92310,II,NC,1
CTSH,FY2026_Q1,COGNIZANT TECHNOLOGY SOLUTIONS US CORP,Certified,H-1B,Senior Associate JC60 -Computer Systems Engineers/Architects,Computer Systems Engineers/Architects,90000,II,IA,1
CTSH,FY2026_Q1,COGNIZANT TECHNOLOGY SOLUTIONS US CORP,Certified,H-1B,Senior Manager JC45 - Computer Systems Engineers/Architects,Computer Systems Engineers/Architects,130562,IV,GA,1
CTSH,FY2026_Q1,COGNIZANT TECHNOLOGY SOLUTIONS US CORP,Certified,H-1B,Manager JC50 - Computer Systems Engineers/Architects,Computer Systems Engineers/Architects,110157,III,MN,1
WIT,FY2026_Q1,WIPRO LIMITED,Certified,H-1B,Data and Analytics Architect L1,Database Architects,114379,II,TX,1
WIT,FY2026_Q1,WIPRO LIMITED,Certified,H-1B,Program Manager L1,Information Technology Project Managers,104229,III,NY,1
IBM,FY2026_Q1,IBM Corporation,Certified,H-1B,Technical Lead,Computer Programmers,121867,III,NJ,1
MPHASIS,FY2026_Q1,Mphasis Corporation,Certified,H-1B,Software Architect,Computer Systems Engineers/Architects,155000,II,CA,1
CTSH,FY2026_Q1,COGNIZANT TECHNOLOGY SOLUTIONS US CORP,Certified,H-1B,Mgr. JC50 - Software Quality Assurance Analysts and Testers,Software Quality Assurance Analysts and Testers,105602,III,PA,1
INFY,FY2026_Q1,INFOSYS LIMITED,Certified,H-1B,Senior Associate - Business Consulting,Management Analysts,110302,III,TX,5
CAP,FY2026_Q1,CAPGEMINI AMERICA INC,Certified,H-1B,Business Systems Analyst 3,Computer Systems Analysts,130279,III,OH,1
CTSH,FY2026_Q1,COGNIZANT TECHNOLOGY SOLUTIONS US CORP,Certified,H-1B,Manager JC50 - Computer Systems Engineers/Architects,Computer Systems Engineers/Architects,110594,III,VA,1
CTSH,FY2026_Q1,COGNIZANT TECHNOLOGY SOLUTIONS US CORP,Certified,H-1B,Sr. Mgr. JC45 - Information Technology Project Managers,Information Technology Project Managers,113152,IV,GA,1
CAP,FY2026_Q1,CAPGEMINI AMERICA INC,Certified,H-1B,Electronics Engineer 3,"Electronics Engineers, Except Computer",140398,III,OK,1
TCS,FY2026_Q1,TATA CONSULTANCY SERVICES LIMITED,Certified,H-1B,Anti-Money Laundering Analytics Expert,Statisticians,90480,II,PA,1
TCS,FY2026_Q1,TATA CONSULTANCY SERVICES LIMITED,Certified,H-1B,Project Lead,Information Technology Project Managers,100235,IV,MO,1
CAP,FY2026_Q1,CAPGEMINI AMERICA INC,Certified - Withdrawn,H-1B,Enterprise Architect 3,Computer Systems Engineers/Architects,152000,III,NY,1
CAP,FY2026_Q1,CAPGEMINI AMERICA INC,Certified - Withdrawn,H-1B,Business Systems Analyst 3,Computer Systems Analysts,128000,III,NJ,1
CAP,FY2026_Q1,CAPGEMINI AMERICA INC,Certified - Withdrawn,H-1B,Business Systems Analyst 3,Computer Systems Analysts,158871,III,TX,1
CAP,FY2026_Q1,CAPGEMINI AMERICA INC,Certified - Withdrawn,H-1B,Applications Consultant 4,Software Developers,160000,IV,IL,1
CAP,FY2026_Q1,CAPGEMINI AMERICA INC,Certified - Withdrawn,H-1B,Programmer/ Developer 3,Computer Programmers,130000,III,TX,1
CAP,FY2026_Q1,CAPGEMINI AMERICA INC,Certified - Withdrawn,H-1B,Applications Consultant 3,Software Developers,128000,III,TX,1
CAP,FY2026_Q1,CAPGEMINI AMERICA INC,Certified - Withdrawn,H-1B,Project Manager 3,Information Technology Project Managers,121900,III,NJ,1
CAP,FY2026_Q1,CAPGEMINI AMERICA INC,Certified - Withdrawn,H-1B,Business Systems Analyst 3,Computer Systems Analysts,140000,III,NJ,1
CAP,FY2026_Q1,CAPGEMINI AMERICA INC,Certified - Withdrawn,H-1B,Project Manager 3,Information Technology Project Managers,125000,III,GA,1
CAP,FY2026_Q1,CAPGEMINI AMERICA INC,Withdrawn,H-1B,Project Manager 3,Information Technology Project Managers,122158,III,CT,1
ACN,FY2026_Q1,Accenture LLP,Withdrawn,H-1B,Packaged App Development Assoc Manager,Computer Systems Analysts,94910,III,KY,1
LTIM,FY2026_Q1,LTIMindtree Limited,Withdrawn,H-1B,Associate Principal - Architecture,Database Architects,133400,II,TX,1
CAP,FY2026_Q1,CAPGEMINI AMERICA INC,Withdrawn,H-1B,Business Systems Analyst 3,Computer Systems Analysts,127234,III,NJ,1
CAP,FY2026_Q1,CAPGEMINI AMERICA INC,Certified - Withdrawn,H-1B,Test Consultant 3,Software Quality Assurance Analysts and Testers,103017,III,WI,1
TECHM,FY2026_Q1,"TECH MAHINDRA (AMERICAS), INC",Certified - Withdrawn,H-1B,Software Engineer,Software Developers,161637,II,CA,1
TECHM,FY2026_Q1,"TECH MAHINDRA (AMERICAS), INC",Certified - Withdrawn,H-1B,"Software Developer, Systems Software ",Software Developers,110365,II,NC,1
TECHM,FY2026_Q1,"TECH MAHINDRA (AMERICAS), INC",Withdrawn,H-1B,Systems Analyst,Computer Systems Analysts,120689,II,MI,1
CTSH,FY2026_Q1,COGNIZANT TECHNOLOGY SOLUTIONS US CORP,Certified - Withdrawn,H-1B,AD JC40 - Computer and Information Systems Managers,Computer and Information Systems Managers,255944,IV,NJ,1
CAP,FY2026_Q1,CAPGEMINI AMERICA INC,Certified - Withdrawn,H-1B,Test Consultant 2,Software Quality Assurance Analysts and Testers,93730,II,TX,1
CAP,FY2026_Q1,CAPGEMINI AMERICA INC,Certified - Withdrawn,H-1B,Project Manager 3,Information Technology Project Managers,137000,III,WA,1
IBM,FY2026_Q1,IBM Corporation,Withdrawn,H-1B,Technical Lead,Computer Systems Analysts,127234,III,NY,1
CAP,FY2026_Q1,Capgemini America Inc,Certified - Withdrawn,H-1B,Business Analyst 2,Management Analysts,76000,II,OH,1
CAP,FY2026_Q1,Capgemini America Inc,Certified - Withdrawn,H-1B,Applications Consultant 2,Software Developers,122000,II,PA,1
CAP,FY2026_Q1,Capgemini America Inc,Certified - Withdrawn,H-1B,Test Consultant 2,Software Quality Assurance Analysts and Testers,92870,II,TX,1
