<?xml version="1.0" encoding="utf-8" ?>
<kml xmlns="http://www.opengis.net/kml/2.2">
<Document id="root_doc">
<Schema name="1340_RR" id="1340_RR">
	<SimpleField name="timestamp" type="string"></SimpleField>
	<SimpleField name="begin" type="string"></SimpleField>
	<SimpleField name="end" type="string"></SimpleField>
	<SimpleField name="altitudeMode" type="string"></SimpleField>
	<SimpleField name="tessellate" type="int"></SimpleField>
	<SimpleField name="extrude" type="int"></SimpleField>
	<SimpleField name="visibility" type="int"></SimpleField>
	<SimpleField name="drawOrder" type="int"></SimpleField>
	<SimpleField name="icon" type="string"></SimpleField>
	<SimpleField name="snippet" type="string"></SimpleField>
</Schema>
<Folder><name>1340_RR</name>
  <Placemark>
	<name>Oromiya</name>
	<description>&lt;html xmlns:fo=&quot;http://www.w3.org/1999/XSL/Format&quot; xmlns:msxsl=&quot;urn:schemas-microsoft-com:xslt&quot;&gt;

&lt;head&gt;

&lt;META http-equiv=&quot;Content-Type&quot; content=&quot;text/html&quot;&gt;

&lt;meta http-equiv=&quot;content-type&quot; content=&quot;text/html; charset=UTF-8&quot;&gt;

&lt;/head&gt;

&lt;body style=&quot;margin:0px 0px 0px 0px;overflow:auto;background:#FFFFFF;&quot;&gt;

&lt;table style=&quot;font-family:Arial,Verdana,Times;font-size:12px;text-align:left;width:100%;border-collapse:collapse;padding:3px 3px 3px 3px&quot;&gt;

&lt;tr style=&quot;text-align:center;font-weight:bold;background:#9CBCE2&quot;&gt;

&lt;td&gt;Oromiya&lt;/td&gt;

&lt;/tr&gt;

&lt;tr&gt;

&lt;td&gt;

&lt;table style=&quot;font-family:Arial,Verdana,Times;font-size:12px;text-align:left;width:100%;border-spacing:0px; padding:3px 3px 3px 3px&quot;&gt;

&lt;tr&gt;

&lt;td&gt;FID&lt;/td&gt;

&lt;td&gt;0&lt;/td&gt;

&lt;/tr&gt;

&lt;tr bgcolor=&quot;#D4E4F3&quot;&gt;

&lt;td&gt;R_NAME&lt;/td&gt;

&lt;td&gt;Oromiya&lt;/td&gt;

&lt;/tr&gt;

&lt;tr&gt;

&lt;td&gt;R_CODE&lt;/td&gt;

&lt;td&gt;4&lt;/td&gt;

&lt;/tr&gt;

&lt;tr bgcolor=&quot;#D4E4F3&quot;&gt;

&lt;td&gt;Z_NAME&lt;/td&gt;

&lt;td&gt;Bale&lt;/td&gt;

&lt;/tr&gt;

&lt;tr&gt;

&lt;td&gt;Z_CODE&lt;/td&gt;

&lt;td&gt;411&lt;/td&gt;

&lt;/tr&gt;

&lt;tr bgcolor=&quot;#D4E4F3&quot;&gt;

&lt;td&gt;W_NAME&lt;/td&gt;

&lt;td&gt;GOLOLCHA&lt;/td&gt;

&lt;/tr&gt;

&lt;tr&gt;

&lt;td&gt;W_CODE&lt;/td&gt;

&lt;td&gt;41105&lt;/td&gt;

&lt;/tr&gt;

&lt;tr bgcolor=&quot;#D4E4F3&quot;&gt;

&lt;td&gt;RK_NAME&lt;/td&gt;

&lt;td&gt;DIRE SHEK HUSEN&lt;/td&gt;

&lt;/tr&gt;

&lt;tr&gt;

&lt;td&gt;RK_CODE&lt;/td&gt;

&lt;td&gt;41105005&lt;/td&gt;

&lt;/tr&gt;

&lt;tr bgcolor=&quot;#D4E4F3&quot;&gt;

&lt;td&gt;COUNT&lt;/td&gt;

&lt;td&gt;5&lt;/td&gt;

&lt;/tr&gt;

&lt;/table&gt;

&lt;/td&gt;

&lt;/tr&gt;

&lt;/table&gt;

&lt;/body&gt;

&lt;/html&gt;

</description>
	<Style><LineStyle><color>ff0000ff</color></LineStyle><PolyStyle><fill>0</fill></PolyStyle></Style>
	<ExtendedData><SchemaData schemaUrl="#1340_RR">
		<SimpleData name="altitudeMode">clampToGround</SimpleData>
		<SimpleData name="tessellate">-1</SimpleData>
		<SimpleData name="extrude">0</SimpleData>
		<SimpleData name="visibility">-1</SimpleData>
		<SimpleData name="snippet"></SimpleData>
	</SchemaData></ExtendedData>
      <MultiGeometry><Polygon><outerBoundaryIs><LinearRing><coordinates>40.8071256842521,7.60486622799919,0 40.8069196065801,7.6049374902852,0 40.8061028764806,7.60500582536376,0 40.8042925020108,7.60515729232598,0 40.8025986481288,7.6052990036587,0 40.8022529303846,7.60555626314019,0 40.7999314302813,7.60728375139924,0 40.7983376520233,7.60945105969164,0 40.7994125649991,7.61039078004231,0 40.7997113420303,7.61127721700584,0 40.7996008430992,7.61140700539769,0 40.7993613386642,7.61168831587676,0 40.7986008590523,7.61186939511376,0 40.797984724784,7.61201610297464,0 40.7978958389881,7.6120266608503,0 40.7978171643627,7.61203600582545,0 40.7964008428194,7.61255322964938,0 40.7941831730481,7.61336308542308,0 40.7912542198306,7.61494544260647,0 40.7899230270776,7.61582257621838,0 40.7881803823035,7.61697080861059,0 40.7866199435022,7.61800335860317,0 40.7858397210213,7.61851963212341,0 40.7824332571278,7.62051978560178,0 40.7798485229221,7.62181701832046,0 40.7788622479322,7.62259348470284,0 40.7781743571809,7.62378804755611,0 40.7778854195226,7.62428980304541,0 40.7778693570705,7.62430610854529,0 40.7761098499669,7.62609223306207,0 40.7725131920674,7.62902380325762,0 40.7823956179098,7.60999102679321,0 40.783704358474,7.60804709847701,0 40.784241118691,7.60792281494015,0 40.7890704201725,7.60689818621958,0 40.7902099841383,7.60649159134307,0 40.7908812950463,7.6064888200825,0 40.7915512162182,7.60615114313911,0 40.7928261486115,7.60601191138277,0 40.7941670970527,7.60560447507076,0 40.7958058488688,7.60510415447426,0 40.7955915591892,7.60484973453964,0 40.7937743018972,7.60371855812474,0 40.7895674016597,7.6010231521118,0 40.7888125189541,7.60045956444779,0 40.8115953400812,7.5666153466131,0 40.8202467676496,7.53886945503684,0 40.8343417060719,7.49366093719673,0 40.8543841334147,7.50710222126482,0 40.8544008351759,7.50723113531625,0 40.8545476911879,7.50794815905173,0 40.8550549978513,7.50887895350179,0 40.8554203183381,7.51024093261145,0 40.8553460210228,7.51171504160126,0 40.8553208289905,7.51221487179234,0 40.8551824937816,7.51350721415472,0 40.8551227679932,7.51637803932023,0 40.8546042449654,7.51821867270739,0 40.8544143406557,7.51889278557687,0 40.8542193114711,7.51988784995195,0 40.8541764185377,7.52010669507004,0 40.8540808842152,7.52059412284815,0 40.8540072837353,7.52096964120174,0 40.8538454599859,7.52179528424789,0 40.853710477662,7.52248397840117,0 40.8536516696354,7.52557009408069,0 40.8548095524704,7.52728753863649,0 40.8558205715426,7.52828795747309,0 40.8569757221218,7.52935952607995,0 40.8589519348823,7.53071668480279,0 40.8595721540784,7.53114261458905,0 40.8602939211322,7.53159667974259,0 40.860365316558,7.53164159462274,0 40.8596691275776,7.53232335143433,0 40.8593229139698,7.53266238692938,0 40.8588522845729,7.53312325759097,0 40.8577156151892,7.53423635240553,0 40.8549954973055,7.53719022117972,0 40.8542612721213,7.53803589550825,0 40.8515246827021,7.54118784300258,0 40.8504505623075,7.54226885482163,0 40.8514655838131,7.54420219717418,0 40.8520494391136,7.54620912624557,0 40.8519114131882,7.54757323370952,0 40.8518468010392,7.54812476057057,0 40.8518009042689,7.548516533699,0 40.851740162367,7.54903502436242,0 40.8516338346962,7.54994263360346,0 40.8516151195498,7.5504073235275,0 40.851503751915,7.55317258078931,0 40.8511545652929,7.55561404924166,0 40.851235649498,7.55776663589387,0 40.8509596029123,7.56049485203686,0 40.850467195725,7.56308045780586,0 40.8496764190756,7.56315557643022,0 40.8477343644781,7.56309204355997,0 40.8472321686772,7.56338122868877,0 40.8472397140185,7.56386073474339,0 40.8472640765141,7.56430077230543,0 40.8477370219576,7.56490783478548,0 40.8483206347008,7.5656106131042,0 40.8491413045641,7.56712471765491,0 40.8493708252121,7.56808957012725,0 40.8494701442319,7.56858318771094,0 40.8496823290729,7.56952495046166,0 40.8498911233456,7.57126554604799,0 40.8502281686559,7.57159901517874,0 40.8507691569162,7.57253443788618,0 40.8512415946878,7.57313525061626,0 40.8514371203242,7.57415187596366,0 40.8509002678162,7.57447091167243,0 40.8502555974596,7.57548277981812,0 40.8499447610244,7.5761621279611,0 40.8497945873008,7.57653624574709,0 40.8483147877632,7.57945013440514,0 40.8480041692733,7.58044758796244,0 40.8486519913776,7.58216250307522,0 40.8499766087512,7.5853447264608,0 40.8520247961855,7.58966689889844,0 40.8532713326182,7.59143023728247,0 40.8548432231053,7.59365378729928,0 40.8548515491424,7.59368067042312,0 40.8551940126473,7.59478641290762,0 40.8562164427607,7.59839895237031,0 40.8562726408222,7.59993317800714,0 40.8562924879415,7.60047499964444,0 40.8563650828221,7.60174730438138,0 40.8563680940871,7.60244813901667,0 40.8563728536137,7.60355572419282,0 40.8557073271403,7.60489816632033,0 40.8557708161018,7.60562087770658,0 40.8516970155692,7.60622001301964,0 40.8512662020995,7.60612975368001,0 40.8508353881195,7.60603949374455,0 40.8485230188321,7.6054080321413,0 40.8481482710583,7.60530569463239,0 40.8456098202162,7.60461247465875,0 40.838470633372,7.60466029978754,0 40.8366838153771,7.60493060137576,0 40.8321906537756,7.60472470624725,0 40.8319651878808,7.60471437322786,0 40.8291410056623,7.60503196803554,0 40.8274156630524,7.60484374144972,0 40.8249103564283,7.60460254116917,0 40.8221243281621,7.60433429648832,0 40.8189573887956,7.60436227715851,0 40.8145692138119,7.60569886892426,0 40.812098106066,7.60527355813839,0 40.807728331416,7.60465782175887,0 40.8071256842521,7.60486622799919,0</coordinates></LinearRing></outerBoundaryIs></Polygon><Polygon><outerBoundaryIs><LinearRing><coordinates>40.7678815886618,7.70783929297762,0 40.7642019146983,7.71326081712115,0 40.7639161343486,7.71521252850258,0 40.7632780102796,7.71957052510664,0 40.7619650618589,7.72127164540714,0 40.7609456794884,7.72259239708583,0 40.7603355181224,7.72614735141232,0 40.7603432186192,7.7263084537182,0 40.7605278149286,7.73017024210996,0 40.7602202216843,7.7312052632897,0 40.7599126274607,7.73224028453804,0 40.75579300955,7.74162119646569,0 40.7545072651679,7.74361940702232,0 40.7522294517361,7.7469868537975,0 40.7512198399854,7.74951539318548,0 40.750812964746,7.75053439380233,0 40.7512422889924,7.75392743433495,0 40.7527002638244,7.75807622707082,0 40.7521416302215,7.76232146385706,0 40.7514871034428,7.76417876425033,0 40.7512540258319,7.76484014788049,0 40.750723600248,7.76658493870335,0 40.7504656298098,7.76743350759356,0 40.6837318225901,7.76179727793951,0 40.6412441123141,7.7521349580914,0 40.6414607905093,7.75208004016732,0 40.642049714309,7.75154187554312,0 40.6421519762722,7.75020174626278,0 40.6419889260034,7.74972007025055,0 40.6415047596824,7.74956116817535,0 40.6411809445844,7.74918728997474,0 40.6412873608742,7.74891893283544,0 40.6420911889358,7.74837994092612,0 40.643160324919,7.74698249467002,0 40.6432619621498,7.74548160007235,0 40.6430445642627,7.74483936563049,0 40.642773648485,7.74425092659018,0 40.6422341022091,7.743663522223,0 40.6422847157752,7.74285948604501,0 40.6414744678374,7.74173722848965,0 40.6413114235674,7.74125555118994,0 40.6413639055332,7.74093381252271,0 40.6420052984666,7.74007391234656,0 40.6420575725412,7.73969858509015,0 40.6416798333359,7.73927132383251,0 40.6413568570104,7.73911179856955,0 40.6416777601154,7.73873543743587,0 40.642160046877,7.73841204432253,0 40.6424807413469,7.73798209421234,0 40.6425840445672,7.73690990808272,0 40.6431696307544,7.73551432854091,0 40.6438655686057,7.73486857534154,0 40.6446114934368,7.73325802007391,0 40.6454702610747,7.73304035284734,0 40.6461666067914,7.73250177448092,0 40.6465932885152,7.73169628891981,0 40.6464833465598,7.73105364099259,0 40.646023261557,7.73017119086738,0 40.646075740231,7.72984945249769,0 40.6462895996767,7.72958068133874,0 40.6465020052283,7.72893679038672,0 40.6462839937238,7.7281337907386,0 40.6459060562584,7.72765294317753,0 40.6457444687334,7.72754638709987,0 40.6460110139459,7.72700946649318,0 40.6461682427219,7.72599066295773,0 40.6464874728606,7.72518559261152,0 40.6468060793539,7.72421975663783,0 40.6466948962298,7.7232555769484,0 40.6470126715496,7.72207538698862,0 40.6469550053611,7.72105741172045,0 40.647381678524,7.7202519276927,0 40.6475401500091,7.71955465574601,0 40.6480769656231,7.71944540824759,0 40.648504258347,7.71880068934967,0 40.6489840267326,7.71783423215529,0 40.6494117321993,7.71729668990676,0 40.6497832211991,7.71611629294206,0 40.6505324280852,7.71536315301802,0 40.6514936113636,7.71385894474933,0 40.6522925827163,7.71208741584094,0 40.6532010722157,7.71085135576082,0 40.6542184568518,7.70998999825846,0 40.654916422431,7.70988012223406,0 40.6566346813804,7.70965911977725,0 40.6578686091624,7.70922563032087,0 40.6583498080059,7.70863428685173,0 40.6584286170406,7.70817847449644,0 40.65928815856,7.70817514442636,0 40.6597718592582,7.70822685873087,0 40.6607377984878,7.70795516822332,0 40.6631539988705,7.70762425643402,0 40.6655175188927,7.70756148110039,0 40.6670758490548,7.7076625948321,0 40.6683097544051,7.70722907873006,0 40.6692746323318,7.70668943073725,0 40.6700239943944,7.70598985518111,0 40.6707699931157,7.70443287187942,0 40.6715210299605,7.70416199833551,0 40.6722193962238,7.70415927284856,0 40.6728080082307,7.70356749909656,0 40.6725364631039,7.70281831733321,0 40.672857102822,7.70238835595543,0 40.6733934638161,7.7021719068605,0 40.6737141021855,7.70174194511877,0 40.6739791267245,7.7008299024161,0 40.6736551242889,7.70040245833651,0 40.6733858937059,7.70024274350701,0 40.6738670597969,7.6996513891331,0 40.6748287570044,7.69830791606273,0 40.6749842356928,7.69686041486287,0 40.6745504842708,7.69584392423973,0 40.6748711179061,7.69541396278409,0 40.6749193695642,7.69402046901707,0 40.6750788446138,7.69359113696165,0 40.6754523541703,7.69294661440747,0 40.6753430236049,7.69246474344352,0 40.6751279376815,7.69241199462961,0 40.6749126415628,7.69230565784488,0 40.6750710652007,7.69160838665345,0 40.6756609205734,7.69133814022892,0 40.6760350588784,7.69085438118966,0 40.6761389206969,7.68994296856808,0 40.6767805980983,7.68919022116011,0 40.6780135960909,7.68854233925521,0 40.678923648558,7.6877349520325,0 40.6792994654118,7.68767989348918,0 40.6797841934533,7.68799952835854,0 40.6802135177,7.68789067106483,0 40.68112419646,7.68724404342986,0 40.6817157282623,7.68740249217031,0 40.6820944979355,7.68809765862851,0 40.6826866643316,7.68841686863185,0 40.6837060425861,7.68809134068138,0 40.6841854918081,7.68707127958217,0 40.6841294503,7.68648202659129,0 40.6836691528158,7.68554603392272,0 40.684204852483,7.68516881405102,0 40.6851176314201,7.68505805631642,0 40.6855979204572,7.68425234527741,0 40.6862412630032,7.68392828946846,0 40.6869381104041,7.68355043438385,0 40.686934726744,7.68269303370833,0 40.6872014101056,7.68220969101798,0 40.6881704373412,7.68274176746476,0 40.6892449955149,7.68279113137437,0 40.6906399496989,7.68235693715662,0 40.6918716282054,7.68138749961277,0 40.6928901304343,7.68084760537995,0 40.6938014082272,7.68036172014841,0 40.6940665960757,7.67950326368115,0 40.6942230763246,7.67832370666668,0 40.6939506734563,7.6773601928286,0 40.6944326361242,7.67698317593665,0 40.6950220306485,7.67660573509727,0 40.6957213502905,7.67516279552969,0 40.695449584725,7.67436004478605,0 40.6956089956085,7.67403881934214,0 40.747464891208,7.66651904585111,0 40.7503429566869,7.66343747264242,0 40.7539213203512,7.66330773779255,0 40.75391200154,7.66103034551401,0 40.7540239901318,7.65949607505918,0 40.7600280267411,7.65306717622303,0 40.7658485674409,7.64185852838323,0 40.764701504252,7.6488786323516,0 40.7650429065004,7.65531480166432,0 40.7686605778603,7.66241388673267,0 40.7707830695348,7.66926875242934,0 40.7697516522902,7.67477313814735,0 40.7686539139696,7.67649288290595,0 40.7669454238593,7.67916942051743,0 40.766578201665,7.6814633176256,0 40.7683675880886,7.68705158714584,0 40.7685490809398,7.69216505130139,0 40.7693921194541,7.70038691819241,0 40.7688973527265,7.70282792930622,0 40.7678815886618,7.70783929297762,0</coordinates></LinearRing></outerBoundaryIs></Polygon></MultiGeometry>
  </Placemark>
  <Placemark>
	<name>Oromiya</name>
	<description>&lt;html xmlns:fo=&quot;http://www.w3.org/1999/XSL/Format&quot; xmlns:msxsl=&quot;urn:schemas-microsoft-com:xslt&quot;&gt;

&lt;head&gt;

&lt;META http-equiv=&quot;Content-Type&quot; content=&quot;text/html&quot;&gt;

&lt;meta http-equiv=&quot;content-type&quot; content=&quot;text/html; charset=UTF-8&quot;&gt;

&lt;/head&gt;

&lt;body style=&quot;margin:0px 0px 0px 0px;overflow:auto;background:#FFFFFF;&quot;&gt;

&lt;table style=&quot;font-family:Arial,Verdana,Times;font-size:12px;text-align:left;width:100%;border-collapse:collapse;padding:3px 3px 3px 3px&quot;&gt;

&lt;tr style=&quot;text-align:center;font-weight:bold;background:#9CBCE2&quot;&gt;

&lt;td&gt;Oromiya&lt;/td&gt;

&lt;/tr&gt;

&lt;tr&gt;

&lt;td&gt;

&lt;table style=&quot;font-family:Arial,Verdana,Times;font-size:12px;text-align:left;width:100%;border-spacing:0px; padding:3px 3px 3px 3px&quot;&gt;

&lt;tr&gt;

&lt;td&gt;FID&lt;/td&gt;

&lt;td&gt;1&lt;/td&gt;

&lt;/tr&gt;

&lt;tr bgcolor=&quot;#D4E4F3&quot;&gt;

&lt;td&gt;R_NAME&lt;/td&gt;

&lt;td&gt;Oromiya&lt;/td&gt;

&lt;/tr&gt;

&lt;tr&gt;

&lt;td&gt;R_CODE&lt;/td&gt;

&lt;td&gt;4&lt;/td&gt;

&lt;/tr&gt;

&lt;tr bgcolor=&quot;#D4E4F3&quot;&gt;

&lt;td&gt;Z_NAME&lt;/td&gt;

&lt;td&gt;Bale&lt;/td&gt;

&lt;/tr&gt;

&lt;tr&gt;

&lt;td&gt;Z_CODE&lt;/td&gt;

&lt;td&gt;411&lt;/td&gt;

&lt;/tr&gt;

&lt;tr bgcolor=&quot;#D4E4F3&quot;&gt;

&lt;td&gt;W_NAME&lt;/td&gt;

&lt;td&gt;GOLOLCHA&lt;/td&gt;

&lt;/tr&gt;

&lt;tr&gt;

&lt;td&gt;W_CODE&lt;/td&gt;

&lt;td&gt;41105&lt;/td&gt;

&lt;/tr&gt;

&lt;tr bgcolor=&quot;#D4E4F3&quot;&gt;

&lt;td&gt;RK_NAME&lt;/td&gt;

&lt;td&gt;BULALA HARER&lt;/td&gt;

&lt;/tr&gt;

&lt;tr&gt;

&lt;td&gt;RK_CODE&lt;/td&gt;

&lt;td&gt;41105013&lt;/td&gt;

&lt;/tr&gt;

&lt;tr bgcolor=&quot;#D4E4F3&quot;&gt;

&lt;td&gt;COUNT&lt;/td&gt;

&lt;td&gt;3&lt;/td&gt;

&lt;/tr&gt;

&lt;/table&gt;

&lt;/td&gt;

&lt;/tr&gt;

&lt;/table&gt;

&lt;/body&gt;

&lt;/html&gt;

</description>
	<Style><LineStyle><color>ff0000ff</color></LineStyle><PolyStyle><fill>0</fill></PolyStyle></Style>
	<ExtendedData><SchemaData schemaUrl="#1340_RR">
		<SimpleData name="altitudeMode">clampToGround</SimpleData>
		<SimpleData name="tessellate">-1</SimpleData>
		<SimpleData name="extrude">0</SimpleData>
		<SimpleData name="visibility">-1</SimpleData>
		<SimpleData name="snippet"></SimpleData>
	</SchemaData></ExtendedData>
      <MultiGeometry><Polygon><outerBoundaryIs><LinearRing><coordinates>40.5810819333142,7.34486259020051,0 40.5812307488432,7.34492141212801,0 40.5846288235337,7.34520693062997,0 40.5873111021655,7.34531645357534,0 40.5883842665259,7.34543165761577,0 40.5910069459038,7.34554136888387,0 40.5924972866699,7.34565508372833,0 40.5926230473727,7.3474991422009,0 40.5926287687001,7.34910562588095,0 40.592454215658,7.35029624851471,0 40.593349447317,7.35065007001486,0 40.5939464811832,7.35094544919977,0 40.5947216710064,7.35106169372121,0 40.5952578346247,7.35100028688732,0 40.5956115959558,7.3499280274084,0 40.5966258098201,7.35022191868839,0 40.5978801146334,7.35099095207513,0 40.5984771506964,7.35128632447907,0 40.5990739745652,7.35152219671482,0 40.5993130022929,7.3516998442165,0 40.5997921231239,7.35235263459256,0 40.5995003121124,7.35407917389093,0 40.5997232462331,7.35410455200804,0 40.6005138972713,7.35419455628825,0 40.6016468908784,7.35436900956204,0 40.6025005081941,7.35436595899825,0 40.6031368296799,7.35436368392524,0 40.6050448046642,7.35459485595881,0 40.6066541505977,7.35464859065709,0 40.6068876192484,7.35327926002059,0 40.6072977391013,7.35131429912376,0 40.6077050761002,7.34857585207244,0 40.6081767140733,7.34714616868533,0 40.6091894248194,7.34702353875776,0 40.6098464839438,7.34743767966436,0 40.6109205049146,7.34779082287586,0 40.6116961159948,7.34802603597228,0 40.612471513087,7.34820174873206,0 40.6131279322695,7.34843738738594,0 40.6136655884661,7.34879245121683,0 40.613726688041,7.34920872828538,0 40.6134321407095,7.35016178063042,0 40.6137929424467,7.35105297581546,0 40.614629231376,7.35158546150775,0 40.6152239095091,7.35122632304525,0 40.6155195280121,7.3505707638446,0 40.6161150643408,7.35044961944503,0 40.6164715684056,7.3501508374291,0 40.6167686906082,7.34991176872308,0 40.6171837142455,7.34931527815384,0 40.6174799746001,7.34883821450822,0 40.6179560996614,7.34865799933769,0 40.6187306364571,7.34859570597492,0 40.6195667085087,7.34906868362879,0 40.6206483955824,7.34926099849591,0 40.6215680402369,7.35040018875265,0 40.6217483405056,7.35081603208848,0 40.6230614075417,7.3513467757494,0 40.6243153128673,7.35199672765099,0 40.6250238700983,7.35253925864181,0 40.6254611454419,7.35537885537444,0 40.6255138521646,7.35551523124765,0 40.6254608500701,7.35562202812382,0 40.6258214639241,7.35645370881387,0 40.6256452710533,7.35716833821895,0 40.6262462264725,7.35853463864637,0 40.6269567475826,7.35928533992965,0 40.6269807464165,7.35931069583067,0 40.6271995804823,7.35987690262813,0 40.6279018984862,7.3615999538168,0 40.6265878549214,7.36226185797916,0 40.6248461930342,7.36307204158467,0 40.6231050109782,7.36401619492385,0 40.6204251486849,7.36516470742715,0 40.6185458570572,7.36503752900382,0 40.6164657494078,7.36504504496033,0 40.6145200826887,7.3651190551357,0 40.6133796185213,7.3651901556725,0 40.612440454714,7.36526052833124,0 40.6117172047162,7.36517822227474,0 40.6101580711416,7.36500078824745,0 40.608682101464,7.3650730835217,0 40.6072725068918,7.36494416881414,0 40.6061998621014,7.36521597468779,0 40.6061988349067,7.36534148784135,0 40.6061765631551,7.36806309067335,0 40.6059832216188,7.37027442149125,0 40.6058596373206,7.37322238084603,0 40.6049868304068,7.37309153631476,0 40.6042484685351,7.37302719672279,0 40.6031748380441,7.37303104700065,0 40.601766660203,7.37330404961232,0 40.6010331108283,7.3745794702648,0 40.6003700294229,7.37679248643427,0 40.5995003417563,7.37753248052184,0 40.5992304877314,7.37713151109736,0 40.5988259481186,7.37659704479007,0 40.5979502500531,7.3756623270288,0 40.5971399773145,7.37425844817952,0 40.596128403943,7.37285528522242,0 40.5957909744989,7.37232057494906,0 40.5954504291405,7.37091501412106,0 40.5951139610749,7.37064825673709,0 40.5939070857804,7.37092051616163,0 40.592431561068,7.37112673971604,0 40.5904998443557,7.37126664371182,0 40.5906604839766,7.36609373748302,0 40.5906539079329,7.3642492558438,0 40.590598806885,7.36424450851631,0 40.5853478798564,7.36379207350688,0 40.5834911306908,7.36367390778758,0 40.5791740337737,7.36339913218954,0 40.5795899050775,7.36193815926545,0 40.5799965709538,7.35896170117219,0 40.5804047090896,7.3564017415796,0 40.580812845601,7.35384178232864,0 40.5812235062587,7.35199582002269,0 40.5808644460528,7.35158058266037,0 40.5810329292631,7.34866446578228,0 40.5810834820684,7.34610576727229,0 40.5810310120011,7.34512731191073,0 40.5810196794634,7.34491598244631,0 40.5810819333142,7.34486259020051,0</coordinates></LinearRing></outerBoundaryIs></Polygon></MultiGeometry>
  </Placemark>
  <Placemark>
	<name>Oromiya</name>
	<description>&lt;html xmlns:fo=&quot;http://www.w3.org/1999/XSL/Format&quot; xmlns:msxsl=&quot;urn:schemas-microsoft-com:xslt&quot;&gt;

&lt;head&gt;

&lt;META http-equiv=&quot;Content-Type&quot; content=&quot;text/html&quot;&gt;

&lt;meta http-equiv=&quot;content-type&quot; content=&quot;text/html; charset=UTF-8&quot;&gt;

&lt;/head&gt;

&lt;body style=&quot;margin:0px 0px 0px 0px;overflow:auto;background:#FFFFFF;&quot;&gt;

&lt;table style=&quot;font-family:Arial,Verdana,Times;font-size:12px;text-align:left;width:100%;border-collapse:collapse;padding:3px 3px 3px 3px&quot;&gt;

&lt;tr style=&quot;text-align:center;font-weight:bold;background:#9CBCE2&quot;&gt;

&lt;td&gt;Oromiya&lt;/td&gt;

&lt;/tr&gt;

&lt;tr&gt;

&lt;td&gt;

&lt;table style=&quot;font-family:Arial,Verdana,Times;font-size:12px;text-align:left;width:100%;border-spacing:0px; padding:3px 3px 3px 3px&quot;&gt;

&lt;tr&gt;

&lt;td&gt;FID&lt;/td&gt;

&lt;td&gt;2&lt;/td&gt;

&lt;/tr&gt;

&lt;tr bgcolor=&quot;#D4E4F3&quot;&gt;

&lt;td&gt;R_NAME&lt;/td&gt;

&lt;td&gt;Oromiya&lt;/td&gt;

&lt;/tr&gt;

&lt;tr&gt;

&lt;td&gt;R_CODE&lt;/td&gt;

&lt;td&gt;4&lt;/td&gt;

&lt;/tr&gt;

&lt;tr bgcolor=&quot;#D4E4F3&quot;&gt;

&lt;td&gt;Z_NAME&lt;/td&gt;

&lt;td&gt;Bale&lt;/td&gt;

&lt;/tr&gt;

&lt;tr&gt;

&lt;td&gt;Z_CODE&lt;/td&gt;

&lt;td&gt;411&lt;/td&gt;

&lt;/tr&gt;

&lt;tr bgcolor=&quot;#D4E4F3&quot;&gt;

&lt;td&gt;W_NAME&lt;/td&gt;

&lt;td&gt;GOLOLCHA&lt;/td&gt;

&lt;/tr&gt;

&lt;tr&gt;

&lt;td&gt;W_CODE&lt;/td&gt;

&lt;td&gt;41105&lt;/td&gt;

&lt;/tr&gt;

&lt;tr bgcolor=&quot;#D4E4F3&quot;&gt;

&lt;td&gt;RK_NAME&lt;/td&gt;

&lt;td&gt;HAMERA&lt;/td&gt;

&lt;/tr&gt;

&lt;tr&gt;

&lt;td&gt;RK_CODE&lt;/td&gt;

&lt;td&gt;41105017&lt;/td&gt;

&lt;/tr&gt;

&lt;tr bgcolor=&quot;#D4E4F3&quot;&gt;

&lt;td&gt;COUNT&lt;/td&gt;

&lt;td&gt;3&lt;/td&gt;

&lt;/tr&gt;

&lt;/table&gt;

&lt;/td&gt;

&lt;/tr&gt;

&lt;/table&gt;

&lt;/body&gt;

&lt;/html&gt;

</description>
	<Style><LineStyle><color>ff0000ff</color></LineStyle><PolyStyle><fill>0</fill></PolyStyle></Style>
	<ExtendedData><SchemaData schemaUrl="#1340_RR">
		<SimpleData name="altitudeMode">clampToGround</SimpleData>
		<SimpleData name="tessellate">-1</SimpleData>
		<SimpleData name="extrude">0</SimpleData>
		<SimpleData name="visibility">-1</SimpleData>
		<SimpleData name="snippet"></SimpleData>
	</SchemaData></ExtendedData>
      <MultiGeometry><Polygon><outerBoundaryIs><LinearRing><coordinates>40.5381626650073,7.62325575450169,0 40.5364205464738,7.62426679843236,0 40.5350798431263,7.62487447022404,0 40.5342765165613,7.62554722409252,0 40.5337424748676,7.62641999404379,0 40.5326712860817,7.62729466702069,0 40.5320022376588,7.62796694243735,0 40.5315360470697,7.6290404424678,0 40.5310041404473,7.63051611859291,0 40.5310796248254,7.63286052180538,0 40.5310934523205,7.6367459261892,0 40.5286150505266,7.63842946698884,0 40.5249301496209,7.64072017526965,0 40.5231879268009,7.64173118526447,0 40.5165886050542,7.64587435831,0 40.5124351859085,7.64863556805349,0 40.5083472090114,7.65092758035016,0 40.5066912503313,7.65196259094822,0 40.5056340295288,7.65163003442856,0 40.502526651749,7.650520959346,0 40.5012044209543,7.65006442262869,0 40.4995515779234,7.6494772761342,0 40.495981779176,7.64830387730376,0 40.4938669606952,7.64778418512581,0 40.4923452774982,7.646933043386,0 40.488109955521,7.64424668716866,0 40.4863234889944,7.64319879908772,0 40.4847684771509,7.64224892268997,0 40.4830487372558,7.6413984217184,0 40.4812613843143,7.64008699975035,0 40.4802691204899,7.63956337874249,0 40.4748438182997,7.63641979229676,0 40.4718673014284,7.63491474450607,0 40.4669712365392,7.63203274709614,0 40.4637290862053,7.63006738464827,0 40.4604218275501,7.62836572578729,0 40.4549307512033,7.62522205614594,0 40.4513583327858,7.62319181180483,0 40.44977431949,7.6233947562764,0 40.4440654020519,7.62417144742524,0 40.440237501733,7.62471123447971,0 40.4374000202098,7.62524770081165,0 40.4338374300128,7.62559285827588,0 40.4331754778261,7.62565698751922,0 40.4303375352975,7.62606165314239,0 40.4282915001857,7.62633192902391,0 40.4261615500829,7.62120035938113,0 40.4250292629053,7.61823951136992,0 40.4237658086617,7.61554260626318,0 40.4227006723569,7.61291092293307,0 40.4211136252828,7.61219145370807,0 40.4173450823038,7.61068855887084,0 40.4143032911041,7.60931501635219,0 40.4132453462118,7.60885730674205,0 40.411294852665,7.60804016019158,0 40.4083195497512,7.60679811227393,0 40.4059393604071,7.60581763279984,0 40.4044807705457,7.60397771503509,0 40.4034194219438,7.60246590630736,0 40.4018283754202,7.60049464324507,0 40.4008339256383,7.59924612955791,0 40.3997108428507,7.59905211074916,0 40.3979206839384,7.59675206801519,0 40.396860867164,7.59570139273889,0 40.3955350407359,7.5940586452641,0 40.3945408370504,7.59287599049736,0 40.3919611886703,7.59143489114449,0 40.3895136054482,7.58999335120662,0 40.3856103282421,7.58756822627269,0 40.3855204106982,7.58751609092481,0 40.382898264984,7.58599572222261,0 40.3790621271262,7.58389971580831,0 40.3764494558161,7.58242566933904,0 40.3736718447754,7.5809850650408,0 40.3716186359988,7.57894922834827,0 40.3695002553778,7.57717710777581,0 40.3679115328757,7.57586447857873,0 40.364667678162,7.57310764302868,0 40.3626149617838,7.5712035102401,0 40.3606291119453,7.56956268119158,0 40.3573855540899,7.56687165480763,0 40.3548028715133,7.56437618928476,0 40.3523530821661,7.56214381753298,0 40.3505663988074,7.56083171898297,0 40.3489443574248,7.55933409365999,0 40.3491867921436,7.55887586716876,0 40.3493847073296,7.55850178649199,0 40.3496716638062,7.55795940727034,0 40.349681061446,7.55794164467875,0 40.3500499488484,7.55724440510677,0 40.3503248657944,7.556724779134,0 40.3506023717729,7.55597931088379,0 40.3513236016127,7.55404185127286,0 40.3514650877973,7.55327574553328,0 40.3522253768875,7.55102424340653,0 40.3528400760429,7.55024228834426,0 40.3536583626265,7.54920134600224,0 40.354863919207,7.54789395957604,0 40.3554125327202,7.54729900301735,0 40.3560480378747,7.54660981226619,0 40.357467404518,7.54552189346286,0 40.3578659690186,7.54521639936194,0 40.3585455024735,7.54488500696495,0 40.3594460608126,7.54444582372182,0 40.3604772418782,7.54370983714601,0 40.3612642698814,7.54314810733023,0 40.3619790867552,7.54171025987337,0 40.3626395558076,7.54074514146172,0 40.3630292737932,7.5401756592217,0 40.3635904827074,7.5394158744296,0 40.3641275569132,7.53868876135856,0 40.3647918587564,7.53643755097896,0 40.3651715860161,7.53519216237788,0 40.3657784231099,7.53397147566944,0 40.3660769916919,7.53337088601471,0 40.3659757090004,7.53210853631474,0 40.3658274893214,7.5302611532599,0 40.3656791393395,7.52882599504971,0 40.3654342885372,7.52719972106868,0 40.3654216109135,7.52655145897396,0 40.365401958394,7.525546518685,0 40.3653772068924,7.52428080265912,0 40.3652754690136,7.52241481177683,0 40.3656563867071,7.5215522530144,0 40.3654131901148,7.5204523671483,0 40.3637719478709,7.5169641248691,0 40.3639096927764,7.51677859296023,0 40.3632754886942,7.51632780819159,0 40.3640625918742,7.51539359540528,0 40.3657200816385,7.51339600529953,0 40.3677409568847,7.51096043776663,0 40.3698381373271,7.50806363722857,0 40.3704146176494,7.50726734726476,0 40.3724884870587,7.50498302682304,0 40.3736915544004,7.50330438125644,0 40.3754278020098,7.50121174121563,0 40.3770353513665,7.49927419597041,0 40.3777913879997,7.49831666861688,0 40.3795321867841,7.49611191290827,0 40.3816488069379,7.49343113823585,0 40.3833206413372,7.49141602985833,0 40.3840493347665,7.49057702274893,0 40.3846917670938,7.48983733223224,0 40.3819908865421,7.48482116778959,0 40.3814017138958,7.48360963943766,0 40.3808620432836,7.48249989519384,0 40.3802342459201,7.48120892311002,0 40.3792688154882,7.47917791743835,0 40.3786125183144,7.47779723033,0 40.37678944698,7.47438615478432,0 40.3761656471149,7.47332157764003,0 40.3755747124843,7.47231308170649,0 40.3732766142229,7.46770731128368,0 40.3727377337627,7.46662728635666,0 40.3721978238714,7.46569102490753,0 40.3705178698357,7.46509327844664,0 40.3687750814516,7.4648452587434,0 40.3683359267495,7.4647827606007,0 40.3678219429951,7.46470961259649,0 40.3670978453825,7.46460656098907,0 40.3647588251354,7.46427366931652,0 40.3621855144206,7.4635040234061,0 40.3591082960835,7.46258364044663,0 40.3584241676652,7.46237901692456,0 40.3568523617069,7.46202888428436,0 40.3533384686971,7.46124611274892,0 40.3480610062827,7.46011373007946,0 40.3474410209183,7.45863211769376,0 40.3469040396404,7.45863375360674,0 40.3443143993333,7.45511632740366,0 40.3438035235969,7.45442241137865,0 40.3428128400606,7.45300335604701,0 40.3419832724016,7.45181507299088,0 40.3399600517993,7.44867236491565,0 40.3378695383659,7.44546284873713,0 40.3387386554117,7.44432128074733,0 40.3404772834851,7.44217213377566,0 40.3418825346673,7.44076095387261,0 40.3422836261056,7.44022376726981,0 40.3416048970509,7.437746950011,0 40.3413301136398,7.43567088811573,0 40.3406856718962,7.43342845117485,0 40.3404800488641,7.43202214411715,0 40.3398709043938,7.43034906856058,0 40.3395292243903,7.42834020116256,0 40.3393585753789,7.42750169541522,0 40.3395918795809,7.42686608631982,0 40.3402798142981,7.42774347853116,0 40.3411350130524,7.42883419207792,0 40.3419501558377,7.42987381105093,0 40.3435727021765,7.43185896499922,0 40.3439712421171,7.43234656671838,0 40.3475420145936,7.43675749931265,0 40.3485179273373,7.43795606025272,0 40.348956838577,7.43849510302811,0 40.3505402456357,7.43991157365175,0 40.3579195779762,7.43864481684837,0 40.357681334076,7.43813349249449,0 40.357187243549,7.43689624754374,0 40.3566599148581,7.43557576104461,0 40.3560285584706,7.43399476420986,0 40.3555168718133,7.43271342440099,0 40.3536260688113,7.42896740713349,0 40.3523430446083,7.42642545861043,0 40.3514116468108,7.42443324730365,0 40.3506540626934,7.42281279647181,0 40.3490866058852,7.41957842246399,0 40.3482225472697,7.41779545039512,0 40.3479133058969,7.41708652334783,0 40.3475907941395,7.4159932595038,0 40.3473004217879,7.41531595955376,0 40.3470724018767,7.41478409609315,0 40.3499563475497,7.4141053880678,0 40.3526727294408,7.41374331499673,0 40.3545854918498,7.41348834822783,0 40.3572021781765,7.41321238755927,0 40.360213567073,7.41293040381441,0 40.3600372194304,7.41270247662517,0 40.3593714127363,7.41184192638598,0 40.3580550614159,7.41106931628823,0 40.3545075865354,7.40898715030616,0 40.3520714758582,7.40755726172816,0 40.3506234934158,7.40661792625235,0 40.3473280969477,7.40448010048716,0 40.3469318155139,7.40422301712688,0 40.3440473676942,7.40155186786549,0 40.3425418098971,7.40133004233688,0 40.3405462556182,7.40103601341794,0 40.3385920402493,7.40098642048073,0 40.3365426422935,7.40093440279065,0 40.3337090252211,7.40086246447685,0 40.3304303197643,7.40077920387555,0 40.3344064697938,7.3986417629219,0 40.3352643656123,7.39818058095245,0 40.3364602721559,7.39756338600063,0 40.3382867034689,7.39662077495188,0 40.3410781911036,7.39518008313299,0 40.3449383945438,7.39318778420289,0 40.3488238142964,7.3911824228464,0 40.3497499664414,7.39070440568729,0 40.3515858498728,7.38975683862895,0 40.3541735834732,7.38946186597247,0 40.3567588452677,7.39055863115724,0 40.3571975641424,7.39074475002157,0 40.3607991504116,7.39279151916149,0 40.3647401501895,7.39608142667691,0 40.3681487301403,7.39769802461937,0 40.3689158812573,7.39774352361776,0 40.3695306633431,7.39501394455836,0 40.3689886212631,7.39391494927546,0 40.3678784820393,7.38969066609079,0 40.3672001575613,7.38734788502672,0 40.3668950563661,7.38631068869586,0 40.3665897763029,7.38527287755749,0 40.3657764256633,7.38266252037079,0 40.3656342853604,7.38201929383712,0 40.3654361461573,7.38112265130347,0 40.3661021114101,7.37944571407809,0 40.3667713621037,7.37884070319305,0 40.3678418301768,7.37776549174499,0 40.3682385217702,7.3758213934594,0 40.3686427103603,7.37507621494252,0 40.3689074383448,7.37458815040232,0 40.3694396984862,7.37360684839201,0 40.3697723616883,7.37266788595081,0 40.3701729563547,7.37199669924561,0 40.3700329739458,7.37012124090317,0 40.3706330388744,7.36884647975387,0 40.3704963515567,7.36804294685193,0 40.3699580447203,7.36757562320853,0 40.369015239399,7.36650657207374,0 40.3684752919745,7.36550328280306,0 40.3678702932215,7.36517015160053,0 40.3677344344699,7.36463459829301,0 40.3670836881393,7.36410126083807,0 40.3661870562764,7.3633663969288,0 40.3658488524202,7.36249647926066,0 40.3654443623879,7.36189474763014,0 40.36504092807,7.36136814403715,0 40.3646866672307,7.36090572515052,0 40.3641642014354,7.36022374467334,0 40.3634914917121,7.35968982323753,0 40.3644996599564,7.35859276384176,0 40.3649159623263,7.35794358599073,0 40.3654912376048,7.35759225663854,0 40.3652448609505,7.35755062094879,0 40.3653288497441,7.35703788035897,0 40.3653255735561,7.3559659521255,0 40.3655215698744,7.35422345551224,0 40.3655189085885,7.35335251378693,0 40.3655160429505,7.35241457650509,0 40.3655139962962,7.35174462127895,0 40.3655115405641,7.35094067498031,0 40.3656387951957,7.34866241848735,0 40.3657003772706,7.34685333491146,0 40.3648273956822,7.34665500214228,0 40.363419818871,7.34719525029554,0 40.3612079915667,7.34807291641734,0 40.3602699400351,7.34854473523155,0 40.3594634501575,7.34814520164672,0 40.3585196981342,7.346741136694,0 40.357745443813,7.34590602511887,0 40.3570717486545,7.34503710945979,0 40.3562654705521,7.34470456418524,0 40.3554579758033,7.34397004227288,0 40.3543139448999,7.3429015512631,0 40.353506659099,7.34223402048858,0 40.3517603126362,7.34170330842228,0 40.3510187218238,7.34056659835031,0 40.3501437340065,7.33969827365201,0 40.3495359561908,7.33842716432079,0 40.3487096978898,7.33771656344738,0 40.3485267670027,7.33755923816695,0 40.3487909478531,7.33615151579829,0 40.3497267721427,7.33494276710915,0 40.3505977091437,7.33447117484966,0 40.3514017424224,7.33406677892532,0 40.3507268683603,7.33279587183527,0 40.351193765645,7.33185651672695,0 40.351795877863,7.33125173792244,0 40.3522653987938,7.3311833297797,0 40.3536078684783,7.33131328412938,0 40.3558202486399,7.33063665483558,0 40.3577664404226,7.33069778003493,0 40.3582351468501,7.33036138276413,0 40.3577633970496,7.32969284295872,0 40.3583650905179,7.32895406587207,0 40.3593700071334,7.32841505928465,0 40.3601750357245,7.3283456297257,0 40.3607791625887,7.32841079916197,0 40.3619207207282,7.32867533003658,0 40.3627247306245,7.32827091754052,0 40.3635273131083,7.32739753430586,0 40.363659277372,7.32666017543902,0 40.3637432405351,7.32655281382041,0 40.3643945495412,7.32571999915018,0 40.3643906785197,7.32444708208446,0 40.3647247617868,7.3239770955757,0 40.3656639835606,7.32390725091845,0 40.3653937416908,7.32330510462416,0 40.3653917034127,7.32263514849102,0 40.3660623117599,7.32249912183747,0 40.3657247652454,7.32183018361083,0 40.3659246426503,7.32136060377763,0 40.3665950448982,7.32115758111982,0 40.3661226848829,7.32028806352409,0 40.3662554602697,7.31981868723892,0 40.3672603457079,7.31927966834037,0 40.3680659667017,7.31941121453749,0 40.3693412953326,7.31954133145643,0 40.3702129955305,7.31933769215986,0 40.3701430326337,7.31839995938948,0 40.3691993311939,7.31699590966205,0 40.3691985142999,7.3167279275634,0 40.3691301884377,7.31632615829276,0 40.3688611736376,7.31612598711866,0 40.3689266409564,7.31558981899839,0 40.3687243189602,7.31525545272531,0 40.368255023973,7.31539087011107,0 40.3675169187452,7.31539311045212,0 40.3668453023058,7.3151941592911,0 40.3668424489362,7.31425622092973,0 40.3675768824605,7.31304806160265,0 40.3683796361397,7.31224167148312,0 40.3685784882303,7.31143711379242,0 40.3686429364134,7.31056596787548,0 40.3695119675465,7.30949139105009,0 40.370046314308,7.30868581447598,0 40.3705147850559,7.30828241453483,0 40.3715194360731,7.30767639611806,0 40.3723907036126,7.30733876603902,0 40.3739329601936,7.30699909167256,0 40.3762787610019,7.30612099424569,0 40.3773591996446,7.30574387738899,0 40.3781086745859,7.30549207091856,0 40.3779595156026,7.30718779959515,0 40.3780988460148,7.30886227219749,0 40.3788410462854,7.31019992202117,0 40.3812541532506,7.30938858757741,0 40.3854105845969,7.308169916433,0 40.3860144746259,7.30816806136648,0 40.3869571650139,7.309237094842,0 40.3879987058306,7.31012587181066,0 40.3881635011402,7.3102664958179,0 40.3903210227715,7.3121075483077,0 40.3907016169795,7.31241650425176,0 40.3918009425021,7.31330890189798,0 40.3930465404339,7.31467846212764,0 40.3942568287941,7.31547866526481,0 40.3952577074636,7.31366669084333,0 40.3965255185332,7.31138492099251,0 40.3971940103095,7.31057890536,0 40.3980631711532,7.30957128102844,0 40.3986660177875,7.30923443512493,0 40.399272199313,7.30996950364698,0 40.3999446472505,7.31043638397705,0 40.4010196896878,7.31090201237437,0 40.4033687760661,7.31109569343519,0 40.4044423569678,7.31109235091952,0 40.4057839133653,7.3109541801851,0 40.4070575307493,7.3105482371343,0 40.407595578388,7.31094852861572,0 40.4082671947106,7.31114741687807,0 40.4094751808412,7.311210637616,0 40.4097222775483,7.31110693290233,0 40.4103331260699,7.31227784923105,0 40.4105278474125,7.31335554200188,0 40.4103365501596,7.31553195590042,0 40.4102650962947,7.31621290213325,0 40.4101936425306,7.31689384721603,0 40.410538244589,7.31774783555387,0 40.4109729466886,7.31848750066667,0 40.4110025889946,7.31871274290421,0 40.411063308406,7.3191741287127,0 40.4112802049116,7.31925808521425,0 40.4113716220501,7.31957630621814,0 40.4110655329573,7.32052935066835,0 40.4109124880539,7.32100587289415,0 40.4107368445538,7.32161382884027,0 40.4105146887768,7.32172560279972,0 40.4096807242339,7.32192935287127,0 40.4090286137055,7.32208867212061,0 40.4088936027172,7.32256728815749,0 40.4090416386496,7.3227351402223,0 40.410092545301,7.32310176612518,0 40.4101768030082,7.32313116065831,0 40.4101017501652,7.32319128160102,0 40.4099257194451,7.32333229058723,0 40.4097774302093,7.32334067619153,0 40.4096930888932,7.32334544558478,0 40.4082399568714,7.32444524937716,0 40.4081237755972,7.32548605486962,0 40.409387807948,7.32599977273859,0 40.4101762512905,7.32703322178531,0 40.4097317837603,7.32737087745645,0 40.4094972635312,7.32768272325622,0 40.4092627438332,7.3279945683542,0 40.4086694147922,7.329061738773,0 40.4084822701103,7.32985861216526,0 40.4091966415951,7.33073970099336,0 40.4092687728388,7.33075866653812,0 40.4089331110775,7.33090887227307,0 40.4093371951419,7.33137657112471,0 40.4102107814218,7.33177580231623,0 40.4106148675551,7.33224349959852,0 40.4106849215188,7.33318120917885,0 40.4106201393475,7.33391835693039,0 40.4104876223707,7.33445473237615,0 40.4100877506726,7.33532692145848,0 40.4093926496805,7.3355275625205,0 40.4091600725005,7.33559469571095,0 40.4086798669057,7.33573330619459,0 40.4082789376149,7.3362705227528,0 40.4082199694172,7.33675382873149,0 40.4082135200713,7.33680668784375,0 40.4082752476652,7.33686793024947,0 40.4086173993114,7.33720739201413,0 40.4098917152251,7.33700241059776,0 40.4106969451619,7.33699988343093,0 40.4119054230756,7.33719707270903,0 40.4122430478776,7.3378659606953,0 40.4122449492433,7.33846890877307,0 40.4119788622638,7.33920668901692,0 40.4116343425434,7.33952975244546,0 40.4109752760335,7.34014777125108,0 40.4102396758903,7.34095402070385,0 40.4104765420299,7.34158972877776,0 40.4114857555055,7.34239060110821,0 40.4121583482089,7.34292434118409,0 40.4125626597955,7.34345902838734,0 40.4133700163611,7.34412643603287,0 40.4143974998324,7.34430960582383,0 40.4148471396088,7.34438976242978,0 40.4154798880157,7.34450802374012,0 40.4162571602269,7.34465329534118,0 40.4174673570149,7.34538641763815,0 40.4187459358332,7.34652128787687,0 40.4192156615136,7.34651980270431,0 40.4200841810213,7.34531115159352,0 40.4207530881216,7.34463908848771,0 40.4216912574542,7.34423415058664,0 40.4226324067272,7.34476712578251,0 40.4231042606745,7.34543557583415,0 40.4240456271226,7.34603554109316,0 40.4249711646437,7.34655947036589,0 40.4258424422715,7.34622173063651,0 40.4263440911816,7.34594140232478,0 40.4270396983422,7.34555268609064,0 40.4276510271187,7.34521106461706,0 40.4282532451475,7.34467319343222,0 40.4286547943108,7.3443369435859,0 40.4290988233267,7.34417067701034,0 40.4301480245884,7.34377780171206,0 40.4310006150169,7.34345854552331,0 40.4321387907016,7.3426509845709,0 40.4323738612157,7.34225698928166,0 40.4325392626706,7.34197976400391,0 40.4329390902202,7.34110756244199,0 40.4332718141659,7.34023557491907,0 40.4332685973579,7.33923067074642,0 40.4334681881317,7.33869407956182,0 40.4340682452332,7.33748626752898,0 40.4348018591826,7.33607704607677,0 40.4351343627991,7.33513806484036,0 40.4352664197041,7.33446770064265,0 40.4353989055987,7.33393132359608,0 40.4357993668548,7.3332601023259,0 40.435864536267,7.33265694602666,0 40.436131652633,7.33225412749856,0 40.4364645813614,7.33144913329886,0 40.4372685031749,7.33104459934859,0 40.4383410411684,7.33070619940735,0 40.4386455627476,7.33051135137739,0 40.4390776437427,7.33023488391271,0 40.4390073178681,7.32923019652303,0 40.4392071141629,7.32876059822568,0 40.4404138453187,7.32842176530689,0 40.441417550787,7.32754762724458,0 40.441683798031,7.32687683328734,0 40.4424892140356,7.32694124608669,0 40.4430253677333,7.32673854479985,0 40.443560874046,7.32633486292517,0 40.4435601489094,7.32610953216686,0 40.4435600116838,7.32606688953344,0 40.443153964195,7.32499628702809,0 40.4434199923597,7.32425849941386,0 40.4440890479846,7.32365340715811,0 40.4450972663439,7.32418612371853,0 40.4457669666629,7.32378200930032,0 40.4468390459821,7.32330960710921,0 40.4477089604001,7.3225698772056,0 40.4484776827286,7.32166298691226,0 40.4484082058015,7.32092627735149,0 40.4485391613089,7.31992094744019,0 40.4492742207534,7.31898066819033,0 40.4510850176419,7.31870686298292,0 40.451754920187,7.31836973534921,0 40.4523557733076,7.31742988523234,0 40.4537609347621,7.31621946539561,0 40.4546310406192,7.31554671988289,0 40.4554323097583,7.31433824564127,0 40.4570407006196,7.31373010587676,0 40.4581120887432,7.31305670483402,0 40.4588473341083,7.31218340877919,0 40.4590121026806,7.31225706358911,0 40.4605169607998,7.312929760712,0 40.4606565813647,7.31309670276727,0 40.4643591232575,7.31600024642034,0 40.4649027727618,7.31642220314709,0 40.4652183196455,7.31632082805199,0 40.4658621016811,7.31625104982662,0 40.4663365194767,7.31621566406119,0 40.4669467375718,7.31624752005961,0 40.4675162222846,7.31624187087562,0 40.4689197971739,7.31456246414224,0 40.4696543625837,7.31348817637493,0 40.4699895232428,7.31307911495746,0 40.4705899966484,7.31234623892288,0 40.4723266190458,7.30992881393011,0 40.4726662933704,7.30944092909519,0 40.4737290602276,7.30791443678478,0 40.4738449184188,7.30684134649998,0 40.4741443320312,7.30406814554405,0 40.474250023026,7.3030892236105,0 40.4745797938098,7.30134632308798,0 40.4746442554956,7.30054219405445,0 40.4747910804978,7.29935455562097,0 40.4751981373183,7.29606194712475,0 40.4752829480506,7.29537592739197,0 40.4755266654256,7.29340453635393,0 40.4761936557501,7.29219648107655,0 40.4775964770489,7.29031608978225,0 40.4787971289381,7.28816838487934,0 40.4790688192584,7.28766713616724,0 40.4795974114522,7.28669191941854,0 40.4803987886429,7.28555041531908,0 40.4808651391366,7.2845439931727,0 40.4809971252788,7.28387363054641,0 40.481598977649,7.2832687231124,0 40.4826400349953,7.28281264836139,0 40.4829381825892,7.28246042097652,0 40.4834711767571,7.28131979345362,0 40.4838028932094,7.280179825432,0 40.4837516574157,7.27882526589855,0 40.4837294169756,7.27823726917057,0 40.4838104878877,7.27761454789012,0 40.4840571699387,7.27589144039134,0 40.484121179807,7.2749533287003,0 40.4842527208479,7.2741489818335,0 40.4841174387588,7.2738144598958,0 40.4839133061192,7.27294421921916,0 40.4836856254281,7.27249322847361,0 40.4832547841165,7.27163981300606,0 40.4829678804721,7.27107150845561,0 40.4818244867421,7.27020433725343,0 40.4804822393763,7.27007473591664,0 40.4798777675277,7.26987572987479,0 40.4798372143447,7.26956016207903,0 40.4798526379516,7.26956222647831,0 40.4801538534971,7.26909147356563,0 40.4805762750349,7.26843129295636,0 40.4809682765266,7.26749358605947,0 40.4815254011323,7.26616088267169,0 40.481620428122,7.26522060700194,0 40.4817407139577,7.26511313603509,0 40.4826126597512,7.26504329443935,0 40.483485923054,7.26537540519725,0 40.4841917928946,7.26580855121921,0 40.4846614206312,7.26580701453859,0 40.4857344150017,7.26566951578371,0 40.4878810613016,7.26559548763444,0 40.4887523432403,7.26532465773424,0 40.4906997032046,7.26585420605393,0 40.4913061590682,7.26665612660572,0 40.4919777178581,7.26685489661931,0 40.4927139345713,7.26631653226341,0 40.4934492647145,7.26551019896413,0 40.4942494689463,7.26403372401531,0 40.4944480811318,7.26322915721571,0 40.4949134993124,7.26195476270907,0 40.4941073279798,7.26162245344039,0 40.4930319187272,7.26102305702189,0 40.4922873179188,7.25901572134873,0 40.4918799315223,7.25754321801951,0 40.4916066341385,7.25604276849141,0 40.4926915937676,7.25583072262117,0 40.4942142298408,7.25553313218918,0 40.4955125774131,7.25671374340698,0 40.4965199266712,7.25771303568734,0 40.4973185978829,7.2548864027221,0 40.4973940015588,7.25369787536682,0 40.4974498355639,7.25281781141738,0 40.4974945176526,7.25226016049823,0 40.4978960634864,7.25205801607146,0 40.4992093422036,7.25253625601396,0 40.5012157236026,7.25383946462199,0 40.5029048999176,7.25460696858378,0 40.503670309579,7.25495474139636,0 40.5043816473157,7.255277944228,0 40.5054333357639,7.25575578540415,0 40.5067450242534,7.25575143662868,0 40.5085365215945,7.25471141676923,0 40.5091562380459,7.25422679084185,0 40.5095622390629,7.2538508749507,0 40.5105341225172,7.25295100563034,0 40.5113859809941,7.25216226366747,0 40.5117616080725,7.25181446661451,0 40.5125786142439,7.2520598004905,0 40.5129144697659,7.25250110972652,0 40.5135706858535,7.25336336429713,0 40.5139669073403,7.25388398885299,0 40.5146509173852,7.25383297246859,0 40.5144269006689,7.25495265908655,0 40.5141608780461,7.25681336234171,0 40.5153573952805,7.25867484501326,0 40.5153909030819,7.25868402788062,0 40.515483730256,7.25870946926566,0 40.5166579807863,7.25915821161387,0 40.5181999155303,7.25988206431935,0 40.5196727758292,7.26110062652039,0 40.5202940859796,7.26206546903214,0 40.5211103494703,7.26377731753642,0 40.5223870754475,7.26624770464149,0 40.523008273316,7.26751149238779,0 40.5236285724135,7.2705209359239,0 40.5240195206644,7.27164703695218,0 40.5248361719763,7.27295707202806,0 40.5252492642833,7.27602993553939,0 40.5256623664958,7.27910279710758,0 40.5265824188171,7.28068825239925,0 40.5274912505318,7.28246870507358,0 40.5292785730642,7.28232812579378,0 40.5294371095903,7.28364552700871,0 40.5294755124327,7.28413291798329,0 40.5297908841813,7.28813537571748,0 40.5298692003347,7.29235297381151,0 40.5302776685094,7.2940933719604,0 40.5307841086131,7.29574572343499,0 40.5308040241074,7.29581070094541,0 40.5311596614409,7.29697102055903,0 40.5318374263042,7.298978468069,0 40.5318419849734,7.30031828264563,0 40.5327205853587,7.30219106242107,0 40.5344013505018,7.30319022402068,0 40.5350063361636,7.30352312402568,0 40.5360170868612,7.30479252135707,0 40.5364603493447,7.30513948366666,0 40.5372953038571,7.30579303871126,0 40.5388613112957,7.30660949403489,0 40.5398567951542,7.3071284957941,0 40.5405455966015,7.30748760457949,0 40.54042926386,7.30832102551104,0 40.5395363840794,7.30862158244374,0 40.5393817942117,7.30874593054335,0 40.5392392324151,7.30886060347747,0 40.5392457513061,7.31076463622805,0 40.5396481092938,7.31206858971734,0 40.5396675940434,7.31213173521834,0 40.539611669504,7.31320295683427,0 40.5390757320829,7.31332379043191,0 40.5380632463055,7.31350575150305,0 40.5381236549682,7.31374355233244,0 40.537716476522,7.31666052721649,0 40.5375456382474,7.31898167829049,0 40.5372517392253,7.32017271640508,0 40.5373741893328,7.32112432629879,0 40.5380295303048,7.32106258667674,0 40.537793800481,7.32183691424727,0 40.5382109659854,7.32183548927093,0 40.5385677205059,7.32159626351208,0 40.5394620538351,7.32171221005392,0 40.5403563872612,7.32182815472158,0 40.5413552615401,7.32213933558078,0 40.5414899181837,7.32218128515951,0 40.5420234114002,7.3213464356993,0 40.5424389399569,7.32086899967176,0 40.5429938332623,7.32058960986437,0 40.5431528504189,7.32050954425719,0 40.5440490227805,7.32116098962791,0 40.5454862640589,7.3231791106822,0 40.547098406685,7.32406609520982,0 40.5483501089771,7.32412129269246,0 40.5492438295943,7.32405871608777,0 40.5506755497668,7.32447029563687,0 40.5514509027028,7.32464612775047,0 40.5529399550176,7.32440298724458,0 40.5541320605928,7.32445837390525,0 40.5545494314597,7.32451643383452,0 40.5550296971146,7.32552629605722,0 40.555390981228,7.32659606980765,0 40.555540833016,7.32725849147882,0 40.5556330768509,7.32766625499979,0 40.5567412709554,7.32929870465369,0 40.5574017823637,7.33072444631685,0 40.5584209084172,7.33244644893449,0 40.5593175381497,7.33321685467011,0 40.5596773920653,7.33387011849093,0 40.5602774966003,7.3350580576219,0 40.5606417071916,7.33696082731778,0 40.5607056579499,7.33821012752034,0 40.5613670298821,7.33987385865126,0 40.5616246954943,7.3406619251685,0 40.5619694337199,7.3417162958357,0 40.5621532091218,7.34314368083008,0 40.5623123429279,7.34358651576986,0 40.5628152206741,7.34498590759038,0 40.5631769634353,7.34617466745441,0 40.563303437536,7.34825676077507,0 40.5633086380586,7.34974426672518,0 40.5631329643269,7.35063739338994,0 40.5627745431763,7.35040063846799,0 40.5628374695373,7.35135243475813,0 40.5627209772212,7.35212635332616,0 40.5625425980314,7.35224597686288,0 40.561947237531,7.35242655396652,0 40.5616226685306,7.35334994989528,0 40.5611517004101,7.35501761826769,0 40.5606153108583,7.35501948600992,0 40.5603177321964,7.35513952398142,0 40.5600826611906,7.35609235873475,0 40.5596673378345,7.35662931359361,0 40.5598519535672,7.35829470011724,0 40.5595589444075,7.359723745062,0 40.5602207771077,7.36150647112356,0 40.5607009035621,7.36245681434646,0 40.560698305192,7.36248931317087,0 40.5606438004599,7.36317102537854,0 40.5610632894582,7.36382407401421,0 40.561481738721,7.36417962073467,0 40.5621990222922,7.36477212808416,0 40.5629169330127,7.36554313448358,0 40.5635746203356,7.3661358468365,0 40.5640543429684,7.36696718338387,0 40.5642946223989,7.36750185163345,0 40.5640572640278,7.36780018572936,0 40.5638196967193,7.36803901958985,0 40.5641775083306,7.36809726991006,0 40.5647160003171,7.36869039605656,0 40.5647770623771,7.36910668863212,0 40.5647785239682,7.36952318962445,0 40.5650781980789,7.36999814831826,0 40.5656160670319,7.37041277225203,0 40.566274601859,7.37124347862062,0 40.5665167690702,7.37231364529562,0 40.5666391082261,7.37320572894549,0 40.5664038408974,7.37409906535476,0 40.5664674164945,7.37522935805835,0 40.5665912222811,7.37653794195974,0 40.5666261502462,7.37799558917288,0 40.5664504842579,7.37888871699298,0 40.5660955933949,7.37966347149167,0 40.5656200327564,7.38002214308281,0 40.5656829826376,7.38097393559519,0 40.565505431531,7.38133156278145,0 40.5653272525122,7.38151068967193,0 40.56473227564,7.38181027845499,0 40.5647954338951,7.38282157146978,0 40.5640816681515,7.38324057771947,0 40.5642646586186,7.38442995379951,0 40.5643907678163,7.38639303980137,0 40.5646308537324,7.38686820503339,0 40.5647496905953,7.38710340008489,0 40.5651710492115,7.38793732590338,0 40.5651752372565,7.38912732748397,0 40.5650595908133,7.39013924693136,0 40.5650648271829,7.3916267488287,0 40.5653040796734,7.39186391258149,0 40.5656031456452,7.39216036701314,0 40.5661418847044,7.39281298434403,0 40.5666229093031,7.39400131026246,0 40.5669855683216,7.39542805405122,0 40.566810113427,7.39638068264444,0 40.566334538484,7.39673935837243,0 40.5659775421149,7.39691911488724,0 40.5659792201732,7.39739511515042,0 40.5664596223384,7.39840494001127,0 40.5664035855473,7.39941664977046,0 40.5655114039456,7.39995529189068,0 40.5649776876959,7.40073067691591,0 40.5651010925483,7.40192025912252,0 40.5654054127643,7.40370421301324,0 40.5657072174948,7.40477416581451,0 40.5660688396946,7.40590340842034,0 40.5661311757086,7.40667669882039,0 40.5668516970308,7.40816168161365,0 40.5672158499027,7.4100049215016,0 40.5672077000204,7.41011260804612,0 40.5679468430315,7.41037796465629,0 40.5685527171994,7.4109117498959,0 40.5694267909582,7.41137759800025,0 40.5698979758993,7.41177787581236,0 40.5709055580491,7.41204227924802,0 40.5716383198036,7.41240477701869,0 40.5562371890826,7.41957958065112,0 40.5555905595188,7.41981926262416,0 40.5529087205113,7.42056553706539,0 40.5515017419561,7.42124035706141,0 40.5515030477723,7.42161298748941,0 40.5515036200052,7.4217762749783,0 40.5515041887719,7.42178436459991,0 40.5165030757354,7.43808693783381,0 40.5119819882593,7.45207162490188,0 40.5115361304341,7.4534507237307,0 40.5076502930856,7.4654698840878,0 40.5042620898586,7.49763242069386,0 40.5067843195402,7.5278544145244,0 40.5066706447853,7.56415555752446,0 40.5163315464658,7.59221700775376,0 40.5408476387132,7.6070051510385,0 40.5403610899173,7.60901248792984,0 40.5399668536995,7.61142554167944,0 40.5399702005344,7.61236339498453,0 40.5401083075299,7.61343475011897,0 40.540346768317,7.61440526278661,0 40.5402829762547,7.61534335447718,0 40.5402846508344,7.61581228097977,0 40.5406232280019,7.61661496123728,0 40.5407594251985,7.61715039952588,0 40.5407637338409,7.61835621013872,0 40.5404352073633,7.62036708875935,0 40.5391659715352,7.62218034217807,0 40.5381626650073,7.62325575450169,0</coordinates></LinearRing></outerBoundaryIs><innerBoundaryIs><LinearRing><coordinates>40.5039821184005,7.38197974455719,0 40.5040144461893,7.38214968960603,0 40.5062076623886,7.38139240072912,0 40.5067100078231,7.38086161971316,0 40.5084531802295,7.37901976162458,0 40.5099490709063,7.37711112394236,0 40.5106965226604,7.37601259481428,0 40.5119593105884,7.37352789795326,0 40.5110267858687,7.37116598995954,0 40.5100374687153,7.36909269160113,0 40.5089322101718,7.36690441102761,0 40.5084351235162,7.36514671020167,0 40.5077968067875,7.36434127767324,0 40.5066372992819,7.36319149059328,0 40.5057670887743,7.36215609578737,0 40.5050710011744,7.36135085166895,0 40.505236602938,7.36135029516305,0 40.5051219119534,7.36128422585735,0 40.5031082321796,7.3611187224637,0 40.5019001787019,7.36106535294793,0 40.5003477936227,7.36124282144236,0 40.4995998766144,7.36118790416047,0 40.4981036570069,7.36096322300199,0 40.4969540818297,7.36119675454511,0 40.4962088586688,7.36194573131662,0 40.4955792453459,7.36286658744536,0 40.4953509066355,7.36338414868315,0 40.4945479672589,7.36407589453986,0 40.4944338932935,7.36436338579508,0 40.4939754812655,7.36488171466758,0 40.4932869964035,7.36540081080423,0 40.4925987019632,7.36597732769135,0 40.4920825759548,7.36643842564286,0 40.4930076706439,7.36787089399819,0 40.4934126059172,7.36855860821214,0 40.4938750610128,7.36924612974848,0 40.4938766000025,7.36970550140327,0 40.4925540587166,7.36982475970355,0 40.4918644124858,7.36999932635863,0 40.4910018255976,7.37005962412295,0 40.4903070589845,7.37021067437233,0 40.490362530746,7.37024119860825,0 40.4902213731958,7.37103122394028,0 40.4901511542357,7.37153390202242,0 40.4901525938917,7.3719645636387,0 40.4899409769826,7.3731854902044,0 40.489729599529,7.37447819377863,0 40.489945296579,7.37447747505546,0 40.4903774108308,7.37469136805584,0 40.4908819048196,7.37504857460634,0 40.4913659204729,7.37540174879552,0 40.4919208130333,7.37620840101348,0 40.4918490342783,7.37675989305581,0 40.4922561872572,7.37742003679988,0 40.4924060231571,7.37819128974692,0 40.4927384447501,7.37852093084067,0 40.4933308965721,7.37954795528901,0 40.4935190277561,7.38076008086836,0 40.4939248312197,7.38101597491172,0 40.4939338868359,7.38101820278888,0 40.4945143288981,7.381161003622,0 40.4968345206584,7.3814472359607,0 40.4974976446226,7.38159201370599,0 40.4984178396072,7.38155217785051,0 40.4994866465887,7.38191609165527,0 40.5011047959186,7.38143290652081,0 40.5027228166118,7.38091296665605,0 40.5037156397717,7.38057887621126,0 40.5039821184005,7.38197974455719,0</coordinates></LinearRing></innerBoundaryIs></Polygon></MultiGeometry>
  </Placemark>
  <Placemark>
	<name>Oromiya</name>
	<description>&lt;html xmlns:fo=&quot;http://www.w3.org/1999/XSL/Format&quot; xmlns:msxsl=&quot;urn:schemas-microsoft-com:xslt&quot;&gt;

&lt;head&gt;

&lt;META http-equiv=&quot;Content-Type&quot; content=&quot;text/html&quot;&gt;

&lt;meta http-equiv=&quot;content-type&quot; content=&quot;text/html; charset=UTF-8&quot;&gt;

&lt;/head&gt;

&lt;body style=&quot;margin:0px 0px 0px 0px;overflow:auto;background:#FFFFFF;&quot;&gt;

&lt;table style=&quot;font-family:Arial,Verdana,Times;font-size:12px;text-align:left;width:100%;border-collapse:collapse;padding:3px 3px 3px 3px&quot;&gt;

&lt;tr style=&quot;text-align:center;font-weight:bold;background:#9CBCE2&quot;&gt;

&lt;td&gt;Oromiya&lt;/td&gt;

&lt;/tr&gt;

&lt;tr&gt;

&lt;td&gt;

&lt;table style=&quot;font-family:Arial,Verdana,Times;font-size:12px;text-align:left;width:100%;border-spacing:0px; padding:3px 3px 3px 3px&quot;&gt;

&lt;tr&gt;

&lt;td&gt;FID&lt;/td&gt;

&lt;td&gt;3&lt;/td&gt;

&lt;/tr&gt;

&lt;tr bgcolor=&quot;#D4E4F3&quot;&gt;

&lt;td&gt;R_NAME&lt;/td&gt;

&lt;td&gt;Oromiya&lt;/td&gt;

&lt;/tr&gt;

&lt;tr&gt;

&lt;td&gt;R_CODE&lt;/td&gt;

&lt;td&gt;4&lt;/td&gt;

&lt;/tr&gt;

&lt;tr bgcolor=&quot;#D4E4F3&quot;&gt;

&lt;td&gt;Z_NAME&lt;/td&gt;

&lt;td&gt;Bale&lt;/td&gt;

&lt;/tr&gt;

&lt;tr&gt;

&lt;td&gt;Z_CODE&lt;/td&gt;

&lt;td&gt;411&lt;/td&gt;

&lt;/tr&gt;

&lt;tr bgcolor=&quot;#D4E4F3&quot;&gt;

&lt;td&gt;W_NAME&lt;/td&gt;

&lt;td&gt;Goba&lt;/td&gt;

&lt;/tr&gt;

&lt;tr&gt;

&lt;td&gt;W_CODE&lt;/td&gt;

&lt;td&gt;41110&lt;/td&gt;

&lt;/tr&gt;

&lt;tr bgcolor=&quot;#D4E4F3&quot;&gt;

&lt;td&gt;RK_NAME&lt;/td&gt;

&lt;td&gt;Weltie Azera&lt;/td&gt;

&lt;/tr&gt;

&lt;tr&gt;

&lt;td&gt;RK_CODE&lt;/td&gt;

&lt;td&gt;41110001&lt;/td&gt;

&lt;/tr&gt;

&lt;tr bgcolor=&quot;#D4E4F3&quot;&gt;

&lt;td&gt;COUNT&lt;/td&gt;

&lt;td&gt;2&lt;/td&gt;

&lt;/tr&gt;

&lt;/table&gt;

&lt;/td&gt;

&lt;/tr&gt;

&lt;/table&gt;

&lt;/body&gt;

&lt;/html&gt;

</description>
	<Style><LineStyle><color>ff0000ff</color></LineStyle><PolyStyle><fill>0</fill></PolyStyle></Style>
	<ExtendedData><SchemaData schemaUrl="#1340_RR">
		<SimpleData name="altitudeMode">clampToGround</SimpleData>
		<SimpleData name="tessellate">-1</SimpleData>
		<SimpleData name="extrude">0</SimpleData>
		<SimpleData name="visibility">-1</SimpleData>
		<SimpleData name="snippet"></SimpleData>
	</SchemaData></ExtendedData>
      <MultiGeometry><Polygon><outerBoundaryIs><LinearRing><coordinates>39.9821266832661,7.06350248128945,0 39.9816981251705,7.06474777920292,0 39.981004297592,7.06515606097514,0 39.979268858135,7.06552394671372,0 39.9762154661598,7.06617120092841,0 39.9742509741403,7.06607958689101,0 39.9724281102715,7.06498257760433,0 39.9711782697206,7.0629749982447,0 39.970457136365,7.06177996070586,0 39.9692111988998,7.06163896602905,0 39.9686870863844,7.06147905234734,0 39.9684209648723,7.06139785486529,0 39.9682146691774,7.06133491096741,0 39.9679939328331,7.061267560887,0 39.9673415475769,7.06106850727906,0 39.9665255027635,7.06030441291304,0 39.9659432557356,7.05984105251923,0 39.9655657335877,7.05954061411651,0 39.9654754585045,7.0595794862592,0 39.9648681893945,7.06069839655754,0 39.9642076163729,7.06077741830515,0 39.9632396743771,7.06089320768149,0 39.9630268100493,7.06155096702601,0 39.9628839350866,7.06199245554794,0 39.9628836753844,7.06199325803594,0 39.9627988547381,7.06225535640498,0 39.9627053024646,7.06254443548215,0 39.9625732004768,7.06295263372,0 39.9609443792693,7.06300385363009,0 39.9596998192651,7.06353289428781,0 39.9598447320709,7.06410693623188,0 39.960843391457,7.0647027368677,0 39.9615236425565,7.0651085727364,0 39.9614290098111,7.06568310767669,0 39.9603266915236,7.06549393250701,0 39.959110737529,7.06474711023106,0 39.9586956911428,7.06449219306668,0 39.9580600354616,7.06415194368575,0 39.957505312562,7.06385501426048,0 39.9568476643374,7.06350299002862,0 39.9558898816222,7.06299030781214,0 39.9547373053708,7.06165253924165,0 39.953203127236,7.06112919667157,0 39.9524865430014,7.06213575745091,0 39.9511476202765,7.06338289588319,0 39.9507455676592,7.06382400437845,0 39.9501084214074,7.0645230415791,0 39.949617930192,7.06506117615826,0 39.9480375889392,7.06539942441701,0 39.9470769568472,7.06420483021091,0 39.9468661409323,7.0636683782556,0 39.9463064118307,7.0622440579245,0 39.9452927653536,7.06121360106811,0 39.9443160986375,7.0602207302319,0 39.941889631253,7.05775397493226,0 39.9400187596557,7.0565611970838,0 39.9390845811269,7.05658700797689,0 39.9374549019352,7.05620738706449,0 39.9362340759486,7.05507019940061,0 39.9351989497785,7.05410598186253,0 39.9344865893389,7.05399673890784,0 39.9340110073871,7.05392380611281,0 39.9336836717425,7.05387360730614,0 39.9330423792547,7.05377526069853,0 39.9322792909707,7.05373666536946,0 39.9313119596235,7.0536877380615,0 39.9303112861676,7.05363712218696,0 39.9295732454114,7.05369321595576,0 39.928882722823,7.05374569711388,0 39.9277245861074,7.05383371562559,0 39.9249861153339,7.05378443320913,0 39.9229334986482,7.05374748308624,0 39.9212072608743,7.05298509547797,0 39.9209110334714,7.05294774833707,0 39.9202728000799,7.05286728180861,0 39.9189796356177,7.05306127660372,0 39.9163446404211,7.05306645309649,0 39.9150979722581,7.05254241175534,0 39.9137559576327,7.05225786479059,0 39.9122685318281,7.0511120756742,0 39.9116901607402,7.05087729868641,0 39.9100892679284,7.05022744634928,0 39.9078094634703,7.04930198939421,0 39.9070108649673,7.04922377281385,0 39.9063719217003,7.0491611922215,0 39.9055500888857,7.0489929834671,0 39.9049820104346,7.0488767109856,0 39.9039503639969,7.04848636835247,0 39.9035745514677,7.04834417192542,0 39.9029683603873,7.04811480616206,0 39.9019061719366,7.0476064640094,0 39.9000678058947,7.04704349396147,0 39.8979089703565,7.04551604422948,0 39.8964394731768,7.04348895948648,0 39.8957953934111,7.042600481614,0 39.8933972344053,7.04116918978688,0 39.8918617069811,7.03987982846127,0 39.8917355229615,7.03927337578486,0 39.8916422631807,7.03882515883943,0 39.8915817922646,7.03853452822876,0 39.8915232453291,7.03825314403918,0 39.891185608235,7.03705722112521,0 39.8906074319973,7.0353352661625,0 39.8889768456154,7.0344289738309,0 39.8876360723586,7.03476655572797,0 39.8864887426573,7.03606102182676,0 39.8858900328028,7.03613394903097,0 39.884919646263,7.03558840484995,0 39.884786977888,7.03551381939385,0 39.8844764220771,7.03524005965581,0 39.8842360134875,7.03502813538371,0 39.8838934572086,7.03472616559097,0 39.8831074069812,7.03403324493174,0 39.8820857690642,7.03380613405349,0 39.8812720310803,7.03362523768645,0 39.8807589464448,7.0335111766297,0 39.8794406780855,7.03313072455511,0 39.8788679185179,7.03296542482324,0 39.8786932367557,7.03291501109558,0 39.8781225955252,7.03275032162267,0 39.8764468216396,7.03327995107434,0 39.876208360491,7.03385475117602,0 39.8762030918577,7.03431404166061,0 39.874781558867,7.03446409313939,0 39.8736406319788,7.03669405166174,0 39.8730681517247,7.03798741685877,0 39.8722799477666,7.03920938947632,0 39.8714214849697,7.04129302381715,0 39.8709784063092,7.04255470243734,0 39.8708313217688,7.04297352837563,0 39.8705636848646,7.04373562770398,0 39.8698479981838,7.04531643454656,0 39.8694186911047,7.04632235362974,0 39.869061513418,7.04747172709493,0 39.8685603393772,7.04847777935691,0 39.8674825162445,7.04855157528857,0 39.8664052258303,7.0489125453209,0 39.8656153892659,7.04927298075864,0 39.8647528887433,7.04920278298963,0 39.8620208636434,7.04856167972775,0 39.8603686555692,7.04892369633014,0 39.8590758968458,7.0493568413376,0 39.8571478482228,7.0506181565008,0 39.8558559593539,7.05152992235174,0 39.8541926863875,7.05130424608487,0 39.8530997024249,7.05177057700344,0 39.8518943341577,7.05202638863,0 39.8512470281856,7.05174038989543,0 39.8504563866064,7.05167003509218,0 39.8495217543076,7.05145635138663,0 39.8480131199859,7.05174627081793,0 39.8472226086723,7.05174770497313,0 39.8454261216066,7.05182275396615,0 39.8440616014763,7.05232778459725,0 39.8434145583003,7.05218536360595,0 39.8416183263833,7.05240398740843,0 39.8401814166805,7.05262195838963,0 39.8378821250467,7.05284147270598,0 39.8355832159573,7.05327636005721,0 39.8341461701344,7.05342251838805,0 39.8333561665247,7.05371110837502,0 39.8317764121907,7.05443187420603,0 39.8304128886138,7.05551122585543,0 39.8285459152653,7.05637608274678,0 39.8267514371787,7.05759977992979,0 39.8252437779883,7.05846398872101,0 39.8233772890924,7.059616006936,0 39.8220136026961,7.06062354291615,0 39.8214374004308,7.06095815749482,0 39.8210070285163,7.06037403190245,0 39.8206464310521,7.05965671444447,0 39.8206445337615,7.05857979013374,0 39.8199963477184,7.05779118218755,0 39.8198512258486,7.05700168992854,0 39.8194195248889,7.05671526700013,0 39.8177639620288,7.05521046971151,0 39.8175473573192,7.05463648702113,0 39.8165407348418,7.05435106702406,0 39.8153193955825,7.05456858656825,0 39.8147437170622,7.05413881944401,0 39.8137363447791,7.0534226225051,0 39.8126573602993,7.05285013827434,0 39.8112889180483,7.05112942820046,0 39.8107129976777,7.05055606481676,0 39.8098487458207,7.04948063254873,0 39.8097027727184,7.04818856830409,0 39.8093414560387,7.0470404675051,0 39.8081893835398,7.04575014271727,0 39.8076839717572,7.04438690253787,0 39.8081132930538,7.04330922930995,0 39.8089744180047,7.04258978653663,0 39.8092608783836,7.04201492767242,0 39.8100505090339,7.04151099323941,0 39.8106235499338,7.04043306967708,0 39.8097584485247,7.03885506813595,0 39.8090383228102,7.03799476815132,0 39.8086777639497,7.03727743667514,0 39.8088904951748,7.035625773818,0 39.8091759581027,7.0344765534298,0 39.8095336554008,7.0335425944793,0 39.8098914758078,7.03268043061075,0 39.8098903566537,7.03203427354276,0 39.8101038293763,7.03081338191725,0 39.8126007140072,7.0301130210935,0 39.8168627671255,7.02910047656493,0 39.8192570682771,7.02847407161589,0 39.8206937963753,7.02818437718197,0 39.8233756153717,7.02760531233022,0 39.8263923559396,7.02678632538874,0 39.8276852650634,7.02644900063502,0 39.8306066826479,7.02591733690751,0 39.8330013673091,7.02553018182798,0 39.8359225129182,7.02485489677716,0 39.8384127416643,7.02432395493966,0 39.8389670078098,7.02400965206315,0 39.8395134885381,7.02369976299389,0 39.8412352164904,7.02206932664867,0 39.8429571046506,7.02053461151761,0 39.8435310360983,7.02000708431173,0 39.8449178231107,7.01861655545564,0 39.8464956217145,7.01689063640951,0 39.849721333497,7.01379232559532,0 39.8510388026274,7.01252687366121,0 39.8537648097619,7.00998518021531,0 39.8557257887842,7.00825854070053,0 39.8578303369877,7.00645983800738,0 39.8584517014593,7.00569289421431,0 39.8594556892733,7.00459020902569,0 39.8604122939968,7.003774787406,0 39.8604050023189,7.00367997764884,0 39.8602650725699,7.00186053309655,0 39.8600202047387,6.99894133180751,0 39.8600172264014,6.99731399176552,0 39.8597282261324,6.99645298367819,0 39.8596293547559,6.99477795527777,0 39.8596264670567,6.99319847773598,0 39.8597208743165,6.99243249557052,0 39.8594767630303,6.99122444736738,0 39.8832882108288,6.99439429783994,0 39.8843055036156,6.99265243796108,0 39.9185593499884,6.93399351353377,0 39.9189614753578,6.93365041687756,0 39.9262385273725,6.92744144259321,0 39.9318155700205,6.93594007376133,0 39.9387255090606,6.94646927284943,0 39.9582082558108,6.9609394359655,0 39.9689055572223,6.96888372587595,0 39.9866469010321,6.97934742291545,0 40.0104875513929,6.99340653253441,0 40.0353305562812,6.99362534238948,0 40.0350722169518,6.99417699306332,0 40.0350737975334,6.99489490079093,0 40.034852929366,6.99554585586912,0 40.0349057311668,6.99559650491102,0 40.0358363266191,7.00053368584638,0 40.0364887644299,7.00097256770214,0 40.0371025858757,7.0012775236236,0 40.0376025429105,7.00208048098803,0 40.0372979149537,7.00296178962271,0 40.0372611157191,7.00365106481019,0 40.0374922309284,7.00418659481682,0 40.0380301756212,7.00483631308753,0 40.0385295457928,7.00537125008934,0 40.0386470533507,7.00651964666199,0 40.0385359004915,7.00824287633368,0 40.0385754939392,7.00881711685851,0 40.0378473722934,7.00881872526276,0 40.0375404560191,7.00866624871291,0 40.0368881326045,7.00828480272693,0 40.0361205055573,7.00775045559133,0 40.0350091635826,7.00775290389601,0 40.0347799906414,7.0080980056579,0 40.034550817384,7.00844310735245,0 40.0345274265672,7.00880569330678,0 40.0344396499187,7.01016633819314,0 40.0341724064782,7.01062638941232,0 40.0325254704938,7.01105118594785,0 40.031529592069,7.01128310507456,0 40.0310710691979,7.01189672942397,0 40.0310730055165,7.01277736334868,0 40.0311136857999,7.01384935525268,0 40.0314490569404,7.01404939780132,0 40.0314974181223,7.01407824429623,0 40.0310132774111,7.01506095227375,0 40.0308233157444,7.01547327548023,0 40.0302387311625,7.0167421472207,0 40.029712421732,7.01703046656736,0 40.029232333472,7.01655291146532,0 40.0287463654114,7.01686654570208,0 40.0274612614648,7.01717898132045,0 40.0265573820543,7.02005260817329,0 40.0260307518135,7.02019734242396,0 40.0251190029182,7.01948142246394,0 40.023275481426,7.01984440229453,0 40.0212648654578,7.02047097390873,0 40.0203199685593,7.02075744389748,0 40.0179605007773,7.0214727682606,0 40.0168126824382,7.02182074965909,0 40.016320472492,7.02208439384383,0 40.015377210848,7.02258963433446,0 40.014182293831,7.02383660512506,0 40.0132544926271,7.02399849007435,0 40.0126564302395,7.02431983569409,0 40.0122201858794,7.02455423396074,0 40.011693734205,7.02499064439147,0 40.0108778034629,7.02600083687883,0 40.0092262930215,7.02804553307796,0 40.0080148578066,7.02954536898184,0 40.0067699374939,7.02983521159661,0 40.0050353853946,7.02972385943451,0 40.0036764363559,7.02927469860286,0 40.0020077726588,7.02945486806804,0 40.0004745950079,7.02936242126308,0 39.9999887127768,7.02862927080067,0 39.9995674391049,7.02821018044453,0 39.9991245768491,7.02776961205031,0 39.9989567392067,7.0272866776986,0 39.9986425620796,7.02638266409929,0 39.9992616501144,7.02465834169424,0 39.9996187936824,7.02379016902903,0 39.9995036070797,7.02333398203623,0 39.9988967554099,7.02279736112523,0 39.9982077283305,7.02218807226919,0 39.9979480938297,7.02213100772134,0 39.998019059471,7.02159778827912,0 39.9980906483203,7.01922371893488,0 39.9981253828053,7.01753892961198,0 39.9978881057197,7.01409342457452,0 39.9976936385433,7.01275372271225,0 39.9976496141518,7.01007358593082,0 39.9976473342203,7.00900149857344,0 39.9978353242526,7.00729723867078,0 39.9978712858668,7.00618678107735,0 39.9978688439226,7.00503811593646,0 39.9976370382706,7.00415796042546,0 39.995638838868,7.00159682914459,0 39.9953699754866,7.00131023020355,0 39.9954272566371,7.0012691672655,0 39.995075447813,7.00106287178651,0 39.9918353270579,6.99789889793042,0 39.9892552876594,6.99539160349407,0 39.9875746923048,6.9934806739095,0 39.9872140462093,6.99282333515723,0 39.9858338574782,6.9913903818573,0 39.9845134290242,6.98989747156639,0 39.9832520108932,6.98798564506888,0 39.9835488942282,6.98678848815568,0 39.9839069034113,6.98618947240856,0 39.9843582096708,6.98523740039703,0 39.9826628388119,6.98390208854313,0 39.9818186895414,6.98175976889717,0 39.9806965989278,6.98055023224211,0 39.9787363914303,6.98008819782437,0 39.9766828897021,6.97962634781038,0 39.9751870504882,6.97813790575244,0 39.9743303016066,6.97810675247632,0 39.9743683755027,6.97814042787484,0 39.9735644370511,6.97852497996611,0 39.9719962981729,6.97998320688189,0 39.9707343999263,6.98128764242263,0 39.9695863537559,6.98205579036527,0 39.968130870631,6.98240338388113,0 39.9666384785677,6.98344025795546,0 39.9650310379108,6.98443907417233,0 39.9635401993161,6.98624172548573,0 39.9622024785899,6.98796748208455,0 39.9604442666998,6.99021100085864,0 39.9596799439686,6.99124637348475,0 39.9593362983696,6.99185970471518,0 39.9587917949927,6.99212262958697,0 39.9588158603428,6.99218493837628,0 39.9576536231225,6.99353509207634,0 39.9568285507173,6.99485392720043,0 39.9563089292165,6.99562077248735,0 39.9561581334046,6.99684634240125,0 39.9562224406586,6.99831652810194,0 39.9559479223285,6.99900629650175,0 39.9550297423604,6.99977395048888,0 39.9541109371552,7.00023528828172,0 39.9537131918615,7.00063430547304,0 39.9537454670239,7.00143066183657,0 39.9537470843647,7.00222708031226,0 39.953717794873,7.00290103500723,0 39.9533220996979,7.0043108910468,0 39.9528039558119,7.00581288995361,0 39.9525600877037,7.00650259529887,0 39.9523104406702,7.0071513637911,0 39.9527158671403,7.00772754398285,0 39.952748826958,7.00886084661668,0 39.9523219078244,7.00999508135703,0 39.9517727872206,7.01134398476506,0 39.9511935953804,7.01298394910035,0 39.9507753710315,7.01398509724824,0 39.9546413559661,7.0153609305445,0 39.9577893752526,7.01744847385855,0 39.9585406415089,7.01879305320177,0 39.960712406337,7.01931210078244,0 39.962961486162,7.02102752204488,0 39.9646114582117,7.0225945947482,0 39.9682773447896,7.02168963641176,0 39.9688034726994,7.02273552358378,0 39.9698565110428,7.02520121233512,0 39.9711276022371,7.02452552794222,0 39.9724022624706,7.02556985881107,0 39.9745009270604,7.02691160806959,0 39.9754032090623,7.02885410653406,0 39.9766803889753,7.03109495523545,0 39.9768788438002,7.03267862928204,0 39.9779572692735,7.03318623205475,0 39.9782566825375,7.03318560683236,0 39.9791535126586,7.03251068100369,0 39.9799025145965,7.03273346545014,0 39.9806519876662,7.0331805981659,0 39.9817765138695,7.03400086092505,0 39.9823761265128,7.03437352099693,0 39.9829749537386,7.0343722645012,0 39.9840971247571,7.03407077407652,0 39.9846210979744,7.03406967280648,0 39.984918935672,7.03332121233459,0 39.9857415322343,7.03294556487136,0 39.9870880984599,7.03256881234587,0 39.9876862906549,7.0322684180173,0 39.9876835060244,7.0309499906923,0 39.9879085303008,7.03059381547642,0 39.988066053557,7.03034448257225,0 39.9881038008743,7.030284734856,0 39.9882694802402,7.03002249182434,0 39.9884047139155,7.02980843905516,0 39.9891380036299,7.02974827300287,0 39.9898384356559,7.02997184568579,0 39.9906832470953,7.03189594045258,0 39.9915491039737,7.0335692541484,0 39.9925104750197,7.03509877899488,0 39.9952966738893,7.03868245824311,0 39.9969304978408,7.04102418030095,0 39.9965288583698,7.04363347180302,0 39.996821410681,7.04602590841279,0 39.9984062383539,7.04784125158344,0 39.9994835252495,7.05000036227782,0 39.9992707591619,7.05064261894197,0 39.998964690409,7.05156651687784,0 39.9985828318244,7.05271918944797,0 39.9983962744019,7.05328232715475,0 39.9982651009954,7.05367828334007,0 39.9981397573492,7.05405664146131,0 39.9979603180991,7.05459828987014,0 39.9991244356372,7.05882385110428,0 39.9997983387049,7.06030610300458,0 40.000231142434,7.06204828876111,0 40.0005232409767,7.06322407724507,0 40.0005261045968,7.06372313754034,0 40.0005321901544,7.06478365700643,0 40.0000678247886,7.06486694150648,0 39.9992114549367,7.06516978306643,0 39.9980437715619,7.06501782418799,0 39.9974102305215,7.06486408713773,0 39.9962439587086,7.06469847248533,0 39.9930515911088,7.06424512935362,0 39.9917047220608,7.06435151395729,0 39.9905607246282,7.0644418713621,0 39.9892077539997,7.06436795583389,0 39.9885935494722,7.06433439928214,0 39.988185741583,7.06431211858542,0 39.9878071815199,7.06429143552822,0 39.9869815948368,7.06424632758541,0 39.9863442094108,7.06421150146397,0 39.9847618894588,7.0635926478295,0 39.9832757956602,7.06316503082754,0 39.9821266832661,7.06350248128945,0</coordinates></LinearRing></outerBoundaryIs></Polygon></MultiGeometry>
  </Placemark>
  <Placemark>
	<name>Oromiya</name>
	<description>&lt;html xmlns:fo=&quot;http://www.w3.org/1999/XSL/Format&quot; xmlns:msxsl=&quot;urn:schemas-microsoft-com:xslt&quot;&gt;

&lt;head&gt;

&lt;META http-equiv=&quot;Content-Type&quot; content=&quot;text/html&quot;&gt;

&lt;meta http-equiv=&quot;content-type&quot; content=&quot;text/html; charset=UTF-8&quot;&gt;

&lt;/head&gt;

&lt;body style=&quot;margin:0px 0px 0px 0px;overflow:auto;background:#FFFFFF;&quot;&gt;

&lt;table style=&quot;font-family:Arial,Verdana,Times;font-size:12px;text-align:left;width:100%;border-collapse:collapse;padding:3px 3px 3px 3px&quot;&gt;

&lt;tr style=&quot;text-align:center;font-weight:bold;background:#9CBCE2&quot;&gt;

&lt;td&gt;Oromiya&lt;/td&gt;

&lt;/tr&gt;

&lt;tr&gt;

&lt;td&gt;

&lt;table style=&quot;font-family:Arial,Verdana,Times;font-size:12px;text-align:left;width:100%;border-spacing:0px; padding:3px 3px 3px 3px&quot;&gt;

&lt;tr&gt;

&lt;td&gt;FID&lt;/td&gt;

&lt;td&gt;4&lt;/td&gt;

&lt;/tr&gt;

&lt;tr bgcolor=&quot;#D4E4F3&quot;&gt;

&lt;td&gt;R_NAME&lt;/td&gt;

&lt;td&gt;Oromiya&lt;/td&gt;

&lt;/tr&gt;

&lt;tr&gt;

&lt;td&gt;R_CODE&lt;/td&gt;

&lt;td&gt;4&lt;/td&gt;

&lt;/tr&gt;

&lt;tr bgcolor=&quot;#D4E4F3&quot;&gt;

&lt;td&gt;Z_NAME&lt;/td&gt;

&lt;td&gt;Bale&lt;/td&gt;

&lt;/tr&gt;

&lt;tr&gt;

&lt;td&gt;Z_CODE&lt;/td&gt;

&lt;td&gt;411&lt;/td&gt;

&lt;/tr&gt;

&lt;tr bgcolor=&quot;#D4E4F3&quot;&gt;

&lt;td&gt;W_NAME&lt;/td&gt;

&lt;td&gt;Arena Buluq&lt;/td&gt;

&lt;/tr&gt;

&lt;tr&gt;

&lt;td&gt;W_CODE&lt;/td&gt;

&lt;td&gt;41111&lt;/td&gt;

&lt;/tr&gt;

&lt;tr bgcolor=&quot;#D4E4F3&quot;&gt;

&lt;td&gt;RK_NAME&lt;/td&gt;

&lt;td&gt;Shawe&lt;/td&gt;

&lt;/tr&gt;

&lt;tr&gt;

&lt;td&gt;RK_CODE&lt;/td&gt;

&lt;td&gt;41111005&lt;/td&gt;

&lt;/tr&gt;

&lt;tr bgcolor=&quot;#D4E4F3&quot;&gt;

&lt;td&gt;COUNT&lt;/td&gt;

&lt;td&gt;7&lt;/td&gt;

&lt;/tr&gt;

&lt;/table&gt;

&lt;/td&gt;

&lt;/tr&gt;

&lt;/table&gt;

&lt;/body&gt;

&lt;/html&gt;

</description>
	<Style><LineStyle><color>ff0000ff</color></LineStyle><PolyStyle><fill>0</fill></PolyStyle></Style>
	<ExtendedData><SchemaData schemaUrl="#1340_RR">
		<SimpleData name="altitudeMode">clampToGround</SimpleData>
		<SimpleData name="tessellate">-1</SimpleData>
		<SimpleData name="extrude">0</SimpleData>
		<SimpleData name="visibility">-1</SimpleData>
		<SimpleData name="snippet"></SimpleData>
	</SchemaData></ExtendedData>
      <MultiGeometry><Polygon><outerBoundaryIs><LinearRing><coordinates>39.9619152866441,6.39124707966642,0 39.9607707898459,6.39325946186187,0 39.9594346409641,6.39512861139762,0 39.958479631914,6.39613551477261,0 39.9567134918679,6.39834050194168,0 39.9558080953314,6.40030456963046,0 39.9549994493408,6.40284281286482,0 39.9543318434102,6.40404062916324,0 39.9535683668641,6.40514289700107,0 39.951898312114,6.40758701119755,0 39.9511836462795,6.40921567989861,0 39.9516169167535,6.4106507678924,0 39.95209803592,6.41208576627001,0 39.9520997513847,6.41301051063555,0 39.9519818473261,6.41282697092231,0 39.951741229472,6.41245240367911,0 39.9500161238266,6.41101971013733,0 39.9480035124092,6.40934822510732,0 39.9443375632511,6.40621994876405,0 39.9399292278773,6.40263829794397,0 39.936909844515,6.39981988191999,0 39.9356403462565,6.3989367242523,0 39.933148599053,6.39683526855638,0 39.9310881640874,6.39511592377657,0 39.9296504099888,6.39377835061723,0 39.9260237100821,6.39112777181075,0 39.9231016992971,6.38917062003873,0 39.9224795558574,6.38907600846554,0 39.9207136911697,6.39152020833289,0 39.9195208329968,6.39334115466668,0 39.9184220333866,6.39425252452311,0 39.9167993264159,6.39650500581986,0 39.9149374660673,6.39880577314319,0 39.9133619808361,6.40072311827624,0 39.912407879681,6.40230431164017,0 39.9107361750058,6.4039346406394,0 39.9077682288827,6.40307834987615,0 39.9055898668387,6.40229244470108,0 39.9021418852413,6.40052755415752,0 39.8989816654487,6.39914504390794,0 39.8951033665886,6.3975244436141,0 39.8940977865574,6.39704755530409,0 39.8940149977483,6.39706344050344,0 39.8940385468997,6.39699736391375,0 39.8932239335453,6.39628082230354,0 39.8920253179933,6.394846987491,0 39.8896764483389,6.39226640622886,0 39.8877111835836,6.39016378849127,0 39.8864640125625,6.3882992445959,0 39.8855917328452,6.38626297748143,0 39.885984503656,6.38615385517362,0 39.8871316111458,6.38548178521714,0 39.8887081567148,6.38413887745438,0 39.889398963559,6.38243851630161,0 39.8903988088317,6.37961281915721,0 39.891496646582,6.37812714098269,0 39.8926895025492,6.37625838572839,0 39.8942658406273,6.37481973897807,0 39.8958910921841,6.37400323362871,0 39.8978026463485,6.37275545135885,0 39.8997157747088,6.37241707270144,0 39.9011501385604,6.37188806837163,0 39.9017711743512,6.37136048209312,0 39.9018412254958,6.37037915230024,0 39.9016005929998,6.36956588836742,0 39.900928795788,6.36841833013075,0 39.9014046319267,6.36693372231462,0 39.9013365952214,6.36678852556105,0 39.9010684849834,6.36621635196159,0 39.9002541680298,6.3656434061495,0 39.8989623472866,6.36559779192107,0 39.8975745927658,6.3654087495974,0 39.8966161731249,6.36450100066026,0 39.8957536065925,6.36368881103766,0 39.8939342038846,6.36287827548812,0 39.8924031786055,6.36283305750564,0 39.8912553835906,6.36307435777349,0 39.8906807026197,6.36274030099067,0 39.8905361879502,6.36216618278898,0 39.889913419536,6.36168861594696,0 39.8891467154189,6.36097197599308,0 39.8883800134057,6.36025533458613,0 39.8873257708016,6.35925200133913,0 39.885459534595,6.35901588028261,0 39.8841924242492,6.35942489254981,0 39.882374518621,6.35947586187706,0 39.8815129587841,6.35923801106146,0 39.880413167728,6.35957493318454,0 39.8794101160434,6.36053392168665,0 39.8784546588512,6.36134923556211,0 39.8774986303071,6.36182950031213,0 39.8762076238653,6.36226246738267,0 39.8750122182664,6.36264740553589,0 39.873576387,6.36231478536664,0 39.8722372097448,6.36255636786923,0 39.8707027575154,6.36298558722712,0 39.8705156955771,6.36303791213472,0 39.868890022961,6.36361501836176,0 39.8665940710349,6.36390605911555,0 39.865301445255,6.36338171852958,0 39.8639366985131,6.36264210569919,0 39.8624048664407,6.36211815682108,0 39.8617821991365,6.36168841667178,0 39.8595795465075,6.36054334032247,0 39.8584775089556,6.35954002022137,0 39.8560850866868,6.35935252913245,0 39.8546990880701,6.36021638084624,0 39.8540304030175,6.36088758733961,0 39.8525960808489,6.36146432773111,0 39.8502040413266,6.361516131899,0 39.8472379691754,6.36161673068521,0 39.8452729148161,6.36164021565168,0 39.8449176497318,6.36164446073711,0 39.8439611272309,6.36184638639543,0 39.8428611251555,6.36207859883414,0 39.8398472002184,6.36217923383232,0 39.8369292667717,6.36247115437612,0 39.8350160244295,6.36276143662105,0 39.8331027019476,6.36300384754068,0 39.8319073262826,6.36343655502054,0 39.8314792805929,6.36501677771777,0 39.830955315895,6.3664535606299,0 39.8306678778781,6.36668306285843,0 39.8300214196136,6.36632511703276,0 39.8277699592899,6.36455773590581,0 39.8254236684096,6.36331700641952,0 39.8233170586606,6.36236307163187,0 39.821353604087,6.36116957586484,0 39.8184328513385,6.35969039865644,0 39.8158470866438,6.35825853928769,0 39.8135963823162,6.35692186801457,0 39.8131662265311,6.35663943086182,0 39.8127572995634,6.35575049707199,0 39.8113179817036,6.35316805058108,0 39.8091838887489,6.34989264247027,0 39.8076010081108,6.34726254002478,0 39.8065961113617,6.34712051057643,0 39.8050175616997,6.3472665607753,0 39.802578453448,6.34779686038777,0 39.800569397424,6.34799142928427,0 39.7988941251776,6.34746749983028,0 39.7986059692891,6.34674996797262,0 39.7986396303952,6.34634690900281,0 39.7987938715141,6.34450001972072,0 39.7986471057128,6.34239418228008,0 39.7985950671431,6.33966595247192,0 39.7978013891103,6.33686706542447,0 39.7972206617036,6.3334136357231,0 39.7971737314181,6.33313455111484,0 39.7968826535249,6.3305024161472,0 39.79668660034,6.32743934850883,0 39.7966843282373,6.32595553280492,0 39.7972090989124,6.32499742560227,0 39.7980184837667,6.32245933216489,0 39.7986847850083,6.32020864861673,0 39.7993987002723,6.31781429624612,0 39.8003042591865,6.31561110940547,0 39.8003982701995,6.31484909802757,0 39.800040301113,6.31506106623997,0 39.7978180351764,6.31652436293043,0 39.7956200776226,6.31825087283729,0 39.7929437126268,6.31997810450157,0 39.7907936353192,6.32175238980966,0 39.7884041999,6.32343130041008,0 39.7864452341936,6.32506168552635,0 39.7843423031078,6.32640509029085,0 39.7830296945528,6.32839347888941,0 39.7829606020095,6.3284912799441,0 39.7811678834536,6.3310288730562,0 39.7783977985747,6.33414427843041,0 39.7765838574655,6.33682745446023,0 39.7739810529564,6.33987079408639,0 39.7726445599705,6.34193099803324,0 39.772120439886,6.34336774023431,0 39.7701597138119,6.34389717635219,0 39.7672904845475,6.3447630092631,0 39.7637041082387,6.34596494305631,0 39.7611689044717,6.34625586623155,0 39.7583463639546,6.34635573585333,0 39.7578173041464,6.34444188854566,0 39.756591578723,6.34049477116518,0 39.7554371845146,6.33623641802427,0 39.7548598221313,6.33398757567144,0 39.7541383186293,6.33130815083959,0 39.7519344606823,6.32910952749891,0 39.7498026923502,6.32712618388498,0 39.7479340270037,6.32511851817564,0 39.7457782672429,6.32306339001461,0 39.7440054487168,6.32115130040159,0 39.7418506070269,6.31971840541063,0 39.7388822302939,6.31809519257616,0 39.7363439533091,6.31613629165906,0 39.7329444513984,6.31408285717227,0 39.7305502687762,6.31250664722128,0 39.7276773078512,6.3106438979171,0 39.7265296216514,6.30989455071054,0 39.7260687450418,6.31020969036357,0 39.7251829080128,6.31062026401685,0 39.7243229998592,6.31148304725461,0 39.7240378917067,6.3128715562024,0 39.7236088653415,6.31397306937237,0 39.7234977596112,6.31448788042465,0 39.7233711956686,6.31507431653485,0 39.7225110122501,6.31574563433677,0 39.7217625943664,6.3162367358618,0 39.7212683075953,6.31656107900533,0 39.7208866492372,6.31732746330386,0 39.721868459286,6.31811589100461,0 39.7229804312584,6.3191800951395,0 39.7242157397472,6.32036232901034,0 39.7262757318985,6.32241769157748,0 39.7270407231793,6.32311821538802,0 39.7297725623467,6.32561981005513,0 39.7299734357665,6.32595551520364,0 39.7308857510882,6.32748019430606,0 39.7312273701829,6.32805111174327,0 39.7315468322977,6.32858499870488,0 39.732367980363,6.3305009796481,0 39.733586782246,6.33334477155076,0 39.734618783868,6.33576053537209,0 39.7365339304615,6.33681086820304,0 39.737637371779,6.33785931121524,0 39.7385459925049,6.33872263864567,0 39.7395546884115,6.34154528024191,0 39.7402704390923,6.34454971599679,0 39.7404210319422,6.34518183894727,0 39.7404477887778,6.34716822804066,0 39.7404492924385,6.34822127163903,0 39.7406639473734,6.34857054647176,0 39.7410855179124,6.3503114401348,0 39.7414581459899,6.35185021120447,0 39.7415086051427,6.35295846057403,0 39.7415424190912,6.35508276403692,0 39.7415611762906,6.35626111796307,0 39.741687717325,6.35796528812935,0 39.7418294921107,6.35987459230244,0 39.7419775888429,6.36133508048282,0 39.7420607157755,6.36215484907594,0 39.7421206721155,6.36274611485684,0 39.742219244457,6.3647563313472,0 39.7422664674016,6.36527440991589,0 39.7104980141128,6.36495086802106,0 39.6595550497368,6.34875283675813,0 39.6499733373587,6.34570550140409,0 39.6197715406715,6.33609878765707,0 39.6159170038779,6.32567272298565,0 39.6067422387184,6.3008540104252,0 39.5683824865959,6.28022976076912,0 39.5605195895177,6.27600167557149,0 39.5474849518884,6.26074715878933,0 39.5247966571052,6.23419181960377,0 39.5160239949851,6.22392287785164,0 39.5050758244462,6.2264663207756,0 39.474153683387,6.23364871474327,0 39.4639136784997,6.23579985048643,0 39.4281303491401,6.24331524059269,0 39.4231458107016,6.25368115382519,0 39.414452676379,6.24933214223525,0 39.3939448505416,6.24237879108869,0 39.3164043584694,6.26093395955946,0 39.3204508551182,6.26179533446259,0 39.3183405276603,6.2656312175003,0 39.3103718322103,6.2667451421843,0 39.3031755949645,6.26882894568477,0 39.2798205398408,6.2755910481762,0 39.265503353521,6.2859994533464,0 39.2619566709816,6.27909865506677,0 39.2623413650266,6.27879583407445,0 39.2636918188281,6.27800004280562,0 39.2651504274797,6.27701798638335,0 39.2658676061005,6.27620384531765,0 39.2667284463073,6.27567684581814,0 39.2682591318545,6.27534097948988,0 39.2702201955377,6.27466980221778,0 39.2715115311846,6.27404683446143,0 39.2721948870548,6.27398431464362,0 39.2736163521503,6.27385426276503,0 39.2747166009919,6.27375794869682,0 39.2753859712066,6.27303955884939,0 39.2756245126385,6.27179483329921,0 39.2764850579918,6.27074125696543,0 39.2771503819355,6.26986150606093,0 39.2771639065094,6.2698436226198,0 39.277680192317,6.26916094068794,0 39.2774401393261,6.26753351366107,0 39.2771525022129,6.26638480391893,0 39.2768608026696,6.26561568581895,0 39.2774178343892,6.26489028435352,0 39.2778076112146,6.26410919341317,0 39.2780861110803,6.26371860355546,0 39.2781973573983,6.26327232474353,0 39.2786986437484,6.26254695157911,0 39.2795900863644,6.26176559288742,0 39.2801472589348,6.2613190760816,0 39.280537267262,6.26098420300173,0 39.2814844751755,6.26025858896857,0 39.2820417043334,6.25992362518375,0 39.2823201988748,6.25953303325675,0 39.2826898642768,6.25913424034533,0 39.2830444088319,6.25875175892413,0 39.2837410020609,6.25844460706135,0 39.2840751448279,6.25788665181428,0 39.2844676361332,6.25755899940202,0 39.2850780222649,6.2570494466523,0 39.2857735619458,6.25664999366122,0 39.2858578742251,6.25610080612886,0 39.2863593253881,6.25571009090674,0 39.2866378145315,6.25531949687453,0 39.2871389296591,6.25431522908315,0 39.2876958440007,6.25342248525129,0 39.2878070802905,6.25297620469432,0 39.2884754415292,6.25202762164118,0 39.2888095141986,6.25135810877897,0 39.2890879380789,6.25085595869008,0 39.2890876013242,6.25024240682597,0 39.2895332128727,6.24968438715865,0 39.2903391359345,6.24883404701478,0 39.2903127695999,6.24823374366416,0 39.290488412659,6.24646400032293,0 39.29041370279,6.24600210287901,0 39.2903281446836,6.24547313450995,0 39.2902484129111,6.24498018669814,0 39.2899092440347,6.24379239006523,0 39.289863223136,6.24363122071409,0 39.2898193177604,6.24347746001176,0 39.2894733990447,6.24226601697651,0 39.2894732459785,6.24198712968512,0 39.2894727256056,6.24103891287196,0 39.2896156957367,6.24052276393519,0 39.2897508681392,6.24003476536761,0 39.2900294389163,6.23981150218516,0 39.290977026858,6.23986675719572,0 39.2914785515435,6.23964337010131,0 39.2922586761464,6.23925249569065,0 39.2925575333086,6.23887079164845,0 39.2927536132223,6.23846269617163,0 39.2930895753708,6.23776346626461,0 39.2931495330655,6.23752289940951,0 39.2934274189529,6.23607253063389,0 39.2940124065197,6.23559809625178,0 39.2942626228426,6.23509661221433,0 39.2944021384835,6.23481699425269,0 39.2949072843634,6.23421602906075,0 39.2952933556251,6.23375672411125,0 39.2961188244705,6.23344102645862,0 39.2963253184572,6.23366356620665,0 39.2969098514165,6.23392314890067,0 39.2974673885286,6.23420172198012,0 39.2983034904588,6.23425702713898,0 39.2989722205135,6.23403353865371,0 39.2993621652245,6.23364287533448,0 39.2996682651438,6.23283392856086,0 39.2996679487199,6.23227615428745,0 39.3003919694356,6.2312717485098,0 39.3008934817219,6.23104835296156,0 39.3016736818319,6.23082479768882,0 39.3021194235849,6.23054565546299,0 39.3023977605798,6.22993194422073,0 39.3027877636673,6.22965283341135,0 39.3031218049171,6.22898331243015,0 39.3039572251691,6.22786728331504,0 39.3041799819205,6.22753249040557,0 39.304569789505,6.22691871390355,0 39.3050711027028,6.22636065016082,0 39.3054052357515,6.22585846012917,0 39.3059066761334,6.22552350530401,0 39.3063524111433,6.22524435977386,0 39.3069649034996,6.22418423303349,0 39.3072990982213,6.22379359673079,0 39.3072988066138,6.22329160006837,0 39.3074655632891,6.22251061906875,0 39.3074652391741,6.22195284498028,0 39.3076321898227,6.22150652838037,0 39.3084120801714,6.22078096723792,0 39.3093034413299,6.22005533980658,0 39.3098604142833,6.21938568451715,0 39.3101944405151,6.21871615955933,0 39.3103054555156,6.21793521050815,0 39.3103607667681,6.21721007154796,0 39.3096353486427,6.2157602836873,0 39.3096908563904,6.21536980917515,0 39.3096903346719,6.21447737057274,0 39.3099130498315,6.21408679811862,0 39.3101357973203,6.21375200299412,0 39.3103585445335,6.21341720778552,0 39.3107484005552,6.2129149820855,0 39.3112498254501,6.21258002280028,0 39.3116953500376,6.21196620885921,0 39.312363684318,6.21112915342418,0 39.3126421316469,6.21073854704625,0 39.3130595713351,6.2097621953956,0 39.3137838010888,6.20920399240393,0 39.314229319994,6.2085901765412,0 39.3147302751688,6.20747433060916,0 39.3150644208596,6.20702791256297,0 39.3154540688464,6.20619101933545,0 39.3156208424284,6.20546581352835,0 39.3165121351274,6.20468439792111,0 39.3167347747842,6.20418226811653,0 39.317403291747,6.20367987134516,0 39.3176910252018,6.2031031002908,0 39.3181269737829,6.20222922464449,0 39.3181267398036,6.20183878288143,0 39.318126372152,6.20122523152764,0 39.3182930070881,6.20027691541914,0 39.3182925724781,6.19955180924089,0 39.3181251023685,6.19910569037699,0 39.3174560582408,6.19871564934542,0 39.317121320085,6.19815807533986,0 39.3165074138205,6.19676400622855,0 39.3171198885112,6.19575964666854,0 39.3173425242683,6.19525751665876,0 39.3173419914036,6.19436507802974,0 39.3171742909704,6.19352851673075,0 39.3167837233493,6.19280364325599,0 39.3162817230053,6.19213461326537,0 39.3158912902245,6.19163284869783,0 39.3144975578754,6.19096434664373,0 39.3137168955151,6.19029547891062,0 39.3136051986518,6.18990510263861,0 39.3136043766067,6.18851066647989,0 39.3135395004355,6.18754532820767,0 39.3147783110823,6.18711420317477,0 39.3141377098752,6.18432467157538,0 39.3142392915609,6.18127237914502,0 39.3148903185481,6.1804897158555,0 39.3156596701446,6.1795647990985,0 39.3172096786712,6.17739074259707,0 39.3183963187449,6.17407944508943,0 39.3187177047145,6.17274670946659,0 39.3195566344604,6.1692677744674,0 39.3205376043081,6.16688770118393,0 39.3208637693923,6.1665517786002,0 39.3213624011691,6.1664266970975,0 39.3221174782581,6.16573885538868,0 39.3224388544814,6.16493332989987,0 39.3240504431567,6.16341952078889,0 39.324813769983,6.16078896392317,0 39.3251363450065,6.16065036760093,0 39.3258917025609,6.16044369100637,0 39.3267893626082,6.16056705182162,0 39.3278835988839,6.16071742496404,0 39.3286389552636,6.16051074453189,0 39.3289134647959,6.16016688255305,0 39.3293249108354,6.15913555030383,0 39.3298050353195,6.15810417535021,0 39.3298973595283,6.15791908374544,0 39.3328344487582,6.157258208531,0 39.3351599277194,6.15684293789778,0 39.3353486827494,6.15667566311379,0 39.3359096773468,6.15617851899341,0 39.3359163393022,6.15617568556263,0 39.3359190838729,6.15617018307316,0 39.3359326219419,6.15615818584192,0 39.3365031036807,6.15565263541208,0 39.3367337531299,6.15529966390295,0 39.3375759587008,6.15401080050121,0 39.3363379663753,6.14906944319177,0 39.33381515802,6.14762835780026,0 39.3333949109503,6.14738830053943,0 39.3323415839896,6.14318231525729,0 39.3323421300379,6.14316162023822,0 39.3323656742325,6.14226936948404,0 39.3325427910013,6.13555609464095,0 39.3325468990183,6.13540038807928,0 39.331280063208,6.12656672166638,0 39.3314344657604,6.12343699297022,0 39.331878011501,6.12294309830814,0 39.3323582721876,6.12218667612599,0 39.3328386591593,6.12163646940377,0 39.3335937884908,6.12115483030564,0 39.3338682332577,6.12074222792544,0 39.3342113526884,6.12032958268548,0 39.3345623085699,6.11962592714761,0 39.3352687166855,6.11941335069471,0 39.3361058800432,6.11801521042054,0 39.3362014694637,6.11799122729018,0 39.3369566336212,6.11757832243587,0 39.3378489733026,6.11689037587289,0 39.3394278824612,6.11592704027098,0 39.3412130701828,6.11537600097206,0 39.341928308507,6.11508911078414,0 39.3420528618668,6.11503915089524,0 39.3425862080823,6.11482521872618,0 39.3433414063644,6.11448104392411,0 39.3436157086942,6.11386222139628,0 39.3442332930703,6.11310570189706,0 39.3446449417391,6.11248679095987,0 39.3452282522547,6.11183340027811,0 39.3460520742667,6.11142043932638,0 39.3472190867577,6.11073230145644,0 39.3481805193155,6.11073167991423,0 39.3487294644751,6.11004393870349,0 39.3492099573732,6.10969993420722,0 39.3497590786035,6.10928714614549,0 39.3507203741382,6.10908030466346,0 39.3512009096261,6.10880503701149,0 39.3520244527225,6.10797963633828,0 39.3524359986578,6.10722324303619,0 39.3524482571775,6.10702483527983,0 39.3524936466585,6.10699272407635,0 39.3528610988669,6.10657187980046,0 39.3554337627597,6.10362537300006,0 39.3558698667371,6.10289691575143,0 39.3573233672784,6.10046900860389,0 39.3573493891242,6.10039864169378,0 39.3582714338536,6.09790571376296,0 39.3597354442113,6.0939474292098,0 39.3588578442878,6.09201796303369,0 39.3586833045473,6.09163422297803,0 39.3555306588235,6.09121570628347,0 39.3546666027902,6.08966100653296,0 39.3544788089774,6.08932310685638,0 39.3536379134017,6.08897315021153,0 39.3519561253275,6.08827323278926,0 39.3477534493839,6.08869656297629,0 39.3456519833686,6.08827730596246,0 39.3448635302039,6.08748917513643,0 39.3446007125017,6.08722646408015,0 39.3449291076639,6.08648543564538,0 39.3454399867536,6.0853326254229,0 39.3452287955637,6.08365032741531,0 39.3444780046785,6.08050442146397,0 39.3441748272114,6.07923405861252,0 39.343859521406,6.0790239551261,0 39.3422829930147,6.07797343274134,0 39.3399711584949,6.07797489113113,0 39.3387098011345,6.07692360158415,0 39.3401777089073,6.0722954236923,0 39.3401766010744,6.07052930417493,0 39.3404842365478,6.06929421086288,0 39.3405233933478,6.06881582959772,0 39.3406058376321,6.06780860036994,0 39.3406795296637,6.06690829608225,0 39.3412829711536,6.06499202443156,0 39.3414340516455,6.06451225547725,0 39.3414294252986,6.05715105250937,0 39.3434761504691,6.05555552139491,0 39.3445685168668,6.05508605392948,0 39.3457035952653,6.05508533207475,0 39.3465864580391,6.05526886712597,0 39.3473062720786,6.05541850541488,0 39.3481742734975,6.05541794921278,0 39.3487082567443,6.0551502491084,0 39.3496426831387,6.0546149334489,0 39.3502257398106,6.05425914152761,0 39.3511777711008,6.05367819220577,0 39.3526794474665,6.05270804895195,0 39.3543619786664,6.05209433429696,0 39.3550847926387,6.05209386213406,0 39.3559360131636,6.05141145069803,0 39.3568847519368,6.05096748008067,0 39.3581526539421,6.04989721727981,0 39.3583855334052,6.04937824612705,0 39.362163466024,6.04460339761741,0 39.3628893029165,6.04401222104648,0 39.3629949629657,6.04355247216459,0 39.3630641651992,6.043465007525,0 39.3651640551602,6.04136028426545,0 39.3672081066198,6.0393115054175,0 39.3681604838252,6.03886205832688,0 39.3690945454831,6.03785883745035,0 39.3698206097542,6.03660140426367,0 39.3723360573042,6.03399002441539,0 39.3726304127354,6.03377923757605,0 39.3736314984529,6.03317699901435,0 39.3738982436595,6.03270894167034,0 39.3741647135724,6.03183984929739,0 39.374210026294,6.03101308799952,0 39.3744025380808,6.0306271115533,0 39.3749057285167,6.02911257911758,0 39.3752411879515,6.02810288891497,0 39.374817968383,6.0236862437887,0 39.3743447682423,6.02156126407146,0 39.3747914061164,6.02077753190246,0 39.3746573727368,6.02004239262778,0 39.3739224115786,6.01924082601667,0 39.3729870675843,6.01830571673906,0 39.3727856100823,6.01811773693214,0 39.3722919839602,6.01737772834911,0 39.371239959474,6.01506453590663,0 39.3706004943569,6.0121932396594,0 39.3703970296257,6.01127964442738,0 39.3702009559437,6.00981487907083,0 39.3700019849597,6.00832845943942,0 39.3701759960501,6.00801438374917,0 39.3707155391842,6.00774384859104,0 39.3715153666375,6.00784336141975,0 39.371839648829,6.00788370757342,0 39.3723792326561,6.00807972727105,0 39.3725656681942,6.00797403585766,0 39.3737568761358,6.00812223878394,0 39.3742611604409,6.00823405639854,0 39.375647944967,6.0085415527647,0 39.3759983072216,6.00826065500181,0 39.3766700057945,6.00772212920251,0 39.3773197205709,6.00807634096494,0 39.3781209266134,6.00814262681057,0 39.378626341071,6.00814227712903,0 39.3792559031966,6.00814184090006,0 39.3795898123859,6.00827528764179,0 39.380724510498,6.00787346369631,0 39.3818591136996,6.00733795918724,0 39.3826390972685,6.00646399357177,0 39.3829932009881,6.00606722182866,0 39.3831469050988,6.00550788327555,0 39.3832237779432,6.00522813795127,0 39.3835259497432,6.0041285123913,0 39.3830910812999,6.0028254528408,0 39.3826567422823,6.00171648589282,0 39.3824891458074,6.00128857230841,0 39.3822882531371,6.00041980302232,0 39.3818873069232,5.99988536915834,0 39.3813526977308,5.99915051039666,0 39.3809135097926,5.99874279149216,0 39.3804174245964,5.99828225097028,0 39.3802834837278,5.99768079097575,0 39.3806168769754,5.99707900645455,0 39.3813508408603,5.99647694311996,0 39.3819407431512,5.99559590545416,0 39.3812903253132,5.99457063373992,0 39.3810634202394,5.99421295581168,0 39.438403560236,5.96729180361042,0 39.4962829331432,6.01628649082961,0 39.5003500364635,6.01972869071594,0 39.5780434077833,6.08546960813145,0 39.5931524905253,6.08900170241705,0 39.6650825963866,6.10581042571289,0 39.6660465411739,6.10698284644213,0 39.6671006252418,6.10860901499104,0 39.6689200404887,6.11037783002224,0 39.6702610115112,6.11195576670225,0 39.6716974552473,6.11338997931057,0 39.6719016965316,6.11388470370323,0 39.6723689936024,6.11501661191107,0 39.6724175927503,6.11563881981376,0 39.673423113771,6.11664276377076,0 39.6740921444807,6.11625899039932,0 39.6751453716867,6.1171671371979,0 39.6765335387247,6.11821846012882,0 39.6775388308388,6.11903092814426,0 39.6778026073759,6.11962892988488,0 39.6798127801649,6.12091879117551,0 39.6818223552947,6.12172997737698,0 39.6834972993714,6.12263731495428,0 39.6840252963995,6.12416837666996,0 39.684026331753,6.12498210914901,0 39.6840272454166,6.1257001083744,0 39.6846494913226,6.12613011487013,0 39.6857962634634,6.12536278337807,0 39.685749478815,6.12617657664855,0 39.685368177626,6.12718226412247,0 39.6851300392237,6.12794843519091,0 39.6856571312159,6.12876149501764,0 39.6873811520084,6.13062608736313,0 39.689438658108,6.13148504463595,0 39.6901810577583,6.13236962172233,0 39.691043788798,6.1338523749292,0 39.6916661729505,6.1343781045062,0 39.6936763086088,6.13557217024209,0 39.6972171849555,6.13705143607361,0 39.6996587547276,6.13901077899912,0 39.7014303043548,6.1405880552269,0 39.703728369584,6.14249969741796,0 39.7058348383922,6.14417224839099,0 39.7071513642055,6.14519963783937,0 39.7092084449757,6.14567557815693,0 39.7115045869858,6.14610332573777,0 39.7128434788674,6.14595794358064,0 39.7135113626389,6.14471252749875,0 39.7140849346991,6.14447243029317,0 39.7143740499869,6.14609950025378,0 39.7148551045521,6.14820497658214,0 39.7161977774273,6.15088369375721,0 39.7177299672585,6.15222189458401,0 39.7195019976106,6.1540862961776,0 39.7228064513182,6.15743247162326,0 39.7252731222155,6.16013356708297,0 39.7268537725343,6.16190246543377,0 39.7290568220131,6.16414916889232,0 39.731308371707,6.16687445575039,0 39.7333613298282,6.16868238985064,0 39.7345644940534,6.16974194428592,0 39.736025208837,6.1711998437531,0 39.7376062591014,6.17320803123314,0 39.7396664519991,6.17583780531833,0 39.7416781726558,6.17798897625427,0 39.7428993941688,6.17915998935631,0 39.7434740531307,6.1796857123673,0 39.7438575384663,6.18030743398555,0 39.7449590347053,6.18135894360357,0 39.7453916903107,6.18293791407372,0 39.7463047041497,6.18600005387444,0 39.7467385782933,6.18844060721647,0 39.7473643079979,6.19126381689474,0 39.7477741116216,6.19358473692568,0 39.7492626593682,6.19774697057055,0 39.7503207053509,6.20186194033683,0 39.7509455296331,6.20401501941824,0 39.7521217888686,6.20714856409529,0 39.7524584285933,6.20844046359218,0 39.7524604664507,6.20987643584482,0 39.7521751183601,6.21102562151513,0 39.7528481352151,6.21341795604245,0 39.7529488301003,6.21695988358887,0 39.7537895746706,6.21956737223498,0 39.7545118100505,6.2229169473339,0 39.7545350111099,6.22305884274359,0 39.7547909646376,6.22275302874399,0 39.7555559158859,6.22251260634737,0 39.7562731723967,6.22236798274634,0 39.7580446250868,6.22356208778813,0 39.7593146507634,6.22530736301677,0 39.7599287839164,6.22586445837481,0 39.7603683091813,6.22626316134853,0 39.7609429709134,6.2267409906008,0 39.7618053103044,6.22769706107388,0 39.7630494737636,6.22807818957655,0 39.7635075156556,6.22835739625942,0 39.7639111963796,6.22860346562188,0 39.7641510446497,6.22908177517591,0 39.7632912566676,6.22989673602595,0 39.7632440475253,6.23032759546342,0 39.7635322118578,6.23114089510115,0 39.764633167089,6.2317136886014,0 39.7653995116442,6.23243056210902,0 39.7661651639373,6.23266877877253,0 39.7670747287012,6.2331939787753,0 39.7668363350557,6.23372084746607,0 39.7665028333722,6.2346307794723,0 39.7671258980337,6.2354914547516,0 39.768299205844,6.2364709913852,0 39.7681089229925,6.23718925295886,0 39.7683978661779,6.2385290689665,0 39.7687763057479,6.23899055503944,0 39.7692603790087,6.23958085380914,0 39.7705524069469,6.23996189050022,0 39.7722270941422,6.24034236300832,0 39.7735666767329,6.24053185988765,0 39.7745245157644,6.2413441666694,0 39.7749564128771,6.24230084208029,0 39.7752906190728,6.2434646645177,0 39.7759871783805,6.242958858476,0 39.7761847255473,6.24281540941941,0 39.7768505318412,6.24233193251616,0 39.7775363447784,6.24183392604351,0 39.7785172245753,6.24204787180433,0 39.7789468207121,6.2420157775279,0 39.7804781358793,6.24190137314851,0 39.7820566002737,6.24189903169618,0 39.7832998119411,6.24160999157714,0 39.7847823963642,6.24146418837108,0 39.7864606172862,6.24110366920786,0 39.7876992287411,6.24083758427898,0 39.7891015576584,6.24041810085878,0 39.7894682275046,6.24030841695861,0 39.7899880063277,6.23970254980213,0 39.7906127837172,6.23897429139485,0 39.7909484365661,6.23858304378898,0 39.7912814953617,6.23835267850839,0 39.7916775120046,6.23807876695333,0 39.7919182905844,6.2379122281419,0 39.7922886713417,6.23765604727212,0 39.7938664705761,6.2372228850548,0 39.7944317313043,6.23706769952404,0 39.7949183349858,6.23693410779765,0 39.7954438338909,6.23650252721621,0 39.7963037195995,6.23578324939314,0 39.7974024710085,6.23487214807009,0 39.7984372022513,6.23401896425012,0 39.7987400856203,6.23376922204505,0 39.8000105207806,6.2326356941568,0 39.8004596912689,6.23223492635311,0 39.8012065791042,6.23141809000114,0 39.8020593823252,6.23048541492164,0 39.8036842521006,6.22957350307106,0 39.8047356566381,6.22899751813615,0 39.8059138033436,6.22899572034869,0 39.8061705807568,6.22899532817133,0 39.8067922966831,6.2295502904894,0 39.8070806084422,6.22980764552955,0 39.8076324888724,6.23024808243424,0 39.8082778440664,6.23076311655594,0 39.8095697923743,6.23109619186786,0 39.8105744624059,6.23123824468925,0 39.811387220862,6.23099766961844,0 39.8123442070201,6.23123552261815,0 39.8137315984945,6.23142484494188,0 39.8147829190972,6.23080097598106,0 39.8153558552801,6.23012997957362,0 39.8162627179415,6.22888408528773,0 39.8176975635837,6.22883399907009,0 39.819174013822,6.22921886118149,0 39.8201618437383,6.22947635330742,0 39.8210617163875,6.22954998751355,0 39.8224580132978,6.22966423969582,0 39.8242281953078,6.22994866769991,0 39.8264283304549,6.22989736152975,0 39.8276422029957,6.22995619143382,0 39.828341705425,6.22999009128951,0 39.8298723601221,6.23003555115408,0 39.8314977718956,6.22950647838412,0 39.8331699539564,6.22830721878487,0 39.8342712680805,6.22771153134269,0 39.8346699444584,6.22749589128095,0 39.8350337516117,6.2272991112404,0 39.8365151272543,6.22643519860419,0 39.8389061807638,6.22614421584662,0 39.8404283699256,6.22540698281684,0 39.8414933903847,6.22489116401342,0 39.842227820462,6.22453545751354,0 39.8432312573932,6.22391161427479,0 39.8450960872384,6.22357358052692,0 39.8472478925066,6.22323508029658,0 39.8483497428261,6.22433420022488,0 39.8494982743746,6.22471527166442,0 39.8503120749065,6.22514474415518,0 39.8517944163824,6.2249030318412,0 39.8531321083735,6.22394357944988,0 39.8541824308812,6.22274526583384,0 39.8544896905074,6.22206146508487,0 39.8548496485565,6.22126038286078,0 39.8552684666639,6.22061544794071,0 39.8584241267195,6.22543752703786,0 39.8614913969392,6.22921383079892,0 39.8642223328915,6.232033371413,0 39.8669767811674,6.23458960039188,0 39.8687497405547,6.23654912427475,0 39.8686576256772,6.2366541086143,0 39.8692467893083,6.23703723253704,0 39.8705409037178,6.2386624867734,0 39.8721697642778,6.24023931815625,0 39.8732188119205,6.24140185929637,0 39.8734635788453,6.24167310571358,0 39.8743281893802,6.24387343156479,0 39.8746182742804,6.24573965940747,0 39.8749569885932,6.24808444921911,0 39.8754886262853,6.25138620365708,0 39.8756823422491,6.25282181082628,0 39.8760695399055,6.25554943173527,0 39.8765275751947,6.25772649385896,0 39.8769144650202,6.26026265588213,0 39.8779217500961,6.26193622269372,0 39.8791702091389,6.26480598911319,0 39.8807545607981,6.26829742148165,0 39.8816814638021,6.27030414020702,0 39.8824322925858,6.27189993866732,0 39.8827829385528,6.27279769527036,0 39.8826358275768,6.27429518802196,0 39.882192142012,6.27739024160161,0 39.8817971555181,6.27978649883019,0 39.881451876403,6.28208285599546,0 39.8809579700622,6.28497836145633,0 39.8805649916703,6.28857241125664,0 39.8801445114934,6.29064430829136,0 39.8801466942614,6.29194191692742,0 39.8797503533016,6.29353964573092,0 39.8794044767786,6.29548664668027,0 39.8793077412488,6.29728350358067,0 39.8788631116578,6.29982956882456,0 39.878668212109,6.30257484615203,0 39.8785954501532,6.30379771871332,0 39.8789497323155,6.30684151927899,0 39.879453745412,6.30993497414378,0 39.8797516189672,6.31194786669556,0 39.8799667946355,6.31185516679127,0 39.8812606700063,6.31319317557774,0 39.8824575804141,6.31376551848469,0 39.8840592866408,6.31326022878612,0 39.8852065740561,6.31277963911935,0 39.8858755664461,6.31234772494435,0 39.887120234374,6.31287211141893,0 39.8883184534347,6.31421026268253,0 39.8893741459414,6.31612302218587,0 39.8895682749026,6.31775006754749,0 39.8896192187847,6.31956881350307,0 39.8892389663694,6.32100538439629,0 39.88885879409,6.32248981911716,0 39.8887178123593,6.32397384499554,0 39.889103381757,6.32564842660966,0 39.8903009021124,6.32655579304253,0 39.8919750902815,6.32645719452483,0 39.8929787974968,6.32592896733817,0 39.8940798243076,6.32635785025248,0 39.8946718529148,6.3265147170984,0 39.8951455642949,6.32534560307795,0 39.8955257189394,6.32386116615178,0 39.8967206051204,6.32323687575111,0 39.8982984413805,6.32275551338187,0 39.8993486491958,6.3214613730441,0 39.9003038380231,6.32055030679038,0 39.9014963076173,6.318537959044,0 39.9022340217965,6.31635887456177,0 39.9025671439607,6.31535315590312,0 39.9042852237348,6.3130048461755,0 39.9063383139183,6.31075167775297,0 39.9084883102097,6.30921629167761,0 39.9101140101468,6.30878268108654,0 39.9120276471342,6.30887506335718,0 39.9144675715627,6.309014379027,0 39.9159993546134,6.30958605340847,0 39.9175308037152,6.30996626865528,0 39.9186309648163,6.30991646663135,0 39.9205664521595,6.30883611895403,0 39.923194924812,6.30739556123131,0 39.9244858304713,6.30701036469282,0 39.9256818251221,6.3070561059702,0 39.9274029990831,6.30652654777007,0 39.9292677627302,6.30604459202079,0 39.9312767990446,6.30599314400536,0 39.9316581219762,6.30522664674574,0 39.9322297626996,6.30388544722127,0 39.933950488862,6.30311655324204,0 39.9350494292746,6.30239663257597,0 39.9371061976722,6.30229721522986,0 39.9386101437763,6.3006910871405,0 39.9398050010697,6.30011457577216,0 39.9411440515576,6.29992070913546,0 39.9428182943888,6.29991768724806,0 39.9437279467981,6.30034681328975,0 39.9447314541415,6.29977063754722,0 39.9461177288445,6.29924162982531,0 39.9493689687038,6.29837418733019,0 39.9508989131189,6.29794063335311,0 39.9522806272831,6.2971596466921,0 39.9524280694862,6.29707630756587,0 39.9538628602936,6.29693009868394,0 39.9554422046101,6.29735797984211,0 39.9571640920404,6.29725909961693,0 39.9590520394879,6.29641803002573,0 39.9608208766659,6.29584042082755,0 39.9612976414462,6.29497800729207,0 39.9628758365372,6.2947836478079,0 39.9637372147278,6.29497351149832,0 39.9653182354607,6.2963107575716,0 39.9667546969423,6.29707390879595,0 39.9681920488274,6.29831568394523,0 39.9702489529959,6.29831186496257,0 39.9714929287879,6.2984531402999,0 39.9724989770039,6.29926493728975,0 39.9736003416558,6.29988510226851,0 39.9756103073805,6.300359977894,0 39.9765437622284,6.30071720369414,0 39.9776459399118,6.30176812330177,0 39.9787950602561,6.30234032315607,0 39.9806129775555,6.30243263490628,0 39.9814226865646,6.30253768811356,0 39.9824311646179,6.30266852814626,0 39.9851567762443,6.30213689748987,0 39.9875002429655,6.3018931532913,0 39.9893654465969,6.30169816873818,0 39.9911360677202,6.30207770968462,0 39.9915681275524,6.30289055429384,0 39.9919540813669,6.30461287680648,0 39.9933426687669,6.30532817352837,0 39.9948287547165,6.30700053249775,0 39.9958826862185,6.30781218460571,0 39.9978665304367,6.3071143830692,0 39.9994929327204,6.30711126730614,0 40.0009762872079,6.30734773386022,0 40.0023154009326,6.30720157319118,0 40.0044203383829,6.30729324667116,0 40.005998625896,6.30714661582234,0 40.0074792088385,6.30594719531712,0 40.0090564723257,6.30527407126219,0 40.0113040693993,6.30493468034469,0 40.0133138809448,6.3053136777641,0 40.0150846123494,6.3057409947964,0 40.0167363642381,6.30647964241899,0 40.0175023778783,6.30681318409579,0 40.018554375304,6.30661968063943,0 40.0186426566087,6.30665894106875,0 40.0186111221289,6.3067329620589,0 40.0182786116075,6.30793016886615,0 40.0175153025563,6.30898463006718,0 40.0170887046424,6.31099567948205,0 40.0169963939383,6.31271890248227,0 40.0173344185666,6.31434556027535,0 40.0179590874808,6.31578020786668,0 40.0180086062883,6.31664163202821,0 40.0185620412629,6.31833965984193,0 40.0184207787612,6.31948863071174,0 40.0180874222458,6.32025507942622,0 40.0178980417582,6.32126055769149,0 40.0181395634445,6.32245664162753,0 40.0184766661873,6.3236046757524,0 40.0184801317311,6.32537557241986,0 40.0181014650066,6.32743439128051,0 40.0172910451916,6.32887184640784,0 40.0161687907558,6.32985521940072,0 40.0143997479137,6.33033730005784,0 40.0132026037604,6.32971742645069,0 40.0116689260536,6.32823668281784,0 40.0102311168996,6.32685147159618,0 40.0101320049308,6.32508075640226,0 40.0099377784056,6.32359739999816,0 40.0096006936211,6.32244935732388,0 40.0091213998156,6.32197166361316,0 40.0073024058813,6.32135297825801,0 40.0052930857207,6.32126114067354,0 40.004289163951,6.32159811723536,0 40.003239433062,6.32298815498021,0 40.0031931644179,6.32380190638303,0 40.0027166403328,6.32476007525726,0 40.0020967880002,6.32581424525335,0 40.0002790724442,6.32586560897178,0 39.9980304544754,6.32572634375054,0 39.996741787276,6.32726041856471,0 39.9960485596267,6.32747712931716,0 39.9933704940533,6.32791301913208,0 39.9917914048855,6.32767672236453,0 39.9896376307969,6.3271064766686,0 39.9886806112055,6.32696471021275,0 39.9869614637012,6.32854744710201,0 39.9863413916187,6.32950587878978,0 39.9866302334707,6.33046258435373,0 39.9873497073889,6.33146633371823,0 39.9870174785892,6.33285498336019,0 39.9859212930773,6.33501088778259,0 39.9847265194273,6.33563537123279,0 39.9832919171248,6.33592526766289,0 39.9823851630105,6.33707569091921,0 39.9820521045742,6.33803357646529,0 39.9821975210186,6.33903841893564,0 39.9824617650124,6.33963620283488,0 39.9831324114899,6.34011355941942,0 39.9831823350772,6.34121430762688,0 39.983517206104,6.34121367259084,0 39.984139835347,6.34159539302758,0 39.9845229084166,6.34178611666156,0 39.9847149899154,6.34216865357098,0 39.9839981340452,6.34255291632456,0 39.9830419012656,6.3428419067617,0 39.9828998352314,6.34360797984274,0 39.9832839981013,6.34437305485205,0 39.9833342867555,6.34566525294929,0 39.9824274283915,6.3467678159058,0 39.982237703253,6.34762970484087,0 39.9828129544921,6.34825082920569,0 39.9833396414539,6.34848914318693,0 39.9843924713518,6.34867859414393,0 39.9851116082988,6.34949089260526,0 39.9856879571692,6.35068636295683,0 39.9869809010903,6.35135397725446,0 39.9880816680198,6.3515911908472,0 39.9876998634335,6.35207054588625,0 39.9869823596727,6.35211977701478,0 39.9859794569534,6.35303107892237,0 39.9850233894261,6.35341580073994,0 39.9825851010737,6.35423410169785,0 39.9806239351802,6.35438140990328,0 39.9789968329663,6.35409731404742,0 39.9766996112181,6.35362302669346,0 39.9754550510952,6.35324247133785,0 39.9739253423848,6.35386756893667,0 39.9720138067994,6.35497200853562,0 39.9710578113204,6.35540456936817,0 39.9710570653698,6.35500671811931,0 39.97105664472,6.35478235416934,0 39.9712936914941,6.3536332002915,0 39.9715554204283,6.35289083451262,0 39.9707880080633,6.35183929091687,0 39.9693021963977,6.35035832486643,0 39.9679132342459,6.3494993903021,0 39.9665738115344,6.34954975487885,0 39.9652820495354,6.3495043012622,0 39.9636066795431,6.34898092839383,0 39.9622664565202,6.34860051609572,0 39.960208816927,6.34831715650487,0 39.9588242094714,6.34980347612749,0 39.9577239809521,6.34985337512145,0 39.9568130796024,6.34880207111992,0 39.955186085252,6.34856575865537,0 39.9538482438867,6.34947762345158,0 39.9527019334949,6.35048485937481,0 39.9528950535715,6.35144176669386,0 39.9527533813505,6.35244715323821,0 39.9521795629109,6.35259179848165,0 39.9509617019118,6.35371882144692,0 39.9490481758088,6.35377019709223,0 39.9479491611362,6.35449015918713,0 39.9480480838197,6.35626091605948,0 39.9481478847338,6.35851030293556,0 39.9485316637185,6.35908395733232,0 39.9494412545429,6.35941733025521,0 39.9505406276863,6.35888881583814,0 39.9514006186214,6.35826501354775,0 39.9520232524625,6.35864677283923,0 39.9523114418628,6.35926846288409,0 39.9514518027446,6.36008371865077,0 39.9502577133763,6.36113890398862,0 39.9493491728405,6.36137988908163,0 39.9481078487418,6.36277019947291,0 39.9467224683362,6.36387359258475,0 39.9461024573614,6.36492771859053,0 39.9458413869446,6.36605298188045,0 39.9459883274557,6.36791937754887,0 39.9464199545734,6.36849294497673,0 39.9471381072005,6.36877880729,0 39.9480953816449,6.36901636628409,0 39.9499604189463,6.36858216997798,0 39.9505339033353,6.36824607266078,0 39.951108267688,6.36838860445996,0 39.9513017489773,6.36953696299655,0 39.9520222860755,6.37111511747469,0 39.9534115567339,6.37211767803797,0 39.9546564215796,6.37264187051739,0 39.9559965297113,6.37292656790094,0 39.9570952999193,6.37206299640416,0 39.9578593508691,6.37129577041551,0 39.9584350516453,6.37215623606578,0 39.95858026524,6.37306536367405,0 39.9594912198367,6.37411665662552,0 39.9611673857425,6.37502293316837,0 39.9623172925045,6.37593018551233,0 39.9625102678842,6.37679135862912,0 39.9633721439387,6.37717265283917,0 39.9633732160716,6.37774700613843,0 39.9631598460766,6.37877645802719,0 39.9638445631959,6.37939065207667,0 39.9641183053953,6.37963619921643,0 39.9656500727763,6.38006409815989,0 39.9673267161914,6.38120966349328,0 39.9670887594138,6.38188019045262,0 39.9665625792585,6.38192904058705,0 39.9659897217089,6.38260019536483,0 39.9663745272074,6.38370032024569,0 39.9674759912965,6.38427260731237,0 39.9674801969218,6.38429756248508,0 39.9675727551643,6.38484678001174,0 39.9667122097591,6.38518343605019,0 39.9652313165951,6.38638278605919,0 39.9637487155123,6.38667274051282,0 39.9629371697844,6.38763151741337,0 39.9622697771302,6.38892506455256,0 39.9619152866441,6.39124707966642,0</coordinates></LinearRing></outerBoundaryIs></Polygon></MultiGeometry>
  </Placemark>
  <Placemark>
	<name>Oromiya</name>
	<description>&lt;html xmlns:fo=&quot;http://www.w3.org/1999/XSL/Format&quot; xmlns:msxsl=&quot;urn:schemas-microsoft-com:xslt&quot;&gt;

&lt;head&gt;

&lt;META http-equiv=&quot;Content-Type&quot; content=&quot;text/html&quot;&gt;

&lt;meta http-equiv=&quot;content-type&quot; content=&quot;text/html; charset=UTF-8&quot;&gt;

&lt;/head&gt;

&lt;body style=&quot;margin:0px 0px 0px 0px;overflow:auto;background:#FFFFFF;&quot;&gt;

&lt;table style=&quot;font-family:Arial,Verdana,Times;font-size:12px;text-align:left;width:100%;border-collapse:collapse;padding:3px 3px 3px 3px&quot;&gt;

&lt;tr style=&quot;text-align:center;font-weight:bold;background:#9CBCE2&quot;&gt;

&lt;td&gt;Oromiya&lt;/td&gt;

&lt;/tr&gt;

&lt;tr&gt;

&lt;td&gt;

&lt;table style=&quot;font-family:Arial,Verdana,Times;font-size:12px;text-align:left;width:100%;border-spacing:0px; padding:3px 3px 3px 3px&quot;&gt;

&lt;tr&gt;

&lt;td&gt;FID&lt;/td&gt;

&lt;td&gt;5&lt;/td&gt;

&lt;/tr&gt;

&lt;tr bgcolor=&quot;#D4E4F3&quot;&gt;

&lt;td&gt;R_NAME&lt;/td&gt;

&lt;td&gt;Oromiya&lt;/td&gt;

&lt;/tr&gt;

&lt;tr&gt;

&lt;td&gt;R_CODE&lt;/td&gt;

&lt;td&gt;4&lt;/td&gt;

&lt;/tr&gt;

&lt;tr bgcolor=&quot;#D4E4F3&quot;&gt;

&lt;td&gt;Z_NAME&lt;/td&gt;

&lt;td&gt;Bale&lt;/td&gt;

&lt;/tr&gt;

&lt;tr&gt;

&lt;td&gt;Z_CODE&lt;/td&gt;

&lt;td&gt;411&lt;/td&gt;

&lt;/tr&gt;

&lt;tr bgcolor=&quot;#D4E4F3&quot;&gt;

&lt;td&gt;W_NAME&lt;/td&gt;

&lt;td&gt;BERBERE&lt;/td&gt;

&lt;/tr&gt;

&lt;tr&gt;

&lt;td&gt;W_CODE&lt;/td&gt;

&lt;td&gt;41114&lt;/td&gt;

&lt;/tr&gt;

&lt;tr bgcolor=&quot;#D4E4F3&quot;&gt;

&lt;td&gt;RK_NAME&lt;/td&gt;

&lt;td&gt;METI KONIDALA&lt;/td&gt;

&lt;/tr&gt;

&lt;tr&gt;

&lt;td&gt;RK_CODE&lt;/td&gt;

&lt;td&gt;41114016&lt;/td&gt;

&lt;/tr&gt;

&lt;tr bgcolor=&quot;#D4E4F3&quot;&gt;

&lt;td&gt;COUNT&lt;/td&gt;

&lt;td&gt;8&lt;/td&gt;

&lt;/tr&gt;

&lt;/table&gt;

&lt;/td&gt;

&lt;/tr&gt;

&lt;/table&gt;

&lt;/body&gt;

&lt;/html&gt;

</description>
	<Style><LineStyle><color>ff0000ff</color></LineStyle><PolyStyle><fill>0</fill></PolyStyle></Style>
	<ExtendedData><SchemaData schemaUrl="#1340_RR">
		<SimpleData name="altitudeMode">clampToGround</SimpleData>
		<SimpleData name="tessellate">-1</SimpleData>
		<SimpleData name="extrude">0</SimpleData>
		<SimpleData name="visibility">-1</SimpleData>
		<SimpleData name="snippet"></SimpleData>
	</SchemaData></ExtendedData>
      <MultiGeometry><Polygon><outerBoundaryIs><LinearRing><coordinates>40.1168779317703,6.61248261020295,0 40.1162087197764,6.61286699366445,0 40.1158271098113,6.6134421724541,0 40.1162121560977,6.61439851343001,0 40.1158314042485,6.61535657235132,0 40.1165031983127,6.61612082844415,0 40.1169835439861,6.61688551332318,0 40.1169850492425,6.61755555294569,0 40.1176568483581,6.6183198066156,0 40.1183286495847,6.61908405900698,0 40.1194780036963,6.61936863312543,0 40.1217793074213,6.62108641002268,0 40.1227391617962,6.6222328852466,0 40.1235069186906,6.62309263168918,0 40.1242744616335,6.62385665678645,0 40.1237979956391,6.62481493671947,0 40.1245655420639,6.62557896078921,0 40.1250450428997,6.6259607553691,0 40.1252375809754,6.6264389198086,0 40.1252393165167,6.62720467690604,0 40.1269667478476,6.62911516051643,0 40.1277340885682,6.62978345806345,0 40.1282129430671,6.62987808983974,0 40.128789267014,6.63073825946662,0 40.1287910091725,6.63150401549044,0 40.1287934049764,6.63255692998357,0 40.1294669876579,6.63408691649131,0 40.1299484638612,6.63533017922456,0 40.1303342143218,6.63657365925625,0 40.1301447211331,6.63743557059189,0 40.1313933467384,6.63925140056295,0 40.1326897373658,6.64101925662361,0 40.1326938961213,6.64283792392126,0 40.1323149167496,6.64456174739709,0 40.1323190763669,6.64638041466957,0 40.132416777721,6.64724166962253,0 40.1324194060178,6.64839030143418,0 40.1320395485961,6.64973124791326,0 40.1320967409239,6.65050686588386,0 40.1195647169257,6.64755142160879,0 40.111398507433,6.60989298499111,0 40.1014580778796,6.56404168612499,0 40.1016557906463,6.56417287481214,0 40.1032841149906,6.56469575896745,0 40.1046246618003,6.56493210862821,0 40.1054377173208,6.56469101338782,0 40.1059537642564,6.56440652267553,0 40.1062088715376,6.56426588468626,0 40.1065579341575,6.56407344978229,0 40.106919512388,6.56387411475836,0 40.1073611889947,6.56366506305197,0 40.1079104218934,6.5634051027146,0 40.1085449807573,6.56310475527636,0 40.1089747464473,6.56267306073068,0 40.1103393755867,6.56298113292555,0 40.1111991863516,6.56328410027004,0 40.1118241273922,6.56350430649054,0 40.1127336826802,6.56417496610587,0 40.1131184076854,6.56445864153763,0 40.1132156111974,6.56512847085254,0 40.1130175209544,6.565465423797,0 40.1125957982619,6.56618277567129,0 40.1125502782888,6.56723580508587,0 40.1132469272592,6.56796242221072,0 40.1135576351948,6.56828649493663,0 40.1136566499527,6.56976994587995,0 40.1143767587951,6.57077341119966,0 40.1154785644387,6.5712495610896,0 40.116578557485,6.57091208702921,0 40.1170562855868,6.57052813906295,0 40.1171514681109,6.57028862522243,0 40.1183005979954,6.57052536165697,0 40.1190164384432,6.56961441731728,0 40.1193016616514,6.56875229511684,0 40.1204473625957,6.56745750671139,0 40.1207053186261,6.56715329912103,0 40.1211767956605,6.56659728503139,0 40.1215452000512,6.56616282374941,0 40.122738425461,6.56472434492075,0 40.1229477233287,6.56414470615099,0 40.1231163039365,6.56367783077318,0 40.1233091765845,6.56314367896904,0 40.1233648336944,6.56233907193797,0 40.1234018887918,6.56180338522821,0 40.1229218159343,6.5611344175207,0 40.1233508153798,6.56036769315348,0 40.1242103123283,6.55950428344693,0 40.1244923060882,6.55900271916072,0 40.1248299852219,6.55840210957953,0 40.1265142728331,6.55589022277596,0 40.1275686238175,6.55655789706598,0 40.1293895465559,6.55760672470071,0 40.1301541764122,6.5571264017051,0 40.130824169918,6.55712489211113,0 40.131399313227,6.55750647626811,0 40.1322620297122,6.5580788509743,0 40.1330279536156,6.55817284182902,0 40.133314012983,6.55769359504457,0 40.1330247115645,6.55673704712473,0 40.1330225506001,6.55577985060836,0 40.1340745284957,6.55539459397897,0 40.1344582454948,6.55577660712588,0 40.1349389749117,6.55673272093212,0 40.135322693654,6.55711473310788,0 40.1375236623275,6.55691830799273,0 40.1383872515253,6.55787354901774,0 40.1387674977282,6.55672404664927,0 40.139435532804,6.55586105070948,0 40.1400078530514,6.55499827165932,0 40.1403893988695,6.55442308543626,0 40.1412508113523,6.55442112759917,0 40.1425903500907,6.55422664045898,0 40.1440269082784,6.55460624754336,0 40.1451076733619,6.5547658547613,0 40.1459418116669,6.55488903847176,0 40.1474727722877,6.5546941013182,0 40.1492928400023,6.55535997432232,0 40.1503461148628,6.55554900034198,0 40.1523562941458,6.55564010810903,0 40.1529318874284,6.55621310302478,0 40.153220344445,6.55678675706111,0 40.1531263915977,6.55755272882149,0 40.1518830054439,6.55793846318144,0 40.1507351102588,6.55822825618857,0 40.1506404950191,6.55870707099745,0 40.1514557030686,6.55942309681203,0 40.1520291022882,6.5590389020802,0 40.152602500566,6.55865470684047,0 40.1532722708087,6.55855744795381,0 40.1537460733739,6.55851327349293,0 40.1543248919168,6.55845930737471,0 40.155090594316,6.55845754481255,0 40.1555700401167,6.55883931815839,0 40.1566226605114,6.55874117273247,0 40.1573896877388,6.55931371951914,0 40.1581553906097,6.55931195205021,0 40.1583454901776,6.55873719726431,0 40.1591098650345,6.55816111589781,0 40.1597802956432,6.55835100488692,0 40.1607387503246,6.55892310338705,0 40.1613121400651,6.55853889938172,0 40.1619819064245,6.55844162918637,0 40.1630354099642,6.55872634519413,0 40.1636085752851,6.5582464202972,0 40.164374274832,6.55824464362359,0 40.1653289535887,6.557189517021,0 40.1660939837625,6.55690058240949,0 40.1664752747917,6.5562296628543,0 40.1672394122139,6.55555785286647,0 40.1676761432734,6.55530692529987,0 40.1679162544501,6.55516896712111,0 40.1685775946479,6.5547889868599,0 40.170204468695,6.55468947750774,0 40.1708728867376,6.55401788636529,0 40.1711600209268,6.55401721652248,0 40.1716383544607,6.55392038139872,0 40.1722103878137,6.55296185732808,0 40.1722079300004,6.55190895558314,0 40.1728770124329,6.55152451780008,0 40.173354448596,6.55104480829027,0 40.1734481468434,6.55018311991277,0 40.1736375554428,6.54932120793411,0 40.1747845134715,6.5486484953152,0 40.176315876942,6.5486449119167,0 40.1772723058762,6.54835551538066,0 40.1784199289647,6.54796995013208,0 40.1797600932038,6.54806252363959,0 40.1806192339845,6.54710331951604,0 40.1814788215285,6.54633555056412,0 40.1823404326961,6.54642924272593,0 40.1832997817147,6.54738416979833,0 40.1839692985895,6.54719115567747,0 40.1849236869995,6.54604028452976,0 40.1857837166726,6.54546394548788,0 40.1862622629116,6.54546281624782,0 40.1871245501042,6.54584365386808,0 40.1875067088493,6.5455555959297,0 40.1881639390539,6.54498950485842,0 40.188844147663,6.54449953255721,0 40.1899926550113,6.54449681502237,0 40.1908535817823,6.54430333970099,0 40.1913305385311,6.54363218186772,0 40.1921901014258,6.54286439851398,0 40.192379703026,6.54209820318424,0 40.1925695311783,6.54142772554099,0 40.1927595859207,6.54085296557207,0 40.1930430786928,6.53932080194456,0 40.1930410362894,6.53845934292219,0 40.1935177586312,6.53769246673916,0 40.1939122809647,6.53716377299401,0 40.1943764005557,6.5365418113955,0 40.1948544824218,6.5363492402891,0 40.1954782840874,6.53706564495452,0 40.1961498275482,6.53773407596792,0 40.1968216004287,6.53849822328052,0 40.1973005935772,6.53868851978197,0 40.1972030643733,6.53792300733012,0 40.1977768532514,6.53773020569745,0 40.1983508694813,6.53763312097685,0 40.1983495021476,6.5370588160443,0 40.1977722980643,6.53581585547357,0 40.1980575969241,6.53504943208997,0 40.1987275447617,6.53504783719864,0 40.199973786344,6.53590632984278,0 40.2003563858639,6.53580969958539,0 40.2005457455405,6.53494778629568,0 40.2009265179556,6.53408541648109,0 40.2007325945293,6.53303298141178,0 40.201495733886,6.5319782637384,0 40.2024507389506,6.5311145232851,0 40.2033136926733,6.53178248761967,0 40.2038856415696,6.53082394214621,0 40.2042670922521,6.53024872320994,0 40.2055114952574,6.53034146465593,0 40.205991856516,6.53110605723191,0 40.2064694687365,6.53072204235528,0 40.2070423272543,6.53014636342353,0 40.2077111193249,6.52966617184371,0 40.2074223975515,6.52899683964272,0 40.2068456442043,6.52794532594407,0 40.2067474185393,6.52689266560211,0 40.207223651556,6.52593434747888,0 40.2081800112516,6.52564490299729,0 40.2092343696538,6.52631239882884,0 40.209805208085,6.5263110290596,0 40.2105742363997,6.52630918269705,0 40.2116262983223,6.52601950205347,0 40.212105511854,6.52630550275932,0 40.2128699980088,6.52582507595678,0 40.2133466782822,6.52505818835407,0 40.2141113916665,6.52467347719398,0 40.2148761037232,6.52428876508415,0 40.2148749509382,6.52381018031263,0 40.2150647451556,6.5231397004696,0 40.2151576824415,6.52199086647045,0 40.2156338950975,6.52103254402975,0 40.2166857109292,6.52064713844314,0 40.2172624715527,6.5216986389292,0 40.2178396970184,6.52294157197149,0 40.2183182162028,6.52294041618808,0 40.2191779312638,6.52226831699177,0 40.2199421718461,6.52169216499268,0 40.2199391634972,6.5204478467919,0 40.2200330156478,6.51968188107984,0 40.2207981776861,6.51948859568193,0 40.2221394112243,6.52005965246149,0 40.2228084055053,6.51967516249541,0 40.2236706610996,6.5200559409373,0 40.2242439508357,6.51967168137874,0 40.2247206077386,6.51890478713995,0 40.2252934306449,6.51832909355977,0 40.2260585872232,6.51813580093255,0 40.2270146828815,6.51775060885452,0 40.227451664636,6.51774954629499,0 40.2278760055288,6.5177485141108,0 40.2288341952949,6.51822476727899,0 40.2286448869508,6.51908668163176,0 40.229028397035,6.51937289878457,0 40.2295076103357,6.51965888236168,0 40.2303705688831,6.5203267976483,0 40.2304676721293,6.52090086269042,0 40.2298941539326,6.52118941225226,0 40.2293204017848,6.52138224483574,0 40.2295125077825,6.52166892764756,0 40.2307587503918,6.52252734098845,0 40.2312382013162,6.52290903851016,0 40.2319109299592,6.52405599863524,0 40.2319135018581,6.52510887837988,0 40.231341616659,6.52606744477982,0 40.231917243559,6.52664033974574,0 40.233161864047,6.52682872989768,0 40.23392890189,6.52740115360371,0 40.2349825849214,6.52778143981717,0 40.2349811779392,6.52720714250835,0 40.2341189041915,6.52682638741527,0 40.233638978917,6.52625326126103,0 40.233733277592,6.52567872940927,0 40.2346886748023,6.52500637259435,0 40.2357414145291,6.52500379329244,0 40.2368898573822,6.52500097700302,0 40.2371781421764,6.5254788532576,0 40.2376578349855,6.52595625931196,0 40.2379463561652,6.52652985098314,0 40.2388079254283,6.52662345083467,0 40.2394321657008,6.52657130524837,0 40.2400340314624,6.52652102797422,0 40.2406349324462,6.52647083057762,0 40.241017040388,6.52618274016905,0 40.2416569811228,6.52602591337149,0 40.2425952061556,6.52579598608735,0 40.2432146830173,6.52474157708225,0 40.2442190948698,6.52454766639174,0 40.2455590574813,6.52459221609183,0 40.2457919611495,6.52490455580751,0 40.2461707907212,6.52541259089106,0 40.2466633113944,6.52607309085693,0 40.2470737499092,6.52701594366107,0 40.2474333200142,6.52784193841016,0 40.2480795252492,6.52855850888939,0 40.2484357167305,6.52895348463591,0 40.2487213452806,6.52927021341663,0 40.2491127602139,6.52970424592992,0 40.2497271528291,6.53023371324545,0 40.250112818991,6.53138135124059,0 40.2496449485474,6.53204797448992,0 40.2498145093641,6.53288507088864,0 40.2502772419457,6.53383765146897,0 40.2505030029198,6.53434758550949,0 40.2495461919785,6.53444567748188,0 40.2491647971531,6.53502092155146,0 40.2482067978195,6.53464043273111,0 40.2473466385402,6.53512114635765,0 40.2463912461369,6.53579352735445,0 40.2456282092444,6.53684829647902,0 40.2449630061516,6.53876427054237,0 40.2449663217511,6.54010429186905,0 40.2455424542513,6.54086859654905,0 40.2464038103524,6.54086646268143,0 40.2474544424804,6.54000241119201,0 40.2478384535335,6.54048004016269,0 40.2478405903982,6.54134148144656,0 40.2467906685732,6.54249268129616,0 40.2449753247353,6.54374149224201,0 40.2449772207523,6.54450721856718,0 40.2456500153825,6.54565414800269,0 40.2458440393519,6.54670654681294,0 40.2454642936805,6.54795180068488,0 40.2452740645092,6.54843085397966,0 40.2443176984642,6.54872037282367,0 40.2443193578633,6.54939038339404,0 40.2434111985686,6.54982335613725,0 40.2410182602126,6.54973355781651,0 40.2408280261288,6.55021261032279,0 40.2409263355184,6.55126524890429,0 40.2404487391176,6.55164929493691,0 40.2404349918168,6.55164658056435,0 40.239491181607,6.55146022642837,0 40.238630985434,6.55194093184565,0 40.2377707874228,6.55242163608988,0 40.2370062964269,6.55290210334825,0 40.2364346361053,6.55395639467646,0 40.2354794297149,6.55472448004612,0 40.2345258683381,6.55616257700562,0 40.2330904596733,6.55626182311041,0 40.2323268979289,6.55712514990951,0 40.2318506986635,6.55808348724447,0 40.2318532839694,6.55913636557827,0 40.2327172634079,6.56018712722832,0 40.2330062771307,6.56095215065693,0 40.2319546367725,6.56143331935814,0 40.2313806077812,6.56153044622629,0 40.231281372095,6.56009493791026,0 40.2312792574833,6.55923349185127,0 40.2309904825501,6.55856418294125,0 40.229745077237,6.55808865335063,0 40.2289784584818,6.55770766447012,0 40.2278318114666,6.55847620758032,0 40.227547257138,6.55952979033843,0 40.2275493654374,6.56039123759939,0 40.2267850851649,6.56096740961993,0 40.226019398979,6.56096928231495,0 40.2254434970447,6.560300671021,0 40.2247718861139,6.55963229249975,0 40.2233357601939,6.55944436334033,0 40.221805089704,6.5597352458771,0 40.2209450912212,6.56031164322736,0 40.220659123484,6.56079092524997,0 40.2201798700895,6.5605049400714,0 40.2194148808971,6.56079395250659,0 40.2190350617845,6.56203919996182,0 40.2200892827374,6.56261093867874,0 40.2209520830292,6.56318314100663,0 40.2207615925701,6.56356647359265,0 40.2198037789735,6.56328165382044,0 40.2192285790803,6.56290018435146,0 40.2182714649125,6.5629025112988,0 40.2178904793999,6.56366917513616,0 40.2170318637332,6.56481986809488,0 40.2161704569928,6.56482195926431,0 40.2152126418529,6.56453713069105,0 40.2140645630375,6.56473134795518,0 40.2126284204968,6.56454339011199,0 40.2121480089766,6.56377881262167,0 40.2111908906059,6.56378112636048,0 40.2106182376271,6.56445253239275,0 40.2084161683724,6.56417069399749,0 40.2065033095364,6.56474960825388,0 40.2054523168468,6.56551787883639,0 40.2044972634003,6.56638163485791,0 40.2043072185651,6.56695639800868,0 40.2050747619183,6.56772029388288,0 40.2045973485537,6.56820003067048,0 40.2022972510114,6.5669612256388,0 40.2006689864884,6.56648654134606,0 40.1998562302724,6.56682350094288,0 40.1993788117009,6.5673032335278,0 40.1998598981242,6.56835497805576,0 40.1996691595697,6.56864258854363,0 40.1981363744516,6.56807194996752,0 40.1967002197353,6.56788394713798,0 40.1958406292238,6.56865174398657,0 40.1956517159836,6.5697050930662,0 40.1967057082646,6.57018116533766,0 40.1965158820151,6.57085164475974,0 40.1942171538093,6.57018710636585,0 40.1927821322257,6.57047768093222,0 40.1910622434635,6.57172611094697,0 40.1905848111233,6.57220583742653,0 40.1911622848999,6.57354451772658,0 40.1912600497163,6.57440574829295,0 40.1906850789675,6.57411996217933,0 40.1904906903008,6.57287608846042,0 40.1897249756204,6.57287790902654,0 40.1892473134551,6.57326191696807,0 40.1886718902941,6.57278469270191,0 40.1885784487623,6.57374209691763,0 40.1881005575936,6.57403038635191,0 40.1881012392668,6.5743175394708,0 40.1872400340716,6.57441530159566,0 40.1869542520094,6.57499028920494,0 40.1856151509269,6.57537633713456,0 40.1826520578198,6.57710628105222,0 40.1815046031004,6.57758758483377,0 40.1815059596495,6.57816189236234,0 40.1813161108896,6.57883237001911,0 40.1801672954189,6.57873936386016,0 40.1795941293656,6.57921930867137,0 40.1784453126068,6.57912629865854,0 40.1781606454258,6.58017987357405,0 40.1775881519605,6.58094697083291,0 40.176918137681,6.58094854855068,0 40.1762492492385,6.58142871582384,0 40.1767309859891,6.58276764251904,0 40.1756783273207,6.58286583836822,0 40.1755846368824,6.58372752645977,0 40.1759699822937,6.58477952463172,0 40.1750128110899,6.58478177644678,0 40.1739578985411,6.5839227879106,0 40.1730014023174,6.58421219015493,0 40.1718503280202,6.5831619845016,0 40.1710845924268,6.58316377934863,0 40.1704145736075,6.58316534887794,0 40.1700310334185,6.58287909045595,0 40.1685009045943,6.58345698334771,0 40.1679511062542,6.58373349440528,0 40.1675448514538,6.58393781231096,0 40.167546640586,6.58470355933402,0 40.1679308525033,6.58527697473148,0 40.1670705130463,6.58575757968855,0 40.16601873631,6.58623863031609,0 40.1644885910701,6.58681651347607,0 40.1637230708542,6.58691401653009,0 40.1629606704257,6.58835157776813,0 40.1625806944998,6.58959681011539,0 40.1618165056527,6.59026862235979,0 40.1616275183786,6.59132197192487,0 40.1606714425765,6.59180279139333,0 40.1610572132187,6.59304624232012,0 40.1603885142069,6.59362211225999,0 40.1599112525361,6.5941975365702,0 40.1598641715989,6.59453266293013,0 40.1590990824193,6.59482159834921,0 40.158829169062,6.59563764381785,0 40.1587591816649,6.59563601959712,0 40.1581841962725,6.59535019734967,0 40.1576109883857,6.59583012371299,0 40.1564645691991,6.59678997501395,0 40.1558913578991,6.5972698999513,0 40.1552213165199,6.59727145241979,0 40.1550316496701,6.59803764584129,0 40.1552270823594,6.59976013974164,0 40.1544633118287,6.6006233824269,0 40.1544661940562,6.60186772628529,0 40.1537996922213,6.60340077832413,0 40.1546645126676,6.6048345638468,0 40.1549554508916,6.60646111649555,0 40.1548615047126,6.60722708824576,0 40.1548646128778,6.60856715031319,0 40.1544832770997,6.60923806936805,0 40.1545814418582,6.61029075331945,0 40.1533385987521,6.61096366947012,0 40.1538192105894,6.61182402884361,0 40.1536288740568,6.61230306639923,0 40.1527682526279,6.61268793796542,0 40.1524826349448,6.61335863462459,0 40.1508557796589,6.61355383901365,0 40.1499940468963,6.61346011220352,0 40.1478885709159,6.61365641318164,0 40.1461655455002,6.61366038558126,0 40.1436767291445,6.61366611296257,0 40.1409011781238,6.61386392484921,0 40.1385082991917,6.61396512627261,0 40.1360194746425,6.61397081561505,0 40.1342962227219,6.61387902771398,0 40.1316159465738,6.61388513141402,0 40.1293185650077,6.61389035166998,0 40.1282640782304,6.61322270362404,0 40.1259621484571,6.6112177948189,0 40.1239478396917,6.60940366332526,0 40.1217418831051,6.60749423252741,0 40.121622641031,6.60743494899972,0 40.1206980688231,6.60854948759725,0 40.1205085607545,6.60941139723697,0 40.1194583984554,6.61065812467417,0 40.1188859913625,6.61152089523824,0 40.1178325954011,6.61133182150863,0 40.1168779317703,6.61248261020295,0</coordinates></LinearRing></outerBoundaryIs></Polygon></MultiGeometry>
  </Placemark>
  <Placemark>
	<name>Oromiya</name>
	<description>&lt;html xmlns:fo=&quot;http://www.w3.org/1999/XSL/Format&quot; xmlns:msxsl=&quot;urn:schemas-microsoft-com:xslt&quot;&gt;

&lt;head&gt;

&lt;META http-equiv=&quot;Content-Type&quot; content=&quot;text/html&quot;&gt;

&lt;meta http-equiv=&quot;content-type&quot; content=&quot;text/html; charset=UTF-8&quot;&gt;

&lt;/head&gt;

&lt;body style=&quot;margin:0px 0px 0px 0px;overflow:auto;background:#FFFFFF;&quot;&gt;

&lt;table style=&quot;font-family:Arial,Verdana,Times;font-size:12px;text-align:left;width:100%;border-collapse:collapse;padding:3px 3px 3px 3px&quot;&gt;

&lt;tr style=&quot;text-align:center;font-weight:bold;background:#9CBCE2&quot;&gt;

&lt;td&gt;Oromiya&lt;/td&gt;

&lt;/tr&gt;

&lt;tr&gt;

&lt;td&gt;

&lt;table style=&quot;font-family:Arial,Verdana,Times;font-size:12px;text-align:left;width:100%;border-spacing:0px; padding:3px 3px 3px 3px&quot;&gt;

&lt;tr&gt;

&lt;td&gt;FID&lt;/td&gt;

&lt;td&gt;6&lt;/td&gt;

&lt;/tr&gt;

&lt;tr bgcolor=&quot;#D4E4F3&quot;&gt;

&lt;td&gt;R_NAME&lt;/td&gt;

&lt;td&gt;Oromiya&lt;/td&gt;

&lt;/tr&gt;

&lt;tr&gt;

&lt;td&gt;R_CODE&lt;/td&gt;

&lt;td&gt;4&lt;/td&gt;

&lt;/tr&gt;

&lt;tr bgcolor=&quot;#D4E4F3&quot;&gt;

&lt;td&gt;Z_NAME&lt;/td&gt;

&lt;td&gt;Bale&lt;/td&gt;

&lt;/tr&gt;

&lt;tr&gt;

&lt;td&gt;Z_CODE&lt;/td&gt;

&lt;td&gt;411&lt;/td&gt;

&lt;/tr&gt;

&lt;tr bgcolor=&quot;#D4E4F3&quot;&gt;

&lt;td&gt;W_NAME&lt;/td&gt;

&lt;td&gt;GORO&lt;/td&gt;

&lt;/tr&gt;

&lt;tr&gt;

&lt;td&gt;W_CODE&lt;/td&gt;

&lt;td&gt;41116&lt;/td&gt;

&lt;/tr&gt;

&lt;tr bgcolor=&quot;#D4E4F3&quot;&gt;

&lt;td&gt;RK_NAME&lt;/td&gt;

&lt;td&gt;GOVERNMENT FOREST&lt;/td&gt;

&lt;/tr&gt;

&lt;tr&gt;

&lt;td&gt;RK_CODE&lt;/td&gt;

&lt;td&gt;41116000&lt;/td&gt;

&lt;/tr&gt;

&lt;tr bgcolor=&quot;#D4E4F3&quot;&gt;

&lt;td&gt;COUNT&lt;/td&gt;

&lt;td&gt;1&lt;/td&gt;

&lt;/tr&gt;

&lt;/table&gt;

&lt;/td&gt;

&lt;/tr&gt;

&lt;/table&gt;

&lt;/body&gt;

&lt;/html&gt;

</description>
	<Style><LineStyle><color>ff0000ff</color></LineStyle><PolyStyle><fill>0</fill></PolyStyle></Style>
	<ExtendedData><SchemaData schemaUrl="#1340_RR">
		<SimpleData name="altitudeMode">clampToGround</SimpleData>
		<SimpleData name="tessellate">-1</SimpleData>
		<SimpleData name="extrude">0</SimpleData>
		<SimpleData name="visibility">-1</SimpleData>
		<SimpleData name="snippet"></SimpleData>
	</SchemaData></ExtendedData>
      <MultiGeometry><Polygon><outerBoundaryIs><LinearRing><coordinates>40.4765012188228,7.12975545192881,0 40.4746664558008,7.12930976987701,0 40.4732444551308,7.12947988465463,0 40.4729585630037,7.1296127532884,0 40.4726726706831,7.12974562177832,0 40.4724400772139,7.1294643194862,0 40.4723352518048,7.12933754177104,0 40.4717442220012,7.12907155064261,0 40.4701742498276,7.12847416083023,0 40.4697381284467,7.12830821105787,0 40.4693205920949,7.1281518705306,0 40.4683231742952,7.12777839957786,0 40.4699270515142,7.12607653920381,0 40.4708829717238,7.12283332867647,0 40.467076063469,7.11939842204263,0 40.4667929374993,7.11875564838109,0 40.4667812680863,7.11872915555755,0 40.4674510558979,7.11794949486087,0 40.469444204636,7.11532345699078,0 40.4700322014359,7.11455307808436,0 40.47171229744,7.11235184233461,0 40.4721890403757,7.11035107339573,0 40.4715668048065,7.11000835082371,0 40.47034195243,7.11001223891585,0 40.4714724427799,7.10966502218067,0 40.4736869006683,7.10896895553057,0 40.4752121800435,7.10848951020078,0 40.4758082829325,7.10787105105622,0 40.4764917433698,7.10608360906238,0 40.4760740234317,7.10518716475318,0 40.4756884375933,7.10435967727415,0 40.474808937438,7.10304626886341,0 40.4721913594061,7.10016502921908,0 40.470363559865,7.09777689762781,0 40.4672991776217,7.09529037605089,0 40.4655668264903,7.0943446860363,0 40.464742412514,7.09389463469907,0 40.4642549968221,7.0938709220885,0 40.4642297107778,7.09386969191669,0 40.4652854112683,7.09043935804579,0 40.4652694791692,7.09005228303862,0 40.4645838087212,7.09025676525587,0 40.4632444354557,7.09075830849843,0 40.4629154339911,7.0908515547635,0 40.4620708795369,7.09109091893339,0 40.4615815179815,7.09128743157386,0 40.4603689319995,7.09180326482064,0 40.4593733074849,7.09226394531516,0 40.4591084522664,7.09238649468942,0 40.4582291363983,7.09271598865749,0 40.4578278441401,7.09286635873611,0 40.4568574063794,7.09266030035231,0 40.4563290977484,7.09378997924327,0 40.4543305339826,7.09537016355761,0 40.4533394044055,7.09632666891354,0 40.4526022842333,7.09697050653374,0 40.451384216755,7.09803442185951,0 40.4507611792728,7.09845293673917,0 40.4503876522199,7.09870384652477,0 40.4502165073512,7.09861961254093,0 40.4451387897363,7.09895305258686,0 40.4446213602456,7.09832170522986,0 40.4441627067713,7.09766869012064,0 40.4430695983255,7.09695661955031,0 40.4429223790225,7.09692091175619,0 40.4428450738683,7.09717037759787,0 40.4423230966301,7.09707705312477,0 40.4421023946902,7.09732052566244,0 40.4419013176692,7.09754234971667,0 40.4414076960537,7.09817471442013,0 40.4402849947199,7.09961296826218,0 40.4395199200249,7.10103979612431,0 40.4387548412442,7.10246662358944,0 40.4381977024425,7.10416830568042,0 40.4383154967619,7.10559966203267,0 40.438334125768,7.10582602720795,0 40.4387465537987,7.10688775478814,0 40.4390767836955,7.10773787204004,0 40.4390332658273,7.10834998183391,0 40.4389927512758,7.10891984844086,0 40.4386485593487,7.10931778785145,0 40.4379052268382,7.10953868269416,0 40.4376049482294,7.11040428755957,0 40.4361651963564,7.11143730310059,0 40.4340414906352,7.11449736944385,0 40.4320586913697,7.11537665507529,0 40.4295136461862,7.11449723631645,0 40.4276705956031,7.11427573561143,0 40.426582251101,7.11475155214112,0 40.4260380775279,7.11498945975294,0 40.4249741128515,7.11557116476174,0 40.4239101444504,7.11615286742581,0 40.4236641183974,7.11600659668551,0 40.4230893006258,7.11566484728456,0 40.4218013227211,7.11489115054596,0 40.420047982974,7.11532660971723,0 40.4185042299331,7.11565178312743,0 40.4148941026473,7.11608250722285,0 40.4144740581809,7.11613262086833,0 40.4142718987331,7.11616514059082,0 40.4133960864395,7.1163060242487,0 40.4110398547415,7.116843889973,0 40.4074333971226,7.11717173883795,0 40.4071162203879,7.11720057078367,0 40.4052805288252,7.11717449586251,0 40.40152079221,7.11691348912823,0 40.3987403214155,7.11555580674905,0 40.3984224729982,7.1145782041008,0 40.3977316647869,7.11437346364848,0 40.3974262930274,7.11485326171139,0 40.3974123106695,7.11484124041566,0 40.3970013779063,7.11448794151621,0 40.3940607736582,7.11327354379148,0 40.3940315046816,7.11326145317732,0 40.3940311996493,7.11326203810717,0 40.3940039384277,7.11331466028054,0 40.3925456573516,7.11618797138945,0 40.3915886080683,7.1158977179427,0 40.3924474806967,7.11474663186489,0 40.3934486279742,7.11311657377259,0 40.3939699780145,7.11124868703957,0 40.3949237848235,7.10981018758027,0 40.3953765162594,7.1090192288547,0 40.3960916490667,7.10786857262129,0 40.3971930652088,7.10772169127861,0 40.3975223030001,7.10731135715236,0 40.3976971667903,7.10709342138451,0 40.3979611298154,7.10676443925843,0 40.3983862424912,7.10623461215292,0 40.3983803127363,7.10427260639089,0 40.3981855076132,7.1032204004136,0 40.3977514633367,7.10226462354474,0 40.3984562383655,7.10145137561245,0 40.399040439364,7.10077725685568,0 40.4000566980614,7.09857141796966,0 40.4004674806129,7.09742315738859,0 40.399841095782,7.09622869115263,0 40.398979090243,7.09632699784383,0 40.3981183838405,7.09685598740669,0 40.3971596994521,7.09666745650703,0 40.3962004385902,7.09628750802399,0 40.3953602936875,7.09569185487436,0 40.3939231348318,7.09569617159352,0 40.392966467201,7.09617758623062,0 40.3921556708676,7.09737637749123,0 40.3916796350794,7.09838274690973,0 40.3901975766333,7.09939213092756,0 40.3875158557586,7.09973513777912,0 40.3857913874171,7.09978814516534,0 40.3848354160802,7.10050881666807,0 40.3839260602658,7.10079865693388,0 40.382019815517,7.10042372652316,0 40.3820086750772,7.10042153533616,0 40.3769758314058,7.09952725902843,0 40.3759938282469,7.09955409908938,0 40.3742719074981,7.10046844117681,0 40.3739412507032,7.10204862629977,0 40.3733223013572,7.10334253682476,0 40.3694955831452,7.10531589837363,0 40.3685857783952,7.10546214895133,0 40.3676256612736,7.10479501395606,0 40.3660932087859,7.10499095032694,0 40.365232862404,7.10566345245308,0 40.3645656941724,7.10686178878933,0 40.3637052009792,7.10748643461659,0 40.3626511026381,7.10744167940518,0 40.3617904643502,7.10801846782528,0 40.3600218364064,7.10936359990828,0 40.3584420160098,7.10975107341487,0 40.3571236469735,7.10944387838434,0 40.3565694473332,7.10963021239774,0 40.3560975337739,7.10978887942989,0 40.3556798570229,7.11028500485878,0 40.3552625443393,7.11078069659503,0 40.3548091801188,7.11131920960334,0 40.3544475559461,7.11174875131512,0 40.3541801206898,7.11274381101671,0 40.3538138707153,7.11410653092486,0 40.353580317605,7.1149755178674,0 40.3534049365077,7.11562806129884,0 40.3529936091747,7.1163280437086,0 40.3529492813024,7.1164034792026,0 40.3525343427217,7.11710960480789,0 40.3521654865493,7.11773730749331,0 40.3513266261599,7.11878221626592,0 40.3506070711287,7.11967851054312,0 40.3505438768037,7.12023050884866,0 40.349826679218,7.12057973493686,0 40.3488042157834,7.12120393126313,0 40.3472473866159,7.1194119317471,0 40.3465633104589,7.11862451398427,0 40.345826607336,7.11777651430169,0 40.3451680448399,7.11701845609367,0 40.3437493934898,7.11558467168765,0 40.3425540916101,7.11437660761865,0 40.3419210753717,7.11373682837747,0 40.3411737713446,7.11298153647813,0 40.3411374213865,7.11294479787209,0 40.3396058162526,7.11139680811336,0 40.3375152262275,7.1092838254111,0 40.3366932733027,7.10845305948862,0 40.3354867592042,7.10723360000673,0 40.3343411695605,7.10624760678229,0 40.3336857369375,7.10568348141341,0 40.3336425925201,7.10560085739761,0 40.3317084209401,7.10189676706406,0 40.3313955564067,7.10129759928336,0 40.3309764016164,7.10049487138276,0 40.3304955619179,7.09957400533535,0 40.3300444603239,7.09871008677378,0 40.3288202855136,7.09636560957301,0 40.3285518328162,7.09570072844513,0 40.327758796344,7.09373658706288,0 40.3275458290267,7.09327374010214,0 40.3273225281711,7.09278843366451,0 40.3269934323604,7.09207319736117,0 40.3258375453296,7.08956104080358,0 40.324724079184,7.08714104500084,0 40.3233507836885,7.08415629146298,0 40.3218478447228,7.08088970782042,0 40.3216126122913,7.08037843295359,0 40.3212175739314,7.07896677508368,0 40.3199976797149,7.07460744305567,0 40.3190788506363,7.07132390120311,0 40.3188624151092,7.07055043434881,0 40.3185398283339,7.06939761237129,0 40.3177217141638,7.06647389789592,0 40.3167388051583,7.06454754706399,0 40.3162404485967,7.06357083633011,0 40.3153718970882,7.06134798633653,0 40.3143592410408,7.05898197104506,0 40.3133482159164,7.05719021851341,0 40.3129630891872,7.05661660514795,0 40.3124823230447,7.0559005422016,0 40.3119761097913,7.05475342095728,0 40.3110373626643,7.05310502480984,0 40.3105313587642,7.0520296841303,0 40.3104485913974,7.05186546558263,0 40.3111762251823,7.05138181827544,0 40.3129693302056,7.05022823864966,0 40.3143331274035,7.04972191683757,0 40.315624865406,7.04914401052468,0 40.316557132137,7.04849533007429,0 40.3173456903828,7.04784705326507,0 40.3182060990914,7.04719857289823,0 40.3192832809222,7.04698018259602,0 40.3207201306822,7.04690434156592,0 40.3222292385702,7.04697185930128,0 40.3229477642842,7.04696982641509,0 40.3236673080668,7.04732670801312,0 40.3244552412369,7.04646307209048,0 40.3255303767574,7.04552683756777,0 40.3262472673039,7.04495053563885,0 40.3268218803883,7.04487712191144,0 40.3274691619645,7.04509063559432,0 40.3283277101879,7.04379609316935,0 40.3291154241506,7.04286066901903,0 40.3296165464071,7.04221319291492,0 40.330189109872,7.0414219463327,0 40.3316238876423,7.04062824625481,0 40.3324852841927,7.04033866001326,0 40.3332011328793,7.03940343608931,0 40.3344182949419,7.03789251517332,0 40.3352772222784,7.0367415313265,0 40.3360655265702,7.03602144841804,0 40.3365666322331,7.03537396787587,0 40.3370671205308,7.03451113875045,0 40.3381424077755,7.03364666742423,0 40.3391460465888,7.03285418248303,0 40.3400051594369,7.0317749763514,0 40.3414390646793,7.03069412400437,0 40.3428031745359,7.03033130045854,0 40.3448122742622,7.02939235750793,0 40.3462467790543,7.02852684136756,0 40.3470367049677,7.02838100548444,0 40.3479695007219,7.02794762525543,0 40.3488810574322,7.02769182210239,0 40.3488664735413,7.0275502380892,0 40.350085003326,7.02654176797667,0 40.3509444927001,7.02560611326336,0 40.3519485046161,7.02495717273752,0 40.3526647058528,7.02416549497796,0 40.3538844637081,7.02358771189811,0 40.3551777283318,7.02358397671676,0 40.3568298160015,7.02343563437509,0 40.3586974451163,7.02328666204302,0 40.3590172641691,7.02338396446294,0 40.3596323010758,7.02357108381511,0 40.3606406749674,7.02442955182155,0 40.3615055650961,7.025360216262,0 40.3620112176119,7.02629192222463,0 40.3645256948715,7.02621282775994,0 40.3656761027738,7.02649660820446,0 40.3676884794641,7.02670608902616,0 40.369197289477,7.02670168462221,0 40.3709939112488,7.02683999851049,0 40.3712081932649,7.02640867745197,0 40.3714178475118,7.02439815745438,0 40.371487592027,7.02368012962705,0 40.3715564953916,7.02267497472217,0 40.3714079652065,7.02102441395983,0 40.371401155013,7.02097124632596,0 40.3711873801781,7.01930228098161,0 40.3710403250667,7.01815419202831,0 40.3709661678782,7.01736480204309,0 40.3708201647267,7.01657562177367,0 40.3706720630345,7.01506862312525,0 40.3706684947601,7.01384833211229,0 40.370737402561,7.01284317685566,0 40.3707350942349,7.01205357674239,0 40.370803792561,7.01097663964894,0 40.3702231561284,7.0089684244756,0 40.3702918565711,7.00789148717827,0 40.370090751747,7.0074925459307,0 40.3700750634781,7.00746142432267,0 40.36942908602,7.00767865423038,0 40.3683874357946,7.00771757916263,0 40.367739992055,7.00743233343392,0 40.366660014696,7.00664586635945,0 40.3659390567258,7.00578657055978,0 40.365793277992,7.00506916800822,0 40.3657168387865,7.00349017258544,0 40.3658505838901,7.00344754657459,0 40.3670806321053,7.00305551487736,0 40.3668605017009,7.0014769378148,0 40.366067500256,7.00054606726654,0 40.3652730417299,6.99911272050356,0 40.3647665891783,6.99789388437976,0 40.3626866576025,6.99912021689169,0 40.3613967930384,7.0002724741364,0 40.3590242698829,6.99970507022387,0 40.3582335679858,6.9995637875074,0 40.3573701924374,6.99913558152689,0 40.3562196487717,6.99877998419071,0 40.3548143474757,6.99874503211213,0 40.3555762454754,6.99742137551608,0 40.3560752178452,6.99605606292672,0 40.3570023484414,6.99368455610167,0 40.3560665209983,6.99304120533394,0 40.35541848269,6.99254059006812,0 40.3555559622732,6.99038670612946,0 40.3559816403095,6.98851912490216,0 40.3561205675268,6.9868677175884,0 40.356545829031,6.98485657194626,0 40.3571888895613,6.98363441192696,0 40.3564650949012,6.98177013773421,0 40.3561013402994,6.98019195846095,0 40.3568168593699,6.97918494032387,0 40.3572468724708,6.97882478913017,0 40.3576744030713,6.97760324975062,0 40.3588207528688,6.9765232077411,0 40.3593207396595,6.97551680805378,0 40.3586714852493,6.9745854990692,0 40.357303210635,6.97344090679149,0 40.3563659833079,6.97229507171818,0 40.3549271179189,6.9715813708905,0 40.3539915483357,6.97100978885283,0 40.3523363465058,6.97000956614279,0 40.350683616954,6.96987072697072,0 40.3483841223217,6.96966194457515,0 40.3468711794099,6.96815881077838,0 40.3450000708411,6.96701560595793,0 40.3437038911484,6.96594254171531,0 40.3430552928952,6.96522655081977,0 40.3426234395347,6.96494064367789,0 40.3423487685393,6.9645995665174,0 40.3422764845993,6.96450980663805,0 40.3420466836419,6.96422444682906,0 40.3424758828533,6.96357717802845,0 40.3434042795147,6.96163639067183,0 40.342755484769,6.96084861519465,0 40.3414607553336,6.9602780203437,0 40.3399490873678,6.9592055512767,0 40.3382200809221,6.95748763871201,0 40.3370666047933,6.95605522673892,0 40.3369911125286,6.95476333544854,0 40.3366290814931,6.95375938712161,0 40.3358354174989,6.95254130478281,0 40.3353299187806,6.95160954273981,0 40.3350162716585,6.95037076341011,0 40.333974383027,6.95027907573491,0 40.3327251565175,6.94884691653501,0 40.331956635393,6.94812348024444,0 40.3309004336049,6.94712923353699,0 40.3300920467771,6.94700401354595,0 40.3299900938657,6.94698822082443,0 40.3276950652338,6.94833461957058,0 40.3259747230067,6.94967940187955,0 40.3248269291271,6.95025688368973,0 40.3239651441751,6.95035500433628,0 40.3232946583286,6.9503568772865,0 40.32099852084,6.95132040484376,0 40.3195673680135,6.9533343474899,0 40.3185182757556,6.95496437561014,0 40.3179470354024,6.95621022396444,0 40.3170871028441,6.95697831452492,0 40.3153669627531,6.95841878095377,0 40.3137431300996,6.96005040022442,0 40.312310593183,6.96158577292658,0 40.3125050916574,6.96263806912099,0 40.3125379705414,6.96297980766661,0 40.3128402117457,6.96258928296953,0 40.3131262409672,6.96210992744414,0 40.3150547653864,6.96669875761909,0 40.3157324816253,6.96928110126282,0 40.3164064681809,6.9705234824431,0 40.3174644139033,6.97205192766598,0 40.3190058618977,6.97520612394276,0 40.3199693794335,6.97721338360206,0 40.3207407905078,6.97902975335841,0 40.3218959056336,6.98103646956043,0 40.3231468220288,6.98304291220559,0 40.3242045533245,6.98447562106688,0 40.3248321755036,6.98624452631998,0 40.3252672362968,6.98725099107179,0 40.325410694728,6.98758286490933,0 40.3253871267877,6.98769751126268,0 40.323610300551,6.98900254783363,0 40.3231106251716,6.99015249300455,0 40.3231158754842,6.99201885896642,0 40.3231875688407,6.99251041260313,0 40.3231891334797,6.99252114027204,0 40.3238383585355,6.99345250610337,0 40.3244145285496,6.99395337303,0 40.3248472131625,6.99452642652876,0 40.3257475969301,6.99534940607745,0 40.3265423442956,6.99692641043413,0 40.3256826369258,6.99779023765701,0 40.3245351412669,6.9985113062731,0 40.3236752249009,6.99930334774665,0 40.323391888744,7.00073982141934,0 40.3230346836015,7.00145866448221,0 40.3223168341144,7.00167603433018,0 40.322035110616,7.00368677449016,0 40.3210304791383,7.00412030084488,0 40.3204563164922,7.0043372650893,0 40.3194516816432,7.00477078859221,0 40.3187340263645,7.00505993759022,0 40.3178006295367,7.00527790637447,0 40.3167233373902,7.00542449244371,0 40.3155758074058,7.00614554504147,0 40.3145005223887,7.00700996159273,0 40.3132823432742,7.00816191205904,0 40.3122084547042,7.00952880990411,0 40.3126451626129,7.0115375453525,0 40.3117850015258,7.01225778928523,0 40.3110663251775,7.01218801154703,0 40.3099898147772,7.01262171996254,0 40.3087299831182,7.01315584174678,0 40.3084893447738,7.01306002079476,0 40.3078427147447,7.01306182178041,0 40.3073389795296,7.01277608714831,0 40.307051588468,7.01277688696026,0 40.3062610628879,7.01270730180948,0 40.3062939833491,7.01236887922394,0 40.3063309107994,7.01198926472919,0 40.3064706065864,7.01055319059166,0 40.305390896854,7.00983834844021,0 40.303879707351,7.00898113181563,0 40.3025124164239,7.00819529493941,0 40.3012898192092,7.00776797486875,0 40.3004260614939,7.00719608969047,0 40.2993461683319,7.00640944647475,0 40.2984824151338,7.00583755679413,0 40.2979054559472,7.00504951995887,0 40.2970423018548,7.00469297886458,0 40.2961767705356,7.00347502741687,0 40.2945211303106,7.00233103315772,0 40.2950228681844,7.00189894434931,0 40.2950204928447,7.00103753534179,0 40.2935103358561,7.00053919700304,0 40.2918564887727,7.00004124773903,0 40.290850049204,6.99982865554312,0 40.289412532647,6.99961724241291,0 40.2879021863605,6.99904709981921,0 40.2880446979642,6.99861600081763,0 40.2870374752639,6.99811626229676,0 40.2863190141821,6.99811822635474,0 40.2853123828715,6.9978338367129,0 40.2836597258391,6.99776656175338,0 40.281431319962,6.99734192359475,0 40.2817876137647,6.99626417843617,0 40.2809240926008,6.9957640334384,0 40.2794139602679,6.99526564391669,0 40.2781207341369,6.99526915606482,0 40.2771145010671,6.99512831606111,0 40.2754604861764,6.994558517758,0 40.2753150418404,6.99391284495323,0 40.2748103695723,6.99326814445243,0 40.2737324893517,6.99319927541435,0 40.2719369282335,6.99341948362699,0 40.2708600170411,6.99370953195166,0 40.2697112581509,6.99399977175776,0 40.2676283052071,6.99422073917132,0 40.2661915771633,6.99429638972297,0 40.2653300034429,6.99451406185088,0 40.2627446973983,6.99495171458448,0 40.2612368877512,6.99531468343102,0 40.2598712287027,6.99510298265605,0 40.2584438787433,6.99481189872443,0 40.2577865298326,6.99467784187628,0 40.2557018331515,6.99425269118328,0 40.2531852950137,6.99354153671574,0 40.2521074084297,6.99347261771595,0 40.2510291397294,6.99326012550843,0 40.2485846467198,6.99262053881047,0 40.2470032654896,6.99233758408421,0 40.2460680383469,6.99210584671078,0 40.2459209184313,6.99206939207172,0 40.2456567249578,6.99200392780365,0 40.2455413117586,6.99197532961418,0 40.2449831083786,6.99183701215946,0 40.2442755582382,6.99134074568862,0 40.2441411711023,6.99093672596807,0 40.2439565075514,6.99038155435288,0 40.2428998561526,6.98928362293887,0 40.2398635972288,6.98861785316742,0 40.2390179019,6.98843241100434,0 40.2389154807134,6.98821716938175,0 40.2381991144531,6.98671169377895,0 40.2377461669085,6.98570339880935,0 40.2370374528623,6.98412573688585,0 40.2353324710419,6.98033023396639,0 40.2348408660522,6.97961500463172,0 40.2339862283133,6.97837159653059,0 40.2332693698346,6.97717409574177,0 40.2322272082663,6.97543316619802,0 40.2313918086967,6.97403761941185,0 40.2308111957608,6.9730676905418,0 40.2304601527791,6.97234402155151,0 40.229872171548,6.97113190176595,0 40.2295993563182,6.9703848810828,0 40.2285511952751,6.96751478443442,0 40.2278891092249,6.96570182219548,0 40.2275733579652,6.96483720725512,0 40.2270522338416,6.96341021483938,0 40.2283649571623,6.95996861007407,0 40.2285962452203,6.9593622312145,0 40.2289793112286,6.95802283764233,0 40.2291274085627,6.95750501258583,0 40.2292047262794,6.95723466944119,0 40.2293108953359,6.95686344657258,0 40.2296167018771,6.95579418370392,0 40.2298477088206,6.95253926127231,0 40.2304643534269,6.9502404913775,0 40.2313626273932,6.94573953712172,0 40.2319097250213,6.94432631491158,0 40.2327214137378,6.9433670527333,0 40.232382303815,6.94188434644091,0 40.2315779531397,6.93969742565478,0 40.2312552457955,6.93882002033476,0 40.2306337613921,6.93713026111573,0 40.2300071412698,6.93542652188026,0 40.2293789585117,6.9337185173477,0 40.2293200206919,6.93355826685159,0 40.2290059893109,6.93270442071194,0 40.228313751404,6.93109681783993,0 40.2451756166085,6.91643271336843,0 40.2694492866764,6.89532048733339,0 40.2714098142599,6.8929638824844,0 40.276095597104,6.88733134010166,0 40.2925369746917,6.86756676571107,0 40.2829520759049,6.81552290159143,0 40.2762794894279,6.7858167978827,0 40.2749731222302,6.78000027158317,0 40.2694277511401,6.75530753416721,0 40.2670153250368,6.74456419640175,0 40.2614959192545,6.74089636297195,0 40.2616518786555,6.74087367868836,0 40.2625130819228,6.74068002268303,0 40.2633760188406,6.74115636572047,0 40.2636647389709,6.74172990843846,0 40.2640492043644,6.74230320294562,0 40.2647211526174,6.74297146715575,0 40.2651018971388,6.74210904624823,0 40.2651941670216,6.74076879823756,0 40.2650011900831,6.74019500862176,0 40.2642359815054,6.74048413512761,0 40.2633740364513,6.7403906509346,0 40.2625115962306,6.74010573639271,0 40.2618401500203,6.73962889658381,0 40.2613599456426,6.73905584667153,0 40.2613572251217,6.73800298792162,0 40.261643219602,6.73752367404201,0 40.2620247097171,6.73694839836606,0 40.2629804117012,6.73627592360472,0 40.2637458629527,6.73608251446305,0 40.2645103220564,6.73550624692912,0 40.2654675052488,6.73540805418906,0 40.2660419636855,6.73540656624139,0 40.2669043959858,6.73569147576798,0 40.2675755912582,6.73607259456636,0 40.2675773304785,6.73674259403204,0 40.2675785728872,6.7372211650673,0 40.2665276304089,6.7380853246908,0 40.2667201109864,6.73846768510707,0 40.2670088324968,6.7390412254724,0 40.2676797843294,6.73932662900493,0 40.268158005774,6.73913395785611,0 40.2685397368933,6.73865439249205,0 40.2690157180059,6.7376002933385,0 40.2694924439403,6.73683333647236,0 40.2703536346793,6.73663966852082,0 40.271406061393,6.73634978687516,0 40.2720770106687,6.73663518460862,0 40.2725572227443,6.73720822212944,0 40.2728461989905,6.73787747193367,0 40.2729439389297,6.73864293446859,0 40.2731371733212,6.73931243333678,0 40.2735211465084,6.73969429076309,0 40.2738091267928,6.73998068355664,0 40.2744788325024,6.73978750705658,0 40.2746695697935,6.73949986549953,0 40.2748603068776,6.73921222390686,0 40.2748335231295,6.73906711253145,0 40.2746660706264,6.73815987040636,0 40.2747608141983,6.73777676481799,0 40.2747590648522,6.73710676725723,0 40.2750442945612,6.73634030628393,0 40.275330273431,6.73586098705732,0 40.2753290236806,6.73538241744177,0 40.2759022296573,6.73490234839141,0 40.2762846997954,6.73470992061864,0 40.2762826990874,6.73394420947878,0 40.2758979795822,6.73327521195896,0 40.2760869641995,6.73231757306412,0 40.2766601662344,6.7318375038841,0 40.2773268574639,6.73049575933495,0 40.2769428904538,6.73011390395668,0 40.2761747083532,6.72925447802177,0 40.2757894943388,6.72839405169864,0 40.2757877460424,6.72772405414855,0 40.2763584457016,6.72628684699754,0 40.2770758774345,6.72604568874822,0 40.2781277755457,6.72556436984015,0 40.2788911983675,6.72460523052425,0 40.2800400837023,6.72460222720154,0 40.2818586494529,6.72440603898519,0 40.2832942516116,6.724210848479,0 40.2841554109852,6.72401716134754,0 40.2848250892299,6.72382397545813,0 40.2854957727723,6.72401364310143,0 40.2865486619648,6.72391516264481,0 40.2880792422009,6.72343256661278,0 40.289417582434,6.72266333039085,0 40.2908506476211,6.72151098532223,0 40.2925716814119,6.72064501933403,0 40.2944872235993,6.72092710153047,0 40.2954438550104,6.72063743015769,0 40.296589934738,6.71958154477612,0 40.2980239863713,6.71881203606531,0 40.2987883717595,6.71823572733171,0 40.2995519932319,6.71737227850101,0 40.3001233737035,6.71622219784571,0 40.3007907438137,6.71516757594983,0 40.3008852107669,6.71468875665704,0 40.3010716029813,6.71277398771908,0 40.3020274501457,6.71219716819098,0 40.3026006011192,6.71171707760237,0 40.303171206387,6.71027985687882,0 40.3034553629726,6.70913053815078,0 40.3034515466807,6.70769484366515,0 40.3034479855622,6.70635486206697,0 40.3038291485998,6.7056838540786,0 40.3038273679728,6.70501386333482,0 40.3035376180002,6.70405749637999,0 40.3037270546947,6.70329128413359,0 40.3028616250834,6.70185787616624,0 40.3033364888295,6.70042091098049,0 40.3043867745496,6.69936527289371,0 40.3047684411978,6.69888569119496,0 40.3047671696892,6.69840712642634,0 40.3047656440015,6.69783284869128,0 40.3040947417115,6.69754748878004,0 40.3034243480371,6.69745355381862,0 40.3024670055103,6.69745609226655,0 40.3022745219078,6.69707374751437,0 40.3024644676174,6.69649896178295,0 40.3028425815364,6.69467939902702,0 40.3034159682482,6.6942950242846,0 40.3038964141423,6.69496374598612,0 40.3042793490364,6.69496273009334,0 40.3046615214677,6.69467457498403,0 40.3050436934258,6.69438641966122,0 40.3057107767524,6.69323608500424,0 40.3048471439137,6.6924726684782,0 40.304653391248,6.69161175963928,0 40.3037905244903,6.69113547939727,0 40.3028331944102,6.69113801617407,0 40.3019672885695,6.68951317509333,0 40.3020127441087,6.68899815042398,0 40.3020602338561,6.68846007768285,0 40.3031097416277,6.68711730705625,0 40.3036703644862,6.68585789660128,0 40.3041288299812,6.68498952757894,0 40.3044800264439,6.6843243324852,0 40.3053393264033,6.68346063199633,0 40.3068215115299,6.68283456205771,0 40.3073471437256,6.68249816930962,0 40.3085894861673,6.68168130455929,0 40.3100703870892,6.68057666253969,0 40.3107389733062,6.68000060315965,0 40.3119813029544,6.67918373209819,0 40.3126684529001,6.6790725828903,0 40.3133885737011,6.678956099467,0 40.3140012191954,6.67885699990848,0 40.3143963859595,6.67838766022167,0 40.3150641970005,6.67752445857034,0 40.315634998298,6.67618294886293,0 40.3163552586046,6.67561415403301,0 40.3165757028962,6.67502159691638,0 40.3169540171861,6.67329774773919,0 40.3167612809008,6.67281969604457,0 40.3157085178863,6.67291821911763,0 40.3155155275524,6.67234445401943,0 40.3157630188348,6.67173892188547,0 40.3161812865302,6.6707155516551,0 40.3167515692811,6.66918261722005,0 40.317515861144,6.66860629750099,0 40.3180892066624,6.66822191343642,0 40.3189436129745,6.66741511022151,0 40.3196647499637,6.66673414843197,0 40.3200803900512,6.66610716005724,0 40.3206181842592,6.66529590117061,0 40.3223167582256,6.6641404043723,0 40.3238670072353,6.66308580041262,0 40.3248620542065,6.66203791393783,0 40.3258716147276,6.66097473746759,0 40.3264434019337,6.66001607301649,0 40.3268245066133,6.65934505915375,0 40.3273391115826,6.6588036087612,0 40.3277190569608,6.65770188958425,0 40.3286746397176,6.65707718799674,0 40.3288641603285,6.65635883195727,0 40.3295113438501,6.65628006483459,0 40.3298495662974,6.65623890026916,0 40.3303578594485,6.65617703620638,0 40.3308346813123,6.65550576321495,0 40.3313122752719,6.65512162629583,0 40.3319789972961,6.65387556472288,0 40.3326490698607,6.65387375953432,0 40.3336063160591,6.65387117911968,0 40.3346569612477,6.65300693077254,0 40.3353257396137,6.65252656244656,0 40.3358326812327,6.65131358214896,0 40.3360866210378,6.65070596798903,0 40.3370546659388,6.64970865167655,0 40.3378151500882,6.64774448869086,0 40.3373814211,6.64664496596938,0 40.3371395279552,6.64568849333883,0 40.336962535069,6.64522895029531,0 40.336798653744,6.64480344896228,0 40.3365572127194,6.64417656984787,0 40.3362092666679,6.64327315649788,0 40.3369848315306,6.64157326854228,0 40.3372215530811,6.64061550350545,0 40.3377927831638,6.63946541043101,0 40.3378130315207,6.63810145117735,0 40.3373562171511,6.63721782852503,0 40.3368989023604,6.6363332335152,0 40.3354574141556,6.63423143856367,0 40.3349743019116,6.63255776633132,0 40.3348280169933,6.6315531761584,0 40.3351128595847,6.63069099517909,0 40.3354449174544,6.62958940534268,0 40.3351536381501,6.62805878513215,0 40.3349565428749,6.62739530996181,0 40.3346974945514,6.62652328050148,0 40.3344291810381,6.6256200572172,0 40.3346426839814,6.62492556586833,0 40.3343520554858,6.62363422411255,0 40.3336303104739,6.62220046994843,0 40.332238799113,6.62086422260971,0 40.3318053551998,6.62014623062361,0 40.3315177062685,6.6196697437576,0 40.3308455012269,6.61885798402045,0 40.3305077984792,6.61785390193656,0 40.3298348964393,6.61698400436618,0 40.3303962542902,6.6169825027755,0 40.3324060666859,6.6168814085911,0 40.3336503939665,6.61687807286774,0 40.3350840995043,6.616108523295,0 40.3360879732503,6.61567511992022,0 40.3377131043532,6.61490504993523,0 40.3391475692213,6.61442262684135,0 40.3402948806859,6.61394097387968,0 40.3417731082995,6.61275190011177,0 40.3451552732675,6.61412872941568,0 40.3471361045171,6.61467571819427,0 40.3483332867722,6.61481056166927,0 40.3498766390434,6.61528968050362,0 40.3515304397201,6.61568955556433,0 40.3519925848379,6.61580129720679,0 40.353083508949,6.6160650687491,0 40.3530908224065,6.61606683704045,0 40.3542064404807,6.61633657635182,0 40.3549887951951,6.61658637607062,0 40.3560652680539,6.61693008283262,0 40.3561627559155,6.61696120956161,0 40.3562782708076,6.61699809207801,0 40.3568302214547,6.61717432281088,0 40.3573093838881,6.61732731256964,0 40.3586466257776,6.61775427178788,0 40.3597811071539,6.61811648932311,0 40.3627292448368,6.6188909065312,0 40.3633276500607,6.61888926575414,0 40.3639732230984,6.61930175366269,0 40.3649647265094,6.61996644871322,0 40.3659804500436,6.62106834747531,0 40.3675030302898,6.62235296320245,0 40.3696719629995,6.62432622051686,0 40.3722086572341,6.62611433419323,0 40.3733167273419,6.62730801376556,0 40.3740547641894,6.62785831439662,0 40.3750683559192,6.62817770769391,0 40.3772322326226,6.62830979460772,0 40.380524333974,6.62859983496805,0 40.3818128376672,6.62845816458883,0 40.3889949301407,6.62885237451159,0 40.3922175265439,6.62898143086938,0 40.3953257533181,6.6293639422654,0 40.4002979306212,6.62962610750451,0 40.4037509369802,6.62984649307367,0 40.4041101731873,6.62995590674378,0 40.404948795421,6.63021132720868,0 40.4045861476267,6.63219155620285,0 40.4041766847769,6.63389575012325,0 40.4035388849697,6.63624498219238,0 40.4030622592098,6.63861677226074,0 40.4028373107279,6.64045852831293,0 40.4024716577267,6.64138012312221,0 40.4020636198033,6.64359062165543,0 40.4016587381139,6.64510553081727,0 40.4016081137964,6.64529494683559,0 40.4016365392108,6.64720502815015,0 40.4015016989401,6.64835610978942,0 40.40136907513,6.65028966108104,0 40.4009594683878,6.65194782896998,0 40.4007819844401,6.65429575953266,0 40.4006945328978,6.65570402706157,0 40.4006719214523,6.65606814919707,0 40.4006732259147,6.65652842545573,0 40.4008637556738,6.65878325705006,0 40.4010033636209,6.66012869557075,0 40.3992961041291,6.66248949326894,0 40.3989458416274,6.66336759406765,0 40.3987642621186,6.66382280914938,0 40.3977517587297,6.66609327949865,0 40.3971357796731,6.66747456238706,0 40.3969449655415,6.66790244624232,0 40.3967725883997,6.66828898624561,0 40.3965526970041,6.66878207189605,0 40.3960468031702,6.66999550801014,0 40.3956703171149,6.67089854372569,0 40.3954446217481,6.67143989311808,0 40.3952795829018,6.67183575211992,0 40.3951480443325,6.67215125763604,0 40.3950732361224,6.6723306908168,0 40.3949627609289,6.67259567377726,0 40.3948516341896,6.67286221928796,0 40.3946969686276,6.67323319542389,0 40.3945671123864,6.67354466432697,0 40.3943774308367,6.67399962767589,0 40.3941756732677,6.67448355538924,0 40.3933161585248,6.67478932097331,0 40.3901849232099,6.67590321835095,0 40.3914043416569,6.67616631582014,0 40.3931249398142,6.6759565886567,0 40.3934139230077,6.67592136332331,0 40.3941001438283,6.67652169591429,0 40.3946134836258,6.6769707836888,0 40.3953811941856,6.6776385822317,0 40.3953679179342,6.67805800902477,0 40.395359228035,6.67833254346605,0 40.3946457884896,6.67923516766778,0 40.3942559266934,6.67972840860025,0 40.393880743082,6.68020307811863,0 40.3937020080915,6.68045026049932,0 40.393351332246,6.68093522852074,0 40.392856305516,6.6816198252399,0 40.3927364821591,6.68178553452949,0 40.3924371811257,6.68220235128724,0 40.392116688214,6.68264867975153,0 40.3919076470932,6.68289040793904,0 40.3911625204061,6.68375204534618,0 40.3910387327981,6.68398047860839,0 40.3905911265842,6.68480647363278,0 40.39021037647,6.68557323212938,0 40.3907245841623,6.68631136448194,0 40.3928655205924,6.68938459038844,0 40.3930218847732,6.68960904250022,0 40.3948985541927,6.69199496521176,0 40.3971531971486,6.69486138145993,0 40.4018506542292,6.6971928998054,0 40.4042294850158,6.6978501087876,0 40.4051080824679,6.6980928388343,0 40.4069234297114,6.69881771189712,0 40.4084877846697,6.6994423554237,0 40.409797415191,6.69996528259908,0 40.4104032929482,6.70020720407437,0 40.4116413538731,6.70071658651168,0 40.4139007680018,6.70164617848493,0 40.4149080018189,6.7020605804014,0 40.4156320558162,6.70416409827465,0 40.4158827176548,6.70515435795714,0 40.416121141208,6.70609626380679,0 40.4162614916609,6.70665072376792,0 40.4164730641776,6.70764697211346,0 40.4166982279673,6.70870721187589,0 40.4169169110242,6.71036967081491,0 40.4171387055207,6.7120557622521,0 40.4172073474172,6.71255463213608,0 40.4174809681345,6.71454321194759,0 40.4176781127764,6.71650467990411,0 40.4178613926912,6.71650414960578,0 40.4188747798093,6.71650121625535,0 40.4201653756133,6.71587536848272,0 40.4216948833553,6.7151052614619,0 40.4242764415116,6.71406419981056,0 40.4243244769446,6.71404482846448,0 40.4249630880484,6.71143490512683,0 40.4257192028707,6.70808289682469,0 40.42728248092,6.70247938515783,0 40.4308383176661,6.69899959583048,0 40.4345138343668,6.69554336869932,0 40.4391433539557,6.690983686993,0 40.4400995074841,6.69059805488806,0 40.4445624599816,6.68639773505742,0 40.448905889787,6.68226952288188,0 40.4497529396585,6.68140596282116,0 40.4507421557395,6.68039746064221,0 40.4523894192645,6.67871806981205,0 40.4523983217647,6.67870894655351,0 40.4533102547395,6.67777439778739,0 40.4542161399201,6.6768460423428,0 40.455369267187,6.67566430560682,0 40.4565024955781,6.67450295443582,0 40.4574236682391,6.67355891636161,0 40.4586661301592,6.67226832208066,0 40.4598085001609,6.67108168974201,0 40.4603342988328,6.6705355160331,0 40.4607948384112,6.6698724280053,0 40.4615526853232,6.66929094442542,0 40.4630929047346,6.66771761175566,0 40.4633881930263,6.66741597358843,0 40.4638649567963,6.66679246126012,0 40.464281925925,6.66609945452831,0 40.4669368357951,6.66168692553758,0 40.4708405792857,6.65468869170045,0 40.4722645654597,6.65229275714285,0 40.4741740561049,6.6490799006767,0 40.474436922228,6.6491574377795,0 40.4755392485889,6.64948258691961,0 40.475992394468,6.64957515253329,0 40.4768363657702,6.64974755210218,0 40.4785977667803,6.650107351475,0 40.4792596747433,6.65024255682411,0 40.4802746532824,6.6504498805712,0 40.4820042113572,6.65080316188294,0 40.482346778222,6.65087750468166,0 40.4869773457545,6.65188238941415,0 40.4872242826847,6.65193597608323,0 40.4892126916802,6.65233233801516,0 40.4902607614115,6.65254125264781,0 40.4921628642421,6.65292039766276,0 40.4943861462515,6.65336355268039,0 40.4946511737076,6.65341637844687,0 40.4949103294253,6.65346803369278,0 40.4956708917255,6.65330829702019,0 40.4968444547543,6.65306181771228,0 40.4976844052093,6.6528854040988,0 40.498069675769,6.65279500246953,0 40.4994606703211,6.652468610569,0 40.5008677684126,6.65213843582697,0 40.5028495132161,6.65167341340172,0 40.5032195887334,6.65156031597286,0 40.5049055376238,6.65104507537966,0 40.5054745237024,6.65090663443918,0 40.5069279444886,6.65055299707763,0 40.5082007026351,6.65024331370904,0 40.5093516889708,6.64996325646741,0 40.5127724591202,6.64913090013455,0 40.513307747302,6.64659924809945,0 40.5130868447423,6.64524530738998,0 40.5130851886658,6.64470346605796,0 40.5126471972933,6.64324181857284,0 40.5121014912073,6.64199723750505,0 40.5120448201094,6.64118464040753,0 40.5111719971061,6.63929083903839,0 40.5109255825955,6.6384517274386,0 40.5097203741123,6.63417480551267,0 40.5090545110019,6.63351304292748,0 40.5075462180552,6.63201402698234,0 40.5073824985056,6.63163523080613,0 40.5063506048077,6.63087977715498,0 40.5054812805352,6.63012382747946,0 40.5050459619843,6.62952911436309,0 40.5039597229275,6.62871963379029,0 40.5031814463767,6.62805285742371,0 40.5032015186395,6.62745922741292,0 40.5034419251011,6.6265554643048,0 40.5038099007005,6.62572077917869,0 40.5042632149228,6.62472040579259,0 40.5045092228785,6.62381517866563,0 40.5044163720785,6.62302403811298,0 40.5034961205427,6.62250392017518,0 40.5021669864652,6.62231008501736,0 40.5001856695279,6.62143985284088,0 40.4991654246222,6.62056671289641,0 40.4980906949231,6.62037209778685,0 40.4971580652894,6.62043143854399,0 40.4961681357343,6.6202365635672,0 40.4949809350002,6.62024013617575,0 40.4944002352657,6.61983203731559,0 40.493747298188,6.61890124839837,0 40.4931627598403,6.61839069764275,0 40.4924857513635,6.61797316878097,0 40.490849733954,6.61735977533694,0 40.4874450765497,6.6160892017535,0 40.4856763050763,6.61538785641323,0 40.4850566556929,6.61494806146992,0 40.4837278415551,6.61367125425558,0 40.4825733304777,6.61159895959865,0 40.4826124967815,6.60992058764563,0 40.4824107901454,6.60892748449651,0 40.482581667216,6.60698373246536,0 40.48253447733,6.6059680866787,0 40.4826203107442,6.60512870337618,0 40.4831037654778,6.60433230110807,0 40.4829228966112,6.60291957176684,0 40.4820817831446,6.60225960478099,0 40.4816837694879,6.60208412979729,0 40.4806683595892,6.60221964185191,0 40.480139161904,6.60248620202275,0 40.4790355502567,6.60266613770121,0 40.4779754477684,6.6026251184726,0 40.4770933162253,6.60302521675561,0 40.4757250997918,6.60333842423771,0 40.4754599754213,6.60329504466623,0 40.4753289414261,6.60336803714339,0 40.4733203273732,6.60291077912779,0 40.4715310465249,6.60253676644784,0 40.469905286049,6.60248737905105,0 40.4665976620741,6.60173852306337,0 40.4634545129062,6.60163939109042,0 40.4618819834725,6.60126470459546,0 40.4613383681219,6.60067025309185,0 40.4602471737575,6.59812670890589,0 40.4591815801732,6.59506831742226,0 40.4588540864075,6.59425648455499,0 40.4579793514913,6.59160392409155,0 40.4564504510842,6.58759861547558,0 40.4559570963187,6.58564935329459,0 40.4554389429515,6.58448586102732,0 40.4551654926989,6.58361967901761,0 40.4546193843703,6.58215824240076,0 40.4533632086818,6.57874816575841,0 40.4525962853324,6.5758785239287,0 40.452322375851,6.57484978060153,0 40.4515582972767,6.5729554786534,0 40.4504669257368,6.57030351437914,0 40.4504972054532,6.57000778469352,0 40.4530188042821,6.56571864903709,0 40.4547153419833,6.56317958661929,0 40.4564319956618,6.56005062102238,0 40.4595181541307,6.55462384242879,0 40.4627129020776,6.54900012841437,0 40.4643210792142,6.54615546880723,0 40.4679067504603,6.53978784378947,0 40.4687324676864,6.53829991094102,0 40.4713619222506,6.53363905206039,0 40.4730134452361,6.53070687445919,0 40.4761209434498,6.52521446704472,0 40.4759866895763,6.52412256711474,0 40.4762448383669,6.52276736805206,0 40.4766523687601,6.52021020962965,0 40.4774246357324,6.51540186101899,0 40.4779734881329,6.51182875570225,0 40.5625740520606,6.56185903831319,0 40.6398057338278,6.55574319583132,0 40.6400453668288,6.55724584286164,0 40.6414917380833,6.56058992624541,0 40.6425605620805,6.56546667065867,0 40.6446817027255,6.57033995148811,0 40.6463050354208,6.57453672779459,0 40.6464190364211,6.57483190239911,0 40.6508451266371,6.58602910333107,0 40.6510480246837,6.58654238090167,0 40.6518787421535,6.58864385702394,0 40.6530300630504,6.5915563250365,0 40.6531405195726,6.59662326561534,0 40.6527273850188,6.5969204303969,0 40.6529677017787,6.59833340898279,0 40.6549057857019,6.59953576600237,0 40.6558364460903,6.60102036422667,0 40.6585798195846,6.6030866044323,0 40.6586428283011,6.60432308824809,0 40.6591730697972,6.60432132243169,0 40.6595178822428,6.60507134513916,0 40.6594706832904,6.60526284451189,0 40.6595916407707,6.60620495484402,0 40.6600166757326,6.60615629568556,0 40.6605956206533,6.6074155790287,0 40.6605075204721,6.60980793698785,0 40.6606123247723,6.61341113918197,0 40.6606033178903,6.61357349265258,0 40.6599657175155,6.61527539575131,0 40.6585615243617,6.61528008063622,0 40.65656134742,6.61611144720681,0 40.6559734278074,6.61646684841553,0 40.6556289945271,6.61917772536244,0 40.6561116630712,6.62259273224753,0 40.6544700193309,6.62495448994519,0 40.6543630321748,6.62519737078073,0 40.6542547311532,6.6254432341502,0 40.6541797430035,6.62561347102314,0 40.6540022652687,6.62601637772031,0 40.653530977858,6.62601794738858,0 40.6512962800518,6.62720352978819,0 40.6516520990811,6.62790923335151,0 40.651068474399,6.62956057879394,0 40.6521159307136,6.63003245637215,0 40.6519619672663,6.63021843250315,0 40.6520772211734,6.63067292197043,0 40.6507232379798,6.63203583333815,0 40.6509655522859,6.6340378743802,0 40.6494408959644,6.63616361084069,0 40.6486247461086,6.6387582481051,0 40.6485116249217,6.64017240038536,0 40.6476919406596,6.64170671796984,0 40.6485017708054,6.64280324306755,0 40.6484181261532,6.64381865146866,0 40.6482909899628,6.64617835458833,0 40.6482372405761,6.64627041807109,0 40.6481640442328,6.64639579080648,0 40.6479444549027,6.64677190918473,0 40.6454740010426,6.64795827542095,0 40.6453589159413,6.64878336169483,0 40.6457141111182,6.64934156517185,0 40.6461667617846,6.65005292115189,0 40.6465115859719,6.65059482209908,0 40.646625052714,6.65077313790261,0 40.6441435893273,6.65359331302636,0 40.6425207385343,6.65493799670357,0 40.6413788579673,6.65695129825068,0 40.6400414722306,6.65762594943238,0 40.6389890682148,6.65782044537722,0 40.6377510084072,6.65964305424822,0 40.6375900383521,6.66027200480188,0 40.637089199554,6.66222890268306,0 40.6368735130225,6.66275128927416,0 40.636377051047,6.66395370278984,0 40.6361923420476,6.66586775759333,0 40.637537696346,6.66758573304486,0 40.6389807418685,6.66978202233919,0 40.6394681027841,6.67236405751197,0 40.6399543119875,6.67443901170555,0 40.6400506796496,6.67485026859075,0 40.6398670189215,6.67724296208855,0 40.6390151174921,6.68011652048265,0 40.6374962354201,6.6838535154251,0 40.6369616276487,6.68523683807751,0 40.6359779703733,6.68778208267725,0 40.6352212554075,6.69055982400807,0 40.6354711939112,6.69381229750222,0 40.6355736615762,6.69572596374068,0 40.6363447940047,6.69744583239176,0 40.6364501304269,6.6986593846738,0 40.6365440809357,6.69974175066526,0 40.63531008596,6.70280759278433,0 40.633881258755,6.70491792863952,0 40.6315874048294,6.7059777835303,0 40.6290095504973,6.70799586199628,0 40.6278653127874,6.7093395268418,0 40.6273947638116,6.71182924806121,0 40.6264459641636,6.71431999389995,0 40.6254953232544,6.7164287341276,0 40.6240667392196,6.71863399618375,0 40.6239943220038,6.71876222333665,0 40.6235901765717,6.71947783133381,0 40.6232013847607,6.72016625138727,0 40.6224964559584,6.7214144397577,0 40.6218344882943,6.72380873213474,0 40.6210770464386,6.72639491047421,0 40.6199387767719,6.72955650161337,0 40.6188004966368,6.73271809324059,0 40.6185500970768,6.73330107841494,0 40.6175657135522,6.73559292905419,0 40.6167337212138,6.73687172715291,0 40.6157562218561,6.73837416584522,0 40.614709647536,6.74038715329616,0 40.6140515044824,6.74256553521714,0 40.6136678150919,6.74383549975285,0 40.6121986146209,6.74592386189992,0 40.6120483462217,6.74613745654192,0 40.6106725040225,6.74996949017267,0 40.6101912997155,6.75227517278226,0 40.6101767198447,6.75234503184688,0 40.6102060226429,6.75235487405841,0 40.6109332352824,6.75263337380523,0 40.6109327915298,6.7526358983919,0 40.6109329061192,6.75263594137021,0 40.6173247360951,6.75600311485262,0 40.6204685938215,6.75765922519827,0 40.6215254772351,6.759422796837,0 40.6236665384332,6.76315552545712,0 40.6263794111922,6.76727965343403,0 40.6282673332889,6.7696823719097,0 40.6314301466917,6.77375125511555,0 40.6404029964524,6.78269881000401,0 40.6428647091137,6.78487063532043,0 40.6436224216342,6.78523030073215,0 40.6437956990672,6.78531221828728,0 40.6437955191981,6.78542523909279,0 40.6449390523755,6.78618367722113,0 40.6465191053222,6.78695307624759,0 40.6493312096731,6.79089411586139,0 40.6512731711417,6.79299758587555,0 40.6525468799316,6.79478290302261,0 40.6531864557206,6.79332276829054,0 40.6525695798184,6.79149282660132,0 40.6515606466813,6.78760105107475,0 40.6532252201687,6.78712409110514,0 40.6546291000692,6.78613489753793,0 40.6558845078708,6.78289600296781,0 40.6567242845436,6.78162732924707,0 40.6572810673962,6.77993805278806,0 40.6575583029837,6.77867128730221,0 40.6576957107847,6.77768642200659,0 40.6581145921538,6.77684130151647,0 40.6588151160482,6.77585451392634,0 40.6592344734841,6.77514953413234,0 40.6597990209887,6.77556973079896,0 40.6609948087494,6.77593324152042,0 40.6616299158776,6.77612630791772,0 40.6623341981771,6.77640475473044,0 40.6631802987216,6.77682398281053,0 40.6641651776542,6.77682060956062,0 40.6649843288258,6.77640744647591,0 40.6650078198864,6.77639559803805,0 40.665709206545,6.77583092476801,0 40.6666902099377,6.77470245740908,0 40.6673907113503,6.77371566532145,0 40.667246069903,6.77259105904896,0 40.668575819861,6.77061770753052,0 40.6703989537713,6.76892351566517,0 40.6715202258372,6.76765385201163,0 40.6726410099546,6.76624405603685,0 40.6741802244905,6.7637071427939,0 40.6765016140919,6.76482434302441,0 40.6789648690012,6.76600979829568,0 40.6803675953043,6.76881005768201,0 40.6828085801644,6.77200397346419,0 40.6869598501409,6.77699287990561,0 40.6910233344993,6.77980361168963,0 40.6936299613825,6.78085180538765,0 40.6978987304715,6.78301473467812,0 40.7064935893342,6.78721309611313,0 40.7113407450921,6.78999316612226,0 40.7167185626931,6.79317137099091,0 40.7224557617655,6.79691160123302,0 40.7263227662143,6.79938925383985,0 40.7303278971552,6.80174995839491,0 40.7358801474545,6.80526122220489,0 40.7399792382281,6.80825493635889,0 40.7422640734069,6.81012316246798,0 40.7427396974667,6.81051205918854,0 40.7456992048727,6.81355106749071,0 40.7488666800323,6.81686504587067,0 40.7533576666717,6.82309502414398,0 40.7562162644303,6.82695363374985,0 40.7598449618233,6.83323615985025,0 40.7593726820538,6.83334905037173,0 40.7584349253278,6.83476616103003,0 40.7584369339949,6.83531574432538,0 40.758440523108,6.83629763440073,0 40.7586797011742,6.83723921846949,0 40.7586900417549,6.84006655317752,0 40.7582880901296,6.84203085510212,0 40.7575320517715,6.84572553093808,0 40.7574471483247,6.84641824971103,0 40.7569342409505,6.85060301163776,0 40.7567133293021,6.85240540941698,0 40.7563542330625,6.85533524366411,0 40.7561017627326,6.85739512743086,0 40.7557288788562,6.86043745621821,0 40.7555315901288,6.86204711925177,0 40.7545562664738,6.87000471314735,0 40.7560587575455,6.8729328635828,0 40.758236787031,6.87717745378413,0 40.7599020836141,6.8803518430983,0 40.7608366107676,6.88213321238757,0 40.7611572990177,6.8827444948202,0 40.7614151316857,6.88323596293724,0 40.7617619686907,6.88389708447656,0 40.7625114036805,6.88532560694764,0 40.7636769518064,6.88754727148734,0 40.7642462782261,6.88863246009687,0 40.7636690098906,6.88878059513821,0 40.7624281490788,6.88964519398347,0 40.7621293982416,6.8899017034912,0 40.7600922136329,6.89042793690964,0 40.7596779819387,6.89050066589436,0 40.7596777501356,6.89050144307315,0 40.7563402133111,6.89103215326656,0 40.753595158541,6.89146863373054,0 40.7526755196353,6.89161485836583,0 40.7495167380528,6.8919135172685,0 40.7464540504931,6.89230749860554,0 40.7443485345069,6.89260227324054,0 40.7431984522157,6.8927564610421,0 40.7426233015063,6.89283356859033,0 40.7421287448782,6.8928998707423,0 40.7416378513713,6.89296568129444,0 40.7404407683614,6.89312616345944,0 40.7399459809806,6.89319249427995,0 40.7391158269387,6.89319551772067,0 40.7376478969959,6.89320086042588,0 40.7364981572425,6.89301365353783,0 40.7347725041209,6.8924457585875,0 40.7322801304727,6.8916892484519,0 40.7311386280933,6.89129898973854,0 40.7297874148933,6.89083703004724,0 40.7291634150726,6.89087080977834,0 40.7286845361127,6.89139878374168,0 40.7279729495449,6.8921833201324,0 40.727225160134,6.89205630910601,0 40.7256371540148,6.89178658412051,0 40.7245797853344,6.89304029654667,0 40.7228023707898,6.89514774427462,0 40.7204206528988,6.89797167084744,0 40.7191156808206,6.89951891861612,0 40.7185352786994,6.9002070721863,0 40.7179013245119,6.90095871721442,0 40.7169225844595,6.90211915091579,0 40.7159755584862,6.9032419771275,0 40.7150726896545,6.9043124436351,0 40.71444735423,6.9050482171097,0 40.7131680793276,6.90655341182258,0 40.712425333662,6.90742732139744,0 40.7120945219637,6.90781655106799,0 40.7117950422028,6.90816891528474,0 40.7111960814039,6.90887364346611,0 40.7099165438697,6.91037912005909,0 40.7089056357114,6.91156852549786,0 40.7078725432692,6.91278402543311,0 40.7074920078022,6.91323174821378,0 40.7072049090154,6.91356953651491,0 40.7068804043315,6.91395133436573,0 40.7060334896945,6.91494777340842,0 40.7046007925401,6.91676539135361,0 40.7028829404337,6.91839836704688,0 40.7014513307706,6.91974322841428,0 40.7016748692143,6.92001426842561,0 40.7002505972101,6.9219851473433,0 40.6990715652975,6.92407112307555,0 40.6969016173364,6.92629285592674,0 40.6948673213573,6.92770660265585,0 40.6919455344581,6.92908282153417,0 40.689392452628,6.93045488936226,0 40.6889240997936,6.93011523679988,0 40.6889430099234,6.9303440329358,0 40.6895702705302,6.93179067702021,0 40.6901973735668,6.93335316016422,0 40.6907911736491,6.93508811461014,0 40.6915123224232,6.93716844540541,0 40.6918749673662,6.93862902486019,0 40.6923188393538,6.94050408496242,0 40.6926126765473,6.94217341192031,0 40.6930556076184,6.9436218397186,0 40.6939568890239,6.94435152961237,0 40.6955239511721,6.94447533218837,0 40.69698820021,6.94463454162638,0 40.7017309317733,6.94681569848905,0 40.7031629058061,6.9477480320247,0 40.7048162357736,6.94936951330748,0 40.7059396868035,6.9511578943369,0 40.7061150946472,6.95165114337375,0 40.7051298784805,6.95181008879397,0 40.7044013275203,6.95193985213223,0 40.7033786098817,6.95212189678225,0 40.7027780470772,6.95222879298318,0 40.701617238654,6.95239308747761,0 40.7007379393691,6.95251753679894,0 40.7005622513529,6.9526236599866,0 40.7000358896267,6.9529416047163,0 40.6996159405815,6.95364607469848,0 40.699496331562,6.95394859518618,0 40.6993373875436,6.95435060307493,0 40.6992358480524,6.95460668027052,0 40.6990582566291,6.95505455590395,0 40.6987801454297,6.95603992316798,0 40.6983622671357,6.95716649955665,0 40.6980846628506,6.95829256981278,0 40.697806034708,6.95913724040158,0 40.6976970253466,6.96015015873783,0 40.6976697594511,6.96040351436229,0 40.6975301920446,6.96068510843778,0 40.6972508685054,6.96124867653183,0 40.6968941226946,6.96490660186066,0 40.6965649264833,6.96631426447426,0 40.6967092894577,6.96729811644641,0 40.6965813469351,6.96808195023109,0 40.6965714991367,6.96814228227223,0 40.6965563500663,6.96828304136021,0 40.6964352178276,6.96940855392603,0 40.696335831073,6.97102616762855,0 40.6961279037236,6.97187058547201,0 40.6959535488133,6.97222156489209,0 40.6957780691019,6.9725748081185,0 40.6956677706748,6.9727749218372,0 40.6954285450057,6.97320894690094,0 40.6952731072061,6.9734828454531,0 40.6951486572805,6.97370213974836,0 40.6947988798542,6.97426621723743,0 40.6946239988185,6.97447170054824,0 40.694378716283,6.97475990451369,0 40.694203450015,6.97493627517145,0 40.6940281836158,6.97511264579447,0 40.6935886879449,6.97551790748757,0 40.6931859626281,6.97588926217906,0 40.6929858669173,6.9761410528935,0 40.6926257261748,6.97659423576461,0 40.6924501024823,6.9767121170886,0 40.6922042291506,6.97687715086701,0 40.6918889148733,6.97719445174597,0 40.69178381002,6.97730021868061,0 40.6912227490251,6.97793511745105,0 40.6909577948328,6.9780495999413,0 40.6907308642695,6.97814765287817,0 40.6899590853482,6.97885394840119,0 40.689808673834,6.97895491065607,0 40.6889062032609,6.97956068349476,0 40.6883448814754,6.9801255130594,0 40.6881346628417,6.9803370416099,0 40.6879244469587,6.98054856715254,0 40.687433577584,6.98104250706083,0 40.6868013565719,6.9813962497383,0 40.6863806159027,6.98188994599076,0 40.6856787627074,6.98238464599473,0 40.6849764161418,6.98273920340067,0 40.6842732413114,6.98302255701357,0 40.6834295418053,6.98323691178487,0 40.6825863509343,6.98359140317446,0 40.6819543809668,6.98401520851376,0 40.6817135930472,6.9841969732565,0 40.6813925421786,6.98443932612256,0 40.6811119055884,6.98465138964864,0 40.680831268728,6.98486345306617,0 40.6804817196527,6.9854975904223,0 40.6803220968098,6.9858190685767,0 40.6800916370548,6.9857986411952,0 40.6788711219777,6.98569045581458,0 40.6777503132909,6.98559110543196,0 40.6763497364671,6.98546695204032,0 40.6747732688129,6.98472203983716,0 40.6740679781294,6.98438877330015,0 40.6737412946803,6.9842344070717,0 40.673309023473,6.98403014739202,0 40.6719287332814,6.9838971759918,0 40.6707588382165,6.9847285274005,0 40.6688821041129,6.98621552323857,0 40.6675253331702,6.98729052666532,0 40.6660832293339,6.98766557823472,0 40.6642009457439,6.98815510134567,0 40.6625737604687,6.98844793677654,0 40.6613803379028,6.9892069455874,0 40.6607580590839,6.9896027088482,0 40.6604322449607,6.98977780783469,0 40.6595228444386,6.98972016014364,0 40.6594893745789,6.98972401155735,0 40.6588896007489,6.98979303073866,0 40.6582822165556,6.99007130809207,0 40.6581165053779,6.99014722966121,0 40.6575536404789,6.99028992029825,0 40.6570619704214,6.99057250441641,0 40.6566407623283,6.99078533107624,0 40.6562342538174,6.99101274342123,0 40.6560084969581,6.99113903796479,0 40.6557720982619,6.9913766411019,0 40.6556402212597,6.99139112765747,0 40.654914789753,6.99153996334425,0 40.653986795443,6.99250830281683,0 40.6537436365863,6.99283462269007,0 40.6529709831122,6.99304841958148,0 40.6521973816986,6.99326191099017,0 40.6517397928428,6.99326351595018,0 40.6515748525586,6.99330292594683,0 40.65054446976,6.9935491190158,0 40.6496662799588,6.99393872027789,0 40.6491035317086,6.99411643531688,0 40.6489990536994,6.99418483709352,0 40.6484014889975,6.99457606210689,0 40.6479798264451,6.99482334881316,0 40.6478538489058,6.9948639167131,0 40.6472063340255,6.99507243200499,0 40.6467909408283,6.99530251418062,0 40.646504046006,6.99546142206913,0 40.6460587825653,6.99567518919721,0 40.6457665642404,6.99581548038438,0 40.6455865345071,6.99589939585324,0 40.6453097025763,6.99602843259188,0 40.6449076564165,6.99631738883162,0 40.6448182730211,6.99638162985378,0 40.6442562535281,6.99677011849161,0 40.6437997577153,6.99708816847305,0 40.6427110561916,6.99761976877266,0 40.6423248264037,6.99797260886101,0 40.6421762945025,6.9980875964433,0 40.6414126576112,6.9986787728011,0 40.6410634614495,6.99898599427911,0 40.6408509923287,6.99917292353838,0 40.6400139501554,6.9995290257247,0 40.6397795547675,6.99960789792434,0 40.6390755191109,6.99984479956882,0 40.6363775694268,7.00173708845003,0 40.6350285857411,7.00268322892491,0 40.6338033137422,7.00445172480201,0 40.633554593111,7.00628746325935,0 40.633863240492,7.00682709722493,0 40.6339507077276,7.00698002316418,0 40.6339671040122,7.00724839061816,0 40.6339998967442,7.0077851255026,0 40.6346656201897,7.01020424716141,0 40.6362415543124,7.01360968395487,0 40.6363243518433,7.01380539149341,0 40.6368027950199,7.0149362773816,0 40.6369509514484,7.01735098123449,0 40.6366428915539,7.01935758430087,0 40.6348874346477,7.02238471318403,0 40.63469896932,7.02253463741802,0 40.6339471923165,7.02243892293273,0 40.6323214170202,7.02361368045976,0 40.6305919891565,7.02486332441218,0 40.6294178962435,7.02507286950368,0 40.6281723496678,7.02498149764391,0 40.6267348987457,7.02479508926699,0 40.625203323828,7.02508749755316,0 40.6241807645463,7.02548770623249,0 40.623726232382,7.02552737510182,0 40.6235283034012,7.02554464903138,0 40.6230202192596,7.0257655161154,0 40.6213333764914,7.02649879132835,0 40.6207441645361,7.02787175977764,0 40.6191245356549,7.02883238763855,0 40.6174688043109,7.03029867788912,0 40.6166876654641,7.0309904379346,0 40.6156139271946,7.03195594782755,0 40.6145401843807,7.03292145623229,0 40.6128043850411,7.03399548423322,0 40.6123420476235,7.03422085243799,0 40.6121108787773,7.03433353785352,0 40.6121155404925,7.03444679421536,0 40.6123677393405,7.04057365484028,0 40.6137666070449,7.0430405905618,0 40.6140058294519,7.04346246108923,0 40.6137214177978,7.04539778822464,0 40.6132640977121,7.04850969229006,0 40.6127817278937,7.05068756360862,0 40.6103836917551,7.05462669737547,0 40.6101905100149,7.05547049811018,0 40.6096619799775,7.05777907190835,0 40.6099651741452,7.05853986865906,0 40.6119606812092,7.06354705138214,0 40.6120035594067,7.06498339056643,0 40.6122755276576,7.06621814823341,0 40.6128277988208,7.06872547183591,0 40.6161606766182,7.07461867354803,0 40.6155251840404,7.07679500817944,0 40.6152074360249,7.07788317509572,0 40.613958250842,7.08194889774044,0 40.6140427603307,7.08493686031435,0 40.613822656849,7.08964492023006,0 40.613870188847,7.09062209686254,0 40.613917721532,7.09159927383694,0 40.6138999540068,7.09332233420732,0 40.6134852499992,7.09512305820172,0 40.6133587808518,7.09567220994466,0 40.6135699832286,7.09664345076461,0 40.6143477578281,7.10022009545059,0 40.6131826261022,7.10146058836519,0 40.6100741900756,7.10216044325723,0 40.6080360399204,7.10208921740761,0 40.6067889460726,7.10161504095648,0 40.6042970855803,7.10133656603286,0 40.60177312456,7.10099528122779,0 40.6008465372436,7.10086998631976,0 40.5995514541675,7.100922373855,0 40.5982601961491,7.10097460308216,0 40.5950022413006,7.10079441477923,0 40.5938522773695,7.10070266653278,0 40.5925123534047,7.10109006850356,0 40.5905014753297,7.10138406756603,0 40.5888744630644,7.10186814464777,0 40.5883575196809,7.10218836380591,0 40.5879188482447,7.10246009690458,0 40.5863888225648,7.10340785945474,0 40.5859276201265,7.10368353759514,0 40.5855239476847,7.10392482729986,0 40.5851108557313,7.10417174682781,0 40.5844712615711,7.10455405353677,0 40.583329320767,7.10523662616142,0 40.5818333189412,7.106078425611,0 40.580078182228,7.10706603103494,0 40.5790269424535,7.10783521952347,0 40.5781669828477,7.10850805421826,0 40.5776221166562,7.10861883798893,0 40.5767308828387,7.10880004479511,0 40.5761783047448,7.10897194121961,0 40.5744438332176,7.10903052991484,0 40.5732532929655,7.10963660997083,0 40.5731979917124,7.1096647626217,0 40.572956485302,7.10973237192534,0 40.572335655547,7.10990617151476,0 40.5716096812022,7.11010940489116,0 40.5703201693389,7.11079694050149,0 40.567495541359,7.11175026286726,0 40.5663526754422,7.11376385690047,0 40.5657817146668,7.11470425617208,0 40.5653046354311,7.11549002534745,0 40.564155595933,7.1156853112426,0 40.5625343160165,7.11789192013695,0 40.5616765757212,7.11923463640932,0 40.5607217283164,7.12019487333933,0 40.5603096699427,7.12060925594226,0 40.5591939642151,7.12173125004428,0 40.5585265337277,7.12269051565948,0 40.5577251930199,7.12394491258225,0 40.5566831692684,7.12322747155866,0 40.5550458258896,7.12226211355761,0 40.5515684766116,7.12096609974541,0 40.5514921242518,7.12097614628475,0 40.5509734998814,7.1210443884801,0 40.5504041708883,7.12117740197144,0 40.5404766963212,7.10635862996487,0 40.5390145043545,7.10587707312928,0 40.5344562037575,7.10437580854827,0 40.5345316493031,7.1046049932659,0 40.5348947744022,7.10593409161819,0 40.5345943554491,7.10730437376347,0 40.534221592038,7.10742075885703,0 40.5341534834437,7.10744202339482,0 40.5331732772822,7.10754303242399,0 40.531923295557,7.10767883728155,0 40.5293317232539,7.10722925649075,0 40.5286210544657,7.10710596830434,0 40.5275299243661,7.1066863210689,0 40.5258150563491,7.10602677779525,0 40.5255575019582,7.1058677466825,0 40.5226587992996,7.10407787669034,0 40.5206909837158,7.10271615126637,0 40.5179072829824,7.10169447976201,0 40.5159641132941,7.10128716711468,0 40.5154892346014,7.10152267452832,0 40.5152517950446,7.10164042809033,0 40.5144321139635,7.10215266407707,0 40.5127927457947,7.10317713282332,0 40.5123763555095,7.10396349381652,0 40.5119857899844,7.10470108208593,0 40.5115631064188,7.10546017534794,0 40.5109035304768,7.10664469674296,0 40.5102957961368,7.10749437087517,0 40.5102872681384,7.10841347203796,0 40.5102790531167,7.10929887813432,0 40.510509504725,7.11194688391673,0 40.5098549052685,7.11334770850366,0 40.5074737536266,7.11502371988727,0 40.5043111011947,7.11598229099213,0 40.5018454596452,7.11726579829392,0 40.4999930775232,7.11852752255709,0 40.4975678886964,7.11955883218194,0 40.4963972782844,7.11923596505995,0 40.4955526637567,7.11824180164801,0 40.4935897328318,7.11716760976478,0 40.4923558205551,7.11686641538788,0 40.4906708637016,7.11951893095407,0 40.4891315554199,7.12084573010856,0 40.4872292968092,7.12206349378123,0 40.4867102510048,7.12239576767814,0 40.4857848486884,7.12344205497943,0 40.4849518161584,7.12438390142627,0 40.4842182620001,7.12490034048887,0 40.4827511483902,7.12593321610756,0 40.4805491994067,7.12726211998987,0 40.477907726937,7.12881282888867,0 40.4765012188228,7.12975545192881,0</coordinates></LinearRing></outerBoundaryIs><innerBoundaryIs><LinearRing><coordinates>40.4772318458258,7.00143951608456,0 40.4770447599675,7.00206978475179,0 40.4769474927016,7.002397465459,0 40.4787662575768,7.00200892871145,0 40.4810651635904,7.00200169602302,0 40.483555944723,7.0020895523641,0 40.4850882432498,7.00198901180721,0 40.4868096908755,7.00112222666043,0 40.4878621378049,7.00073607852692,0 40.4891064600308,7.00044502629853,0 40.4899312156484,7.0005339441477,0 40.4899688467486,7.00053800116363,0 40.4919779410739,6.99976599412461,0 40.4925481005732,6.99832861084029,0 40.493310133754,6.99698632383777,0 40.4940733800822,6.99602685239728,0 40.4950275860179,6.99487536420681,0 40.4956001683202,6.99420361159942,0 40.4967486795983,6.99391284795703,0 40.4980875396027,6.99323865717141,0 40.4990280460627,6.99248197027513,0 40.4986108502018,6.9921363874243,0 40.498225576143,6.99146767948277,0 40.4980324823253,6.99098976955063,0 40.4974547270478,6.99003455803696,0 40.4974498528643,6.9885032961915,0 40.4970624529764,6.98716465898739,0 40.4968654060441,6.98544259711233,0 40.4967641451724,6.9837202307351,0 40.4962837079483,6.98324323079179,0 40.4945553568552,6.98190884124257,0 40.4937869676981,6.98124134000435,0 40.4928273183338,6.98067014730482,0 40.4921535035855,6.97961952282704,0 40.4921162210812,6.97954119214469,0 40.4886137765542,6.98097057639817,0 40.4843116780549,6.98356817759715,0 40.4829911528597,6.98435345655868,0 40.4822083504286,6.98481896431163,0 40.4808679740594,6.98501458690563,0 40.4798155505624,6.9854007134458,0 40.4769447203295,6.98627106658657,0 40.4746491857345,6.98733101659116,0 40.4744229356018,6.98718132950736,0 40.4744095733149,6.98728391325027,0 40.4735487070186,6.98766942863896,0 40.4723049975976,6.98815184473866,0 40.4718290652246,6.9891103904536,0 40.4722158013399,6.99025765319593,0 40.4726022401899,6.9913092102315,0 40.472797109016,6.99236136558492,0 40.4732802377885,6.99369973648852,0 40.4736654831696,6.9943684718868,0 40.4721352969849,6.99513890518792,0 40.4709870544862,6.9955253175864,0 40.4711849198648,6.99753452359591,0 40.4737702726922,6.9972393182592,0 40.4744437851339,6.99819426677315,0 40.4750215131411,6.99914951396548,0 40.4748326427156,7.00001145770368,0 40.474835347401,7.00087280096063,0 40.4750281252208,7.00125501954456,0 40.476273366391,7.00125111354388,0 40.4772318458258,7.00143951608456,0</coordinates></LinearRing></innerBoundaryIs><innerBoundaryIs><LinearRing><coordinates>40.3937857275251,6.8405253750491,0 40.3947440098725,6.84076187303717,0 40.3958933936657,6.8408542502922,0 40.3966615495351,6.8415698433123,0 40.3971425696132,6.84233412322151,0 40.3980528373115,6.84252289822111,0 40.3984833353534,6.84237808293989,0 40.3991514196938,6.84161046509945,0 40.3994836501369,6.84060454988582,0 40.4002488827739,6.84031519587976,0 40.4019235402727,6.83992748351071,0 40.4034036050478,6.83848753102132,0 40.4063257627603,6.83900540427504,0 40.4082424639733,6.83952620108478,0 40.4099100927127,6.83674575744671,0 40.4089018366274,6.83579161762888,0 40.4076532117499,6.83450319538452,0 40.4058768125565,6.83283347197002,0 40.4043881139598,6.83130646503289,0 40.4036283104462,6.82992379099659,0 40.4023537737927,6.83147988044964,0 40.4004940363531,6.83406944329548,0 40.3983439466042,6.83560704137976,0 40.3973858137136,6.83541840315385,0 40.3955200650707,6.83595021554652,0 40.3940388685273,6.83700731167747,0 40.392604989983,6.83787284818957,0 40.3918890180538,6.83864059655492,0 40.3919406373523,6.83993252889814,0 40.3918635714419,6.84048308280103,0 40.3925886030877,6.84048098551116,0 40.3936415344089,6.84033437325228,0 40.3937857275251,6.8405253750491,0</coordinates></LinearRing></innerBoundaryIs></Polygon></MultiGeometry>
  </Placemark>
  <Placemark>
	<name>Oromiya</name>
	<description>&lt;html xmlns:fo=&quot;http://www.w3.org/1999/XSL/Format&quot; xmlns:msxsl=&quot;urn:schemas-microsoft-com:xslt&quot;&gt;

&lt;head&gt;

&lt;META http-equiv=&quot;Content-Type&quot; content=&quot;text/html&quot;&gt;

&lt;meta http-equiv=&quot;content-type&quot; content=&quot;text/html; charset=UTF-8&quot;&gt;

&lt;/head&gt;

&lt;body style=&quot;margin:0px 0px 0px 0px;overflow:auto;background:#FFFFFF;&quot;&gt;

&lt;table style=&quot;font-family:Arial,Verdana,Times;font-size:12px;text-align:left;width:100%;border-collapse:collapse;padding:3px 3px 3px 3px&quot;&gt;

&lt;tr style=&quot;text-align:center;font-weight:bold;background:#9CBCE2&quot;&gt;

&lt;td&gt;Oromiya&lt;/td&gt;

&lt;/tr&gt;

&lt;tr&gt;

&lt;td&gt;

&lt;table style=&quot;font-family:Arial,Verdana,Times;font-size:12px;text-align:left;width:100%;border-spacing:0px; padding:3px 3px 3px 3px&quot;&gt;

&lt;tr&gt;

&lt;td&gt;FID&lt;/td&gt;

&lt;td&gt;7&lt;/td&gt;

&lt;/tr&gt;

&lt;tr bgcolor=&quot;#D4E4F3&quot;&gt;

&lt;td&gt;R_NAME&lt;/td&gt;

&lt;td&gt;Oromiya&lt;/td&gt;

&lt;/tr&gt;

&lt;tr&gt;

&lt;td&gt;R_CODE&lt;/td&gt;

&lt;td&gt;4&lt;/td&gt;

&lt;/tr&gt;

&lt;tr bgcolor=&quot;#D4E4F3&quot;&gt;

&lt;td&gt;Z_NAME&lt;/td&gt;

&lt;td&gt;Bale&lt;/td&gt;

&lt;/tr&gt;

&lt;tr&gt;

&lt;td&gt;Z_CODE&lt;/td&gt;

&lt;td&gt;411&lt;/td&gt;

&lt;/tr&gt;

&lt;tr bgcolor=&quot;#D4E4F3&quot;&gt;

&lt;td&gt;W_NAME&lt;/td&gt;

&lt;td&gt;Dinsho&lt;/td&gt;

&lt;/tr&gt;

&lt;tr&gt;

&lt;td&gt;W_CODE&lt;/td&gt;

&lt;td&gt;41122&lt;/td&gt;

&lt;/tr&gt;

&lt;tr bgcolor=&quot;#D4E4F3&quot;&gt;

&lt;td&gt;RK_NAME&lt;/td&gt;

&lt;td&gt;GOJERA&lt;/td&gt;

&lt;/tr&gt;

&lt;tr&gt;

&lt;td&gt;RK_CODE&lt;/td&gt;

&lt;td&gt;41122008&lt;/td&gt;

&lt;/tr&gt;

&lt;tr bgcolor=&quot;#D4E4F3&quot;&gt;

&lt;td&gt;COUNT&lt;/td&gt;

&lt;td&gt;2&lt;/td&gt;

&lt;/tr&gt;

&lt;/table&gt;

&lt;/td&gt;

&lt;/tr&gt;

&lt;/table&gt;

&lt;/body&gt;

&lt;/html&gt;

</description>
	<Style><LineStyle><color>ff0000ff</color></LineStyle><PolyStyle><fill>0</fill></PolyStyle></Style>
	<ExtendedData><SchemaData schemaUrl="#1340_RR">
		<SimpleData name="altitudeMode">clampToGround</SimpleData>
		<SimpleData name="tessellate">-1</SimpleData>
		<SimpleData name="extrude">0</SimpleData>
		<SimpleData name="visibility">-1</SimpleData>
		<SimpleData name="snippet"></SimpleData>
	</SchemaData></ExtendedData>
      <MultiGeometry><Polygon><outerBoundaryIs><LinearRing><coordinates>39.7827826363011,7.09435281779189,0 39.7829751416558,7.09457828023662,0 39.7828321244041,7.09500929560515,0 39.7821138838496,7.09529768861921,0 39.7809647694915,7.09580219265087,0 39.780606494688,7.09644895677981,0 39.7797466796982,7.09802990815505,0 39.7788117265703,7.09767249874687,0 39.7773027547193,7.09789041507536,0 39.776225380542,7.09832299262403,0 39.7757965467939,7.09975962587971,0 39.7752951159445,7.1007656053059,0 39.7744346147946,7.10195167341546,0 39.7740572995283,7.10239861871381,0 39.7736455633573,7.10288633573913,0 39.7724257437128,7.10410889798247,0 39.772426582491,7.10461146759668,0 39.772284990854,7.10590402883048,0 39.7721448368602,7.10805813787997,0 39.7726055983519,7.11091452200321,0 39.7646681695111,7.10761490739375,0 39.7618006650861,7.10071076325659,0 39.7622057414521,7.10039497640078,0 39.7628760106847,7.10005882693638,0 39.7637382574702,7.09991381677227,0 39.7637856206374,7.09957869076158,0 39.7631132235485,7.09862251641844,0 39.7630642829199,7.09800036460628,0 39.7624872481216,7.09675684798024,0 39.7625331155656,7.09551230785854,0 39.7620052602601,7.09503453391518,0 39.761525321238,7.09455668068605,0 39.7613330314123,7.0941740835489,0 39.7608531725629,7.09374409336364,0 39.7594611242642,7.09221472117571,0 39.758212908037,7.09073297318783,0 39.7572910150605,7.08985227520521,0 39.756297430073,7.0874598023963,0 39.7562420387931,7.0868352594544,0 39.7562409466355,7.08616516357493,0 39.7564787240222,7.08506390210265,0 39.7569092499805,7.08463242457534,0 39.7570517435581,7.0838663668278,0 39.7574338071441,7.08309991904934,0 39.7575764558435,7.08242958920278,0 39.757384019037,7.08195126137548,0 39.756999302803,7.08109033331483,0 39.7569495165105,7.07994167535847,0 39.7561339697074,7.07932076737222,0 39.7541675650623,7.07812735388671,0 39.7536398943371,7.07774529514986,0 39.7520316388789,7.07718777078136,0 39.7483883556289,7.06841429131132,0 39.7662115533166,7.0554460701941,0 39.7665959327724,7.05572804598694,0 39.7671012453475,7.05709134190838,0 39.7694758175881,7.05888233548953,0 39.7723545509283,7.06131864464338,0 39.7738669897469,7.0632546296627,0 39.7763142048219,7.06547623675803,0 39.7784740897045,7.06777010405629,0 39.7806129263684,7.06978131140561,0 39.7810654493197,7.07020682751441,0 39.7810666551528,7.07092478367886,0 39.7815717883781,7.07214446542085,0 39.7823635554561,7.07286109441247,0 39.7825089856042,7.0738659911522,0 39.7821516932553,7.07508711966548,0 39.781289984039,7.07551934091164,0 39.7799253063101,7.07602419925252,0 39.7792804061979,7.07717401225153,0 39.7785662806704,7.07990344878388,0 39.779364566632,7.08449704456794,0 39.7796547040176,7.08607606583444,0 39.7792966744851,7.08686641979463,0 39.7785099455569,7.0891652036179,0 39.7794471130462,7.09085083395311,0 39.781102586128,7.09228396928347,0 39.781750888045,7.09314442775492,0 39.7827826363011,7.09435281779189,0</coordinates></LinearRing></outerBoundaryIs></Polygon></MultiGeometry>
  </Placemark>
  <Placemark>
	<name>Oromiya</name>
	<description>&lt;html xmlns:fo=&quot;http://www.w3.org/1999/XSL/Format&quot; xmlns:msxsl=&quot;urn:schemas-microsoft-com:xslt&quot;&gt;

&lt;head&gt;

&lt;META http-equiv=&quot;Content-Type&quot; content=&quot;text/html&quot;&gt;

&lt;meta http-equiv=&quot;content-type&quot; content=&quot;text/html; charset=UTF-8&quot;&gt;

&lt;/head&gt;

&lt;body style=&quot;margin:0px 0px 0px 0px;overflow:auto;background:#FFFFFF;&quot;&gt;

&lt;table style=&quot;font-family:Arial,Verdana,Times;font-size:12px;text-align:left;width:100%;border-collapse:collapse;padding:3px 3px 3px 3px&quot;&gt;

&lt;tr style=&quot;text-align:center;font-weight:bold;background:#9CBCE2&quot;&gt;

&lt;td&gt;Oromiya&lt;/td&gt;

&lt;/tr&gt;

&lt;tr&gt;

&lt;td&gt;

&lt;table style=&quot;font-family:Arial,Verdana,Times;font-size:12px;text-align:left;width:100%;border-spacing:0px; padding:3px 3px 3px 3px&quot;&gt;

&lt;tr&gt;

&lt;td&gt;FID&lt;/td&gt;

&lt;td&gt;8&lt;/td&gt;

&lt;/tr&gt;

&lt;tr bgcolor=&quot;#D4E4F3&quot;&gt;

&lt;td&gt;R_NAME&lt;/td&gt;

&lt;td&gt;Oromiya&lt;/td&gt;

&lt;/tr&gt;

&lt;tr&gt;

&lt;td&gt;R_CODE&lt;/td&gt;

&lt;td&gt;4&lt;/td&gt;

&lt;/tr&gt;

&lt;tr bgcolor=&quot;#D4E4F3&quot;&gt;

&lt;td&gt;Z_NAME&lt;/td&gt;

&lt;td&gt;West Arsi&lt;/td&gt;

&lt;/tr&gt;

&lt;tr&gt;

&lt;td&gt;Z_CODE&lt;/td&gt;

&lt;td&gt;417&lt;/td&gt;

&lt;/tr&gt;

&lt;tr bgcolor=&quot;#D4E4F3&quot;&gt;

&lt;td&gt;W_NAME&lt;/td&gt;

&lt;td&gt;Dodola&lt;/td&gt;

&lt;/tr&gt;

&lt;tr&gt;

&lt;td&gt;W_CODE&lt;/td&gt;

&lt;td&gt;41707&lt;/td&gt;

&lt;/tr&gt;

&lt;tr bgcolor=&quot;#D4E4F3&quot;&gt;

&lt;td&gt;RK_NAME&lt;/td&gt;

&lt;td&gt;Fefota Wesherbi&lt;/td&gt;

&lt;/tr&gt;

&lt;tr&gt;

&lt;td&gt;RK_CODE&lt;/td&gt;

&lt;td&gt;41707013&lt;/td&gt;

&lt;/tr&gt;

&lt;tr bgcolor=&quot;#D4E4F3&quot;&gt;

&lt;td&gt;COUNT&lt;/td&gt;

&lt;td&gt;11&lt;/td&gt;

&lt;/tr&gt;

&lt;/table&gt;

&lt;/td&gt;

&lt;/tr&gt;

&lt;/table&gt;

&lt;/body&gt;

&lt;/html&gt;

</description>
	<Style><LineStyle><color>ff0000ff</color></LineStyle><PolyStyle><fill>0</fill></PolyStyle></Style>
	<ExtendedData><SchemaData schemaUrl="#1340_RR">
		<SimpleData name="altitudeMode">clampToGround</SimpleData>
		<SimpleData name="tessellate">-1</SimpleData>
		<SimpleData name="extrude">0</SimpleData>
		<SimpleData name="visibility">-1</SimpleData>
		<SimpleData name="snippet"></SimpleData>
	</SchemaData></ExtendedData>
      <MultiGeometry><Polygon><outerBoundaryIs><LinearRing><coordinates>39.0059123941294,6.87587731651334,0 39.0066380761781,6.87884415748437,0 38.9912698252457,6.87913241501911,0 38.9916553797943,6.87867486186662,0 38.992757025072,6.87848340534843,0 38.9939065675366,6.87824407829134,0 38.9954392905582,6.87776540920147,0 38.996876213614,6.87762181488648,0 38.9980257513597,6.87752608377503,0 38.99965426242,6.8773346132574,0 39.0010911828099,6.8771431376748,0 39.0022407160955,6.87652084165806,0 39.003294455252,6.87637722971598,0 39.0043960905854,6.87618574639971,0 39.0057851072361,6.87589851992688,0 39.0059123941294,6.87587731651334,0</coordinates></LinearRing></outerBoundaryIs></Polygon></MultiGeometry>
  </Placemark>
  <Placemark>
	<name>Oromiya</name>
	<description>&lt;html xmlns:fo=&quot;http://www.w3.org/1999/XSL/Format&quot; xmlns:msxsl=&quot;urn:schemas-microsoft-com:xslt&quot;&gt;

&lt;head&gt;

&lt;META http-equiv=&quot;Content-Type&quot; content=&quot;text/html&quot;&gt;

&lt;meta http-equiv=&quot;content-type&quot; content=&quot;text/html; charset=UTF-8&quot;&gt;

&lt;/head&gt;

&lt;body style=&quot;margin:0px 0px 0px 0px;overflow:auto;background:#FFFFFF;&quot;&gt;

&lt;table style=&quot;font-family:Arial,Verdana,Times;font-size:12px;text-align:left;width:100%;border-collapse:collapse;padding:3px 3px 3px 3px&quot;&gt;

&lt;tr style=&quot;text-align:center;font-weight:bold;background:#9CBCE2&quot;&gt;

&lt;td&gt;Oromiya&lt;/td&gt;

&lt;/tr&gt;

&lt;tr&gt;

&lt;td&gt;

&lt;table style=&quot;font-family:Arial,Verdana,Times;font-size:12px;text-align:left;width:100%;border-spacing:0px; padding:3px 3px 3px 3px&quot;&gt;

&lt;tr&gt;

&lt;td&gt;FID&lt;/td&gt;

&lt;td&gt;9&lt;/td&gt;

&lt;/tr&gt;

&lt;tr bgcolor=&quot;#D4E4F3&quot;&gt;

&lt;td&gt;R_NAME&lt;/td&gt;

&lt;td&gt;Oromiya&lt;/td&gt;

&lt;/tr&gt;

&lt;tr&gt;

&lt;td&gt;R_CODE&lt;/td&gt;

&lt;td&gt;4&lt;/td&gt;

&lt;/tr&gt;

&lt;tr bgcolor=&quot;#D4E4F3&quot;&gt;

&lt;td&gt;Z_NAME&lt;/td&gt;

&lt;td&gt;West Arsi&lt;/td&gt;

&lt;/tr&gt;

&lt;tr&gt;

&lt;td&gt;Z_CODE&lt;/td&gt;

&lt;td&gt;417&lt;/td&gt;

&lt;/tr&gt;

&lt;tr bgcolor=&quot;#D4E4F3&quot;&gt;

&lt;td&gt;W_NAME&lt;/td&gt;

&lt;td&gt;Dodola&lt;/td&gt;

&lt;/tr&gt;

&lt;tr&gt;

&lt;td&gt;W_CODE&lt;/td&gt;

&lt;td&gt;41707&lt;/td&gt;

&lt;/tr&gt;

&lt;tr bgcolor=&quot;#D4E4F3&quot;&gt;

&lt;td&gt;RK_NAME&lt;/td&gt;

&lt;td&gt;Gere Serofta&lt;/td&gt;

&lt;/tr&gt;

&lt;tr&gt;

&lt;td&gt;RK_CODE&lt;/td&gt;

&lt;td&gt;41707018&lt;/td&gt;

&lt;/tr&gt;

&lt;tr bgcolor=&quot;#D4E4F3&quot;&gt;

&lt;td&gt;COUNT&lt;/td&gt;

&lt;td&gt;9&lt;/td&gt;

&lt;/tr&gt;

&lt;/table&gt;

&lt;/td&gt;

&lt;/tr&gt;

&lt;/table&gt;

&lt;/body&gt;

&lt;/html&gt;

</description>
	<Style><LineStyle><color>ff0000ff</color></LineStyle><PolyStyle><fill>0</fill></PolyStyle></Style>
	<ExtendedData><SchemaData schemaUrl="#1340_RR">
		<SimpleData name="altitudeMode">clampToGround</SimpleData>
		<SimpleData name="tessellate">-1</SimpleData>
		<SimpleData name="extrude">0</SimpleData>
		<SimpleData name="visibility">-1</SimpleData>
		<SimpleData name="snippet"></SimpleData>
	</SchemaData></ExtendedData>
      <MultiGeometry><Polygon><outerBoundaryIs><LinearRing><coordinates>38.8400698915426,6.68102527152666,0 38.8405636086496,6.68171681920422,0 38.841234787236,6.68228228564637,0 38.8386986314671,6.68098677007882,0 38.8395760149507,6.68082757163103,0 38.8400698915426,6.68102527152666,0</coordinates></LinearRing></outerBoundaryIs></Polygon><Polygon><outerBoundaryIs><LinearRing><coordinates>39.0489347814239,6.78777817373911,0 39.0470998756288,6.78913073573422,0 39.0325511291362,6.79413032634243,0 39.0264003748018,6.79624383422059,0 39.0073371196999,6.81563859151522,0 39.0060269747624,6.82421652454506,0 39.0011254435505,6.85630563581813,0 39.0059123941294,6.87587731651336,0 39.0057851072361,6.87589851992691,0 39.0043960905854,6.87618574639972,0 39.003294455252,6.87637722971598,0 39.0022407160955,6.87652084165808,0 39.0010911828099,6.8771431376748,0 38.99965426242,6.87733461325743,0 38.9980257513597,6.87752608377502,0 38.996876213614,6.87762181488648,0 38.9954392905582,6.87776540920147,0 38.9939065675366,6.87824407829138,0 38.992757025072,6.87848340534843,0 38.9916553797943,6.87867486186662,0 38.9912698252457,6.87913241501911,0 38.9471264270557,6.87995765321253,0 38.9468951331415,6.8790788724367,0 38.9474221110715,6.87812155873283,0 38.9479491493909,6.87658982123309,0 38.9486199424679,6.87443580664305,0 38.9490510974784,6.87366995503012,0 38.9492428122989,6.87247326023029,0 38.9500883460816,6.87137127910471,0 38.9503445889503,6.87103731738523,0 38.9523324240781,6.86981686956436,0 38.9538173615522,6.86833308779114,0 38.9554938527753,6.86708866219327,0 38.956643503123,6.86555697152654,0 38.9577931039451,6.86450396424914,0 38.9586074280012,6.86345092533323,0 38.9592301161952,6.86297229232481,0 38.9599486588692,6.8617277683428,0 38.9610503903329,6.86014819397066,0 38.9623436813838,6.85876010655915,0 38.9634693548978,6.85706085661827,0 38.9635590061133,6.8569762460642,0 38.9643315312346,6.85624715440686,0 38.9643795153203,6.85505044171105,0 38.9640922950024,6.85303993688751,0 38.9642361901588,6.85021569678101,0 38.9639968533172,6.84839666972925,0 38.9638071212804,6.84746923475986,0 38.96356596292,6.8462904159469,0 38.961818071938,6.84315488243212,0 38.9605251007536,6.84114429374114,0 38.9591363654863,6.83899008730902,0 38.9576998040274,6.83621357964885,0 38.9577113284769,6.83619383756437,0 38.958370408806,6.83506478958328,0 38.9589931826016,6.83315009537558,0 38.9588257844995,6.83049336853141,0 38.9588243814996,6.83048144021819,0 38.9585386385947,6.82805204022658,0 38.9581077523836,6.82637659835751,0 38.9570541396422,6.8261850308833,0 38.9559047476827,6.82594558366091,0 38.9545159094587,6.82556250507402,0 38.9525046076908,6.82383903786308,0 38.9508764159927,6.82249855105736,0 38.9497750325292,6.82125385126709,0 38.9473806330967,6.81953032263686,0 38.9462552317198,6.81907544592157,0 38.9452017213607,6.81816582198598,0 38.9445313347619,6.81735197732797,0 38.9428553356368,6.81567637693984,0 38.9413708948003,6.81414440014943,0 38.9403653131052,6.81309116529753,0 38.9413712725836,6.81103293333382,0 38.9426165793993,6.80978849587171,0 38.9418301219915,6.80870265736523,0 38.9460345128135,6.80062911475898,0 38.9494362892378,6.79409657624195,0 38.9321167885585,6.78499533827545,0 38.9318928477828,6.78446603084462,0 38.9311266859278,6.78413084133838,0 38.9307915993273,6.78322128706081,0 38.9307439574133,6.78149800449477,0 38.9300736455588,6.78068413926684,0 38.9295084332433,6.78004363154153,0 38.9286846878838,6.78086681092142,0 38.9274334873669,6.78016134183261,0 38.9266924308297,6.78011184574479,0 38.9258525885852,6.77991417911799,0 38.9255067513244,6.77996351096733,0 38.9249632588128,6.78025973595369,0 38.9241727749964,6.78035838270979,0 38.9236239987437,6.7805321048751,0 38.9199809419681,6.77861749109073,0 38.9095927445612,6.76103054501918,0 38.8966333776358,6.75588975373854,0 38.8638509539797,6.74288342993713,0 38.865077411368,6.73303274814315,0 38.8695922704079,6.69676646957547,0 38.8426393680918,6.68299976319303,0 38.843329509241,6.68226093985091,0 38.8443670533658,6.68142172648307,0 38.8460466241733,6.68087902093206,0 38.84782491845,6.68053387946364,0 38.8496032706922,6.67999119211178,0 38.8511839686966,6.67969536289203,0 38.8523201636821,6.67925124095581,0 38.8532095490119,6.67826380936325,0 38.8535554233814,6.67786883330877,0 38.8544940516152,6.6773752625831,0 38.8552006967943,6.67731343358806,0 38.8564465850248,6.6776875299045,0 38.8571441344675,6.67841028092792,0 38.8577170569875,6.67923265685952,0 38.8600509037792,6.67985348709203,0 38.8644110201568,6.68075668362325,0 38.8649377049118,6.67917836766397,0 38.8647124580669,6.67812599874807,0 38.8652389333273,6.67729933018379,0 38.8662168024355,6.67527014676636,0 38.8671726432567,6.6728461237984,0 38.867189413952,6.67284024885604,0 38.8672002639221,6.67283528799561,0 38.8681840786218,6.67208623420943,0 38.8684724789108,6.67176285269132,0 38.8686169873919,6.67152219113748,0 38.8689059655406,6.67118528791799,0 38.8691226893118,6.67096871539244,0 38.8695079946495,6.67051148730153,0 38.8706537055783,6.66993462761798,0 38.8719320109407,6.66880748835668,0 38.8733606835237,6.66760521936751,0 38.8742631697971,6.66617731774808,0 38.8750903982924,6.66505005473961,0 38.8761812828348,6.66399787177947,0 38.8760668152918,6.66370007850667,0 38.8769848694918,6.66274533627687,0 38.8770400157843,6.66268798600814,0 38.8787838606076,6.66069562932135,0 38.8800594337437,6.65892250308196,0 38.8802387538795,6.65867323559208,0 38.8818278398717,6.65815973335261,0 38.8837487251095,6.65703122620055,0 38.884762855353,6.65610462397525,0 38.88544917513,6.65547753619548,0 38.8871217941841,6.65310946208643,0 38.8878138649164,6.65212962812434,0 38.8879282160564,6.65166031316723,0 38.8905574907445,6.65046978211062,0 38.892977891703,6.64938384148959,0 38.8943610199476,6.64854459357504,0 38.8951083618187,6.64817116615541,0 38.8955465279405,6.64795222507326,0 38.8953984596154,6.64745834374286,0 38.8957443619648,6.64666825656392,0 38.8964360496815,6.64563131647331,0 38.8964856777981,6.64449547153304,0 38.8972267410764,6.64350792550904,0 38.8978690919407,6.64217466280506,0 38.8985608294976,6.64084140925503,0 38.898571484597,6.64071034316143,0 38.8987093735626,6.63901419362337,0 38.8987096561319,6.6376314128236,0 38.8987872492166,6.63681852353672,0 38.9074276254372,6.63647404724291,0 38.9112897779373,6.63642326834824,0 38.9132299706399,6.63941202832484,0 38.9136743436365,6.64020226668543,0 38.9145137972735,6.64123949818216,0 38.9149087242202,6.6423754222066,0 38.9161432827938,6.64356087376878,0 38.91668633723,6.64499313164695,0 38.9175255172593,6.6477588343341,0 38.9179204233929,6.64909229594307,0 38.9182655895743,6.65254930529247,0 38.9188581728016,6.65324079323594,0 38.9204386279704,6.65368551521266,0 38.9223153732703,6.65452535902594,0 38.9231055695965,6.65496994777702,0 38.9245376933589,6.65650110428031,0 38.9252289692386,6.65788399005928,0 38.9262660302796,6.65902000142176,0 38.927797060976,6.65985977288132,0 38.9294761325412,6.66168726124755,0 38.9301676109765,6.66178612951281,0 38.931106099594,6.6615393361493,0 38.9317975440757,6.66188512725472,0 38.9323408124189,6.6622308971261,0 38.9336250207262,6.66218168630899,0 38.9345634495474,6.66237935160528,0 38.9356005995533,6.6630708782683,0 38.9366870183472,6.66475010957109,0 38.9370820586623,6.66554032042928,0 38.9376746651433,6.666379940958,0 38.9378227688599,6.66697257988052,0 38.9375262929679,6.66791085781123,0 38.9373286710109,6.66830591289913,0 38.936933464017,6.66879971272231,0 38.9375754922195,6.6694417995467,0 38.9382669461569,6.66983696664748,0 38.9385117146397,6.6692669275306,0 38.939084115413,6.66900287172721,0 38.9390840719301,6.66935504077203,0 38.9393041534582,6.67023217543335,0 38.9404929041108,6.66997150850038,0 38.9414174165415,6.67067595721837,0 38.9412412135957,6.67142429546989,0 38.9420337113431,6.6715564526076,0 38.9425620229086,6.67182064117566,0 38.9429581321956,6.67309729985832,0 38.9433983784227,6.67344951959332,0 38.9435744176387,6.67410985666139,0 38.9443226429571,6.67644306129155,0 38.94467473135,6.67771971344838,0 38.9448947979724,6.67842407601585,0 38.9456433128299,6.67824807465894,0 38.9462597686333,6.67780793105291,0 38.9470963685874,6.6773678103355,0 38.948020992573,6.67723584533386,0 38.9485052613957,6.67772012851727,0 38.9488133735043,6.67860058305604,0 38.9494738109266,6.678600651207,0 38.9496059794599,6.67780828452995,0 38.9499582658377,6.67728006693205,0 38.9506187544382,6.67675188003452,0 38.9507508898218,6.67626766086091,0 38.9512352736528,6.67560739209231,0 38.9518517254938,6.67512322025354,0 38.9535468238945,6.67525544625113,0 38.9540110858008,6.67504126190997,0 38.953408845498,6.67455946113643,0 38.9527554445528,6.67297738951238,0 38.9517924924105,6.67118893772212,0 38.9517925730815,6.67036354140156,0 38.9516551931931,6.66823125398794,0 38.9512425847754,6.66664920357038,0 38.9506234396815,6.66664914203671,0 38.9494539856735,6.66623632546934,0 38.9488348411144,6.66623626169656,0 38.947596668848,6.66513560323704,0 38.946358390008,6.66506668724199,0 38.9454641102467,6.66472267410466,0 38.9439506895632,6.66437858947515,0 38.9433315868633,6.66403460364193,0 38.9427813980588,6.66265887943892,0 38.9422312364249,6.66107680544332,0 38.9416121553202,6.66059525136723,0 38.9402363110734,6.66045752079705,0 38.9385165368522,6.66004461156205,0 38.9378286504873,6.6597006102904,0 38.9370031968922,6.65921902446424,0 38.9361088720904,6.65935647574748,0 38.9345267182307,6.65873722132547,0 38.93328845754,6.65866827271336,0 38.9324630289584,6.65804911326693,0 38.9317065375972,6.65639821634152,0 38.9308123416786,6.65564147854906,0 38.9295398206194,6.65467833625379,0 38.9276828636044,6.65172039720219,0 38.9272704465314,6.64945049598641,0 38.9263074580802,6.64883130604266,0 38.9252068478732,6.64848722568976,0 38.9243814884432,6.64759292056842,0 38.9238314233292,6.64587325977205,0 38.9229373869075,6.64429111102366,0 38.9228000519935,6.64270907910955,0 38.9221125035353,6.64043913016541,0 38.9209433990679,6.63837545281135,0 38.9207372602453,6.63693097522745,0 38.9211430552906,6.63629358288249,0 38.9238879398213,6.63625742076846,0 38.9244172904965,6.638375994594,0 38.926205039949,6.64367256098027,0 38.9277182740936,6.64477331324084,0 38.9281996702395,6.64573634623695,0 38.9286123763315,6.64601153817526,0 38.9303321513371,6.64601178310458,0 38.9323957687153,6.64683746599149,0 38.9331523595674,6.64766296556825,0 38.93384029031,6.64752549183282,0 38.9343904923991,6.64848852804201,0 38.9350095784361,6.64876374198608,0 38.9364541270006,6.64931419410027,0 38.9371419630581,6.64993332955866,0 38.938655377314,6.64993351945622,0 38.9398935668837,6.65041515288095,0 38.9409253016657,6.65158458931837,0 38.9445710508518,6.65351093713565,0 38.9461188198258,6.65399258963176,0 38.947012999609,6.65509321531568,0 38.947219251627,6.65626254947557,0 38.9487325499662,6.65756958689396,0 38.9511401765334,6.65873914276554,0 38.9518280441622,6.65935825782538,0 38.9518967901699,6.65983974593286,0 38.951346392368,6.6603899565081,0 38.9517590900827,6.66100904446908,0 38.9521030556554,6.66100907793088,0 38.9532037324673,6.66114674951028,0 38.9543043971832,6.66142198475262,0 38.9551738191374,6.66194366923822,0 38.9554395093902,6.66114695619951,0 38.9563338201789,6.66114703604257,0 38.9564713700863,6.6615597465285,0 38.9576408662184,6.66142228206028,0 38.9589479651852,6.66107847708834,0 38.960117453971,6.661009789806,0 38.9610118188513,6.6603220305451,0 38.9625940584919,6.6603221528455,0 38.9636259893748,6.65984074840633,0 38.9648642431373,6.66011597026761,0 38.9654834618412,6.65894670170611,0 38.9657586427311,6.65880915470122,0 38.9664465569239,6.65901555109693,0 38.9665842216928,6.65784624815861,0 38.9682352373472,6.6579839231568,0 38.9688543977212,6.65757126408812,0 38.9691296112826,6.6568834505557,0 38.9686481637362,6.65530140936752,0 38.9671723514169,6.65357963068198,0 38.9672252409373,6.65332111203165,0 38.9676395433967,6.65179587618563,0 38.9678324207972,6.65095184516425,0 38.9679345238322,6.65038087095875,0 38.9680792746372,6.6485734542596,0 38.9680850646695,6.64850115730445,0 38.9680865772053,6.64843850184944,0 38.9681494116374,6.64583562561736,0 38.9683489215149,6.64451918761224,0 38.9684093533792,6.64412043498019,0 38.9684295017381,6.64295980481736,0 38.9682071429408,6.64237467383144,0 38.9679461134554,6.64168778010968,0 38.9675254694006,6.64090137711996,0 38.9673809643892,6.64006995474177,0 38.9672880778239,6.63953552217454,0 38.9672174187819,6.63916108267056,0 38.9670761010142,6.63841220361717,0 38.9667331529678,6.63429373710386,0 38.9669874419851,6.63241742905612,0 38.9671260807928,6.63085881827713,0 38.9663748397562,6.62748430660554,0 38.966074894418,6.62643441200616,0 38.9659463469695,6.6259844577006,0 38.9660903667038,6.62485679315004,0 38.9661904571264,6.62407308893691,0 38.9662403824335,6.62153220556466,0 38.9662423761022,6.6214307368444,0 38.9661555535638,6.61989425637947,0 38.9661740569215,6.61987793313254,0 38.9677562701299,6.61829602501325,0 38.9692696267797,6.61767707213982,0 38.9712644491402,6.61774597460002,0 38.9736031931614,6.61809002020254,0 38.9760795082891,6.61857162783355,0 38.9798628233684,6.6181590962839,0 38.9817200925938,6.61774646885432,0 38.9824079565985,6.61795284325196,0 38.9842652360255,6.61712750711692,0 38.9852970823834,6.61575187467231,0 38.9838526343266,6.61341320088765,0 38.9833024366917,6.61059307100925,0 38.9833712595952,6.60949254182208,0 38.983691366604,6.60934093123269,0 38.9969620928425,6.61648791012347,0 39.0048651372841,6.62074384547898,0 39.0059881547149,6.61953362015884,0 39.005558353203,6.62085577435307,0 39.0053109885685,6.62161671335631,0 39.0054001933626,6.6226320462687,0 39.0054893999832,6.62364737896205,0 39.0055160123741,6.62364443467735,0 39.0061843102002,6.62357049649496,0 39.008433028111,6.62326517982833,0 39.0095771766641,6.62289430237328,0 39.0115561851223,6.62300166872152,0 39.0120786223774,6.62231082099164,0 39.0125776456415,6.6219594964171,0 39.0126824941506,6.62188568037665,0 39.0130596299275,6.62170073204475,0 39.0134226313253,6.62152271484651,0 39.0142714595477,6.62115592115332,0 39.0162356033765,6.62030717220561,0 39.017846200085,6.61948285917823,0 39.0188738469074,6.6191424925369,0 39.0199014923172,6.61880212377103,0 39.0206930834504,6.61863261313594,0 39.0235982119981,6.61801049965102,0 39.0260617453528,6.61751797076217,0 39.0312740587455,6.6166001388328,0 39.0317535330852,6.61653290172892,0 39.0346942727302,6.6161205087453,0 39.0358762991343,6.61628041568197,0 39.0363507427088,6.61652569786707,0 39.0371036072024,6.61691491921562,0 39.0370736055883,6.61808833122496,0 39.0375576645684,6.61947094202965,0 39.0379193118326,6.61950104982776,0 39.039405105743,6.61933585465303,0 39.0407808434526,6.61922569062485,0 39.0420465441127,6.61939066481985,0 39.0433673282934,6.62016092291865,0 39.044743047525,6.6198306417692,0 39.0458987114242,6.62021572217445,0 39.0469993106698,6.62021561933536,0 39.0484851786703,6.62082076850727,0 39.0505763476865,6.62109569278481,0 39.0516769316385,6.62093049998485,0 39.052282256255,6.62087541015235,0 39.0523547334507,6.62107464441744,0 39.0528435707543,6.62095238793563,0 39.0533278020269,6.6206441876539,0 39.054670451794,6.61989568099532,0 39.0554188685151,6.61998364057385,0 39.0565194620767,6.61993949543908,0 39.0577081441762,6.62024750742502,0 39.0589849384026,6.62108376073671,0 39.0597333523311,6.62112769257551,0 39.0607899077684,6.62095147960666,0 39.0614942376902,6.62051118079173,0 39.0621104194599,6.61927851006278,0 39.0629908579139,6.61897025075827,0 39.0637390940079,6.61764951879912,0 39.064883601834,6.6168129675899,0 39.0662482354223,6.61606442693091,0 39.0671286596271,6.61571213912009,0 39.0681851706297,6.61531580443261,0 39.0689336070543,6.61557982860874,0 39.0698580086885,6.61491938134948,0 39.0701220813259,6.61443511076878,0 39.0708264250154,6.61421490489573,0 39.0712225475615,6.61359855125234,0 39.0721909785367,6.61302613581657,0 39.0736436826848,6.61258571074642,0 39.0740838105531,6.6118813058791,0 39.0745520789985,6.61202530541101,0 39.0744580012473,6.61183722881974,0 39.0747221206506,6.61170512557309,0 39.0749071075829,6.61166810092448,0 39.0723159486635,6.60838709970531,0 39.071214982681,6.60563593127455,0 39.0712835810963,6.60432904098828,0 39.0723836551917,6.60095850619586,0 39.0724126823389,6.60094966744194,0 39.0722460059293,6.6004082606152,0 39.0728646760932,6.59772562589825,0 39.0731685194365,6.59559652632955,0 39.0728299123811,6.59518065241537,0 39.0737583331788,6.59407998470766,0 39.0740332541464,6.59263549656513,0 39.073482661289,6.59043451498089,0 39.0734824689772,6.58912763379358,0 39.0743765574243,6.58850845242922,0 39.0751330984308,6.58802685663066,0 39.0751574002966,6.58788902437928,0 39.0760410025802,6.58772045803143,0 39.0764489677518,6.5873351935764,0 39.0772001662006,6.58662579221125,0 39.0781842462778,6.58496130734458,0 39.0780857488186,6.58419869264122,0 39.0776174459723,6.58313423924993,0 39.0773378867834,6.58296877297135,0 39.0769041417782,6.58271204944752,0 39.0766305018522,6.58269456488958,0 39.0754184459782,6.58263616104159,0 39.0753264777307,6.58263172911464,0 39.0752010015668,6.58218027167313,0 39.0736876823403,6.58142388134191,0 39.0741022531608,6.581206643345,0 39.071658463494,6.58039242755335,0 39.0695260993928,6.5794985462599,0 39.0682880268435,6.57949871684068,0 39.0664996906252,6.57943017456508,0 39.0647802079012,6.5799118830751,0 39.0634046227869,6.58032475894757,0 39.0623041119016,6.58032489727354,0 39.062165847199,6.57468468620401,0 39.0623719335641,6.57262116210116,0 39.063747498442,6.57220828913529,0 39.0669799941684,6.57069463492089,0 39.0687666681341,6.57019805615546,0 39.0826596459392,6.58470575266744,0 39.0833534278353,6.60904170736137,0 39.0834772802181,6.61338579958583,0 39.0674645441754,6.62423177314679,0 39.0493151493259,6.63781282534941,0 39.0452135069411,6.6408818575281,0 39.0407389109931,6.65014580506491,0 39.0257657975723,6.66741690214289,0 39.0112524067088,6.69179478138852,0 39.0108182612815,6.70989053363572,0 39.0101132503572,6.716392742902,0 39.007959344455,6.73625681184814,0 39.0156082879368,6.73908162587586,0 39.0311856434617,6.74483399093535,0 39.0555575847434,6.7565823446769,0 39.0712056510477,6.759567729724,0 39.0766397862418,6.77183696750994,0 39.0787131929452,6.78138150118833,0 39.0662772625479,6.78046523254621,0 39.059529856492,6.77996795462907,0 39.0489347814239,6.78777817373911,0</coordinates></LinearRing></outerBoundaryIs></Polygon></MultiGeometry>
  </Placemark>
  <Placemark>
	<name>Oromiya</name>
	<description>&lt;html xmlns:fo=&quot;http://www.w3.org/1999/XSL/Format&quot; xmlns:msxsl=&quot;urn:schemas-microsoft-com:xslt&quot;&gt;

&lt;head&gt;

&lt;META http-equiv=&quot;Content-Type&quot; content=&quot;text/html&quot;&gt;

&lt;meta http-equiv=&quot;content-type&quot; content=&quot;text/html; charset=UTF-8&quot;&gt;

&lt;/head&gt;

&lt;body style=&quot;margin:0px 0px 0px 0px;overflow:auto;background:#FFFFFF;&quot;&gt;

&lt;table style=&quot;font-family:Arial,Verdana,Times;font-size:12px;text-align:left;width:100%;border-collapse:collapse;padding:3px 3px 3px 3px&quot;&gt;

&lt;tr style=&quot;text-align:center;font-weight:bold;background:#9CBCE2&quot;&gt;

&lt;td&gt;Oromiya&lt;/td&gt;

&lt;/tr&gt;

&lt;tr&gt;

&lt;td&gt;

&lt;table style=&quot;font-family:Arial,Verdana,Times;font-size:12px;text-align:left;width:100%;border-spacing:0px; padding:3px 3px 3px 3px&quot;&gt;

&lt;tr&gt;

&lt;td&gt;FID&lt;/td&gt;

&lt;td&gt;10&lt;/td&gt;

&lt;/tr&gt;

&lt;tr bgcolor=&quot;#D4E4F3&quot;&gt;

&lt;td&gt;R_NAME&lt;/td&gt;

&lt;td&gt;Oromiya&lt;/td&gt;

&lt;/tr&gt;

&lt;tr&gt;

&lt;td&gt;R_CODE&lt;/td&gt;

&lt;td&gt;4&lt;/td&gt;

&lt;/tr&gt;

&lt;tr bgcolor=&quot;#D4E4F3&quot;&gt;

&lt;td&gt;Z_NAME&lt;/td&gt;

&lt;td&gt;West Arsi&lt;/td&gt;

&lt;/tr&gt;

&lt;tr&gt;

&lt;td&gt;Z_CODE&lt;/td&gt;

&lt;td&gt;417&lt;/td&gt;

&lt;/tr&gt;

&lt;tr bgcolor=&quot;#D4E4F3&quot;&gt;

&lt;td&gt;W_NAME&lt;/td&gt;

&lt;td&gt;Adaba&lt;/td&gt;

&lt;/tr&gt;

&lt;tr&gt;

&lt;td&gt;W_CODE&lt;/td&gt;

&lt;td&gt;41710&lt;/td&gt;

&lt;/tr&gt;

&lt;tr bgcolor=&quot;#D4E4F3&quot;&gt;

&lt;td&gt;RK_NAME&lt;/td&gt;

&lt;td&gt;Abamodele&lt;/td&gt;

&lt;/tr&gt;

&lt;tr&gt;

&lt;td&gt;RK_CODE&lt;/td&gt;

&lt;td&gt;41710009&lt;/td&gt;

&lt;/tr&gt;

&lt;tr bgcolor=&quot;#D4E4F3&quot;&gt;

&lt;td&gt;COUNT&lt;/td&gt;

&lt;td&gt;3&lt;/td&gt;

&lt;/tr&gt;

&lt;/table&gt;

&lt;/td&gt;

&lt;/tr&gt;

&lt;/table&gt;

&lt;/body&gt;

&lt;/html&gt;

</description>
	<Style><LineStyle><color>ff0000ff</color></LineStyle><PolyStyle><fill>0</fill></PolyStyle></Style>
	<ExtendedData><SchemaData schemaUrl="#1340_RR">
		<SimpleData name="altitudeMode">clampToGround</SimpleData>
		<SimpleData name="tessellate">-1</SimpleData>
		<SimpleData name="extrude">0</SimpleData>
		<SimpleData name="visibility">-1</SimpleData>
		<SimpleData name="snippet"></SimpleData>
	</SchemaData></ExtendedData>
      <MultiGeometry><Polygon><outerBoundaryIs><LinearRing><coordinates>39.3778811071607,7.0101241013064,0 39.3774226538317,7.01015718927118,0 39.3779737907441,7.00933149118652,0 39.3778811071607,7.0101241013064,0</coordinates></LinearRing></outerBoundaryIs></Polygon><Polygon><outerBoundaryIs><LinearRing><coordinates>39.3771620244886,7.01216492027022,0 39.3779429564285,7.01234431397564,0 39.3774029426938,7.01300482609592,0 39.3778238022945,7.01354455158413,0 39.379325708103,7.01402339774917,0 39.3818495301681,7.01558153621728,0 39.3828123675817,7.01786102001301,0 39.3825150630647,7.01878772623261,0 39.3815521568653,7.01918220103849,0 39.3808918229509,7.01960278672903,0 39.3781905103535,7.02140518322582,0 39.3759696721504,7.02320718028541,0 39.3729668129026,7.02350961285784,0 39.3714256008319,7.0234175188442,0 39.3711847051658,7.01950247337343,0 39.376721764257,7.01120723772291,0 39.3771620244886,7.01216492027022,0</coordinates></LinearRing></outerBoundaryIs></Polygon><Polygon><outerBoundaryIs><LinearRing><coordinates>39.6374678115427,7.20515073397726,0 39.6350002472447,7.2071799949575,0 39.6144817884767,7.22405268317218,0 39.5455058802545,7.21981926217619,0 39.5463694818992,7.21825511327405,0 39.5466694071476,7.21783471818715,0 39.547449801603,7.21723373180113,0 39.5499107812131,7.21513059557751,0 39.5506913116438,7.2146496143489,0 39.5509267937151,7.21062898626133,0 39.5509907972228,7.21052644146078,0 39.5506550019089,7.21004477922442,0 39.5502697643042,7.20946919361065,0 39.5496914469158,7.20822178194502,0 39.5496905791176,7.20750172104425,0 39.5493528922721,7.20649403998083,0 39.5489674285246,7.20572643654835,0 39.5486292254188,7.20428671797105,0 39.5481006590095,7.20443136391039,0 39.5477166973221,7.20491186523496,0 39.546563312311,7.20510526124577,0 39.5455547595406,7.20582652755897,0 39.5448828478996,7.20669140346616,0 39.5444983079041,7.20669186140186,0 39.5437784398522,7.20765280134183,0 39.5427935679513,7.20808600897039,0 39.5412082463513,7.20885595501792,0 39.5413001665178,7.20530353567134,0 39.5403836461967,7.20256837922959,0 39.5389858464716,7.19930574015176,0 39.5388298097305,7.19939168795264,0 39.5388851444211,7.19877574945535,0 39.5377545189911,7.19532677360777,0 39.5388777132753,7.19247520181752,0 39.5394003383101,7.18984935485759,0 39.5411964150481,7.18444676118944,0 39.5417203523468,7.1829460102608,0 39.5414672428614,7.18260978656517,0 39.5376585230255,7.17755030591794,0 39.5322556242627,7.18130693782544,0 39.5308293923158,7.18190864368323,0 39.529775887263,7.18010969830062,0 39.5288740653673,7.17958569062484,0 39.5253445656515,7.1798147636432,0 39.5227915494451,7.18019271247342,0 39.52197096082,7.18013901336919,0 39.5216649431481,7.1801189872725,0 39.5204644292952,7.18109543954231,0 39.5205404689951,7.18192042905921,0 39.5192634848398,7.18169685498138,0 39.5182129104566,7.18244811152886,0 39.5183641334176,7.18334802361822,0 39.5173136386033,7.18417428524882,0 39.5166378043316,7.18425005370951,0 39.5158121882127,7.18470102426877,0 39.514760925998,7.18485221894217,0 39.5139362335321,7.18612826171635,0 39.5125097907489,7.18657989958275,0 39.5114586903519,7.186881100818,0 39.5102576340656,7.18740748756144,0 39.5094322559896,7.18808346812208,0 39.5088318505035,7.18845916974784,0 39.5081561743398,7.18868494006845,0 39.5074805806797,7.18898571635725,0 39.5067299661242,7.18936158164941,0 39.50582939289,7.18996263235445,0 39.5050040862086,7.19071361259174,0 39.5042537147863,7.19131449498888,0 39.5035030935192,7.19169035541051,0 39.5028638062222,7.19086597965194,0 39.5012801410949,7.18494215459702,0 39.5021772552431,7.18119081891354,0 39.5020313673278,7.18118187263286,0 39.5023370221232,7.18070895789201,0 39.4983845935802,7.17189992568489,0 39.4978845091555,7.17106952950169,0 39.4985619811281,7.17071246882627,0 39.4996430303455,7.17035126059544,0 39.4998830233923,7.17005097103349,0 39.4994557996006,7.16393085009461,0 39.499498762755,7.16387129916959,0 39.5017953456793,7.16068799487786,0 39.5016745325767,7.16008806921606,0 39.4996904996863,7.15877010064387,0 39.497225461228,7.15709260761483,0 39.4928373608253,7.1548771092586,0 39.4924765708561,7.15457746596843,0 39.4930364435113,7.15427379128553,0 39.4928062922366,7.15391704921592,0 39.4928053271592,7.15301696275978,0 39.4937063656118,7.15289598650694,0 39.4945447437541,7.15037484289421,0 39.4961614629102,7.14539262254356,0 39.4983157192049,7.13752953834782,0 39.4990948188369,7.13578852806283,0 39.4995727560271,7.13332777263281,0 39.5016723186002,7.13050522447263,0 39.5018266413741,7.13058208783496,0 39.5022733934786,7.13080460068066,0 39.5022139722316,7.1314047233276,0 39.5028754508434,7.13200406198124,0 39.5032359007927,7.13200366956913,0 39.5035960229893,7.13170324826886,0 39.5035945811355,7.13038312235146,0 39.5037121349857,7.13020657721049,0 39.503597267046,7.13009209130941,0 39.5037406598671,7.12937186548787,0 39.5040987993254,7.12725927099112,0 39.5045285527224,7.12471455636046,0 39.5030855200314,7.12356401642887,0 39.5009213488701,7.12217422936093,0 39.4993340003983,7.12087981856012,0 39.4993335332002,7.12044777687252,0 39.4999580898975,7.12025508387861,0 39.5011588823558,7.11962972440311,0 39.5014473389068,7.11972542134394,0 39.5029863159973,7.12073184943309,0 39.5051988072394,7.12236159742436,0 39.5057746208548,7.12154488949142,0 39.5060137578911,7.12048852599143,0 39.5063965962648,7.11899996344467,0 39.506491344905,7.1177517391104,0 39.5048558874219,7.11640939498971,0 39.5040861681186,7.11569016356824,0 39.5049988033546,7.11525712737963,0 39.5058153204144,7.11482419448013,0 39.5062955866967,7.11453564184766,0 39.5070403299878,7.11439081326602,0 39.5072645437444,7.11429171221731,0 39.5086735137095,7.11366895311638,0 39.5104991358751,7.1131388940292,0 39.5123736094123,7.11332884315345,0 39.5135750587808,7.1133275127979,0 39.5143919373791,7.11323059730647,0 39.514824619345,7.11337413045474,0 39.5161704030527,7.11351664668211,0 39.5174195877372,7.11322722569969,0 39.519148972144,7.11260123168981,0 39.5202055425885,7.11197598739327,0 39.520409881904,7.11181422265052,0 39.5195420449997,7.11115617966083,0 39.5178137952998,7.11010801396932,0 39.5165359247246,7.10890932524166,0 39.5143564845534,7.10726159036528,0 39.5136788462622,7.10561218301094,0 39.5136775141744,7.10441206906989,0 39.5141266326056,7.10313644886621,0 39.5138619898131,7.10148658323071,0 39.5122102051811,7.1016384239598,0 39.5095819351268,7.10149130322392,0 39.5065774015413,7.1005945053192,0 39.5040993141544,7.10044718902563,0 39.5020726535911,7.10112445219475,0 39.4989206234481,7.10270300698387,0 39.4963677569562,7.10285576009117,0 39.4953908764922,7.10218173737991,0 39.4949976032887,7.10222581185472,0 39.4940394347861,7.10233319322406,0 39.4923886728419,7.10346005991214,0 39.4895362337493,7.10436316859627,0 39.4877336926801,7.10399002995252,0 39.4876571809734,7.10263997522268,0 39.487955561299,7.10076447371389,0 39.4871281639136,7.09941520749074,0 39.4859956978712,7.09356580574366,0 39.4844093777652,7.08449154414722,0 39.4844083601623,7.08351644631498,0 39.4842344596228,7.08351662737118,0 39.4834322410353,7.08351746175776,0 39.4829060921869,7.08299295487344,0 39.4818545765125,7.0826940146367,0 39.4810295633771,7.08359496014828,0 39.4797531765417,7.08367128594461,0 39.4784779488823,7.08487272212013,0 39.4762258962868,7.08540008736895,0 39.4742736476189,7.08540208239522,0 39.472772834495,7.08630370322642,0 39.4711201662596,7.08555530315328,0 39.4694684135631,7.08570698905528,0 39.4681162493599,7.08510828992491,0 39.4665399601458,7.08563492838378,0 39.4645141228765,7.08713711252083,0 39.4640511317691,7.08713757484908,0 39.4624238158083,7.08517961655887,0 39.4620006433279,7.08247975473761,0 39.4609182112325,7.08128070257019,0 39.4604968372033,7.08038102533119,0 39.4603756292341,7.079301031869,0 39.4603750939803,7.07876097568868,0 39.4611555073495,7.07828015282431,0 39.4618763279937,7.07827943820116,0 39.4620559363348,7.0776791970638,0 39.4626559620741,7.07701853201078,0 39.462594997783,7.07611849824847,0 39.4632555673769,7.07593782269967,0 39.4627734095756,7.07431813224134,0 39.4632528760805,7.07323754238031,0 39.4644544701901,7.0734763710466,0 39.4650544872814,7.0728157033585,0 39.4661956522071,7.07269455025658,0 39.4672759647901,7.07179337403379,0 39.4680556342941,7.07059246631748,0 39.4691363015241,7.07005132340479,0 39.4704572955204,7.06956994185851,0 39.4708169090514,7.06878949761266,0 39.4715377139841,7.0687887690031,0 39.4726193480081,7.06920771714126,0 39.4729182195715,7.06776726462479,0 39.4727173891695,7.06734482709652,0 39.4723764596948,7.06662769547977,0 39.472162541032,7.06650586683832,0 39.4727130053852,7.06638631015011,0 39.4736734870392,7.06580927569327,0 39.4743457933737,7.06537654752651,0 39.4736707514117,7.06312099946776,0 39.473910186037,7.062304671558,0 39.4754957378904,7.0621110383986,0 39.4777537825329,7.06167668701403,0 39.47924292767,7.06119511035693,0 39.4798672680673,7.06085843408089,0 39.4796253728477,7.05927451939423,0 39.4792899177017,7.05609850725538,0 39.4788811460876,7.05587949454987,0 39.4765341720831,7.0552255774135,0 39.4731552136256,7.05494773374789,0 39.4718056671836,7.05485922374528,0 39.470339464054,7.05476305833593,0 39.4670554890794,7.05561019267285,0 39.4640531513762,7.05655078472616,0 39.464051751002,7.05514438774863,0 39.4591743936359,7.05814952713092,0 39.4529840255426,7.06218725574448,0 39.452139433061,7.062281835018,0 39.4474480055638,7.06359899896757,0 39.4419120371574,7.06510443856239,0 39.4385338062351,7.0656701884396,0 39.4384509758302,7.06577796928311,0 39.4384282253217,7.06567614772548,0 39.4377222216453,7.06345000649945,0 39.4373685070154,7.06157513427828,0 39.4365437713328,7.05782549776996,0 39.436287485473,7.05734297362762,0 39.435486062424,7.05583408041669,0 39.4324320452257,7.05173490563894,0 39.4313751274669,7.05056387865477,0 39.4284410785475,7.04927737293228,0 39.4266934868539,7.04863596319444,0 39.4265473200009,7.04858231592962,0 39.4262734890431,7.0481532925671,0 39.4245309002136,7.04737479170248,0 39.4235092556077,7.0467756515483,0 39.4214061804083,7.04587745138057,0 39.4196037047256,7.04527900518351,0 39.4171384338363,7.0423408808602,0 39.4152750588076,7.04078236305856,0 39.4140723971851,7.03922325296509,0 39.4123893942386,7.03784458293109,0 39.4114273732449,7.03670530039861,0 39.4110550981275,7.03631499113429,0 39.4090827458643,7.03424707553128,0 39.4032525321867,7.0295115892535,0 39.4005482263987,7.02777370839478,0 39.3986849126228,7.02615511022038,0 39.3968212555956,7.02411645560859,0 39.3967787250413,7.02411550343133,0 39.3968713587881,7.02336998327604,0 39.3973217206352,7.02324958817674,0 39.3981025240971,7.02324892618864,0 39.4005049444866,7.02318687429046,0 39.40086510965,7.02294653904249,0 39.4005026865691,7.02054657226559,0 39.4003194773197,7.01700632047373,0 39.4001969474968,7.01418609939799,0 39.4006172180387,7.01400572033817,0 39.4018780790494,7.01352458787974,0 39.402838635019,7.01304370979003,0 39.4025374570885,7.0120238503697,0 39.4018761250128,7.0112443264983,0 39.4023567098337,7.01136392906569,0 39.4032578198606,7.01160318423292,0 39.4032567880937,7.01040304679717,0 39.4032345009504,7.0102536272532,0 39.403015155851,7.00878306720376,0 39.403014434323,7.00794297087852,0 39.4040344693794,7.00680196382268,0 39.4040342111026,7.00650192943672,0 39.4032531783351,7.00620256528504,0 39.4027722897692,7.0057229219883,0 39.4025916995023,7.00524302115253,0 39.4019897176629,7.00362334867586,0 39.4018989330629,7.00337908549513,0 39.4013877402516,7.00200367507998,0 39.4007862280287,7.00092406261533,0 39.4007852041632,6.99972392426525,0 39.4002443173901,6.99930433579129,0 39.3991022842241,6.99822517997621,0 39.3965790634646,6.99732720749259,0 39.3963212259971,6.99727810177124,0 39.3937558612964,6.99678951399456,0 39.3924938822491,6.99589046224114,0 39.3915931570566,6.99607123325538,0 39.3890904861023,6.99627828342439,0 39.3879298432796,6.99637430079668,0 39.3863090051632,6.99727573944973,0 39.3828879156231,7.00003886031107,0 39.3814481089881,7.00202026362464,0 39.3795288333484,7.00526219919865,0 39.3794889368091,7.00547330986297,0 39.3791999111949,7.00700267033617,0 39.3789723937416,7.0074996939871,0 39.3522498105822,6.97916663627816,0 39.3539980284503,6.97410812250212,0 39.3533720885984,6.9730710665499,0 39.3365675318633,6.94522718386361,0 39.3396754149896,6.92578873432928,0 39.3606023396175,6.91995251415034,0 39.3640056687145,6.91900327494298,0 39.3849573835794,6.89692325632358,0 39.4033125722345,6.85975805673933,0 39.4030018211458,6.83993558964103,0 39.4450966026966,6.82296562670762,0 39.455541771209,6.83620431841206,0 39.4654993178748,6.84882403341027,0 39.4795169242242,6.86266811509118,0 39.4909481631761,6.86727668081415,0 39.4871828628067,6.87986559584699,0 39.5041968862493,6.89650978100128,0 39.4995531518784,6.90446324382864,0 39.5095387574918,6.90173515041926,0 39.5175984158961,6.90961868606736,0 39.4980084964543,6.93423625226407,0 39.4998603220733,6.93577052779485,0 39.5253431846256,6.95688177424497,0 39.5400177282896,6.97603634203578,0 39.5415230863916,6.97800115269815,0 39.5461646133986,6.99990201549765,0 39.5873107368081,6.98717001946119,0 39.5877184836724,7.00561671063579,0 39.590193661567,7.00689676456263,0 39.643692649299,7.0345590106749,0 39.6648743258916,7.05028614864874,0 39.6693362451448,7.05365825619639,0 39.6693306748301,7.05365840158728,0 39.6683687784893,7.05368350707188,0 39.6672982496233,7.05378855016399,0 39.6663353241471,7.05388303281263,0 39.664645380637,7.05404884592498,0 39.6641376035874,7.05409930845481,0 39.6621084021674,7.05430096350963,0 39.6615825846819,7.05435321598848,0 39.6607977916151,7.05437256070085,0 39.6611657822975,7.05560203630812,0 39.6610253047846,7.05789976187292,0 39.6611773612308,7.05891519326694,0 39.6613155316361,7.05983788868002,0 39.6611035939414,7.06242290595428,0 39.6611058369943,7.06400245191594,0 39.6611415269397,7.06474627311249,0 39.6611821544622,7.06559299358617,0 39.661208772652,7.06614774145672,0 39.6612539628915,7.06708954213791,0 39.6612560053151,7.06852653422714,0 39.6612583514448,7.07017683570048,0 39.6603976373679,7.071398616663,0 39.6600734461487,7.07218831457348,0 39.6598962739555,7.07261988751258,0 39.6594477135816,7.07337702746707,0 39.6590730893624,7.07404246326827,0 39.658533979509,7.0749193413232,0 39.6585369810217,7.07703736879621,0 39.657532097983,7.07797215907105,0 39.657029807262,7.07854724985405,0 39.6564557447241,7.07919423912788,0 39.6561695750702,7.08012801283987,0 39.6557411806184,7.08213895249777,0 39.6538736066115,7.08293135596287,0 39.653126970846,7.08350484541138,0 39.652245199229,7.08418212922533,0 39.6517197440368,7.08458572674446,0 39.6510652211243,7.08495308023686,0 39.6499243270012,7.08559340797656,0 39.6489193075649,7.0864563849446,0 39.6476985637433,7.08724786282095,0 39.6461010267275,7.08784656689055,0 39.644321408153,7.08789873591797,0 39.6429563072517,7.08825961522065,0 39.6416604957026,7.08675365008038,0 39.6407963286475,7.08553427754368,0 39.6402209462018,7.08524787838402,0 39.639357181444,7.08431569366204,0 39.6381332657312,7.08280961761806,0 39.6378450836576,7.08230742716403,0 39.6373413825547,7.08187732969331,0 39.6370535959835,7.08166232992287,0 39.6362631926636,7.08180700738348,0 39.6349704646764,7.08252675328357,0 39.6335345743418,7.08367747895641,0 39.6331758944475,7.0841805534028,0 39.6324942370424,7.08515615430409,0 39.6321716258566,7.08561787984455,0 39.6317411673329,7.0861928490028,0 39.6313106100803,7.08669601994809,0 39.6308800519069,7.08719919056641,0 39.630418450239,7.08775992026824,0 39.6299584062314,7.08831875610848,0 39.6292089806983,7.08936985218976,0 39.6280089381605,7.09034655066247,0 39.6274836451701,7.09057227764676,0 39.6262819748779,7.09034888115309,0 39.6253058649391,7.09035019554862,0 39.6247809745854,7.09087594244574,0 39.6241805936016,7.09110176682958,0 39.6238053677733,7.09125228241607,0 39.6232232554633,7.09128940996634,0 39.6227374595468,7.09222081247633,0 39.6223809571593,7.09290432175489,0 39.6209553306925,7.09365628840943,0 39.620957943528,7.09560643804616,0 39.6208839627453,7.09643160170986,0 39.6210809141981,7.09701919730907,0 39.6211863063518,7.09733362921046,0 39.6213362919662,7.09778110244564,0 39.6211532780508,7.09835249152829,0 39.6208763006158,7.09921724235849,0 39.6206633262624,7.09988216726319,0 39.6185620921416,7.1007850433043,0 39.6176043581581,7.10140589256234,0 39.616011323019,7.10243856684758,0 39.6152366465058,7.10292874293809,0 39.6145858556832,7.10334052869962,0 39.6137954852562,7.10337666165167,0 39.6127101535658,7.10446809947282,0 39.613688085972,7.10581691381781,0 39.6140548226511,7.10779089730962,0 39.6142174864527,7.10866643873285,0 39.6135454712585,7.11151755445673,0 39.6138073935942,7.11235142025819,0 39.6135210258177,7.11321337774738,0 39.6128173471484,7.11464683064991,0 39.6125488880868,7.11514642529823,0 39.6121267465662,7.11572302907127,0 39.6121283237805,7.1169135212856,0 39.6119376706642,7.11810426756744,0 39.6112852555172,7.11898839948182,0 39.6112473175713,7.1193724800124,0 39.6126698279436,7.11937059935239,0 39.6152841191611,7.11932872865913,0 39.6158637827681,7.12155533229622,0 39.6161353164295,7.12335991200285,0 39.6159083644265,7.12473381034479,0 39.6164936016362,7.12543065336148,0 39.6165817615985,7.12658516889628,0 39.61662195364,7.12789081704326,0 39.6161993968096,7.1281602013757,0 39.6152380186428,7.12800786973977,0 39.6145455647021,7.12770156664703,0 39.6129959754703,7.12688955016401,0 39.6123525616197,7.12655238567179,0 39.6117720828983,7.12619283261696,0 39.6101706869466,7.12520090846486,0 39.6091973355588,7.1245979977508,0 39.6075050746894,7.12413938672068,0 39.6067747396562,7.12425555449888,0 39.605812086641,7.12503222633907,0 39.6053921203302,7.12537105525226,0 39.6048158213905,7.12567903386745,0 39.6040854829168,7.12579519765403,0 39.6027563306305,7.1262589003989,0 39.6025482864484,7.126885042818,0 39.6023983362268,7.12733634114691,0 39.6022822228663,7.12803786582876,0 39.6020914917077,7.12919020699278,0 39.6019704278497,7.1299216366843,0 39.6018418218839,7.13043833161274,0 39.601652178329,7.13120025294528,0 39.601448310919,7.13201931832145,0 39.6013268725132,7.13250721263724,0 39.6011463714119,7.1329415079143,0 39.6009685902076,7.13336925819146,0 39.6005381446096,7.13401600251019,0 39.5998919599726,7.13459122845302,0 39.5993903773811,7.13581245064451,0 39.5987443754604,7.13653127162746,0 39.5983142037386,7.13739340884223,0 39.5976624154529,7.13874539285466,0 39.5973342807301,7.13906534759373,0 39.5969462689447,7.13944368590326,0 39.5962032329456,7.14016819484114,0 39.5957805555921,7.14041450329935,0 39.5952954406784,7.14069719547148,0 39.5947966249735,7.14098787067556,0 39.5943979084168,7.14151463259747,0 39.5935139958726,7.14182299529187,0 39.5937071780504,7.14255240617663,0 39.5946311771827,7.14351129427231,0 39.5953241418087,7.14420165660897,0 39.5959970387679,7.14423919083537,0 39.5971128399118,7.14485219746415,0 39.5989207168351,7.14546430296122,0 39.6004661946199,7.14549697550084,0 39.6009846590977,7.14568263945179,0 39.601775467894,7.14575340653623,0 39.6026384421201,7.14603947262019,0 39.6033569917265,7.14582313848527,0 39.6046494734063,7.14474447283589,0 39.605655362597,7.14438416224285,0 39.6062430225005,7.14434886014099,0 39.606877277288,7.14431075813369,0 39.6081215105906,7.14450792027085,0 39.60867472895,7.14459558251717,0 39.6097525918941,7.14430696643676,0 39.6106866877136,7.14401853828723,0 39.6111914021175,7.1439863597645,0 39.6118367167455,7.14394521634083,0 39.6125130885658,7.14392252510455,0 39.614064986067,7.14387045757961,0 39.614626085485,7.14403448063678,0 39.6152874720939,7.14422781903619,0 39.6161879576506,7.14465239053545,0 39.6166541102032,7.14487217657657,0 39.6172809751454,7.14628496094393,0 39.6178582689161,7.14670662034026,0 39.6185508575619,7.14708972132683,0 39.6193971896567,7.14743421172945,0 39.6202157015713,7.1482920583378,0 39.6210073512171,7.14835974200442,0 39.6215976093732,7.14841020639933,0 39.6232018346088,7.14843717306932,0 39.623481755127,7.14844187789788,0 39.6237157312371,7.14844581037454,0 39.6247920212622,7.14846389823325,0 39.6252274570904,7.14847121534248,0 39.6261575906271,7.14848684402352,0 39.6267542098671,7.14849686780024,0 39.6270407437836,7.14850168157052,0 39.6276975782497,7.14851271571712,0 39.6282061184783,7.14852125802823,0 39.6292887971988,7.14947985313787,0 39.6318555919805,7.15246258985323,0 39.6328874202634,7.15385445340705,0 39.6345236853729,7.15547311809341,0 39.635021602291,7.15605921389938,0 39.6362949813866,7.15755809288253,0 39.6371713862945,7.15858969010239,0 39.6375322735023,7.15903897416432,0 39.6379257060723,7.1595287739276,0 39.6382596669485,7.1599445338615,0 39.6393379192686,7.16128688173253,0 39.6396568355807,7.16167177042825,0 39.6413846023416,7.16375693417388,0 39.6423395425326,7.16490939667099,0 39.6428931428376,7.16557750127345,0 39.6432724030078,7.16603520435939,0 39.6441466933802,7.16709032042011,0 39.6444531733898,7.16746018670343,0 39.6452087912363,7.16836601499343,0 39.6456359353955,7.16887806951011,0 39.6457392592927,7.16900193252187,0 39.6461445107461,7.16948774045457,0 39.646516858707,7.16993410297613,0 39.6469618661137,7.17046756638753,0 39.647702900075,7.17135589481433,0 39.6506520319161,7.17507198779489,0 39.6520485354076,7.17671384388652,0 39.6531822596481,7.17804674021337,0 39.6543924435247,7.17946951604581,0 39.654985014992,7.18016617931455,0 39.6566702577645,7.18226391444751,0 39.6585217920753,7.18443087960312,0 39.6595890627059,7.1856799587797,0 39.6602082625048,7.18644816918278,0 39.6412423366366,7.20204660438924,0 39.6374678115427,7.20515073397726,0</coordinates></LinearRing></outerBoundaryIs></Polygon><Polygon><outerBoundaryIs><LinearRing><coordinates>39.7102818791014,7.4688602660055,0 39.7094186048185,7.46930241921511,0 39.7090673593992,7.46948231994809,0 39.7069542003447,7.47066020673015,0 39.694479636015,7.47092652914701,0 39.6940816980823,7.47056600167822,0 39.6940165158183,7.47052543027228,0 39.6940455962397,7.47044521949539,0 39.693386143979,7.47013306691226,0 39.6928983353308,7.46982943823682,0 39.6923172850846,7.46925132122552,0 39.6912786965815,7.46882131284495,0 39.691273480391,7.46881806606971,0 39.6912680527388,7.46881690594096,0 39.6900138850371,7.46829763640171,0 39.6892465118861,7.46825097000733,0 39.6879510225828,7.46782220910777,0 39.6871835754105,7.46772767464112,0 39.6861761986934,7.46753778253109,0 39.6858890589902,7.46792114461893,0 39.6858423429661,7.46827027359461,0 39.6837266139371,7.46886995018582,0 39.6802060121438,7.46976116741342,0 39.6774451003593,7.46927758135368,0 39.673891965624,7.46706432085967,0 39.6722182318458,7.46745238669939,0 39.6719465173314,7.46778178382046,0 39.671938265597,7.46778159550255,0 39.6276549995256,7.45342674361047,0 39.6170467702526,7.41656290825595,0 39.6121180076829,7.41241351303187,0 39.611101630894,7.41011626740917,0 39.6110883988952,7.40984669398144,0 39.6109981569239,7.4080081923591,0 39.6121031757397,7.40710315303075,0 39.6125030975027,7.40539595140629,0 39.6107931484667,7.40519751710252,0 39.6121991750994,7.40379010864998,0 39.6123986504693,7.40258513897426,0 39.610988207123,7.40078003156847,0 39.6107855524911,7.39967600468863,0 39.6106812585985,7.39696558129361,0 39.6103762479611,7.39455660626387,0 39.6103342719497,7.39455666370648,0 39.6105901966039,7.39363632695206,0 39.6109495667322,7.39286482923048,0 39.6115143292687,7.39168184682365,0 39.6121815728872,7.39013892069855,0 39.6130811165333,7.38903257796815,0 39.6136966493748,7.38733552007086,0 39.6141079954338,7.38692375153188,0 39.614158633212,7.38630687752426,0 39.6147235929883,7.38527809288424,0 39.6157514520254,7.38388886726838,0 39.6157138355674,7.38373953684485,0 39.6166004829435,7.38350219337606,0 39.6171657900771,7.38273040750483,0 39.6177305247972,7.38154741911997,0 39.6191712733708,7.38087722052955,0 39.6213857047321,7.38118254830789,0 39.6223122088644,7.38097565763452,0 39.6228262300186,7.38035813789135,0 39.6228253674045,7.37974133554081,0 39.6231841309721,7.3785586286139,0 39.6235941649943,7.37722164909057,0 39.6246223384115,7.37608940735724,0 39.6258831034796,7.3755993416221,0 39.6273241085079,7.37513471986109,0 39.6280957714093,7.37467103431236,0 39.62845422781,7.37328272378406,0 39.6277323179412,7.3725127335587,0 39.6276797450935,7.37174180331385,0 39.6287582234573,7.36978707893543,0 39.6280366087861,7.36922268932564,0 39.6280334246403,7.36696108175014,0 39.6287006515179,7.36546953728144,0 39.6290582317256,7.36346442441828,0 39.6300088057961,7.36210098116033,0 39.6302642773987,7.36071281455014,0 39.6323735275678,7.35952763658162,0 39.6327328359503,7.35875612562356,0 39.6327314797629,7.35869765074955,0 39.6326780015748,7.3563917914004,0 39.6320563230812,7.35366845434106,0 39.6316432071692,7.35279523178052,0 39.6311271956536,7.35197355374327,0 39.6311252820024,7.35061787398914,0 39.6311251641116,7.35053434869344,0 39.6300938749398,7.34940499182499,0 39.6297066905559,7.34866023100892,0 39.6300147292794,7.34804299504085,0 39.6288294292939,7.34722225246065,0 39.6281595542985,7.34681198793149,0 39.6274358897411,7.34475698689845,0 39.6273301837228,7.3428039218468,0 39.6268653887529,7.34177656400315,0 39.626863445716,7.34038875736033,0 39.6274793770678,7.33905148852628,0 39.6274540455159,7.33882673788308,0 39.6274272455062,7.33858895821062,0 39.6262410420584,7.33710000254191,0 39.6262909445706,7.33596912503416,0 39.6257493305212,7.33522457398705,0 39.6250281371879,7.33491717502232,0 39.6240994379598,7.33347925436423,0 39.6229137597541,7.33235008963586,0 39.622860563071,7.33111655357618,0 39.6237858202921,7.33008726334945,0 39.6239901053616,7.32890477082594,0 39.6249144963757,7.32725867522266,0 39.6257374224346,7.32669212744294,0 39.6255809694375,7.3252531339362,0 39.6248063787349,7.32355799642171,0 39.6246751350065,7.32173346400272,0 39.6258061525955,7.32060108493002,0 39.6277609364261,7.31951895664833,0 39.6290983689095,7.31874608529925,0 39.6303317525312,7.31720235041015,0 39.6315150920506,7.31668669004079,0 39.6330595911155,7.31673592339222,0 39.6353237319641,7.31601313263153,0 39.635529364257,7.31580724143437,0 39.6364028626316,7.31462380169084,0 39.637893538486,7.31302828535643,0 39.6387673176162,7.31205044266747,0 39.6394863600317,7.3108672168305,0 39.6400516904418,7.31019821113956,0 39.6410785072885,7.30824354219,0 39.6410265146676,7.30788381407435,0 39.6392780279395,7.30917130237446,0 39.6387370138402,7.3088379667551,0 39.6376035080838,7.30817136610212,0 39.6369843667274,7.30719563449385,0 39.6379093258692,7.30601212049282,0 39.6378533283363,7.30565208961206,0 39.6378054194264,7.30534406317552,0 39.6367231126558,7.3044717856562,0 39.6362581989162,7.30334163372539,0 39.6352789309801,7.30252060714391,0 39.6340450221258,7.30365314957578,0 39.6332212796886,7.30360290538951,0 39.6323987651937,7.30442646438108,0 39.6311639062981,7.3048907962018,0 39.6302886819011,7.30484061881546,0 39.6294656561508,7.3053043709574,0 39.6289509318456,7.30535648893217,0 39.6280768544529,7.30612871235592,0 39.6272533938422,7.30628405890276,0 39.6263787390318,7.30664507677285,0 39.6247837217436,7.30726409325904,0 39.6232396098753,7.30747183048611,0 39.6203054661157,7.30763007520469,0 39.6195854545313,7.30814506939907,0 39.6179387993463,7.30866133276746,0 39.6159827659838,7.30881820932435,0 39.6151500009834,7.30836929515105,0 39.6147463289663,7.3081516889253,0 39.6142238394211,7.30754473788652,0 39.6134615511164,7.30800781436527,0 39.612997260856,7.30828986131541,0 39.6125649730898,7.30855246667623,0 39.6120751356533,7.30885003136241,0 39.6114836153361,7.30868941155227,0 39.6105172753038,7.30842465545379,0 39.6090901704843,7.30857659510848,0 39.6033802284684,7.30805922990766,0 39.6017255485366,7.30656133058576,0 39.6005228070808,7.30596288890714,0 39.6005206048414,7.30431277124362,0 39.6004425821177,7.30213771585516,0 39.6020185086769,7.30093552989845,0 39.6023165820647,7.29913500106759,0 39.6028404143313,7.29763419283437,0 39.6039648978761,7.29590756540628,0 39.6055399872813,7.29410532686985,0 39.6060640057366,7.2927545265542,0 39.6072642914609,7.2915528289883,0 39.6083900595638,7.29080126148579,0 39.6049315863919,7.28855573685968,0 39.6041032766881,7.2870567339704,0 39.6033501908266,7.28563263424259,0 39.6028848144505,7.28597435425187,0 39.6022245256048,7.28645919438977,0 39.6013236104436,7.28683542020085,0 39.6007234655761,7.28743626170099,0 39.6000478017664,7.28773718051234,0 39.6000502966441,7.28961231575855,0 39.5992240930795,7.28968841666078,0 39.5975705914195,7.28901555414862,0 39.5968206978209,7.28999161677668,0 39.5952413263772,7.28856859168593,0 39.594357692551,7.28904517909649,0 39.5942654794233,7.28909491404293,0 39.5923913608419,7.29202259224013,0 39.5913390063415,7.29149893024371,0 39.5875067679875,7.29060385720629,0 39.5841248659929,7.28940814608288,0 39.5841254318359,7.28984496721656,0 39.5837000953032,7.28927409427325,0 39.5821953211845,7.28741589033208,0 39.5813795567011,7.28644099588226,0 39.5816365478562,7.28500080986975,0 39.5828812162879,7.28339469742883,0 39.5856401748505,7.2792508187048,0 39.5830241447742,7.27722454941131,0 39.5860742476779,7.26013065689922,0 39.6041700396657,7.24011035636194,0 39.606886835746,7.23710442221839,0 39.6111423046481,7.23239595365041,0 39.6249721351016,7.21709302425369,0 39.6556459852131,7.21459327363807,0 39.6566774901738,7.22808264836785,0 39.6570035681748,7.23234662444503,0 39.6573646730378,7.23385612366131,0 39.659025485853,7.24079853331253,0 39.6736985652573,7.25309451577124,0 39.6858523449891,7.27397024357944,0 39.6943104376491,7.28849667506481,0 39.6958932192745,7.29102871419737,0 39.7186939023798,7.32749973553988,0 39.7219330053469,7.3278897198501,0 39.7734384950087,7.33408765757572,0 39.7870794710698,7.33650336595194,0 39.8019352276274,7.33913369216891,0 39.833300115949,7.31113683996884,0 39.8334767766618,7.31059003778025,0 39.8347478119143,7.31131905834094,0 39.8346464783526,7.31219301354695,0 39.8342897575906,7.31414680143379,0 39.8347553534421,7.31537949364107,0 39.8361992354437,7.31671316694679,0 39.8371789557729,7.3175851148239,0 39.838468127795,7.31876487250991,0 39.8402193659312,7.31927558992484,0 39.8409920286541,7.31953113813007,0 39.8424328558903,7.31922005803517,0 39.8431543301058,7.31962989203682,0 39.8438763851316,7.32034811139753,0 39.8442358672746,7.31988485615624,0 39.8443385135445,7.31995046762372,0 39.8449574406652,7.3203460847115,0 39.8451788123331,7.32075471451823,0 39.8476344357862,7.32039245281533,0 39.8484561541072,7.31936294765957,0 39.8501544632601,7.31910275637372,0 39.8510300866377,7.31935809243281,0 39.8529858836778,7.31914880199097,0 39.854014575529,7.3186842725549,0 39.8548875579436,7.31755186478844,0 39.8561742231717,7.31739522838113,0 39.8569468884587,7.31765074856922,0 39.857410684216,7.31790685520102,0 39.8574459534368,7.31806822967169,0 39.8575055281836,7.31834081383531,0 39.8575144260151,7.31831784007221,0 39.8582888616029,7.31949851426443,0 39.8597840028661,7.32067781139399,0 39.8614859546316,7.32231928655181,0 39.862723619777,7.32344766661633,0 39.8648373264693,7.32503693943215,0 39.8650441346569,7.32549912110152,0 39.8662840009809,7.32775823328726,0 39.8664941886275,7.32996792733352,0 39.8667010013041,7.33043010767416,0 39.8676802094241,7.33099359374711,0 39.869121741555,7.33104220814698,0 39.8700997565067,7.33098891963055,0 39.8709770083994,7.33206657090521,0 39.8710817658933,7.33299152437801,0 39.8712387035149,7.33427615962212,0 39.8713166947396,7.33448258243861,0 39.8726043763485,7.33501877552223,0 39.8729188653028,7.33789642735951,0 39.873639090481,7.33763804004842,0 39.8751309179222,7.3370697646879,0 39.8762649933216,7.33783851734739,0 39.8766276699394,7.33901995223254,0 39.8780200628783,7.34025077259122,0 39.8789478245302,7.34081433028281,0 39.8809038889324,7.34070770365964,0 39.8818831352471,7.3412711537646,0 39.882871105041,7.3421000829408,0 39.8835323439938,7.3421930656885,0 39.8850762598634,7.3419330388364,0 39.8854339822809,7.34059600226354,0 39.8858405403347,7.33792253780598,0 39.8870225511893,7.33689225908832,0 39.8881038380014,7.3369929183406,0 39.8889298662354,7.33817342373288,0 39.8894951285051,7.33765833196618,0 39.8908826406153,7.33642204819094,0 39.8915521879697,7.33657491242264,0 39.8925300016287,7.33641877984835,0 39.8931494013619,7.33723990572095,0 39.8936163113107,7.33903788164868,0 39.8929498345002,7.34042693291011,0 39.8925398349435,7.34135289856636,0 39.8919812500706,7.34183978836052,0 39.8922833539556,7.34181598359606,0 39.8914622224992,7.34310254618689,0 39.8913602844769,7.34361672133759,0 39.8908989006776,7.34459418539805,0 39.889613817342,7.34557328229935,0 39.8901811321247,7.34608613056583,0 39.8913133080042,7.34587829477275,0 39.8920867545728,7.34649352549896,0 39.8923970770432,7.34721247023017,0 39.8921419259523,7.3483437171892,0 39.8920913672001,7.34880639302224,0 39.8925038341952,7.34911395630578,0 39.8929662438979,7.34865046107223,0 39.8928604083793,7.34721154871202,0 39.8926522271715,7.34608122322485,0 39.8934229045974,7.3453087312649,0 39.8947115745286,7.34612852040842,0 39.8966184351019,7.34715265951363,0 39.898112937384,7.34792062901875,0 39.8995045850609,7.34874019625893,0 39.8998667125166,7.3496132217345,0 39.9003810094065,7.34935520421928,0 39.9010505781718,7.34950805146583,0 39.9014647089021,7.35063795636072,0 39.9018255979147,7.35089421660604,0 39.9025438497866,7.3496592414132,0 39.9039847053385,7.34934795804941,0 39.9040344204949,7.34847410729378,0 39.9043938538523,7.34801080920685,0 39.9062471760142,7.34800707032503,0 39.9082557755407,7.34841418583863,0 39.9094419326807,7.34943972380698,0 39.9094445459725,7.35072464390926,0 39.9084688008255,7.35190875260882,0 39.9083680309552,7.35298829424008,0 39.9077471001053,7.35337900986803,0 39.907776774231,7.35337496919827,0 39.9070581158454,7.35440436422162,0 39.910198090576,7.35419241311368,0 39.9114866033026,7.35490935335203,0 39.9121556578188,7.35480519872811,0 39.9130297991718,7.35428944990317,0 39.9136974861567,7.35351713558617,0 39.9150883332422,7.35392547493304,0 39.9159642596124,7.35428346492641,0 39.9163781160469,7.35525916057013,0 39.9165327724289,7.35536163823539,0 39.917302046159,7.35392095178944,0 39.917815807456,7.3534059315771,0 39.9190511545755,7.35330060772578,0 39.919515228959,7.35365943446882,0 39.9204414745613,7.35345194675997,0 39.9210577707191,7.35273112547857,0 39.9230131115718,7.35226453402849,0 39.9233751801234,7.35308613779586,0 39.9242248903766,7.35321287942284,0 39.9247393863083,7.35305762838944,0 39.9254064109345,7.35197691991775,0 39.9266950423537,7.35274521083804,0 39.9268996891065,7.352128026727,0 39.9268466094286,7.35135718489042,0 39.9250965656986,7.35151498795923,0 39.924581221317,7.35125906651938,0 39.9249389321539,7.34997340910668,0 39.9254511905905,7.34873882966432,0 39.9260159913899,7.34801810939854,0 39.9267365105613,7.34791382845549,0 39.9274552176977,7.34693580505399,0 39.927969065432,7.34647217205189,0 39.9285337527104,7.3457000528726,0 39.9288919827755,7.34467137664473,0 39.9292741088004,7.34475858332545,0 39.9295615488033,7.34482418104414,0 39.9302320768121,7.34543955301176,0 39.9306441347056,7.34554149241083,0 39.9309510930727,7.34461571487638,0 39.9314138818528,7.34435777140642,0 39.9319814504119,7.34497335414353,0 39.9319841268202,7.34625826632594,0 39.932294402688,7.34692577911949,0 39.9312161976945,7.34831572881727,0 39.9312690697716,7.34898377636193,0 39.931732076677,7.34882862503635,0 39.9322466711972,7.34872476279539,0 39.9323511330174,7.34944409950448,0 39.9327631949531,7.34954603641518,0 39.9328636910925,7.34836370361456,0 39.9335831350754,7.3477454472242,0 39.9340964397884,7.3470248256392,0 39.9343011816101,7.34645903605766,0 39.9348670382609,7.34625227117119,0 39.9353822734516,7.34645678440235,0 39.9357032121049,7.3470942814702,0 39.9353126124835,7.34829191152058,0 39.9344115909809,7.34899457510583,0 39.9345096710216,7.35004732237289,0 39.9351807301692,7.3499980626213,0 39.9362858540576,7.35119229281558,0 39.936957014677,7.35119089140453,0 39.9373440857715,7.35178269145072,0 39.9376228371611,7.35220887820593,0 39.9382074734155,7.3531027328581,0 39.9374936912724,7.35564087891962,0 39.9373393225173,7.3566831775125,0 39.9372100643281,7.3575559272572,0 39.9372594110157,7.35822588337246,0 39.9365419048402,7.35899316559917,0 39.9364475284673,7.35971128364204,0 39.9366898436352,7.36095517305498,0 39.9361641976622,7.36176991539255,0 39.9359255954724,7.36229688926804,0 39.9374149902157,7.36382533831448,0 39.9368413009982,7.3645923208076,0 39.9359934892289,7.36521871719528,0 39.9342228997625,7.36518765815616,0 39.9309473766377,7.36632104236257,0 39.9303001522645,7.3665449891228,0 39.9287594087903,7.36834707313616,0 39.9284083696873,7.36882811321263,0 39.9279605014182,7.36944183965946,0 39.9268342635394,7.370985146462,0 39.9263034278168,7.37131472628582,0 39.9254845548455,7.3718231376463,0 39.9242837715058,7.37244554628646,0 39.9199478675533,7.37469295999961,0 39.918702362117,7.37533852704267,0 39.9173216605284,7.37648401752865,0 39.9168392346827,7.37688425689768,0 39.9142697640381,7.37920237915481,0 39.9129867310171,7.38119663197361,0 39.9123894104621,7.38134700338631,0 39.91144297309,7.38158526080654,0 39.910221650003,7.38229445861202,0 39.9098868237842,7.38321389000726,0 39.9092616859407,7.38493050690542,0 39.9084908479919,7.38563878383047,0 39.9081069360113,7.38673175002721,0 39.9066388603377,7.38702796267127,0 39.9060332299012,7.38715015883147,0 39.9057644374506,7.38720439196586,0 39.905349703119,7.38728807085064,0 39.9049557700412,7.38736755239274,0 39.9021635691883,7.38793090767452,0 39.9019954906752,7.38796481865658,0 39.9000512576043,7.38810940717155,0 39.8989203042166,7.38888814623776,0 39.8983945570427,7.38970285573152,0 39.8962714418402,7.38983949360901,0 39.8957975690446,7.38981555013949,0 39.8944370542411,7.38974680429623,0 39.8931294063736,7.38987376952905,0 39.8918332047038,7.38999961959086,0 39.8907401989635,7.39010573812339,0 39.8887793217549,7.39029611042931,0 39.8876807739843,7.39040275944917,0 39.8871150446056,7.39047449585007,0 39.8822809417212,7.39091129932243,0 39.8808141223447,7.39118470889506,0 39.8798233861757,7.39113334076091,0 39.8782607515129,7.39127451854495,0 39.8761509764551,7.39118294214808,0 39.8735143683706,7.39137956011611,0 39.8727482784443,7.39190754277242,0 39.8721548817515,7.39217646090122,0 39.8723698816884,7.39398775309438,0 39.8724474556405,7.39464127845286,0 39.87249455724,7.39503808663935,0 39.8728249787924,7.39782169809887,0 39.8731725350285,7.40074960225282,0 39.8732499813249,7.40140202201644,0 39.8733522968101,7.40231668141227,0 39.8728180517863,7.40255665611703,0 39.872804402099,7.40256278733676,0 39.8722409891125,7.40281586288758,0 39.8712675027349,7.40325313418553,0 39.8704537454931,7.40361865604053,0 39.8699763610087,7.40383308572005,0 39.8686899122956,7.40422107717476,0 39.8662464801122,7.40538227897224,0 39.8643142902731,7.40467931732459,0 39.8637485094373,7.40460583999973,0 39.8622745147771,7.40441441041778,0 39.8609023170542,7.40423619673319,0 39.8598741692935,7.40507339307145,0 39.8594922372834,7.40725852670823,0 39.8578810695589,7.40877522224503,0 39.8573721788458,7.40925427057855,0 39.8573832703496,7.40940517763612,0 39.856102235243,7.40978203819815,0 39.8560049494964,7.41141994604592,0 39.8577385635362,7.41529345225008,0 39.8583323417906,7.41842119454081,0 39.8586105316489,7.41988654641712,0 39.8584698407028,7.42151413469034,0 39.8584119853658,7.42271577204926,0 39.8583315622746,7.4243861366624,0 39.8586761347793,7.42557225854013,0 39.8592487258478,7.42754327087107,0 39.8600629154911,7.43030016687234,0 39.8600793999784,7.43035598390684,0 39.8609863605468,7.43342695575599,0 39.8612227515007,7.43507689867676,0 39.8612823801586,7.43549308729319,0 39.8613694825261,7.43610103144151,0 39.8615210864322,7.43715916812883,0 39.8624859792814,7.44017260906163,0 39.8627805095501,7.44366597316243,0 39.8610128577457,7.44701976309465,0 39.8602986264939,7.44960570811893,0 39.860110366468,7.4514248362404,0 39.861072020717,7.45276310697738,0 39.8618885146401,7.45343158769129,0 39.8637114430718,7.45381093066338,0 39.8646238468657,7.45447921840879,0 39.8654896168469,7.45581766444371,0 39.8664092744175,7.46017131318744,0 39.8687945825588,7.46145563149963,0 39.868320830733,7.46207597858043,0 39.8659809642527,7.463745405938,0 39.8654045619081,7.46415664878542,0 39.8645283765692,7.46478177353255,0 39.8627902180218,7.46544806440818,0 39.8624260783992,7.46558764950533,0 39.8620875656197,7.46571741076717,0 39.8618636298737,7.46580325132192,0 39.8616323541229,7.46589190534801,0 39.8615436391532,7.46498103251287,0 39.8608718177003,7.46474302881876,0 39.8597686932634,7.46464945121898,0 39.8592891552304,7.46465038394752,0 39.8588079365269,7.46378979202073,0 39.8586143482835,7.46288077804492,0 39.8579904848441,7.46264267624983,0 39.8568875517864,7.46264481573783,0 39.8558325720359,7.46264685963033,0 39.8555451292145,7.46279100410745,0 39.8547791715323,7.4634625635934,0 39.8543887165048,7.46383516036145,0 39.8522509889512,7.46397072090781,0 39.8501768611478,7.46307424034967,0 39.8488645519784,7.46250702619878,0 39.8487977441853,7.46252314562725,0 39.8479412050545,7.46272981233081,0 39.8478019652496,7.46571742937278,0 39.8463783386026,7.46750871823421,0 39.8459402019304,7.46806000342644,0 39.8432034040622,7.4696166974586,0 39.8423525886755,7.47010063221845,0 39.8423466855215,7.47009652940778,0 39.8419715187479,7.46983556332788,0 39.8417711989078,7.46949431535035,0 39.8414820984082,7.46877692382479,0 39.8408087235182,7.46772522373344,0 39.8398485397992,7.46715269609575,0 39.8391287685907,7.46691474957134,0 39.8382171808879,7.46667716576603,0 39.8372580039098,7.46663112170858,0 39.8362997364231,7.46706370280888,0 39.8358708317953,7.46739235019334,0 39.8358024577969,7.46742308967157,0 39.8340372411924,7.46821669026597,0 39.8335685131289,7.46821757508996,0 39.8333733889073,7.46827896221325,0 39.8318543413036,7.46834807491119,0 39.8307308260268,7.46839918856344,0 39.8280771568123,7.46895246842694,0 39.8268545338626,7.46949856421452,0 39.8263057793313,7.46949959130317,0 39.8248179257463,7.46883229024492,0 39.8234743880119,7.46840402987277,0 39.8216991714362,7.46792870529612,0 39.8212666864789,7.46745087887521,0 39.8211209473645,7.46644602519173,0 39.8209273440592,7.46548912335455,0 39.8206385470632,7.46491530278324,0 39.8197922699658,7.46459670828654,0 39.8192468919606,7.46439139090113,0 39.8186875384574,7.46463454795136,0 39.8184654880198,7.46473107543066,0 39.81845263276,7.46473666373225,0 39.8183778879544,7.46456382100495,0 39.8180623603622,7.46453576783106,0 39.8162185833289,7.46437183524043,0 39.8159376022348,7.46415819764346,0 39.8149295875586,7.46363356286592,0 39.8136791509324,7.46167347668679,0 39.8125963437321,7.45959341962666,0 39.8115871088953,7.45839869296423,0 39.8106738748711,7.45725165064269,0 39.810623280155,7.45581584675507,0 39.8108133330479,7.45485823407595,0 39.810188532187,7.45409356687488,0 39.8088456650495,7.45400029693745,0 39.8075980908572,7.45357180614114,0 39.8067816596623,7.45290320947157,0 39.8063489432588,7.45228177543418,0 39.8059626942072,7.45084658038068,0 39.8059843530377,7.44957816384383,0 39.8057424034971,7.44838202188194,0 39.8052615662398,7.44766494697666,0 39.8047321670947,7.44661291643201,0 39.8041076506859,7.445991827456,0 39.8031475563738,7.44541920921092,0 39.8021402948822,7.44527744408172,0 39.8011329469255,7.44508781339604,0 39.8005583356555,7.44508885206351,0 39.7996469523463,7.44446645060432,0 39.7980423673169,7.44396703677424,0 39.7971018329964,7.44337200188701,0 39.7962382608186,7.44313423732746,0 39.7955780906296,7.44320003707056,0 39.7939590905636,7.44269611831877,0 39.7930728230518,7.44275196701823,0 39.7922523476359,7.44298263417659,0 39.7918263095533,7.44295068863778,0 39.7915881757343,7.44316935715743,0 39.7913444372043,7.4432378806792,0 39.7895155372366,7.44375204432225,0 39.7883291229964,7.44426095380115,0 39.7870339813203,7.44458658487012,0 39.7863870062439,7.44480311946328,0 39.7859265058929,7.44529153767404,0 39.7857005327076,7.44538846622525,0 39.7838238252537,7.44511899576171,0 39.782033459227,7.44486191484091,0 39.781970406506,7.4448528387696,0 39.7813980995141,7.44477045808331,0 39.7810403501116,7.44471896147582,0 39.780644024268,7.44452618385349,0 39.7801999409223,7.44414396740417,0 39.7795758818267,7.44376215701412,0 39.7791431716379,7.44379614625793,0 39.7785161153474,7.44349113419804,0 39.7768129757548,7.44115167429638,0 39.7767869747115,7.4394114640825,0 39.7763065289111,7.43888580547447,0 39.7751108959125,7.43884369890622,0 39.7746992548229,7.43828667504799,0 39.7746423003429,7.43829544816755,0 39.773123285365,7.43852943227333,0 39.7727093736831,7.43846131554898,0 39.7718464048755,7.43855854587922,0 39.7707448444179,7.43932628121861,0 39.7692117100762,7.44009476319365,0 39.7682062951909,7.44100591736049,0 39.7679802594995,7.44113870259984,0 39.7661123819205,7.44152234140286,0 39.7657370401823,7.44117771282326,0 39.7653050541104,7.44093914005126,0 39.7646338868852,7.44103602580125,0 39.7639160088091,7.44185094767651,0 39.7637809799945,7.44239404559079,0 39.7635485408581,7.44250761603963,0 39.7624731664872,7.44331909376571,0 39.762041686387,7.44364468724802,0 39.7618747329847,7.44379371955635,0 39.7601268829422,7.44535394280849,0 39.7586426417418,7.44701235697603,0 39.7584411784063,7.44723746040647,0 39.7554241149365,7.44991461679077,0 39.7550795480727,7.4501019020945,0 39.754903529627,7.45019757471139,0 39.7523460687752,7.45305085484636,0 39.750656436418,7.45402436049727,0 39.7493941143801,7.45475165852611,0 39.7472314757699,7.45563596429861,0 39.7458113282742,7.45621665705214,0 39.7442556946175,7.45695787152229,0 39.7411847717829,7.45842105496437,0 39.7400958804165,7.45879689747169,0 39.7393942889303,7.45903905757181,0 39.7369527940321,7.46104262041452,0 39.7358568878438,7.46194194363158,0 39.7350719550869,7.46232557653401,0 39.7330809377652,7.46329866977581,0 39.7322627199086,7.46375373568697,0 39.7314406360381,7.4639232127287,0 39.7304819285572,7.46416411875977,0 39.7298573044817,7.46474494692126,0 39.7272501132147,7.46486052806236,0 39.724888256387,7.46489832696216,0 39.7240026986228,7.46535421971912,0 39.7236263667902,7.465419864973,0 39.7227154485411,7.4655649482681,0 39.721899263119,7.4649919124876,0 39.7215149135456,7.4645617626721,0 39.7210829229559,7.46432314688422,0 39.7207742972898,7.46440582982113,0 39.7201151746752,7.46388242577362,0 39.7179246584655,7.46409400730896,0 39.7143985048317,7.46567455840203,0 39.7128876426717,7.46727162003687,0 39.7102818791014,7.4688602660055,0</coordinates></LinearRing></outerBoundaryIs></Polygon></MultiGeometry>
  </Placemark>
</Folder>
</Document></kml>
