<?xml version="1.0" encoding="UTF-8"?>
<kml xmlns="http://www.opengis.net/kml/2.2" xmlns:gx="http://www.google.com/kml/ext/2.2" xmlns:kml="http://www.opengis.net/kml/2.2" xmlns:atom="http://www.w3.org/2005/Atom">
<Document id="MR2021 Project Areas Rubber" xsi:schemaLocation="http://www.opengis.net/kml/2.2 http://schemas.opengis.net/kml/2.2.0/ogckml22.xsd http://www.google.com/kml/ext/2.2 http://code.google.com/apis/kml/schema/kml22gx.xsd">
	<name>MR2021 Planted Areas</name>
	<open>1</open>
	<Snippet maxLines="0"></Snippet>
	<Style id="PolyStyle00">
		<LabelStyle>
			<color>00000000</color>
			<scale>0</scale>
		</LabelStyle>
		<LineStyle>
			<color>ff6e6e6e</color>
			<width>0.4</width>
		</LineStyle>
		<PolyStyle>
			<color>ff00a838</color>
		</PolyStyle>
	</Style>
	<StyleMap id="PolyStyle000">
		<Pair>
			<key>normal</key>
			<styleUrl>#PolyStyle005</styleUrl>
		</Pair>
		<Pair>
			<key>highlight</key>
			<styleUrl>#PolyStyle0021</styleUrl>
		</Pair>
	</StyleMap>
	<Style id="PolyStyle001">
		<LabelStyle>
			<color>00000000</color>
			<scale>0</scale>
		</LabelStyle>
		<LineStyle>
			<color>ff6e6e6e</color>
			<width>0.4</width>
		</LineStyle>
		<PolyStyle>
			<color>ffff55aa</color>
		</PolyStyle>
	</Style>
	<Style id="PolyStyle0010">
		<LabelStyle>
			<color>00000000</color>
			<scale>0</scale>
		</LabelStyle>
		<LineStyle>
			<color>ff6e6e6e</color>
			<width>0.4</width>
		</LineStyle>
		<PolyStyle>
			<color>ff00a838</color>
		</PolyStyle>
	</Style>
	<Style id="PolyStyle0011">
		<LabelStyle>
			<color>00000000</color>
			<scale>0</scale>
		</LabelStyle>
		<LineStyle>
			<color>ff6e6e6e</color>
			<width>0.4</width>
		</LineStyle>
		<PolyStyle>
			<color>ff00a838</color>
		</PolyStyle>
	</Style>
	<StyleMap id="PolyStyle0012">
		<Pair>
			<key>normal</key>
			<styleUrl>#PolyStyle003</styleUrl>
		</Pair>
		<Pair>
			<key>highlight</key>
			<styleUrl>#PolyStyle0035</styleUrl>
		</Pair>
	</StyleMap>
	<Style id="PolyStyle0013">
		<LabelStyle>
			<color>00000000</color>
			<scale>0</scale>
		</LabelStyle>
		<LineStyle>
			<color>ff6e6e6e</color>
			<width>0.4</width>
		</LineStyle>
		<PolyStyle>
			<color>ff00a838</color>
		</PolyStyle>
	</Style>
	<Style id="PolyStyle0014">
		<LabelStyle>
			<color>00000000</color>
			<scale>0</scale>
		</LabelStyle>
		<LineStyle>
			<color>ff6e6e6e</color>
			<width>0.4</width>
		</LineStyle>
		<PolyStyle>
			<color>ff00a838</color>
		</PolyStyle>
	</Style>
	<StyleMap id="PolyStyle0015">
		<Pair>
			<key>normal</key>
			<styleUrl>#PolyStyle0023</styleUrl>
		</Pair>
		<Pair>
			<key>highlight</key>
			<styleUrl>#PolyStyle0034</styleUrl>
		</Pair>
	</StyleMap>
	<StyleMap id="PolyStyle0016">
		<Pair>
			<key>normal</key>
			<styleUrl>#PolyStyle009</styleUrl>
		</Pair>
		<Pair>
			<key>highlight</key>
			<styleUrl>#PolyStyle0022</styleUrl>
		</Pair>
	</StyleMap>
	<StyleMap id="PolyStyle0017">
		<Pair>
			<key>normal</key>
			<styleUrl>#PolyStyle0039</styleUrl>
		</Pair>
		<Pair>
			<key>highlight</key>
			<styleUrl>#PolyStyle002</styleUrl>
		</Pair>
	</StyleMap>
	<Style id="PolyStyle0018">
		<LabelStyle>
			<color>00000000</color>
			<scale>0</scale>
		</LabelStyle>
		<LineStyle>
			<color>ff6e6e6e</color>
			<width>0.4</width>
		</LineStyle>
		<PolyStyle>
			<color>ff00a838</color>
		</PolyStyle>
	</Style>
	<Style id="PolyStyle0019">
		<LabelStyle>
			<color>00000000</color>
			<scale>0</scale>
		</LabelStyle>
		<LineStyle>
			<color>ff6e6e6e</color>
			<width>0.4</width>
		</LineStyle>
		<PolyStyle>
			<color>ff00a838</color>
		</PolyStyle>
	</Style>
	<Style id="PolyStyle002">
		<LabelStyle>
			<color>00000000</color>
			<scale>0</scale>
		</LabelStyle>
		<LineStyle>
			<color>ff6e6e6e</color>
			<width>0.4</width>
		</LineStyle>
		<PolyStyle>
			<color>ff00a838</color>
		</PolyStyle>
	</Style>
	<StyleMap id="PolyStyle0020">
		<Pair>
			<key>normal</key>
			<styleUrl>#PolyStyle001</styleUrl>
		</Pair>
		<Pair>
			<key>highlight</key>
			<styleUrl>#PolyStyle007</styleUrl>
		</Pair>
	</StyleMap>
	<Style id="PolyStyle0021">
		<LabelStyle>
			<color>00000000</color>
			<scale>0</scale>
		</LabelStyle>
		<LineStyle>
			<color>ff6e6e6e</color>
			<width>0.4</width>
		</LineStyle>
		<PolyStyle>
			<color>ff00a838</color>
		</PolyStyle>
	</Style>
	<Style id="PolyStyle0022">
		<LabelStyle>
			<color>00000000</color>
			<scale>0</scale>
		</LabelStyle>
		<LineStyle>
			<color>ff6e6e6e</color>
			<width>0.4</width>
		</LineStyle>
		<PolyStyle>
			<color>ff00a838</color>
		</PolyStyle>
	</Style>
	<Style id="PolyStyle0023">
		<LabelStyle>
			<color>00000000</color>
			<scale>0</scale>
		</LabelStyle>
		<LineStyle>
			<color>ff6e6e6e</color>
			<width>0.4</width>
		</LineStyle>
		<PolyStyle>
			<color>ff00a838</color>
		</PolyStyle>
	</Style>
	<StyleMap id="PolyStyle0024">
		<Pair>
			<key>normal</key>
			<styleUrl>#PolyStyle0011</styleUrl>
		</Pair>
		<Pair>
			<key>highlight</key>
			<styleUrl>#PolyStyle0030</styleUrl>
		</Pair>
	</StyleMap>
	<Style id="PolyStyle0025">
		<LabelStyle>
			<color>00000000</color>
			<scale>0</scale>
		</LabelStyle>
		<LineStyle>
			<color>ff6e6e6e</color>
			<width>0.4</width>
		</LineStyle>
		<PolyStyle>
			<color>ff00a838</color>
		</PolyStyle>
	</Style>
	<Style id="PolyStyle0026">
		<LabelStyle>
			<color>00000000</color>
			<scale>0</scale>
		</LabelStyle>
		<LineStyle>
			<color>ff6e6e6e</color>
			<width>0.4</width>
		</LineStyle>
		<PolyStyle>
			<color>ff00a838</color>
		</PolyStyle>
	</Style>
	<Style id="PolyStyle0027">
		<LabelStyle>
			<color>00000000</color>
			<scale>0</scale>
		</LabelStyle>
		<LineStyle>
			<color>ff6e6e6e</color>
			<width>0.4</width>
		</LineStyle>
		<PolyStyle>
			<color>ff00a838</color>
		</PolyStyle>
	</Style>
	<StyleMap id="PolyStyle0028">
		<Pair>
			<key>normal</key>
			<styleUrl>#PolyStyle0029</styleUrl>
		</Pair>
		<Pair>
			<key>highlight</key>
			<styleUrl>#PolyStyle0025</styleUrl>
		</Pair>
	</StyleMap>
	<Style id="PolyStyle0029">
		<LabelStyle>
			<color>00000000</color>
			<scale>0</scale>
		</LabelStyle>
		<LineStyle>
			<color>ff6e6e6e</color>
			<width>0.4</width>
		</LineStyle>
		<PolyStyle>
			<color>ff00a838</color>
		</PolyStyle>
	</Style>
	<Style id="PolyStyle003">
		<LabelStyle>
			<color>00000000</color>
			<scale>0</scale>
		</LabelStyle>
		<LineStyle>
			<color>ff6e6e6e</color>
			<width>0.4</width>
		</LineStyle>
		<PolyStyle>
			<color>ff00a838</color>
		</PolyStyle>
	</Style>
	<Style id="PolyStyle0030">
		<LabelStyle>
			<color>00000000</color>
			<scale>0</scale>
		</LabelStyle>
		<LineStyle>
			<color>ff6e6e6e</color>
			<width>0.4</width>
		</LineStyle>
		<PolyStyle>
			<color>ff00a838</color>
		</PolyStyle>
	</Style>
	<Style id="PolyStyle0031">
		<LabelStyle>
			<color>00000000</color>
			<scale>0</scale>
		</LabelStyle>
		<LineStyle>
			<color>ff6e6e6e</color>
			<width>0.4</width>
		</LineStyle>
		<PolyStyle>
			<color>ff00a838</color>
		</PolyStyle>
	</Style>
	<StyleMap id="PolyStyle0032">
		<Pair>
			<key>normal</key>
			<styleUrl>#PolyStyle0036</styleUrl>
		</Pair>
		<Pair>
			<key>highlight</key>
			<styleUrl>#PolyStyle0010</styleUrl>
		</Pair>
	</StyleMap>
	<Style id="PolyStyle0033">
		<LabelStyle>
			<color>00000000</color>
			<scale>0</scale>
		</LabelStyle>
		<LineStyle>
			<color>ff6e6e6e</color>
			<width>0.4</width>
		</LineStyle>
		<PolyStyle>
			<color>ff00a838</color>
		</PolyStyle>
	</Style>
	<Style id="PolyStyle0034">
		<LabelStyle>
			<color>00000000</color>
			<scale>0</scale>
		</LabelStyle>
		<LineStyle>
			<color>ff6e6e6e</color>
			<width>0.4</width>
		</LineStyle>
		<PolyStyle>
			<color>ff00a838</color>
		</PolyStyle>
	</Style>
	<Style id="PolyStyle0035">
		<LabelStyle>
			<color>00000000</color>
			<scale>0</scale>
		</LabelStyle>
		<LineStyle>
			<color>ff6e6e6e</color>
			<width>0.4</width>
		</LineStyle>
		<PolyStyle>
			<color>ff00a838</color>
		</PolyStyle>
	</Style>
	<Style id="PolyStyle0036">
		<LabelStyle>
			<color>00000000</color>
			<scale>0</scale>
		</LabelStyle>
		<LineStyle>
			<color>ff6e6e6e</color>
			<width>0.4</width>
		</LineStyle>
		<PolyStyle>
			<color>ff00a838</color>
		</PolyStyle>
	</Style>
	<StyleMap id="PolyStyle0037">
		<Pair>
			<key>normal</key>
			<styleUrl>#PolyStyle0018</styleUrl>
		</Pair>
		<Pair>
			<key>highlight</key>
			<styleUrl>#PolyStyle0013</styleUrl>
		</Pair>
	</StyleMap>
	<Style id="PolyStyle0038">
		<LabelStyle>
			<color>00000000</color>
			<scale>0</scale>
		</LabelStyle>
		<LineStyle>
			<color>ff6e6e6e</color>
			<width>0.4</width>
		</LineStyle>
		<PolyStyle>
			<color>ff00a838</color>
		</PolyStyle>
	</Style>
	<Style id="PolyStyle0039">
		<LabelStyle>
			<color>00000000</color>
			<scale>0</scale>
		</LabelStyle>
		<LineStyle>
			<color>ff6e6e6e</color>
			<width>0.4</width>
		</LineStyle>
		<PolyStyle>
			<color>ff00a838</color>
		</PolyStyle>
	</Style>
	<StyleMap id="PolyStyle004">
		<Pair>
			<key>normal</key>
			<styleUrl>#PolyStyle0027</styleUrl>
		</Pair>
		<Pair>
			<key>highlight</key>
			<styleUrl>#PolyStyle0038</styleUrl>
		</Pair>
	</StyleMap>
	<StyleMap id="PolyStyle0040">
		<Pair>
			<key>normal</key>
			<styleUrl>#PolyStyle0019</styleUrl>
		</Pair>
		<Pair>
			<key>highlight</key>
			<styleUrl>#PolyStyle0031</styleUrl>
		</Pair>
	</StyleMap>
	<Style id="PolyStyle005">
		<LabelStyle>
			<color>00000000</color>
			<scale>0</scale>
		</LabelStyle>
		<LineStyle>
			<color>ff6e6e6e</color>
			<width>0.4</width>
		</LineStyle>
		<PolyStyle>
			<color>ff00a838</color>
		</PolyStyle>
	</Style>
	<StyleMap id="PolyStyle006">
		<Pair>
			<key>normal</key>
			<styleUrl>#PolyStyle0014</styleUrl>
		</Pair>
		<Pair>
			<key>highlight</key>
			<styleUrl>#PolyStyle00</styleUrl>
		</Pair>
	</StyleMap>
	<Style id="PolyStyle007">
		<LabelStyle>
			<color>00000000</color>
			<scale>0</scale>
		</LabelStyle>
		<LineStyle>
			<color>ff6e6e6e</color>
			<width>0.4</width>
		</LineStyle>
		<PolyStyle>
			<color>ffff55aa</color>
		</PolyStyle>
	</Style>
	<StyleMap id="PolyStyle008">
		<Pair>
			<key>normal</key>
			<styleUrl>#PolyStyle0026</styleUrl>
		</Pair>
		<Pair>
			<key>highlight</key>
			<styleUrl>#PolyStyle0033</styleUrl>
		</Pair>
	</StyleMap>
	<Style id="PolyStyle009">
		<LabelStyle>
			<color>00000000</color>
			<scale>0</scale>
		</LabelStyle>
		<LineStyle>
			<color>ff6e6e6e</color>
			<width>0.4</width>
		</LineStyle>
		<PolyStyle>
			<color>ff00a838</color>
		</PolyStyle>
	</Style>
	<Folder id="FeatureLayer0">
		<name>MR2021 Planted Areas</name>
		<open>1</open>
		<Snippet maxLines="0"></Snippet>
		<Placemark id="ID_00000">
			<name>GT01-SEU</name>
			<Snippet maxLines="0"></Snippet>
			<description><![CDATA[<html xmlns:fo="http://www.w3.org/1999/XSL/Format" xmlns:msxsl="urn:schemas-microsoft-com:xslt">

<head>

<META http-equiv="Content-Type" content="text/html">

<meta http-equiv="content-type" content="text/html; charset=UTF-8">

</head>

<body style="margin:0px 0px 0px 0px;overflow:auto;background:#FFFFFF;">

<table style="font-family:Arial,Verdana,Times;font-size:12px;text-align:left;width:100%;border-collapse:collapse;padding:3px 3px 3px 3px">

<tr style="text-align:center;font-weight:bold;background:#9CBCE2">

<td>GT01-SEU</td>

</tr>

<tr>

<td>

<table style="font-family:Arial,Verdana,Times;font-size:12px;text-align:left;width:100%;border-spacing:0px; padding:3px 3px 3px 3px">

<tr>

<td>FID</td>

<td>0</td>

</tr>

<tr bgcolor="#D4E4F3">

<td>Name</td>

<td>Santa Eugenia</td>

</tr>

<tr>

<td>CODE</td>

<td>GT01-SEU</td>

</tr>

<tr bgcolor="#D4E4F3">

<td>INSTANCE</td>

<td>Santa Eugenia</td>

</tr>

<tr>

<td>STATUS</td>

<td>Active</td>

</tr>

<tr bgcolor="#D4E4F3">

<td>PROJECT</td>

<td>1538</td>

</tr>

<tr>

<td>USE</td>

<td>Rubber</td>

</tr>

<tr bgcolor="#D4E4F3">

<td>HAS</td>

<td>141.89</td>

</tr>

</table>

</td>

</tr>

</table>

</body>

</html>]]></description>
			<styleUrl>#PolyStyle000</styleUrl>
			<MultiGeometry>
				<Polygon>
					<outerBoundaryIs>
						<LinearRing>
							<coordinates>
								-91.11616262356195,14.33205411980089,0 -91.11892511299997,14.33239246500005,0 -91.11898923299997,14.33219345100012,0 -91.11894295299996,14.33199293300007,0 -91.11904171699994,14.33187749300011,0 -91.11929726199992,14.3319585690001,0 -91.11940823299994,14.33212547900011,0 -91.11949191699991,14.33206952700014,0 -91.11952966699991,14.33193938500008,0 -91.11954794599991,14.33165695500009,0 -91.11977993199999,14.33148543500009,0 -91.11999735899994,14.33156289400009,0 -91.11994843199996,14.33178595400007,0 -91.11992731699995,14.33196064000005,0 -91.11992291699993,14.33220835400014,0 -91.11992702199996,14.33220988800009,0 -91.12016407499993,14.33205263300003,0 -91.12001499899999,14.33164907100015,0 -91.11998405899999,14.33115863900002,0 -91.12063438999994,14.33089725600014,0 -91.12116634899996,14.33063618200004,0 -91.12128575299994,14.33101096700003,0 -91.12131839799997,14.33103110200007,0 -91.12148440399994,14.33094594100006,0 -91.12180406899994,14.33078657400011,0 -91.12192001699994,14.33045434800008,0 -91.121985538,14.33026096800007,0 -91.12220841699997,14.33001268200013,0 -91.12220242099991,14.32968077500013,0 -91.12224731699993,14.32937846000006,0 -91.12244537799992,14.32934326300011,0 -91.12249137999999,14.32944222300009,0 -91.12250208799995,14.32964035700007,0 -91.12266485699998,14.32970433300015,0 -91.12280208399993,14.32971883600001,0 -91.12323819799995,14.32941054000003,0 -91.12338439599992,14.32899401500007,0 -91.12342395799999,14.32889193200004,0 -91.12346024599998,14.32879829800009,0 -91.12354583599991,14.32857745000008,0 -91.12390673299994,14.32863099700013,0 -91.12426267199999,14.32872914300004,0 -91.12432457499995,14.32906585600006,0 -91.12431544099999,14.32943743400008,0 -91.12431646899992,14.32944623400006,0 -91.12432951699994,14.32944488400008,0 -91.12450491799994,14.32866537300003,0 -91.12470340499996,14.32878560400024,0 -91.12475534399994,14.32866344400004,0 -91.12487753399994,14.32875229500017,0 -91.1247563039999,14.32901022500009,0 -91.12484854299997,14.32929236400002,0 -91.12481392199999,14.3296342850001,0 -91.12485020199993,14.32989180000004,0 -91.12492664999994,14.32997581800008,0 -91.12503792299998,14.32979222500014,0 -91.12522026099995,14.3295836740001,0 -91.12537311599999,14.32973684800017,0 -91.12540938199993,14.32998940900015,0 -91.1253642989999,14.33022236800005,0 -91.12535457599989,14.33038092300007,0 -91.12578185799994,14.33055318900014,0 -91.12628476499998,14.33051223100007,0 -91.12648215199989,14.33023428300006,0 -91.12650623699992,14.32975863000007,0 -91.12648978399994,14.32932271700008,0 -91.12631622099995,14.32903088600008,0 -91.12625990399992,14.32887745900021,0 -91.12634089699998,14.32876825600007,0 -91.12657477099995,14.32882213300012,0 -91.12670143699995,14.3286929940001,0 -91.12674136899996,14.32843527800013,0 -91.12682215499993,14.32825176400011,0 -91.12698444099993,14.32814234700005,0 -91.12715949199996,14.32815674600011,0 -91.12734971799993,14.32835000300003,0 -91.12736839599991,14.32857013300006,0 -91.12734217899998,14.32888726200003,0 -91.12728876499995,14.32916923400005,0 -91.12746981299995,14.32930967100005,0 -91.12777682899996,14.32927363000005,0 -91.12845441099988,14.32931587400011,0 -91.12891459199994,14.32913851100013,0 -91.12894204199992,14.32914438200013,0 -91.12904608299998,14.32916663600008,0 -91.12915818599996,14.32919061400005,0 -91.12863488012535,14.32533038962414,0 -91.12885817851631,14.3252627498836,0 -91.12901979003701,14.32465050383435,0 -91.12920486224179,14.32457459072611,0 -91.12929310529184,14.3239200685535,0 -91.12931903999996,14.32372847000003,0 -91.12951936999995,14.32347475000012,0 -91.12954040999993,14.32328540000009,0 -91.12958382999994,14.32324248000007,0 -91.12970142999994,14.32319546000009,0 -91.12971218207885,14.32318488288162,0 -91.12972199999994,14.32317600000003,0 -91.12983499999994,14.32296600000005,0 -91.12992707412657,14.32293101184647,0 -91.12998540999995,14.32290905,0 -91.13014600824812,14.32276654875251,0 -91.13027999999996,14.32264800000007,0 -91.13058599999994,14.32231700000012,0 -91.13129799999996,14.3214000000001,0 -91.13091885206683,14.32135603666223,0 -91.13015144999993,14.32126653000012,0 -91.12977923840808,14.32122351572088,0 -91.12954399999991,14.32119600000004,0 -91.12778199971574,14.32100200245031,0 -91.1277819699999,14.32100200000009,0 -91.12683975999992,14.32089270000008,0 -91.126707876437,14.3208825343007,0 -91.12657671002349,14.32110850555592,0 -91.12657721222635,14.32128952018493,0 -91.12661810939788,14.32143093386761,0 -91.12670265823877,14.32148995240338,0 -91.12686802438883,14.32147964246897,0 -91.12693555023105,14.32148604665906,0 -91.12703050858222,14.32164706476303,0 -91.12715910208648,14.32176520843638,0 -91.12728755859864,14.32183398441677,0 -91.12728107294011,14.32192944630273,0 -91.1272340552179,14.32201514162452,0 -91.12714301118561,14.32204829400342,0 -91.12685221632404,14.3218647544537,0 -91.1266931714069,14.32172036136073,0 -91.12658827887695,14.32162848449936,0 -91.12627520812201,14.32193210043708,0 -91.12618748459764,14.32194549650427,0 -91.12614683396393,14.3218929444758,0 -91.12636531204146,14.32155995735606,0 -91.12629763102547,14.3214976030265,0 -91.12625362332648,14.32145164226181,0 -91.12633436770982,14.32135598459813,0 -91.12639860941403,14.32139530959427,0 -91.1265594925523,14.32087109665326,0 -91.12629967099996,14.32085106900009,0 -91.12613877599993,14.3208386670001,0 -91.12598287999994,14.32082665000005,0 -91.12504150999996,14.32070193000014,0 -91.12499856218227,14.32069896742151,0 -91.12455499999999,14.32066800000011,0 -91.12305999999992,14.32046900000012,0 -91.12261290907767,14.3204218743541,0 -91.12159938999994,14.32031452000007,0 -91.12070537999993,14.32022978000008,0 -91.11922655999993,14.3200867800001,0 -91.11908699999994,14.32128967000006,0 -91.11907125181978,14.32144472643514,0 -91.11896699999988,14.32246900000012,0 -91.11891403827943,14.32304026368816,0 -91.11888400582745,14.32336284769923,0 -91.11896298383979,14.32344382065793,0 -91.11912614838438,14.32362143591092,0 -91.11942587437537,14.32396054992723,0 -91.11953918732738,14.32411887227286,0 -91.11976204951348,14.32427367161189,0 -91.1198820738375,14.32445787305857,0 -91.11991575317177,14.3246325885306,0 -91.12011190542164,14.32473242653315,0 -91.1201619980006,14.32483912001384,0 -91.12011917654769,14.32496224160661,0 -91.119960103476,14.32506624409638,0 -91.11981745228066,14.32510546163533,0 -91.11964142384356,14.32508002418662,0 -91.11952841230843,14.32503176252705,0 -91.11948490658249,14.32490562912484,0 -91.1194778137331,14.32474055553763,0 -91.11960010094766,14.32453953634833,0 -91.11958655469543,14.32444245869425,0 -91.11949672978704,14.32437471391504,0 -91.1193639410773,14.3243782973453,0 -91.11894553103306,14.32434378002581,0 -91.11870499999996,14.32429200000014,0 -91.11836360999071,14.32440922795196,0 -91.11810799999991,14.32449675000005,0 -91.11805015999994,14.32440690000008,0 -91.11800058133755,14.32439515586636,0 -91.11792899999988,14.32437800000007,0 -91.1175939999999,14.32441100000007,0 -91.11739899999995,14.32440600000014,0 -91.1173796530359,14.32440223809443,0 -91.11729125999994,14.32438452000008,0 -91.11699462999997,14.32425711000011,0 -91.11685833999995,14.32415536000016,0 -91.11678292299997,14.32409843600006,0 -91.11673442499992,14.32416874200013,0 -91.116794789,14.32438423200008,0 -91.11665190099991,14.32450929500005,0 -91.11662781799997,14.32453037400009,0 -91.11652031899995,14.32456562300013,0 -91.11641930699992,14.32478736100008,0 -91.11619213099996,14.32477629400015,0 -91.11621050899997,14.32493943900013,0 -91.11612704699996,14.32502125200014,0 -91.11601954699992,14.32505650000017,0 -91.11591824799994,14.32517332900014,0 -91.11595151599994,14.32523563600014,0 -91.11600837199992,14.32534211600006,0 -91.11592490899992,14.32542392900008,0 -91.11581157599993,14.32551164800011,0 -91.11577912399997,14.32555518900014,0 -91.11569841599996,14.32566347700011,0 -91.11565116899997,14.32587341900005,0 -91.11579260299999,14.32595404600014,0 -91.11585472199992,14.32598945700009,0 -91.11627921999995,14.32602332600006,0 -91.11681123399995,14.32602777300007,0 -91.11699106899991,14.32621381200018,0 -91.11717069699996,14.32632408300004,0 -91.11724293699994,14.32651040100008,0 -91.11716548399993,14.32660385500012,0 -91.11688425399994,14.32649967600003,0 -91.11674634099992,14.32634267000007,0 -91.11653107099994,14.32631408800011,0 -91.11615466299992,14.32637917600011,0 -91.11605954699996,14.32657175700013,0 -91.11619151399998,14.32674043600003,0 -91.11659847899996,14.32692005700014,0 -91.11703510999995,14.32701800400012,0 -91.11729856699999,14.32718051200007,0 -91.11753194599999,14.32727315800004,0 -91.11769357899996,14.32736016200011,0 -91.11762211899998,14.32745942900012,0 -91.11746074199998,14.32746567700016,0 -91.11731127099993,14.32745440900006,0 -91.11696465299998,14.32748445200001,0 -91.11673140199994,14.32743843100007,0 -91.11653398399993,14.32738066100008,0 -91.11651037599997,14.32749146000008,0 -91.11652322299994,14.32781781200007,0 -91.11656670499997,14.32841801500014,0 -91.11658581599997,14.32884926000012,0 -91.11677185399998,14.32911687900008,0 -91.11693932199994,14.32915141400009,0 -91.1171068849999,14.3292209180001,0 -91.11707736399995,14.32935504600004,0 -91.11692830599999,14.32949531200013,0 -91.11673096599992,14.32946668400014,0 -91.11655767899998,14.3294904470001,0 -91.11628258299997,14.32944453500004,0 -91.11624035699994,14.32930476500007,0 -91.11631769999991,14.32917051300012,0 -91.11642496199994,14.32904784000005,0 -91.11638869899997,14.32890222700008,0 -91.11635782399996,14.32854095200008,0 -91.11627809499998,14.32780096300019,0 -91.11616914699994,14.32730584000013,0 -91.11625830099993,14.32711910300008,0 -91.11621008299993,14.32697352000012,0 -91.11598255499996,14.32683423100013,0 -91.11580272099997,14.32664819100006,0 -91.11579589999991,14.3263393090001,0 -91.11577542699995,14.32634373100016,0 -91.11560473099995,14.32638060200004,0 -91.11548543499997,14.32647416500003,0 -91.1153781099999,14.32657352400014,0 -91.115324656,14.3267577930001,0 -91.115307047,14.32681849700007,0 -91.11521784399994,14.32698774900012,0 -91.11545142899992,14.32715616500016,0 -91.11539195599995,14.3272670570001,0 -91.11517083399995,14.32728511500007,0 -91.11495018299992,14.32728056400011,0 -91.11491976199994,14.32727993700008,0 -91.11463271299993,14.32723405400005,0 -91.11450146099997,14.32732764600014,0 -91.114355995,14.32743461000009,0 -91.11432166699994,14.32743302600007,0 -91.11415350099996,14.32737885400007,0 -91.11414092999992,14.32741416000013,0 -91.1141377061526,14.32742752830731,0 -91.11411299999997,14.32752900000008,0 -91.11407776257555,14.32762427157666,0 -91.11405869999999,14.32767542000007,0 -91.1140272732991,14.32775184913109,0 -91.11433712133822,14.32791434271276,0 -91.11453104478028,14.32809424350293,0 -91.11464104601737,14.32833996231995,0 -91.11465010366828,14.32857774228823,0 -91.11455003053626,14.32888960579914,0 -91.11451611849623,14.32899809056952,0 -91.11458974799996,14.32901762800004,0 -91.11503188299994,14.32894071500007,0 -91.11538487799999,14.32905636600004,0 -91.11572625299995,14.32929444200012,0 -91.11512906499993,14.32950580900014,0 -91.11494434699991,14.32972193500006,0 -91.11456797999992,14.32980450600014,0 -91.11433520199994,14.32993333100011,0 -91.11437796599992,14.33027126300009,0 -91.11461473698122,14.33014430765853,0 -91.11499617433869,14.33002976379861,0 -91.11548750277436,14.32987708245171,0 -91.1162572071743,14.32978045573902,0 -91.11722150191683,14.32985996349628,0 -91.11725416383754,14.32997343462717,0 -91.11728687755584,14.33010583162368,0 -91.11725499199558,14.3302762485901,0 -91.11712644879414,14.33059201621398,0 -91.11699757755525,14.3307879199155,0 -91.11682983253348,14.33096499855296,0 -91.11655200579068,14.33111081965481,0 -91.11637763478952,14.33123113717399,0 -91.11625514672642,14.33139548057904,0 -91.11625561185711,14.33156581344593,0 -91.11621066411301,14.33169210351175,0 -91.11613980054966,14.33180584349692,0 -91.11622412156413,14.33188132865748,0 -91.11616262356195,14.33205411980089,0 
							</coordinates>
						</LinearRing>
					</outerBoundaryIs>
					<innerBoundaryIs>
						<LinearRing>
							<coordinates>
								-91.12135646399993,14.3293857860001,0 -91.12136354499991,14.32944424000004,0 -91.12131286099999,14.32957710400009,0 -91.12124524099991,14.32973904700011,0 -91.12108827199997,14.32989707700013,0 -91.12100793499991,14.33007564500004,0 -91.12085501499995,14.33015900200008,0 -91.12063375499994,14.33014298900002,0 -91.12042517799991,14.3300979080001,0 -91.11997418499996,14.33007834600006,0 -91.11973595399994,14.33007896800017,0 -91.11967189199997,14.32998788300006,0 -91.11975670099994,14.3298881130001,0 -91.11987997899995,14.32985460800005,0 -91.12002876999995,14.32981688900002,0 -91.12011812999998,14.32982495100011,0 -91.12019878699988,14.32976252200013,0 -91.12031774199994,14.32970414200007,0 -91.12037986699991,14.32970643500006,0 -91.12039518099992,14.32970700000011,0 -91.12063257999989,14.32971576200006,0 -91.12070881199993,14.32959112700013,0 -91.12083192999994,14.32949955300005,0 -91.12097644399994,14.32945354800013,0 -91.12118041299996,14.32937005700007,0 -91.12135646399993,14.3293857860001,0 
							</coordinates>
						</LinearRing>
						<LinearRing>
							<coordinates>
								-91.12032046599992,14.32860531100006,0 -91.12029676199992,14.32877024500008,0 -91.12026822799993,14.32893519200013,0 -91.12010410599996,14.32898743700006,0 -91.1199734289999,14.32890298700005,0 -91.11993984499995,14.32881700600012,0 -91.11989071499994,14.32869122500014,0 -91.12002005199996,14.32845786500013,0 -91.12003974699994,14.32842232900004,0 -91.12028105199994,14.32832748600018,0 -91.12035776899995,14.32811530700015,0 -91.12010641399995,14.32806885800004,0 -91.11984074599995,14.32808839400009,0 -91.11973422599999,14.32800388000005,0 -91.11974817699993,14.32780599700012,0 -91.11974768499994,14.3276269950001,0 -91.11961674999992,14.3274483320001,0 -91.11939942099993,14.3274771630001,0 -91.11922571599993,14.32755769700007,0 -91.11911012699987,14.32768989600012,0 -91.11892195399996,14.32777988900014,0 -91.11879174199996,14.32786501900007,0 -91.11863727099998,14.32791252800014,0 -91.11851637299996,14.32787044800008,0 -91.1184739939999,14.32776386400008,0 -91.11846772499995,14.32774809800008,0 -91.11848573299993,14.3277117030001,0 -91.11854940499994,14.32758301300009,0 -91.11876610099993,14.32732336300014,0 -91.11891052199995,14.32713456100004,0 -91.11906860299993,14.32701201700006,0 -91.11911782599998,14.32697385900013,0 -91.11929636199996,14.32689331300009,0 -91.11951362599993,14.32684092900009,0 -91.11971183599994,14.32688751900003,0 -91.11987153899994,14.32698602500006,0 -91.12001686399992,14.32712696500012,0 -91.12002241999991,14.32739074600005,0 -91.12009547099994,14.32760253300009,0 -91.12045804799997,14.32768637800011,0 -91.12075279299997,14.32769973900012,0 -91.12102693999994,14.32775245400014,0 -91.12104282399991,14.32775550900007,0 -91.12104468799997,14.32775067700005,0 -91.12109559199996,14.32761876200012,0 -91.12108560499993,14.32750102200008,0 -91.121283362,14.32738273900011,0 -91.12129731199997,14.3271848560001,0 -91.12121966199996,14.32705787200016,0 -91.12120933799993,14.32681765700012,0 -91.12129106699992,14.32667141300007,0 -91.12151818699989,14.32668966200001,0 -91.1216058629999,14.32694851700007,0 -91.12154876999989,14.32726898900006,0 -91.12166044599994,14.32747125400003,0 -91.12191203399999,14.32760249300007,0 -91.12225997499992,14.32763455600012,0 -91.12244361499995,14.32765291700003,0 -91.12266090399996,14.32760995200002,0 -91.12274754199996,14.32749195900007,0 -91.12283413999992,14.32735983400005,0 -91.12306111799994,14.32732626400003,0 -91.12318706799991,14.32744841000011,0 -91.12317777,14.32758033200004,0 -91.123052418,14.32767487400004,0 -91.12294162399996,14.32779293000004,0 -91.12298084599996,14.32800009500005,0 -91.12314079699995,14.32818810100004,0 -91.12320874699995,14.32830097800011,0 -91.12329126899994,14.32844208000011,0 -91.12325830399999,14.32849381700009,0 -91.12325251099992,14.32850290700003,0 -91.12315773799999,14.32849110700018,0 -91.12297707599997,14.32838480700011,0 -91.12277738399997,14.32838533100008,0 -91.12257739699994,14.32827908100015,0 -91.12241630299997,14.32826066000007,0 -91.12228137399991,14.32838663100013,0 -91.12203030399995,14.3284438160001,0 -91.12181556499996,14.32843336100008,0 -91.12178548499995,14.3284318960001,0 -91.12176856199991,14.32841822100005,0 -91.12166927499997,14.32833798800011,0 -91.121791563,14.32829998200013,0 -91.12189433599994,14.32819293900009,0 -91.12177121699992,14.32792946600005,0 -91.12130727799996,14.32788043400008,0 -91.12079223799996,14.32798855500007,0 -91.12045969199991,14.3282846240001,0 -91.12032046599992,14.32860531100006,0 
							</coordinates>
						</LinearRing>
						<LinearRing>
							<coordinates>
								-91.12436589599994,14.32729101700011,0 -91.12445902999995,14.32710204900009,0 -91.12457703799993,14.32687648800006,0 -91.12475145699992,14.32672992100004,0 -91.12490108699993,14.32665038500013,0 -91.12505058199993,14.32652214700013,0 -91.12497501699993,14.32629100800012,0 -91.12463767199993,14.32622492900009,0 -91.1242381599999,14.3262564190001,0 -91.12395098399998,14.32626934900018,0 -91.12368856299996,14.32620307200016,0 -91.12340752999995,14.32617945900007,0 -91.12320721099992,14.32599126100016,0 -91.12335571399994,14.32550384300003,0 -91.12337978199993,14.32517503600013,0 -91.12359820899997,14.32513793500013,0 -91.12380461999999,14.32527132600016,0 -91.12388565299995,14.32522241000004,0 -91.12395354299996,14.32493610300007,0 -91.12406557499995,14.32480796300015,0 -91.12441493399992,14.32470355200007,0 -91.12465776299993,14.32445939900004,0 -91.12483849099995,14.32433716700008,0 -91.12484412899988,14.32411798900008,0 -91.12452575399999,14.32413709000002,0 -91.12441976299993,14.3241921590001,0 -91.1241445379999,14.32401024700007,0 -91.12410037899998,14.3238459910001,0 -91.12441185299996,14.32358948300005,0 -91.12479833399999,14.32336321600009,0 -91.12498498599996,14.32312529900003,0 -91.12523457799995,14.32306985100009,0 -91.12512317099997,14.32342324000008,0 -91.12514120499996,14.32348895100007,0 -91.1251799359999,14.32363007700015,0 -91.12535554999992,14.32391574400007,0 -91.12566859199993,14.32422540000001,0 -91.1258502649999,14.32444408400012,0 -91.12587646699996,14.32445931900012,0 -91.12597534099991,14.32451680800006,0 -91.12596743799995,14.32455249400004,0 -91.12593217499993,14.32471173300015,0 -91.12567007699994,14.32476112700008,0 -91.12535164999997,14.32476196600005,0 -91.12506484699999,14.32490882900004,0 -91.12490345499998,14.3252501730001,0 -91.1249417599999,14.32555446500002,0 -91.12523620699993,14.32591287300011,0 -91.12548669699997,14.32618007900007,0 -91.12558706799994,14.32635027500002,0 -91.12576830399996,14.3264106760001,0 -91.12589664299992,14.32639107800006,0 -91.12593057299995,14.32638589600012,0 -91.12608091099999,14.32656204800011,0 -91.12605629099994,14.32668995800006,0 -91.12593200799989,14.32690336000012,0 -91.12578863799995,14.32698896800007,0 -91.12566410199997,14.3271110530001,0 -91.12572118899998,14.32743355800005,0 -91.12585904099991,14.32760974300011,0 -91.12597164699996,14.32768858800009,0 -91.12614660699997,14.32773682900012,0 -91.12632132999993,14.32769984200014,0 -91.12645882799991,14.32774818200005,0 -91.12646549399994,14.32790036000006,0 -91.12632195499992,14.32792509000016,0 -91.12615965199993,14.32793769400014,0 -91.12616007399998,14.32808988900007,0 -91.12607917499997,14.32818750800011,0 -91.12597308199996,14.32820605100002,0 -91.12588849099991,14.32825845600016,0 -91.12556740699993,14.32826799900011,0 -91.12542916799997,14.32795179500008,0 -91.12519155999996,14.32776990800003,0 -91.12519139999995,14.32776978600003,0 -91.12481692699996,14.32782556200012,0 -91.12459355999992,14.3276935690001,0 -91.12456051299995,14.32767404000009,0 -91.1242044679999,14.32762018600005,0 -91.12416638299999,14.32739503500012,0 -91.12436589599994,14.32729101700011,0 
							</coordinates>
						</LinearRing>
					</innerBoundaryIs>
				</Polygon>
				<Polygon>
					<outerBoundaryIs>
						<LinearRing>
							<coordinates>
								-91.12596581299994,14.33309171700007,0 -91.12620405599993,14.33310683400002,0 -91.12631274499996,14.33299239300005,0 -91.12656671099992,14.33285394900002,0 -91.12665518099998,14.33272775100006,0 -91.12679191199997,14.33253450800005,0 -91.12698085399994,14.33224271700003,0 -91.12719020099996,14.33202959900007,0 -91.12727047499996,14.33186012300008,0 -91.12749191099994,14.33163910000007,0 -91.12762402399994,14.33123724000005,0 -91.12778502099998,14.33105967700005,0 -91.12801053599996,14.33085438900003,0 -91.12840523099999,14.33051088000008,0 -91.12852977799996,14.33045284500003,0 -91.12865627999997,14.33019875300005,0 -91.12820809199997,14.33012714100004,0 -91.12738013499995,14.33036015900006,0 -91.126819153,14.33082330000008,0 -91.12667553599992,14.33118402500003,0 -91.12668022699995,14.33137471400005,0 -91.12668082199995,14.33158893800005,0 -91.12653452399996,14.33165359200007,0 -91.12613137699996,14.33153326100006,0 -91.12598216999997,14.33148442400005,0 -91.12542972599994,14.33134633000003,0 -91.12502315799998,14.33109413600005,0 -91.12500226399999,14.33108636400004,0 -91.12498741699993,14.33107196600002,0 -91.12468862299993,14.33088662300003,0 -91.12421598799996,14.33073439500003,0 -91.12407115299999,14.33073177100005,0 -91.12386557399996,14.33054664900004,0 -91.12387784499998,14.33051986800007,0 -91.12374029399994,14.33039860400005,0 -91.12294168399994,14.33054496900007,0 -91.12288737699998,14.33059820600005,0 -91.12281148099997,14.33074222000005,0 -91.12270172299996,14.33078019700003,0 -91.12217433699999,14.33129717700006,0 -91.12199844899999,14.33190356500007,0 -91.12179233099994,14.33227920300003,0 -91.12157727999993,14.33268212300004,0 -91.12572452399995,14.33308843000003,0 -91.12572759199999,14.33308447300005,0 -91.12581635699996,14.33306455700007,0 -91.12596581299994,14.33309171700007,0 
							</coordinates>
						</LinearRing>
					</outerBoundaryIs>
					<innerBoundaryIs>
						<LinearRing>
							<coordinates>
								-91.12453153999996,14.33171832500006,0 -91.12439393399995,14.33184572500006,0 -91.12417966499999,14.33196585300004,0 -91.12383514299994,14.33210127000007,0 -91.12378186399997,14.33223592000008,0 -91.12382084699999,14.33247494800003,0 -91.12385189699995,14.33261684900003,0 -91.12372819799998,14.33272841000007,0 -91.12362989999997,14.33271457900003,0 -91.12345328999997,14.33259547800004,0 -91.12334567899995,14.33248366900006,0 -91.12336032699992,14.33223702700007,0 -91.12349004199994,14.33202744800008,0 -91.12365043499994,14.33182526100005,0 -91.12357344099996,14.33169842500007,0 -91.12359614499995,14.33159374600007,0 -91.12392562699995,14.33156298900009,0 -91.12419360799998,14.33146513800005,0 -91.12436939099996,14.33128532900003,0 -91.12449168899997,14.33116544200004,0 -91.12464480899995,14.33110525700005,0 -91.12486750699999,14.33126160000006,0 -91.12482986899995,14.33150830100004,0 -91.12453153999996,14.33171832500006,0 
							</coordinates>
						</LinearRing>
					</innerBoundaryIs>
				</Polygon>
			</MultiGeometry>
		</Placemark>
		<Placemark id="ID_00013">
			<name>GT03-NAG</name>
			<Snippet maxLines="0"></Snippet>
			<description><![CDATA[<html xmlns:fo="http://www.w3.org/1999/XSL/Format" xmlns:msxsl="urn:schemas-microsoft-com:xslt">

<head>

<META http-equiv="Content-Type" content="text/html">

<meta http-equiv="content-type" content="text/html; charset=UTF-8">

</head>

<body style="margin:0px 0px 0px 0px;overflow:auto;background:#FFFFFF;">

<table style="font-family:Arial,Verdana,Times;font-size:12px;text-align:left;width:100%;border-collapse:collapse;padding:3px 3px 3px 3px">

<tr style="text-align:center;font-weight:bold;background:#9CBCE2">

<td>GT03-NAG</td>

</tr>

<tr>

<td>

<table style="font-family:Arial,Verdana,Times;font-size:12px;text-align:left;width:100%;border-spacing:0px; padding:3px 3px 3px 3px">

<tr>

<td>FID</td>

<td>13</td>

</tr>

<tr bgcolor="#D4E4F3">

<td>Name</td>

<td>Nanzalez</td>

</tr>

<tr>

<td>CODE</td>

<td>GT03-NAG</td>

</tr>

<tr bgcolor="#D4E4F3">

<td>INSTANCE</td>

<td>Nanzales</td>

</tr>

<tr>

<td>STATUS</td>

<td>Non Active</td>

</tr>

<tr bgcolor="#D4E4F3">

<td>PROJECT</td>

<td>1538</td>

</tr>

<tr>

<td>USE</td>

<td>Rubber</td>

</tr>

<tr bgcolor="#D4E4F3">

<td>HAS</td>

<td>131.39</td>

</tr>

</table>

</td>

</tr>

</table>

</body>

</html>]]></description>
			<styleUrl>#PolyStyle0020</styleUrl>
			<MultiGeometry>
				<Polygon>
					<outerBoundaryIs>
						<LinearRing>
							<coordinates>
								-88.8897919999999,15.60144000000007,0 -88.88980799999993,15.60148600000006,0 -88.88982699999994,15.60153200000009,0 -88.88988899999994,15.60153400000011,0 -88.88993899999993,15.60150200000012,0 -88.88996299999995,15.60142200000012,0 -88.88997699999997,15.60140600000007,0 -88.89001399999997,15.60136200000009,0 -88.89008299999992,15.60129100000007,0 -88.89015999999995,15.60129500000012,0 -88.8902077346644,15.60129160471684,0 -88.89029294362463,15.60126705198876,0 -88.8905054930532,15.60126631997955,0 -88.89062643400361,15.60131351461055,0 -88.8906639999999,15.60130000000005,0 -88.89066499999994,15.60129900000007,0 -88.89071299999991,15.60122200000013,0 -88.89074099999988,15.60110600000007,0 -88.89068799999991,15.60098500000004,0 -88.89057199999995,15.60095500000005,0 -88.89045599999993,15.60092800000009,0 -88.89025099999998,15.60088300000007,0 -88.89013399999995,15.60082200000007,0 -88.88978099999997,15.60107200000008,0 -88.88978199999991,15.60107300000003,0 -88.88975099999996,15.60113800000007,0 -88.88969899999992,15.60117500000013,0 -88.88967499999993,15.60122600000007,0 -88.88966599999995,15.60124400000008,0 -88.8896299999999,15.60135500000011,0 -88.88959799999992,15.601413,0 -88.88960299999992,15.60143100000007,0 -88.88963799999996,15.6014510000001,0 -88.8897019999999,15.60142700000009,0 -88.8897919999999,15.60144000000007,0 
							</coordinates>
						</LinearRing>
					</outerBoundaryIs>
				</Polygon>
				<Polygon>
					<outerBoundaryIs>
						<LinearRing>
							<coordinates>
								-88.89750399984889,15.60710999977808,0 -88.89752399983701,15.60714600006464,0 -88.89754600005649,15.60718700003883,0 -88.89754100018128,15.60719200017099,0 -88.89754200029171,15.60719299960649,0 -88.89731000006114,15.60744800042729,0 -88.89693599964613,15.60802200040459,0 -88.89668900030192,15.60838300021691,0 -88.89665099994799,15.60857500010315,0 -88.89668800015431,15.60885699993067,0 -88.89683200007964,15.60931799993218,0 -88.89684707514955,15.6095368867342,0 -88.91253535011955,15.59847610753958,0 -88.90924686477022,15.59419492553523,0 -88.90863199969039,15.59463000001783,0 -88.90750899986443,15.5954659996394,0 -88.90760599961195,15.59553899969968,0 -88.90779478575743,15.59570182209761,0 -88.90803101522393,15.59568519452502,0 -88.90814769864129,15.59570430292533,0 -88.90844456691507,15.59581603213631,0 -88.90876351070889,15.59599732218976,0 -88.90895052974169,15.59618130843878,0 -88.90913009623485,15.59635428364082,0 -88.90927585917316,15.5965124029896,0 -88.90932760541455,15.59664427385127,0 -88.90932647993466,15.59679037232178,0 -88.90930367048512,15.59685820902741,0 -88.90940899961478,15.59693100030207,0 -88.90966599956994,15.59716699999805,0 -88.90988699967588,15.59756099989966,0 -88.91001700031053,15.59752700012792,0 -88.910152999537,15.59758899993927,0 -88.91023900010453,15.59775800040744,0 -88.9103629995554,15.59784400042648,0 -88.91054899983902,15.59794200028716,0 -88.91074799972613,15.59801599965479,0 -88.91092100024451,15.59823500043496,0 -88.91093100025597,15.59823899975316,0 -88.91093500032848,15.598338999644,0 -88.91087199992626,15.59838600003304,0 -88.91084800001353,15.59855099994252,0 -88.91081788450457,15.59863115420346,0 -88.91073558049825,15.59856488948308,0 -88.91051641018299,15.59845203873956,0 -88.91022517176677,15.5983803909069,0 -88.91005000011438,15.59838300024875,0 -88.90990400044404,15.59834000014688,0 -88.90981299997947,15.59805600002809,0 -88.90938699989444,15.59766899959539,0 -88.90903399957776,15.59727799983432,0 -88.90862300023866,15.59679499960818,0 -88.90814300040421,15.59660400043645,0 -88.90766500029359,15.59659399999131,0 -88.90714800043962,15.59640000007671,0 -88.90691399979379,15.59650199978382,0 -88.90665200008351,15.59666100002739,0 -88.90618900005242,15.59668700031163,0 -88.90558700037678,15.59665999963077,0 -88.90521999961324,15.59682499980632,0 -88.90470000022802,15.59678000016371,0 -88.90469500012475,15.59678400022188,0 -88.90453500035315,15.59676999983334,0 -88.90417099968404,15.59664899965724,0 -88.90399699968722,15.59665200043691,0 -88.9036920004372,15.59671300013277,0 -88.90350199985807,15.59679900029641,0 -88.90332999989761,15.59698100029619,0 -88.90286099969138,15.59787699996367,0 -88.90268900024107,15.59820600006929,0 -88.90214099964082,15.5991290001654,0 -88.90192300032224,15.59953300009694,0 -88.90176199997654,15.59992499980141,0 -88.90165700043353,15.60028200031048,0 -88.90154599992975,15.60104200007118,0 -88.90144999978834,15.60180100006902,0 -88.90121200021795,15.60216899978616,0 -88.90076399955679,15.60257200036634,0 -88.90039699988853,15.60294400002939,0 -88.89984999976248,15.60308999976781,0 -88.89968599983791,15.60319600009572,0 -88.89939099969611,15.60350799972736,0 -88.8992400003482,15.60377800009382,0 -88.89912799975056,15.60415299963543,0 -88.89910300001075,15.60447800035735,0 -88.89917000029259,15.60478599988994,0 -88.89947399967006,15.60524099970942,0 -88.89949700024829,15.60537400034386,0 -88.89949699995621,15.60537499971174,0 -88.89927499993419,15.60531400030251,0 -88.89906600040548,15.6052569998195,0 -88.89895199986296,15.60524799975958,0 -88.89875999972237,15.60523200034848,0 -88.89868800035207,15.60528499971231,0 -88.89865399957888,15.60530999998948,0 -88.89836699985916,15.60552000023601,0 -88.89813700006987,15.60568800027953,0 -88.89740500004417,15.60548200026867,0 -88.89722899996549,15.60538099997389,0 -88.89672400044543,15.60509399975065,0 -88.89613399974168,15.60433700002521,0 -88.89611899998683,15.60432900039941,0 -88.89589300002594,15.60421399993496,0 -88.89569800002293,15.60375399979946,0 -88.89557399980585,15.60352199991799,0 -88.89519699975946,15.60281399995369,0 -88.89500100015,15.60244499967459,0 -88.89498099976632,15.60240699957847,0 -88.89419799974803,15.60183899996209,0 -88.89385999969323,15.60142600012207,0 -88.89377099982343,15.60128799978821,0 -88.893712000373,15.60119899979286,0 -88.89358999991792,15.60101000005829,0 -88.89363500028411,15.60086299993693,0 -88.89366199955499,15.60077300026402,0 -88.89396199993136,15.60057899956402,0 -88.89418699977422,15.60043300017784,0 -88.894386999709,15.6001509995799,0 -88.89450300044794,15.5996980000558,0 -88.89484099962654,15.59897400024704,0 -88.89487799984263,15.59883999996077,0 -88.89504799990672,15.59885100015925,0 -88.89527800011072,15.59854100028028,0 -88.89550600001749,15.59841800030661,0 -88.89570599956549,15.59801999993939,0 -88.89586999998073,15.59791000036887,0 -88.89603100027897,15.59766099958329,0 -88.89581900001596,15.5974509999659,0 -88.89557700042538,15.59725300043945,0 -88.89543400007952,15.59700400015301,0 -88.89496600027313,15.59735799960514,0 -88.89442699954597,15.59776599999251,0 -88.89399300027185,15.5980739997774,0 -88.89383600016767,15.59818499957507,0 -88.89299399963834,15.59878499962512,0 -88.89265800020081,15.59902400022236,0 -88.89185500002124,15.59959899993007,0 -88.89185100032424,15.59960200039131,0 -88.89166500003157,15.59973300036428,0 -88.89135400027604,15.59995300028574,0 -88.89056200022112,15.60051900038638,0 -88.8905389999028,15.6005879996834,0 -88.89051799979879,15.60064199963242,0 -88.89058600026127,15.60069199971264,0 -88.89071700032433,15.60074500019155,0 -88.8907819997364,15.60079499992787,0 -88.89084400003148,15.60086399999182,0 -88.89087299968152,15.60093100003003,0 -88.89086999957283,15.6010470003858,0 -88.89082099956539,15.60113000016325,0 -88.89079700018897,15.60123099991537,0 -88.89077799958248,15.60129699969955,0 -88.8907690003421,15.60132600037146,0 -88.89085199965234,15.60135300009477,0 -88.89088399976178,15.60135300038066,0 -88.89090299956634,15.60135300034863,0 -88.89093900037938,15.60132499976125,0 -88.89096900030385,15.60129000032364,0 -88.89098500001695,15.60121199969825,0 -88.89102699964906,15.60117200001206,0 -88.89108099985617,15.60108000002021,0 -88.89114100007157,15.60102799963491,0 -88.89127300028197,15.60097699978389,0 -88.89137699958243,15.60097199979721,0 -88.89143300045767,15.60103599962722,0 -88.89149299965987,15.60105100009098,0 -88.8915050004338,15.60105400018867,0 -88.89164200029954,15.60103200027654,0 -88.89176399978528,15.601049999822,0 -88.89185699996627,15.60101299990833,0 -88.89183299963238,15.60096399986394,0 -88.89177099970946,15.60093200012844,0 -88.89173600001146,15.60087700018421,0 -88.89174400043684,15.60083999992231,0 -88.89175700041183,15.60078199983956,0 -88.89188900029943,15.60074799967312,0 -88.89191400005241,15.60073800008336,0 -88.89195700024131,15.6007219995571,0 -88.89200499988229,15.60068800000513,0 -88.89208900017478,15.60065100008498,0 -88.89217000029399,15.60061099995743,0 -88.89217800025737,15.6006090001142,0 -88.89229300012251,15.60057200010116,0 -88.89238200007773,15.60056700012775,0 -88.89248299997774,15.6005760004257,0 -88.89256399987481,15.60057900005172,0 -88.89263199986939,15.60061500025871,0 -88.89260200034404,15.60068400014285,0 -88.89252699975636,15.60074100013223,0 -88.89239799992933,15.60082099986357,0 -88.89231999985492,15.60086700015053,0 -88.89226600013858,15.60088299979367,0 -88.89221800022989,15.60089799967423,0 -88.89208700036177,15.6009779999314,0 -88.89201199967924,15.60104300008036,0 -88.89192499997584,15.60106299960779,0 -88.89192399995464,15.60113500003906,0 -88.89195399979818,15.60117000042801,0 -88.89194200016864,15.6012309996196,0 -88.89186400015943,15.60126200017806,0 -88.89177400033961,15.60128699981782,0 -88.89168499987822,15.60130100014109,0 -88.8915540001021,15.6012480001921,0 -88.89151199971566,15.60124299955133,0 -88.89139900005152,15.60123000022278,0 -88.89131200013635,15.60126699957388,0 -88.89127600042089,15.60134200029817,0 -88.89122199958905,15.60135799965782,0 -88.89118299989842,15.60139600001962,0 -88.89117099960609,15.60143599978827,0 -88.8911229995785,15.60147299993699,0 -88.89103600021714,15.60151899979483,0 -88.89100900041785,15.6015319998966,0 -88.8909760004403,15.60154699997492,0 -88.89092199994622,15.60155899998218,0 -88.89087399955788,15.60161899995846,0 -88.890820000288,15.60161900031858,0 -88.8907810000363,15.60159200019558,0 -88.89077299993079,15.60158599962743,0 -88.89073800041434,15.60153100044549,0 -88.89067800036979,15.60149899968679,0 -88.8905379997296,15.60147199988912,0 -88.89049206143203,15.60147450341044,0 -88.89034320057975,15.60148485701278,0 -88.89011534258603,15.60150316076041,0 -88.89006600000234,15.60157599970433,0 -88.89000099979697,15.60164299970194,0 -88.88998699956745,15.60165799966995,0 -88.8898810000484,15.60174500011233,0 -88.88971699984826,15.60176600043969,0 -88.88957800004835,15.60175399965858,0 -88.88947100037186,15.60173399984144,0 -88.88941200007712,15.60172599989774,0 -88.8893329999226,15.6016709997101,0 -88.88927699993403,15.60165199978167,0 -88.88918200018409,15.60166200009273,0 -88.88914100031943,15.6017699997414,0 -88.88913600024679,15.60185100028219,0 -88.88916699953991,15.60195499983467,0 -88.88914299957601,15.6020549999498,0 -88.88904600033304,15.60218199988737,0 -88.88896199995889,15.60224299958044,0 -88.88882700038863,15.60226899991239,0 -88.88864399987644,15.60229799957958,0 -88.88854000010701,15.60234000003278,0 -88.88854400045116,15.60242099967224,0 -88.88860600040336,15.6025139995672,0 -88.8886930002095,15.60262199976468,0 -88.88883099989555,15.60274999976087,0 -88.88885700026083,15.60277800005472,0 -88.88887899988276,15.60280100038792,0 -88.88887800006522,15.60284500039028,0 -88.88887800023663,15.60286599972252,0 -88.88886099998612,15.60294699989992,0 -88.88882099965737,15.60298899983836,0 -88.88878199983597,15.60297699979158,0 -88.88874200017491,15.60294199976733,0 -88.8886869998947,15.60287599976221,0 -88.88863599990925,15.60280300008835,0 -88.88854099992643,15.60275600008691,0 -88.88843000009028,15.60276300024906,0 -88.88837500030718,15.60276800031452,0 -88.88838500034505,15.60280299994699,0 -88.88847299964445,15.60307900037004,0 -88.88861700034353,15.60354799987179,0 -88.88866400002759,15.60369799998822,0 -88.88916300040231,15.60364100014701,0 -88.88988599992288,15.60378000020506,0 -88.89026799985548,15.60387399984999,0 -88.89056999957364,15.60390700001883,0 -88.89139899994001,15.60397799969137,0 -88.89147100027839,15.60398399981803,0 -88.89210699989206,15.60399000028566,0 -88.89241600030215,15.60394399978442,0 -88.89250399963554,15.60393000007081,0 -88.8928560004385,15.60393699987508,0 -88.89315499974485,15.6040499998824,0 -88.89322799992847,15.6041180000642,0 -88.89323800016624,15.60411800000247,0 -88.89339500026,15.60426300003922,0 -88.89358200041966,15.60455700039806,0 -88.89371499968469,15.60487200009031,0 -88.89376099989393,15.60515500020033,0 -88.89374100001497,15.60565500041651,0 -88.89375799988066,15.60592900020869,0 -88.89385699962133,15.60617699968924,0 -88.89396400011501,15.60630400041836,0 -88.89402900019417,15.60635100038898,0 -88.89441899991554,15.60650999990807,0 -88.89493699972464,15.60658400009242,0 -88.89528799961745,15.60670200026817,0 -88.89557100044196,15.60679799973063,0 -88.89598999990255,15.60691699965319,0 -88.89650199961083,15.606891000246,0 -88.89750399984889,15.60710999977808,0 
							</coordinates>
						</LinearRing>
					</outerBoundaryIs>
				</Polygon>
			</MultiGeometry>
		</Placemark>
		<Placemark id="ID_00001">
			<name>GT04-SCL</name>
			<Snippet maxLines="0"></Snippet>
			<description><![CDATA[<html xmlns:fo="http://www.w3.org/1999/XSL/Format" xmlns:msxsl="urn:schemas-microsoft-com:xslt">

<head>

<META http-equiv="Content-Type" content="text/html">

<meta http-equiv="content-type" content="text/html; charset=UTF-8">

</head>

<body style="margin:0px 0px 0px 0px;overflow:auto;background:#FFFFFF;">

<table style="font-family:Arial,Verdana,Times;font-size:12px;text-align:left;width:100%;border-collapse:collapse;padding:3px 3px 3px 3px">

<tr style="text-align:center;font-weight:bold;background:#9CBCE2">

<td>GT04-SCL</td>

</tr>

<tr>

<td>

<table style="font-family:Arial,Verdana,Times;font-size:12px;text-align:left;width:100%;border-spacing:0px; padding:3px 3px 3px 3px">

<tr>

<td>FID</td>

<td>1</td>

</tr>

<tr bgcolor="#D4E4F3">

<td>Name</td>

<td>Santa Clara</td>

</tr>

<tr>

<td>CODE</td>

<td>GT04-SCL</td>

</tr>

<tr bgcolor="#D4E4F3">

<td>INSTANCE</td>

<td>Santa Clara</td>

</tr>

<tr>

<td>STATUS</td>

<td>Active</td>

</tr>

<tr bgcolor="#D4E4F3">

<td>PROJECT</td>

<td>1538</td>

</tr>

<tr>

<td>USE</td>

<td>Rubber</td>

</tr>

<tr bgcolor="#D4E4F3">

<td>HAS</td>

<td>207.59</td>

</tr>

</table>

</td>

</tr>

</table>

</body>

</html>]]></description>
			<styleUrl>#PolyStyle0015</styleUrl>
			<gx:balloonVisibility>1</gx:balloonVisibility>
			<MultiGeometry>
				<Polygon>
					<outerBoundaryIs>
						<LinearRing>
							<coordinates>
								-92.00709817899991,14.64154492100001,0 -92.00718627299992,14.64159697300005,0 -92.00725584299991,14.64162605800006,0 -92.00734049999987,14.64165841199997,0 -92.00740118499994,14.64172513199998,0 -92.00744460299987,14.64177492100003,0 -92.00755289799999,14.64178841600008,0 -92.00763101699997,14.64174206400007,0 -92.00769614399991,14.64168515100007,0 -92.00775850599993,14.64165631700008,0 -92.0078505389999,14.64160535500003,0 -92.00798766699997,14.64153754500001,0 -92.00807374899992,14.64155204600006,0 -92.00816360299997,14.64155405800006,0 -92.00820718899995,14.64156378100006,0 -92.00828480499995,14.64151742900004,0 -92.00836409799993,14.64144366799997,0 -92.00841522799999,14.64139488500012,0 -92.00848404299992,14.64135574199998,0 -92.00841891599995,14.64129740400005,0 -92.00835638699994,14.64122666000004,0 -92.00829058899998,14.64114870900009,0 -92.00822395299998,14.64106799100007,0 -92.00814256400001,14.64096522900009,0 -92.00806855199994,14.64087705100007,0 -92.00796461699994,14.640736487,0 -92.00785783099997,14.6406143620001,0 -92.00778859699994,14.64050958900005,0 -92.00768407399991,14.64039919900007,0 -92.00759723799989,14.64028528900014,0 -92.00753202699994,14.64022301100005,0 -92.0074749459999,14.64013516900007,0 -92.00738810899992,14.64004875200001,0 -92.00737595599999,14.64003265800002,0 -92.00727352899995,14.63994003800009,0 -92.00720345599993,14.63984549000007,0 -92.00715517599993,14.63978254200002,0 -92.00710295699996,14.63970794300007,0 -92.00700857699999,14.63960752800012,0 -92.00694059999994,14.63951566300005,0 -92.00683314400003,14.63939261600009,0 -92.00671747299994,14.63927024000008,0 -92.00660641300001,14.63914954100004,0 -92.00653600499996,14.63905113699999,0 -92.00644196,14.63894569300006,0 -92.00638244899991,14.63883974600008,0 -92.00633131899998,14.63876338700007,0 -92.00627901599992,14.63871485600006,0 -92.00626761699993,14.63870856900005,0 -92.00623668699997,14.6387184600001,0 -92.00621548099997,14.63880403899997,0 -92.00617214699997,14.63890411900009,0 -92.00613367399995,14.63905331700008,0 -92.0060934409999,14.63917460300008,0 -92.00606510999998,14.63927912500002,0 -92.006022194,14.63940803900004,0 -92.0060244579999,14.639423881,0 -92.00602403799994,14.63953787500002,0 -92.0059791949999,14.63969612500007,0 -92.00595706699991,14.63982302700008,0 -92.00592504799992,14.63994691100003,0 -92.00589009599994,14.64003701700003,0 -92.00586394399994,14.64022728600006,0 -92.00585639999994,14.64034228600016,0 -92.00581122199993,14.64049886000004,0 -92.00576176899993,14.64064705200006,0 -92.00572438499992,14.64078929300009,0 -92.00577928699995,14.64078468300007,0 -92.00588632399995,14.64084654100004,0 -92.00599763499997,14.64088635500005,0 -92.006137278,14.64098769200009,0 -92.0062371059999,14.64107461300008,0 -92.0063542019999,14.64116756800013,0 -92.00639250699997,14.64118424800009,0 -92.006457215,14.64119539600004,0 -92.00661739299994,14.64123001300006,0 -92.00672007199999,14.64131131800004,0 -92.00678167899991,14.641344175,0 -92.00678721099993,14.64135482000009,0 -92.00683901099997,14.64137652900001,0 -92.00692132099995,14.64141106200003,0 -92.00694202399995,14.64142355100007,0 -92.00699625500003,14.64145573800009,0 -92.00709817899991,14.64154492100001,0 
							</coordinates>
						</LinearRing>
					</outerBoundaryIs>
				</Polygon>
				<Polygon>
					<outerBoundaryIs>
						<LinearRing>
							<coordinates>
								-92.00611509654119,14.64596811737737,0 -92.00611317001132,14.64596998262017,0 -92.00601283901183,14.6459786156208,0 -92.00586037201244,14.64599856462173,0 -92.00578585701301,14.64603326562219,0 -92.00565811701345,14.64603242762303,0 -92.00556281501385,14.64604223462365,0 -92.00547874401425,14.64605648362412,0 -92.0054333980145,14.64606997862447,0 -92.00529627001521,14.64610250062528,0 -92.00516953601576,14.64610618862611,0 -92.00511781901609,14.6461282326264,0 -92.00504808201653,14.64616427562681,0 -92.00500474701678,14.64617131562703,0 -92.00491749201755,14.64622873162766,0 -92.00489821301757,14.64623241962775,0 -92.00486242301771,14.64622688762793,0 -92.00484532401781,14.64623057562807,0 -92.00477826801813,14.6462458306285,0 -92.00466033501884,14.64629344062926,0 -92.00452278801997,14.64638279163002,0 -92.00441328342454,14.64644334981159,0 -92.00439484485582,14.64646552284025,0 -92.0043605140215,14.64651363263098,0 -92.00430142202227,14.64660231363126,0 -92.00421869302286,14.6466558736318,0 -92.0041592695742,14.6466748785687,0 -92.00414383958136,14.64668080390529,0 -92.00412973588513,14.64668519001088,0 -92.00412382616878,14.64668621414731,0 -92.00406773402381,14.64670415363276,0 -92.00390269502444,14.64671261963383,0 -92.00376213002464,14.64665511963468,0 -92.00365157302437,14.64656677463544,0 -92.00356339502478,14.64658035263596,0 -92.00345376002576,14.64666350163669,0 -92.00338025102661,14.64674648263707,0 -92.00323784202753,14.64681362163793,0 -92.00307590402844,14.64685083663897,0 -92.00296291602903,14.64687673663957,0 -92.00296083592448,14.64688194834467,0 -92.00295995895735,14.64688797682226,0 -92.00295623449848,14.6469012151654,0 -92.00295082225048,14.64691388939863,0 -92.00291827937404,14.64697826839033,0 -92.00291185022306,14.64698930585376,0 -92.00290414083756,14.64699953658498,0 -92.00289525677142,14.64700882050864,0 -92.00284538231261,14.64705517786236,0 -92.00283377420446,14.64706458860518,0 -92.00279381415736,14.64709274652807,0 -92.0027848399172,14.6470984505434,0 -92.00277303350286,14.64710430005464,0 -92.00275622026854,14.64711143563548,0 -92.00271380603176,14.64713992864104,0 -92.00266552603222,14.64718636464123,0 -92.00265652261162,14.64721038536725,0 -92.00264475689316,14.64724713785397,0 -92.00265010303363,14.64738711064135,0 -92.00264524203411,14.64746204564121,0 -92.00250392303485,14.64748593364212,0 -92.00230879203512,14.64742156064337,0 -92.00214802703556,14.6474039586444,0 -92.00205540703557,14.64735593064505,0 -92.00196999603585,14.64736028864566,0 -92.00187217903559,14.64725350364626,0 -92.00183890303533,14.6472005296466,0 -92.00175248503527,14.64714386864714,0 -92.00166724103612,14.64721813164759,0 -92.00155484003713,14.6473059746483,0 -92.00150178203774,14.64736347364854,0 -92.00144134903823,14.64740303664894,0 -92.00131620703944,14.64751443164964,0 -92.00123993204004,14.64756187365009,0 -92.00112811704108,14.64765793065076,0 -92.00102393004205,14.64774627565141,0 -92.00089971004316,14.6478463556521,0 -92.00189678737696,14.64969692210465,0 -92.00197125305117,14.64963253864422,0 -92.00203503905038,14.64956020364386,0 -92.00214283004955,14.6494856046433,0 -92.00222631404915,14.64947479164263,0 -92.00228632904917,14.64951519264235,0 -92.0023662080493,14.64957864364172,0 -92.00242689304908,14.64957034564142,0 -92.00252286604857,14.64955416864077,0 -92.00261448004854,14.64959683264014,0 -92.00270643004882,14.64969389463953,0 -92.00279519404896,14.64977343863895,0 -92.00291354604892,14.64982104763816,0 -92.00299744904886,14.64985608463759,0 -92.0030468190491,14.64992330763721,0 -92.00309551804914,14.64997175463696,0 -92.00315737604964,14.65006043563647,0 -92.00318998205013,14.65015179763621,0 -92.00321118805081,14.65027828063606,0 -92.00327145405117,14.65035581363551,0 -92.00331847605098,14.65035329863524,0 -92.00340170805003,14.65026252263471,0 -92.0034615550496,14.65021541663437,0 -92.00353405904892,14.65016965163394,0 -92.00360547304832,14.65011651063358,0 -92.00363019904763,14.65002263263342,0 -92.00368124504672,14.64991668563317,0 -92.00370412804641,14.64988299063308,0 -92.00377026104566,14.64981006763271,0 -92.00386279704468,14.64972021363222,0 -92.00397528204388,14.64964527963153,0 -92.00408634204338,14.64963698163084,0 -92.00416320404324,14.64966137263026,0 -92.00419958204343,14.64970504263009,0 -92.00424107204357,14.64975893862971,0 -92.00436185504334,14.64979120862894,0 -92.00445162604261,14.64972934962842,0 -92.00452421304185,14.649665395628,0 -92.0046172520412,14.6495999336275,0 -92.00468170904031,14.64952592162713,0 -92.00476133703981,14.64947588162668,0 -92.00481087403931,14.64942265662633,0 -92.00487524703874,14.64939105662593,0 -92.00488404803878,14.64938401562592,0 -92.00493601603878,14.64941938762553,0 -92.00500986003905,14.64950848662498,0 -92.00506409103916,14.64955810762467,0 -92.00512293203883,14.6495333816243,0 -92.00516140503854,14.64950706162407,0 -92.0051790910383,14.64948191662396,0 -92.00520851103801,14.64945484262375,0 -92.00522401803782,14.64944822062373,0 -92.00528218803737,14.64940103062342,0 -92.00533843103673,14.64934260862301,0 -92.00541646703593,14.64926859662264,0 -92.00551436703542,14.64923532062202,0 -92.00558309903512,14.64923146462163,0 -92.00562249403491,14.64923356062134,0 -92.00571469503431,14.64918117362075,0 -92.0058350590335,14.64912509862002,0 -92.00596791203225,14.64902225261921,0 -92.00604033203183,14.64898889261886,0 -92.00606857903151,14.6489677706187,0 -92.00609406003126,14.64893197961853,0 -92.00616941303063,14.64888772361806,0 -92.00626052403037,14.6489004636175,0 -92.00631752103016,14.64889853561708,0 -92.00639723302992,14.64891655661659,0 -92.00646462402992,14.6489405296161,0 -92.00652690102957,14.64892426861574,0 -92.00660309302911,14.64890146961531,0 -92.00669051602871,14.64888118561475,0 -92.00675271002837,14.64886048161437,0 -92.00684013302779,14.64883483361385,0 -92.00692596302703,14.64877691461335,0 -92.00700492102648,14.64873089761288,0 -92.007080526026,14.64869913061241,0 -92.00711120402576,14.64869275961221,0 -92.00720625402539,14.64867557761158,0 -92.00724749302515,14.64865772361134,0 -92.00727741702487,14.64864758161126,0 -92.00732863002486,14.64866970961086,0 -92.00735050702514,14.64872310261064,0 -92.00739023702518,14.64874564961039,0 -92.00745385602484,14.64873425061006,0 -92.00752258702467,14.64874036960959,0 -92.00762585202449,14.64876853260897,0 -92.00769709902427,14.64876643660844,0 -92.00779080802384,14.6487713826079,0 -92.00789742602375,14.64880775960714,0 -92.00799356602363,14.64884430460656,0 -92.00801946702376,14.64886928260642,0 -92.00802659102372,14.64887892260628,0 -92.00810747702411,14.64898268960574,0 -92.00811636102411,14.64898906060564,0 -92.00818400302448,14.64907648360518,0 -92.00821459702469,14.64912141060494,0 -92.00825206402486,14.64917580960467,0 -92.00829355502502,14.64922325060439,0 -92.00833663802538,14.64929868760407,0 -92.00843646602547,14.64936096560347,0 -92.00854618502534,14.64940564060264,0 -92.00858474202576,14.64949113660234,0 -92.00863821902611,14.64957101560202,0 -92.00866680102617,14.64959490460174,0 -92.00879864802542,14.64955467160105,0 -92.00893368102479,14.64954285260014,0 -92.00905505102438,14.64953581159938,0 -92.00918069502373,14.64951359959858,0 -92.0093785080233,14.64955894559739,0 -92.00952544302197,14.64944805359645,0 -92.00958705002108,14.64935057159612,0 -92.00956458702055,14.64925015659638,0 -92.00955645601955,14.64910514959645,0 -92.00952510801902,14.64899543059673,0 -92.00945880701849,14.64888302959723,0 -92.00937758601782,14.6487492535978,0 -92.00932243301786,14.64871673259823,0 -92.00930374201774,14.64869577759835,0 -92.00925227701741,14.64861128759872,0 -92.00923224401723,14.64858061059886,0 -92.00917516301688,14.64848027859926,0 -92.00911514901617,14.64835178459975,0 -92.00910345907975,14.64824473308209,0 -92.00902187712686,14.64811185232402,0 -92.00871188762702,14.6476069392507,0 -92.00868057242793,14.64754389223533,0 -92.00867241701232,14.64753387860301,0 -92.0086660873189,14.64751472929222,0 -92.00860166936438,14.64738503618225,0 -92.00851438599994,14.64727831100001,0 -92.00846484899996,14.64716356200004,0 -92.00844033547413,14.64706022071606,0 -92.00836352092874,14.6469055686449,0 -92.00837548726322,14.64603924006414,0 -92.00860595121689,14.64545360667468,0 -92.00862103599805,14.64536841360467,0 -92.00849455299849,14.64536497660547,0 -92.00836890799917,14.64540353360624,0 -92.00821836900006,14.64545139460722,0 -92.00808090600087,14.64548634660794,0 -92.00794687900157,14.64552507160885,0 -92.0077593760026,14.64557670360997,0 -92.00751311600368,14.64560419661159,0 -92.00732209200467,14.64564451361278,0 -92.00714791600554,14.64567276061388,0 -92.00697508100662,14.64573176861493,0 -92.00677869300756,14.64577770161608,0 -92.0065878370086,14.6458150016173,0 -92.00639245500955,14.64585942561855,0 -92.00619866601068,14.64591550061978,0 -92.0061274200111,14.64594181962015,0 -92.00610664228478,14.64595420258557,0 -92.00610948201127,14.64595363762028,0 -92.0061150315959,14.64595975721855,0 -92.00611501401129,14.64595749362019,0 -92.00612096501128,14.64595816462017,0 -92.00611819901121,14.64596319362025,0 -92.00612203918384,14.64596729220651,0 -92.00612440201128,14.64596847362013,0 -92.00612565901129,14.64597115562009,0 -92.00612203918384,14.64596729220651,0 -92.00612172001124,14.6459671326202,0 -92.0061150315959,14.64595975721855,0 -92.00611509654119,14.64596811737737,0 -92.00611845101132,14.64596486962017,0 -92.00611702601127,14.64596738462011,0 -92.00611509801132,14.64596830662022,0 -92.00611509654119,14.64596811737737,0 
							</coordinates>
						</LinearRing>
					</outerBoundaryIs>
				</Polygon>
				<Polygon>
					<outerBoundaryIs>
						<LinearRing>
							<coordinates>
								-92.00301384600004,14.65111034900012,0 -92.00298635299997,14.65113499200009,0 -92.00291175399992,14.65119291100011,0 -92.00281938499991,14.65126449200007,0 -92.00276714880715,14.65131227285464,0 -92.00385644336059,14.65333391118776,0 -92.00419139720795,14.65316192435816,0 -92.00424137499989,14.6531122830001,0 -92.00429183399997,14.6530329900001,0 -92.00443860099996,14.65296710800006,0 -92.00462643999995,14.65285202500007,0 -92.00467555799995,14.65283953600006,0 -92.00476633399991,14.65281891600006,0 -92.00490263203008,14.65279672830284,0 -92.00521972078639,14.65263391244331,0 -92.00528668199996,14.65256318400008,0 -92.00538567299998,14.65253686500009,0 -92.00548927299994,14.65247685100013,0 -92.0056103079999,14.65240501800002,0 -92.00566026399999,14.6523771060001,0 -92.00575950599992,14.65232932900007,0 -92.00589294499994,14.65227325400004,0 -92.00599713299991,14.65220972000001,0 -92.0060807,14.65211441700004,0 -92.00608790899999,14.65204275200006,0 -92.00608631599997,14.65202607200011,0 -92.00602739099996,14.65198609000008,0 -92.00600098799997,14.65192314200005,0 -92.00600819699996,14.65187402400004,0 -92.00605119599999,14.65176581400005,0 -92.0060910939999,14.6516130120001,0 -92.00609126099992,14.65143288500004,0 -92.00611875399987,14.65136163900011,0 -92.00613761299992,14.65129240400009,0 -92.006144654,14.65121395000007,0 -92.00616552499996,14.65118059000004,0 -92.00622100453515,14.65114418448742,0 -92.00622533397708,14.65113481156165,0 -92.00642905849382,14.65100383568637,0 -92.00646145141471,14.65101281551081,0 -92.00649744799992,14.65099903800003,0 -92.00671889799999,14.65101035300009,0 -92.00678846799997,14.65102460200012,0 -92.00699030399997,14.65106198600012,0 -92.00709122199999,14.65110138100008,0 -92.00719121799987,14.65115292900007,0 -92.0072570999999,14.65118008700012,0 -92.00730211099992,14.65119760499999,0 -92.00733781799994,14.65120204700004,0 -92.00737402799992,14.65121587700003,0 -92.00740051499996,14.65123306000003,0 -92.00744359799999,14.65124705800005,0 -92.00751962099997,14.65127874200006,0 -92.007569158,14.65130623400003,0 -92.00766940600001,14.65124823200005,0 -92.00770821399995,14.65125795500003,0 -92.00774920199997,14.65125518899999,0 -92.00780695299994,14.65125996600006,0 -92.00785934000002,14.65124010100007,0 -92.00790896099994,14.65119928100007,0 -92.00800468199994,14.65114354200007,0 -92.00809453600003,14.65108193500005,0 -92.00812932099996,14.65105343600013,0 -92.00817910999992,14.65101647200007,0 -92.00822059999997,14.65098797300004,0 -92.00828589499994,14.6509965230001,0 -92.008308778,14.65099291900009,0 -92.00842126299997,14.6509167270001,0 -92.008493347,14.65088470800009,0 -92.00853751999989,14.65090180700008,0 -92.00864765799996,14.65083165100004,0 -92.00870800799997,14.65080885200012,0 -92.00878394799999,14.65078152700008,0 -92.00884756599999,14.65074146200002,0 -92.00898352099995,14.65065554700004,0 -92.00900145799996,14.65063861600007,0 -92.0090182219999,14.65063232900007,0 -92.00912400099995,14.65061078800006,0 -92.00916649799991,14.65059586800009,0 -92.00924386299988,14.65054574399999,0 -92.00928652699996,14.65052126900003,0 -92.009378811,14.65047173199999,0 -92.00946321699993,14.65044021600005,0 -92.0095735229999,14.65038288400005,0 -92.00966966299994,14.65034265100005,0 -92.00976513299997,14.65030518399999,0 -92.00985649599995,14.6502663750001,0 -92.00994375199998,14.65020434900013,0 -92.00999689299994,14.65015221400006,0 -92.01011734099997,14.65008985300005,0 -92.01015279599996,14.65005230200013,0 -92.01025471999998,14.64998675500005,0 -92.01035982899998,14.64995683200006,0 -92.01045647299996,14.64987368300011,0 -92.01052176799992,14.64982733100007,0 -92.01052486899989,14.64973881800014,0 -92.01047726000002,14.64967561900006,0 -92.01042730399995,14.64960646800011,0 -92.01037793399993,14.64952097300006,0 -92.01033216899997,14.64949884500005,0 -92.01031456699995,14.64949398300012,0 -92.01030811299998,14.64948543300007,0 -92.01031205199992,14.6494990960001,0 -92.01030400599996,14.64950085600007,0 -92.01017215799996,14.64956631900007,0 -92.01007165899989,14.64964158800006,0 -92.009974765,14.64971635500003,0 -92.00991072699992,14.64986144600004,0 -92.00985464440586,14.64990207418827,0 -92.00985642838609,14.64990610588114,0 -92.00975414042283,14.64998620369853,0 -92.00974717961513,14.64998107266247,0 -92.00964041099994,14.65006060000008,0 -92.00955449599995,14.65013285200013,0 -92.00940144199997,14.65014986700011,0 -92.00930345799996,14.65016738500004,0 -92.00916725199995,14.65021784400005,0 -92.00904554699993,14.65017601800006,0 -92.00893901299999,14.65026595600004,0 -92.00881730799996,14.65034114200013,0 -92.00866551099993,14.650355894,0 -92.00859552199989,14.65034633900013,0 -92.00848840199988,14.65035958200005,0 -92.00843291399995,14.65034441100007,0 -92.00836753499993,14.65031071600004,0 -92.00830710099991,14.65020946200007,0 -92.0082595759999,14.65016864200008,0 -92.00816217799994,14.65012044600006,0 -92.00810828199994,14.65007996200009,0 -92.00802714599993,14.6500264850001,0 -92.00800443099993,14.64998147500011,0 -92.00798582299991,14.64996471100007,0 -92.00795070299995,14.649950378,0 -92.00793242999993,14.64989405100009,0 -92.0078881739999,14.64984971100009,0 -92.00785682499998,14.64979263000005,0 -92.00779655899998,14.64974275800008,0 -92.00777811899997,14.64973420800012,0 -92.007717434,14.64963940900006,0 -92.00766865199992,14.64957042600006,0 -92.00763780599998,14.64950261600012,0 -92.00759480699999,14.64942634100005,0 -92.00758391099997,14.64941276200005,0 -92.00755415499998,14.64935769300012,0 -92.00751626899996,14.64932609300008,0 -92.00745549999989,14.64931628700005,0 -92.00734318199994,14.64940438000008,0 -92.00731124699995,14.64943472300009,0 -92.00724888599994,14.64946741200006,0 -92.00722147699997,14.64950228099997,0 -92.00714595599996,14.64955341100004,0 -92.00706213699996,14.64963370900007,0 -92.00697974299999,14.6496985010001,0 -92.00683607699993,14.64972113300006,0 -92.00675670099989,14.64971669000006,0 -92.00660163499997,14.64970185400007,0 -92.00647917599996,14.64970110000013,0 -92.00638471199993,14.64971032000006,0 -92.00632478099996,14.64971367300005,0 -92.00630114399996,14.64973270000007,0 -92.00626183299994,14.64974829000002,0 -92.00618086399994,14.64978642800009,0 -92.00609788299992,14.64978718200012,0 -92.00603346412684,14.64977151791831,0 -92.00598864428389,14.64978875071111,0 -92.0058820399238,14.64980903529491,0 -92.00582873999996,14.64983361800007,0 -92.00576822299993,14.64987200700003,0 -92.00568792399994,14.64991483800005,0 -92.00554995799999,14.6499873420001,0 -92.00551332899997,14.65001693000003,0 -92.00539933499995,14.65009756400013,0 -92.00531585100001,14.65016671500007,0 -92.00521442999997,14.65025019800005,0 -92.00507126699992,14.65033636400008,0 -92.00485182899996,14.65036209699999,0 -92.00471386299989,14.65044088700004,0 -92.00464186299999,14.650500482,0 -92.00460238399992,14.65052822600009,0 -92.00457053299998,14.65054146900008,0 -92.00449978899996,14.65059067100008,0 -92.00448704899998,14.65058991700006,0 -92.00446978199999,14.6506112070001,0 -92.00441027100001,14.65065999000006,0 -92.00436559499994,14.65070944300004,0 -92.00428060299991,14.65061196100008,0 -92.00407172599989,14.65073064900005,0 -92.00390919999997,14.6508592270001,0 -92.00382982399996,14.65094271100009,0 -92.00368096099999,14.65093374300003,0 -92.0035827249999,14.65089929300003,0 -92.00335708399989,14.65084380500005,0 -92.00330947499995,14.65085118100005,0 -92.00315097299992,14.65092586400001,0 -92.00301384600004,14.65111034900012,0 
							</coordinates>
						</LinearRing>
					</outerBoundaryIs>
				</Polygon>
				<Polygon>
					<outerBoundaryIs>
						<LinearRing>
							<coordinates>
								-92.00721839541214,14.6554283268606,0 -92.0072205549999,14.65543515999999,0 -92.00727218799994,14.65558561500009,0 -92.00733329199991,14.65574193700005,0 -92.00738056599994,14.65588384300007,0 -92.00745256600004,14.65607017300004,0 -92.00745600299997,14.65609783300001,0 -92.00750428299993,14.65623437400012,0 -92.00757561299999,14.65647107899999,0 -92.00760989399998,14.65653084200005,0 -92.00764962499989,14.65666201900006,0 -92.00782296199992,14.65665615200011,0 -92.00795397199994,14.65658272600008,0 -92.00813326099993,14.65646118900005,0 -92.00827667499999,14.65632070800006,0 -92.00843408699997,14.65623504500008,0 -92.008580603,14.656155836,0 -92.00860331800003,14.65614753800003,0 -92.00861287299993,14.65614133500005,0 -92.00879568199996,14.65602440800007,0 -92.00881571499993,14.65600722500008,0 -92.00899743499994,14.65590396000004,0 -92.00909198299996,14.65583120499998,0 -92.00920882599995,14.65576733500011,0 -92.00922743399997,14.65567605600002,0 -92.00929876399994,14.65558863200007,0 -92.00943672999998,14.65550674100004,0 -92.00960512299996,14.65539291500005,0 -92.00961166099997,14.65530951500008,0 -92.00959925499994,14.65527950799997,0 -92.00961149299995,14.6552647560001,0 -92.00968441599994,14.65522527700003,0 -92.00983034399995,14.65513894300007,0 -92.00998716999993,14.65505336400002,0 -92.01002840899999,14.65501103600005,0 -92.01018037299994,14.65491950500003,0 -92.01020635699997,14.65490425000002,0 -92.01037491699996,14.65478958600003,0 -92.01039729599995,14.65476234400009,0 -92.010452366,14.654749436,0 -92.01052905999995,14.6546978880001,0 -92.01057482499989,14.65467047900004,0 -92.01070952199996,14.65472420700004,0 -92.01075143199994,14.65475522000004,0 -92.01083742999994,14.65473015800009,0 -92.01085821700001,14.65471238800005,0 -92.01090213799988,14.65467399900006,0 -92.01107497299998,14.65454349300002,0 -92.01117681299999,14.65447308500005,0 -92.01133330399992,14.65437308900004,0 -92.01148627299992,14.6542814750001,0 -92.01142676199994,14.65411140600006,0 -92.01152248299999,14.65402012700006,0 -92.01164737299993,14.65390621700005,0 -92.01174326199992,14.65385768600012,0 -92.01192070699996,14.65377755500006,0 -92.01195515699996,14.65379239100004,0 -92.01205917599997,14.65387344400009,0 -92.0121719969999,14.65380437700005,0 -92.01226780199991,14.65373480699998,0 -92.01241683199999,14.65364503700002,0 -92.01249889099995,14.65358829100011,0 -92.01257273600002,14.65353179700007,0 -92.01271380299994,14.65342534700005,0 -92.01269041699999,14.65327589800003,0 -92.01260860999994,14.65311806600003,0 -92.01260718499994,14.6530780850001,0 -92.012639204,14.65304522800004,0 -92.01271874799993,14.65298580000009,0 -92.01288068699989,14.65288471400008,0 -92.01291563899996,14.65286904000002,0 -92.01306550799993,14.65277407300006,0 -92.01311294899995,14.65275219600004,0 -92.01329383099991,14.65265312200011,0 -92.01333926099993,14.65264264500012,0 -92.01339080900001,14.65263342500007,0 -92.01349139199991,14.65260802800002,0 -92.01364352399996,14.65252814800008,0 -92.01364343999995,14.65248473000002,0 -92.01362751399998,14.65244449699998,0 -92.01360513499999,14.65238071000005,0 -92.01357931799998,14.65233980700002,0 -92.01352508699993,14.65224634900002,0 -92.01357848000001,14.65218817800008,0 -92.01373002499992,14.65209212200004,0 -92.01379003899994,14.65202163000007,0 -92.01378651899999,14.65201199100008,0 -92.01369993400004,14.65186782200005,0 -92.01368509799993,14.651835132,0 -92.0136331299999,14.65170127300004,0 -92.01361125299998,14.65163807400004,0 -92.0135868619999,14.65159918200002,0 -92.01355844699992,14.65150362800002,0 -92.0136898759999,14.65141888700005,0 -92.01380898199989,14.6513307930001,0 -92.0139229759999,14.65126943800002,0 -92.01402724699992,14.65121202200005,0 -92.01417451699993,14.65111085200003,0 -92.01435397399993,14.65101705900008,0 -92.01445254499994,14.650932401,0 -92.014635857,14.65082109000005,0 -92.01464272999996,14.65081505500008,0 -92.01457626199996,14.65065621800007,0 -92.01452697599996,14.65051188100004,0 -92.01451071499996,14.65047718000009,0 -92.01443879899995,14.65033711900006,0 -92.01437995799996,14.65016579300008,0 -92.01437517999994,14.65010301200005,0 -92.01434425099993,14.650017601,0 -92.01444080999993,14.6499264890001,0 -92.01449017999994,14.64989547600002,0 -92.01454692500002,14.64985532700007,0 -92.01459478599998,14.64977083700009,0 -92.01460844799996,14.64974518900011,0 -92.01459654599994,14.64960965300008,0 -92.01459595899999,14.64958643500004,0 -92.01461867399992,14.64944453000001,0 -92.01468019699995,14.64939356800005,0 -92.01486392899996,14.64925996000001,0 -92.01490759800002,14.64923280300007,0 -92.01489242699992,14.64915191800004,0 -92.01479209599998,14.64902618900003,0 -92.01472856099994,14.64898847000003,0 -92.01467491699995,14.64898008900012,0 -92.01459688099997,14.64904815000008,0 -92.01453871099996,14.64909584300002,0 -92.01444684499991,14.64915602500003,0 -92.01444927599992,14.64919131200002,0 -92.01442035799994,14.64926825800008,0 -92.01437383900002,14.649301702,0 -92.01437065399989,14.64933682200007,0 -92.01436906099994,14.64934847300005,0 -92.01424727200002,14.64946146100008,0 -92.01421097900004,14.64953849100005,0 -92.01407477299996,14.64962348300007,0 -92.01407569499993,14.64972431800006,0 -92.01406286999993,14.64974988300004,0 -92.01389221499994,14.64984644200005,0 -92.01373253899997,14.64996571700005,0 -92.01356221899989,14.65008247600003,0 -92.01338770799994,14.65019303400003,0 -92.01322258499992,14.65025883200005,0 -92.01320221599997,14.65024340900003,0 -92.01317933399994,14.65024743200009,0 -92.01307807999999,14.65030711100005,0 -92.01289493599995,14.65042269800002,0 -92.01274196599996,14.650500817,0 -92.01258514099996,14.65060114900014,0 -92.01244910199991,14.65069200800003,0 -92.01230652599992,14.65079661500006,0 -92.01228992999998,14.65081145100005,0 -92.01226453299992,14.65087029200002,0 -92.01214693499993,14.65094497400007,0 -92.01197041199998,14.65106299100008,0 -92.011949793,14.65104723300001,0 -92.01190050700001,14.65098462100008,0 -92.0118073,14.65086132300008,0 -92.01174518999993,14.65072754800002,0 -92.01167914099989,14.65076426000005,0 -92.01163848899989,14.65078990900004,0 -92.01159532199996,14.65081480300006,0 -92.01141854699996,14.65092326500007,0 -92.01124747299995,14.65101337100006,0 -92.01122165699996,14.65102083000005,0 -92.01110640499992,14.65106198600008,0 -92.01107120099994,14.65109962000008,0 -92.01090607799995,14.65120875300005,0 -92.01074631899996,14.65128821300006,0 -92.01073081199992,14.65128846500008,0 -92.01058706299993,14.65129374500008,0 -92.01049494599994,14.65133037400007,0 -92.01031858999994,14.65141620500008,0 -92.01027894399992,14.65145124100004,0 -92.01013980399995,14.65151569800005,0 -92.01008775299991,14.65152198400004,0 -92.00994760699994,14.65163363100004,0 -92.00991466599999,14.65164997600004,0 -92.00988130599998,14.65167017700005,0 -92.00985574199991,14.65168006700006,0 -92.00980930599999,14.65171602600002,0 -92.00973923299995,14.65174821200002,0 -92.00969765899998,14.65178324800007,0 -92.00971886499995,14.65183873700004,0 -92.00974292099988,14.65189380600008,0 -92.00976043900005,14.65194745000007,0 -92.009782735,14.65203596300002,0 -92.00978826700002,14.65206437700007,0 -92.00984165999999,14.65218843000003,0 -92.0099081289999,14.65233033500004,0 -92.00997208199996,14.65250836700002,0 -92.01002237399993,14.65264960200008,0 -92.01007861599997,14.65281690500007,0 -92.010134775,14.65298412400004,0 -92.01017760699989,14.65309518400009,0 -92.01017718799996,14.65314178700003,0 -92.01017324799999,14.65317229700007,0 -92.01015338300002,14.65321764300008,0 -92.01008255599993,14.65323390400001,0 -92.01005581799994,14.65323331800005,0 -92.00989454999993,14.65320113100006,0 -92.00984970699996,14.65318755200008,0 -92.009822298,14.65317171100003,0 -92.00976278599995,14.65314773800008,0 -92.00965709099991,14.65316777100005,0 -92.00965231299996,14.65316165200007,0 -92.00962859199994,14.65316659800004,0 -92.00952230999994,14.65323985600006,0 -92.00943932899992,14.65326910800008,0 -92.00943413199992,14.65327631700007,0 -92.00941912799993,14.6534464690001,0 -92.00941795499992,14.65349877300009,0 -92.00936682499994,14.653569767,0 -92.00929365099995,14.65369398700006,0 -92.00922181799996,14.65379658200003,0 -92.00912492299993,14.65384704100003,0 -92.00896868499996,14.6539347990001,0 -92.00892803299998,14.6539645550001,0 -92.00886223499994,14.65398727000009,0 -92.00878696499996,14.65397913900003,0 -92.00868361600001,14.6540549960001,0 -92.00847264399998,14.65415348300007,0 -92.00823518399991,14.6542729250001,0 -92.00820844599994,14.65428072000003,0 -92.00807869399996,14.65435431300009,0 -92.00786269299994,14.65448649600009,0 -92.00777451499991,14.65451616800007,0 -92.00776462399989,14.654520862,0 -92.007602351,14.65457735600006,0 -92.0075659729999,14.65460459700001,0 -92.00746036099996,14.65463871100007,0 -92.00745784699993,14.65463737000006,0 -92.00729833899996,14.65472655400006,0 -92.00725114899996,14.65472647000005,0 -92.00720756299992,14.65473149900005,0 -92.00719758899996,14.65473694700004,0 -92.00705736378463,14.65484663549406,0 -92.00709993999996,14.65494113000005,0 -92.00710819482853,14.6549914639051,0 -92.00712148099988,14.65502419500008,0 -92.00717118599991,14.65519635900004,0 -92.00717336500001,14.65525561900005,0 -92.00717386799995,14.65526341500007,0 -92.00717279204596,14.65526671025969,0 -92.00720563500002,14.65532292600001,0 -92.00721839541214,14.6554283268606,0 
							</coordinates>
						</LinearRing>
					</outerBoundaryIs>
				</Polygon>
				<Polygon>
					<outerBoundaryIs>
						<LinearRing>
							<coordinates>
								-92.00608401441464,14.65398778258615,0 -92.00605790100002,14.65397025500001,0 -92.00605144699992,14.65396924900001,0 -92.00605337499999,14.65398115100002,0 -92.00600626900001,14.65399263400008,0 -92.00592320399997,14.65405650400004,0 -92.00585413699993,14.65409740800005,0 -92.00580384599995,14.65416362500003,0 -92.00571617099997,14.65423897800003,0 -92.00565582099998,14.65432866500001,0 -92.00568331399991,14.65437065800002,0 -92.00562321599992,14.65440058100008,0 -92.00559295699999,14.6544328520001,0 -92.00553285899998,14.65444861000007,0 -92.00541475800001,14.654461853,0 -92.00524544300004,14.65456553700006,0 -92.00515701399996,14.654631419,0 -92.00514263210619,14.65464522007375,0 -92.00513126925591,14.65466589581371,0 -92.00503795155672,14.65477394864086,0 -92.00501779099991,14.65481548600004,0 -92.0049950759999,14.654847169,0 -92.00492206999999,14.65491824800002,0 -92.00482668399999,14.65496510300008,0 -92.00469860799998,14.65495596600004,0 -92.00458310499991,14.65493727500008,0 -92.00447615199995,14.65492520500007,0 -92.0043873879999,14.65493157500006,0 -92.00429258899995,14.65491296700002,0 -92.00421027799999,14.65486653100001,0 -92.00411950199994,14.65479629100006,0 -92.00410072699998,14.65477709699998,0 -92.00402872599997,14.65473669600001,0 -92.00395077499992,14.65467542400009,0 -92.00391615699988,14.65467475400003,0 -92.00383968961243,14.65462352401437,0 -92.00364002487753,14.65455918915866,0 -92.00341454515953,14.65450567279197,0 -92.00334617714417,14.65447821310146,0 -92.00329405300002,14.65448255700004,0 -92.00322255500001,14.65449269900007,0 -92.00311115900001,14.65454433100008,0 -92.00300445799996,14.65458791700004,0 -92.00299305799997,14.65463301200005,0 -92.00298685599992,14.65466167800003,0 -92.00295173599994,14.65469721700002,0 -92.0028385799999,14.65475823700002,0 -92.00278627700004,14.65481263599999,0 -92.00270086499997,14.65486477100005,0 -92.00271804799999,14.65495789400002,0 -92.00272827399994,14.65500701200008,0 -92.00277739199998,14.65514095500006,0 -92.00281737399993,14.65529576900009,0 -92.00281904999999,14.6553141250001,0 -92.00282017358209,14.6553206371883,0 -92.00278200199995,14.65534606000007,0 -92.00264411999996,14.65541462400007,0 -92.00253582599997,14.65550045500006,0 -92.00248402499987,14.65560045100009,0 -92.00245318000002,14.65564076800014,0 -92.00238495099997,14.65570522500015,0 -92.00228830799992,14.65576800500009,0 -92.00206585200004,14.65577898500003,0 -92.00191246299991,14.65573254999999,0 -92.00180542699998,14.65573657300008,0 -92.00178313099998,14.65575417500004,0 -92.00166670599992,14.65577873400001,0 -92.00154961099993,14.65571754600009,0 -92.00149730799993,14.65570698500012,0 -92.00143528199999,14.65568468900007,0 -92.00138222399991,14.65569659100006,0 -92.00131835399998,14.65574353000011,0 -92.00126102199995,14.65584863900009,0 -92.0011768679999,14.65592156200008,0 -92.00118181299996,14.65602591600001,0 -92.00119689999994,14.6561007670001,0 -92.00120176199987,14.65621551500006,0 -92.00123235599996,14.65626178300011,0 -92.00124978999999,14.65632171400009,0 -92.00121140099991,14.65641131600013,0 -92.00108759999999,14.6565126530001,0 -92.00096530799996,14.65656680100008,0 -92.00094963399992,14.65657652400011,0 -92.00093387599996,14.65656931500014,0 -92.0009405819999,14.65657509900006,0 -92.00084108899991,14.65660133400011,0 -92.00070354199993,14.65663419100009,0 -92.00055886999991,14.65660904500006,0 -92.00051402699989,14.65657308699999,0 -92.00044001499997,14.65652413700015,0 -92.00040916899999,14.65648415500011,0 -92.00032476300001,14.6564927050001,0 -92.00024521899992,14.65641886000007,0 -92.00021428999992,14.6563660540001,0 -92.00018453399993,14.65631551100014,0 -92.00015234799993,14.65623110500014,0 -92.00010205599992,14.65619925400006,0 -92.00004212599998,14.65615424300012,0 -91.99995260582224,14.65614179854776,0 -91.99994866699996,14.65614125100007,0 -91.99989980099994,14.65611225000004,0 -91.999805588,14.65608400300007,0 -91.99974381399991,14.65604385400011,0 -91.99968103299994,14.65599532200005,0 -91.99959964499995,14.6559021160001,0 -91.99952890199997,14.65584402900013,0 -91.99945069799999,14.65581511100007,0 -91.99933678799991,14.65582910900002,0 -91.99924961699996,14.65591988500019,0 -91.99922220799991,14.65596833300007,0 -91.99921407699995,14.65605969500007,0 -91.9991995769999,14.65618416700006,0 -91.99919513399992,14.6562992500001,0 -91.9992738399999,14.65647032500006,0 -91.99936537099997,14.65655154500014,0 -91.99947215599994,14.65664802100011,0 -91.99954097199998,14.65675757300013,0 -91.99963484899992,14.6568436550001,0 -91.99968824200002,14.65690291500004,0 -91.99980081099987,14.65700710200004,0 -91.99986082499997,14.65713501000011,0 -91.999890916,14.65722704300011,0 -92.00001488399994,14.65739266900004,0 -92.00005293799991,14.65744312900012,0 -92.00007758099997,14.65750959700004,0 -92.00014874299993,14.6576071620001,0 -92.00021604999991,14.65767882800011,0 -92.00024295599987,14.65773113100013,0 -92.00024362699996,14.65773029300007,0 -92.00029022999999,14.65778812800011,0 -92.00035083099996,14.65790547400014,0 -92.00039483599991,14.65805173900003,0 -92.000417048,14.65813170200016,0 -92.00043171599997,14.65825852000017,0 -92.00047463199992,14.65839481000012,0 -92.00048896500005,14.65842087800017,0 -92.00051620599994,14.65856370500017,0 -92.00053330499992,14.65865733100008,0 -92.00055979200003,14.65876042800009,0 -92.00059432499995,14.65886704600016,0 -92.00060924499991,14.65899285900002,0 -92.00061402299998,14.65900006700002,0 -92.00065140599993,14.65909763200005,0 -92.00068602299994,14.65923350300002,0 -92.00071737199991,14.65933509200015,0 -92.00075022899998,14.65945436600005,0 -92.00079079699994,14.65955964300003,0 -92.00080965599983,14.65969023300012,0 -92.00086321699996,14.65979819200007,0 -92.00086799499995,14.65984596900008,0 -92.00099937665705,14.65980864201491,0 -92.00102465199993,14.65980146100008,0 -92.00109187499994,14.65975427100007,0 -92.00120000199995,14.6596948430001,0 -92.00120479587312,14.65968110635794,0 -92.00124174399998,14.65957523300004,0 -92.00134819399995,14.65941296000003,0 -92.001427654,14.65935235800011,0 -92.00156453100003,14.65929159000014,0 -92.00157559499995,14.65928563800002,0 -92.00166234699991,14.65926367800006,0 -92.00175303999998,14.65926443200003,0 -92.00189888499995,14.65921271600009,0 -92.00204104200003,14.65912361600011,0 -92.00215000699995,14.65906418900006,0 -92.00224455399993,14.6590580700001,0 -92.00234019199998,14.6590646080001,0 -92.00250338799999,14.65896955700004,0 -92.00267295399998,14.65889085100005,0 -92.00286087599989,14.65884986300012,0 -92.00301560599999,14.65890275300004,0 -92.00314099899995,14.65899730100013,0 -92.0032249019999,14.65908413800009,0 -92.00328893999993,14.65917726000011,0 -92.00329614799992,14.65926493500006,0 -92.00330704499994,14.65928622500002,0 -92.00331483999999,14.659282956,0 -92.00332087500003,14.659280526,0 -92.00333948199996,14.65927239500004,0 -92.00342615099994,14.65922621100004,0 -92.00353644969634,14.65917151880054,0 -92.00353497708508,14.65916746785009,0 -92.00351107462633,14.65912424708995,0 -92.0035083392608,14.65911814106101,0 -92.00348834499994,14.65908170700011,0 -92.00348971731353,14.6590678482718,0 -92.00348963773925,14.65906762107834,0 -92.00348538598372,14.65905154471881,0 -92.00348370454101,14.65903502492808,0 -92.00348463281519,14.65901844884755,0 -92.00350514402446,14.6588669860621,0 -92.00350575459058,14.65886303933907,0 -92.00351012924423,14.65884621837914,0 -92.00354646476295,14.65874228964154,0 -92.00353670899993,14.65868306300004,0 -92.003546683,14.65866277900002,0 -92.00357660699994,14.65860578200006,0 -92.00366817527029,14.65848971942142,0 -92.00367197288396,14.65848335261823,0 -92.00368244804527,14.65846871336763,0 -92.00369524699148,14.6584559444053,0 -92.00371002327589,14.65844539136575,0 -92.00376810425644,14.65841067982294,0 -92.00377487146413,14.65840694573412,0 -92.00383145792452,14.65837821546272,0 -92.00384417325566,14.65837271386276,0 -92.00385990442101,14.65836827473043,0 -92.00388524647984,14.65836308602603,0 -92.00390852999999,14.65832968200002,0 -92.00389880699998,14.65823731400012,0 -92.00386611699992,14.65818274800008,0 -92.00386494400004,14.65815307600006,0 -92.00393225099999,14.65814519700005,0 -92.00398916399998,14.65815131600003,0 -92.004032079,14.65827629000009,0 -92.00406657285939,14.65834201737957,0 -92.00407432681897,14.65834196722099,0 -92.00411759343561,14.65834051790449,0 -92.00413450599994,14.65829020400007,0 -92.00407298299986,14.65816170900011,0 -92.00403157599993,14.65804486500004,0 -92.00400399999995,14.65797940300009,0 -92.00397885399995,14.65792374700012,0 -92.00397608799994,14.65780966900011,0 -92.00393510099993,14.65766566800007,0 -92.00389260399997,14.65759727200009,0 -92.00388672260479,14.65750086172515,0 -92.00385555599993,14.65743692600008,0 -92.00379461999994,14.65729611000005,0 -92.00378363999994,14.65720206500007,0 -92.00371683599994,14.65708144900008,0 -92.00367660299997,14.65693694500013,0 -92.00363821399996,14.65681624600005,0 -92.00357886999997,14.65668565600008,0 -92.00354358199999,14.65654467200005,0 -92.00353142799995,14.65652539400005,0 -92.0034741799999,14.65638700900007,0 -92.00343503599996,14.65634878700008,0 -92.00329698599988,14.65641475300007,0 -92.00324067967694,14.65638698235339,0 -92.00325138899996,14.65638508100007,0 -92.00329530999994,14.65636001900003,0 -92.00335364799997,14.65633101800011,0 -92.00345087799997,14.65630436300004,0 -92.00348650099998,14.65634333900008,0 -92.00350988699995,14.65638784700012,0 -92.00357316999994,14.65654928200006,0 -92.00359672300003,14.65665816300001,0 -92.00363360299995,14.65673251100004,0 -92.00371339899999,14.65686561500012,0 -92.00373242599996,14.65691775099999,0 -92.00374357399991,14.65702034500005,0 -92.00377760499998,14.65712352700006,0 -92.00382395599988,14.65726610300005,0 -92.00383694799991,14.65736584700003,0 -92.00388556299993,14.65748185300004,0 -92.00388672260479,14.65750086172515,0 -92.00392076699991,14.65757070100002,0 -92.00394968499994,14.65767279300003,0 -92.00399209699997,14.65786390000003,0 -92.00403819799996,14.65799340000008,0 -92.004069965,14.65807654900004,0 -92.00409695499992,14.65814712500002,0 -92.00413090199999,14.65823111100005,0 -92.00418211499996,14.65832633000002,0 -92.004190162,14.65833186200002,0 -92.00419037193362,14.65833271199776,0 -92.00428079929763,14.65832242873575,0 -92.0043143569774,14.65830633391559,0 -92.00437880667145,14.65827589703667,0 -92.00446755375263,14.65822703092984,0 -92.00446900456123,14.65822621789643,0 -92.00475068779033,14.65806559954757,0 -92.00484228387623,14.65799503061823,0 -92.00484540234974,14.65799271379106,0 -92.00495688750451,14.6579128719223,0 -92.00496003267598,14.65791070012147,0 -92.00502572463314,14.65786698250911,0 -92.00504110595978,14.65785840922802,0 -92.00532088292988,14.65773006999023,0 -92.00533604373113,14.65772439030763,0 -92.00535189191909,14.65772091813719,0 -92.00536809033747,14.65771972734608,0 -92.00553056839718,14.65772001208861,0 -92.00554342513823,14.65772075972013,0 -92.00571948341764,14.65774099389177,0 -92.00573371290602,14.65774355062538,0 -92.00579121858959,14.65775769720184,0 -92.00582122953458,14.65775886047727,0 -92.00584005606956,14.65775376698679,0 -92.00585573781767,14.65774430474306,0 -92.00586818185548,14.6577265692929,0 -92.00588226733608,14.65767354704681,0 -92.00585687745146,14.6576126316275,0 -92.00576780167796,14.65753441515118,0 -92.00565063949153,14.65749441177028,0 -92.00555969461678,14.65747709169653,0 -92.00552550739755,14.65747239123853,0 -92.00550959637606,14.65746903377311,0 -92.00549435802778,14.65746345412345,0 -92.00547094643966,14.65745292131614,0 -92.00545798139046,14.65744603851143,0 -92.00544606551188,14.65743754644969,0 -92.00543540824751,14.6574275943944,0 -92.00541051440406,14.65740104595373,0 -92.00540102429908,14.65738941635091,0 -92.00539325551695,14.65737663333435,0 -92.00538735380169,14.65736293671663,0 -92.00537755168607,14.65733495400142,0 -92.00537341302636,14.65731949213233,0 -92.00537167876138,14.6573042855415,0 -92.0053700332374,14.65726423087639,0 -92.00537060168688,14.65724813257631,0 -92.00537361326307,14.65723229385109,0 -92.00537900151785,14.65721706416781,0 -92.00538846519542,14.65719563503189,0 -92.00539726427337,14.65717957734605,0 -92.00540869783802,14.65716517845608,0 -92.00542641656666,14.65714636629392,0 -92.00543634933422,14.65713705058052,0 -92.00544614853818,14.65712980538642,0 -92.00547895170412,14.65710822514206,0 -92.00549513275041,14.65709939498239,0 -92.00551259463566,14.65709330162225,0 -92.00553085307392,14.65709011405408,0 -92.00560905997446,14.65708293028458,0 -92.00561553456011,14.65708252034639,0 -92.0058035784557,14.6570759609625,0 -92.00581203906971,14.65707597886467,0 -92.00598927036968,14.65708291219003,0 -92.00598833889313,14.65706727064647,0 -92.0059537481729,14.65699852740038,0 -92.0059493634771,14.65698858693222,0 -92.00594490291284,14.65697372370899,0 -92.00592507234147,14.65688437369653,0 -92.0059227778747,14.65686825356713,0 -92.0059229871501,14.65685198067734,0 -92.00592569545367,14.65683592152832,0 -92.00593084178811,14.65682043780724,0 -92.00593831024605,14.65680587824107,0 -92.00594793262134,14.65679257074303,0 -92.00598208587009,14.6567521598145,0 -92.00599582936857,14.65673857998688,0 -92.00600702259088,14.65673043243914,0 -92.00604939873628,14.65670344838453,0 -92.00606214443047,14.65669645038769,0 -92.00618668139731,14.65663821667811,0 -92.00619166308947,14.65663603196037,0 -92.00623136567303,14.65661974867244,0 -92.0062478542619,14.65661441764351,0 -92.00626499378455,14.65661164775029,0 -92.00629929642817,14.65660875423035,0 -92.0063147102323,14.65660849653269,0 -92.00633001295536,14.6566103132345,0 -92.00635750730042,14.65661547777322,0 -92.00637241543042,14.65661933727045,0 -92.00638663287563,14.65662516502364,0 -92.00639988693891,14.65663284925374,0 -92.00641192340126,14.65664224257367,0 -92.00645474580115,14.65668069480132,0 -92.00646761908618,14.65669442145749,0 -92.00647789541887,14.65671008679362,0 -92.00648527287731,14.6567272305581,0 -92.00648953470929,14.65674534906265,0 -92.0065010647878,14.65682540406369,0 -92.00650214143639,14.65683974064137,0 -92.00650154130703,14.65685172691337,0 -92.00649934259943,14.6568722220155,0 -92.00651529570135,14.65689625363839,0 -92.00651806820457,14.65690065668554,0 -92.00662233912838,14.65707546053217,0 -92.00663003773835,14.65709113963443,0 -92.00665099585908,14.65714442393597,0 -92.00665534037238,14.65715811809496,0 -92.00665779191309,14.65717225044932,0 -92.00665830765624,14.65718657412791,0 -92.00665604590701,14.65725737065788,0 -92.00665487995759,14.65727000401763,0 -92.00665220673521,14.65728241840682,0 -92.00664806281411,14.65729444397442,0 -92.00661958992502,14.65736340503842,0 -92.00661307246386,14.65737655482567,0 -92.00660458979254,14.65738899995834,0 -92.0065584849028,14.65744746146501,0 -92.00655686680663,14.65745203839222,0 -92.0065874091398,14.65750323778543,0 -92.00671168246696,14.65766252474229,0 -92.00686614964636,14.65780896203433,0 -92.00693395328186,14.65785092068089,0 -92.00700102165374,14.65787710417477,0 -92.00708313333702,14.6578781589741,0 -92.00713566112795,14.65787508070149,0 -92.00713825291889,14.65787473473215,0 -92.00713379817142,14.6578189414285,0 -92.00713049685322,14.65780409041811,0 -92.00711019636235,14.65777792061035,0 -92.00710247883725,14.65776655084501,0 -92.00704969773211,14.65767702686547,0 -92.00704188861741,14.65766081049042,0 -92.00704015106385,14.65765590029261,0 -92.00702016814434,14.65759470962418,0 -92.00701604729502,14.6575771581135,0 -92.00701496609186,14.65755918472322,0 -92.0070158216763,14.65752534666753,0 -92.00701750875095,14.65750902744804,0 -92.00703015688173,14.65743978935685,0 -92.00703367171042,14.65742592128991,0 -92.00708903014726,14.65725640265755,0 -92.00709026062759,14.65725284872597,0 -92.00709743536393,14.65723725980645,0 -92.00719419109834,14.65706487261317,0 -92.00728956499803,14.6568922379438,0 -92.0073001841663,14.65687647524908,0 -92.00731344672479,14.65686274106665,0 -92.00735018124303,14.65683078598643,0 -92.00736560327677,14.65681954558674,0 -92.00738278406648,14.65681106041957,0 -92.0074293938689,14.65679278469548,0 -92.00744264366956,14.65678850748877,0 -92.00745633892674,14.65678587729489,0 -92.00747026454555,14.65678493542303,0 -92.00750830379847,14.65678468882014,0 -92.00752211474962,14.65678543546012,0 -92.00758302613417,14.65679244181981,0 -92.00758856795807,14.65679321721226,0 -92.00760443986124,14.65679702015411,0 -92.00766232935987,14.65681536926097,0 -92.00761559399993,14.65668255499999,0 -92.00758650900001,14.65661885200004,0 -92.00756387799998,14.65660653099999,0 -92.007560693,14.65659856800006,0 -92.00756438099995,14.65655028800006,0 -92.00754786799993,14.65649739800002,0 -92.00750512099995,14.65636915500008,0 -92.00745499699998,14.65624376200002,0 -92.007418117,14.65617092300001,0 -92.00741233299998,14.65611065700001,0 -92.00737201599992,14.65596741100005,0 -92.00733169899999,14.65585341700004,0 -92.00728040199989,14.65574428400006,0 -92.00724192899999,14.6555856150001,0 -92.00721980099993,14.65543993700002,0 -92.00721839541214,14.6554283268606,0 -92.00718887199997,14.65533491200005,0 -92.00716934199995,14.655287135,0 -92.00716984500001,14.65527573600003,0 -92.00717279204596,14.65526671025969,0 -92.00715593099989,14.65523785,0 -92.00713598199994,14.65513885999998,0 -92.00711544599994,14.65503567800006,0 -92.00710819482853,14.6549914639051,0 -92.00705132399997,14.65485136000009,0 -92.00705736378463,14.65484663549406,0 -92.00703958999996,14.65480718800008,0 -92.00697488199995,14.65474381999998,0 -92.00689910899999,14.65477542000001,0 -92.00683373,14.65480106900002,0 -92.00675653299997,14.65480274500007,0 -92.00673993699995,14.65467500500005,0 -92.00672359199993,14.65450661299998,0 -92.00674144599996,14.65443603700001,0 -92.00675896400001,14.65424937200002,0 -92.006739518,14.65412112900006,0 -92.00674159990398,14.65407663929071,0 -92.00665709597446,14.65398657717441,0 -92.00651650102256,14.65394681842551,0 -92.00638560828088,14.65398541763,0 -92.00632446786003,14.65397757619646,0 -92.00625060099996,14.65400571000002,0 -92.006228557,14.65401585200005,0 -92.00616426799994,14.65400663200009,0 -92.00609411099997,14.65399632200003,0 -92.00609151299993,14.65399841800003,0 -92.00608883099989,14.65398257600005,0 -92.00608296299993,14.65398140300005,0 -92.00608401441464,14.65398778258615,0 -92.00608849499994,14.65399079000003,0 -92.00608611622766,14.65399652335782,0 -92.00608774099997,14.65400294400006,0 -92.00608522599995,14.65399866900005,0 -92.00608611622766,14.65399652335782,0 -92.00608421999995,14.65398903000006,0 -92.00608401441464,14.65398778258615,0 
							</coordinates>
						</LinearRing>
					</outerBoundaryIs>
				</Polygon>
				<Polygon>
					<outerBoundaryIs>
						<LinearRing>
							<coordinates>
								-92.00892073999991,14.65844602300006,0 -92.0086739769999,14.65856722600004,0 -92.008509524,14.65875590200004,0 -92.00839435699999,14.6588232930001,0 -92.00837792799994,14.65897148500001,0 -92.00846015499999,14.65925445800007,0 -92.00893716899994,14.6606558280001,0 -92.00946355199997,14.66234017200003,0 -92.01446143411006,14.65843475188757,0 -92.01447210983297,14.65842595807328,0 -92.01446273649859,14.65840211233872,0 -92.01445020353472,14.65837428783051,0 -92.01446478299997,14.65839648600005,0 -92.01457198699995,14.65838165000006,0 -92.01467768299992,14.65828861099999,0 -92.0147582329999,14.65821778400001,0 -92.01482763499996,14.65815433299999,0 -92.01489242699992,14.65813019300003,0 -92.01494070699991,14.65807478900008,0 -92.015063083,14.65795241299998,0 -92.01509359299996,14.65796624300006,0 -92.01514061499992,14.65794235500003,0 -92.01526634399994,14.65784093399999,0 -92.015332477,14.65778167400007,0 -92.01547111400001,14.65770011800008,0 -92.01548444099994,14.65768209700008,0 -92.01564730099993,14.65753516200002,0 -92.01584343800002,14.65735713000002,0 -92.01588216200003,14.65732368600001,0 -92.01603010299998,14.65716015500006,0 -92.01604720199997,14.65714188300007,0 -92.01622900599995,14.65699293700002,0 -92.01625121799999,14.65697382600011,0 -92.01642941699998,14.65684725900003,0 -92.01658875699994,14.656720441,0 -92.01678757599997,14.65657518200008,0 -92.01679939399995,14.65656579500011,0 -92.01698237100001,14.65642112300003,0 -92.01712746199991,14.65630226800006,0 -92.01731228299994,14.65614770500006,0 -92.01745720599995,14.65603346000001,0 -92.01754370699999,14.65597646300009,0 -92.01772643299989,14.65583086900004,0 -92.01774420199997,14.65580639400005,0 -92.01777613699993,14.655769262,0 -92.01788501800002,14.65571712700004,0 -92.01804075400001,14.65559382900006,0 -92.01806832999996,14.65556030200003,0 -92.01807101299993,14.65555803900003,0 -92.01810671899993,14.65554370500009,0 -92.01817134399995,14.65549349800001,0 -92.01836513399992,14.65535150799998,0 -92.018431686,14.65530716800006,0 -92.01851081099989,14.65523785,0 -92.01858540999994,14.65518722300008,0 -92.01875874799995,14.65505789000004,0 -92.01888606899995,14.65493082100008,0 -92.01907684099992,14.65478648400004,0 -92.01921346599995,14.65464659000001,0 -92.01933793699995,14.65451667100011,0 -92.01933399799998,14.65448783700002,0 -92.01932402299995,14.65446428400003,0 -92.01922302099993,14.654325396,0 -92.01906602799991,14.65416513400007,0 -92.01896318199992,14.65403437599999,0 -92.01886620399989,14.65389138100006,0 -92.01870577399994,14.65370019000005,0 -92.018550793,14.65353196500008,0 -92.01842263299997,14.65338100700001,0 -92.01824745199994,14.65316911200006,0 -92.01810663599994,14.65299393100005,0 -92.01797763800003,14.65282579000009,0 -92.01783556499997,14.65263828600003,0 -92.01765334199993,14.65245899700003,0 -92.01750565299996,14.65226562700011,0 -92.01737330299991,14.652085248,0 -92.01722703899999,14.65190168500002,0 -92.01721723199998,14.6518780480001,0 -92.01711371499994,14.65174955300005,0 -92.01694498800003,14.65156867200008,0 -92.01682194099996,14.65140539200007,0 -92.0166831369999,14.651250159,0 -92.01652991599995,14.65107095400001,0 -92.01637417999996,14.65089091100005,0 -92.01636420599999,14.65087138100002,0 -92.01624778099996,14.65071799200004,0 -92.016110821,14.65056125100004,0 -92.01603739499996,14.65047407900002,0 -92.01588853299992,14.65032178000002,0 -92.01575802599994,14.65015942200009,0 -92.01572533699991,14.65010938200003,0 -92.01563388999998,14.65000284800001,0 -92.01548410599995,14.64986563700003,0 -92.01540447799992,14.64987913100001,0 -92.01539366499999,14.64988600500003,0 -92.01527355199993,14.64999245500006,0 -92.01527321699997,14.65009974300003,0 -92.01528805299996,14.65013662399999,0 -92.01520691599991,14.65026092700005,0 -92.01517749599996,14.65029001200007,0 -92.01516861099995,14.65034667400005,0 -92.01515813399996,14.65044742500004,0 -92.015163833,14.650487909,0 -92.01522158499998,14.65064875800008,0 -92.01528780199995,14.65079862600004,0 -92.01532158099998,14.65082938800003,0 -92.01536164600002,14.65087833800008,0 -92.01542761199995,14.651008425,0 -92.01544135799993,14.65105368800002,0 -92.01544898599995,14.65107497800008,0 -92.01532216699997,14.65119240800003,0 -92.01515025500004,14.65129751700002,0 -92.01508814499995,14.65134613200005,0 -92.01504355299991,14.65147990700002,0 -92.01496509799998,14.65156800100003,0 -92.01495017899998,14.65158409400002,0 -92.01480810499996,14.65169901000004,0 -92.01482612599993,14.65176271300006,0 -92.01486015699999,14.65182943300007,0 -92.01489913299994,14.6519368890001,0 -92.01489108599998,14.65198827000008,0 -92.01486962799997,14.65206957400005,0 -92.01484892499997,14.65210989100009,0 -92.01480575799995,14.65215012400005,0 -92.01479192799997,14.65227359000004,0 -92.01477784699993,14.65229596900004,0 -92.01476636299996,14.652327653,0 -92.01488806899991,14.65254499600004,0 -92.01495110099998,14.65277172600006,0 -92.01492805000001,14.652804416,0 -92.01475772999996,14.65291212300003,0 -92.01475747899995,14.65291539200005,0 -92.01468120299995,14.652969623,0 -92.01449034699995,14.653074984,0 -92.01445363499995,14.65310457200007,0 -92.01440208599993,14.65313918900008,0 -92.01437895199996,14.65315972500001,0 -92.01431516599992,14.65319048600007,0 -92.01412414199994,14.6532938350001,0 -92.01403520999997,14.65330523400006,0 -92.01384661699998,14.65339986599999,0 -92.01368492999991,14.653477315,0 -92.01359624999995,14.6534861160001,0 -92.01355031699998,14.65348217600004,0 -92.0135011149999,14.65349064200003,0 -92.01333875799997,14.65358954900004,0 -92.01332920199998,14.65359617000006,0 -92.01336088600002,14.65372189900007,0 -92.01334051799994,14.65374092600005,0 -92.01334060199993,14.65374168000001,0 -92.01333959599995,14.65374872100007,0 -92.0133400989999,14.65376112600003,0 -92.01332895099996,14.65379163600007,0 -92.01330590100002,14.65382172700007,0 -92.01321034700001,14.65390915100002,0 -92.01319978599992,14.65392650100003,0 -92.01315293099998,14.65409531300005,0 -92.01310247199994,14.65413956900008,0 -92.01308134899992,14.65418147900008,0 -92.013048157,14.65423529000001,0 -92.01300783999993,14.65426680600003,0 -92.01300239199996,14.65429019200011,0 -92.01301672499996,14.65434794300009,0 -92.01301563499996,14.65439789900005,0 -92.01294388600002,14.65453217700006,0 -92.01287741799999,14.65461063200006,0 -92.01285805599998,14.65467726800008,0 -92.01283927999995,14.65472848200005,0 -92.01282754499996,14.65474499400007,0 -92.01290340199989,14.654924367,0 -92.01290905447583,14.65495277357301,0 -92.01270416399996,14.65449789500005,0 -92.01260542499996,14.65449789500005,0 -92.012473829,14.65455179100008,0 -92.01239160299994,14.65460568700009,0 -92.01234223299996,14.65465958200002,0 -92.01234223299996,14.65483476400004,0 -92.01229294799992,14.65496954500001,0 -92.01214483899994,14.655090747,0 -92.01194744599997,14.65525251800005,0 -92.01175005199997,14.65529291900002,0 -92.01155265799999,14.65540071000006,0 -92.01138820499995,14.65533332000008,0 -92.011256609,14.65531982500003,0 -92.01107564399994,14.65536030900001,0 -92.01099341699998,14.65542761600008,0 -92.01076308299994,14.65550850100002,0 -92.01051631899993,14.65571058900004,0 -92.010236699,14.65592625600003,0 -92.01008867500002,14.65608794200008,0 -92.01015447299994,14.65631702000011,0 -92.01012153199996,14.65646521200011,0 -92.00994064999992,14.65659999300008,0 -92.00972674399999,14.65669428899998,0 -92.00954586299993,14.65680208100001,0 -92.00933195699999,14.65685597600005,0 -92.00910170599997,14.65703115800005,0 -92.00900296699994,14.65720634000007,0 -92.00898653800003,14.65736802700012,0 -92.00887137099993,14.65762401000008,0 -92.00898653800002,14.65786658200008,0 -92.00905233599997,14.65814955500004,0 -92.00897010999992,14.65829774700004,0 -92.00892073999991,14.65844602300006,0 
							</coordinates>
						</LinearRing>
					</outerBoundaryIs>
				</Polygon>
				<Polygon>
					<outerBoundaryIs>
						<LinearRing>
							<coordinates>
								-92.00229775240594,14.66435664898743,0 -92.00230123544301,14.6643566264746,0 -92.00232950491554,14.66435466904833,0 -92.00235128078684,14.66433387422877,0 -92.00235125364212,14.66432989411051,0 -92.00234471416969,14.66428854396475,0 -92.00232836347557,14.66424953459945,0 -92.00232732506333,14.66424680976063,0 -92.00228809410031,14.66413274385287,0 -92.00226619505798,14.664086694706,0 -92.00226385517766,14.66408068713345,0 -92.00226241421247,14.66407441720254,0 -92.00226190129821,14.66406801168896,0 -92.00226168096358,14.66403570237889,0 -92.00226233255084,14.66402785191229,0 -92.00226284645009,14.66402533590448,0 -92.00226871617031,14.66400033156711,0 -92.0022708481428,14.66399366864088,0 -92.00227400861112,14.66398740480091,0 -92.00227812218111,14.66398168947293,0 -92.00230058785199,14.6639551084604,0 -92.00230340565069,14.66395206669126,0 -92.00231688269177,14.66393878210986,0 -92.00235474818162,14.6638297310208,0 -92.00238105578298,14.66374232830527,0 -92.0023832483888,14.66373654103565,0 -92.00238623021455,14.66373109842112,0 -92.00239302042031,14.66372051446624,0 -92.00241461469315,14.66368685527124,0 -92.00241862553361,14.66368151725492,0 -92.00242339384133,14.66367680642909,0 -92.00242881745486,14.66367282372352,0 -92.00246189191731,14.66365204905054,0 -92.00246811793359,14.66364876428503,0 -92.00247478478848,14.66364643986848,0 -92.00248173727698,14.66364512991373,0 -92.00255113607788,14.6636373387787,0 -92.00255811647808,14.66363707033568,0 -92.00261879672837,14.6636391889254,0 -92.00264452544353,14.66362856502699,0 -92.00270944346214,14.6635984941046,0 -92.00275610422834,14.66356192193832,0 -92.00281538070043,14.66344973094305,0 -92.00283094880582,14.66340852000914,0 -92.00283948717647,14.66337140493995,0 -92.00283762261242,14.66329066678947,0 -92.00283826880994,14.66328245776352,0 -92.00284037248417,14.66327467020363,0 -92.00285437487001,14.66323735391359,0 -92.0028561065098,14.66323334840372,0 -92.00286936934813,14.66320637680794,0 -92.0028708845458,14.66320355525979,0 -92.00287529179739,14.66319729739647,0 -92.00291346180438,14.66315181974,0 -92.00291473526455,14.6631503663012,0 -92.00304737730423,14.66300530417256,0 -92.00312563523448,14.66284849157099,0 -92.00317613998946,14.6626707232829,0 -92.00318981965574,14.66252373640622,0 -92.00319075342833,14.66251793371154,0 -92.00319245247412,14.66251229796225,0 -92.00319488808344,14.66250692438874,0 -92.00325234776838,14.66239963389429,0 -92.00325614161008,14.66239371498966,0 -92.00326082619395,14.6623884352396,0 -92.00326628983063,14.66238392052294,0 -92.00330993190884,14.66235316930211,0 -92.00336337902829,14.66230925600074,0 -92.00340185372427,14.66220500886828,0 -92.00341278781576,14.66210712391763,0 -92.0033978999739,14.66201222512134,0 -92.00339108865619,14.6619659393617,0 -92.00339062073469,14.66195983267067,0 -92.00339029172382,14.66191161632354,0 -92.00339032965363,14.66190946533937,0 -92.00339403856977,14.66182139069563,0 -92.00339504992139,14.66181368347005,0 -92.00339740264619,14.66180625888295,0 -92.00345811922347,14.66166052292255,0 -92.00347645728939,14.6615995964074,0 -92.00349123977323,14.6615511962843,0 -92.00349414783331,14.66154399797282,0 -92.00358598318023,14.66136373459631,0 -92.00369017755712,14.66101048448487,0 -92.00380427574433,14.66063077368403,0 -92.00388655395756,14.66036384201065,0 -92.00388722563527,14.66036183454541,0 -92.00391687130166,14.66027979263579,0 -92.00392027371252,14.66027254404069,0 -92.00392184341257,14.66027004787089,0 -92.00395936511612,14.66021450377982,0 -92.00408325645319,14.66000011513063,0 -92.00412392150582,14.65990949636469,0 -92.00417173730703,14.65976882510815,0 -92.00417300790227,14.65969914992524,0 -92.00411867844929,14.6595717039453,0 -92.00409120433356,14.65952608356371,0 -92.00404723070939,14.65948739315112,0 -92.00396770799659,14.6594372292205,0 -92.00389830940789,14.65939148205425,0 -92.00384755879337,14.65935904166285,0 -92.00379441045293,14.65932848743463,0 -92.00374637581298,14.65930085128028,0 -92.00374860299996,14.65930952700013,0 -92.00374927399994,14.65936275200008,0 -92.00380350499999,14.65941740200007,0 -92.00371767399999,14.65951153100005,0 -92.00364969699996,14.65953575400009,0 -92.00355707699994,14.65958043000004,0 -92.00339312699995,14.65956408500004,0 -92.00328256899996,14.6594938450001,0 -92.00315298499999,14.65940876900005,0 -92.00304536099995,14.65932218400007,0 -92.00300353599995,14.65933500799999,0 -92.00289507399997,14.65940147600008,0 -92.00281762499993,14.65944263200002,0 -92.00274051199996,14.65949351000007,0 -92.00267605499999,14.6595260310001,0 -92.00249483799996,14.65952661800002,0 -92.00238428099996,14.65960431800005,0 -92.00227045499996,14.65969207700002,0 -92.00215754999998,14.65976189800006,0 -92.0020207579999,14.65983674900004,0 -92.00193727399996,14.65989047700007,0 -92.00182135199994,14.65996163900004,0 -92.0016855649999,14.66005157700004,0 -92.00166774843802,14.66005717412878,0 -92.00166765558612,14.66005840059145,0 -92.00166593129296,14.66006544354677,0 -92.00166307363618,14.66007212795502,0 -92.00162680916951,14.66014084609088,0 -92.00162299726948,14.66014686003091,0 -92.00161826880677,14.66015222178106,0 -92.00161273944522,14.6601568001864,0 -92.00160654443984,14.66016048325335,0 -92.00158518956221,14.66017104260557,0 -92.00157918480382,14.66017351194259,0 -92.00157288390879,14.66017513789582,0 -92.00156641116912,14.66017588839159,0 -92.00152969108052,14.66017761484518,0 -92.00152590647522,14.66017764237587,0 -92.0014818828291,14.66017621408965,0 -92.00145481200001,14.66019356600009,0 -92.00135720072439,14.66019922184592,0 -92.00132028199998,14.66020136100013,0 -92.00124526399996,14.66020362500015,0 -92.00117628099997,14.66023455400013,0 -92.00112594427883,14.66025199879675,0 -92.00229775240594,14.66435664898743,0 
							</coordinates>
						</LinearRing>
					</outerBoundaryIs>
				</Polygon>
				<Polygon>
					<outerBoundaryIs>
						<LinearRing>
							<coordinates>
								-92.0025031225198,14.66373369552957,0 -92.00248785314172,14.66374328650631,0 -92.00246834052592,14.66377370101911,0 -92.00244356010639,14.66385603003388,0 -92.00244298875806,14.66385779367055,0 -92.00243779926585,14.6638727380359,0 -92.00240126711742,14.66397794091248,0 -92.00239853714855,14.66398408656792,0 -92.00239490352635,14.66398977154918,0 -92.00239044617716,14.66399487080729,0 -92.00237092952862,14.66401410875491,0 -92.00235676596773,14.66403086685509,0 -92.00235453945361,14.66404035156766,0 -92.00235465720425,14.66405761714841,0 -92.00237340763822,14.66409704539235,0 -92.00237530092329,14.66410168240036,0 -92.00241487268669,14.66421673907546,0 -92.00243272608681,14.66425933354639,0 -92.00243448334548,14.66426434828071,0 -92.00243562551435,14.66426952880164,0 -92.00244351442015,14.66431941150508,0 -92.0024440538978,14.66432598709256,0 -92.00244423419558,14.6643524217333,0 -92.0024436881198,14.664359638935,0 -92.00244196550278,14.6643666786964,0 -92.00243911053316,14.66437336043305,0 -92.00243519644668,14.66437951274437,0 -92.00243032364779,14.66438497781077,0 -92.00238232264759,14.66443081627414,0 -92.00237734559246,14.66443494141115,0 -92.0023718226151,14.66443834494381,0 -92.00236586326123,14.66444095936441,0 -92.00235958573195,14.66444273281718,0 -92.00235311453919,14.66444363012635,0 -92.00232317644428,14.66444570309421,0 -92.00254978227044,14.66523944321994,0 -92.00259190099992,14.66516738800003,0 -92.00267974299999,14.66507803600014,0 -92.00277437534675,14.66501690420577,0 -92.00280002299988,14.66500033600005,0 -92.00294427599997,14.66491417000003,0 -92.00307360899996,14.66483630200008,0 -92.00322917699999,14.66474292800008,0 -92.00335750399994,14.66469800100001,0 -92.00341952999993,14.66467143,0 -92.003538636,14.66459272400006,0 -92.00361373799993,14.66455584400006,0 -92.00362312599997,14.66455098200004,0 -92.00375195599997,14.66447034900008,0 -92.00385706499998,14.664408071,0 -92.003906602,14.66438242200009,0 -92.00393317299998,14.66435627100004,0 -92.00394658399993,14.66432785600011,0 -92.00396720299992,14.66430589600006,0 -92.00397910599997,14.66428980200008,0 -92.00398639799994,14.66426482400004,0 -92.00398907999997,14.66418905200008,0 -92.00401129199996,14.66415820600001,0 -92.0040389519999,14.66405846200009,0 -92.00406887599992,14.66397422400007,0 -92.00406946199998,14.66397103900007,0 -92.004090417,14.66389124300006,0 -92.00411338399996,14.66379703000009,0 -92.00411958599994,14.66375134900008,0 -92.00411422199994,14.66371187000003,0 -92.00411757499995,14.66366325500007,0 -92.00412117899998,14.66362763200008,0 -92.00412000499998,14.66362092600006,0 -92.00418060600003,14.66347223100009,0 -92.00418479699991,14.66342520900003,0 -92.00421371499999,14.66333267300009,0 -92.00422905399992,14.66325036300004,0 -92.0042350049999,14.66311398900003,0 -92.00423659799998,14.66309848200007,0 -92.00431329200001,14.66299982700001,0 -92.00433944399998,14.66290360300011,0 -92.00433374399999,14.66282540000005,0 -92.0043559559999,14.66273387000011,0 -92.00436006299995,14.66272766700004,0 -92.00436903199996,14.66266304300013,0 -92.00444698299991,14.66253966100004,0 -92.004564665,14.6624567640001,0 -92.004596097,14.66243756900012,0 -92.00464085700001,14.66241066300007,0 -92.00471545599994,14.66236523400008,0 -92.00477731400001,14.66232315600005,0 -92.00486331199993,14.66226322600008,0 -92.00492500299998,14.66221327000004,0 -92.00497655199996,14.66213841900005,0 -92.00501770699999,14.6620607190001,0 -92.00507353099991,14.66198729400007,0 -92.00508174499994,14.66191043100005,0 -92.00516656999997,14.66183977200003,0 -92.00528768799995,14.66176567600014,0 -92.00541458999996,14.66175578500004,0 -92.00555716599995,14.66169635800007,0 -92.0057043494911,14.66156693307113,0 -92.0057324081944,14.66153003342599,0 -92.00573650820628,14.66152534652051,0 -92.00574122471521,14.66152124584308,0 -92.00574647012373,14.66151780755357,0 -92.00574730606274,14.66151734297807,0 -92.00576554099997,14.66149628200002,0 -92.005797895,14.66148781600003,0 -92.00580092699641,14.66148754298258,0 -92.00582287703624,14.66147534417613,0 -92.00582972208547,14.66147222961928,0 -92.00583457392415,14.6614707634983,0 -92.00590792050173,14.66145281889687,0 -92.00591155299996,14.66145127100005,0 -92.00597165199993,14.66143207600006,0 -92.00604641799994,14.66138522100006,0 -92.00607433000003,14.66136426700005,0 -92.00608145400001,14.66136049500011,0 -92.00609763199998,14.66134104900007,0 -92.00610517499986,14.66133618700011,0 -92.00611716099988,14.66132956600008,0 -92.006132081,14.66131749600005,0 -92.00616720099998,14.66129201500008,0 -92.00622000700001,14.66125840300007,0 -92.00624657799999,14.66123459900008,0 -92.00626677799997,14.66121406300006,0 -92.006269125,14.66120710600008,0 -92.00625051699996,14.66118933600001,0 -92.00624037499989,14.66117701499998,0 -92.0062319099999,14.66116159200004,0 -92.00626769999994,14.6610836410001,0 -92.00635068099997,14.66100208500008,0 -92.00635109054906,14.66100181804207,0 -92.00635491473379,14.66098882274136,0 -92.00635759853307,14.6609821905123,0 -92.00637583191228,14.66094114223958,0 -92.00638451296682,14.66092533218779,0 -92.00639575091316,14.66091113055784,0 -92.00641580144163,14.66088971682372,0 -92.00642727088457,14.66087909335833,0 -92.00644017146598,14.66087016015219,0 -92.00645424259764,14.66086309765352,0 -92.00648613087105,14.6608497928682,0 -92.00649864229045,14.66084541317963,0 -92.00651160060463,14.66084251599423,0 -92.00652482118861,14.66084114259009,0 -92.00656688490434,14.66083923340881,0 -92.00657133087402,14.66083911815199,0 -92.00661340670644,14.66083884547426,0 -92.00662845115559,14.66083974079258,0 -92.00664787616223,14.66084218937583,0 -92.00666190099999,14.66083394400002,0 -92.00673796788715,14.66076823975814,0 -92.00674850516658,14.66073902606505,0 -92.00675586199995,14.6606908650001,0 -92.00675493147207,14.66066341038246,0 -92.00674840624842,14.66064902567992,0 -92.00672798670568,14.66061479659307,0 -92.00666798132141,14.66053944245884,0 -92.00664052699999,14.66050629500013,0 -92.00660834099999,14.66047327000014,0 -92.00650616499996,14.66039808500004,0 -92.00647221899999,14.66032180900002,0 -92.00645754999996,14.66029867500007,0 -92.006428214,14.66023773899997,0 -92.00643718199993,14.66019532600005,0 -92.00645687999999,14.66014662800008,0 -92.00645537099992,14.66015375200007,0 -92.00646559699997,14.66015417100011,0 -92.00648453999992,14.66012047600002,0 -92.00651672699992,14.66005543200001,0 -92.00659065499997,14.659993071,0 -92.00665201099996,14.65996080100009,0 -92.00671261199989,14.65991931000009,0 -92.00674815308403,14.65985092273365,0 -92.00674811922418,14.65984597091853,0 -92.00674968265275,14.65982712980151,0 -92.00675112231586,14.65982022812038,0 -92.00677081007242,14.65973939971888,0 -92.00677589503249,14.65972384684772,0 -92.00678332008235,14.65970921313718,0 -92.00681327905191,14.65965990318566,0 -92.00682334842175,14.65964596074384,0 -92.00683697557757,14.65963251457418,0 -92.00687513431848,14.65960091087473,0 -92.00690347347327,14.65957297540482,0 -92.00691549717916,14.6595600441906,0 -92.00693029388766,14.65945482350487,0 -92.00693286707096,14.65944217608887,0 -92.00696404885825,14.6593257326902,0 -92.00696691240378,14.65931667934176,0 -92.00697139105804,14.65930621255262,0 -92.00700293201021,14.65924215759475,0 -92.00700991479837,14.65923003660475,0 -92.00701843252904,14.65921888456778,0 -92.00702834531,14.65920888464033,0 -92.00706180418804,14.6591791982931,0 -92.00707152345529,14.65917150285583,0 -92.00710669781733,14.65914671696142,0 -92.00712041002227,14.65913845720732,0 -92.00713520351549,14.65913221144459,0 -92.00715076828109,14.65912811056086,0 -92.00717766282101,14.65912302464166,0 -92.0071936280135,14.6591211566266,0 -92.00720970311947,14.65912154603642,0 -92.00722555312639,14.65912418475556,0 -92.00724084771301,14.65912901779183,0 -92.00731004169961,14.65915640118873,0 -92.00732453297033,14.65916336831568,0 -92.00733783605259,14.6591723037475,0 -92.00734967087115,14.65918301936297,0 -92.00739083107302,14.65922611755087,0 -92.00743361270112,14.65924556341622,0 -92.00745248199986,14.65924775200005,0 -92.00750327699996,14.65921816400002,0 -92.00758691764112,14.65915565484286,0 -92.00760868771621,14.65911837747665,0 -92.00761971592659,14.65910282533592,0 -92.00763183774799,14.6590906485669,0 -92.0076386413059,14.65908480638928,0 -92.007608972,14.65904256300008,0 -92.00762732899993,14.65900979000003,0 -92.00770477799993,14.65897291000006,0 -92.00772531299997,14.65887601500003,0 -92.00776110399997,14.65880409800015,0 -92.00780452199994,14.65871441200006,0 -92.00782581200001,14.65870217400003,0 -92.00792790400001,14.65865481600003,0 -92.00795902084664,14.65863679058491,0 -92.0079729170056,14.65861939660993,0 -92.00798039329446,14.65861096965192,0 -92.0080338797117,14.65855659540632,0 -92.00804216191675,14.6585489942962,0 -92.00805614851798,14.65853912495212,0 -92.00806639011795,14.65853301798842,0 -92.00807274299991,14.65852372300005,0 -92.00811808899992,14.6583830750001,0 -92.00813778699994,14.65830076500006,0 -92.00810266699986,14.65820537900004,0 -92.00807182100003,14.65811016000012,0 -92.00806067299997,14.65808451200011,0 -92.00799386899996,14.65786088300007,0 -92.00796700245274,14.65775540418495,0 -92.00795573200001,14.65772325200007,0 -92.00789974099999,14.6575680190001,0 -92.00787266699996,14.6575265280001,0 -92.00787142078516,14.65752122085316,0 -92.00786000999999,14.65750666300007,0 -92.00782832699996,14.65743256700008,0 -92.00777912499994,14.65740080000014,0 -92.00778021499991,14.65739334000009,0 -92.00774056799992,14.65733701400006,0 -92.007717434,14.65723207200008,0 -92.00773813799991,14.65708689800006,0 -92.00773806682348,14.65706746253488,0 -92.00754594828145,14.65700656723789,0 -92.00750285787284,14.6570016107479,0 -92.00749295065322,14.65700167497618,0 -92.00748408233052,14.65700515225075,0 -92.00747648164457,14.65701176403482,0 -92.0073900343111,14.65716823862027,0 -92.00729807649796,14.65733208024769,0 -92.00724820023814,14.65748481181825,0 -92.00723831865804,14.65753890562509,0 -92.00723813082864,14.65754633450857,0 -92.00724883980268,14.65757912688369,0 -92.00729219521779,14.65765266350019,0 -92.0073230583745,14.65769244982973,0 -92.00733180175685,14.65770559809971,0 -92.00733850831706,14.65771983550004,0 -92.00734303813749,14.65773486499922,0 -92.00735312948461,14.65778026082378,0 -92.00735531478522,14.65779479432023,0 -92.00736244760962,14.65788412795928,0 -92.00736278014838,14.65789181002019,0 -92.00736189937864,14.65790616124134,0 -92.00735776861944,14.65793790497671,0 -92.0073550222658,14.65795173288771,0 -92.00735045825327,14.65796509764871,0 -92.00733762675209,14.65799584136978,0 -92.00732938179235,14.6580117190278,0 -92.007318581032,14.65802607045148,0 -92.00730551521251,14.65803850931966,0 -92.0072905360478,14.65804870079473,0 -92.00725240899254,14.6580702228755,0 -92.007239474353,14.65807647080047,0 -92.00722581821246,14.65808103726148,0 -92.00721167005432,14.65808384552173,0 -92.00716171967068,14.65809051323772,0 -92.00715328153404,14.65809132249159,0 -92.00709244115664,14.65809488791035,0 -92.00708427885739,14.65809507440093,0 -92.00697734445409,14.65809370073743,0 -92.00696372100393,14.65809271003588,0 -92.00695032459458,14.65809010313392,0 -92.00693735674442,14.65808591924648,0 -92.00684145665694,14.65804847985774,0 -92.00682786416354,14.65804210131514,0 -92.00682316220457,14.65803934753719,0 -92.00673693417697,14.65798598739136,0 -92.00672565776269,14.65797800244374,0 -92.00671897773202,14.65797216143578,0 -92.00655030563115,14.6578122575765,0 -92.00653931336896,14.65780015740113,0 -92.00640584477864,14.65762908429095,0 -92.00639822468145,14.65761795320887,0 -92.00634822679298,14.65753413952966,0 -92.00634104922237,14.65751976105733,0 -92.00633612099405,14.65750451148139,0 -92.00633354921339,14.65748872222319,0 -92.00633056629253,14.65745401888761,0 -92.00633034576057,14.65743903232315,0 -92.00633224986456,14.65742415930058,0 -92.00633624222949,14.65740968394278,0 -92.00635375188313,14.65736015648899,0 -92.00636095938663,14.65734411347019,0 -92.00637072513278,14.65732940896033,0 -92.00641858899083,14.65726871713945,0 -92.00643399571578,14.65723140228872,0 -92.0064349471304,14.65720162236705,0 -92.0064251989654,14.65717683839919,0 -92.00632675712733,14.65701180643235,0 -92.0062990662953,14.65697009313442,0 -92.00629163338253,14.65695699380995,0 -92.00628612366864,14.65694302295684,0 -92.0062826420853,14.65692844664919,0 -92.0062769135814,14.65689376019143,0 -92.00627550361799,14.65687726715566,0 -92.0062761037596,14.65686528088302,0 -92.00627855980127,14.65684238727688,0 -92.00627767836716,14.65683626731194,0 -92.00616520303483,14.65688886100168,0 -92.00615537073713,14.65689512196336,0 -92.00615978055266,14.65691499104588,0 -92.0061982673611,14.65699147697002,0 -92.00620386568404,14.65700476445913,0 -92.00620761129768,14.65701865566694,0 -92.00620943850285,14.65703290693866,0 -92.00621253911697,14.65708497220316,0 -92.00621272338964,14.65709052736047,0 -92.00621157561001,14.65710679289433,0 -92.00620501277385,14.65715090678878,0 -92.00620120351591,14.65716736076731,0 -92.00619481956662,14.65718304064344,0 -92.00618601536718,14.65719756708626,0 -92.00615609569992,14.65723916185289,0 -92.0061461587437,14.65725108195738,0 -92.00613459236622,14.65726151648001,0 -92.00612162837746,14.65727025629486,0 -92.00610752659817,14.65727712624081,0 -92.00609256965238,14.65728198863216,0 -92.00603226483781,14.65729706968338,0 -92.00601629723941,14.65729987498168,0 -92.00600008042416,14.65730039204506,0 -92.00580732460055,14.65729285142532,0 -92.00574029335509,14.65729518964483,0 -92.00586291518925,14.65733705789072,0 -92.00587634870828,14.65734267246486,0 -92.00588891115567,14.65734995162411,0 -92.00590038609266,14.65735876995542,0 -92.00602507449869,14.65746825745069,0 -92.00603663091047,14.65748005520017,0 -92.00604624010987,14.65749340623533,0 -92.00605368492482,14.6575080088175,0 -92.00610253804703,14.65762521698699,0 -92.00610788338221,14.65764170868078,0 -92.00611046795861,14.65765881792,0 -92.00611022604649,14.65767610959539,0 -92.0061071637974,14.65769314395764,0 -92.00607898153808,14.65779923138753,0 -92.00607256613347,14.6578169085309,0 -92.00606311919027,14.65783324571589,0 -92.00602640746503,14.6578855679455,0 -92.00601682361427,14.6578973756912,0 -92.00600565294305,14.65790777799362,0 -92.00599311059143,14.65791657451067,0 -92.00594388936419,14.65794627422884,0 -92.00592991099808,14.65795342655326,0 -92.0059150341928,14.65795858253013,0 -92.00586406125251,14.6579723731871,0 -92.00584708864609,14.65797560839093,0 -92.00582980621746,14.65797624670721,0 -92.00577075538106,14.65797395780246,0 -92.00575657469972,14.65797251908074,0 -92.00574789871254,14.65797073912528,0 -92.00568616621959,14.65795555274869,0 -92.005523714128,14.65793688233541,0 -92.00539319112063,14.65793665205199,0 -92.00514410152905,14.65805091441711,0 -92.00508734069035,14.65808868844144,0 -92.00497898897675,14.65816628629125,0 -92.00488282305612,14.65824037602895,0 -92.00486999354237,14.65824891438063,0 -92.00458014105821,14.65841418369296,0 -92.00457869016708,14.65841499677303,0 -92.00448542653555,14.65846635720906,0 -92.00447919826807,14.65846953873764,0 -92.00441219803069,14.65850117896242,0 -92.00436202619306,14.65852524392112,0 -92.00434433240525,14.65853197282458,0 -92.00432572149434,14.65853567688968,0 -92.004308270434,14.65853766140349,0 -92.00430499399991,14.65854585200007,0 -92.004311532,14.65854400800004,0 -92.00426978999992,14.65858382200001,0 -92.00418848499997,14.65862489300004,0 -92.00413785899994,14.65861290700013,0 -92.0041084379999,14.65860469300005,0 -92.00402964799996,14.65860117200008,0 -92.00400894499994,14.65860863200004,0 -92.00399067299993,14.65862330000008,0 -92.00395664199995,14.65863738200011,0 -92.00384952099998,14.65868356600002,0 -92.00381540699998,14.65871692600009,0 -92.00378150419992,14.65874310607128,0 -92.00372456821729,14.65890595784013,0 -92.00370890245519,14.6590216408223,0 -92.00371159910624,14.65902934004354,0 -92.00373519522508,14.65907200680795,0 -92.00374212486719,14.65908723529062,0 -92.00377066677314,14.65916574991206,0 -92.00377499052109,14.65918115060841,0 -92.0037768064328,14.65919701802743,0 -92.00377607049016,14.65921296754323,0 -92.00384162185522,14.6592506817416,0 -92.00389570730681,14.65928177469716,0 -92.00389758127326,14.65928291139269,0 -92.00394980711977,14.65931629751775,0 -92.00401896981803,14.65936189204754,0 -92.00410082465494,14.6594135213589,0 -92.00410670814475,14.65941792003081,0 -92.00415874541569,14.65946370527389,0 -92.00416298053877,14.65946795443501,0 -92.00416766369396,14.65947437423825,0 -92.00420036241285,14.65952866997097,0 -92.00420319143105,14.65953420337259,0 -92.00426245013173,14.65967321225205,0 -92.00426447867848,14.65967907601697,0 -92.00426566534848,14.65968515460645,0 -92.00426598788921,14.65969133403383,0 -92.00426442026735,14.6597772991486,0 -92.00426377503668,14.65978404730261,0 -92.00426207769776,14.65979069226594,0 -92.00421137119352,14.65993986798373,0 -92.00420983953362,14.65994376169905,0 -92.0041673811857,14.66003837676296,0 -92.00416530073602,14.66004244255593,0 -92.00403947554659,14.66026017780191,0 -92.0040378032139,14.66026285064651,0 -92.0040025178007,14.66031508434551,0 -92.00397514858365,14.66039082699955,0 -92.00389327371499,14.66065644670159,0 -92.00377933132735,14.66103564142672,0 -92.00367404015962,14.66139261251477,0 -92.00367314843538,14.66139531310618,0 -92.00367100988488,14.66140021798483,0 -92.00357907704429,14.66158067287856,0 -92.0035654832772,14.66162517981572,0 -92.0035465425905,14.66168810986143,0 -92.00354501227174,14.66169238699438,0 -92.00348645382526,14.66183294300898,0 -92.00348312081418,14.66191209193275,0 -92.0034834215613,14.66195616353083,0 -92.00348972276836,14.66199899600091,0 -92.00350546328183,14.66209931637662,0 -92.00350599435401,14.66210583847698,0 -92.00350572335637,14.66211102346195,0 -92.00349353718774,14.66222011775959,0 -92.00349315664158,14.6622227832411,0 -92.00349109503519,14.66223045784739,0 -92.00344651934499,14.66235123595796,0 -92.00344313532602,14.66235837967828,0 -92.00343852984749,14.66236484369917,0 -92.00343284252092,14.66237043206871,0 -92.00336847866637,14.66242331502495,0 -92.00336575685671,14.66242538746023,0 -92.00332959054217,14.66245087109209,0 -92.00328143734883,14.66254078428455,0 -92.00326820860114,14.66268292672073,0 -92.00326774536012,14.66268639992038,0 -92.00326671845897,14.66269089452537,0 -92.00321396884848,14.66287656460185,0 -92.0032129538174,14.66287969105036,0 -92.00321098214287,14.66288426494034,0 -92.00312806163019,14.66305042051836,0 -92.00312488629105,14.66305580663877,0 -92.00312098233211,14.66306071801343,0 -92.00298472108121,14.6632097383057,0 -92.00295069222297,14.66325028200879,0 -92.00294079651049,14.66327040616037,0 -92.00293062589222,14.66329750937078,0 -92.00293242094915,14.66337524105401,0 -92.00293177475524,14.66338345007998,0 -92.00293130538432,14.66338577452044,0 -92.00292085845753,14.66343118589206,0 -92.00291912801673,14.66343690692555,0 -92.0029015166247,14.66348352677338,0 -92.00289922924694,14.6634885982371,0 -92.00283414786395,14.66361177612075,0 -92.00283080059289,14.6636171546484,0 -92.00282671866901,14.66362202863939,0 -92.00282198116376,14.66362630367939,0 -92.00276341070266,14.66367221053945,0 -92.00275777747831,14.66367599504928,0 -92.00275424607095,14.66367781633994,0 -92.00268350734973,14.66371058349849,0 -92.00268168907014,14.66371137958476,0 -92.00264555504005,14.66372630004638,0 -92.00263916114996,14.6637284204316,0 -92.00263251883052,14.66372961485013,0 -92.00262576877171,14.66372985800305,0 -92.00255829022028,14.6637275020621,0 -92.0025031225198,14.66373369552957,0 
							</coordinates>
						</LinearRing>
					</outerBoundaryIs>
				</Polygon>
				<Polygon>
					<outerBoundaryIs>
						<LinearRing>
							<coordinates>
								-92.00310034699996,14.66716789600002,0 -92.00324493499991,14.66707997,0 -92.00335782957457,14.66700028009592,0 -92.00338885199996,14.66697838200003,0 -92.00344685499998,14.66692172000002,0 -92.00359244799991,14.66679280600006,0 -92.00372488199997,14.6667029520001,0 -92.00386226199997,14.66661217600011,0 -92.00393275399993,14.66656222000009,0 -92.00397709399998,14.66652215500015,0 -92.00398891199998,14.66651058800007,0 -92.00400039599994,14.66651050400005,0 -92.00400173699997,14.66649625500008,0 -92.00400399999992,14.66649633800012,0 -92.00400609499997,14.66650312800002,0 -92.00401321999992,14.66650279200014,0 -92.00401632099991,14.66650446900009,0 -92.004014729,14.66651025200001,0 -92.00401782999994,14.66651067100003,0 -92.00401439299995,14.6665120960001,0 -92.00401347099994,14.66651184500004,0 -92.0040159859999,14.66651343699999,0 -92.00403618599995,14.66651117400012,0 -92.00403945499984,14.66651159300005,0 -92.00405630299994,14.66648636399998,0 -92.00409653599999,14.66645903900004,0 -92.00422025300001,14.66633934500013,0 -92.00432972099992,14.66624027100007,0 -92.00436542699994,14.66621520900001,0 -92.00440767199997,14.66618134600006,0 -92.00447732599997,14.66614052700007,0 -92.00459425299995,14.66604178800007,0 -92.00475057599989,14.66592812900009,0 -92.00490253999997,14.66581882900011,0 -92.00503664999997,14.66570919400011,0 -92.00518626699989,14.66560173800006,0 -92.00533932099997,14.66548590000001,0 -92.0054344549999,14.66540711000007,0 -92.00546630699992,14.66537660000013,0 -92.00547443699995,14.6653673800001,0 -92.00541961899994,14.66532982900006,0 -92.00536119799992,14.66533376800003,0 -92.00529288499992,14.66535053200006,0 -92.00520504299999,14.66532941000003,0 -92.00513455099994,14.66522765300002,0 -92.00512130699995,14.66519932300003,0 -92.00511996599992,14.66517635600016,0 -92.00507294399995,14.66506403900009,0 -92.00514251399994,14.6649302640001,0 -92.00517645999997,14.66489522700008,0 -92.00519037399989,14.66488257100009,0 -92.00527620499997,14.66475994300007,0 -92.00535700700001,14.66467092700007,0 -92.00543722099995,14.66462072000009,0 -92.00554652099996,14.66456263300007,0 -92.00561650999998,14.66451670000011,0 -92.00568943299997,14.66440874200005,0 -92.00572958199994,14.66430539300003,0 -92.00581281399997,14.66423624200014,0 -92.00587878000003,14.66418234600008,0 -92.00587475699994,14.66409567700008,0 -92.005921276,14.66397447500009,0 -92.00594122499993,14.66389216500013,0 -92.00595237299994,14.66383885600004,0 -92.00594751199991,14.66370340400003,0 -92.0060298219999,14.66357650200013,0 -92.00612244200001,14.66346711900012,0 -92.00613845099987,14.66338765800002,0 -92.00620022599995,14.66333644500006,0 -92.00624875699997,14.66337977899998,0 -92.00624850599993,14.66347633900008,0 -92.00625915099994,14.66360860500001,0 -92.00621833099996,14.66368647300005,0 -92.00617600199993,14.66378470900002,0 -92.00616175299999,14.66390859300006,0 -92.00615764599999,14.66397757600009,0 -92.00609352399994,14.66407187300008,0 -92.00606368499994,14.66414555000006,0 -92.0060924349999,14.66424110300005,0 -92.006067457,14.66435367200011,0 -92.00609737999997,14.66440010800005,0 -92.00612797399992,14.66454528300009,0 -92.00608086799997,14.66461979800009,0 -92.00606385199993,14.66466430600003,0 -92.00606024799993,14.66476346400001,0 -92.0060867349999,14.66481484500005,0 -92.00600920199993,14.66486245400012,0 -92.00600618499995,14.66491383500011,0 -92.0059911809999,14.66492615600008,0 -92.00600945400001,14.66494719500002,0 -92.00612512399988,14.6648605260001,0 -92.00622604199997,14.6647808140001,0 -92.00631966799992,14.66471359100008,0 -92.00644665399994,14.66462994000006,0 -92.00645738299988,14.66462097100009,0 -92.00660750299991,14.66449893100007,0 -92.00676742900001,14.66439575000005,0 -92.00685183499995,14.66433933900007,0 -92.00701150999993,14.66421805300006,0 -92.00710563899996,14.66414420900001,0 -92.00716406099997,14.66409903000009,0 -92.0072234889999,14.66405301400011,0 -92.00731803699992,14.66396953000002,0 -92.00741115999996,14.66389208100003,0 -92.00752976399993,14.66378353500009,0 -92.00769564099986,14.66369653100009,0 -92.00781583799997,14.66359661899998,0 -92.007925808,14.66348514000009,0 -92.00796905899992,14.66345052200009,0 -92.00800191599988,14.6634216890001,0 -92.00822621599988,14.66328078900006,0 -92.00837038499995,14.66315003100008,0 -92.00848563599997,14.66308020999999,0 -92.00860147399995,14.66297761500002,0 -92.00871873599998,14.66288323500005,0 -92.008852093,14.6627766170001,0 -92.0089754739999,14.66269330100005,0 -92.00908276300001,14.66260537500005,0 -92.0092085749999,14.66252189100003,0 -92.00937185399994,14.66240420900004,0 -92.00942415699991,14.66236246700003,0 -92.00943195299998,14.66225668800006,0 -92.00939733499989,14.6621785690001,0 -92.00934159599989,14.66205569000002,0 -92.00932256899995,14.66198855100006,0 -92.00931603099994,14.66189500900005,0 -92.00928376099993,14.66182334300009,0 -92.009234307,14.66169728000013,0 -92.00917496300001,14.66155663100004,0 -92.00913112599991,14.66147264500011,0 -92.00912835999993,14.66143098700014,0 -92.00915082399995,14.66140307500004,0 -92.00916247399992,14.66139729100012,0 -92.00916062999997,14.66138413200009,0 -92.00915417599995,14.66136627800014,0 -92.0091508239999,14.66135957300009,0 -92.00904227800004,14.66115153400011,0 -92.00902542999995,14.6610330980001,0 -92.00895250799998,14.66092187,0 -92.00888763199991,14.66079178300004,0 -92.00882862299994,14.66064644000008,0 -92.00885016499988,14.6605383140001,0 -92.00880817099993,14.66042205700009,0 -92.00877824799987,14.66034779300003,0 -92.00873893699998,14.66026573400009,0 -92.00873725999989,14.66018116100002,0 -92.00870155399998,14.66004562600007,0 -92.00866626599999,14.65995225100008,0 -92.00860700599995,14.65983658100001,0 -92.00860281499999,14.65980699300004,0 -92.008597702,14.65976005400009,0 -92.00856995799992,14.65969299900013,0 -92.008540705,14.65961144300013,0 -92.00847230899994,14.65943156700009,0 -92.008417072,14.65927432300004,0 -92.00838480099996,14.65910727200007,0 -92.00835186099988,14.65893829200013,0 -92.00830433499996,14.65880803800009,0 -92.00829729399992,14.6588083730001,0 -92.00825462999991,14.65888557000002,0 -92.00825345699994,14.65893033,0 -92.00822696999995,14.65898414100008,0 -92.00811934699996,14.65906821200005,0 -92.00797903399994,14.65915395900011,0 -92.00785942399992,14.65928119600009,0 -92.00775615899994,14.65937138500009,0 -92.007661527,14.65949753300003,0 -92.00756890699995,14.65955126100005,0 -92.00749548199995,14.65959518200005,0 -92.00742943199995,14.65961814900009,0 -92.00729540499999,14.65960331300006,0 -92.00715425399996,14.65960389900004,0 -92.00712819902078,14.65963786978482,0 -92.00712804803247,14.65963855602685,0 -92.00712215690064,14.65965375065985,0 -92.00711400089651,14.65966791832542,0 -92.00710376296348,14.65968074123452,0 -92.00707432745283,14.65971239847249,0 -92.007039003,14.65977983500012,0 -92.0069711896265,14.65988848845006,0 -92.00697131951613,14.659907481213,0 -92.00697486350734,14.65994870534065,0 -92.00698588191322,14.65997263138679,0 -92.00699117941026,14.65998664909002,0 -92.0070186842179,14.66007851476855,0 -92.0070213109814,14.66008931935017,0 -92.00702313195362,14.66010813852851,0 -92.00702327750611,14.66012942048714,0 -92.00702189418686,14.66014719482178,0 -92.00701753861308,14.66016450840169,0 -92.00701032847192,14.66018089341231,0 -92.00700045858166,14.66019590712946,0 -92.00698819562687,14.66020914388087,0 -92.00696477952891,14.66023057947072,0 -92.00695132911019,14.6602409260675,0 -92.00692702099998,14.66028409100013,0 -92.00692266199995,14.66037805200008,0 -92.00693439699997,14.66050939600005,0 -92.00693925997895,14.66053710427111,0 -92.00694413746017,14.66054528033412,0 -92.00694970980609,14.66055593327278,0 -92.00697192454979,14.66060490505365,0 -92.00697799070673,14.66062201838555,0 -92.00698104794795,14.66063987571966,0 -92.00698654528914,14.66070532809038,0 -92.00698672736053,14.66072047070282,0 -92.00698474084351,14.66073549035419,0 -92.00698062447823,14.66075009413387,0 -92.00697905584406,14.66075444300187,0 -92.00698116799992,14.66076554700003,0 -92.00700279299996,14.66084425300008,0 -92.00692376329046,14.6609077355045,0 -92.0069223200198,14.66091173681047,0 -92.00691604181969,14.66092577300401,0 -92.00690779578484,14.66093880856266,0 -92.00689774627273,14.66095058366503,0 -92.00688609358741,14.66096086361273,0 -92.00681912022772,14.66101205099472,0 -92.00680667249398,14.66102030454583,0 -92.00678880024768,14.66102852524621,0 -92.00674145757002,14.66104531956346,0 -92.00672339725951,14.66105009676531,0 -92.00672178008791,14.66105037321466,0 -92.00671789995697,14.66105100784511,0 -92.006645221,14.66110870200003,0 -92.00661110699996,14.6611287350001,0 -92.0066205779999,14.66117668000005,0 -92.00661051640061,14.66124387000553,0 -92.00661263733582,14.66125008998361,0 -92.00661648668152,14.66126471423407,0 -92.00661819659659,14.66127936093127,0 -92.00662017143368,14.66132191484329,0 -92.00661983246682,14.661336573617,0 -92.00661746534988,14.66135105387575,0 -92.00661311335836,14.66136509088801,0 -92.00661147791546,14.6613693106656,0 -92.006612699,14.66137784500012,0 -92.00661756099996,14.66148178100007,0 -92.0065636649999,14.66159585900011,0 -92.00657573499994,14.66173382500003,0 -92.0065774119999,14.66178688200011,0 -92.00653910600002,14.66186961200009,0 -92.00650582999994,14.66184480099999,0 -92.00645939399999,14.6617764050001,0 -92.00642075399999,14.66173826700009,0 -92.00640893500001,14.66165495100012,0 -92.00634389199995,14.661577586,0 -92.00622981399991,14.66157750200011,0 -92.00609578799994,14.66160021700008,0 -92.00605647599996,14.6616118680001,0 -92.00592504799995,14.66162947000003,0 -92.00589202299994,14.66165143100009,0 -92.00577392199993,14.66172552700008,0 -92.00570234099999,14.66180750200004,0 -92.00567912299991,14.66187346700014,0 -92.00557275700001,14.66195259200004,0 -92.00548642299998,14.66202811300008,0 -92.00539966999997,14.66205334300002,0 -92.00526312899993,14.66203381300008,0 -92.00521334099993,14.66210095200006,0 -92.00516648599998,14.66214370000007,0 -92.00512348699998,14.66219105800016,0 -92.00504360699989,14.6623353100001,0 -92.00499029799998,14.66238845100003,0 -92.00495132199991,14.66248492700012,0 -92.00483858599992,14.66262037900003,0 -92.00472660399997,14.66268014200013,0 -92.00469433299997,14.662788603,0 -92.00457815999994,14.66287334400002,0 -92.004543459,14.66290921900005,0 -92.00449073699997,14.6630396410001,0 -92.00448193599999,14.66305506400011,0 -92.00445553299993,14.66314156500012,0 -92.00446349599999,14.66324717700004,0 -92.00444002599991,14.66335882400005,0 -92.00444329499993,14.66344222400012,0 -92.00436232599995,14.66354590800008,0 -92.00436542699994,14.66357055100008,0 -92.00437380899996,14.66369954900005,0 -92.00436073399997,14.66372394000006,0 -92.00435771599994,14.6638801790001,0 -92.00431379499992,14.66408461300004,0 -92.00431304099996,14.6640950070001,0 -92.00429703099995,14.66418645300001,0 -92.00428705699993,14.66420170900013,0 -92.00424003399998,14.66428510800002,0 -92.00417306299993,14.66437538200013,0 -92.00414883899998,14.66443967100001,0 -92.00410366099996,14.66451594600014,0 -92.00409209399994,14.66465014000004,0 -92.00404071199991,14.66469598900002,0 -92.00402956499995,14.66471459700004,0 -92.00403953899993,14.66475717700008,0 -92.00397684199991,14.66481861700015,0 -92.00389930999989,14.66489958600007,0 -92.00378816599989,14.66499656399999,0 -92.00370610699993,14.66503595900007,0 -92.00360954699993,14.66505255600006,0 -92.00349463099994,14.66508331700008,0 -92.00336546599998,14.66514299600004,0 -92.00322791899994,14.66520837500013,0 -92.00301937799992,14.66526621000006,0 -92.00291410099996,14.6653346070001,0 -92.00287395486184,14.66535541478886,0 -92.00275610199995,14.66541649800016,0 -92.00265619,14.66546997400015,0 -92.00262251436951,14.66549420297809,0 -92.00310034699996,14.66716789600002,0 
							</coordinates>
						</LinearRing>
					</outerBoundaryIs>
				</Polygon>
			</MultiGeometry>
		</Placemark>
		<Placemark id="ID_00002">
			<name>GT05-MAL</name>
			<Snippet maxLines="0"></Snippet>
			<description><![CDATA[<html xmlns:fo="http://www.w3.org/1999/XSL/Format" xmlns:msxsl="urn:schemas-microsoft-com:xslt">

<head>

<META http-equiv="Content-Type" content="text/html">

<meta http-equiv="content-type" content="text/html; charset=UTF-8">

</head>

<body style="margin:0px 0px 0px 0px;overflow:auto;background:#FFFFFF;">

<table style="font-family:Arial,Verdana,Times;font-size:12px;text-align:left;width:100%;border-collapse:collapse;padding:3px 3px 3px 3px">

<tr style="text-align:center;font-weight:bold;background:#9CBCE2">

<td>GT05-MAL</td>

</tr>

<tr>

<td>

<table style="font-family:Arial,Verdana,Times;font-size:12px;text-align:left;width:100%;border-spacing:0px; padding:3px 3px 3px 3px">

<tr>

<td>FID</td>

<td>2</td>

</tr>

<tr bgcolor="#D4E4F3">

<td>Name</td>

<td>Malasia</td>

</tr>

<tr>

<td>CODE</td>

<td>GT05-MAL</td>

</tr>

<tr bgcolor="#D4E4F3">

<td>INSTANCE</td>

<td>Malasia</td>

</tr>

<tr>

<td>STATUS</td>

<td>Active</td>

</tr>

<tr bgcolor="#D4E4F3">

<td>PROJECT</td>

<td>1538</td>

</tr>

<tr>

<td>USE</td>

<td>Rubber</td>

</tr>

<tr bgcolor="#D4E4F3">

<td>HAS</td>

<td>150.63</td>

</tr>

</table>

</td>

</tr>

</table>

</body>

</html>]]></description>
			<styleUrl>#PolyStyle004</styleUrl>
			<MultiGeometry>
				<Polygon>
					<outerBoundaryIs>
						<LinearRing>
							<coordinates>
								-91.98339889724757,14.77013670298324,0 -91.98336905394017,14.7701868431523,0 -91.98348789656661,14.77023511672629,0 -91.9836586558702,14.77024705847686,0 -91.9838128585165,14.77025488382579,0 -91.9840478846105,14.77025591787809,0 -91.98408497268349,14.77017746657245,0 -91.98414439322579,14.77003479257041,0 -91.98421770601472,14.77006370212151,0 -91.98432774162869,14.77009277315912,0 -91.98438692963499,14.77000012544977,0 -91.98421840319629,14.76991362302613,0 -91.98405712183619,14.76984859266667,0 -91.98399145254753,14.76975539577256,0 -91.98413166300249,14.7696130771701,0 -91.98422016271459,14.76953485196731,0 -91.98430892792253,14.769399453733,0 -91.98439014933288,14.76930690290512,0 -91.98455970417217,14.76917185981413,0 -91.98468505892036,14.76906520936376,0 -91.98446887832432,14.76890683377672,0 -91.98425331700516,14.76906548359056,0 -91.98405643366854,14.76893625307578,0 -91.9839469903597,14.76902395363039,0 -91.98367052101152,14.7688216211031,0 -91.98356125919852,14.76893608870652,0 -91.98369274160548,14.76905570172901,0 -91.98346014562782,14.76923788264832,0 -91.98307680879351,14.76899608328825,0 -91.98299749506948,14.76896313215185,0 -91.9828854295811,14.76899481122894,0 -91.98301618248939,14.76918891369359,0 -91.98327432620471,14.76982078648682,0 -91.98330092406088,14.76988823966898,0 -91.98339889724757,14.77013670298324,0 
							</coordinates>
						</LinearRing>
					</outerBoundaryIs>
				</Polygon>
				<Polygon>
					<outerBoundaryIs>
						<LinearRing>
							<coordinates>
								-91.99357621110175,14.77661565911744,0 -91.99360073948947,14.77667988835531,0 -91.99360090933453,14.77670473874795,0 -91.99359709328746,14.77674091106545,0 -91.99357541477215,14.77679640239351,0 -91.99355355096549,14.77682478420078,0 -91.99352641998789,14.77688934771317,0 -91.99352306085157,14.77690744326133,0 -91.99352203892535,14.77692778291277,0 -91.9935257454609,14.77696051771399,0 -91.99353550804766,14.77698756526177,0 -91.99355442648066,14.77699535013798,0 -91.99357591830645,14.77699747029423,0 -91.99363629980286,14.7769993387906,0 -91.99365864685194,14.77699919417837,0 -91.99372745248924,14.77700213774902,0 -91.99378172389217,14.77700178652258,0 -91.99390815231176,14.77698515368691,0 -91.99400755923213,14.77696417723642,0 -91.99414205973454,14.77693958473635,0 -91.99420088969376,14.77692677816084,0 -91.99438781975914,14.7768871611416,0 -91.99459381600931,14.77679206949188,0 -91.99466580291283,14.77675093728965,0 -91.99474166309919,14.77672446495011,0 -91.99483081933847,14.77668999919049,0 -91.99496957239219,14.77665069372513,0 -91.99508923264483,14.77662054875168,0 -91.99512803721231,14.77660787166119,0 -91.99518656905232,14.77659393716524,0 -91.99522658086204,14.77658802991408,0 -91.99533724768054,14.77660086835057,0 -91.99542061830502,14.77661162435437,0 -91.9955145106574,14.7765906830084,0 -91.99554720509482,14.7765757862133,0 -91.99557553848845,14.77655978805856,0 -91.9955986324468,14.77654156462481,0 -91.99561016396342,14.77653019378262,0 -91.99566390532715,14.77649482757519,0 -91.99569310936218,14.77647882376601,0 -91.99579687684709,14.77645894793471,0 -91.99585386470596,14.77643146793458,0 -91.99591604558717,14.77639943581776,0 -91.99594116330795,14.77638006962555,0 -91.99596101839828,14.7763550894769,0 -91.9959704874146,14.77633921353714,0 -91.99599465713904,14.77630855736182,0 -91.99601859849669,14.7762869395623,0 -91.99604292286121,14.77627887462464,0 -91.99605569254742,14.77627879186013,0 -91.99609138962427,14.77627856049198,0 -91.99614872538677,14.77630191071772,0 -91.99620914123305,14.77635122204162,0 -91.9962401597876,14.77638829817512,0 -91.99625713177095,14.77640852117631,0 -91.99626995560062,14.77641634533296,0 -91.99629209741673,14.77642862753391,0 -91.99631974568716,14.77643974442465,0 -91.99644035728076,14.77646381398493,0 -91.9965323880656,14.77646773577007,0 -91.99682920984887,14.77649744026763,0 -91.99685967524606,14.77649611309199,0 -91.99692408094442,14.77649230658151,0 -91.99694725988191,14.77648650820133,0 -91.9969820244165,14.77647724584619,0 -91.99722753530887,14.77638867337048,0 -91.99725386795109,14.77637720644643,0 -91.99728336979405,14.77636233012714,0 -91.99734222641918,14.77631111581158,0 -91.99748223233472,14.77620063523829,0 -91.99751048811559,14.77617334124995,0 -91.99753033525639,14.77614723142312,0 -91.99755758103872,14.77609961097504,0 -91.99758161117258,14.77604862255274,0 -91.99759594794315,14.77598075284584,0 -91.9976017948572,14.77594456734281,0 -91.99760261541024,14.77592060762569,0 -91.99710115685252,14.7755679195528,0 -91.99708670306944,14.77555775381851,0 -91.9958989655551,14.7748013359708,0 -91.99536271204327,14.77446111718738,0 -91.99450226949394,14.77391521598519,0 -91.99361150405122,14.7733425279219,0 -91.99268755639929,14.77279115632878,0 -91.9913375492829,14.77187074470043,0 -91.99121241996443,14.77172852346411,0 -91.9912451269211,14.77172090199091,0 -91.99155203804708,14.77163287578755,0 -91.99165262313306,14.7715646720217,0 -91.99174610294732,14.77150128605618,0 -91.99213552142085,14.77094024742061,0 -91.99230488206183,14.77071034595503,0 -91.99266706949886,14.7698525918636,0 -91.9926855530161,14.76961089516404,0 -91.99265691941964,14.76950314550654,0 -91.99264968040308,14.76892220070322,0 -91.99204906514181,14.7685276927667,0 -91.99142970182339,14.76813077791931,0 -91.99098994809884,14.7678310089141,0 -91.99089343535226,14.76790099133131,0 -91.99084323969258,14.76797573854889,0 -91.99080665973881,14.76804613544984,0 -91.99079271840388,14.76812104105774,0 -91.99082411541018,14.76819173497061,0 -91.99086925027892,14.76823162033465,0 -91.9908960951736,14.76830670414607,0 -91.99087735751334,14.76843891614373,0 -91.99088129921468,14.76856681743287,0 -91.99088505777769,14.76873440607888,0 -91.99080915787867,14.76877900564843,0 -91.99067669621596,14.76871144663526,0 -91.99060461468265,14.76861852592478,0 -91.9906382396473,14.76846848447434,0 -91.99066940328264,14.7683277625849,0 -91.99071953803403,14.76826624453542,0 -91.99067948449297,14.76810731687542,0 -91.99066182540065,14.76800581441331,0 -91.99067617380345,14.76784271468541,0 -91.9908099793055,14.76771710379345,0 -91.9904603315189,14.76749580541154,0 -91.98991287330735,14.76712548178831,0 -91.98939218177479,14.76680783552532,0 -91.98909705690753,14.76662571023635,0 -91.98905821677776,14.76681171689258,0 -91.98899853608722,14.7670115655459,0 -91.98894669532078,14.76710424678423,0 -91.98886564181575,14.76716106622835,0 -91.98865245382666,14.76720301357342,0 -91.98843933187788,14.767230667447,0 -91.98824824331206,14.7672584176328,0 -91.98804246575783,14.76728610330375,0 -91.98778534298746,14.76729927023034,0 -91.98759412198396,14.76735560639665,0 -91.98746883575872,14.76744796532945,0 -91.9873803049301,14.76753333855088,0 -91.98722570676729,14.76761127527755,0 -91.98712235441054,14.76772517050631,0 -91.98713634831519,14.76787531418013,0 -91.98715778602545,14.76800405016527,0 -91.98719351558758,14.7682186101366,0 -91.98725170899263,14.76834036051082,0 -91.98735403572286,14.7684480108231,0 -91.98745626328346,14.76857710099044,0 -91.9875437357445,14.76872041999084,0 -91.9876308443806,14.76894235191386,0 -91.9875641149513,14.76907784816229,0 -91.98751230613937,14.76916338236134,0 -91.9873654815927,14.76914844509438,0 -91.98715225834394,14.76919753753688,0 -91.9869688435618,14.76915385244707,0 -91.98685956952001,14.76896041018256,0 -91.98686731136912,14.76887468283915,0 -91.98699957904711,14.7688609694607,0 -91.98713945604636,14.7687901151683,0 -91.98717667515695,14.76868307674621,0 -91.98708933536665,14.76851117109905,0 -91.98698700874715,14.7684035206764,0 -91.98678192536298,14.76828112590619,0 -91.98667225450225,14.76817344313934,0 -91.9866440355311,14.76792318219138,0 -91.98618098759287,14.76781013476891,0 -91.98584873892194,14.76780492571825,0 -91.9855553880125,14.7679684446651,0 -91.98528608385455,14.7683375218165,0 -91.98539283177718,14.7684911201273,0 -91.98565793023096,14.76861431212311,0 -91.98565556430739,14.76884792384205,0 -91.98589846380931,14.76873464212294,0 -91.98606652621245,14.76892119611096,0 -91.98619091929717,14.76902179701468,0 -91.98645462675645,14.76917303670082,0 -91.98653498606018,14.76926629741357,0 -91.98640973140314,14.76935150902997,0 -91.98629962955312,14.76933673224601,0 -91.98614555988991,14.76930032207967,0 -91.98598444400433,14.76919955991522,0 -91.98585224238303,14.76919897943927,0 -91.9858297447542,14.76929893547274,0 -91.98593881915063,14.76953525793804,0 -91.98594543457732,14.76969251599512,0 -91.98591492950284,14.76993537233168,0 -91.98587764324377,14.77005670374071,0 -91.98584793353008,14.77012804100315,0 -91.98564933189228,14.77019148973016,0 -91.98548010842514,14.77025506733997,0 -91.98533351551832,14.77019010236293,0 -91.98517229991225,14.77011077949856,0 -91.98517293010524,14.76997499361071,0 -91.98524707216595,14.7698252371948,0 -91.98521825777067,14.76970361546645,0 -91.9850203529969,14.76961698453042,0 -91.98480031522254,14.76955169645594,0 -91.98463125798152,14.76957954033905,0 -91.98454993699588,14.76969353112315,0 -91.98456396234626,14.769836528199,0 -91.9845702448989,14.77006525247262,0 -91.98459892621371,14.77021546075536,0 -91.98459826246602,14.77035839324041,0 -91.98459015457138,14.77052273330221,0 -91.98451581265995,14.77071536919754,0 -91.98444951226074,14.7707579582615,0 -91.9843023550084,14.77081448522706,0 -91.98417015248005,14.77081390372627,0 -91.984045560195,14.77075618148,0 -91.98388421186635,14.77070544421291,0 -91.98386177957457,14.77079110673007,0 -91.98379648174952,14.77085721646187,0 -91.98375445687817,14.77089976383526,0 -91.98388291311805,14.77103145920358,0 -91.98407245051743,14.77122577549149,0 -91.98417143373466,14.77160024176436,0 -91.98427531795852,14.77199324746528,0 -91.98429870844828,14.77208173607645,0 -91.98409573462102,14.77228201146605,0 -91.98406047499685,14.77228710007869,0 -91.9838162861581,14.77232234086997,0 -91.98369607843627,14.77233968888382,0 -91.98355735426956,14.77233320812499,0 -91.98337193966151,14.7723245460035,0 -91.98334281644495,14.77233308086991,0 -91.98314138992953,14.77239211092295,0 -91.9830233510105,14.77251503521817,0 -91.98298570469746,14.7725207263003,0 -91.98278825130326,14.77255057569281,0 -91.98266957165647,14.77256851662613,0 -91.98255315153533,14.7725861159231,0 -91.98228890242245,14.77282726761824,0 -91.98227632329977,14.77281844079016,0 -91.98202663257334,14.77264323135533,0 -91.98202229088284,14.77264972204215,0 -91.981889415297,14.77284836653453,0 -91.98179432777522,14.77283845302913,0 -91.98170625522904,14.77282927084537,0 -91.98154086009008,14.77295268121634,0 -91.98119115500575,14.77244397209647,0 -91.98099464726565,14.77227291920743,0 -91.98075089679607,14.77235456920002,0 -91.98058038325554,14.77244025476696,0 -91.98089835264066,14.7727708425016,0 -91.9812166638775,14.77302827931308,0 -91.9815122496446,14.77312102337819,0 -91.98167987236066,14.77320448816422,0 -91.98190133934621,14.77331476346117,0 -91.98241673895112,14.77362793173101,0 -91.9824248760915,14.7736339457121,0 -91.98284313608329,14.77394307157239,0 -91.98340056346159,14.77426426748729,0 -91.98405522391789,14.77465197448422,0 -91.98455860814768,14.77493469697511,0 -91.98462010724177,14.77497117404073,0 -91.98472416936777,14.77503289652385,0 -91.98569609250859,14.7756052532213,0 -91.98606106892967,14.77581303897853,0 -91.98610718292353,14.77567344478764,0 -91.98616190324316,14.77558627799652,0 -91.98621849571194,14.77554587204809,0 -91.98638143648097,14.77565335494618,0 -91.98635850307674,14.77569529843161,0 -91.98635199103369,14.77576198774278,0 -91.98637535636912,14.77582622543549,0 -91.9864571850015,14.77586636470421,0 -91.98648339707528,14.77587975130622,0 -91.98651423732001,14.77589084886714,0 -91.98660054049341,14.77590610770261,0 -91.98661882440993,14.77590598994931,0 -91.98666673390922,14.77590907024195,0 -91.98671723234419,14.77590874500054,0 -91.98675792474363,14.77591751983943,0 -91.98678468654235,14.77592638439856,0 -91.98683180223081,14.77594076593298,0 -91.98690151673078,14.77594935380522,0 -91.98696670298278,14.7759749150708,0 -91.98699847540834,14.77599504348893,0 -91.98703962714258,14.77602866687456,0 -91.98707317165292,14.77605330232996,0 -91.98709390032633,14.77607124264783,0 -91.98712395450964,14.77609477096463,0 -91.98716521202257,14.77610128285385,0 -91.98718752829878,14.77609662060977,0 -91.98722223952331,14.77607945272542,0 -91.98723955285476,14.77606465616494,0 -91.98727558449238,14.77602827629104,0 -91.98732280404793,14.77597262085024,0 -91.98741871917278,14.77590761469448,0 -91.98748497215213,14.77587668813169,0 -91.98758116397443,14.77585234631017,0 -91.98760465647328,14.77584993568058,0 -91.98761539463888,14.77584986647767,0 -91.98763629821738,14.77585086137748,0 -91.98765869903376,14.77585862432209,0 -91.98768085576603,14.77587316653345,0 -91.98771825007756,14.77590907323917,0 -91.98773818501625,14.77593831477132,0 -91.98774907697731,14.77596083688974,0 -91.98775639600065,14.77601275205052,0 -91.98774625761892,14.776100927439,0 -91.98773228285648,14.77613716522,0 -91.98767193443584,14.77635331082037,0 -91.98765258582397,14.77645284172664,0 -91.98765287033086,14.77649463568319,0 -91.98765337014241,14.77656805749845,0 -91.98765386226729,14.77664034974683,0 -91.98767263837007,14.77671252415177,0 -91.98767704772808,14.77673302434855,0 -91.98795401517927,14.77689070138756,0 -91.98795855347109,14.77688803087546,0 -91.98797664517674,14.77685967385233,0 -91.98804891348688,14.7766039147986,0 -91.98810759922159,14.7764420014058,0 -91.98813416676201,14.77637970125832,0 -91.9881725738978,14.77635121324881,0 -91.98821942820808,14.77632718923432,0 -91.98828019774024,14.7763008162595,0 -91.98834269319768,14.77627217290995,0 -91.98837798478311,14.77625500111525,0 -91.9884228074995,14.77623099016278,0 -91.9884773438515,14.77618432425232,0 -91.98852023287344,14.77613208536251,0 -91.98867382585776,14.77592776405001,0 -91.98874041284147,14.7758606872908,0 -91.98875855053616,14.77583910761659,0 -91.9888125909231,14.77580487060924,0 -91.98884529349414,14.77579110429707,0 -91.98888677962721,14.77578857748064,0 -91.98892856367465,14.77578717835062,0 -91.98895757032629,14.7757847320173,0 -91.98901546048992,14.77576176628764,0 -91.98904975813363,14.77572652696633,0 -91.9890890488406,14.77565736696955,0 -91.98911962522341,14.77558713356894,0 -91.98912971686258,14.7754921807759,0 -91.98913072701978,14.77538486079786,0 -91.98912102983641,14.7752821283529,0 -91.98912205539959,14.77517706750427,0 -91.98913599685226,14.77509338602916,0 -91.98915111680873,14.77505488156762,0 -91.98917700566329,14.77502082609665,0 -91.98922583723066,14.77498888184636,0 -91.98924001179734,14.77498201271019,0 -91.98926406151661,14.77497620948019,0 -91.98928582796486,14.77497606905509,0 -91.98930150750456,14.77497709751344,0 -91.9893128337547,14.77497815405652,0 -91.98933348550899,14.7749847985105,0 -91.9893606298529,14.77500721568802,0 -91.98937938093329,14.77503307586053,0 -91.98938359025777,14.77505451139312,0 -91.98938383657962,14.77509065749353,0 -91.98938406750696,14.77512454446261,0 -91.98938472950192,14.77522168710673,0 -91.98937719606975,14.7753087160897,0 -91.98937751937177,14.77535615784558,0 -91.98933267758707,14.77559027752737,0 -91.98933519948555,14.77561963125341,0 -91.98933530725209,14.77563544517195,0 -91.98934559581872,14.77565458224972,0 -91.98938085872228,14.77567581741976,0 -91.98942075745822,14.77569589305645,0 -91.98945511122282,14.77571148600387,0 -91.98955472839413,14.77576393511336,0 -91.98964643502086,14.77584806444873,0 -91.98969239230514,14.77590537823289,0 -91.98976505760542,14.7759636492496,0 -91.98979386644197,14.77597475946699,0 -91.98982728030867,14.77598019188349,0 -91.98985310223881,14.77597889560611,0 -91.9898763121833,14.77597761618483,0 -91.98989771919834,14.7759673114784,0 -91.98991360432038,14.77595591279681,0 -91.98993231463717,14.77593319972884,0 -91.98994089803756,14.77591507048599,0 -91.98995786702562,14.7758923686561,0 -91.98997201609897,14.77583918542318,0 -91.98997618457969,14.77581204775717,0 -91.98998179646019,14.77578377115921,0 -91.98999314343483,14.77574529100722,0 -91.99002443088538,14.77569425637579,0 -91.99003584716047,14.77566594230979,0 -91.99006562958105,14.7756070100846,0 -91.99009151063839,14.77557182495453,0 -91.99012151637987,14.77554565011556,0 -91.99018834923521,14.77551471907455,0 -91.99020505875696,14.77549653736531,0 -91.99021627720511,14.77548177994864,0 -91.99022857180756,14.77545458982046,0 -91.99025103180179,14.77542846368051,0 -91.9902689175957,14.77541253360344,0 -91.99028596353737,14.77540112740675,0 -91.99029610582333,14.77539880269819,0 -91.9903022004378,14.77539876335109,0 -91.99032602926638,14.77540312796871,0 -91.9903429005246,14.77540866711855,0 -91.99035952778056,14.77542098553148,0 -91.99040242887808,14.7754557266032,0 -91.99042731324941,14.77548719514966,0 -91.99044050409722,14.77550631343215,0 -91.99049080708896,14.77556246937307,0 -91.99051650051608,14.77558489576546,0 -91.99054508074057,14.77560504428443,0 -91.99061744050549,14.77566105776635,0 -91.99065384128157,14.77567889653895,0 -91.99067568483166,14.77569005162538,0 -91.99069254841443,14.77569446118173,0 -91.99070791466892,14.77569210271857,0 -91.99073224692562,14.77568516789312,0 -91.99075793011593,14.77566353935048,0 -91.99077574654093,14.77563744315235,0 -91.99078462778417,14.77562044157584,0 -91.99080117545083,14.77557853896544,0 -91.99080626071598,14.77555817306011,0 -91.99081504178629,14.77552648713968,0 -91.99082126481298,14.77550272504216,0 -91.99082744931228,14.77547331512035,0 -91.99083109888524,14.7754552177161,0 -91.99084255356887,14.7754325514448,0 -91.99085404677696,14.77541553299736,0 -91.99087706400981,14.77538601436055,0 -91.9909012498206,14.77535761778903,0 -91.99091707319729,14.77533718252833,0 -91.99093485875652,14.77530656806214,0 -91.99094987051485,14.77525224960418,0 -91.99098005583572,14.7751673335477,0 -91.99102197829755,14.77505861977219,0 -91.99108647353746,14.77489779791941,0 -91.99109137890306,14.7748085266843,0 -91.99113095638752,14.77469643919972,0 -91.99116204306188,14.77461603576446,0 -91.99119940155676,14.77456157294734,0 -91.99128274026599,14.77444016584391,0 -91.99132984785926,14.77432577046334,0 -91.9913324340455,14.7742794395619,0 -91.99133227990174,14.77425684826766,0 -91.99133197932218,14.77421279524367,0 -91.99133164020797,14.77416309439611,0 -91.99131966155115,14.7741089502814,0 -91.99131365681137,14.77407961909405,0 -91.99131057737273,14.77405365785281,0 -91.99131034616428,14.77401977091042,0 -91.99130999164579,14.77396781093186,0 -91.99131530275714,14.77389548129222,0 -91.99130922095826,14.77385485445597,0 -91.99129346950397,14.77380073470818,0 -91.99128519698752,14.77377932546952,0 -91.99127780283168,14.77375904017099,0 -91.99125495779651,14.77372868814693,0 -91.99124356225384,14.77371746561058,0 -91.99122895890869,14.77370400456494,0 -91.99121844943328,14.77369503553292,0 -91.9911924967904,14.77367712933508,0 -91.99117383040856,14.77366369452945,0 -91.99115016098169,14.77364012550535,0 -91.99114370684849,14.77363000066097,0 -91.99113722189266,14.77361535755682,0 -91.99112567224691,14.77358154371578,0 -91.99112546419205,14.77355104546385,0 -91.9911229266949,14.7735194326428,0 -91.99112537682925,14.77349569490966,0 -91.99112698713498,14.77347648105962,0 -91.99115049211433,14.7734334038856,0 -91.99116284815224,14.77341525024363,0 -91.99117030902919,14.77340277629247,0 -91.99119355460012,14.77336421924939,0 -91.99120098464972,14.77334722703801,0 -91.99120282351775,14.77331897479437,0 -91.99120266939788,14.77329638349691,0 -91.99120319588961,14.77328847279373,0 -91.99120312653577,14.77327830670982,0 -91.99120304947601,14.77326701106112,0 -91.99120416410723,14.77326022617364,0 -91.99121104454379,14.77324775597076,0 -91.99122319511736,14.77324202941483,0 -91.99124144794784,14.77323739305688,0 -91.99126204563015,14.77323613039512,0 -91.99128382729808,14.77323824892754,0 -91.99131056577032,14.77324372428286,0 -91.99132601661695,14.7732537910077,0 -91.9913420864319,14.77326950180595,0 -91.99135848499986,14.7732908585521,0 -91.99136730710639,14.77330774578143,0 -91.99137350184897,14.77332239075361,0 -91.99137796299831,14.77333817653901,0 -91.99139045267898,14.77338215082417,0 -91.99139180622213,14.77341038244415,0 -91.99139189870648,14.77342393722133,0 -91.99139199119094,14.77343749199852,0 -91.99139729987451,14.77344988346429,0 -91.99141485162374,14.77347010314032,0 -91.99143732165155,14.77348803181248,0 -91.99147427170629,14.77350134847786,0 -91.99149780241103,14.77350458530259,0 -91.99150972443361,14.77350789712357,0 -91.99153100277286,14.77352131502656,0 -91.99153687648503,14.77353144360881,0 -91.99154778409137,14.77355622465645,0 -91.99155230692298,14.77358104695381,0 -91.99158371009082,14.7738022484936,0 -91.99158395675458,14.77383839456166,0 -91.99158994610339,14.77386546661056,0 -91.99160021934229,14.77388234445078,0 -91.99164155357128,14.77390015121332,0 -91.99166980488873,14.77391465365892,0 -91.99171283418029,14.77392567176891,0 -91.99175376256967,14.77392653691687,0 -91.9917948269885,14.77390480889206,0 -91.99181530908309,14.77388660270795,0 -91.99183199521805,14.77386503220921,0 -91.99186150213561,14.7738083608159,0 -91.99186889359439,14.77378572076464,0 -91.99187219117007,14.77375858871175,0 -91.99187952865844,14.77372804170894,0 -91.99189064667944,14.77369859988955,0 -91.99189804584229,14.77367708940229,0 -91.99193474647068,14.77361133460026,0 -91.99194738219273,14.7735491241566,0 -91.99194908218348,14.77350053975597,0 -91.9919670855292,14.77341683195203,0 -91.99205166909162,14.77330784234671,0 -91.9920948006498,14.77324882365036,0 -91.99213390770723,14.7731954790297,0 -91.99214533131078,14.77316829445552,0 -91.99216128762843,14.77308234064492,0 -91.99216108714728,14.77305297197055,0 -91.99216725600425,14.7730213029013,0 -91.99217118794866,14.77300207404624,0 -91.99218145067465,14.77297489697414,0 -91.9922019018102,14.77295217250789,0 -91.99223718481232,14.7729338706321,0 -91.99227052111931,14.77292800709035,0 -91.99229750351383,14.77292670307082,0 -91.99233378824879,14.77292759814727,0 -91.99235353837278,14.77292972971224,0 -91.99237218932691,14.77294090529361,0 -91.99240458070086,14.77296667703674,0 -91.99241370079702,14.77298469190844,0 -91.99242111815776,14.77300836585724,0 -91.99243034622793,14.7730421946277,0 -91.99243061615505,14.77308172937692,0 -91.99242551363905,14.77318455724569,0 -91.99239190048181,14.77327740288953,0 -91.99236131773173,14.77334650704468,0 -91.99234102853141,14.77339295237603,0 -91.99231501981602,14.77345186043278,0 -91.99229482879943,14.77359771117052,0 -91.99224891074176,14.77367369212754,0 -91.99220962138295,14.77374285254714,0 -91.99217590782145,14.77382101383568,0 -91.99216961838562,14.77387753519584,0 -91.99217206142229,14.77398031429319,0 -91.9921942133174,14.77403665181785,0 -91.9922010734013,14.77406371821523,0 -91.99221136494333,14.77412578046958,0 -91.99223412122147,14.77431314931627,0 -91.99224099674613,14.77434247483894,0 -91.9922782477601,14.77439984436089,0 -91.99229715334847,14.77444829555429,0 -91.99230924510348,14.77447645773992,0 -91.99231219641226,14.77452614167921,0 -91.9923222854954,14.77464355631768,0 -91.99233185013867,14.7746841605912,0 -91.99233991741754,14.77471799685976,0 -91.99236406241435,14.77476867339981,0 -91.99236448661887,14.77483079942681,0 -91.99235950949212,14.77486697925037,0 -91.99234904134529,14.7749065834139,0 -91.99228603672556,14.77507304397293,0 -91.99223055173471,14.775193141737,0 -91.99218339050402,14.77529963031732,0 -91.99210615719831,14.7754650532061,0 -91.99209186214868,14.77549677480095,0 -91.99207957549781,14.77552509457115,0 -91.99207538414889,14.77554884355836,0 -91.9920684139893,14.77559068433194,0 -91.99207599132251,14.77572280019622,0 -91.99207301483413,14.77575444862888,0 -91.99206600611238,14.77579064158135,0 -91.99206179933608,14.77581213144002,0 -91.99206196128401,14.77583585228791,0 -91.99206973065012,14.77586856087437,0 -91.99208431106381,14.77587863315348,0 -91.99210119010391,14.77588530173114,0 -91.99212410978291,14.77588402396184,0 -91.99217825754906,14.77586560011229,0 -91.9922063009232,14.77584960423193,0 -91.99225190888622,14.77581316174854,0 -91.9922770114832,14.77579153680207,0 -91.99228826064635,14.77578129755303,0 -91.99230904078898,14.77576421900319,0 -91.99234985381656,14.77574814055223,0 -91.99241650412213,14.77573302466257,0 -91.99244464773832,14.77573171308828,0 -91.99248641626077,14.77572805418919,0 -91.99252115007695,14.77571427424332,0 -91.9925679496918,14.77568234245429,0 -91.99258032114201,14.77566644786685,0 -91.99260329186073,14.77563015169425,0 -91.99262995828192,14.7755825354846,0 -91.99264438918094,14.77552822070857,0 -91.9926574384086,14.77548408139044,0 -91.99272277229238,14.77531873530128,0 -91.99287535103538,14.77509408507943,0 -91.99290524061141,14.77505096645727,0 -91.99291846722919,14.77503280709807,0 -91.99294502848123,14.77501230227122,0 -91.99296350989675,14.77499862737999,0 -91.99304865675892,14.77497209556764,0 -91.99309736721736,14.77496500283108,0 -91.99315281443926,14.7749669034185,0 -91.99317603194181,14.77496675324069,0 -91.99325679765391,14.77497865655491,0 -91.99328359039393,14.77499203860167,0 -91.9933224210302,14.77502567581592,0 -91.99337123489248,14.77507619264155,0 -91.99341417029507,14.77515837666273,0 -91.99347030452989,14.77526080832203,0 -91.99354109333831,14.77534168249156,0 -91.99355984491261,14.77536754227478,0 -91.99356843881624,14.77539346777868,0 -91.99358379268064,14.7754317752904,0 -91.99361042504292,14.77554908275933,0 -91.99361144404344,14.77569818512849,0 -91.99356911387534,14.77595939970775,0 -91.99352635133997,14.77615735873308,0 -91.99349738498022,14.7762930997555,0 -91.99349770919888,14.776340541418,0 -91.99350005724368,14.77638684037222,0 -91.99350405397934,14.77641957329859,0 -91.99353106619998,14.77650750835684,0 -91.99357621110175,14.77661565911744,0 
							</coordinates>
						</LinearRing>
					</outerBoundaryIs>
					<innerBoundaryIs>
						<LinearRing>
							<coordinates>
								-91.99119369735416,14.7720427438749,0 -91.99119639924378,14.77216321311149,0 -91.991179657342,14.77226140787358,0 -91.99120526548866,14.77235978765505,0 -91.99123093216073,14.77244548796053,0 -91.99120113018975,14.77254996552976,0 -91.99121717003921,14.77260392445474,0 -91.99118092576614,14.77269252421165,0 -91.99109908823931,14.7727777548192,0 -91.99114104343148,14.77286352630228,0 -91.99111427962676,14.7730155661073,0 -91.99104585314845,14.77301843704917,0 -91.99104614573837,14.77295503968616,0 -91.99099786535048,14.77282803143077,0 -91.99089661315413,14.77288464773082,0 -91.99077590247337,14.77292215934348,0 -91.99063587968631,14.77290886756208,0 -91.99054516159148,14.77280069330147,0 -91.99044180800225,14.77260687561047,0 -91.99032866685651,14.77241618501557,0 -91.9902021583806,14.77229834434314,0 -91.99014024752451,14.77230124352269,0 -91.99002907585952,14.77238951537763,0 -91.98998305806481,14.77247807217293,0 -91.98991067108041,14.77263308216234,0 -91.98981577301251,14.77272459501591,0 -91.98970803448728,14.77277484254059,0 -91.98962989358687,14.7727649908378,0 -91.98954839243665,14.77277731392027,0 -91.98943746939207,14.77281169772372,0 -91.98921908609294,14.77283610129503,0 -91.98923238070404,14.77277910074177,0 -91.98935379489286,14.7725894363517,0 -91.98949424224163,14.77251080275748,0 -91.98961502611419,14.77245744247875,0 -91.98970010710401,14.77237539654444,0 -91.98973622007063,14.7723153258558,0 -91.98976926573623,14.7722140326353,0 -91.98985763355549,14.77212566114929,0 -91.98993311698398,14.77200553395206,0 -91.98998901026077,14.77189483083331,0 -91.98993732656436,14.77179950682341,0 -91.98987234855187,14.7717611834151,0 -91.98962825640314,14.77170939662928,0 -91.98948166052931,14.77170875516023,0 -91.98925711466842,14.77165705352564,0 -91.98928995528256,14.77160013851115,0 -91.9894010388885,14.77153088620129,0 -91.98955423790395,14.77151253702092,0 -91.98969434757801,14.77150681019584,0 -91.98975966235557,14.77147222670049,0 -91.98994533563487,14.77147620884353,0 -91.99011453017565,14.77152132788385,0 -91.99017940568258,14.7715818402968,0 -91.99021485957235,14.77166441355982,0 -91.99025360045403,14.77174066132811,0 -91.99027611147694,14.77180415839691,0 -91.99029847612003,14.77189935414113,0 -91.99032420094341,14.77197237505391,0 -91.99034992578268,14.77204539596453,0 -91.99039521143376,14.77211533246636,0 -91.99048623656124,14.77215693954534,0 -91.99068133234029,14.77223704069201,0 -91.99079831671888,14.77230095064549,0 -91.99089904194436,14.7723584496253,0 -91.99097101850964,14.77229219558411,0 -91.9910432437198,14.7721720537552,0 -91.99106655957183,14.77206120800004,0 -91.9910376060518,14.77198183318303,0 -91.99112899694602,14.77194419330077,0 -91.99119369735416,14.7720427438749,0 
							</coordinates>
						</LinearRing>
					</innerBoundaryIs>
				</Polygon>
				<Polygon>
					<outerBoundaryIs>
						<LinearRing>
							<coordinates>
								-91.99682280374047,14.78106378683682,0 -91.99688476253101,14.78110543168579,0 -91.99697098097245,14.78154582714031,0 -91.99736524748174,14.7821592765529,0 -91.99786036048998,14.78242973251136,0 -91.99810405127687,14.7822054141314,0 -91.99820443062045,14.78179475691264,0 -91.99864810536138,14.78142432367635,0 -91.99894738581978,14.78110365549921,0 -91.99919033662796,14.78104031587614,0 -91.99954343795631,14.78100965017529,0 -91.99990742166062,14.78101122775012,0 -92.000325326894,14.7812813438847,0 -92.00090980952137,14.78130533937443,0 -92.00139566155376,14.78118938770304,0 -92.0018835231734,14.78063342235416,0 -92.00234785273254,14.78039932095691,0 -92.00243861277684,14.78041424084329,0 -92.00260727518126,14.78044196686168,0 -92.00315243976627,14.78053158428707,0 -92.00402340246855,14.78062120238404,0 -92.00454700347998,14.78037446324654,0 -92.00456503633322,14.78036596550452,0 -92.0034322962145,14.77963128536389,0 -92.00255246351115,14.77906940879805,0 -92.00192230205779,14.77867704746796,0 -92.00164645934632,14.77850529677491,0 -92.00144160045281,14.77837774303457,0 -92.00031971499273,14.77768602455697,0 -91.99988243306423,14.7774136363201,0 -91.99988132342062,14.77741511006031,0 -91.99985762133221,14.77740293270889,0 -91.99982856045543,14.77739747350091,0 -91.99980910788742,14.7773964702955,0 -91.99971716980698,14.77740610458069,0 -91.99967573019845,14.77741541072171,0 -91.99955635285964,14.7774444266076,0 -91.99950069239353,14.77745382511078,0 -91.99946179499595,14.77745294820382,0 -91.99942145424247,14.77745321027753,0 -91.9993406719792,14.77743905012037,0 -91.99923917551915,14.77740920993716,0 -91.99920718143875,14.77739925125985,0 -91.99917004436702,14.77735882649455,0 -91.99916290857382,14.77733402140823,0 -91.99916272259014,14.77730691195958,0 -91.99917968639132,14.77724128435505,0 -91.99920054704708,14.77719370520945,0 -91.99921758057668,14.77713824364656,0 -91.99922800876674,14.77709299148371,0 -91.99923118143481,14.77704778644839,0 -91.99923092570084,14.77701051095671,0 -91.99922779794993,14.77700585339782,0 -91.99908788484956,14.77691869875821,0 -91.99896852125242,14.77683974902721,0 -91.99849983425946,14.77652974784145,0 -91.9981400153237,14.77629175337476,0 -91.99810467668178,14.77627002102033,0 -91.99806505966286,14.77624881552609,0 -91.99800573867498,14.77623225634498,0 -91.9979604334128,14.77622803191673,0 -91.99793492503807,14.77623271589961,0 -91.99790952505356,14.77625321373538,0 -91.99786868545212,14.7763077001014,0 -91.99764562662845,14.77653845859885,0 -91.9976027089227,14.7765861807416,0 -91.99750579089451,14.77667378962899,0 -91.99748388120418,14.77669539439228,0 -91.99747177708569,14.77670789864666,0 -91.99746203343113,14.77672603564423,0 -91.99744860204926,14.77675662229275,0 -91.99744754952903,14.77677244368231,0 -91.99744650474889,14.77678939463323,0 -91.99743322816397,14.77684257250733,0 -91.99742761341591,14.77691264484737,0 -91.99742446359171,14.77696123857712,0 -91.99741942537904,14.77698838193907,0 -91.99740962369165,14.77704040765743,0 -91.99740537099824,14.77705512019655,0 -91.99738576755071,14.77707445076921,0 -91.99736666714266,14.77708248196178,0 -91.99735046120375,14.77708936476414,0 -91.99732989420815,14.77709514624495,0 -91.99729713018702,14.77709987723573,0 -91.99728494090226,14.77709995630806,0 -91.99726867304369,14.7770978026141,0 -91.99725468825714,14.77708998605111,0 -91.99723660168073,14.77707654803669,0 -91.99722863414637,14.77705739632325,0 -91.99722505088513,14.7770427346162,0 -91.9972249657545,14.7770303094409,0 -91.99722572033023,14.77701336037223,0 -91.99723672164102,14.77696697493418,0 -91.99723920980222,14.77694888500856,0 -91.99723995663803,14.77693080637849,0 -91.9972398715072,14.77691838120307,0 -91.99723181884958,14.77688680431352,0 -91.99721631332335,14.7768688311068,0 -91.99719184191206,14.77685543450277,0 -91.99711563382652,14.77683107735802,0 -91.99694991004426,14.77683102259913,0 -91.99689708212902,14.77683023559417,0 -91.99677124236582,14.7768479958358,0 -91.99666949090511,14.77686559981728,0 -91.99661877961725,14.77687722475512,0 -91.99652895812281,14.77689926976976,0 -91.99639801031586,14.77693400711211,0 -91.9963375320273,14.77696038026701,0 -91.9962418478397,14.77701635154333,0 -91.99604690339929,14.77719948273096,0 -91.99601382952889,14.77724375197577,0 -91.99596572188214,14.77733895120303,0 -91.99595424810016,14.77740115423637,0 -91.99595076906427,14.77744410204638,0 -91.9959353677375,14.77748373829227,0 -91.99588127360785,14.77759479087822,0 -91.99584437263749,14.77763117762425,0 -91.99577567867701,14.77768697381546,0 -91.99571722392058,14.77771220410464,0 -91.9956958016073,14.77772025021563,0 -91.99563108980891,14.7777217991751,0 -91.99556865339903,14.77771655569876,0 -91.99550757533336,14.77769774805608,0 -91.99536741421805,14.77761619449014,0 -91.99531839411375,14.77757810525971,0 -91.9952812422073,14.77753542067978,0 -91.99526176293197,14.77748810315303,0 -91.99526133009492,14.77742484766031,0 -91.99526275452794,14.77737852432198,0 -91.99527257644222,14.77728696208356,0 -91.99525942099915,14.77714584575074,0 -91.99525221608644,14.77711087443903,0 -91.99522957534529,14.77706809583463,0 -91.99516831973081,14.77702330814488,0 -91.99511933071329,14.77698973710455,0 -91.99503514767055,14.77694509788793,0 -91.99497821022997,14.77693755938756,0 -91.99495962834838,14.77693655012804,0 -91.99492104438829,14.77693905925323,0 -91.99487179178557,14.77695180398158,0 -91.99485357739212,14.77696208846025,0 -91.99480454112421,14.77700646092931,0 -91.99479393428888,14.77702573303705,0 -91.99474331891975,14.77709383758863,0 -91.99472519722333,14.7771176768109,0 -91.99470072928165,14.77714720519291,0 -91.99465089181044,14.77720174933803,0 -91.99464023087185,14.7772131145016,0 -91.99460024982616,14.77722353991389,0 -91.99457207515535,14.77722033351672,0 -91.99453168800234,14.77721381735532,0 -91.99450958481059,14.77720718279827,0 -91.99447904974424,14.77719834360897,0 -91.99439007972558,14.77717519779257,0 -91.99433814551583,14.7771777932601,0 -91.9942876546875,14.77717924975864,0 -91.99398098636691,14.77723771559293,0 -91.99387555416232,14.77726889755776,0 -91.99380737521611,14.77727272766158,0 -91.99372926695557,14.77726758509966,0 -91.99363866371868,14.77726026414328,0 -91.99360640277916,14.77725369523102,0 -91.99355721633565,14.7772336804793,0 -91.99353130939896,14.77722255198676,0 -91.99348722344004,14.77718443040245,0 -91.99343313872723,14.77712717007773,0 -91.99337906176231,14.77707103930075,0 -91.9933324611126,14.77700469361782,0 -91.99330459675649,14.77696194858611,0 -91.99326902456504,14.77689553153496,0 -91.99322705209248,14.77682689665476,0 -91.99317771141361,14.77678429053899,0 -91.99312992219129,14.77675635934976,0 -91.99309937950989,14.77674639040285,0 -91.99305780070999,14.77673536322601,0 -91.99302702955113,14.77673443265497,0 -91.99296438036723,14.7767404859547,0 -91.99289256756607,14.77676467232377,0 -91.992869434751,14.77677724769129,0 -91.99283906183459,14.77679212911026,0 -91.99281310396267,14.77681601888003,0 -91.99277513425888,14.77686596744566,0 -91.99276307613395,14.77688524886123,0 -91.99276148912577,14.77690785139731,0 -91.99275871808371,14.77692707275005,0 -91.99275907302081,14.77697903268086,0 -91.99276070159762,14.77700500326137,0 -91.99276876906255,14.77703883949416,0 -91.99278112812536,14.77706361106183,0 -91.99287561051011,14.77717144288073,0 -91.99292547765579,14.77720613835747,0 -91.99298936807288,14.77725429847535,0 -91.99310586120544,14.77735521012418,0 -91.99314475401931,14.77739788383273,0 -91.9931977426815,14.77750711353044,0 -91.99318768678066,14.77764950987049,0 -91.99318039571335,14.77768683428062,0 -91.99317397531142,14.77772415305789,0 -91.99317124289581,14.77774902222897,0 -91.99317279435,14.77776369716555,0 -91.99318103635962,14.7777805880444,0 -91.99319071404584,14.77779521040797,0 -91.99319894833947,14.77781097172248,0 -91.99321831143756,14.77784134601041,0 -91.99323065516542,14.77786385841654,0 -91.99324723183247,14.77791119492827,0 -91.99325027610631,14.77797443357736,0 -91.99322944030175,14.77806832628578,0 -91.99322969503125,14.77810560187663,0 -91.99323252317274,14.77813721275129,0 -91.99323676383486,14.77816316642049,0 -91.99323963057491,14.77820042511147,0 -91.99324271034745,14.77822638629109,0 -91.99324145993168,14.77825576432649,0 -91.99323205239018,14.77828067668478,0 -91.99322291191251,14.77830219847511,0 -91.99320045975973,14.77832945445579,0 -91.99317276042564,14.77835335554246,0 -91.99313070120607,14.77835701648847,0 -91.9930993416536,14.77835496014043,0 -91.99308159944061,14.77834942685386,0 -91.99306263458844,14.7783348645686,0 -91.99305003149543,14.77831687228642,0 -91.99304875482852,14.77829993634492,0 -91.9930401732047,14.77823334467161,0 -91.99303961749771,14.77815201610342,0 -91.99301226561177,14.77801438020726,0 -91.99299848621676,14.77799413630231,0 -91.99297885301223,14.77792422727215,0 -91.99293461731506,14.77782171859,0 -91.99292399813193,14.77766928946098,0 -91.99291972665284,14.77763881752637,0 -91.99291936394381,14.77758572803877,0 -91.99291658216529,14.77756089453535,0 -91.9929039482661,14.77753838398438,0 -91.99288612123797,14.77752042547632,0 -91.99281646489707,14.77747795069619,0 -91.99276618701525,14.77746810935549,0 -91.99274175434049,14.77746036007917,0 -91.99270219925181,14.77744819014724,0 -91.99263537871806,14.77743845576229,0 -91.99256050140609,14.77743893998105,0 -91.99253613817608,14.77744135675599,0 -91.99244676811698,14.77748711920403,0 -91.99234369105955,14.77756572904589,0 -91.99232295704718,14.7775895849953,0 -91.99227189624061,14.7776350996843,0 -91.99223101634149,14.77768393738232,0 -91.99218133718534,14.7777192765974,0 -91.99214551927882,14.77774435966623,0 -91.99208423405923,14.77782269922158,0 -91.99206409102169,14.77789060627124,0 -91.99204522940477,14.77793365353129,0 -91.99203468397911,14.77796196204959,0 -91.9920261161221,14.77798235048649,0 -91.99200484015472,14.77801185798577,0 -91.99199392737125,14.77802887273897,0 -91.99197004710049,14.77805952668498,0 -91.99194728915329,14.77808452530457,0 -91.99192446950228,14.77810048741016,0 -91.99190769054773,14.77810850316884,0 -91.99187377300278,14.77811437048237,0 -91.99173442733751,14.77810962309506,0 -91.99169698855151,14.77810986507207,0 -91.99166565216203,14.77811119721699,0 -91.99160543995868,14.77813417864444,0 -91.99158865327709,14.77814106481706,0 -91.99153340569229,14.77816853259819,0 -91.9914995960653,14.77819021375792,0 -91.99147330139724,14.7782073278934,0 -91.99143236724198,14.7782482585243,0 -91.99142153149955,14.77827656889815,0 -91.99140884151575,14.77833087237804,0 -91.99141145627685,14.77837378081693,0 -91.99142043282923,14.77841325930278,0 -91.99142063328692,14.77844262797355,0 -91.99142111130324,14.77851266095737,0 -91.99142159703207,14.77858382350504,0 -91.99127585841576,14.77857798756407,0 -91.99121998896997,14.77855688589153,0 -91.99114135874204,14.77851785743468,0 -91.99107397018403,14.77846746017805,0 -91.99103260158195,14.77840220981475,0 -91.99100226920818,14.77833801775908,0 -91.990990816794,14.77827596295868,0 -91.99097826700601,14.77788293825135,0 -91.99099824587752,14.77774838508218,0 -91.99103090469745,14.77764311997112,0 -91.99109257802995,14.7775365378011,0 -91.99126661319332,14.77730836094577,0 -91.99131213681609,14.77725949340074,0 -91.99136969284451,14.77714503047752,0 -91.9914024053821,14.77704767228455,0 -91.99141035155927,14.77697871447304,0 -91.99141423463124,14.77690978291509,0 -91.99138826842554,14.77680489656958,0 -91.99133321844893,14.77669116121747,0 -91.99124765174638,14.77661377066406,0 -91.99110964756584,14.77655027419897,0 -91.99098445942684,14.77649347254637,0 -91.99090945137648,14.77647475359932,0 -91.99081347806839,14.77644600350522,0 -91.99055034778451,14.77633474136871,0 -91.99045849929547,14.77631500139867,0 -91.99030022104033,14.77630020875741,0 -91.9901170069016,14.77628896582805,0 -91.98992094603567,14.7762665095249,0 -91.98970810627871,14.77625206864554,0 -91.98961780906512,14.77624700331542,0 -91.98955072952874,14.77624178812369,0 -91.98948980622366,14.77624557010803,0 -91.98937940139206,14.77627113404537,0 -91.98931855505022,14.77628621164106,0 -91.989274824044,14.77630004917908,0 -91.98921410853951,14.77633432936385,0 -91.9891099390664,14.77642311140689,0 -91.98902239133645,14.77656600771988,0 -91.98900818812132,14.77661128395751,0 -91.98899137514869,14.77669950241254,0 -91.98898293787298,14.7767390933771,0 -91.98897470839715,14.77680918261492,0 -91.9889171258061,14.77687733098685,0 -91.98886811131285,14.77692509100251,0 -91.98881896597179,14.77695364839189,0 -91.98878135254404,14.77697083523609,0 -91.98868565622367,14.77698274862146,0 -91.98864504822023,14.77698639937331,0 -91.98857274445326,14.77698121760875,0 -91.98844173119788,14.77696398865334,0 -91.98836795324662,14.77695542748318,0 -91.98832501576773,14.77695796358423,0 -91.98827840540746,14.77697520836296,0 -91.98825355400562,14.77699118322041,0 -91.98822673258601,14.77701620770278,0 -91.98822194682948,14.77705339870982,0 -91.98879613299886,14.77741407815756,0 -91.98883270225464,14.77743704932279,0 -91.98926284916232,14.77770724746587,0 -91.98944329254044,14.77781136686601,0 -91.98964200566277,14.77793704140063,0 -91.99024699843822,14.77829385117435,0 -91.99059840113125,14.77855595624769,0 -91.99129457882997,14.77896653954593,0 -91.99180839547621,14.77926956968524,0 -91.99209422702955,14.77947472983798,0 -91.99263339630589,14.77975612092545,0 -91.99383242405212,14.78045894438457,0 -91.99417461781835,14.78066075164065,0 -91.99454743261582,14.78088061646175,0 -91.99485773628463,14.7811345200154,0 -91.99487709193851,14.78115035759256,0 -91.99507942719742,14.78101934088539,0 -91.99548688703074,14.78071439171666,0 -91.99557428817199,14.78064897917172,0 -91.99568516961547,14.78067984399831,0 -91.99592679719787,14.78074710294382,0 -91.9962016050046,14.78095221036148,0 -91.99626881281283,14.78096440225717,0 -91.9963291284583,14.78097534385538,0 -91.99644406331845,14.78099619363972,0 -91.99667583691695,14.78096500473313,0 -91.99682280374047,14.78106378683682,0 
							</coordinates>
						</LinearRing>
					</outerBoundaryIs>
				</Polygon>
				<Polygon>
					<outerBoundaryIs>
						<LinearRing>
							<coordinates>
								-91.98381125550085,14.79887193141555,0 -91.98435493038211,14.79873611762738,0 -91.9847585990446,14.79854407349449,0 -91.98495944815255,14.79842470547288,0 -91.98518239435991,14.79816442272678,0 -91.98535228573564,14.79796607931727,0 -91.98547597449256,14.79732880853773,0 -91.98546574568037,14.79724651076585,0 -91.98678203690218,14.79804286567998,0 -91.98696240030263,14.79817079331029,0 -91.98712889610695,14.7980481586989,0 -91.98704019757662,14.79799291680048,0 -91.9868118933163,14.79785072743887,0 -91.98686203801135,14.79766819770971,0 -91.9866904230942,14.79756131459182,0 -91.98670702604271,14.7975008789213,0 -91.98676215003545,14.79737702401972,0 -91.98658057151785,14.79728846717763,0 -91.98663089549565,14.79710776314646,0 -91.98673044301323,14.79713400517875,0 -91.98661359294357,14.79662372962549,0 -91.98616820847181,14.79647413975223,0 -91.98618879801059,14.79624231254962,0 -91.98604812704797,14.79608125339851,0 -91.98583618340049,14.79592186687705,0 -91.98561540571129,14.79589133156486,0 -91.98571105633364,14.79570388428333,0 -91.9853694669852,14.79572793794984,0 -91.98520516568277,14.79571037977942,0 -91.9850493985444,14.79571811174192,0 -91.98485906432964,14.7957172738556,0 -91.98459943937459,14.79573296580524,0 -91.98401132960903,14.79568828738693,0 -91.98362134347114,14.79582966715498,0 -91.98323104316609,14.79603838529928,0 -91.98292753242534,14.79618856269967,0 -91.98256279320283,14.79648156792927,0 -91.98237183051562,14.79661540604526,0 -91.98235090880503,14.79675978310687,0 -91.98279118693246,14.79744654174041,0 -91.9834963009101,14.79834634376388,0 -91.98361396826691,14.79830290705952,0 -91.98381125550085,14.79887193141555,0 
							</coordinates>
						</LinearRing>
					</outerBoundaryIs>
				</Polygon>
			</MultiGeometry>
		</Placemark>
		<Placemark id="ID_00003">
			<name>GT06-LVG</name>
			<Snippet maxLines="0"></Snippet>
			<description><![CDATA[<html xmlns:fo="http://www.w3.org/1999/XSL/Format" xmlns:msxsl="urn:schemas-microsoft-com:xslt">

<head>

<META http-equiv="Content-Type" content="text/html">

<meta http-equiv="content-type" content="text/html; charset=UTF-8">

</head>

<body style="margin:0px 0px 0px 0px;overflow:auto;background:#FFFFFF;">

<table style="font-family:Arial,Verdana,Times;font-size:12px;text-align:left;width:100%;border-collapse:collapse;padding:3px 3px 3px 3px">

<tr style="text-align:center;font-weight:bold;background:#9CBCE2">

<td>GT06-LVG</td>

</tr>

<tr>

<td>

<table style="font-family:Arial,Verdana,Times;font-size:12px;text-align:left;width:100%;border-spacing:0px; padding:3px 3px 3px 3px">

<tr>

<td>FID</td>

<td>3</td>

</tr>

<tr bgcolor="#D4E4F3">

<td>Name</td>

<td>Las Vegas</td>

</tr>

<tr>

<td>CODE</td>

<td>GT06-LVG</td>

</tr>

<tr bgcolor="#D4E4F3">

<td>INSTANCE</td>

<td>Las Vegas</td>

</tr>

<tr>

<td>STATUS</td>

<td>Active</td>

</tr>

<tr bgcolor="#D4E4F3">

<td>PROJECT</td>

<td>1538</td>

</tr>

<tr>

<td>USE</td>

<td>Rubber</td>

</tr>

<tr bgcolor="#D4E4F3">

<td>HAS</td>

<td>167.67</td>

</tr>

</table>

</td>

</tr>

</table>

</body>

</html>]]></description>
			<styleUrl>#PolyStyle0037</styleUrl>
			<MultiGeometry>
				<Polygon>
					<outerBoundaryIs>
						<LinearRing>
							<coordinates>
								-88.93562221650356,15.55867233769036,0 -88.93574349312675,15.55955700907911,0 -88.93613176612489,15.55957513380718,0 -88.93637013842179,15.5593626104217,0 -88.93671980416478,15.55904376876598,0 -88.9368058850627,15.55809571076662,0 -88.93710542528835,15.5581437392719,0 -88.9373672776658,15.55900245909199,0 -88.93747973627742,15.55905453622443,0 -88.93769877550753,15.55897363825305,0 -88.93773760000111,15.55905585028717,0 -88.93789500035621,15.55910612847762,0 -88.93828437098155,15.55903241485247,0 -88.93859970766718,15.55906196232856,0 -88.93895564063284,15.55893884844238,0 -88.93916597738432,15.55869452853365,0 -88.93922417839397,15.55864588533147,0 -88.93922505860056,15.55852913569054,0 -88.93916258573375,15.55834293005537,0 -88.93896203221652,15.55811446538685,0 -88.93886707838625,15.55800027071511,0 -88.93869636079097,15.55805066176974,0 -88.93864398924482,15.55793676878377,0 -88.93869853989179,15.55776171254342,0 -88.93865999419879,15.55766628106281,0 -88.93845226481602,15.55776513246199,0 -88.93780537237303,15.55772994421246,0 -88.9370490121254,15.55786310985119,0 -88.93710885943089,15.55590417170167,0 -88.936761163773,15.55596290961607,0 -88.93682071629803,15.55643766663277,0 -88.93669433369597,15.55645207106247,0 -88.93655470941499,15.55612975700296,0 -88.93634906356101,15.55618950213118,0 -88.93612532294041,15.55655514079893,0 -88.93581046430867,15.55644579799179,0 -88.93561597713838,15.55711766580593,0 -88.93586804964437,15.55718065991363,0 -88.93600813569019,15.55744177320135,0 -88.93544653906162,15.5573908222046,0 -88.93562221650356,15.55867233769036,0 
							</coordinates>
						</LinearRing>
					</outerBoundaryIs>
				</Polygon>
				<Polygon>
					<outerBoundaryIs>
						<LinearRing>
							<coordinates>
								-88.94422562818151,15.56036021900027,0 -88.94449161505658,15.56038273779602,0 -88.94476090523781,15.56042679464863,0 -88.94358351684471,15.55649885098912,0 -88.94304676655341,15.55664015484436,0 -88.9428549904988,15.55632115860592,0 -88.94271157909286,15.55602603303744,0 -88.94316740198087,15.55511059840861,0 -88.9416386595034,15.55001023054102,0 -88.94161972892854,15.54994707078512,0 -88.94161972115343,15.54994697160112,0 -88.94137461380977,15.5501199546416,0 -88.94107915100085,15.55033402101542,0 -88.94125421822534,15.55105055867421,0 -88.94105628285917,15.55113522766336,0 -88.94073882286739,15.55137206232521,0 -88.94085553991516,15.55159284200291,0 -88.9410510285614,15.5518333052803,0 -88.94107867841043,15.55209170769246,0 -88.94082033150926,15.55233852368456,0 -88.94019721544011,15.55255406822318,0 -88.93983964607261,15.55287668629295,0 -88.93961132248505,15.55306633393793,0 -88.93952391130793,15.55288401402164,0 -88.93973423487746,15.55246472197217,0 -88.94042683411051,15.55219229119777,0 -88.94086122905338,15.5521475487283,0 -88.94092221527379,15.55190889979134,0 -88.94068755707485,15.55162990642072,0 -88.93978888790946,15.55175743130484,0 -88.93961029187686,15.55140474808493,0 -88.93952237354065,15.55146758681539,0 -88.93877653277362,15.55201495787394,0 -88.9385806900911,15.55215379326231,0 -88.93828002082411,15.55236694022807,0 -88.93817727910226,15.55244052537448,0 -88.93776047839656,15.55273904314158,0 -88.9376358392766,15.55283090350938,0 -88.93730631424484,15.55307376621643,0 -88.9371878710986,15.55316105953211,0 -88.93659255069183,15.55358709768705,0 -88.9363152722437,15.55378621784057,0 -88.93642864427623,15.55383427450129,0 -88.93674551054026,15.55416676774937,0 -88.93721047800882,15.55462415298214,0 -88.93745251767417,15.55499739534898,0 -88.93781243600507,15.55526827162223,0 -88.93815106450185,15.55553899647338,0 -88.93860679347061,15.55581055071617,0 -88.93884953725575,15.55609091531053,0 -88.93897557078851,15.55631885199209,0 -88.93907875768147,15.55675303015427,0 -88.93907549003148,15.55718645410937,0 -88.93914705206241,15.55757912752404,0 -88.93942010147802,15.55807642995517,0 -88.9396304454682,15.55841848546333,0 -88.93986262566455,15.55868845426422,0 -88.94037135844798,15.55899134144088,0 -88.94073105430834,15.55929317271087,0 -88.94100566396961,15.5595840811619,0 -88.94132332317635,15.55981337287939,0 -88.94169459978532,15.55999144260361,0 -88.94200254683994,15.56009682259986,0 -88.94225734360369,15.56019150616269,0 -88.94247950478497,15.56037884032524,0 -88.94269373805571,15.56020491189425,0 -88.94284332074783,15.56013372805213,0 -88.9431295117169,15.56030087384528,0 -88.94335229473259,15.56040565012277,0 -88.94359815401516,15.56027322497941,0 -88.94374719340864,15.56027427796485,0 -88.94422562818151,15.56036021900027,0 
							</coordinates>
						</LinearRing>
					</outerBoundaryIs>
					<innerBoundaryIs>
						<LinearRing>
							<coordinates>
								-88.94259334704432,15.55846578266991,0 -88.94301623632985,15.55864090972834,0 -88.94289656465165,15.55881220183756,0 -88.94247317153155,15.55870401348049,0 -88.94228682059915,15.55855924767946,0 -88.94205892402103,15.5586915211653,0 -88.94179279177774,15.55866094932217,0 -88.94138876924148,15.55860071201844,0 -88.94142073925237,15.55828535220076,0 -88.94184470657798,15.5583170408183,0 -88.94231785387279,15.55836820279452,0 -88.94238741064903,15.5583017520748,0 -88.94259334704432,15.55846578266991,0 
							</coordinates>
						</LinearRing>
						<LinearRing>
							<coordinates>
								-88.94051926410062,15.5557793780582,0 -88.94064148437383,15.55602627497728,0 -88.94063518590649,15.55611370841734,0 -88.94014547992622,15.55598449248246,0 -88.93992877552711,15.55584093164475,0 -88.93987365617666,15.55588809255701,0 -88.93976920025383,15.55591107264019,0 -88.93970453673548,15.55591061474233,0 -88.93964460174385,15.55590115422817,0 -88.9395507046364,15.55583723668145,0 -88.9394420527619,15.55572125712412,0 -88.9393484111872,15.55562345600362,0 -88.93926364785875,15.55558445226995,0 -88.93921423300249,15.55557054812367,0 -88.93918482077299,15.55553080692338,0 -88.93917531751678,15.55547765262585,0 -88.9392101563772,15.55541577634504,0 -88.93927583644684,15.55535863655135,0 -88.93938100132733,15.55489653915256,0 -88.93961753735459,15.55494195327167,0 -88.93963354999737,15.55506234889553,0 -88.94038267811807,15.55519340211354,0 -88.94036320603533,15.55553224158154,0 -88.94051926410062,15.5557793780582,0 
							</coordinates>
						</LinearRing>
						<LinearRing>
							<coordinates>
								-88.94123550277757,15.55503541543549,0 -88.94132318416194,15.55462598232707,0 -88.94153714199088,15.55446764439347,0 -88.94158705829571,15.5544149103823,0 -88.94171692846673,15.55434354007945,0 -88.94180678570255,15.55432497380002,0 -88.9419212545056,15.55428737980688,0 -88.94196611087627,15.55428769696635,0 -88.94205560269039,15.55431769699912,0 -88.94210468612275,15.55437564911222,0 -88.94217379349718,15.55448231178106,0 -88.94219276755005,15.55459313806602,0 -88.94219222375732,15.55466542297005,0 -88.94247618850217,15.55504965602971,0 -88.94241802347968,15.55528434224161,0 -88.94215267082247,15.55532073801254,0 -88.94214415189917,15.55570339435552,0 -88.94196376421978,15.55569118414215,0 -88.94194120156568,15.55494199364405,0 -88.94158005730836,15.55496677664988,0 -88.94141020897125,15.55505305338578,0 -88.94123550277757,15.55503541543549,0 
							</coordinates>
						</LinearRing>
						<LinearRing>
							<coordinates>
								-88.93821969599509,15.5544622668117,0 -88.93807230510416,15.55438471650698,0 -88.93827125432499,15.55416617293316,0 -88.93818463734206,15.55387866295823,0 -88.9379294587271,15.55370471660538,0 -88.93773274604352,15.55362681649976,0 -88.93763274840492,15.55349712732558,0 -88.93792226309203,15.55335082711385,0 -88.9383663086937,15.55333484784465,0 -88.93854408556288,15.55330741795767,0 -88.93884851464131,15.5534912757215,0 -88.93887630590936,15.5537305527502,0 -88.93891432216026,15.55392208618257,0 -88.93903089417337,15.55416199212234,0 -88.93877247014396,15.5544183679004,0 -88.93855624368651,15.554311640583,0 -88.93855617158076,15.55432120327618,0 -88.93834923294949,15.55429104721226,0 -88.93821969599509,15.5544622668117,0 
							</coordinates>
						</LinearRing>
					</innerBoundaryIs>
				</Polygon>
				<Polygon>
					<outerBoundaryIs>
						<LinearRing>
							<coordinates>
								-88.94293100210646,15.5720951548373,0 -88.9427531692408,15.57241913735527,0 -88.9427804430897,15.57284805635211,0 -88.94281405923428,15.57305560449675,0 -88.94316039088048,15.57317455988801,0 -88.94366726555883,15.57325581472721,0 -88.94424061963889,15.57337637353414,0 -88.94460235145111,15.57322358900838,0 -88.94483161155922,15.5729274720961,0 -88.94482078807197,15.57259082359414,0 -88.94470235276312,15.57235697542003,0 -88.94435543715578,15.57231568882108,0 -88.94434373814696,15.57209553984747,0 -88.94449102291723,15.57204480033928,0 -88.94475703469269,15.57218907574374,0 -88.94517198592854,15.57206255620959,0 -88.94516916396591,15.57243794361496,0 -88.94526157267167,15.57258099219577,0 -88.94554113447906,15.57269947228811,0 -88.94577956406918,15.57296005754732,0 -88.94611283528914,15.57304008094785,0 -88.94634131524279,15.57284751743954,0 -88.94641041979663,15.57253732309876,0 -88.94645301026539,15.57220105141728,0 -88.94620044846873,15.572043927814,0 -88.9460408796572,15.57195218584737,0 -88.94605705404699,15.57157689253548,0 -88.94592468012181,15.57142061705338,0 -88.94563176562426,15.57130204328382,0 -88.94522975101154,15.57127999520222,0 -88.94487502935873,15.5712201103809,0 -88.94465921388331,15.57105601107508,0 -88.94437405370458,15.57092967443954,0 -88.94425710805744,15.57073758377036,0 -88.94431845761522,15.57045112089549,0 -88.94449380413793,15.57074881953214,0 -88.94468023885132,15.57088402175146,0 -88.94495242752416,15.57064831518753,0 -88.94497493980886,15.57059877569896,0 -88.94499489244797,15.57057971493753,0 -88.94504683697222,15.57056765720694,0 -88.94508703616191,15.57056794113431,0 -88.94532515164283,15.57040085295662,0 -88.94609752024833,15.57002377705658,0 -88.94614980882315,15.57046290074796,0 -88.94620690940673,15.57048209836325,0 -88.94627248836387,15.5705164465586,0 -88.94631586078158,15.57055967411505,0 -88.94639325017835,15.57065058123382,0 -88.94646253416846,15.5707346540597,0 -88.94653929020069,15.57083233374008,0 -88.94662488706255,15.57091652163422,0 -88.94664506596015,15.57094490182223,0 -88.94666238276088,15.57096648474068,0 -88.9466825277418,15.57099938273538,0 -88.94707808853147,15.57076855678607,0 -88.94733171844119,15.5707832908274,0 -88.94761283370846,15.57069465763373,0 -88.94774407941819,15.57037852528768,0 -88.94687984107217,15.5674955525127,0 -88.94666821519878,15.56759874538716,0 -88.94667015366144,15.56734055197832,0 -88.9460000396648,15.56724019146986,0 -88.94603207715194,15.56691526798237,0 -88.94611250658915,15.56671500787217,0 -88.94653762864127,15.56635396242487,0 -88.94643641529689,15.56601632163915,0 -88.94526324165192,15.5668237718791,0 -88.94520081702261,15.5672536760124,0 -88.94505255199253,15.56729088193198,0 -88.94499465464119,15.56711833512621,0 -88.94494705375971,15.56688848171141,0 -88.94471079329981,15.56681987057255,0 -88.94424540570797,15.56704610019143,0 -88.9438662744615,15.56629749041398,0 -88.94559286294115,15.56497083381248,0 -88.94561805945891,15.56486458376924,0 -88.94538188741743,15.56479442571332,0 -88.94436737200084,15.56427120669987,0 -88.94358212044337,15.56404128691259,0 -88.94297629302991,15.56457549649666,0 -88.94290179245318,15.56524808452832,0 -88.94271223942684,15.56583011023443,0 -88.94191373998703,15.5658101255076,0 -88.94150623844023,15.56660918143384,0 -88.94182274493357,15.56714760974806,0 -88.94158740244406,15.56766199852468,0 -88.94082676862881,15.5674650858797,0 -88.94071508864801,15.56759192974637,0 -88.93995222729258,15.56835621031311,0 -88.94029671793524,15.56919993361487,0 -88.94095349815086,15.57026066387753,0 -88.94154853073114,15.57127391632754,0 -88.94234401383268,15.5710561461817,0 -88.94241943255304,15.57116755722644,0 -88.94269383440229,15.57118428218633,0 -88.94271186754182,15.57081481828514,0 -88.94276758209608,15.57050475554387,0 -88.94266188462522,15.57036356311268,0 -88.94222863209076,15.5701757022105,0 -88.94206883422839,15.57013022049502,0 -88.9420164590026,15.56999679695667,0 -88.94162829159468,15.5698979559451,0 -88.94159879263751,15.56976469425788,0 -88.94142535962882,15.56950475263266,0 -88.9415108527934,15.56929099485832,0 -88.94160981455153,15.56931387083322,0 -88.94161543531499,15.56958001639017,0 -88.94178998215941,15.5696921292261,0 -88.94239817028696,15.5699403632277,0 -88.94273975167171,15.57014975085239,0 -88.94308890348435,15.57036658336977,0 -88.94310871972398,15.57077327420277,0 -88.94321709191442,15.57157235830702,0 -88.94312241605726,15.57199302307131,0 -88.94293100210646,15.5720951548373,0 
							</coordinates>
						</LinearRing>
					</outerBoundaryIs>
					<innerBoundaryIs>
						<LinearRing>
							<coordinates>
								-88.94478017071737,15.56940242928823,0 -88.9446581925522,15.56987972840649,0 -88.94408557406312,15.56993306162715,0 -88.94393975264052,15.56964513464368,0 -88.94458480660384,15.56914284235573,0 -88.94478017071737,15.56940242928823,0 
							</coordinates>
						</LinearRing>
						<LinearRing>
							<coordinates>
								-88.94326163915753,15.56929606528233,0 -88.9426226291213,15.56899508665503,0 -88.94299016210088,15.56866297373981,0 -88.94303156615324,15.56840505985476,0 -88.94338793710294,15.5682450049997,0 -88.94362736386705,15.56789285866406,0 -88.94359884736366,15.56774920889858,0 -88.94375661842831,15.56775988726595,0 -88.94381444291338,15.56794199701501,0 -88.94356536699715,15.56826538572854,0 -88.94314886930509,15.56854933748014,0 -88.94342264923327,15.56887642237784,0 -88.94326163915753,15.56929606528233,0 
							</coordinates>
						</LinearRing>
					</innerBoundaryIs>
				</Polygon>
				<Polygon>
					<outerBoundaryIs>
						<LinearRing>
							<coordinates>
								-88.94900190493354,15.58192643881671,0 -88.94912672829287,15.58204198033523,0 -88.94915409644999,15.58233599355687,0 -88.9491886427526,15.58265872276884,0 -88.94953553103657,15.58273999762394,0 -88.94974880471796,15.58289199395137,0 -88.94984773177255,15.58301729668527,0 -88.95136210592256,15.58351259449715,0 -88.95154591295136,15.5830600500272,0 -88.95097567480084,15.58115803122928,0 -88.95090251122149,15.58091399324383,0 -88.95084817977673,15.58094951721262,0 -88.95074800191975,15.58058502578102,0 -88.95067400567734,15.58049649198579,0 -88.95057108703378,15.58049772309262,0 -88.95053976566469,15.58063832292557,0 -88.95049417354676,15.58079838063588,0 -88.95042922506775,15.5808487750346,0 -88.95040433791064,15.58093856833972,0 -88.95030270367285,15.58103760028055,0 -88.95018420897367,15.58123234948769,0 -88.94995985326355,15.58155152647437,0 -88.94971131985022,15.58159671547081,0 -88.94972473173605,15.5814227403847,0 -88.94966303278743,15.58130886702103,0 -88.94941328881141,15.58124647608631,0 -88.94954041920764,15.58070756071383,0 -88.9498331508606,15.58068810911993,0 -88.94994171211756,15.58074168159452,0 -88.95006581401634,15.58087555287362,0 -88.95015755907983,15.58101897536423,0 -88.95026730827415,15.5809141331381,0 -88.95042829224458,15.58070403639503,0 -88.95049008482871,15.58053626943516,0 -88.95054016676139,15.58031561232828,0 -88.95044008691116,15.58020733639518,0 -88.95047588348557,15.58000809291911,0 -88.95020238824117,15.57961499897081,0 -88.95011213353442,15.57954199722395,0 -88.94986785800349,15.57955787902442,0 -88.94959585606286,15.57977306069591,0 -88.9494471691382,15.57995781759662,0 -88.94936799399228,15.58002180229745,0 -88.94912022535699,15.57996529259565,0 -88.94902964812307,15.57993531658431,0 -88.94884960161276,15.57999663420182,0 -88.94866850595476,15.57992885898983,0 -88.94854395053636,15.5798556147978,0 -88.94836884955295,15.57979570497431,0 -88.94831316745774,15.57995569096478,0 -88.94813075905724,15.57979402588859,0 -88.94818973618122,15.57946390535201,0 -88.94812180929021,15.57937345778144,0 -88.94804534179039,15.57934553674531,0 -88.94791841685243,15.57931921561982,0 -88.94788648587793,15.57927205030075,0 -88.94790342045688,15.5791665545526,0 -88.94807929887421,15.57912281080671,0 -88.9481497865753,15.57914091046639,0 -88.94845868012011,15.57884971309192,0 -88.94869466380612,15.57886311190472,0 -88.9488268493281,15.57899508489302,0 -88.94912646095997,15.57913410541873,0 -88.94911284350314,15.57933546075469,0 -88.94876697822404,15.57944450550712,0 -88.94859143718851,15.57944326790678,0 -88.94851693544885,15.57969113396929,0 -88.94865767652175,15.57975862477237,0 -88.94890372050737,15.57977600605286,0 -88.94896580438069,15.57977997398034,0 -88.94926267861089,15.57977500588285,0 -88.94950244617493,15.5796143023112,0 -88.94979296277432,15.57948572858096,0 -88.94992474883092,15.57939663463393,0 -88.94995696044707,15.57921848940185,0 -88.94955762157852,15.57879106868282,0 -88.94933997926769,15.57860592112655,0 -88.94913499398191,15.57831184180988,0 -88.94891186358561,15.57806927586548,0 -88.94867629215722,15.57790695311857,0 -88.94842136971175,15.5779567972795,0 -88.94813788367813,15.5778687292974,0 -88.94805754490696,15.57779356959689,0 -88.94807511013471,15.57755652555198,0 -88.94813040098433,15.57755117753261,0 -88.94812661907112,15.57779214407738,0 -88.94822294394049,15.57784063945906,0 -88.94873999225339,15.57783280901389,0 -88.9491361130172,15.57816266336644,0 -88.94947878801413,15.57851509226601,0 -88.94969775813723,15.57878631809605,0 -88.94975329312044,15.57874845643697,0 -88.94995899670117,15.57894690804785,0 -88.94997339095852,15.57913253608368,0 -88.95005548903467,15.57923639725738,0 -88.95024586693171,15.57937353603321,0 -88.95044236884613,15.57937917132622,0 -88.94927072522889,15.57547102053347,0 -88.94911935367115,15.5755284767281,0 -88.94877728267767,15.57578511890256,0 -88.94849585974281,15.5760539631533,0 -88.94849444616891,15.57624235525456,0 -88.94862577132103,15.57654943439201,0 -88.94864918285352,15.57666735071947,0 -88.94884230596993,15.57683356382385,0 -88.94910893266918,15.57691786887426,0 -88.94917512573102,15.57700076126304,0 -88.94916808050687,15.57713023806178,0 -88.94894876278428,15.57721700588869,0 -88.94862866466401,15.57697335943887,0 -88.94843013054015,15.57671879454145,0 -88.948246592754,15.57689412739111,0 -88.94819605861915,15.57715282385315,0 -88.94815877653608,15.57726442465825,0 -88.94807334621227,15.57731681028091,0 -88.94809390949061,15.57700491444903,0 -88.94793173011806,15.57676238064324,0 -88.94778657903336,15.57667893103904,0 -88.94741936961748,15.57704725713735,0 -88.94728663134374,15.57692856940902,0 -88.9476226322539,15.57667188707634,0 -88.94777960238909,15.57599003698753,0 -88.94797422656991,15.57595608418401,0 -88.94797546383884,15.57579124113211,0 -88.94843803805361,15.5756649762598,0 -88.94869903103464,15.5756903663055,0 -88.94920876550641,15.57526434321527,0 -88.94796040147801,15.57110013304138,0 -88.94679036331281,15.57173740876607,0 -88.94667828085693,15.57243565271469,0 -88.94655362103913,15.57303024704343,0 -88.94627660735316,15.57320999070851,0 -88.94633221461729,15.573513445787,0 -88.94645155588704,15.57364256901566,0 -88.94662745856492,15.57425022926385,0 -88.94709853195091,15.57400282242719,0 -88.94721599145763,15.57438266292808,0 -88.94735624290919,15.57493176176129,0 -88.94739646749983,15.57518277642347,0 -88.9473162547874,15.57545043430952,0 -88.9471408477561,15.57557747769252,0 -88.94690594432595,15.57561663682547,0 -88.94674602749706,15.57528314415529,0 -88.94662725456793,15.5750782226773,0 -88.94652587068951,15.57496088812595,0 -88.94640941974014,15.57444694264076,0 -88.94630663447752,15.57451618849592,0 -88.94634201116217,15.57381089335887,0 -88.94621811287192,15.57324794546783,0 -88.94580471605241,15.57316735646682,0 -88.94549922341631,15.57294513287239,0 -88.94544687692742,15.57280236729912,0 -88.9450451811411,15.57294192595016,0 -88.94481475323983,15.57339337578929,0 -88.94444015383843,15.57348134433777,0 -88.94434424009701,15.57380429335794,0 -88.94434200054064,15.57410201424028,0 -88.94434015043601,15.57434795757151,0 -88.94415377499202,15.57426896977973,0 -88.94418359976819,15.57385493824977,0 -88.94401223469841,15.57355599023507,0 -88.94327940935119,15.57333074247676,0 -88.94274543648477,15.57330107529921,0 -88.94255916016546,15.57320914191542,0 -88.94250200436663,15.57306396883693,0 -88.93937272131974,15.57575083721774,0 -88.9397570782084,15.57612806787539,0 -88.94277565668153,15.57805933041903,0 -88.94465513174327,15.57910874738834,0 -88.94514986072008,15.57893874505791,0 -88.94534498255013,15.57880263927584,0 -88.94547139650489,15.57886865657725,0 -88.94568139351517,15.57873989158152,0 -88.94574089526607,15.57876925596368,0 -88.94561295800487,15.57890583671947,0 -88.9453948429216,15.57912137655175,0 -88.94554894055625,15.57947703033898,0 -88.94576597995798,15.58039753848354,0 -88.94593386660955,15.58090524599475,0 -88.94613922536492,15.58116525517098,0 -88.94686013544788,15.58157519873368,0 -88.9471013803176,15.58197752947728,0 -88.94724088118031,15.5821075082661,0 -88.94750714245997,15.5820950546436,0 -88.94773546924985,15.58221132725321,0 -88.94782975066235,15.58245564817035,0 -88.94805084629239,15.5825503704432,0 -88.94846502549188,15.58253179276881,0 -88.94904126307003,15.58259318667785,0 -88.94907180368531,15.58246440771254,0 -88.94874744691282,15.58135133697284,0 -88.94860200449233,15.58102782580959,0 -88.94841096669052,15.58086881903944,0 -88.94825009335619,15.58063119505067,0 -88.94836437865993,15.58018052113996,0 -88.94855622256354,15.58023203836478,0 -88.94879954938341,15.58031975013477,0 -88.94913089473994,15.58050124461878,0 -88.94929905466195,15.58075325209755,0 -88.94914132612794,15.58108179245935,0 -88.94898488754917,15.58123834937967,0 -88.94888861552805,15.58125916973029,0 -88.94894241076314,15.580987227726,0 -88.94880301696369,15.58084291803632,0 -88.94869174377017,15.58089229794609,0 -88.94876341630103,15.5811937899075,0 -88.94900190493354,15.58192643881671,0 
							</coordinates>
						</LinearRing>
					</outerBoundaryIs>
					<innerBoundaryIs>
						<LinearRing>
							<coordinates>
								-88.94784461023181,15.57254166670411,0 -88.94739922997141,15.57272979027214,0 -88.94716719790661,15.57209698082256,0 -88.9477102261954,15.57204343136922,0 -88.94784461023181,15.57254166670411,0 
							</coordinates>
						</LinearRing>
					</innerBoundaryIs>
				</Polygon>
			</MultiGeometry>
		</Placemark>
		<Placemark id="ID_00004">
			<name>GT07-BUF</name>
			<Snippet maxLines="0"></Snippet>
			<description><![CDATA[<html xmlns:fo="http://www.w3.org/1999/XSL/Format" xmlns:msxsl="urn:schemas-microsoft-com:xslt">

<head>

<META http-equiv="Content-Type" content="text/html">

<meta http-equiv="content-type" content="text/html; charset=UTF-8">

</head>

<body style="margin:0px 0px 0px 0px;overflow:auto;background:#FFFFFF;">

<table style="font-family:Arial,Verdana,Times;font-size:12px;text-align:left;width:100%;border-collapse:collapse;padding:3px 3px 3px 3px">

<tr style="text-align:center;font-weight:bold;background:#9CBCE2">

<td>GT07-BUF</td>

</tr>

<tr>

<td>

<table style="font-family:Arial,Verdana,Times;font-size:12px;text-align:left;width:100%;border-spacing:0px; padding:3px 3px 3px 3px">

<tr>

<td>FID</td>

<td>4</td>

</tr>

<tr bgcolor="#D4E4F3">

<td>Name</td>

<td>El Búfalo</td>

</tr>

<tr>

<td>CODE</td>

<td>GT07-BUF</td>

</tr>

<tr bgcolor="#D4E4F3">

<td>INSTANCE</td>

<td>El Búfalo</td>

</tr>

<tr>

<td>STATUS</td>

<td>Active</td>

</tr>

<tr bgcolor="#D4E4F3">

<td>PROJECT</td>

<td>1538</td>

</tr>

<tr>

<td>USE</td>

<td>Rubber</td>

</tr>

<tr bgcolor="#D4E4F3">

<td>HAS</td>

<td>519.63</td>

</tr>

</table>

</td>

</tr>

</table>

</body>

</html>]]></description>
			<styleUrl>#PolyStyle0028</styleUrl>
			<MultiGeometry>
				<Polygon>
					<outerBoundaryIs>
						<LinearRing>
							<coordinates>
								-89.09831691599999,15.83097912200002,0 -89.09838648499993,15.83104282700003,0 -89.09841706899992,15.83109159500004,0 -89.09853343199994,15.83130696200005,0 -89.09864161999995,15.83143868900003,0 -89.09869336099996,15.83154972000004,0 -89.09871345999996,15.83168087800007,0 -89.09872162599999,15.83176564700005,0 -89.09863889199993,15.83217288200007,0 -89.09862066699996,15.83227781200008,0 -89.09861987999993,15.83239189200005,0 -89.09863385699998,15.83248008800008,0 -89.098656609,15.83256495100003,0 -89.09868005999992,15.83263287600005,0 -89.09869782199995,15.83272521300006,0 -89.09930670799997,15.83341500700008,0 -89.09937391599998,15.83336817900006,0 -89.09951163499994,15.83310927100009,0 -89.09955111899997,15.83305191900008,0 -89.09962002799995,15.83295748100004,0 -89.09965655599994,15.83290575700006,0 -89.09969254699996,15.83284725300007,0 -89.09994381499995,15.83219599300003,0 -89.09996969399998,15.83208094500002,0 -89.10002126499995,15.83196267500005,0 -89.10007336499996,15.83185231500003,0 -89.10011184499994,15.83177123600008,0 -89.10022734599994,15.83160367700005,0 -89.10030078999993,15.8314437550001,0 -89.10047123699998,15.83117602100005,0 -89.10054292999996,15.83110080300003,0 -89.10062334299994,15.83103016000008,0 -89.10069481099998,15.83098769800008,0 -89.10084085799996,15.83095927200002,0 -89.10095463199997,15.83095774600001,0 -89.10106012999995,15.83097198100007,0 -89.10135568199996,15.83066882000002,0 -89.101185683,15.83073805700009,0 -89.10109391899994,15.83069995400005,0 -89.10104151399997,15.83057301700008,0 -89.10101845899999,15.83040406900008,0 -89.10103879999996,15.83026353400005,0 -89.10108813599999,15.83013256400007,0 -89.10114738499999,15.82996883600005,0 -89.10115313199996,15.8298375850001,0 -89.10105704099998,15.82972443200005,0 -89.10101403199998,15.82963975500009,0 -89.10107773599998,15.82953232200005,0 -89.10096682499994,15.82946127400007,0 -89.10091926399996,15.82933436800008,0 -89.10083757399997,15.82924006400004,0 -89.10075062099997,15.82920668100012,0 -89.10074490699996,15.82933324300007,0 -89.10069088899996,15.82944073900006,0 -89.10058385299997,15.82951038100004,0 -89.10042828799999,15.82959377700009,0 -89.10033600699994,15.82963069300006,0 -89.10016161799997,15.82963425600009,0 -89.09997812299997,15.82955336100001,0 -89.09988196799998,15.82944958600007,0 -89.09984425499994,15.82929929900009,0 -89.09979701699996,15.82912550600002,0 -89.09977383499995,15.82897531200008,0 -89.09975048999996,15.82884856200008,0 -89.0976124398166,15.8302063926331,0 -89.09723623999997,15.83067167500007,0 -89.09727024799999,15.83064704500004,0 -89.09741035899999,15.83063326700007,0 -89.09752993599993,15.83063629900007,0 -89.09767056799996,15.83063156000004,0 -89.09776965699996,15.83064462600006,0 -89.097839428,15.8306789640001,0 -89.09792547999996,15.83072131300003,0 -89.09799521999999,15.83076016900002,0 -89.09808931399994,15.83082064300005,0 -89.09822467999997,15.83090284600007,0 -89.09831691599999,15.83097912200002,0 
							</coordinates>
						</LinearRing>
					</outerBoundaryIs>
					<innerBoundaryIs>
						<LinearRing>
							<coordinates>
								-89.09898580099998,15.83077655500007,0 -89.09882960099999,15.83069968300004,0 -89.09856617799994,15.83054625600006,0 -89.09840116399992,15.83032708400002,0 -89.09841324799996,15.8299952630001,0 -89.09853235799996,15.82976844400003,0 -89.09879813299995,15.82958050400004,0 -89.09914109199995,15.82956375300007,0 -89.09926797099997,15.82963095300007,0 -89.09947268799992,15.82977451700003,0 -89.09955947199995,15.82997421700001,0 -89.09958676699996,15.83027784400004,0 -89.09958506899994,15.83052438700003,0 -89.09943729199995,15.83064671000006,0 -89.09923120199993,15.83070227700007,0 -89.09898580099998,15.83077655500007,0 
							</coordinates>
						</LinearRing>
					</innerBoundaryIs>
				</Polygon>
				<Polygon>
					<outerBoundaryIs>
						<LinearRing>
							<coordinates>
								-89.11895243699996,15.850610757,0 -89.12170095799992,15.85059243400014,0 -89.12170572499994,15.8505649750001,0 -89.12173584999994,15.85049343900011,0 -89.12177582299992,15.8504267480001,0 -89.12184033299998,15.85038412200008,0 -89.12197890699997,15.85034674900004,0 -89.12195469499991,15.85027486800003,0 -89.12188088999993,15.85023136200007,0 -89.12176753399994,15.8501923860001,0 -89.12170884099999,15.85010594000008,0 -89.12171433299991,15.85002468400011,0 -89.1218431569999,15.84996812200012,0 -89.12193694799998,15.84997828200005,0 -89.12199147999996,15.84994993800008,0 -89.12206612899992,15.84986912200009,0 -89.12218461799995,15.8498794390001,0 -89.12221874299992,15.84994660100007,0 -89.12223765799995,15.85007104900012,0 -89.12223206899995,15.85016665000012,0 -89.12228673199994,15.85011917900008,0 -89.12239592599997,15.85004336400011,0 -89.12252471699996,15.84999158300015,0 -89.12263836499994,15.84998752400008,0 -89.12273196099994,15.85002637300005,0 -89.12282552499995,15.85007000400004,0 -89.12293956199991,15.85000856500008,0 -89.12310273699993,15.84998569300014,0 -89.12323097699991,15.85001519900007,0 -89.12339828199995,15.85011189800008,0 -89.12348706799997,15.85013159000006,0 -89.12344358299998,15.84998785900005,0 -89.12339483299995,15.84989191300002,0 -89.12327725099999,15.84974771100006,0 -89.12317448899991,15.84960360300002,0 -89.12307133699994,15.84951687500006,0 -89.12297835699995,15.84938717500011,0 -89.122949464,15.84927701000005,0 -89.12303912599997,15.84916759700012,0 -89.12312781499998,15.84920163400012,0 -89.12316681399993,15.84927839100011,0 -89.12320561899999,15.84938383700008,0 -89.12324487799997,15.84942234100005,0 -89.12334832099998,15.84946603500008,0 -89.12343675099996,15.84953832400009,0 -89.12348546799996,15.84963905200005,0 -89.12351923599992,15.84975881200012,0 -89.12356801799992,15.84984997600006,0 -89.12362160999997,15.84996029900009,0 -89.12365040599992,15.85008480900012,0 -89.12372879399996,15.85018094300008,0 -89.12385706699995,15.85020566700006,0 -89.12394611299997,15.8501871050001,0 -89.12406934799996,15.85022614300008,0 -89.12407867699991,15.85030749300011,0 -89.12405316799996,15.85042687600004,0 -89.12400835299997,15.85047919200004,0 -89.12392938099997,15.85046912700005,0 -89.12384563099994,15.85043512200007,0 -89.12373718299993,15.85040096000008,0 -89.12364371499994,15.8503429850001,0 -89.12356015999994,15.85028029000014,0 -89.12349603999996,15.85026553800005,0 -89.12348580399996,15.85031807300003,0 -89.12353968799991,15.85038536000012,0 -89.12361271499996,15.85054362400014,0 -89.12363198699994,15.85057954000012,0 -89.12493839199998,15.85057080700005,0 -89.12618683299995,15.85056245400009,0 -89.12615653699999,15.84855040500007,0 -89.12604629199996,15.84862721200013,0 -89.12585728699999,15.84881728700009,0 -89.12567299499993,15.84904086400013,0 -89.12552431599993,15.8491116480001,0 -89.12547872499994,15.84927872300011,0 -89.12549189299996,15.84952267900014,0 -89.12554535699996,15.8496521280001,0 -89.12539602999999,15.84981854400014,0 -89.12524725399999,15.84990367300006,0 -89.12511352299995,15.84995542500011,0 -89.1250574699999,15.85020850600004,0 -89.12504671599997,15.85033754700012,0 -89.12501037099997,15.85041437600011,0 -89.12494252599997,15.85040383100009,0 -89.12491795699995,15.85038454800008,0 -89.12488383199992,15.85031738600001,0 -89.12487485899999,15.85018343800012,0 -89.12482555799991,15.85016878000009,0 -89.12474109599998,15.85023997100008,0 -89.12464665699996,15.8503254440001,0 -89.12448884199995,15.85028618800008,0 -89.12437584199995,15.85019461600008,0 -89.12439163399995,15.85005126100009,0 -89.12451057699995,15.84999463500008,0 -89.12460440099993,15.85000001200014,0 -89.12469851599995,15.84996235500006,0 -89.12479789499996,15.84987691300012,0 -89.12486773199997,15.84977693800007,0 -89.12493737499992,15.84970565200013,0 -89.12500727699994,15.84959611400007,0 -89.12506736399995,15.84947695000006,0 -89.12514278799992,15.84928137300004,0 -89.12520765299996,15.84918614800012,0 -89.12531216499994,15.84907204800006,0 -89.12541199599995,15.84891966300009,0 -89.12560064599994,15.84878218600005,0 -89.12572488399998,15.84867299200008,0 -89.1259384589999,15.8485022010001,0 -89.12607196199998,15.84848392000009,0 -89.12615495899995,15.84844561500007,0 -89.12615419099996,15.84839457400008,0 -89.12538486434916,15.84755838452996,0 -89.12495056747399,15.8476104190251,0 -89.12410096336674,15.84769634268401,0 -89.12366703743531,15.84769358721239,0 -89.12345740300015,15.84800273064926,0 -89.12319005421789,15.84847587621268,0 -89.12296142789101,15.84880316159444,0 -89.12256448931981,15.8489102181326,0 -89.12212870207239,15.84918139588212,0 -89.12182267018655,15.84929982054279,0 -89.12121977759737,15.84933633063145,0 -89.12068429017381,15.84930538925092,0 -89.12034288204214,15.84931698247534,0 -89.12014796101612,15.84939834156511,0 -89.12014894611143,15.84946494825137,0 -89.12001103099999,15.84954263600004,0 -89.12007561899993,15.84955556900008,0 -89.12015656999993,15.84955608400002,0 -89.12026440299995,15.84957169700012,0 -89.12042199299998,15.84963986800007,0 -89.12059114799995,15.84970811300008,0 -89.12071807799998,15.84974996800001,0 -89.12089161999992,15.84973987800006,0 -89.12107294799993,15.84971864200003,0 -89.12113885999999,15.8496630890001,0 -89.121158919,15.84954753900005,0 -89.12121741099996,15.84941619400008,0 -89.12122510099991,15.84941574700002,0 -89.12126708199995,15.8495146430001,0 -89.12136710399993,15.84954513200009,0 -89.12152482099995,15.84959464500007,0 -89.12157429999995,15.84968824900007,0 -89.12152735799995,15.84978870100006,0 -89.12138802799996,15.84986990900005,0 -89.12136073999993,15.84991451400006,0 -89.12135647999995,15.8499741910001,0 -89.12133624299996,15.85011586100013,0 -89.12125541899997,15.85009668900007,0 -89.12120193299995,15.85002544900006,0 -89.12102473899991,15.85000566400006,0 -89.12083209999997,15.84998951200006,0 -89.12070121399992,15.84996255800007,0 -89.12056282099996,15.84990570400009,0 -89.12045151299999,15.84983409600005,0 -89.12038255799995,15.84977022100003,0 -89.12030931699995,15.84976975500007,0 -89.12022418099997,15.84981772200008,0 -89.12015050899997,15.84988068900005,0 -89.12006141699999,15.84994355800004,0 -89.11997630699993,15.84998779400014,0 -89.11990676899994,15.85000974100012,0 -89.11978731999994,15.85000151700013,0 -89.119702895,15.8499450060001,0 -89.11969594199995,15.84985665200007,0 -89.11948428299995,15.84991883300007,0 -89.11942283399993,15.85008771500004,0 -89.11936185199991,15.85013930800007,0 -89.11916143599993,15.85030338900009,0 -89.11903706499999,15.8504495820001,0 -89.11895243699996,15.850610757,0 
							</coordinates>
						</LinearRing>
					</outerBoundaryIs>
				</Polygon>
				<Polygon>
					<outerBoundaryIs>
						<LinearRing>
							<coordinates>
								-89.11895243699996,15.850610757,0 -89.11887239299993,15.85044631200004,0 -89.11893300699995,15.85025999800013,0 -89.11907255099995,15.85010291000007,0 -89.11920672599994,15.8500080210001,0 -89.11932115199991,15.84990822000002,0 -89.11935645299995,15.84980791400006,0 -89.11928250099999,15.84977393200013,0 -89.11916332499999,15.84984498000009,0 -89.11897510899993,15.84988686600006,0 -89.11892627499996,15.84979559800013,0 -89.11898633499996,15.84969066200008,0 -89.11901704899999,15.84953766800007,0 -89.11900764699999,15.8494658000001,0 -89.11892390199995,15.84941739500007,0 -89.11876129299996,15.84933018900008,0 -89.11863778999998,15.84931025300006,0 -89.11846997499995,15.84926131100007,0 -89.11838131799996,15.84920808700004,0 -89.11834735199993,15.84911212700008,0 -89.11826881399996,15.84902545700004,0 -89.11811544399991,15.84903405300007,0 -89.11800632199999,15.84908122900008,0 -89.11792215399997,15.84909505400007,0 -89.11782295399996,15.84913750600003,0 -89.11773361299998,15.84918480800012,0 -89.11766847699994,15.8493088590001,0 -89.11758365699993,15.84941842300004,0 -89.11761241599999,15.84955264800003,0 -89.11759175499998,15.8496817700001,0 -89.11750774899996,15.84967165900006,0 -89.11739456099994,15.8495895550001,0 -89.11732584799995,15.8495125220001,0 -89.11736629099994,15.8493835260001,0 -89.11746689199994,15.84913523400011,0 -89.11755236399993,15.8489299300001,0 -89.11762224999993,15.84883463300006,0 -89.11773648099992,15.84876355400012,0 -89.11793442299994,15.84874566700008,0 -89.11815653799991,15.84880931700012,0 -89.11827014899994,15.84882919100011,0 -89.11848725399992,15.84890238300011,0 -89.11859523599998,15.84902275100007,0 -89.11866889499998,15.84909981500011,0 -89.11876734499998,15.84916746300008,0 -89.11886091499997,15.84922550600011,0 -89.11894501799996,15.84922125500009,0 -89.11898552499996,15.84908268500008,0 -89.11904102999995,15.84892027400006,0 -89.11903745199997,15.84871918900011,0 -89.11908274099994,15.84860458500008,0 -89.11918213599994,15.84853341100006,0 -89.11923051399998,15.84869169600008,0 -89.1194752367082,15.84817829390417,0 -89.11933647461279,15.84638761567095,0 -89.11932195408582,15.84574831089177,0 -89.11996327841879,15.84577065868413,0 -89.12081175854958,15.84584911259621,0 -89.12128266841978,15.84596168809998,0 -89.12173334931566,15.84627502943135,0 -89.12211079717692,15.84625916626217,0 -89.12331575802918,15.84663208844229,0 -89.12433051396607,15.84444694315292,0 -89.12489389881679,15.84483404633214,0 -89.12542585733581,15.84428952313334,0 -89.12608282223967,15.84365501715358,0 -89.12607595299993,15.84319885400005,0 -89.1260360920228,15.84055186829727,0 -89.12555616072228,15.84026740610469,0 -89.12527815166301,15.84021665202777,0 -89.12496276752013,15.84007992561786,0 -89.12464730092155,15.83995544610257,0 -89.12445760655059,15.83994199478991,0 -89.12400305358746,15.83980438403284,0 -89.12370308699995,15.83964120200007,0 -89.12355379899996,15.8398028360001,0 -89.12344636099994,15.83962044500003,0 -89.12336771699995,15.83956256300014,0 -89.12297248899992,15.83956961700005,0 -89.12272473399993,15.83968280700007,0 -89.12244701799993,15.83984362500009,0 -89.12242635199999,15.83997738500007,0 -89.12242473099997,15.84021646600011,0 -89.12232431899994,15.84045491900003,0 -89.12222435999993,15.84062642900009,0 -89.12206447799994,15.84089319500009,0 -89.12195470499991,15.84105507900013,0 -89.12183550599995,15.84114995800007,0 -89.12153867799996,15.84121501600002,0 -89.12137066799991,15.84122351200007,0 -89.12118296399993,15.84122231800007,0 -89.12077772399989,15.84124843100005,0 -89.1206190089999,15.84134305700013,0 -89.12050975399993,15.84142843500007,0 -89.12030138199997,15.84156100000013,0 -89.11999428399996,15.84168337200006,0 -89.11976660799996,15.84174886800004,0 -89.11948973199996,15.84178536000012,0 -89.11917379399992,15.84175465700004,0 -89.11879936099996,15.84160881700008,0 -89.11861217699995,15.84153111500007,0 -89.11840471499991,15.84152979300009,0 -89.11839366499999,15.84170186800004,0 -89.11853099799997,15.84184619800006,0 -89.11857935299996,15.84199952400009,0 -89.11855926999991,15.8420472140001,0 -89.11847003199995,15.84209446400014,0 -89.11842979999994,15.84219940700013,0 -89.11839951199991,15.84229485100009,0 -89.1183308779999,15.84221790400009,0 -89.11813413999991,15.84209232300008,0 -89.11791718899995,15.84203355800008,0 -89.11766137199996,15.84187890900007,0 -89.11754373299998,15.84174426800012,0 -89.11738625199993,15.84165719100005,0 -89.11688326199997,15.84152965500004,0 -89.11657798599995,15.84138425300005,0 -89.11647126899994,15.84109666300007,0 -89.11655186499993,15.84086765000006,0 -89.11648401399997,15.8406759450001,0 -89.11627876799993,15.84034947100004,0 -89.11613247099993,15.84007119200006,0 -89.11593840799993,15.83955351800007,0 -89.11590045499995,15.83932374900005,0 -89.11581551799995,15.83873982500005,0 -89.11584743499996,15.83840530200012,0 -89.11590788199997,15.83823354300005,0 -89.11615413999992,15.83834031400005,0 -89.11629068699995,15.83859940400011,0 -89.11627911499994,15.83884798400004,0 -89.11622783099995,15.83912500200012,0 -89.11619656499991,15.83936389300011,0 -89.116165756,15.83953584200003,0 -89.11625329899992,15.83973723700009,0 -89.11632049899995,15.84002457400006,0 -89.11647719599995,15.84022641100007,0 -89.11664396799995,15.84039962000005,0 -89.11675114099997,15.8406202670001,0 -89.11685831299998,15.84084091500008,0 -89.11689613699996,15.84108981000004,0 -89.11679656399996,15.84120393800007,0 -89.1169442949999,15.84127182600006,0 -89.11712237999994,15.84123470800008,0 -89.11726075299994,15.84122602700011,0 -89.11759651299997,15.84124729600006,0 -89.11776348199999,15.84139181500007,0 -89.11785115799997,15.84157408300005,0 -89.11796873199995,15.8417182870001,0 -89.11809716099997,15.84171910500011,0 -89.11806869399997,15.84154677900006,0 -89.11816846199997,15.84140396000009,0 -89.11828766199991,15.84130908400007,0 -89.11853463999995,15.8413106580001,0 -89.11880098699996,15.8413697370001,0 -89.11911627399996,15.84149607200011,0 -89.11939249999993,15.8415552140001,0 -89.11959040799997,15.84150865600003,0 -89.11979851999997,15.84141434400004,0 -89.12005583199993,15.84134903700006,0 -89.12027362799994,15.84128347800005,0 -89.12055089399995,15.84118960600005,0 -89.12075919999997,15.84106660400009,0 -89.1211542999999,15.84107868100011,0 -89.12154965999996,15.84105250400012,0 -89.12173885599999,15.84083374300007,0 -89.12186864699996,15.84063373200014,0 -89.12210795099998,15.84031008900008,0 -89.12218951299997,15.83993762500008,0 -89.1224290759999,15.83957572900003,0 -89.12266746999993,15.83938597000005,0 -89.12264513358977,15.83917331587287,0 -89.12285222538056,15.8389374528607,0 -89.12298865434526,15.83863228255735,0 -89.12302977774821,15.83839536518386,0 -89.12305597601663,15.83802828735026,0 -89.12303428843582,15.83772976369686,0 -89.12297204807476,15.83758400093189,0 -89.12264874383288,15.83747483460456,0 -89.12221464000746,15.83738791657424,0 -89.12176504164984,15.83725499370707,0 -89.12174211055498,15.83714008418148,0 -89.12199120710578,15.83653724474244,0 -89.12305136782193,15.83637565900178,0 -89.12340734563543,15.83632818812447,0 -89.12597465693733,15.8364725165182,0 -89.125950925,15.83489677700005,0 -89.12590444899993,15.83181100600013,0 -89.12586382699996,15.82911402100006,0 -89.12580964799994,15.82911742200002,0 -89.12571699799997,15.82918983300006,0 -89.12572378599995,15.82942508900011,0 -89.12553919799997,15.82946447400012,0 -89.12527236699994,15.82927623400015,0 -89.12519619799997,15.82938930300004,0 -89.12512046799995,15.82943748800013,0 -89.12486963199993,15.82928289900013,0 -89.12498768399995,15.82925009800007,0 -89.12513892399994,15.82918617000011,0 -89.12513147899993,15.82904823900011,0 -89.12501440799993,15.82901505400005,0 -89.12486289299994,15.82911953400011,0 -89.12475142399995,15.82921004800009,0 -89.12469495199996,15.82917524500011,0 -89.12454563199998,15.8289553060001,0 -89.12472271899995,15.82878610200011,0 -89.12489071499989,15.82872228100007,0 -89.12511702699999,15.82870749300007,0 -89.12537646599996,15.82874969200011,0 -89.12551856099994,15.82879925700013,0 -89.12566054599996,15.82886504300012,0 -89.12579453699995,15.82887400200009,0 -89.12586021799991,15.82887441800007,0 -89.12582256199994,15.82637454200011,0 -89.12577327999996,15.82630558600004,0 -89.12574017999997,15.82628278500004,0 -89.12567742099998,15.82624624200005,0 -89.12559699199993,15.8262344360001,0 -89.12551462199994,15.82625085800006,0 -89.12543110799996,15.82626388400013,0 -89.12535944499994,15.8262498750001,0 -89.125277457,15.82620982100015,0 -89.12525489699996,15.82618143900006,0 -89.125204716,15.82609640300007,0 -89.12518287399992,15.82596184700006,0 -89.12517158799993,15.82590529700009,0 -89.12513604499996,15.82581244800005,0 -89.12508556399993,15.82568561600006,0 -89.12502330899999,15.82557452500008,0 -89.12485035599994,15.82535542200009,0 -89.12463056999995,15.82507389700006,0 -89.12434526599996,15.82472885500005,0 -89.11492416724586,15.82475358555114,0 -89.11499183383695,15.82501021827138,0 -89.11522848718006,15.82627189040018,0 -89.11496115299143,15.82674502748404,0 -89.11441197196733,15.82705199546712,0 -89.11354707589715,15.82662641659447,0 -89.11313629603532,15.82600284249714,0 -89.11187338926537,15.82584866096066,0 -89.11130746270635,15.82584503962946,0 -89.10791128133027,15.82591459247877,0 -89.10789516757113,15.82551269947401,0 -89.10683677315578,15.82579811690574,0 -89.10621337923695,15.8259219553684,0 -89.10606421837105,15.82566531301216,0 -89.10422925647468,15.82640230553214,0 -89.10348966425555,15.82696370355749,0 -89.10300095018813,15.82670487347913,0 -89.1024359020132,15.82657339259134,0 -89.10120560266273,15.82635159053774,0 -89.10099208850785,15.82674141589812,0 -89.10072762324106,15.82687578067159,0 -89.10088316604745,15.82725097695268,0 -89.10123009269576,15.82789954766915,0 -89.09990715950528,15.82874807541911,0 -89.10005577599999,15.82882708800002,0 -89.10009894499996,15.8288883220001,0 -89.10004954399996,15.82902866900008,0 -89.10004838199991,15.82919746100008,0 -89.10008125199991,15.82934771700013,0 -89.10014353599996,15.82944658500004,0 -89.10024020799993,15.82947534200007,0 -89.10037633499998,15.82940119800009,0 -89.10046913199992,15.82928926400006,0 -89.100566771,15.82917736100005,0 -89.10066441099995,15.82906545900005,0 -89.10080053799999,15.82899131500011,0 -89.10096504699995,15.82901582000005,0 -89.10105170999996,15.82909140100003,0 -89.10112371299995,15.82918564200007,0 -89.10119032499995,15.82935956000013,0 -89.10116539899995,15.82946255400009,0 -89.10124741199994,15.82950997200005,0 -89.10133417099995,15.82957148700007,0 -89.10136258599992,15.82966544700006,0 -89.10136142399992,15.82983423900006,0 -89.10137530899999,15.82992810600014,0 -89.10140859899994,15.83001740900011,0 -89.10140769599997,15.83014869100011,0 -89.10133411099996,15.8302841940001,0 -89.10133320799999,15.83041547700008,0 -89.10139565499996,15.83049090100012,0 -89.10155021999995,15.83055285300008,0 -89.10166632999992,15.83057235700006,0 -89.10180610799995,15.83067172400006,0 -89.10189280399996,15.83074261600009,0 -89.10212011599995,15.83079097000012,0 -89.10226095799996,15.83073561100009,0 -89.10229066299993,15.83064202500005,0 -89.10228710899996,15.83045444700002,0 -89.10228342599994,15.83028562400009,0 -89.10230873899997,15.8301263660001,0 -89.10240657099997,15.8299863300001,0 -89.10260504899999,15.83000167500006,0 -89.10275480399997,15.83005890600011,0 -89.10293329599992,15.83016321100008,0 -89.10307782099991,15.83027667500009,0 -89.10306245399994,15.83039848600007,0 -89.10297501699993,15.83043543400003,0 -89.10283946899992,15.83042518400008,0 -89.10273320699997,15.83038229900011,0 -89.10251596799998,15.83027774500006,0 -89.10246220899992,15.8303477310001,0 -89.10245174899997,15.83046019700007,0 -89.10248936699998,15.83062455000005,0 -89.10253215099998,15.83074204700012,0 -89.1024534649999,15.83091502800012,0 -89.10236589899993,15.8309707300001,0 -89.10386686618097,15.83276555262415,0 -89.10728747123049,15.83653396315692,0 -89.10539864123315,15.83802320715027,0 -89.10726636589087,15.84019223610334,0 -89.1061831281925,15.84120474724774,0 -89.11005737899997,15.84559323300009,0 -89.11028811099997,15.84552013600007,0 -89.11060246399992,15.8454532480001,0 -89.11088824799995,15.84546863500001,0 -89.11137223399999,15.8456795750001,0 -89.11277328199996,15.84650634700013,0 -89.11375152799995,15.84721971000006,0 -89.11404622599999,15.84755368500008,0 -89.11424948099994,15.8478644830001,0 -89.11433866699996,15.84821860500012,0 -89.11435870699998,15.84861633800006,0 -89.11424103999995,15.84910129600011,0 -89.11410060999997,15.84958723700011,0 -89.11409835099995,15.84991818300008,0 -89.11445400299992,15.85057313100003,0 -89.11451328699995,15.85064027800009,0 -89.11757081799998,15.85061995500012,0 -89.11813656199995,15.85061619000007,0 -89.11895243699996,15.850610757,0 
							</coordinates>
						</LinearRing>
					</outerBoundaryIs>
					<innerBoundaryIs>
						<LinearRing>
							<coordinates>
								-89.11866177199994,15.83417714400006,0 -89.11853201699991,15.83421051500008,0 -89.118426587,15.83413004900008,0 -89.11845102799995,15.8339991150001,0 -89.11844053099998,15.83381096300013,0 -89.11848367999994,15.83352626000007,0 -89.11877378699995,15.8332887270001,0 -89.11889203699992,15.83321538600007,0 -89.11908701599998,15.83311403500006,0 -89.11928795999995,15.8330013230001,0 -89.11948363599998,15.83279738500009,0 -89.11969065999993,15.83265621400011,0 -89.11980387399996,15.83245745000013,0 -89.11997634799994,15.83220206700004,0 -89.12011310999998,15.83200345200006,0 -89.12024413999994,15.83178200300007,0 -89.12046959799996,15.83152695700008,0 -89.12060604999991,15.83137393700009,0 -89.12088364199998,15.83124461200008,0 -89.12106076399992,15.8311716440001,0 -89.12097906099991,15.83104958100013,0 -89.12099680799996,15.83090370000006,0 -89.12108168699996,15.83074202300001,0 -89.12120735599996,15.83074282200003,0 -89.12131670899998,15.83067863100005,0 -89.12124218799994,15.83054838500005,0 -89.12120961099995,15.8304102940001,0 -89.12133599499997,15.83030565700006,0 -89.12143713499995,15.83021708100004,0 -89.12165550999995,15.83013736100001,0 -89.12181485599996,15.83011404100012,0 -89.12181556999998,15.83000860500008,0 -89.12173206599995,15.82996752000007,0 -89.12153992499995,15.82988519200009,0 -89.12147372599999,15.82976310900007,0 -89.12154151899995,15.8296499890001,0 -89.12165935999997,15.82956962900012,0 -89.12186141799998,15.82942491900008,0 -89.12197947799993,15.82931211800009,0 -89.12214769499997,15.82921585700009,0 -89.12233217299992,15.82919269600013,0 -89.12251654099998,15.82918575600015,0 -89.12259965999989,15.82928361300004,0 -89.12257348299993,15.82943755200012,0 -89.12238916899994,15.82943638200008,0 -89.12218820999996,15.82941888400008,0 -89.12201117599993,15.82957997500006,0 -89.12184301299999,15.82966812600007,0 -89.12182515799995,15.82983022800008,0 -89.12205075599994,15.82992088000004,0 -89.12207429599992,15.83015624300011,0 -89.12197315599995,15.83024481900008,0 -89.12178801699994,15.83036530500004,0 -89.12156969699994,15.83043691500013,0 -89.12154368299996,15.83056652200004,0 -89.12145042599997,15.83072814600015,0 -89.12127355399997,15.83086490500008,0 -89.12119672299995,15.83107529700004,0 -89.12116018999993,15.83126916800006,0 -89.12110666299994,15.83134862200006,0 -89.12096498199995,15.83140471700008,0 -89.12080540599997,15.83149489500011,0 -89.12061558199997,15.83170457200006,0 -89.12042622099993,15.8318458570001,0 -89.12033097899992,15.83199913900009,0 -89.12024170299995,15.83214106000004,0 -89.12007550399996,15.83233948700008,0 -89.11992723699997,15.83249813100008,0 -89.11980240399998,15.83267402300009,0 -89.11973710099991,15.83275340200007,0 -89.11963039399994,15.83286101400007,0 -89.11952356999993,15.832985724,0 -89.11940504899994,15.83309896100014,0 -89.11926321099996,15.83317785200013,0 -89.11905068599997,15.83326199200011,0 -89.11883200199998,15.83338599000013,0 -89.11870178299993,15.83348775300006,0 -89.11860700399995,15.8335726420001,0 -89.11855916999998,15.83368062900012,0 -89.1185641659999,15.83381175100003,0 -89.11859302199996,15.8338974280001,0 -89.11869864599997,15.83394939700002,0 -89.1188516399999,15.83396177000003,0 -89.11901695099991,15.83389442800006,0 -89.11927068799996,15.8338105500001,0 -89.11950064299998,15.83376071800009,0 -89.11960061199993,15.83377845300004,0 -89.11973590599993,15.83379641300014,0 -89.11992368199996,15.83388880100003,0 -89.12000567999998,15.83395201800006,0 -89.12014685999995,15.83397001500006,0 -89.12025902999993,15.83392513200005,0 -89.12038920999997,15.83382906700009,0 -89.12050141799992,15.8337784850001,0 -89.12062563299996,15.83369378200007,0 -89.12077905199997,15.83364346200008,0 -89.12093804899995,15.83363877300006,0 -89.12112047999992,15.83365133200001,0 -89.12126212499999,15.83360093700003,0 -89.12150931699995,15.83361390700008,0 -89.12166273599993,15.83356358600001,0 -89.12186960499993,15.8334452100001,0 -89.12205249999994,15.83338937600014,0 -89.12221784799996,15.83331633300004,0 -89.12232466999993,15.83319162100005,0 -89.12243757299993,15.83303845000008,0 -89.12249768199999,15.83285644500007,0 -89.12262867099997,15.83264069400012,0 -89.12275315499994,15.83251609400008,0 -89.12288999199994,15.83230607900008,0 -89.123077692,15.83240986300007,0 -89.12316453499994,15.83262699800006,0 -89.12303947199993,15.83283708800008,0 -89.12297963399999,15.83297919700012,0 -89.12287838999995,15.83314954100005,0 -89.12280681499999,15.83328587600011,0 -89.12267067199997,15.83339330300006,0 -89.12259417499993,15.83338711800008,0 -89.12246473099995,15.83337489600013,0 -89.12228783899992,15.83341367000006,0 -89.12219325499996,15.83347006400008,0 -89.12201028399993,15.83353729700009,0 -89.12182711799991,15.83363302500004,0 -89.12178548199995,15.83369545600008,0 -89.12156687599996,15.83380805800008,0 -89.12146679099999,15.83380742200014,0 -89.12132564899998,15.83378372600003,0 -89.12114910499997,15.83377120500013,0 -89.12094296999999,15.8337812930001,0 -89.12078939599995,15.83385441100012,0 -89.12060642299996,15.83392164200008,0 -89.12044095799993,15.83401178200013,0 -89.12026363999996,15.83411324700005,0 -89.12005766,15.83410053700003,0 -89.11988738999995,15.83403105900007,0 -89.11968783899994,15.83393859600011,0 -89.11953499999997,15.83390342600009,0 -89.11929295999991,15.83399877700007,0 -89.119010018,15.8340482720001,0 -89.11866177199994,15.83417714400006,0 
							</coordinates>
						</LinearRing>
						<LinearRing>
							<coordinates>
								-89.11452760212397,15.83393173053899,0 -89.11442438727947,15.8339477065588,0 -89.11414119860565,15.83389599090145,0 -89.11378108117931,15.83378555925459,0 -89.11330881718034,15.83374095164747,0 -89.11312782237835,15.83382297134537,0 -89.1129298709339,15.83387161162243,0 -89.11281971053667,15.83364632908578,0 -89.11258090109484,15.83338695275526,0 -89.11250567608231,15.83307871655972,0 -89.11238828754554,15.83265376277512,0 -89.11217553883579,15.83235296432106,0 -89.11239085999992,15.83220492800007,0 -89.11227094599994,15.8321535420001,0 -89.11216754699997,15.83198077400007,0 -89.11212699599997,15.83179322300004,0 -89.11217464199996,15.83170747500009,0 -89.11222266799993,15.83156604800006,0 -89.11224998599994,15.83139411700009,0 -89.11217747599994,15.8312924140001,0 -89.11197452499992,15.83114938100005,0 -89.11184501899997,15.83097138400008,0 -89.11170470899997,15.83084393800011,0 -89.11148607299997,15.83070080400012,0 -89.11123582399993,15.83059290200008,0 -89.11106791999998,15.8306778790001,0 -89.11104610599995,15.83080935000005,0 -89.11103938999997,15.83102697100003,0 -89.11093966499999,15.83108201300013,0 -89.11070451399995,15.83106026000007,0 -89.11060575799995,15.83097357400007,0 -89.11051776999993,15.83084140000006,0 -89.11047164599991,15.8307044320001,0 -89.11035665099996,15.83069863400004,0 -89.11026745199993,15.83074362000012,0 -89.11005179699997,15.83092953000004,0 -89.10999511199998,15.83080768000012,0 -89.11006343099994,15.83075749800004,0 -89.11014781599994,15.83065173800005,0 -89.11022676499992,15.83057631500005,0 -89.11038417799995,15.83049633300005,0 -89.11059796399994,15.83058375500013,0 -89.11071212899996,15.83071103500006,0 -89.11085853199994,15.83071197200009,0 -89.11091164799991,15.83059082600008,0 -89.1109494249999,15.83041896200012,0 -89.11095541399996,15.83030763800006,0 -89.11113917699998,15.8301974520001,0 -89.11152066099999,15.83023026500011,0 -89.11164569899995,15.83029687100011,0 -89.11178091699998,15.83040403700009,0 -89.11190038099993,15.83052122600009,0 -89.11200398599999,15.83066362300012,0 -89.11214381199991,15.83086193400005,0 -89.11224253499994,15.83095368000011,0 -89.11230462199994,15.83105025400012,0 -89.11242418999996,15.83115225800004,0 -89.1125587879999,15.83135053500014,0 -89.11257347199991,15.83149742500012,0 -89.11254085699994,15.83167944600012,0 -89.11243050199995,15.83175973100009,0 -89.11234064599994,15.83190089100009,0 -89.11247077599994,15.8319877760001,0 -89.11257053599995,15.83192767100008,0 -89.11281742399996,15.83176220600007,0 -89.11308508799996,15.83161712200011,0 -89.11334793799993,15.83141126200012,0 -89.11370514499997,15.8311705730001,0 -89.11375729299992,15.83119115400011,0 -89.11381384199993,15.8313332490001,0 -89.11370868199998,15.83141863000003,0 -89.11352509099996,15.83150351000006,0 -89.11347744599998,15.83158925800005,0 -89.11357627299995,15.83166581900004,0 -89.11370605799999,15.83180332100012,0 -89.11383611999997,15.83190032900014,0 -89.11383525699992,15.83202687200007,0 -89.11396489999997,15.83223782900012,0 -89.11417606599997,15.83235317000007,0 -89.11442193399996,15.83255992400012,0 -89.11463890999994,15.83268670000015,0 -89.11484434499994,15.83277920500008,0 -89.11502065399998,15.83282592700009,0 -89.11516225999996,15.8327812350001,0 -89.11535174199996,15.83262285800005,0 -89.11542870399994,15.83256065400008,0 -89.11558731199992,15.83261296200003,0 -89.11574603699992,15.83264817300011,0 -89.11589325899992,15.83264341300002,0 -89.11599380899993,15.83257566000006,0 -89.11627035799995,15.83260022200009,0 -89.11648167999994,15.83269276300007,0 -89.11664602099995,15.83276790600007,0 -89.11699341199994,15.83276442200009,0 -89.11706433099994,15.8327249770001,0 -89.11725903999994,15.83266352300008,0 -89.11742361299996,15.83270446900009,0 -89.11752288399997,15.83282479300006,0 -89.11773924199996,15.83304275500007,0 -89.11786225599997,15.8331347310001,0 -89.11801447399993,15.83326109200009,0 -89.11802458299995,15.83350623700012,0 -89.11794773699992,15.83355134300009,0 -89.11782344399995,15.83364744400008,0 -89.11783057199995,15.83346510400005,0 -89.11776019499993,15.83342475800003,0 -89.11761432899995,15.83323004400008,0 -89.11750367099997,15.83305265200006,0 -89.11742229499998,15.83289824600011,0 -89.11723397799994,15.83288564600006,0 -89.11709822099994,15.83293607600007,0 -89.11687957499998,15.83305437300003,0 -89.11674451499992,15.83300221500005,0 -89.11656266799996,15.83290416300008,0 -89.11634530199996,15.83283438200011,0 -89.115998221,15.83279227100006,0 -89.11591579899994,15.83279174500009,0 -89.11572346618134,15.83281499599028,0 -89.11576262898596,15.83299971539638,0 -89.11570129713768,15.83317399588876,0 -89.11546784656713,15.83338876620732,0 -89.11552583601824,15.83370520939063,0 -89.11526859260766,15.83362870770383,0 -89.11491729336339,15.83348506339947,0 -89.11459074945709,15.83349129543423,0 -89.11451228959419,15.83365714837728,0 -89.11452760212397,15.83393173053899,0 
							</coordinates>
						</LinearRing>
						<LinearRing>
							<coordinates>
								-89.10808510299994,15.83111535000012,0 -89.10798246199992,15.83125066900009,0 -89.10770058599995,15.83138952600003,0 -89.10756413799997,15.83151056100006,0 -89.10734561099997,15.8315935580001,0 -89.10719052799999,15.83160662900011,0 -89.10700167099995,15.83160072700003,0 -89.10684703799994,15.83154815600008,0 -89.10666318399996,15.83151884200006,0 -89.1064791059999,15.83152234799998,0 -89.10630946099994,15.8315400140001,0 -89.10620762299999,15.83155811500011,0 -89.10606700599998,15.83158065600006,0 -89.10590778699996,15.83149054400012,0 -89.10583619899991,15.83133535100005,0 -89.10577939799997,15.83114274200008,0 -89.10571278099994,15.83096882500008,0 -89.10562663099995,15.83081822800005,0 -89.10548207199997,15.83070945400002,0 -89.10528433299999,15.83058627200006,0 -89.10506115499999,15.83064110300011,0 -89.10496345299998,15.83076238600011,0 -89.10489480999995,15.83088385500002,0 -89.10483088199997,15.83102411000011,0 -89.10477198999996,15.8311362640001,0 -89.10454441899995,15.83112542300014,0 -89.10442423699998,15.83099336100003,0 -89.10429856899998,15.83095504100004,0 -89.10420192799992,15.83092159700005,0 -89.10411593999999,15.83074755600007,0 -89.10405378199994,15.83062993400007,0 -89.10392407599994,15.83047436700006,0 -89.10382284999996,15.83040338200005,0 -89.10378497299996,15.83027653900006,0 -89.10380999399995,15.83015947800006,0 -89.10392126099994,15.83017895000013,0 -89.10398887399998,15.83020751800008,0 -89.10407046899992,15.83031588700003,0 -89.10414722099993,15.83042422500008,0 -89.10417573399995,15.83050411900009,0 -89.10425290399994,15.83055150500008,0 -89.10435881299995,15.83064596300006,0 -89.10447912299996,15.83075927000006,0 -89.10458958499999,15.83089595800004,0 -89.10466197699998,15.83093393500014,0 -89.10471618699995,15.83079830600006,0 -89.10479034899998,15.83057840600006,0 -89.10482528199998,15.83042858700005,0 -89.10498068499999,15.83036863100005,0 -89.10517942099995,15.83034646500011,0 -89.1054601709999,15.83037171400005,0 -89.10567747599998,15.83046688900007,0 -89.10581719199993,15.83057563100007,0 -89.10589371999995,15.83071678900011,0 -89.10597492999993,15.8308814220001,0 -89.10607018899998,15.83111647800006,0 -89.10612227599995,15.83129030100004,0 -89.10619867599996,15.83145021300005,0 -89.1063006749999,15.83140866900003,0 -89.10644161299996,15.83133924100006,0 -89.10659692099993,15.83129335000012,0 -89.10681009099994,15.83128534200007,0 -89.10696959899995,15.83133325500014,0 -89.10710014299995,15.83136691500012,0 -89.10718751599993,15.83133934300007,0 -89.10738663799997,15.83126091100009,0 -89.10755682799999,15.83116353700009,0 -89.10780932299994,15.83107138000008,0 -89.10796998699999,15.83095050100009,0 -89.10804844299996,15.8308103380001,0 -89.10803513299999,15.8306320750001,0 -89.10799311699998,15.8304020500001,0 -89.10800466499994,15.83013016900011,0 -89.10802548299993,15.82991930300012,0 -89.10823522099997,15.82970496100013,0 -89.10850217899993,15.82962227300005,0 -89.10866107699995,15.82975927000013,0 -89.10875636999997,15.8299896360001,0 -89.10880855499994,15.8301493930001,0 -89.10880268499993,15.83029940000005,0 -89.10871948299994,15.83042546600008,0 -89.10876175699994,15.83061798100011,0 -89.10887283199997,15.8306655820001,0 -89.10898403499992,15.83069442900008,0 -89.10917170499991,15.83087380900005,0 -89.10911303999995,15.83095314400003,0 -89.10895288999994,15.83099900600012,0 -89.10880765499996,15.83098869700008,0 -89.10868596199994,15.83107700500005,0 -89.10847744299996,15.83111317800009,0 -89.10842490499992,15.83100499700006,0 -89.10829500199998,15.83087756400009,0 -89.10824191799998,15.83084909000005,0 -89.10818806399998,15.83093314400009,0 -89.10808510299994,15.83111535000012,0 
							</coordinates>
						</LinearRing>
					</innerBoundaryIs>
				</Polygon>
			</MultiGeometry>
		</Placemark>
		<Placemark id="ID_00005">
			<name>GT08-SRQ</name>
			<Snippet maxLines="0"></Snippet>
			<description><![CDATA[<html xmlns:fo="http://www.w3.org/1999/XSL/Format" xmlns:msxsl="urn:schemas-microsoft-com:xslt">

<head>

<META http-equiv="Content-Type" content="text/html">

<meta http-equiv="content-type" content="text/html; charset=UTF-8">

</head>

<body style="margin:0px 0px 0px 0px;overflow:auto;background:#FFFFFF;">

<table style="font-family:Arial,Verdana,Times;font-size:12px;text-align:left;width:100%;border-collapse:collapse;padding:3px 3px 3px 3px">

<tr style="text-align:center;font-weight:bold;background:#9CBCE2">

<td>GT08-SRQ</td>

</tr>

<tr>

<td>

<table style="font-family:Arial,Verdana,Times;font-size:12px;text-align:left;width:100%;border-spacing:0px; padding:3px 3px 3px 3px">

<tr>

<td>FID</td>

<td>5</td>

</tr>

<tr bgcolor="#D4E4F3">

<td>Name</td>

<td>San Roque</td>

</tr>

<tr>

<td>CODE</td>

<td>GT08-SRQ</td>

</tr>

<tr bgcolor="#D4E4F3">

<td>INSTANCE</td>

<td>San Roque</td>

</tr>

<tr>

<td>STATUS</td>

<td>Active</td>

</tr>

<tr bgcolor="#D4E4F3">

<td>PROJECT</td>

<td>1538</td>

</tr>

<tr>

<td>USE</td>

<td>Rubber</td>

</tr>

<tr bgcolor="#D4E4F3">

<td>HAS</td>

<td>133.31</td>

</tr>

</table>

</td>

</tr>

</table>

</body>

</html>]]></description>
			<styleUrl>#PolyStyle0032</styleUrl>
			<MultiGeometry>
				<Polygon>
					<outerBoundaryIs>
						<LinearRing>
							<coordinates>
								-91.16689750599993,14.32056358600004,0 -91.16688651699998,14.32058441700008,0 -91.16717556199995,14.32070089700005,0 -91.16800261399999,14.32072501100005,0 -91.16835427299998,14.32044642500006,0 -91.168638323,14.32022751300007,0 -91.16863721099999,14.32015350000006,0 -91.16842737999997,14.32014158600003,0 -91.16833680099995,14.32013935100003,0 -91.16833349599996,14.32013975800005,0 -91.16832984399997,14.32013917900001,0 -91.16721454599998,14.31996259400005,0 -91.16689750599993,14.32056358600004,0 
							</coordinates>
						</LinearRing>
					</outerBoundaryIs>
				</Polygon>
				<Polygon>
					<outerBoundaryIs>
						<LinearRing>
							<coordinates>
								-91.16763551399998,14.32448066800002,0 -91.16747488599998,14.32481127000005,0 -91.16738302899992,14.32497660400002,0 -91.16749888199995,14.32511884300004,0 -91.16775311999997,14.32521567300008,0 -91.16791501299998,14.3253127620001,0 -91.16794690499994,14.32568784300003,0 -91.16787092699992,14.32601820700009,0 -91.16784888399997,14.32637092900009,0 -91.16785739999993,14.32664853200005,0 -91.16911022499993,14.32669435900006,0 -91.16910184899994,14.32660511900004,0 -91.16904340399998,14.32643579500005,0 -91.16900132899997,14.32621783800008,0 -91.16891787499998,14.32601694600007,0 -91.16885083799995,14.32578324100009,0 -91.16875036599995,14.32541177800004,0 -91.16871657599994,14.3251542510001,0 -91.16864157099997,14.32496915400005,0 -91.16850850399996,14.32474354400006,0 -91.16843335399994,14.32460703400008,0 -91.16839178199999,14.32455856400005,0 -91.168209436,14.32442122700008,0 -91.16804350799998,14.32434937800004,0 -91.16789445299996,14.32430121100004,0 -91.16779505999995,14.32429358100008,0 -91.16772022099997,14.32426215300009,0 -91.16763551399998,14.32448066800002,0 
							</coordinates>
						</LinearRing>
					</outerBoundaryIs>
				</Polygon>
				<Polygon>
					<outerBoundaryIs>
						<LinearRing>
							<coordinates>
								-91.18041942699995,14.32492779200005,0 -91.18051495899994,14.32499983400005,0 -91.18057275099997,14.32504599500004,0 -91.180603331,14.32509901400005,0 -91.18063769699997,14.32515880100004,0 -91.18066514799996,14.32523103700003,0 -91.18068913599996,14.32530780300004,0 -91.18073688699998,14.32538676100007,0 -91.18078809399995,14.32545892900004,0 -91.18083180899998,14.32554467800003,0 -91.18087496299997,14.32563607800005,0 -91.18088360599995,14.32571627800008,0 -91.18088825199999,14.32581569800004,0 -91.180927012,14.32589129100005,0 -91.18098310299996,14.32594988700003,0 -91.18106498899992,14.32601179700002,0 -91.18110365999996,14.32605801300003,0 -91.18110818299994,14.32611675600004,0 -91.18108256299996,14.32617106600003,0 -91.18104424599994,14.32624236100002,0 -91.18101875099995,14.32633847800004,0 -91.18101906499999,14.32644243000004,0 -91.18108425699997,14.32663658900004,0 -91.18116618399995,14.32671205900005,0 -91.18124769199993,14.32674459300007,0 -91.181312022,14.32674892800004,0 -91.18137647399998,14.32669789700004,0 -91.18140613999998,14.32664018600007,0 -91.18143601799993,14.32655648600008,0 -91.18147862899998,14.32646822900006,0 -91.18154364999999,14.32622172000002,0 -91.18157028999997,14.32612108000006,0 -91.181548595,14.32603639800005,0 -91.18148875799993,14.32598459400003,0 -91.18141818099997,14.32592604000008,0 -91.18133112399993,14.32587883300004,0 -91.18125505999997,14.32582594500008,0 -91.18122791199994,14.32575822800004,0 -91.18125469499995,14.32570504400007,0 -91.18130869399994,14.32564613300007,0 -91.18131402399996,14.32558849200006,0 -91.18129767399994,14.32554673200008,0 -91.18124890699994,14.32551523400002,0 -91.18119463599999,14.32548375200003,0 -91.18119447599997,14.32543064600003,0 -91.18122122799996,14.32536729400005,0 -91.18131307,14.32527211700005,0 -91.18146118599998,14.32510446300005,0 -91.18154460899996,14.32500366100003,0 -91.18157488499999,14.32495611700006,0 -91.18160520199994,14.32492213200004,0 -91.18162808899996,14.32492206700004,0 -91.18169090499997,14.32490493800003,0 -91.18170229899995,14.32490341100004,0 -91.18172764999997,14.32461021200004,0 -91.18141162099995,14.32344832700006,0 -91.18121937899998,14.32211000900002,0 -91.18121429899998,14.32198943500003,0 -91.18125590499993,14.32181066200007,0 -91.181283738,14.32166022000007,0 -91.18130015999999,14.32157145500002,0 -91.18022123799996,14.32132962900004,0 -91.18016535299995,14.32143154200002,0 -91.18012962699999,14.32159050100005,0 -91.18008487599994,14.32175831200005,0 -91.18002658899997,14.32193940000008,0 -91.17995015899999,14.32210730100007,0 -91.17995087699995,14.32234558500006,0 -91.18001492599993,14.32257486200007,0 -91.18012405799998,14.32274664500005,0 -91.18014287799997,14.32298487600008,0 -91.18003957299999,14.32324552100005,0 -91.17996797399996,14.32351490100007,0 -91.17986444399999,14.32370053100004,0 -91.17983080399995,14.32375418400005,0 -91.17984085499995,14.32376788900008,0 -91.17987171399996,14.32381751700007,0 -91.17988552799996,14.32388301300006,0 -91.17988893599994,14.32395644800004,0 -91.17985529799994,14.32404241900003,0 -91.17978779899994,14.32423582900004,0 -91.17971010799994,14.32441231900004,0 -91.17969357299994,14.32450163000005,0 -91.17971751699999,14.32456370700004,0 -91.17974809599998,14.32461672600005,0 -91.17980937399994,14.32466626700006,0 -91.17992164199995,14.32471566300007,0 -91.18005099199998,14.32476161900007,0 -91.18031406099999,14.32486142900007,0 -91.18041942699995,14.32492779200005,0 
							</coordinates>
						</LinearRing>
					</outerBoundaryIs>
				</Polygon>
				<Polygon>
					<outerBoundaryIs>
						<LinearRing>
							<coordinates>
								-91.16349371599995,14.32883324900008,0 -91.16344685199995,14.32885710900007,0 -91.16338961799995,14.32890133600008,0 -91.16329803999996,14.32899085600007,0 -91.16326640099999,14.32906890900009,0 -91.16327073899997,14.32916494100005,0 -91.16332264999993,14.32928117800005,0 -91.16337448199995,14.32937029700003,0 -91.16340525099996,14.32946610000005,0 -91.16518889499999,14.32978490700005,0 -91.16529168499996,14.32966927800008,0 -91.16547368010716,14.32956804894609,0 -91.16570313599996,14.32944042100009,0 -91.16611466499997,14.32923835200006,0 -91.16634766599998,14.32905687400007,0 -91.16647001699992,14.32862121500006,0 -91.16658625099996,14.32844006600002,0 -91.16673682699994,14.32825882000004,0 -91.16686695599998,14.32813120800006,0 -91.16694878599995,14.32793006300004,0 -91.16705809099992,14.3277288410001,0 -91.16715389599996,14.32760802300004,0 -91.16724239599995,14.32733988800004,0 -91.16720718199994,14.32704531200004,0 -91.16721323899996,14.32677071100004,0 -91.16737761099994,14.32660951700008,0 -91.16750791599998,14.32654217900006,0 -91.16752778899996,14.32629432900008,0 -91.16752687799996,14.3259862620001,0 -91.16762873899995,14.32559084300005,0 -91.16757353299994,14.32550393500001,0 -91.16747747199997,14.32553769100003,0 -91.16727857999994,14.32563870700006,0 -91.16708635899992,14.32567273300004,0 -91.16701785099997,14.32573320000008,0 -91.16689467099995,14.32588758000003,0 -91.16673031999994,14.32605547100008,0 -91.16657283599994,14.32622334200008,0 -91.16634654799998,14.32635122300008,0 -91.16615420799998,14.32634506600009,0 -91.16607132999997,14.32619126400006,0 -91.16611909399995,14.32608397500008,0 -91.16624261,14.32604344600005,0 -91.16637994199992,14.32602966600009,0 -91.16651002999998,14.32588866000002,0 -91.16657141299999,14.32574115000006,0 -91.16654368099995,14.32565416500006,0 -91.16638532799998,14.32552736300005,0 -91.16630945799993,14.32542042200007,0 -91.16638467599996,14.32530635900004,0 -91.16648760599996,14.32527258400006,0 -91.16663893199997,14.32534582800006,0 -91.16676307999995,14.32551960600004,0 -91.16694853199994,14.32551908500006,0 -91.16709245499999,14.32541152600004,0 -91.16720199599996,14.32529067000012,0 -91.16719441499997,14.32504959300007,0 -91.16719358399995,14.32476831400007,0 -91.16729574199996,14.32447335200004,0 -91.16731552399995,14.32444423700005,0 -91.16724734499995,14.32438671300003,0 -91.167148313,14.32427555600006,0 -91.16703660099996,14.32426827200006,0 -91.167026638,14.32441265900007,0 -91.16687610699994,14.32445360400002,0 -91.16672747799997,14.32425901000007,0 -91.16662837899997,14.32412505900004,0 -91.16652141399999,14.32396580400011,0 -91.16653920699997,14.32383405800004,0 -91.16649978999997,14.32367967900007,0 -91.16649937899996,14.32354038600009,0 -91.16653298799996,14.32348710700008,0 -91.16652234399997,14.32340102800005,0 -91.16648061399994,14.32334289500007,0 -91.16647002199994,14.32327454400006,0 -91.16653224099996,14.32323384700009,0 -91.16693806499997,14.32344544800007,0 -91.16719322599994,14.32365240600007,0 -91.16737852599992,14.32395073400007,0 -91.16757080899998,14.32409308400004,0 -91.16755398499997,14.32398804900004,0 -91.16757708799996,14.32357104100005,0 -91.16763431499997,14.32332907600009,0 -91.16770822199996,14.32314356100007,0 -91.16774089099992,14.32302256700008,0 -91.16772399699994,14.32289380300004,0 -91.16765755899993,14.32276404800009,0 -91.16763226399996,14.32263530800004,0 -91.16764827599997,14.32246577400004,0 -91.16775554599998,14.32229598400006,0 -91.16780489499995,14.32223143900007,0 -91.16786252599995,14.32212619400008,0 -91.16792022999991,14.32204580700006,0 -91.16798670199994,14.32199383100008,0 -91.16785681,14.32184902800006,0 -91.16719142299996,14.32148076800009,0 -91.16682593099996,14.32166685900008,0 -91.16650841399996,14.32203127000003,0 -91.16611448099995,14.32204789700007,0 -91.16335195999994,14.32728439500005,0 -91.16352851899997,14.32746594200006,0 -91.16351018999995,14.32753830800006,0 -91.16353616399992,14.32760264200005,0 -91.16359550799994,14.32768496000008,0 -91.16372123999994,14.32778178200003,0 -91.16381001899998,14.32782447100004,0 -91.16389847799998,14.32785699200002,0 -91.16395015399996,14.32789300500001,0 -91.16400214899996,14.32793918700003,0 -91.16405394099996,14.32801474700006,0 -91.16413784799995,14.32817383200007,0 -91.16418764799992,14.32826182700009,0 -91.16423448499995,14.32832723100005,0 -91.16428392599992,14.32839149900011,0 -91.16431048299994,14.32845696000005,0 -91.16430193499997,14.32850557100008,0 -91.16428144799991,14.32853387600006,0 -91.16424679199999,14.32857126100004,0 -91.16420613199995,14.3286357800001,0 -91.164200474,14.32868212300001,0 -91.16419769999999,14.32872393800005,0 -91.16418038299997,14.32874658500003,0 -91.16415406899995,14.32876360800002,0 -91.16411357899993,14.32878744900006,0 -91.16406408699999,14.32880453700005,0 -91.16390479999995,14.32882419100003,0 -91.16378427799997,14.32882452800004,0 -91.16373706099996,14.32882692000005,0 -91.16365331999998,14.32882263400005,0 -91.16355916199994,14.32882289700011,0 -91.16349371599995,14.32883324900008,0 
							</coordinates>
						</LinearRing>
					</outerBoundaryIs>
				</Polygon>
				<Polygon>
					<outerBoundaryIs>
						<LinearRing>
							<coordinates>
								-91.17223081899992,14.33031825100008,0 -91.17213278699994,14.33037954500008,0 -91.17203969299997,14.33044534400008,0 -91.17198281399997,14.33051104000007,0 -91.17192626799992,14.33059142500005,0 -91.17191603299993,14.33065699000004,0 -91.17192142999991,14.33071799000006,0 -91.17194743999993,14.33079362100009,0 -91.17194180699993,14.3309450470001,0 -91.17194007999996,14.33099148100008,0 -91.17561869299998,14.33164883600009,0 -91.17562473999999,14.33162497700008,0 -91.17592854499995,14.33042639400003,0 -91.17600845999998,14.33021713100007,0 -91.17608821399993,14.33005080500008,0 -91.17655485199998,14.32880617000008,0 -91.17748379399994,14.3288035210001,0 -91.17876409299997,14.32894075800007,0 -91.179818615,14.32927406500009,0 -91.17988962699994,14.32919511100011,0 -91.17988993599991,14.32919476600007,0 -91.18005059899997,14.32915136900009,0 -91.18014920399997,14.32918498400009,0 -91.18025650399991,14.32921970500011,0 -91.18031267999997,14.32920322200009,0 -91.18034594799994,14.32919346000008,0 -91.18038139899991,14.32913234300002,0 -91.18036343699997,14.32903635100013,0 -91.18036326879496,14.32898054706886,0 -91.18036320199997,14.32895838700008,0 -91.18038967199999,14.32889729500002,0 -91.18047018499999,14.32888802500003,0 -91.18054182299993,14.32891380800007,0 -91.18060458599996,14.32897464400004,0 -91.18067619999991,14.32899251700004,0 -91.18079248099995,14.32902721200003,0 -91.18089996599996,14.32902690300005,0 -91.18098021699994,14.32902667300006,0 -91.18133794699997,14.32900304800007,0 -91.18158503199997,14.32898878000001,0 -91.18179217899993,14.32898818500008,0 -91.18192465699995,14.32901379300007,0 -91.18199971299998,14.32898021800006,0 -91.18190803299996,14.32881542500005,0 -91.18197446199996,14.32821194300005,0 -91.18183266399993,14.32819599400007,0 -91.18172360499992,14.32815450000005,0 -91.18160903499994,14.32811076200003,0 -91.18148600200001,14.32804670900004,0 -91.18139257099995,14.32799952100005,0 -91.18134473099997,14.32798722900003,0 -91.18128617799992,14.3279772280001,0 -91.18121944799995,14.32794578100006,0 -91.18118751099998,14.32792327400007,0 -91.1811502849999,14.32787592500003,0 -91.18113136799997,14.32784773100009,0 -91.18110226399993,14.32780374700009,0 -91.18107292499997,14.32777784300007,0 -91.18098766999998,14.32775210000006,0 -91.18093434899998,14.32774773300004,0 -91.18087843499995,14.32774789300006,0 -91.18085182499999,14.32776265800004,0 -91.18082554999995,14.32779211200005,0 -91.18081241099998,14.32785429500006,0 -91.18080184799997,14.32790630200005,0 -91.18078083199997,14.32795042900007,0 -91.18074617499997,14.32798668600004,0 -91.18070368999997,14.32802070500003,0 -91.18063744399994,14.32805366300007,0 -91.18058158399998,14.32807190200004,0 -91.18035479899997,14.32809289000007,0 -91.18010944199995,14.32810376300005,0 -91.17999877799997,14.32810633900006,0 -91.17990120599994,14.32812695700005,0 -91.17973976299999,14.32819973500007,0 -91.17966260699991,14.32826549100001,0 -91.17961932699995,14.32832437100009,0 -91.17959260099998,14.32839676200009,0 -91.17959287599994,14.32848828500006,0 -91.17964353199994,14.32856949500008,0 -91.17975444099993,14.32864827200009,0 -91.17985884700001,14.32868413100006,0 -91.17994620799998,14.32873585700003,0 -91.17999006299999,14.32877188900005,0 -91.18002730399996,14.32882375800006,0 -91.18003060999997,14.32886329600008,0 -91.18002090899992,14.32891304100006,0 -91.17998740799997,14.32894816400004,0 -91.17992409599997,14.32899354200006,0 -91.17975518599994,14.3288957230001,0 -91.17905201899998,14.32869547900008,0 -91.17831719199992,14.32846820500006,0 -91.17796576999993,14.32837316500011,0 -91.17751623599999,14.32831230300007,0 -91.17714233499996,14.32825687300005,0 -91.17686206599994,14.32821925500005,0 -91.17678235399994,14.32820592300006,0 -91.17672725399997,14.32818800100013,0 -91.17667881099997,14.32816780100012,0 -91.17666282599998,14.32815089700011,0 -91.17673105399994,14.32800607300004,0 -91.17708288699998,14.32717570600007,0 -91.17710412599993,14.32710898000005,0 -91.17715178599994,14.32706138800011,0 -91.17720394799994,14.3270657580001,0 -91.17729072499998,14.32711635700006,0 -91.17736040799996,14.32716700500004,0 -91.17746896399993,14.32723449100009,0 -91.17757341399989,14.32728503900007,0 -91.17766009899998,14.32730513100004,0 -91.17780766499997,14.32733860700007,0 -91.17801183999994,14.32741033900007,0 -91.17820734799996,14.32749000600007,0 -91.17839413999997,14.32756178700004,0 -91.17857663499996,14.32764940000005,0 -91.17868963899996,14.32775077000004,0 -91.17878528399996,14.32786009900007,0 -91.17883317599994,14.32788934000006,0 -91.17886795499997,14.32789376000006,0 -91.17892005199992,14.32787666200007,0 -91.17911052899996,14.32763205400005,0 -91.17920764199994,14.32745889800005,0 -91.17925284199995,14.32736385600006,0 -91.17923757299997,14.32729610400006,0 -91.17917633399998,14.32726012200004,0 -91.17908789399995,14.32723438600006,0 -91.178944738,14.3272223660001,0 -91.17883813399999,14.32722606100004,0 -91.17875887799993,14.327268095,0 -91.17872864499998,14.32733032700002,0 -91.17867697399996,14.32739262000012,0 -91.17862839999997,14.32742552700006,0 -91.17859193,14.32743693000005,0 -91.17856757099996,14.32742909100006,0 -91.17855529399999,14.32739296800003,0 -91.17856406099997,14.32732175800008,0 -91.17854242599996,14.32725628400008,0 -91.17850895899994,14.32720666300004,0 -91.17849950799994,14.32714680400006,0 -91.17852685099993,14.32708684000004,0 -91.17863458799995,14.32697806000007,0 -91.17861505099994,14.32693630800003,0 -91.17858041899997,14.3268844310001,0 -91.17853396299996,14.32685066600006,0 -91.17844552299992,14.32682493100003,0 -91.17843018899997,14.32683175400009,0 -91.17839559299996,14.32688834900008,0 -91.17835358699995,14.32698564200007,0 -91.17833055599993,14.32703429500003,0 -91.17831519099994,14.32703094900006,0 -91.17827662499992,14.32701976000007,0 -91.17824957999996,14.32698593900006,0 -91.17822626699994,14.3269408090001,0 -91.17821476799996,14.32687417600006,0 -91.17816031999993,14.32678393800005,0 -91.17812190899998,14.32672755200004,0 -91.17804025899994,14.32664756000005,0 -91.17794338599998,14.32661167900008,0 -91.17787117299996,14.32658702700008,0 -91.17783692299996,14.3265656560001,0 -91.17781948199996,14.32654649700009,0 -91.17780262499998,14.32652846700008,0 -91.17774754599999,14.32651732500004,0 -91.17769220699994,14.32651635300005,0 -91.17763141199998,14.32653121500007,0 -91.17758803299996,14.32655732700005,0 -91.17755772199996,14.32659357100005,0 -91.17754076399996,14.32663881700006,0 -91.17753886199996,14.32668062900009,0 -91.17752567399998,14.32672699400009,0 -91.17749165099995,14.32678132700006,0 -91.17743677199995,14.32683685000006,0 -91.17740266299994,14.32686293500005,0 -91.17736857599994,14.32689580000005,0 -91.17735152299997,14.3269094080001,0 -91.17732691499998,14.32691512800009,0 -91.17730778699996,14.32691292300009,0 -91.17727732999998,14.32690058000002,0 -91.17725262599997,14.32687466300006,0 -91.17722590499994,14.32685214000006,0 -91.17721455199994,14.3268340940001,0 -91.17721275599996,14.32681489000004,0 -91.17722194899996,14.32678887600002,0 -91.17757525099995,14.32615963100008,0 -91.17780931699997,14.32566970600005,0 -91.17784700699997,14.32567863800005,0 -91.17790853799995,14.32571575000006,0 -91.17795307399994,14.32578567800005,0 -91.17799418099996,14.32587143500007,0 -91.17804225499997,14.32596169100006,0 -91.17808360399992,14.3260316280001,0 -91.17816586099998,14.32612065800005,0 -91.17822401299995,14.32619054700007,0 -91.17836891399998,14.32639803900007,0 -91.17842392799997,14.32648375600007,0 -91.17847855699998,14.32653783600009,0 -91.17855404199996,14.32659072600006,0 -91.17861900499999,14.32661313900008,0 -91.17866678699995,14.32660622300008,0 -91.17869392199997,14.32657337800003,0 -91.17871089599997,14.32653378200009,0 -91.17872779899993,14.32647045800008,0 -91.17873112199996,14.32641960200009,0 -91.17876846799997,14.32641045600011,0 -91.17881632799998,14.32642952800009,0 -91.17885761699993,14.32647912600005,0 -91.17889200299997,14.32654569400006,0 -91.17893303299995,14.32660546200005,0 -91.17896394299999,14.3266720390001,0 -91.17895738099996,14.32670595600008,0 -91.17892327299998,14.32673204100009,0 -91.178892605,14.32674568800008,0 -91.17886867699997,14.32678530400008,0 -91.17886879999996,14.3268259810001,0 -91.17889638999998,14.32684850000003,0 -91.17892708999996,14.32684502300004,0 -91.17898141599991,14.32679854100006,0 -91.17905651999997,14.3267248810001,0 -91.17910424499996,14.32669875600005,0 -91.17915198599995,14.32667828100005,0 -91.17919978899994,14.32667814400004,0 -91.17922358599996,14.32669163500003,0 -91.17925120699994,14.32672432400006,0 -91.17928554599996,14.32677507200005,0 -91.17935379899994,14.32683137300007,0 -91.17943590599998,14.32687068600006,0 -91.17953858299995,14.3269099390001,0 -91.17961026499995,14.32695041100008,0 -91.17967211299998,14.32699656100009,0 -91.17971659899993,14.3270495400001,0 -91.17975092499995,14.32709576900008,0 -91.17981603099999,14.32716563700006,0 -91.17988456299996,14.32721854700004,0 -91.17995968099996,14.32724545100009,0 -91.17999927299995,14.32725552700007,0 -91.18015065199994,14.32708230100007,0 -91.18022761599998,14.3266514740001,0 -91.18024462099996,14.32652600400007,0 -91.18021402399997,14.32646733500009,0 -91.18021823999997,14.32642438600005,0 -91.18025712299996,14.32634857000006,0 -91.18029977599996,14.32627387300006,0 -91.18029528999993,14.32622755900009,0 -91.18026507199994,14.32619826800005,0 -91.18018303199996,14.32618155400008,0 -91.18009264299995,14.32618181300009,0 -91.17999332299996,14.32619904600009,0 -91.17982509899997,14.32623229500005,0 -91.17962612099994,14.32634698700004,0 -91.17951394099995,14.32642301300006,0 -91.17944504999998,14.32644354900002,0 -91.17934997399999,14.3264268720001,0 -91.17931102699997,14.32638517600003,0 -91.17927632299995,14.32630957100002,0 -91.17924590399996,14.32621361400005,0 -91.17921987899996,14.32613346400008,0 -91.17918511099995,14.32603639000006,0 -91.17918496099996,14.32598667400003,0 -91.17926876799997,14.32572429200007,0 -91.17932573299998,14.32559192800008,0 -91.17938277299997,14.32548442200005,0 -91.17941482899994,14.32545043300011,0 -91.17943830199994,14.3254526260001,0 -91.17946387799998,14.32547967100006,0 -91.17949383699992,14.3255191320001,0 -91.17952786299998,14.32556197200007,0 -91.17958971399996,14.32560925200002,0 -91.17963233499994,14.32562042900005,0 -91.17967924099997,14.32561125500007,0 -91.17974525799998,14.32559863700004,0 -91.17980260399995,14.32559282400008,0 -91.17986025599997,14.32559265800008,0 -91.17995409499996,14.32558335000004,0 -91.18003709899995,14.32553565600007,0 -91.18007314299996,14.32547905700005,0 -91.18007728399992,14.32541124900011,0 -91.18004933199994,14.32536500300011,0 -91.17999388499997,14.32532787400005,0 -91.17993847599996,14.32530317400007,0 -91.17988309399998,14.32528751400003,0 -91.17981932999997,14.32527865700011,0 -91.17975530399995,14.32527884000008,0 -91.17970841499995,14.3252936640001,0 -91.17967027899991,14.32532880000005,0 -91.17963213199991,14.32536054700006,0 -91.17961302899995,14.32536625200003,0 -91.17957681499995,14.32536635500003,0 -91.17953623799997,14.32536082200006,0 -91.17943524199995,14.32530235500008,0 -91.17938843199994,14.3252471220001,0 -91.17936049399998,14.32520539500009,0 -91.17929426999997,14.32514908900003,0 -91.17911960399995,14.32496654100008,0 -91.17902246999995,14.32484365700002,0 -91.17899279399994,14.32480193400007,0 -91.17894692499998,14.32477042800003,0 -91.17888483899998,14.32474122700007,0 -91.17881498099997,14.3247289980001,0 -91.17876394499994,14.32471332500006,0 -91.17871261199997,14.3246953930001,0 -91.17865899899994,14.32468989600006,0 -91.17862946499997,14.32469563000008,0 -91.17860783899994,14.32472959000006,0 -91.17860535699997,14.32477140400005,0 -91.17861363599995,14.32482674700007,0 -91.17859491299997,14.32486295800003,0 -91.17856540999998,14.32487886100003,0 -91.17852775499992,14.32488122800005,0 -91.17849814999994,14.32486323400007,0 -91.17846040299997,14.32483509400006,0 -91.17845217199995,14.32479557000004,0 -91.17843586999997,14.32476962800007,0 -91.17842251999997,14.32476175700004,0 -91.17840104099996,14.32474825900005,0 -91.17834452299994,14.3247405110001,0 -91.17831205899995,14.32473495400008,0 -91.17830130199998,14.32472255600006,0 -91.17830933599998,14.32469654500005,0 -91.17871288899991,14.32392026500002,0 -91.17879399899991,14.32382060000004,0 -91.17888224099993,14.32378080000008,0 -91.17900443699993,14.32376011200008,0 -91.17910286999995,14.32373723200004,0 -91.179201279,14.32370644300008,0 -91.17938184899999,14.32363700100006,0 -91.17945647199996,14.32359611100003,0 -91.17954479499997,14.32358342900007,0 -91.17957239999998,14.32358754700004,0 -91.17966901899995,14.32342750300008,0 -91.17976363199995,14.32328602600009,0 -91.17987561599996,14.32290180000009,0 -91.17981591999995,14.32261514600003,0 -91.17970609699996,14.32221390400002,0 -91.17974613699991,14.32198432900002,0 -91.17988587099994,14.32179859600006,0 -91.17988062799998,14.32156032500005,0 -91.17978038899997,14.32133556400005,0 -91.17978610499992,14.32123209800005,0 -91.17932528599995,14.32112880900004,0 -91.17929848399997,14.32112280100006,0 -91.17928335899994,14.32115240200009,0 -91.17901155199996,14.32140321900006,0 -91.17849461199997,14.32166747900006,0 -91.17804093999996,14.32174484300005,0 -91.17775009699994,14.32172492700008,0 -91.177452121,14.32169120000004,0 -91.17716190099996,14.32187874200003,0 -91.17682157799999,14.32191428800009,0 -91.17665887199995,14.32205305800004,0 -91.17651781499997,14.32231624300006,0 -91.17635545999997,14.32257257200007,0 -91.17602934199992,14.32261499300006,0 -91.17570287099994,14.32253985300003,0 -91.17552506899995,14.32237439100004,0 -91.17544959397492,14.32229665499472,0 -91.17529741499997,14.32213991700008,0 -91.17514086899997,14.32196747900002,0 -91.17494931799995,14.32194727700006,0 -91.17474384999997,14.32201701400002,0 -91.17456689599997,14.32213507700003,0 -91.17445412199999,14.32237051900006,0 -91.17402957999997,14.3227036600001,0 -91.17385957199997,14.3227732950001,0 -91.17336995999995,14.3226917000001,0 -91.17307124099993,14.32240901800006,0 -91.17255959199994,14.32207161600011,0 -91.17211870099999,14.32167869000005,0 -91.17162111499994,14.32129975400007,0 -91.17137915799998,14.32102382400005,0 -91.171314856,14.32086495300008,0 -91.17138544899994,14.32075410800007,0 -91.17153448699996,14.32078826400006,0 -91.17169113199999,14.32099528100006,0 -91.17183336699996,14.32112627000006,0 -91.17220277799997,14.32133268500007,0 -91.17235932099997,14.32150512600006,0 -91.17263667899995,14.32176020800006,0 -91.17311255799996,14.32199398100004,0 -91.17350376399995,14.32237321500004,0 -91.17363138299997,14.32235902300005,0 -91.17382276999994,14.32232390300005,0 -91.17402157899993,14.32239940800003,0 -91.17412068499998,14.32233688900003,0 -91.17421240899992,14.32217757600005,0 -91.17431780099996,14.32184534100005,0 -91.17448739399998,14.32163739900005,0 -91.17472135399997,14.32160907300003,0 -91.17495512799995,14.32151851000006,0 -91.17519640799996,14.32156623200006,0 -91.17526040299998,14.32162137200001,0 -91.17535301499997,14.32175941600009,0 -91.17555213499999,14.32193864800008,0 -91.17576564599995,14.32218699300005,0 -91.17605696499999,14.32236596200008,0 -91.17625548499994,14.32234465100003,0 -91.17636145499992,14.32220604300007,0 -91.17641769499991,14.32203991500006,0 -91.17649514999995,14.32185298000006,0 -91.17653009299993,14.32167999700006,0 -91.17645168599998,14.32154883000004,0 -91.17634482599999,14.32139008100005,0 -91.17631614699997,14.3212864330001,0 -91.17644339199995,14.32114776400009,0 -91.17668471299997,14.32120931500005,0 -91.17684830999995,14.32136790100003,0 -91.17701914399998,14.32157487400011,0 -91.17724607399997,14.32156731200007,0 -91.17753650099996,14.32144892300007,0 -91.17783455999995,14.32151031100006,0 -91.17805454299997,14.32155117500006,0 -91.17843727199994,14.32146709800005,0 -91.17875581799996,14.32126564400005,0 -91.17896929299995,14.32104901500003,0 -91.17864971399996,14.32097738300006,0 -91.17248085199998,14.31959456200008,0 -91.17245543199994,14.31958886400005,0 -91.17241352099995,14.31959475300006,0 -91.17147833142909,14.31972615661748,0 -91.17133909799996,14.31974572000007,0 -91.17124462699995,14.31975899300006,0 -91.17037270699996,14.31988150300005,0 -91.17036890399999,14.31991578000002,0 -91.17033652399992,14.31993847000006,0 -91.17028098099993,14.31996574500006,0 -91.17014195300001,14.31997630600008,0 -91.170095401,14.32000694600005,0 -91.17010078399994,14.32006342700002,0 -91.17012186699998,14.32013907200012,0 -91.17010640399997,14.32020013200006,0 -91.17007005199996,14.32025108100006,0 -91.17005978699994,14.32030647600008,0 -91.17008077999998,14.32035161400008,0 -91.17011732999998,14.32036733000009,0 -91.17017452199997,14.32040784600005,0 -91.17020599099997,14.32046877300009,0 -91.17020616899997,14.32052865900008,0 -91.170159508,14.32062031400006,0 -91.17010778899997,14.32066678700007,0 -91.16998822799995,14.32069650200004,0 -91.16986828999994,14.32069684100004,0 -91.16965998199997,14.32069403800005,0 -91.16948823399996,14.32071034100007,0 -91.16943132599994,14.32076586800005,0 -91.16940561399997,14.32088797200005,0 -91.16940592899992,14.32099418400003,0 -91.16938536799995,14.32109480600008,0 -91.16932332199995,14.3211763350001,0 -91.16916387399995,14.32133497400004,0 -91.16911220999998,14.32140065500007,0 -91.16902925899993,14.32146642400005,0 -91.16896725699995,14.32156264300003,0 -91.16895715899993,14.32167453400009,0 -91.16899413999994,14.32183600900009,0 -91.16901014299997,14.32195686600006,0 -91.16898435300001,14.32205298200004,0 -91.168911741,14.32208821400011,0 -91.16879239799991,14.32209420000003,0 -91.16861069199997,14.32207437300011,0 -91.16854353999999,14.32209490000001,0 -91.16849155699998,14.32215041300004,0 -91.16843998299998,14.32224660200006,0 -91.16838329899998,14.3223778330001,0 -91.168363195,14.32253494900005,0 -91.16823669099992,14.32296015700007,0 -91.16818476499996,14.32313318100005,0 -91.16810672599996,14.32329272000006,0 -91.16808075999995,14.32342725400004,0 -91.16810753799994,14.32356729000003,0 -91.16815349899994,14.32363043600002,0 -91.16821908699998,14.32366866900002,0 -91.16833740199996,14.32370675400006,0 -91.16848818499992,14.32375152700008,0 -91.16859992999996,14.32382126700005,0 -91.16873117999994,14.32392259100006,0 -91.16881665899996,14.32402517400005,0 -91.16888913799994,14.32414022200004,0 -91.16915351499996,14.32448749400002,0 -91.16927194099998,14.32456286500009,0 -91.16937692999994,14.32460098700008,0 -91.16955382399999,14.32465811400007,0 -91.16969197399999,14.32474133900008,0 -91.16983656399998,14.32494431800009,0 -91.16993554099997,14.32510448800001,0 -91.16995567699995,14.32525132200007,0 -91.16986427499995,14.32539847000004,0 -91.16977258699995,14.32544957500006,0 -91.16958929399998,14.32548173000004,0 -91.16945135499996,14.32546968900006,0 -91.16932697499998,14.32543840200007,0 -91.16921539599998,14.32542515700005,0 -91.16914333499996,14.32545134900007,0 -91.16911554199997,14.32565368400004,0 -91.16917388999994,14.32579024000008,0 -91.16921553299993,14.32586243800007,0 -91.16924104799995,14.32606462300004,0 -91.16924154999997,14.32623411000005,0 -91.16930803299994,14.32637855300004,0 -91.16930841499999,14.32650736300005,0 -91.169275746,14.32662835700008,0 -91.16952359186578,14.32635514988746,0 -91.16977851437663,14.32630979455961,0 -91.17012541132223,14.32640446542978,0 -91.17071435962015,14.32652395877992,0 -91.17120517241429,14.32663097477894,0 -91.17140013999995,14.32679410900009,0 -91.17139326499995,14.32672294300004,0 -91.17143253499998,14.32667876500006,0 -91.17152462399999,14.3266649450001,0 -91.17160344599992,14.32667150200008,0 -91.17168263099994,14.32670291600005,0 -91.17174855099994,14.32675470600004,0 -91.17182750399996,14.32680532900002,0 -91.17193278399996,14.32684344900002,0 -91.17204470699993,14.32687477000009,0 -91.172189432,14.32683029300007,0 -91.17224836199995,14.32677250000007,0 -91.17232071299998,14.32674630700009,0 -91.17235345099991,14.32674621400007,0 -91.17238657199994,14.32677775900008,0 -91.17238007999998,14.3268354030001,0 -91.17234751399997,14.32689312100005,0 -91.17231469899997,14.32696440000005,0 -91.17230826399997,14.32704125300003,0 -91.17234826099997,14.32714396200005,0 -91.17242725199996,14.32720701400009,0 -91.17253927299998,14.32727110300005,0 -91.17269067499996,14.32732830000005,0 -91.17280924499995,14.32735395200009,0 -91.172881653,14.32734696800005,0 -91.17299346299995,14.32733987100006,0 -91.17307981699996,14.32734640600009,0 -91.17312477999994,14.32736548700009,0 -91.17316606399996,14.32741395700005,0 -91.173223593,14.32746916000003,0 -91.17328516699995,14.32752096200008,0 -91.17335107699994,14.32756936200006,0 -91.17342063199999,14.32757707400006,0 -91.17348199099996,14.32755656200006,0 -91.17354762399998,14.32751230800004,0 -91.17361301799997,14.32748500500005,0 -91.17376471999991,14.32744841700008,0 -91.17387128799997,14.32743229500006,0 -91.17400658399998,14.3274319110001,0 -91.17410480699992,14.32743502200005,0 -91.17417467499995,14.32745064300009,0 -91.17421552499998,14.32745052700005,0 -91.17426476599994,14.32744699700008,0 -91.17431399299991,14.32743894800007,0 -91.17435073599994,14.32742189500001,0 -91.17439587399994,14.32740255800009,0 -91.17448992299995,14.32736613300008,0 -91.17455562699995,14.32734560800004,0 -91.17458836499998,14.32734551500006,0 -91.17462111599995,14.32734994200009,0 -91.17464581299997,14.32737360000006,0 -91.17467462599994,14.32741758500005,0 -91.17469129499995,14.32746951400005,0 -91.17469559099997,14.3275497270001,0 -91.17469172399996,14.3276130130001,0 -91.17467141799993,14.32770120500006,0 -91.17463482599996,14.32776910400004,0 -91.17459385299999,14.3278245870001,0 -91.17439394099992,14.32801611200004,0 -91.17437213499993,14.32808735900009,0 -91.17441645199992,14.3281810170001,0 -91.17452737999997,14.32826657600006,0 -91.17466024099996,14.32832382500005,0 -91.17479286599995,14.3283019790001,0 -91.17491056399996,14.32822933000011,0 -91.17496934499995,14.32812182000007,0 -91.17506485499996,14.32799273700012,0 -91.17516032899989,14.32794839800009,0 -91.17525626799994,14.32796281500007,0 -91.17530068199993,14.3279920660001,0 -91.17535241999997,14.32804841500011,0 -91.17535267999993,14.32813541900008,0 -91.17535295799998,14.32822807200012,0 -91.175360481,14.32832183400007,0 -91.17539786599995,14.32842229100006,0 -91.17546457499998,14.32854413300008,0 -91.17552373199999,14.32865921700006,0 -91.17554631799999,14.32875180600008,0 -91.17553173799996,14.32881738300004,0 -91.17547274099994,14.32885257800009,0 -91.17543590699997,14.32883912400007,0 -91.17533257199995,14.32877388300008,0 -91.17527321299995,14.32868817700008,0 -91.17519187999993,14.32861722300008,0 -91.17510351699995,14.32861747500005,0 -91.17507409499996,14.32866049500008,0 -91.175052377,14.32876112000007,0 -91.17505989699997,14.32885375300005,0 -91.17508250599995,14.32895425200009,0 -91.17514157799997,14.32904108800005,0 -91.17521569199992,14.32911997200008,0 -91.17528227099994,14.32919774700005,0 -91.17534140699995,14.3293060510001,0 -91.17534917699994,14.32938512400005,0 -91.17531247799995,14.32951403900009,0 -91.17524095299996,14.32962271600012,0 -91.17515309299993,14.3296941510001,0 -91.17512715299993,14.32973942100008,0 -91.17512744099997,14.32983546400006,0 -91.17515374199995,14.32991109400012,0 -91.17520068699996,14.33001152400007,0 -91.17521121899993,14.33014256500009,0 -91.17518563,14.33020817300006,0 -91.17512870799999,14.33025918200012,0 -91.17504592299994,14.33028427500008,0 -91.17495815599992,14.33029017400004,0 -91.17488535899994,14.33026439300007,0 -91.17482843999991,14.33021935800007,0 -91.17477626299994,14.33011329300011,0 -91.17473442799998,14.32997782200008,0 -91.17472882099997,14.32984676600009,0 -91.17472322799995,14.32972023100007,0 -91.17476963199992,14.32963987400009,0 -91.17487792399996,14.32942488100007,0 -91.17491427599994,14.32937393100008,0 -91.17495541799995,14.32927777100004,0 -91.17494476199992,14.3292020960001,0 -91.17485644899993,14.32912212300005,0 -91.17475251799999,14.32905123300005,0 -91.17448816499994,14.3289107440001,0 -91.17435840499995,14.32882523800008,0 -91.17407669999992,14.32859779400007,0 -91.17402471999998,14.32855726400008,0 -91.17398823499997,14.32846697400005,0 -91.17398794899997,14.32837093100007,0 -91.17398764799995,14.32827036800008,0 -91.17398734799995,14.32816980600012,0 -91.17396113499996,14.3281235540001,0 -91.17391469299996,14.3280943070001,0 -91.17387326399994,14.32809442500008,0 -91.17383184899995,14.32809906200007,0 -91.17375414099996,14.32817498800011,0 -91.17372864399992,14.32827110400008,0 -91.17372889999993,14.32835697700009,0 -91.17372912599994,14.32843268100007,0 -91.17370846499993,14.32849940500009,0 -91.17360013599992,14.32870196900012,0 -91.17356940599994,14.32879245000005,0 -91.17352834099997,14.32891459800006,0 -91.17348731599995,14.32905030600009,0 -91.173487708,14.32918137600009,0 -91.17348288399994,14.32931246000004,0 -91.17344709099996,14.32945380200005,0 -91.17339022899992,14.3295251490001,0 -91.17331796499997,14.32958072000007,0 -91.17319390299997,14.32965677700002,0 -91.17301804199994,14.32975331900009,0 -91.17289011335846,14.32999429187048,0 -91.17272358798091,14.33010607785801,0 -91.17238660473704,14.33020574036546,0 -91.17231351399991,14.33026265100008,0 -91.17223081899992,14.33031825100008,0 
							</coordinates>
						</LinearRing>
					</outerBoundaryIs>
				</Polygon>
			</MultiGeometry>
		</Placemark>
		<Placemark id="ID_00006">
			<name>GT09-MOR</name>
			<Snippet maxLines="0"></Snippet>
			<description><![CDATA[<html xmlns:fo="http://www.w3.org/1999/XSL/Format" xmlns:msxsl="urn:schemas-microsoft-com:xslt">

<head>

<META http-equiv="Content-Type" content="text/html">

<meta http-equiv="content-type" content="text/html; charset=UTF-8">

</head>

<body style="margin:0px 0px 0px 0px;overflow:auto;background:#FFFFFF;">

<table style="font-family:Arial,Verdana,Times;font-size:12px;text-align:left;width:100%;border-collapse:collapse;padding:3px 3px 3px 3px">

<tr style="text-align:center;font-weight:bold;background:#9CBCE2">

<td>GT09-MOR</td>

</tr>

<tr>

<td>

<table style="font-family:Arial,Verdana,Times;font-size:12px;text-align:left;width:100%;border-spacing:0px; padding:3px 3px 3px 3px">

<tr>

<td>FID</td>

<td>6</td>

</tr>

<tr bgcolor="#D4E4F3">

<td>Name</td>

<td>Morelia</td>

</tr>

<tr>

<td>CODE</td>

<td>GT09-MOR</td>

</tr>

<tr bgcolor="#D4E4F3">

<td>INSTANCE</td>

<td>Morelia</td>

</tr>

<tr>

<td>STATUS</td>

<td>Active</td>

</tr>

<tr bgcolor="#D4E4F3">

<td>PROJECT</td>

<td>1538</td>

</tr>

<tr>

<td>USE</td>

<td>Rubber</td>

</tr>

<tr bgcolor="#D4E4F3">

<td>HAS</td>

<td>50.23</td>

</tr>

</table>

</td>

</tr>

</table>

</body>

</html>]]></description>
			<styleUrl>#PolyStyle0017</styleUrl>
			<MultiGeometry>
				<Polygon>
					<outerBoundaryIs>
						<LinearRing>
							<coordinates>
								-91.4704580947749,14.42672771578453,0 -91.4703978934421,14.42720412372883,0 -91.47106707827578,14.42723544305452,0 -91.47166305818875,14.42720773064331,0 -91.47169957892864,14.42666451722865,0 -91.4723218027589,14.42671247138643,0 -91.47264602452896,14.42633682073278,0 -91.47244094109386,14.42629586196988,0 -91.47228804473774,14.42625920734294,0 -91.47208757891987,14.426213709877,0 -91.47167419917093,14.42619281576626,0 -91.47151706834144,14.42618216438836,0 -91.47122014687987,14.42614949153962,0 -91.47102080532164,14.42616274021462,0 -91.47075337584737,14.42618078821838,0 -91.47062630678963,14.42621859569942,0 -91.47055437181169,14.42627199410136,0 -91.47052536917934,14.42633425461946,0 -91.4704580947749,14.42672771578453,0 
							</coordinates>
						</LinearRing>
					</outerBoundaryIs>
				</Polygon>
				<Polygon>
					<outerBoundaryIs>
						<LinearRing>
							<coordinates>
								-91.47391700670481,14.42700899700118,0 -91.47399612959943,14.42732440449736,0 -91.47426798274,14.4272601352575,0 -91.47438329097513,14.42695655436381,0 -91.47454167135137,14.42658208281551,0 -91.47451850055677,14.42658556803483,0 -91.47448888004793,14.42657213230199,0 -91.47445109548083,14.42654743189014,0 -91.47441338460729,14.42653967875585,0 -91.47435225733234,14.42654558038586,0 -91.47427900676595,14.42656283045261,0 -91.47420545163364,14.426576692237,0 -91.47409215197237,14.42658167937006,0 -91.47400574165552,14.42657186753803,0 -91.47395956220082,14.42654946137743,0 -91.47391700670481,14.42700899700118,0 
							</coordinates>
						</LinearRing>
					</outerBoundaryIs>
				</Polygon>
				<Polygon>
					<outerBoundaryIs>
						<LinearRing>
							<coordinates>
								-91.47708266253244,14.42664524301025,0 -91.47738251383682,14.42698072372543,0 -91.47769726916215,14.42713247537273,0 -91.47790302914191,14.42749895635138,0 -91.47779563600469,14.42808101314692,0 -91.47763972661463,14.42834185397121,0 -91.47829169096589,14.42837091549584,0 -91.47829671417487,14.42826017055028,0 -91.47836124438368,14.4281706457605,0 -91.47842042580751,14.42811729795051,0 -91.47860619836807,14.42798320658067,0 -91.47870148388965,14.4279014630006,0 -91.4787682682466,14.42779724086985,0 -91.47879043996711,14.42769772315968,0 -91.47875059510142,14.42759959256544,0 -91.47866616733539,14.42751294527684,0 -91.4785870748027,14.42745339193458,0 -91.4785362613223,14.42736547532984,0 -91.47853008505371,14.42727850342432,0 -91.47853799030196,14.42709769656593,0 -91.47843867843737,14.42698738430791,0 -91.47829016035004,14.42682530347947,0 -91.47811111779849,14.42664188215864,0 -91.47793210512151,14.42646523958726,0 -91.47775663362779,14.42623660962641,0 -91.4777473308859,14.42622531505866,0 -91.47761467753274,14.42606479559287,0 -91.47754204123436,14.42593214538664,0 -91.47748887349009,14.42582605209306,0 -91.47703181415521,14.42575842739523,0 -91.47624123534969,14.42544342831397,0 -91.47604783296339,14.42549747102323,0 -91.47605305091383,14.42557140880144,0 -91.47587569348202,14.42650651909337,0 -91.47577853117748,14.42662329433191,0 -91.47621852268173,14.42655698645648,0 -91.47654751384512,14.42637195811887,0 -91.47679844976214,14.42629439153473,0 -91.47708266253244,14.42664524301025,0 
							</coordinates>
						</LinearRing>
					</outerBoundaryIs>
				</Polygon>
				<Polygon>
					<outerBoundaryIs>
						<LinearRing>
							<coordinates>
								-91.47699844364114,14.43175110117126,0 -91.4771931688672,14.43204044700779,0 -91.47719323690544,14.43204035628841,0 -91.47725902055649,14.43199808261296,0 -91.47729156939978,14.43197716616904,0 -91.47747680795347,14.43183975446753,0 -91.47762853615923,14.43170907490978,0 -91.47770041709738,14.43166815323699,0 -91.47781793789107,14.43165658659372,0 -91.47786541702175,14.43165816767512,0 -91.4779165602031,14.43165987076077,0 -91.47791690333136,14.43165998772272,0 -91.47817990962467,14.43144566765466,0 -91.47831798226277,14.43133889028694,0 -91.47841540034197,14.43121420408064,0 -91.47847811206415,14.43103994895583,0 -91.47850580298129,14.43081047705197,0 -91.4785165126696,14.43060819168986,0 -91.47853859949564,14.43042280669445,0 -91.47860718143275,14.43026547475625,0 -91.47868755497649,14.43021994780591,0 -91.47882596721331,14.43019112757338,0 -91.47886906853368,14.43019798875555,0 -91.47886654696775,14.43017854343647,0 -91.47880903001806,14.43003475195685,0 -91.47801722245531,14.43024788523261,0 -91.47732602623419,14.43052654023267,0 -91.4766907149087,14.43078917182648,0 -91.47659002776261,14.43154151278772,0 -91.47672155430872,14.43152853997169,0 -91.47684666117271,14.43157208557212,0 -91.47691916272414,14.43164861428802,0 -91.47699844364114,14.43175110117126,0 
							</coordinates>
						</LinearRing>
					</outerBoundaryIs>
				</Polygon>
				<Polygon>
					<outerBoundaryIs>
						<LinearRing>
							<coordinates>
								-91.47716582178653,14.452770422756,0 -91.47838821053185,14.45282274449754,0 -91.47903859963967,14.45286027245862,0 -91.47917518641528,14.45286815339186,0 -91.47931610842399,14.45287628438025,0 -91.47984845502148,14.45339063222703,0 -91.48004886970305,14.45337758882412,0 -91.48005615103558,14.45326788253224,0 -91.48004251251257,14.45319018757164,0 -91.47998912238215,14.45314505453976,0 -91.47984904079996,14.45304196834536,0 -91.47985523560095,14.4529382736275,0 -91.47993459687567,14.45284075385068,0 -91.47998091221049,14.45278872669683,0 -91.47988740164024,14.45269192606694,0 -91.47984034838036,14.45257549422537,0 -91.47976627386322,14.45236198511437,0 -91.47973229152589,14.45219366439577,0 -91.47973158209356,14.45203168459688,0 -91.47978406378226,14.4518694835696,0 -91.47981654199192,14.451694407114,0 -91.47985578255657,14.45154521976731,0 -91.47980861608127,14.45140287112335,0 -91.47988107258574,14.45124706630951,0 -91.48004064546838,14.45124640252132,0 -91.48012011965305,14.45117479947806,0 -91.48009318355322,14.45109715982393,0 -91.47998643273249,14.45101337288411,0 -91.47989252564162,14.45082586350288,0 -91.47999169086498,14.45069586481106,0 -91.48011750814432,14.45057871382507,0 -91.48036936944385,14.4503962452062,0 -91.48042182196224,14.45022756487639,0 -91.48054036519653,14.44996789914561,0 -91.48063234127801,14.4497148232555,0 -91.4805979896702,14.44946227314824,0 -91.48053056448354,14.44924873653053,0 -91.4804631678301,14.44904167907379,0 -91.48031004663008,14.44899696103795,0 -91.48003755186325,14.44884365568442,0 -91.47971914709412,14.4488013035527,0 -91.47889546901057,14.44872580786738,0 -91.47814902057333,14.44863324823121,0 -91.47720583116991,14.44844584256249,0 -91.47665579106452,14.4483715953813,0 -91.47617200119069,14.44844396178075,0 -91.47556786482568,14.44865380212612,0 -91.47514983741549,14.44884991216407,0 -91.4748456577513,14.44923345075991,0 -91.4747337004237,14.44948012811868,0 -91.47497359467378,14.44960224259319,0 -91.47536711851392,14.44988570381477,0 -91.47562721433019,14.45006604780179,0 -91.47581524711306,14.45049290403212,0 -91.47583592847505,14.45066128062236,0 -91.47581119826978,14.45108901799861,0 -91.47574575515171,14.45132902380072,0 -91.47561441642453,14.45170536816003,0 -91.47572849324081,14.4519446304161,0 -91.47596143084942,14.45199550000654,0 -91.47616811223222,14.4521242299571,0 -91.47621550282781,14.45231841304714,0 -91.47622319796123,14.45255811584074,0 -91.47622661594946,14.45268106610823,0 -91.47631135917777,14.45267352314217,0 -91.47716582178653,14.452770422756,0 
							</coordinates>
						</LinearRing>
					</outerBoundaryIs>
				</Polygon>
				<Polygon>
					<outerBoundaryIs>
						<LinearRing>
							<coordinates>
								-91.48067641231114,14.44915093986553,0 -91.48073079557912,14.44942284451228,0 -91.48075883933002,14.4497531725647,0 -91.48069385632215,14.45009684646909,0 -91.48050240311366,14.45040865019595,0 -91.48029702708769,14.4505779669094,0 -91.48009835637264,14.4507602141842,0 -91.48002572985922,14.45087714389946,0 -91.48010605549473,14.45099991662383,0 -91.4802128631281,14.45109666189024,0 -91.48019354108439,14.45123928709804,0 -91.48005439736757,14.45135001426916,0 -91.47994142328827,14.45136344285744,0 -91.47994883848148,14.45153835338107,0 -91.47992295251129,14.45170044380808,0 -91.47987064124187,14.45190152001064,0 -91.47983827657708,14.452102513237,0 -91.47987922007694,14.45234207738724,0 -91.47995312438421,14.45251671130898,0 -91.4800002912316,14.45265905989016,0 -91.48005402189651,14.45278194322034,0 -91.48005436255342,14.45285969351159,0 -91.47995499779368,14.45294433792708,0 -91.48000855818999,14.45302834611647,0 -91.48010897339854,14.45318343173381,0 -91.48016264748219,14.45329335664114,0 -91.48022373052997,14.45337840201337,0 -91.48062885779569,14.45338738456292,0 -91.48068914016514,14.45370281008071,0 -91.48069014677139,14.45393238878767,0 -91.4816031357042,14.45394293464063,0 -91.48172534133316,14.45494685017419,0 -91.4828898517646,14.4552289717557,0 -91.4830177070597,14.45416661797233,0 -91.48298296086327,14.45296145347321,0 -91.48299579412217,14.45169331374636,0 -91.48101937078465,14.45149827609918,0 -91.48132078028199,14.45027736149784,0 -91.48160991666506,14.44905649771471,0 -91.4805908576333,14.44891725174823,0 -91.48067641231114,14.44915093986553,0 
							</coordinates>
						</LinearRing>
					</outerBoundaryIs>
				</Polygon>
				<Polygon>
					<outerBoundaryIs>
						<LinearRing>
							<coordinates>
								-91.47016576039729,14.4564591223281,0 -91.47017374250964,14.45654872801324,0 -91.4702186918288,14.45688749413492,0 -91.47025621259783,14.45705861133098,0 -91.47027487781405,14.45714373578834,0 -91.47030168579998,14.45730971145903,0 -91.47114138897102,14.4571430699123,0 -91.47107215516091,14.45584339612849,0 -91.47079439775318,14.45589425407817,0 -91.47078061014469,14.45619032835263,0 -91.47014178878058,14.45618957146528,0 -91.47016576039729,14.4564591223281,0 
							</coordinates>
						</LinearRing>
					</outerBoundaryIs>
				</Polygon>
				<Polygon>
					<outerBoundaryIs>
						<LinearRing>
							<coordinates>
								-91.47039007957662,14.45780271514114,0 -91.4703999738675,14.45785789897318,0 -91.47042496350099,14.45799727452779,0 -91.4705073639732,14.4584161046277,0 -91.47056642436884,14.45873334550899,0 -91.47122048414583,14.45862783348476,0 -91.47117196091671,14.45771696601579,0 -91.47039007957662,14.45780271514114,0 
							</coordinates>
						</LinearRing>
					</outerBoundaryIs>
				</Polygon>
				<Polygon>
					<outerBoundaryIs>
						<LinearRing>
							<coordinates>
								-91.47207542851976,14.45824173757032,0 -91.47178159497591,14.45839600593444,0 -91.47178259277804,14.45862558516184,0 -91.47194144710394,14.45903626631847,0 -91.47187347894258,14.45920873436129,0 -91.47137324447905,14.45930645828866,0 -91.47110885908313,14.45946060442027,0 -91.47078030388028,14.4599422069093,0 -91.47085087717663,14.46022355800066,0 -91.47089421849786,14.46032506462358,0 -91.47169977843538,14.45992855815321,0 -91.47279929968013,14.45954100328079,0 -91.47353993021989,14.45934586997908,0 -91.47362143012953,14.45929017100809,0 -91.47380369846368,14.45921032871832,0 -91.47389246466811,14.45920509345724,0 -91.47388990687278,14.45915221747736,0 -91.47390074929673,14.4587085619911,0 -91.47387274157047,14.45829219926266,0 -91.47305675774378,14.45816115671797,0 -91.47241846952598,14.45811596357633,0 -91.47207542851976,14.45824173757032,0 
							</coordinates>
						</LinearRing>
					</outerBoundaryIs>
				</Polygon>
			</MultiGeometry>
		</Placemark>
		<Placemark id="ID_00007">
			<name>GT10-ROS</name>
			<Snippet maxLines="0"></Snippet>
			<description><![CDATA[<html xmlns:fo="http://www.w3.org/1999/XSL/Format" xmlns:msxsl="urn:schemas-microsoft-com:xslt">

<head>

<META http-equiv="Content-Type" content="text/html">

<meta http-equiv="content-type" content="text/html; charset=UTF-8">

</head>

<body style="margin:0px 0px 0px 0px;overflow:auto;background:#FFFFFF;">

<table style="font-family:Arial,Verdana,Times;font-size:12px;text-align:left;width:100%;border-collapse:collapse;padding:3px 3px 3px 3px">

<tr style="text-align:center;font-weight:bold;background:#9CBCE2">

<td>GT10-ROS</td>

</tr>

<tr>

<td>

<table style="font-family:Arial,Verdana,Times;font-size:12px;text-align:left;width:100%;border-spacing:0px; padding:3px 3px 3px 3px">

<tr>

<td>FID</td>

<td>7</td>

</tr>

<tr bgcolor="#D4E4F3">

<td>Name</td>

<td>Rosario</td>

</tr>

<tr>

<td>CODE</td>

<td>GT10-ROS</td>

</tr>

<tr bgcolor="#D4E4F3">

<td>INSTANCE</td>

<td>El Rosario</td>

</tr>

<tr>

<td>STATUS</td>

<td>Active</td>

</tr>

<tr bgcolor="#D4E4F3">

<td>PROJECT</td>

<td>1538</td>

</tr>

<tr>

<td>USE</td>

<td>Rubber</td>

</tr>

<tr bgcolor="#D4E4F3">

<td>HAS</td>

<td>81.2</td>

</tr>

</table>

</td>

</tr>

</table>

</body>

</html>]]></description>
			<styleUrl>#PolyStyle0024</styleUrl>
			<MultiGeometry>
				<Polygon>
					<outerBoundaryIs>
						<LinearRing>
							<coordinates>
								-91.41868359581106,14.41074419962223,0 -91.41886820897255,14.41088697355349,0 -91.41907745709524,14.41105356680829,0 -91.41923719103495,14.41111273352893,0 -91.41918939120224,14.41142381903956,0 -91.41909212569713,14.41163943567048,0 -91.41900717742476,14.41186696201035,0 -91.4189960355659,14.4121420318213,0 -91.41891123396979,14.41240543057791,0 -91.41877750521601,14.41270489268189,0 -91.41858218885156,14.41294480593103,0 -91.41843545653136,14.41306495336421,0 -91.41842207196663,14.41308249240961,0 -91.41828901773989,14.41325684560934,0 -91.41847886321172,14.41327960162115,0 -91.4188619697634,14.41335846680608,0 -91.42052418941883,14.41373081204998,0 -91.42192334219845,14.41398983794801,0 -91.42187888312922,14.41391567872298,0 -91.42163277558345,14.41373727445219,0 -91.42134986288347,14.41355901350324,0 -91.42099373233789,14.41347669907115,0 -91.42091722185305,14.4134596135647,0 -91.42062533351556,14.41339443191513,0 -91.4201215890253,14.41321703022424,0 -91.41997299400079,14.41288279444901,0 -91.42004498657468,14.4124879109315,0 -91.42028839369831,14.41200865581604,0 -91.42036856003597,14.41188527384697,0 -91.42056880129837,14.41157708694112,0 -91.42076426155558,14.41137304464631,0 -91.42091059884362,14.41115723608304,0 -91.42089729979695,14.41090617692472,0 -91.42077343838051,14.41061967580439,0 -91.42064982261739,14.41039296198066,0 -91.42036671881731,14.41016686959301,0 -91.42002988002224,14.40994975296917,0 -91.41987137227835,14.41018952375216,0 -91.41962678973474,14.41038179890893,0 -91.41939418113873,14.41050228118949,0 -91.4191735957136,14.41056292809938,0 -91.41898937445626,14.41051581426221,0 -91.41887827368949,14.41034883908174,0 -91.41875519852825,14.4102536564624,0 -91.41858339279464,14.41024236701879,0 -91.4185842250036,14.41044564425395,0 -91.41868359581106,14.41074419962223,0 
							</coordinates>
						</LinearRing>
					</outerBoundaryIs>
				</Polygon>
				<Polygon>
					<outerBoundaryIs>
						<LinearRing>
							<coordinates>
								-91.41418557701142,14.42088980942612,0 -91.41426193022414,14.42088951369163,0 -91.41445244300361,14.42058963420181,0 -91.4145734845219,14.42035133246757,0 -91.41474123733695,14.42016947651713,0 -91.41494977584912,14.42001577579754,0 -91.4152862740407,14.41989555488538,0 -91.4156578865455,14.41983748682696,0 -91.41600632800315,14.41979649616056,0 -91.41632288709347,14.41988260460912,0 -91.41636519562333,14.41984104010449,0 -91.41634007146889,14.41969764557096,0 -91.41625340761331,14.41950665921595,0 -91.41619142817814,14.41935145003343,0 -91.41626425948064,14.41915984458316,0 -91.41634916403432,14.4189203615574,0 -91.416348040158,14.4186453394389,0 -91.41638406473864,14.41845387682846,0 -91.4165669237201,14.41816618278616,0 -91.41667773378886,14.41826141392126,0 -91.41691118296696,14.41834421102725,0 -91.4169105962586,14.41820072124289,0 -91.4168972518757,14.41793770428376,0 -91.41676126888871,14.41768712125204,0 -91.41689627407564,14.41769855463285,0 -91.41716740928101,14.4179964432371,0 -91.41735183214753,14.41809138804826,0 -91.41754813253588,14.41809062518085,0 -91.41768274651719,14.41800639825715,0 -91.4176082531948,14.41779144975065,0 -91.41753380894981,14.41758845868895,0 -91.41740965400442,14.41723021103966,0 -91.41740808873884,14.41684757162823,0 -91.41744493776483,14.41666420162721,0 -91.41723007138566,14.41670420986961,0 -91.41717899216012,14.41642059858368,0 -91.41734389477659,14.41605505972717,0 -91.4175747244141,14.41553519644909,0 -91.41772298639272,14.41516972203817,0 -91.41776279330527,14.41473168946878,0 -91.41786942295489,14.41435826794467,0 -91.41787595089274,14.41392036470278,0 -91.41788151667683,14.41324730853916,0 -91.41798062230299,14.41306852861224,0 -91.41817926454395,14.41281638202239,0 -91.41840296475925,14.41258846438638,0 -91.41858503331488,14.41235259964523,0 -91.41865771827767,14.41181713286998,0 -91.41867283009552,14.4114440670119,0 -91.41858883764101,14.41124978131212,0 -91.41834670745401,14.41103989280859,0 -91.41817037087472,14.41064324469063,0 -91.41816956708605,14.41044682380367,0 -91.4176020662498,14.41029004665154,0 -91.41748834147641,14.40990296841144,0 -91.41758821470184,14.40939582348033,0 -91.41772959701369,14.40906737264877,0 -91.41753504812823,14.40885946378018,0 -91.4173202730919,14.40869137892406,0 -91.41773853177652,14.40875930918454,0 -91.4179542826963,14.40916586370226,0 -91.4179963208874,14.40947372905224,0 -91.41809981105766,14.40985091039685,0 -91.41831255945168,14.4100162243187,0 -91.41841502853356,14.40965095677323,0 -91.41877191859179,14.40966944164821,0 -91.4191155097414,14.40983679252538,0 -91.41939827326468,14.40981136550634,0 -91.41948819288206,14.40942179072197,0 -91.41949465166181,14.40896767001031,0 -91.41974274027243,14.408601805946,0 -91.4201491967773,14.40830830446783,0 -91.42063075997204,14.40807127158297,0 -91.42087112525114,14.4078513958201,0 -91.42090343800905,14.40761611327623,0 -91.42081821431714,14.4071218057564,0 -91.42062377472044,14.40636844061934,0 -91.42062111391267,14.4057197430441,0 -91.42050204917837,14.40508771666483,0 -91.41992685244092,14.40480614709876,0 -91.41957714210122,14.40473452874564,0 -91.41940114117472,14.40441896840899,0 -91.41939139378309,14.40407032565951,0 -91.41957262448339,14.40363174236849,0 -91.41985471561951,14.40344414079262,0 -91.42017071481983,14.40341047505273,0 -91.42040378722972,14.40344200273037,0 -91.420728172078,14.40342452128792,0 -91.42096094515242,14.40338306992361,0 -91.42111132403561,14.40353655193015,0 -91.42147650640538,14.40332429803406,0 -91.42158043571568,14.40328891317171,0 -91.42160109620616,14.40314684799376,0 -91.4215837457045,14.40288515450795,0 -91.42146061811653,14.40262783958132,0 -91.42134162490306,14.40238637276429,0 -91.42117378805075,14.4021411301901,0 -91.42102608489205,14.40184424997632,0 -91.42101786667487,14.40169610292515,0 -91.42070405124662,14.40160012368837,0 -91.42037889631879,14.40142283622027,0 -91.42021561634392,14.40139843614973,0 -91.41973534531979,14.40133119122216,0 -91.41965550000745,14.40134369378296,0 -91.41965353414493,14.40136030441488,0 -91.41958616725012,14.40146903286246,0 -91.41952695147243,14.40158676843656,0 -91.41950929615203,14.40173371858435,0 -91.4194688166625,14.40189770539505,0 -91.41938309253524,14.40205282936801,0 -91.41900765324165,14.40258193310878,0 -91.41892848819394,14.40309092884633,0 -91.41867501480712,14.40342975247902,0 -91.41855679781297,14.40351963977734,0 -91.41855716589524,14.40360959519708,0 -91.41855780851371,14.40376664287812,0 -91.41852372201869,14.40393512413535,0 -91.418472349493,14.4041285294441,0 -91.41842088762508,14.40422928678492,0 -91.41836370376872,14.40434814407444,0 -91.41837016530593,14.40451081842396,0 -91.41840526577226,14.40466095302294,0 -91.41839474498018,14.40485193980877,0 -91.41834339849339,14.404980943123,0 -91.4181711653593,14.40510024751782,0 -91.41799271561838,14.40511675892434,0 -91.41749122204936,14.40562036327645,0 -91.41710513576263,14.40593982755497,0 -91.4169738673931,14.40624836595301,0 -91.41668992620635,14.40661711523032,0 -91.41670202810204,14.40708407980307,0 -91.41672598868931,14.40795839134096,0 -91.41681980915375,14.40846478435791,0 -91.41672357033431,14.40880815460907,0 -91.41657540961177,14.40919795461428,0 -91.41644358935918,14.40951471144633,0 -91.41626264753286,14.40967743869001,0 -91.41625381392136,14.41013998711576,0 -91.41641155385068,14.41016709974588,0 -91.41653453035599,14.41023836866613,0 -91.41667026380408,14.41042916481242,0 -91.41657284964269,14.41060890806878,0 -91.41673287584014,14.41073982148537,0 -91.4168195851022,14.41094276546984,0 -91.41694295311292,14.41110969405407,0 -91.41701739431903,14.41131268557054,0 -91.41699422594573,14.41164759052052,0 -91.41698322113722,14.41169789418364,0 -91.41723437350062,14.41165237920253,0 -91.4172775958951,14.41204954508832,0 -91.41687138813317,14.41215020068548,0 -91.41686147230877,14.41218620145198,0 -91.41677705906328,14.41254525949703,0 -91.41676601221195,14.41284424432714,0 -91.41665652414288,14.4130718652189,0 -91.41677979557218,14.41321487882135,0 -91.4168908963908,14.4133818549576,0 -91.41696538731172,14.41359680389692,0 -91.41688058284197,14.41386020206606,0 -91.41658687065001,14.41404070745788,0 -91.41628147554165,14.41436474997383,0 -91.41606283873421,14.41490369377233,0 -91.41602783978192,14.41534626362297,0 -91.41600658338321,14.41542521449977,0 -91.41620276511387,14.41573513650878,0 -91.41621174732896,14.4158972786863,0 -91.41600471427728,14.41613323867912,0 -91.41578114061147,14.41639358922326,0 -91.41555740091978,14.41661339596074,0 -91.41542507901323,14.41680852150894,0 -91.41521731630775,14.41686608895248,0 -91.41503444665231,14.41690734203563,0 -91.4148428602138,14.41685132251418,0 -91.41478422487988,14.41675424346611,0 -91.41498337011195,14.41662373011806,0 -91.41509941674009,14.4165178652677,0 -91.41528984470747,14.41629007922982,0 -91.41561414959639,14.41624827753434,0 -91.41578830152076,14.41610975162268,0 -91.41585832500463,14.41589697437058,0 -91.41561339113562,14.41600554343012,0 -91.41539226231124,14.41593465477695,0 -91.41539143266439,14.4157313774537,0 -91.41526835577396,14.4156361931468,0 -91.41525545279751,14.41548079333003,0 -91.41541396905554,14.41524102523826,0 -91.41554794776036,14.41500135219753,0 -91.41569356019595,14.41460618414895,0 -91.41576585365213,14.41428304645415,0 -91.41575290165287,14.41411568917265,0 -91.41545782173611,14.4139613834803,0 -91.4151993527114,14.41375910478155,0 -91.41535825827283,14.41361499669733,0 -91.41554272554596,14.41372190070602,0 -91.41586209818369,14.41381632369528,0 -91.41591063531327,14.413684600969,0 -91.41598292823817,14.41336146321889,0 -91.41605497684154,14.41297853799889,0 -91.41609090340735,14.41276316040099,0 -91.41623719735954,14.41253539694875,0 -91.4164329067911,14.41239114542092,0 -91.41652997979975,14.41212769977028,0 -91.41666361362455,14.41180432378869,0 -91.41667495378361,14.41157708387024,0 -91.41657612250874,14.41141005993282,0 -91.4163911683649,14.4111835817188,0 -91.41634121570563,14.41096853727926,0 -91.41638931249275,14.41072919705398,0 -91.41626589627217,14.41055031064659,0 -91.41590902649166,14.4103662557197,0 -91.4158769967008,14.4104002756484,0 -91.41586113666993,14.41049072574986,0 -91.4158333624062,14.41057331304581,0 -91.41581113516499,14.4105948665245,0 -91.41573736440377,14.41062678856593,0 -91.41562184807988,14.4106554828494,0 -91.41550334148496,14.4106615915166,0 -91.4154200458415,14.41091613233235,0 -91.41462164691779,14.41376533699837,0 -91.41385779077487,14.41656130241005,0 -91.41348903807224,14.41788692248063,0 -91.413167245083,14.41900220692909,0 -91.41292252067846,14.41987459318414,0 -91.41306701730159,14.42002875974295,0 -91.41302617725351,14.4202154213806,0 -91.41287754144595,14.42049169733456,0 -91.41282630080525,14.42061799832879,0 -91.41304373770799,14.42069094852666,0 -91.41320372085032,14.42080990643051,0 -91.41340007256105,14.42082110436332,0 -91.41364554875824,14.42084406966561,0 -91.41386634089582,14.42083125724587,0 -91.41418557701142,14.42088980942612,0 
							</coordinates>
						</LinearRing>
					</outerBoundaryIs>
				</Polygon>
				<Polygon>
					<outerBoundaryIs>
						<LinearRing>
							<coordinates>
								-91.41192517388585,14.42338360572637,0 -91.41371839525645,14.42371763469001,0 -91.41377925313239,14.42354598715197,0 -91.41349623577116,14.42334380232153,0 -91.41339735232833,14.42316481989476,0 -91.41359385230737,14.42321189000674,0 -91.41388879740876,14.42333032480672,0 -91.41415871700859,14.42332927940986,0 -91.41444085687955,14.42331622867969,0 -91.41480839219952,14.42318326987766,0 -91.41510197104267,14.42296689359491,0 -91.41513780190988,14.42272760120613,0 -91.41489193317979,14.42260897771525,0 -91.41506286984985,14.42240503457351,0 -91.41525824659003,14.42217708119992,0 -91.41557655702887,14.42200843918623,0 -91.41572285697154,14.42178067584148,0 -91.41557489668466,14.42160188476606,0 -91.41549981799812,14.4212434458056,0 -91.4157201219227,14.42111105680351,0 -91.41602718753329,14.42119356900229,0 -91.41611272815476,14.421109533307,0 -91.41608726196274,14.42088243638573,0 -91.41602474481097,14.42059569488446,0 -91.41585249154004,14.42047678657428,0 -91.41561938223614,14.42047769093328,0 -91.41538573591122,14.42034706272722,0 -91.41501805913794,14.42044414970689,0 -91.41481021946264,14.42062432044403,0 -91.41457837813429,14.42093611845339,0 -91.41413698879546,14.42100957438169,0 -91.41381789872678,14.4209868946147,0 -91.41360932665162,14.42098770201912,0 -91.4131551321119,14.42092967121462,0 -91.41286023926418,14.4208231927582,0 -91.41270340286697,14.42075814955386,0 -91.41260944576732,14.42109234073124,0 -91.41244580376664,14.42168840826725,0 -91.41192517388585,14.42338360572637,0 
							</coordinates>
						</LinearRing>
					</outerBoundaryIs>
				</Polygon>
				<Polygon>
					<outerBoundaryIs>
						<LinearRing>
							<coordinates>
								-91.41389701417272,14.42375090578492,0 -91.41597685202326,14.4241383034564,0 -91.41624504774711,14.42404654246056,0 -91.41638572597431,14.42385949276993,0 -91.41645122537686,14.42359975535132,0 -91.41663571867169,14.42351948812224,0 -91.41663731316319,14.4233794537287,0 -91.41647698421748,14.42317679604432,0 -91.41647629980994,14.42300939134366,0 -91.41654932741446,14.4228656157227,0 -91.41645063738167,14.42273446461597,0 -91.41626611316418,14.42261560438087,0 -91.41595919207458,14.42256896506571,0 -91.41585686012561,14.42256382258414,0 -91.41573830078266,14.42255786457231,0 -91.41552948318964,14.42249888634789,0 -91.41544438130471,14.42269053920915,0 -91.41537164597936,14.42290605942396,0 -91.41529964288368,14.42330094185753,0 -91.41510397239236,14.42345715040243,0 -91.41488376345438,14.42361345392786,0 -91.41463843052975,14.42362636255776,0 -91.41431894652823,14.4235080238132,0 -91.41408578521225,14.4234969693571,0 -91.41395131284314,14.42361706692466,0 -91.41389701417272,14.42375090578492,0 
							</coordinates>
						</LinearRing>
					</outerBoundaryIs>
				</Polygon>
			</MultiGeometry>
		</Placemark>
		<Placemark id="ID_00008">
			<name>GT11-KAM</name>
			<Snippet maxLines="0"></Snippet>
			<description><![CDATA[<html xmlns:fo="http://www.w3.org/1999/XSL/Format" xmlns:msxsl="urn:schemas-microsoft-com:xslt">

<head>

<META http-equiv="Content-Type" content="text/html">

<meta http-equiv="content-type" content="text/html; charset=UTF-8">

</head>

<body style="margin:0px 0px 0px 0px;overflow:auto;background:#FFFFFF;">

<table style="font-family:Arial,Verdana,Times;font-size:12px;text-align:left;width:100%;border-collapse:collapse;padding:3px 3px 3px 3px">

<tr style="text-align:center;font-weight:bold;background:#9CBCE2">

<td>GT11-KAM</td>

</tr>

<tr>

<td>

<table style="font-family:Arial,Verdana,Times;font-size:12px;text-align:left;width:100%;border-spacing:0px; padding:3px 3px 3px 3px">

<tr>

<td>FID</td>

<td>8</td>

</tr>

<tr bgcolor="#D4E4F3">

<td>Name</td>

<td>Kampura</td>

</tr>

<tr>

<td>CODE</td>

<td>GT11-KAM</td>

</tr>

<tr bgcolor="#D4E4F3">

<td>INSTANCE</td>

<td>Kampura</td>

</tr>

<tr>

<td>STATUS</td>

<td>Active</td>

</tr>

<tr bgcolor="#D4E4F3">

<td>PROJECT</td>

<td>1538</td>

</tr>

<tr>

<td>USE</td>

<td>Rubber</td>

</tr>

<tr bgcolor="#D4E4F3">

<td>HAS</td>

<td>210.59</td>

</tr>

</table>

</td>

</tr>

</table>

</body>

</html>]]></description>
			<styleUrl>#PolyStyle0012</styleUrl>
			<MultiGeometry>
				<Polygon>
					<outerBoundaryIs>
						<LinearRing>
							<coordinates>
								-89.19822299941117,15.82736448944618,0 -89.1982722473503,15.82754367025331,0 -89.198305140079,15.82765363814214,0 -89.1983288531943,15.827885518217,0 -89.19839868211704,15.82812987169071,0 -89.19840984906442,15.82835354533555,0 -89.19829547498061,15.8285073509749,0 -89.19808453936292,15.82865651150956,0 -89.19809656501154,15.82874602632309,0 -89.19832258070002,15.82886528422425,0 -89.19839765038465,15.82894704613971,0 -89.1984148906605,15.82887803479813,0 -89.19836564236395,15.82869885401105,0 -89.19845818647752,15.82867501578848,0 -89.19848812915244,15.82858981834081,0 -89.19854368485863,15.8284397253307,0 -89.19862443714392,15.82828978344189,0 -89.19858783912551,15.82810254742322,0 -89.19856733633114,15.82802517849538,0 -89.19852661702485,15.82782572101972,0 -89.19846453630809,15.82768305345227,0 -89.19839056003613,15.82743054396292,0 -89.19840471972857,15.82718669436471,0 -89.198392902167,15.82706465619478,0 -89.19837678110338,15.82695885450986,0 -89.19843220623665,15.82682908857833,0 -89.19852490559721,15.82678085773869,0 -89.19860399194997,15.8268911026772,0 -89.19861580963745,15.82701314084633,0 -89.19873269091056,15.82712361244139,0 -89.19868968201392,15.8272819119583,0 -89.19874354605803,15.82739607115474,0 -89.19880252014077,15.82736796581849,0 -89.19887427458426,15.82731147807474,0 -89.1988837920282,15.82713671536325,0 -89.19886518740981,15.82705730577261,0 -89.19898585270644,15.82693811413186,0 -89.19909602590445,15.82678428282246,0 -89.19923160344665,15.82659807913027,0 -89.19927907119533,15.82639915041458,0 -89.19933384550909,15.82637101972938,0 -89.19946029571794,15.82629859731211,0 -89.19940656150617,15.82616411116567,0 -89.19949161553974,15.82599793229189,0 -89.19956736071026,15.82597399280739,0 -89.19967651908053,15.82597871258419,0 -89.19991168542938,15.82598012177724,0 -89.19983723991086,15.82580079026032,0 -89.19981323919822,15.82561362984445,0 -89.19969254862386,15.82544215233605,0 -89.19957608362746,15.8252666345182,0 -89.19956874115721,15.82521284843523,0 -89.19932818303072,15.82543663153144,0 -89.19918380357888,15.8255709424715,0 -89.19905004473625,15.82558756996991,0 -89.19880475873302,15.82555347216051,0 -89.19869758465437,15.82549772483344,0 -89.19840176574066,15.82545726573097,0 -89.19811102919874,15.82526719879009,0 -89.19766111501347,15.82495347947551,0 -89.19748955128395,15.82475509346392,0 -89.19728973509353,15.82447893445617,0 -89.19693293959511,15.82478746388342,0 -89.19634444444435,15.82510833333338,0 -89.19592920021373,15.82533135859856,0 -89.19476622261276,15.82595378637404,0 -89.19440505897616,15.82614707970143,0 -89.19370695521921,15.82657159425279,0 -89.1930611063183,15.82696432907101,0 -89.19323085619762,15.82720537306167,0 -89.19345430715265,15.82720671879195,0 -89.1938440151763,15.82695857891752,0 -89.19407951896061,15.82691445356943,0 -89.19407849527717,15.82707384781688,0 -89.19417155623682,15.82723380834716,0 -89.19429975289189,15.82741675178753,0 -89.19447660039704,15.82734950154137,0 -89.19479435560004,15.82731725610128,0 -89.19484044792605,15.82746554807878,0 -89.19468639072574,15.82764679319188,0 -89.1944858755849,15.82773667266703,0 -89.19412122349988,15.8277458638478,0 -89.19410829292568,15.82792795790165,0 -89.19426015740571,15.8280882723562,0 -89.19444649988309,15.82837403738119,0 -89.19463518194934,15.8282954725386,0 -89.1947633796365,15.82847841576944,0 -89.19498632058942,15.82855945716823,0 -89.19511656471501,15.828423611643,0 -89.19494242031136,15.82806960602927,0 -89.19509676991876,15.82784281951969,0 -89.19521415695563,15.82787768276684,0 -89.1953420627388,15.82810616691365,0 -89.19554140924222,15.82819845159107,0 -89.19553198600386,15.82783405099197,0 -89.19548611223385,15.82765160319474,0 -89.19541635209148,15.82752594050389,0 -89.19547712730098,15.82721889072785,0 -89.19583016401837,15.82718685587616,0 -89.1961248357742,15.82708615518936,0 -89.19633944599836,15.82663201471246,0 -89.19644813742792,15.82618862337729,0 -89.19686143417663,15.82592923362684,0 -89.1971303337106,15.82608107435662,0 -89.19708872704395,15.826113615115,0 -89.19700703687315,15.82640991147987,0 -89.19699198991508,15.82679198507935,0 -89.19708690922648,15.82705275183943,0 -89.19708985826621,15.82724791710103,0 -89.19704272681108,15.82739399472062,0 -89.19716020648301,15.82741096250782,0 -89.19725259381799,15.82741151726983,0 -89.19734490302197,15.82742426824615,0 -89.19752972980372,15.82741724673813,0 -89.19759616544532,15.82753554722092,0 -89.19753661826105,15.82765309141123,0 -89.19757373606892,15.82775901917377,0 -89.1976953373339,15.82778820815453,0 -89.19781284335011,15.82780111019033,0 -89.19785134120525,15.8276915707332,0 -89.19776398633242,15.82756094803118,0 -89.19772660807702,15.82749567447946,0 -89.19781096111659,15.82743926273285,0 -89.19781581142847,15.82733765247117,0 -89.19770297377629,15.82725159813003,0 -89.19764900621566,15.82715370039441,0 -89.19765818619753,15.82703178825387,0 -89.19777216928485,15.82693896418564,0 -89.19783998475231,15.82684179739836,0 -89.19785751134658,15.82672806648032,0 -89.1980590050095,15.82674147237886,0 -89.19824769227048,15.8267873258634,0 -89.19824239976523,15.82695804828892,0 -89.19809007547782,15.82713601963718,0 -89.19798436108924,15.8272492213708,0 -89.19799646475488,15.82732653993472,0 -89.19813937531585,15.82730706962684,0 -89.19822299941117,15.82736448944618,0 
							</coordinates>
						</LinearRing>
					</outerBoundaryIs>
				</Polygon>
				<Polygon>
					<outerBoundaryIs>
						<LinearRing>
							<coordinates>
								-89.22968596345703,15.8255450173491,0 -89.22959187640959,15.82562374969659,0 -89.22977096199998,15.82589892400007,0 -89.22976662739262,15.8261620077715,0 -89.22975861099997,15.82664854700004,0 -89.22933100017831,15.82680884395395,0 -89.2286586749041,15.82703493826118,0 -89.22794255550561,15.82755846300406,0 -89.2276046553756,15.82794889028659,0 -89.22905701999996,15.83053573900004,0 -89.22906555823313,15.83055402226174,0 -89.22960684250464,15.83030265009096,0 -89.2297513028561,15.83026541697062,0 -89.22987896440821,15.83023251346897,0 -89.23033796067922,15.8299004599837,0 -89.23024817491942,15.82981586617898,0 -89.23001875915985,15.82959971615711,0 -89.23026648111642,15.82948161606511,0 -89.23048928135178,15.82939923488149,0 -89.23089753659055,15.82928207339738,0 -89.23112056022204,15.82916382777948,0 -89.23144252270289,15.8290222504318,0 -89.23174023472605,15.82880880067232,0 -89.231926509467,15.82864251922398,0 -89.23164606852015,15.82806703876238,0 -89.23137760478052,15.8275514031615,0 -89.2309869244603,15.82683181713766,0 -89.23075521109094,15.8263642159536,0 -89.23038982914311,15.82554913689773,0 -89.23025571214006,15.82527338665674,0 -89.22968596345703,15.8255450173491,0 
							</coordinates>
						</LinearRing>
					</outerBoundaryIs>
				</Polygon>
				<Polygon>
					<outerBoundaryIs>
						<LinearRing>
							<coordinates>
								-89.1966562822046,15.82826576061777,0 -89.19668742434415,15.82872819870843,0 -89.19689926217309,15.82937882385464,0 -89.19707748951986,15.82995220514692,0 -89.19707544404237,15.83027136617108,0 -89.19690456402898,15.83032536962129,0 -89.1969487682282,15.83052374271441,0 -89.19699051750405,15.83074213353304,0 -89.19712626928133,15.83070048938928,0 -89.19718935618859,15.83068844277274,0 -89.19725834012401,15.83068885707463,0 -89.1972606057,15.83060015159141,0 -89.19727343050332,15.83038920097361,0 -89.19733210984725,15.83018407907448,0 -89.19731732066705,15.82980636183696,0 -89.19717683218708,15.82935014270189,0 -89.19697338804723,15.82887133194218,0 -89.19691933562697,15.82835454488065,0 -89.19699565025329,15.82808288862843,0 -89.19711664444485,15.82800031488195,0 -89.19725374418751,15.82808999193184,0 -89.19740192514546,15.82824082239831,0 -89.19747592677028,15.82833012046582,0 -89.1976301288549,15.82843656006219,0 -89.19774909569266,15.8286705153541,0 -89.19779334944842,15.82892623558189,0 -89.1977746824487,15.8291538113136,0 -89.19772145560889,15.82940339301621,0 -89.19770264615671,15.82965318130895,0 -89.19792365718259,15.83007656336479,0 -89.19797899265721,15.83039343703964,0 -89.19793703405193,15.83062235270135,0 -89.19803180400254,15.83059974458523,0 -89.19810822948949,15.83060020327886,0 -89.19821264535202,15.83022316367953,0 -89.19816921515314,15.82990372961837,0 -89.19816017230058,15.82954047798988,0 -89.19851428516363,15.8292784591814,0 -89.19883499619075,15.82890617955239,0 -89.19904089531344,15.82870930665743,0 -89.19935044727471,15.82830394124274,0 -89.19952343680505,15.82791976871876,0 -89.19959382898413,15.82757900502981,0 -89.19960681617178,15.82732594514285,0 -89.19976723958912,15.82712879880184,0 -89.19970015568855,15.82695230094511,0 -89.19951699571662,15.82714931096298,0 -89.19936892593607,15.82719244733278,0 -89.19931130991925,15.82731316779501,0 -89.19937684482261,15.82773178818412,0 -89.1990677867893,15.82806011478324,0 -89.19882757196137,15.82828979990809,0 -89.19879114251604,15.82865277889545,0 -89.19857309990049,15.8289706445063,0 -89.19829941226894,15.82910107427193,0 -89.19819787157805,15.82897939918045,0 -89.19794896453446,15.82879080374981,0 -89.19786055470502,15.82839405781352,0 -89.19779368363555,15.82818454280709,0 -89.19762428595686,15.82800743028299,0 -89.19739790580131,15.82785198748808,0 -89.19721714040398,15.8276748064322,0 -89.19708121395499,15.82759694833091,0 -89.19687679549243,15.82756270269015,0 -89.19671608689779,15.82780386886274,0 -89.1966562822046,15.82826576061777,0 
							</coordinates>
						</LinearRing>
					</outerBoundaryIs>
				</Polygon>
				<Polygon>
					<outerBoundaryIs>
						<LinearRing>
							<coordinates>
								-89.19519621370937,15.83071486906953,0 -89.1952512815087,15.8307705503171,0 -89.19532091985631,15.83082857837328,0 -89.19535748002582,15.83085422107794,0 -89.19552884954336,15.83097441669129,0 -89.19572602102841,15.83106935848917,0 -89.19577489630795,15.83108998502281,0 -89.19582967083356,15.83110048068365,0 -89.19589733092513,15.83110314665344,0 -89.19598314168235,15.83109575538683,0 -89.19631462582505,15.83098930701371,0 -89.19661921199902,15.83087373092783,0 -89.19645750676999,15.83023062145546,0 -89.19625041279386,15.82951207470634,0 -89.19617137336807,15.82899924095415,0 -89.19627984782355,15.82859000585528,0 -89.19628174592792,15.82829398774599,0 -89.19638948972047,15.82799860565025,0 -89.19650870183887,15.82774883538311,0 -89.19663901743738,15.82760160350376,0 -89.19664033106562,15.82739666784246,0 -89.19644076577055,15.82733854013145,0 -89.1961567592671,15.8276100915906,0 -89.19591818802867,15.82813240221943,0 -89.19579649186983,15.82876927260687,0 -89.195792767124,15.82934992336779,0 -89.19566098884373,15.82972486074226,0 -89.19554060551421,15.83015679524298,0 -89.19530451356695,15.83029200435039,0 -89.19511743751212,15.83012009293759,0 -89.19493379679561,15.82941307207494,0 -89.19508946288239,15.82898135017191,0 -89.19539648272389,15.82878963899549,0 -89.1953977977081,15.82858470345835,0 -89.19498515134886,15.82874162206078,0 -89.19469018430652,15.82888786217804,0 -89.19450084373136,15.82906889475324,0 -89.19428885885048,15.82911316194027,0 -89.19398095992966,15.82944149503308,0 -89.19383836850494,15.82966835134297,0 -89.19422486357637,15.82992116440875,0 -89.19437497465471,15.83035472610477,0 -89.19471574441822,15.83040231983186,0 -89.1948924249663,15.83077855786271,0 -89.19516440944545,15.8306706236683,0 -89.19519621370937,15.83071486906953,0 
							</coordinates>
						</LinearRing>
					</outerBoundaryIs>
				</Polygon>
				<Polygon>
					<outerBoundaryIs>
						<LinearRing>
							<coordinates>
								-89.19018546056603,15.8302215388702,0 -89.19018488563967,15.83031077302659,0 -89.19015157490769,15.83040997582813,0 -89.19004241505144,15.83050985018502,0 -89.1898354635086,15.83066561335918,0 -89.18945997089185,15.83117279015595,0 -89.18925867892048,15.83153643140085,0 -89.18916163173775,15.83174820780538,0 -89.18914031672759,15.83188701852023,0 -89.18914604944432,15.83199323459357,0 -89.189145619678,15.83205987778568,0 -89.18917965438874,15.83211995172345,0 -89.18920690679811,15.8321460969802,0 -89.18926866011748,15.83216002523788,0 -89.18937129536475,15.83216742297285,0 -89.18954298337805,15.83214247976309,0 -89.19059948099653,15.83152193764463,0 -89.19063808157206,15.83151678890218,0 -89.19075674862667,15.83129057021877,0 -89.19089805869972,15.83112548328707,0 -89.19095584166783,15.83102526242287,0 -89.19103514572906,15.83080951638152,0 -89.19105224976298,15.83057328105882,0 -89.19088642675625,15.83051193863631,0 -89.19081477781063,15.83034556641553,0 -89.19088398490588,15.83008450315719,0 -89.19104432209548,15.8301910687746,0 -89.19133486813567,15.83024310656562,0 -89.19154370027177,15.83007842644611,0 -89.19165526460988,15.82998560026125,0 -89.19182570239761,15.82984378862062,0 -89.19216841991776,15.82964690435766,0 -89.19220113868306,15.83004560227596,0 -89.19199988765426,15.83024933207835,0 -89.19169183688525,15.83060043205684,0 -89.19150278526298,15.83073592051408,0 -89.19129094478629,15.83075741401013,0 -89.19139429988792,15.8311451523338,0 -89.19140481474277,15.83133877315881,0 -89.19152031208142,15.83162984047941,0 -89.19158652395132,15.83153918969578,0 -89.19166852008738,15.83148998229624,0 -89.19170135011102,15.83148427404748,0 -89.1916292959712,15.83118072708342,0 -89.19163083479141,15.83094163603622,0 -89.1919743150319,15.83056797837538,0 -89.19228097378689,15.83043319849648,0 -89.19249025096073,15.83081018923196,0 -89.19245335754933,15.83106045298043,0 -89.19246583167073,15.83124212522069,0 -89.19306031357893,15.83098553824227,0 -89.19310378785764,15.83050647167259,0 -89.19304717985656,15.83016455853311,0 -89.192882749022,15.8301294105915,0 -89.1932143917218,15.82976706509441,0 -89.19349789293634,15.82957521515024,0 -89.19354713064834,15.82923393951134,0 -89.1934556354021,15.829134283219,0 -89.19344201606279,15.82911944907261,0 -89.19330088781464,15.82911859905652,0 -89.19281782128026,15.82925231768683,0 -89.1923840675217,15.8293825881494,0 -89.19239132171781,15.82912309733527,0 -89.19239313272199,15.82884151323135,0 -89.19227548024389,15.82855920904299,0 -89.19200639178047,15.82840170390295,0 -89.19169994236999,15.8283998560863,0 -89.191465789102,15.82846381416126,0 -89.19106052308116,15.82848148331474,0 -89.19079956323921,15.82834604059857,0 -89.19028030932728,15.82875136566242,0 -89.19018191915237,15.82882816783426,0 -89.19012715833126,15.82887091341733,0 -89.18982165923892,15.82912401531921,0 -89.18982429562337,15.82913946965206,0 -89.18986123362619,15.82929218740865,0 -89.18991376211876,15.8293794830813,0 -89.18994709683027,15.8294576261133,0 -89.18997006873171,15.82951424434831,0 -89.1899719364976,15.82958654940111,0 -89.19008405506499,15.82993288105047,0 -89.19015905246408,15.83006436637297,0 -89.19018546056603,15.8302215388702,0 
							</coordinates>
						</LinearRing>
					</outerBoundaryIs>
				</Polygon>
				<Polygon>
					<outerBoundaryIs>
						<LinearRing>
							<coordinates>
								-89.21227989604095,15.83276551451119,0 -89.21242915987072,15.83287258290322,0 -89.21256829124194,15.83301347901419,0 -89.21269231849456,15.83314411901383,0 -89.21274635795737,15.83327095478592,0 -89.21274642630542,15.83335228628816,0 -89.21263351367116,15.83358544300357,0 -89.21252945597968,15.83389433529761,0 -89.21249921200392,15.83406359551989,0 -89.21250374003452,15.83417771183793,0 -89.21252283196409,15.83429530340835,0 -89.21256541076778,15.83438931283694,0 -89.212681199428,15.83453119996171,0 -89.21278218429639,15.83461538964767,0 -89.21282109429447,15.83464386054993,0 -89.21290775140316,15.83468729960025,0 -89.21305321912254,15.83474916119269,0 -89.21318830702687,15.83479175792855,0 -89.2133141175422,15.83482526275265,0 -89.2134254285008,15.8348451263049,0 -89.21354675051511,15.83485036440294,0 -89.2136780764119,15.83484210658442,0 -89.21378963048224,15.8348235650351,0 -89.21394004025758,15.83474990350258,0 -89.2140835346998,15.83466264566702,0 -89.21419451495485,15.83455034378152,0 -89.2143122842218,15.83437934292597,0 -89.21438680913944,15.83421938164156,0 -89.21444985140245,15.83402998268101,0 -89.21446861596476,15.83392278198683,0 -89.21448826397369,15.83376814335964,0 -89.21450178730505,15.83356715485782,0 -89.21447819126466,15.83342355590265,0 -89.21444481056929,15.83335106369982,0 -89.21443599035968,15.83326968027729,0 -89.21446228442802,15.83307893385792,0 -89.21450716900549,15.83290072320394,0 -89.21450788337116,15.83278776750999,0 -89.2145087263152,15.83265447978962,0 -89.2144594388562,15.8325141173595,0 -89.21431002650118,15.83233814387267,0 -89.21410209025802,15.83209856579588,0 -89.21385782597713,15.83188362332636,0 -89.21368750214467,15.83178546781045,0 -89.21344735547541,15.83165752846885,0 -89.21332260928526,15.83154834702869,0 -89.21309809651666,15.83134707614084,0 -89.21298346884633,15.83120632579073,0 -89.21289981188181,15.83105785196748,0 -89.2128515108174,15.8310383621825,0 -89.21280034995472,15.83100981862669,0 -89.21275086779721,15.83099258100959,0 -89.2126636073761,15.83095252720827,0 -89.21262692439007,15.83094101351658,0 -89.21257041279327,15.83092825253667,0 -89.21252026858224,15.830923436526,0 -89.21244917903118,15.83090945939149,0 -89.2123553223943,15.83089760628592,0 -89.21229121941491,15.83088592977077,0 -89.21206649033969,15.830811171677,0 -89.21195757262016,15.83078228500239,0 -89.21177478448439,15.83071794204207,0 -89.21163921640249,15.83065952738564,0 -89.21153624026556,15.8306137318217,0 -89.21167896054219,15.83022896632678,0 -89.21195108999137,15.82986488992052,0 -89.21229198410528,15.82959824173278,0 -89.21248565206865,15.82945012900569,0 -89.21212451543391,15.82926140758967,0 -89.21173169277834,15.82920683343995,0 -89.21145923284031,15.82962314942703,0 -89.21127393522491,15.82966682737579,0 -89.21097295657729,15.82971728091809,0 -89.2107717204085,15.82984295789749,0 -89.21074494950905,15.83041745804613,0 -89.21077086205725,15.83071354549492,0 -89.21068386100082,15.83088880754341,0 -89.21061401218556,15.83113916311876,0 -89.21052370814648,15.83139504504511,0 -89.2102004267816,15.83131292155766,0 -89.20997417735015,15.83120200515049,0 -89.20979178390471,15.83107553501334,0 -89.20961474171034,15.83093328220352,0 -89.20949194915515,15.83079248161242,0 -89.20942283705499,15.8306508707428,0 -89.20939676062088,15.83053097825802,0 -89.20939735580775,15.83043722520086,0 -89.20943177141744,15.83025443514481,0 -89.20943661531405,15.83013472661558,0 -89.20935283235137,15.83000658362403,0 -89.20918769136969,15.82991975162353,0 -89.20903436442582,15.82990189525917,0 -89.20892394142253,15.82983459184932,0 -89.2088481902173,15.82972795884205,0 -89.20879845304792,15.82956725997415,0 -89.20879926368525,15.82943962028842,0 -89.20880044017231,15.82925437330811,0 -89.20871953932878,15.82885627347539,0 -89.20863387079761,15.82874958138721,0 -89.20853042778525,15.82868570816251,0 -89.20849230382352,15.82862561254634,0 -89.20848410534438,15.82853858473909,0 -89.20855639186708,15.82836392745266,0 -89.20863987269183,15.82826389019824,0 -89.20871488943489,15.82811861862602,0 -89.20870679612973,15.82792315007899,0 -89.20854409110736,15.82782051784059,0 -89.20848744931365,15.82773659045268,0 -89.20848833179353,15.82759765521319,0 -89.20861353459486,15.82745042320164,0 -89.20885419178383,15.82731291498467,0 -89.20917051310965,15.82729559402072,0 -89.20955403940006,15.82726059875411,0 -89.20977502811861,15.82718848915683,0 -89.20997656239921,15.82687227045532,0 -89.2101108615288,15.82676236828946,0 -89.21024502868933,15.82668162079945,0 -89.21029299867266,15.82665275039089,0 -89.21042642756679,15.82658802676698,0 -89.21043755264294,15.82658634510601,0 -89.21042024250228,15.82650202410133,0 -89.21043861400526,15.82639920856024,0 -89.2102743626678,15.82622097303582,0 -89.21018638524488,15.82612324338739,0 -89.20976064470308,15.8262248350964,0 -89.209695403751,15.82624040303799,0 -89.20900897051852,15.82644216926205,0 -89.20838808616232,15.82655283484744,0 -89.20794460738635,15.82663024691187,0 -89.20762476030784,15.82677129287474,0 -89.20745304223517,15.82683888638652,0 -89.20740063031634,15.82680176391731,0 -89.20734720180732,15.8267639213885,0 -89.20718262592708,15.82663714406807,0 -89.20695873310099,15.82655003938315,0 -89.20666276523015,15.82665119996436,0 -89.20666699861084,15.82691425472642,0 -89.20668282633588,15.82721168679528,0 -89.20653342336553,15.82748526172361,0 -89.2063782591827,15.82773593003461,0 -89.20623530741628,15.82792377267989,0 -89.20598687877309,15.82797947140017,0 -89.20580414726822,15.82792120112111,0 -89.20568210222662,15.82779386493692,0 -89.20569548232784,15.82778659855563,0 -89.20573669381139,15.8277281053931,0 -89.20574796523799,15.8276988031249,0 -89.20575355370683,15.82764574542899,0 -89.20575420078741,15.82754408560708,0 -89.20575443085937,15.82750793989237,0 -89.20575013757779,15.82744917526455,0 -89.20576172532829,15.82737017263523,0 -89.20577133282292,15.82732730527947,0 -89.20578095469173,15.82728217881565,0 -89.20579769948847,15.82721789169895,0 -89.20581919049496,15.82714120732887,0 -89.20582250286215,15.82707909927719,0 -89.20581124479961,15.8270146451207,0 -89.20579352629525,15.82695693000667,0 -89.20574130859701,15.82691143466101,0 -89.20568252981668,15.82688849209452,0 -89.20563587285474,15.82688595456522,0 -89.20552731165418,15.82689321406987,0 -89.20541280147094,15.82691851156621,0 -89.20497273123698,15.82712937902309,0 -89.20491306694899,15.82715387400455,0 -89.20485525354897,15.82716256567106,0 -89.20479164219597,15.82716557472919,0 -89.20468890038148,15.82717512773357,0 -89.2045411725815,15.82719457845326,0 -89.20439920671403,15.82722535943773,0 -89.20429225155907,15.8272552198176,0 -89.20418121982688,15.82728392619914,0 -89.20409887509008,15.82729698952677,0 -89.20400428629981,15.82730885008867,0 -89.20390330898275,15.82731615406147,0 -89.20375762645482,15.82728930302794,0 -89.20370468896047,15.82726526523669,0 -89.20367562015672,15.82724927721665,0 -89.20361061148365,15.82719692738776,0 -89.20358986142116,15.82715726755339,0 -89.20358595771691,15.82712900433577,0 -89.20358438037948,15.82710188461438,0 -89.20359450432929,15.82706301812255,0 -89.20319018413649,15.82704521735762,0 -89.20285843336974,15.82704585507492,0 -89.20255407268637,15.82722003008005,0 -89.20215849992583,15.82752974680471,0 -89.20192295064612,15.82772904508041,0 -89.20205820156264,15.82773662916984,0 -89.2021630825962,15.82775758930471,0 -89.20226225227725,15.82775931211058,0 -89.20258069185788,15.82768440416192,0 -89.20269464814724,15.82765458652395,0 -89.20278135067096,15.82759862517957,0 -89.20281295478681,15.82758299980661,0 -89.20291468135635,15.82754972013916,0 -89.20303155449854,15.82751991975337,0 -89.20315410304842,15.82751500432672,0 -89.2035024175007,15.82751256766303,0 -89.20391071348386,15.82752743270543,0 -89.20415707850033,15.82759329128179,0 -89.20422562379899,15.82764001410636,0 -89.20428894018016,15.8276833168955,0 -89.20431530123534,15.82775802765651,0 -89.20457720356158,15.8284488737538,0 -89.20418020896432,15.82879208406464,0 -89.2039545658504,15.82897943105719,0 -89.20399434289683,15.82922554384376,0 -89.20404637007096,15.82940311348403,0 -89.20424886474517,15.83006761420644,0 -89.20427796536043,15.83014716089169,0 -89.2043243355638,15.8302739139647,0 -89.20445161565787,15.83069209013381,0 -89.20454527970517,15.8308241641406,0 -89.20450276900071,15.83100688712289,0 -89.20428806164763,15.83133153222287,0 -89.20420947874842,15.83140667288769,0 -89.20424762421233,15.83151126995227,0 -89.20425404906821,15.83160167597234,0 -89.20426058912712,15.83167400915219,0 -89.2042497350288,15.83172929449218,0 -89.20423122464955,15.8317958300485,0 -89.20420565578453,15.83187136019848,0 -89.20417294201411,15.83196943956768,0 -89.20414750271603,15.8320246377633,0 -89.20406496908608,15.83234156096602,0 -89.20402289903332,15.83244297318241,0 -89.20401303158337,15.83252650427768,0 -89.20401249144571,15.83261122069864,0 -89.20402604672182,15.83268133660171,0 -89.20404843234778,15.83273907971729,0 -89.20413929290896,15.8328548413139,0 -89.20423515927931,15.83291754180234,0 -89.20435319525079,15.8329803746871,0 -89.2044812644458,15.83302519391486,0 -89.2045813588535,15.83306532760694,0 -89.20481910913294,15.83311080170206,0 -89.20494267678562,15.83312961308892,0 -89.20503357352921,15.83314822934481,0 -89.20516147750681,15.83321902790181,0 -89.20526912831325,15.83335522203925,0 -89.20534627579782,15.83342571749884,0 -89.20541367082792,15.8334701740201,0 -89.20545549653541,15.83349866356567,0 -89.2055339548394,15.83354657487382,0 -89.20562820124579,15.83358893240071,0 -89.20583725023123,15.83365230767795,0 -89.20572160129774,15.83286793860518,0 -89.2056970038051,15.83237055021024,0 -89.2059781465839,15.831821230142,0 -89.20652081666678,15.83162288240658,0 -89.20733966717798,15.83165464178474,0 -89.20782364819452,15.83195318291327,0 -89.2085293120992,15.83232023797901,0 -89.20904114552795,15.83260550346165,0 -89.20979008031691,15.83271747161829,0 -89.21022126915895,15.83258564628931,0 -89.21080456064098,15.83254879707484,0 -89.21126325660826,15.83245745005826,0 -89.21173081406999,15.83277693867239,0 -89.21195576337516,15.83272518353799,0 -89.21227989604095,15.83276551451119,0 
							</coordinates>
						</LinearRing>
					</outerBoundaryIs>
				</Polygon>
				<Polygon>
					<outerBoundaryIs>
						<LinearRing>
							<coordinates>
								-89.23399748492226,15.84085510933572,0 -89.23389927730118,15.84086737276536,0 -89.2337345111894,15.84092032561216,0 -89.23389246909811,15.84110866746964,0 -89.23399434913709,15.84135829906779,0 -89.23402697062055,15.84165630656405,0 -89.23404139536126,15.84189515787098,0 -89.23403518645416,15.84199636743032,0 -89.2341899717312,15.84194972573492,0 -89.23450702282412,15.84187752108088,0 -89.23499403176736,15.84173922877415,0 -89.23538966322084,15.84166980687653,0 -89.23625539444676,15.84147161983735,0 -89.23621351301944,15.84131500828574,0 -89.23399770446069,15.84081988000453,0 -89.23399748492226,15.84085510933572,0 
							</coordinates>
						</LinearRing>
					</outerBoundaryIs>
				</Polygon>
				<Polygon>
					<outerBoundaryIs>
						<LinearRing>
							<coordinates>
								-89.20631825472171,15.84332564531517,0 -89.20632113227489,15.84378992607799,0 -89.20633506499435,15.8440757967856,0 -89.20635468686591,15.84420129894541,0 -89.20640059242244,15.84432243958741,0 -89.20644659874452,15.84442776649263,0 -89.20648293836997,15.84449349987448,0 -89.2065495594904,15.84456845071752,0 -89.20662213737182,15.84462423397086,0 -89.20669419658518,15.84466984775128,0 -89.20675649553013,15.84469055218139,0 -89.20693785286238,15.84470631891792,0 -89.20730578269107,15.8447435310212,0 -89.20742010165829,15.84474986076809,0 -89.20751867485116,15.84475496696766,0 -89.20803700409124,15.84481340735042,0 -89.20833445268171,15.84483212407361,0 -89.2087541804411,15.84488997514909,0 -89.20898211325712,15.84492183200326,0 -89.20918113421847,15.84498120975141,0 -89.20926537405713,15.84484337445764,0 -89.20930926445533,15.84427801551019,0 -89.20945327459093,15.84381077337567,0 -89.20979901082855,15.84330572354832,0 -89.21004066183434,15.84332666588201,0 -89.21020085434148,15.84348365236671,0 -89.21066574228151,15.84325236814355,0 -89.21102951849856,15.84307899412098,0 -89.21127867556412,15.84331553311364,0 -89.2116704162879,15.84368743327533,0 -89.21186335514746,15.84395405777229,0 -89.21184457658622,15.84382169134294,0 -89.21185692993119,15.84362182605137,0 -89.21196599113243,15.84344512736515,0 -89.21210752041428,15.84339287722182,0 -89.21227036480742,15.84338367830791,0 -89.21254068034531,15.84344854144767,0 -89.2128755469716,15.84363917290231,0 -89.21304848215065,15.84378704740662,0 -89.21320928358483,15.84400827360608,0 -89.21333766682021,15.84428126876818,0 -89.21339073212216,15.84447022657711,0 -89.21345561277627,15.84454403554088,0 -89.21354196252732,15.84454454805826,0 -89.21369424148786,15.84454545180583,0 -89.21384646632627,15.8444627648824,0 -89.21400997673376,15.84434851605733,0 -89.21416253740347,15.84421273977702,0 -89.21424968073892,15.84408787132528,0 -89.21428341893456,15.84391976133354,0 -89.21437315170533,15.84357011814132,0 -89.21446115962992,15.84330857331313,0 -89.21461438394547,15.84306774792177,0 -89.21471372416843,15.84285936126301,0 -89.21471485342914,15.84268089141508,0 -89.21467444041836,15.84215199974786,0 -89.21467590557155,15.84192044075591,0 -89.21467716343987,15.84172163888555,0 -89.21471090073898,15.84155352873625,0 -89.21480919207544,15.84141855963601,0 -89.21494016279564,15.84128265459556,0 -89.21497336390271,15.84119926109833,0 -89.21497356396343,15.84116763352252,0 -89.21491983326986,15.84108372473331,0 -89.21476886916626,15.84096761076449,0 -89.21460695578509,15.84082996941083,0 -89.21445606353154,15.84070255968762,0 -89.21432695149701,15.84054477987523,0 -89.21424081349953,15.84041888361716,0 -89.21416649717074,15.84017670880669,0 -89.21410305886147,15.83996735685005,0 -89.21405032975363,15.8397253100445,0 -89.21401825106166,15.83963136310807,0 -89.21395402654726,15.83954626228205,0 -89.21381290084391,15.83953525875111,0 -89.21372576954947,15.83956637060308,0 -89.21364959467304,15.83961788019199,0 -89.21357301924118,15.83973264487648,0 -89.21342948691813,15.84019379884292,0 -89.21281989597851,15.8414643669096,0 -89.2124918799592,15.84194249807402,0 -89.21224134533877,15.84225503807539,0 -89.21213829513185,15.84231203536119,0 -89.21203555283189,15.84232046173476,0 -89.21192411626431,15.84231979961993,0 -89.2118475251267,15.84225269826765,0 -89.21176291635111,15.84216182770238,0 -89.21169528144426,15.84197052382229,0 -89.21165368635444,15.84181326260098,0 -89.21155300045299,15.84149750656171,0 -89.21147745576015,15.84126549011847,0 -89.21145299546383,15.84107444279183,0 -89.21147955493386,15.84093453058205,0 -89.21159209392688,15.84076124142851,0 -89.21171248560877,15.84063770115172,0 -89.21185849803102,15.84052222020847,0 -89.2122017354986,15.84031189495253,0 -89.21235090798777,15.84015802608651,0 -89.21250216697783,15.83995107839371,0 -89.21272888139318,15.83971407944186,0 -89.21289089564843,15.83955915678513,0 -89.21297744691731,15.83943541479497,0 -89.21318356057884,15.83904240844722,0 -89.2133024646464,15.83887706316947,0 -89.21343179561249,15.83881570272366,0 -89.21360345211866,15.83879638845302,0 -89.21372143324892,15.83877675562674,0 -89.21383987912159,15.83868370159246,0 -89.21391521561674,15.83858022540214,0 -89.21401291528235,15.83844638265512,0 -89.21469214161516,15.83778620593798,0 -89.21512683812345,15.83741262572566,0 -89.21532835229701,15.8371924182639,0 -89.21554835706932,15.83700056008978,0 -89.21569211671383,15.83687150766325,0 -89.2158455516628,15.83678091880364,0 -89.21602694079098,15.83669840254208,0 -89.21629379314221,15.8366638352438,0 -89.21648398881261,15.83666496108652,0 -89.21676053101096,15.8366665977506,0 -89.21696992260514,15.83667687356021,0 -89.21725533616873,15.83675198607927,0 -89.21748339628896,15.83685499903294,0 -89.21786224875503,15.83710123301973,0 -89.21823466312142,15.83735081714592,0 -89.21876764152437,15.8375821462707,0 -89.21904810727689,15.83723927511805,0 -89.21901601892625,15.83723908555963,0 -89.21896240795668,15.83722860244331,0 -89.21892001736157,15.83719672319336,0 -89.21892020963374,15.83716622511529,0 -89.2189207294786,15.83708376734806,0 -89.21892144871097,15.83696968194309,0 -89.21892216793749,15.83685559653693,0 -89.21892314351261,15.83670084702359,0 -89.21888166453257,15.83652438428609,0 -89.21886085411013,15.83640113487837,0 -89.21886157334349,15.83628704946892,0 -89.21889438075142,15.83617315362698,0 -89.21896951440738,15.83610130303771,0 -89.21907744774725,15.83600931334878,0 -89.21937778911294,15.83584503586843,0 -89.21948585736862,15.83573158433223,0 -89.21953973149344,15.83560764634187,0 -89.21999352521054,15.83488625097858,0 -89.22005834854599,15.83478383985978,0 -89.22010172052275,15.83465983969677,0 -89.22010243897645,15.83454575421348,0 -89.22010295825123,15.83446329638822,0 -89.22007146074492,15.83436935360071,0 -89.22007191600537,15.83429706180833,0 -89.22009421373819,15.83418423327443,0 -89.22019132379441,15.83405038378996,0 -89.2204058353153,15.83389576451898,0 -89.2210920010538,15.83361063373944,0 -89.22093156957776,15.83343256173313,0 -89.22055376659783,15.83316258100843,0 -89.22039351546678,15.83307446044366,0 -89.22027201323408,15.83296166120659,0 -89.22013074470128,15.83292346685207,0 -89.22018384720235,15.83266225466101,0 -89.22017898338648,15.83241315401741,0 -89.22012889978494,15.83219492054168,0 -89.22012326665774,15.83200895094941,0 -89.2195550536032,15.83254916513284,0 -89.21899780794151,15.83362878944961,0 -89.21798020891275,15.83449942162049,0 -89.21740779673907,15.835166412447,0 -89.21715661249436,15.83557746534052,0 -89.21690796075669,15.83577248534052,0 -89.21653483565561,15.83628183330138,0 -89.21571529696455,15.83635371460843,0 -89.21473642253916,15.83655253736734,0 -89.21394411309296,15.83649668437138,0 -89.21326072760095,15.8359299194806,0 -89.21255238328142,15.83513280461031,0 -89.21251869894557,15.83467143512748,0 -89.21241887384488,15.83458838180855,0 -89.21234213121589,15.83445350397657,0 -89.21230571585896,15.83430756958435,0 -89.2122955112449,15.83416856840381,0 -89.21230177445496,15.83391670516504,0 -89.21233137074282,15.83375760751769,0 -89.21239548134177,15.83358402998857,0 -89.21248875526892,15.83341175515277,0 -89.2125037197882,15.83335197526736,0 -89.2124674547061,15.83318232021801,0 -89.21236796662734,15.83304617778997,0 -89.21221928612351,15.83293911281429,0 -89.2120897366498,15.83285136451825,0 -89.21178495305749,15.83288796085639,0 -89.21145966033265,15.83303061713919,0 -89.21127929663166,15.83313572775439,0 -89.21099786968021,15.83335319738936,0 -89.21088520273537,15.83345532116786,0 -89.21063952789599,15.8336470220241,0 -89.21034937274713,15.8339525474353,0 -89.21078909645396,15.83398067392304,0 -89.21165029191025,15.83426426710485,0 -89.21202683359068,15.83457429253051,0 -89.21220590982108,15.83498574120478,0 -89.2118848169243,15.83548215914784,0 -89.21153242061771,15.83613961321884,0 -89.21121020869431,15.83681190252931,0 -89.2105323555773,15.83626557836091,0 -89.21009646359171,15.83576466145275,0 -89.20968973659255,15.83543979655575,0 -89.20950778028981,15.83548268366604,0 -89.20886762714034,15.83615307685513,0 -89.20829063766612,15.83641345944626,0 -89.20708629264428,15.83771071853664,0 -89.20682630245298,15.83811955254,0 -89.20679341074533,15.83852974074414,0 -89.20654809230797,15.83901194469362,0 -89.20655940691633,15.83961293206643,0 -89.2065193290849,15.84115163394747,0 -89.20677046071498,15.84213512304724,0 -89.20622502630968,15.84220880083887,0 -89.20624180216372,15.84232097893702,0 -89.20628002480024,15.84282387690982,0 -89.20631825472171,15.84332564531517,0 
							</coordinates>
						</LinearRing>
					</outerBoundaryIs>
				</Polygon>
				<Polygon>
					<outerBoundaryIs>
						<LinearRing>
							<coordinates>
								-89.21252384868004,15.84553093918485,0 -89.21252386568929,15.84553105405292,0 -89.21252413383699,15.84553116679814,0 -89.21288683477854,15.84568408521168,0 -89.21357063765103,15.84588318669752,0 -89.21405356645811,15.84587634164894,0 -89.21459516442984,15.84580208748049,0 -89.2149726480388,15.84560837495905,0 -89.2153680209701,15.84523070557777,0 -89.21595552317488,15.84472707753245,0 -89.21682583505884,15.84410809741068,0 -89.21781912112722,15.84315826904177,0 -89.21897554985706,15.8418973326025,0 -89.22017336514693,15.84046109415595,0 -89.22070260957277,15.83960603191995,0 -89.22137116321183,15.83902484855881,0 -89.22198811840515,15.83868679425446,0 -89.22272528384859,15.83821322059038,0 -89.22251699999083,15.83821199355736,0 -89.22113678572812,15.83789773549816,0 -89.22101789461499,15.83787670143529,0 -89.22094198513417,15.83788642008523,0 -89.22086515801689,15.8379492245503,0 -89.2208106934029,15.83807428897522,0 -89.22062401889113,15.83844030795874,0 -89.22041655350532,15.83867968872301,0 -89.22023145713777,15.83879494518945,0 -89.22012281121577,15.83881463670774,0 -89.21991679662329,15.83882358693618,0 -89.2197324970259,15.83881233237695,0 -89.21961315740562,15.83876983245827,0 -89.2194947358484,15.83867424667142,0 -89.21935440042144,15.83853786577697,0 -89.21921491917539,15.83835856502885,0 -89.21907479065565,15.83818942678552,0 -89.21895649787727,15.83807350869257,0 -89.21882698480935,15.83797898665503,0 -89.21869714421695,15.83793642422886,0 -89.21852393779541,15.83792410465079,0 -89.2184370072623,15.83792359087709,0 -89.21831765341209,15.83797597662967,0 -89.21811719425142,15.83821426686319,0 -89.21798602809179,15.83838180178592,0 -89.21782344319227,15.83844296842491,0 -89.21766046725303,15.83847363342456,0 -89.21753036286005,15.83847286393114,0 -89.2174002584742,15.83847209435971,0 -89.21729214024701,15.83840819718999,0 -89.2172166868887,15.83834562282257,0 -89.2171739768106,15.83827194615617,0 -89.2171101591635,15.83802983423761,0 -89.21703570447789,15.83780912176385,0 -89.21692844261592,15.83760967754152,0 -89.21685306098533,15.83753580749828,0 -89.21676724196492,15.83745170926771,0 -89.21649654883927,15.83735522079639,0 -89.21632340740396,15.83733273349031,0 -89.21623620602378,15.83737514202833,0 -89.21619224047713,15.83750026727351,0 -89.21619018514026,15.83782557974347,0 -89.21628404194345,15.83839206473596,0 -89.2162832497977,15.8385174455792,0 -89.21618251835902,15.83876197223228,0 -89.21611695841587,15.83888809916029,0 -89.2160078482233,15.83898120978609,0 -89.21587760794966,15.83900190085849,0 -89.21572591644184,15.8390010024075,0 -89.2154874940026,15.83896796127167,0 -89.21526002109887,15.83895644713919,0 -89.2150755933707,15.83896552064877,0 -89.2149776964377,15.839038364393,0 -89.21486831418549,15.83917439754434,0 -89.21472553088573,15.83942545170078,0 -89.21465951248123,15.83962386970132,0 -89.21464716958251,15.8398226058906,0 -89.21464610479327,15.83999090977438,0 -89.21471032005481,15.84016976705322,0 -89.21497917491872,15.84046505640834,0 -89.21551875154427,15.84103757173392,0 -89.2157664214738,15.84126947718726,0 -89.21587387658246,15.84143842394808,0 -89.21592727219604,15.84157542169746,0 -89.21592667958161,15.84166917490011,0 -89.21590436413801,15.84178426181101,0 -89.21586007084164,15.84186871935999,0 -89.21540168014283,15.84220488317741,0 -89.21525909508107,15.84242430993234,0 -89.21521452748361,15.84264431752133,0 -89.21521300571789,15.84288491299663,0 -89.21524323736872,15.84317878779777,0 -89.21529399430005,15.84354846734266,0 -89.21536871298697,15.84372738673769,0 -89.21537900540696,15.84385283317168,0 -89.21537847674659,15.8439364203288,0 -89.21533470184379,15.84403104716625,0 -89.21517092799478,15.84418709064246,0 -89.21496424345931,15.84430108444446,0 -89.21473589978879,15.84442624558537,0 -89.21451772898924,15.84460342831073,0 -89.21433256680474,15.84472771547629,0 -89.21402824567402,15.84487275788678,0 -89.21384354791599,15.8449236234907,0 -89.2136158682755,15.84494373469965,0 -89.21333348070038,15.84494205855685,0 -89.21303008912837,15.84494025733255,0 -89.21281304748926,15.844938968504,0 -89.21256431735573,15.84487423378519,0 -89.21236665833663,15.8447677757532,0 -89.2124284968471,15.84488169203494,0 -89.21252384868004,15.84553093918485,0 
							</coordinates>
						</LinearRing>
					</outerBoundaryIs>
				</Polygon>
			</MultiGeometry>
		</Placemark>
		<Placemark id="ID_00009">
			<name>GT12-MDT</name>
			<Snippet maxLines="0"></Snippet>
			<description><![CDATA[<html xmlns:fo="http://www.w3.org/1999/XSL/Format" xmlns:msxsl="urn:schemas-microsoft-com:xslt">

<head>

<META http-equiv="Content-Type" content="text/html">

<meta http-equiv="content-type" content="text/html; charset=UTF-8">

</head>

<body style="margin:0px 0px 0px 0px;overflow:auto;background:#FFFFFF;">

<table style="font-family:Arial,Verdana,Times;font-size:12px;text-align:left;width:100%;border-collapse:collapse;padding:3px 3px 3px 3px">

<tr style="text-align:center;font-weight:bold;background:#9CBCE2">

<td>GT12-MDT</td>

</tr>

<tr>

<td>

<table style="font-family:Arial,Verdana,Times;font-size:12px;text-align:left;width:100%;border-spacing:0px; padding:3px 3px 3px 3px">

<tr>

<td>FID</td>

<td>9</td>

</tr>

<tr bgcolor="#D4E4F3">

<td>Name</td>

<td>Madre Tierra</td>

</tr>

<tr>

<td>CODE</td>

<td>GT12-MDT</td>

</tr>

<tr bgcolor="#D4E4F3">

<td>INSTANCE</td>

<td>Madre Tierra</td>

</tr>

<tr>

<td>STATUS</td>

<td>Active</td>

</tr>

<tr bgcolor="#D4E4F3">

<td>PROJECT</td>

<td>1538</td>

</tr>

<tr>

<td>USE</td>

<td>Rubber</td>

</tr>

<tr bgcolor="#D4E4F3">

<td>HAS</td>

<td>126.75</td>

</tr>

</table>

</td>

</tr>

</table>

</body>

</html>]]></description>
			<styleUrl>#PolyStyle0040</styleUrl>
			<MultiGeometry>
				<Polygon>
					<outerBoundaryIs>
						<LinearRing>
							<coordinates>
								-91.07585599999999,14.34691900000007,0 -91.076215,14.34694200000007,0 -91.07620619099998,14.34676325100003,0 -91.07620968699996,14.34659697700005,0 -91.07622086699996,14.34636952800003,0 -91.07619270099997,14.34608675200008,0 -91.07612160599994,14.34588052500005,0 -91.07605056899996,14.34569723100004,0 -91.07602690499995,14.34564186700004,0 -91.075958191,14.34559998900005,0 -91.07583260599995,14.34554869400006,0 -91.07577369199997,14.34550679300003,0 -91.07575304099997,14.34543824400003,0 -91.07550899999998,14.34540500000002,0 -91.07535599999993,14.34568500000006,0 -91.07535599999994,14.34604500000006,0 -91.07536899999994,14.34619600000008,0 -91.07531399999993,14.34657600000003,0 -91.07534999999997,14.34675300000003,0 -91.07541999999995,14.34688300000006,0 -91.07554199999998,14.34687700000007,0 -91.07585599999999,14.34691900000007,0 
							</coordinates>
						</LinearRing>
					</outerBoundaryIs>
				</Polygon>
				<Polygon>
					<outerBoundaryIs>
						<LinearRing>
							<coordinates>
								-91.07269299999996,14.34648500000004,0 -91.07278099999996,14.34659900000003,0 -91.07284099999998,14.34666300000004,0 -91.07284099999998,14.34679800000004,0 -91.07279699999998,14.34688600000005,0 -91.07273999999994,14.34706400000004,0 -91.07266100000001,14.34706700000004,0 -91.07262299999995,14.34714600000007,0 -91.07267699999994,14.34719800000005,0 -91.072772,14.34733900000003,0 -91.07288899999999,14.34754400000004,0 -91.07301499999994,14.34772500000002,0 -91.07318899999997,14.34794500000005,0 -91.07329599999997,14.34801900000002,0 -91.07345099999998,14.34799100000004,0 -91.07346099999995,14.34795400000008,0 -91.07336899999996,14.34788100000004,0 -91.07331799999997,14.34774900000001,0 -91.07329999999997,14.34760200000005,0 -91.07332499999995,14.34735300000005,0 -91.07338999999997,14.34714000000002,0 -91.07345199999999,14.34686700000004,0 -91.07350899999993,14.34659100000004,0 -91.07351999999997,14.34638800000006,0 -91.07349499999998,14.34629000000006,0 -91.07333999999997,14.34603100000004,0 -91.07298599999993,14.34557600000005,0 -91.07264199999997,14.34515600000003,0 -91.07254599999997,14.34524600000004,0 -91.07247199999995,14.34530800000004,0 -91.07241899999997,14.34544300000005,0 -91.07240999999998,14.34554600000007,0 -91.07246399999997,14.34555000000006,0 -91.07254799999998,14.34553800000004,0 -91.07261099999994,14.34559500000006,0 -91.07272399999994,14.34576500000003,0 -91.07287099999995,14.34596400000003,0 -91.07303399999995,14.34619500000003,0 -91.07303399999995,14.34627100000005,0 -91.07300599999998,14.34634100000005,0 -91.07295499999999,14.34637500000002,0 -91.07290499999999,14.34638100000007,0 -91.07281299999993,14.34638100000006,0 -91.072706,14.34636000000007,0 -91.07266099999998,14.34637500000002,0 -91.07269299999996,14.34648500000004,0 
							</coordinates>
						</LinearRing>
					</outerBoundaryIs>
				</Polygon>
				<Polygon>
					<outerBoundaryIs>
						<LinearRing>
							<coordinates>
								-91.07279199999995,14.34525800000005,0 -91.07307099999997,14.34556600000009,0 -91.07323899999997,14.34579000000003,0 -91.07352099999997,14.34621500000002,0 -91.07357799999994,14.34636400000005,0 -91.07357499999996,14.34659400000004,0 -91.07348399999994,14.34705300000008,0 -91.07336399999997,14.34749300000005,0 -91.07337399999994,14.34779700000008,0 -91.07348799999994,14.34793600000007,0 -91.07361499999995,14.34799500000004,0 -91.07388499999993,14.34803700000004,0 -91.07422899999995,14.34813100000002,0 -91.07453699999996,14.34829200000007,0 -91.07480399999996,14.34841200000006,0 -91.07501699999993,14.34844800000007,0 -91.07480599999998,14.34813700000006,0 -91.07478999999996,14.34799300000003,0 -91.07475099999994,14.34779600000007,0 -91.07462199999996,14.34764500000006,0 -91.07453499999997,14.34757700000005,0 -91.07452099999995,14.34741200000007,0 -91.07453899999996,14.34724700000003,0 -91.07450099999994,14.34708100000005,0 -91.07443299999994,14.34699300000006,0 -91.07431199999996,14.34694400000007,0 -91.07422699999996,14.34681300000005,0 -91.07423699999998,14.34670600000003,0 -91.07413399999996,14.34661700000003,0 -91.07408799999997,14.34649300000006,0 -91.07409099999995,14.34637200000003,0 -91.07415899999995,14.34630000000004,0 -91.07413799999996,14.34621700000003,0 -91.07404499999994,14.34606200000008,0 -91.07400599999994,14.34585100000004,0 -91.07391699999992,14.34571300000005,0 -91.07375999999995,14.34555500000005,0 -91.07358299999999,14.34531700000002,0 -91.07340099999998,14.34525100000007,0 -91.07309499999998,14.34519300000005,0 -91.07274599999994,14.34516200000008,0 -91.07279199999995,14.34525800000005,0 
							</coordinates>
						</LinearRing>
					</outerBoundaryIs>
				</Polygon>
				<Polygon>
					<outerBoundaryIs>
						<LinearRing>
							<coordinates>
								-91.07378799999999,14.34544400000005,0 -91.07383699999998,14.34552500000006,0 -91.07391299999993,14.34560600000004,0 -91.07400799999995,14.34574600000007,0 -91.07411799999993,14.34583800000007,0 -91.07413699999995,14.34601400000003,0 -91.07418599999994,14.34604400000007,0 -91.07425099999993,14.34611000000006,0 -91.07425099999993,14.34620700000006,0 -91.07424699999997,14.34634100000006,0 -91.07422299999996,14.34651900000006,0 -91.07428899999998,14.34660300000007,0 -91.07430299999999,14.34675800000002,0 -91.07435499999998,14.34680500000008,0 -91.07449699999994,14.34689900000006,0 -91.07456999999994,14.34694300000006,0 -91.07462599999998,14.34714100000003,0 -91.07463299999996,14.34727200000003,0 -91.07461499999995,14.34742000000006,0 -91.074619,14.34754800000007,0 -91.07471899999997,14.34761200000002,0 -91.07482699999996,14.34774000000005,0 -91.07488599999995,14.34794800000003,0 -91.07488899999997,14.34814700000005,0 -91.07498599999997,14.34830100000005,0 -91.07507999999996,14.34844900000006,0 -91.07512899999995,14.34843600000005,0 -91.07515299999994,14.34831500000006,0 -91.07517699999994,14.34816300000006,0 -91.07518799999997,14.34795500000006,0 -91.075205,14.34768900000006,0 -91.07525899999996,14.34743500000007,0 -91.07536199999997,14.34698200000002,0 -91.07534499999997,14.34693900000008,0 -91.07529299999999,14.34681900000005,0 -91.07520799999995,14.34663700000005,0 -91.07521799999996,14.34649200000007,0 -91.07525899999996,14.34632600000004,0 -91.07531099999994,14.34611400000006,0 -91.07529299999999,14.34592200000003,0 -91.07530699999995,14.34569700000003,0 -91.07537899999993,14.34556500000003,0 -91.07542999999997,14.34542900000002,0 -91.07509899999997,14.34539000000008,0 -91.07469599999997,14.34532700000006,0 -91.07437799999997,14.34534700000007,0 -91.07407099999995,14.34530700000004,0 -91.07386599999995,14.34529700000007,0 -91.07381399999998,14.34533800000003,0 -91.07378799999999,14.34544400000005,0 
							</coordinates>
						</LinearRing>
					</outerBoundaryIs>
				</Polygon>
				<Polygon>
					<outerBoundaryIs>
						<LinearRing>
							<coordinates>
								-91.07625999999999,14.34872700000005,0 -91.07645199999999,14.34872300000007,0 -91.07663399999993,14.34870900000005,0 -91.07687200000001,14.34869100000003,0 -91.07702899999998,14.34869100000003,0 -91.07732055499997,14.34867460000003,0 -91.07734899999998,14.34867300000007,0 -91.07737699999998,14.34864600000003,0 -91.07735299999995,14.34860500000008,0 -91.07729299999994,14.34857800000003,0 -91.07715999999994,14.34856000000008,0 -91.07715391299996,14.34855890700003,0 -91.07704299999995,14.34853900000007,0 -91.07696599999997,14.34850100000005,0 -91.07694199999997,14.34846000000004,0 -91.07689799999997,14.34835600000002,0 -91.07693499999993,14.34827000000007,0 -91.07693829099998,14.34826803500004,0 -91.07706399999994,14.34819300000004,0 -91.07702199999994,14.34808200000004,0 -91.07695099999994,14.34798800000005,0 -91.07694406299998,14.34797982500005,0 -91.07686699999992,14.34788900000006,0 -91.07677899999999,14.34778300000004,0 -91.07669699999997,14.34768200000008,0 -91.07662699999997,14.34760200000006,0 -91.07662699999997,14.34756300000004,0 -91.07667199999997,14.34745500000003,0 -91.07668233799996,14.34742617900002,0 -91.07670499999995,14.34736300000004,0 -91.07669699999997,14.34724200000004,0 -91.07663699999995,14.34723000000003,0 -91.07654637499996,14.34721210600003,0 -91.07647999999995,14.34719900000004,0 -91.07637799999995,14.34715100000005,0 -91.07623599999994,14.34696500000007,0 -91.07591699999995,14.34693600000003,0 -91.07559399999998,14.34691200000003,0 -91.07547099999994,14.34691300000004,0 -91.07552899999995,14.34702000000004,0 -91.07560199999993,14.34714400000008,0 -91.075656,14.34731100000004,0 -91.07572299999998,14.34756000000004,0 -91.07583299999999,14.34773600000004,0 -91.07597499999997,14.34790800000008,0 -91.07609699999995,14.34804200000008,0 -91.07615099999995,14.34817500000003,0 -91.07622099999998,14.34835400000003,0 -91.07626999999997,14.34854400000006,0 -91.07625999999999,14.34872700000005,0 
							</coordinates>
						</LinearRing>
					</outerBoundaryIs>
				</Polygon>
				<Polygon>
					<outerBoundaryIs>
						<LinearRing>
							<coordinates>
								-91.07559099999996,14.34872900000006,0 -91.07571099999997,14.34873900000002,0 -91.07587799999999,14.34873100000005,0 -91.07599699999997,14.34871600000001,0 -91.07612899999998,14.34872900000004,0 -91.07616399999993,14.34872100000007,0 -91.07619399999997,14.34854300000006,0 -91.07616099999994,14.34837100000004,0 -91.07605599999994,14.34812500000004,0 -91.07593399999998,14.34793000000008,0 -91.07579099999997,14.34773800000005,0 -91.07568399999997,14.34761100000003,0 -91.07562299999994,14.34742300000005,0 -91.07553599999993,14.34711700000003,0 -91.07543399999999,14.34697400000005,0 -91.075408,14.34698700000006,0 -91.07537499999997,14.34708100000006,0 -91.07531199999997,14.34735500000005,0 -91.07525899999996,14.34763200000004,0 -91.07522499999997,14.34792000000005,0 -91.07521599999995,14.34816300000005,0 -91.07516999999997,14.34847000000007,0 -91.07519199999997,14.34858600000007,0 -91.07524599999996,14.34863800000006,0 -91.07525299999998,14.34864300000005,0 -91.07538499999998,14.34868900000005,0 -91.07559099999996,14.34872900000006,0 
							</coordinates>
						</LinearRing>
					</outerBoundaryIs>
				</Polygon>
				<Polygon>
					<outerBoundaryIs>
						<LinearRing>
							<coordinates>
								-91.07080299999996,14.34845000000007,0 -91.07077899999994,14.34853600000003,0 -91.07073799999995,14.34865000000008,0 -91.07068999999997,14.34871600000003,0 -91.07063799999996,14.34876400000008,0 -91.07057199999998,14.34877300000004,0 -91.07048299999997,14.34878100000002,0 -91.07046799999996,14.34880800000008,0 -91.07045899999996,14.34885100000003,0 -91.07051399999993,14.34889300000004,0 -91.07058499999994,14.34891800000003,0 -91.07062899999995,14.34895200000006,0 -91.07062899999994,14.34901700000006,0 -91.07060099999997,14.34904900000004,0 -91.070542,14.34907800000007,0 -91.07046399999994,14.34911900000003,0 -91.07030699999996,14.34920100000005,0 -91.07021799999997,14.34926200000007,0 -91.07012599999997,14.34930900000007,0 -91.07004099999993,14.34942400000005,0 -91.06994899999997,14.34959900000007,0 -91.06989799999995,14.34978700000005,0 -91.06986099999996,14.34983500000004,0 -91.06978799999996,14.34992700000004,0 -91.06967699999996,14.35002300000002,0 -91.06954299999995,14.35014000000007,0 -91.06947599999995,14.35018700000007,0 -91.069401,14.35020700000006,0 -91.06937699999996,14.35027200000007,0 -91.06934499999994,14.35038300000003,0 -91.06934199999995,14.35048400000005,0 -91.06932299999994,14.35050900000004,0 -91.06925999999999,14.35053000000004,0 -91.06919799999999,14.35053600000004,0 -91.06915399999995,14.35056300000003,0 -91.06914799999998,14.35062400000005,0 -91.06916699999996,14.35072700000005,0 -91.06919600000001,14.35083800000006,0 -91.06915799999997,14.35090800000005,0 -91.06904399999998,14.35102900000004,0 -91.06894799999998,14.35111600000005,0 -91.06884699999993,14.35119900000007,0 -91.06875399999998,14.35123600000002,0 -91.06862299999995,14.35126500000008,0 -91.06849199999995,14.35132400000004,0 -91.06839799999995,14.35143100000004,0 -91.06837599999994,14.35163400000005,0 -91.06835599999997,14.35192000000007,0 -91.06830099999995,14.35246300000006,0 -91.06844999999997,14.35248400000006,0 -91.06871599999994,14.35251100000005,0 -91.06906399999998,14.35255300000006,0 -91.06931799999997,14.35256600000002,0 -91.06954299999994,14.35259100000008,0 -91.06969099999996,14.35220000000004,0 -91.07003899999995,14.35124900000005,0 -91.07050699999998,14.34992900000004,0 -91.07094699999999,14.34881900000005,0 -91.07108699999999,14.34842100000003,0 -91.07113099999999,14.34837500000003,0 -91.07116399999997,14.34839600000004,0 -91.07119799999998,14.34843200000006,0 -91.07123099999995,14.34843600000006,0 -91.07128999999999,14.34828800000002,0 -91.07139799999997,14.34812300000005,0 -91.07158199999998,14.34792500000004,0 -91.071736,14.34778800000004,0 -91.07178599999997,14.34780100000007,0 -91.07184700000001,14.34782800000005,0 -91.07189499999997,14.34788400000003,0 -91.07192999999995,14.34795000000002,0 -91.07194499999997,14.34804000000003,0 -91.07197699999995,14.34808400000004,0 -91.07202599999994,14.34808800000007,0 -91.07211499999993,14.34810000000005,0 -91.07218399999992,14.34810900000002,0 -91.07224999999993,14.34800500000006,0 -91.07221599999997,14.34798100000007,0 -91.07216699999998,14.34796700000004,0 -91.07214499999998,14.34795900000007,0 -91.07212699999994,14.34788400000002,0 -91.07215699999993,14.34776500000004,0 -91.07224599999996,14.34768900000006,0 -91.07237199999997,14.34757000000007,0 -91.07249199999995,14.34744600000005,0 -91.07255799999996,14.34742400000005,0 -91.07264199999997,14.34739700000005,0 -91.07264799999997,14.34735300000005,0 -91.07264799999997,14.34730200000007,0 -91.07261699999998,14.34726100000006,0 -91.07253299999995,14.34718400000002,0 -91.07247699999992,14.34714800000007,0 -91.07238399999997,14.34718000000004,0 -91.07230999999996,14.34722300000004,0 -91.07223399999998,14.34722600000003,0 -91.07217299999995,14.34722600000004,0 -91.07212799999999,14.34723800000006,0 -91.07209999999996,14.34724700000004,0 -91.07209199999994,14.34729300000004,0 -91.07209699999999,14.34734000000003,0 -91.07204699999994,14.34740900000002,0 -91.07195799999992,14.34748300000006,0 -91.07175699999999,14.34750300000008,0 -91.07154199999998,14.34758800000004,0 -91.07136299999996,14.34768400000007,0 -91.07133099999999,14.34780400000006,0 -91.07122599999998,14.34795500000007,0 -91.07105799999992,14.34818100000006,0 -91.07103099999996,14.34822100000003,0 -91.07101399999998,14.34826600000002,0 -91.07097899999997,14.34831900000006,0 -91.07090899999997,14.34834100000007,0 -91.07084199999998,14.34836800000006,0 -91.07080299999996,14.34845000000007,0 
							</coordinates>
						</LinearRing>
					</outerBoundaryIs>
				</Polygon>
				<Polygon>
					<outerBoundaryIs>
						<LinearRing>
							<coordinates>
								-91.07028499999996,14.35064400000005,0 -91.07011399999998,14.35115500000007,0 -91.06986299999996,14.35188300000004,0 -91.06968199999994,14.35231600000004,0 -91.06965799999996,14.35248600000006,0 -91.06962899999995,14.35258600000004,0 -91.06976199999998,14.35260700000004,0 -91.07003999999996,14.35264300000005,0 -91.07022699999997,14.35267500000005,0 -91.07030799999994,14.35274600000003,0 -91.07042399999996,14.35283000000004,0 -91.07046399999996,14.35279600000006,0 -91.07050499999997,14.35271900000003,0 -91.07048899999995,14.35264700000004,0 -91.07037399999996,14.35261200000002,0 -91.07031499999994,14.35248000000008,0 -91.07031799999999,14.35225800000007,0 -91.07037199999996,14.35210100000007,0 -91.07041899999996,14.35198400000008,0 -91.07046499999996,14.35175100000003,0 -91.07048999999994,14.35172900000002,0 -91.07060299999995,14.35166200000003,0 -91.07065699999998,14.35164300000002,0 -91.07064699999995,14.35152400000005,0 -91.07063999999997,14.35135000000003,0 -91.07051699999995,14.35130700000007,0 -91.07032099999998,14.35128000000003,0 -91.07025299999998,14.35119300000002,0 -91.07027799999997,14.35107600000004,0 -91.07041999999996,14.35100100000006,0 -91.07051999999999,14.35097900000005,0 -91.070566,14.35095000000007,0 -91.07059,14.35092200000002,0 -91.07058099999996,14.35077600000006,0 -91.07056700000001,14.35054500000008,0 -91.07052999999996,14.35053500000003,0 -91.07048199999994,14.35052100000007,0 -91.07045399999997,14.35049300000004,0 -91.07042699999994,14.35046200000004,0 -91.07040799999999,14.35042500000002,0 -91.07042099999995,14.35038000000004,0 -91.07043499999997,14.35035500000004,0 -91.07047499999999,14.35033100000003,0 -91.07048799999994,14.35030000000006,0 -91.07050599999998,14.35021000000007,0 -91.07052099999997,14.35016700000006,0 -91.07057699999997,14.35003600000005,0 -91.07060499999996,14.35001800000003,0 -91.07063799999996,14.35002000000002,0 -91.07070399999998,14.35003100000006,0 -91.07076299999994,14.35004200000003,0 -91.07081999999998,14.35010300000005,0 -91.07092299999995,14.35019000000006,0 -91.07097399999996,14.35014500000005,0 -91.07105299999995,14.35006200000003,0 -91.07109399999996,14.35000700000006,0 -91.07104899999996,14.34995400000002,0 -91.07104299999999,14.34989800000006,0 -91.07106499999999,14.34984600000006,0 -91.07116199999996,14.34970500000003,0 -91.07117799999997,14.34966900000006,0 -91.07120999999994,14.34951500000005,0 -91.07122699999996,14.34940200000005,0 -91.07116499999995,14.34933400000007,0 -91.07108399999998,14.34931000000007,0 -91.07103599999995,14.34928400000007,0 -91.07100799999995,14.34924100000008,0 -91.07098899999993,14.34920400000005,0 -91.07099699999998,14.34913300000005,0 -91.07099299999999,14.34907000000005,0 -91.07108699999999,14.34896200000003,0 -91.07111099999997,14.34887800000007,0 -91.07111299999995,14.34878900000006,0 -91.07113199999998,14.34869400000003,0 -91.07120499999996,14.34867900000007,0 -91.07130900000001,14.34867200000002,0 -91.07136599999995,14.34869800000007,0 -91.071423,14.34872300000006,0 -91.07145899999995,14.34867000000003,0 -91.07149099999998,14.34859800000004,0 -91.07131799999998,14.34853200000004,0 -91.07124099999997,14.34850300000005,0 -91.07124499999998,14.34847800000006,0 -91.07123699999995,14.34846600000003,0 -91.07119899999998,14.34845000000007,0 -91.07116799999993,14.34843300000006,0 -91.07114599999996,14.34841500000005,0 -91.07112399999995,14.34843400000007,0 -91.07089299999996,14.34905000000003,0 -91.07028499999996,14.35064400000005,0 
							</coordinates>
						</LinearRing>
					</outerBoundaryIs>
				</Polygon>
				<Polygon>
					<outerBoundaryIs>
						<LinearRing>
							<coordinates>
								-91.07039299999998,14.35221000000008,0 -91.07040299999994,14.35233600000004,0 -91.07042699999994,14.35239000000006,0 -91.07052599999997,14.35255900000006,0 -91.07053799999994,14.35256500000002,0 -91.07054799999997,14.35257100000006,0 -91.07064399999996,14.35264300000005,0 -91.07070899999997,14.35275100000008,0 -91.07062799999996,14.35297300000008,0 -91.07065299999992,14.35299100000004,0 -91.07077399999999,14.35302100000007,0 -91.07095699999998,14.35298200000006,0 -91.07128299999994,14.35288300000008,0 -91.07157799999996,14.35279000000003,0 -91.07198399999999,14.35267200000003,0 -91.07219199999997,14.35261000000004,0 -91.07246099999998,14.35252000000002,0 -91.07261799999998,14.35246800000005,0 -91.07267399999994,14.35238800000008,0 -91.07268999999997,14.35229800000008,0 -91.07271399999995,14.35214000000008,0 -91.07271599999996,14.35206300000004,0 -91.07274599999992,14.35204700000003,0 -91.07279099999995,14.35204200000005,0 -91.07288699999999,14.35203500000005,0 -91.07305999999994,14.35203500000005,0 -91.07326199999996,14.35203200000007,0 -91.07334999999996,14.35200100000004,0 -91.07339799999993,14.35192400000006,0 -91.07352599999996,14.35161900000004,0 -91.07367499999999,14.35127600000005,0 -91.07374299999998,14.35113800000006,0 -91.07381699999996,14.35109700000003,0 -91.07391699999992,14.35111000000006,0 -91.074033,14.35111000000005,0 -91.07413599999994,14.35105300000003,0 -91.07433399999996,14.35086400000007,0 -91.07466399999998,14.35055400000005,0 -91.07476399999996,14.35044900000002,0 -91.07439299999999,14.35027400000007,0 -91.07373299999995,14.34995800000008,0 -91.07349699999997,14.34985000000006,0 -91.07349699999999,14.34980300000007,0 -91.07353699999999,14.34981800000004,0 -91.07404299999995,14.35006400000003,0 -91.07443999999998,14.35025600000006,0 -91.07478399999997,14.35041200000006,0 -91.07489099999997,14.35030300000005,0 -91.07502999999997,14.35019600000003,0 -91.07526499999994,14.35001900000004,0 -91.07558899999998,14.34970200000004,0 -91.07588599999997,14.34943900000007,0 -91.07600699999995,14.34927800000003,0 -91.07609499999997,14.34908200000006,0 -91.07618499999995,14.34873800000003,0 -91.07599199999999,14.34872700000006,0 -91.07570299999998,14.34875400000004,0 -91.07546299999997,14.34872900000005,0 -91.07530199999998,14.34869100000003,0 -91.07520499999998,14.34863800000006,0 -91.07521799999994,14.34869100000004,0 -91.07525299999998,14.34879500000005,0 -91.07524599999994,14.34890800000006,0 -91.07524399999993,14.34898300000003,0 -91.07521299999996,14.34900000000005,0 -91.07520699999996,14.34894000000002,0 -91.07518999999996,14.34885200000002,0 -91.07519299999996,14.34875400000005,0 -91.07516099999998,14.34866000000005,0 -91.07512199999996,14.34861900000005,0 -91.07507999999996,14.34854500000006,0 -91.07504199999994,14.34850200000005,0 -91.07486299999994,14.34848400000003,0 -91.07469599999996,14.34839600000005,0 -91.07439100000001,14.34824100000004,0 -91.07399599999997,14.34808600000003,0 -91.07369300000001,14.34804300000007,0 -91.07349299999998,14.34800900000005,0 -91.07331999999995,14.34805500000006,0 -91.07334199999997,14.34812100000006,0 -91.07335999999998,14.34824500000008,0 -91.07335399999995,14.34846900000003,0 -91.07337599999995,14.34860000000003,0 -91.07344299999994,14.34871500000002,0 -91.07343199999998,14.34881900000005,0 -91.07344299999994,14.34888300000006,0 -91.07344299999994,14.34888600000005,0 -91.07348999999994,14.34904700000003,0 -91.07357499999995,14.34924500000006,0 -91.07362199999992,14.34936800000003,0 -91.07374699999997,14.34945100000005,0 -91.073829,14.34953900000006,0 -91.073829,14.34954700000003,0 -91.07386799999993,14.34970200000003,0 -91.07398699999999,14.34980100000007,0 -91.07406199999997,14.34986300000002,0 -91.07404199999998,14.34988700000004,0 -91.07395699999994,14.34983300000005,0 -91.07385699999998,14.34978300000006,0 -91.07378899999998,14.34965800000003,0 -91.07374099999997,14.34955500000007,0 -91.07360299999999,14.34945100000005,0 -91.07350999999994,14.34940000000005,0 -91.07351299999999,14.34932100000002,0 -91.07351899999999,14.34926300000007,0 -91.07346499999994,14.34916500000002,0 -91.07336099999996,14.34908100000008,0 -91.07332999999993,14.34897700000005,0 -91.07325999999992,14.34892300000007,0 -91.07322299999998,14.34874900000006,0 -91.07321799999994,14.34858000000002,0 -91.07323699999993,14.34844100000003,0 -91.07324599999998,14.34829900000006,0 -91.07324399999997,14.34815000000003,0 -91.073222,14.34807800000004,0 -91.07315099999994,14.34798300000005,0 -91.07303699999996,14.34791400000006,0 -91.07293399999998,14.34779400000003,0 -91.07283699999994,14.34765100000005,0 -91.07275099999998,14.34754500000002,0 -91.07265599999992,14.34749500000003,0 -91.07253199999997,14.34753600000005,0 -91.07241999999997,14.34764700000006,0 -91.07233399999994,14.34774400000004,0 -91.07228699999996,14.34787000000006,0 -91.07236299999995,14.34796000000007,0 -91.07239399999997,14.34801800000002,0 -91.07234899999997,14.34811500000005,0 -91.07224399999996,14.34825100000007,0 -91.07222499999995,14.34833100000003,0 -91.07221499999997,14.34846900000002,0 -91.07220499999997,14.34866500000004,0 -91.072209,14.34876400000008,0 -91.07225799999998,14.34884900000003,0 -91.07231899999992,14.34892200000007,0 -91.07232299999997,14.34892900000005,0 -91.07232299999997,14.34893300000005,0 -91.07232999999998,14.34901800000006,0 -91.07232999999998,14.34902200000005,0 -91.07236499999998,14.34912500000008,0 -91.07239699999997,14.34924200000006,0 -91.07237799999994,14.34930300000009,0 -91.07230799999998,14.34931000000005,0 -91.07226399999998,14.34928900000007,0 -91.07216699999998,14.34918000000006,0 -91.07206299999997,14.34901500000007,0 -91.07196299999998,14.34894800000006,0 -91.07197599999994,14.34881700000004,0 -91.07201399999995,14.34874500000006,0 -91.07203,14.34865400000007,0 -91.07203499999997,14.34848400000005,0 -91.07200899999998,14.34840000000003,0 -91.07192499999996,14.34836200000007,0 -91.07179199999996,14.34839000000005,0 -91.07174099999997,14.34837000000004,0 -91.07169299999997,14.34826600000002,0 -91.07155799999998,14.34829100000008,0 -91.07149599999995,14.34835800000008,0 -91.07149399999997,14.34839700000004,0 -91.07152999999992,14.34843900000005,0 -91.07157599999992,14.34849300000008,0 -91.07162099999992,14.34858000000003,0 -91.07161899999994,14.34865400000007,0 -91.07157299999994,14.34878500000009,0 -91.07151199999998,14.34886900000004,0 -91.07150699999994,14.34894800000007,0 -91.071423,14.34903300000008,0 -91.07132399999995,14.34911800000003,0 -91.071307,14.34917300000006,0 -91.07135199999999,14.34922500000004,0 -91.07139199999995,14.34928800000006,0 -91.07142899999998,14.34937600000005,0 -91.07143599999992,14.34952600000003,0 -91.07143599999995,14.34962400000006,0 -91.07148299999996,14.34973900000005,0 -91.07145199999997,14.34985700000005,0 -91.07140899999997,14.35002700000006,0 -91.07134299999997,14.35014700000004,0 -91.07123699999995,14.35028600000004,0 -91.07119199999993,14.35043200000007,0 -91.07109599999997,14.35047800000006,0 -91.07097199999998,14.35049000000003,0 -91.07094699999998,14.35043600000006,0 -91.07090299999997,14.35030600000004,0 -91.07084899999995,14.35026300000005,0 -91.07079299999998,14.35023300000006,0 -91.07077599999997,14.35018700000006,0 -91.07074099999994,14.35016700000006,0 -91.07070999999996,14.35019200000006,0 -91.07073499999996,14.35024200000003,0 -91.07073599999994,14.35024400000003,0 -91.07077099999998,14.35029700000007,0 -91.07076999999998,14.35033800000002,0 -91.07070699999998,14.35035000000005,0 -91.07062499999995,14.35037800000003,0 -91.07062799999994,14.35041800000005,0 -91.07067699999999,14.35044700000003,0 -91.07075499999995,14.35045300000008,0 -91.07081899999997,14.35047200000003,0 -91.07082999999994,14.35053000000004,0 -91.07080599999996,14.35062500000004,0 -91.07073399999997,14.35074000000003,0 -91.07071699999993,14.35089900000002,0 -91.07067899999998,14.35109800000005,0 -91.07067299999994,14.35121600000003,0 -91.07070899999995,14.35131800000005,0 -91.07081299999997,14.35146400000001,0 -91.07084999999994,14.35155400000001,0 -91.07084099999996,14.35164600000008,0 -91.07079799999995,14.35172100000005,0 -91.07069199999994,14.35179200000004,0 -91.07058299999996,14.35181500000003,0 -91.07053399999994,14.35194600000005,0 -91.07052299999997,14.35204300000004,0 -91.07052299999998,14.35204600000003,0 -91.070566,14.35207500000007,0 -91.07065199999994,14.35210200000006,0 -91.07067199999992,14.35211700000003,0 -91.07074199999994,14.35213900000002,0 -91.07073499999998,14.35215500000005,0 -91.07072999999997,14.35216000000003,0 -91.07068699999996,14.35214400000007,0 -91.07059099999999,14.35213500000003,0 -91.07047599999999,14.35211700000003,0 -91.07043799999997,14.35214300000007,0 -91.07039299999998,14.35221000000008,0 
							</coordinates>
						</LinearRing>
					</outerBoundaryIs>
				</Polygon>
				<Polygon>
					<outerBoundaryIs>
						<LinearRing>
							<coordinates>
								-91.06621299999995,14.35491100000007,0 -91.06621699999992,14.35491800000006,0 -91.06625299999997,14.35497800000008,0 -91.06621699999994,14.35511500000007,0 -91.06613299999997,14.35520900000007,0 -91.066017,14.35541300000005,0 -91.06608299999994,14.35544100000004,0 -91.06618399999995,14.35535000000003,0 -91.06628199999994,14.35529400000008,0 -91.066423,14.35519200000004,0 -91.06652499999996,14.35506200000004,0 -91.06661199999996,14.35479500000003,0 -91.06670199999998,14.35463700000003,0 -91.06597699999999,14.35329600000006,0 -91.06567999999999,14.35367900000006,0 -91.06568399999998,14.35372100000007,0 -91.06570599999998,14.35374900000005,0 -91.06577799999997,14.35373500000003,0 -91.06587999999994,14.35372100000006,0 -91.06603199999996,14.35373900000008,0 -91.06614799999993,14.35380500000001,0 -91.06624599999998,14.35390700000006,0 -91.06622799999997,14.35400900000008,0 -91.06614099999996,14.35409300000002,0 -91.06600699999997,14.35424800000004,0 -91.06573499999996,14.35438800000003,0 -91.06560799999995,14.35449700000003,0 -91.06576699999994,14.35458500000005,0 -91.06593799999996,14.35464800000005,0 -91.06588699999998,14.35482000000007,0 -91.06588299999999,14.35490400000003,0 -91.06590099999993,14.35491800000005,0 -91.06591199999997,14.35492200000004,0 -91.06595899999995,14.35489700000005,0 -91.065974,14.35489700000005,0 -91.06600299999995,14.35489300000007,0 -91.06600999999996,14.35488600000002,0 -91.06614099999996,14.35486500000008,0 -91.06621299999995,14.35491100000007,0 
							</coordinates>
						</LinearRing>
					</outerBoundaryIs>
				</Polygon>
				<Polygon>
					<outerBoundaryIs>
						<LinearRing>
							<coordinates>
								-91.07324799999999,14.35464000000007,0 -91.07320999999999,14.35498600000005,0 -91.07318899999997,14.35524300000003,0 -91.07311799999997,14.35546900000003,0 -91.07308599999999,14.35564300000005,0 -91.07360799999998,14.35586000000006,0 -91.07362454199998,14.35586607100003,0 -91.07404399999994,14.35602000000005,0 -91.07416199999993,14.35597400000006,0 -91.07431499999997,14.35587700000007,0 -91.07447199999997,14.35575100000005,0 -91.074575,14.35568900000004,0 -91.07466299999999,14.35555100000006,0 -91.07474499999995,14.35540600000008,0 -91.07482999999998,14.35524300000002,0 -91.07484399999998,14.35516200000007,0 -91.07488999999998,14.35496300000005,0 -91.07496632799996,14.35479051800007,0 -91.07496699999993,14.35478900000005,0 -91.07504699999998,14.35470100000002,0 -91.07501899999993,14.35467300000005,0 -91.07488699999998,14.35460400000006,0 -91.07479003799995,14.35455108800004,0 -91.07467730999997,14.35448957100004,0 -91.07453769999995,14.35452472000002,0 -91.07433812799997,14.35450828900003,0 -91.07420358799997,14.35447901400004,0 -91.07406465599996,14.35442860500006,0 -91.07397748399998,14.35426389400005,0 -91.07406837900001,14.35418755600005,0 -91.07407230799998,14.35402685300006,0 -91.07410975199997,14.35383681700006,0 -91.07408863099994,14.35377355400004,0 -91.07405837199998,14.35361091600004,0 -91.07405535299995,14.35357832100005,0 -91.07401999999998,14.35355900000008,0 -91.07399099999999,14.35348300000003,0 -91.07401699999997,14.35338200000007,0 -91.07403362499994,14.35334371200004,0 -91.07403095999996,14.35331493800004,0 -91.07405432299998,14.35315895000003,0 -91.07413122599995,14.35297797300006,0 -91.07419050299995,14.35281624800007,0 -91.07423172999995,14.35273479300002,0 -91.07424951599994,14.35266469300006,0 -91.07425507499994,14.35257202500003,0 -91.07422526999996,14.35247379200008,0 -91.07417141499998,14.35237561800005,0 -91.07413558299997,14.35229999800002,0 -91.07411158699995,14.35220740100005,0 -91.07411710299994,14.35209778400002,0 -91.07417042499998,14.35198692100004,0 -91.07425312599999,14.35180706000006,0 -91.07434182399999,14.35159328600003,0 -91.07440072899999,14.35128580000004,0 -91.07444792299998,14.35115800200004,0 -91.07447731599997,14.35109465400006,0 -91.07452499199995,14.35104256100005,0 -91.07460191599995,14.35098361800005,0 -91.07464589199999,14.35095877800006,0 -91.07469751499995,14.35085799000007,0 -91.07479261699996,14.35073089600008,0 -91.07495719399998,14.35063323600003,0 -91.07507855799996,14.35059911100005,0 -91.07517843899997,14.35064538500006,0 -91.07523581599997,14.35079888900003,0 -91.07527299999998,14.35080800000003,0 -91.07530850399995,14.35081693300004,0 -91.07542799999999,14.35084700000004,0 -91.07553999999999,14.35083900000007,0 -91.07560805599996,14.35081064300005,0 -91.07564799999994,14.35079400000006,0 -91.07565399999999,14.35079200000006,0 -91.07577399999997,14.35068300000007,0 -91.07587799999999,14.35062800000004,0 -91.07593799999997,14.35062500000004,0 -91.07601499999998,14.35070000000007,0 -91.07603850599999,14.35071379000004,0 -91.07608999999997,14.35074400000007,0 -91.07616399999995,14.35073100000005,0 -91.07621799999998,14.35067000000005,0 -91.07622079699996,14.35063364100006,0 -91.07622099999996,14.35063100000003,0 -91.07622599999996,14.35049800000008,0 -91.07623599999994,14.35038000000004,0 -91.07629299999996,14.35025500000007,0 -91.07638899999996,14.35013700000007,0 -91.07647999999995,14.35010600000004,0 -91.07663099999996,14.35005900000005,0 -91.07673700000001,14.35007400000007,0 -91.07684477599999,14.35010053000007,0 -91.07686699999992,14.35010600000004,0 -91.07690099999996,14.35009600000007,0 -91.07690599999995,14.35009100000008,0 -91.07692280699995,14.35007724900003,0 -91.076961,14.35004600000008,0 -91.07699699999993,14.35000600000007,0 -91.077096,14.34997000000004,0 -91.07716399999997,14.34987200000005,0 -91.07722099999997,14.34977900000007,0 -91.07722599999994,14.34968100000004,0 -91.07723599999997,14.34956500000004,0 -91.07729899999998,14.34950200000003,0 -91.07734199999999,14.34946400000008,0 -91.07737399999995,14.34945500000004,0 -91.07737499999996,14.34945300000005,0 -91.07743199999999,14.34938800000002,0 -91.07745999999997,14.34924000000008,0 -91.07745999999997,14.34923600000007,0 -91.07745699999998,14.34905100000003,0 -91.07747397199995,14.34890419200007,0 -91.07747699999997,14.34887800000007,0 -91.07744099999998,14.34877200000005,0 -91.07739399999998,14.34865800000005,0 -91.07735199999996,14.34868200000006,0 -91.07732710199997,14.34868321100002,0 -91.07687899999996,14.34870500000006,0 -91.07662299999998,14.34872900000006,0 -91.07623199999995,14.34874500000007,0 -91.07615199999996,14.34899700000004,0 -91.07613099999998,14.34907800000007,0 -91.07605299999994,14.34927700000004,0 -91.07597299999998,14.34940300000005,0 -91.07575999999995,14.34959700000007,0 -91.07546899999994,14.34986500000003,0 -91.07532597399997,14.34999049100003,0 -91.07520799999999,14.35009400000008,0 -91.07498299999997,14.35029000000004,0 -91.07466499999998,14.35058900000007,0 -91.07431499999997,14.35094500000003,0 -91.07415799999994,14.35112000000004,0 -91.07405199999995,14.35118000000005,0 -91.07396899999998,14.35116400000005,0 -91.07383999999995,14.35113500000005,0 -91.07375899999994,14.35116200000005,0 -91.07355399999993,14.35159600000002,0 -91.07342999999999,14.35190900000004,0 -91.07340799999999,14.35198900000007,0 -91.07345399999998,14.35202000000004,0 -91.07354099999998,14.35206600000003,0 -91.07361399999998,14.35207200000002,0 -91.07373199999994,14.35212100000006,0 -91.07379699999996,14.35220200000003,0 -91.07379299999997,14.35230500000005,0 -91.07374499999996,14.35245000000004,0 -91.07363399999997,14.35274600000003,0 -91.07350699999996,14.35306200000002,0 -91.07341199999998,14.35334700000005,0 -91.07334199999995,14.35359600000004,0 -91.07334108899992,14.35363482500003,0 -91.073336263,14.35384052200005,0 -91.07333399999997,14.35393700000003,0 -91.07329199999998,14.35435800000004,0 -91.07324799999999,14.35464000000007,0 
							</coordinates>
						</LinearRing>
					</outerBoundaryIs>
				</Polygon>
				<Polygon>
					<outerBoundaryIs>
						<LinearRing>
							<coordinates>
								-91.07058599999993,14.35478400000006,0 -91.07056299999995,14.35494600000004,0 -91.07060599999994,14.35504800000007,0 -91.07068799999996,14.35520800000005,0 -91.07073699999994,14.35540500000008,0 -91.07085599999992,14.35547900000005,0 -91.07090499999998,14.35551400000003,0 -91.07098099999997,14.35579100000007,0 -91.07112899999998,14.35595000000006,0 -91.07130899999999,14.35615400000006,0 -91.07149999999997,14.35627200000003,0 -91.07150299999995,14.35627500000004,0 -91.07158899999997,14.35631600000005,0 -91.07168399999995,14.35637400000007,0 -91.07185199999998,14.35651500000007,0 -91.07195499999995,14.35660900000005,0 -91.07208599999996,14.35666700000007,0 -91.07225099999995,14.35675400000003,0 -91.07239599999996,14.35675600000007,0 -91.07246099999998,14.35680200000008,0 -91.07248499999997,14.35685600000006,0 -91.07243999999996,14.35688400000003,0 -91.07235399999995,14.35690100000004,0 -91.07235399999998,14.35706400000004,0 -91.07239599999996,14.35717100000006,0 -91.07242199999995,14.35735700000004,0 -91.072503,14.35757000000007,0 -91.07267099999996,14.35772800000007,0 -91.07278099999996,14.35787100000005,0 -91.07285599999994,14.35796400000004,0 -91.07317699999999,14.35797600000007,0 -91.07344099999995,14.35809000000006,0 -91.07345899999996,14.35807200000005,0 -91.07351999999999,14.35795400000007,0 -91.07358399999997,14.35782200000005,0 -91.07362099999996,14.35769600000003,0 -91.07361099999994,14.35764200000007,0 -91.07355299999993,14.35758400000003,0 -91.07352999999995,14.35756300000002,0 -91.07333699999998,14.35749700000002,0 -91.07316999999995,14.35738100000002,0 -91.07309099999998,14.35724100000004,0 -91.07303199999997,14.35679800000003,0 -91.07302499999996,14.35641600000002,0 -91.07299499999993,14.35613100000007,0 -91.07301199999995,14.35595200000006,0 -91.07303099999996,14.35566100000006,0 -91.07305999999997,14.35551000000004,0 -91.07315399999999,14.35520000000002,0 -91.07321499999993,14.35462200000007,0 -91.07328999999999,14.35409000000004,0 -91.07331200000002,14.35379700000005,0 -91.07330399999995,14.35366400000003,0 -91.07332499999997,14.35348400000005,0 -91.07340199999999,14.35325500000004,0 -91.073538,14.35289400000005,0 -91.07365299999999,14.35258800000002,0 -91.07374099999997,14.35231600000003,0 -91.07373099999995,14.35218700000007,0 -91.07365299999999,14.35212900000006,0 -91.07347899999994,14.35209500000007,0 -91.07332399999997,14.35206000000005,0 -91.07304699999997,14.35206700000004,0 -91.07279799999999,14.35208500000005,0 -91.07273399999997,14.35238700000003,0 -91.07267299999995,14.35246600000006,0 -91.07258699999996,14.35253100000006,0 -91.07235299999996,14.35259400000007,0 -91.07197699999996,14.35272700000007,0 -91.07145999999993,14.35288800000006,0 -91.07104899999997,14.35301000000004,0 -91.07078699999992,14.35307700000004,0 -91.07065299999992,14.35307700000004,0 -91.07053699999994,14.35303800000003,0 -91.07050199999999,14.35317600000008,0 -91.07063199999999,14.35326100000004,0 -91.07077799999996,14.35333700000006,0 -91.07094999999998,14.35346900000009,0 -91.07106699999996,14.35359500000004,0 -91.07112899999997,14.35367100000008,0 -91.07120699999996,14.35371500000002,0 -91.07122999999994,14.35373700000001,0 -91.07117099999994,14.35385600000006,0 -91.07113899999997,14.35404800000004,0 -91.07106299999998,14.35428100000007,0 -91.07118799999995,14.35437300000006,0 -91.07132899999999,14.35451000000006,0 -91.07149999999997,14.35457100000003,0 -91.07148699999999,14.35462500000006,0 -91.07140499999998,14.35460900000004,0 -91.07121399999993,14.35453500000005,0 -91.07103999999997,14.35443700000008,0 -91.07091499999996,14.35435100000005,0 -91.07070399999998,14.35455100000007,0 -91.07058599999993,14.35478400000006,0 
							</coordinates>
						</LinearRing>
					</outerBoundaryIs>
				</Polygon>
				<Polygon>
					<outerBoundaryIs>
						<LinearRing>
							<coordinates>
								-91.06696459499993,14.35834367500008,0 -91.06708099999999,14.35835600000007,0 -91.06728199999999,14.35839800000002,0 -91.06730899999997,14.35840500000007,0 -91.06747499999994,14.35837100000004,0 -91.06767599999995,14.35834100000005,0 -91.06787699999995,14.35836800000005,0 -91.06784999999996,14.35816500000005,0 -91.06784599999999,14.35797100000008,0 -91.06787699999995,14.35775700000004,0 -91.06794699999995,14.35748400000005,0 -91.06798099999997,14.35728600000004,0 -91.06797399999994,14.35716600000006,0 -91.06791399999999,14.35683500000004,0 -91.06783799999995,14.35662800000005,0 -91.06773399999997,14.35642700000006,0 -91.06766499999996,14.35628600000008,0 -91.06753899999995,14.35603000000004,0 -91.06751599999997,14.35588500000006,0 -91.06754699999998,14.35569600000003,0 -91.06765799999994,14.35558400000002,0 -91.06782199999998,14.35549500000009,0 -91.06794499999995,14.35516500000005,0 -91.06783899999995,14.35509500000006,0 -91.06672599999996,14.35468200000003,0 -91.06665099999998,14.35478600000005,0 -91.06654799999994,14.35507800000006,0 -91.06646599999999,14.35518000000007,0 -91.06621699999992,14.35535700000003,0 -91.06611899999996,14.35545100000008,0 -91.06625599999997,14.35545900000005,0 -91.06634499999994,14.35552600000005,0 -91.06645199999998,14.35553500000004,0 -91.06652699999992,14.35565300000008,0 -91.06655499999995,14.35582400000005,0 -91.06649399999998,14.35596000000005,0 -91.06633899999999,14.35609900000002,0 -91.06622299999998,14.35614800000008,0 -91.06616499999996,14.35620400000004,0 -91.06627699999997,14.35626700000006,0 -91.06637399999993,14.35630900000007,0 -91.06652799999995,14.35631200000006,0 -91.06671800000001,14.35635400000007,0 -91.06682999999995,14.35641300000003,0 -91.06689599999999,14.35657100000003,0 -91.06694999999995,14.35663100000005,0 -91.06694199999997,14.35671300000007,0 -91.06685699999996,14.35669800000006,0 -91.06679099999999,14.35674700000003,0 -91.06670999999994,14.35686300000004,0 -91.06653999999996,14.35698600000006,0 -91.06642799999997,14.35700500000008,0 -91.06636599999997,14.35705000000008,0 -91.06642399999998,14.35718500000007,0 -91.06647799999998,14.35724100000005,0 -91.06658299999998,14.35724500000004,0 -91.06667099999999,14.35721500000005,0 -91.06681799999997,14.35721500000006,0 -91.06692999999994,14.35721100000006,0 -91.06696499999998,14.35724800000002,0 -91.06696499999998,14.35734200000006,0 -91.06687999999995,14.35747300000003,0 -91.06674499999995,14.35764900000004,0 -91.06658999999996,14.35766000000007,0 -91.06639699999992,14.35762300000005,0 -91.06638199999998,14.35773500000005,0 -91.06650099999996,14.35784400000005,0 -91.06667499999996,14.35793300000006,0 -91.06675299999995,14.35805300000004,0 -91.06682999999998,14.35823700000003,0 -91.06685208299997,14.35826453600003,0 -91.06691099999995,14.35833800000007,0 -91.06696459499993,14.35834367500008,0 
							</coordinates>
						</LinearRing>
					</outerBoundaryIs>
				</Polygon>
				<Polygon>
					<outerBoundaryIs>
						<LinearRing>
							<coordinates>
								-91.06976299999997,14.35270000000003,0 -91.06944399999996,14.35435500000006,0 -91.06948899999998,14.35454500000002,0 -91.06960099999999,14.35480000000007,0 -91.06972999999994,14.35506000000004,0 -91.070002,14.35561100000007,0 -91.07025399999996,14.35612400000003,0 -91.07046099999997,14.35660300000006,0 -91.07076599999992,14.35725700000005,0 -91.07118199999998,14.35800500000004,0 -91.07143299999997,14.35811400000006,0 -91.07170499999997,14.35820600000006,0 -91.071714,14.35821100000005,0 -91.07189999999994,14.35828000000004,0 -91.07219899999994,14.35838600000005,0 -91.07262799999995,14.35854900000004,0 -91.07271899999992,14.35827700000004,0 -91.07282899999996,14.35797600000006,0 -91.07265199999993,14.35790300000003,0 -91.072481,14.35770600000007,0 -91.07214099999999,14.35731600000003,0 -91.07212199999999,14.35723600000006,0 -91.07213999999998,14.35713900000008,0 -91.07215899999993,14.35701900000004,0 -91.07207599999998,14.35690900000004,0 -91.07183899999995,14.35668700000003,0 -91.07168799999994,14.35666500000007,0 -91.07166499999995,14.35655900000006,0 -91.07145899999993,14.35637700000007,0 -91.07120299999997,14.35628900000006,0 -91.07107999999995,14.35623600000003,0 -91.07110299999995,14.35615600000006,0 -91.07105699999994,14.35604100000005,0 -91.07088299999998,14.35592100000002,0 -91.07085099999995,14.35578800000007,0 -91.07075999999995,14.35559800000005,0 -91.07055899999992,14.35545600000005,0 -91.07052499999999,14.35537500000005,0 -91.07044699999994,14.35520700000006,0 -91.07025099999998,14.35504900000007,0 -91.07033999999999,14.35486500000007,0 -91.07034599999997,14.35484300000009,0 -91.070385,14.35472900000007,0 -91.07044699999994,14.35461000000004,0 -91.07051399999993,14.35448000000003,0 -91.07059199999998,14.35437600000005,0 -91.07076599999992,14.35419200000008,0 -91.07082799999993,14.35401800000006,0 -91.07083899999996,14.35379000000007,0 -91.07081099999995,14.35363300000006,0 -91.07060399999995,14.35345400000005,0 -91.070408,14.35342200000003,0 -91.07030699999996,14.35325900000004,0 -91.07027899999999,14.35309100000006,0 -91.07033999999999,14.35285700000002,0 -91.07030099999999,14.35279200000003,0 -91.07013299999994,14.35272200000002,0 -91.06995899999998,14.35268400000006,0 -91.06976299999997,14.35270000000003,0 
							</coordinates>
						</LinearRing>
					</outerBoundaryIs>
				</Polygon>
				<Polygon>
					<outerBoundaryIs>
						<LinearRing>
							<coordinates>
								-91.07273699999993,14.35828500000002,0 -91.07265099999995,14.35855500000003,0 -91.07272699999997,14.35860200000008,0 -91.07281699999999,14.35863500000005,0 -91.07313599999998,14.35878500000007,0 -91.07323899999994,14.35854600000004,0 -91.07343199999998,14.35810800000008,0 -91.07316799999995,14.35799300000003,0 -91.07286199999999,14.35798200000004,0 -91.07273699999993,14.35828500000002,0 
							</coordinates>
						</LinearRing>
					</outerBoundaryIs>
				</Polygon>
				<Polygon>
					<outerBoundaryIs>
						<LinearRing>
							<coordinates>
								-91.07049699999999,14.35812200000004,0 -91.07054699999998,14.35817300000002,0 -91.07059,14.35821400000003,0 -91.07061299999998,14.35822000000007,0 -91.07062499999995,14.35822200000007,0 -91.07066299999995,14.35823100000004,0 -91.07067699999999,14.35826400000006,0 -91.07067899999998,14.35833000000003,0 -91.07070699999998,14.35835800000006,0 -91.07076699999999,14.35842600000007,0 -91.07080199999997,14.35844300000002,0 -91.07084099999997,14.35844300000003,0 -91.07089399999994,14.35851100000002,0 -91.07099899999997,14.35869200000009,0 -91.07109199999998,14.35894900000005,0 -91.07115499999998,14.35928100000008,0 -91.07121499999994,14.35935300000005,0 -91.07131399999996,14.35943700000007,0 -91.07138499999996,14.35945500000002,0 -91.07149799999996,14.35948300000006,0 -91.07164999999999,14.35951600000005,0 -91.07174799999994,14.35954600000001,0 -91.07181599999996,14.35931800000003,0 -91.07185199999998,14.35920700000003,0 -91.07199699999995,14.35892400000005,0 -91.07218199999991,14.35858000000008,0 -91.07228299999996,14.35846200000003,0 -91.07204999999999,14.35836000000007,0 -91.07182299999994,14.35829400000005,0 -91.07134899999994,14.35809900000004,0 -91.07116199999996,14.35803500000002,0 -91.07095399999999,14.35767300000002,0 -91.07066899999995,14.35717000000006,0 -91.07047399999999,14.35675000000004,0 -91.07037099999995,14.35648700000007,0 -91.07001799999995,14.35572300000007,0 -91.06978999999994,14.35525400000005,0 -91.06974799999995,14.35518300000007,0 -91.06965399999996,14.35504000000003,0 -91.06957599999998,14.35487100000006,0 -91.06956599999995,14.35483800000002,0 -91.06953699999995,14.35473400000007,0 -91.06947999999994,14.35463600000004,0 -91.06941699999997,14.35451200000006,0 -91.06939599999995,14.35442600000004,0 -91.06938899999994,14.35431300000005,0 -91.06941499999994,14.35416100000003,0 -91.06947899999996,14.35389700000008,0 -91.06955899999998,14.35354400000005,0 -91.06969199999997,14.35276600000004,0 -91.06966899999996,14.35272200000003,0 -91.06962999999993,14.35267300000004,0 -91.06955999999997,14.35264900000004,0 -91.06935599999994,14.35261300000008,0 -91.06906199999996,14.35259300000007,0 -91.06857199999996,14.35253400000004,0 -91.06839799999996,14.35254100000003,0 -91.06836499999997,14.35260800000003,0 -91.06839799999995,14.35272200000003,0 -91.06844399999994,14.35282900000004,0 -91.06853399999994,14.35310300000003,0 -91.06864199999994,14.35330700000002,0 -91.06874899999997,14.35346900000007,0 -91.06879199999996,14.35359000000005,0 -91.06886899999994,14.35373100000005,0 -91.06889099999994,14.35381500000005,0 -91.06882099999997,14.35397400000004,0 -91.06883699999997,14.35411400000004,0 -91.06891099999996,14.35425000000003,0 -91.06900199999997,14.35439000000003,0 -91.06903099999994,14.35452600000001,0 -91.06905599999996,14.35471300000007,0 -91.06909699999996,14.35484500000006,0 -91.06913799999994,14.35507700000004,0 -91.06924899999994,14.35534400000007,0 -91.069303,14.35546400000004,0 -91.06938999999994,14.35548800000004,0 -91.06945999999994,14.35550400000007,0 -91.06951899999997,14.35553000000005,0 -91.06955199999997,14.35556900000005,0 -91.06957499999996,14.35562900000003,0 -91.069619,14.35565300000008,0 -91.06965799999996,14.35566700000004,0 -91.06970399999993,14.35573000000005,0 -91.06976899999995,14.35585500000008,0 -91.06979800000001,14.35586900000003,0 -91.06984199999995,14.35587700000007,0 -91.06987199999999,14.35592000000002,0 -91.06990699999993,14.35599000000008,0 -91.06995699999999,14.35610300000008,0 -91.06998999999996,14.35614600000001,0 -91.06997599999995,14.35620400000005,0 -91.06994899999997,14.35627900000004,0 -91.06992999999994,14.35634400000004,0 -91.06993399999998,14.35643500000004,0 -91.06996699999995,14.35656000000006,0 -91.06999399999995,14.35665200000005,0 -91.07000499999999,14.35684300000003,0 -91.07004499999994,14.35690200000005,0 -91.07007799999998,14.35694400000006,0 -91.07007799999998,14.35698600000007,0 -91.07006199999995,14.35708600000003,0 -91.07006599999994,14.35717200000005,0 -91.07006299999995,14.35725100000008,0 -91.07004399999995,14.35730200000006,0 -91.07005099999999,14.35742700000003,0 -91.07008899999994,14.35747700000007,0 -91.07011899999996,14.35753500000005,0 -91.07012299999998,14.35771100000005,0 -91.07014999999997,14.35782000000005,0 -91.07018699999996,14.35785600000003,0 -91.07023299999997,14.35792900000008,0 -91.07027699999998,14.35798200000005,0 -91.07031499999994,14.35799100000003,0 -91.07034999999996,14.35801000000004,0 -91.07039899999998,14.35809200000006,0 -91.07042599999993,14.35810800000007,0 -91.07045299999999,14.35809100000006,0 -91.07049699999999,14.35812200000004,0 
							</coordinates>
						</LinearRing>
					</outerBoundaryIs>
				</Polygon>
				<Polygon>
					<outerBoundaryIs>
						<LinearRing>
							<coordinates>
								-91.07358499999998,14.35786300000007,0 -91.07346399999994,14.35810100000003,0 -91.07319399999994,14.35871600000007,0 -91.07315099999994,14.35883100000006,0 -91.07299399999994,14.35923700000006,0 -91.07279199999994,14.35965600000003,0 -91.07295874699997,14.35959386500003,0 -91.07312051999996,14.35953607300007,0 -91.07328229200002,14.35947828000008,0 -91.07354699299997,14.35937718800006,0 -91.07366451399999,14.35928362700002,0 -91.07381107299993,14.35903214200004,0 -91.07378108499995,14.35881696100005,0 -91.07390596599997,14.35872338200005,0 -91.07408210899996,14.35852922700008,0 -91.07421403899997,14.35831365300004,0 -91.07422088599998,14.35811273300005,0 -91.07430118599996,14.35785423300008,0 -91.07416123899998,14.35781152200007,0 -91.07397720599994,14.35779761700007,0 -91.07405785400002,14.35767544500003,0 -91.07434406499999,14.35735187000006,0 -91.07446863299998,14.35713631400006,0 -91.07461566599993,14.35707138200007,0 -91.07479940499998,14.35697048400006,0 -91.07499782799992,14.35685520100003,0 -91.07507869499996,14.35681912900002,0 -91.07516673799994,14.35671128800004,0 -91.07516627999996,14.35653191100004,0 -91.07543206399998,14.35642057900003,0 -91.07546563799997,14.35635465300003,0 -91.07546849499994,14.35628997400006,0 -91.07549734599998,14.35601419900007,0 -91.07553818099997,14.35577907200008,0 -91.07554177099995,14.35571013700008,0 -91.07553777399994,14.35561975200006,0 -91.075511523,14.35543902500007,0 -91.07546274499998,14.35528660200004,0 -91.07544030399998,14.35523580900002,0 -91.07538795499995,14.35516023000002,0 -91.07529096299999,14.35507685000004,0 -91.07522585999999,14.35503747800005,0 -91.07505999999995,14.35521800000003,0 -91.07484499999997,14.35557200000006,0 -91.07475799999997,14.35574700000008,0 -91.07462199999996,14.35582000000004,0 -91.07445599999994,14.35584600000004,0 -91.07418099999992,14.35607200000004,0 -91.07411299999995,14.35609100000004,0 -91.07405199999995,14.35605800000007,0 -91.07307499999996,14.35566200000006,0 -91.07302599999998,14.35607400000003,0 -91.07304899999997,14.35665700000005,0 -91.07307199999998,14.35688800000003,0 -91.07312399999995,14.35723000000007,0 -91.07325699999996,14.35739800000004,0 -91.07339699999993,14.35747000000004,0 -91.07355799999998,14.35755400000004,0 -91.07368499999995,14.35759300000006,0 -91.073832,14.35763200000003,0 -91.07392899999996,14.35759300000006,0 -91.07403099999999,14.35740200000003,0 -91.07426799999996,14.35696100000006,0 -91.07455899999997,14.35654400000004,0 -91.07467099999997,14.35633800000004,0 -91.07478899999995,14.35628700000007,0 -91.07489699999996,14.35630900000006,0 -91.07490099999995,14.35636600000004,0 -91.07477899999999,14.35637900000006,0 -91.07464799999995,14.35655100000003,0 -91.07446799999998,14.35678600000005,0 -91.07422899999996,14.35710500000005,0 -91.07403599999998,14.35746400000005,0 -91.07395499999996,14.35760800000003,0 -91.07388099999997,14.35765300000001,0 -91.07377699999995,14.35766900000005,0 -91.07366099999994,14.35765800000008,0 -91.07358499999998,14.35786300000007,0 
							</coordinates>
						</LinearRing>
					</outerBoundaryIs>
				</Polygon>
				<Polygon>
					<outerBoundaryIs>
						<LinearRing>
							<coordinates>
								-91.06825099999996,14.35966000000007,0 -91.06831199999993,14.35966800000006,0 -91.06847499999995,14.35967300000004,0 -91.06860199999996,14.35961700000008,0 -91.06861499999995,14.35961700000007,0 -91.06865899999997,14.35953600000006,0 -91.06868499999996,14.35944700000004,0 -91.06877699999997,14.35945600000003,0 -91.06889599999991,14.35926400000006,0 -91.06894999999997,14.35911400000003,0 -91.06897299999997,14.35897600000005,0 -91.06901599999998,14.35888900000004,0 -91.06901899999997,14.35887900000006,0 -91.06902599999994,14.35877600000003,0 -91.06900299999995,14.35864800000006,0 -91.06899899999999,14.35853800000006,0 -91.06887299999995,14.35828400000002,0 -91.06876699999999,14.35810400000003,0 -91.06866699999995,14.35792700000008,0 -91.06850399999996,14.35791000000006,0 -91.06852099999999,14.35786900000006,0 -91.06864299999997,14.35784800000005,0 -91.06869299999995,14.35777500000005,0 -91.06872599999996,14.35760500000003,0 -91.06876299999999,14.35742500000003,0 -91.06877399999995,14.35723800000005,0 -91.06885699999999,14.35709300000008,0 -91.06899899999996,14.35694200000005,0 -91.06902999999996,14.35690600000004,0 -91.069078,14.35673500000007,0 -91.06909199999994,14.35654700000003,0 -91.06908799999998,14.35638900000003,0 -91.06915799999996,14.35626800000006,0 -91.06919599999998,14.35611400000004,0 -91.06919599999998,14.35610700000007,0 -91.06919599999998,14.35591300000005,0 -91.06917499999997,14.35581200000008,0 -91.06896399999992,14.35541300000006,0 -91.06811199999997,14.35517500000004,0 -91.06808899999999,14.35530700000004,0 -91.06804999999999,14.35540900000008,0 -91.06787399999997,14.35565900000005,0 -91.06771199999997,14.35577900000004,0 -91.06771699999997,14.35598200000003,0 -91.06777899999999,14.35621800000006,0 -91.06778799999995,14.35623600000003,0 -91.06793099999999,14.35658700000005,0 -91.06800799999995,14.35684200000004,0 -91.06806999999998,14.35697600000002,0 -91.06807399999997,14.35718300000008,0 -91.06799999999998,14.35771200000005,0 -91.06791699999997,14.35806100000008,0 -91.06792199999994,14.35835000000003,0 -91.06800499999996,14.35844800000006,0 -91.06812799999994,14.35860500000007,0 -91.06828099999996,14.35876300000007,0 -91.06839099999996,14.35890700000005,0 -91.06838199999997,14.35915800000003,0 -91.06825099999996,14.35966000000007,0 
							</coordinates>
						</LinearRing>
					</outerBoundaryIs>
				</Polygon>
				<Polygon>
					<outerBoundaryIs>
						<LinearRing>
							<coordinates>
								-91.067099,14.35886500000004,0 -91.06707199999995,14.35897900000003,0 -91.06700899999998,14.35905500000007,0 -91.06702499999993,14.35911900000002,0 -91.06702099999997,14.35913800000002,0 -91.06707999999996,14.35927100000004,0 -91.06715799999996,14.35930800000005,0 -91.067184893,14.35944842600002,0 -91.06716990899997,14.35954243900005,0 -91.06713795899999,14.35961505800003,0 -91.06709922399995,14.35967945100003,0 -91.06704364399995,14.35977026300002,0 -91.06698456899991,14.35981656800005,0 -91.06693573199999,14.35989912100006,0 -91.06691587399997,14.35992413800006,0 -91.06691594999995,14.35995464500008,0 -91.06693762899994,14.36004837800005,0 -91.06704499999994,14.36011139800008,0 -91.06719530699996,14.36019465400005,0 -91.06731352699994,14.36030849500003,0 -91.06738963499996,14.36038250900003,0 -91.06743099999994,14.36040200000002,0 -91.06752899999996,14.36057300000004,0 -91.06759500000001,14.36070500000006,0 -91.06768899999997,14.36074300000008,0 -91.06784899999995,14.36074300000007,0 -91.06799399999993,14.36075800000004,0 -91.06807399999997,14.36048900000004,0 -91.06809899999996,14.36022800000006,0 -91.06812099999996,14.36004200000001,0 -91.06814999999995,14.35981900000008,0 -91.06820799999994,14.35955400000007,0 -91.06826499999994,14.35912100000006,0 -91.06828299999995,14.35896000000003,0 -91.06822899999996,14.35881000000007,0 -91.06803099999996,14.35864600000001,0 -91.06797999999999,14.35853800000006,0 -91.06777899999999,14.35841900000003,0 -91.06766699999997,14.35843300000005,0 -91.06746499999996,14.35845000000006,0 -91.06725999999999,14.35844000000003,0 -91.06713299999996,14.35842600000006,0 -91.067099,14.35886500000004,0 
							</coordinates>
						</LinearRing>
					</outerBoundaryIs>
				</Polygon>
				<Polygon>
					<outerBoundaryIs>
						<LinearRing>
							<coordinates>
								-91.07088799999997,14.35960600000005,0 -91.07085199999995,14.35971000000007,0 -91.07084199999998,14.35976900000002,0 -91.07083199999992,14.35980800000005,0 -91.07079899999998,14.35984900000006,0 -91.07077199999998,14.35989800000004,0 -91.07076099999993,14.35996900000003,0 -91.07078599999994,14.36001400000005,0 -91.07081799999995,14.36002400000006,0 -91.07094399999994,14.36006100000003,0 -91.07113699999996,14.36012000000005,0 -91.07129799999996,14.36017400000004,0 -91.07141299999994,14.36021400000004,0 -91.07148499999994,14.36025300000006,0 -91.07153199999999,14.36028400000004,0 -91.07155299999991,14.36034400000006,0 -91.07158099999997,14.36046200000004,0 -91.07162300000002,14.36059900000004,0 -91.07164899999998,14.36065300000006,0 -91.07167499999997,14.36069000000004,0 -91.07171899999997,14.36073700000004,0 -91.07174599999996,14.36075900000004,0 -91.07176200000001,14.36078400000002,0 -91.071783,14.36079000000007,0 -91.07189199999999,14.36082100000005,0 -91.07200499999998,14.36085200000003,0 -91.07212000000001,14.36084600000004,0 -91.07219799999996,14.36083800000006,0 -91.07222299999998,14.36082100000005,0 -91.07228999999997,14.36074800000005,0 -91.072367,14.36064200000003,0 -91.07245399999994,14.36043200000005,0 -91.07258899999994,14.36017100000003,0 -91.07266799999996,14.35990000000004,0 -91.07282599999999,14.35949700000004,0 -91.07312999999992,14.35882300000002,0 -91.07280199999998,14.35865500000005,0 -91.07262799999995,14.35859100000004,0 -91.072434,14.35852200000005,0 -91.07228899999996,14.35847000000006,0 -91.07219699999996,14.35860300000007,0 -91.07210499999997,14.35876700000007,0 -91.07187199999998,14.35921100000008,0 -91.07178699999997,14.35948000000007,0 -91.07176399999997,14.35957000000007,0 -91.07171299999999,14.35956300000003,0 -91.07162899999999,14.35953700000004,0 -91.07152199999997,14.35952300000003,0 -91.07141399999996,14.35953000000007,0 -91.07137299999995,14.35952000000004,0 -91.07131499999997,14.35948700000006,0 -91.07125599999993,14.35945700000008,0 -91.07119799999998,14.35941000000003,0 -91.07112399999995,14.35937200000006,0 -91.07107399999995,14.35939000000008,0 -91.070994,14.35943700000008,0 -91.07091899999996,14.35953500000005,0 -91.07088799999997,14.35960600000005,0 
							</coordinates>
						</LinearRing>
					</outerBoundaryIs>
				</Polygon>
				<Polygon>
					<outerBoundaryIs>
						<LinearRing>
							<coordinates>
								-91.06856299999997,14.35970400000001,0 -91.06846499999995,14.35972100000004,0 -91.06822199999999,14.35977100000002,0 -91.06819099999998,14.36000200000007,0 -91.06812199999995,14.36040900000006,0 -91.068091,14.36069700000008,0 -91.06812899999994,14.36085400000008,0 -91.06845999999996,14.36099400000007,0 -91.06885799999998,14.36112500000008,0 -91.06875999999994,14.36078000000004,0 -91.06868199999998,14.36042800000007,0 -91.06866999999994,14.36019200000004,0 -91.06872199999997,14.35968800000006,0 -91.06856299999997,14.35970400000001,0 
							</coordinates>
						</LinearRing>
					</outerBoundaryIs>
				</Polygon>
				<Polygon>
					<outerBoundaryIs>
						<LinearRing>
							<coordinates>
								-91.07263500000001,14.36012100000005,0 -91.07257699999995,14.36024200000004,0 -91.07238799999998,14.36067500000008,0 -91.07222099999994,14.36089300000002,0 -91.07276099999996,14.36107000000005,0 -91.07289042799994,14.36112638000003,0 -91.07316855099999,14.36105708400004,0 -91.07335939799998,14.36085571900002,0 -91.07349163999999,14.36076212200004,0 -91.07351335499999,14.36061856700008,0 -91.07343182899996,14.36039633500008,0 -91.07333550999992,14.36014543900007,0 -91.07314362199998,14.35993782400004,0 -91.07289314699993,14.35984515300003,0 -91.07273713399996,14.35981850300005,0 -91.07263500000001,14.36012100000005,0 
							</coordinates>
						</LinearRing>
					</outerBoundaryIs>
				</Polygon>
				<Polygon>
					<outerBoundaryIs>
						<LinearRing>
							<coordinates>
								-91.06897499999995,14.35711800000008,0 -91.06885699999999,14.35726200000005,0 -91.06883999999998,14.35747300000002,0 -91.06874799999996,14.35785000000004,0 -91.06877899999995,14.35793500000006,0 -91.06883499999998,14.35807100000005,0 -91.06894899999999,14.35823600000004,0 -91.06904899999992,14.35843400000004,0 -91.06912899999998,14.35866500000004,0 -91.06914399999994,14.35879500000003,0 -91.06905899999998,14.35901600000006,0 -91.06894999999997,14.35930000000008,0 -91.06883599999996,14.35951100000005,0 -91.06876099999994,14.35969900000003,0 -91.06873199999995,14.35993000000008,0 -91.06873199999998,14.36020400000006,0 -91.06873699999996,14.36039200000005,0 -91.06878099999996,14.36058400000008,0 -91.068816,14.36081500000006,0 -91.06889099999994,14.36112800000006,0 -91.06914399999994,14.36123800000006,0 -91.06943199999994,14.36131500000005,0 -91.06958599999997,14.36102200000004,0 -91.069779,14.36055100000004,0 -91.06999699999997,14.36004500000006,0 -91.07008099999996,14.35978200000005,0 -91.07012599999997,14.35961300000003,0 -91.07009500000001,14.35937600000005,0 -91.06996999999996,14.35890100000005,0 -91.06978499999995,14.35856500000005,0 -91.06951599999995,14.35809800000004,0 -91.06943099999994,14.35794600000002,0 -91.06939099999994,14.35763800000008,0 -91.06934199999993,14.35731800000008,0 -91.06934199999995,14.35704500000003,0 -91.06938199999996,14.35689800000006,0 -91.06942699999995,14.35688900000003,0 -91.069418,14.35702300000003,0 -91.06939999999997,14.35721800000004,0 -91.06942299999997,14.35746500000005,0 -91.06943299999995,14.35773400000005,0 -91.06952099999995,14.35803900000006,0 -91.06968899999998,14.35833600000006,0 -91.06986799999999,14.35861300000005,0 -91.07000299999999,14.35891400000003,0 -91.07010199999996,14.35926800000005,0 -91.07016099999998,14.35951600000005,0 -91.07016399999998,14.35973900000005,0 -91.07006199999995,14.35999400000003,0 -91.07021599999996,14.36002600000006,0 -91.07044999999994,14.36010100000004,0 -91.07060699999994,14.36016400000006,0 -91.07066599999996,14.36006900000007,0 -91.07071999999994,14.35992000000005,0 -91.07075699999994,14.35978900000002,0 -91.07083399999999,14.35955500000005,0 -91.07094299999994,14.35939900000004,0 -91.07107099999996,14.35930000000008,0 -91.07099799999997,14.35891600000002,0 -91.07092799999998,14.35866800000002,0 -91.07075899999995,14.35850400000003,0 -91.070564,14.35832700000003,0 -91.07029999999997,14.35817600000008,0 -91.07008099999996,14.35800700000004,0 -91.06997699999994,14.35785400000003,0 -91.06998499999997,14.35770600000006,0 -91.06999799999993,14.35754900000007,0 -91.06991999999997,14.35730400000007,0 -91.06991499999998,14.35712600000005,0 -91.06991099999999,14.35694800000004,0 -91.06990199999994,14.35676200000007,0 -91.06985399999995,14.35656700000005,0 -91.06974499999995,14.35625300000003,0 -91.06981899999992,14.35613500000006,0 -91.06980599999997,14.35605000000005,0 -91.06968799999999,14.35595300000006,0 -91.06957399999997,14.35591500000003,0 -91.06951699999996,14.35569000000003,0 -91.06931199999997,14.35563900000006,0 -91.06933399999994,14.35594400000001,0 -91.06929399999996,14.35626200000007,0 -91.06928599999998,14.35666000000004,0 -91.069259,14.35675700000007,0 -91.06924599999998,14.35677400000004,0 -91.06911099999998,14.35687600000006,0 -91.06897499999995,14.35711800000008,0 
							</coordinates>
						</LinearRing>
					</outerBoundaryIs>
				</Polygon>
				<Polygon>
					<outerBoundaryIs>
						<LinearRing>
							<coordinates>
								-91.06950299999994,14.36137600000005,0 -91.06970399999994,14.36147800000003,0 -91.07024899999999,14.36168200000004,0 -91.07114299999996,14.36199400000004,0 -91.071219,14.36190300000004,0 -91.07126099999994,14.36183600000004,0 -91.07134299999997,14.36158500000005,0 -91.07142399999999,14.36135700000006,0 -91.071332,14.36128500000006,0 -91.07113799999996,14.36114400000003,0 -91.07096699999995,14.36100200000004,0 -91.07084599999997,14.36091900000003,0 -91.07078399999996,14.36088300000006,0 -91.07070999999996,14.36087500000001,0 -91.07068199999998,14.36084300000005,0 -91.07069999999997,14.36080200000002,0 -91.07073399999993,14.36082100000004,0 -91.07082899999995,14.36087700000008,0 -91.07094999999998,14.36095200000005,0 -91.07108999999996,14.36107400000004,0 -91.07126500000001,14.36121400000007,0 -91.07143399999994,14.36132600000008,0 -91.07150399999996,14.36114700000006,0 -91.07166299999992,14.36077300000006,0 -91.07168799999994,14.36077200000005,0 -91.07172999999995,14.36076600000007,0 -91.07167699999997,14.36070400000006,0 -91.07163799999995,14.36065900000006,0 -91.07159999999999,14.36057100000005,0 -91.071561,14.36046300000004,0 -91.07151799999997,14.36029700000006,0 -91.07143999999994,14.36024000000003,0 -91.07139299999994,14.36021900000003,0 -91.07120399999998,14.36015400000002,0 -91.07078099999995,14.36002500000006,0 -91.07068899999994,14.36016300000006,0 -91.07064399999996,14.36022000000002,0 -91.07055799999995,14.36020000000009,0 -91.07037499999997,14.36011400000007,0 -91.07017299999994,14.36004600000006,0 -91.07005499999997,14.36003100000005,0 -91.06982599999999,14.36054600000007,0 -91.06950299999994,14.36137600000005,0 
							</coordinates>
						</LinearRing>
					</outerBoundaryIs>
				</Polygon>
				<Polygon>
					<outerBoundaryIs>
						<LinearRing>
							<coordinates>
								-91.06804899999997,14.36099500000007,0 -91.06811999999996,14.36110800000006,0 -91.06822999999999,14.36130200000002,0 -91.06840999999997,14.36160900000004,0 -91.06856599999998,14.36188600000003,0 -91.06870299999997,14.36211800000006,0 -91.06884399999996,14.36235700000003,0 -91.06889299999995,14.36243200000007,0 -91.06900599999994,14.36253800000002,0 -91.06912199999994,14.36267100000004,0 -91.06925199999995,14.36286700000005,0 -91.06935699999997,14.36308000000003,0 -91.06947499999994,14.36320700000005,0 -91.06948999999996,14.36321500000002,0 -91.06959399999991,14.36316700000004,0 -91.06965999999994,14.36304300000007,0 -91.06975799999998,14.36291000000007,0 -91.06990099999996,14.36252400000007,0 -91.06994199999997,14.36244300000004,0 -91.07006999999997,14.36211200000003,0 -91.07018599999998,14.36171400000006,0 -91.06806899999999,14.36091900000002,0 -91.06804899999997,14.36099500000007,0 
							</coordinates>
						</LinearRing>
					</outerBoundaryIs>
				</Polygon>
				<Polygon>
					<outerBoundaryIs>
						<LinearRing>
							<coordinates>
								-91.06996499999998,14.36252400000005,0 -91.06992699999994,14.36254400000008,0 -91.06978099999998,14.36291700000005,0 -91.06964899999998,14.36316600000004,0 -91.06959699999996,14.36332100000004,0 -91.06967399999994,14.36346900000007,0 -91.069687,14.36348900000008,0 -91.06982299999999,14.36366000000004,0 -91.069958,14.36387600000007,0 -91.07007999999996,14.36408400000004,0 -91.07015299999992,14.36426200000004,0 -91.07022899999998,14.36436000000003,0 -91.07033999999999,14.36412400000007,0 -91.07047899999996,14.36381500000005,0 -91.07061999999996,14.36343100000006,0 -91.07079199999998,14.36297400000006,0 -91.07115099999997,14.36203000000006,0 -91.07023399999997,14.36170200000004,0 -91.06996499999998,14.36252400000005,0 
							</coordinates>
						</LinearRing>
					</outerBoundaryIs>
				</Polygon>
				<Polygon>
					<outerBoundaryIs>
						<LinearRing>
							<coordinates>
								-91.07083299999994,14.36304500000006,0 -91.07082499999997,14.36305600000003,0 -91.07073399999996,14.36326800000007,0 -91.07051999999999,14.36383600000004,0 -91.07025799999995,14.36439300000007,0 -91.07023499999997,14.36468600000006,0 -91.07027399999998,14.36499500000001,0 -91.07033599999991,14.36533100000003,0 -91.07041999999996,14.36553100000004,0 -91.07052599999997,14.36573700000002,0 -91.07060903299998,14.36584625400008,0 -91.07062099999996,14.36586200000004,0 -91.07080357899997,14.36551026400002,0 -91.07141458199999,14.36433311600008,0 -91.07183299999998,14.36352700000004,0 -91.07188004499996,14.36343934000006,0 -91.07188368099996,14.36330160500006,0 -91.07198305199995,14.36314490100005,0 -91.07205210099994,14.36300518500007,0 -91.07205173599993,14.36286140700002,0 -91.07204709699995,14.36274301300005,0 -91.07194717899995,14.36268405200008,0 -91.07185590399993,14.36261238300006,0 -91.07171258699999,14.36254506800003,0 -91.07156052199997,14.36256057100007,0 -91.07137624799996,14.36245338900005,0 -91.07128029499995,14.36234599300008,0 -91.07129474199996,14.36223833100007,0 -91.07135323999995,14.36208751300008,0 -91.07145591599998,14.36194376200007,0 -91.07152960699993,14.36197946000005,0 -91.07177995599993,14.36202190700004,0 -91.07191236399996,14.36199288700004,0 -91.07208878499993,14.36190635900005,0 -91.07218406399996,14.36174827600007,0 -91.07234543699997,14.36153263300004,0 -91.07243340999997,14.36139609300006,0 -91.07276426299995,14.36125896600004,0 -91.07287650899997,14.36114100800005,0 -91.07277699999997,14.36109800000003,0 -91.07221799999996,14.36092600000007,0 -91.07201799999999,14.36087800000007,0 -91.07174599999996,14.36081100000007,0 -91.07166999999998,14.36084600000004,0 -91.071489,14.36127600000004,0 -91.07129199999996,14.36183900000003,0 -91.07121699999999,14.36199500000005,0 -91.07109899999995,14.36228700000004,0 -91.07099299999999,14.36253000000005,0 -91.07083299999994,14.36304500000006,0 
							</coordinates>
						</LinearRing>
					</outerBoundaryIs>
				</Polygon>
				<Polygon>
					<outerBoundaryIs>
						<LinearRing>
							<coordinates>
								-91.06902899999994,14.36892100000006,0 -91.06952099999995,14.36796100000004,0 -91.07039899999998,14.36616900000007,0 -91.07054799999996,14.36585900000005,0 -91.07041299999997,14.36563100000006,0 -91.07028899999995,14.36533800000007,0 -91.07021999999995,14.36498500000004,0 -91.07016399999999,14.36443500000007,0 -91.07003399999996,14.36415800000003,0 -91.06981199999994,14.36380100000002,0 -91.06954799999994,14.36339300000003,0 -91.06932799999997,14.36310300000003,0 -91.06924199999997,14.36299600000008,0 -91.06903999999999,14.36269300000004,0 -91.06888899999996,14.36254100000002,0 -91.06865699999999,14.36213100000004,0 -91.06831899999997,14.36156400000004,0 -91.06808700000001,14.36116900000007,0 -91.06800599999995,14.36107600000003,0 -91.06784999999996,14.36146200000009,0 -91.06779399999995,14.36144200000007,0 -91.06793599999999,14.36103700000007,0 -91.06799099999996,14.36084600000004,0 -91.06794599999994,14.36078300000003,0 -91.06772899999999,14.36078300000003,0 -91.06765799999992,14.36092400000006,0 -91.06757299999998,14.36125200000003,0 -91.06756699999993,14.36125700000003,0 -91.06753699999994,14.36140800000004,0 -91.06740599999995,14.36143700000002,0 -91.06735599999996,14.36161300000003,0 -91.06739871299999,14.36168725600004,0 -91.06756600499995,14.36169800300007,0 -91.067877379,14.36177474700004,0 -91.06802979399998,14.36185681700006,0 -91.06827194999994,14.36198153800007,0 -91.06842958899996,14.36212294900003,0 -91.06851443599999,14.36223650600004,0 -91.06852899999994,14.36227100000003,0 -91.06862896999996,14.36248466200005,0 -91.06863099999997,14.36248900000005,0 -91.06865160599995,14.36250950700003,0 -91.06883899999998,14.36269600000002,0 -91.06902999999993,14.36289700000004,0 -91.06911999999994,14.36304400000006,0 -91.06911999999994,14.36326126100004,0 -91.06911999999994,14.36326800000006,0 -91.06909199999994,14.36344800000006,0 -91.06901300000001,14.36397600000004,0 -91.06905199999993,14.36436300000002,0 -91.069126,14.36440600000004,0 -91.06916999999999,14.36441200000008,0 -91.06917599999996,14.36441700000006,0 -91.06924193699996,14.36442744500004,0 -91.06927699999993,14.36443300000008,0 -91.06943036999996,14.36451476200006,0 -91.06956399999996,14.36458600000003,0 -91.06968799999999,14.36478200000006,0 -91.06974399999996,14.36495100000008,0 -91.06975499999999,14.36497800000007,0 -91.06983215899997,14.36507144800004,0 -91.06984499999999,14.36508700000008,0 -91.06996299999999,14.36520100000006,0 -91.06995899999998,14.36537500000004,0 -91.06993566799997,14.36543971300006,0 -91.06991420999999,14.36549922900003,0 -91.06985299999997,14.36566900000002,0 -91.06972499999995,14.36584900000002,0 -91.069731,14.36601900000004,0 -91.06974099999996,14.36617900000004,0 -91.06964599999998,14.36622000000005,0 -91.06954999999994,14.36610700000006,0 -91.06954999999994,14.36609600000002,0 -91.06955499999998,14.36598300000004,0 -91.06959199999993,14.36587000000003,0 -91.06961899999996,14.36567400000007,0 -91.06961399999996,14.36553000000004,0 -91.06955565799996,14.36537411600004,0 -91.06954999999995,14.36535900000008,0 -91.06945221899997,14.36527070100004,0 -91.06938499999997,14.36521000000005,0 -91.06928159299999,14.36515382200003,0 -91.06917699999997,14.36509700000005,0 -91.06904399999998,14.36510700000002,0 -91.06894899999996,14.36526700000006,0 -91.06893224799995,14.36535014000003,0 -91.06892199999999,14.36540100000007,0 -91.06892699999996,14.36552400000005,0 -91.06886899999994,14.36563300000005,0 -91.06880999999997,14.36587000000003,0 -91.06880499999994,14.36589500000003,0 -91.06871999999998,14.36632800000006,0 -91.06855999999998,14.36700400000006,0 -91.06847999999995,14.36751900000007,0 -91.06833699999997,14.36788000000007,0 -91.06830999999993,14.36815300000006,0 -91.06830999999995,14.36816300000004,0 -91.068316,14.36851400000007,0 -91.06836899999993,14.36873500000008,0 -91.06853399999996,14.36883300000004,0 -91.06874699999997,14.36882800000006,0 -91.06902899999994,14.36892100000006,0 
							</coordinates>
						</LinearRing>
					</outerBoundaryIs>
				</Polygon>
			</MultiGeometry>
		</Placemark>
		<Placemark id="ID_00010">
			<name>GT13-XAT</name>
			<Snippet maxLines="0"></Snippet>
			<description><![CDATA[<html xmlns:fo="http://www.w3.org/1999/XSL/Format" xmlns:msxsl="urn:schemas-microsoft-com:xslt">

<head>

<META http-equiv="Content-Type" content="text/html">

<meta http-equiv="content-type" content="text/html; charset=UTF-8">

</head>

<body style="margin:0px 0px 0px 0px;overflow:auto;background:#FFFFFF;">

<table style="font-family:Arial,Verdana,Times;font-size:12px;text-align:left;width:100%;border-collapse:collapse;padding:3px 3px 3px 3px">

<tr style="text-align:center;font-weight:bold;background:#9CBCE2">

<td>GT13-XAT</td>

</tr>

<tr>

<td>

<table style="font-family:Arial,Verdana,Times;font-size:12px;text-align:left;width:100%;border-spacing:0px; padding:3px 3px 3px 3px">

<tr>

<td>FID</td>

<td>10</td>

</tr>

<tr bgcolor="#D4E4F3">

<td>Name</td>

<td>Xata</td>

</tr>

<tr>

<td>CODE</td>

<td>GT13-XAT</td>

</tr>

<tr bgcolor="#D4E4F3">

<td>INSTANCE</td>

<td>Xatá</td>

</tr>

<tr>

<td>STATUS</td>

<td>Active</td>

</tr>

<tr bgcolor="#D4E4F3">

<td>PROJECT</td>

<td>1538</td>

</tr>

<tr>

<td>USE</td>

<td>Rubber</td>

</tr>

<tr bgcolor="#D4E4F3">

<td>HAS</td>

<td>151.1</td>

</tr>

</table>

</td>

</tr>

</table>

</body>

</html>]]></description>
			<styleUrl>#PolyStyle008</styleUrl>
			<MultiGeometry>
				<Polygon>
					<outerBoundaryIs>
						<LinearRing>
							<coordinates>
								-91.06027499999998,14.34815900000006,0 -91.06038899999999,14.34819000000004,0 -91.06045399999992,14.34825000000005,0 -91.06049299999994,14.34831900000006,0 -91.06051899999994,14.34848700000002,0 -91.06054199999996,14.34863200000007,0 -91.06068899999997,14.34862200000004,0 -91.06083499999994,14.34859100000006,0 -91.06093299999996,14.34848300000005,0 -91.06102699999995,14.34834500000005,0 -91.06107899999996,14.34824500000008,0 -91.06112599999993,14.34816400000006,0 -91.06118699999995,14.34806900000007,0 -91.06140799999999,14.34785500000004,0 -91.06144199999994,14.34771000000006,0 -91.06141599999994,14.34761000000003,0 -91.06134199999995,14.34742900000004,0 -91.06129199999998,14.34733500000005,0 -91.06119999999997,14.34726300000006,0 -91.06115912099995,14.34719947100006,0 -91.06112599999994,14.34714800000007,0 -91.06094499999995,14.34709500000002,0 -91.06072599999999,14.34703600000006,0 -91.06058099999996,14.34705700000006,0 -91.06045199999994,14.34710000000007,0 -91.06039199999996,14.34713800000003,0 -91.06033176999995,14.34720457000003,0 -91.06029699999998,14.34724300000006,0 -91.06022599999993,14.34729600000004,0 -91.06013699999994,14.34745700000006,0 -91.06011999999998,14.34760600000005,0 -91.06011199999995,14.34767100000004,0 -91.06003399999996,14.34781100000003,0 -91.05996599999996,14.34816500000006,0 -91.06014799999997,14.34815500000008,0 -91.06027499999998,14.34815900000006,0 
							</coordinates>
						</LinearRing>
					</outerBoundaryIs>
				</Polygon>
				<Polygon>
					<outerBoundaryIs>
						<LinearRing>
							<coordinates>
								-91.05644699999998,14.35327400000005,0 -91.05665699999997,14.35338200000008,0 -91.05694999999997,14.35344700000008,0 -91.05738899999992,14.35351600000008,0 -91.05768099999992,14.35353100000004,0 -91.05781199999996,14.35298300000006,0 -91.05793499999997,14.35258800000002,0 -91.05801799999995,14.35219400000006,0 -91.05809299999997,14.35190200000005,0 -91.05828999999993,14.35141500000002,0 -91.05839699999996,14.35114800000002,0 -91.05868399999997,14.35034200000007,0 -91.05890799999996,14.34973700000007,0 -91.05895999999996,14.34962200000006,0 -91.05907899999994,14.34928200000006,0 -91.05913799999998,14.34910000000002,0 -91.05918499999996,14.34905200000003,0 -91.05948699999999,14.34885400000008,0 -91.05989399999999,14.34860700000008,0 -91.06045699999997,14.34859400000006,0 -91.06043699999998,14.34844000000004,0 -91.06038399999994,14.34832300000006,0 -91.06031999999996,14.34824600000007,0 -91.06021099999998,14.34822000000002,0 -91.06002099999994,14.34822000000003,0 -91.05983199999997,14.34826800000007,0 -91.05948899999997,14.34845000000007,0 -91.05926999999996,14.34859400000006,0 -91.05905599999993,14.34874800000007,0 -91.05899599999998,14.34881800000006,0 -91.05888399999998,14.34900100000005,0 -91.05887399999993,14.34912900000006,0 -91.05886699999995,14.34931800000004,0 -91.05883399999998,14.34944600000006,0 -91.05873499999996,14.34966300000007,0 -91.05873197899994,14.34967407600003,0 -91.05870569899996,14.34988361200004,0 -91.05863293399995,14.35006221300006,0 -91.05854033199996,14.35029276700005,0 -91.05844740899994,14.35039355500005,0 -91.05824793099998,14.35046539700004,0 -91.05793189799994,14.35050182700007,0 -91.05786887399996,14.35058307900004,0 -91.05779600399994,14.35071950600008,0 -91.05774624299993,14.35078126300004,0 -91.05772633399994,14.35080401900006,0 -91.05766642099995,14.35079767100007,0 -91.05762306599995,14.35075884300005,0 -91.05758638999998,14.35072973200005,0 -91.05747303499999,14.35064240600007,0 -91.05732654899997,14.35061355200003,0 -91.05720364399997,14.35070143400004,0 -91.05715065099997,14.35080212800005,0 -91.05710116199998,14.35097418500005,0 -91.05710835499997,14.35119152800007,0 -91.05708872599996,14.35132783000006,0 -91.05711565999995,14.35145428900005,0 -91.05714928899994,14.35159695400007,0 -91.05719218099995,14.35178941700008,0 -91.05720099999995,14.35180100000001,0 -91.05720799999996,14.35193200000003,0 -91.05716799999998,14.35212000000007,0 -91.05713699999995,14.35223300000008,0 -91.05706499999997,14.35248200000007,0 -91.05700299999994,14.35261400000008,0 -91.05694399999999,14.35270400000008,0 -91.05696999999999,14.35277300000007,0 -91.05701499999998,14.35288200000003,0 -91.05705799999997,14.35299100000004,0 -91.05709399999995,14.35311100000007,0 -91.05705099999996,14.35321200000005,0 -91.05700299999995,14.35326100000003,0 -91.05697499999997,14.35323800000003,0 -91.05696699999997,14.35318500000005,0 -91.05696299999994,14.35312900000003,0 -91.05697699999996,14.35306900000006,0 -91.05696999999996,14.35298100000006,0 -91.05695799999994,14.35289600000004,0 -91.05692699999996,14.35281500000008,0 -91.05689799999999,14.35279400000007,0 -91.05685799999998,14.35288200000001,0 -91.05682699999993,14.35297200000003,0 -91.05677399999996,14.35304600000007,0 -91.05668599999994,14.35307800000003,0 -91.05663399999999,14.35305800000004,0 -91.05656899999997,14.35298800000004,0 -91.05647399999998,14.35302800000005,0 -91.05638599999996,14.35305500000005,0 -91.05631399999996,14.35319600000003,0 -91.05644699999998,14.35327400000005,0 
							</coordinates>
						</LinearRing>
					</outerBoundaryIs>
				</Polygon>
				<Polygon>
					<outerBoundaryIs>
						<LinearRing>
							<coordinates>
								-91.06507799999996,14.35442300000006,0 -91.06415199999996,14.35526800000002,0 -91.06463799999995,14.35559600000005,0 -91.06484799999997,14.35574900000005,0 -91.06495199999995,14.35595000000006,0 -91.06498699999996,14.35611600000005,0 -91.06501399999995,14.35639400000003,0 -91.06508399999994,14.35669300000006,0 -91.06515099999997,14.35697600000004,0 -91.06516299999998,14.35727900000006,0 -91.06525699999996,14.35724800000003,0 -91.06537399999995,14.35718800000006,0 -91.06540399999993,14.35715200000004,0 -91.06539599999998,14.35708900000003,0 -91.06536899999996,14.35696700000007,0 -91.06540399999993,14.35686100000004,0 -91.06545099999995,14.35675000000003,0 -91.06549099999997,14.35670000000005,0 -91.06550499999996,14.35665200000006,0 -91.06545999999996,14.35659000000003,0 -91.06541999999995,14.35653000000007,0 -91.06532499999996,14.35643800000002,0 -91.06526999999993,14.35634000000004,0 -91.06526299999994,14.35625100000004,0 -91.06531199999993,14.35614300000003,0 -91.06533499999995,14.35605500000002,0 -91.06527999999997,14.35600100000005,0 -91.06520099999994,14.35590300000006,0 -91.06519999999995,14.35571000000005,0 -91.06519499999997,14.35552100000008,0 -91.06518599999997,14.35536500000005,0 -91.06525899999997,14.35525400000007,0 -91.06513099999995,14.35513300000002,0 -91.06508899999993,14.35503300000004,0 -91.06509199999992,14.35490300000004,0 -91.06513742599996,14.35486648700004,0 -91.06518718399997,14.35473769500005,0 -91.06525540599995,14.35464724900004,0 -91.06524715699999,14.35456876000007,0 -91.06524275599996,14.35441960600002,0 -91.06511932099993,14.35439855900005,0 -91.06507799999996,14.35442300000006,0 
							</coordinates>
						</LinearRing>
					</outerBoundaryIs>
				</Polygon>
				<Polygon>
					<outerBoundaryIs>
						<LinearRing>
							<coordinates>
								-91.05731299999997,14.35614000000003,0 -91.05737399999998,14.35615900000004,0 -91.05748599999997,14.35617000000008,0 -91.05762499999996,14.35623200000004,0 -91.05767099999997,14.35627400000004,0 -91.05771499999997,14.35635000000009,0 -91.05774699999995,14.35745200000003,0 -91.05777699999997,14.35806000000002,0 -91.05785799999995,14.35809300000005,0 -91.05793199999995,14.35810800000007,0 -91.05798999999995,14.35810800000007,0 -91.05809399999998,14.35807000000005,0 -91.05826999999994,14.35801500000003,0 -91.05831999999998,14.35799600000007,0 -91.05836993799996,14.35795992900007,0 -91.05846338899993,14.35795059700008,0 -91.05857316999997,14.35792983400006,0 -91.05873889299994,14.35785198500003,0 -91.05882285499996,14.35778572000005,0 -91.05886215199997,14.35761248600005,0 -91.05888052399997,14.35748258600007,0 -91.05889199999994,14.35741200000006,0 -91.05887499999996,14.35735900000003,0 -91.05886099999998,14.35727100000003,0 -91.05886099999998,14.35706100000004,0 -91.05887299999995,14.35683900000004,0 -91.05891799999993,14.35675600000008,0 -91.05894173499993,14.35673701200004,0 -91.05882237399999,14.35655425800008,0 -91.05879243699995,14.35635342400007,0 -91.05887051399996,14.35618103600007,0 -91.05881144599994,14.35610464100005,0 -91.05873277499995,14.35603785800004,0 -91.05847763399998,14.35603846000005,0 -91.05826186399997,14.35608680200005,0 -91.05815396699995,14.35610619000004,0 -91.05807517799997,14.35599157300004,0 -91.05795656799994,14.35564744500005,0 -91.05803499999996,14.35546700000004,0 -91.05802099999991,14.35538700000006,0 -91.05804999999995,14.35528400000004,0 -91.05806399999993,14.35524000000004,0 -91.05810699999994,14.35481100000005,0 -91.05816399999998,14.35475000000003,0 -91.05819599999995,14.35468200000002,0 -91.05823499999998,14.35451500000005,0 -91.05830199999997,14.35429600000004,0 -91.05832099999998,14.35422700000003,0 -91.05832299999996,14.35405600000008,0 -91.05830799999994,14.35391900000008,0 -91.05831799999999,14.35379300000005,0 -91.05834499999996,14.35362400000002,0 -91.05834199999998,14.35361400000005,0 -91.05834499999996,14.35360300000002,0 -91.05839399999996,14.35354500000005,0 -91.05844299999995,14.35346300000004,0 -91.05848099999997,14.35330800000003,0 -91.05855999999993,14.35319700000003,0 -91.05859499999997,14.35317300000003,0 -91.05867399999995,14.35301500000003,0 -91.05879399999999,14.35292500000002,0 -91.05887299999992,14.35285200000004,0 -91.05887299999992,14.35284600000006,0 -91.05894599999993,14.35272800000008,0 -91.05903099999993,14.35263000000004,0 -91.05913999999996,14.35254300000003,0 -91.05917699999998,14.35252500000006,0 -91.05920599999995,14.35238400000004,0 -91.05918999999993,14.35227900000007,0 -91.05915799999997,14.35226700000004,0 -91.05910399999999,14.35225800000007,0 -91.05906599999997,14.35220600000003,0 -91.05905399999996,14.35212000000006,0 -91.05912699999998,14.35204600000004,0 -91.05918568499997,14.35199383600007,0 -91.05919899999996,14.35198200000007,0 -91.05925299999996,14.35185900000005,0 -91.05926437499994,14.35183638300003,0 -91.05933899999998,14.35168800000002,0 -91.05939666499995,14.35164920700003,0 -91.05942340899996,14.35161426700007,0 -91.05944128699997,14.35157919700004,0 -91.05945476499994,14.35152266800002,0 -91.05944994399992,14.35144810300006,0 -91.05938192999994,14.35124600300003,0 -91.059331941,14.35105304700005,0 -91.05924236199998,14.35089449800006,0 -91.05924904499993,14.35073212100003,0 -91.05928757599997,14.35055239600008,0 -91.05936175499994,14.35045895000008,0 -91.059439442,14.35035167700004,0 -91.05949576599994,14.35020300100007,0 -91.05952372699996,14.35004748300003,0 -91.05951991799995,14.34994040200006,0 -91.05947359699996,14.34983687700003,0 -91.05944745899994,14.34978621700003,0 -91.05937134599998,14.34976322600006,0 -91.05932664699998,14.34975234900004,0 -91.05931948699995,14.34974756000003,0 -91.05928841299999,14.34973817300005,0 -91.05908380199996,14.34957398600006,0 -91.05900799999992,14.34974800000004,0 -91.05872199999999,14.35076300000004,0 -91.05864899999993,14.35099600000006,0 -91.05857799999995,14.35114600000003,0 -91.05847099999991,14.35136100000005,0 -91.05823699999996,14.35193800000008,0 -91.05778599999995,14.35368200000006,0 -91.05773799999999,14.35367000000002,0 -91.05766299999998,14.35365400000006,0 -91.05763499999995,14.35376500000006,0 -91.05746799999996,14.35450900000006,0 -91.05741099999995,14.35479200000002,0 -91.05737099999999,14.35514400000005,0 -91.05729899999993,14.35559400000006,0 -91.05730799999998,14.35568600000005,0 -91.05726299999996,14.35600800000003,0 -91.05726899999995,14.35610800000007,0 -91.05731299999997,14.35614000000003,0 
							</coordinates>
						</LinearRing>
					</outerBoundaryIs>
				</Polygon>
				<Polygon>
					<outerBoundaryIs>
						<LinearRing>
							<coordinates>
								-91.06554599999997,14.35788000000003,0 -91.06571499999995,14.35790100000003,0 -91.06584299999994,14.35795100000007,0 -91.06602599999997,14.35802800000005,0 -91.06631299999999,14.35814200000005,0 -91.06649365999992,14.35823567600005,0 -91.06650199999996,14.35824000000001,0 -91.066517381,14.35823654700005,0 -91.06659999999991,14.35821800000003,0 -91.06664399999994,14.35815800000006,0 -91.06667399999998,14.35810300000003,0 -91.06662899999998,14.35805600000003,0 -91.06655399999994,14.35800600000005,0 -91.06641999999992,14.35788700000006,0 -91.06624399999997,14.35779400000007,0 -91.06614099999996,14.35770600000007,0 -91.06609799999994,14.35759600000006,0 -91.06615899999996,14.35749200000003,0 -91.06619646699991,14.35740455100006,0 -91.06621632299994,14.35729459300007,0 -91.06618799999995,14.35715100000005,0 -91.06614999999994,14.35704700000003,0 -91.06621999999999,14.35689900000006,0 -91.06633299999996,14.35689200000008,0 -91.06641799999994,14.35688500000004,0 -91.06650899999994,14.35683100000005,0 -91.06654899999992,14.35666900000005,0 -91.06657199999995,14.35655900000005,0 -91.06645699999996,14.35649100000007,0 -91.06634199999996,14.35643200000004,0 -91.06612599999994,14.35637100000003,0 -91.06587699999994,14.35633600000005,0 -91.06587799999994,14.35636900000003,0 -91.06591099999999,14.35642600000005,0 -91.06599899999996,14.35648700000008,0 -91.06610899999997,14.35655700000008,0 -91.066174,14.35663100000005,0 -91.06619899999997,14.35678400000007,0 -91.06615099999999,14.35695000000004,0 -91.06605699999994,14.35720500000003,0 -91.06598099999995,14.35731600000003,0 -91.06591499999998,14.35733900000002,0 -91.065794,14.35736100000003,0 -91.06556699999997,14.35736200000002,0 -91.06538399999994,14.35739700000004,0 -91.06529699999997,14.35743100000008,0 -91.06526699999993,14.35749600000003,0 -91.06522799999998,14.35759400000006,0 -91.06518999999997,14.35772900000007,0 -91.06517399999996,14.35791200000005,0 -91.06523699999995,14.35789800000004,0 -91.06543899999997,14.35786100000006,0 -91.06554599999997,14.35788000000003,0 
							</coordinates>
						</LinearRing>
					</outerBoundaryIs>
				</Polygon>
				<Polygon>
					<outerBoundaryIs>
						<LinearRing>
							<coordinates>
								-91.06428999999994,14.35775100000007,0 -91.06421447499996,14.35783794900005,0 -91.06417099999997,14.35788800000005,0 -91.06400399999995,14.35823900000004,0 -91.06400992699996,14.35824327500006,0 -91.06406499999999,14.35828300000002,0 -91.06417399999998,14.35831500000006,0 -91.06440899999997,14.35826300000002,0 -91.06464699999997,14.35820900000005,0 -91.06472499999992,14.35803500000004,0 -91.06468699999995,14.35790600000007,0 -91.06470499999996,14.35781700000007,0 -91.06478299999998,14.35764300000005,0 -91.06485799999994,14.35764000000006,0 -91.06496299999998,14.35764300000004,0 -91.06506499999995,14.35760900000002,0 -91.06510299999997,14.35752700000006,0 -91.06512899999994,14.35737400000006,0 -91.06512299999997,14.35719600000006,0 -91.06509999999996,14.35695500000003,0 -91.06498899999997,14.35646600000006,0 -91.06496099999997,14.35623500000004,0 -91.06492699999995,14.35596900000007,0 -91.06483199999995,14.35580700000002,0 -91.06475699999999,14.35571800000002,0 -91.06451899999995,14.35556400000007,0 -91.06410799999996,14.35529600000008,0 -91.06356099999995,14.35582800000004,0 -91.06347199999999,14.35594100000003,0 -91.06319899999995,14.35605600000002,0 -91.06312899999995,14.35606700000005,0 -91.06313999999998,14.35612800000008,0 -91.06319799999994,14.35622600000005,0 -91.06326199999995,14.35631900000004,0 -91.06331399999999,14.35641100000005,0 -91.06339399999996,14.35649500000005,0 -91.06354199999998,14.35661400000004,0 -91.06357799999995,14.35672600000004,0 -91.06360999999995,14.35685900000004,0 -91.06366176499992,14.35690919600006,0 -91.06367599999997,14.35692300000005,0 -91.06381199999998,14.35701100000006,0 -91.06393099999997,14.35707700000006,0 -91.06416599999994,14.35717300000004,0 -91.06431999999994,14.35727100000002,0 -91.06436599999995,14.35739100000007,0 -91.06435959199996,14.35755038900003,0 -91.06435799999996,14.35759000000007,0 -91.06428999999994,14.35775100000007,0 
							</coordinates>
						</LinearRing>
					</outerBoundaryIs>
				</Polygon>
				<Polygon>
					<outerBoundaryIs>
						<LinearRing>
							<coordinates>
								-91.05588199999993,14.35865200000007,0 -91.05596199999995,14.35866500000003,0 -91.05623899999995,14.35867200000008,0 -91.05669699999999,14.35853600000007,0 -91.05703099999992,14.35840000000007,0 -91.05721899999999,14.35832600000003,0 -91.05742399999995,14.35831600000006,0 -91.05763799999994,14.35832200000005,0 -91.05768299999994,14.35821100000005,0 -91.05771899999996,14.35812100000004,0 -91.05773199999996,14.35798400000004,0 -91.05771499999997,14.35773200000006,0 -91.05769199999997,14.35704900000008,0 -91.05766899999996,14.35650700000002,0 -91.05765499999995,14.35637900000006,0 -91.05758899999995,14.35628800000006,0 -91.05747999999991,14.35622100000006,0 -91.05737999999995,14.35619100000003,0 -91.05727499999995,14.35619600000007,0 -91.05721599999998,14.35615900000005,0 -91.05720499999994,14.35604300000005,0 -91.05724999999993,14.35571200000004,0 -91.05728299999998,14.35541600000006,0 -91.05732399999994,14.35500900000005,0 -91.05747199999996,14.35431800000004,0 -91.05741699999999,14.35423200000003,0 -91.05727299999995,14.35406400000005,0 -91.05727799999993,14.35401100000008,0 -91.05730599999998,14.35385000000002,0 -91.05729999999993,14.35377900000004,0 -91.05722099999996,14.35374000000007,0 -91.05702699999995,14.35375300000005,0 -91.05682199999993,14.35378700000006,0 -91.056674,14.35384200000005,0 -91.05655199999995,14.35391000000005,0 -91.05643699999995,14.35402600000003,0 -91.05642956499997,14.35406266500006,0 -91.05640245299998,14.35419635100003,0 -91.05634999999995,14.35445500000003,0 -91.05626499999995,14.35488700000008,0 -91.05628599999994,14.35514900000003,0 -91.05631399999996,14.35532200000006,0 -91.05627199999999,14.35565700000006,0 -91.05624657399993,14.35575870300005,0 -91.05621599999994,14.35588100000008,0 -91.05625470199999,14.35606129300003,0 -91.05625699999996,14.35607200000004,0 -91.05625699999996,14.35614138300002,0 -91.05625699999996,14.35632200000003,0 -91.05627089999993,14.35634587900006,0 -91.05633499999999,14.35645600000004,0 -91.05642799999998,14.35666200000003,0 -91.05647099999999,14.35679300000004,0 -91.05644199999992,14.35694300000006,0 -91.05637199999995,14.35701000000005,0 -91.05625299999997,14.35709400000008,0 -91.05612799999994,14.35738500000003,0 -91.05601599999994,14.35799200000002,0 -91.05588199999993,14.35865200000007,0 
							</coordinates>
						</LinearRing>
					</outerBoundaryIs>
				</Polygon>
				<Polygon>
					<outerBoundaryIs>
						<LinearRing>
							<coordinates>
								-91.05758499999995,14.35871700000008,0 -91.05753899999995,14.35884000000008,0 -91.05724399999997,14.35964300000006,0 -91.05639499999995,14.36178500000005,0 -91.05619499999995,14.36235500000004,0 -91.05620899999995,14.36239500000004,0 -91.05625899999993,14.36244000000004,0 -91.05632699999997,14.36247300000001,0 -91.05652299999996,14.36254800000008,0 -91.05680099999994,14.36265400000008,0 -91.05688899999994,14.36270700000006,0 -91.05693299999996,14.3627480000001,0 -91.05693692927163,14.36274774141205,0 -91.05687313599996,14.36244964300008,0 -91.05684956099998,14.36229037600006,0 -91.05686078599996,14.36214232800008,0 -91.05690738699997,14.36200436500006,0 -91.05737495899996,14.36125750400004,0 -91.05822546899996,14.35929053200008,0 -91.05831841199995,14.35902816600006,0 -91.05836512599996,14.35893653100007,0 -91.05836497399999,14.35887507100006,0 -91.05760804199996,14.35859273800007,0 -91.05758499999995,14.35871700000008,0 
							</coordinates>
						</LinearRing>
					</outerBoundaryIs>
				</Polygon>
				<Polygon>
					<outerBoundaryIs>
						<LinearRing>
							<coordinates>
								-91.05536499999994,14.36218600000007,0 -91.05537099999998,14.36220100000003,0 -91.05538999999999,14.36229500000008,0 -91.05533199999996,14.36242400000003,0 -91.05526199999996,14.36254700000007,0 -91.05531999999991,14.36278300000004,0 -91.05535299999995,14.36285600000003,0 -91.05544999999994,14.36293800000004,0 -91.05551399999996,14.36295900000005,0 -91.05558099999995,14.36305300000004,0 -91.05566899999995,14.36315600000005,0 -91.05570199999995,14.36328800000007,0 -91.05579899999996,14.36332000000005,0 -91.05583899999991,14.36332300000004,0 -91.05583299999994,14.36326800000006,0 -91.05584499999996,14.36317300000007,0 -91.05584499999996,14.36306800000006,0 -91.05601999999998,14.36263400000008,0 -91.05673399999995,14.36079400000005,0 -91.05728399999998,14.35939600000006,0 -91.05749299999995,14.35886200000006,0 -91.05754599999995,14.35859500000004,0 -91.05757899999996,14.35845600000005,0 -91.05762499999996,14.35833800000005,0 -91.05719799999997,14.35835500000007,0 -91.05675099999998,14.35854000000007,0 -91.05641399999995,14.35864000000003,0 -91.05621599999995,14.35869900000006,0 -91.05606799999997,14.35869400000007,0 -91.05586999999996,14.35867200000007,0 -91.05581399999994,14.35903000000007,0 -91.05589599999995,14.35904800000002,0 -91.05595599999998,14.35908300000006,0 -91.05593699999997,14.35911400000003,0 -91.05589299999997,14.35917300000006,0 -91.05581899999997,14.35932100000002,0 -91.05575499999996,14.35945800000008,0 -91.05571799999993,14.35955400000007,0 -91.05564369799995,14.35982928000004,0 -91.05564897899995,14.36005701800008,0 -91.05571606299998,14.36046635300004,0 -91.05572359099996,14.36064807600008,0 -91.05571381199996,14.36081846800005,0 -91.05570741499996,14.36104447100007,0 -91.05564480399993,14.36127060700006,0 -91.05551181399994,14.36151046600002,0 -91.05528751199995,14.36185336500007,0 -91.05522667699995,14.36191942600004,0 -91.05522899999994,14.36206500000003,0 -91.05524399999996,14.36216500000007,0 -91.05527399999994,14.36218900000005,0 -91.05533499999994,14.36218000000001,0 -91.05536499999994,14.36218600000007,0 
							</coordinates>
						</LinearRing>
					</outerBoundaryIs>
				</Polygon>
				<Polygon>
					<outerBoundaryIs>
						<LinearRing>
							<coordinates>
								-91.05400199999998,14.36516500000005,0 -91.05394199999995,14.36532000000005,0 -91.05390499999999,14.36555300000003,0 -91.05390199999994,14.36561400000006,0 -91.05383799999997,14.36575000000006,0 -91.05377699999997,14.36588200000006,0 -91.05377299999998,14.36589000000003,0 -91.05376599999994,14.36601800000006,0 -91.05372199999994,14.36624700000004,0 -91.05373699999996,14.36630600000006,0 -91.05372099999992,14.36645200000003,0 -91.05361799999997,14.36671800000004,0 -91.05382399999996,14.36680900000005,0 -91.05409499999996,14.36688500000002,0 -91.05433299999999,14.36696000000006,0 -91.05436199999997,14.36684900000007,0 -91.05442199999997,14.36668400000008,0 -91.05469799999997,14.36606100000005,0 -91.05533099999997,14.36447500000004,0 -91.05545999999998,14.36412600000006,0 -91.05554599999994,14.36393100000004,0 -91.05551899999993,14.36390300000004,0 -91.05548499999998,14.36386600000003,0 -91.05546199999998,14.36382200000002,0 -91.05543699999998,14.36376700000005,0 -91.05537199999998,14.36371500000008,0 -91.05524799999995,14.36365700000005,0 -91.05498799999998,14.36356600000005,0 -91.05481199999997,14.36351500000007,0 -91.05476099999998,14.36348500000002,0 -91.05477099999996,14.36342200000007,0 -91.05480399999999,14.36338300000006,0 -91.05485699999996,14.36340200000007,0 -91.05491999999997,14.36349800000004,0 -91.05498099999994,14.36352500000005,0 -91.05517999999994,14.36358300000005,0 -91.05538699999993,14.36365700000004,0 -91.05551299999996,14.36368800000002,0 -91.05552799999998,14.36366100000004,0 -91.05557399999999,14.36356900000005,0 -91.05559399999999,14.36349300000006,0 -91.05559099999992,14.36338300000006,0 -91.05558899999996,14.36321400000003,0 -91.05555799999996,14.36316800000003,0 -91.05542499999996,14.36304300000007,0 -91.05529399999995,14.36293800000003,0 -91.05525099999994,14.36287700000003,0 -91.05525599999997,14.36275200000006,0 -91.05523299999997,14.36261500000006,0 -91.05521499999996,14.36247400000007,0 -91.05517999999994,14.36233200000004,0 -91.05517199999998,14.36215800000003,0 -91.05513499999995,14.36205100000007,0 -91.05511042699999,14.36203759700004,0 -91.05490674499997,14.36220001900005,0 -91.05475255099999,14.36241958900007,0 -91.05468276399992,14.36255647600007,0 -91.05464805899999,14.36270119000005,0 -91.05462741299999,14.36290688800005,0 -91.05458604999995,14.36329003500004,0 -91.05457961899997,14.36350247900004,0 -91.05465740199996,14.36367065900004,0 -91.05468584599997,14.36380731500004,0 -91.05465820899997,14.36399834000002,0 -91.05458161799997,14.36431377300006,0 -91.05448361999997,14.36452643200004,0 -91.05437890699993,14.36471876700005,0 -91.05430889699996,14.36488277300002,0 -91.05426677699994,14.36495857700004,0 -91.05421074599997,14.36503328500003,0 -91.05414838099996,14.36508152600004,0 -91.05418499999995,14.36510500000003,0 -91.05414899999992,14.36516300000005,0 -91.05411799999996,14.36513000000001,0 -91.05410665999995,14.36511380000007,0 -91.05407741599996,14.36513642100005,0 -91.05400404899997,14.36516230800004,0 -91.05400199999998,14.36516500000005,0 
							</coordinates>
						</LinearRing>
					</outerBoundaryIs>
				</Polygon>
				<Polygon>
					<outerBoundaryIs>
						<LinearRing>
							<coordinates>
								-91.05595199999999,14.36291000000005,0 -91.05590099999992,14.36309900000003,0 -91.05589099999996,14.36321600000003,0 -91.05588199999993,14.36336000000006,0 -91.05582199999998,14.36353000000002,0 -91.05569799999995,14.36375500000002,0 -91.05561299999994,14.36387200000007,0 -91.05557099999999,14.36394800000005,0 -91.05468299999995,14.36626100000007,0 -91.05447399999996,14.36674200000005,0 -91.05443399999994,14.36701500000005,0 -91.05452299999996,14.36707700000006,0 -91.05468699999994,14.36720700000007,0 -91.05480299999992,14.36730300000006,0 -91.05484799999994,14.36736300000006,0 -91.05490399999996,14.36738700000007,0 -91.05493699999994,14.36732900000005,0 -91.05498699999998,14.36726700000003,0 -91.05508899999995,14.36716200000007,0 -91.05518899999997,14.36704700000008,0 -91.05527899999998,14.36692300000004,0 -91.05538499999994,14.36673500000007,0 -91.05550399999997,14.36635200000007,0 -91.05621599999994,14.36454300000003,0 -91.05655099999996,14.36368500000004,0 -91.05671899999999,14.36326300000007,0 -91.05689399999993,14.36282900000004,0 -91.05689799999999,14.36276800000007,0 -91.05685499999996,14.36272400000007,0 -91.05668699999995,14.36264400000004,0 -91.05646699999994,14.36255200000005,0 -91.05627399999996,14.36248400000006,0 -91.05615799999997,14.36241100000006,0 -91.05595199999999,14.36291000000005,0 
							</coordinates>
						</LinearRing>
					</outerBoundaryIs>
				</Polygon>
				<Polygon>
					<outerBoundaryIs>
						<LinearRing>
							<coordinates>
								-91.05235092899994,14.36665683700008,0 -91.05233231799997,14.36674840500006,0 -91.05235143899996,14.36686474500007,0 -91.05242077899999,14.3670171250001,0 -91.05244625799997,14.36712667000007,0 -91.05244007699996,14.36720578100007,0 -91.05239655999995,14.36730305700007,0 -91.05232787999995,14.36741960200007,0 -91.05229032899994,14.36746827700008,0 -91.05227326099998,14.36747526100004,0 -91.05229399999996,14.36749600000004,0 -91.05233602132074,14.36769047076809,0 -91.05279799999991,14.36780500000004,0 -91.05284499999996,14.36757500000005,0 -91.052891,14.36741700000006,0 -91.05295799999999,14.36728000000004,0 -91.05298899999995,14.36721700000004,0 -91.05303099999998,14.36706200000002,0 -91.05309999999996,14.36677200000001,0 -91.05313899999997,14.36665400000004,0 -91.05319599999996,14.36657700000008,0 -91.05332299999998,14.36661700000007,0 -91.05342299999992,14.36664200000009,0 -91.05358299999995,14.36670700000008,0 -91.05363199999992,14.36652400000004,0 -91.05364999999995,14.36637600000008,0 -91.05368399999999,14.36622300000006,0 -91.05373399999995,14.36589500000003,0 -91.05377099999998,14.36570900000002,0 -91.05383099999993,14.36552400000006,0 -91.05389451099995,14.36517865700006,0 -91.05388076599996,14.36517868900009,0 -91.05384565099997,14.36515730200005,0 -91.05383862999997,14.36513020000008,0 -91.05387868399998,14.36480355300006,0 -91.05390848199993,14.36443060200002,0 -91.05392558999995,14.36420005400006,0 -91.05392532599994,14.36409271000002,0 -91.05391187199996,14.36404189400004,0 -91.05389005299996,14.36400691700006,0 -91.05382393399996,14.36398560300005,0 -91.05376831199999,14.36399138200005,0 -91.05365565099997,14.36401537400008,0 -91.05357402899993,14.36405285300003,0 -91.05348035499998,14.36413894800009,0 -91.05332444999998,14.36437095000005,0 -91.05317415799999,14.36476452100004,0 -91.05304341399994,14.36509477000007,0 -91.05296222299995,14.36530851900008,0 -91.05285014699996,14.36557092700001,0 -91.05276310299995,14.36576096000007,0 -91.05264412699994,14.36604598400005,0 -91.05246330999994,14.36640007700004,0 -91.05235092899994,14.36665683700008,0 
							</coordinates>
						</LinearRing>
					</outerBoundaryIs>
				</Polygon>
				<Polygon>
					<outerBoundaryIs>
						<LinearRing>
							<coordinates>
								-91.05319499999995,14.36667600000004,0 -91.05313499999994,14.36675200000007,0 -91.05311699999997,14.36683400000004,0 -91.05308399999996,14.36701300000004,0 -91.05304699999992,14.36721100000006,0 -91.05297199999994,14.36733800000008,0 -91.05292499999996,14.36750700000006,0 -91.05285799999997,14.36775500000003,0 -91.05288999999999,14.36778600000003,0 -91.05293999999998,14.36780200000004,0 -91.05317599999994,14.36786800000005,0 -91.05360899999994,14.36797300000006,0 -91.05405299999995,14.36808400000006,0 -91.05419199999994,14.36809200000005,0 -91.05454799999995,14.36814400000004,0 -91.05458199999997,14.36811900000003,0 -91.05461599999995,14.36807000000003,0 -91.05467299999998,14.36793700000004,0 -91.05473599999998,14.36777500000004,0 -91.05480899999996,14.36759100000006,0 -91.05481799999994,14.36748500000004,0 -91.05475299999995,14.36735600000003,0 -91.05457899999998,14.36723100000007,0 -91.05444699999997,14.36708500000003,0 -91.05433899999996,14.36701700000004,0 -91.05416699999996,14.36695400000001,0 -91.05387899999994,14.36686700000008,0 -91.05363199999994,14.36677700000006,0 -91.05340699999992,14.36668500000009,0 -91.05326299999994,14.36663900000008,0 -91.05319499999995,14.36667600000004,0 
							</coordinates>
						</LinearRing>
					</outerBoundaryIs>
				</Polygon>
				<Polygon>
					<outerBoundaryIs>
						<LinearRing>
							<coordinates>
								-91.05212759699997,14.36751724400005,0 -91.05206509699997,14.36755467700005,0 -91.05200878599999,14.36763390500006,0 -91.05195256599995,14.36775042000004,0 -91.05177183199999,14.36813954100006,0 -91.05164142699992,14.36860990100008,0 -91.05159823899999,14.36884164000002,0 -91.05157346099998,14.36901796900003,0 -91.05158628099998,14.36916483100002,0 -91.05162411799995,14.36923254000003,0 -91.05176832899997,14.36931130000005,0 -91.05197545199997,14.36940234200006,0 -91.05215724599998,14.36944485600003,0 -91.05233278799993,14.36941958800003,0 -91.05244542099994,14.36938316800006,0 -91.05254168499994,14.36936816600007,0 -91.05252599999993,14.36933000000004,0 -91.05251599999997,14.36922500000003,0 -91.05252899999992,14.36917500000004,0 -91.05256799999995,14.36909200000002,0 -91.05260999999994,14.36892600000005,0 -91.052668,14.36871900000005,0 -91.05269499999997,14.36863000000005,0 -91.05269099999998,14.36858400000006,0 -91.05266699999999,14.36852200000004,0 -91.05262699999997,14.36846500000007,0 -91.05257999999996,14.36841800000008,0 -91.05253299999997,14.36830900000007,0 -91.05248599999999,14.36822100000007,0 -91.05244999999996,14.36820100000005,0 -91.05243299999994,14.36812400000003,0 -91.05241599999995,14.36804700000005,0 -91.05241299999993,14.36796100000004,0 -91.05236699999995,14.36793000000007,0 -91.05229399999995,14.36786500000005,0 -91.05224499999997,14.36781700000005,0 -91.05222299999997,14.36776700000006,0 -91.05223599999994,14.36769200000003,0 -91.05225299999995,14.36760100000004,0 -91.05224699999997,14.36756100000002,0 -91.05219454199992,14.36750329600006,0 -91.05212759699997,14.36751724400005,0 
							</coordinates>
						</LinearRing>
					</outerBoundaryIs>
				</Polygon>
				<Polygon>
					<outerBoundaryIs>
						<LinearRing>
							<coordinates>
								-91.05405599999995,14.37025400000005,0 -91.05497199999996,14.37051800000006,0 -91.05583799999992,14.37073800000007,0 -91.05600092499998,14.37054650000005,0 -91.05621999999994,14.37028900000007,0 -91.05622299999999,14.37014400000004,0 -91.05619299999995,14.36994200000003,0 -91.05605499999994,14.36953300000005,0 -91.05599557199996,14.36949970000006,0 -91.05593899999997,14.36946800000003,0 -91.05592017899994,14.36944820900005,0 -91.05582611699997,14.36952551300004,0 -91.05573061699994,14.36959988000006,0 -91.05556161399994,14.36971507900006,0 -91.05540975499994,14.36981827900008,0 -91.05528704799997,14.36980421700003,0 -91.05513719399994,14.36972564100005,0 -91.05495529299995,14.36958495600003,0 -91.05485690799996,14.36948473500007,0 -91.05483187899995,14.36928388900003,0 -91.05481212199997,14.36923131800006,0 -91.05485566399994,14.36898008600003,0 -91.05494832799995,14.36875026400004,0 -91.05507540399996,14.36854667000006,0 -91.05510609099996,14.36844116500003,0 -91.05501299999997,14.36839000000004,0 -91.05459499999994,14.36831700000006,0 -91.05440499999997,14.36913100000004,0 -91.05405599999995,14.37025400000005,0 
							</coordinates>
						</LinearRing>
					</outerBoundaryIs>
				</Polygon>
				<Polygon>
					<outerBoundaryIs>
						<LinearRing>
							<coordinates>
								-91.05355599999996,14.37183300000005,0 -91.05289599999995,14.37387700000005,0 -91.05306699999993,14.37387700000005,0 -91.05322999999997,14.37392000000011,0 -91.05338799999997,14.37394500000005,0 -91.05345399999997,14.37398800000007,0 -91.05358586299995,14.37389993100005,0 -91.05399265599998,14.37370285900008,0 -91.05415440399996,14.37364329800008,0 -91.05421800899997,14.3735134830001,0 -91.05438052899996,14.37302383800004,0 -91.05455140699998,14.37239858000004,0 -91.05461819799996,14.37222102300009,0 -91.05471347899997,14.37208068700008,0 -91.05487601399993,14.37195036300008,0 -91.05505773999992,14.37184711200007,0 -91.05522038599997,14.37176198500004,0 -91.05533471760782,14.37166459638639,0 -91.05490299999994,14.37150700000007,0 -91.05484199999995,14.37154400000007,0 -91.05481499999996,14.37151500000004,0 -91.05480299999995,14.37145500000002,0 -91.05466199999995,14.37140000000005,0 -91.05445899999995,14.37136600000004,0 -91.05417599999998,14.37128500000008,0 -91.05396199999994,14.37122200000004,0 -91.05378999999992,14.37119600000005,0 -91.05355599999996,14.37183300000005,0 
							</coordinates>
						</LinearRing>
					</outerBoundaryIs>
				</Polygon>
				<Polygon>
					<outerBoundaryIs>
						<LinearRing>
							<coordinates>
								-91.05107999999996,14.37546800000008,0 -91.05090599999993,14.37567300000006,0 -91.05079999999997,14.37581500000004,0 -91.05079999999997,14.37587500000011,0 -91.05064366199997,14.37624254400008,0 -91.05059199999992,14.37636400000006,0 -91.05061199999992,14.3766580000001,0 -91.05077999999997,14.37689600000005,0 -91.05082827199999,14.37692220500005,0 -91.05088499999992,14.37695300000008,0 -91.05095699999997,14.37701200000003,0 -91.05098325499995,14.37712268200009,0 -91.05100799999997,14.37722700000009,0 -91.05110699999994,14.37734300000005,0 -91.05118252999992,14.37734218800005,0 -91.05119999999994,14.37734200000005,0 -91.05118999999996,14.37654400000002,0 -91.05125199999998,14.37621400000006,0 -91.05134199999998,14.37601700000006,0 -91.05154499999996,14.37563200000005,0 -91.05162099999994,14.37547600000006,0 -91.05150299999997,14.3754210000001,0 -91.05142699999999,14.37540700000006,0 -91.05139799999992,14.37536100000007,0 -91.05147399999998,14.37535200000009,0 -91.05154499999998,14.3753610000001,0 -91.05164899999993,14.3753980000001,0 -91.05176799999997,14.37521400000005,0 -91.05188599999998,14.37491600000006,0 -91.05197399999996,14.37478500000001,0 -91.05210699999996,14.3746180000001,0 -91.05242999999996,14.37436500000008,0 -91.05264299999999,14.37420200000003,0 -91.05274499999994,14.37407700000006,0 -91.05286899999997,14.37369900000006,0 -91.05337099999997,14.37210800000004,0 -91.05369005775216,14.37111501647257,0 -91.05186817876465,14.37078503719223,0 -91.05189722599992,14.37094376600009,0 -91.05192914799993,14.37119905900009,0 -91.05198519399993,14.37148367400006,0 -91.05206091999999,14.37175807300004,0 -91.05205470799994,14.37182475400006,0 -91.05204871399997,14.37186205600009,0 -91.05204653299995,14.37186394100008,0 -91.05213599999993,14.37194100000006,0 -91.05225399999993,14.37202900000006,0 -91.05222699999996,14.37208400000005,0 -91.05218899999994,14.37206600000009,0 -91.05213899999995,14.37201800000005,0 -91.05203999999998,14.37194800000004,0 -91.05195912099997,14.37193182400008,0 -91.05190465999998,14.37196634700006,0 -91.05179204199997,14.37200954700011,0 -91.05179429299993,14.37221858100003,0 -91.05180182899993,14.37233720700007,0 -91.05183106699997,14.37244335400005,0 -91.05187472199998,14.37252008800005,0 -91.05194708499994,14.37260466500005,0 -91.05202674499998,14.37271069400004,0 -91.05209216899999,14.37280206700009,0 -91.05213553500001,14.3728788020001,0 -91.05214300399996,14.37297031000006,0 -91.05210055299995,14.37326645300001,0 -91.05209348099997,14.37333652600005,0 -91.05209374099996,14.37344274000007,0 -91.05209399899994,14.37354782400008,0 -91.05209420699998,14.3736325690001,0 -91.05207990699994,14.37370943900003,0 -91.05204378999997,14.37375246100008,0 -91.05201484499997,14.37376608800003,0 -91.05194993399994,14.37376623900008,0 -91.05184152399994,14.37375293200008,0 -91.05171129099993,14.37370351900005,0 -91.05169650799995,14.37358377900003,0 -91.05169621399995,14.37346400600008,0 -91.05171044499996,14.37335888800006,0 -91.05173921599999,14.37327407500003,0 -91.05173900799997,14.37318933000007,0 -91.05173873299997,14.37307746700005,0 -91.05170237299993,14.37302105400005,0 -91.05164468999999,14.3730144090001,0 -91.05157946999995,14.37300665100004,0 -91.05147833799997,14.37300688700006,0 -91.05134834899995,14.37305690700005,0 -91.05116103699997,14.37324717400004,0 -91.05111054999999,14.37333881600006,0 -91.05108910999996,14.37345864000002,0 -91.05106456799996,14.37358100000006,0 -91.05117299999996,14.37358100000005,0 -91.05119836099998,14.37411358400007,0 -91.05120799999997,14.37431600000002,0 -91.05121165199996,14.37484852100004,0 -91.05121299999996,14.37504500000003,0 -91.05115199999993,14.37532600000003,0 -91.05107999999996,14.37546800000008,0 
							</coordinates>
						</LinearRing>
					</outerBoundaryIs>
				</Polygon>
				<Polygon>
					<outerBoundaryIs>
						<LinearRing>
							<coordinates>
								-91.05161799999996,14.37736200000007,0 -91.05189599999994,14.37744800000007,0 -91.05198220199998,14.37773496400008,0 -91.05206709999999,14.37801758400009,0 -91.05212399999992,14.37820700000003,0 -91.05229499999996,14.37824100000006,0 -91.052440463,14.37821794900003,0 -91.05247799999997,14.37821200000008,0 -91.05246699999996,14.37794900000006,0 -91.05246439299997,14.37793543700007,0 -91.05238727499994,14.37753422000002,0 -91.05232059799995,14.37718732600008,0 -91.05231399999995,14.37715300000003,0 -91.05221499999998,14.37696200000005,0 -91.05215899999996,14.37677600000006,0 -91.05225899999995,14.37652400000008,0 -91.05235399999997,14.37633000000005,0 -91.05241393399996,14.37622368900003,0 -91.05243799999995,14.37618100000002,0 -91.05245099999996,14.37600600000007,0 -91.05255599999998,14.37539600000003,0 -91.05259799999999,14.37533500000006,0 -91.05265699999997,14.37516800000003,0 -91.05266872899995,14.37512633100005,0 -91.05269499999994,14.37503300000004,0 -91.05281599999995,14.37495300000007,0 -91.05302399999994,14.37481800000007,0 -91.05315899999994,14.37462700000004,0 -91.05329099999992,14.37424800000002,0 -91.05339499999995,14.37408700000003,0 -91.05341899999993,14.37400300000008,0 -91.05316999999997,14.37393200000002,0 -91.05289299999997,14.37392200000005,0 -91.05274899999993,14.37420000000004,0 -91.05266399999992,14.37431100000004,0 -91.05252599999993,14.37440600000002,0 -91.05233999999996,14.37455200000006,0 -91.05204199999997,14.37480500000004,0 -91.05186399999995,14.37514700000003,0 -91.05169999999998,14.37551100000006,0 -91.05177499999996,14.37572500000005,0 -91.05182599999993,14.37588400000003,0 -91.05182599999995,14.37606200000005,0 -91.05181699999996,14.37621100000007,0 -91.05171499999994,14.37637400000005,0 -91.05169699999996,14.37653600000005,0 -91.05173399999993,14.37672200000004,0 -91.05181699999996,14.37695200000007,0 -91.05187299999994,14.37713200000009,0 -91.05192099999994,14.37722700000005,0 -91.05191799999994,14.37729100000007,0 -91.05188299999998,14.37729400000007,0 -91.05186699999994,14.37726400000002,0 -91.05181699999996,14.37709600000005,0 -91.05173799999994,14.37682300000005,0 -91.05164299999994,14.37653000000007,0 -91.05166499999996,14.37631500000003,0 -91.05174999999996,14.37615900000003,0 -91.05176899999996,14.37588700000004,0 -91.05175299999996,14.37580500000007,0 -91.05166499999996,14.37558700000006,0 -91.05159499999996,14.37566400000002,0 -91.05143590699997,14.37598052800008,0 -91.05152057199996,14.37612426300007,0 -91.05153091399995,14.37633949300004,0 -91.05156070799995,14.37648292700005,0 -91.05157177699994,14.37667022200003,0 -91.05158299999992,14.37667600000003,0 -91.05158799999998,14.37695200000009,0 -91.05164799999994,14.37696900000002,0 -91.05166799999992,14.37700700000006,0 -91.05165599999997,14.37704400000008,0 -91.05161499999997,14.37705300000006,0 -91.05157699999992,14.37712100000005,0 -91.05161799999996,14.37736200000007,0 
							</coordinates>
						</LinearRing>
					</outerBoundaryIs>
				</Polygon>
				<Polygon>
					<outerBoundaryIs>
						<LinearRing>
							<coordinates>
								-91.05035099999996,14.39169100000005,0 -91.05041021499993,14.39170703700005,0 -91.05042056799994,14.39168163200003,0 -91.05046714299992,14.39164762500008,0 -91.05060692099994,14.39156707400003,0 -91.05074377599999,14.39147636000008,0 -91.05085944299998,14.39137213600003,0 -91.05099366999994,14.39127351900003,0 -91.05116031899996,14.39116013600005,0 -91.05129437699996,14.39099259300003,0 -91.05138653699998,14.39075735000005,0 -91.05146031499999,14.39058994700002,0 -91.05157570299997,14.39037272900004,0 -91.05176039399997,14.39005365500003,0 -91.051852678,14.38986926000007,0 -91.05192192999993,14.38974706500006,0 -91.05197739399992,14.38967461900007,0 -91.05202827699996,14.38962478300004,0 -91.05209769599996,14.38957038400002,0 -91.05218551699994,14.38945718500002,0 -91.05229631099995,14.38925805600008,0 -91.05237937399993,14.38909515100005,0 -91.05238234899998,14.38908461400007,0 -91.05235299999998,14.38902500000006,0 -91.05226399999998,14.38887300000005,0 -91.05206799999995,14.38882800000004,0 -91.05196999999997,14.38877400000007,0 -91.05192927599997,14.38871444700004,0 -91.05187699999998,14.38863800000007,0 -91.05182999999994,14.38858100000005,0 -91.05173130199995,14.38854651500003,0 -91.05166399999996,14.38852300000007,0 -91.05007099999995,14.39161000000007,0 -91.05008699999995,14.39164400000004,0 -91.05013899999996,14.39165600000006,0 -91.05022299999995,14.39164800000004,0 -91.05035099999996,14.39169100000005,0 
							</coordinates>
						</LinearRing>
					</outerBoundaryIs>
				</Polygon>
				<Polygon>
					<outerBoundaryIs>
						<LinearRing>
							<coordinates>
								-91.04957199999994,14.39263600000004,0 -91.04950999999993,14.39272100000006,0 -91.04923999999993,14.39332500000005,0 -91.04908799999998,14.39361000000003,0 -91.04912499999995,14.39366700000005,0 -91.04930799999994,14.39371900000003,0 -91.04958099999999,14.39380500000005,0 -91.05001599999994,14.39394800000002,0 -91.05050899999995,14.39405200000005,0 -91.05067399999996,14.39407300000005,0 -91.05078899999995,14.39403500000003,0 -91.05070599999999,14.39390300000001,0 -91.05062899999994,14.39382400000005,0 -91.05062299999996,14.39369600000003,0 -91.05069899999995,14.39354100000004,0 -91.05077899999998,14.39345100000003,0 -91.05085899999993,14.39339700000004,0 -91.05100299999998,14.39328500000005,0 -91.05111099999995,14.39320300000002,0 -91.05122299999994,14.39312600000006,0 -91.05131499999999,14.39298600000007,0 -91.05147199999999,14.39269900000005,0 -91.05154799999997,14.39259800000008,0 -91.05169199999995,14.39260600000006,0 -91.05180799999994,14.39259500000003,0 -91.05187199999993,14.39250200000003,0 -91.05190799999995,14.39230000000003,0 -91.05196399999994,14.39215700000006,0 -91.05208399999998,14.39204000000006,0 -91.05229499999994,14.39177600000005,0 -91.05244399999997,14.39153800000004,0 -91.05258599999996,14.39124600000002,0 -91.05268299999996,14.39100100000007,0 -91.05270399999993,14.39080000000008,0 -91.05280799999997,14.39061900000008,0 -91.05292599999996,14.39051500000004,0 -91.05298799999997,14.39028000000008,0 -91.053026,14.39013200000005,0 -91.05300199999994,14.39004200000004,0 -91.05288099999996,14.38998100000003,0 -91.05264899999997,14.39002200000005,0 -91.05259661399997,14.39004192900005,0 -91.05254623799996,14.39013091700002,0 -91.05241842799995,14.39036398300004,0 -91.05227901299997,14.39059142600008,0 -91.05218016399994,14.39069900200007,0 -91.05206962899994,14.39076818600005,0 -91.05194723799997,14.39084756800003,0 -91.05187143399998,14.39089859200005,0 -91.05180178899997,14.39097898000007,0 -91.05175538099996,14.39108078300006,0 -91.05170896099996,14.39117806600006,0 -91.05166246999995,14.39124597100004,0 -91.05162173199993,14.39129691300008,0 -91.05153434,14.39134909400008,0 -91.05140612399998,14.39141719000003,0 -91.05119051499997,14.39153746600005,0 -91.05103884099999,14.39161239600004,0 -91.05094544199993,14.39169735900004,0 -91.05089899199999,14.39178221300006,0 -91.05087019499996,14.39185685600007,0 -91.05084678999997,14.39188515900003,0 -91.05080020099997,14.39191351600005,0 -91.05067181799994,14.39191381500006,0 -91.05063720199996,14.39190995000008,0 -91.05057699999996,14.39192100000003,0 -91.05043699999999,14.39190200000007,0 -91.05037999999995,14.39177800000004,0 -91.05019099999996,14.39170100000007,0 -91.050076,14.39170100000007,0 -91.05006999999993,14.39170600000006,0 -91.05006499999996,14.39175900000004,0 -91.05009799999998,14.39187300000004,0 -91.05021299999996,14.39201900000006,0 -91.05029499999995,14.39206900000005,0 -91.05043399999994,14.39207700000003,0 -91.05067199999996,14.39204300000005,0 -91.05097399999991,14.39197400000006,0 -91.05116599999995,14.39193300000005,0 -91.05134899999995,14.39195300000006,0 -91.05155399999994,14.39200200000004,0 -91.05164499999994,14.39199600000007,0 -91.05172499999999,14.39193000000006,0 -91.05187099999995,14.39166600000004,0 -91.05198599999994,14.39152300000007,0 -91.05219699999996,14.39126700000004,0 -91.05234199999995,14.39106600000002,0 -91.05256699999995,14.39074800000003,0 -91.05269399999996,14.39056400000005,0 -91.05277699999992,14.39051300000005,0 -91.05278899999995,14.39055000000007,0 -91.05270599999994,14.39063000000004,0 -91.05261699999996,14.39074800000002,0 -91.05243599999994,14.39099800000002,0 -91.05216399999996,14.39136500000007,0 -91.05193599999996,14.39163700000006,0 -91.05171399999993,14.39203200000002,0 -91.05156799999996,14.39203800000008,0 -91.05133999999998,14.39197900000005,0 -91.05118799999995,14.39196100000003,0 -91.050957,14.39200600000003,0 -91.05054899999999,14.39208800000005,0 -91.05034799999999,14.39211100000005,0 -91.05022399999996,14.39205600000003,0 -91.05011399999995,14.39192000000002,0 -91.05002899999995,14.39176400000002,0 -91.04991299999995,14.39185200000003,0 -91.04988799999995,14.39194200000003,0 -91.04978899999998,14.39214300000004,0 -91.04962099999995,14.39248900000008,0 -91.04957199999994,14.39263600000004,0 
							</coordinates>
						</LinearRing>
					</outerBoundaryIs>
				</Polygon>
				<Polygon>
					<outerBoundaryIs>
						<LinearRing>
							<coordinates>
								-91.04774799999994,14.39295400000002,0 -91.04754699999994,14.39326100000006,0 -91.04726399999997,14.39378600000002,0 -91.04764299999992,14.39392800000008,0 -91.04806499999995,14.39407700000005,0 -91.04830199999998,14.39415000000003,0 -91.04963199999997,14.39141600000005,0 -91.05036399999995,14.38996000000003,0 -91.05109399999998,14.38858000000005,0 -91.05115999999995,14.38845700000007,0 -91.05094999999993,14.38840900000003,0 -91.05074199999997,14.38834700000006,0 -91.05056899999994,14.38827500000003,0 -91.05043599999996,14.38819400000005,0 -91.05035899999996,14.38806500000004,0 -91.05033499999996,14.38786800000002,0 -91.05032799999996,14.38766400000002,0 -91.05030599999998,14.38750700000003,0 -91.05027099999994,14.38730800000007,0 -91.05021499999999,14.38731900000004,0 -91.05015999999995,14.38734400000005,0 -91.05006799999995,14.38736300000005,0 -91.05006099999997,14.38749100000008,0 -91.05009199999995,14.38750000000004,0 -91.05020599999995,14.38765800000005,0 -91.05023799999998,14.38778400000008,0 -91.05017299999997,14.38807200000002,0 -91.05026299999999,14.38833800000004,0 -91.05030999999997,14.38888100000002,0 -91.05022939799994,14.38904649700003,0 -91.05014099999994,14.38922800000007,0 -91.05004409699994,14.38943107500008,0 -91.05002599999993,14.38946900000008,0 -91.04973599999994,14.39001200000006,0 -91.04974299999998,14.39034600000003,0 -91.04929999999996,14.39125700000006,0 -91.04921699999994,14.39132500000004,0 -91.04899121699997,14.39124727100007,0 -91.04891199999994,14.39122000000004,0 -91.04884894999996,14.39121115100005,0 -91.04874099999994,14.39119600000003,0 -91.04859499999998,14.39118800000006,0 -91.04837799999996,14.39159600000004,0 -91.04844899999993,14.39168100000007,0 -91.04845299999992,14.39181000000007,0 -91.04837799999996,14.39200400000005,0 -91.04836099999994,14.39220200000005,0 -91.04840299999994,14.39236000000004,0 -91.04844899999995,14.39248100000004,0 -91.04834899999994,14.39268700000003,0 -91.04822299999995,14.39272800000003,0 -91.04805599999997,14.39269500000007,0 -91.04788499999995,14.39270700000003,0 -91.04774799999994,14.39295400000002,0 
							</coordinates>
						</LinearRing>
					</outerBoundaryIs>
				</Polygon>
				<Polygon>
					<outerBoundaryIs>
						<LinearRing>
							<coordinates>
								-91.04721999999998,14.39389600000004,0 -91.04713799999995,14.39409400000005,0 -91.04714999999999,14.39416000000006,0 -91.04711999999994,14.39425300000004,0 -91.04712999999997,14.39429400000007,0 -91.04712599999999,14.39433600000007,0 -91.04708599999996,14.39451100000002,0 -91.04703699999997,14.39466900000001,0 -91.04706399999998,14.39474700000005,0 -91.04687399999993,14.39514900000006,0 -91.04686299999996,14.39523900000006,0 -91.04690799999997,14.39536600000003,0 -91.04695299999996,14.39548300000008,0 -91.04699599999998,14.39558500000004,0 -91.04704099999996,14.39566100000006,0 -91.04694979899993,14.39582551900003,0 -91.04688799999997,14.39593700000007,0 -91.04688899999998,14.39597400000003,0 -91.04690527499999,14.39600534400006,0 -91.04691599999995,14.39602600000006,0 -91.04683499999999,14.39621200000005,0 -91.04684299999997,14.39625400000006,0 -91.04705399999993,14.39632000000005,0 -91.04727399999996,14.39637600000003,0 -91.04736099999995,14.39641700000004,0 -91.04737699999998,14.39638700000006,0 -91.04770899999994,14.39563200000004,0 -91.04833099999996,14.39431400000006,0 -91.04831999999999,14.39423300000005,0 -91.04817199999998,14.39416700000005,0 -91.04776599999997,14.39403200000003,0 -91.04729299999995,14.39382400000004,0 -91.04721999999998,14.39389600000004,0 
							</coordinates>
						</LinearRing>
					</outerBoundaryIs>
				</Polygon>
				<Polygon>
					<outerBoundaryIs>
						<LinearRing>
							<coordinates>
								-91.04779399999994,14.39613600000007,0 -91.04784599999994,14.39618200000006,0 -91.04813499999995,14.39623700000005,0 -91.04857699999997,14.39636900000005,0 -91.04860999999994,14.39638700000007,0 -91.04862399999996,14.39638700000007,0 -91.04898099999997,14.39647800000007,0 -91.04926299999994,14.39655500000003,0 -91.04934299999996,14.39646000000005,0 -91.04941799999995,14.39631400000007,0 -91.04954499999995,14.39613200000002,0 -91.04954499999995,14.39600000000008,0 -91.04952599999996,14.39583600000004,0 -91.04942699999998,14.39578200000005,0 -91.04925799999997,14.39570400000002,0 -91.04912599999994,14.39565900000001,0 -91.04916899999995,14.39562200000006,0 -91.04929099999997,14.39564500000005,0 -91.04934299999996,14.39564500000006,0 -91.04945099999998,14.39563100000005,0 -91.04958199999999,14.39562200000006,0 -91.04975099999997,14.39544000000006,0 -91.04975599999995,14.39543100000003,0 -91.04992999999995,14.39534500000008,0 -91.05010399999998,14.39491200000003,0 -91.05021699999998,14.39472600000006,0 -91.05037199999997,14.39469400000007,0 -91.05058299999996,14.39464400000003,0 -91.05069099999996,14.39449800000005,0 -91.05078999999994,14.39432100000004,0 -91.05074299999995,14.39416600000004,0 -91.05043699999999,14.39409800000003,0 -91.04990599999996,14.39396100000005,0 -91.04912699999993,14.39371600000004,0 -91.04899499999999,14.39371600000004,0 -91.04779399999994,14.39613600000007,0 
							</coordinates>
						</LinearRing>
					</outerBoundaryIs>
				</Polygon>
				<Polygon>
					<outerBoundaryIs>
						<LinearRing>
							<coordinates>
								-91.04571599999996,14.39594700000006,0 -91.04567999999993,14.39604600000008,0 -91.04566199999994,14.39618400000009,0 -91.04565999999994,14.39618900000005,0 -91.04561399999993,14.39629800000006,0 -91.04555799999996,14.39637000000006,0 -91.04553899999996,14.39647000000002,0 -91.04549599999996,14.39651600000012,0 -91.04547899999993,14.39658600000007,0 -91.04543799999998,14.39662200000003,0 -91.04538313099994,14.39669462100005,0 -91.04536999999996,14.39671200000004,0 -91.04529590999994,14.39681911800006,0 -91.04528699999997,14.39683200000007,0 -91.04521999999994,14.3969710000001,0 -91.04521699999998,14.39722500000005,0 -91.04524899999996,14.39751300000006,0 -91.04521670399997,14.3976775580001,0 -91.04520699999995,14.39772700000004,0 -91.04521622999994,14.39794559800005,0 -91.04522599999997,14.39817700000003,0 -91.04533999999994,14.39824600000006,0 -91.04563333494637,14.39835122836112,0 -91.04619623285615,14.39717872858677,0 -91.04614999999994,14.39699300000007,0 -91.04608999999994,14.39637000000009,0 -91.04596799999997,14.39621600000005,0 -91.04593999999994,14.3960440000001,0 -91.04588199999992,14.39601100000004,0 -91.04583399999996,14.3958430000001,0 -91.04574499999997,14.39583600000004,0 -91.04571599999996,14.39594700000006,0 
							</coordinates>
						</LinearRing>
					</outerBoundaryIs>
				</Polygon>
				<Polygon>
					<outerBoundaryIs>
						<LinearRing>
							<coordinates>
								-91.04613799999998,14.39939800000007,0 -91.04615799999998,14.39944900000006,0 -91.04626599999995,14.39950700000003,0 -91.04676199999993,14.39964400000003,0 -91.04699199999999,14.39970600000003,0 -91.04718699999992,14.39977400000003,0 -91.04738099999997,14.39981900000004,0 -91.04741099999995,14.39976600000005,0 -91.04746699999997,14.39963200000004,0 -91.04756799999996,14.39940900000004,0 -91.04758699999998,14.39926600000006,0 -91.04766899999996,14.39904900000004,0 -91.04784899999997,14.39854300000008,0 -91.04802999999997,14.39813600000001,0 -91.04809099999994,14.39814000000007,0 -91.04810599999996,14.39811700000007,0 -91.04822899999994,14.39791100000002,0 -91.04839099999997,14.39773600000006,0 -91.04844099999997,14.39772900000002,0 -91.04849399999993,14.39764500000007,0 -91.04869099999998,14.39730000000003,0 -91.04874099999995,14.39728100000007,0 -91.04882399999997,14.39716000000004,0 -91.04887099999996,14.39714400000002,0 -91.04901799999999,14.39689500000003,0 -91.04916799999992,14.39660800000007,0 -91.04904999999995,14.39654700000004,0 -91.04869099999998,14.39644000000004,0 -91.04824599999993,14.39630700000003,0 -91.04776199999996,14.39619700000004,0 -91.04613799999998,14.39939800000007,0 
							</coordinates>
						</LinearRing>
					</outerBoundaryIs>
				</Polygon>
				<Polygon>
					<outerBoundaryIs>
						<LinearRing>
							<coordinates>
								-91.04378744899996,14.39895459300004,0 -91.04368999999997,14.39906300000008,0 -91.04357099999999,14.39931700000006,0 -91.04334399999999,14.39977600000004,0 -91.04333799999992,14.39985000000007,0 -91.04331399999995,14.39995200000004,0 -91.04325199999992,14.40012000000008,0 -91.04326107499996,14.40013322800007,0 -91.04331099999995,14.40020600000002,0 -91.04346399999999,14.40024000000006,0 -91.04378099999997,14.40033300000005,0 -91.04410499999994,14.40043700000008,0 -91.04437999999999,14.40054700000008,0 -91.04452399999995,14.40056900000008,0 -91.04558999999993,14.39837800000004,0 -91.04537499999998,14.39829200000003,0 -91.04520299999996,14.39822200000004,0 -91.04508699999995,14.39825100000008,0 -91.04508268299996,14.39825336700005,0 -91.04499399999996,14.39830200000006,0 -91.04496299999992,14.39835900000002,0 -91.04492399999998,14.39845200000008,0 -91.04487681899997,14.39854252200006,0 -91.04483799999996,14.39861700000006,0 -91.04480399999993,14.39874300000001,0 -91.04479599999996,14.39881300000007,0 -91.04478199999994,14.39886100000007,0 -91.04471199999995,14.39886700000005,0 -91.04464699999994,14.39886300000006,0 -91.04454899999996,14.39880200000004,0 -91.04452299999997,14.39871300000005,0 -91.04451299999994,14.39863200000007,0 -91.04449799999998,14.39853800000003,0 -91.04451099999991,14.39847100000004,0 -91.04449199999999,14.39842100000004,0 -91.04441723599993,14.39835319100008,0 -91.04440599999997,14.39834300000006,0 -91.04433399999992,14.39830300000005,0 -91.04426499999995,14.39831900000008,0 -91.04423864299997,14.39834434300007,0 -91.04421299999996,14.39836900000007,0 -91.04412899999993,14.39844900000003,0 -91.04405799999995,14.39859100000007,0 -91.04393899999998,14.39878600000003,0 -91.04378744899996,14.39895459300004,0 
							</coordinates>
						</LinearRing>
					</outerBoundaryIs>
				</Polygon>
				<Polygon>
					<outerBoundaryIs>
						<LinearRing>
							<coordinates>
								-91.04455899999994,14.40058900000005,0 -91.04460199999994,14.40061200000005,0 -91.04465799999997,14.40065300000009,0 -91.04491199999994,14.4007720000001,0 -91.04511999999993,14.40086800000011,0 -91.0452362771689,14.40094551812188,0 -91.04633270332587,14.3986461486729,0 -91.04560799999996,14.39840400000005,0 -91.04455899999994,14.40058900000005,0 
							</coordinates>
						</LinearRing>
					</outerBoundaryIs>
				</Polygon>
				<Polygon>
					<outerBoundaryIs>
						<LinearRing>
							<coordinates>
								-91.04325299999992,14.40028400000006,0 -91.04322999999992,14.40038000000007,0 -91.04305599999998,14.40070800000007,0 -91.04303627599997,14.40071905700011,0 -91.04298999999997,14.40074500000002,0 -91.04290799999994,14.40089400000004,0 -91.04285499999997,14.40092100000005,0 -91.04280199999994,14.40100400000008,0 -91.04282599999999,14.40104900000006,0 -91.04284374599996,14.40110784200007,0 -91.04284499999994,14.40111200000007,0 -91.04285899999994,14.40113400000008,0 -91.04304399999994,14.40119700000001,0 -91.04406699999997,14.40167000000003,0 -91.04450699999995,14.40186800000004,0 -91.04475436599017,14.40195614191375,0 -91.04521154809824,14.40099737809622,0 -91.04509199999995,14.40090500000006,0 -91.04500599999994,14.40086000000003,0 -91.04441999999992,14.40059400000011,0 -91.04384999999996,14.40039100000008,0 -91.04330399999998,14.40023600000008,0 -91.04325299999992,14.40028400000006,0 
							</coordinates>
						</LinearRing>
					</outerBoundaryIs>
				</Polygon>
				<Polygon>
					<outerBoundaryIs>
						<LinearRing>
							<coordinates>
								-91.04511299999994,14.40190900000004,0 -91.04522099999997,14.40211200000005,0 -91.04533299999997,14.40235000000007,0 -91.04542999999995,14.40263100000003,0 -91.04553299999999,14.40280700000005,0 -91.04557099999994,14.40273800000006,0 -91.04564199999999,14.40256400000003,0 -91.04577099999993,14.40232200000002,0 -91.04582799999997,14.40216100000002,0 -91.04591099999999,14.40209400000004,0 -91.04595699999997,14.40206400000004,0 -91.04598999999997,14.40200600000004,0 -91.04605199999999,14.40191900000007,0 -91.04610899999994,14.40188200000005,0 -91.04616399999996,14.40183500000006,0 -91.04622799999999,14.40182900000008,0 -91.04630591399994,14.40185580900004,0 -91.04632099999998,14.40186100000005,0 -91.04632848499993,14.40186086400008,0 -91.04643099999998,14.40185900000006,0 -91.04653999999994,14.40185600000006,0 -91.04660199999995,14.40179600000005,0 -91.04665199999992,14.40180200000003,0 -91.04675599999996,14.40179500000005,0 -91.04687299999995,14.40149200000008,0 -91.04701499999999,14.40119000000005,0 -91.04702999999994,14.40112400000004,0 -91.04689799999991,14.40107700000005,0 -91.04679399999996,14.40102800000005,0 -91.04669199999996,14.40099300000002,0 -91.04658099999995,14.40096900000004,0 -91.04658099999995,14.40093900000005,0 -91.04662099999996,14.40092700000002,0 -91.04669499999994,14.40094900000003,0 -91.04680699999994,14.40099300000003,0 -91.04690299999999,14.40100800000006,0 -91.04700999999996,14.40099100000002,0 -91.04716699999996,14.40093700000005,0 -91.04725299999996,14.40078400000004,0 -91.04735599999998,14.40052900000007,0 -91.04736199999996,14.40044300000005,0 -91.04741499999994,14.40028700000005,0 -91.04741299999995,14.40021800000006,0 -91.04745499999996,14.40010400000006,0 -91.04749799999996,14.39998700000007,0 -91.04748399999994,14.39991700000007,0 -91.04742799999997,14.39984900000007,0 -91.04738399999997,14.39984000000003,0 -91.04699099999998,14.39973600000008,0 -91.04678599999994,14.39966500000003,0 -91.04636499999997,14.39955800000007,0 -91.04611499999999,14.39948000000004,0 -91.04511399999996,14.40151200000003,0 -91.04504699999994,14.40170100000005,0 -91.04506999999995,14.40179200000005,0 -91.04511299999994,14.40190900000004,0 
							</coordinates>
						</LinearRing>
					</outerBoundaryIs>
				</Polygon>
				<Polygon>
					<outerBoundaryIs>
						<LinearRing>
							<coordinates>
								-91.04610699999994,14.40488900000003,0 -91.04649799999997,14.40518600000008,0 -91.04683299999994,14.40544400000004,0 -91.04705499999994,14.40556800000008,0 -91.04764399999999,14.40465600000006,0 -91.04764699999996,14.40465300000006,0 -91.04783099999996,14.40438600000005,0 -91.04794399999996,14.40438600000005,0 -91.04809399999994,14.40435600000006,0 -91.04815399999994,14.40426500000006,0 -91.04805999999996,14.40420700000004,0 -91.04775599999992,14.40407400000003,0 -91.04757057299994,14.40398834600007,0 -91.04755899999998,14.40398300000003,0 -91.04745034399997,14.40415250400002,0 -91.04728399999998,14.40441200000003,0 -91.04722332499996,14.40452226600007,0 -91.04707599999993,14.40479000000005,0 -91.04701780499992,14.40481158900008,0 -91.04701399999999,14.40481300000005,0 -91.04696999999999,14.40479000000005,0 -91.04688999999996,14.40479400000004,0 -91.04688399999998,14.40479800000003,0 -91.04681699999998,14.40485200000006,0 -91.04676599999999,14.40481800000004,0 -91.04678799999994,14.40478300000007,0 -91.04682199999995,14.40473600000007,0 -91.04688799999997,14.40471000000003,0 -91.04692099999994,14.40464800000008,0 -91.04696799999994,14.40458200000007,0 -91.04696999999999,14.40458000000008,0 -91.04697399999998,14.40456500000004,0 -91.04704999999994,14.40433100000006,0 -91.04715799999997,14.40413600000004,0 -91.04716467599997,14.40412742500006,0 -91.04719015299997,14.40406762800007,0 -91.04722562199998,14.40399410000003,0 -91.04724368899997,14.40394635300005,0 -91.04724752399994,14.40393622000004,0 -91.04715662799997,14.40386304200007,0 -91.04712793299994,14.40373955200005,0 -91.04696999999999,14.40365100000002,0 -91.04679499999997,14.40356800000007,0 -91.04667799999999,14.40370300000006,0 -91.04655199999995,14.40385700000006,0 -91.04627899999996,14.40425400000004,0 -91.04614699999998,14.40445700000004,0 -91.04608199999994,14.40461800000004,0 -91.04608499999996,14.40477000000004,0 -91.04610699999994,14.40488900000003,0 
							</coordinates>
						</LinearRing>
					</outerBoundaryIs>
				</Polygon>
				<Polygon>
					<outerBoundaryIs>
						<LinearRing>
							<coordinates>
								-91.04099399999996,14.40652700000003,0 -91.04102299999992,14.40661300000007,0 -91.04110399999996,14.40675100000006,0 -91.04118299999998,14.40681100000006,0 -91.04122299999995,14.40678900000006,0 -91.04132599999996,14.40665800000006,0 -91.04148599999996,14.4064500000001,0 -91.04165999999998,14.40621400000006,0 -91.04184599999996,14.4059950000001,0 -91.04214999999994,14.40559200000009,0 -91.04226599999998,14.40546100000005,0 -91.04231799999994,14.40544000000003,0 -91.04239099999992,14.40549000000007,0 -91.04252099999995,14.40558500000006,0 -91.04269899999996,14.40570800000007,0 -91.04274894662947,14.40573017550364,0 -91.04347099999994,14.4042160000001,0 -91.043482,14.40418300000004,0 -91.04352699999998,14.40419400000008,0 -91.04367395491879,14.40422185420239,0 -91.04473355136571,14.40199979238275,0 -91.04377199999999,14.40155900000009,0 -91.04304699999994,14.40122600000006,0 -91.04284399999995,14.40116300000006,0 -91.04282263099996,14.40121537500006,0 -91.04279299999993,14.40128800000005,0 -91.04280699999998,14.40132800000008,0 -91.04284141499994,14.40136065000008,0 -91.04288499999996,14.40140200000007,0 -91.04288599999994,14.4014040000001,0 -91.04294105099996,14.40147788400004,0 -91.04296199999999,14.40150600000008,0 -91.04302499999994,14.40156900000006,0 -91.04310299999997,14.40162900000011,0 -91.04323399999997,14.40173700000003,0 -91.04330999999996,14.40187700000007,0 -91.04338599999994,14.40200900000007,0 -91.04350599999997,14.40216500000002,0 -91.04354099999993,14.40224400000007,0 -91.04349899999991,14.40246800000008,0 -91.04358799999994,14.40258300000007,0 -91.04358599999995,14.40279100000003,0 -91.04364099999998,14.40289500000006,0 -91.04361899999998,14.40307900000004,0 -91.04362099999996,14.40311900000005,0 -91.04364199999998,14.40318800000008,0 -91.04364835099994,14.40321499000005,0 -91.04365399999995,14.40323900000005,0 -91.04361627099995,14.40331521300005,0 -91.04360399999996,14.40334000000007,0 -91.04353971899997,14.40348621600008,0 -91.04346199999995,14.40366300000006,0 -91.04342899999995,14.40378300000003,0 -91.04341299999997,14.40383400000007,0 -91.04339199999998,14.40383200000002,0 -91.04335299999997,14.40375300000006,0 -91.04330499999996,14.40370100000008,0 -91.04318699999999,14.40367100000005,0 -91.04307699999997,14.40368400000009,0 -91.04304399999994,14.40377300000008,0 -91.04302099999994,14.40388700000006,0 -91.04299999999996,14.40399800000004,0 -91.04295899999994,14.40400600000003,0 -91.04291299999993,14.40397300000007,0 -91.04291599999998,14.40390900000006,0 -91.04284699999992,14.40384700000003,0 -91.04276394399996,14.40379400200007,0 -91.04274199999995,14.40378000000005,0 -91.04261399999996,14.40382700000004,0 -91.04235299999998,14.40398100000007,0 -91.04231499999996,14.40407000000005,0 -91.04227545799993,14.40414426200008,0 -91.04227399999996,14.40414700000002,0 -91.04227019499997,14.40415039900005,0 -91.042199,14.40421400000003,0 -91.04217835199997,14.40426768600002,0 -91.04215899999998,14.40431800000007,0 -91.04213643199995,14.40433429900006,0 -91.04208699999998,14.40437000000008,0 -91.04205599999995,14.40444700000008,0 -91.04205210099997,14.40446830800006,0 -91.04202799999995,14.40460000000011,0 -91.04198699999993,14.40469500000009,0 -91.04189799999995,14.40474900000005,0 -91.04186199999997,14.40484300000002,0 -91.04185099999994,14.4049620000001,0 -91.04180499999994,14.40509900000009,0 -91.04176399999994,14.40520800000011,0 -91.04170599999996,14.40535100000008,0 -91.04169799999993,14.40541500000009,0 -91.04168593999998,14.40551504000011,0 -91.04165399999992,14.40578000000006,0 -91.04165152699994,14.40598440600009,0 -91.04165099999996,14.40602800000004,0 -91.04155299999995,14.40616400000008,0 -91.04143699999997,14.40629500000009,0 -91.04137999999995,14.40634500000009,0 -91.04131899999999,14.40636900000005,0 -91.04125699999997,14.40641900000004,0 -91.04120099999994,14.40646500000003,0 -91.041161,14.40648600000002,0 -91.04110699999994,14.40648800000004,0 -91.04105299999998,14.40646700000009,0 -91.04099399999996,14.40652700000003,0 
							</coordinates>
						</LinearRing>
					</outerBoundaryIs>
				</Polygon>
				<Polygon>
					<outerBoundaryIs>
						<LinearRing>
							<coordinates>
								-91.04228699999997,14.40550700000007,0 -91.04220299999999,14.40558600000003,0 -91.04188299999998,14.40600300000005,0 -91.04162399999996,14.406328,0 -91.04139999999995,14.40661500000007,0 -91.04120299999991,14.40684800000006,0 -91.04127799999996,14.40700700000004,0 -91.04133399999995,14.40708700000006,0 -91.04137399999996,14.40714300000007,0 -91.04149199999995,14.40710700000007,0 -91.04168199999998,14.40704600000002,0 -91.04193499999995,14.40694900000007,0 -91.04216799999992,14.40685700000008,0 -91.04222712810007,14.40682443672849,0 -91.04273535895516,14.40575866920381,0 -91.04233499999997,14.40549200000004,0 -91.04228699999997,14.40550700000007,0 
							</coordinates>
						</LinearRing>
					</outerBoundaryIs>
				</Polygon>
				<Polygon>
					<outerBoundaryIs>
						<LinearRing>
							<coordinates>
								-91.04166589557103,14.40792150193522,0 -91.04166735499994,14.4079210210001,0 -91.04198200599996,14.40787962100008,0 -91.04219995299997,14.40787912100006,0 -91.04234628999994,14.40786861600003,0 -91.042463302,14.40783670900007,0 -91.04253947699999,14.40781619500008,0 -91.04266189199996,14.40774133800007,0 -91.04283024199998,14.40760535800007,0 -91.04298759999995,14.40747844300006,0 -91.04310173799996,14.40733693800009,0 -91.04323714599998,14.40712193800009,0 -91.04330885799997,14.40705397700005,0 -91.04340950499993,14.40696674000005,0 -91.04355881099995,14.40686583200008,0 -91.04358626999992,14.40683526000005,0 -91.04362578099993,14.40675494400007,0 -91.04367737999995,14.40663957100003,0 -91.04379589199998,14.40638958200003,0 -91.04390214399996,14.40622323600007,0 -91.04406217899998,14.40588614500011,0 -91.04414046799995,14.40566223700007,0 -91.04419121899998,14.40543613200006,0 -91.04421118899994,14.40530501300003,0 -91.04420547399997,14.40521915000008,0 -91.04418908999996,14.40515591100007,0 -91.04415408199996,14.40506107700004,0 -91.04414294799992,14.40501138500006,0 -91.04414023299994,14.40496732400003,0 -91.04415892299994,14.40490626400007,0 -91.04419635899994,14.40480674300004,0 -91.04426617799999,14.40467550900007,0 -91.04435622899996,14.40452163000003,0 -91.04440266499995,14.40442886800004,0 -91.04445111899999,14.40433158100007,0 -91.04449556199997,14.4042535130001,0 -91.04450271999997,14.40424113299999,0 -91.04445199999998,14.40422000000008,0 -91.04446799999992,14.40418200000006,0 -91.04451399999992,14.40420300000008,0 -91.04452184999995,14.40420804600007,0 -91.04455443899998,14.40415168300009,0 -91.04463064899993,14.40402721300007,0 -91.04472370199993,14.40391626500009,0 -91.04480167099997,14.40379970100005,0 -91.04486086399999,14.40370916899999,0 -91.04494148199994,14.40360954900007,0 -91.045008017,14.40355854800004,0 -91.04509597099995,14.40349619800001,0 -91.04520563399996,14.40342249900007,0 -91.04532189899999,14.40332279600005,0 -91.04542660999992,14.40323893900007,0 -91.04548814899991,14.40315970100007,0 -91.04552859999997,14.40310876000007,0 -91.04554272199994,14.40307596000005,0 -91.04555450299995,14.40303412500003,0 -91.04555213999997,14.40301605100009,0 -91.04552127699996,14.40295736500007,0 -91.04552119699997,14.40292459700007,0 -91.04552398299994,14.40287826300007,0 -91.04552502299997,14.40287529800003,0 -91.04551699999996,14.40286700000006,0 -91.04540199999995,14.40271400000009,0 -91.04529899999996,14.40244700000005,0 -91.04520299999996,14.40217600000008,0 -91.04505699999999,14.40185200000007,0 -91.04500099999996,14.40179600000004,0 -91.04265899999996,14.40653000000003,0 -91.04250799999994,14.40669100000005,0 -91.04230099999995,14.40684000000002,0 -91.04193699999996,14.40702300000004,0 -91.04157899999996,14.40712800000006,0 -91.0413511276292,14.40721713838058,0 -91.04166589557103,14.40792150193522,0 
							</coordinates>
						</LinearRing>
					</outerBoundaryIs>
				</Polygon>
				<Polygon>
					<outerBoundaryIs>
						<LinearRing>
							<coordinates>
								-91.04068899999999,14.40634200000007,0 -91.04020899999992,14.40714000000002,0 -91.04013399999998,14.40714300000008,0 -91.04007099999994,14.40724700000003,0 -91.04000199999994,14.40733600000004,0 -91.03996999999997,14.40733900000003,0 -91.03992399999998,14.40738100000005,0 -91.03981299999998,14.40743500000009,0 -91.03954099999997,14.40786300000009,0 -91.03951799999997,14.40795900000006,0 -91.03952628899997,14.40799503800002,0 -91.03954099999999,14.40805900000003,0 -91.03970299999996,14.40808300000003,0 -91.03990699999997,14.40810100000005,0 -91.04023399999994,14.40815700000007,0 -91.04025770899995,14.40813329100006,0 -91.04029699999994,14.40809400000006,0 -91.04029899999993,14.40809000000007,0 -91.04040599999996,14.40797100000004,0 -91.04054499999995,14.40776600000003,0 -91.04066599999997,14.40758200000004,0 -91.04076999999997,14.40745000000005,0 -91.04090999999994,14.40736500000002,0 -91.04107699999999,14.40728500000006,0 -91.04127199999994,14.40722500000004,0 -91.04133899999992,14.40719000000007,0 -91.04132099999997,14.40713300000004,0 -91.04125399999998,14.40702800000003,0 -91.04097399999995,14.40662800000007,0 -91.04074899999993,14.40634000000005,0 -91.04068899999999,14.40634200000007,0 
							</coordinates>
						</LinearRing>
					</outerBoundaryIs>
				</Polygon>
				<Polygon>
					<outerBoundaryIs>
						<LinearRing>
							<coordinates>
								-91.04629697099995,14.40337139100007,0 -91.04627534199994,14.40341550900008,0 -91.04620256299995,14.40352076200002,0 -91.04613206999993,14.40361245000003,0 -91.04604616199998,14.40368157500007,0 -91.04598366299994,14.40372352700005,0 -91.04589365,14.40377345200005,0 -91.04580365699996,14.40383128700006,0 -91.04573711899997,14.40388115800005,0 -91.04559201999996,14.40404194500007,0 -91.04554896899997,14.40409628100003,0 -91.04550996399996,14.40414608900005,0 -91.04545536399996,14.40421853100003,0 -91.04542417299993,14.40426380100006,0 -91.04539269599996,14.40431020100004,0 -91.04537715499997,14.40435543400001,0 -91.04537727599993,14.40440515100005,0 -91.04538522199994,14.40445485000004,0 -91.04541695199998,14.40451240400006,0 -91.04544052099999,14.40455076800005,0 -91.04547977599998,14.40460378400007,0 -91.04550715899995,14.40466134800004,0 -91.04552327499994,14.40473362700003,0 -91.04552344999996,14.40480594300004,0 -91.04551962299996,14.40490086700004,0 -91.04545765399995,14.40516089600004,0 -91.04537931999994,14.40536559600002,0 -91.04530145799997,14.40552622700006,0 -91.04514522999993,14.40575935500005,0 -91.04499672499996,14.40595065800005,0 -91.04489123699993,14.40607293500006,0 -91.04477803299993,14.40624042700005,0 -91.04462148099999,14.40645999600002,0 -91.04454725699998,14.40656751100005,0 -91.04449644299993,14.40664785400002,0 -91.04446934799995,14.40670893400005,0 -91.04444601999995,14.40677000400006,0 -91.04441459699996,14.40683900300007,0 -91.04439905599997,14.40688423600006,0 -91.04437572799998,14.40694530700007,0 -91.04434464099994,14.40703351400003,0 -91.04432511699997,14.40710926500004,0 -91.04431369099996,14.40717821700003,0 -91.04429411199997,14.40723137000005,0 -91.04425922099993,14.40730489600002,0 -91.04418495899994,14.40739659200006,0 -91.04407800599995,14.40751322300003,0 -91.04395678399999,14.40760163700003,0 -91.04388242799997,14.40765491500003,0 -91.04383560499997,14.40770813000006,0 -91.04379662699995,14.40776923700003,0 -91.04376143499995,14.40783824400007,0 -91.04373441299997,14.40792983200003,0 -91.04369531999997,14.40806325500006,0 -91.04365277699998,14.40820798500005,0 -91.04363748699994,14.40835717200003,0 -91.04364002799997,14.40844869100005,0 -91.04364983999994,14.40847527200003,0 -91.04472699999997,14.40659500000003,0 -91.04598199999998,14.40458200000005,0 -91.04624099999995,14.40422200000005,0 -91.04655699999994,14.40378100000003,0 -91.04673199999995,14.40352700000006,0 -91.04637499999995,14.40336500000006,0 -91.04630247099999,14.40335326100006,0 -91.04629697099995,14.40337139100007,0 
							</coordinates>
						</LinearRing>
					</outerBoundaryIs>
				</Polygon>
				<Polygon>
					<outerBoundaryIs>
						<LinearRing>
							<coordinates>
								-91.04435599999995,14.40731000000005,0 -91.04366319799999,14.40850720300006,0 -91.04366099999997,14.40851100000003,0 -91.04366643399999,14.40851353900008,0 -91.04385999999994,14.40860400000002,0 -91.04402799999997,14.40864700000003,0 -91.04450599999994,14.40876100000003,0 -91.04488999999994,14.40885000000003,0 -91.04497199999997,14.40873600000004,0 -91.04505799999997,14.40858900000006,0 -91.04516799999999,14.40846000000005,0 -91.04527899999994,14.40833700000008,0 -91.04553199999998,14.40789800000004,0 -91.04606599999994,14.40696900000006,0 -91.04613899999997,14.40692600000005,0 -91.04625799999994,14.40679100000006,0 -91.04692699999995,14.40581300000003,0 -91.04704699999996,14.40563000000004,0 -91.046092,14.40492500000005,0 -91.04606799999996,14.40485100000006,0 -91.04603199999997,14.40467300000006,0 -91.04598599999998,14.40462400000007,0 -91.04481099999998,14.40651400000008,0 -91.04476699999998,14.40660400000007,0 -91.04476799999998,14.40662100000004,0 -91.04488499999997,14.40669800000007,0 -91.04499599999995,14.40675800000003,0 -91.04516399999996,14.40689600000008,0 -91.04531799999994,14.40701300000006,0 -91.04543899999999,14.40710900000005,0 -91.04554199999995,14.40718600000003,0 -91.04558299999995,14.40718800000008,0 -91.04557799999995,14.40722200000005,0 -91.04553999999995,14.40721300000008,0 -91.04549399999996,14.40718900000008,0 -91.04539599999998,14.40710600000006,0 -91.04524199999997,14.40699200000006,0 -91.04503799999996,14.40682200000003,0 -91.04492499999998,14.40674200000007,0 -91.044809,14.40667900000005,0 -91.04474799999997,14.40665700000005,0 -91.04435599999995,14.40731000000005,0 
							</coordinates>
						</LinearRing>
					</outerBoundaryIs>
				</Polygon>
				<Polygon>
					<outerBoundaryIs>
						<LinearRing>
							<coordinates>
								-91.04531299999996,14.40852600000006,0 -91.04509099999994,14.40889800000002,0 -91.04510399999998,14.40892800000007,0 -91.04511099999995,14.40892800000005,0 -91.04515999999994,14.40891500000003,0 -91.04523999999998,14.40879000000007,0 -91.04531299999996,14.40869100000004,0 -91.04536699999994,14.40865300000009,0 -91.04543020599993,14.40860775100003,0 -91.04545499999995,14.40859000000006,0 -91.04559299999994,14.40840600000007,0 -91.04564799999994,14.40835500000004,0 -91.04570999999999,14.40829700000006,0 -91.04580499999997,14.40820800000006,0 -91.04589799999995,14.40818100000008,0 -91.04598499999997,14.40811800000005,0 -91.04603120499996,14.40805485400007,0 -91.04607499999997,14.40799500000002,0 -91.04618799999997,14.40788100000003,0 -91.04625399999998,14.40785100000005,0 -91.04636399999998,14.40776600000004,0 -91.04644299999997,14.40765700000002,0 -91.04654999999997,14.40757700000006,0 -91.04667399999992,14.40745700000003,0 -91.04682099999994,14.40741100000003,0 -91.04682203699997,14.40741088100003,0 -91.04694299999993,14.40739700000005,0 -91.04711499999996,14.40741600000008,0 -91.04712099999992,14.40741900000007,0 -91.04723003799995,14.40737935000003,0 -91.04724199999997,14.40737500000007,0 -91.04740599999997,14.40731500000004,0 -91.04754899999995,14.40728000000007,0 -91.04766899999998,14.40728300000007,0 -91.04780533699993,14.40725391500007,0 -91.04781899999995,14.40725100000003,0 -91.04806099999996,14.40711400000004,0 -91.04825399999999,14.40700900000008,0 -91.04834599999998,14.40694800000006,0 -91.04831007399997,14.40691321600009,0 -91.04836178699998,14.40686942200005,0 -91.04848087299995,14.40673807300004,0 -91.04891901799994,14.40647264900003,0 -91.04920590799996,14.40633978000006,0 -91.04930920299994,14.40626948300007,0 -91.04947664499994,14.40623858600002,0 -91.04950475999999,14.40623553400007,0 -91.04955146899992,14.40633248600005,0 -91.04961557399996,14.40639467100004,0 -91.04976332399994,14.40638051800006,0 -91.04980299999993,14.40634200000006,0 -91.04981418899996,14.40632358300007,0 -91.04981639299996,14.40617003700003,0 -91.04981799799998,14.40610086600003,0 -91.04984021899998,14.40595781400004,0 -91.04991142599992,14.40584764900007,0 -91.05004236399998,14.40555034400007,0 -91.05014339599994,14.40533010800004,0 -91.05020423099995,14.40527393400003,0 -91.05021099999998,14.40522700000002,0 -91.05022199999995,14.40506100000005,0 -91.05019599999997,14.40491200000002,0 -91.050102,14.40479800000002,0 -91.04991699999994,14.40466700000008,0 -91.04972899999996,14.40457700000008,0 -91.04953099999994,14.40449200000006,0 -91.04941199999996,14.40442400000005,0 -91.04926399999992,14.40416600000004,0 -91.04910099999994,14.40439000000003,0 -91.04907299999996,14.40448200000003,0 -91.04910499999993,14.40455500000007,0 -91.049155,14.40463300000005,0 -91.04916299999995,14.40475400000003,0 -91.04912899999994,14.40482800000006,0 -91.04906499999998,14.40498100000007,0 -91.04901599999992,14.40506700000002,0 -91.04896799999995,14.40504900000008,0 -91.048976,14.40501800000005,0 -91.04901199999993,14.40497500000004,0 -91.04904999999995,14.40488900000002,0 -91.04908899999998,14.40476400000005,0 -91.04908699999999,14.40465200000006,0 -91.04907299999996,14.40461100000004,0 -91.04904199999997,14.40453500000006,0 -91.04898599999994,14.40452100000003,0 -91.04887099999996,14.40451400000006,0 -91.04876099999994,14.40449300000006,0 -91.04855399999994,14.40442300000006,0 -91.04837699999997,14.40436400000004,0 -91.04819799999994,14.40429700000004,0 -91.04818999999996,14.40432500000003,0 -91.04826399999995,14.40438300000006,0 -91.04828899999997,14.40444100000009,0 -91.04838299999994,14.40447000000006,0 -91.04838299999993,14.40455200000001,0 -91.04833799999994,14.40461900000002,0 -91.04825599999999,14.40466700000007,0 -91.04818899999998,14.40464800000007,0 -91.04807199999999,14.40464600000006,0 -91.04799799999995,14.40461900000002,0 -91.04789799999996,14.40467200000007,0 -91.04789599999997,14.40467500000005,0 -91.04780399999999,14.40480200000008,0 -91.04757499999992,14.40514500000006,0 -91.04742699999996,14.40528800000005,0 -91.04722099999996,14.40560100000005,0 -91.047152,14.40574400000004,0 -91.04716299999994,14.40580300000005,0 -91.04709399999997,14.40592400000002,0 -91.04703299999994,14.40599000000003,0 -91.04693399999996,14.40607700000004,0 -91.04678599999994,14.40627400000006,0 -91.04647899999998,14.40675900000002,0 -91.04531299999996,14.40852600000006,0 
							</coordinates>
						</LinearRing>
					</outerBoundaryIs>
				</Polygon>
			</MultiGeometry>
		</Placemark>
		<Placemark id="ID_00011">
			<name>GT14-SJN</name>
			<Snippet maxLines="0"></Snippet>
			<description><![CDATA[<html xmlns:fo="http://www.w3.org/1999/XSL/Format" xmlns:msxsl="urn:schemas-microsoft-com:xslt">

<head>

<META http-equiv="Content-Type" content="text/html">

<meta http-equiv="content-type" content="text/html; charset=UTF-8">

</head>

<body style="margin:0px 0px 0px 0px;overflow:auto;background:#FFFFFF;">

<table style="font-family:Arial,Verdana,Times;font-size:12px;text-align:left;width:100%;border-collapse:collapse;padding:3px 3px 3px 3px">

<tr style="text-align:center;font-weight:bold;background:#9CBCE2">

<td>GT14-SJN</td>

</tr>

<tr>

<td>

<table style="font-family:Arial,Verdana,Times;font-size:12px;text-align:left;width:100%;border-spacing:0px; padding:3px 3px 3px 3px">

<tr>

<td>FID</td>

<td>11</td>

</tr>

<tr bgcolor="#D4E4F3">

<td>Name</td>

<td>San Jose El Nilo</td>

</tr>

<tr>

<td>CODE</td>

<td>GT14-SJN</td>

</tr>

<tr bgcolor="#D4E4F3">

<td>INSTANCE</td>

<td>San Jose El Nilo</td>

</tr>

<tr>

<td>STATUS</td>

<td>Active</td>

</tr>

<tr bgcolor="#D4E4F3">

<td>PROJECT</td>

<td>1538</td>

</tr>

<tr>

<td>USE</td>

<td>Rubber</td>

</tr>

<tr bgcolor="#D4E4F3">

<td>HAS</td>

<td>121.28</td>

</tr>

</table>

</td>

</tr>

</table>

</body>

</html>]]></description>
			<styleUrl>#PolyStyle006</styleUrl>
			<MultiGeometry>
				<Polygon>
					<outerBoundaryIs>
						<LinearRing>
							<coordinates>
								-91.895089,14.71080000000006,0 -91.89565599999996,14.71084200000006,0 -91.89593599999995,14.71084500000006,0 -91.89620499999995,14.70935800000006,0 -91.89608899999996,14.70933800000006,0 -91.89576599999998,14.70931700000006,0 -91.89502899999995,14.70922000000007,0 -91.89399999999996,14.70912000000005,0 -91.89374399999996,14.70906200000007,0 -91.89272499999998,14.70897700000006,0 -91.89251799999995,14.71053600000005,0 -91.89305199999998,14.71060500000004,0 -91.89336199999997,14.71064200000006,0 -91.89369999999995,14.71064200000006,0 -91.89381399999995,14.71071000000006,0 -91.89396699999999,14.71074700000003,0 -91.89439199999995,14.71073700000005,0 -91.895089,14.71080000000006,0 
							</coordinates>
						</LinearRing>
					</outerBoundaryIs>
				</Polygon>
				<Polygon>
					<outerBoundaryIs>
						<LinearRing>
							<coordinates>
								-91.90223899999994,14.71134300000006,0 -91.90234499999998,14.71144600000003,0 -91.90253299999995,14.71166700000003,0 -91.90260899999998,14.71178900000007,0 -91.90271499999994,14.71179400000006,0 -91.90281699999997,14.71170600000005,0 -91.90300499999994,14.71153400000004,0 -91.90321799999997,14.71150500000005,0 -91.90347899999995,14.71025500000007,0 -91.90359999999995,14.71013400000003,0 -91.90367999999995,14.70917300000003,0 -91.90370999999999,14.70896100000005,0 -91.90370399999995,14.70876600000003,0 -91.90375699999996,14.70829700000008,0 -91.90375099999994,14.70820600000008,0 -91.90331399999995,14.70816000000007,0 -91.90327799999994,14.70813100000003,0 -91.90284599999994,14.70806800000003,0 -91.902024,14.70799400000005,0 -91.90189868599998,14.70939666200008,0 -91.90184799999996,14.70996400000006,0 -91.90184767799998,14.70996688300006,0 -91.90168099999994,14.71146100000004,0 -91.90176199999998,14.71139700000003,0 -91.90187899999995,14.71131800000007,0 -91.90204599999998,14.71127400000006,0 -91.90223899999994,14.71134300000006,0 
							</coordinates>
						</LinearRing>
					</outerBoundaryIs>
				</Polygon>
				<Polygon>
					<outerBoundaryIs>
						<LinearRing>
							<coordinates>
								-91.90369699999998,14.71163200000008,0 -91.90374599999996,14.71188300000006,0 -91.90370999999999,14.71200900000003,0 -91.90366099999996,14.71211300000004,0 -91.90372399999995,14.71222100000007,0 -91.90387199999998,14.71223900000006,0 -91.90393899999997,14.71214300000002,0 -91.90394799999996,14.71207800000008,0 -91.90398399999998,14.71191300000003,0 -91.90409599999997,14.71171000000003,0 -91.90413099999995,14.71158400000008,0 -91.90409099999994,14.71142400000002,0 -91.90409999999997,14.71123000000006,0 -91.90406999999998,14.71109700000006,0 -91.90410399999996,14.71097500000007,0 -91.90419199999997,14.71091400000006,0 -91.90435099999996,14.71087800000003,0 -91.90449699999994,14.71087800000005,0 -91.90463999999999,14.71088600000008,0 -91.90473999999996,14.71090600000002,0 -91.90483699999999,14.71096300000005,0 -91.90488699999999,14.71108900000008,0 -91.90498299999996,14.71120600000005,0 -91.90507499999995,14.71130300000005,0 -91.90522799999997,14.71135900000007,0 -91.90541699999996,14.71136700000006,0 -91.90547599999995,14.71131500000007,0 -91.90556199999996,14.71114900000003,0 -91.90561599999995,14.71085300000004,0 -91.90581899999997,14.71073900000005,0 -91.90605799999997,14.71075700000007,0 -91.90627399999994,14.71083500000004,0 -91.90638299999995,14.71091400000007,0 -91.90648199999998,14.71112300000003,0 -91.90654499999995,14.71132400000004,0 -91.90662199999996,14.71143300000006,0 -91.90686099999994,14.71146300000005,0 -91.90711799999997,14.71155900000004,0 -91.90725299999997,14.71158100000003,0 -91.90742899999996,14.71147600000006,0 -91.90741999999996,14.71132800000004,0 -91.90736099999999,14.71110600000002,0 -91.90714199999994,14.71083900000003,0 -91.90698999999995,14.71053600000004,0 -91.90696699999995,14.71038100000003,0 -91.90702699999996,14.71027000000004,0 -91.90714599999997,14.71025200000002,0 -91.90720099999999,14.71031000000005,0 -91.90728899999999,14.71035000000007,0 -91.90741299999996,14.71034500000007,0 -91.90755999999999,14.71035900000003,0 -91.90772499999996,14.71033600000005,0 -91.90778499999996,14.71034100000004,0 -91.90785399999999,14.71040300000005,0 -91.90784899999994,14.71051900000004,0 -91.90787699999998,14.71060800000003,0 -91.90798299999996,14.71068800000005,0 -91.90817599999997,14.71075400000006,0 -91.90828999999997,14.71074100000005,0 -91.90828999999997,14.71064300000007,0 -91.90834099999995,14.71049600000004,0 -91.90838199999996,14.71036300000002,0 -91.90850199999994,14.70936800000005,0 -91.90774199999998,14.70928600000008,0 -91.90628999999996,14.70914900000002,0 -91.90458699999994,14.70899200000001,0 -91.90387799999996,14.70895400000006,0 -91.90378099999997,14.70897900000005,0 -91.90372399999995,14.70908200000002,0 -91.90362099999999,14.71022600000004,0 -91.90351499999996,14.71028500000005,0 -91.90346499999998,14.71055800000005,0 -91.90324899999996,14.71152800000004,0 -91.90332899999999,14.71154900000005,0 -91.90346399999999,14.71156200000007,0 -91.90353099999999,14.71154900000005,0 -91.90369699999998,14.71163200000008,0 
							</coordinates>
						</LinearRing>
					</outerBoundaryIs>
				</Polygon>
				<Polygon>
					<outerBoundaryIs>
						<LinearRing>
							<coordinates>
								-91.90417899999997,14.71236800000002,0 -91.90448499999998,14.71239700000007,0 -91.90505599999997,14.71245100000005,0 -91.90608899999995,14.71255600000006,0 -91.90627299999994,14.71257400000008,0 -91.90695299999999,14.71263200000005,0 -91.90793999999993,14.71273400000007,0 -91.90813399999996,14.71274100000004,0 -91.90815799999996,14.71272000000005,0 -91.90824299999996,14.71194600000007,0 -91.90832399999994,14.71091300000006,0 -91.90794499999997,14.71078200000004,0 -91.90785899999997,14.71075100000006,0 -91.90776399999997,14.71064700000006,0 -91.90772799999996,14.71049800000004,0 -91.90763799999995,14.71045900000008,0 -91.90724999999999,14.71051100000005,0 -91.907133,14.71047700000003,0 -91.90707499999995,14.71051600000004,0 -91.90706399999998,14.71058600000004,0 -91.90711099999997,14.71065600000002,0 -91.90719199999997,14.71074700000003,0 -91.90733299999994,14.71091100000006,0 -91.90746899999994,14.71114200000005,0 -91.907545,14.71139300000004,0 -91.90749899999999,14.71157800000003,0 -91.907405,14.71168900000004,0 -91.90730299999996,14.71177700000004,0 -91.90716899999998,14.71174900000007,0 -91.90693999999995,14.71166900000002,0 -91.90681399999993,14.71161300000006,0 -91.90655599999998,14.71158800000006,0 -91.90645799999999,14.71158800000007,0 -91.90637199999998,14.71153900000008,0 -91.90634599999998,14.71139200000004,0 -91.90640799999994,14.71132200000004,0 -91.90638199999997,14.71121000000005,0 -91.90629199999994,14.71105500000004,0 -91.90611799999992,14.71093600000007,0 -91.90573399999992,14.71090300000004,0 -91.90570499999995,14.71113700000006,0 -91.90563999999995,14.71125900000004,0 -91.90554399999996,14.71141800000004,0 -91.90542799999997,14.71148800000003,0 -91.90527499999996,14.71147500000005,0 -91.90507299999996,14.71145600000006,0 -91.90495799999997,14.71137200000004,0 -91.90478099999996,14.71112300000004,0 -91.90465699999999,14.71101700000002,0 -91.90447999999996,14.71100200000006,0 -91.90424199999997,14.71103400000005,0 -91.90421199999996,14.71108100000004,0 -91.90424199999997,14.71136500000005,0 -91.90424499999993,14.71161000000007,0 -91.90420099999994,14.71174500000007,0 -91.90411299999992,14.71192200000006,0 -91.90411999999998,14.71201800000006,0 -91.90409499999998,14.71211400000005,0 -91.90397099999994,14.71230100000003,0 -91.90393399999996,14.71234000000005,0 -91.90384799999998,14.71234700000003,0 -91.90378799999996,14.71233400000006,0 -91.90369999999999,14.71231500000005,0 -91.90361099999993,14.71228200000007,0 -91.90353599999997,14.71219500000007,0 -91.90353199999998,14.71214500000009,0 -91.90353999999998,14.71206600000006,0 -91.90357499999999,14.71203900000007,0 -91.90360699999998,14.71199300000007,0 -91.90363299999993,14.71185400000008,0 -91.90362699999997,14.71178100000002,0 -91.90357499999999,14.71171600000003,0 -91.903485,14.71171400000002,0 -91.90338099999997,14.71174300000007,0 -91.90327999999994,14.71172500000005,0 -91.90321399999999,14.71173500000004,0 -91.90315299999996,14.71192200000007,0 -91.90308200000001,14.71209700000004,0 -91.90302399999996,14.71224900000004,0 -91.90335399999996,14.71229100000006,0 -91.90354599999995,14.71231700000005,0 -91.90370799999994,14.71233600000004,0 -91.90380999999996,14.71238000000005,0 -91.90397999999999,14.71236600000002,0 -91.90417899999997,14.71236800000002,0 
							</coordinates>
						</LinearRing>
					</outerBoundaryIs>
				</Polygon>
				<Polygon>
					<outerBoundaryIs>
						<LinearRing>
							<coordinates>
								-91.90149299999997,14.71266800000006,0 -91.90161799999998,14.71279400000002,0 -91.90169599999996,14.71280400000006,0 -91.90174799999994,14.71276900000003,0 -91.90182099999998,14.71253700000007,0 -91.90179499999994,14.71239600000006,0 -91.90170599999999,14.71232000000004,0 -91.90157099999999,14.71230500000008,0 -91.90146699999995,14.71221900000007,0 -91.90130399999998,14.71200600000004,0 -91.90127499999994,14.71188600000005,0 -91.90129999999992,14.71175300000003,0 -91.901416,14.71170900000004,0 -91.90153699999998,14.71164800000003,0 -91.90163199999996,14.71154000000007,0 -91.90167099999996,14.71129300000006,0 -91.90180899999993,14.71004900000002,0 -91.90177299999999,14.71003300000008,0 -91.90162358999999,14.71001580700006,0 -91.89936599999997,14.70975600000003,0 -91.89936581899997,14.70975744000003,0 -91.89927299999994,14.71049500000004,0 -91.89914199999998,14.71167200000002,0 -91.89916699999998,14.71170300000006,0 -91.89927699999997,14.71171500000002,0 -91.89941799999997,14.71184600000004,0 -91.89959499999998,14.71196200000002,0 -91.89973099999999,14.71212900000006,0 -91.89980399999996,14.71224500000006,0 -91.89979899999997,14.71245100000006,0 -91.89985099999994,14.71255200000008,0 -91.89997099999994,14.71259700000008,0 -91.90016899999998,14.71260800000005,0 -91.90048099999997,14.71249700000003,0 -91.90069999999996,14.71235000000007,0 -91.90070599999996,14.71229000000006,0 -91.90083599999997,14.71229000000006,0 -91.90090899999994,14.71241100000003,0 -91.90094999999997,14.71255700000006,0 -91.90097699999995,14.71267800000004,0 -91.90105999999997,14.71270300000003,0 -91.90112799999999,14.71263800000003,0 -91.90149299999997,14.71266800000006,0 
							</coordinates>
						</LinearRing>
					</outerBoundaryIs>
				</Polygon>
				<Polygon>
					<outerBoundaryIs>
						<LinearRing>
							<coordinates>
								-91.89871100000001,14.71277300000002,0 -91.89879999999992,14.71285400000006,0 -91.89900399999998,14.71295500000003,0 -91.89908199999996,14.71290500000003,0 -91.89911399999993,14.71273800000006,0 -91.89911899999997,14.71260100000006,0 -91.89909899999996,14.71244000000008,0 -91.89906599999996,14.71224600000004,0 -91.899095,14.71215300000005,0 -91.89907599999997,14.71192600000007,0 -91.89911399999993,14.71180600000003,0 -91.89912299999996,14.71161600000005,0 -91.89933319299998,14.70975301200003,0 -91.89933499999995,14.70973700000007,0 -91.89925699999999,14.70970900000003,0 -91.89902099999995,14.70969100000009,0 -91.89798748099997,14.70957600500003,0 -91.89689999999996,14.70945500000005,0 -91.89622099999995,14.70943100000005,0 -91.89614800000001,14.70980800000007,0 -91.89611299999994,14.71008100000007,0 -91.89602899999993,14.71048800000005,0 -91.89602199999996,14.71065300000003,0 -91.89599399999997,14.71082200000007,0 -91.89595899999996,14.71087900000004,0 -91.89597699999996,14.71091100000008,0 -91.89601299999998,14.71124500000008,0 -91.89609999999999,14.71133800000008,0 -91.89606499999998,14.71164100000003,0 -91.89599299999999,14.71181800000006,0 -91.89593399999994,14.71192100000007,0 -91.89602499999994,14.71194800000007,0 -91.89615499999996,14.71191900000003,0 -91.896463,14.71195400000004,0 -91.89657799999998,14.71189900000007,0 -91.89675099999994,14.71188800000004,0 -91.89680299999999,14.71183300000007,0 -91.89685499999995,14.71186800000003,0 -91.89695999999998,14.71184300000005,0 -91.89715899999999,14.71180800000009,0 -91.89724699999994,14.71187800000006,0 -91.89721599999994,14.71196900000007,0 -91.89725299999999,14.71208600000005,0 -91.89714799999996,14.71211600000003,0 -91.89711099999992,14.71219700000006,0 -91.89718999999997,14.71223700000008,0 -91.89744099999996,14.71226300000006,0 -91.89758699999999,14.71236400000004,0 -91.89772399999997,14.71240400000004,0 -91.89780699999996,14.71237900000005,0 -91.89802099999996,14.71234900000009,0 -91.898084,14.71229800000004,0 -91.89821399999994,14.71240400000006,0 -91.89818299999993,14.71251500000006,0 -91.89807899999994,14.71269700000004,0 -91.898194,14.71284900000006,0 -91.89834999999995,14.71292000000005,0 -91.89847599999996,14.71290500000004,0 -91.89856999999995,14.71275300000008,0 -91.89861699999993,14.71273800000005,0 -91.89871100000001,14.71277300000002,0 
							</coordinates>
						</LinearRing>
					</outerBoundaryIs>
				</Polygon>
				<Polygon>
					<outerBoundaryIs>
						<LinearRing>
							<coordinates>
								-91.89532399999996,14.71385000000003,0 -91.89538299999998,14.71381900000005,0 -91.89534199999999,14.71378000000005,0 -91.89531999999997,14.71371000000005,0 -91.89524799999997,14.71365400000007,0 -91.89524799999998,14.71356600000008,0 -91.89518,14.71352300000006,0 -91.89514399999997,14.71337900000003,0 -91.89522199999999,14.71332300000007,0 -91.89526199999995,14.71326300000003,0 -91.89535599999995,14.71326300000004,0 -91.89537299999995,14.71330600000005,0 -91.89543999999997,14.71329700000008,0 -91.89546699999994,14.71321900000005,0 -91.89549399999997,14.71315100000004,0 -91.89555099999995,14.71308200000004,0 -91.89556899999997,14.71301300000006,0 -91.89549799999998,14.71301700000004,0 -91.89545799999995,14.71310300000005,0 -91.89540899999997,14.71311600000007,0 -91.89532499999996,14.71309000000003,0 -91.89530699999996,14.71298300000007,0 -91.89523599999994,14.71286700000008,0 -91.89523599999994,14.71263400000004,0 -91.89536899999996,14.71245300000004,0 -91.89545399999997,14.71243600000003,0 -91.89550199999998,14.71255700000007,0 -91.89539599999996,14.71261300000003,0 -91.89545799999998,14.71263400000004,0 -91.89557799999994,14.71257400000007,0 -91.89563999999996,14.71240600000004,0 -91.89559099999997,14.71234600000003,0 -91.89548499999995,14.71234600000003,0 -91.89541299999996,14.71225500000002,0 -91.89548899999991,14.71218700000003,0 -91.89559599999995,14.71213100000005,0 -91.89563599999995,14.71216100000004,0 -91.89569399999991,14.71217400000006,0 -91.89569399999991,14.71213500000005,0 -91.89580999999998,14.71213500000004,0 -91.89582699999994,14.71204500000005,0 -91.89575199999996,14.71197100000007,0 -91.89555999999999,14.71193700000003,0 -91.89546699999994,14.71191500000004,0 -91.89539599999996,14.71186400000006,0 -91.89527599999995,14.71188100000005,0 -91.89488799999997,14.71188100000006,0 -91.89484799999995,14.71179100000007,0 -91.89483499999996,14.71161800000004,0 -91.89479299999995,14.71145700000005,0 -91.89480599999995,14.71125000000007,0 -91.89473999999996,14.71120800000005,0 -91.89453499999998,14.71119100000005,0 -91.89438199999994,14.71106900000006,0 -91.894369,14.71097200000003,0 -91.89433899999995,14.71091300000006,0 -91.89233528299995,14.71074552800007,0 -91.89231699999999,14.71074400000003,0 -91.89219599999994,14.71095800000007,0 -91.89213299999994,14.71128100000005,0 -91.89204499999992,14.71149300000007,0 -91.89201999999995,14.71163900000005,0 -91.89209085199997,14.71164727700005,0 -91.89223399999999,14.71166400000003,0 -91.89239099999998,14.71155400000003,0 -91.892523,14.71149900000006,0 -91.89270499999996,14.71156000000008,0 -91.89280599999992,14.71173700000004,0 -91.89278099999996,14.71186400000005,0 -91.89279999999997,14.71208900000006,0 -91.89290599999998,14.71224100000005,0 -91.89297599999999,14.71241700000007,0 -91.89308199999994,14.71254500000004,0 -91.89310099999996,14.71268500000003,0 -91.89314499999993,14.71284600000006,0 -91.89320799999993,14.71289900000005,0 -91.89346599999998,14.71290700000002,0 -91.89359199999996,14.71289400000006,0 -91.89375899999999,14.71264100000007,0 -91.89386299999994,14.71250600000008,0 -91.89402499999994,14.71241900000008,0 -91.89420999999999,14.71246200000007,0 -91.89436299999994,14.71267200000006,0 -91.89434499999999,14.71284600000007,0 -91.89438599999994,14.71297300000003,0 -91.89451699999995,14.71305600000006,0 -91.89462499999998,14.71311200000002,0 -91.89460299999998,14.71319500000005,0 -91.89444899999994,14.71315600000003,0 -91.89437699999996,14.71308600000003,0 -91.89433199999996,14.71299900000003,0 -91.89423299999999,14.71299000000004,0 -91.89415999999994,14.71294700000004,0 -91.89413799999997,14.71288600000002,0 -91.89415999999994,14.71279400000003,0 -91.89416499999999,14.71266700000008,0 -91.89410199999996,14.71261900000008,0 -91.89403899999999,14.71265400000004,0 -91.89409299999996,14.71282900000006,0 -91.89410199999999,14.71294700000004,0 -91.89413299999997,14.71315200000004,0 -91.89434099999994,14.71318200000007,0 -91.89446699999996,14.71322200000003,0 -91.89462499999998,14.71327800000007,0 -91.89477399999998,14.71333500000004,0 -91.89481499999995,14.71344000000005,0 -91.89483299999995,14.71364900000004,0 -91.89489999999995,14.71376700000007,0 -91.895045,14.71381900000005,0 -91.89519399999995,14.71381500000006,0 -91.89532399999996,14.71385000000003,0 
							</coordinates>
						</LinearRing>
					</outerBoundaryIs>
				</Polygon>
				<Polygon>
					<outerBoundaryIs>
						<LinearRing>
							<coordinates>
								-91.90295399999997,14.71256200000005,0 -91.90286699999996,14.71281500000003,0 -91.90284099999997,14.71312400000005,0 -91.90280499999994,14.71345600000007,0 -91.90280999999999,14.71362500000005,0 -91.90279499999995,14.71378400000003,0 -91.90277399999997,14.71391800000003,0 -91.90279999999994,14.71413100000007,0 -91.90275899999995,14.71431900000006,0 -91.90523999999992,14.71455300000002,0 -91.90790699999995,14.71476500000005,0 -91.90814199999994,14.71276500000006,0 -91.90416000000002,14.71238800000004,0 -91.90393399999994,14.71238800000003,0 -91.90381099999995,14.71240200000006,0 -91.90370799999992,14.71235300000007,0 -91.90301899999997,14.71226400000007,0 -91.90299699999998,14.71240200000006,0 -91.90295399999997,14.71256200000005,0 
							</coordinates>
						</LinearRing>
					</outerBoundaryIs>
				</Polygon>
				<Polygon>
					<outerBoundaryIs>
						<LinearRing>
							<coordinates>
								-91.89937799999996,14.71321100000006,0 -91.89921899999996,14.71322200000003,0 -91.89918399999999,14.71367200000002,0 -91.89922499999994,14.71371700000002,0 -91.89950699999997,14.71376900000007,0 -91.89964199999997,14.71383700000006,0 -91.89975184699996,14.71385953300007,0 -91.89977826699997,14.71386495200005,0 -91.89983700000001,14.71387700000002,0 -91.89990517299996,14.71391899100007,0 -91.90011299999998,14.71404700000005,0 -91.90026599999996,14.71410400000008,0 -91.90033700000001,14.71414400000003,0 -91.90039499999995,14.71415000000008,0 -91.90053099999997,14.71422400000006,0 -91.90063156499997,14.71422829800002,0 -91.90064799999999,14.71422900000005,0 -91.90090399999997,14.71425200000004,0 -91.90106099999997,14.71433800000005,0 -91.90114999999996,14.71447700000005,0 -91.90125299999994,14.71447700000003,0 -91.90140999999994,14.71453000000003,0 -91.90153399999997,14.71478800000005,0 -91.90160199999997,14.71486100000004,0 -91.90162899999994,14.71494700000005,0 -91.90169425999993,14.71505078600007,0 -91.90171199999996,14.71507900000006,0 -91.90175999999998,14.71517900000004,0 -91.90189599999997,14.71529800000008,0 -91.902114711,14.71534117900007,0 -91.90212899999993,14.71534400000007,0 -91.90230699999995,14.71540400000004,0 -91.90247799999997,14.71543700000007,0 -91.90249199999995,14.71539100000008,0 -91.90255399999995,14.71502600000003,0 -91.90256699999998,14.71487400000006,0 -91.90258099999993,14.71462900000005,0 -91.90270399999999,14.71439100000004,0 -91.90276599999999,14.71413900000005,0 -91.90273199999996,14.71393400000006,0 -91.90275199999998,14.71375500000005,0 -91.90279299999997,14.71363600000007,0 -91.90276599999999,14.71352300000008,0 -91.90281399999998,14.71321900000004,0 -91.90280699999991,14.71308600000003,0 -91.90282099999997,14.71298700000006,0 -91.90283399999998,14.71279100000003,0 -91.90291199999994,14.71260100000007,0 -91.90292999999996,14.71252000000004,0 -91.90297099999998,14.71240500000005,0 -91.90297099999998,14.71234200000004,0 -91.90301899999997,14.71216900000009,0 -91.90313199999999,14.71191500000003,0 -91.90318599999993,14.71174800000005,0 -91.90316199999995,14.71170800000004,0 -91.90300099999996,14.71171900000006,0 -91.90287299999994,14.71182500000003,0 -91.90273399999992,14.71201500000005,0 -91.90263599999996,14.71202200000005,0 -91.90247299999997,14.71198700000002,0 -91.90246499999995,14.71193200000004,0 -91.90243299999996,14.71184900000004,0 -91.90238399999998,14.71176600000007,0 -91.90228199999994,14.71168000000007,0 -91.90222499999999,14.71167600000007,0 -91.90218799999995,14.71163600000005,0 -91.90212699999995,14.71153000000005,0 -91.90198099999998,14.71151400000003,0 -91.90195599999998,14.71155000000005,0 -91.90191099999996,14.71157300000005,0 -91.90184199999999,14.71154600000006,0 -91.90180899999997,14.71158500000008,0 -91.90178099999997,14.71163600000005,0 -91.90168699999997,14.71173500000004,0 -91.90162999999995,14.71184500000004,0 -91.90152799999998,14.71183700000007,0 -91.90147499999996,14.71189600000002,0 -91.90151599999996,14.71204600000004,0 -91.90158499999994,14.71209300000003,0 -91.90171999999994,14.71214500000008,0 -91.90184899999997,14.71219600000005,0 -91.90192199999996,14.71226700000006,0 -91.90194199999996,14.71242700000005,0 -91.90191699999998,14.71271000000007,0 -91.90188799999997,14.71291300000007,0 -91.90179999999999,14.71300700000007,0 -91.90161499999994,14.71299800000003,0 -91.901528,14.71294100000006,0 -91.90137599999996,14.71287500000006,0 -91.90123999999996,14.71283700000004,0 -91.90111799999995,14.71288900000008,0 -91.90100599999994,14.71290800000002,0 -91.90089399999995,14.71287000000006,0 -91.90082599999994,14.71278100000007,0 -91.90080099999993,14.71267200000004,0 -91.90078699999997,14.71254500000004,0 -91.90072299999997,14.71252600000002,0 -91.90058299999997,14.71255300000008,0 -91.90054999999997,14.71260700000004,0 -91.90046799999999,14.71268600000008,0 -91.90036599999996,14.71267000000007,0 -91.90027799999996,14.71273400000006,0 -91.90014599999995,14.71273000000002,0 -91.90000899999997,14.71277800000008,0 -91.89995599999999,14.71277500000003,0 -91.89982099999997,14.71282900000005,0 -91.89969299999996,14.71281900000002,0 -91.89961499999998,14.71276200000006,0 -91.89949299999995,14.71275300000008,0 -91.89937199999997,14.71274600000004,0 -91.89935899999996,14.71264500000006,0 -91.89938399999996,14.71261900000007,0 -91.89945399999999,14.71262500000006,0 -91.89957799999995,14.71256800000004,0 -91.89961899999997,14.71248800000006,0 -91.89968399999997,14.71238600000004,0 -91.89965999999997,14.71230600000008,0 -91.89954799999998,14.71215300000006,0 -91.89952499999998,14.71202800000003,0 -91.89938399999996,14.71191400000003,0 -91.89926599999998,14.71189100000004,0 -91.89920700000002,14.71213000000006,0 -91.89920099999995,14.71250000000004,0 -91.89927199999994,14.71271600000006,0 -91.89934199999999,14.71289800000005,0 -91.89937799999996,14.71321100000006,0 
							</coordinates>
						</LinearRing>
					</outerBoundaryIs>
				</Polygon>
				<Polygon>
					<outerBoundaryIs>
						<LinearRing>
							<coordinates>
								-91.89552399999998,14.71644000000004,0 -91.89564799999994,14.71640100000008,0 -91.89576199999998,14.71640100000007,0 -91.89592599999999,14.71638500000006,0 -91.89590899999996,14.71610500000003,0 -91.89591109599995,14.71610072600003,0 -91.89595999999995,14.71600100000006,0 -91.89588099999997,14.71579300000009,0 -91.89592599999999,14.71562800000003,0 -91.89598899999999,14.71545800000006,0 -91.89609499999993,14.71532900000006,0 -91.89616899999999,14.71524300000004,0 -91.89612854099991,14.71518065300006,0 -91.89610799999997,14.71514900000006,0 -91.89609199999995,14.71504500000003,0 -91.89610399999998,14.71494100000008,0 -91.89617499999996,14.71487300000008,0 -91.89624199999997,14.71487600000006,0 -91.89632499999999,14.71492600000006,0 -91.89639299999997,14.71496200000008,0 -91.89643558599992,14.71495573700002,0 -91.89646099999999,14.71495200000004,0 -91.89660052799998,14.71483491400005,0 -91.89660399999997,14.71483200000005,0 -91.89660503899994,14.71483160900004,0 -91.89672099999996,14.71478800000006,0 -91.89692299999996,14.71466200000004,0 -91.89705999999994,14.71456100000007,0 -91.89716999999996,14.71452400000005,0 -91.89720196599994,14.71441696300009,0 -91.89723599999996,14.71430300000004,0 -91.89735299999995,14.71419600000007,0 -91.89747099999995,14.71424300000006,0 -91.89772217699998,14.71428411800003,0 -91.89775199999997,14.71428900000007,0 -91.89805899999999,14.71431400000006,0 -91.89823497599996,14.71408753300005,0 -91.89829599999996,14.71400900000004,0 -91.89839199999996,14.71397200000006,0 -91.89858076899998,14.71391459100004,0 -91.89858599999997,14.71391300000004,0 -91.89867699999996,14.71388000000007,0 -91.89884499999994,14.71382900000004,0 -91.89895799999991,14.71378800000003,0 -91.89900127699998,14.71376880000003,0 -91.89909999999998,14.71372500000008,0 -91.89916499999997,14.71368700000005,0 -91.89919999999995,14.71319800000004,0 -91.89916099999994,14.71315600000002,0 -91.89906999999995,14.71314400000005,0 -91.89897599999995,14.71313300000002,0 -91.89893499999992,14.71318100000008,0 -91.89885299999997,14.71319700000005,0 -91.89883099999997,14.71316500000007,0 -91.89880199999998,14.71311900000006,0 -91.89875199999993,14.71296200000007,0 -91.89860399999998,14.71299200000004,0 -91.89847499999996,14.71308300000004,0 -91.89825999999994,14.71305400000006,0 -91.89804399999994,14.71286100000003,0 -91.898014,14.71278600000005,0 -91.89798999999992,14.71269200000007,0 -91.89797299999996,14.71255200000007,0 -91.89792899999999,14.71251200000006,0 -91.89786499999997,14.71254800000003,0 -91.89780799999994,14.71253500000007,0 -91.89778099999995,14.71258100000005,0 -91.89761899999995,14.71258100000005,0 -91.89756499999999,14.71250900000006,0 -91.89739699999996,14.71243100000004,0 -91.89726799999995,14.71240800000003,0 -91.89714999999994,14.71247700000004,0 -91.89709699999997,14.71246000000003,0 -91.89698499999997,14.71236900000002,0 -91.89694999999993,14.71220800000003,0 -91.89695399999992,14.71210200000008,0 -91.89700699999997,14.71207000000004,0 -91.89697399999994,14.71201000000007,0 -91.89680199999998,14.71206100000007,0 -91.89665899999994,14.71203300000008,0 -91.89647799999996,14.71210200000007,0 -91.89613499999994,14.71211200000005,0 -91.89594899999997,14.71217100000006,0 -91.89584399999997,14.71235100000006,0 -91.89572999999996,14.71252200000004,0 -91.89563899999996,14.71263700000004,0 -91.89555899999999,14.71275700000007,0 -91.89561599999995,14.71284400000008,0 -91.89571999999998,14.71293200000002,0 -91.89573499999995,14.71309800000005,0 -91.89560599999999,14.71335600000004,0 -91.89552999999994,14.71340200000004,0 -91.89545399999997,14.71352600000006,0 -91.89551099999994,14.71366000000005,0 -91.89556299999997,14.71379800000005,0 -91.89553499999995,14.71391300000005,0 -91.89539199999996,14.71399600000007,0 -91.89523499999996,14.71396900000008,0 -91.89518399999999,14.71399500000007,0 -91.89520100000001,14.71410400000008,0 -91.89525199999997,14.71427400000006,0 -91.89535899999997,14.71437800000006,0 -91.89554099999998,14.71442800000006,0 -91.89563699999997,14.71451000000008,0 -91.89551199999994,14.71506400000005,0 -91.89542199999995,14.71540400000003,0 -91.89533099999993,14.71584200000008,0 -91.89530299999997,14.71621500000004,0 -91.89552399999998,14.71644000000004,0 
							</coordinates>
						</LinearRing>
					</outerBoundaryIs>
				</Polygon>
				<Polygon>
					<outerBoundaryIs>
						<LinearRing>
							<coordinates>
								-91.89244799999992,14.71594900000002,0 -91.89259799999996,14.71600800000004,0 -91.89261085699997,14.71601580000004,0 -91.89274799999998,14.71609900000005,0 -91.89298099999998,14.71612600000004,0 -91.89319699999999,14.71619600000002,0 -91.89331899999996,14.71629200000008,0 -91.89340799999995,14.71639400000003,0 -91.89342506199996,14.71640118900006,0 -91.89358599999996,14.71646900000008,0 -91.893715,14.71548200000007,0 -91.89388499999995,14.71444000000002,0 -91.89398899999996,14.71366600000006,0 -91.89396899999997,14.71359800000005,0 -91.89392099999998,14.71361000000008,0 -91.89395399999997,14.71354900000005,0 -91.89396899999997,14.71347600000008,0 -91.89395899999994,14.71342200000004,0 -91.89385099999998,14.71341000000007,0 -91.89386299999997,14.71339100000006,0 -91.89387099999999,14.71327100000008,0 -91.89391399999994,14.71325200000007,0 -91.89390099999999,14.71323000000006,0 -91.89385299999998,14.71324000000004,0 -91.89385099999998,14.71321000000006,0 -91.89383799999995,14.71318300000008,0 -91.89388099999998,14.71314200000007,0 -91.89388299999997,14.71308100000004,0 -91.89390399999995,14.71304700000007,0 -91.89383899999997,14.71301000000005,0 -91.89368499999995,14.71306600000002,0 -91.89355600000002,14.71309700000007,0 -91.89334999999993,14.71309700000006,0 -91.89318199999997,14.71306000000005,0 -91.89313099999998,14.71311600000006,0 -91.89293699999996,14.71308500000004,0 -91.89287899999994,14.71289800000005,0 -91.89294999999998,14.71284800000006,0 -91.89296999999999,14.71264200000008,0 -91.89285399999994,14.71235600000006,0 -91.89266699999993,14.71207500000003,0 -91.89263499999998,14.71192600000005,0 -91.89269299999995,14.71174500000006,0 -91.89264099999997,14.71168300000005,0 -91.89253099999995,14.71167000000002,0 -91.89236999999996,14.71177000000005,0 -91.89220299999991,14.71191300000005,0 -91.89207399999998,14.71205700000008,0 -91.89193260899998,14.71225284600006,0 -91.89192599999996,14.71226200000007,0 -91.89192431199994,14.71258755300005,0 -91.89191899999997,14.71361200000007,0 -91.89191199999999,14.71392200000002,0 -91.89194499999996,14.71447800000004,0 -91.89187899999996,14.71475000000005,0 -91.89183999999993,14.71508500000005,0 -91.89176697199997,14.71588374200007,0 -91.89175999999998,14.71596000000005,0 -91.89185628799999,14.71598347700008,0 -91.89194606099994,14.71600536500007,0 -91.89204299999994,14.71602900000006,0 -91.89215552599997,14.71596648600008,0 -91.89230399999995,14.71588400000008,0 -91.89244799999992,14.71594900000002,0 
							</coordinates>
						</LinearRing>
					</outerBoundaryIs>
				</Polygon>
				<Polygon>
					<outerBoundaryIs>
						<LinearRing>
							<coordinates>
								-91.89514623599996,14.71617013900005,0 -91.89516573199995,14.71631574700006,0 -91.89511065099998,14.71646067600005,0 -91.89526170999996,14.71662469700005,0 -91.89532780099997,14.71670563400005,0 -91.89533762199994,14.71670906300006,0 -91.89540199999999,14.71672200000006,0 -91.89552299999995,14.71672700000006,0 -91.89555099999997,14.71665300000007,0 -91.89555599999993,14.71656300000007,0 -91.89540099999994,14.71640000000002,0 -91.89525799999996,14.71624000000003,0 -91.89527399999996,14.71599500000007,0 -91.89533499999999,14.71561700000006,0 -91.89535699999999,14.71546200000006,0 -91.89546699999994,14.71503100000006,0 -91.89558799999996,14.71454100000006,0 -91.89553799999999,14.71447200000005,0 -91.89536899999996,14.71445000000006,0 -91.89525299999997,14.71436300000004,0 -91.89515799999997,14.71422100000008,0 -91.89509999999997,14.71407800000003,0 -91.89501599999996,14.71400200000005,0 -91.89482099999998,14.71402200000006,0 -91.89469999999994,14.71401700000006,0 -91.89468899999996,14.71397600000006,0 -91.89472599999999,14.71394000000003,0 -91.89467299999994,14.71391000000006,0 -91.89462099999996,14.71375200000006,0 -91.894526,14.71363000000002,0 -91.89439899999998,14.71361900000005,0 -91.89439899999996,14.71367000000003,0 -91.89403599999999,14.71361900000005,0 -91.89386699999994,14.71476200000006,0 -91.89366899999999,14.71609400000005,0 -91.89363099999996,14.71644000000003,0 -91.89378499999998,14.71656800000006,0 -91.89382277299994,14.71661105300006,0 -91.89397200699996,14.71668329500005,0 -91.89408247899996,14.71668263000003,0 -91.89419699999998,14.71661600000004,0 -91.89429599999995,14.71660000000003,0 -91.89440099999996,14.71656800000004,0 -91.89442396299995,14.71657809000004,0 -91.89453472899997,14.71651497800008,0 -91.89467931499995,14.71625428500004,0 -91.89479045599995,14.71607287000006,0 -91.89493976999995,14.71605389700005,0 -91.89503319999993,14.71605333400003,0 -91.89514623599996,14.71617013900005,0 
							</coordinates>
						</LinearRing>
					</outerBoundaryIs>
				</Polygon>
				<Polygon>
					<outerBoundaryIs>
						<LinearRing>
							<coordinates>
								-91.90261099999998,14.71465200000006,0 -91.902586,14.71496200000006,0 -91.90255699999996,14.71519600000005,0 -91.90255299999997,14.71532800000006,0 -91.90256299999999,14.71540600000004,0 -91.90264799999994,14.71552900000006,0 -91.90269099999998,14.71580700000005,0 -91.90291399999998,14.71600200000006,0 -91.90291399999995,14.71610494000004,0 -91.90296676399998,14.71617374900007,0 -91.90313062599995,14.71647889400003,0 -91.90326525199995,14.71693107100002,0 -91.90325628599997,14.71734597400007,0 -91.90413799999999,14.71744300000006,0 -91.90760299999994,14.71773500000005,0 -91.90763899999996,14.71760100000006,0 -91.90763899999996,14.71752400000002,0 -91.90758099999991,14.71750300000002,0 -91.90754899999996,14.71739600000007,0 -91.90756499999996,14.71714900000007,0 -91.90749599999998,14.71712400000008,0 -91.90755999999999,14.71682100000003,0 -91.90768199999995,14.71681600000005,0 -91.90770799999996,14.71678500000007,0 -91.90780999999998,14.71577700000007,0 -91.90788799999996,14.71480300000008,0 -91.90275299999996,14.71435100000001,0 -91.90261099999998,14.71465200000006,0 
							</coordinates>
						</LinearRing>
					</outerBoundaryIs>
				</Polygon>
				<Polygon>
					<outerBoundaryIs>
						<LinearRing>
							<coordinates>
								-91.90324312699993,14.71795496200003,0 -91.90326599999999,14.71810200000004,0 -91.90326152999994,14.71812152800004,0 -91.90327724199996,14.71826173600004,0 -91.90337396499994,14.71827696500002,0 -91.90508106199997,14.71837506500004,0 -91.90732967399998,14.71861897700006,0 -91.907437546,14.71865334100005,0 -91.90748046399995,14.71868666600006,0 -91.90750199999997,14.71862800000003,0 -91.90760299999994,14.71776300000004,0 -91.90745299999998,14.71775400000007,0 -91.904611,14.71749800000003,0 -91.90325581499998,14.71736780400004,0 -91.90324312699993,14.71795496200003,0 
							</coordinates>
						</LinearRing>
					</outerBoundaryIs>
				</Polygon>
			</MultiGeometry>
		</Placemark>
		<Placemark id="ID_00012">
			<name>GT15-CON</name>
			<Snippet maxLines="0"></Snippet>
			<description><![CDATA[<html xmlns:fo="http://www.w3.org/1999/XSL/Format" xmlns:msxsl="urn:schemas-microsoft-com:xslt">

<head>

<META http-equiv="Content-Type" content="text/html">

<meta http-equiv="content-type" content="text/html; charset=UTF-8">

</head>

<body style="margin:0px 0px 0px 0px;overflow:auto;background:#FFFFFF;">

<table style="font-family:Arial,Verdana,Times;font-size:12px;text-align:left;width:100%;border-collapse:collapse;padding:3px 3px 3px 3px">

<tr style="text-align:center;font-weight:bold;background:#9CBCE2">

<td>GT15-CON</td>

</tr>

<tr>

<td>

<table style="font-family:Arial,Verdana,Times;font-size:12px;text-align:left;width:100%;border-spacing:0px; padding:3px 3px 3px 3px">

<tr>

<td>FID</td>

<td>12</td>

</tr>

<tr bgcolor="#D4E4F3">

<td>Name</td>

<td>Concordia</td>

</tr>

<tr>

<td>CODE</td>

<td>GT15-CON</td>

</tr>

<tr bgcolor="#D4E4F3">

<td>INSTANCE</td>

<td>Concordia</td>

</tr>

<tr>

<td>STATUS</td>

<td>Active</td>

</tr>

<tr bgcolor="#D4E4F3">

<td>PROJECT</td>

<td>1538</td>

</tr>

<tr>

<td>USE</td>

<td>Rubber</td>

</tr>

<tr bgcolor="#D4E4F3">

<td>HAS</td>

<td>60.19</td>

</tr>

</table>

</td>

</tr>

</table>

</body>

</html>]]></description>
			<styleUrl>#PolyStyle0016</styleUrl>
			<MultiGeometry>
				<Polygon>
					<outerBoundaryIs>
						<LinearRing>
							<coordinates>
								-91.40020376699994,14.43585076000004,0 -91.40025728399996,14.43589688000006,0 -91.40030566899998,14.43596448700006,0 -91.40036456999992,14.43605239100004,0 -91.40043409199997,14.43611426800009,0 -91.40051963499995,14.43612411000004,0 -91.40056566733666,14.43611920998683,0 -91.40059447799263,14.43603497545952,0 -91.40063227149201,14.43596058490624,0 -91.40064550258272,14.43586772660805,0 -91.40066713083728,14.43583317254636,0 -91.40071065392604,14.43583035465949,0 -91.4007705128345,14.43583012601523,0 -91.40088425999993,14.43583686300006,0 -91.40087338099994,14.43579848900003,0 -91.40087587599997,14.43577023300005,0 -91.40091804699993,14.43573391600007,0 -91.40080585574859,14.43560901661294,0 -91.40062279942042,14.43550910376817,0 -91.4005748399621,14.43543189305008,0 -91.40048673805285,14.43524648417646,0 -91.40027145007511,14.43503060327766,0 -91.40011702699996,14.43491098700003,0 -91.40001895399998,14.43497482100004,0 -91.39983629499996,14.43509370900007,0 -91.39966581699994,14.43520466900005,0 -91.39962436399998,14.43523165000004,0 -91.39938959799996,14.43548931700007,0 -91.39924063899998,14.43565280700008,0 -91.39922365199998,14.43568086900009,0 -91.39921338699996,14.43570878700009,0 -91.39924601699994,14.43582277800005,0 -91.39931038499998,14.43590049300009,0 -91.39939050699994,14.43593182300004,0 -91.39948677399994,14.43594162500006,0 -91.39954532099995,14.43594140200006,0 -91.39966802099993,14.43589348000006,0 -91.39974232299994,14.43584687200008,0 -91.39998994799994,14.43579960300009,0 -91.40010213299996,14.43580369400011,0 -91.40020376699994,14.43585076000004,0 
							</coordinates>
						</LinearRing>
					</outerBoundaryIs>
				</Polygon>
				<Polygon>
					<outerBoundaryIs>
						<LinearRing>
							<coordinates>
								-91.40047260099995,14.43878299000009,0 -91.40067038099993,14.43884990100005,0 -91.40068159199996,14.43884645200008,0 -91.40074127199995,14.43883944500008,0 -91.40079709299994,14.43880985500008,0 -91.40082678699996,14.43877019700009,0 -91.40084513299996,14.43871928300007,0 -91.40085525199996,14.43856897300001,0 -91.40086950599992,14.43836554400002,0 -91.40082044399996,14.43827421300007,0 -91.40077188199993,14.43823485300009,0 -91.40072701499999,14.43817740200013,0 -91.40071171999992,14.4381220970001,0 -91.40073408199999,14.43806099900013,0 -91.40081573399999,14.43796803900009,0 -91.40083064699996,14.43792843700004,0 -91.40077818499998,14.43785632600007,0 -91.40073311399999,14.43782034300008,0 -91.40071806899992,14.43775486900005,0 -91.40074758599994,14.43767114600009,0 -91.40083285699993,14.43761319800004,0 -91.40088266344162,14.43760546714181,0 -91.40088227820591,14.43750970821342,0 -91.40094350799993,14.43730771300003,0 -91.40067761499994,14.43720930100005,0 -91.40049074099994,14.4371557820001,0 -91.40034510899991,14.43705126100004,0 -91.40028133899992,14.43697806400008,0 -91.40024025399997,14.43692398700012,0 -91.40019896499993,14.43689137900008,0 -91.40015052099994,14.43688139500012,0 -91.40012068099995,14.4368848990001,0 -91.40006494699998,14.43693595500004,0 -91.40000186699993,14.43703449400008,0 -91.39993145099999,14.43711046300008,0 -91.39985335299994,14.43715030600004,0 -91.39975250699993,14.43715521000011,0 -91.39962948399995,14.43712291400005,0 -91.39952107899994,14.43704988600009,0 -91.39935483699996,14.43686522400009,0 -91.39926494499996,14.43678308700009,0 -91.39913764699995,14.43669657300011,0 -91.39902444599994,14.43665633000008,0 -91.39892528499995,14.43664766900002,0 -91.39885496299995,14.43667505300012,0 -91.39882216199995,14.43673506100008,0 -91.39883680399998,14.43684460200011,0 -91.39889829099997,14.43692684700007,0 -91.39901631499997,14.43701339600009,0 -91.39915921499991,14.43708742200007,0 -91.39927605699995,14.43716832600007,0 -91.39936115299997,14.43728324800009,0 -91.39942771299997,14.43740162900008,0 -91.39955631799992,14.43766891500011,0 -91.39958465499994,14.43772417000001,0 -91.39975814243542,14.43774084868152,0 -91.3999326960429,14.43779681261774,0 -91.40004926748101,14.43788445892621,0 -91.40001746536485,14.4380041327507,0 -91.39989494307092,14.43804235380769,0 -91.39984346783949,14.43808659589899,0 -91.39985035421665,14.43819353758259,0 -91.39990924690866,14.43838837203599,0 -91.39999991662891,14.43845724051098,0 -91.40006478552912,14.43853249967654,0 -91.40002657738717,14.43866478242091,0 -91.39995229036704,14.4388413343873,0 -91.40006422899992,14.43881745500006,0 -91.40030155899996,14.43876280500005,0 -91.40047260099995,14.43878299000009,0 
							</coordinates>
						</LinearRing>
					</outerBoundaryIs>
				</Polygon>
				<Polygon>
					<outerBoundaryIs>
						<LinearRing>
							<coordinates>
								-91.39770301999994,14.43860442200003,0 -91.39766344899994,14.43890809700008,0 -91.39765035499991,14.43927371100006,0 -91.39764927899995,14.4393037520001,0 -91.39756340178378,14.43956476879581,0 -91.39773996080879,14.43964563754976,0 -91.39784179124277,14.4397605025465,0 -91.39806152166817,14.43978436265184,0 -91.39827263963002,14.43976709366261,0 -91.39839882151558,14.43963489540524,0 -91.39857585253702,14.43954366498532,0 -91.39880310484567,14.4393369902262,0 -91.39897983798787,14.43917166960225,0 -91.39927493265979,14.43903059444161,0 -91.39970388699997,14.43889432500006,0 -91.39972360009088,14.43878549123409,0 -91.3997425652087,14.4386847431305,0 -91.39974211011433,14.43857148467027,0 -91.39970283993671,14.43843949762875,0 -91.39967645760147,14.43830116916621,0 -91.39961789375839,14.43818813242314,0 -91.39954666968342,14.43813806630011,0 -91.3994497206142,14.43811326722606,0 -91.39943647899787,14.43803151869887,0 -91.39923587178819,14.43791902365692,0 -91.39909347453141,14.437831475411,0 -91.39898792488165,14.43760446952982,0 -91.39890514199998,14.43755050300012,0 -91.39879905099997,14.43747633700009,0 -91.39864304499996,14.43738654300007,0 -91.39853384799993,14.43733272600007,0 -91.39840782599998,14.43727558300004,0 -91.39827465299999,14.43726250200008,0 -91.39822478599996,14.43737815800007,0 -91.39816685688558,14.43751251380068,0 -91.39825600221623,14.43772553642135,0 -91.3981303495319,14.43798945002686,0 -91.39802139308631,14.43820390593154,0 -91.39795628199994,14.43843000400008,0 -91.39790364899993,14.43854646900006,0 -91.39773911399996,14.43853696800009,0 -91.39771201399996,14.43853540300008,0 -91.39770301999994,14.43860442200003,0 
							</coordinates>
						</LinearRing>
					</outerBoundaryIs>
				</Polygon>
				<Polygon>
					<outerBoundaryIs>
						<LinearRing>
							<coordinates>
								-91.40285806843001,14.43861680320646,0 -91.40284593926538,14.43881866581885,0 -91.40275584747941,14.43894514590124,0 -91.40279503220262,14.43903329043034,0 -91.40298948113069,14.43910822682173,0 -91.40306785085379,14.43928451577695,0 -91.40310713751444,14.43939788686907,0 -91.40344456991657,14.43962363719017,0 -91.40378185023945,14.43981154705112,0 -91.40409339797456,14.44003739559566,0 -91.40444367336164,14.44023786810684,0 -91.40483165685926,14.44016069827445,0 -91.40528409988701,14.44002021279254,0 -91.40555503485437,14.43980474273078,0 -91.40586418573278,14.43943776354244,0 -91.40627733832531,14.43918390572865,0 -91.40682939999994,14.4384608190001,0 -91.40675635824178,14.43828572730738,0 -91.40662120169387,14.43828624705804,0 -91.40649419249199,14.43821264448067,0 -91.40634982232905,14.43802385600936,0 -91.40621426614425,14.4379255891434,0 -91.40613810744952,14.43789295253839,0 -91.40591817866972,14.43781970670801,0 -91.40589267035061,14.43777864308038,0 -91.405875009875,14.43758936741595,0 -91.40585748264108,14.43743302054168,0 -91.40571394591026,14.43745003659375,0 -91.40555351464037,14.43746711744411,0 -91.40540987800087,14.43745943671343,0 -91.40536727561289,14.43736904469142,0 -91.40542780179392,14.43727194890966,0 -91.40532807931686,14.43721614991834,0 -91.40518033796572,14.43709809556505,0 -91.40510467877195,14.43718894161352,0 -91.40499486456461,14.4371893631163,0 -91.40495229566419,14.43710720320587,0 -91.40500241356797,14.43696706126086,0 -91.40513713683374,14.43685952387055,0 -91.40513697047055,14.43681836286491,0 -91.40498498681573,14.43683541087969,0 -91.40484178298543,14.43693474840039,0 -91.40466469029136,14.43700951887358,0 -91.40468956642323,14.43689417081611,0 -91.40479053413992,14.43679499545451,0 -91.40484923236282,14.43668774993113,0 -91.40478973591094,14.43659742260629,0 -91.40467985547359,14.43658137954091,0 -91.40446844211895,14.43652456424409,0 -91.40426149577389,14.43634495350196,0 -91.40413033545673,14.4362278922156,0 -91.40412982129817,14.43610053294662,0 -91.40424024316836,14.43606092147244,0 -91.40455175059655,14.43623611312189,0 -91.40491561269161,14.43639113133552,0 -91.40510989867548,14.43639038567062,0 -91.40521997868494,14.4364558217468,0 -91.4053054824944,14.43671069568221,0 -91.40540734846574,14.43683378949183,0 -91.40557645955508,14.43687430172547,0 -91.40577932634105,14.4369064518416,0 -91.40595678486346,14.43692223474836,0 -91.40602512876987,14.43711131567331,0 -91.4061356091111,14.4372755376648,0 -91.40617854490336,14.43744825151505,0 -91.40609507165178,14.43769554209543,0 -91.40642538128657,14.43790831298836,0 -91.40670470786624,14.43804718852134,0 -91.40697279199998,14.43813894000006,0 -91.40689159674449,14.43770276558919,0 -91.40689101563412,14.43755927563806,0 -91.407539532352,14.4352991701386,0 -91.40705789950843,14.43513839867229,0 -91.40720167199999,14.43269841000011,0 -91.40703631899996,14.43265843200003,0 -91.40703139599997,14.43248800700013,0 -91.40718552199992,14.4323814320001,0 -91.40731730499994,14.43239726800013,0 -91.40759948799993,14.43239917400015,0 -91.40805315899995,14.43244109800005,0 -91.40862044399995,14.4324658530001,0 -91.40887189099995,14.43247651700008,0 -91.40899798699995,14.43242953900013,0 -91.40909100099994,14.43228966800006,0 -91.40919528599993,14.43229037100005,0 -91.40927809999988,14.43229093000002,0 -91.40933980499993,14.43224052700004,0 -91.40943055899996,14.43198704600009,0 -91.40947451799991,14.43184385400004,0 -91.40952712799997,14.43177844400004,0 -91.40960706599999,14.43175207900005,0 -91.40968998699991,14.43173769100007,0 -91.40985215699999,14.43175034500009,0 -91.40998069199996,14.43170401100007,0 -91.41002690499994,14.4316154720001,0 -91.41002258599997,14.43142108400008,0 -91.40998441699995,14.43117926600015,0 -91.40987148699999,14.43103412300014,0 -91.40966347899993,14.43103827400011,0 -91.40955751899996,14.43111530300008,0 -91.40942257699999,14.43126155100004,0 -91.40925682999992,14.43133262300007,0 -91.40921316999994,14.43146282700009,0 -91.40911343899995,14.43146493100005,0 -91.40904241499999,14.43143668600008,0 -91.40898276599994,14.43141129500007,0 -91.40886934299992,14.43133556300004,0 -91.40873303099991,14.43127355900005,0 -91.40871652899989,14.43119015000013,0 -91.40863754999997,14.4310785550001,0 -91.40851233799998,14.43105827400009,0 -91.40839307899992,14.43100193800006,0 -91.40834272699993,14.4308711000001,0 -91.40827437399997,14.43086786300007,0 -91.4081149359999,14.43085290400007,0 -91.40806974899992,14.43079706800005,0 -91.40801021799992,14.43075501700008,0 -91.40789335599997,14.4307625580001,0 -91.40786166299993,14.43081232200012,0 -91.40773300999993,14.43087531500006,0 -91.40761054799997,14.43086893500004,0 -91.40739438899996,14.43081749700013,0 -91.40721233799997,14.43077739600006,0 -91.40710690999994,14.43077946000005,0 -91.40704945899992,14.43084571000005,0 -91.40694703799991,14.43082558200005,0 -91.40672576499468,14.43072856855464,0 -91.40664089524498,14.43063010680706,0 -91.40648878270508,14.43061422673893,0 -91.40634538359276,14.43066417173775,0 -91.40632057542253,14.43079598434525,0 -91.40625319919563,14.4308456371902,0 -91.4060924730499,14.43078862831032,0 -91.40589799226129,14.43073998127992,0 -91.40564488169616,14.43081504416664,0 -91.40545938028279,14.43089807961231,0 -91.4052315106162,14.43094834818418,0 -91.40500407313431,14.43110563521262,0 -91.40487746761869,14.43113081792017,0 -91.40470037940868,14.43120558818829,0 -91.40448946973767,14.43127225568696,0 -91.40438803897382,14.43125617993461,0 -91.40437886086393,14.43107510377143,0 -91.40447975979228,14.43095946422606,0 -91.40464012007725,14.43092591995112,0 -91.40473313693323,14.43095026020767,0 -91.40489376315946,14.43098257340928,0 -91.40507919836537,14.43088307398199,0 -91.40532366263778,14.43075865087703,0 -91.40548392280733,14.4307004094297,0 -91.4056103948938,14.43064229759646,0 -91.40566915783397,14.43055151633939,0 -91.40579572962945,14.43051810102587,0 -91.40584657800727,14.43055906742776,0 -91.40595652208914,14.43059157453218,0 -91.40609174060477,14.43060751983959,0 -91.40617584431173,14.4305166411287,0 -91.40623450709174,14.43040116313576,0 -91.40633580434357,14.43038430929856,0 -91.40646234261892,14.43034266143551,0 -91.40658924725767,14.43039156773277,0 -91.40665705634255,14.43044893342998,0 -91.4067925746606,14.43053896815391,0 -91.40696901399996,14.43053974500009,0 -91.40704068999992,14.43047636800006,0 -91.40713450499999,14.43050476800003,0 -91.40735054399994,14.43057286400005,0 -91.40758373699998,14.43063274600013,0 -91.40778604599994,14.43062855900007,0 -91.40801953399995,14.43064679500012,0 -91.40826121499997,14.43071506300007,0 -91.40843786399989,14.4307134790001,0 -91.40857989299997,14.43077274500014,0 -91.40862500199992,14.43083968700008,0 -91.40870164499998,14.43087907600005,0 -91.40877899899989,14.43081851300013,0 -91.40883273299991,14.43087440700006,0 -91.40890053399994,14.4309553840001,0 -91.40901085099993,14.43106719100011,0 -91.40920714699995,14.43110738700005,0 -91.40934654499993,14.43113609300017,0 -91.40944651199999,14.43110067200009,0 -91.40950457299992,14.43094835300014,0 -91.40958261599994,14.4307906150001,0 -91.4096631929999,14.43067731900013,0 -91.40966109299993,14.43057179600012,0 -91.40957046199992,14.4304962180001,0 -91.40972184599993,14.43044170700011,0 -91.4098021459999,14.43036728200005,0 -91.40989132799994,14.43024571400007,0 -91.4100202559999,14.43014385100006,0 -91.41024512699994,14.42977053100005,0 -91.4101264237233,14.42969984022577,0 -91.40996370288873,14.42958625989549,0 -91.40983750304392,14.42958674665422,0 -91.40977493818052,14.42971876647727,0 -91.40964934457908,14.42986859980775,0 -91.40947835840717,14.42993954096473,0 -91.40938793025731,14.42986960768975,0 -91.4091986302186,14.42987033735455,0 -91.40901834445756,14.42987103213223,0 -91.40881992320784,14.42984544092822,0 -91.40858580109071,14.42990783943943,0 -91.40830617999374,14.42986499005612,0 -91.40803560887568,14.42983089073951,0 -91.40790876806425,14.42967324463125,0 -91.40773682045776,14.42950698677184,0 -91.40751973058995,14.42932333195133,0 -91.40732081189441,14.4291747479877,0 -91.40710414945623,14.42909651399957,0 -91.40757302950657,14.42714635942134,0 -91.40751054599993,14.42711618000011,0 -91.40691834999997,14.42680923400013,0 -91.40663059799992,14.42688635300007,0 -91.40669376757145,14.42735724685623,0 -91.40672538144622,14.427892829991,0 -91.40661818522734,14.42808456502025,0 -91.40638323261892,14.42823852624162,0 -91.40617714592153,14.42824888405166,0 -91.40589207116462,14.42814475112233,0 -91.40541980667221,14.42786914545797,0 -91.40522256965237,14.42764031452029,0 -91.40501524715474,14.4273445589701,0 -91.40498607119341,14.42741163398912,0 -91.40530221413219,14.42791742749134,0 -91.40553906136884,14.42823220171772,0 -91.40580535581101,14.42854686260317,0 -91.40606117791926,14.42869893872973,0 -91.40633663140609,14.42885093913977,0 -91.40670007662003,14.42891650566296,0 -91.4067497736014,14.42906937310302,0 -91.406033394597,14.42911039008094,0 -91.40585628959718,14.42900584248822,0 -91.40587534056044,14.4288622770116,0 -91.40573745923818,14.42874801254386,0 -91.40552136320331,14.42871057745534,0 -91.40548217844598,14.42872986016576,0 -91.40532563259232,14.42885482098635,0 -91.40437124025702,14.43072388228271,0 -91.40352640343542,14.43055492890923,0 -91.4033131985563,14.43123494275919,0 -91.40339222508094,14.43135900017801,0 -91.40354034700907,14.43157845448532,0 -91.40352114009279,14.43168375579949,0 -91.40347318060415,14.43196135809421,0 -91.40355309490228,14.43230543366207,0 -91.40360317653004,14.43255396189949,0 -91.40354520839932,14.43278377175103,0 -91.40353674314973,14.43311861968389,0 -91.40363517042792,14.43318520569421,0 -91.40412271315071,14.43237978013477,0 -91.40454455567982,14.4323207658067,0 -91.40469128863238,14.43219584302333,0 -91.40478890445367,14.43206154241863,0 -91.40487747728044,14.43211859956766,0 -91.40493702820318,14.4322809957291,0 -91.40491828561348,14.43250108919038,0 -91.4048013474164,14.43271199321083,0 -91.40463521459445,14.43289438741028,0 -91.40434167035144,14.43312510085218,0 -91.40411679695696,14.43334598456598,0 -91.4041766566275,14.43358490897404,0 -91.40403977685378,14.43371935987445,0 -91.40382437094043,14.43385411165319,0 -91.40355037894268,14.43406561696031,0 -91.40353178929335,14.43432397439999,0 -91.40361085572107,14.43445759765117,0 -91.40384678170723,14.43454278896611,0 -91.40412216405164,14.43467565954394,0 -91.40458423983294,14.43485564450758,0 -91.4050360753203,14.43493044014851,0 -91.40541916183604,14.43499593271754,0 -91.40575367247172,14.43518597118146,0 -91.40584309797596,14.43545347989731,0 -91.40579525693957,14.43575978045964,0 -91.40568770838703,14.43586542119426,0 -91.40424331341308,14.43550745044355,0 -91.40325805008733,14.43703224506424,0 -91.40321851646135,14.43696543341835,0 -91.4031392178139,14.43677441405734,0 -91.40300164124662,14.43673667633025,0 -91.40261787687288,14.43682660415244,0 -91.40217756797193,14.43676522163815,0 -91.40193155342205,14.43674093574114,0 -91.40181557627524,14.43686751447911,0 -91.40198434061681,14.43699300412287,0 -91.40201083587507,14.43714426494509,0 -91.40182978892986,14.43718279800236,0 -91.40167457675715,14.43720861861714,0 -91.40184354448051,14.43738456163004,0 -91.40190912220783,14.43759874054716,0 -91.40188455734258,14.43792678588037,0 -91.40162625889239,14.43806652241394,0 -91.40139343966052,14.43810525315008,0 -91.4011451419999,14.43821986900009,0 -91.4011979859999,14.43838688600007,0 -91.40123959399995,14.43849858300008,0 -91.40124368399995,14.4385787870001,0 -91.40122512199991,14.43864777900014,0 -91.40122199399997,14.43873479100013,0 -91.40124480799994,14.43885785800008,0 -91.40129375699998,14.43899325400006,0 -91.40131271299995,14.43913321500008,0 -91.40193840999991,14.43941821600008,0 -91.40199580099993,14.43944356800007,0 -91.40238631669907,14.43961607468011,0 -91.40261505170179,14.43933670379815,0 -91.40245917727621,14.43919855189438,0 -91.40212225463154,14.43909893323743,0 -91.40216047355042,14.43894742484914,0 -91.40218544459449,14.43872028607581,0 -91.40210712658863,14.43855661008537,0 -91.40214539626514,14.4384177150158,0 -91.40227477425871,14.43840460642833,0 -91.40243034299273,14.43846707859833,0 -91.40243115633655,14.43866889167354,0 -91.40249622668112,14.43875693718271,0 -91.40261276362787,14.43876910457613,0 -91.40265103301391,14.43863020944299,0 -91.4027542710388,14.438554133109,0 -91.40285806843001,14.43861680320646,0 
							</coordinates>
						</LinearRing>
					</outerBoundaryIs>
				</Polygon>
			</MultiGeometry>
		</Placemark>
	</Folder>
</Document>
</kml>
