<?xml version="1.0" encoding="UTF-8"?>
<kml xmlns="http://www.opengis.net/kml/2.2" xmlns:gx="http://www.google.com/kml/ext/2.2" xmlns:xsi="http://www.w3.org/2001/XMLSchema-instance"
 xsi:schemaLocation="http://www.opengis.net/kml/2.2 http://schemas.opengis.net/kml/2.2.0/ogckml22.xsd http://www.google.com/kml/ext/2.2 http://code.google.com/apis/kml/schema/kml22gx.xsd">
<Document id="RuralCarbon2021_AU_Final_No5">
  <name>RuralCarbon2021_AU_Final_No5</name>
  <snippet></snippet>
  <Folder id="FeatureLayer0">
    <name>RuralCarbon2021_AU_Final_No5</name>
    <snippet></snippet>
    <Placemark id="ID_00000">
      <name>3421069007</name>
      <snippet></snippet>
      <description><![CDATA[<html xmlns:fo="http://www.w3.org/1999/XSL/Format" xmlns:msxsl="urn:schemas-microsoft-com:xslt">
<head>
<META http-equiv="Content-Type" content="text/html">
<meta http-equiv="content-type" content="text/html; charset=UTF-8">
</head>
<body style="margin:0px 0px 0px 0px;overflow:auto;background:#FFFFFF;">
<table style="font-family:Arial,Verdana,Times;font-size:12px;text-align:left;width:100%;border-collapse:collapse;padding:3px 3px 3px 3px">
<tr style="text-align:center;font-weight:bold;background:#9CBCE2">
<td>3421069007</td>
</tr>
<tr>
<td>
<table style="font-family:Arial,Verdana,Times;font-size:12px;text-align:left;width:100%;border-spacing:0px; padding:3px 3px 3px 3px">
<tr>
<td>FID</td>
<td>0</td>
</tr>
<tr bgcolor="#D4E4F3">
<td>PIN</td>
<td>3421069007</td>
</tr>
<tr>
<td>ID</td>
<td>0</td>
</tr>
<tr bgcolor="#D4E4F3">
<td>AU</td>
<td>4</td>
</tr>
<tr>
<td>NOTES</td>
<td></td>
</tr>
<tr bgcolor="#D4E4F3">
<td>INSIDE_X</td>
<td>1341602.62074</td>
</tr>
<tr>
<td>INSIDE_Y</td>
<td>99223.068196</td>
</tr>
<tr bgcolor="#D4E4F3">
<td>PolygonID</td>
<td>21025</td>
</tr>
<tr>
<td>GIS_Acres</td>
<td>19.377616</td>
</tr>
</table>
</td>
</tr>
</table>
</body><script type="text/javascript">
				function changeImage(attElement, nameElement) {
				document.getElementById('imageAttachment').src = attElement;
				document.getElementById('imageName').innerHTML = nameElement;}
			</script></html>
]]></description>
      <styleUrl>#PolyStyle00</styleUrl>
      <MultiGeometry>
        <Polygon>
          <extrude>0</extrude><altitudeMode>clampToGround</altitudeMode>
          <outerBoundaryIs><LinearRing><coordinates> -122.0353911160783,47.2667316663491,0 -122.0353824499554,47.26674470806967,0 -122.0353026853603,47.26682691401259,0 -122.0350738067797,47.26697890211769,0 -122.0347476622457,47.26721886771784,0 -122.0345806178169,47.2673180973373,0 -122.03438029775,47.26733416884677,0 -122.0340416029166,47.2673076348536,0 -122.0339289919278,47.26728300620687,0 -122.0339508892956,47.26754666894515,0 -122.0368543459562,47.2676113172553,0 -122.0367204701797,47.26729466766572,0 -122.0370020553011,47.26711352016359,0 -122.0369922869584,47.26669313097673,0 -122.037141290061,47.26662926514852,0 -122.0374098822916,47.2666848001877,0 -122.0373732761695,47.26678512957653,0 -122.0375351633568,47.26697000383896,0 -122.0378342421536,47.26678308140695,0 -122.0376191090787,47.26665695855325,0 -122.0377078871052,47.26655706724043,0 -122.038023999177,47.2665271750164,0 -122.0381019395644,47.26403555206553,0 -122.0355353506451,47.26397781855243,0 -122.0329686060658,47.26392002218568,0 -122.0328702446937,47.26391780606812,0 -122.0328405990165,47.26474666018049,0 -122.0331157798314,47.26465958679943,0 -122.0337350700185,47.26455825405331,0 -122.0341096042135,47.26452589289222,0 -122.0343526355538,47.26455162056165,0 -122.0349592467581,47.2646692077192,0 -122.0355551228283,47.26489917789154,0 -122.0358566580246,47.26505563081889,0 -122.0359944909975,47.26512782834323,0 -122.0361242738702,47.26516443906343,0 -122.0363674165953,47.26518424356829,0 -122.0366109890979,47.2651803718904,0 -122.0366972965939,47.26521661642459,0 -122.0366175363531,47.2652988233358,0 -122.0365294028699,47.26536320032595,0 -122.0363186766256,47.2654739048368,0 -122.0362202356211,47.26562699219308,0 -122.0362690766013,47.26581091739252,0 -122.0363721309023,47.26588282193323,0 -122.0363762068809,47.2661374084354,0 -122.0363824314173,47.26627361661815,0 -122.0363028839503,47.2663439854496,0 -122.0361090068052,47.26648443036092,0 -122.035844812887,47.26666572202408,0 -122.0356172267097,47.26674668426909,0 -122.0353911160783,47.2667316663491,0</coordinates></LinearRing></outerBoundaryIs>
        </Polygon>
      </MultiGeometry>
    </Placemark>
    <Placemark id="ID_00001">
      <name>3421069005</name>
      <snippet></snippet>
      <description><![CDATA[<html xmlns:fo="http://www.w3.org/1999/XSL/Format" xmlns:msxsl="urn:schemas-microsoft-com:xslt">
<head>
<META http-equiv="Content-Type" content="text/html">
<meta http-equiv="content-type" content="text/html; charset=UTF-8">
</head>
<body style="margin:0px 0px 0px 0px;overflow:auto;background:#FFFFFF;">
<table style="font-family:Arial,Verdana,Times;font-size:12px;text-align:left;width:100%;border-collapse:collapse;padding:3px 3px 3px 3px">
<tr style="text-align:center;font-weight:bold;background:#9CBCE2">
<td>3421069005</td>
</tr>
<tr>
<td>
<table style="font-family:Arial,Verdana,Times;font-size:12px;text-align:left;width:100%;border-spacing:0px; padding:3px 3px 3px 3px">
<tr>
<td>FID</td>
<td>1</td>
</tr>
<tr bgcolor="#D4E4F3">
<td>PIN</td>
<td>3421069005</td>
</tr>
<tr>
<td>ID</td>
<td>0</td>
</tr>
<tr bgcolor="#D4E4F3">
<td>AU</td>
<td>4</td>
</tr>
<tr>
<td>NOTES</td>
<td></td>
</tr>
<tr bgcolor="#D4E4F3">
<td>INSIDE_X</td>
<td>1343138.69005</td>
</tr>
<tr>
<td>INSIDE_Y</td>
<td>100202.807157</td>
</tr>
<tr bgcolor="#D4E4F3">
<td>PolygonID</td>
<td>21026</td>
</tr>
<tr>
<td>GIS_Acres</td>
<td>13.24526</td>
</tr>
</table>
</td>
</tr>
</table>
</body><script type="text/javascript">
				function changeImage(attElement, nameElement) {
				document.getElementById('imageAttachment').src = attElement;
				document.getElementById('imageName').innerHTML = nameElement;}
			</script></html>
]]></description>
      <styleUrl>#PolyStyle00</styleUrl>
      <MultiGeometry>
        <Polygon>
          <extrude>0</extrude><altitudeMode>clampToGround</altitudeMode>
          <outerBoundaryIs><LinearRing><coordinates> -122.0296149094659,47.26961194793883,0 -122.0300445370761,47.27002535324772,0 -122.030340109361,47.27019784850791,0 -122.0303300129065,47.27009118584862,0 -122.0303865881579,47.26974043510833,0 -122.030505160446,47.26952679814271,0 -122.0307657111334,47.26938753489308,0 -122.0310340493776,47.26921418958836,0 -122.0312071843235,47.26915223709245,0 -122.0314740962046,47.26905692970117,0 -122.0317474611779,47.26900070172068,0 -122.0319615432644,47.26905129240503,0 -122.0322574717959,47.26893671557201,0 -122.0324284709397,47.26899181970253,0 -122.0326908676795,47.26898128703179,0 -122.0327124222405,47.2683579468198,0 -122.0326144020003,47.26822751402975,0 -122.0325821291034,47.26803211401779,0 -122.0325859508671,47.26782238416774,0 -122.0326456748814,47.267691177288,0 -122.0327365702955,47.26765958729418,0 -122.0327414066934,47.26751971688215,0 -122.0325119700328,47.26751397544914,0 -122.0323767837043,47.26751059231985,0 -122.0290531640899,47.26742736551281,0 -122.0289679457862,47.26742523027186,0 -122.0284792212629,47.26741298354585,0 -122.0285009617123,47.26782197006167,0 -122.0289417750401,47.268406211106,0 -122.029201016751,47.26873036821928,0 -122.0294127194644,47.26930290964967,0 -122.0294775980465,47.26940207406066,0 -122.0296707219819,47.26931346806758,0 -122.029668312439,47.26925392661766,0 -122.0297344834659,47.26907830464975,0 -122.0296828942718,47.269030250962,0 -122.029603500935,47.26897243841922,0 -122.0295873634332,47.26889849565231,0 -122.0295601684566,47.26885541018135,0 -122.0295410559617,47.26875287210627,0 -122.0295566115758,47.26866729353652,0 -122.0296122197222,47.26868681121532,0 -122.0296840524877,47.26877551067859,0 -122.0297779132818,47.26880725640618,0 -122.0298768809852,47.26875095413949,0 -122.0298920445615,47.26868679978421,0 -122.0297525019405,47.26866657155895,0 -122.0296624432414,47.26861819211197,0 -122.0297267861805,47.26854255001948,0 -122.0297696668692,47.26849291542783,0 -122.0298363757054,47.26847919520142,0 -122.029922763083,47.26853706679992,0 -122.0300855939913,47.26843130731407,0 -122.0300934148055,47.26838613751281,0 -122.0299824162948,47.26833520022557,0 -122.0299241810857,47.26826804364014,0 -122.0298906006626,47.26819157239225,0 -122.029812486945,47.26825519377343,0 -122.0297283356958,47.26826638544815,0 -122.0297085704638,47.26819955449763,0 -122.0298000205994,47.26817175874202,0 -122.0298155756116,47.26808618012421,0 -122.0297955928184,47.2680312515562,0 -122.0298487906816,47.2679912276567,0 -122.0299441725662,47.26793965665083,0 -122.0299974137192,47.26789725220608,0 -122.0300947703774,47.26792902727414,0 -122.0302143715066,47.26789194609874,0 -122.030265264387,47.26797808714161,0 -122.0303735477948,47.26798614602165,0 -122.0304602392826,47.26802735389749,0 -122.0304656252315,47.26811549063346,0 -122.0303815178113,47.26812430231643,0 -122.0303287115242,47.26814290219551,0 -122.0302792285071,47.26817105354378,0 -122.0302485360995,47.2681279386327,0 -122.0301651678971,47.26809628209453,0 -122.0300849925905,47.26808131841792,0 -122.0300453053202,47.26814764605835,0 -122.0300616172142,47.26821206687693,0 -122.030109143371,47.26829103695909,0 -122.0301505884135,47.26831995786413,0 -122.0301802806663,47.26841782370449,0 -122.0302673640436,47.26843760746034,0 -122.0303883765594,47.26851481847133,0 -122.0303423470024,47.26854537991034,0 -122.030247355754,47.26857552697069,0 -122.0300971040564,47.26856711274196,0 -122.0300263324992,47.26861174967584,0 -122.0300254191344,47.26866173962755,0 -122.0300912583067,47.268695628732,0 -122.0300907799084,47.26872181394492,0 -122.0300930594382,47.26878849681638,0 -122.030152121699,47.26881042431156,0 -122.0302508715981,47.2687660240889,0 -122.0302850616438,47.26880916859412,0 -122.0302421376897,47.26886118385157,0 -122.0302764582364,47.26889718693719,0 -122.0303661701419,47.26896460969874,0 -122.0303513983689,47.26900733985156,0 -122.0302440695391,47.26894691051115,0 -122.0301706265698,47.26894628892655,0 -122.0300327537031,47.269026070538,0 -122.0298992912156,47.2690558916423,0 -122.0298697033413,47.26914373229172,0 -122.029977815072,47.2691613134553,0 -122.0300944001783,47.26909801761672,0 -122.0301787701125,47.26907492331463,0 -122.030220563683,47.26908480040472,0 -122.030177552464,47.26914157658094,0 -122.0302495172364,47.26922313427285,0 -122.0302447588787,47.26929213841436,0 -122.0301937526885,47.26940360629219,0 -122.0301750049631,47.26947249202756,0 -122.0301695071765,47.26958196421332,0 -122.0301273653023,47.26959113089128,0 -122.0300832918137,47.26951457090279,0 -122.0299617990161,47.26946354477813,0 -122.0298086566045,47.26942177391901,0 -122.029690487559,47.26938029901453,0 -122.0295047141871,47.26944351991609,0 -122.0296149094659,47.26961194793883,0</coordinates></LinearRing></outerBoundaryIs>
        </Polygon>
      </MultiGeometry>
    </Placemark>
    <Placemark id="ID_00002">
      <name>3323039002</name>
      <snippet></snippet>
      <description><![CDATA[<html xmlns:fo="http://www.w3.org/1999/XSL/Format" xmlns:msxsl="urn:schemas-microsoft-com:xslt">
<head>
<META http-equiv="Content-Type" content="text/html">
<meta http-equiv="content-type" content="text/html; charset=UTF-8">
</head>
<body style="margin:0px 0px 0px 0px;overflow:auto;background:#FFFFFF;">
<table style="font-family:Arial,Verdana,Times;font-size:12px;text-align:left;width:100%;border-collapse:collapse;padding:3px 3px 3px 3px">
<tr style="text-align:center;font-weight:bold;background:#9CBCE2">
<td>3323039002</td>
</tr>
<tr>
<td>
<table style="font-family:Arial,Verdana,Times;font-size:12px;text-align:left;width:100%;border-spacing:0px; padding:3px 3px 3px 3px">
<tr>
<td>FID</td>
<td>2</td>
</tr>
<tr bgcolor="#D4E4F3">
<td>PIN</td>
<td>3323039002</td>
</tr>
<tr>
<td>ID</td>
<td>0</td>
</tr>
<tr bgcolor="#D4E4F3">
<td>AU</td>
<td>3</td>
</tr>
<tr>
<td>NOTES</td>
<td></td>
</tr>
<tr bgcolor="#D4E4F3">
<td>INSIDE_X</td>
<td>1243111.9362</td>
</tr>
<tr>
<td>INSIDE_Y</td>
<td>162092.452267</td>
</tr>
<tr bgcolor="#D4E4F3">
<td>PolygonID</td>
<td>21027</td>
</tr>
<tr>
<td>GIS_Acres</td>
<td>0.603276</td>
</tr>
</table>
</td>
</tr>
</table>
</body><script type="text/javascript">
				function changeImage(attElement, nameElement) {
				document.getElementById('imageAttachment').src = attElement;
				document.getElementById('imageName').innerHTML = nameElement;}
			</script></html>
]]></description>
      <styleUrl>#PolyStyle00</styleUrl>
      <MultiGeometry>
        <Polygon>
          <extrude>0</extrude><altitudeMode>clampToGround</altitudeMode>
          <outerBoundaryIs><LinearRing><coordinates> -122.4380761381288,47.43281191135909,0 -122.4381226182312,47.43282671745673,0 -122.4383255659198,47.43294303025701,0 -122.438389604955,47.43301469202189,0 -122.4384104468563,47.43312430507322,0 -122.4383728417702,47.4332112318527,0 -122.438349820068,47.43322759093563,0 -122.4390342180966,47.43322503545037,0 -122.4390302531099,47.432812271107,0 -122.4380761381288,47.43281191135909,0</coordinates></LinearRing></outerBoundaryIs>
        </Polygon>
      </MultiGeometry>
    </Placemark>
    <Placemark id="ID_00003">
      <name>3321069009</name>
      <snippet></snippet>
      <description><![CDATA[<html xmlns:fo="http://www.w3.org/1999/XSL/Format" xmlns:msxsl="urn:schemas-microsoft-com:xslt">
<head>
<META http-equiv="Content-Type" content="text/html">
<meta http-equiv="content-type" content="text/html; charset=UTF-8">
</head>
<body style="margin:0px 0px 0px 0px;overflow:auto;background:#FFFFFF;">
<table style="font-family:Arial,Verdana,Times;font-size:12px;text-align:left;width:100%;border-collapse:collapse;padding:3px 3px 3px 3px">
<tr style="text-align:center;font-weight:bold;background:#9CBCE2">
<td>3321069009</td>
</tr>
<tr>
<td>
<table style="font-family:Arial,Verdana,Times;font-size:12px;text-align:left;width:100%;border-spacing:0px; padding:3px 3px 3px 3px">
<tr>
<td>FID</td>
<td>3</td>
</tr>
<tr bgcolor="#D4E4F3">
<td>PIN</td>
<td>3321069009</td>
</tr>
<tr>
<td>ID</td>
<td>0</td>
</tr>
<tr bgcolor="#D4E4F3">
<td>AU</td>
<td>2</td>
</tr>
<tr>
<td>NOTES</td>
<td></td>
</tr>
<tr bgcolor="#D4E4F3">
<td>INSIDE_X</td>
<td>1337703.695</td>
</tr>
<tr>
<td>INSIDE_Y</td>
<td>99203.636656</td>
</tr>
<tr bgcolor="#D4E4F3">
<td>PolygonID</td>
<td>21028</td>
</tr>
<tr>
<td>GIS_Acres</td>
<td>16.699543</td>
</tr>
</table>
</td>
</tr>
</table>
</body><script type="text/javascript">
				function changeImage(attElement, nameElement) {
				document.getElementById('imageAttachment').src = attElement;
				document.getElementById('imageName').innerHTML = nameElement;}
			</script></html>
]]></description>
      <styleUrl>#PolyStyle00</styleUrl>
      <MultiGeometry>
        <Polygon>
          <extrude>0</extrude><altitudeMode>clampToGround</altitudeMode>
          <outerBoundaryIs><LinearRing><coordinates> -122.0517131196098,47.26409275212067,0 -122.0516874361109,47.26409264589336,0 -122.0492894779505,47.26408268542779,0 -122.0493107870499,47.26491218022444,0 -122.0493410806324,47.26491407532408,0 -122.049381863643,47.26491328039495,0 -122.0494108012767,47.26491055923011,0 -122.0494301291443,47.26490686648792,0 -122.0494534119741,47.26490003587757,0 -122.0494862397169,47.26488961955638,0 -122.0495111482753,47.26488342990717,0 -122.0495445054852,47.26487333710416,0 -122.0495718640744,47.26486333671686,0 -122.0495909877209,47.26485756550784,0 -122.0496006244893,47.26485469213913,0 -122.0496218690421,47.26484681387087,0 -122.0496582313425,47.26483427973216,0 -122.0496698439896,47.26482965528165,0 -122.049679492355,47.26482711101298,0 -122.049692217166,47.26482348927442,0 -122.0497072377143,47.26481817598385,0 -122.0497168618925,47.26481459030479,0 -122.0497274400758,47.26480855390702,0 -122.049745613523,47.26480386244927,0 -122.0497634115226,47.26480018881043,0 -122.0497781000737,47.26479446439487,0 -122.0497927823198,47.26478841171302,0 -122.0498023982163,47.26478446989779,0 -122.0498129528628,47.26478123311403,0 -122.0498210822165,47.26477905959837,0 -122.0498306821734,47.26477443160307,0 -122.0498473642522,47.26476800117516,0 -122.0498680516372,47.26476191084495,0 -122.0498827484581,47.264756543444,0 -122.0499025040176,47.26474868114652,0 -122.0499207774061,47.26474294601763,0 -122.0499392058221,47.26473518075429,0 -122.0499549260733,47.26472875976224,0 -122.0499691411355,47.26472512465193,0 -122.049986930821,47.26472109484909,0 -122.0500021928382,47.26471747545258,0 -122.0500238405117,47.26471307578836,0 -122.0500365243788,47.26470945714985,0 -122.0500522858393,47.26470651782055,0 -122.0500686023208,47.26470494431378,0 -122.0500803202196,47.26470309017079,0 -122.0500925051258,47.26470051946363,0 -122.0501027249948,47.26470005234186,0 -122.050124388829,47.26469981915444,0 -122.0501361150183,47.26469832203392,0 -122.0501489115811,47.2646995551889,0 -122.0501648336684,47.26470182425157,0 -122.0501909443487,47.26470398633499,0 -122.0502070519416,47.26470553736086,0 -122.0502152900796,47.26470821836345,0 -122.0502230141464,47.26470953310066,0 -122.0502343859172,47.26471530537135,0 -122.0502509768643,47.26472554614325,0 -122.0502744461685,47.26474580480696,0 -122.0502995420321,47.26477020812778,0 -122.0503056532051,47.26477666760233,0 -122.0503104735342,47.26478632174751,0 -122.050312193667,47.26479466535504,0 -122.0503144734675,47.26480434685055,0 -122.0503217786423,47.26481191789536,0 -122.0503275693895,47.26481846357611,0 -122.0503318453533,47.26482743813136,0 -122.0503390465664,47.2648513513422,0 -122.0503431549291,47.26487387207869,0 -122.0503459852385,47.26489166329903,0 -122.0503443588599,47.26491010609107,0 -122.050342692532,47.26492506629346,0 -122.0503459080559,47.26495420466487,0 -122.0503502093652,47.26498508634986,0 -122.0503523501934,47.26503405945986,0 -122.050356589266,47.26506203450081,0 -122.050358538854,47.26508008257663,0 -122.0503635252996,47.26509705539034,0 -122.0503704907681,47.26511252625433,0 -122.0503790524975,47.26512913134394,0 -122.0503833853728,47.26513879073476,0 -122.0503969945727,47.26517670016495,0 -122.0504095420769,47.26519496337098,0 -122.0504194650452,47.26520423604203,0 -122.0504351060825,47.26521692387128,0 -122.0504496587574,47.26522787111208,0 -122.0504648251179,47.26524265098144,0 -122.050477381447,47.26525606016607,0 -122.0504919320599,47.26527556205203,0 -122.0505071869883,47.26529415231473,0 -122.0505213536284,47.26530929915923,0 -122.0505381625762,47.26532891075475,0 -122.050552805881,47.26534369894379,0 -122.0505616966078,47.26535193835162,0 -122.0505853903747,47.26536966952944,0 -122.0506092220324,47.26538298427385,0 -122.0506456066424,47.26539915301046,0 -122.0506693587663,47.26540898737789,0 -122.0507106508248,47.26542661087682,0 -122.0507568874771,47.26544552502389,0 -122.0507687270785,47.2654506067555,0 -122.050782635172,47.26545462454125,0 -122.0507944258698,47.26545589634398,0 -122.0508134180856,47.26546021558905,0 -122.0508250620637,47.26546387365023,0 -122.0508317792429,47.26546865432599,0 -122.0508508671843,47.26547538600065,0 -122.0508709528513,47.26548177679493,0 -122.0508935847441,47.26548849727869,0 -122.0509299303209,47.26549951197971,0 -122.0509675185873,47.26551196874013,0 -122.0510126346887,47.26552428413194,0 -122.0510571195212,47.26553559252388,0 -122.0510925605577,47.26554390480275,0 -122.0511477768195,47.26555229998505,0 -122.0511785343583,47.26555685223868,0 -122.0512182959421,47.26556229157644,0 -122.0512660220436,47.26557079798082,0 -122.0513243158182,47.26558333019018,0 -122.0513551134791,47.26558960638291,0 -122.0514009542301,47.26559670727324,0 -122.0514229738079,47.26559959501133,0 -122.0514414245481,47.26560148043281,0 -122.0514640074807,47.26560609010985,0 -122.051489184481,47.26561138156651,0 -122.0515489181143,47.26562354462601,0 -122.0515633385639,47.26562720057751,0 -122.0515833402634,47.26563150881586,0 -122.0516075667532,47.26563922665564,0 -122.0516607537765,47.2656573530989,0 -122.0516787942,47.26566409502576,0 -122.0516973672638,47.2656729424308,0 -122.051714996868,47.26568281558263,0 -122.0517367835426,47.26569648136667,0 -122.0517486715031,47.26570710094738,0 -122.0517622989324,47.26572154371617,0 -122.0517706425601,47.26573562334877,0 -122.051777013563,47.26574460495716,0 -122.0517798906426,47.26575915729848,0 -122.0517827599502,47.26579422464558,0 -122.0517816299326,47.26585631142136,0 -122.0517820743465,47.26587541647123,0 -122.0517751291974,47.26590600554412,0 -122.0517717062714,47.26591298149357,0 -122.0517692996295,47.26592030090804,0 -122.0517679705307,47.26592900659448,0 -122.0517632205727,47.26594295929081,0 -122.0517595862015,47.26596334247251,0 -122.0517579533036,47.26598142824415,0 -122.0517593631734,47.26599704436501,0 -122.0517657747967,47.26600947527491,0 -122.0517715663873,47.26601774799451,0 -122.0517798940545,47.26602426536169,0 -122.0517861583569,47.2660320670235,0 -122.0517888646005,47.26603933132955,0 -122.0517905398749,47.26604556418019,0 -122.0517912492399,47.2660535624455,0 -122.0517970810263,47.26606356274819,0 -122.0518086560217,47.26607805102318,0 -122.0518206142289,47.26609168600019,0 -122.0518316974283,47.26610582425538,0 -122.0518432558734,47.26611960026943,0 -122.0518557643129,47.2661309264881,0 -122.0518790391863,47.26614970358777,0 -122.0518961700318,47.26616062375804,0 -122.0519112042703,47.26616986549497,0 -122.0519158879221,47.26617362636097,0 -122.0519245896389,47.266175259678,0 -122.0519384538792,47.26617755067965,0 -122.0519592573652,47.26617836808945,0 -122.0519750593528,47.26617715607593,0 -122.0519943792841,47.26617310946423,0 -122.0520090450681,47.26616634333695,0 -122.0520237357266,47.26616064649355,0 -122.0520437640766,47.26615069754634,0 -122.0520584139036,47.26614324613464,0 -122.0520760827351,47.26613400806898,0 -122.0520921655133,47.26612237363257,0 -122.0521212559858,47.26610717170357,0 -122.0521369681157,47.26610039517794,0 -122.0521576764384,47.26609008176128,0 -122.0521792090206,47.26607912887574,0 -122.0521913896153,47.26607482997325,0 -122.052210703154,47.26607045416103,0 -122.0522264197702,47.26606540469247,0 -122.0522677908209,47.26605349756124,0 -122.0522951973488,47.26604555234805,0 -122.0523145095468,47.26604117653231,0 -122.0523564784372,47.2660324167114,0 -122.0523865434209,47.26602967993423,0 -122.0524104552772,47.26603079297243,0 -122.0524361143109,47.26603435460393,0 -122.0524633044974,47.26603959984892,0 -122.0524975254759,47.26604929305283,0 -122.0525350653181,47.26605963590248,0 -122.0525669913515,47.26607110884077,0 -122.052607494305,47.2660841893944,0 -122.0526244687225,47.26609025722104,0 -122.0526466979675,47.26610043683839,0 -122.0526858045474,47.26611909788453,0 -122.0527187294489,47.26613538514314,0 -122.0527383735906,47.26614350839161,0 -122.0527625512195,47.26615086939793,0 -122.0527992540186,47.2661598781762,0 -122.0528310979069,47.26616611480081,0 -122.05286293676,47.2661737808413,0 -122.0528832800822,47.26617906926546,0 -122.0528992512319,47.26618342075657,0 -122.0529229625294,47.26619322721416,0 -122.0529502901446,47.26620266631933,0 -122.0530081808831,47.26622559351679,0 -122.0530277937612,47.26623407327136,0 -122.0530599224667,47.26625248114506,0 -122.0531010693409,47.2662741910689,0 -122.0531320700672,47.26628740095302,0 -122.0531557252854,47.26629479539942,0 -122.0531737099501,47.2662991251256,0 -122.0532092260143,47.26630386926153,0 -122.0532255997,47.26630473424085,0 -122.0532460399359,47.26630555533443,0 -122.0532675763874,47.26630844883087,0 -122.0532912073791,47.26631480184237,0 -122.0533087487311,47.2663208634499,0 -122.0533216753795,47.26632766120614,0 -122.0533360191419,47.26633822353816,0 -122.0533541993125,47.26635088897064,0 -122.0533759611356,47.26636351394649,0 -122.0533956226392,47.26637407645043,0 -122.0534190820324,47.26638520155316,0 -122.0534356096317,47.26639267286875,0 -122.0534536465942,47.26639941545482,0 -122.0534747206896,47.26640475345766,0 -122.0534968205997,47.26640936794802,0 -122.0535385492698,47.26641275588362,0 -122.0535646110373,47.26641283169139,0 -122.05359584454,47.26641526333698,0 -122.0536247978767,47.26641670580483,0 -122.0536634337453,47.26642914767685,0 -122.0536956832882,47.26644058892373,0 -122.0537101239647,47.26644668484199,0 -122.0537147878408,47.26644976039854,0 -122.0537245570527,47.266450696604,0 -122.0537399476204,47.26645434180923,0 -122.0537523358494,47.26645872916276,0 -122.0537729699295,47.26646264878708,0 -122.0537894248088,47.26646699583147,0 -122.0538069010478,47.26647201639739,0 -122.0538331742817,47.26648110955806,0 -122.0538604702249,47.26649087712114,0 -122.0538815474333,47.26649657213317,0 -122.0539021826547,47.26650399903227,0 -122.0539194664678,47.26650762287237,0 -122.0539476358062,47.26651148629219,0 -122.0539888911623,47.26651378263281,0 -122.0540037336469,47.26651466223488,0 -122.0540303857772,47.26651925715212,0 -122.0540429819922,47.26652224704024,0 -122.0540568394174,47.2665241807398,0 -122.054063004568,47.2665258394855,0 -122.0540753034479,47.26652814892967,0 -122.0540866594604,47.26653150842366,0 -122.0541062477275,47.26653891960532,0 -122.0541225957192,47.26654565243957,0 -122.0541350160078,47.26655317070792,0 -122.0541448912018,47.26656035394502,0 -122.0541501754075,47.2665675903587,0 -122.0541544694818,47.26657554990134,0 -122.0541557349106,47.26658663837146,0 -122.0541554213511,47.26659393703564,0 -122.0541520491706,47.26660302193628,0 -122.0541461216804,47.26661314821491,0 -122.0541392450309,47.26662399807935,0 -122.0541226603704,47.2666365395708,0 -122.0541056280558,47.26665062680767,0 -122.0540875007565,47.26666263983056,0 -122.0540628819672,47.26667957597264,0 -122.0540394514734,47.26669743120229,0 -122.0540313904288,47.26670237127092,0 -122.0540284263642,47.26670657085101,0 -122.0540219528117,47.26671396481632,0 -122.0540150267878,47.26672269768638,0 -122.054007932297,47.26672590289625,0 -122.0539904049272,47.26674103533026,0 -122.0539597421265,47.26676327293939,0 -122.0539384300556,47.26677863783267,0 -122.0539287578713,47.266781868171,0 -122.0539121598097,47.26679213753474,0 -122.0538849958485,47.26681049900409,0 -122.0538675028176,47.26682381847252,0 -122.0538589096223,47.26682843774066,0 -122.0538508970942,47.26683546150881,0 -122.0538433757942,47.26684110817287,0 -122.0538363853495,47.26684707833717,0 -122.0538243207129,47.26685658270814,0 -122.0538099204149,47.26686606371879,0 -122.053792791394,47.26687770879771,0 -122.0537737772287,47.26689494058557,0 -122.0537568015422,47.26691146581263,0 -122.0537439860437,47.26692328650314,0 -122.0537334852052,47.26693417276832,0 -122.0537189983205,47.26694685886689,0 -122.0537065076522,47.26696054079483,0 -122.0536925278785,47.26697423339908,0 -122.0536795695676,47.26698860402342,0 -122.0536672829933,47.26700219828719,0 -122.0536618599449,47.26701163364359,0 -122.0536559732912,47.26702176035403,0 -122.0536481069304,47.26703506042619,0 -122.053643798728,47.26704725343395,0 -122.0536441633757,47.26706290510931,0 -122.0536496902296,47.26708055741106,0 -122.0536586346904,47.26709277107663,0 -122.0536738919005,47.26711138789427,0 -122.0536938194047,47.26713340943081,0 -122.053704517424,47.26715344546225,0 -122.0537139895844,47.26716584592893,0 -122.0537255281997,47.26717890953705,0 -122.0537365821027,47.26719674954239,0 -122.0537424066978,47.26720641969705,0 -122.0537451784945,47.2672147249214,0 -122.0537499910832,47.26722440690038,0 -122.0537625686588,47.26723850095745,0 -122.0537966596706,47.26727904044563,0 -122.0538281677736,47.26731552299404,0 -122.0538389930739,47.26732360633734,0 -122.0538478902467,47.26733219894729,0 -122.0538567947113,47.26734252219493,0 -122.0538704606566,47.2673586878273,0 -122.05388670685,47.26737658150391,0 -122.0538951008423,47.26738586769201,0 -122.0539030099595,47.26739515911468,0 -122.0539151582032,47.26741345325085,0 -122.0539226508485,47.26742727296096,0 -122.05393988579,47.26744954211726,0 -122.0539561167634,47.26746502248034,0 -122.053977168303,47.26749188485792,0 -122.0539943833302,47.26751516890398,0 -122.0540039463749,47.26753140670878,0 -122.0540099723239,47.26754801193771,0 -122.0540134448897,47.26756568640607,0 -122.0540196343404,47.26759100822159,0 -122.0540290734102,47.26762613862618,0 -122.0540351722101,47.26764586897286,0 -122.0540371231407,47.26766391608967,0 -122.0540370574814,47.26768338376809,0 -122.0540360219558,47.26770132640239,0 -122.0546072690614,47.26770266870534,0 -122.0545827930697,47.2659048564871,0 -122.0545568126239,47.26420262346371,0 -122.053902962996,47.26449900922159,0 -122.0535659745311,47.26476301654597,0 -122.0535702553792,47.26500084321025,0 -122.0535248698833,47.2651570626017,0 -122.0531401742733,47.2652292815882,0 -122.0529802798615,47.2651177642361,0 -122.0529319591965,47.26496077059213,0 -122.0526595618606,47.26494691926378,0 -122.052355987133,47.26477041537874,0 -122.0520045111072,47.26441372094358,0 -122.0517131196098,47.26409275212067,0</coordinates></LinearRing></outerBoundaryIs>
        </Polygon>
      </MultiGeometry>
    </Placemark>
    <Placemark id="ID_00004">
      <name>3024069029</name>
      <snippet></snippet>
      <description><![CDATA[<html xmlns:fo="http://www.w3.org/1999/XSL/Format" xmlns:msxsl="urn:schemas-microsoft-com:xslt">
<head>
<META http-equiv="Content-Type" content="text/html">
<meta http-equiv="content-type" content="text/html; charset=UTF-8">
</head>
<body style="margin:0px 0px 0px 0px;overflow:auto;background:#FFFFFF;">
<table style="font-family:Arial,Verdana,Times;font-size:12px;text-align:left;width:100%;border-collapse:collapse;padding:3px 3px 3px 3px">
<tr style="text-align:center;font-weight:bold;background:#9CBCE2">
<td>3024069029</td>
</tr>
<tr>
<td>
<table style="font-family:Arial,Verdana,Times;font-size:12px;text-align:left;width:100%;border-spacing:0px; padding:3px 3px 3px 3px">
<tr>
<td>FID</td>
<td>4</td>
</tr>
<tr bgcolor="#D4E4F3">
<td>PIN</td>
<td>3024069029</td>
</tr>
<tr>
<td>ID</td>
<td>0</td>
</tr>
<tr bgcolor="#D4E4F3">
<td>AU</td>
<td>3</td>
</tr>
<tr>
<td>NOTES</td>
<td></td>
</tr>
<tr bgcolor="#D4E4F3">
<td>INSIDE_X</td>
<td>1328701.847</td>
</tr>
<tr>
<td>INSIDE_Y</td>
<td>201163.329638</td>
</tr>
<tr bgcolor="#D4E4F3">
<td>PolygonID</td>
<td>21029</td>
</tr>
<tr>
<td>GIS_Acres</td>
<td>2.459902</td>
</tr>
</table>
</td>
</tr>
</table>
</body><script type="text/javascript">
				function changeImage(attElement, nameElement) {
				document.getElementById('imageAttachment').src = attElement;
				document.getElementById('imageName').innerHTML = nameElement;}
			</script></html>
]]></description>
      <styleUrl>#PolyStyle00</styleUrl>
      <MultiGeometry>
        <Polygon>
          <extrude>0</extrude><altitudeMode>clampToGround</altitudeMode>
          <outerBoundaryIs><LinearRing><coordinates> -122.0948832237756,47.54364195450405,0 -122.0948586034254,47.54488291975844,0 -122.0967612267608,47.5448997861296,0 -122.0948834085323,47.54363284981928,0 -122.0948832237756,47.54364195450405,0</coordinates></LinearRing></outerBoundaryIs>
        </Polygon>
      </MultiGeometry>
    </Placemark>
    <Placemark id="ID_00005">
      <name>2924069021</name>
      <snippet></snippet>
      <description><![CDATA[<html xmlns:fo="http://www.w3.org/1999/XSL/Format" xmlns:msxsl="urn:schemas-microsoft-com:xslt">
<head>
<META http-equiv="Content-Type" content="text/html">
<meta http-equiv="content-type" content="text/html; charset=UTF-8">
</head>
<body style="margin:0px 0px 0px 0px;overflow:auto;background:#FFFFFF;">
<table style="font-family:Arial,Verdana,Times;font-size:12px;text-align:left;width:100%;border-collapse:collapse;padding:3px 3px 3px 3px">
<tr style="text-align:center;font-weight:bold;background:#9CBCE2">
<td>2924069021</td>
</tr>
<tr>
<td>
<table style="font-family:Arial,Verdana,Times;font-size:12px;text-align:left;width:100%;border-spacing:0px; padding:3px 3px 3px 3px">
<tr>
<td>FID</td>
<td>5</td>
</tr>
<tr bgcolor="#D4E4F3">
<td>PIN</td>
<td>2924069021</td>
</tr>
<tr>
<td>ID</td>
<td>176</td>
</tr>
<tr bgcolor="#D4E4F3">
<td>AU</td>
<td>1</td>
</tr>
<tr>
<td>NOTES</td>
<td></td>
</tr>
<tr bgcolor="#D4E4F3">
<td>INSIDE_X</td>
<td>1333630.80972</td>
</tr>
<tr>
<td>INSIDE_Y</td>
<td>200470.62498</td>
</tr>
<tr bgcolor="#D4E4F3">
<td>PolygonID</td>
<td>21030</td>
</tr>
<tr>
<td>GIS_Acres</td>
<td>1.309285</td>
</tr>
</table>
</td>
</tr>
</table>
</body><script type="text/javascript">
				function changeImage(attElement, nameElement) {
				document.getElementById('imageAttachment').src = attElement;
				document.getElementById('imageName').innerHTML = nameElement;}
			</script></html>
]]></description>
      <styleUrl>#PolyStyle00</styleUrl>
      <MultiGeometry>
        <Polygon>
          <extrude>0</extrude><altitudeMode>clampToGround</altitudeMode>
          <outerBoundaryIs><LinearRing><coordinates> -122.0745682855202,47.54300495055192,0 -122.0762021048158,47.54300624763714,0 -122.0762161429769,47.54255400111033,0 -122.0751357653772,47.54255313885267,0 -122.0750789924553,47.542577209284,0 -122.074935776028,47.54264187768777,0 -122.0747352944134,47.54284448212776,0 -122.0745682855202,47.54300495055192,0</coordinates></LinearRing></outerBoundaryIs>
        </Polygon>
      </MultiGeometry>
    </Placemark>
    <Placemark id="ID_00006">
      <name>2924069010</name>
      <snippet></snippet>
      <description><![CDATA[<html xmlns:fo="http://www.w3.org/1999/XSL/Format" xmlns:msxsl="urn:schemas-microsoft-com:xslt">
<head>
<META http-equiv="Content-Type" content="text/html">
<meta http-equiv="content-type" content="text/html; charset=UTF-8">
</head>
<body style="margin:0px 0px 0px 0px;overflow:auto;background:#FFFFFF;">
<table style="font-family:Arial,Verdana,Times;font-size:12px;text-align:left;width:100%;border-collapse:collapse;padding:3px 3px 3px 3px">
<tr style="text-align:center;font-weight:bold;background:#9CBCE2">
<td>2924069010</td>
</tr>
<tr>
<td>
<table style="font-family:Arial,Verdana,Times;font-size:12px;text-align:left;width:100%;border-spacing:0px; padding:3px 3px 3px 3px">
<tr>
<td>FID</td>
<td>6</td>
</tr>
<tr bgcolor="#D4E4F3">
<td>PIN</td>
<td>2924069010</td>
</tr>
<tr>
<td>ID</td>
<td>175</td>
</tr>
<tr bgcolor="#D4E4F3">
<td>AU</td>
<td>3</td>
</tr>
<tr>
<td>NOTES</td>
<td></td>
</tr>
<tr bgcolor="#D4E4F3">
<td>INSIDE_X</td>
<td>1334480.24199</td>
</tr>
<tr>
<td>INSIDE_Y</td>
<td>200953.512721</td>
</tr>
<tr bgcolor="#D4E4F3">
<td>PolygonID</td>
<td>21031</td>
</tr>
<tr>
<td>GIS_Acres</td>
<td>6.964538</td>
</tr>
</table>
</td>
</tr>
</table>
</body><script type="text/javascript">
				function changeImage(attElement, nameElement) {
				document.getElementById('imageAttachment').src = attElement;
				document.getElementById('imageName').innerHTML = nameElement;}
			</script></html>
]]></description>
      <styleUrl>#PolyStyle00</styleUrl>
      <MultiGeometry>
        <Polygon>
          <extrude>0</extrude><altitudeMode>clampToGround</altitudeMode>
          <outerBoundaryIs><LinearRing><coordinates> -122.070932470924,47.54297667384492,0 -122.0709316874232,47.54300207355735,0 -122.0709037717269,47.54390703031527,0 -122.0708759162681,47.54481008923877,0 -122.0735047719557,47.54481446346171,0 -122.0735169979181,47.54481448387128,0 -122.073542633926,47.54391007710095,0 -122.0735486758987,47.54369693236941,0 -122.0732216308558,47.54380102424022,0 -122.072960308511,47.54385766711666,0 -122.0727764567001,47.54382680330519,0 -122.0726687162753,47.54378553810603,0 -122.0726499399178,47.54362013787593,0 -122.0727011394278,47.54348468096482,0 -122.0725491122489,47.54349446816352,0 -122.0724724185399,47.54353791414842,0 -122.0722297617387,47.54345883540982,0 -122.0720385451225,47.54353807643672,0 -122.0718528801781,47.5436100177016,0 -122.0716975691269,47.54349859502777,0 -122.0715751832837,47.54336540557324,0 -122.0714303296347,47.54327610031229,0 -122.0712245310507,47.54325974505143,0 -122.0710788998771,47.54321449929277,0 -122.0710275933685,47.54304883527671,0 -122.070932470924,47.54297667384492,0</coordinates></LinearRing></outerBoundaryIs>
        </Polygon>
      </MultiGeometry>
    </Placemark>
    <Placemark id="ID_00007">
      <name>2921069075</name>
      <snippet></snippet>
      <description><![CDATA[<html xmlns:fo="http://www.w3.org/1999/XSL/Format" xmlns:msxsl="urn:schemas-microsoft-com:xslt">
<head>
<META http-equiv="Content-Type" content="text/html">
<meta http-equiv="content-type" content="text/html; charset=UTF-8">
</head>
<body style="margin:0px 0px 0px 0px;overflow:auto;background:#FFFFFF;">
<table style="font-family:Arial,Verdana,Times;font-size:12px;text-align:left;width:100%;border-collapse:collapse;padding:3px 3px 3px 3px">
<tr style="text-align:center;font-weight:bold;background:#9CBCE2">
<td>2921069075</td>
</tr>
<tr>
<td>
<table style="font-family:Arial,Verdana,Times;font-size:12px;text-align:left;width:100%;border-spacing:0px; padding:3px 3px 3px 3px">
<tr>
<td>FID</td>
<td>7</td>
</tr>
<tr bgcolor="#D4E4F3">
<td>PIN</td>
<td>2921069075</td>
</tr>
<tr>
<td>ID</td>
<td>0</td>
</tr>
<tr bgcolor="#D4E4F3">
<td>AU</td>
<td>2</td>
</tr>
<tr>
<td>NOTES</td>
<td></td>
</tr>
<tr bgcolor="#D4E4F3">
<td>INSIDE_X</td>
<td>1331319.4476</td>
</tr>
<tr>
<td>INSIDE_Y</td>
<td>104225.063486</td>
</tr>
<tr bgcolor="#D4E4F3">
<td>PolygonID</td>
<td>21032</td>
</tr>
<tr>
<td>GIS_Acres</td>
<td>5.336114</td>
</tr>
</table>
</td>
</tr>
</table>
</body><script type="text/javascript">
				function changeImage(attElement, nameElement) {
				document.getElementById('imageAttachment').src = attElement;
				document.getElementById('imageName').innerHTML = nameElement;}
			</script></html>
]]></description>
      <styleUrl>#PolyStyle00</styleUrl>
      <MultiGeometry>
        <Polygon>
          <extrude>0</extrude><altitudeMode>clampToGround</altitudeMode>
          <outerBoundaryIs><LinearRing><coordinates> -122.0801424071564,47.27872876848281,0 -122.0801575968717,47.27872602796099,0 -122.0802578931042,47.27875254604326,0 -122.0802057398219,47.27885497951144,0 -122.0801982551911,47.27892348748744,0 -122.0802287716937,47.27897944398011,0 -122.0801652136209,47.27901321783099,0 -122.0800512099889,47.27905087217413,0 -122.0799510618731,47.27901578409528,0 -122.0799404748282,47.27889999049977,0 -122.079732619915,47.2789026069135,0 -122.0795426879884,47.27896107846491,0 -122.079503646178,47.27903361840719,0 -122.0793656457718,47.27900251124674,0 -122.0791152771146,47.27891478939776,0 -122.0789152058971,47.27883175681057,0 -122.0787086901753,47.27875724306627,0 -122.0785829861008,47.27874337583582,0 -122.0782876524909,47.27870671664333,0 -122.0773440186561,47.27865198200713,0 -122.0767586819599,47.27863441096729,0 -122.0764513541456,47.2785633663695,0 -122.0760638160798,47.27839739314712,0 -122.0759156889122,47.27822477853148,0 -122.0758431277571,47.27816086051544,0 -122.0758472616404,47.27905708081119,0 -122.0779238791788,47.27913261883114,0 -122.0811799111455,47.27925101518681,0 -122.0811721935225,47.27831339637236,0 -122.080573142074,47.27829346309255,0 -122.0806599828108,47.2784429309092,0 -122.0806329417511,47.27854985154942,0 -122.0801513747788,47.27872169251084,0 -122.0801424071564,47.27872876848281,0</coordinates></LinearRing></outerBoundaryIs>
        </Polygon>
      </MultiGeometry>
    </Placemark>
    <Placemark id="ID_00008">
      <name>2921069014</name>
      <snippet></snippet>
      <description><![CDATA[<html xmlns:fo="http://www.w3.org/1999/XSL/Format" xmlns:msxsl="urn:schemas-microsoft-com:xslt">
<head>
<META http-equiv="Content-Type" content="text/html">
<meta http-equiv="content-type" content="text/html; charset=UTF-8">
</head>
<body style="margin:0px 0px 0px 0px;overflow:auto;background:#FFFFFF;">
<table style="font-family:Arial,Verdana,Times;font-size:12px;text-align:left;width:100%;border-collapse:collapse;padding:3px 3px 3px 3px">
<tr style="text-align:center;font-weight:bold;background:#9CBCE2">
<td>2921069014</td>
</tr>
<tr>
<td>
<table style="font-family:Arial,Verdana,Times;font-size:12px;text-align:left;width:100%;border-spacing:0px; padding:3px 3px 3px 3px">
<tr>
<td>FID</td>
<td>8</td>
</tr>
<tr bgcolor="#D4E4F3">
<td>PIN</td>
<td>2921069014</td>
</tr>
<tr>
<td>ID</td>
<td>0</td>
</tr>
<tr bgcolor="#D4E4F3">
<td>AU</td>
<td>1</td>
</tr>
<tr>
<td>NOTES</td>
<td></td>
</tr>
<tr bgcolor="#D4E4F3">
<td>INSIDE_X</td>
<td>1331552.08002</td>
</tr>
<tr>
<td>INSIDE_Y</td>
<td>103554.694545</td>
</tr>
<tr bgcolor="#D4E4F3">
<td>PolygonID</td>
<td>21033</td>
</tr>
<tr>
<td>GIS_Acres</td>
<td>13.853736</td>
</tr>
</table>
</td>
</tr>
</table>
</body><script type="text/javascript">
				function changeImage(attElement, nameElement) {
				document.getElementById('imageAttachment').src = attElement;
				document.getElementById('imageName').innerHTML = nameElement;}
			</script></html>
]]></description>
      <styleUrl>#PolyStyle00</styleUrl>
      <MultiGeometry>
        <Polygon>
          <extrude>0</extrude><altitudeMode>clampToGround</altitudeMode>
          <outerBoundaryIs><LinearRing><coordinates> -122.0759709770984,47.27814022092397,0 -122.0789512436467,47.27823947886167,0 -122.0792349905185,47.27824892494881,0 -122.0796377250194,47.27826233097034,0 -122.0797336285546,47.27795490803496,0 -122.079728811496,47.27781031849201,0 -122.0796137140986,47.27768976578414,0 -122.0795575485656,47.27754974829465,0 -122.0795229206672,47.27743482634813,0 -122.0795101759732,47.27732506469035,0 -122.0793643036153,47.27729121172228,0 -122.0793111588545,47.27731061309559,0 -122.0791876640365,47.27732360273205,0 -122.0791318341095,47.2773837425147,0 -122.0791508399419,47.27747244757253,0 -122.0791911964924,47.27751471771129,0 -122.0792583767062,47.27758982791013,0 -122.0792909967673,47.27768330298115,0 -122.0793085478107,47.27785588798803,0 -122.0793085299443,47.27785598345256,0 -122.0790305906464,47.27782809113832,0 -122.0788582983479,47.27774849442426,0 -122.0787053758187,47.27769741990802,0 -122.0785089470047,47.27762107276775,0 -122.078459761497,47.27750104891726,0 -122.0785060370466,47.27736683921497,0 -122.0786886165169,47.27727298492572,0 -122.0787582223823,47.27720829546148,0 -122.0787530737177,47.2771103804423,0 -122.0787618623501,47.27699859552389,0 -122.0787707318286,47.2768821506038,0 -122.0786974339432,47.27676504507923,0 -122.0785405938375,47.27672649877372,0 -122.0786515254239,47.27664815973175,0 -122.0787700319061,47.27652793563544,0 -122.0788177199855,47.27654230095886,0 -122.0789431349955,47.27655446084939,0 -122.0790048473623,47.27647862155711,0 -122.0790643830159,47.27642427040301,0 -122.0790086526421,47.27625933353951,0 -122.0789886727401,47.27614452913414,0 -122.0790643241353,47.27600557076997,0 -122.0789961294953,47.27592705312269,0 -122.0788974523895,47.27591450826759,0 -122.078176460174,47.27567942276426,0 -122.0777476111355,47.27549154499118,0 -122.0776405982478,47.27541697095829,0 -122.0773555568537,47.27541041719574,0 -122.0773214912065,47.27555152649759,0 -122.0772715360213,47.27566764049887,0 -122.0772824758124,47.2758261906962,0 -122.0771407923006,47.27570387280757,0 -122.0769632530034,47.27567447892508,0 -122.0767651725215,47.27564491926928,0 -122.0765669301122,47.27562467926622,0 -122.0763340467622,47.2756274629463,0 -122.0762043569262,47.27560311422781,0 -122.0762949104188,47.27551529186332,0 -122.076761000355,47.27549108419298,0 -122.0767638774327,47.27539681078907,0 -122.0759148191303,47.27537728027573,0 -122.0759169299658,47.27591172034614,0 -122.0761372170504,47.27591949715341,0 -122.0761787866952,47.27589186839748,0 -122.0762876113275,47.27593469154831,0 -122.0763413343829,47.27599571305427,0 -122.0763476949747,47.2760237282248,0 -122.0762987104236,47.27608392182002,0 -122.0763183598796,47.27613534736251,0 -122.0764416904067,47.27613168079408,0 -122.0765039637906,47.27609489748665,0 -122.076599581171,47.27610964999842,0 -122.0766211766857,47.27604923557216,0 -122.0765254783261,47.27603914307549,0 -122.0765059097861,47.27598305757007,0 -122.0764730523862,47.27590356170949,0 -122.0765491819493,47.27585756874919,0 -122.0765909134828,47.27582061984803,0 -122.0766520514226,47.27584907641093,0 -122.0767334877154,47.27589167844145,0 -122.0768417454297,47.27596712104786,0 -122.0768947397179,47.27607008227169,0 -122.0768525218787,47.27613499126339,0 -122.076838980684,47.27624557576395,0 -122.0769188865717,47.27625670278548,0 -122.0770281987831,47.27627156525794,0 -122.0772338581445,47.27625923963714,0 -122.077275265461,47.27624093047766,0 -122.0772569923351,47.27611028513756,0 -122.0772235665905,47.27606340946791,0 -122.0772861634161,47.27600798574063,0 -122.0773539871115,47.2760458170633,0 -122.0773870889375,47.27611133268621,0 -122.0773995682443,47.27618134291006,0 -122.0774629750209,47.27607931911006,0 -122.0775189674206,47.27600986013486,0 -122.0776084666398,47.27598261670212,0 -122.077751285607,47.27603969404512,0 -122.0778250662231,47.27612884017945,0 -122.0775378081104,47.27610788545512,0 -122.0775232227974,47.27615903518728,0 -122.0775907229021,47.27621550636241,0 -122.0776583041325,47.27626731750035,0 -122.0777718422534,47.27620452554949,0 -122.0779621538961,47.276211041563,0 -122.0781006851049,47.27624704776707,0 -122.0781646013039,47.27636220579122,0 -122.0781382173791,47.27661620373443,0 -122.0779465189148,47.27668942907325,0 -122.077683061427,47.2766773398011,0 -122.0776435878424,47.2768415110201,0 -122.0774234618063,47.27686466152427,0 -122.0772650572724,47.27682809011511,0 -122.0771485724522,47.27683181270383,0 -122.0770389349001,47.27683559032574,0 -122.0769644252435,47.27678838366739,0 -122.0768085590646,47.27669391504199,0 -122.0767896384722,47.27660054961601,0 -122.0767016780778,47.27653925246589,0 -122.076441482833,47.27653715565036,0 -122.0760783356221,47.27654821014459,0 -122.0759195903925,47.27658727019629,0 -122.0759196369309,47.27659909209586,0 -122.0759220830741,47.27721836026956,0 -122.0759709770984,47.27814022092397,0</coordinates></LinearRing></outerBoundaryIs>
        </Polygon>
      </MultiGeometry>
    </Placemark>
    <Placemark id="ID_00009">
      <name>2322029199</name>
      <snippet></snippet>
      <description><![CDATA[<html xmlns:fo="http://www.w3.org/1999/XSL/Format" xmlns:msxsl="urn:schemas-microsoft-com:xslt">
<head>
<META http-equiv="Content-Type" content="text/html">
<meta http-equiv="content-type" content="text/html; charset=UTF-8">
</head>
<body style="margin:0px 0px 0px 0px;overflow:auto;background:#FFFFFF;">
<table style="font-family:Arial,Verdana,Times;font-size:12px;text-align:left;width:100%;border-collapse:collapse;padding:3px 3px 3px 3px">
<tr style="text-align:center;font-weight:bold;background:#9CBCE2">
<td>2322029199</td>
</tr>
<tr>
<td>
<table style="font-family:Arial,Verdana,Times;font-size:12px;text-align:left;width:100%;border-spacing:0px; padding:3px 3px 3px 3px">
<tr>
<td>FID</td>
<td>9</td>
</tr>
<tr bgcolor="#D4E4F3">
<td>PIN</td>
<td>2322029199</td>
</tr>
<tr>
<td>ID</td>
<td>0</td>
</tr>
<tr bgcolor="#D4E4F3">
<td>AU</td>
<td>3</td>
</tr>
<tr>
<td>NOTES</td>
<td></td>
</tr>
<tr bgcolor="#D4E4F3">
<td>INSIDE_X</td>
<td>1225532.51301</td>
</tr>
<tr>
<td>INSIDE_Y</td>
<td>141824.129091</td>
</tr>
<tr bgcolor="#D4E4F3">
<td>PolygonID</td>
<td>21034</td>
</tr>
<tr>
<td>GIS_Acres</td>
<td>7.648865</td>
</tr>
</table>
</td>
</tr>
</table>
</body><script type="text/javascript">
				function changeImage(attElement, nameElement) {
				document.getElementById('imageAttachment').src = attElement;
				document.getElementById('imageName').innerHTML = nameElement;}
			</script></html>
]]></description>
      <styleUrl>#PolyStyle00</styleUrl>
      <MultiGeometry>
        <Polygon>
          <extrude>0</extrude><altitudeMode>clampToGround</altitudeMode>
          <outerBoundaryIs><LinearRing><coordinates> -122.5087158121112,47.37706843863093,0 -122.5087026221207,47.37644867140121,0 -122.5086840477501,47.37557588417076,0 -122.5086806505771,47.3754162685929,0 -122.508680021866,47.37538657243414,0 -122.5085274671873,47.37543845322158,0 -122.5084657668974,47.37545943772348,0 -122.5082692982175,47.37555181294785,0 -122.5080419891685,47.37571066980199,0 -122.5080065598896,47.37573543100248,0 -122.5076256592684,47.37592372068352,0 -122.5071899717376,47.37611066039218,0 -122.5069047474919,47.3762878697145,0 -122.5066019951625,47.37649527926182,0 -122.5062574621419,47.3767313128229,0 -122.5056872673582,47.37731987944796,0 -122.5056766548387,47.37751633904007,0 -122.5056855924047,47.37755707354501,0 -122.505741120025,47.37781013137425,0 -122.5057126910879,47.37785212376465,0 -122.5055532289896,47.37808764920414,0 -122.5055584010522,47.37815620060529,0 -122.5055700191278,47.37831022674929,0 -122.5055785553541,47.37842335906407,0 -122.5055441828475,47.37856904336444,0 -122.5055367808306,47.37860039646284,0 -122.5055519751795,47.37860059949938,0 -122.5059970460334,47.37860654813281,0 -122.5061299450558,47.3784749113095,0 -122.5064991779753,47.37829909353719,0 -122.5066269504497,47.37808281157783,0 -122.5064445119594,47.37793747156171,0 -122.5063877004244,47.37780581361723,0 -122.5064172712014,47.3777468049534,0 -122.5065064122788,47.37752378609355,0 -122.5064603162217,47.37728047297276,0 -122.5064617876934,47.37712278330461,0 -122.5066859791014,47.37693976966258,0 -122.5069961215901,47.3768753972803,0 -122.5074313365242,47.37688383890574,0 -122.5076054470078,47.37688458693165,0 -122.5078462277788,47.37699732229447,0 -122.5079902811118,47.37710964202059,0 -122.5082120845583,47.37718287115417,0 -122.5084250706913,47.37716407271269,0 -122.5087158121112,47.37706843863093,0</coordinates></LinearRing></outerBoundaryIs>
        </Polygon>
      </MultiGeometry>
    </Placemark>
    <Placemark id="ID_00010">
      <name>2322029036</name>
      <snippet></snippet>
      <description><![CDATA[<html xmlns:fo="http://www.w3.org/1999/XSL/Format" xmlns:msxsl="urn:schemas-microsoft-com:xslt">
<head>
<META http-equiv="Content-Type" content="text/html">
<meta http-equiv="content-type" content="text/html; charset=UTF-8">
</head>
<body style="margin:0px 0px 0px 0px;overflow:auto;background:#FFFFFF;">
<table style="font-family:Arial,Verdana,Times;font-size:12px;text-align:left;width:100%;border-collapse:collapse;padding:3px 3px 3px 3px">
<tr style="text-align:center;font-weight:bold;background:#9CBCE2">
<td>2322029036</td>
</tr>
<tr>
<td>
<table style="font-family:Arial,Verdana,Times;font-size:12px;text-align:left;width:100%;border-spacing:0px; padding:3px 3px 3px 3px">
<tr>
<td>FID</td>
<td>10</td>
</tr>
<tr bgcolor="#D4E4F3">
<td>PIN</td>
<td>2322029036</td>
</tr>
<tr>
<td>ID</td>
<td>0</td>
</tr>
<tr bgcolor="#D4E4F3">
<td>AU</td>
<td>4</td>
</tr>
<tr>
<td>NOTES</td>
<td></td>
</tr>
<tr bgcolor="#D4E4F3">
<td>INSIDE_X</td>
<td>1225999.8563</td>
</tr>
<tr>
<td>INSIDE_Y</td>
<td>142864.081069</td>
</tr>
<tr bgcolor="#D4E4F3">
<td>PolygonID</td>
<td>21035</td>
</tr>
<tr>
<td>GIS_Acres</td>
<td>4.132402</td>
</tr>
</table>
</td>
</tr>
</table>
</body><script type="text/javascript">
				function changeImage(attElement, nameElement) {
				document.getElementById('imageAttachment').src = attElement;
				document.getElementById('imageName').innerHTML = nameElement;}
			</script></html>
]]></description>
      <styleUrl>#PolyStyle00</styleUrl>
      <MultiGeometry>
        <Polygon>
          <extrude>0</extrude><altitudeMode>clampToGround</altitudeMode>
          <outerBoundaryIs><LinearRing><coordinates> -122.5035416450274,47.37937081064904,0 -122.5044778840884,47.37948053614026,0 -122.5052428254924,47.37912818309093,0 -122.505283277885,47.37902851515431,0 -122.5035347540936,47.37900228849102,0 -122.5035416450274,47.37937081064904,0</coordinates></LinearRing></outerBoundaryIs>
        </Polygon>
        <Polygon>
          <extrude>0</extrude><altitudeMode>clampToGround</altitudeMode>
          <outerBoundaryIs><LinearRing><coordinates> -122.504785814073,47.3795253783019,0 -122.5054859824615,47.37953207378887,0 -122.5061549907068,47.37953847658867,0 -122.5087618474813,47.3795633855009,0 -122.5087585706852,47.37926094905186,0 -122.5087554044992,47.37907653303854,0 -122.5086149586647,47.37907473286268,0 -122.5085378556434,47.37914466037213,0 -122.5083064854459,47.37914842972714,0 -122.5080228068958,47.37912340480904,0 -122.507843523418,47.37917977385024,0 -122.5076920131759,47.37926483121094,0 -122.5075091352408,47.379330707397,0 -122.5072356382223,47.37934143592243,0 -122.5071167583325,47.37930997473629,0 -122.5069425984654,47.37919256770991,0 -122.5066764228387,47.37916999551968,0 -122.5064485351494,47.37917615688842,0 -122.5063015721592,47.37914933549123,0 -122.5062598240692,47.37911582480778,0 -122.5062864151776,47.37904486151159,0 -122.5055173111075,47.37903498473583,0 -122.5055144543833,47.37904231854207,0 -122.505448406986,47.37921188187605,0 -122.504785814073,47.3795253783019,0</coordinates></LinearRing></outerBoundaryIs>
        </Polygon>
      </MultiGeometry>
    </Placemark>
    <Placemark id="ID_00011">
      <name>2224079033</name>
      <snippet></snippet>
      <description><![CDATA[<html xmlns:fo="http://www.w3.org/1999/XSL/Format" xmlns:msxsl="urn:schemas-microsoft-com:xslt">
<head>
<META http-equiv="Content-Type" content="text/html">
<meta http-equiv="content-type" content="text/html; charset=UTF-8">
</head>
<body style="margin:0px 0px 0px 0px;overflow:auto;background:#FFFFFF;">
<table style="font-family:Arial,Verdana,Times;font-size:12px;text-align:left;width:100%;border-collapse:collapse;padding:3px 3px 3px 3px">
<tr style="text-align:center;font-weight:bold;background:#9CBCE2">
<td>2224079033</td>
</tr>
<tr>
<td>
<table style="font-family:Arial,Verdana,Times;font-size:12px;text-align:left;width:100%;border-spacing:0px; padding:3px 3px 3px 3px">
<tr>
<td>FID</td>
<td>11</td>
</tr>
<tr bgcolor="#D4E4F3">
<td>PIN</td>
<td>2224079033</td>
</tr>
<tr>
<td>ID</td>
<td>0</td>
</tr>
<tr bgcolor="#D4E4F3">
<td>AU</td>
<td>4</td>
</tr>
<tr>
<td>NOTES</td>
<td></td>
</tr>
<tr bgcolor="#D4E4F3">
<td>INSIDE_X</td>
<td>1375033.86364</td>
</tr>
<tr>
<td>INSIDE_Y</td>
<td>200538.043591</td>
</tr>
<tr bgcolor="#D4E4F3">
<td>PolygonID</td>
<td>21036</td>
</tr>
<tr>
<td>GIS_Acres</td>
<td>10.876005</td>
</tr>
</table>
</td>
</tr>
</table>
</body><script type="text/javascript">
				function changeImage(attElement, nameElement) {
				document.getElementById('imageAttachment').src = attElement;
				document.getElementById('imageName').innerHTML = nameElement;}
			</script></html>
]]></description>
      <styleUrl>#PolyStyle00</styleUrl>
      <MultiGeometry>
        <Polygon>
          <extrude>0</extrude><altitudeMode>clampToGround</altitudeMode>
          <outerBoundaryIs><LinearRing><coordinates> -121.907213867023,47.54345224673073,0 -121.9063950198236,47.54346424921921,0 -121.9057489862133,47.54366525450492,0 -121.9057442670882,47.54366672388336,0 -121.90563765651,47.54369989325038,0 -121.9054775734208,47.54374969996156,0 -121.9054786807753,47.54375154253653,0 -121.9054949157607,47.54377856582849,0 -121.9055023763223,47.54378991491632,0 -121.9056739036752,47.54398957734735,0 -121.9056194566352,47.54416128696209,0 -121.9054370150886,47.5443719617713,0 -121.9053820888392,47.54456663058066,0 -121.905326923147,47.54477277901722,0 -121.9052212518986,47.5449612223657,0 -121.9051412508734,47.54513842874824,0 -121.9050291581526,47.54528022482972,0 -121.9054561062113,47.54508402456785,0 -121.9055700151721,47.54490714156845,0 -121.9055997483532,47.54470075031697,0 -121.9058661262865,47.54453106292315,0 -121.9061827685185,47.54439055920796,0 -121.9065994638749,47.54433138223132,0 -121.906787155349,47.54427576188854,0 -121.9071174071221,47.54429613256292,0 -121.9074168599311,47.54457455261461,0 -121.9074372817941,47.54481586800783,0 -121.9072726348561,47.54498652843424,0 -121.9068726509121,47.5450573490967,0 -121.9063888480145,47.54508144129969,0 -121.9059944729407,47.54529009571259,0 -121.905775490792,47.54549228568754,0 -121.9059738155214,47.54546786876794,0 -121.9065074118186,47.54549592185821,0 -121.9069645930322,47.54552898513062,0 -121.9072962843492,47.54548047733776,0 -121.9078474325328,47.54547998657299,0 -121.9081664732358,47.54563228977639,0 -121.9081516778457,47.54593642037271,0 -121.9081054757932,47.54611969154275,0 -121.9080977669463,47.54626151736684,0 -121.9088264406627,47.54615641642121,0 -121.9088269097536,47.54524950936506,0 -121.9088269085404,47.54524925750928,0 -121.9088269130534,47.54524162409236,0 -121.9088269318587,47.54520720086839,0 -121.9088270190816,47.54504370136885,0 -121.9088270432548,47.54499582928675,0 -121.9088270450203,47.54499321165046,0 -121.9088276573657,47.54384423279843,0 -121.9088276827573,47.54379680596976,0 -121.9088276832939,47.54379576392328,0 -121.908576298791,47.54386223057934,0 -121.9081670135949,47.54397315404159,0 -121.9076705600196,47.54379045617268,0 -121.9073686052866,47.54363257334195,0 -121.907213867023,47.54345224673073,0</coordinates></LinearRing></outerBoundaryIs>
        </Polygon>
      </MultiGeometry>
    </Placemark>
    <Placemark id="ID_00012">
      <name>2122039080</name>
      <snippet></snippet>
      <description><![CDATA[<html xmlns:fo="http://www.w3.org/1999/XSL/Format" xmlns:msxsl="urn:schemas-microsoft-com:xslt">
<head>
<META http-equiv="Content-Type" content="text/html">
<meta http-equiv="content-type" content="text/html; charset=UTF-8">
</head>
<body style="margin:0px 0px 0px 0px;overflow:auto;background:#FFFFFF;">
<table style="font-family:Arial,Verdana,Times;font-size:12px;text-align:left;width:100%;border-collapse:collapse;padding:3px 3px 3px 3px">
<tr style="text-align:center;font-weight:bold;background:#9CBCE2">
<td>2122039080</td>
</tr>
<tr>
<td>
<table style="font-family:Arial,Verdana,Times;font-size:12px;text-align:left;width:100%;border-spacing:0px; padding:3px 3px 3px 3px">
<tr>
<td>FID</td>
<td>12</td>
</tr>
<tr bgcolor="#D4E4F3">
<td>PIN</td>
<td>2122039080</td>
</tr>
<tr>
<td>ID</td>
<td>0</td>
</tr>
<tr bgcolor="#D4E4F3">
<td>AU</td>
<td>4</td>
</tr>
<tr>
<td>NOTES</td>
<td></td>
</tr>
<tr bgcolor="#D4E4F3">
<td>INSIDE_X</td>
<td>1246631.4531</td>
</tr>
<tr>
<td>INSIDE_Y</td>
<td>141857.294337</td>
</tr>
<tr bgcolor="#D4E4F3">
<td>PolygonID</td>
<td>21039</td>
</tr>
<tr>
<td>GIS_Acres</td>
<td>2.917127</td>
</tr>
</table>
</td>
</tr>
</table>
</body><script type="text/javascript">
				function changeImage(attElement, nameElement) {
				document.getElementById('imageAttachment').src = attElement;
				document.getElementById('imageName').innerHTML = nameElement;}
			</script></html>
]]></description>
      <styleUrl>#PolyStyle00</styleUrl>
      <MultiGeometry>
        <Polygon>
          <extrude>0</extrude><altitudeMode>clampToGround</altitudeMode>
          <outerBoundaryIs><LinearRing><coordinates> -122.4222051742155,47.37685578823927,0 -122.4221795536366,47.37831501709885,0 -122.4234487098912,47.37831080969923,0 -122.4234432118903,47.37740677863445,0 -122.423144419573,47.37730506276268,0 -122.4228025653099,47.37726932148447,0 -122.4223220954762,47.3769323668776,0 -122.4222051742155,47.37685578823927,0</coordinates></LinearRing></outerBoundaryIs>
        </Polygon>
      </MultiGeometry>
    </Placemark>
    <Placemark id="ID_00013">
      <name>2121069019</name>
      <snippet></snippet>
      <description><![CDATA[<html xmlns:fo="http://www.w3.org/1999/XSL/Format" xmlns:msxsl="urn:schemas-microsoft-com:xslt">
<head>
<META http-equiv="Content-Type" content="text/html">
<meta http-equiv="content-type" content="text/html; charset=UTF-8">
</head>
<body style="margin:0px 0px 0px 0px;overflow:auto;background:#FFFFFF;">
<table style="font-family:Arial,Verdana,Times;font-size:12px;text-align:left;width:100%;border-collapse:collapse;padding:3px 3px 3px 3px">
<tr style="text-align:center;font-weight:bold;background:#9CBCE2">
<td>2121069019</td>
</tr>
<tr>
<td>
<table style="font-family:Arial,Verdana,Times;font-size:12px;text-align:left;width:100%;border-spacing:0px; padding:3px 3px 3px 3px">
<tr>
<td>FID</td>
<td>13</td>
</tr>
<tr bgcolor="#D4E4F3">
<td>PIN</td>
<td>2121069019</td>
</tr>
<tr>
<td>ID</td>
<td>0</td>
</tr>
<tr bgcolor="#D4E4F3">
<td>AU</td>
<td>3</td>
</tr>
<tr>
<td>NOTES</td>
<td></td>
</tr>
<tr bgcolor="#D4E4F3">
<td>INSIDE_X</td>
<td>1338488.8118</td>
</tr>
<tr>
<td>INSIDE_Y</td>
<td>107233.150577</td>
</tr>
<tr bgcolor="#D4E4F3">
<td>PolygonID</td>
<td>21040</td>
</tr>
<tr>
<td>GIS_Acres</td>
<td>3.979142</td>
</tr>
</table>
</td>
</tr>
</table>
</body><script type="text/javascript">
				function changeImage(attElement, nameElement) {
				document.getElementById('imageAttachment').src = attElement;
				document.getElementById('imageName').innerHTML = nameElement;}
			</script></html>
]]></description>
      <styleUrl>#PolyStyle00</styleUrl>
      <MultiGeometry>
        <Polygon>
          <extrude>0</extrude><altitudeMode>clampToGround</altitudeMode>
          <outerBoundaryIs><LinearRing><coordinates> -122.0501573676006,47.28666761061523,0 -122.0491975093305,47.28666806521276,0 -122.049202049813,47.28811930893915,0 -122.0492044533642,47.28811931188377,0 -122.0505299120199,47.28812095521462,0 -122.0505738713966,47.28812101011151,0 -122.0505755126671,47.28807127836309,0 -122.0505820446841,47.28795969814443,0 -122.0505914411872,47.28784821662853,0 -122.0506036974988,47.28773686085103,0 -122.0506188105135,47.28762566862503,0 -122.0506367690917,47.28751467335216,0 -122.0506575726463,47.28740390742055,0 -122.0506774376595,47.28731106143301,0 -122.0505440250914,47.28717203431745,0 -122.0503981046914,47.28698903903122,0 -122.0502382665106,47.28680828905875,0 -122.0501573676006,47.28666761061523,0</coordinates></LinearRing></outerBoundaryIs>
        </Polygon>
      </MultiGeometry>
    </Placemark>
    <Placemark id="ID_00014">
      <name>2085200985</name>
      <snippet></snippet>
      <description><![CDATA[<html xmlns:fo="http://www.w3.org/1999/XSL/Format" xmlns:msxsl="urn:schemas-microsoft-com:xslt">
<head>
<META http-equiv="Content-Type" content="text/html">
<meta http-equiv="content-type" content="text/html; charset=UTF-8">
</head>
<body style="margin:0px 0px 0px 0px;overflow:auto;background:#FFFFFF;">
<table style="font-family:Arial,Verdana,Times;font-size:12px;text-align:left;width:100%;border-collapse:collapse;padding:3px 3px 3px 3px">
<tr style="text-align:center;font-weight:bold;background:#9CBCE2">
<td>2085200985</td>
</tr>
<tr>
<td>
<table style="font-family:Arial,Verdana,Times;font-size:12px;text-align:left;width:100%;border-spacing:0px; padding:3px 3px 3px 3px">
<tr>
<td>FID</td>
<td>14</td>
</tr>
<tr bgcolor="#D4E4F3">
<td>PIN</td>
<td>2085200985</td>
</tr>
<tr>
<td>ID</td>
<td>0</td>
</tr>
<tr bgcolor="#D4E4F3">
<td>AU</td>
<td>2</td>
</tr>
<tr>
<td>NOTES</td>
<td></td>
</tr>
<tr bgcolor="#D4E4F3">
<td>INSIDE_X</td>
<td>1344272.73801</td>
</tr>
<tr>
<td>INSIDE_Y</td>
<td>147597.916726</td>
</tr>
<tr bgcolor="#D4E4F3">
<td>PolygonID</td>
<td>21041</td>
</tr>
<tr>
<td>GIS_Acres</td>
<td>0.282573</td>
</tr>
</table>
</td>
</tr>
</table>
</body><script type="text/javascript">
				function changeImage(attElement, nameElement) {
				document.getElementById('imageAttachment').src = attElement;
				document.getElementById('imageName').innerHTML = nameElement;}
			</script></html>
]]></description>
      <styleUrl>#PolyStyle00</styleUrl>
      <MultiGeometry>
        <Polygon>
          <extrude>0</extrude><altitudeMode>clampToGround</altitudeMode>
          <outerBoundaryIs><LinearRing><coordinates> -122.028660242907,47.39852529429101,0 -122.0288301119209,47.39860328305805,0 -122.0295048082928,47.39813855427768,0 -122.0293814350036,47.39802817981627,0 -122.028660242907,47.39852529429101,0</coordinates></LinearRing></outerBoundaryIs>
        </Polygon>
      </MultiGeometry>
    </Placemark>
    <Placemark id="ID_00015">
      <name>2085200980</name>
      <snippet></snippet>
      <description><![CDATA[<html xmlns:fo="http://www.w3.org/1999/XSL/Format" xmlns:msxsl="urn:schemas-microsoft-com:xslt">
<head>
<META http-equiv="Content-Type" content="text/html">
<meta http-equiv="content-type" content="text/html; charset=UTF-8">
</head>
<body style="margin:0px 0px 0px 0px;overflow:auto;background:#FFFFFF;">
<table style="font-family:Arial,Verdana,Times;font-size:12px;text-align:left;width:100%;border-collapse:collapse;padding:3px 3px 3px 3px">
<tr style="text-align:center;font-weight:bold;background:#9CBCE2">
<td>2085200980</td>
</tr>
<tr>
<td>
<table style="font-family:Arial,Verdana,Times;font-size:12px;text-align:left;width:100%;border-spacing:0px; padding:3px 3px 3px 3px">
<tr>
<td>FID</td>
<td>15</td>
</tr>
<tr bgcolor="#D4E4F3">
<td>PIN</td>
<td>2085200980</td>
</tr>
<tr>
<td>ID</td>
<td>0</td>
</tr>
<tr bgcolor="#D4E4F3">
<td>AU</td>
<td>2</td>
</tr>
<tr>
<td>NOTES</td>
<td></td>
</tr>
<tr bgcolor="#D4E4F3">
<td>INSIDE_X</td>
<td>1344308.50103</td>
</tr>
<tr>
<td>INSIDE_Y</td>
<td>147563.014622</td>
</tr>
<tr bgcolor="#D4E4F3">
<td>PolygonID</td>
<td>21042</td>
</tr>
<tr>
<td>GIS_Acres</td>
<td>0.301502</td>
</tr>
</table>
</td>
</tr>
</table>
</body><script type="text/javascript">
				function changeImage(attElement, nameElement) {
				document.getElementById('imageAttachment').src = attElement;
				document.getElementById('imageName').innerHTML = nameElement;}
			</script></html>
]]></description>
      <styleUrl>#PolyStyle00</styleUrl>
      <MultiGeometry>
        <Polygon>
          <extrude>0</extrude><altitudeMode>clampToGround</altitudeMode>
          <outerBoundaryIs><LinearRing><coordinates> -122.0284903757452,47.39844730615513,0 -122.028660242907,47.39852529429101,0 -122.0293814350036,47.39802817981627,0 -122.0292580596071,47.39791780614842,0 -122.0284903757452,47.39844730615513,0</coordinates></LinearRing></outerBoundaryIs>
        </Polygon>
      </MultiGeometry>
    </Placemark>
    <Placemark id="ID_00016">
      <name>2085200975</name>
      <snippet></snippet>
      <description><![CDATA[<html xmlns:fo="http://www.w3.org/1999/XSL/Format" xmlns:msxsl="urn:schemas-microsoft-com:xslt">
<head>
<META http-equiv="Content-Type" content="text/html">
<meta http-equiv="content-type" content="text/html; charset=UTF-8">
</head>
<body style="margin:0px 0px 0px 0px;overflow:auto;background:#FFFFFF;">
<table style="font-family:Arial,Verdana,Times;font-size:12px;text-align:left;width:100%;border-collapse:collapse;padding:3px 3px 3px 3px">
<tr style="text-align:center;font-weight:bold;background:#9CBCE2">
<td>2085200975</td>
</tr>
<tr>
<td>
<table style="font-family:Arial,Verdana,Times;font-size:12px;text-align:left;width:100%;border-spacing:0px; padding:3px 3px 3px 3px">
<tr>
<td>FID</td>
<td>16</td>
</tr>
<tr bgcolor="#D4E4F3">
<td>PIN</td>
<td>2085200975</td>
</tr>
<tr>
<td>ID</td>
<td>0</td>
</tr>
<tr bgcolor="#D4E4F3">
<td>AU</td>
<td>2</td>
</tr>
<tr>
<td>NOTES</td>
<td></td>
</tr>
<tr bgcolor="#D4E4F3">
<td>INSIDE_X</td>
<td>1344344.2659</td>
</tr>
<tr>
<td>INSIDE_Y</td>
<td>147528.111414</td>
</tr>
<tr bgcolor="#D4E4F3">
<td>PolygonID</td>
<td>21043</td>
</tr>
<tr>
<td>GIS_Acres</td>
<td>0.320433</td>
</tr>
</table>
</td>
</tr>
</table>
</body><script type="text/javascript">
				function changeImage(attElement, nameElement) {
				document.getElementById('imageAttachment').src = attElement;
				document.getElementById('imageName').innerHTML = nameElement;}
			</script></html>
]]></description>
      <styleUrl>#PolyStyle00</styleUrl>
      <MultiGeometry>
        <Polygon>
          <extrude>0</extrude><altitudeMode>clampToGround</altitudeMode>
          <outerBoundaryIs><LinearRing><coordinates> -122.0292580596071,47.39791780614842,0 -122.0291346860357,47.39780743143341,0 -122.0283205077661,47.39836931777882,0 -122.028407614714,47.39840930961655,0 -122.0284903757452,47.39844730615513,0 -122.0292580596071,47.39791780614842,0</coordinates></LinearRing></outerBoundaryIs>
        </Polygon>
      </MultiGeometry>
    </Placemark>
    <Placemark id="ID_00017">
      <name>1926069025</name>
      <snippet></snippet>
      <description><![CDATA[<html xmlns:fo="http://www.w3.org/1999/XSL/Format" xmlns:msxsl="urn:schemas-microsoft-com:xslt">
<head>
<META http-equiv="Content-Type" content="text/html">
<meta http-equiv="content-type" content="text/html; charset=UTF-8">
</head>
<body style="margin:0px 0px 0px 0px;overflow:auto;background:#FFFFFF;">
<table style="font-family:Arial,Verdana,Times;font-size:12px;text-align:left;width:100%;border-collapse:collapse;padding:3px 3px 3px 3px">
<tr style="text-align:center;font-weight:bold;background:#9CBCE2">
<td>1926069025</td>
</tr>
<tr>
<td>
<table style="font-family:Arial,Verdana,Times;font-size:12px;text-align:left;width:100%;border-spacing:0px; padding:3px 3px 3px 3px">
<tr>
<td>FID</td>
<td>17</td>
</tr>
<tr bgcolor="#D4E4F3">
<td>PIN</td>
<td>1926069025</td>
</tr>
<tr>
<td>ID</td>
<td>0</td>
</tr>
<tr bgcolor="#D4E4F3">
<td>AU</td>
<td>4</td>
</tr>
<tr>
<td>NOTES</td>
<td></td>
</tr>
<tr bgcolor="#D4E4F3">
<td>INSIDE_X</td>
<td>1332115.31124</td>
</tr>
<tr>
<td>INSIDE_Y</td>
<td>265526.27933</td>
</tr>
<tr bgcolor="#D4E4F3">
<td>PolygonID</td>
<td>21044</td>
</tr>
<tr>
<td>GIS_Acres</td>
<td>2.065524</td>
</tr>
</table>
</td>
</tr>
</table>
</body><script type="text/javascript">
				function changeImage(attElement, nameElement) {
				document.getElementById('imageAttachment').src = attElement;
				document.getElementById('imageName').innerHTML = nameElement;}
			</script></html>
]]></description>
      <styleUrl>#PolyStyle00</styleUrl>
      <MultiGeometry>
        <Polygon>
          <extrude>0</extrude><altitudeMode>clampToGround</altitudeMode>
          <outerBoundaryIs><LinearRing><coordinates> -122.0854652243707,47.72061240836028,0 -122.0854647584333,47.72062000839678,0 -122.0854666351713,47.72062878900953,0 -122.0854688628873,47.72063858046338,0 -122.0854687009573,47.72064535407136,0 -122.0854659313153,47.72065350024414,0 -122.0854617789748,47.72066174435811,0 -122.0854582707157,47.72068121950691,0 -122.0854513180882,47.72069788719155,0 -122.085424886901,47.72074928457386,0 -122.0854228419687,47.72076222100016,0 -122.0854228380318,47.72077554701139,0 -122.0854292871585,47.72079527174834,0 -122.0854325885581,47.72080751888574,0 -122.0854331702168,47.72081815150435,0 -122.0854297449038,47.7208294578061,0 -122.085421836787,47.72084182802374,0 -122.0854217194679,47.72084204880267,0 -122.0854192158373,47.72085956898648,0 -122.0854071620134,47.72088692808529,0 -122.0854092284332,47.72090368564513,0 -122.0854089839086,47.72093401313764,0 -122.0854033523794,47.72096163005654,0 -122.085394028826,47.72099120715695,0 -122.085373295113,47.72103116443049,0 -122.0853729781851,47.72107363847248,0 -122.0853609265733,47.72109959963669,0 -122.0853491634299,47.72112232104316,0 -122.0853487063799,47.72115898461578,0 -122.0853805172663,47.72118915176443,0 -122.0853897483708,47.72121638690565,0 -122.0853969599605,47.72126607185729,0 -122.0854052433324,47.72127766429377,0 -122.0854063592532,47.72129547127251,0 -122.0854339512369,47.72133416031117,0 -122.0854230274566,47.72139169147884,0 -122.0854272050114,47.72142844089655,0 -122.0854341069603,47.72143664549272,0 -122.0854365733413,47.72148331147233,0 -122.0854418513675,47.72149493420627,0 -122.0854461240782,47.72150533379263,0 -122.0854446769556,47.72151437039231,0 -122.0854438094593,47.72152052116083,0 -122.0854365159375,47.72153483216035,0 -122.0854297289766,47.72154494118594,0 -122.0854236892519,47.72155729088739,0 -122.0854168943845,47.72157376163263,0 -122.0860837181694,47.72157713201784,0 -122.086231111426,47.72157789743639,0 -122.0866168097471,47.7206018410906,0 -122.0862812950623,47.7205928884447,0 -122.0854783788431,47.72057148991013,0 -122.0854652243707,47.72061240836028,0</coordinates></LinearRing></outerBoundaryIs>
        </Polygon>
      </MultiGeometry>
    </Placemark>
    <Placemark id="ID_00018">
      <name>1823039092</name>
      <snippet></snippet>
      <description><![CDATA[<html xmlns:fo="http://www.w3.org/1999/XSL/Format" xmlns:msxsl="urn:schemas-microsoft-com:xslt">
<head>
<META http-equiv="Content-Type" content="text/html">
<meta http-equiv="content-type" content="text/html; charset=UTF-8">
</head>
<body style="margin:0px 0px 0px 0px;overflow:auto;background:#FFFFFF;">
<table style="font-family:Arial,Verdana,Times;font-size:12px;text-align:left;width:100%;border-collapse:collapse;padding:3px 3px 3px 3px">
<tr style="text-align:center;font-weight:bold;background:#9CBCE2">
<td>1823039092</td>
</tr>
<tr>
<td>
<table style="font-family:Arial,Verdana,Times;font-size:12px;text-align:left;width:100%;border-spacing:0px; padding:3px 3px 3px 3px">
<tr>
<td>FID</td>
<td>18</td>
</tr>
<tr bgcolor="#D4E4F3">
<td>PIN</td>
<td>1823039092</td>
</tr>
<tr>
<td>ID</td>
<td>0</td>
</tr>
<tr bgcolor="#D4E4F3">
<td>AU</td>
<td>3</td>
</tr>
<tr>
<td>NOTES</td>
<td></td>
</tr>
<tr bgcolor="#D4E4F3">
<td>INSIDE_X</td>
<td>1233961.83332</td>
</tr>
<tr>
<td>INSIDE_Y</td>
<td>183379.730786</td>
</tr>
<tr bgcolor="#D4E4F3">
<td>PolygonID</td>
<td>21045</td>
</tr>
<tr>
<td>GIS_Acres</td>
<td>0.765646</td>
</tr>
</table>
</td>
</tr>
</table>
</body><script type="text/javascript">
				function changeImage(attElement, nameElement) {
				document.getElementById('imageAttachment').src = attElement;
				document.getElementById('imageName').innerHTML = nameElement;}
			</script></html>
]]></description>
      <styleUrl>#PolyStyle00</styleUrl>
      <MultiGeometry>
        <Polygon>
          <extrude>0</extrude><altitudeMode>clampToGround</altitudeMode>
          <outerBoundaryIs><LinearRing><coordinates> -122.4762299096202,47.49094519446868,0 -122.4781046136939,47.49094655536039,0 -122.4781396619604,47.49087872008494,0 -122.4782521646651,47.49068017346207,0 -122.4782920210132,47.49060667546362,0 -122.4780744238668,47.4905867597551,0 -122.4775815610224,47.49070793884447,0 -122.4774060945334,47.49077378796741,0 -122.4772234910066,47.49082479347199,0 -122.4770993762708,47.49085384919425,0 -122.4769683454325,47.49084584620665,0 -122.4768849765097,47.49080597041584,0 -122.4767834968698,47.49075613805499,0 -122.4766523682364,47.49075800813457,0 -122.4765461434088,47.49081923499883,0 -122.4763159011944,47.49089964320824,0 -122.4762299096202,47.49094519446868,0</coordinates></LinearRing></outerBoundaryIs>
        </Polygon>
      </MultiGeometry>
    </Placemark>
    <Placemark id="ID_00019">
      <name>1531000010</name>
      <snippet></snippet>
      <description><![CDATA[<html xmlns:fo="http://www.w3.org/1999/XSL/Format" xmlns:msxsl="urn:schemas-microsoft-com:xslt">
<head>
<META http-equiv="Content-Type" content="text/html">
<meta http-equiv="content-type" content="text/html; charset=UTF-8">
</head>
<body style="margin:0px 0px 0px 0px;overflow:auto;background:#FFFFFF;">
<table style="font-family:Arial,Verdana,Times;font-size:12px;text-align:left;width:100%;border-collapse:collapse;padding:3px 3px 3px 3px">
<tr style="text-align:center;font-weight:bold;background:#9CBCE2">
<td>1531000010</td>
</tr>
<tr>
<td>
<table style="font-family:Arial,Verdana,Times;font-size:12px;text-align:left;width:100%;border-spacing:0px; padding:3px 3px 3px 3px">
<tr>
<td>FID</td>
<td>19</td>
</tr>
<tr bgcolor="#D4E4F3">
<td>PIN</td>
<td>1531000010</td>
</tr>
<tr>
<td>ID</td>
<td>0</td>
</tr>
<tr bgcolor="#D4E4F3">
<td>AU</td>
<td>1</td>
</tr>
<tr>
<td>NOTES</td>
<td></td>
</tr>
<tr bgcolor="#D4E4F3">
<td>INSIDE_X</td>
<td>1345805.74574</td>
</tr>
<tr>
<td>INSIDE_Y</td>
<td>126558.517393</td>
</tr>
<tr bgcolor="#D4E4F3">
<td>PolygonID</td>
<td>21046</td>
</tr>
<tr>
<td>GIS_Acres</td>
<td>36.25137</td>
</tr>
</table>
</td>
</tr>
</table>
</body><script type="text/javascript">
				function changeImage(attElement, nameElement) {
				document.getElementById('imageAttachment').src = attElement;
				document.getElementById('imageName').innerHTML = nameElement;}
			</script></html>
]]></description>
      <styleUrl>#PolyStyle00</styleUrl>
      <MultiGeometry>
        <Polygon>
          <extrude>0</extrude><altitudeMode>clampToGround</altitudeMode>
          <outerBoundaryIs><LinearRing><coordinates> -122.0241979674857,47.3376957943798,0 -122.0242783270525,47.33789646695715,0 -122.0245033513413,47.33800123366427,0 -122.0248186159696,47.33822676083384,0 -122.0248651503814,47.33843857306832,0 -122.0248703989816,47.33861003633447,0 -122.0250883902009,47.33864046063974,0 -122.0252792753907,47.3387735051632,0 -122.0253181435764,47.33894525431933,0 -122.025256682777,47.33908758044129,0 -122.0252550209577,47.33909300765521,0 -122.0250963647293,47.33912050054815,0 -122.0249599979884,47.33922219163603,0 -122.0251406924147,47.33945228687273,0 -122.025292992617,47.3395045144871,0 -122.025323701728,47.33955669454498,0 -122.0254392352616,47.33972366466852,0 -122.0253535350215,47.33976265054322,0 -122.0250612642375,47.33965731352567,0 -122.0249176484955,47.33969608941361,0 -122.024889112209,47.33999363681064,0 -122.0245955348768,47.33984191121204,0 -122.0244159839841,47.34000608758269,0 -122.0242453630706,47.34014176993625,0 -122.0241389439773,47.33998658714942,0 -122.0241257141117,47.33979220011836,0 -122.0240542834571,47.33956303377212,0 -122.0242160772571,47.33945013234881,0 -122.0243101071351,47.33936522359119,0 -122.0245621405541,47.33937308288235,0 -122.0245478569196,47.33923582644303,0 -122.0244244190693,47.33909192695203,0 -122.0242331866285,47.33898738767355,0 -122.0242837517324,47.3389707364556,0 -122.0244782142269,47.33890953835273,0 -122.0246647978328,47.33881970310283,0 -122.0247571152104,47.33871515474123,0 -122.0246797258453,47.33846556502128,0 -122.0244081665395,47.33814898626051,0 -122.0243554737476,47.33810988671924,0 -122.0242403937642,47.3381304161276,0 -122.0239051644736,47.33807613595515,0 -122.0237174237278,47.33822881361613,0 -122.0235867001638,47.33893623024917,0 -122.0235612532513,47.33940455761165,0 -122.0232581346215,47.33988766070028,0 -122.0233949036437,47.34022023545329,0 -122.0236297537312,47.34053778345998,0 -122.0237737544874,47.34050645488994,0 -122.0244797870694,47.34108880378056,0 -122.0249967370537,47.34129237337191,0 -122.0245397491798,47.34182718752946,0 -122.0248614354491,47.34195051329588,0 -122.0249813464809,47.34180600205112,0 -122.0250572450691,47.34171453662909,0 -122.0253832116386,47.3413216892019,0 -122.0257154945299,47.34092122642593,0 -122.0254502779838,47.3409005496225,0 -122.0252745118964,47.34085905724938,0 -122.0252256602258,47.34077293249662,0 -122.0251935132094,47.34069266375538,0 -122.025336921162,47.34066531366097,0 -122.0253894530994,47.34055148136154,0 -122.0253747464544,47.34043707726563,0 -122.0255182587558,47.34040401387978,0 -122.0255431888286,47.34028897582248,0 -122.0255422171828,47.34001566885772,0 -122.0256379854341,47.33985660832361,0 -122.0259370944792,47.33995211089371,0 -122.0259424163315,47.33987664529916,0 -122.0259564127034,47.33967916204607,0 -122.0259824455302,47.33930910557302,0 -122.0260085428365,47.33893904931845,0 -122.0260137470014,47.33886526413279,0 -122.0260087703038,47.33886007012971,0 -122.0260095592233,47.33853152451864,0 -122.0259133024332,47.33833786051533,0 -122.0251967093291,47.33731039844167,0 -122.0247155664462,47.33719202595701,0 -122.0245924350201,47.33688593350119,0 -122.0238002047342,47.33690651154516,0 -122.0234142238841,47.33691655564355,0 -122.0233836333351,47.33691735130201,0 -122.0232074073698,47.33692193482221,0 -122.0223231101754,47.33805748808884,0 -122.0221356270339,47.33814743571866,0 -122.0218501185509,47.33828440931808,0 -122.0211398342701,47.33877083509492,0 -122.0207741909839,47.33894624582116,0 -122.0209242746126,47.33918220216588,0 -122.0209384834517,47.33936088459303,0 -122.020846093879,47.33962198482855,0 -122.0209281410208,47.33992028748093,0 -122.0209055698338,47.34019388822573,0 -122.0206030589562,47.34045319299195,0 -122.0203121097565,47.34103400558114,0 -122.0201743400209,47.34130816897999,0 -122.020180266959,47.34131719788375,0 -122.0201876711534,47.34132903106294,0 -122.0201947754867,47.34134094654487,0 -122.0202015655278,47.34135294987812,0 -122.0202080515137,47.34136502566317,0 -122.0202142243465,47.34137718119207,0 -122.0202200851038,47.34138940565877,0 -122.0202256324625,47.34140169907722,0 -122.0202308610077,47.34141405610718,0 -122.0202357746063,47.34142647221043,0 -122.0202403652786,47.34143894567146,0 -122.020244634246,47.34145147197982,0 -122.0202485827083,47.34146404572585,0 -122.0202522093427,47.34147666692338,0 -122.0202555086524,47.34148932663466,0 -122.0202584833036,47.3415020257313,0 -122.020261131769,47.34151475523381,0 -122.020263455392,47.34152751602807,0 -122.020265447414,47.34154030188768,0 -122.0202671130862,47.34155311095885,0 -122.0202684456504,47.34156593701564,0 -122.0202694543061,47.34157877726286,0 -122.0202701296697,47.34159162640168,0 -122.0202704730026,47.34160448172032,0 -122.0202704908585,47.3416173404516,0 -122.0202701778227,47.34163019725466,0 -122.0202695337722,47.34164304673388,0 -122.0202685587069,47.34165588888916,0 -122.0202672563918,47.34166871468556,0 -122.0202656228778,47.34168152506415,0 -122.0202636619909,47.34169431368774,0 -122.0202613695987,47.34170707340371,0 -122.0202587551459,47.34171981220862,0 -122.0202558116292,47.34173251308443,0 -122.0202525417556,47.34174517870191,0 -122.0202489479876,47.34175780093886,0 -122.020164657948,47.34204059673471,0 -122.0201578912679,47.342065029004,0 -122.0201541322313,47.34208051800386,0 -122.020150769939,47.34209605321869,0 -122.0201478080749,47.34211162201613,0 -122.0201452453367,47.3421272253096,0 -122.0201430828436,47.34214285409207,0 -122.0201413245043,47.34215850562362,0 -122.020139965006,47.34217417906081,0 -122.0201390146894,47.34218986350058,0 -122.02013845898,47.34220555819621,0 -122.0201384058654,47.34221155778264,0 -122.0201383109667,47.34222125671386,0 -122.0201385625883,47.34223695374046,0 -122.0201392243488,47.34225264556818,0 -122.0201402828745,47.34226832604003,0 -122.0201417434377,47.34228399420149,0 -122.0201436111274,47.34229964100371,0 -122.0201458779644,47.34231526473118,0 -122.0201485423603,47.3423308537066,0 -122.0201516098328,47.34234641776701,0 -122.0201550759845,47.34236193806803,0 -122.0201589409174,47.34237741910641,0 -122.0201632003361,47.3423928465346,0 -122.0201678568873,47.34240822032457,0 -122.0201729079864,47.34242354320213,0 -122.0201783492357,47.34243879632295,0 -122.0201841834041,47.34245398505516,0 -122.0201904116931,47.342469103989,0 -122.0201970180211,47.34248414429752,0 -122.0202040091063,47.34249911040786,0 -122.0202113898128,47.34251398337873,0 -122.0202191510015,47.34252876870305,0 -122.020227285935,47.34254346105416,0 -122.0202358011064,47.34255805496669,0 -122.020244689778,47.34257254511397,0 -122.0202539464943,47.34258692435657,0 -122.0202635726608,47.34260119627821,0 -122.0202735627194,47.34261534924276,0 -122.0202839140041,47.34262938237872,0 -122.0202946198177,47.34264329215799,0 -122.0203056905823,47.34265707127477,0 -122.0203171089954,47.34267071541268,0 -122.0203288803498,47.34268422451637,0 -122.0203409898875,47.34269758974494,0 -122.0203472343509,47.34270421918824,0 -122.0222548520688,47.34304707932788,0 -122.0223160596699,47.34265385024921,0 -122.0218900223785,47.34238748047193,0 -122.0218949316231,47.34233864958016,0 -122.0221633422546,47.34227403829831,0 -122.0223766290884,47.34210554626993,0 -122.0223854827849,47.34200006677212,0 -122.0222024494707,47.34181683043889,0 -122.0219815204081,47.3416849992327,0 -122.0219617360721,47.34167319540249,0 -122.0220251093219,47.34104253634156,0 -122.0225047842426,47.34113767864726,0 -122.0225273673122,47.34099691439229,0 -122.0223022521951,47.34066803573028,0 -122.0220287969348,47.34045428641143,0 -122.0222755948145,47.34029068748293,0 -122.0225155682701,47.34004132052925,0 -122.0228140559835,47.33980959384628,0 -122.0231028717415,47.33964635137286,0 -122.0232303115885,47.33957315618047,0 -122.0233622816533,47.33925429947062,0 -122.0233507405702,47.33896850345911,0 -122.0233901534322,47.33865457186724,0 -122.0235223308428,47.3383242887861,0 -122.0236891773973,47.33793716133292,0 -122.0239842787789,47.33788824923591,0 -122.0240374395091,47.33783052186993,0 -122.0239205184589,47.3376991457312,0 -122.0238087785441,47.33760423395891,0 -122.0236881095249,47.33744153960578,0 -122.0235716009026,47.33731121386189,0 -122.023455331292,47.33716795671367,0 -122.023581065226,47.33705586144956,0 -122.023718681871,47.33707320045978,0 -122.0237176091761,47.33713139125706,0 -122.0236635087335,47.33722793028311,0 -122.0236809223889,47.33731537852727,0 -122.0237513044035,47.33736771134657,0 -122.0238842853792,47.33737854400934,0 -122.0240244543565,47.33751553757991,0 -122.0241979674857,47.3376957943798,0</coordinates></LinearRing></outerBoundaryIs>
        </Polygon>
      </MultiGeometry>
    </Placemark>
    <Placemark id="ID_00020">
      <name>1022059037</name>
      <snippet></snippet>
      <description><![CDATA[<html xmlns:fo="http://www.w3.org/1999/XSL/Format" xmlns:msxsl="urn:schemas-microsoft-com:xslt">
<head>
<META http-equiv="Content-Type" content="text/html">
<meta http-equiv="content-type" content="text/html; charset=UTF-8">
</head>
<body style="margin:0px 0px 0px 0px;overflow:auto;background:#FFFFFF;">
<table style="font-family:Arial,Verdana,Times;font-size:12px;text-align:left;width:100%;border-collapse:collapse;padding:3px 3px 3px 3px">
<tr style="text-align:center;font-weight:bold;background:#9CBCE2">
<td>1022059037</td>
</tr>
<tr>
<td>
<table style="font-family:Arial,Verdana,Times;font-size:12px;text-align:left;width:100%;border-spacing:0px; padding:3px 3px 3px 3px">
<tr>
<td>FID</td>
<td>20</td>
</tr>
<tr bgcolor="#D4E4F3">
<td>PIN</td>
<td>1022059037</td>
</tr>
<tr>
<td>ID</td>
<td>0</td>
</tr>
<tr bgcolor="#D4E4F3">
<td>AU</td>
<td>4</td>
</tr>
<tr>
<td>NOTES</td>
<td></td>
</tr>
<tr bgcolor="#D4E4F3">
<td>INSIDE_X</td>
<td>1312644.22259</td>
</tr>
<tr>
<td>INSIDE_Y</td>
<td>152795.595847</td>
</tr>
<tr bgcolor="#D4E4F3">
<td>PolygonID</td>
<td>21047</td>
</tr>
<tr>
<td>GIS_Acres</td>
<td>3.906285</td>
</tr>
</table>
</td>
</tr>
</table>
</body><script type="text/javascript">
				function changeImage(attElement, nameElement) {
				document.getElementById('imageAttachment').src = attElement;
				document.getElementById('imageName').innerHTML = nameElement;}
			</script></html>
]]></description>
      <styleUrl>#PolyStyle00</styleUrl>
      <MultiGeometry>
        <Polygon>
          <extrude>0</extrude><altitudeMode>clampToGround</altitudeMode>
          <outerBoundaryIs><LinearRing><coordinates> -122.1559559357263,47.4116800475451,0 -122.1579647594497,47.41167857082023,0 -122.1579652369199,47.41153968799667,0 -122.1579687591076,47.41047124148685,0 -122.1576473782982,47.41047178872519,0 -122.1569323495909,47.41047301977841,0 -122.156801220693,47.41053616585631,0 -122.1567624885673,47.41056831118263,0 -122.1567455996116,47.41062872336835,0 -122.1567606596584,47.4106828845205,0 -122.1568015067297,47.41071777721351,0 -122.1567011290733,47.41082081556344,0 -122.1567133496634,47.41085333568378,0 -122.1567636470013,47.4108947839512,0 -122.1567978145442,47.41094908564423,0 -122.1566855609233,47.41099798625375,0 -122.1566468974112,47.41102580801416,0 -122.1566366189152,47.41107113470744,0 -122.1566745232067,47.41109087169025,0 -122.1567250277965,47.41111934940892,0 -122.1567656336202,47.41116937444019,0 -122.1567237509308,47.41119933456109,0 -122.1566507471228,47.41118366341223,0 -122.1566000354228,47.4111681562258,0 -122.1565524738155,47.41115483420881,0 -122.1564479005028,47.41112163453285,0 -122.1563783231304,47.41109085432009,0 -122.1562802573147,47.41104905432064,0 -122.1562132086255,47.41105937089924,0 -122.156132351059,47.41113660824666,0 -122.1560581732559,47.41119443657964,0 -122.1559951447974,47.41135179962778,0 -122.1559732048964,47.41152892329622,0 -122.1559559357263,47.4116800475451,0</coordinates></LinearRing></outerBoundaryIs>
        </Polygon>
      </MultiGeometry>
    </Placemark>
    <Placemark id="ID_00021">
      <name>0526069039</name>
      <snippet></snippet>
      <description><![CDATA[<html xmlns:fo="http://www.w3.org/1999/XSL/Format" xmlns:msxsl="urn:schemas-microsoft-com:xslt">
<head>
<META http-equiv="Content-Type" content="text/html">
<meta http-equiv="content-type" content="text/html; charset=UTF-8">
</head>
<body style="margin:0px 0px 0px 0px;overflow:auto;background:#FFFFFF;">
<table style="font-family:Arial,Verdana,Times;font-size:12px;text-align:left;width:100%;border-collapse:collapse;padding:3px 3px 3px 3px">
<tr style="text-align:center;font-weight:bold;background:#9CBCE2">
<td>0526069039</td>
</tr>
<tr>
<td>
<table style="font-family:Arial,Verdana,Times;font-size:12px;text-align:left;width:100%;border-spacing:0px; padding:3px 3px 3px 3px">
<tr>
<td>FID</td>
<td>21</td>
</tr>
<tr bgcolor="#D4E4F3">
<td>PIN</td>
<td>0526069039</td>
</tr>
<tr>
<td>ID</td>
<td>0</td>
</tr>
<tr bgcolor="#D4E4F3">
<td>AU</td>
<td>4</td>
</tr>
<tr>
<td>NOTES</td>
<td></td>
</tr>
<tr bgcolor="#D4E4F3">
<td>INSIDE_X</td>
<td>1339231.98882</td>
</tr>
<tr>
<td>INSIDE_Y</td>
<td>281994.500428</td>
</tr>
<tr bgcolor="#D4E4F3">
<td>PolygonID</td>
<td>21048</td>
</tr>
<tr>
<td>GIS_Acres</td>
<td>9.988815</td>
</tr>
</table>
</td>
</tr>
</table>
</body><script type="text/javascript">
				function changeImage(attElement, nameElement) {
				document.getElementById('imageAttachment').src = attElement;
				document.getElementById('imageName').innerHTML = nameElement;}
			</script></html>
]]></description>
      <styleUrl>#PolyStyle00</styleUrl>
      <MultiGeometry>
        <Polygon>
          <extrude>0</extrude><altitudeMode>clampToGround</altitudeMode>
          <outerBoundaryIs><LinearRing><coordinates> -122.0567596815204,47.76735878032991,0 -122.0595742348957,47.76737307629483,0 -122.0594101583189,47.76565314154106,0 -122.0566164531157,47.76564794106032,0 -122.0565676502491,47.76564783353809,0 -122.0567596815204,47.76735878032991,0</coordinates></LinearRing></outerBoundaryIs>
        </Polygon>
      </MultiGeometry>
    </Placemark>
    <Placemark id="ID_00022">
      <name>0122029004</name>
      <snippet></snippet>
      <description><![CDATA[<html xmlns:fo="http://www.w3.org/1999/XSL/Format" xmlns:msxsl="urn:schemas-microsoft-com:xslt">
<head>
<META http-equiv="Content-Type" content="text/html">
<meta http-equiv="content-type" content="text/html; charset=UTF-8">
</head>
<body style="margin:0px 0px 0px 0px;overflow:auto;background:#FFFFFF;">
<table style="font-family:Arial,Verdana,Times;font-size:12px;text-align:left;width:100%;border-collapse:collapse;padding:3px 3px 3px 3px">
<tr style="text-align:center;font-weight:bold;background:#9CBCE2">
<td>0122029004</td>
</tr>
<tr>
<td>
<table style="font-family:Arial,Verdana,Times;font-size:12px;text-align:left;width:100%;border-spacing:0px; padding:3px 3px 3px 3px">
<tr>
<td>FID</td>
<td>22</td>
</tr>
<tr bgcolor="#D4E4F3">
<td>PIN</td>
<td>0122029004</td>
</tr>
<tr>
<td>ID</td>
<td>0</td>
</tr>
<tr bgcolor="#D4E4F3">
<td>AU</td>
<td>3</td>
</tr>
<tr>
<td>NOTES</td>
<td></td>
</tr>
<tr bgcolor="#D4E4F3">
<td>INSIDE_X</td>
<td>1231297.19338</td>
</tr>
<tr>
<td>INSIDE_Y</td>
<td>161432.114117</td>
</tr>
<tr bgcolor="#D4E4F3">
<td>PolygonID</td>
<td>21049</td>
</tr>
<tr>
<td>GIS_Acres</td>
<td>3.5575</td>
</tr>
</table>
</td>
</tr>
</table>
</body><script type="text/javascript">
				function changeImage(attElement, nameElement) {
				document.getElementById('imageAttachment').src = attElement;
				document.getElementById('imageName').innerHTML = nameElement;}
			</script></html>
]]></description>
      <styleUrl>#PolyStyle00</styleUrl>
      <MultiGeometry>
        <Polygon>
          <extrude>0</extrude><altitudeMode>clampToGround</altitudeMode>
          <outerBoundaryIs><LinearRing><coordinates> -122.4850507700723,47.43095978729117,0 -122.4872182097415,47.43096734037858,0 -122.487217928684,47.42979987195471,0 -122.4871515906102,47.42983946524895,0 -122.4869963764114,47.42991526495026,0 -122.486920512424,47.42998858646457,0 -122.4867947696684,47.43003901974191,0 -122.4867281364544,47.43002172275754,0 -122.4867499474279,47.42992549447959,0 -122.4866844162208,47.42979487778611,0 -122.4865089332545,47.42980825753787,0 -122.4863830802908,47.42987002233316,0 -122.4862995548993,47.42987248122985,0 -122.4861950447529,47.4298861784845,0 -122.4861399163122,47.42997375798633,0 -122.4861554577713,47.43009281848736,0 -122.4861590811875,47.43014949703323,0 -122.4861162841297,47.43025696359371,0 -122.48607752393,47.43037861380791,0 -122.4859808660686,47.43044334213813,0 -122.485776211406,47.43045092374487,0 -122.4855846060093,47.43040473434951,0 -122.4854556525023,47.43035599271808,0 -122.4854268253291,47.4303101752844,0 -122.4853172998232,47.43041486712445,0 -122.4851441934864,47.43061240794092,0 -122.4850965834833,47.4307850141457,0 -122.4850507700723,47.43095978729117,0</coordinates></LinearRing></outerBoundaryIs>
        </Polygon>
      </MultiGeometry>
    </Placemark>
    <Placemark id="ID_00023">
      <name>0121029144</name>
      <snippet></snippet>
      <description><![CDATA[<html xmlns:fo="http://www.w3.org/1999/XSL/Format" xmlns:msxsl="urn:schemas-microsoft-com:xslt">
<head>
<META http-equiv="Content-Type" content="text/html">
<meta http-equiv="content-type" content="text/html; charset=UTF-8">
</head>
<body style="margin:0px 0px 0px 0px;overflow:auto;background:#FFFFFF;">
<table style="font-family:Arial,Verdana,Times;font-size:12px;text-align:left;width:100%;border-collapse:collapse;padding:3px 3px 3px 3px">
<tr style="text-align:center;font-weight:bold;background:#9CBCE2">
<td>0121029144</td>
</tr>
<tr>
<td>
<table style="font-family:Arial,Verdana,Times;font-size:12px;text-align:left;width:100%;border-spacing:0px; padding:3px 3px 3px 3px">
<tr>
<td>FID</td>
<td>23</td>
</tr>
<tr bgcolor="#D4E4F3">
<td>PIN</td>
<td>0121029144</td>
</tr>
<tr>
<td>ID</td>
<td>0</td>
</tr>
<tr bgcolor="#D4E4F3">
<td>AU</td>
<td>3</td>
</tr>
<tr>
<td>NOTES</td>
<td></td>
</tr>
<tr bgcolor="#D4E4F3">
<td>INSIDE_X</td>
<td>1227823.41819</td>
</tr>
<tr>
<td>INSIDE_Y</td>
<td>125424.759409</td>
</tr>
<tr bgcolor="#D4E4F3">
<td>PolygonID</td>
<td>21050</td>
</tr>
<tr>
<td>GIS_Acres</td>
<td>0.144609</td>
</tr>
</table>
</td>
</tr>
</table>
</body><script type="text/javascript">
				function changeImage(attElement, nameElement) {
				document.getElementById('imageAttachment').src = attElement;
				document.getElementById('imageName').innerHTML = nameElement;}
			</script></html>
]]></description>
      <styleUrl>#PolyStyle00</styleUrl>
      <MultiGeometry>
        <Polygon>
          <extrude>0</extrude><altitudeMode>clampToGround</altitudeMode>
          <outerBoundaryIs><LinearRing><coordinates> -122.4972339938105,47.33168482182445,0 -122.4974783018224,47.33170683817627,0 -122.4974796791584,47.33156868953064,0 -122.496976063204,47.3315233051427,0 -122.496974685862,47.33166145376236,0 -122.4972339938105,47.33168482182445,0</coordinates></LinearRing></outerBoundaryIs>
        </Polygon>
      </MultiGeometry>
    </Placemark>
    <Placemark id="ID_00024">
      <name>0121029016</name>
      <snippet></snippet>
      <description><![CDATA[<html xmlns:fo="http://www.w3.org/1999/XSL/Format" xmlns:msxsl="urn:schemas-microsoft-com:xslt">
<head>
<META http-equiv="Content-Type" content="text/html">
<meta http-equiv="content-type" content="text/html; charset=UTF-8">
</head>
<body style="margin:0px 0px 0px 0px;overflow:auto;background:#FFFFFF;">
<table style="font-family:Arial,Verdana,Times;font-size:12px;text-align:left;width:100%;border-collapse:collapse;padding:3px 3px 3px 3px">
<tr style="text-align:center;font-weight:bold;background:#9CBCE2">
<td>0121029016</td>
</tr>
<tr>
<td>
<table style="font-family:Arial,Verdana,Times;font-size:12px;text-align:left;width:100%;border-spacing:0px; padding:3px 3px 3px 3px">
<tr>
<td>FID</td>
<td>24</td>
</tr>
<tr bgcolor="#D4E4F3">
<td>PIN</td>
<td>0121029016</td>
</tr>
<tr>
<td>ID</td>
<td>0</td>
</tr>
<tr bgcolor="#D4E4F3">
<td>AU</td>
<td>4</td>
</tr>
<tr>
<td>NOTES</td>
<td></td>
</tr>
<tr bgcolor="#D4E4F3">
<td>INSIDE_X</td>
<td>1227996.86649</td>
</tr>
<tr>
<td>INSIDE_Y</td>
<td>125517.617573</td>
</tr>
<tr bgcolor="#D4E4F3">
<td>PolygonID</td>
<td>21051</td>
</tr>
<tr>
<td>GIS_Acres</td>
<td>1.536977</td>
</tr>
</table>
</td>
</tr>
</table>
</body><script type="text/javascript">
				function changeImage(attElement, nameElement) {
				document.getElementById('imageAttachment').src = attElement;
				document.getElementById('imageName').innerHTML = nameElement;}
			</script></html>
]]></description>
      <styleUrl>#PolyStyle00</styleUrl>
      <MultiGeometry>
        <Polygon>
          <extrude>0</extrude><altitudeMode>clampToGround</altitudeMode>
          <outerBoundaryIs><LinearRing><coordinates> -122.4957823780209,47.33205996128416,0 -122.495925323356,47.3320825671383,0 -122.4960758108941,47.33209275206947,0 -122.4962057630438,47.33205284981584,0 -122.4963146135799,47.33202237786909,0 -122.4965556278042,47.33208771828104,0 -122.4969047243045,47.33220352938144,0 -122.4970827071535,47.33226859199132,0 -122.4972341301965,47.33232031498341,0 -122.4972340115343,47.33176521450248,0 -122.4972339938104,47.33168482182447,0 -122.496974685862,47.33166145376245,0 -122.4967732381297,47.33164329921298,0 -122.4963703470524,47.33160698898042,0 -122.496068177415,47.33157975404043,0 -122.4957822835743,47.33155398674899,0 -122.4957823233346,47.33176534804768,0 -122.4957823780209,47.33205996128416,0</coordinates></LinearRing></outerBoundaryIs>
        </Polygon>
      </MultiGeometry>
    </Placemark>
    <Placemark id="ID_00025">
      <name>1824079012</name>
      <snippet></snippet>
      <description><![CDATA[<html xmlns:fo="http://www.w3.org/1999/XSL/Format" xmlns:msxsl="urn:schemas-microsoft-com:xslt">
<head>
<META http-equiv="Content-Type" content="text/html">
<meta http-equiv="content-type" content="text/html; charset=UTF-8">
</head>
<body style="margin:0px 0px 0px 0px;overflow:auto;background:#FFFFFF;">
<table style="font-family:Arial,Verdana,Times;font-size:12px;text-align:left;width:100%;border-collapse:collapse;padding:3px 3px 3px 3px">
<tr style="text-align:center;font-weight:bold;background:#9CBCE2">
<td>1824079012</td>
</tr>
<tr>
<td>
<table style="font-family:Arial,Verdana,Times;font-size:12px;text-align:left;width:100%;border-spacing:0px; padding:3px 3px 3px 3px">
<tr>
<td>FID</td>
<td>25</td>
</tr>
<tr bgcolor="#D4E4F3">
<td>PIN</td>
<td>1824079012</td>
</tr>
<tr>
<td>ID</td>
<td>28</td>
</tr>
<tr bgcolor="#D4E4F3">
<td>AU</td>
<td>3</td>
</tr>
<tr>
<td>NOTES</td>
<td></td>
</tr>
<tr bgcolor="#D4E4F3">
<td>INSIDE_X</td>
<td>1360854.51097</td>
</tr>
<tr>
<td>INSIDE_Y</td>
<td>206156.937836</td>
</tr>
<tr bgcolor="#D4E4F3">
<td>PolygonID</td>
<td>21052</td>
</tr>
<tr>
<td>GIS_Acres</td>
<td>5.54975</td>
</tr>
</table>
</td>
</tr>
</table>
</body><script type="text/javascript">
				function changeImage(attElement, nameElement) {
				document.getElementById('imageAttachment').src = attElement;
				document.getElementById('imageName').innerHTML = nameElement;}
			</script></html>
]]></description>
      <styleUrl>#PolyStyle00</styleUrl>
      <MultiGeometry>
        <Polygon>
          <extrude>0</extrude><altitudeMode>clampToGround</altitudeMode>
          <outerBoundaryIs><LinearRing><coordinates> -121.966924730405,47.56020650925618,0 -121.9669247304044,47.5602065091547,0 -121.966918784488,47.55923529160745,0 -121.9657694665984,47.55911433472644,0 -121.9651552865554,47.55883945266483,0 -121.9643063390369,47.5588675061843,0 -121.9638174922066,47.55902920508504,0 -121.9640533948149,47.55922290446497,0 -121.9646667234699,47.55945859201076,0 -121.9649531620614,47.55975634499077,0 -121.965171755988,47.56004170252186,0 -121.9649721928089,47.5601892592933,0 -121.966924730405,47.56020650925618,0</coordinates></LinearRing></outerBoundaryIs>
        </Polygon>
      </MultiGeometry>
    </Placemark>
    <Placemark id="ID_00026">
      <name>1824079114</name>
      <snippet></snippet>
      <description><![CDATA[<html xmlns:fo="http://www.w3.org/1999/XSL/Format" xmlns:msxsl="urn:schemas-microsoft-com:xslt">
<head>
<META http-equiv="Content-Type" content="text/html">
<meta http-equiv="content-type" content="text/html; charset=UTF-8">
</head>
<body style="margin:0px 0px 0px 0px;overflow:auto;background:#FFFFFF;">
<table style="font-family:Arial,Verdana,Times;font-size:12px;text-align:left;width:100%;border-collapse:collapse;padding:3px 3px 3px 3px">
<tr style="text-align:center;font-weight:bold;background:#9CBCE2">
<td>1824079114</td>
</tr>
<tr>
<td>
<table style="font-family:Arial,Verdana,Times;font-size:12px;text-align:left;width:100%;border-spacing:0px; padding:3px 3px 3px 3px">
<tr>
<td>FID</td>
<td>26</td>
</tr>
<tr bgcolor="#D4E4F3">
<td>PIN</td>
<td>1824079114</td>
</tr>
<tr>
<td>ID</td>
<td>28</td>
</tr>
<tr bgcolor="#D4E4F3">
<td>AU</td>
<td>2</td>
</tr>
<tr>
<td>NOTES</td>
<td></td>
</tr>
<tr bgcolor="#D4E4F3">
<td>INSIDE_X</td>
<td>1361294.81211</td>
</tr>
<tr>
<td>INSIDE_Y</td>
<td>206832.036287</td>
</tr>
<tr bgcolor="#D4E4F3">
<td>PolygonID</td>
<td>21053</td>
</tr>
<tr>
<td>GIS_Acres</td>
<td>8.392613</td>
</tr>
</table>
</td>
</tr>
</table>
</body><script type="text/javascript">
				function changeImage(attElement, nameElement) {
				document.getElementById('imageAttachment').src = attElement;
				document.getElementById('imageName').innerHTML = nameElement;}
			</script></html>
]]></description>
      <styleUrl>#PolyStyle00</styleUrl>
      <MultiGeometry>
        <Polygon>
          <extrude>0</extrude><altitudeMode>clampToGround</altitudeMode>
          <outerBoundaryIs><LinearRing><coordinates> -121.9623386369298,47.56056614164306,0 -121.9623402409227,47.56108892437538,0 -121.9623430666377,47.56200602390917,0 -121.9624443176669,47.56200689659038,0 -121.9627217174556,47.56200928204856,0 -121.9648234267071,47.56202734465922,0 -121.9648669628377,47.56202771931076,0 -121.9649052950598,47.56202804931849,0 -121.9649504409064,47.56202843814827,0 -121.9650640844624,47.56202941812462,0 -121.9657455692019,47.56203526885444,0 -121.9657003780252,47.56170936306935,0 -121.9657907945605,47.56142746387989,0 -121.9652546571885,47.56119101268756,0 -121.9648130610917,47.56086213091258,0 -121.9642107864284,47.56069168253516,0 -121.9637748729549,47.56062413431079,0 -121.9632076552022,47.56073433141442,0 -121.9628692573204,47.56071155454574,0 -121.9623386369298,47.56056614164306,0</coordinates></LinearRing></outerBoundaryIs>
        </Polygon>
      </MultiGeometry>
    </Placemark>
    <Placemark id="ID_00027">
      <name>1824079012</name>
      <snippet></snippet>
      <description><![CDATA[<html xmlns:fo="http://www.w3.org/1999/XSL/Format" xmlns:msxsl="urn:schemas-microsoft-com:xslt">
<head>
<META http-equiv="Content-Type" content="text/html">
<meta http-equiv="content-type" content="text/html; charset=UTF-8">
</head>
<body style="margin:0px 0px 0px 0px;overflow:auto;background:#FFFFFF;">
<table style="font-family:Arial,Verdana,Times;font-size:12px;text-align:left;width:100%;border-collapse:collapse;padding:3px 3px 3px 3px">
<tr style="text-align:center;font-weight:bold;background:#9CBCE2">
<td>1824079012</td>
</tr>
<tr>
<td>
<table style="font-family:Arial,Verdana,Times;font-size:12px;text-align:left;width:100%;border-spacing:0px; padding:3px 3px 3px 3px">
<tr>
<td>FID</td>
<td>27</td>
</tr>
<tr bgcolor="#D4E4F3">
<td>PIN</td>
<td>1824079012</td>
</tr>
<tr>
<td>ID</td>
<td>28</td>
</tr>
<tr bgcolor="#D4E4F3">
<td>AU</td>
<td>2</td>
</tr>
<tr>
<td>NOTES</td>
<td></td>
</tr>
<tr bgcolor="#D4E4F3">
<td>INSIDE_X</td>
<td>1361383.73626</td>
</tr>
<tr>
<td>INSIDE_Y</td>
<td>206043.2929</td>
</tr>
<tr bgcolor="#D4E4F3">
<td>PolygonID</td>
<td>21054</td>
</tr>
<tr>
<td>GIS_Acres</td>
<td>11.126217</td>
</tr>
</table>
</td>
</tr>
</table>
</body><script type="text/javascript">
				function changeImage(attElement, nameElement) {
				document.getElementById('imageAttachment').src = attElement;
				document.getElementById('imageName').innerHTML = nameElement;}
			</script></html>
]]></description>
      <styleUrl>#PolyStyle00</styleUrl>
      <MultiGeometry>
        <Polygon>
          <extrude>0</extrude><altitudeMode>clampToGround</altitudeMode>
          <outerBoundaryIs><LinearRing><coordinates> -121.9649721928089,47.5601892592933,0 -121.965171755988,47.56004170252186,0 -121.9649531620614,47.55975634499078,0 -121.9646667234699,47.55945859201074,0 -121.9640533948149,47.55922290446497,0 -121.9638174922066,47.55902920508504,0 -121.9643063390369,47.5588675061843,0 -121.9651552865554,47.55883945266482,0 -121.9657694665984,47.55911433472644,0 -121.966918784488,47.55923529160744,0 -121.9669134720067,47.55836753948782,0 -121.9660356542732,47.55836189505693,0 -121.9630889366705,47.55834290109436,0 -121.9629917391762,47.55834227315299,0 -121.9623318138649,47.55833800844938,0 -121.9623357332456,47.55961868448964,0 -121.9624596546999,47.55963083700986,0 -121.9626539714751,47.55968772020816,0 -121.9629581463272,47.55991341831027,0 -121.9631158410953,47.56006215269688,0 -121.96370721462,47.56017806604906,0 -121.9649721928089,47.5601892592933,0</coordinates></LinearRing></outerBoundaryIs>
        </Polygon>
      </MultiGeometry>
    </Placemark>
    <Placemark id="ID_00028">
      <name>2621069075</name>
      <snippet></snippet>
      <description><![CDATA[<html xmlns:fo="http://www.w3.org/1999/XSL/Format" xmlns:msxsl="urn:schemas-microsoft-com:xslt">
<head>
<META http-equiv="Content-Type" content="text/html">
<meta http-equiv="content-type" content="text/html; charset=UTF-8">
</head>
<body style="margin:0px 0px 0px 0px;overflow:auto;background:#FFFFFF;">
<table style="font-family:Arial,Verdana,Times;font-size:12px;text-align:left;width:100%;border-collapse:collapse;padding:3px 3px 3px 3px">
<tr style="text-align:center;font-weight:bold;background:#9CBCE2">
<td>2621069075</td>
</tr>
<tr>
<td>
<table style="font-family:Arial,Verdana,Times;font-size:12px;text-align:left;width:100%;border-spacing:0px; padding:3px 3px 3px 3px">
<tr>
<td>FID</td>
<td>28</td>
</tr>
<tr bgcolor="#D4E4F3">
<td>PIN</td>
<td>2621069075</td>
</tr>
<tr>
<td>ID</td>
<td>78</td>
</tr>
<tr bgcolor="#D4E4F3">
<td>AU</td>
<td>1</td>
</tr>
<tr>
<td>NOTES</td>
<td></td>
</tr>
<tr bgcolor="#D4E4F3">
<td>INSIDE_X</td>
<td>1349374.07663</td>
</tr>
<tr>
<td>INSIDE_Y</td>
<td>102121.074696</td>
</tr>
<tr bgcolor="#D4E4F3">
<td>PolygonID</td>
<td>21056</td>
</tr>
<tr>
<td>GIS_Acres</td>
<td>0.430187</td>
</tr>
</table>
</td>
</tr>
</table>
</body><script type="text/javascript">
				function changeImage(attElement, nameElement) {
				document.getElementById('imageAttachment').src = attElement;
				document.getElementById('imageName').innerHTML = nameElement;}
			</script></html>
]]></description>
      <styleUrl>#PolyStyle00</styleUrl>
      <MultiGeometry>
        <Polygon>
          <extrude>0</extrude><altitudeMode>clampToGround</altitudeMode>
          <outerBoundaryIs><LinearRing><coordinates> -122.0050708657549,47.27397598250111,0 -122.006306770169,47.2739512980426,0 -122.006308010348,47.2738543020377,0 -122.0063082086416,47.27383890177651,0 -122.0063091039427,47.27376864346697,0 -122.0060514805813,47.27378339752586,0 -122.0059250669961,47.27379086235484,0 -122.0056721020018,47.27379963931297,0 -122.0055093927066,47.27380132631375,0 -122.0052656047411,47.27381616092149,0 -122.0050845411225,47.27380573015106,0 -122.0050730560664,47.2738068710327,0 -122.0050708657549,47.27397598250111,0</coordinates></LinearRing></outerBoundaryIs>
        </Polygon>
      </MultiGeometry>
    </Placemark>
    <Placemark id="ID_00029">
      <name>2621069078</name>
      <snippet></snippet>
      <description><![CDATA[<html xmlns:fo="http://www.w3.org/1999/XSL/Format" xmlns:msxsl="urn:schemas-microsoft-com:xslt">
<head>
<META http-equiv="Content-Type" content="text/html">
<meta http-equiv="content-type" content="text/html; charset=UTF-8">
</head>
<body style="margin:0px 0px 0px 0px;overflow:auto;background:#FFFFFF;">
<table style="font-family:Arial,Verdana,Times;font-size:12px;text-align:left;width:100%;border-collapse:collapse;padding:3px 3px 3px 3px">
<tr style="text-align:center;font-weight:bold;background:#9CBCE2">
<td>2621069078</td>
</tr>
<tr>
<td>
<table style="font-family:Arial,Verdana,Times;font-size:12px;text-align:left;width:100%;border-spacing:0px; padding:3px 3px 3px 3px">
<tr>
<td>FID</td>
<td>29</td>
</tr>
<tr bgcolor="#D4E4F3">
<td>PIN</td>
<td>2621069078</td>
</tr>
<tr>
<td>ID</td>
<td>77</td>
</tr>
<tr bgcolor="#D4E4F3">
<td>AU</td>
<td>2</td>
</tr>
<tr>
<td>NOTES</td>
<td></td>
</tr>
<tr bgcolor="#D4E4F3">
<td>INSIDE_X</td>
<td>1349499.59705</td>
</tr>
<tr>
<td>INSIDE_Y</td>
<td>101217.750912</td>
</tr>
<tr bgcolor="#D4E4F3">
<td>PolygonID</td>
<td>21057</td>
</tr>
<tr>
<td>GIS_Acres</td>
<td>6.177862</td>
</tr>
</table>
</td>
</tr>
</table>
</body><script type="text/javascript">
				function changeImage(attElement, nameElement) {
				document.getElementById('imageAttachment').src = attElement;
				document.getElementById('imageName').innerHTML = nameElement;}
			</script></html>
]]></description>
      <styleUrl>#PolyStyle00</styleUrl>
      <MultiGeometry>
        <Polygon>
          <extrude>0</extrude><altitudeMode>clampToGround</altitudeMode>
          <outerBoundaryIs><LinearRing><coordinates> -122.006331796331,47.27199102383643,0 -122.0063466533925,47.27082766743999,0 -122.0063466692914,47.27082631197914,0 -122.0063477043167,47.27074524165218,0 -122.0063477215301,47.27074388587795,0 -122.0050002286671,47.27079658735828,0 -122.0041931479424,47.27082814554831,0 -122.0039419120733,47.2708379678633,0 -122.0039408313739,47.27092029524957,0 -122.0039408118079,47.27092178507761,0 -122.003925857604,47.27206213577893,0 -122.0050960988036,47.27202755464329,0 -122.006331796331,47.27199102383643,0</coordinates></LinearRing></outerBoundaryIs>
        </Polygon>
      </MultiGeometry>
    </Placemark>
    <Placemark id="ID_00030">
      <name>2621069075</name>
      <snippet></snippet>
      <description><![CDATA[<html xmlns:fo="http://www.w3.org/1999/XSL/Format" xmlns:msxsl="urn:schemas-microsoft-com:xslt">
<head>
<META http-equiv="Content-Type" content="text/html">
<meta http-equiv="content-type" content="text/html; charset=UTF-8">
</head>
<body style="margin:0px 0px 0px 0px;overflow:auto;background:#FFFFFF;">
<table style="font-family:Arial,Verdana,Times;font-size:12px;text-align:left;width:100%;border-collapse:collapse;padding:3px 3px 3px 3px">
<tr style="text-align:center;font-weight:bold;background:#9CBCE2">
<td>2621069075</td>
</tr>
<tr>
<td>
<table style="font-family:Arial,Verdana,Times;font-size:12px;text-align:left;width:100%;border-spacing:0px; padding:3px 3px 3px 3px">
<tr>
<td>FID</td>
<td>30</td>
</tr>
<tr bgcolor="#D4E4F3">
<td>PIN</td>
<td>2621069075</td>
</tr>
<tr>
<td>ID</td>
<td>78</td>
</tr>
<tr bgcolor="#D4E4F3">
<td>AU</td>
<td>1</td>
</tr>
<tr>
<td>NOTES</td>
<td></td>
</tr>
<tr bgcolor="#D4E4F3">
<td>INSIDE_X</td>
<td>1349369.81591</td>
</tr>
<tr>
<td>INSIDE_Y</td>
<td>101890.034577</td>
</tr>
<tr bgcolor="#D4E4F3">
<td>PolygonID</td>
<td>21058</td>
</tr>
<tr>
<td>GIS_Acres</td>
<td>2.794452</td>
</tr>
</table>
</td>
</tr>
</table>
</body><script type="text/javascript">
				function changeImage(attElement, nameElement) {
				document.getElementById('imageAttachment').src = attElement;
				document.getElementById('imageName').innerHTML = nameElement;}
			</script></html>
]]></description>
      <styleUrl>#PolyStyle00</styleUrl>
      <MultiGeometry>
        <Polygon>
          <extrude>0</extrude><altitudeMode>clampToGround</altitudeMode>
          <outerBoundaryIs><LinearRing><coordinates> -122.0050730560664,47.2738068710327,0 -122.0050845411225,47.27380573015106,0 -122.0052656047411,47.27381616092149,0 -122.0055093927066,47.27380132631375,0 -122.0056721020018,47.27379963931297,0 -122.0059250669961,47.27379086235484,0 -122.0060514805813,47.27378339752586,0 -122.0063091039427,47.27376864346697,0 -122.0063110133038,47.2736187902666,0 -122.0063204689225,47.27287815085373,0 -122.0060932121538,47.27273230495135,0 -122.0059626249389,47.27255183058732,0 -122.0056263188639,47.27260316790233,0 -122.0052582938779,47.27280795143911,0 -122.0050838616691,47.27297254977174,0 -122.0050730560664,47.2738068710327,0</coordinates></LinearRing></outerBoundaryIs>
        </Polygon>
      </MultiGeometry>
    </Placemark>
    <Placemark id="ID_00031">
      <name>2621069075</name>
      <snippet></snippet>
      <description><![CDATA[<html xmlns:fo="http://www.w3.org/1999/XSL/Format" xmlns:msxsl="urn:schemas-microsoft-com:xslt">
<head>
<META http-equiv="Content-Type" content="text/html">
<meta http-equiv="content-type" content="text/html; charset=UTF-8">
</head>
<body style="margin:0px 0px 0px 0px;overflow:auto;background:#FFFFFF;">
<table style="font-family:Arial,Verdana,Times;font-size:12px;text-align:left;width:100%;border-collapse:collapse;padding:3px 3px 3px 3px">
<tr style="text-align:center;font-weight:bold;background:#9CBCE2">
<td>2621069075</td>
</tr>
<tr>
<td>
<table style="font-family:Arial,Verdana,Times;font-size:12px;text-align:left;width:100%;border-spacing:0px; padding:3px 3px 3px 3px">
<tr>
<td>FID</td>
<td>31</td>
</tr>
<tr bgcolor="#D4E4F3">
<td>PIN</td>
<td>2621069075</td>
</tr>
<tr>
<td>ID</td>
<td>77</td>
</tr>
<tr bgcolor="#D4E4F3">
<td>AU</td>
<td>2</td>
</tr>
<tr>
<td>NOTES</td>
<td></td>
</tr>
<tr bgcolor="#D4E4F3">
<td>INSIDE_X</td>
<td>1349364.36112</td>
</tr>
<tr>
<td>INSIDE_Y</td>
<td>101598.283711</td>
</tr>
<tr bgcolor="#D4E4F3">
<td>PolygonID</td>
<td>21059</td>
</tr>
<tr>
<td>GIS_Acres</td>
<td>1.401206</td>
</tr>
</table>
</td>
</tr>
</table>
</body><script type="text/javascript">
				function changeImage(attElement, nameElement) {
				document.getElementById('imageAttachment').src = attElement;
				document.getElementById('imageName').innerHTML = nameElement;}
			</script></html>
]]></description>
      <styleUrl>#PolyStyle00</styleUrl>
      <MultiGeometry>
        <Polygon>
          <extrude>0</extrude><altitudeMode>clampToGround</altitudeMode>
          <outerBoundaryIs><LinearRing><coordinates> -122.0050838616691,47.27297254977174,0 -122.0052582938779,47.27280795143911,0 -122.0056263188639,47.27260316790231,0 -122.0059626249389,47.27255183058732,0 -122.0060932121538,47.27273230495134,0 -122.0063204689225,47.27287815085373,0 -122.0063292536245,47.27219007274124,0 -122.0063297636992,47.27215006342637,0 -122.0061320704704,47.27213338516125,0 -122.0056801162143,47.27213807251766,0 -122.005373337008,47.27216586709978,0 -122.0050925833964,47.27229913099506,0 -122.0050838616691,47.27297254977174,0</coordinates></LinearRing></outerBoundaryIs>
        </Polygon>
      </MultiGeometry>
    </Placemark>
    <Placemark id="ID_00032">
      <name>2621069076</name>
      <snippet></snippet>
      <description><![CDATA[<html xmlns:fo="http://www.w3.org/1999/XSL/Format" xmlns:msxsl="urn:schemas-microsoft-com:xslt">
<head>
<META http-equiv="Content-Type" content="text/html">
<meta http-equiv="content-type" content="text/html; charset=UTF-8">
</head>
<body style="margin:0px 0px 0px 0px;overflow:auto;background:#FFFFFF;">
<table style="font-family:Arial,Verdana,Times;font-size:12px;text-align:left;width:100%;border-collapse:collapse;padding:3px 3px 3px 3px">
<tr style="text-align:center;font-weight:bold;background:#9CBCE2">
<td>2621069076</td>
</tr>
<tr>
<td>
<table style="font-family:Arial,Verdana,Times;font-size:12px;text-align:left;width:100%;border-spacing:0px; padding:3px 3px 3px 3px">
<tr>
<td>FID</td>
<td>32</td>
</tr>
<tr bgcolor="#D4E4F3">
<td>PIN</td>
<td>2621069076</td>
</tr>
<tr>
<td>ID</td>
<td>77</td>
</tr>
<tr bgcolor="#D4E4F3">
<td>AU</td>
<td>2</td>
</tr>
<tr>
<td>NOTES</td>
<td></td>
</tr>
<tr bgcolor="#D4E4F3">
<td>INSIDE_X</td>
<td>1349715.84286</td>
</tr>
<tr>
<td>INSIDE_Y</td>
<td>101588.250434</td>
</tr>
<tr bgcolor="#D4E4F3">
<td>PolygonID</td>
<td>21060</td>
</tr>
<tr>
<td>GIS_Acres</td>
<td>0.945079</td>
</tr>
</table>
</td>
</tr>
</table>
</body><script type="text/javascript">
				function changeImage(attElement, nameElement) {
				document.getElementById('imageAttachment').src = attElement;
				document.getElementById('imageName').innerHTML = nameElement;}
			</script></html>
]]></description>
      <styleUrl>#PolyStyle00</styleUrl>
      <MultiGeometry>
        <Polygon>
          <extrude>0</extrude><altitudeMode>clampToGround</altitudeMode>
          <outerBoundaryIs><LinearRing><coordinates> -122.0038429403131,47.27279100557874,0 -122.0038427105999,47.27280852005364,0 -122.0038507122319,47.27280931335468,0 -122.0041307906747,47.27280025965643,0 -122.0042645699314,47.27271810983848,0 -122.0044040428888,47.27262102973502,0 -122.0047274736098,47.2723940921198,0 -122.0049417990983,47.27227495188665,0 -122.0050942115864,47.27217335513741,0 -122.0050943218513,47.27216481024283,0 -122.0050944299482,47.27215645156551,0 -122.004975341034,47.27215768575485,0 -122.0047404608231,47.27216627239287,0 -122.0044334058409,47.27218176077198,0 -122.0042439978785,47.27220218365565,0 -122.0041730595714,47.27226445442385,0 -122.0040280208942,47.27224749614088,0 -122.0038561707651,47.27218367004657,0 -122.0038509322862,47.27218172444765,0 -122.0038509059465,47.2721837332643,0 -122.0038506722661,47.27220155912579,0 -122.0038503131117,47.27222901297288,0 -122.0038429403131,47.27279100557874,0</coordinates></LinearRing></outerBoundaryIs>
        </Polygon>
      </MultiGeometry>
    </Placemark>
    <Placemark id="ID_00033">
      <name>2924069031</name>
      <snippet></snippet>
      <description><![CDATA[<html xmlns:fo="http://www.w3.org/1999/XSL/Format" xmlns:msxsl="urn:schemas-microsoft-com:xslt">
<head>
<META http-equiv="Content-Type" content="text/html">
<meta http-equiv="content-type" content="text/html; charset=UTF-8">
</head>
<body style="margin:0px 0px 0px 0px;overflow:auto;background:#FFFFFF;">
<table style="font-family:Arial,Verdana,Times;font-size:12px;text-align:left;width:100%;border-collapse:collapse;padding:3px 3px 3px 3px">
<tr style="text-align:center;font-weight:bold;background:#9CBCE2">
<td>2924069031</td>
</tr>
<tr>
<td>
<table style="font-family:Arial,Verdana,Times;font-size:12px;text-align:left;width:100%;border-spacing:0px; padding:3px 3px 3px 3px">
<tr>
<td>FID</td>
<td>33</td>
</tr>
<tr bgcolor="#D4E4F3">
<td>PIN</td>
<td>2924069031</td>
</tr>
<tr>
<td>ID</td>
<td>0</td>
</tr>
<tr bgcolor="#D4E4F3">
<td>AU</td>
<td>4</td>
</tr>
<tr>
<td>NOTES</td>
<td></td>
</tr>
<tr bgcolor="#D4E4F3">
<td>INSIDE_X</td>
<td>1333727.83642</td>
</tr>
<tr>
<td>INSIDE_Y</td>
<td>198907.737132</td>
</tr>
<tr bgcolor="#D4E4F3">
<td>PolygonID</td>
<td>21062</td>
</tr>
<tr>
<td>GIS_Acres</td>
<td>9.328088</td>
</tr>
</table>
</td>
</tr>
</table>
</body><script type="text/javascript">
				function changeImage(attElement, nameElement) {
				document.getElementById('imageAttachment').src = attElement;
				document.getElementById('imageName').innerHTML = nameElement;}
			</script></html>
]]></description>
      <styleUrl>#PolyStyle00</styleUrl>
      <MultiGeometry>
        <Polygon>
          <extrude>0</extrude><altitudeMode>clampToGround</altitudeMode>
          <outerBoundaryIs><LinearRing><coordinates> -122.0737077348418,47.53816376086477,0 -122.0737037294337,47.53830080945252,0 -122.0736997279246,47.53843785529864,0 -122.0736957224745,47.53857490388611,0 -122.0736917169819,47.53871195157416,0 -122.0736873084309,47.53886270567703,0 -122.0736833068353,47.53899975152255,0 -122.0736792999494,47.53913679922458,0 -122.0736752983761,47.53927384776782,0 -122.0736722159956,47.53937925074116,0 -122.0763146972024,47.53937820972973,0 -122.0763428448696,47.53847109001632,0 -122.0763628482528,47.53782641462316,0 -122.076370991364,47.53756396220181,0 -122.0761623691563,47.53756414516609,0 -122.0761522470712,47.53756415368854,0 -122.0761506389702,47.53756415509535,0 -122.0757723204768,47.53756448543383,0 -122.0756798145123,47.53768848020318,0 -122.0752665299326,47.53800592916408,0 -122.0751419853117,47.53814699174055,0 -122.0750311442404,47.53817055520577,0 -122.0748475168191,47.53808315264956,0 -122.0748896965762,47.5379485784055,0 -122.075077444439,47.53768947623478,0 -122.0751260780029,47.53765262239273,0 -122.0750737254957,47.53756509211441,0 -122.0746848003593,47.53756542779613,0 -122.0742923393816,47.53756576518033,0 -122.0741748144393,47.53756586595955,0 -122.0740535515201,47.53756597003851,0 -122.0740468141078,47.53756597594298,0 -122.0738776745425,47.53756611902199,0 -122.0738169327685,47.53756628017974,0 -122.0737764390243,47.53756630843089,0 -122.0737251935968,47.53756634698409,0 -122.0737221899383,47.53766913319696,0 -122.0737191471782,47.53777329075763,0 -122.073717544219,47.53782810912249,0 -122.0737168242807,47.53785277737136,0 -122.0737137409329,47.53795818845432,0 -122.0737125423575,47.53799930218795,0 -122.0737117402502,47.53802671317621,0 -122.0737077348418,47.53816376086477,0</coordinates></LinearRing></outerBoundaryIs>
        </Polygon>
      </MultiGeometry>
    </Placemark>
    <Placemark id="ID_00034">
      <name>1924079001</name>
      <snippet></snippet>
      <description><![CDATA[<html xmlns:fo="http://www.w3.org/1999/XSL/Format" xmlns:msxsl="urn:schemas-microsoft-com:xslt">
<head>
<META http-equiv="Content-Type" content="text/html">
<meta http-equiv="content-type" content="text/html; charset=UTF-8">
</head>
<body style="margin:0px 0px 0px 0px;overflow:auto;background:#FFFFFF;">
<table style="font-family:Arial,Verdana,Times;font-size:12px;text-align:left;width:100%;border-collapse:collapse;padding:3px 3px 3px 3px">
<tr style="text-align:center;font-weight:bold;background:#9CBCE2">
<td>1924079001</td>
</tr>
<tr>
<td>
<table style="font-family:Arial,Verdana,Times;font-size:12px;text-align:left;width:100%;border-spacing:0px; padding:3px 3px 3px 3px">
<tr>
<td>FID</td>
<td>34</td>
</tr>
<tr bgcolor="#D4E4F3">
<td>PIN</td>
<td>1924079001</td>
</tr>
<tr>
<td>ID</td>
<td>0</td>
</tr>
<tr bgcolor="#D4E4F3">
<td>AU</td>
<td>3</td>
</tr>
<tr>
<td>NOTES</td>
<td></td>
</tr>
<tr bgcolor="#D4E4F3">
<td>INSIDE_X</td>
<td>1363872.83324</td>
</tr>
<tr>
<td>INSIDE_Y</td>
<td>204613.604389</td>
</tr>
<tr bgcolor="#D4E4F3">
<td>PolygonID</td>
<td>21064</td>
</tr>
<tr>
<td>GIS_Acres</td>
<td>1.204222</td>
</tr>
</table>
</td>
</tr>
</table>
</body><script type="text/javascript">
				function changeImage(attElement, nameElement) {
				document.getElementById('imageAttachment').src = attElement;
				document.getElementById('imageName').innerHTML = nameElement;}
			</script></html>
]]></description>
      <styleUrl>#PolyStyle00</styleUrl>
      <MultiGeometry>
        <Polygon>
          <extrude>0</extrude><altitudeMode>clampToGround</altitudeMode>
          <outerBoundaryIs><LinearRing><coordinates> -121.9535185062278,47.55596167091388,0 -121.9535121733305,47.55464003505208,0 -121.9531290760496,47.55463860043776,0 -121.9531291715518,47.55465250087938,0 -121.953144907598,47.55638814313541,0 -121.9531455917195,47.55646391665071,0 -121.9534024506503,47.5564664306458,0 -121.9534928009656,47.55646731775516,0 -121.9532496094627,47.5563564034202,0 -121.9532043264623,47.55622287039355,0 -121.9532721172213,47.55608822429284,0 -121.9533698220241,47.55602984176348,0 -121.9535185062278,47.55596167091388,0</coordinates></LinearRing></outerBoundaryIs>
        </Polygon>
      </MultiGeometry>
    </Placemark>
    <Placemark id="ID_00035">
      <name>2621069077</name>
      <snippet></snippet>
      <description><![CDATA[<html xmlns:fo="http://www.w3.org/1999/XSL/Format" xmlns:msxsl="urn:schemas-microsoft-com:xslt">
<head>
<META http-equiv="Content-Type" content="text/html">
<meta http-equiv="content-type" content="text/html; charset=UTF-8">
</head>
<body style="margin:0px 0px 0px 0px;overflow:auto;background:#FFFFFF;">
<table style="font-family:Arial,Verdana,Times;font-size:12px;text-align:left;width:100%;border-collapse:collapse;padding:3px 3px 3px 3px">
<tr style="text-align:center;font-weight:bold;background:#9CBCE2">
<td>2621069077</td>
</tr>
<tr>
<td>
<table style="font-family:Arial,Verdana,Times;font-size:12px;text-align:left;width:100%;border-spacing:0px; padding:3px 3px 3px 3px">
<tr>
<td>FID</td>
<td>35</td>
</tr>
<tr bgcolor="#D4E4F3">
<td>PIN</td>
<td>2621069077</td>
</tr>
<tr>
<td>ID</td>
<td>77</td>
</tr>
<tr bgcolor="#D4E4F3">
<td>AU</td>
<td>1</td>
</tr>
<tr>
<td>NOTES</td>
<td></td>
</tr>
<tr bgcolor="#D4E4F3">
<td>INSIDE_X</td>
<td>1349995.24111</td>
</tr>
<tr>
<td>INSIDE_Y</td>
<td>101939.722334</td>
</tr>
<tr bgcolor="#D4E4F3">
<td>PolygonID</td>
<td>21067</td>
</tr>
<tr>
<td>GIS_Acres</td>
<td>3.139549</td>
</tr>
</table>
</td>
</tr>
</table>
</body><script type="text/javascript">
				function changeImage(attElement, nameElement) {
				document.getElementById('imageAttachment').src = attElement;
				document.getElementById('imageName').innerHTML = nameElement;}
			</script></html>
]]></description>
      <styleUrl>#PolyStyle00</styleUrl>
      <MultiGeometry>
        <Polygon>
          <extrude>0</extrude><altitudeMode>clampToGround</altitudeMode>
          <outerBoundaryIs><LinearRing><coordinates> -122.0025931052972,47.27268028302549,0 -122.0025928986755,47.27269582548229,0 -122.0025880278838,47.27306217974566,0 -122.002585647058,47.27324130032225,0 -122.0025773010356,47.27386913687383,0 -122.002577065071,47.27388686010088,0 -122.0025755968422,47.27399727577473,0 -122.0025752182343,47.27402578316802,0 -122.0032230139119,47.27401286255321,0 -122.0032856507866,47.27401161286404,0 -122.0038270706216,47.2740008106889,0 -122.0038277438706,47.2739493252757,0 -122.0038291997853,47.27383841764196,0 -122.0038292191914,47.27383690892938,0 -122.0038416119669,47.2728923183646,0 -122.003841612995,47.27289225808093,0 -122.003670826524,47.27287857212836,0 -122.0034650089026,47.27284848119144,0 -122.003322778675,47.27283921360803,0 -122.0031644118605,47.27281400128906,0 -122.0029740119114,47.27276763931557,0 -122.0028076371832,47.27273713913755,0 -122.0027122570096,47.27270590534606,0 -122.0025931052972,47.27268028302549,0</coordinates></LinearRing></outerBoundaryIs>
        </Polygon>
      </MultiGeometry>
    </Placemark>
    <Placemark id="ID_00036">
      <name>2621069077</name>
      <snippet></snippet>
      <description><![CDATA[<html xmlns:fo="http://www.w3.org/1999/XSL/Format" xmlns:msxsl="urn:schemas-microsoft-com:xslt">
<head>
<META http-equiv="Content-Type" content="text/html">
<meta http-equiv="content-type" content="text/html; charset=UTF-8">
</head>
<body style="margin:0px 0px 0px 0px;overflow:auto;background:#FFFFFF;">
<table style="font-family:Arial,Verdana,Times;font-size:12px;text-align:left;width:100%;border-collapse:collapse;padding:3px 3px 3px 3px">
<tr style="text-align:center;font-weight:bold;background:#9CBCE2">
<td>2621069077</td>
</tr>
<tr>
<td>
<table style="font-family:Arial,Verdana,Times;font-size:12px;text-align:left;width:100%;border-spacing:0px; padding:3px 3px 3px 3px">
<tr>
<td>FID</td>
<td>36</td>
</tr>
<tr bgcolor="#D4E4F3">
<td>PIN</td>
<td>2621069077</td>
</tr>
<tr>
<td>ID</td>
<td>83</td>
</tr>
<tr bgcolor="#D4E4F3">
<td>AU</td>
<td>2</td>
</tr>
<tr>
<td>NOTES</td>
<td></td>
</tr>
<tr bgcolor="#D4E4F3">
<td>INSIDE_X</td>
<td>1349969.07895</td>
</tr>
<tr>
<td>INSIDE_Y</td>
<td>101595.922335</td>
</tr>
<tr bgcolor="#D4E4F3">
<td>PolygonID</td>
<td>21068</td>
</tr>
<tr>
<td>GIS_Acres</td>
<td>1.328491</td>
</tr>
</table>
</td>
</tr>
</table>
</body><script type="text/javascript">
				function changeImage(attElement, nameElement) {
				document.getElementById('imageAttachment').src = attElement;
				document.getElementById('imageName').innerHTML = nameElement;}
			</script></html>
]]></description>
      <styleUrl>#PolyStyle00</styleUrl>
      <MultiGeometry>
        <Polygon>
          <extrude>0</extrude><altitudeMode>clampToGround</altitudeMode>
          <outerBoundaryIs><LinearRing><coordinates> -122.0037472432013,47.27279187754591,0 -122.0038429403131,47.27279100557874,0 -122.0038503131117,47.27222901297289,0 -122.0038506722661,47.27220155912579,0 -122.0038509059465,47.27218373326431,0 -122.0037184554245,47.27218532765497,0 -122.0036797336336,47.2722179497412,0 -122.0035136001542,47.27219818853504,0 -122.003205718094,47.27219063432047,0 -122.0029458854806,47.27221480344411,0 -122.0027489182399,47.27222758133291,0 -122.0025989795865,47.27223827792253,0 -122.0025989762123,47.27223853404747,0 -122.0025986123772,47.27226598523363,0 -122.002594321366,47.27258877093795,0 -122.0027579091216,47.2726302502608,0 -122.0029640851841,47.27267644938495,0 -122.0032496240775,47.27274330687374,0 -122.0034947632842,47.2727676210233,0 -122.0036528901723,47.27278209494709,0 -122.0037162875582,47.27279004449448,0 -122.0037472432013,47.27279187754591,0</coordinates></LinearRing></outerBoundaryIs>
        </Polygon>
      </MultiGeometry>
    </Placemark>
    <Placemark id="ID_00037">
      <name>2921079062</name>
      <snippet></snippet>
      <description><![CDATA[<html xmlns:fo="http://www.w3.org/1999/XSL/Format" xmlns:msxsl="urn:schemas-microsoft-com:xslt">
<head>
<META http-equiv="Content-Type" content="text/html">
<meta http-equiv="content-type" content="text/html; charset=UTF-8">
</head>
<body style="margin:0px 0px 0px 0px;overflow:auto;background:#FFFFFF;">
<table style="font-family:Arial,Verdana,Times;font-size:12px;text-align:left;width:100%;border-collapse:collapse;padding:3px 3px 3px 3px">
<tr style="text-align:center;font-weight:bold;background:#9CBCE2">
<td>2921079062</td>
</tr>
<tr>
<td>
<table style="font-family:Arial,Verdana,Times;font-size:12px;text-align:left;width:100%;border-spacing:0px; padding:3px 3px 3px 3px">
<tr>
<td>FID</td>
<td>37</td>
</tr>
<tr bgcolor="#D4E4F3">
<td>PIN</td>
<td>2921079062</td>
</tr>
<tr>
<td>ID</td>
<td>0</td>
</tr>
<tr bgcolor="#D4E4F3">
<td>AU</td>
<td>1</td>
</tr>
<tr>
<td>NOTES</td>
<td></td>
</tr>
<tr bgcolor="#D4E4F3">
<td>INSIDE_X</td>
<td>1365266.92389</td>
</tr>
<tr>
<td>INSIDE_Y</td>
<td>105589.132345</td>
</tr>
<tr bgcolor="#D4E4F3">
<td>PolygonID</td>
<td>21071</td>
</tr>
<tr>
<td>GIS_Acres</td>
<td>7.826791</td>
</tr>
</table>
</td>
</tr>
</table>
</body><script type="text/javascript">
				function changeImage(attElement, nameElement) {
				document.getElementById('imageAttachment').src = attElement;
				document.getElementById('imageName').innerHTML = nameElement;}
			</script></html>
]]></description>
      <styleUrl>#PolyStyle00</styleUrl>
      <MultiGeometry>
        <Polygon>
          <extrude>0</extrude><altitudeMode>clampToGround</altitudeMode>
          <outerBoundaryIs><LinearRing><coordinates> -121.941485257986,47.28267895399066,0 -121.9415381083749,47.28279681675954,0 -121.9415381554605,47.28279691794415,0 -121.941750627832,47.28327361079855,0 -121.9403814009554,47.28331967771055,0 -121.9401226871218,47.28332837903731,0 -121.9401940208332,47.28340449104336,0 -121.9417752987978,47.28509153857451,0 -121.9429732245599,47.28507096892901,0 -121.9430395198484,47.284896556825,0 -121.9430521602891,47.28482944353271,0 -121.9429472466855,47.28452423949992,0 -121.9429122324913,47.28419920952931,0 -121.9429169658905,47.28375895201584,0 -121.9429896869252,47.28323191608333,0 -121.9419183788016,47.2832679689518,0 -121.9417281586226,47.28284497206332,0 -121.9416784226689,47.28273436943721,0 -121.9416336459487,47.28263480034772,0 -121.941485257986,47.28267895399066,0</coordinates></LinearRing></outerBoundaryIs>
        </Polygon>
      </MultiGeometry>
    </Placemark>
    <Placemark id="ID_00038">
      <name>2921079039</name>
      <snippet></snippet>
      <description><![CDATA[<html xmlns:fo="http://www.w3.org/1999/XSL/Format" xmlns:msxsl="urn:schemas-microsoft-com:xslt">
<head>
<META http-equiv="Content-Type" content="text/html">
<meta http-equiv="content-type" content="text/html; charset=UTF-8">
</head>
<body style="margin:0px 0px 0px 0px;overflow:auto;background:#FFFFFF;">
<table style="font-family:Arial,Verdana,Times;font-size:12px;text-align:left;width:100%;border-collapse:collapse;padding:3px 3px 3px 3px">
<tr style="text-align:center;font-weight:bold;background:#9CBCE2">
<td>2921079039</td>
</tr>
<tr>
<td>
<table style="font-family:Arial,Verdana,Times;font-size:12px;text-align:left;width:100%;border-spacing:0px; padding:3px 3px 3px 3px">
<tr>
<td>FID</td>
<td>38</td>
</tr>
<tr bgcolor="#D4E4F3">
<td>PIN</td>
<td>2921079039</td>
</tr>
<tr>
<td>ID</td>
<td>0</td>
</tr>
<tr bgcolor="#D4E4F3">
<td>AU</td>
<td>1</td>
</tr>
<tr>
<td>NOTES</td>
<td>Cutblock</td>
</tr>
<tr bgcolor="#D4E4F3">
<td>INSIDE_X</td>
<td>1364032.92857</td>
</tr>
<tr>
<td>INSIDE_Y</td>
<td>105351.659851</td>
</tr>
<tr bgcolor="#D4E4F3">
<td>PolygonID</td>
<td>21072</td>
</tr>
<tr>
<td>GIS_Acres</td>
<td>0.356903</td>
</tr>
</table>
</td>
</tr>
</table>
</body><script type="text/javascript">
				function changeImage(attElement, nameElement) {
				document.getElementById('imageAttachment').src = attElement;
				document.getElementById('imageName').innerHTML = nameElement;}
			</script></html>
]]></description>
      <styleUrl>#PolyStyle00</styleUrl>
      <MultiGeometry>
        <Polygon>
          <extrude>0</extrude><altitudeMode>clampToGround</altitudeMode>
          <outerBoundaryIs><LinearRing><coordinates> -121.9464221517352,47.28321992820948,0 -121.9464215290526,47.28322688057639,0 -121.9464255966963,47.28341823657686,0 -121.9464979332291,47.28351322301506,0 -121.9467923896499,47.28347204489727,0 -121.9469723271818,47.28333629535226,0 -121.9474747849845,47.2833165741458,0 -121.947589271845,47.28321971613243,0 -121.9465719465965,47.28325262937949,0 -121.9464221517352,47.28321992820948,0</coordinates></LinearRing></outerBoundaryIs>
        </Polygon>
      </MultiGeometry>
    </Placemark>
    <Placemark id="ID_00039">
      <name>2921079039</name>
      <snippet></snippet>
      <description><![CDATA[<html xmlns:fo="http://www.w3.org/1999/XSL/Format" xmlns:msxsl="urn:schemas-microsoft-com:xslt">
<head>
<META http-equiv="Content-Type" content="text/html">
<meta http-equiv="content-type" content="text/html; charset=UTF-8">
</head>
<body style="margin:0px 0px 0px 0px;overflow:auto;background:#FFFFFF;">
<table style="font-family:Arial,Verdana,Times;font-size:12px;text-align:left;width:100%;border-collapse:collapse;padding:3px 3px 3px 3px">
<tr style="text-align:center;font-weight:bold;background:#9CBCE2">
<td>2921079039</td>
</tr>
<tr>
<td>
<table style="font-family:Arial,Verdana,Times;font-size:12px;text-align:left;width:100%;border-spacing:0px; padding:3px 3px 3px 3px">
<tr>
<td>FID</td>
<td>39</td>
</tr>
<tr bgcolor="#D4E4F3">
<td>PIN</td>
<td>2921079039</td>
</tr>
<tr>
<td>ID</td>
<td>0</td>
</tr>
<tr bgcolor="#D4E4F3">
<td>AU</td>
<td>2</td>
</tr>
<tr>
<td>NOTES</td>
<td></td>
</tr>
<tr bgcolor="#D4E4F3">
<td>INSIDE_X</td>
<td>1364347.74822</td>
</tr>
<tr>
<td>INSIDE_Y</td>
<td>105592.494594</td>
</tr>
<tr bgcolor="#D4E4F3">
<td>PolygonID</td>
<td>21073</td>
</tr>
<tr>
<td>GIS_Acres</td>
<td>6.655123</td>
</tr>
</table>
</td>
</tr>
</table>
</body><script type="text/javascript">
				function changeImage(attElement, nameElement) {
				document.getElementById('imageAttachment').src = attElement;
				document.getElementById('imageName').innerHTML = nameElement;}
			</script></html>
]]></description>
      <styleUrl>#PolyStyle00</styleUrl>
      <MultiGeometry>
        <Polygon>
          <extrude>0</extrude><altitudeMode>clampToGround</altitudeMode>
          <outerBoundaryIs><LinearRing><coordinates> -121.9446126075343,47.28407379846091,0 -121.9445053526076,47.28438453293322,0 -121.9444543884621,47.28463384891818,0 -121.944289313081,47.28480772755602,0 -121.94409798639,47.28504888812881,0 -121.944913940863,47.28503199789045,0 -121.9460792022921,47.284497238709,0 -121.9465294478768,47.28411633544387,0 -121.9471407089433,47.28359921020989,0 -121.9472885576361,47.28347412522059,0 -121.9474747849845,47.2833165741458,0 -121.9469723271818,47.28333629535226,0 -121.9467923896499,47.28347204489726,0 -121.9464979332291,47.28351322301506,0 -121.9464255966963,47.28341823657687,0 -121.9464215290526,47.28322688057638,0 -121.9464221517352,47.28321992820946,0 -121.9454750242805,47.28301315815611,0 -121.9454634892399,47.28301063984423,0 -121.9453506527357,47.28310951479033,0 -121.9451338037323,47.2833159565238,0 -121.9449332095331,47.28354374384142,0 -121.9447802382775,47.28378181653886,0 -121.9446126075343,47.28407379846091,0</coordinates></LinearRing></outerBoundaryIs>
        </Polygon>
      </MultiGeometry>
    </Placemark>
    <Placemark id="ID_00040">
      <name>2921079039</name>
      <snippet></snippet>
      <description><![CDATA[<html xmlns:fo="http://www.w3.org/1999/XSL/Format" xmlns:msxsl="urn:schemas-microsoft-com:xslt">
<head>
<META http-equiv="Content-Type" content="text/html">
<meta http-equiv="content-type" content="text/html; charset=UTF-8">
</head>
<body style="margin:0px 0px 0px 0px;overflow:auto;background:#FFFFFF;">
<table style="font-family:Arial,Verdana,Times;font-size:12px;text-align:left;width:100%;border-collapse:collapse;padding:3px 3px 3px 3px">
<tr style="text-align:center;font-weight:bold;background:#9CBCE2">
<td>2921079039</td>
</tr>
<tr>
<td>
<table style="font-family:Arial,Verdana,Times;font-size:12px;text-align:left;width:100%;border-spacing:0px; padding:3px 3px 3px 3px">
<tr>
<td>FID</td>
<td>40</td>
</tr>
<tr bgcolor="#D4E4F3">
<td>PIN</td>
<td>2921079039</td>
</tr>
<tr>
<td>ID</td>
<td>0</td>
</tr>
<tr bgcolor="#D4E4F3">
<td>AU</td>
<td>2</td>
</tr>
<tr>
<td>NOTES</td>
<td></td>
</tr>
<tr bgcolor="#D4E4F3">
<td>INSIDE_X</td>
<td>1364702.99015</td>
</tr>
<tr>
<td>INSIDE_Y</td>
<td>105532.575189</td>
</tr>
<tr bgcolor="#D4E4F3">
<td>PolygonID</td>
<td>21074</td>
</tr>
<tr>
<td>GIS_Acres</td>
<td>4.906717</td>
</tr>
</table>
</td>
</tr>
</table>
</body><script type="text/javascript">
				function changeImage(attElement, nameElement) {
				document.getElementById('imageAttachment').src = attElement;
				document.getElementById('imageName').innerHTML = nameElement;}
			</script></html>
]]></description>
      <styleUrl>#PolyStyle00</styleUrl>
      <MultiGeometry>
        <Polygon>
          <extrude>0</extrude><altitudeMode>clampToGround</altitudeMode>
          <outerBoundaryIs><LinearRing><coordinates> -121.9433128801721,47.2850651342075,0 -121.9433128812675,47.28506513418868,0 -121.94409798639,47.28504888812881,0 -121.944289313081,47.28480772755602,0 -121.9444543884621,47.28463384891818,0 -121.9445053526076,47.28438453293322,0 -121.9446126075343,47.28407379846091,0 -121.9445020124629,47.28407488520933,0 -121.9444995029289,47.28395662530856,0 -121.9445917891317,47.28383743391714,0 -121.9447440768595,47.28356710951163,0 -121.9449293297138,47.28336097913496,0 -121.9452538037202,47.2830136883474,0 -121.9452957593477,47.28297402262107,0 -121.9452396024943,47.28296176269686,0 -121.9439559934294,47.2826815190389,0 -121.9438149938771,47.28320413756844,0 -121.9438149935294,47.28320413758014,0 -121.9438149939631,47.2832041379793,0 -121.9437721772227,47.28336283421322,0 -121.9433128806186,47.28506513406594,0 -121.9433128801721,47.2850651342075,0</coordinates></LinearRing></outerBoundaryIs>
        </Polygon>
      </MultiGeometry>
    </Placemark>
    <Placemark id="ID_00041">
      <name>3421069007</name>
      <snippet></snippet>
      <description><![CDATA[<html xmlns:fo="http://www.w3.org/1999/XSL/Format" xmlns:msxsl="urn:schemas-microsoft-com:xslt">
<head>
<META http-equiv="Content-Type" content="text/html">
<meta http-equiv="content-type" content="text/html; charset=UTF-8">
</head>
<body style="margin:0px 0px 0px 0px;overflow:auto;background:#FFFFFF;">
<table style="font-family:Arial,Verdana,Times;font-size:12px;text-align:left;width:100%;border-collapse:collapse;padding:3px 3px 3px 3px">
<tr style="text-align:center;font-weight:bold;background:#9CBCE2">
<td>3421069007</td>
</tr>
<tr>
<td>
<table style="font-family:Arial,Verdana,Times;font-size:12px;text-align:left;width:100%;border-spacing:0px; padding:3px 3px 3px 3px">
<tr>
<td>FID</td>
<td>41</td>
</tr>
<tr bgcolor="#D4E4F3">
<td>PIN</td>
<td>3421069007</td>
</tr>
<tr>
<td>ID</td>
<td>0</td>
</tr>
<tr bgcolor="#D4E4F3">
<td>AU</td>
<td>4</td>
</tr>
<tr>
<td>NOTES</td>
<td></td>
</tr>
<tr bgcolor="#D4E4F3">
<td>INSIDE_X</td>
<td>1342132.90632</td>
</tr>
<tr>
<td>INSIDE_Y</td>
<td>99191.165164</td>
</tr>
<tr bgcolor="#D4E4F3">
<td>PolygonID</td>
<td>21079</td>
</tr>
<tr>
<td>GIS_Acres</td>
<td>8.541785</td>
</tr>
</table>
</td>
</tr>
</table>
</body><script type="text/javascript">
				function changeImage(attElement, nameElement) {
				document.getElementById('imageAttachment').src = attElement;
				document.getElementById('imageName').innerHTML = nameElement;}
			</script></html>
]]></description>
      <styleUrl>#PolyStyle00</styleUrl>
      <MultiGeometry>
        <Polygon>
          <extrude>0</extrude><altitudeMode>clampToGround</altitudeMode>
          <outerBoundaryIs><LinearRing><coordinates> -122.0328383915297,47.26480837734042,0 -122.0328338470832,47.26493543092445,0 -122.0341057824215,47.26569206529181,0 -122.0327830494936,47.26635557874319,0 -122.0327604905177,47.26698623006276,0 -122.0328943984231,47.26695941659563,0 -122.0329001553734,47.26694873739134,0 -122.032919702597,47.2668305059941,0 -122.0331155296325,47.26658352618843,0 -122.0332670158271,47.26638353050507,0 -122.0333917683005,47.26621882801583,0 -122.0337609583449,47.26600290850451,0 -122.0341905816397,47.2658111764741,0 -122.0343822007284,47.2657950319751,0 -122.0345976454308,47.26590340410623,0 -122.0349140995074,47.26619614102108,0 -122.0352742491274,47.26647740530085,0 -122.0353447643121,47.26654887983059,0 -122.0353512171384,47.26654909111976,0 -122.0355238349203,47.26662158202412,0 -122.0356093913896,47.26669925977573,0 -122.0357668765701,47.26664730675863,0 -122.0359869488766,47.26650116299538,0 -122.0361549551856,47.26634866103942,0 -122.0362697140536,47.26625490919082,0 -122.0362827069061,47.26601822570631,0 -122.0362575879067,47.26596473606636,0 -122.0362089617213,47.26576897303482,0 -122.0361332830829,47.26562626079408,0 -122.0359170839876,47.26555932393877,0 -122.0359532620877,47.26548267066996,0 -122.0360070454465,47.26539432586288,0 -122.0359481134281,47.26528727329672,0 -122.0358811313343,47.26514463404386,0 -122.0356491567466,47.2649887666338,0 -122.0350966472425,47.26476508197112,0 -122.0348199100703,47.26467987376494,0 -122.03455100788,47.26464208946993,0 -122.0342386306744,47.26460393812576,0 -122.0338994148291,47.26460699839204,0 -122.0334723861978,47.26465667554519,0 -122.0331324155273,47.26470116592046,0 -122.0328383915297,47.26480837734042,0</coordinates></LinearRing></outerBoundaryIs>
        </Polygon>
      </MultiGeometry>
    </Placemark>
    <Placemark id="ID_00042">
      <name>3421069007</name>
      <snippet></snippet>
      <description><![CDATA[<html xmlns:fo="http://www.w3.org/1999/XSL/Format" xmlns:msxsl="urn:schemas-microsoft-com:xslt">
<head>
<META http-equiv="Content-Type" content="text/html">
<meta http-equiv="content-type" content="text/html; charset=UTF-8">
</head>
<body style="margin:0px 0px 0px 0px;overflow:auto;background:#FFFFFF;">
<table style="font-family:Arial,Verdana,Times;font-size:12px;text-align:left;width:100%;border-collapse:collapse;padding:3px 3px 3px 3px">
<tr style="text-align:center;font-weight:bold;background:#9CBCE2">
<td>3421069007</td>
</tr>
<tr>
<td>
<table style="font-family:Arial,Verdana,Times;font-size:12px;text-align:left;width:100%;border-spacing:0px; padding:3px 3px 3px 3px">
<tr>
<td>FID</td>
<td>42</td>
</tr>
<tr bgcolor="#D4E4F3">
<td>PIN</td>
<td>3421069007</td>
</tr>
<tr>
<td>ID</td>
<td>0</td>
</tr>
<tr bgcolor="#D4E4F3">
<td>AU</td>
<td>4</td>
</tr>
<tr>
<td>NOTES</td>
<td></td>
</tr>
<tr bgcolor="#D4E4F3">
<td>INSIDE_X</td>
<td>1342531.05843</td>
</tr>
<tr>
<td>INSIDE_Y</td>
<td>99828.302885</td>
</tr>
<tr bgcolor="#D4E4F3">
<td>PolygonID</td>
<td>21080</td>
</tr>
<tr>
<td>GIS_Acres</td>
<td>0.711538</td>
</tr>
</table>
</td>
</tr>
</table>
</body><script type="text/javascript">
				function changeImage(attElement, nameElement) {
				document.getElementById('imageAttachment').src = attElement;
				document.getElementById('imageName').innerHTML = nameElement;}
			</script></html>
]]></description>
      <styleUrl>#PolyStyle00</styleUrl>
      <MultiGeometry>
        <Polygon>
          <extrude>0</extrude><altitudeMode>clampToGround</altitudeMode>
          <outerBoundaryIs><LinearRing><coordinates> -122.0327604905177,47.26698623006276,0 -122.0327414066934,47.26751971688211,0 -122.0335761523836,47.26753831968994,0 -122.033518039813,47.2674038568927,0 -122.0336264803095,47.26717981840435,0 -122.0334446290843,47.26713684585305,0 -122.0333042079065,47.26720669909513,0 -122.0332156361088,47.26729474909926,0 -122.0331740986951,47.26718784189845,0 -122.0329174384819,47.26695480307892,0 -122.0327604905177,47.26698623006276,0</coordinates></LinearRing></outerBoundaryIs>
        </Polygon>
      </MultiGeometry>
    </Placemark>
    <Placemark id="ID_00043">
      <name>3421069005</name>
      <snippet></snippet>
      <description><![CDATA[<html xmlns:fo="http://www.w3.org/1999/XSL/Format" xmlns:msxsl="urn:schemas-microsoft-com:xslt">
<head>
<META http-equiv="Content-Type" content="text/html">
<meta http-equiv="content-type" content="text/html; charset=UTF-8">
</head>
<body style="margin:0px 0px 0px 0px;overflow:auto;background:#FFFFFF;">
<table style="font-family:Arial,Verdana,Times;font-size:12px;text-align:left;width:100%;border-collapse:collapse;padding:3px 3px 3px 3px">
<tr style="text-align:center;font-weight:bold;background:#9CBCE2">
<td>3421069005</td>
</tr>
<tr>
<td>
<table style="font-family:Arial,Verdana,Times;font-size:12px;text-align:left;width:100%;border-spacing:0px; padding:3px 3px 3px 3px">
<tr>
<td>FID</td>
<td>43</td>
</tr>
<tr bgcolor="#D4E4F3">
<td>PIN</td>
<td>3421069005</td>
</tr>
<tr>
<td>ID</td>
<td>0</td>
</tr>
<tr bgcolor="#D4E4F3">
<td>AU</td>
<td>4</td>
</tr>
<tr>
<td>NOTES</td>
<td></td>
</tr>
<tr bgcolor="#D4E4F3">
<td>INSIDE_X</td>
<td>1342781.85745</td>
</tr>
<tr>
<td>INSIDE_Y</td>
<td>101124.791541</td>
</tr>
<tr bgcolor="#D4E4F3">
<td>PolygonID</td>
<td>21082</td>
</tr>
<tr>
<td>GIS_Acres</td>
<td>0.642927</td>
</tr>
</table>
</td>
</tr>
</table>
</body><script type="text/javascript">
				function changeImage(attElement, nameElement) {
				document.getElementById('imageAttachment').src = attElement;
				document.getElementById('imageName').innerHTML = nameElement;}
			</script></html>
]]></description>
      <styleUrl>#PolyStyle00</styleUrl>
      <MultiGeometry>
        <Polygon>
          <extrude>0</extrude><altitudeMode>clampToGround</altitudeMode>
          <outerBoundaryIs><LinearRing><coordinates> -122.0316164888295,47.27082056086414,0 -122.031796316642,47.27100194888826,0 -122.0319825663948,47.2710293388773,0 -122.0320967570554,47.27104115164757,0 -122.0322575248235,47.27105346076988,0 -122.0322936774306,47.27105622755877,0 -122.032618710183,47.27106791484989,0 -122.032633079909,47.27065238886005,0 -122.0324898910051,47.27073385113744,0 -122.0321684903364,47.27067259869197,0 -122.0319675771389,47.27068553609448,0 -122.0316164888295,47.27082056086414,0</coordinates></LinearRing></outerBoundaryIs>
        </Polygon>
      </MultiGeometry>
    </Placemark>
    <Placemark id="ID_00044">
      <name>3421069005</name>
      <snippet></snippet>
      <description><![CDATA[<html xmlns:fo="http://www.w3.org/1999/XSL/Format" xmlns:msxsl="urn:schemas-microsoft-com:xslt">
<head>
<META http-equiv="Content-Type" content="text/html">
<meta http-equiv="content-type" content="text/html; charset=UTF-8">
</head>
<body style="margin:0px 0px 0px 0px;overflow:auto;background:#FFFFFF;">
<table style="font-family:Arial,Verdana,Times;font-size:12px;text-align:left;width:100%;border-collapse:collapse;padding:3px 3px 3px 3px">
<tr style="text-align:center;font-weight:bold;background:#9CBCE2">
<td>3421069005</td>
</tr>
<tr>
<td>
<table style="font-family:Arial,Verdana,Times;font-size:12px;text-align:left;width:100%;border-spacing:0px; padding:3px 3px 3px 3px">
<tr>
<td>FID</td>
<td>44</td>
</tr>
<tr bgcolor="#D4E4F3">
<td>PIN</td>
<td>3421069005</td>
</tr>
<tr>
<td>ID</td>
<td>0</td>
</tr>
<tr bgcolor="#D4E4F3">
<td>AU</td>
<td>3</td>
</tr>
<tr>
<td>NOTES</td>
<td></td>
</tr>
<tr bgcolor="#D4E4F3">
<td>INSIDE_X</td>
<td>1343363.14103</td>
</tr>
<tr>
<td>INSIDE_Y</td>
<td>100821.819447</td>
</tr>
<tr bgcolor="#D4E4F3">
<td>PolygonID</td>
<td>21086</td>
</tr>
<tr>
<td>GIS_Acres</td>
<td>1.908081</td>
</tr>
</table>
</td>
</tr>
</table>
</body><script type="text/javascript">
				function changeImage(attElement, nameElement) {
				document.getElementById('imageAttachment').src = attElement;
				document.getElementById('imageName').innerHTML = nameElement;}
			</script></html>
]]></description>
      <styleUrl>#PolyStyle00</styleUrl>
      <MultiGeometry>
        <Polygon>
          <extrude>0</extrude><altitudeMode>clampToGround</altitudeMode>
          <outerBoundaryIs><LinearRing><coordinates> -122.0288853512009,47.26913001767691,0 -122.0290708353609,47.26948854926066,0 -122.0291755915221,47.26963952859862,0 -122.0292350380955,47.26971145011206,0 -122.0293165142498,47.26979552607058,0 -122.0294193973146,47.2698891939395,0 -122.0295414487521,47.26998076717783,0 -122.0297592349127,47.27011555202414,0 -122.0300061697702,47.27024292698808,0 -122.030247311744,47.27037220051016,0 -122.030286037968,47.27039218930892,0 -122.0303365832287,47.2704182489686,0 -122.0310150236014,47.2707708147336,0 -122.0310940852293,47.27080545669406,0 -122.0312256992727,47.27085876040206,0 -122.0313617782828,47.27090121500336,0 -122.0315659316684,47.27095583114682,0 -122.031627819669,47.27096913200244,0 -122.0314984983659,47.27086206521442,0 -122.031193032293,47.27071313735633,0 -122.0308372283744,47.27057353930696,0 -122.0305529963295,47.27043942388614,0 -122.0303113155854,47.27033005879122,0 -122.0299711852036,47.27011741786639,0 -122.0296050689555,47.26975821023127,0 -122.0293107936497,47.26938985363201,0 -122.0291471999766,47.26892991797921,0 -122.0288062526752,47.26837091521198,0 -122.0284276995427,47.26790915629756,0 -122.0283550377543,47.26757194510358,0 -122.0283827971762,47.26741056704996,0 -122.02799075783,47.26740074131665,0 -122.028501206501,47.26838746887287,0 -122.0286530081058,47.26852084009943,0 -122.0287859431006,47.2686975817124,0 -122.0288760632635,47.26886420393514,0 -122.0288853512009,47.26913001767691,0</coordinates></LinearRing></outerBoundaryIs>
        </Polygon>
      </MultiGeometry>
    </Placemark>
    <Placemark id="ID_00045">
      <name>1531000010</name>
      <snippet></snippet>
      <description><![CDATA[<html xmlns:fo="http://www.w3.org/1999/XSL/Format" xmlns:msxsl="urn:schemas-microsoft-com:xslt">
<head>
<META http-equiv="Content-Type" content="text/html">
<meta http-equiv="content-type" content="text/html; charset=UTF-8">
</head>
<body style="margin:0px 0px 0px 0px;overflow:auto;background:#FFFFFF;">
<table style="font-family:Arial,Verdana,Times;font-size:12px;text-align:left;width:100%;border-collapse:collapse;padding:3px 3px 3px 3px">
<tr style="text-align:center;font-weight:bold;background:#9CBCE2">
<td>1531000010</td>
</tr>
<tr>
<td>
<table style="font-family:Arial,Verdana,Times;font-size:12px;text-align:left;width:100%;border-spacing:0px; padding:3px 3px 3px 3px">
<tr>
<td>FID</td>
<td>45</td>
</tr>
<tr bgcolor="#D4E4F3">
<td>PIN</td>
<td>1531000010</td>
</tr>
<tr>
<td>ID</td>
<td>0</td>
</tr>
<tr bgcolor="#D4E4F3">
<td>AU</td>
<td>2</td>
</tr>
<tr>
<td>NOTES</td>
<td></td>
</tr>
<tr bgcolor="#D4E4F3">
<td>INSIDE_X</td>
<td>1344457.61732</td>
</tr>
<tr>
<td>INSIDE_Y</td>
<td>125290.569348</td>
</tr>
<tr bgcolor="#D4E4F3">
<td>PolygonID</td>
<td>21089</td>
</tr>
<tr>
<td>GIS_Acres</td>
<td>1.963146</td>
</tr>
</table>
</td>
</tr>
</table>
</body><script type="text/javascript">
				function changeImage(attElement, nameElement) {
				document.getElementById('imageAttachment').src = attElement;
				document.getElementById('imageName').innerHTML = nameElement;}
			</script></html>
]]></description>
      <styleUrl>#PolyStyle00</styleUrl>
      <MultiGeometry>
        <Polygon>
          <extrude>0</extrude><altitudeMode>clampToGround</altitudeMode>
          <outerBoundaryIs><LinearRing><coordinates> -122.0269191824058,47.33768192546324,0 -122.026909632765,47.33762413729568,0 -122.0269397115198,47.33754032611821,0 -122.0270266212104,47.33746993073257,0 -122.0270885643273,47.33746398992707,0 -122.0272258269598,47.33750072169152,0 -122.0273586902972,47.33751801598063,0 -122.0274105282943,47.33754432253383,0 -122.0272905663729,47.33760150437481,0 -122.0272413464232,47.33769161983836,0 -122.027354356054,47.33775401222503,0 -122.0275239130592,47.33773149708114,0 -122.0275407965404,47.33749360538437,0 -122.0275527051103,47.33732581616572,0 -122.0275704649298,47.33707553760722,0 -122.0275754707742,47.33700499319143,0 -122.0275836084419,47.33689032474956,0 -122.027587714272,47.3368324670553,0 -122.0275894464427,47.33680806583175,0 -122.0275880624484,47.33680807233735,0 -122.0260061948301,47.33684919740473,0 -122.0260900427067,47.33692847640123,0 -122.0263092797557,47.33716313894002,0 -122.0264624142014,47.3373713729242,0 -122.0264617165764,47.33740932347482,0 -122.0266214345098,47.33751822342838,0 -122.026775640553,47.33766826615484,0 -122.0269191824058,47.33768192546324,0</coordinates></LinearRing></outerBoundaryIs>
        </Polygon>
      </MultiGeometry>
    </Placemark>
    <Placemark id="ID_00046">
      <name>1531000010</name>
      <snippet></snippet>
      <description><![CDATA[<html xmlns:fo="http://www.w3.org/1999/XSL/Format" xmlns:msxsl="urn:schemas-microsoft-com:xslt">
<head>
<META http-equiv="Content-Type" content="text/html">
<meta http-equiv="content-type" content="text/html; charset=UTF-8">
</head>
<body style="margin:0px 0px 0px 0px;overflow:auto;background:#FFFFFF;">
<table style="font-family:Arial,Verdana,Times;font-size:12px;text-align:left;width:100%;border-collapse:collapse;padding:3px 3px 3px 3px">
<tr style="text-align:center;font-weight:bold;background:#9CBCE2">
<td>1531000010</td>
</tr>
<tr>
<td>
<table style="font-family:Arial,Verdana,Times;font-size:12px;text-align:left;width:100%;border-spacing:0px; padding:3px 3px 3px 3px">
<tr>
<td>FID</td>
<td>46</td>
</tr>
<tr bgcolor="#D4E4F3">
<td>PIN</td>
<td>1531000010</td>
</tr>
<tr>
<td>ID</td>
<td>0</td>
</tr>
<tr bgcolor="#D4E4F3">
<td>AU</td>
<td>4</td>
</tr>
<tr>
<td>NOTES</td>
<td></td>
</tr>
<tr bgcolor="#D4E4F3">
<td>INSIDE_X</td>
<td>1346090.95858</td>
</tr>
<tr>
<td>INSIDE_Y</td>
<td>126330.341238</td>
</tr>
<tr bgcolor="#D4E4F3">
<td>PolygonID</td>
<td>21090</td>
</tr>
<tr>
<td>GIS_Acres</td>
<td>2.523653</td>
</tr>
</table>
</td>
</tr>
</table>
</body><script type="text/javascript">
				function changeImage(attElement, nameElement) {
				document.getElementById('imageAttachment').src = attElement;
				document.getElementById('imageName').innerHTML = nameElement;}
			</script></html>
]]></description>
      <styleUrl>#PolyStyle00</styleUrl>
      <MultiGeometry>
        <Polygon>
          <extrude>0</extrude><altitudeMode>clampToGround</altitudeMode>
          <outerBoundaryIs><LinearRing><coordinates> -122.0194551046,47.34089777429656,0 -122.0194571776269,47.34089812473,0 -122.0194754518344,47.34090143966574,0 -122.019493643719,47.34090497584831,0 -122.0195117345335,47.34090872357936,0 -122.0195297296319,47.34091268550118,0 -122.0195476211165,47.3409168634958,0 -122.0195654048551,47.34092125041015,0 -122.0195830676177,47.34092584638324,0 -122.0196006134754,47.34093065586963,0 -122.0196180316193,47.34093566908827,0 -122.0196353168799,47.34094089149026,0 -122.0196524703768,47.34094631406862,0 -122.0196694789404,47.34095193966016,0 -122.0196863385812,47.34095776740687,0 -122.0197030492381,47.34096379461128,0 -122.0197196003068,47.34097002048485,0 -122.0197359929875,47.34097643961778,0 -122.0197522127478,47.34098305306198,0 -122.0197682595054,47.34098985722039,0 -122.0197841371895,47.3409968502527,0 -122.0197998259127,47.34100403056837,0 -122.019815333594,47.34101139718491,0 -122.0198306469204,47.34101894664386,0 -122.0198457631852,47.34102667627494,0 -122.0198606769737,47.3410345807378,0 -122.0198753898129,47.34104266901174,0 -122.0198898881254,47.34105092594736,0 -122.0199041772242,47.34105935238826,0 -122.0199182438782,47.34106794847341,0 -122.0199320892886,47.34107670879285,0 -122.0199457068398,47.34108563341617,0 -122.0199590950659,47.34109471606187,0 -122.0199722446649,47.34110395502868,0 -122.0199851597281,47.34111335567093,0 -122.0199978293651,47.34112290460995,0 -122.0200102509091,47.34113260097383,0 -122.0200224216533,47.34114244209263,0 -122.0200343376484,47.3411524289074,0 -122.0200459948026,47.3411625560639,0 -122.0200573929736,47.34117281726689,0 -122.0200685242223,47.34118321259948,0 -122.0200793871034,47.34119373668,0 -122.0200899790525,47.34120439313332,0 -122.0201002958756,47.34121517210868,0 -122.0201103335831,47.34122607274843,0 -122.0201200906273,47.34123708517358,0 -122.0201295604947,47.34124821395088,0 -122.0201387457499,47.34125945545485,0 -122.0201476396347,47.34127080345969,0 -122.0201562447539,47.34128225613915,0 -122.0201645504004,47.34129380820836,0 -122.0201725591391,47.34130545604219,0 -122.0201743400209,47.34130816897999,0 -122.0203121097565,47.34103400558112,0 -122.0206030589562,47.34045319299194,0 -122.0209055698338,47.34019388822573,0 -122.0209281410208,47.33992028748094,0 -122.020846093879,47.33962198482855,0 -122.0209384834517,47.33936088459303,0 -122.0209242746126,47.33918220216588,0 -122.0207741909839,47.33894624582112,0 -122.0204149180537,47.3391185981905,0 -122.0204010718282,47.33923095463814,0 -122.0203896672575,47.33932349201429,0 -122.0203240236555,47.33945850946459,0 -122.0201365569615,47.33984409167099,0 -122.0201039373901,47.33985739444266,0 -122.0202223482546,47.33995317159071,0 -122.0203799239263,47.34006879763351,0 -122.0204784557422,47.34019534675058,0 -122.0203665518779,47.3403372391083,0 -122.0201886776063,47.34040999995274,0 -122.0200337969856,47.34060295012958,0 -122.0197365617921,47.3407661128477,0 -122.0194551046,47.34089777429656,0</coordinates></LinearRing></outerBoundaryIs>
        </Polygon>
      </MultiGeometry>
    </Placemark>
    <Placemark id="ID_00047">
      <name>1531000010</name>
      <snippet></snippet>
      <description><![CDATA[<html xmlns:fo="http://www.w3.org/1999/XSL/Format" xmlns:msxsl="urn:schemas-microsoft-com:xslt">
<head>
<META http-equiv="Content-Type" content="text/html">
<meta http-equiv="content-type" content="text/html; charset=UTF-8">
</head>
<body style="margin:0px 0px 0px 0px;overflow:auto;background:#FFFFFF;">
<table style="font-family:Arial,Verdana,Times;font-size:12px;text-align:left;width:100%;border-collapse:collapse;padding:3px 3px 3px 3px">
<tr style="text-align:center;font-weight:bold;background:#9CBCE2">
<td>1531000010</td>
</tr>
<tr>
<td>
<table style="font-family:Arial,Verdana,Times;font-size:12px;text-align:left;width:100%;border-spacing:0px; padding:3px 3px 3px 3px">
<tr>
<td>FID</td>
<td>47</td>
</tr>
<tr bgcolor="#D4E4F3">
<td>PIN</td>
<td>1531000010</td>
</tr>
<tr>
<td>ID</td>
<td>0</td>
</tr>
<tr bgcolor="#D4E4F3">
<td>AU</td>
<td>2</td>
</tr>
<tr>
<td>NOTES</td>
<td></td>
</tr>
<tr bgcolor="#D4E4F3">
<td>INSIDE_X</td>
<td>1346269.83161</td>
</tr>
<tr>
<td>INSIDE_Y</td>
<td>126422.358373</td>
</tr>
<tr bgcolor="#D4E4F3">
<td>PolygonID</td>
<td>21091</td>
</tr>
<tr>
<td>GIS_Acres</td>
<td>1.789298</td>
</tr>
</table>
</td>
</tr>
</table>
</body><script type="text/javascript">
				function changeImage(attElement, nameElement) {
				document.getElementById('imageAttachment').src = attElement;
				document.getElementById('imageName').innerHTML = nameElement;}
			</script></html>
]]></description>
      <styleUrl>#PolyStyle00</styleUrl>
      <MultiGeometry>
        <Polygon>
          <extrude>0</extrude><altitudeMode>clampToGround</altitudeMode>
          <outerBoundaryIs><LinearRing><coordinates> -122.0201039373901,47.33985739444267,0 -122.0196177938536,47.34005564947848,0 -122.0191604045355,47.34006970051708,0 -122.0191328622139,47.34007054493491,0 -122.0191393498024,47.34016811027595,0 -122.019186201967,47.34087289251746,0 -122.0191863300921,47.34087480809384,0 -122.0192079423136,47.3408749927916,0 -122.0192141514533,47.34087504558869,0 -122.0192330551791,47.34087548353887,0 -122.0192519468233,47.34087614739684,0 -122.0192708209716,47.34087703182215,0 -122.0192896631931,47.3408781423631,0 -122.0193084773757,47.34087947538087,0 -122.0193094267452,47.34087955628873,0 -122.0193272569651,47.34088103364292,0 -122.0193459899117,47.34088281097845,0 -122.0193646697023,47.34088481195357,0 -122.0193833082036,47.34088703464484,0 -122.0194018775911,47.34088947754496,0 -122.0194203844803,47.34089214058433,0 -122.0194388182259,47.34089502117597,0 -122.0194551046,47.34089777429656,0 -122.0197365617921,47.3407661128477,0 -122.0200337969856,47.34060295012958,0 -122.0201886776063,47.34040999995274,0 -122.0203665518779,47.3403372391083,0 -122.0204784557422,47.34019534675058,0 -122.0203799239263,47.34006879763351,0 -122.0202223482546,47.33995317159074,0 -122.0201039373901,47.33985739444267,0</coordinates></LinearRing></outerBoundaryIs>
        </Polygon>
      </MultiGeometry>
    </Placemark>
    <Placemark id="ID_00048">
      <name>1531000010</name>
      <snippet></snippet>
      <description><![CDATA[<html xmlns:fo="http://www.w3.org/1999/XSL/Format" xmlns:msxsl="urn:schemas-microsoft-com:xslt">
<head>
<META http-equiv="Content-Type" content="text/html">
<meta http-equiv="content-type" content="text/html; charset=UTF-8">
</head>
<body style="margin:0px 0px 0px 0px;overflow:auto;background:#FFFFFF;">
<table style="font-family:Arial,Verdana,Times;font-size:12px;text-align:left;width:100%;border-collapse:collapse;padding:3px 3px 3px 3px">
<tr style="text-align:center;font-weight:bold;background:#9CBCE2">
<td>1531000010</td>
</tr>
<tr>
<td>
<table style="font-family:Arial,Verdana,Times;font-size:12px;text-align:left;width:100%;border-spacing:0px; padding:3px 3px 3px 3px">
<tr>
<td>FID</td>
<td>48</td>
</tr>
<tr bgcolor="#D4E4F3">
<td>PIN</td>
<td>1531000010</td>
</tr>
<tr>
<td>ID</td>
<td>0</td>
</tr>
<tr bgcolor="#D4E4F3">
<td>AU</td>
<td>4</td>
</tr>
<tr>
<td>NOTES</td>
<td></td>
</tr>
<tr bgcolor="#D4E4F3">
<td>INSIDE_X</td>
<td>1345483.7933</td>
</tr>
<tr>
<td>INSIDE_Y</td>
<td>126399.958004</td>
</tr>
<tr bgcolor="#D4E4F3">
<td>PolygonID</td>
<td>21092</td>
</tr>
<tr>
<td>GIS_Acres</td>
<td>6.194949</td>
</tr>
</table>
</td>
</tr>
</table>
</body><script type="text/javascript">
				function changeImage(attElement, nameElement) {
				document.getElementById('imageAttachment').src = attElement;
				document.getElementById('imageName').innerHTML = nameElement;}
			</script></html>
]]></description>
      <styleUrl>#PolyStyle00</styleUrl>
      <MultiGeometry>
        <Polygon>
          <extrude>0</extrude><altitudeMode>clampToGround</altitudeMode>
          <outerBoundaryIs><LinearRing><coordinates> -122.0235223308428,47.3383242887861,0 -122.0233901534322,47.33865457186724,0 -122.0233507405702,47.33896850345911,0 -122.0233622816533,47.33925429947062,0 -122.0232303115885,47.33957315618047,0 -122.0231028717415,47.33964635137286,0 -122.0228140559835,47.33980959384628,0 -122.0225155682701,47.34004132052925,0 -122.0222755948145,47.34029068748293,0 -122.0220287969348,47.34045428641143,0 -122.0223022521951,47.34066803573028,0 -122.0225273673122,47.34099691439229,0 -122.0227791054109,47.34093819688672,0 -122.0227932510065,47.34091538614956,0 -122.0228898521371,47.34075961426264,0 -122.0230515988556,47.34065338888922,0 -122.0234272474039,47.34058184003646,0 -122.0236297537312,47.34053778345998,0 -122.0233949036437,47.34022023545329,0 -122.0232581346215,47.33988766070028,0 -122.0235612532513,47.33940455761165,0 -122.0235867001638,47.33893623024917,0 -122.0237174237278,47.33822881361613,0 -122.0239051644736,47.33807613595515,0 -122.0242403937642,47.3381304161276,0 -122.0243554737476,47.33810988671924,0 -122.0244081665395,47.33814898626051,0 -122.0246797258453,47.33846556502128,0 -122.0247571152104,47.33871515474122,0 -122.0246647978328,47.33881970310283,0 -122.0244782142269,47.33890953835273,0 -122.0242837517324,47.3389707364556,0 -122.0242331866285,47.33898738767355,0 -122.0244244190693,47.33909192695203,0 -122.0245478569196,47.33923582644303,0 -122.0245621405541,47.33937308288235,0 -122.0243101071351,47.33936522359119,0 -122.0242160772571,47.33945013234881,0 -122.0240542834571,47.33956303377212,0 -122.0241257141117,47.33979220011836,0 -122.0241389439773,47.33998658714942,0 -122.0242453630706,47.34014176993625,0 -122.0244159839841,47.34000608758269,0 -122.0245955348768,47.33984191121204,0 -122.024889112209,47.33999363681064,0 -122.0249176484955,47.33969608941361,0 -122.0250612642375,47.33965731352567,0 -122.0253535350215,47.33976265054322,0 -122.0254392352616,47.33972366466852,0 -122.025323701728,47.33955669454498,0 -122.025292992617,47.3395045144871,0 -122.0251406924147,47.33945228687273,0 -122.0249599979884,47.33922219163603,0 -122.0250963647293,47.33912050054815,0 -122.0252550209577,47.33909300765521,0 -122.025256682777,47.33908758044129,0 -122.0253181435764,47.33894525431933,0 -122.0252792753907,47.3387735051632,0 -122.0250883902009,47.33864046063974,0 -122.0248703989816,47.33861003633447,0 -122.0248651503814,47.33843857306832,0 -122.0248186159696,47.33822676083384,0 -122.0245033513413,47.33800123366427,0 -122.0242783270525,47.33789646695715,0 -122.0241979674857,47.3376957943798,0 -122.0240244543565,47.33751553757991,0 -122.0238842853792,47.33737854400934,0 -122.0237513044035,47.33736771134657,0 -122.0236809223889,47.33731537852731,0 -122.0236635087335,47.33722793028311,0 -122.0237176091761,47.33713139125706,0 -122.023718681871,47.33707320045978,0 -122.023581065226,47.33705586144956,0 -122.023455331292,47.33716795671371,0 -122.0235716009026,47.33731121386189,0 -122.0236881095249,47.33744153960578,0 -122.0238087785441,47.33760423395891,0 -122.0239205184589,47.3376991457312,0 -122.0240374395091,47.33783052186993,0 -122.0239842787789,47.33788824923591,0 -122.0236891773973,47.33793716133292,0 -122.0235223308428,47.3383242887861,0</coordinates></LinearRing></outerBoundaryIs>
        </Polygon>
      </MultiGeometry>
    </Placemark>
    <Placemark id="ID_00049">
      <name>1531000010</name>
      <snippet></snippet>
      <description><![CDATA[<html xmlns:fo="http://www.w3.org/1999/XSL/Format" xmlns:msxsl="urn:schemas-microsoft-com:xslt">
<head>
<META http-equiv="Content-Type" content="text/html">
<meta http-equiv="content-type" content="text/html; charset=UTF-8">
</head>
<body style="margin:0px 0px 0px 0px;overflow:auto;background:#FFFFFF;">
<table style="font-family:Arial,Verdana,Times;font-size:12px;text-align:left;width:100%;border-collapse:collapse;padding:3px 3px 3px 3px">
<tr style="text-align:center;font-weight:bold;background:#9CBCE2">
<td>1531000010</td>
</tr>
<tr>
<td>
<table style="font-family:Arial,Verdana,Times;font-size:12px;text-align:left;width:100%;border-spacing:0px; padding:3px 3px 3px 3px">
<tr>
<td>FID</td>
<td>49</td>
</tr>
<tr bgcolor="#D4E4F3">
<td>PIN</td>
<td>1531000010</td>
</tr>
<tr>
<td>ID</td>
<td>0</td>
</tr>
<tr bgcolor="#D4E4F3">
<td>AU</td>
<td>3</td>
</tr>
<tr>
<td>NOTES</td>
<td></td>
</tr>
<tr bgcolor="#D4E4F3">
<td>INSIDE_X</td>
<td>1344799.01419</td>
</tr>
<tr>
<td>INSIDE_Y</td>
<td>126477.364826</td>
</tr>
<tr bgcolor="#D4E4F3">
<td>PolygonID</td>
<td>21093</td>
</tr>
<tr>
<td>GIS_Acres</td>
<td>0.95304</td>
</tr>
</table>
</td>
</tr>
</table>
</body><script type="text/javascript">
				function changeImage(attElement, nameElement) {
				document.getElementById('imageAttachment').src = attElement;
				document.getElementById('imageName').innerHTML = nameElement;}
			</script></html>
]]></description>
      <styleUrl>#PolyStyle00</styleUrl>
      <MultiGeometry>
        <Polygon>
          <extrude>0</extrude><altitudeMode>clampToGround</altitudeMode>
          <outerBoundaryIs><LinearRing><coordinates> -122.0255422171828,47.34001566885772,0 -122.0255431888286,47.34028897582248,0 -122.0255182587558,47.34040401387978,0 -122.0253747464544,47.34043707726563,0 -122.0253894530994,47.34055148136154,0 -122.025336921162,47.34066531366097,0 -122.0251935132094,47.34069266375538,0 -122.0252256602258,47.34077293249662,0 -122.0252745118964,47.34085905724938,0 -122.0254502779838,47.3409005496225,0 -122.0257154945299,47.34092122642593,0 -122.025882975337,47.34071937815774,0 -122.0258957695541,47.3405379868715,0 -122.0259030421873,47.34043487777087,0 -122.0259041436215,47.34041928162791,0 -122.0259292139258,47.34006379975891,0 -122.0259302459841,47.34004922442574,0 -122.0259370944792,47.33995211089371,0 -122.0256379854341,47.33985660832361,0 -122.0255422171828,47.34001566885772,0</coordinates></LinearRing></outerBoundaryIs>
        </Polygon>
      </MultiGeometry>
    </Placemark>
    <Placemark id="ID_00050">
      <name>1531000010</name>
      <snippet></snippet>
      <description><![CDATA[<html xmlns:fo="http://www.w3.org/1999/XSL/Format" xmlns:msxsl="urn:schemas-microsoft-com:xslt">
<head>
<META http-equiv="Content-Type" content="text/html">
<meta http-equiv="content-type" content="text/html; charset=UTF-8">
</head>
<body style="margin:0px 0px 0px 0px;overflow:auto;background:#FFFFFF;">
<table style="font-family:Arial,Verdana,Times;font-size:12px;text-align:left;width:100%;border-collapse:collapse;padding:3px 3px 3px 3px">
<tr style="text-align:center;font-weight:bold;background:#9CBCE2">
<td>1531000010</td>
</tr>
<tr>
<td>
<table style="font-family:Arial,Verdana,Times;font-size:12px;text-align:left;width:100%;border-spacing:0px; padding:3px 3px 3px 3px">
<tr>
<td>FID</td>
<td>50</td>
</tr>
<tr bgcolor="#D4E4F3">
<td>PIN</td>
<td>1531000010</td>
</tr>
<tr>
<td>ID</td>
<td>0</td>
</tr>
<tr bgcolor="#D4E4F3">
<td>AU</td>
<td>3</td>
</tr>
<tr>
<td>NOTES</td>
<td></td>
</tr>
<tr bgcolor="#D4E4F3">
<td>INSIDE_X</td>
<td>1344781.85804</td>
</tr>
<tr>
<td>INSIDE_Y</td>
<td>125316.948495</td>
</tr>
<tr bgcolor="#D4E4F3">
<td>PolygonID</td>
<td>21094</td>
</tr>
<tr>
<td>GIS_Acres</td>
<td>2.252148</td>
</tr>
</table>
</td>
</tr>
</table>
</body><script type="text/javascript">
				function changeImage(attElement, nameElement) {
				document.getElementById('imageAttachment').src = attElement;
				document.getElementById('imageName').innerHTML = nameElement;}
			</script></html>
]]></description>
      <styleUrl>#PolyStyle00</styleUrl>
      <MultiGeometry>
        <Polygon>
          <extrude>0</extrude><altitudeMode>clampToGround</altitudeMode>
          <outerBoundaryIs><LinearRing><coordinates> -122.0253479759034,47.33752729041523,0 -122.0254505158809,47.33756323932301,0 -122.0256860420631,47.337688108346,0 -122.0258986825593,47.33776428243111,0 -122.0261065084715,47.33784364853671,0 -122.026332535156,47.33784207350249,0 -122.0263605840332,47.33773587409154,0 -122.0263928627045,47.33753244856506,0 -122.0264053456985,47.33737088814242,0 -122.0261728508684,47.33708114654456,0 -122.0259350990443,47.33685104522388,0 -122.0245924350201,47.33688593350119,0 -122.0247155664462,47.33719202595701,0 -122.0251967093291,47.33731039844167,0 -122.0253479759034,47.33752729041523,0</coordinates></LinearRing></outerBoundaryIs>
        </Polygon>
      </MultiGeometry>
    </Placemark>
    <Placemark id="ID_00051">
      <name>1531000010</name>
      <snippet></snippet>
      <description><![CDATA[<html xmlns:fo="http://www.w3.org/1999/XSL/Format" xmlns:msxsl="urn:schemas-microsoft-com:xslt">
<head>
<META http-equiv="Content-Type" content="text/html">
<meta http-equiv="content-type" content="text/html; charset=UTF-8">
</head>
<body style="margin:0px 0px 0px 0px;overflow:auto;background:#FFFFFF;">
<table style="font-family:Arial,Verdana,Times;font-size:12px;text-align:left;width:100%;border-collapse:collapse;padding:3px 3px 3px 3px">
<tr style="text-align:center;font-weight:bold;background:#9CBCE2">
<td>1531000010</td>
</tr>
<tr>
<td>
<table style="font-family:Arial,Verdana,Times;font-size:12px;text-align:left;width:100%;border-spacing:0px; padding:3px 3px 3px 3px">
<tr>
<td>FID</td>
<td>51</td>
</tr>
<tr bgcolor="#D4E4F3">
<td>PIN</td>
<td>1531000010</td>
</tr>
<tr>
<td>ID</td>
<td>0</td>
</tr>
<tr bgcolor="#D4E4F3">
<td>AU</td>
<td>1</td>
</tr>
<tr>
<td>NOTES</td>
<td></td>
</tr>
<tr bgcolor="#D4E4F3">
<td>INSIDE_X</td>
<td>1344667.37924</td>
</tr>
<tr>
<td>INSIDE_Y</td>
<td>125689.756618</td>
</tr>
<tr bgcolor="#D4E4F3">
<td>PolygonID</td>
<td>21096</td>
</tr>
<tr>
<td>GIS_Acres</td>
<td>1.498539</td>
</tr>
</table>
</td>
</tr>
</table>
</body><script type="text/javascript">
				function changeImage(attElement, nameElement) {
				document.getElementById('imageAttachment').src = attElement;
				document.getElementById('imageName').innerHTML = nameElement;}
			</script></html>
]]></description>
      <styleUrl>#PolyStyle00</styleUrl>
      <MultiGeometry>
        <Polygon>
          <extrude>0</extrude><altitudeMode>clampToGround</altitudeMode>
          <outerBoundaryIs><LinearRing><coordinates> -122.0253479759034,47.33752729041523,0 -122.0259133024332,47.33833786051533,0 -122.0260095592233,47.33853152451864,0 -122.0260087703038,47.33886007012971,0 -122.0260137470014,47.33886526413279,0 -122.0260143430425,47.33885681338703,0 -122.0266167000121,47.33885779132843,0 -122.0268158264875,47.33885811456146,0 -122.0267085362139,47.33873146150601,0 -122.026509740478,47.33841937354519,0 -122.0263766958299,47.33815311041375,0 -122.0263269974944,47.33801042172984,0 -122.0263247975144,47.33787136989005,0 -122.026332535156,47.33784207350249,0 -122.0261065084715,47.33784364853671,0 -122.0258986825593,47.33776428243111,0 -122.0256860420631,47.337688108346,0 -122.0254505158809,47.33756323932301,0 -122.0253479759034,47.33752729041523,0</coordinates></LinearRing></outerBoundaryIs>
        </Polygon>
      </MultiGeometry>
    </Placemark>
    <Placemark id="ID_00052">
      <name>1531000010</name>
      <snippet></snippet>
      <description><![CDATA[<html xmlns:fo="http://www.w3.org/1999/XSL/Format" xmlns:msxsl="urn:schemas-microsoft-com:xslt">
<head>
<META http-equiv="Content-Type" content="text/html">
<meta http-equiv="content-type" content="text/html; charset=UTF-8">
</head>
<body style="margin:0px 0px 0px 0px;overflow:auto;background:#FFFFFF;">
<table style="font-family:Arial,Verdana,Times;font-size:12px;text-align:left;width:100%;border-collapse:collapse;padding:3px 3px 3px 3px">
<tr style="text-align:center;font-weight:bold;background:#9CBCE2">
<td>1531000010</td>
</tr>
<tr>
<td>
<table style="font-family:Arial,Verdana,Times;font-size:12px;text-align:left;width:100%;border-spacing:0px; padding:3px 3px 3px 3px">
<tr>
<td>FID</td>
<td>52</td>
</tr>
<tr bgcolor="#D4E4F3">
<td>PIN</td>
<td>1531000010</td>
</tr>
<tr>
<td>ID</td>
<td>0</td>
</tr>
<tr bgcolor="#D4E4F3">
<td>AU</td>
<td>4</td>
</tr>
<tr>
<td>NOTES</td>
<td></td>
</tr>
<tr bgcolor="#D4E4F3">
<td>INSIDE_X</td>
<td>1344485.44981</td>
</tr>
<tr>
<td>INSIDE_Y</td>
<td>125552.493003</td>
</tr>
<tr bgcolor="#D4E4F3">
<td>PolygonID</td>
<td>21099</td>
</tr>
<tr>
<td>GIS_Acres</td>
<td>1.014518</td>
</tr>
</table>
</td>
</tr>
</table>
</body><script type="text/javascript">
				function changeImage(attElement, nameElement) {
				document.getElementById('imageAttachment').src = attElement;
				document.getElementById('imageName').innerHTML = nameElement;}
			</script></html>
]]></description>
      <styleUrl>#PolyStyle00</styleUrl>
      <MultiGeometry>
        <Polygon>
          <extrude>0</extrude><altitudeMode>clampToGround</altitudeMode>
          <outerBoundaryIs><LinearRing><coordinates> -122.0264617165764,47.33740932347482,0 -122.0264602748148,47.33748775460708,0 -122.0264077254266,47.33775890786932,0 -122.0263796080871,47.33799470203391,0 -122.0264444541493,47.33817202025718,0 -122.0266480723207,47.33813924884902,0 -122.0270660462836,47.33817189783487,0 -122.0273094818042,47.33812546421541,0 -122.0274993997897,47.33807688304666,0 -122.0275018805593,47.33804192525747,0 -122.0275036689327,47.33801673634324,0 -122.0275071198029,47.33796809055912,0 -122.0275090350185,47.33794111317275,0 -122.0274094657673,47.33786117976947,0 -122.027292115738,47.33777611729736,0 -122.0271352355075,47.33777155238162,0 -122.0270248436696,47.33782558185033,0 -122.0269310354569,47.33775365218085,0 -122.0269191824058,47.33768192546324,0 -122.026775640553,47.33766826615484,0 -122.0266214345098,47.33751822342838,0 -122.0264617165764,47.33740932347482,0</coordinates></LinearRing></outerBoundaryIs>
        </Polygon>
      </MultiGeometry>
    </Placemark>
    <Placemark id="ID_00053">
      <name>1531000010</name>
      <snippet></snippet>
      <description><![CDATA[<html xmlns:fo="http://www.w3.org/1999/XSL/Format" xmlns:msxsl="urn:schemas-microsoft-com:xslt">
<head>
<META http-equiv="Content-Type" content="text/html">
<meta http-equiv="content-type" content="text/html; charset=UTF-8">
</head>
<body style="margin:0px 0px 0px 0px;overflow:auto;background:#FFFFFF;">
<table style="font-family:Arial,Verdana,Times;font-size:12px;text-align:left;width:100%;border-collapse:collapse;padding:3px 3px 3px 3px">
<tr style="text-align:center;font-weight:bold;background:#9CBCE2">
<td>1531000010</td>
</tr>
<tr>
<td>
<table style="font-family:Arial,Verdana,Times;font-size:12px;text-align:left;width:100%;border-spacing:0px; padding:3px 3px 3px 3px">
<tr>
<td>FID</td>
<td>53</td>
</tr>
<tr bgcolor="#D4E4F3">
<td>PIN</td>
<td>1531000010</td>
</tr>
<tr>
<td>ID</td>
<td>0</td>
</tr>
<tr bgcolor="#D4E4F3">
<td>AU</td>
<td>1</td>
</tr>
<tr>
<td>NOTES</td>
<td></td>
</tr>
<tr bgcolor="#D4E4F3">
<td>INSIDE_X</td>
<td>1344460.70747</td>
</tr>
<tr>
<td>INSIDE_Y</td>
<td>125736.607453</td>
</tr>
<tr bgcolor="#D4E4F3">
<td>PolygonID</td>
<td>21100</td>
</tr>
<tr>
<td>GIS_Acres</td>
<td>0.917666</td>
</tr>
</table>
</td>
</tr>
</table>
</body><script type="text/javascript">
				function changeImage(attElement, nameElement) {
				document.getElementById('imageAttachment').src = attElement;
				document.getElementById('imageName').innerHTML = nameElement;}
			</script></html>
]]></description>
      <styleUrl>#PolyStyle00</styleUrl>
      <MultiGeometry>
        <Polygon>
          <extrude>0</extrude><altitudeMode>clampToGround</altitudeMode>
          <outerBoundaryIs><LinearRing><coordinates> -122.0264444541493,47.33817202025718,0 -122.0264792429885,47.33826714803931,0 -122.0266827343875,47.33858250926892,0 -122.0268871015701,47.33885823017501,0 -122.0271631902993,47.33885867759741,0 -122.0271350169409,47.33881914905782,0 -122.0270618337933,47.33866009471399,0 -122.0271108768028,47.3385796778248,0 -122.0272414810323,47.33846115326221,0 -122.027419761389,47.33833656648625,0 -122.0274818065418,47.33832477416762,0 -122.0274843217935,47.33828933035791,0 -122.0274887265647,47.33822728394833,0 -122.0274939285974,47.33815396238109,0 -122.027498621607,47.33808784880573,0 -122.0274993997897,47.33807688304666,0 -122.0273094818042,47.33812546421541,0 -122.0270660462836,47.33817189783487,0 -122.0266480723207,47.33813924884902,0 -122.0264444541493,47.33817202025718,0</coordinates></LinearRing></outerBoundaryIs>
        </Polygon>
      </MultiGeometry>
    </Placemark>
    <Placemark id="ID_00054">
      <name>2921069014</name>
      <snippet></snippet>
      <description><![CDATA[<html xmlns:fo="http://www.w3.org/1999/XSL/Format" xmlns:msxsl="urn:schemas-microsoft-com:xslt">
<head>
<META http-equiv="Content-Type" content="text/html">
<meta http-equiv="content-type" content="text/html; charset=UTF-8">
</head>
<body style="margin:0px 0px 0px 0px;overflow:auto;background:#FFFFFF;">
<table style="font-family:Arial,Verdana,Times;font-size:12px;text-align:left;width:100%;border-collapse:collapse;padding:3px 3px 3px 3px">
<tr style="text-align:center;font-weight:bold;background:#9CBCE2">
<td>2921069014</td>
</tr>
<tr>
<td>
<table style="font-family:Arial,Verdana,Times;font-size:12px;text-align:left;width:100%;border-spacing:0px; padding:3px 3px 3px 3px">
<tr>
<td>FID</td>
<td>54</td>
</tr>
<tr bgcolor="#D4E4F3">
<td>PIN</td>
<td>2921069014</td>
</tr>
<tr>
<td>ID</td>
<td>0</td>
</tr>
<tr bgcolor="#D4E4F3">
<td>AU</td>
<td>4</td>
</tr>
<tr>
<td>NOTES</td>
<td></td>
</tr>
<tr bgcolor="#D4E4F3">
<td>INSIDE_X</td>
<td>1330883.79119</td>
</tr>
<tr>
<td>INSIDE_Y</td>
<td>103318.956141</td>
</tr>
<tr bgcolor="#D4E4F3">
<td>PolygonID</td>
<td>21108</td>
</tr>
<tr>
<td>GIS_Acres</td>
<td>6.870406</td>
</tr>
</table>
</td>
</tr>
</table>
</body><script type="text/javascript">
				function changeImage(attElement, nameElement) {
				document.getElementById('imageAttachment').src = attElement;
				document.getElementById('imageName').innerHTML = nameElement;}
			</script></html>
]]></description>
      <styleUrl>#PolyStyle00</styleUrl>
      <MultiGeometry>
        <Polygon>
          <extrude>0</extrude><altitudeMode>clampToGround</altitudeMode>
          <outerBoundaryIs><LinearRing><coordinates> -122.080847864362,47.27830260480292,0 -122.0811721935225,47.27831339637234,0 -122.0811489408874,47.27549456396724,0 -122.0780915614841,47.27542733817754,0 -122.0776405982478,47.27541697095825,0 -122.0777476111355,47.27549154499118,0 -122.078176460174,47.27567942276428,0 -122.0788974523895,47.27591450826757,0 -122.0793578486416,47.27597303781686,0 -122.0794467616919,47.27591393797007,0 -122.0795725486498,47.27584018070533,0 -122.0796969525858,47.27584616441978,0 -122.079826346575,47.27598676994786,0 -122.0797711972096,47.27621063019508,0 -122.0798847365884,47.27642089151249,0 -122.0799867408351,47.27645161761245,0 -122.0801392291622,47.27652760951369,0 -122.0802667259065,47.27677785858613,0 -122.0804495275462,47.27721796281622,0 -122.0805745235133,47.27761274230767,0 -122.0807288143513,47.27800775665015,0 -122.080847864362,47.27830260480292,0</coordinates></LinearRing></outerBoundaryIs>
        </Polygon>
      </MultiGeometry>
    </Placemark>
    <Placemark id="ID_00055">
      <name>2921069014</name>
      <snippet></snippet>
      <description><![CDATA[<html xmlns:fo="http://www.w3.org/1999/XSL/Format" xmlns:msxsl="urn:schemas-microsoft-com:xslt">
<head>
<META http-equiv="Content-Type" content="text/html">
<meta http-equiv="content-type" content="text/html; charset=UTF-8">
</head>
<body style="margin:0px 0px 0px 0px;overflow:auto;background:#FFFFFF;">
<table style="font-family:Arial,Verdana,Times;font-size:12px;text-align:left;width:100%;border-collapse:collapse;padding:3px 3px 3px 3px">
<tr style="text-align:center;font-weight:bold;background:#9CBCE2">
<td>2921069014</td>
</tr>
<tr>
<td>
<table style="font-family:Arial,Verdana,Times;font-size:12px;text-align:left;width:100%;border-spacing:0px; padding:3px 3px 3px 3px">
<tr>
<td>FID</td>
<td>55</td>
</tr>
<tr bgcolor="#D4E4F3">
<td>PIN</td>
<td>2921069014</td>
</tr>
<tr>
<td>ID</td>
<td>0</td>
</tr>
<tr bgcolor="#D4E4F3">
<td>AU</td>
<td>4</td>
</tr>
<tr>
<td>NOTES</td>
<td></td>
</tr>
<tr bgcolor="#D4E4F3">
<td>INSIDE_X</td>
<td>1330995.67419</td>
</tr>
<tr>
<td>INSIDE_Y</td>
<td>103510.35489</td>
</tr>
<tr bgcolor="#D4E4F3">
<td>PolygonID</td>
<td>21110</td>
</tr>
<tr>
<td>GIS_Acres</td>
<td>3.583871</td>
</tr>
</table>
</td>
</tr>
</table>
</body><script type="text/javascript">
				function changeImage(attElement, nameElement) {
				document.getElementById('imageAttachment').src = attElement;
				document.getElementById('imageName').innerHTML = nameElement;}
			</script></html>
]]></description>
      <styleUrl>#PolyStyle00</styleUrl>
      <MultiGeometry>
        <Polygon>
          <extrude>0</extrude><altitudeMode>clampToGround</altitudeMode>
          <outerBoundaryIs><LinearRing><coordinates> -122.0804512032832,47.27828940520673,0 -122.080847864362,47.27830260480294,0 -122.0807288143513,47.27800775665017,0 -122.0805745235133,47.2776127423077,0 -122.0804495275462,47.27721796281622,0 -122.0802667259065,47.27677785858612,0 -122.0801392291622,47.27652760951369,0 -122.0799867408351,47.27645161761244,0 -122.0798847365884,47.27642089151249,0 -122.0797711972096,47.27621063019509,0 -122.0798263465749,47.27598676994784,0 -122.0796969525858,47.27584616441979,0 -122.0795725486498,47.27584018070532,0 -122.0794467616919,47.27591393797006,0 -122.0793578486416,47.27597303781686,0 -122.0789961294953,47.27592705312269,0 -122.0790643241353,47.27600557076995,0 -122.07898867274,47.27614452913406,0 -122.0790086526421,47.27625933353951,0 -122.0790643830159,47.27642427040301,0 -122.0790048473623,47.27647862155709,0 -122.0789431349955,47.27655446084939,0 -122.0788414048086,47.27661188965544,0 -122.078788759264,47.27669121865124,0 -122.0788239906229,47.27677125409453,0 -122.0788372527871,47.27685111292098,0 -122.0788806724041,47.27688136903576,0 -122.0789611620903,47.27695825177907,0 -122.0792394180634,47.27688923675034,0 -122.0795550895374,47.27684691222102,0 -122.0797145558013,47.27694289878482,0 -122.0796470056937,47.27703706200636,0 -122.0796084886158,47.27714641192565,0 -122.0798333458187,47.27727283060302,0 -122.0800934378282,47.27747928390315,0 -122.0802703853898,47.27783460466093,0 -122.0803825483798,47.27812460656621,0 -122.0804512032832,47.27828940520673,0</coordinates></LinearRing></outerBoundaryIs>
        </Polygon>
      </MultiGeometry>
    </Placemark>
    <Placemark id="ID_00056">
      <name>2921069014</name>
      <snippet></snippet>
      <description><![CDATA[<html xmlns:fo="http://www.w3.org/1999/XSL/Format" xmlns:msxsl="urn:schemas-microsoft-com:xslt">
<head>
<META http-equiv="Content-Type" content="text/html">
<meta http-equiv="content-type" content="text/html; charset=UTF-8">
</head>
<body style="margin:0px 0px 0px 0px;overflow:auto;background:#FFFFFF;">
<table style="font-family:Arial,Verdana,Times;font-size:12px;text-align:left;width:100%;border-collapse:collapse;padding:3px 3px 3px 3px">
<tr style="text-align:center;font-weight:bold;background:#9CBCE2">
<td>2921069014</td>
</tr>
<tr>
<td>
<table style="font-family:Arial,Verdana,Times;font-size:12px;text-align:left;width:100%;border-spacing:0px; padding:3px 3px 3px 3px">
<tr>
<td>FID</td>
<td>56</td>
</tr>
<tr bgcolor="#D4E4F3">
<td>PIN</td>
<td>2921069014</td>
</tr>
<tr>
<td>ID</td>
<td>0</td>
</tr>
<tr bgcolor="#D4E4F3">
<td>AU</td>
<td>2</td>
</tr>
<tr>
<td>NOTES</td>
<td></td>
</tr>
<tr bgcolor="#D4E4F3">
<td>INSIDE_X</td>
<td>1331009.54252</td>
</tr>
<tr>
<td>INSIDE_Y</td>
<td>103768.3756</td>
</tr>
<tr bgcolor="#D4E4F3">
<td>PolygonID</td>
<td>21111</td>
</tr>
<tr>
<td>GIS_Acres</td>
<td>1.690539</td>
</tr>
</table>
</td>
</tr>
</table>
</body><script type="text/javascript">
				function changeImage(attElement, nameElement) {
				document.getElementById('imageAttachment').src = attElement;
				document.getElementById('imageName').innerHTML = nameElement;}
			</script></html>
]]></description>
      <styleUrl>#PolyStyle00</styleUrl>
      <MultiGeometry>
        <Polygon>
          <extrude>0</extrude><altitudeMode>clampToGround</altitudeMode>
          <outerBoundaryIs><LinearRing><coordinates> -122.0789611620903,47.27695825177907,0 -122.0788779430601,47.27701817129142,0 -122.0789032295373,47.27713955142541,0 -122.0790052116188,47.27718231697784,0 -122.0792040267764,47.27716993280941,0 -122.0793759375374,47.27712936825266,0 -122.0794853330901,47.27713956839642,0 -122.0795110251255,47.27723764840648,0 -122.0793643036153,47.27729121172222,0 -122.0795101759732,47.27732506469039,0 -122.0795229206672,47.27743482634809,0 -122.0795575485658,47.27754974829462,0 -122.0796137140986,47.27768976578413,0 -122.079728811496,47.27781031849202,0 -122.0797336285546,47.27795490803496,0 -122.0796377250194,47.27826233097034,0 -122.0804512032832,47.27828940520673,0 -122.0803825483798,47.27812460656621,0 -122.0802703853898,47.27783460466093,0 -122.0800934378282,47.27747928390315,0 -122.0798333458187,47.27727283060302,0 -122.0796084886158,47.27714641192565,0 -122.0796470056937,47.27703706200636,0 -122.0797145558013,47.27694289878482,0 -122.0795550895374,47.27684691222102,0 -122.0792394180634,47.27688923675034,0 -122.0789611620903,47.27695825177907,0</coordinates></LinearRing></outerBoundaryIs>
        </Polygon>
      </MultiGeometry>
    </Placemark>
    <Placemark id="ID_00057">
      <name>2921069014</name>
      <snippet></snippet>
      <description><![CDATA[<html xmlns:fo="http://www.w3.org/1999/XSL/Format" xmlns:msxsl="urn:schemas-microsoft-com:xslt">
<head>
<META http-equiv="Content-Type" content="text/html">
<meta http-equiv="content-type" content="text/html; charset=UTF-8">
</head>
<body style="margin:0px 0px 0px 0px;overflow:auto;background:#FFFFFF;">
<table style="font-family:Arial,Verdana,Times;font-size:12px;text-align:left;width:100%;border-collapse:collapse;padding:3px 3px 3px 3px">
<tr style="text-align:center;font-weight:bold;background:#9CBCE2">
<td>2921069014</td>
</tr>
<tr>
<td>
<table style="font-family:Arial,Verdana,Times;font-size:12px;text-align:left;width:100%;border-spacing:0px; padding:3px 3px 3px 3px">
<tr>
<td>FID</td>
<td>57</td>
</tr>
<tr bgcolor="#D4E4F3">
<td>PIN</td>
<td>2921069014</td>
</tr>
<tr>
<td>ID</td>
<td>0</td>
</tr>
<tr bgcolor="#D4E4F3">
<td>AU</td>
<td>4</td>
</tr>
<tr>
<td>NOTES</td>
<td></td>
</tr>
<tr bgcolor="#D4E4F3">
<td>INSIDE_X</td>
<td>1331530.04482</td>
</tr>
<tr>
<td>INSIDE_Y</td>
<td>103361.737256</td>
</tr>
<tr bgcolor="#D4E4F3">
<td>PolygonID</td>
<td>21112</td>
</tr>
<tr>
<td>GIS_Acres</td>
<td>0.872192</td>
</tr>
</table>
</td>
</tr>
</table>
</body><script type="text/javascript">
				function changeImage(attElement, nameElement) {
				document.getElementById('imageAttachment').src = attElement;
				document.getElementById('imageName').innerHTML = nameElement;}
			</script></html>
]]></description>
      <styleUrl>#PolyStyle00</styleUrl>
      <MultiGeometry>
        <Polygon>
          <extrude>0</extrude><altitudeMode>clampToGround</altitudeMode>
          <outerBoundaryIs><LinearRing><coordinates> -122.0772650572724,47.27682809011512,0 -122.0774234618063,47.27686466152428,0 -122.0776435878424,47.27684151102011,0 -122.077683061427,47.2766773398011,0 -122.0779465189148,47.27668942907326,0 -122.0781382173791,47.27661620373438,0 -122.0781646013039,47.27636220579122,0 -122.0781006851049,47.27624704776706,0 -122.0779621538961,47.27621104156297,0 -122.0777718422534,47.27620452554947,0 -122.0776583041325,47.27626731750035,0 -122.0776016637356,47.27637405652163,0 -122.0774969304495,47.27648972964826,0 -122.077386888589,47.2765168075953,0 -122.0772708095454,47.27649723032705,0 -122.0772584923766,47.27641790009925,0 -122.0772799252416,47.27636680554228,0 -122.0770892564441,47.27630468158754,0 -122.0770062794766,47.2763506197489,0 -122.0769526392174,47.27641453641561,0 -122.0769639805008,47.27642018877502,0 -122.0770455799905,47.2764534705935,0 -122.0770513737507,47.27651410570373,0 -122.0770430678381,47.27659793049536,0 -122.0771112972636,47.27661246197788,0 -122.0771936263606,47.27660380372055,0 -122.0773031824103,47.27660468594414,0 -122.0773847823983,47.27663796752353,0 -122.0773761529553,47.27674043232953,0 -122.0772650572724,47.27682809011512,0</coordinates></LinearRing></outerBoundaryIs>
        </Polygon>
      </MultiGeometry>
    </Placemark>
    <Placemark id="ID_00058">
      <name>2921069014</name>
      <snippet></snippet>
      <description><![CDATA[<html xmlns:fo="http://www.w3.org/1999/XSL/Format" xmlns:msxsl="urn:schemas-microsoft-com:xslt">
<head>
<META http-equiv="Content-Type" content="text/html">
<meta http-equiv="content-type" content="text/html; charset=UTF-8">
</head>
<body style="margin:0px 0px 0px 0px;overflow:auto;background:#FFFFFF;">
<table style="font-family:Arial,Verdana,Times;font-size:12px;text-align:left;width:100%;border-collapse:collapse;padding:3px 3px 3px 3px">
<tr style="text-align:center;font-weight:bold;background:#9CBCE2">
<td>2921069014</td>
</tr>
<tr>
<td>
<table style="font-family:Arial,Verdana,Times;font-size:12px;text-align:left;width:100%;border-spacing:0px; padding:3px 3px 3px 3px">
<tr>
<td>FID</td>
<td>58</td>
</tr>
<tr bgcolor="#D4E4F3">
<td>PIN</td>
<td>2921069014</td>
</tr>
<tr>
<td>ID</td>
<td>0</td>
</tr>
<tr bgcolor="#D4E4F3">
<td>AU</td>
<td>4</td>
</tr>
<tr>
<td>NOTES</td>
<td></td>
</tr>
<tr bgcolor="#D4E4F3">
<td>INSIDE_X</td>
<td>1331260.02381</td>
</tr>
<tr>
<td>INSIDE_Y</td>
<td>103744.432285</td>
</tr>
<tr bgcolor="#D4E4F3">
<td>PolygonID</td>
<td>21113</td>
</tr>
<tr>
<td>GIS_Acres</td>
<td>0.386446</td>
</tr>
</table>
</td>
</tr>
</table>
</body><script type="text/javascript">
				function changeImage(attElement, nameElement) {
				document.getElementById('imageAttachment').src = attElement;
				document.getElementById('imageName').innerHTML = nameElement;}
			</script></html>
]]></description>
      <styleUrl>#PolyStyle00</styleUrl>
      <MultiGeometry>
        <Polygon>
          <extrude>0</extrude><altitudeMode>clampToGround</altitudeMode>
          <outerBoundaryIs><LinearRing><coordinates> -122.0786886165169,47.27727298492572,0 -122.0785060370466,47.27736683921493,0 -122.0784597614971,47.27750104891722,0 -122.0785089470047,47.27762107276777,0 -122.0787053758188,47.27769741990796,0 -122.078858298348,47.27774849442424,0 -122.0790305906464,47.27782809113834,0 -122.0790355406119,47.2778024269994,0 -122.0790724461343,47.27764892220971,0 -122.0790061556581,47.27752255191973,0 -122.0788430318954,47.27745133099167,0 -122.0788305504082,47.27738132092539,0 -122.0786886165169,47.27727298492572,0</coordinates></LinearRing></outerBoundaryIs>
        </Polygon>
      </MultiGeometry>
    </Placemark>
    <Placemark id="ID_00059">
      <name>2224079033</name>
      <snippet></snippet>
      <description><![CDATA[<html xmlns:fo="http://www.w3.org/1999/XSL/Format" xmlns:msxsl="urn:schemas-microsoft-com:xslt">
<head>
<META http-equiv="Content-Type" content="text/html">
<meta http-equiv="content-type" content="text/html; charset=UTF-8">
</head>
<body style="margin:0px 0px 0px 0px;overflow:auto;background:#FFFFFF;">
<table style="font-family:Arial,Verdana,Times;font-size:12px;text-align:left;width:100%;border-collapse:collapse;padding:3px 3px 3px 3px">
<tr style="text-align:center;font-weight:bold;background:#9CBCE2">
<td>2224079033</td>
</tr>
<tr>
<td>
<table style="font-family:Arial,Verdana,Times;font-size:12px;text-align:left;width:100%;border-spacing:0px; padding:3px 3px 3px 3px">
<tr>
<td>FID</td>
<td>59</td>
</tr>
<tr bgcolor="#D4E4F3">
<td>PIN</td>
<td>2224079033</td>
</tr>
<tr>
<td>ID</td>
<td>0</td>
</tr>
<tr bgcolor="#D4E4F3">
<td>AU</td>
<td>4</td>
</tr>
<tr>
<td>NOTES</td>
<td></td>
</tr>
<tr bgcolor="#D4E4F3">
<td>INSIDE_X</td>
<td>1376103.02339</td>
</tr>
<tr>
<td>INSIDE_Y</td>
<td>201180.172255</td>
</tr>
<tr bgcolor="#D4E4F3">
<td>PolygonID</td>
<td>21116</td>
</tr>
<tr>
<td>GIS_Acres</td>
<td>1.384163</td>
</tr>
</table>
</td>
</tr>
</table>
</body><script type="text/javascript">
				function changeImage(attElement, nameElement) {
				document.getElementById('imageAttachment').src = attElement;
				document.getElementById('imageName').innerHTML = nameElement;}
			</script></html>
]]></description>
      <styleUrl>#PolyStyle00</styleUrl>
      <MultiGeometry>
        <Polygon>
          <extrude>0</extrude><altitudeMode>clampToGround</altitudeMode>
          <outerBoundaryIs><LinearRing><coordinates> -121.9046393527396,47.5457668530653,0 -121.9046362927616,47.54577085459989,0 -121.9044053693148,47.54586624520936,0 -121.9041125903431,47.54608160467179,0 -121.9038639915847,47.54621127110868,0 -121.9036239888036,47.54633527821537,0 -121.9032652997029,47.54645814982645,0 -121.9030680413566,47.54656534163228,0 -121.902785527552,47.54669468131882,0 -121.902621937982,47.54681367642357,0 -121.9024539000776,47.54692058686107,0 -121.9024552185372,47.54692137905135,0 -121.9024737915983,47.54693255813847,0 -121.9027769775614,47.54692857861322,0 -121.9032615097524,47.54692217409373,0 -121.9034700542261,47.54680456606348,0 -121.9038207464236,47.5466586534937,0 -121.903985649144,47.54647651854994,0 -121.9040908493295,47.5463110357598,0 -121.9043652392971,47.54616439232902,0 -121.9045712101707,47.5460457995713,0 -121.9046755705225,47.54592049501461,0 -121.9046393527396,47.5457668530653,0</coordinates></LinearRing></outerBoundaryIs>
        </Polygon>
      </MultiGeometry>
    </Placemark>
    <Placemark id="ID_00060">
      <name>2224079033</name>
      <snippet></snippet>
      <description><![CDATA[<html xmlns:fo="http://www.w3.org/1999/XSL/Format" xmlns:msxsl="urn:schemas-microsoft-com:xslt">
<head>
<META http-equiv="Content-Type" content="text/html">
<meta http-equiv="content-type" content="text/html; charset=UTF-8">
</head>
<body style="margin:0px 0px 0px 0px;overflow:auto;background:#FFFFFF;">
<table style="font-family:Arial,Verdana,Times;font-size:12px;text-align:left;width:100%;border-collapse:collapse;padding:3px 3px 3px 3px">
<tr style="text-align:center;font-weight:bold;background:#9CBCE2">
<td>2224079033</td>
</tr>
<tr>
<td>
<table style="font-family:Arial,Verdana,Times;font-size:12px;text-align:left;width:100%;border-spacing:0px; padding:3px 3px 3px 3px">
<tr>
<td>FID</td>
<td>60</td>
</tr>
<tr bgcolor="#D4E4F3">
<td>PIN</td>
<td>2224079033</td>
</tr>
<tr>
<td>ID</td>
<td>0</td>
</tr>
<tr bgcolor="#D4E4F3">
<td>AU</td>
<td>1</td>
</tr>
<tr>
<td>NOTES</td>
<td></td>
</tr>
<tr bgcolor="#D4E4F3">
<td>INSIDE_X</td>
<td>1375738.65314</td>
</tr>
<tr>
<td>INSIDE_Y</td>
<td>201105.347058</td>
</tr>
<tr bgcolor="#D4E4F3">
<td>PolygonID</td>
<td>21117</td>
</tr>
<tr>
<td>GIS_Acres</td>
<td>4.2457</td>
</tr>
</table>
</td>
</tr>
</table>
</body><script type="text/javascript">
				function changeImage(attElement, nameElement) {
				document.getElementById('imageAttachment').src = attElement;
				document.getElementById('imageName').innerHTML = nameElement;}
			</script></html>
]]></description>
      <styleUrl>#PolyStyle00</styleUrl>
      <MultiGeometry>
        <Polygon>
          <extrude>0</extrude><altitudeMode>clampToGround</altitudeMode>
          <outerBoundaryIs><LinearRing><coordinates> -121.9046393527396,47.5457668530653,0 -121.9046755705225,47.54592049501461,0 -121.9045712101707,47.5460457995713,0 -121.9043652392971,47.54616439232902,0 -121.9040908493295,47.5463110357598,0 -121.903985649144,47.54647651854994,0 -121.9038207464236,47.5466586534937,0 -121.9034700542261,47.54680456606348,0 -121.9032615097524,47.54692217409373,0 -121.9032668769523,47.54692210313879,0 -121.9035420688395,47.54691846875471,0 -121.9035422906504,47.54691846576659,0 -121.9064740256095,47.54649570091279,0 -121.9063152969996,47.54617152444187,0 -121.9061243757045,47.54597451047457,0 -121.9058559645493,47.54583416659682,0 -121.9054834360971,47.54580764784981,0 -121.9052055939001,47.54571314020221,0 -121.905182910928,47.54558088130887,0 -121.905136708564,47.54535654231716,0 -121.9050291581495,47.54528022482938,0 -121.9048799970827,47.54546891059437,0 -121.9047321750155,47.54564546900775,0 -121.9046393527396,47.5457668530653,0</coordinates></LinearRing></outerBoundaryIs>
        </Polygon>
      </MultiGeometry>
    </Placemark>
    <Placemark id="ID_00061">
      <name>2224079033</name>
      <snippet></snippet>
      <description><![CDATA[<html xmlns:fo="http://www.w3.org/1999/XSL/Format" xmlns:msxsl="urn:schemas-microsoft-com:xslt">
<head>
<META http-equiv="Content-Type" content="text/html">
<meta http-equiv="content-type" content="text/html; charset=UTF-8">
</head>
<body style="margin:0px 0px 0px 0px;overflow:auto;background:#FFFFFF;">
<table style="font-family:Arial,Verdana,Times;font-size:12px;text-align:left;width:100%;border-collapse:collapse;padding:3px 3px 3px 3px">
<tr style="text-align:center;font-weight:bold;background:#9CBCE2">
<td>2224079033</td>
</tr>
<tr>
<td>
<table style="font-family:Arial,Verdana,Times;font-size:12px;text-align:left;width:100%;border-spacing:0px; padding:3px 3px 3px 3px">
<tr>
<td>FID</td>
<td>61</td>
</tr>
<tr bgcolor="#D4E4F3">
<td>PIN</td>
<td>2224079033</td>
</tr>
<tr>
<td>ID</td>
<td>0</td>
</tr>
<tr bgcolor="#D4E4F3">
<td>AU</td>
<td>2</td>
</tr>
<tr>
<td>NOTES</td>
<td></td>
</tr>
<tr bgcolor="#D4E4F3">
<td>INSIDE_X</td>
<td>1374968.13415</td>
</tr>
<tr>
<td>INSIDE_Y</td>
<td>200160.655031</td>
</tr>
<tr bgcolor="#D4E4F3">
<td>PolygonID</td>
<td>21118</td>
</tr>
<tr>
<td>GIS_Acres</td>
<td>1.26127</td>
</tr>
</table>
</td>
</tr>
</table>
</body><script type="text/javascript">
				function changeImage(attElement, nameElement) {
				document.getElementById('imageAttachment').src = attElement;
				document.getElementById('imageName').innerHTML = nameElement;}
			</script></html>
]]></description>
      <styleUrl>#PolyStyle00</styleUrl>
      <MultiGeometry>
        <Polygon>
          <extrude>0</extrude><altitudeMode>clampToGround</altitudeMode>
          <outerBoundaryIs><LinearRing><coordinates> -121.907213867023,47.54345224673073,0 -121.9073686052866,47.54363257334195,0 -121.9076705600196,47.54379045617268,0 -121.9081670135949,47.54397315404159,0 -121.908576298791,47.54386223057934,0 -121.9088276832939,47.54379576392328,0 -121.9088277343035,47.54369671166909,0 -121.9088277376672,47.54369275552359,0 -121.908827876207,47.54342857163612,0 -121.907213867023,47.54345224673073,0</coordinates></LinearRing></outerBoundaryIs>
        </Polygon>
      </MultiGeometry>
    </Placemark>
    <Placemark id="ID_00062">
      <name>2224079033</name>
      <snippet></snippet>
      <description><![CDATA[<html xmlns:fo="http://www.w3.org/1999/XSL/Format" xmlns:msxsl="urn:schemas-microsoft-com:xslt">
<head>
<META http-equiv="Content-Type" content="text/html">
<meta http-equiv="content-type" content="text/html; charset=UTF-8">
</head>
<body style="margin:0px 0px 0px 0px;overflow:auto;background:#FFFFFF;">
<table style="font-family:Arial,Verdana,Times;font-size:12px;text-align:left;width:100%;border-collapse:collapse;padding:3px 3px 3px 3px">
<tr style="text-align:center;font-weight:bold;background:#9CBCE2">
<td>2224079033</td>
</tr>
<tr>
<td>
<table style="font-family:Arial,Verdana,Times;font-size:12px;text-align:left;width:100%;border-spacing:0px; padding:3px 3px 3px 3px">
<tr>
<td>FID</td>
<td>62</td>
</tr>
<tr bgcolor="#D4E4F3">
<td>PIN</td>
<td>2224079033</td>
</tr>
<tr>
<td>ID</td>
<td>0</td>
</tr>
<tr bgcolor="#D4E4F3">
<td>AU</td>
<td>3</td>
</tr>
<tr>
<td>NOTES</td>
<td></td>
</tr>
<tr bgcolor="#D4E4F3">
<td>INSIDE_X</td>
<td>1375260.73549</td>
</tr>
<tr>
<td>INSIDE_Y</td>
<td>200979.001126</td>
</tr>
<tr bgcolor="#D4E4F3">
<td>PolygonID</td>
<td>21119</td>
</tr>
<tr>
<td>GIS_Acres</td>
<td>3.914877</td>
</tr>
</table>
</td>
</tr>
</table>
</body><script type="text/javascript">
				function changeImage(attElement, nameElement) {
				document.getElementById('imageAttachment').src = attElement;
				document.getElementById('imageName').innerHTML = nameElement;}
			</script></html>
]]></description>
      <styleUrl>#PolyStyle00</styleUrl>
      <MultiGeometry>
        <Polygon>
          <extrude>0</extrude><altitudeMode>clampToGround</altitudeMode>
          <outerBoundaryIs><LinearRing><coordinates> -121.905775490792,47.54549228568754,0 -121.9056313756059,47.54562534862509,0 -121.9054509483861,47.54579659725169,0 -121.9054834360971,47.54580764784981,0 -121.9058559645493,47.54583416659682,0 -121.9061243757045,47.54597451047457,0 -121.9063152969996,47.54617152444187,0 -121.9064740256095,47.54649570091279,0 -121.9080977669463,47.54626151736684,0 -121.9081054757932,47.54611969154275,0 -121.9081516778457,47.54593642037271,0 -121.9081664732358,47.54563228977639,0 -121.9078474325328,47.54547998657299,0 -121.9072962843492,47.54548047733776,0 -121.9069645930322,47.54552898513062,0 -121.9065074118186,47.54549592185821,0 -121.9059738155214,47.54546786876794,0 -121.905775490792,47.54549228568754,0</coordinates></LinearRing></outerBoundaryIs>
        </Polygon>
      </MultiGeometry>
    </Placemark>
    <Placemark id="ID_00063">
      <name>2224079033</name>
      <snippet></snippet>
      <description><![CDATA[<html xmlns:fo="http://www.w3.org/1999/XSL/Format" xmlns:msxsl="urn:schemas-microsoft-com:xslt">
<head>
<META http-equiv="Content-Type" content="text/html">
<meta http-equiv="content-type" content="text/html; charset=UTF-8">
</head>
<body style="margin:0px 0px 0px 0px;overflow:auto;background:#FFFFFF;">
<table style="font-family:Arial,Verdana,Times;font-size:12px;text-align:left;width:100%;border-collapse:collapse;padding:3px 3px 3px 3px">
<tr style="text-align:center;font-weight:bold;background:#9CBCE2">
<td>2224079033</td>
</tr>
<tr>
<td>
<table style="font-family:Arial,Verdana,Times;font-size:12px;text-align:left;width:100%;border-spacing:0px; padding:3px 3px 3px 3px">
<tr>
<td>FID</td>
<td>63</td>
</tr>
<tr bgcolor="#D4E4F3">
<td>PIN</td>
<td>2224079033</td>
</tr>
<tr>
<td>ID</td>
<td>0</td>
</tr>
<tr bgcolor="#D4E4F3">
<td>AU</td>
<td>1</td>
</tr>
<tr>
<td>NOTES</td>
<td></td>
</tr>
<tr bgcolor="#D4E4F3">
<td>INSIDE_X</td>
<td>1375439.15254</td>
</tr>
<tr>
<td>INSIDE_Y</td>
<td>200612.015966</td>
</tr>
<tr bgcolor="#D4E4F3">
<td>PolygonID</td>
<td>21120</td>
</tr>
<tr>
<td>GIS_Acres</td>
<td>3.431788</td>
</tr>
</table>
</td>
</tr>
</table>
</body><script type="text/javascript">
				function changeImage(attElement, nameElement) {
				document.getElementById('imageAttachment').src = attElement;
				document.getElementById('imageName').innerHTML = nameElement;}
			</script></html>
]]></description>
      <styleUrl>#PolyStyle00</styleUrl>
      <MultiGeometry>
        <Polygon>
          <extrude>0</extrude><altitudeMode>clampToGround</altitudeMode>
          <outerBoundaryIs><LinearRing><coordinates> -121.9050291581526,47.54528022482972,0 -121.905136708564,47.54535654231716,0 -121.905182910928,47.54558088130887,0 -121.9052055939001,47.54571314020229,0 -121.9054509483861,47.54579659725169,0 -121.9056313756059,47.54562534862509,0 -121.9059944729407,47.54529009571259,0 -121.9063888480145,47.54508144129969,0 -121.9068726509121,47.5450573490967,0 -121.9072726348561,47.54498652843424,0 -121.9074372817941,47.54481586800783,0 -121.9074168599311,47.54457455261461,0 -121.9071174071221,47.54429613256292,0 -121.906787155349,47.54427576188854,0 -121.9065994638749,47.54433138223132,0 -121.9061827685185,47.54439055920796,0 -121.9058661262865,47.54453106292315,0 -121.9055997483532,47.54470075031697,0 -121.9055700151721,47.54490714156845,0 -121.9054561062113,47.54508402456785,0 -121.9050291581526,47.54528022482972,0</coordinates></LinearRing></outerBoundaryIs>
        </Polygon>
      </MultiGeometry>
    </Placemark>
    <Placemark id="ID_00064">
      <name>2322029199</name>
      <snippet></snippet>
      <description><![CDATA[<html xmlns:fo="http://www.w3.org/1999/XSL/Format" xmlns:msxsl="urn:schemas-microsoft-com:xslt">
<head>
<META http-equiv="Content-Type" content="text/html">
<meta http-equiv="content-type" content="text/html; charset=UTF-8">
</head>
<body style="margin:0px 0px 0px 0px;overflow:auto;background:#FFFFFF;">
<table style="font-family:Arial,Verdana,Times;font-size:12px;text-align:left;width:100%;border-collapse:collapse;padding:3px 3px 3px 3px">
<tr style="text-align:center;font-weight:bold;background:#9CBCE2">
<td>2322029199</td>
</tr>
<tr>
<td>
<table style="font-family:Arial,Verdana,Times;font-size:12px;text-align:left;width:100%;border-spacing:0px; padding:3px 3px 3px 3px">
<tr>
<td>FID</td>
<td>64</td>
</tr>
<tr bgcolor="#D4E4F3">
<td>PIN</td>
<td>2322029199</td>
</tr>
<tr>
<td>ID</td>
<td>0</td>
</tr>
<tr bgcolor="#D4E4F3">
<td>AU</td>
<td>2</td>
</tr>
<tr>
<td>NOTES</td>
<td></td>
</tr>
<tr bgcolor="#D4E4F3">
<td>INSIDE_X</td>
<td>1225686.65489</td>
</tr>
<tr>
<td>INSIDE_Y</td>
<td>142556.647958</td>
</tr>
<tr bgcolor="#D4E4F3">
<td>PolygonID</td>
<td>21121</td>
</tr>
<tr>
<td>GIS_Acres</td>
<td>0.488038</td>
</tr>
</table>
</td>
</tr>
</table>
</body><script type="text/javascript">
				function changeImage(attElement, nameElement) {
				document.getElementById('imageAttachment').src = attElement;
				document.getElementById('imageName').innerHTML = nameElement;}
			</script></html>
]]></description>
      <styleUrl>#PolyStyle00</styleUrl>
      <MultiGeometry>
        <Polygon>
          <extrude>0</extrude><altitudeMode>clampToGround</altitudeMode>
          <outerBoundaryIs><LinearRing><coordinates> -122.5067774756049,47.37861697485788,0 -122.5074547039846,47.37862601848165,0 -122.5076487433421,47.37846830345225,0 -122.50781508147,47.37826532714613,0 -122.5075641937433,47.37819854298817,0 -122.5070981118066,47.37838708912027,0 -122.506864548852,47.37853720988355,0 -122.5067774756049,47.37861697485788,0</coordinates></LinearRing></outerBoundaryIs>
        </Polygon>
      </MultiGeometry>
    </Placemark>
    <Placemark id="ID_00065">
      <name>2322029199</name>
      <snippet></snippet>
      <description><![CDATA[<html xmlns:fo="http://www.w3.org/1999/XSL/Format" xmlns:msxsl="urn:schemas-microsoft-com:xslt">
<head>
<META http-equiv="Content-Type" content="text/html">
<meta http-equiv="content-type" content="text/html; charset=UTF-8">
</head>
<body style="margin:0px 0px 0px 0px;overflow:auto;background:#FFFFFF;">
<table style="font-family:Arial,Verdana,Times;font-size:12px;text-align:left;width:100%;border-collapse:collapse;padding:3px 3px 3px 3px">
<tr style="text-align:center;font-weight:bold;background:#9CBCE2">
<td>2322029199</td>
</tr>
<tr>
<td>
<table style="font-family:Arial,Verdana,Times;font-size:12px;text-align:left;width:100%;border-spacing:0px; padding:3px 3px 3px 3px">
<tr>
<td>FID</td>
<td>65</td>
</tr>
<tr bgcolor="#D4E4F3">
<td>PIN</td>
<td>2322029199</td>
</tr>
<tr>
<td>ID</td>
<td>0</td>
</tr>
<tr bgcolor="#D4E4F3">
<td>AU</td>
<td>4</td>
</tr>
<tr>
<td>NOTES</td>
<td></td>
</tr>
<tr bgcolor="#D4E4F3">
<td>INSIDE_X</td>
<td>1225626.88812</td>
</tr>
<tr>
<td>INSIDE_Y</td>
<td>142317.200851</td>
</tr>
<tr bgcolor="#D4E4F3">
<td>PolygonID</td>
<td>21122</td>
</tr>
<tr>
<td>GIS_Acres</td>
<td>7.280389</td>
</tr>
</table>
</td>
</tr>
</table>
</body><script type="text/javascript">
				function changeImage(attElement, nameElement) {
				document.getElementById('imageAttachment').src = attElement;
				document.getElementById('imageName').innerHTML = nameElement;}
			</script></html>
]]></description>
      <styleUrl>#PolyStyle00</styleUrl>
      <MultiGeometry>
        <Polygon>
          <extrude>0</extrude><altitudeMode>clampToGround</altitudeMode>
          <outerBoundaryIs><LinearRing><coordinates> -122.5059970460334,47.37860654813281,0 -122.5067774756049,47.37861697485788,0 -122.506864548852,47.37853720988355,0 -122.5070981118066,47.37838708912027,0 -122.5075641937433,47.37819854298817,0 -122.50781508147,47.37826532714613,0 -122.5076487433421,47.37846830345225,0 -122.5074547039846,47.37862601848165,0 -122.5087479341067,47.37864327699366,0 -122.508739803102,47.37819568944814,0 -122.5087158121112,47.37706843863093,0 -122.5084250706913,47.37716407271269,0 -122.5082120845583,47.37718287115417,0 -122.5079902811118,47.37710964202059,0 -122.5078462277788,47.37699732229447,0 -122.5076054470078,47.37688458693165,0 -122.5074313365242,47.37688383890574,0 -122.5069961215901,47.3768753972803,0 -122.5066859791014,47.37693976966258,0 -122.5064617876934,47.37712278330461,0 -122.5064603162217,47.37728047297276,0 -122.5065064122788,47.37752378609355,0 -122.5064172712014,47.3777468049534,0 -122.5063877004244,47.37780581361723,0 -122.5064445119594,47.37793747156171,0 -122.5066269504497,47.37808281157783,0 -122.5064991779753,47.37829909353719,0 -122.5061299450558,47.3784749113095,0 -122.5059970460334,47.37860654813281,0</coordinates></LinearRing></outerBoundaryIs>
        </Polygon>
      </MultiGeometry>
    </Placemark>
    <Placemark id="ID_00066">
      <name>2322029035</name>
      <snippet></snippet>
      <description><![CDATA[<html xmlns:fo="http://www.w3.org/1999/XSL/Format" xmlns:msxsl="urn:schemas-microsoft-com:xslt">
<head>
<META http-equiv="Content-Type" content="text/html">
<meta http-equiv="content-type" content="text/html; charset=UTF-8">
</head>
<body style="margin:0px 0px 0px 0px;overflow:auto;background:#FFFFFF;">
<table style="font-family:Arial,Verdana,Times;font-size:12px;text-align:left;width:100%;border-collapse:collapse;padding:3px 3px 3px 3px">
<tr style="text-align:center;font-weight:bold;background:#9CBCE2">
<td>2322029035</td>
</tr>
<tr>
<td>
<table style="font-family:Arial,Verdana,Times;font-size:12px;text-align:left;width:100%;border-spacing:0px; padding:3px 3px 3px 3px">
<tr>
<td>FID</td>
<td>66</td>
</tr>
<tr bgcolor="#D4E4F3">
<td>PIN</td>
<td>2322029035</td>
</tr>
<tr>
<td>ID</td>
<td>0</td>
</tr>
<tr bgcolor="#D4E4F3">
<td>AU</td>
<td>3</td>
</tr>
<tr>
<td>NOTES</td>
<td></td>
</tr>
<tr bgcolor="#D4E4F3">
<td>INSIDE_X</td>
<td>1226094.89642</td>
</tr>
<tr>
<td>INSIDE_Y</td>
<td>142641.323294</td>
</tr>
<tr bgcolor="#D4E4F3">
<td>PolygonID</td>
<td>21123</td>
</tr>
<tr>
<td>GIS_Acres</td>
<td>0.1394</td>
</tr>
</table>
</td>
</tr>
</table>
</body><script type="text/javascript">
				function changeImage(attElement, nameElement) {
				document.getElementById('imageAttachment').src = attElement;
				document.getElementById('imageName').innerHTML = nameElement;}
			</script></html>
]]></description>
      <styleUrl>#PolyStyle00</styleUrl>
      <MultiGeometry>
        <Polygon>
          <extrude>0</extrude><altitudeMode>clampToGround</altitudeMode>
          <outerBoundaryIs><LinearRing><coordinates> -122.505997046033,47.37860654814578,0 -122.5055519751795,47.37860059949946,0 -122.5055367808306,47.37860039646288,0 -122.505577809212,47.37887960253943,0 -122.5055699918329,47.37889968060303,0 -122.5057693390044,47.37876246639134,0 -122.505997046033,47.37860654814578,0</coordinates></LinearRing></outerBoundaryIs>
        </Polygon>
      </MultiGeometry>
    </Placemark>
    <Placemark id="ID_00067">
      <name>2322029035</name>
      <snippet></snippet>
      <description><![CDATA[<html xmlns:fo="http://www.w3.org/1999/XSL/Format" xmlns:msxsl="urn:schemas-microsoft-com:xslt">
<head>
<META http-equiv="Content-Type" content="text/html">
<meta http-equiv="content-type" content="text/html; charset=UTF-8">
</head>
<body style="margin:0px 0px 0px 0px;overflow:auto;background:#FFFFFF;">
<table style="font-family:Arial,Verdana,Times;font-size:12px;text-align:left;width:100%;border-collapse:collapse;padding:3px 3px 3px 3px">
<tr style="text-align:center;font-weight:bold;background:#9CBCE2">
<td>2322029035</td>
</tr>
<tr>
<td>
<table style="font-family:Arial,Verdana,Times;font-size:12px;text-align:left;width:100%;border-spacing:0px; padding:3px 3px 3px 3px">
<tr>
<td>FID</td>
<td>67</td>
</tr>
<tr bgcolor="#D4E4F3">
<td>PIN</td>
<td>2322029035</td>
</tr>
<tr>
<td>ID</td>
<td>0</td>
</tr>
<tr bgcolor="#D4E4F3">
<td>AU</td>
<td>4</td>
</tr>
<tr>
<td>NOTES</td>
<td></td>
</tr>
<tr bgcolor="#D4E4F3">
<td>INSIDE_X</td>
<td>1225993.18655</td>
</tr>
<tr>
<td>INSIDE_Y</td>
<td>142689.682095</td>
</tr>
<tr bgcolor="#D4E4F3">
<td>PolygonID</td>
<td>21124</td>
</tr>
<tr>
<td>GIS_Acres</td>
<td>0.743602</td>
</tr>
</table>
</td>
</tr>
</table>
</body><script type="text/javascript">
				function changeImage(attElement, nameElement) {
				document.getElementById('imageAttachment').src = attElement;
				document.getElementById('imageName').innerHTML = nameElement;}
			</script></html>
]]></description>
      <styleUrl>#PolyStyle00</styleUrl>
      <MultiGeometry>
        <Polygon>
          <extrude>0</extrude><altitudeMode>clampToGround</altitudeMode>
          <outerBoundaryIs><LinearRing><coordinates> -122.5055699918329,47.37889968060303,0 -122.5055173111074,47.37903498473586,0 -122.5062864151763,47.37904486155656,0 -122.5065036398013,47.37885761929125,0 -122.5067774756042,47.37861697487943,0 -122.505997046033,47.37860654814578,0 -122.5057693390044,47.37876246639134,0 -122.5055699918329,47.37889968060303,0</coordinates></LinearRing></outerBoundaryIs>
        </Polygon>
      </MultiGeometry>
    </Placemark>
    <Placemark id="ID_00068">
      <name>2322029036</name>
      <snippet></snippet>
      <description><![CDATA[<html xmlns:fo="http://www.w3.org/1999/XSL/Format" xmlns:msxsl="urn:schemas-microsoft-com:xslt">
<head>
<META http-equiv="Content-Type" content="text/html">
<meta http-equiv="content-type" content="text/html; charset=UTF-8">
</head>
<body style="margin:0px 0px 0px 0px;overflow:auto;background:#FFFFFF;">
<table style="font-family:Arial,Verdana,Times;font-size:12px;text-align:left;width:100%;border-collapse:collapse;padding:3px 3px 3px 3px">
<tr style="text-align:center;font-weight:bold;background:#9CBCE2">
<td>2322029036</td>
</tr>
<tr>
<td>
<table style="font-family:Arial,Verdana,Times;font-size:12px;text-align:left;width:100%;border-spacing:0px; padding:3px 3px 3px 3px">
<tr>
<td>FID</td>
<td>68</td>
</tr>
<tr bgcolor="#D4E4F3">
<td>PIN</td>
<td>2322029036</td>
</tr>
<tr>
<td>ID</td>
<td>0</td>
</tr>
<tr bgcolor="#D4E4F3">
<td>AU</td>
<td>2</td>
</tr>
<tr>
<td>NOTES</td>
<td></td>
</tr>
<tr bgcolor="#D4E4F3">
<td>INSIDE_X</td>
<td>1225696.93776</td>
</tr>
<tr>
<td>INSIDE_Y</td>
<td>142814.935625</td>
</tr>
<tr bgcolor="#D4E4F3">
<td>PolygonID</td>
<td>21125</td>
</tr>
<tr>
<td>GIS_Acres</td>
<td>0.718674</td>
</tr>
</table>
</td>
</tr>
</table>
</body><script type="text/javascript">
				function changeImage(attElement, nameElement) {
				document.getElementById('imageAttachment').src = attElement;
				document.getElementById('imageName').innerHTML = nameElement;}
			</script></html>
]]></description>
      <styleUrl>#PolyStyle00</styleUrl>
      <MultiGeometry>
        <Polygon>
          <extrude>0</extrude><altitudeMode>clampToGround</altitudeMode>
          <outerBoundaryIs><LinearRing><coordinates> -122.5062864151776,47.37904486151159,0 -122.5062598240692,47.37911582480778,0 -122.5063015721592,47.37914933549123,0 -122.5064485351494,47.37917615688842,0 -122.5066764228387,47.37916999551968,0 -122.5069425984654,47.37919256770991,0 -122.5071167583325,47.37930997473629,0 -122.5072356382223,47.37934143592243,0 -122.5075091352408,47.379330707397,0 -122.5076920131759,47.37926483121094,0 -122.507843523418,47.37917977385024,0 -122.5080228068958,47.37912340480904,0 -122.5083064854459,47.37914842972714,0 -122.5085378556434,47.37914466037213,0 -122.5086149586647,47.37907473286268,0 -122.5062864151776,47.37904486151159,0</coordinates></LinearRing></outerBoundaryIs>
        </Polygon>
      </MultiGeometry>
    </Placemark>
    <Placemark id="ID_00069">
      <name>2322029035</name>
      <snippet></snippet>
      <description><![CDATA[<html xmlns:fo="http://www.w3.org/1999/XSL/Format" xmlns:msxsl="urn:schemas-microsoft-com:xslt">
<head>
<META http-equiv="Content-Type" content="text/html">
<meta http-equiv="content-type" content="text/html; charset=UTF-8">
</head>
<body style="margin:0px 0px 0px 0px;overflow:auto;background:#FFFFFF;">
<table style="font-family:Arial,Verdana,Times;font-size:12px;text-align:left;width:100%;border-collapse:collapse;padding:3px 3px 3px 3px">
<tr style="text-align:center;font-weight:bold;background:#9CBCE2">
<td>2322029035</td>
</tr>
<tr>
<td>
<table style="font-family:Arial,Verdana,Times;font-size:12px;text-align:left;width:100%;border-spacing:0px; padding:3px 3px 3px 3px">
<tr>
<td>FID</td>
<td>69</td>
</tr>
<tr bgcolor="#D4E4F3">
<td>PIN</td>
<td>2322029035</td>
</tr>
<tr>
<td>ID</td>
<td>0</td>
</tr>
<tr bgcolor="#D4E4F3">
<td>AU</td>
<td>4</td>
</tr>
<tr>
<td>NOTES</td>
<td></td>
</tr>
<tr bgcolor="#D4E4F3">
<td>INSIDE_X</td>
<td>1225553.0785</td>
</tr>
<tr>
<td>INSIDE_Y</td>
<td>142688.278658</td>
</tr>
<tr bgcolor="#D4E4F3">
<td>PolygonID</td>
<td>21126</td>
</tr>
<tr>
<td>GIS_Acres</td>
<td>0.835065</td>
</tr>
</table>
</td>
</tr>
</table>
</body><script type="text/javascript">
				function changeImage(attElement, nameElement) {
				document.getElementById('imageAttachment').src = attElement;
				document.getElementById('imageName').innerHTML = nameElement;}
			</script></html>
]]></description>
      <styleUrl>#PolyStyle00</styleUrl>
      <MultiGeometry>
        <Polygon>
          <extrude>0</extrude><altitudeMode>clampToGround</altitudeMode>
          <outerBoundaryIs><LinearRing><coordinates> -122.5071540287184,47.37891356881196,0 -122.5072672488881,47.37895826677225,0 -122.5074391010993,47.37894710145574,0 -122.5075892587224,47.37900726599144,0 -122.5078623551837,47.37903938888241,0 -122.5080875343721,47.37894750512155,0 -122.5081968069277,47.37888131224211,0 -122.5083622463972,47.37880583705827,0 -122.5086535525448,47.378764232086,0 -122.5087499571113,47.3787606045857,0 -122.5087479341067,47.37864327699366,0 -122.5074547039846,47.37862601848169,0 -122.5073366337012,47.37874293041692,0 -122.5072776154241,47.37884780738986,0 -122.5071540287184,47.37891356881196,0</coordinates></LinearRing></outerBoundaryIs>
        </Polygon>
      </MultiGeometry>
    </Placemark>
    <Placemark id="ID_00070">
      <name>2322029035</name>
      <snippet></snippet>
      <description><![CDATA[<html xmlns:fo="http://www.w3.org/1999/XSL/Format" xmlns:msxsl="urn:schemas-microsoft-com:xslt">
<head>
<META http-equiv="Content-Type" content="text/html">
<meta http-equiv="content-type" content="text/html; charset=UTF-8">
</head>
<body style="margin:0px 0px 0px 0px;overflow:auto;background:#FFFFFF;">
<table style="font-family:Arial,Verdana,Times;font-size:12px;text-align:left;width:100%;border-collapse:collapse;padding:3px 3px 3px 3px">
<tr style="text-align:center;font-weight:bold;background:#9CBCE2">
<td>2322029035</td>
</tr>
<tr>
<td>
<table style="font-family:Arial,Verdana,Times;font-size:12px;text-align:left;width:100%;border-spacing:0px; padding:3px 3px 3px 3px">
<tr>
<td>FID</td>
<td>70</td>
</tr>
<tr bgcolor="#D4E4F3">
<td>PIN</td>
<td>2322029035</td>
</tr>
<tr>
<td>ID</td>
<td>0</td>
</tr>
<tr bgcolor="#D4E4F3">
<td>AU</td>
<td>2</td>
</tr>
<tr>
<td>NOTES</td>
<td></td>
</tr>
<tr bgcolor="#D4E4F3">
<td>INSIDE_X</td>
<td>1225800.31606</td>
</tr>
<tr>
<td>INSIDE_Y</td>
<td>142697.179644</td>
</tr>
<tr bgcolor="#D4E4F3">
<td>PolygonID</td>
<td>21127</td>
</tr>
<tr>
<td>GIS_Acres</td>
<td>1.161395</td>
</tr>
</table>
</td>
</tr>
</table>
</body><script type="text/javascript">
				function changeImage(attElement, nameElement) {
				document.getElementById('imageAttachment').src = attElement;
				document.getElementById('imageName').innerHTML = nameElement;}
			</script></html>
]]></description>
      <styleUrl>#PolyStyle00</styleUrl>
      <MultiGeometry>
        <Polygon>
          <extrude>0</extrude><altitudeMode>clampToGround</altitudeMode>
          <outerBoundaryIs><LinearRing><coordinates> -122.5062864151763,47.37904486155657,0 -122.5068926615444,47.37905264327923,0 -122.507885666577,47.37906538238718,0 -122.5087554044992,47.37907653303858,0 -122.508752244521,47.37889326633436,0 -122.508750099636,47.37876887052548,0 -122.5087499571113,47.37876060458572,0 -122.5086535525448,47.37876423208598,0 -122.5083622463972,47.37880583705822,0 -122.5081968069276,47.37888131224213,0 -122.5080875343721,47.37894750512157,0 -122.5078623551837,47.37903938888238,0 -122.5075892587223,47.37900726599143,0 -122.5074391010993,47.37894710145576,0 -122.5072672488881,47.37895826677224,0 -122.5071540287181,47.3789135688117,0 -122.5072776154241,47.37884780738987,0 -122.5073366337012,47.37874293041691,0 -122.5074547039846,47.3786260184817,0 -122.5067774756042,47.37861697487943,0 -122.5065036398013,47.37885761929127,0 -122.5062864151763,47.37904486155657,0</coordinates></LinearRing></outerBoundaryIs>
        </Polygon>
      </MultiGeometry>
    </Placemark>
    <Placemark id="ID_00071">
      <name>2322029035</name>
      <snippet></snippet>
      <description><![CDATA[<html xmlns:fo="http://www.w3.org/1999/XSL/Format" xmlns:msxsl="urn:schemas-microsoft-com:xslt">
<head>
<META http-equiv="Content-Type" content="text/html">
<meta http-equiv="content-type" content="text/html; charset=UTF-8">
</head>
<body style="margin:0px 0px 0px 0px;overflow:auto;background:#FFFFFF;">
<table style="font-family:Arial,Verdana,Times;font-size:12px;text-align:left;width:100%;border-collapse:collapse;padding:3px 3px 3px 3px">
<tr style="text-align:center;font-weight:bold;background:#9CBCE2">
<td>2322029035</td>
</tr>
<tr>
<td>
<table style="font-family:Arial,Verdana,Times;font-size:12px;text-align:left;width:100%;border-spacing:0px; padding:3px 3px 3px 3px">
<tr>
<td>FID</td>
<td>71</td>
</tr>
<tr bgcolor="#D4E4F3">
<td>PIN</td>
<td>2322029035</td>
</tr>
<tr>
<td>ID</td>
<td>0</td>
</tr>
<tr bgcolor="#D4E4F3">
<td>AU</td>
<td>4</td>
</tr>
<tr>
<td>NOTES</td>
<td></td>
</tr>
<tr bgcolor="#D4E4F3">
<td>INSIDE_X</td>
<td>1226413.01145</td>
</tr>
<tr>
<td>INSIDE_Y</td>
<td>142671.111979</td>
</tr>
<tr bgcolor="#D4E4F3">
<td>PolygonID</td>
<td>21128</td>
</tr>
<tr>
<td>GIS_Acres</td>
<td>1.590997</td>
</tr>
</table>
</td>
</tr>
</table>
</body><script type="text/javascript">
				function changeImage(attElement, nameElement) {
				document.getElementById('imageAttachment').src = attElement;
				document.getElementById('imageName').innerHTML = nameElement;}
			</script></html>
]]></description>
      <styleUrl>#PolyStyle00</styleUrl>
      <MultiGeometry>
        <Polygon>
          <extrude>0</extrude><altitudeMode>clampToGround</altitudeMode>
          <outerBoundaryIs><LinearRing><coordinates> -122.5035347540936,47.37900228849101,0 -122.5052832778849,47.37902851515435,0 -122.5053409978806,47.37888638091141,0 -122.5052878119282,47.3785970703469,0 -122.5035267879576,47.37857350949427,0 -122.5035347540936,47.37900228849101,0</coordinates></LinearRing></outerBoundaryIs>
        </Polygon>
      </MultiGeometry>
    </Placemark>
    <Placemark id="ID_00072">
      <name>2924069021</name>
      <snippet></snippet>
      <description><![CDATA[<html xmlns:fo="http://www.w3.org/1999/XSL/Format" xmlns:msxsl="urn:schemas-microsoft-com:xslt">
<head>
<META http-equiv="Content-Type" content="text/html">
<meta http-equiv="content-type" content="text/html; charset=UTF-8">
</head>
<body style="margin:0px 0px 0px 0px;overflow:auto;background:#FFFFFF;">
<table style="font-family:Arial,Verdana,Times;font-size:12px;text-align:left;width:100%;border-collapse:collapse;padding:3px 3px 3px 3px">
<tr style="text-align:center;font-weight:bold;background:#9CBCE2">
<td>2924069021</td>
</tr>
<tr>
<td>
<table style="font-family:Arial,Verdana,Times;font-size:12px;text-align:left;width:100%;border-spacing:0px; padding:3px 3px 3px 3px">
<tr>
<td>FID</td>
<td>72</td>
</tr>
<tr bgcolor="#D4E4F3">
<td>PIN</td>
<td>2924069021</td>
</tr>
<tr>
<td>ID</td>
<td>176</td>
</tr>
<tr bgcolor="#D4E4F3">
<td>AU</td>
<td>2</td>
</tr>
<tr>
<td>NOTES</td>
<td></td>
</tr>
<tr bgcolor="#D4E4F3">
<td>INSIDE_X</td>
<td>1333951.77457</td>
</tr>
<tr>
<td>INSIDE_Y</td>
<td>200454.656536</td>
</tr>
<tr bgcolor="#D4E4F3">
<td>PolygonID</td>
<td>21129</td>
</tr>
<tr>
<td>GIS_Acres</td>
<td>1.154922</td>
</tr>
</table>
</td>
</tr>
</table>
</body><script type="text/javascript">
				function changeImage(attElement, nameElement) {
				document.getElementById('imageAttachment').src = attElement;
				document.getElementById('imageName').innerHTML = nameElement;}
			</script></html>
]]></description>
      <styleUrl>#PolyStyle00</styleUrl>
      <MultiGeometry>
        <Polygon>
          <extrude>0</extrude><altitudeMode>clampToGround</altitudeMode>
          <outerBoundaryIs><LinearRing><coordinates> -122.0751357653772,47.54255313885267,0 -122.0735811321927,47.5425518800661,0 -122.0735683137783,47.54300414509006,0 -122.0745682855202,47.54300495055192,0 -122.0747352944134,47.54284448212776,0 -122.074935776028,47.54264187768777,0 -122.0750789924553,47.542577209284,0 -122.0751357653772,47.54255313885267,0</coordinates></LinearRing></outerBoundaryIs>
        </Polygon>
      </MultiGeometry>
    </Placemark>
    <Placemark id="ID_00073">
      <name>3321069009</name>
      <snippet></snippet>
      <description><![CDATA[<html xmlns:fo="http://www.w3.org/1999/XSL/Format" xmlns:msxsl="urn:schemas-microsoft-com:xslt">
<head>
<META http-equiv="Content-Type" content="text/html">
<meta http-equiv="content-type" content="text/html; charset=UTF-8">
</head>
<body style="margin:0px 0px 0px 0px;overflow:auto;background:#FFFFFF;">
<table style="font-family:Arial,Verdana,Times;font-size:12px;text-align:left;width:100%;border-collapse:collapse;padding:3px 3px 3px 3px">
<tr style="text-align:center;font-weight:bold;background:#9CBCE2">
<td>3321069009</td>
</tr>
<tr>
<td>
<table style="font-family:Arial,Verdana,Times;font-size:12px;text-align:left;width:100%;border-spacing:0px; padding:3px 3px 3px 3px">
<tr>
<td>FID</td>
<td>73</td>
</tr>
<tr bgcolor="#D4E4F3">
<td>PIN</td>
<td>3321069009</td>
</tr>
<tr>
<td>ID</td>
<td>0</td>
</tr>
<tr bgcolor="#D4E4F3">
<td>AU</td>
<td>3</td>
</tr>
<tr>
<td>NOTES</td>
<td></td>
</tr>
<tr bgcolor="#D4E4F3">
<td>INSIDE_X</td>
<td>1337558.99867</td>
</tr>
<tr>
<td>INSIDE_Y</td>
<td>98880.628268</td>
</tr>
<tr bgcolor="#D4E4F3">
<td>PolygonID</td>
<td>21130</td>
</tr>
<tr>
<td>GIS_Acres</td>
<td>3.54719</td>
</tr>
</table>
</td>
</tr>
</table>
</body><script type="text/javascript">
				function changeImage(attElement, nameElement) {
				document.getElementById('imageAttachment').src = attElement;
				document.getElementById('imageName').innerHTML = nameElement;}
			</script></html>
]]></description>
      <styleUrl>#PolyStyle00</styleUrl>
      <MultiGeometry>
        <Polygon>
          <extrude>0</extrude><altitudeMode>clampToGround</altitudeMode>
          <outerBoundaryIs><LinearRing><coordinates> -122.0517131196098,47.26409275212067,0 -122.0520045111072,47.26441372094358,0 -122.052355987133,47.26477041537874,0 -122.0526595618606,47.26494691926378,0 -122.0529319591965,47.26496077059213,0 -122.0529802798615,47.2651177642361,0 -122.0531401742733,47.2652292815882,0 -122.0535248698833,47.2651570626017,0 -122.0535702553792,47.26500084321025,0 -122.0535659745311,47.26476301654597,0 -122.053902962996,47.26449900922159,0 -122.0545568126239,47.26420262346371,0 -122.054555314605,47.26410447191078,0 -122.0517131196098,47.26409275212067,0</coordinates></LinearRing></outerBoundaryIs>
        </Polygon>
      </MultiGeometry>
    </Placemark>
    <Placemark id="ID_00074">
      <name>0121029016</name>
      <snippet></snippet>
      <description><![CDATA[<html xmlns:fo="http://www.w3.org/1999/XSL/Format" xmlns:msxsl="urn:schemas-microsoft-com:xslt">
<head>
<META http-equiv="Content-Type" content="text/html">
<meta http-equiv="content-type" content="text/html; charset=UTF-8">
</head>
<body style="margin:0px 0px 0px 0px;overflow:auto;background:#FFFFFF;">
<table style="font-family:Arial,Verdana,Times;font-size:12px;text-align:left;width:100%;border-collapse:collapse;padding:3px 3px 3px 3px">
<tr style="text-align:center;font-weight:bold;background:#9CBCE2">
<td>0121029016</td>
</tr>
<tr>
<td>
<table style="font-family:Arial,Verdana,Times;font-size:12px;text-align:left;width:100%;border-spacing:0px; padding:3px 3px 3px 3px">
<tr>
<td>FID</td>
<td>74</td>
</tr>
<tr bgcolor="#D4E4F3">
<td>PIN</td>
<td>0121029016</td>
</tr>
<tr>
<td>ID</td>
<td>0</td>
</tr>
<tr bgcolor="#D4E4F3">
<td>AU</td>
<td>4</td>
</tr>
<tr>
<td>NOTES</td>
<td></td>
</tr>
<tr bgcolor="#D4E4F3">
<td>INSIDE_X</td>
<td>1227917.47063</td>
</tr>
<tr>
<td>INSIDE_Y</td>
<td>125717.442513</td>
</tr>
<tr bgcolor="#D4E4F3">
<td>PolygonID</td>
<td>21131</td>
</tr>
<tr>
<td>GIS_Acres</td>
<td>0.59715</td>
</tr>
</table>
</td>
</tr>
</table>
</body><script type="text/javascript">
				function changeImage(attElement, nameElement) {
				document.getElementById('imageAttachment').src = attElement;
				document.getElementById('imageName').innerHTML = nameElement;}
			</script></html>
]]></description>
      <styleUrl>#PolyStyle00</styleUrl>
      <MultiGeometry>
        <Polygon>
          <extrude>0</extrude><altitudeMode>clampToGround</altitudeMode>
          <outerBoundaryIs><LinearRing><coordinates> -122.4964676804279,47.33230871293404,0 -122.4965246717843,47.33239708582563,0 -122.4966243700393,47.33259274902397,0 -122.4966530344486,47.33264398494153,0 -122.4968678862302,47.33264476000754,0 -122.4972341998353,47.33264607945739,0 -122.4972341301965,47.33232031498341,0 -122.4970827071535,47.33226859199132,0 -122.4969047243045,47.33220352938144,0 -122.4966953956889,47.33213408580143,0 -122.4966770604239,47.33220729142792,0 -122.4966068429302,47.33222602942126,0 -122.4964663851654,47.3322658859749,0 -122.4964676804279,47.33230871293404,0</coordinates></LinearRing></outerBoundaryIs>
        </Polygon>
      </MultiGeometry>
    </Placemark>
    <Placemark id="ID_00075">
      <name>0121029016</name>
      <snippet></snippet>
      <description><![CDATA[<html xmlns:fo="http://www.w3.org/1999/XSL/Format" xmlns:msxsl="urn:schemas-microsoft-com:xslt">
<head>
<META http-equiv="Content-Type" content="text/html">
<meta http-equiv="content-type" content="text/html; charset=UTF-8">
</head>
<body style="margin:0px 0px 0px 0px;overflow:auto;background:#FFFFFF;">
<table style="font-family:Arial,Verdana,Times;font-size:12px;text-align:left;width:100%;border-collapse:collapse;padding:3px 3px 3px 3px">
<tr style="text-align:center;font-weight:bold;background:#9CBCE2">
<td>0121029016</td>
</tr>
<tr>
<td>
<table style="font-family:Arial,Verdana,Times;font-size:12px;text-align:left;width:100%;border-spacing:0px; padding:3px 3px 3px 3px">
<tr>
<td>FID</td>
<td>75</td>
</tr>
<tr bgcolor="#D4E4F3">
<td>PIN</td>
<td>0121029016</td>
</tr>
<tr>
<td>ID</td>
<td>0</td>
</tr>
<tr bgcolor="#D4E4F3">
<td>AU</td>
<td>4</td>
</tr>
<tr>
<td>NOTES</td>
<td></td>
</tr>
<tr bgcolor="#D4E4F3">
<td>INSIDE_X</td>
<td>1228122.89359</td>
</tr>
<tr>
<td>INSIDE_Y</td>
<td>125631.560681</td>
</tr>
<tr bgcolor="#D4E4F3">
<td>PolygonID</td>
<td>21132</td>
</tr>
<tr>
<td>GIS_Acres</td>
<td>0.309702</td>
</tr>
</table>
</td>
</tr>
</table>
</body><script type="text/javascript">
				function changeImage(attElement, nameElement) {
				document.getElementById('imageAttachment').src = attElement;
				document.getElementById('imageName').innerHTML = nameElement;}
			</script></html>
]]></description>
      <styleUrl>#PolyStyle00</styleUrl>
      <MultiGeometry>
        <Polygon>
          <extrude>0</extrude><altitudeMode>clampToGround</altitudeMode>
          <outerBoundaryIs><LinearRing><coordinates> -122.4964743035152,47.33206567085076,0 -122.4963146135799,47.33202237786909,0 -122.4962057630438,47.33205284981584,0 -122.4960758108941,47.33209275206947,0 -122.495925323356,47.3320825671383,0 -122.4957823780209,47.33205996128416,0 -122.4957824476135,47.3324348754894,0 -122.4958836995576,47.33240855316917,0 -122.4960699311207,47.33234270983513,0 -122.4962605016851,47.33218879580365,0 -122.4962871896117,47.33219743200031,0 -122.4963026820308,47.33217231560712,0 -122.4964152608955,47.33211805198632,0 -122.4964743035152,47.33206567085076,0</coordinates></LinearRing></outerBoundaryIs>
        </Polygon>
      </MultiGeometry>
    </Placemark>
    <Placemark id="ID_00076">
      <name>0121029016</name>
      <snippet></snippet>
      <description><![CDATA[<html xmlns:fo="http://www.w3.org/1999/XSL/Format" xmlns:msxsl="urn:schemas-microsoft-com:xslt">
<head>
<META http-equiv="Content-Type" content="text/html">
<meta http-equiv="content-type" content="text/html; charset=UTF-8">
</head>
<body style="margin:0px 0px 0px 0px;overflow:auto;background:#FFFFFF;">
<table style="font-family:Arial,Verdana,Times;font-size:12px;text-align:left;width:100%;border-collapse:collapse;padding:3px 3px 3px 3px">
<tr style="text-align:center;font-weight:bold;background:#9CBCE2">
<td>0121029016</td>
</tr>
<tr>
<td>
<table style="font-family:Arial,Verdana,Times;font-size:12px;text-align:left;width:100%;border-spacing:0px; padding:3px 3px 3px 3px">
<tr>
<td>FID</td>
<td>76</td>
</tr>
<tr bgcolor="#D4E4F3">
<td>PIN</td>
<td>0121029016</td>
</tr>
<tr>
<td>ID</td>
<td>0</td>
</tr>
<tr bgcolor="#D4E4F3">
<td>AU</td>
<td>2</td>
</tr>
<tr>
<td>NOTES</td>
<td></td>
</tr>
<tr bgcolor="#D4E4F3">
<td>INSIDE_X</td>
<td>1228070.0822</td>
</tr>
<tr>
<td>INSIDE_Y</td>
<td>125715.235009</td>
</tr>
<tr bgcolor="#D4E4F3">
<td>PolygonID</td>
<td>21133</td>
</tr>
<tr>
<td>GIS_Acres</td>
<td>0.643306</td>
</tr>
</table>
</td>
</tr>
</table>
</body><script type="text/javascript">
				function changeImage(attElement, nameElement) {
				document.getElementById('imageAttachment').src = attElement;
				document.getElementById('imageName').innerHTML = nameElement;}
			</script></html>
]]></description>
      <styleUrl>#PolyStyle00</styleUrl>
      <MultiGeometry>
        <Polygon>
          <extrude>0</extrude><altitudeMode>clampToGround</altitudeMode>
          <outerBoundaryIs><LinearRing><coordinates> -122.4960699311207,47.33234270983512,0 -122.4958836995577,47.33240855316917,0 -122.4957824476135,47.33243487548938,0 -122.4957824858319,47.33264084036283,0 -122.4966530344486,47.3326439849415,0 -122.4966243700392,47.33259274902393,0 -122.4965246717843,47.33239708582561,0 -122.4964676804284,47.33230871293387,0 -122.4964663851653,47.33226588597489,0 -122.4966068429302,47.33222602942126,0 -122.4966770604239,47.33220729142793,0 -122.4966953956889,47.33213408580143,0 -122.4965556278042,47.33208771828104,0 -122.4964743035152,47.33206567085075,0 -122.4964152608955,47.33211805198634,0 -122.4963026820308,47.33217231560714,0 -122.4962871896118,47.33219743200013,0 -122.4962605016851,47.33218879580365,0 -122.4960699311207,47.33234270983512,0</coordinates></LinearRing></outerBoundaryIs>
        </Polygon>
      </MultiGeometry>
    </Placemark>
    <Placemark id="ID_00077">
      <name>0122029004</name>
      <snippet></snippet>
      <description><![CDATA[<html xmlns:fo="http://www.w3.org/1999/XSL/Format" xmlns:msxsl="urn:schemas-microsoft-com:xslt">
<head>
<META http-equiv="Content-Type" content="text/html">
<meta http-equiv="content-type" content="text/html; charset=UTF-8">
</head>
<body style="margin:0px 0px 0px 0px;overflow:auto;background:#FFFFFF;">
<table style="font-family:Arial,Verdana,Times;font-size:12px;text-align:left;width:100%;border-collapse:collapse;padding:3px 3px 3px 3px">
<tr style="text-align:center;font-weight:bold;background:#9CBCE2">
<td>0122029004</td>
</tr>
<tr>
<td>
<table style="font-family:Arial,Verdana,Times;font-size:12px;text-align:left;width:100%;border-spacing:0px; padding:3px 3px 3px 3px">
<tr>
<td>FID</td>
<td>77</td>
</tr>
<tr bgcolor="#D4E4F3">
<td>PIN</td>
<td>0122029004</td>
</tr>
<tr>
<td>ID</td>
<td>0</td>
</tr>
<tr bgcolor="#D4E4F3">
<td>AU</td>
<td>1</td>
</tr>
<tr>
<td>NOTES</td>
<td></td>
</tr>
<tr bgcolor="#D4E4F3">
<td>INSIDE_X</td>
<td>1231646.88132</td>
</tr>
<tr>
<td>INSIDE_Y</td>
<td>161256.686045</td>
</tr>
<tr bgcolor="#D4E4F3">
<td>PolygonID</td>
<td>21135</td>
</tr>
<tr>
<td>GIS_Acres</td>
<td>2.80095</td>
</tr>
</table>
</td>
</tr>
</table>
</body><script type="text/javascript">
				function changeImage(attElement, nameElement) {
				document.getElementById('imageAttachment').src = attElement;
				document.getElementById('imageName').innerHTML = nameElement;}
			</script></html>
]]></description>
      <styleUrl>#PolyStyle00</styleUrl>
      <MultiGeometry>
        <Polygon>
          <extrude>0</extrude><altitudeMode>clampToGround</altitudeMode>
          <outerBoundaryIs><LinearRing><coordinates> -122.4854268253291,47.4303101752844,0 -122.4854145383522,47.43029064653941,0 -122.4854487937435,47.43020297371209,0 -122.4853706854695,47.43007796605519,0 -122.4853634127292,47.42996744190951,0 -122.4854352144006,47.42988277072971,0 -122.4855736483674,47.42981539719481,0 -122.4853783676615,47.42971819487754,0 -122.4853150539938,47.4297887385517,0 -122.4852279615374,47.42972885211279,0 -122.4852790544627,47.42962708934949,0 -122.4853135029753,47.42951958561036,0 -122.4852985435965,47.42934103216517,0 -122.4852575409101,47.42926435395536,0 -122.4851231878257,47.42920741403665,0 -122.4845287939766,47.42921428318868,0 -122.4845170635336,47.43003375193876,0 -122.4845038691941,47.4309531294166,0 -122.4845037766349,47.43095787458359,0 -122.4850507700723,47.43095978729117,0 -122.4850965834833,47.4307850141457,0 -122.4851441934864,47.43061240794092,0 -122.4853172998232,47.43041486712445,0 -122.4854268253291,47.4303101752844,0</coordinates></LinearRing></outerBoundaryIs>
        </Polygon>
      </MultiGeometry>
    </Placemark>
    <Placemark id="ID_00078">
      <name>1022059037</name>
      <snippet></snippet>
      <description><![CDATA[<html xmlns:fo="http://www.w3.org/1999/XSL/Format" xmlns:msxsl="urn:schemas-microsoft-com:xslt">
<head>
<META http-equiv="Content-Type" content="text/html">
<meta http-equiv="content-type" content="text/html; charset=UTF-8">
</head>
<body style="margin:0px 0px 0px 0px;overflow:auto;background:#FFFFFF;">
<table style="font-family:Arial,Verdana,Times;font-size:12px;text-align:left;width:100%;border-collapse:collapse;padding:3px 3px 3px 3px">
<tr style="text-align:center;font-weight:bold;background:#9CBCE2">
<td>1022059037</td>
</tr>
<tr>
<td>
<table style="font-family:Arial,Verdana,Times;font-size:12px;text-align:left;width:100%;border-spacing:0px; padding:3px 3px 3px 3px">
<tr>
<td>FID</td>
<td>78</td>
</tr>
<tr bgcolor="#D4E4F3">
<td>PIN</td>
<td>1022059037</td>
</tr>
<tr>
<td>ID</td>
<td>0</td>
</tr>
<tr bgcolor="#D4E4F3">
<td>AU</td>
<td>4</td>
</tr>
<tr>
<td>NOTES</td>
<td></td>
</tr>
<tr bgcolor="#D4E4F3">
<td>INSIDE_X</td>
<td>1313247.73265</td>
</tr>
<tr>
<td>INSIDE_Y</td>
<td>152898.49933</td>
</tr>
<tr bgcolor="#D4E4F3">
<td>PolygonID</td>
<td>21136</td>
</tr>
<tr>
<td>GIS_Acres</td>
<td>0.206436</td>
</tr>
</table>
</td>
</tr>
</table>
</body><script type="text/javascript">
				function changeImage(attElement, nameElement) {
				document.getElementById('imageAttachment').src = attElement;
				document.getElementById('imageName').innerHTML = nameElement;}
			</script></html>
]]></description>
      <styleUrl>#PolyStyle00</styleUrl>
      <MultiGeometry>
        <Polygon>
          <extrude>0</extrude><altitudeMode>clampToGround</altitudeMode>
          <outerBoundaryIs><LinearRing><coordinates> -122.154609373856,47.41102362601732,0 -122.1546090499382,47.41114697944604,0 -122.1546085475362,47.41133793304585,0 -122.1546076127036,47.41168100957189,0 -122.1547627158911,47.41168090090404,0 -122.1549105305055,47.41168078992257,0 -122.154609373856,47.41102362601732,0</coordinates></LinearRing></outerBoundaryIs>
        </Polygon>
      </MultiGeometry>
    </Placemark>
    <Placemark id="ID_00079">
      <name>1022059037</name>
      <snippet></snippet>
      <description><![CDATA[<html xmlns:fo="http://www.w3.org/1999/XSL/Format" xmlns:msxsl="urn:schemas-microsoft-com:xslt">
<head>
<META http-equiv="Content-Type" content="text/html">
<meta http-equiv="content-type" content="text/html; charset=UTF-8">
</head>
<body style="margin:0px 0px 0px 0px;overflow:auto;background:#FFFFFF;">
<table style="font-family:Arial,Verdana,Times;font-size:12px;text-align:left;width:100%;border-collapse:collapse;padding:3px 3px 3px 3px">
<tr style="text-align:center;font-weight:bold;background:#9CBCE2">
<td>1022059037</td>
</tr>
<tr>
<td>
<table style="font-family:Arial,Verdana,Times;font-size:12px;text-align:left;width:100%;border-spacing:0px; padding:3px 3px 3px 3px">
<tr>
<td>FID</td>
<td>79</td>
</tr>
<tr bgcolor="#D4E4F3">
<td>PIN</td>
<td>1022059037</td>
</tr>
<tr>
<td>ID</td>
<td>0</td>
</tr>
<tr bgcolor="#D4E4F3">
<td>AU</td>
<td>3</td>
</tr>
<tr>
<td>NOTES</td>
<td></td>
</tr>
<tr bgcolor="#D4E4F3">
<td>INSIDE_X</td>
<td>1312985.66392</td>
</tr>
<tr>
<td>INSIDE_Y</td>
<td>152717.585338</td>
</tr>
<tr bgcolor="#D4E4F3">
<td>PolygonID</td>
<td>21137</td>
</tr>
<tr>
<td>GIS_Acres</td>
<td>3.471495</td>
</tr>
</table>
</td>
</tr>
</table>
</body><script type="text/javascript">
				function changeImage(attElement, nameElement) {
				document.getElementById('imageAttachment').src = attElement;
				document.getElementById('imageName').innerHTML = nameElement;}
			</script></html>
]]></description>
      <styleUrl>#PolyStyle00</styleUrl>
      <MultiGeometry>
        <Polygon>
          <extrude>0</extrude><altitudeMode>clampToGround</altitudeMode>
          <outerBoundaryIs><LinearRing><coordinates> -122.1569323495909,47.41047301977841,0 -122.1546658503527,47.4104768921683,0 -122.1549689712279,47.41079292610544,0 -122.1549536739377,47.41095280244554,0 -122.1550701232421,47.41123904675388,0 -122.1551059179086,47.41139065160552,0 -122.155237942259,47.41149972530977,0 -122.1552910035318,47.41168052850839,0 -122.1559559357263,47.4116800475451,0 -122.1559732048964,47.41152892329622,0 -122.1559951447974,47.41135179962778,0 -122.1560581732559,47.41119443657964,0 -122.156132351059,47.41113660824666,0 -122.1562132086255,47.41105937089924,0 -122.1562802573147,47.41104905432064,0 -122.1563783231304,47.41109085432009,0 -122.1564479005028,47.41112163453285,0 -122.1565524738155,47.41115483420881,0 -122.1566000354228,47.4111681562258,0 -122.1566507471228,47.41118366341223,0 -122.1567237509308,47.41119933456109,0 -122.1567656336202,47.41116937444019,0 -122.1567250277965,47.41111934940892,0 -122.1566745232067,47.41109087169025,0 -122.1566366189152,47.41107113470744,0 -122.1566468974112,47.41102580801416,0 -122.1566855609233,47.41099798625375,0 -122.1567978145442,47.41094908564423,0 -122.1567636470013,47.4108947839512,0 -122.1567133496634,47.41085333568378,0 -122.1567011290733,47.41082081556344,0 -122.1568015067297,47.41071777721351,0 -122.1567606596584,47.4106828845205,0 -122.1567455996116,47.41062872336835,0 -122.1567624885673,47.41056831118263,0 -122.156801220693,47.41053616585631,0 -122.1569323495909,47.41047301977841,0</coordinates></LinearRing></outerBoundaryIs>
        </Polygon>
      </MultiGeometry>
    </Placemark>
    <Placemark id="ID_00080">
      <name>1823039092</name>
      <snippet></snippet>
      <description><![CDATA[<html xmlns:fo="http://www.w3.org/1999/XSL/Format" xmlns:msxsl="urn:schemas-microsoft-com:xslt">
<head>
<META http-equiv="Content-Type" content="text/html">
<meta http-equiv="content-type" content="text/html; charset=UTF-8">
</head>
<body style="margin:0px 0px 0px 0px;overflow:auto;background:#FFFFFF;">
<table style="font-family:Arial,Verdana,Times;font-size:12px;text-align:left;width:100%;border-collapse:collapse;padding:3px 3px 3px 3px">
<tr style="text-align:center;font-weight:bold;background:#9CBCE2">
<td>1823039092</td>
</tr>
<tr>
<td>
<table style="font-family:Arial,Verdana,Times;font-size:12px;text-align:left;width:100%;border-spacing:0px; padding:3px 3px 3px 3px">
<tr>
<td>FID</td>
<td>80</td>
</tr>
<tr bgcolor="#D4E4F3">
<td>PIN</td>
<td>1823039092</td>
</tr>
<tr>
<td>ID</td>
<td>0</td>
</tr>
<tr bgcolor="#D4E4F3">
<td>AU</td>
<td>3</td>
</tr>
<tr>
<td>NOTES</td>
<td></td>
</tr>
<tr bgcolor="#D4E4F3">
<td>INSIDE_X</td>
<td>1233653.97016</td>
</tr>
<tr>
<td>INSIDE_Y</td>
<td>183329.502906</td>
</tr>
<tr bgcolor="#D4E4F3">
<td>PolygonID</td>
<td>21140</td>
</tr>
<tr>
<td>GIS_Acres</td>
<td>0.359166</td>
</tr>
</table>
</td>
</tr>
</table>
</body><script type="text/javascript">
				function changeImage(attElement, nameElement) {
				document.getElementById('imageAttachment').src = attElement;
				document.getElementById('imageName').innerHTML = nameElement;}
			</script></html>
]]></description>
      <styleUrl>#PolyStyle00</styleUrl>
      <MultiGeometry>
        <Polygon>
          <extrude>0</extrude><altitudeMode>clampToGround</altitudeMode>
          <outerBoundaryIs><LinearRing><coordinates> -122.4789239082976,47.49044095689973,0 -122.4786378675607,47.49044203355044,0 -122.4785956277819,47.49052355153078,0 -122.4784787137187,47.49073915040504,0 -122.4783695780539,47.49093175539957,0 -122.4784828893441,47.49089717676114,0 -122.4787019342285,47.49084386645439,0 -122.4788695541582,47.49083475446947,0 -122.4789250111097,47.49075107855275,0 -122.4789112497231,47.49066955655226,0 -122.4789446360777,47.49060799654579,0 -122.4790071809071,47.49054410054295,0 -122.4789459300529,47.49047717358229,0 -122.4789239082976,47.49044095689973,0</coordinates></LinearRing></outerBoundaryIs>
        </Polygon>
      </MultiGeometry>
    </Placemark>
    <Placemark id="ID_00081">
      <name>1823039092</name>
      <snippet></snippet>
      <description><![CDATA[<html xmlns:fo="http://www.w3.org/1999/XSL/Format" xmlns:msxsl="urn:schemas-microsoft-com:xslt">
<head>
<META http-equiv="Content-Type" content="text/html">
<meta http-equiv="content-type" content="text/html; charset=UTF-8">
</head>
<body style="margin:0px 0px 0px 0px;overflow:auto;background:#FFFFFF;">
<table style="font-family:Arial,Verdana,Times;font-size:12px;text-align:left;width:100%;border-collapse:collapse;padding:3px 3px 3px 3px">
<tr style="text-align:center;font-weight:bold;background:#9CBCE2">
<td>1823039092</td>
</tr>
<tr>
<td>
<table style="font-family:Arial,Verdana,Times;font-size:12px;text-align:left;width:100%;border-spacing:0px; padding:3px 3px 3px 3px">
<tr>
<td>FID</td>
<td>81</td>
</tr>
<tr bgcolor="#D4E4F3">
<td>PIN</td>
<td>1823039092</td>
</tr>
<tr>
<td>ID</td>
<td>0</td>
</tr>
<tr bgcolor="#D4E4F3">
<td>AU</td>
<td>4</td>
</tr>
<tr>
<td>NOTES</td>
<td></td>
</tr>
<tr bgcolor="#D4E4F3">
<td>INSIDE_X</td>
<td>1233985.15854</td>
</tr>
<tr>
<td>INSIDE_Y</td>
<td>183290.169794</td>
</tr>
<tr bgcolor="#D4E4F3">
<td>PolygonID</td>
<td>21141</td>
</tr>
<tr>
<td>GIS_Acres</td>
<td>0.549833</td>
</tr>
</table>
</td>
</tr>
</table>
</body><script type="text/javascript">
				function changeImage(attElement, nameElement) {
				document.getElementById('imageAttachment').src = attElement;
				document.getElementById('imageName').innerHTML = nameElement;}
			</script></html>
]]></description>
      <styleUrl>#PolyStyle00</styleUrl>
      <MultiGeometry>
        <Polygon>
          <extrude>0</extrude><altitudeMode>clampToGround</altitudeMode>
          <outerBoundaryIs><LinearRing><coordinates> -122.4769625398663,47.49044832376355,0 -122.4769536656678,47.49049031974799,0 -122.476886545232,47.49064799557343,0 -122.4768060339762,47.49068712376054,0 -122.4769149196143,47.49072464754239,0 -122.477005400455,47.49078183502971,0 -122.4771071988686,47.49079957855449,0 -122.4772787301195,47.49076333357468,0 -122.4775311391934,47.49065093433865,0 -122.4778488298637,47.49056598498135,0 -122.478045998954,47.49051504478001,0 -122.4781921341039,47.49046880895733,0 -122.4782169719862,47.49044361468243,0 -122.4769625398663,47.49044832376355,0</coordinates></LinearRing></outerBoundaryIs>
        </Polygon>
      </MultiGeometry>
    </Placemark>
    <Placemark id="ID_00082">
      <name>1823039092</name>
      <snippet></snippet>
      <description><![CDATA[<html xmlns:fo="http://www.w3.org/1999/XSL/Format" xmlns:msxsl="urn:schemas-microsoft-com:xslt">
<head>
<META http-equiv="Content-Type" content="text/html">
<meta http-equiv="content-type" content="text/html; charset=UTF-8">
</head>
<body style="margin:0px 0px 0px 0px;overflow:auto;background:#FFFFFF;">
<table style="font-family:Arial,Verdana,Times;font-size:12px;text-align:left;width:100%;border-collapse:collapse;padding:3px 3px 3px 3px">
<tr style="text-align:center;font-weight:bold;background:#9CBCE2">
<td>1823039092</td>
</tr>
<tr>
<td>
<table style="font-family:Arial,Verdana,Times;font-size:12px;text-align:left;width:100%;border-spacing:0px; padding:3px 3px 3px 3px">
<tr>
<td>FID</td>
<td>82</td>
</tr>
<tr bgcolor="#D4E4F3">
<td>PIN</td>
<td>1823039092</td>
</tr>
<tr>
<td>ID</td>
<td>0</td>
</tr>
<tr bgcolor="#D4E4F3">
<td>AU</td>
<td>1</td>
</tr>
<tr>
<td>NOTES</td>
<td></td>
</tr>
<tr bgcolor="#D4E4F3">
<td>INSIDE_X</td>
<td>1234229.7195</td>
</tr>
<tr>
<td>INSIDE_Y</td>
<td>183303.616793</td>
</tr>
<tr bgcolor="#D4E4F3">
<td>PolygonID</td>
<td>21142</td>
</tr>
<tr>
<td>GIS_Acres</td>
<td>0.507522</td>
</tr>
</table>
</td>
</tr>
</table>
</body><script type="text/javascript">
				function changeImage(attElement, nameElement) {
				document.getElementById('imageAttachment').src = attElement;
				document.getElementById('imageName').innerHTML = nameElement;}
			</script></html>
]]></description>
      <styleUrl>#PolyStyle00</styleUrl>
      <MultiGeometry>
        <Polygon>
          <extrude>0</extrude><altitudeMode>clampToGround</altitudeMode>
          <outerBoundaryIs><LinearRing><coordinates> -122.4760718852299,47.49090346419897,0 -122.4760712727234,47.49094507792656,0 -122.4760959791676,47.49094509608948,0 -122.4761920557731,47.49090154602305,0 -122.4765251021301,47.49073767947842,0 -122.476726209126,47.49065713789822,0 -122.4768072106917,47.49056864262824,0 -122.4768406729747,47.49049967817152,0 -122.4768617296434,47.49044870153272,0 -122.4760785477241,47.49045163303163,0 -122.4760718852299,47.49090346419897,0</coordinates></LinearRing></outerBoundaryIs>
        </Polygon>
      </MultiGeometry>
    </Placemark>
    <Placemark id="ID_00083">
      <name>2121069019</name>
      <snippet></snippet>
      <description><![CDATA[<html xmlns:fo="http://www.w3.org/1999/XSL/Format" xmlns:msxsl="urn:schemas-microsoft-com:xslt">
<head>
<META http-equiv="Content-Type" content="text/html">
<meta http-equiv="content-type" content="text/html; charset=UTF-8">
</head>
<body style="margin:0px 0px 0px 0px;overflow:auto;background:#FFFFFF;">
<table style="font-family:Arial,Verdana,Times;font-size:12px;text-align:left;width:100%;border-collapse:collapse;padding:3px 3px 3px 3px">
<tr style="text-align:center;font-weight:bold;background:#9CBCE2">
<td>2121069019</td>
</tr>
<tr>
<td>
<table style="font-family:Arial,Verdana,Times;font-size:12px;text-align:left;width:100%;border-spacing:0px; padding:3px 3px 3px 3px">
<tr>
<td>FID</td>
<td>83</td>
</tr>
<tr bgcolor="#D4E4F3">
<td>PIN</td>
<td>2121069019</td>
</tr>
<tr>
<td>ID</td>
<td>0</td>
</tr>
<tr bgcolor="#D4E4F3">
<td>AU</td>
<td>1</td>
</tr>
<tr>
<td>NOTES</td>
<td></td>
</tr>
<tr bgcolor="#D4E4F3">
<td>INSIDE_X</td>
<td>1338315.13457</td>
</tr>
<tr>
<td>INSIDE_Y</td>
<td>107036.868565</td>
</tr>
<tr bgcolor="#D4E4F3">
<td>PolygonID</td>
<td>21144</td>
</tr>
<tr>
<td>GIS_Acres</td>
<td>0.491397</td>
</tr>
</table>
</td>
</tr>
</table>
</body><script type="text/javascript">
				function changeImage(attElement, nameElement) {
				document.getElementById('imageAttachment').src = attElement;
				document.getElementById('imageName').innerHTML = nameElement;}
			</script></html>
]]></description>
      <styleUrl>#PolyStyle00</styleUrl>
      <MultiGeometry>
        <Polygon>
          <extrude>0</extrude><altitudeMode>clampToGround</altitudeMode>
          <outerBoundaryIs><LinearRing><coordinates> -122.0501573676006,47.28666761061523,0 -122.0502382665106,47.28680828905875,0 -122.0503981046914,47.28698903903122,0 -122.0505440250914,47.28717203431745,0 -122.0506774376595,47.28731106143301,0 -122.050681215346,47.28729340507394,0 -122.0507076860721,47.28718320061271,0 -122.0507369815743,47.28707332555332,0 -122.0507690894964,47.28696381780745,0 -122.0508040025816,47.28685470713548,0 -122.0508417057267,47.28674602698015,0 -122.0508711716343,47.28666726700166,0 -122.0508665896018,47.28666726955601,0 -122.0501573676006,47.28666761061523,0</coordinates></LinearRing></outerBoundaryIs>
        </Polygon>
      </MultiGeometry>
    </Placemark>
    <Placemark id="ID_00084">
      <name>2122039080</name>
      <snippet></snippet>
      <description><![CDATA[<html xmlns:fo="http://www.w3.org/1999/XSL/Format" xmlns:msxsl="urn:schemas-microsoft-com:xslt">
<head>
<META http-equiv="Content-Type" content="text/html">
<meta http-equiv="content-type" content="text/html; charset=UTF-8">
</head>
<body style="margin:0px 0px 0px 0px;overflow:auto;background:#FFFFFF;">
<table style="font-family:Arial,Verdana,Times;font-size:12px;text-align:left;width:100%;border-collapse:collapse;padding:3px 3px 3px 3px">
<tr style="text-align:center;font-weight:bold;background:#9CBCE2">
<td>2122039080</td>
</tr>
<tr>
<td>
<table style="font-family:Arial,Verdana,Times;font-size:12px;text-align:left;width:100%;border-spacing:0px; padding:3px 3px 3px 3px">
<tr>
<td>FID</td>
<td>84</td>
</tr>
<tr bgcolor="#D4E4F3">
<td>PIN</td>
<td>2122039080</td>
</tr>
<tr>
<td>ID</td>
<td>0</td>
</tr>
<tr bgcolor="#D4E4F3">
<td>AU</td>
<td>1</td>
</tr>
<tr>
<td>NOTES</td>
<td></td>
</tr>
<tr bgcolor="#D4E4F3">
<td>INSIDE_X</td>
<td>1246590.47293</td>
</tr>
<tr>
<td>INSIDE_Y</td>
<td>141549.492746</td>
</tr>
<tr bgcolor="#D4E4F3">
<td>PolygonID</td>
<td>21145</td>
</tr>
<tr>
<td>GIS_Acres</td>
<td>1.616663</td>
</tr>
</table>
</td>
</tr>
</table>
</body><script type="text/javascript">
				function changeImage(attElement, nameElement) {
				document.getElementById('imageAttachment').src = attElement;
				document.getElementById('imageName').innerHTML = nameElement;}
			</script></html>
]]></description>
      <styleUrl>#PolyStyle00</styleUrl>
      <MultiGeometry>
        <Polygon>
          <extrude>0</extrude><altitudeMode>clampToGround</altitudeMode>
          <outerBoundaryIs><LinearRing><coordinates> -122.4222051742155,47.37685578823927,0 -122.4223220954762,47.3769323668776,0 -122.4228025653099,47.37726932148447,0 -122.423144419573,47.37730506276268,0 -122.4234432118903,47.37740677863445,0 -122.4234380685331,47.37656105448232,0 -122.4222102942787,47.37656416103942,0 -122.4222051742155,47.37685578823927,0</coordinates></LinearRing></outerBoundaryIs>
        </Polygon>
      </MultiGeometry>
    </Placemark>
    <Placemark id="ID_00085">
      <name>2921069075</name>
      <snippet></snippet>
      <description><![CDATA[<html xmlns:fo="http://www.w3.org/1999/XSL/Format" xmlns:msxsl="urn:schemas-microsoft-com:xslt">
<head>
<META http-equiv="Content-Type" content="text/html">
<meta http-equiv="content-type" content="text/html; charset=UTF-8">
</head>
<body style="margin:0px 0px 0px 0px;overflow:auto;background:#FFFFFF;">
<table style="font-family:Arial,Verdana,Times;font-size:12px;text-align:left;width:100%;border-collapse:collapse;padding:3px 3px 3px 3px">
<tr style="text-align:center;font-weight:bold;background:#9CBCE2">
<td>2921069075</td>
</tr>
<tr>
<td>
<table style="font-family:Arial,Verdana,Times;font-size:12px;text-align:left;width:100%;border-spacing:0px; padding:3px 3px 3px 3px">
<tr>
<td>FID</td>
<td>85</td>
</tr>
<tr bgcolor="#D4E4F3">
<td>PIN</td>
<td>2921069075</td>
</tr>
<tr>
<td>ID</td>
<td>0</td>
</tr>
<tr bgcolor="#D4E4F3">
<td>AU</td>
<td>3</td>
</tr>
<tr>
<td>NOTES</td>
<td></td>
</tr>
<tr bgcolor="#D4E4F3">
<td>INSIDE_X</td>
<td>1331857.15424</td>
</tr>
<tr>
<td>INSIDE_Y</td>
<td>104008.12974</td>
</tr>
<tr bgcolor="#D4E4F3">
<td>PolygonID</td>
<td>21147</td>
</tr>
<tr>
<td>GIS_Acres</td>
<td>0.368511</td>
</tr>
</table>
</td>
</tr>
</table>
</body><script type="text/javascript">
				function changeImage(attElement, nameElement) {
				document.getElementById('imageAttachment').src = attElement;
				document.getElementById('imageName').innerHTML = nameElement;}
			</script></html>
]]></description>
      <styleUrl>#PolyStyle00</styleUrl>
      <MultiGeometry>
        <Polygon>
          <extrude>0</extrude><altitudeMode>clampToGround</altitudeMode>
          <outerBoundaryIs><LinearRing><coordinates> -122.0767544114484,47.27816632088256,0 -122.075970977099,47.27814022091536,0 -122.0759663576971,47.27820804511187,0 -122.0761585591832,47.2783810150062,0 -122.0765281031628,47.27849541684812,0 -122.0766405424508,47.27854774898439,0 -122.0767662455233,47.27856161833945,0 -122.0768684164798,47.278565786701,0 -122.0766292171836,47.27847480415696,0 -122.0765364126222,47.27837977520359,0 -122.0766327957045,47.2782691287958,0 -122.0767544114484,47.27816632088256,0</coordinates></LinearRing></outerBoundaryIs>
        </Polygon>
      </MultiGeometry>
    </Placemark>
    <Placemark id="ID_00086">
      <name>2921069075</name>
      <snippet></snippet>
      <description><![CDATA[<html xmlns:fo="http://www.w3.org/1999/XSL/Format" xmlns:msxsl="urn:schemas-microsoft-com:xslt">
<head>
<META http-equiv="Content-Type" content="text/html">
<meta http-equiv="content-type" content="text/html; charset=UTF-8">
</head>
<body style="margin:0px 0px 0px 0px;overflow:auto;background:#FFFFFF;">
<table style="font-family:Arial,Verdana,Times;font-size:12px;text-align:left;width:100%;border-collapse:collapse;padding:3px 3px 3px 3px">
<tr style="text-align:center;font-weight:bold;background:#9CBCE2">
<td>2921069075</td>
</tr>
<tr>
<td>
<table style="font-family:Arial,Verdana,Times;font-size:12px;text-align:left;width:100%;border-spacing:0px; padding:3px 3px 3px 3px">
<tr>
<td>FID</td>
<td>86</td>
</tr>
<tr bgcolor="#D4E4F3">
<td>PIN</td>
<td>2921069075</td>
</tr>
<tr>
<td>ID</td>
<td>0</td>
</tr>
<tr bgcolor="#D4E4F3">
<td>AU</td>
<td>1</td>
</tr>
<tr>
<td>NOTES</td>
<td></td>
</tr>
<tr bgcolor="#D4E4F3">
<td>INSIDE_X</td>
<td>1331049.83252</td>
</tr>
<tr>
<td>INSIDE_Y</td>
<td>104067.675929</td>
</tr>
<tr bgcolor="#D4E4F3">
<td>PolygonID</td>
<td>21148</td>
</tr>
<tr>
<td>GIS_Acres</td>
<td>2.442702</td>
</tr>
</table>
</td>
</tr>
</table>
</body><script type="text/javascript">
				function changeImage(attElement, nameElement) {
				document.getElementById('imageAttachment').src = attElement;
				document.getElementById('imageName').innerHTML = nameElement;}
			</script></html>
]]></description>
      <styleUrl>#PolyStyle00</styleUrl>
      <MultiGeometry>
        <Polygon>
          <extrude>0</extrude><altitudeMode>clampToGround</altitudeMode>
          <outerBoundaryIs><LinearRing><coordinates> -122.079678330324,47.27876503479074,0 -122.0797983327687,47.27874457100452,0 -122.0799178893941,47.27874981653407,0 -122.0800438909663,47.27874654267384,0 -122.0801424071564,47.27872876848283,0 -122.0801513747788,47.27872169251084,0 -122.0806329417511,47.27854985154944,0 -122.0806599828108,47.2784429309092,0 -122.080573142074,47.27829346309257,0 -122.0767544114484,47.2781663208826,0 -122.0766327957045,47.27826912879581,0 -122.0765364126222,47.27837977520363,0 -122.0766292171836,47.27847480415697,0 -122.0768684164797,47.27856578670104,0 -122.0774206921797,47.27858831678616,0 -122.0777355837132,47.27858656609307,0 -122.0779058827354,47.27857079458852,0 -122.077944405244,47.27852824953148,0 -122.0779135191653,47.27849371696835,0 -122.0779196306671,47.27848432076827,0 -122.0779471811984,47.27844196283502,0 -122.077952339395,47.27843403228825,0 -122.078141898987,47.27839698789249,0 -122.0783500496102,47.27837723472927,0 -122.0785954572204,47.27838777930189,0 -122.0787081958905,47.27842296979969,0 -122.0787713078874,47.2784149061906,0 -122.0788911611339,47.27840301316203,0 -122.0790114604906,47.27836541057047,0 -122.0791119041613,47.27838335983631,0 -122.0791944254282,47.2783454534463,0 -122.0792517613341,47.27830734463041,0 -122.079338943349,47.27836375667158,0 -122.0794193832595,47.27844582750458,0 -122.0793933803224,47.27849275914275,0 -122.0794616737713,47.27854901933692,0 -122.0795621179467,47.27856696821105,0 -122.0796560429201,47.27859772114812,0 -122.0796555227575,47.27862771549578,0 -122.0796298171816,47.27865750755994,0 -122.0796221089036,47.2787388702159,0 -122.079678330324,47.27876503479074,0</coordinates></LinearRing></outerBoundaryIs>
          <innerBoundaryIs><LinearRing><coordinates> -122.0777567563725,47.27840411667853,0 -122.077751303822,47.2784067014497,0 -122.0777570789099,47.27843674645689,0 -122.0777610654846,47.27844892080293,0 -122.0777187797146,47.27846643673725,0 -122.0775181165506,47.27841768096721,0 -122.0775201275319,47.27830198854738,0 -122.0775523538473,47.27825939293361,0 -122.077747613685,47.27825667910935,0 -122.0777567563725,47.27840411667853,0</coordinates></LinearRing></innerBoundaryIs>
        </Polygon>
      </MultiGeometry>
    </Placemark>
    <Placemark id="ID_00087">
      <name>2924069010</name>
      <snippet></snippet>
      <description><![CDATA[<html xmlns:fo="http://www.w3.org/1999/XSL/Format" xmlns:msxsl="urn:schemas-microsoft-com:xslt">
<head>
<META http-equiv="Content-Type" content="text/html">
<meta http-equiv="content-type" content="text/html; charset=UTF-8">
</head>
<body style="margin:0px 0px 0px 0px;overflow:auto;background:#FFFFFF;">
<table style="font-family:Arial,Verdana,Times;font-size:12px;text-align:left;width:100%;border-collapse:collapse;padding:3px 3px 3px 3px">
<tr style="text-align:center;font-weight:bold;background:#9CBCE2">
<td>2924069010</td>
</tr>
<tr>
<td>
<table style="font-family:Arial,Verdana,Times;font-size:12px;text-align:left;width:100%;border-spacing:0px; padding:3px 3px 3px 3px">
<tr>
<td>FID</td>
<td>87</td>
</tr>
<tr bgcolor="#D4E4F3">
<td>PIN</td>
<td>2924069010</td>
</tr>
<tr>
<td>ID</td>
<td>175</td>
</tr>
<tr bgcolor="#D4E4F3">
<td>AU</td>
<td>2</td>
</tr>
<tr>
<td>NOTES</td>
<td></td>
</tr>
<tr bgcolor="#D4E4F3">
<td>INSIDE_X</td>
<td>1334396.78607</td>
</tr>
<tr>
<td>INSIDE_Y</td>
<td>200559.430843</td>
</tr>
<tr bgcolor="#D4E4F3">
<td>PolygonID</td>
<td>21151</td>
</tr>
<tr>
<td>GIS_Acres</td>
<td>5.376097</td>
</tr>
</table>
</td>
</tr>
</table>
</body><script type="text/javascript">
				function changeImage(attElement, nameElement) {
				document.getElementById('imageAttachment').src = attElement;
				document.getElementById('imageName').innerHTML = nameElement;}
			</script></html>
]]></description>
      <styleUrl>#PolyStyle00</styleUrl>
      <MultiGeometry>
        <Polygon>
          <extrude>0</extrude><altitudeMode>clampToGround</altitudeMode>
          <outerBoundaryIs><LinearRing><coordinates> -122.070932470924,47.54297667384492,0 -122.0710275933685,47.54304883527671,0 -122.0710788998771,47.54321449929277,0 -122.0712245310507,47.54325974505143,0 -122.0714303296347,47.54327610031229,0 -122.0715751832837,47.54336540557324,0 -122.0716975691269,47.54349859502777,0 -122.0718528801781,47.5436100177016,0 -122.0720385451225,47.54353807643672,0 -122.0722297617387,47.54345883540982,0 -122.0724724185399,47.54353791414842,0 -122.0725491122489,47.54349446816352,0 -122.0727011394278,47.54348468096482,0 -122.0726499399178,47.54362013787593,0 -122.0726687162753,47.54378553810603,0 -122.0727764567001,47.54382680330519,0 -122.072960308511,47.54385766711666,0 -122.0732216308558,47.54380102424022,0 -122.0735486758987,47.54369693236941,0 -122.0735683137783,47.54300414509009,0 -122.0735811321927,47.54255188006606,0 -122.0726230566036,47.54255105592708,0 -122.0726110692133,47.54255104550879,0 -122.070945644865,47.54254959337667,0 -122.070932470924,47.54297667384492,0</coordinates></LinearRing></outerBoundaryIs>
        </Polygon>
      </MultiGeometry>
    </Placemark>
    <Placemark id="ID_00088">
      <name>2921079039</name>
      <snippet></snippet>
      <description><![CDATA[<html xmlns:fo="http://www.w3.org/1999/XSL/Format" xmlns:msxsl="urn:schemas-microsoft-com:xslt">
<head>
<META http-equiv="Content-Type" content="text/html">
<meta http-equiv="content-type" content="text/html; charset=UTF-8">
</head>
<body style="margin:0px 0px 0px 0px;overflow:auto;background:#FFFFFF;">
<table style="font-family:Arial,Verdana,Times;font-size:12px;text-align:left;width:100%;border-collapse:collapse;padding:3px 3px 3px 3px">
<tr style="text-align:center;font-weight:bold;background:#9CBCE2">
<td>2921079039</td>
</tr>
<tr>
<td>
<table style="font-family:Arial,Verdana,Times;font-size:12px;text-align:left;width:100%;border-spacing:0px; padding:3px 3px 3px 3px">
<tr>
<td>FID</td>
<td>88</td>
</tr>
<tr bgcolor="#D4E4F3">
<td>PIN</td>
<td>2921079039</td>
</tr>
<tr>
<td>ID</td>
<td>0</td>
</tr>
<tr bgcolor="#D4E4F3">
<td>AU</td>
<td>2</td>
</tr>
<tr>
<td>NOTES</td>
<td></td>
</tr>
<tr bgcolor="#D4E4F3">
<td>INSIDE_X</td>
<td>1364923.4465</td>
</tr>
<tr>
<td>INSIDE_Y</td>
<td>105581.940759</td>
</tr>
<tr bgcolor="#D4E4F3">
<td>PolygonID</td>
<td>21153</td>
</tr>
<tr>
<td>GIS_Acres</td>
<td>2.328132</td>
</tr>
</table>
</td>
</tr>
</table>
</body><script type="text/javascript">
				function changeImage(attElement, nameElement) {
				document.getElementById('imageAttachment').src = attElement;
				document.getElementById('imageName').innerHTML = nameElement;}
			</script></html>
]]></description>
      <styleUrl>#PolyStyle00</styleUrl>
      <MultiGeometry>
        <Polygon>
          <extrude>0</extrude><altitudeMode>clampToGround</altitudeMode>
          <outerBoundaryIs><LinearRing><coordinates> -121.9438149935294,47.28320413758014,0 -121.9433368007038,47.28322023294992,0 -121.9432242104899,47.28322402222544,0 -121.9429896869252,47.28323191608333,0 -121.9429169658905,47.28375895201584,0 -121.9429122324913,47.28419920952931,0 -121.9429472466855,47.28452423949992,0 -121.9430521602891,47.28482944353271,0 -121.9430395198484,47.284896556825,0 -121.9429732245599,47.28507096892901,0 -121.9433128801721,47.2850651342075,0 -121.9433128806186,47.28506513406594,0 -121.9437721772227,47.28336283421322,0 -121.9438149939631,47.2832041379793,0 -121.9438149935294,47.28320413758014,0</coordinates></LinearRing></outerBoundaryIs>
        </Polygon>
      </MultiGeometry>
    </Placemark>
    <Placemark id="ID_00089">
      <name>2621069076</name>
      <snippet></snippet>
      <description><![CDATA[<html xmlns:fo="http://www.w3.org/1999/XSL/Format" xmlns:msxsl="urn:schemas-microsoft-com:xslt">
<head>
<META http-equiv="Content-Type" content="text/html">
<meta http-equiv="content-type" content="text/html; charset=UTF-8">
</head>
<body style="margin:0px 0px 0px 0px;overflow:auto;background:#FFFFFF;">
<table style="font-family:Arial,Verdana,Times;font-size:12px;text-align:left;width:100%;border-collapse:collapse;padding:3px 3px 3px 3px">
<tr style="text-align:center;font-weight:bold;background:#9CBCE2">
<td>2621069076</td>
</tr>
<tr>
<td>
<table style="font-family:Arial,Verdana,Times;font-size:12px;text-align:left;width:100%;border-spacing:0px; padding:3px 3px 3px 3px">
<tr>
<td>FID</td>
<td>89</td>
</tr>
<tr bgcolor="#D4E4F3">
<td>PIN</td>
<td>2621069076</td>
</tr>
<tr>
<td>ID</td>
<td>78</td>
</tr>
<tr bgcolor="#D4E4F3">
<td>AU</td>
<td>1</td>
</tr>
<tr>
<td>NOTES</td>
<td></td>
</tr>
<tr bgcolor="#D4E4F3">
<td>INSIDE_X</td>
<td>1349685.05478</td>
</tr>
<tr>
<td>INSIDE_Y</td>
<td>102126.616008</td>
</tr>
<tr bgcolor="#D4E4F3">
<td>PolygonID</td>
<td>21154</td>
</tr>
<tr>
<td>GIS_Acres</td>
<td>0.41701</td>
</tr>
</table>
</td>
</tr>
</table>
</body><script type="text/javascript">
				function changeImage(attElement, nameElement) {
				document.getElementById('imageAttachment').src = attElement;
				document.getElementById('imageName').innerHTML = nameElement;}
			</script></html>
]]></description>
      <styleUrl>#PolyStyle00</styleUrl>
      <MultiGeometry>
        <Polygon>
          <extrude>0</extrude><altitudeMode>clampToGround</altitudeMode>
          <outerBoundaryIs><LinearRing><coordinates> -122.0050730560664,47.2738068710327,0 -122.0049510605091,47.27381898924755,0 -122.0048770472511,47.27382634147514,0 -122.0046509251768,47.27382253059421,0 -122.0044865878512,47.27382423298828,0 -122.0044514434018,47.27382459702368,0 -122.0042351128343,47.27382683759166,0 -122.0039642059231,47.27384195023424,0 -122.0038292191914,47.27383690892938,0 -122.0038291997853,47.27383841764197,0 -122.0038277438706,47.27394932527572,0 -122.0038270706216,47.2740008106889,0 -122.0050708657549,47.27397598250111,0 -122.0050730560664,47.2738068710327,0</coordinates></LinearRing></outerBoundaryIs>
        </Polygon>
      </MultiGeometry>
    </Placemark>
    <Placemark id="ID_00090">
      <name>2621069076</name>
      <snippet></snippet>
      <description><![CDATA[<html xmlns:fo="http://www.w3.org/1999/XSL/Format" xmlns:msxsl="urn:schemas-microsoft-com:xslt">
<head>
<META http-equiv="Content-Type" content="text/html">
<meta http-equiv="content-type" content="text/html; charset=UTF-8">
</head>
<body style="margin:0px 0px 0px 0px;overflow:auto;background:#FFFFFF;">
<table style="font-family:Arial,Verdana,Times;font-size:12px;text-align:left;width:100%;border-collapse:collapse;padding:3px 3px 3px 3px">
<tr style="text-align:center;font-weight:bold;background:#9CBCE2">
<td>2621069076</td>
</tr>
<tr>
<td>
<table style="font-family:Arial,Verdana,Times;font-size:12px;text-align:left;width:100%;border-spacing:0px; padding:3px 3px 3px 3px">
<tr>
<td>FID</td>
<td>90</td>
</tr>
<tr bgcolor="#D4E4F3">
<td>PIN</td>
<td>2621069076</td>
</tr>
<tr>
<td>ID</td>
<td>78</td>
</tr>
<tr bgcolor="#D4E4F3">
<td>AU</td>
<td>1</td>
</tr>
<tr>
<td>NOTES</td>
<td></td>
</tr>
<tr bgcolor="#D4E4F3">
<td>INSIDE_X</td>
<td>1349584.4953</td>
</tr>
<tr>
<td>INSIDE_Y</td>
<td>101944.203154</td>
</tr>
<tr bgcolor="#D4E4F3">
<td>PolygonID</td>
<td>21155</td>
</tr>
<tr>
<td>GIS_Acres</td>
<td>0.537145</td>
</tr>
</table>
</td>
</tr>
</table>
</body><script type="text/javascript">
				function changeImage(attElement, nameElement) {
				document.getElementById('imageAttachment').src = attElement;
				document.getElementById('imageName').innerHTML = nameElement;}
			</script></html>
]]></description>
      <styleUrl>#PolyStyle00</styleUrl>
      <MultiGeometry>
        <Polygon>
          <extrude>0</extrude><altitudeMode>clampToGround</altitudeMode>
          <outerBoundaryIs><LinearRing><coordinates> -122.0050838616691,47.27297254977174,0 -122.0050838616691,47.27297254977174,0 -122.005017317588,47.27303534205119,0 -122.0048743150987,47.27324257761934,0 -122.0045572710194,47.27321236737986,0 -122.0043138310748,47.27332972776725,0 -122.0045268340367,47.2734232209653,0 -122.0047394097556,47.27349757794278,0 -122.004884053097,47.27367790716602,0 -122.0049510605091,47.27381898924755,0 -122.0050730560664,47.2738068710327,0 -122.0050838616691,47.27297254977174,0</coordinates></LinearRing></outerBoundaryIs>
        </Polygon>
      </MultiGeometry>
    </Placemark>
    <Placemark id="ID_00091">
      <name>2621069076</name>
      <snippet></snippet>
      <description><![CDATA[<html xmlns:fo="http://www.w3.org/1999/XSL/Format" xmlns:msxsl="urn:schemas-microsoft-com:xslt">
<head>
<META http-equiv="Content-Type" content="text/html">
<meta http-equiv="content-type" content="text/html; charset=UTF-8">
</head>
<body style="margin:0px 0px 0px 0px;overflow:auto;background:#FFFFFF;">
<table style="font-family:Arial,Verdana,Times;font-size:12px;text-align:left;width:100%;border-collapse:collapse;padding:3px 3px 3px 3px">
<tr style="text-align:center;font-weight:bold;background:#9CBCE2">
<td>2621069076</td>
</tr>
<tr>
<td>
<table style="font-family:Arial,Verdana,Times;font-size:12px;text-align:left;width:100%;border-spacing:0px; padding:3px 3px 3px 3px">
<tr>
<td>FID</td>
<td>91</td>
</tr>
<tr bgcolor="#D4E4F3">
<td>PIN</td>
<td>2621069076</td>
</tr>
<tr>
<td>ID</td>
<td>77</td>
</tr>
<tr bgcolor="#D4E4F3">
<td>AU</td>
<td>2</td>
</tr>
<tr>
<td>NOTES</td>
<td></td>
</tr>
<tr bgcolor="#D4E4F3">
<td>INSIDE_X</td>
<td>1349681.77045</td>
</tr>
<tr>
<td>INSIDE_Y</td>
<td>101867.318575</td>
</tr>
<tr bgcolor="#D4E4F3">
<td>PolygonID</td>
<td>21156</td>
</tr>
<tr>
<td>GIS_Acres</td>
<td>2.436182</td>
</tr>
</table>
</td>
</tr>
</table>
</body><script type="text/javascript">
				function changeImage(attElement, nameElement) {
				document.getElementById('imageAttachment').src = attElement;
				document.getElementById('imageName').innerHTML = nameElement;}
			</script></html>
]]></description>
      <styleUrl>#PolyStyle00</styleUrl>
      <MultiGeometry>
        <Polygon>
          <extrude>0</extrude><altitudeMode>clampToGround</altitudeMode>
          <outerBoundaryIs><LinearRing><coordinates> -122.0050925833964,47.27229913099506,0 -122.005015487856,47.27233572526609,0 -122.0047928123851,47.27248571976672,0 -122.0045079612901,47.2726855875155,0 -122.0042407740317,47.27286681049004,0 -122.0041238143168,47.27289263652014,0 -122.0039522059756,47.27290056716259,0 -122.0038525644278,47.2728931352253,0 -122.0038416119669,47.2728923183646,0 -122.0038292191914,47.27383690892938,0 -122.0039642059231,47.27384195023423,0 -122.0042351128343,47.27382683759164,0 -122.0044514434018,47.27382459702368,0 -122.0044865878512,47.27382423298828,0 -122.0046509251768,47.27382253059421,0 -122.0048770472511,47.27382634147514,0 -122.0049510605091,47.27381898924755,0 -122.004884053097,47.27367790716602,0 -122.0047394097556,47.27349757794278,0 -122.0045268340367,47.27342322096531,0 -122.0043138310748,47.27332972776725,0 -122.0045572710194,47.27321236737986,0 -122.0048743150987,47.27324257761932,0 -122.005017317588,47.27303534205118,0 -122.0050838616691,47.27297254977174,0 -122.0050925833964,47.27229913099506,0</coordinates></LinearRing></outerBoundaryIs>
        </Polygon>
      </MultiGeometry>
    </Placemark>
    <Placemark id="ID_00092">
      <name>1824079114</name>
      <snippet></snippet>
      <description><![CDATA[<html xmlns:fo="http://www.w3.org/1999/XSL/Format" xmlns:msxsl="urn:schemas-microsoft-com:xslt">
<head>
<META http-equiv="Content-Type" content="text/html">
<meta http-equiv="content-type" content="text/html; charset=UTF-8">
</head>
<body style="margin:0px 0px 0px 0px;overflow:auto;background:#FFFFFF;">
<table style="font-family:Arial,Verdana,Times;font-size:12px;text-align:left;width:100%;border-collapse:collapse;padding:3px 3px 3px 3px">
<tr style="text-align:center;font-weight:bold;background:#9CBCE2">
<td>1824079114</td>
</tr>
<tr>
<td>
<table style="font-family:Arial,Verdana,Times;font-size:12px;text-align:left;width:100%;border-spacing:0px; padding:3px 3px 3px 3px">
<tr>
<td>FID</td>
<td>92</td>
</tr>
<tr bgcolor="#D4E4F3">
<td>PIN</td>
<td>1824079114</td>
</tr>
<tr>
<td>ID</td>
<td>28</td>
</tr>
<tr bgcolor="#D4E4F3">
<td>AU</td>
<td>3</td>
</tr>
<tr>
<td>NOTES</td>
<td></td>
</tr>
<tr bgcolor="#D4E4F3">
<td>INSIDE_X</td>
<td>1360931.26606</td>
</tr>
<tr>
<td>INSIDE_Y</td>
<td>206635.535201</td>
</tr>
<tr bgcolor="#D4E4F3">
<td>PolygonID</td>
<td>21159</td>
</tr>
<tr>
<td>GIS_Acres</td>
<td>8.888766</td>
</tr>
</table>
</td>
</tr>
</table>
</body><script type="text/javascript">
				function changeImage(attElement, nameElement) {
				document.getElementById('imageAttachment').src = attElement;
				document.getElementById('imageName').innerHTML = nameElement;}
			</script></html>
]]></description>
      <styleUrl>#PolyStyle00</styleUrl>
      <MultiGeometry>
        <Polygon>
          <extrude>0</extrude><altitudeMode>clampToGround</altitudeMode>
          <outerBoundaryIs><LinearRing><coordinates> -121.9649721928089,47.5601892592933,0 -121.9648582008232,47.56027354410888,0 -121.9643757321302,47.56028488033099,0 -121.9638139179574,47.56019898034396,0 -121.96370721462,47.56017806604907,0 -121.9637072146199,47.56017806604906,0 -121.9623374084535,47.56016592935448,0 -121.9623386369298,47.56056614164306,0 -121.9628692573204,47.56071155454575,0 -121.9632076552022,47.56073433141442,0 -121.9637748729549,47.56062413431077,0 -121.9642107864284,47.56069168253517,0 -121.9648130610917,47.56086213091258,0 -121.9652546571885,47.56119101268757,0 -121.9657907945605,47.56142746387989,0 -121.9657003780252,47.56170936306935,0 -121.9657455692019,47.56203526885445,0 -121.9669359936027,47.56204547965728,0 -121.966924730405,47.56020650925618,0 -121.9649721928089,47.5601892592933,0</coordinates></LinearRing></outerBoundaryIs>
        </Polygon>
      </MultiGeometry>
    </Placemark>
    <Placemark id="ID_00093">
      <name>1824079012</name>
      <snippet></snippet>
      <description><![CDATA[<html xmlns:fo="http://www.w3.org/1999/XSL/Format" xmlns:msxsl="urn:schemas-microsoft-com:xslt">
<head>
<META http-equiv="Content-Type" content="text/html">
<meta http-equiv="content-type" content="text/html; charset=UTF-8">
</head>
<body style="margin:0px 0px 0px 0px;overflow:auto;background:#FFFFFF;">
<table style="font-family:Arial,Verdana,Times;font-size:12px;text-align:left;width:100%;border-collapse:collapse;padding:3px 3px 3px 3px">
<tr style="text-align:center;font-weight:bold;background:#9CBCE2">
<td>1824079012</td>
</tr>
<tr>
<td>
<table style="font-family:Arial,Verdana,Times;font-size:12px;text-align:left;width:100%;border-spacing:0px; padding:3px 3px 3px 3px">
<tr>
<td>FID</td>
<td>93</td>
</tr>
<tr bgcolor="#D4E4F3">
<td>PIN</td>
<td>1824079012</td>
</tr>
<tr>
<td>ID</td>
<td>28</td>
</tr>
<tr bgcolor="#D4E4F3">
<td>AU</td>
<td>3</td>
</tr>
<tr>
<td>NOTES</td>
<td></td>
</tr>
<tr bgcolor="#D4E4F3">
<td>INSIDE_X</td>
<td>1361576.04804</td>
</tr>
<tr>
<td>INSIDE_Y</td>
<td>206305.279419</td>
</tr>
<tr bgcolor="#D4E4F3">
<td>PolygonID</td>
<td>21160</td>
</tr>
<tr>
<td>GIS_Acres</td>
<td>0.702331</td>
</tr>
</table>
</td>
</tr>
</table>
</body><script type="text/javascript">
				function changeImage(attElement, nameElement) {
				document.getElementById('imageAttachment').src = attElement;
				document.getElementById('imageName').innerHTML = nameElement;}
			</script></html>
]]></description>
      <styleUrl>#PolyStyle00</styleUrl>
      <MultiGeometry>
        <Polygon>
          <extrude>0</extrude><altitudeMode>clampToGround</altitudeMode>
          <outerBoundaryIs><LinearRing><coordinates> -121.9637072146199,47.56017806604906,0 -121.9631158410953,47.56006215269689,0 -121.9629581463272,47.55991341831028,0 -121.9626539714751,47.55968772020816,0 -121.9624596546999,47.55963083700987,0 -121.9623357332456,47.55961868448964,0 -121.9623374084535,47.56016592935448,0 -121.9637072146199,47.56017806604906,0</coordinates></LinearRing></outerBoundaryIs>
        </Polygon>
      </MultiGeometry>
    </Placemark>
    <Placemark id="ID_00094">
      <name>1824079114</name>
      <snippet></snippet>
      <description><![CDATA[<html xmlns:fo="http://www.w3.org/1999/XSL/Format" xmlns:msxsl="urn:schemas-microsoft-com:xslt">
<head>
<META http-equiv="Content-Type" content="text/html">
<meta http-equiv="content-type" content="text/html; charset=UTF-8">
</head>
<body style="margin:0px 0px 0px 0px;overflow:auto;background:#FFFFFF;">
<table style="font-family:Arial,Verdana,Times;font-size:12px;text-align:left;width:100%;border-collapse:collapse;padding:3px 3px 3px 3px">
<tr style="text-align:center;font-weight:bold;background:#9CBCE2">
<td>1824079114</td>
</tr>
<tr>
<td>
<table style="font-family:Arial,Verdana,Times;font-size:12px;text-align:left;width:100%;border-spacing:0px; padding:3px 3px 3px 3px">
<tr>
<td>FID</td>
<td>94</td>
</tr>
<tr bgcolor="#D4E4F3">
<td>PIN</td>
<td>1824079114</td>
</tr>
<tr>
<td>ID</td>
<td>28</td>
</tr>
<tr bgcolor="#D4E4F3">
<td>AU</td>
<td>2</td>
</tr>
<tr>
<td>NOTES</td>
<td></td>
</tr>
<tr bgcolor="#D4E4F3">
<td>INSIDE_X</td>
<td>1361152.96102</td>
</tr>
<tr>
<td>INSIDE_Y</td>
<td>206405.520974</td>
</tr>
<tr bgcolor="#D4E4F3">
<td>PolygonID</td>
<td>21161</td>
</tr>
<tr>
<td>GIS_Acres</td>
<td>0.175317</td>
</tr>
</table>
</td>
</tr>
</table>
</body><script type="text/javascript">
				function changeImage(attElement, nameElement) {
				document.getElementById('imageAttachment').src = attElement;
				document.getElementById('imageName').innerHTML = nameElement;}
			</script></html>
]]></description>
      <styleUrl>#PolyStyle00</styleUrl>
      <MultiGeometry>
        <Polygon>
          <extrude>0</extrude><altitudeMode>clampToGround</altitudeMode>
          <outerBoundaryIs><LinearRing><coordinates> -121.96370721462,47.56017806604906,0 -121.9638139179574,47.56019898034397,0 -121.9643757321302,47.56028488033099,0 -121.9648582008232,47.56027354410888,0 -121.9649721928089,47.5601892592933,0 -121.96370721462,47.56017806604906,0</coordinates></LinearRing></outerBoundaryIs>
        </Polygon>
      </MultiGeometry>
    </Placemark>
  </Folder>
  <Style id="PolyStyle00">
    <LabelStyle>
      <color>00000000</color>
      <scale>0.000000</scale>
    </LabelStyle>
    <LineStyle>
      <color>ff6e6e6e</color>
      <width>0.700000</width>
    </LineStyle>
    <PolyStyle>
      <color>ffb8eefc</color>
      <outline>1</outline>
    </PolyStyle>
  </Style>
</Document>
</kml>