<?xml version="1.0" encoding="UTF-8"?>
<kml xmlns="http://www.opengis.net/kml/2.2" xmlns:gx="http://www.google.com/kml/ext/2.2" xmlns:kml="http://www.opengis.net/kml/2.2" xmlns:atom="http://www.w3.org/2005/Atom">
<Document id="bijie" xsi:schemaLocation="http://www.opengis.net/kml/2.2 http://schemas.opengis.net/kml/2.2.0/ogckml22.xsd http://www.google.com/kml/ext/2.2 http://code.google.com/apis/kml/schema/kml22gx.xsd">
	<name>bijie</name>
	<Snippet maxLines="0"></Snippet>
	<Style id="PolyStyle0041">
		<LabelStyle>
			<color>00000000</color>
			<scale>0</scale>
		</LabelStyle>
		<LineStyle>
			<color>ff6e6e6e</color>
			<width>0.4</width>
		</LineStyle>
		<PolyStyle>
			<color>ff0000ff</color>
		</PolyStyle>
	</Style>
	<StyleMap id="PolyStyle010930">
		<Pair>
			<key>normal</key>
			<styleUrl>#PolyStyle010921</styleUrl>
		</Pair>
		<Pair>
			<key>highlight</key>
			<styleUrl>#PolyStyle010959</styleUrl>
		</Pair>
	</StyleMap>
	<StyleMap id="PolyStyle00170">
		<Pair>
			<key>normal</key>
			<styleUrl>#PolyStyle00111</styleUrl>
		</Pair>
		<Pair>
			<key>highlight</key>
			<styleUrl>#PolyStyle004</styleUrl>
		</Pair>
	</StyleMap>
	<Style id="PolyStyle0063">
		<LabelStyle>
			<color>00000000</color>
			<scale>0</scale>
		</LabelStyle>
		<LineStyle>
			<color>ff6e6e6e</color>
			<width>0.4</width>
		</LineStyle>
		<PolyStyle>
			<color>ff0000ff</color>
		</PolyStyle>
	</Style>
	<Style id="PolyStyle03318">
		<LabelStyle>
			<color>00000000</color>
			<scale>0</scale>
		</LabelStyle>
		<LineStyle>
			<color>ff6e6e6e</color>
			<width>0.4</width>
		</LineStyle>
		<PolyStyle>
			<color>ff0066ff</color>
		</PolyStyle>
	</Style>
	<Style id="PolyStyle010911">
		<LabelStyle>
			<color>00000000</color>
			<scale>0</scale>
		</LabelStyle>
		<LineStyle>
			<color>ff6e6e6e</color>
			<width>0.4</width>
		</LineStyle>
		<PolyStyle>
			<color>ff00a838</color>
		</PolyStyle>
	</Style>
	<StyleMap id="PolyStyle00166">
		<Pair>
			<key>normal</key>
			<styleUrl>#PolyStyle00176</styleUrl>
		</Pair>
		<Pair>
			<key>highlight</key>
			<styleUrl>#PolyStyle00181</styleUrl>
		</Pair>
	</StyleMap>
	<Style id="PolyStyle04020">
		<LabelStyle>
			<color>00000000</color>
			<scale>0</scale>
		</LabelStyle>
		<LineStyle>
			<color>ff6e6e6e</color>
			<width>0.4</width>
		</LineStyle>
		<PolyStyle>
			<color>ff00c979</color>
		</PolyStyle>
	</Style>
	<StyleMap id="PolyStyle00159">
		<Pair>
			<key>normal</key>
			<styleUrl>#PolyStyle00125</styleUrl>
		</Pair>
		<Pair>
			<key>highlight</key>
			<styleUrl>#PolyStyle0075</styleUrl>
		</Pair>
	</StyleMap>
	<Style id="PolyStyle03313">
		<LabelStyle>
			<color>00000000</color>
			<scale>0</scale>
		</LabelStyle>
		<LineStyle>
			<color>ff6e6e6e</color>
			<width>0.4</width>
		</LineStyle>
		<PolyStyle>
			<color>ff0066ff</color>
		</PolyStyle>
	</Style>
	<Style id="PolyStyle0042">
		<LabelStyle>
			<color>00000000</color>
			<scale>0</scale>
		</LabelStyle>
		<LineStyle>
			<color>ff6e6e6e</color>
			<width>0.4</width>
		</LineStyle>
		<PolyStyle>
			<color>ff0000ff</color>
		</PolyStyle>
	</Style>
	<StyleMap id="PolyStyle03330">
		<Pair>
			<key>normal</key>
			<styleUrl>#PolyStyle03335</styleUrl>
		</Pair>
		<Pair>
			<key>highlight</key>
			<styleUrl>#PolyStyle03325</styleUrl>
		</Pair>
	</StyleMap>
	<Style id="PolyStyle07916">
		<LabelStyle>
			<color>00000000</color>
			<scale>0</scale>
		</LabelStyle>
		<LineStyle>
			<color>ff6e6e6e</color>
			<width>0.4</width>
		</LineStyle>
		<PolyStyle>
			<color>ff00ccff</color>
		</PolyStyle>
	</Style>
	<StyleMap id="PolyStyle00114">
		<Pair>
			<key>normal</key>
			<styleUrl>#PolyStyle0045</styleUrl>
		</Pair>
		<Pair>
			<key>highlight</key>
			<styleUrl>#PolyStyle00151</styleUrl>
		</Pair>
	</StyleMap>
	<Style id="PolyStyle0337">
		<LabelStyle>
			<color>00000000</color>
			<scale>0</scale>
		</LabelStyle>
		<LineStyle>
			<color>ff6e6e6e</color>
			<width>0.4</width>
		</LineStyle>
		<PolyStyle>
			<color>ff0066ff</color>
		</PolyStyle>
	</Style>
	<Style id="PolyStyle01096">
		<LabelStyle>
			<color>00000000</color>
			<scale>0</scale>
		</LabelStyle>
		<LineStyle>
			<color>ff6e6e6e</color>
			<width>0.4</width>
		</LineStyle>
		<PolyStyle>
			<color>ff00a838</color>
		</PolyStyle>
	</Style>
	<Style id="PolyStyle0050">
		<LabelStyle>
			<color>00000000</color>
			<scale>0</scale>
		</LabelStyle>
		<LineStyle>
			<color>ff6e6e6e</color>
			<width>0.4</width>
		</LineStyle>
		<PolyStyle>
			<color>ff0000ff</color>
		</PolyStyle>
	</Style>
	<Style id="PolyStyle00135">
		<LabelStyle>
			<color>00000000</color>
			<scale>0</scale>
		</LabelStyle>
		<LineStyle>
			<color>ff6e6e6e</color>
			<width>0.4</width>
		</LineStyle>
		<PolyStyle>
			<color>ff0000ff</color>
		</PolyStyle>
	</Style>
	<Style id="PolyStyle03325">
		<LabelStyle>
			<color>00000000</color>
			<scale>0</scale>
		</LabelStyle>
		<LineStyle>
			<color>ff6e6e6e</color>
			<width>0.4</width>
		</LineStyle>
		<PolyStyle>
			<color>ff0066ff</color>
		</PolyStyle>
	</Style>
	<Style id="PolyStyle07918">
		<LabelStyle>
			<color>00000000</color>
			<scale>0</scale>
		</LabelStyle>
		<LineStyle>
			<color>ff6e6e6e</color>
			<width>0.4</width>
		</LineStyle>
		<PolyStyle>
			<color>ff00ccff</color>
		</PolyStyle>
	</Style>
	<StyleMap id="PolyStyle0058">
		<Pair>
			<key>normal</key>
			<styleUrl>#PolyStyle00128</styleUrl>
		</Pair>
		<Pair>
			<key>highlight</key>
			<styleUrl>#PolyStyle0021</styleUrl>
		</Pair>
	</StyleMap>
	<Style id="PolyStyle010939">
		<LabelStyle>
			<color>00000000</color>
			<scale>0</scale>
		</LabelStyle>
		<LineStyle>
			<color>ff6e6e6e</color>
			<width>0.4</width>
		</LineStyle>
		<PolyStyle>
			<color>ff00a838</color>
		</PolyStyle>
	</Style>
	<Style id="PolyStyle010935">
		<LabelStyle>
			<color>00000000</color>
			<scale>0</scale>
		</LabelStyle>
		<LineStyle>
			<color>ff6e6e6e</color>
			<width>0.4</width>
		</LineStyle>
		<PolyStyle>
			<color>ff00a838</color>
		</PolyStyle>
	</Style>
	<Style id="PolyStyle0092">
		<LabelStyle>
			<color>00000000</color>
			<scale>0</scale>
		</LabelStyle>
		<LineStyle>
			<color>ff6e6e6e</color>
			<width>0.4</width>
		</LineStyle>
		<PolyStyle>
			<color>ff0000ff</color>
		</PolyStyle>
	</Style>
	<StyleMap id="PolyStyle0044">
		<Pair>
			<key>normal</key>
			<styleUrl>#PolyStyle0062</styleUrl>
		</Pair>
		<Pair>
			<key>highlight</key>
			<styleUrl>#PolyStyle00178</styleUrl>
		</Pair>
	</StyleMap>
	<Style id="PolyStyle07917">
		<LabelStyle>
			<color>00000000</color>
			<scale>0</scale>
		</LabelStyle>
		<LineStyle>
			<color>ff6e6e6e</color>
			<width>0.4</width>
		</LineStyle>
		<PolyStyle>
			<color>ff00ccff</color>
		</PolyStyle>
	</Style>
	<Style id="PolyStyle0867">
		<LabelStyle>
			<color>00000000</color>
			<scale>0</scale>
		</LabelStyle>
		<LineStyle>
			<color>ff6e6e6e</color>
			<width>0.4</width>
		</LineStyle>
		<PolyStyle>
			<color>ff00edce</color>
		</PolyStyle>
	</Style>
	<Style id="PolyStyle0083">
		<LabelStyle>
			<color>00000000</color>
			<scale>0</scale>
		</LabelStyle>
		<LineStyle>
			<color>ff6e6e6e</color>
			<width>0.4</width>
		</LineStyle>
		<PolyStyle>
			<color>ff0000ff</color>
		</PolyStyle>
	</Style>
	<StyleMap id="PolyStyle010961">
		<Pair>
			<key>normal</key>
			<styleUrl>#PolyStyle010947</styleUrl>
		</Pair>
		<Pair>
			<key>highlight</key>
			<styleUrl>#PolyStyle010943</styleUrl>
		</Pair>
	</StyleMap>
	<Style id="PolyStyle0047">
		<LabelStyle>
			<color>00000000</color>
			<scale>0</scale>
		</LabelStyle>
		<LineStyle>
			<color>ff6e6e6e</color>
			<width>0.4</width>
		</LineStyle>
		<PolyStyle>
			<color>ff0000ff</color>
		</PolyStyle>
	</Style>
	<StyleMap id="PolyStyle010952">
		<Pair>
			<key>normal</key>
			<styleUrl>#PolyStyle010955</styleUrl>
		</Pair>
		<Pair>
			<key>highlight</key>
			<styleUrl>#PolyStyle010945</styleUrl>
		</Pair>
	</StyleMap>
	<Style id="PolyStyle01098">
		<LabelStyle>
			<color>00000000</color>
			<scale>0</scale>
		</LabelStyle>
		<LineStyle>
			<color>ff6e6e6e</color>
			<width>0.4</width>
		</LineStyle>
		<PolyStyle>
			<color>ff00a838</color>
		</PolyStyle>
	</Style>
	<Style id="PolyStyle04031">
		<LabelStyle>
			<color>00000000</color>
			<scale>0</scale>
		</LabelStyle>
		<LineStyle>
			<color>ff6e6e6e</color>
			<width>0.4</width>
		</LineStyle>
		<PolyStyle>
			<color>ff00c979</color>
		</PolyStyle>
	</Style>
	<Style id="PolyStyle0010">
		<LabelStyle>
			<color>00000000</color>
			<scale>0</scale>
		</LabelStyle>
		<LineStyle>
			<color>ff6e6e6e</color>
			<width>0.4</width>
		</LineStyle>
		<PolyStyle>
			<color>ff0000ff</color>
		</PolyStyle>
	</Style>
	<Style id="PolyStyle010936">
		<LabelStyle>
			<color>00000000</color>
			<scale>0</scale>
		</LabelStyle>
		<LineStyle>
			<color>ff6e6e6e</color>
			<width>0.4</width>
		</LineStyle>
		<PolyStyle>
			<color>ff00a838</color>
		</PolyStyle>
	</Style>
	<Style id="PolyStyle00148">
		<LabelStyle>
			<color>00000000</color>
			<scale>0</scale>
		</LabelStyle>
		<LineStyle>
			<color>ff6e6e6e</color>
			<width>0.4</width>
		</LineStyle>
		<PolyStyle>
			<color>ff0000ff</color>
		</PolyStyle>
	</Style>
	<Style id="PolyStyle00182">
		<LabelStyle>
			<color>00000000</color>
			<scale>0</scale>
		</LabelStyle>
		<LineStyle>
			<color>ff6e6e6e</color>
			<width>0.4</width>
		</LineStyle>
		<PolyStyle>
			<color>ff0000ff</color>
		</PolyStyle>
	</Style>
	<Style id="PolyStyle03335">
		<LabelStyle>
			<color>00000000</color>
			<scale>0</scale>
		</LabelStyle>
		<LineStyle>
			<color>ff6e6e6e</color>
			<width>0.4</width>
		</LineStyle>
		<PolyStyle>
			<color>ff0066ff</color>
		</PolyStyle>
	</Style>
	<Style id="PolyStyle010949">
		<LabelStyle>
			<color>00000000</color>
			<scale>0</scale>
		</LabelStyle>
		<LineStyle>
			<color>ff6e6e6e</color>
			<width>0.4</width>
		</LineStyle>
		<PolyStyle>
			<color>ff00a838</color>
		</PolyStyle>
	</Style>
	<StyleMap id="PolyStyle0030">
		<Pair>
			<key>normal</key>
			<styleUrl>#PolyStyle0037</styleUrl>
		</Pair>
		<Pair>
			<key>highlight</key>
			<styleUrl>#PolyStyle00148</styleUrl>
		</Pair>
	</StyleMap>
	<Style id="PolyStyle03315">
		<LabelStyle>
			<color>00000000</color>
			<scale>0</scale>
		</LabelStyle>
		<LineStyle>
			<color>ff6e6e6e</color>
			<width>0.4</width>
		</LineStyle>
		<PolyStyle>
			<color>ff0066ff</color>
		</PolyStyle>
	</Style>
	<Style id="PolyStyle01094">
		<LabelStyle>
			<color>00000000</color>
			<scale>0</scale>
		</LabelStyle>
		<LineStyle>
			<color>ff6e6e6e</color>
			<width>0.4</width>
		</LineStyle>
		<PolyStyle>
			<color>ff00a838</color>
		</PolyStyle>
	</Style>
	<Style id="PolyStyle010916">
		<LabelStyle>
			<color>00000000</color>
			<scale>0</scale>
		</LabelStyle>
		<LineStyle>
			<color>ff6e6e6e</color>
			<width>0.4</width>
		</LineStyle>
		<PolyStyle>
			<color>ff00a838</color>
		</PolyStyle>
	</Style>
	<Style id="PolyStyle00160">
		<LabelStyle>
			<color>00000000</color>
			<scale>0</scale>
		</LabelStyle>
		<LineStyle>
			<color>ff6e6e6e</color>
			<width>0.4</width>
		</LineStyle>
		<PolyStyle>
			<color>ff0000ff</color>
		</PolyStyle>
	</Style>
	<Style id="PolyStyle00183">
		<LabelStyle>
			<color>00000000</color>
			<scale>0</scale>
		</LabelStyle>
		<LineStyle>
			<color>ff6e6e6e</color>
			<width>0.4</width>
		</LineStyle>
		<PolyStyle>
			<color>ff0000ff</color>
		</PolyStyle>
	</Style>
	<Style id="PolyStyle00153">
		<LabelStyle>
			<color>00000000</color>
			<scale>0</scale>
		</LabelStyle>
		<LineStyle>
			<color>ff6e6e6e</color>
			<width>0.4</width>
		</LineStyle>
		<PolyStyle>
			<color>ff0000ff</color>
		</PolyStyle>
	</Style>
	<Style id="PolyStyle0404">
		<LabelStyle>
			<color>00000000</color>
			<scale>0</scale>
		</LabelStyle>
		<LineStyle>
			<color>ff6e6e6e</color>
			<width>0.4</width>
		</LineStyle>
		<PolyStyle>
			<color>ff00c979</color>
		</PolyStyle>
	</Style>
	<Style id="PolyStyle03329">
		<LabelStyle>
			<color>00000000</color>
			<scale>0</scale>
		</LabelStyle>
		<LineStyle>
			<color>ff6e6e6e</color>
			<width>0.4</width>
		</LineStyle>
		<PolyStyle>
			<color>ff0066ff</color>
		</PolyStyle>
	</Style>
	<Style id="PolyStyle07910">
		<LabelStyle>
			<color>00000000</color>
			<scale>0</scale>
		</LabelStyle>
		<LineStyle>
			<color>ff6e6e6e</color>
			<width>0.4</width>
		</LineStyle>
		<PolyStyle>
			<color>ff00ccff</color>
		</PolyStyle>
	</Style>
	<Style id="PolyStyle03319">
		<LabelStyle>
			<color>00000000</color>
			<scale>0</scale>
		</LabelStyle>
		<LineStyle>
			<color>ff6e6e6e</color>
			<width>0.4</width>
		</LineStyle>
		<PolyStyle>
			<color>ff0066ff</color>
		</PolyStyle>
	</Style>
	<Style id="PolyStyle00171">
		<LabelStyle>
			<color>00000000</color>
			<scale>0</scale>
		</LabelStyle>
		<LineStyle>
			<color>ff6e6e6e</color>
			<width>0.4</width>
		</LineStyle>
		<PolyStyle>
			<color>ff0000ff</color>
		</PolyStyle>
	</Style>
	<StyleMap id="PolyStyle0109">
		<Pair>
			<key>normal</key>
			<styleUrl>#PolyStyle01094</styleUrl>
		</Pair>
		<Pair>
			<key>highlight</key>
			<styleUrl>#PolyStyle01093</styleUrl>
		</Pair>
	</StyleMap>
	<StyleMap id="PolyStyle0094">
		<Pair>
			<key>normal</key>
			<styleUrl>#PolyStyle00116</styleUrl>
		</Pair>
		<Pair>
			<key>highlight</key>
			<styleUrl>#PolyStyle0023</styleUrl>
		</Pair>
	</StyleMap>
	<StyleMap id="PolyStyle04035">
		<Pair>
			<key>normal</key>
			<styleUrl>#PolyStyle04036</styleUrl>
		</Pair>
		<Pair>
			<key>highlight</key>
			<styleUrl>#PolyStyle04051</styleUrl>
		</Pair>
	</StyleMap>
	<Style id="PolyStyle03311">
		<LabelStyle>
			<color>00000000</color>
			<scale>0</scale>
		</LabelStyle>
		<LineStyle>
			<color>ff6e6e6e</color>
			<width>0.4</width>
		</LineStyle>
		<PolyStyle>
			<color>ff0066ff</color>
		</PolyStyle>
	</Style>
	<StyleMap id="PolyStyle0401">
		<Pair>
			<key>normal</key>
			<styleUrl>#PolyStyle04028</styleUrl>
		</Pair>
		<Pair>
			<key>highlight</key>
			<styleUrl>#PolyStyle04040</styleUrl>
		</Pair>
	</StyleMap>
	<Style id="PolyStyle010946">
		<LabelStyle>
			<color>00000000</color>
			<scale>0</scale>
		</LabelStyle>
		<LineStyle>
			<color>ff6e6e6e</color>
			<width>0.4</width>
		</LineStyle>
		<PolyStyle>
			<color>ff00a838</color>
		</PolyStyle>
	</Style>
	<Style id="PolyStyle0860">
		<LabelStyle>
			<color>00000000</color>
			<scale>0</scale>
		</LabelStyle>
		<LineStyle>
			<color>ff6e6e6e</color>
			<width>0.4</width>
		</LineStyle>
		<PolyStyle>
			<color>ff00edce</color>
		</PolyStyle>
	</Style>
	<Style id="PolyStyle00149">
		<LabelStyle>
			<color>00000000</color>
			<scale>0</scale>
		</LabelStyle>
		<LineStyle>
			<color>ff6e6e6e</color>
			<width>0.4</width>
		</LineStyle>
		<PolyStyle>
			<color>ff0000ff</color>
		</PolyStyle>
	</Style>
	<StyleMap id="PolyStyle0073">
		<Pair>
			<key>normal</key>
			<styleUrl>#PolyStyle0087</styleUrl>
		</Pair>
		<Pair>
			<key>highlight</key>
			<styleUrl>#PolyStyle00183</styleUrl>
		</Pair>
	</StyleMap>
	<Style id="PolyStyle0039">
		<LabelStyle>
			<color>00000000</color>
			<scale>0</scale>
		</LabelStyle>
		<LineStyle>
			<color>ff6e6e6e</color>
			<width>0.4</width>
		</LineStyle>
		<PolyStyle>
			<color>ff0000ff</color>
		</PolyStyle>
	</Style>
	<Style id="PolyStyle003">
		<LabelStyle>
			<color>00000000</color>
			<scale>0</scale>
		</LabelStyle>
		<LineStyle>
			<color>ff6e6e6e</color>
			<width>0.4</width>
		</LineStyle>
		<PolyStyle>
			<color>ff0000ff</color>
		</PolyStyle>
	</Style>
	<StyleMap id="PolyStyle0090">
		<Pair>
			<key>normal</key>
			<styleUrl>#PolyStyle0024</styleUrl>
		</Pair>
		<Pair>
			<key>highlight</key>
			<styleUrl>#PolyStyle00137</styleUrl>
		</Pair>
	</StyleMap>
	<Style id="PolyStyle0865">
		<LabelStyle>
			<color>00000000</color>
			<scale>0</scale>
		</LabelStyle>
		<LineStyle>
			<color>ff6e6e6e</color>
			<width>0.4</width>
		</LineStyle>
		<PolyStyle>
			<color>ff00edce</color>
		</PolyStyle>
	</Style>
	<Style id="PolyStyle00173">
		<LabelStyle>
			<color>00000000</color>
			<scale>0</scale>
		</LabelStyle>
		<LineStyle>
			<color>ff6e6e6e</color>
			<width>0.4</width>
		</LineStyle>
		<PolyStyle>
			<color>ff0000ff</color>
		</PolyStyle>
	</Style>
	<StyleMap id="PolyStyle0795">
		<Pair>
			<key>normal</key>
			<styleUrl>#PolyStyle07916</styleUrl>
		</Pair>
		<Pair>
			<key>highlight</key>
			<styleUrl>#PolyStyle0796</styleUrl>
		</Pair>
	</StyleMap>
	<Style id="PolyStyle00130">
		<LabelStyle>
			<color>00000000</color>
			<scale>0</scale>
		</LabelStyle>
		<LineStyle>
			<color>ff6e6e6e</color>
			<width>0.4</width>
		</LineStyle>
		<PolyStyle>
			<color>ff0000ff</color>
		</PolyStyle>
	</Style>
	<StyleMap id="PolyStyle00">
		<Pair>
			<key>normal</key>
			<styleUrl>#PolyStyle0047</styleUrl>
		</Pair>
		<Pair>
			<key>highlight</key>
			<styleUrl>#PolyStyle0010</styleUrl>
		</Pair>
	</StyleMap>
	<Style id="PolyStyle0013">
		<LabelStyle>
			<color>00000000</color>
			<scale>0</scale>
		</LabelStyle>
		<LineStyle>
			<color>ff6e6e6e</color>
			<width>0.4</width>
		</LineStyle>
		<PolyStyle>
			<color>ff0000ff</color>
		</PolyStyle>
	</Style>
	<Style id="PolyStyle00146">
		<LabelStyle>
			<color>00000000</color>
			<scale>0</scale>
		</LabelStyle>
		<LineStyle>
			<color>ff6e6e6e</color>
			<width>0.4</width>
		</LineStyle>
		<PolyStyle>
			<color>ff0000ff</color>
		</PolyStyle>
	</Style>
	<StyleMap id="PolyStyle0082">
		<Pair>
			<key>normal</key>
			<styleUrl>#PolyStyle00109</styleUrl>
		</Pair>
		<Pair>
			<key>highlight</key>
			<styleUrl>#PolyStyle002</styleUrl>
		</Pair>
	</StyleMap>
	<Style id="PolyStyle00151">
		<LabelStyle>
			<color>00000000</color>
			<scale>0</scale>
		</LabelStyle>
		<LineStyle>
			<color>ff6e6e6e</color>
			<width>0.4</width>
		</LineStyle>
		<PolyStyle>
			<color>ff0000ff</color>
		</PolyStyle>
	</Style>
	<Style id="PolyStyle010921">
		<LabelStyle>
			<color>00000000</color>
			<scale>0</scale>
		</LabelStyle>
		<LineStyle>
			<color>ff6e6e6e</color>
			<width>0.4</width>
		</LineStyle>
		<PolyStyle>
			<color>ff00a838</color>
		</PolyStyle>
	</Style>
	<Style id="PolyStyle00167">
		<LabelStyle>
			<color>00000000</color>
			<scale>0</scale>
		</LabelStyle>
		<LineStyle>
			<color>ff6e6e6e</color>
			<width>0.4</width>
		</LineStyle>
		<PolyStyle>
			<color>ff0000ff</color>
		</PolyStyle>
	</Style>
	<StyleMap id="PolyStyle0335">
		<Pair>
			<key>normal</key>
			<styleUrl>#PolyStyle03327</styleUrl>
		</Pair>
		<Pair>
			<key>highlight</key>
			<styleUrl>#PolyStyle0336</styleUrl>
		</Pair>
	</StyleMap>
	<Style id="PolyStyle0862">
		<LabelStyle>
			<color>00000000</color>
			<scale>0</scale>
		</LabelStyle>
		<LineStyle>
			<color>ff6e6e6e</color>
			<width>0.4</width>
		</LineStyle>
		<PolyStyle>
			<color>ff00edce</color>
		</PolyStyle>
	</Style>
	<Style id="PolyStyle00104">
		<LabelStyle>
			<color>00000000</color>
			<scale>0</scale>
		</LabelStyle>
		<LineStyle>
			<color>ff6e6e6e</color>
			<width>0.4</width>
		</LineStyle>
		<PolyStyle>
			<color>ff0000ff</color>
		</PolyStyle>
	</Style>
	<Style id="PolyStyle0797">
		<LabelStyle>
			<color>00000000</color>
			<scale>0</scale>
		</LabelStyle>
		<LineStyle>
			<color>ff6e6e6e</color>
			<width>0.4</width>
		</LineStyle>
		<PolyStyle>
			<color>ff00ccff</color>
		</PolyStyle>
	</Style>
	<StyleMap id="PolyStyle04058">
		<Pair>
			<key>normal</key>
			<styleUrl>#PolyStyle0402</styleUrl>
		</Pair>
		<Pair>
			<key>highlight</key>
			<styleUrl>#PolyStyle04031</styleUrl>
		</Pair>
	</StyleMap>
	<Style id="PolyStyle04025">
		<LabelStyle>
			<color>00000000</color>
			<scale>0</scale>
		</LabelStyle>
		<LineStyle>
			<color>ff6e6e6e</color>
			<width>0.4</width>
		</LineStyle>
		<PolyStyle>
			<color>ff00c979</color>
		</PolyStyle>
	</Style>
	<StyleMap id="PolyStyle0072">
		<Pair>
			<key>normal</key>
			<styleUrl>#PolyStyle00184</styleUrl>
		</Pair>
		<Pair>
			<key>highlight</key>
			<styleUrl>#PolyStyle0088</styleUrl>
		</Pair>
	</StyleMap>
	<Style id="PolyStyle00164">
		<LabelStyle>
			<color>00000000</color>
			<scale>0</scale>
		</LabelStyle>
		<LineStyle>
			<color>ff6e6e6e</color>
			<width>0.4</width>
		</LineStyle>
		<PolyStyle>
			<color>ff0000ff</color>
		</PolyStyle>
	</Style>
	<StyleMap id="PolyStyle03334">
		<Pair>
			<key>normal</key>
			<styleUrl>#PolyStyle03336</styleUrl>
		</Pair>
		<Pair>
			<key>highlight</key>
			<styleUrl>#PolyStyle03312</styleUrl>
		</Pair>
	</StyleMap>
	<Style id="PolyStyle01093">
		<LabelStyle>
			<color>00000000</color>
			<scale>0</scale>
		</LabelStyle>
		<LineStyle>
			<color>ff6e6e6e</color>
			<width>0.4</width>
		</LineStyle>
		<PolyStyle>
			<color>ff00a838</color>
		</PolyStyle>
	</Style>
	<Style id="PolyStyle00190">
		<LabelStyle>
			<color>00000000</color>
			<scale>0</scale>
		</LabelStyle>
		<LineStyle>
			<color>ff6e6e6e</color>
			<width>0.4</width>
		</LineStyle>
		<PolyStyle>
			<color>ff0000ff</color>
		</PolyStyle>
	</Style>
	<StyleMap id="PolyStyle0086">
		<Pair>
			<key>normal</key>
			<styleUrl>#PolyStyle00100</styleUrl>
		</Pair>
		<Pair>
			<key>highlight</key>
			<styleUrl>#PolyStyle0066</styleUrl>
		</Pair>
	</StyleMap>
	<Style id="PolyStyle00122">
		<LabelStyle>
			<color>00000000</color>
			<scale>0</scale>
		</LabelStyle>
		<LineStyle>
			<color>ff6e6e6e</color>
			<width>0.4</width>
		</LineStyle>
		<PolyStyle>
			<color>ff0000ff</color>
		</PolyStyle>
	</Style>
	<Style id="PolyStyle0060">
		<LabelStyle>
			<color>00000000</color>
			<scale>0</scale>
		</LabelStyle>
		<LineStyle>
			<color>ff6e6e6e</color>
			<width>0.4</width>
		</LineStyle>
		<PolyStyle>
			<color>ff0000ff</color>
		</PolyStyle>
	</Style>
	<StyleMap id="PolyStyle0798">
		<Pair>
			<key>normal</key>
			<styleUrl>#PolyStyle07918</styleUrl>
		</Pair>
		<Pair>
			<key>highlight</key>
			<styleUrl>#PolyStyle07917</styleUrl>
		</Pair>
	</StyleMap>
	<Style id="PolyStyle00178">
		<LabelStyle>
			<color>00000000</color>
			<scale>0</scale>
		</LabelStyle>
		<LineStyle>
			<color>ff6e6e6e</color>
			<width>0.4</width>
		</LineStyle>
		<PolyStyle>
			<color>ff0000ff</color>
		</PolyStyle>
	</Style>
	<StyleMap id="PolyStyle0064">
		<Pair>
			<key>normal</key>
			<styleUrl>#PolyStyle0020</styleUrl>
		</Pair>
		<Pair>
			<key>highlight</key>
			<styleUrl>#PolyStyle00126</styleUrl>
		</Pair>
	</StyleMap>
	<Style id="PolyStyle04033">
		<LabelStyle>
			<color>00000000</color>
			<scale>0</scale>
		</LabelStyle>
		<LineStyle>
			<color>ff6e6e6e</color>
			<width>0.4</width>
		</LineStyle>
		<PolyStyle>
			<color>ff00c979</color>
		</PolyStyle>
	</Style>
	<StyleMap id="PolyStyle01092">
		<Pair>
			<key>normal</key>
			<styleUrl>#PolyStyle010946</styleUrl>
		</Pair>
		<Pair>
			<key>highlight</key>
			<styleUrl>#PolyStyle010938</styleUrl>
		</Pair>
	</StyleMap>
	<Style id="PolyStyle0061">
		<LabelStyle>
			<color>00000000</color>
			<scale>0</scale>
		</LabelStyle>
		<LineStyle>
			<color>ff6e6e6e</color>
			<width>0.4</width>
		</LineStyle>
		<PolyStyle>
			<color>ff0000ff</color>
		</PolyStyle>
	</Style>
	<Style id="PolyStyle04026">
		<LabelStyle>
			<color>00000000</color>
			<scale>0</scale>
		</LabelStyle>
		<LineStyle>
			<color>ff6e6e6e</color>
			<width>0.4</width>
		</LineStyle>
		<PolyStyle>
			<color>ff00c979</color>
		</PolyStyle>
	</Style>
	<StyleMap id="PolyStyle010932">
		<Pair>
			<key>normal</key>
			<styleUrl>#PolyStyle010915</styleUrl>
		</Pair>
		<Pair>
			<key>highlight</key>
			<styleUrl>#PolyStyle01097</styleUrl>
		</Pair>
	</StyleMap>
	<Style id="PolyStyle0065">
		<LabelStyle>
			<color>00000000</color>
			<scale>0</scale>
		</LabelStyle>
		<LineStyle>
			<color>ff6e6e6e</color>
			<width>0.4</width>
		</LineStyle>
		<PolyStyle>
			<color>ff0000ff</color>
		</PolyStyle>
	</Style>
	<StyleMap id="PolyStyle0077">
		<Pair>
			<key>normal</key>
			<styleUrl>#PolyStyle0065</styleUrl>
		</Pair>
		<Pair>
			<key>highlight</key>
			<styleUrl>#PolyStyle0068</styleUrl>
		</Pair>
	</StyleMap>
	<Style id="PolyStyle010955">
		<LabelStyle>
			<color>00000000</color>
			<scale>0</scale>
		</LabelStyle>
		<LineStyle>
			<color>ff6e6e6e</color>
			<width>0.4</width>
		</LineStyle>
		<PolyStyle>
			<color>ff00a838</color>
		</PolyStyle>
	</Style>
	<StyleMap id="PolyStyle0793">
		<Pair>
			<key>normal</key>
			<styleUrl>#PolyStyle0799</styleUrl>
		</Pair>
		<Pair>
			<key>highlight</key>
			<styleUrl>#PolyStyle079</styleUrl>
		</Pair>
	</StyleMap>
	<Style id="PolyStyle0066">
		<LabelStyle>
			<color>00000000</color>
			<scale>0</scale>
		</LabelStyle>
		<LineStyle>
			<color>ff6e6e6e</color>
			<width>0.4</width>
		</LineStyle>
		<PolyStyle>
			<color>ff0000ff</color>
		</PolyStyle>
	</Style>
	<StyleMap id="PolyStyle08610">
		<Pair>
			<key>normal</key>
			<styleUrl>#PolyStyle0867</styleUrl>
		</Pair>
		<Pair>
			<key>highlight</key>
			<styleUrl>#PolyStyle086</styleUrl>
		</Pair>
	</StyleMap>
	<Style id="PolyStyle0079">
		<LabelStyle>
			<color>00000000</color>
			<scale>0</scale>
		</LabelStyle>
		<LineStyle>
			<color>ff6e6e6e</color>
			<width>0.4</width>
		</LineStyle>
		<PolyStyle>
			<color>ff0000ff</color>
		</PolyStyle>
	</Style>
	<Style id="PolyStyle0018">
		<LabelStyle>
			<color>00000000</color>
			<scale>0</scale>
		</LabelStyle>
		<LineStyle>
			<color>ff6e6e6e</color>
			<width>0.4</width>
		</LineStyle>
		<PolyStyle>
			<color>ff0000ff</color>
		</PolyStyle>
	</Style>
	<Style id="PolyStyle0074">
		<LabelStyle>
			<color>00000000</color>
			<scale>0</scale>
		</LabelStyle>
		<LineStyle>
			<color>ff6e6e6e</color>
			<width>0.4</width>
		</LineStyle>
		<PolyStyle>
			<color>ff0000ff</color>
		</PolyStyle>
	</Style>
	<StyleMap id="PolyStyle0338">
		<Pair>
			<key>normal</key>
			<styleUrl>#PolyStyle03324</styleUrl>
		</Pair>
		<Pair>
			<key>highlight</key>
			<styleUrl>#PolyStyle03340</styleUrl>
		</Pair>
	</StyleMap>
	<Style id="PolyStyle005">
		<LabelStyle>
			<color>00000000</color>
			<scale>0</scale>
		</LabelStyle>
		<LineStyle>
			<color>ff6e6e6e</color>
			<width>0.4</width>
		</LineStyle>
		<PolyStyle>
			<color>ff0000ff</color>
		</PolyStyle>
	</Style>
	<StyleMap id="PolyStyle04034">
		<Pair>
			<key>normal</key>
			<styleUrl>#PolyStyle04047</styleUrl>
		</Pair>
		<Pair>
			<key>highlight</key>
			<styleUrl>#PolyStyle04023</styleUrl>
		</Pair>
	</StyleMap>
	<Style id="PolyStyle010954">
		<LabelStyle>
			<color>00000000</color>
			<scale>0</scale>
		</LabelStyle>
		<LineStyle>
			<color>ff6e6e6e</color>
			<width>0.4</width>
		</LineStyle>
		<PolyStyle>
			<color>ff00a838</color>
		</PolyStyle>
	</Style>
	<StyleMap id="PolyStyle03314">
		<Pair>
			<key>normal</key>
			<styleUrl>#PolyStyle03329</styleUrl>
		</Pair>
		<Pair>
			<key>highlight</key>
			<styleUrl>#PolyStyle03311</styleUrl>
		</Pair>
	</StyleMap>
	<Style id="PolyStyle0062">
		<LabelStyle>
			<color>00000000</color>
			<scale>0</scale>
		</LabelStyle>
		<LineStyle>
			<color>ff6e6e6e</color>
			<width>0.4</width>
		</LineStyle>
		<PolyStyle>
			<color>ff0000ff</color>
		</PolyStyle>
	</Style>
	<StyleMap id="PolyStyle010958">
		<Pair>
			<key>normal</key>
			<styleUrl>#PolyStyle01096</styleUrl>
		</Pair>
		<Pair>
			<key>highlight</key>
			<styleUrl>#PolyStyle010935</styleUrl>
		</Pair>
	</StyleMap>
	<StyleMap id="PolyStyle0085">
		<Pair>
			<key>normal</key>
			<styleUrl>#PolyStyle00121</styleUrl>
		</Pair>
		<Pair>
			<key>highlight</key>
			<styleUrl>#PolyStyle00147</styleUrl>
		</Pair>
	</StyleMap>
	<Style id="PolyStyle07912">
		<LabelStyle>
			<color>00000000</color>
			<scale>0</scale>
		</LabelStyle>
		<LineStyle>
			<color>ff6e6e6e</color>
			<width>0.4</width>
		</LineStyle>
		<PolyStyle>
			<color>ff00ccff</color>
		</PolyStyle>
	</Style>
	<StyleMap id="PolyStyle00123">
		<Pair>
			<key>normal</key>
			<styleUrl>#PolyStyle0097</styleUrl>
		</Pair>
		<Pair>
			<key>highlight</key>
			<styleUrl>#PolyStyle0099</styleUrl>
		</Pair>
	</StyleMap>
	<StyleMap id="PolyStyle03310">
		<Pair>
			<key>normal</key>
			<styleUrl>#PolyStyle03318</styleUrl>
		</Pair>
		<Pair>
			<key>highlight</key>
			<styleUrl>#PolyStyle03339</styleUrl>
		</Pair>
	</StyleMap>
	<Style id="PolyStyle0035">
		<LabelStyle>
			<color>00000000</color>
			<scale>0</scale>
		</LabelStyle>
		<LineStyle>
			<color>ff6e6e6e</color>
			<width>0.4</width>
		</LineStyle>
		<PolyStyle>
			<color>ff0000ff</color>
		</PolyStyle>
	</Style>
	<Style id="PolyStyle00186">
		<LabelStyle>
			<color>00000000</color>
			<scale>0</scale>
		</LabelStyle>
		<LineStyle>
			<color>ff6e6e6e</color>
			<width>0.4</width>
		</LineStyle>
		<PolyStyle>
			<color>ff0000ff</color>
		</PolyStyle>
	</Style>
	<Style id="PolyStyle00152">
		<LabelStyle>
			<color>00000000</color>
			<scale>0</scale>
		</LabelStyle>
		<LineStyle>
			<color>ff6e6e6e</color>
			<width>0.4</width>
		</LineStyle>
		<PolyStyle>
			<color>ff0000ff</color>
		</PolyStyle>
	</Style>
	<StyleMap id="PolyStyle04030">
		<Pair>
			<key>normal</key>
			<styleUrl>#PolyStyle0408</styleUrl>
		</Pair>
		<Pair>
			<key>highlight</key>
			<styleUrl>#PolyStyle0404</styleUrl>
		</Pair>
	</StyleMap>
	<Style id="PolyStyle010950">
		<LabelStyle>
			<color>00000000</color>
			<scale>0</scale>
		</LabelStyle>
		<LineStyle>
			<color>ff6e6e6e</color>
			<width>0.4</width>
		</LineStyle>
		<PolyStyle>
			<color>ff00a838</color>
		</PolyStyle>
	</Style>
	<Style id="PolyStyle04022">
		<LabelStyle>
			<color>00000000</color>
			<scale>0</scale>
		</LabelStyle>
		<LineStyle>
			<color>ff6e6e6e</color>
			<width>0.4</width>
		</LineStyle>
		<PolyStyle>
			<color>ff00c979</color>
		</PolyStyle>
	</Style>
	<StyleMap id="PolyStyle00119">
		<Pair>
			<key>normal</key>
			<styleUrl>#PolyStyle00169</styleUrl>
		</Pair>
		<Pair>
			<key>highlight</key>
			<styleUrl>#PolyStyle0036</styleUrl>
		</Pair>
	</StyleMap>
	<Style id="PolyStyle0029">
		<LabelStyle>
			<color>00000000</color>
			<scale>0</scale>
		</LabelStyle>
		<LineStyle>
			<color>ff6e6e6e</color>
			<width>0.4</width>
		</LineStyle>
		<PolyStyle>
			<color>ff0000ff</color>
		</PolyStyle>
	</Style>
	<Style id="PolyStyle07914">
		<LabelStyle>
			<color>00000000</color>
			<scale>0</scale>
		</LabelStyle>
		<LineStyle>
			<color>ff6e6e6e</color>
			<width>0.4</width>
		</LineStyle>
		<PolyStyle>
			<color>ff00ccff</color>
		</PolyStyle>
	</Style>
	<StyleMap id="PolyStyle0019">
		<Pair>
			<key>normal</key>
			<styleUrl>#PolyStyle00132</styleUrl>
		</Pair>
		<Pair>
			<key>highlight</key>
			<styleUrl>#PolyStyle00127</styleUrl>
		</Pair>
	</StyleMap>
	<StyleMap id="PolyStyle033">
		<Pair>
			<key>normal</key>
			<styleUrl>#PolyStyle03313</styleUrl>
		</Pair>
		<Pair>
			<key>highlight</key>
			<styleUrl>#PolyStyle0337</styleUrl>
		</Pair>
	</StyleMap>
	<StyleMap id="PolyStyle010929">
		<Pair>
			<key>normal</key>
			<styleUrl>#PolyStyle010927</styleUrl>
		</Pair>
		<Pair>
			<key>highlight</key>
			<styleUrl>#PolyStyle010916</styleUrl>
		</Pair>
	</StyleMap>
	<Style id="PolyStyle0339">
		<LabelStyle>
			<color>00000000</color>
			<scale>0</scale>
		</LabelStyle>
		<LineStyle>
			<color>ff6e6e6e</color>
			<width>0.4</width>
		</LineStyle>
		<PolyStyle>
			<color>ff0066ff</color>
		</PolyStyle>
	</Style>
	<Style id="PolyStyle00132">
		<LabelStyle>
			<color>00000000</color>
			<scale>0</scale>
		</LabelStyle>
		<LineStyle>
			<color>ff6e6e6e</color>
			<width>0.4</width>
		</LineStyle>
		<PolyStyle>
			<color>ff0000ff</color>
		</PolyStyle>
	</Style>
	<Style id="PolyStyle04046">
		<LabelStyle>
			<color>00000000</color>
			<scale>0</scale>
		</LabelStyle>
		<LineStyle>
			<color>ff6e6e6e</color>
			<width>0.4</width>
		</LineStyle>
		<PolyStyle>
			<color>ff00c979</color>
		</PolyStyle>
	</Style>
	<StyleMap id="PolyStyle04019">
		<Pair>
			<key>normal</key>
			<styleUrl>#PolyStyle04014</styleUrl>
		</Pair>
		<Pair>
			<key>highlight</key>
			<styleUrl>#PolyStyle04043</styleUrl>
		</Pair>
	</StyleMap>
	<Style id="PolyStyle00161">
		<LabelStyle>
			<color>00000000</color>
			<scale>0</scale>
		</LabelStyle>
		<LineStyle>
			<color>ff6e6e6e</color>
			<width>0.4</width>
		</LineStyle>
		<PolyStyle>
			<color>ff0000ff</color>
		</PolyStyle>
	</Style>
	<Style id="PolyStyle010910">
		<LabelStyle>
			<color>00000000</color>
			<scale>0</scale>
		</LabelStyle>
		<LineStyle>
			<color>ff6e6e6e</color>
			<width>0.4</width>
		</LineStyle>
		<PolyStyle>
			<color>ff00a838</color>
		</PolyStyle>
	</Style>
	<StyleMap id="PolyStyle00162">
		<Pair>
			<key>normal</key>
			<styleUrl>#PolyStyle003</styleUrl>
		</Pair>
		<Pair>
			<key>highlight</key>
			<styleUrl>#PolyStyle00105</styleUrl>
		</Pair>
	</StyleMap>
	<StyleMap id="PolyStyle0069">
		<Pair>
			<key>normal</key>
			<styleUrl>#PolyStyle005</styleUrl>
		</Pair>
		<Pair>
			<key>highlight</key>
			<styleUrl>#PolyStyle00122</styleUrl>
		</Pair>
	</StyleMap>
	<StyleMap id="PolyStyle00154">
		<Pair>
			<key>normal</key>
			<styleUrl>#PolyStyle0098</styleUrl>
		</Pair>
		<Pair>
			<key>highlight</key>
			<styleUrl>#PolyStyle00101</styleUrl>
		</Pair>
	</StyleMap>
	<StyleMap id="PolyStyle0014">
		<Pair>
			<key>normal</key>
			<styleUrl>#PolyStyle00149</styleUrl>
		</Pair>
		<Pair>
			<key>highlight</key>
			<styleUrl>#PolyStyle0041</styleUrl>
		</Pair>
	</StyleMap>
	<Style id="PolyStyle01090">
		<LabelStyle>
			<color>00000000</color>
			<scale>0</scale>
		</LabelStyle>
		<LineStyle>
			<color>ff6e6e6e</color>
			<width>0.4</width>
		</LineStyle>
		<PolyStyle>
			<color>ff00a838</color>
		</PolyStyle>
	</Style>
	<StyleMap id="PolyStyle0011">
		<Pair>
			<key>normal</key>
			<styleUrl>#PolyStyle0051</styleUrl>
		</Pair>
		<Pair>
			<key>highlight</key>
			<styleUrl>#PolyStyle00152</styleUrl>
		</Pair>
	</StyleMap>
	<Style id="PolyStyle0020">
		<LabelStyle>
			<color>00000000</color>
			<scale>0</scale>
		</LabelStyle>
		<LineStyle>
			<color>ff6e6e6e</color>
			<width>0.4</width>
		</LineStyle>
		<PolyStyle>
			<color>ff0000ff</color>
		</PolyStyle>
	</Style>
	<StyleMap id="PolyStyle04045">
		<Pair>
			<key>normal</key>
			<styleUrl>#PolyStyle04041</styleUrl>
		</Pair>
		<Pair>
			<key>highlight</key>
			<styleUrl>#PolyStyle0407</styleUrl>
		</Pair>
	</StyleMap>
	<Style id="PolyStyle010953">
		<LabelStyle>
			<color>00000000</color>
			<scale>0</scale>
		</LabelStyle>
		<LineStyle>
			<color>ff6e6e6e</color>
			<width>0.4</width>
		</LineStyle>
		<PolyStyle>
			<color>ff00a838</color>
		</PolyStyle>
	</Style>
	<Style id="PolyStyle010914">
		<LabelStyle>
			<color>00000000</color>
			<scale>0</scale>
		</LabelStyle>
		<LineStyle>
			<color>ff6e6e6e</color>
			<width>0.4</width>
		</LineStyle>
		<PolyStyle>
			<color>ff00a838</color>
		</PolyStyle>
	</Style>
	<Style id="PolyStyle0051">
		<LabelStyle>
			<color>00000000</color>
			<scale>0</scale>
		</LabelStyle>
		<LineStyle>
			<color>ff6e6e6e</color>
			<width>0.4</width>
		</LineStyle>
		<PolyStyle>
			<color>ff0000ff</color>
		</PolyStyle>
	</Style>
	<Style id="PolyStyle00142">
		<LabelStyle>
			<color>00000000</color>
			<scale>0</scale>
		</LabelStyle>
		<LineStyle>
			<color>ff6e6e6e</color>
			<width>0.4</width>
		</LineStyle>
		<PolyStyle>
			<color>ff0000ff</color>
		</PolyStyle>
	</Style>
	<Style id="PolyStyle04013">
		<LabelStyle>
			<color>00000000</color>
			<scale>0</scale>
		</LabelStyle>
		<LineStyle>
			<color>ff6e6e6e</color>
			<width>0.4</width>
		</LineStyle>
		<PolyStyle>
			<color>ff00c979</color>
		</PolyStyle>
	</Style>
	<StyleMap id="PolyStyle00133">
		<Pair>
			<key>normal</key>
			<styleUrl>#PolyStyle0061</styleUrl>
		</Pair>
		<Pair>
			<key>highlight</key>
			<styleUrl>#PolyStyle0055</styleUrl>
		</Pair>
	</StyleMap>
	<Style id="PolyStyle03336">
		<LabelStyle>
			<color>00000000</color>
			<scale>0</scale>
		</LabelStyle>
		<LineStyle>
			<color>ff6e6e6e</color>
			<width>0.4</width>
		</LineStyle>
		<PolyStyle>
			<color>ff0066ff</color>
		</PolyStyle>
	</Style>
	<Style id="PolyStyle07915">
		<LabelStyle>
			<color>00000000</color>
			<scale>0</scale>
		</LabelStyle>
		<LineStyle>
			<color>ff6e6e6e</color>
			<width>0.4</width>
		</LineStyle>
		<PolyStyle>
			<color>ff00ccff</color>
		</PolyStyle>
	</Style>
	<Style id="PolyStyle0799">
		<LabelStyle>
			<color>00000000</color>
			<scale>0</scale>
		</LabelStyle>
		<LineStyle>
			<color>ff6e6e6e</color>
			<width>0.4</width>
		</LineStyle>
		<PolyStyle>
			<color>ff00ccff</color>
		</PolyStyle>
	</Style>
	<StyleMap id="PolyStyle01099">
		<Pair>
			<key>normal</key>
			<styleUrl>#PolyStyle010922</styleUrl>
		</Pair>
		<Pair>
			<key>highlight</key>
			<styleUrl>#PolyStyle010936</styleUrl>
		</Pair>
	</StyleMap>
	<Style id="PolyStyle00105">
		<LabelStyle>
			<color>00000000</color>
			<scale>0</scale>
		</LabelStyle>
		<LineStyle>
			<color>ff6e6e6e</color>
			<width>0.4</width>
		</LineStyle>
		<PolyStyle>
			<color>ff0000ff</color>
		</PolyStyle>
	</Style>
	<Style id="PolyStyle0097">
		<LabelStyle>
			<color>00000000</color>
			<scale>0</scale>
		</LabelStyle>
		<LineStyle>
			<color>ff6e6e6e</color>
			<width>0.4</width>
		</LineStyle>
		<PolyStyle>
			<color>ff0000ff</color>
		</PolyStyle>
	</Style>
	<StyleMap id="PolyStyle001">
		<Pair>
			<key>normal</key>
			<styleUrl>#PolyStyle0070</styleUrl>
		</Pair>
		<Pair>
			<key>highlight</key>
			<styleUrl>#PolyStyle00182</styleUrl>
		</Pair>
	</StyleMap>
	<Style id="PolyStyle04048">
		<LabelStyle>
			<color>00000000</color>
			<scale>0</scale>
		</LabelStyle>
		<LineStyle>
			<color>ff6e6e6e</color>
			<width>0.4</width>
		</LineStyle>
		<PolyStyle>
			<color>ff00c979</color>
		</PolyStyle>
	</Style>
	<Style id="PolyStyle0098">
		<LabelStyle>
			<color>00000000</color>
			<scale>0</scale>
		</LabelStyle>
		<LineStyle>
			<color>ff6e6e6e</color>
			<width>0.4</width>
		</LineStyle>
		<PolyStyle>
			<color>ff0000ff</color>
		</PolyStyle>
	</Style>
	<Style id="PolyStyle03312">
		<LabelStyle>
			<color>00000000</color>
			<scale>0</scale>
		</LabelStyle>
		<LineStyle>
			<color>ff6e6e6e</color>
			<width>0.4</width>
		</LineStyle>
		<PolyStyle>
			<color>ff0066ff</color>
		</PolyStyle>
	</Style>
	<Style id="PolyStyle04028">
		<LabelStyle>
			<color>00000000</color>
			<scale>0</scale>
		</LabelStyle>
		<LineStyle>
			<color>ff6e6e6e</color>
			<width>0.4</width>
		</LineStyle>
		<PolyStyle>
			<color>ff00c979</color>
		</PolyStyle>
	</Style>
	<Style id="PolyStyle04023">
		<LabelStyle>
			<color>00000000</color>
			<scale>0</scale>
		</LabelStyle>
		<LineStyle>
			<color>ff6e6e6e</color>
			<width>0.4</width>
		</LineStyle>
		<PolyStyle>
			<color>ff00c979</color>
		</PolyStyle>
	</Style>
	<Style id="PolyStyle0052">
		<LabelStyle>
			<color>00000000</color>
			<scale>0</scale>
		</LabelStyle>
		<LineStyle>
			<color>ff6e6e6e</color>
			<width>0.4</width>
		</LineStyle>
		<PolyStyle>
			<color>ff0000ff</color>
		</PolyStyle>
	</Style>
	<StyleMap id="PolyStyle010924">
		<Pair>
			<key>normal</key>
			<styleUrl>#PolyStyle010911</styleUrl>
		</Pair>
		<Pair>
			<key>highlight</key>
			<styleUrl>#PolyStyle010949</styleUrl>
		</Pair>
	</StyleMap>
	<Style id="PolyStyle006">
		<LabelStyle>
			<color>00000000</color>
			<scale>0</scale>
		</LabelStyle>
		<LineStyle>
			<color>ff6e6e6e</color>
			<width>0.4</width>
		</LineStyle>
		<PolyStyle>
			<color>ff0000ff</color>
		</PolyStyle>
	</Style>
	<Style id="PolyStyle0099">
		<LabelStyle>
			<color>00000000</color>
			<scale>0</scale>
		</LabelStyle>
		<LineStyle>
			<color>ff6e6e6e</color>
			<width>0.4</width>
		</LineStyle>
		<PolyStyle>
			<color>ff0000ff</color>
		</PolyStyle>
	</Style>
	<Style id="PolyStyle03317">
		<LabelStyle>
			<color>00000000</color>
			<scale>0</scale>
		</LabelStyle>
		<LineStyle>
			<color>ff6e6e6e</color>
			<width>0.4</width>
		</LineStyle>
		<PolyStyle>
			<color>ff0066ff</color>
		</PolyStyle>
	</Style>
	<Style id="PolyStyle0089">
		<LabelStyle>
			<color>00000000</color>
			<scale>0</scale>
		</LabelStyle>
		<LineStyle>
			<color>ff6e6e6e</color>
			<width>0.4</width>
		</LineStyle>
		<PolyStyle>
			<color>ff0000ff</color>
		</PolyStyle>
	</Style>
	<Style id="PolyStyle00176">
		<LabelStyle>
			<color>00000000</color>
			<scale>0</scale>
		</LabelStyle>
		<LineStyle>
			<color>ff6e6e6e</color>
			<width>0.4</width>
		</LineStyle>
		<PolyStyle>
			<color>ff0000ff</color>
		</PolyStyle>
	</Style>
	<StyleMap id="PolyStyle00165">
		<Pair>
			<key>normal</key>
			<styleUrl>#PolyStyle0095</styleUrl>
		</Pair>
		<Pair>
			<key>highlight</key>
			<styleUrl>#PolyStyle00168</styleUrl>
		</Pair>
	</StyleMap>
	<Style id="PolyStyle00125">
		<LabelStyle>
			<color>00000000</color>
			<scale>0</scale>
		</LabelStyle>
		<LineStyle>
			<color>ff6e6e6e</color>
			<width>0.4</width>
		</LineStyle>
		<PolyStyle>
			<color>ff0000ff</color>
		</PolyStyle>
	</Style>
	<Style id="PolyStyle03322">
		<LabelStyle>
			<color>00000000</color>
			<scale>0</scale>
		</LabelStyle>
		<LineStyle>
			<color>ff6e6e6e</color>
			<width>0.4</width>
		</LineStyle>
		<PolyStyle>
			<color>ff0066ff</color>
		</PolyStyle>
	</Style>
	<StyleMap id="PolyStyle0025">
		<Pair>
			<key>normal</key>
			<styleUrl>#PolyStyle0022</styleUrl>
		</Pair>
		<Pair>
			<key>highlight</key>
			<styleUrl>#PolyStyle00145</styleUrl>
		</Pair>
	</StyleMap>
	<Style id="PolyStyle00181">
		<LabelStyle>
			<color>00000000</color>
			<scale>0</scale>
		</LabelStyle>
		<LineStyle>
			<color>ff6e6e6e</color>
			<width>0.4</width>
		</LineStyle>
		<PolyStyle>
			<color>ff0000ff</color>
		</PolyStyle>
	</Style>
	<Style id="PolyStyle0402">
		<LabelStyle>
			<color>00000000</color>
			<scale>0</scale>
		</LabelStyle>
		<LineStyle>
			<color>ff6e6e6e</color>
			<width>0.4</width>
		</LineStyle>
		<PolyStyle>
			<color>ff00c979</color>
		</PolyStyle>
	</Style>
	<StyleMap id="PolyStyle0866">
		<Pair>
			<key>normal</key>
			<styleUrl>#PolyStyle0860</styleUrl>
		</Pair>
		<Pair>
			<key>highlight</key>
			<styleUrl>#PolyStyle0865</styleUrl>
		</Pair>
	</StyleMap>
	<Style id="PolyStyle04057">
		<LabelStyle>
			<color>00000000</color>
			<scale>0</scale>
		</LabelStyle>
		<LineStyle>
			<color>ff6e6e6e</color>
			<width>0.4</width>
		</LineStyle>
		<PolyStyle>
			<color>ff00c979</color>
		</PolyStyle>
	</Style>
	<StyleMap id="PolyStyle0333">
		<Pair>
			<key>normal</key>
			<styleUrl>#PolyStyle03322</styleUrl>
		</Pair>
		<Pair>
			<key>highlight</key>
			<styleUrl>#PolyStyle03323</styleUrl>
		</Pair>
	</StyleMap>
	<Style id="PolyStyle00121">
		<LabelStyle>
			<color>00000000</color>
			<scale>0</scale>
		</LabelStyle>
		<LineStyle>
			<color>ff6e6e6e</color>
			<width>0.4</width>
		</LineStyle>
		<PolyStyle>
			<color>ff0000ff</color>
		</PolyStyle>
	</Style>
	<Style id="PolyStyle010940">
		<LabelStyle>
			<color>00000000</color>
			<scale>0</scale>
		</LabelStyle>
		<LineStyle>
			<color>ff6e6e6e</color>
			<width>0.4</width>
		</LineStyle>
		<PolyStyle>
			<color>ff00a838</color>
		</PolyStyle>
	</Style>
	<Style id="PolyStyle0093">
		<LabelStyle>
			<color>00000000</color>
			<scale>0</scale>
		</LabelStyle>
		<LineStyle>
			<color>ff6e6e6e</color>
			<width>0.4</width>
		</LineStyle>
		<PolyStyle>
			<color>ff0000ff</color>
		</PolyStyle>
	</Style>
	<StyleMap id="PolyStyle00102">
		<Pair>
			<key>normal</key>
			<styleUrl>#PolyStyle00190</styleUrl>
		</Pair>
		<Pair>
			<key>highlight</key>
			<styleUrl>#PolyStyle0039</styleUrl>
		</Pair>
	</StyleMap>
	<Style id="PolyStyle04010">
		<LabelStyle>
			<color>00000000</color>
			<scale>0</scale>
		</LabelStyle>
		<LineStyle>
			<color>ff6e6e6e</color>
			<width>0.4</width>
		</LineStyle>
		<PolyStyle>
			<color>ff00c979</color>
		</PolyStyle>
	</Style>
	<Style id="PolyStyle00163">
		<LabelStyle>
			<color>00000000</color>
			<scale>0</scale>
		</LabelStyle>
		<LineStyle>
			<color>ff6e6e6e</color>
			<width>0.4</width>
		</LineStyle>
		<PolyStyle>
			<color>ff0000ff</color>
		</PolyStyle>
	</Style>
	<Style id="PolyStyle00185">
		<LabelStyle>
			<color>00000000</color>
			<scale>0</scale>
		</LabelStyle>
		<LineStyle>
			<color>ff6e6e6e</color>
			<width>0.4</width>
		</LineStyle>
		<PolyStyle>
			<color>ff0000ff</color>
		</PolyStyle>
	</Style>
	<StyleMap id="PolyStyle010960">
		<Pair>
			<key>normal</key>
			<styleUrl>#PolyStyle010940</styleUrl>
		</Pair>
		<Pair>
			<key>highlight</key>
			<styleUrl>#PolyStyle010933</styleUrl>
		</Pair>
	</StyleMap>
	<StyleMap id="PolyStyle01095">
		<Pair>
			<key>normal</key>
			<styleUrl>#PolyStyle010914</styleUrl>
		</Pair>
		<Pair>
			<key>highlight</key>
			<styleUrl>#PolyStyle010931</styleUrl>
		</Pair>
	</StyleMap>
	<StyleMap id="PolyStyle04032">
		<Pair>
			<key>normal</key>
			<styleUrl>#PolyStyle04042</styleUrl>
		</Pair>
		<Pair>
			<key>highlight</key>
			<styleUrl>#PolyStyle04026</styleUrl>
		</Pair>
	</StyleMap>
	<Style id="PolyStyle040">
		<LabelStyle>
			<color>00000000</color>
			<scale>0</scale>
		</LabelStyle>
		<LineStyle>
			<color>ff6e6e6e</color>
			<width>0.4</width>
		</LineStyle>
		<PolyStyle>
			<color>ff00c979</color>
		</PolyStyle>
	</Style>
	<Style id="PolyStyle04054">
		<LabelStyle>
			<color>00000000</color>
			<scale>0</scale>
		</LabelStyle>
		<LineStyle>
			<color>ff6e6e6e</color>
			<width>0.4</width>
		</LineStyle>
		<PolyStyle>
			<color>ff00c979</color>
		</PolyStyle>
	</Style>
	<Style id="PolyStyle03338">
		<LabelStyle>
			<color>00000000</color>
			<scale>0</scale>
		</LabelStyle>
		<LineStyle>
			<color>ff6e6e6e</color>
			<width>0.4</width>
		</LineStyle>
		<PolyStyle>
			<color>ff0066ff</color>
		</PolyStyle>
	</Style>
	<Style id="PolyStyle00150">
		<LabelStyle>
			<color>00000000</color>
			<scale>0</scale>
		</LabelStyle>
		<LineStyle>
			<color>ff6e6e6e</color>
			<width>0.4</width>
		</LineStyle>
		<PolyStyle>
			<color>ff0000ff</color>
		</PolyStyle>
	</Style>
	<Style id="PolyStyle010933">
		<LabelStyle>
			<color>00000000</color>
			<scale>0</scale>
		</LabelStyle>
		<LineStyle>
			<color>ff6e6e6e</color>
			<width>0.4</width>
		</LineStyle>
		<PolyStyle>
			<color>ff00a838</color>
		</PolyStyle>
	</Style>
	<Style id="PolyStyle00169">
		<LabelStyle>
			<color>00000000</color>
			<scale>0</scale>
		</LabelStyle>
		<LineStyle>
			<color>ff6e6e6e</color>
			<width>0.4</width>
		</LineStyle>
		<PolyStyle>
			<color>ff0000ff</color>
		</PolyStyle>
	</Style>
	<Style id="PolyStyle00172">
		<LabelStyle>
			<color>00000000</color>
			<scale>0</scale>
		</LabelStyle>
		<LineStyle>
			<color>ff6e6e6e</color>
			<width>0.4</width>
		</LineStyle>
		<PolyStyle>
			<color>ff0000ff</color>
		</PolyStyle>
	</Style>
	<Style id="PolyStyle03323">
		<LabelStyle>
			<color>00000000</color>
			<scale>0</scale>
		</LabelStyle>
		<LineStyle>
			<color>ff6e6e6e</color>
			<width>0.4</width>
		</LineStyle>
		<PolyStyle>
			<color>ff0066ff</color>
		</PolyStyle>
	</Style>
	<Style id="PolyStyle04050">
		<LabelStyle>
			<color>00000000</color>
			<scale>0</scale>
		</LabelStyle>
		<LineStyle>
			<color>ff6e6e6e</color>
			<width>0.4</width>
		</LineStyle>
		<PolyStyle>
			<color>ff00c979</color>
		</PolyStyle>
	</Style>
	<Style id="PolyStyle04049">
		<LabelStyle>
			<color>00000000</color>
			<scale>0</scale>
		</LabelStyle>
		<LineStyle>
			<color>ff6e6e6e</color>
			<width>0.4</width>
		</LineStyle>
		<PolyStyle>
			<color>ff00c979</color>
		</PolyStyle>
	</Style>
	<Style id="PolyStyle00117">
		<LabelStyle>
			<color>00000000</color>
			<scale>0</scale>
		</LabelStyle>
		<LineStyle>
			<color>ff6e6e6e</color>
			<width>0.4</width>
		</LineStyle>
		<PolyStyle>
			<color>ff0000ff</color>
		</PolyStyle>
	</Style>
	<StyleMap id="PolyStyle0032">
		<Pair>
			<key>normal</key>
			<styleUrl>#PolyStyle0013</styleUrl>
		</Pair>
		<Pair>
			<key>highlight</key>
			<styleUrl>#PolyStyle0049</styleUrl>
		</Pair>
	</StyleMap>
	<Style id="PolyStyle0036">
		<LabelStyle>
			<color>00000000</color>
			<scale>0</scale>
		</LabelStyle>
		<LineStyle>
			<color>ff6e6e6e</color>
			<width>0.4</width>
		</LineStyle>
		<PolyStyle>
			<color>ff0000ff</color>
		</PolyStyle>
	</Style>
	<Style id="PolyStyle0033">
		<LabelStyle>
			<color>00000000</color>
			<scale>0</scale>
		</LabelStyle>
		<LineStyle>
			<color>ff6e6e6e</color>
			<width>0.4</width>
		</LineStyle>
		<PolyStyle>
			<color>ff0000ff</color>
		</PolyStyle>
	</Style>
	<StyleMap id="PolyStyle010937">
		<Pair>
			<key>normal</key>
			<styleUrl>#PolyStyle010926</styleUrl>
		</Pair>
		<Pair>
			<key>highlight</key>
			<styleUrl>#PolyStyle010912</styleUrl>
		</Pair>
	</StyleMap>
	<Style id="PolyStyle03327">
		<LabelStyle>
			<color>00000000</color>
			<scale>0</scale>
		</LabelStyle>
		<LineStyle>
			<color>ff6e6e6e</color>
			<width>0.4</width>
		</LineStyle>
		<PolyStyle>
			<color>ff0066ff</color>
		</PolyStyle>
	</Style>
	<Style id="PolyStyle0024">
		<LabelStyle>
			<color>00000000</color>
			<scale>0</scale>
		</LabelStyle>
		<LineStyle>
			<color>ff6e6e6e</color>
			<width>0.4</width>
		</LineStyle>
		<PolyStyle>
			<color>ff0000ff</color>
		</PolyStyle>
	</Style>
	<Style id="PolyStyle00140">
		<LabelStyle>
			<color>00000000</color>
			<scale>0</scale>
		</LabelStyle>
		<LineStyle>
			<color>ff6e6e6e</color>
			<width>0.4</width>
		</LineStyle>
		<PolyStyle>
			<color>ff0000ff</color>
		</PolyStyle>
	</Style>
	<Style id="PolyStyle04053">
		<LabelStyle>
			<color>00000000</color>
			<scale>0</scale>
		</LabelStyle>
		<LineStyle>
			<color>ff6e6e6e</color>
			<width>0.4</width>
		</LineStyle>
		<PolyStyle>
			<color>ff00c979</color>
		</PolyStyle>
	</Style>
	<Style id="PolyStyle04051">
		<LabelStyle>
			<color>00000000</color>
			<scale>0</scale>
		</LabelStyle>
		<LineStyle>
			<color>ff6e6e6e</color>
			<width>0.4</width>
		</LineStyle>
		<PolyStyle>
			<color>ff00c979</color>
		</PolyStyle>
	</Style>
	<Style id="PolyStyle0023">
		<LabelStyle>
			<color>00000000</color>
			<scale>0</scale>
		</LabelStyle>
		<LineStyle>
			<color>ff6e6e6e</color>
			<width>0.4</width>
		</LineStyle>
		<PolyStyle>
			<color>ff0000ff</color>
		</PolyStyle>
	</Style>
	<StyleMap id="PolyStyle00103">
		<Pair>
			<key>normal</key>
			<styleUrl>#PolyStyle0035</styleUrl>
		</Pair>
		<Pair>
			<key>highlight</key>
			<styleUrl>#PolyStyle00144</styleUrl>
		</Pair>
	</StyleMap>
	<StyleMap id="PolyStyle04056">
		<Pair>
			<key>normal</key>
			<styleUrl>#PolyStyle04016</styleUrl>
		</Pair>
		<Pair>
			<key>highlight</key>
			<styleUrl>#PolyStyle0409</styleUrl>
		</Pair>
	</StyleMap>
	<Style id="PolyStyle03333">
		<LabelStyle>
			<color>00000000</color>
			<scale>0</scale>
		</LabelStyle>
		<LineStyle>
			<color>ff6e6e6e</color>
			<width>0.4</width>
		</LineStyle>
		<PolyStyle>
			<color>ff0066ff</color>
		</PolyStyle>
	</Style>
	<StyleMap id="PolyStyle00124">
		<Pair>
			<key>normal</key>
			<styleUrl>#PolyStyle00167</styleUrl>
		</Pair>
		<Pair>
			<key>highlight</key>
			<styleUrl>#PolyStyle0078</styleUrl>
		</Pair>
	</StyleMap>
	<StyleMap id="PolyStyle04012">
		<Pair>
			<key>normal</key>
			<styleUrl>#PolyStyle04011</styleUrl>
		</Pair>
		<Pair>
			<key>highlight</key>
			<styleUrl>#PolyStyle0406</styleUrl>
		</Pair>
	</StyleMap>
	<StyleMap id="PolyStyle03320">
		<Pair>
			<key>normal</key>
			<styleUrl>#PolyStyle0339</styleUrl>
		</Pair>
		<Pair>
			<key>highlight</key>
			<styleUrl>#PolyStyle03331</styleUrl>
		</Pair>
	</StyleMap>
	<StyleMap id="PolyStyle0332">
		<Pair>
			<key>normal</key>
			<styleUrl>#PolyStyle03326</styleUrl>
		</Pair>
		<Pair>
			<key>highlight</key>
			<styleUrl>#PolyStyle03337</styleUrl>
		</Pair>
	</StyleMap>
	<StyleMap id="PolyStyle010928">
		<Pair>
			<key>normal</key>
			<styleUrl>#PolyStyle01090</styleUrl>
		</Pair>
		<Pair>
			<key>highlight</key>
			<styleUrl>#PolyStyle010953</styleUrl>
		</Pair>
	</StyleMap>
	<StyleMap id="PolyStyle0071">
		<Pair>
			<key>normal</key>
			<styleUrl>#PolyStyle0043</styleUrl>
		</Pair>
		<Pair>
			<key>highlight</key>
			<styleUrl>#PolyStyle008</styleUrl>
		</Pair>
	</StyleMap>
	<StyleMap id="PolyStyle0028">
		<Pair>
			<key>normal</key>
			<styleUrl>#PolyStyle00185</styleUrl>
		</Pair>
		<Pair>
			<key>highlight</key>
			<styleUrl>#PolyStyle00172</styleUrl>
		</Pair>
	</StyleMap>
	<Style id="PolyStyle010938">
		<LabelStyle>
			<color>00000000</color>
			<scale>0</scale>
		</LabelStyle>
		<LineStyle>
			<color>ff6e6e6e</color>
			<width>0.4</width>
		</LineStyle>
		<PolyStyle>
			<color>ff00a838</color>
		</PolyStyle>
	</Style>
	<StyleMap id="PolyStyle010918">
		<Pair>
			<key>normal</key>
			<styleUrl>#PolyStyle010944</styleUrl>
		</Pair>
		<Pair>
			<key>highlight</key>
			<styleUrl>#PolyStyle010954</styleUrl>
		</Pair>
	</StyleMap>
	<StyleMap id="PolyStyle0080">
		<Pair>
			<key>normal</key>
			<styleUrl>#PolyStyle00110</styleUrl>
		</Pair>
		<Pair>
			<key>highlight</key>
			<styleUrl>#PolyStyle00113</styleUrl>
		</Pair>
	</StyleMap>
	<Style id="PolyStyle00143">
		<LabelStyle>
			<color>00000000</color>
			<scale>0</scale>
		</LabelStyle>
		<LineStyle>
			<color>ff6e6e6e</color>
			<width>0.4</width>
		</LineStyle>
		<PolyStyle>
			<color>ff0000ff</color>
		</PolyStyle>
	</Style>
	<Style id="PolyStyle010917">
		<LabelStyle>
			<color>00000000</color>
			<scale>0</scale>
		</LabelStyle>
		<LineStyle>
			<color>ff6e6e6e</color>
			<width>0.4</width>
		</LineStyle>
		<PolyStyle>
			<color>ff00a838</color>
		</PolyStyle>
	</Style>
	<StyleMap id="PolyStyle00120">
		<Pair>
			<key>normal</key>
			<styleUrl>#PolyStyle00187</styleUrl>
		</Pair>
		<Pair>
			<key>highlight</key>
			<styleUrl>#PolyStyle00115</styleUrl>
		</Pair>
	</StyleMap>
	<Style id="PolyStyle04036">
		<LabelStyle>
			<color>00000000</color>
			<scale>0</scale>
		</LabelStyle>
		<LineStyle>
			<color>ff6e6e6e</color>
			<width>0.4</width>
		</LineStyle>
		<PolyStyle>
			<color>ff00c979</color>
		</PolyStyle>
	</Style>
	<StyleMap id="PolyStyle00139">
		<Pair>
			<key>normal</key>
			<styleUrl>#PolyStyle0083</styleUrl>
		</Pair>
		<Pair>
			<key>highlight</key>
			<styleUrl>#PolyStyle0067</styleUrl>
		</Pair>
	</StyleMap>
	<Style id="PolyStyle00129">
		<LabelStyle>
			<color>00000000</color>
			<scale>0</scale>
		</LabelStyle>
		<LineStyle>
			<color>ff6e6e6e</color>
			<width>0.4</width>
		</LineStyle>
		<PolyStyle>
			<color>ff0000ff</color>
		</PolyStyle>
	</Style>
	<Style id="PolyStyle00116">
		<LabelStyle>
			<color>00000000</color>
			<scale>0</scale>
		</LabelStyle>
		<LineStyle>
			<color>ff6e6e6e</color>
			<width>0.4</width>
		</LineStyle>
		<PolyStyle>
			<color>ff0000ff</color>
		</PolyStyle>
	</Style>
	<Style id="PolyStyle00115">
		<LabelStyle>
			<color>00000000</color>
			<scale>0</scale>
		</LabelStyle>
		<LineStyle>
			<color>ff6e6e6e</color>
			<width>0.4</width>
		</LineStyle>
		<PolyStyle>
			<color>ff0000ff</color>
		</PolyStyle>
	</Style>
	<Style id="PolyStyle010948">
		<LabelStyle>
			<color>00000000</color>
			<scale>0</scale>
		</LabelStyle>
		<LineStyle>
			<color>ff6e6e6e</color>
			<width>0.4</width>
		</LineStyle>
		<PolyStyle>
			<color>ff00a838</color>
		</PolyStyle>
	</Style>
	<Style id="PolyStyle00136">
		<LabelStyle>
			<color>00000000</color>
			<scale>0</scale>
		</LabelStyle>
		<LineStyle>
			<color>ff6e6e6e</color>
			<width>0.4</width>
		</LineStyle>
		<PolyStyle>
			<color>ff0000ff</color>
		</PolyStyle>
	</Style>
	<StyleMap id="PolyStyle00107">
		<Pair>
			<key>normal</key>
			<styleUrl>#PolyStyle00174</styleUrl>
		</Pair>
		<Pair>
			<key>highlight</key>
			<styleUrl>#PolyStyle0016</styleUrl>
		</Pair>
	</StyleMap>
	<StyleMap id="PolyStyle03328">
		<Pair>
			<key>normal</key>
			<styleUrl>#PolyStyle03338</styleUrl>
		</Pair>
		<Pair>
			<key>highlight</key>
			<styleUrl>#PolyStyle03317</styleUrl>
		</Pair>
	</StyleMap>
	<Style id="PolyStyle0336">
		<LabelStyle>
			<color>00000000</color>
			<scale>0</scale>
		</LabelStyle>
		<LineStyle>
			<color>ff6e6e6e</color>
			<width>0.4</width>
		</LineStyle>
		<PolyStyle>
			<color>ff0066ff</color>
		</PolyStyle>
	</Style>
	<StyleMap id="PolyStyle010913">
		<Pair>
			<key>normal</key>
			<styleUrl>#PolyStyle010950</styleUrl>
		</Pair>
		<Pair>
			<key>highlight</key>
			<styleUrl>#PolyStyle01091</styleUrl>
		</Pair>
	</StyleMap>
	<Style id="PolyStyle00187">
		<LabelStyle>
			<color>00000000</color>
			<scale>0</scale>
		</LabelStyle>
		<LineStyle>
			<color>ff6e6e6e</color>
			<width>0.4</width>
		</LineStyle>
		<PolyStyle>
			<color>ff0000ff</color>
		</PolyStyle>
	</Style>
	<Style id="PolyStyle03324">
		<LabelStyle>
			<color>00000000</color>
			<scale>0</scale>
		</LabelStyle>
		<LineStyle>
			<color>ff6e6e6e</color>
			<width>0.4</width>
		</LineStyle>
		<PolyStyle>
			<color>ff0066ff</color>
		</PolyStyle>
	</Style>
	<Style id="PolyStyle010942">
		<LabelStyle>
			<color>00000000</color>
			<scale>0</scale>
		</LabelStyle>
		<LineStyle>
			<color>ff6e6e6e</color>
			<width>0.4</width>
		</LineStyle>
		<PolyStyle>
			<color>ff00a838</color>
		</PolyStyle>
	</Style>
	<Style id="PolyStyle086">
		<LabelStyle>
			<color>00000000</color>
			<scale>0</scale>
		</LabelStyle>
		<LineStyle>
			<color>ff6e6e6e</color>
			<width>0.4</width>
		</LineStyle>
		<PolyStyle>
			<color>ff00edce</color>
		</PolyStyle>
	</Style>
	<Style id="PolyStyle01097">
		<LabelStyle>
			<color>00000000</color>
			<scale>0</scale>
		</LabelStyle>
		<LineStyle>
			<color>ff6e6e6e</color>
			<width>0.4</width>
		</LineStyle>
		<PolyStyle>
			<color>ff00a838</color>
		</PolyStyle>
	</Style>
	<Style id="PolyStyle0045">
		<LabelStyle>
			<color>00000000</color>
			<scale>0</scale>
		</LabelStyle>
		<LineStyle>
			<color>ff6e6e6e</color>
			<width>0.4</width>
		</LineStyle>
		<PolyStyle>
			<color>ff0000ff</color>
		</PolyStyle>
	</Style>
	<Style id="PolyStyle010922">
		<LabelStyle>
			<color>00000000</color>
			<scale>0</scale>
		</LabelStyle>
		<LineStyle>
			<color>ff6e6e6e</color>
			<width>0.4</width>
		</LineStyle>
		<PolyStyle>
			<color>ff00a838</color>
		</PolyStyle>
	</Style>
	<StyleMap id="PolyStyle010934">
		<Pair>
			<key>normal</key>
			<styleUrl>#PolyStyle010919</styleUrl>
		</Pair>
		<Pair>
			<key>highlight</key>
			<styleUrl>#PolyStyle010923</styleUrl>
		</Pair>
	</StyleMap>
	<Style id="PolyStyle0053">
		<LabelStyle>
			<color>00000000</color>
			<scale>0</scale>
		</LabelStyle>
		<LineStyle>
			<color>ff6e6e6e</color>
			<width>0.4</width>
		</LineStyle>
		<PolyStyle>
			<color>ff0000ff</color>
		</PolyStyle>
	</Style>
	<StyleMap id="PolyStyle07911">
		<Pair>
			<key>normal</key>
			<styleUrl>#PolyStyle07910</styleUrl>
		</Pair>
		<Pair>
			<key>highlight</key>
			<styleUrl>#PolyStyle07915</styleUrl>
		</Pair>
	</StyleMap>
	<Style id="PolyStyle0070">
		<LabelStyle>
			<color>00000000</color>
			<scale>0</scale>
		</LabelStyle>
		<LineStyle>
			<color>ff6e6e6e</color>
			<width>0.4</width>
		</LineStyle>
		<PolyStyle>
			<color>ff0000ff</color>
		</PolyStyle>
	</Style>
	<StyleMap id="PolyStyle0330">
		<Pair>
			<key>normal</key>
			<styleUrl>#PolyStyle03315</styleUrl>
		</Pair>
		<Pair>
			<key>highlight</key>
			<styleUrl>#PolyStyle03333</styleUrl>
		</Pair>
	</StyleMap>
	<StyleMap id="PolyStyle04039">
		<Pair>
			<key>normal</key>
			<styleUrl>#PolyStyle04044</styleUrl>
		</Pair>
		<Pair>
			<key>highlight</key>
			<styleUrl>#PolyStyle04013</styleUrl>
		</Pair>
	</StyleMap>
	<Style id="PolyStyle010927">
		<LabelStyle>
			<color>00000000</color>
			<scale>0</scale>
		</LabelStyle>
		<LineStyle>
			<color>ff6e6e6e</color>
			<width>0.4</width>
		</LineStyle>
		<PolyStyle>
			<color>ff00a838</color>
		</PolyStyle>
	</Style>
	<StyleMap id="PolyStyle00112">
		<Pair>
			<key>normal</key>
			<styleUrl>#PolyStyle0079</styleUrl>
		</Pair>
		<Pair>
			<key>highlight</key>
			<styleUrl>#PolyStyle00161</styleUrl>
		</Pair>
	</StyleMap>
	<Style id="PolyStyle0087">
		<LabelStyle>
			<color>00000000</color>
			<scale>0</scale>
		</LabelStyle>
		<LineStyle>
			<color>ff6e6e6e</color>
			<width>0.4</width>
		</LineStyle>
		<PolyStyle>
			<color>ff0000ff</color>
		</PolyStyle>
	</Style>
	<Style id="PolyStyle00128">
		<LabelStyle>
			<color>00000000</color>
			<scale>0</scale>
		</LabelStyle>
		<LineStyle>
			<color>ff6e6e6e</color>
			<width>0.4</width>
		</LineStyle>
		<PolyStyle>
			<color>ff0000ff</color>
		</PolyStyle>
	</Style>
	<Style id="PolyStyle03332">
		<LabelStyle>
			<color>00000000</color>
			<scale>0</scale>
		</LabelStyle>
		<LineStyle>
			<color>ff6e6e6e</color>
			<width>0.4</width>
		</LineStyle>
		<PolyStyle>
			<color>ff0066ff</color>
		</PolyStyle>
	</Style>
	<StyleMap id="PolyStyle04021">
		<Pair>
			<key>normal</key>
			<styleUrl>#PolyStyle04033</styleUrl>
		</Pair>
		<Pair>
			<key>highlight</key>
			<styleUrl>#PolyStyle0405</styleUrl>
		</Pair>
	</StyleMap>
	<StyleMap id="PolyStyle0034">
		<Pair>
			<key>normal</key>
			<styleUrl>#PolyStyle0053</styleUrl>
		</Pair>
		<Pair>
			<key>highlight</key>
			<styleUrl>#PolyStyle00153</styleUrl>
		</Pair>
	</StyleMap>
	<Style id="PolyStyle0017">
		<LabelStyle>
			<color>00000000</color>
			<scale>0</scale>
		</LabelStyle>
		<LineStyle>
			<color>ff6e6e6e</color>
			<width>0.4</width>
		</LineStyle>
		<PolyStyle>
			<color>ff0000ff</color>
		</PolyStyle>
	</Style>
	<StyleMap id="PolyStyle0031">
		<Pair>
			<key>normal</key>
			<styleUrl>#PolyStyle0033</styleUrl>
		</Pair>
		<Pair>
			<key>highlight</key>
			<styleUrl>#PolyStyle00117</styleUrl>
		</Pair>
	</StyleMap>
	<Style id="PolyStyle0021">
		<LabelStyle>
			<color>00000000</color>
			<scale>0</scale>
		</LabelStyle>
		<LineStyle>
			<color>ff6e6e6e</color>
			<width>0.4</width>
		</LineStyle>
		<PolyStyle>
			<color>ff0000ff</color>
		</PolyStyle>
	</Style>
	<StyleMap id="PolyStyle0084">
		<Pair>
			<key>normal</key>
			<styleUrl>#PolyStyle00146</styleUrl>
		</Pair>
		<Pair>
			<key>highlight</key>
			<styleUrl>#PolyStyle00155</styleUrl>
		</Pair>
	</StyleMap>
	<Style id="PolyStyle010951">
		<LabelStyle>
			<color>00000000</color>
			<scale>0</scale>
		</LabelStyle>
		<LineStyle>
			<color>ff6e6e6e</color>
			<width>0.4</width>
		</LineStyle>
		<PolyStyle>
			<color>ff00a838</color>
		</PolyStyle>
	</Style>
	<Style id="PolyStyle00145">
		<LabelStyle>
			<color>00000000</color>
			<scale>0</scale>
		</LabelStyle>
		<LineStyle>
			<color>ff6e6e6e</color>
			<width>0.4</width>
		</LineStyle>
		<PolyStyle>
			<color>ff0000ff</color>
		</PolyStyle>
	</Style>
	<Style id="PolyStyle010923">
		<LabelStyle>
			<color>00000000</color>
			<scale>0</scale>
		</LabelStyle>
		<LineStyle>
			<color>ff6e6e6e</color>
			<width>0.4</width>
		</LineStyle>
		<PolyStyle>
			<color>ff00a838</color>
		</PolyStyle>
	</Style>
	<StyleMap id="PolyStyle0046">
		<Pair>
			<key>normal</key>
			<styleUrl>#PolyStyle00143</styleUrl>
		</Pair>
		<Pair>
			<key>highlight</key>
			<styleUrl>#PolyStyle0059</styleUrl>
		</Pair>
	</StyleMap>
	<Style id="PolyStyle0405">
		<LabelStyle>
			<color>00000000</color>
			<scale>0</scale>
		</LabelStyle>
		<LineStyle>
			<color>ff6e6e6e</color>
			<width>0.4</width>
		</LineStyle>
		<PolyStyle>
			<color>ff00c979</color>
		</PolyStyle>
	</Style>
	<StyleMap id="PolyStyle0081">
		<Pair>
			<key>normal</key>
			<styleUrl>#PolyStyle00142</styleUrl>
		</Pair>
		<Pair>
			<key>highlight</key>
			<styleUrl>#PolyStyle0029</styleUrl>
		</Pair>
	</StyleMap>
	<Style id="PolyStyle0096">
		<LabelStyle>
			<color>00000000</color>
			<scale>0</scale>
		</LabelStyle>
		<LineStyle>
			<color>ff6e6e6e</color>
			<width>0.4</width>
		</LineStyle>
		<PolyStyle>
			<color>ff0000ff</color>
		</PolyStyle>
	</Style>
	<StyleMap id="PolyStyle04027">
		<Pair>
			<key>normal</key>
			<styleUrl>#PolyStyle04054</styleUrl>
		</Pair>
		<Pair>
			<key>highlight</key>
			<styleUrl>#PolyStyle04020</styleUrl>
		</Pair>
	</StyleMap>
	<Style id="PolyStyle0331">
		<LabelStyle>
			<color>00000000</color>
			<scale>0</scale>
		</LabelStyle>
		<LineStyle>
			<color>ff6e6e6e</color>
			<width>0.4</width>
		</LineStyle>
		<PolyStyle>
			<color>ff0066ff</color>
		</PolyStyle>
	</Style>
	<Style id="PolyStyle0049">
		<LabelStyle>
			<color>00000000</color>
			<scale>0</scale>
		</LabelStyle>
		<LineStyle>
			<color>ff6e6e6e</color>
			<width>0.4</width>
		</LineStyle>
		<PolyStyle>
			<color>ff0000ff</color>
		</PolyStyle>
	</Style>
	<Style id="PolyStyle010926">
		<LabelStyle>
			<color>00000000</color>
			<scale>0</scale>
		</LabelStyle>
		<LineStyle>
			<color>ff6e6e6e</color>
			<width>0.4</width>
		</LineStyle>
		<PolyStyle>
			<color>ff00a838</color>
		</PolyStyle>
	</Style>
	<Style id="PolyStyle008">
		<LabelStyle>
			<color>00000000</color>
			<scale>0</scale>
		</LabelStyle>
		<LineStyle>
			<color>ff6e6e6e</color>
			<width>0.4</width>
		</LineStyle>
		<PolyStyle>
			<color>ff0000ff</color>
		</PolyStyle>
	</Style>
	<StyleMap id="PolyStyle0863">
		<Pair>
			<key>normal</key>
			<styleUrl>#PolyStyle0864</styleUrl>
		</Pair>
		<Pair>
			<key>highlight</key>
			<styleUrl>#PolyStyle0862</styleUrl>
		</Pair>
	</StyleMap>
	<Style id="PolyStyle03316">
		<LabelStyle>
			<color>00000000</color>
			<scale>0</scale>
		</LabelStyle>
		<LineStyle>
			<color>ff6e6e6e</color>
			<width>0.4</width>
		</LineStyle>
		<PolyStyle>
			<color>ff0066ff</color>
		</PolyStyle>
	</Style>
	<StyleMap id="PolyStyle04024">
		<Pair>
			<key>normal</key>
			<styleUrl>#PolyStyle04049</styleUrl>
		</Pair>
		<Pair>
			<key>highlight</key>
			<styleUrl>#PolyStyle04018</styleUrl>
		</Pair>
	</StyleMap>
	<Style id="PolyStyle0068">
		<LabelStyle>
			<color>00000000</color>
			<scale>0</scale>
		</LabelStyle>
		<LineStyle>
			<color>ff6e6e6e</color>
			<width>0.4</width>
		</LineStyle>
		<PolyStyle>
			<color>ff0000ff</color>
		</PolyStyle>
	</Style>
	<StyleMap id="PolyStyle00108">
		<Pair>
			<key>normal</key>
			<styleUrl>#PolyStyle00136</styleUrl>
		</Pair>
		<Pair>
			<key>highlight</key>
			<styleUrl>#PolyStyle007</styleUrl>
		</Pair>
	</StyleMap>
	<StyleMap id="PolyStyle0038">
		<Pair>
			<key>normal</key>
			<styleUrl>#PolyStyle00140</styleUrl>
		</Pair>
		<Pair>
			<key>highlight</key>
			<styleUrl>#PolyStyle0093</styleUrl>
		</Pair>
	</StyleMap>
	<Style id="PolyStyle0790">
		<LabelStyle>
			<color>00000000</color>
			<scale>0</scale>
		</LabelStyle>
		<LineStyle>
			<color>ff6e6e6e</color>
			<width>0.4</width>
		</LineStyle>
		<PolyStyle>
			<color>ff00ccff</color>
		</PolyStyle>
	</Style>
	<Style id="PolyStyle00155">
		<LabelStyle>
			<color>00000000</color>
			<scale>0</scale>
		</LabelStyle>
		<LineStyle>
			<color>ff6e6e6e</color>
			<width>0.4</width>
		</LineStyle>
		<PolyStyle>
			<color>ff0000ff</color>
		</PolyStyle>
	</Style>
	<Style id="PolyStyle010912">
		<LabelStyle>
			<color>00000000</color>
			<scale>0</scale>
		</LabelStyle>
		<LineStyle>
			<color>ff6e6e6e</color>
			<width>0.4</width>
		</LineStyle>
		<PolyStyle>
			<color>ff00a838</color>
		</PolyStyle>
	</Style>
	<StyleMap id="PolyStyle00138">
		<Pair>
			<key>normal</key>
			<styleUrl>#PolyStyle0056</styleUrl>
		</Pair>
		<Pair>
			<key>highlight</key>
			<styleUrl>#PolyStyle0089</styleUrl>
		</Pair>
	</StyleMap>
	<Style id="PolyStyle00127">
		<LabelStyle>
			<color>00000000</color>
			<scale>0</scale>
		</LabelStyle>
		<LineStyle>
			<color>ff6e6e6e</color>
			<width>0.4</width>
		</LineStyle>
		<PolyStyle>
			<color>ff0000ff</color>
		</PolyStyle>
	</Style>
	<Style id="PolyStyle04015">
		<LabelStyle>
			<color>00000000</color>
			<scale>0</scale>
		</LabelStyle>
		<LineStyle>
			<color>ff6e6e6e</color>
			<width>0.4</width>
		</LineStyle>
		<PolyStyle>
			<color>ff00c979</color>
		</PolyStyle>
	</Style>
	<Style id="PolyStyle0408">
		<LabelStyle>
			<color>00000000</color>
			<scale>0</scale>
		</LabelStyle>
		<LineStyle>
			<color>ff6e6e6e</color>
			<width>0.4</width>
		</LineStyle>
		<PolyStyle>
			<color>ff00c979</color>
		</PolyStyle>
	</Style>
	<Style id="PolyStyle00113">
		<LabelStyle>
			<color>00000000</color>
			<scale>0</scale>
		</LabelStyle>
		<LineStyle>
			<color>ff6e6e6e</color>
			<width>0.4</width>
		</LineStyle>
		<PolyStyle>
			<color>ff0000ff</color>
		</PolyStyle>
	</Style>
	<Style id="PolyStyle04043">
		<LabelStyle>
			<color>00000000</color>
			<scale>0</scale>
		</LabelStyle>
		<LineStyle>
			<color>ff6e6e6e</color>
			<width>0.4</width>
		</LineStyle>
		<PolyStyle>
			<color>ff00c979</color>
		</PolyStyle>
	</Style>
	<Style id="PolyStyle0864">
		<LabelStyle>
			<color>00000000</color>
			<scale>0</scale>
		</LabelStyle>
		<LineStyle>
			<color>ff6e6e6e</color>
			<width>0.4</width>
		</LineStyle>
		<PolyStyle>
			<color>ff00edce</color>
		</PolyStyle>
	</Style>
	<Style id="PolyStyle0043">
		<LabelStyle>
			<color>00000000</color>
			<scale>0</scale>
		</LabelStyle>
		<LineStyle>
			<color>ff6e6e6e</color>
			<width>0.4</width>
		</LineStyle>
		<PolyStyle>
			<color>ff0000ff</color>
		</PolyStyle>
	</Style>
	<Style id="PolyStyle0022">
		<LabelStyle>
			<color>00000000</color>
			<scale>0</scale>
		</LabelStyle>
		<LineStyle>
			<color>ff6e6e6e</color>
			<width>0.4</width>
		</LineStyle>
		<PolyStyle>
			<color>ff0000ff</color>
		</PolyStyle>
	</Style>
	<Style id="PolyStyle010919">
		<LabelStyle>
			<color>00000000</color>
			<scale>0</scale>
		</LabelStyle>
		<LineStyle>
			<color>ff6e6e6e</color>
			<width>0.4</width>
		</LineStyle>
		<PolyStyle>
			<color>ff00a838</color>
		</PolyStyle>
	</Style>
	<Style id="PolyStyle0040">
		<LabelStyle>
			<color>00000000</color>
			<scale>0</scale>
		</LabelStyle>
		<LineStyle>
			<color>ff6e6e6e</color>
			<width>0.4</width>
		</LineStyle>
		<PolyStyle>
			<color>ff0000ff</color>
		</PolyStyle>
	</Style>
	<Style id="PolyStyle010947">
		<LabelStyle>
			<color>00000000</color>
			<scale>0</scale>
		</LabelStyle>
		<LineStyle>
			<color>ff6e6e6e</color>
			<width>0.4</width>
		</LineStyle>
		<PolyStyle>
			<color>ff00a838</color>
		</PolyStyle>
	</Style>
	<Style id="PolyStyle04017">
		<LabelStyle>
			<color>00000000</color>
			<scale>0</scale>
		</LabelStyle>
		<LineStyle>
			<color>ff6e6e6e</color>
			<width>0.4</width>
		</LineStyle>
		<PolyStyle>
			<color>ff00c979</color>
		</PolyStyle>
	</Style>
	<Style id="PolyStyle0059">
		<LabelStyle>
			<color>00000000</color>
			<scale>0</scale>
		</LabelStyle>
		<LineStyle>
			<color>ff6e6e6e</color>
			<width>0.4</width>
		</LineStyle>
		<PolyStyle>
			<color>ff0000ff</color>
		</PolyStyle>
	</Style>
	<Style id="PolyStyle010943">
		<LabelStyle>
			<color>00000000</color>
			<scale>0</scale>
		</LabelStyle>
		<LineStyle>
			<color>ff6e6e6e</color>
			<width>0.4</width>
		</LineStyle>
		<PolyStyle>
			<color>ff00a838</color>
		</PolyStyle>
	</Style>
	<StyleMap id="PolyStyle07919">
		<Pair>
			<key>normal</key>
			<styleUrl>#PolyStyle0792</styleUrl>
		</Pair>
		<Pair>
			<key>highlight</key>
			<styleUrl>#PolyStyle07914</styleUrl>
		</Pair>
	</StyleMap>
	<Style id="PolyStyle00100">
		<LabelStyle>
			<color>00000000</color>
			<scale>0</scale>
		</LabelStyle>
		<LineStyle>
			<color>ff6e6e6e</color>
			<width>0.4</width>
		</LineStyle>
		<PolyStyle>
			<color>ff0000ff</color>
		</PolyStyle>
	</Style>
	<Style id="PolyStyle00177">
		<LabelStyle>
			<color>00000000</color>
			<scale>0</scale>
		</LabelStyle>
		<LineStyle>
			<color>ff6e6e6e</color>
			<width>0.4</width>
		</LineStyle>
		<PolyStyle>
			<color>ff0000ff</color>
		</PolyStyle>
	</Style>
	<StyleMap id="PolyStyle03321">
		<Pair>
			<key>normal</key>
			<styleUrl>#PolyStyle0331</styleUrl>
		</Pair>
		<Pair>
			<key>highlight</key>
			<styleUrl>#PolyStyle03316</styleUrl>
		</Pair>
	</StyleMap>
	<StyleMap id="PolyStyle0400">
		<Pair>
			<key>normal</key>
			<styleUrl>#PolyStyle04022</styleUrl>
		</Pair>
		<Pair>
			<key>highlight</key>
			<styleUrl>#PolyStyle04046</styleUrl>
		</Pair>
	</StyleMap>
	<Style id="PolyStyle010945">
		<LabelStyle>
			<color>00000000</color>
			<scale>0</scale>
		</LabelStyle>
		<LineStyle>
			<color>ff6e6e6e</color>
			<width>0.4</width>
		</LineStyle>
		<PolyStyle>
			<color>ff00a838</color>
		</PolyStyle>
	</Style>
	<Style id="PolyStyle0095">
		<LabelStyle>
			<color>00000000</color>
			<scale>0</scale>
		</LabelStyle>
		<LineStyle>
			<color>ff6e6e6e</color>
			<width>0.4</width>
		</LineStyle>
		<PolyStyle>
			<color>ff0000ff</color>
		</PolyStyle>
	</Style>
	<Style id="PolyStyle04055">
		<LabelStyle>
			<color>00000000</color>
			<scale>0</scale>
		</LabelStyle>
		<LineStyle>
			<color>ff6e6e6e</color>
			<width>0.4</width>
		</LineStyle>
		<PolyStyle>
			<color>ff00c979</color>
		</PolyStyle>
	</Style>
	<StyleMap id="PolyStyle0791">
		<Pair>
			<key>normal</key>
			<styleUrl>#PolyStyle0794</styleUrl>
		</Pair>
		<Pair>
			<key>highlight</key>
			<styleUrl>#PolyStyle07912</styleUrl>
		</Pair>
	</StyleMap>
	<Style id="PolyStyle0794">
		<LabelStyle>
			<color>00000000</color>
			<scale>0</scale>
		</LabelStyle>
		<LineStyle>
			<color>ff6e6e6e</color>
			<width>0.4</width>
		</LineStyle>
		<PolyStyle>
			<color>ff00ccff</color>
		</PolyStyle>
	</Style>
	<Style id="PolyStyle04016">
		<LabelStyle>
			<color>00000000</color>
			<scale>0</scale>
		</LabelStyle>
		<LineStyle>
			<color>ff6e6e6e</color>
			<width>0.4</width>
		</LineStyle>
		<PolyStyle>
			<color>ff00c979</color>
		</PolyStyle>
	</Style>
	<StyleMap id="PolyStyle00118">
		<Pair>
			<key>normal</key>
			<styleUrl>#PolyStyle0074</styleUrl>
		</Pair>
		<Pair>
			<key>highlight</key>
			<styleUrl>#PolyStyle00171</styleUrl>
		</Pair>
	</StyleMap>
	<Style id="PolyStyle010944">
		<LabelStyle>
			<color>00000000</color>
			<scale>0</scale>
		</LabelStyle>
		<LineStyle>
			<color>ff6e6e6e</color>
			<width>0.4</width>
		</LineStyle>
		<PolyStyle>
			<color>ff00a838</color>
		</PolyStyle>
	</Style>
	<StyleMap id="PolyStyle009">
		<Pair>
			<key>normal</key>
			<styleUrl>#PolyStyle0015</styleUrl>
		</Pair>
		<Pair>
			<key>highlight</key>
			<styleUrl>#PolyStyle0076</styleUrl>
		</Pair>
	</StyleMap>
	<Style id="PolyStyle03340">
		<LabelStyle>
			<color>00000000</color>
			<scale>0</scale>
		</LabelStyle>
		<LineStyle>
			<color>ff6e6e6e</color>
			<width>0.4</width>
		</LineStyle>
		<PolyStyle>
			<color>ff0066ff</color>
		</PolyStyle>
	</Style>
	<Style id="PolyStyle0407">
		<LabelStyle>
			<color>00000000</color>
			<scale>0</scale>
		</LabelStyle>
		<LineStyle>
			<color>ff6e6e6e</color>
			<width>0.4</width>
		</LineStyle>
		<PolyStyle>
			<color>ff00c979</color>
		</PolyStyle>
	</Style>
	<Style id="PolyStyle00158">
		<LabelStyle>
			<color>00000000</color>
			<scale>0</scale>
		</LabelStyle>
		<LineStyle>
			<color>ff6e6e6e</color>
			<width>0.4</width>
		</LineStyle>
		<PolyStyle>
			<color>ff0000ff</color>
		</PolyStyle>
	</Style>
	<Style id="PolyStyle0027">
		<LabelStyle>
			<color>00000000</color>
			<scale>0</scale>
		</LabelStyle>
		<LineStyle>
			<color>ff6e6e6e</color>
			<width>0.4</width>
		</LineStyle>
		<PolyStyle>
			<color>ff0000ff</color>
		</PolyStyle>
	</Style>
	<Style id="PolyStyle00144">
		<LabelStyle>
			<color>00000000</color>
			<scale>0</scale>
		</LabelStyle>
		<LineStyle>
			<color>ff6e6e6e</color>
			<width>0.4</width>
		</LineStyle>
		<PolyStyle>
			<color>ff0000ff</color>
		</PolyStyle>
	</Style>
	<Style id="PolyStyle079">
		<LabelStyle>
			<color>00000000</color>
			<scale>0</scale>
		</LabelStyle>
		<LineStyle>
			<color>ff6e6e6e</color>
			<width>0.4</width>
		</LineStyle>
		<PolyStyle>
			<color>ff00ccff</color>
		</PolyStyle>
	</Style>
	<StyleMap id="PolyStyle00157">
		<Pair>
			<key>normal</key>
			<styleUrl>#PolyStyle0027</styleUrl>
		</Pair>
		<Pair>
			<key>highlight</key>
			<styleUrl>#PolyStyle00106</styleUrl>
		</Pair>
	</StyleMap>
	<Style id="PolyStyle0055">
		<LabelStyle>
			<color>00000000</color>
			<scale>0</scale>
		</LabelStyle>
		<LineStyle>
			<color>ff6e6e6e</color>
			<width>0.4</width>
		</LineStyle>
		<PolyStyle>
			<color>ff0000ff</color>
		</PolyStyle>
	</Style>
	<Style id="PolyStyle0012">
		<LabelStyle>
			<color>00000000</color>
			<scale>0</scale>
		</LabelStyle>
		<LineStyle>
			<color>ff6e6e6e</color>
			<width>0.4</width>
		</LineStyle>
		<PolyStyle>
			<color>ff0000ff</color>
		</PolyStyle>
	</Style>
	<Style id="PolyStyle04042">
		<LabelStyle>
			<color>00000000</color>
			<scale>0</scale>
		</LabelStyle>
		<LineStyle>
			<color>ff6e6e6e</color>
			<width>0.4</width>
		</LineStyle>
		<PolyStyle>
			<color>ff00c979</color>
		</PolyStyle>
	</Style>
	<Style id="PolyStyle0796">
		<LabelStyle>
			<color>00000000</color>
			<scale>0</scale>
		</LabelStyle>
		<LineStyle>
			<color>ff6e6e6e</color>
			<width>0.4</width>
		</LineStyle>
		<PolyStyle>
			<color>ff00ccff</color>
		</PolyStyle>
	</Style>
	<StyleMap id="PolyStyle010956">
		<Pair>
			<key>normal</key>
			<styleUrl>#PolyStyle010951</styleUrl>
		</Pair>
		<Pair>
			<key>highlight</key>
			<styleUrl>#PolyStyle010942</styleUrl>
		</Pair>
	</StyleMap>
	<StyleMap id="PolyStyle010920">
		<Pair>
			<key>normal</key>
			<styleUrl>#PolyStyle010910</styleUrl>
		</Pair>
		<Pair>
			<key>highlight</key>
			<styleUrl>#PolyStyle010925</styleUrl>
		</Pair>
	</StyleMap>
	<Style id="PolyStyle03331">
		<LabelStyle>
			<color>00000000</color>
			<scale>0</scale>
		</LabelStyle>
		<LineStyle>
			<color>ff6e6e6e</color>
			<width>0.4</width>
		</LineStyle>
		<PolyStyle>
			<color>ff0066ff</color>
		</PolyStyle>
	</Style>
	<Style id="PolyStyle01091">
		<LabelStyle>
			<color>00000000</color>
			<scale>0</scale>
		</LabelStyle>
		<LineStyle>
			<color>ff6e6e6e</color>
			<width>0.4</width>
		</LineStyle>
		<PolyStyle>
			<color>ff00a838</color>
		</PolyStyle>
	</Style>
	<StyleMap id="PolyStyle010941">
		<Pair>
			<key>normal</key>
			<styleUrl>#PolyStyle010939</styleUrl>
		</Pair>
		<Pair>
			<key>highlight</key>
			<styleUrl>#PolyStyle01098</styleUrl>
		</Pair>
	</StyleMap>
	<Style id="PolyStyle0088">
		<LabelStyle>
			<color>00000000</color>
			<scale>0</scale>
		</LabelStyle>
		<LineStyle>
			<color>ff6e6e6e</color>
			<width>0.4</width>
		</LineStyle>
		<PolyStyle>
			<color>ff0000ff</color>
		</PolyStyle>
	</Style>
	<Style id="PolyStyle010925">
		<LabelStyle>
			<color>00000000</color>
			<scale>0</scale>
		</LabelStyle>
		<LineStyle>
			<color>ff6e6e6e</color>
			<width>0.4</width>
		</LineStyle>
		<PolyStyle>
			<color>ff00a838</color>
		</PolyStyle>
	</Style>
	<StyleMap id="PolyStyle04038">
		<Pair>
			<key>normal</key>
			<styleUrl>#PolyStyle04053</styleUrl>
		</Pair>
		<Pair>
			<key>highlight</key>
			<styleUrl>#PolyStyle04010</styleUrl>
		</Pair>
	</StyleMap>
	<Style id="PolyStyle04011">
		<LabelStyle>
			<color>00000000</color>
			<scale>0</scale>
		</LabelStyle>
		<LineStyle>
			<color>ff6e6e6e</color>
			<width>0.4</width>
		</LineStyle>
		<PolyStyle>
			<color>ff00c979</color>
		</PolyStyle>
	</Style>
	<StyleMap id="PolyStyle0861">
		<Pair>
			<key>normal</key>
			<styleUrl>#PolyStyle0869</styleUrl>
		</Pair>
		<Pair>
			<key>highlight</key>
			<styleUrl>#PolyStyle0868</styleUrl>
		</Pair>
	</StyleMap>
	<Style id="PolyStyle00184">
		<LabelStyle>
			<color>00000000</color>
			<scale>0</scale>
		</LabelStyle>
		<LineStyle>
			<color>ff6e6e6e</color>
			<width>0.4</width>
		</LineStyle>
		<PolyStyle>
			<color>ff0000ff</color>
		</PolyStyle>
	</Style>
	<StyleMap id="PolyStyle04029">
		<Pair>
			<key>normal</key>
			<styleUrl>#PolyStyle04048</styleUrl>
		</Pair>
		<Pair>
			<key>highlight</key>
			<styleUrl>#PolyStyle04015</styleUrl>
		</Pair>
	</StyleMap>
	<Style id="PolyStyle010931">
		<LabelStyle>
			<color>00000000</color>
			<scale>0</scale>
		</LabelStyle>
		<LineStyle>
			<color>ff6e6e6e</color>
			<width>0.4</width>
		</LineStyle>
		<PolyStyle>
			<color>ff00a838</color>
		</PolyStyle>
	</Style>
	<Style id="PolyStyle00126">
		<LabelStyle>
			<color>00000000</color>
			<scale>0</scale>
		</LabelStyle>
		<LineStyle>
			<color>ff6e6e6e</color>
			<width>0.4</width>
		</LineStyle>
		<PolyStyle>
			<color>ff0000ff</color>
		</PolyStyle>
	</Style>
	<Style id="PolyStyle00168">
		<LabelStyle>
			<color>00000000</color>
			<scale>0</scale>
		</LabelStyle>
		<LineStyle>
			<color>ff6e6e6e</color>
			<width>0.4</width>
		</LineStyle>
		<PolyStyle>
			<color>ff0000ff</color>
		</PolyStyle>
	</Style>
	<Style id="PolyStyle0406">
		<LabelStyle>
			<color>00000000</color>
			<scale>0</scale>
		</LabelStyle>
		<LineStyle>
			<color>ff6e6e6e</color>
			<width>0.4</width>
		</LineStyle>
		<PolyStyle>
			<color>ff00c979</color>
		</PolyStyle>
	</Style>
	<Style id="PolyStyle010915">
		<LabelStyle>
			<color>00000000</color>
			<scale>0</scale>
		</LabelStyle>
		<LineStyle>
			<color>ff6e6e6e</color>
			<width>0.4</width>
		</LineStyle>
		<PolyStyle>
			<color>ff00a838</color>
		</PolyStyle>
	</Style>
	<StyleMap id="PolyStyle00175">
		<Pair>
			<key>normal</key>
			<styleUrl>#PolyStyle00173</styleUrl>
		</Pair>
		<Pair>
			<key>highlight</key>
			<styleUrl>#PolyStyle00177</styleUrl>
		</Pair>
	</StyleMap>
	<Style id="PolyStyle03326">
		<LabelStyle>
			<color>00000000</color>
			<scale>0</scale>
		</LabelStyle>
		<LineStyle>
			<color>ff6e6e6e</color>
			<width>0.4</width>
		</LineStyle>
		<PolyStyle>
			<color>ff0066ff</color>
		</PolyStyle>
	</Style>
	<Style id="PolyStyle00111">
		<LabelStyle>
			<color>00000000</color>
			<scale>0</scale>
		</LabelStyle>
		<LineStyle>
			<color>ff6e6e6e</color>
			<width>0.4</width>
		</LineStyle>
		<PolyStyle>
			<color>ff0000ff</color>
		</PolyStyle>
	</Style>
	<Style id="PolyStyle0409">
		<LabelStyle>
			<color>00000000</color>
			<scale>0</scale>
		</LabelStyle>
		<LineStyle>
			<color>ff6e6e6e</color>
			<width>0.4</width>
		</LineStyle>
		<PolyStyle>
			<color>ff00c979</color>
		</PolyStyle>
	</Style>
	<Style id="PolyStyle00106">
		<LabelStyle>
			<color>00000000</color>
			<scale>0</scale>
		</LabelStyle>
		<LineStyle>
			<color>ff6e6e6e</color>
			<width>0.4</width>
		</LineStyle>
		<PolyStyle>
			<color>ff0000ff</color>
		</PolyStyle>
	</Style>
	<Style id="PolyStyle0015">
		<LabelStyle>
			<color>00000000</color>
			<scale>0</scale>
		</LabelStyle>
		<LineStyle>
			<color>ff6e6e6e</color>
			<width>0.4</width>
		</LineStyle>
		<PolyStyle>
			<color>ff0000ff</color>
		</PolyStyle>
	</Style>
	<Style id="PolyStyle04044">
		<LabelStyle>
			<color>00000000</color>
			<scale>0</scale>
		</LabelStyle>
		<LineStyle>
			<color>ff6e6e6e</color>
			<width>0.4</width>
		</LineStyle>
		<PolyStyle>
			<color>ff00c979</color>
		</PolyStyle>
	</Style>
	<StyleMap id="PolyStyle0091">
		<Pair>
			<key>normal</key>
			<styleUrl>#PolyStyle0012</styleUrl>
		</Pair>
		<Pair>
			<key>highlight</key>
			<styleUrl>#PolyStyle00186</styleUrl>
		</Pair>
	</StyleMap>
	<Style id="PolyStyle004">
		<LabelStyle>
			<color>00000000</color>
			<scale>0</scale>
		</LabelStyle>
		<LineStyle>
			<color>ff6e6e6e</color>
			<width>0.4</width>
		</LineStyle>
		<PolyStyle>
			<color>ff0000ff</color>
		</PolyStyle>
	</Style>
	<StyleMap id="PolyStyle00131">
		<Pair>
			<key>normal</key>
			<styleUrl>#PolyStyle0057</styleUrl>
		</Pair>
		<Pair>
			<key>highlight</key>
			<styleUrl>#PolyStyle00158</styleUrl>
		</Pair>
	</StyleMap>
	<Style id="PolyStyle0076">
		<LabelStyle>
			<color>00000000</color>
			<scale>0</scale>
		</LabelStyle>
		<LineStyle>
			<color>ff6e6e6e</color>
			<width>0.4</width>
		</LineStyle>
		<PolyStyle>
			<color>ff0000ff</color>
		</PolyStyle>
	</Style>
	<StyleMap id="PolyStyle010957">
		<Pair>
			<key>normal</key>
			<styleUrl>#PolyStyle010917</styleUrl>
		</Pair>
		<Pair>
			<key>highlight</key>
			<styleUrl>#PolyStyle010948</styleUrl>
		</Pair>
	</StyleMap>
	<Style id="PolyStyle0868">
		<LabelStyle>
			<color>00000000</color>
			<scale>0</scale>
		</LabelStyle>
		<LineStyle>
			<color>ff6e6e6e</color>
			<width>0.4</width>
		</LineStyle>
		<PolyStyle>
			<color>ff00edce</color>
		</PolyStyle>
	</Style>
	<Style id="PolyStyle00109">
		<LabelStyle>
			<color>00000000</color>
			<scale>0</scale>
		</LabelStyle>
		<LineStyle>
			<color>ff6e6e6e</color>
			<width>0.4</width>
		</LineStyle>
		<PolyStyle>
			<color>ff0000ff</color>
		</PolyStyle>
	</Style>
	<StyleMap id="PolyStyle00156">
		<Pair>
			<key>normal</key>
			<styleUrl>#PolyStyle0052</styleUrl>
		</Pair>
		<Pair>
			<key>highlight</key>
			<styleUrl>#PolyStyle0018</styleUrl>
		</Pair>
	</StyleMap>
	<Style id="PolyStyle04047">
		<LabelStyle>
			<color>00000000</color>
			<scale>0</scale>
		</LabelStyle>
		<LineStyle>
			<color>ff6e6e6e</color>
			<width>0.4</width>
		</LineStyle>
		<PolyStyle>
			<color>ff00c979</color>
		</PolyStyle>
	</Style>
	<StyleMap id="PolyStyle00188">
		<Pair>
			<key>normal</key>
			<styleUrl>#PolyStyle0040</styleUrl>
		</Pair>
		<Pair>
			<key>highlight</key>
			<styleUrl>#PolyStyle0096</styleUrl>
		</Pair>
	</StyleMap>
	<Style id="PolyStyle002">
		<LabelStyle>
			<color>00000000</color>
			<scale>0</scale>
		</LabelStyle>
		<LineStyle>
			<color>ff6e6e6e</color>
			<width>0.4</width>
		</LineStyle>
		<PolyStyle>
			<color>ff0000ff</color>
		</PolyStyle>
	</Style>
	<Style id="PolyStyle04040">
		<LabelStyle>
			<color>00000000</color>
			<scale>0</scale>
		</LabelStyle>
		<LineStyle>
			<color>ff6e6e6e</color>
			<width>0.4</width>
		</LineStyle>
		<PolyStyle>
			<color>ff00c979</color>
		</PolyStyle>
	</Style>
	<StyleMap id="PolyStyle00189">
		<Pair>
			<key>normal</key>
			<styleUrl>#PolyStyle00160</styleUrl>
		</Pair>
		<Pair>
			<key>highlight</key>
			<styleUrl>#PolyStyle0060</styleUrl>
		</Pair>
	</StyleMap>
	<Style id="PolyStyle04041">
		<LabelStyle>
			<color>00000000</color>
			<scale>0</scale>
		</LabelStyle>
		<LineStyle>
			<color>ff6e6e6e</color>
			<width>0.4</width>
		</LineStyle>
		<PolyStyle>
			<color>ff00c979</color>
		</PolyStyle>
	</Style>
	<StyleMap id="PolyStyle000">
		<Pair>
			<key>normal</key>
			<styleUrl>#PolyStyle0042</styleUrl>
		</Pair>
		<Pair>
			<key>highlight</key>
			<styleUrl>#PolyStyle00150</styleUrl>
		</Pair>
	</StyleMap>
	<Style id="PolyStyle0056">
		<LabelStyle>
			<color>00000000</color>
			<scale>0</scale>
		</LabelStyle>
		<LineStyle>
			<color>ff6e6e6e</color>
			<width>0.4</width>
		</LineStyle>
		<PolyStyle>
			<color>ff0000ff</color>
		</PolyStyle>
	</Style>
	<StyleMap id="PolyStyle00141">
		<Pair>
			<key>normal</key>
			<styleUrl>#PolyStyle00135</styleUrl>
		</Pair>
		<Pair>
			<key>highlight</key>
			<styleUrl>#PolyStyle0092</styleUrl>
		</Pair>
	</StyleMap>
	<Style id="PolyStyle00134">
		<LabelStyle>
			<color>00000000</color>
			<scale>0</scale>
		</LabelStyle>
		<LineStyle>
			<color>ff6e6e6e</color>
			<width>0.4</width>
		</LineStyle>
		<PolyStyle>
			<color>ff0000ff</color>
		</PolyStyle>
	</Style>
	<Style id="PolyStyle0075">
		<LabelStyle>
			<color>00000000</color>
			<scale>0</scale>
		</LabelStyle>
		<LineStyle>
			<color>ff6e6e6e</color>
			<width>0.4</width>
		</LineStyle>
		<PolyStyle>
			<color>ff0000ff</color>
		</PolyStyle>
	</Style>
	<StyleMap id="PolyStyle0048">
		<Pair>
			<key>normal</key>
			<styleUrl>#PolyStyle00130</styleUrl>
		</Pair>
		<Pair>
			<key>highlight</key>
			<styleUrl>#PolyStyle00104</styleUrl>
		</Pair>
	</StyleMap>
	<Style id="PolyStyle00101">
		<LabelStyle>
			<color>00000000</color>
			<scale>0</scale>
		</LabelStyle>
		<LineStyle>
			<color>ff6e6e6e</color>
			<width>0.4</width>
		</LineStyle>
		<PolyStyle>
			<color>ff0000ff</color>
		</PolyStyle>
	</Style>
	<Style id="PolyStyle03337">
		<LabelStyle>
			<color>00000000</color>
			<scale>0</scale>
		</LabelStyle>
		<LineStyle>
			<color>ff6e6e6e</color>
			<width>0.4</width>
		</LineStyle>
		<PolyStyle>
			<color>ff0066ff</color>
		</PolyStyle>
	</Style>
	<StyleMap id="PolyStyle00179">
		<Pair>
			<key>normal</key>
			<styleUrl>#PolyStyle00163</styleUrl>
		</Pair>
		<Pair>
			<key>highlight</key>
			<styleUrl>#PolyStyle006</styleUrl>
		</Pair>
	</StyleMap>
	<Style id="PolyStyle00137">
		<LabelStyle>
			<color>00000000</color>
			<scale>0</scale>
		</LabelStyle>
		<LineStyle>
			<color>ff6e6e6e</color>
			<width>0.4</width>
		</LineStyle>
		<PolyStyle>
			<color>ff0000ff</color>
		</PolyStyle>
	</Style>
	<Style id="PolyStyle0869">
		<LabelStyle>
			<color>00000000</color>
			<scale>0</scale>
		</LabelStyle>
		<LineStyle>
			<color>ff6e6e6e</color>
			<width>0.4</width>
		</LineStyle>
		<PolyStyle>
			<color>ff00edce</color>
		</PolyStyle>
	</Style>
	<Style id="PolyStyle04014">
		<LabelStyle>
			<color>00000000</color>
			<scale>0</scale>
		</LabelStyle>
		<LineStyle>
			<color>ff6e6e6e</color>
			<width>0.4</width>
		</LineStyle>
		<PolyStyle>
			<color>ff00c979</color>
		</PolyStyle>
	</Style>
	<Style id="PolyStyle0792">
		<LabelStyle>
			<color>00000000</color>
			<scale>0</scale>
		</LabelStyle>
		<LineStyle>
			<color>ff6e6e6e</color>
			<width>0.4</width>
		</LineStyle>
		<PolyStyle>
			<color>ff00ccff</color>
		</PolyStyle>
	</Style>
	<Style id="PolyStyle0067">
		<LabelStyle>
			<color>00000000</color>
			<scale>0</scale>
		</LabelStyle>
		<LineStyle>
			<color>ff6e6e6e</color>
			<width>0.4</width>
		</LineStyle>
		<PolyStyle>
			<color>ff0000ff</color>
		</PolyStyle>
	</Style>
	<StyleMap id="PolyStyle07913">
		<Pair>
			<key>normal</key>
			<styleUrl>#PolyStyle0790</styleUrl>
		</Pair>
		<Pair>
			<key>highlight</key>
			<styleUrl>#PolyStyle0797</styleUrl>
		</Pair>
	</StyleMap>
	<Style id="PolyStyle00110">
		<LabelStyle>
			<color>00000000</color>
			<scale>0</scale>
		</LabelStyle>
		<LineStyle>
			<color>ff6e6e6e</color>
			<width>0.4</width>
		</LineStyle>
		<PolyStyle>
			<color>ff0000ff</color>
		</PolyStyle>
	</Style>
	<StyleMap id="PolyStyle0334">
		<Pair>
			<key>normal</key>
			<styleUrl>#PolyStyle03332</styleUrl>
		</Pair>
		<Pair>
			<key>highlight</key>
			<styleUrl>#PolyStyle03319</styleUrl>
		</Pair>
	</StyleMap>
	<Style id="PolyStyle00147">
		<LabelStyle>
			<color>00000000</color>
			<scale>0</scale>
		</LabelStyle>
		<LineStyle>
			<color>ff6e6e6e</color>
			<width>0.4</width>
		</LineStyle>
		<PolyStyle>
			<color>ff0000ff</color>
		</PolyStyle>
	</Style>
	<StyleMap id="PolyStyle0054">
		<Pair>
			<key>normal</key>
			<styleUrl>#PolyStyle00129</styleUrl>
		</Pair>
		<Pair>
			<key>highlight</key>
			<styleUrl>#PolyStyle00134</styleUrl>
		</Pair>
	</StyleMap>
	<StyleMap id="PolyStyle04037">
		<Pair>
			<key>normal</key>
			<styleUrl>#PolyStyle04025</styleUrl>
		</Pair>
		<Pair>
			<key>highlight</key>
			<styleUrl>#PolyStyle04055</styleUrl>
		</Pair>
	</StyleMap>
	<Style id="PolyStyle03339">
		<LabelStyle>
			<color>00000000</color>
			<scale>0</scale>
		</LabelStyle>
		<LineStyle>
			<color>ff6e6e6e</color>
			<width>0.4</width>
		</LineStyle>
		<PolyStyle>
			<color>ff0066ff</color>
		</PolyStyle>
	</Style>
	<Style id="PolyStyle0057">
		<LabelStyle>
			<color>00000000</color>
			<scale>0</scale>
		</LabelStyle>
		<LineStyle>
			<color>ff6e6e6e</color>
			<width>0.4</width>
		</LineStyle>
		<PolyStyle>
			<color>ff0000ff</color>
		</PolyStyle>
	</Style>
	<StyleMap id="PolyStyle0403">
		<Pair>
			<key>normal</key>
			<styleUrl>#PolyStyle04057</styleUrl>
		</Pair>
		<Pair>
			<key>highlight</key>
			<styleUrl>#PolyStyle040</styleUrl>
		</Pair>
	</StyleMap>
	<Style id="PolyStyle04018">
		<LabelStyle>
			<color>00000000</color>
			<scale>0</scale>
		</LabelStyle>
		<LineStyle>
			<color>ff6e6e6e</color>
			<width>0.4</width>
		</LineStyle>
		<PolyStyle>
			<color>ff00c979</color>
		</PolyStyle>
	</Style>
	<Style id="PolyStyle010959">
		<LabelStyle>
			<color>00000000</color>
			<scale>0</scale>
		</LabelStyle>
		<LineStyle>
			<color>ff6e6e6e</color>
			<width>0.4</width>
		</LineStyle>
		<PolyStyle>
			<color>ff00a838</color>
		</PolyStyle>
	</Style>
	<Style id="PolyStyle00174">
		<LabelStyle>
			<color>00000000</color>
			<scale>0</scale>
		</LabelStyle>
		<LineStyle>
			<color>ff6e6e6e</color>
			<width>0.4</width>
		</LineStyle>
		<PolyStyle>
			<color>ff0000ff</color>
		</PolyStyle>
	</Style>
	<Style id="PolyStyle0078">
		<LabelStyle>
			<color>00000000</color>
			<scale>0</scale>
		</LabelStyle>
		<LineStyle>
			<color>ff6e6e6e</color>
			<width>0.4</width>
		</LineStyle>
		<PolyStyle>
			<color>ff0000ff</color>
		</PolyStyle>
	</Style>
	<Style id="PolyStyle007">
		<LabelStyle>
			<color>00000000</color>
			<scale>0</scale>
		</LabelStyle>
		<LineStyle>
			<color>ff6e6e6e</color>
			<width>0.4</width>
		</LineStyle>
		<PolyStyle>
			<color>ff0000ff</color>
		</PolyStyle>
	</Style>
	<StyleMap id="PolyStyle0026">
		<Pair>
			<key>normal</key>
			<styleUrl>#PolyStyle0050</styleUrl>
		</Pair>
		<Pair>
			<key>highlight</key>
			<styleUrl>#PolyStyle0017</styleUrl>
		</Pair>
	</StyleMap>
	<Style id="PolyStyle0037">
		<LabelStyle>
			<color>00000000</color>
			<scale>0</scale>
		</LabelStyle>
		<LineStyle>
			<color>ff6e6e6e</color>
			<width>0.4</width>
		</LineStyle>
		<PolyStyle>
			<color>ff0000ff</color>
		</PolyStyle>
	</Style>
	<StyleMap id="PolyStyle00180">
		<Pair>
			<key>normal</key>
			<styleUrl>#PolyStyle00164</styleUrl>
		</Pair>
		<Pair>
			<key>highlight</key>
			<styleUrl>#PolyStyle0063</styleUrl>
		</Pair>
	</StyleMap>
	<StyleMap id="PolyStyle04052">
		<Pair>
			<key>normal</key>
			<styleUrl>#PolyStyle04050</styleUrl>
		</Pair>
		<Pair>
			<key>highlight</key>
			<styleUrl>#PolyStyle04017</styleUrl>
		</Pair>
	</StyleMap>
	<Style id="PolyStyle0016">
		<LabelStyle>
			<color>00000000</color>
			<scale>0</scale>
		</LabelStyle>
		<LineStyle>
			<color>ff6e6e6e</color>
			<width>0.4</width>
		</LineStyle>
		<PolyStyle>
			<color>ff0000ff</color>
		</PolyStyle>
	</Style>
	<Folder id="FeatureLayer0">
		<name>bijie</name>
		<Snippet maxLines="0"></Snippet>
		<Folder>
			<name>stratum 1</name>
			<Placemark id="ID_00038">
				<name>B-1</name>
				<Snippet maxLines="0"></Snippet>
				<description><![CDATA[<html xmlns:fo="http://www.w3.org/1999/XSL/Format" xmlns:msxsl="urn:schemas-microsoft-com:xslt">

<head>

<META http-equiv="Content-Type" content="text/html">

<meta http-equiv="content-type" content="text/html; charset=UTF-8">

</head>

<body style="margin:0px 0px 0px 0px;overflow:auto;background:#FFFFFF;">

<table style="font-family:Arial,Verdana,Times;font-size:12px;text-align:left;width:100%;border-collapse:collapse;padding:3px 3px 3px 3px">

<tr style="text-align:center;font-weight:bold;background:#9CBCE2">



</tr>

<tr>

<td>

<table style="font-family:Arial,Verdana,Times;font-size:12px;text-align:left;width:100%;border-spacing:0px; padding:3px 3px 3px 3px">

<tr>



</tr>

</table>

</td>

</tr>

</table>

</body>

</html>]]></description>
				<styleUrl>#PolyStyle0032</styleUrl>
				<MultiGeometry>
					<Polygon>
						<outerBoundaryIs>
							<LinearRing>
								<coordinates>
									105.3151959577414,27.22172636975735,0 105.3070582011015,27.21872824888989,0 105.3053449891772,27.20388041221368,0 105.313987932798,27.20062660331165,0 105.3151959577414,27.22172636975735,0 
								</coordinates>
							</LinearRing>
						</outerBoundaryIs>
					</Polygon>
				</MultiGeometry>
			</Placemark>
			<Placemark id="ID_00028">
				<name>D-1</name>
				<Snippet maxLines="0"></Snippet>
				<description><![CDATA[<html xmlns:fo="http://www.w3.org/1999/XSL/Format" xmlns:msxsl="urn:schemas-microsoft-com:xslt">

<head>

<META http-equiv="Content-Type" content="text/html">

<meta http-equiv="content-type" content="text/html; charset=UTF-8">

</head>

<body style="margin:0px 0px 0px 0px;overflow:auto;background:#FFFFFF;">

<table style="font-family:Arial,Verdana,Times;font-size:12px;text-align:left;width:100%;border-collapse:collapse;padding:3px 3px 3px 3px">

<tr style="text-align:center;font-weight:bold;background:#9CBCE2">



</tr>

<tr>

<td>

<table style="font-family:Arial,Verdana,Times;font-size:12px;text-align:left;width:100%;border-spacing:0px; padding:3px 3px 3px 3px">

<tr>



</tr>

</table>

</td>

</tr>

</table>

</body>

</html>]]></description>
				<styleUrl>#PolyStyle00157</styleUrl>
				<MultiGeometry>
					<Polygon>
						<outerBoundaryIs>
							<LinearRing>
								<coordinates>
									105.7453480290566,27.23694339760348,0 105.7537286152984,27.2407257342843,0 105.7594869109326,27.24182028634695,0 105.7623475635645,27.24248761067411,0 105.7619615503786,27.24439010423328,0 105.7602007492342,27.24653161913844,0 105.7584939973753,27.24508843087969,0 105.75606023124,27.24557856433741,0 105.7553466487824,27.24643644069821,0 105.756012897864,27.24814965262252,0 105.751439791499,27.24650906956326,0 105.748255854985,27.24715027899986,0 105.7435921114137,27.24063055584405,0 105.7453480290566,27.23694339760348,0 
								</coordinates>
							</LinearRing>
						</outerBoundaryIs>
					</Polygon>
				</MultiGeometry>
			</Placemark>
			<Placemark id="ID_00031">
				<name>D-2</name>
				<Snippet maxLines="0"></Snippet>
				<description><![CDATA[<html xmlns:fo="http://www.w3.org/1999/XSL/Format" xmlns:msxsl="urn:schemas-microsoft-com:xslt">

<head>

<META http-equiv="Content-Type" content="text/html">

<meta http-equiv="content-type" content="text/html; charset=UTF-8">

</head>

<body style="margin:0px 0px 0px 0px;overflow:auto;background:#FFFFFF;">

<table style="font-family:Arial,Verdana,Times;font-size:12px;text-align:left;width:100%;border-collapse:collapse;padding:3px 3px 3px 3px">

<tr style="text-align:center;font-weight:bold;background:#9CBCE2">



</tr>

<tr>

<td>

<table style="font-family:Arial,Verdana,Times;font-size:12px;text-align:left;width:100%;border-spacing:0px; padding:3px 3px 3px 3px">

<tr>



</tr>

</table>

</td>

</tr>

</table>

</body>

</html>]]></description>
				<styleUrl>#PolyStyle0046</styleUrl>
				<MultiGeometry>
					<Polygon>
						<outerBoundaryIs>
							<LinearRing>
								<coordinates>
									105.7719456801376,27.31664503939512,0 105.7456938985311,27.31993969145845,0 105.7390496317319,27.3141218192867,0 105.7446017074122,27.29825874591446,0 105.7506491699812,27.28959226158133,0 105.75180989777,27.28248364895847,0 105.7679799117946,27.29384187142254,0 105.7685747770458,27.2986007934342,0 105.769824592127,27.30393967040056,0 105.7719456801376,27.31664503939512,0 
								</coordinates>
							</LinearRing>
						</outerBoundaryIs>
					</Polygon>
				</MultiGeometry>
			</Placemark>
			<Placemark id="ID_00041">
				<name>D-4</name>
				<Snippet maxLines="0"></Snippet>
				<description><![CDATA[<html xmlns:fo="http://www.w3.org/1999/XSL/Format" xmlns:msxsl="urn:schemas-microsoft-com:xslt">

<head>

<META http-equiv="Content-Type" content="text/html">

<meta http-equiv="content-type" content="text/html; charset=UTF-8">

</head>

<body style="margin:0px 0px 0px 0px;overflow:auto;background:#FFFFFF;">

<table style="font-family:Arial,Verdana,Times;font-size:12px;text-align:left;width:100%;border-collapse:collapse;padding:3px 3px 3px 3px">

<tr style="text-align:center;font-weight:bold;background:#9CBCE2">



</tr>

<tr>

<td>

<table style="font-family:Arial,Verdana,Times;font-size:12px;text-align:left;width:100%;border-spacing:0px; padding:3px 3px 3px 3px">

<tr>



</tr>

</table>

</td>

</tr>

</table>

</body>

</html>]]></description>
				<styleUrl>#PolyStyle00112</styleUrl>
				<MultiGeometry>
					<Polygon>
						<outerBoundaryIs>
							<LinearRing>
								<coordinates>
									105.8481109450602,27.40892569916138,0 105.8447542744556,27.41472910238581,0 105.8404529448729,27.41716785837962,0 105.8346438084438,27.42196955386527,0 105.8289331020297,27.42184264927834,0 105.8156081203972,27.42438074101778,0 105.8154213658676,27.41665673518622,0 105.810405032331,27.39392364014322,0 105.8368011864225,27.38707079244639,0 105.8422580836625,27.39684244564358,0 105.8507752681754,27.39905235315269,0 105.8481109450602,27.40892569916138,0 
								</coordinates>
							</LinearRing>
						</outerBoundaryIs>
					</Polygon>
				</MultiGeometry>
			</Placemark>
			<Placemark id="ID_00043">
				<name>D-5</name>
				<Snippet maxLines="0"></Snippet>
				<description><![CDATA[<html xmlns:fo="http://www.w3.org/1999/XSL/Format" xmlns:msxsl="urn:schemas-microsoft-com:xslt">

<head>

<META http-equiv="Content-Type" content="text/html">

<meta http-equiv="content-type" content="text/html; charset=UTF-8">

</head>

<body style="margin:0px 0px 0px 0px;overflow:auto;background:#FFFFFF;">

<table style="font-family:Arial,Verdana,Times;font-size:12px;text-align:left;width:100%;border-collapse:collapse;padding:3px 3px 3px 3px">

<tr style="text-align:center;font-weight:bold;background:#9CBCE2">


</tr>

<tr>

<td>

<table style="font-family:Arial,Verdana,Times;font-size:12px;text-align:left;width:100%;border-spacing:0px; padding:3px 3px 3px 3px">

<tr>



</tr>

</table>

</td>

</tr>

</table>

</body>

</html>]]></description>
				<styleUrl>#PolyStyle0084</styleUrl>
				<MultiGeometry>
					<Polygon>
						<outerBoundaryIs>
							<LinearRing>
								<coordinates>
									105.6004243512811,27.34406385958722,0 105.5997142962937,27.34637662938951,0 105.5975615884039,27.34893700557456,0 105.5999410494097,27.35274414318383,0 105.6004169416109,27.35821690349737,0 105.6001789955104,27.36202404110662,0 105.5932785585935,27.36749680141997,0 105.5913749897888,27.36868653192285,0 105.59185088199,27.36963831632533,0 105.5920888280905,27.37368340003526,0 105.6018446182143,27.38534275896372,0 105.596371857901,27.38819811217076,0 105.5966098040017,27.39152935757896,0 105.5968477501022,27.39438471078585,0 105.6008928338121,27.40176103990403,0 105.5999410494097,27.40366460870868,0 105.5982754267056,27.40366460870867,0 105.592326774191,27.40366460870868,0 105.5885196365818,27.40366460870867,0 105.5875678521794,27.40651996191571,0 105.5832848223689,27.41127888392738,0 105.5804647017924,27.41578147759648,0 105.5616341336266,27.37968955527902,0 105.5456917448876,27.35946413672945,0 105.5193749061631,27.3361803176337,0 105.487696348639,27.31922269219884,0 105.4496249725457,27.30316133040952,0 105.4476420883742,27.30573907983253,0 105.4432797431968,27.30365705145239,0 105.4386199653937,27.30375619566099,0 105.4332661781306,27.29998871573526,0 105.4302918518733,27.30137673465518,0 105.424045766733,27.29840240839783,0 105.419088556304,27.29296930576801,0 105.4243233705168,27.28963806035978,0 105.4289289921351,27.28368598651974,0 105.4315807265848,27.28025901822837,0 105.4347929989426,27.27885117046664,0 105.5071299045345,27.28806095373689,0 105.5325729832088,27.29430180393119,0 105.5563041409735,27.29633227732274,0 105.5774337547055,27.30966994941412,0 105.595184533809,27.338683510612,0 105.6004243512811,27.34406385958722,0 
								</coordinates>
							</LinearRing>
						</outerBoundaryIs>
					</Polygon>
				</MultiGeometry>
			</Placemark>
			<Placemark id="ID_00045">
				<name>D-6</name>
				<Snippet maxLines="0"></Snippet>
				<description><![CDATA[<html xmlns:fo="http://www.w3.org/1999/XSL/Format" xmlns:msxsl="urn:schemas-microsoft-com:xslt">

<head>

<META http-equiv="Content-Type" content="text/html">

<meta http-equiv="content-type" content="text/html; charset=UTF-8">

</head>

<body style="margin:0px 0px 0px 0px;overflow:auto;background:#FFFFFF;">

<table style="font-family:Arial,Verdana,Times;font-size:12px;text-align:left;width:100%;border-collapse:collapse;padding:3px 3px 3px 3px">

<tr style="text-align:center;font-weight:bold;background:#9CBCE2">



</tr>

<tr>

<td>

<table style="font-family:Arial,Verdana,Times;font-size:12px;text-align:left;width:100%;border-spacing:0px; padding:3px 3px 3px 3px">

<tr>



</tr>

</table>

</td>

</tr>

</table>

</body>

</html>]]></description>
				<styleUrl>#PolyStyle00159</styleUrl>
				<MultiGeometry>
					<Polygon>
						<outerBoundaryIs>
							<LinearRing>
								<coordinates>
									106.0548235496448,27.27998599757894,0 106.0557110394944,27.28674105153048,0 106.0503572522313,27.29705204922243,0 106.0358465914028,27.29055738206597,0 106.0263047159532,27.26682365365763,0 106.0347916114848,27.25263544378024,0 106.0664186140206,27.26126098992639,0 106.0579811845065,27.27280406308573,0 106.0567619681052,27.27395713689799,0 106.0562543497573,27.27560689652855,0 106.0539700671917,27.27738356074632,0 106.0539700671917,27.27890641578994,0 106.0548235496448,27.27998599757894,0 
								</coordinates>
							</LinearRing>
						</outerBoundaryIs>
					</Polygon>
				</MultiGeometry>
			</Placemark>
			<Placemark id="ID_00052">
				<name>D-7</name>
				<Snippet maxLines="0"></Snippet>
				<description><![CDATA[<html xmlns:fo="http://www.w3.org/1999/XSL/Format" xmlns:msxsl="urn:schemas-microsoft-com:xslt">

<head>

<META http-equiv="Content-Type" content="text/html">

<meta http-equiv="content-type" content="text/html; charset=UTF-8">

</head>

<body style="margin:0px 0px 0px 0px;overflow:auto;background:#FFFFFF;">

<table style="font-family:Arial,Verdana,Times;font-size:12px;text-align:left;width:100%;border-collapse:collapse;padding:3px 3px 3px 3px">

<tr style="text-align:center;font-weight:bold;background:#9CBCE2">



</tr>

<tr>

<td>

<table style="font-family:Arial,Verdana,Times;font-size:12px;text-align:left;width:100%;border-spacing:0px; padding:3px 3px 3px 3px">

<tr>



</tr>

</table>

</td>

</tr>

</table>

</body>

</html>]]></description>
				<styleUrl>#PolyStyle001</styleUrl>
				<MultiGeometry>
					<Polygon>
						<outerBoundaryIs>
							<LinearRing>
								<coordinates>
									105.5223591749262,27.01861276523586,0 105.5103177309805,27.02144472828588,0 105.5114233237424,27.01450964641659,0 105.5096141719503,27.00757456454744,0 105.5078050201583,27.00003643208095,0 105.5086060122477,26.99756484552098,0 105.5084632445874,26.99585163359684,0 105.5097005643104,26.99442395699344,0 105.5133649342594,26.99233003130831,0 105.514459486322,26.99390047557198,0 105.5141095891239,26.99886961852882,0 105.5157919844852,27.00075332326895,0 105.5181839176671,27.00064085850506,0 105.5246443257715,27.00355348235884,0 105.5200670489704,27.00827812357768,0 105.5223591749262,27.01861276523586,0 
								</coordinates>
							</LinearRing>
						</outerBoundaryIs>
					</Polygon>
				</MultiGeometry>
			</Placemark>
			<Placemark id="ID_00053">
				<name>D-8</name>
				<Snippet maxLines="0"></Snippet>
				<description><![CDATA[<html xmlns:fo="http://www.w3.org/1999/XSL/Format" xmlns:msxsl="urn:schemas-microsoft-com:xslt">

<head>

<META http-equiv="Content-Type" content="text/html">

<meta http-equiv="content-type" content="text/html; charset=UTF-8">

</head>

<body style="margin:0px 0px 0px 0px;overflow:auto;background:#FFFFFF;">

<table style="font-family:Arial,Verdana,Times;font-size:12px;text-align:left;width:100%;border-collapse:collapse;padding:3px 3px 3px 3px">

<tr style="text-align:center;font-weight:bold;background:#9CBCE2">



</tr>

<tr>

<td>

<table style="font-family:Arial,Verdana,Times;font-size:12px;text-align:left;width:100%;border-spacing:0px; padding:3px 3px 3px 3px">

<tr>



</tr>

</table>

</td>

</tr>

</table>

</body>

</html>]]></description>
				<styleUrl>#PolyStyle00188</styleUrl>
				<MultiGeometry>
					<Polygon>
						<outerBoundaryIs>
							<LinearRing>
								<coordinates>
									105.5445128637791,26.90719740247703,0 105.5588855696818,26.91895688912479,0 105.5555687913964,26.92287671800737,0 105.5504428613192,26.92136909151405,0 105.547025574601,26.92458536136648,0 105.5467240493024,26.93111840950395,0 105.539185916836,26.93111840950396,0 105.532413138639,26.92185916482167,0 105.5445128637791,26.90719740247703,0 
								</coordinates>
							</LinearRing>
						</outerBoundaryIs>
					</Polygon>
				</MultiGeometry>
			</Placemark>
			<Placemark id="ID_00060">
				<name>D-9</name>
				<Snippet maxLines="0"></Snippet>
				<description><![CDATA[<html xmlns:fo="http://www.w3.org/1999/XSL/Format" xmlns:msxsl="urn:schemas-microsoft-com:xslt">

<head>

<META http-equiv="Content-Type" content="text/html">

<meta http-equiv="content-type" content="text/html; charset=UTF-8">

</head>

<body style="margin:0px 0px 0px 0px;overflow:auto;background:#FFFFFF;">

<table style="font-family:Arial,Verdana,Times;font-size:12px;text-align:left;width:100%;border-collapse:collapse;padding:3px 3px 3px 3px">

<tr style="text-align:center;font-weight:bold;background:#9CBCE2">



</tr>

<tr>

<td>

<table style="font-family:Arial,Verdana,Times;font-size:12px;text-align:left;width:100%;border-spacing:0px; padding:3px 3px 3px 3px">

<tr>



</tr>

</table>

</td>

</tr>

</table>

</body>

</html>]]></description>
				<styleUrl>#PolyStyle00124</styleUrl>
				<MultiGeometry>
					<Polygon>
						<outerBoundaryIs>
							<LinearRing>
								<coordinates>
									105.2964702533814,27.06744670996304,0 105.2983067349605,27.04708694631988,0 105.3095377909081,27.05698550410409,0 105.3162118593507,27.07047329136451,0 105.3080670329811,27.07710747431824,0 105.2964702533814,27.06744670996304,0 
								</coordinates>
							</LinearRing>
						</outerBoundaryIs>
					</Polygon>
				</MultiGeometry>
			</Placemark>
			<Placemark id="ID_00047">
				<name>H-1</name>
				<Snippet maxLines="0"></Snippet>
				<description><![CDATA[<html xmlns:fo="http://www.w3.org/1999/XSL/Format" xmlns:msxsl="urn:schemas-microsoft-com:xslt">

<head>

<META http-equiv="Content-Type" content="text/html">

<meta http-equiv="content-type" content="text/html; charset=UTF-8">

</head>

<body style="margin:0px 0px 0px 0px;overflow:auto;background:#FFFFFF;">

<table style="font-family:Arial,Verdana,Times;font-size:12px;text-align:left;width:100%;border-collapse:collapse;padding:3px 3px 3px 3px">

<tr style="text-align:center;font-weight:bold;background:#9CBCE2">



</tr>

<tr>

<td>

<table style="font-family:Arial,Verdana,Times;font-size:12px;text-align:left;width:100%;border-spacing:0px; padding:3px 3px 3px 3px">

<tr>



</tr>

</table>

</td>

</tr>

</table>

</body>

</html>]]></description>
				<styleUrl>#PolyStyle0028</styleUrl>
				<MultiGeometry>
					<Polygon>
						<outerBoundaryIs>
							<LinearRing>
								<coordinates>
									104.3831086400541,27.1682977520211,0 104.3799553253714,27.16459603984356,0 104.3648834412082,27.16521554725945,0 104.353963644929,27.1775141946852,0 104.347985360855,27.17381577489328,0 104.3486972027438,27.16982247835363,0 104.3558333014788,27.16590264947099,0 104.3544261834184,27.16077671939384,0 104.3596526219284,27.15776146640729,0 104.3697034652171,27.15826400857159,0 104.381362443432,27.15786197484013,0 104.3860919509742,27.16253564802267,0 104.3851988881734,27.164834490611,0 104.3831086400541,27.1682977520211,0 
								</coordinates>
							</LinearRing>
						</outerBoundaryIs>
					</Polygon>
				</MultiGeometry>
			</Placemark>
			<Placemark id="ID_00049">
				<name>W-1</name>
				<Snippet maxLines="0"></Snippet>
				<description><![CDATA[<html xmlns:fo="http://www.w3.org/1999/XSL/Format" xmlns:msxsl="urn:schemas-microsoft-com:xslt">

<head>

<META http-equiv="Content-Type" content="text/html">

<meta http-equiv="content-type" content="text/html; charset=UTF-8">

</head>

<body style="margin:0px 0px 0px 0px;overflow:auto;background:#FFFFFF;">

<table style="font-family:Arial,Verdana,Times;font-size:12px;text-align:left;width:100%;border-collapse:collapse;padding:3px 3px 3px 3px">

<tr style="text-align:center;font-weight:bold;background:#9CBCE2">



</tr>

<tr>

<td>

<table style="font-family:Arial,Verdana,Times;font-size:12px;text-align:left;width:100%;border-spacing:0px; padding:3px 3px 3px 3px">

<tr>



</tr>

</table>

</td>

</tr>

</table>

</body>

</html>]]></description>
				<styleUrl>#PolyStyle00141</styleUrl>
				<MultiGeometry>
					<Polygon>
						<outerBoundaryIs>
							<LinearRing>
								<coordinates>
									103.6459155692343,27.11945064889694,0 103.6456840582963,27.11971329656799,0 103.6449036941509,27.119646826793,0 103.6432878141509,27.11936554679298,0 103.6420655441509,27.11920771679302,0 103.6400040441509,27.11945662679299,0 103.6389448741509,27.119228776793,0 103.6374292691509,27.11871625679299,0 103.6335504641509,27.117319726793,0 103.6323300491509,27.11676691679301,0 103.6306885491509,27.115384606793,0 103.6300403958204,27.11505360549283,0 103.6241612510184,27.10729389020244,0 103.6240146791509,27.10679410679301,0 103.6237391241509,27.10610398679301,0 103.6231340441509,27.10398625679302,0 103.6232530791509,27.103177756793,0 103.6229500141509,27.10203499679304,0 103.6223811241509,27.10072051679299,0 103.6220589010108,27.10034937604425,0 103.6399245002722,27.09652462104595,0 103.6459155692343,27.11945064889694,0 
								</coordinates>
							</LinearRing>
						</outerBoundaryIs>
					</Polygon>
				</MultiGeometry>
			</Placemark>
			<Placemark id="ID_00050">
				<name>W-2</name>
				<Snippet maxLines="0"></Snippet>
				<description><![CDATA[<html xmlns:fo="http://www.w3.org/1999/XSL/Format" xmlns:msxsl="urn:schemas-microsoft-com:xslt">

<head>

<META http-equiv="Content-Type" content="text/html">

<meta http-equiv="content-type" content="text/html; charset=UTF-8">

</head>

<body style="margin:0px 0px 0px 0px;overflow:auto;background:#FFFFFF;">

<table style="font-family:Arial,Verdana,Times;font-size:12px;text-align:left;width:100%;border-collapse:collapse;padding:3px 3px 3px 3px">

<tr style="text-align:center;font-weight:bold;background:#9CBCE2">



</tr>

<tr>

<td>

<table style="font-family:Arial,Verdana,Times;font-size:12px;text-align:left;width:100%;border-spacing:0px; padding:3px 3px 3px 3px">

<tr>


</tr>

</table>

</td>

</tr>

</table>

</body>

</html>]]></description>
				<styleUrl>#PolyStyle0080</styleUrl>
				<MultiGeometry>
					<Polygon>
						<outerBoundaryIs>
							<LinearRing>
								<coordinates>
									103.76138592551,27.09181695929992,0 103.756498646173,27.08655204678558,0 103.7469503450488,27.08504442029226,0 103.7411208559414,27.07298340834591,0 103.7498827113989,27.07403884706248,0 103.7546092495006,27.06980272969104,0 103.7623281352804,27.08223018417151,0 103.7736031002149,27.0958563103891,0 103.7744755692504,27.10140838606936,0 103.7769343456232,27.10616730808101,0 103.7654336174283,27.10140838606932,0 103.76138592551,27.09181695929992,0 
								</coordinates>
							</LinearRing>
						</outerBoundaryIs>
					</Polygon>
				</MultiGeometry>
			</Placemark>
			<Placemark id="ID_00051">
				<name>W-3</name>
				<Snippet maxLines="0"></Snippet>
				<description><![CDATA[<html xmlns:fo="http://www.w3.org/1999/XSL/Format" xmlns:msxsl="urn:schemas-microsoft-com:xslt">

<head>

<META http-equiv="Content-Type" content="text/html">

<meta http-equiv="content-type" content="text/html; charset=UTF-8">

</head>

<body style="margin:0px 0px 0px 0px;overflow:auto;background:#FFFFFF;">

<table style="font-family:Arial,Verdana,Times;font-size:12px;text-align:left;width:100%;border-collapse:collapse;padding:3px 3px 3px 3px">

<tr style="text-align:center;font-weight:bold;background:#9CBCE2">



</tr>

<tr>

<td>

<table style="font-family:Arial,Verdana,Times;font-size:12px;text-align:left;width:100%;border-spacing:0px; padding:3px 3px 3px 3px">

<tr>



</tr>

</table>

</td>

</tr>

</table>

</body>

</html>]]></description>
				<styleUrl>#PolyStyle0058</styleUrl>
				<MultiGeometry>
					<Polygon>
						<outerBoundaryIs>
							<LinearRing>
								<coordinates>
									103.6167950310754,27.07588312117504,0 103.6164187233248,27.07581729473118,0 103.6154486633248,27.07526925473117,0 103.6153285433249,27.0752130347311,0 103.6144130483249,27.07433163473112,0 103.6134971333248,27.07324794473117,0 103.6127953133249,27.07175325473117,0 103.6121610433248,27.06992769473111,0 103.6115373083248,27.06862305473119,0 103.6110372983248,27.06711423473119,0 103.6107008783248,27.06547638473126,0 103.6103728583249,27.06410427473122,0 103.6099676983248,27.06297201473116,0 103.6097821063437,27.06275444543648,0 103.6081858518237,27.05161486487932,0 103.6158001270423,27.05351843368395,0 103.6226529747391,27.03778226489866,0 103.6307748683057,27.03752845572477,0 103.634708910502,27.04844225020487,0 103.6245565435437,27.05161486487932,0 103.6229067839131,27.05973675844592,0 103.6276022536312,27.06303627770726,0 103.6167950310754,27.07588312117504,0 
								</coordinates>
							</LinearRing>
						</outerBoundaryIs>
					</Polygon>
				</MultiGeometry>
			</Placemark>
			<Placemark id="ID_00000">
				<name>J-1</name>
				<Snippet maxLines="0"></Snippet>
				<description><![CDATA[<html xmlns:fo="http://www.w3.org/1999/XSL/Format" xmlns:msxsl="urn:schemas-microsoft-com:xslt">

<head>

<META http-equiv="Content-Type" content="text/html">

<meta http-equiv="content-type" content="text/html; charset=UTF-8">

</head>

<body style="margin:0px 0px 0px 0px;overflow:auto;background:#FFFFFF;">

<table style="font-family:Arial,Verdana,Times;font-size:12px;text-align:left;width:100%;border-collapse:collapse;padding:3px 3px 3px 3px">

<tr style="text-align:center;font-weight:bold;background:#9CBCE2">



</tr>

<tr>

<td>

<table style="font-family:Arial,Verdana,Times;font-size:12px;text-align:left;width:100%;border-spacing:0px; padding:3px 3px 3px 3px">

<tr>



</tr>

</table>

</td>

</tr>

</table>

</body>

</html>]]></description>
				<styleUrl>#PolyStyle0072</styleUrl>
				<MultiGeometry>
					<Polygon>
						<outerBoundaryIs>
							<LinearRing>
								<coordinates>
									105.8249530996098,27.61573101268291,0 105.8070684562517,27.58486878051997,0 105.8064336686098,27.58377287571184,0 105.8176943762379,27.57692567980817,0 105.8206090569456,27.5818870712334,0 105.8372279488292,27.61016247041923,0 105.8249530996098,27.61573101268291,0 
								</coordinates>
							</LinearRing>
						</outerBoundaryIs>
					</Polygon>
				</MultiGeometry>
			</Placemark>
			<Placemark id="ID_00001">
				<name>J-2</name>
				<Snippet maxLines="0"></Snippet>
				<description><![CDATA[<html xmlns:fo="http://www.w3.org/1999/XSL/Format" xmlns:msxsl="urn:schemas-microsoft-com:xslt">

<head>

<META http-equiv="Content-Type" content="text/html">

<meta http-equiv="content-type" content="text/html; charset=UTF-8">

</head>

<body style="margin:0px 0px 0px 0px;overflow:auto;background:#FFFFFF;">

<table style="font-family:Arial,Verdana,Times;font-size:12px;text-align:left;width:100%;border-collapse:collapse;padding:3px 3px 3px 3px">

<tr style="text-align:center;font-weight:bold;background:#9CBCE2">



</tr>

<tr>

<td>

<table style="font-family:Arial,Verdana,Times;font-size:12px;text-align:left;width:100%;border-spacing:0px; padding:3px 3px 3px 3px">

<tr>



</tr>

</table>

</td>

</tr>

</table>

</body>

</html>]]></description>
				<styleUrl>#PolyStyle0064</styleUrl>
				<MultiGeometry>
					<Polygon>
						<outerBoundaryIs>
							<LinearRing>
								<coordinates>
									105.9631947175697,27.62577710112648,0 105.9583211486722,27.62568412304415,0 105.943568490436,27.62520823084315,0 105.9463438432774,27.61865215588783,0 105.950135802812,27.61492895929791,0 105.9527056206983,27.61093146480816,0 105.9563224014273,27.6113121785691,0 105.9583205155254,27.61489025334141,0 105.9626993569228,27.61150253544939,0 105.9697576836372,27.6148361663445,0 105.9684100633369,27.6200685950705,0 105.9631947175697,27.62577710112648,0 
								</coordinates>
							</LinearRing>
						</outerBoundaryIs>
					</Polygon>
				</MultiGeometry>
			</Placemark>
			<Placemark id="ID_00003">
				<name>J-3</name>
				<Snippet maxLines="0"></Snippet>
				<description><![CDATA[<html xmlns:fo="http://www.w3.org/1999/XSL/Format" xmlns:msxsl="urn:schemas-microsoft-com:xslt">

<head>

<META http-equiv="Content-Type" content="text/html">

<meta http-equiv="content-type" content="text/html; charset=UTF-8">

</head>

<body style="margin:0px 0px 0px 0px;overflow:auto;background:#FFFFFF;">

<table style="font-family:Arial,Verdana,Times;font-size:12px;text-align:left;width:100%;border-collapse:collapse;padding:3px 3px 3px 3px">

<tr style="text-align:center;font-weight:bold;background:#9CBCE2">



</tr>

<tr>

<td>

<table style="font-family:Arial,Verdana,Times;font-size:12px;text-align:left;width:100%;border-spacing:0px; padding:3px 3px 3px 3px">

<tr>



</tr>

</table>

</td>

</tr>

</table>

</body>

</html>]]></description>
				<styleUrl>#PolyStyle00120</styleUrl>
				<MultiGeometry>
					<Polygon>
						<outerBoundaryIs>
							<LinearRing>
								<coordinates>
									106.0978109807342,27.51503147887389,0 106.0918484510752,27.51557372852761,0 106.0898306681422,27.51073866376377,0 106.0939043053842,27.5061700986326,0 106.1027471257793,27.49770533351279,0 106.1044603377034,27.50119520965466,0 106.1038258147684,27.50690591606871,0 106.1036354578881,27.50855567569928,0 106.1024298643117,27.50982472156913,0 106.1002724863332,27.50919019863431,0 106.0988155129001,27.51260416119249,0 106.0983967277633,27.51298487495343,0 106.0981682995067,27.51367015972301,0 106.0978109807342,27.51503147887389,0 
								</coordinates>
							</LinearRing>
						</outerBoundaryIs>
					</Polygon>
				</MultiGeometry>
			</Placemark>
			<Placemark id="ID_00005">
				<name>J-4</name>
				<Snippet maxLines="0"></Snippet>
				<description><![CDATA[<html xmlns:fo="http://www.w3.org/1999/XSL/Format" xmlns:msxsl="urn:schemas-microsoft-com:xslt">

<head>

<META http-equiv="Content-Type" content="text/html">

<meta http-equiv="content-type" content="text/html; charset=UTF-8">

</head>

<body style="margin:0px 0px 0px 0px;overflow:auto;background:#FFFFFF;">

<table style="font-family:Arial,Verdana,Times;font-size:12px;text-align:left;width:100%;border-collapse:collapse;padding:3px 3px 3px 3px">

<tr style="text-align:center;font-weight:bold;background:#9CBCE2">



</tr>

<tr>

<td>

<table style="font-family:Arial,Verdana,Times;font-size:12px;text-align:left;width:100%;border-spacing:0px; padding:3px 3px 3px 3px">

<tr>



</tr>

</table>

</td>

</tr>

</table>

</body>

</html>]]></description>
				<styleUrl>#PolyStyle00189</styleUrl>
				<MultiGeometry>
					<Polygon>
						<outerBoundaryIs>
							<LinearRing>
								<coordinates>
									106.0517372004522,27.59066461599692,0 106.0572407602475,27.58827386216449,0 106.061155900267,27.59215177912536,0 106.0674019854073,27.59582011484286,0 106.0727557726704,27.6041482283633,0 106.0701780232474,27.60623025674317,0 106.0659148222786,27.6035533631118,0 106.057884141384,27.60513967044902,0 106.0507241701316,27.60144141055179,0 106.0434090869318,27.59909187372568,0 106.0418227795946,27.59542353800876,0 106.0517372004522,27.59066461599692,0 
								</coordinates>
							</LinearRing>
						</outerBoundaryIs>
					</Polygon>
				</MultiGeometry>
			</Placemark>
			<Placemark id="ID_00006">
				<name>J-5</name>
				<Snippet maxLines="0"></Snippet>
				<description><![CDATA[<html xmlns:fo="http://www.w3.org/1999/XSL/Format" xmlns:msxsl="urn:schemas-microsoft-com:xslt">

<head>

<META http-equiv="Content-Type" content="text/html">

<meta http-equiv="content-type" content="text/html; charset=UTF-8">

</head>

<body style="margin:0px 0px 0px 0px;overflow:auto;background:#FFFFFF;">

<table style="font-family:Arial,Verdana,Times;font-size:12px;text-align:left;width:100%;border-collapse:collapse;padding:3px 3px 3px 3px">

<tr style="text-align:center;font-weight:bold;background:#9CBCE2">


</tr>

<tr>

<td>

<table style="font-family:Arial,Verdana,Times;font-size:12px;text-align:left;width:100%;border-spacing:0px; padding:3px 3px 3px 3px">

<tr>



</tr>

</table>

</td>

</tr>

</table>

</body>

</html>]]></description>
				<styleUrl>#PolyStyle00118</styleUrl>
				<MultiGeometry>
					<Polygon>
						<outerBoundaryIs>
							<LinearRing>
								<coordinates>
									106.0380056956298,27.51538463908753,0 106.0382188149417,27.53331005814737,0 106.0280272118886,27.53340332611083,0 106.0227969224643,27.52197046314712,0 106.0178355871681,27.53349567400977,0 106.0098523977839,27.52926777293055,0 106.0111753202001,27.5223514503651,0 106.012365050703,27.51838568202203,0 106.0130590601631,27.51372590421892,0 106.0152402327518,27.51104901058737,0 106.0153243325292,27.50969565721528,0 106.0243510428046,27.51747447867514,0 106.0277107030609,27.50651486773062,0 106.0341609076809,27.50320080848443,0 106.0433714939821,27.47687970545658,0 106.0463171532227,27.50033581210954,0 106.044884351116,27.502720897067,0 106.043496332196,27.50589351174141,0 106.0426040343188,27.50906612641585,0 106.0380056956298,27.51538463908753,0 
								</coordinates>
							</LinearRing>
						</outerBoundaryIs>
					</Polygon>
				</MultiGeometry>
			</Placemark>
			<Placemark id="ID_00007">
				<name>J-6</name>
				<Snippet maxLines="0"></Snippet>
				<description><![CDATA[<html xmlns:fo="http://www.w3.org/1999/XSL/Format" xmlns:msxsl="urn:schemas-microsoft-com:xslt">

<head>

<META http-equiv="Content-Type" content="text/html">

<meta http-equiv="content-type" content="text/html; charset=UTF-8">

</head>

<body style="margin:0px 0px 0px 0px;overflow:auto;background:#FFFFFF;">

<table style="font-family:Arial,Verdana,Times;font-size:12px;text-align:left;width:100%;border-collapse:collapse;padding:3px 3px 3px 3px">

<tr style="text-align:center;font-weight:bold;background:#9CBCE2">



</tr>

<tr>

<td>

<table style="font-family:Arial,Verdana,Times;font-size:12px;text-align:left;width:100%;border-spacing:0px; padding:3px 3px 3px 3px">

<tr>



</tr>

</table>

</td>

</tr>

</table>

</body>

</html>]]></description>
				<styleUrl>#PolyStyle0011</styleUrl>
				<MultiGeometry>
					<Polygon>
						<outerBoundaryIs>
							<LinearRing>
								<coordinates>
									106.0729039353868,27.51634589836004,0 106.0719997402046,27.51134903024788,0 106.074573286011,27.50911257633334,0 106.075377353474,27.49735308968563,0 106.0840210787022,27.48679970423262,0 106.0935693798264,27.489010889756,0 106.0864439072865,27.49863695245962,0 106.0875388738532,27.50398664625616,0 106.0827144690746,27.51745477626297,0 106.0776350800095,27.52197328086152,0 106.0738081305692,27.52162830179293,0 106.0729039353868,27.51634589836004,0 
								</coordinates>
							</LinearRing>
						</outerBoundaryIs>
					</Polygon>
				</MultiGeometry>
			</Placemark>
			<Placemark id="ID_00008">
				<name>J-7</name>
				<Snippet maxLines="0"></Snippet>
				<description><![CDATA[<html xmlns:fo="http://www.w3.org/1999/XSL/Format" xmlns:msxsl="urn:schemas-microsoft-com:xslt">

<head>

<META http-equiv="Content-Type" content="text/html">

<meta http-equiv="content-type" content="text/html; charset=UTF-8">

</head>

<body style="margin:0px 0px 0px 0px;overflow:auto;background:#FFFFFF;">

<table style="font-family:Arial,Verdana,Times;font-size:12px;text-align:left;width:100%;border-collapse:collapse;padding:3px 3px 3px 3px">

<tr style="text-align:center;font-weight:bold;background:#9CBCE2">



</tr>

<tr>

<td>

<table style="font-family:Arial,Verdana,Times;font-size:12px;text-align:left;width:100%;border-spacing:0px; padding:3px 3px 3px 3px">

<tr>



</tr>

</table>

</td>

</tr>

</table>

</body>

</html>]]></description>
				<styleUrl>#PolyStyle0014</styleUrl>
				<MultiGeometry>
					<Polygon>
						<outerBoundaryIs>
							<LinearRing>
								<coordinates>
									106.48868601,27.48145068000001,0 106.48694483,27.48259800000004,0 106.4861037410438,27.48398341760123,0 106.4725346299814,27.47832582780813,0 106.4958937244088,27.47438451795168,0 106.4917026411597,27.48337518434768,0 106.49089948,27.48225353999998,0 106.49011835,27.48142973999999,0 106.48868601,27.48145068000001,0 
								</coordinates>
							</LinearRing>
						</outerBoundaryIs>
					</Polygon>
				</MultiGeometry>
			</Placemark>
			<Placemark id="ID_00010">
				<name>J-8</name>
				<Snippet maxLines="0"></Snippet>
				<description><![CDATA[<html xmlns:fo="http://www.w3.org/1999/XSL/Format" xmlns:msxsl="urn:schemas-microsoft-com:xslt">

<head>

<META http-equiv="Content-Type" content="text/html">

<meta http-equiv="content-type" content="text/html; charset=UTF-8">

</head>

<body style="margin:0px 0px 0px 0px;overflow:auto;background:#FFFFFF;">

<table style="font-family:Arial,Verdana,Times;font-size:12px;text-align:left;width:100%;border-collapse:collapse;padding:3px 3px 3px 3px">

<tr style="text-align:center;font-weight:bold;background:#9CBCE2">



</tr>

<tr>

<td>

<table style="font-family:Arial,Verdana,Times;font-size:12px;text-align:left;width:100%;border-spacing:0px; padding:3px 3px 3px 3px">

<tr>



</tr>

</table>

</td>

</tr>

</table>

</body>

</html>]]></description>
				<styleUrl>#PolyStyle0026</styleUrl>
				<MultiGeometry>
					<Polygon>
						<outerBoundaryIs>
							<LinearRing>
								<coordinates>
									106.1926485934018,27.46767978138978,0 106.1726611209527,27.47405673688536,0 106.1575277489558,27.47262906028191,0 106.1514363287807,27.46958335019441,0 106.1517218641015,27.46234978873668,0 106.1583743868558,27.46479034257072,0 106.1611445296846,27.46254014561715,0 106.1926485934018,27.46767978138978,0 
								</coordinates>
							</LinearRing>
						</outerBoundaryIs>
					</Polygon>
				</MultiGeometry>
			</Placemark>
			<Placemark id="ID_00011">
				<name>J-9</name>
				<Snippet maxLines="0"></Snippet>
				<description><![CDATA[<html xmlns:fo="http://www.w3.org/1999/XSL/Format" xmlns:msxsl="urn:schemas-microsoft-com:xslt">

<head>

<META http-equiv="Content-Type" content="text/html">

<meta http-equiv="content-type" content="text/html; charset=UTF-8">

</head>

<body style="margin:0px 0px 0px 0px;overflow:auto;background:#FFFFFF;">

<table style="font-family:Arial,Verdana,Times;font-size:12px;text-align:left;width:100%;border-collapse:collapse;padding:3px 3px 3px 3px">

<tr style="text-align:center;font-weight:bold;background:#9CBCE2">



</tr>

<tr>

<td>

<table style="font-family:Arial,Verdana,Times;font-size:12px;text-align:left;width:100%;border-spacing:0px; padding:3px 3px 3px 3px">

<tr>



</tr>

</table>

</td>

</tr>

</table>

</body>

</html>]]></description>
				<styleUrl>#PolyStyle0085</styleUrl>
				<MultiGeometry>
					<Polygon>
						<outerBoundaryIs>
							<LinearRing>
								<coordinates>
									105.9743606726387,27.52796695114944,0 105.9767966058471,27.52208825025159,0 105.9802666531473,27.52070023133154,0 105.9872067477476,27.52605401859466,0 105.9912182135246,27.52762260457154,0 106.0026732442855,27.53210181531785,0 105.9988066201511,27.53854618887528,0 105.9967245917709,27.54251195721832,0 105.9878016129991,27.5480640328986,0 105.9867110267048,27.5436025435127,0 105.9892887761278,27.53924019833533,0 105.9826461141531,27.53269668056929,0 105.9743606726387,27.52796695114944,0 
								</coordinates>
							</LinearRing>
						</outerBoundaryIs>
					</Polygon>
				</MultiGeometry>
			</Placemark>
			<Placemark id="ID_00012">
				<name>J-10</name>
				<Snippet maxLines="0"></Snippet>
				<description><![CDATA[<html xmlns:fo="http://www.w3.org/1999/XSL/Format" xmlns:msxsl="urn:schemas-microsoft-com:xslt">

<head>

<META http-equiv="Content-Type" content="text/html">

<meta http-equiv="content-type" content="text/html; charset=UTF-8">

</head>

<body style="margin:0px 0px 0px 0px;overflow:auto;background:#FFFFFF;">

<table style="font-family:Arial,Verdana,Times;font-size:12px;text-align:left;width:100%;border-collapse:collapse;padding:3px 3px 3px 3px">

<tr style="text-align:center;font-weight:bold;background:#9CBCE2">



</tr>

<tr>

<td>

<table style="font-family:Arial,Verdana,Times;font-size:12px;text-align:left;width:100%;border-spacing:0px; padding:3px 3px 3px 3px">

<tr>



</tr>

</table>

</td>

</tr>

</table>

</body>

</html>]]></description>
				<styleUrl>#PolyStyle00138</styleUrl>
				<MultiGeometry>
					<Polygon>
						<outerBoundaryIs>
							<LinearRing>
								<coordinates>
									106.1483793647966,27.44904142503015,0 106.152301818064,27.45631166848825,0 106.1539515776948,27.45923047398885,0 106.1491655331462,27.45929345694245,0 106.1444337336715,27.46126094738042,0 106.1403093345946,27.45732690518407,0 106.139852962859,27.45483144681114,0 106.1378304210041,27.45356240094134,0 106.1370769250189,27.45074670541769,0 106.1399719359093,27.4458291526724,0 106.1417961893472,27.44499634132023,0 106.1456826423233,27.4478516945272,0 106.1483793647966,27.44904142503015,0 
								</coordinates>
							</LinearRing>
						</outerBoundaryIs>
					</Polygon>
				</MultiGeometry>
			</Placemark>
			<Placemark id="ID_00013">
				<name>J-11</name>
				<Snippet maxLines="0"></Snippet>
				<description><![CDATA[<html xmlns:fo="http://www.w3.org/1999/XSL/Format" xmlns:msxsl="urn:schemas-microsoft-com:xslt">

<head>

<META http-equiv="Content-Type" content="text/html">

<meta http-equiv="content-type" content="text/html; charset=UTF-8">

</head>

<body style="margin:0px 0px 0px 0px;overflow:auto;background:#FFFFFF;">

<table style="font-family:Arial,Verdana,Times;font-size:12px;text-align:left;width:100%;border-collapse:collapse;padding:3px 3px 3px 3px">

<tr style="text-align:center;font-weight:bold;background:#9CBCE2">



</tr>

<tr>

<td>

<table style="font-family:Arial,Verdana,Times;font-size:12px;text-align:left;width:100%;border-spacing:0px; padding:3px 3px 3px 3px">

<tr>



</tr>

</table>

</td>

</tr>

</table>

</body>

</html>]]></description>
				<styleUrl>#PolyStyle00103</styleUrl>
				<MultiGeometry>
					<Polygon>
						<outerBoundaryIs>
							<LinearRing>
								<coordinates>
									106.4815198307419,27.46805222703713,0 106.4721043354568,27.45278728473986,0 106.485252486182,27.44762818413571,0 106.4815198307419,27.46805222703713,0 
								</coordinates>
							</LinearRing>
						</outerBoundaryIs>
					</Polygon>
				</MultiGeometry>
			</Placemark>
			<Placemark id="ID_00014">
				<name>J-12</name>
				<Snippet maxLines="0"></Snippet>
				<description><![CDATA[<html xmlns:fo="http://www.w3.org/1999/XSL/Format" xmlns:msxsl="urn:schemas-microsoft-com:xslt">

<head>

<META http-equiv="Content-Type" content="text/html">

<meta http-equiv="content-type" content="text/html; charset=UTF-8">

</head>

<body style="margin:0px 0px 0px 0px;overflow:auto;background:#FFFFFF;">

<table style="font-family:Arial,Verdana,Times;font-size:12px;text-align:left;width:100%;border-collapse:collapse;padding:3px 3px 3px 3px">

<tr style="text-align:center;font-weight:bold;background:#9CBCE2">



</tr>

<tr>

<td>

<table style="font-family:Arial,Verdana,Times;font-size:12px;text-align:left;width:100%;border-spacing:0px; padding:3px 3px 3px 3px">

<tr>



</tr>

</table>

</td>

</tr>

</table>

</body>

</html>]]></description>
				<styleUrl>#PolyStyle00165</styleUrl>
				<MultiGeometry>
					<Polygon>
						<outerBoundaryIs>
							<LinearRing>
								<coordinates>
									106.1066075986151,27.38574487831997,0 106.0990885018368,27.39026585423107,0 106.0968993977113,27.38836228542629,0 106.0962331486298,27.3850786292383,0 106.0965077607575,27.38324449127315,0 106.0942344013849,27.37932033360417,0 106.0969945761515,27.3730861457689,0 106.1003058534974,27.37570363378578,0 106.103276353207,27.37603667741611,0 106.1066075986151,27.38574487831997,0 
								</coordinates>
							</LinearRing>
						</outerBoundaryIs>
					</Polygon>
				</MultiGeometry>
			</Placemark>
			<Placemark id="ID_00015">
				<name>J-13</name>
				<Snippet maxLines="0"></Snippet>
				<description><![CDATA[<html xmlns:fo="http://www.w3.org/1999/XSL/Format" xmlns:msxsl="urn:schemas-microsoft-com:xslt">

<head>

<META http-equiv="Content-Type" content="text/html">

<meta http-equiv="content-type" content="text/html; charset=UTF-8">

</head>

<body style="margin:0px 0px 0px 0px;overflow:auto;background:#FFFFFF;">

<table style="font-family:Arial,Verdana,Times;font-size:12px;text-align:left;width:100%;border-collapse:collapse;padding:3px 3px 3px 3px">

<tr style="text-align:center;font-weight:bold;background:#9CBCE2">



</tr>

<tr>

<td>

<table style="font-family:Arial,Verdana,Times;font-size:12px;text-align:left;width:100%;border-spacing:0px; padding:3px 3px 3px 3px">

<tr>



</tr>

</table>

</td>

</tr>

</table>

</body>

</html>]]></description>
				<styleUrl>#PolyStyle0081</styleUrl>
				<MultiGeometry>
					<Polygon>
						<outerBoundaryIs>
							<LinearRing>
								<coordinates>
									106.0862878570479,27.45338248243178,0 106.089868206815,27.46962382341283,0 106.0877746176069,27.47266982324952,0 106.0826332073634,27.47105302115996,0 106.0721973872336,27.4662033371072,0 106.0707075956027,27.4589424958878,0 106.0754226898921,27.45582070478818,0 106.0793326068088,27.45675450434089,0 106.0811418468606,27.45544756870265,0 106.0824482441439,27.45353772837512,0 106.0850621302541,27.45353714932306,0 106.0862878570479,27.45338248243178,0 
								</coordinates>
							</LinearRing>
						</outerBoundaryIs>
					</Polygon>
				</MultiGeometry>
			</Placemark>
			<Placemark id="ID_00016">
				<name>J-14</name>
				<Snippet maxLines="0"></Snippet>
				<description><![CDATA[<html xmlns:fo="http://www.w3.org/1999/XSL/Format" xmlns:msxsl="urn:schemas-microsoft-com:xslt">

<head>

<META http-equiv="Content-Type" content="text/html">

<meta http-equiv="content-type" content="text/html; charset=UTF-8">

</head>

<body style="margin:0px 0px 0px 0px;overflow:auto;background:#FFFFFF;">

<table style="font-family:Arial,Verdana,Times;font-size:12px;text-align:left;width:100%;border-collapse:collapse;padding:3px 3px 3px 3px">

<tr style="text-align:center;font-weight:bold;background:#9CBCE2">



</tr>

<tr>

<td>

<table style="font-family:Arial,Verdana,Times;font-size:12px;text-align:left;width:100%;border-spacing:0px; padding:3px 3px 3px 3px">

<tr>



</tr>

</table>

</td>

</tr>

</table>

</body>

</html>]]></description>
				<styleUrl>#PolyStyle0091</styleUrl>
				<MultiGeometry>
					<Polygon>
						<outerBoundaryIs>
							<LinearRing>
								<coordinates>
									106.2613428887193,27.45589850755362,0 106.2611335554894,27.44139190084775,0 106.2711145489063,27.44228911664203,0 106.2746044250481,27.44419268544663,0 106.2730181177109,27.45231457901323,0 106.2684495525797,27.45510647992671,0 106.2659876035925,27.45494150396365,0 106.2647502838693,27.45541739616485,0 106.2613428887193,27.45589850755362,0 
								</coordinates>
							</LinearRing>
						</outerBoundaryIs>
					</Polygon>
				</MultiGeometry>
			</Placemark>
			<Placemark id="ID_00017">
				<name>J-15</name>
				<Snippet maxLines="0"></Snippet>
				<description><![CDATA[<html xmlns:fo="http://www.w3.org/1999/XSL/Format" xmlns:msxsl="urn:schemas-microsoft-com:xslt">

<head>

<META http-equiv="Content-Type" content="text/html">

<meta http-equiv="content-type" content="text/html; charset=UTF-8">

</head>

<body style="margin:0px 0px 0px 0px;overflow:auto;background:#FFFFFF;">

<table style="font-family:Arial,Verdana,Times;font-size:12px;text-align:left;width:100%;border-collapse:collapse;padding:3px 3px 3px 3px">

<tr style="text-align:center;font-weight:bold;background:#9CBCE2">



</tr>

<tr>

<td>

<table style="font-family:Arial,Verdana,Times;font-size:12px;text-align:left;width:100%;border-spacing:0px; padding:3px 3px 3px 3px">

<tr>



</tr>

</table>

</td>

</tr>

</table>

</body>

</html>]]></description>
				<styleUrl>#PolyStyle0048</styleUrl>
				<MultiGeometry>
					<Polygon>
						<outerBoundaryIs>
							<LinearRing>
								<coordinates>
									106.6002091338026,27.48563162389171,0 106.5991631414365,27.4841155870828,0 106.5971529727786,27.48401507864991,0 106.5952433125538,27.48411558708277,0 106.5939367029264,27.48421609551566,0 106.5921275511345,27.48441711238157,0 106.5903183993424,27.48441711238157,0 106.5891122981478,27.48421609551565,0 106.5876046716545,27.48421609551566,0 106.586298062027,27.48461812924727,0 106.5840868765035,27.48502016297873,0 106.5809711150841,27.48502016297874,0 106.5795639970236,27.48562321357611,0 106.5774533199329,27.4859247388747,0 106.5751005656544,27.48683127435144,0 106.5636541032557,27.46751182377061,0 106.5513211273826,27.46431542580422,0 106.5518236695469,27.45818441139818,0 106.5594623104463,27.44944017773714,0 106.5634826477618,27.445118315123,0 106.5753426428424,27.43918831758271,0 106.5836314381801,27.44799153936856,0 106.5805999913799,27.46272846020156,0 106.591768096556,27.46062126594069,0 106.5914239921042,27.46180271498202,0 106.5935346691948,27.46320983304254,0 106.5946402619566,27.46542101856588,0 106.5945397535236,27.466225086029,0 106.5953438209867,27.46763220408945,0 106.5972534812115,27.46682813662634,0 106.5994646667351,27.4683357631197,0 106.6008717847955,27.46723017035799,0 106.6019773775572,27.46883830528399,0 106.6032376280308,27.47090093375117,0 106.6002091338026,27.48563162389171,0 
								</coordinates>
							</LinearRing>
						</outerBoundaryIs>
					</Polygon>
				</MultiGeometry>
			</Placemark>
			<Placemark id="ID_00018">
				<name>J-16</name>
				<Snippet maxLines="0"></Snippet>
				<description><![CDATA[<html xmlns:fo="http://www.w3.org/1999/XSL/Format" xmlns:msxsl="urn:schemas-microsoft-com:xslt">

<head>

<META http-equiv="Content-Type" content="text/html">

<meta http-equiv="content-type" content="text/html; charset=UTF-8">

</head>

<body style="margin:0px 0px 0px 0px;overflow:auto;background:#FFFFFF;">

<table style="font-family:Arial,Verdana,Times;font-size:12px;text-align:left;width:100%;border-collapse:collapse;padding:3px 3px 3px 3px">

<tr style="text-align:center;font-weight:bold;background:#9CBCE2">



</tr>

<tr>

<td>

<table style="font-family:Arial,Verdana,Times;font-size:12px;text-align:left;width:100%;border-spacing:0px; padding:3px 3px 3px 3px">

<tr>



</tr>

</table>

</td>

</tr>

</table>

</body>

</html>]]></description>
				<styleUrl>#PolyStyle00162</styleUrl>
				<MultiGeometry>
					<Polygon>
						<outerBoundaryIs>
							<LinearRing>
								<coordinates>
									106.058664614379,27.45557041864094,0 106.064574531741,27.45922487904139,0 106.0634704618344,27.47274021755469,0 106.0605008944991,27.47441535810264,0 106.055551615607,27.47315900269173,0 106.0538790131506,27.47319580502195,0 106.0529272287482,27.47348134034267,0 106.0521658012265,27.47367169722294,0 106.0501454802017,27.4730067171873,0 106.0479795182411,27.47116643470943,0 106.0448535589247,27.46828586655179,0 106.0444347737878,27.46683915426015,0 106.0459957002075,27.45968173555454,0 106.0492698385515,27.45903452216107,0 106.0502216229539,27.45907259353699,0 106.0517850874655,27.4586081227488,0 106.0526734195744,27.45892538421623,0 106.0547673452595,27.45981371632524,0 106.0558460342488,27.45822740898783,0 106.0566074617705,27.45721217229204,0 106.0568612709446,27.45657764935724,0 106.058664614379,27.45557041864094,0 
								</coordinates>
							</LinearRing>
						</outerBoundaryIs>
					</Polygon>
				</MultiGeometry>
			</Placemark>
			<Placemark id="ID_00019">
				<name>J-17</name>
				<Snippet maxLines="0"></Snippet>
				<description><![CDATA[<html xmlns:fo="http://www.w3.org/1999/XSL/Format" xmlns:msxsl="urn:schemas-microsoft-com:xslt">

<head>

<META http-equiv="Content-Type" content="text/html">

<meta http-equiv="content-type" content="text/html; charset=UTF-8">

</head>

<body style="margin:0px 0px 0px 0px;overflow:auto;background:#FFFFFF;">

<table style="font-family:Arial,Verdana,Times;font-size:12px;text-align:left;width:100%;border-collapse:collapse;padding:3px 3px 3px 3px">

<tr style="text-align:center;font-weight:bold;background:#9CBCE2">



</tr>

<tr>

<td>

<table style="font-family:Arial,Verdana,Times;font-size:12px;text-align:left;width:100%;border-spacing:0px; padding:3px 3px 3px 3px">

<tr>



</tr>

</table>

</td>

</tr>

</table>

</body>

</html>]]></description>
				<styleUrl>#PolyStyle0034</styleUrl>
				<MultiGeometry>
					<Polygon>
						<outerBoundaryIs>
							<LinearRing>
								<coordinates>
									106.0164012593342,27.46922185140001,0 106.0165995477513,27.47963199330042,0 106.005197963765,27.47705424387745,0 106.0018270606734,27.47189874503149,0 106.0164012593342,27.46922185140001,0 
								</coordinates>
							</LinearRing>
						</outerBoundaryIs>
					</Polygon>
				</MultiGeometry>
			</Placemark>
			<Placemark id="ID_00020">
				<name>J-18</name>
				<Snippet maxLines="0"></Snippet>
				<description><![CDATA[<html xmlns:fo="http://www.w3.org/1999/XSL/Format" xmlns:msxsl="urn:schemas-microsoft-com:xslt">

<head>

<META http-equiv="Content-Type" content="text/html">

<meta http-equiv="content-type" content="text/html; charset=UTF-8">

</head>

<body style="margin:0px 0px 0px 0px;overflow:auto;background:#FFFFFF;">

<table style="font-family:Arial,Verdana,Times;font-size:12px;text-align:left;width:100%;border-collapse:collapse;padding:3px 3px 3px 3px">

<tr style="text-align:center;font-weight:bold;background:#9CBCE2">



</tr>

<tr>

<td>

<table style="font-family:Arial,Verdana,Times;font-size:12px;text-align:left;width:100%;border-spacing:0px; padding:3px 3px 3px 3px">

<tr>



</tr>

</table>

</td>

</tr>

</table>

</body>

</html>]]></description>
				<styleUrl>#PolyStyle0030</styleUrl>
				<MultiGeometry>
					<Polygon>
						<outerBoundaryIs>
							<LinearRing>
								<coordinates>
									106.2555625159012,27.39985889173738,0 106.2560560639454,27.40857630206166,0 106.2416839210389,27.41138603730332,0 106.2408098576651,27.40176246054206,0 106.2472243320439,27.39588163850254,0 106.2555625159012,27.39985889173738,0 
								</coordinates>
							</LinearRing>
						</outerBoundaryIs>
					</Polygon>
				</MultiGeometry>
			</Placemark>
			<Placemark id="ID_00023">
				<name>J-19</name>
				<Snippet maxLines="0"></Snippet>
				<description><![CDATA[<html xmlns:fo="http://www.w3.org/1999/XSL/Format" xmlns:msxsl="urn:schemas-microsoft-com:xslt">

<head>

<META http-equiv="Content-Type" content="text/html">

<meta http-equiv="content-type" content="text/html; charset=UTF-8">

</head>

<body style="margin:0px 0px 0px 0px;overflow:auto;background:#FFFFFF;">

<table style="font-family:Arial,Verdana,Times;font-size:12px;text-align:left;width:100%;border-collapse:collapse;padding:3px 3px 3px 3px">

<tr style="text-align:center;font-weight:bold;background:#9CBCE2">



</tr>

<tr>

<td>

<table style="font-family:Arial,Verdana,Times;font-size:12px;text-align:left;width:100%;border-spacing:0px; padding:3px 3px 3px 3px">

<tr>



</tr>

</table>

</td>

</tr>

</table>

</body>

</html>]]></description>
				<styleUrl>#PolyStyle00108</styleUrl>
				<MultiGeometry>
					<Polygon>
						<outerBoundaryIs>
							<LinearRing>
								<coordinates>
									105.9326181189281,27.53520705461609,0 105.9263479389802,27.53185014232109,0 105.9205621831652,27.53571467296394,0 105.9152321905122,27.5373644325947,0 105.9079986290545,27.53419181792026,0 105.9069046333091,27.52393246851345,0 105.9340140693848,27.51553684363458,0 105.9371866840593,27.52898872985429,0 105.9326181189281,27.53520705461609,0 
								</coordinates>
							</LinearRing>
						</outerBoundaryIs>
					</Polygon>
				</MultiGeometry>
			</Placemark>
			<Placemark id="ID_00024">
				<name>J-20</name>
				<Snippet maxLines="0"></Snippet>
				<description><![CDATA[<html xmlns:fo="http://www.w3.org/1999/XSL/Format" xmlns:msxsl="urn:schemas-microsoft-com:xslt">

<head>

<META http-equiv="Content-Type" content="text/html">

<meta http-equiv="content-type" content="text/html; charset=UTF-8">

</head>

<body style="margin:0px 0px 0px 0px;overflow:auto;background:#FFFFFF;">

<table style="font-family:Arial,Verdana,Times;font-size:12px;text-align:left;width:100%;border-collapse:collapse;padding:3px 3px 3px 3px">

<tr style="text-align:center;font-weight:bold;background:#9CBCE2">



</tr>

<tr>

<td>

<table style="font-family:Arial,Verdana,Times;font-size:12px;text-align:left;width:100%;border-spacing:0px; padding:3px 3px 3px 3px">

<tr>



</tr>

</table>

</td>

</tr>

</table>

</body>

</html>]]></description>
				<styleUrl>#PolyStyle00154</styleUrl>
				<MultiGeometry>
					<Polygon>
						<outerBoundaryIs>
							<LinearRing>
								<coordinates>
									106.1443130494369,27.43026144549258,0 106.1415266116696,27.42839254711738,0 106.1405896688548,27.42047392922215,0 106.1399085781857,27.41811327557215,0 106.1428233782526,27.41798182468728,0 106.1442630966694,27.41942924973926,0 106.1469477773294,27.4153485545074,0 106.1517454423323,27.42069744059575,0 106.1544034218143,27.42366080495448,0 106.1517378272126,27.42694399159289,0 106.149426422209,27.429867812941,0 106.1443130494369,27.43026144549258,0 
								</coordinates>
							</LinearRing>
						</outerBoundaryIs>
					</Polygon>
				</MultiGeometry>
			</Placemark>
			<Placemark id="ID_00026">
				<name>J-21</name>
				<Snippet maxLines="0"></Snippet>
				<description><![CDATA[<html xmlns:fo="http://www.w3.org/1999/XSL/Format" xmlns:msxsl="urn:schemas-microsoft-com:xslt">

<head>

<META http-equiv="Content-Type" content="text/html">

<meta http-equiv="content-type" content="text/html; charset=UTF-8">

</head>

<body style="margin:0px 0px 0px 0px;overflow:auto;background:#FFFFFF;">

<table style="font-family:Arial,Verdana,Times;font-size:12px;text-align:left;width:100%;border-collapse:collapse;padding:3px 3px 3px 3px">

<tr style="text-align:center;font-weight:bold;background:#9CBCE2">



</tr>

<tr>

<td>

<table style="font-family:Arial,Verdana,Times;font-size:12px;text-align:left;width:100%;border-spacing:0px; padding:3px 3px 3px 3px">

<tr>



</tr>

</table>

</td>

</tr>

</table>

</body>

</html>]]></description>
				<styleUrl>#PolyStyle00133</styleUrl>
				<MultiGeometry>
					<Polygon>
						<outerBoundaryIs>
							<LinearRing>
								<coordinates>
									106.5069122690288,27.41995640668354,0 106.5158749054842,27.43074329657645,0 106.5137578813898,27.4320844308333,0 106.5133368137445,27.4347883802864,0 106.5067426678479,27.43652856693241,0 106.4973151096387,27.42281175989036,0 106.5069122690288,27.41995640668354,0 
								</coordinates>
							</LinearRing>
						</outerBoundaryIs>
					</Polygon>
				</MultiGeometry>
			</Placemark>
			<Placemark id="ID_00027">
				<name>J-22</name>
				<Snippet maxLines="0"></Snippet>
				<description><![CDATA[<html xmlns:fo="http://www.w3.org/1999/XSL/Format" xmlns:msxsl="urn:schemas-microsoft-com:xslt">

<head>

<META http-equiv="Content-Type" content="text/html">

<meta http-equiv="content-type" content="text/html; charset=UTF-8">

</head>

<body style="margin:0px 0px 0px 0px;overflow:auto;background:#FFFFFF;">

<table style="font-family:Arial,Verdana,Times;font-size:12px;text-align:left;width:100%;border-collapse:collapse;padding:3px 3px 3px 3px">

<tr style="text-align:center;font-weight:bold;background:#9CBCE2">



</tr>

<tr>

<td>

<table style="font-family:Arial,Verdana,Times;font-size:12px;text-align:left;width:100%;border-spacing:0px; padding:3px 3px 3px 3px">

<tr>



</tr>

</table>

</td>

</tr>

</table>

</body>

</html>]]></description>
				<styleUrl>#PolyStyle0071</styleUrl>
				<MultiGeometry>
					<Polygon>
						<outerBoundaryIs>
							<LinearRing>
								<coordinates>
									106.5419465710983,27.42659491957603,0 106.5325246960839,27.41133370586626,0 106.5456604670687,27.40616568039916,0 106.5419465710983,27.42659491957603,0 
								</coordinates>
							</LinearRing>
						</outerBoundaryIs>
					</Polygon>
				</MultiGeometry>
			</Placemark>
			<Placemark id="ID_00029">
				<name>J-23</name>
				<Snippet maxLines="0"></Snippet>
				<description><![CDATA[<html xmlns:fo="http://www.w3.org/1999/XSL/Format" xmlns:msxsl="urn:schemas-microsoft-com:xslt">

<head>

<META http-equiv="Content-Type" content="text/html">

<meta http-equiv="content-type" content="text/html; charset=UTF-8">

</head>

<body style="margin:0px 0px 0px 0px;overflow:auto;background:#FFFFFF;">

<table style="font-family:Arial,Verdana,Times;font-size:12px;text-align:left;width:100%;border-collapse:collapse;padding:3px 3px 3px 3px">

<tr style="text-align:center;font-weight:bold;background:#9CBCE2">



</tr>

<tr>

<td>

<table style="font-family:Arial,Verdana,Times;font-size:12px;text-align:left;width:100%;border-spacing:0px; padding:3px 3px 3px 3px">

<tr>


</tr>

</table>

</td>

</tr>

</table>

</body>

</html>]]></description>
				<styleUrl>#PolyStyle00139</styleUrl>
				<MultiGeometry>
					<Polygon>
						<outerBoundaryIs>
							<LinearRing>
								<coordinates>
									106.1757611078912,27.37407596713678,0 106.181075237471,27.37264829053335,0 106.1854375826483,27.38541806459801,0 106.1893240356245,27.38787684097068,0 106.1926552810327,27.3921598707812,0 106.1883722512221,27.3935082320177,0 106.1847237443466,27.39763263109455,0 106.180440714536,27.39668084669214,0 106.1786858757696,27.39310831656532,0 106.1752059003233,27.38684574120141,0 106.1716367088145,27.38486285702987,0 106.1720332856488,27.37431391323747,0 106.1757611078912,27.37407596713678,0 
								</coordinates>
							</LinearRing>
						</outerBoundaryIs>
					</Polygon>
				</MultiGeometry>
			</Placemark>
			<Placemark id="ID_00002">
				<name>Z-1</name>
				<Snippet maxLines="0"></Snippet>
				<description><![CDATA[<html xmlns:fo="http://www.w3.org/1999/XSL/Format" xmlns:msxsl="urn:schemas-microsoft-com:xslt">

<head>

<META http-equiv="Content-Type" content="text/html">

<meta http-equiv="content-type" content="text/html; charset=UTF-8">

</head>

<body style="margin:0px 0px 0px 0px;overflow:auto;background:#FFFFFF;">

<table style="font-family:Arial,Verdana,Times;font-size:12px;text-align:left;width:100%;border-collapse:collapse;padding:3px 3px 3px 3px">

<tr style="text-align:center;font-weight:bold;background:#9CBCE2">



</tr>

<tr>

<td>

<table style="font-family:Arial,Verdana,Times;font-size:12px;text-align:left;width:100%;border-spacing:0px; padding:3px 3px 3px 3px">

<tr>



</tr>

</table>

</td>

</tr>

</table>

</body>

</html>]]></description>
				<styleUrl>#PolyStyle0073</styleUrl>
				<MultiGeometry>
					<Polygon>
						<outerBoundaryIs>
							<LinearRing>
								<coordinates>
									105.9338693091151,26.72217828424673,0 105.9391993017684,26.72382804387753,0 105.9424988210296,26.72458947139946,0 105.9469588219672,26.72595477780886,0 105.9475098297099,26.73140424371442,0 105.9483506457735,26.73804945603883,0 105.9377620442975,26.74316529720125,0 105.9299938615524,26.74296496275039,0 105.9299018182667,26.72902478270857,0 105.9284226598496,26.72347525737792,0 105.9338693091151,26.72217828424673,0 
								</coordinates>
							</LinearRing>
						</outerBoundaryIs>
					</Polygon>
				</MultiGeometry>
			</Placemark>
			<Placemark id="ID_00004">
				<name>Z-2</name>
				<Snippet maxLines="0"></Snippet>
				<description><![CDATA[<html xmlns:fo="http://www.w3.org/1999/XSL/Format" xmlns:msxsl="urn:schemas-microsoft-com:xslt">

<head>

<META http-equiv="Content-Type" content="text/html">

<meta http-equiv="content-type" content="text/html; charset=UTF-8">

</head>

<body style="margin:0px 0px 0px 0px;overflow:auto;background:#FFFFFF;">

<table style="font-family:Arial,Verdana,Times;font-size:12px;text-align:left;width:100%;border-collapse:collapse;padding:3px 3px 3px 3px">

<tr style="text-align:center;font-weight:bold;background:#9CBCE2">



</tr>

<tr>

<td>

<table style="font-family:Arial,Verdana,Times;font-size:12px;text-align:left;width:100%;border-spacing:0px; padding:3px 3px 3px 3px">

<tr>



</tr>

</table>

</td>

</tr>

</table>

</body>

</html>]]></description>
				<styleUrl>#PolyStyle00114</styleUrl>
				<MultiGeometry>
					<Polygon>
						<outerBoundaryIs>
							<LinearRing>
								<coordinates>
									105.72788128135,26.74036088395241,0 105.7288246790481,26.74375787642514,0 105.7285272464222,26.7470296353082,0 105.7255529201649,26.75297828782278,0 105.7243079861669,26.75463819982047,0 105.7154164162801,26.7542512994611,0 105.6937157319069,26.75291880129771,0 105.6735379025776,26.74987309121015,0 105.6545022145309,26.73845167838227,0 105.6605259662048,26.7336898048933,0 105.6542798810644,26.72640270556299,0 105.6462865945092,26.72498344883817,0 105.6428904448225,26.71941599033564,0 105.6442373258997,26.71572070122642,0 105.6533875831873,26.71465411684665,0 105.6459124655305,26.71112480531615,0 105.6325672993863,26.69234666991702,0 105.6503143631607,26.69904780412577,0 105.6672686089332,26.70756275927387,0 105.6816436826315,26.69309025148135,0 105.70856133526,26.71331567003091,0 105.7247714133622,26.72982318075883,0 105.7298277679996,26.73398723751904,0 105.7320585126925,26.73711028008921,0 105.72788128135,26.74036088395241,0 
								</coordinates>
							</LinearRing>
						</outerBoundaryIs>
					</Polygon>
				</MultiGeometry>
			</Placemark>
			<Placemark id="ID_00021">
				<name>Z-3</name>
				<Snippet maxLines="0"></Snippet>
				<description><![CDATA[<html xmlns:fo="http://www.w3.org/1999/XSL/Format" xmlns:msxsl="urn:schemas-microsoft-com:xslt">

<head>

<META http-equiv="Content-Type" content="text/html">

<meta http-equiv="content-type" content="text/html; charset=UTF-8">

</head>

<body style="margin:0px 0px 0px 0px;overflow:auto;background:#FFFFFF;">

<table style="font-family:Arial,Verdana,Times;font-size:12px;text-align:left;width:100%;border-collapse:collapse;padding:3px 3px 3px 3px">

<tr style="text-align:center;font-weight:bold;background:#9CBCE2">



</tr>

<tr>

<td>

<table style="font-family:Arial,Verdana,Times;font-size:12px;text-align:left;width:100%;border-spacing:0px; padding:3px 3px 3px 3px">

<tr>



</tr>

</table>

</td>

</tr>

</table>

</body>

</html>]]></description>
				<styleUrl>#PolyStyle0025</styleUrl>
				<MultiGeometry>
					<Polygon>
						<outerBoundaryIs>
							<LinearRing>
								<coordinates>
									105.8431343587721,26.7797773874821,0 105.8491808335726,26.77343480197868,0 105.853074707771,26.77635134486607,0 105.8530580330892,26.77464171747781,0 105.8567065399649,26.77403892068968,0 105.8649645915779,26.7745848747983,0 105.8661556412279,26.78337339554302,0 105.8616941546176,26.78767719802132,0 105.8431343587721,26.7797773874821,0 
								</coordinates>
							</LinearRing>
						</outerBoundaryIs>
					</Polygon>
				</MultiGeometry>
			</Placemark>
			<Placemark id="ID_00025">
				<name>Z-4</name>
				<Snippet maxLines="0"></Snippet>
				<description><![CDATA[<html xmlns:fo="http://www.w3.org/1999/XSL/Format" xmlns:msxsl="urn:schemas-microsoft-com:xslt">

<head>

<META http-equiv="Content-Type" content="text/html">

<meta http-equiv="content-type" content="text/html; charset=UTF-8">

</head>

<body style="margin:0px 0px 0px 0px;overflow:auto;background:#FFFFFF;">

<table style="font-family:Arial,Verdana,Times;font-size:12px;text-align:left;width:100%;border-collapse:collapse;padding:3px 3px 3px 3px">

<tr style="text-align:center;font-weight:bold;background:#9CBCE2">



</tr>

<tr>

<td>

<table style="font-family:Arial,Verdana,Times;font-size:12px;text-align:left;width:100%;border-spacing:0px; padding:3px 3px 3px 3px">

<tr>



</tr>

</table>

</td>

</tr>

</table>

</body>

</html>]]></description>
				<styleUrl>#PolyStyle0090</styleUrl>
				<MultiGeometry>
					<Polygon>
						<outerBoundaryIs>
							<LinearRing>
								<coordinates>
									105.9774597150462,26.64374605687971,0 105.9830752430198,26.64526891192339,0 105.9863540538181,26.64789777743762,0 105.9841222058624,26.65145551053864,0 105.9822186370578,26.65031336925575,0 105.9773645366059,26.65050372613621,0 105.9743188265184,26.65469157750645,0 105.9729863283552,26.66068781924122,0 105.9570165186162,26.66633327880737,0 105.9555888420128,26.66169332984595,0 105.9606926710997,26.65892753577186,0 105.9504492062402,26.65405526001731,0 105.941811762789,26.64434705911345,0 105.9373145814881,26.63285426245526,0 105.945452338128,26.63435332288897,0 105.9432394393925,26.62685802072049,0 105.9455951057883,26.62528757645681,0 105.9483716494648,26.63293192071436,0 105.9510202768817,26.6360665348131,0 105.9623801663994,26.64612238149397,0 105.9675583327476,26.65125159729876,0 105.9707972242298,26.64821944357086,0 105.9763175737633,26.64755319448899,0 105.9748898971598,26.64393641376017,0 105.9774597150462,26.64374605687971,0 
								</coordinates>
							</LinearRing>
						</outerBoundaryIs>
					</Polygon>
				</MultiGeometry>
			</Placemark>
			<Placemark id="ID_00030">
				<name>Z-5</name>
				<Snippet maxLines="0"></Snippet>
				<description><![CDATA[<html xmlns:fo="http://www.w3.org/1999/XSL/Format" xmlns:msxsl="urn:schemas-microsoft-com:xslt">

<head>

<META http-equiv="Content-Type" content="text/html">

<meta http-equiv="content-type" content="text/html; charset=UTF-8">

</head>

<body style="margin:0px 0px 0px 0px;overflow:auto;background:#FFFFFF;">

<table style="font-family:Arial,Verdana,Times;font-size:12px;text-align:left;width:100%;border-collapse:collapse;padding:3px 3px 3px 3px">

<tr style="text-align:center;font-weight:bold;background:#9CBCE2">


</tr>

<tr>

<td>

<table style="font-family:Arial,Verdana,Times;font-size:12px;text-align:left;width:100%;border-spacing:0px; padding:3px 3px 3px 3px">

<tr>



</tr>

</table>

</td>

</tr>

</table>

</body>

</html>]]></description>
				<styleUrl>#PolyStyle000</styleUrl>
				<MultiGeometry>
					<Polygon>
						<outerBoundaryIs>
							<LinearRing>
								<coordinates>
									105.6225185176095,26.81780865908862,0 105.6213358540432,26.8192296599642,0 105.6207806464753,26.82057802120089,0 105.619749546706,26.82152980560325,0 105.6170528242328,26.82184706707071,0 105.6148319939608,26.82152980560327,0 105.6139595249253,26.82240227463862,0 105.6134836327241,26.82343337440792,0 105.6157105046202,26.82466572536199,0 105.6041454823905,26.82273626793178,0 105.6122089835826,26.80799702747588,0 105.6223813925779,26.80788827463799,0 105.6225185176095,26.81780865908862,0 
								</coordinates>
							</LinearRing>
						</outerBoundaryIs>
					</Polygon>
				</MultiGeometry>
			</Placemark>
			<Placemark id="ID_00032">
				<name>Z-6</name>
				<Snippet maxLines="0"></Snippet>
				<description><![CDATA[<html xmlns:fo="http://www.w3.org/1999/XSL/Format" xmlns:msxsl="urn:schemas-microsoft-com:xslt">

<head>

<META http-equiv="Content-Type" content="text/html">

<meta http-equiv="content-type" content="text/html; charset=UTF-8">

</head>

<body style="margin:0px 0px 0px 0px;overflow:auto;background:#FFFFFF;">

<table style="font-family:Arial,Verdana,Times;font-size:12px;text-align:left;width:100%;border-collapse:collapse;padding:3px 3px 3px 3px">

<tr style="text-align:center;font-weight:bold;background:#9CBCE2">



</tr>

<tr>

<td>

<table style="font-family:Arial,Verdana,Times;font-size:12px;text-align:left;width:100%;border-spacing:0px; padding:3px 3px 3px 3px">

<tr>



</tr>

</table>

</td>

</tr>

</table>

</body>

</html>]]></description>
				<styleUrl>#PolyStyle0094</styleUrl>
				<MultiGeometry>
					<Polygon>
						<outerBoundaryIs>
							<LinearRing>
								<coordinates>
									106.0396097829441,26.59288432141,0 106.0465102198609,26.60894568319938,0 106.0390149176925,26.62203271873142,0 106.0309360230687,26.61813151477809,0 106.0333042112786,26.60478162643914,0 106.0287832353674,26.59942783917603,0 106.0290211814681,26.59597762071752,0 106.0359216183849,26.59324124056077,0 106.0396097829441,26.59288432141,0 
								</coordinates>
							</LinearRing>
						</outerBoundaryIs>
					</Polygon>
				</MultiGeometry>
			</Placemark>
			<Placemark id="ID_00035">
				<name>Z-7</name>
				<Snippet maxLines="0"></Snippet>
				<description><![CDATA[<html xmlns:fo="http://www.w3.org/1999/XSL/Format" xmlns:msxsl="urn:schemas-microsoft-com:xslt">

<head>

<META http-equiv="Content-Type" content="text/html">

<meta http-equiv="content-type" content="text/html; charset=UTF-8">

</head>

<body style="margin:0px 0px 0px 0px;overflow:auto;background:#FFFFFF;">

<table style="font-family:Arial,Verdana,Times;font-size:12px;text-align:left;width:100%;border-collapse:collapse;padding:3px 3px 3px 3px">

<tr style="text-align:center;font-weight:bold;background:#9CBCE2">



</tr>

<tr>

<td>

<table style="font-family:Arial,Verdana,Times;font-size:12px;text-align:left;width:100%;border-spacing:0px; padding:3px 3px 3px 3px">

<tr>



</tr>

</table>

</td>

</tr>

</table>

</body>

</html>]]></description>
				<styleUrl>#PolyStyle00123</styleUrl>
				<MultiGeometry>
					<Polygon>
						<outerBoundaryIs>
							<LinearRing>
								<coordinates>
									106.030075207385,26.71034498228051,0 106.0301465912152,26.71120158824249,0 106.0311459648377,26.71248649718564,0 106.0323594899506,26.713842789959,0 106.0319311869696,26.71405694144955,0 106.0307176618565,26.71484216358147,0 106.0300038235548,26.71419970911,0 106.029646904404,26.71419970911001,0 106.0288616822721,26.71419970910998,0 106.0277909248194,26.71391417378924,0 106.0266487835365,26.7122009618651,0 106.0254352584236,26.71141573973317,0 106.0232223596883,26.71055913377102,0 106.0224371375563,26.7097739116391,0 106.0212949962734,26.70977391163912,0 106.0191772759783,26.71022600923029,0 106.0178447778149,26.70879833262666,0 106.0156556736896,26.70594297941962,0 106.0165122796518,26.70327798309323,0 106.0172737071737,26.70137441428847,0 106.019462811299,26.69937566704356,0 106.0199387035002,26.69889977484242,0 106.0199387035002,26.69671067071706,0 106.0190820975381,26.69575888631483,0 106.0170119539249,26.69346159084557,0 106.0299054599622,26.69485754130231,0 106.0308120559665,26.69901461566298,0 106.0295755205738,26.69949464009386,0 106.0287189146116,26.69956602392403,0 106.0285761469514,26.70056539754649,0 106.0262204805555,26.70013709456546,0 106.0245072686314,26.69813834732064,0 106.023507895009,26.69920910477325,0 106.0247928039521,26.70042262988627,0 106.0259349452348,26.70149338733885,0 106.0270057026875,26.70206445798016,0 106.0269343188572,26.70299244777255,0 106.0266487835365,26.70356351841376,0 106.0240075818202,26.70192169031985,0 106.0247214201219,26.70356351841376,0 106.026434632046,26.70420597288546,0 106.0240789656502,26.70442012437598,0 106.0243645009709,26.70556226565885,0 106.0248641877822,26.70641887162084,0 106.0252924907633,26.70734686141322,0 106.0261490967253,26.70841761886572,0 106.027648157159,26.70870315418639,0 106.030075207385,26.71034498228051,0 
								</coordinates>
							</LinearRing>
						</outerBoundaryIs>
					</Polygon>
				</MultiGeometry>
			</Placemark>
			<Placemark id="ID_00036">
				<name>Z-8</name>
				<Snippet maxLines="0"></Snippet>
				<description><![CDATA[<html xmlns:fo="http://www.w3.org/1999/XSL/Format" xmlns:msxsl="urn:schemas-microsoft-com:xslt">

<head>

<META http-equiv="Content-Type" content="text/html">

<meta http-equiv="content-type" content="text/html; charset=UTF-8">

</head>

<body style="margin:0px 0px 0px 0px;overflow:auto;background:#FFFFFF;">

<table style="font-family:Arial,Verdana,Times;font-size:12px;text-align:left;width:100%;border-collapse:collapse;padding:3px 3px 3px 3px">

<tr style="text-align:center;font-weight:bold;background:#9CBCE2">



</tr>

<tr>

<td>

<table style="font-family:Arial,Verdana,Times;font-size:12px;text-align:left;width:100%;border-spacing:0px; padding:3px 3px 3px 3px">

<tr>



</tr>

</table>

</td>

</tr>

</table>

</body>

</html>]]></description>
				<styleUrl>#PolyStyle009</styleUrl>
				<MultiGeometry>
					<Polygon>
						<outerBoundaryIs>
							<LinearRing>
								<coordinates>
									106.1266901242208,26.62963846754814,0 106.116981923317,26.6254506161777,0 106.1163156742353,26.61783634095923,0 106.1313538677922,26.61564723683387,0 106.1416322649329,26.62189035670135,0 106.1350332264103,26.62366702091901,0 106.1360484631059,26.63051986861581,0 106.1266901242208,26.62963846754814,0 
								</coordinates>
							</LinearRing>
						</outerBoundaryIs>
					</Polygon>
				</MultiGeometry>
			</Placemark>
			<Placemark id="ID_00037">
				<name>Z-9</name>
				<Snippet maxLines="0"></Snippet>
				<description><![CDATA[<html xmlns:fo="http://www.w3.org/1999/XSL/Format" xmlns:msxsl="urn:schemas-microsoft-com:xslt">

<head>

<META http-equiv="Content-Type" content="text/html">

<meta http-equiv="content-type" content="text/html; charset=UTF-8">

</head>

<body style="margin:0px 0px 0px 0px;overflow:auto;background:#FFFFFF;">

<table style="font-family:Arial,Verdana,Times;font-size:12px;text-align:left;width:100%;border-collapse:collapse;padding:3px 3px 3px 3px">

<tr style="text-align:center;font-weight:bold;background:#9CBCE2">



</tr>

<tr>

<td>

<table style="font-family:Arial,Verdana,Times;font-size:12px;text-align:left;width:100%;border-spacing:0px; padding:3px 3px 3px 3px">

<tr>



</tr>

</table>

</td>

</tr>

</table>

</body>

</html>]]></description>
				<styleUrl>#PolyStyle0077</styleUrl>
				<MultiGeometry>
					<Polygon>
						<outerBoundaryIs>
							<LinearRing>
								<coordinates>
									105.8900541286519,26.76090897198958,0 105.88724088652,26.76569471722525,0 105.8785161961653,26.7700570624026,0 105.8740984468715,26.76408216583268,0 105.8690974963506,26.7670827361453,0 105.8566053260699,26.76926390873399,0 105.8608685270388,26.75865547841632,0 105.864536862756,26.74993078806159,0 105.8700107033092,26.75101398294184,0 105.8709812363135,26.74695646180431,0 105.8711795247307,26.74051208824689,0 105.8807948186424,26.74682751471467,0 105.8833708267262,26.74537028548598,0 105.8838514751025,26.74671794669705,0 105.884422545744,26.74824080174074,0 105.8850887948257,26.75042990586611,0 105.8842321888635,26.75090579806733,0 105.881567192537,26.75147686870873,0 105.8790925530909,26.75223829623046,0 105.876713092085,26.75385632971456,0 105.8754757723621,26.75547436319846,0 105.8797588021726,26.75614061228015,0 105.8817575494174,26.75718757512265,0 105.883300233303,26.75488346371536,0 105.8850848290574,26.75440757151418,0 105.8878212092141,26.75535935591654,0 105.8884200402339,26.75956703612849,0 105.8900541286519,26.76090897198958,0 
								</coordinates>
							</LinearRing>
						</outerBoundaryIs>
					</Polygon>
				</MultiGeometry>
			</Placemark>
			<Placemark id="ID_00044">
				<name>Z-10</name>
				<Snippet maxLines="0"></Snippet>
				<description><![CDATA[<html xmlns:fo="http://www.w3.org/1999/XSL/Format" xmlns:msxsl="urn:schemas-microsoft-com:xslt">

<head>

<META http-equiv="Content-Type" content="text/html">

<meta http-equiv="content-type" content="text/html; charset=UTF-8">

</head>

<body style="margin:0px 0px 0px 0px;overflow:auto;background:#FFFFFF;">

<table style="font-family:Arial,Verdana,Times;font-size:12px;text-align:left;width:100%;border-collapse:collapse;padding:3px 3px 3px 3px">

<tr style="text-align:center;font-weight:bold;background:#9CBCE2">



</tr>

<tr>

<td>

<table style="font-family:Arial,Verdana,Times;font-size:12px;text-align:left;width:100%;border-spacing:0px; padding:3px 3px 3px 3px">

<tr>



</tr>

</table>

</td>

</tr>

</table>

</body>

</html>]]></description>
				<styleUrl>#PolyStyle00180</styleUrl>
				<MultiGeometry>
					<Polygon>
						<outerBoundaryIs>
							<LinearRing>
								<coordinates>
									106.0397271194924,26.75756569347615,0 106.0524260486627,26.76422650420166,0 106.0604283951335,26.77800677061982,0 106.0120116048665,26.76544018310304,0 106.0357532800149,26.75207122938018,0 106.0397271194924,26.75756569347615,0 
								</coordinates>
							</LinearRing>
						</outerBoundaryIs>
					</Polygon>
				</MultiGeometry>
			</Placemark>
			<Placemark id="ID_00048">
				<name>Z-11</name>
				<Snippet maxLines="0"></Snippet>
				<description><![CDATA[<html xmlns:fo="http://www.w3.org/1999/XSL/Format" xmlns:msxsl="urn:schemas-microsoft-com:xslt">

<head>

<META http-equiv="Content-Type" content="text/html">

<meta http-equiv="content-type" content="text/html; charset=UTF-8">

</head>

<body style="margin:0px 0px 0px 0px;overflow:auto;background:#FFFFFF;">

<table style="font-family:Arial,Verdana,Times;font-size:12px;text-align:left;width:100%;border-collapse:collapse;padding:3px 3px 3px 3px">

<tr style="text-align:center;font-weight:bold;background:#9CBCE2">



</tr>

<tr>

<td>

<table style="font-family:Arial,Verdana,Times;font-size:12px;text-align:left;width:100%;border-spacing:0px; padding:3px 3px 3px 3px">

<tr>



</tr>

</table>

</td>

</tr>

</table>

</body>

</html>]]></description>
				<styleUrl>#PolyStyle0031</styleUrl>
				<MultiGeometry>
					<Polygon>
						<outerBoundaryIs>
							<LinearRing>
								<coordinates>
									105.8772147655393,26.69192144257351,0 105.8733939268238,26.69797452768404,0 105.8663812279866,26.69525137314536,0 105.8716106023466,26.70079972279052,0 105.8668335159345,26.70836772363694,0 105.8526618268976,26.70821696098763,0 105.8504003871576,26.70007577792379,0 105.8487294930533,26.68298867374296,0 105.848374832976,26.6752447863217,0 105.8515055308934,26.67158708975646,0 105.859134453614,26.67216755126789,0 105.859747671416,26.6580129987609,0 105.8788693324605,26.67366911813678,0 105.8839256870982,26.68546727895716,0 105.8876931670239,26.69716629556916,0 105.8819428029267,26.70033891024359,0 105.8772830251232,26.69667057452647,0 105.8772147655393,26.69192144257351,0 
								</coordinates>
							</LinearRing>
						</outerBoundaryIs>
					</Polygon>
				</MultiGeometry>
			</Placemark>
			<Placemark id="ID_00056">
				<name>Z-12</name>
				<Snippet maxLines="0"></Snippet>
				<description><![CDATA[<html xmlns:fo="http://www.w3.org/1999/XSL/Format" xmlns:msxsl="urn:schemas-microsoft-com:xslt">

<head>

<META http-equiv="Content-Type" content="text/html">

<meta http-equiv="content-type" content="text/html; charset=UTF-8">

</head>

<body style="margin:0px 0px 0px 0px;overflow:auto;background:#FFFFFF;">

<table style="font-family:Arial,Verdana,Times;font-size:12px;text-align:left;width:100%;border-collapse:collapse;padding:3px 3px 3px 3px">

<tr style="text-align:center;font-weight:bold;background:#9CBCE2">



</tr>

<tr>

<td>

<table style="font-family:Arial,Verdana,Times;font-size:12px;text-align:left;width:100%;border-spacing:0px; padding:3px 3px 3px 3px">

<tr>



</tr>

</table>

</td>

</tr>

</table>

</body>

</html>]]></description>
				<styleUrl>#PolyStyle00</styleUrl>
				<MultiGeometry>
					<Polygon>
						<outerBoundaryIs>
							<LinearRing>
								<coordinates>
									105.9765932927735,26.68154422131918,0 105.9678368762719,26.67326369701904,0 105.9682651792531,26.66978968395052,0 105.969502498976,26.66707709840374,0 105.9739282964469,26.66541147569964,0 105.9754035622706,26.67107459289366,0 105.9784016831379,26.6757383364651,0 105.9778419327152,26.67753542992739,0 105.9826371237281,26.68035449081627,0 105.9820184638667,26.68197252430038,0 105.9765932927735,26.68154422131918,0 
								</coordinates>
							</LinearRing>
						</outerBoundaryIs>
					</Polygon>
				</MultiGeometry>
			</Placemark>
			<Placemark id="ID_00061">
				<name>Z-13</name>
				<Snippet maxLines="0"></Snippet>
				<description><![CDATA[<html xmlns:fo="http://www.w3.org/1999/XSL/Format" xmlns:msxsl="urn:schemas-microsoft-com:xslt">

<head>

<META http-equiv="Content-Type" content="text/html">

<meta http-equiv="content-type" content="text/html; charset=UTF-8">

</head>

<body style="margin:0px 0px 0px 0px;overflow:auto;background:#FFFFFF;">

<table style="font-family:Arial,Verdana,Times;font-size:12px;text-align:left;width:100%;border-collapse:collapse;padding:3px 3px 3px 3px">

<tr style="text-align:center;font-weight:bold;background:#9CBCE2">



</tr>

<tr>

<td>

<table style="font-family:Arial,Verdana,Times;font-size:12px;text-align:left;width:100%;border-spacing:0px; padding:3px 3px 3px 3px">

<tr>



</tr>

</table>

</td>

</tr>

</table>

</body>

</html>]]></description>
				<styleUrl>#PolyStyle0054</styleUrl>
				<MultiGeometry>
					<Polygon>
						<outerBoundaryIs>
							<LinearRing>
								<coordinates>
									105.9043148397528,26.76994148611396,0 105.9045051966333,26.77707986913145,0 105.9009835943446,26.77660397693023,0 105.8940355682075,26.77470040812561,0 105.8926501385208,26.7657254296077,0 105.8914978121935,26.7629908914598,0 105.8932741406856,26.7583297164055,0 105.8991752039802,26.76318381685741,0 105.900327875756,26.76900698790217,0 105.9043148397528,26.76994148611396,0 
								</coordinates>
							</LinearRing>
						</outerBoundaryIs>
					</Polygon>
				</MultiGeometry>
			</Placemark>
			<Placemark id="ID_00062">
				<name>Z-14</name>
				<Snippet maxLines="0"></Snippet>
				<description><![CDATA[<html xmlns:fo="http://www.w3.org/1999/XSL/Format" xmlns:msxsl="urn:schemas-microsoft-com:xslt">

<head>

<META http-equiv="Content-Type" content="text/html">

<meta http-equiv="content-type" content="text/html; charset=UTF-8">

</head>

<body style="margin:0px 0px 0px 0px;overflow:auto;background:#FFFFFF;">

<table style="font-family:Arial,Verdana,Times;font-size:12px;text-align:left;width:100%;border-collapse:collapse;padding:3px 3px 3px 3px">

<tr style="text-align:center;font-weight:bold;background:#9CBCE2">



</tr>

<tr>

<td>

<table style="font-family:Arial,Verdana,Times;font-size:12px;text-align:left;width:100%;border-spacing:0px; padding:3px 3px 3px 3px">

<tr>



</tr>

</table>

</td>

</tr>

</table>

</body>

</html>]]></description>
				<styleUrl>#PolyStyle00179</styleUrl>
				<MultiGeometry>
					<Polygon>
						<outerBoundaryIs>
							<LinearRing>
								<coordinates>
									105.9255907704875,26.66947744060462,0 105.9257571812502,26.68743742938895,0 105.9013798097718,26.67274124354788,0 105.8941215554631,26.66796333361673,0 105.8779899519848,26.65605308431969,0 105.8802513917248,26.63630317725756,0 105.9052167048991,26.65166257061101,0 105.9122130733828,26.65635460961831,0 105.9154027092754,26.66057057770029,0 105.9220126455891,26.6637419794355,0 105.9255907704875,26.66947744060462,0 
								</coordinates>
							</LinearRing>
						</outerBoundaryIs>
					</Polygon>
				</MultiGeometry>
			</Placemark>
			<Placemark id="ID_00064">
				<name>Z-15</name>
				<Snippet maxLines="0"></Snippet>
				<description><![CDATA[<html xmlns:fo="http://www.w3.org/1999/XSL/Format" xmlns:msxsl="urn:schemas-microsoft-com:xslt">

<head>

<META http-equiv="Content-Type" content="text/html">

<meta http-equiv="content-type" content="text/html; charset=UTF-8">

</head>

<body style="margin:0px 0px 0px 0px;overflow:auto;background:#FFFFFF;">

<table style="font-family:Arial,Verdana,Times;font-size:12px;text-align:left;width:100%;border-collapse:collapse;padding:3px 3px 3px 3px">

<tr style="text-align:center;font-weight:bold;background:#9CBCE2">



</tr>

<tr>

<td>

<table style="font-family:Arial,Verdana,Times;font-size:12px;text-align:left;width:100%;border-spacing:0px; padding:3px 3px 3px 3px">

<tr>



</tr>

</table>

</td>

</tr>

</table>

</body>

</html>]]></description>
				<styleUrl>#PolyStyle00107</styleUrl>
				<MultiGeometry>
					<Polygon>
						<outerBoundaryIs>
							<LinearRing>
								<coordinates>
									105.9998481794503,26.69555952936107,0 105.9927778161322,26.68929282173232,0 105.9855852936046,26.68237731538882,0 105.9873698893589,26.68029528700872,0 106.007414865449,26.6928469438145,0 105.9998481794503,26.69555952936107,0 
								</coordinates>
							</LinearRing>
						</outerBoundaryIs>
					</Polygon>
				</MultiGeometry>
			</Placemark>
			<Placemark id="ID_00022">
				<name>Q-1</name>
				<Snippet maxLines="0"></Snippet>
				<description><![CDATA[<html xmlns:fo="http://www.w3.org/1999/XSL/Format" xmlns:msxsl="urn:schemas-microsoft-com:xslt">

<head>

<META http-equiv="Content-Type" content="text/html">

<meta http-equiv="content-type" content="text/html; charset=UTF-8">

</head>

<body style="margin:0px 0px 0px 0px;overflow:auto;background:#FFFFFF;">

<table style="font-family:Arial,Verdana,Times;font-size:12px;text-align:left;width:100%;border-collapse:collapse;padding:3px 3px 3px 3px">

<tr style="text-align:center;font-weight:bold;background:#9CBCE2">



</tr>

<tr>

<td>

<table style="font-family:Arial,Verdana,Times;font-size:12px;text-align:left;width:100%;border-spacing:0px; padding:3px 3px 3px 3px">

<tr>


</tr>

</table>

</td>

</tr>

</table>

</body>

</html>]]></description>
				<styleUrl>#PolyStyle00119</styleUrl>
				<MultiGeometry>
					<Polygon>
						<outerBoundaryIs>
							<LinearRing>
								<coordinates>
									106.2351198085786,27.32839359202704,0 106.2287667068723,27.32197355228335,0 106.2280470897571,27.31499494199225,0 106.2360352670457,27.31001551380138,0 106.2424138918426,27.32045842847041,0 106.2351198085786,27.32839359202704,0 
								</coordinates>
							</LinearRing>
						</outerBoundaryIs>
					</Polygon>
				</MultiGeometry>
			</Placemark>
			<Placemark id="ID_00034">
				<name>Q-2</name>
				<Snippet maxLines="0"></Snippet>
				<description><![CDATA[<html xmlns:fo="http://www.w3.org/1999/XSL/Format" xmlns:msxsl="urn:schemas-microsoft-com:xslt">

<head>

<META http-equiv="Content-Type" content="text/html">

<meta http-equiv="content-type" content="text/html; charset=UTF-8">

</head>

<body style="margin:0px 0px 0px 0px;overflow:auto;background:#FFFFFF;">

<table style="font-family:Arial,Verdana,Times;font-size:12px;text-align:left;width:100%;border-collapse:collapse;padding:3px 3px 3px 3px">

<tr style="text-align:center;font-weight:bold;background:#9CBCE2">



</tr>

<tr>

<td>

<table style="font-family:Arial,Verdana,Times;font-size:12px;text-align:left;width:100%;border-spacing:0px; padding:3px 3px 3px 3px">

<tr>



</tr>

</table>

</td>

</tr>

</table>

</body>

</html>]]></description>
				<styleUrl>#PolyStyle00175</styleUrl>
				<MultiGeometry>
					<Polygon>
						<outerBoundaryIs>
							<LinearRing>
								<coordinates>
									106.294988167811,27.27116889462624,0 106.2945630944707,27.26555882622159,0 106.2951579597222,27.25574354957258,0 106.3009401361047,27.25809352500068,0 106.3012850718122,27.26252501343909,0 106.3050922094217,27.25877736235487,0 106.3135392959923,27.25836095667887,0 106.3153266072941,27.27094684824234,0 106.3094347257572,27.29030522068213,0 106.2955148788731,27.29131649160973,0 106.2951130517811,27.28013548598435,0 106.294988167811,27.27116889462624,0 
								</coordinates>
							</LinearRing>
						</outerBoundaryIs>
					</Polygon>
				</MultiGeometry>
			</Placemark>
			<Placemark id="ID_00039">
				<name>Q-3</name>
				<Snippet maxLines="0"></Snippet>
				<description><![CDATA[<html xmlns:fo="http://www.w3.org/1999/XSL/Format" xmlns:msxsl="urn:schemas-microsoft-com:xslt">

<head>

<META http-equiv="Content-Type" content="text/html">

<meta http-equiv="content-type" content="text/html; charset=UTF-8">

</head>

<body style="margin:0px 0px 0px 0px;overflow:auto;background:#FFFFFF;">

<table style="font-family:Arial,Verdana,Times;font-size:12px;text-align:left;width:100%;border-collapse:collapse;padding:3px 3px 3px 3px">

<tr style="text-align:center;font-weight:bold;background:#9CBCE2">



</tr>

<tr>

<td>

<table style="font-family:Arial,Verdana,Times;font-size:12px;text-align:left;width:100%;border-spacing:0px; padding:3px 3px 3px 3px">

<tr>



</tr>

</table>

</td>

</tr>

</table>

</body>

</html>]]></description>
				<styleUrl>#PolyStyle0069</styleUrl>
				<MultiGeometry>
					<Polygon>
						<outerBoundaryIs>
							<LinearRing>
								<coordinates>
									106.2741021246433,27.26877852183855,0 106.2611197442713,27.26405251634725,0 106.2671808774656,27.24957242051005,0 106.2721301563577,27.2526181305974,0 106.2796838137421,27.26294581437543,0 106.2883739434907,27.25642526820676,0 106.2921810811002,27.26771977644782,0 106.287231802208,27.27101929570921,0 106.2797444315763,27.27228834157898,0 106.2741021246433,27.26877852183855,0 
								</coordinates>
							</LinearRing>
						</outerBoundaryIs>
					</Polygon>
				</MultiGeometry>
			</Placemark>
			<Placemark id="ID_00042">
				<name>Q-4</name>
				<Snippet maxLines="0"></Snippet>
				<description><![CDATA[<html xmlns:fo="http://www.w3.org/1999/XSL/Format" xmlns:msxsl="urn:schemas-microsoft-com:xslt">

<head>

<META http-equiv="Content-Type" content="text/html">

<meta http-equiv="content-type" content="text/html; charset=UTF-8">

</head>

<body style="margin:0px 0px 0px 0px;overflow:auto;background:#FFFFFF;">

<table style="font-family:Arial,Verdana,Times;font-size:12px;text-align:left;width:100%;border-collapse:collapse;padding:3px 3px 3px 3px">

<tr style="text-align:center;font-weight:bold;background:#9CBCE2">



</tr>

<tr>

<td>

<table style="font-family:Arial,Verdana,Times;font-size:12px;text-align:left;width:100%;border-spacing:0px; padding:3px 3px 3px 3px">

<tr>



</tr>

</table>

</td>

</tr>

</table>

</body>

</html>]]></description>
				<styleUrl>#PolyStyle00166</styleUrl>
				<MultiGeometry>
					<Polygon>
						<outerBoundaryIs>
							<LinearRing>
								<coordinates>
									106.2362930087269,27.23909821227278,0 106.2261126175249,27.24371683800029,0 106.2201273304175,27.24184414225698,0 106.2131338001791,27.24303207535871,0 106.2020931011121,27.24430112122834,0 106.1871183598487,27.2443011212283,0 106.1995550093725,27.22805733409535,0 106.2117169604973,27.22967196894928,0 106.2166767249499,27.22672232354116,0 106.2161795102666,27.22348876896416,0 106.2234130717243,27.21739734878918,0 106.2328294075392,27.21926157997778,0 106.2484132753589,27.22120448639839,0 106.2362930087269,27.23909821227278,0 
								</coordinates>
							</LinearRing>
						</outerBoundaryIs>
					</Polygon>
				</MultiGeometry>
			</Placemark>
			<Placemark id="ID_00009">
				<name>N-1</name>
				<Snippet maxLines="0"></Snippet>
				<description><![CDATA[<html xmlns:fo="http://www.w3.org/1999/XSL/Format" xmlns:msxsl="urn:schemas-microsoft-com:xslt">

<head>

<META http-equiv="Content-Type" content="text/html">

<meta http-equiv="content-type" content="text/html; charset=UTF-8">

</head>

<body style="margin:0px 0px 0px 0px;overflow:auto;background:#FFFFFF;">

<table style="font-family:Arial,Verdana,Times;font-size:12px;text-align:left;width:100%;border-collapse:collapse;padding:3px 3px 3px 3px">

<tr style="text-align:center;font-weight:bold;background:#9CBCE2">



</tr>

<tr>

<td>

<table style="font-family:Arial,Verdana,Times;font-size:12px;text-align:left;width:100%;border-spacing:0px; padding:3px 3px 3px 3px">

<tr>



</tr>

</table>

</td>

</tr>

</table>

</body>

</html>]]></description>
				<styleUrl>#PolyStyle0082</styleUrl>
				<MultiGeometry>
					<Polygon>
						<outerBoundaryIs>
							<LinearRing>
								<coordinates>
									105.3090009356124,26.88519264873435,0 105.309219234891,26.88875820361927,0 105.3121339794448,26.89498972645819,0 105.3095569622662,26.90910363168954,0 105.3033550639648,26.90583026876482,0 105.2988668663037,26.90393497698495,0 105.2900453820184,26.89661146140896,0 105.281717268498,26.8944699465038,0 105.2831449451014,26.88816437483829,0 105.2875469479623,26.88328647977637,0 105.2958064345447,26.88240182495958,0 105.3009723618851,26.88537343839973,0 105.3017261751318,26.88627801429567,0 105.3041383775211,26.88627801429566,0 105.3073043931569,26.88522267575042,0 105.3090009356124,26.88519264873435,0 
								</coordinates>
							</LinearRing>
						</outerBoundaryIs>
					</Polygon>
				</MultiGeometry>
			</Placemark>
			<Placemark id="ID_00046">
				<name>N-2</name>
				<Snippet maxLines="0"></Snippet>
				<description><![CDATA[<html xmlns:fo="http://www.w3.org/1999/XSL/Format" xmlns:msxsl="urn:schemas-microsoft-com:xslt">

<head>

<META http-equiv="Content-Type" content="text/html">

<meta http-equiv="content-type" content="text/html; charset=UTF-8">

</head>

<body style="margin:0px 0px 0px 0px;overflow:auto;background:#FFFFFF;">

<table style="font-family:Arial,Verdana,Times;font-size:12px;text-align:left;width:100%;border-collapse:collapse;padding:3px 3px 3px 3px">

<tr style="text-align:center;font-weight:bold;background:#9CBCE2">



</tr>

<tr>

<td>

<table style="font-family:Arial,Verdana,Times;font-size:12px;text-align:left;width:100%;border-spacing:0px; padding:3px 3px 3px 3px">

<tr>



</tr>

</table>

</td>

</tr>

</table>

</body>

</html>]]></description>
				<styleUrl>#PolyStyle0038</styleUrl>
				<MultiGeometry>
					<Polygon>
						<outerBoundaryIs>
							<LinearRing>
								<coordinates>
									105.2595680169112,26.94059169663684,0 105.2583967142633,26.93618959891527,0 105.2584601665566,26.92730627782697,0 105.2567469546325,26.92457782920683,0 105.2590312371981,26.92387985397851,0 105.2617150870979,26.91731143541904,0 105.2642977775577,26.91905747967325,0 105.2651861096665,26.92426056773963,0 105.2689932472759,26.92800425305532,0 105.2693739610369,26.93143067690383,0 105.2765652428311,26.94017425362283,0 105.2738883491996,26.94195884937722,0 105.2662977635068,26.94252739599375,0 105.262774922514,26.94304244661207,0 105.2603002830679,26.94380387413401,0 105.2581429050892,26.94221756679678,0 105.2595680169112,26.94059169663684,0 
								</coordinates>
							</LinearRing>
						</outerBoundaryIs>
					</Polygon>
				</MultiGeometry>
			</Placemark>
			<Placemark id="ID_00054">
				<name>N-3</name>
				<Snippet maxLines="0"></Snippet>
				<description><![CDATA[<html xmlns:fo="http://www.w3.org/1999/XSL/Format" xmlns:msxsl="urn:schemas-microsoft-com:xslt">

<head>

<META http-equiv="Content-Type" content="text/html">

<meta http-equiv="content-type" content="text/html; charset=UTF-8">

</head>

<body style="margin:0px 0px 0px 0px;overflow:auto;background:#FFFFFF;">

<table style="font-family:Arial,Verdana,Times;font-size:12px;text-align:left;width:100%;border-collapse:collapse;padding:3px 3px 3px 3px">

<tr style="text-align:center;font-weight:bold;background:#9CBCE2">



</tr>

<tr>

<td>

<table style="font-family:Arial,Verdana,Times;font-size:12px;text-align:left;width:100%;border-spacing:0px; padding:3px 3px 3px 3px">

<tr>



</tr>

</table>

</td>

</tr>

</table>

</body>

</html>]]></description>
				<styleUrl>#PolyStyle00131</styleUrl>
				<MultiGeometry>
					<Polygon>
						<outerBoundaryIs>
							<LinearRing>
								<coordinates>
									105.2765640557585,26.83212875618625,0 105.2791351149141,26.84220922030534,0 105.2679330512482,26.84467394902139,0 105.2607656759491,26.84430314599039,0 105.2620981741123,26.835546729489,0 105.2694269140103,26.82707584830838,0 105.2780881520716,26.82821798959105,0 105.2765640557585,26.83212875618625,0 
								</coordinates>
							</LinearRing>
						</outerBoundaryIs>
					</Polygon>
				</MultiGeometry>
			</Placemark>
			<Placemark id="ID_00055">
				<name>N-4</name>
				<Snippet maxLines="0"></Snippet>
				<description><![CDATA[<html xmlns:fo="http://www.w3.org/1999/XSL/Format" xmlns:msxsl="urn:schemas-microsoft-com:xslt">

<head>

<META http-equiv="Content-Type" content="text/html">

<meta http-equiv="content-type" content="text/html; charset=UTF-8">

</head>

<body style="margin:0px 0px 0px 0px;overflow:auto;background:#FFFFFF;">

<table style="font-family:Arial,Verdana,Times;font-size:12px;text-align:left;width:100%;border-collapse:collapse;padding:3px 3px 3px 3px">

<tr style="text-align:center;font-weight:bold;background:#9CBCE2">



</tr>

<tr>

<td>

<table style="font-family:Arial,Verdana,Times;font-size:12px;text-align:left;width:100%;border-spacing:0px; padding:3px 3px 3px 3px">

<tr>


</tr>

</table>

</td>

</tr>

</table>

</body>

</html>]]></description>
				<styleUrl>#PolyStyle0086</styleUrl>
				<MultiGeometry>
					<Polygon>
						<outerBoundaryIs>
							<LinearRing>
								<coordinates>
									105.1764730757932,26.80913759754051,0 105.1848279311546,26.80985453048982,0 105.1880897032696,26.81150063514878,0 105.1909039393904,26.81220419417906,0 105.1935171586454,26.8147169050012,0 105.1964319031992,26.81582249776309,0 105.198341563424,26.81642554836023,0 105.2008027466959,26.81913916452684,0 105.200805170403,26.82020367290435,0 105.1729935703212,26.82564054363786,0 105.1553190594069,26.82440537528606,0 105.1429000879036,26.82530725368349,0 105.136528877199,26.8244662229911,0 105.1344182001083,26.82366215552817,0 105.1326090483163,26.82255656276629,0 105.1307583262382,26.82017317653213,0 105.1424958740901,26.80622200243192,0 105.1518701189094,26.80873259229769,0 105.1544716629426,26.81006509046085,0 105.1563117794536,26.81076306568923,0 105.1584057051388,26.81095342256976,0 105.1604361785305,26.81057270880894,0 105.1631011748571,26.81012854275445,0 105.1679235491621,26.81057270880893,0 105.1703981886082,26.81082651798278,0 105.1723652097064,26.81076306568923,0 105.1740149693371,26.81019199504801,0 105.1764730757932,26.80913759754051,0 
								</coordinates>
							</LinearRing>
						</outerBoundaryIs>
					</Polygon>
				</MultiGeometry>
			</Placemark>
			<Placemark id="ID_00057">
				<name>N-5</name>
				<Snippet maxLines="0"></Snippet>
				<description><![CDATA[<html xmlns:fo="http://www.w3.org/1999/XSL/Format" xmlns:msxsl="urn:schemas-microsoft-com:xslt">

<head>

<META http-equiv="Content-Type" content="text/html">

<meta http-equiv="content-type" content="text/html; charset=UTF-8">

</head>

<body style="margin:0px 0px 0px 0px;overflow:auto;background:#FFFFFF;">

<table style="font-family:Arial,Verdana,Times;font-size:12px;text-align:left;width:100%;border-collapse:collapse;padding:3px 3px 3px 3px">

<tr style="text-align:center;font-weight:bold;background:#9CBCE2">



</tr>

<tr>

<td>

<table style="font-family:Arial,Verdana,Times;font-size:12px;text-align:left;width:100%;border-spacing:0px; padding:3px 3px 3px 3px">

<tr>



</tr>

</table>

</td>

</tr>

</table>

</body>

</html>]]></description>
				<styleUrl>#PolyStyle00170</styleUrl>
				<MultiGeometry>
					<Polygon>
						<outerBoundaryIs>
							<LinearRing>
								<coordinates>
									105.3014164778508,26.82015722279314,0 105.3186514177513,26.82137560390851,0 105.317244299691,26.83152695563002,0 105.2856019029441,26.82968882613536,0 105.2796777500447,26.82733580474035,0 105.2741261819827,26.82589848338829,0 105.2737241482512,26.82308424726756,0 105.2742266904158,26.82087306174396,0 105.276538384372,26.81896340151919,0 105.2800553531013,26.81754975928408,0 105.2862069066226,26.81830065379546,0 105.2891325104081,26.8204843986815,0 105.2921068366654,26.82107926393298,0 105.2937427161069,26.82122798024585,0 105.2952298792355,26.82286385968736,0 105.292552985604,26.82449973912892,0 105.2940401487326,26.82509460438035,0 105.2974606239285,26.82524332069317,0 105.29909650337,26.82420230650315,0 105.3010298154373,26.82226899443592,0 105.3014164778508,26.82015722279314,0 
								</coordinates>
							</LinearRing>
						</outerBoundaryIs>
					</Polygon>
				</MultiGeometry>
			</Placemark>
			<Placemark id="ID_00058">
				<name>N-6</name>
				<Snippet maxLines="0"></Snippet>
				<description><![CDATA[<html xmlns:fo="http://www.w3.org/1999/XSL/Format" xmlns:msxsl="urn:schemas-microsoft-com:xslt">

<head>

<META http-equiv="Content-Type" content="text/html">

<meta http-equiv="content-type" content="text/html; charset=UTF-8">

</head>

<body style="margin:0px 0px 0px 0px;overflow:auto;background:#FFFFFF;">

<table style="font-family:Arial,Verdana,Times;font-size:12px;text-align:left;width:100%;border-collapse:collapse;padding:3px 3px 3px 3px">

<tr style="text-align:center;font-weight:bold;background:#9CBCE2">



</tr>

<tr>

<td>

<table style="font-family:Arial,Verdana,Times;font-size:12px;text-align:left;width:100%;border-spacing:0px; padding:3px 3px 3px 3px">

<tr>



</tr>

</table>

</td>

</tr>

</table>

</body>

</html>]]></description>
				<styleUrl>#PolyStyle0019</styleUrl>
				<MultiGeometry>
					<Polygon>
						<outerBoundaryIs>
							<LinearRing>
								<coordinates>
									105.4629091851318,26.85693068593248,0 105.4673315561788,26.8643683099661,0 105.4516522406484,26.86949424004328,0 105.4473979019553,26.86569567231698,0 105.4409983467625,26.86225763287541,0 105.4389881781049,26.85451848354316,0 105.4431340874645,26.85133923179459,0 105.4517527490814,26.8523072980196,0 105.4629091851318,26.85693068593248,0 
								</coordinates>
							</LinearRing>
						</outerBoundaryIs>
					</Polygon>
				</MultiGeometry>
			</Placemark>
			<Placemark id="ID_00059">
				<name>N-7</name>
				<Snippet maxLines="0"></Snippet>
				<description><![CDATA[<html xmlns:fo="http://www.w3.org/1999/XSL/Format" xmlns:msxsl="urn:schemas-microsoft-com:xslt">

<head>

<META http-equiv="Content-Type" content="text/html">

<meta http-equiv="content-type" content="text/html; charset=UTF-8">

</head>

<body style="margin:0px 0px 0px 0px;overflow:auto;background:#FFFFFF;">

<table style="font-family:Arial,Verdana,Times;font-size:12px;text-align:left;width:100%;border-collapse:collapse;padding:3px 3px 3px 3px">

<tr style="text-align:center;font-weight:bold;background:#9CBCE2">



</tr>

<tr>

<td>

<table style="font-family:Arial,Verdana,Times;font-size:12px;text-align:left;width:100%;border-spacing:0px; padding:3px 3px 3px 3px">

<tr>



</tr>

</table>

</td>

</tr>

</table>

</body>

</html>]]></description>
				<styleUrl>#PolyStyle00102</styleUrl>
				<MultiGeometry>
					<Polygon>
						<outerBoundaryIs>
							<LinearRing>
								<coordinates>
									105.4497998156755,26.80038992099258,0 105.4524648120019,26.79325153797511,0 105.4591041505621,26.80301087418242,0 105.458819740524,26.81034865316541,0 105.4586016083976,26.81597646202489,0 105.4535761867534,26.81517239456174,0 105.4495558494379,26.80843832955836,0 105.450259408468,26.80451850067575,0 105.4497998156755,26.80038992099258,0 
								</coordinates>
							</LinearRing>
						</outerBoundaryIs>
					</Polygon>
				</MultiGeometry>
			</Placemark>
			<Placemark id="ID_00063">
				<name>N-8</name>
				<Snippet maxLines="0"></Snippet>
				<description><![CDATA[<html xmlns:fo="http://www.w3.org/1999/XSL/Format" xmlns:msxsl="urn:schemas-microsoft-com:xslt">

<head>

<META http-equiv="Content-Type" content="text/html">

<meta http-equiv="content-type" content="text/html; charset=UTF-8">

</head>

<body style="margin:0px 0px 0px 0px;overflow:auto;background:#FFFFFF;">

<table style="font-family:Arial,Verdana,Times;font-size:12px;text-align:left;width:100%;border-collapse:collapse;padding:3px 3px 3px 3px">

<tr style="text-align:center;font-weight:bold;background:#9CBCE2">



</tr>

<tr>

<td>

<table style="font-family:Arial,Verdana,Times;font-size:12px;text-align:left;width:100%;border-spacing:0px; padding:3px 3px 3px 3px">

<tr>



</tr>

</table>

</td>

</tr>

</table>

</body>

</html>]]></description>
				<styleUrl>#PolyStyle00156</styleUrl>
				<MultiGeometry>
					<Polygon>
						<outerBoundaryIs>
							<LinearRing>
								<coordinates>
									105.1637119640333,26.66512543565354,0 105.1679949938437,26.66455436501208,0 105.1728490942956,26.6631837954726,0 105.1765039464007,26.66746682528325,0 105.1630837863277,26.66849475243765,0 105.1597144695435,26.66581072042305,0 105.1615658594624,26.66276773911722,0 105.1637119640333,26.66512543565354,0 
								</coordinates>
							</LinearRing>
						</outerBoundaryIs>
					</Polygon>
				</MultiGeometry>
			</Placemark>
			<Placemark id="ID_00065">
				<name>N-9</name>
				<Snippet maxLines="0"></Snippet>
				<description><![CDATA[<html xmlns:fo="http://www.w3.org/1999/XSL/Format" xmlns:msxsl="urn:schemas-microsoft-com:xslt">

<head>

<META http-equiv="Content-Type" content="text/html">

<meta http-equiv="content-type" content="text/html; charset=UTF-8">

</head>

<body style="margin:0px 0px 0px 0px;overflow:auto;background:#FFFFFF;">

<table style="font-family:Arial,Verdana,Times;font-size:12px;text-align:left;width:100%;border-collapse:collapse;padding:3px 3px 3px 3px">

<tr style="text-align:center;font-weight:bold;background:#9CBCE2">



</tr>

<tr>

<td>

<table style="font-family:Arial,Verdana,Times;font-size:12px;text-align:left;width:100%;border-spacing:0px; padding:3px 3px 3px 3px">

<tr>



</tr>

</table>

</td>

</tr>

</table>

</body>

</html>]]></description>
				<styleUrl>#PolyStyle0044</styleUrl>
				<MultiGeometry>
					<Polygon>
						<outerBoundaryIs>
							<LinearRing>
								<coordinates>
									105.5451646331241,26.78712613927292,0 105.5334656165121,26.79148848445027,0 105.5256272266039,26.78716711069524,0 105.5169290673012,26.77881266747574,0 105.524374608847,26.76612422425411,0 105.5458537103762,26.76746913445597,0 105.5451646331241,26.78712613927292,0 
								</coordinates>
							</LinearRing>
						</outerBoundaryIs>
					</Polygon>
				</MultiGeometry>
			</Placemark>
		</Folder>
		<Folder>
			<name>stratum 2</name>
			<Placemark id="ID_00033">
				<name>D-3</name>
				<Snippet maxLines="0"></Snippet>
				<description><![CDATA[<html xmlns:fo="http://www.w3.org/1999/XSL/Format" xmlns:msxsl="urn:schemas-microsoft-com:xslt">

<head>

<META http-equiv="Content-Type" content="text/html">

<meta http-equiv="content-type" content="text/html; charset=UTF-8">

</head>

<body style="margin:0px 0px 0px 0px;overflow:auto;background:#FFFFFF;">

<table style="font-family:Arial,Verdana,Times;font-size:12px;text-align:left;width:100%;border-collapse:collapse;padding:3px 3px 3px 3px">

<tr style="text-align:center;font-weight:bold;background:#9CBCE2">



</tr>

<tr>

<td>

<table style="font-family:Arial,Verdana,Times;font-size:12px;text-align:left;width:100%;border-spacing:0px; padding:3px 3px 3px 3px">

<tr>



</tr>

</table>

</td>

</tr>

</table>

</body>

</html>]]></description>
				<styleUrl>#PolyStyle0334</styleUrl>
				<MultiGeometry>
					<Polygon>
						<outerBoundaryIs>
							<LinearRing>
								<coordinates>
									105.8678879380061,27.28152676009684,0 105.8704971611643,27.29118425842569,0 105.8701552937963,27.29729225311477,0 105.8657858283729,27.29475344993443,0 105.8641025888221,27.29037281826617,0 105.8620024853735,27.28797198606796,0 105.8597182028079,27.28447417838919,0 105.8607175764303,27.28069083539015,0 105.8678879380061,27.28152676009684,0 
								</coordinates>
							</LinearRing>
						</outerBoundaryIs>
					</Polygon>
				</MultiGeometry>
			</Placemark>
			<Placemark id="ID_00068">
				<name>D-10</name>
				<Snippet maxLines="0"></Snippet>
				<description><![CDATA[<html xmlns:fo="http://www.w3.org/1999/XSL/Format" xmlns:msxsl="urn:schemas-microsoft-com:xslt">

<head>

<META http-equiv="Content-Type" content="text/html">

<meta http-equiv="content-type" content="text/html; charset=UTF-8">

</head>

<body style="margin:0px 0px 0px 0px;overflow:auto;background:#FFFFFF;">

<table style="font-family:Arial,Verdana,Times;font-size:12px;text-align:left;width:100%;border-collapse:collapse;padding:3px 3px 3px 3px">

<tr style="text-align:center;font-weight:bold;background:#9CBCE2">



</tr>

<tr>

<td>

<table style="font-family:Arial,Verdana,Times;font-size:12px;text-align:left;width:100%;border-spacing:0px; padding:3px 3px 3px 3px">

<tr>



</tr>

</table>

</td>

</tr>

</table>

</body>

</html>]]></description>
				<styleUrl>#PolyStyle03320</styleUrl>
				<MultiGeometry>
					<Polygon>
						<outerBoundaryIs>
							<LinearRing>
								<coordinates>
									105.7071976130953,27.19579415377921,0 105.7016235128692,27.18882140402177,0 105.7072927915355,27.17742471481428,0 105.7106240369437,27.18618113131566,0 105.7071976130953,27.19579415377921,0 
								</coordinates>
							</LinearRing>
						</outerBoundaryIs>
					</Polygon>
				</MultiGeometry>
			</Placemark>
			<Placemark id="ID_00073">
				<name>D-11</name>
				<Snippet maxLines="0"></Snippet>
				<description><![CDATA[<html xmlns:fo="http://www.w3.org/1999/XSL/Format" xmlns:msxsl="urn:schemas-microsoft-com:xslt">

<head>

<META http-equiv="Content-Type" content="text/html">

<meta http-equiv="content-type" content="text/html; charset=UTF-8">

</head>

<body style="margin:0px 0px 0px 0px;overflow:auto;background:#FFFFFF;">

<table style="font-family:Arial,Verdana,Times;font-size:12px;text-align:left;width:100%;border-collapse:collapse;padding:3px 3px 3px 3px">

<tr style="text-align:center;font-weight:bold;background:#9CBCE2">



</tr>

<tr>

<td>

<table style="font-family:Arial,Verdana,Times;font-size:12px;text-align:left;width:100%;border-spacing:0px; padding:3px 3px 3px 3px">

<tr>



</tr>

</table>

</td>

</tr>

</table>

</body>

</html>]]></description>
				<styleUrl>#PolyStyle0338</styleUrl>
				<MultiGeometry>
					<Polygon>
						<outerBoundaryIs>
							<LinearRing>
								<coordinates>
									105.5688452002984,26.89854777618591,0 105.5598984269166,26.8922659991306,0 105.5555202186658,26.88065422942213,0 105.5603743191177,26.8784651252966,0 105.5647525273685,26.88408065327046,0 105.5676373898771,26.89045760998477,0 105.5688452002984,26.89854777618591,0 
								</coordinates>
							</LinearRing>
						</outerBoundaryIs>
					</Polygon>
				</MultiGeometry>
			</Placemark>
			<Placemark id="ID_00070">
				<name>W-4</name>
				<Snippet maxLines="0"></Snippet>
				<description><![CDATA[<html xmlns:fo="http://www.w3.org/1999/XSL/Format" xmlns:msxsl="urn:schemas-microsoft-com:xslt">

<head>

<META http-equiv="Content-Type" content="text/html">

<meta http-equiv="content-type" content="text/html; charset=UTF-8">

</head>

<body style="margin:0px 0px 0px 0px;overflow:auto;background:#FFFFFF;">

<table style="font-family:Arial,Verdana,Times;font-size:12px;text-align:left;width:100%;border-collapse:collapse;padding:3px 3px 3px 3px">

<tr style="text-align:center;font-weight:bold;background:#9CBCE2">



</tr>

<tr>

<td>

<table style="font-family:Arial,Verdana,Times;font-size:12px;text-align:left;width:100%;border-spacing:0px; padding:3px 3px 3px 3px">

<tr>



</tr>

</table>

</td>

</tr>

</table>

</body>

</html>]]></description>
				<styleUrl>#PolyStyle03330</styleUrl>
				<MultiGeometry>
					<Polygon>
						<outerBoundaryIs>
							<LinearRing>
								<coordinates>
									103.9101183026991,26.76722585017168,0 103.8994107281729,26.75830287139987,0 103.8950483829955,26.74918160421083,0 103.8934620756583,26.74025862543896,0 103.893065498824,26.72657672465547,0 103.8898928841496,26.71725716904929,0 103.9011953239273,26.70020436517416,0 103.9585006764843,26.69901463467126,0 103.9628630216617,26.71289482387192,0 103.9664322131704,26.74184493277618,0 103.9610784259073,26.75750971773124,0 103.9529486008041,26.75493196830825,0 103.9416461610264,26.76048404398855,0 103.9309385865001,26.76286350499436,0 103.9101183026991,26.76722585017168,0 
								</coordinates>
							</LinearRing>
						</outerBoundaryIs>
					</Polygon>
				</MultiGeometry>
			</Placemark>
			<Placemark id="ID_00077">
				<name>W-5</name>
				<Snippet maxLines="0"></Snippet>
				<description><![CDATA[<html xmlns:fo="http://www.w3.org/1999/XSL/Format" xmlns:msxsl="urn:schemas-microsoft-com:xslt">

<head>

<META http-equiv="Content-Type" content="text/html">

<meta http-equiv="content-type" content="text/html; charset=UTF-8">

</head>

<body style="margin:0px 0px 0px 0px;overflow:auto;background:#FFFFFF;">

<table style="font-family:Arial,Verdana,Times;font-size:12px;text-align:left;width:100%;border-collapse:collapse;padding:3px 3px 3px 3px">

<tr style="text-align:center;font-weight:bold;background:#9CBCE2">



</tr>

<tr>

<td>

<table style="font-family:Arial,Verdana,Times;font-size:12px;text-align:left;width:100%;border-spacing:0px; padding:3px 3px 3px 3px">

<tr>



</tr>

</table>

</td>

</tr>

</table>

</body>

</html>]]></description>
				<styleUrl>#PolyStyle03321</styleUrl>
				<MultiGeometry>
					<Polygon>
						<outerBoundaryIs>
							<LinearRing>
								<coordinates>
									104.0312546068119,26.70799688913358,0 104.0292907577603,26.71731931259326,0 104.0372198153808,26.73212360854577,0 104.0189047439579,26.73524617503896,0 104.0050805357478,26.74775371677267,0 104.0002458494177,26.7319563289854,0 103.9971489990617,26.73823587274934,0 104.0018087768647,26.74934002410987,0 103.9925883654672,26.74031790112947,0 103.9887217413327,26.73774015170646,0 103.9835662424867,26.72901546135175,0 103.9815833583152,26.71146693643374,0 103.9834670982781,26.70085850611611,0 103.9911012023385,26.70075936190748,0 104.0021062094905,26.70551828391916,0 104.0083522946308,26.70194909241041,0 104.0182667154884,26.6982807566931,0 104.0265948290088,26.69857818931882,0 104.0226290606657,26.69362097889001,0 104.0336340678177,26.68866376846117,0 104.030064876309,26.69649616093874,0 104.0312546068119,26.70799688913358,0 
								</coordinates>
							</LinearRing>
						</outerBoundaryIs>
					</Polygon>
				</MultiGeometry>
			</Placemark>
			<Placemark id="ID_00067">
				<name>Z-16</name>
				<Snippet maxLines="0"></Snippet>
				<description><![CDATA[<html xmlns:fo="http://www.w3.org/1999/XSL/Format" xmlns:msxsl="urn:schemas-microsoft-com:xslt">

<head>

<META http-equiv="Content-Type" content="text/html">

<meta http-equiv="content-type" content="text/html; charset=UTF-8">

</head>

<body style="margin:0px 0px 0px 0px;overflow:auto;background:#FFFFFF;">

<table style="font-family:Arial,Verdana,Times;font-size:12px;text-align:left;width:100%;border-collapse:collapse;padding:3px 3px 3px 3px">

<tr style="text-align:center;font-weight:bold;background:#9CBCE2">



</tr>

<tr>

<td>

<table style="font-family:Arial,Verdana,Times;font-size:12px;text-align:left;width:100%;border-spacing:0px; padding:3px 3px 3px 3px">

<tr>



</tr>

</table>

</td>

</tr>

</table>

</body>

</html>]]></description>
				<styleUrl>#PolyStyle03314</styleUrl>
				<MultiGeometry>
					<Polygon>
						<outerBoundaryIs>
							<LinearRing>
								<coordinates>
									106.0946118732549,26.62806870618578,0 106.0986521405898,26.62723078790209,0 106.1035825835278,26.61979701682798,0 106.1079845863887,26.61670371752023,0 106.1104830204448,26.61491912176588,0 106.1154798885569,26.6158709061683,0 106.1103934242176,26.62275965802951,0 106.111141587737,26.62464057907403,0 106.1099955029553,26.63379640277395,0 106.1098949945224,26.64193758583797,0 106.1023483659475,26.63973802197736,0 106.0946118732549,26.62806870618578,0 
								</coordinates>
							</LinearRing>
						</outerBoundaryIs>
					</Polygon>
				</MultiGeometry>
			</Placemark>
			<Placemark id="ID_00069">
				<name>Z-17</name>
				<Snippet maxLines="0"></Snippet>
				<description><![CDATA[<html xmlns:fo="http://www.w3.org/1999/XSL/Format" xmlns:msxsl="urn:schemas-microsoft-com:xslt">

<head>

<META http-equiv="Content-Type" content="text/html">

<meta http-equiv="content-type" content="text/html; charset=UTF-8">

</head>

<body style="margin:0px 0px 0px 0px;overflow:auto;background:#FFFFFF;">

<table style="font-family:Arial,Verdana,Times;font-size:12px;text-align:left;width:100%;border-collapse:collapse;padding:3px 3px 3px 3px">

<tr style="text-align:center;font-weight:bold;background:#9CBCE2">



</tr>

<tr>

<td>

<table style="font-family:Arial,Verdana,Times;font-size:12px;text-align:left;width:100%;border-spacing:0px; padding:3px 3px 3px 3px">

<tr>



</tr>

</table>

</td>

</tr>

</table>

</body>

</html>]]></description>
				<styleUrl>#PolyStyle03310</styleUrl>
				<MultiGeometry>
					<Polygon>
						<outerBoundaryIs>
							<LinearRing>
								<coordinates>
									105.694651653236,26.78764703467778,0 105.6841820248102,26.78288811266609,0 105.6758063220698,26.76899206039208,0 105.6670499055683,26.75776100444461,0 105.680755600962,26.76251992645629,0 105.7146391256849,26.76099707141242,0 105.7134969844021,26.77717740625207,0 105.694651653236,26.78764703467778,0 
								</coordinates>
							</LinearRing>
						</outerBoundaryIs>
					</Polygon>
				</MultiGeometry>
			</Placemark>
			<Placemark id="ID_00072">
				<name>Z-18</name>
				<Snippet maxLines="0"></Snippet>
				<description><![CDATA[<html xmlns:fo="http://www.w3.org/1999/XSL/Format" xmlns:msxsl="urn:schemas-microsoft-com:xslt">

<head>

<META http-equiv="Content-Type" content="text/html">

<meta http-equiv="content-type" content="text/html; charset=UTF-8">

</head>

<body style="margin:0px 0px 0px 0px;overflow:auto;background:#FFFFFF;">

<table style="font-family:Arial,Verdana,Times;font-size:12px;text-align:left;width:100%;border-collapse:collapse;padding:3px 3px 3px 3px">

<tr style="text-align:center;font-weight:bold;background:#9CBCE2">



</tr>

<tr>

<td>

<table style="font-family:Arial,Verdana,Times;font-size:12px;text-align:left;width:100%;border-spacing:0px; padding:3px 3px 3px 3px">

<tr>



</tr>

</table>

</td>

</tr>

</table>

</body>

</html>]]></description>
				<styleUrl>#PolyStyle0335</styleUrl>
				<MultiGeometry>
					<Polygon>
						<outerBoundaryIs>
							<LinearRing>
								<coordinates>
									106.0701057820132,26.61821524544584,0 106.072701152531,26.61852377988559,0 106.0743888118237,26.61750140714431,0 106.0778820584698,26.62127228970535,0 106.0793856799361,26.6220699722755,0 106.0830024606648,26.625591574564,0 106.077818306821,26.63004919223988,0 106.0711335427699,26.63474852166307,0 106.0673644765367,26.63480562872721,0 106.0659367999332,26.63183606139193,0 106.0677642259856,26.6297802070829,0 106.0695269513801,26.629916081251,0 106.0692534575532,26.62909344356592,0 106.0682348436822,26.62602957128008,0 106.0684401593092,26.6205471172318,0 106.0701057820132,26.61821524544584,0 
								</coordinates>
							</LinearRing>
						</outerBoundaryIs>
					</Polygon>
				</MultiGeometry>
			</Placemark>
			<Placemark id="ID_00074">
				<name>Z-19</name>
				<Snippet maxLines="0"></Snippet>
				<description><![CDATA[<html xmlns:fo="http://www.w3.org/1999/XSL/Format" xmlns:msxsl="urn:schemas-microsoft-com:xslt">

<head>

<META http-equiv="Content-Type" content="text/html">

<meta http-equiv="content-type" content="text/html; charset=UTF-8">

</head>

<body style="margin:0px 0px 0px 0px;overflow:auto;background:#FFFFFF;">

<table style="font-family:Arial,Verdana,Times;font-size:12px;text-align:left;width:100%;border-collapse:collapse;padding:3px 3px 3px 3px">

<tr style="text-align:center;font-weight:bold;background:#9CBCE2">



</tr>

<tr>

<td>

<table style="font-family:Arial,Verdana,Times;font-size:12px;text-align:left;width:100%;border-spacing:0px; padding:3px 3px 3px 3px">

<tr>



</tr>

</table>

</td>

</tr>

</table>

</body>

</html>]]></description>
				<styleUrl>#PolyStyle033</styleUrl>
				<MultiGeometry>
					<Polygon>
						<outerBoundaryIs>
							<LinearRing>
								<coordinates>
									105.6391087628454,26.78792296343903,0 105.6674702958134,26.79726262299972,0 105.6787870396063,26.79965522460123,0 105.6758143829641,26.81365510301498,0 105.6732734720623,26.81661631556034,0 105.6708872290669,26.82306912089858,0 105.6666240183205,26.82436568049356,0 105.6354808493002,26.81345609843505,0 105.6284376447229,26.80964896082578,0 105.6266968471567,26.80407073814573,0 105.6281653886983,26.80075515234215,0 105.6297735236245,26.79954905114755,0 105.6308791163862,26.79643328972824,0 105.6312811501178,26.79492566323488,0 105.6349999621345,26.79110634278511,0 105.6365075886279,26.79000075002339,0 105.6391087628454,26.78792296343903,0 
								</coordinates>
							</LinearRing>
						</outerBoundaryIs>
					</Polygon>
				</MultiGeometry>
			</Placemark>
			<Placemark id="ID_00076">
				<name>Z-20</name>
				<Snippet maxLines="0"></Snippet>
				<description><![CDATA[<html xmlns:fo="http://www.w3.org/1999/XSL/Format" xmlns:msxsl="urn:schemas-microsoft-com:xslt">

<head>

<META http-equiv="Content-Type" content="text/html">

<meta http-equiv="content-type" content="text/html; charset=UTF-8">

</head>

<body style="margin:0px 0px 0px 0px;overflow:auto;background:#FFFFFF;">

<table style="font-family:Arial,Verdana,Times;font-size:12px;text-align:left;width:100%;border-collapse:collapse;padding:3px 3px 3px 3px">

<tr style="text-align:center;font-weight:bold;background:#9CBCE2">



</tr>

<tr>

<td>

<table style="font-family:Arial,Verdana,Times;font-size:12px;text-align:left;width:100%;border-spacing:0px; padding:3px 3px 3px 3px">

<tr>



</tr>

</table>

</td>

</tr>

</table>

</body>

</html>]]></description>
				<styleUrl>#PolyStyle03334</styleUrl>
				<MultiGeometry>
					<Polygon>
						<outerBoundaryIs>
							<LinearRing>
								<coordinates>
									105.7890599287865,26.73030217336062,0 105.7915326542378,26.73354626754772,0 105.7893435501124,26.73630644231451,0 105.782419777762,26.73945760367092,0 105.7763992822407,26.74354000377221,0 105.7740198212348,26.74135089964684,0 105.7765896391211,26.73478358727081,0 105.7721162524302,26.729548773058,0 105.7692813457622,26.72621799622782,0 105.7738294643544,26.72650306297044,0 105.7774462450833,26.72650306297044,0 105.7795401707684,26.72802591801433,0 105.7820148102145,26.72831145333501,0 105.7842990927801,26.72783556113381,0 105.7865833753457,26.72935841617742,0 105.7890599287865,26.73030217336062,0 
								</coordinates>
							</LinearRing>
						</outerBoundaryIs>
					</Polygon>
				</MultiGeometry>
			</Placemark>
			<Placemark id="ID_00066">
				<name>N-10</name>
				<Snippet maxLines="0"></Snippet>
				<description><![CDATA[<html xmlns:fo="http://www.w3.org/1999/XSL/Format" xmlns:msxsl="urn:schemas-microsoft-com:xslt">

<head>

<META http-equiv="Content-Type" content="text/html">

<meta http-equiv="content-type" content="text/html; charset=UTF-8">

</head>

<body style="margin:0px 0px 0px 0px;overflow:auto;background:#FFFFFF;">

<table style="font-family:Arial,Verdana,Times;font-size:12px;text-align:left;width:100%;border-collapse:collapse;padding:3px 3px 3px 3px">

<tr style="text-align:center;font-weight:bold;background:#9CBCE2">


</tr>

<tr>

<td>

<table style="font-family:Arial,Verdana,Times;font-size:12px;text-align:left;width:100%;border-spacing:0px; padding:3px 3px 3px 3px">

<tr>



</tr>

</table>

</td>

</tr>

</table>

</body>

</html>]]></description>
				<styleUrl>#PolyStyle0332</styleUrl>
				<MultiGeometry>
					<Polygon>
						<outerBoundaryIs>
							<LinearRing>
								<coordinates>
									105.5989247613384,26.74831915145467,0 105.6040562930184,26.76759473018336,0 105.6027674183069,26.77284937323795,0 105.5988016499638,26.78068176571545,0 105.5933387338714,26.77416588353515,0 105.5776059540731,26.77636262336148,0 105.5774856451199,26.76134864504308,0 105.582066120418,26.75130936996197,0 105.5836854629629,26.75329813530675,0 105.5858269778682,26.75329813530675,0 105.5875719159392,26.75329813530675,0 105.5902686384124,26.75274292773858,0 105.59336193772,26.75448786580967,0 105.595106875791,26.75432923507582,0 105.5967724984949,26.75369471214106,0 105.5980415443647,26.75194977407,0 105.598438121199,26.74996688989847,0 105.5989247613384,26.74831915145467,0 
								</coordinates>
							</LinearRing>
						</outerBoundaryIs>
					</Polygon>
				</MultiGeometry>
			</Placemark>
			<Placemark id="ID_00071">
				<name>N-11</name>
				<Snippet maxLines="0"></Snippet>
				<description><![CDATA[<html xmlns:fo="http://www.w3.org/1999/XSL/Format" xmlns:msxsl="urn:schemas-microsoft-com:xslt">

<head>

<META http-equiv="Content-Type" content="text/html">

<meta http-equiv="content-type" content="text/html; charset=UTF-8">

</head>

<body style="margin:0px 0px 0px 0px;overflow:auto;background:#FFFFFF;">

<table style="font-family:Arial,Verdana,Times;font-size:12px;text-align:left;width:100%;border-collapse:collapse;padding:3px 3px 3px 3px">

<tr style="text-align:center;font-weight:bold;background:#9CBCE2">



</tr>

<tr>

<td>

<table style="font-family:Arial,Verdana,Times;font-size:12px;text-align:left;width:100%;border-spacing:0px; padding:3px 3px 3px 3px">

<tr>



</tr>

</table>

</td>

</tr>

</table>

</body>

</html>]]></description>
				<styleUrl>#PolyStyle03328</styleUrl>
				<MultiGeometry>
					<Polygon>
						<outerBoundaryIs>
							<LinearRing>
								<coordinates>
									105.4009444565074,26.75071719976918,0 105.4070754709135,26.75473753708441,0 105.4136085190511,26.75956194186316,0 105.4055246092695,26.76378590935659,0 105.3983312372524,26.76338126231277,0 105.3951149674,26.76418532977571,0 105.3923007312792,26.76257719484951,0 105.3899890373228,26.76418532977582,0 105.382651921722,26.75895889126575,0 105.3818478542591,26.75192330096377,0 105.3855666662758,26.74448567693007,0 105.3920997144135,26.74187245767506,0 105.3958185264302,26.74559126969191,0 105.4009444565074,26.75071719976918,0 
								</coordinates>
							</LinearRing>
						</outerBoundaryIs>
					</Polygon>
				</MultiGeometry>
			</Placemark>
			<Placemark id="ID_00075">
				<name>N-12</name>
				<Snippet maxLines="0"></Snippet>
				<description><![CDATA[<html xmlns:fo="http://www.w3.org/1999/XSL/Format" xmlns:msxsl="urn:schemas-microsoft-com:xslt">

<head>

<META http-equiv="Content-Type" content="text/html">

<meta http-equiv="content-type" content="text/html; charset=UTF-8">

</head>

<body style="margin:0px 0px 0px 0px;overflow:auto;background:#FFFFFF;">

<table style="font-family:Arial,Verdana,Times;font-size:12px;text-align:left;width:100%;border-collapse:collapse;padding:3px 3px 3px 3px">

<tr style="text-align:center;font-weight:bold;background:#9CBCE2">



</tr>

<tr>

<td>

<table style="font-family:Arial,Verdana,Times;font-size:12px;text-align:left;width:100%;border-spacing:0px; padding:3px 3px 3px 3px">

<tr>



</tr>

</table>

</td>

</tr>

</table>

</body>

</html>]]></description>
				<styleUrl>#PolyStyle0330</styleUrl>
				<MultiGeometry>
					<Polygon>
						<outerBoundaryIs>
							<LinearRing>
								<coordinates>
									105.3547672474107,26.81357666602119,0 105.3552147434415,26.81499024098706,0 105.3521055810606,26.81537095474801,0 105.3445702228705,26.81623866266079,0 105.3427482374964,26.82150705924914,0 105.3356623929778,26.81999943275582,0 105.3237521436807,26.81909485685987,0 105.3100327425918,26.81095367379594,0 105.3035499486705,26.80673231961479,0 105.3141033341237,26.80567698106951,0 105.3217922292395,26.80628003166685,0 105.3261643460701,26.80628003166685,0 105.3314835856767,26.80673351129671,0 105.3380667611261,26.80403678882346,0 105.3395340954131,26.80514720395944,0 105.341846204417,26.80642663943917,0 105.3449275403596,26.80736803423165,0 105.3486553626021,26.80685248434713,0 105.3515107158091,26.80669385361334,0 105.3512248073407,26.80967933952587,0 105.3547672474107,26.81357666602119,0 
								</coordinates>
							</LinearRing>
						</outerBoundaryIs>
					</Polygon>
				</MultiGeometry>
			</Placemark>
			<Placemark id="ID_00078">
				<name>N-13</name>
				<Snippet maxLines="0"></Snippet>
				<description><![CDATA[<html xmlns:fo="http://www.w3.org/1999/XSL/Format" xmlns:msxsl="urn:schemas-microsoft-com:xslt">

<head>

<META http-equiv="Content-Type" content="text/html">

<meta http-equiv="content-type" content="text/html; charset=UTF-8">

</head>

<body style="margin:0px 0px 0px 0px;overflow:auto;background:#FFFFFF;">

<table style="font-family:Arial,Verdana,Times;font-size:12px;text-align:left;width:100%;border-collapse:collapse;padding:3px 3px 3px 3px">

<tr style="text-align:center;font-weight:bold;background:#9CBCE2">



</tr>

<tr>

<td>

<table style="font-family:Arial,Verdana,Times;font-size:12px;text-align:left;width:100%;border-spacing:0px; padding:3px 3px 3px 3px">

<tr>



</tr>

</table>

</td>

</tr>

</table>

</body>

</html>]]></description>
				<styleUrl>#PolyStyle0333</styleUrl>
				<MultiGeometry>
					<Polygon>
						<outerBoundaryIs>
							<LinearRing>
								<coordinates>
									105.4711069441156,26.74062265112253,0 105.4806247881389,26.74514362703366,0 105.4738829819557,26.74799898024072,0 105.4720587285178,26.7504577566134,0 105.4637306149974,26.75077501808084,0 105.45254714827,26.74641267290348,0 105.4533403019386,26.73618099057842,0 105.4614304693585,26.73808455938309,0 105.4711069441156,26.74062265112253,0 
								</coordinates>
							</LinearRing>
						</outerBoundaryIs>
					</Polygon>
				</MultiGeometry>
			</Placemark>
		</Folder>
		<Folder>
			<name>stratum 3</name>
			<Placemark id="ID_00080">
				<name>Z-21</name>
				<Snippet maxLines="0"></Snippet>
				<description><![CDATA[<html xmlns:fo="http://www.w3.org/1999/XSL/Format" xmlns:msxsl="urn:schemas-microsoft-com:xslt">

<head>

<META http-equiv="Content-Type" content="text/html">

<meta http-equiv="content-type" content="text/html; charset=UTF-8">

</head>

<body style="margin:0px 0px 0px 0px;overflow:auto;background:#FFFFFF;">

<table style="font-family:Arial,Verdana,Times;font-size:12px;text-align:left;width:100%;border-collapse:collapse;padding:3px 3px 3px 3px">

<tr style="text-align:center;font-weight:bold;background:#9CBCE2">


</tr>

<tr>

<td>

<table style="font-family:Arial,Verdana,Times;font-size:12px;text-align:left;width:100%;border-spacing:0px; padding:3px 3px 3px 3px">

<tr>



</tr>

</table>

</td>

</tr>

</table>

</body>

</html>]]></description>
				<styleUrl>#PolyStyle07913</styleUrl>
				<MultiGeometry>
					<Polygon>
						<outerBoundaryIs>
							<LinearRing>
								<coordinates>
									105.7287010517035,26.63869436432962,0 105.7199446352021,26.64963988495628,0 105.7066677492172,26.63632464855983,0 105.700337876514,26.63564865424204,0 105.6972921664265,26.63041384002917,0 105.6992909136714,26.62755848682216,0 105.704430549444,26.62603563177851,0 105.7287010517035,26.63869436432962,0 
								</coordinates>
							</LinearRing>
						</outerBoundaryIs>
					</Polygon>
				</MultiGeometry>
			</Placemark>
			<Placemark id="ID_00082">
				<name>Z-22</name>
				<Snippet maxLines="0"></Snippet>
				<description><![CDATA[<html xmlns:fo="http://www.w3.org/1999/XSL/Format" xmlns:msxsl="urn:schemas-microsoft-com:xslt">

<head>

<META http-equiv="Content-Type" content="text/html">

<meta http-equiv="content-type" content="text/html; charset=UTF-8">

</head>

<body style="margin:0px 0px 0px 0px;overflow:auto;background:#FFFFFF;">

<table style="font-family:Arial,Verdana,Times;font-size:12px;text-align:left;width:100%;border-collapse:collapse;padding:3px 3px 3px 3px">

<tr style="text-align:center;font-weight:bold;background:#9CBCE2">



</tr>

<tr>

<td>

<table style="font-family:Arial,Verdana,Times;font-size:12px;text-align:left;width:100%;border-spacing:0px; padding:3px 3px 3px 3px">

<tr>



</tr>

</table>

</td>

</tr>

</table>

</body>

</html>]]></description>
				<styleUrl>#PolyStyle0798</styleUrl>
				<MultiGeometry>
					<Polygon>
						<outerBoundaryIs>
							<LinearRing>
								<coordinates>
									105.6065304082951,26.56341396990315,0 105.5780825102349,26.55091619403915,0 105.5890418222315,26.53354387104958,0 105.6142264565395,26.54940955908296,0 105.6065304082951,26.56341396990315,0 
								</coordinates>
							</LinearRing>
						</outerBoundaryIs>
					</Polygon>
				</MultiGeometry>
			</Placemark>
			<Placemark id="ID_00083">
				<name>Z-23</name>
				<Snippet maxLines="0"></Snippet>
				<description><![CDATA[<html xmlns:fo="http://www.w3.org/1999/XSL/Format" xmlns:msxsl="urn:schemas-microsoft-com:xslt">

<head>

<META http-equiv="Content-Type" content="text/html">

<meta http-equiv="content-type" content="text/html; charset=UTF-8">

</head>

<body style="margin:0px 0px 0px 0px;overflow:auto;background:#FFFFFF;">

<table style="font-family:Arial,Verdana,Times;font-size:12px;text-align:left;width:100%;border-collapse:collapse;padding:3px 3px 3px 3px">

<tr style="text-align:center;font-weight:bold;background:#9CBCE2">



</tr>

<tr>

<td>

<table style="font-family:Arial,Verdana,Times;font-size:12px;text-align:left;width:100%;border-spacing:0px; padding:3px 3px 3px 3px">

<tr>



</tr>

</table>

</td>

</tr>

</table>

</body>

</html>]]></description>
				<styleUrl>#PolyStyle07911</styleUrl>
				<MultiGeometry>
					<Polygon>
						<outerBoundaryIs>
							<LinearRing>
								<coordinates>
									105.7947068214317,26.68645108234908,0 105.7787436993444,26.66842518666541,0 105.8236705708441,26.65603415530642,0 105.7947068214317,26.68645108234908,0 
								</coordinates>
							</LinearRing>
						</outerBoundaryIs>
					</Polygon>
				</MultiGeometry>
			</Placemark>
			<Placemark id="ID_00079">
				<name>N-14</name>
				<Snippet maxLines="0"></Snippet>
				<description><![CDATA[<html xmlns:fo="http://www.w3.org/1999/XSL/Format" xmlns:msxsl="urn:schemas-microsoft-com:xslt">

<head>

<META http-equiv="Content-Type" content="text/html">

<meta http-equiv="content-type" content="text/html; charset=UTF-8">

</head>

<body style="margin:0px 0px 0px 0px;overflow:auto;background:#FFFFFF;">

<table style="font-family:Arial,Verdana,Times;font-size:12px;text-align:left;width:100%;border-collapse:collapse;padding:3px 3px 3px 3px">

<tr style="text-align:center;font-weight:bold;background:#9CBCE2">



</tr>

<tr>

<td>

<table style="font-family:Arial,Verdana,Times;font-size:12px;text-align:left;width:100%;border-spacing:0px; padding:3px 3px 3px 3px">

<tr>



</tr>

</table>

</td>

</tr>

</table>

</body>

</html>]]></description>
				<styleUrl>#PolyStyle07919</styleUrl>
				<MultiGeometry>
					<Polygon>
						<outerBoundaryIs>
							<LinearRing>
								<coordinates>
									105.543077013106,26.68105948316519,0 105.5482801011722,26.68226507674158,0 105.5576075883151,26.69089458865607,0 105.5527852140099,26.69755707947241,0 105.5450440342042,26.69210018223237,0 105.543077013106,26.68105948316519,0 
								</coordinates>
							</LinearRing>
						</outerBoundaryIs>
					</Polygon>
				</MultiGeometry>
			</Placemark>
			<Placemark id="ID_00081">
				<name>N-15</name>
				<Snippet maxLines="0"></Snippet>
				<description><![CDATA[<html xmlns:fo="http://www.w3.org/1999/XSL/Format" xmlns:msxsl="urn:schemas-microsoft-com:xslt">

<head>

<META http-equiv="Content-Type" content="text/html">

<meta http-equiv="content-type" content="text/html; charset=UTF-8">

</head>

<body style="margin:0px 0px 0px 0px;overflow:auto;background:#FFFFFF;">

<table style="font-family:Arial,Verdana,Times;font-size:12px;text-align:left;width:100%;border-collapse:collapse;padding:3px 3px 3px 3px">

<tr style="text-align:center;font-weight:bold;background:#9CBCE2">



</tr>

<tr>

<td>

<table style="font-family:Arial,Verdana,Times;font-size:12px;text-align:left;width:100%;border-spacing:0px; padding:3px 3px 3px 3px">

<tr>



</tr>

</table>

</td>

</tr>

</table>

</body>

</html>]]></description>
				<styleUrl>#PolyStyle0793</styleUrl>
				<MultiGeometry>
					<Polygon>
						<outerBoundaryIs>
							<LinearRing>
								<coordinates>
									105.4960934856412,26.66742048353166,0 105.4987389314796,26.66606590682558,0 105.5000872927161,26.66217945384944,0 105.5058773144971,26.66281397678425,0 105.5098430828401,26.66313123825182,0 105.5150778970528,26.66614522219248,0 105.5162793605076,26.66732392829443,0 105.5180918809937,26.66923852150004,0 105.5173780426919,26.67153866713899,0 105.5172987273251,26.675028543281,0 105.5061945759645,26.67804252722162,0 105.4928695943318,26.67415607424545,0 105.4960934856412,26.66742048353166,0 
								</coordinates>
							</LinearRing>
						</outerBoundaryIs>
					</Polygon>
				</MultiGeometry>
			</Placemark>
			<Placemark id="ID_00084">
				<name>N-16</name>
				<Snippet maxLines="0"></Snippet>
				<description><![CDATA[<html xmlns:fo="http://www.w3.org/1999/XSL/Format" xmlns:msxsl="urn:schemas-microsoft-com:xslt">

<head>

<META http-equiv="Content-Type" content="text/html">

<meta http-equiv="content-type" content="text/html; charset=UTF-8">

</head>

<body style="margin:0px 0px 0px 0px;overflow:auto;background:#FFFFFF;">

<table style="font-family:Arial,Verdana,Times;font-size:12px;text-align:left;width:100%;border-collapse:collapse;padding:3px 3px 3px 3px">

<tr style="text-align:center;font-weight:bold;background:#9CBCE2">



</tr>

<tr>

<td>

<table style="font-family:Arial,Verdana,Times;font-size:12px;text-align:left;width:100%;border-spacing:0px; padding:3px 3px 3px 3px">

<tr>



</tr>

</table>

</td>

</tr>

</table>

</body>

</html>]]></description>
				<styleUrl>#PolyStyle0791</styleUrl>
				<MultiGeometry>
					<Polygon>
						<outerBoundaryIs>
							<LinearRing>
								<coordinates>
									105.1297865502157,26.64965296636639,0 105.1305247673799,26.65533931663401,0 105.1350933325111,26.65762359919962,0 105.1331897637064,26.66181145056983,0 105.1273521527054,26.66853739367969,0 105.1208800187696,26.65889264506948,0 105.1297865502157,26.64965296636639,0 
								</coordinates>
							</LinearRing>
						</outerBoundaryIs>
					</Polygon>
				</MultiGeometry>
			</Placemark>
			<Placemark id="ID_00085">
				<name>N-17</name>
				<Snippet maxLines="0"></Snippet>
				<description><![CDATA[<html xmlns:fo="http://www.w3.org/1999/XSL/Format" xmlns:msxsl="urn:schemas-microsoft-com:xslt">

<head>

<META http-equiv="Content-Type" content="text/html">

<meta http-equiv="content-type" content="text/html; charset=UTF-8">

</head>

<body style="margin:0px 0px 0px 0px;overflow:auto;background:#FFFFFF;">

<table style="font-family:Arial,Verdana,Times;font-size:12px;text-align:left;width:100%;border-collapse:collapse;padding:3px 3px 3px 3px">

<tr style="text-align:center;font-weight:bold;background:#9CBCE2">



</tr>

<tr>

<td>

<table style="font-family:Arial,Verdana,Times;font-size:12px;text-align:left;width:100%;border-spacing:0px; padding:3px 3px 3px 3px">

<tr>



</tr>

</table>

</td>

</tr>

</table>

</body>

</html>]]></description>
				<styleUrl>#PolyStyle0795</styleUrl>
				<MultiGeometry>
					<Polygon>
						<outerBoundaryIs>
							<LinearRing>
								<coordinates>
									105.2657218999963,26.66768825660473,0 105.2735542924738,26.65152775060676,0 105.2812875407428,26.63407836989735,0 105.2865421837973,26.63497066777456,0 105.3051812950096,26.65291576952683,0 105.3014138150837,26.67214974599062,0 105.2795029449884,26.67462835120507,0 105.2657218999963,26.66768825660473,0 
								</coordinates>
							</LinearRing>
						</outerBoundaryIs>
					</Polygon>
				</MultiGeometry>
			</Placemark>
		</Folder>
		<Folder>
			<name>stratum 4</name>
			<Placemark id="ID_00088">
				<name>N-18</name>
				<Snippet maxLines="0"></Snippet>
				<description><![CDATA[<html xmlns:fo="http://www.w3.org/1999/XSL/Format" xmlns:msxsl="urn:schemas-microsoft-com:xslt">

<head>

<META http-equiv="Content-Type" content="text/html">

<meta http-equiv="content-type" content="text/html; charset=UTF-8">

</head>

<body style="margin:0px 0px 0px 0px;overflow:auto;background:#FFFFFF;">

<table style="font-family:Arial,Verdana,Times;font-size:12px;text-align:left;width:100%;border-collapse:collapse;padding:3px 3px 3px 3px">

<tr style="text-align:center;font-weight:bold;background:#9CBCE2">



</tr>

<tr>

<td>

<table style="font-family:Arial,Verdana,Times;font-size:12px;text-align:left;width:100%;border-spacing:0px; padding:3px 3px 3px 3px">

<tr>



</tr>

</table>

</td>

</tr>

</table>

</body>

</html>]]></description>
				<styleUrl>#PolyStyle08610</styleUrl>
				<MultiGeometry>
					<Polygon>
						<outerBoundaryIs>
							<LinearRing>
								<coordinates>
									105.4615563716147,26.64259888375666,0 105.4684033223927,26.64739669192499,0 105.4715143850236,26.64604166673696,0 105.4747861439067,26.6457442341112,0 105.4793170076584,26.64750623668132,0 105.4864851605187,26.65169288662579,0 105.4926321014504,26.65268432871153,0 105.4975747424535,26.65673346442805,0 105.4997356792798,26.66052219855288,0 105.4969944466278,26.66180559590055,0 105.4936235435362,26.66012014435477,0 105.4878810652319,26.65936608154721,0 105.4840065553044,26.65655095284603,0 105.4739929902381,26.6575423949318,0 105.4603110894545,26.6533783381716,0 105.4581653307405,26.65875392519649,0 105.4289702234897,26.64283110318734,0 105.4329128667835,26.64073483232131,0 105.4362740017446,26.64231390265908,0 105.4403948474928,26.64281644482338,0 105.444616201674,26.64241441109192,0 105.4488375558551,26.6424144110919,0 105.4517523004088,26.64512813877985,0 105.4547675533954,26.64412305445099,0 105.4570792473518,26.64362051228647,0 105.4585868738451,26.64251491952479,0 105.4615563716147,26.64259888375666,0 
								</coordinates>
							</LinearRing>
						</outerBoundaryIs>
					</Polygon>
				</MultiGeometry>
			</Placemark>
			<Placemark id="ID_00086">
				<name>Z-24</name>
				<Snippet maxLines="0"></Snippet>
				<description><![CDATA[<html xmlns:fo="http://www.w3.org/1999/XSL/Format" xmlns:msxsl="urn:schemas-microsoft-com:xslt">

<head>

<META http-equiv="Content-Type" content="text/html">

<meta http-equiv="content-type" content="text/html; charset=UTF-8">

</head>

<body style="margin:0px 0px 0px 0px;overflow:auto;background:#FFFFFF;">

<table style="font-family:Arial,Verdana,Times;font-size:12px;text-align:left;width:100%;border-collapse:collapse;padding:3px 3px 3px 3px">

<tr style="text-align:center;font-weight:bold;background:#9CBCE2">



</tr>

<tr>

<td>

<table style="font-family:Arial,Verdana,Times;font-size:12px;text-align:left;width:100%;border-spacing:0px; padding:3px 3px 3px 3px">

<tr>



</tr>

</table>

</td>

</tr>

</table>

</body>

</html>]]></description>
				<styleUrl>#PolyStyle0863</styleUrl>
				<MultiGeometry>
					<Polygon>
						<outerBoundaryIs>
							<LinearRing>
								<coordinates>
									105.4444130749452,26.60492198898578,0 105.4435226803481,26.59669763383796,0 105.440903005185,26.59137516287371,0 105.4425686278892,26.58788528673188,0 105.4471186216175,26.59357277889211,0 105.4498656416404,26.59700655392089,0 105.4535141485161,26.60049643006272,0 105.4554177173207,26.6046208291396,0 105.4586531233273,26.61082725659634,0 105.4567693833641,26.61290928497646,0 105.4526053266039,26.61588361123375,0 105.4489369908866,26.61628018806808,0 105.4475507605488,26.61389469572572,0 105.4444130749452,26.60492198898578,0 
								</coordinates>
							</LinearRing>
						</outerBoundaryIs>
					</Polygon>
				</MultiGeometry>
			</Placemark>
			<Placemark id="ID_00087">
				<name>Z-25</name>
				<Snippet maxLines="0"></Snippet>
				<description><![CDATA[<html xmlns:fo="http://www.w3.org/1999/XSL/Format" xmlns:msxsl="urn:schemas-microsoft-com:xslt">

<head>

<META http-equiv="Content-Type" content="text/html">

<meta http-equiv="content-type" content="text/html; charset=UTF-8">

</head>

<body style="margin:0px 0px 0px 0px;overflow:auto;background:#FFFFFF;">

<table style="font-family:Arial,Verdana,Times;font-size:12px;text-align:left;width:100%;border-collapse:collapse;padding:3px 3px 3px 3px">

<tr style="text-align:center;font-weight:bold;background:#9CBCE2">



</tr>

<tr>

<td>

<table style="font-family:Arial,Verdana,Times;font-size:12px;text-align:left;width:100%;border-spacing:0px; padding:3px 3px 3px 3px">

<tr>



</tr>

</table>

</td>

</tr>

</table>

</body>

</html>]]></description>
				<styleUrl>#PolyStyle0866</styleUrl>
				<MultiGeometry>
					<Polygon>
						<outerBoundaryIs>
							<LinearRing>
								<coordinates>
									105.5820049750203,26.67893254010562,0 105.5851864672636,26.66616504675953,0 105.5994934423426,26.67169593293789,0 105.6164793675004,26.67672135458222,0 105.6156499644958,26.69153371334543,0 105.5820049750203,26.67893254010562,0 
								</coordinates>
							</LinearRing>
						</outerBoundaryIs>
					</Polygon>
				</MultiGeometry>
			</Placemark>
			<Placemark id="ID_00089">
				<name>Z-26</name>
				<Snippet maxLines="0"></Snippet>
				<description><![CDATA[<html xmlns:fo="http://www.w3.org/1999/XSL/Format" xmlns:msxsl="urn:schemas-microsoft-com:xslt">

<head>

<META http-equiv="Content-Type" content="text/html">

<meta http-equiv="content-type" content="text/html; charset=UTF-8">

</head>

<body style="margin:0px 0px 0px 0px;overflow:auto;background:#FFFFFF;">

<table style="font-family:Arial,Verdana,Times;font-size:12px;text-align:left;width:100%;border-collapse:collapse;padding:3px 3px 3px 3px">

<tr style="text-align:center;font-weight:bold;background:#9CBCE2">



</tr>

<tr>

<td>

<table style="font-family:Arial,Verdana,Times;font-size:12px;text-align:left;width:100%;border-spacing:0px; padding:3px 3px 3px 3px">

<tr>



</tr>

</table>

</td>

</tr>

</table>

</body>

</html>]]></description>
				<styleUrl>#PolyStyle0861</styleUrl>
				<MultiGeometry>
					<Polygon>
						<outerBoundaryIs>
							<LinearRing>
								<coordinates>
									105.4457546420537,26.50958992350036,0 105.4603286790003,26.50995537791031,0 105.4635370293711,26.51055728214419,0 105.4666876683672,26.5140933660879,0 105.4725235783693,26.52178466115517,0 105.4752004720008,26.53070763992707,0 105.4710364152406,26.53348367776722,0 105.4587640910075,26.5283016449178,0 105.4457546420537,26.50958992350036,0 
								</coordinates>
							</LinearRing>
						</outerBoundaryIs>
					</Polygon>
				</MultiGeometry>
			</Placemark>
		</Folder>
		<Folder>
			<name>stratum 5</name>
			<Placemark id="ID_00100">
				<name>N-19</name>
				<Snippet maxLines="0"></Snippet>
				<description><![CDATA[<html xmlns:fo="http://www.w3.org/1999/XSL/Format" xmlns:msxsl="urn:schemas-microsoft-com:xslt">

<head>

<META http-equiv="Content-Type" content="text/html">

<meta http-equiv="content-type" content="text/html; charset=UTF-8">

</head>

<body style="margin:0px 0px 0px 0px;overflow:auto;background:#FFFFFF;">

<table style="font-family:Arial,Verdana,Times;font-size:12px;text-align:left;width:100%;border-collapse:collapse;padding:3px 3px 3px 3px">

<tr style="text-align:center;font-weight:bold;background:#9CBCE2">



</tr>

<tr>

<td>

<table style="font-family:Arial,Verdana,Times;font-size:12px;text-align:left;width:100%;border-spacing:0px; padding:3px 3px 3px 3px">

<tr>



</tr>

</table>

</td>

</tr>

</table>

</body>

</html>]]></description>
				<styleUrl>#PolyStyle04029</styleUrl>
				<MultiGeometry>
					<Polygon>
						<outerBoundaryIs>
							<LinearRing>
								<coordinates>
									105.2641478233589,27.06230149755522,0 105.2713832449044,27.07567781483072,0 105.2684089186471,27.08033759263361,0 105.2571064788694,27.0778589874194,0 105.2526449894834,27.07260434436465,0 105.2524276649968,27.06612988378737,0 105.2503469495251,27.06325328195744,0 105.2493951651227,27.05897025214694,0 105.2475136413395,27.05109809649979,0 105.246894625386,27.04543883121477,0 105.2535592218829,27.04493143221266,0 105.2558197098385,27.04421759391077,0 105.2578422516934,27.04790575846995,0 105.2612697314295,27.05073710327958,0 105.2617683623531,27.05623387199034,0 105.2641478233589,27.06230149755522,0 
								</coordinates>
							</LinearRing>
						</outerBoundaryIs>
					</Polygon>
				</MultiGeometry>
			</Placemark>
			<Placemark id="ID_00096">
				<name>Z-27</name>
				<Snippet maxLines="0"></Snippet>
				<description><![CDATA[<html xmlns:fo="http://www.w3.org/1999/XSL/Format" xmlns:msxsl="urn:schemas-microsoft-com:xslt">

<head>

<META http-equiv="Content-Type" content="text/html">

<meta http-equiv="content-type" content="text/html; charset=UTF-8">

</head>

<body style="margin:0px 0px 0px 0px;overflow:auto;background:#FFFFFF;">

<table style="font-family:Arial,Verdana,Times;font-size:12px;text-align:left;width:100%;border-collapse:collapse;padding:3px 3px 3px 3px">

<tr style="text-align:center;font-weight:bold;background:#9CBCE2">



</tr>

<tr>

<td>

<table style="font-family:Arial,Verdana,Times;font-size:12px;text-align:left;width:100%;border-spacing:0px; padding:3px 3px 3px 3px">

<tr>



</tr>

</table>

</td>

</tr>

</table>

</body>

</html>]]></description>
				<styleUrl>#PolyStyle04024</styleUrl>
				<MultiGeometry>
					<Polygon>
						<outerBoundaryIs>
							<LinearRing>
								<coordinates>
									105.5168723273519,26.47389787678144,0 105.5106726296836,26.47020971222231,0 105.5052196982119,26.46802853963362,0 105.5058145634636,26.46098930082467,0 105.5093837549723,26.46198074291045,0 105.5125563696468,26.46098930082467,0 105.5152040893496,26.4608938992447,0 105.5148300480718,26.45797823351437,0 105.5096387658942,26.45118195571229,0 105.5408572942907,26.46425312817124,0 105.549453029049,26.46905616938094,0 105.5389537254861,26.46920240706318,0 105.5326084961372,26.47288264008552,0 105.5308318319195,26.47795882356456,0 105.5427608630953,26.48595381254422,0 105.555259618929,26.49295568364421,0 105.538446107138,26.49902498500298,0 105.5346573553362,26.50885642928654,0 105.5276592172451,26.49839046206816,0 105.5182038375072,26.48409178954477,0 105.5168723273519,26.47389787678144,0 
								</coordinates>
							</LinearRing>
						</outerBoundaryIs>
					</Polygon>
				</MultiGeometry>
			</Placemark>
			<Placemark id="ID_00097">
				<name>Z-28</name>
				<Snippet maxLines="0"></Snippet>
				<description><![CDATA[<html xmlns:fo="http://www.w3.org/1999/XSL/Format" xmlns:msxsl="urn:schemas-microsoft-com:xslt">

<head>

<META http-equiv="Content-Type" content="text/html">

<meta http-equiv="content-type" content="text/html; charset=UTF-8">

</head>

<body style="margin:0px 0px 0px 0px;overflow:auto;background:#FFFFFF;">

<table style="font-family:Arial,Verdana,Times;font-size:12px;text-align:left;width:100%;border-collapse:collapse;padding:3px 3px 3px 3px">

<tr style="text-align:center;font-weight:bold;background:#9CBCE2">



</tr>

<tr>

<td>

<table style="font-family:Arial,Verdana,Times;font-size:12px;text-align:left;width:100%;border-spacing:0px; padding:3px 3px 3px 3px">

<tr>



</tr>

</table>

</td>

</tr>

</table>

</body>

</html>]]></description>
				<styleUrl>#PolyStyle04027</styleUrl>
				<MultiGeometry>
					<Polygon>
						<outerBoundaryIs>
							<LinearRing>
								<coordinates>
									105.5381100262972,26.53796553533939,0 105.5489672679091,26.54636586376782,0 105.5577610874789,26.54947359996939,0 105.5608140500611,26.54361675522827,0 105.5684481541215,26.5516474361229,0 105.5823283433222,26.56047127068623,0 105.5928376294312,26.56741136528655,0 105.5801471707335,26.57048483575239,0 105.5433646693517,26.55809180968038,0 105.532756239034,26.55591063709172,0 105.5235358276365,26.55482005079736,0 105.5266092981023,26.53072800811332,0 105.5381100262972,26.53796553533939,0 
								</coordinates>
							</LinearRing>
						</outerBoundaryIs>
					</Polygon>
				</MultiGeometry>
			</Placemark>
			<Placemark id="ID_00098">
				<name>Z-29</name>
				<Snippet maxLines="0"></Snippet>
				<description><![CDATA[<html xmlns:fo="http://www.w3.org/1999/XSL/Format" xmlns:msxsl="urn:schemas-microsoft-com:xslt">

<head>

<META http-equiv="Content-Type" content="text/html">

<meta http-equiv="content-type" content="text/html; charset=UTF-8">

</head>

<body style="margin:0px 0px 0px 0px;overflow:auto;background:#FFFFFF;">

<table style="font-family:Arial,Verdana,Times;font-size:12px;text-align:left;width:100%;border-collapse:collapse;padding:3px 3px 3px 3px">

<tr style="text-align:center;font-weight:bold;background:#9CBCE2">



</tr>

<tr>

<td>

<table style="font-family:Arial,Verdana,Times;font-size:12px;text-align:left;width:100%;border-spacing:0px; padding:3px 3px 3px 3px">

<tr>



</tr>

</table>

</td>

</tr>

</table>

</body>

</html>]]></description>
				<styleUrl>#PolyStyle04035</styleUrl>
				<MultiGeometry>
					<Polygon>
						<outerBoundaryIs>
							<LinearRing>
								<coordinates>
									105.8126741920161,26.55278829846146,0 105.7978210535939,26.5690251331419,0 105.7813252171784,26.54340145204848,0 105.8048275669521,26.53899590179463,0 105.8126741920161,26.55278829846146,0 
								</coordinates>
							</LinearRing>
						</outerBoundaryIs>
					</Polygon>
				</MultiGeometry>
			</Placemark>
			<Placemark id="ID_00104">
				<name>Z-30</name>
				<Snippet maxLines="0"></Snippet>
				<description><![CDATA[<html xmlns:fo="http://www.w3.org/1999/XSL/Format" xmlns:msxsl="urn:schemas-microsoft-com:xslt">

<head>

<META http-equiv="Content-Type" content="text/html">

<meta http-equiv="content-type" content="text/html; charset=UTF-8">

</head>

<body style="margin:0px 0px 0px 0px;overflow:auto;background:#FFFFFF;">

<table style="font-family:Arial,Verdana,Times;font-size:12px;text-align:left;width:100%;border-collapse:collapse;padding:3px 3px 3px 3px">

<tr style="text-align:center;font-weight:bold;background:#9CBCE2">



</tr>

<tr>

<td>

<table style="font-family:Arial,Verdana,Times;font-size:12px;text-align:left;width:100%;border-spacing:0px; padding:3px 3px 3px 3px">

<tr>



</tr>

</table>

</td>

</tr>

</table>

</body>

</html>]]></description>
				<styleUrl>#PolyStyle04032</styleUrl>
				<MultiGeometry>
					<Polygon>
						<outerBoundaryIs>
							<LinearRing>
								<coordinates>
									105.983228027342,26.6961273476969,0 105.9703999187587,26.69133178909517,0 105.9734146313362,26.6850154285649,0 105.9782211425679,26.6853961423258,0 105.979839176052,26.68734730035049,0 105.983228027342,26.6961273476969,0 
								</coordinates>
							</LinearRing>
						</outerBoundaryIs>
					</Polygon>
				</MultiGeometry>
			</Placemark>
			<Placemark id="ID_00107">
				<name>Z-31</name>
				<Snippet maxLines="0"></Snippet>
				<description><![CDATA[<html xmlns:fo="http://www.w3.org/1999/XSL/Format" xmlns:msxsl="urn:schemas-microsoft-com:xslt">

<head>

<META http-equiv="Content-Type" content="text/html">

<meta http-equiv="content-type" content="text/html; charset=UTF-8">

</head>

<body style="margin:0px 0px 0px 0px;overflow:auto;background:#FFFFFF;">

<table style="font-family:Arial,Verdana,Times;font-size:12px;text-align:left;width:100%;border-collapse:collapse;padding:3px 3px 3px 3px">

<tr style="text-align:center;font-weight:bold;background:#9CBCE2">



</tr>

<tr>

<td>

<table style="font-family:Arial,Verdana,Times;font-size:12px;text-align:left;width:100%;border-spacing:0px; padding:3px 3px 3px 3px">

<tr>



</tr>

</table>

</td>

</tr>

</table>

</body>

</html>]]></description>
				<styleUrl>#PolyStyle04056</styleUrl>
				<MultiGeometry>
					<Polygon>
						<outerBoundaryIs>
							<LinearRing>
								<coordinates>
									105.5814271610242,26.63757273370118,0 105.5634586621289,26.64347851741036,0 105.5438577210497,26.63717437408196,0 105.5389408427939,26.62160508433467,0 105.543201380598,26.60348194657569,0 105.5453606762576,26.59375763303654,0 105.58673628812,26.60159293090576,0 105.5835994692599,26.61226284570169,0 105.5713226073863,26.61540216421479,0 105.580218687067,26.6232352383376,0 105.5858073057498,26.62510942192478,0 105.5814271610242,26.63757273370118,0 
								</coordinates>
							</LinearRing>
						</outerBoundaryIs>
					</Polygon>
				</MultiGeometry>
			</Placemark>
			<Placemark id="ID_00090">
				<name>W-6</name>
				<Snippet maxLines="0"></Snippet>
				<description><![CDATA[<html xmlns:fo="http://www.w3.org/1999/XSL/Format" xmlns:msxsl="urn:schemas-microsoft-com:xslt">

<head>

<META http-equiv="Content-Type" content="text/html">

<meta http-equiv="content-type" content="text/html; charset=UTF-8">

</head>

<body style="margin:0px 0px 0px 0px;overflow:auto;background:#FFFFFF;">

<table style="font-family:Arial,Verdana,Times;font-size:12px;text-align:left;width:100%;border-collapse:collapse;padding:3px 3px 3px 3px">

<tr style="text-align:center;font-weight:bold;background:#9CBCE2">



</tr>

<tr>

<td>

<table style="font-family:Arial,Verdana,Times;font-size:12px;text-align:left;width:100%;border-spacing:0px; padding:3px 3px 3px 3px">

<tr>



</tr>

</table>

</td>

</tr>

</table>

</body>

</html>]]></description>
				<styleUrl>#PolyStyle0400</styleUrl>
				<MultiGeometry>
					<Polygon>
						<outerBoundaryIs>
							<LinearRing>
								<coordinates>
									104.5680065304854,26.63233784051011,0 104.5515089341782,26.64439377627286,0 104.5435773974921,26.64122116159841,0 104.546599323438,26.63127805042205,0 104.5484949502375,26.62504082675878,0 104.5501291738601,26.60177107462897,0 104.5513503034446,26.59394920294937,0 104.5682811705161,26.59685466217464,0 104.5806969891831,26.60235663183652,0 104.5829178194552,26.61806107447515,0 104.5680065304854,26.63233784051011,0 
								</coordinates>
							</LinearRing>
						</outerBoundaryIs>
					</Polygon>
				</MultiGeometry>
			</Placemark>
			<Placemark id="ID_00099">
				<name>W-7</name>
				<Snippet maxLines="0"></Snippet>
				<description><![CDATA[<html xmlns:fo="http://www.w3.org/1999/XSL/Format" xmlns:msxsl="urn:schemas-microsoft-com:xslt">

<head>

<META http-equiv="Content-Type" content="text/html">

<meta http-equiv="content-type" content="text/html; charset=UTF-8">

</head>

<body style="margin:0px 0px 0px 0px;overflow:auto;background:#FFFFFF;">

<table style="font-family:Arial,Verdana,Times;font-size:12px;text-align:left;width:100%;border-collapse:collapse;padding:3px 3px 3px 3px">

<tr style="text-align:center;font-weight:bold;background:#9CBCE2">



</tr>

<tr>

<td>

<table style="font-family:Arial,Verdana,Times;font-size:12px;text-align:left;width:100%;border-spacing:0px; padding:3px 3px 3px 3px">

<tr>



</tr>

</table>

</td>

</tr>

</table>

</body>

</html>]]></description>
				<styleUrl>#PolyStyle0401</styleUrl>
				<MultiGeometry>
					<Polygon>
						<outerBoundaryIs>
							<LinearRing>
								<coordinates>
									104.6459286591833,26.53235513893417,0 104.6398457029708,26.54223354078425,0 104.6276509653161,26.54510872283315,0 104.6171416792068,26.54957021221889,0 104.6035589226319,26.556609451028,0 104.5975111259089,26.54917363538459,0 104.6227398473466,26.53592166433595,0 104.6459286591833,26.53235513893417,0 
								</coordinates>
							</LinearRing>
						</outerBoundaryIs>
					</Polygon>
				</MultiGeometry>
			</Placemark>
			<Placemark id="ID_00101">
				<name>W-8</name>
				<Snippet maxLines="0"></Snippet>
				<description><![CDATA[<html xmlns:fo="http://www.w3.org/1999/XSL/Format" xmlns:msxsl="urn:schemas-microsoft-com:xslt">

<head>

<META http-equiv="Content-Type" content="text/html">

<meta http-equiv="content-type" content="text/html; charset=UTF-8">

</head>

<body style="margin:0px 0px 0px 0px;overflow:auto;background:#FFFFFF;">

<table style="font-family:Arial,Verdana,Times;font-size:12px;text-align:left;width:100%;border-collapse:collapse;padding:3px 3px 3px 3px">

<tr style="text-align:center;font-weight:bold;background:#9CBCE2">



</tr>

<tr>

<td>

<table style="font-family:Arial,Verdana,Times;font-size:12px;text-align:left;width:100%;border-spacing:0px; padding:3px 3px 3px 3px">

<tr>



</tr>

</table>

</td>

</tr>

</table>

</body>

</html>]]></description>
				<styleUrl>#PolyStyle04038</styleUrl>
				<MultiGeometry>
					<Polygon>
						<outerBoundaryIs>
							<LinearRing>
								<coordinates>
									103.929861389827,26.58169532258595,0 103.9132886377791,26.57783897307963,0 103.9201480373267,26.55464205159084,0 103.9097670720663,26.51612667450693,0 103.9547354581528,26.52669278191905,0 103.9651863283248,26.55324042149712,0 103.9761147165913,26.5389098023899,0 103.9844962570178,26.5648588754567,0 103.9637556748966,26.57687795501732,0 103.9665401819428,26.5871793976277,0 103.9534618457619,26.59475379786739,0 103.9562633382319,26.60512014519422,0 103.9388760883794,26.61232766019613,0 103.9296439952851,26.59966511994901,0 103.9426128832417,26.59529606775788,0 103.9297527035952,26.5906803324901,0 103.929861389827,26.58169532258595,0 
								</coordinates>
							</LinearRing>
						</outerBoundaryIs>
					</Polygon>
				</MultiGeometry>
			</Placemark>
			<Placemark id="ID_00091">
				<name>Q-5</name>
				<Snippet maxLines="0"></Snippet>
				<description><![CDATA[<html xmlns:fo="http://www.w3.org/1999/XSL/Format" xmlns:msxsl="urn:schemas-microsoft-com:xslt">

<head>

<META http-equiv="Content-Type" content="text/html">

<meta http-equiv="content-type" content="text/html; charset=UTF-8">

</head>

<body style="margin:0px 0px 0px 0px;overflow:auto;background:#FFFFFF;">

<table style="font-family:Arial,Verdana,Times;font-size:12px;text-align:left;width:100%;border-collapse:collapse;padding:3px 3px 3px 3px">

<tr style="text-align:center;font-weight:bold;background:#9CBCE2">



</tr>

<tr>

<td>

<table style="font-family:Arial,Verdana,Times;font-size:12px;text-align:left;width:100%;border-spacing:0px; padding:3px 3px 3px 3px">

<tr>


</tr>

</table>

</td>

</tr>

</table>

</body>

</html>]]></description>
				<styleUrl>#PolyStyle04039</styleUrl>
				<MultiGeometry>
					<Polygon>
						<outerBoundaryIs>
							<LinearRing>
								<coordinates>
									106.2943707475153,27.22882562804701,0 106.2954668265087,27.23170203057435,0 106.2820009827751,27.23779076846225,0 106.2822099798913,27.23347530029764,0 106.2822099798913,27.23169070454327,0 106.282150493366,27.22919227048712,0 106.2824479259918,27.22734818820754,0 106.2819125472656,27.22532564635252,0 106.2811095020734,27.2235869500072,0 106.2809012763379,27.21906766390719,0 106.2802469245614,27.20855044626145,0 106.2857196848748,27.20943084683364,0 106.2881467351008,27.20968069023934,0 106.2926646507169,27.2243483767063,0 106.2919062834901,27.22514718677724,0 106.2907165529871,27.22568256550347,0 106.2896457955345,27.2257420520287,0 106.2897052820595,27.22633691728015,0 106.290657066462,27.22657486338062,0 106.2909544990877,27.22734818820753,0 106.2909544990877,27.22835945913499,0 106.2911329586631,27.2296681626882,0 106.2925606352666,27.23014405488934,0 106.2933339600935,27.22990610878889,0 106.2943707475153,27.22882562804701,0 
								</coordinates>
							</LinearRing>
						</outerBoundaryIs>
					</Polygon>
				</MultiGeometry>
			</Placemark>
			<Placemark id="ID_00092">
				<name>Q-6</name>
				<Snippet maxLines="0"></Snippet>
				<description><![CDATA[<html xmlns:fo="http://www.w3.org/1999/XSL/Format" xmlns:msxsl="urn:schemas-microsoft-com:xslt">

<head>

<META http-equiv="Content-Type" content="text/html">

<meta http-equiv="content-type" content="text/html; charset=UTF-8">

</head>

<body style="margin:0px 0px 0px 0px;overflow:auto;background:#FFFFFF;">

<table style="font-family:Arial,Verdana,Times;font-size:12px;text-align:left;width:100%;border-collapse:collapse;padding:3px 3px 3px 3px">

<tr style="text-align:center;font-weight:bold;background:#9CBCE2">



</tr>

<tr>

<td>

<table style="font-family:Arial,Verdana,Times;font-size:12px;text-align:left;width:100%;border-spacing:0px; padding:3px 3px 3px 3px">

<tr>



</tr>

</table>

</td>

</tr>

</table>

</body>

</html>]]></description>
				<styleUrl>#PolyStyle04012</styleUrl>
				<MultiGeometry>
					<Polygon>
						<outerBoundaryIs>
							<LinearRing>
								<coordinates>
									105.9856097120183,27.03738497756033,0 105.9861853010684,27.03399666443254,0 105.989269082532,27.0344535209457,0 105.9896117249169,27.03274030902151,0 105.9895546178527,27.03079866884082,0 105.9911536156486,27.02999916994281,0 105.9928668275728,27.02891413572405,0 105.994783205102,27.02928118037724,0 105.9952653242666,27.03085577590495,0 105.9952653242666,27.03262609489326,0 105.9944658253688,27.03576698342085,0 105.9945229324329,27.03965026378245,0 105.990038976378,27.03657575984904,0 105.9856097120183,27.03738497756033,0 
								</coordinates>
							</LinearRing>
						</outerBoundaryIs>
					</Polygon>
				</MultiGeometry>
			</Placemark>
			<Placemark id="ID_00094">
				<name>Q-7</name>
				<Snippet maxLines="0"></Snippet>
				<description><![CDATA[<html xmlns:fo="http://www.w3.org/1999/XSL/Format" xmlns:msxsl="urn:schemas-microsoft-com:xslt">

<head>

<META http-equiv="Content-Type" content="text/html">

<meta http-equiv="content-type" content="text/html; charset=UTF-8">

</head>

<body style="margin:0px 0px 0px 0px;overflow:auto;background:#FFFFFF;">

<table style="font-family:Arial,Verdana,Times;font-size:12px;text-align:left;width:100%;border-collapse:collapse;padding:3px 3px 3px 3px">

<tr style="text-align:center;font-weight:bold;background:#9CBCE2">



</tr>

<tr>

<td>

<table style="font-family:Arial,Verdana,Times;font-size:12px;text-align:left;width:100%;border-spacing:0px; padding:3px 3px 3px 3px">

<tr>



</tr>

</table>

</td>

</tr>

</table>

</body>

</html>]]></description>
				<styleUrl>#PolyStyle0403</styleUrl>
				<MultiGeometry>
					<Polygon>
						<outerBoundaryIs>
							<LinearRing>
								<coordinates>
									106.1430748521831,27.05670528175294,0 106.1382683409512,27.05280296570321,0 106.1449784209877,27.03800271824706,0 106.151260198043,27.04057253613334,0 106.1536396590488,27.0452838689248,0 106.1506891274016,27.04985243405594,0 106.1430748521831,27.05670528175294,0 
								</coordinates>
							</LinearRing>
						</outerBoundaryIs>
					</Polygon>
				</MultiGeometry>
			</Placemark>
			<Placemark id="ID_00102">
				<name>Q-8</name>
				<Snippet maxLines="0"></Snippet>
				<description><![CDATA[<html xmlns:fo="http://www.w3.org/1999/XSL/Format" xmlns:msxsl="urn:schemas-microsoft-com:xslt">

<head>

<META http-equiv="Content-Type" content="text/html">

<meta http-equiv="content-type" content="text/html; charset=UTF-8">

</head>

<body style="margin:0px 0px 0px 0px;overflow:auto;background:#FFFFFF;">

<table style="font-family:Arial,Verdana,Times;font-size:12px;text-align:left;width:100%;border-collapse:collapse;padding:3px 3px 3px 3px">

<tr style="text-align:center;font-weight:bold;background:#9CBCE2">



</tr>

<tr>

<td>

<table style="font-family:Arial,Verdana,Times;font-size:12px;text-align:left;width:100%;border-spacing:0px; padding:3px 3px 3px 3px">

<tr>



</tr>

</table>

</td>

</tr>

</table>

</body>

</html>]]></description>
				<styleUrl>#PolyStyle04045</styleUrl>
				<MultiGeometry>
					<Polygon>
						<outerBoundaryIs>
							<LinearRing>
								<coordinates>
									106.2937593100884,27.29246011445879,0 106.2763794342073,27.29498849649815,0 106.2812963660091,27.29091871116527,0 106.2823530490118,27.28718258197755,0 106.2674479029553,27.28620737837384,0 106.26530638805,27.27821238939413,0 106.269221763913,27.27651027180544,0 106.2695894178605,27.27450043022516,0 106.275871194916,27.27435766256467,0 106.2794403864247,27.27778408641312,0 106.2852938604991,27.27678471279073,0 106.2869358465038,27.28138808815465,0 106.2870070724232,27.28577907539262,0 106.2920039405354,27.28620737837384,0 106.2937593100884,27.29246011445879,0 
								</coordinates>
							</LinearRing>
						</outerBoundaryIs>
					</Polygon>
				</MultiGeometry>
			</Placemark>
			<Placemark id="ID_00103">
				<name>Q-9</name>
				<Snippet maxLines="0"></Snippet>
				<description><![CDATA[<html xmlns:fo="http://www.w3.org/1999/XSL/Format" xmlns:msxsl="urn:schemas-microsoft-com:xslt">

<head>

<META http-equiv="Content-Type" content="text/html">

<meta http-equiv="content-type" content="text/html; charset=UTF-8">

</head>

<body style="margin:0px 0px 0px 0px;overflow:auto;background:#FFFFFF;">

<table style="font-family:Arial,Verdana,Times;font-size:12px;text-align:left;width:100%;border-collapse:collapse;padding:3px 3px 3px 3px">

<tr style="text-align:center;font-weight:bold;background:#9CBCE2">



</tr>

<tr>

<td>

<table style="font-family:Arial,Verdana,Times;font-size:12px;text-align:left;width:100%;border-spacing:0px; padding:3px 3px 3px 3px">

<tr>



</tr>

</table>

</td>

</tr>

</table>

</body>

</html>]]></description>
				<styleUrl>#PolyStyle04058</styleUrl>
				<MultiGeometry>
					<Polygon>
						<outerBoundaryIs>
							<LinearRing>
								<coordinates>
									106.161168835705,27.04641294768126,0 106.1667424969213,27.04399181777637,0 106.167506827567,27.04475238625036,0 106.168021642567,27.04497159625038,0 106.169039792567,27.04606701625031,0 106.169796212567,27.04653750625035,0 106.170327967567,27.04672425625035,0 106.170699247567,27.04690923625035,0 106.172321042567,27.04721823625028,0 106.1725676175669,27.0472181762503,0 106.173327432567,27.04733637625035,0 106.175006032567,27.04791018625028,0 106.176322417567,27.04849047625036,0 106.176773742567,27.04860174625033,0 106.177343997567,27.0484803062503,0 106.179153042567,27.0474087962503,0 106.180099092567,27.04667409625031,0 106.1805544075669,27.04627074625032,0 106.181444387567,27.04576038625025,0 106.182141447567,27.04524756625034,0 106.182658712567,27.04462920625028,0 106.183615332567,27.04388451625029,0 106.184879875205,27.04318550094046,0 106.195113164295,27.0646704990596,0 106.1660557240861,27.05422424588623,0 106.161168835705,27.04641294768126,0 
								</coordinates>
							</LinearRing>
						</outerBoundaryIs>
					</Polygon>
				</MultiGeometry>
			</Placemark>
			<Placemark id="ID_00105">
				<name>Q-10</name>
				<Snippet maxLines="0"></Snippet>
				<description><![CDATA[<html xmlns:fo="http://www.w3.org/1999/XSL/Format" xmlns:msxsl="urn:schemas-microsoft-com:xslt">

<head>

<META http-equiv="Content-Type" content="text/html">

<meta http-equiv="content-type" content="text/html; charset=UTF-8">

</head>

<body style="margin:0px 0px 0px 0px;overflow:auto;background:#FFFFFF;">

<table style="font-family:Arial,Verdana,Times;font-size:12px;text-align:left;width:100%;border-collapse:collapse;padding:3px 3px 3px 3px">

<tr style="text-align:center;font-weight:bold;background:#9CBCE2">



</tr>

<tr>

<td>

<table style="font-family:Arial,Verdana,Times;font-size:12px;text-align:left;width:100%;border-spacing:0px; padding:3px 3px 3px 3px">

<tr>



</tr>

</table>

</td>

</tr>

</table>

</body>

</html>]]></description>
				<styleUrl>#PolyStyle04034</styleUrl>
				<MultiGeometry>
					<Polygon>
						<outerBoundaryIs>
							<LinearRing>
								<coordinates>
									106.1995831964637,27.10026514165412,0 106.1908267799623,27.08494141277652,0 106.2097672895687,27.08094391828679,0 106.2142406762596,27.08246677333045,0 106.2178574569884,27.08617873249959,0 106.2172863863472,27.08941479946745,0 106.2092913973675,27.0915087251527,0 106.2119025657516,27.1001652148179,0 106.2122419290148,27.10312049486119,0 106.2061505088398,27.10273978110021,0 106.2034855125132,27.10112174761627,0 106.2019626574696,27.10293013798068,0 106.1995831964637,27.10026514165412,0 
								</coordinates>
							</LinearRing>
						</outerBoundaryIs>
					</Polygon>
				</MultiGeometry>
			</Placemark>
			<Placemark id="ID_00106">
				<name>Q-11</name>
				<Snippet maxLines="0"></Snippet>
				<description><![CDATA[<html xmlns:fo="http://www.w3.org/1999/XSL/Format" xmlns:msxsl="urn:schemas-microsoft-com:xslt">

<head>

<META http-equiv="Content-Type" content="text/html">

<meta http-equiv="content-type" content="text/html; charset=UTF-8">

</head>

<body style="margin:0px 0px 0px 0px;overflow:auto;background:#FFFFFF;">

<table style="font-family:Arial,Verdana,Times;font-size:12px;text-align:left;width:100%;border-collapse:collapse;padding:3px 3px 3px 3px">

<tr style="text-align:center;font-weight:bold;background:#9CBCE2">



</tr>

<tr>

<td>

<table style="font-family:Arial,Verdana,Times;font-size:12px;text-align:left;width:100%;border-spacing:0px; padding:3px 3px 3px 3px">

<tr>



</tr>

</table>

</td>

</tr>

</table>

</body>

</html>]]></description>
				<styleUrl>#PolyStyle04030</styleUrl>
				<MultiGeometry>
					<Polygon>
						<outerBoundaryIs>
							<LinearRing>
								<coordinates>
									105.9989787995016,26.98587233238088,0 105.9900795121894,26.97857301741563,0 105.9872644964779,26.98536420459607,0 105.9872435630819,26.98541470612986,0 105.9827611187204,26.98554804559734,0 105.9801913008341,26.98597634857832,0 105.9776214829478,26.98554804559734,0 105.9741950590993,26.98526251027656,0 105.9719107765337,26.98483420729561,0 105.971196938232,26.98511974261633,0 105.9676277467233,26.98554804559733,0 105.965057928837,26.98569081325757,0 105.9626426410625,26.98174667081526,0 105.9644668945003,26.98119146324717,0 105.964704840601,26.97952584054303,0 105.9664497786718,26.97714637953721,0 105.9681947167428,26.97492554926521,0 105.9699396548139,26.97325992656104,0 105.9724777465533,26.97143567312333,0 105.9726559194722,26.96985096073695,0 105.9755575067846,26.96882919851208,0 105.9716454581638,26.96748865051006,0 105.9741950590993,26.9647039671863,0 105.9787636242305,26.96456119952587,0 105.9816599168755,26.96212841643019,0 105.9844172235804,26.95850785072708,0 105.9872725767875,26.9581652083422,0 105.9900137158662,26.95885049311201,0 106.0040620536446,26.95947867081752,0 105.9974947412686,26.96187716751143,0 105.9963359528597,26.96417096239365,0 105.9931546043938,26.96610309025774,0 105.9947041315571,26.96850741976619,0 105.9926977478808,26.97044322713239,0 106.0149944302563,26.97845806662593,0 106.0112575437262,26.98069394514547,0 106.0085449581795,26.98126501578685,0 106.0051185343312,26.98212162174886,0 106.0034053224069,26.98283546005076,0 106.001406575162,26.98283546005074,0 105.9989787995016,26.98587233238088,0 
								</coordinates>
							</LinearRing>
						</outerBoundaryIs>
					</Polygon>
				</MultiGeometry>
			</Placemark>
			<Placemark id="ID_00108">
				<name>Q-12</name>
				<Snippet maxLines="0"></Snippet>
				<description><![CDATA[<html xmlns:fo="http://www.w3.org/1999/XSL/Format" xmlns:msxsl="urn:schemas-microsoft-com:xslt">

<head>

<META http-equiv="Content-Type" content="text/html">

<meta http-equiv="content-type" content="text/html; charset=UTF-8">

</head>

<body style="margin:0px 0px 0px 0px;overflow:auto;background:#FFFFFF;">

<table style="font-family:Arial,Verdana,Times;font-size:12px;text-align:left;width:100%;border-collapse:collapse;padding:3px 3px 3px 3px">

<tr style="text-align:center;font-weight:bold;background:#9CBCE2">



</tr>

<tr>

<td>

<table style="font-family:Arial,Verdana,Times;font-size:12px;text-align:left;width:100%;border-spacing:0px; padding:3px 3px 3px 3px">

<tr>



</tr>

</table>

</td>

</tr>

</table>

</body>

</html>]]></description>
				<styleUrl>#PolyStyle04019</styleUrl>
				<MultiGeometry>
					<Polygon>
						<outerBoundaryIs>
							<LinearRing>
								<coordinates>
									106.2436256374751,27.09961429431482,0 106.2410822900555,27.10822154208203,0 106.2373211267783,27.10825283774871,0 106.2325622047667,27.11134613705635,0 106.2299447976602,27.11372559806236,0 106.2242340912463,27.11158408315687,0 106.2207238145558,27.10815903961628,0 106.2273865052485,27.10043820726018,0 106.2279609425398,27.09894319497734,0 106.2320462830516,27.09905018834024,0 106.2350206093088,27.09905018834014,0 106.2401761081548,27.09905018834014,0 106.2423572807435,27.09805874625439,0 106.2436256374751,27.09961429431482,0 
								</coordinates>
							</LinearRing>
						</outerBoundaryIs>
					</Polygon>
				</MultiGeometry>
			</Placemark>
			<Placemark id="ID_00040">
				<name>J-24</name>
				<Snippet maxLines="0"></Snippet>
				<description><![CDATA[<html xmlns:fo="http://www.w3.org/1999/XSL/Format" xmlns:msxsl="urn:schemas-microsoft-com:xslt">

<head>

<META http-equiv="Content-Type" content="text/html">

<meta http-equiv="content-type" content="text/html; charset=UTF-8">

</head>

<body style="margin:0px 0px 0px 0px;overflow:auto;background:#FFFFFF;">

<table style="font-family:Arial,Verdana,Times;font-size:12px;text-align:left;width:100%;border-collapse:collapse;padding:3px 3px 3px 3px">

<tr style="text-align:center;font-weight:bold;background:#9CBCE2">



</tr>

<tr>

<td>

<table style="font-family:Arial,Verdana,Times;font-size:12px;text-align:left;width:100%;border-spacing:0px; padding:3px 3px 3px 3px">

<tr>



</tr>

</table>

</td>

</tr>

</table>

</body>

</html>]]></description>
				<styleUrl>#PolyStyle04021</styleUrl>
				<MultiGeometry>
					<Polygon>
						<outerBoundaryIs>
							<LinearRing>
								<coordinates>
									106.1317183210343,27.3290819103696,0 106.126225493616,27.31777934126761,0 106.1249923779245,27.29659433610327,0 106.1294340384688,27.29177196179828,0 106.1333680806652,27.30205123334331,0 106.1345102219478,27.31753359295454,0 106.1317183210343,27.3290819103696,0 
								</coordinates>
							</LinearRing>
						</outerBoundaryIs>
					</Polygon>
				</MultiGeometry>
			</Placemark>
			<Placemark id="ID_00093">
				<name>D-12</name>
				<Snippet maxLines="0"></Snippet>
				<description><![CDATA[<html xmlns:fo="http://www.w3.org/1999/XSL/Format" xmlns:msxsl="urn:schemas-microsoft-com:xslt">

<head>

<META http-equiv="Content-Type" content="text/html">

<meta http-equiv="content-type" content="text/html; charset=UTF-8">

</head>

<body style="margin:0px 0px 0px 0px;overflow:auto;background:#FFFFFF;">

<table style="font-family:Arial,Verdana,Times;font-size:12px;text-align:left;width:100%;border-collapse:collapse;padding:3px 3px 3px 3px">

<tr style="text-align:center;font-weight:bold;background:#9CBCE2">



</tr>

<tr>

<td>

<table style="font-family:Arial,Verdana,Times;font-size:12px;text-align:left;width:100%;border-spacing:0px; padding:3px 3px 3px 3px">

<tr>



</tr>

</table>

</td>

</tr>

</table>

</body>

</html>]]></description>
				<styleUrl>#PolyStyle04037</styleUrl>
				<MultiGeometry>
					<Polygon>
						<outerBoundaryIs>
							<LinearRing>
								<coordinates>
									105.6788003957504,27.17838560462142,0 105.6835593177621,27.17541127836416,0 105.6898054029023,27.17555999467687,0 105.686831076645,27.18106249825284,0 105.6930771617854,27.18225222875569,0 105.6937291191634,27.17670234244912,0 105.7015539916186,27.17898046987289,0 105.7007465720656,27.18933513256018,0 105.6867470237949,27.18534707750298,0 105.6793952610018,27.18522655501301,0 105.6779080978732,27.18284709400717,0 105.6788003957504,27.17838560462142,0 
								</coordinates>
							</LinearRing>
						</outerBoundaryIs>
					</Polygon>
				</MultiGeometry>
			</Placemark>
			<Placemark id="ID_00095">
				<name>D-13</name>
				<Snippet maxLines="0"></Snippet>
				<description><![CDATA[<html xmlns:fo="http://www.w3.org/1999/XSL/Format" xmlns:msxsl="urn:schemas-microsoft-com:xslt">

<head>

<META http-equiv="Content-Type" content="text/html">

<meta http-equiv="content-type" content="text/html; charset=UTF-8">

</head>

<body style="margin:0px 0px 0px 0px;overflow:auto;background:#FFFFFF;">

<table style="font-family:Arial,Verdana,Times;font-size:12px;text-align:left;width:100%;border-collapse:collapse;padding:3px 3px 3px 3px">

<tr style="text-align:center;font-weight:bold;background:#9CBCE2">



</tr>

<tr>

<td>

<table style="font-family:Arial,Verdana,Times;font-size:12px;text-align:left;width:100%;border-spacing:0px; padding:3px 3px 3px 3px">

<tr>



</tr>

</table>

</td>

</tr>

</table>

</body>

</html>]]></description>
				<styleUrl>#PolyStyle04052</styleUrl>
				<MultiGeometry>
					<Polygon>
						<outerBoundaryIs>
							<LinearRing>
								<coordinates>
									105.6723975000069,27.19255206014805,0 105.655265380765,27.18541367713054,0 105.658560309014,27.17749037203784,0 105.6727086808016,27.18281873124569,0 105.6723975000069,27.19255206014805,0 
								</coordinates>
							</LinearRing>
						</outerBoundaryIs>
					</Polygon>
				</MultiGeometry>
			</Placemark>
		</Folder>
		<Folder>
			<name>stratum 6</name>
			<Placemark id="ID_00126">
				<name>B-2</name>
				<Snippet maxLines="0"></Snippet>
				<description><![CDATA[<html xmlns:fo="http://www.w3.org/1999/XSL/Format" xmlns:msxsl="urn:schemas-microsoft-com:xslt">

<head>

<META http-equiv="Content-Type" content="text/html">

<meta http-equiv="content-type" content="text/html; charset=UTF-8">

</head>

<body style="margin:0px 0px 0px 0px;overflow:auto;background:#FFFFFF;">

<table style="font-family:Arial,Verdana,Times;font-size:12px;text-align:left;width:100%;border-collapse:collapse;padding:3px 3px 3px 3px">

<tr style="text-align:center;font-weight:bold;background:#9CBCE2">



</tr>

<tr>

<td>

<table style="font-family:Arial,Verdana,Times;font-size:12px;text-align:left;width:100%;border-spacing:0px; padding:3px 3px 3px 3px">

<tr>





</tr>

</table>

</td>

</tr>

</table>

</body>

</html>]]></description>
				<styleUrl>#PolyStyle010941</styleUrl>
				<MultiGeometry>
					<Polygon>
						<outerBoundaryIs>
							<LinearRing>
								<coordinates>
									105.3249345531713,27.20640273773129,0 105.3316490844979,27.20796799076407,0 105.3532030883875,27.20729216271918,0 105.3538776531509,27.21439161957625,0 105.3562487984749,27.22556642324404,0 105.3434948874838,27.23622640855012,0 105.3326445452971,27.2318482002994,0 105.3256554929252,27.21437313001012,0 105.3188450017796,27.22209928385763,0 105.3196843186603,27.21706379257201,0 105.3197636340272,27.21523953913416,0 105.3197636340272,27.21301870886208,0 105.3216672028318,27.21087719395678,0 105.3210326798968,27.20810115611668,0 105.3211119952637,27.20738731781488,0 105.3249345531713,27.20640273773129,0 
								</coordinates>
							</LinearRing>
						</outerBoundaryIs>
					</Polygon>
				</MultiGeometry>
			</Placemark>
			<Placemark id="ID_00110">
				<name>D-14</name>
				<Snippet maxLines="0"></Snippet>
				<description><![CDATA[<html xmlns:fo="http://www.w3.org/1999/XSL/Format" xmlns:msxsl="urn:schemas-microsoft-com:xslt">

<head>

<META http-equiv="Content-Type" content="text/html">

<meta http-equiv="content-type" content="text/html; charset=UTF-8">

</head>

<body style="margin:0px 0px 0px 0px;overflow:auto;background:#FFFFFF;">

<table style="font-family:Arial,Verdana,Times;font-size:12px;text-align:left;width:100%;border-collapse:collapse;padding:3px 3px 3px 3px">

<tr style="text-align:center;font-weight:bold;background:#9CBCE2">



</tr>

<tr>

<td>

<table style="font-family:Arial,Verdana,Times;font-size:12px;text-align:left;width:100%;border-spacing:0px; padding:3px 3px 3px 3px">

<tr>



</tr>

</table>

</td>

</tr>

</table>

</body>

</html>]]></description>
				<styleUrl>#PolyStyle010952</styleUrl>
				<MultiGeometry>
					<Polygon>
						<outerBoundaryIs>
							<LinearRing>
								<coordinates>
									105.7527472316265,27.2344363290921,0 105.7520624458546,27.23491041054818,0 105.7516658690203,27.23538630274939,0 105.7505157962007,27.23554493348303,0 105.7498358399646,27.23588201105726,0 105.7455289027966,27.23390808323031,0 105.7447938044899,27.2325907055954,0 105.7451620089376,27.23153950745661,0 105.7452016666212,27.23102395757206,0 105.7452809819881,27.23074635378798,0 105.7465896855412,27.23098429988848,0 105.7468672893253,27.23046875000395,0 105.7467483162748,27.22999285780276,0 105.7463913971241,27.22959628096844,0 105.7453999550383,27.22959628096844,0 105.7448844051538,27.22919970413417,0 105.7446068013697,27.22856518119927,0 105.7443308510273,27.22817210136118,0 105.7472599003911,27.22678719505879,0 105.7489453519371,27.22440773405304,0 105.748449630894,27.22212741725572,0 105.7496142448643,27.22106987903089,0 105.7512005522015,27.22037190380249,0 105.7519619797232,27.22081606985703,0 105.7529137641256,27.22087952215038,0 105.7541828099954,27.22126023591135,0 105.7546269760498,27.22151404508544,0 105.7552112057329,27.22202427569548,0 105.7527472316265,27.2344363290921,0 
								</coordinates>
							</LinearRing>
						</outerBoundaryIs>
					</Polygon>
				</MultiGeometry>
			</Placemark>
			<Placemark id="ID_00113">
				<name>D-15</name>
				<Snippet maxLines="0"></Snippet>
				<description><![CDATA[<html xmlns:fo="http://www.w3.org/1999/XSL/Format" xmlns:msxsl="urn:schemas-microsoft-com:xslt">

<head>

<META http-equiv="Content-Type" content="text/html">

<meta http-equiv="content-type" content="text/html; charset=UTF-8">

</head>

<body style="margin:0px 0px 0px 0px;overflow:auto;background:#FFFFFF;">

<table style="font-family:Arial,Verdana,Times;font-size:12px;text-align:left;width:100%;border-collapse:collapse;padding:3px 3px 3px 3px">

<tr style="text-align:center;font-weight:bold;background:#9CBCE2">



</tr>

<tr>

<td>

<table style="font-family:Arial,Verdana,Times;font-size:12px;text-align:left;width:100%;border-spacing:0px; padding:3px 3px 3px 3px">

<tr>



</tr>

</table>

</td>

</tr>

</table>

</body>

</html>]]></description>
				<styleUrl>#PolyStyle010928</styleUrl>
				<MultiGeometry>
					<Polygon>
						<outerBoundaryIs>
							<LinearRing>
								<coordinates>
									105.7111103629076,27.18043304781134,0 105.7228420700767,27.18665068557585,0 105.7303760380517,27.19304931463921,0 105.7304712164919,27.19952144857503,0 105.7145956116153,27.20457491066011,0 105.7149481202641,27.20343545029418,0 105.7145674065033,27.20273747506581,0 105.7148212156772,27.20156360763607,0 105.7138694312748,27.1990889681902,0 105.7135838959542,27.19661432874418,0 105.7128224684325,27.19366379709702,0 105.7109188996275,27.19118915765079,0 105.7111103629076,27.18043304781134,0 
								</coordinates>
							</LinearRing>
						</outerBoundaryIs>
					</Polygon>
				</MultiGeometry>
			</Placemark>
			<Placemark id="ID_00114">
				<name>D-16</name>
				<Snippet maxLines="0"></Snippet>
				<description><![CDATA[<html xmlns:fo="http://www.w3.org/1999/XSL/Format" xmlns:msxsl="urn:schemas-microsoft-com:xslt">

<head>

<META http-equiv="Content-Type" content="text/html">

<meta http-equiv="content-type" content="text/html; charset=UTF-8">

</head>

<body style="margin:0px 0px 0px 0px;overflow:auto;background:#FFFFFF;">

<table style="font-family:Arial,Verdana,Times;font-size:12px;text-align:left;width:100%;border-collapse:collapse;padding:3px 3px 3px 3px">

<tr style="text-align:center;font-weight:bold;background:#9CBCE2">



</tr>

<tr>

<td>

<table style="font-family:Arial,Verdana,Times;font-size:12px;text-align:left;width:100%;border-spacing:0px; padding:3px 3px 3px 3px">

<tr>



</tr>

</table>

</td>

</tr>

</table>

</body>

</html>]]></description>
				<styleUrl>#PolyStyle010920</styleUrl>
				<MultiGeometry>
					<Polygon>
						<outerBoundaryIs>
							<LinearRing>
								<coordinates>
									105.3094857492219,27.0282270533606,0 105.3070527977244,27.0285217657087,0 105.299778572194,27.02284446450451,0 105.3036560697576,27.01737274540572,0 105.3067017798449,27.01407322614431,0 105.3100012991065,27.01305798944843,0 105.3145698642377,27.0149615582532,0 105.3193922385427,27.0149615582532,0 105.323833899087,27.01432703531821,0 105.3270065137614,27.0122965619269,0 105.3315750788925,27.01204275275266,0 105.3337324568712,27.01140822981783,0 105.3350015027411,27.01102751605686,0 105.3365243577847,27.01115442064374,0 105.3381888016151,27.01200528687605,0 105.3494231980176,27.02076731861511,0 105.3282030567695,27.02952799404732,0 105.3263080633714,27.03507788028571,0 105.3250804722694,27.03504870367986,0 105.3243824970411,27.03403346698395,0 105.3233038080519,27.03384311010345,0 105.3220347621821,27.03212989817929,0 105.3207657163123,27.03168573212495,0 105.319560122736,27.02971871102672,0 105.3179738153988,27.02902073579844,0 105.3161971511811,27.0283862128634,0 105.3146108438438,27.02800549910261,0 105.3130879888,27.0275613330482,0 105.3115651337563,27.02749788075458,0 105.3106133493541,27.02749788075452,0 105.3094857492219,27.0282270533606,0 
								</coordinates>
							</LinearRing>
						</outerBoundaryIs>
					</Polygon>
				</MultiGeometry>
			</Placemark>
			<Placemark id="ID_00115">
				<name>D-17</name>
				<Snippet maxLines="0"></Snippet>
				<description><![CDATA[<html xmlns:fo="http://www.w3.org/1999/XSL/Format" xmlns:msxsl="urn:schemas-microsoft-com:xslt">

<head>

<META http-equiv="Content-Type" content="text/html">

<meta http-equiv="content-type" content="text/html; charset=UTF-8">

</head>

<body style="margin:0px 0px 0px 0px;overflow:auto;background:#FFFFFF;">

<table style="font-family:Arial,Verdana,Times;font-size:12px;text-align:left;width:100%;border-collapse:collapse;padding:3px 3px 3px 3px">

<tr style="text-align:center;font-weight:bold;background:#9CBCE2">



</tr>

<tr>

<td>

<table style="font-family:Arial,Verdana,Times;font-size:12px;text-align:left;width:100%;border-spacing:0px; padding:3px 3px 3px 3px">

<tr>



</tr>

</table>

</td>

</tr>

</table>

</body>

</html>]]></description>
				<styleUrl>#PolyStyle010932</styleUrl>
				<MultiGeometry>
					<Polygon>
						<outerBoundaryIs>
							<LinearRing>
								<coordinates>
									105.8671901572154,27.26589320041322,0 105.8660916032854,27.26628702964041,0 105.8649018727825,27.26729830056785,0 105.8656751976095,27.26807162539478,0 105.8647828997323,27.26914238284743,0 105.8648423862573,27.27027262682515,0 105.8662105763357,27.27122441122751,0 105.8671623607381,27.27170030342859,0 105.8668054415872,27.27277106088124,0 105.8662700628609,27.27396079138412,0 105.8669839011627,27.27390130485912,0 105.8685305508165,27.27407976443441,0 105.868292604716,27.27538846798773,0 105.8693038756434,27.27604281976428,0 105.8694228486937,27.27663768501572,0 105.8693633621685,27.27705409069171,0 105.8698392543697,27.27830330771978,0 105.8704341196211,27.27925509212225,0 105.8703746330959,27.27996893042392,0 105.8700177139451,27.28032584957486,0 105.8692052403087,27.28111925913305,0 105.8606028968907,27.27684567891054,0 105.8584304480046,27.27407599532906,0 105.8570122902328,27.27372164489819,0 105.8564666005088,27.27305539581659,0 105.8548921904766,27.27086847286382,0 105.8525698365349,27.26789890552863,0 105.850932767363,27.26416791067141,0 105.8529450812281,27.26491883956202,0 105.8541942982563,27.26521627218774,0 105.8547296769827,27.26527575871297,0 105.8547891635078,27.26408602821005,0 105.8549676230832,27.26337218990817,0 105.8556219748599,27.26247989203113,0 105.8563358131616,27.26170656720422,0 105.8582393819663,27.26111170195276,0 105.8594885989944,27.26087375585208,0 105.8602803348205,27.26068950700476,0 105.8671901572154,27.26589320041322,0 
								</coordinates>
							</LinearRing>
						</outerBoundaryIs>
					</Polygon>
				</MultiGeometry>
			</Placemark>
			<Placemark id="ID_00116">
				<name>D-18</name>
				<Snippet maxLines="0"></Snippet>
				<description><![CDATA[<html xmlns:fo="http://www.w3.org/1999/XSL/Format" xmlns:msxsl="urn:schemas-microsoft-com:xslt">

<head>

<META http-equiv="Content-Type" content="text/html">

<meta http-equiv="content-type" content="text/html; charset=UTF-8">

</head>

<body style="margin:0px 0px 0px 0px;overflow:auto;background:#FFFFFF;">

<table style="font-family:Arial,Verdana,Times;font-size:12px;text-align:left;width:100%;border-collapse:collapse;padding:3px 3px 3px 3px">

<tr style="text-align:center;font-weight:bold;background:#9CBCE2">



</tr>

<tr>

<td>

<table style="font-family:Arial,Verdana,Times;font-size:12px;text-align:left;width:100%;border-spacing:0px; padding:3px 3px 3px 3px">

<tr>



</tr>

</table>

</td>

</tr>

</table>

</body>

</html>]]></description>
				<styleUrl>#PolyStyle0109</styleUrl>
				<MultiGeometry>
					<Polygon>
						<outerBoundaryIs>
							<LinearRing>
								<coordinates>
									105.5062986088762,27.22564326108724,0 105.5170822158329,27.22708139221533,0 105.5206903098455,27.23488340283388,0 105.5203276365265,27.23522166532742,0 105.5199270939237,27.23548816496014,0 105.5192418091542,27.23632573523405,0 105.5190133808974,27.23708716275615,0 105.5189753095213,27.23845773229527,0 105.5192418091542,27.24081815761319,0 105.5126070493056,27.24202795356057,0 105.5115973693056,27.24088741356055,0 105.5105845393056,27.23950021356047,0 105.5086565293058,27.23681764356058,0 105.5077464943057,27.23585626356079,0 105.5068090193055,27.23545564356068,0 105.5050791093057,27.23533120356051,0 105.5018546293057,27.23573929356071,0 105.5007149943057,27.23601358356045,0 105.4997626793057,27.2361564135606,0 105.4979108640868,27.23628504844803,0 105.4977629053049,27.23628687826253,0 105.4968494552499,27.23598857280493,0 105.4967277924165,27.22836504618318,0 105.5001595994812,27.22864138195453,0 105.5030149526882,27.22721370535106,0 105.5062986088762,27.22564326108724,0 
								</coordinates>
							</LinearRing>
						</outerBoundaryIs>
					</Polygon>
				</MultiGeometry>
			</Placemark>
			<Placemark id="ID_00123">
				<name>D-19</name>
				<Snippet maxLines="0"></Snippet>
				<description><![CDATA[<html xmlns:fo="http://www.w3.org/1999/XSL/Format" xmlns:msxsl="urn:schemas-microsoft-com:xslt">

<head>

<META http-equiv="Content-Type" content="text/html">

<meta http-equiv="content-type" content="text/html; charset=UTF-8">

</head>

<body style="margin:0px 0px 0px 0px;overflow:auto;background:#FFFFFF;">

<table style="font-family:Arial,Verdana,Times;font-size:12px;text-align:left;width:100%;border-collapse:collapse;padding:3px 3px 3px 3px">

<tr style="text-align:center;font-weight:bold;background:#9CBCE2">



</tr>

<tr>

<td>

<table style="font-family:Arial,Verdana,Times;font-size:12px;text-align:left;width:100%;border-spacing:0px; padding:3px 3px 3px 3px">

<tr>



</tr>

</table>

</td>

</tr>

</table>

</body>

</html>]]></description>
				<styleUrl>#PolyStyle010937</styleUrl>
				<MultiGeometry>
					<Polygon>
						<outerBoundaryIs>
							<LinearRing>
								<coordinates>
									105.8853035884604,27.31196383594531,0 105.8848324378971,27.31286061401779,0 105.8827765835881,27.31887589144026,0 105.8786268035939,27.31933274795357,0 105.8785125894657,27.31659160887482,0 105.8746267299135,27.31838770782409,0 105.8700581647821,27.31741688773359,0 105.8698297365257,27.31296253673073,0 105.8689731305636,27.31062114710096,0 105.8668030621263,27.30736604444512,0 105.8682307387297,27.3032543358269,0 105.8694516019555,27.3018579863267,0 105.8699465298448,27.30014477440258,0 105.8713145201933,27.29782916473376,0 105.8729706250533,27.29628727400182,0 105.8775988764396,27.30067777366769,0 105.8774306720629,27.3032078352928,0 105.8789694459788,27.30524633879907,0 105.8833054929087,27.30765546876642,0 105.8832296384047,27.30821186079395,0 105.8835468998721,27.3084180807478,0 105.8837848459728,27.308687752995,0 105.8841021074402,27.30887810987564,0 105.8842131489538,27.30916364519624,0 105.884562136568,27.30936986515003,0 105.8848635349621,27.30962367432409,0 105.8850063026224,27.31003611423187,0 105.8851649333562,27.31052786950641,0 105.8851014810626,27.31122584473479,0 105.8853035884604,27.31196383594531,0 
								</coordinates>
							</LinearRing>
						</outerBoundaryIs>
					</Polygon>
				</MultiGeometry>
			</Placemark>
			<Placemark id="ID_00111">
				<name>N-20</name>
				<Snippet maxLines="0"></Snippet>
				<description><![CDATA[<html xmlns:fo="http://www.w3.org/1999/XSL/Format" xmlns:msxsl="urn:schemas-microsoft-com:xslt">

<head>

<META http-equiv="Content-Type" content="text/html">

<meta http-equiv="content-type" content="text/html; charset=UTF-8">

</head>

<body style="margin:0px 0px 0px 0px;overflow:auto;background:#FFFFFF;">

<table style="font-family:Arial,Verdana,Times;font-size:12px;text-align:left;width:100%;border-collapse:collapse;padding:3px 3px 3px 3px">

<tr style="text-align:center;font-weight:bold;background:#9CBCE2">



</tr>

<tr>

<td>

<table style="font-family:Arial,Verdana,Times;font-size:12px;text-align:left;width:100%;border-spacing:0px; padding:3px 3px 3px 3px">

<tr>



</tr>

</table>

</td>

</tr>

</table>

</body>

</html>]]></description>
				<styleUrl>#PolyStyle010957</styleUrl>
				<MultiGeometry>
					<Polygon>
						<outerBoundaryIs>
							<LinearRing>
								<coordinates>
									105.2679239821012,26.754701197499,0 105.2675103582366,26.75883635099664,0 105.2606212848812,26.76195395961452,0 105.2572022789887,26.76150979042865,0 105.2535220459664,26.76252502712441,0 105.2475575303785,26.76404788216828,0 105.2426082514863,26.76531692803811,0 105.2400701597467,26.7672204968427,0 105.2375402791386,26.77125174609217,0 105.2275817471486,26.76877006290747,0 105.2285220526455,26.76500188188805,0 105.2417751676522,26.75682508334521,0 105.2493341945961,26.75478384731883,0 105.2547910918362,26.75288027851417,0 105.2563139468799,26.75148432805742,0 105.2606287028372,26.7521188509924,0 105.2624053670548,26.75414932438401,0 105.2679239821012,26.754701197499,0 
								</coordinates>
							</LinearRing>
						</outerBoundaryIs>
					</Polygon>
				</MultiGeometry>
			</Placemark>
			<Placemark id="ID_00124">
				<name>N-21</name>
				<Snippet maxLines="0"></Snippet>
				<description><![CDATA[<html xmlns:fo="http://www.w3.org/1999/XSL/Format" xmlns:msxsl="urn:schemas-microsoft-com:xslt">

<head>

<META http-equiv="Content-Type" content="text/html">

<meta http-equiv="content-type" content="text/html; charset=UTF-8">

</head>

<body style="margin:0px 0px 0px 0px;overflow:auto;background:#FFFFFF;">

<table style="font-family:Arial,Verdana,Times;font-size:12px;text-align:left;width:100%;border-collapse:collapse;padding:3px 3px 3px 3px">

<tr style="text-align:center;font-weight:bold;background:#9CBCE2">



</tr>

<tr>

<td>

<table style="font-family:Arial,Verdana,Times;font-size:12px;text-align:left;width:100%;border-spacing:0px; padding:3px 3px 3px 3px">

<tr>



</tr>

</table>

</td>

</tr>

</table>

</body>

</html>]]></description>
				<styleUrl>#PolyStyle010924</styleUrl>
				<MultiGeometry>
					<Polygon>
						<outerBoundaryIs>
							<LinearRing>
								<coordinates>
									105.207980401131,27.02218863959942,0 105.2042926534053,27.02306793225718,0 105.202122584968,27.02325828913762,0 105.2004855157959,27.022991789505,0 105.1985438756151,27.0208217210677,0 105.196830663691,27.01819479611718,0 105.1962595930496,27.01343587410555,0 105.1959550220408,27.01080894915509,0 105.1970971633237,27.00879116622221,0 105.2003332302915,27.00814395282875,0 105.2020083708397,27.00890538035048,0 105.2038781704615,27.00903241308345,0 105.2037977255161,27.00592819874008,0 105.2090135040409,27.0047936717324,0 105.2089373612887,27.00154999048937,0 105.2136962833003,26.9983900662736,0 105.2171988499008,26.99797128113654,0 105.2235186983324,26.99713371086238,0 105.2243502837184,27.0007160247467,0 105.2279349779592,27.00052206333482,0 105.2249654106239,27.0020449183784,0 105.2238613407171,27.00463377195279,0 105.2245846968629,27.00745105378375,0 105.2231379845715,27.00798405304907,0 105.2211963443907,27.01072519212783,0 105.2219197005364,27.01327597432614,0 105.2197496320991,27.0138851163435,0 105.2179110410629,27.01309884331046,0 105.2145338535743,27.01346633120658,0 105.2114881434869,27.01035209264209,0 105.2116023576152,27.01080894915509,0 105.2112977866065,27.01153230530094,0 105.2110693583499,27.01195109043799,0 105.2104221449562,27.01236987557507,0 105.2098130029387,27.0129790175924,0 105.2092800036733,27.01362623098606,0 105.2093561464257,27.01431151575575,0 105.2096607174343,27.01503487190162,0 105.2096607174343,27.01533944291037,0 105.2095596429845,27.01572689496798,0 105.2085566475277,27.01625315593651,0 105.2080997910146,27.0174333685955,0 105.2079475055102,27.01891815226298,0 105.2077571486297,27.02021257905015,0 105.207980401131,27.02218863959942,0 
								</coordinates>
							</LinearRing>
						</outerBoundaryIs>
					</Polygon>
				</MultiGeometry>
			</Placemark>
			<Placemark id="ID_00112">
				<name>Z-32</name>
				<Snippet maxLines="0"></Snippet>
				<description><![CDATA[<html xmlns:fo="http://www.w3.org/1999/XSL/Format" xmlns:msxsl="urn:schemas-microsoft-com:xslt">

<head>

<META http-equiv="Content-Type" content="text/html">

<meta http-equiv="content-type" content="text/html; charset=UTF-8">

</head>

<body style="margin:0px 0px 0px 0px;overflow:auto;background:#FFFFFF;">

<table style="font-family:Arial,Verdana,Times;font-size:12px;text-align:left;width:100%;border-collapse:collapse;padding:3px 3px 3px 3px">

<tr style="text-align:center;font-weight:bold;background:#9CBCE2">



</tr>

<tr>

<td>

<table style="font-family:Arial,Verdana,Times;font-size:12px;text-align:left;width:100%;border-spacing:0px; padding:3px 3px 3px 3px">

<tr>



</tr>

</table>

</td>

</tr>

</table>

</body>

</html>]]></description>
				<styleUrl>#PolyStyle010956</styleUrl>
				<MultiGeometry>
					<Polygon>
						<outerBoundaryIs>
							<LinearRing>
								<coordinates>
									105.9062271989318,26.71264037995564,0 105.9100343365411,26.71435359187981,0 105.9180927778143,26.71378252123836,0 105.919869442032,26.71720894508688,0 105.9251359823915,26.72107953498965,0 105.9246283640436,26.72698059828398,0 105.9277375264245,26.73326237533944,0 105.9165856824078,26.73668639129465,0 105.9011510154527,26.73332582763289,0 105.8971535209628,26.72374453131621,0 105.8955037613322,26.71746275426073,0 105.8963920934411,26.71130788179231,0 105.9062271989318,26.71264037995564,0 
								</coordinates>
							</LinearRing>
						</outerBoundaryIs>
					</Polygon>
				</MultiGeometry>
			</Placemark>
			<Placemark id="ID_00121">
				<name>Z-33</name>
				<Snippet maxLines="0"></Snippet>
				<description><![CDATA[<html xmlns:fo="http://www.w3.org/1999/XSL/Format" xmlns:msxsl="urn:schemas-microsoft-com:xslt">

<head>

<META http-equiv="Content-Type" content="text/html">

<meta http-equiv="content-type" content="text/html; charset=UTF-8">

</head>

<body style="margin:0px 0px 0px 0px;overflow:auto;background:#FFFFFF;">

<table style="font-family:Arial,Verdana,Times;font-size:12px;text-align:left;width:100%;border-collapse:collapse;padding:3px 3px 3px 3px">

<tr style="text-align:center;font-weight:bold;background:#9CBCE2">



</tr>

<tr>

<td>

<table style="font-family:Arial,Verdana,Times;font-size:12px;text-align:left;width:100%;border-spacing:0px; padding:3px 3px 3px 3px">

<tr>



</tr>

</table>

</td>

</tr>

</table>

</body>

</html>]]></description>
				<styleUrl>#PolyStyle01092</styleUrl>
				<MultiGeometry>
					<Polygon>
						<outerBoundaryIs>
							<LinearRing>
								<coordinates>
									105.7621009066196,26.61857253957542,0 105.7711525352395,26.61643803512009,0 105.7752254097998,26.61109460473358,0 105.7936099947833,26.62221161477412,0 105.7708237132511,26.6539160517405,0 105.7647081326045,26.64615797904496,0 105.7673031058858,26.64412482611821,0 105.7702536375331,26.64222125731363,0 105.7725379200987,26.6406032238297,0 105.7750125595447,26.64088875915041,0 105.7724427416584,26.63889001190559,0 105.7701584590928,26.63679608622024,0 105.7674934627663,26.63584430181804,0 105.7664464999238,26.63336966237203,0 105.7661609646031,26.63137091512709,0 105.764067038918,26.62889627568103,0 105.7631152545156,26.62689752843621,0 105.7627345407546,26.62661199311543,0 105.7618779347926,26.62508913807158,0 105.7618779347926,26.62299521238651,0 105.7629248976351,26.62175789266354,0 105.7618303455724,26.62030166252798,0 105.7621009066196,26.61857253957542,0 
								</coordinates>
							</LinearRing>
						</outerBoundaryIs>
					</Polygon>
				</MultiGeometry>
			</Placemark>
			<Placemark id="ID_00128">
				<name>Z-34</name>
				<Snippet maxLines="0"></Snippet>
				<description><![CDATA[<html xmlns:fo="http://www.w3.org/1999/XSL/Format" xmlns:msxsl="urn:schemas-microsoft-com:xslt">

<head>

<META http-equiv="Content-Type" content="text/html">

<meta http-equiv="content-type" content="text/html; charset=UTF-8">

</head>

<body style="margin:0px 0px 0px 0px;overflow:auto;background:#FFFFFF;">

<table style="font-family:Arial,Verdana,Times;font-size:12px;text-align:left;width:100%;border-collapse:collapse;padding:3px 3px 3px 3px">

<tr style="text-align:center;font-weight:bold;background:#9CBCE2">



</tr>

<tr>

<td>

<table style="font-family:Arial,Verdana,Times;font-size:12px;text-align:left;width:100%;border-spacing:0px; padding:3px 3px 3px 3px">

<tr>



</tr>

</table>

</td>

</tr>

</table>

</body>

</html>]]></description>
				<styleUrl>#PolyStyle010913</styleUrl>
				<MultiGeometry>
					<Polygon>
						<outerBoundaryIs>
							<LinearRing>
								<coordinates>
									105.8857507532379,26.77598090766707,0 105.8873818737574,26.77936846698582,0 105.8853799538979,26.78056137010346,0 105.8808589779867,26.78094208386429,0 105.8796236411478,26.77996650485199,0 105.8799805602988,26.77720038143265,0 105.8826918186439,26.77662738353497,0 105.8827338288689,26.77574518215618,0 105.8815866964777,26.77446400127582,0 105.8817354127906,26.77351221687361,0 105.8828656567683,26.77297683814741,0 105.8844717929473,26.77565373177876,0 105.8857507532379,26.77598090766707,0 
								</coordinates>
							</LinearRing>
						</outerBoundaryIs>
					</Polygon>
				</MultiGeometry>
			</Placemark>
			<Placemark id="ID_00109">
				<name>Q-13</name>
				<Snippet maxLines="0"></Snippet>
				<description><![CDATA[<html xmlns:fo="http://www.w3.org/1999/XSL/Format" xmlns:msxsl="urn:schemas-microsoft-com:xslt">

<head>

<META http-equiv="Content-Type" content="text/html">

<meta http-equiv="content-type" content="text/html; charset=UTF-8">

</head>

<body style="margin:0px 0px 0px 0px;overflow:auto;background:#FFFFFF;">

<table style="font-family:Arial,Verdana,Times;font-size:12px;text-align:left;width:100%;border-collapse:collapse;padding:3px 3px 3px 3px">

<tr style="text-align:center;font-weight:bold;background:#9CBCE2">



</tr>

<tr>

<td>

<table style="font-family:Arial,Verdana,Times;font-size:12px;text-align:left;width:100%;border-spacing:0px; padding:3px 3px 3px 3px">

<tr>



</tr>

</table>

</td>

</tr>

</table>

</body>

</html>]]></description>
				<styleUrl>#PolyStyle01099</styleUrl>
				<MultiGeometry>
					<Polygon>
						<outerBoundaryIs>
							<LinearRing>
								<coordinates>
									106.2779661425541,27.16357491301191,0 106.2727350653102,27.16941807842033,0 106.2682236072432,27.16976072080524,0 106.2646196615647,27.16257317621268,0 106.2651398257796,27.16844725833011,0 106.2633695067913,27.16793329475281,0 106.2614278666105,27.16458301365666,0 106.2622844725725,27.16248908797141,0 106.2619037588115,27.16049034072653,0 106.2609519744093,27.16010962696557,0 106.2594291193655,27.15877712880239,0 106.2575255505608,27.16087105448746,0 106.2584773349632,27.16315533705309,0 106.256469551467,27.16519224108892,0 106.2565789869336,27.16347775210862,0 106.2538652592458,27.15995995695762,0 106.2538446717887,27.15801702736105,0 106.2587438345959,27.15388495697435,0 106.2626271149574,27.15228595917853,0 106.2645926850544,27.15266401587699,0 106.2651969328437,27.15457024174413,0 106.2654253611003,27.1548557770648,0 106.2661677529341,27.15502709825726,0 106.2669672518319,27.15457024174413,0 106.2679951789866,27.15399917110266,0 106.2684520354997,27.15417049229513,0 106.2691373202695,27.15525552651383,0 106.2690231061412,27.15679741724557,0 106.270222354488,27.15685452430973,0 106.2710789604502,27.15565527596265,0 106.2729634935668,27.15611213247582,0 106.2746195984267,27.15714005963043,0 106.2742198489779,27.15868195036218,0 106.2746195984267,27.1591959139394,0 106.2763328103509,27.16062359054285,0 106.2777033798903,27.16136598237677,0 106.2779661425541,27.16357491301191,0 
								</coordinates>
							</LinearRing>
						</outerBoundaryIs>
					</Polygon>
				</MultiGeometry>
			</Placemark>
			<Placemark id="ID_00122">
				<name>Q-14</name>
				<Snippet maxLines="0"></Snippet>
				<description><![CDATA[<html xmlns:fo="http://www.w3.org/1999/XSL/Format" xmlns:msxsl="urn:schemas-microsoft-com:xslt">

<head>

<META http-equiv="Content-Type" content="text/html">

<meta http-equiv="content-type" content="text/html; charset=UTF-8">

</head>

<body style="margin:0px 0px 0px 0px;overflow:auto;background:#FFFFFF;">

<table style="font-family:Arial,Verdana,Times;font-size:12px;text-align:left;width:100%;border-collapse:collapse;padding:3px 3px 3px 3px">

<tr style="text-align:center;font-weight:bold;background:#9CBCE2">



</tr>

<tr>

<td>

<table style="font-family:Arial,Verdana,Times;font-size:12px;text-align:left;width:100%;border-spacing:0px; padding:3px 3px 3px 3px">

<tr>



</tr>

</table>

</td>

</tr>

</table>

</body>

</html>]]></description>
				<styleUrl>#PolyStyle010934</styleUrl>
				<MultiGeometry>
					<Polygon>
						<outerBoundaryIs>
							<LinearRing>
								<coordinates>
									105.9546163924775,26.88776980849127,0 105.9587804492377,26.90283972819483,0 105.9512454893859,26.90208623220956,0 105.9426794297648,26.89482887614184,0 105.9347875507623,26.88844398910943,0 105.943988133318,26.87983827180516,0 105.9500161011995,26.88197978671028,0 105.954854338578,26.88245567891144,0 105.9546163924775,26.88776980849127,0 
								</coordinates>
							</LinearRing>
						</outerBoundaryIs>
					</Polygon>
				</MultiGeometry>
			</Placemark>
			<Placemark id="ID_00117">
				<name>J-25</name>
				<Snippet maxLines="0"></Snippet>
				<description><![CDATA[<html xmlns:fo="http://www.w3.org/1999/XSL/Format" xmlns:msxsl="urn:schemas-microsoft-com:xslt">

<head>

<META http-equiv="Content-Type" content="text/html">

<meta http-equiv="content-type" content="text/html; charset=UTF-8">

</head>

<body style="margin:0px 0px 0px 0px;overflow:auto;background:#FFFFFF;">

<table style="font-family:Arial,Verdana,Times;font-size:12px;text-align:left;width:100%;border-collapse:collapse;padding:3px 3px 3px 3px">

<tr style="text-align:center;font-weight:bold;background:#9CBCE2">



</tr>

<tr>

<td>

<table style="font-family:Arial,Verdana,Times;font-size:12px;text-align:left;width:100%;border-spacing:0px; padding:3px 3px 3px 3px">

<tr>



</tr>

</table>

</td>

</tr>

</table>

</body>

</html>]]></description>
				<styleUrl>#PolyStyle010930</styleUrl>
				<MultiGeometry>
					<Polygon>
						<outerBoundaryIs>
							<LinearRing>
								<coordinates>
									106.3316571031578,27.47345434937608,0 106.3233113862651,27.48167279037102,0 106.3187428211339,27.48695519380394,0 106.2929018746106,27.47896020482443,0 106.3091773878904,27.46425513580829,0 106.3263606455191,27.45254794640567,0 106.3326131386068,27.45242348403367,0 106.3357755399128,27.45214444862451,0 106.3382606465362,27.45457883153875,0 106.3396677645967,27.45719205079382,0 106.34117539109,27.46050882907904,0 106.3409743742241,27.4623179808712,0 106.3430850513148,27.46583577602218,0 106.3316571031578,27.47345434937608,0 
								</coordinates>
							</LinearRing>
						</outerBoundaryIs>
					</Polygon>
				</MultiGeometry>
			</Placemark>
			<Placemark id="ID_00118">
				<name>J-26</name>
				<Snippet maxLines="0"></Snippet>
				<description><![CDATA[<html xmlns:fo="http://www.w3.org/1999/XSL/Format" xmlns:msxsl="urn:schemas-microsoft-com:xslt">

<head>

<META http-equiv="Content-Type" content="text/html">

<meta http-equiv="content-type" content="text/html; charset=UTF-8">

</head>

<body style="margin:0px 0px 0px 0px;overflow:auto;background:#FFFFFF;">

<table style="font-family:Arial,Verdana,Times;font-size:12px;text-align:left;width:100%;border-collapse:collapse;padding:3px 3px 3px 3px">

<tr style="text-align:center;font-weight:bold;background:#9CBCE2">



</tr>

<tr>

<td>

<table style="font-family:Arial,Verdana,Times;font-size:12px;text-align:left;width:100%;border-spacing:0px; padding:3px 3px 3px 3px">

<tr>



</tr>

</table>

</td>

</tr>

</table>

</body>

</html>]]></description>
				<styleUrl>#PolyStyle010960</styleUrl>
				<MultiGeometry>
					<Polygon>
						<outerBoundaryIs>
							<LinearRing>
								<coordinates>
									106.2943827489426,27.44158068492176,0 106.2947339565882,27.44135397840499,0 106.2975221451532,27.43955418695634,0 106.2893883136337,27.43454892865861,0 106.2915214333432,27.43203435856685,0 106.2912676241694,27.42949626682728,0 106.2911407195823,27.42619674756588,0 106.2890013755016,27.42314586355452,0 106.3168396870467,27.42886202434061,0 106.3177589567009,27.43206608471352,0 106.3185203842226,27.43244679847456,0 106.3203287745872,27.43425518883895,0 106.3208046667882,27.4344455457194,0 106.3212805589895,27.43682500672526,0 106.319852882386,27.43958518149206,0 106.319852882386,27.44091767965539,0 106.3184252057824,27.44263089157952,0 106.3167119938583,27.44567660166701,0 106.3138566406513,27.44567660166705,0 106.3106205736835,27.44634285074856,0 106.3115723580857,27.44881749019461,0 106.3123473436861,27.4529088889874,0 106.2966898343642,27.45546920057589,0 106.2962486292082,27.45233909248337,0 106.2951064879253,27.44815124111291,0 106.294535417284,27.44662838606925,0 106.2940595250829,27.44501035258534,0 106.2943827489426,27.44158068492176,0 
								</coordinates>
							</LinearRing>
						</outerBoundaryIs>
					</Polygon>
				</MultiGeometry>
			</Placemark>
			<Placemark id="ID_00119">
				<name>J-27</name>
				<Snippet maxLines="0"></Snippet>
				<description><![CDATA[<html xmlns:fo="http://www.w3.org/1999/XSL/Format" xmlns:msxsl="urn:schemas-microsoft-com:xslt">

<head>

<META http-equiv="Content-Type" content="text/html">

<meta http-equiv="content-type" content="text/html; charset=UTF-8">

</head>

<body style="margin:0px 0px 0px 0px;overflow:auto;background:#FFFFFF;">

<table style="font-family:Arial,Verdana,Times;font-size:12px;text-align:left;width:100%;border-collapse:collapse;padding:3px 3px 3px 3px">

<tr style="text-align:center;font-weight:bold;background:#9CBCE2">



</tr>

<tr>

<td>

<table style="font-family:Arial,Verdana,Times;font-size:12px;text-align:left;width:100%;border-spacing:0px; padding:3px 3px 3px 3px">

<tr>



</tr>

</table>

</td>

</tr>

</table>

</body>

</html>]]></description>
				<styleUrl>#PolyStyle010958</styleUrl>
				<MultiGeometry>
					<Polygon>
						<outerBoundaryIs>
							<LinearRing>
								<coordinates>
									106.3056312365251,27.39197215074129,0 106.3035086551686,27.39193528658798,0 106.3012957564332,27.39207805424826,0 106.3014385240937,27.39322019553111,0 106.302009594735,27.39550447809672,0 106.3029673988123,27.39749469757182,0 106.2981128007081,27.39536288267494,0 106.2885949566848,27.39274547556824,0 106.28391535004,27.38989012236139,0 106.2920055174599,27.38497256961593,0 106.297310224523,27.38340065431845,0 106.3000163695129,27.38457599278159,0 106.301652675584,27.38486828740073,0 106.303651422829,27.38508243889124,0 106.3057929377342,27.38443998441953,0 106.3067923113566,27.38279815632564,0 106.3085055232809,27.38258400483511,0 106.308704706991,27.38473462351543,0 106.308704706991,27.38721322872966,0 106.3081098417396,27.38889868027565,0 106.3056312365251,27.39197215074129,0 
								</coordinates>
							</LinearRing>
						</outerBoundaryIs>
					</Polygon>
				</MultiGeometry>
			</Placemark>
			<Placemark id="ID_00120">
				<name>J-28</name>
				<Snippet maxLines="0"></Snippet>
				<description><![CDATA[<html xmlns:fo="http://www.w3.org/1999/XSL/Format" xmlns:msxsl="urn:schemas-microsoft-com:xslt">

<head>

<META http-equiv="Content-Type" content="text/html">

<meta http-equiv="content-type" content="text/html; charset=UTF-8">

</head>

<body style="margin:0px 0px 0px 0px;overflow:auto;background:#FFFFFF;">

<table style="font-family:Arial,Verdana,Times;font-size:12px;text-align:left;width:100%;border-collapse:collapse;padding:3px 3px 3px 3px">

<tr style="text-align:center;font-weight:bold;background:#9CBCE2">


</tr>

<tr>

<td>

<table style="font-family:Arial,Verdana,Times;font-size:12px;text-align:left;width:100%;border-spacing:0px; padding:3px 3px 3px 3px">

<tr>



</tr>

</table>

</td>

</tr>

</table>

</body>

</html>]]></description>
				<styleUrl>#PolyStyle010929</styleUrl>
				<MultiGeometry>
					<Polygon>
						<outerBoundaryIs>
							<LinearRing>
								<coordinates>
									106.2814333653729,27.48120741194005,0 106.2696586835606,27.48257730024973,0 106.2692621067263,27.47454661935506,0 106.2721723787534,27.46336958718008,0 106.2803662580868,27.45779124810567,0 106.2841337380127,27.4690936878833,0 106.2848558519597,27.47220477209329,0 106.2840980460975,27.47521286843677,0 106.2806716222492,27.47724334182845,0 106.2814333653729,27.48120741194005,0 
								</coordinates>
							</LinearRing>
						</outerBoundaryIs>
					</Polygon>
				</MultiGeometry>
			</Placemark>
			<Placemark id="ID_00125">
				<name>J-29</name>
				<Snippet maxLines="0"></Snippet>
				<description><![CDATA[<html xmlns:fo="http://www.w3.org/1999/XSL/Format" xmlns:msxsl="urn:schemas-microsoft-com:xslt">

<head>

<META http-equiv="Content-Type" content="text/html">

<meta http-equiv="content-type" content="text/html; charset=UTF-8">

</head>

<body style="margin:0px 0px 0px 0px;overflow:auto;background:#FFFFFF;">

<table style="font-family:Arial,Verdana,Times;font-size:12px;text-align:left;width:100%;border-collapse:collapse;padding:3px 3px 3px 3px">

<tr style="text-align:center;font-weight:bold;background:#9CBCE2">



</tr>

<tr>

<td>

<table style="font-family:Arial,Verdana,Times;font-size:12px;text-align:left;width:100%;border-spacing:0px; padding:3px 3px 3px 3px">

<tr>



</tr>

</table>

</td>

</tr>

</table>

</body>

</html>]]></description>
				<styleUrl>#PolyStyle010961</styleUrl>
				<MultiGeometry>
					<Polygon>
						<outerBoundaryIs>
							<LinearRing>
								<coordinates>
									106.2916057603995,27.48908853225241,0 106.2947195079969,27.49237224479743,0 106.2947195079969,27.49262605397145,0 106.2946560557033,27.49335575534653,0 106.2942753419423,27.49405373057486,0 106.2944656988229,27.49437099204238,0 106.2943387942359,27.49598902552655,0 106.2932601052466,27.49602075167309,0 106.293450462127,27.49741670212985,0 106.2941167112087,27.49852711726584,0 106.2952588524915,27.49906646176078,0 106.2953805833076,27.50005461449444,0 106.2893895153438,27.49951062781493,0 106.2809095658012,27.49397222808803,0 106.2819973231524,27.49154736498211,0 106.2825638085774,27.48994513821435,0 106.2916057603995,27.48908853225241,0 
								</coordinates>
							</LinearRing>
						</outerBoundaryIs>
					</Polygon>
				</MultiGeometry>
			</Placemark>
			<Placemark id="ID_00127">
				<name>J-30</name>
				<Snippet maxLines="0"></Snippet>
				<description><![CDATA[<html xmlns:fo="http://www.w3.org/1999/XSL/Format" xmlns:msxsl="urn:schemas-microsoft-com:xslt">

<head>

<META http-equiv="Content-Type" content="text/html">

<meta http-equiv="content-type" content="text/html; charset=UTF-8">

</head>

<body style="margin:0px 0px 0px 0px;overflow:auto;background:#FFFFFF;">

<table style="font-family:Arial,Verdana,Times;font-size:12px;text-align:left;width:100%;border-collapse:collapse;padding:3px 3px 3px 3px">

<tr style="text-align:center;font-weight:bold;background:#9CBCE2">



</tr>

<tr>

<td>

<table style="font-family:Arial,Verdana,Times;font-size:12px;text-align:left;width:100%;border-spacing:0px; padding:3px 3px 3px 3px">

<tr>



</tr>

</table>

</td>

</tr>

</table>

</body>

</html>]]></description>
				<styleUrl>#PolyStyle01095</styleUrl>
				<MultiGeometry>
					<Polygon>
						<outerBoundaryIs>
							<LinearRing>
								<coordinates>
									106.480264862017,27.40612930625356,0 106.4803656943864,27.40610509617593,0 106.484337341717,27.40439241861678,0 106.4865943158846,27.40341915269293,0 106.4863436980779,27.40466976411791,0 106.4883283176389,27.40419325252202,0 106.4899610860493,27.40503967092225,0 106.4910359764289,27.40598897057928,0 106.4910248928014,27.40492155103519,0 106.4941470042086,27.40457488708933,0 106.495350732386,27.41030372653642,0 106.4911449059339,27.41000449836548,0 106.4908297564749,27.41066064568737,0 106.4891894262688,27.41054374125723,0 106.4871415919159,27.40887604993301,0 106.4870989598077,27.41033326936628,0 106.4840482926084,27.41002612275237,0 106.4866854854241,27.41154303433257,0 106.4845241848095,27.41240558375815,0 106.4873543006657,27.41318117730101,0 106.4881330340016,27.41411086414585,0 106.4862726239701,27.41473575923233,0 106.4850793923774,27.41645066746816,0 106.4864356851508,27.41779109716814,0 106.4853569961615,27.41829871551608,0 106.4852618177213,27.42029746276098,0 106.4823941030758,27.41816625604781,0 106.4765857002829,27.42187715211043,0 106.4765344835211,27.41793386482844,0 106.4764710312277,27.41603029602383,0 106.4764075789341,27.4142536318061,0 106.4764075789341,27.41330184740389,0 106.4755826991188,27.41387291804515,0 106.47469436701,27.41374601345826,0 106.4742502009555,27.4124769675884,0 106.4753288899448,27.41133482630573,0 106.4764710312277,27.41171554006668,0 106.4772324587494,27.41114446942523,0 106.4772324587494,27.41031958960973,0 106.4764075789341,27.40981197126189,0 106.4771055541625,27.40860637768561,0 106.4778669816844,27.40784495016372,0 106.4778669816844,27.40752768869631,0 106.4805319780108,27.40860637768561,0 106.4809761440653,27.40797185475083,0 106.480278168837,27.40708352264193,0 106.480264862017,27.40612930625356,0 
								</coordinates>
							</LinearRing>
						</outerBoundaryIs>
					</Polygon>
				</MultiGeometry>
			</Placemark>
			<Placemark id="ID_00129">
				<name>J-31</name>
				<Snippet maxLines="0"></Snippet>
				<description><![CDATA[<html xmlns:fo="http://www.w3.org/1999/XSL/Format" xmlns:msxsl="urn:schemas-microsoft-com:xslt">

<head>

<META http-equiv="Content-Type" content="text/html">

<meta http-equiv="content-type" content="text/html; charset=UTF-8">

</head>

<body style="margin:0px 0px 0px 0px;overflow:auto;background:#FFFFFF;">

<table style="font-family:Arial,Verdana,Times;font-size:12px;text-align:left;width:100%;border-collapse:collapse;padding:3px 3px 3px 3px">

<tr style="text-align:center;font-weight:bold;background:#9CBCE2">



</tr>

<tr>

<td>

<table style="font-family:Arial,Verdana,Times;font-size:12px;text-align:left;width:100%;border-spacing:0px; padding:3px 3px 3px 3px">

<tr>



</tr>

</table>

</td>

</tr>

</table>

</body>

</html>]]></description>
				<styleUrl>#PolyStyle010918</styleUrl>
				<MultiGeometry>
					<Polygon>
						<outerBoundaryIs>
							<LinearRing>
								<coordinates>
									106.4184632878701,27.38852200183766,0 106.4184632878701,27.39093420422701,0 106.4184632878701,27.3927433560189,0 106.4203656640606,27.39396368766352,0 106.4136657817634,27.40165194336508,0 106.4095255196135,27.40536390253433,0 106.4153789936878,27.40879032638258,0 106.4060990957649,27.41849852728646,0 106.3969619655026,27.41764192132445,0 106.3919650973904,27.4127878208725,0 106.3995317833889,27.40322238762899,0 106.4002456216906,27.39736891355465,0 106.4046714191616,27.39165820714076,0 106.4066701664064,27.388945621594,0 106.4141421461343,27.38892684151309,0 106.4184632878701,27.38852200183766,0 
								</coordinates>
							</LinearRing>
						</outerBoundaryIs>
					</Polygon>
				</MultiGeometry>
			</Placemark>
		</Folder>
	</Folder>
</Document>
</kml>
