<?xml version="1.0" encoding="UTF-8"?>
<kml xmlns="http://www.opengis.net/kml/2.2" xmlns:gx="http://www.google.com/kml/ext/2.2" xmlns:kml="http://www.opengis.net/kml/2.2" xmlns:atom="http://www.w3.org/2005/Atom">
<Document id="root_doc">
	<name>limit_leakage_belt_juruena_kml.kml</name>
	<open>1</open>
	<Schema name="limit_leakage_belt_juruena_utm" id="limit_leakage_belt_juruena_utm">
		<SimpleField type="float" name="area_ha"></SimpleField>
		<SimpleField type="float" name="Shape_Leng"></SimpleField>
		<SimpleField type="float" name="Shape_Area"></SimpleField>
		<SimpleField type="string" name="limit"></SimpleField>
	</Schema>
	<Folder>
		<name>limit_leakage_belt_juruena_utm</name>
		<Placemark>
			<Style>
				<LineStyle>
					<color>ff0000ff</color>
				</LineStyle>
				<PolyStyle>
					<fill>0</fill>
				</PolyStyle>
			</Style>
			<ExtendedData>
				<SchemaData schemaUrl="#limit_leakage_belt_juruena_utm">
					<SimpleData name="area_ha">95954.86361660001</SimpleData>
					<SimpleData name="Shape_Leng">439338.12803500000</SimpleData>
					<SimpleData name="Shape_Area">959548636.16600000858</SimpleData>
					<SimpleData name="limit">leakage belt</SimpleData>
				</SchemaData>
			</ExtendedData>
			<MultiGeometry>
				<Polygon>
					<outerBoundaryIs>
						<LinearRing>
							<coordinates>
								-58.45920003091311,-9.704915566752909,0 -58.4610233388856,-9.70488969368091,0 -58.46284414211001,-9.70479145451748,0 -58.46384899041949,-9.70469711003358,0 -58.46412228474699,-9.704671450017599,0 -58.4643948001114,-9.70464586274254,0 -58.4643955790007,-9.70464578978957,0 -58.46465952287781,-9.704621007520339,0 -58.46466887154641,-9.70461975321231,0 -58.4664665722092,-9.704378624897339,0 -58.4682623962614,-9.70406469729757,0 -58.47004411630139,-9.703679725671311,0 -58.4718088805899,-9.70322432754563,0 -58.473553860728,-9.70269923342005,0 -58.47527626076211,-9.702105283107359,0 -58.4769733226789,-9.70144343022711,0 -58.4786423281954,-9.70071473315206,0 -58.4802806033483,-9.69992036131374,0 -58.4818855239287,-9.69906158613253,0 -58.4834545191429,-9.69813978371014,0 -58.4848682730214,-9.69723147461932,0 -58.4849850761538,-9.697156430284259,0 -58.485140859727,-9.697047324548549,0 -58.4864747437295,-9.69611310220813,0 -58.4879211367778,-9.69501147050101,0 -58.48932193816751,-9.693853299931099,0 -58.49067490418461,-9.692640446274771,0 -58.491977868154,-9.69137485087075,0 -58.493228745004,-9.690058542403889,0 -58.4944255303167,-9.68869362876711,0 -58.49556630944,-9.687282297017139,0 -58.496649254722,-9.68582680705296,0 -58.4976726327906,-9.68432948977143,0 -58.4986348045404,-9.682792745255121,0 -58.4995342314635,-9.681219032794811,0 -58.5003694738369,-9.67961087451067,0 -58.5011391934062,-9.6779708453914,0 -58.5018421588427,-9.676301572363171,0 -58.5024772466188,-9.67460572795399,0 -58.5030434400897,-9.672886030295439,0 -58.5035398321665,-9.67114523135475,0 -58.50396563169841,-9.669386119617769,0 -58.50432015523081,-9.66761151289052,0 -58.5046028379028,-9.665824251921361,0 -58.5048132279706,-9.664027200424529,0 -58.5049509894878,-9.66222323512244,0 -58.5050159022914,-9.660415244841889,0 -58.5050078647065,-9.658606125982001,0 -58.5049268907624,-9.65679877348574,0 -58.50477311019199,-9.654996082649779,0 -58.5045467711154,-9.65320094007269,0 -58.5042482372776,-9.65141621914842,0 -58.50387798803611,-9.64964477916452,0 -58.5038097469397,-9.64935271684222,0 -58.50356669928021,-9.648327947557879,0 -58.5031935707334,-9.646864685408969,0 -58.5026817890649,-9.64512828811394,0 -58.50210041260531,-9.64341359898085,0 -58.5014503746098,-9.641723361266081,0 -58.5007327174378,-9.640060283368911,0 -58.49994858976161,-9.6384270270934,0 -58.4990992474717,-9.636826207648671,0 -58.4981860527335,-9.63526038732814,0 -58.4972104685124,-9.633732074633709,0 -58.49617405579271,-9.632243714346471,0 -58.4950784754138,-9.63079769114003,0 -58.4939254816461,-9.62939631966727,0 -58.4927169221821,-9.628041842756531,0 -58.49145473083921,-9.62673642963976,0 -58.49014093026509,-9.625482169615861,0 -58.4899206919329,-9.62528813777014,0 -58.489204396463,-9.624059801612489,0 -58.4882288886535,-9.6225314515873,0 -58.48719255283499,-9.62104305227874,0 -58.48609704972419,-9.61959698842395,0 -58.4859778012755,-9.61945203830221,0 -58.4857466051952,-9.61896179885353,0 -58.48550933160521,-9.618474427138979,0 -58.4852660191111,-9.61798999712085,0 -58.48501670267381,-9.61750858277699,0 -58.48476142180451,-9.617030257161449,0 -58.4845002141917,-9.61655509333597,0 -58.484233120252,-9.61608316344635,0 -58.4839601804016,-9.615614539638351,0 -58.4836814359625,-9.61514929314958,0 -58.4833969300744,-9.61468749430561,0 -58.4831067058759,-9.61422921343201,0 -58.4828108074161,-9.61377452085047,0 -58.48204223136009,-9.61262541769327,0 -58.4819055691268,-9.612065641496701,0 -58.48176249113769,-9.61150744606279,0 -58.481613015053,-9.610950905447339,0 -58.4814571603387,-9.61039609008138,0 -58.4812949464723,-9.60984307310828,0 -58.4811263956556,-9.60929192585108,0 -58.4809515300903,-9.608742719632581,0 -58.48077037106989,-9.60819552668349,0 -58.4805038717662,-9.60741427011998,0 -58.4802330178391,-9.606643240097551,0 -58.4795831806434,-9.604952930683419,0 -58.4788657286885,-9.603289776038279,0 -58.4780818103168,-9.60165643809238,0 -58.4772326810831,-9.60005553218895,0 -58.4763197028113,-9.59848962076331,0 -58.4753443381199,-9.596961212466519,0 -58.4743081476427,-9.59547275223567,0 -58.4732127918637,-9.594026624907571,0 -58.4720600246953,-9.592625145304581,0 -58.4708516934687,-9.591270556431009,0 -58.4695897316382,-9.58996502770041,0 -58.4682761614865,-9.588710648599349,0 -58.4669130850161,-9.587509428730581,0 -58.46550268482681,-9.58636328967591,0 -58.4640472195712,-9.585274066828269,0 -58.4629509282229,-9.58451996503193,0 -58.46286350247841,-9.584394363673139,0 -58.4617682324169,-9.582948186701531,0 -58.4606155508113,-9.58154665554602,0 -58.4594073048571,-9.58019201329445,0 -58.458145427873,-9.578886429446641,0 -58.4568319420075,-9.57763199357816,0 -58.4554689491294,-9.57643071538322,0 -58.4540586317064,-9.575284516537581,0 -58.45260324826009,-9.574195232530251,0 -58.45110512970219,-9.573164607257819,0 -58.4495666738607,-9.5721942903387,0 -58.447990343659,-9.57128583622017,0 -58.446378662543,-9.570440698775769,0 -58.4452375322747,-9.56989911191403,0 -58.4444448981843,-9.569010321209721,0 -58.4431831179051,-9.567704667558729,0 -58.44186972759671,-9.56645015979459,0 -58.4405068289772,-9.565248807727199,0 -58.4390966043652,-9.564102533151029,0 -58.4376413121358,-9.56301317167671,0 -58.4361985231153,-9.562020474418411,0 -58.4356459806355,-9.56038917674622,0 -58.4349964741468,-9.55869873357692,0 -58.43427935658259,-9.557035435752971,0 -58.4334957757501,-9.55540194543943,0 -58.43344862097981,-9.555312998151731,0 -58.43363632223399,-9.5541278379101,0 -58.43384711364391,-9.55233077289685,0 -58.4339852998053,-9.55052677534824,0 -58.4340506598603,-9.54871873414996,0 -58.43404309140231,-9.54690954579112,0 -58.4339626076961,-9.545102105334569,0 -58.4338093376761,-9.54329930822675,0 -58.4335835286323,-9.54150404124618,0 -58.4332855434498,-9.539719177995989,0 -58.43291586059649,-9.537947578002131,0 -58.4324750713402,-9.536192076781109,0 -58.4319638852065,-9.534455485820761,0 -58.4313831190141,-9.53274058629904,0 -58.4307337050353,-9.531050121820339,0 -58.4300166846252,-9.529386801158051,0 -58.4292332054338,-9.52775328651537,0 -58.4283845223114,-9.52615219352554,0 -58.4274719963672,-9.524586084930689,0 -58.42649708949579,-9.52305746970446,0 -58.42546136160011,-9.521568793121521,0 -58.4243664724255,-9.520122440371519,0 -58.4232141751405,-9.518720726643609,0 -58.4220063163282,-9.51736589532271,0 -58.4207448286913,-9.51606011621551,0 -58.41943173375879,-9.51480547921436,0 -58.4180691327789,-9.513603994339009,0 -58.4166592075974,-9.51245758359933,0 -58.41520421611381,-9.5113680828265,0 -58.4137064886187,-9.510337236266709,0 -58.41216842232141,-9.509366693894579,0 -58.410592479529,-9.508458010519851,0 -58.408981183075,-9.50761264038419,0 -58.407337112682,-9.50683193717898,0 -58.40566290039509,-9.50611714954557,0 -58.4039612269563,-9.505469423805209,0 -58.4022348163103,-9.504889794941249,0 -58.4004864310835,-9.50437919294874,0 -58.4001411111357,-9.504293084625971,0 -58.3995940525614,-9.5041566707279,0 -58.3987188707337,-9.5039384338014,0 -58.3969349661121,-9.50356822399589,0 -58.39513757034861,-9.503269156972189,0 -58.3946716800184,-9.503210548850969,0 -58.39332956249,-9.503041709482829,0 -58.3915138356933,-9.502886247969879,0 -58.3896932972025,-9.502803020426819,0 -58.3888194387786,-9.50278877818443,0 -58.3793675849203,-9.502724640021841,0 -58.3782745424627,-9.502717206906031,0 -58.3760884562121,-9.50270232949144,0 -58.3752686734078,-9.50269674613646,0 -58.37344912633471,-9.502684348581001,0 -58.3729325044699,-9.49967367417667,0 -58.3665700988908,-9.462589699536981,0 -58.3665601700277,-9.4625343778625,0 -58.3664477411908,-9.46190799222583,0 -58.3660785336929,-9.460136252498261,0 -58.36563823011871,-9.45838059618861,0 -58.36558448434889,-9.458197817521871,0 -58.3651275392106,-9.45664383504297,0 -58.364547276991,-9.45492875052061,0 -58.3644501456303,-9.45467568422648,0 -58.3638983749227,-9.453238086531639,0 -58.3638175812797,-9.453050505000309,0 -58.36346764576469,-9.45223804521296,0 -58.3632343558503,-9.4516964050146,0 -58.36304422060059,-9.45169714271818,0 -58.3627710102654,-9.451698202563721,0 -58.3624977998981,-9.451699262196939,0 -58.36222458949881,-9.451700321617899,0 -58.36222352261769,-9.45142905287627,0 -58.36195031240019,-9.451430112053981,0 -58.3616771021507,-9.451431171019379,0 -58.3614038918692,-9.45143222977249,0 -58.3611306815557,-9.4514332883133,0 -58.3608574712102,-9.451434346641809,0 -58.3605842608328,-9.45143540475804,0 -58.36031105042331,-9.45143646266196,0 -58.3600378399819,-9.45143752035359,0 -58.3600367748433,-9.45116625136035,0 -58.3597635645837,-9.45116730880881,0 -58.3594903542922,-9.451168366044969,0 -58.35921714396881,-9.451169423068819,0 -58.3589439336134,-9.451170479880391,0 -58.358670723226,-9.45117153647969,0 -58.3583975128068,-9.451172592866691,0 -58.3581243023556,-9.451173649041371,0 -58.3581232387455,-9.45090237982777,0 -58.3578500284762,-9.45090343575934,0 -58.357576818175,-9.45090449147863,0 -58.3573036078419,-9.450905546985631,0 -58.3570303974769,-9.450906602280339,0 -58.35675718708001,-9.450907657362769,0 -58.35648397665119,-9.450908712232909,0 -58.3562107661905,-9.450909766890771,0 -58.355937555698,-9.45091082133635,0 -58.35593649383019,-9.45063955187188,0 -58.3556632835196,-9.450640606074369,0 -58.3553900731771,-9.450641660064569,0 -58.35511686280281,-9.45064271384252,0 -58.35484365239671,-9.450643767408179,0 -58.35457044195871,-9.450644820761561,0 -58.35429723148879,-9.45064587390263,0 -58.3540240209872,-9.450646926831469,0 -58.3540229606478,-9.45037565714726,0 -58.3537497503281,-9.450376709833041,0 -58.3534765399766,-9.45037776230655,0 -58.3532033295933,-9.45037881456779,0 -58.3529301191782,-9.45037986661675,0 -58.35265690873129,-9.45038091845344,0 -58.3523836982526,-9.450381970077849,0 -58.35238263922779,-9.45011070020495,0 -58.3521094289311,-9.450111751586361,0 -58.3518362186027,-9.450112802755539,0 -58.3515630082424,-9.450113853712409,0 -58.3512897978504,-9.450114904457029,0 -58.3510165874267,-9.45011595498938,0 -58.3507433769712,-9.45011700530948,0 -58.3507423192609,-9.449845735248079,0 -58.3504691089874,-9.449846785325221,0 -58.3501958986822,-9.44984783519009,0 -58.3499226883453,-9.4498488848427,0 -58.3496494779766,-9.44984993428305,0 -58.3493762675762,-9.44985098351113,0 -58.3491030571442,-9.44985203252695,0 -58.3491020007482,-9.449580762277311,0 -58.3488287904982,-9.44958181105023,0 -58.3485555802165,-9.449582859610871,0 -58.3482823699031,-9.449583907959269,0 -58.3482813141802,-9.44931263761344,0 -58.348280258489,-9.4490413672633,0 -58.3485534683748,-9.449040318976159,0 -58.3485524125015,-9.44876904865235,0 -58.3485513566599,-9.44849777832426,0 -58.34855030085001,-9.44822650799186,0 -58.3485492450718,-9.447955237655179,0 -58.3485481893252,-9.447683967314189,0 -58.3488213981107,-9.44768291896796,0 -58.3488203421821,-9.44741164865332,0 -58.3488192862852,-9.44714037833438,0 -58.34881823042,-9.44686910801115,0 -58.34881717458661,-9.446597837683621,0 -58.3488161187848,-9.446326567351811,0 -58.3488150630147,-9.44605529701569,0 -58.34908827048621,-9.446054248641071,0 -58.34908721453409,-9.445782978331311,0 -58.34908615861371,-9.445511708017239,0 -58.349085102725,-9.445240437698891,0 -58.3490840468681,-9.444969167376239,0 -58.3490829910428,-9.4446978970493,0 -58.34935619741421,-9.44469684861571,0 -58.349355141407,-9.44442557831513,0 -58.3493540854315,-9.444154308010249,0 -58.3493530294877,-9.44388303770107,0 -58.34935197357559,-9.44361176738761,0 -58.3493509176952,-9.44334049706984,0 -58.3493498618465,-9.44306922674779,0 -58.3496230669044,-9.443068178285969,0 -58.3496220108738,-9.442796907990269,0 -58.349620954875,-9.44252563769029,0 -58.3496198989078,-9.442254367386001,0 -58.3496188429723,-9.44198309707744,0 -58.3496177870686,-9.441711826764561,0 -58.3498909910268,-9.44171077824392,0 -58.3498899349412,-9.441439507957419,0 -58.3498888788873,-9.44116823766662,0 -58.3498878228651,-9.44089696737155,0 -58.34988676687469,-9.44062569707217,0 -58.349885710916,-9.44035442676851,0 -58.3501589137746,-9.440353378189091,0 -58.350157857634,-9.44008210791179,0 -58.3501568015252,-9.43981083763021,0 -58.3501557454481,-9.43953956734433,0 -58.35015468940269,-9.439268297054159,0 -58.3501536333891,-9.43899702675971,0 -58.35015257740709,-9.438725756460951,0 -58.3504257789528,-9.438724707853501,0 -58.3504247227891,-9.438453437581121,0 -58.35042366665711,-9.43818216730447,0 -58.3504226105569,-9.43791089702351,0 -58.35042155448829,-9.437639626738269,0 -58.3504204984515,-9.437368356448729,0 -58.35069369889801,-9.43736730778263,0 -58.3506926426795,-9.437096037519501,0 -58.3506915864927,-9.436824767252061,0 -58.3506905303376,-9.43655349698032,0 -58.3506894742143,-9.4362822267043,0 -58.35068841812269,-9.436010956423999,0 -58.3509616174701,-9.436009907699329,0 -58.3509605611968,-9.4357386374454,0 -58.35095986731989,-9.435560432779409,0 -58.3498308707574,-9.434641812551,0 -58.34837641317731,-9.433551952947839,0 -58.3468792147253,-9.432520740019379,0 -58.3453416717751,-9.4315498243283,0 -58.34376624580731,-9.430640761282911,0 -58.3421554588401,-9.429795005732871,0 -58.34051188979251,-9.429013911986059,0 -58.3388381699198,-9.42829872930778,0 -58.3371436185391,-9.427653133957961,0 -58.3371369791878,-9.427650604649839,0 -58.33699582348801,-9.427603167187049,0 -58.3363462977722,-9.42738488414264,0 -58.3359016155382,-9.42723544138167,0 -58.33554810014941,-9.427116635675871,0 -58.3354110407814,-9.427070573631401,0 -58.3336631165835,-9.42655956688777,0 -58.3318960053266,-9.426118401036639,0 -58.33011253715479,-9.42574778322129,0 -58.328315564512,-9.42544830752907,0 -58.3265079657792,-9.42522045136112,0 -58.32469263346971,-9.425064581807151,0 -58.3233259615732,-9.425001785718861,0 -58.3228724742068,-9.42498094750696,0 -58.3210504023756,-9.424969683195339,0 -58.3192293328299,-9.4250308052072,0 -58.3174121818396,-9.425164218707,0 -58.3167701011702,-9.425237101774281,0 -58.31560185886531,-9.42536970777126,0 -58.3151316855414,-9.42544210054573,0 -58.3143083948594,-9.42556886241935,0 -58.31403952596389,-9.42561025968501,0 -58.31380126022779,-9.42564694445295,0 -58.31376649121631,-9.425653722249891,0 -58.3134934932617,-9.425706939645529,0 -58.3132204951953,-9.42576015684079,0 -58.31201327001621,-9.425995486063149,0 -58.3102407500726,-9.426414773397459,0 -58.3084865372885,-9.42690413616887,0 -58.3067534408699,-9.42746279030214,0 -58.3065161942924,-9.42754523954191,0 -58.300755071566,-9.429565055293949,0 -58.3001219383756,-9.429778299869399,0 -58.2993033585078,-9.43005400357475,0 -58.2974202078835,-9.43068825150022,0 -58.2969148205698,-9.43070038769771,0 -58.2964096230448,-9.430718753778191,0 -58.2959046945033,-9.43074334764596,0 -58.29540011230851,-9.43077416449975,0 -58.2951269811183,-9.43079422852783,0 -58.2948959538243,-9.43081119953866,0 -58.2943922982357,-9.430854447955561,0 -58.29388922107871,-9.430903903148581,0 -58.2933868015289,-9.430959557598619,0 -58.293296275488,-9.430970716934739,0 -58.2928851160199,-9.43102140108434,0 -58.2922039595324,-9.431106710975239,0 -58.2919308810927,-9.431140911526811,0 -58.2865975316626,-9.4318088222243,0 -58.28622301625119,-9.431857288717,0 -58.2844223406839,-9.43213438272422,0 -58.2826342680941,-9.43248278345065,0 -58.28086166045379,-9.43290193191431,0 -58.2791073547921,-9.43339115804751,0 -58.27737416046149,-9.433949677991061,0 -58.2769203772371,-9.434116112969971,0 -58.2756648518786,-9.434576599542931,0 -58.2752566783379,-9.43474502305147,0 -58.2739131029433,-9.43491776911722,0 -58.2737283304039,-9.434941525810761,0 -58.2733669394305,-9.434987989392271,0 -58.272820775585,-9.435058208848369,0 -58.2723934167061,-9.435113152498371,0 -58.2721702523589,-9.43514240141069,0 -58.2717284898454,-9.435210363648091,0 -58.2703695392173,-9.43541942719563,0 -58.26858142645429,-9.435767760548369,0 -58.26680877610539,-9.43618684259331,0 -58.2650544252669,-9.43667600336766,0 -58.26332118336241,-9.437234459115571,0 -58.2616584221347,-9.43784319891623,0 -58.2570549923677,-9.439630272956069,0 -58.2553489350082,-9.4403335689607,0 -58.25369548987191,-9.441094092732699,0 -58.2520740050616,-9.44191968726852,0 -58.2504870771966,-9.44280902993165,0 -58.2489372461653,-9.44376069793733,0 -58.2474269951229,-9.444773166539649,0 -58.2459587414126,-9.44584481629351,0 -58.2445348365621,-9.44697393124183,0 -58.2433601994832,-9.447984388600309,0 -58.24315755992579,-9.448158703454711,0 -58.2418291177883,-9.4493972366453,0 -58.2417600948722,-9.44946435959195,0 -58.240394547359,-9.450795144537279,0 -58.2375265725381,-9.453590062770591,0 -58.23631808530781,-9.45481324008651,0 -58.23509358063399,-9.45615325185838,0 -58.23392404567061,-9.45754083077385,0 -58.2328113526757,-9.458973756175711,0 -58.2317572844861,-9.46044973264908,0 -58.2307635290749,-9.461966397270819,0 -58.2298316786499,-9.463521323225921,0 -58.2289632259993,-9.46511201800832,0 -58.2281595636235,-9.46673593698473,0 -58.2274219782523,-9.46839047979368,0 -58.2267516517677,-9.470072995765101,0 -58.2265628045605,-9.470585647051831,0 -58.2263802047581,-9.471100525406269,0 -58.2262038785281,-9.471617553878991,0 -58.226033852048,-9.472136658233049,0 -58.22587014876021,-9.47265776333643,0 -58.2258211875787,-9.472820503842049,0 -58.2257127939227,-9.473180792241861,0 -58.2256901109663,-9.47325964771038,0 -58.22566019690431,-9.47336363963916,0 -58.2255618109755,-9.4737056689123,0 -58.2254172197125,-9.474232316418879,0 -58.22493338103191,-9.476037489455861,0 -58.22422670187581,-9.47825180668165,0 -58.22407006402049,-9.47874261300497,0 -58.2240533500316,-9.478794985387941,0 -58.22387999774019,-9.479338164060801,0 -58.2234466150553,-9.480696110596559,0 -58.2232593125851,-9.4812829942036,0 -58.221624319676,-9.48640593128299,0 -58.221462319137,-9.48692430681049,0 -58.221306597065,-9.487444574783799,0 -58.2212948025065,-9.487485787302299,0 -58.2211571769107,-9.487966661878721,0 -58.2210140802941,-9.488490492064271,0 -58.2208773261028,-9.48901598931867,0 -58.220828099592,-9.489214983425111,0 -58.2207469359606,-9.489543078514471,0 -58.2206229278481,-9.4900716845366,0 -58.2205053206475,-9.49060172955364,0 -58.2203941296042,-9.491133137555011,0 -58.2202893717858,-9.491665832523489,0 -58.220191062435,-9.492199737543499,0 -58.2201119669965,-9.49264436020623,0 -58.2200050626639,-9.49324531204892,0 -58.2199089816078,-9.49380598528097,0 -58.21982001109361,-9.494367812906731,0 -58.219738167242,-9.494930707155181,0 -58.21966346070511,-9.49549457936955,0 -58.2195959039509,-9.49605933907775,0 -58.21953550763511,-9.49662489852645,0 -58.2194822824009,-9.497191166344731,0 -58.2194362361716,-9.497758054787861,0 -58.21939737595031,-9.49832547340101,0 -58.21936570783221,-9.498893332636349,0 -58.21934123699869,-9.49946154204453,0 -58.2192259523756,-9.502606915359371,0 -58.21897041422859,-9.50431366893214,0 -58.2189687208102,-9.50432497935366,0 -58.21892977573581,-9.504585097332869,0 -58.2187760746983,-9.505611672112099,0 -58.2185901377009,-9.50700137340643,0 -58.2185610799561,-9.50729924983461,0 -58.2184144602568,-9.50880231216045,0 -58.2183115059106,-9.51060878645413,0 -58.2182898475142,-9.511912068653549,0 -58.2182814413866,-9.512417902810339,0 -58.218301600945,-9.51326846062709,0 -58.2183243149729,-9.514226764502631,0 -58.2184400601688,-9.51603247516061,0 -58.218605223947,-9.51764292716919,0 -58.2190035721236,-9.52081604936666,0 -58.2190197291739,-9.52100553982063,0 -58.2192743109215,-9.526158956827709,0 -58.21938187129179,-9.527785941197481,0 -58.2195703222852,-9.529585605325179,0 -58.2196056920272,-9.529828432853011,0 -58.21983116082399,-9.5313763425637,0 -58.2198936523031,-9.53171037009063,0 -58.2201639724123,-9.53315528657506,0 -58.2205682232224,-9.53491958586975,0 -58.22071893359289,-9.535476003534001,0 -58.2208003219641,-9.53577648590729,0 -58.2209471432702,-9.53631854334869,0 -58.221017692948,-9.536579008224351,0 -58.2210997698877,-9.53686058030461,0 -58.22127256016961,-9.53745334561669,0 -58.2213367662404,-9.537673607222629,0 -58.22141576532399,-9.537944616120059,0 -58.2216615535079,-9.5387877977325,0 -58.2216871292878,-9.53887520675384,0 -58.2218211199583,-9.53929962370481,0 -58.2218257803364,-9.53931438610307,0 -58.2219922236933,-9.539841595020251,0 -58.2220777748893,-9.54011258061812,0 -58.2221021973128,-9.540189937060109,0 -58.2222322161367,-9.54060176822097,0 -58.22237840832341,-9.54100721431257,0 -58.22284646447359,-9.54230529798058,0 -58.2235288924248,-9.543983066262911,0 -58.2242784070487,-9.54563238707099,0 -58.2250938088821,-9.547250617264449,0 -58.2259737937853,-9.54883516469568,0 -58.2269169520465,-9.550383493642901,0 -58.2279217738301,-9.551893121178381,0 -58.22898665013371,-9.553361630733701,0 -58.22942852529021,-9.55392224078096,0 -58.2300682292126,-9.554733832981711,0 -58.23010987642229,-9.55478667028313,0 -58.2312896535511,-9.55616595596196,0 -58.2325240932556,-9.55749727928618,0 -58.2330078627478,-9.557978835253881,0 -58.23327942726511,-9.558249156288969,0 -58.2338112172445,-9.55877850806459,0 -58.2341176325658,-9.55906003429344,0 -58.2341955378835,-9.559131611835699,0 -58.2344117641763,-9.559330274077711,0 -58.2351489644968,-9.560007589090469,0 -58.2365351931054,-9.56118255356513,0 -58.2379676821104,-9.56230151980885,0 -58.2394441378855,-9.563362695051021,0 -58.2409621950655,-9.56436437904811,0 -58.2415953483833,-9.564746814695351,0 -58.2425194229438,-9.56530496858621,0 -58.2441133254705,-9.56618295567637,0 -58.2457413503945,-9.56699693475961,0 -58.2474008892627,-9.56774560090161,0 -58.248988181557,-9.568386908321891,0 -58.249089283827,-9.568427756102761,0 -58.25080382968879,-9.569042307479259,0 -58.2511775596211,-9.56915971211717,0 -58.2514511935366,-9.56924567196871,0 -58.25254177995749,-9.569588269060811,0 -58.2543003507474,-9.570064768102799,0 -58.25607672390311,-9.570471040556971,0 -58.2578680543162,-9.57080643647179,0 -58.2582901411234,-9.570868221220641,0 -58.2596714726577,-9.571070417270811,0 -58.2614840881397,-9.571262561168981,0 -58.2621182452494,-9.57130870773241,0 -58.2626833541223,-9.57134982877623,0 -58.2673124960933,-9.57162572510236,0 -58.282786248793,-9.57254750190193,0 -58.2841016495909,-9.57262582904573,0 -58.2833912285935,-9.600582808347291,0 -58.2833774388459,-9.601876879642569,0 -58.28340107418089,-9.603173901006381,0 -58.2843625694114,-9.632580183662199,0 -58.2843822320811,-9.633091960184201,0 -58.2843930359391,-9.63332319375634,0 -58.2857442443165,-9.660721482529899,0 -58.2858496849914,-9.66229587106441,0 -58.286038648356,-9.664095431190169,0 -58.2863000239373,-9.665886047155039,0 -58.28663339639461,-9.66766485280472,0 -58.2870382310136,-9.66942899686136,0 -58.2875138819513,-9.67117565645945,0 -58.2880595876514,-9.672902031740341,0 -58.288674474533,-9.67460535940565,0 -58.2893575597073,-9.676282909997809,0 -58.2901077491867,-9.67793199785741,0 -58.2909238424315,-9.679549980205961,0 -58.29180453419859,-9.68113426528137,0 -58.29274841364621,-9.68268231777124,0 -58.2937539697835,-9.68419165517993,0 -58.2948195924311,-9.685659861393219,0 -58.2959435758566,-9.68708458486101,0 -58.2971241196979,-9.688463542215329,0 -58.298359334458,-9.689794525488621,0 -58.29964724059661,-9.69107540302603,0 -58.300985775832,-9.692304122175299,0 -58.30237279698571,-9.693478714709929,0 -58.3038060818177,-9.69459729953938,0 -58.3052833354153,-9.6956580844979,0 -58.3068021911221,-9.696659369962029,0 -58.3083602169394,-9.69759955335164,0 -58.30995491552329,-9.69847712732529,0 -58.31158373333249,-9.699290686982801,0 -58.31324406062719,-9.70003892806011,0 -58.3149332378797,-9.7007206532375,0 -58.3166485594202,-9.701334770319949,0 -58.3183872770974,-9.70188029403378,0 -58.3201466057786,-9.70235635233754,0 -58.3219237260757,-9.70276218189176,0 -58.3237157916655,-9.70309713345778,0 -58.3255199320228,-9.703360669175201,0 -58.3273332551848,-9.70355236797748,0 -58.32915285777901,-9.703671923744629,0 -58.3308208925072,-9.70371794600026,0 -58.3427237570455,-9.7038298051904,0 -58.3432706144522,-9.70383493396592,0 -58.3435440431187,-9.70383749847746,0 -58.3438174717595,-9.70384006277007,0 -58.3443643289601,-9.70384518979443,0 -58.3446377575235,-9.703847753430381,0 -58.3454580430554,-9.703855442120609,0 -58.34600489995001,-9.70386056742243,0 -58.34901261101169,-9.70388873821866,0 -58.3492860391358,-9.70389129813336,0 -58.3581761430329,-9.703974404010321,0 -58.3884586698648,-9.70425575336972,0 -58.3905733864482,-9.704275698404681,0 -58.39084681077441,-9.70427827658505,0 -58.39112023507379,-9.70428085454652,0 -58.3995963749875,-9.704360652815771,0 -58.4012369152058,-9.70437607345727,0 -58.4015103384821,-9.70437864309932,0 -58.4072522210015,-9.704432548678909,0 -58.4157283113666,-9.70451194742007,0 -58.4160017331968,-9.704514504554229,0 -58.4165485767826,-9.704519619974119,0 -58.4173688419519,-9.70452729055771,0 -58.4190093715501,-9.704542625813451,0 -58.4195562145286,-9.70454773551244,0 -58.4231106912176,-9.704580929469349,0 -58.4348677731577,-9.704690459655231,0 -58.4381488101182,-9.70472095413403,0 -58.44607796616099,-9.70479451956043,0 -58.4468982223364,-9.704802119204819,0 -58.4474450596448,-9.70480718423825,0 -58.4479918968407,-9.704812248395861,0 -58.44881215242539,-9.7048198434422,0 -58.4490855708986,-9.70482237498778,0 -58.4572881119291,-9.704898210498699,0 -58.45756152952621,-9.704900735256601,0 -58.45783494709091,-9.70490325889136,0 -58.45838178214309,-9.70490830731238,0 -58.45903646476259,-9.704914349394571,0 -58.45920003091311,-9.704915566752909,0 
							</coordinates>
						</LinearRing>
					</outerBoundaryIs>
					<innerBoundaryIs>
						<LinearRing>
							<coordinates>
								-58.3280886456175,-9.455900165217329,0 -58.3278154280268,-9.45590119833979,0 -58.327542210405,-9.455902231249841,0 -58.3275411702113,-9.455630958693281,0 -58.3275401300489,-9.45535968613243,0 -58.32753908991761,-9.45508841356728,0 -58.3275380498175,-9.454817140997839,0 -58.32753700974861,-9.454545868424111,0 -58.327535969711,-9.454274595846069,0 -58.32780918604931,-9.45427356311696,0 -58.327808145829,-9.4540022905648,0 -58.3278071056398,-9.45373101800835,0 -58.3278060654819,-9.45345974544759,0 -58.3278050253551,-9.453188472882561,0 -58.32780398525959,-9.452917200313211,0 -58.3280772004974,-9.452916167522529,0 -58.3280761602192,-9.45264489497907,0 -58.3280751199722,-9.452373622431301,0 -58.32807407975649,-9.452102349879249,0 -58.3280730395719,-9.4518310773229,0 -58.3280719994186,-9.451559804762271,0 -58.3283452135559,-9.45155877191009,0 -58.32834417322001,-9.45128749937532,0 -58.32834313291529,-9.451016226836259,0 -58.3283420926417,-9.450744954292929,0 -58.32834105239941,-9.450473681745271,0 -58.3283400121883,-9.450202409193331,0 -58.32833897200851,-9.449931136637121,0 -58.3286121848318,-9.449930103753671,0 -58.3286111444694,-9.449658831223321,0 -58.32861010413811,-9.44938755868869,0 -58.3286090638382,-9.44911628614976,0 -58.32860802356939,-9.448845013606549,0 -58.3286069833318,-9.448573741059031,0 -58.3288801950551,-9.448572708114231,0 -58.328879154635,-9.448301435592599,0 -58.3288781142462,-9.448030163066679,0 -58.3288770738885,-9.44775889053648,0 -58.3288760335621,-9.447487618001979,0 -58.32887499326699,-9.4472163454632,0 -58.3288739530031,-9.446945072920141,0 -58.3291471634126,-9.44694403994419,0 -58.329420373791,-9.44694300675603,0 -58.3294214144824,-9.447214279238731,0 -58.3296946250432,-9.447213245808181,0 -58.32996783557281,-9.44721221216542,0 -58.3299688767229,-9.44748348458341,0 -58.330242087435,-9.44748245069823,0 -58.33024312883,-9.447753723081741,0 -58.3305163397246,-9.447752688954131,0 -58.33078955058781,-9.44775165461429,0 -58.3307905924416,-9.448022926933049,0 -58.3310638034873,-9.44802189235077,0 -58.3313370145018,-9.44802085755625,0 -58.3313380568144,-9.44829212981028,0 -58.3316112680113,-9.448291094773291,0 -58.33188447917691,-9.448290059524069,0 -58.3318855219482,-9.44856133171332,0 -58.33215873329631,-9.44856029622159,0 -58.3321597763127,-9.44883156837629,0 -58.3324329878432,-9.44883053264209,0 -58.3327061993425,-9.44882949669563,0 -58.3329794108103,-9.44882846053693,0 -58.3329804544993,-9.449099732596521,0 -58.3332536661497,-9.449098696195289,0 -58.3335268777687,-9.44909765958182,0 -58.3335279219165,-9.44936893157657,0 -58.333801133718,-9.449367894720551,0 -58.334074345488,-9.449366857652279,0 -58.3340753900948,-9.44963812958213,0 -58.3343486020473,-9.44963709227131,0 -58.3346218139685,-9.44963605474819,0 -58.3348950258583,-9.44963501701284,0 -58.33489607113769,-9.449906288847471,0 -58.3351692832099,-9.449905250869509,0 -58.3354424952507,-9.449904212679289,0 -58.3357157072602,-9.4499031742768,0 -58.3357167532123,-9.450174446016151,0 -58.3359899654042,-9.45017340737105,0 -58.3362631775646,-9.45017236851367,0 -58.3365363896936,-9.45017132944402,0 -58.3368096017913,-9.45017029016209,0 -58.33681064863,-9.45044156177576,0 -58.33708386091,-9.450440522251199,0 -58.33735707315861,-9.45043948251435,0 -58.3376302853758,-9.450438442565209,0 -58.3379034975615,-9.4504374024038,0 -58.3379045452868,-9.450708673891659,0 -58.3381777576549,-9.450707633487591,0 -58.3384509699915,-9.450706592871221,0 -58.3387241822967,-9.45070555204255,0 -58.33899739457039,-9.4507045110016,0 -58.3392706068127,-9.450703469748371,0 -58.3395438190234,-9.45070242828286,0 -58.33954486806311,-9.450973699584001,0 -58.3398180804562,-9.450972657875759,0 -58.3400912928178,-9.45097161595524,0 -58.34036450514791,-9.450970573822421,0 -58.34063771744649,-9.450969531477311,0 -58.3409109297136,-9.45096848891991,0 -58.3411841419492,-9.450967446150219,0 -58.3414573541533,-9.450966403168231,0 -58.34173056632591,-9.450965359973949,0 -58.3420037784669,-9.450964316567379,0 -58.3422769905764,-9.45096327294852,0 -58.3428234147007,-9.45096118507392,0 -58.3430966267156,-9.450960140818189,0 -58.3433698386988,-9.450959096350161,0 -58.3433708907633,-9.45123036722044,0 -58.3430976785662,-9.451231411718981,0 -58.34282446633761,-9.45123245600521,0 -58.3425512540774,-9.451233500079169,0 -58.342552305532,-9.45150477103666,0 -58.3422790930264,-9.45150581492879,0 -58.3420058804893,-9.451506858608621,0 -58.3417326679206,-9.45150790207615,0 -58.3414594553205,-9.451508945331369,0 -58.3414605059513,-9.45178021640649,0 -58.3411872931058,-9.451781259479869,0 -58.3409140802287,-9.451782302340961,0 -58.3406408673201,-9.451783344989719,0 -58.340641917341,-9.452054616151919,0 -58.34036870418711,-9.45205565861882,0 -58.3400954910017,-9.45205670087339,0 -58.3398222777848,-9.45205774291566,0 -58.33982332719571,-9.45232901416489,0 -58.3395501137335,-9.452330056025261,0 -58.3392769002398,-9.45233109767333,0 -58.3390036867146,-9.452332139109039,0 -58.338730473158,-9.45233318033244,0 -58.338731521745,-9.45260445169907,0 -58.33845830794299,-9.452605492740551,0 -58.3381850941096,-9.4526065335697,0 -58.33791188024481,-9.45260757418653,0 -58.33791292822161,-9.452878845640029,0 -58.3376397141115,-9.452879886074911,0 -58.3373664999699,-9.45288092629745,0 -58.3370932857969,-9.45288196630765,0 -58.33709433316369,-9.453153237848021,0 -58.33682111874539,-9.45315427767625,0 -58.3365479042957,-9.45315531729214,0 -58.3362746898146,-9.453156356695681,0 -58.3362757365712,-9.453427628322819,0 -58.3360025218448,-9.453428667544371,0 -58.335729307087,-9.453429706553569,0 -58.3354560922978,-9.45343074535042,0 -58.3351828774772,-9.453431783934921,0 -58.3351839234098,-9.45370305567913,0 -58.3349107083439,-9.4537040940816,0 -58.3346374932468,-9.453705132271709,0 -58.3343642781182,-9.45370617024947,0 -58.3343653234405,-9.45397744208034,0 -58.3340921080667,-9.45397847987603,0 -58.3338188926615,-9.45397951745937,0 -58.33354567722499,-9.45398055483035,0 -58.333546721937,-9.45425182674782,0 -58.3332735062553,-9.45425286393673,0 -58.33300029054219,-9.45425390091326,0 -58.3327270747979,-9.454254937677421,0 -58.3324538590222,-9.454255974229209,0 -58.3324549029099,-9.45452724626348,0 -58.332181686889,-9.454528282633159,0 -58.3319084708368,-9.45452931879047,0 -58.3316352547533,-9.4545303547354,0 -58.3316362980306,-9.454801626856151,0 -58.33136308170189,-9.454802662618951,0 -58.3310898653419,-9.454803698169361,0 -58.3308166489507,-9.454804733507389,0 -58.3308176916176,-9.45507600571454,0 -58.3305444749811,-9.455077040870419,0 -58.3302712583134,-9.455078075813899,0 -58.3299980416144,-9.45507911054499,0 -58.3297248248841,-9.4550801450637,0 -58.3297258667267,-9.45535141738743,0 -58.3294526497513,-9.45535245172394,0 -58.3291794327446,-9.45535348584804,0 -58.3289062157067,-9.45535451975978,0 -58.3289072569388,-9.45562579216978,0 -58.32863403965569,-9.455626825899291,0 -58.3283608223414,-9.45562785941639,0 -58.328087604996,-9.455628892721091,0 -58.3280886456175,-9.455900165217329,0 
							</coordinates>
						</LinearRing>
						<LinearRing>
							<coordinates>
								-58.3319660669273,-9.530179482191119,0 -58.31990029879119,-9.52946220326489,0 -58.3196604665552,-9.52944794154697,0 -58.3114266579806,-9.52895821387505,0 -58.3110827702337,-9.52893775551324,0 -58.3048664177868,-9.52856788361659,0 -58.30250507073789,-9.528427354904061,0 -58.29994623647799,-9.528275054921631,0 -58.2996728930435,-9.528258784591131,0 -58.2988528627187,-9.5282099713882,0 -58.2983061758231,-9.528177428766501,0 -58.2947527107186,-9.52796588048553,0 -58.2939273682644,-9.52791673975246,0 -58.29092590160419,-9.52773801718487,0 -58.2903792145438,-9.52770546192875,0 -58.2901058710096,-9.52768918397396,0 -58.2896385164279,-9.527661351731959,0 -58.2868257483833,-9.52749383062292,0 -58.285514340673,-9.527415719189159,0 -58.28534966301,-9.52740591009165,0 -58.2851856869276,-9.527396142638,0 -58.2846389997546,-9.52736357823396,0 -58.2655049424811,-9.52622327169275,0 -58.265414126753,-9.52621785733297,0 -58.2647700291811,-9.524009179973151,0 -58.2647674040118,-9.523954517149321,0 -58.26470228462979,-9.5225983437519,0 -58.26443055606369,-9.516939091691979,0 -58.2644252117151,-9.516902426488819,0 -58.2643856912252,-9.5166312876243,0 -58.2643762921527,-9.516566805378231,0 -58.2642105494239,-9.515429694881689,0 -58.2641591129798,-9.51500441590913,0 -58.26382670899671,-9.512256030342311,0 -58.26386180902291,-9.512021388922889,0 -58.2640648229824,-9.51066424336052,0 -58.2640809348108,-9.51055653214722,0 -58.2645520520349,-9.507407093960911,0 -58.264614377352,-9.50699044211955,0 -58.26464848189659,-9.506762449801119,0 -58.26466458312711,-9.506321558014539,0 -58.264855059499,-9.5011057489435,0 -58.26486581260361,-9.501045256603151,0 -58.2650372684764,-9.50008071897453,0 -58.26504092124439,-9.50006016788544,0 -58.26513438366921,-9.499767203908529,0 -58.2653809434668,-9.49899434652607,0 -58.26540453679139,-9.49892039009743,0 -58.2655542335792,-9.4984511549965,0 -58.2656746888327,-9.49807357621032,0 -58.2658141679139,-9.49763636764354,0 -58.26594483979309,-9.49722676224728,0 -58.26598745691449,-9.497093176035859,0 -58.2686462899947,-9.488758619358419,0 -58.2686702603798,-9.48868347868955,0 -58.2687456256909,-9.48840215825504,0 -58.26881837265621,-9.488130612554629,0 -58.2689158949961,-9.48776658562381,0 -58.2691821052483,-9.486772883991989,0 -58.26918544678531,-9.48676041099154,0 -58.2693275980319,-9.486229792535781,0 -58.2694276128771,-9.485856456978521,0 -58.2694552742152,-9.485829497962399,0 -58.2696022691234,-9.485686232674761,0 -58.269727549097,-9.485564131025329,0 -58.2712785640401,-9.48405245939232,0 -58.2713611895842,-9.483971929640219,0 -58.27155794513089,-9.48378016325176,0 -58.2716334615305,-9.483706562481011,0 -58.2718373257797,-9.483507866941849,0 -58.2719057330537,-9.48344119425669,0 -58.27211670598651,-9.48323557046259,0 -58.2721780041603,-9.48317582677581,0 -58.2723960857514,-9.482963273814031,0 -58.27299481495849,-9.482379722464129,0 -58.2732342223941,-9.4821463828526,0 -58.2732670843829,-9.482114353435851,0 -58.2735136003912,-9.48187408552697,0 -58.2735393533908,-9.481848985151119,0 -58.2736610484256,-9.48173037419169,0 -58.27824159411171,-9.4799520852073,0 -58.28036647190369,-9.479678854819671,0 -58.2811818365283,-9.47957400625377,0 -58.2825378487369,-9.47939963181558,0 -58.28418609444061,-9.479187670534911,0 -58.28470921937299,-9.47912039581262,0 -58.2880518539293,-9.47869050984167,0 -58.291010066609,-9.47727977551888,0 -58.2911822929622,-9.477197641256179,0 -58.2915555784049,-9.47701962357832,0 -58.2917555691656,-9.47692424865464,0 -58.2918283339632,-9.476889547781219,0 -58.292296030114,-9.47666650429338,0 -58.29242377540271,-9.476650505149079,0 -58.2926470603695,-9.47662254008492,0 -58.2942857405274,-9.476417302179961,0 -58.2946555146658,-9.476370988051061,0 -58.2981093160136,-9.475938384025589,0 -58.2985843886748,-9.47587887599939,0 -58.30166121097081,-9.475877548442149,0 -58.3046668452599,-9.475876225562359,0 -58.3049209077209,-9.47587611253598,0 -58.3060316845223,-9.4755166708453,0 -58.3060370853204,-9.47551492267665,0 -58.30657749519549,-9.475340047226361,0 -58.3068851720192,-9.47524048306378,0 -58.30713130950691,-9.47516083301706,0 -58.3073961967454,-9.475071617230549,0 -58.30770939460639,-9.47496613060463,0 -58.3155828514232,-9.47231419353602,0 -58.3156507317898,-9.47229132874484,0 -58.31584588859759,-9.47222290539723,0 -58.3158557265221,-9.47221945580427,0 -58.3181922055625,-9.471400259992921,0 -58.3183115624983,-9.471358411640409,0 -58.3189743092243,-9.47112604169334,0 -58.3191301713091,-9.47107139345578,0 -58.3197564105232,-9.47085182181679,0 -58.3199487785289,-9.470784373539781,0 -58.32167837665601,-9.470177934381891,0 -58.32876435773041,-9.511509179515929,0 -58.32881084401861,-9.51178027816888,0 -58.3288291944109,-9.51188729345265,0 -58.32885111016079,-9.512015101094301,0 -58.3288573304087,-9.51205137680155,0 -58.3305285459495,-9.52179714773049,0 -58.33053090657139,-9.521810914082049,0 -58.3305773967368,-9.522082011964409,0 -58.3306703773737,-9.52262420766826,0 -58.330902830753,-9.523979696572781,0 -58.3312747605593,-9.52614847776805,0 -58.3313673136819,-9.526688161595899,0 -58.3316002052994,-9.52804616024507,0 -58.3319660669273,-9.530179482191119,0 
							</coordinates>
						</LinearRing>
						<LinearRing>
							<coordinates>
								-58.45946067790441,-9.65970693324825,0 -58.45900682209351,-9.659702735933701,0 -58.4538125819757,-9.659654653461899,0 -58.4535392006324,-9.65965212034072,0 -58.4527190564365,-9.659644520573821,0 -58.45244567498399,-9.65964198748512,0 -58.4508053856598,-9.65962678075989,0 -58.44697803995249,-9.65959126728915,0 -58.44643127583131,-9.65958619083696,0 -58.4434240711493,-9.65955825341241,0 -58.4431506887357,-9.65955571201023,0 -58.4349492033561,-9.659479377655259,0 -58.4344024367723,-9.659474282026331,0 -58.43424071230719,-9.659472774390149,0 -58.4297549163074,-9.659430930822809,0 -58.4283879969993,-9.65941816896235,0 -58.4242872349207,-9.65937984978998,0 -58.4210066207863,-9.65934915915066,0 -58.4188195424958,-9.65932868159318,0 -58.41827277264551,-9.65932355934658,0 -58.417999387683,-9.659320998800609,0 -58.4171792326231,-9.659313314046891,0 -58.41471876596319,-9.659290248018779,0 -58.4141323480356,-9.659284747801911,0 -58.4136252245122,-9.65927999048378,0 -58.4130784536246,-9.659274860860959,0 -58.4103445975398,-9.659249197864151,0 -58.4100712117839,-9.65924663099894,0 -58.40979782599689,-9.659244063011631,0 -58.4089776684763,-9.65923635864646,0 -58.4067905805582,-9.659215804386401,0 -58.4054236497223,-9.659202950100861,0 -58.4051502634767,-9.659200379313409,0 -58.40296317251229,-9.65917979974417,0 -58.3947615659888,-9.6591025044176,0 -58.3944881786892,-9.659099925132111,0 -58.39402383576109,-9.659095542322531,0 -58.3936680166218,-9.65909218415984,0 -58.39257446682101,-9.65908185951155,0 -58.39230107930269,-9.659079277578689,0 -58.38929381484661,-9.659050865552979,0 -58.3888880316465,-9.65904702962059,0 -58.37972523163209,-9.65896201192372,0 -58.3786316772183,-9.658951848986611,0 -58.3772647336016,-9.65893914018694,0 -58.3758977893207,-9.65892642594036,0 -58.3641420412044,-9.65881685984006,0 -58.3625017003878,-9.658801540066619,0 -58.3622283101586,-9.658798985707101,0 -58.35860524651531,-9.65876511652727,0 -58.3584008442117,-9.65876320451024,0 -58.3567605000969,-9.6587478572854,0 -58.3316084401928,-9.658511543209221,0 -58.3312536651871,-9.658508196715241,0 -58.3308791690337,-9.65093611512934,0 -58.3307481517803,-9.648286832920689,0 -58.3305572665801,-9.644426798731789,0 -58.33045123116101,-9.642282478881119,0 -58.3303426812663,-9.64008725205028,0 -58.33032927034541,-9.639816030317631,0 -58.3302890369775,-9.639002365077941,0 -58.3302488049796,-9.63818869976679,0 -58.3302219829914,-9.6376462561918,0 -58.3301543355348,-9.63627812114138,0 -58.3300878788426,-9.634934037853551,0 -58.3300744679792,-9.634662815981031,0 -58.3299940084245,-9.63303548456992,0 -58.3299001405034,-9.631136930916639,0 -58.3298988372664,-9.63111056813981,0 -58.329881889071,-9.63059445392769,0 -58.32985558531971,-9.629793461518551,0 -58.3298284470273,-9.628967017756169,0 -58.32981953941399,-9.62869577837518,0 -58.3298017261412,-9.628153299587339,0 -58.3295434488162,-9.620287354357661,0 -58.3294722067251,-9.6181174375015,0 -58.3294276814993,-9.61676123926369,0 -58.32940987116869,-9.61621875992674,0 -58.329365348386,-9.614862561465721,0 -58.3293564430496,-9.6145913217582,0 -58.32929411238741,-9.61269264360878,0 -58.3292852083123,-9.612421403847559,0 -58.32927630428101,-9.61215016408004,0 -58.3291961681459,-9.60970900589715,0 -58.3291872645522,-9.6094377660669,0 -58.3290091991317,-9.604012968155301,0 -58.3289334442508,-9.6017049310685,0 -58.3290315269342,-9.597773575758961,0 -58.3290586015266,-9.596688374807799,0 -58.32907213984669,-9.596145774311889,0 -58.3291330604859,-9.593704071952089,0 -58.3291465983091,-9.59316147139803,0 -58.3291632585126,-9.59249374171358,0 -58.3291804436519,-9.59180496996208,0 -58.3292819834157,-9.587735465230651,0 -58.3293158306415,-9.586378963514701,0 -58.3293429093078,-9.585293762089449,0 -58.3293496792492,-9.58502246172527,0 -58.3293996863985,-9.583018376710861,0 -58.3294241462041,-9.582038157548631,0 -58.329512155296,-9.57851125217732,0 -58.3295256961398,-9.57796865130633,0 -58.3296361372621,-9.57354300739209,0 -58.3296812712518,-9.57173444325298,0 -58.32973742823929,-9.57064342766145,0 -58.3298072567417,-9.56928678728292,0 -58.3300167451798,-9.56521686588952,0 -58.3301564047601,-9.56250358475295,0 -58.33056142310459,-9.55463506850875,0 -58.3306492466645,-9.55292887735213,0 -58.3307068643745,-9.551809517450019,0 -58.33081281609869,-9.549751161173701,0 -58.3308267819915,-9.54947983297437,0 -58.3309306885041,-9.547461226171841,0 -58.3311746166043,-9.547463942581119,0 -58.3650814394441,-9.547839847133989,0 -58.38829456469711,-9.54799740602795,0 -58.3885091628129,-9.547998855441019,0 -58.3883038446489,-9.54871266372388,0 -58.388297550166,-9.54873454676525,0 -58.3881476107032,-9.5492558244582,0 -58.388110688128,-9.54938418872694,0 -58.3880270076052,-9.54941269568579,0 -58.3869353548973,-9.54978458095534,0 -58.3868800598835,-9.54980341768858,0 -58.38666244128031,-9.549877551336429,0 -58.3862337327551,-9.55002359496592,0 -58.3861893231882,-9.550077439771529,0 -58.3853011525753,-9.55115430694867,0 -58.3852914318862,-9.55116609251432,0 -58.3850291942631,-9.551484043226409,0 -58.3849656828569,-9.55156104717239,0 -58.384889183915,-9.551710232340611,0 -58.38475785202851,-9.55196635214188,0 -58.38461041425521,-9.55225388026847,0 -58.3844866969434,-9.55249514936996,0 -58.38433164380231,-9.5527975280815,0 -58.38421554110801,-9.55302394648934,0 -58.3841082255545,-9.553233228197151,0 -58.38404803808229,-9.553341195021851,0 -58.38344180394489,-9.55442868380044,0 -58.38334915797709,-9.55459487559683,0 -58.3835111839095,-9.555273543818251,0 -58.3844726373627,-9.55669153919942,0 -58.38505184147959,-9.55708546709333,0 -58.38512419332341,-9.55713467451007,0 -58.38532589122071,-9.55727185252155,0 -58.3858739915488,-9.55764462259717,0 -58.3859172604664,-9.55767405092147,0 -58.38625139673669,-9.55790130033637,0 -58.3866133121865,-9.558213812222521,0 -58.3866964756112,-9.558285623428841,0 -58.3867903185862,-9.55836665582266,0 -58.3869713116172,-9.559026189704831,0 -58.38725018656261,-9.560042399875449,0 -58.3872753489597,-9.560134090383141,0 -58.38738102501001,-9.560380897235749,0 -58.38752623088629,-9.56072002705994,0 -58.38761292837441,-9.56092250833647,0 -58.38780214170939,-9.561364415852569,0 -58.3879607845311,-9.56173492447353,0 -58.3880780537109,-9.56200880335148,0 -58.3882317316935,-9.562367714970961,0 -58.38821733494549,-9.5642018843979,0 -58.3881025352079,-9.56498957953495,0 -58.38809047928039,-9.56507230129003,0 -58.38804685650171,-9.56537161688402,0 -58.3879786843527,-9.566689442764011,0 -58.3880713149062,-9.56688858319318,0 -58.3880980815818,-9.566946126159131,0 -58.38857510729619,-9.567971642399719,0 -58.3885992135627,-9.568023466752621,0 -58.3886493538127,-9.56809547062061,0 -58.38912828197711,-9.568783234536969,0 -58.38919916886479,-9.56888503095894,0 -58.3893166573565,-9.56905374902316,0 -58.3894740773945,-9.569279810653549,0 -58.3896934081468,-9.569594777553529,0 -58.3897489865933,-9.56967459003177,0 -58.3899338221709,-9.56994002017257,0 -58.389921896098,-9.570136399150041,0 -58.3899054180218,-9.57040773327406,0 -58.3898570247164,-9.571204601792379,0 -58.3892543548592,-9.57185472240991,0 -58.3885563561581,-9.57256842918987,0 -58.38812200656541,-9.57284067998626,0 -58.3880969524057,-9.572856384453321,0 -58.38784939214869,-9.573011555313469,0 -58.38766138980459,-9.57312939465108,0 -58.3873041624347,-9.57335330362751,0 -58.3872258264604,-9.57340240439621,0 -58.38703154714469,-9.57352417842279,0 -58.3868195331208,-9.573657067475139,0 -58.38674176223829,-9.57451811392203,0 -58.38765846134979,-9.57494875066172,0 -58.3882046259004,-9.576339576386861,0 -58.3887160946269,-9.576764072416321,0 -58.3903706885816,-9.57625191812863,0 -58.3905781820328,-9.574896001593141,0 -58.39276900968581,-9.575648419937851,0 -58.3928100070297,-9.5758214471599,0 -58.392984383748,-9.5765573890595,0 -58.3929192733309,-9.57663481169015,0 -58.39278435238651,-9.576795247635349,0 -58.39269037257219,-9.576906998427191,0 -58.3925123595596,-9.577118674350681,0 -58.3924614714582,-9.57717918506073,0 -58.39239783955091,-9.577254850203101,0 -58.3922400813323,-9.57737217284433,0 -58.3921330489532,-9.577451771001069,0 -58.3914226229469,-9.577980101573861,0 -58.3913995651283,-9.57799724958131,0 -58.3911590700867,-9.578176100828451,0 -58.3911501277022,-9.57818067048402,0 -58.39097490021761,-9.578270220690211,0 -58.3906046382019,-9.57845944262349,0 -58.390439895633,-9.57854363370854,0 -58.39038013716559,-9.57857417298805,0 -58.3903319388694,-9.57861008042935,0 -58.3900594522963,-9.57881307825466,0 -58.39005493355809,-9.57881644471604,0 -58.3897869653895,-9.579016076813589,0 -58.3896888382297,-9.579089179781789,0 -58.3895144781454,-9.579219075201889,0 -58.38932274229229,-9.579361914539581,0 -58.38896950264141,-9.57962507056239,0 -58.3889566448349,-9.57963464899299,0 -58.38882375053019,-9.57973365243072,0 -58.3884238386655,-9.579861993775751,0 -58.3882785105377,-9.579908632376441,0 -58.3881508809468,-9.57994959115786,0 -58.3880760177165,-9.579973616826489,0 -58.38785006419969,-9.58018161543481,0 -58.38760610800699,-9.580406185405201,0 -58.3871437932666,-9.58083176147022,0 -58.3872395224517,-9.582354204465179,0 -58.3872395906498,-9.582355293786501,0 -58.38734186629421,-9.582639906111551,0 -58.38753122216649,-9.58316684191351,0 -58.38761830787909,-9.583409183468961,0 -58.3878947509231,-9.584178459492611,0 -58.3880179288903,-9.584521234447379,0 -58.38822533265489,-9.58509838584612,0 -58.3883279886957,-9.585333797097629,0 -58.3884471946879,-9.58560716203084,0 -58.3885641597362,-9.585875387202719,0 -58.3887230863442,-9.58623983656179,0 -58.3888003325376,-9.586416977020869,0 -58.3890025023168,-9.58688058941434,0 -58.38903266611591,-9.586958581947011,0 -58.3892421668694,-9.58750027813503,0 -58.3892752007873,-9.58758569096077,0 -58.38931708687359,-9.58769399314601,0 -58.38959624141659,-9.5880413943599,0 -58.3900995666374,-9.588667767598119,0 -58.39015050940031,-9.5887311637767,0 -58.3901413029269,-9.589938083100501,0 -58.39013829849399,-9.59033201221583,0 -58.39011828657861,-9.59075197894335,0 -58.39008204729941,-9.591512489875591,0 -58.3900990440146,-9.59156585961971,0 -58.3901115315317,-9.591605070097691,0 -58.3903578873196,-9.592378624126651,0 -58.3903883970676,-9.592474425557461,0 -58.3905237037155,-9.59289928447156,0 -58.3905304281781,-9.59292046699534,0 -58.3907024467442,-9.593462311784039,0 -58.39087446505721,-9.594004156397229,0 -58.39094215045169,-9.59421735775183,0 -58.3909594306103,-9.594271788735471,0 -58.39115714061921,-9.594545556313371,0 -58.39144144669891,-9.59493923323914,0 -58.39215792824901,-9.59630171713281,0 -58.3920764467637,-9.59644073479293,0 -58.3920447448238,-9.59649482188741,0 -58.3917327854174,-9.59702706146258,0 -58.3926376165961,-9.597258738410069,0 -58.39403145994741,-9.59705175793624,0 -58.3952597626422,-9.597467636614439,0 -58.39568590379771,-9.59739991959218,0 -58.3957984269275,-9.598544793597149,0 -58.3952600196394,-9.599336090246631,0 -58.39536277546479,-9.59993327838778,0 -58.3958239510111,-9.5999055580213,0 -58.39621004198839,-9.59954167841537,0 -58.3967287332192,-9.599444777887101,0 -58.3967595506448,-9.599677077777891,0 -58.3968206404119,-9.60013756731796,0 -58.3968803636349,-9.60076165799366,0 -58.3968959227301,-9.60092424594149,0 -58.39747971143001,-9.601549267807201,0 -58.3982157118464,-9.60185203957972,0 -58.398801370065,-9.6017415005504,0 -58.3997245667489,-9.600413830896469,0 -58.4004957446493,-9.59939071359914,0 -58.400529564148,-9.599345844902039,0 -58.40074559028701,-9.59905924297952,0 -58.4015150589502,-9.5993175386874,0 -58.4014080954235,-9.60012731785025,0 -58.4016766054241,-9.600381335781851,0 -58.40294751759091,-9.6001657107367,0 -58.40342973438239,-9.600584219236641,0 -58.40429427992049,-9.602003324917741,0 -58.4046654662095,-9.601654940494029,0 -58.4056668222014,-9.600343388693171,0 -58.40545723272259,-9.599041356479701,0 -58.406022339715,-9.598975639481081,0 -58.4067681067982,-9.59883120841749,0 -58.4073112979722,-9.59921873614161,0 -58.4088579856029,-9.599404256962529,0 -58.4093171933831,-9.60023494859507,0 -58.4099771233245,-9.600309291066729,0 -58.4109456941771,-9.599645797230639,0 -58.41143049755299,-9.600361559750169,0 -58.4111500877676,-9.601137928973561,0 -58.4115911548371,-9.602256847366659,0 -58.411427865885,-9.603156315772679,0 -58.41246009746439,-9.603470687191891,0 -58.41324510268819,-9.60282280107397,0 -58.41405617874059,-9.60370695971751,0 -58.41478037367029,-9.60447240574889,0 -58.4154065392868,-9.60462819709333,0 -58.4153986476603,-9.605040176674789,0 -58.41571011073691,-9.60521183888727,0 -58.4154655356144,-9.605653857552911,0 -58.4155968530616,-9.60604986137848,0 -58.4167604142369,-9.606813500717539,0 -58.4177955879022,-9.60744626210173,0 -58.4185420709415,-9.609153119134101,0 -58.41901393948729,-9.60944453826388,0 -58.4200352815988,-9.610569981840991,0 -58.4211041411711,-9.610262523883961,0 -58.4205834413553,-9.61077455262013,0 -58.4209632820564,-9.61098721708515,0 -58.4223577814662,-9.611209109341891,0 -58.4226186004512,-9.61072977886141,0 -58.4229804222465,-9.61071423023713,0 -58.42371949804001,-9.611807285003289,0 -58.4244080291273,-9.611160105965491,0 -58.425908709826,-9.61082888170702,0 -58.42575225103371,-9.61268451137434,0 -58.4263392554866,-9.612866405074911,0 -58.4265407335476,-9.613374185389739,0 -58.4276211268185,-9.61357188726997,0 -58.4269853874336,-9.61383834427375,0 -58.42670704616181,-9.61453137876854,0 -58.4274144503911,-9.614874093348099,0 -58.4291799651718,-9.615294850701339,0 -58.4300290335719,-9.6163092635691,0 -58.430344867701,-9.617471341774509,0 -58.4308993998756,-9.618264099989711,0 -58.4314161217443,-9.6190178658451,0 -58.4318968544697,-9.619244987464819,0 -58.43273279797319,-9.61897096391408,0 -58.4332130636445,-9.61958236067716,0 -58.43466017066621,-9.620415198174131,0 -58.4359240152119,-9.621791278964171,0 -58.4373533526285,-9.621908523031109,0 -58.43761977419331,-9.62268982523204,0 -58.4375422277943,-9.623703060562301,0 -58.43720064862,-9.623455093176149,0 -58.43589535047969,-9.623099192464959,0 -58.4353557999857,-9.62392237765371,0 -58.43540902685501,-9.62472668329862,0 -58.43556954069061,-9.62565319939508,0 -58.4361931927462,-9.625778019046169,0 -58.4369938097446,-9.62652946683118,0 -58.4369071656588,-9.62773202585262,0 -58.4372162017445,-9.62836713977838,0 -58.4377948077929,-9.62945767315601,0 -58.43786806160651,-9.63013088512511,0 -58.4381087332346,-9.630898649259059,0 -58.4392630351516,-9.63243723692222,0 -58.4396240902994,-9.633100912931461,0 -58.4400682802095,-9.633326952130529,0 -58.44129167456669,-9.633192188674441,0 -58.44085650105809,-9.634060381683749,0 -58.4420436723277,-9.635018752889909,0 -58.442618222846,-9.63556798806756,0 -58.4412773678919,-9.63603292137625,0 -58.4411147664149,-9.63711884755784,0 -58.4416887173933,-9.63752622576855,0 -58.4428769332898,-9.63719325369577,0 -58.4436660113312,-9.636972129086519,0 -58.4438760146979,-9.63729133887743,0 -58.4439868883159,-9.637459868468451,0 -58.4441511469362,-9.63770954461314,0 -58.44466522062109,-9.63849094220693,0 -58.444702376766,-9.639751663865651,0 -58.4443245060616,-9.64059722360906,0 -58.4445902716187,-9.642564310200459,0 -58.4461579230653,-9.645043971871109,0 -58.4468206600392,-9.644151543911541,0 -58.4479834444023,-9.644468917187149,0 -58.4480531479388,-9.64590286296276,0 -58.4495390185668,-9.64767759520177,0 -58.450236486858,-9.64748042800155,0 -58.4504834082642,-9.648268333401241,0 -58.45048800330229,-9.64828299465494,0 -58.4507605528415,-9.649152672515481,0 -58.450912497175,-9.649637507680859,0 -58.451314847265,-9.65092134930714,0 -58.451336995168,-9.650992019583139,0 -58.4520793564468,-9.65336075298208,0 -58.4516330606521,-9.65451715220002,0 -58.4516039313953,-9.65459262926767,0 -58.4515282008613,-9.65478885442533,0 -58.4513335646389,-9.655293173577761,0 -58.451318479947,-9.655332258845441,0 -58.4512459151435,-9.655520281290361,0 -58.4513351905308,-9.65567283583766,0 -58.4519280916235,-9.656685987649951,0 -58.4519992647966,-9.65680760786343,0 -58.452159953232,-9.6567603527134,0 -58.4524198822321,-9.65668391246888,0 -58.4527060013618,-9.65659976983304,0 -58.45316047491881,-9.6564661174167,0 -58.4532795255788,-9.657872551558199,0 -58.4543938863545,-9.657929283723179,0 -58.4551932112635,-9.659022391538629,0 -58.4574236239365,-9.657508572208791,0 -58.45921774744659,-9.658682114281669,0 -58.4592768698668,-9.658931526784819,0 -58.45946067790441,-9.65970693324825,0 
							</coordinates>
						</LinearRing>
					</innerBoundaryIs>
				</Polygon>
				<Polygon>
					<outerBoundaryIs>
						<LinearRing>
							<coordinates>
								-58.8308630535255,-9.330420698798109,0 -58.83258884281959,-9.33039286668615,0 -58.8344072424831,-9.33029304003229,0 -58.83622016175111,-9.330121022494771,0 -58.8380246956412,-9.32987708883716,0 -58.8398179543977,-9.329561632228449,0 -58.8415970634569,-9.32917515610405,0 -58.84335917532059,-9.3287182804295,0 -58.845101465904,-9.3281917380998,0 -58.8468211436256,-9.327596371272531,0 -58.8485154548981,-9.32693313585564,0 -58.85018168590751,-9.32620309245368,0 -58.8518171672026,-9.325407412667991,0 -58.8534192791131,-9.324547370023589,0 -58.85498545540841,-9.32362434265775,0 -58.8565131878286,-9.322639808771591,0 -58.858000029727,-9.32159534660615,0 -58.859443600595,-9.32049262898998,0 -58.8608415878785,-9.319333422420719,0 -58.86219175242499,-9.318119584319909,0 -58.8634919320953,-9.316853057585069,0 -58.8647400463228,-9.31553587236948,0 -58.8659340951585,-9.31417013794619,0 -58.86707216837,-9.31275804265629,0 -58.8681323326113,-9.31132895562714,0 -58.8681524426744,-9.31130184759075,0 -58.8682281442636,-9.31119075439292,0 -58.86849907115581,-9.310793165214809,0 -58.86869039216419,-9.310512398641389,0 -58.869173189006,-9.309803884740541,0 -58.8701327725017,-9.308266555184771,0 -58.8710296588147,-9.30669231910983,0 -58.871862412307,-9.305083699431769,0 -58.8726296987212,-9.303443271835031,0 -58.87333029062919,-9.301773663837279,0 -58.87389267616329,-9.300266231768839,0 -58.8848250012052,-9.300273857044809,0 -58.8850980308534,-9.30027404362697,0 -58.887828325018,-9.300275893425781,0 -58.8881013542074,-9.30027607770738,0 -58.8883743833501,-9.30027626087583,0 -58.889350137297,-9.300276915193431,0 -58.89098886642169,-9.30024868939836,0 -58.8928070360288,-9.300148598035401,0 -58.89461971506,-9.299976318866969,0 -58.8964239989228,-9.299732127082409,0 -58.89821699826749,-9.29941641627016,0 -58.899995838952,-9.29902969027904,0 -58.9017576739142,-9.29857256947998,0 -58.9034996795201,-9.29804578716602,0 -58.9052190646514,-9.29745018588396,0 -58.90691307619719,-9.296786721921491,0 -58.908579000831,-9.296056456253011,0 -58.91021416960051,-9.29526056083929,0 -58.9104615948693,-9.29512767998748,0 -58.91050707325121,-9.29510325600693,0 -58.9107338225872,-9.294981479384001,0 -58.9110060500491,-9.294835278617089,0 -58.9110171424054,-9.294829321447081,0 -58.91127827725481,-9.29468907768673,0 -58.9115505041996,-9.29454287568897,0 -58.9118159633437,-9.29440030955355,0 -58.9123670267945,-9.29407540258868,0 -58.91248157231789,-9.294007866667821,0 -58.9133818163481,-9.2934770808696,0 -58.9137276633586,-9.293254111987769,0 -58.9149092208793,-9.29249235331261,0 -58.9163957308242,-9.29144770543501,0 -58.91783896621369,-9.290344810363219,0 -58.9192366150392,-9.289185434879251,0 -58.920586438698,-9.28797143667459,0 -58.9218862756042,-9.286704758902181,0 -58.92313404574761,-9.28538743195511,0 -58.9243277497372,-9.2840215653315,0 -58.92546547789961,-9.28260934758101,0 -58.9265454075106,-9.281153039987601,0 -58.92756581006199,-9.279654974718561,0 -58.9285250512472,-9.278117553012789,0 -58.9294215972717,-9.276543235199251,0 -58.9302540130471,-9.274934544319651,0 -58.93102096486031,-9.273294056167099,0 -58.9317212258221,-9.2716243983502,0 -58.9318070956318,-9.271394108719599,0 -58.9318987571276,-9.27114828323387,0 -58.93235367673499,-9.2699282439581,0 -58.9329173051757,-9.26820831156353,0 -58.9329735782404,-9.268009953883279,0 -58.9330155616035,-9.267861965845761,0 -58.93332378950669,-9.26677549616366,0 -58.9334008467404,-9.26650387874996,0 -58.9334112081524,-9.266467353455139,0 -58.9338345984813,-9.26470815831364,0 -58.93418679654841,-9.262933544023779,0 -58.9342230329956,-9.26270262118566,0 -58.934467241186,-9.261146351287049,0 -58.9346754842035,-9.259349443651351,0 -58.9348111930537,-9.25754569755286,0 -58.93486772839159,-9.25608455077543,0 -58.9350415267356,-9.24832453702615,0 -58.9350482070354,-9.248026271780761,0 -58.9350597524806,-9.24751083483762,0 -58.9350658271899,-9.247239600773939,0 -58.9350779785295,-9.246697132630599,0 -58.9351022797941,-9.24561219632912,0 -58.9351083556496,-9.24534096224618,0 -58.9351265825088,-9.24452725998991,0 -58.9351326584994,-9.24425602589876,0 -58.9351569618894,-9.24317108951853,0 -58.9351712626424,-9.242532685814851,0 -58.9353210218576,-9.23584776810528,0 -58.93532709892881,-9.235576533948541,0 -58.9356188235192,-9.22255729209955,0 -58.9356309810065,-9.22201482358378,0 -58.9356613734964,-9.220658652268449,0 -58.935673530547,-9.22011618372902,0 -58.9358772796093,-9.21102571801582,0 -58.93588370938261,-9.21067916909198,0 -58.93587602059,-9.20926702987467,0 -58.935873861331,-9.20887041534634,0 -58.93582997753,-9.20791126886178,0 -58.9357911898033,-9.207063500044759,0 -58.9356358271917,-9.20526131773506,0 -58.9354080240833,-9.203466754153959,0 -58.9351081464979,-9.20168268172427,0 -58.9347366758743,-9.199911958654029,0 -58.9342942062796,-9.19815741901035,0 -58.93378144986031,-9.196421872693691,0 -58.9331992258837,-9.194708099172139,0 -58.9331189126457,-9.19449961973516,0 -58.9330674351633,-9.19436599306813,0 -58.9325484688803,-9.1930188402097,0 -58.931830222284,-9.191356802616371,0 -58.9310456356336,-9.189724646515289,0 -58.9301959654783,-9.188124985342309,0 -58.9292825744294,-9.18656037952741,0 -58.9283069256928,-9.185033335624709,0 -58.9272705802843,-9.18354629638764,0 -58.9261751988656,-9.18210164438001,0 -58.9256792859948,-9.181499341807189,0 -58.9255877983271,-9.18138822650738,0 -58.92502253532161,-9.180701692070761,0 -58.92381443674961,-9.17934868003069,0 -58.922552836172,-9.178044775167781,0 -58.9212397552321,-9.176792064389261,0 -58.9198772950982,-9.17559255465434,0 -58.91970543386959,-9.175453035012231,0 -58.9193735347489,-9.175183592927951,0 -58.9184676373319,-9.17444816483774,0 -58.91701303935201,-9.17336072756574,0 -58.91607953697289,-9.17271931193852,0 -58.9158056013765,-9.17253108802875,0 -58.9155158307698,-9.17233198381556,0 -58.9139784079209,-9.17136358023577,0 -58.9124032320452,-9.17045706825539,0 -58.910792824715,-9.16961389868699,0 -58.90914976420201,-9.168835421748881,0 -58.9074766809108,-9.168122882571501,0 -58.905776253762,-9.16747742393094,0 -58.90405120469229,-9.16690007723949,0 -58.90230429414801,-9.166391768899119,0 -58.9009672434742,-9.16605980592025,0 -58.9005383192252,-9.16595331127219,0 -58.899770843992,-9.165794881991991,0 -58.89875610824399,-9.16558540723099,0 -58.8969605116407,-9.165288646589859,0 -58.8951544055965,-9.165063502470179,0 -58.893340680253,-9.164910337690101,0 -58.8915222396789,-9.164829396627759,0 -58.8897019955339,-9.164820809773691,0 -58.8878828597769,-9.164884589247359,0 -58.8873165111318,-9.16491925150493,0 -58.87264813883469,-9.16590798483327,0 -58.8718296469488,-9.1659631382357,0 -58.87019498673491,-9.166073283871039,0 -58.868384280694,-9.127174905451909,0 -58.8683590459325,-9.12663260938788,0 -58.8675902575066,-9.110108850009521,0 -58.8675421756804,-9.10925173824454,0 -58.867387295162,-9.107449438960771,0 -58.8671599891865,-9.10565474106996,0 -58.8668606229681,-9.10387051721948,0 -58.8664896771176,-9.102099625869631,0 -58.8660477448545,-9.100344901366419,0 -58.8655355374576,-9.09860915391698,0 -58.86495387330969,-9.09689516332103,0 -58.8643036860406,-9.095205671700461,0 -58.8635860181677,-9.093543386248109,0 -58.86280201830159,-9.091910967493581,0 -58.8619529420508,-9.090311029302899,0 -58.8610401510755,-9.08874613255951,0 -58.860065107622,-9.087218784292549,0 -58.85902937173989,-9.08573142775122,0 -58.8579346031182,-9.08428644601603,0 -58.85678255466541,-9.082886152091691,0 -58.8555750724999,-9.081532787103621,0 -58.8543140886643,-9.08022851853144,0 -58.8530016238221,-9.078975433871239,0 -58.8516397781641,-9.077775540686179,0 -58.8502307322782,-9.076630758469721,0 -58.848776742614,-9.075542920480769,0 -58.8472801378203,-9.074513768341591,0 -58.84574331327821,-9.07354494935719,0 -58.8441687292825,-9.072638015623481,0 -58.8425589064712,-9.07179441862935,0 -58.8409164221939,-9.0710155092777,0 -58.83924390594721,-9.070302533390761,0 -58.8375440357575,-9.069656634442699,0 -58.835819532685,-9.06907884454847,0 -58.8340731563164,-9.0685700908166,0 -58.8323077029074,-9.06813118631894,0 -58.83052599995741,-9.06776283463925,0 -58.8287308971042,-9.067465626302891,0 -58.82692526975259,-9.067240035142589,0 -58.8251120072914,-9.0670864246857,0 -58.8232940130614,-9.067005040017049,0 -58.8221983886215,-9.066990933137561,0 -58.7881105129027,-9.066958622670549,0 -58.78794913361631,-9.066958747305939,0 -58.7848031429779,-9.066966700616749,0 -58.7852928569408,-9.04765478584623,0 -58.7853021119904,-9.047198450972489,0 -58.7852931936365,-9.045389525581269,0 -58.7852114778031,-9.043582401991969,0 -58.7850570953335,-9.041779975104509,0 -58.7848302952281,-9.03998513106721,0 -58.78453144188569,-9.038200742772091,0 -58.7841610150911,-9.036429668953581,0 -58.78371960722991,-9.034674744260069,0 -58.78320792873801,-9.03293877923061,0 -58.78262679715041,-9.031224554023151,0 -58.78197714524411,-9.02953481114579,0 -58.7812600146794,-9.02787225820402,0 -58.7804765532087,-9.026239556165081,0 -58.7796280155813,-9.024639319357849,0 -58.77871576259871,-9.023074109153089,0 -58.77774125565,-9.0215464330904,0 -58.7767060539326,-9.020058734951061,0 -58.7756118162861,-9.018613398370089,0 -58.7744602947766,-9.01721273692681,0 -58.7732533346873,-9.015858992341229,0 -58.7719928672338,-9.014554332705501,0 -58.7706809122628,-9.013300846146659,0 -58.769319569159,-9.01210054087459,0 -58.76791101771731,-9.01095533704529,0 -58.76645751360691,-9.009867068594771,0 -58.7649613847111,-9.00883747783584,0 -58.7634250256616,-9.00786821277581,0 -58.7618508960205,-9.00696082622418,0 -58.76024151571119,-9.006116770393371,0 -58.7585994613879,-9.0053373969187,0 -58.7569273618719,-9.004623952362341,0 -58.7552278945349,-9.00397758094517,0 -58.75350377980551,-9.003399315533811,0 -58.7517577766608,-9.002890083992551,0 -58.7499926807716,-9.002450700152179,0 -58.7482113190764,-9.00208186835752,0 -58.7464165406783,-9.001784179894599,0 -58.74461122047379,-9.001558109357291,0 -58.74279824736999,-9.0014040210317,0 -58.7409805242542,-9.00132216075894,0 -58.7395892978853,-9.001308382378211,0 -58.70366176606941,-9.001497225516079,0 -58.7030262040291,-9.00093661527753,0 -58.7016178629275,-8.99979110935778,0 -58.7001645582805,-8.998702532516139,0 -58.69866861766031,-8.99767262755794,0 -58.69713243540539,-8.99670304299115,0 -58.6955584708023,-8.99579533213422,0 -58.6939492435184,-8.99495094771534,0 -58.69230732997019,-8.99417124189211,0 -58.6906353587613,-8.993457461754341,0 -58.6889360070641,-8.99281075205541,0 -58.6872119951292,-8.992232146198059,0 -58.6854660817747,-8.991722572585591,0 -58.6837010625335,-8.99128284559035,0 -58.6819197642262,-8.99091367010012,0 -58.6801250358588,-8.99061563794382,0 -58.67831975225211,-8.99038922425855,0 -58.6765068022575,-8.9902347938723,0 -58.6746890887281,-8.99015259316619,0 -58.67286952218299,-8.990142754623349,0 -58.6710510135196,-8.990205292340161,0 -58.6692199199981,-8.99034167694562,0 -58.6634013916373,-8.990894775469309,0 -58.66286571076071,-8.990948875716541,0 -58.6623307122069,-8.99100927854686,0 -58.6617964695692,-8.99107597459485,0 -58.6612630582604,-8.99114895448721,0 -58.6607305527839,-8.991228208855169,0 -58.66019902945,-8.9913137256098,0 -58.659668560936,-8.99140549358297,0 -58.659139221726,-8.99150349888639,0 -58.64377869938281,-8.99444076994598,0 -58.63101369094801,-8.99582305909048,0 -58.6220585999897,-8.996800229484659,0 -58.6214005249861,-8.996874304532289,0 -58.6202510992329,-8.99700927043799,0 -58.6184530948925,-8.997287661137539,0 -58.61666772950001,-8.997637341096469,0 -58.6148978607583,-8.998057749312281,0 -58.61314632137991,-8.99854821372463,0 -58.6114159163536,-8.999107948511639,0 -58.6097094157,-8.999736059543229,0 -58.60802955172879,-9.00043153986854,0 -58.6071550420713,-9.00083513426658,0 -58.6063790136161,-9.00119327606507,0 -58.60578798916929,-9.00149159920489,0 -58.6047571163751,-9.002013524703299,0 -58.5995322831594,-9.00464226080565,0 -58.59523118927821,-9.00680616289373,0 -58.594206001007,-9.007339217455041,0 -58.5926219367431,-9.00822966756089,0 -58.5910749671385,-9.009182407577841,0 -58.589567570825,-9.01019591103725,0 -58.5881021606365,-9.01126855682859,0 -58.5876848505966,-9.011600412264141,0 -58.587557998811,-9.011701288035249,0 -58.5873418859168,-9.01187314524025,0 -58.5872860936754,-9.01191751250877,0 -58.58668108360281,-9.01239862738675,0 -58.58530661460419,-9.013584313235871,0 -58.5839809554783,-9.01482371660542,0 -58.5827062286611,-9.01611485326165,0 -58.5814844753792,-9.01745565522366,0 -58.5803176538527,-9.018843976192059,0 -58.5792076320289,-9.020277594288631,0 -58.5781561884924,-9.02175421295272,0 -58.5771650070364,-9.0232714681944,0 -58.5762356757642,-9.02482693221139,0 -58.57536968343891,-9.026418111593211,0 -58.5745684186272,-9.02804246088451,0 -58.5742553338859,-9.028747156531599,0 -58.5738331642205,-9.029697378989029,0 -58.5737788410804,-9.02983421642872,0 -58.5731650983616,-9.03138021458828,0 -58.5725652926543,-9.033088274284671,0 -58.572034707604,-9.034818821715019,0 -58.5715741944725,-9.03656908748702,0 -58.5711844925298,-9.038336266477319,0 -58.5708662254659,-9.040117531408759,0 -58.57061990590699,-9.041910027405409,0 -58.5704459272794,-9.04371088559005,0 -58.5703445701597,-9.04551722124871,0 -58.5703159986594,-9.047326141080401,0 -58.5703602586201,-9.04913474863057,0 -58.570477281259,-9.05094014789376,0 -58.5706668795372,-9.05273944694722,0 -58.5709287499945,-9.054529763370409,0 -58.5712624764103,-9.056308231464699,0 -58.571667523421,-9.058072000475081,0 -58.5721432447575,-9.059818248120431,0 -58.5723588128728,-9.060500127253819,0 -58.57245627496189,-9.061019490896239,0 -58.5725187255595,-9.06131397800479,0 -58.5728420753192,-9.06281397901618,0 -58.57318469029949,-9.064283256389171,0 -58.57324094963369,-9.06448975872186,0 -58.5731764230626,-9.065038973683549,0 -58.5731188539504,-9.06558895259513,0 -58.573068253773,-9.06613960769981,0 -58.57302462764291,-9.06669085217195,0 -58.5729879843109,-9.06724259916987,0 -58.5729583288857,-9.067794760962951,0 -58.57293566647169,-9.068347248916,0 -58.5729200012755,-9.068899977109821,0 -58.57291133385741,-9.06945285783215,0 -58.5729096675022,-9.070005802454441,0 -58.5729152534172,-9.07256225552671,0 -58.5729155727819,-9.072659790700421,0 -58.5729598706007,-9.074468392795341,0 -58.57307693605379,-9.076273785226929,0 -58.57326658203681,-9.078073076082971,0 -58.573528505016,-9.079863382955329,0 -58.5738622886899,-9.08164184015998,0 -58.5742673976058,-9.08340559695854,0 -58.5743034930115,-9.083540234394761,0 -58.5745006977524,-9.08353938384974,0 -58.5745018820299,-9.083810632223321,0 -58.57477478209739,-9.08380945499345,0 -58.5747759666168,-9.084080703327119,0 -58.5750488668525,-9.084079525857719,0 -58.5750500516138,-9.08435077415148,0 -58.5753229520178,-9.08434959644249,0 -58.575324137021,-9.084620844696349,0 -58.5755970375932,-9.08461966674777,0 -58.5755982228383,-9.08489091496172,0 -58.57587112357869,-9.08488973677356,0 -58.5758723090658,-9.08516098494756,0 -58.57614520997439,-9.085159806519799,0 -58.5761463957035,-9.08543105465389,0 -58.57641929678029,-9.085429875986501,0 -58.5764204827514,-9.085701124080639,0 -58.5766933839964,-9.085699945173619,0 -58.5766945702095,-9.085971193227831,0 -58.57696747162271,-9.08597001408117,0 -58.5769686580778,-9.08624126209541,0 -58.5772415596592,-9.0862400827091,0 -58.57724274635639,-9.086511330683409,0 -58.577515648106,-9.08651015105743,0 -58.57751683504519,-9.086781398991739,0 -58.577789736963,-9.086780219126091,0 -58.5777909241442,-9.08705146702045,0 -58.57806382623029,-9.08705028691511,0 -58.57806501365351,-9.08732153476948,0 -58.5783379159078,-9.087320354424429,0 -58.57833910357319,-9.087591602238829,0 -58.5786120059956,-9.08759042165407,0 -58.5786131939031,-9.08786166942847,0 -58.57888609649369,-9.08786048860398,0 -58.5788872846433,-9.088131736338401,0 -58.5791601874022,-9.088130555274169,0 -58.5791613757938,-9.088401802968569,0 -58.5794342787209,-9.08840062166459,0 -58.5794354673547,-9.08867186931899,0 -58.57970837045,-9.08867068777524,0 -58.5797095593259,-9.08894193538962,0 -58.57998246258941,-9.088940753606099,0 -58.57998365170749,-9.089212001180471,0 -58.5802565551392,-9.089210819157151,0 -58.5802577444995,-9.089482066691479,0 -58.5805306480994,-9.08948088442836,0 -58.5805318377018,-9.089752131922671,0 -58.5808047414699,-9.08975094941974,0 -58.5808059313146,-9.09002219687399,0 -58.5810788352509,-9.09002101413124,0 -58.5810800253377,-9.090292261545461,0 -58.5813529294422,-9.090291078562871,0 -58.5813541197713,-9.090562325937009,0 -58.581627024044,-9.09056114271457,0 -58.5816282146153,-9.09083239004867,0 -58.5819011190562,-9.090831206586371,0 -58.5819023098697,-9.09110245388039,0 -58.58217521447891,-9.091101270178211,0 -58.5821764055347,-9.09137251743218,0 -58.58244931031199,-9.091371333490111,0 -58.58245050161,-9.091642580703979,0 -58.58272340655549,-9.091641396522011,0 -58.58272459809591,-9.09191264369581,0 -58.5829975032096,-9.091911459273909,0 -58.58299869499229,-9.09218270640762,0 -58.58327160027419,-9.09218152174582,0 -58.5832727922991,-9.09245276883941,0 -58.5835456977493,-9.09245158393769,0 -58.5835468900165,-9.092722830991169,0 -58.5838197956348,-9.09272164584949,0 -58.5838209881444,-9.092992892862879,0 -58.58409389393099,-9.092991707481231,0 -58.5840950866829,-9.093262954454479,0 -58.5843679926377,-9.093261768832861,0 -58.584369185632,-9.09353301576601,0 -58.5846420917549,-9.093531829904411,0 -58.5849149978407,-9.09353064383876,0 -58.5849161912827,-9.093801890695801,0 -58.5851890975367,-9.09380070439015,0 -58.5851902912211,-9.09407195120705,0 -58.5854631976433,-9.094070764661399,0 -58.5854643915701,-9.094342011438149,0 -58.5857372981605,-9.09434082465245,0 -58.5857384923296,-9.094612071389051,0 -58.5860113990883,-9.09461088436333,0 -58.5860125934999,-9.094882131059761,0 -58.5862855004267,-9.094880943793971,0 -58.5862866950807,-9.09515219045025,0 -58.5865596021757,-9.09515100294437,0 -58.5865607970722,-9.09542224956048,0 -58.58683370433539,-9.09542106181455,0 -58.5868348994744,-9.09569230839047,0 -58.58710780690569,-9.09569112040443,0 -58.5871090022872,-9.095962366940171,0 -58.5873819098868,-9.09596117871404,0 -58.58738310551071,-9.096232425209561,0 -58.5876560132785,-9.09623123674333,0 -58.5876572091449,-9.096502483198661,0 -58.58793011708089,-9.09650129449229,0 -58.5879313131898,-9.096772540907409,0 -58.58820422129399,-9.0967713519609,0 -58.5882054176454,-9.09704259833582,0 -58.58847832591779,-9.09704140914916,0 -58.5884795225118,-9.09731265548384,0 -58.58875243095229,-9.097311466057009,0 -58.58875362778889,-9.097582712351491,0 -58.5890265363976,-9.097581522684489,0 -58.5890277334768,-9.09785276893871,0 -58.5893006422537,-9.09785157903152,0 -58.5893018395754,-9.09812282524552,0 -58.5895747485205,-9.09812163509813,0 -58.5895759460849,-9.09839288127187,0 -58.5898488551982,-9.09839169088427,0 -58.5898500530051,-9.098662937017769,0 -58.59012296228659,-9.09866174638994,0 -58.5901241603361,-9.098932992483171,0 -58.5903970697858,-9.0989318016151,0 -58.590398268078,-9.09920304766808,0 -58.5906711776958,-9.099201856559761,0 -58.59067237623069,-9.09947310257246,0 -58.5909452860167,-9.09947191122388,0 -58.5909464847942,-9.099743157196309,0 -58.5912193947484,-9.099741965607461,0 -58.5912205937686,-9.100013211539579,0 -58.591493503891,-9.10001201971045,0 -58.5914947031539,-9.1002832656023,0 -58.5917676134445,-9.10028207353286,0 -58.59176881295,-9.100553319384399,0 -58.59204172340879,-9.100552127074661,0 -58.5920429231571,-9.100823372885911,0 -58.592315833784,-9.100822180335831,0 -58.592317033775,-9.101093426106781,0 -58.5925899445702,-9.101092233316351,0 -58.59259114480389,-9.101363479046981,0 -58.5928640557672,-9.10136228601622,0 -58.5928652562437,-9.10163353170651,0 -58.5931381673752,-9.101632338435399,0 -58.5931393680944,-9.10190358408537,0 -58.59341227939411,-9.10190239057388,0 -58.5934134803562,-9.102173636183499,0 -58.593686391824,-9.10217244243163,0 -58.5936875930289,-9.10244368800093,0 -58.5939605046649,-9.10244249400866,0 -58.59396170611249,-9.10271373953759,0 -58.59423461791679,-9.102712545304909,0 -58.5942358196072,-9.1029837907935,0 -58.5945087315796,-9.1029825963204,0 -58.5945099335128,-9.103253841768611,0 -58.5947828456535,-9.10325264705507,0 -58.5947840478295,-9.10352389246294,0 -58.5950569601383,-9.103522697508961,0 -58.59505816255731,-9.103793942876431,0 -58.5953310750343,-9.10379274768199,0 -58.595332277696,-9.10406399300909,0 -58.5956051903412,-9.10406279757418,0 -58.5956063932459,-9.10433404286089,0 -58.5958793060592,-9.104332847185489,0 -58.5958805092068,-9.104604092431799,0 -58.59615342218831,-9.10460289651591,0 -58.59615462557871,-9.10487414172184,0 -58.5964275387285,-9.10487294556544,0 -58.5964287423618,-9.10514419073097,0 -58.5967016556797,-9.10514299433405,0 -58.596702859556,-9.10541423945914,0 -58.5969757730421,-9.10541304282169,0 -58.59697697716129,-9.10568428790638,0 -58.5972498908156,-9.105683091028389,0 -58.59725109517781,-9.10595433607263,0 -58.5975240090002,-9.10595313895408,0 -58.5975252136053,-9.106224383957921,0 -58.597798127596,-9.10622318659879,0 -58.59779933244409,-9.106494431562171,0 -58.5980722466029,-9.106493233962469,0 -58.598073451694,-9.10676447888541,0 -58.598346366021,-9.10676328104512,0 -58.5983475713551,-9.107034525927601,0 -58.5986204858503,-9.1070333278467,0 -58.59862169142739,-9.10730457268874,0 -58.5988946060907,-9.1073033743672,0 -58.59889581191091,-9.10757461916878,0 -58.5991687267424,-9.107573420606631,0 -58.5991699328056,-9.107844665367731,0 -58.5994428478053,-9.10784346656494,0 -58.5994440541116,-9.10811471128555,0 -58.5997169692795,-9.108113512242101,0 -58.5997181758288,-9.10838475692225,0 -58.5999910911649,-9.108383557638129,0 -58.59999229795731,-9.108654802277769,0 -58.6002652134615,-9.10865360275298,0 -58.600266420497,-9.10892484735214,0 -58.60053933616939,-9.10892364758663,0 -58.600540543448,-9.10919489214529,0 -58.60081345928861,-9.109193692139099,0 -58.6008146668103,-9.109464936657229,0 -58.6010875828191,-9.10946373641033,0 -58.6010887905839,-9.10973498088795,0 -58.6013617067609,-9.10973378040031,0 -58.6013629147689,-9.11000502483741,0 -58.601635831114,-9.110003824109031,0 -58.6016370393652,-9.11027506850562,0 -58.6019099558785,-9.110273867536479,0 -58.60191116437279,-9.11054511189251,0 -58.6021840810543,-9.11054391068261,0 -58.6021852897918,-9.11081515499812,0 -58.6024582066414,-9.11081395354744,0 -58.60245941562209,-9.11108519782241,0 -58.6027323326399,-9.111083996130921,0 -58.6027335418638,-9.111355240365331,0 -58.6030064590498,-9.111354038433049,0 -58.6032793761983,-9.111352836296341,0 -58.6032805858711,-9.11162408045382,0 -58.6035535031878,-9.111622878076281,0 -58.6035547131038,-9.111894122193171,0 -58.6038276305887,-9.1118929195748,0 -58.603828840748,-9.11216416365111,0 -58.604101758401,-9.11216296079189,0 -58.6041029688035,-9.112434204827631,0 -58.6043758866247,-9.11243300172756,0 -58.6043770972705,-9.112704245722689,0 -58.6046500152598,-9.11270304238176,0 -58.604651226149,-9.112974286336289,0 -58.6049241443065,-9.11297308275447,0 -58.6049253554389,-9.11324432666841,0 -58.6051982737646,-9.11324312284569,0 -58.6051994851404,-9.113514366719009,0 -58.6054724036342,-9.11351316265538,0 -58.60547361525331,-9.11378440648808,0 -58.60574653391531,-9.11378320218353,0 -58.6057477457777,-9.11405444597562,0 -58.6060206646078,-9.114053241430151,0 -58.6060218767136,-9.114324485181591,0 -58.606294795712,-9.11432328039516,0 -58.6062960080611,-9.114594524105989,0 -58.6065689272276,-9.11459331907861,0 -58.6065701398201,-9.114864562748769,0 -58.60684305915479,-9.114863357480431,0 -58.6068442719907,-9.115134601109959,0 -58.6071171914935,-9.115133395600621,0 -58.6071184045729,-9.11540463918948,0 -58.6073913242438,-9.115403433439161,0 -58.6073925375666,-9.11567467698737,0 -58.6076654574057,-9.11567347099605,0 -58.6076666709719,-9.11594471450357,0 -58.60793959097921,-9.115943508271229,0 -58.6079408047888,-9.1162147517381,0 -58.60821372496429,-9.116213545264721,0 -58.6082149390174,-9.11648478869089,0 -58.608487859361,-9.116483581976469,0 -58.6084890736576,-9.116754825361969,0 -58.60876199416941,-9.1167536184065,0 -58.6087632087094,-9.117024861751281,0 -58.60903612938941,-9.11702365455475,0 -58.6090373441729,-9.11729489785885,0 -58.609310265021,-9.11729369042123,0 -58.6093114800481,-9.11756493368461,0 -58.60958440106431,-9.117563726005899,0 -58.6095856163349,-9.11783496922858,0 -58.6098585375193,-9.11783376130877,0 -58.60985975303339,-9.11810500449071,0 -58.610132674386,-9.11810379632978,0 -58.61013389014371,-9.118375039471021,0 -58.6104068116644,-9.118373831068959,0 -58.6104080276656,-9.118645074169439,0 -58.61068094935461,-9.11864386552625,0 -58.6106821655993,-9.118915108586011,0 -58.6109550874564,-9.11891389970166,0 -58.6109563039448,-9.11918514272066,0 -58.61122922596999,-9.11918393359514,0 -58.611230442702,-9.11945517657341,0 -58.6115033648954,-9.119453967206709,0 -58.6115045818709,-9.1197252101442,0 -58.6117775042325,-9.119724000536319,0 -58.6117787214517,-9.11999524343306,0 -58.6120516439814,-9.11999403358397,0 -58.6120528614442,-9.12026527643992,0 -58.6123257841421,-9.12026406634962,0 -58.6123270018486,-9.12053530916481,0 -58.6125999247146,-9.120534098833289,0 -58.6126011426648,-9.12080534160768,0 -58.612874065699,-9.120804131034911,0 -58.6128752838928,-9.12107537376853,0 -58.6131482070951,-9.12107416295451,0 -58.6131494255326,-9.121345405647309,0 -58.6134223489031,-9.12134419459203,0 -58.6134235675843,-9.12161543724403,0 -58.613696491123,-9.121614225947489,0 -58.6136977100479,-9.121885468558681,0 -58.6139706337547,-9.121884257020829,0 -58.6139718529234,-9.122155499591219,0 -58.6142447767984,-9.122154287812061,0 -58.6142459962107,-9.12242553034163,0 -58.61451892025389,-9.122424318321171,0 -58.61452013991,-9.122695560809911,0 -58.6147930641213,-9.12269434854813,0 -58.6147942840212,-9.12296559099601,0 -58.6150672084006,-9.12296437849289,0 -58.6150684285443,-9.123235620899949,0 -58.6153413530919,-9.123234408155479,0 -58.6153425734793,-9.12350565052167,0 -58.6156154981951,-9.123504437535839,0 -58.6156167188263,-9.123775679861181,0 -58.6158896437103,-9.12377446663398,0 -58.61589086458531,-9.124045708918469,0 -58.6161637896374,-9.124044495449869,0 -58.6161650107563,-9.1243157376935,0 -58.61643793597649,-9.124314523983511,0 -58.61643915733929,-9.12458576618625,0 -58.61671208272771,-9.12458455223485,0 -58.6167133043342,-9.124855794396719,0 -58.6169862298908,-9.124854580203889,0 -58.61698745174121,-9.125125822324859,0 -58.6172603774659,-9.1251246078906,0 -58.6172615995602,-9.12539584997068,0 -58.6175345254531,-9.12539463529497,0 -58.6175357477913,-9.125665877334161,0 -58.6178086738523,-9.125664662416989,0 -58.61780989643441,-9.125935904415281,0 -58.6180828226636,-9.125934689256621,0 -58.6180840454896,-9.12620593121399,0 -58.6183569718869,-9.12620471581387,0 -58.6183581949569,-9.12647595773031,0 -58.6186311215224,-9.126474742088689,0 -58.6186323448363,-9.126745983964209,0 -58.6189052715699,-9.12674476808108,0 -58.61890649512771,-9.127016009915661,0 -58.6191794220295,-9.127014793791011,0 -58.61918064583129,-9.127286035584669,0 -58.6194535729013,-9.12728481921849,0 -58.6194547969471,-9.12755606097118,0 -58.6197277241851,-9.12755484436345,0 -58.6197289484749,-9.12782608607521,0 -58.6200018758812,-9.12782486922592,0 -58.62000310041489,-9.12809611089671,0 -58.62027602798939,-9.12809489380585,0 -58.6202772527671,-9.128366135435691,0 -58.6205501805097,-9.128364918103239,0 -58.6205514055315,-9.128636159692091,0 -58.62082433344221,-9.128634942118049,0 -58.62082555870809,-9.128906183665951,0 -58.621098486787,-9.1289049658503,0 -58.6210997122969,-9.129176207357199,0 -58.62137264054391,-9.12917498929993,0 -58.62137386629791,-9.129446230765851,0 -58.621646794713,-9.129445012466951,0 -58.6216480207111,-9.129716253891869,0 -58.6219209492944,-9.12971503535131,0 -58.62219387783969,-9.12971381660592,0 -58.62219510428811,-9.129985057953039,0 -58.62246803300151,-9.12998383896598,0 -58.62246925969391,-9.130255080272059,0 -58.62247048642431,-9.13052632157396,0 -58.6227434155121,-9.130525102308409,0 -58.6227446424866,-9.130796343569269,0 -58.6230175717425,-9.130795124062031,0 -58.6230187989612,-9.13106636528188,0 -58.6232917283852,-9.131065145532929,0 -58.6232929558481,-9.13133638671172,0 -58.62356588544029,-9.131335166721049,0 -58.6235671131473,-9.131606407858831,0 -58.6238400429076,-9.13160518762643,0 -58.6238412708588,-9.131876428723141,0 -58.62411420078729,-9.131875208248999,0 -58.6241154289827,-9.13214644930467,0 -58.6243883590793,-9.132145228588771,0 -58.6243895875189,-9.132416469603371,0 -58.6246625177837,-9.1324152486457,0 -58.62466374646759,-9.132686489619241,0 -58.6249366769005,-9.132685268419809,0 -58.62493790582851,-9.132956509352271,0 -58.62521083642961,-9.132955287911029,0 -58.6252120656019,-9.133226528802419,0 -58.6254849963712,-9.13322530711938,0 -58.6254862257877,-9.133496547969671,0 -58.6257591567251,-9.13349532604482,0 -58.6257603863859,-9.13376656685403,0 -58.62603331749139,-9.133765344687349,0 -58.6260345473966,-9.134036585455449,0 -58.62630747867021,-9.13403536304692,0 -58.62630870881969,-9.134306603773929,0 -58.62658164026151,-9.13430538112355,0 -58.6265828706552,-9.13457662180944,0 -58.6268558022652,-9.134575398917191,0 -58.6268570329032,-9.13484663956198,0 -58.6271299646813,-9.134845416427851,0 -58.6271311955637,-9.135116657031491,0 -58.6274041275099,-9.13511543365548,0 -58.6274053586367,-9.13538667421801,0 -58.6276782907511,-9.13538545060009,0 -58.62767952212219,-9.13565669112147,0 -58.6279524544047,-9.135655467261641,0 -58.6279536860202,-9.135926707741881,0 -58.6282266184709,-9.135925483640129,0 -58.6282278503308,-9.136196724079211,0 -58.6285007829496,-9.136195499735511,0 -58.6285020150538,-9.13646674013345,0 -58.6287749478408,-9.136465515547799,0 -58.62877618018949,-9.136736755904559,0 -58.6287774125763,-9.137007996257131,0 -58.6287786450013,-9.13727923660548,0 -58.629051578369,-9.137278011703939,0 -58.6290528110383,-9.13754925201113,0 -58.6290540437459,-9.1378204923141,0 -58.6290552764916,-9.138091732612869,0 -58.62932821044,-9.13809050739542,0 -58.6293294434302,-9.138361747653001,0 -58.6293306764585,-9.138632987906391,0 -58.629331909525,-9.13890422815555,0 -58.6293331426296,-9.13917546840052,0 -58.6296060773652,-9.139174242830119,0 -58.6296073107143,-9.139445483033899,0 -58.6298802456181,-9.139444257221459,0 -58.6301531804838,-9.13944303120395,0 -58.6301544142838,-9.139714271329559,0 -58.6304273493176,-9.13971304506998,0 -58.6304285833621,-9.139984285154391,0 -58.6307015185641,-9.13998305865274,0 -58.6309744537279,-9.13998183194601,0 -58.6309756882233,-9.140253071952211,0 -58.6312486235553,-9.140251845003389,0 -58.63124985829529,-9.140523084968351,0 -58.6315227937954,-9.14052185777742,0 -58.63152402878,-9.140793097701151,0 -58.6317969644483,-9.14079187026811,0 -58.63206990007841,-9.140790642629961,0 -58.6320711355139,-9.141061882475441,0 -58.6323440713122,-9.14106065459516,0 -58.6323453069923,-9.1413318943994,0 -58.63261824295879,-9.14133066627697,0 -58.6326194788835,-9.14160190603994,0 -58.6328924150181,-9.14160067767534,0 -58.63316535111449,-9.14159944910563,0 -58.63316658749029,-9.1418706887903,0 -58.6334395237548,-9.141869459978411,0 -58.6334407603752,-9.142140699621789,0 -58.63371369680791,-9.142139470567709,0 -58.6339866332023,-9.1421382413085,0 -58.6339878702738,-9.142409480873541,0 -58.63426080683639,-9.14240825137211,0 -58.6342620441526,-9.14267949089586,0 -58.6345349808833,-9.142678261152209,0 -58.6348079175758,-9.14267703120343,0 -58.634809155343,-9.14294827064878,0 -58.63508209220359,-9.14294704045775,0 -58.63508333021571,-9.1432182798618,0 -58.63535626724439,-9.14321704942852,0 -58.6356292042348,-9.14321581879009,0 -58.635630442698,-9.143487058115699,0 -58.6359033798566,-9.143485827235009,0 -58.6359046185645,-9.14375706651929,0 -58.6361775558912,-9.1437558353963,0 -58.63617879484391,-9.14402707463924,0 -58.6364517323387,-9.14402584327396,0 -58.63672466979529,-9.1440246117035,0 -58.63672590919921,-9.14429585086798,0 -58.63699884682379,-9.144294619055209,0 -58.6370000864725,-9.14456585817832,0 -58.6372730242653,-9.144564626123231,0 -58.6375459620198,-9.14456339386294,0 -58.6375472021197,-9.14483463290755,0 -58.6378201400423,-9.144833400404931,0 -58.63782138038711,-9.145104639408149,0 -58.6380943184778,-9.14510340666318,0 -58.6383672565301,-9.14510217371298,0 -58.6383684973262,-9.145373412637669,0 -58.6386414355466,-9.145372179445109,0 -58.63864267658761,-9.14564341832838,0 -58.63891561497609,-9.145642184893459,0 -58.638916856262,-9.14591342373534,0 -58.63918979481859,-9.14591219005799,0 -58.6394627333369,-9.14591095617544,0 -58.63946397507411,-9.146182194938721,0 -58.63973691376049,-9.14618096081373,0 -58.63973815574261,-9.146452199535601,0 -58.6400110945971,-9.14645096516819,0 -58.6402840334132,-9.14644973059556,0 -58.64028527584671,-9.146720969238769,0 -58.6405582148309,-9.146719734423691,0 -58.6405594575094,-9.146990973025479,0 -58.6408323966616,-9.146989737967941,0 -58.64083363958499,-9.147260976528271,0 -58.6411065789054,-9.14725974122825,0 -58.64137951818741,-9.14725850572299,0 -58.6413807615623,-9.14752974420464,0 -58.6416537010123,-9.14752850845689,0 -58.64165494463221,-9.147799746897061,0 -58.6419278842503,-9.147798510906799,0 -58.64220082383,-9.147797274711291,0 -58.6422020679014,-9.14806851307276,0 -58.6424750076491,-9.14806727663472,0 -58.6424762519655,-9.148338514954681,0 -58.64274919188139,-9.148337278274109,0 -58.6430221317588,-9.148336041388269,0 -58.64302337652671,-9.148607279629489,0 -58.6432963165722,-9.14860604250109,0 -58.6432975615852,-9.148877280700789,0 -58.6435705017988,-9.14887604332983,0 -58.6438434419738,-9.148874805753589,0 -58.6438446874384,-9.1491460438745,0 -58.6441176277816,-9.149144806055681,0 -58.64411887349129,-9.14941604413505,0 -58.6443918140024,-9.149414806073629,0 -58.6446647544751,-9.149413567806921,0 -58.6446660006365,-9.14968480580746,0 -58.6449389412772,-9.14968356729814,0 -58.6449401876837,-9.14995480525713,0 -58.6452131284925,-9.149953566505181,0 -58.6452143751441,-9.15022480442263,0 -58.6454873161209,-9.15022356542805,0 -58.6457602570593,-9.15022232622815,0 -58.6457615041626,-9.1504935640667,0 -58.64603444526901,-9.150492324624141,0 -58.6460356926174,-9.15076356242114,0 -58.64630863389191,-9.150762322735909,0 -58.6463098814855,-9.151033560491321,0 -58.64658282292801,-9.151032320563409,0 -58.6468557643319,-9.15103108043018,0 -58.6468570123773,-9.15130231810666,0 -58.64712995394931,-9.15130107773073,0 -58.6471312022399,-9.151572315365611,0 -58.6474041439799,-9.151571074746959,0 -58.64767708568139,-9.15156983392297,0 -58.64767833442379,-9.151841071478881,0 -58.64795127629331,-9.151839830412159,0 -58.647952525281,-9.15211106792645,0 -58.6482254673185,-9.152109826616989,0 -58.6484984093175,-9.15210858510217,0 -58.64849965875699,-9.15237982253745,0 -58.648772600924,-9.15237858077988,0 -58.6487738506087,-9.15264981817352,0 -58.6490467929437,-9.152648576173171,0 -58.6490480428738,-9.152919813525189,0 -58.6493209853768,-9.15291857128206,0 -58.64959392784129,-9.152917328833549,0 -58.64959517822321,-9.153188566106479,0 -58.6498681208557,-9.153187323415169,0 -58.649869371483,-9.15345856064647,0 -58.6501423142834,-9.15345731771235,0 -58.650143565156,-9.153728554901971,0 -58.65041650812451,-9.15372731172501,0 -58.65068945105439,-9.153726068342671,0 -58.65069070237901,-9.15399730545318,0 -58.6509636454768,-9.153996061828,0 -58.6509648970468,-9.15426729889681,0 -58.6512378403127,-9.15426605502876,0 -58.6515107835399,-9.15426481095531,0 -58.6515120355619,-9.15453604794498,0 -58.65178497895711,-9.15453480362865,0 -58.6517862312245,-9.154806040576631,0 -58.65205917478769,-9.154804796017411,0 -58.6523321183123,-9.15480355125278,0 -58.6523333710317,-9.155074788121571,0 -58.65260631472431,-9.15507354311403,0 -58.6526075676891,-9.15534477994108,0 -58.6528805115497,-9.155343534690619,0 -58.65288176476,-9.15561477147595,0 -58.65315470878849,-9.15561352598256,0 -58.6534276527784,-9.15561228028375,0 -58.6534289064408,-9.15588351698983,0 -58.6537018505987,-9.155882271048061,0 -58.6537031045066,-9.156153507712419,0 -58.6539760488324,-9.15615226152768,0 -58.6539773029858,-9.15642349815027,0 -58.6542502474796,-9.15642225172255,0 -58.6545231919347,-9.15642100508939,0 -58.6545244465403,-9.15669224163269,0 -58.6547973911634,-9.15669099475655,0 -58.65479864601441,-9.156962231258071,0 -58.65507159080551,-9.156960984138911,0 -58.6553445355579,-9.156959736814279,0 -58.65534579086119,-9.157230973236491,0 -58.6556187357815,-9.15722972566885,0 -58.65561999133039,-9.15750096204925,0 -58.6558929364186,-9.15749971423857,0 -58.65589419221299,-9.15777095057719,0 -58.6561671374693,-9.15776970252344,0 -58.6564400826868,-9.157768454264231,0 -58.65644133893349,-9.15803969052347,0 -58.65671428431899,-9.158038442021191,0 -58.6567155408113,-9.1583096782386,0 -58.6569884863647,-9.158308429493241,0 -58.6572614318793,-9.15830718054241,0 -58.65726268882399,-9.158578416680401,0 -58.6575356345066,-9.158577167486451,0 -58.6575368916969,-9.15884840358261,0 -58.6578098375475,-9.158847154145549,0 -58.6578110949833,-9.15911839019989,0 -58.65808404100189,-9.159117140519699,0 -58.6583569869816,-9.15911589063402,0 -58.65835824486989,-9.15938712660888,0 -58.6586311910176,-9.15938587648003,0 -58.6586324491515,-9.15965711241304,0 -58.65890539546719,-9.159655862041051,0 -58.65917834174391,-9.15965461146355,0 -58.65917960033039,-9.15992584731703,0 -58.6594525467751,-9.159924596496371,0 -58.6594538056072,-9.16019583230797,0 -58.6597267522199,-9.160194581244109,0 -58.6597280112977,-9.16046581701382,0 -58.6600009580783,-9.16046456570678,0 -58.66027390482011,-9.160463314194169,0 -58.66027516435051,-9.160734549884349,0 -58.6605481112602,-9.160733298128539,0 -58.6605493710362,-9.16100453377679,0 -58.6608223181139,-9.161003281777759,0 -58.6610952651527,-9.16100202957317,0 -58.6610965253813,-9.16127326514184,0 -58.661369472588,-9.16127201269401,0 -58.6613707330624,-9.161543248220751,0 -58.6616436804371,-9.16154199552966,0 -58.6616449411573,-9.161813231014481,0 -58.6619178886999,-9.16181197808012,0 -58.6619191496658,-9.16208321352299,0 -58.6621920973763,-9.16208196034537,0 -58.6624650450479,-9.16208070696214,0 -58.66246630646659,-9.162351942325371,0 -58.6627392543061,-9.162350688698851,0 -58.6627405159705,-9.16262192402011,0 -58.66301346397799,-9.162620670150281,0 -58.6632864119465,-9.162619416074859,0 -58.6632876740636,-9.16289065131644,0 -58.6635606222001,-9.16288939699769,0 -58.66356188456309,-9.163160632197281,0 -58.66383483286739,-9.163159377635189,0 -58.66383609547629,-9.16343061279281,0 -58.6641090439486,-9.16342935798737,0 -58.6641103068033,-9.163700593102989,0 -58.6643832554435,-9.16369933805418,0 -58.6646562040447,-9.163698082799749,0 -58.6646574673522,-9.16396931783563,0 -58.66493041612141,-9.163968062337821,0 -58.66493167967479,-9.16423929733168,0 -58.6652046286119,-9.164238041590471,0 -58.6652058924112,-9.164509276542329,0 -58.6654788415162,-9.16450802055771,0 -58.6654801055615,-9.16477925546754,0 -58.6657530548344,-9.16477799923949,0 -58.6660260040683,-9.16477674280582,0 -58.6660272685664,-9.16504797763583,0 -58.66630021796819,-9.165046720958721,0 -58.66630148271229,-9.165317955746691,0 -58.666574432282,-9.165316698826111,0 -58.6665756972721,-9.16558793357205,0 -58.66684864700969,-9.16558667640802,0 -58.6668499122457,-9.165857911111891,0 -58.6671228621513,-9.16585665370437,0 -58.6671241276333,-9.16612788836621,0 -58.6673970777068,-9.166126630715199,0 -58.66767002774111,-9.166125372858531,0 -58.6676712936762,-9.166396607440451,0 -58.6679442438784,-9.166395349340259,0 -58.6679455100595,-9.16666658388012,0 -58.6682184604297,-9.166665325536419,0 -58.66821972685679,-9.166936560034189,0 -58.6684926773949,-9.16693530144695,0 -58.668493944068,-9.16720653590264,0 -58.668766894774,-9.16720527707186,0 -58.6687681616933,-9.16747651148544,0 -58.6690411125671,-9.1674752524111,0 -58.6690423797325,-9.167746486782599,0 -58.6693153307743,-9.167745227464691,0 -58.66931659818569,-9.16801646179406,0 -58.6695895493953,-9.168015202232571,0 -58.6695908170529,-9.168286436519841,0 -58.6698637684305,-9.16828517671475,0 -58.6698650363341,-9.1685564109599,0 -58.6701379878796,-9.1685551509112,0 -58.6701392560294,-9.16882638511424,0 -58.67041220774269,-9.16882512482192,0 -58.67041347613869,-9.169096358982801,0 -58.6706864280199,-9.169095098446849,0 -58.670687696662,-9.169366332565611,0 -58.67096064871121,-9.16936507178602,0 -58.6709619175994,-9.169636305862619,0 -58.6712348698165,-9.169635044839371,0 -58.67123613895101,-9.169906278873841,0 -58.6715090913359,-9.16990501760692,0 -58.6715103607166,-9.17017625159921,0 -58.6717833132695,-9.17017499008861,0 -58.67178458289631,-9.17044622403875,0 -58.6720575356171,-9.17044496228446,0 -58.67205880549011,-9.170716196192419,0 -58.6723317583788,-9.17071493419442,0 -58.6723330284981,-9.17098616806021,0 -58.6726059815547,-9.1709849058185,0 -58.6726072519202,-9.17125613964209,0 -58.6728705189453,-9.17125492196157,0 -58.67274637062341,-9.169734997935009,0 -58.6726702275289,-9.169628410182179,0 -58.67259916294869,-9.169528932526299,0 -58.672404662186,-9.16925666449387,0 -58.6715936640244,-9.168742435407459,0 -58.67153309902749,-9.168548707329039,0 -58.6715022831396,-9.16845013829049,0 -58.6710250487543,-9.16692361475347,0 -58.6709822818392,-9.16678681709403,0 -58.6709472205335,-9.16649418811396,0 -58.6707713246817,-9.16502610638806,0 -58.670663181335,-9.16412350287659,0 -58.6706503343976,-9.16401627679191,0 -58.6704968325641,-9.163671173207931,0 -58.6703869588581,-9.163424152917729,0 -58.67013563441419,-9.162859119696209,0 -58.6701111076082,-9.162803978532439,0 -58.6700152348489,-9.16258843504216,0 -58.6698352574724,-9.162183803745689,0 -58.6697656799676,-9.162027376786281,0 -58.6694494329212,-9.157470371360761,0 -58.66871287637129,-9.15554219134283,0 -58.66871244899599,-9.15554107308858,0 -58.6685443819542,-9.155101097791491,0 -58.66854878290379,-9.15500046629988,0 -58.6685725144161,-9.154457876086409,0 -58.6685843806558,-9.154186580975979,0 -58.668631843986,-9.15310140053213,0 -58.6686702547287,-9.15222319925498,0 -58.6685351164567,-9.15149463663422,0 -58.6686901729613,-9.150764290319991,0 -58.6687699850431,-9.15038835965383,0 -58.668957251475,-9.1495062940762,0 -58.6690005528141,-9.149302336149169,0 -58.669180110729,-9.148456576368821,0 -58.66922452991821,-9.14829141876967,0 -58.6693908272931,-9.14767309641771,0 -58.6694928205371,-9.147293868438499,0 -58.669682988782,-9.14658678937826,0 -58.6697611101314,-9.146296319027529,0 -58.6698072835603,-9.146124637255509,0 -58.6698663540381,-9.145772223762719,0 -58.67002713363381,-9.14481300750206,0 -58.6701393496578,-9.144143524240301,0 -58.67049391140349,-9.142028186641371,0 -58.67001468733329,-9.140889213093489,0 -58.67000877647249,-9.140875164729611,0 -58.669900783986,-9.140618496898361,0 -58.6697327835679,-9.140219206625829,0 -58.6696827654996,-9.140100326954659,0 -58.669655988925,-9.140077142473441,0 -58.6694583888056,-9.139906048121871,0 -58.6693443841123,-9.139807335660601,0 -58.66918434795019,-9.139668766341989,0 -58.6690327797574,-9.139537528492269,0 -58.6689103074488,-9.13943148428717,0 -58.6687211749505,-9.13926772097267,0 -58.6686362673016,-9.13919420195743,0 -58.6684095715112,-9.138997913093419,0 -58.6683622275084,-9.13895691935276,0 -58.667537580878,-9.138242879940361,0 -58.6664479219235,-9.137921962892131,0 -58.6664468678615,-9.1379216521884,0 -58.6655410794691,-9.137654884616531,0 -58.6653536336264,-9.13759967832703,0 -58.66463423890309,-9.13738780382471,0 -58.6645337088855,-9.13735819598719,0 -58.6640187336933,-9.13720652486648,0 -58.66120003931119,-9.137145658918691,0 -58.6584833894714,-9.137314227443261,0 -58.6555524157984,-9.137449396365859,0 -58.654024540346,-9.13709850303659,0 -58.6526693961906,-9.135831371887051,0 -58.6523511765495,-9.13554523166543,0 -58.652242822878,-9.13544780074389,0 -58.6520510451043,-9.13527535475942,0 -58.6519687528893,-9.135201358053269,0 -58.65022963305561,-9.133637535774691,0 -58.64959580342219,-9.133116573815469,0 -58.649502399245,-9.1330398023026,0 -58.6492676099912,-9.132846821343151,0 -58.64922843068329,-9.13281461916945,0 -58.64855376716271,-9.132260089497271,0 -58.6482148117963,-9.13203787123207,0 -58.6481328826729,-9.131984158028081,0 -58.64780392265081,-9.13176849237446,0 -58.647585368999,-9.131625207725151,0 -58.64739303498559,-9.1314991129347,0 -58.6470378563381,-9.131266256395939,0 -58.6469821469811,-9.13122973292109,0 -58.6467641003855,-9.13108677989446,0 -58.64657125954721,-9.130960352329581,0 -58.6464903446902,-9.13090730404056,0 -58.6461603726837,-9.130690971160149,0 -58.6459655840129,-9.130563265426071,0 -58.6459426854919,-9.130515971157781,0 -58.6457656265319,-9.13015027250583,0 -58.64566714326691,-9.12994686544401,0 -58.64563458618489,-9.129879622423619,0 -58.6453916020447,-9.12937776025387,0 -58.64506888116579,-9.128711206073181,0 -58.6451112011793,-9.12774847384841,0 -58.6451366547711,-9.12716943913088,0 -58.6452881908213,-9.123722218538241,0 -58.64452223538189,-9.11954346320271,0 -58.6439056493003,-9.11694773190041,0 -58.643500180035,-9.116327077615381,0 -58.6434207927915,-9.11620555990566,0 -58.6433234994454,-9.11605663154711,0 -58.6431459478832,-9.115784851138949,0 -58.6429701400374,-9.115515738996519,0 -58.6428711036698,-9.11536414204156,0 -58.6427598203632,-9.115193798589949,0 -58.64263326763529,-9.11497477146504,0 -58.6425961094406,-9.114910460825101,0 -58.6412264374097,-9.112539919360019,0 -58.6412206375464,-9.11252988143843,0 -58.6407709827232,-9.11175163764478,0 -58.6407469333319,-9.11172834759804,0 -58.6406708057268,-9.111654622914489,0 -58.6401893554648,-9.1111883714004,0 -58.64012254755071,-9.111123672274079,0 -58.6399105667019,-9.11091838286664,0 -58.639879880773,-9.11088866520948,0 -58.6398938572701,-9.11037596854174,0 -58.63990125233389,-9.11010469041425,0 -58.6399138597145,-9.10964223263565,0 -58.6392970339897,-9.10964086902667,0 -58.63898484248899,-9.10964017807439,0 -58.6387849840979,-9.108482247935081,0 -58.6386134225655,-9.10748825531279,0 -58.6379196965799,-9.106754403758741,0 -58.6376444563639,-9.106329707279111,0 -58.6376365160888,-9.10631745467842,0 -58.6366021859279,-9.10472146727879,0 -58.636331022394,-9.103105882507331,0 -58.6354381903939,-9.101280399969911,0 -58.6353861045357,-9.10117390408047,0 -58.6351627208507,-9.10071716987115,0 -58.6351213591853,-9.100632601197089,0 -58.63488725229409,-9.100153940299791,0 -58.6348566147423,-9.100091297965729,0 -58.6346117847158,-9.099590709447559,0 -58.6344529606586,-9.09926597135494,0 -58.6338742272309,-9.09819698402241,0 -58.6337859913349,-9.09803400101389,0 -58.6335812442534,-9.09765580575313,0 -58.6335107764987,-9.097525643301919,0 -58.6332882613503,-9.09711462708202,0 -58.63323556253079,-9.097017285231781,0 -58.6329952794312,-9.09657344800503,0 -58.63296034943121,-9.0965089268035,0 -58.6320085141929,-9.09475073494356,0 -58.63213333517579,-9.094679283333271,0 -58.63648850246379,-9.09218619685419,0 -58.63730508892451,-9.091718738209179,0 -58.6373879106249,-9.091671327011399,0 -58.6378494786007,-9.091407098598889,0 -58.6378654827359,-9.091397937298311,0 -58.6392104482466,-9.090627997173319,0 -58.6392981942705,-9.09057776514903,0 -58.6394826413939,-9.09047217585692,0 -58.6509923912512,-9.083882967742159,0 -58.6465929300938,-9.07133657541541,0 -58.64651568478269,-9.07111627595865,0 -58.6249849374277,-9.080476610630839,0 -58.6200309095213,-9.08263010552977,0 -58.6203347284204,-9.081982573684851,0 -58.62034119783411,-9.081968784575819,0 -58.6204622614538,-9.08171075994732,0 -58.62061150736029,-9.08139266899537,0 -58.6207402924733,-9.081118186918159,0 -58.6210841797819,-9.07926677033227,0 -58.6211462476191,-9.07893260884344,0 -58.6212099567271,-9.07858961096146,0 -58.6211425839513,-9.07811716331914,0 -58.6211130993522,-9.07791040364248,0 -58.6209971310624,-9.077097175256361,0 -58.6209526998326,-9.07678559940728,0 -58.6197601946005,-9.075781485359739,0 -58.6192366939266,-9.07495008023764,0 -58.6190488662478,-9.07439333616612,0 -58.6183970339803,-9.0724612115112,0 -58.61839112618701,-9.06990481462627,0 -58.6191682097167,-9.06788285499405,0 -58.6191862104769,-9.06783601663639,0 -58.6192726329605,-9.06761114451291,0 -58.6193811714359,-9.067328727723259,0 -58.6194553331462,-9.06699614937496,0 -58.6196209668035,-9.066253361692491,0 -58.6197228421204,-9.065796500450659,0 -58.6197469455162,-9.065688408057071,0 -58.6211589284129,-9.063940469433881,0 -58.6210573161316,-9.063805766887439,0 -58.6208533844661,-9.06353542266698,0 -58.620803950557,-9.063469890302111,0 -58.6203118644289,-9.0628175488962,0 -58.62052739037029,-9.06264991871716,0 -58.6218351507992,-9.061632769835031,0 -58.6218128877556,-9.06136118762034,0 -58.621797333726,-9.061171454523469,0 -58.6210873534256,-9.05756693183686,0 -58.6210495070663,-9.05737478735465,0 -58.620991176246,-9.057078640353559,0 -58.6209231634294,-9.05702516299308,0 -58.6207745373843,-9.0569083001692,0 -58.6205801229483,-9.05675543378652,0 -58.6205006937123,-9.05669297973026,0 -58.620237082048,-9.05648570416883,0 -58.6202268503528,-9.056477659026781,0 -58.6195510026287,-9.0559462436842,0 -58.6194053221539,-9.055831696233421,0 -58.61920796320009,-9.0556765128213,0 -58.6192050805561,-9.055674246181059,0 -58.61913133192729,-9.055583281034581,0 -58.6189877970177,-9.05540623822805,0 -58.6188569391827,-9.0552448310006,0 -58.6183304249057,-9.05459539947587,0 -58.6183081552975,-9.054567930931791,0 -58.6181113015485,-9.05432511950708,0 -58.6180337641529,-9.054229479992889,0 -58.61789217853151,-9.054054839345939,0 -58.61775937354151,-9.053891028752361,0 -58.6176730558546,-9.05378455899247,0 -58.6174849834634,-9.053552577210271,0 -58.6173121463432,-9.053339387910849,0 -58.6172915178133,-9.05324374728184,0 -58.61723306899181,-9.052972756896949,0 -58.617116172624,-9.05243077603771,0 -58.6169886342673,-9.05183945582483,0 -58.6169216589948,-9.04961970213497,0 -58.616868418248,-9.04785507338349,0 -58.6168178559149,-9.04782086690204,0 -58.61664021589359,-9.047700690962991,0 -58.6164195048619,-9.04755137569947,0 -58.6157943321203,-9.04712843421906,0 -58.626349402888,-9.041808510245851,0 -58.6359509396335,-9.040763179267289,0 -58.6505471414146,-9.03918223780537,0 -58.6677298811107,-9.035896163833049,0 -58.6735325407002,-9.035344436816439,0 -58.6780400588613,-9.046836701707241,0 -58.7398324927638,-9.04651266254095,0 -58.7381568921031,-9.112286368479429,0 -58.7880655600963,-9.112162220090619,0 -58.8221577164015,-9.112193702601109,0 -58.8247517596725,-9.168079522655839,0 -58.8247769444291,-9.168621833060911,0 -58.8248021294243,-9.16916414343393,0 -58.8248525010405,-9.17024876407924,0 -58.8249028727016,-9.171333384600951,0 -58.82491429272299,-9.171579287941571,0 -58.82504896347749,-9.17447894517783,0 -58.8160669311255,-9.177156423515241,0 -58.816625362571,-9.17842677591093,0 -58.8167625689483,-9.17873889921456,0 -58.8168632877811,-9.17896801918012,0 -58.8178149989688,-9.181132989127541,0 -58.8178671522803,-9.181251626628439,0 -58.8179339645091,-9.181403610016449,0 -58.81805292935289,-9.18167423083192,0 -58.81814330098801,-9.18187980788298,0 -58.8182908596802,-9.182215472228741,0 -58.81841945084011,-9.18250798781299,0 -58.8203133055517,-9.186816011476839,0 -58.82035253200689,-9.18690523916195,0 -58.8205512448957,-9.18735724990235,0 -58.8206286910555,-9.187533415726479,0 -58.8207891841837,-9.187898488020011,0 -58.8209048512587,-9.18816159277417,0 -58.82090815505761,-9.188169106957069,0 -58.8210271252352,-9.18843972582061,0 -58.82114609562619,-9.18871034460601,0 -58.8218599242749,-9.190334055668471,0 -58.8222168405716,-9.19114591014932,0 -58.82228566951881,-9.19130246988964,0 -58.8223358140074,-9.191416528148689,0 -58.822454786747,-9.1916871460745,0 -58.8311235880343,-9.21140383096686,0 -58.8312593789682,-9.21171265533971,0 -58.8313997920097,-9.21203199198713,0 -58.8320923058156,-9.21360693805962,0 -58.83221129700179,-9.21387754955898,0 -58.8322284108548,-9.21391647160786,0 -58.83223643101299,-9.213934710818609,0 -58.8325013826189,-9.21391688224414,0 -58.832774257533,-9.213898519528509,0 -58.8357758770776,-9.213696522686471,0 -58.8363216251892,-9.21365979312209,0 -58.8854378207107,-9.210350846083941,0 -58.8859835435391,-9.210314043225379,0 -58.8868021272588,-9.2102588378803,0 -58.8884392928017,-9.210148420852869,0 -58.8887121534826,-9.21013001776268,0 -58.88953073509511,-9.210074805476751,0 -58.8903493160814,-9.210019592283871,0 -58.8903967710217,-9.210016391550051,0 -58.8903959906964,-9.210051022648001,0 -58.89038987554729,-9.210322263282739,0 -58.8903715312062,-9.21113598516969,0 -58.8903654161881,-9.211407225796099,0 -58.8903593012027,-9.21167846642043,0 -58.89035835894601,-9.211720283584739,0 -58.89035318715991,-9.21194970703791,0 -58.8902798139213,-9.21520459432338,0 -58.89026758490001,-9.215747075511629,0 -58.8902492425234,-9.21656079727364,0 -58.89023701473939,-9.217103278436291,0 -58.89023090044151,-9.21737451901687,0 -58.89020644448729,-9.21845948131361,0 -58.89020033126301,-9.218730721879,0 -58.8901758759635,-9.219815684134041,0 -58.890169761993,-9.220086924693771,0 -58.8901575350601,-9.220629405802219,0 -58.8901514211878,-9.220900646355711,0 -58.8901391944512,-9.22144312745163,0 -58.8901375191752,-9.22151745549853,0 -58.8901269678456,-9.22198560853921,0 -58.889961916478,-9.2293091024305,0 -58.8899435790108,-9.23012282387942,0 -58.8899374671938,-9.230394064355041,0 -58.8899167221115,-9.231314625594329,0 -58.8899007933391,-9.23202150718391,0 -58.88987023208671,-9.23337770948697,0 -58.8898518960917,-9.2341914308418,0 -58.88983967256199,-9.23473391173296,0 -58.8898274482532,-9.235276392620531,0 -58.88982133705781,-9.235547633056379,0 -58.88980911294529,-9.2360901139314,0 -58.8897968898735,-9.236632594793249,0 -58.8897907779317,-9.236903835223419,0 -58.8897602205333,-9.23826003733334,0 -58.8897235523706,-9.239887479798019,0 -58.8897113293048,-9.24042996060602,0 -58.8897052187308,-9.24070120100207,0 -58.8896991072797,-9.240972441400841,0 -58.8896866785871,-9.24152409011381,0 -58.88962577605619,-9.24422732600326,0 -58.8896074439862,-9.245041047106669,0 -58.889540228307,-9.2480246909942,0 -58.8893813869632,-9.255076268298581,0 -58.8512779473135,-9.255047759432109,0 -58.8507319477466,-9.25504732150023,0 -58.8504589478995,-9.25504710177011,0 -58.85018594801149,-9.25504688183185,0 -58.8477289472054,-9.25504489754249,0 -58.8452719430894,-9.25504289549162,0 -58.8445057611711,-9.255042267824869,0 -58.8318948629076,-9.25503170080526,0 -58.8315555560985,-9.255031410419219,0 -58.83155415605431,-9.2551058547692,0 -58.8315490537158,-9.255377097410721,0 -58.8314776235271,-9.25917449414024,0 -58.8314674198715,-9.259716979347569,0 -58.83144701295581,-9.26080194973291,0 -58.8314368096956,-9.26134443491091,0 -58.8313755919916,-9.26459934577826,0 -58.8313653896537,-9.26514183088781,0 -58.8313551874476,-9.265684315987601,0 -58.8313347834308,-9.26676928615777,0 -58.83132968250891,-9.26704052869421,0 -58.8313245816199,-9.267311771228179,0 -58.8312990776693,-9.2686679838614,0 -58.8312888763195,-9.26921046889756,0 -58.8312684740153,-9.27029543894049,0 -58.8312582730608,-9.270837923947269,0 -58.831248072238,-9.27138040894425,0 -58.831237871547,-9.271922893931441,0 -58.8310848760771,-9.2800601675678,0 -58.8310797767688,-9.2803314099842,0 -58.83100838899909,-9.2841288035607,0 -58.83098789907971,-9.28521881546034,0 -58.8309593311674,-9.285218737630609,0 -58.8306863023348,-9.285217989326091,0 -58.83014024456,-9.285216493898229,0 -58.8298672156132,-9.285215745870831,0 -58.732760767069,-9.284936403297049,0 -58.7201588519733,-9.28482562685293,0 -58.7192794255449,-9.28348343371335,0 -58.7168003379068,-9.2818800777371,0 -58.7154042670684,-9.28062495817357,0 -58.7136426070535,-9.279971063003661,0 -58.7136576252703,-9.27823584020739,0 -58.71321316472221,-9.27617637968609,0 -58.713769324864,-9.27470598279173,0 -58.71325148209879,-9.273042557184519,0 -58.7123449896847,-9.27173107910636,0 -58.7125121776581,-9.26974927191235,0 -58.7109092940262,-9.26905270533203,0 -58.7091530337592,-9.26767459205556,0 -58.70858555249839,-9.265308650348381,0 -58.7076590212632,-9.2637667906601,0 -58.70619531913851,-9.262910707148439,0 -58.7054467358797,-9.26138784541196,0 -58.7052605140073,-9.259577816475179,0 -58.7040514095209,-9.257531541854419,0 -58.703641052997,-9.256285116574141,0 -58.702455325953,-9.255256855645881,0 -58.7021024484677,-9.25344264893327,0 -58.7023167665516,-9.25209906348079,0 -58.7016663341813,-9.250816513346861,0 -58.7005822944507,-9.25010831552332,0 -58.7001181283964,-9.24842134327749,0 -58.7004912844544,-9.246036771139041,0 -58.7014470992521,-9.243881652581781,0 -58.7030266365111,-9.24278597488035,0 -58.7022156773928,-9.241369091063641,0 -58.7029521114597,-9.239912899765249,0 -58.7033519400295,-9.23826517563924,0 -58.7043064459965,-9.237144786194539,0 -58.7036958952671,-9.235568940765621,0 -58.70246653112531,-9.234563341781181,0 -58.7020166299711,-9.23287214214352,0 -58.7029540840249,-9.23142551594238,0 -58.7033524718265,-9.229921725841731,0 -58.7047040291217,-9.22768370456342,0 -58.70461250586979,-9.22560391958444,0 -58.70449290032379,-9.223296129917721,0 -58.7036026573908,-9.221379242591951,0 -58.7045484441992,-9.22085392764898,0 -58.7065335387448,-9.219078542640929,0 -58.7077718730505,-9.21790281401832,0 -58.70809253460379,-9.21691801262231,0 -58.7080224286313,-9.215827149630289,0 -58.7068565660189,-9.215668238453659,0 -58.7066266339996,-9.216268459547139,0 -58.70539890145179,-9.214311810402521,0 -58.7039721498086,-9.21455749783896,0 -58.7031472153412,-9.21402401068524,0 -58.70190232940239,-9.213357947601841,0 -58.7022686843178,-9.21228724896754,0 -58.7011274612383,-9.21070687996499,0 -58.70028143799441,-9.20939312897668,0 -58.6995059825953,-9.208685707362831,0 -58.6977859014427,-9.208569395204099,0 -58.6976246275167,-9.208558489397589,0 -58.6965313757203,-9.20839981590313,0 -58.6960000977686,-9.20832270612274,0 -58.69426990714,-9.20761159123999,0 -58.69283949602669,-9.20691965341576,0 -58.6924643300558,-9.20500997283621,0 -58.69196816224991,-9.204368312743171,0 -58.6912146870861,-9.20377518178462,0 -58.69071011394081,-9.202914852243261,0 -58.690002080284,-9.20205414548076,0 -58.6899493519438,-9.20200290828258,0 -58.6899497966256,-9.20209655528344,0 -58.6899510845894,-9.202367786215691,0 -58.690224059188,-9.20236650635616,0 -58.6902253473992,-9.202637737245791,0 -58.69022663564999,-9.20290896813118,0 -58.6902279239404,-9.20318019901233,0 -58.69050089912281,-9.203178918831229,0 -58.69050218766059,-9.20345014966977,0 -58.6905034762381,-9.203721380504041,0 -58.69077645179651,-9.203720100039719,0 -58.6907777406214,-9.203991330831389,0 -58.6907790294859,-9.204262561618791,0 -58.6907803183901,-9.20453379240195,0 -58.6910532945325,-9.204532511615991,0 -58.6910545836841,-9.20480374235653,0 -58.6910558728753,-9.205074973092829,0 -58.6913288493938,-9.20507369202358,0 -58.6913301388325,-9.205344922717231,0 -58.6913314283108,-9.205616153406631,0 -58.6913327178288,-9.20588738409179,0 -58.6916056949313,-9.205886102700839,0 -58.6916069846968,-9.20615733334335,0 -58.691608274502,-9.206428563981619,0 -58.69188125198059,-9.206427282307329,0 -58.6918825420333,-9.206698512902941,0 -58.6918838321256,-9.206969743494319,0 -58.6918851222576,-9.207240974081421,0 -58.6921581003203,-9.20723969208537,0 -58.6921593906999,-9.20751092262984,0 -58.692160681119,-9.20778215317004,0 -58.6921619715779,-9.208053383706011,0 -58.6924349502247,-9.20805210138815,0 -58.6924362409312,-9.20832333188144,0 -58.6924375316773,-9.208594562370489,0 -58.692438822463,-9.208865792855271,0 -58.69244011328839,-9.209137023335821,0 -58.6927130927274,-9.209135740657709,0 -58.6927143838005,-9.20940697109558,0 -58.6927156749132,-9.20967820152921,0 -58.6927169660655,-9.20994943195856,0 -58.6927182572576,-9.210220662383691,0 -58.6929912374888,-9.21021937934527,0 -58.6929925289285,-9.2104906097277,0 -58.6929938204078,-9.21076184010588,0 -58.6929951119269,-9.21103307047983,0 -58.6929964034856,-9.211304300849511,0 -58.692997695084,-9.211575531214921,0 -58.6932706763156,-9.21157424777773,0 -58.6932719681616,-9.211845478100489,0 -58.6932732600474,-9.21211670841897,0 -58.69327455197279,-9.21238793873321,0 -58.6932758439379,-9.21265916904318,0 -58.6932771359427,-9.21293039934891,0 -58.6935501181748,-9.21292911551288,0 -58.6935514104273,-9.21320034577591,0 -58.6935527027196,-9.213471576034699,0 -58.6935539950515,-9.21374280628922,0 -58.6935552874231,-9.214014036539499,0 -58.6935565798343,-9.214285266785501,0 -58.6938295630671,-9.214283982550571,0 -58.6938308557261,-9.214555212753901,0 -58.6938321484249,-9.21482644295296,0 -58.6938334411633,-9.215097673147771,0 -58.69383473394149,-9.215368903338319,0 -58.6938360267593,-9.215640133524619,0 -58.6938373196168,-9.215911363706651,0 -58.6941103040584,-9.215910079034311,0 -58.6941115971638,-9.216181309173651,0 -58.6941128903088,-9.21645253930873,0 -58.6941141834936,-9.216723769439559,0 -58.69411547671799,-9.21699499956612,0 -58.69411676998219,-9.217266229688439,0 -58.6943897554248,-9.21726494461706,0 -58.69439104893679,-9.217536174696651,0 -58.6943923424885,-9.21780740477201,0 -58.69439363608001,-9.21807863484308,0 -58.69439492971109,-9.2183498649099,0 -58.6943962233819,-9.21862109497248,0 -58.6943975170925,-9.218892325030779,0 -58.6946705037444,-9.21889103952187,0 -58.6946717977029,-9.219162269537451,0 -58.694673091701,-9.21943349954878,0 -58.6946743857389,-9.21970472955587,0 -58.6946756798165,-9.219975959558679,0 -58.6946769739339,-9.22024718955725,0 -58.6946782680909,-9.220518419551549,0 -58.69495125595239,-9.22051713360498,0 -58.69495255035739,-9.22078836355657,0 -58.6949538448021,-9.22105959350389,0 -58.6949551392865,-9.22133082344696,0 -58.6949564338106,-9.22160205338575,0 -58.6949577283745,-9.221873283320299,0 -58.6949590229781,-9.22214451325058,0 -58.69496031762139,-9.22241574317661,0 -58.695233306901,-9.222414456753871,0 -58.6952346017923,-9.222685686637149,0 -58.6952358967233,-9.222956916516191,0 -58.6952371916941,-9.22322814639096,0 -58.6952384867046,-9.22349937626146,0 -58.6952397817549,-9.22377060612772,0 -58.69524107684489,-9.22404183598972,0 -58.6952423719746,-9.22431306584744,0 -58.6955153626725,-9.224311778948429,0 -58.6955166580502,-9.224583008763441,0 -58.69551795346769,-9.22485423857416,0 -58.69551924892491,-9.225125468380639,0 -58.69552054442191,-9.225396698182839,0 -58.69552183995861,-9.22566792798079,0 -58.6955231355351,-9.225939157774469,0 -58.6955244311513,-9.226210387563899,0 -58.6955257268072,-9.22648161734906,0 -58.6955270225029,-9.226752847129969,0 -58.6955283182383,-9.22702407690659,0 -58.6955296140134,-9.227295306678981,0 -58.6958026069634,-9.22729401914969,0 -58.6958039029867,-9.22756524887931,0 -58.69580519904969,-9.22783647860469,0 -58.6958064951525,-9.228107708325791,0 -58.695807791295,-9.22837893804263,0 -58.69580908747729,-9.2286501677552,0 -58.6958103836993,-9.22892139746353,0 -58.695811679961,-9.229192627167571,0 -58.6958129762625,-9.229463856867371,0 -58.6958142726038,-9.22973508656289,0 -58.6958155689847,-9.230006316254141,0 -58.6958168654055,-9.230277545941149,0 -58.69581816186599,-9.230548775623889,0 -58.6958194583662,-9.230820005302361,0 -58.6960924539861,-9.230818717065659,0 -58.69609375073451,-9.231089946701371,0 -58.6960950475227,-9.231361176332831,0 -58.69609634435071,-9.231632405960029,0 -58.6960976412184,-9.231903635582951,0 -58.6960989381259,-9.2321748652016,0 -58.6961002350731,-9.232446094816,0 -58.6961015320601,-9.232717324426121,0 -58.69610282908679,-9.232988554032,0 -58.69610412615329,-9.23325978363359,0 -58.6961054232596,-9.23353101323093,0 -58.6961067204056,-9.233802242823989,0 -58.6961080175913,-9.23407347241281,0 -58.69610931481681,-9.23434470199734,0 -58.6961106120821,-9.23461593157762,0 -58.69611190938709,-9.234887161153621,0 -58.69638490809509,-9.234885872132351,0 -58.6963862056484,-9.23515710166561,0 -58.6963875032415,-9.235428331194569,0 -58.6963888008744,-9.235699560719301,0 -58.696390098547,-9.23597079023973,0 -58.6963913962594,-9.23624201975592,0 -58.69639269401159,-9.23651324926783,0 -58.6963939918035,-9.23678447877548,0 -58.6963952896352,-9.23705570827885,0 -58.6963965875067,-9.23732693777797,0 -58.6963978854179,-9.237598167272809,0 -58.6963991833689,-9.237869396763401,0 -58.6964004813596,-9.238140626249701,0 -58.69640177939011,-9.23841185573175,0 -58.6964030774604,-9.238683085209519,0 -58.6964043755704,-9.23895431468304,0 -58.69640567372031,-9.239225544152269,0 -58.6964069719098,-9.239496773617249,0 -58.6964082701391,-9.23976800307795,0 -58.69640956840819,-9.240039232534389,0 -58.69641086671711,-9.240310461986549,0 -58.6964121650658,-9.240581691434461,0 -58.6964134634541,-9.24085292087808,0 -58.69641476188231,-9.24112415031745,0 -58.6964160603502,-9.241395379752539,0 -58.6964173588579,-9.241666609183371,0 -58.6964186574054,-9.241937838609919,0 -58.6964199559926,-9.24220906803221,0 -58.696146951651,-9.24221035809289,0 -58.6961482500693,-9.24248158754941,0 -58.6961495485273,-9.24275281700165,0 -58.69615084702509,-9.24302404644963,0 -58.69615214556259,-9.243295275893329,0 -58.6961534441399,-9.24356650533278,0 -58.6961547427569,-9.24383773476794,0 -58.69615604141369,-9.244108964198841,0 -58.6961573401103,-9.24438019362548,0 -58.6961586388466,-9.244651423047831,0 -58.6961599376227,-9.24492265246591,0 -58.6961612364386,-9.245193881879731,0 -58.6961625352942,-9.245465111289271,0 -58.6961638341896,-9.245736340694551,0 -58.6961651331247,-9.24600757009555,0 -58.6961664320996,-9.246278799492289,0 -58.69616773111431,-9.24655002888475,0 -58.6961690301687,-9.24682125827295,0 -58.6961703292629,-9.247092487656859,0 -58.6961716283969,-9.247363717036521,0 -58.6961729275706,-9.247634946411891,0 -58.69617422678409,-9.247906175782999,0 -58.6961755260373,-9.24817740514983,0 -58.6961768253303,-9.2484486345124,0 -58.6961781246631,-9.248719863870679,0 -58.6961794240356,-9.248991093224699,0 -58.6961807234479,-9.24926232257444,0 -58.6961820229,-9.249533551919921,0 -58.6961833223918,-9.24980478126113,0 -58.69618462192339,-9.250076010598059,0 -58.69618592149481,-9.250347239930701,0 -58.69618722110591,-9.25061846925909,0 -58.69618852075681,-9.25088969858319,0 -58.6961898204474,-9.25116092790304,0 -58.6961911201778,-9.25143215721859,0 -58.69619241994801,-9.25170338652989,0 -58.696193719758,-9.2519746158369,0 -58.6961950196077,-9.252245845139649,0 -58.6959220074986,-9.252247136417189,0 -58.6959233071791,-9.252518365754151,0 -58.6959246068993,-9.252789595086851,0 -58.6959259066593,-9.253060824415259,0 -58.6959272064591,-9.25333205373941,0 -58.6959285062986,-9.25360328305926,0 -58.6959298061779,-9.253874512374869,0 -58.69593110609699,-9.25414574168618,0 -58.6959324060558,-9.25441697099323,0 -58.6959337060544,-9.254688200295989,0 -58.6959350060927,-9.2549594295945,0 -58.69593630617079,-9.25523065888871,0 -58.6959376062886,-9.25550188817866,0 -58.6959389064463,-9.255773117464321,0 -58.6959402066436,-9.25604434674573,0 -58.6956671915685,-9.25604563835447,0 -58.6956684915965,-9.25631686767009,0 -58.6956697916644,-9.25658809698141,0 -58.69567109177191,-9.25685932628847,0 -58.6956723919193,-9.25713055559125,0 -58.6956736921064,-9.25740178488976,0 -58.6956749923332,-9.25767301418399,0 -58.6956762925998,-9.257944243473951,0 -58.69567759290621,-9.25821547275962,0 -58.69567889325229,-9.25848670204102,0 -58.6956801936381,-9.25875793131814,0 -58.6956814940638,-9.259029160591,0 -58.6956827945291,-9.259300389859559,0 -58.6956840950343,-9.25957161912387,0 -58.695411077201,-9.259572911025201,0 -58.6954123775367,-9.25984414032369,0 -58.6954136779122,-9.260115369617919,0 -58.6954149783274,-9.260386598907861,0 -58.6954162787824,-9.260657828193549,0 -58.6954175792772,-9.260929057474931,0 -58.6954188798117,-9.26120028675205,0 -58.6954201803859,-9.26147151602488,0 -58.6954214809999,-9.26174274529345,0 -58.6954227816537,-9.262013974557719,0 -58.6954240823472,-9.26228520381774,0 -58.6954253830804,-9.26255643307346,0 -58.6954266838534,-9.262827662324909,0 -58.69542798466621,-9.26309889157208,0 -58.6951549640736,-9.26310018376582,0 -58.6951562647169,-9.263371413047199,0 -58.6951575653999,-9.263642642324291,0 -58.69515886612271,-9.26391387159711,0 -58.6951601668852,-9.26418510086563,0 -58.6951614676874,-9.26445633012988,0 -58.69516276852949,-9.26472755938987,0 -58.6951640694112,-9.26499878864557,0 -58.6951653703327,-9.265270017896979,0 -58.6951666712939,-9.26554124714413,0 -58.6951679722949,-9.26581247638698,0 -58.6951692733357,-9.26608370562557,0 -58.6951705744162,-9.26635493485986,0 -58.6951718755364,-9.266626164089869,0 -58.6948988521835,-9.266627456575909,0 -58.69490015313419,-9.266898685840109,0 -58.6949014541246,-9.267169915100039,0 -58.69490275515471,-9.267441144355701,0 -58.69490405622461,-9.267712373607081,0 -58.6949053573343,-9.26798360285416,0 -58.6949066584836,-9.26825483209698,0 -58.6949079596728,-9.26852606133551,0 -58.6949092609016,-9.26879729056976,0 -58.6949105621702,-9.26906851979972,0 -58.6949118634786,-9.269339749025409,0 -58.6949131648267,-9.269610978246821,0 -58.6949144662145,-9.26988220746396,0 -58.6949157676421,-9.270153436676789,0 -58.69464274152781,-9.27015472945493,0 -58.6946440427857,-9.270425958701949,0 -58.6946453440833,-9.270697187944711,0 -58.6946466454207,-9.27096841718317,0 -58.6946479467979,-9.27123964641736,0 -58.6946492482147,-9.271510875647261,0 -58.69465054967129,-9.271782104872891,0 -58.6946518511677,-9.27205333409422,0 -58.69465315270369,-9.27232456331129,0 -58.6946544542796,-9.272595792524051,0 -58.6946557558951,-9.27286702173255,0 -58.6946570575504,-9.273138250936761,0 -58.6946583592454,-9.27340948013669,0 -58.69465966098021,-9.27368070933233,0 -58.69438663210349,-9.273682002402429,0 -58.6943879336685,-9.273953231632261,0 -58.6943892352732,-9.27422446085779,0 -58.6943905369177,-9.27449569007906,0 -58.6943918386019,-9.27476691929602,0 -58.6943931403259,-9.27503814850872,0 -58.6943944420896,-9.27530937771712,0 -58.694395743893,-9.275580606921251,0 -58.6943970457362,-9.275851836121079,0 -58.69439834761909,-9.276123065316639,0 -58.694125316817,-9.27612435852474,0 -58.69412661852999,-9.27639558775445,0 -58.6941279202828,-9.27666681697991,0 -58.6941292220754,-9.27693804620106,0 -58.6941305239076,-9.27720927541794,0 -58.69413182577959,-9.277480504630519,0 -58.6941331276913,-9.277751733838841,0 -58.6941344296428,-9.278022963042851,0 -58.694135731634,-9.278294192242591,0 -58.6938626991156,-9.278295485550119,0 -58.69386400093691,-9.278566714784009,0 -58.693865302798,-9.27883794401362,0 -58.6938666046987,-9.279109173238959,0 -58.69386790663919,-9.279380402460021,0 -58.6938692086194,-9.279651631676771,0 -58.6938705106393,-9.279922860889229,0 -58.69359747682359,-9.279924154219209,0 -58.6935987786736,-9.28019538346585,0 -58.6936000805633,-9.28046661270821,0 -58.6936013824927,-9.280737841946261,0 -58.6936026844619,-9.28100907118003,0 -58.6936039864708,-9.281280300409531,0 -58.69360528851941,-9.281551529634729,0 -58.693332253406,-9.2815528229871,0 -58.6933335552847,-9.281824052246449,0 -58.69333485720301,-9.28209528150151,0 -58.69333615916109,-9.282366510752301,0 -58.6933374611589,-9.28263773999879,0 -58.6933387631964,-9.28290896924101,0 -58.6933400652736,-9.28318019847892,0 -58.6930670288624,-9.283181491853581,0 -58.6930683307696,-9.283452721125659,0 -58.6930696327165,-9.283723950393441,0 -58.6930709347031,-9.283995179656941,0 -58.69307223672939,-9.284266408916141,0 -58.6930735387955,-9.28453763817107,0 -58.6930748409012,-9.284808867421701,0 -58.69280180319191,-9.284810160818591,0 -58.6928031051276,-9.285081390103359,0 -58.692804407103,-9.28535261938384,0 -58.6928057091181,-9.28562384866005,0 -58.6928070111729,-9.285895077931951,0 -58.6928083132674,-9.286166307199579,0 -58.6925352744696,-9.28616760058021,0 -58.692536576394,-9.286438829881959,0 -58.6925378783581,-9.28671005917943,0 -58.692539180362,-9.2869812884726,0 -58.69254048240551,-9.287252517761489,0 -58.69254178448859,-9.287523747046089,0 -58.6925430866115,-9.287794976326399,0 -58.6922700465153,-9.28779626972913,0 -58.6922713484681,-9.28806749904356,0 -58.6922726504605,-9.28833872835372,0 -58.6922739524926,-9.28860995765957,0 -58.6922752545645,-9.288881186961151,0 -58.692276556676,-9.289152416258419,0 -58.6922778588272,-9.28942364555142,0 -58.69200481743229,-9.28942493897617,0 -58.6920061194133,-9.289696168303269,0 -58.692007421434,-9.2899673976261,0 -58.69200872349451,-9.29023862694463,0 -58.6920100255946,-9.290509856258881,0 -58.6920113277343,-9.29078108556882,0 -58.6920126299138,-9.29105231487449,0 -58.6917395872199,-9.291053608321191,0 -58.6917408892292,-9.291324837660961,0 -58.6917421912781,-9.291596066996449,0 -58.69174349336669,-9.291867296327631,0 -58.691744795495,-9.292138525654551,0 -58.69174609766299,-9.29240975497715,0 -58.6914730538799,-9.292411048407329,0 -58.6914743558776,-9.29268227776406,0 -58.691475657915,-9.292953507116479,0 -58.69147695999201,-9.29322473646463,0 -58.6914782621088,-9.29349596580847,0 -58.6912052174462,-9.293497259183679,0 -58.6912065193927,-9.29376848856163,0 -58.6912078213788,-9.294039717935281,0 -58.6912091234046,-9.29431094730465,0 -58.69121042546999,-9.294582176669721,0 -58.69121172757519,-9.294853406030491,0 -58.6909386818231,-9.29485469938906,0 -58.6909399837579,-9.29512592878395,0 -58.69094128573239,-9.29539715817454,0 -58.69094258774651,-9.29566838756082,0 -58.69094388980029,-9.295939616942819,0 -58.69067084316859,-9.29594091024631,0 -58.69067214505199,-9.29621213966241,0 -58.69067344697509,-9.29648336907419,0 -58.6906747489379,-9.29675459848171,0 -58.6906760509403,-9.29702582788491,0 -58.6904030034288,-9.297027121133301,0 -58.6904043052609,-9.29729835057058,0 -58.6904056071325,-9.29756958000357,0 -58.69040690904379,-9.297840809432291,0 -58.6904082109948,-9.29811203885669,0 -58.6901351626035,-9.298113332049891,0 -58.6901364643841,-9.29838456150839,0 -58.6901377662043,-9.29865579096257,0 -58.6901390680641,-9.29892702041248,0 -58.6901403699636,-9.29919824985808,0 -58.69014167190269,-9.2994694792994,0 -58.6898686224214,-9.29947077247575,0 -58.68986992419009,-9.29974200195112,0 -58.6898712259984,-9.30001323142222,0 -58.6898725278464,-9.300284460888999,0 -58.68987382973399,-9.30055569035151,0 -58.6896007793726,-9.30055698347258,0 -58.6896020810897,-9.30082821296913,0 -58.6896033828465,-9.30109944246141,0 -58.6896046846428,-9.301370671949369,0 -58.68960598647881,-9.30164190143306,0 -58.6893329352373,-9.30164319449881,0 -58.68933423690281,-9.301914424016539,0 -58.6893355386079,-9.30218565352998,0 -58.6893368403527,-9.30245688303912,0 -58.68933814213699,-9.30272811254398,0 -58.6890650900153,-9.302729405554331,0 -58.6890663916291,-9.303000635093239,0 -58.6890676932825,-9.30327186462786,0 -58.68906899497561,-9.30354309415816,0 -58.68907029670831,-9.303814323684181,0 -58.6887972437062,-9.303815616639129,0 -58.6887985452683,-9.30408684619918,0 -58.68879984687,-9.30435807575495,0 -58.6888011485113,-9.30462930530641,0 -58.6888024501923,-9.304900534853591,0 -58.6885293963097,-9.304901827753071,0 -58.68853069782001,-9.30517305733426,0 -58.68853199937,-9.305444286911181,0 -58.6885333009596,-9.30571551648379,0 -58.6885346025887,-9.30598674605212,0 -58.6882615478256,-9.30598803889607,0 -58.6882628492841,-9.306259268498421,0 -58.6882641507823,-9.30653049809646,0 -58.68826545232,-9.30680172769023,0 -58.68826675389741,-9.307072957279701,0 -58.6879936982536,-9.30707425006808,0 -58.6879949996603,-9.307345479691559,0 -58.6879963011065,-9.307616709310739,0 -58.68799760259239,-9.30788793892564,0 -58.6879989041179,-9.308159168536241,0 -58.6877258475933,-9.30816046126901,0 -58.6877271489481,-9.30843169091361,0 -58.6877284503424,-9.30870292055392,0 -58.6877297517764,-9.30897415018994,0 -58.68773105324989,-9.30924537982165,0 -58.68745799584461,-9.309246672498761,0 -58.68745929714741,-9.30951790216449,0 -58.6874605984897,-9.309789131825919,0 -58.6874618998717,-9.31006036148306,0 -58.6871888417958,-9.31006165406615,0 -58.687190143007,-9.31033288375728,0 -58.68719144425779,-9.31060411344413,0 -58.6871927455482,-9.310875343126661,0 -58.68719404687809,-9.31114657280491,0 -58.6869209879211,-9.31114786533225,0 -58.6869222890803,-9.31141909504448,0 -58.686923590279,-9.31169032475243,0 -58.68692489151731,-9.311961554456071,0 -58.6869261927952,-9.31223278415543,0 -58.6866531329572,-9.31223407662695,0 -58.6866544340642,-9.312505306360279,0 -58.6866557352108,-9.312776536089331,0 -58.686657036397,-9.31304776581406,0 -58.6866583376228,-9.313318995534511,0 -58.6863852769036,-9.31332028795018,0 -58.68638657795851,-9.3135915177046,0 -58.6863878790529,-9.31386274745474,0 -58.686389180187,-9.31413397720056,0 -58.6861161187968,-9.314135269522049,0 -58.68611741976001,-9.31440649930186,0 -58.68584435811989,-9.31440779145259,0 -58.6858456589121,-9.314679021266359,0 -58.685572597022,-9.31468031324631,0 -58.6855738976434,-9.314951543094059,0 -58.68530083550329,-9.31495283490322,0 -58.6853021359537,-9.315224064784919,0 -58.6853026468421,-9.31533061653867,0 -58.6862636224008,-9.3160799938086,0 -58.6877399960413,-9.31713925213635,0 -58.6892578625726,-9.31813898131894,0 -58.68970136741531,-9.318406351628759,0 -58.6899613825172,-9.31864484023013,0 -58.6913477853911,-9.319817939896209,0 -58.6927803394607,-9.320934996530699,0 -58.69425675094639,-9.321994220447481,0 -58.6957746545096,-9.3229939145596,0 -58.69733161965031,-9.32393247887337,0 -58.6989251507032,-9.32480840868361,0 -58.7005526959803,-9.325620301766181,0 -58.7022116477688,-9.32636685657272,0 -58.7038993487397,-9.327046878531601,0 -58.7056130955872,-9.32765927822447,0 -58.707350142686,-9.328203073179081,0 -58.7091077075913,-9.328677394173351,0 -58.7108829737564,-9.32908148070301,0 -58.7126730978489,-9.329414686372139,0 -58.7144752124775,-9.329676476168149,0 -58.7162864289583,-9.329866431873389,0 -58.7181038473273,-9.32998425020841,0 -58.719755851884,-9.33002856948548,0 -58.7323593924391,-9.330139066183429,0 -58.7325280949806,-9.330140230823091,0 -58.73262327673561,-9.33014061434587,0 -58.8134453978577,-9.33037302192124,0 -58.8137184643038,-9.330373775829569,0 -58.8139915307153,-9.33037453043195,0 -58.814264597083,-9.330375283920279,0 -58.8150837959506,-9.3303775431253,0 -58.8153568621613,-9.330378295773629,0 -58.8159029944697,-9.33037980134436,0 -58.81617606056259,-9.330380553362691,0 -58.8308630535255,-9.330420698798109,0 
							</coordinates>
						</LinearRing>
					</outerBoundaryIs>
				</Polygon>
				<Polygon>
					<outerBoundaryIs>
						<LinearRing>
							<coordinates>
								-58.6897674731113,-9.20182617298078,0 -58.6896751063133,-9.201736417815029,0 -58.68967553447881,-9.201826603923299,0 -58.6897674731113,-9.20182617298078,0 
							</coordinates>
						</LinearRing>
					</outerBoundaryIs>
				</Polygon>
				<Polygon>
					<outerBoundaryIs>
						<LinearRing>
							<coordinates>
								-58.6866356147068,-9.19398753753536,0 -58.6866689268835,-9.193959515764879,0 -58.6868800239797,-9.193337981742941,0 -58.6864729452174,-9.19265745009494,0 -58.6860834714825,-9.19267892588096,0 -58.6860844826512,-9.19289257864189,0 -58.6863574505343,-9.19289130301242,0 -58.68635873445331,-9.19316253458712,0 -58.68636001841169,-9.19343376615755,0 -58.6863613024097,-9.19370499772376,0 -58.68663427087601,-9.1937037217732,0 -58.6866355551211,-9.19397495329688,0 -58.6866356147068,-9.19398753753536,0 
							</coordinates>
						</LinearRing>
					</outerBoundaryIs>
				</Polygon>
				<Polygon>
					<outerBoundaryIs>
						<LinearRing>
							<coordinates>
								-58.6728926659365,-9.17152605917442,0 -58.6728807946613,-9.171380720590619,0 -58.6728814757565,-9.171526110938061,0 -58.6728926659365,-9.17152605917442,0 
							</coordinates>
						</LinearRing>
					</outerBoundaryIs>
				</Polygon>
			</MultiGeometry>
		</Placemark>
	</Folder>
</Document>
</kml>
