<?xml version="1.0" encoding="UTF-8"?>
<kml xmlns="http://www.opengis.net/kml/2.2" xmlns:gx="http://www.google.com/kml/ext/2.2" xmlns:xsi="http://www.w3.org/2001/XMLSchema-instance"
 xsi:schemaLocation="http://www.opengis.net/kml/2.2 http://schemas.opengis.net/kml/2.2.0/ogckml22.xsd http://www.google.com/kml/ext/2.2 http://code.google.com/apis/kml/schema/kml22gx.xsd">
<Document id="Project_area">
  <name>Project_area</name>
  <Snippet></Snippet>
  <Folder id="FeatureLayer0">
    <name>Project_area</name>
    <Snippet></Snippet>
    <Placemark id="ID_00000">
      <name>1</name>
      <Snippet></Snippet>
      <description><![CDATA[<html xmlns:fo="http://www.w3.org/1999/XSL/Format" xmlns:msxsl="urn:schemas-microsoft-com:xslt">
<head>
<META http-equiv="Content-Type" content="text/html">
<meta http-equiv="content-type" content="text/html; charset=UTF-8">
</head>
<body style="margin:0px 0px 0px 0px;overflow:auto;background:#FFFFFF;">
<table style="font-family:Arial,Verdana,Times;font-size:12px;text-align:left;width:100%;border-collapse:collapse;padding:3px 3px 3px 3px">
<tr style="text-align:center;font-weight:bold;background:#9CBCE2">
<td>1</td>
</tr>
<tr>
<td>
<table style="font-family:Arial,Verdana,Times;font-size:12px;text-align:left;width:100%;border-spacing:0px; padding:3px 3px 3px 3px">
<tr>
<td>FID</td>
<td>0</td>
</tr>
<tr bgcolor="#D4E4F3">
<td>OBJECTID_1</td>
<td>1</td>
</tr>
<tr>
<td>Id</td>
<td>7184</td>
</tr>
<tr bgcolor="#D4E4F3">
<td>gridcode</td>
<td>0</td>
</tr>
<tr>
<td>Shape_Leng</td>
<td>12,412046</td>
</tr>
<tr bgcolor="#D4E4F3">
<td>Shape_Le_1</td>
<td>4,942473</td>
</tr>
</table>
</td>
</tr>
</table>
</body>
</html>
]]></description>
      <styleUrl>#PolyStyle00</styleUrl>
      <MultiGeometry>
        <Polygon>
          <extrude>0</extrude>          <altitudeMode>clampToGround</altitudeMode>
          <outerBoundaryIs><LinearRing><coordinates> 16.1121513627952,1.819615035905258,0 16.1121513627952,1.82009436016665,0 16.11263068705659,1.82009436016665,0 16.11358933468011,1.82009436016665,0 16.11358933468011,1.820573684428041,0 16.11406865894151,1.820573684428041,0 16.11406865894151,1.821053007790113,0 16.1145479832029,1.821053007790113,0 16.11502730656497,1.821053007790113,0 16.11502730656497,1.821532332051504,0 16.11550663082642,1.821532332051504,0 16.11598595508781,1.821532332051504,0 16.11598595508781,1.822011656312952,0 16.1164652793492,1.822011656312952,0 16.11694460271127,1.822011656312952,0 16.11694460271127,1.8220387906577,0 16.11672351517814,1.822880618146087,0 16.11669370984686,1.823449628197807,0 16.1164652793492,1.823449628197807,0 16.11598595508781,1.823449628197807,0 16.11598595508781,1.822970303936415,0 16.11550663082642,1.822970303936415,0 16.11502730656497,1.822970303936415,0 16.11502730656497,1.822490979675024,0 16.1145479832029,1.822490979675024,0 16.11406865894151,1.822490979675024,0 16.11406865894151,1.822011656312952,0 16.11358933468011,1.822011656312952,0 16.11358933468011,1.821532332051504,0 16.11311001131804,1.821532332051504,0 16.1121513627952,1.821532332051504,0 16.1121513627952,1.821053007790113,0 16.11167203943313,1.821053007790113,0 16.11071339091029,1.821053007790113,0 16.11071339091029,1.820573684428041,0 16.1102340666489,1.820573684428041,0 16.1102340666489,1.820457450650849,0 16.1104675486385,1.820410308189196,0 16.11056839501549,1.820389945739464,0 16.11151607180932,1.820198598786362,0 16.11168136810073,1.819615035905258,0 16.1121513627952,1.819615035905258,0</coordinates></LinearRing></outerBoundaryIs>
        </Polygon>
        <Polygon>
          <extrude>0</extrude>          <altitudeMode>clampToGround</altitudeMode>
          <outerBoundaryIs><LinearRing><coordinates> 16.0345008765143,1.824408275821327,0 16.03439214488162,1.824408275821327,0 16.0345008765143,1.824339824823085,0 16.0345008765143,1.824408275821327,0</coordinates></LinearRing></outerBoundaryIs>
        </Polygon>
        <Polygon>
          <extrude>0</extrude>          <altitudeMode>clampToGround</altitudeMode>
          <outerBoundaryIs><LinearRing><coordinates> 16.10205040240419,1.869755843557357,0 16.10174537844648,1.870998215595193,0 16.10160623533955,1.872352066694589,0 16.10160623533955,1.871861351620112,0 16.10112691107815,1.871861351620112,0 16.10112691107815,1.869464731212418,0 16.10160623533955,1.869464731212418,0 16.10160623533955,1.868506083588954,0 16.10240769765716,1.868506083588954,0 16.10205040240419,1.869755843557357,0</coordinates></LinearRing></outerBoundaryIs>
        </Polygon>
        <Polygon>
          <extrude>0</extrude>          <altitudeMode>clampToGround</altitudeMode>
          <outerBoundaryIs><LinearRing><coordinates> 16.10180061480656,1.873778646867095,0 16.10160623533955,1.873778646867095,0 16.10160623533955,1.872745012872088,0 16.10180061480656,1.873778646867095,0</coordinates></LinearRing></outerBoundaryIs>
        </Polygon>
        <Polygon>
          <extrude>0</extrude>          <altitudeMode>clampToGround</altitudeMode>
          <outerBoundaryIs><LinearRing><coordinates> 15.86721680281323,1.893910255054266,0 15.86769612707468,1.893910255054266,0 15.87105139510584,1.893910255054266,0 15.87105139510584,1.894389578416337,0 15.87153071846791,1.894389578416337,0 15.87153071846791,1.894868902677786,0 15.87201004272936,1.894868902677786,0 15.87201004272936,1.895675978563588,0 15.87184698754851,1.895594046727922,0 15.86967599355234,1.894567342009282,0 15.86661145745285,1.893798005273766,0 15.86444097966751,1.893799062876497,0 15.86239820201547,1.893800054828716,0 15.86073826935569,1.893543999855751,0 15.85971634903035,1.892516692591357,0 15.85872474485115,1.891610407993994,0 15.86094215375744,1.892532696027161,0 15.86408771697461,1.893204755794898,0 15.86721680281323,1.893430930792874,0 15.86721680281323,1.893910255054266,0</coordinates></LinearRing></outerBoundaryIs>
        </Polygon>
        <Polygon>
          <extrude>0</extrude>          <altitudeMode>clampToGround</altitudeMode>
          <outerBoundaryIs><LinearRing><coordinates> 15.84962968606124,1.891622305125338,0 15.84886394571458,1.892265101853013,0 15.84733317098909,1.895092353629252,0 15.84580227845243,1.897534228821655,0 15.84571398661126,1.897637204793227,0 15.84443543394815,1.89845034570692,0 15.84103223025329,1.902259221885629,0 15.8387171972409,1.902397221054969,0 15.83866164072219,1.901465078250794,0 15.8397604449886,1.900235289527018,0 15.84531058581496,1.896207376269445,0 15.84598209789556,1.894971648422882,0 15.84705963319556,1.891482126898666,0 15.85214177941964,1.887932191617381,0 15.8554868446422,1.888384542512654,0 15.85597932328722,1.889230437634637,0 15.85499072734024,1.889050052517973,0 15.84962968606124,1.891622305125338,0</coordinates></LinearRing></outerBoundaryIs>
        </Polygon>
        <Polygon>
          <extrude>0</extrude>          <altitudeMode>clampToGround</altitudeMode>
          <outerBoundaryIs><LinearRing><coordinates> 15.87776193026889,1.90349673488646,0 15.87776193026889,1.903497573054608,0 15.87776169194859,1.90349673488646,0 15.87776193026889,1.90349673488646,0</coordinates></LinearRing></outerBoundaryIs>
        </Polygon>
        <Polygon>
          <extrude>0</extrude>          <altitudeMode>clampToGround</altitudeMode>
          <outerBoundaryIs><LinearRing><coordinates> 15.87824125453034,1.903976058248531,0 15.88015855067664,1.903976058248531,0 15.88015855067664,1.904455382509923,0 15.88063787493803,1.904455382509923,0 15.88063787493803,1.905275499464779,0 15.87912928738678,1.905097644140994,0 15.87836291211875,1.904584161829632,0 15.87795956258378,1.903976058248531,0 15.87824125453034,1.903976058248531,0</coordinates></LinearRing></outerBoundaryIs>
        </Polygon>
        <Polygon>
          <extrude>0</extrude>          <altitudeMode>clampToGround</altitudeMode>
          <outerBoundaryIs><LinearRing><coordinates> 15.83700108663089,1.905116141396832,0 15.83601840192773,1.905666119995487,0 15.83584755681932,1.9057617422107,0 15.83501668487219,1.905576371252607,0 15.83491778013149,1.904991977397913,0 15.83700108663089,1.905116141396832,0</coordinates></LinearRing></outerBoundaryIs>
        </Polygon>
        <Polygon>
          <extrude>0</extrude>          <altitudeMode>clampToGround</altitudeMode>
          <outerBoundaryIs><LinearRing><coordinates> 15.83126750299294,1.882885803337217,0 15.82991490374985,1.884139058970447,0 15.82967885959175,1.883668197329484,0 15.83042064739499,1.882554635188285,0 15.83067310238181,1.880623437321844,0 15.83065549545478,1.878970681251985,0 15.83058387344704,1.876629767549787,0 15.83060367202188,1.876281368390494,0 15.83076641603731,1.874285255660084,0 15.83113258669954,1.872537157064187,0 15.83120683202975,1.870975424975939,0 15.83137464282555,1.869642107197535,0 15.83150600769613,1.868723206011168,0 15.83244760147568,1.864126020099775,0 15.83248036107983,1.862520677187547,0 15.8316415022536,1.861581406356891,0 15.83155795613482,1.861375304226954,0 15.83137395124692,1.861281829592826,0 15.82836121070136,1.857908461806119,0 15.82828128075653,1.857456222426777,0 15.83035381967306,1.853742837162258,0 15.83078638908063,1.853440105576453,0 15.83223115804157,1.851909243616774,0 15.83232263078486,1.851693453989753,0 15.83242267586587,1.85159733265084,0 15.83267136179398,1.850870773067754,0 15.83271993507697,1.850756184150612,0 15.83271967157566,1.850729629868567,0 15.83295190260827,1.850051144444819,0 15.83265863638701,1.849481858301147,0 15.83256301237316,1.848829437928259,0 15.832538965401,1.848820923147116,0 15.83249470706511,1.848805251561146,0 15.83226889539327,1.848725295535985,0 15.83213850898505,1.848472189440031,0 15.83966046375946,1.839511779844827,0 15.84228648413398,1.835810037203487,0 15.84564176205771,1.832993391132163,0 15.84585583667757,1.832974610589872,0 15.84631221113966,1.832970013255533,0 15.84672282449878,1.832965776549372,0 15.8471335970379,1.833007424153323,0 15.84741613344784,1.833004520242469,0 15.84763570922064,1.833002262944149,0 15.84809208008545,1.832997554993199,0 15.84859436583736,1.83303827719476,0 15.8492798021212,1.833123069773876,0 15.84964484953025,1.833165168837525,0 15.85014711549701,1.833205890139766,0 15.85046658166743,1.833294489549076,0 15.8509688656207,1.833335376326602,0 15.85147132314307,1.833421849738613,0 15.85197489672413,1.833508613631636,0 15.85233992434809,1.833550711795965,0 15.8527962907163,1.833545983160661,0 15.85325263999738,1.833541274310392,0 15.85380081635464,1.833627587643093,0 15.85425737697642,1.833668759505713,0 15.8548052196852,1.833663144138825,0 15.85530749734318,1.833703862743107,0 15.85562678454852,1.833746413266397,0 15.85622055923147,1.833786223555421,0 15.85663099092756,1.83373621405508,0 15.85717918077461,1.833822231510851,0 15.85781740175173,1.833815694338853,0 15.85822929754409,1.833857460653348,0 15.85882324399756,1.833943172339559,0 15.85936979078326,1.833891510784667,0 15.85978039514919,1.833887399983553,0 15.86041990215682,1.833926738128525,0 15.86092217441887,1.833967454934168,0 15.86192488522534,1.833865327922581,0 15.86242697942163,1.8338601442303,0 15.86288351306371,1.83390131429428,0 15.86343532178273,1.833860806131327,0 15.86361192884749,1.833847841504735,0 15.86420532311723,1.833795851697232,0 15.86455016186051,1.833722804264028,0 15.86466021279864,1.833699492037965,0 15.86515900288572,1.833418808231443,0 15.86575059491406,1.83318324071405,0 15.86611215295352,1.832904065070579,0 15.86647372808011,1.832624926299332,0 15.86706236763422,1.832205623690641,0 15.86720024719369,1.832111223654124,0 15.86769612707468,1.832077459507218,0 15.86817545043675,1.832077459507218,0 15.86817545043675,1.831118811883698,0 15.86865477469814,1.831118811883698,0 15.86865477469814,1.830160164260235,0 15.86913409895954,1.830160164260235,0 15.86913409895954,1.828722191476004,0 15.86961342322093,1.828722191476004,0 15.86961342322093,1.827763543852541,0 15.87009274658306,1.827763543852541,0 15.87009274658306,1.826804896229021,0 15.87057207084445,1.826804896229021,0 15.87057207084445,1.825846247706238,0 15.87105139510584,1.825846247706238,0 15.87105139510584,1.824408275821327,0 15.87153071846791,1.824408275821327,0 15.87153071846791,1.822970303936415,0 15.87201004272936,1.822970303936415,0 15.87201004272936,1.821053007790113,0 15.87248936699075,1.821053007790113,0 15.87248936699075,1.819615035905258,0 15.87296869035282,1.819615035905258,0 15.87344801461421,1.819615035905258,0 15.87344801461421,1.81913571164381,0 15.87392733887566,1.81913571164381,0 15.87392733887566,1.818656388281738,0 15.87440666313705,1.818656388281738,0 15.87440666313705,1.818177064020347,0 15.87488598649912,1.818177064020347,0 15.87488598649912,1.817218416396827,0 15.87536531076052,1.817218416396827,0 15.87536531076052,1.815780444511972,0 15.87584463502196,1.815780444511972,0 15.87584463502196,1.814342471727741,0 15.87632395838404,1.814342471727741,0 15.87632395838404,1.812425176480758,0 15.87680328264543,1.812425176480758,0 15.87680328264543,1.809069908449544,0 15.87728260690682,1.809069908449544,0 15.87728260690682,1.807152612303241,0 15.87776193026889,1.807152612303241,0 15.87776193026889,1.80667328804185,0 15.87824125453034,1.80667328804185,0 15.87824125453034,1.806193963780459,0 15.87872057879173,1.806193963780459,0 15.87872057879173,1.805714640418387,0 15.87919990305312,1.805714640418387,0 15.87919990305312,1.805235316156939,0 15.87967922641519,1.805235316156939,0 15.87967922641519,1.804755991895547,0 15.88015855067664,1.804755991895547,0 15.88015855067664,1.803797344272084,0 15.88063787493803,1.803797344272084,0 15.88063787493803,1.801880048125781,0 15.8811171983001,1.801880048125781,0 15.8811171983001,1.80140072386439,0 15.88127822191245,1.8006030989539,0 15.8815965225615,1.799962751979479,0 15.88207584682294,1.799962751979479,0 15.88207584682294,1.798524780094567,0 15.88255517018502,1.798524780094567,0 15.88255517018502,1.789502623946987,0 15.88267930450633,1.789670691948913,0 15.88314282588078,1.79040058801678,0 15.88315229574192,1.790412567885767,0 15.88346680484921,1.790810438750782,0 15.88402003179908,1.791355864081936,0 15.88448029043309,1.791810118841966,0 15.88512644792729,1.792446395484831,0 15.88563246046971,1.792900199684539,0 15.8860005619764,1.793171908257023,0 15.88645919013959,1.793488636891141,0 15.8870561745029,1.793803827684542,0 15.88760757762765,1.794165528716235,0 15.88811324572976,1.794527532819416,0 15.88871057543275,1.794934680191375,0 15.88939810353969,1.795294847878949,0 15.88985655813372,1.79556565623011,0 15.89040761591878,1.795835410575762,0 15.8911864566897,1.796148797329181,0 15.89196364540595,1.796324494280043,0 15.89242192643081,1.796549401233904,0 15.89289420989991,1.796780678985215,0 15.89309992711998,1.796925450049514,0 15.89346242854828,1.797012122211697,0 15.89429607850127,1.797211440755461,0 15.89571221664551,1.797158311506905,0 15.89662448443244,1.797057295158083,0 15.89703504742954,1.797053061149882,0 15.8975350929702,1.797083906996761,0 15.89767337452668,1.79709243706634,0 15.89774225450151,1.797105568966856,0 15.89835891243394,1.797223131942019,0 15.89881667005335,1.797310252865941,0 15.89945774278067,1.797487308692382,0 15.89991294003022,1.797482626821818,0 15.9007353484576,1.797520176215187,0 15.9014195778513,1.797604994874689,0 15.90210639999043,1.797781596543473,0 15.90251713206004,1.797823256737956,0 15.90320395240053,1.797999857507477,0 15.90370649715715,1.798132516502506,0 15.90425444598594,1.79817280523082,0 15.90493945599116,1.798165843578886,0 15.90520160297166,1.798144250856524,0 15.90557742515807,1.79811329529241,0 15.90603226987338,1.798016818721237,0 15.90644134539184,1.797920832280624,0 15.90698913593991,1.79791520432326,0 15.90706439390669,1.797914430906303,0 15.90749115459317,1.797910046711309,0 15.90812913904858,1.797857515511964,0 15.9085839639788,1.79776116934255,0 15.90901303502358,1.79768468919707,0 15.90913027154483,1.797663791650734,0 15.90953918788324,1.797521742834192,0 15.90980148954714,1.79741316948224,0 15.90999366477587,1.797333625346596,0 15.91044704269689,1.797145235364383,0 15.91090245938102,1.796911088775801,0 15.91124001811238,1.796607483948264,0 15.91131461058086,1.796607483948264,0 15.91179393394293,1.796607483948264,0 15.91179393394293,1.796208544688625,0 15.91185242764749,1.796166887192157,0 15.91189012273105,1.796128160586193,0 15.91227325820438,1.796128160586193,0 15.91227325820438,1.795648836324801,0 15.91275258246577,1.795648836324801,0 15.91275258246577,1.795169512063353,0 15.91323190582784,1.795169512063353,0 15.91323190582784,1.793731540178499,0 15.91371123008923,1.793731540178499,0 15.91371123008923,1.791334920670124,0 15.91323190582784,1.791334920670124,0 15.91323190582784,1.788938300262373,0 15.91275258246577,1.788938300262373,0 15.91275258246577,1.786062356492607,0 15.91323190582784,1.786062356492607,0 15.91323190582784,1.784624384607696,0 15.91371123008923,1.784624384607696,0 15.91371123008923,1.783665736984233,0 15.91419055435063,1.783665736984233,0 15.91419055435063,1.783186412722841,0 15.91466987771275,1.783186412722841,0 15.91466987771275,1.782707088461393,0 15.91514920197415,1.782707088461393,0 15.91514920197415,1.782227764200002,0 15.91562852623554,1.782227764200002,0 15.91610785049693,1.782227764200002,0 15.91610785049693,1.78174844083793,0 15.91706649812045,1.78174844083793,0 15.91754582238184,1.78174844083793,0 15.91754582238184,1.781350229129828,0 15.91776533160481,1.781324720759301,0 15.91822162243,1.781320046083295,0 15.91894173207533,1.781355421815306,0 15.9189960106574,1.781358089204502,0 15.91945228259681,1.781353395642725,0 15.92000099584931,1.781301922046112,0 15.92004465703536,1.781294139313104,0 15.9205472881269,1.781204545253615,0 15.92145855766637,1.781149302598294,0 15.92202408644249,1.781184154025539,0 15.92209794146686,1.781188704595081,0 15.9229651280383,1.781271570826391,0 15.92342120482482,1.781221001947756,0 15.92401487248844,1.781260850907586,0 15.9245613320399,1.781209366519079,0 15.92506351976567,1.781250134586117,0 15.92561143801748,1.781290580695782,0 15.92634119918705,1.7813289187946,0 15.92720853144863,1.781457951723155,0 15.9276205225691,1.781545359530753,0 15.92812142066708,1.781540236992385,0 15.92853193510075,1.781536009279478,0 15.92916971361143,1.781437877955739,0 15.92957972712276,1.78129583993109,0 15.93035555786275,1.781425790168157,0 15.93113232839431,1.781509564714668,0 15.93158697435945,1.781367211027998,0 15.93199681250292,1.781179298585812,0 15.9325418034615,1.781036178676743,0 15.93257187769007,1.781026377865089,0 15.93326940356019,1.780799050835583,0 15.93385977790649,1.780563566055776,0 15.93431424850382,1.780375319965117,0 15.93499481136149,1.780092900467025,0 15.93535149417619,1.779831144691627,0 15.93767742966969,1.779831144691627,0 15.93815675393108,1.779831144691627,0 15.93815675393108,1.779351820430236,0 15.93863607729315,1.779351820430236,0 15.93863607729315,1.77889830581222,0 15.93870434752768,1.778872497068107,0 15.9391154015546,1.778872497068107,0 15.93959472581599,1.778872497068107,0 15.93959472581599,1.77854106182059,0 15.93999332243391,1.778393172806716,0 15.94007405007739,1.778393172806716,0 15.94055337343946,1.778393172806716,0 15.94055337343946,1.778239526333096,0 15.94060339283237,1.7782273818882,0 15.94072298108074,1.778198347275975,0 15.94126794056308,1.778054953972969,0 15.94176830536304,1.777912300812091,0 15.9424068177205,1.777722109487797,0 15.94313311380222,1.777439245724679,0 15.94367774683059,1.777204070311655,0 15.94444961695632,1.776874867181448,0 15.94481258153547,1.776687673297545,0 15.94531165490901,1.776498857936019,0 15.94590183949833,1.776217342256587,0 15.94644708496503,1.775844655106823,0 15.94715204103392,1.7751799203171,0 15.94730264869833,1.775037904775559,0 15.94774323376328,1.775037904775559,0 15.94822255712535,1.775037904775559,0 15.94822255712535,1.77455858051411,0 15.94870188138674,1.77455858051411,0 15.94918120564819,1.77455858051411,0 15.94918120564819,1.774079257152039,0 15.94966052990958,1.774079257152039,0 15.94966052990958,1.773599932890647,0 15.95013985327165,1.773599932890647,0 15.95061917753304,1.773599932890647,0 15.95061917753304,1.773120608629256,0 15.95109850179449,1.773120608629256,0 15.95109850179449,1.772641284367808,0 15.95157782515656,1.772641284367808,0 15.95205714941795,1.772641284367808,0 15.95205714941795,1.772161961005736,0 15.95253647367935,1.772161961005736,0 15.95253647367935,1.771682636744345,0 15.95301579704147,1.771682636744345,0 15.95301579704147,1.771203312482953,0 15.95349512130287,1.771203312482953,0 15.95397444556426,1.771203312482953,0 15.95397444556426,1.770723989120825,0 15.95445376982565,1.770723989120825,0 15.95445376982565,1.770244664859433,0 15.95493309318778,1.770244664859433,0 15.95541241744917,1.770244664859433,0 15.95541241744917,1.769765340598042,0 15.95589174171056,1.769765340598042,0 15.95589174171056,1.76928601723597,0 15.95637106507263,1.76928601723597,0 15.95685038933402,1.76928601723597,0 15.95685038933402,1.768806692974522,0 15.95732971359547,1.768806692974522,0 15.95732971359547,1.768327368713131,0 15.95780903785686,1.768327368713131,0 15.95828836121893,1.768327368713131,0 15.95828836121893,1.767848044451739,0 15.95876768548033,1.767848044451739,0 15.95924700974177,1.767848044451739,0 15.95924700974177,1.767402919609083,0 15.95936684530369,1.767368721089667,0 15.96020565736524,1.767368721089667,0 15.96068498162663,1.767368721089667,0 15.96068498162663,1.766972263059529,0 15.96139828700137,1.766889396828276,0 15.96164362925015,1.766889396828276,0 15.96212295351154,1.766889396828276,0 15.96212295351154,1.766871571365982,0 15.96268257104384,1.766865731168593,0 15.96327455517661,1.766767917305572,0 15.96396786322634,1.766527351356217,0 15.96409228982736,1.766484176703443,0 15.96450115670308,1.766342306852039,0 15.9650944241684,1.766290231608934,0 15.96559525841451,1.766285114466484,0 15.96578980155812,1.766315704905878,0 15.96641788088056,1.76641446305706,0 15.96733233402006,1.766634671952602,0 15.96815639270341,1.76685579276068,0 15.96817966356065,1.766859453001416,0 15.96870442786712,1.766941982886237,0 15.96911637941741,1.767029514800299,0 15.96966441278249,1.767115849716731,0 15.97025836193393,1.767247459202906,0 15.97089786264627,1.767332599819667,0 15.97130981419662,1.767420278323243,0 15.9719480288785,1.76745968032003,0 15.97245067615785,1.767638094122788,0 15.97290836902607,1.767725174577208,0 15.97345639879382,1.767811507694944,0 15.97395853076165,1.767852253278932,0 15.97455193942051,1.767846227821224,0 15.97505424136023,1.767932990814927,0 15.97551081816977,1.768019926478473,0 15.97596702985459,1.768015251802467,0 15.97642452936856,1.768056458738613,0 15.97692519903876,1.768005449192174,0 15.97751750782675,1.767999409345293,0 15.97815502373538,1.767855254316601,0 15.97845697111239,1.767798398277535,0 15.97857775545907,1.767775655322282,0 15.97892861876079,1.767709587527463,0 15.9793846748629,1.767659041131878,0 15.97997627408586,1.767469466742568,0 15.98061267213717,1.767325168721584,0 15.98102298242475,1.767275054000606,0 15.98179787876916,1.767175437896185,0 15.98223629376997,1.767171060895805,0 15.98225297079802,1.767170893621881,0 15.98270884973368,1.767074311830072,0 15.98352816089596,1.766928197178629,0 15.98387829394818,1.766889396828276,0 15.98417185694569,1.766889396828276,0 15.98417185694569,1.766826462271467,0 15.98457088613753,1.766717972556421,0 15.98521108202584,1.76654391327105,0 15.98553423541671,1.766410072566828,0 15.98704780071546,1.766410072566828,0 15.98752712497691,1.766410072566828,0 15.98752712497691,1.766125782478923,0 15.98789771041106,1.766103340796576,0 15.98849000480993,1.766097300949753,0 15.98899212058996,1.766138188626542,0 15.98954141660312,1.76627010478154,0 15.98999778836731,1.766311443918028,0 15.99023835341734,1.766352934140627,0 15.99050007321984,1.766398072013487,0 15.99104790963338,1.766438380526893,0 15.99150429848464,1.76647971876406,0 15.99196178181086,1.766520905915115,0 15.9927830714816,1.766604221807427,0 15.99360255621303,1.766504140753568,0 15.99451676653558,1.766678307957591,0 15.99524752954989,1.76671677915607,0 15.99611419181656,1.766707869572542,0 15.99707249050306,1.766743927889991,0 15.99771049654225,1.76673743388551,0 15.99839441656911,1.766776356543687,0 15.99898763996765,1.766724420695482,0 15.999625816878,1.766763812799752,0 16.00012774649838,1.766758663281735,0 16.00062948546241,1.766707645641361,0 16.00113029992343,1.766702519505714,0 16.00181532971374,1.766741417882201,0 16.00231743020527,1.766782174257969,0 16.00309407573104,1.766866075608959,0 16.0035506057759,1.766953018467063,0 16.00469198934388,1.767033267671195,0 16.00583190971491,1.767021619652098,0 16.00660728090134,1.767059527874949,0 16.00710937689627,1.767100373283654,0 16.00756701850315,1.767187457335353,0 16.00843236955825,1.767132659844435,0 16.00897857100432,1.767035309132268,0 16.0095263867334,1.767075591565344,0 16.00998256604265,1.767070889909689,0 16.01043876243898,1.767066207139806,0 16.0109406623817,1.767061072910224,0 16.01148849339933,1.767101483047043,0 16.01230955913889,1.767138902038766,0 16.01272035955702,1.767226603924655,0 16.01331537170711,1.767358017358674,0 16.01381728693826,1.767352882229773,0 16.01431808701017,1.767347731812436,0 16.01491144350837,1.767341658690668,0 16.0153218976875,1.767337591057014,0 16.01600613787304,1.767468275140857,0 16.01641676202399,1.767509924543447,0 16.0171476644332,1.767594268360824,0 16.01755811501505,1.767590031654663,0 16.01819574693622,1.767491760936082,0 16.01881339502222,1.767368721089667,0 16.0191625082432,1.767368721089667,0 16.02012115676604,1.767368721089667,0 16.02012115676604,1.767848044451739,0 16.02060048012811,1.767848044451739,0 16.0210798043895,1.767848044451739,0 16.0210798043895,1.768327368713131,0 16.02155912865089,1.768327368713131,0 16.02155912865089,1.768806692974522,0 16.0210798043895,1.768806692974522,0 16.0210798043895,1.76928601723597,0 16.02060048012811,1.76928601723597,0 16.02012115676604,1.76928601723597,0 16.02012115676604,1.769765340598042,0 16.01820386061974,1.769765340598042,0 16.01772453635834,1.769765340598042,0 16.01772453635834,1.770244664859433,0 16.0172452120969,1.770244664859433,0 16.0172452120969,1.771810475373172,0 16.01633955792431,1.7721010229439,0 16.01616053168323,1.772158457247031,0 16.01604495441114,1.773249458995394,0 16.01631292360258,1.773940631155256,0 16.01638006608721,1.774062939852854,0 16.01691167693241,1.775031352315125,0 16.01752940505804,1.776156637119129,0 16.01797590856137,1.776970013655273,0 16.01849006086769,1.777906619794692,0 16.01907014786906,1.778963337587982,0 16.01972033882265,1.780147760910495,0 16.01986544083746,1.780412086048955,0 16.02061810504159,1.78126832427381,0 16.02084638355382,1.781388980017482,0 16.02156143721061,1.781766918308676,0 16.02229010480454,1.782152052974936,0 16.02314730350531,1.782605123327812,0 16.02382947435081,1.782965682220493,0 16.02479703875241,1.78348467467805,0 16.02485548659149,1.783507976112276,0 16.02531986951641,1.783753423581686,0 16.02588216163252,1.784050621638926,0 16.03314099366196,1.789069924137721,0 16.03538800914936,1.790623679239445,0 16.03717573547186,1.797504192564475,0 16.03717766811496,1.800925466337276,0 16.03717776344308,1.80109455596903,0 16.03696071206724,1.80140072386439,0 16.03689749602268,1.80140072386439,0 16.03689749602268,1.801489895242526,0 16.03662090503082,1.801880048125781,0 16.03641817176128,1.801880048125781,0 16.03641817176128,1.802166019945901,0 16.03594129185717,1.802838696648564,0 16.03593884839921,1.802838696648564,0 16.03593884839921,1.802842142850636,0 16.03560148482075,1.803318020010636,0 16.03545952413776,1.803318020010636,0 16.03545952413776,1.803518266654749,0 16.03526167778426,1.803797344272084,0 16.03498019987637,1.803797344272084,0 16.03498019987637,1.804194391358124,0 16.03486161707002,1.804361661661403,0 16.03431144601649,1.804755991895547,0 16.03449088684499,1.804884604840709,0 16.03420798261237,1.805283663710156,0 16.03420750417303,1.805288854596995,0 16.03412819206244,1.806147871726921,0 16.03447704448007,1.807448842690008,0 16.03479997933562,1.808653157217464,0 16.03481505197311,1.809308209906021,0 16.03536415822936,1.811478883743519,0 16.03513506762931,1.812721954554604,0 16.03534732381996,1.814422890004437,0 16.03479077027788,1.814821795989133,0 16.03542373921425,1.815275471585778,0 16.03545952413776,1.815952298659681,0 16.03545952413776,1.816739092135435,0 16.03550112317834,1.816739092135435,0 16.03570225295664,1.820543210900496,0 16.03568757062493,1.820573684428041,0 16.03545952413776,1.820573684428041,0 16.03545952413776,1.821047004815455,0 16.03510541158551,1.821781980254229,0 16.03507183539693,1.82219025177875,0 16.03466151251882,1.823928951559935,0 16.0345008765143,1.823928951559935,0 16.0345008765143,1.824334611453196,0 16.03436929400777,1.824408275821327,0 16.03402155225291,1.824408275821327,0 16.0334076525412,1.824647937952022,0 16.03402155225291,1.824887600082718,0 16.0345008765143,1.824887600082718,0 16.0345008765143,1.82536692434411,0 16.03498019987637,1.82536692434411,0 16.0440873563465,1.82536692434411,0 16.0440873563465,1.825846247706238,0 16.04456667970857,1.825846247706238,0 16.04740047585131,1.825846247706238,0 16.05176131003645,1.827714548787469,0 16.057113466913,1.828608972226334,0 16.06157262757478,1.827708740965647,0 16.06480312546393,1.826284155489418,0 16.06632838374799,1.825611548034544,0 16.06886533256909,1.824408275821327,0 16.06901220355042,1.824408275821327,0 16.06901220355042,1.824338615234979,0 16.06987592863123,1.823928951559935,0 16.0699708520732,1.823928951559935,0 16.07045017543533,1.823928951559935,0 16.07045017543533,1.823656587381663,0 16.07088652289474,1.823449628197807,0 16.07092949969672,1.823449628197807,0 16.07092949969672,1.823429244164345,0 16.07138125703943,1.823214976190229,0 16.07363392206793,1.822505075648792,0 16.07611733604625,1.821722458624606,0 16.07634677918054,1.821534101018017,0 16.08315513719987,1.815616096105998,0 16.08891500082666,1.810638333292502,0 16.09337513545421,1.811533205493106,0 16.09382242496497,1.811795413627465,0 16.09694407071237,1.813625373012599,0 16.09874702975168,1.813763832634834,0 16.09882202781438,1.813769592792539,0 16.10080923275996,1.813922203247103,0 16.10461080014835,1.817379263742055,0 16.10601519314668,1.818656388281738,0 16.10592015099422,1.818656388281738,0 16.10592015099422,1.819615035905258,0 16.10544082673283,1.819615035905258,0 16.10544082673283,1.821053007790113,0 16.10496150337076,1.821053007790113,0 16.10496150337076,1.822490979675024,0 16.10448217910931,1.822490979675024,0 16.10448217910931,1.823449628197807,0 16.10400285484792,1.823449628197807,0 16.10400285484792,1.825846247706238,0 16.10448217910931,1.825846247706238,0 16.10448217910931,1.829201515737395,0 16.10496150337076,1.829201515737395,0 16.10592015099422,1.829201515737395,0 16.10639947525561,1.829201515737395,0 16.10639947525561,1.828722191476004,0 16.10783744714053,1.828722191476004,0 16.10783744714053,1.829201515737395,0 16.10831677140192,1.829201515737395,0 16.10831677140192,1.829680839998787,0 16.10879609476399,1.829680839998787,0 16.1102340666489,1.829680839998787,0 16.1102340666489,1.830160164260235,0 16.11071339091029,1.830160164260235,0 16.11311001131804,1.830160164260235,0 16.11358933468011,1.830160164260235,0 16.11358933468011,1.829680839998787,0 16.11396967595982,1.829680839998787,0 16.11327256737513,1.832077459507218,0 16.1121513627952,1.832077459507218,0 16.1121513627952,1.83159813614509,0 16.11167203943313,1.83159813614509,0 16.1102340666489,1.83159813614509,0 16.1102340666489,1.831118811883698,0 16.10975474328683,1.831118811883698,0 16.10639947525561,1.831118811883698,0 16.10592015099422,1.831118811883698,0 16.10592015099422,1.83159813614509,0 16.10544082673283,1.83159813614509,0 16.10544082673283,1.839267319830981,0 16.10496150337076,1.839267319830981,0 16.10496150337076,1.839746644092372,0 16.10448217910931,1.839746644092372,0 16.10448217910931,1.840225967454501,0 16.10400285484792,1.840225967454501,0 16.10400285484792,1.840705291715892,0 16.10352353148585,1.840705291715892,0 16.10352353148585,1.841184615977284,0 16.10304420722446,1.841184615977284,0 16.10256488296301,1.841184615977284,0 16.10256488296301,1.841663939339355,0 16.10160623533955,1.841663939339355,0 16.10112691107815,1.841663939339355,0 16.10112691107815,1.842143263600804,0 16.10064758681671,1.842143263600804,0 16.10064758681671,1.842622587862195,0 16.10016826345463,1.842622587862195,0 16.10016826345463,1.843101911224267,0 16.09968893919324,1.843101911224267,0 16.09968893919324,1.843581235485658,0 16.09920961493185,1.843581235485658,0 16.09920961493185,1.844060559747106,0 16.09873029156972,1.844060559747106,0 16.09873029156972,1.844539884008498,0 16.09825096730833,1.844539884008498,0 16.09825096730833,1.847895151140335,0 16.09777164304694,1.847895151140335,0 16.09729231968487,1.847895151140335,0 16.09729231968487,1.848374475401784,0 16.09681299542348,1.848374475401784,0 16.09681299542348,1.848853799663175,0 16.09633367116203,1.848853799663175,0 16.09633367116203,1.852209067694389,0 16.09585434690064,1.852209067694389,0 16.09585434690064,1.853647039579244,0 16.09633367116203,1.853647039579244,0 16.09633367116203,1.854605687202763,0 16.09681299542348,1.854605687202763,0 16.09873029156972,1.854605687202763,0 16.09873029156972,1.855085011464155,0 16.09920961493185,1.855085011464155,0 16.09968893919324,1.855085011464155,0 16.09968893919324,1.855564335725546,0 16.10016826345463,1.855564335725546,0 16.10064758681671,1.855564335725546,0 16.10064758681671,1.856043659087618,0 16.10112691107815,1.856043659087618,0 16.10112691107815,1.856522983349066,0 16.10160623533955,1.856522983349066,0 16.10160623533955,1.857002307610458,0 16.10208555960094,1.857002307610458,0 16.10208555960094,1.857481630972529,0 16.10147165898991,1.857721293103225,0 16.10208555960094,1.857960955233921,0 16.10256488296301,1.857960955233921,0 16.10256488296301,1.858440279495369,0 16.10304420722446,1.858440279495369,0 16.10304420722446,1.85891960375676,0 16.10352353148585,1.85891960375676,0 16.10352353148585,1.859398927118832,0 16.10400285484792,1.859398927118832,0 16.10400285484792,1.859878251380223,0 16.10448217910931,1.859878251380223,0 16.10496150337076,1.859878251380223,0 16.10496150337076,1.860357575641672,0 16.10544082673283,1.860357575641672,0 16.10625020038651,1.860357575641672,0 16.10525968348765,1.863020817157008,0 16.10513074948455,1.863233519411438,0 16.10400285484792,1.863233519411438,0 16.10400285484792,1.862754195150046,0 16.10352353148585,1.862754195150046,0 16.10304420722446,1.862754195150046,0 16.10304420722446,1.862274871787975,0 16.10256488296301,1.862274871787975,0 16.10208555960094,1.862274871787975,0 16.10208555960094,1.861795547526526,0 16.10160623533955,1.861795547526526,0 16.10160623533955,1.861316223265135,0 16.10112691107815,1.861316223265135,0 16.10112691107815,1.860836899003743,0 16.10064758681671,1.860836899003743,0 16.10064758681671,1.859878251380223,0 16.10016826345463,1.859878251380223,0 16.10016826345463,1.859398927118832,0 16.09920961493185,1.859398927118832,0 16.09920961493185,1.85891960375676,0 16.09873029156972,1.85891960375676,0 16.09777164304694,1.85891960375676,0 16.09777164304694,1.858440279495369,0 16.09729231968487,1.858440279495369,0 16.09729231968487,1.857960955233921,0 16.09681299542348,1.857960955233921,0 16.09681299542348,1.857481630972529,0 16.09633367116203,1.857481630972529,0 16.09633367116203,1.857002307610458,0 16.09585434690064,1.857002307610458,0 16.09441637501573,1.857002307610458,0 16.09393705165365,1.857002307610458,0 16.09393705165365,1.859878251380223,0 16.09345772739226,1.859878251380223,0 16.09345772739226,1.864192167034901,0 16.09393705165365,1.864192167034901,0 16.09393705165365,1.866588787442652,0 16.09441637501573,1.866588787442652,0 16.09441637501573,1.867547435066115,0 16.09441637501573,1.868026759327506,0 16.09393705165365,1.868026759327506,0 16.09393705165365,1.869944055473809,0 16.09345772739226,1.869944055473809,0 16.09345772739226,1.873299323505023,0 16.09393705165365,1.873299323505023,0 16.09393705165365,1.874257971128486,0 16.09441637501573,1.874257971128486,0 16.09441637501573,1.875695943013398,0 16.09489569927717,1.875695943013398,0 16.09489569927717,1.877133914898309,0 16.09537502353857,1.877133914898309,0 16.09585434690064,1.877133914898309,0 16.09585434690064,1.8776132391597,0 16.09633367116203,1.8776132391597,0 16.09633367116203,1.878092563421092,0 16.09681299542348,1.878092563421092,0 16.09681299542348,1.879051211044612,0 16.09729231968487,1.879051211044612,0 16.09777164304694,1.879051211044612,0 16.09777164304694,1.879530535306003,0 16.09825096730833,1.879530535306003,0 16.09825096730833,1.880009858668075,0 16.09873029156972,1.880009858668075,0 16.09920961493185,1.880009858668075,0 16.09920961493185,1.880489182929523,0 16.09968893919324,1.880489182929523,0 16.10016826345463,1.880489182929523,0 16.10016826345463,1.880009858668075,0 16.10064758681671,1.880009858668075,0 16.10112691107815,1.880009858668075,0 16.10112691107815,1.879530535306003,0 16.10174081078986,1.879290873175307,0 16.10112691107815,1.879051211044612,0 16.10112691107815,1.87857188678322,0 16.10160623533955,1.87857188678322,0 16.10160623533955,1.876654591536237,0 16.10208555960094,1.876654591536237,0 16.10208555960094,1.874978402731131,0 16.10262489472314,1.876403328151127,0 16.10346557917319,1.878000104121554,0 16.10481334456023,1.880325705966584,0 16.10588526359408,1.88228694388738,0 16.10681369939277,1.883791066304696,0 16.10761780391857,1.886260238619173,0 16.10731676305824,1.887915572145971,0 16.10664284798907,1.888932477851597,0 16.10541836346675,1.889496702610757,0 16.10536055234769,1.88963360550656,0 16.10528911380163,1.889802781473236,0 16.1051738827685,1.89007566276166,0 16.10496150337076,1.89007566276166,0 16.10496150337076,1.889596338500269,0 16.10448217910931,1.889596338500269,0 16.10256488296301,1.889596338500269,0 16.10256488296301,1.889117015138197,0 16.10208555960094,1.889117015138197,0 16.10132195604348,1.889117015138197,0 16.10024757286726,1.888346442734189,0 16.10020416169277,1.888315307305618,0 16.09831678419226,1.886867916820961,0 16.0971868471953,1.886170809135592,0 16.09670896634577,1.885875983489882,0 16.09428594094345,1.885443910508116,0 16.09173278813773,1.885655612716391,0 16.09164267337076,1.88568141066861,0 16.09014427244028,1.886110375593432,0 16.08968774419407,1.886241071368374,0 16.08962313509966,1.886241071368374,0 16.08914381173759,1.886241071368374,0 16.08914381173759,1.88639314942435,0 16.0869032533825,1.886941971494821,0 16.0860920810847,1.887140667707683,0 16.08382516719775,1.888358760748247,0 16.08183557095487,1.890032927877371,0 16.08156437049934,1.890265242546946,0 16.08135846262303,1.89228673684346,0 16.08097747473073,1.894860848349538,0 16.08060903777692,1.89630687456264,0 16.08051597952886,1.89630687456264,0 16.08003665526746,1.89630687456264,0 16.08003665526746,1.896786198824088,0 16.07764003575909,1.896786198824088,0 16.07764003575909,1.89630687456264,0 16.0771607114977,1.89630687456264,0 16.07668138723631,1.89630687456264,0 16.07668138723631,1.895827551200569,0 16.07620206387418,1.895827551200569,0 16.0752434153514,1.895827551200569,0 16.07476409198932,1.895827551200569,0 16.07476409198932,1.896786198824088,0 16.07428476772788,1.896786198824088,0 16.07428476772788,1.89726552308548,0 16.07380544346648,1.89726552308548,0 16.07380544346648,1.897744846447552,0 16.07332611920509,1.897744846447552,0 16.07284679584302,1.897744846447552,0 16.07284679584302,1.900141466855246,0 16.07236747158157,1.900141466855246,0 16.07236747158157,1.901100114478766,0 16.07188814732018,1.901100114478766,0 16.0712193934603,1.901579438740157,0 16.07188814732018,1.902058763001548,0 16.07188814732018,1.90253808636362,0 16.07236747158157,1.90253808636362,0 16.07236747158157,1.903017410625068,0 16.07284679584302,1.903017410625068,0 16.07284679584302,1.906852002917674,0 16.06949152781181,1.906852002917674,0 16.06901220355042,1.906852002917674,0 16.06901220355042,1.907331326279746,0 16.0675742316655,1.907331326279746,0 16.06709490740411,1.907331326279746,0 16.06709490740411,1.907810650541137,0 16.06421896363429,1.907810650541137,0 16.0637396393729,1.907810650541137,0 16.0637396393729,1.908289974802528,0 16.05463248380215,1.908289974802528,0 16.0541531595407,1.908289974802528,0 16.0541531595407,1.908769299063977,0 16.05127721577094,1.908769299063977,0 16.05127721577094,1.908289974802528,0 16.05079789240887,1.908289974802528,0 16.04792194773972,1.908289974802528,0 16.04744262437765,1.908289974802528,0 16.04744262437765,1.908769299063977,0 16.04648397585487,1.908769299063977,0 16.04648397585487,1.908289974802528,0 16.04600465159342,1.908289974802528,0 16.04312870782366,1.908289974802528,0 16.04264938446158,1.908289974802528,0 16.04264938446158,1.908769299063977,0 16.03977343979244,1.908769299063977,0 16.03977343979244,1.908289974802528,0 16.03929411643037,1.908289974802528,0 16.03498019987637,1.908289974802528,0 16.03498019987637,1.907810650541137,0 16.0345008765143,1.907810650541137,0 16.0345008765143,1.907331326279746,0 16.03402155225291,1.907331326279746,0 16.03354222799146,1.907331326279746,0 16.03354222799146,1.906372678656226,0 16.03306290462939,1.906372678656226,0 16.03306290462939,1.905893354394834,0 16.032583580368,1.905893354394834,0 16.032583580368,1.905414031032763,0 16.03210425610661,1.905414031032763,0 16.0306662842217,1.905414031032763,0 16.0306662842217,1.904934706771371,0 16.0301869599603,1.904934706771371,0 16.0301869599603,1.904455382509923,0 16.02970763659818,1.904455382509923,0 16.02970763659818,1.903976058248531,0 16.02922831233678,1.903976058248531,0 16.02922831233678,1.90349673488646,0 16.02874898807539,1.90349673488646,0 16.02826966471332,1.90349673488646,0 16.02826966471332,1.90253808636362,0 16.02779034045187,1.90253808636362,0 16.02779034045187,1.902058763001548,0 16.02731101619048,1.902058763001548,0 16.02731101619048,1.901579438740157,0 16.02683169192909,1.901579438740157,0 16.02683169192909,1.901100114478766,0 16.02635236856702,1.901100114478766,0 16.02635236856702,1.897744846447552,0 16.02683169192909,1.897744846447552,0 16.02683169192909,1.89726552308548,0 16.02731101619048,1.89726552308548,0 16.02731101619048,1.896786198824088,0 16.02779034045187,1.896786198824088,0 16.02779034045187,1.89630687456264,0 16.02826966471332,1.89630687456264,0 16.02826966471332,1.895827551200569,0 16.02874898807539,1.895827551200569,0 16.02922831233678,1.895827551200569,0 16.02922831233678,1.895348226939177,0 16.02970763659818,1.895348226939177,0 16.02970763659818,1.894868902677786,0 16.0301869599603,1.894868902677786,0 16.0301869599603,1.894389578416337,0 16.0306662842217,1.894389578416337,0 16.0306662842217,1.892472283169354,0 16.03114560848309,1.892472283169354,0 16.03162493184516,1.892472283169354,0 16.03162493184516,1.891992958907963,0 16.03306290462939,1.891992958907963,0 16.03354222799146,1.891992958907963,0 16.03354222799146,1.891513634646572,0 16.03402155225291,1.891513634646572,0 16.03402155225291,1.890554987023108,0 16.0345008765143,1.890554987023108,0 16.0345008765143,1.889596338500269,0 16.03498019987637,1.889596338500269,0 16.03498019987637,1.888637690876806,0 16.03545952413776,1.888637690876806,0 16.03545952413776,1.885761747106983,0 16.03498019987637,1.885761747106983,0 16.03498019987637,1.885282422845592,0 16.0345008765143,1.885282422845592,0 16.03402155225291,1.885282422845592,0 16.03402155225291,1.885761747106983,0 16.03354222799146,1.885761747106983,0 16.03354222799146,1.886720394730503,0 16.03306290462939,1.886720394730503,0 16.03306290462939,1.887679043253286,0 16.032583580368,1.887679043253286,0 16.032583580368,1.888158366615357,0 16.03210425610661,1.888158366615357,0 16.03210425610661,1.888637690876806,0 16.03162493184516,1.888637690876806,0 16.03162493184516,1.889117015138197,0 16.03114560848309,1.889117015138197,0 16.0306662842217,1.889117015138197,0 16.0306662842217,1.889596338500269,0 16.02970763659818,1.889596338500269,0 16.02970763659818,1.889117015138197,0 16.02922831233678,1.889117015138197,0 16.02874898807539,1.889117015138197,0 16.02874898807539,1.888637690876806,0 16.02826966471332,1.888637690876806,0 16.02779034045187,1.888637690876806,0 16.02779034045187,1.887679043253286,0 16.02731101619048,1.887679043253286,0 16.02731101619048,1.887199718991894,0 16.02683169192909,1.887199718991894,0 16.02683169192909,1.886720394730503,0 16.02635236856702,1.886720394730503,0 16.02635236856702,1.886241071368374,0 16.02587304430563,1.886241071368374,0 16.02587304430563,1.885761747106983,0 16.02539372004418,1.885761747106983,0 16.02539372004418,1.885282422845592,0 16.02491439668211,1.885282422845592,0 16.02443507242072,1.885282422845592,0 16.02443507242072,1.883365126699289,0 16.02395574815932,1.883365126699289,0 16.02395574815932,1.882885803337217,0 16.0234764247972,1.882885803337217,0 16.0229971005358,1.882885803337217,0 16.0229971005358,1.881447831452306,0 16.02251777627441,1.881447831452306,0 16.02251777627441,1.880009858668075,0 16.02203845201302,1.880009858668075,0 16.02203845201302,1.876654591536237,0 16.02155912865089,1.876654591536237,0 16.02155912865089,1.876175267274789,0 16.0210798043895,1.876175267274789,0 16.02060048012811,1.876175267274789,0 16.02060048012811,1.875695943013398,0 16.02012115676604,1.875695943013398,0 16.02012115676604,1.875216618752006,0 16.01964183250459,1.875216618752006,0 16.01964183250459,1.874737295389934,0 16.0191625082432,1.874737295389934,0 16.0191625082432,1.868506083588954,0 16.01868318488113,1.868506083588954,0 16.01820386061974,1.868506083588954,0 16.01820386061974,1.868985406951026,0 16.01772453635834,1.868985406951026,0 16.01772453635834,1.869464731212418,0 16.0172452120969,1.869464731212418,0 16.01676588873482,1.869464731212418,0 16.01676588873482,1.870423378835938,0 16.01628656447343,1.870423378835938,0 16.01628656447343,1.870902703097329,0 16.01567266476172,1.871142365228025,0 16.01628656447343,1.87138202735872,0 16.01628656447343,1.87234067498224,0 16.01676588873482,1.87234067498224,0 16.01676588873482,1.874737295389934,0 16.01341062070361,1.874737295389934,0 16.01341062070361,1.874257971128486,0 16.01293129644222,1.874257971128486,0 16.01293129644222,1.873778646867095,0 16.01245197218083,1.873778646867095,0 16.01197264881876,1.873778646867095,0 16.01149332455731,1.873778646867095,0 16.01149332455731,1.874257971128486,0 16.01101400029592,1.874257971128486,0 16.01101400029592,1.874737295389934,0 16.01040010058421,1.87497695752063,0 16.01101400029592,1.875216618752006,0 16.01101400029592,1.876654591536237,0 16.01149332455731,1.876654591536237,0 16.01436926832713,1.876654591536237,0 16.01436926832713,1.877133914898309,0 16.01484859258852,1.877133914898309,0 16.01676588873482,1.877133914898309,0 16.01676588873482,1.8776132391597,0 16.0172452120969,1.8776132391597,0 16.01820386061974,1.8776132391597,0 16.01820386061974,1.878092563421092,0 16.01868318488113,1.878092563421092,0 16.0191625082432,1.878092563421092,0 16.0191625082432,1.87857188678322,0 16.01964183250459,1.87857188678322,0 16.02012115676604,1.87857188678322,0 16.02012115676604,1.879530535306003,0 16.02060048012811,1.879530535306003,0 16.02060048012811,1.880489182929523,0 16.0210798043895,1.880489182929523,0 16.0210798043895,1.881927154814377,0 16.02155912865089,1.881927154814377,0 16.02155912865089,1.883365126699289,0 16.02203845201302,1.883365126699289,0 16.02203845201302,1.884323775222072,0 16.02251777627441,1.884323775222072,0 16.02251777627441,1.887679043253286,0 16.0229971005358,1.887679043253286,0 16.0234764247972,1.887679043253286,0 16.0234764247972,1.888158366615357,0 16.02395574815932,1.888158366615357,0 16.02395574815932,1.888637690876806,0 16.02443507242072,1.888637690876806,0 16.02443507242072,1.889117015138197,0 16.02491439668211,1.889117015138197,0 16.02539372004418,1.889117015138197,0 16.02539372004418,1.889596338500269,0 16.02587304430563,1.889596338500269,0 16.02587304430563,1.89007566276166,0 16.02635236856702,1.89007566276166,0 16.02635236856702,1.893910255054266,0 16.02587304430563,1.893910255054266,0 16.02587304430563,1.894389578416337,0 16.02539372004418,1.894389578416337,0 16.02539372004418,1.894868902677786,0 16.02491439668211,1.894868902677786,0 16.02491439668211,1.895348226939177,0 16.02443507242072,1.895348226939177,0 16.02443507242072,1.898224170708943,0 16.02395574815932,1.898224170708943,0 16.02395574815932,1.898703494970391,0 16.0234764247972,1.898703494970391,0 16.0234764247972,1.899182818332463,0 16.0229971005358,1.899182818332463,0 16.0229971005358,1.899662142593854,0 16.02251777627441,1.899662142593854,0 16.02251777627441,1.900141466855246,0 16.02203845201302,1.900141466855246,0 16.02203845201302,1.900620791116637,0 16.02155912865089,1.900620791116637,0 16.02155912865089,1.901100114478766,0 16.02060048012811,1.901100114478766,0 16.02060048012811,1.900620791116637,0 16.02012115676604,1.900620791116637,0 16.01964183250459,1.900620791116637,0 16.01964183250459,1.900141466855246,0 16.0191625082432,1.900141466855246,0 16.01868318488113,1.900141466855246,0 16.01868318488113,1.899662142593854,0 16.01820386061974,1.899662142593854,0 16.01772453635834,1.899662142593854,0 16.01772453635834,1.899182818332463,0 16.0172452120969,1.899182818332463,0 16.01628656447343,1.899182818332463,0 16.01628656447343,1.898703494970391,0 16.01580724021204,1.898703494970391,0 16.01580724021204,1.898224170708943,0 16.01532791684991,1.898224170708943,0 16.01484859258852,1.898224170708943,0 16.01484859258852,1.897744846447552,0 16.01436926832713,1.897744846447552,0 16.01388994496506,1.897744846447552,0 16.01388994496506,1.89726552308548,0 16.01341062070361,1.89726552308548,0 16.01293129644222,1.89726552308548,0 16.01293129644222,1.89630687456264,0 16.01245197218083,1.89630687456264,0 16.01245197218083,1.895348226939177,0 16.01197264881876,1.895348226939177,0 16.01197264881876,1.894389578416337,0 16.01149332455731,1.894389578416337,0 16.01149332455731,1.893430930792874,0 16.01101400029592,1.893430930792874,0 16.01101400029592,1.892951606531483,0 16.01053467693384,1.892951606531483,0 16.01053467693384,1.892472283169354,0 16.01053467693384,1.891992958907963,0 16.01005535267245,1.891992958907963,0 16.01005535267245,1.891513634646572,0 16.009576028411,1.891513634646572,0 16.009576028411,1.8910343112845,0 16.00909670504893,1.8910343112845,0 16.00909670504893,1.890554987023108,0 16.00861738078754,1.890554987023108,0 16.00861738078754,1.89007566276166,0 16.00813805652615,1.89007566276166,0 16.00813805652615,1.889596338500269,0 16.00765873226476,1.889596338500269,0 16.00765873226476,1.889117015138197,0 16.00717940890263,1.889117015138197,0 16.00190684472517,1.889117015138197,0 16.00190684472517,1.887679043253286,0 16.00142752046372,1.887679043253286,0 16.00142752046372,1.886241071368374,0 16.00094819710165,1.886241071368374,0 16.00094819710165,1.8848030985842,0 16.00046887284026,1.8848030985842,0 16.00046887284026,1.884323775222072,0 15.99998954857887,1.884323775222072,0 15.99951022431748,1.884323775222072,0 15.99951022431748,1.88384445096068,0 15.99903090095535,1.88384445096068,0 15.99855157669396,1.88384445096068,0 15.99855157669396,1.882885803337217,0 15.99807225243256,1.882885803337217,0 15.99807225243256,1.881927154814377,0 15.99759292907049,1.881927154814377,0 15.99759292907049,1.881447831452306,0 15.99711360480904,1.881447831452306,0 15.99711360480904,1.880968507190914,0 15.99663428054765,1.880968507190914,0 15.99663428054765,1.880489182929523,0 15.99615495718558,1.880489182929523,0 15.99088239300806,1.880489182929523,0 15.99040306874667,1.880489182929523,0 15.99040306874667,1.880968507190914,0 15.98848577260037,1.880968507190914,0 15.98848577260037,1.880489182929523,0 15.9880064492383,1.880489182929523,0 15.9880064492383,1.880009858668075,0 15.98752712497691,1.880009858668075,0 15.98752712497691,1.879530535306003,0 15.98704780071546,1.879530535306003,0 15.98704780071546,1.879051211044612,0 15.98656847735339,1.879051211044612,0 15.98513050456916,1.879051211044612,0 15.98513050456916,1.878092563421092,0 15.98465118120708,1.878092563421092,0 15.98465118120708,1.877133914898309,0 15.98417185694569,1.877133914898309,0 15.98417185694569,1.876175267274789,0 15.9836925326843,1.876175267274789,0 15.9836925326843,1.875216618752006,0 15.98321320932223,1.875216618752006,0 15.98321320932223,1.874257971128486,0 15.98273388506078,1.874257971128486,0 15.98273388506078,1.873778646867095,0 15.98225456079939,1.873778646867095,0 15.98225456079939,1.873299323505023,0 15.98177523743732,1.873299323505023,0 15.98177523743732,1.872819999243632,0 15.98129591317593,1.872819999243632,0 15.98081658891448,1.872819999243632,0 15.98081658891448,1.87234067498224,0 15.98033726465309,1.87234067498224,0 15.97698199752119,1.87234067498224,0 15.9765026732598,1.87234067498224,0 15.9765026732598,1.873299323505023,0 15.97588877354809,1.873538984736399,0 15.9765026732598,1.873778646867095,0 15.97746132088332,1.873778646867095,0 15.97746132088332,1.874257971128486,0 15.97794064514471,1.874257971128486,0 15.9784199694061,1.874257971128486,0 15.9784199694061,1.874737295389934,0 15.97889929276818,1.874737295389934,0 15.97985794129102,1.874737295389934,0 15.97985794129102,1.875216618752006,0 15.98033726465309,1.875216618752006,0 15.98081658891448,1.875216618752006,0 15.98081658891448,1.875695943013398,0 15.98129591317593,1.875695943013398,0 15.98129591317593,1.877133914898309,0 15.98081658891448,1.877133914898309,0 15.98081658891448,1.8776132391597,0 15.97698199752119,1.8776132391597,0 15.97698199752119,1.877133914898309,0 15.9765026732598,1.877133914898309,0 15.97218875760512,1.877133914898309,0 15.97170943334373,1.877133914898309,0 15.97170943334373,1.878092563421092,0 15.97109553363202,1.878332224652468,0 15.97170943334373,1.87857188678322,0 15.97170943334373,1.879051211044612,0 15.97218875760512,1.879051211044612,0 15.97218875760512,1.879530535306003,0 15.9726680809672,1.879530535306003,0 15.97506470137489,1.879530535306003,0 15.97554402473702,1.879530535306003,0 15.97554402473702,1.879051211044612,0 15.98225456079939,1.879051211044612,0 15.98225456079939,1.879530535306003,0 15.98273388506078,1.879530535306003,0 15.9836925326843,1.879530535306003,0 15.9836925326843,1.880009858668075,0 15.98417185694569,1.880009858668075,0 15.98417185694569,1.880489182929523,0 15.98465118120708,1.880489182929523,0 15.98465118120708,1.881447831452306,0 15.98417185694569,1.881447831452306,0 15.9836925326843,1.881447831452306,0 15.9836925326843,1.881927154814377,0 15.98273388506078,1.881927154814377,0 15.98225456079939,1.881927154814377,0 15.98225456079939,1.882406479075769,0 15.97889929276818,1.882406479075769,0 15.9784199694061,1.882406479075769,0 15.9784199694061,1.882885803337217,0 15.97794064514471,1.882885803337217,0 15.97746132088332,1.882885803337217,0 15.97746132088332,1.883365126699289,0 15.97698199752119,1.883365126699289,0 15.9765026732598,1.883365126699289,0 15.9765026732598,1.8848030985842,0 15.9726680809672,1.8848030985842,0 15.9726680809672,1.884323775222072,0 15.97218875760512,1.884323775222072,0 15.97123010908234,1.884323775222072,0 15.97075078482089,1.884323775222072,0 15.97075078482089,1.8848030985842,0 15.97027146145882,1.8848030985842,0 15.96979213719743,1.8848030985842,0 15.96979213719743,1.885282422845592,0 15.96931281293604,1.885282422845592,0 15.96883348957391,1.885282422845592,0 15.96883348957391,1.885761747106983,0 15.96835416531252,1.885761747106983,0 15.96835416531252,1.886241071368374,0 15.96787484105113,1.886241071368374,0 15.96787484105113,1.886720394730503,0 15.96726094133942,1.886960056861199,0 15.96787484105113,1.887199718991894,0 15.96835416531252,1.887199718991894,0 15.96835416531252,1.887679043253286,0 15.96883348957391,1.887679043253286,0 15.97075078482089,1.887679043253286,0 15.97123010908234,1.887679043253286,0 15.97123010908234,1.887199718991894,0 15.97218875760512,1.887199718991894,0 15.9726680809672,1.887199718991894,0 15.9726680809672,1.886720394730503,0 15.97362672949004,1.886720394730503,0 15.97410605285211,1.886720394730503,0 15.97410605285211,1.886241071368374,0 15.97602334899841,1.886241071368374,0 15.9765026732598,1.886241071368374,0 15.9765026732598,1.885761747106983,0 15.97698199752119,1.885761747106983,0 15.97698199752119,1.886241071368374,0 15.97746132088332,1.886241071368374,0 15.98081658891448,1.886241071368374,0 15.98129591317593,1.886241071368374,0 15.98129591317593,1.885761747106983,0 15.98273388506078,1.885761747106983,0 15.98321320932223,1.885761747106983,0 15.98321320932223,1.885282422845592,0 15.98465118120708,1.885282422845592,0 15.98513050456916,1.885282422845592,0 15.98513050456916,1.8848030985842,0 15.986089153092,1.8848030985842,0 15.98656847735339,1.8848030985842,0 15.98656847735339,1.884323775222072,0 15.98752712497691,1.884323775222072,0 15.9880064492383,1.884323775222072,0 15.9880064492383,1.88384445096068,0 15.99375833677789,1.88384445096068,0 15.99375833677789,1.884323775222072,0 15.99423766103928,1.884323775222072,0 15.99423766103928,1.8848030985842,0 15.99471698440135,1.8848030985842,0 15.99519630866274,1.8848030985842,0 15.99519630866274,1.885282422845592,0 15.99567563292419,1.885282422845592,0 15.99567563292419,1.885761747106983,0 15.99615495718558,1.885761747106983,0 15.99615495718558,1.886241071368374,0 15.99663428054765,1.886241071368374,0 15.99663428054765,1.886720394730503,0 15.99711360480904,1.886720394730503,0 15.99711360480904,1.887199718991894,0 15.99759292907049,1.887199718991894,0 15.99759292907049,1.887679043253286,0 15.99807225243256,1.887679043253286,0 15.99807225243256,1.888158366615357,0 15.99855157669396,1.888158366615357,0 15.99855157669396,1.890554987023108,0 15.99807225243256,1.890554987023108,0 15.99807225243256,1.8910343112845,0 15.99759292907049,1.8910343112845,0 15.99711360480904,1.8910343112845,0 15.99711360480904,1.891513634646572,0 15.99663428054765,1.891513634646572,0 15.99663428054765,1.891992958907963,0 15.99615495718558,1.891992958907963,0 15.99567563292419,1.891992958907963,0 15.99567563292419,1.892472283169354,0 15.99519630866274,1.892472283169354,0 15.99519630866274,1.892951606531483,0 15.99471698440135,1.892951606531483,0 15.99471698440135,1.893430930792874,0 15.99423766103928,1.893430930792874,0 15.99423766103928,1.893910255054266,0 15.99375833677789,1.893910255054266,0 15.99375833677789,1.893430930792874,0 15.99327901251644,1.893430930792874,0 15.99279968915437,1.893430930792874,0 15.99279968915437,1.892951606531483,0 15.99232036489298,1.892951606531483,0 15.99184104063158,1.892951606531483,0 15.99184104063158,1.892472283169354,0 15.99136171726951,1.892472283169354,0 15.99040306874667,1.892472283169354,0 15.99040306874667,1.891992958907963,0 15.98992374448528,1.891992958907963,0 15.98704780071546,1.891992958907963,0 15.98656847735339,1.891992958907963,0 15.98656847735339,1.893910255054266,0 15.98595457674236,1.894149917184961,0 15.98656847735339,1.894389578416337,0 15.98704780071546,1.894389578416337,0 15.98704780071546,1.894868902677786,0 15.98752712497691,1.894868902677786,0 15.98752712497691,1.895348226939177,0 15.9880064492383,1.895348226939177,0 15.9880064492383,1.895827551200569,0 15.98848577260037,1.895827551200569,0 15.98848577260037,1.89726552308548,0 15.98273388506078,1.89726552308548,0 15.98273388506078,1.896786198824088,0 15.98225456079939,1.896786198824088,0 15.98129591317593,1.896786198824088,0 15.98129591317593,1.89630687456264,0 15.98081658891448,1.89630687456264,0 15.97985794129102,1.89630687456264,0 15.97985794129102,1.895827551200569,0 15.97937861702962,1.895827551200569,0 15.97889929276818,1.895827551200569,0 15.97889929276818,1.895348226939177,0 15.9784199694061,1.895348226939177,0 15.97794064514471,1.895348226939177,0 15.97794064514471,1.894868902677786,0 15.97746132088332,1.894868902677786,0 15.9765026732598,1.894868902677786,0 15.9765026732598,1.894389578416337,0 15.97602334899841,1.894389578416337,0 15.97554402473702,1.894389578416337,0 15.97554402473702,1.893910255054266,0 15.97506470137489,1.893910255054266,0 15.9726680809672,1.893910255054266,0 15.97205418125549,1.894149917184961,0 15.9726680809672,1.894389578416337,0 15.9726680809672,1.89630687456264,0 15.97314740522864,1.89630687456264,0 15.97362672949004,1.89630687456264,0 15.97362672949004,1.896786198824088,0 15.97410605285211,1.896786198824088,0 15.97410605285211,1.89726552308548,0 15.9745853771135,1.89726552308548,0 15.9745853771135,1.897744846447552,0 15.97506470137489,1.897744846447552,0 15.97602334899841,1.897744846447552,0 15.97602334899841,1.898224170708943,0 15.9765026732598,1.898224170708943,0 15.97746132088332,1.898224170708943,0 15.97746132088332,1.898703494970391,0 15.97794064514471,1.898703494970391,0 15.97889929276818,1.898703494970391,0 15.97889929276818,1.899182818332463,0 15.97937861702962,1.899182818332463,0 15.98129591317593,1.899182818332463,0 15.98129591317593,1.899662142593854,0 15.98177523743732,1.899662142593854,0 15.98225456079939,1.899662142593854,0 15.98225456079939,1.900141466855246,0 15.98273388506078,1.900141466855246,0 15.98321320932223,1.900141466855246,0 15.98321320932223,1.900620791116637,0 15.98273388506078,1.900620791116637,0 15.98273388506078,1.901100114478766,0 15.98225456079939,1.901100114478766,0 15.98225456079939,1.901579438740157,0 15.98129591317593,1.901579438740157,0 15.98129591317593,1.901100114478766,0 15.98081658891448,1.901100114478766,0 15.98081658891448,1.900620791116637,0 15.98033726465309,1.900620791116637,0 15.97554402473702,1.900620791116637,0 15.97554402473702,1.900141466855246,0 15.97506470137489,1.900141466855246,0 15.97362672949004,1.900141466855246,0 15.97362672949004,1.899662142593854,0 15.97314740522864,1.899662142593854,0 15.9726680809672,1.899662142593854,0 15.9726680809672,1.899182818332463,0 15.97218875760512,1.899182818332463,0 15.97218875760512,1.898703494970391,0 15.97170943334373,1.898703494970391,0 15.97170943334373,1.898224170708943,0 15.97123010908234,1.898224170708943,0 15.97075078482089,1.898224170708943,0 15.97075078482089,1.897744846447552,0 15.97027146145882,1.897744846447552,0 15.97027146145882,1.89726552308548,0 15.96979213719743,1.89726552308548,0 15.96979213719743,1.896786198824088,0 15.96931281293604,1.896786198824088,0 15.96643686916622,1.896786198824088,0 15.96595754490483,1.896786198824088,0 15.96595754490483,1.89726552308548,0 15.96547822154275,1.89726552308548,0 15.96499889728136,1.89726552308548,0 15.96499889728136,1.897744846447552,0 15.96356092539645,1.897744846447552,0 15.96356092539645,1.89726552308548,0 15.96308160113506,1.89726552308548,0 15.96308160113506,1.896786198824088,0 15.96260227777293,1.896786198824088,0 15.96260227777293,1.89630687456264,0 15.96212295351154,1.89630687456264,0 15.96212295351154,1.895827551200569,0 15.96164362925015,1.895827551200569,0 15.96164362925015,1.895348226939177,0 15.96116430498876,1.895348226939177,0 15.96116430498876,1.894868902677786,0 15.96068498162663,1.894868902677786,0 15.96068498162663,1.894389578416337,0 15.96020565736524,1.894389578416337,0 15.96020565736524,1.893430930792874,0 15.95972633310385,1.893430930792874,0 15.95972633310385,1.892951606531483,0 15.95924700974177,1.892951606531483,0 15.95924700974177,1.892472283169354,0 15.95876768548033,1.892472283169354,0 15.95876768548033,1.891992958907963,0 15.95828836121893,1.891992958907963,0 15.95780903785686,1.891992958907963,0 15.95732971359547,1.891992958907963,0 15.95732971359547,1.892472283169354,0 15.95685038933402,1.892472283169354,0 15.95685038933402,1.895348226939177,0 15.95732971359547,1.895348226939177,0 15.95732971359547,1.89726552308548,0 15.95780903785686,1.89726552308548,0 15.95780903785686,1.897744846447552,0 15.95828836121893,1.897744846447552,0 15.95828836121893,1.898224170708943,0 15.95876768548033,1.898224170708943,0 15.95876768548033,1.898703494970391,0 15.95924700974177,1.898703494970391,0 15.95924700974177,1.899182818332463,0 15.95972633310385,1.899182818332463,0 15.96212295351154,1.899182818332463,0 15.96212295351154,1.899662142593854,0 15.96260227777293,1.899662142593854,0 15.96308160113506,1.899662142593854,0 15.96308160113506,1.900141466855246,0 15.96356092539645,1.900141466855246,0 15.96547822154275,1.900141466855246,0 15.96595754490483,1.900141466855246,0 15.96595754490483,1.899662142593854,0 15.96643686916622,1.899662142593854,0 15.96691619342761,1.899662142593854,0 15.96691619342761,1.899182818332463,0 15.96787484105113,1.899182818332463,0 15.96787484105113,1.899662142593854,0 15.96835416531252,1.899662142593854,0 15.96835416531252,1.900141466855246,0 15.96883348957391,1.900141466855246,0 15.96883348957391,1.901100114478766,0 15.96931281293604,1.901100114478766,0 15.97027146145882,1.901100114478766,0 15.97027146145882,1.901579438740157,0 15.97075078482089,1.901579438740157,0 15.97170943334373,1.901579438740157,0 15.97170943334373,1.902058763001548,0 15.97218875760512,1.902058763001548,0 15.97362672949004,1.902058763001548,0 15.97362672949004,1.90253808636362,0 15.97410605285211,1.90253808636362,0 15.97506470137489,1.90253808636362,0 15.97506470137489,1.903017410625068,0 15.97554402473702,1.903017410625068,0 15.97554402473702,1.90349673488646,0 15.97602334899841,1.90349673488646,0 15.97602334899841,1.903976058248531,0 15.9765026732598,1.903976058248531,0 15.9765026732598,1.904934706771371,0 15.97602334899841,1.904934706771371,0 15.97602334899841,1.905414031032763,0 15.97554402473702,1.905414031032763,0 15.97554402473702,1.906372678656226,0 15.97506470137489,1.906372678656226,0 15.97506470137489,1.906852002917674,0 15.9745853771135,1.906852002917674,0 15.9745853771135,1.908289974802528,0 15.97397147740179,1.908529636933224,0 15.9745853771135,1.908769299063977,0 15.9745853771135,1.910686594310903,0 15.97506470137489,1.910686594310903,0 15.97698199752119,1.910686594310903,0 15.97746132088332,1.910686594310903,0 15.97746132088332,1.910207270948831,0 15.97794064514471,1.910207270948831,0 15.97794064514471,1.907810650541137,0 15.9784199694061,1.907810650541137,0 15.9784199694061,1.906852002917674,0 15.97889929276818,1.906852002917674,0 15.97889929276818,1.905414031032763,0 15.97985794129102,1.905414031032763,0 15.98033726465309,1.905414031032763,0 15.98033726465309,1.904934706771371,0 15.98081658891448,1.904934706771371,0 15.98081658891448,1.904455382509923,0 15.98129591317593,1.904455382509923,0 15.98129591317593,1.903976058248531,0 15.98321320932223,1.903976058248531,0 15.98321320932223,1.904455382509923,0 15.9836925326843,1.904455382509923,0 15.9836925326843,1.908289974802528,0 15.98417185694569,1.908289974802528,0 15.98417185694569,1.908769299063977,0 15.98465118120708,1.908769299063977,0 15.986089153092,1.908769299063977,0 15.98656847735339,1.908769299063977,0 15.98656847735339,1.904455382509923,0 15.986089153092,1.904455382509923,0 15.986089153092,1.903976058248531,0 15.98656847735339,1.903976058248531,0 15.98656847735339,1.901579438740157,0 15.98704780071546,1.901579438740157,0 15.98752712497691,1.901579438740157,0 15.98752712497691,1.901100114478766,0 15.9880064492383,1.901100114478766,0 15.9880064492383,1.900620791116637,0 15.98848577260037,1.900620791116637,0 15.98848577260037,1.900141466855246,0 15.98944442112321,1.900141466855246,0 15.98992374448528,1.900141466855246,0 15.98992374448528,1.899662142593854,0 15.99040306874667,1.899662142593854,0 15.99088239300806,1.899662142593854,0 15.99088239300806,1.899182818332463,0 15.99136171726951,1.899182818332463,0 15.99184104063158,1.899182818332463,0 15.99184104063158,1.898703494970391,0 15.99232036489298,1.898703494970391,0 15.99279968915437,1.898703494970391,0 15.99279968915437,1.898224170708943,0 15.99327901251644,1.898224170708943,0 15.99327901251644,1.897744846447552,0 15.99423766103928,1.897744846447552,0 15.99471698440135,1.897744846447552,0 15.99471698440135,1.89726552308548,0 15.99519630866274,1.89726552308548,0 15.99567563292419,1.89726552308548,0 15.99567563292419,1.896786198824088,0 15.99663428054765,1.896786198824088,0 15.99711360480904,1.896786198824088,0 15.99711360480904,1.89630687456264,0 15.99807225243256,1.89630687456264,0 15.99855157669396,1.89630687456264,0 15.99855157669396,1.895827551200569,0 15.99903090095535,1.895827551200569,0 15.99903090095535,1.895348226939177,0 15.99951022431748,1.895348226939177,0 15.99951022431748,1.894868902677786,0 15.99998954857887,1.894868902677786,0 15.99998954857887,1.894389578416337,0 16.00046887284026,1.894389578416337,0 16.00046887284026,1.893910255054266,0 16.00094819710165,1.893910255054266,0 16.00094819710165,1.893430930792874,0 16.00142752046372,1.893430930792874,0 16.00142752046372,1.892951606531483,0 16.00190684472517,1.892951606531483,0 16.00190684472517,1.892472283169354,0 16.00238616898656,1.892472283169354,0 16.00238616898656,1.891513634646572,0 16.00574143701778,1.891513634646572,0 16.00574143701778,1.891992958907963,0 16.00622076037985,1.891992958907963,0 16.00622076037985,1.892472283169354,0 16.00670008464124,1.892472283169354,0 16.00670008464124,1.892951606531483,0 16.00717940890263,1.892951606531483,0 16.00717940890263,1.893430930792874,0 16.00765873226476,1.893430930792874,0 16.00765873226476,1.893910255054266,0 16.00813805652615,1.893910255054266,0 16.00813805652615,1.894389578416337,0 16.00861738078754,1.894389578416337,0 16.00861738078754,1.895348226939177,0 16.00909670504893,1.895348226939177,0 16.00909670504893,1.895827551200569,0 16.009576028411,1.895827551200569,0 16.009576028411,1.89630687456264,0 16.01005535267245,1.89630687456264,0 16.01005535267245,1.89726552308548,0 16.01053467693384,1.89726552308548,0 16.01053467693384,1.900141466855246,0 16.01005535267245,1.900141466855246,0 16.01005535267245,1.900620791116637,0 16.00526211275633,1.900620791116637,0 16.00478278849494,1.900620791116637,0 16.00478278849494,1.901100114478766,0 16.00430346513286,1.901100114478766,0 16.00430346513286,1.901579438740157,0 16.00382414087147,1.901579438740157,0 16.00382414087147,1.902058763001548,0 16.00321024115976,1.902298425132244,0 16.00382414087147,1.90253808636362,0 16.00382414087147,1.903017410625068,0 16.00430346513286,1.903017410625068,0 16.00430346513286,1.903976058248531,0 16.00478278849494,1.903976058248531,0 16.00478278849494,1.904455382509923,0 16.00526211275633,1.904455382509923,0 16.00861738078754,1.904455382509923,0 16.00909670504893,1.904455382509923,0 16.00909670504893,1.903976058248531,0 16.009576028411,1.903976058248531,0 16.009576028411,1.90349673488646,0 16.01005535267245,1.90349673488646,0 16.01005535267245,1.903017410625068,0 16.01053467693384,1.903017410625068,0 16.01053467693384,1.90253808636362,0 16.01101400029592,1.90253808636362,0 16.01101400029592,1.902058763001548,0 16.01484859258852,1.902058763001548,0 16.01484859258852,1.90253808636362,0 16.01532791684991,1.90253808636362,0 16.01580724021204,1.90253808636362,0 16.01580724021204,1.903017410625068,0 16.01628656447343,1.903017410625068,0 16.01676588873482,1.903017410625068,0 16.01676588873482,1.90349673488646,0 16.0172452120969,1.90349673488646,0 16.02203845201302,1.90349673488646,0 16.02203845201302,1.903976058248531,0 16.02251777627441,1.903976058248531,0 16.0234764247972,1.903976058248531,0 16.0234764247972,1.904455382509923,0 16.02395574815932,1.904455382509923,0 16.02491439668211,1.904455382509923,0 16.02491439668211,1.904934706771371,0 16.02539372004418,1.904934706771371,0 16.02635236856702,1.904934706771371,0 16.02635236856702,1.905414031032763,0 16.02683169192909,1.905414031032763,0 16.02731101619048,1.905414031032763,0 16.02731101619048,1.905893354394834,0 16.02779034045187,1.905893354394834,0 16.02826966471332,1.905893354394834,0 16.02826966471332,1.906372678656226,0 16.02874898807539,1.906372678656226,0 16.02922831233678,1.906372678656226,0 16.02922831233678,1.906852002917674,0 16.02970763659818,1.906852002917674,0 16.0301869599603,1.906852002917674,0 16.0301869599603,1.907331326279746,0 16.0306662842217,1.907331326279746,0 16.0306662842217,1.907810650541137,0 16.03114560848309,1.907810650541137,0 16.03114560848309,1.908769299063977,0 16.03162493184516,1.908769299063977,0 16.03162493184516,1.910207270948831,0 16.03114560848309,1.910207270948831,0 16.03114560848309,1.911165918572351,0 16.0306662842217,1.911165918572351,0 16.0306662842217,1.911645242833743,0 16.0301869599603,1.911645242833743,0 16.0301869599603,1.912124566195814,0 16.02970763659818,1.912124566195814,0 16.02970763659818,1.912603890457206,0 16.02922831233678,1.912603890457206,0 16.02922831233678,1.913083214718654,0 16.02587304430563,1.913083214718654,0 16.02587304430563,1.912603890457206,0 16.02539372004418,1.912603890457206,0 16.02443507242072,1.912603890457206,0 16.02443507242072,1.912124566195814,0 16.02395574815932,1.912124566195814,0 16.02251777627441,1.912124566195814,0 16.02251777627441,1.911645242833743,0 16.02203845201302,1.911645242833743,0 16.0191625082432,1.911645242833743,0 16.0191625082432,1.911165918572351,0 16.01868318488113,1.911165918572351,0 16.01820386061974,1.911165918572351,0 16.01820386061974,1.910686594310903,0 16.01772453635834,1.910686594310903,0 16.0172452120969,1.910686594310903,0 16.0172452120969,1.910207270948831,0 16.01676588873482,1.910207270948831,0 16.01628656447343,1.910207270948831,0 16.01628656447343,1.90972794668744,0 16.01580724021204,1.90972794668744,0 16.01532791684991,1.90972794668744,0 16.01484859258852,1.90972794668744,0 16.01484859258852,1.910207270948831,0 16.01436926832713,1.910207270948831,0 16.01436926832713,1.910686594310903,0 16.01388994496506,1.910686594310903,0 16.01388994496506,1.912603890457206,0 16.01327604435403,1.912843552587901,0 16.01388994496506,1.913083214718654,0 16.01484859258852,1.913083214718654,0 16.01484859258852,1.913562538980045,0 16.01532791684991,1.913562538980045,0 16.01628656447343,1.913562538980045,0 16.01628656447343,1.914041862342117,0 16.01676588873482,1.914041862342117,0 16.01772453635834,1.914041862342117,0 16.01772453635834,1.914521186603508,0 16.01820386061974,1.914521186603508,0 16.0229971005358,1.914521186603508,0 16.0229971005358,1.915000510864957,0 16.0234764247972,1.915000510864957,0 16.0234764247972,1.915479834227028,0 16.02395574815932,1.915479834227028,0 16.02395574815932,1.916438482749811,0 16.0234764247972,1.916438482749811,0 16.0234764247972,1.916917806111883,0 16.0229971005358,1.916917806111883,0 16.0229971005358,1.917397130373331,0 16.02251777627441,1.917397130373331,0 16.02251777627441,1.917876454634722,0 16.02203845201302,1.917876454634722,0 16.02203845201302,1.918355778896114,0 16.02155912865089,1.918355778896114,0 16.02155912865089,1.918835102258186,0 16.0210798043895,1.918835102258186,0 16.0210798043895,1.919314426519634,0 16.02060048012811,1.919314426519634,0 16.02012115676604,1.919314426519634,0 16.02012115676604,1.919793750781025,0 16.01964183250459,1.919793750781025,0 16.0191625082432,1.919793750781025,0 16.0191625082432,1.920273074143097,0 16.01532791684991,1.920273074143097,0 16.01532791684991,1.919793750781025,0 16.01484859258852,1.919793750781025,0 16.01484859258852,1.919314426519634,0 16.01436926832713,1.919314426519634,0 16.01388994496506,1.919314426519634,0 16.01388994496506,1.918835102258186,0 16.01341062070361,1.918835102258186,0 16.00765873226476,1.918835102258186,0 16.00765873226476,1.918355778896114,0 16.00717940890263,1.918355778896114,0 16.00717940890263,1.917876454634722,0 16.00670008464124,1.917876454634722,0 16.00622076037985,1.917876454634722,0 16.00622076037985,1.917397130373331,0 16.00574143701778,1.917397130373331,0 16.00574143701778,1.916917806111883,0 16.00526211275633,1.916917806111883,0 16.00478278849494,1.916917806111883,0 16.00478278849494,1.916438482749811,0 16.00430346513286,1.916438482749811,0 16.00382414087147,1.916438482749811,0 16.00382414087147,1.91595915848842,0 16.00334481661002,1.91595915848842,0 16.00286549234863,1.91595915848842,0 16.00286549234863,1.915000510864957,0 16.00238616898656,1.915000510864957,0 16.00238616898656,1.914041862342117,0 16.00190684472517,1.914041862342117,0 16.00190684472517,1.913562538980045,0 16.00142752046372,1.913562538980045,0 16.00142752046372,1.913083214718654,0 16.00094819710165,1.913083214718654,0 16.00094819710165,1.912603890457206,0 16.00046887284026,1.912603890457206,0 16.00046887284026,1.912124566195814,0 15.99998954857887,1.912124566195814,0 15.99998954857887,1.911645242833743,0 15.99951022431748,1.911645242833743,0 15.99951022431748,1.911165918572351,0 15.99903090095535,1.911165918572351,0 15.99903090095535,1.910686594310903,0 15.99855157669396,1.910686594310903,0 15.99855157669396,1.910207270948831,0 15.99807225243256,1.910207270948831,0 15.99807225243256,1.90972794668744,0 15.99759292907049,1.90972794668744,0 15.99759292907049,1.909248622426048,0 15.99711360480904,1.909248622426048,0 15.99663428054765,1.909248622426048,0 15.99663428054765,1.908769299063977,0 15.99615495718558,1.908769299063977,0 15.99279968915437,1.908769299063977,0 15.99232036489298,1.908769299063977,0 15.99232036489298,1.910207270948831,0 15.99279968915437,1.910207270948831,0 15.99279968915437,1.912124566195814,0 15.99327901251644,1.912124566195814,0 15.99375833677789,1.912124566195814,0 15.99375833677789,1.912603890457206,0 15.99423766103928,1.912603890457206,0 15.99471698440135,1.912603890457206,0 15.99471698440135,1.913083214718654,0 15.99519630866274,1.913083214718654,0 15.99519630866274,1.913562538980045,0 15.99567563292419,1.913562538980045,0 15.99615495718558,1.913562538980045,0 15.99615495718558,1.914041862342117,0 15.99663428054765,1.914041862342117,0 15.99711360480904,1.914041862342117,0 15.99711360480904,1.914521186603508,0 15.99759292907049,1.914521186603508,0 15.99759292907049,1.915479834227028,0 15.99807225243256,1.915479834227028,0 15.99807225243256,1.916438482749811,0 15.99855157669396,1.916438482749811,0 15.99855157669396,1.917397130373331,0 15.99807225243256,1.917397130373331,0 15.99807225243256,1.917876454634722,0 15.99759292907049,1.917876454634722,0 15.99711360480904,1.917876454634722,0 15.99711360480904,1.918355778896114,0 15.99519630866274,1.918355778896114,0 15.99519630866274,1.917876454634722,0 15.99471698440135,1.917876454634722,0 15.99375833677789,1.917876454634722,0 15.99375833677789,1.917397130373331,0 15.99327901251644,1.917397130373331,0 15.99212458608082,1.917113584924039,0 15.98656847735339,1.916917806111883,0 15.986089153092,1.916917806111883,0 15.986089153092,1.919314426519634,0 15.98656847735339,1.919314426519634,0 15.98752712497691,1.919314426519634,0 15.98752712497691,1.919793750781025,0 15.9880064492383,1.919793750781025,0 15.98848577260037,1.919793750781025,0 15.98848577260037,1.920273074143097,0 15.98896509686176,1.920273074143097,0 15.98944442112321,1.920273074143097,0 15.98944442112321,1.920752398404488,0 15.98992374448528,1.920752398404488,0 15.98992374448528,1.921231722665937,0 15.99040306874667,1.921231722665937,0 15.99184104063158,1.921231722665937,0 15.99184104063158,1.921711046028008,0 15.99232036489298,1.921711046028008,0 15.99711360480904,1.921711046028008,0 15.99759292907049,1.921711046028008,0 15.99759292907049,1.921231722665937,0 15.99855157669396,1.921231722665937,0 15.99903090095535,1.921231722665937,0 15.99903090095535,1.920752398404488,0 16.00574143701778,1.920752398404488,0 16.00574143701778,1.921231722665937,0 16.00622076037985,1.921231722665937,0 16.00813805652615,1.921231722665937,0 16.00813805652615,1.921711046028008,0 16.00861738078754,1.921711046028008,0 16.00861738078754,1.9221903702894,0 16.00909670504893,1.9221903702894,0 16.01628656447343,1.9221903702894,0 16.01628656447343,1.922669694550791,0 16.01676588873482,1.922669694550791,0 16.01676588873482,1.923149018812239,0 16.0172452120969,1.923149018812239,0 16.0172452120969,1.924107666435702,0 16.01772453635834,1.924107666435702,0 16.01772453635834,1.92842158209038,0 16.0172452120969,1.92842158209038,0 16.0172452120969,1.929380230613219,0 16.01676588873482,1.929380230613219,0 16.01676588873482,1.930338878236682,0 16.01628656447343,1.930338878236682,0 16.01628656447343,1.930818202498074,0 16.01580724021204,1.930818202498074,0 16.01532791684991,1.930818202498074,0 16.01532791684991,1.931297525860202,0 16.01484859258852,1.931297525860202,0 16.01484859258852,1.931776850121594,0 16.01436926832713,1.931776850121594,0 16.01436926832713,1.932256174382985,0 16.01388994496506,1.932256174382985,0 16.01388994496506,1.932735498644377,0 16.01341062070361,1.932735498644377,0 16.01341062070361,1.933214822006505,0 16.01293129644222,1.933214822006505,0 16.01245197218083,1.933214822006505,0 16.01245197218083,1.933694146267897,0 16.01149332455731,1.933694146267897,0 16.01101400029592,1.933694146267897,0 16.01101400029592,1.934173470529288,0 16.01005535267245,1.934173470529288,0 16.009576028411,1.934173470529288,0 16.009576028411,1.93465279389136,0 16.00909670504893,1.93465279389136,0 16.00861738078754,1.93465279389136,0 16.00861738078754,1.935132118152751,0 16.00765873226476,1.935132118152751,0 16.00717940890263,1.935132118152751,0 16.00717940890263,1.935611442414199,0 16.00670008464124,1.935611442414199,0 16.00622076037985,1.935611442414199,0 16.00622076037985,1.936090765776271,0 16.00526211275633,1.936090765776271,0 16.00478278849494,1.936090765776271,0 16.00478278849494,1.936570090037662,0 16.00238616898656,1.936570090037662,0 16.00190684472517,1.936570090037662,0 16.00190684472517,1.937049414299054,0 16.00142752046372,1.937049414299054,0 16.00142752046372,1.937528738560502,0 16.00094819710165,1.937528738560502,0 16.00046887284026,1.937528738560502,0 16.00046887284026,1.938008061922574,0 15.99998954857887,1.938008061922574,0 15.99951022431748,1.938008061922574,0 15.99951022431748,1.938487386183965,0 15.99855157669396,1.938487386183965,0 15.99855157669396,1.938008061922574,0 15.99807225243256,1.938008061922574,0 15.99807225243256,1.937528738560502,0 15.99759292907049,1.937528738560502,0 15.99711360480904,1.937528738560502,0 15.99711360480904,1.937049414299054,0 15.99663428054765,1.937049414299054,0 15.99663428054765,1.936570090037662,0 15.99615495718558,1.936570090037662,0 15.99567563292419,1.936570090037662,0 15.99567563292419,1.936090765776271,0 15.99519630866274,1.936090765776271,0 15.99471698440135,1.936090765776271,0 15.99471698440135,1.935611442414199,0 15.99423766103928,1.935611442414199,0 15.99375833677789,1.935611442414199,0 15.99375833677789,1.93465279389136,0 15.99327901251644,1.93465279389136,0 15.99327901251644,1.933694146267897,0 15.99279968915437,1.933694146267897,0 15.99279968915437,1.932735498644377,0 15.99232036489298,1.932735498644377,0 15.99232036489298,1.932256174382985,0 15.99184104063158,1.932256174382985,0 15.99184104063158,1.931776850121594,0 15.99136171726951,1.931776850121594,0 15.99088239300806,1.931776850121594,0 15.99088239300806,1.931297525860202,0 15.99040306874667,1.931297525860202,0 15.98992374448528,1.931297525860202,0 15.98992374448528,1.930338878236682,0 15.98944442112321,1.930338878236682,0 15.98944442112321,1.929859553975291,0 15.98896509686176,1.929859553975291,0 15.98896509686176,1.929380230613219,0 15.98848577260037,1.929380230613219,0 15.98848577260037,1.927942258728308,0 15.9880064492383,1.927942258728308,0 15.9880064492383,1.926983610205468,0 15.98752712497691,1.926983610205468,0 15.98752712497691,1.926504285944077,0 15.98704780071546,1.926504285944077,0 15.98704780071546,1.926024962582005,0 15.98656847735339,1.926024962582005,0 15.986089153092,1.926024962582005,0 15.986089153092,1.925545638320614,0 15.986089153092,1.925066314059222,0 15.9856098288306,1.925066314059222,0 15.98513050456916,1.925066314059222,0 15.98513050456916,1.923628342174311,0 15.98465118120708,1.923628342174311,0 15.98465118120708,1.9221903702894,0 15.98417185694569,1.9221903702894,0 15.98417185694569,1.921231722665937,0 15.9836925326843,1.921231722665937,0 15.9836925326843,1.917876454634722,0 15.98321320932223,1.917876454634722,0 15.98321320932223,1.916438482749811,0 15.98273388506078,1.916438482749811,0 15.98273388506078,1.915479834227028,0 15.98225456079939,1.915479834227028,0 15.98225456079939,1.915000510864957,0 15.98177523743732,1.915000510864957,0 15.98129591317593,1.915000510864957,0 15.98081658891448,1.915000510864957,0 15.98081658891448,1.915479834227028,0 15.98033726465309,1.915479834227028,0 15.97972336494138,1.915719496357724,0 15.98033726465309,1.91595915848842,0 15.98033726465309,1.919314426519634,0 15.97985794129102,1.919314426519634,0 15.97985794129102,1.918835102258186,0 15.97937861702962,1.918835102258186,0 15.97889929276818,1.918835102258186,0 15.97889929276818,1.918355778896114,0 15.9784199694061,1.918355778896114,0 15.9784199694061,1.917876454634722,0 15.97794064514471,1.917876454634722,0 15.97746132088332,1.917876454634722,0 15.97746132088332,1.917397130373331,0 15.97698199752119,1.917397130373331,0 15.9765026732598,1.917397130373331,0 15.9765026732598,1.916917806111883,0 15.97602334899841,1.916917806111883,0 15.97314740522864,1.916917806111883,0 15.97253350551694,1.917157468242635,0 15.97314740522864,1.917397130373331,0 15.97314740522864,1.917876454634722,0 15.97362672949004,1.917876454634722,0 15.97362672949004,1.918835102258186,0 15.97410605285211,1.918835102258186,0 15.97410605285211,1.919793750781025,0 15.9745853771135,1.919793750781025,0 15.97506470137489,1.919793750781025,0 15.97506470137489,1.920273074143097,0 15.97554402473702,1.920273074143097,0 15.97554402473702,1.920752398404488,0 15.97602334899841,1.920752398404488,0 15.97602334899841,1.921231722665937,0 15.9765026732598,1.921231722665937,0 15.97985794129102,1.921231722665937,0 15.97985794129102,1.921711046028008,0 15.98033726465309,1.921711046028008,0 15.98033726465309,1.9221903702894,0 15.98081658891448,1.9221903702894,0 15.98081658891448,1.923149018812239,0 15.98129591317593,1.923149018812239,0 15.98129591317593,1.923628342174311,0 15.98177523743732,1.923628342174311,0 15.98177523743732,1.924107666435702,0 15.98225456079939,1.924107666435702,0 15.98225456079939,1.925066314059222,0 15.98273388506078,1.925066314059222,0 15.98273388506078,1.925545638320614,0 15.98321320932223,1.925545638320614,0 15.98321320932223,1.926024962582005,0 15.9836925326843,1.926024962582005,0 15.9836925326843,1.926504285944077,0 15.98417185694569,1.926504285944077,0 15.98417185694569,1.926983610205468,0 15.98465118120708,1.926983610205468,0 15.98465118120708,1.927942258728308,0 15.98513050456916,1.927942258728308,0 15.98513050456916,1.92842158209038,0 15.9856098288306,1.92842158209038,0 15.9856098288306,1.928900906351771,0 15.986089153092,1.928900906351771,0 15.986089153092,1.929380230613219,0 15.98656847735339,1.929380230613219,0 15.98656847735339,1.929859553975291,0 15.98704780071546,1.929859553975291,0 15.98704780071546,1.930818202498074,0 15.98752712497691,1.930818202498074,0 15.98752712497691,1.931776850121594,0 15.9880064492383,1.931776850121594,0 15.9880064492383,1.932735498644377,0 15.98848577260037,1.932735498644377,0 15.98848577260037,1.933694146267897,0 15.98896509686176,1.933694146267897,0 15.98896509686176,1.935132118152751,0 15.98944442112321,1.935132118152751,0 15.98992374448528,1.935132118152751,0 15.98992374448528,1.935611442414199,0 15.99040306874667,1.935611442414199,0 15.99040306874667,1.936090765776271,0 15.99088239300806,1.936090765776271,0 15.99088239300806,1.936570090037662,0 15.99136171726951,1.936570090037662,0 15.99136171726951,1.937049414299054,0 15.99184104063158,1.937049414299054,0 15.99184104063158,1.937528738560502,0 15.99232036489298,1.937528738560502,0 15.99232036489298,1.938008061922574,0 15.99279968915437,1.938008061922574,0 15.99279968915437,1.938966710445357,0 15.99327901251644,1.938966710445357,0 15.99615495718558,1.938966710445357,0 15.99615495718558,1.939925358068876,0 15.99567563292419,1.939925358068876,0 15.99567563292419,1.940404682330268,0 15.99519630866274,1.940404682330268,0 15.99519630866274,1.94088400569234,0 15.99471698440135,1.94088400569234,0 15.99471698440135,1.941363329953788,0 15.99327901251644,1.941363329953788,0 15.99279968915437,1.941363329953788,0 15.99279968915437,1.941842654215179,0 15.99088239300806,1.941842654215179,0 15.99040306874667,1.941842654215179,0 15.99040306874667,1.942321978476571,0 15.98848577260037,1.942321978476571,0 15.9880064492383,1.942321978476571,0 15.9880064492383,1.942801301838642,0 15.98129591317593,1.942801301838642,0 15.98081658891448,1.942801301838642,0 15.98081658891448,1.946635894131248,0 15.98020268920277,1.946875556261944,0 15.98081658891448,1.947115218392639,0 15.98225456079939,1.947115218392639,0 15.98225456079939,1.947594541754768,0 15.98273388506078,1.947594541754768,0 15.98321320932223,1.947594541754768,0 15.98321320932223,1.948073866016159,0 15.98273388506078,1.948073866016159,0 15.98225456079939,1.948073866016159,0 15.98225456079939,1.948553190277551,0 15.98177523743732,1.948553190277551,0 15.98129591317593,1.948553190277551,0 15.98129591317593,1.949032513639622,0 15.98081658891448,1.949032513639622,0 15.98033726465309,1.949032513639622,0 15.98033726465309,1.949511837901071,0 15.97985794129102,1.949511837901071,0 15.97985794129102,1.949991162162462,0 15.97937861702962,1.949991162162462,0 15.97889929276818,1.949991162162462,0 15.97889929276818,1.950470485524534,0 15.9784199694061,1.950470485524534,0 15.97794064514471,1.950470485524534,0 15.97794064514471,1.950949809785925,0 15.97746132088332,1.950949809785925,0 15.97746132088332,1.951429134047373,0 15.97698199752119,1.951429134047373,0 15.97698199752119,1.951908458308765,0 15.9765026732598,1.951908458308765,0 15.9765026732598,1.953346430193619,0 15.97602334899841,1.953346430193619,0 15.97602334899841,1.954784402078531,0 15.97170943334373,1.954784402078531,0 15.97123010908234,1.954784402078531,0 15.97123010908234,1.955263726339922,0 15.96691619342761,1.955263726339922,0 15.96691619342761,1.954784402078531,0 15.96643686916622,1.954784402078531,0 15.96404024965784,1.954784402078531,0 15.96356092539645,1.954784402078531,0 15.96356092539645,1.955263726339922,0 15.96308160113506,1.955263726339922,0 15.96308160113506,1.956222373963442,0 15.96260227777293,1.956222373963442,0 15.96260227777293,1.956701698224833,0 15.9619883771619,1.956941359456209,0 15.96260227777293,1.957181021586905,0 15.96308160113506,1.957181021586905,0 15.96308160113506,1.957660345848353,0 15.96356092539645,1.957660345848353,0 15.96451957301991,1.957660345848353,0 15.96451957301991,1.958139670109745,0 15.96499889728136,1.958139670109745,0 15.96547822154275,1.958139670109745,0 15.96547822154275,1.958618993471816,0 15.96595754490483,1.958618993471816,0 15.96739551768906,1.958618993471816,0 15.96787484105113,1.958618993471816,0 15.96787484105113,1.958139670109745,0 15.96931281293604,1.958139670109745,0 15.96979213719743,1.958139670109745,0 15.96979213719743,1.957660345848353,0 15.97218875760512,1.957660345848353,0 15.97218875760512,1.958618993471816,0 15.9726680809672,1.958618993471816,0 15.9726680809672,1.959577641994656,0 15.96979213719743,1.959577641994656,0 15.96931281293604,1.959577641994656,0 15.96931281293604,1.960056966256047,0 15.96883348957391,1.960056966256047,0 15.96883348957391,1.960536289618119,0 15.96835416531252,1.960536289618119,0 15.96787484105113,1.960536289618119,0 15.96787484105113,1.961015613879511,0 15.96739551768906,1.961015613879511,0 15.96691619342761,1.961015613879511,0 15.96691619342761,1.961494938140959,0 15.96643686916622,1.961494938140959,0 15.96595754490483,1.961494938140959,0 15.96595754490483,1.96197426150303,0 15.96547822154275,1.96197426150303,0 15.96499889728136,1.96197426150303,0 15.96499889728136,1.962453585764422,0 15.96116430498876,1.962453585764422,0 15.96068498162663,1.962453585764422,0 15.96068498162663,1.962932910025813,0 15.96020565736524,1.962932910025813,0 15.96020565736524,1.963412233387885,0 15.95972633310385,1.963412233387885,0 15.95972633310385,1.963891557649333,0 15.95924700974177,1.963891557649333,0 15.95924700974177,1.964370881910725,0 15.95876768548033,1.964370881910725,0 15.95876768548033,1.964850206172116,0 15.95828836121893,1.964850206172116,0 15.95828836121893,1.965329529534188,0 15.95780903785686,1.965329529534188,0 15.95732971359547,1.965329529534188,0 15.95732971359547,1.965808853795636,0 15.95685038933402,1.965808853795636,0 15.95637106507263,1.965808853795636,0 15.95637106507263,1.966288178057027,0 15.95397444556426,1.966288178057027,0 15.95349512130287,1.966288178057027,0 15.95349512130287,1.966767501419099,0 15.95301579704147,1.966767501419099,0 15.95301579704147,1.967246825680491,0 15.95253647367935,1.967246825680491,0 15.95253647367935,1.967568216400139,0 15.92894869802404,1.950800008813417,0 15.91982529440185,1.940288256098199,0 15.91980681153518,1.940268036640646,0 15.91616315250752,1.940918799563008,0 15.91435553048342,1.941959434780131,0 15.91195427496984,1.943517811497827,0 15.90880319800925,1.944821842853798,0 15.90686656733828,1.94625250684777,0 15.90508242301547,1.947211085223444,0 15.90157180249673,1.947685054022088,0 15.89877546941244,1.946983180829193,0 15.89692136682766,1.946517804153359,0 15.89407924476137,1.945349605499928,0 15.89214092246567,1.943531060310249,0 15.89065259484141,1.941919978823989,0 15.89076662977618,1.941707567949948,0 15.89747065204898,1.90878038770478,0 15.89748999736554,1.908685475953973,0 15.89636717400595,1.908686076701144,0 15.89470740502276,1.90868696792927,0 15.89317511673829,1.908302345876621,0 15.89100430710312,1.907661036627587,0 15.88857808281233,1.90689152182631,0 15.88730140343705,1.906892197217189,0 15.88615242149712,1.907149647937956,0 15.88500365359579,1.907664216630337,0 15.88436512954712,1.907407527635314,0 15.88398172877379,1.906765343345967,0 15.88359840174491,1.906123156358603,0 15.88303449444641,1.905839781780571,0 15.88303449444641,1.905414031032763,0 15.88686908673901,1.905414031032763,0 15.88686908673901,1.905893354394834,0 15.88734841010108,1.905893354394834,0 15.88782773436248,1.905893354394834,0 15.88782773436248,1.906372678656226,0 15.88830705862392,1.906372678656226,0 15.88878638288531,1.906372678656226,0 15.88878638288531,1.906852002917674,0 15.88926570624739,1.906852002917674,0 15.89214165001721,1.906852002917674,0 15.8926209742786,1.906852002917674,0 15.8926209742786,1.906372678656226,0 15.89501759468629,1.906372678656226,0 15.89549691804837,1.906372678656226,0 15.89549691804837,1.905893354394834,0 15.89645556657121,1.905893354394834,0 15.89693488993328,1.905893354394834,0 15.89693488993328,1.905414031032763,0 15.90124880648727,1.905414031032763,0 15.90124880648727,1.905893354394834,0 15.90172812984935,1.905893354394834,0 15.90220745411079,1.905893354394834,0 15.90220745411079,1.906372678656226,0 15.90268677837219,1.906372678656226,0 15.90316610263358,1.906372678656226,0 15.90316610263358,1.906852002917674,0 15.90364542599565,1.906852002917674,0 15.90412475025704,1.906852002917674,0 15.90412475025704,1.907331326279746,0 15.90460407451849,1.907331326279746,0 15.90460407451849,1.907810650541137,0 15.90508339788056,1.907810650541137,0 15.90556272214195,1.907810650541137,0 15.90556272214195,1.908289974802528,0 15.90604204640334,1.908289974802528,0 15.90604204640334,1.908769299063977,0 15.90652136976547,1.908769299063977,0 15.90652136976547,1.90972794668744,0 15.90700069402686,1.90972794668744,0 15.90700069402686,1.913562538980045,0 15.90652136976547,1.913562538980045,0 15.90652136976547,1.914041862342117,0 15.90604204640334,1.914041862342117,0 15.90556272214195,1.914041862342117,0 15.90556272214195,1.914521186603508,0 15.90508339788056,1.914521186603508,0 15.90508339788056,1.915000510864957,0 15.90460407451849,1.915000510864957,0 15.90460407451849,1.915479834227028,0 15.90412475025704,1.915479834227028,0 15.90364542599565,1.915479834227028,0 15.90364542599565,1.916917806111883,0 15.90412475025704,1.916917806111883,0 15.90412475025704,1.917876454634722,0 15.90460407451849,1.917876454634722,0 15.90460407451849,1.918355778896114,0 15.90508339788056,1.918355778896114,0 15.90556272214195,1.918355778896114,0 15.90604204640334,1.918355778896114,0 15.90604204640334,1.917876454634722,0 15.90652136976547,1.917876454634722,0 15.90652136976547,1.917397130373331,0 15.90700069402686,1.917397130373331,0 15.90700069402686,1.916917806111883,0 15.90748001828825,1.916917806111883,0 15.90748001828825,1.916438482749811,0 15.90795934254965,1.916438482749811,0 15.90795934254965,1.91595915848842,0 15.90843866591177,1.91595915848842,0 15.90843866591177,1.915479834227028,0 15.90891799017317,1.915479834227028,0 15.90891799017317,1.914521186603508,0 15.90939731443456,1.914521186603508,0 15.90939731443456,1.913562538980045,0 15.90987663779663,1.913562538980045,0 15.90987663779663,1.914041862342117,0 15.91035596205808,1.914041862342117,0 15.91035596205808,1.918835102258186,0 15.91083528631947,1.918835102258186,0 15.91083528631947,1.920273074143097,0 15.91131461058086,1.920273074143097,0 15.91131461058086,1.921711046028008,0 15.91179393394293,1.921711046028008,0 15.91227325820438,1.921711046028008,0 15.91227325820438,1.9221903702894,0 15.91275258246577,1.9221903702894,0 15.91323190582784,1.9221903702894,0 15.91371123008923,1.9221903702894,0 15.91371123008923,1.921711046028008,0 15.91419055435063,1.921711046028008,0 15.91419055435063,1.921231722665937,0 15.91466987771275,1.921231722665937,0 15.91466987771275,1.920752398404488,0 15.91514920197415,1.920752398404488,0 15.91514920197415,1.919793750781025,0 15.91562852623554,1.919793750781025,0 15.91562852623554,1.917876454634722,0 15.91514920197415,1.917876454634722,0 15.91514920197415,1.916917806111883,0 15.91466987771275,1.916917806111883,0 15.91466987771275,1.914041862342117,0 15.91419055435063,1.914041862342117,0 15.91419055435063,1.913562538980045,0 15.91371123008923,1.913562538980045,0 15.91371123008923,1.913083214718654,0 15.91323190582784,1.913083214718654,0 15.91275258246577,1.913083214718654,0 15.91275258246577,1.912603890457206,0 15.91227325820438,1.912603890457206,0 15.91227325820438,1.912124566195814,0 15.91179393394293,1.912124566195814,0 15.91131461058086,1.912124566195814,0 15.91131461058086,1.911165918572351,0 15.91083528631947,1.911165918572351,0 15.91083528631947,1.910686594310903,0 15.91035596205808,1.910686594310903,0 15.91035596205808,1.910207270948831,0 15.90987663779663,1.910207270948831,0 15.90987663779663,1.90972794668744,0 15.90939731443456,1.90972794668744,0 15.90939731443456,1.908769299063977,0 15.90891799017317,1.908769299063977,0 15.90891799017317,1.907810650541137,0 15.90843866591177,1.907810650541137,0 15.90843866591177,1.907331326279746,0 15.90795934254965,1.907331326279746,0 15.90795934254965,1.906852002917674,0 15.90748001828825,1.906852002917674,0 15.90748001828825,1.906372678656226,0 15.90700069402686,1.906372678656226,0 15.90700069402686,1.905893354394834,0 15.90652136976547,1.905893354394834,0 15.90652136976547,1.905414031032763,0 15.90604204640334,1.905414031032763,0 15.90604204640334,1.904934706771371,0 15.90556272214195,1.904934706771371,0 15.90556272214195,1.904455382509923,0 15.90508339788056,1.904455382509923,0 15.90508339788056,1.903976058248531,0 15.90460407451849,1.903976058248531,0 15.90316610263358,1.903976058248531,0 15.90316610263358,1.90349673488646,0 15.90268677837219,1.90349673488646,0 15.90076948222588,1.90349673488646,0 15.90076948222588,1.90253808636362,0 15.90029015796449,1.90253808636362,0 15.90029015796449,1.902058763001548,0 15.89981083460236,1.902058763001548,0 15.89981083460236,1.901579438740157,0 15.89933151034097,1.901579438740157,0 15.89933151034097,1.900141466855246,0 15.89885218607958,1.900141466855246,0 15.89885218607958,1.899182818332463,0 15.89837286271751,1.899182818332463,0 15.89837286271751,1.898224170708943,0 15.89789353845606,1.898224170708943,0 15.89789353845606,1.89726552308548,0 15.89741421419467,1.89726552308548,0 15.89741421419467,1.89630687456264,0 15.89693488993328,1.89630687456264,0 15.89693488993328,1.895827551200569,0 15.89645556657121,1.895827551200569,0 15.89645556657121,1.895348226939177,0 15.89597624230976,1.895348226939177,0 15.8945382704249,1.895348226939177,0 15.89405894616351,1.895348226939177,0 15.89405894616351,1.896786198824088,0 15.8945382704249,1.896786198824088,0 15.8945382704249,1.89726552308548,0 15.89501759468629,1.89726552308548,0 15.89501759468629,1.898224170708943,0 15.89549691804837,1.898224170708943,0 15.89549691804837,1.899182818332463,0 15.89597624230976,1.899182818332463,0 15.89597624230976,1.899662142593854,0 15.89645556657121,1.899662142593854,0 15.89645556657121,1.900620791116637,0 15.89693488993328,1.900620791116637,0 15.89693488993328,1.902058763001548,0 15.89645556657121,1.902058763001548,0 15.89645556657121,1.90253808636362,0 15.89597624230976,1.90253808636362,0 15.89597624230976,1.903017410625068,0 15.89549691804837,1.903017410625068,0 15.89549691804837,1.90349673488646,0 15.89501759468629,1.90349673488646,0 15.89501759468629,1.903976058248531,0 15.88974503050878,1.903976058248531,0 15.88974503050878,1.90349673488646,0 15.88926570624739,1.90349673488646,0 15.88782773436248,1.90349673488646,0 15.88782773436248,1.903017410625068,0 15.88830705862392,1.903017410625068,0 15.88830705862392,1.90253808636362,0 15.88878638288531,1.90253808636362,0 15.88878638288531,1.902058763001548,0 15.88926570624739,1.902058763001548,0 15.88926570624739,1.901579438740157,0 15.88974503050878,1.901579438740157,0 15.89022435477023,1.901579438740157,0 15.89022435477023,1.901100114478766,0 15.8907036781323,1.901100114478766,0 15.8907036781323,1.900141466855246,0 15.89118300239369,1.900141466855246,0 15.89118300239369,1.898224170708943,0 15.8907036781323,1.898224170708943,0 15.8907036781323,1.897744846447552,0 15.89022435477023,1.897744846447552,0 15.88974503050878,1.897744846447552,0 15.88926570624739,1.897744846447552,0 15.88926570624739,1.898224170708943,0 15.88878638288531,1.898224170708943,0 15.88878638288531,1.898703494970391,0 15.88830705862392,1.898703494970391,0 15.88830705862392,1.899182818332463,0 15.88782773436248,1.899182818332463,0 15.88782773436248,1.899662142593854,0 15.88734841010108,1.899662142593854,0 15.88734841010108,1.900141466855246,0 15.88686908673901,1.900141466855246,0 15.88686908673901,1.900620791116637,0 15.88638976247762,1.900620791116637,0 15.88638976247762,1.901100114478766,0 15.88591043821623,1.901100114478766,0 15.88591043821623,1.901579438740157,0 15.8854311148541,1.901579438740157,0 15.8854311148541,1.902058763001548,0 15.88447246633132,1.902058763001548,0 15.88399314296925,1.902058763001548,0 15.88399314296925,1.90253808636362,0 15.88207584682294,1.90253808636362,0 15.88207584682294,1.902058763001548,0 15.8815965225615,1.902058763001548,0 15.87824125453034,1.902058763001548,0 15.87824125453034,1.901579438740157,0 15.87776193026889,1.901579438740157,0 15.87776193026889,1.901100114478766,0 15.87728260690682,1.901100114478766,0 15.87680328264543,1.901100114478766,0 15.87680328264543,1.899662142593854,0 15.87728260690682,1.899662142593854,0 15.87776193026889,1.899662142593854,0 15.87776193026889,1.899182818332463,0 15.87824125453034,1.899182818332463,0 15.87824125453034,1.898703494970391,0 15.87967922641519,1.898703494970391,0 15.88015855067664,1.898703494970391,0 15.88015855067664,1.898224170708943,0 15.88063787493803,1.898224170708943,0 15.8811171983001,1.898224170708943,0 15.8811171983001,1.897744846447552,0 15.8815965225615,1.897744846447552,0 15.8815965225615,1.89726552308548,0 15.88207584682294,1.89726552308548,0 15.88207584682294,1.896786198824088,0 15.88255517018502,1.896786198824088,0 15.88303449444641,1.896786198824088,0 15.88303449444641,1.89630687456264,0 15.8835138187078,1.89630687456264,0 15.88399314296925,1.89630687456264,0 15.88399314296925,1.895827551200569,0 15.88447246633132,1.895827551200569,0 15.88447246633132,1.895348226939177,0 15.88495179059271,1.895348226939177,0 15.88495179059271,1.894868902677786,0 15.8854311148541,1.894868902677786,0 15.8854311148541,1.893430930792874,0 15.88495179059271,1.893430930792874,0 15.88495179059271,1.892951606531483,0 15.88447246633132,1.892951606531483,0 15.88447246633132,1.892472283169354,0 15.88399314296925,1.892472283169354,0 15.88303449444641,1.892472283169354,0 15.88255517018502,1.892472283169354,0 15.88255517018502,1.892951606531483,0 15.88207584682294,1.892951606531483,0 15.88207584682294,1.893430930792874,0 15.8815965225615,1.893430930792874,0 15.8815965225615,1.893910255054266,0 15.8811171983001,1.893910255054266,0 15.88063787493803,1.893910255054266,0 15.88063787493803,1.894389578416337,0 15.87967922641519,1.894389578416337,0 15.87919990305312,1.894389578416337,0 15.87919990305312,1.894868902677786,0 15.87872057879173,1.894868902677786,0 15.87872057879173,1.895348226939177,0 15.87824125453034,1.895348226939177,0 15.87776193026889,1.895348226939177,0 15.87776193026889,1.895827551200569,0 15.87728260690682,1.895827551200569,0 15.87680328264543,1.895827551200569,0 15.87680328264543,1.89630687456264,0 15.87616293567101,1.896625176111058,0 15.87488598649912,1.896786198824088,0 15.87488598649912,1.89630687456264,0 15.87536531076052,1.89630687456264,0 15.87536531076052,1.894868902677786,0 15.87584463502196,1.894868902677786,0 15.87632395838404,1.894868902677786,0 15.87632395838404,1.894389578416337,0 15.87680328264543,1.894389578416337,0 15.87680328264543,1.893910255054266,0 15.87728260690682,1.893910255054266,0 15.87728260690682,1.893430930792874,0 15.87776193026889,1.893430930792874,0 15.87776193026889,1.892951606531483,0 15.87824125453034,1.892951606531483,0 15.87824125453034,1.891992958907963,0 15.87872057879173,1.891992958907963,0 15.87872057879173,1.891513634646572,0 15.87919990305312,1.891513634646572,0 15.87919990305312,1.890554987023108,0 15.87967922641519,1.890554987023108,0 15.87967922641519,1.889596338500269,0 15.88015855067664,1.889596338500269,0 15.88015855067664,1.887679043253286,0 15.87967922641519,1.887679043253286,0 15.87872057879173,1.887679043253286,0 15.87824125453034,1.887679043253286,0 15.87824125453034,1.888158366615357,0 15.87776193026889,1.888158366615357,0 15.87776193026889,1.888637690876806,0 15.87728260690682,1.888637690876806,0 15.87728260690682,1.889596338500269,0 15.87680328264543,1.889596338500269,0 15.87680328264543,1.89007566276166,0 15.87632395838404,1.89007566276166,0 15.87632395838404,1.890554987023108,0 15.87584463502196,1.890554987023108,0 15.87584463502196,1.8910343112845,0 15.87536531076052,1.8910343112845,0 15.87536531076052,1.891513634646572,0 15.87488598649912,1.891513634646572,0 15.87488598649912,1.891992958907963,0 15.87440666313705,1.891992958907963,0 15.87440666313705,1.892472283169354,0 15.87296869035282,1.892472283169354,0 15.87296869035282,1.891992958907963,0 15.87248936699075,1.891992958907963,0 15.87201004272936,1.891992958907963,0 15.87201004272936,1.891513634646572,0 15.87153071846791,1.891513634646572,0 15.87105139510584,1.891513634646572,0 15.87105139510584,1.8910343112845,0 15.87057207084445,1.8910343112845,0 15.86961342322093,1.8910343112845,0 15.86961342322093,1.890554987023108,0 15.86913409895954,1.890554987023108,0 15.86913409895954,1.89007566276166,0 15.86865477469814,1.89007566276166,0 15.86865477469814,1.889596338500269,0 15.86817545043675,1.889596338500269,0 15.86769612707468,1.889596338500269,0 15.86769612707468,1.889117015138197,0 15.86721680281323,1.889117015138197,0 15.85924604496904,1.8887842327062,0 15.855003175756,1.885033633495425,0 15.85227274948784,1.884572564572238,0 15.84877196395502,1.88601053645715,0 15.8472800669216,1.886482898167287,0 15.84328521274244,1.893278099105032,0 15.83988689506418,1.897299488680517,0 15.83629127062568,1.899413353243688,0 15.83446996901392,1.900666605279639,0 15.83417255242142,1.900588674527739,0 15.83271237537588,1.891960976318046,0 15.83181225293316,1.889412225693718,0 15.831955631847,1.88917453127965,0 15.83153802266168,1.884532572620174,0 15.83126750299294,1.882885803337217,0 15.832683336267,1.883091937842721,0 15.83343644113887,1.885301877879385,0 15.83546857351593,1.885934823433388,0 15.83612146333491,1.883838716883304,0 15.83491935034778,1.881630562000908,0 15.83240889645344,1.87886848049601,0 15.83195177015813,1.877527051732102,0 15.83156408231662,1.882223748527224,0 15.83126750299294,1.882885803337217,0</coordinates></LinearRing></outerBoundaryIs>
          <innerBoundaryIs><LinearRing><coordinates> 15.85110682521986,1.877352220828357,0 15.84925563284122,1.881802964735073,0 15.8497971757991,1.884549950220048,0 15.8516819983256,1.88409034449387,0 15.85162384546413,1.883114640328415,0 15.85226913691116,1.881927154814377,0 15.85117292898752,1.879909863049761,0 15.85274212634812,1.878844607992335,0 15.85454167605758,1.881420857186868,0 15.85622690934446,1.884070625958657,0 15.85785650517363,1.883444438809875,0 15.85718505964286,1.880105115758511,0 15.85599313507515,1.878771118092686,0 15.8549677622525,1.877854949046707,0 15.85079662836176,1.873159188445811,0 15.84926588691121,1.870342253692115,0 15.84895501646088,1.865126591419084,0 15.8542400065711,1.864419746773933,0 15.85545988566526,1.862174875270341,0 15.85464473656538,1.861898907508646,0 15.85048664284432,1.862146731886242,0 15.84922867386428,1.86156937252855,0 15.84877630857983,1.86106307490104,0 15.84530110696056,1.859727116713088,0 15.84347678542537,1.856776132612481,0 15.84302442104024,1.854352538838668,0 15.84229409779442,1.851625710758015,0 15.84491475731028,1.84928417922157,0 15.84442498922192,1.848544128908486,0 15.84002916511395,1.848806141890009,0 15.83580760173948,1.848148300403807,0 15.83558141954694,1.847895151140335,0 15.83368466121817,1.848249173760394,0 15.83439658883157,1.849559298922543,0 15.83484895411601,1.850544920811501,0 15.83834383649889,1.851089513370368,0 15.8407358343913,1.854004894210561,0 15.84055180971831,1.857092502417117,0 15.84251813780185,1.860610724005767,0 15.843831371021,1.86178407937183,0 15.8429974620633,1.864897666294326,0 15.84254509677885,1.866841935806747,0 15.84190635149696,1.868017368606729,0 15.84340164257179,1.869690906210394,0 15.84492017752422,1.868509476730992,0 15.84552649954838,1.862048695890678,0 15.84731061689149,1.862994618107166,0 15.84743312523858,1.865050029435338,0 15.84680728163079,1.867386792766297,0 15.84752131545639,1.872725532657228,0 15.85110682521986,1.877352220828357,0</coordinates></LinearRing></innerBoundaryIs>
          <innerBoundaryIs><LinearRing><coordinates> 15.96260227777293,1.881447831452306,0 15.96308160113506,1.881447831452306,0 15.96308160113506,1.882406479075769,0 15.96356092539645,1.882406479075769,0 15.96356092539645,1.883365126699289,0 15.96404024965784,1.883365126699289,0 15.96451957301991,1.883365126699289,0 15.96451957301991,1.882885803337217,0 15.96499889728136,1.882885803337217,0 15.96499889728136,1.882406479075769,0 15.96547822154275,1.882406479075769,0 15.96547822154275,1.881927154814377,0 15.96595754490483,1.881927154814377,0 15.96595754490483,1.881447831452306,0 15.96643686916622,1.881447831452306,0 15.96643686916622,1.880489182929523,0 15.96691619342761,1.880489182929523,0 15.96691619342761,1.879530535306003,0 15.96739551768906,1.879530535306003,0 15.96739551768906,1.878092563421092,0 15.96787484105113,1.878092563421092,0 15.96787484105113,1.8776132391597,0 15.96835416531252,1.8776132391597,0 15.96835416531252,1.877133914898309,0 15.96883348957391,1.877133914898309,0 15.96883348957391,1.876654591536237,0 15.96931281293604,1.876654591536237,0 15.96931281293604,1.876175267274789,0 15.96979213719743,1.876175267274789,0 15.96979213719743,1.875695943013398,0 15.97027146145882,1.875695943013398,0 15.97027146145882,1.875216618752006,0 15.97075078482089,1.875216618752006,0 15.97075078482089,1.874737295389934,0 15.97123010908234,1.874737295389934,0 15.97123010908234,1.873778646867095,0 15.97189886294223,1.873299323505023,0 15.97123010908234,1.872819999243632,0 15.97123010908234,1.87138202735872,0 15.97075078482089,1.87138202735872,0 15.97075078482089,1.870423378835938,0 15.97027146145882,1.870423378835938,0 15.97027146145882,1.868985406951026,0 15.96979213719743,1.868985406951026,0 15.96979213719743,1.867068111704043,0 15.97123010908234,1.867068111704043,0 15.97123010908234,1.867547435066115,0 15.97170943334373,1.867547435066115,0 15.97170943334373,1.868026759327506,0 15.97218875760512,1.868026759327506,0 15.97218875760512,1.868506083588954,0 15.9726680809672,1.868506083588954,0 15.97362672949004,1.868506083588954,0 15.97429548334992,1.868026759327506,0 15.97362672949004,1.867547435066115,0 15.97362672949004,1.866588787442652,0 15.97314740522864,1.866588787442652,0 15.97314740522864,1.865630138919812,0 15.9726680809672,1.865630138919812,0 15.9726680809672,1.86515081555774,0 15.97218875760512,1.86515081555774,0 15.97218875760512,1.864671491296349,0 15.97170943334373,1.864671491296349,0 15.97123010908234,1.864671491296349,0 15.97123010908234,1.864192167034901,0 15.97075078482089,1.864192167034901,0 15.97075078482089,1.863712843672829,0 15.97027146145882,1.863712843672829,0 15.96883348957391,1.863712843672829,0 15.96883348957391,1.862754195150046,0 15.96835416531252,1.862754195150046,0 15.96835416531252,1.862274871787975,0 15.96787484105113,1.862274871787975,0 15.96787484105113,1.860836899003743,0 15.96739551768906,1.860836899003743,0 15.96739551768906,1.860357575641672,0 15.96691619342761,1.860357575641672,0 15.96691619342761,1.859878251380223,0 15.96643686916622,1.859878251380223,0 15.96643686916622,1.854605687202763,0 15.96595754490483,1.854605687202763,0 15.96595754490483,1.853167715317852,0 15.96547822154275,1.853167715317852,0 15.96547822154275,1.851729743432941,0 15.96499889728136,1.851729743432941,0 15.96499889728136,1.850291771548086,0 15.96451957301991,1.850291771548086,0 15.96451957301991,1.849812447286638,0 15.96499889728136,1.849812447286638,0 15.96499889728136,1.848853799663175,0 15.96547822154275,1.848853799663175,0 15.96547822154275,1.848374475401784,0 15.96595754490483,1.848374475401784,0 15.96595754490483,1.847895151140335,0 15.96643686916622,1.847895151140335,0 15.96643686916622,1.847415827778264,0 15.96691619342761,1.847415827778264,0 15.96691619342761,1.845977855893409,0 15.96643686916622,1.845977855893409,0 15.96547822154275,1.845977855893409,0 15.96499889728136,1.845977855893409,0 15.96499889728136,1.846457179255481,0 15.96451957301991,1.846457179255481,0 15.96451957301991,1.846936503516872,0 15.96404024965784,1.846936503516872,0 15.96356092539645,1.846936503516872,0 15.96356092539645,1.846457179255481,0 15.96308160113506,1.846457179255481,0 15.96260227777293,1.846457179255481,0 15.96260227777293,1.845019207370569,0 15.96212295351154,1.845019207370569,0 15.96212295351154,1.843581235485658,0 15.96164362925015,1.843581235485658,0 15.96164362925015,1.840225967454501,0 15.96116430498876,1.840225967454501,0 15.96068498162663,1.840225967454501,0 15.96068498162663,1.835432727538375,0 15.96308160113506,1.835432727538375,0 15.96308160113506,1.835912051799824,0 15.96356092539645,1.835912051799824,0 15.96404024965784,1.835912051799824,0 15.96404024965784,1.836391376061215,0 15.96451957301991,1.836391376061215,0 15.96499889728136,1.836391376061215,0 15.96499889728136,1.836870699423287,0 15.96547822154275,1.836870699423287,0 15.96643686916622,1.836870699423287,0 15.96673113723227,1.837502358047459,0 15.96702680913995,1.834748907336234,0 15.96643686916622,1.834474079914912,0 15.96643686916622,1.833994755653521,0 15.96595754490483,1.833994755653521,0 15.96547822154275,1.833994755653521,0 15.96547822154275,1.833515431392073,0 15.96499889728136,1.833515431392073,0 15.96451957301991,1.833515431392073,0 15.96451957301991,1.833036108030001,0 15.96404024965784,1.833036108030001,0 15.96356092539645,1.833036108030001,0 15.96356092539645,1.832556783768609,0 15.96308160113506,1.832556783768609,0 15.96116430498876,1.832556783768609,0 15.96116430498876,1.832077459507218,0 15.96068498162663,1.832077459507218,0 15.95972633310385,1.832077459507218,0 15.95972633310385,1.83159813614509,0 15.95924700974177,1.83159813614509,0 15.95876768548033,1.83159813614509,0 15.95876768548033,1.831118811883698,0 15.95828836121893,1.831118811883698,0 15.95780903785686,1.831118811883698,0 15.95780903785686,1.830639487622307,0 15.95732971359547,1.830639487622307,0 15.95732971359547,1.830160164260235,0 15.95685038933402,1.830160164260235,0 15.95637106507263,1.830160164260235,0 15.95637106507263,1.829680839998787,0 15.95589174171056,1.829680839998787,0 15.95589174171056,1.829201515737395,0 15.95541241744917,1.829201515737395,0 15.95541241744917,1.828722191476004,0 15.95493309318778,1.828722191476004,0 15.95493309318778,1.82632557196763,0 15.95541241744917,1.82632557196763,0 15.95541241744917,1.823449628197807,0 15.95602631716088,1.823209966067111,0 15.95541241744917,1.822970303936415,0 15.95541241744917,1.821532332051504,0 15.95493309318778,1.821532332051504,0 15.95445376982565,1.821532332051504,0 15.95397444556426,1.821532332051504,0 15.95397444556426,1.822011656312952,0 15.95349512130287,1.822011656312952,0 15.95301579704147,1.822011656312952,0 15.95301579704147,1.822970303936415,0 15.95253647367935,1.822970303936415,0 15.95253647367935,1.82536692434411,0 15.95192257396764,1.825606585575486,0 15.95253647367935,1.825846247706238,0 15.95253647367935,1.828722191476004,0 15.95205714941795,1.828722191476004,0 15.95205714941795,1.829201515737395,0 15.95157782515656,1.829201515737395,0 15.95157782515656,1.829680839998787,0 15.94774323376328,1.829680839998787,0 15.94774323376328,1.829201515737395,0 15.94726390950189,1.829201515737395,0 15.94486728999351,1.829201515737395,0 15.94486728999351,1.828722191476004,0 15.94438796573206,1.828722191476004,0 15.94342931720928,1.828722191476004,0 15.94342931720928,1.827763543852541,0 15.94294999384721,1.827763543852541,0 15.94294999384721,1.827284219591093,0 15.94247066958576,1.827284219591093,0 15.94247066958576,1.826804896229021,0 15.94199134532437,1.826804896229021,0 15.94199134532437,1.82632557196763,0 15.9415120219623,1.82632557196763,0 15.9415120219623,1.823928951559935,0 15.94103269770091,1.823928951559935,0 15.94103269770091,1.823449628197807,0 15.94055337343946,1.823449628197807,0 15.94055337343946,1.822970303936415,0 15.94007405007739,1.822970303936415,0 15.94007405007739,1.822011656312952,0 15.93959472581599,1.822011656312952,0 15.93959472581599,1.821532332051504,0 15.9391154015546,1.821532332051504,0 15.9391154015546,1.821053007790113,0 15.93863607729315,1.821053007790113,0 15.93863607729315,1.820573684428041,0 15.93815675393108,1.820573684428041,0 15.93815675393108,1.81913571164381,0 15.93863607729315,1.81913571164381,0 15.93863607729315,1.818177064020347,0 15.9391154015546,1.818177064020347,0 15.93959472581599,1.818177064020347,0 15.93959472581599,1.817697739758955,0 15.94007405007739,1.817697739758955,0 15.94007405007739,1.817218416396827,0 15.94055337343946,1.817218416396827,0 15.94055337343946,1.815780444511972,0 15.94007405007739,1.815780444511972,0 15.93863607729315,1.815780444511972,0 15.93815675393108,1.815780444511972,0 15.93815675393108,1.816259767874044,0 15.93671878204623,1.816259767874044,0 15.93623945778478,1.816259767874044,0 15.93623945778478,1.816739092135435,0 15.93480148589993,1.816739092135435,0 15.93480148589993,1.816259767874044,0 15.93432216163848,1.816259767874044,0 15.93384283737709,1.816259767874044,0 15.93384283737709,1.815780444511972,0 15.93336351401501,1.815780444511972,0 15.93336351401501,1.815301120250524,0 15.93288418975362,1.815301120250524,0 15.93288418975362,1.814821795989133,0 15.93240486549217,1.814821795989133,0 15.93240486549217,1.814342471727741,0 15.9319255421301,1.814342471727741,0 15.9319255421301,1.812425176480758,0 15.93240486549217,1.812425176480758,0 15.93288418975362,1.812425176480758,0 15.93288418975362,1.811945852219367,0 15.93432216163848,1.811945852219367,0 15.93480148589993,1.811945852219367,0 15.93480148589993,1.811466527957919,0 15.93959472581599,1.811466527957919,0 15.94007405007739,1.811466527957919,0 15.94007405007739,1.810987203696527,0 15.94055337343946,1.810987203696527,0 15.94122212819872,1.810507880334455,0 15.94055337343946,1.810028556073064,0 15.94055337343946,1.809069908449544,0 15.94007405007739,1.809069908449544,0 15.93528081016132,1.809069908449544,0 15.93528081016132,1.806193963780459,0 15.93576013352339,1.806193963780459,0 15.93576013352339,1.805714640418387,0 15.93623945778478,1.805714640418387,0 15.93623945778478,1.802359372387173,0 15.93576013352339,1.802359372387173,0 15.93528081016132,1.802359372387173,0 15.93528081016132,1.801880048125781,0 15.93480148589993,1.801880048125781,0 15.93384283737709,1.801880048125781,0 15.93336351401501,1.801880048125781,0 15.93336351401501,1.802359372387173,0 15.93288418975362,1.802359372387173,0 15.93240486549217,1.802359372387173,0 15.93240486549217,1.804276668533476,0 15.9319255421301,1.804276668533476,0 15.9319255421301,1.810028556073064,0 15.93144621786871,1.810028556073064,0 15.93144621786871,1.810987203696527,0 15.93096689360732,1.810987203696527,0 15.93096689360732,1.811466527957919,0 15.9300082459838,1.811466527957919,0 15.92952892172241,1.811466527957919,0 15.92952892172241,1.811945852219367,0 15.92857027409895,1.811945852219367,0 15.92857027409895,1.811466527957919,0 15.9280909498375,1.811466527957919,0 15.9280909498375,1.810987203696527,0 15.92761162557611,1.810987203696527,0 15.92761162557611,1.810507880334455,0 15.92713230221403,1.810507880334455,0 15.92665297795264,1.810507880334455,0 15.92665297795264,1.810028556073064,0 15.92617365369119,1.810028556073064,0 15.92617365369119,1.809549231811673,0 15.92569433032912,1.809549231811673,0 15.92569433032912,1.809069908449544,0 15.92521500606773,1.809069908449544,0 15.92473568180634,1.809069908449544,0 15.92473568180634,1.808590584188153,0 15.92425635754489,1.808590584188153,0 15.92377703418282,1.808590584188153,0 15.92377703418282,1.808111259926761,0 15.92329770992143,1.808111259926761,0 15.92281838566004,1.808111259926761,0 15.92281838566004,1.80763193656469,0 15.92233906229791,1.80763193656469,0 15.92233906229791,1.807152612303241,0 15.92185973803652,1.807152612303241,0 15.92185973803652,1.80667328804185,0 15.92138041377513,1.80667328804185,0 15.92138041377513,1.806193963780459,0 15.92090109041305,1.806193963780459,0 15.92090109041305,1.805714640418387,0 15.92042176615166,1.805714640418387,0 15.92042176615166,1.805235316156939,0 15.91994244189021,1.805235316156939,0 15.91946311762882,1.805235316156939,0 15.91946311762882,1.804276668533476,0 15.91898379426675,1.804276668533476,0 15.91898379426675,1.803797344272084,0 15.91850447000536,1.803797344272084,0 15.91850447000536,1.803318020010636,0 15.91802514574391,1.803318020010636,0 15.91802514574391,1.802359372387173,0 15.91754582238184,1.802359372387173,0 15.91754582238184,1.801880048125781,0 15.91706649812045,1.801880048125781,0 15.91706649812045,1.80140072386439,0 15.91658717385906,1.80140072386439,0 15.91658717385906,1.80044207624087,0 15.91610785049693,1.80044207624087,0 15.91610785049693,1.796128160586193,0 15.91562852623554,1.796128160586193,0 15.91562852623554,1.795169512063353,0 15.91514920197415,1.795169512063353,0 15.91514920197415,1.79421086443989,0 15.91466987771275,1.79421086443989,0 15.91419055435063,1.79421086443989,0 15.91419055435063,1.795648836324801,0 15.91371123008923,1.795648836324801,0 15.91371123008923,1.796128160586193,0 15.91323190582784,1.796128160586193,0 15.91323190582784,1.796607483948264,0 15.91275258246577,1.796607483948264,0 15.91275258246577,1.797086808209656,0 15.91227325820438,1.797086808209656,0 15.91227325820438,1.799004104355959,0 15.91275258246577,1.799004104355959,0 15.91275258246577,1.803318020010636,0 15.91323190582784,1.803318020010636,0 15.91323190582784,1.804755991895547,0 15.91275258246577,1.804755991895547,0 15.91275258246577,1.810028556073064,0 15.91323190582784,1.810028556073064,0 15.91323190582784,1.815301120250524,0 15.91275258246577,1.815301120250524,0 15.91275258246577,1.815780444511972,0 15.91227325820438,1.815780444511972,0 15.91227325820438,1.816259767874044,0 15.91131461058086,1.816259767874044,0 15.91083528631947,1.816259767874044,0 15.91083528631947,1.816739092135435,0 15.91035596205808,1.816739092135435,0 15.91035596205808,1.817218416396827,0 15.90843866591177,1.817218416396827,0 15.90795934254965,1.817218416396827,0 15.90795934254965,1.817697739758955,0 15.90652136976547,1.817697739758955,0 15.90604204640334,1.817697739758955,0 15.90604204640334,1.818177064020347,0 15.90556272214195,1.818177064020347,0 15.90508339788056,1.818177064020347,0 15.90508339788056,1.818656388281738,0 15.90460407451849,1.818656388281738,0 15.90460407451849,1.81913571164381,0 15.90412475025704,1.81913571164381,0 15.90412475025704,1.818656388281738,0 15.90364542599565,1.818656388281738,0 15.90316610263358,1.818656388281738,0 15.90316610263358,1.818177064020347,0 15.90268677837219,1.818177064020347,0 15.90268677837219,1.817697739758955,0 15.90220745411079,1.817697739758955,0 15.90076948222588,1.817697739758955,0 15.90029015796449,1.817697739758955,0 15.90029015796449,1.818177064020347,0 15.89981083460236,1.818177064020347,0 15.89981083460236,1.82009436016665,0 15.90029015796449,1.82009436016665,0 15.90029015796449,1.821532332051504,0 15.90076948222588,1.821532332051504,0 15.90268677837219,1.821532332051504,0 15.90268677837219,1.822011656312952,0 15.90316610263358,1.822011656312952,0 15.90316610263358,1.822490979675024,0 15.90364542599565,1.822490979675024,0 15.90364542599565,1.823928951559935,0 15.90029015796449,1.823928951559935,0 15.89981083460236,1.823928951559935,0 15.89981083460236,1.824408275821327,0 15.89933151034097,1.824408275821327,0 15.89933151034097,1.827284219591093,0 15.89981083460236,1.827284219591093,0 15.89981083460236,1.827763543852541,0 15.90029015796449,1.827763543852541,0 15.90076948222588,1.827763543852541,0 15.90076948222588,1.828242868113932,0 15.90124880648727,1.828242868113932,0 15.90124880648727,1.828722191476004,0 15.90172812984935,1.828722191476004,0 15.90268677837219,1.828722191476004,0 15.90268677837219,1.830160164260235,0 15.90220745411079,1.830160164260235,0 15.90220745411079,1.83159813614509,0 15.90172812984935,1.83159813614509,0 15.90172812984935,1.834474079914912,0 15.90111423013764,1.834713742045608,0 15.90172812984935,1.834953404176304,0 15.90172812984935,1.835432727538375,0 15.90220745411079,1.835432727538375,0 15.90220745411079,1.837350023684678,0 15.90268677837219,1.837350023684678,0 15.90268677837219,1.837829347946126,0 15.90316610263358,1.837829347946126,0 15.90316610263358,1.838308671308198,0 15.90364542599565,1.838308671308198,0 15.90364542599565,1.838787995569589,0 15.90412475025704,1.838787995569589,0 15.90412475025704,1.842143263600804,0 15.90364542599565,1.842143263600804,0 15.90364542599565,1.843101911224267,0 15.90316610263358,1.843101911224267,0 15.90316610263358,1.843581235485658,0 15.90268677837219,1.843581235485658,0 15.90268677837219,1.844539884008498,0 15.90220745411079,1.844539884008498,0 15.90220745411079,1.845019207370569,0 15.90172812984935,1.845019207370569,0 15.90172812984935,1.845498531631961,0 15.90124880648727,1.845498531631961,0 15.90124880648727,1.846457179255481,0 15.90076948222588,1.846457179255481,0 15.90076948222588,1.847415827778264,0 15.90029015796449,1.847415827778264,0 15.90029015796449,1.849333123924566,0 15.90076948222588,1.849333123924566,0 15.90076948222588,1.850291771548086,0 15.90124880648727,1.850291771548086,0 15.90124880648727,1.850771095809478,0 15.90172812984935,1.850771095809478,0 15.90220745411079,1.850771095809478,0 15.90220745411079,1.850291771548086,0 15.90268677837219,1.850291771548086,0 15.90268677837219,1.849812447286638,0 15.90316610263358,1.849812447286638,0 15.90316610263358,1.849333123924566,0 15.90364542599565,1.849333123924566,0 15.90364542599565,1.848853799663175,0 15.90412475025704,1.848853799663175,0 15.90412475025704,1.847895151140335,0 15.90460407451849,1.847895151140335,0 15.90460407451849,1.846457179255481,0 15.90556272214195,1.846457179255481,0 15.90556272214195,1.850291771548086,0 15.90604204640334,1.850291771548086,0 15.90604204640334,1.852688391056461,0 15.90652136976547,1.852688391056461,0 15.90795934254965,1.852688391056461,0 15.90843866591177,1.852688391056461,0 15.90843866591177,1.852209067694389,0 15.90891799017317,1.852209067694389,0 15.90891799017317,1.851250419171549,0 15.90939731443456,1.851250419171549,0 15.90939731443456,1.848853799663175,0 15.90891799017317,1.848853799663175,0 15.90891799017317,1.848374475401784,0 15.90843866591177,1.848374475401784,0 15.90843866591177,1.847895151140335,0 15.90795934254965,1.847895151140335,0 15.90795934254965,1.847415827778264,0 15.90748001828825,1.847415827778264,0 15.90700069402686,1.847415827778264,0 15.90700069402686,1.845977855893409,0 15.90652136976547,1.845977855893409,0 15.90652136976547,1.845019207370569,0 15.90604204640334,1.845019207370569,0 15.90604204640334,1.844539884008498,0 15.90652136976547,1.844539884008498,0 15.90652136976547,1.844060559747106,0 15.90700069402686,1.844060559747106,0 15.90700069402686,1.843101911224267,0 15.90748001828825,1.843101911224267,0 15.90748001828825,1.843581235485658,0 15.90795934254965,1.843581235485658,0 15.90795934254965,1.845019207370569,0 15.90843866591177,1.845019207370569,0 15.90843866591177,1.845498531631961,0 15.90891799017317,1.845498531631961,0 15.90891799017317,1.845977855893409,0 15.90939731443456,1.845977855893409,0 15.90939731443456,1.846936503516872,0 15.90987663779663,1.846936503516872,0 15.91035596205808,1.846936503516872,0 15.91035596205808,1.847415827778264,0 15.91083528631947,1.847415827778264,0 15.91083528631947,1.847895151140335,0 15.91131461058086,1.847895151140335,0 15.91131461058086,1.848374475401784,0 15.91179393394293,1.848374475401784,0 15.91179393394293,1.848853799663175,0 15.91179393394293,1.849812447286638,0 15.91227325820438,1.849812447286638,0 15.91227325820438,1.850291771548086,0 15.91275258246577,1.850291771548086,0 15.91275258246577,1.855085011464155,0 15.91323190582784,1.855085011464155,0 15.91371123008923,1.855085011464155,0 15.91419055435063,1.855085011464155,0 15.91419055435063,1.854605687202763,0 15.91466987771275,1.854605687202763,0 15.91466987771275,1.854126363840692,0 15.91528377832378,1.853886701709939,0 15.91466987771275,1.853647039579244,0 15.91466987771275,1.851250419171549,0 15.91419055435063,1.851250419171549,0 15.91419055435063,1.850291771548086,0 15.91371123008923,1.850291771548086,0 15.91371123008923,1.849333123924566,0 15.91323190582784,1.849333123924566,0 15.91323190582784,1.847895151140335,0 15.91275258246577,1.847895151140335,0 15.91275258246577,1.846936503516872,0 15.91227325820438,1.846936503516872,0 15.91227325820438,1.846457179255481,0 15.91179393394293,1.846457179255481,0 15.91179393394293,1.845019207370569,0 15.91131461058086,1.845019207370569,0 15.91131461058086,1.844060559747106,0 15.91083528631947,1.844060559747106,0 15.91083528631947,1.843101911224267,0 15.91035596205808,1.843101911224267,0 15.91035596205808,1.842143263600804,0 15.90987663779663,1.842143263600804,0 15.90987663779663,1.841184615977284,0 15.90939731443456,1.841184615977284,0 15.90939731443456,1.840705291715892,0 15.90891799017317,1.840705291715892,0 15.90843866591177,1.840705291715892,0 15.90843866591177,1.840225967454501,0 15.90795934254965,1.840225967454501,0 15.90748001828825,1.840225967454501,0 15.90748001828825,1.839746644092372,0 15.90700069402686,1.839746644092372,0 15.90652136976547,1.839746644092372,0 15.90652136976547,1.838308671308198,0 15.90604204640334,1.838308671308198,0 15.90604204640334,1.837350023684678,0 15.90556272214195,1.837350023684678,0 15.90556272214195,1.836391376061215,0 15.90508339788056,1.836391376061215,0 15.90508339788056,1.833994755653521,0 15.90460407451849,1.833994755653521,0 15.90460407451849,1.83159813614509,0 15.90412475025704,1.83159813614509,0 15.90412475025704,1.831118811883698,0 15.90460407451849,1.831118811883698,0 15.90460407451849,1.830639487622307,0 15.90508339788056,1.830639487622307,0 15.90508339788056,1.830160164260235,0 15.90556272214195,1.830160164260235,0 15.90556272214195,1.829680839998787,0 15.90604204640334,1.829680839998787,0 15.90604204640334,1.829201515737395,0 15.90652136976547,1.829201515737395,0 15.90652136976547,1.828242868113932,0 15.90700069402686,1.828242868113932,0 15.90700069402686,1.827763543852541,0 15.90748001828825,1.827763543852541,0 15.90748001828825,1.824887600082718,0 15.90700069402686,1.824887600082718,0 15.90700069402686,1.824408275821327,0 15.90748001828825,1.824408275821327,0 15.90748001828825,1.822970303936415,0 15.90795934254965,1.822970303936415,0 15.90795934254965,1.821053007790113,0 15.90843866591177,1.821053007790113,0 15.90891799017317,1.821053007790113,0 15.90891799017317,1.820573684428041,0 15.90939731443456,1.820573684428041,0 15.90987663779663,1.820573684428041,0 15.90987663779663,1.82009436016665,0 15.91035596205808,1.82009436016665,0 15.91035596205808,1.819615035905258,0 15.91179393394293,1.819615035905258,0 15.91179393394293,1.821053007790113,0 15.91227325820438,1.821053007790113,0 15.91227325820438,1.822490979675024,0 15.91275258246577,1.822490979675024,0 15.91275258246577,1.824408275821327,0 15.91323190582784,1.824408275821327,0 15.91323190582784,1.824887600082718,0 15.91371123008923,1.824887600082718,0 15.91371123008923,1.82536692434411,0 15.91419055435063,1.82536692434411,0 15.91419055435063,1.825846247706238,0 15.91466987771275,1.825846247706238,0 15.91514920197415,1.825846247706238,0 15.91514920197415,1.82632557196763,0 15.91562852623554,1.82632557196763,0 15.91562852623554,1.826804896229021,0 15.91610785049693,1.826804896229021,0 15.91658717385906,1.826804896229021,0 15.91706649812045,1.826804896229021,0 15.91706649812045,1.82632557196763,0 15.91754582238184,1.82632557196763,0 15.91754582238184,1.825846247706238,0 15.91821457624172,1.82536692434411,0 15.91754582238184,1.824887600082718,0 15.91754582238184,1.823928951559935,0 15.91706649812045,1.823928951559935,0 15.91706649812045,1.823449628197807,0 15.91658717385906,1.823449628197807,0 15.91658717385906,1.822970303936415,0 15.91610785049693,1.822970303936415,0 15.91610785049693,1.822490979675024,0 15.91562852623554,1.822490979675024,0 15.91562852623554,1.822011656312952,0 15.91514920197415,1.822011656312952,0 15.91514920197415,1.821532332051504,0 15.91466987771275,1.821532332051504,0 15.91466987771275,1.821053007790113,0 15.91419055435063,1.821053007790113,0 15.91419055435063,1.81913571164381,0 15.91466987771275,1.81913571164381,0 15.91466987771275,1.818177064020347,0 15.91514920197415,1.818177064020347,0 15.91514920197415,1.817218416396827,0 15.91562852623554,1.817218416396827,0 15.91562852623554,1.816259767874044,0 15.91610785049693,1.816259767874044,0 15.91610785049693,1.815301120250524,0 15.91658717385906,1.815301120250524,0 15.91658717385906,1.809549231811673,0 15.91610785049693,1.809549231811673,0 15.91610785049693,1.808111259926761,0 15.91562852623554,1.808111259926761,0 15.91562852623554,1.805235316156939,0 15.91610785049693,1.805235316156939,0 15.91610785049693,1.804755991895547,0 15.91658717385906,1.804755991895547,0 15.91706649812045,1.804755991895547,0 15.91706649812045,1.805235316156939,0 15.91754582238184,1.805235316156939,0 15.91754582238184,1.806193963780459,0 15.91802514574391,1.806193963780459,0 15.91802514574391,1.80667328804185,0 15.91850447000536,1.80667328804185,0 15.91850447000536,1.807152612303241,0 15.91898379426675,1.807152612303241,0 15.91898379426675,1.808111259926761,0 15.91946311762882,1.808111259926761,0 15.91946311762882,1.808590584188153,0 15.91994244189021,1.808590584188153,0 15.91994244189021,1.809069908449544,0 15.92042176615166,1.809069908449544,0 15.92042176615166,1.810028556073064,0 15.92090109041305,1.810028556073064,0 15.92138041377513,1.810028556073064,0 15.92138041377513,1.810507880334455,0 15.92185973803652,1.810507880334455,0 15.92233906229791,1.810507880334455,0 15.92233906229791,1.810987203696527,0 15.92281838566004,1.810987203696527,0 15.92281838566004,1.811466527957919,0 15.92329770992143,1.811466527957919,0 15.92377703418282,1.811466527957919,0 15.92377703418282,1.811945852219367,0 15.92425635754489,1.811945852219367,0 15.92473568180634,1.811945852219367,0 15.92473568180634,1.812425176480758,0 15.92521500606773,1.812425176480758,0 15.92521500606773,1.81290449984283,0 15.92569433032912,1.81290449984283,0 15.92569433032912,1.813383824104221,0 15.92617365369119,1.813383824104221,0 15.92617365369119,1.81386314836567,0 15.92665297795264,1.81386314836567,0 15.92665297795264,1.814342471727741,0 15.92713230221403,1.814342471727741,0 15.92713230221403,1.814821795989133,0 15.92761162557611,1.814821795989133,0 15.92761162557611,1.815301120250524,0 15.9280909498375,1.815301120250524,0 15.9280909498375,1.815780444511972,0 15.92857027409895,1.815780444511972,0 15.92857027409895,1.82009436016665,0 15.9280909498375,1.82009436016665,0 15.9280909498375,1.821532332051504,0 15.92761162557611,1.821532332051504,0 15.92761162557611,1.822490979675024,0 15.92713230221403,1.822490979675024,0 15.92713230221403,1.822970303936415,0 15.92665297795264,1.822970303936415,0 15.92665297795264,1.823449628197807,0 15.92617365369119,1.823449628197807,0 15.92617365369119,1.823928951559935,0 15.92569433032912,1.823928951559935,0 15.92569433032912,1.824408275821327,0 15.92521500606773,1.824408275821327,0 15.92521500606773,1.824887600082718,0 15.92473568180634,1.824887600082718,0 15.92473568180634,1.82536692434411,0 15.92425635754489,1.82536692434411,0 15.92425635754489,1.825846247706238,0 15.92377703418282,1.825846247706238,0 15.92377703418282,1.827763543852541,0 15.92329770992143,1.827763543852541,0 15.92329770992143,1.829201515737395,0 15.92281838566004,1.829201515737395,0 15.92281838566004,1.829680839998787,0 15.92233906229791,1.829680839998787,0 15.92185973803652,1.829680839998787,0 15.92185973803652,1.830160164260235,0 15.92138041377513,1.830160164260235,0 15.92090109041305,1.830160164260235,0 15.92090109041305,1.830639487622307,0 15.91994244189021,1.830639487622307,0 15.91946311762882,1.830639487622307,0 15.91946311762882,1.831118811883698,0 15.91898379426675,1.831118811883698,0 15.91898379426675,1.83159813614509,0 15.91850447000536,1.83159813614509,0 15.91802514574391,1.83159813614509,0 15.91802514574391,1.832077459507218,0 15.91754582238184,1.832077459507218,0 15.91706649812045,1.832077459507218,0 15.91706649812045,1.833036108030001,0 15.91658717385906,1.833036108030001,0 15.91658717385906,1.833515431392073,0 15.91610785049693,1.833515431392073,0 15.91610785049693,1.836391376061215,0 15.91658717385906,1.836391376061215,0 15.91706649812045,1.836391376061215,0 15.91706649812045,1.836870699423287,0 15.91754582238184,1.836870699423287,0 15.91802514574391,1.836870699423287,0 15.91850447000536,1.836870699423287,0 15.91850447000536,1.836391376061215,0 15.91898379426675,1.836391376061215,0 15.91898379426675,1.835912051799824,0 15.91946311762882,1.835912051799824,0 15.91946311762882,1.835432727538375,0 15.91994244189021,1.835432727538375,0 15.91994244189021,1.834953404176304,0 15.92042176615166,1.834953404176304,0 15.92042176615166,1.834474079914912,0 15.92090109041305,1.834474079914912,0 15.92090109041305,1.833994755653521,0 15.92138041377513,1.833994755653521,0 15.92138041377513,1.833515431392073,0 15.92185973803652,1.833515431392073,0 15.92185973803652,1.833036108030001,0 15.92233906229791,1.833036108030001,0 15.92233906229791,1.832077459507218,0 15.92281838566004,1.832077459507218,0 15.92281838566004,1.83159813614509,0 15.92329770992143,1.83159813614509,0 15.92329770992143,1.831118811883698,0 15.92377703418282,1.831118811883698,0 15.92425635754489,1.831118811883698,0 15.92425635754489,1.830639487622307,0 15.92473568180634,1.830639487622307,0 15.92473568180634,1.831118811883698,0 15.92473568180634,1.834953404176304,0 15.92425635754489,1.834953404176304,0 15.92425635754489,1.835912051799824,0 15.92377703418282,1.835912051799824,0 15.92377703418282,1.836870699423287,0 15.92329770992143,1.836870699423287,0 15.92329770992143,1.839267319830981,0 15.92268381020972,1.839506981961677,0 15.92329770992143,1.839746644092372,0 15.92329770992143,1.840225967454501,0 15.92377703418282,1.840225967454501,0 15.92377703418282,1.840705291715892,0 15.92425635754489,1.840705291715892,0 15.92473568180634,1.840705291715892,0 15.92521500606773,1.840705291715892,0 15.92521500606773,1.840225967454501,0 15.92569433032912,1.840225967454501,0 15.92569433032912,1.839746644092372,0 15.92617365369119,1.839746644092372,0 15.92617365369119,1.839267319830981,0 15.92665297795264,1.839267319830981,0 15.92665297795264,1.829680839998787,0 15.92713230221403,1.829680839998787,0 15.92713230221403,1.828722191476004,0 15.92761162557611,1.828722191476004,0 15.92761162557611,1.827763543852541,0 15.9280909498375,1.827763543852541,0 15.9280909498375,1.827284219591093,0 15.92857027409895,1.827284219591093,0 15.92857027409895,1.826804896229021,0 15.92904959746102,1.826804896229021,0 15.92904959746102,1.825846247706238,0 15.92952892172241,1.825846247706238,0 15.92952892172241,1.82536692434411,0 15.9300082459838,1.82536692434411,0 15.9300082459838,1.824887600082718,0 15.93048757024525,1.824887600082718,0 15.93048757024525,1.823449628197807,0 15.93048757024525,1.822490979675024,0 15.93096689360732,1.822490979675024,0 15.93096689360732,1.820573684428041,0 15.93144621786871,1.820573684428041,0 15.93144621786871,1.819615035905258,0 15.9319255421301,1.819615035905258,0 15.9319255421301,1.818656388281738,0 15.93240486549217,1.818656388281738,0 15.93240486549217,1.818177064020347,0 15.93364705946425,1.818372842832503,0 15.93480148589993,1.818656388281738,0 15.93480148589993,1.81913571164381,0 15.93528081016132,1.81913571164381,0 15.93528081016132,1.819615035905258,0 15.93576013352339,1.819615035905258,0 15.93576013352339,1.820573684428041,0 15.93623945778478,1.820573684428041,0 15.93623945778478,1.821053007790113,0 15.93671878204623,1.821053007790113,0 15.93671878204623,1.822011656312952,0 15.9371981054083,1.822011656312952,0 15.9371981054083,1.822490979675024,0 15.93767742966969,1.822490979675024,0 15.93767742966969,1.823449628197807,0 15.93815675393108,1.823449628197807,0 15.93815675393108,1.824408275821327,0 15.93863607729315,1.824408275821327,0 15.93863607729315,1.824887600082718,0 15.9391154015546,1.824887600082718,0 15.9391154015546,1.825846247706238,0 15.93959472581599,1.825846247706238,0 15.93959472581599,1.82632557196763,0 15.94007405007739,1.82632557196763,0 15.94007405007739,1.833515431392073,0 15.94055337343946,1.833515431392073,0 15.94199134532437,1.833515431392073,0 15.94247066958576,1.833515431392073,0 15.94247066958576,1.833036108030001,0 15.94294999384721,1.833036108030001,0 15.94294999384721,1.832556783768609,0 15.94342931720928,1.832556783768609,0 15.94342931720928,1.832077459507218,0 15.95157782515656,1.832077459507218,0 15.95157782515656,1.832556783768609,0 15.95205714941795,1.832556783768609,0 15.95253647367935,1.832556783768609,0 15.95253647367935,1.833036108030001,0 15.95301579704147,1.833036108030001,0 15.95349512130287,1.833036108030001,0 15.95349512130287,1.833515431392073,0 15.95397444556426,1.833515431392073,0 15.95445376982565,1.833515431392073,0 15.95445376982565,1.833994755653521,0 15.95493309318778,1.833994755653521,0 15.95589174171056,1.833994755653521,0 15.95589174171056,1.834474079914912,0 15.95637106507263,1.834474079914912,0 15.95732971359547,1.834474079914912,0 15.95732971359547,1.834953404176304,0 15.95780903785686,1.834953404176304,0 15.95780903785686,1.837350023684678,0 15.95828836121893,1.837350023684678,0 15.95828836121893,1.845498531631961,0 15.95876768548033,1.845498531631961,0 15.95876768548033,1.845977855893409,0 15.95924700974177,1.845977855893409,0 15.95924700974177,1.846936503516872,0 15.95972633310385,1.846936503516872,0 15.95972633310385,1.847415827778264,0 15.96020565736524,1.847415827778264,0 15.96020565736524,1.848374475401784,0 15.96068498162663,1.848374475401784,0 15.96068498162663,1.849333123924566,0 15.96116430498876,1.849333123924566,0 15.96116430498876,1.850771095809478,0 15.96164362925015,1.850771095809478,0 15.96164362925015,1.852209067694389,0 15.96212295351154,1.852209067694389,0 15.96212295351154,1.852688391056461,0 15.96260227777293,1.852688391056461,0 15.96260227777293,1.853167715317852,0 15.96260227777293,1.854126363840692,0 15.96308160113506,1.854126363840692,0 15.96308160113506,1.855085011464155,0 15.96356092539645,1.855085011464155,0 15.96356092539645,1.859398927118832,0 15.96308160113506,1.859398927118832,0 15.96308160113506,1.859878251380223,0 15.96260227777293,1.859878251380223,0 15.96260227777293,1.860357575641672,0 15.96212295351154,1.860357575641672,0 15.96212295351154,1.860836899003743,0 15.96164362925015,1.860836899003743,0 15.96116430498876,1.860836899003743,0 15.96116430498876,1.861316223265135,0 15.96068498162663,1.861316223265135,0 15.96044531949593,1.860702323553426,0 15.96020565736524,1.861316223265135,0 15.95924700974177,1.861316223265135,0 15.95876768548033,1.861316223265135,0 15.95876768548033,1.862274871787975,0 15.95828836121893,1.862274871787975,0 15.95828836121893,1.862754195150046,0 15.95780903785686,1.862754195150046,0 15.95780903785686,1.863233519411438,0 15.95719513724583,1.863473181542133,0 15.95780903785686,1.863712843672829,0 15.95780903785686,1.864671491296349,0 15.95828836121893,1.864671491296349,0 15.95828836121893,1.86515081555774,0 15.95876768548033,1.86515081555774,0 15.95972633310385,1.86515081555774,0 15.95996599523454,1.865764715269449,0 15.96020565736524,1.86515081555774,0 15.96068498162663,1.86515081555774,0 15.96116430498876,1.86515081555774,0 15.96116430498876,1.864671491296349,0 15.96164362925015,1.864671491296349,0 15.96212295351154,1.864671491296349,0 15.96212295351154,1.864192167034901,0 15.96260227777293,1.864192167034901,0 15.96260227777293,1.863712843672829,0 15.96308160113506,1.863712843672829,0 15.96308160113506,1.863233519411438,0 15.96356092539645,1.863233519411438,0 15.96356092539645,1.862754195150046,0 15.96547822154275,1.862754195150046,0 15.96547822154275,1.863233519411438,0 15.96595754490483,1.863233519411438,0 15.96595754490483,1.863712843672829,0 15.96595754490483,1.864192167034901,0 15.96595754490483,1.864671491296349,0 15.96643686916622,1.864671491296349,0 15.96643686916622,1.865630138919812,0 15.96691619342761,1.865630138919812,0 15.96691619342761,1.873778646867095,0 15.96643686916622,1.873778646867095,0 15.96643686916622,1.874737295389934,0 15.96595754490483,1.874737295389934,0 15.96595754490483,1.875695943013398,0 15.96547822154275,1.875695943013398,0 15.96547822154275,1.876175267274789,0 15.96499889728136,1.876175267274789,0 15.96499889728136,1.876654591536237,0 15.96451957301991,1.876654591536237,0 15.96451957301991,1.877133914898309,0 15.96404024965784,1.877133914898309,0 15.96404024965784,1.8776132391597,0 15.96356092539645,1.8776132391597,0 15.96308160113506,1.8776132391597,0 15.96308160113506,1.87857188678322,0 15.96260227777293,1.87857188678322,0 15.96260227777293,1.881447831452306,0</coordinates></LinearRing></innerBoundaryIs>
          <innerBoundaryIs><LinearRing><coordinates> 15.98752712497691,1.866588787442652,0 15.9880064492383,1.866588787442652,0 15.9880064492383,1.867068111704043,0 15.98848577260037,1.867068111704043,0 15.98944442112321,1.867068111704043,0 15.98992374448528,1.867068111704043,0 15.98992374448528,1.866588787442652,0 15.99040306874667,1.866588787442652,0 15.99088239300806,1.866588787442652,0 15.99088239300806,1.866109463181203,0 15.99136171726951,1.866109463181203,0 15.99136171726951,1.865630138919812,0 15.99184104063158,1.865630138919812,0 15.99184104063158,1.86515081555774,0 15.99232036489298,1.86515081555774,0 15.99232036489298,1.864671491296349,0 15.99279968915437,1.864671491296349,0 15.99279968915437,1.864192167034901,0 15.99327901251644,1.864192167034901,0 15.99375833677789,1.864192167034901,0 15.99375833677789,1.863712843672829,0 15.99423766103928,1.863712843672829,0 15.99423766103928,1.863233519411438,0 15.99471698440135,1.863233519411438,0 15.99471698440135,1.862754195150046,0 15.99519630866274,1.862754195150046,0 15.99519630866274,1.862274871787975,0 15.99567563292419,1.862274871787975,0 15.99567563292419,1.861795547526526,0 15.99663428054765,1.861795547526526,0 15.99711360480904,1.861795547526526,0 15.99711360480904,1.861316223265135,0 15.99759292907049,1.861316223265135,0 15.99807225243256,1.861316223265135,0 15.99807225243256,1.860836899003743,0 15.99855157669396,1.860836899003743,0 15.99855157669396,1.860357575641672,0 15.99903090095535,1.860357575641672,0 15.99903090095535,1.859878251380223,0 15.99951022431748,1.859878251380223,0 15.99951022431748,1.859398927118832,0 15.99998954857887,1.859398927118832,0 15.99998954857887,1.85891960375676,0 16.00046887284026,1.85891960375676,0 16.00046887284026,1.857960955233921,0 16.00094819710165,1.857960955233921,0 16.00094819710165,1.857002307610458,0 16.00238616898656,1.857002307610458,0 16.00286549234863,1.857002307610458,0 16.00286549234863,1.856522983349066,0 16.00334481661002,1.856522983349066,0 16.00334481661002,1.855564335725546,0 16.00382414087147,1.855564335725546,0 16.00382414087147,1.852688391056461,0 16.00334481661002,1.852688391056461,0 16.00334481661002,1.852209067694389,0 16.00382414087147,1.852209067694389,0 16.00382414087147,1.851729743432941,0 16.00430346513286,1.851729743432941,0 16.00430346513286,1.851250419171549,0 16.00478278849494,1.851250419171549,0 16.00478278849494,1.850291771548086,0 16.00526211275633,1.850291771548086,0 16.00526211275633,1.849333123924566,0 16.00574143701778,1.849333123924566,0 16.00574143701778,1.848374475401784,0 16.00622076037985,1.848374475401784,0 16.00622076037985,1.847895151140335,0 16.00670008464124,1.847895151140335,0 16.00670008464124,1.847415827778264,0 16.00813805652615,1.847415827778264,0 16.00813805652615,1.847895151140335,0 16.00861738078754,1.847895151140335,0 16.00861738078754,1.848374475401784,0 16.00909670504893,1.848374475401784,0 16.00909670504893,1.848853799663175,0 16.009576028411,1.848853799663175,0 16.009576028411,1.849333123924566,0 16.01005535267245,1.849333123924566,0 16.01005535267245,1.849812447286638,0 16.01053467693384,1.849812447286638,0 16.01101400029592,1.849812447286638,0 16.01101400029592,1.850291771548086,0 16.01149332455731,1.850291771548086,0 16.01245197218083,1.850291771548086,0 16.01245197218083,1.854605687202763,0 16.01197264881876,1.854605687202763,0 16.01197264881876,1.856522983349066,0 16.01245197218083,1.856522983349066,0 16.01245197218083,1.857481630972529,0 16.01293129644222,1.857481630972529,0 16.01293129644222,1.85891960375676,0 16.01341062070361,1.85891960375676,0 16.01341062070361,1.860836899003743,0 16.01388994496506,1.860836899003743,0 16.01436926832713,1.860836899003743,0 16.01436926832713,1.861316223265135,0 16.01484859258852,1.861316223265135,0 16.01484859258852,1.861795547526526,0 16.01532791684991,1.861795547526526,0 16.01532791684991,1.862274871787975,0 16.01580724021204,1.862274871787975,0 16.01676588873482,1.862274871787975,0 16.0172452120969,1.862274871787975,0 16.0172452120969,1.859398927118832,0 16.01676588873482,1.859398927118832,0 16.01676588873482,1.858440279495369,0 16.01628656447343,1.858440279495369,0 16.01628656447343,1.857960955233921,0 16.01580724021204,1.857960955233921,0 16.01580724021204,1.856522983349066,0 16.01532791684991,1.856522983349066,0 16.01532791684991,1.855085011464155,0 16.01484859258852,1.855085011464155,0 16.01484859258852,1.854126363840692,0 16.01436926832713,1.854126363840692,0 16.01436926832713,1.853647039579244,0 16.01484859258852,1.853647039579244,0 16.01484859258852,1.853167715317852,0 16.01532791684991,1.853167715317852,0 16.01532791684991,1.852688391056461,0 16.01628656447343,1.852688391056461,0 16.01628656447343,1.853167715317852,0 16.01676588873482,1.853167715317852,0 16.01676588873482,1.853647039579244,0 16.0172452120969,1.853647039579244,0 16.0172452120969,1.854126363840692,0 16.01772453635834,1.854126363840692,0 16.01772453635834,1.854605687202763,0 16.01820386061974,1.854605687202763,0 16.01820386061974,1.855085011464155,0 16.01868318488113,1.855085011464155,0 16.01868318488113,1.856043659087618,0 16.0191625082432,1.856043659087618,0 16.0191625082432,1.856522983349066,0 16.01964183250459,1.856522983349066,0 16.01964183250459,1.857002307610458,0 16.02012115676604,1.857002307610458,0 16.02012115676604,1.857481630972529,0 16.02060048012811,1.857481630972529,0 16.02155912865089,1.857481630972529,0 16.02203845201302,1.857481630972529,0 16.02203845201302,1.857002307610458,0 16.02270720677223,1.856522983349066,0 16.02203845201302,1.856043659087618,0 16.02203845201302,1.854605687202763,0 16.02155912865089,1.854605687202763,0 16.02155912865089,1.854126363840692,0 16.0210798043895,1.854126363840692,0 16.0210798043895,1.853647039579244,0 16.02060048012811,1.853647039579244,0 16.02060048012811,1.853167715317852,0 16.02012115676604,1.853167715317852,0 16.02012115676604,1.852688391056461,0 16.01964183250459,1.852688391056461,0 16.0191625082432,1.852688391056461,0 16.0191625082432,1.852209067694389,0 16.01868318488113,1.852209067694389,0 16.01868318488113,1.851729743432941,0 16.01820386061974,1.851729743432941,0 16.01820386061974,1.850771095809478,0 16.01772453635834,1.850771095809478,0 16.01772453635834,1.850291771548086,0 16.0172452120969,1.850291771548086,0 16.01628656447343,1.850291771548086,0 16.01628656447343,1.849812447286638,0 16.01580724021204,1.849812447286638,0 16.01484859258852,1.849812447286638,0 16.01484859258852,1.849333123924566,0 16.01436926832713,1.849333123924566,0 16.01341062070361,1.849333123924566,0 16.01341062070361,1.848374475401784,0 16.01293129644222,1.848374475401784,0 16.01293129644222,1.847895151140335,0 16.01245197218083,1.847895151140335,0 16.01245197218083,1.847415827778264,0 16.01197264881876,1.847415827778264,0 16.01149332455731,1.847415827778264,0 16.01149332455731,1.846936503516872,0 16.01101400029592,1.846936503516872,0 16.01101400029592,1.846457179255481,0 16.01053467693384,1.846457179255481,0 16.01005535267245,1.846457179255481,0 16.01005535267245,1.845977855893409,0 16.009576028411,1.845977855893409,0 16.00861738078754,1.845977855893409,0 16.00861738078754,1.845498531631961,0 16.00813805652615,1.845498531631961,0 16.00813805652615,1.845019207370569,0 16.00765873226476,1.845019207370569,0 16.00717940890263,1.845019207370569,0 16.00717940890263,1.844539884008498,0 16.00670008464124,1.844539884008498,0 16.00622076037985,1.844539884008498,0 16.00622076037985,1.844060559747106,0 16.00574143701778,1.844060559747106,0 16.00526211275633,1.844060559747106,0 16.00526211275633,1.843581235485658,0 16.00478278849494,1.843581235485658,0 16.00430346513286,1.843581235485658,0 16.00430346513286,1.843101911224267,0 16.00382414087147,1.843101911224267,0 16.00382414087147,1.842143263600804,0 16.00622076037985,1.842143263600804,0 16.00622076037985,1.842622587862195,0 16.00670008464124,1.842622587862195,0 16.00670008464124,1.843101911224267,0 16.00717940890263,1.843101911224267,0 16.00909670504893,1.843101911224267,0 16.00909670504893,1.843581235485658,0 16.009576028411,1.843581235485658,0 16.009576028411,1.844060559747106,0 16.01005535267245,1.844060559747106,0 16.01149332455731,1.844060559747106,0 16.01149332455731,1.844539884008498,0 16.01197264881876,1.844539884008498,0 16.01245197218083,1.844539884008498,0 16.01245197218083,1.845019207370569,0 16.01293129644222,1.845019207370569,0 16.01388994496506,1.845019207370569,0 16.01436926832713,1.845019207370569,0 16.01436926832713,1.844539884008498,0 16.01484859258852,1.844539884008498,0 16.01484859258852,1.844060559747106,0 16.01532791684991,1.844060559747106,0 16.01532791684991,1.842622587862195,0 16.01484859258852,1.842622587862195,0 16.01484859258852,1.842143263600804,0 16.01436926832713,1.842143263600804,0 16.01341062070361,1.842143263600804,0 16.01341062070361,1.841663939339355,0 16.01293129644222,1.841663939339355,0 16.01245197218083,1.841663939339355,0 16.01245197218083,1.841184615977284,0 16.01197264881876,1.841184615977284,0 16.01149332455731,1.841184615977284,0 16.01149332455731,1.840705291715892,0 16.01101400029592,1.840705291715892,0 16.00382414087147,1.840705291715892,0 16.00382414087147,1.840225967454501,0 16.00334481661002,1.840225967454501,0 16.00286549234863,1.840225967454501,0 16.00286549234863,1.839746644092372,0 16.00238616898656,1.839746644092372,0 16.00142752046372,1.839746644092372,0 16.00142752046372,1.838787995569589,0 16.00094819710165,1.838787995569589,0 16.00094819710165,1.836870699423287,0 16.00046887284026,1.836870699423287,0 16.00046887284026,1.835432727538375,0 16.00094819710165,1.835432727538375,0 16.00094819710165,1.833036108030001,0 16.00142752046372,1.833036108030001,0 16.00142752046372,1.832556783768609,0 16.00190684472517,1.832556783768609,0 16.00190684472517,1.832077459507218,0 16.00286549234863,1.832077459507218,0 16.00286549234863,1.832556783768609,0 16.00334481661002,1.832556783768609,0 16.00334481661002,1.833036108030001,0 16.00382414087147,1.833036108030001,0 16.00430346513286,1.833036108030001,0 16.00430346513286,1.833515431392073,0 16.00478278849494,1.833515431392073,0 16.00478278849494,1.833994755653521,0 16.00526211275633,1.833994755653521,0 16.00526211275633,1.834474079914912,0 16.00574143701778,1.834474079914912,0 16.00622076037985,1.834474079914912,0 16.00622076037985,1.834953404176304,0 16.00670008464124,1.834953404176304,0 16.00717940890263,1.834953404176304,0 16.00717940890263,1.835432727538375,0 16.00765873226476,1.835432727538375,0 16.009576028411,1.835432727538375,0 16.009576028411,1.835912051799824,0 16.01005535267245,1.835912051799824,0 16.01149332455731,1.835912051799824,0 16.01197264881876,1.835912051799824,0 16.01197264881876,1.835432727538375,0 16.01580724021204,1.835432727538375,0 16.01628656447343,1.835432727538375,0 16.01628656447343,1.834953404176304,0 16.01772453635834,1.834953404176304,0 16.01820386061974,1.834953404176304,0 16.01820386061974,1.834474079914912,0 16.01868318488113,1.834474079914912,0 16.0191625082432,1.834474079914912,0 16.0191625082432,1.833994755653521,0 16.01983126300246,1.833515431392073,0 16.0191625082432,1.833036108030001,0 16.0191625082432,1.832556783768609,0 16.01868318488113,1.832556783768609,0 16.01532791684991,1.832556783768609,0 16.01484859258852,1.832556783768609,0 16.01484859258852,1.833036108030001,0 16.01245197218083,1.833036108030001,0 16.01197264881876,1.833036108030001,0 16.01197264881876,1.833515431392073,0 16.00813805652615,1.833515431392073,0 16.00813805652615,1.833036108030001,0 16.00765873226476,1.833036108030001,0 16.00717940890263,1.833036108030001,0 16.00717940890263,1.832556783768609,0 16.00670008464124,1.832556783768609,0 16.00622076037985,1.832556783768609,0 16.00622076037985,1.832077459507218,0 16.00574143701778,1.832077459507218,0 16.00574143701778,1.83159813614509,0 16.00526211275633,1.83159813614509,0 16.00526211275633,1.830160164260235,0 16.00574143701778,1.830160164260235,0 16.00622076037985,1.830160164260235,0 16.00622076037985,1.829680839998787,0 16.00670008464124,1.829680839998787,0 16.00670008464124,1.829201515737395,0 16.01101400029592,1.829201515737395,0 16.01149332455731,1.829201515737395,0 16.01149332455731,1.828722191476004,0 16.01197264881876,1.828722191476004,0 16.01197264881876,1.828242868113932,0 16.01245197218083,1.828242868113932,0 16.01245197218083,1.826804896229021,0 16.01197264881876,1.826804896229021,0 16.01197264881876,1.82632557196763,0 16.01149332455731,1.82632557196763,0 16.01053467693384,1.82632557196763,0 16.01053467693384,1.825846247706238,0 16.01005535267245,1.825846247706238,0 16.00813805652615,1.825846247706238,0 16.00765873226476,1.825846247706238,0 16.00765873226476,1.82632557196763,0 16.00717940890263,1.82632557196763,0 16.00670008464124,1.82632557196763,0 16.00670008464124,1.826804896229021,0 16.00574143701778,1.826804896229021,0 16.00526211275633,1.826804896229021,0 16.00526211275633,1.827284219591093,0 16.00478278849494,1.827284219591093,0 16.00478278849494,1.827763543852541,0 16.00430346513286,1.827763543852541,0 16.00382414087147,1.827763543852541,0 16.00382414087147,1.828242868113932,0 16.00334481661002,1.828242868113932,0 16.00334481661002,1.828722191476004,0 16.00286549234863,1.828722191476004,0 16.00286549234863,1.829680839998787,0 16.00238616898656,1.829680839998787,0 16.00238616898656,1.830160164260235,0 16.00142752046372,1.830160164260235,0 16.00142752046372,1.829201515737395,0 16.00094819710165,1.829201515737395,0 16.00094819710165,1.827763543852541,0 16.00046887284026,1.827763543852541,0 16.00046887284026,1.826804896229021,0 15.99998954857887,1.826804896229021,0 15.99998954857887,1.82632557196763,0 15.99951022431748,1.82632557196763,0 15.99951022431748,1.825846247706238,0 15.99903090095535,1.825846247706238,0 15.99903090095535,1.824887600082718,0 15.99855157669396,1.824887600082718,0 15.99855157669396,1.824408275821327,0 15.99807225243256,1.824408275821327,0 15.99807225243256,1.822490979675024,0 15.99759292907049,1.822490979675024,0 15.99759292907049,1.821053007790113,0 15.99759292907049,1.820573684428041,0 15.99759292907049,1.81913571164381,0 15.99711360480904,1.81913571164381,0 15.99711360480904,1.818177064020347,0 15.99663428054765,1.818177064020347,0 15.99663428054765,1.817218416396827,0 15.99615495718558,1.817218416396827,0 15.99615495718558,1.816739092135435,0 15.99567563292419,1.816739092135435,0 15.99567563292419,1.816259767874044,0 15.99519630866274,1.816259767874044,0 15.99519630866274,1.815780444511972,0 15.99471698440135,1.815780444511972,0 15.99471698440135,1.815301120250524,0 15.99423766103928,1.815301120250524,0 15.99423766103928,1.814821795989133,0 15.99375833677789,1.814821795989133,0 15.99327901251644,1.814821795989133,0 15.99327901251644,1.814342471727741,0 15.99279968915437,1.814342471727741,0 15.99136171726951,1.814342471727741,0 15.99136171726951,1.81386314836567,0 15.99088239300806,1.81386314836567,0 15.99088239300806,1.813383824104221,0 15.99040306874667,1.813383824104221,0 15.99040306874667,1.81290449984283,0 15.98992374448528,1.81290449984283,0 15.98992374448528,1.811945852219367,0 15.98944442112321,1.811945852219367,0 15.98944442112321,1.811466527957919,0 15.98896509686176,1.811466527957919,0 15.98896509686176,1.810507880334455,0 15.98848577260037,1.810507880334455,0 15.98848577260037,1.810028556073064,0 15.9880064492383,1.810028556073064,0 15.9880064492383,1.809069908449544,0 15.98752712497691,1.809069908449544,0 15.98752712497691,1.808590584188153,0 15.98704780071546,1.808590584188153,0 15.98704780071546,1.808111259926761,0 15.98656847735339,1.808111259926761,0 15.98656847735339,1.80763193656469,0 15.986089153092,1.80763193656469,0 15.986089153092,1.807152612303241,0 15.9856098288306,1.807152612303241,0 15.9856098288306,1.80667328804185,0 15.98513050456916,1.80667328804185,0 15.98513050456916,1.806193963780459,0 15.98465118120708,1.806193963780459,0 15.98465118120708,1.805714640418387,0 15.98417185694569,1.805714640418387,0 15.98417185694569,1.805235316156939,0 15.9836925326843,1.805235316156939,0 15.9836925326843,1.804755991895547,0 15.98321320932223,1.804755991895547,0 15.98273388506078,1.804755991895547,0 15.98273388506078,1.803797344272084,0 15.98225456079939,1.803797344272084,0 15.98225456079939,1.803318020010636,0 15.98177523743732,1.803318020010636,0 15.98177523743732,1.802838696648564,0 15.98129591317593,1.802838696648564,0 15.98129591317593,1.802359372387173,0 15.98081658891448,1.802359372387173,0 15.98081658891448,1.801880048125781,0 15.98033726465309,1.801880048125781,0 15.98033726465309,1.80140072386439,0 15.97985794129102,1.80140072386439,0 15.97985794129102,1.800921400502261,0 15.97937861702962,1.800921400502261,0 15.97937861702962,1.80044207624087,0 15.97889929276818,1.80044207624087,0 15.97889929276818,1.799962751979479,0 15.9784199694061,1.799962751979479,0 15.9784199694061,1.799483428617407,0 15.97794064514471,1.799483428617407,0 15.97794064514471,1.799004104355959,0 15.97746132088332,1.799004104355959,0 15.97698199752119,1.799004104355959,0 15.97698199752119,1.797566132471104,0 15.9765026732598,1.797566132471104,0 15.9765026732598,1.796128160586193,0 15.97602334899841,1.796128160586193,0 15.97602334899841,1.795648836324801,0 15.97554402473702,1.795648836324801,0 15.97554402473702,1.794690188701281,0 15.97506470137489,1.794690188701281,0 15.9745853771135,1.794690188701281,0 15.9745853771135,1.793731540178499,0 15.97410605285211,1.793731540178499,0 15.97410605285211,1.792772892554979,0 15.97362672949004,1.792772892554979,0 15.97362672949004,1.792293568293587,0 15.97314740522864,1.792293568293587,0 15.9726680809672,1.792293568293587,0 15.9726680809672,1.791814244032196,0 15.97218875760512,1.791814244032196,0 15.97218875760512,1.791334920670124,0 15.97170943334373,1.791334920670124,0 15.97170943334373,1.790855596408676,0 15.97123010908234,1.790855596408676,0 15.96643686916622,1.790855596408676,0 15.96643686916622,1.790376272147285,0 15.96595754490483,1.790376272147285,0 15.96595754490483,1.789896948785213,0 15.96547822154275,1.789896948785213,0 15.96308160113506,1.789896948785213,0 15.96308160113506,1.789417624523821,0 15.96260227777293,1.789417624523821,0 15.96212295351154,1.789417624523821,0 15.96212295351154,1.788458976900301,0 15.96164362925015,1.788458976900301,0 15.96164362925015,1.78797965263891,0 15.96212295351154,1.78797965263891,0 15.96212295351154,1.787500328377519,0 15.96260227777293,1.787500328377519,0 15.96260227777293,1.786541680753999,0 15.96308160113506,1.786541680753999,0 15.96308160113506,1.785583032231216,0 15.96356092539645,1.785583032231216,0 15.96356092539645,1.784145060346305,0 15.96404024965784,1.784145060346305,0 15.96404024965784,1.782707088461393,0 15.96451957301991,1.782707088461393,0 15.96451957301991,1.782227764200002,0 15.96499889728136,1.782227764200002,0 15.96499889728136,1.78174844083793,0 15.96547822154275,1.78174844083793,0 15.96547822154275,1.78078979231509,0 15.96595754490483,1.78078979231509,0 15.96595754490483,1.780310468953019,0 15.96643686916622,1.780310468953019,0 15.96643686916622,1.779831144691627,0 15.96691619342761,1.779831144691627,0 15.96691619342761,1.779351820430236,0 15.96739551768906,1.779351820430236,0 15.96739551768906,1.778872497068107,0 15.97075078482089,1.778872497068107,0 15.97075078482089,1.779351820430236,0 15.97123010908234,1.779351820430236,0 15.97170943334373,1.779351820430236,0 15.97170943334373,1.779831144691627,0 15.97218875760512,1.779831144691627,0 15.97554402473702,1.779831144691627,0 15.97602334899841,1.779831144691627,0 15.97602334899841,1.779351820430236,0 15.97966216247886,1.779547599242335,0 15.98081658891448,1.779831144691627,0 15.98081658891448,1.780310468953019,0 15.98129591317593,1.780310468953019,0 15.98177523743732,1.780310468953019,0 15.98177523743732,1.78078979231509,0 15.98225456079939,1.78078979231509,0 15.98225456079939,1.781269116576539,0 15.98273388506078,1.781269116576539,0 15.98321320932223,1.781269116576539,0 15.98321320932223,1.78174844083793,0 15.9836925326843,1.78174844083793,0 15.9836925326843,1.782227764200002,0 15.98417185694569,1.782227764200002,0 15.98417185694569,1.782707088461393,0 15.98465118120708,1.782707088461393,0 15.98465118120708,1.783186412722841,0 15.98513050456916,1.783186412722841,0 15.98513050456916,1.784145060346305,0 15.9856098288306,1.784145060346305,0 15.9856098288306,1.784624384607696,0 15.986089153092,1.784624384607696,0 15.986089153092,1.785103708869144,0 15.98656847735339,1.785103708869144,0 15.98656847735339,1.786062356492607,0 15.98704780071546,1.786062356492607,0 15.98704780071546,1.788458976900301,0 15.98656847735339,1.788458976900301,0 15.98656847735339,1.788938300262373,0 15.986089153092,1.788938300262373,0 15.986089153092,1.789417624523821,0 15.9856098288306,1.789417624523821,0 15.9856098288306,1.789896948785213,0 15.98513050456916,1.789896948785213,0 15.98513050456916,1.790855596408676,0 15.98465118120708,1.790855596408676,0 15.98465118120708,1.791334920670124,0 15.98417185694569,1.791334920670124,0 15.98417185694569,1.791814244032196,0 15.9836925326843,1.791814244032196,0 15.9836925326843,1.792293568293587,0 15.98321320932223,1.792293568293587,0 15.98321320932223,1.792772892554979,0 15.98273388506078,1.792772892554979,0 15.98273388506078,1.793252216816427,0 15.98211998534907,1.793491878047803,0 15.98273388506078,1.793731540178499,0 15.98273388506078,1.795169512063353,0 15.98321320932223,1.795169512063353,0 15.98321320932223,1.795648836324801,0 15.9836925326843,1.795648836324801,0 15.98513050456916,1.795648836324801,0 15.9856098288306,1.795648836324801,0 15.9856098288306,1.794690188701281,0 15.986089153092,1.794690188701281,0 15.986089153092,1.793731540178499,0 15.98656847735339,1.793731540178499,0 15.98656847735339,1.792772892554979,0 15.98704780071546,1.792772892554979,0 15.98752712497691,1.792772892554979,0 15.98752712497691,1.792293568293587,0 15.9880064492383,1.792293568293587,0 15.9880064492383,1.791334920670124,0 15.98848577260037,1.791334920670124,0 15.98848577260037,1.789896948785213,0 15.99040306874667,1.789896948785213,0 15.99040306874667,1.790376272147285,0 15.99088239300806,1.790376272147285,0 15.99136171726951,1.790376272147285,0 15.99136171726951,1.790855596408676,0 15.99184104063158,1.790855596408676,0 15.99184104063158,1.791334920670124,0 15.99232036489298,1.791334920670124,0 15.99232036489298,1.791814244032196,0 15.99279968915437,1.791814244032196,0 15.99279968915437,1.792293568293587,0 15.99327901251644,1.792293568293587,0 15.99327901251644,1.793252216816427,0 15.99375833677789,1.793252216816427,0 15.99375833677789,1.793731540178499,0 15.99423766103928,1.793731540178499,0 15.99423766103928,1.797566132471104,0 15.99471698440135,1.797566132471104,0 15.99519630866274,1.797566132471104,0 15.99519630866274,1.798045456732496,0 15.99567563292419,1.798045456732496,0 15.99567563292419,1.799004104355959,0 15.99615495718558,1.799004104355959,0 15.99615495718558,1.799483428617407,0 15.99663428054765,1.799483428617407,0 15.99663428054765,1.799962751979479,0 15.99711360480904,1.799962751979479,0 15.99711360480904,1.80044207624087,0 15.99759292907049,1.80044207624087,0 15.99759292907049,1.80140072386439,0 15.99807225243256,1.80140072386439,0 15.99807225243256,1.802838696648564,0 15.99855157669396,1.802838696648564,0 15.99855157669396,1.803318020010636,0 15.99903090095535,1.803318020010636,0 15.99903090095535,1.804276668533476,0 15.99951022431748,1.804276668533476,0 16.00094819710165,1.804276668533476,0 16.00094819710165,1.804755991895547,0 16.00142752046372,1.804755991895547,0 16.00190684472517,1.804755991895547,0 16.00238616898656,1.804755991895547,0 16.00238616898656,1.804276668533476,0 16.00286549234863,1.804276668533476,0 16.00286549234863,1.803797344272084,0 16.00334481661002,1.803797344272084,0 16.00382414087147,1.803797344272084,0 16.00382414087147,1.801880048125781,0 16.00334481661002,1.801880048125781,0 16.00334481661002,1.80140072386439,0 16.00286549234863,1.80140072386439,0 16.00286549234863,1.80044207624087,0 16.00238616898656,1.80044207624087,0 16.00238616898656,1.799962751979479,0 16.00190684472517,1.799962751979479,0 16.00190684472517,1.799483428617407,0 16.00142752046372,1.799483428617407,0 16.00142752046372,1.798524780094567,0 16.00094819710165,1.798524780094567,0 16.00094819710165,1.798045456732496,0 16.00046887284026,1.798045456732496,0 16.00046887284026,1.797566132471104,0 15.99998954857887,1.797566132471104,0 15.99903090095535,1.797566132471104,0 15.99903090095535,1.797086808209656,0 15.99855157669396,1.797086808209656,0 15.99855157669396,1.796607483948264,0 15.99807225243256,1.796607483948264,0 15.99759292907049,1.796607483948264,0 15.99759292907049,1.795648836324801,0 15.99711360480904,1.795648836324801,0 15.99711360480904,1.794690188701281,0 15.99663428054765,1.794690188701281,0 15.99663428054765,1.79421086443989,0 15.99615495718558,1.79421086443989,0 15.99615495718558,1.792293568293587,0 15.99663428054765,1.792293568293587,0 15.99663428054765,1.791334920670124,0 15.99903090095535,1.791334920670124,0 15.99903090095535,1.792293568293587,0 15.99951022431748,1.792293568293587,0 16.00046887284026,1.792293568293587,0 16.00094819710165,1.792293568293587,0 16.00094819710165,1.791814244032196,0 16.00142752046372,1.791814244032196,0 16.00190684472517,1.791814244032196,0 16.00190684472517,1.789896948785213,0 16.00142752046372,1.789896948785213,0 16.00142752046372,1.789417624523821,0 16.00094819710165,1.789417624523821,0 15.99855157669396,1.789417624523821,0 15.99807225243256,1.789417624523821,0 15.99807225243256,1.789896948785213,0 15.99279968915437,1.789896948785213,0 15.99279968915437,1.789417624523821,0 15.99232036489298,1.789417624523821,0 15.99232036489298,1.788938300262373,0 15.99184104063158,1.788938300262373,0 15.99184104063158,1.788458976900301,0 15.99136171726951,1.788458976900301,0 15.99136171726951,1.78797965263891,0 15.99088239300806,1.78797965263891,0 15.99088239300806,1.78702100411607,0 15.99040306874667,1.78702100411607,0 15.99040306874667,1.786541680753999,0 15.98992374448528,1.786541680753999,0 15.98992374448528,1.783665736984233,0 15.98944442112321,1.783665736984233,0 15.98944442112321,1.782707088461393,0 15.98896509686176,1.782707088461393,0 15.98896509686176,1.78174844083793,0 15.98848577260037,1.78174844083793,0 15.98848577260037,1.781269116576539,0 15.9880064492383,1.781269116576539,0 15.9880064492383,1.780310468953019,0 15.98752712497691,1.780310468953019,0 15.98752712497691,1.779831144691627,0 15.98704780071546,1.779831144691627,0 15.98704780071546,1.779351820430236,0 15.98656847735339,1.779351820430236,0 15.98656847735339,1.778872497068107,0 15.986089153092,1.778872497068107,0 15.986089153092,1.778393172806716,0 15.9856098288306,1.778393172806716,0 15.98513050456916,1.778393172806716,0 15.98513050456916,1.777913848545325,0 15.98465118120708,1.777913848545325,0 15.98321320932223,1.777913848545325,0 15.98321320932223,1.777434524283933,0 15.98273388506078,1.777434524283933,0 15.98273388506078,1.776955200921805,0 15.98225456079939,1.776955200921805,0 15.97937861702962,1.776475876660413,0 15.97889929276818,1.776475876660413,0 15.97889929276818,1.776955200921805,0 15.9784199694061,1.776955200921805,0 15.9784199694061,1.777434524283933,0 15.97794064514471,1.777434524283933,0 15.97794064514471,1.777913848545325,0 15.9745853771135,1.777913848545325,0 15.9745853771135,1.776955200921805,0 15.97410605285211,1.776955200921805,0 15.97410605285211,1.776475876660413,0 15.97362672949004,1.776475876660413,0 15.9726680809672,1.776475876660413,0 15.9726680809672,1.775996552399022,0 15.97218875760512,1.775996552399022,0 15.97170943334373,1.775996552399022,0 15.97170943334373,1.77551722903695,0 15.97123010908234,1.77551722903695,0 15.96979213719743,1.77551722903695,0 15.96931281293604,1.77551722903695,0 15.96931281293604,1.775996552399022,0 15.96883348957391,1.775996552399022,0 15.96835416531252,1.775996552399022,0 15.96835416531252,1.776475876660413,0 15.96643686916622,1.776475876660413,0 15.96595754490483,1.776475876660413,0 15.96595754490483,1.776955200921805,0 15.96547822154275,1.776955200921805,0 15.96547822154275,1.777434524283933,0 15.96451957301991,1.777434524283933,0 15.96404024965784,1.777434524283933,0 15.96404024965784,1.777913848545325,0 15.96356092539645,1.777913848545325,0 15.96356092539645,1.778393172806716,0 15.96308160113506,1.778393172806716,0 15.96308160113506,1.779351820430236,0 15.96260227777293,1.779351820430236,0 15.96260227777293,1.779831144691627,0 15.96212295351154,1.779831144691627,0 15.96212295351154,1.780310468953019,0 15.96164362925015,1.780310468953019,0 15.96164362925015,1.78174844083793,0 15.96116430498876,1.78174844083793,0 15.96116430498876,1.783186412722841,0 15.96068498162663,1.783186412722841,0 15.96068498162663,1.784145060346305,0 15.96020565736524,1.784145060346305,0 15.96020565736524,1.785103708869144,0 15.95972633310385,1.785103708869144,0 15.95972633310385,1.786062356492607,0 15.95924700974177,1.786062356492607,0 15.95924700974177,1.78702100411607,0 15.95876768548033,1.78702100411607,0 15.95876768548033,1.78797965263891,0 15.95828836121893,1.78797965263891,0 15.95828836121893,1.788938300262373,0 15.95780903785686,1.788938300262373,0 15.95780903785686,1.789896948785213,0 15.95732971359547,1.789896948785213,0 15.95732971359547,1.791814244032196,0 15.95685038933402,1.791814244032196,0 15.95685038933402,1.792772892554979,0 15.95637106507263,1.792772892554979,0 15.95637106507263,1.793731540178499,0 15.95589174171056,1.793731540178499,0 15.95589174171056,1.79421086443989,0 15.95541241744917,1.79421086443989,0 15.95541241744917,1.795169512063353,0 15.95493309318778,1.795169512063353,0 15.95493309318778,1.795648836324801,0 15.95445376982565,1.795648836324801,0 15.95445376982565,1.796128160586193,0 15.95397444556426,1.796128160586193,0 15.95397444556426,1.796607483948264,0 15.95349512130287,1.796607483948264,0 15.95349512130287,1.797086808209656,0 15.95301579704147,1.797086808209656,0 15.95301579704147,1.797566132471104,0 15.95253647367935,1.797566132471104,0 15.95253647367935,1.798045456732496,0 15.95205714941795,1.798045456732496,0 15.95205714941795,1.798524780094567,0 15.95157782515656,1.798524780094567,0 15.95157782515656,1.799004104355959,0 15.95109850179449,1.799004104355959,0 15.95109850179449,1.799483428617407,0 15.95061917753304,1.799483428617407,0 15.95061917753304,1.799962751979479,0 15.95013985327165,1.799962751979479,0 15.94966052990958,1.799962751979479,0 15.94966052990958,1.80044207624087,0 15.94918120564819,1.80044207624087,0 15.94918120564819,1.800921400502261,0 15.94870188138674,1.800921400502261,0 15.94870188138674,1.80140072386439,0 15.94822255712535,1.80140072386439,0 15.94822255712535,1.801880048125781,0 15.94774323376328,1.801880048125781,0 15.94774323376328,1.802359372387173,0 15.94602171642913,1.802163593575017,0 15.94486728999351,1.801880048125781,0 15.94486728999351,1.80140072386439,0 15.94438796573206,1.80140072386439,0 15.94438796573206,1.800921400502261,0 15.94390864147067,1.800921400502261,0 15.94390864147067,1.80044207624087,0 15.94342931720928,1.80044207624087,0 15.94294999384721,1.80044207624087,0 15.94294999384721,1.799004104355959,0 15.94247066958576,1.799004104355959,0 15.94247066958576,1.798045456732496,0 15.94199134532437,1.798045456732496,0 15.94199134532437,1.795648836324801,0 15.9415120219623,1.795648836324801,0 15.9415120219623,1.793252216816427,0 15.94103269770091,1.793252216816427,0 15.94103269770091,1.78702100411607,0 15.9415120219623,1.78702100411607,0 15.9415120219623,1.784145060346305,0 15.94103269770091,1.784145060346305,0 15.94103269770091,1.783186412722841,0 15.94055337343946,1.783186412722841,0 15.94055337343946,1.782707088461393,0 15.94007405007739,1.782707088461393,0 15.94007405007739,1.782227764200002,0 15.93959472581599,1.782227764200002,0 15.9391154015546,1.782227764200002,0 15.9391154015546,1.78174844083793,0 15.93863607729315,1.78174844083793,0 15.93671878204623,1.78174844083793,0 15.93671878204623,1.781269116576539,0 15.93623945778478,1.781269116576539,0 15.93432216163848,1.781269116576539,0 15.93384283737709,1.781269116576539,0 15.93384283737709,1.78174844083793,0 15.93048757024525,1.78174844083793,0 15.92987366963422,1.781988102968626,0 15.93048757024525,1.782227764200002,0 15.93048757024525,1.783186412722841,0 15.93096689360732,1.783186412722841,0 15.93096689360732,1.783665736984233,0 15.93144621786871,1.783665736984233,0 15.93336351401501,1.783665736984233,0 15.93384283737709,1.783665736984233,0 15.93384283737709,1.783186412722841,0 15.93623945778478,1.783186412722841,0 15.93623945778478,1.783665736984233,0 15.93671878204623,1.783665736984233,0 15.9371981054083,1.783665736984233,0 15.9371981054083,1.784145060346305,0 15.93767742966969,1.784145060346305,0 15.93815675393108,1.784145060346305,0 15.93815675393108,1.784624384607696,0 15.93863607729315,1.784624384607696,0 15.93863607729315,1.785103708869144,0 15.9391154015546,1.785103708869144,0 15.9391154015546,1.787500328377519,0 15.93863607729315,1.787500328377519,0 15.93863607729315,1.788458976900301,0 15.93815675393108,1.788458976900301,0 15.93815675393108,1.788938300262373,0 15.93767742966969,1.788938300262373,0 15.93767742966969,1.789896948785213,0 15.9371981054083,1.789896948785213,0 15.9371981054083,1.790376272147285,0 15.93671878204623,1.790376272147285,0 15.93671878204623,1.79421086443989,0 15.9371981054083,1.79421086443989,0 15.9371981054083,1.795169512063353,0 15.93767742966969,1.795169512063353,0 15.93767742966969,1.796128160586193,0 15.93815675393108,1.796128160586193,0 15.93815675393108,1.797566132471104,0 15.93863607729315,1.797566132471104,0 15.93863607729315,1.798524780094567,0 15.9391154015546,1.798524780094567,0 15.9391154015546,1.799962751979479,0 15.93959472581599,1.799962751979479,0 15.94007405007739,1.799962751979479,0 15.94007405007739,1.80044207624087,0 15.94055337343946,1.80044207624087,0 15.94055337343946,1.800921400502261,0 15.94103269770091,1.800921400502261,0 15.9415120219623,1.800921400502261,0 15.9415120219623,1.80140072386439,0 15.94199134532437,1.80140072386439,0 15.94199134532437,1.801880048125781,0 15.94247066958576,1.801880048125781,0 15.94247066958576,1.802359372387173,0 15.94294999384721,1.802359372387173,0 15.94342931720928,1.802359372387173,0 15.94342931720928,1.802838696648564,0 15.94390864147067,1.802838696648564,0 15.94438796573206,1.802838696648564,0 15.94438796573206,1.803318020010636,0 15.94486728999351,1.803318020010636,0 15.94486728999351,1.803797344272084,0 15.94534661335558,1.803797344272084,0 15.94966052990958,1.803797344272084,0 15.95013985327165,1.803797344272084,0 15.95013985327165,1.803318020010636,0 15.95109850179449,1.803318020010636,0 15.95157782515656,1.803318020010636,0 15.95157782515656,1.802838696648564,0 15.95205714941795,1.802838696648564,0 15.95253647367935,1.802838696648564,0 15.95253647367935,1.802359372387173,0 15.95301579704147,1.802359372387173,0 15.95301579704147,1.801880048125781,0 15.95349512130287,1.801880048125781,0 15.95349512130287,1.80140072386439,0 15.95397444556426,1.80140072386439,0 15.95397444556426,1.800921400502261,0 15.95445376982565,1.800921400502261,0 15.95445376982565,1.80044207624087,0 15.95493309318778,1.80044207624087,0 15.95493309318778,1.799483428617407,0 15.95541241744917,1.799483428617407,0 15.95541241744917,1.798524780094567,0 15.95589174171056,1.798524780094567,0 15.95589174171056,1.797566132471104,0 15.95637106507263,1.797566132471104,0 15.95637106507263,1.796607483948264,0 15.95685038933402,1.796607483948264,0 15.95685038933402,1.795648836324801,0 15.95732971359547,1.795648836324801,0 15.95732971359547,1.795169512063353,0 15.95780903785686,1.795169512063353,0 15.95780903785686,1.794690188701281,0 15.95828836121893,1.794690188701281,0 15.95828836121893,1.79421086443989,0 15.95876768548033,1.79421086443989,0 15.95876768548033,1.793731540178499,0 15.95924700974177,1.793731540178499,0 15.95924700974177,1.793252216816427,0 15.95972633310385,1.793252216816427,0 15.95972633310385,1.792772892554979,0 15.96020565736524,1.792772892554979,0 15.96020565736524,1.792293568293587,0 15.96068498162663,1.792293568293587,0 15.96068498162663,1.791814244032196,0 15.96116430498876,1.791814244032196,0 15.96116430498876,1.791334920670124,0 15.96260227777293,1.791334920670124,0 15.96260227777293,1.791814244032196,0 15.96308160113506,1.791814244032196,0 15.96356092539645,1.791814244032196,0 15.96356092539645,1.792293568293587,0 15.96404024965784,1.792293568293587,0 15.96404024965784,1.792772892554979,0 15.96451957301991,1.792772892554979,0 15.96451957301991,1.793731540178499,0 15.96499889728136,1.793731540178499,0 15.96499889728136,1.795648836324801,0 15.96547822154275,1.795648836324801,0 15.96547822154275,1.797086808209656,0 15.96595754490483,1.797086808209656,0 15.96595754490483,1.798524780094567,0 15.96643686916622,1.798524780094567,0 15.96643686916622,1.799004104355959,0 15.96691619342761,1.799004104355959,0 15.96739551768906,1.799004104355959,0 15.96787484105113,1.799004104355959,0 15.96787484105113,1.798524780094567,0 15.96835416531252,1.798524780094567,0 15.96835416531252,1.796128160586193,0 15.96787484105113,1.796128160586193,0 15.96787484105113,1.793731540178499,0 15.96835416531252,1.793731540178499,0 15.96835416531252,1.793252216816427,0 15.96979213719743,1.793252216816427,0 15.96979213719743,1.793731540178499,0 15.97027146145882,1.793731540178499,0 15.97075078482089,1.793731540178499,0 15.97075078482089,1.79421086443989,0 15.97123010908234,1.79421086443989,0 15.97123010908234,1.794690188701281,0 15.97170943334373,1.794690188701281,0 15.97170943334373,1.795169512063353,0 15.97218875760512,1.795169512063353,0 15.97218875760512,1.795648836324801,0 15.9726680809672,1.795648836324801,0 15.9726680809672,1.796128160586193,0 15.97314740522864,1.796128160586193,0 15.97314740522864,1.797086808209656,0 15.97362672949004,1.797086808209656,0 15.97362672949004,1.799004104355959,0 15.97410605285211,1.799004104355959,0 15.97389724106489,1.803109222612591,0 15.97362672949004,1.804755991895547,0 15.97314740522864,1.804755991895547,0 15.97314740522864,1.807152612303241,0 15.97253350551694,1.807392274433994,0 15.97314740522864,1.80763193656469,0 15.97314740522864,1.808111259926761,0 15.97314740522864,1.808590584188153,0 15.97362672949004,1.808590584188153,0 15.97362672949004,1.810028556073064,0 15.97410605285211,1.810028556073064,0 15.9745853771135,1.810028556073064,0 15.9745853771135,1.809549231811673,0 15.97554402473702,1.809549231811673,0 15.97602334899841,1.809549231811673,0 15.97602334899841,1.808590584188153,0 15.9765026732598,1.808590584188153,0 15.9765026732598,1.804276668533476,0 15.97698199752119,1.804276668533476,0 15.97698199752119,1.803797344272084,0 15.97746132088332,1.803797344272084,0 15.97746132088332,1.802838696648564,0 15.97794064514471,1.802838696648564,0 15.97794064514471,1.803318020010636,0 15.9784199694061,1.803318020010636,0 15.9784199694061,1.804276668533476,0 15.97889929276818,1.804276668533476,0 15.97889929276818,1.805235316156939,0 15.97937861702962,1.805235316156939,0 15.97937861702962,1.805714640418387,0 15.97985794129102,1.805714640418387,0 15.97985794129102,1.806193963780459,0 15.98033726465309,1.806193963780459,0 15.98033726465309,1.80667328804185,0 15.98081658891448,1.80667328804185,0 15.98081658891448,1.807152612303241,0 15.98129591317593,1.807152612303241,0 15.98129591317593,1.80763193656469,0 15.98177523743732,1.80763193656469,0 15.98177523743732,1.808111259926761,0 15.98225456079939,1.808111259926761,0 15.98225456079939,1.808590584188153,0 15.98273388506078,1.808590584188153,0 15.98273388506078,1.809549231811673,0 15.98321320932223,1.809549231811673,0 15.98321320932223,1.810028556073064,0 15.9836925326843,1.810028556073064,0 15.9836925326843,1.810987203696527,0 15.98417185694569,1.810987203696527,0 15.98465118120708,1.810987203696527,0 15.98465118120708,1.811466527957919,0 15.98513050456916,1.811466527957919,0 15.98513050456916,1.811945852219367,0 15.9856098288306,1.811945852219367,0 15.9856098288306,1.812425176480758,0 15.986089153092,1.812425176480758,0 15.986089153092,1.81290449984283,0 15.98656847735339,1.81290449984283,0 15.98656847735339,1.813383824104221,0 15.98704780071546,1.813383824104221,0 15.98704780071546,1.81386314836567,0 15.98752712497691,1.81386314836567,0 15.98752712497691,1.814342471727741,0 15.9880064492383,1.814342471727741,0 15.9880064492383,1.814821795989133,0 15.98848577260037,1.814821795989133,0 15.98848577260037,1.817218416396827,0 15.9880064492383,1.817218416396827,0 15.9880064492383,1.818177064020347,0 15.98752712497691,1.818177064020347,0 15.98752712497691,1.818656388281738,0 15.98704780071546,1.818656388281738,0 15.98704780071546,1.81913571164381,0 15.98656847735339,1.81913571164381,0 15.98656847735339,1.819615035905258,0 15.986089153092,1.819615035905258,0 15.986089153092,1.82009436016665,0 15.9856098288306,1.82009436016665,0 15.9856098288306,1.821532332051504,0 15.98513050456916,1.821532332051504,0 15.98513050456916,1.822970303936415,0 15.98465118120708,1.822970303936415,0 15.98465118120708,1.823928951559935,0 15.98403728149538,1.824168613690631,0 15.98465118120708,1.824408275821327,0 15.98465118120708,1.826804896229021,0 15.98513050456916,1.826804896229021,0 15.986089153092,1.826804896229021,0 15.98656847735339,1.826804896229021,0 15.98656847735339,1.825846247706238,0 15.98704780071546,1.825846247706238,0 15.98704780071546,1.824887600082718,0 15.98752712497691,1.824887600082718,0 15.98752712497691,1.823449628197807,0 15.9880064492383,1.823449628197807,0 15.9880064492383,1.821532332051504,0 15.98848577260037,1.821532332051504,0 15.98848577260037,1.821053007790113,0 15.98896509686176,1.821053007790113,0 15.98896509686176,1.82009436016665,0 15.98944442112321,1.82009436016665,0 15.98944442112321,1.81913571164381,0 15.98992374448528,1.81913571164381,0 15.98992374448528,1.818177064020347,0 15.99040306874667,1.818177064020347,0 15.99040306874667,1.817697739758955,0 15.99088239300806,1.817697739758955,0 15.99088239300806,1.817218416396827,0 15.99184104063158,1.817218416396827,0 15.99184104063158,1.817697739758955,0 15.99232036489298,1.817697739758955,0 15.99232036489298,1.818177064020347,0 15.99279968915437,1.818177064020347,0 15.99279968915437,1.818656388281738,0 15.99327901251644,1.818656388281738,0 15.99327901251644,1.81913571164381,0 15.99375833677789,1.81913571164381,0 15.99375833677789,1.819615035905258,0 15.99423766103928,1.819615035905258,0 15.99423766103928,1.82009436016665,0 15.99471698440135,1.82009436016665,0 15.99471698440135,1.821053007790113,0 15.99519630866274,1.821053007790113,0 15.99519630866274,1.823928951559935,0 15.99519630866274,1.824408275821327,0 15.99471698440135,1.824408275821327,0 15.99471698440135,1.828242868113932,0 15.99423766103928,1.828242868113932,0 15.99423766103928,1.829680839998787,0 15.99375833677789,1.829680839998787,0 15.99375833677789,1.830639487622307,0 15.99327901251644,1.830639487622307,0 15.99327901251644,1.83159813614509,0 15.99279968915437,1.83159813614509,0 15.99279968915437,1.832077459507218,0 15.99232036489298,1.832077459507218,0 15.99232036489298,1.838308671308198,0 15.99184104063158,1.838308671308198,0 15.99184104063158,1.839267319830981,0 15.99136171726951,1.839267319830981,0 15.99136171726951,1.839746644092372,0 15.99088239300806,1.839746644092372,0 15.99088239300806,1.840225967454501,0 15.99040306874667,1.840225967454501,0 15.99040306874667,1.840705291715892,0 15.98848577260037,1.840705291715892,0 15.98848577260037,1.840225967454501,0 15.9880064492383,1.840225967454501,0 15.98704780071546,1.840225967454501,0 15.98704780071546,1.839746644092372,0 15.98656847735339,1.839746644092372,0 15.98656847735339,1.839267319830981,0 15.986089153092,1.839267319830981,0 15.98513050456916,1.839267319830981,0 15.98465118120708,1.839267319830981,0 15.98465118120708,1.839746644092372,0 15.98417185694569,1.839746644092372,0 15.9836925326843,1.839746644092372,0 15.9836925326843,1.840225967454501,0 15.98321320932223,1.840225967454501,0 15.98321320932223,1.840705291715892,0 15.98273388506078,1.840705291715892,0 15.98273388506078,1.842143263600804,0 15.98211998534907,1.842382925731499,0 15.98273388506078,1.842622587862195,0 15.98417185694569,1.842622587862195,0 15.98465118120708,1.842622587862195,0 15.98465118120708,1.842143263600804,0 15.98513050456916,1.842143263600804,0 15.9856098288306,1.842143263600804,0 15.9856098288306,1.841663939339355,0 15.98848577260037,1.841663939339355,0 15.98848577260037,1.842143263600804,0 15.98896509686176,1.842143263600804,0 15.98896509686176,1.844060559747106,0 15.98848577260037,1.844060559747106,0 15.98848577260037,1.845019207370569,0 15.9856098288306,1.845019207370569,0 15.98513050456916,1.845019207370569,0 15.98513050456916,1.845498531631961,0 15.98465118120708,1.845498531631961,0 15.98417185694569,1.845498531631961,0 15.98417185694569,1.845977855893409,0 15.98321320932223,1.845977855893409,0 15.98273388506078,1.845977855893409,0 15.98273388506078,1.846457179255481,0 15.98225456079939,1.846457179255481,0 15.98225456079939,1.846936503516872,0 15.98177523743732,1.846936503516872,0 15.98129591317593,1.846936503516872,0 15.98129591317593,1.847415827778264,0 15.98081658891448,1.847415827778264,0 15.98081658891448,1.847895151140335,0 15.98033726465309,1.847895151140335,0 15.98033726465309,1.848374475401784,0 15.97985794129102,1.848374475401784,0 15.97985794129102,1.850291771548086,0 15.98033726465309,1.850291771548086,0 15.98081658891448,1.850291771548086,0 15.98129591317593,1.850291771548086,0 15.98129591317593,1.849812447286638,0 15.98177523743732,1.849812447286638,0 15.98177523743732,1.849333123924566,0 15.98225456079939,1.849333123924566,0 15.98225456079939,1.848853799663175,0 15.98273388506078,1.848853799663175,0 15.98273388506078,1.848374475401784,0 15.98321320932223,1.848374475401784,0 15.98321320932223,1.847895151140335,0 15.9836925326843,1.847895151140335,0 15.9836925326843,1.847415827778264,0 15.98417185694569,1.847415827778264,0 15.98465118120708,1.847415827778264,0 15.98465118120708,1.846936503516872,0 15.9880064492383,1.846936503516872,0 15.9880064492383,1.848374475401784,0 15.98752712497691,1.848374475401784,0 15.98752712497691,1.849812447286638,0 15.98704780071546,1.849812447286638,0 15.98704780071546,1.850291771548086,0 15.98656847735339,1.850291771548086,0 15.98656847735339,1.850771095809478,0 15.986089153092,1.850771095809478,0 15.986089153092,1.851250419171549,0 15.9856098288306,1.851250419171549,0 15.9856098288306,1.851729743432941,0 15.98513050456916,1.851729743432941,0 15.98513050456916,1.852209067694389,0 15.98465118120708,1.852209067694389,0 15.98465118120708,1.852688391056461,0 15.98417185694569,1.852688391056461,0 15.9836925326843,1.852688391056461,0 15.9836925326843,1.854126363840692,0 15.98321320932223,1.854126363840692,0 15.98321320932223,1.855085011464155,0 15.98273388506078,1.855085011464155,0 15.98273388506078,1.856043659087618,0 15.98225456079939,1.856043659087618,0 15.98225456079939,1.857002307610458,0 15.98177523743732,1.857002307610458,0 15.98177523743732,1.858440279495369,0 15.98129591317593,1.858440279495369,0 15.98129591317593,1.859398927118832,0 15.98081658891448,1.859398927118832,0 15.98081658891448,1.861795547526526,0 15.98129591317593,1.861795547526526,0 15.98321320932223,1.861795547526526,0 15.9836925326843,1.861795547526526,0 15.9836925326843,1.861316223265135,0 15.98430643239601,1.861076561134439,0 15.9836925326843,1.860836899003743,0 15.9836925326843,1.859398927118832,0 15.98417185694569,1.859398927118832,0 15.98417185694569,1.857481630972529,0 15.98465118120708,1.857481630972529,0 15.98465118120708,1.855564335725546,0 15.98513050456916,1.855564335725546,0 15.98513050456916,1.855085011464155,0 15.9856098288306,1.855085011464155,0 15.9856098288306,1.854605687202763,0 15.986089153092,1.854605687202763,0 15.986089153092,1.854126363840692,0 15.98656847735339,1.854126363840692,0 15.98704780071546,1.854126363840692,0 15.98704780071546,1.853647039579244,0 15.98752712497691,1.853647039579244,0 15.98752712497691,1.853167715317852,0 15.9880064492383,1.853167715317852,0 15.9880064492383,1.852688391056461,0 15.98848577260037,1.852688391056461,0 15.98848577260037,1.852209067694389,0 15.98896509686176,1.852209067694389,0 15.98896509686176,1.851729743432941,0 15.98944442112321,1.851729743432941,0 15.98992374448528,1.851729743432941,0 15.98992374448528,1.851250419171549,0 15.99040306874667,1.851250419171549,0 15.99088239300806,1.851250419171549,0 15.99088239300806,1.850771095809478,0 15.99136171726951,1.850771095809478,0 15.99136171726951,1.850291771548086,0 15.99184104063158,1.850291771548086,0 15.99184104063158,1.850771095809478,0 15.99232036489298,1.850771095809478,0 15.99279968915437,1.850771095809478,0 15.99279968915437,1.853167715317852,0 15.99327901251644,1.853167715317852,0 15.99327901251644,1.854605687202763,0 15.99375833677789,1.854605687202763,0 15.99423766103928,1.854605687202763,0 15.99471698440135,1.854605687202763,0 15.99471698440135,1.854126363840692,0 15.99519630866274,1.854126363840692,0 15.99567563292419,1.854126363840692,0 15.99567563292419,1.851729743432941,0 15.99519630866274,1.851729743432941,0 15.99519630866274,1.850771095809478,0 15.99471698440135,1.850771095809478,0 15.99471698440135,1.850291771548086,0 15.99423766103928,1.850291771548086,0 15.99423766103928,1.849812447286638,0 15.99375833677789,1.849812447286638,0 15.99375833677789,1.849333123924566,0 15.99327901251644,1.849333123924566,0 15.99327901251644,1.848853799663175,0 15.99279968915437,1.848853799663175,0 15.99279968915437,1.847415827778264,0 15.99232036489298,1.847415827778264,0 15.99232036489298,1.845977855893409,0 15.99184104063158,1.845977855893409,0 15.99184104063158,1.843581235485658,0 15.99232036489298,1.843581235485658,0 15.99232036489298,1.842622587862195,0 15.99279968915437,1.842622587862195,0 15.99279968915437,1.841663939339355,0 15.99327901251644,1.841663939339355,0 15.99327901251644,1.840705291715892,0 15.99375833677789,1.840705291715892,0 15.99375833677789,1.839267319830981,0 15.99423766103928,1.839267319830981,0 15.99423766103928,1.838308671308198,0 15.99471698440135,1.838308671308198,0 15.99471698440135,1.837350023684678,0 15.99519630866274,1.837350023684678,0 15.99519630866274,1.835432727538375,0 15.99567563292419,1.835432727538375,0 15.99567563292419,1.834474079914912,0 15.99615495718558,1.834474079914912,0 15.99615495718558,1.833036108030001,0 15.99663428054765,1.833036108030001,0 15.99663428054765,1.832077459507218,0 15.99711360480904,1.832077459507218,0 15.99711360480904,1.831118811883698,0 15.99759292907049,1.831118811883698,0 15.99759292907049,1.830639487622307,0 15.99807225243256,1.830639487622307,0 15.99807225243256,1.830160164260235,0 15.99903090095535,1.830160164260235,0 15.99903090095535,1.833515431392073,0 15.99855157669396,1.833515431392073,0 15.99855157669396,1.834474079914912,0 15.99807225243256,1.834474079914912,0 15.99807225243256,1.834953404176304,0 15.99759292907049,1.834953404176304,0 15.99759292907049,1.836870699423287,0 15.99697902935878,1.837110361553982,0 15.99759292907049,1.837350023684678,0 15.99759292907049,1.840225967454501,0 15.99807225243256,1.840225967454501,0 15.99807225243256,1.840705291715892,0 15.99855157669396,1.840705291715892,0 15.99855157669396,1.841184615977284,0 15.99903090095535,1.841184615977284,0 15.99903090095535,1.841663939339355,0 15.99951022431748,1.841663939339355,0 15.99951022431748,1.842143263600804,0 15.99998954857887,1.842143263600804,0 15.99998954857887,1.842622587862195,0 16.00046887284026,1.842622587862195,0 16.00046887284026,1.843101911224267,0 16.00094819710165,1.843101911224267,0 16.00094819710165,1.843581235485658,0 16.00142752046372,1.843581235485658,0 16.00142752046372,1.844060559747106,0 16.00190684472517,1.844060559747106,0 16.00190684472517,1.844539884008498,0 16.00238616898656,1.844539884008498,0 16.00238616898656,1.845019207370569,0 16.00286549234863,1.845019207370569,0 16.00286549234863,1.845498531631961,0 16.00334481661002,1.845498531631961,0 16.00334481661002,1.850291771548086,0 16.00286549234863,1.850291771548086,0 16.00286549234863,1.851250419171549,0 16.00238616898656,1.851250419171549,0 16.00238616898656,1.851729743432941,0 16.00190684472517,1.851729743432941,0 16.00190684472517,1.852688391056461,0 16.00142752046372,1.852688391056461,0 16.00142752046372,1.853167715317852,0 16.00094819710165,1.853167715317852,0 16.00094819710165,1.853647039579244,0 16.00046887284026,1.853647039579244,0 16.00046887284026,1.854126363840692,0 15.99998954857887,1.854126363840692,0 15.99998954857887,1.854605687202763,0 15.99951022431748,1.854605687202763,0 15.99951022431748,1.855085011464155,0 15.99903090095535,1.855085011464155,0 15.99903090095535,1.855564335725546,0 15.99855157669396,1.855564335725546,0 15.99855157669396,1.856043659087618,0 15.99807225243256,1.856043659087618,0 15.99807225243256,1.856522983349066,0 15.99759292907049,1.856522983349066,0 15.99759292907049,1.857002307610458,0 15.99711360480904,1.857002307610458,0 15.99711360480904,1.857960955233921,0 15.99663428054765,1.857960955233921,0 15.99663428054765,1.85891960375676,0 15.99615495718558,1.85891960375676,0 15.99615495718558,1.859878251380223,0 15.99567563292419,1.859878251380223,0 15.99567563292419,1.860357575641672,0 15.99471698440135,1.860357575641672,0 15.99423766103928,1.860357575641672,0 15.99423766103928,1.860836899003743,0 15.99375833677789,1.860836899003743,0 15.99327901251644,1.860836899003743,0 15.99327901251644,1.861316223265135,0 15.99279968915437,1.861316223265135,0 15.99279968915437,1.861795547526526,0 15.99232036489298,1.861795547526526,0 15.99232036489298,1.862274871787975,0 15.99088239300806,1.862274871787975,0 15.99040306874667,1.862274871787975,0 15.99040306874667,1.862754195150046,0 15.98992374448528,1.862754195150046,0 15.98992374448528,1.863233519411438,0 15.98944442112321,1.863233519411438,0 15.98944442112321,1.863712843672829,0 15.98896509686176,1.863712843672829,0 15.98896509686176,1.864192167034901,0 15.98848577260037,1.864192167034901,0 15.98848577260037,1.864671491296349,0 15.9880064492383,1.864671491296349,0 15.9880064492383,1.86515081555774,0 15.98752712497691,1.86515081555774,0 15.98752712497691,1.866588787442652,0</coordinates></LinearRing></innerBoundaryIs>
          <innerBoundaryIs><LinearRing><coordinates> 15.83270547577712,1.87138202735872,0 15.83339360373185,1.870850891355588,0 15.83293299616088,1.866908960480203,0 15.83270547577712,1.87138202735872,0 15.83206078417788,1.871721596974169,0 15.83250024688891,1.872961361877401,0 15.83270547577712,1.87138202735872,0</coordinates></LinearRing></innerBoundaryIs>
        </Polygon>
        <Polygon>
          <extrude>0</extrude>          <altitudeMode>clampToGround</altitudeMode>
          <outerBoundaryIs><LinearRing><coordinates> 15.95780903785686,1.97222322242385,0 15.95711957261023,1.970826274912724,0 15.95541241744917,1.969612682979005,0 15.95541241744917,1.969164121826793,0 15.95589174171056,1.969164121826793,0 15.95589174171056,1.968684797565402,0 15.95637106507263,1.968684797565402,0 15.95637106507263,1.96820547330401,0 15.95732971359547,1.96820547330401,0 15.95780903785686,1.96820547330401,0 15.95780903785686,1.967726149941939,0 15.95828836121893,1.967726149941939,0 15.95828836121893,1.967246825680491,0 15.95876768548033,1.967246825680491,0 15.95876768548033,1.966767501419099,0 15.95924700974177,1.966767501419099,0 15.95924700974177,1.966288178057027,0 15.95972633310385,1.966288178057027,0 15.96020565736524,1.966288178057027,0 15.96020565736524,1.965808853795636,0 15.96164362925015,1.965808853795636,0 15.96164362925015,1.967246825680491,0 15.96116430498876,1.967246825680491,0 15.96116430498876,1.967726149941939,0 15.96068498162663,1.967726149941939,0 15.96068498162663,1.96820547330401,0 15.96020565736524,1.96820547330401,0 15.96020565736524,1.968684797565402,0 15.95972633310385,1.968684797565402,0 15.95972633310385,1.969164121826793,0 15.95924700974177,1.969164121826793,0 15.95924700974177,1.970602093711705,0 15.95876768548033,1.970602093711705,0 15.95876768548033,1.971560741335168,0 15.95828836121893,1.971560741335168,0 15.95828836121893,1.972040065596616,0 15.95780903785686,1.972040065596616,0 15.95780903785686,1.97222322242385,0</coordinates></LinearRing></outerBoundaryIs>
        </Polygon>
        <Polygon>
          <extrude>0</extrude>          <altitudeMode>clampToGround</altitudeMode>
          <outerBoundaryIs><LinearRing><coordinates> 16.04814670990277,1.978109035203886,0 16.04897332985536,1.978650572765787,0 16.04935991962464,1.97890354486276,0 16.04935991962464,1.979229925920379,0 16.04983924388603,1.979229925920379,0 16.04983924388603,1.97970924928245,0 16.05031856814748,1.97970924928245,0 16.05031856814748,1.98066789780529,0 16.05079789240887,1.98066789780529,0 16.05079789240887,1.981626545428753,0 16.05127721577094,1.981626545428753,0 16.05127721577094,1.983064517313665,0 16.05175654003233,1.983064517313665,0 16.05175654003233,1.984023165836504,0 16.05223586429378,1.984023165836504,0 16.05223586429378,1.984463747304119,0 16.05127721577094,1.985313044561394,0 16.05127721577094,1.984502489198576,0 16.05079789240887,1.984502489198576,0 16.05079789240887,1.983543841575056,0 16.05031856814748,1.983543841575056,0 16.05031856814748,1.982105869690201,0 16.04983924388603,1.982105869690201,0 16.04983924388603,1.981147221167362,0 16.04935991962464,1.981147221167362,0 16.04935991962464,1.980188573543899,0 16.04888059626256,1.980188573543899,0 16.04888059626256,1.97970924928245,0 16.04840127200117,1.97970924928245,0 16.04840127200117,1.978750601658987,0 16.04792194773972,1.978750601658987,0 16.04792194773972,1.977919939253866,0 16.04814670990277,1.978109035203886,0</coordinates></LinearRing></outerBoundaryIs>
        </Polygon>
        <Polygon>
          <extrude>0</extrude>          <altitudeMode>clampToGround</altitudeMode>
          <outerBoundaryIs><LinearRing><coordinates> 15.99673235071748,2.008265265729506,0 15.99584071607626,2.008182481336519,0 15.99288185841107,2.006861511249781,0 15.99075498605379,2.006562555017922,0 15.98948554442239,2.00664310099836,0 15.9876236051453,2.007415949586459,0 15.98148829794667,2.006978690214453,0 15.97820060767197,2.005327112256452,0 15.97622807786354,2.004336168179691,0 15.97348773387188,2.003990334786181,0 15.95972633310385,1.976107915947637,0 15.95972633310385,1.975395333627773,0 15.96020565736524,1.975395333627773,0 15.96068498162663,1.975395333627773,0 15.96068498162663,1.974916009366382,0 15.96116430498876,1.974916009366382,0 15.96116430498876,1.97347803748147,0 15.96164362925015,1.97347803748147,0 15.96164362925015,1.972040065596616,0 15.96212295351154,1.972040065596616,0 15.96212295351154,1.971560741335168,0 15.96260227777293,1.971560741335168,0 15.96260227777293,1.970602093711705,0 15.96308160113506,1.970602093711705,0 15.96308160113506,1.96820547330401,0 15.96356092539645,1.96820547330401,0 15.96404024965784,1.96820547330401,0 15.96404024965784,1.967726149941939,0 15.96451957301991,1.967726149941939,0 15.96451957301991,1.967246825680491,0 15.96499889728136,1.967246825680491,0 15.96499889728136,1.966288178057027,0 15.96547822154275,1.966288178057027,0 15.96547822154275,1.965329529534188,0 15.96595754490483,1.965329529534188,0 15.96595754490483,1.964850206172116,0 15.96643686916622,1.964850206172116,0 15.96643686916622,1.964370881910725,0 15.96739551768906,1.964370881910725,0 15.96787484105113,1.964370881910725,0 15.96787484105113,1.963891557649333,0 15.96835416531252,1.963891557649333,0 15.96883348957391,1.963891557649333,0 15.96883348957391,1.963412233387885,0 15.96931281293604,1.963412233387885,0 15.96979213719743,1.963412233387885,0 15.96979213719743,1.962932910025813,0 15.97027146145882,1.962932910025813,0 15.97075078482089,1.962932910025813,0 15.97075078482089,1.962453585764422,0 15.97123010908234,1.962453585764422,0 15.97170943334373,1.962453585764422,0 15.97170943334373,1.96197426150303,0 15.97362672949004,1.96197426150303,0 15.97362672949004,1.962453585764422,0 15.97410605285211,1.962453585764422,0 15.97410605285211,1.962932910025813,0 15.9745853771135,1.962932910025813,0 15.9745853771135,1.963412233387885,0 15.97506470137489,1.963412233387885,0 15.97506470137489,1.966288178057027,0 15.9745853771135,1.966288178057027,0 15.9745853771135,1.967246825680491,0 15.97410605285211,1.967246825680491,0 15.97410605285211,1.969643446088242,0 15.97362672949004,1.969643446088242,0 15.97362672949004,1.970602093711705,0 15.97314740522864,1.970602093711705,0 15.97314740522864,1.971560741335168,0 15.9726680809672,1.971560741335168,0 15.9726680809672,1.972519389858007,0 15.97218875760512,1.972519389858007,0 15.97218875760512,1.97347803748147,0 15.97170943334373,1.97347803748147,0 15.97170943334373,1.97443668600431,0 15.97123010908234,1.97443668600431,0 15.97123010908234,1.974916009366382,0 15.97075078482089,1.974916009366382,0 15.97075078482089,1.975395333627773,0 15.97027146145882,1.975395333627773,0 15.97027146145882,1.975874657889222,0 15.96979213719743,1.975874657889222,0 15.96979213719743,1.976353981251293,0 15.96931281293604,1.976353981251293,0 15.96931281293604,1.976833305512685,0 15.96883348957391,1.976833305512685,0 15.96835416531252,1.976833305512685,0 15.96835416531252,1.977791953136205,0 15.96787484105113,1.977791953136205,0 15.96787484105113,1.978271277397596,0 15.96726094133942,1.978510939528292,0 15.96787484105113,1.978750601658987,0 15.96835416531252,1.978750601658987,0 15.96835416531252,1.979229925920379,0 15.96883348957391,1.979229925920379,0 15.97027146145882,1.979229925920379,0 15.97075078482089,1.979229925920379,0 15.97075078482089,1.978750601658987,0 15.97123010908234,1.978750601658987,0 15.97170943334373,1.978750601658987,0 15.97170943334373,1.978271277397596,0 15.97218875760512,1.978271277397596,0 15.9726680809672,1.978271277397596,0 15.9726680809672,1.977791953136205,0 15.97314740522864,1.977791953136205,0 15.97314740522864,1.977312629774076,0 15.97362672949004,1.977312629774076,0 15.97362672949004,1.976353981251293,0 15.97410605285211,1.976353981251293,0 15.97410605285211,1.975874657889222,0 15.9745853771135,1.975874657889222,0 15.9745853771135,1.974916009366382,0 15.97506470137489,1.974916009366382,0 15.97506470137489,1.97347803748147,0 15.97554402473702,1.97347803748147,0 15.97554402473702,1.970122769450313,0 15.97602334899841,1.970122769450313,0 15.97602334899841,1.969643446088242,0 15.9765026732598,1.969643446088242,0 15.9765026732598,1.968684797565402,0 15.97698199752119,1.968684797565402,0 15.97698199752119,1.966767501419099,0 15.97746132088332,1.966767501419099,0 15.97746132088332,1.964850206172116,0 15.97794064514471,1.964850206172116,0 15.97794064514471,1.961494938140959,0 15.9784199694061,1.961494938140959,0 15.9784199694061,1.958618993471816,0 15.97889929276818,1.958618993471816,0 15.97889929276818,1.956701698224833,0 15.9784199694061,1.956701698224833,0 15.9784199694061,1.956222373963442,0 15.97794064514471,1.956222373963442,0 15.97794064514471,1.955743049702051,0 15.9784199694061,1.955743049702051,0 15.9784199694061,1.954784402078531,0 15.97889929276818,1.954784402078531,0 15.97937861702962,1.954784402078531,0 15.97937861702962,1.954305077817139,0 15.97985794129102,1.954305077817139,0 15.97985794129102,1.953346430193619,0 15.98033726465309,1.953346430193619,0 15.98033726465309,1.952867105932228,0 15.98081658891448,1.952867105932228,0 15.98081658891448,1.952387781670836,0 15.98129591317593,1.952387781670836,0 15.98129591317593,1.951908458308765,0 15.98177523743732,1.951908458308765,0 15.98177523743732,1.951429134047373,0 15.98273388506078,1.951429134047373,0 15.98321320932223,1.951429134047373,0 15.98321320932223,1.950949809785925,0 15.9836925326843,1.950949809785925,0 15.98417185694569,1.950949809785925,0 15.98417185694569,1.950470485524534,0 15.98465118120708,1.950470485524534,0 15.98513050456916,1.950470485524534,0 15.98513050456916,1.949991162162462,0 15.9856098288306,1.949991162162462,0 15.9856098288306,1.949511837901071,0 15.986089153092,1.949511837901071,0 15.986089153092,1.949032513639622,0 15.98656847735339,1.949032513639622,0 15.98656847735339,1.948553190277551,0 15.98704780071546,1.948553190277551,0 15.98704780071546,1.948073866016159,0 15.98752712497691,1.948073866016159,0 15.98752712497691,1.947594541754768,0 15.9880064492383,1.947594541754768,0 15.9880064492383,1.947115218392639,0 15.98848577260037,1.947115218392639,0 15.98848577260037,1.946635894131248,0 15.98896509686176,1.946635894131248,0 15.98896509686176,1.946156569869856,0 15.98944442112321,1.946156569869856,0 15.98944442112321,1.945197922246337,0 15.98992374448528,1.945197922246337,0 15.98992374448528,1.944718597984945,0 15.99184104063158,1.944718597984945,0 15.99232036489298,1.944718597984945,0 15.99232036489298,1.944239273723554,0 15.99423766103928,1.944239273723554,0 15.99471698440135,1.944239273723554,0 15.99471698440135,1.943759950361482,0 15.99615495718558,1.943759950361482,0 15.99663428054765,1.943759950361482,0 15.99663428054765,1.943280626100091,0 15.99711360480904,1.943280626100091,0 15.99759292907049,1.943280626100091,0 15.99759292907049,1.942801301838642,0 15.99807225243256,1.942801301838642,0 15.99807225243256,1.942321978476571,0 15.99855157669396,1.942321978476571,0 15.99855157669396,1.941842654215179,0 15.99903090095535,1.941842654215179,0 15.99903090095535,1.941363329953788,0 15.99951022431748,1.941363329953788,0 15.99951022431748,1.94088400569234,0 16.00046887284026,1.94088400569234,0 16.00094819710165,1.94088400569234,0 16.00094819710165,1.940404682330268,0 16.00142752046372,1.940404682330268,0 16.00190684472517,1.940404682330268,0 16.00190684472517,1.939925358068876,0 16.00238616898656,1.939925358068876,0 16.00238616898656,1.939446033807485,0 16.00430346513286,1.939446033807485,0 16.00478278849494,1.939446033807485,0 16.00478278849494,1.938966710445357,0 16.00622076037985,1.938966710445357,0 16.00670008464124,1.938966710445357,0 16.00670008464124,1.938487386183965,0 16.00717940890263,1.938487386183965,0 16.00717940890263,1.938008061922574,0 16.00765873226476,1.938008061922574,0 16.00765873226476,1.937528738560502,0 16.00861738078754,1.937528738560502,0 16.00909670504893,1.937528738560502,0 16.00909670504893,1.937049414299054,0 16.01053467693384,1.937049414299054,0 16.01053467693384,1.937528738560502,0 16.01101400029592,1.937528738560502,0 16.01101400029592,1.938008061922574,0 16.01149332455731,1.938008061922574,0 16.01149332455731,1.939925358068876,0 16.01101400029592,1.939925358068876,0 16.01101400029592,1.943280626100091,0 16.01040010058421,1.943520288230786,0 16.01101400029592,1.943759950361482,0 16.01101400029592,1.946156569869856,0 16.01149332455731,1.946156569869856,0 16.01245197218083,1.946156569869856,0 16.01293129644222,1.946156569869856,0 16.01293129644222,1.945677245608465,0 16.01341062070361,1.945677245608465,0 16.01341062070361,1.945197922246337,0 16.01388994496506,1.945197922246337,0 16.01388994496506,1.936570090037662,0 16.01436926832713,1.936570090037662,0 16.01436926832713,1.935611442414199,0 16.01484859258852,1.935611442414199,0 16.01484859258852,1.93465279389136,0 16.0172452120969,1.93465279389136,0 16.0172452120969,1.935132118152751,0 16.01772453635834,1.935132118152751,0 16.01820386061974,1.935132118152751,0 16.01820386061974,1.935611442414199,0 16.01868318488113,1.935611442414199,0 16.0191625082432,1.935611442414199,0 16.0191625082432,1.936090765776271,0 16.01964183250459,1.936090765776271,0 16.01964183250459,1.936570090037662,0 16.02012115676604,1.936570090037662,0 16.02012115676604,1.937049414299054,0 16.02060048012811,1.937049414299054,0 16.02060048012811,1.937528738560502,0 16.0210798043895,1.937528738560502,0 16.0210798043895,1.938008061922574,0 16.02155912865089,1.938008061922574,0 16.02155912865089,1.938487386183965,0 16.02203845201302,1.938487386183965,0 16.02203845201302,1.938966710445357,0 16.02251777627441,1.938966710445357,0 16.0229971005358,1.938966710445357,0 16.0229971005358,1.939446033807485,0 16.0234764247972,1.939446033807485,0 16.0234764247972,1.939925358068876,0 16.02395574815932,1.939925358068876,0 16.02491439668211,1.939925358068876,0 16.02539372004418,1.939925358068876,0 16.02539372004418,1.938008061922574,0 16.02491439668211,1.938008061922574,0 16.02491439668211,1.937528738560502,0 16.02443507242072,1.937528738560502,0 16.02395574815932,1.937528738560502,0 16.02395574815932,1.937049414299054,0 16.0234764247972,1.937049414299054,0 16.0234764247972,1.936570090037662,0 16.0229971005358,1.936570090037662,0 16.02251777627441,1.936570090037662,0 16.02251777627441,1.935132118152751,0 16.02203845201302,1.935132118152751,0 16.02203845201302,1.93465279389136,0 16.02155912865089,1.93465279389136,0 16.02060048012811,1.93465279389136,0 16.02060048012811,1.934173470529288,0 16.02012115676604,1.934173470529288,0 16.02012115676604,1.933694146267897,0 16.01964183250459,1.933694146267897,0 16.01964183250459,1.933214822006505,0 16.0191625082432,1.933214822006505,0 16.0191625082432,1.929380230613219,0 16.01964183250459,1.929380230613219,0 16.01964183250459,1.928900906351771,0 16.02012115676604,1.928900906351771,0 16.02012115676604,1.927942258728308,0 16.02060048012811,1.927942258728308,0 16.02060048012811,1.926983610205468,0 16.0210798043895,1.926983610205468,0 16.0210798043895,1.926024962582005,0 16.02155912865089,1.926024962582005,0 16.02155912865089,1.924586990697094,0 16.02203845201302,1.924586990697094,0 16.02203845201302,1.923628342174311,0 16.02251777627441,1.923628342174311,0 16.02251777627441,1.922669694550791,0 16.0229971005358,1.922669694550791,0 16.0229971005358,1.9221903702894,0 16.0234764247972,1.9221903702894,0 16.0234764247972,1.921231722665937,0 16.02395574815932,1.921231722665937,0 16.02443507242072,1.921231722665937,0 16.02443507242072,1.920752398404488,0 16.02491439668211,1.920752398404488,0 16.02491439668211,1.920273074143097,0 16.02539372004418,1.920273074143097,0 16.02539372004418,1.919793750781025,0 16.02587304430563,1.919793750781025,0 16.02635236856702,1.919793750781025,0 16.02635236856702,1.919314426519634,0 16.02683169192909,1.919314426519634,0 16.02683169192909,1.918835102258186,0 16.02731101619048,1.918835102258186,0 16.02731101619048,1.917876454634722,0 16.02779034045187,1.917876454634722,0 16.02826966471332,1.917876454634722,0 16.02826966471332,1.917397130373331,0 16.02874898807539,1.917397130373331,0 16.02874898807539,1.915000510864957,0 16.02922831233678,1.915000510864957,0 16.02970763659818,1.915000510864957,0 16.02970763659818,1.914521186603508,0 16.0301869599603,1.914521186603508,0 16.0306662842217,1.914521186603508,0 16.0306662842217,1.914041862342117,0 16.03114560848309,1.914041862342117,0 16.03162493184516,1.914041862342117,0 16.03162493184516,1.913562538980045,0 16.03210425610661,1.913562538980045,0 16.032583580368,1.913562538980045,0 16.032583580368,1.913083214718654,0 16.03306290462939,1.913083214718654,0 16.03354222799146,1.913083214718654,0 16.03354222799146,1.912603890457206,0 16.03402155225291,1.912603890457206,0 16.0345008765143,1.912603890457206,0 16.0345008765143,1.912124566195814,0 16.04312870782366,1.912124566195814,0 16.04360803208505,1.912124566195814,0 16.04360803208505,1.911645242833743,0 16.04792194773972,1.911645242833743,0 16.04840127200117,1.911645242833743,0 16.04840127200117,1.911165918572351,0 16.04983924388603,1.911165918572351,0 16.05031856814748,1.911165918572351,0 16.05031856814748,1.910686594310903,0 16.05319451191724,1.910686594310903,0 16.05319451191724,1.911165918572351,0 16.05367383617863,1.911165918572351,0 16.05846707609476,1.911165918572351,0 16.05846707609476,1.911645242833743,0 16.05894639945683,1.911645242833743,0 16.05942572371822,1.911645242833743,0 16.05942572371822,1.912124566195814,0 16.05990504797961,1.912124566195814,0 16.06230166748799,1.912124566195814,0 16.06278099174944,1.912124566195814,0 16.06278099174944,1.911645242833743,0 16.0656569355192,1.911645242833743,0 16.06613625978059,1.911645242833743,0 16.06613625978059,1.911165918572351,0 16.06853287928902,1.911165918572351,0 16.06901220355042,1.911165918572351,0 16.06901220355042,1.910686594310903,0 16.06949152781181,1.910686594310903,0 16.0699708520732,1.910686594310903,0 16.0699708520732,1.910207270948831,0 16.07045017543533,1.910207270948831,0 16.07045017543533,1.90972794668744,0 16.07284679584302,1.90972794668744,0 16.07284679584302,1.913083214718654,0 16.07223289613131,1.91332287684935,0 16.07284679584302,1.913562538980045,0 16.07284679584302,1.914041862342117,0 16.07332611920509,1.914041862342117,0 16.07332611920509,1.915000510864957,0 16.07380544346648,1.915000510864957,0 16.07380544346648,1.916438482749811,0 16.07428476772788,1.916438482749811,0 16.07428476772788,1.917876454634722,0 16.07476409198932,1.917876454634722,0 16.07572273961279,1.917876454634722,0 16.07572273961279,1.918355778896114,0 16.07620206387418,1.918355778896114,0 16.07668138723631,1.918355778896114,0 16.07668138723631,1.918835102258186,0 16.0771607114977,1.918835102258186,0 16.0771607114977,1.919314426519634,0 16.07764003575909,1.919314426519634,0 16.07764003575909,1.919793750781025,0 16.07811935912116,1.919793750781025,0 16.07859868338261,1.919793750781025,0 16.07859868338261,1.920273074143097,0 16.079078007644,1.920273074143097,0 16.079078007644,1.920752398404488,0 16.0792240458531,1.920752398404488,0 16.07921371444144,1.920809008029323,0 16.07787561586702,1.923577268776,0 16.07717619152805,1.92624676597552,0 16.07605700862411,1.928278423510506,0 16.07513008458579,1.930950586300583,0 16.07465147978201,1.933066966267518,0 16.07430779846618,1.934906417097523,0 16.07455277469086,1.936418036263433,0 16.07403014357629,1.938672671706456,0 16.07341250898014,1.940606869711303,0 16.07229745846098,1.942822207478912,0 16.07167586055255,1.944343678717871,0 16.07146341820226,1.94581445067638,0 16.07112185478979,1.947883425579676,0 16.07045472150821,1.949451255970757,0 16.06806435138873,1.951818517110951,0 16.06620842677751,1.953170050657377,0 16.0624928057984,1.955506371521892,0 16.06127917609314,1.956284063858504,0 16.06081639665945,1.956580611705931,0 16.05914533848664,1.958229865815724,0 16.05860589274778,1.958762274359515,0 16.05726390910218,1.961117873091439,0 16.05708999190966,1.961401510271514,0 16.05618713282996,1.962873963062975,0 16.05559113232494,1.963741309713726,0 16.05559113232494,1.962932910025813,0 16.05511180806354,1.962932910025813,0 16.05511180806354,1.962453585764422,0 16.05463248380215,1.962453585764422,0 16.05463248380215,1.961015613879511,0 16.0541531595407,1.961015613879511,0 16.0541531595407,1.960536289618119,0 16.05367383617863,1.960536289618119,0 16.05367383617863,1.959098317733208,0 16.05428773589034,1.958858655602512,0 16.05367383617863,1.958618993471816,0 16.05367383617863,1.957660345848353,0 16.05319451191724,1.957660345848353,0 16.05223586429378,1.957660345848353,0 16.05223586429378,1.957181021586905,0 16.05175654003233,1.957181021586905,0 16.05175654003233,1.956222373963442,0 16.05127721577094,1.956222373963442,0 16.04935991962464,1.956222373963442,0 16.04935991962464,1.955743049702051,0 16.04888059626256,1.955743049702051,0 16.04696330011626,1.955743049702051,0 16.04648397585487,1.955743049702051,0 16.04648397585487,1.956222373963442,0 16.04600465159342,1.956222373963442,0 16.04600465159342,1.956701698224833,0 16.04552532823135,1.956701698224833,0 16.04552532823135,1.957181021586905,0 16.04504600396996,1.957181021586905,0 16.04456667970857,1.957181021586905,0 16.04456667970857,1.960056966256047,0 16.04504600396996,1.960056966256047,0 16.04552532823135,1.960056966256047,0 16.04552532823135,1.960536289618119,0 16.04600465159342,1.960536289618119,0 16.04600465159342,1.961015613879511,0 16.04648397585487,1.961015613879511,0 16.04648397585487,1.961494938140959,0 16.04696330011626,1.961494938140959,0 16.04696330011626,1.96197426150303,0 16.04744262437765,1.96197426150303,0 16.04744262437765,1.962453585764422,0 16.04792194773972,1.962453585764422,0 16.04792194773972,1.962932910025813,0 16.04840127200117,1.962932910025813,0 16.04840127200117,1.963891557649333,0 16.04792194773972,1.963891557649333,0 16.04792194773972,1.964370881910725,0 16.04456667970857,1.964370881910725,0 16.0440873563465,1.964370881910725,0 16.0440873563465,1.964850206172116,0 16.04360803208505,1.964850206172116,0 16.04360803208505,1.965329529534188,0 16.04299413237334,1.965569191664883,0 16.04360803208505,1.965808853795636,0 16.04360803208505,1.966767501419099,0 16.04264938446158,1.966767501419099,0 16.04264938446158,1.966288178057027,0 16.04217006020019,1.966288178057027,0 16.04121141167735,1.966288178057027,0 16.04121141167735,1.965808853795636,0 16.04073208831528,1.965808853795636,0 16.04025276405389,1.965808853795636,0 16.04025276405389,1.965329529534188,0 16.03977343979244,1.965329529534188,0 16.03737682028407,1.965329529534188,0 16.03737682028407,1.964850206172116,0 16.03689749602268,1.964850206172116,0 16.03498019987637,1.964850206172116,0 16.03498019987637,1.964370881910725,0 16.0345008765143,1.964370881910725,0 16.0345008765143,1.963891557649333,0 16.03402155225291,1.963891557649333,0 16.03354222799146,1.963891557649333,0 16.03354222799146,1.963412233387885,0 16.03306290462939,1.963412233387885,0 16.03162493184516,1.963412233387885,0 16.03162493184516,1.962932910025813,0 16.03114560848309,1.962932910025813,0 16.03114560848309,1.962453585764422,0 16.0306662842217,1.962453585764422,0 16.0301869599603,1.962453585764422,0 16.0301869599603,1.96197426150303,0 16.02970763659818,1.96197426150303,0 16.02779034045187,1.96197426150303,0 16.02779034045187,1.961494938140959,0 16.02731101619048,1.961494938140959,0 16.02683169192909,1.961494938140959,0 16.02683169192909,1.961015613879511,0 16.02635236856702,1.961015613879511,0 16.0234764247972,1.961015613879511,0 16.0234764247972,1.960056966256047,0 16.0229971005358,1.960056966256047,0 16.0229971005358,1.959577641994656,0 16.02251777627441,1.959577641994656,0 16.02251777627441,1.959098317733208,0 16.02203845201302,1.959098317733208,0 16.02203845201302,1.958618993471816,0 16.02155912865089,1.958618993471816,0 16.02155912865089,1.958139670109745,0 16.0210798043895,1.958139670109745,0 16.0210798043895,1.957660345848353,0 16.02060048012811,1.957660345848353,0 16.02012115676604,1.957660345848353,0 16.02012115676604,1.957181021586905,0 16.01964183250459,1.957181021586905,0 16.0191625082432,1.957181021586905,0 16.0191625082432,1.956701698224833,0 16.01868318488113,1.956701698224833,0 16.0172452120969,1.956701698224833,0 16.0172452120969,1.956222373963442,0 16.01676588873482,1.956222373963442,0 16.01628656447343,1.956222373963442,0 16.01580724021204,1.956222373963442,0 16.01580724021204,1.956701698224833,0 16.01532791684991,1.956701698224833,0 16.01532791684991,1.959098317733208,0 16.01580724021204,1.959098317733208,0 16.01628656447343,1.959098317733208,0 16.01628656447343,1.959577641994656,0 16.01676588873482,1.959577641994656,0 16.01820386061974,1.959577641994656,0 16.01820386061974,1.960056966256047,0 16.01868318488113,1.960056966256047,0 16.01868318488113,1.960536289618119,0 16.0191625082432,1.960536289618119,0 16.0191625082432,1.961015613879511,0 16.01964183250459,1.961015613879511,0 16.0210798043895,1.961015613879511,0 16.0210798043895,1.962932910025813,0 16.02060048012811,1.962932910025813,0 16.02060048012811,1.963412233387885,0 16.01964183250459,1.963412233387885,0 16.01964183250459,1.962932910025813,0 16.0191625082432,1.962932910025813,0 16.01436926832713,1.962932910025813,0 16.01388994496506,1.962932910025813,0 16.01388994496506,1.963412233387885,0 16.01341062070361,1.963412233387885,0 16.01293129644222,1.963412233387885,0 16.01293129644222,1.964370881910725,0 16.01231739673051,1.96461054404142,0 16.01293129644222,1.964850206172116,0 16.0172452120969,1.964850206172116,0 16.01772453635834,1.964850206172116,0 16.01772453635834,1.964370881910725,0 16.01964183250459,1.964370881910725,0 16.01964183250459,1.964850206172116,0 16.02012115676604,1.964850206172116,0 16.0234764247972,1.964850206172116,0 16.0234764247972,1.965329529534188,0 16.02395574815932,1.965329529534188,0 16.02731101619048,1.965329529534188,0 16.02731101619048,1.965808853795636,0 16.02779034045187,1.965808853795636,0 16.0306662842217,1.965808853795636,0 16.0306662842217,1.966288178057027,0 16.03114560848309,1.966288178057027,0 16.03210425610661,1.966288178057027,0 16.03210425610661,1.966767501419099,0 16.032583580368,1.966767501419099,0 16.03306290462939,1.966767501419099,0 16.03306290462939,1.967246825680491,0 16.03354222799146,1.967246825680491,0 16.03402155225291,1.967246825680491,0 16.03402155225291,1.967726149941939,0 16.0345008765143,1.967726149941939,0 16.03498019987637,1.967726149941939,0 16.03498019987637,1.96820547330401,0 16.03545952413776,1.96820547330401,0 16.03833546790759,1.96820547330401,0 16.03833546790759,1.968684797565402,0 16.03881479216898,1.968684797565402,0 16.04217006020019,1.968684797565402,0 16.04217006020019,1.969164121826793,0 16.04264938446158,1.969164121826793,0 16.04312870782366,1.969164121826793,0 16.04312870782366,1.970122769450313,0 16.04264938446158,1.970122769450313,0 16.04217006020019,1.970122769450313,0 16.04217006020019,1.970602093711705,0 16.04169073593874,1.970602093711705,0 16.04121141167735,1.970602093711705,0 16.04121141167735,1.971081417973096,0 16.04059751196564,1.971321079204472,0 16.04121141167735,1.971560741335168,0 16.04121141167735,1.972519389858007,0 16.04169073593874,1.972519389858007,0 16.04169073593874,1.972998713220079,0 16.04217006020019,1.972998713220079,0 16.04217006020019,1.973957361742919,0 16.04264938446158,1.973957361742919,0 16.04264938446158,1.97443668600431,0 16.04312870782366,1.97443668600431,0 16.04312870782366,1.975395333627773,0 16.04264938446158,1.975395333627773,0 16.04217006020019,1.975395333627773,0 16.04217006020019,1.975874657889222,0 16.04121141167735,1.975874657889222,0 16.04121141167735,1.975395333627773,0 16.04073208831528,1.975395333627773,0 16.03977343979244,1.975395333627773,0 16.03929411643037,1.975395333627773,0 16.03929411643037,1.975874657889222,0 16.03881479216898,1.975874657889222,0 16.03881479216898,1.976353981251293,0 16.03833546790759,1.976353981251293,0 16.03785614454546,1.976353981251293,0 16.03785614454546,1.976833305512685,0 16.03593884839921,1.976833305512685,0 16.03593884839921,1.976353981251293,0 16.03545952413776,1.976353981251293,0 16.03354222799146,1.976353981251293,0 16.03354222799146,1.975874657889222,0 16.03306290462939,1.975874657889222,0 16.03306290462939,1.975395333627773,0 16.032583580368,1.975395333627773,0 16.032583580368,1.974916009366382,0 16.03210425610661,1.974916009366382,0 16.03210425610661,1.97443668600431,0 16.03162493184516,1.97443668600431,0 16.03162493184516,1.973957361742919,0 16.03114560848309,1.973957361742919,0 16.02779034045187,1.973957361742919,0 16.02779034045187,1.97347803748147,0 16.02731101619048,1.97347803748147,0 16.02731101619048,1.972998713220079,0 16.02683169192909,1.972998713220079,0 16.02635236856702,1.972998713220079,0 16.02587304430563,1.972998713220079,0 16.02587304430563,1.97347803748147,0 16.02539372004418,1.97347803748147,0 16.02491439668211,1.97347803748147,0 16.02491439668211,1.973957361742919,0 16.02443507242072,1.973957361742919,0 16.02443507242072,1.97443668600431,0 16.02395574815932,1.97443668600431,0 16.02395574815932,1.976833305512685,0 16.02443507242072,1.976833305512685,0 16.02443507242072,1.977312629774076,0 16.02491439668211,1.977312629774076,0 16.02587304430563,1.977312629774076,0 16.02635236856702,1.977312629774076,0 16.02635236856702,1.976833305512685,0 16.0306662842217,1.976833305512685,0 16.0306662842217,1.977312629774076,0 16.03114560848309,1.977312629774076,0 16.03114560848309,1.978271277397596,0 16.03162493184516,1.978271277397596,0 16.03210425610661,1.978271277397596,0 16.03210425610661,1.978750601658987,0 16.032583580368,1.978750601658987,0 16.03402155225291,1.978750601658987,0 16.03402155225291,1.979229925920379,0 16.0345008765143,1.979229925920379,0 16.0345008765143,1.97970924928245,0 16.03498019987637,1.97970924928245,0 16.03881479216898,1.97970924928245,0 16.03929411643037,1.97970924928245,0 16.03929411643037,1.979229925920379,0 16.04312870782366,1.979229925920379,0 16.04312870782366,1.97970924928245,0 16.04360803208505,1.97970924928245,0 16.04360803208505,1.981147221167362,0 16.04312870782366,1.981147221167362,0 16.04312870782366,1.981626545428753,0 16.04264938446158,1.981626545428753,0 16.04264938446158,1.982105869690201,0 16.04169073593874,1.982105869690201,0 16.04121141167735,1.982105869690201,0 16.04121141167735,1.982585193052273,0 16.04073208831528,1.982585193052273,0 16.04025276405389,1.982585193052273,0 16.04025276405389,1.983064517313665,0 16.03977343979244,1.983064517313665,0 16.03915954008073,1.98330417944436,0 16.03977343979244,1.983543841575056,0 16.03977343979244,1.984502489198576,0 16.04025276405389,1.984502489198576,0 16.04073208831528,1.984502489198576,0 16.04073208831528,1.984981813459967,0 16.04121141167735,1.984981813459967,0 16.04121141167735,1.985461137721359,0 16.04169073593874,1.985461137721359,0 16.04169073593874,1.986419785344879,0 16.04121141167735,1.986419785344879,0 16.04121141167735,1.987857757229733,0 16.04073208831528,1.987857757229733,0 16.04073208831528,1.988337081491181,0 16.04025276405389,1.988337081491181,0 16.04025276405389,1.988816405752573,0 16.03963886434218,1.989056066983949,0 16.04025276405389,1.989295729114645,0 16.04456667970857,1.989295729114645,0 16.04504600396996,1.989295729114645,0 16.04504600396996,1.988816405752573,0 16.04552532823135,1.988816405752573,0 16.04552532823135,1.988337081491181,0 16.04648397585487,1.988337081491181,0 16.04696330011626,1.988337081491181,0 16.04696330011626,1.987857757229733,0 16.04842811946219,1.987857757229733,0 16.04839771248447,1.987893157243434,0 16.04687730874088,1.989663250558635,0 16.04551310014949,1.991251499157386,0 16.04528368219621,1.991373197215353,0 16.04425060398222,1.991921208097324,0 16.04376712035639,1.991978726936736,0 16.04312062561644,1.992055638756767,0 16.04283332819557,1.992200437700092,0 16.04237465956294,1.992431609331334,0 16.04219578620661,1.992521761869853,0 16.04219031113399,1.992524521889209,0 16.04111509968215,1.992233894278854,0 16.04052745297963,1.992075103683135,0 16.0404617215313,1.992057342972032,0 16.03905316107455,1.992254028300806,0 16.03766986976871,1.992447184689866,0 16.03441329064088,1.992730132989266,0 16.03031671684306,1.992533202145637,0 16.03029183619935,1.99253200604727,0 16.03009769055603,1.992585195550362,0 16.02490852950507,1.994006877115737,0 16.02151872391005,1.994477226143147,0 16.0213286557929,1.994475034495281,0 16.01728316258794,1.994428400150582,0 16.01653072501301,1.994419726189449,0 16.01460517668761,1.993879549301823,0 16.0120785251039,1.992677202490938,0 16.01200864868025,1.992630391879118,0 16.01168567515384,1.992414027585369,0 16.01068201286466,1.991741662048128,0 16.01019880263266,1.991293356303402,0 16.00981738576377,1.990939491064694,0 16.00875356242699,1.990538873670118,0 16.00742410993479,1.990405871134101,0 16.00696675071504,1.990439033634516,0 16.00649355263539,1.990473344569239,0 16.00644521947135,1.990424889996746,0 16.00641550047504,1.990395014518356,0 16.00622741985961,1.990205945547984,0 16.00619967937178,1.990258858059917,0 16.00613967300757,1.990372989222124,0 15.99673235071748,2.008265265729506,0</coordinates></LinearRing></outerBoundaryIs>
        </Polygon>
      </MultiGeometry>
    </Placemark>
  </Folder>
  <Style id="PolyStyle00">
    <LabelStyle>
      <color>00000000</color>
      <scale>0.000000</scale>
    </LabelStyle>
    <LineStyle>
      <color>ff6e6e6e</color>
      <width>0.400000</width>
    </LineStyle>
    <PolyStyle>
      <color>ffc6e2f7</color>
      <outline>1</outline>
    </PolyStyle>
  </Style>
</Document>
</kml>