<?xml version="1.0" encoding="UTF-8"?>
<kml xmlns="http://www.opengis.net/kml/2.2" xmlns:gx="http://www.google.com/kml/ext/2.2" xmlns:kml="http://www.opengis.net/kml/2.2" xmlns:atom="http://www.w3.org/2005/Atom">
<Document id="2018疏林地" xsi:schemaLocation="http://www.opengis.net/kml/2.2 http://schemas.opengis.net/kml/2.2.0/ogckml22.xsd http://www.google.com/kml/ext/2.2 http://code.google.com/apis/kml/schema/kml22gx.xsd">
	<name>昭通曲靖</name>
	<Snippet maxLines="0"></Snippet>
	<Style id="PolyStyle00575">
		<LabelStyle>
			<color>00000000</color>
			<scale>0</scale>
		</LabelStyle>
		<LineStyle>
			<color>ff00ffff</color>
		</LineStyle>
		<PolyStyle>
			<color>00f0f0f0</color>
		</PolyStyle>
	</Style>
	<StyleMap id="PolyStyle00579">
		<Pair>
			<key>normal</key>
			<styleUrl>#PolyStyle005751</styleUrl>
		</Pair>
		<Pair>
			<key>highlight</key>
			<styleUrl>#PolyStyle005769</styleUrl>
		</Pair>
	</StyleMap>
	<Style id="PolyStyle005750">
		<LabelStyle>
			<color>00000000</color>
			<scale>0</scale>
		</LabelStyle>
		<LineStyle>
			<color>ff00ffff</color>
		</LineStyle>
		<PolyStyle>
			<color>00f0f0f0</color>
		</PolyStyle>
	</Style>
	<StyleMap id="PolyStyle005790">
		<Pair>
			<key>normal</key>
			<styleUrl>#PolyStyle005757</styleUrl>
		</Pair>
		<Pair>
			<key>highlight</key>
			<styleUrl>#PolyStyle0057610</styleUrl>
		</Pair>
	</StyleMap>
	<Style id="PolyStyle005751">
		<LabelStyle>
			<color>00000000</color>
			<scale>0</scale>
		</LabelStyle>
		<LineStyle>
			<color>ff00ffff</color>
		</LineStyle>
		<PolyStyle>
			<color>00f0f0f0</color>
		</PolyStyle>
	</Style>
	<Style id="PolyStyle00576">
		<LabelStyle>
			<color>00000000</color>
			<scale>0</scale>
		</LabelStyle>
		<LineStyle>
			<color>ff00ffff</color>
		</LineStyle>
		<PolyStyle>
			<color>00f0f0f0</color>
		</PolyStyle>
	</Style>
	<Style id="PolyStyle005752">
		<LabelStyle>
			<color>00000000</color>
			<scale>0</scale>
		</LabelStyle>
		<LineStyle>
			<color>ff00ffff</color>
		</LineStyle>
		<PolyStyle>
			<color>00f0f0f0</color>
		</PolyStyle>
	</Style>
	<Style id="PolyStyle005760">
		<LabelStyle>
			<color>00000000</color>
			<scale>0</scale>
		</LabelStyle>
		<LineStyle>
			<color>ff00ffff</color>
		</LineStyle>
		<PolyStyle>
			<color>00f0f0f0</color>
		</PolyStyle>
	</Style>
	<Style id="PolyStyle005753">
		<LabelStyle>
			<color>00000000</color>
			<scale>0</scale>
		</LabelStyle>
		<LineStyle>
			<color>ff00ffff</color>
		</LineStyle>
		<PolyStyle>
			<color>00f0f0f0</color>
		</PolyStyle>
	</Style>
	<Style id="PolyStyle005754">
		<LabelStyle>
			<color>00000000</color>
			<scale>0</scale>
		</LabelStyle>
		<LineStyle>
			<color>ff00ffff</color>
		</LineStyle>
		<PolyStyle>
			<color>00f0f0f0</color>
		</PolyStyle>
	</Style>
	<Style id="PolyStyle005761">
		<LabelStyle>
			<color>00000000</color>
			<scale>0</scale>
		</LabelStyle>
		<LineStyle>
			<color>ff00ffff</color>
		</LineStyle>
		<PolyStyle>
			<color>00f0f0f0</color>
		</PolyStyle>
	</Style>
	<Style id="PolyStyle005762">
		<LabelStyle>
			<color>00000000</color>
			<scale>0</scale>
		</LabelStyle>
		<LineStyle>
			<color>ff00ffff</color>
		</LineStyle>
		<PolyStyle>
			<color>00f0f0f0</color>
		</PolyStyle>
	</Style>
	<Style id="PolyStyle005755">
		<LabelStyle>
			<color>00000000</color>
			<scale>0</scale>
		</LabelStyle>
		<LineStyle>
			<color>ff00ffff</color>
		</LineStyle>
		<PolyStyle>
			<color>00f0f0f0</color>
		</PolyStyle>
	</Style>
	<StyleMap id="PolyStyle005791">
		<Pair>
			<key>normal</key>
			<styleUrl>#PolyStyle005754</styleUrl>
		</Pair>
		<Pair>
			<key>highlight</key>
			<styleUrl>#PolyStyle005767</styleUrl>
		</Pair>
	</StyleMap>
	<Style id="PolyStyle005756">
		<LabelStyle>
			<color>00000000</color>
			<scale>0</scale>
		</LabelStyle>
		<LineStyle>
			<color>ff00ffff</color>
		</LineStyle>
		<PolyStyle>
			<color>00f0f0f0</color>
		</PolyStyle>
	</Style>
	<StyleMap id="PolyStyle005792">
		<Pair>
			<key>normal</key>
			<styleUrl>#PolyStyle0057510</styleUrl>
		</Pair>
		<Pair>
			<key>highlight</key>
			<styleUrl>#PolyStyle0057619</styleUrl>
		</Pair>
	</StyleMap>
	<Style id="PolyStyle005757">
		<LabelStyle>
			<color>00000000</color>
			<scale>0</scale>
		</LabelStyle>
		<LineStyle>
			<color>ff00ffff</color>
		</LineStyle>
		<PolyStyle>
			<color>00f0f0f0</color>
		</PolyStyle>
	</Style>
	<StyleMap id="PolyStyle005793">
		<Pair>
			<key>normal</key>
			<styleUrl>#PolyStyle0057520</styleUrl>
		</Pair>
		<Pair>
			<key>highlight</key>
			<styleUrl>#PolyStyle005768</styleUrl>
		</Pair>
	</StyleMap>
	<StyleMap id="PolyStyle005794">
		<Pair>
			<key>normal</key>
			<styleUrl>#PolyStyle0057515</styleUrl>
		</Pair>
		<Pair>
			<key>highlight</key>
			<styleUrl>#PolyStyle0057613</styleUrl>
		</Pair>
	</StyleMap>
	<StyleMap id="PolyStyle005795">
		<Pair>
			<key>normal</key>
			<styleUrl>#PolyStyle0057521</styleUrl>
		</Pair>
		<Pair>
			<key>highlight</key>
			<styleUrl>#PolyStyle005762</styleUrl>
		</Pair>
	</StyleMap>
	<Style id="PolyStyle005763">
		<LabelStyle>
			<color>00000000</color>
			<scale>0</scale>
		</LabelStyle>
		<LineStyle>
			<color>ff00ffff</color>
		</LineStyle>
		<PolyStyle>
			<color>00f0f0f0</color>
		</PolyStyle>
	</Style>
	<Style id="PolyStyle005758">
		<LabelStyle>
			<color>00000000</color>
			<scale>0</scale>
		</LabelStyle>
		<LineStyle>
			<color>ff00ffff</color>
		</LineStyle>
		<PolyStyle>
			<color>00f0f0f0</color>
		</PolyStyle>
	</Style>
	<Style id="PolyStyle005764">
		<LabelStyle>
			<color>00000000</color>
			<scale>0</scale>
		</LabelStyle>
		<LineStyle>
			<color>ff00ffff</color>
		</LineStyle>
		<PolyStyle>
			<color>00f0f0f0</color>
		</PolyStyle>
	</Style>
	<StyleMap id="PolyStyle005796">
		<Pair>
			<key>normal</key>
			<styleUrl>#PolyStyle00575</styleUrl>
		</Pair>
		<Pair>
			<key>highlight</key>
			<styleUrl>#PolyStyle005761</styleUrl>
		</Pair>
	</StyleMap>
	<Style id="PolyStyle005759">
		<LabelStyle>
			<color>00000000</color>
			<scale>0</scale>
		</LabelStyle>
		<LineStyle>
			<color>ff00ffff</color>
		</LineStyle>
		<PolyStyle>
			<color>00f0f0f0</color>
		</PolyStyle>
	</Style>
	<Style id="PolyStyle005765">
		<LabelStyle>
			<color>00000000</color>
			<scale>0</scale>
		</LabelStyle>
		<LineStyle>
			<color>ff00ffff</color>
		</LineStyle>
		<PolyStyle>
			<color>00f0f0f0</color>
		</PolyStyle>
	</Style>
	<StyleMap id="PolyStyle005797">
		<Pair>
			<key>normal</key>
			<styleUrl>#PolyStyle0057519</styleUrl>
		</Pair>
		<Pair>
			<key>highlight</key>
			<styleUrl>#PolyStyle005764</styleUrl>
		</Pair>
	</StyleMap>
	<Style id="PolyStyle005766">
		<LabelStyle>
			<color>00000000</color>
			<scale>0</scale>
		</LabelStyle>
		<LineStyle>
			<color>ff00ffff</color>
		</LineStyle>
		<PolyStyle>
			<color>00f0f0f0</color>
		</PolyStyle>
	</Style>
	<StyleMap id="PolyStyle005798">
		<Pair>
			<key>normal</key>
			<styleUrl>#PolyStyle005750</styleUrl>
		</Pair>
		<Pair>
			<key>highlight</key>
			<styleUrl>#PolyStyle0057614</styleUrl>
		</Pair>
	</StyleMap>
	<Style id="PolyStyle00581">
		<LabelStyle>
			<color>00000000</color>
			<scale>0</scale>
		</LabelStyle>
		<LineStyle>
			<color>ff00ffff</color>
		</LineStyle>
		<PolyStyle>
			<color>00f0f0f0</color>
		</PolyStyle>
	</Style>
	<Style id="PolyStyle005767">
		<LabelStyle>
			<color>00000000</color>
			<scale>0</scale>
		</LabelStyle>
		<LineStyle>
			<color>ff00ffff</color>
		</LineStyle>
		<PolyStyle>
			<color>00f0f0f0</color>
		</PolyStyle>
	</Style>
	<StyleMap id="PolyStyle005799">
		<Pair>
			<key>normal</key>
			<styleUrl>#PolyStyle0057512</styleUrl>
		</Pair>
		<Pair>
			<key>highlight</key>
			<styleUrl>#PolyStyle00576</styleUrl>
		</Pair>
	</StyleMap>
	<Style id="PolyStyle00578">
		<LabelStyle>
			<color>00000000</color>
			<scale>0</scale>
		</LabelStyle>
		<LineStyle>
			<color>ff00ffff</color>
		</LineStyle>
		<PolyStyle>
			<color>00f0f0f0</color>
		</PolyStyle>
	</Style>
	<Style id="PolyStyle005768">
		<LabelStyle>
			<color>00000000</color>
			<scale>0</scale>
		</LabelStyle>
		<LineStyle>
			<color>ff00ffff</color>
		</LineStyle>
		<PolyStyle>
			<color>00f0f0f0</color>
		</PolyStyle>
	</Style>
	<StyleMap id="PolyStyle0057910">
		<Pair>
			<key>normal</key>
			<styleUrl>#PolyStyle005752</styleUrl>
		</Pair>
		<Pair>
			<key>highlight</key>
			<styleUrl>#PolyStyle0057611</styleUrl>
		</Pair>
	</StyleMap>
	<Style id="PolyStyle0057510">
		<LabelStyle>
			<color>00000000</color>
			<scale>0</scale>
		</LabelStyle>
		<LineStyle>
			<color>ff00ffff</color>
		</LineStyle>
		<PolyStyle>
			<color>00f0f0f0</color>
		</PolyStyle>
	</Style>
	<Style id="PolyStyle005769">
		<LabelStyle>
			<color>00000000</color>
			<scale>0</scale>
		</LabelStyle>
		<LineStyle>
			<color>ff00ffff</color>
		</LineStyle>
		<PolyStyle>
			<color>00f0f0f0</color>
		</PolyStyle>
	</Style>
	<Style id="PolyStyle0057610">
		<LabelStyle>
			<color>00000000</color>
			<scale>0</scale>
		</LabelStyle>
		<LineStyle>
			<color>ff00ffff</color>
		</LineStyle>
		<PolyStyle>
			<color>00f0f0f0</color>
		</PolyStyle>
	</Style>
	<StyleMap id="PolyStyle0057911">
		<Pair>
			<key>normal</key>
			<styleUrl>#PolyStyle005756</styleUrl>
		</Pair>
		<Pair>
			<key>highlight</key>
			<styleUrl>#PolyStyle005766</styleUrl>
		</Pair>
	</StyleMap>
	<Style id="PolyStyle0057611">
		<LabelStyle>
			<color>00000000</color>
			<scale>0</scale>
		</LabelStyle>
		<LineStyle>
			<color>ff00ffff</color>
		</LineStyle>
		<PolyStyle>
			<color>00f0f0f0</color>
		</PolyStyle>
	</Style>
	<Style id="PolyStyle0057511">
		<LabelStyle>
			<color>00000000</color>
			<scale>0</scale>
		</LabelStyle>
		<LineStyle>
			<color>ff00ffff</color>
		</LineStyle>
		<PolyStyle>
			<color>00f0f0f0</color>
		</PolyStyle>
	</Style>
	<StyleMap id="PolyStyle00577">
		<Pair>
			<key>normal</key>
			<styleUrl>#PolyStyle00581</styleUrl>
		</Pair>
		<Pair>
			<key>highlight</key>
			<styleUrl>#PolyStyle00578</styleUrl>
		</Pair>
	</StyleMap>
	<Style id="PolyStyle0057512">
		<LabelStyle>
			<color>00000000</color>
			<scale>0</scale>
		</LabelStyle>
		<LineStyle>
			<color>ff00ffff</color>
		</LineStyle>
		<PolyStyle>
			<color>00f0f0f0</color>
		</PolyStyle>
	</Style>
	<StyleMap id="PolyStyle0057912">
		<Pair>
			<key>normal</key>
			<styleUrl>#PolyStyle005755</styleUrl>
		</Pair>
		<Pair>
			<key>highlight</key>
			<styleUrl>#PolyStyle005763</styleUrl>
		</Pair>
	</StyleMap>
	<Style id="PolyStyle0057612">
		<LabelStyle>
			<color>00000000</color>
			<scale>0</scale>
		</LabelStyle>
		<LineStyle>
			<color>ff00ffff</color>
		</LineStyle>
		<PolyStyle>
			<color>00f0f0f0</color>
		</PolyStyle>
	</Style>
	<StyleMap id="PolyStyle0057913">
		<Pair>
			<key>normal</key>
			<styleUrl>#PolyStyle005759</styleUrl>
		</Pair>
		<Pair>
			<key>highlight</key>
			<styleUrl>#PolyStyle0057621</styleUrl>
		</Pair>
	</StyleMap>
	<Style id="PolyStyle0057513">
		<LabelStyle>
			<color>00000000</color>
			<scale>0</scale>
		</LabelStyle>
		<LineStyle>
			<color>ff00ffff</color>
		</LineStyle>
		<PolyStyle>
			<color>00f0f0f0</color>
		</PolyStyle>
	</Style>
	<StyleMap id="PolyStyle0057914">
		<Pair>
			<key>normal</key>
			<styleUrl>#PolyStyle005753</styleUrl>
		</Pair>
		<Pair>
			<key>highlight</key>
			<styleUrl>#PolyStyle0057618</styleUrl>
		</Pair>
	</StyleMap>
	<StyleMap id="PolyStyle0057915">
		<Pair>
			<key>normal</key>
			<styleUrl>#PolyStyle0057514</styleUrl>
		</Pair>
		<Pair>
			<key>highlight</key>
			<styleUrl>#PolyStyle0057620</styleUrl>
		</Pair>
	</StyleMap>
	<Style id="PolyStyle0057514">
		<LabelStyle>
			<color>00000000</color>
			<scale>0</scale>
		</LabelStyle>
		<LineStyle>
			<color>ff00ffff</color>
		</LineStyle>
		<PolyStyle>
			<color>00f0f0f0</color>
		</PolyStyle>
	</Style>
	<StyleMap id="PolyStyle0057916">
		<Pair>
			<key>normal</key>
			<styleUrl>#PolyStyle0057517</styleUrl>
		</Pair>
		<Pair>
			<key>highlight</key>
			<styleUrl>#PolyStyle005760</styleUrl>
		</Pair>
	</StyleMap>
	<StyleMap id="PolyStyle0057917">
		<Pair>
			<key>normal</key>
			<styleUrl>#PolyStyle0057516</styleUrl>
		</Pair>
		<Pair>
			<key>highlight</key>
			<styleUrl>#PolyStyle005765</styleUrl>
		</Pair>
	</StyleMap>
	<Style id="PolyStyle0057515">
		<LabelStyle>
			<color>00000000</color>
			<scale>0</scale>
		</LabelStyle>
		<LineStyle>
			<color>ff00ffff</color>
		</LineStyle>
		<PolyStyle>
			<color>00f0f0f0</color>
		</PolyStyle>
	</Style>
	<Style id="PolyStyle0057613">
		<LabelStyle>
			<color>00000000</color>
			<scale>0</scale>
		</LabelStyle>
		<LineStyle>
			<color>ff00ffff</color>
		</LineStyle>
		<PolyStyle>
			<color>00f0f0f0</color>
		</PolyStyle>
	</Style>
	<Style id="PolyStyle0057614">
		<LabelStyle>
			<color>00000000</color>
			<scale>0</scale>
		</LabelStyle>
		<LineStyle>
			<color>ff00ffff</color>
		</LineStyle>
		<PolyStyle>
			<color>00f0f0f0</color>
		</PolyStyle>
	</Style>
	<Style id="PolyStyle0057615">
		<LabelStyle>
			<color>00000000</color>
			<scale>0</scale>
		</LabelStyle>
		<LineStyle>
			<color>ff00ffff</color>
		</LineStyle>
		<PolyStyle>
			<color>00f0f0f0</color>
		</PolyStyle>
	</Style>
	<Style id="PolyStyle0057616">
		<LabelStyle>
			<color>00000000</color>
			<scale>0</scale>
		</LabelStyle>
		<LineStyle>
			<color>ff00ffff</color>
		</LineStyle>
		<PolyStyle>
			<color>00f0f0f0</color>
		</PolyStyle>
	</Style>
	<Style id="PolyStyle0057516">
		<LabelStyle>
			<color>00000000</color>
			<scale>0</scale>
		</LabelStyle>
		<LineStyle>
			<color>ff00ffff</color>
		</LineStyle>
		<PolyStyle>
			<color>00f0f0f0</color>
		</PolyStyle>
	</Style>
	<StyleMap id="PolyStyle0057918">
		<Pair>
			<key>normal</key>
			<styleUrl>#PolyStyle0057513</styleUrl>
		</Pair>
		<Pair>
			<key>highlight</key>
			<styleUrl>#PolyStyle0057617</styleUrl>
		</Pair>
	</StyleMap>
	<Style id="PolyStyle0057617">
		<LabelStyle>
			<color>00000000</color>
			<scale>0</scale>
		</LabelStyle>
		<LineStyle>
			<color>ff00ffff</color>
		</LineStyle>
		<PolyStyle>
			<color>00f0f0f0</color>
		</PolyStyle>
	</Style>
	<Style id="PolyStyle0057618">
		<LabelStyle>
			<color>00000000</color>
			<scale>0</scale>
		</LabelStyle>
		<LineStyle>
			<color>ff00ffff</color>
		</LineStyle>
		<PolyStyle>
			<color>00f0f0f0</color>
		</PolyStyle>
	</Style>
	<Style id="PolyStyle0057517">
		<LabelStyle>
			<color>00000000</color>
			<scale>0</scale>
		</LabelStyle>
		<LineStyle>
			<color>ff00ffff</color>
		</LineStyle>
		<PolyStyle>
			<color>00f0f0f0</color>
		</PolyStyle>
	</Style>
	<StyleMap id="PolyStyle0057919">
		<Pair>
			<key>normal</key>
			<styleUrl>#PolyStyle0057511</styleUrl>
		</Pair>
		<Pair>
			<key>highlight</key>
			<styleUrl>#PolyStyle0057616</styleUrl>
		</Pair>
	</StyleMap>
	<Style id="PolyStyle0057518">
		<LabelStyle>
			<color>00000000</color>
			<scale>0</scale>
		</LabelStyle>
		<LineStyle>
			<color>ff00ffff</color>
		</LineStyle>
		<PolyStyle>
			<color>00f0f0f0</color>
		</PolyStyle>
	</Style>
	<StyleMap id="PolyStyle0057920">
		<Pair>
			<key>normal</key>
			<styleUrl>#PolyStyle0057518</styleUrl>
		</Pair>
		<Pair>
			<key>highlight</key>
			<styleUrl>#PolyStyle0057612</styleUrl>
		</Pair>
	</StyleMap>
	<Style id="PolyStyle0057519">
		<LabelStyle>
			<color>00000000</color>
			<scale>0</scale>
		</LabelStyle>
		<LineStyle>
			<color>ff00ffff</color>
		</LineStyle>
		<PolyStyle>
			<color>00f0f0f0</color>
		</PolyStyle>
	</Style>
	<Style id="PolyStyle0057520">
		<LabelStyle>
			<color>00000000</color>
			<scale>0</scale>
		</LabelStyle>
		<LineStyle>
			<color>ff00ffff</color>
		</LineStyle>
		<PolyStyle>
			<color>00f0f0f0</color>
		</PolyStyle>
	</Style>
	<Style id="PolyStyle0057619">
		<LabelStyle>
			<color>00000000</color>
			<scale>0</scale>
		</LabelStyle>
		<LineStyle>
			<color>ff00ffff</color>
		</LineStyle>
		<PolyStyle>
			<color>00f0f0f0</color>
		</PolyStyle>
	</Style>
	<StyleMap id="PolyStyle0057921">
		<Pair>
			<key>normal</key>
			<styleUrl>#PolyStyle005758</styleUrl>
		</Pair>
		<Pair>
			<key>highlight</key>
			<styleUrl>#PolyStyle0057615</styleUrl>
		</Pair>
	</StyleMap>
	<Style id="PolyStyle0057620">
		<LabelStyle>
			<color>00000000</color>
			<scale>0</scale>
		</LabelStyle>
		<LineStyle>
			<color>ff00ffff</color>
		</LineStyle>
		<PolyStyle>
			<color>00f0f0f0</color>
		</PolyStyle>
	</Style>
	<Style id="PolyStyle0057521">
		<LabelStyle>
			<color>00000000</color>
			<scale>0</scale>
		</LabelStyle>
		<LineStyle>
			<color>ff00ffff</color>
		</LineStyle>
		<PolyStyle>
			<color>00f0f0f0</color>
		</PolyStyle>
	</Style>
	<Style id="PolyStyle0057621">
		<LabelStyle>
			<color>00000000</color>
			<scale>0</scale>
		</LabelStyle>
		<LineStyle>
			<color>ff00ffff</color>
		</LineStyle>
		<PolyStyle>
			<color>00f0f0f0</color>
		</PolyStyle>
	</Style>
	<Folder id="FeatureLayer0">
		<name>2018疏林地</name>
		<open>1</open>
		<Snippet maxLines="0"></Snippet>
		<Placemark id="ID_00000">
			<name>4734</name>
			<description><![CDATA[<html xmlns:fo="http://www.w3.org/1999/XSL/Format" xmlns:msxsl="urn:schemas-microsoft-com:xslt">

<head>

<META http-equiv="Content-Type" content="text/html">

</head>

<body>

<table>

<tr><td style="white-space: nowrap;"><html xmlns:fo="http://www.w3.org/1999/XSL/Format" xmlns:msxsl="urn:schemas-microsoft-com:xslt">

<head>

<META http-equiv="Content-Type" content="text/html">

</head>

<body>

<table>

<tr><td style="white-space: nowrap;"><html xmlns:fo="http://www.w3.org/1999/XSL/Format" xmlns:msxsl="urn:schemas-microsoft-com:xslt">

<head>

<META http-equiv="Content-Type" content="text/html">

<meta http-equiv="content-type" content="text/html; charset=UTF-8">

</head>

<body style="margin:0px 0px 0px 0px;overflow:auto;background:#FFFFFF;">

<table style="font-family:Arial,Verdana,Times;font-size:12px;text-align:left;width:100%;border-collapse:collapse;padding:3px 3px 3px 3px">

<tr style="text-align:center;font-weight:bold;background:#9CBCE2">

<td>4734</td>

</tr>

<tr>

<td>

<table style="font-family:Arial,Verdana,Times;font-size:12px;text-align:left;width:100%;border-spacing:0px; padding:3px 3px 3px 3px">

<tr>

<td>Id</td>

<td>4734</td>

</tr>

<tr bgcolor="#D4E4F3">

<td>gridcode</td>

<td>23</td>

</tr>

</table>

</td>

</tr>

</table>

</body>

</html></td></tr>

</table>

</body>

</html></td></tr>

</table>

</body>

</html>]]></description>
			<styleUrl>#PolyStyle005797</styleUrl>
			<MultiGeometry>
				<Polygon>
					<outerBoundaryIs>
						<LinearRing>
							<coordinates>
								103.9227190980001,28.44151950400004,0 103.9239595120001,28.44087600200004,0 103.9260140810001,28.44061653000006,0 103.9274174220001,28.44196017900003,0 103.9294812860001,28.44226558200006,0 103.9302609870001,28.44333943100003,0 103.9308165890001,28.44360271700003,0 103.9312013310001,28.44226477400002,0 103.9314024620001,28.44200856400005,0 103.932989176,28.44297877300005,0 103.9333307780001,28.44497795400002,0 103.9339509740001,28.44577843900004,0 103.9342257260001,28.44757332800003,0 103.9331260120001,28.44791718800008,0 103.9326211820001,28.44696286200008,0 103.9312119380001,28.44778592500006,0 103.9308445400001,28.44709096300005,0 103.9303441440001,28.44655989000006,0 103.928987174,28.44735210400006,0 103.9284366040001,28.44760503200007,0 103.927455728,28.44625430800005,0 103.926266469,28.44598505900007,0 103.9252875120001,28.44666300300003,0 103.9273326650001,28.44799543600004,0 103.9280512760001,28.44898467000007,0 103.9311189590001,28.44890786100007,0 103.9317354180001,28.44903650700007,0 103.9309663100001,28.45026616300004,0 103.9283172360001,28.45055526000004,0 103.9279698330001,28.45087415100005,0 103.9280629140001,28.45367863800004,0 103.9272432160001,28.45498861300007,0 103.9236053070001,28.45595105600006,0 103.9237008910001,28.45883414100007,0 103.923227362,28.45996752600007,0 103.9200958580001,28.46067332700005,0 103.9195567120001,28.46010242600005,0 103.9204632750001,28.45938869300005,0 103.9207958580001,28.45890855400006,0 103.9195733640001,28.45732959900005,0 103.9159781740001,28.45776025200007,0 103.9177089,28.45957757300005,0 103.9179877450001,28.46102296500004,0 103.9164932370001,28.46144414300005,0 103.914561608,28.46004851000004,0 103.913123516,28.45944257900004,0 103.9126235560001,28.45801864700007,0 103.9140593450001,28.45688900400006,0 103.913108638,28.45578797300004,0 103.9127272100001,28.45506564700003,0 103.9119392370001,28.45470364900007,0 103.9115451380001,28.45818819300007,0 103.911052242,28.45816653500003,0 103.9106283740001,28.45736395400007,0 103.9099478100001,28.45709938800007,0 103.910432465,28.45968219100007,0 103.9115281730001,28.46058293400006,0 103.9114797600001,28.46140498500006,0 103.9133819520001,28.46168658900007,0 103.9142044740001,28.46247413800006,0 103.9153000550001,28.46310313400005,0 103.9151307820001,28.46599984700004,0 103.9163884590001,28.46627246600008,0 103.9166779510001,28.46687087800007,0 103.9156028890001,28.46858854600004,0 103.9134914240001,28.47000107900003,0 103.91180202,28.46920464100003,0 103.9104451310001,28.46999627100007,0 103.9104765650001,28.47094797000005,0 103.9114124310001,28.47132276800005,0 103.9122944090001,28.47051488800003,0 103.9129587370001,28.47054406300003,0 103.9129078560001,28.47141880000004,0 103.9113559470001,28.47263970900008,0 103.9109901640001,28.47420967600004,0 103.9097478730001,28.47452639100004,0 103.9091817770001,28.47398441600006,0 103.907994504,28.47300852900003,0 103.9057867280001,28.47262075900005,0 103.9043182880001,28.47215821900005,0 103.9037957880001,28.47165757000005,0 103.9039949820001,28.47018898600004,0 103.9052080490001,28.47045867700007,0 103.9068061730001,28.47154712700007,0 103.9079683830001,28.47121100900006,0 103.9076805870001,28.47048231600007,0 103.9070705490001,28.46998084400008,0 103.9069989860001,28.46781705200004,0 103.9121876170001,28.46768809300005,0 103.9129165370001,28.46838586500007,0 103.9132063790001,28.46684907800005,0 103.9081084750001,28.46520569200004,0 103.9071497860001,28.46359030200006,0 103.9074546830001,28.46296793300007,0 103.9078847500001,28.46228086300005,0 103.9067454810001,28.46096091700008,0 103.906959923,28.45728467000004,0 103.9035966530001,28.45736815200007,0 103.9034224450001,28.45208318400006,0 103.9042496660001,28.44764411200004,0 103.904945603,28.44678644800007,0 103.9057768590001,28.44529985300005,0 103.9084353950001,28.44330404700003,0 103.9116538820001,28.44235890000005,0 103.9149510520001,28.44282853300007,0 103.916441262,28.44368453500005,0 103.9173106660001,28.44514881100002,0 103.9179702640001,28.44702979300007,0 103.9190863300001,28.44832194000003,0 103.91979854,28.44967019300003,0 103.9209266990001,28.44942275900006,0 103.9212405370001,28.44807397800003,0 103.922240597,28.44696715100002,0 103.9221805280001,28.44515833400004,0 103.9234473830001,28.44375530200006,0 103.9234910600001,28.44301256100005,0 103.9228591020001,28.44219670500007,0 103.9227190980001,28.44151950400004,0 
							</coordinates>
						</LinearRing>
					</outerBoundaryIs>
					<innerBoundaryIs>
						<LinearRing>
							<coordinates>
								103.9131107790001,28.44384334600005,0 103.9123306860001,28.44396497300005,0 103.911468798,28.44435058500005,0 103.910178747,28.44394408800002,0 103.9090950610001,28.44397109100004,0 103.9092157910001,28.44764174600005,0 103.912371035,28.44798995600007,0 103.914943877,28.44723424400007,0 103.9159824070001,28.44844930700003,0 103.9150506600001,28.44882032800007,0 103.9147401010001,28.44990081800006,0 103.9143562820001,28.45042356300007,0 103.9132488070001,28.44936295000008,0 103.911511326,28.45049392100003,0 103.9105393190001,28.45003563500006,0 103.9093110220001,28.45075252600003,0 103.9088339350001,28.45201245800007,0 103.9076232030001,28.45195923800003,0 103.906072007,28.45110065600005,0 103.906805745,28.44992834100003,0 103.9066448780001,28.44928709000004,0 103.9053859200001,28.44985004000006,0 103.90552546,28.45407158100005,0 103.9071259420001,28.45437923000003,0 103.9075737060001,28.45357860300004,0 103.909134076,28.45333541500003,0 103.910002133,28.45294726600002,0 103.9104872830001,28.45386579300003,0 103.9112919550001,28.45280915700005,0 103.9125568370001,28.45148989700004,0 103.9132762360001,28.45020336400006,0 103.9139889090001,28.45088613500008,0 103.9144215840001,28.45434404700006,0 103.9153502,28.45499413500005,0 103.9173515530001,28.45409880700004,0 103.9179521660001,28.45467371500007,0 103.9163561290001,28.45592942700006,0 103.9180779100001,28.45662977700005,0 103.918720099,28.45548031300007,0 103.9186382930001,28.45300397500006,0 103.9168997890001,28.45157441400005,0 103.9158709480001,28.45001694100007,0 103.9168996800001,28.44874916500005,0 103.9156602730001,28.44666060600002,0 103.915765025,28.44485845500003,0 103.9139215330001,28.44593442800004,0 103.9134498210001,28.44548268100004,0 103.9131107790001,28.44384334600005,0 
							</coordinates>
						</LinearRing>
					</innerBoundaryIs>
				</Polygon>
			</MultiGeometry>
		</Placemark>
		<Placemark id="ID_00001">
			<name>7273</name>
			<description><![CDATA[<html xmlns:fo="http://www.w3.org/1999/XSL/Format" xmlns:msxsl="urn:schemas-microsoft-com:xslt">

<head>

<META http-equiv="Content-Type" content="text/html">

</head>

<body>

<table>

<tr><td style="white-space: nowrap;"><html xmlns:fo="http://www.w3.org/1999/XSL/Format" xmlns:msxsl="urn:schemas-microsoft-com:xslt">

<head>

<META http-equiv="Content-Type" content="text/html">

</head>

<body>

<table>

<tr><td style="white-space: nowrap;"><html xmlns:fo="http://www.w3.org/1999/XSL/Format" xmlns:msxsl="urn:schemas-microsoft-com:xslt">

<head>

<META http-equiv="Content-Type" content="text/html">

<meta http-equiv="content-type" content="text/html; charset=UTF-8">

</head>

<body style="margin:0px 0px 0px 0px;overflow:auto;background:#FFFFFF;">

<table style="font-family:Arial,Verdana,Times;font-size:12px;text-align:left;width:100%;border-collapse:collapse;padding:3px 3px 3px 3px">

<tr style="text-align:center;font-weight:bold;background:#9CBCE2">

<td>7273</td>

</tr>

<tr>

<td>

<table style="font-family:Arial,Verdana,Times;font-size:12px;text-align:left;width:100%;border-spacing:0px; padding:3px 3px 3px 3px">

<tr>

<td>Id</td>

<td>7273</td>

</tr>

<tr bgcolor="#D4E4F3">

<td>gridcode</td>

<td>23</td>

</tr>

</table>

</td>

</tr>

</table>

</body>

</html></td></tr>

</table>

</body>

</html></td></tr>

</table>

</body>

</html>]]></description>
			<styleUrl>#PolyStyle005797</styleUrl>
			<MultiGeometry>
				<Polygon>
					<outerBoundaryIs>
						<LinearRing>
							<coordinates>
								104.121218082,28.21724630300002,0 104.120930242,28.21642851900003,0 104.1193145940001,28.21312441200007,0 104.1181950060001,28.21182908500003,0 104.1167014000001,28.21144486100007,0 104.1132766950001,28.21219818700007,0 104.1115733840001,28.21166322700003,0 104.1090199770001,28.21138506800003,0 104.1077176960001,28.21258801700003,0 104.107068343,28.21310252800004,0 104.102715431,28.21291799300008,0 104.1023355140001,28.21095720200003,0 104.1046107620001,28.20856585200005,0 104.1059935290001,28.20673673100004,0 104.1036335600001,28.20679959400007,0 104.1026419520001,28.20619353600006,0 104.101996183,28.20497332700006,0 104.1012096980001,28.20461242000005,0 104.1008243730001,28.20809928100005,0 104.0980252270001,28.20940919800006,0 104.0977257970001,28.20972574600006,0 104.1004828410001,28.21130778200006,0 104.1007733920001,28.21184474800003,0 104.0943283250001,28.21206439200006,0 104.0900443930001,28.21030788200005,0 104.0897200530001,28.20909948600007,0 104.0931956730001,28.20883724500004,0 104.0953962980001,28.20784515200006,0 104.097101088,28.20585824600005,0 104.097461057,28.20441094400007,0 104.096493099,28.20316088000004,0 104.0952660930001,28.20268619600006,0 104.094026468,28.20324511300004,0 104.093154767,28.20481706000004,0 104.092831899,28.20507272100008,0 104.0923895840001,28.20587102400003,0 104.0890219940001,28.20611614700005,0 104.0866757800001,28.20556045800004,0 104.0846323640001,28.20528583200007,0 104.0830341030001,28.20622502700007,0 104.081923401,28.20783729500005,0 104.081396887,28.20935529000008,0 104.0820531490001,28.21103709200003,0 104.083272998,28.21173717600004,0 104.0858348100001,28.21166940600006,0 104.088788224,28.21179503700006,0 104.089360851,28.21280328800003,0 104.08749183,28.21469435700004,0 104.0869512500001,28.21566852800004,0 104.0850914490001,28.21616521200008,0 104.084682033,28.21924565700005,0 104.083423178,28.22056754500005,0 104.0824743250001,28.22194394800005,0 104.081130123,28.22188671900005,0 104.0813024250001,28.21881422500007,0 104.0828557600001,28.21708340200007,0 104.0832147580001,28.21643601300008,0 104.0831677530001,28.21507858200005,0 104.0815458280001,28.21465682000007,0 104.0794894430001,28.21705207000008,0 104.0779957680001,28.21730241500006,0 104.07762646,28.21614712000007,0 104.0790730320001,28.21381788600007,0 104.0794977950001,28.21293102800007,0 104.0787907020001,28.21048697200007,0 104.0789727740001,28.20723738600003,0 104.0805131540001,28.20552112500008,0 104.0808293220001,28.20363426300003,0 104.0817584850001,28.20171510500006,0 104.0821864020001,28.19547503700005,0 104.0834527440001,28.19477684900005,0 104.0863833210001,28.19490158200006,0 104.087387521,28.19537498000005,0 104.088321104,28.19564069100005,0 104.0884676630001,28.19578120600005,0 104.0886061340001,28.19646106900007,0 104.0898473490001,28.19780411400006,0 104.0889013300001,28.19928776100005,0 104.0910719900001,28.20026986900007,0 104.0928914140001,28.20077540300002,0 104.0968752060001,28.20241752700002,0 104.0983042790001,28.20250316800008,0 104.098815351,28.20110607000004,0 104.1006153860001,28.20151432600005,0 104.1005225110001,28.20269031900006,0 104.102267511,28.20353422200003,0 104.1033419340001,28.20328943100003,0 104.103929722,28.20168331600007,0 104.1061946980001,28.20206354700002,0 104.107327711,28.20296155900007,0 104.1073640400001,28.20358186000004,0 104.107262237,28.20487352800006,0 104.108232839,28.20547545000005,0 104.1103446440001,28.20577902300005,0 104.1113883350001,28.20723705100005,0 104.113515433,28.20675852600004,0 104.114971869,28.20735459700006,0 104.115551005,28.20792981700004,0 104.1160737150001,28.20796100600006,0 104.117420715,28.20790158000006,0 104.1191905410001,28.20875707000005,0 104.121673554,28.20819830100004,0 104.122813932,28.20874975600004,0 104.1259939700001,28.20818341100005,0 104.1275671700001,28.20974482900004,0 104.1307014820001,28.21061424200008,0 104.132731924,28.21262905900005,0 104.1331407180001,28.21237892500005,0 104.1337040870001,28.21183949400006,0 104.1353758100001,28.21151400500003,0 104.1352859010001,28.20997156900006,0 104.1359970970001,28.20969383200003,0 104.1363987880001,28.20930888100003,0 104.137009962,28.20958405900007,0 104.1375600630001,28.21055191900007,0 104.1385424040001,28.21066735800002,0 104.1379553680001,28.21122996700007,0 104.1371353470001,28.21185713500006,0 104.136527002,28.21274373200004,0 104.1382917140001,28.21414101300007,0 104.137356427,28.21485591600003,0 104.1343612440001,28.21467761700006,0 104.1315920270001,28.21315727700005,0 104.1306532570001,28.21289687700005,0 104.1300566560001,28.21260867000007,0 104.128504299,28.21207511700004,0 104.1251979620001,28.21047696700003,0 104.121354684,28.21014106900003,0 104.1199274950001,28.21080236300003,0 104.119587009,28.21178911900006,0 104.1214283960001,28.21254248300005,0 104.1228114180001,28.21321088900004,0 104.1232494160001,28.21364550800007,0 104.1247990520001,28.21444755800007,0 104.1258225230001,28.21508196600007,0 104.1256084070001,28.21780359100006,0 104.1259882800001,28.21875183100008,0 104.1261080930001,28.22131057500008,0 104.1258551390001,28.22156148100004,0 104.1242559180001,28.22076799200005,0 104.121710857,28.21762288500003,0 104.121218082,28.21724630300002,0 
							</coordinates>
						</LinearRing>
					</outerBoundaryIs>
				</Polygon>
			</MultiGeometry>
		</Placemark>
		<Placemark id="ID_00002">
			<name>7290</name>
			<description><![CDATA[<html xmlns:fo="http://www.w3.org/1999/XSL/Format" xmlns:msxsl="urn:schemas-microsoft-com:xslt">

<head>

<META http-equiv="Content-Type" content="text/html">

</head>

<body>

<table>

<tr><td style="white-space: nowrap;"><html xmlns:fo="http://www.w3.org/1999/XSL/Format" xmlns:msxsl="urn:schemas-microsoft-com:xslt">

<head>

<META http-equiv="Content-Type" content="text/html">

</head>

<body>

<table>

<tr><td style="white-space: nowrap;"><html xmlns:fo="http://www.w3.org/1999/XSL/Format" xmlns:msxsl="urn:schemas-microsoft-com:xslt">

<head>

<META http-equiv="Content-Type" content="text/html">

<meta http-equiv="content-type" content="text/html; charset=UTF-8">

</head>

<body style="margin:0px 0px 0px 0px;overflow:auto;background:#FFFFFF;">

<table style="font-family:Arial,Verdana,Times;font-size:12px;text-align:left;width:100%;border-collapse:collapse;padding:3px 3px 3px 3px">

<tr style="text-align:center;font-weight:bold;background:#9CBCE2">

<td>7290</td>

</tr>

<tr>

<td>

<table style="font-family:Arial,Verdana,Times;font-size:12px;text-align:left;width:100%;border-spacing:0px; padding:3px 3px 3px 3px">

<tr>

<td>Id</td>

<td>7290</td>

</tr>

<tr bgcolor="#D4E4F3">

<td>gridcode</td>

<td>23</td>

</tr>

</table>

</td>

</tr>

</table>

</body>

</html></td></tr>

</table>

</body>

</html></td></tr>

</table>

</body>

</html>]]></description>
			<styleUrl>#PolyStyle005797</styleUrl>
			<MultiGeometry>
				<Polygon>
					<outerBoundaryIs>
						<LinearRing>
							<coordinates>
								104.3229507720001,28.19473119000003,0 104.3234233730001,28.19485826400006,0 104.3261758640001,28.19594250000006,0 104.3308095940001,28.19827409000004,0 104.3313789650001,28.19904346900006,0 104.3307553010001,28.20000220300005,0 104.3304584380001,28.20150146100008,0 104.3317669110001,28.20335592500004,0 104.3330377670001,28.20377391100004,0 104.3359726040001,28.20271724600008,0 104.3371546400001,28.20247560100006,0 104.339226157,28.20459840300003,0 104.3401658190001,28.20488920700007,0 104.3406813190001,28.20389952800008,0 104.3395285030001,28.20259896700003,0 104.339091217,28.20083458500005,0 104.3400559690001,28.20090781400006,0 104.343327887,28.20219583300008,0 104.3436681380001,28.20375305200004,0 104.3430111020001,28.20579095200003,0 104.3445923830001,28.20679389500003,0 104.3451579540001,28.20737323500003,0 104.342077874,28.21026922200008,0 104.3417235750001,28.21126978500007,0 104.3420864500001,28.21214839100003,0 104.3423599580001,28.21369863700005,0 104.3414250010001,28.21483150300003,0 104.3391259200001,28.21495988800007,0 104.339024061,28.21450511900002,0 104.3373665950001,28.21157340800005,0 104.3362811750001,28.21073842300007,0 104.332687584,28.21062725700006,0 104.3302959880001,28.20942422500008,0 104.3283132510001,28.20913506500006,0 104.3267681420001,28.21007586700006,0 104.326295208,28.21183461900006,0 104.3275271270001,28.21378943100007,0 104.3278683790001,28.21464488100003,0 104.326091719,28.21500782500004,0 104.3243749660001,28.21324792500008,0 104.3233678830001,28.21026073600007,0 104.3228625570001,28.20945947200005,0 104.3214078610001,28.20991509600003,0 104.319190587,28.21212651600007,0 104.3187996950001,28.21322955000005,0 104.3174122170001,28.21255524800006,0 104.3163765180001,28.21192511400005,0 104.3148825950001,28.20911724700005,0 104.3139963310001,28.20877648700002,0 104.3126360170001,28.20939300800006,0 104.312147425,28.21194960900004,0 104.3085674550001,28.21479904800003,0 104.3070746010001,28.21503797800006,0 104.306938566,28.21488811700004,0 104.305236999,28.21368404500004,0 104.3056368490001,28.21103715500004,0 104.304509948,28.21030975100007,0 104.3035882350001,28.20996476200003,0 104.3039671940001,28.20827263200005,0 104.3051119520001,28.20789739400004,0 104.3076952440001,28.20758581300004,0 104.309086043,28.20609235400008,0 104.3103752840001,28.20427160900005,0 104.311335398,28.20417346900007,0 104.3123168110001,28.20525660600003,0 104.3134886400001,28.20502484500003,0 104.3138123260001,28.20261073600005,0 104.3158527510001,28.20288621300006,0 104.3165828990001,28.20340311500007,0 104.3177564220001,28.20524093300003,0 104.319126962,28.20675260400003,0 104.3216506890001,28.20704134600004,0 104.3229113520001,28.20568693500007,0 104.3231424300001,28.20415297800003,0 104.3212176060001,28.20279101600005,0 104.3205234160001,28.20045194800002,0 104.316625522,28.19945575700007,0 104.316524336,28.19870458100007,0 104.3170353830001,28.19815605500003,0 104.3182413010001,28.19732671500003,0 104.3201737130001,28.19525156800006,0 104.320919023,28.19482868400007,0 104.3229507720001,28.19473119000003,0 
							</coordinates>
						</LinearRing>
					</outerBoundaryIs>
					<innerBoundaryIs>
						<LinearRing>
							<coordinates>
								104.3238414790001,28.19903176300005,0 104.3224651950001,28.19918036100006,0 104.3227920750001,28.20178097500008,0 104.3248004610001,28.20330922500006,0 104.326507909,28.20593068800002,0 104.3271157470001,28.20655362500003,0 104.3299830620001,28.20732028800006,0 104.334850401,28.20699462700003,0 104.3356409450001,28.20577968300006,0 104.3353586000001,28.20539817100007,0 104.3305321330001,28.20488741700007,0 104.329087895,28.20408759900005,0 104.3276280480001,28.20297661600006,0 104.3254445060001,28.20028889000002,0 104.3239829720001,28.19917679100007,0 104.3238414790001,28.19903176300005,0 
							</coordinates>
						</LinearRing>
					</innerBoundaryIs>
				</Polygon>
			</MultiGeometry>
		</Placemark>
		<Placemark id="ID_00003">
			<name>7812</name>
			<description><![CDATA[<html xmlns:fo="http://www.w3.org/1999/XSL/Format" xmlns:msxsl="urn:schemas-microsoft-com:xslt">

<head>

<META http-equiv="Content-Type" content="text/html">

</head>

<body>

<table>

<tr><td style="white-space: nowrap;"><html xmlns:fo="http://www.w3.org/1999/XSL/Format" xmlns:msxsl="urn:schemas-microsoft-com:xslt">

<head>

<META http-equiv="Content-Type" content="text/html">

</head>

<body>

<table>

<tr><td style="white-space: nowrap;"><html xmlns:fo="http://www.w3.org/1999/XSL/Format" xmlns:msxsl="urn:schemas-microsoft-com:xslt">

<head>

<META http-equiv="Content-Type" content="text/html">

<meta http-equiv="content-type" content="text/html; charset=UTF-8">

</head>

<body style="margin:0px 0px 0px 0px;overflow:auto;background:#FFFFFF;">

<table style="font-family:Arial,Verdana,Times;font-size:12px;text-align:left;width:100%;border-collapse:collapse;padding:3px 3px 3px 3px">

<tr style="text-align:center;font-weight:bold;background:#9CBCE2">

<td>7812</td>

</tr>

<tr>

<td>

<table style="font-family:Arial,Verdana,Times;font-size:12px;text-align:left;width:100%;border-spacing:0px; padding:3px 3px 3px 3px">

<tr>

<td>Id</td>

<td>7812</td>

</tr>

<tr bgcolor="#D4E4F3">

<td>gridcode</td>

<td>23</td>

</tr>

</table>

</td>

</tr>

</table>

</body>

</html></td></tr>

</table>

</body>

</html></td></tr>

</table>

</body>

</html>]]></description>
			<styleUrl>#PolyStyle0057915</styleUrl>
			<MultiGeometry>
				<Polygon>
					<outerBoundaryIs>
						<LinearRing>
							<coordinates>
								103.85020811,28.13241054400004,0 103.8503663380001,28.13254128300002,0 103.8506609360001,28.13367912400003,0 103.8517310760001,28.13456375200008,0 103.8521692930001,28.13498627200005,0 103.8570967010001,28.13583113800007,0 103.8580010680001,28.13638745200007,0 103.8586254350001,28.13665199300004,0 103.8598925730001,28.13751963200008,0 103.8613243440001,28.13812656000005,0 103.8635169626298,28.1392205241932,0 103.86386328506,28.13924106453415,0 103.8674130476541,28.1389956836128,0 103.8676568502803,28.13900988157514,0 103.8720830558064,28.1393325176035,0 103.874886707647,28.13914227241605,0 103.8776440246511,28.14171505598075,0 103.8777896763417,28.14185018362613,0 103.8799196374204,28.14384772510139,0 103.8784670344264,28.14573651032134,0 103.8751201415654,28.14787751123437,0 103.8733929252288,28.14897720764378,0 103.8748661656749,28.14963135194683,0 103.8748107118539,28.14971536306098,0 103.8711735932726,28.15068813081045,0 103.8711457929799,28.15254054747519,0 103.8727033742758,28.15228451406946,0 103.8739963193032,28.15266299648246,0 103.8740956448757,28.15278060232939,0 103.8741935753605,28.15300546157407,0 103.8747214090544,28.15434795442275,0 103.8729356280941,28.154960331647,0 103.8727053519295,28.15648923528207,0 103.8724967516578,28.15663225253394,0 103.8689401635371,28.15706883837445,0 103.8644053542509,28.15695634612455,0 103.8599534350049,28.15561516557644,0 103.8599081512196,28.15556073662336,0 103.8582706384161,28.15408481004832,0 103.8569929025238,28.15350813898983,0 103.8568792004545,28.153463852717,0 103.8552975873255,28.15242109137323,0 103.8551553816073,28.1523096944365,0 103.8538436845448,28.1516433603599,0 103.8502283230001,28.15131015100008,0 103.8485452230001,28.15032377700004,0 103.8461906490001,28.14552124200003,0 103.8452372800001,28.14426333800003,0 103.84232445,28.14255549100005,0 103.8416220500001,28.14151589700003,0 103.8444185800001,28.13922702900004,0 103.8502776610001,28.13899227700006,0 103.8515071530001,28.13870471700005,0 103.850810004,28.13749019700003,0 103.8490651070001,28.13710049100007,0 103.8481152020001,28.13680638300008,0 103.8472146300001,28.13596946100006,0 103.8472638470001,28.13462178800006,0 103.8479008290001,28.13357347800007,0 103.85020811,28.13241054400004,0 
							</coordinates>
						</LinearRing>
					</outerBoundaryIs>
				</Polygon>
			</MultiGeometry>
		</Placemark>
		<Placemark id="ID_00004">
			<name>8157</name>
			<description><![CDATA[<html xmlns:fo="http://www.w3.org/1999/XSL/Format" xmlns:msxsl="urn:schemas-microsoft-com:xslt">

<head>

<META http-equiv="Content-Type" content="text/html">

</head>

<body>

<table>

<tr><td style="white-space: nowrap;"><html xmlns:fo="http://www.w3.org/1999/XSL/Format" xmlns:msxsl="urn:schemas-microsoft-com:xslt">

<head>

<META http-equiv="Content-Type" content="text/html">

</head>

<body>

<table>

<tr><td style="white-space: nowrap;"><html xmlns:fo="http://www.w3.org/1999/XSL/Format" xmlns:msxsl="urn:schemas-microsoft-com:xslt">

<head>

<META http-equiv="Content-Type" content="text/html">

<meta http-equiv="content-type" content="text/html; charset=UTF-8">

</head>

<body style="margin:0px 0px 0px 0px;overflow:auto;background:#FFFFFF;">

<table style="font-family:Arial,Verdana,Times;font-size:12px;text-align:left;width:100%;border-collapse:collapse;padding:3px 3px 3px 3px">

<tr style="text-align:center;font-weight:bold;background:#9CBCE2">

<td>8157</td>

</tr>

<tr>

<td>

<table style="font-family:Arial,Verdana,Times;font-size:12px;text-align:left;width:100%;border-spacing:0px; padding:3px 3px 3px 3px">

<tr>

<td>Id</td>

<td>8157</td>

</tr>

<tr bgcolor="#D4E4F3">

<td>gridcode</td>

<td>23</td>

</tr>

</table>

</td>

</tr>

</table>

</body>

</html></td></tr>

</table>

</body>

</html></td></tr>

</table>

</body>

</html>]]></description>
			<styleUrl>#PolyStyle0057914</styleUrl>
			<MultiGeometry>
				<Polygon>
					<outerBoundaryIs>
						<LinearRing>
							<coordinates>
								103.7088587429,28.1387609346175,0 103.7061155155338,28.13251079214294,0 103.7045261237411,28.127259058982,0 103.7016371843043,28.12342888954707,0 103.7001924511165,28.11959617451467,0 103.7006063502383,28.1141499684668,0 103.6987465725386,28.11032412120948,0 103.6954742859221,28.1056522697587,0 103.6945242340867,28.09976097840492,0 103.6988296668039,28.0931703836049,0 103.6990705962104,28.09308876218891,0 103.7047507191564,28.09070837808365,0 103.7115717489029,28.08946433800611,0 103.7150928917669,28.08962306764579,0 103.7153448654536,28.08974706639482,0 103.7197851932845,28.09197710418691,0 103.7199318485295,28.09218215494721,0 103.7272984095849,28.09706928866841,0 103.7294158158504,28.09995127938357,0 103.7296079973448,28.1000529790601,0 103.7361235353709,28.10616191231157,0 103.7345014183466,28.11026059576885,0 103.7348219265095,28.1103913793569,0 103.7379768027882,28.11440636852294,0 103.7388044566014,28.11801902200711,0 103.7357662544496,28.1266236868101,0 103.7372707972568,28.13559506620255,0 103.7387852558399,28.14069983177964,0 103.7357604626804,28.14244323310263,0 103.7277498901326,28.14255670253261,0 103.722024092596,28.1415322281553,0 103.7200158276538,28.13816529428639,0 103.7164862484803,28.13735299538034,0 103.7136842806377,28.14092760034047,0 103.7088587429,28.1387609346175,0 
							</coordinates>
						</LinearRing>
					</outerBoundaryIs>
				</Polygon>
			</MultiGeometry>
		</Placemark>
		<Placemark id="ID_00005">
			<name>8391</name>
			<description><![CDATA[<html xmlns:fo="http://www.w3.org/1999/XSL/Format" xmlns:msxsl="urn:schemas-microsoft-com:xslt">

<head>

<META http-equiv="Content-Type" content="text/html">

</head>

<body>

<table>

<tr><td style="white-space: nowrap;"><html xmlns:fo="http://www.w3.org/1999/XSL/Format" xmlns:msxsl="urn:schemas-microsoft-com:xslt">

<head>

<META http-equiv="Content-Type" content="text/html">

</head>

<body>

<table>

<tr><td style="white-space: nowrap;"><html xmlns:fo="http://www.w3.org/1999/XSL/Format" xmlns:msxsl="urn:schemas-microsoft-com:xslt">

<head>

<META http-equiv="Content-Type" content="text/html">

<meta http-equiv="content-type" content="text/html; charset=UTF-8">

</head>

<body style="margin:0px 0px 0px 0px;overflow:auto;background:#FFFFFF;">

<table style="font-family:Arial,Verdana,Times;font-size:12px;text-align:left;width:100%;border-collapse:collapse;padding:3px 3px 3px 3px">

<tr style="text-align:center;font-weight:bold;background:#9CBCE2">

<td>8391</td>

</tr>

<tr>

<td>

<table style="font-family:Arial,Verdana,Times;font-size:12px;text-align:left;width:100%;border-spacing:0px; padding:3px 3px 3px 3px">

<tr>

<td>Id</td>

<td>8391</td>

</tr>

<tr bgcolor="#D4E4F3">

<td>gridcode</td>

<td>23</td>

</tr>

</table>

</td>

</tr>

</table>

</body>

</html></td></tr>

</table>

</body>

</html></td></tr>

</table>

</body>

</html>]]></description>
			<styleUrl>#PolyStyle005795</styleUrl>
			<MultiGeometry>
				<Polygon>
					<outerBoundaryIs>
						<LinearRing>
							<coordinates>
								103.6663682350001,28.05387108500003,0 103.6661564040001,28.05498613700007,0 103.668800919,28.05563765700003,0 103.6717591240001,28.05538703000008,0 103.6745497810001,28.05249723600008,0 103.676755315,28.04907954100003,0 103.678893079,28.04899319400005,0 103.6785768170001,28.05066413600002,0 103.6773039700001,28.05344148700004,0 103.677728185,28.05493611800006,0 103.679874048,28.05464304700007,0 103.6815197227361,28.05474611979179,0 103.6829419875269,28.05369469008566,0 103.6857612913785,28.05395255950225,0 103.6858127231008,28.05395874675855,0 103.6880236963013,28.05471648286941,0 103.6896550990002,28.05572022131807,0 103.6911719386658,28.05602890716847,0 103.6931384935969,28.05642922013108,0 103.6931609443404,28.05770798903293,0 103.6921312503432,28.05826997010436,0 103.6909091800001,28.05845326600007,0 103.6907057670001,28.06189487700004,0 103.6889275830001,28.06329521300006,0 103.687340276,28.06371396700007,0 103.684816186,28.06484257100004,0 103.6815582450001,28.06783162600004,0 103.6805549420001,28.06813090300005,0 103.6779586340001,28.06716447800005,0 103.6748283790001,28.06473017500008,0 103.6727590870001,28.06141881100007,0 103.6706376130001,28.06018773600005,0 103.6689245090001,28.06022684000004,0 103.6663338760001,28.06157024200007,0 103.6647318500001,28.06149597500007,0 103.6625069460001,28.05934271100006,0 103.6621630750001,28.05651245500008,0 103.6583630600001,28.05431405000007,0 103.6575602620001,28.05373715100006,0 103.657939716,28.05165958000004,0 103.6593794660001,28.05013269100004,0 103.662220786,28.05047708000006,0 103.6646135880001,28.05329972200008,0 103.6658918950001,28.05374603200005,0 103.6663682350001,28.05387108500003,0 
							</coordinates>
						</LinearRing>
					</outerBoundaryIs>
				</Polygon>
			</MultiGeometry>
		</Placemark>
		<Placemark id="ID_00006">
			<name>8579</name>
			<description><![CDATA[<html xmlns:fo="http://www.w3.org/1999/XSL/Format" xmlns:msxsl="urn:schemas-microsoft-com:xslt">

<head>

<META http-equiv="Content-Type" content="text/html">

</head>

<body>

<table>

<tr><td style="white-space: nowrap;"><html xmlns:fo="http://www.w3.org/1999/XSL/Format" xmlns:msxsl="urn:schemas-microsoft-com:xslt">

<head>

<META http-equiv="Content-Type" content="text/html">

</head>

<body>

<table>

<tr><td style="white-space: nowrap;"><html xmlns:fo="http://www.w3.org/1999/XSL/Format" xmlns:msxsl="urn:schemas-microsoft-com:xslt">

<head>

<META http-equiv="Content-Type" content="text/html">

<meta http-equiv="content-type" content="text/html; charset=UTF-8">

</head>

<body style="margin:0px 0px 0px 0px;overflow:auto;background:#FFFFFF;">

<table style="font-family:Arial,Verdana,Times;font-size:12px;text-align:left;width:100%;border-collapse:collapse;padding:3px 3px 3px 3px">

<tr style="text-align:center;font-weight:bold;background:#9CBCE2">

<td>8579</td>

</tr>

<tr>

<td>

<table style="font-family:Arial,Verdana,Times;font-size:12px;text-align:left;width:100%;border-spacing:0px; padding:3px 3px 3px 3px">

<tr>

<td>Id</td>

<td>8579</td>

</tr>

<tr bgcolor="#D4E4F3">

<td>gridcode</td>

<td>23</td>

</tr>

</table>

</td>

</tr>

</table>

</body>

</html></td></tr>

</table>

</body>

</html></td></tr>

</table>

</body>

</html>]]></description>
			<styleUrl>#PolyStyle005797</styleUrl>
			<MultiGeometry>
				<Polygon>
					<outerBoundaryIs>
						<LinearRing>
							<coordinates>
								105.0475275050001,28.04744820500002,0 105.0496163670001,28.04762669300004,0 105.0507267130001,28.04588668400004,0 105.0508126670001,28.04494791000008,0 105.0492923140001,28.04400774400006,0 105.0467690520001,28.04350829800006,0 105.0449217540001,28.04212001000008,0 105.0455136640001,28.04139673600002,0 105.0482811510001,28.04047835400007,0 105.0479961900001,28.04005296400004,0 105.0453011670001,28.03823426700006,0 105.0439960720001,28.03619362200004,0 105.044316398,28.03418681800002,0 105.0452035170001,28.03412418200003,0 105.0457552030001,28.03468283800004,0 105.0478426460001,28.03394096200003,0 105.0510421810001,28.03175034500003,0 105.0535039110001,28.03135936100006,0 105.0530539970001,28.03324746200008,0 105.0513757570001,28.03416326000007,0 105.0490535790001,28.03506947600005,0 105.047994154,28.03637519300003,0 105.048378336,28.03809846100006,0 105.0502852220001,28.03870921800007,0 105.0513778260001,28.03765445400006,0 105.0527382860001,28.03559103400005,0 105.053754886,28.03509515000008,0 105.0541826230001,28.03713506000003,0 105.0569893990001,28.03693673200007,0 105.058632372,28.03805875500007,0 105.059516365,28.03777479500008,0 105.05967323,28.03790636600007,0 105.0610250000001,28.03998521800003,0 105.061515575,28.04226526900004,0 105.0607501730001,28.04553795700008,0 105.0575284080001,28.04902692800005,0 105.059108064,28.04945424200002,0 105.0620192770001,28.04858241200003,0 105.0638005750001,28.04952421800005,0 105.0642904060001,28.05143967900006,0 105.0630613310001,28.05321172600003,0 105.0629112200001,28.05415432800004,0 105.0612257290001,28.05373499600006,0 105.0599930210001,28.05386953100003,0 105.0578149170001,28.05526030800007,0 105.057102753,28.05673829500006,0 105.0564575170001,28.05769778000007,0 105.0549418960001,28.05803747500005,0 105.0541628400001,28.05642661100006,0 105.0536712400001,28.05618793800005,0 105.0524459950001,28.05681750700006,0 105.0515542430001,28.06058283100003,0 105.0504344110001,28.06180604100007,0 105.0487659710001,28.06194890400008,0 105.0473306970001,28.06107729100006,0 105.0455997990001,28.05897519600006,0 105.0438417440001,28.05765430400004,0 105.043224099,28.05641988700006,0 105.0441035300001,28.05496657200007,0 105.0439200600001,28.05095765300007,0 105.0462976280001,28.04825434900005,0 105.0475275050001,28.04744820500002,0 
							</coordinates>
						</LinearRing>
					</outerBoundaryIs>
				</Polygon>
			</MultiGeometry>
		</Placemark>
		<Placemark id="ID_00007">
			<name>13487</name>
			<description><![CDATA[<html xmlns:fo="http://www.w3.org/1999/XSL/Format" xmlns:msxsl="urn:schemas-microsoft-com:xslt">

<head>

<META http-equiv="Content-Type" content="text/html">

</head>

<body>

<table>

<tr><td style="white-space: nowrap;"><html xmlns:fo="http://www.w3.org/1999/XSL/Format" xmlns:msxsl="urn:schemas-microsoft-com:xslt">

<head>

<META http-equiv="Content-Type" content="text/html">

</head>

<body>

<table>

<tr><td style="white-space: nowrap;"><html xmlns:fo="http://www.w3.org/1999/XSL/Format" xmlns:msxsl="urn:schemas-microsoft-com:xslt">

<head>

<META http-equiv="Content-Type" content="text/html">

<meta http-equiv="content-type" content="text/html; charset=UTF-8">

</head>

<body style="margin:0px 0px 0px 0px;overflow:auto;background:#FFFFFF;">

<table style="font-family:Arial,Verdana,Times;font-size:12px;text-align:left;width:100%;border-collapse:collapse;padding:3px 3px 3px 3px">

<tr style="text-align:center;font-weight:bold;background:#9CBCE2">

<td>13487</td>

</tr>

<tr>

<td>

<table style="font-family:Arial,Verdana,Times;font-size:12px;text-align:left;width:100%;border-spacing:0px; padding:3px 3px 3px 3px">

<tr>

<td>Id</td>

<td>13487</td>

</tr>

<tr bgcolor="#D4E4F3">

<td>gridcode</td>

<td>23</td>

</tr>

</table>

</td>

</tr>

</table>

</body>

</html></td></tr>

</table>

</body>

</html></td></tr>

</table>

</body>

</html>]]></description>
			<styleUrl>#PolyStyle005797</styleUrl>
			<MultiGeometry>
				<Polygon>
					<outerBoundaryIs>
						<LinearRing>
							<coordinates>
								103.5119501140001,27.64083036200003,0 103.5139490490001,27.64098110000003,0 103.5145336260001,27.64127758300003,0 103.516015301,27.64181477900007,0 103.5170926610001,27.64035288600007,0 103.518558602,27.63998616200007,0 103.519359771,27.63960730100007,0 103.5197902140001,27.63824034400005,0 103.5181300940001,27.63694602800007,0 103.5224031830001,27.63751182600004,0 103.5268600400001,27.63725572000004,0 103.5291870580001,27.63745050500006,0 103.5295738,27.63905457600004,0 103.5324943190001,27.63934141700003,0 103.5341701840001,27.63882546400004,0 103.5363344850001,27.63856444200007,0 103.538975324,27.63762783600004,0 103.5397250360001,27.63620887200005,0 103.5402533390001,27.63540534100002,0 103.5420306510001,27.63410778800005,0 103.5431275660001,27.63466396200005,0 103.5433379170001,27.63986063600004,0 103.5411266520001,27.64121219000003,0 103.5405689030001,27.64202268400004,0 103.542687356,27.64350594400003,0 103.5429315260001,27.64585634700006,0 103.5407464610001,27.64616933900004,0 103.5401811840001,27.64442769200008,0 103.5394075360001,27.64316707900002,0 103.5369429900001,27.64378067500007,0 103.5359298600001,27.64478281200007,0 103.5340816250001,27.64547849200005,0 103.5331773060001,27.64637279400006,0 103.5327545770001,27.64984950800005,0 103.540906174,27.65020400900005,0 103.5430751500001,27.64917801600006,0 103.5453080380001,27.64876281100004,0 103.5457457160001,27.64579346900007,0 103.5466351890001,27.64545861400006,0 103.5484719310001,27.64411804300005,0 103.5492909980001,27.64387966500004,0 103.5496871360001,27.64469127600006,0 103.5512363330001,27.64496002700003,0 103.551495549,27.64641913700007,0 103.5508672720001,27.64737487200006,0 103.5505745900001,27.64792875400008,0 103.5502415970001,27.64817337200003,0 103.5494535490001,27.64895324600008,0 103.5489991760001,27.65059694400002,0 103.5485658200001,27.65158810500003,0 103.5479880090001,27.65550559800005,0 103.5461305200001,27.65664082000006,0 103.5456766290001,27.65971895700005,0 103.5432910180001,27.66098817700004,0 103.5419086670001,27.66192125000003,0 103.5416087360001,27.66082892900005,0 103.540515977,27.66018410000004,0 103.5397969150001,27.66001217900003,0 103.5399493080001,27.65987710500008,0 103.541791377,27.65885035000002,0 103.5427602170001,27.65696144200007,0 103.5430943340001,27.65583002500006,0 103.5455629370001,27.65380838400006,0 103.545268482,27.65027281800008,0 103.5434267740001,27.65136292600005,0 103.542243978,27.65342579300005,0 103.540968224,27.65424998000003,0 103.540034861,27.65477035500004,0 103.539137537,27.65556632400006,0 103.536337695,27.65671441200004,0 103.536136351,27.65915835500005,0 103.5342043330001,27.65898526100006,0 103.5306342710001,27.65550091500006,0 103.5291578960001,27.65530411600002,0 103.5290010180001,27.65517277700008,0 103.5287137050001,27.65476105900007,0 103.5300125760001,27.65190002400004,0 103.5297176250001,27.64899881300005,0 103.529521587,27.64214982900006,0 103.5270345690001,27.64306432000007,0 103.5256814650001,27.64598703000007,0 103.525912895,27.64800321200005,0 103.5232067190001,27.64832141000005,0 103.5224234930001,27.64647391600005,0 103.5219603740001,27.64567682500007,0 103.513939582,27.64528971800007,0 103.5120784530001,27.64399689500004,0 103.5119501140001,27.64083036200003,0 
							</coordinates>
						</LinearRing>
					</outerBoundaryIs>
				</Polygon>
			</MultiGeometry>
		</Placemark>
		<Placemark id="ID_00008">
			<name>13864</name>
			<description><![CDATA[<html xmlns:fo="http://www.w3.org/1999/XSL/Format" xmlns:msxsl="urn:schemas-microsoft-com:xslt">

<head>

<META http-equiv="Content-Type" content="text/html">

</head>

<body>

<table>

<tr><td style="white-space: nowrap;"><html xmlns:fo="http://www.w3.org/1999/XSL/Format" xmlns:msxsl="urn:schemas-microsoft-com:xslt">

<head>

<META http-equiv="Content-Type" content="text/html">

</head>

<body>

<table>

<tr><td style="white-space: nowrap;"><html xmlns:fo="http://www.w3.org/1999/XSL/Format" xmlns:msxsl="urn:schemas-microsoft-com:xslt">

<head>

<META http-equiv="Content-Type" content="text/html">

<meta http-equiv="content-type" content="text/html; charset=UTF-8">

</head>

<body style="margin:0px 0px 0px 0px;overflow:auto;background:#FFFFFF;">

<table style="font-family:Arial,Verdana,Times;font-size:12px;text-align:left;width:100%;border-collapse:collapse;padding:3px 3px 3px 3px">

<tr style="text-align:center;font-weight:bold;background:#9CBCE2">

<td>13864</td>

</tr>

<tr>

<td>

<table style="font-family:Arial,Verdana,Times;font-size:12px;text-align:left;width:100%;border-spacing:0px; padding:3px 3px 3px 3px">

<tr>

<td>Id</td>

<td>13864</td>

</tr>

<tr bgcolor="#D4E4F3">

<td>gridcode</td>

<td>23</td>

</tr>

</table>

</td>

</tr>

</table>

</body>

</html></td></tr>

</table>

</body>

</html></td></tr>

</table>

</body>

</html>]]></description>
			<styleUrl>#PolyStyle005797</styleUrl>
			<MultiGeometry>
				<Polygon>
					<outerBoundaryIs>
						<LinearRing>
							<coordinates>
								104.69464156,27.63757548500007,0 104.6958315100001,27.63737471500008,0 104.697239848,27.63609595300005,0 104.6980223860001,27.63543938200007,0 104.698474021,27.63502934800005,0 104.6987870310001,27.63476661100002,0 104.699088116,27.63449334000006,0 104.701573835,27.63423635700008,0 104.7032662290001,27.63500750600008,0 104.7040831420001,27.63724212100004,0 104.7072360880001,27.63719388700002,0 104.7076568030001,27.63529603500007,0 104.7070236960001,27.63420887100006,0 104.7061264390001,27.63344719700007,0 104.7048574920001,27.63228065400006,0 104.7049348700001,27.62937957200007,0 104.7067896680001,27.62859511600004,0 104.708539515,27.62700479600005,0 104.70980187,27.62673068500004,0 104.7101759440001,27.62984047300006,0 104.7119951550001,27.63022578200003,0 104.713112913,27.62920976600003,0 104.7140359890001,27.62556811100006,0 104.7147404010001,27.62405497300006,0 104.7150554550001,27.61948039700008,0 104.7164193340001,27.61791060400003,0 104.7177246570001,27.61761051500002,0 104.7181186990001,27.61868683100005,0 104.7193779680001,27.61895354600006,0 104.7207428820001,27.61834023900008,0 104.721532321,27.61728877500008,0 104.7224931180001,27.61648266800006,0 104.7265678420001,27.61656571400005,0 104.726995898,27.61826717300005,0 104.7250963110001,27.61935443900006,0 104.7245451160001,27.62087958300003,0 104.7254435340001,27.62242137500004,0 104.7257558590001,27.62328637900004,0 104.724529896,27.62380517400004,0 104.7236731460001,27.62458371100007,0 104.723303774,27.62625313800004,0 104.7239126470001,27.62729843200003,0 104.7242087550001,27.62856584100007,0 104.722953374,27.62890904200002,0 104.7213074890001,27.62815929300007,0 104.7204960590001,27.62783294000008,0 104.7176236280001,27.62868846000004,0 104.7148832830001,27.63246402800007,0 104.7119369480001,27.63318571600007,0 104.7121180030001,27.64227039600008,0 104.7110490170001,27.64258912000003,0 104.710706063,27.64070652300006,0 104.7103768820001,27.64044211300006,0 104.7096271980001,27.64112312900005,0 104.7073394280001,27.64042904100006,0 104.7050066100001,27.64015941100007,0 104.7027436620001,27.64149757300004,0 104.7018183540001,27.64175870300005,0 104.6990273600001,27.64360637900006,0 104.6965227190001,27.64389514500006,0 104.6960066720001,27.64201204400007,0 104.6953474690001,27.64174670300002,0 104.694013263,27.64214370100007,0 104.6932459960001,27.64200353800004,0 104.6928856270001,27.64296770100003,0 104.6915639680001,27.64217589900005,0 104.690474619,27.64281976200005,0 104.6904959760001,27.64387762800004,0 104.6886936240001,27.64575071100005,0 104.6874141970001,27.64602085200005,0 104.687099672,27.64768444900005,0 104.6861653160001,27.64926441600005,0 104.684391346,27.65001380600006,0 104.6837333080001,27.64958525500003,0 104.685504038,27.64857309100006,0 104.6858767190001,27.64787203700007,0 104.6843571300001,27.64658188400006,0 104.684054889,27.64533475400003,0 104.6858932410001,27.64494662900006,0 104.686288114,27.64388926400005,0 104.6882820400001,27.64479809300008,0 104.6886456070001,27.64412679400004,0 104.6875683750001,27.64321210600009,0 104.6866165920001,27.64233686800003,0 104.68496358,27.64307860800005,0 104.683751026,27.64305356600005,0 104.6834424720001,27.64387988900006,0 104.6828210950001,27.64440042200005,0 104.6828398060001,27.64533870300005,0 104.682818335,27.64614508600005,0 104.6828470410001,27.64762338000003,0 104.6809841410001,27.64783720700007,0 104.681688895,27.64545465000003,0 104.6806501680001,27.64547022900006,0 104.6797652150001,27.64627351300004,0 104.6789963420001,27.64640311500006,0 104.67889712,27.64541788000002,0 104.678695137,27.64505818600002,0 104.6789027500001,27.64470096800004,0 104.6803725080001,27.64405777000007,0 104.6822762730001,27.64228984000005,0 104.6823807480001,27.64184280500007,0 104.6837196150001,27.64149294800006,0 104.6861419520001,27.63997578400006,0 104.6866754540001,27.63943542600003,0 104.687292524,27.63926571000007,0 104.6877562570001,27.63850266800006,0 104.6883262500001,27.63745022500007,0 104.6889736580001,27.63715168600003,0 104.68963891,27.63687839300008,0 104.690348612,27.63620946800006,0 104.6909866080001,27.63569404800007,0 104.6919878360001,27.63475078500005,0 104.69312397,27.63505223000004,0 104.6923514300001,27.63761009900003,0 104.6926958840001,27.64064758800004,0 104.6947429420001,27.64072440600006,0 104.6937685180001,27.63947310500004,0 104.694481775,27.63829855700004,0 104.69464156,27.63757548500007,0 
							</coordinates>
						</LinearRing>
					</outerBoundaryIs>
				</Polygon>
			</MultiGeometry>
		</Placemark>
		<Placemark id="ID_00009">
			<name>14963</name>
			<description><![CDATA[<html xmlns:fo="http://www.w3.org/1999/XSL/Format" xmlns:msxsl="urn:schemas-microsoft-com:xslt">

<head>

<META http-equiv="Content-Type" content="text/html">

</head>

<body>

<table>

<tr><td style="white-space: nowrap;"><html xmlns:fo="http://www.w3.org/1999/XSL/Format" xmlns:msxsl="urn:schemas-microsoft-com:xslt">

<head>

<META http-equiv="Content-Type" content="text/html">

</head>

<body>

<table>

<tr><td style="white-space: nowrap;"><html xmlns:fo="http://www.w3.org/1999/XSL/Format" xmlns:msxsl="urn:schemas-microsoft-com:xslt">

<head>

<META http-equiv="Content-Type" content="text/html">

<meta http-equiv="content-type" content="text/html; charset=UTF-8">

</head>

<body style="margin:0px 0px 0px 0px;overflow:auto;background:#FFFFFF;">

<table style="font-family:Arial,Verdana,Times;font-size:12px;text-align:left;width:100%;border-collapse:collapse;padding:3px 3px 3px 3px">

<tr style="text-align:center;font-weight:bold;background:#9CBCE2">

<td>14963</td>

</tr>

<tr>

<td>

<table style="font-family:Arial,Verdana,Times;font-size:12px;text-align:left;width:100%;border-spacing:0px; padding:3px 3px 3px 3px">

<tr>

<td>Id</td>

<td>14963</td>

</tr>

<tr bgcolor="#D4E4F3">

<td>gridcode</td>

<td>23</td>

</tr>

</table>

</td>

</tr>

</table>

</body>

</html></td></tr>

</table>

</body>

</html></td></tr>

</table>

</body>

</html>]]></description>
			<styleUrl>#PolyStyle005797</styleUrl>
			<MultiGeometry>
				<Polygon>
					<outerBoundaryIs>
						<LinearRing>
							<coordinates>
								104.7319732560001,27.54330317200004,0 104.732131731,27.54343287000006,0 104.7325298210001,27.55034924100005,0 104.7363202860001,27.55216074500004,0 104.7372563880001,27.55391666800006,0 104.7376037820001,27.55420092500003,0 104.738116624,27.55469037300004,0 104.7408459160001,27.55609054300004,0 104.742876504,27.55582617800008,0 104.7454072860001,27.55343723400006,0 104.7489200190001,27.55246818600006,0 104.749082516,27.54872012900006,0 104.7517637570001,27.54852912200005,0 104.7545604370001,27.54700269300002,0 104.7562598980001,27.54672922200007,0 104.7592180560001,27.54789144200004,0 104.7607809730001,27.54949399700007,0 104.7620871080001,27.55021713700006,0 104.7634303370001,27.55114659300006,0 104.764771001,27.55303797100004,0 104.7651088380001,27.55535208700007,0 104.7671686020001,27.55755146300004,0 104.7675920030001,27.55961943000006,0 104.7694634120001,27.55991196200006,0 104.7702247190001,27.55913840400007,0 104.7708248650001,27.55740047900002,0 104.772511497,27.55752309700006,0 104.7730677640001,27.55862504900006,0 104.7732050850001,27.56302153500008,0 104.7699656850001,27.56290523000007,0 104.7678830460001,27.56204499400008,0 104.7646356220001,27.56181876500006,0 104.764057156,27.56255170200006,0 104.762317673,27.56337777100003,0 104.7616912180001,27.56417177000003,0 104.760965959,27.56460951300005,0 104.7598760100001,27.56449009600004,0 104.7592286660001,27.56353349600005,0 104.7581977,27.56283062900008,0 104.756823276,27.56233260400006,0 104.756251821,27.56202784200008,0 104.755295458,27.56179156200005,0 104.7532728470001,27.56046643500002,0 104.7513614660001,27.56016974000005,0 104.7510319750001,27.56217150400005,0 104.7503978990001,27.56309054000008,0 104.750263476,27.56351087700006,0 104.7497822990001,27.56339507000007,0 104.74921685,27.56308556000005,0 104.7482273620001,27.56273742400003,0 104.7470533320001,27.56134292100006,0 104.745392124,27.56047782600007,0 104.7437902900001,27.56015518100003,0 104.7428006420001,27.56069067600004,0 104.741341156,27.56091682900006,0 104.7404827560001,27.55989700500004,0 104.7388117360001,27.56014600900005,0 104.7385027980001,27.56236965500007,0 104.7380311280001,27.56267655600004,0 104.737843539,27.56108744300008,0 104.7372681620001,27.56012562400008,0 104.7364615340001,27.55681625800003,0 104.7353157470001,27.55466664500005,0 104.7339370220001,27.55311683800005,0 104.7322417720001,27.55214865300007,0 104.7312598520001,27.55134454400007,0 104.7308070270001,27.55058763800003,0 104.7312533150001,27.54396159100003,0 104.7318139870001,27.54343211500003,0 104.7319732560001,27.54330317200004,0 
							</coordinates>
						</LinearRing>
					</outerBoundaryIs>
				</Polygon>
			</MultiGeometry>
		</Placemark>
		<Placemark id="ID_00010">
			<name>17942</name>
			<description><![CDATA[<html xmlns:fo="http://www.w3.org/1999/XSL/Format" xmlns:msxsl="urn:schemas-microsoft-com:xslt">

<head>

<META http-equiv="Content-Type" content="text/html">

</head>

<body>

<table>

<tr><td style="white-space: nowrap;"><html xmlns:fo="http://www.w3.org/1999/XSL/Format" xmlns:msxsl="urn:schemas-microsoft-com:xslt">

<head>

<META http-equiv="Content-Type" content="text/html">

</head>

<body>

<table>

<tr><td style="white-space: nowrap;"><html xmlns:fo="http://www.w3.org/1999/XSL/Format" xmlns:msxsl="urn:schemas-microsoft-com:xslt">

<head>

<META http-equiv="Content-Type" content="text/html">

<meta http-equiv="content-type" content="text/html; charset=UTF-8">

</head>

<body style="margin:0px 0px 0px 0px;overflow:auto;background:#FFFFFF;">

<table style="font-family:Arial,Verdana,Times;font-size:12px;text-align:left;width:100%;border-collapse:collapse;padding:3px 3px 3px 3px">

<tr style="text-align:center;font-weight:bold;background:#9CBCE2">

<td>17942</td>

</tr>

<tr>

<td>

<table style="font-family:Arial,Verdana,Times;font-size:12px;text-align:left;width:100%;border-spacing:0px; padding:3px 3px 3px 3px">

<tr>

<td>Id</td>

<td>17942</td>

</tr>

<tr bgcolor="#D4E4F3">

<td>gridcode</td>

<td>23</td>

</tr>

</table>

</td>

</tr>

</table>

</body>

</html></td></tr>

</table>

</body>

</html></td></tr>

</table>

</body>

</html>]]></description>
			<styleUrl>#PolyStyle005796</styleUrl>
			<MultiGeometry>
				<Polygon>
					<outerBoundaryIs>
						<LinearRing>
							<coordinates>
								103.3814431420982,27.36308372988772,0 103.3738188662595,27.36143888550625,0 103.3657116304867,27.35959356519666,0 103.356475992623,27.36016416255519,0 103.3550804218991,27.35875522093996,0 103.3580536051589,27.35650727060026,0 103.3676929966614,27.35800121789341,0 103.3772865867828,27.35920882516712,0 103.3756811305092,27.3590157862429,0 103.3710237987374,27.35705297403186,0 103.3711194471267,27.35573001025982,0 103.3714959435066,27.35577131321587,0 103.3722451901724,27.35585463450206,0 103.3731625122636,27.35596172709389,0 103.3775900347554,27.35708186656757,0 103.3755864899799,27.35587693080568,0 103.3736711490955,27.35425551172795,0 103.373953692866,27.35428609299162,0 103.3795438942387,27.35504428923847,0 103.3799780481249,27.35527088273216,0 103.3826023587217,27.35627747961005,0 103.378437000183,27.35342395406204,0 103.3747636963743,27.35183195470258,0 103.3792232627165,27.35029813500977,0 103.3852121103579,27.34985650492213,0 103.3883135790909,27.3499897837237,0 103.3901756498831,27.3491258261199,0 103.3903159034514,27.3488774723743,0 103.3933585668236,27.34595965583203,0 103.3974714861243,27.34195434969872,0 103.3999633920495,27.34069413567142,0 103.4054675103344,27.34047470689305,0 103.4072550939039,27.34258728601147,0 103.4088631716478,27.34469489024448,0 103.4111088833744,27.34505932295758,0 103.411139666716,27.34480566933232,0 103.4134447529711,27.34183025063137,0 103.4137531555462,27.3416947653545,0 103.4167654566073,27.34052384148615,0 103.4187691239915,27.34222298953069,0 103.4172703747218,27.34404206696362,0 103.4235940612872,27.35145523122406,0 103.4221323666776,27.35130227256633,0 103.4220529092891,27.35103227000057,0 103.4201151855493,27.34909685423506,0 103.4183107077051,27.34908948429484,0 103.4175519857889,27.35058236937412,0 103.4189420172377,27.35185971483431,0 103.4209841104845,27.35303097326276,0 103.4209528175046,27.35560305916284,0 103.4171199793771,27.35503421770505,0 103.4137820461363,27.35684117473467,0 103.4095449697483,27.35640834925854,0 103.4060907424407,27.35804618325944,0 103.4015441478362,27.35912162779102,0 103.3979480039894,27.35911918338237,0 103.3969898578284,27.36092082453539,0 103.3814431420982,27.36308372988772,0 
							</coordinates>
						</LinearRing>
					</outerBoundaryIs>
					<innerBoundaryIs>
						<LinearRing>
							<coordinates>
								103.4085999810001,27.36482898700007,0 103.4051081170001,27.36491476800006,0 103.4035425920001,27.36661954100003,0 103.4039670030001,27.36773284700007,0 103.4056695100001,27.36894766600005,0 103.407472167,27.36872410000007,0 103.4085756040001,27.36820162100003,0 103.4093711090001,27.36848321000008,0 103.4103865280001,27.36955622600004,0 103.4134856200001,27.37009977000002,0 103.4141468390001,27.37095060900003,0 103.4150778860001,27.37230889300002,0 103.4180516370001,27.37204291200004,0 103.418187313,27.37080368000005,0 103.4169308720001,27.37016269800006,0 103.4154988070001,27.36957519200007,0 103.4131366280001,27.36791049900006,0 103.4125487750001,27.36728925900007,0 103.4090158350001,27.36526837500003,0 103.4085999810001,27.36482898700007,0 
							</coordinates>
						</LinearRing>
					</innerBoundaryIs>
				</Polygon>
			</MultiGeometry>
		</Placemark>
		<Placemark id="ID_00011">
			<name>23519</name>
			<description><![CDATA[<html xmlns:fo="http://www.w3.org/1999/XSL/Format" xmlns:msxsl="urn:schemas-microsoft-com:xslt">

<head>

<META http-equiv="Content-Type" content="text/html">

</head>

<body>

<table>

<tr><td style="white-space: nowrap;"><html xmlns:fo="http://www.w3.org/1999/XSL/Format" xmlns:msxsl="urn:schemas-microsoft-com:xslt">

<head>

<META http-equiv="Content-Type" content="text/html">

</head>

<body>

<table>

<tr><td style="white-space: nowrap;"><html xmlns:fo="http://www.w3.org/1999/XSL/Format" xmlns:msxsl="urn:schemas-microsoft-com:xslt">

<head>

<META http-equiv="Content-Type" content="text/html">

<meta http-equiv="content-type" content="text/html; charset=UTF-8">

</head>

<body style="margin:0px 0px 0px 0px;overflow:auto;background:#FFFFFF;">

<table style="font-family:Arial,Verdana,Times;font-size:12px;text-align:left;width:100%;border-collapse:collapse;padding:3px 3px 3px 3px">

<tr style="text-align:center;font-weight:bold;background:#9CBCE2">

<td>23519</td>

</tr>

<tr>

<td>

<table style="font-family:Arial,Verdana,Times;font-size:12px;text-align:left;width:100%;border-spacing:0px; padding:3px 3px 3px 3px">

<tr>

<td>Id</td>

<td>23519</td>

</tr>

<tr bgcolor="#D4E4F3">

<td>gridcode</td>

<td>23</td>

</tr>

</table>

</td>

</tr>

</table>

</body>

</html></td></tr>

</table>

</body>

</html></td></tr>

</table>

</body>

</html>]]></description>
			<styleUrl>#PolyStyle005797</styleUrl>
			<MultiGeometry>
				<Polygon>
					<outerBoundaryIs>
						<LinearRing>
							<coordinates>
								103.1921245830001,26.95453721100006,0 103.1922733760001,26.95439968200003,0 103.1969275930001,26.95385555700005,0 103.1995454830001,26.95533539400003,0 103.2007668780001,26.95561384600006,0 103.2018667130001,26.95597581600003,0 103.202231393,26.95770160100005,0 103.2000980430001,26.95802714900003,0 103.1985698380001,26.95905309700004,0 103.2003530550001,26.96099395600004,0 103.201220526,26.96256604200005,0 103.1998114560001,26.96287059900004,0 103.1971095770001,26.95933865100005,0 103.1963989020001,26.96121019700007,0 103.1948354890001,26.96279049800006,0 103.194520906,26.96389301300007,0 103.1965111900001,26.96476517400004,0 103.1984723640001,26.96706108100005,0 103.199232533,26.96743995500004,0 103.2009949310001,26.96628627100006,0 103.201308242,26.96599724700008,0 103.2030751670001,26.96560714800006,0 103.204532913,26.96402373500007,0 103.2057110110001,26.96378380500005,0 103.2059625150001,26.96911581900002,0 103.2075288030001,26.96945836000003,0 103.2096636460001,26.96562981800003,0 103.210425339,26.96520590600005,0 103.2110280060001,26.96615293700006,0 103.2112812020001,26.96957858500008,0 103.2125264080001,26.97141327800006,0 103.2135086470001,26.97149917500008,0 103.2139300040001,26.96810824600004,0 103.2162969720001,26.96797763800004,0 103.216462645,26.96785560600006,0 103.2186047220001,26.96880763100006,0 103.2193003320001,26.96848124200005,0 103.219749193,26.96747365600004,0 103.2217726220001,26.96683905100008,0 103.221549151,26.96562246000008,0 103.221078763,26.96496638200006,0 103.221259274,26.96449134300008,0 103.2242753660001,26.96488876100005,0 103.2246678170001,26.96452623000005,0 103.2245750880001,26.96073962100007,0 103.225439867,26.95896450800007,0 103.2261897370001,26.95900269100002,0 103.2283094140001,26.96064910500007,0 103.228649074,26.95975310000006,0 103.229305357,26.95931134200003,0 103.2305628400001,26.95992696700007,0 103.2310249190001,26.96111655300007,0 103.230090132,26.96227591100006,0 103.2297898240001,26.96269094600007,0 103.230659997,26.96309291600005,0 103.2331490660001,26.96124688000003,0 103.2339106110001,26.96100008000008,0 103.2343399820001,26.96246188500004,0 103.2318808790001,26.96441099300006,0 103.2315500990001,26.96581081800002,0 103.2302268240001,26.96872755900006,0 103.2288366340001,26.97027631500004,0 103.226748914,26.97059545700006,0 103.224686176,26.97249935800005,0 103.2210753780001,26.97394019200004,0 103.2152349550001,26.97536696700007,0 103.2135884090001,26.97610608400004,0 103.211545222,26.97343624300004,0 103.2091558530001,26.97191886800005,0 103.207411892,26.97242962400002,0 103.2060800200001,26.97266710600007,0 103.203261668,26.97196412700004,0 103.202854427,26.97240550800007,0 103.2037362820001,26.97394934900007,0 103.2036881340001,26.97467975600006,0 103.2027091890001,26.97507040800008,0 103.2015840700001,26.97610781900005,0 103.198559162,26.97595268900005,0 103.1979568210001,26.97415266400003,0 103.1967061880001,26.97308784100005,0 103.194925153,26.97100368000002,0 103.1943481650001,26.96803122000006,0 103.1930867620001,26.96634122700004,0 103.1920408500001,26.96571861100006,0 103.191102985,26.96512350500007,0 103.190522387,26.96397971400006,0 103.1907658630001,26.96151807200005,0 103.1917228710001,26.96135283300004,0 103.1939242710001,26.96150487800003,0 103.194024938,26.96035866600005,0 103.1939549960001,26.95885119500008,0 103.1943414450001,26.95794735800007,0 103.1946564800001,26.95659048700003,0 103.1952774750001,26.95561993200005,0 103.1927242550001,26.95515475000008,0 103.1921245830001,26.95453721100006,0 
							</coordinates>
						</LinearRing>
					</outerBoundaryIs>
				</Polygon>
			</MultiGeometry>
		</Placemark>
		<Placemark id="ID_00012">
			<name>23697</name>
			<description><![CDATA[<html xmlns:fo="http://www.w3.org/1999/XSL/Format" xmlns:msxsl="urn:schemas-microsoft-com:xslt">

<head>

<META http-equiv="Content-Type" content="text/html">

</head>

<body>

<table>

<tr><td style="white-space: nowrap;"><html xmlns:fo="http://www.w3.org/1999/XSL/Format" xmlns:msxsl="urn:schemas-microsoft-com:xslt">

<head>

<META http-equiv="Content-Type" content="text/html">

</head>

<body>

<table>

<tr><td style="white-space: nowrap;"><html xmlns:fo="http://www.w3.org/1999/XSL/Format" xmlns:msxsl="urn:schemas-microsoft-com:xslt">

<head>

<META http-equiv="Content-Type" content="text/html">

<meta http-equiv="content-type" content="text/html; charset=UTF-8">

</head>

<body style="margin:0px 0px 0px 0px;overflow:auto;background:#FFFFFF;">

<table style="font-family:Arial,Verdana,Times;font-size:12px;text-align:left;width:100%;border-collapse:collapse;padding:3px 3px 3px 3px">

<tr style="text-align:center;font-weight:bold;background:#9CBCE2">

<td>23697</td>

</tr>

<tr>

<td>

<table style="font-family:Arial,Verdana,Times;font-size:12px;text-align:left;width:100%;border-spacing:0px; padding:3px 3px 3px 3px">

<tr>

<td>Id</td>

<td>23697</td>

</tr>

<tr bgcolor="#D4E4F3">

<td>gridcode</td>

<td>23</td>

</tr>

</table>

</td>

</tr>

</table>

</body>

</html></td></tr>

</table>

</body>

</html></td></tr>

</table>

</body>

</html>]]></description>
			<styleUrl>#PolyStyle005797</styleUrl>
			<MultiGeometry>
				<Polygon>
					<outerBoundaryIs>
						<LinearRing>
							<coordinates>
								103.3010443520001,26.94627729600006,0 103.303466541,26.94662860900007,0 103.304879134,26.94536826400002,0 103.3064224790001,26.94541976500005,0 103.308412639,26.94732024900003,0 103.3094168100001,26.94761343700003,0 103.3112364030001,26.94709169500004,0 103.3145354390001,26.94720111500004,0 103.3160806590001,26.94582295100003,0 103.316948069,26.94510845600007,0 103.3186123080001,26.94479441700003,0 103.3200136520001,26.94697018400007,0 103.3206527010001,26.94783750400006,0 103.3247948750001,26.94841377400007,0 103.325122186,26.94988951300007,0 103.3240340140001,26.95126173900007,0 103.3215755840001,26.95164917200003,0 103.3196440350001,26.95073012500006,0 103.318867299,26.95045438800003,0 103.3174867740001,26.95125402700006,0 103.3167652370001,26.95311802000003,0 103.3157018100001,26.95445949200007,0 103.316812939,26.95580498800007,0 103.3172754820001,26.95761942100006,0 103.3162784750001,26.95803000100005,0 103.3139599470001,26.95658532400006,0 103.3113814060001,26.95713011300005,0 103.3104318270001,26.95958160400005,0 103.3109697910001,26.96212916300004,0 103.3098290130001,26.96337837900006,0 103.3079172210001,26.96383188100003,0 103.3075445740001,26.96454060200006,0 103.3087336660001,26.96590546900006,0 103.3097448520001,26.96822342400003,0 103.3121996560001,26.96799033200006,0 103.3125882560001,26.96914082000006,0 103.3102158690001,26.97076676100005,0 103.309780871,26.97203290800007,0 103.308965856,26.97321572400006,0 103.3084173810001,26.97359143600005,0 103.3078745910001,26.97314664100003,0 103.306496538,26.96839791400004,0 103.3051404030001,26.96609285700004,0 103.3035811730001,26.96481492800007,0 103.3005570130001,26.96352842700003,0 103.2972843310001,26.96257788000003,0 103.2969316510001,26.96031897200004,0 103.2981995710001,26.95833272000004,0 103.2985419410001,26.95744312500005,0 103.296117774,26.95711825500007,0 103.2959769750001,26.95697381800005,0 103.2973151670001,26.95531030400008,0 103.3004288020001,26.95369793000003,0 103.300095276,26.95219599400008,0 103.2982266500001,26.95196113400004,0 103.2958936370001,26.95251351300004,0 103.2947192550001,26.95218500000004,0 103.2950264980001,26.95136351600008,0 103.298206007,26.95066594500003,0 103.2994981790001,26.94978024000005,0 103.2990849350001,26.94635670300005,0 103.299746042,26.94607136300004,0 103.3010443520001,26.94627729600006,0 
							</coordinates>
						</LinearRing>
					</outerBoundaryIs>
				</Polygon>
			</MultiGeometry>
		</Placemark>
		<Placemark id="ID_00013">
			<name>24065</name>
			<description><![CDATA[<html xmlns:fo="http://www.w3.org/1999/XSL/Format" xmlns:msxsl="urn:schemas-microsoft-com:xslt">

<head>

<META http-equiv="Content-Type" content="text/html">

</head>

<body>

<table>

<tr><td style="white-space: nowrap;"><html xmlns:fo="http://www.w3.org/1999/XSL/Format" xmlns:msxsl="urn:schemas-microsoft-com:xslt">

<head>

<META http-equiv="Content-Type" content="text/html">

</head>

<body>

<table>

<tr><td style="white-space: nowrap;"><html xmlns:fo="http://www.w3.org/1999/XSL/Format" xmlns:msxsl="urn:schemas-microsoft-com:xslt">

<head>

<META http-equiv="Content-Type" content="text/html">

<meta http-equiv="content-type" content="text/html; charset=UTF-8">

</head>

<body style="margin:0px 0px 0px 0px;overflow:auto;background:#FFFFFF;">

<table style="font-family:Arial,Verdana,Times;font-size:12px;text-align:left;width:100%;border-collapse:collapse;padding:3px 3px 3px 3px">

<tr style="text-align:center;font-weight:bold;background:#9CBCE2">

<td>24065</td>

</tr>

<tr>

<td>

<table style="font-family:Arial,Verdana,Times;font-size:12px;text-align:left;width:100%;border-spacing:0px; padding:3px 3px 3px 3px">

<tr>

<td>Id</td>

<td>24065</td>

</tr>

<tr bgcolor="#D4E4F3">

<td>gridcode</td>

<td>23</td>

</tr>

</table>

</td>

</tr>

</table>

</body>

</html></td></tr>

</table>

</body>

</html></td></tr>

</table>

</body>

</html>]]></description>
			<styleUrl>#PolyStyle005797</styleUrl>
			<MultiGeometry>
				<Polygon>
					<outerBoundaryIs>
						<LinearRing>
							<coordinates>
								103.506041989,26.93088536700003,0 103.5062153680001,26.93077036900007,0 103.5065861210001,26.92999989800006,0 103.5074342610001,26.92990021100007,0 103.5077416130001,26.93129469300004,0 103.5086881460001,26.93106005800007,0 103.5092542130001,26.92835205600005,0 103.5102401,26.92624513100003,0 103.5105738290001,26.92436413700007,0 103.5118858320001,26.92489056200003,0 103.511009206,26.92727409500003,0 103.5122940560001,26.92818154700007,0 103.5117458270001,26.92920824100003,0 103.5104827100001,26.92985559600004,0 103.5108250340001,26.93160510000007,0 103.5117646670001,26.93135719600008,0 103.5127747280001,26.92901149000005,0 103.5141339250001,26.92867944500006,0 103.514914946,26.92911145100004,0 103.5168218600001,26.92844837800004,0 103.517639134,26.92753806400003,0 103.5235660070001,26.92774344300005,0 103.5276299760001,26.92811629600004,0 103.5295391230001,26.92933660900008,0 103.5298702790001,26.93113798500008,0 103.5277727610001,26.93099941900005,0 103.5273825910001,26.93471483300004,0 103.5263250940001,26.93601552800004,0 103.5236582690001,26.93734576000003,0 103.5223118450001,26.93864286100006,0 103.5216964250001,26.93883410900003,0 103.5203286140001,26.93871819400005,0 103.5183868770001,26.93724429200006,0 103.5181688290001,26.93532604300002,0 103.519128192,26.93443523800005,0 103.5210330430001,26.93577135000004,0 103.5218754740001,26.93424744700008,0 103.5240558190001,26.93390797600006,0 103.5237541010001,26.93276297800003,0 103.5217140710001,26.93103583000005,0 103.5216817690001,26.92988622100006,0 103.5232193180001,26.93016533900004,0 103.5251544220001,26.93125165500004,0 103.5262254230001,26.93130337400004,0 103.525875844,26.93060673800005,0 103.5226293480001,26.92887895800004,0 103.5203556750001,26.92842570700003,0 103.5194493160001,26.93040197900007,0 103.5178051990001,26.93032261700006,0 103.5163750620001,26.93116772800005,0 103.513155694,26.93191752400003,0 103.5127547050001,26.93395409500005,0 103.511711603,26.93442604600006,0 103.5082615960001,26.93522944400007,0 103.5072967990001,26.93643361300008,0 103.507326026,26.93747374800006,0 103.505532659,26.93751268500006,0 103.5045000920001,26.93701045500006,0 103.5036695760001,26.93851202300004,0 103.5027245530001,26.93879187300007,0 103.4997916,26.93910716600004,0 103.4993542120001,26.93981357700005,0 103.4989465350001,26.94089940200007,0 103.4981027920001,26.94195149300003,0 103.4973676850001,26.94292875600007,0 103.49652947,26.94330756600004,0 103.494450639,26.94320651000004,0 103.4943638400001,26.94460462300003,0 103.4959088940001,26.94591314400003,0 103.4954791650001,26.94675771600004,0 103.4947111750001,26.94677422200005,0 103.4929559540001,26.94620221200006,0 103.4922631420001,26.94664449100003,0 103.4926336580001,26.94863580700007,0 103.4941393270001,26.95051508300003,0 103.4982545160001,26.95086230200008,0 103.497337051,26.95191705400004,0 103.4963958420001,26.95297121400006,0 103.495621693,26.95417805200003,0 103.4953603130001,26.95579287000004,0 103.494195307,26.95636373100007,0 103.4926202830001,26.95516765500003,0 103.491318736,26.95373457800002,0 103.489618078,26.95305332200007,0 103.4891166410001,26.95181353400005,0 103.488842908,26.94999449100004,0 103.486168547,26.94825478900002,0 103.4864670440001,26.94690505900007,0 103.4874023550001,26.94550685300004,0 103.4871306650001,26.94529802500006,0 103.4828972080001,26.94498008500005,0 103.4813818000001,26.94399398400003,0 103.4816997720001,26.94244724600003,0 103.4829903250001,26.94181454500006,0 103.4847702870001,26.94125078900004,0 103.4855635500001,26.93969362800004,0 103.487334537,26.93913076100006,0 103.4893745470001,26.93944842400003,0 103.4916686730001,26.94065481700005,0 103.4929612030001,26.94017800000006,0 103.4925878910001,26.93873264500007,0 103.491502241,26.93835425500004,0 103.4891352670001,26.93800880800006,0 103.48891474,26.93575352500005,0 103.4908284970001,26.93481534000006,0 103.4935871160001,26.93521784400008,0 103.4940200830001,26.93758013600007,0 103.4952992950001,26.93732378900006,0 103.496498639,26.93497028400003,0 103.4985421200001,26.93285454700003,0 103.500105288,26.93256907300002,0 103.502010231,26.93196330800004,0 103.5017882480001,26.93364425600004,0 103.5032850280001,26.93339099100007,0 103.5053596600001,26.93190918100004,0 103.506041989,26.93088536700003,0 
							</coordinates>
						</LinearRing>
					</outerBoundaryIs>
				</Polygon>
			</MultiGeometry>
		</Placemark>
		<Placemark id="ID_00014">
			<name>24766</name>
			<description><![CDATA[<html xmlns:fo="http://www.w3.org/1999/XSL/Format" xmlns:msxsl="urn:schemas-microsoft-com:xslt">

<head>

<META http-equiv="Content-Type" content="text/html">

</head>

<body>

<table>

<tr><td style="white-space: nowrap;"><html xmlns:fo="http://www.w3.org/1999/XSL/Format" xmlns:msxsl="urn:schemas-microsoft-com:xslt">

<head>

<META http-equiv="Content-Type" content="text/html">

</head>

<body>

<table>

<tr><td style="white-space: nowrap;"><html xmlns:fo="http://www.w3.org/1999/XSL/Format" xmlns:msxsl="urn:schemas-microsoft-com:xslt">

<head>

<META http-equiv="Content-Type" content="text/html">

<meta http-equiv="content-type" content="text/html; charset=UTF-8">

</head>

<body style="margin:0px 0px 0px 0px;overflow:auto;background:#FFFFFF;">

<table style="font-family:Arial,Verdana,Times;font-size:12px;text-align:left;width:100%;border-collapse:collapse;padding:3px 3px 3px 3px">

<tr style="text-align:center;font-weight:bold;background:#9CBCE2">

<td>24766</td>

</tr>

<tr>

<td>

<table style="font-family:Arial,Verdana,Times;font-size:12px;text-align:left;width:100%;border-spacing:0px; padding:3px 3px 3px 3px">

<tr>

<td>Id</td>

<td>24766</td>

</tr>

<tr bgcolor="#D4E4F3">

<td>gridcode</td>

<td>23</td>

</tr>

</table>

</td>

</tr>

</table>

</body>

</html></td></tr>

</table>

</body>

</html></td></tr>

</table>

</body>

</html>]]></description>
			<styleUrl>#PolyStyle005790</styleUrl>
			<MultiGeometry>
				<Polygon>
					<outerBoundaryIs>
						<LinearRing>
							<coordinates>
								103.2695535564207,26.91831467788425,0 103.2669297726635,26.91725727536922,0 103.2654435904198,26.916214639646,0 103.263504814826,26.91417621272252,0 103.2592054505524,26.91139428299747,0 103.2581461929884,26.90942292014469,0 103.2575220794022,26.90753431678667,0 103.2590775362635,26.90635104474294,0 103.261412763066,26.90684097987913,0 103.2631890670379,26.9069356642392,0 103.2638714651803,26.90604622877379,0 103.2660133115458,26.90612944033565,0 103.2655599168383,26.90500082177271,0 103.2650171202371,26.90341306893332,0 103.2678881248739,26.90489648791433,0 103.2680726459362,26.90561675211032,0 103.2711912646338,26.90595615696994,0 103.2712332827824,26.90599734436798,0 103.2727908475833,26.9067733562359,0 103.2731448004887,26.90615964142181,0 103.2729740336536,26.90540264228424,0 103.2751664166828,26.90644160958173,0 103.2750846484319,26.90710875204038,0 103.2740256601165,26.90835131562529,0 103.2739387990831,26.90830809524616,0 103.2727441831972,26.90818595066862,0 103.2724520767814,26.90887041335845,0 103.2714764115069,26.90961854482502,0 103.2698967859439,26.90944198275772,0 103.2688766505436,26.90890799354808,0 103.268785611922,26.90890513534114,0 103.2677966258982,26.90937299474323,0 103.267467005556,26.9102402052103,0 103.2683996439131,26.91006179812052,0 103.2691418593892,26.90991760942412,0 103.2696581788984,26.91056376727142,0 103.2704216367536,26.91088316039181,0 103.2715393724292,26.91028487105578,0 103.271955769095,26.9100475095832,0 103.2723957759799,26.91035172869602,0 103.2730869085908,26.90983200781733,0 103.2741663618613,26.90945133990348,0 103.2751941542657,26.90903527281089,0 103.2757946254782,26.90784755595823,0 103.2767740440574,26.90724893491374,0 103.2776684648801,26.90743734553768,0 103.2777991116946,26.90748248297465,0 103.2806119258123,26.9080553975388,0 103.2809574900018,26.90818809463157,0 103.2822371574272,26.90914970297322,0 103.2821898196475,26.91084026729482,0 103.280524805156,26.91049615222539,0 103.2805213108504,26.9103314110065,0 103.2799619286054,26.90958522643109,0 103.2792632687623,26.91041826866896,0 103.2779309690494,26.91190770621451,0 103.2795085604817,26.91140260849764,0 103.2799902976708,26.91145749023314,0 103.28043193069,26.91221568435417,0 103.2794683937276,26.9151532396288,0 103.2793736920708,26.91514600284119,0 103.2772625847274,26.91480095126402,0 103.2770851566235,26.91480125764661,0 103.2762124239222,26.91547347900068,0 103.2748871451192,26.91709734515986,0 103.2732309490219,26.91788612718898,0 103.2724097883837,26.91743792810069,0 103.2710437498468,26.91758761508387,0 103.2720422333483,26.91447473072481,0 103.2736959851626,26.91368625761181,0 103.2750846084608,26.91296223684471,0 103.2753231636608,26.91241906003922,0 103.2741130799526,26.91204894540508,0 103.2729136702625,26.9124724261976,0 103.2714457150312,26.91362080095464,0 103.2706913078804,26.91394169195187,0 103.2685238616585,26.91442855642914,0 103.2684747979562,26.91446971573718,0 103.2670695525488,26.91518589372058,0 103.2665290188702,26.91605617060773,0 103.2688922225333,26.9171999597031,0 103.2695535564207,26.91831467788425,0 
							</coordinates>
						</LinearRing>
					</outerBoundaryIs>
				</Polygon>
			</MultiGeometry>
		</Placemark>
		<Placemark id="ID_00015">
			<name>24845</name>
			<description><![CDATA[<html xmlns:fo="http://www.w3.org/1999/XSL/Format" xmlns:msxsl="urn:schemas-microsoft-com:xslt">

<head>

<META http-equiv="Content-Type" content="text/html">

</head>

<body>

<table>

<tr><td style="white-space: nowrap;"><html xmlns:fo="http://www.w3.org/1999/XSL/Format" xmlns:msxsl="urn:schemas-microsoft-com:xslt">

<head>

<META http-equiv="Content-Type" content="text/html">

</head>

<body>

<table>

<tr><td style="white-space: nowrap;"><html xmlns:fo="http://www.w3.org/1999/XSL/Format" xmlns:msxsl="urn:schemas-microsoft-com:xslt">

<head>

<META http-equiv="Content-Type" content="text/html">

<meta http-equiv="content-type" content="text/html; charset=UTF-8">

</head>

<body style="margin:0px 0px 0px 0px;overflow:auto;background:#FFFFFF;">

<table style="font-family:Arial,Verdana,Times;font-size:12px;text-align:left;width:100%;border-collapse:collapse;padding:3px 3px 3px 3px">

<tr style="text-align:center;font-weight:bold;background:#9CBCE2">

<td>24845</td>

</tr>

<tr>

<td>

<table style="font-family:Arial,Verdana,Times;font-size:12px;text-align:left;width:100%;border-spacing:0px; padding:3px 3px 3px 3px">

<tr>

<td>Id</td>

<td>24845</td>

</tr>

<tr bgcolor="#D4E4F3">

<td>gridcode</td>

<td>23</td>

</tr>

</table>

</td>

</tr>

</table>

</body>

</html></td></tr>

</table>

</body>

</html></td></tr>

</table>

</body>

</html>]]></description>
			<styleUrl>#PolyStyle005797</styleUrl>
			<MultiGeometry>
				<Polygon>
					<outerBoundaryIs>
						<LinearRing>
							<coordinates>
								103.0038276760001,26.87133205200007,0 103.0054052190001,26.86926173300003,0 103.0049590050001,26.86878282800006,0 103.0037727970001,26.86844252100008,0 103.0036887000001,26.86720918900005,0 103.0048811170001,26.86664612400006,0 103.006286683,26.86722028100007,0 103.0073678990001,26.86963401200006,0 103.0081099890001,26.87226136200007,0 103.010274978,26.87391662000005,0 103.0145202630001,26.87468216100007,0 103.0147713800001,26.87819259000003,0 103.0177700340001,26.87845993000008,0 103.017930204,26.87858747400003,0 103.018703536,26.87873561500004,0 103.0192774810001,26.87928748300004,0 103.0209807290001,26.87958177500008,0 103.0241446040001,26.87882949700003,0 103.025324541,26.87858619200006,0 103.0256230750001,26.88058252600007,0 103.0231206560001,26.88197610600003,0 103.0217642310001,26.88234044300003,0 103.0203955640001,26.88382950800008,0 103.0219048260001,26.88555837700005,0 103.0217955470001,26.88796919600003,0 103.0190649040001,26.88787141400007,0 103.019065627,26.88905214800008,0 103.021147457,26.89089952800003,0 103.0214293010001,26.89160378500003,0 103.0197290370001,26.89222140700008,0 103.0184040880001,26.89138975900005,0 103.0173051960001,26.89110615400006,0 103.016558279,26.89246620000006,0 103.0171416970001,26.89352255100005,0 103.0174261820001,26.89410847400006,0 103.0164249310001,26.89654446500003,0 103.0164267760001,26.90012260800006,0 103.0169598200001,26.90160106900004,0 103.0172330340001,26.90268872400003,0 103.018422839,26.90405147700005,0 103.018879853,26.90493139200004,0 103.019362115,26.90685140700003,0 103.0183951850001,26.90728361200007,0 103.016261823,26.90562950100008,0 103.0139273300001,26.90532396400005,0 103.0135111830001,26.90642042600007,0 103.0141858390001,26.90764121200004,0 103.0167900380001,26.90914086000004,0 103.0170781470001,26.90956792900005,0 103.016129198,26.90993729400003,0 103.0146506190001,26.90922788000006,0 103.0119576970001,26.91039886700003,0 103.0101122720001,26.90902230700004,0 103.0093534550001,26.90887675000005,0 103.0092192400001,26.90872730600006,0 103.0071008630001,26.90840863800003,0 103.0075483040001,26.90682423800007,0 103.0104997320001,26.90581157700007,0 103.011499868,26.90443507100002,0 103.0135718290001,26.90296920000003,0 103.0132842230001,26.90049724100004,0 103.0120407320001,26.90036255700005,0 103.010716884,26.90218423700003,0 103.008862315,26.90331903500004,0 103.0069008780001,26.90346116100005,0 103.0065515370001,26.90058084400005,0 103.005667665,26.89959749800005,0 103.0030983240001,26.89828100600005,0 103.003034568,26.89758823600005,0 103.0038487780001,26.89719499400007,0 103.0055318790001,26.89734471200006,0 103.0087020810001,26.89820935800003,0 103.0100050780001,26.89793973700006,0 103.010201979,26.89673123800003,0 103.0089190140001,26.89524990200005,0 103.0087533780001,26.89512725300006,0 103.008628344,26.89444154600005,0 103.0068645420001,26.89188560900004,0 103.0073205000001,26.89120550800004,0 103.0086149760001,26.89185916700006,0 103.0105496040001,26.89312875600007,0 103.0116785660001,26.89281602900007,0 103.0113770740001,26.89196091700006,0 103.0102482070001,26.89106241300004,0 103.0092590420001,26.88946684300004,0 103.0060564310001,26.88740194200005,0 103.0059853210001,26.88635227800006,0 103.0075936980001,26.88549749400005,0 103.0073363290001,26.88445082200008,0 103.0058890230001,26.88329848800004,0 103.0057880510001,26.88181339400006,0 103.006504749,26.88095376400003,0 103.0068287670001,26.87905371100004,0 103.0080486730001,26.87772683600008,0 103.0081360120001,26.87695805700002,0 103.0077995040001,26.87639693800003,0 103.0075527710001,26.87294101000003,0 103.0036340730001,26.87255067900003,0 103.0038276760001,26.87133205200007,0 
							</coordinates>
						</LinearRing>
					</outerBoundaryIs>
				</Polygon>
			</MultiGeometry>
		</Placemark>
		<Placemark id="ID_00016">
			<name>25121</name>
			<description><![CDATA[<html xmlns:fo="http://www.w3.org/1999/XSL/Format" xmlns:msxsl="urn:schemas-microsoft-com:xslt">

<head>

<META http-equiv="Content-Type" content="text/html">

</head>

<body>

<table>

<tr><td style="white-space: nowrap;"><html xmlns:fo="http://www.w3.org/1999/XSL/Format" xmlns:msxsl="urn:schemas-microsoft-com:xslt">

<head>

<META http-equiv="Content-Type" content="text/html">

</head>

<body>

<table>

<tr><td style="white-space: nowrap;"><html xmlns:fo="http://www.w3.org/1999/XSL/Format" xmlns:msxsl="urn:schemas-microsoft-com:xslt">

<head>

<META http-equiv="Content-Type" content="text/html">

<meta http-equiv="content-type" content="text/html; charset=UTF-8">

</head>

<body style="margin:0px 0px 0px 0px;overflow:auto;background:#FFFFFF;">

<table style="font-family:Arial,Verdana,Times;font-size:12px;text-align:left;width:100%;border-collapse:collapse;padding:3px 3px 3px 3px">

<tr style="text-align:center;font-weight:bold;background:#9CBCE2">

<td>25121</td>

</tr>

<tr>

<td>

<table style="font-family:Arial,Verdana,Times;font-size:12px;text-align:left;width:100%;border-spacing:0px; padding:3px 3px 3px 3px">

<tr>

<td>Id</td>

<td>25121</td>

</tr>

<tr bgcolor="#D4E4F3">

<td>gridcode</td>

<td>23</td>

</tr>

</table>

</td>

</tr>

</table>

</body>

</html></td></tr>

</table>

</body>

</html></td></tr>

</table>

</body>

</html>]]></description>
			<styleUrl>#PolyStyle005797</styleUrl>
			<MultiGeometry>
				<Polygon>
					<outerBoundaryIs>
						<LinearRing>
							<coordinates>
								103.2411628580001,26.85699682700005,0 103.2413061710001,26.85685437900003,0 103.2416370290001,26.85661016800003,0 103.2427138630001,26.85352387500006,0 103.2446249640001,26.85261595100008,0 103.245938327,26.85330088400008,0 103.2463197700001,26.85787026400004,0 103.248585915,26.85806784700003,0 103.250103859,26.85699240400004,0 103.2508760140001,26.85687977800006,0 103.2510061790001,26.85931043300008,0 103.2524505910001,26.85999995600002,0 103.2533012360001,26.85966649000005,0 103.2542934830001,26.85792925800007,0 103.2561198480001,26.85629999900004,0 103.2580320540001,26.85578177800005,0 103.261572717,26.85341219100008,0 103.2667211390001,26.85378178700006,0 103.26765821,26.85546801800007,0 103.2699157370001,26.86150779600007,0 103.2702018110001,26.86176031600007,0 103.2700374350001,26.86270595000008,0 103.2696808540001,26.86435368500003,0 103.2677359130001,26.86589815600007,0 103.267204753,26.86785992200004,0 103.2691586930001,26.86917956200006,0 103.2695807530001,26.86990405100005,0 103.2681552350001,26.87149574400008,0 103.266220365,26.87179593600007,0 103.262633587,26.86877662700005,0 103.2620654830001,26.86878779500006,0 103.2614963920001,26.87560911900005,0 103.2627244220001,26.87890170100008,0 103.2628576100001,26.88023494400005,0 103.2629899130001,26.88065108300002,0 103.2632593230001,26.88361566300006,0 103.2628112470001,26.88430006600004,0 103.2613316920001,26.88464617300008,0 103.260687175,26.88395794600007,0 103.259957043,26.88166151400003,0 103.2590942670001,26.88112930200003,0 103.2569167760001,26.88190356300004,0 103.2559060530001,26.88213720500005,0 103.256055566,26.88078390000004,0 103.2590513590001,26.87880039400005,0 103.2598925290001,26.87796400100007,0 103.2603628350001,26.87534261900004,0 103.2591645260001,26.87439319200007,0 103.255620412,26.87347743100003,0 103.2552821660001,26.87247691200003,0 103.2589291070001,26.87223672300007,0 103.25978903,26.87182838300004,0 103.2603094680001,26.87083965400007,0 103.2576287860001,26.86946408300003,0 103.2578345300001,26.86760279700008,0 103.255632678,26.86633012300007,0 103.2536602130001,26.86595837700003,0 103.2520138730001,26.86695659400004,0 103.2488031550001,26.86720944100006,0 103.2463174800001,26.86656354700006,0 103.2449662550001,26.86663864100007,0 103.244448489,26.86781309300004,0 103.2463390330001,26.86890588700004,0 103.2510779620001,26.87020844300002,0 103.2517662640001,26.87056331900004,0 103.2522410770001,26.87163991600005,0 103.2503981150001,26.87262239500006,0 103.246510668,26.87094512500005,0 103.245008032,26.87067215100007,0 103.2446468480001,26.87309106800007,0 103.2426608450001,26.87318458200008,0 103.2416430790001,26.87234829000005,0 103.2411463650001,26.86851442700004,0 103.2429168660001,26.86655910400003,0 103.2440151470001,26.86359029300007,0 103.245059956,26.86258853300006,0 103.2460616500001,26.86285839400006,0 103.2478842460001,26.86423398700003,0 103.2563388630001,26.86410304200007,0 103.256037522,26.86180814400007,0 103.254019214,26.86079347700007,0 103.2499530630001,26.86094486200005,0 103.241719345,26.86035686800005,0 103.2411592990001,26.85940250500005,0 103.2413106700001,26.85766846500007,0 103.2411628580001,26.85699682700005,0 
							</coordinates>
						</LinearRing>
					</outerBoundaryIs>
				</Polygon>
			</MultiGeometry>
		</Placemark>
		<Placemark id="ID_00017">
			<name>25536</name>
			<description><![CDATA[<html xmlns:fo="http://www.w3.org/1999/XSL/Format" xmlns:msxsl="urn:schemas-microsoft-com:xslt">

<head>

<META http-equiv="Content-Type" content="text/html">

</head>

<body>

<table>

<tr><td style="white-space: nowrap;"><html xmlns:fo="http://www.w3.org/1999/XSL/Format" xmlns:msxsl="urn:schemas-microsoft-com:xslt">

<head>

<META http-equiv="Content-Type" content="text/html">

</head>

<body>

<table>

<tr><td style="white-space: nowrap;"><html xmlns:fo="http://www.w3.org/1999/XSL/Format" xmlns:msxsl="urn:schemas-microsoft-com:xslt">

<head>

<META http-equiv="Content-Type" content="text/html">

<meta http-equiv="content-type" content="text/html; charset=UTF-8">

</head>

<body style="margin:0px 0px 0px 0px;overflow:auto;background:#FFFFFF;">

<table style="font-family:Arial,Verdana,Times;font-size:12px;text-align:left;width:100%;border-collapse:collapse;padding:3px 3px 3px 3px">

<tr style="text-align:center;font-weight:bold;background:#9CBCE2">

<td>25536</td>

</tr>

<tr>

<td>

<table style="font-family:Arial,Verdana,Times;font-size:12px;text-align:left;width:100%;border-spacing:0px; padding:3px 3px 3px 3px">

<tr>

<td>Id</td>

<td>25536</td>

</tr>

<tr bgcolor="#D4E4F3">

<td>gridcode</td>

<td>23</td>

</tr>

</table>

</td>

</tr>

</table>

</body>

</html></td></tr>

</table>

</body>

</html></td></tr>

</table>

</body>

</html>]]></description>
			<styleUrl>#PolyStyle005797</styleUrl>
			<MultiGeometry>
				<Polygon>
					<outerBoundaryIs>
						<LinearRing>
							<coordinates>
								103.0178691250001,26.86781003200002,0 103.0133059490001,26.86748543100003,0 103.012857206,26.86785316300006,0 103.011666732,26.86890965500004,0 103.0096353870001,26.86858542800007,0 103.00802142,26.86760427300004,0 103.008020441,26.86573335300005,0 103.009930308,26.86306030600002,0 103.009617232,26.86264455800006,0 103.008177829,26.86136682000006,0 103.0075837990001,26.85971894000005,0 103.0079339020001,26.85878431400005,0 103.0097492530001,26.85763897800007,0 103.0095509270001,26.85324575800007,0 103.0080743280001,26.85144399600006,0 103.0084046640001,26.84999224500007,0 103.0087320550001,26.84919505800008,0 103.0091685790001,26.84618992200007,0 103.0100068020001,26.84544576000008,0 103.0112156420001,26.84597850300003,0 103.0115168150001,26.84681451100005,0 103.0118575780001,26.84978427300007,0 103.0132123530001,26.84936764300005,0 103.0151084780001,26.84649234700004,0 103.0167940050001,26.84290969100005,0 103.018624033,26.84085430800008,0 103.018359413,26.83939194300007,0 103.0159536420001,26.83843414200004,0 103.0162910330001,26.83666091200007,0 103.018047267,26.83445605900005,0 103.0157941470001,26.83204034700004,0 103.0161994160001,26.83072560300008,0 103.017661429,26.82908332600005,0 103.0181865000001,26.82080276000005,0 103.020014626,26.82115828900004,0 103.020875528,26.82192293600008,0 103.021166678,26.82220280000007,0 103.0213182940001,26.82233757600005,0 103.0214548060001,26.82274942400005,0 103.021886727,26.83051406900006,0 103.0233142370001,26.83635196600005,0 103.0242081020001,26.83792754400002,0 103.0258277140001,26.83789932500002,0 103.026324006,26.83561026000007,0 103.025179731,26.83251520600004,0 103.0249891010001,26.82801082400005,0 103.0261287910001,26.82768205200006,0 103.0271649960001,26.82917069400003,0 103.0284356960001,26.83299946800003,0 103.0280523270001,26.83872057900004,0 103.026788868,26.84012491100003,0 103.0252934230001,26.84071946200004,0 103.0242703700001,26.84117762800003,0 103.023757581,26.84234838000003,0 103.0255329410001,26.84436600900006,0 103.0258071750001,26.84514046200007,0 103.0241861410001,26.84683890300005,0 103.0235799720001,26.85026942900004,0 103.0223027000001,26.85204099000004,0 103.0212145260001,26.85338674700006,0 103.0192430180001,26.85368467000006,0 103.0175030980001,26.85446341800002,0 103.014971937,26.85468661700003,0 103.0131369910001,26.85576039400008,0 103.0126733130001,26.86294359700003,0 103.0141301680001,26.86329309400003,0 103.0159415890001,26.86119069700004,0 103.017731768,26.86084568100006,0 103.0190757000001,26.86112865400003,0 103.0175684760001,26.86299259900005,0 103.0172110780001,26.86359665900005,0 103.019934973,26.86393486100008,0 103.020518651,26.86444534900005,0 103.018964548,26.86607299200006,0 103.0186364420001,26.86769418500006,0 103.0178691250001,26.86781003200002,0 
							</coordinates>
						</LinearRing>
					</outerBoundaryIs>
				</Polygon>
			</MultiGeometry>
		</Placemark>
		<Placemark id="ID_00018">
			<name>25984</name>
			<description><![CDATA[<html xmlns:fo="http://www.w3.org/1999/XSL/Format" xmlns:msxsl="urn:schemas-microsoft-com:xslt">

<head>

<META http-equiv="Content-Type" content="text/html">

</head>

<body>

<table>

<tr><td style="white-space: nowrap;"><html xmlns:fo="http://www.w3.org/1999/XSL/Format" xmlns:msxsl="urn:schemas-microsoft-com:xslt">

<head>

<META http-equiv="Content-Type" content="text/html">

</head>

<body>

<table>

<tr><td style="white-space: nowrap;"><html xmlns:fo="http://www.w3.org/1999/XSL/Format" xmlns:msxsl="urn:schemas-microsoft-com:xslt">

<head>

<META http-equiv="Content-Type" content="text/html">

<meta http-equiv="content-type" content="text/html; charset=UTF-8">

</head>

<body style="margin:0px 0px 0px 0px;overflow:auto;background:#FFFFFF;">

<table style="font-family:Arial,Verdana,Times;font-size:12px;text-align:left;width:100%;border-collapse:collapse;padding:3px 3px 3px 3px">

<tr style="text-align:center;font-weight:bold;background:#9CBCE2">

<td>25984</td>

</tr>

<tr>

<td>

<table style="font-family:Arial,Verdana,Times;font-size:12px;text-align:left;width:100%;border-spacing:0px; padding:3px 3px 3px 3px">

<tr>

<td>Id</td>

<td>25984</td>

</tr>

<tr bgcolor="#D4E4F3">

<td>gridcode</td>

<td>23</td>

</tr>

</table>

</td>

</tr>

</table>

</body>

</html></td></tr>

</table>

</body>

</html></td></tr>

</table>

</body>

</html>]]></description>
			<styleUrl>#PolyStyle005797</styleUrl>
			<MultiGeometry>
				<Polygon>
					<outerBoundaryIs>
						<LinearRing>
							<coordinates>
								103.2266611540001,26.80854021800008,0 103.2265562280001,26.80704160300007,0 103.2259323260001,26.80625335600007,0 103.2256825320001,26.80382988400004,0 103.2242282920001,26.80215429900005,0 103.2245859620001,26.79848107600003,0 103.225251046,26.79654231600006,0 103.2256176010001,26.79230631700006,0 103.226876196,26.79218736100006,0 103.2287817170001,26.79359355400004,0 103.2292305820001,26.79468928100005,0 103.229481412,26.79676968700005,0 103.2302722220001,26.79768030700006,0 103.2342711050001,26.79876349700004,0 103.2339615810001,26.79747870600005,0 103.2328518370001,26.79607757700006,0 103.2326918760001,26.79516327000005,0 103.2334386650001,26.79475353100003,0 103.2346417680001,26.79453782800005,0 103.2360084430001,26.79547172000002,0 103.2367356900001,26.79713518300002,0 103.2368875970001,26.79765464600007,0 103.2364873540001,26.79797277700004,0 103.236092161,26.79981533600005,0 103.2375618520001,26.80046005600008,0 103.2407699560001,26.80090137000008,0 103.2433164770001,26.80491054100003,0 103.2431117850001,26.80807910200008,0 103.242141131,26.80964182200006,0 103.2367883580001,26.80990771400008,0 103.235340825,26.81022035300003,0 103.234928112,26.81251988600008,0 103.2379538270001,26.81288996700005,0 103.2398298360001,26.81360944800008,0 103.240645225,26.81422142600007,0 103.23940429,26.81560723300004,0 103.2390600920001,26.81824751800008,0 103.2406250020001,26.81859028000002,0 103.2418253980001,26.81805029900005,0 103.244139498,26.81816798500006,0 103.2444901980001,26.81915125700004,0 103.2426408630001,26.82109875800006,0 103.2421958300001,26.82832513500006,0 103.2412738990001,26.83191845300007,0 103.2421654550001,26.83481144700005,0 103.2435402,26.83665430400004,0 103.2438079070001,26.83817796400007,0 103.2411062090001,26.84032349100005,0 103.2398690400001,26.84067157900006,0 103.237645753,26.83900554900004,0 103.2366495580001,26.83660923100007,0 103.2374454230001,26.82504793200008,0 103.237414368,26.82378579000005,0 103.2335373620001,26.82064186600007,0 103.230087633,26.81951217100004,0 103.2283807520001,26.82137118300005,0 103.2263382240001,26.82338902000004,0 103.2235524850001,26.82403125600007,0 103.2226924070001,26.82360948400003,0 103.2222975410001,26.82218314500005,0 103.2246987510001,26.81965614200004,0 103.2276232510001,26.81782123100004,0 103.2284557040001,26.81705084700008,0 103.2286158420001,26.81692392800005,0 103.229379657,26.81706312100005,0 103.2318988660001,26.81791132200004,0 103.2332952980001,26.81761318500003,0 103.233029221,26.81658200700008,0 103.2294648850001,26.81281841600003,0 103.2297744520001,26.81168055800004,0 103.2307072980001,26.81053809400004,0 103.2300556400001,26.80944736700008,0 103.2278308880001,26.80869823500007,0 103.2266611540001,26.80854021800008,0 
							</coordinates>
						</LinearRing>
					</outerBoundaryIs>
					<innerBoundaryIs>
						<LinearRing>
							<coordinates>
								103.2310626560001,26.80079599400006,0 103.2300038710001,26.80095842200006,0 103.2303585730001,26.80311858700003,0 103.2318784600001,26.80462856200006,0 103.233034617,26.80519600800005,0 103.2372532800001,26.80665276500002,0 103.2394936920001,26.80676702500006,0 103.241421722,26.80570354900004,0 103.24089144,26.80461083600005,0 103.2399451600001,26.80429912100004,0 103.2344679610001,26.80328042900004,0 103.231795666,26.80175593600006,0 103.2310626560001,26.80079599400006,0 
							</coordinates>
						</LinearRing>
					</innerBoundaryIs>
				</Polygon>
			</MultiGeometry>
		</Placemark>
		<Placemark id="ID_00019">
			<name>26547</name>
			<description><![CDATA[<html xmlns:fo="http://www.w3.org/1999/XSL/Format" xmlns:msxsl="urn:schemas-microsoft-com:xslt">

<head>

<META http-equiv="Content-Type" content="text/html">

</head>

<body>

<table>

<tr><td style="white-space: nowrap;"><html xmlns:fo="http://www.w3.org/1999/XSL/Format" xmlns:msxsl="urn:schemas-microsoft-com:xslt">

<head>

<META http-equiv="Content-Type" content="text/html">

</head>

<body>

<table>

<tr><td style="white-space: nowrap;"><html xmlns:fo="http://www.w3.org/1999/XSL/Format" xmlns:msxsl="urn:schemas-microsoft-com:xslt">

<head>

<META http-equiv="Content-Type" content="text/html">

<meta http-equiv="content-type" content="text/html; charset=UTF-8">

</head>

<body style="margin:0px 0px 0px 0px;overflow:auto;background:#FFFFFF;">

<table style="font-family:Arial,Verdana,Times;font-size:12px;text-align:left;width:100%;border-collapse:collapse;padding:3px 3px 3px 3px">

<tr style="text-align:center;font-weight:bold;background:#9CBCE2">

<td>26547</td>

</tr>

<tr>

<td>

<table style="font-family:Arial,Verdana,Times;font-size:12px;text-align:left;width:100%;border-spacing:0px; padding:3px 3px 3px 3px">

<tr>

<td>Id</td>

<td>26547</td>

</tr>

<tr bgcolor="#D4E4F3">

<td>gridcode</td>

<td>23</td>

</tr>

</table>

</td>

</tr>

</table>

</body>

</html></td></tr>

</table>

</body>

</html></td></tr>

</table>

</body>

</html>]]></description>
			<styleUrl>#PolyStyle005797</styleUrl>
			<MultiGeometry>
				<Polygon>
					<outerBoundaryIs>
						<LinearRing>
							<coordinates>
								103.4201653850001,26.75755267800003,0 103.421563963,26.75770508800002,0 103.4228232300001,26.76144601700003,0 103.4231879860001,26.76618108500003,0 103.4209864140001,26.77062826800005,0 103.4203329310001,26.77342839000005,0 103.4197607550001,26.78894456500007,0 103.4194011510001,26.79136426400004,0 103.4230337530001,26.79167478600004,0 103.4290644130001,26.78925681800007,0 103.4318277010001,26.78939300200005,0 103.4321714860001,26.79114266900007,0 103.432113632,26.79206519100006,0 103.426489798,26.79584179100004,0 103.4242389790001,26.79674707500004,0 103.4212066310001,26.79703791500003,0 103.417789472,26.79609624800003,0 103.4141669260001,26.79617250700005,0 103.4126934660001,26.79609974600003,0 103.412456417,26.79044718100005,0 103.4120813450001,26.79012845700004,0 103.410332408,26.79042776600005,0 103.4099963160001,26.79041114200004,0 103.4093379680001,26.78911793300006,0 103.4065636810001,26.78959256400003,0 103.4053181460001,26.78953084700004,0 103.4022725930001,26.78804271300004,0 103.4019187610001,26.78629252400003,0 103.4049980830001,26.78315781300006,0 103.4065389310001,26.78037261400004,0 103.4078330820001,26.77934112900005,0 103.4112628820001,26.77773058400004,0 103.4150333630001,26.77524480500006,0 103.415469666,26.77396447600006,0 103.4146875390001,26.77112612100007,0 103.4161439380001,26.77083969000006,0 103.4173264780001,26.77014068900007,0 103.4180398410001,26.76179151000002,0 103.4174238830001,26.76071489800006,0 103.4187810010001,26.75902044900005,0 103.4189339360001,26.75861314200006,0 103.41954251,26.75835017900005,0 103.4199625300001,26.75764033400003,0 103.4201653850001,26.75755267800003,0 
							</coordinates>
						</LinearRing>
					</outerBoundaryIs>
				</Polygon>
			</MultiGeometry>
		</Placemark>
		<Placemark id="ID_00020">
			<name>27212</name>
			<description><![CDATA[<html xmlns:fo="http://www.w3.org/1999/XSL/Format" xmlns:msxsl="urn:schemas-microsoft-com:xslt">

<head>

<META http-equiv="Content-Type" content="text/html">

</head>

<body>

<table>

<tr><td style="white-space: nowrap;"><html xmlns:fo="http://www.w3.org/1999/XSL/Format" xmlns:msxsl="urn:schemas-microsoft-com:xslt">

<head>

<META http-equiv="Content-Type" content="text/html">

</head>

<body>

<table>

<tr><td style="white-space: nowrap;"><html xmlns:fo="http://www.w3.org/1999/XSL/Format" xmlns:msxsl="urn:schemas-microsoft-com:xslt">

<head>

<META http-equiv="Content-Type" content="text/html">

<meta http-equiv="content-type" content="text/html; charset=UTF-8">

</head>

<body style="margin:0px 0px 0px 0px;overflow:auto;background:#FFFFFF;">

<table style="font-family:Arial,Verdana,Times;font-size:12px;text-align:left;width:100%;border-collapse:collapse;padding:3px 3px 3px 3px">

<tr style="text-align:center;font-weight:bold;background:#9CBCE2">

<td>27212</td>

</tr>

<tr>

<td>

<table style="font-family:Arial,Verdana,Times;font-size:12px;text-align:left;width:100%;border-spacing:0px; padding:3px 3px 3px 3px">

<tr>

<td>Id</td>

<td>27212</td>

</tr>

<tr bgcolor="#D4E4F3">

<td>gridcode</td>

<td>23</td>

</tr>

</table>

</td>

</tr>

</table>

</body>

</html></td></tr>

</table>

</body>

</html></td></tr>

</table>

</body>

</html>]]></description>
			<styleUrl>#PolyStyle005797</styleUrl>
			<MultiGeometry>
				<Polygon>
					<outerBoundaryIs>
						<LinearRing>
							<coordinates>
								103.3967105620001,26.71383034500008,0 103.39686154,26.71369512800004,0 103.3978275410001,26.71289547900005,0 103.3990564090001,26.71293548700004,0 103.400271467,26.71409726300004,0 103.4000132470001,26.72038032400008,0 103.400925644,26.72202040900004,0 103.397964491,26.72517772500004,0 103.398164261,26.72799741800003,0 103.4015113250001,26.72703189500004,0 103.4040600400001,26.72799397100005,0 103.4044581040001,26.72921844500006,0 103.4026394170001,26.73072307900003,0 103.4023084470001,26.73112284600006,0 103.403775587,26.73200863600005,0 103.4028244660001,26.73240242900005,0 103.3986514230001,26.73226684700006,0 103.398303491,26.73474202600005,0 103.3976405560001,26.73526623100003,0 103.3963289160001,26.73484579000007,0 103.3960590260001,26.73399869800005,0 103.3948523440001,26.73148538500004,0 103.391914317,26.73103648800003,0 103.3901760400001,26.73220704800008,0 103.387745292,26.73340731900004,0 103.387315523,26.73619814100005,0 103.3874890500001,26.73768284400006,0 103.387245518,26.73834541800005,0 103.3858069240001,26.73807040000003,0 103.3852956070001,26.73596287600003,0 103.3834452400001,26.73555159700004,0 103.3837456240001,26.73479142200006,0 103.3852782870001,26.73383564000005,0 103.384806864,26.73320509100006,0 103.382852261,26.73347944500006,0 103.3785839190001,26.73498605900005,0 103.376474408,26.73470117000005,0 103.374928605,26.73353517500004,0 103.3724621570001,26.73248469100003,0 103.3717069880001,26.73119910500003,0 103.372089095,26.72886816900007,0 103.378108802,26.72927530200008,0 103.3790110570001,26.72858177000006,0 103.3785875710001,26.72676282700007,0 103.3760435830001,26.72472355000008,0 103.3749570400001,26.72501276500003,0 103.3730796610001,26.72682111300003,0 103.3723244510001,26.72653507800004,0 103.3720379210001,26.72101929600007,0 103.3722267630001,26.71886497100007,0 103.37405734,26.71605500900006,0 103.3777493090001,26.71585712900003,0 103.379050707,26.71523596100008,0 103.3805814830001,26.71536767200007,0 103.3804362960001,26.71670204100008,0 103.3752445840001,26.71903474900006,0 103.374652181,26.71951960000007,0 103.375062046,26.72133286900004,0 103.3755727120001,26.72281466700002,0 103.3824472780001,26.72324743900003,0 103.3821117530001,26.72534567400004,0 103.381159687,26.72769392600003,0 103.3822243920001,26.72830652000005,0 103.3841490710001,26.72785014700003,0 103.3846005920001,26.72241801300004,0 103.387738685,26.71960598500004,0 103.3897007560001,26.71874210900006,0 103.3921500630001,26.71822130800007,0 103.3937496870001,26.71821539200005,0 103.3934376000001,26.71904125400005,0 103.3912971980001,26.72040557300005,0 103.3912663840001,26.72115494400003,0 103.3926260690001,26.72119927400007,0 103.3944556820001,26.72013391600007,0 103.394913617,26.72085531500005,0 103.3945513580001,26.72128357000003,0 103.3930715320001,26.72250792600005,0 103.3957812580001,26.72283667300007,0 103.397265862,26.72160814000006,0 103.397434005,26.71752801200006,0 103.396483312,26.71581968700008,0 103.3965595830001,26.71396556100007,0 103.3967105620001,26.71383034500008,0 
							</coordinates>
						</LinearRing>
					</outerBoundaryIs>
				</Polygon>
			</MultiGeometry>
		</Placemark>
		<Placemark id="ID_00021">
			<name>28572</name>
			<description><![CDATA[<html xmlns:fo="http://www.w3.org/1999/XSL/Format" xmlns:msxsl="urn:schemas-microsoft-com:xslt">

<head>

<META http-equiv="Content-Type" content="text/html">

</head>

<body>

<table>

<tr><td style="white-space: nowrap;"><html xmlns:fo="http://www.w3.org/1999/XSL/Format" xmlns:msxsl="urn:schemas-microsoft-com:xslt">

<head>

<META http-equiv="Content-Type" content="text/html">

</head>

<body>

<table>

<tr><td style="white-space: nowrap;"><html xmlns:fo="http://www.w3.org/1999/XSL/Format" xmlns:msxsl="urn:schemas-microsoft-com:xslt">

<head>

<META http-equiv="Content-Type" content="text/html">

<meta http-equiv="content-type" content="text/html; charset=UTF-8">

</head>

<body style="margin:0px 0px 0px 0px;overflow:auto;background:#FFFFFF;">

<table style="font-family:Arial,Verdana,Times;font-size:12px;text-align:left;width:100%;border-collapse:collapse;padding:3px 3px 3px 3px">

<tr style="text-align:center;font-weight:bold;background:#9CBCE2">

<td>28572</td>

</tr>

<tr>

<td>

<table style="font-family:Arial,Verdana,Times;font-size:12px;text-align:left;width:100%;border-spacing:0px; padding:3px 3px 3px 3px">

<tr>

<td>Id</td>

<td>28572</td>

</tr>

<tr bgcolor="#D4E4F3">

<td>gridcode</td>

<td>23</td>

</tr>

</table>

</td>

</tr>

</table>

</body>

</html></td></tr>

</table>

</body>

</html></td></tr>

</table>

</body>

</html>]]></description>
			<styleUrl>#PolyStyle005797</styleUrl>
			<MultiGeometry>
				<Polygon>
					<outerBoundaryIs>
						<LinearRing>
							<coordinates>
								103.2291155280001,26.62584992600006,0 103.2292724160001,26.62572026200007,0 103.229916486,26.62487831500005,0 103.2332187530001,26.62499073500004,0 103.2353014660001,26.62498582100005,0 103.2357251620001,26.62259394600005,0 103.238005259,26.62208453500006,0 103.241552723,26.62306014000006,0 103.2436215220001,26.62262231200003,0 103.245810615,26.62571430800006,0 103.2475415930001,26.62570994700008,0 103.2523297210001,26.62120384800005,0 103.2538951440001,26.62125681800006,0 103.2545965080001,26.62193070000006,0 103.2505292830001,26.62678491300005,0 103.247144141,26.63177311600003,0 103.2448809220001,26.63222663200003,0 103.2446503460001,26.62865402500006,0 103.242792809,26.62836044400007,0 103.2408152720001,26.62892868900008,0 103.2392623540001,26.63165494600003,0 103.239593992,26.64195836900007,0 103.2378323490001,26.64523482500005,0 103.234097047,26.64598309900003,0 103.232815627,26.64992147300006,0 103.2276140120001,26.65622277800002,0 103.2244859670001,26.65491577900008,0 103.2263185250001,26.65188239500003,0 103.229742689,26.64713998100007,0 103.2304416140001,26.64005074400006,0 103.2326140010001,26.63883134100007,0 103.2341813720001,26.63726297800002,0 103.23330881,26.63119350000005,0 103.2298900720001,26.63269379200006,0 103.224225312,26.63925138300004,0 103.2232910930001,26.64384311100002,0 103.2212892690001,26.64151012700006,0 103.219714099,26.64333299600003,0 103.2152948060001,26.64492054000004,0 103.212937712,26.64396720300005,0 103.212341005,26.64028871800008,0 103.212234213,26.63744177200005,0 103.21235039,26.63672547900006,0 103.2125586210001,26.63636868600003,0 103.2145365150001,26.63544924500007,0 103.219102718,26.63499841300006,0 103.219248614,26.63485832300006,0 103.2207602620001,26.63474530500002,0 103.2219832920001,26.63293229700002,0 103.2236309950001,26.63193081300005,0 103.2274677130001,26.63078775300005,0 103.228514321,26.62700082600003,0 103.2291155280001,26.62584992600006,0 
							</coordinates>
						</LinearRing>
					</outerBoundaryIs>
				</Polygon>
			</MultiGeometry>
		</Placemark>
		<Placemark id="ID_00022">
			<name>29014</name>
			<description><![CDATA[<html xmlns:fo="http://www.w3.org/1999/XSL/Format" xmlns:msxsl="urn:schemas-microsoft-com:xslt">

<head>

<META http-equiv="Content-Type" content="text/html">

</head>

<body>

<table>

<tr><td style="white-space: nowrap;"><html xmlns:fo="http://www.w3.org/1999/XSL/Format" xmlns:msxsl="urn:schemas-microsoft-com:xslt">

<head>

<META http-equiv="Content-Type" content="text/html">

</head>

<body>

<table>

<tr><td style="white-space: nowrap;"><html xmlns:fo="http://www.w3.org/1999/XSL/Format" xmlns:msxsl="urn:schemas-microsoft-com:xslt">

<head>

<META http-equiv="Content-Type" content="text/html">

<meta http-equiv="content-type" content="text/html; charset=UTF-8">

</head>

<body style="margin:0px 0px 0px 0px;overflow:auto;background:#FFFFFF;">

<table style="font-family:Arial,Verdana,Times;font-size:12px;text-align:left;width:100%;border-collapse:collapse;padding:3px 3px 3px 3px">

<tr style="text-align:center;font-weight:bold;background:#9CBCE2">

<td>29014</td>

</tr>

<tr>

<td>

<table style="font-family:Arial,Verdana,Times;font-size:12px;text-align:left;width:100%;border-spacing:0px; padding:3px 3px 3px 3px">

<tr>

<td>Id</td>

<td>29014</td>

</tr>

<tr bgcolor="#D4E4F3">

<td>gridcode</td>

<td>23</td>

</tr>

</table>

</td>

</tr>

</table>

</body>

</html></td></tr>

</table>

</body>

</html></td></tr>

</table>

</body>

</html>]]></description>
			<styleUrl>#PolyStyle005797</styleUrl>
			<MultiGeometry>
				<Polygon>
					<outerBoundaryIs>
						<LinearRing>
							<coordinates>
								103.2143297260001,26.60863006100004,0 103.2146234400001,26.60787048100008,0 103.215705654,26.60690237700004,0 103.2169339970001,26.60718636900003,0 103.22011151,26.60847192900008,0 103.2257046020001,26.60896815000007,0 103.2344051200001,26.61285639000005,0 103.2372042740001,26.61262611400008,0 103.2362134520001,26.61127275700005,0 103.235341975,26.60959745000002,0 103.2303665140001,26.60673442300003,0 103.2293770080001,26.60538284400008,0 103.2299256100001,26.60416521900004,0 103.232363638,26.60415943000004,0 103.2346484870001,26.60525455100003,0 103.2412425730001,26.60631820400005,0 103.2458277840001,26.60801356700006,0 103.24684232,26.60939855200007,0 103.246526611,26.61035715900005,0 103.2452812450001,26.61211595100008,0 103.2455842380001,26.61281233200003,0 103.2503336720001,26.61280091600003,0 103.2527978350001,26.61429598200004,0 103.2521497980001,26.61583225600003,0 103.2512574190001,26.61663122500005,0 103.2465193910001,26.61683215200003,0 103.24472961,26.61787204900003,0 103.2427458440001,26.61757646700005,0 103.2396201140001,26.61627029900006,0 103.235230583,26.61503143500005,0 103.2310992420001,26.61336077900006,0 103.2249870220001,26.61315248800003,0 103.2249251360001,26.61458658700008,0 103.2362168160001,26.61649765600004,0 103.237300631,26.61745888100006,0 103.2367406290001,26.61895274600005,0 103.2341423570001,26.61947367900007,0 103.2305247900001,26.62142158900008,0 103.227880408,26.62058030100008,0 103.2263596990001,26.61974314700007,0 103.2212957530001,26.61629867500005,0 103.2194829620001,26.61585402500003,0 103.2140575550001,26.61481996500004,0 103.207970801,26.61206768700004,0 103.206593001,26.61084499800006,0 103.2051087780001,26.60834448200006,0 103.2003038070001,26.60360118500006,0 103.198222565,26.60106297000004,0 103.1971270800001,26.59908090600004,0 103.197646041,26.59649570200003,0 103.198675323,26.59557558400007,0 103.2007207070001,26.59557125000004,0 103.2029212850001,26.59656696500008,0 103.2026160990001,26.59698645500004,0 103.2004670250001,26.59851303000005,0 103.2008626860001,26.59974763000002,0 103.203360446,26.60214929800003,0 103.209078838,26.60618236600004,0 103.2090854190001,26.60860092100006,0 103.2084096630001,26.60971924100005,0 103.2095226170001,26.61030264100003,0 103.2120049150001,26.61004552700007,0 103.2137138090001,26.60915937500005,0 103.2141817100001,26.60928666400002,0 103.2144450920001,26.60959049000007,0 103.2148323540001,26.60987708100004,0 103.2156616710001,26.61092792300008,0 103.216074769,26.61230750100003,0 103.2171025590001,26.61286813200007,0 103.2180384110001,26.61312267800003,0 103.2189014530001,26.61370566600004,0 103.2201802280001,26.61442586900006,0 103.2211969200001,26.61559943500004,0 103.222507443,26.61497770600005,0 103.2222164140001,26.61348901100007,0 103.220738339,26.61265665300005,0 103.2189839970001,26.61125066400007,0 103.2174539800001,26.61044743900004,0 103.2162082870001,26.60952684700004,0 103.2147976250001,26.60875734800004,0 103.2143297260001,26.60863006100004,0 
							</coordinates>
						</LinearRing>
					</outerBoundaryIs>
				</Polygon>
			</MultiGeometry>
		</Placemark>
		<Placemark id="ID_00023">
			<name>29447</name>
			<description><![CDATA[<html xmlns:fo="http://www.w3.org/1999/XSL/Format" xmlns:msxsl="urn:schemas-microsoft-com:xslt">

<head>

<META http-equiv="Content-Type" content="text/html">

</head>

<body>

<table>

<tr><td style="white-space: nowrap;"><html xmlns:fo="http://www.w3.org/1999/XSL/Format" xmlns:msxsl="urn:schemas-microsoft-com:xslt">

<head>

<META http-equiv="Content-Type" content="text/html">

</head>

<body>

<table>

<tr><td style="white-space: nowrap;"><html xmlns:fo="http://www.w3.org/1999/XSL/Format" xmlns:msxsl="urn:schemas-microsoft-com:xslt">

<head>

<META http-equiv="Content-Type" content="text/html">

<meta http-equiv="content-type" content="text/html; charset=UTF-8">

</head>

<body style="margin:0px 0px 0px 0px;overflow:auto;background:#FFFFFF;">

<table style="font-family:Arial,Verdana,Times;font-size:12px;text-align:left;width:100%;border-collapse:collapse;padding:3px 3px 3px 3px">

<tr style="text-align:center;font-weight:bold;background:#9CBCE2">

<td>29447</td>

</tr>

<tr>

<td>

<table style="font-family:Arial,Verdana,Times;font-size:12px;text-align:left;width:100%;border-spacing:0px; padding:3px 3px 3px 3px">

<tr>

<td>Id</td>

<td>29447</td>

</tr>

<tr bgcolor="#D4E4F3">

<td>gridcode</td>

<td>23</td>

</tr>

</table>

</td>

</tr>

</table>

</body>

</html></td></tr>

</table>

</body>

</html></td></tr>

</table>

</body>

</html>]]></description>
			<styleUrl>#PolyStyle0057912</styleUrl>
			<MultiGeometry>
				<Polygon>
					<outerBoundaryIs>
						<LinearRing>
							<coordinates>
								103.3433403527465,26.60672966843648,0 103.3376277094372,26.60541648180805,0 103.3348160134777,26.60333307785903,0 103.3335597031435,26.60252456327063,0 103.3334320577692,26.6023743005134,0 103.3336021747137,26.6009521472848,0 103.3335942906693,26.59908427225479,0 103.3319445873098,26.59830486941877,0 103.3285701786742,26.59804018455226,0 103.3295411487879,26.5944860832191,0 103.3303941020942,26.59307802827651,0 103.3290593480119,26.59144394863002,0 103.329064990031,26.59137940814456,0 103.3298260290392,26.59023638154817,0 103.329720028028,26.5890715182085,0 103.3294595923748,26.58900053129214,0 103.3281999043989,26.58752480632723,0 103.3287837155829,26.58526990867938,0 103.3293986579362,26.58277460275428,0 103.3319549646318,26.58183318267529,0 103.3325987984178,26.58018081601674,0 103.332641892418,26.57634282567293,0 103.3319962473902,26.57334172673978,0 103.3345050924774,26.57437044270881,0 103.3356628081657,26.57588234185855,0 103.3377440082631,26.57925381231593,0 103.3413533137721,26.58101083983174,0 103.3435572572914,26.57941513165186,0 103.3461067646765,26.5780498515414,0 103.3464356122041,26.57807560416445,0 103.3505100613808,26.57837761864491,0 103.3506426200826,26.57942474997194,0 103.349514710206,26.58160659574005,0 103.3486685877086,26.58359028970391,0 103.3486615302812,26.5837064753588,0 103.3481674503686,26.58629573162278,0 103.3478802823013,26.58847179687291,0 103.3478766677172,26.5903281509964,0 103.3483820274294,26.59144613802927,0 103.3491577824972,26.59272198566672,0 103.3529125740563,26.59317997895931,0 103.3552690365608,26.59304989404897,0 103.353039466118,26.59525751178085,0 103.352825569502,26.59542788970865,0 103.3514738851519,26.59726416471689,0 103.352899426945,26.59932773300768,0 103.3545335404481,26.60008731291114,0 103.3576319471617,26.6000156036406,0 103.3589995687364,26.6011705433442,0 103.3589536608027,26.60387098766257,0 103.3539875053379,26.60716034809513,0 103.3496416053591,26.60829066403493,0 103.3473245889712,26.60928636709054,0 103.3450510623181,26.60811770048905,0 103.3433403527465,26.60672966843648,0 
							</coordinates>
						</LinearRing>
					</outerBoundaryIs>
				</Polygon>
			</MultiGeometry>
		</Placemark>
		<Placemark id="ID_00024">
			<name>29573</name>
			<description><![CDATA[<html xmlns:fo="http://www.w3.org/1999/XSL/Format" xmlns:msxsl="urn:schemas-microsoft-com:xslt">

<head>

<META http-equiv="Content-Type" content="text/html">

</head>

<body>

<table>

<tr><td style="white-space: nowrap;"><html xmlns:fo="http://www.w3.org/1999/XSL/Format" xmlns:msxsl="urn:schemas-microsoft-com:xslt">

<head>

<META http-equiv="Content-Type" content="text/html">

</head>

<body>

<table>

<tr><td style="white-space: nowrap;"><html xmlns:fo="http://www.w3.org/1999/XSL/Format" xmlns:msxsl="urn:schemas-microsoft-com:xslt">

<head>

<META http-equiv="Content-Type" content="text/html">

<meta http-equiv="content-type" content="text/html; charset=UTF-8">

</head>

<body style="margin:0px 0px 0px 0px;overflow:auto;background:#FFFFFF;">

<table style="font-family:Arial,Verdana,Times;font-size:12px;text-align:left;width:100%;border-collapse:collapse;padding:3px 3px 3px 3px">

<tr style="text-align:center;font-weight:bold;background:#9CBCE2">

<td>29573</td>

</tr>

<tr>

<td>

<table style="font-family:Arial,Verdana,Times;font-size:12px;text-align:left;width:100%;border-spacing:0px; padding:3px 3px 3px 3px">

<tr>

<td>Id</td>

<td>29573</td>

</tr>

<tr bgcolor="#D4E4F3">

<td>gridcode</td>

<td>23</td>

</tr>

</table>

</td>

</tr>

</table>

</body>

</html></td></tr>

</table>

</body>

</html></td></tr>

</table>

</body>

</html>]]></description>
			<styleUrl>#PolyStyle005797</styleUrl>
			<MultiGeometry>
				<Polygon>
					<outerBoundaryIs>
						<LinearRing>
							<coordinates>
								104.4056939900001,26.59709150600003,0 104.4049240150001,26.59824224900007,0 104.4016890620001,26.59856951200004,0 104.4024579370001,26.60056243900004,0 104.4006688440001,26.60202172000004,0 104.397651668,26.60167166100007,0 104.3982707310001,26.59961776600005,0 104.3985739660001,26.59777722400003,0 104.3969675600001,26.59540670400003,0 104.394477963,26.59501465400007,0 104.3928866560001,26.59597737200005,0 104.393582742,26.59778176000003,0 104.3944985690001,26.59735633600008,0 104.3954161600001,26.59779540900007,0 104.3962124070001,26.60008494400006,0 104.3961142690001,26.60199634000003,0 104.3912823080001,26.60226487900007,0 104.3901630770001,26.60278497800005,0 104.3889014270001,26.60313317800006,0 104.3875219840001,26.60120446900004,0 104.38632928,26.60090044300006,0 104.3840373680001,26.60307691400004,0 104.3826733240001,26.60302119200002,0 104.3822274510001,26.60086724700005,0 104.381930385,26.60033700800005,0 104.3767704170001,26.60246474700006,0 104.3743920170001,26.60271044900003,0 104.3740571980001,26.60109121000005,0 104.3736997610001,26.60016443000006,0 104.3722396780001,26.59974371100003,0 104.371437605,26.59935959200004,0 104.371055788,26.59771137100006,0 104.3716846600001,26.59460914200002,0 104.3709904990001,26.59434540000007,0 104.3698619990001,26.59541728300007,0 104.3674164130001,26.59566246000003,0 104.3674480110001,26.59504453600005,0 104.3680604030001,26.59352012300008,0 104.368358099,26.59254042100002,0 104.367295685,26.59114522600004,0 104.3650154680001,26.58993341200005,0 104.3650758470001,26.58876492200005,0 104.3675112700001,26.58826280100004,0 104.3674840530001,26.58752448800004,0 104.3659934950001,26.58627793700003,0 104.365683995,26.58478299900003,0 104.3650860190001,26.58323112700003,0 104.3651313010001,26.58235448000005,0 104.366527476,26.58191989400007,0 104.3687305380001,26.58274112300006,0 104.3695274,26.58300468000005,0 104.370921744,26.58216119300005,0 104.370848783,26.58020873100003,0 104.3694970400001,26.57789678600005,0 104.368492884,26.57531378000005,0 104.3702483100001,26.57493198500004,0 104.3750310840001,26.57757889100003,0 104.3782815600001,26.57822679700007,0 104.3787343910001,26.57961248300006,0 104.3762269650001,26.58065044800002,0 104.375710354,26.58119223300002,0 104.3766982160001,26.58201833500004,0 104.3792576100001,26.58275631700008,0 104.3799565260001,26.58309085800005,0 104.380533331,26.58475020300006,0 104.3820880910001,26.58605036000006,0 104.3820033170001,26.58769864100003,0 104.3807210160001,26.58874426300002,0 104.3780097550001,26.59008463800006,0 104.376902811,26.59113592800003,0 104.3750835740001,26.59139267300003,0 104.3723185140001,26.59029885800004,0 104.371519215,26.59003531400003,0 104.371103996,26.59093039000004,0 104.373503364,26.59293670400007,0 104.3738212320001,26.59644415200006,0 104.3757079050001,26.59853621800005,0 104.3778362910001,26.59895588800004,0 104.3804960480001,26.59716221700006,0 104.3813419730001,26.59601021600002,0 104.382407577,26.59478782000008,0 104.3848143430001,26.59442258600006,0 104.388185278,26.59603563100006,0 104.3896078720001,26.59632537000005,0 104.39146027,26.59546521200008,0 104.393328953,26.59368979900006,0 104.3949886400001,26.59300279700005,0 104.3974108910001,26.59260446700006,0 104.398005987,26.59232758800005,0 104.398811805,26.59199419100003,0 104.4010847490001,26.59208672400007,0 104.4019293390001,26.59370707600004,0 104.402985873,26.59492051900003,0 104.402575067,26.59511838500004,0 104.4033654140001,26.59602871200008,0 104.4056939900001,26.59709150600003,0 
							</coordinates>
						</LinearRing>
					</outerBoundaryIs>
				</Polygon>
			</MultiGeometry>
		</Placemark>
		<Placemark id="ID_00025">
			<name>29772</name>
			<description><![CDATA[<html xmlns:fo="http://www.w3.org/1999/XSL/Format" xmlns:msxsl="urn:schemas-microsoft-com:xslt">

<head>

<META http-equiv="Content-Type" content="text/html">

</head>

<body>

<table>

<tr><td style="white-space: nowrap;"><html xmlns:fo="http://www.w3.org/1999/XSL/Format" xmlns:msxsl="urn:schemas-microsoft-com:xslt">

<head>

<META http-equiv="Content-Type" content="text/html">

</head>

<body>

<table>

<tr><td style="white-space: nowrap;"><html xmlns:fo="http://www.w3.org/1999/XSL/Format" xmlns:msxsl="urn:schemas-microsoft-com:xslt">

<head>

<META http-equiv="Content-Type" content="text/html">

<meta http-equiv="content-type" content="text/html; charset=UTF-8">

</head>

<body style="margin:0px 0px 0px 0px;overflow:auto;background:#FFFFFF;">

<table style="font-family:Arial,Verdana,Times;font-size:12px;text-align:left;width:100%;border-collapse:collapse;padding:3px 3px 3px 3px">

<tr style="text-align:center;font-weight:bold;background:#9CBCE2">

<td>29772</td>

</tr>

<tr>

<td>

<table style="font-family:Arial,Verdana,Times;font-size:12px;text-align:left;width:100%;border-spacing:0px; padding:3px 3px 3px 3px">

<tr>

<td>Id</td>

<td>29772</td>

</tr>

<tr bgcolor="#D4E4F3">

<td>gridcode</td>

<td>23</td>

</tr>

</table>

</td>

</tr>

</table>

</body>

</html></td></tr>

</table>

</body>

</html></td></tr>

</table>

</body>

</html>]]></description>
			<styleUrl>#PolyStyle005797</styleUrl>
			<MultiGeometry>
				<Polygon>
					<outerBoundaryIs>
						<LinearRing>
							<coordinates>
								104.2653331720001,26.59544572500005,0 104.2638153650001,26.59727423000004,0 104.264262274,26.60087338400007,0 104.2642117950001,26.60154300800008,0 104.2628179310001,26.60145982300003,0 104.2607112580001,26.59998301500008,0 104.2602482380001,26.59719769100008,0 104.2590586200001,26.59545392900003,0 104.2567575500001,26.59449406600004,0 104.2564167430001,26.59208937000005,0 104.2550116750001,26.59026802200003,0 104.2542532520001,26.58624727200004,0 104.2522601960001,26.58417919800007,0 104.2519851760001,26.58288686400005,0 104.2529901880001,26.58077832500004,0 104.2527775680001,26.57713363400006,0 104.2566285110001,26.57736421800007,0 104.2574643830001,26.57680614900005,0 104.2563027310001,26.57486657600003,0 104.2571977580001,26.57450740200005,0 104.2577271260001,26.57302006400005,0 104.2568968890001,26.57234873100003,0 104.256616008,26.57175029700005,0 104.2578730490001,26.57076432300005,0 104.2558239840001,26.56850419000006,0 104.2563534130001,26.56721902600003,0 104.2603711070001,26.56532812300003,0 104.262423917,26.56239546600006,0 104.2634942060001,26.56210847400007,0 104.2643803320001,26.56216145600007,0 104.2651335890001,26.56384742100005,0 104.263369836,26.56669014700003,0 104.2629976930001,26.56811039100006,0 104.2648800790001,26.56919459500006,0 104.2659242430001,26.56914619500003,0 104.266317095,26.56700420000004,0 104.2665346620001,26.56648172700005,0 104.2679601930001,26.56738332500004,0 104.268612218,26.56996737100008,0 104.269489359,26.57026008800006,0 104.2699256240001,26.56950474000007,0 104.2690409160001,26.56676779200006,0 104.268773874,26.56448664700002,0 104.2692830760001,26.56326472400008,0 104.2707238610001,26.56417587300007,0 104.2726387020001,26.56914601900007,0 104.27416543,26.57082982900005,0 104.2747425730001,26.57219677800003,0 104.2751062010001,26.57280465500003,0 104.275019344,26.57396087300003,0 104.2724517440001,26.57687003500007,0 104.2719427110001,26.57964674400006,0 104.2708151950001,26.57997370800007,0 104.2692408030001,26.57653915700007,0 104.2681436590001,26.57619734700006,0 104.2677608150001,26.57727315200003,0 104.2663014020001,26.57751786000006,0 104.2650683150001,26.57576193400007,0 104.2619692630001,26.57590598200006,0 104.2614117040001,26.57695533600003,0 104.265330164,26.57858977600006,0 104.2671349350001,26.57973131400007,0 104.2677160580001,26.58068260700003,0 104.2666707330001,26.58199518300006,0 104.266201144,26.58298246700008,0 104.2676840710001,26.58490425900004,0 104.267824649,26.58683589800006,0 104.267375675,26.58697299800008,0 104.265373637,26.58729993900005,0 104.264640393,26.58851291400003,0 104.265002226,26.59516818500003,0 104.2653331720001,26.59544572500005,0 
							</coordinates>
						</LinearRing>
					</outerBoundaryIs>
				</Polygon>
			</MultiGeometry>
		</Placemark>
		<Placemark id="ID_00026">
			<name>29812</name>
			<description><![CDATA[<html xmlns:fo="http://www.w3.org/1999/XSL/Format" xmlns:msxsl="urn:schemas-microsoft-com:xslt">

<head>

<META http-equiv="Content-Type" content="text/html">

</head>

<body>

<table>

<tr><td style="white-space: nowrap;"><html xmlns:fo="http://www.w3.org/1999/XSL/Format" xmlns:msxsl="urn:schemas-microsoft-com:xslt">

<head>

<META http-equiv="Content-Type" content="text/html">

</head>

<body>

<table>

<tr><td style="white-space: nowrap;"><html xmlns:fo="http://www.w3.org/1999/XSL/Format" xmlns:msxsl="urn:schemas-microsoft-com:xslt">

<head>

<META http-equiv="Content-Type" content="text/html">

<meta http-equiv="content-type" content="text/html; charset=UTF-8">

</head>

<body style="margin:0px 0px 0px 0px;overflow:auto;background:#FFFFFF;">

<table style="font-family:Arial,Verdana,Times;font-size:12px;text-align:left;width:100%;border-collapse:collapse;padding:3px 3px 3px 3px">

<tr style="text-align:center;font-weight:bold;background:#9CBCE2">

<td>29812</td>

</tr>

<tr>

<td>

<table style="font-family:Arial,Verdana,Times;font-size:12px;text-align:left;width:100%;border-spacing:0px; padding:3px 3px 3px 3px">

<tr>

<td>Id</td>

<td>29812</td>

</tr>

<tr bgcolor="#D4E4F3">

<td>gridcode</td>

<td>23</td>

</tr>

</table>

</td>

</tr>

</table>

</body>

</html></td></tr>

</table>

</body>

</html></td></tr>

</table>

</body>

</html>]]></description>
			<styleUrl>#PolyStyle005797</styleUrl>
			<MultiGeometry>
				<Polygon>
					<outerBoundaryIs>
						<LinearRing>
							<coordinates>
								103.2158664310001,26.54745194800006,0 103.2160064480001,26.54759664700003,0 103.217673957,26.54849836100004,0 103.220506577,26.55052960800003,0 103.2226180100001,26.55271356700007,0 103.2258380580001,26.55461259500004,0 103.226200363,26.55695947500004,0 103.2287851630001,26.55964925900003,0 103.2290167320001,26.56236448900006,0 103.2318404960001,26.56295203700006,0 103.239534528,26.56691502900003,0 103.2407318290001,26.56882525300006,0 103.2405356120001,26.57108733300004,0 103.2391269110001,26.57216934900003,0 103.23599511,26.57243601200003,0 103.2344106100001,26.57163574900005,0 103.2334076070001,26.57133179300007,0 103.2309380420001,26.57313753500006,0 103.2277967110001,26.57352282700003,0 103.225641878,26.57297139800005,0 103.2248313980001,26.56928543400005,0 103.2226434010001,26.56747929600006,0 103.2212237300001,26.56310340000005,0 103.220198102,26.56134654800007,0 103.2177609970001,26.56083677300006,0 103.2163110490001,26.56255244500005,0 103.2130788230001,26.56303671900002,0 103.2104666960001,26.56285600900003,0 103.2087671480001,26.56014188100005,0 103.204591496,26.55873780500008,0 103.2031209560001,26.55799445500003,0 103.2028296630001,26.55695098800004,0 103.2055642490001,26.55632680400004,0 103.2076060640001,26.55560793300003,0 103.2086110070001,26.55440233000007,0 103.2079002780001,26.55318412300005,0 103.203535441,26.55270748800007,0 103.203256755,26.55081080100007,0 103.204130439,26.54943747900006,0 103.2069265000001,26.54879897100005,0 103.2080742630001,26.54826658900004,0 103.21208211,26.54807297100007,0 103.2135883060001,26.54754260000004,0 103.2158664310001,26.54745194800006,0 
							</coordinates>
						</LinearRing>
					</outerBoundaryIs>
				</Polygon>
			</MultiGeometry>
		</Placemark>
		<Placemark id="ID_00027">
			<name>30220</name>
			<description><![CDATA[<html xmlns:fo="http://www.w3.org/1999/XSL/Format" xmlns:msxsl="urn:schemas-microsoft-com:xslt">

<head>

<META http-equiv="Content-Type" content="text/html">

</head>

<body>

<table>

<tr><td style="white-space: nowrap;"><html xmlns:fo="http://www.w3.org/1999/XSL/Format" xmlns:msxsl="urn:schemas-microsoft-com:xslt">

<head>

<META http-equiv="Content-Type" content="text/html">

</head>

<body>

<table>

<tr><td style="white-space: nowrap;"><html xmlns:fo="http://www.w3.org/1999/XSL/Format" xmlns:msxsl="urn:schemas-microsoft-com:xslt">

<head>

<META http-equiv="Content-Type" content="text/html">

<meta http-equiv="content-type" content="text/html; charset=UTF-8">

</head>

<body style="margin:0px 0px 0px 0px;overflow:auto;background:#FFFFFF;">

<table style="font-family:Arial,Verdana,Times;font-size:12px;text-align:left;width:100%;border-collapse:collapse;padding:3px 3px 3px 3px">

<tr style="text-align:center;font-weight:bold;background:#9CBCE2">

<td>30220</td>

</tr>

<tr>

<td>

<table style="font-family:Arial,Verdana,Times;font-size:12px;text-align:left;width:100%;border-spacing:0px; padding:3px 3px 3px 3px">

<tr>

<td>Id</td>

<td>30220</td>

</tr>

<tr bgcolor="#D4E4F3">

<td>gridcode</td>

<td>23</td>

</tr>

</table>

</td>

</tr>

</table>

</body>

</html></td></tr>

</table>

</body>

</html></td></tr>

</table>

</body>

</html>]]></description>
			<styleUrl>#PolyStyle005797</styleUrl>
			<MultiGeometry>
				<Polygon>
					<outerBoundaryIs>
						<LinearRing>
							<coordinates>
								104.1107406050001,26.53527831500003,0 104.1115226690001,26.53507497600003,0 104.1124996190001,26.53433816800003,0 104.1138648910001,26.53167341800003,0 104.115210624,26.53201930100006,0 104.1148413460001,26.53570541300007,0 104.1168719330001,26.53529895100007,0 104.1175682810001,26.53385976800007,0 104.117925336,26.53251451800003,0 104.1190674540001,26.53285373700004,0 104.1187747830001,26.53413894100004,0 104.1178459480001,26.53633405100004,0 104.118211376,26.53812102600006,0 104.1201425460001,26.53827479800003,0 104.1211403130001,26.53704335600003,0 104.1215022320001,26.53443011400003,0 104.1229540470001,26.53474408800003,0 104.1253797860001,26.53653040800003,0 104.1250883990001,26.53769372100004,0 104.1241701850001,26.53882735000008,0 104.124506039,26.54009563700004,0 104.1256743820001,26.53958560700005,0 104.1269080270001,26.53873958800006,0 104.1276432430001,26.53951442900006,0 104.1293403840001,26.53987210000003,0 104.1311471060001,26.54272396200003,0 104.1321300280001,26.54299623500003,0 104.1347794600001,26.54314507800007,0 104.1364183320001,26.54397715700003,0 104.1395365930001,26.54425695300006,0 104.1404183400001,26.54455338100007,0 104.1427317930001,26.54494824600005,0 104.143151538,26.54563286600006,0 104.1435754110001,26.54692912800005,0 104.1446249620001,26.54728183800006,0 104.1480053960001,26.54770268500005,0 104.1503513690001,26.54921291200003,0 104.1511146810001,26.54961313400003,0 104.1512532480001,26.54975899600004,0 104.1548452770001,26.55011331800006,0 104.1552853960001,26.54966538900004,0 104.1545945650001,26.54816679500004,0 104.1543233930001,26.54725034500007,0 104.1549871360001,26.54682175300007,0 104.15729558,26.54974064900006,0 104.1587960890001,26.55006583000005,0 104.1597231700001,26.54939434700003,0 104.1582901990001,26.54730857500005,0 104.1578106620001,26.54327428600004,0 104.158144673,26.54280157500006,0 104.1598890850001,26.54572671600005,0 104.1608934700001,26.54879367000007,0 104.1619362590001,26.55049391300003,0 104.1627206110001,26.55117381800005,0 104.1630553570001,26.54874991200006,0 104.1632954790001,26.54796291600007,0 104.1647189430001,26.54887930300004,0 104.1659793310001,26.55206342000003,0 104.168771791,26.55418475900007,0 104.1690489980001,26.55447643600007,0 104.1698515950001,26.55473201200005,0 104.1704080970001,26.55364459900005,0 104.1708861280001,26.55368238600005,0 104.1720323340001,26.55881221500005,0 104.1732519050001,26.56014924300007,0 104.1735188740001,26.56154079300006,0 104.1728147460001,26.56148527900007,0 104.1708743410001,26.56023687700002,0 104.1694620100001,26.55999625000004,0 104.1679700300001,26.55943302200006,0 104.1666684690001,26.55859581000004,0 104.1650551480001,26.55793948500008,0 104.1661534580001,26.55765337000003,0 104.1622309730001,26.55666980800004,0 104.1593524400001,26.55503763400003,0 104.157556453,26.55465968100003,0 104.1551678580001,26.55381277700008,0 104.152335055,26.55310224100003,0 104.143551099,26.55170044800008,0 104.1406831180001,26.55073632400007,0 104.1371735580001,26.55016418600008,0 104.135116758,26.54899741200006,0 104.1336624590001,26.54909010400007,0 104.1319093560001,26.55122748200006,0 104.128720941,26.55145217100005,0 104.126178097,26.54981462800004,0 104.1248172950001,26.54952775400005,0 104.1235661380001,26.54771124800004,0 104.1200055460001,26.54700809700006,0 104.115956543,26.54536680800004,0 104.1153554330001,26.54352822700002,0 104.1137338570001,26.54122470500005,0 104.1128876160001,26.53863454300006,0 104.1109180240001,26.53619178700006,0 104.1107406050001,26.53527831500003,0 
							</coordinates>
						</LinearRing>
					</outerBoundaryIs>
				</Polygon>
			</MultiGeometry>
		</Placemark>
		<Placemark id="ID_00028">
			<name>30482</name>
			<description><![CDATA[<html xmlns:fo="http://www.w3.org/1999/XSL/Format" xmlns:msxsl="urn:schemas-microsoft-com:xslt">

<head>

<META http-equiv="Content-Type" content="text/html">

</head>

<body>

<table>

<tr><td style="white-space: nowrap;"><html xmlns:fo="http://www.w3.org/1999/XSL/Format" xmlns:msxsl="urn:schemas-microsoft-com:xslt">

<head>

<META http-equiv="Content-Type" content="text/html">

</head>

<body>

<table>

<tr><td style="white-space: nowrap;"><html xmlns:fo="http://www.w3.org/1999/XSL/Format" xmlns:msxsl="urn:schemas-microsoft-com:xslt">

<head>

<META http-equiv="Content-Type" content="text/html">

<meta http-equiv="content-type" content="text/html; charset=UTF-8">

</head>

<body style="margin:0px 0px 0px 0px;overflow:auto;background:#FFFFFF;">

<table style="font-family:Arial,Verdana,Times;font-size:12px;text-align:left;width:100%;border-collapse:collapse;padding:3px 3px 3px 3px">

<tr style="text-align:center;font-weight:bold;background:#9CBCE2">

<td>30482</td>

</tr>

<tr>

<td>

<table style="font-family:Arial,Verdana,Times;font-size:12px;text-align:left;width:100%;border-spacing:0px; padding:3px 3px 3px 3px">

<tr>

<td>Id</td>

<td>30482</td>

</tr>

<tr bgcolor="#D4E4F3">

<td>gridcode</td>

<td>23</td>

</tr>

</table>

</td>

</tr>

</table>

</body>

</html></td></tr>

</table>

</body>

</html></td></tr>

</table>

</body>

</html>]]></description>
			<styleUrl>#PolyStyle005797</styleUrl>
			<MultiGeometry>
				<Polygon>
					<outerBoundaryIs>
						<LinearRing>
							<coordinates>
								104.420700347,26.52303329900008,0 104.4211602630001,26.52267102300004,0 104.4215680290001,26.51971707700005,0 104.425982263,26.51942844600006,0 104.427202095,26.52132206600004,0 104.428260488,26.52253315500008,0 104.428109131,26.52348130400003,0 104.4277196860001,26.52445376700007,0 104.4270787070001,26.52551971800006,0 104.4236241520001,26.52599214200006,0 104.423251646,26.52671138000005,0 104.4250321000001,26.52747229900007,0 104.426175599,26.52858588100003,0 104.4272662750001,26.53011149200006,0 104.4287050560001,26.53095036400003,0 104.4286158480001,26.53269684800006,0 104.4262062490001,26.53369601800006,0 104.4244185120001,26.53539712000003,0 104.4240869610001,26.53771260800005,0 104.4260420920001,26.53980030100007,0 104.4255434060001,26.54266885300007,0 104.4243459790001,26.54364682300007,0 104.4240411170001,26.54475946000002,0 104.423699641,26.54532690900004,0 104.4213707680001,26.54629213300007,0 104.4175958860001,26.54667500800002,0 104.4167674670001,26.54737521200008,0 104.4209983860001,26.54769875000005,0 104.423037186,26.54802632300005,0 104.4234177340001,26.55061975100006,0 104.4262289290001,26.55133432900004,0 104.4248932120001,26.55794565300005,0 104.425451406,26.56039275200004,0 104.4257069350001,26.56579635400004,0 104.4260180730001,26.56891502800005,0 104.4259571570001,26.57011046100007,0 104.4265946140001,26.57064290500006,0 104.4267390140001,26.57078370500005,0 104.4264489030001,26.57362070800008,0 104.425104672,26.57494614300003,0 104.4221028160001,26.57346292800003,0 104.4214479010001,26.57180703000006,0 104.4217503980001,26.56926757900004,0 104.422677369,26.56625272800005,0 104.4223128100001,26.56491291300006,0 104.4202972910001,26.56277575500008,0 104.421190197,26.56198664100003,0 104.4224049260001,26.56165912200004,0 104.4221388090001,26.55664346100008,0 104.4203503310001,26.55467724500005,0 104.420639533,26.55416483600004,0 104.4221621200001,26.55252990300005,0 104.4218088230001,26.55119351600007,0 104.42050871,26.54988089700004,0 104.417204553,26.54951559700004,0 104.4137099660001,26.55035422400005,0 104.4120351210001,26.55115418400004,0 104.4107005450001,26.55069323700008,0 104.4111840540001,26.54965294800007,0 104.4128191500001,26.54789787100003,0 104.4124673120001,26.54725545300005,0 104.4107383090001,26.54502026900008,0 104.4111999400001,26.54362441500007,0 104.4127416920001,26.54355041300005,0 104.4143686750001,26.54469610300004,0 104.4150597060001,26.54539401200003,0 104.4157370220001,26.54486099800005,0 104.4164241440001,26.54418296300003,0 104.4189055470001,26.54445027300005,0 104.4202909200001,26.54490165200008,0 104.420854342,26.54399020300008,0 104.4168074720001,26.54264739500007,0 104.4167393750001,26.54151070200004,0 104.4177009350001,26.54120874500006,0 104.4184658580001,26.54108557600006,0 104.4208182910001,26.54083560700008,0 104.4218002690001,26.53975492000006,0 104.4216746810001,26.53918372600003,0 104.4201988560001,26.53794992200005,0 104.4182869460001,26.53775880600006,0 104.4178842470001,26.53757766600006,0 104.417887792,26.53703847000003,0 104.4166785360001,26.53703214100005,0 104.4166767600001,26.53730173800005,0 104.4159724100001,26.53710874100005,0 104.4148309780001,26.53622125700002,0 104.4155404890001,26.53482586500007,0 104.4191094300001,26.53515759600003,0 104.4204459690001,26.53501896300003,0 104.421187445,26.53413816600005,0 104.420939145,26.53274064400006,0 104.4207961320001,26.53230836500006,0 104.4193028120001,26.53043042000007,0 104.4167421460001,26.53015505500002,0 104.414193562,26.52930518900007,0 104.410010948,26.52860169300005,0 104.409346236,26.52752418800003,0 104.4099408050001,26.52672350000006,0 104.4146770150001,26.52708815700004,0 104.4177223060001,26.52628764900004,0 104.4182921230001,26.52492806800007,0 104.4185774030001,26.52410069900003,0 104.4190904490001,26.52401122300006,0 104.4204943230001,26.52339110200006,0 104.420700347,26.52303329900008,0 
							</coordinates>
						</LinearRing>
					</outerBoundaryIs>
				</Polygon>
			</MultiGeometry>
		</Placemark>
		<Placemark id="ID_00029">
			<name>30774</name>
			<description><![CDATA[<html xmlns:fo="http://www.w3.org/1999/XSL/Format" xmlns:msxsl="urn:schemas-microsoft-com:xslt">

<head>

<META http-equiv="Content-Type" content="text/html">

</head>

<body>

<table>

<tr><td style="white-space: nowrap;"><html xmlns:fo="http://www.w3.org/1999/XSL/Format" xmlns:msxsl="urn:schemas-microsoft-com:xslt">

<head>

<META http-equiv="Content-Type" content="text/html">

</head>

<body>

<table>

<tr><td style="white-space: nowrap;"><html xmlns:fo="http://www.w3.org/1999/XSL/Format" xmlns:msxsl="urn:schemas-microsoft-com:xslt">

<head>

<META http-equiv="Content-Type" content="text/html">

<meta http-equiv="content-type" content="text/html; charset=UTF-8">

</head>

<body style="margin:0px 0px 0px 0px;overflow:auto;background:#FFFFFF;">

<table style="font-family:Arial,Verdana,Times;font-size:12px;text-align:left;width:100%;border-collapse:collapse;padding:3px 3px 3px 3px">

<tr style="text-align:center;font-weight:bold;background:#9CBCE2">

<td>30774</td>

</tr>

<tr>

<td>

<table style="font-family:Arial,Verdana,Times;font-size:12px;text-align:left;width:100%;border-spacing:0px; padding:3px 3px 3px 3px">

<tr>

<td>Id</td>

<td>30774</td>

</tr>

<tr bgcolor="#D4E4F3">

<td>gridcode</td>

<td>23</td>

</tr>

</table>

</td>

</tr>

</table>

</body>

</html></td></tr>

</table>

</body>

</html></td></tr>

</table>

</body>

</html>]]></description>
			<styleUrl>#PolyStyle005797</styleUrl>
			<MultiGeometry>
				<Polygon>
					<outerBoundaryIs>
						<LinearRing>
							<coordinates>
								104.31638587,26.52675539100005,0 104.315020722,26.52661745600005,0 104.3145055910001,26.52512981000007,0 104.313834597,26.52364435400006,0 104.3135533700001,26.52245171300007,0 104.314860314,26.52171014800007,0 104.317264133,26.52104744500008,0 104.319555311,26.52067178900006,0 104.3199136630001,26.51928848200004,0 104.3184407630001,26.51805405900007,0 104.3175277060001,26.51664636800007,0 104.3168191470001,26.51605300800003,0 104.3150376850001,26.51610498800005,0 104.3132872590001,26.51778804000003,0 104.3146284530001,26.52008783500003,0 104.3137824130001,26.52039805800007,0 104.3120622120001,26.51984819600005,0 104.308414585,26.51951384000006,0 104.3067050910001,26.51956350000006,0 104.3062959090001,26.52175662700006,0 104.3052739240001,26.52258913000003,0 104.3027105780001,26.52302545100002,0 104.302377371,26.52140564100006,0 104.3020247840001,26.51984942100006,0 104.3021081110001,26.51826538500006,0 104.3032149350001,26.51685179200007,0 104.3043063000001,26.51657504000008,0 104.3060888090001,26.51714490100005,0 104.3070837750001,26.51711581700005,0 104.3080670410001,26.51405047300005,0 104.3084879260001,26.51155798400004,0 104.307363218,26.51120157900004,0 104.306759555,26.51494389800007,0 104.3027166490001,26.51520643500004,0 104.3017094700001,26.51551424400003,0 104.3005892900001,26.51816948700002,0 104.2995574550001,26.51964881900005,0 104.2996957700001,26.52343465000007,0 104.2958635730001,26.52602924800004,0 104.2932259140001,26.52591932300004,0 104.2933087950001,26.52433768500004,0 104.2969026640001,26.52045595400006,0 104.2974273630001,26.51548808400003,0 104.2985055940001,26.51411200000007,0 104.3006820360001,26.51053627900006,0 104.3006373550001,26.50931713600005,0 104.294627668,26.50870808500002,0 104.2937176390001,26.50809037700003,0 104.2943678720001,26.50701229000003,0 104.2979805020001,26.50737138900007,0 104.2994533570001,26.50668763300007,0 104.3004269530001,26.50628536100004,0 104.3046377910001,26.50646078800003,0 104.3055022450001,26.50687590000007,0 104.3061713310001,26.50713917300004,0 104.3071638850001,26.50619664300007,0 104.3078363580001,26.50564892500006,0 104.3095123720001,26.50501343000008,0 104.3108954910001,26.50636358300005,0 104.3127175190001,26.50714451200003,0 104.3130680070001,26.50556416900002,0 104.3134122800001,26.50470789200006,0 104.3146560770001,26.50423632900004,0 104.315925748,26.50484555000003,0 104.3166910500001,26.50602884100005,0 104.3156573090001,26.50734958100003,0 104.316983523,26.50882384500005,0 104.3172684450001,26.50953758500003,0 104.31575244,26.51016443000003,0 104.314694386,26.51080487100006,0 104.3142325480001,26.51281528200008,0 104.3166857480001,26.51444391700005,0 104.318169153,26.51476292600006,0 104.3187920020001,26.51360555800005,0 104.318731019,26.51194055400003,0 104.3188438380001,26.50978237400005,0 104.3184827150001,26.50884356900008,0 104.3182045240001,26.50725436300007,0 104.3192973310001,26.50669150900006,0 104.3208141860001,26.50763632400003,0 104.3214798020001,26.51020845100004,0 104.3241138230001,26.51050569400007,0 104.3245077010001,26.51141544700005,0 104.3226691740001,26.51446522100002,0 104.3214512500001,26.51586148600006,0 104.3211557710001,26.51651794600008,0 104.322091136,26.51895183700003,0 104.323520676,26.51937918600004,0 104.3253645380001,26.51796353800006,0 104.3244140990001,26.51633450200006,0 104.32450191,26.51465145900005,0 104.3256383340001,26.51418150300003,0 104.326540155,26.51506193000006,0 104.3268860420001,26.51662173700004,0 104.3255730590001,26.51941981500005,0 104.3256899020001,26.52260515400008,0 104.3226065920001,26.52287869600008,0 104.3215534990001,26.52301235700003,0 104.320181135,26.52312878800007,0 104.3174170620001,26.52364874000006,0 104.3166065630001,26.52447605600003,0 104.3161570460001,26.52618710500008,0 104.31638587,26.52675539100005,0 
							</coordinates>
						</LinearRing>
					</outerBoundaryIs>
				</Polygon>
			</MultiGeometry>
		</Placemark>
		<Placemark id="ID_00030">
			<name>31447</name>
			<description><![CDATA[<html xmlns:fo="http://www.w3.org/1999/XSL/Format" xmlns:msxsl="urn:schemas-microsoft-com:xslt">

<head>

<META http-equiv="Content-Type" content="text/html">

</head>

<body>

<table>

<tr><td style="white-space: nowrap;"><html xmlns:fo="http://www.w3.org/1999/XSL/Format" xmlns:msxsl="urn:schemas-microsoft-com:xslt">

<head>

<META http-equiv="Content-Type" content="text/html">

</head>

<body>

<table>

<tr><td style="white-space: nowrap;"><html xmlns:fo="http://www.w3.org/1999/XSL/Format" xmlns:msxsl="urn:schemas-microsoft-com:xslt">

<head>

<META http-equiv="Content-Type" content="text/html">

<meta http-equiv="content-type" content="text/html; charset=UTF-8">

</head>

<body style="margin:0px 0px 0px 0px;overflow:auto;background:#FFFFFF;">

<table style="font-family:Arial,Verdana,Times;font-size:12px;text-align:left;width:100%;border-collapse:collapse;padding:3px 3px 3px 3px">

<tr style="text-align:center;font-weight:bold;background:#9CBCE2">

<td>31447</td>

</tr>

<tr>

<td>

<table style="font-family:Arial,Verdana,Times;font-size:12px;text-align:left;width:100%;border-spacing:0px; padding:3px 3px 3px 3px">

<tr>

<td>Id</td>

<td>31447</td>

</tr>

<tr bgcolor="#D4E4F3">

<td>gridcode</td>

<td>23</td>

</tr>

</table>

</td>

</tr>

</table>

</body>

</html></td></tr>

</table>

</body>

</html></td></tr>

</table>

</body>

</html>]]></description>
			<styleUrl>#PolyStyle005797</styleUrl>
			<MultiGeometry>
				<Polygon>
					<outerBoundaryIs>
						<LinearRing>
							<coordinates>
								104.052052782,26.48221499200002,0 104.05250154,26.48235627600008,0 104.053562743,26.48267367600005,0 104.054596233,26.48426168300006,0 104.0568952840001,26.48627094400007,0 104.0578811390001,26.48801913200003,0 104.0582452340001,26.49129830500004,0 104.0606764140001,26.49094624800006,0 104.0612105770001,26.49049651400003,0 104.0625245680001,26.48874459900003,0 104.0644661800001,26.48763178000006,0 104.065142016,26.48706313500004,0 104.064844178,26.48648577800003,0 104.062179767,26.48468795700006,0 104.0615756160001,26.48250008300005,0 104.063396535,26.48039978800006,0 104.0634541490001,26.47868963300005,0 104.0619412,26.47600662600007,0 104.062346012,26.47522475900007,0 104.0643678610001,26.47453234400007,0 104.0640877100001,26.47301103300003,0 104.0629057230001,26.47050801200004,0 104.0632887790001,26.46497096400003,0 104.0653067900001,26.46461951900005,0 104.0661321280001,26.46507572400003,0 104.066304045,26.46572658300005,0 104.0663915800001,26.46912290400007,0 104.0665528550001,26.47106510500004,0 104.0686443640001,26.47142393100006,0 104.0693850550001,26.47180091800004,0 104.0689041940001,26.47331374600003,0 104.0686106790001,26.47462878500005,0 104.0702631380001,26.47494308200004,0 104.071661771,26.47352113500006,0 104.073366826,26.47365754400005,0 104.073573712,26.47565486300005,0 104.0716056520001,26.47713158900007,0 104.0702663640001,26.47739137800005,0 104.0679602590001,26.47851444100007,0 104.0677856560001,26.48019070100003,0 104.0681948980001,26.48330517700003,0 104.0685638770001,26.48390893300007,0 104.0702209080001,26.48380403100003,0 104.0709318080001,26.48241772100005,0 104.0724667970001,26.48145329300007,0 104.0729741760001,26.47999890200003,0 104.074061289,26.47930932400004,0 104.0755280770001,26.48085756700004,0 104.0776223200001,26.48222639000005,0 104.0786724280001,26.48333530500003,0 104.079061268,26.48436289300003,0 104.0777351690001,26.48487804700005,0 104.0757705990001,26.48334836300006,0 104.0747830450001,26.48309051300004,0 104.0738895300001,26.48399895400007,0 104.0740647700001,26.48620424700005,0 104.0753906520001,26.48837169600005,0 104.0743838910001,26.48994699200006,0 104.072265267,26.49033013200005,0 104.06997612,26.48885243500007,0 104.068019576,26.48897641700006,0 104.067539987,26.49024507100006,0 104.0690311280001,26.49268360500003,0 104.068954665,26.49344477200003,0 104.0683005820001,26.49446811400003,0 104.0660017380001,26.49491387300003,0 104.065661016,26.49649675900002,0 104.0618492940001,26.49672537600003,0 104.061419765,26.49749066100003,0 104.0634739180001,26.49987682700004,0 104.0630344310001,26.50091377700005,0 104.05994085,26.50147620700005,0 104.0595552840001,26.50048759900005,0 104.0591534310001,26.49669866200003,0 104.0569088660001,26.49303390500006,0 104.053140721,26.49118493300006,0 104.051888665,26.48938994700006,0 104.0504872290001,26.48892769900004,0 104.0474671170001,26.48806738500008,0 104.0477589170001,26.48430975200006,0 104.0454534930001,26.48160107600006,0 104.044388267,26.47925296900007,0 104.0447339670001,26.47718267100004,0 104.0455635490001,26.47636948900004,0 104.0472594250001,26.47703210800006,0 104.0497973550001,26.47967956600007,0 104.0500878030001,26.48242127500004,0 104.0518921010001,26.48234081300006,0 104.052052782,26.48221499200002,0 
							</coordinates>
						</LinearRing>
					</outerBoundaryIs>
				</Polygon>
			</MultiGeometry>
		</Placemark>
		<Placemark id="ID_00031">
			<name>31703</name>
			<description><![CDATA[<html xmlns:fo="http://www.w3.org/1999/XSL/Format" xmlns:msxsl="urn:schemas-microsoft-com:xslt">

<head>

<META http-equiv="Content-Type" content="text/html">

</head>

<body>

<table>

<tr><td style="white-space: nowrap;"><html xmlns:fo="http://www.w3.org/1999/XSL/Format" xmlns:msxsl="urn:schemas-microsoft-com:xslt">

<head>

<META http-equiv="Content-Type" content="text/html">

</head>

<body>

<table>

<tr><td style="white-space: nowrap;"><html xmlns:fo="http://www.w3.org/1999/XSL/Format" xmlns:msxsl="urn:schemas-microsoft-com:xslt">

<head>

<META http-equiv="Content-Type" content="text/html">

<meta http-equiv="content-type" content="text/html; charset=UTF-8">

</head>

<body style="margin:0px 0px 0px 0px;overflow:auto;background:#FFFFFF;">

<table style="font-family:Arial,Verdana,Times;font-size:12px;text-align:left;width:100%;border-collapse:collapse;padding:3px 3px 3px 3px">

<tr style="text-align:center;font-weight:bold;background:#9CBCE2">

<td>31703</td>

</tr>

<tr>

<td>

<table style="font-family:Arial,Verdana,Times;font-size:12px;text-align:left;width:100%;border-spacing:0px; padding:3px 3px 3px 3px">

<tr>

<td>Id</td>

<td>31703</td>

</tr>

<tr bgcolor="#D4E4F3">

<td>gridcode</td>

<td>23</td>

</tr>

</table>

</td>

</tr>

</table>

</body>

</html></td></tr>

</table>

</body>

</html></td></tr>

</table>

</body>

</html>]]></description>
			<styleUrl>#PolyStyle005797</styleUrl>
			<MultiGeometry>
				<Polygon>
					<outerBoundaryIs>
						<LinearRing>
							<coordinates>
								104.1297161040001,26.45022015900003,0 104.129859836,26.45036139000007,0 104.130772484,26.45089734900006,0 104.1322548140001,26.45253752100007,0 104.1335250940001,26.45360664200007,0 104.133328679,26.45722332300005,0 104.1342889300001,26.45766665000008,0 104.1364490380001,26.45606541000007,0 104.138204757,26.45581989100003,0 104.1385461300001,26.45857272100005,0 104.1412642430001,26.45849762100005,0 104.142525656,26.45855186100005,0 104.14245019,26.45994914300007,0 104.1400263250001,26.46094721800006,0 104.1390987190001,26.46205637600008,0 104.1391291860001,26.46292855700006,0 104.1407512160001,26.46401029200007,0 104.1435255610001,26.46393346400004,0 104.1450881270001,26.46299111700006,0 104.145463669,26.46094014900007,0 104.144340738,26.45900484800006,0 104.1439927370001,26.45808017800005,0 104.1453857480001,26.45776302000007,0 104.1469333370001,26.45873113000005,0 104.147942496,26.46029394900006,0 104.1478183690001,26.46258834500003,0 104.1467479790001,26.46395138700007,0 104.1451201850001,26.46462200700006,0 104.1435638710001,26.46534187200007,0 104.1429168460001,26.46653958600007,0 104.1430257020001,26.46968211800004,0 104.1437935930001,26.47032821700003,0 104.1451566000001,26.47069474000006,0 104.1470272170001,26.47012553600007,0 104.1477447140001,26.46816175700008,0 104.148563842,26.46642495500004,0 104.1491455120001,26.46237808500007,0 104.150544993,26.46305294600006,0 104.150832801,26.46805212600003,0 104.1512265750001,26.47055451800003,0 104.1530686570001,26.47253440200007,0 104.154300328,26.47319159100005,0 104.1556949900001,26.47235054400005,0 104.1556249820001,26.47034703900005,0 104.1544736560001,26.46733249500005,0 104.154194804,26.46520649800004,0 104.155203585,26.46484943100006,0 104.1576745310001,26.46727093300007,0 104.1598371660001,26.46774788000005,0 104.1601962240001,26.46821197000003,0 104.1593070070001,26.47113967600006,0 104.1598736610001,26.47161586500005,0 104.161359894,26.47293667300005,0 104.1597222500001,26.47470264300006,0 104.156420757,26.47575997400003,0 104.1538394510001,26.47739754900005,0 104.151668026,26.47775573800004,0 104.1486602530001,26.47530583900004,0 104.1467881400001,26.47430423700007,0 104.1441432790001,26.47383229000008,0 104.143750487,26.47656035200004,0 104.1413022350001,26.47935970800006,0 104.140112796,26.47982426000004,0 104.1393745120001,26.47910122400003,0 104.1402384360001,26.47247099000003,0 104.1376893410001,26.46962507100005,0 104.1361606930001,26.46833889000004,0 104.1340972850001,26.46792308800008,0 104.130693282,26.46895833600007,0 104.129128688,26.46797909700007,0 104.1281838800001,26.46841622000005,0 104.1269376350001,26.46866557500005,0 104.1270104580001,26.46732256300004,0 104.129344781,26.46496179800005,0 104.1297305020001,26.46353457900005,0 104.1288357970001,26.46278124600008,0 104.1285582940001,26.46106203800002,0 104.131243162,26.45921115400006,0 104.131598818,26.45783607800007,0 104.129222681,26.45625134100004,0 104.128932778,26.45327396100004,0 104.1277923220001,26.45130749700007,0 104.1274554520001,26.45035123900004,0 104.1297161040001,26.45022015900003,0 
							</coordinates>
						</LinearRing>
					</outerBoundaryIs>
				</Polygon>
			</MultiGeometry>
		</Placemark>
		<Placemark id="ID_00032">
			<name>32068</name>
			<description><![CDATA[<html xmlns:fo="http://www.w3.org/1999/XSL/Format" xmlns:msxsl="urn:schemas-microsoft-com:xslt">

<head>

<META http-equiv="Content-Type" content="text/html">

</head>

<body>

<table>

<tr><td style="white-space: nowrap;"><html xmlns:fo="http://www.w3.org/1999/XSL/Format" xmlns:msxsl="urn:schemas-microsoft-com:xslt">

<head>

<META http-equiv="Content-Type" content="text/html">

</head>

<body>

<table>

<tr><td style="white-space: nowrap;"><html xmlns:fo="http://www.w3.org/1999/XSL/Format" xmlns:msxsl="urn:schemas-microsoft-com:xslt">

<head>

<META http-equiv="Content-Type" content="text/html">

<meta http-equiv="content-type" content="text/html; charset=UTF-8">

</head>

<body style="margin:0px 0px 0px 0px;overflow:auto;background:#FFFFFF;">

<table style="font-family:Arial,Verdana,Times;font-size:12px;text-align:left;width:100%;border-collapse:collapse;padding:3px 3px 3px 3px">

<tr style="text-align:center;font-weight:bold;background:#9CBCE2">

<td>32068</td>

</tr>

<tr>

<td>

<table style="font-family:Arial,Verdana,Times;font-size:12px;text-align:left;width:100%;border-spacing:0px; padding:3px 3px 3px 3px">

<tr>

<td>Id</td>

<td>32068</td>

</tr>

<tr bgcolor="#D4E4F3">

<td>gridcode</td>

<td>23</td>

</tr>

</table>

</td>

</tr>

</table>

</body>

</html></td></tr>

</table>

</body>

</html></td></tr>

</table>

</body>

</html>]]></description>
			<styleUrl>#PolyStyle005797</styleUrl>
			<MultiGeometry>
				<Polygon>
					<outerBoundaryIs>
						<LinearRing>
							<coordinates>
								103.4345091910001,26.42723116300004,0 103.4387352460001,26.42789694400005,0 103.4423972700001,26.42726612600006,0 103.4437896620001,26.42290584900007,0 103.4443117540001,26.42205763500004,0 103.446923961,26.42218662300007,0 103.4510534380001,26.42759570500004,0 103.4517180270001,26.43027131000002,0 103.4502002900001,26.43054753000007,0 103.4472240070001,26.42980668100006,0 103.4454945850001,26.43095355700007,0 103.4422837870001,26.43181204700005,0 103.4415112760001,26.43294276200004,0 103.4424571490001,26.43460169100007,0 103.4438043000001,26.43504330100006,0 103.447463058,26.43414204100003,0 103.451871677,26.43559159600005,0 103.4531671140001,26.43744545200008,0 103.4525587910001,26.43843470000007,0 103.4499481520001,26.43913291700005,0 103.4447176730001,26.43818857500003,0 103.4425877400001,26.44043100000005,0 103.4386150510001,26.44068396300003,0 103.4365292680001,26.43823674900006,0 103.4303025770001,26.43783082500005,0 103.42839122,26.44050091600008,0 103.4271192720001,26.44084060600005,0 103.4227636510001,26.43452944900002,0 103.4208273440001,26.43243195400004,0 103.4220747270001,26.42852903500005,0 103.4251997070001,26.42633053000003,0 103.428241336,26.42566451700003,0 103.4290023710001,26.42595316100005,0 103.4322724680001,26.42840809900002,0 103.4335280810001,26.42814712900002,0 103.4345091910001,26.42723116300004,0 
							</coordinates>
						</LinearRing>
					</outerBoundaryIs>
				</Polygon>
			</MultiGeometry>
		</Placemark>
		<Placemark id="ID_00033">
			<name>32420</name>
			<description><![CDATA[<html xmlns:fo="http://www.w3.org/1999/XSL/Format" xmlns:msxsl="urn:schemas-microsoft-com:xslt">

<head>

<META http-equiv="Content-Type" content="text/html">

</head>

<body>

<table>

<tr><td style="white-space: nowrap;"><html xmlns:fo="http://www.w3.org/1999/XSL/Format" xmlns:msxsl="urn:schemas-microsoft-com:xslt">

<head>

<META http-equiv="Content-Type" content="text/html">

</head>

<body>

<table>

<tr><td style="white-space: nowrap;"><html xmlns:fo="http://www.w3.org/1999/XSL/Format" xmlns:msxsl="urn:schemas-microsoft-com:xslt">

<head>

<META http-equiv="Content-Type" content="text/html">

<meta http-equiv="content-type" content="text/html; charset=UTF-8">

</head>

<body style="margin:0px 0px 0px 0px;overflow:auto;background:#FFFFFF;">

<table style="font-family:Arial,Verdana,Times;font-size:12px;text-align:left;width:100%;border-collapse:collapse;padding:3px 3px 3px 3px">

<tr style="text-align:center;font-weight:bold;background:#9CBCE2">

<td>32420</td>

</tr>

<tr>

<td>

<table style="font-family:Arial,Verdana,Times;font-size:12px;text-align:left;width:100%;border-spacing:0px; padding:3px 3px 3px 3px">

<tr>

<td>Id</td>

<td>32420</td>

</tr>

<tr bgcolor="#D4E4F3">

<td>gridcode</td>

<td>23</td>

</tr>

</table>

</td>

</tr>

</table>

</body>

</html></td></tr>

</table>

</body>

</html></td></tr>

</table>

</body>

</html>]]></description>
			<styleUrl>#PolyStyle005797</styleUrl>
			<MultiGeometry>
				<Polygon>
					<outerBoundaryIs>
						<LinearRing>
							<coordinates>
								103.6433785940001,26.45344053000002,0 103.6426202950001,26.45383844400004,0 103.6409963230001,26.45417099500003,0 103.6401711440001,26.45596603300004,0 103.6371274940001,26.45745788000005,0 103.637453329,26.45817665000004,0 103.6382026300001,26.45952030200004,0 103.6374882320001,26.46016627600005,0 103.6359184920001,26.45941988100003,0 103.6343688950001,26.45966528000002,0 103.6320033480001,26.46017557600004,0 103.630789775,26.45967394100006,0 103.6295924010001,26.45804923500003,0 103.6295811190001,26.45648943600003,0 103.6299427020001,26.45286861800003,0 103.63087297,26.45130933300004,0 103.6306025980001,26.44964043900006,0 103.629143684,26.44651175200005,0 103.6291377270001,26.44571444200005,0 103.6291691880001,26.44490073500003,0 103.628179452,26.44355794800003,0 103.626316182,26.44000303400003,0 103.6250400050001,26.43827106900005,0 103.626179838,26.43772442300008,0 103.6285798160001,26.43815492300007,0 103.6289574720001,26.43883225600007,0 103.6293843340001,26.43964662400003,0 103.6299043000001,26.43936094500003,0 103.6298645520001,26.43399404300004,0 103.6317338690001,26.43432996800004,0 103.6319697220001,26.44075727200004,0 103.6337718190001,26.43949361400007,0 103.633861396,26.43716405800006,0 103.6333786500001,26.43538134700003,0 103.6341591130001,26.43407323200006,0 103.6338718680001,26.43349868500008,0 103.6329844570001,26.43229411600004,0 103.6334043620001,26.43099630900008,0 103.6357373540001,26.43002067500004,0 103.6363395370001,26.42975308800004,0 103.6387710070001,26.42873592700006,0 103.6384531510001,26.42746540000007,0 103.637307396,26.42572457900008,0 103.6370197530001,26.42517636100007,0 103.6358417810001,26.42338665400007,0 103.6358353330001,26.42250236700005,0 103.636437421,26.42143221600003,0 103.636924246,26.42099200000007,0 103.638870603,26.41936648100005,0 103.6374151370001,26.41871333700004,0 103.6365796960001,26.41831590000004,0 103.6344393630001,26.41894126200003,0 103.6328868300001,26.41865772600005,0 103.6301336080001,26.41806884900007,0 103.6281017970001,26.41808092500003,0 103.6271470920001,26.41723838400003,0 103.627219224,26.41535967200008,0 103.6266074800001,26.41506869700004,0 103.6223856540001,26.41473223500003,0 103.6227552170001,26.41409860000005,0 103.6244739040001,26.41362390700004,0 103.6249544340001,26.41157507000003,0 103.627394768,26.41118090000003,0 103.6278816540001,26.41077416400003,0 103.6284599670001,26.41025107600007,0 103.6306128630001,26.40914499900003,0 103.6306317780001,26.40864555700006,0 103.630068754,26.40600431600007,0 103.6306073660001,26.40541460700007,0 103.632381771,26.40540432500006,0 103.6336900370001,26.40572096400007,0 103.6361001480001,26.40605190800005,0 103.6357880940001,26.40709537200007,0 103.6345882290001,26.40846850700007,0 103.6375398070001,26.40979277200006,0 103.6380407830001,26.41069210700005,0 103.6360022370001,26.41280196300005,0 103.6371950020001,26.41385043800005,0 103.6378467330001,26.41357448500003,0 103.6395904980001,26.41199701100004,0 103.6407018250001,26.41232036900004,0 103.6414186540001,26.41360609400005,0 103.640994731,26.41475591200003,0 103.63926302,26.41673733100004,0 103.6395448970001,26.41766056100005,0 103.6425533620001,26.41798998100006,0 103.642561416,26.41904339600006,0 103.6425101600001,26.42038845100007,0 103.6433280940001,26.42185605600002,0 103.6418590910001,26.42308316900005,0 103.6418691420001,26.42442922100003,0 103.6418221310001,26.42565025100004,0 103.643936733,26.42659872400003,0 103.643942376,26.42734813400006,0 103.6417940790001,26.42929125500007,0 103.6406535400001,26.43024367900006,0 103.6397466820001,26.43337846000003,0 103.6386262510001,26.43486023600008,0 103.6362550090001,26.43620734600006,0 103.6356188900001,26.43779563400005,0 103.6355290510001,26.44014520000008,0 103.6360889170001,26.44167413700006,0 103.634328623,26.44267417000002,0 103.6333500250001,26.44381968800008,0 103.6324751450001,26.44454980800003,0 103.6324810720001,26.44535107100006,0 103.6324503080001,26.44615978200005,0 103.6324569810001,26.44710379900005,0 103.6324418580001,26.44751052600003,0 103.633006133,26.44852355300003,0 103.6338400890001,26.45048934500005,0 103.6360215810001,26.45015267500003,0 103.6361065690001,26.44792663600003,0 103.6355274240001,26.44634455200003,0 103.6379207680001,26.44595776700004,0 103.6379090190001,26.44434207600006,0 103.640281245,26.44432792100002,0 103.6412369570001,26.44517029300005,0 103.6409322860001,26.44572703200004,0 103.6401542600001,26.44672229300005,0 103.6390563130001,26.44911135300004,0 103.6362973450001,26.45251323000008,0 103.6367973050001,26.45376193900006,0 103.638302272,26.45338058500005,0 103.6401664600001,26.45058006700003,0 103.6405765500001,26.44922871500006,0 103.6407349740001,26.44855378400007,0 103.6432763820001,26.44890218900002,0 103.6433785940001,26.45344053000002,0 
							</coordinates>
						</LinearRing>
					</outerBoundaryIs>
				</Polygon>
			</MultiGeometry>
		</Placemark>
		<Placemark id="ID_00034">
			<name>32443</name>
			<description><![CDATA[<html xmlns:fo="http://www.w3.org/1999/XSL/Format" xmlns:msxsl="urn:schemas-microsoft-com:xslt">

<head>

<META http-equiv="Content-Type" content="text/html">

</head>

<body>

<table>

<tr><td style="white-space: nowrap;"><html xmlns:fo="http://www.w3.org/1999/XSL/Format" xmlns:msxsl="urn:schemas-microsoft-com:xslt">

<head>

<META http-equiv="Content-Type" content="text/html">

</head>

<body>

<table>

<tr><td style="white-space: nowrap;"><html xmlns:fo="http://www.w3.org/1999/XSL/Format" xmlns:msxsl="urn:schemas-microsoft-com:xslt">

<head>

<META http-equiv="Content-Type" content="text/html">

<meta http-equiv="content-type" content="text/html; charset=UTF-8">

</head>

<body style="margin:0px 0px 0px 0px;overflow:auto;background:#FFFFFF;">

<table style="font-family:Arial,Verdana,Times;font-size:12px;text-align:left;width:100%;border-collapse:collapse;padding:3px 3px 3px 3px">

<tr style="text-align:center;font-weight:bold;background:#9CBCE2">

<td>32443</td>

</tr>

<tr>

<td>

<table style="font-family:Arial,Verdana,Times;font-size:12px;text-align:left;width:100%;border-spacing:0px; padding:3px 3px 3px 3px">

<tr>

<td>Id</td>

<td>32443</td>

</tr>

<tr bgcolor="#D4E4F3">

<td>gridcode</td>

<td>23</td>

</tr>

</table>

</td>

</tr>

</table>

</body>

</html></td></tr>

</table>

</body>

</html></td></tr>

</table>

</body>

</html>]]></description>
			<styleUrl>#PolyStyle005797</styleUrl>
			<MultiGeometry>
				<Polygon>
					<outerBoundaryIs>
						<LinearRing>
							<coordinates>
								104.2206782330001,26.41017162600008,0 104.221850191,26.41060309800002,0 104.2224408220001,26.41129756200007,0 104.2227795590001,26.41153487000003,0 104.2229608480001,26.41170628300006,0 104.2260571960001,26.41379044000007,0 104.2270962710001,26.41574274100003,0 104.2280313860001,26.41548480700004,0 104.229681579,26.41450199400003,0 104.2310244650001,26.41576999100005,0 104.2336386500001,26.41541194100006,0 104.2343805100001,26.41444991900005,0 104.23546995,26.41283920100005,0 104.2394178690001,26.41323291900005,0 104.240003959,26.41426885800007,0 104.2391949550001,26.41632875300007,0 104.2396619390001,26.41770942200003,0 104.240961337,26.41774200800006,0 104.2420398830001,26.41712068300006,0 104.2427121840001,26.41531821800004,0 104.2440101830001,26.41530335000005,0 104.2450282030001,26.41652155500003,0 104.2455221740001,26.42194943300007,0 104.2468848950001,26.42258814200004,0 104.2495693580001,26.42362766600007,0 104.2502714730001,26.42561060200006,0 104.25480851,26.42531163300004,0 104.2548376490001,26.42437053200007,0 104.2503175730001,26.42204114100002,0 104.2509541160001,26.42103565000008,0 104.2518289030001,26.42184536500002,0 104.2526924580001,26.42266026300007,0 104.2549580230001,26.42239708500006,0 104.2559486900001,26.42106919800006,0 104.2586007890001,26.42140191800007,0 104.262002098,26.42241300200005,0 104.2606005110001,26.42444272900008,0 104.26025107,26.42568273400008,0 104.25872745,26.42734315200005,0 104.2628523540001,26.42725154000004,0 104.2662366210001,26.42572240900006,0 104.2675276140001,26.42600219700006,0 104.2686925770001,26.42654767300007,0 104.2711117750001,26.42682798800007,0 104.2724408110001,26.42808138700008,0 104.2742526000001,26.42929972900004,0 104.2764925940001,26.43239969100006,0 104.2797970900001,26.43487756700006,0 104.2793431120001,26.43739633900003,0 104.2774266060001,26.43741892600008,0 104.2738721210001,26.43550296700005,0 104.273403462,26.43425049900003,0 104.2743839060001,26.43213627500006,0 104.273913092,26.43143632900006,0 104.272840257,26.43208668300002,0 104.27219532,26.43492576700004,0 104.2710481920001,26.43456244400005,0 104.2713652640001,26.43272569800007,0 104.2722845020001,26.43038379400008,0 104.2715197800001,26.42892208900003,0 104.2699223750001,26.42817390900007,0 104.2684595980001,26.42876714700003,0 104.2689567150001,26.43113415600004,0 104.2701472790001,26.43323601400005,0 104.2695800070001,26.43436845100007,0 104.2675019450001,26.43439243800003,0 104.2653191480001,26.43353210100003,0 104.2639547840001,26.43312644600007,0 104.2602296730001,26.43107510300007,0 104.258470672,26.43075629500004,0 104.2563484020001,26.42945081800008,0 104.2551196110001,26.42906597200005,0 104.247493799,26.42915340500008,0 104.2455065520001,26.42870668900002,0 104.2427216760001,26.42691315600007,0 104.2403483630001,26.42527906400005,0 104.2356380200001,26.42405763900007,0 104.2310805440001,26.42229214400004,0 104.2287036400001,26.42117739700007,0 104.2263153980001,26.42055792900004,0 104.222300229,26.41845475200006,0 104.2201177470001,26.41812156100008,0 104.217102481,26.41700444000003,0 104.2135472890001,26.41620342200002,0 104.212338318,26.41475680000008,0 104.2128439430001,26.41352986200008,0 104.2151425770001,26.41271593700003,0 104.2168425950001,26.41351333700004,0 104.218020821,26.41303622000004,0 104.2184117240001,26.41270631800005,0 104.219034874,26.41158131100008,0 104.2203798350001,26.41044450700002,0 104.2206782330001,26.41017162600008,0 
							</coordinates>
						</LinearRing>
					</outerBoundaryIs>
				</Polygon>
			</MultiGeometry>
		</Placemark>
		<Placemark id="ID_00035">
			<name>32588</name>
			<description><![CDATA[<html xmlns:fo="http://www.w3.org/1999/XSL/Format" xmlns:msxsl="urn:schemas-microsoft-com:xslt">

<head>

<META http-equiv="Content-Type" content="text/html">

</head>

<body>

<table>

<tr><td style="white-space: nowrap;"><html xmlns:fo="http://www.w3.org/1999/XSL/Format" xmlns:msxsl="urn:schemas-microsoft-com:xslt">

<head>

<META http-equiv="Content-Type" content="text/html">

</head>

<body>

<table>

<tr><td style="white-space: nowrap;"><html xmlns:fo="http://www.w3.org/1999/XSL/Format" xmlns:msxsl="urn:schemas-microsoft-com:xslt">

<head>

<META http-equiv="Content-Type" content="text/html">

<meta http-equiv="content-type" content="text/html; charset=UTF-8">

</head>

<body style="margin:0px 0px 0px 0px;overflow:auto;background:#FFFFFF;">

<table style="font-family:Arial,Verdana,Times;font-size:12px;text-align:left;width:100%;border-collapse:collapse;padding:3px 3px 3px 3px">

<tr style="text-align:center;font-weight:bold;background:#9CBCE2">

<td>32588</td>

</tr>

<tr>

<td>

<table style="font-family:Arial,Verdana,Times;font-size:12px;text-align:left;width:100%;border-spacing:0px; padding:3px 3px 3px 3px">

<tr>

<td>Id</td>

<td>32588</td>

</tr>

<tr bgcolor="#D4E4F3">

<td>gridcode</td>

<td>23</td>

</tr>

</table>

</td>

</tr>

</table>

</body>

</html></td></tr>

</table>

</body>

</html></td></tr>

</table>

</body>

</html>]]></description>
			<styleUrl>#PolyStyle005797</styleUrl>
			<MultiGeometry>
				<Polygon>
					<outerBoundaryIs>
						<LinearRing>
							<coordinates>
								103.573039227,26.39457126200006,0 103.5741035130001,26.39445532600007,0 103.5752527750001,26.39393059600008,0 103.5765070460001,26.39428279200007,0 103.5767805740001,26.39920923200003,0 103.5776311920001,26.39962551500003,0 103.581721299,26.39999652800003,0 103.5821532080001,26.40075170800003,0 103.5824400820001,26.40220754600006,0 103.58359247,26.40422256700003,0 103.5840785390001,26.40616743800007,0 103.5852822810001,26.40622544200005,0 103.5865499920001,26.40571054800006,0 103.5875257530001,26.40460690100008,0 103.588521697,26.40327090900007,0 103.5902410570001,26.40382850900005,0 103.591410625,26.40559104800008,0 103.5917597050001,26.40774459900007,0 103.593196672,26.40871421800006,0 103.5943176950001,26.40982679800004,0 103.596982219,26.40950619400007,0 103.5982192230001,26.41055961300003,0 103.5988739740001,26.41170392400005,0 103.5983150970001,26.41281369800004,0 103.5973524200001,26.41320481700006,0 103.5976314720001,26.41390556000005,0 103.598778876,26.41458775200005,0 103.5991526430001,26.41731995600002,0 103.6046667050001,26.41956234500003,0 103.6051834550001,26.42217828300005,0 103.6065312910001,26.42351452700007,0 103.6091620430001,26.42446777200007,0 103.6105263550001,26.42773191600003,0 103.611452732,26.42823392300005,0 103.611271979,26.42941875800005,0 103.6103155690001,26.43049354300007,0 103.6082614810001,26.43077890300003,0 103.6085203390001,26.43104658500005,0 103.6099974580001,26.43186075700004,0 103.610639904,26.43332057200007,0 103.6110663310001,26.43362326300007,0 103.6097883850001,26.43507565700003,0 103.6083848220001,26.43543420800006,0 103.6068084780001,26.43530120800006,0 103.6064040300001,26.43315034100004,0 103.6054469410001,26.43114950800003,0 103.6047344690001,26.43058534600004,0 103.601295206,26.43013940100008,0 103.600185401,26.42941533600003,0 103.5998438250001,26.42785150600003,0 103.600512489,26.42681584900004,0 103.6033832460001,26.42571463600007,0 103.6031886800001,26.42308985800003,0 103.6020422790001,26.42259685900007,0 103.5998700360001,26.42421203400005,0 103.5949027970001,26.42451967900007,0 103.5943479570001,26.42287383200005,0 103.5935745990001,26.42221557300007,0 103.593001202,26.41992046600007,0 103.5909313880001,26.41846057600003,0 103.5857857610001,26.41802751300003,0 103.5845511300001,26.41697585100008,0 103.5846689970001,26.41502240500006,0 103.5822516490001,26.41296340700006,0 103.580763522,26.41117724600002,0 103.5796004270001,26.40935043300004,0 103.577260192,26.40783120400005,0 103.576760328,26.40649750100005,0 103.5762739780001,26.40402893900006,0 103.5716090540001,26.40005427000006,0 103.5715618150001,26.39837441200007,0 103.5740490420001,26.39711037100005,0 103.5737758650001,26.39605900400005,0 103.5731733050001,26.39525259500005,0 103.573039227,26.39457126200006,0 
							</coordinates>
						</LinearRing>
					</outerBoundaryIs>
				</Polygon>
			</MultiGeometry>
		</Placemark>
		<Placemark id="ID_00036">
			<name>32606</name>
			<description><![CDATA[<html xmlns:fo="http://www.w3.org/1999/XSL/Format" xmlns:msxsl="urn:schemas-microsoft-com:xslt">

<head>

<META http-equiv="Content-Type" content="text/html">

</head>

<body>

<table>

<tr><td style="white-space: nowrap;"><html xmlns:fo="http://www.w3.org/1999/XSL/Format" xmlns:msxsl="urn:schemas-microsoft-com:xslt">

<head>

<META http-equiv="Content-Type" content="text/html">

</head>

<body>

<table>

<tr><td style="white-space: nowrap;"><html xmlns:fo="http://www.w3.org/1999/XSL/Format" xmlns:msxsl="urn:schemas-microsoft-com:xslt">

<head>

<META http-equiv="Content-Type" content="text/html">

<meta http-equiv="content-type" content="text/html; charset=UTF-8">

</head>

<body style="margin:0px 0px 0px 0px;overflow:auto;background:#FFFFFF;">

<table style="font-family:Arial,Verdana,Times;font-size:12px;text-align:left;width:100%;border-collapse:collapse;padding:3px 3px 3px 3px">

<tr style="text-align:center;font-weight:bold;background:#9CBCE2">

<td>32606</td>

</tr>

<tr>

<td>

<table style="font-family:Arial,Verdana,Times;font-size:12px;text-align:left;width:100%;border-spacing:0px; padding:3px 3px 3px 3px">

<tr>

<td>Id</td>

<td>32606</td>

</tr>

<tr bgcolor="#D4E4F3">

<td>gridcode</td>

<td>23</td>

</tr>

</table>

</td>

</tr>

</table>

</body>

</html></td></tr>

</table>

</body>

</html></td></tr>

</table>

</body>

</html>]]></description>
			<styleUrl>#PolyStyle005797</styleUrl>
			<MultiGeometry>
				<Polygon>
					<outerBoundaryIs>
						<LinearRing>
							<coordinates>
								104.3037797230001,26.39993501300006,0 104.30490545,26.40013012200006,0 104.3096187850001,26.40493816600008,0 104.3093163930001,26.40712449800003,0 104.3084051490001,26.40784182200002,0 104.308979106,26.40954975100004,0 104.3130260250001,26.41035208500006,0 104.314396221,26.41174093300003,0 104.3153143390001,26.41227072300006,0 104.315730553,26.41564376100007,0 104.317213833,26.41944051400003,0 104.3194558370001,26.42121150500003,0 104.322781197,26.42283471000009,0 104.324071765,26.42365164800003,0 104.3279096830001,26.42342050300005,0 104.328268118,26.42273526600008,0 104.3292304780001,26.42227569700003,0 104.3325809300001,26.42247443400004,0 104.333922805,26.42141818900007,0 104.3342559820001,26.42047677800002,0 104.3349862200001,26.41990172400006,0 104.3348469740001,26.41755341900006,0 104.335812252,26.41645590400003,0 104.3359681300001,26.41469615000005,0 104.3364312420001,26.41482375800007,0 104.339138511,26.41591684400004,0 104.3400153810001,26.41702271100007,0 104.3424351670001,26.41944431400003,0 104.3431696800001,26.42067229800006,0 104.3430092880001,26.42114884800003,0 104.3422977740001,26.42166980800005,0 104.340960093,26.42153994200005,0 104.3398165200001,26.42385373700006,0 104.3381408000001,26.42508003900008,0 104.3376860500001,26.42556246000004,0 104.336194102,26.42649590100007,0 104.3356037920001,26.42712235600004,0 104.3358076440001,26.42903879500005,0 104.3375330090001,26.42939147000004,0 104.3384083410001,26.42969112900005,0 104.3404605540001,26.43011049100005,0 104.3418939710001,26.42983428600007,0 104.3427819020001,26.43034625900003,0 104.344645841,26.43015052000004,0 104.3453740260001,26.43105342000007,0 104.3460997180001,26.43213644100007,0 104.3469674500001,26.43187396200005,0 104.3475226470001,26.43104340300005,0 104.3473310040001,26.42959665400008,0 104.3479595540001,26.42921450900008,0 104.349579836,26.42653315800004,0 104.3503131990001,26.42737601600004,0 104.3494244770001,26.42857757600007,0 104.3490153620001,26.43016013000005,0 104.349703542,26.43137722700004,0 104.35033466,26.43177175300008,0 104.3501856250001,26.43190835900003,0 104.350152043,26.43303010100004,0 104.3486719080001,26.43428322100004,0 104.349848116,26.43675545200006,0 104.3499852590001,26.43824214400007,0 104.3486617390001,26.43807611700004,0 104.3459578380001,26.43617930700004,0 104.3456308150001,26.43421795500007,0 104.3442489510001,26.43349662000003,0 104.342165907,26.43388120400004,0 104.3412287410001,26.43419669600007,0 104.3398272900001,26.43452654300006,0 104.3390859240001,26.43215158600003,0 104.3370877990001,26.43182865200004,0 104.3340678820001,26.43154723500004,0 104.3325684740001,26.42961408000008,0 104.3311714560001,26.42803231700003,0 104.3303090690001,26.42664864600005,0 104.3289963830001,26.42523432900003,0 104.3272670790001,26.42541587400007,0 104.325385403,26.42748562400004,0 104.3242894460001,26.42735702700003,0 104.3239492590001,26.42773078800008,0 104.322906694,26.42717478900005,0 104.321611971,26.42689562300006,0 104.3195998680001,26.42757230100006,0 104.3186585940001,26.42780646500006,0 104.317286655,26.42767558000003,0 104.3170203590001,26.42672133400004,0 104.3186300020001,26.42584786700007,0 104.3206528220001,26.42553867200007,0 104.3218374160001,26.42486956700003,0 104.32121921,26.42388947300003,0 104.3178826380001,26.42257246000003,0 104.3163481160001,26.42227595500003,0 104.31523208,26.42345926900003,0 104.3148957860001,26.42508167800003,0 104.3131266180001,26.42553350400004,0 104.3127921460001,26.42683881100004,0 104.3123199560001,26.42749774000004,0 104.3097976050001,26.42734383700002,0 104.3077645220001,26.42691770300007,0 104.3076288140001,26.42526446600004,0 104.3100689070001,26.42430990300005,0 104.3097064020001,26.42368082500008,0 104.3085691410001,26.42303454900008,0 104.308312921,26.42004628700005,0 104.305305972,26.41847255900007,0 104.3056744500001,26.41735287400007,0 104.307124232,26.41761160400006,0 104.3081598360001,26.41827728800007,0 104.309537215,26.41791633600008,0 104.3096780920001,26.41777235300003,0 104.3098137000001,26.41762333400004,0 104.3117385140001,26.41738532500006,0 104.3123649510001,26.41644789000003,0 104.3117821180001,26.41457797900006,0 104.310362899,26.41297177900003,0 104.3069581270001,26.41207933400006,0 104.3067096380001,26.41128105300004,0 104.3068505090001,26.41113707200003,0 104.3074579040001,26.41067598900003,0 104.3069627940001,26.40906731800004,0 104.3056886080001,26.40816306800008,0 104.3032854290001,26.40664567800008,0 104.3036795150001,26.40466432200003,0 104.3046751040001,26.40529741700004,0 104.305877218,26.40681571500005,0 104.308698797,26.40640240500005,0 104.308331282,26.40589705100007,0 104.305837362,26.40414841500007,0 104.3052019090001,26.40285199900006,0 104.30420746,26.40170082500003,0 104.3037797230001,26.39993501300006,0 
							</coordinates>
						</LinearRing>
					</outerBoundaryIs>
				</Polygon>
			</MultiGeometry>
		</Placemark>
		<Placemark id="ID_00037">
			<name>32899</name>
			<description><![CDATA[<html xmlns:fo="http://www.w3.org/1999/XSL/Format" xmlns:msxsl="urn:schemas-microsoft-com:xslt">

<head>

<META http-equiv="Content-Type" content="text/html">

</head>

<body>

<table>

<tr><td style="white-space: nowrap;"><html xmlns:fo="http://www.w3.org/1999/XSL/Format" xmlns:msxsl="urn:schemas-microsoft-com:xslt">

<head>

<META http-equiv="Content-Type" content="text/html">

</head>

<body>

<table>

<tr><td style="white-space: nowrap;"><html xmlns:fo="http://www.w3.org/1999/XSL/Format" xmlns:msxsl="urn:schemas-microsoft-com:xslt">

<head>

<META http-equiv="Content-Type" content="text/html">

<meta http-equiv="content-type" content="text/html; charset=UTF-8">

</head>

<body style="margin:0px 0px 0px 0px;overflow:auto;background:#FFFFFF;">

<table style="font-family:Arial,Verdana,Times;font-size:12px;text-align:left;width:100%;border-collapse:collapse;padding:3px 3px 3px 3px">

<tr style="text-align:center;font-weight:bold;background:#9CBCE2">

<td>32899</td>

</tr>

<tr>

<td>

<table style="font-family:Arial,Verdana,Times;font-size:12px;text-align:left;width:100%;border-spacing:0px; padding:3px 3px 3px 3px">

<tr>

<td>Id</td>

<td>32899</td>

</tr>

<tr bgcolor="#D4E4F3">

<td>gridcode</td>

<td>23</td>

</tr>

</table>

</td>

</tr>

</table>

</body>

</html></td></tr>

</table>

</body>

</html></td></tr>

</table>

</body>

</html>]]></description>
			<styleUrl>#PolyStyle0057918</styleUrl>
			<MultiGeometry>
				<Polygon>
					<outerBoundaryIs>
						<LinearRing>
							<coordinates>
								103.3521160515158,26.39579598162069,0 103.3486822071618,26.3917919887065,0 103.3450133853554,26.39170703036003,0 103.3430149327761,26.38644512245023,0 103.3399268314999,26.38114238839245,0 103.3365604052464,26.37577619786427,0 103.331703292986,26.37140449657045,0 103.3274815565913,26.36877210494612,0 103.3295124352191,26.36545272685003,0 103.3261212471419,26.36256808336875,0 103.3236380995441,26.35897946527706,0 103.3223398466187,26.35468275450018,0 103.3295086345261,26.3537042425095,0 103.3298441768611,26.35370769940657,0 103.3349596037329,26.3531547980637,0 103.3364474504452,26.35582526201791,0 103.3364135746037,26.3561205760546,0 103.3384356264006,26.35941167029647,0 103.338535264851,26.35951273800974,0 103.3394260585496,26.3614627998729,0 103.3396470641241,26.36146455883314,0 103.3438339817558,26.3646190629319,0 103.3440336866021,26.36483652956135,0 103.3443232932063,26.36527179794477,0 103.3471607117307,26.36817612664587,0 103.3473465088141,26.36861876309401,0 103.3510787375529,26.37043854339693,0 103.353089271932,26.37167306303161,0 103.3492362294815,26.37459848163756,0 103.3479492067819,26.37830551522055,0 103.3509287359986,26.37595977891141,0 103.3528255219232,26.37405771214005,0 103.3565625003782,26.37391279199703,0 103.3542960462578,26.37540324851715,0 103.3510548489797,26.37748205476303,0 103.3554303804766,26.37638697561338,0 103.3530366795319,26.37794355886525,0 103.3498544076755,26.38015509456219,0 103.352770004636,26.38060352891426,0 103.3552648198893,26.38028653660966,0 103.3595033337045,26.38152076850706,0 103.3573659363351,26.38190875331728,0 103.3524042644978,26.38266050272347,0 103.3557308872076,26.38341381757965,0 103.3595361844304,26.38270112943693,0 103.3618502304223,26.38412256542603,0 103.3606792610979,26.38657457139156,0 103.3587463078627,26.38942561325766,0 103.3604324074476,26.39003552255103,0 103.3648804874404,26.38979627722293,0 103.3521160515158,26.39579598162069,0 
							</coordinates>
						</LinearRing>
					</outerBoundaryIs>
				</Polygon>
			</MultiGeometry>
		</Placemark>
		<Placemark id="ID_00038">
			<name>34590</name>
			<description><![CDATA[<html xmlns:fo="http://www.w3.org/1999/XSL/Format" xmlns:msxsl="urn:schemas-microsoft-com:xslt">

<head>

<META http-equiv="Content-Type" content="text/html">

</head>

<body>

<table>

<tr><td style="white-space: nowrap;"><html xmlns:fo="http://www.w3.org/1999/XSL/Format" xmlns:msxsl="urn:schemas-microsoft-com:xslt">

<head>

<META http-equiv="Content-Type" content="text/html">

</head>

<body>

<table>

<tr><td style="white-space: nowrap;"><html xmlns:fo="http://www.w3.org/1999/XSL/Format" xmlns:msxsl="urn:schemas-microsoft-com:xslt">

<head>

<META http-equiv="Content-Type" content="text/html">

<meta http-equiv="content-type" content="text/html; charset=UTF-8">

</head>

<body style="margin:0px 0px 0px 0px;overflow:auto;background:#FFFFFF;">

<table style="font-family:Arial,Verdana,Times;font-size:12px;text-align:left;width:100%;border-collapse:collapse;padding:3px 3px 3px 3px">

<tr style="text-align:center;font-weight:bold;background:#9CBCE2">

<td>34590</td>

</tr>

<tr>

<td>

<table style="font-family:Arial,Verdana,Times;font-size:12px;text-align:left;width:100%;border-spacing:0px; padding:3px 3px 3px 3px">

<tr>

<td>Id</td>

<td>34590</td>

</tr>

<tr bgcolor="#D4E4F3">

<td>gridcode</td>

<td>23</td>

</tr>

</table>

</td>

</tr>

</table>

</body>

</html></td></tr>

</table>

</body>

</html></td></tr>

</table>

</body>

</html>]]></description>
			<styleUrl>#PolyStyle0057913</styleUrl>
			<MultiGeometry>
				<Polygon>
					<outerBoundaryIs>
						<LinearRing>
							<coordinates>
								103.3589892260001,26.29041218500004,0 103.3595614560001,26.29086886300007,0 103.364539548,26.29224273800003,0 103.3656692610001,26.29271392300007,0 103.365236736,26.29499998500006,0 103.364013797,26.29591183900004,0 103.3643960160001,26.29731953900006,0 103.3666702340001,26.29781732200007,0 103.3663731030001,26.29879420300006,0 103.3656117350001,26.29996976700005,0 103.3660194890001,26.30040790200008,0 103.3710521420001,26.30089638000004,0 103.3729319320001,26.30168018600006,0 103.3726446200001,26.30212417300004,0 103.3711217330001,26.30294684300003,0 103.3716930830001,26.30345928800006,0 103.3734226050001,26.30376790800005,0 103.3726917530001,26.30450234200004,0 103.3710772110001,26.30537451700008,0 103.37162492,26.30640621100002,0 103.3741994790001,26.30618179300006,0 103.3749801580001,26.30510633700004,0 103.3751443750001,26.30498384800006,0 103.37534392,26.30589238200003,0 103.375193713,26.30766372200003,0 103.3772989030001,26.30940297700005,0 103.3776092160001,26.30992473800006,0 103.376549927,26.31025810000006,0 103.3742940660001,26.30864073000004,0 103.3734208380001,26.30897810700003,0 103.3746463420001,26.30999046200003,0 103.375769168,26.31159413800003,0 103.3752216140001,26.31212731900007,0 103.373684929,26.31102557400004,0 103.3724876780001,26.31075349400004,0 103.3720774240001,26.31488206600005,0 103.3699711200001,26.31528800000007,0 103.3695618240001,26.31605214500007,0 103.3696527390001,26.31793447100006,0 103.3694610499135,26.31861670936257,0 103.3680166331043,26.31774792183051,0 103.3675716265186,26.31727621635478,0 103.3668299772798,26.31769223257276,0 103.3667081549796,26.31767984438376,0 103.3642469376511,26.31706675834786,0 103.3635301476423,26.31570433367789,0 103.3632504854225,26.31468796535676,0 103.3619104190111,26.31508536992557,0 103.3609797059037,26.31426255675531,0 103.3600120038916,26.31401476117211,0 103.3585324891548,26.313323465934,0 103.3582993251063,26.31274021332133,0 103.3580234056889,26.31235786083424,0 103.3565921098978,26.31225700362613,0 103.3559329607588,26.31081783709162,0 103.3558466868637,26.31017687653608,0 103.3552069377037,26.31012324379657,0 103.3546162528987,26.30887502809993,0 103.3544420149624,26.30838900858215,0 103.3535742649252,26.30885784028497,0 103.3528023454525,26.30796693033944,0 103.35227115176,26.30778285242654,0 103.3507334167638,26.30791328681115,0 103.351505317,26.30691776800006,0 103.3555077140001,26.30685305500003,0 103.3556495610001,26.30794046700004,0 103.3591866450001,26.30943937400008,0 103.3592535320001,26.30865648900004,0 103.358610604,26.30720649100005,0 103.3605258700001,26.30670809200007,0 103.3604410740001,26.30495199800004,0 103.362192549,26.30413364200007,0 103.365301221,26.30570509300003,0 103.3695842530001,26.30315112700004,0 103.3702121010001,26.30215697500006,0 103.3695492540001,26.30194540200006,0 103.3659502550001,26.30362702100007,0 103.3639098840001,26.30324835400006,0 103.3626664990001,26.30251463200005,0 103.360346275,26.30064303300003,0 103.3580668670001,26.30048758900006,0 103.356984116,26.30091317500005,0 103.3575581170001,26.30242384700006,0 103.357697978,26.30256846600003,0 103.3554112450001,26.30242445500005,0 103.354888261,26.30108685300007,0 103.3558208960001,26.30053074100005,0 103.355297175,26.29936044300007,0 103.3533659010001,26.29888649000003,0 103.3551697401586,26.29822204584237,0 103.3536721722381,26.29653074037401,0 103.3538776979105,26.29441989306588,0 103.3561663177804,26.29367919522225,0 103.3547002075393,26.29299989746303,0 103.3565502423334,26.29200759680567,0 103.3589892260001,26.29041218500004,0 
							</coordinates>
						</LinearRing>
					</outerBoundaryIs>
					<innerBoundaryIs>
						<LinearRing>
							<coordinates>
								103.3681060640001,26.31054659700004,0 103.3671387790001,26.31067912900005,0 103.3664741580001,26.31206608200006,0 103.3636910120001,26.31388185000003,0 103.3639813500001,26.31449319600006,0 103.365924798,26.31503114300006,0 103.3665623380001,26.31460578300005,0 103.3670988430001,26.31400450600006,0 103.368492572,26.31307435700006,0 103.36826418,26.31120605500007,0 103.3681060640001,26.31054659700004,0 
							</coordinates>
						</LinearRing>
					</innerBoundaryIs>
				</Polygon>
			</MultiGeometry>
		</Placemark>
		<Placemark id="ID_00039">
			<name>35176</name>
			<description><![CDATA[<html xmlns:fo="http://www.w3.org/1999/XSL/Format" xmlns:msxsl="urn:schemas-microsoft-com:xslt">

<head>

<META http-equiv="Content-Type" content="text/html">

</head>

<body>

<table>

<tr><td style="white-space: nowrap;"><html xmlns:fo="http://www.w3.org/1999/XSL/Format" xmlns:msxsl="urn:schemas-microsoft-com:xslt">

<head>

<META http-equiv="Content-Type" content="text/html">

</head>

<body>

<table>

<tr><td style="white-space: nowrap;"><html xmlns:fo="http://www.w3.org/1999/XSL/Format" xmlns:msxsl="urn:schemas-microsoft-com:xslt">

<head>

<META http-equiv="Content-Type" content="text/html">

<meta http-equiv="content-type" content="text/html; charset=UTF-8">

</head>

<body style="margin:0px 0px 0px 0px;overflow:auto;background:#FFFFFF;">

<table style="font-family:Arial,Verdana,Times;font-size:12px;text-align:left;width:100%;border-collapse:collapse;padding:3px 3px 3px 3px">

<tr style="text-align:center;font-weight:bold;background:#9CBCE2">

<td>35176</td>

</tr>

<tr>

<td>

<table style="font-family:Arial,Verdana,Times;font-size:12px;text-align:left;width:100%;border-spacing:0px; padding:3px 3px 3px 3px">

<tr>

<td>Id</td>

<td>35176</td>

</tr>

<tr bgcolor="#D4E4F3">

<td>gridcode</td>

<td>23</td>

</tr>

</table>

</td>

</tr>

</table>

</body>

</html></td></tr>

</table>

</body>

</html></td></tr>

</table>

</body>

</html>]]></description>
			<styleUrl>#PolyStyle005797</styleUrl>
			<MultiGeometry>
				<Polygon>
					<outerBoundaryIs>
						<LinearRing>
							<coordinates>
								104.2278076100001,26.28478618200006,0 104.2279676840001,26.28466003700004,0 104.2285140640001,26.28412133800003,0 104.2300774460001,26.28370114900002,0 104.2317776830001,26.28202403900008,0 104.2327277640001,26.28020917800006,0 104.2321016180001,26.27983228400007,0 104.2305421740001,26.28137047800004,0 104.2285627150001,26.28238350900006,0 104.2267861020001,26.28274791400003,0 104.2222013020001,26.28084805500004,0 104.222285899,26.27972595700004,0 104.2246988060001,26.27924118000004,0 104.224991565,26.27834765100005,0 104.224083454,26.27682364200007,0 104.2234597280001,26.27496408600007,0 104.2220044410001,26.27455075600005,0 104.2203604280001,26.27350555900006,0 104.219619499,26.27353987200007,0 104.219268281,26.27974270000004,0 104.218886625,26.28036024700003,0 104.2169363310001,26.28079019800003,0 104.2160198030001,26.27896517700003,0 104.214909715,26.27766151900005,0 104.21354604,26.27727402400006,0 104.2126649890001,26.27650683400003,0 104.2143642930001,26.27555637600005,0 104.2147719580001,26.27499487800003,0 104.2138808810001,26.27349908300005,0 104.2136050160001,26.27247269300005,0 104.216601665,26.27213555700007,0 104.2169379380001,26.26864882200005,0 104.2201142540001,26.26841667200006,0 104.2223605820001,26.26897207100006,0 104.2250874260001,26.26924568800007,0 104.226477898,26.26958949800007,0 104.2268701670001,26.27031208300008,0 104.225348824,26.27194562900007,0 104.2247844900001,26.27353656900004,0 104.2268394850001,26.27573335800003,0 104.227093783,26.27925789300008,0 104.227665598,26.27978620400006,0 104.2307782440001,26.27858580600002,0 104.2306358100001,26.27613232100003,0 104.2320429840001,26.27578478900006,0 104.2331480510001,26.27633204900008,0 104.2352723060001,26.27660124000005,0 104.235836696,26.27717504300006,0 104.236725403,26.27789730800004,0 104.2376444650001,26.27926925400004,0 104.2352117040001,26.28172711400003,0 104.2349178300001,26.28276082300005,0 104.236411263,26.28451296600002,0 104.2381306720001,26.28443309800008,0 104.2388027690001,26.28075902300003,0 104.2392712050001,26.27961715100003,0 104.2416585330001,26.27935842300008,0 104.2429349050001,26.27999027400006,0 104.2434023810001,26.28331066800007,0 104.2494400640001,26.28287426100008,0 104.2503192770001,26.28292710600005,0 104.2510108380001,26.28498505700003,0 104.2484454680001,26.28532498000004,0 104.2475514120001,26.28604874900003,0 104.2485589710001,26.28736030900006,0 104.2490228070001,26.28835411400008,0 104.248120005,26.28906464800008,0 104.2478166280001,26.29033147800004,0 104.2486524250001,26.29072233900007,0 104.2502177650001,26.28965374400008,0 104.2513409590001,26.28920156900006,0 104.2517144170001,26.29093326100008,0 104.2505198960001,26.29243910600007,0 104.247472557,26.29341228900006,0 104.2471801440001,26.29428581700006,0 104.2502862570001,26.29507433600003,0 104.2523452220001,26.29609336300007,0 104.2543725370001,26.29752103800007,0 104.2567421530001,26.29872728000004,0 104.2576133870001,26.30045881300003,0 104.2597733590001,26.30266790000007,0 104.2599056920001,26.30389046000005,0 104.2576414530001,26.30259701300004,0 104.2559373180001,26.30046234000002,0 104.2527935590001,26.29957046000004,0 104.2513651070001,26.29856466600006,0 104.248831695,26.29709873800005,0 104.2444742330001,26.29339191200006,0 104.2402845830001,26.29179406700007,0 104.240109449,26.29161607800006,0 104.240038698,26.29086917700005,0 104.2383903470001,26.28937741800007,0 104.2374906570001,26.28950824400005,0 104.2374123850001,26.28970900000007,0 104.235612609,26.28850966400006,0 104.234467119,26.28819244600004,0 104.2317405460001,26.28625101800003,0 104.2279458900001,26.28493205700005,0 104.2278076100001,26.28478618200006,0 
							</coordinates>
						</LinearRing>
					</outerBoundaryIs>
					<innerBoundaryIs>
						<LinearRing>
							<coordinates>
								104.24408142,26.28543787000007,0 104.2437554670001,26.28568542400006,0 104.2430937650001,26.28636199600004,0 104.2418306360001,26.28554739700007,0 104.2413317190001,26.28529421100006,0 104.240672364,26.28658995400008,0 104.2419745300001,26.28848876500007,0 104.2433321570001,26.28955166500003,0 104.2444381320001,26.28988195800002,0 104.2448084910001,26.28725211000005,0 104.24408142,26.28543787000007,0 
							</coordinates>
						</LinearRing>
					</innerBoundaryIs>
				</Polygon>
			</MultiGeometry>
		</Placemark>
		<Placemark id="ID_00040">
			<name>35367</name>
			<description><![CDATA[<html xmlns:fo="http://www.w3.org/1999/XSL/Format" xmlns:msxsl="urn:schemas-microsoft-com:xslt">

<head>

<META http-equiv="Content-Type" content="text/html">

</head>

<body>

<table>

<tr><td style="white-space: nowrap;"><html xmlns:fo="http://www.w3.org/1999/XSL/Format" xmlns:msxsl="urn:schemas-microsoft-com:xslt">

<head>

<META http-equiv="Content-Type" content="text/html">

</head>

<body>

<table>

<tr><td style="white-space: nowrap;"><html xmlns:fo="http://www.w3.org/1999/XSL/Format" xmlns:msxsl="urn:schemas-microsoft-com:xslt">

<head>

<META http-equiv="Content-Type" content="text/html">

<meta http-equiv="content-type" content="text/html; charset=UTF-8">

</head>

<body style="margin:0px 0px 0px 0px;overflow:auto;background:#FFFFFF;">

<table style="font-family:Arial,Verdana,Times;font-size:12px;text-align:left;width:100%;border-collapse:collapse;padding:3px 3px 3px 3px">

<tr style="text-align:center;font-weight:bold;background:#9CBCE2">

<td>35367</td>

</tr>

<tr>

<td>

<table style="font-family:Arial,Verdana,Times;font-size:12px;text-align:left;width:100%;border-spacing:0px; padding:3px 3px 3px 3px">

<tr>

<td>Id</td>

<td>35367</td>

</tr>

<tr bgcolor="#D4E4F3">

<td>gridcode</td>

<td>23</td>

</tr>

</table>

</td>

</tr>

</table>

</body>

</html></td></tr>

</table>

</body>

</html></td></tr>

</table>

</body>

</html>]]></description>
			<styleUrl>#PolyStyle005797</styleUrl>
			<MultiGeometry>
				<Polygon>
					<outerBoundaryIs>
						<LinearRing>
							<coordinates>
								103.339657812,26.25130089500004,0 103.3400185480001,26.25108598500003,0 103.3409967800001,26.24986150100006,0 103.3417126290001,26.25029992300006,0 103.3423839230001,26.25199155300004,0 103.3428411680001,26.25177807700004,0 103.3431334830001,26.25002284700003,0 103.3442823520001,26.24981021100007,0 103.3447621330001,26.25088283300004,0 103.3445869940001,26.25153166600006,0 103.345076282,26.25165176200005,0 103.3447930520001,26.25292091100005,0 103.341889021,26.25346624500003,0 103.3422546900001,26.25484917800003,0 103.3470704910001,26.25526814100005,0 103.3486368270001,26.25467324400006,0 103.3488367320001,26.25528839700007,0 103.3499321180001,26.25716678500005,0 103.3500051040001,26.25868946800006,0 103.3492445960001,26.26049119700007,0 103.3495575200001,26.26503897600003,0 103.3515390650001,26.26517438500002,0 103.35163614,26.26403531100004,0 103.351781218,26.26389490200006,0 103.353142812,26.26361682600003,0 103.3562143720001,26.26434070200003,0 103.360997071,26.26419119100007,0 103.3611230270001,26.26403335900005,0 103.3622255190001,26.26414029800003,0 103.3626248030001,26.26432538900008,0 103.3612811360001,26.26593119400008,0 103.3603795490001,26.26757039300003,0 103.3582384170001,26.26803887300002,0 103.347935346,26.26840631300007,0 103.3485083080001,26.26938327400006,0 103.3495232400001,26.26999129700005,0 103.3508943890001,26.27136116000003,0 103.3526926340001,26.27132385100003,0 103.3528516090001,26.27119656200006,0 103.3536059270001,26.27160488100003,0 103.3538872810001,26.27180010600006,0 103.3521988380001,26.27388525600003,0 103.3504912370001,26.27515846600005,0 103.3492890760001,26.27695512500003,0 103.347453709,26.27717760300004,0 103.3468688120001,26.27740973600004,0 103.348048771,26.27880547800004,0 103.3481755620001,26.27949196500003,0 103.346823795,26.27906970900006,0 103.3450999090001,26.27864689100005,0 103.3446229990001,26.27772802700002,0 103.339319071,26.27733858600004,0 103.3367623600001,26.27636559700005,0 103.331586181,26.27880544600004,0 103.330829721,26.28020569000006,0 103.3314572690001,26.28134295300004,0 103.3332532060001,26.28209934600005,0 103.3352785710001,26.28120379300003,0 103.3472312150001,26.28163656200007,0 103.3469778500001,26.28284782100008,0 103.345815724,26.28362338800002,0 103.3437031760001,26.28386011400005,0 103.3435690570001,26.28401041800004,0 103.3417605610001,26.28398339600005,0 103.3395046700001,26.28369668200003,0 103.3372393270001,26.28391571400005,0 103.3354308350001,26.28388858900007,0 103.331314917,26.28268312400007,0 103.3294380440001,26.28190967000006,0 103.3286723810001,26.28151077800004,0 103.3272260300001,26.28051688800008,0 103.3263614700001,26.27821077500005,0 103.3290836660001,26.27773928900007,0 103.3292178010001,26.27758899900005,0 103.3299275890001,26.27741892000006,0 103.332488594,26.27649800500006,0 103.3342651570001,26.27457681100003,0 103.335020108,26.27362869200005,0 103.3358657300001,26.27340290300003,0 103.336572184,26.27114384100003,0 103.3355806220001,26.27070654700003,0 103.3350839460001,26.26921601600003,0 103.3331700360001,26.26851582200004,0 103.3331580280001,26.26802602300006,0 103.3349954940001,26.26655235600003,0 103.335634966,26.26330984200007,0 103.3370369290001,26.26125431400004,0 103.3396077250001,26.26173397700006,0 103.3392987250001,26.26276947400004,0 103.3380442260001,26.26537825400004,0 103.3383614090001,26.26607896400003,0 103.340249994,26.26551801500006,0 103.3408394320001,26.26790905200005,0 103.341317502,26.26765690100007,0 103.3421333030001,26.26454428100004,0 103.3438136870001,26.26409531600007,0 103.3444165480001,26.26311584800004,0 103.344739518,26.26252827200005,0 103.346812829,26.26263272400007,0 103.3471919620001,26.26171499200007,0 103.345371007,26.26042107800004,0 103.3447613920001,26.26015267200006,0 103.3426122850001,26.25878081000008,0 103.3414978740001,26.25982193600004,0 103.340569127,26.25984098200007,0 103.340020683,26.25929281000003,0 103.3368454370001,26.25824277900006,0 103.336261489,26.26028477200003,0 103.3354200170001,26.26001283500006,0 103.334239628,26.25690474000004,0 103.331292186,26.25602029500004,0 103.3312771190001,26.25541184500003,0 103.3323035610001,26.25316436400004,0 103.3334676950001,26.25160753600005,0 103.3339279680001,26.25148479700005,0 103.3342312790001,26.25241882700004,0 103.3350178980001,26.25247254400006,0 103.3369573680001,26.25059342400004,0 103.3372554280001,26.25108595500007,0 103.3370442900001,26.25356155500003,0 103.3373545680001,26.25409379400003,0 103.3371969960001,26.25594008300004,0 103.3391030620001,26.25607063600006,0 103.339502656,26.25198085300008,0 103.339657812,26.25130089500004,0 
							</coordinates>
						</LinearRing>
					</outerBoundaryIs>
				</Polygon>
			</MultiGeometry>
		</Placemark>
		<Placemark id="ID_00041">
			<name>36007</name>
			<description><![CDATA[<html xmlns:fo="http://www.w3.org/1999/XSL/Format" xmlns:msxsl="urn:schemas-microsoft-com:xslt">

<head>

<META http-equiv="Content-Type" content="text/html">

</head>

<body>

<table>

<tr><td style="white-space: nowrap;"><html xmlns:fo="http://www.w3.org/1999/XSL/Format" xmlns:msxsl="urn:schemas-microsoft-com:xslt">

<head>

<META http-equiv="Content-Type" content="text/html">

</head>

<body>

<table>

<tr><td style="white-space: nowrap;"><html xmlns:fo="http://www.w3.org/1999/XSL/Format" xmlns:msxsl="urn:schemas-microsoft-com:xslt">

<head>

<META http-equiv="Content-Type" content="text/html">

<meta http-equiv="content-type" content="text/html; charset=UTF-8">

</head>

<body style="margin:0px 0px 0px 0px;overflow:auto;background:#FFFFFF;">

<table style="font-family:Arial,Verdana,Times;font-size:12px;text-align:left;width:100%;border-collapse:collapse;padding:3px 3px 3px 3px">

<tr style="text-align:center;font-weight:bold;background:#9CBCE2">

<td>36007</td>

</tr>

<tr>

<td>

<table style="font-family:Arial,Verdana,Times;font-size:12px;text-align:left;width:100%;border-spacing:0px; padding:3px 3px 3px 3px">

<tr>

<td>Id</td>

<td>36007</td>

</tr>

<tr bgcolor="#D4E4F3">

<td>gridcode</td>

<td>23</td>

</tr>

</table>

</td>

</tr>

</table>

</body>

</html></td></tr>

</table>

</body>

</html></td></tr>

</table>

</body>

</html>]]></description>
			<styleUrl>#PolyStyle005797</styleUrl>
			<MultiGeometry>
				<Polygon>
					<outerBoundaryIs>
						<LinearRing>
							<coordinates>
								103.4501441450001,26.22375541700006,0 103.4518014770001,26.22391088200004,0 103.4520779330001,26.22499950000002,0 103.4523980830001,26.22526857000003,0 103.4538150180001,26.22398801000003,0 103.4543828990001,26.22368231100006,0 103.4560203790001,26.22471030000003,0 103.4585742950001,26.22549194700002,0 103.4589915460001,26.22593180700005,0 103.4579388350001,26.22681031800006,0 103.4543806650001,26.22753478500005,0 103.4512703230001,26.22994574400008,0 103.4491211450001,26.23038321700005,0 103.4469778750001,26.23364825900006,0 103.445573155,26.23515815000008,0 103.4455756990001,26.23571952200007,0 103.4478264330001,26.23570995000006,0 103.4492234220001,26.23575506500004,0 103.4497714520001,26.23632301200007,0 103.448538629,26.23789831800008,0 103.4482335490001,26.23844984600004,0 103.449429486,26.23899022600006,0 103.4497391070001,26.24087804000004,0 103.4509408430001,26.24034484300006,0 103.4527516440001,26.23822706400006,0 103.4538330360001,26.23797756200003,0 103.4566171550001,26.23972485900003,0 103.456913087,26.24152865300005,0 103.4578030980001,26.24193080300006,0 103.463235442,26.24129681100004,0 103.4659619610001,26.24138464500004,0 103.4670421220001,26.24106990700005,0 103.4678054490001,26.23844327300003,0 103.4681678850001,26.23817657700005,0 103.4701161250001,26.24004980500007,0 103.470476057,26.24139958300003,0 103.4674742730001,26.24293958400006,0 103.4670879890001,26.24598751000008,0 103.4667340240001,26.24658003700006,0 103.4612004300001,26.24593941600006,0 103.4584096820001,26.24398108700007,0 103.4567114210001,26.24341484700005,0 103.4562536810001,26.24513302300005,0 103.4585841290001,26.24797362000004,0 103.458901789,26.24849402400002,0 103.4575007560001,26.25009497100007,0 103.4585413200001,26.25234309000007,0 103.4578999140001,26.25341620400008,0 103.4579054560001,26.25438604900006,0 103.4609551570001,26.25480236200008,0 103.4632099690001,26.25380141600004,0 103.465651161,26.25325362700005,0 103.466035257,26.25425980500006,0 103.4647723840001,26.25570277100007,0 103.462575509,26.25661969300006,0 103.4591386970001,26.25700073700006,0 103.4587441000001,26.25792785500005,0 103.4623540160001,26.25832977400006,0 103.4636190580001,26.25863876200003,0 103.4647628370001,26.25918638800005,0 103.464716487,26.26033600800002,0 103.4629293560001,26.26148417200005,0 103.4625850720001,26.26239670500007,0 103.4643649930001,26.26320032400002,0 103.4649662260001,26.26380498700007,0 103.463127033,26.26533847300004,0 103.461172575,26.26546684300007,0 103.461007491,26.26534465300006,0 103.4607522860001,26.26389941500003,0 103.4601361370001,26.26344367300004,0 103.4598752150001,26.26300893500007,0 103.4607904910001,26.26237339100004,0 103.4610710650001,26.26167342900004,0 103.457972764,26.26197480500002,0 103.4563417640001,26.26009246000007,0 103.4533287340001,26.25786404500008,0 103.4530653180001,26.25595194400006,0 103.4539025060001,26.25537095800007,0 103.4542773490001,26.25368647000005,0 103.4530774440001,26.25336114800007,0 103.4518910340001,26.25199112400003,0 103.4491885620001,26.25168772300002,0 103.4486955440001,26.25059325200004,0 103.447832658,26.25025308400008,0 103.447464241,26.24876637300002,0 103.448430375,26.24841754600004,0 103.4465341800001,26.24809478700007,0 103.4448949770001,26.24593563400003,0 103.442527435,26.24577748600007,0 103.4426896880001,26.24400830700006,0 103.4434434450001,26.24082803200002,0 103.4430424810001,26.24076916800004,0 103.4420438220001,26.24193629700005,0 103.4413899000001,26.24391756900008,0 103.439026298,26.24471154100007,0 103.4374292000001,26.24435646500007,0 103.4363025910001,26.24352204800005,0 103.4354118950001,26.24159148500007,0 103.4356804000001,26.23987913500002,0 103.4354368540001,26.23786570800007,0 103.4372641370001,26.23693800500007,0 103.439064849,26.23668350000003,0 103.4410951570001,26.23565264800004,0 103.4416622840001,26.23590044200006,0 103.4419509690001,26.23826763900007,0 103.4436556030001,26.23765224500005,0 103.4439179600001,26.23597877600002,0 103.4428956670001,26.23429859300006,0 103.4427306660001,26.23417636500005,0 103.443205172,26.23319291100006,0 103.444809041,26.23257871200008,0 103.445594536,26.23036702300004,0 103.4468690450001,26.22950175900007,0 103.448460282,26.22920146800004,0 103.4514218960001,26.22698721700004,0 103.4514894390001,26.22635275400006,0 103.4499102680001,26.22464794100006,0 103.4501441450001,26.22375541700006,0 
							</coordinates>
						</LinearRing>
					</outerBoundaryIs>
				</Polygon>
			</MultiGeometry>
		</Placemark>
		<Placemark id="ID_00042">
			<name>36664</name>
			<description><![CDATA[<html xmlns:fo="http://www.w3.org/1999/XSL/Format" xmlns:msxsl="urn:schemas-microsoft-com:xslt">

<head>

<META http-equiv="Content-Type" content="text/html">

</head>

<body>

<table>

<tr><td style="white-space: nowrap;"><html xmlns:fo="http://www.w3.org/1999/XSL/Format" xmlns:msxsl="urn:schemas-microsoft-com:xslt">

<head>

<META http-equiv="Content-Type" content="text/html">

</head>

<body>

<table>

<tr><td style="white-space: nowrap;"><html xmlns:fo="http://www.w3.org/1999/XSL/Format" xmlns:msxsl="urn:schemas-microsoft-com:xslt">

<head>

<META http-equiv="Content-Type" content="text/html">

<meta http-equiv="content-type" content="text/html; charset=UTF-8">

</head>

<body style="margin:0px 0px 0px 0px;overflow:auto;background:#FFFFFF;">

<table style="font-family:Arial,Verdana,Times;font-size:12px;text-align:left;width:100%;border-collapse:collapse;padding:3px 3px 3px 3px">

<tr style="text-align:center;font-weight:bold;background:#9CBCE2">

<td>36664</td>

</tr>

<tr>

<td>

<table style="font-family:Arial,Verdana,Times;font-size:12px;text-align:left;width:100%;border-spacing:0px; padding:3px 3px 3px 3px">

<tr>

<td>Id</td>

<td>36664</td>

</tr>

<tr bgcolor="#D4E4F3">

<td>gridcode</td>

<td>23</td>

</tr>

</table>

</td>

</tr>

</table>

</body>

</html></td></tr>

</table>

</body>

</html></td></tr>

</table>

</body>

</html>]]></description>
			<styleUrl>#PolyStyle00579</styleUrl>
			<MultiGeometry>
				<Polygon>
					<outerBoundaryIs>
						<LinearRing>
							<coordinates>
								103.4644008640001,26.20074417800004,0 103.4642679130001,26.20006234000005,0 103.4639641490001,26.19952889200005,0 103.4636860410001,26.19887271400006,0 103.4653041590001,26.19796791800007,0 103.4658235540001,26.19657294000007,0 103.4670220090001,26.19687233700006,0 103.4694383250001,26.19716509400007,0 103.4709889140001,26.19871202000007,0 103.4727953520001,26.19910065500005,0 103.4749341560001,26.19846198100004,0 103.4780715630001,26.20000533000007,0 103.478392871,26.20165042200006,0 103.480714548,26.20267142900008,0 103.4843982090001,26.20303841600003,0 103.4846644300001,26.20440202900005,0 103.4855504820001,26.20516028100008,0 103.4843266730001,26.20654594400003,0 103.484029202,26.20701575200008,0 103.4849678840001,26.20817401100004,0 103.4866611160001,26.20658602200007,0 103.487662378,26.20524210200006,0 103.488338733,26.20439001900007,0 103.4901339830001,26.20447827900006,0 103.4906686860001,26.20559277600006,0 103.4898992180001,26.20621219700007,0 103.4896050660001,26.20648835000003,0 103.4887960080001,26.20656297500005,0 103.4885689600001,26.20863723700007,0 103.490527119,26.21053702100005,0 103.4899227720001,26.21116632600007,0 103.4898191810001,26.21161901800008,0 103.4884808080001,26.21174704300006,0 103.4889159750001,26.21318038500004,0 103.489848797,26.21531496100005,0 103.4903528360001,26.21567446100005,0 103.4909707970001,26.21629036200005,0 103.4961795780001,26.21885197500006,0 103.4980920360001,26.22034481800006,0 103.4985089210001,26.22294218300004,0 103.4988906090001,26.22326861500005,0 103.5030939660001,26.22452354100005,0 103.5047618830001,26.22734461800008,0 103.507439623,26.23006882600004,0 103.5089465620001,26.23204562200004,0 103.5095255890001,26.23254095500005,0 103.5086683210001,26.23323122500005,0 103.5075396540001,26.23757228200003,0 103.5059488580001,26.23774507700006,0 103.5065154384099,26.23307008080812,0 103.504180545325,26.2308051705409,0 103.5014408655214,26.22767615541398,0 103.4984523229101,26.22445511381441,0 103.4970610296924,26.22237488495275,0 103.4937100315961,26.2205223140157,0 103.4901316518339,26.21812435786268,0 103.4871228045928,26.21551203854649,0 103.4858618523231,26.21318175708952,0 103.4846398409234,26.21106907952151,0 103.4821603376879,26.21077753714808,0 103.4796966626125,26.20991567208814,0 103.4771307212135,26.2080003396106,0 103.4757786143499,26.20777418887529,0 103.4734881826406,26.2065833910696,0 103.4711348802537,26.20544699225623,0 103.4717996795572,26.20458096702923,0 103.4715978507337,26.20358663404149,0 103.4699606832365,26.20401150617985,0 103.468598119116,26.20386563578799,0 103.468042303273,26.20287331497119,0 103.4668533346149,26.20299234154479,0 103.4660244030673,26.2017282023191,0 103.4667345628655,26.20075575038244,0 103.4660141261162,26.200626835657,0 103.465244023017,26.20198217097688,0 103.463948508,26.20142264400005,0 103.4644008640001,26.20074417800004,0 
							</coordinates>
						</LinearRing>
					</outerBoundaryIs>
				</Polygon>
			</MultiGeometry>
		</Placemark>
		<Placemark id="ID_00043">
			<name>37229</name>
			<description><![CDATA[<html xmlns:fo="http://www.w3.org/1999/XSL/Format" xmlns:msxsl="urn:schemas-microsoft-com:xslt">

<head>

<META http-equiv="Content-Type" content="text/html">

</head>

<body>

<table>

<tr><td style="white-space: nowrap;"><html xmlns:fo="http://www.w3.org/1999/XSL/Format" xmlns:msxsl="urn:schemas-microsoft-com:xslt">

<head>

<META http-equiv="Content-Type" content="text/html">

</head>

<body>

<table>

<tr><td style="white-space: nowrap;"><html xmlns:fo="http://www.w3.org/1999/XSL/Format" xmlns:msxsl="urn:schemas-microsoft-com:xslt">

<head>

<META http-equiv="Content-Type" content="text/html">

<meta http-equiv="content-type" content="text/html; charset=UTF-8">

</head>

<body style="margin:0px 0px 0px 0px;overflow:auto;background:#FFFFFF;">

<table style="font-family:Arial,Verdana,Times;font-size:12px;text-align:left;width:100%;border-collapse:collapse;padding:3px 3px 3px 3px">

<tr style="text-align:center;font-weight:bold;background:#9CBCE2">

<td>37229</td>

</tr>

<tr>

<td>

<table style="font-family:Arial,Verdana,Times;font-size:12px;text-align:left;width:100%;border-spacing:0px; padding:3px 3px 3px 3px">

<tr>

<td>Id</td>

<td>37229</td>

</tr>

<tr bgcolor="#D4E4F3">

<td>gridcode</td>

<td>23</td>

</tr>

</table>

</td>

</tr>

</table>

</body>

</html></td></tr>

</table>

</body>

</html></td></tr>

</table>

</body>

</html>]]></description>
			<styleUrl>#PolyStyle005797</styleUrl>
			<MultiGeometry>
				<Polygon>
					<outerBoundaryIs>
						<LinearRing>
							<coordinates>
								103.6282790100001,26.19938580100006,0 103.6284334640001,26.19951738300006,0 103.6293814640001,26.20087378500006,0 103.6306238810001,26.20030405100005,0 103.6340498980001,26.20046810500003,0 103.6347391990001,26.20001932900004,0 103.6335616960001,26.19824187300003,0 103.633284281,26.19745989800003,0 103.6346931310001,26.19351542200008,0 103.6369645460001,26.19315595500007,0 103.6372927560001,26.19062319500006,0 103.634055598,26.18695639800006,0 103.6332137330001,26.18493709800003,0 103.6329231660001,26.18176013100003,0 103.6322408900001,26.17889089500004,0 103.6324278640001,26.17575666700003,0 103.6338463230001,26.17396261300007,0 103.6352094500001,26.17370187200004,0 103.636149629,26.17463649900003,0 103.6374556580001,26.17752870700008,0 103.6377791350001,26.18148548500005,0 103.6388600750001,26.18437564000004,0 103.6404577710001,26.18651830200003,0 103.6399209900001,26.18946523600005,0 103.640611156,26.19103111000004,0 103.6408679390001,26.19316648600005,0 103.6390319000001,26.19506003900006,0 103.6387121420001,26.19704256400007,0 103.6401345940001,26.19750254900004,0 103.642025742,26.19623957500005,0 103.6433137160001,26.19826578400006,0 103.6458154980001,26.20040037000007,0 103.646441968,26.20357411700007,0 103.6471714630001,26.20485098400008,0 103.6469565350001,26.20846034000005,0 103.648499111,26.21237415800005,0 103.6491415770001,26.21349943200005,0 103.650134629,26.21381751000007,0 103.6506177630001,26.21210612100003,0 103.6492902250001,26.20936801500005,0 103.649398627,26.20753739600008,0 103.6515827030001,26.20764174300007,0 103.6528677060001,26.20891819900004,0 103.6536948100001,26.21494952800003,0 103.6540556990001,26.21602416900004,0 103.6545020060001,26.21269810400003,0 103.655822728,26.21200808900005,0 103.6573892430001,26.21397627200003,0 103.6575630440001,26.21485756600004,0 103.6577314830001,26.21550950900007,0 103.6578275910001,26.21728959800004,0 103.6575165100001,26.21755042700005,0 103.6566180730001,26.21836522100006,0 103.6555411860001,26.21926744600006,0 103.6497591670001,26.21866690300004,0 103.6479568230001,26.21808990700004,0 103.645424807,26.21566389600002,0 103.6438146440001,26.21672763600003,0 103.6426642770001,26.21669273300006,0 103.6423865500001,26.21264600500007,0 103.6415106380001,26.21063203900008,0 103.6393362600001,26.20904356400007,0 103.634966208,26.20707748700005,0 103.6331562660001,26.20452770100008,0 103.6298160260001,26.20302450700007,0 103.6283580740001,26.20303308700005,0 103.62717416,26.20514531000003,0 103.6269453240001,26.20773557200005,0 103.6259581930001,26.20746268300007,0 103.6256554600001,26.20439986500003,0 103.6263808000001,26.20219367700003,0 103.628076831,26.20032709800006,0 103.6282790100001,26.19938580100006,0 
							</coordinates>
						</LinearRing>
					</outerBoundaryIs>
				</Polygon>
			</MultiGeometry>
		</Placemark>
		<Placemark id="ID_00044">
			<name>37848</name>
			<description><![CDATA[<html xmlns:fo="http://www.w3.org/1999/XSL/Format" xmlns:msxsl="urn:schemas-microsoft-com:xslt">

<head>

<META http-equiv="Content-Type" content="text/html">

</head>

<body>

<table>

<tr><td style="white-space: nowrap;"><html xmlns:fo="http://www.w3.org/1999/XSL/Format" xmlns:msxsl="urn:schemas-microsoft-com:xslt">

<head>

<META http-equiv="Content-Type" content="text/html">

</head>

<body>

<table>

<tr><td style="white-space: nowrap;"><html xmlns:fo="http://www.w3.org/1999/XSL/Format" xmlns:msxsl="urn:schemas-microsoft-com:xslt">

<head>

<META http-equiv="Content-Type" content="text/html">

<meta http-equiv="content-type" content="text/html; charset=UTF-8">

</head>

<body style="margin:0px 0px 0px 0px;overflow:auto;background:#FFFFFF;">

<table style="font-family:Arial,Verdana,Times;font-size:12px;text-align:left;width:100%;border-collapse:collapse;padding:3px 3px 3px 3px">

<tr style="text-align:center;font-weight:bold;background:#9CBCE2">

<td>37848</td>

</tr>

<tr>

<td>

<table style="font-family:Arial,Verdana,Times;font-size:12px;text-align:left;width:100%;border-spacing:0px; padding:3px 3px 3px 3px">

<tr>

<td>Id</td>

<td>37848</td>

</tr>

<tr bgcolor="#D4E4F3">

<td>gridcode</td>

<td>23</td>

</tr>

</table>

</td>

</tr>

</table>

</body>

</html></td></tr>

</table>

</body>

</html></td></tr>

</table>

</body>

</html>]]></description>
			<styleUrl>#PolyStyle005797</styleUrl>
			<MultiGeometry>
				<Polygon>
					<outerBoundaryIs>
						<LinearRing>
							<coordinates>
								103.561792375,26.15724759200003,0 103.561964173,26.15713226100007,0 103.5623402640001,26.15008440000003,0 103.5630751080001,26.14863413300003,0 103.5642834490001,26.14881007700006,0 103.564924805,26.15027503400006,0 103.565843558,26.15142066900006,0 103.567457694,26.15122805200008,0 103.5678092430001,26.14783298000003,0 103.5698024120001,26.14812366300004,0 103.5701811430001,26.15031404500007,0 103.571879885,26.15140590800007,0 103.5722304600001,26.15282646500003,0 103.570776584,26.15380304200005,0 103.5704340140001,26.15463105000004,0 103.571194984,26.15517359500007,0 103.5735100380001,26.15564285400006,0 103.5738538960001,26.15605400700002,0 103.5727967860001,26.15729376800005,0 103.573098197,26.15822549400008,0 103.5751076320001,26.15927858200007,0 103.5756796790001,26.16277533100003,0 103.573290861,26.16403404800008,0 103.5736557270001,26.16559469600003,0 103.575929929,26.16587832500005,0 103.5786637960001,26.16488678200005,0 103.578408848,26.16406006600005,0 103.5778214790001,26.16313418800007,0 103.5782183850001,26.16214186900004,0 103.5804037280001,26.16061842500005,0 103.580114495,26.15991330600008,0 103.5820505980001,26.16007729000006,0 103.5822930940001,26.16205625500004,0 103.580494801,26.16541582500003,0 103.58074185,26.16743989400004,0 103.581748943,26.16860122900005,0 103.5820796680001,26.16884558800007,0 103.5815422590001,26.16942965800007,0 103.5796107080001,26.16977839700007,0 103.5791951090001,26.17138776700006,0 103.5786753250001,26.17215497000007,0 103.5776709,26.17251925800002,0 103.5773323060001,26.17412801600005,0 103.5766983900001,26.17456452900007,0 103.5740605230001,26.17237135500005,0 103.5733164500001,26.17212191400006,0 103.5742276380001,26.17952305100005,0 103.5750147310001,26.18076275500005,0 103.5762066830001,26.18103585900008,0 103.5757081520001,26.18024979700005,0 103.5754520310001,26.17949531500005,0 103.5775920470001,26.17818807200007,0 103.579692843,26.17844961400004,0 103.5819208230001,26.17966240400006,0 103.5823288750001,26.18147917100004,0 103.5837223200001,26.18250885300006,0 103.583428639,26.18440439500006,0 103.5825473950001,26.18570544000005,0 103.5823894270001,26.18720286500007,0 103.5789659110001,26.18732373100005,0 103.5779933410001,26.18671479300008,0 103.5771555440001,26.18510890900006,0 103.576206454,26.18395386900005,0 103.5728659430001,26.18477407700004,0 103.570993984,26.18417272200003,0 103.5703888390001,26.18434967800005,0 103.5693846030001,26.18381352200004,0 103.5678269000001,26.18214474600006,0 103.566684771,26.17731893500007,0 103.5661402410001,26.17311624400003,0 103.5644163530001,26.17119217600003,0 103.5634693960001,26.16966930700005,0 103.562735042,26.16656372100005,0 103.5647696040001,26.16442211400005,0 103.5651650230001,26.16210898600008,0 103.563912487,26.15908492800003,0 103.562340325,26.15783461000007,0 103.561792375,26.15724759200003,0 
							</coordinates>
						</LinearRing>
					</outerBoundaryIs>
				</Polygon>
			</MultiGeometry>
		</Placemark>
		<Placemark id="ID_00045">
			<name>38568</name>
			<description><![CDATA[<html xmlns:fo="http://www.w3.org/1999/XSL/Format" xmlns:msxsl="urn:schemas-microsoft-com:xslt">

<head>

<META http-equiv="Content-Type" content="text/html">

</head>

<body>

<table>

<tr><td style="white-space: nowrap;"><html xmlns:fo="http://www.w3.org/1999/XSL/Format" xmlns:msxsl="urn:schemas-microsoft-com:xslt">

<head>

<META http-equiv="Content-Type" content="text/html">

</head>

<body>

<table>

<tr><td style="white-space: nowrap;"><html xmlns:fo="http://www.w3.org/1999/XSL/Format" xmlns:msxsl="urn:schemas-microsoft-com:xslt">

<head>

<META http-equiv="Content-Type" content="text/html">

<meta http-equiv="content-type" content="text/html; charset=UTF-8">

</head>

<body style="margin:0px 0px 0px 0px;overflow:auto;background:#FFFFFF;">

<table style="font-family:Arial,Verdana,Times;font-size:12px;text-align:left;width:100%;border-collapse:collapse;padding:3px 3px 3px 3px">

<tr style="text-align:center;font-weight:bold;background:#9CBCE2">

<td>38568</td>

</tr>

<tr>

<td>

<table style="font-family:Arial,Verdana,Times;font-size:12px;text-align:left;width:100%;border-spacing:0px; padding:3px 3px 3px 3px">

<tr>

<td>Id</td>

<td>38568</td>

</tr>

<tr bgcolor="#D4E4F3">

<td>gridcode</td>

<td>23</td>

</tr>

</table>

</td>

</tr>

</table>

</body>

</html></td></tr>

</table>

</body>

</html></td></tr>

</table>

</body>

</html>]]></description>
			<styleUrl>#PolyStyle005797</styleUrl>
			<MultiGeometry>
				<Polygon>
					<outerBoundaryIs>
						<LinearRing>
							<coordinates>
								103.6526278110001,26.12302963100007,0 103.6527702560001,26.12317160800006,0 103.6530789720001,26.12343476200005,0 103.6535139210001,26.12611731000004,0 103.6575982290001,26.12648668400004,0 103.6595257020001,26.12858940800004,0 103.6568987090001,26.13026944200003,0 103.6567119490001,26.13341438800006,0 103.6572935980001,26.13667064500004,0 103.6558264750001,26.14078560100006,0 103.6564232000001,26.14129105100005,0 103.6574427200001,26.14101082300005,0 103.6595783100001,26.13837063400007,0 103.6609610080001,26.13883865500003,0 103.6606501920001,26.14027310700004,0 103.6600288080001,26.14179552600007,0 103.6599192630001,26.14364414100004,0 103.6609656700001,26.14529058300008,0 103.6619911140001,26.14446184100007,0 103.663379267,26.14281161100007,0 103.6653482200001,26.14221933400006,0 103.6660188160001,26.14356650000008,0 103.6662892320001,26.14721741700004,0 103.6678598430001,26.14798704600003,0 103.669077847,26.14748952900004,0 103.669775481,26.14443702900007,0 103.6713651710001,26.14439970800004,0 103.672166728,26.14580322700004,0 103.6715618440001,26.15076130800003,0 103.6682942740001,26.15243171500003,0 103.6685742300001,26.15305504900005,0 103.6697632330001,26.15406966800003,0 103.669361059,26.15454140700007,0 103.6668451900001,26.15657584100006,0 103.6663258960001,26.15866195000007,0 103.667576286,26.15872154900006,0 103.6695544010001,26.15781328900005,0 103.6706663580001,26.15851908800005,0 103.6735750700001,26.15845090700003,0 103.674197409,26.15954091000003,0 103.6728928300001,26.16098502100005,0 103.6711664420001,26.16090290200003,0 103.670754087,26.16303905100006,0 103.6688817070001,26.16308298300004,0 103.6673503690001,26.16301026700006,0 103.6654107570001,26.16326314400004,0 103.6624622510001,26.16483332000007,0 103.65847798,26.16492667000006,0 103.6584411790001,26.16366207800007,0 103.6630587770001,26.16027629500007,0 103.6633965630001,26.15775283600004,0 103.6652143690001,26.15628285200006,0 103.6648859650001,26.15493115900006,0 103.6628436560001,26.15455567600003,0 103.6631525670001,26.15324909500004,0 103.6646823780001,26.15160929800004,0 103.6642736140001,26.15005074900006,0 103.6620116170001,26.14994304100003,0 103.6590336290001,26.15130985700006,0 103.657478859,26.15097233200004,0 103.6577836240001,26.14994511200007,0 103.6592167460001,26.14813075600006,0 103.6575221720001,26.14771061000005,0 103.6549548550001,26.14828071200003,0 103.6527114630001,26.14772413400004,0 103.6501843870001,26.14738310000007,0 103.6499272300001,26.13852064400004,0 103.6504597040001,26.13662971800006,0 103.6510119020001,26.13572464000004,0 103.6501831640001,26.13501730100006,0 103.6499037670001,26.13231456200003,0 103.6487155610001,26.13255945300006,0 103.6461406620001,26.13438747200007,0 103.6430939470001,26.13492008300005,0 103.6426682600001,26.13438554300006,0 103.6424121540001,26.13190528400003,0 103.6416667190001,26.13059918400006,0 103.6412385260001,26.12888257300006,0 103.639179261,26.12712323900007,0 103.6396968980001,26.12517517800006,0 103.641273911,26.12513840000003,0 103.6417605300001,26.12599083400005,0 103.64263249,26.12770894600004,0 103.644433867,26.12950143200004,0 103.6465613980001,26.12960312300004,0 103.6478886940001,26.12906101900005,0 103.6490294870001,26.12798650100007,0 103.6514839940001,26.12749369300008,0 103.652014433,26.12662364600004,0 103.6500590240001,26.12412923400007,0 103.650665109,26.12319288600003,0 103.6526278110001,26.12302963100007,0 
							</coordinates>
						</LinearRing>
					</outerBoundaryIs>
				</Polygon>
			</MultiGeometry>
		</Placemark>
		<Placemark id="ID_00046">
			<name>38706</name>
			<description><![CDATA[<html xmlns:fo="http://www.w3.org/1999/XSL/Format" xmlns:msxsl="urn:schemas-microsoft-com:xslt">

<head>

<META http-equiv="Content-Type" content="text/html">

</head>

<body>

<table>

<tr><td style="white-space: nowrap;"><html xmlns:fo="http://www.w3.org/1999/XSL/Format" xmlns:msxsl="urn:schemas-microsoft-com:xslt">

<head>

<META http-equiv="Content-Type" content="text/html">

</head>

<body>

<table>

<tr><td style="white-space: nowrap;"><html xmlns:fo="http://www.w3.org/1999/XSL/Format" xmlns:msxsl="urn:schemas-microsoft-com:xslt">

<head>

<META http-equiv="Content-Type" content="text/html">

<meta http-equiv="content-type" content="text/html; charset=UTF-8">

</head>

<body style="margin:0px 0px 0px 0px;overflow:auto;background:#FFFFFF;">

<table style="font-family:Arial,Verdana,Times;font-size:12px;text-align:left;width:100%;border-collapse:collapse;padding:3px 3px 3px 3px">

<tr style="text-align:center;font-weight:bold;background:#9CBCE2">

<td>38706</td>

</tr>

<tr>

<td>

<table style="font-family:Arial,Verdana,Times;font-size:12px;text-align:left;width:100%;border-spacing:0px; padding:3px 3px 3px 3px">

<tr>

<td>Id</td>

<td>38706</td>

</tr>

<tr bgcolor="#D4E4F3">

<td>gridcode</td>

<td>23</td>

</tr>

</table>

</td>

</tr>

</table>

</body>

</html></td></tr>

</table>

</body>

</html></td></tr>

</table>

</body>

</html>]]></description>
			<styleUrl>#PolyStyle005797</styleUrl>
			<MultiGeometry>
				<Polygon>
					<outerBoundaryIs>
						<LinearRing>
							<coordinates>
								103.964802068,26.13988586000005,0 103.9626940200001,26.14089228900008,0 103.961911269,26.14187552700002,0 103.9614874160001,26.14268130100004,0 103.960562747,26.14237318400006,0 103.959796608,26.14107623900003,0 103.9588477300001,26.13917051200009,0 103.9557599810001,26.13849536300006,0 103.955243512,26.13762194900005,0 103.9557882590001,26.13708672100006,0 103.957164113,26.13600761800007,0 103.9568390280001,26.13555697000004,0 103.9547717170001,26.13564791600004,0 103.9543141170001,26.13426894200006,0 103.9530259640001,26.13418796700006,0 103.952664064,26.13477051800004,0 103.9518572420001,26.13659513300007,0 103.95062469,26.13718049800008,0 103.9496555600001,26.13566618000004,0 103.9489045990001,26.13340055800006,0 103.9477585290001,26.13378295600006,0 103.9472536040001,26.13417935000007,0 103.9468903230001,26.13701244700008,0 103.9455022530001,26.13767166300005,0 103.9433332580001,26.13735997200007,0 103.9427114730001,26.13630703700005,0 103.9431456900001,26.13424380000004,0 103.9394811540001,26.13113599000008,0 103.9366570810001,26.13071349700005,0 103.9353851780001,26.12967217700004,0 103.9344009930001,26.12811800400004,0 103.932011646,26.12743096200006,0 103.931962502,26.12652975800006,0 103.932523486,26.12562679300004,0 103.9281444870001,26.12285168300008,0 103.9284868240001,26.12199933300008,0 103.9302997900001,26.12113826900003,0 103.9321174530001,26.12105881500003,0 103.9344378170001,26.12140594300007,0 103.9347603510001,26.12569210300006,0 103.9356367230001,26.12544589300006,0 103.9372029070001,26.12438122100008,0 103.9381252370001,26.12466606700008,0 103.9379617130001,26.12674643800006,0 103.939733898,26.12763226100003,0 103.9405662070001,26.12777993900005,0 103.940562996,26.12804983700005,0 103.9408639090001,26.12805271600007,0 103.9428461570001,26.12818185200007,0 103.9440268810001,26.12888771100006,0 103.944151548,26.12997361600003,0 103.9443356800001,26.13224153400006,0 103.9450779600001,26.13230212100007,0 103.9457936870001,26.13202372600006,0 103.947076322,26.13122615900005,0 103.9476812610001,26.13151738900007,0 103.9485044350001,26.13239297800004,0 103.950608511,26.13206947700007,0 103.9536310430001,26.12966876200005,0 103.9549672600001,26.12995605600003,0 103.954703329,26.13256055500006,0 103.957074085,26.13210079700008,0 103.958551394,26.13098360600003,0 103.9596095100001,26.12891533700002,0 103.9608441890001,26.12939192600004,0 103.9604880810001,26.13290815100004,0 103.9615540890001,26.13404213300004,0 103.9627730030001,26.13365869400008,0 103.9642859260001,26.13205305500002,0 103.9654647190001,26.12935191100008,0 103.966774102,26.12871252200006,0 103.9677991390001,26.12897197800004,0 103.9697048080001,26.13033936200003,0 103.970494677,26.13009682000006,0 103.9715794060001,26.12956705200003,0 103.9720026270001,26.12982087600005,0 103.973026938,26.13091008500004,0 103.9744004290001,26.13067292800002,0 103.974772563,26.12770718900003,0 103.9773454000001,26.12887448800007,0 103.9778725530001,26.13067499400006,0 103.9783338010001,26.13258585500006,0 103.9808360490001,26.13274678300007,0 103.9816147380001,26.13286413300006,0 103.9829219380001,26.13364506300007,0 103.9842114340001,26.13582523800005,0 103.9838746280001,26.13711085700004,0 103.9828778130001,26.13843390200003,0 103.9818456520001,26.13868141600005,0 103.980585933,26.14011430700003,0 103.9794250480001,26.14040911300003,0 103.9780502370001,26.13946911500005,0 103.9774144360001,26.13750132400003,0 103.9762578980001,26.13690888400004,0 103.9752683090001,26.13682829400005,0 103.9736601580001,26.13793393200007,0 103.9729017500001,26.13722758400007,0 103.971489289,26.13497707900007,0 103.9702395620001,26.13487531100003,0 103.9695303090001,26.13541171700007,0 103.9698018030001,26.13602868400005,0 103.9709879680001,26.13756250000006,0 103.9706075020001,26.14006493700003,0 103.9693034960001,26.13966927800004,0 103.9685169670001,26.13865186600002,0 103.9679454970001,26.13688336300004,0 103.96621006,26.13674196300008,0 103.966123763,26.13759256500003,0 103.9668447920001,26.13878019400005,0 103.9663653920001,26.13971727100005,0 103.964802068,26.13988586000005,0 
							</coordinates>
						</LinearRing>
					</outerBoundaryIs>
				</Polygon>
			</MultiGeometry>
		</Placemark>
		<Placemark id="ID_00047">
			<name>40121</name>
			<description><![CDATA[<html xmlns:fo="http://www.w3.org/1999/XSL/Format" xmlns:msxsl="urn:schemas-microsoft-com:xslt">

<head>

<META http-equiv="Content-Type" content="text/html">

</head>

<body>

<table>

<tr><td style="white-space: nowrap;"><html xmlns:fo="http://www.w3.org/1999/XSL/Format" xmlns:msxsl="urn:schemas-microsoft-com:xslt">

<head>

<META http-equiv="Content-Type" content="text/html">

</head>

<body>

<table>

<tr><td style="white-space: nowrap;"><html xmlns:fo="http://www.w3.org/1999/XSL/Format" xmlns:msxsl="urn:schemas-microsoft-com:xslt">

<head>

<META http-equiv="Content-Type" content="text/html">

<meta http-equiv="content-type" content="text/html; charset=UTF-8">

</head>

<body style="margin:0px 0px 0px 0px;overflow:auto;background:#FFFFFF;">

<table style="font-family:Arial,Verdana,Times;font-size:12px;text-align:left;width:100%;border-collapse:collapse;padding:3px 3px 3px 3px">

<tr style="text-align:center;font-weight:bold;background:#9CBCE2">

<td>40121</td>

</tr>

<tr>

<td>

<table style="font-family:Arial,Verdana,Times;font-size:12px;text-align:left;width:100%;border-spacing:0px; padding:3px 3px 3px 3px">

<tr>

<td>Id</td>

<td>40121</td>

</tr>

<tr bgcolor="#D4E4F3">

<td>gridcode</td>

<td>23</td>

</tr>

</table>

</td>

</tr>

</table>

</body>

</html></td></tr>

</table>

</body>

</html></td></tr>

</table>

</body>

</html>]]></description>
			<styleUrl>#PolyStyle005797</styleUrl>
			<MultiGeometry>
				<Polygon>
					<outerBoundaryIs>
						<LinearRing>
							<coordinates>
								103.489070493,26.09608134300004,0 103.4914310250001,26.09593665400007,0 103.4925447320001,26.09457140700005,0 103.492248509,26.09308279900007,0 103.4904841740001,26.09428467700008,0 103.4901535150001,26.09250716500003,0 103.4889617580001,26.09296518800005,0 103.4878746170001,26.09349027500008,0 103.4870656480001,26.09289339900005,0 103.4876024400001,26.08899800200004,0 103.487252756,26.08862227000003,0 103.4854640570001,26.08766395600003,0 103.4858905180001,26.08628722400005,0 103.4894366540001,26.08703226500006,0 103.4894206320001,26.08465050600006,0 103.4876041670001,26.08432749700006,0 103.4868407940001,26.08350712300006,0 103.486105358,26.08401697800002,0 103.485341792,26.08507509900005,0 103.4845848780001,26.08511930700007,0 103.4843261490001,26.08243786300005,0 103.4820469840001,26.08062010000003,0 103.4810978250001,26.07908868800007,0 103.480147055,26.07796353200007,0 103.4804394100001,26.07522025200007,0 103.4784229540001,26.07533780400007,0 103.477872802,26.07418464100005,0 103.4769901860001,26.07303005800003,0 103.4772721210001,26.07282644100008,0 103.4795095890001,26.07259488400007,0 103.4791171160001,26.07177187900004,0 103.4772919920001,26.07101036200004,0 103.4766755360001,26.06906475300008,0 103.4755852450001,26.06724548500006,0 103.4759975840001,26.06669773800007,0 103.476808029,26.06609034900004,0 103.4771129760001,26.06550130400007,0 103.478758408,26.06570218800005,0 103.478309928,26.06668212200003,0 103.4787118930001,26.06842703700005,0 103.479801728,26.06903790000007,0 103.4803712890001,26.06912139900004,0 103.480645451,26.06854563700006,0 103.481871234,26.06710810800007,0 103.4820521410001,26.06655742500004,0 103.4827471030001,26.06683062600007,0 103.4832111170001,26.06624664800006,0 103.4847205200001,26.06657240000004,0 103.485345937,26.06741256200007,0 103.4851823100001,26.06753529700006,0 103.4842792590001,26.06889291200002,0 103.483251485,26.06915540200004,0 103.4839562080001,26.07237829500008,0 103.4851832380001,26.07204233200002,0 103.486812721,26.06959256100004,0 103.4877148140001,26.06960490100005,0 103.4878817360001,26.07025737100003,0 103.4879926120001,26.07095864100006,0 103.487538198,26.07163504300008,0 103.4864979600001,26.07280306000007,0 103.487166421,26.07394883700005,0 103.4859870870001,26.07441545600005,0 103.4867298820001,26.07644259600005,0 103.4920683510001,26.07762128000007,0 103.4925636350001,26.07709861200004,0 103.4924072510001,26.07668860600006,0 103.4931715020001,26.07547644800007,0 103.4949766570001,26.07433777300003,0 103.4953436950001,26.07271019700005,0 103.496520129,26.07310744600005,0 103.4975060640001,26.07337553900004,0 103.4973615820001,26.07044722500007,0 103.498090168,26.07015892200008,0 103.498479645,26.06942648900002,0 103.4992970550001,26.06909535200003,0 103.4995073710001,26.07432762000008,0 103.4988805960001,26.07582406600005,0 103.4985766770001,26.07698608900006,0 103.4994314850001,26.07845016300007,0 103.4997204680001,26.07953559000004,0 103.498577911,26.08095725700002,0 103.4993991050001,26.08204726300005,0 103.4990096970001,26.08266815100006,0 103.4964333990001,26.08249500700003,0 103.496094902,26.08145583700008,0 103.4956261130001,26.08065270500003,0 103.4930724940001,26.07990660900003,0 103.4899037040001,26.08062244800004,0 103.488733456,26.08117252700004,0 103.4882461560001,26.08309184300003,0 103.4895765210001,26.08387671300005,0 103.4906297970001,26.08347030500004,0 103.4896714550001,26.08267813500004,0 103.4897975390001,26.08116675900004,0 103.493477753,26.08172052100002,0 103.4943536860001,26.08262754500004,0 103.4941724760001,26.08479781900007,0 103.4908973380001,26.08543471900003,0 103.49048995,26.08655757600008,0 103.4905722220001,26.08822126000006,0 103.4912072650001,26.08867865100007,0 103.4925084230001,26.08741111100005,0 103.4947959350001,26.08712298400008,0 103.4960100520001,26.08655209100004,0 103.4970159650001,26.08661981100004,0 103.4965041820001,26.08784013500008,0 103.4949770310001,26.08902818800004,0 103.4950431760001,26.09036471700006,0 103.494410568,26.09115205300003,0 103.4941179410001,26.09163950300007,0 103.4956073100001,26.09251819100007,0 103.4970792500001,26.09474515000005,0 103.498012987,26.09470800300005,0 103.4979477520001,26.09338442400008,0 103.4996198090001,26.09458427700002,0 103.499426741,26.09690644400007,0 103.4985773930001,26.09768794900003,0 103.4970428830001,26.09658724400003,0 103.4953730710001,26.09598480100004,0 103.4941376690001,26.09603416600004,0 103.4937281830001,26.09689834200003,0 103.4951410640001,26.09806598400007,0 103.4935336060001,26.09895287200004,0 103.4930782380001,26.09974918600005,0 103.4956148850001,26.10048999200006,0 103.4955966510001,26.10156960200004,0 103.4947544060001,26.10213471900005,0 103.4939320070001,26.10329802600006,0 103.497139814,26.10414678500007,0 103.4981593590001,26.10536965500006,0 103.4988236410001,26.10647274800004,0 103.4989521680001,26.10742462300004,0 103.4994750050001,26.10834361700006,0 103.4980343770001,26.10950540200003,0 103.4976662300001,26.11049560800007,0 103.4976950600001,26.11153891800006,0 103.4994556770001,26.11273489900003,0 103.49843243,26.11402624000004,0 103.4991375770001,26.11497537200006,0 103.4992661200001,26.11592722400008,0 103.498796364,26.11604080200004,0 103.4978790490001,26.11791353600006,0 103.4956044410001,26.11815707100004,0 103.4950267940001,26.11748936500004,0 103.4951685080001,26.11734629900008,0 103.496679665,26.11696032800006,0 103.4962253690001,26.11580975700008,0 103.494023397,26.11412423700006,0 103.4907137870001,26.11340215100006,0 103.489572373,26.11149925900003,0 103.489867464,26.11052522000006,0 103.4904940490001,26.10906350100004,0 103.490057387,26.10882106600008,0 103.4893085510001,26.10938213400004,0 103.4884663920001,26.11128590800007,0 103.4875180620001,26.11134123000005,0 103.4871266610001,26.11102901400005,0 103.4874258950001,26.10822069000005,0 103.4867799560001,26.10618373100004,0 103.4854237760001,26.10641510000005,0 103.484370411,26.10708559500006,0 103.4841942590001,26.10697298400004,0 103.4833662450001,26.10583223100008,0 103.483190097,26.10571961700003,0 103.4833866240001,26.10549822200005,0 103.4869702180001,26.10345929700003,0 103.4905618700001,26.10221812000003,0 103.4915183420001,26.10084338000007,0 103.4898950720001,26.10068203500003,0 103.490020568,26.10052398400006,0 103.4913385070001,26.09987285000005,0 103.4909720490001,26.09850668600006,0 103.4894593170001,26.09813619300007,0 103.489237475,26.09673376200004,0 103.489070493,26.09608134300004,0 
							</coordinates>
						</LinearRing>
					</outerBoundaryIs>
					<innerBoundaryIs>
						<LinearRing>
							<coordinates>
								103.4925566200001,26.10341796800003,0 103.4909946830001,26.10358781200006,0 103.4893348880001,26.10744822700008,0 103.4902068500001,26.10763122600002,0 103.4923914430001,26.10463582000006,0 103.4925566200001,26.10341796800003,0 
							</coordinates>
						</LinearRing>
						<LinearRing>
							<coordinates>
								103.4834453330001,26.07305627600005,0 103.4826491590001,26.07316953900005,0 103.4810379830001,26.07401775900007,0 103.4817512350001,26.07639282100007,0 103.4836738440001,26.07616397700008,0 103.483542442,26.07508250100005,0 103.4836558660001,26.07435504300003,0 103.4834453330001,26.07305627600005,0 
							</coordinates>
						</LinearRing>
					</innerBoundaryIs>
				</Polygon>
			</MultiGeometry>
		</Placemark>
		<Placemark id="ID_00048">
			<name>40170</name>
			<description><![CDATA[<html xmlns:fo="http://www.w3.org/1999/XSL/Format" xmlns:msxsl="urn:schemas-microsoft-com:xslt">

<head>

<META http-equiv="Content-Type" content="text/html">

</head>

<body>

<table>

<tr><td style="white-space: nowrap;"><html xmlns:fo="http://www.w3.org/1999/XSL/Format" xmlns:msxsl="urn:schemas-microsoft-com:xslt">

<head>

<META http-equiv="Content-Type" content="text/html">

</head>

<body>

<table>

<tr><td style="white-space: nowrap;"><html xmlns:fo="http://www.w3.org/1999/XSL/Format" xmlns:msxsl="urn:schemas-microsoft-com:xslt">

<head>

<META http-equiv="Content-Type" content="text/html">

<meta http-equiv="content-type" content="text/html; charset=UTF-8">

</head>

<body style="margin:0px 0px 0px 0px;overflow:auto;background:#FFFFFF;">

<table style="font-family:Arial,Verdana,Times;font-size:12px;text-align:left;width:100%;border-collapse:collapse;padding:3px 3px 3px 3px">

<tr style="text-align:center;font-weight:bold;background:#9CBCE2">

<td>40170</td>

</tr>

<tr>

<td>

<table style="font-family:Arial,Verdana,Times;font-size:12px;text-align:left;width:100%;border-spacing:0px; padding:3px 3px 3px 3px">

<tr>

<td>Id</td>

<td>40170</td>

</tr>

<tr bgcolor="#D4E4F3">

<td>gridcode</td>

<td>23</td>

</tr>

</table>

</td>

</tr>

</table>

</body>

</html></td></tr>

</table>

</body>

</html></td></tr>

</table>

</body>

</html>]]></description>
			<styleUrl>#PolyStyle005797</styleUrl>
			<MultiGeometry>
				<Polygon>
					<outerBoundaryIs>
						<LinearRing>
							<coordinates>
								103.5251280020001,26.08063952100002,0 103.5245463130001,26.08046566200005,0 103.522299472,26.07923921500003,0 103.5225995230001,26.07857565400008,0 103.5233051800001,26.07768470200006,0 103.522930886,26.07694437300006,0 103.5194555690001,26.07590551000004,0 103.5170064550001,26.07424225000005,0 103.516968842,26.07286651100003,0 103.5184374840001,26.07124096900003,0 103.5205335630001,26.07233315400003,0 103.5241785520001,26.07535695300004,0 103.5253653840001,26.07502897700005,0 103.525041318,26.07416408300003,0 103.5203084720001,26.07046396800007,0 103.516247047,26.06833929200008,0 103.514991702,26.06664819100007,0 103.5149422010001,26.06485989100003,0 103.5154608190001,26.06391133700004,0 103.5172373500001,26.06453210700005,0 103.51831129,26.06582896000003,0 103.5193290490001,26.06711502600007,0 103.5216608550001,26.06826256400007,0 103.523366315,26.06860701600004,0 103.526753774,26.06897623300006,0 103.5293431580001,26.07164596900003,0 103.5305029050001,26.07356182600006,0 103.5331047540001,26.07670248700003,0 103.5335701760001,26.07762221800005,0 103.5357261470001,26.07802147900003,0 103.5361983650001,26.07885138000006,0 103.5359928000001,26.08224474700006,0 103.537269725,26.08333864700006,0 103.5375689730001,26.08665533500005,0 103.5419707340001,26.08964253700003,0 103.5454371450001,26.08954764900005,0 103.5456133400001,26.08966016900007,0 103.5461368240001,26.09106646800007,0 103.5466049890001,26.09172276200007,0 103.5463113910001,26.09199915600004,0 103.545240817,26.09286300900004,0 103.5451900630001,26.09370414700004,0 103.5458127510001,26.09454174600006,0 103.546088394,26.09536608000008,0 103.5467008960001,26.09535250900007,0 103.547013501,26.09841455400004,0 103.5513558950001,26.10087928500008,0 103.5529248680001,26.10084419000003,0 103.5538109140001,26.10088714800003,0 103.5543927430001,26.10033980000003,0 103.5560766840001,26.10129558400007,0 103.5568969700001,26.10235106800008,0 103.5590018020001,26.10646295300006,0 103.5579707690001,26.10629714200007,0 103.5555615220001,26.10603055800004,0 103.5553787680001,26.10722558200007,0 103.5550567700001,26.10747604400007,0 103.5543485710001,26.10816673100004,0 103.5539887530001,26.10994995900006,0 103.5570812020001,26.11343302800003,0 103.5620751860001,26.11731952200006,0 103.5658249620001,26.11921933000008,0 103.5662966120001,26.12066296100005,0 103.565385211,26.12112329300004,0 103.565245298,26.12097886100003,0 103.563842563,26.12037912200003,0 103.563396385,26.11947227700006,0 103.562091024,26.11881393500005,0 103.5585530270001,26.11846948900006,0 103.5553166910001,26.11579897100006,0 103.5535747320001,26.11326044600003,0 103.5508310800001,26.11099611500003,0 103.5496589370001,26.10899115600006,0 103.5491709900001,26.10643967500005,0 103.5484559770001,26.10498586100005,0 103.5468440510001,26.10307445500007,0 103.5454656100001,26.10237906700007,0 103.5442746900001,26.10279576400006,0 103.5423531990001,26.10483497800004,0 103.5419346590001,26.10703236800003,0 103.5412310560001,26.10757988200004,0 103.5394659080001,26.10742135500004,0 103.538345996,26.10626267200007,0 103.5378352690001,26.10415292900007,0 103.5366374720001,26.10280258000006,0 103.536067023,26.10189894000007,0 103.5375884810001,26.10071503900008,0 103.5421997300001,26.10038808600007,0 103.5429694740001,26.09963710800002,0 103.543334804,26.09803083400004,0 103.5411360730001,26.09482897000004,0 103.540131203,26.09257476700003,0 103.5397282580001,26.09188529800002,0 103.5354204590001,26.08964933900006,0 103.5338948360001,26.08763281000006,0 103.5319112570001,26.08552949500006,0 103.5301648320001,26.08529617600004,0 103.5294610160001,26.08404714800003,0 103.527335436,26.08190861900005,0 103.5259642710001,26.08002080500006,0 103.525275821,26.07987268400007,0 103.5251280020001,26.08063952100002,0 
							</coordinates>
						</LinearRing>
					</outerBoundaryIs>
				</Polygon>
			</MultiGeometry>
		</Placemark>
		<Placemark id="ID_00049">
			<name>42264</name>
			<description><![CDATA[<html xmlns:fo="http://www.w3.org/1999/XSL/Format" xmlns:msxsl="urn:schemas-microsoft-com:xslt">

<head>

<META http-equiv="Content-Type" content="text/html">

</head>

<body>

<table>

<tr><td style="white-space: nowrap;"><html xmlns:fo="http://www.w3.org/1999/XSL/Format" xmlns:msxsl="urn:schemas-microsoft-com:xslt">

<head>

<META http-equiv="Content-Type" content="text/html">

</head>

<body>

<table>

<tr><td style="white-space: nowrap;"><html xmlns:fo="http://www.w3.org/1999/XSL/Format" xmlns:msxsl="urn:schemas-microsoft-com:xslt">

<head>

<META http-equiv="Content-Type" content="text/html">

<meta http-equiv="content-type" content="text/html; charset=UTF-8">

</head>

<body style="margin:0px 0px 0px 0px;overflow:auto;background:#FFFFFF;">

<table style="font-family:Arial,Verdana,Times;font-size:12px;text-align:left;width:100%;border-collapse:collapse;padding:3px 3px 3px 3px">

<tr style="text-align:center;font-weight:bold;background:#9CBCE2">

<td>42264</td>

</tr>

<tr>

<td>

<table style="font-family:Arial,Verdana,Times;font-size:12px;text-align:left;width:100%;border-spacing:0px; padding:3px 3px 3px 3px">

<tr>

<td>Id</td>

<td>42264</td>

</tr>

<tr bgcolor="#D4E4F3">

<td>gridcode</td>

<td>23</td>

</tr>

</table>

</td>

</tr>

</table>

</body>

</html></td></tr>

</table>

</body>

</html></td></tr>

</table>

</body>

</html>]]></description>
			<styleUrl>#PolyStyle005797</styleUrl>
			<MultiGeometry>
				<Polygon>
					<outerBoundaryIs>
						<LinearRing>
							<coordinates>
								104.0657518900001,25.98500830100005,0 104.0690477160001,25.98628767400004,0 104.0697757070001,25.98755326100007,0 104.0694554020001,25.99058051300005,0 104.0685217700001,25.99366401000002,0 104.068879548,25.99526029600003,0 104.0711607480001,25.99696083600003,0 104.0731998640001,25.99762217100005,0 104.073772482,25.99724725000004,0 104.0748103570001,25.99575603500006,0 104.0752303560001,25.99317345600008,0 104.0769383410001,25.99225292300002,0 104.0786178930001,25.99197951000008,0 104.0802211530001,25.98885850900007,0 104.0810601410001,25.98483476700005,0 104.0829788710001,25.98394277100005,0 104.0842580390001,25.98429752000004,0 104.0851176890001,25.98579115300004,0 104.0847707990001,25.98739951500005,0 104.082717953,25.99002901200004,0 104.0817477290001,25.99323467500005,0 104.0822179930001,25.99532945200008,0 104.083135128,25.99711887000007,0 104.0844629410001,25.99795630600005,0 104.0880650230001,25.99811425200005,0 104.0903218760001,25.99717985900003,0 104.0908927460001,25.99575954000005,0 104.091524953,25.99401984900004,0 104.093677111,25.99396078900003,0 104.0959287250001,25.99538026700003,0 104.0969890330001,25.99505483300004,0 104.0982880710001,25.99027111800007,0 104.0935438810001,25.98564332500007,0 104.0934545010001,25.98300421100004,0 104.0947121280001,25.98241933700007,0 104.0958956500001,25.98289157400006,0 104.098120576,25.98652094900007,0 104.100549985,25.98892068000004,0 104.1017378560001,25.98897253800004,0 104.1025256880001,25.98766280000007,0 104.1022422340001,25.98620511400003,0 104.1007749790001,25.98365765100004,0 104.1010730360001,25.98273077400006,0 104.1017020020001,25.98221665100004,0 104.1031180530001,25.98086768800005,0 104.1041532770001,25.98126743200004,0 104.1051440990001,25.98182397600004,0 104.10494127,25.98736068000006,0 104.1034033930001,25.99031328000007,0 104.102513189,25.99228908100002,0 104.0997546,25.99306881000007,0 104.0988592350001,25.99455694700004,0 104.1007888810001,25.99666062600005,0 104.100479857,25.99744788100003,0 104.099389655,25.99805868500005,0 104.0971139900001,25.99778564500008,0 104.0954250810001,25.99897691800004,0 104.094875856,26.00116134600006,0 104.0924225800001,26.00264743500003,0 104.0882377060001,26.00286797100006,0 104.0876665150001,26.00316333800004,0 104.0840252360001,26.00337317200007,0 104.0838871070001,26.00379208800007,0 104.0832000400001,26.00359521300004,0 104.0812212210001,26.00247311400005,0 104.0794554360001,26.00255281900007,0 104.0786295630001,26.00443106900008,0 104.0771771120001,26.00599212700007,0 104.072884151,26.00625785200003,0 104.0718388640001,26.00658501700008,0 104.0720616140001,26.01056357100003,0 104.0693899940001,26.01069140600003,0 104.0691583570001,26.00999437600007,0 104.0667964840001,26.00694361900003,0 104.0662440070001,26.00583435400006,0 104.0641960200001,26.00415920200004,0 104.0639732500001,25.99781204000004,0 104.0633827300001,25.99681316100003,0 104.0636794520001,25.99672575500006,0 104.0658649440001,25.99836810000005,0 104.0678440240001,25.99809026700007,0 104.0679215150001,25.99707753400003,0 104.0661083640001,25.99479468300007,0 104.065818209,25.99100496500006,0 104.0614473410001,25.98819745400004,0 104.0607808020001,25.98706999000007,0 104.0611830140001,25.98548748400002,0 104.062877503,25.98467858100003,0 104.0657518900001,25.98500830100005,0 
							</coordinates>
						</LinearRing>
					</outerBoundaryIs>
				</Polygon>
			</MultiGeometry>
		</Placemark>
		<Placemark id="ID_00050">
			<name>43109</name>
			<description><![CDATA[<html xmlns:fo="http://www.w3.org/1999/XSL/Format" xmlns:msxsl="urn:schemas-microsoft-com:xslt">

<head>

<META http-equiv="Content-Type" content="text/html">

</head>

<body>

<table>

<tr><td style="white-space: nowrap;"><html xmlns:fo="http://www.w3.org/1999/XSL/Format" xmlns:msxsl="urn:schemas-microsoft-com:xslt">

<head>

<META http-equiv="Content-Type" content="text/html">

</head>

<body>

<table>

<tr><td style="white-space: nowrap;"><html xmlns:fo="http://www.w3.org/1999/XSL/Format" xmlns:msxsl="urn:schemas-microsoft-com:xslt">

<head>

<META http-equiv="Content-Type" content="text/html">

<meta http-equiv="content-type" content="text/html; charset=UTF-8">

</head>

<body style="margin:0px 0px 0px 0px;overflow:auto;background:#FFFFFF;">

<table style="font-family:Arial,Verdana,Times;font-size:12px;text-align:left;width:100%;border-collapse:collapse;padding:3px 3px 3px 3px">

<tr style="text-align:center;font-weight:bold;background:#9CBCE2">

<td>43109</td>

</tr>

<tr>

<td>

<table style="font-family:Arial,Verdana,Times;font-size:12px;text-align:left;width:100%;border-spacing:0px; padding:3px 3px 3px 3px">

<tr>

<td>Id</td>

<td>43109</td>

</tr>

<tr bgcolor="#D4E4F3">

<td>gridcode</td>

<td>23</td>

</tr>

</table>

</td>

</tr>

</table>

</body>

</html></td></tr>

</table>

</body>

</html></td></tr>

</table>

</body>

</html>]]></description>
			<styleUrl>#PolyStyle005797</styleUrl>
			<MultiGeometry>
				<Polygon>
					<outerBoundaryIs>
						<LinearRing>
							<coordinates>
								104.0451001010001,25.94945518600002,0 104.045251669,25.94877606200004,0 104.048298071,25.94584219700005,0 104.0493024720001,25.94433858100007,0 104.0504402670001,25.94098886600006,0 104.0508288730001,25.94002164200003,0 104.0525940170001,25.93966756700006,0 104.0541957830001,25.94194472200007,0 104.055404073,25.94549390500004,0 104.0563241960001,25.94912154100007,0 104.056893373,25.94960481700008,0 104.0583948180001,25.94890687000003,0 104.0605589430001,25.94972811000002,0 104.0624897910001,25.95042284400006,0 104.0638454190001,25.95137639900003,0 104.0647388750001,25.95176453600004,0 104.0650656770001,25.94957489500007,0 104.0623778520001,25.94812319100004,0 104.060407125,25.94659628900007,0 104.0599133790001,25.94362900200002,0 104.061001123,25.94237811700003,0 104.0628133320001,25.94245813200007,0 104.0651633540001,25.94629723700007,0 104.0666407900001,25.94625699000006,0 104.0681349770001,25.94421853200004,0 104.069644866,25.94359354900007,0 104.0714051080001,25.94252572400006,0 104.0741831010001,25.94201129200008,0 104.0748272330001,25.94454910400003,0 104.0753848520001,25.94502243600005,0 104.0767742520001,25.94498448100006,0 104.0783396020001,25.94392573300007,0 104.0797842470001,25.94398921300007,0 104.0801326740001,25.94842894000004,0 104.0797333100001,25.95006867000006,0 104.080223022,25.95110368000007,0 104.077540867,25.95123242200003,0 104.0761717920001,25.95258473000007,0 104.0758254840001,25.95532383000005,0 104.074310117,25.95651874800007,0 104.0699916360001,25.95816635900007,0 104.0666304710001,25.95840858300005,0 104.0646709420001,25.95729621600003,0 104.06278395,25.95738148700008,0 104.0589246270001,25.95985828600004,0 104.0573340060001,25.96142812400007,0 104.0550167100001,25.96236062600008,0 104.0535225960001,25.96317328500004,0 104.0530624910001,25.96329671900003,0 104.0526160600001,25.96235297900006,0 104.052209567,25.95947225100002,0 104.0508630910001,25.95881666600008,0 104.0485869620001,25.95830865500005,0 104.0474581830001,25.95781762200005,0 104.0476840280001,25.95369537400006,0 104.0452524070001,25.95238182800006,0 104.0451001010001,25.94945518600002,0 
							</coordinates>
						</LinearRing>
					</outerBoundaryIs>
				</Polygon>
			</MultiGeometry>
		</Placemark>
		<Placemark id="ID_00051">
			<name>43655</name>
			<description><![CDATA[<html xmlns:fo="http://www.w3.org/1999/XSL/Format" xmlns:msxsl="urn:schemas-microsoft-com:xslt">

<head>

<META http-equiv="Content-Type" content="text/html">

</head>

<body>

<table>

<tr><td style="white-space: nowrap;"><html xmlns:fo="http://www.w3.org/1999/XSL/Format" xmlns:msxsl="urn:schemas-microsoft-com:xslt">

<head>

<META http-equiv="Content-Type" content="text/html">

</head>

<body>

<table>

<tr><td style="white-space: nowrap;"><html xmlns:fo="http://www.w3.org/1999/XSL/Format" xmlns:msxsl="urn:schemas-microsoft-com:xslt">

<head>

<META http-equiv="Content-Type" content="text/html">

<meta http-equiv="content-type" content="text/html; charset=UTF-8">

</head>

<body style="margin:0px 0px 0px 0px;overflow:auto;background:#FFFFFF;">

<table style="font-family:Arial,Verdana,Times;font-size:12px;text-align:left;width:100%;border-collapse:collapse;padding:3px 3px 3px 3px">

<tr style="text-align:center;font-weight:bold;background:#9CBCE2">

<td>43655</td>

</tr>

<tr>

<td>

<table style="font-family:Arial,Verdana,Times;font-size:12px;text-align:left;width:100%;border-spacing:0px; padding:3px 3px 3px 3px">

<tr>

<td>Id</td>

<td>43655</td>

</tr>

<tr bgcolor="#D4E4F3">

<td>gridcode</td>

<td>23</td>

</tr>

</table>

</td>

</tr>

</table>

</body>

</html></td></tr>

</table>

</body>

</html></td></tr>

</table>

</body>

</html>]]></description>
			<styleUrl>#PolyStyle005797</styleUrl>
			<MultiGeometry>
				<Polygon>
					<outerBoundaryIs>
						<LinearRing>
							<coordinates>
								104.1811384110001,25.91840936900007,0 104.183185446,25.91803180800002,0 104.185340834,25.92023768700005,0 104.1859172050001,25.92114555700005,0 104.183793667,25.92128944300004,0 104.1833612550001,25.92278910100004,0 104.1850089820001,25.92408732800004,0 104.1875489490001,25.92452357000008,0 104.1886992010001,25.92527000200005,0 104.1890163270001,25.92580167700004,0 104.1869181380001,25.92740090500007,0 104.1863611410001,25.93002529800003,0 104.187322663,25.93244116000005,0 104.1893165480001,25.93375132800003,0 104.192555252,25.93536331900003,0 104.1932918780001,25.93614489500004,0 104.1944547290001,25.93662179000006,0 104.197774177,25.93703708900006,0 104.1996014920001,25.93765563600005,0 104.2005833790001,25.93869766200004,0 104.2013128960001,25.94094049300003,0 104.2039549190001,25.94361012000007,0 104.206290885,25.94410508900006,0 104.207287976,25.94444244800008,0 104.2076250110001,25.94479985400005,0 104.2077603340001,25.94521594100007,0 104.2092580090001,25.94817731500007,0 104.2095462460001,25.95126581000005,0 104.210785114,25.95286363400004,0 104.2106793990001,25.95393914900006,0 104.2100817040001,25.95439455000008,0 104.2098010910001,25.95468264100003,0 104.2087328760001,25.95534010800003,0 104.2068360910001,25.95549396500007,0 104.2052721380001,25.95496476200003,0 104.204521308,25.95416817600005,0 104.206620404,25.95256795000006,0 104.2064983670001,25.95105248100003,0 104.2044112680001,25.95032301900005,0 104.2038355030001,25.95002876600006,0 104.2032148050001,25.94977427200007,0 104.2017914430001,25.94875522200005,0 104.2014595150001,25.94704094100007,0 104.2011464030001,25.94597847100005,0 104.2008542950001,25.94447070200005,0 104.1992213400001,25.94407408100005,0 104.1977570830001,25.94631573600003,0 104.1957433040001,25.94742959600006,0 104.1954131790001,25.94956394000008,0 104.1946709740001,25.95133712200004,0 104.1948407570001,25.95345530700007,0 104.196086064,25.95483365000007,0 104.1977412360001,25.95401890600004,0 104.1981458210001,25.95038265800002,0 104.1990631300001,25.94974423300005,0 104.199599672,25.95251385100005,0 104.2009995930001,25.95432050000005,0 104.20169221,25.95460426900007,0 104.202506838,25.95502077700007,0 104.2036191290001,25.95620053800008,0 104.204044449,25.95777883100004,0 104.201936328,25.95938525000003,0 104.2016262210001,25.96198224900007,0 104.2046017210001,25.96515727900004,0 104.2047250310001,25.96692349200004,0 104.2045851190001,25.96761263100007,0 104.2033721400001,25.96895385000005,0 104.201928503,25.96918367200004,0 104.2003704040001,25.96863231200007,0 104.1996040970001,25.96850677100002,0 104.1994610310001,25.96836543700005,0 104.196946827,25.96746426100003,0 104.1963472110001,25.96511782400006,0 104.1938022100001,25.96296314700004,0 104.1941280220001,25.96203116300006,0 104.1953072600001,25.96131400200005,0 104.19772041,25.96103540100006,0 104.198920769,25.96005199400003,0 104.1989921040001,25.95870567900005,0 104.1982576610001,25.95798143800005,0 104.1912912810001,25.95764423300005,0 104.1911531390001,25.95696281200003,0 104.1902722930001,25.95499001900004,0 104.191179838,25.95272149600004,0 104.1907818170001,25.95184801200003,0 104.187971164,25.95315867700003,0 104.185817059,25.95271188300006,0 104.185204534,25.95053713900006,0 104.1861173770001,25.94956253100003,0 104.187167597,25.94870206600007,0 104.1885045100001,25.94966238600006,0 104.1894123880001,25.95019862500004,0 104.1907142520001,25.95101835300005,0 104.1915096420001,25.95076467000007,0 104.19182914,25.94825998800008,0 104.1948465740001,25.94578633500004,0 104.1941402510001,25.94462655600006,0 104.1924672760001,25.94320994400005,0 104.1899343270001,25.94071094800006,0 104.187212055,25.93924460000005,0 104.1864529050001,25.93823442700005,0 104.1854225000001,25.93622873400005,0 104.1843903490001,25.93499709000002,0 104.1838544390001,25.93395372100002,0 104.1835472860001,25.93342185400007,0 104.1832662590001,25.93259900600003,0 104.1817829350001,25.93062576300002,0 104.1820782240001,25.92988946500003,0 104.1829766930001,25.92873590000005,0 104.180730995,25.92683319700007,0 104.1803113240001,25.92610582800006,0 104.1801708360001,25.92569439200003,0 104.1806231480001,25.92458974000004,0 104.1780490160001,25.92238938200006,0 104.1754094300001,25.92106754800005,0 104.1757803050001,25.92065780900003,0 104.1782508850001,25.92039850100002,0 104.1797624910001,25.91932941200004,0 104.1809321000001,25.91903794700005,0 104.1811384110001,25.91840936900007,0 
							</coordinates>
						</LinearRing>
					</outerBoundaryIs>
				</Polygon>
			</MultiGeometry>
		</Placemark>
		<Placemark id="ID_00052">
			<name>43859</name>
			<description><![CDATA[<html xmlns:fo="http://www.w3.org/1999/XSL/Format" xmlns:msxsl="urn:schemas-microsoft-com:xslt">

<head>

<META http-equiv="Content-Type" content="text/html">

</head>

<body>

<table>

<tr><td style="white-space: nowrap;"><html xmlns:fo="http://www.w3.org/1999/XSL/Format" xmlns:msxsl="urn:schemas-microsoft-com:xslt">

<head>

<META http-equiv="Content-Type" content="text/html">

</head>

<body>

<table>

<tr><td style="white-space: nowrap;"><html xmlns:fo="http://www.w3.org/1999/XSL/Format" xmlns:msxsl="urn:schemas-microsoft-com:xslt">

<head>

<META http-equiv="Content-Type" content="text/html">

<meta http-equiv="content-type" content="text/html; charset=UTF-8">

</head>

<body style="margin:0px 0px 0px 0px;overflow:auto;background:#FFFFFF;">

<table style="font-family:Arial,Verdana,Times;font-size:12px;text-align:left;width:100%;border-collapse:collapse;padding:3px 3px 3px 3px">

<tr style="text-align:center;font-weight:bold;background:#9CBCE2">

<td>43859</td>

</tr>

<tr>

<td>

<table style="font-family:Arial,Verdana,Times;font-size:12px;text-align:left;width:100%;border-spacing:0px; padding:3px 3px 3px 3px">

<tr>

<td>Id</td>

<td>43859</td>

</tr>

<tr bgcolor="#D4E4F3">

<td>gridcode</td>

<td>23</td>

</tr>

</table>

</td>

</tr>

</table>

</body>

</html></td></tr>

</table>

</body>

</html></td></tr>

</table>

</body>

</html>]]></description>
			<styleUrl>#PolyStyle005797</styleUrl>
			<MultiGeometry>
				<Polygon>
					<outerBoundaryIs>
						<LinearRing>
							<coordinates>
								103.5592766060001,25.90339917200004,0 103.5594131990001,25.90354603700007,0 103.5604169760001,25.90413023200006,0 103.561759318,25.90557401500007,0 103.564286097,25.90738587000004,0 103.5725773230001,25.90774878400003,0 103.5733769450001,25.90816376500004,0 103.5742201090001,25.90941469300003,0 103.5739871470001,25.91162900600006,0 103.5724332810001,25.91279881500003,0 103.57003459,25.91538283400007,0 103.5691325160001,25.91663778700007,0 103.5675836400001,25.91821827100006,0 103.5669922150001,25.91904095000007,0 103.5666657290001,25.91928676600003,0 103.56544087,25.92113518800005,0 103.565137506,25.92235012800006,0 103.5658011900001,25.92345735500004,0 103.567069916,25.92388373200004,0 103.5694636220001,25.92258248700006,0 103.5717065590001,25.92234328400008,0 103.5722985950001,25.92379191600003,0 103.570671835,25.92481116200003,0 103.5697686570001,25.92572686800003,0 103.5692738980001,25.92655422300004,0 103.5716703910001,25.92691444300004,0 103.5719436900001,25.92720812300007,0 103.5728626420001,25.92747005900003,0 103.5735656160001,25.92851258000007,0 103.5724929360001,25.92909772100006,0 103.5682980550001,25.92984180100007,0 103.567856524,25.92998114400007,0 103.5660422990001,25.93061119500004,0 103.565299769,25.93145086400006,0 103.5636780530001,25.93243444500007,0 103.5616370500001,25.93271884300002,0 103.5601652830001,25.93327465500005,0 103.5581284030001,25.93348334200005,0 103.556274059,25.93237794100003,0 103.5560061370001,25.93048457200007,0 103.555300957,25.92897373100004,0 103.5547965380001,25.92861289000007,0 103.554257212,25.92722052700003,0 103.5540896560001,25.92710069200007,0 103.5538044700001,25.92544418900008,0 103.5525054860001,25.92471604000008,0 103.54920172,25.92418310500005,0 103.5481335460001,25.92405141700004,0 103.5480228320001,25.92281710000003,0 103.5474820690001,25.92105300500003,0 103.5472988110001,25.91998891000003,0 103.551168234,25.91911842000008,0 103.552486302,25.92043637900002,0 103.5542065480001,25.92100414500004,0 103.555047443,25.92104522800003,0 103.5558508270001,25.91996082700007,0 103.5564758720001,25.91916924700007,0 103.556803787,25.91673204600005,0 103.5569618390001,25.91660433600003,0 103.5575471730001,25.91645398700007,0 103.5596995100001,25.91528007700003,0 103.562572506,25.91224665000004,0 103.562745497,25.91060661900008,0 103.5601626520001,25.91026828100007,0 103.5596091200001,25.90852221800003,0 103.5586022400001,25.90798229900003,0 103.5574059750001,25.90769655300005,0 103.5575715100001,25.90681399300007,0 103.5590483560001,25.90635346900007,0 103.5588202790001,25.90566201700005,0 103.5582330380001,25.90484532200002,0 103.5585539320001,25.90381785500006,0 103.5592766060001,25.90339917200004,0 
							</coordinates>
						</LinearRing>
					</outerBoundaryIs>
				</Polygon>
			</MultiGeometry>
		</Placemark>
		<Placemark id="ID_00053">
			<name>44021</name>
			<description><![CDATA[<html xmlns:fo="http://www.w3.org/1999/XSL/Format" xmlns:msxsl="urn:schemas-microsoft-com:xslt">

<head>

<META http-equiv="Content-Type" content="text/html">

</head>

<body>

<table>

<tr><td style="white-space: nowrap;"><html xmlns:fo="http://www.w3.org/1999/XSL/Format" xmlns:msxsl="urn:schemas-microsoft-com:xslt">

<head>

<META http-equiv="Content-Type" content="text/html">

</head>

<body>

<table>

<tr><td style="white-space: nowrap;"><html xmlns:fo="http://www.w3.org/1999/XSL/Format" xmlns:msxsl="urn:schemas-microsoft-com:xslt">

<head>

<META http-equiv="Content-Type" content="text/html">

<meta http-equiv="content-type" content="text/html; charset=UTF-8">

</head>

<body style="margin:0px 0px 0px 0px;overflow:auto;background:#FFFFFF;">

<table style="font-family:Arial,Verdana,Times;font-size:12px;text-align:left;width:100%;border-collapse:collapse;padding:3px 3px 3px 3px">

<tr style="text-align:center;font-weight:bold;background:#9CBCE2">

<td>44021</td>

</tr>

<tr>

<td>

<table style="font-family:Arial,Verdana,Times;font-size:12px;text-align:left;width:100%;border-spacing:0px; padding:3px 3px 3px 3px">

<tr>

<td>Id</td>

<td>44021</td>

</tr>

<tr bgcolor="#D4E4F3">

<td>gridcode</td>

<td>23</td>

</tr>

</table>

</td>

</tr>

</table>

</body>

</html></td></tr>

</table>

</body>

</html></td></tr>

</table>

</body>

</html>]]></description>
			<styleUrl>#PolyStyle005799</styleUrl>
			<MultiGeometry>
				<Polygon>
					<outerBoundaryIs>
						<LinearRing>
							<coordinates>
								103.7232216215802,25.91010839579664,0 103.7227937836248,25.90800530375521,0 103.7227088239625,25.90627792784933,0 103.7215771583436,25.90436581768004,0 103.7221451083081,25.90152729201892,0 103.7222895194609,25.90144998725674,0 103.7232322332958,25.9001585146943,0 103.7200325334695,25.89974125101325,0 103.7201201702811,25.89789671860184,0 103.7202976203983,25.89786088990167,0 103.7203444719324,25.89782269349239,0 103.7259789426649,25.89648993740637,0 103.7289862779048,25.89527224409121,0 103.7315010043566,25.89580937737129,0 103.737043266855,25.89533990471345,0 103.7400209680169,25.89486976980115,0 103.7402480932113,25.89479344072917,0 103.7420468007695,25.89544677110784,0 103.7415692835484,25.89679148420673,0 103.741384973815,25.89690860427192,0 103.740717757183,25.89853735488435,0 103.7422309300964,25.89812213368267,0 103.7434789111362,25.89674484778228,0 103.7452479282491,25.89741617941376,0 103.745247452851,25.89749620068427,0 103.7471521391112,25.8997080891288,0 103.7467202623253,25.90071370718544,0 103.7494257708935,25.90186702385935,0 103.7505868438706,25.90225972550327,0 103.7525382330775,25.9031941295816,0 103.7561396611221,25.90562329815188,0 103.7582961869613,25.90813868409212,0 103.7587200403037,25.91159929125227,0 103.7581604077905,25.91438648389072,0 103.757329941435,25.9166543694517,0 103.7569595044336,25.91853879520437,0 103.7549283858154,25.91785191727024,0 103.7542404134378,25.91523805152941,0 103.7515301140067,25.9154259321391,0 103.7501021069247,25.9151616196183,0 103.7502815354707,25.91511383725079,0 103.7504613434063,25.91506690740623,0 103.750729991125,25.91497461612622,0 103.7509109753858,25.9148875857772,0 103.7523351803094,25.91418257954612,0 103.7504609976337,25.91278881831685,0 103.7503198726847,25.91278425592816,0 103.7487125121909,25.91263445498011,0 103.7471163713596,25.91287051368494,0 103.7485561330738,25.91426437017275,0 103.7477883367274,25.9158297718803,0 103.7454937328703,25.91616783147275,0 103.7481078770739,25.91715945845329,0 103.7482054804681,25.91725457502188,0 103.7488182309043,25.91909980364484,0 103.7464525934141,25.92037667495423,0 103.7424031571574,25.92077872788431,0 103.7417931193924,25.91909478419011,0 103.7419361653884,25.91900239082732,0 103.744061645138,25.91753577803672,0 103.7433128425132,25.91613739799553,0 103.7423359230881,25.9157864673829,0 103.7431393175112,25.91420896504761,0 103.743281962273,25.91329241131197,0 103.7447776423731,25.91217727739084,0 103.745068266172,25.91096549225672,0 103.7438094767423,25.91117397537491,0 103.7437168194282,25.91117129155979,0 103.742541877178,25.91235635778466,0 103.7410060925718,25.91328810119274,0 103.7388399114429,25.91255998510158,0 103.7373320411596,25.91167148891001,0 103.7368094518927,25.91051479438869,0 103.7367167199831,25.91051515594415,0 103.7339210325171,25.91063303425707,0 103.7337795748395,25.91067422091847,0 103.7324996852977,25.91117010829836,0 103.7318327035188,25.91229537347605,0 103.7302432839109,25.91309440220868,0 103.7275451426082,25.91323141593569,0 103.7281671416708,25.91109117992657,0 103.7281733857975,25.91100423941755,0 103.7279853669025,25.91031233949285,0 103.7277964180932,25.91031186576588,0 103.7258053196333,25.91042797370613,0 103.7250586281513,25.91154637041404,0 103.7239464574501,25.91175716203936,0 103.7232216215802,25.91010839579664,0 
							</coordinates>
						</LinearRing>
					</outerBoundaryIs>
				</Polygon>
			</MultiGeometry>
		</Placemark>
		<Placemark id="ID_00054">
			<name>44532</name>
			<description><![CDATA[<html xmlns:fo="http://www.w3.org/1999/XSL/Format" xmlns:msxsl="urn:schemas-microsoft-com:xslt">

<head>

<META http-equiv="Content-Type" content="text/html">

</head>

<body>

<table>

<tr><td style="white-space: nowrap;"><html xmlns:fo="http://www.w3.org/1999/XSL/Format" xmlns:msxsl="urn:schemas-microsoft-com:xslt">

<head>

<META http-equiv="Content-Type" content="text/html">

</head>

<body>

<table>

<tr><td style="white-space: nowrap;"><html xmlns:fo="http://www.w3.org/1999/XSL/Format" xmlns:msxsl="urn:schemas-microsoft-com:xslt">

<head>

<META http-equiv="Content-Type" content="text/html">

<meta http-equiv="content-type" content="text/html; charset=UTF-8">

</head>

<body style="margin:0px 0px 0px 0px;overflow:auto;background:#FFFFFF;">

<table style="font-family:Arial,Verdana,Times;font-size:12px;text-align:left;width:100%;border-collapse:collapse;padding:3px 3px 3px 3px">

<tr style="text-align:center;font-weight:bold;background:#9CBCE2">

<td>44532</td>

</tr>

<tr>

<td>

<table style="font-family:Arial,Verdana,Times;font-size:12px;text-align:left;width:100%;border-spacing:0px; padding:3px 3px 3px 3px">

<tr>

<td>Id</td>

<td>44532</td>

</tr>

<tr bgcolor="#D4E4F3">

<td>gridcode</td>

<td>23</td>

</tr>

</table>

</td>

</tr>

</table>

</body>

</html></td></tr>

</table>

</body>

</html></td></tr>

</table>

</body>

</html>]]></description>
			<styleUrl>#PolyStyle0057910</styleUrl>
			<MultiGeometry>
				<Polygon>
					<outerBoundaryIs>
						<LinearRing>
							<coordinates>
								103.7637458830001,25.90101767100003,0 103.762625154,25.90087005200007,0 103.7614472830001,25.90027704800008,0 103.76078978,25.89894337700002,0 103.7582606180001,25.89712254400007,0 103.7579687420001,25.89610395800003,0 103.7589402040001,25.89454194800004,0 103.7588198510001,25.89223326500007,0 103.7601132560001,25.89015307800003,0 103.7583368060001,25.88868832800006,0 103.7559662400001,25.88783727800006,0 103.7551384490001,25.88742012100005,0 103.7548173420001,25.88530696200007,0 103.7555009120001,25.88420859600007,0 103.756301013,25.88358082500002,0 103.760524053,25.88205087600005,0 103.7627198440001,25.87875197500006,0 103.7675097490001,25.87693792200003,0 103.7691222440001,25.87663963600005,0 103.7705897480001,25.87737854500006,0 103.772267528,25.87911164600007,0 103.7726241770001,25.88135417900003,0 103.7720475610001,25.88364434400006,0 103.7693329000001,25.88577322400005,0 103.7685979130001,25.88716864900005,0 103.7677341240001,25.88825267400006,0 103.7679722130001,25.89279537300007,0 103.7711266600001,25.89336155600006,0 103.7728234780001,25.89283493700003,0 103.774277135,25.89007527600006,0 103.7760241240001,25.88870477600005,0 103.7777246750001,25.88802512000007,0 103.7800036410001,25.88860166600006,0 103.7818188330001,25.88892745600003,0 103.7822165580001,25.88933808100006,0 103.782353496,25.88948467500006,0 103.7826532190001,25.89295782600004,0 103.7838823168656,25.89406190403767,0 103.7844805872034,25.89517037121404,0 103.7844815320132,25.89521191072335,0 103.7844417636947,25.89698491865043,0 103.7843791232788,25.89705570500887,0 103.7832347547477,25.89777844115805,0 103.7832375215304,25.8978900938752,0 103.78391695172,25.89849142099605,0 103.7846575921328,25.89852528906954,0 103.7850195940533,25.8983206897862,0 103.7850217134131,25.89836593774345,0 103.7850660649084,25.90012936590565,0 103.7850652019587,25.90079916476137,0 103.7848701660904,25.90156337782481,0 103.7848711363746,25.90158734820124,0 103.7851787530855,25.90246287560005,0 103.7857338470001,25.90297324400007,0 103.7854234400001,25.90350872400006,0 103.7840231600001,25.90412267100004,0 103.7832146660001,25.90420528800007,0 103.7821546970001,25.90406856400006,0 103.779623901,25.90335530900006,0 103.7802305504885,25.90084716975596,0 103.7800195551996,25.89995059381509,0 103.7784132318228,25.89839004021947,0 103.7739516500001,25.89892714800004,0 103.7735127890001,25.89963342200008,0 103.7731071820001,25.90393694000005,0 103.7717267550001,25.90399570200003,0 103.7695977550001,25.90174385200004,0 103.7699111430001,25.89959332400002,0 103.7705224410001,25.89811742700005,0 103.770707191,25.89581165600004,0 103.7652186160001,25.89605978000003,0 103.7648345050001,25.89746645200006,0 103.7639458680001,25.89889516300008,0 103.7637458830001,25.90101767100003,0 
							</coordinates>
						</LinearRing>
					</outerBoundaryIs>
				</Polygon>
			</MultiGeometry>
		</Placemark>
		<Placemark id="ID_00055">
			<name>44585</name>
			<description><![CDATA[<html xmlns:fo="http://www.w3.org/1999/XSL/Format" xmlns:msxsl="urn:schemas-microsoft-com:xslt">

<head>

<META http-equiv="Content-Type" content="text/html">

</head>

<body>

<table>

<tr><td style="white-space: nowrap;"><html xmlns:fo="http://www.w3.org/1999/XSL/Format" xmlns:msxsl="urn:schemas-microsoft-com:xslt">

<head>

<META http-equiv="Content-Type" content="text/html">

</head>

<body>

<table>

<tr><td style="white-space: nowrap;"><html xmlns:fo="http://www.w3.org/1999/XSL/Format" xmlns:msxsl="urn:schemas-microsoft-com:xslt">

<head>

<META http-equiv="Content-Type" content="text/html">

<meta http-equiv="content-type" content="text/html; charset=UTF-8">

</head>

<body style="margin:0px 0px 0px 0px;overflow:auto;background:#FFFFFF;">

<table style="font-family:Arial,Verdana,Times;font-size:12px;text-align:left;width:100%;border-collapse:collapse;padding:3px 3px 3px 3px">

<tr style="text-align:center;font-weight:bold;background:#9CBCE2">

<td>44585</td>

</tr>

<tr>

<td>

<table style="font-family:Arial,Verdana,Times;font-size:12px;text-align:left;width:100%;border-spacing:0px; padding:3px 3px 3px 3px">

<tr>

<td>Id</td>

<td>44585</td>

</tr>

<tr bgcolor="#D4E4F3">

<td>gridcode</td>

<td>23</td>

</tr>

</table>

</td>

</tr>

</table>

</body>

</html></td></tr>

</table>

</body>

</html></td></tr>

</table>

</body>

</html>]]></description>
			<styleUrl>#PolyStyle005797</styleUrl>
			<MultiGeometry>
				<Polygon>
					<outerBoundaryIs>
						<LinearRing>
							<coordinates>
								103.8664347260001,25.87537899300003,0 103.8662452420001,25.87737845700008,0 103.8648218820001,25.88127032200003,0 103.864102529,25.88224843900002,0 103.8605219790001,25.88653843800006,0 103.8580680150001,25.88994175200003,0 103.8576488780001,25.89406693800004,0 103.8569956330001,25.89820336400004,0 103.8572644860001,25.89973526900008,0 103.8578317610001,25.90232298500007,0 103.857524541,25.90378955700004,0 103.8569511110001,25.90566907000004,0 103.8580390720001,25.90958810600006,0 103.8572639600001,25.91068421900008,0 103.8544482980001,25.91113772200004,0 103.8543173570001,25.91343747200006,0 103.8564775170001,25.91431263500004,0 103.8588658590001,25.91468025400008,0 103.8589191870001,25.91638103500003,0 103.857694581,25.91754317100003,0 103.8567501590001,25.91756715300005,0 103.8542750190001,25.91564079700004,0 103.8492590540001,25.91531798300002,0 103.8479608520001,25.91449414900006,0 103.8471648130001,25.91474538100005,0 103.8456932170001,25.91563418700002,0 103.8429774910001,25.91482948400005,0 103.8429468590001,25.91384452300002,0 103.8433457280001,25.91175175100005,0 103.8463525760001,25.90880527000007,0 103.8476935370001,25.90730708200005,0 103.8499830380001,25.90572538600003,0 103.84972415,25.90342785500008,0 103.8491306860001,25.90239004300003,0 103.8488088020001,25.89970592400005,0 103.8464097310001,25.89911347900005,0 103.8419590870001,25.89871734800005,0 103.8407924030001,25.89772172800008,0 103.8413588780001,25.89658155500007,0 103.8447320810001,25.89392187900006,0 103.8458931760001,25.89344366000006,0 103.8475177170001,25.89234959000004,0 103.849834124,25.89229120100004,0 103.8502778270001,25.89316314400003,0 103.8522142270001,25.89325241900008,0 103.8534037410001,25.89087570400005,0 103.8541206520001,25.88740593300003,0 103.852974175,25.88543091100007,0 103.849036831,25.88496519800003,0 103.847062179,25.88362958700003,0 103.8464003180001,25.88186344700006,0 103.8468331020001,25.88021373400005,0 103.850187873,25.87992772100006,0 103.8507569760001,25.87788134000004,0 103.8526580130001,25.87700132800006,0 103.8537503490001,25.87697364500008,0 103.855585364,25.87730899000007,0 103.8596564170001,25.87949078500003,0 103.8614285750001,25.87919860900007,0 103.8611534790001,25.87815563200007,0 103.8605663590001,25.87712868500006,0 103.8609838400001,25.87592138700006,0 103.8629765350001,25.87547318300005,0 103.8664347260001,25.87537899300003,0 
							</coordinates>
						</LinearRing>
					</outerBoundaryIs>
				</Polygon>
			</MultiGeometry>
		</Placemark>
		<Placemark id="ID_00056">
			<name>44947</name>
			<description><![CDATA[<html xmlns:fo="http://www.w3.org/1999/XSL/Format" xmlns:msxsl="urn:schemas-microsoft-com:xslt">

<head>

<META http-equiv="Content-Type" content="text/html">

</head>

<body>

<table>

<tr><td style="white-space: nowrap;"><html xmlns:fo="http://www.w3.org/1999/XSL/Format" xmlns:msxsl="urn:schemas-microsoft-com:xslt">

<head>

<META http-equiv="Content-Type" content="text/html">

</head>

<body>

<table>

<tr><td style="white-space: nowrap;"><html xmlns:fo="http://www.w3.org/1999/XSL/Format" xmlns:msxsl="urn:schemas-microsoft-com:xslt">

<head>

<META http-equiv="Content-Type" content="text/html">

<meta http-equiv="content-type" content="text/html; charset=UTF-8">

</head>

<body style="margin:0px 0px 0px 0px;overflow:auto;background:#FFFFFF;">

<table style="font-family:Arial,Verdana,Times;font-size:12px;text-align:left;width:100%;border-collapse:collapse;padding:3px 3px 3px 3px">

<tr style="text-align:center;font-weight:bold;background:#9CBCE2">

<td>44947</td>

</tr>

<tr>

<td>

<table style="font-family:Arial,Verdana,Times;font-size:12px;text-align:left;width:100%;border-spacing:0px; padding:3px 3px 3px 3px">

<tr>

<td>Id</td>

<td>44947</td>

</tr>

<tr bgcolor="#D4E4F3">

<td>gridcode</td>

<td>23</td>

</tr>

</table>

</td>

</tr>

</table>

</body>

</html></td></tr>

</table>

</body>

</html></td></tr>

</table>

</body>

</html>]]></description>
			<styleUrl>#PolyStyle005797</styleUrl>
			<MultiGeometry>
				<Polygon>
					<outerBoundaryIs>
						<LinearRing>
							<coordinates>
								104.3232825740001,25.86103009600004,0 104.3238337110001,25.86192167500008,0 104.3267023060001,25.86401634200007,0 104.3289763770001,25.86491654600008,0 104.331235076,25.86537080000005,0 104.331814433,25.86579426900005,0 104.3320794130001,25.86609606900004,0 104.3338880520001,25.86671056300003,0 104.3359561200001,25.86822189200007,0 104.3361208150001,25.86948247700008,0 104.3347804300001,25.87043432700006,0 104.3324006490001,25.87079215200004,0 104.3321072380001,25.87280280800007,0 104.332790662,25.87358168400004,0 104.3336163260001,25.87367900100003,0 104.3352755390001,25.87336613900004,0 104.3372445830001,25.87118328400004,0 104.3391179330001,25.87004019000005,0 104.3395465030001,25.87073309000004,0 104.3407698080001,25.87206092900004,0 104.341010935,25.87560395300005,0 104.3415563770001,25.87690687200006,0 104.3426589820001,25.87816483300003,0 104.3424968860001,25.87828890000003,0 104.3422069980001,25.87992789100002,0 104.3416789220001,25.88119668900004,0 104.340083431,25.88151582500007,0 104.3374097560001,25.87933890700003,0 104.336889979,25.87908571900005,0 104.3365043780001,25.88002325200006,0 104.3371655730001,25.88167796400006,0 104.339948748,25.88245038000002,0 104.3412625620001,25.88289346900007,0 104.3421832860001,25.88314902500002,0 104.3432129510001,25.88349649000003,0 104.3444902900001,25.88611917300005,0 104.3449427520001,25.88796696800006,0 104.3433236910001,25.88828785100003,0 104.3408343500001,25.88921388700004,0 104.3394951130001,25.89005654500005,0 104.3391195580001,25.89161451000007,0 104.3416983960001,25.89215826300006,0 104.3449447960001,25.89384461800006,0 104.3447428420001,25.89420425600002,0 104.3446208860001,25.89708388500003,0 104.342737233,25.89724914000004,0 104.3423398780001,25.90209056400005,0 104.341453061,25.90118531100006,0 104.3411210020001,25.89811626200003,0 104.3391810560001,25.89653577100006,0 104.3364094920001,25.89666763700006,0 104.335337645,25.89598435500005,0 104.3337468240001,25.89280873100006,0 104.333415561,25.89140109100003,0 104.3340920520001,25.89029917900007,0 104.3354842920001,25.88919445000005,0 104.335822991,25.88834344500003,0 104.3337248140001,25.88797786200007,0 104.3320658910001,25.88743078400006,0 104.330756384,25.88578374400004,0 104.3295152640001,25.88440324800007,0 104.3296118640001,25.88309074800003,0 104.3341698940001,25.88284297100006,0 104.334668036,25.88222504100003,0 104.333962952,25.88103826200006,0 104.3327542950001,25.88033616000007,0 104.3304880680001,25.88044403100003,0 104.3285359340001,25.88032718000005,0 104.328095353,25.87811875500006,0 104.3264221220001,25.87701042200007,0 104.3254851150001,25.87605322800005,0 104.3248420090001,25.87413289700004,0 104.32338902,25.87328858300003,0 104.323070247,25.87034038700006,0 104.3224522070001,25.86953230000006,0 104.319175644,25.86736038700008,0 104.3188985630001,25.86649845300008,0 104.3207813940001,25.86543696000007,0 104.3216275720001,25.86459592200004,0 104.3215953950001,25.86404835300004,0 104.319506538,25.86331057900003,0 104.319227906,25.86265359400005,0 104.31967818,25.86154817100004,0 104.321978281,25.86147159200004,0 104.3227826280001,25.86111777300005,0 104.3232825740001,25.86103009600004,0 
							</coordinates>
						</LinearRing>
					</outerBoundaryIs>
				</Polygon>
			</MultiGeometry>
		</Placemark>
		<Placemark id="ID_00057">
			<name>45651</name>
			<description><![CDATA[<html xmlns:fo="http://www.w3.org/1999/XSL/Format" xmlns:msxsl="urn:schemas-microsoft-com:xslt">

<head>

<META http-equiv="Content-Type" content="text/html">

</head>

<body>

<table>

<tr><td style="white-space: nowrap;"><html xmlns:fo="http://www.w3.org/1999/XSL/Format" xmlns:msxsl="urn:schemas-microsoft-com:xslt">

<head>

<META http-equiv="Content-Type" content="text/html">

</head>

<body>

<table>

<tr><td style="white-space: nowrap;"><html xmlns:fo="http://www.w3.org/1999/XSL/Format" xmlns:msxsl="urn:schemas-microsoft-com:xslt">

<head>

<META http-equiv="Content-Type" content="text/html">

<meta http-equiv="content-type" content="text/html; charset=UTF-8">

</head>

<body style="margin:0px 0px 0px 0px;overflow:auto;background:#FFFFFF;">

<table style="font-family:Arial,Verdana,Times;font-size:12px;text-align:left;width:100%;border-collapse:collapse;padding:3px 3px 3px 3px">

<tr style="text-align:center;font-weight:bold;background:#9CBCE2">

<td>45651</td>

</tr>

<tr>

<td>

<table style="font-family:Arial,Verdana,Times;font-size:12px;text-align:left;width:100%;border-spacing:0px; padding:3px 3px 3px 3px">

<tr>

<td>Id</td>

<td>45651</td>

</tr>

<tr bgcolor="#D4E4F3">

<td>gridcode</td>

<td>23</td>

</tr>

</table>

</td>

</tr>

</table>

</body>

</html></td></tr>

</table>

</body>

</html></td></tr>

</table>

</body>

</html>]]></description>
			<styleUrl>#PolyStyle0057919</styleUrl>
			<MultiGeometry>
				<Polygon>
					<outerBoundaryIs>
						<LinearRing>
							<coordinates>
								103.9315360680001,25.83889006500004,0 103.9324445010001,25.83915846700006,0 103.9343437790001,25.84049990500006,0 103.9347991760001,25.84196217500005,0 103.9341809030001,25.84349769200003,0 103.9338760840001,25.84488532700004,0 103.9344700380001,25.84539153000003,0 103.935307385,25.84622325400005,0 103.9356285110001,25.84789366800004,0 103.9346523710001,25.84951250100005,0 103.9328052220001,25.85056149700006,0 103.930226722,25.85126911600003,0 103.9205356630001,25.85153898500005,0 103.9191002140001,25.85118513100002,0 103.9168460800001,25.85103321300005,0 103.9155156210001,25.85033474800002,0 103.913696535,25.85006674400006,0 103.911510713,25.84950489500005,0 103.9070191270001,25.84971504000004,0 103.9035571950001,25.85144214900004,0 103.9015376300001,25.85208738200004,0 103.8990374700001,25.85178623300004,0 103.8972072240001,25.85033438000005,0 103.8969537630001,25.84717898900004,0 103.8961609340001,25.84685078100006,0 103.8985128532152,25.84398235374661,0 103.9013658776489,25.84045882487622,0 103.9027173035716,25.83710052342304,0 103.906885979236,25.83640629158501,0 103.9108481657719,25.83518040436088,0 103.9111264288359,25.83509628935398,0 103.9152465657961,25.83451404564305,0 103.9159184746154,25.83693258693136,0 103.9172230364753,25.83796522915356,0 103.9182379354662,25.83923082613657,0 103.9187412026455,25.84086764921541,0 103.9187383022352,25.84185180614584,0 103.9171201780216,25.8415229428771,0 103.9163240094337,25.8429561021999,0 103.9182306042265,25.84304965518997,0 103.9195664970499,25.8436246386558,0 103.9212956990034,25.84323842537682,0 103.9211227553629,25.84238730854216,0 103.9210239212516,25.84218391849704,0 103.9201915847949,25.84134623485813,0 103.920005801678,25.83981465257596,0 103.9205478714775,25.83803511000238,0 103.9221364945269,25.83713798182697,0 103.9226535964839,25.83775292375776,0 103.9226509278478,25.83780188910565,0 103.9226347898879,25.83809575678855,0 103.9224011095544,25.83931141882079,0 103.9233508263267,25.84015244105019,0 103.924433242112,25.83956746749285,0 103.9250200877883,25.83792229049793,0 103.9274957094859,25.8366132864682,0 103.9282846306773,25.83728872537749,0 103.9283763218926,25.83866826859405,0 103.9290194743458,25.83899423526544,0 103.9315360680001,25.83889006500004,0 
							</coordinates>
						</LinearRing>
					</outerBoundaryIs>
				</Polygon>
			</MultiGeometry>
		</Placemark>
		<Placemark id="ID_00058">
			<name>45945</name>
			<description><![CDATA[<html xmlns:fo="http://www.w3.org/1999/XSL/Format" xmlns:msxsl="urn:schemas-microsoft-com:xslt">

<head>

<META http-equiv="Content-Type" content="text/html">

</head>

<body>

<table>

<tr><td style="white-space: nowrap;"><html xmlns:fo="http://www.w3.org/1999/XSL/Format" xmlns:msxsl="urn:schemas-microsoft-com:xslt">

<head>

<META http-equiv="Content-Type" content="text/html">

</head>

<body>

<table>

<tr><td style="white-space: nowrap;"><html xmlns:fo="http://www.w3.org/1999/XSL/Format" xmlns:msxsl="urn:schemas-microsoft-com:xslt">

<head>

<META http-equiv="Content-Type" content="text/html">

<meta http-equiv="content-type" content="text/html; charset=UTF-8">

</head>

<body style="margin:0px 0px 0px 0px;overflow:auto;background:#FFFFFF;">

<table style="font-family:Arial,Verdana,Times;font-size:12px;text-align:left;width:100%;border-collapse:collapse;padding:3px 3px 3px 3px">

<tr style="text-align:center;font-weight:bold;background:#9CBCE2">

<td>45945</td>

</tr>

<tr>

<td>

<table style="font-family:Arial,Verdana,Times;font-size:12px;text-align:left;width:100%;border-spacing:0px; padding:3px 3px 3px 3px">

<tr>

<td>Id</td>

<td>45945</td>

</tr>

<tr bgcolor="#D4E4F3">

<td>gridcode</td>

<td>23</td>

</tr>

</table>

</td>

</tr>

</table>

</body>

</html></td></tr>

</table>

</body>

</html></td></tr>

</table>

</body>

</html>]]></description>
			<styleUrl>#PolyStyle005797</styleUrl>
			<MultiGeometry>
				<Polygon>
					<outerBoundaryIs>
						<LinearRing>
							<coordinates>
								103.8591641350001,25.81019724400005,0 103.8613320160001,25.81142412200006,0 103.8645441160001,25.81160370100002,0 103.8647689220001,25.81502701100004,0 103.8634358210001,25.81686833900005,0 103.8628095870001,25.81765709300004,0 103.8623720700001,25.81926569300003,0 103.8593162660001,25.82146089900004,0 103.8583533340001,25.82301442500005,0 103.8594618170001,25.82277103600006,0 103.8611267470001,25.82174900100006,0 103.8624045490001,25.82306713400004,0 103.8634969790001,25.82321032200002,0 103.8639385820001,25.82423116900003,0 103.8657008630001,25.82527669300004,0 103.8661685370001,25.82539917500003,0 103.8658936800001,25.82841063800004,0 103.8659955520001,25.83030942200003,0 103.8663930920001,25.83134508600006,0 103.8656199750001,25.83363877300008,0 103.864386068,25.83521457100005,0 103.8618048770001,25.83548000500008,0 103.8601072970001,25.83440214300003,0 103.8573828790001,25.83409401400007,0 103.8546176140001,25.83537521700003,0 103.8477523890001,25.83505857200004,0 103.8457482790001,25.83364090000003,0 103.843837174,25.83368920200007,0 103.8428148090001,25.83428105700006,0 103.8432440650001,25.83542714400005,0 103.842841063,25.83560231700005,0 103.840841169,25.83567206100003,0 103.8406816980001,25.83554533000006,0 103.8404218100001,25.83417174800007,0 103.8392451970001,25.83066731700006,0 103.8389699540001,25.82858410600005,0 103.836881217,25.82518210800004,0 103.8345179610001,25.82330422300004,0 103.8347515930001,25.82101895800004,0 103.8345965190001,25.81898417400004,0 103.8356058540001,25.81699941600004,0 103.8359886100001,25.81670927600004,0 103.8364080360001,25.81711210600003,0 103.837032305,25.81739309100004,0 103.8373227320001,25.81767160500004,0 103.8380784360001,25.81834155200005,0 103.8389497360001,25.81917734600006,0 103.839554316,25.81971350300006,0 103.8405193690001,25.82063944500004,0 103.84117897,25.82095428300005,0 103.8417811480001,25.82122550600008,0 103.842071601,25.82150400500007,0 103.8443987890001,25.82278165900004,0 103.8449014130001,25.82368713700004,0 103.8458704120001,25.82554044200003,0 103.84649303,25.82613794900004,0 103.850001245,25.82583373700004,0 103.8526020400001,25.82466092400006,0 103.8553009550001,25.82373443200004,0 103.8561324040001,25.82303097200003,0 103.8571449260001,25.82085453100007,0 103.856519216,25.81793077300006,0 103.8577308860001,25.81652889000003,0 103.8586404090001,25.81575945400005,0 103.8575482900001,25.81468247900006,0 103.8567136190001,25.81422449800004,0 103.8563997840001,25.81096302900005,0 103.8571989980001,25.81057212200005,0 103.8590234910001,25.81034090300005,0 103.8591641350001,25.81019724400005,0 
							</coordinates>
						</LinearRing>
					</outerBoundaryIs>
				</Polygon>
			</MultiGeometry>
		</Placemark>
		<Placemark id="ID_00059">
			<name>46386</name>
			<description><![CDATA[<html xmlns:fo="http://www.w3.org/1999/XSL/Format" xmlns:msxsl="urn:schemas-microsoft-com:xslt">

<head>

<META http-equiv="Content-Type" content="text/html">

</head>

<body>

<table>

<tr><td style="white-space: nowrap;"><html xmlns:fo="http://www.w3.org/1999/XSL/Format" xmlns:msxsl="urn:schemas-microsoft-com:xslt">

<head>

<META http-equiv="Content-Type" content="text/html">

</head>

<body>

<table>

<tr><td style="white-space: nowrap;"><html xmlns:fo="http://www.w3.org/1999/XSL/Format" xmlns:msxsl="urn:schemas-microsoft-com:xslt">

<head>

<META http-equiv="Content-Type" content="text/html">

<meta http-equiv="content-type" content="text/html; charset=UTF-8">

</head>

<body style="margin:0px 0px 0px 0px;overflow:auto;background:#FFFFFF;">

<table style="font-family:Arial,Verdana,Times;font-size:12px;text-align:left;width:100%;border-collapse:collapse;padding:3px 3px 3px 3px">

<tr style="text-align:center;font-weight:bold;background:#9CBCE2">

<td>46386</td>

</tr>

<tr>

<td>

<table style="font-family:Arial,Verdana,Times;font-size:12px;text-align:left;width:100%;border-spacing:0px; padding:3px 3px 3px 3px">

<tr>

<td>Id</td>

<td>46386</td>

</tr>

<tr bgcolor="#D4E4F3">

<td>gridcode</td>

<td>23</td>

</tr>

</table>

</td>

</tr>

</table>

</body>

</html></td></tr>

</table>

</body>

</html></td></tr>

</table>

</body>

</html>]]></description>
			<styleUrl>#PolyStyle0057916</styleUrl>
			<MultiGeometry>
				<Polygon>
					<outerBoundaryIs>
						<LinearRing>
							<coordinates>
								103.6696067360001,25.79213022900007,0 103.6751618050001,25.79232224900005,0 103.67567868,25.79340450700005,0 103.6766530840001,25.79348666900006,0 103.6773043060001,25.79221738100006,0 103.678482961,25.79076100000002,0 103.6798917790001,25.78862525900007,0 103.6830754490001,25.78843300900007,0 103.6826412562581,25.78955134840802,0 103.6813538340536,25.79016364586441,0 103.6804494115793,25.79123907345071,0 103.6809080826935,25.79285431632712,0 103.6816008179009,25.79343770300961,0 103.6824840677235,25.79095588855701,0 103.6843020641986,25.79027873105921,0 103.6844044090126,25.7903162809595,0 103.6859648390727,25.79103953682846,0 103.6853299440108,25.7924214159003,0 103.6843080259455,25.79356474324391,0 103.6832935857017,25.79401762191765,0 103.6823891701485,25.79501972492465,0 103.6808825880066,25.79631294620973,0 103.681863591852,25.79857238632812,0 103.6822439697368,25.79923806034083,0 103.6829069903031,25.79950048493329,0 103.6812320898773,25.79985195201865,0 103.679845700397,25.80009648988033,0 103.6798426812411,25.80012898351825,0 103.6799936540121,25.80085529850003,0 103.6802445547875,25.80086958275603,0 103.6814280194966,25.80093562447892,0 103.6826110409738,25.80167471803683,0 103.6826622225156,25.80273348468459,0 103.6832356925794,25.80397175330112,0 103.6847897009857,25.80486543654272,0 103.68520830552,25.80511092448501,0 103.6856028760001,25.80536645500007,0 103.687301614,25.80275500400006,0 103.6886771140001,25.79961458100007,0 103.6894297710001,25.79924780000005,0 103.6898924240001,25.79912823300003,0 103.6908651140001,25.79929257000003,0 103.6911937230001,25.80128966700005,0 103.6887443730001,25.80397563500003,0 103.6881547340001,25.80628262900007,0 103.6870713430001,25.80747052500004,0 103.6866086430001,25.80759007800003,0 103.6842232670001,25.80889223000003,0 103.6838725530001,25.81163025200004,0 103.6833841070001,25.81278087300007,0 103.6815669930001,25.81469975600004,0 103.6790081990001,25.81479655100003,0 103.6777473130001,25.81565291900006,0 103.675480904,25.81550380300007,0 103.673898905,25.81664174800005,0 103.673072866,25.81688668100004,0 103.6718113100001,25.81584960200007,0 103.6733542960001,25.81410462600007,0 103.6757874860001,25.81244182500006,0 103.6766733600001,25.81044561600004,0 103.6772883370001,25.80945722200005,0 103.6776067760001,25.80816262300004,0 103.6759682630001,25.80620467200004,0 103.6743882000001,25.80584028700002,0 103.6740030380001,25.80961826300006,0 103.6736033990001,25.81089445500004,0 103.6711852500001,25.81119012200003,0 103.6698004660001,25.81049030100007,0 103.6675934960001,25.80954543000007,0 103.664719775,25.80920668400006,0 103.6641349640001,25.80773467900008,0 103.6653603410001,25.80600149000003,0 103.6657425890001,25.80252083300007,0 103.6675923130001,25.80223292000005,0 103.6689159190001,25.80093384700007,0 103.6687547370001,25.79779406800003,0 103.6687940590001,25.79731616200007,0 103.6700102610001,25.79579042000006,0 103.6703230400001,25.79381653400003,0 103.6697382690001,25.79281496600004,0 103.6696067360001,25.79213022900007,0 
							</coordinates>
						</LinearRing>
					</outerBoundaryIs>
				</Polygon>
			</MultiGeometry>
		</Placemark>
		<Placemark id="ID_00060">
			<name>47150</name>
			<description><![CDATA[<html xmlns:fo="http://www.w3.org/1999/XSL/Format" xmlns:msxsl="urn:schemas-microsoft-com:xslt">

<head>

<META http-equiv="Content-Type" content="text/html">

</head>

<body>

<table>

<tr><td style="white-space: nowrap;"><html xmlns:fo="http://www.w3.org/1999/XSL/Format" xmlns:msxsl="urn:schemas-microsoft-com:xslt">

<head>

<META http-equiv="Content-Type" content="text/html">

</head>

<body>

<table>

<tr><td style="white-space: nowrap;"><html xmlns:fo="http://www.w3.org/1999/XSL/Format" xmlns:msxsl="urn:schemas-microsoft-com:xslt">

<head>

<META http-equiv="Content-Type" content="text/html">

<meta http-equiv="content-type" content="text/html; charset=UTF-8">

</head>

<body style="margin:0px 0px 0px 0px;overflow:auto;background:#FFFFFF;">

<table style="font-family:Arial,Verdana,Times;font-size:12px;text-align:left;width:100%;border-collapse:collapse;padding:3px 3px 3px 3px">

<tr style="text-align:center;font-weight:bold;background:#9CBCE2">

<td>47150</td>

</tr>

<tr>

<td>

<table style="font-family:Arial,Verdana,Times;font-size:12px;text-align:left;width:100%;border-spacing:0px; padding:3px 3px 3px 3px">

<tr>

<td>Id</td>

<td>47150</td>

</tr>

<tr bgcolor="#D4E4F3">

<td>gridcode</td>

<td>23</td>

</tr>

</table>

</td>

</tr>

</table>

</body>

</html></td></tr>

</table>

</body>

</html></td></tr>

</table>

</body>

</html>]]></description>
			<styleUrl>#PolyStyle005797</styleUrl>
			<MultiGeometry>
				<Polygon>
					<outerBoundaryIs>
						<LinearRing>
							<coordinates>
								104.333016979,25.76274926900004,0 104.335622383,25.76291542600006,0 104.3370557370001,25.76452470200007,0 104.3374119230001,25.76891549800007,0 104.3387236300001,25.77020893600007,0 104.3416059610001,25.76992513500005,0 104.3433060210001,25.76888536300004,0 104.3452667610001,25.76861602000002,0 104.347685288,25.76730074700004,0 104.3497966670001,25.76772354600007,0 104.3502172180001,25.77107765100004,0 104.3533259420001,25.77259759700007,0 104.3531356190001,25.77390154400007,0 104.3508357970001,25.77514214800004,0 104.3501419190001,25.77540086100004,0 104.349573047,25.77569777700006,0 104.3473636040001,25.77625306300007,0 104.3468249270001,25.77738394000005,0 104.3460610220001,25.77792797100005,0 104.344312529,25.77836745600007,0 104.3444661170001,25.77953963800007,0 104.3450455600001,25.77996393800004,0 104.3451779450001,25.78011486000003,0 104.345312269,25.78200144300007,0 104.3465173120001,25.78294977200005,0 104.347343504,25.78382539200004,0 104.348892661,25.78504433100005,0 104.3496547340001,25.78661110600007,0 104.3504990020001,25.78750606000006,0 104.3522898530001,25.78811079800005,0 104.3528140770001,25.78727747000005,0 104.3523977840001,25.78557634100002,0 104.350708103,25.78378511700004,0 104.348446826,25.78234615500003,0 104.3481656320001,25.78148352900007,0 104.3507237860001,25.78162370500007,0 104.352562999,25.78224483000003,0 104.353079924,25.78435949800007,0 104.3536474790001,25.78627735000003,0 104.354424737,25.78688876800004,0 104.3572757690001,25.78760623000005,0 104.3588158510001,25.78848512200005,0 104.3613623990001,25.79118379500005,0 104.361717873,25.79216262100005,0 104.3606159330001,25.79354433200007,0 104.3569874560001,25.79326042200006,0 104.3547464060001,25.79156792700007,0 104.349668486,25.78955260100003,0 104.3485802440001,25.78782533700007,0 104.347833683,25.78686260900003,0 104.3463295890001,25.78660620100004,0 104.3458907580001,25.78592285600007,0 104.345272181,25.78539965400006,0 104.3441269930001,25.78427067100006,0 104.3424412590001,25.78284451100006,0 104.3414491840001,25.78112721300005,0 104.341141393,25.77402623200004,0 104.3403284660001,25.77399234100005,0 104.3396384450001,25.77428082900008,0 104.3371006,25.77688282200006,0 104.3360452010001,25.77954091500004,0 104.3365140860001,25.78018359500004,0 104.3385453690001,25.78054568700002,0 104.3397119310001,25.78193608800007,0 104.3405194730001,25.78350479700004,0 104.3421760900001,25.78490679900006,0 104.340778943,25.78643275400003,0 104.3406318850001,25.78684242800006,0 104.3386887490001,25.78649595100006,0 104.3383393170001,25.78370782000008,0 104.3375282160001,25.78373196900003,0 104.337191289,25.78669196400006,0 104.3368456780001,25.78694951500006,0 104.3358644880001,25.78598265200003,0 104.334515745,25.78484126100005,0 104.3342438780001,25.77990894200008,0 104.3331898600001,25.77977274800003,0 104.3338242330001,25.77729446500008,0 104.3342711440001,25.77695230200004,0 104.3345528070001,25.77639356500004,0 104.3351557460001,25.77593149200004,0 104.3348082460001,25.77479399800006,0 104.3336636460001,25.77503722100005,0 104.3320459320001,25.77583800400004,0 104.3297628880001,25.77557399400007,0 104.328890126,25.77500823700007,0 104.3277574780001,25.77435909000008,0 104.325908493,25.77290313900005,0 104.3262690760001,25.77112030500007,0 104.329761686,25.76995000000005,0 104.330343488,25.76902446700007,0 104.3304615220001,25.76780163500007,0 104.3298500290001,25.76690815400008,0 104.3296899900001,25.76678210600005,0 104.3311319360001,25.76488574100006,0 104.3328469380001,25.76286592600008,0 104.333016979,25.76274926900004,0 
							</coordinates>
						</LinearRing>
					</outerBoundaryIs>
				</Polygon>
			</MultiGeometry>
		</Placemark>
		<Placemark id="ID_00061">
			<name>47261</name>
			<description><![CDATA[<html xmlns:fo="http://www.w3.org/1999/XSL/Format" xmlns:msxsl="urn:schemas-microsoft-com:xslt">

<head>

<META http-equiv="Content-Type" content="text/html">

</head>

<body>

<table>

<tr><td style="white-space: nowrap;"><html xmlns:fo="http://www.w3.org/1999/XSL/Format" xmlns:msxsl="urn:schemas-microsoft-com:xslt">

<head>

<META http-equiv="Content-Type" content="text/html">

</head>

<body>

<table>

<tr><td style="white-space: nowrap;"><html xmlns:fo="http://www.w3.org/1999/XSL/Format" xmlns:msxsl="urn:schemas-microsoft-com:xslt">

<head>

<META http-equiv="Content-Type" content="text/html">

<meta http-equiv="content-type" content="text/html; charset=UTF-8">

</head>

<body style="margin:0px 0px 0px 0px;overflow:auto;background:#FFFFFF;">

<table style="font-family:Arial,Verdana,Times;font-size:12px;text-align:left;width:100%;border-collapse:collapse;padding:3px 3px 3px 3px">

<tr style="text-align:center;font-weight:bold;background:#9CBCE2">

<td>47261</td>

</tr>

<tr>

<td>

<table style="font-family:Arial,Verdana,Times;font-size:12px;text-align:left;width:100%;border-spacing:0px; padding:3px 3px 3px 3px">

<tr>

<td>Id</td>

<td>47261</td>

</tr>

<tr bgcolor="#D4E4F3">

<td>gridcode</td>

<td>23</td>

</tr>

</table>

</td>

</tr>

</table>

</body>

</html></td></tr>

</table>

</body>

</html></td></tr>

</table>

</body>

</html>]]></description>
			<styleUrl>#PolyStyle005791</styleUrl>
			<MultiGeometry>
				<Polygon>
					<outerBoundaryIs>
						<LinearRing>
							<coordinates>
								103.716791442,25.78431376000003,0 103.7163378270001,25.78417865000006,0 103.7128124240001,25.78282501300004,0 103.7106659820001,25.78249117800004,0 103.7088085220001,25.78217704900004,0 103.7068805710001,25.78094774000006,0 103.7050021700001,25.78026308300002,0 103.7034464540001,25.77909085700003,0 103.7029396680001,25.77596217800004,0 103.7014895720001,25.77562817400008,0 103.700573794,25.77635913300003,0 103.7020992080001,25.77820182500005,0 103.7019777390001,25.78027893700005,0 103.7013111640001,25.78082099300008,0 103.6990145770001,25.78071182600007,0 103.6956710790001,25.77819291200007,0 103.6942649040001,25.77617236900005,0 103.6920314500001,25.77535766400007,0 103.6910073380001,25.77456362400005,0 103.6931585960001,25.77334735500006,0 103.6931194200001,25.77202089100007,0 103.68963618,25.77024263200008,0 103.6880955810001,25.76870353200008,0 103.6867438200001,25.76754453800003,0 103.6855822540001,25.76587453600007,0 103.6838512320001,25.76511260400002,0 103.681988366,25.76392394200008,0 103.681136844,25.76307247200003,0 103.6813378560001,25.75964062000003,0 103.6834433920001,25.75893061500005,0 103.6855340530001,25.75743742300006,0 103.685867763,25.75631775100004,0 103.6834397680001,25.75372474700004,0 103.6835514740001,25.75182075300006,0 103.6865281540001,25.75196265500006,0 103.6924824390001,25.75551087400004,0 103.692763906,25.75611826800002,0 103.6920489000001,25.75729914200008,0 103.690424019,25.75765218000004,0 103.6890916640001,25.75573708800005,0 103.6883316030001,25.75575521700006,0 103.6891569110001,25.75763710200005,0 103.6894005386417,25.75988266323589,0 103.6873950413647,25.75917674543263,0 103.6863233157736,25.76020549556094,0 103.6873075551897,25.76283945619512,0 103.6888266637667,25.7630454101291,0 103.6889088017366,25.76305059996232,0 103.6904430007312,25.7639506942427,0 103.6904250475675,25.76414149374448,0 103.6903079439716,25.76512539739265,0 103.6905171728548,25.76513793834299,0 103.6929737844927,25.76525916157799,0 103.6936572652094,25.76719294362628,0 103.694618194846,25.7688514227661,0 103.6954822750859,25.77023889263408,0 103.6963403933583,25.77178925398222,0 103.697391590989,25.77215952953628,0 103.69819709132,25.77167236707398,0 103.6985343783261,25.77235803529822,0 103.6985289432419,25.77243542933704,0 103.6983369917917,25.77384091572866,0 103.6995969094721,25.77412529869099,0 103.7006981679062,25.7738806248674,0 103.701585353,25.77237620200003,0 103.7029433600001,25.77174886300003,0 103.7033516860001,25.77003395700007,0 103.702051349,25.76846305000004,0 103.6997953870001,25.76723154300004,0 103.6985177050001,25.76632399200003,0 103.6986616650001,25.76387181700005,0 103.7008482860001,25.76346090300007,0 103.703079755,25.76455911600004,0 103.70388431,25.76470739200005,0 103.7039991290001,25.76660212200005,0 103.7063679350001,25.76784648000006,0 103.7067119670001,25.77061548300003,0 103.7087226750001,25.77218014200003,0 103.709828471,25.77158116300006,0 103.7102599450001,25.77060695400007,0 103.7105927490001,25.76871934400003,0 103.7111828290001,25.76896638500006,0 103.711642925,25.76998745100008,0 103.7133323940001,25.77178892800004,0 103.7139763530001,25.77321823400007,0 103.7154362080001,25.77430028600003,0 103.7165682880001,25.77733751700004,0 103.716791442,25.78431376000003,0 
							</coordinates>
						</LinearRing>
					</outerBoundaryIs>
					<innerBoundaryIs>
						<LinearRing>
							<coordinates>
								103.7067444930001,25.77419856500006,0 103.7055434550001,25.77433539400005,0 103.7064438130001,25.77596301700004,0 103.704784089,25.77591290100003,0 103.7044698120001,25.77622744100006,0 103.7054247610001,25.77707647900007,0 103.7074652160001,25.77663074400006,0 103.7074443380001,25.77718437600004,0 103.7085152560001,25.77766822100006,0 103.708930476,25.77831061300003,0 103.7068304260001,25.77902904900003,0 103.7082536040001,25.77989437000008,0 103.7088956820001,25.78112785600007,0 103.7099479670001,25.78112092300006,0 103.709501151,25.78031324900007,0 103.709040815,25.77942862600003,0 103.7101324240001,25.77896696800008,0 103.7101253740001,25.77815626100005,0 103.71015579,25.77734599000007,0 103.7095479050001,25.77707129900006,0 103.7088245470001,25.77672479500006,0 103.7067444930001,25.77419856500006,0 
							</coordinates>
						</LinearRing>
					</innerBoundaryIs>
				</Polygon>
			</MultiGeometry>
		</Placemark>
		<Placemark id="ID_00062">
			<name>48699</name>
			<description><![CDATA[<html xmlns:fo="http://www.w3.org/1999/XSL/Format" xmlns:msxsl="urn:schemas-microsoft-com:xslt">

<head>

<META http-equiv="Content-Type" content="text/html">

</head>

<body>

<table>

<tr><td style="white-space: nowrap;"><html xmlns:fo="http://www.w3.org/1999/XSL/Format" xmlns:msxsl="urn:schemas-microsoft-com:xslt">

<head>

<META http-equiv="Content-Type" content="text/html">

</head>

<body>

<table>

<tr><td style="white-space: nowrap;"><html xmlns:fo="http://www.w3.org/1999/XSL/Format" xmlns:msxsl="urn:schemas-microsoft-com:xslt">

<head>

<META http-equiv="Content-Type" content="text/html">

<meta http-equiv="content-type" content="text/html; charset=UTF-8">

</head>

<body style="margin:0px 0px 0px 0px;overflow:auto;background:#FFFFFF;">

<table style="font-family:Arial,Verdana,Times;font-size:12px;text-align:left;width:100%;border-collapse:collapse;padding:3px 3px 3px 3px">

<tr style="text-align:center;font-weight:bold;background:#9CBCE2">

<td>48699</td>

</tr>

<tr>

<td>

<table style="font-family:Arial,Verdana,Times;font-size:12px;text-align:left;width:100%;border-spacing:0px; padding:3px 3px 3px 3px">

<tr>

<td>Id</td>

<td>48699</td>

</tr>

<tr bgcolor="#D4E4F3">

<td>gridcode</td>

<td>23</td>

</tr>

</table>

</td>

</tr>

</table>

</body>

</html></td></tr>

</table>

</body>

</html></td></tr>

</table>

</body>

</html>]]></description>
			<styleUrl>#PolyStyle005797</styleUrl>
			<MultiGeometry>
				<Polygon>
					<outerBoundaryIs>
						<LinearRing>
							<coordinates>
								103.9384442400001,25.69965916800004,0 103.9383073370001,25.69951268500006,0 103.9365270860001,25.69809851000002,0 103.9369054470001,25.69608678800006,0 103.9387879490001,25.69548340300003,0 103.9425075380001,25.69578843100004,0 103.9444270500001,25.69725294600005,0 103.9474550420001,25.69787923200005,0 103.9488067410001,25.69619692700007,0 103.9485465000001,25.69474624400004,0 103.9476563360001,25.69403910200003,0 103.9481787660001,25.69333464500005,0 103.9496548580001,25.69260999600004,0 103.9522466870001,25.69220872200003,0 103.953678063,25.69130174100008,0 103.9554417750001,25.69008222700007,0 103.9574267690001,25.68944544000004,0 103.95865509,25.69029955900004,0 103.9600220200001,25.69176176000008,0 103.9612674700001,25.69240459400003,0 103.9647484100001,25.69300803200002,0 103.9674370000001,25.69278309100002,0 103.971912424,25.69093576600005,0 103.975224853,25.69072675600006,0 103.974935643,25.69177214600006,0 103.9734457390001,25.69336429000003,0 103.9733461130001,25.69435046900003,0 103.9748794060001,25.69474456600005,0 103.9756377320001,25.69487673300006,0 103.9767120650001,25.69499705500004,0 103.9775869850001,25.69552302300008,0 103.978187925,25.69632594200004,0 103.9783082010001,25.69706368900006,0 103.9779498240001,25.69873816000006,0 103.9767590170001,25.69933650200005,0 103.9748405220001,25.69834712000005,0 103.9737234730001,25.69715245300006,0 103.9717991920001,25.69687794500004,0 103.9708929490001,25.69780747900006,0 103.96931993,25.70030403700002,0 103.9689750210001,25.70130082600008,0 103.9685866870001,25.70154659800005,0 103.968251126,25.70300032500006,0 103.9692961630001,25.70369157500005,0 103.9701735580001,25.70482015200003,0 103.9713274120001,25.70510648200008,0 103.971492008,25.70549598900004,0 103.9717398860001,25.70749805000003,0 103.9735513040001,25.70875829800008,0 103.9736738120001,25.70945249700003,0 103.973448734,25.71010201700005,0 103.9716027900001,25.71036902200007,0 103.9700208570001,25.70955296400007,0 103.967823761,25.70927267800005,0 103.9645740450001,25.70860108100004,0 103.9630922320001,25.70783679700003,0 103.9600710490001,25.70658605900007,0 103.9552855010001,25.70564100900003,0 103.9534639780001,25.70517265200004,0 103.952201899,25.70474073600008,0 103.9514559940001,25.70394291000002,0 103.9502194520001,25.70343071600007,0 103.9499455960001,25.70313778400004,0 103.9478362620001,25.70232690800003,0 103.9447936890001,25.70103830800002,0 103.9410014110001,25.70047955700005,0 103.9393619240001,25.69991822300005,0 103.9384442400001,25.69965916800004,0 
							</coordinates>
						</LinearRing>
					</outerBoundaryIs>
				</Polygon>
			</MultiGeometry>
		</Placemark>
		<Placemark id="ID_00063">
			<name>49159</name>
			<description><![CDATA[<html xmlns:fo="http://www.w3.org/1999/XSL/Format" xmlns:msxsl="urn:schemas-microsoft-com:xslt">

<head>

<META http-equiv="Content-Type" content="text/html">

</head>

<body>

<table>

<tr><td style="white-space: nowrap;"><html xmlns:fo="http://www.w3.org/1999/XSL/Format" xmlns:msxsl="urn:schemas-microsoft-com:xslt">

<head>

<META http-equiv="Content-Type" content="text/html">

</head>

<body>

<table>

<tr><td style="white-space: nowrap;"><html xmlns:fo="http://www.w3.org/1999/XSL/Format" xmlns:msxsl="urn:schemas-microsoft-com:xslt">

<head>

<META http-equiv="Content-Type" content="text/html">

<meta http-equiv="content-type" content="text/html; charset=UTF-8">

</head>

<body style="margin:0px 0px 0px 0px;overflow:auto;background:#FFFFFF;">

<table style="font-family:Arial,Verdana,Times;font-size:12px;text-align:left;width:100%;border-collapse:collapse;padding:3px 3px 3px 3px">

<tr style="text-align:center;font-weight:bold;background:#9CBCE2">

<td>49159</td>

</tr>

<tr>

<td>

<table style="font-family:Arial,Verdana,Times;font-size:12px;text-align:left;width:100%;border-spacing:0px; padding:3px 3px 3px 3px">

<tr>

<td>Id</td>

<td>49159</td>

</tr>

<tr bgcolor="#D4E4F3">

<td>gridcode</td>

<td>23</td>

</tr>

</table>

</td>

</tr>

</table>

</body>

</html></td></tr>

</table>

</body>

</html></td></tr>

</table>

</body>

</html>]]></description>
			<styleUrl>#PolyStyle0057911</styleUrl>
			<MultiGeometry>
				<Polygon>
					<outerBoundaryIs>
						<LinearRing>
							<coordinates>
								103.7280386640001,25.66796682000006,0 103.7284850220001,25.66783129100003,0 103.7290407770001,25.66785751200007,0 103.7299642,25.66900928000007,0 103.7290884450001,25.67117655900006,0 103.7299834200001,25.67194472000006,0 103.7321765470001,25.67259929900007,0 103.733970588,25.67319037600004,0 103.734379646,25.67437206300008,0 103.731082422,25.67461887700006,0 103.7287893170001,25.67519632400007,0 103.7293419850001,25.67668085500003,0 103.7362981010001,25.67651209300004,0 103.7384852580001,25.67735255300005,0 103.7390516120001,25.67791836300006,0 103.7394003480001,25.67931998600005,0 103.7409685980001,25.68025940100006,0 103.7417499950001,25.68259030700006,0 103.7423416920001,25.68393793000007,0 103.7426128070001,25.68512430500005,0 103.7411639480001,25.68554614800007,0 103.738608749,25.68361988700008,0 103.737255056,25.68280907800005,0 103.7343342440001,25.68073359400006,0 103.7315562680001,25.68031094500003,0 103.7296284230001,25.68147568000006,0 103.7291820090001,25.68276519500006,0 103.7299010150001,25.68403095000008,0 103.732949906,25.68437070900006,0 103.7351478960001,25.68358515900007,0 103.7367924750001,25.68334433300004,0 103.7389519070001,25.68487862800004,0 103.7392813720001,25.68777630600005,0 103.7382022230001,25.68956139100004,0 103.737758979,25.69038271200003,0 103.7369673640001,25.69139323400004,0 103.7356590320001,25.69245904500008,0 103.7339537560001,25.69276091300003,0 103.7332393410001,25.69231982500003,0 103.7353879380001,25.68957711100006,0 103.7353549900001,25.68847186300008,0 103.7299848915,25.69218066010295,0 103.7240608998888,25.69513820465848,0 103.7188019192419,25.69460889231765,0 103.7208700962036,25.6889987737102,0 103.719799931346,25.6892549828253,0 103.7174595115021,25.69004869444708,0 103.7131704210001,25.69171948500008,0 103.7116118348549,25.68980952896064,0 103.7122832998195,25.68772658477705,0 103.7126495807007,25.68663067862024,0 103.7133999728709,25.68543041310735,0 103.7143929980001,25.68568258200003,0 103.7147477470001,25.68615101000006,0 103.7141193090001,25.68820640300004,0 103.713806768,25.68993132200006,0 103.7168939060001,25.68985704600004,0 103.7181264150001,25.68838039400003,0 103.7210369600001,25.68694620900004,0 103.7220541040001,25.68633168700006,0 103.7232120890001,25.68523207100003,0 103.7231630590001,25.68358314800003,0 103.720576807,25.68136363500003,0 103.7199320790001,25.68043600100003,0 103.7187575010001,25.67901625400003,0 103.7194307830001,25.67790335300003,0 103.722499741,25.67804911100006,0 103.7244304830001,25.67914739000003,0 103.7265290030001,25.67943143600007,0 103.7271360200001,25.67840667500008,0 103.7255130280001,25.67655842000005,0 103.7220777040001,25.67614691000006,0 103.7184343873768,25.67362281368772,0 103.7201462384423,25.67504741834246,0 103.7202271310001,25.67177566000004,0 103.722358533,25.67195538500005,0 103.726624094,25.66961181200003,0 103.727150792,25.66810251700002,0 103.7280386640001,25.66796682000006,0 
							</coordinates>
						</LinearRing>
					</outerBoundaryIs>
				</Polygon>
			</MultiGeometry>
		</Placemark>
		<Placemark id="ID_00064">
			<name>49533</name>
			<description><![CDATA[<html xmlns:fo="http://www.w3.org/1999/XSL/Format" xmlns:msxsl="urn:schemas-microsoft-com:xslt">

<head>

<META http-equiv="Content-Type" content="text/html">

</head>

<body>

<table>

<tr><td style="white-space: nowrap;"><html xmlns:fo="http://www.w3.org/1999/XSL/Format" xmlns:msxsl="urn:schemas-microsoft-com:xslt">

<head>

<META http-equiv="Content-Type" content="text/html">

</head>

<body>

<table>

<tr><td style="white-space: nowrap;"><html xmlns:fo="http://www.w3.org/1999/XSL/Format" xmlns:msxsl="urn:schemas-microsoft-com:xslt">

<head>

<META http-equiv="Content-Type" content="text/html">

<meta http-equiv="content-type" content="text/html; charset=UTF-8">

</head>

<body style="margin:0px 0px 0px 0px;overflow:auto;background:#FFFFFF;">

<table style="font-family:Arial,Verdana,Times;font-size:12px;text-align:left;width:100%;border-collapse:collapse;padding:3px 3px 3px 3px">

<tr style="text-align:center;font-weight:bold;background:#9CBCE2">

<td>49533</td>

</tr>

<tr>

<td>

<table style="font-family:Arial,Verdana,Times;font-size:12px;text-align:left;width:100%;border-spacing:0px; padding:3px 3px 3px 3px">

<tr>

<td>Id</td>

<td>49533</td>

</tr>

<tr bgcolor="#D4E4F3">

<td>gridcode</td>

<td>23</td>

</tr>

</table>

</td>

</tr>

</table>

</body>

</html></td></tr>

</table>

</body>

</html></td></tr>

</table>

</body>

</html>]]></description>
			<styleUrl>#PolyStyle005797</styleUrl>
			<MultiGeometry>
				<Polygon>
					<outerBoundaryIs>
						<LinearRing>
							<coordinates>
								103.6279035100001,25.65703204200003,0 103.6276976300001,25.65611929400006,0 103.629158186,25.65501430600006,0 103.6286952630001,25.65339828800006,0 103.6287391970001,25.65297251500004,0 103.629514316,25.65260205500005,0 103.6310113320001,25.65454086100004,0 103.6327494930001,25.65443631000005,0 103.6331675100001,25.65466931700007,0 103.6322286120001,25.65688293600005,0 103.6323507290001,25.65853665500003,0 103.6311654780001,25.65899652600007,0 103.6304139110001,25.66000371700004,0 103.6315918060001,25.66094597200004,0 103.6318402430001,25.66317299800005,0 103.6324676370001,25.66367468600004,0 103.6363874460001,25.66404910000006,0 103.6362813090001,25.66506775000004,0 103.6348010150001,25.66535215100004,0 103.6334811560001,25.66566069800007,0 103.6330138990001,25.66619892300002,0 103.6346194210001,25.66686980800007,0 103.6366018560001,25.66802153100008,0 103.6361996540001,25.66928092800004,0 103.6362515290001,25.66998397500004,0 103.6357971670001,25.67032782500007,0 103.6343966210001,25.67020855300007,0 103.6338922370001,25.66750326600004,0 103.6325939800001,25.66723689200006,0 103.6316802590001,25.67234982900004,0 103.633068554,25.67315923800004,0 103.633722499,25.67453282500002,0 103.6354048890001,25.67523551700003,0 103.6352138200001,25.67706738600003,0 103.6366930850001,25.67697856600006,0 103.638802765,25.67785542800004,0 103.642114474,25.67814659600003,0 103.6426866370001,25.67844400900003,0 103.6436032430001,25.67870554700005,0 103.6444881930001,25.67916570800003,0 103.6447088040001,25.68333413400006,0 103.64502665,25.68358827600002,0 103.6452994480001,25.68388198200006,0 103.6456172970001,25.68413612200004,0 103.6458900980001,25.68442982600004,0 103.6475184320001,25.68551595500003,0 103.649963353,25.68621299000006,0 103.6503659920001,25.68883867000005,0 103.652944608,25.69189430300003,0 103.6532454090001,25.69316914100006,0 103.6540496860001,25.69422261500006,0 103.6582473130001,25.69629542200005,0 103.658417979,25.69849269200006,0 103.6534118060001,25.69856059600005,0 103.6536391060001,25.70301521200003,0 103.6530468400001,25.70341943900007,0 103.6525197750001,25.70287244500003,0 103.6519082880001,25.70260999100003,0 103.6516376260001,25.70178055300005,0 103.6510430750001,25.70128762100006,0 103.6507595680001,25.70041842900002,0 103.6503854760001,25.69977669400004,0 103.6498608570001,25.69934162100003,0 103.6495902240001,25.69851217000007,0 103.6492863810001,25.69771292500008,0 103.6490239080001,25.69634301800005,0 103.6487160020001,25.69581399300006,0 103.648449467,25.69471430400006,0 103.6481374920001,25.69445550200004,0 103.6478668900001,25.69362603500002,0 103.6475549200001,25.69336723000004,0 103.647276166,25.69307821600006,0 103.6469642000001,25.69281940900004,0 103.6466854500001,25.69253039300003,0 103.64607405,25.69226790000005,0 103.6457953040001,25.69197888000008,0 103.6451839110001,25.69171638200004,0 103.6449051690001,25.69142736000003,0 103.6399039570001,25.69103913700008,0 103.6395317650001,25.69027991300004,0 103.6389204020001,25.69001737800005,0 103.6385152330001,25.68877313400003,0 103.6380467600001,25.68838487400006,0 103.6377762700001,25.68755536700007,0 103.637402325,25.68691356400007,0 103.6368778440001,25.68647841200004,0 103.6366032570001,25.68591913100005,0 103.6360198640001,25.68543546900003,0 103.635721469,25.68482705800005,0 103.635409565,25.68456821200005,0 103.635130878,25.68427916000007,0 103.6345195680001,25.68401659600005,0 103.6342408850001,25.68372754000006,0 103.633334296,25.68319101500003,0 103.6330556200001,25.68290195600002,0 103.6327437300001,25.68264310200004,0 103.6324650570001,25.68235404100005,0 103.631840707,25.68183605500008,0 103.6312839540001,25.68125819700003,0 103.630972076,25.68099933700006,0 103.6306934140001,25.68071027000008,0 103.630381539,25.68045140700008,0 103.6301070120001,25.67989210000008,0 103.6292128890001,25.67854481800003,0 103.6289432930001,25.67766406800007,0 103.631624232,25.67659358900005,0 103.6322804400001,25.67375733800003,0 103.6289920570001,25.67340650400007,0 103.6278153060001,25.67310622300005,0 103.6251084930001,25.67281743100006,0 103.6248309650001,25.67245735000006,0 103.6255163100001,25.67135569800007,0 103.6306144760001,25.67098798600006,0 103.6305381610001,25.66947611600006,0 103.6280810410001,25.66892759500007,0 103.6282581070001,25.66675817100003,0 103.6294235300001,25.66584354500003,0 103.630015337,25.66523060000003,0 103.6275963570001,25.66533057100003,0 103.6276662710001,25.66446906600004,0 103.6306215110001,25.66302610800005,0 103.6309634780001,25.66196182300007,0 103.630527419,25.66126215500003,0 103.6285751090001,25.66258934200005,0 103.6280912140001,25.66283829900004,0 103.6276980200001,25.66121156900005,0 103.627073845,25.66069352400007,0 103.6262749360001,25.65986391900003,0 103.6292549650001,25.65962103700008,0 103.6298765270001,25.65900977300004,0 103.6298055600001,25.65760852000005,0 103.6283421190001,25.65718032400002,0 103.6279035100001,25.65703204200003,0 
							</coordinates>
						</LinearRing>
					</outerBoundaryIs>
				</Polygon>
			</MultiGeometry>
		</Placemark>
		<Placemark id="ID_00065">
			<name>52551</name>
			<description><![CDATA[<html xmlns:fo="http://www.w3.org/1999/XSL/Format" xmlns:msxsl="urn:schemas-microsoft-com:xslt">

<head>

<META http-equiv="Content-Type" content="text/html">

</head>

<body>

<table>

<tr><td style="white-space: nowrap;"><html xmlns:fo="http://www.w3.org/1999/XSL/Format" xmlns:msxsl="urn:schemas-microsoft-com:xslt">

<head>

<META http-equiv="Content-Type" content="text/html">

</head>

<body>

<table>

<tr><td style="white-space: nowrap;"><html xmlns:fo="http://www.w3.org/1999/XSL/Format" xmlns:msxsl="urn:schemas-microsoft-com:xslt">

<head>

<META http-equiv="Content-Type" content="text/html">

<meta http-equiv="content-type" content="text/html; charset=UTF-8">

</head>

<body style="margin:0px 0px 0px 0px;overflow:auto;background:#FFFFFF;">

<table style="font-family:Arial,Verdana,Times;font-size:12px;text-align:left;width:100%;border-collapse:collapse;padding:3px 3px 3px 3px">

<tr style="text-align:center;font-weight:bold;background:#9CBCE2">

<td>52551</td>

</tr>

<tr>

<td>

<table style="font-family:Arial,Verdana,Times;font-size:12px;text-align:left;width:100%;border-spacing:0px; padding:3px 3px 3px 3px">

<tr>

<td>Id</td>

<td>52551</td>

</tr>

<tr bgcolor="#D4E4F3">

<td>gridcode</td>

<td>23</td>

</tr>

</table>

</td>

</tr>

</table>

</body>

</html></td></tr>

</table>

</body>

</html></td></tr>

</table>

</body>

</html>]]></description>
			<styleUrl>#PolyStyle005797</styleUrl>
			<MultiGeometry>
				<Polygon>
					<outerBoundaryIs>
						<LinearRing>
							<coordinates>
								104.25461461,25.56818312100006,0 104.2550173230001,25.56660276000002,0 104.2536724250001,25.56383164600004,0 104.2539556040001,25.56264861100004,0 104.2590672490001,25.56315477600003,0 104.258015491,25.56433791100005,0 104.2581101750001,25.56524891500004,0 104.2596886700001,25.56563659800003,0 104.2623186260001,25.56395211600005,0 104.2637554470001,25.56409430000008,0 104.2663553780001,25.56585401200005,0 104.2667128380001,25.56814180000004,0 104.2670379110001,25.56838951200007,0 104.2671722100001,25.56853799800007,0 104.266696354,25.56908689500006,0 104.2652097220001,25.56945371900002,0 104.2634569040001,25.56809017600006,0 104.2626393910001,25.56784918000005,0 104.2622563910001,25.56861043000004,0 104.2635192370001,25.57017453100008,0 104.2651735590001,25.57123087600007,0 104.2655205440001,25.57201390800003,0 104.2671199700001,25.57314720900007,0 104.2680230410001,25.57422119100005,0 104.2672757730001,25.57517010800007,0 104.2663535040001,25.57623005700003,0 104.2660612400001,25.57739585300004,0 104.266922068,25.57885342700007,0 104.267068448,25.58124400100007,0 104.26492748,25.58109267100008,0 104.2642503100001,25.57975116700004,0 104.2654665750001,25.57732323300007,0 104.2657522000001,25.57625587300004,0 104.2641237910001,25.57444938500004,0 104.261697122,25.57460919900007,0 104.259614469,25.57576451800003,0 104.2590140730001,25.57751988200005,0 104.2600633590001,25.57970007100005,0 104.2603333930001,25.58053300900008,0 104.2606503850001,25.58105577900005,0 104.2609732390001,25.58342086900007,0 104.2633681120001,25.58652298000004,0 104.2644518780001,25.58894143500005,0 104.2651200060001,25.58946969700003,0 104.2686552020001,25.58976046600003,0 104.2699349590001,25.59008631500007,0 104.2705587930001,25.59074994700006,0 104.271004787,25.59237759800004,0 104.2692349040001,25.59519569700007,0 104.2688814630001,25.59870324500002,0 104.267821466,25.60093225900005,0 104.2670380530001,25.60191491600006,0 104.2667510240001,25.60314586700002,0 104.2694161730001,25.60450551300005,0 104.2697967670001,25.60771240500003,0 104.2721235660001,25.61010271600002,0 104.2725078230001,25.61128767400004,0 104.2713314220001,25.61194038300005,0 104.2693353210001,25.61091657400004,0 104.2677252490001,25.61071525500006,0 104.267604427,25.61055447100006,0 104.2642602820001,25.61031143400004,0 104.263541101,25.61014663800006,0 104.2640518280001,25.60957878200002,0 104.2656111700001,25.60904935200006,0 104.2674188160001,25.60859547200005,0 104.2684847620001,25.60729739300007,0 104.2679110190001,25.60592555600005,0 104.2665834440001,25.60391720200005,0 104.2654053810001,25.60328075700005,0 104.26432492,25.60378409700007,0 104.262462638,25.60499417600005,0 104.2572148400001,25.60659770400002,0 104.25681453,25.60751818300003,0 104.2566688590001,25.60901905300005,0 104.2546743580001,25.60909635600007,0 104.2542731810001,25.60927314800006,0 104.2520935160001,25.60667648100008,0 104.2511541160001,25.60587809900005,0 104.250011596,25.60316698900004,0 104.2481829120001,25.60341426400004,0 104.2477529600001,25.60646654200008,0 104.2458860800001,25.60825946200004,0 104.2447062650001,25.60839681900006,0 104.2444565850001,25.60647296400003,0 104.2439680360001,25.60529799400007,0 104.2436068900001,25.60412257500008,0 104.2421958750001,25.60258246100005,0 104.2410482300001,25.60065210400006,0 104.2402918780001,25.59971575000003,0 104.2405491700001,25.59796694200003,0 104.2412463780001,25.59691364100007,0 104.2422623670001,25.59477959000003,0 104.2436372000001,25.59325071100005,0 104.2463890970001,25.59471003100003,0 104.248136113,25.59860996000003,0 104.249111208,25.59911057300008,0 104.2504674190001,25.59924497000003,0 104.2506046780001,25.59939110600004,0 104.2517252530001,25.60003603900003,0 104.252179659,25.60117987200005,0 104.2526903460001,25.60328476800004,0 104.2532788680001,25.60425526000006,0 104.2545743000001,25.60693225400007,0 104.2565221600001,25.60732982600007,0 104.2561856530001,25.60478290500004,0 104.2556766580001,25.60373086600004,0 104.2553596150001,25.60320811600008,0 104.2552245860001,25.60279167000005,0 104.2570721490001,25.60244804600006,0 104.2577176180001,25.60374440900006,0 104.2603866810001,25.60390628700003,0 104.261054674,25.60226264900007,0 104.2608040100001,25.59836117000003,0 104.2584947140001,25.59597619500005,0 104.2588904580001,25.59064887900007,0 104.2566903150001,25.58936361100007,0 104.2570624860001,25.58872723000008,0 104.259059376,25.58759808800005,0 104.259180299,25.58597207700007,0 104.2579413080001,25.58277709500004,0 104.2582294640001,25.58212323300006,0 104.2586611720001,25.58141727100008,0 104.2581046860001,25.57947987100005,0 104.2586062300001,25.57272360500008,0 104.2579704330001,25.57134244000002,0 104.2555026690001,25.56843759200007,0 104.25461461,25.56818312100006,0 
							</coordinates>
						</LinearRing>
					</outerBoundaryIs>
				</Polygon>
			</MultiGeometry>
		</Placemark>
		<Placemark id="ID_00066">
			<name>52574</name>
			<description><![CDATA[<html xmlns:fo="http://www.w3.org/1999/XSL/Format" xmlns:msxsl="urn:schemas-microsoft-com:xslt">

<head>

<META http-equiv="Content-Type" content="text/html">

</head>

<body>

<table>

<tr><td style="white-space: nowrap;"><html xmlns:fo="http://www.w3.org/1999/XSL/Format" xmlns:msxsl="urn:schemas-microsoft-com:xslt">

<head>

<META http-equiv="Content-Type" content="text/html">

</head>

<body>

<table>

<tr><td style="white-space: nowrap;"><html xmlns:fo="http://www.w3.org/1999/XSL/Format" xmlns:msxsl="urn:schemas-microsoft-com:xslt">

<head>

<META http-equiv="Content-Type" content="text/html">

<meta http-equiv="content-type" content="text/html; charset=UTF-8">

</head>

<body style="margin:0px 0px 0px 0px;overflow:auto;background:#FFFFFF;">

<table style="font-family:Arial,Verdana,Times;font-size:12px;text-align:left;width:100%;border-collapse:collapse;padding:3px 3px 3px 3px">

<tr style="text-align:center;font-weight:bold;background:#9CBCE2">

<td>52574</td>

</tr>

<tr>

<td>

<table style="font-family:Arial,Verdana,Times;font-size:12px;text-align:left;width:100%;border-spacing:0px; padding:3px 3px 3px 3px">

<tr>

<td>Id</td>

<td>52574</td>

</tr>

<tr bgcolor="#D4E4F3">

<td>gridcode</td>

<td>23</td>

</tr>

</table>

</td>

</tr>

</table>

</body>

</html></td></tr>

</table>

</body>

</html></td></tr>

</table>

</body>

</html>]]></description>
			<styleUrl>#PolyStyle005792</styleUrl>
			<MultiGeometry>
				<Polygon>
					<outerBoundaryIs>
						<LinearRing>
							<coordinates>
								104.0949632850001,25.56346865200004,0 104.0967091570001,25.56369451600006,0 104.0982852850001,25.56436411500005,0 104.0986724600001,25.56553457200005,0 104.09898257,25.56606253600006,0 104.0992898260001,25.56699153400007,0 104.1001386620001,25.56843427800004,0 104.099770865,25.57144327500004,0 104.096827025,25.57223863800004,0 104.097137333,25.57385120800007,0 104.0987532990001,25.57551620600003,0 104.1033705260001,25.57580270600005,0 104.1057570960001,25.57483604200007,0 104.105460464,25.57294903000008,0 104.1043119830001,25.57143367400005,0 104.1046887310001,25.57014698100005,0 104.1057353240001,25.56910705900003,0 104.1067251150001,25.56937016500007,0 104.1077253460001,25.57064007700006,0 104.1090034690001,25.57128121000005,0 104.1113929360001,25.57082955000004,0 104.1120829450001,25.57028226100005,0 104.1114720950001,25.56955996200003,0 104.1094958480001,25.56840071800008,0 104.1082464570001,25.56675281400004,0 104.108658452,25.56373249000006,0 104.1107872550001,25.56103708500007,0 104.1124365890001,25.56157427000005,0 104.1120148040001,25.56713292400008,0 104.1126219270001,25.56775829800006,0 104.1142762700001,25.56786063100003,0 104.1159273390001,25.56622032600006,0 104.1186968910001,25.56677856600004,0 104.121071752,25.56708512600005,0 104.1216958060001,25.56759837300007,0 104.1220518540001,25.57138629900004,0 104.1236964957513,25.57105118395319,0 104.1255379670001,25.57060302800005,0 104.1268569327116,25.57113830641918,0 104.1217329710745,25.57426431768883,0 104.1232498951522,25.57696230258261,0 104.124549672998,25.57623185016831,0 104.1244923031089,25.57552594571013,0 104.1255287762227,25.57553093976599,0 104.127060967314,25.57602685198635,0 104.1282039083712,25.57568871570363,0 104.1294029270001,25.57495711800004,0 104.1296743550001,25.57552005100007,0 104.129990568,25.57604320600007,0 104.130221808,25.58075328800004,0 104.129317783,25.58144497800004,0 104.129037709,25.58177119400006,0 104.1302293720001,25.58226325800007,0 104.1304992080001,25.58299328600003,0 104.1289924600001,25.58414591800005,0 104.1286797380001,25.58476492700004,0 104.128084674,25.58522011700006,0 104.1279369320001,25.58617520000007,0 104.1254146310001,25.58667578000006,0 104.1233360450001,25.58762285500006,0 104.1218020760001,25.58718158300007,0 104.124221462,25.58346167300005,0 104.1251804154543,25.58022746382978,0 104.1239094704121,25.57982292917201,0 104.1187934990001,25.57900996800004,0 104.1179978600001,25.57758236600006,0 104.117714112,25.57501142700005,0 104.115692498,25.57404917600007,0 104.1140584950001,25.57495163700003,0 104.1125439620001,25.57771057400004,0 104.1104238790001,25.57913813700003,0 104.108999575,25.57843961400005,0 104.1077614910001,25.57669891100005,0 104.1058752210001,25.57881025200004,0 104.1027820640001,25.57932996400007,0 104.1017488920001,25.57977246300004,0 104.1018112790001,25.58474546200006,0 104.1006303820001,25.58424050700006,0 104.0992787960001,25.58269919700007,0 104.0983930660001,25.58061385100007,0 104.0967942080001,25.57985248700004,0 104.0945619650001,25.58252312700006,0 104.0931720330001,25.58207207300006,0 104.0926188280001,25.58056682800003,0 104.0932957940001,25.57994167900006,0 104.0958631490001,25.57775220800005,0 104.0953584640001,25.57664735000003,0 104.0923197100001,25.57438838700006,0 104.0897784730001,25.57285185900003,0 104.0893447570001,25.57167097800004,0 104.0889035070001,25.56996751900005,0 104.0880385240001,25.56875056700005,0 104.0855388570001,25.56653913700006,0 104.084046953,25.56386052300007,0 104.0844714460001,25.56261387200004,0 104.0852397310001,25.56190369000007,0 104.0872472300001,25.56235763400002,0 104.0891256840001,25.56436403200007,0 104.090490011,25.56696705800005,0 104.0914795800001,25.56816865700006,0 104.0924465480001,25.56952847300005,0 104.0947410170001,25.56911757500006,0 104.0949632850001,25.56346865200004,0 
							</coordinates>
						</LinearRing>
					</outerBoundaryIs>
				</Polygon>
			</MultiGeometry>
		</Placemark>
		<Placemark id="ID_00067">
			<name>53694</name>
			<description><![CDATA[<html xmlns:fo="http://www.w3.org/1999/XSL/Format" xmlns:msxsl="urn:schemas-microsoft-com:xslt">

<head>

<META http-equiv="Content-Type" content="text/html">

</head>

<body>

<table>

<tr><td style="white-space: nowrap;"><html xmlns:fo="http://www.w3.org/1999/XSL/Format" xmlns:msxsl="urn:schemas-microsoft-com:xslt">

<head>

<META http-equiv="Content-Type" content="text/html">

</head>

<body>

<table>

<tr><td style="white-space: nowrap;"><html xmlns:fo="http://www.w3.org/1999/XSL/Format" xmlns:msxsl="urn:schemas-microsoft-com:xslt">

<head>

<META http-equiv="Content-Type" content="text/html">

<meta http-equiv="content-type" content="text/html; charset=UTF-8">

</head>

<body style="margin:0px 0px 0px 0px;overflow:auto;background:#FFFFFF;">

<table style="font-family:Arial,Verdana,Times;font-size:12px;text-align:left;width:100%;border-collapse:collapse;padding:3px 3px 3px 3px">

<tr style="text-align:center;font-weight:bold;background:#9CBCE2">

<td>53694</td>

</tr>

<tr>

<td>

<table style="font-family:Arial,Verdana,Times;font-size:12px;text-align:left;width:100%;border-spacing:0px; padding:3px 3px 3px 3px">

<tr>

<td>Id</td>

<td>53694</td>

</tr>

<tr bgcolor="#D4E4F3">

<td>gridcode</td>

<td>23</td>

</tr>

</table>

</td>

</tr>

</table>

</body>

</html></td></tr>

</table>

</body>

</html></td></tr>

</table>

</body>

</html>]]></description>
			<styleUrl>#PolyStyle00577</styleUrl>
			<MultiGeometry>
				<Polygon>
					<outerBoundaryIs>
						<LinearRing>
							<coordinates>
								104.112242312978,25.54190100594218,0 104.1138372712242,25.53952374339752,0 104.1153848443007,25.54178536487417,0 104.1168423116474,25.54320672899137,0 104.1167988239686,25.54464793836077,0 104.1185779002218,25.54474965456235,0 104.1185603298265,25.54328712539373,0 104.1187411550001,25.54031827900008,0 104.1192290930001,25.54325788000006,0 104.118903134663,25.54394128625621,0 104.120106934,25.54520671400007,0 104.1192026730001,25.54595093500006,0 104.1188161140001,25.55183861900002,0 104.1172841300001,25.55381373700004,0 104.1162443150001,25.55484964300007,0 104.1148142280001,25.55394303300005,0 104.1143845070001,25.55061636200003,0 104.1156018260001,25.54904694200008,0 104.1167881630001,25.54741704900005,0 104.1082150851342,25.54079229321914,0 104.105386295377,25.53921548081905,0 104.1022292404825,25.54020026052969,0 104.1035478357864,25.54296378339696,0 104.1028637535012,25.54337560841176,0 104.0985275333146,25.54313096901102,0 104.096441901093,25.54171090483984,0 104.0965408894911,25.54755329929231,0 104.09621483834,25.54886776322109,0 104.0941864939062,25.54914883594477,0 104.092245759,25.55143732100004,0 104.0912897490001,25.55080284200005,0 104.0902236350001,25.55089223600004,0 104.089746318,25.55361819400002,0 104.0902611220001,25.55531864600005,0 104.0856519290001,25.55515309200007,0 104.0850658800001,25.55323155100007,0 104.0855800560001,25.55171681000007,0 104.0900982870001,25.54850900700006,0 104.0897028650001,25.54540558100008,0 104.090341832,25.54406873000005,0 104.0914216690001,25.54244216200004,0 104.0909174890001,25.54090861800006,0 104.0899564600001,25.53951386400007,0 104.089476001,25.53576034200006,0 104.0882515010001,25.53398418400008,0 104.0886001960001,25.53207452500004,0 104.0898639440001,25.53141668400008,0 104.0921283420001,25.53169051600003,0 104.0925918500001,25.53181449500005,0 104.0924492840001,25.53222894100003,0 104.0920759080001,25.53312285000004,0 104.0924201760001,25.53730408500007,0 104.0947486490001,25.53749283400003,0 104.095688383,25.53712272100006,0 104.0973392020001,25.53536873900004,0 104.098959166383,25.5358957404151,0 104.098877765134,25.53933804892963,0 104.1015424034743,25.53770291296408,0 104.1021293080937,25.53985006481421,0 104.106016519,25.53911641200006,0 104.1087226970001,25.54067465900005,0 104.1097034950001,25.54075391100002,0 104.112242312978,25.54190100594218,0 
							</coordinates>
						</LinearRing>
					</outerBoundaryIs>
				</Polygon>
			</MultiGeometry>
		</Placemark>
		<Placemark id="ID_00069">
			<name>54981</name>
			<description><![CDATA[<html xmlns:fo="http://www.w3.org/1999/XSL/Format" xmlns:msxsl="urn:schemas-microsoft-com:xslt">

<head>

<META http-equiv="Content-Type" content="text/html">

</head>

<body>

<table>

<tr><td style="white-space: nowrap;"><html xmlns:fo="http://www.w3.org/1999/XSL/Format" xmlns:msxsl="urn:schemas-microsoft-com:xslt">

<head>

<META http-equiv="Content-Type" content="text/html">

</head>

<body>

<table>

<tr><td style="white-space: nowrap;"><html xmlns:fo="http://www.w3.org/1999/XSL/Format" xmlns:msxsl="urn:schemas-microsoft-com:xslt">

<head>

<META http-equiv="Content-Type" content="text/html">

<meta http-equiv="content-type" content="text/html; charset=UTF-8">

</head>

<body style="margin:0px 0px 0px 0px;overflow:auto;background:#FFFFFF;">

<table style="font-family:Arial,Verdana,Times;font-size:12px;text-align:left;width:100%;border-collapse:collapse;padding:3px 3px 3px 3px">

<tr style="text-align:center;font-weight:bold;background:#9CBCE2">

<td>54981</td>

</tr>

<tr>

<td>

<table style="font-family:Arial,Verdana,Times;font-size:12px;text-align:left;width:100%;border-spacing:0px; padding:3px 3px 3px 3px">

<tr>

<td>Id</td>

<td>54981</td>

</tr>

<tr bgcolor="#D4E4F3">

<td>gridcode</td>

<td>23</td>

</tr>

</table>

</td>

</tr>

</table>

</body>

</html></td></tr>

</table>

</body>

</html></td></tr>

</table>

</body>

</html>]]></description>
			<styleUrl>#PolyStyle0057920</styleUrl>
			<MultiGeometry>
				<Polygon>
					<outerBoundaryIs>
						<LinearRing>
							<coordinates>
								104.1849708760001,25.49819790800007,0 104.1857461670001,25.49798210100005,0 104.186319956,25.49707290100002,0 104.1839209900001,25.49446046900005,0 104.1839774210001,25.49338791400004,0 104.186072713,25.49266774000006,0 104.186362376,25.49238890200007,0 104.1876841090001,25.49163047200005,0 104.188953767,25.49133696000007,0 104.1905014040001,25.49231758600007,0 104.1909338390001,25.49536593000005,0 104.1915233890001,25.49639438800006,0 104.1970482470001,25.49683452100004,0 104.2008014900001,25.49921250800003,0 104.2056581620001,25.49959927000003,0 104.2073790870001,25.50068942200005,0 104.207906892,25.50384737100006,0 104.210446039,25.50423221000006,0 104.2121861730001,25.50341499200005,0 104.212937863,25.50562383100004,0 104.2146642860001,25.50557414400004,0 104.2156262220001,25.50289960300006,0 104.2185883180001,25.50263923400007,0 104.2195038040001,25.50354730700008,0 104.22061897,25.50619994300007,0 104.2213200690001,25.50679723800005,0 104.2237630080001,25.50786159600005,0 104.224163817,25.50943909100005,0 104.2237316228354,25.50952507035831,0 104.2229866504518,25.50992789036458,0 104.2202606770001,25.51183717300006,0 104.2196664100001,25.51210863700004,0 104.2187617020001,25.51236732500007,0 104.2167787608346,25.51234175880237,0 104.2131392901613,25.51113941868636,0 104.2114969956584,25.50972076690657,0 104.2097484211585,25.50618362561047,0 104.2078552495289,25.50579756608091,0 104.2062004080091,25.50609007150787,0 104.203237335,25.50221114300007,0 104.20218722,25.50116911900005,0 104.2013144480001,25.50178124000007,0 104.2008882470001,25.50258225200003,0 104.1998539630001,25.50343507600007,0 104.199228733,25.50403630500006,0 104.1977708910001,25.50492826600004,0 104.1937199220001,25.50624508900006,0 104.189652498,25.50665507200006,0 104.1889291570001,25.50725155200007,0 104.1893546440001,25.50854918200002,0 104.1912932260001,25.50893134000006,0 104.1966058370001,25.50962790600005,0 104.197840855,25.51016640400007,0 104.2023190190001,25.51255323500004,0 104.2019274070001,25.51359557200004,0 104.1999211740001,25.51332111900007,0 104.198288544,25.51252412600007,0 104.1945212860001,25.51100348600005,0 104.1893648050001,25.51026915700004,0 104.1880117750001,25.51058660100006,0 104.1890463570001,25.51146806200006,0 104.1893310020001,25.51175087200005,0 104.1865536620001,25.51154863800008,0 104.1847186920001,25.51093742800003,0 104.1844356990001,25.50867434300005,0 104.1874134000001,25.50555924000003,0 104.1886542520001,25.50485806000006,0 104.1897278390001,25.50419128000004,0 104.1901499040001,25.50288985800006,0 104.1894301580001,25.50166846600007,0 104.1858005990001,25.50073448200004,0 104.1852531960001,25.49963211200003,0 104.1849708760001,25.49819790800007,0 
							</coordinates>
						</LinearRing>
					</outerBoundaryIs>
				</Polygon>
			</MultiGeometry>
		</Placemark>
		<Placemark id="ID_00070">
			<name>55738</name>
			<description><![CDATA[<html xmlns:fo="http://www.w3.org/1999/XSL/Format" xmlns:msxsl="urn:schemas-microsoft-com:xslt">

<head>

<META http-equiv="Content-Type" content="text/html">

</head>

<body>

<table>

<tr><td style="white-space: nowrap;"><html xmlns:fo="http://www.w3.org/1999/XSL/Format" xmlns:msxsl="urn:schemas-microsoft-com:xslt">

<head>

<META http-equiv="Content-Type" content="text/html">

</head>

<body>

<table>

<tr><td style="white-space: nowrap;"><html xmlns:fo="http://www.w3.org/1999/XSL/Format" xmlns:msxsl="urn:schemas-microsoft-com:xslt">

<head>

<META http-equiv="Content-Type" content="text/html">

<meta http-equiv="content-type" content="text/html; charset=UTF-8">

</head>

<body style="margin:0px 0px 0px 0px;overflow:auto;background:#FFFFFF;">

<table style="font-family:Arial,Verdana,Times;font-size:12px;text-align:left;width:100%;border-collapse:collapse;padding:3px 3px 3px 3px">

<tr style="text-align:center;font-weight:bold;background:#9CBCE2">

<td>55738</td>

</tr>

<tr>

<td>

<table style="font-family:Arial,Verdana,Times;font-size:12px;text-align:left;width:100%;border-spacing:0px; padding:3px 3px 3px 3px">

<tr>

<td>Id</td>

<td>55738</td>

</tr>

<tr bgcolor="#D4E4F3">

<td>gridcode</td>

<td>23</td>

</tr>

</table>

</td>

</tr>

</table>

</body>

</html></td></tr>

</table>

</body>

</html></td></tr>

</table>

</body>

</html>]]></description>
			<styleUrl>#PolyStyle005797</styleUrl>
			<MultiGeometry>
				<Polygon>
					<outerBoundaryIs>
						<LinearRing>
							<coordinates>
								104.5296523170001,25.47209312700005,0 104.5304803330001,25.47297188700003,0 104.5316092790001,25.47343359800004,0 104.5326887580001,25.47398487800007,0 104.53335723,25.47559552400003,0 104.5309594510001,25.47709167800008,0 104.5306700630001,25.47954436900005,0 104.530346416,25.48006376800004,0 104.5300456880001,25.48467978400004,0 104.5297177730001,25.48601042400003,0 104.5294243550001,25.48922068200005,0 104.530371803,25.49128431100007,0 104.5302401770001,25.49268469100008,0 104.5286215210001,25.49185830800008,0 104.5261788450001,25.48893312200005,0 104.5265015430001,25.48550380500006,0 104.5273596040001,25.48412739500003,0 104.527643981,25.48264788600005,0 104.5258063510001,25.48277332100003,0 104.5252619870001,25.48386375700005,0 104.5249457030001,25.48861089000007,0 104.5255328340001,25.49058955400005,0 104.525803147,25.49178463100003,0 104.5248983820001,25.49248343200003,0 104.5253823230001,25.49411463000007,0 104.527465921,25.49753312000007,0 104.5282706740001,25.49999273900005,0 104.5292048460001,25.50048555200004,0 104.5290525770001,25.50214353700005,0 104.5284104850001,25.50360109300004,0 104.527039609,25.50512151700008,0 104.5255932750001,25.50533735500005,0 104.525350437,25.50412713000003,0 104.5231698960001,25.50444433000007,0 104.5224079590001,25.50734392500004,0 104.521107865,25.50705359400007,0 104.5190496310001,25.50446146700006,0 104.5174869780001,25.50318548300004,0 104.5170780700001,25.49814543300005,0 104.5152630580001,25.49628889800005,0 104.5121952870001,25.49590374400003,0 104.5119548640001,25.49192327600002,0 104.5136741410001,25.49159896300006,0 104.515064979,25.49189824900003,0 104.5174533330001,25.49380170100005,0 104.518193878,25.49348515600008,0 104.5189310480001,25.49227204300007,0 104.518670785,25.48812825700003,0 104.5171957620001,25.48460733900004,0 104.5174825540001,25.48379627300005,0 104.5181035960001,25.48246219500004,0 104.5189981010001,25.47974653700004,0 104.5202223640001,25.47733335800007,0 104.5206104850001,25.47480003200008,0 104.52164228,25.47279029000003,0 104.5227204010001,25.47226600400006,0 104.524379051,25.47218394600003,0 104.5250227550001,25.47270938000003,0 104.5253607830001,25.47543391700003,0 104.5276916860001,25.47556995200006,0 104.5280230920001,25.47223983200007,0 104.5296523170001,25.47209312700005,0 
							</coordinates>
						</LinearRing>
					</outerBoundaryIs>
				</Polygon>
			</MultiGeometry>
		</Placemark>
		<Placemark id="ID_00071">
			<name>58031</name>
			<description><![CDATA[<html xmlns:fo="http://www.w3.org/1999/XSL/Format" xmlns:msxsl="urn:schemas-microsoft-com:xslt">

<head>

<META http-equiv="Content-Type" content="text/html">

</head>

<body>

<table>

<tr><td style="white-space: nowrap;"><html xmlns:fo="http://www.w3.org/1999/XSL/Format" xmlns:msxsl="urn:schemas-microsoft-com:xslt">

<head>

<META http-equiv="Content-Type" content="text/html">

</head>

<body>

<table>

<tr><td style="white-space: nowrap;"><html xmlns:fo="http://www.w3.org/1999/XSL/Format" xmlns:msxsl="urn:schemas-microsoft-com:xslt">

<head>

<META http-equiv="Content-Type" content="text/html">

<meta http-equiv="content-type" content="text/html; charset=UTF-8">

</head>

<body style="margin:0px 0px 0px 0px;overflow:auto;background:#FFFFFF;">

<table style="font-family:Arial,Verdana,Times;font-size:12px;text-align:left;width:100%;border-collapse:collapse;padding:3px 3px 3px 3px">

<tr style="text-align:center;font-weight:bold;background:#9CBCE2">

<td>58031</td>

</tr>

<tr>

<td>

<table style="font-family:Arial,Verdana,Times;font-size:12px;text-align:left;width:100%;border-spacing:0px; padding:3px 3px 3px 3px">

<tr>

<td>Id</td>

<td>58031</td>

</tr>

<tr bgcolor="#D4E4F3">

<td>gridcode</td>

<td>23</td>

</tr>

</table>

</td>

</tr>

</table>

</body>

</html></td></tr>

</table>

</body>

</html></td></tr>

</table>

</body>

</html>]]></description>
			<styleUrl>#PolyStyle005797</styleUrl>
			<MultiGeometry>
				<Polygon>
					<outerBoundaryIs>
						<LinearRing>
							<coordinates>
								104.2660201530001,25.41682380800006,0 104.265857516,25.41488839000004,0 104.2645638860001,25.41435512300006,0 104.2632638470001,25.41332467300003,0 104.2631548050001,25.41197256500004,0 104.2635169700001,25.41125202700005,0 104.264952345,25.40970318800004,0 104.2638650430001,25.40790653700003,0 104.2641824720001,25.40652240400004,0 104.2655563100001,25.40378760200002,0 104.2676120670001,25.40264383900006,0 104.2688220860001,25.40304445400005,0 104.2701614580001,25.40453423100007,0 104.2704332530001,25.40509710200007,0 104.2713194840001,25.40624757200004,0 104.2710370660001,25.40699456300007,0 104.2704070920001,25.40832274600007,0 104.270121794,25.40942287900003,0 104.268916506,25.41079634200003,0 104.2692481670001,25.41210186000006,0 104.2713951310001,25.41180895300005,0 104.2736147540001,25.41038698900007,0 104.2742768320001,25.40970089100006,0 104.2744381780001,25.40957675300007,0 104.2817589630001,25.40975256900003,0 104.2820385360001,25.41008247400004,0 104.2812105420001,25.41074296400007,0 104.2790408150001,25.41162813200003,0 104.2779257110001,25.41216757400002,0 104.2757122510001,25.41246518800006,0 104.2730712640001,25.41349741700003,0 104.2679778740001,25.41371867500004,0 104.2675575420001,25.41413849900005,0 104.267087051,25.41513171000003,0 104.2688722010001,25.41588852200005,0 104.2694506270001,25.41617818400005,0 104.2706590340001,25.41644139600004,0 104.272401357,25.41702088700004,0 104.272712127,25.42099115100007,0 104.2752086680001,25.42134024300003,0 104.2764261530001,25.42012347000009,0 104.2769778410001,25.41968335400003,0 104.2793248350001,25.41904400800007,0 104.2828126060001,25.41925522200006,0 104.283751652,25.41988869800002,0 104.2829206590001,25.42193959400004,0 104.283442333,25.42328773600008,0 104.2835801580001,25.42370201300003,0 104.2819332680001,25.42356127800002,0 104.2806953070001,25.42325864600008,0 104.27937532,25.42067593800005,0 104.2781118310001,25.42029043000002,0 104.2777711800001,25.42277162600004,0 104.2789220490001,25.42375202500006,0 104.2796963960001,25.42485566500005,0 104.2812800180001,25.42554542100004,0 104.288816017,25.42603146300007,0 104.2895161710001,25.42672619000007,0 104.2900352120001,25.42716801800004,0 104.289789436,25.43192663000008,0 104.292211572,25.43466204400005,0 104.2947497090001,25.43504501500007,0 104.296220964,25.43500164600005,0 104.2967768940001,25.43446586300007,0 104.299311178,25.43422219000007,0 104.301281036,25.43561034600003,0 104.3018363830001,25.43664847200006,0 104.297281152,25.43718274700007,0 104.2940397310001,25.43818831400006,0 104.2877438590001,25.43792175800007,0 104.2878299260001,25.43626016600007,0 104.2884886350001,25.43571532100002,0 104.2890116350001,25.43462971300005,0 104.285695274,25.43412902100005,0 104.2858682680001,25.43077912100006,0 104.2853810400001,25.42992992900003,0 104.2839215980001,25.42952473300005,0 104.282638407,25.43012886600008,0 104.2821808910001,25.43140664700007,0 104.2813711730001,25.43245601700005,0 104.2798812150001,25.43287254500007,0 104.2791776640001,25.43355069800003,0 104.2778931330001,25.43380214700005,0 104.2757704920001,25.43311249700003,0 104.2747206320001,25.43080602700007,0 104.2740209250001,25.43021053100006,0 104.2720702300001,25.43026758800005,0 104.271723733,25.43214907500004,0 104.2713630590001,25.43275523600005,0 104.2709637930001,25.43308538600007,0 104.2702317630001,25.43266477300006,0 104.268128097,25.43158893800006,0 104.2675788180001,25.43100285800006,0 104.2672730360001,25.42930719400005,0 104.2679797200001,25.42817957300002,0 104.2709583990001,25.42770787300003,0 104.2727830040001,25.42636101800002,0 104.272652593,25.42474733500006,0 104.2702840590001,25.42348908700006,0 104.2691714540001,25.42276348100006,0 104.268832962,25.42107416400006,0 104.2701060740001,25.41962380200005,0 104.2699963950001,25.41826485400003,0 104.2681269190001,25.41718656800003,0 104.2660201530001,25.41682380800006,0 
							</coordinates>
						</LinearRing>
					</outerBoundaryIs>
				</Polygon>
			</MultiGeometry>
		</Placemark>
		<Placemark id="ID_00072">
			<name>58670</name>
			<description><![CDATA[<html xmlns:fo="http://www.w3.org/1999/XSL/Format" xmlns:msxsl="urn:schemas-microsoft-com:xslt">

<head>

<META http-equiv="Content-Type" content="text/html">

</head>

<body>

<table>

<tr><td style="white-space: nowrap;"><html xmlns:fo="http://www.w3.org/1999/XSL/Format" xmlns:msxsl="urn:schemas-microsoft-com:xslt">

<head>

<META http-equiv="Content-Type" content="text/html">

</head>

<body>

<table>

<tr><td style="white-space: nowrap;"><html xmlns:fo="http://www.w3.org/1999/XSL/Format" xmlns:msxsl="urn:schemas-microsoft-com:xslt">

<head>

<META http-equiv="Content-Type" content="text/html">

<meta http-equiv="content-type" content="text/html; charset=UTF-8">

</head>

<body style="margin:0px 0px 0px 0px;overflow:auto;background:#FFFFFF;">

<table style="font-family:Arial,Verdana,Times;font-size:12px;text-align:left;width:100%;border-collapse:collapse;padding:3px 3px 3px 3px">

<tr style="text-align:center;font-weight:bold;background:#9CBCE2">

<td>58670</td>

</tr>

<tr>

<td>

<table style="font-family:Arial,Verdana,Times;font-size:12px;text-align:left;width:100%;border-spacing:0px; padding:3px 3px 3px 3px">

<tr>

<td>Id</td>

<td>58670</td>

</tr>

<tr bgcolor="#D4E4F3">

<td>gridcode</td>

<td>23</td>

</tr>

</table>

</td>

</tr>

</table>

</body>

</html></td></tr>

</table>

</body>

</html></td></tr>

</table>

</body>

</html>]]></description>
			<styleUrl>#PolyStyle005797</styleUrl>
			<MultiGeometry>
				<Polygon>
					<outerBoundaryIs>
						<LinearRing>
							<coordinates>
								104.3471526010001,25.38595991100004,0 104.3475963450001,25.38610045000007,0 104.3484955720001,25.38637102500007,0 104.349977999,25.38692612700004,0 104.351175685,25.38719845000003,0 104.352361644,25.38748125700005,0 104.3549493410001,25.38795511700005,0 104.3556363540001,25.38856092700007,0 104.3556571200001,25.38989402000004,0 104.3547412040001,25.39226793900008,0 104.3546743800001,25.39451370300003,0 104.3560175770001,25.39532306600006,0 104.3567584020001,25.39664662600006,0 104.3570526340001,25.40727604800003,0 104.3584488600001,25.40860973200006,0 104.359652086,25.40863922300002,0 104.3605720350001,25.40808195900007,0 104.3611767740001,25.40782028100006,0 104.362633665,25.40693805400002,0 104.3675591160001,25.40596388200004,0 104.3692480120001,25.40623882400007,0 104.3703893250001,25.40677976400008,0 104.3737030930001,25.40723803600002,0 104.3737313350001,25.40628012700006,0 104.3735762510001,25.40586056200004,0 104.3755116830001,25.40573108300004,0 104.3823565110001,25.40548644800003,0 104.3824483000001,25.40366617200004,0 104.38122064,25.40202731100004,0 104.3816020520001,25.40090733900007,0 104.3843775090001,25.40119953900006,0 104.3850293670001,25.40247140000002,0 104.3864304470001,25.40322839200007,0 104.3894572670001,25.40670012800007,0 104.390283411,25.40730725300006,0 104.3936673360001,25.40957102400006,0 104.3938236180001,25.41354807000005,0 104.39343031,25.41445798100006,0 104.393036437,25.41717857700007,0 104.3928659520001,25.42273907500004,0 104.3935841270001,25.42381650000004,0 104.3919538100001,25.42516829200002,0 104.3908858190001,25.42451100500006,0 104.3904275020001,25.42390147300006,0 104.3901770620001,25.42299462100004,0 104.3909404060001,25.41929221900006,0 104.3906509070001,25.41761015100008,0 104.3895608670001,25.41480338900003,0 104.3888585770001,25.41054753800006,0 104.3877258900001,25.40905882200008,0 104.3873449290001,25.40635181100004,0 104.3862500220001,25.40660085200005,0 104.3858760040001,25.41091281800004,0 104.3834426110001,25.41103069700006,0 104.3821398270001,25.41037989900008,0 104.3814610650001,25.41081376000005,0 104.3820373580001,25.41146126300004,0 104.3850049200001,25.41389356200006,0 104.3850842780001,25.41524985500007,0 104.3824797600001,25.41488099300005,0 104.3808558850001,25.41419483100004,0 104.3781648250001,25.41116913400003,0 104.3745938000001,25.41095598400005,0 104.3748974250001,25.41500599700004,0 104.376410692,25.41608201900004,0 104.3775403650001,25.41655967100007,0 104.3781191450001,25.41684875800007,0 104.3787307930001,25.41710738800003,0 104.3790110360001,25.41739477700003,0 104.3796226910001,25.41765340200004,0 104.3802014840001,25.41794247700005,0 104.3809747840001,25.41826936300004,0 104.3818433370001,25.41916124800002,0 104.3819658420001,25.42203946400008,0 104.3831569280001,25.42301582100004,0 104.3834393230001,25.42469546500007,0 104.3805164250001,25.42496134300006,0 104.3786216980001,25.42361409100005,0 104.3782270840001,25.42400937700006,0 104.3777485950001,25.42363106000005,0 104.376281131,25.42206827300004,0 104.3747111230001,25.42142275500004,0 104.3735111680001,25.42014513200007,0 104.3721914770001,25.41472321400005,0 104.3718406100001,25.41060926000006,0 104.369999008,25.41031314400004,0 104.3689253210001,25.41084793800007,0 104.3680058400001,25.41109304900004,0 104.366531432,25.41164558100007,0 104.3651521860001,25.41201321400007,0 104.3638389720001,25.41244143800003,0 104.3614548570001,25.41291756000004,0 104.3580323040001,25.41264820900005,0 104.3563153750001,25.41081922800004,0 104.3545545700001,25.40942658800003,0 104.3525299730001,25.40912936300003,0 104.3522032800001,25.41142102200007,0 104.3526322330001,25.41250100800005,0 104.351870987,25.41343554300005,0 104.3511813570001,25.41502900500007,0 104.350790315,25.41952264400004,0 104.3503597960001,25.41978819400003,0 104.3500643250001,25.42048984600007,0 104.3495990340001,25.42112762200003,0 104.34832156,25.42086012000004,0 104.3476899880001,25.41853272500003,0 104.3475160720001,25.41815079900005,0 104.3476773320001,25.41802655600003,0 104.3479891570001,25.41313965300003,0 104.3488894620001,25.41047950900003,0 104.3492691580001,25.40764243600006,0 104.3514334060001,25.40643621700008,0 104.3536346490001,25.40599673500003,0 104.3543176540001,25.40490427100008,0 104.354080562,25.39805494300003,0 104.3524388540001,25.39789336100006,0 104.3522770670001,25.39696309900006,0 104.3520367980001,25.39422182200008,0 104.3506638310001,25.39334434100005,0 104.3503846580001,25.39301222100005,0 104.3507502890001,25.39162278600003,0 104.3497419050001,25.38934764500004,0 104.3482995410001,25.38744105100005,0 104.3472904450001,25.38672549400008,0 104.3471526010001,25.38595991100004,0 
							</coordinates>
						</LinearRing>
					</outerBoundaryIs>
				</Polygon>
			</MultiGeometry>
		</Placemark>
		<Placemark id="ID_00073">
			<name>63775</name>
			<description><![CDATA[<html xmlns:fo="http://www.w3.org/1999/XSL/Format" xmlns:msxsl="urn:schemas-microsoft-com:xslt">

<head>

<META http-equiv="Content-Type" content="text/html">

</head>

<body>

<table>

<tr><td style="white-space: nowrap;"><html xmlns:fo="http://www.w3.org/1999/XSL/Format" xmlns:msxsl="urn:schemas-microsoft-com:xslt">

<head>

<META http-equiv="Content-Type" content="text/html">

</head>

<body>

<table>

<tr><td style="white-space: nowrap;"><html xmlns:fo="http://www.w3.org/1999/XSL/Format" xmlns:msxsl="urn:schemas-microsoft-com:xslt">

<head>

<META http-equiv="Content-Type" content="text/html">

<meta http-equiv="content-type" content="text/html; charset=UTF-8">

</head>

<body style="margin:0px 0px 0px 0px;overflow:auto;background:#FFFFFF;">

<table style="font-family:Arial,Verdana,Times;font-size:12px;text-align:left;width:100%;border-collapse:collapse;padding:3px 3px 3px 3px">

<tr style="text-align:center;font-weight:bold;background:#9CBCE2">

<td>63775</td>

</tr>

<tr>

<td>

<table style="font-family:Arial,Verdana,Times;font-size:12px;text-align:left;width:100%;border-spacing:0px; padding:3px 3px 3px 3px">

<tr>

<td>Id</td>

<td>63775</td>

</tr>

<tr bgcolor="#D4E4F3">

<td>gridcode</td>

<td>23</td>

</tr>

</table>

</td>

</tr>

</table>

</body>

</html></td></tr>

</table>

</body>

</html></td></tr>

</table>

</body>

</html>]]></description>
			<styleUrl>#PolyStyle005797</styleUrl>
			<MultiGeometry>
				<Polygon>
					<outerBoundaryIs>
						<LinearRing>
							<coordinates>
								104.373823557,25.24163389300003,0 104.3739877370001,25.24212798200006,0 104.375138168,25.24307329000004,0 104.3754400880001,25.24368048100007,0 104.3760505530001,25.24393926100004,0 104.3772366370001,25.24478484700006,0 104.3800982760001,25.24800944300006,0 104.3804683650001,25.24912149900007,0 104.3813638720001,25.25127618000005,0 104.3817321030001,25.25351216000007,0 104.3833072910001,25.25527793100002,0 104.3849102570001,25.25562602000002,0 104.3866128020001,25.25691042100004,0 104.3869688720001,25.25727658100004,0 104.3883728930001,25.25821387600007,0 104.3890421300001,25.25918245800006,0 104.389354719,25.25943948700007,0 104.3900097470001,25.26165055700005,0 104.3912634580001,25.26313821900004,0 104.392652749,25.26351697100007,0 104.3935734770001,25.26259292900005,0 104.3941552110001,25.26091727700003,0 104.3940805200001,25.25964521400005,0 104.393216232,25.25893509300005,0 104.3929400810001,25.25810640200007,0 104.3923179620001,25.25705089300004,0 104.3916896890001,25.25578815600005,0 104.3904978250001,25.25480926800003,0 104.388958238,25.25258052800007,0 104.3877335840001,25.25112678200003,0 104.3870399030001,25.24922698900008,0 104.388178059,25.24781182500004,0 104.390301928,25.24917678300005,0 104.3910738160001,25.24950376500004,0 104.3937645450001,25.25227271600005,0 104.3947329760001,25.25367423100005,0 104.3961713580001,25.25556802100006,0 104.3964835750001,25.26057683000005,0 104.3967925680001,25.26137503200005,0 104.3970669550001,25.26247430200004,0 104.3997404080001,25.26626215600004,0 104.4000043090001,25.26894426000007,0 104.3983916180001,25.27070672500003,0 104.3941327420001,25.27110206100008,0 104.3928580680001,25.27028319100003,0 104.3913487410001,25.26947409800005,0 104.3879383620001,25.26931632700007,0 104.3877744340001,25.26850968200006,0 104.3864178630001,25.26784830000003,0 104.3802295990001,25.26751346700007,0 104.3786966800001,25.26660284500002,0 104.3775443740001,25.26545890800003,0 104.3767978180001,25.26482306800006,0 104.3771050590001,25.26180824400007,0 104.377466563,25.25969908100007,0 104.3752253920001,25.25643817600007,0 104.3746457290001,25.25239838200002,0 104.373772306,25.25068908300005,0 104.3733133930001,25.24989019400005,0 104.3728253100001,25.24893494600008,0 104.3709682770001,25.24598446000005,0 104.3712878220001,25.24406155600008,0 104.3727264290001,25.24206604600005,0 104.373369891,25.24176132000002,0 104.373823557,25.24163389300003,0 
							</coordinates>
						</LinearRing>
					</outerBoundaryIs>
				</Polygon>
			</MultiGeometry>
		</Placemark>
		<Placemark id="ID_00074">
			<name>64662</name>
			<description><![CDATA[<html xmlns:fo="http://www.w3.org/1999/XSL/Format" xmlns:msxsl="urn:schemas-microsoft-com:xslt">

<head>

<META http-equiv="Content-Type" content="text/html">

</head>

<body>

<table>

<tr><td style="white-space: nowrap;"><html xmlns:fo="http://www.w3.org/1999/XSL/Format" xmlns:msxsl="urn:schemas-microsoft-com:xslt">

<head>

<META http-equiv="Content-Type" content="text/html">

</head>

<body>

<table>

<tr><td style="white-space: nowrap;"><html xmlns:fo="http://www.w3.org/1999/XSL/Format" xmlns:msxsl="urn:schemas-microsoft-com:xslt">

<head>

<META http-equiv="Content-Type" content="text/html">

<meta http-equiv="content-type" content="text/html; charset=UTF-8">

</head>

<body style="margin:0px 0px 0px 0px;overflow:auto;background:#FFFFFF;">

<table style="font-family:Arial,Verdana,Times;font-size:12px;text-align:left;width:100%;border-collapse:collapse;padding:3px 3px 3px 3px">

<tr style="text-align:center;font-weight:bold;background:#9CBCE2">

<td>64662</td>

</tr>

<tr>

<td>

<table style="font-family:Arial,Verdana,Times;font-size:12px;text-align:left;width:100%;border-spacing:0px; padding:3px 3px 3px 3px">

<tr>

<td>Id</td>

<td>64662</td>

</tr>

<tr bgcolor="#D4E4F3">

<td>gridcode</td>

<td>23</td>

</tr>

</table>

</td>

</tr>

</table>

</body>

</html></td></tr>

</table>

</body>

</html></td></tr>

</table>

</body>

</html>]]></description>
			<styleUrl>#PolyStyle005797</styleUrl>
			<MultiGeometry>
				<Polygon>
					<outerBoundaryIs>
						<LinearRing>
							<coordinates>
								104.5142871230001,25.21961526100006,0 104.514504227,25.21819509700003,0 104.5169778100001,25.21760504400004,0 104.519352526,25.21798368200007,0 104.5247532690001,25.22069309300002,0 104.5259674180001,25.22193949900003,0 104.5289718350001,25.22354592100004,0 104.5293005680001,25.22388351900003,0 104.530207837,25.22441336600008,0 104.53070153,25.22492002300004,0 104.5339354310001,25.22696890900005,0 104.534643321,25.22769528900005,0 104.5355520540001,25.22795445900005,0 104.5364185860001,25.22838708100005,0 104.5376414,25.22890286800003,0 104.538507951,25.22933547200006,0 104.5401052570001,25.22979096700004,0 104.5417796130001,25.23043176400006,0 104.5429863220001,25.23069211800004,0 104.5440485250001,25.23122222300003,0 104.545067724,25.23151269300007,0 104.5465382880001,25.23207539200007,0 104.5487802930001,25.23221232200007,0 104.548644552,25.23235949700006,0 104.5480464300001,25.23280684100007,0 104.5483139760001,25.23399591100008,0 104.5502737880001,25.23541817900008,0 104.5528426860001,25.23642559600006,0 104.555611426,25.23657035100007,0 104.5563039880001,25.23809728100002,0 104.5581048830001,25.23957186500007,0 104.5557444120001,25.24146986900007,0 104.556246629,25.24265746300006,0 104.5570705930001,25.24280060800004,0 104.5572031230001,25.24295204700007,0 104.5602575010001,25.24519143900005,0 104.5615784000001,25.24356377900006,0 104.5594556630001,25.24253962500006,0 104.5595780770001,25.24237996600004,0 104.5611859630001,25.24216549500005,0 104.5630997880001,25.24330797100004,0 104.5637401400001,25.24435548000002,0 104.5631350050001,25.24564880900005,0 104.5615401470001,25.24592493500006,0 104.5609116730001,25.24674351500005,0 104.5615036760001,25.24803898500005,0 104.5628789350001,25.24888805300003,0 104.5631270610001,25.25125190200004,0 104.5638017000001,25.25220200600006,0 104.5655184660001,25.25310075300007,0 104.5656582350001,25.25393032100004,0 104.56089015,25.25391127500006,0 104.5606484180001,25.25359001000004,0 104.5601209610001,25.25325649500007,0 104.5595744700001,25.25253072400005,0 104.556555572,25.25107718800007,0 104.55584006,25.25064352100003,0 104.554830134,25.24901361000008,0 104.554517311,25.24541820300004,0 104.5535475710001,25.24438674000004,0 104.5505166360001,25.24250323500007,0 104.5488425030001,25.24187739800004,0 104.5483043520001,25.24126125500004,0 104.5479042640001,25.24096757200005,0 104.5472871590001,25.23961983200007,0 104.546834936,25.23719581700004,0 104.54471928,25.23667590200006,0 104.5435139090001,25.23624934300005,0 104.538467912,25.23556718000003,0 104.5382040950001,25.23526531000005,0 104.536815742,25.23489842300006,0 104.5364206090001,25.23444587800003,0 104.5354968330001,25.23393082900003,0 104.533941719,25.23126945100006,0 104.5317324950001,25.22964679300003,0 104.5300559460001,25.22899658100005,0 104.5268850050001,25.22848127900005,0 104.525430993,25.22790358000003,0 104.5235310200001,25.22759481500004,0 104.5207680140001,25.22610323200007,0 104.5197835050001,25.22544320100008,0 104.5191563820001,25.22519993800006,0 104.5184577590001,25.22439949000005,0 104.5158810330001,25.22260015700005,0 104.514752796,25.22130724200002,0 104.514450255,25.22000688100007,0 104.5142871230001,25.21961526100006,0 
							</coordinates>
						</LinearRing>
					</outerBoundaryIs>
				</Polygon>
			</MultiGeometry>
		</Placemark>
		<Placemark id="ID_00075">
			<name>64831</name>
			<description><![CDATA[<html xmlns:fo="http://www.w3.org/1999/XSL/Format" xmlns:msxsl="urn:schemas-microsoft-com:xslt">

<head>

<META http-equiv="Content-Type" content="text/html">

</head>

<body>

<table>

<tr><td style="white-space: nowrap;"><html xmlns:fo="http://www.w3.org/1999/XSL/Format" xmlns:msxsl="urn:schemas-microsoft-com:xslt">

<head>

<META http-equiv="Content-Type" content="text/html">

</head>

<body>

<table>

<tr><td style="white-space: nowrap;"><html xmlns:fo="http://www.w3.org/1999/XSL/Format" xmlns:msxsl="urn:schemas-microsoft-com:xslt">

<head>

<META http-equiv="Content-Type" content="text/html">

<meta http-equiv="content-type" content="text/html; charset=UTF-8">

</head>

<body style="margin:0px 0px 0px 0px;overflow:auto;background:#FFFFFF;">

<table style="font-family:Arial,Verdana,Times;font-size:12px;text-align:left;width:100%;border-collapse:collapse;padding:3px 3px 3px 3px">

<tr style="text-align:center;font-weight:bold;background:#9CBCE2">

<td>64831</td>

</tr>

<tr>

<td>

<table style="font-family:Arial,Verdana,Times;font-size:12px;text-align:left;width:100%;border-spacing:0px; padding:3px 3px 3px 3px">

<tr>

<td>Id</td>

<td>64831</td>

</tr>

<tr bgcolor="#D4E4F3">

<td>gridcode</td>

<td>23</td>

</tr>

</table>

</td>

</tr>

</table>

</body>

</html></td></tr>

</table>

</body>

</html></td></tr>

</table>

</body>

</html>]]></description>
			<styleUrl>#PolyStyle005794</styleUrl>
			<MultiGeometry>
				<Polygon>
					<outerBoundaryIs>
						<LinearRing>
							<coordinates>
								104.210628152806,25.22418981884568,0 104.2085751938373,25.22445695637972,0 104.2032414660001,25.22424138200006,0 104.199747856,25.22345837400007,0 104.1954272440001,25.21989664500006,0 104.194811009,25.21768728800004,0 104.1951637340001,25.21597692600005,0 104.196015474,25.21624327200004,0 104.1965970810001,25.21652877100007,0 104.1977979040001,25.21679766900007,0 104.1980911060001,25.22085952000003,0 104.1992535540001,25.22060797100005,0 104.2014298810001,25.21927066800004,0 104.2013373040001,25.22039486300002,0 104.1995401390001,25.22188373800003,0 104.200000549,25.22245614900004,0 104.2013941560001,25.22291115900003,0 104.2036618160001,25.22184222500005,0 104.2040774970001,25.22306843500007,0 104.2051922470001,25.22281647700004,0 104.205778879,25.22253952700004,0 104.2074797710001,25.22206397700006,0 104.2087687100001,25.22132085300007,0 104.2084834460001,25.22120593000005,0 104.2072825330001,25.22093715300002,0 104.20673515,25.22039189100008,0 104.2057955600001,25.22064514000005,0 104.2053665920001,25.22145395500007,0 104.2049124450001,25.22076188200003,0 104.2052045520001,25.22009955300007,0 104.205516366,25.21984174700003,0 104.2058050920001,25.21956262800006,0 104.2072936150001,25.21914658700007,0 104.2073202510001,25.21863165300005,0 104.207287803,25.21768944000007,0 104.2084688300001,25.21862808500003,0 104.20884785,25.22012599000004,0 104.2093888870001,25.21986983200003,0 104.2097144830001,25.21810400100003,0 104.21149618,25.21602701700004,0 104.2100098460001,25.21580272300002,0 104.2096389180001,25.21650203500008,0 104.2082752980001,25.21714473200007,0 104.2069891230001,25.21678573100007,0 104.2070660260001,25.21531807300005,0 104.2037726950001,25.21488471400005,0 104.2040631570001,25.21440764300007,0 104.2055711910001,25.21361723800004,0 104.206672133,25.21227541700006,0 104.2079983820001,25.21223746300007,0 104.2099669710001,25.21259372900005,0 104.210325406,25.21365170000007,0 104.2115262310001,25.21392045000005,0 104.213000858,25.21428313700005,0 104.2127176980001,25.21392904100003,0 104.211534999,25.21291746700008,0 104.2120578270001,25.21180929400003,0 104.2132712040001,25.21123708600004,0 104.2134284690001,25.21188339600008,0 104.2128681150001,25.21282664100005,0 104.2144997930001,25.21319202700005,0 104.2140066230001,25.21577313300003,0 104.2132944570001,25.21610896200008,0 104.2121411310001,25.21659305300005,0 104.2117838020001,25.21853390300004,0 104.2113192400001,25.22009363700005,0 104.2120652280001,25.22041988100006,0 104.2129377590001,25.22084772900007,0 104.214739153,25.22125106100003,0 104.2153208520001,25.22153645600002,0 104.2166476800001,25.22211686400004,0 104.2174013860001,25.22343530500007,0 104.2176805140001,25.22425980200006,0 104.218448138,25.22491599600005,0 104.2193452230001,25.22580965500004,0 104.2211878290001,25.22698068500006,0 104.2218417510001,25.22672527500004,0 104.223582993,25.22460345900004,0 104.224234429,25.22429594900007,0 104.225148942,25.22391206900005,0 104.2265674640001,25.22324286900005,0 104.2292889450001,25.22316430500007,0 104.2338970610001,25.22675758800005,0 104.2361251870001,25.22736732100003,0 104.2422508320001,25.22770676800008,0 104.2434242140001,25.22808940300007,0 104.243320355,25.22853904200002,0 104.242616152,25.22979854700003,0 104.2416883796474,25.23010243739457,0 104.2402323445506,25.22998601317726,0 104.2350088279386,25.23018386575711,0 104.2347540075799,25.23156289768729,0 104.2363078719066,25.23159613518322,0 104.2381674208127,25.23186653432423,0 104.2392571810168,25.23209765527966,0 104.2391328242147,25.2332914235236,0 104.239382580532,25.23422337882266,0 104.238257989962,25.23538324381098,0 104.2398193639567,25.23502598551865,0 104.2418970820878,25.23473427752589,0 104.2411650046095,25.23678102521935,0 104.2400820237389,25.23942928842791,0 104.2384872408285,25.2399547311135,0 104.2365382467484,25.24058140107426,0 104.2367363606518,25.24117506501859,0 104.2381211798995,25.24134369436879,0 104.2385764887651,25.24212043296374,0 104.2382101903291,25.24318602135977,0 104.2360029094248,25.2423829969487,0 104.2340578700001,25.24345017800005,0 104.23368266181,25.2428316782683,0 104.2357835130657,25.24074978712557,0 104.2337095413219,25.23953303058007,0 104.2333701663275,25.23726900267457,0 104.2303834130001,25.23653153800007,0 104.229813129,25.23489289300005,0 104.229513953,25.23435480500007,0 104.2290981930001,25.23315939400004,0 104.2286399020001,25.23271955100006,0 104.2280404960001,25.23244997100005,0 104.2272370650001,25.23167863900005,0 104.2259609983389,25.23023294721697,0 104.2248911854602,25.22985362456469,0 104.2232616274925,25.22925569610281,0 104.2212197220001,25.22941930000008,0 104.2194286920001,25.22914117200003,0 104.2182452340001,25.22885678900008,0 104.2163421240001,25.22842081700003,0 104.2152754920001,25.22775295300005,0 104.2146761590001,25.22748329500007,0 104.2140967840001,25.22692701600005,0 104.2134939540001,25.22639223600004,0 104.2137864251264,25.22209561391883,0 104.2129740462301,25.22149432936539,0 104.210628152806,25.22418981884568,0 
							</coordinates>
						</LinearRing>
					</outerBoundaryIs>
				</Polygon>
			</MultiGeometry>
		</Placemark>
		<Placemark id="ID_00076">
			<name>67064</name>
			<description><![CDATA[<html xmlns:fo="http://www.w3.org/1999/XSL/Format" xmlns:msxsl="urn:schemas-microsoft-com:xslt">

<head>

<META http-equiv="Content-Type" content="text/html">

</head>

<body>

<table>

<tr><td style="white-space: nowrap;"><html xmlns:fo="http://www.w3.org/1999/XSL/Format" xmlns:msxsl="urn:schemas-microsoft-com:xslt">

<head>

<META http-equiv="Content-Type" content="text/html">

</head>

<body>

<table>

<tr><td style="white-space: nowrap;"><html xmlns:fo="http://www.w3.org/1999/XSL/Format" xmlns:msxsl="urn:schemas-microsoft-com:xslt">

<head>

<META http-equiv="Content-Type" content="text/html">

<meta http-equiv="content-type" content="text/html; charset=UTF-8">

</head>

<body style="margin:0px 0px 0px 0px;overflow:auto;background:#FFFFFF;">

<table style="font-family:Arial,Verdana,Times;font-size:12px;text-align:left;width:100%;border-collapse:collapse;padding:3px 3px 3px 3px">

<tr style="text-align:center;font-weight:bold;background:#9CBCE2">

<td>67064</td>

</tr>

<tr>

<td>

<table style="font-family:Arial,Verdana,Times;font-size:12px;text-align:left;width:100%;border-spacing:0px; padding:3px 3px 3px 3px">

<tr>

<td>Id</td>

<td>67064</td>

</tr>

<tr bgcolor="#D4E4F3">

<td>gridcode</td>

<td>23</td>

</tr>

</table>

</td>

</tr>

</table>

</body>

</html></td></tr>

</table>

</body>

</html></td></tr>

</table>

</body>

</html>]]></description>
			<styleUrl>#PolyStyle005797</styleUrl>
			<MultiGeometry>
				<Polygon>
					<outerBoundaryIs>
						<LinearRing>
							<coordinates>
								104.1258919690001,25.18174167900003,0 104.1282112810001,25.18055061800004,0 104.1293341840001,25.17875865200006,0 104.1290726780001,25.17729081400006,0 104.128491426,25.17581195900004,0 104.1287841910001,25.17404030700004,0 104.1299074260001,25.17262657600003,0 104.1303182330001,25.17163645000005,0 104.1306472040001,25.16712697000003,0 104.1312442160001,25.16593925200004,0 104.1318441160001,25.16547745000003,0 104.1313618090001,25.16387139800003,0 104.130677286,25.16297720700004,0 104.1301120060001,25.16214053100003,0 104.129528039,25.16167511300006,0 104.129378354,25.15977138100004,0 104.130130201,25.15795941600004,0 104.1298638870001,25.15699530900002,0 104.1282562630001,25.15584390700008,0 104.1272089550001,25.15447516200004,0 104.127549877,25.15294990100006,0 104.1282963320001,25.15217600600005,0 104.1325716250001,25.15252253100005,0 104.132970572,25.15027256700006,0 104.1364749210001,25.15055095500003,0 104.1369089690001,25.15069978500003,0 104.1370371520001,25.15085359800003,0 104.138718962,25.15172710400003,0 104.1393591410001,25.15324692500008,0 104.138683019,25.15579924200006,0 104.138191819,25.15864986400004,0 104.1387249650001,25.16115352100007,0 104.1393163620001,25.16157612300003,0 104.1390145810001,25.16291690800006,0 104.1381387150001,25.16421191800004,0 104.138405295,25.16589078100003,0 104.139179718,25.16681972400005,0 104.1397307760001,25.16696390600004,0 104.1407723090001,25.16818016700006,0 104.1410391310001,25.16910668100007,0 104.139079553,25.17061492900007,0 104.1352682640001,25.17085021600008,0 104.13538543,25.17233886500003,0 104.136557709,25.17301930400004,0 104.1377185810001,25.17386062200006,0 104.1383337510001,25.17411607300005,0 104.1394749460001,25.17470662000005,0 104.1407053120001,25.17521749700006,0 104.1417348420001,25.17575030700004,0 104.1427817600001,25.17604586600004,0 104.1433526550001,25.17631230500007,0 104.1406703280001,25.17657063800004,0 104.1394504850001,25.17696705700007,0 104.1374744710001,25.17834875900007,0 104.1377835820001,25.18227499800003,0 104.138248467,25.18304787900007,0 104.1385187710001,25.18361145500006,0 104.1393517420001,25.18469887700007,0 104.1401165820001,25.18530863500007,0 104.141795883,25.18578257300004,0 104.1432547440001,25.18662613900007,0 104.143870017,25.18688154800003,0 104.1455573340001,25.18817253000003,0 104.1459066090001,25.18961691000004,0 104.1441513470001,25.19303307400003,0 104.1429242980001,25.19337024800007,0 104.1425790490001,25.19040391300007,0 104.1381589680001,25.19010480000003,0 104.1339533180001,25.18934463400007,0 104.1319725020001,25.18804427200007,0 104.1316768510001,25.18516124500007,0 104.13130133,25.18387069600004,0 104.130304074,25.18354635300005,0 104.1298978690001,25.18435514800007,0 104.1295363260001,25.18463325300007,0 104.1289862800001,25.18624261300005,0 104.1281584420001,25.18728408000004,0 104.1264324650001,25.18743020900007,0 104.1260622180001,25.18644261600008,0 104.1258919690001,25.18174167900003,0 
							</coordinates>
						</LinearRing>
					</outerBoundaryIs>
				</Polygon>
			</MultiGeometry>
		</Placemark>
		<Placemark id="ID_00077">
			<name>67541</name>
			<description><![CDATA[<html xmlns:fo="http://www.w3.org/1999/XSL/Format" xmlns:msxsl="urn:schemas-microsoft-com:xslt">

<head>

<META http-equiv="Content-Type" content="text/html">

</head>

<body>

<table>

<tr><td style="white-space: nowrap;"><html xmlns:fo="http://www.w3.org/1999/XSL/Format" xmlns:msxsl="urn:schemas-microsoft-com:xslt">

<head>

<META http-equiv="Content-Type" content="text/html">

</head>

<body>

<table>

<tr><td style="white-space: nowrap;"><html xmlns:fo="http://www.w3.org/1999/XSL/Format" xmlns:msxsl="urn:schemas-microsoft-com:xslt">

<head>

<META http-equiv="Content-Type" content="text/html">

<meta http-equiv="content-type" content="text/html; charset=UTF-8">

</head>

<body style="margin:0px 0px 0px 0px;overflow:auto;background:#FFFFFF;">

<table style="font-family:Arial,Verdana,Times;font-size:12px;text-align:left;width:100%;border-collapse:collapse;padding:3px 3px 3px 3px">

<tr style="text-align:center;font-weight:bold;background:#9CBCE2">

<td>67541</td>

</tr>

<tr>

<td>

<table style="font-family:Arial,Verdana,Times;font-size:12px;text-align:left;width:100%;border-spacing:0px; padding:3px 3px 3px 3px">

<tr>

<td>Id</td>

<td>67541</td>

</tr>

<tr bgcolor="#D4E4F3">

<td>gridcode</td>

<td>23</td>

</tr>

</table>

</td>

</tr>

</table>

</body>

</html></td></tr>

</table>

</body>

</html></td></tr>

</table>

</body>

</html>]]></description>
			<styleUrl>#PolyStyle0057921</styleUrl>
			<MultiGeometry>
				<Polygon>
					<outerBoundaryIs>
						<LinearRing>
							<coordinates>
								104.6036935160001,25.14337629600004,0 104.6041452200001,25.14350799900007,0 104.6050241030001,25.14406316100008,0 104.6059263430001,25.14459725000006,0 104.6073981870001,25.14569593100003,0 104.6080039820001,25.14595823400003,0 104.6088829130001,25.14651336100008,0 104.6098386230001,25.14692732400005,0 104.6103770020001,25.14786162400003,0 104.6108369020001,25.14920142200003,0 104.6204685770976,25.15208369297407,0 104.6193265409113,25.15074768423041,0 104.6165998234381,25.14957544713239,0 104.6145613993073,25.14874116302718,0 104.6133322717058,25.14768645763275,0 104.6139136150001,25.14619448000008,0 104.6131970820001,25.14558630500005,0 104.612769858,25.14516314200006,0 104.6115687620001,25.14489874900005,0 104.611256166,25.14458939600007,0 104.6100840390001,25.14408135200006,0 104.6095015960001,25.14379799400007,0 104.60854592,25.14338402400006,0 104.607751406,25.14200518700004,0 104.6077059,25.14083840600006,0 104.6090191490001,25.14002333800005,0 104.610694499,25.14056439100006,0 104.611597901,25.14082773900003,0 104.612476804,25.14138284500007,0 104.6141303590001,25.14186534200007,0 104.6167560500001,25.14382370400006,0 104.6175390450001,25.14356632200003,0 104.6176826480001,25.14342618700005,0 104.617839067,25.14355441900005,0 104.618360189,25.14459754500007,0 104.6199111640001,25.14626866200007,0 104.6204732460001,25.14850308900003,0 104.6216186870001,25.14944102500004,0 104.6231223390001,25.15134083500004,0 104.623434241,25.15406233700003,0 104.6209443660001,25.15606937500007,0 104.6198609530001,25.15819438900007,0 104.6195447660001,25.15871933500006,0 104.6191513670001,25.15949064400007,0 104.619411965,25.16373954100004,0 104.6186523050001,25.16435174700007,0 104.6180935240001,25.16544759900006,0 104.615942525,25.16574457400003,0 104.613078187,25.16803949400003,0 104.610964751,25.16891222900006,0 104.6080761820001,25.16923549300003,0 104.6064189520001,25.16868817000005,0 104.6046772510001,25.16831312800002,0 104.6034488430001,25.16705333300007,0 104.603135965,25.16679684500008,0 104.6028033750001,25.16613108800004,0 104.6016569300001,25.16462599000005,0 104.601520431,25.16367042800005,0 104.6017672840001,25.16280957500004,0 104.6032446798325,25.16088723919401,0 104.6065310254866,25.16029957375299,0 104.6091557339701,25.16007138747226,0 104.6112589225097,25.16102272919396,0 104.6135186721331,25.16137655148637,0 104.6137341944039,25.16022420206167,0 104.6134985582345,25.15903553856147,0 104.6121291945137,25.15797329677586,0 104.610603601402,25.15821846903919,0 104.6101479955571,25.15916134903979,0 104.6082767136225,25.1584905411889,0 104.6086114628563,25.15656422784814,0 104.6072094663614,25.15516191555909,0 104.605239091,25.15286400400004,0 104.6038378320001,25.15036583400007,0 104.6036935160001,25.14337629600004,0 
							</coordinates>
						</LinearRing>
					</outerBoundaryIs>
				</Polygon>
			</MultiGeometry>
		</Placemark>
		<Placemark id="ID_00078">
			<name>68103</name>
			<description><![CDATA[<html xmlns:fo="http://www.w3.org/1999/XSL/Format" xmlns:msxsl="urn:schemas-microsoft-com:xslt">

<head>

<META http-equiv="Content-Type" content="text/html">

</head>

<body>

<table>

<tr><td style="white-space: nowrap;"><html xmlns:fo="http://www.w3.org/1999/XSL/Format" xmlns:msxsl="urn:schemas-microsoft-com:xslt">

<head>

<META http-equiv="Content-Type" content="text/html">

</head>

<body>

<table>

<tr><td style="white-space: nowrap;"><html xmlns:fo="http://www.w3.org/1999/XSL/Format" xmlns:msxsl="urn:schemas-microsoft-com:xslt">

<head>

<META http-equiv="Content-Type" content="text/html">

<meta http-equiv="content-type" content="text/html; charset=UTF-8">

</head>

<body style="margin:0px 0px 0px 0px;overflow:auto;background:#FFFFFF;">

<table style="font-family:Arial,Verdana,Times;font-size:12px;text-align:left;width:100%;border-collapse:collapse;padding:3px 3px 3px 3px">

<tr style="text-align:center;font-weight:bold;background:#9CBCE2">

<td>68103</td>

</tr>

<tr>

<td>

<table style="font-family:Arial,Verdana,Times;font-size:12px;text-align:left;width:100%;border-spacing:0px; padding:3px 3px 3px 3px">

<tr>

<td>Id</td>

<td>68103</td>

</tr>

<tr bgcolor="#D4E4F3">

<td>gridcode</td>

<td>23</td>

</tr>

</table>

</td>

</tr>

</table>

</body>

</html></td></tr>

</table>

</body>

</html></td></tr>

</table>

</body>

</html>]]></description>
			<styleUrl>#PolyStyle0057917</styleUrl>
			<MultiGeometry>
				<Polygon>
					<outerBoundaryIs>
						<LinearRing>
							<coordinates>
								104.0791561990001,25.12180254400005,0 104.085579926,25.12196707300006,0 104.0869458450001,25.12236477500005,0 104.087293592,25.12367030000007,0 104.0868653800001,25.12457460700006,0 104.0867015490001,25.12496928000007,0 104.086321217,25.12608072800003,0 104.0856750630001,25.12675054400006,0 104.0851917630001,25.12712244300008,0 104.0849105820001,25.12768162800006,0 104.0837632180001,25.12813598700006,0 104.0822033970001,25.13062469200003,0 104.0820413440001,25.13227092400007,0 104.0831286800001,25.13344093600006,0 104.086364094,25.13471247700005,0 104.0892143840001,25.13446610900007,0 104.0904827250001,25.13366399900008,0 104.091304462,25.13333878900005,0 104.0921427070001,25.13246962600005,0 104.0928850140001,25.13206442900003,0 104.094463358,25.13181739000004,0 104.0986918814028,25.13372452183205,0 104.0971511937817,25.13463646065431,0 104.0946408001293,25.13384738289706,0 104.0932504353583,25.13492053337452,0 104.0913656015551,25.1348226669293,0 104.0896750470001,25.13674567500004,0 104.0892623240001,25.13830070100004,0 104.090147007,25.13906021400004,0 104.0928772760001,25.13937374500006,0 104.094007494,25.13884170200004,0 104.095244161,25.13859181900006,0 104.0957903740001,25.13913777500005,0 104.0963946300001,25.13940291900008,0 104.0971941000001,25.13979630700004,0 104.097551728,25.14158877600005,0 104.0978529710001,25.14239282900007,0 104.0982815120001,25.14366506600004,0 104.0999201760001,25.14403416200003,0 104.1013912220001,25.14459827700006,0 104.102590804,25.14486828100007,0 104.1029677050192,25.1468943982112,0 104.1013101800808,25.14779994769697,0 104.1017394335887,25.14913095283096,0 104.1014556632598,25.15070419687966,0 104.1016507675597,25.15190256577883,0 104.1021020397289,25.15332952243236,0 104.1037106726803,25.15443251685478,0 104.1012614664151,25.1545146137703,0 104.099322427487,25.15470718921981,0 104.0975727679795,25.1537389190742,0 104.0975663291892,25.1518467140742,0 104.0964890340639,25.15068444535834,0 104.0977458509807,25.14988526023814,0 104.0992270570569,25.14926164896523,0 104.0989092824763,25.14773164502517,0 104.0969912052262,25.14752468799477,0 104.095102395378,25.14739972708756,0 104.0936895564149,25.14516153648828,0 104.0916894353701,25.14345178349459,0 104.0895806311353,25.14119332936804,0 104.0899467371477,25.14010280947924,0 104.0911309064796,25.13995544318753,0 104.0930841555011,25.14154018362536,0 104.0942554515717,25.14163803599007,0 104.0949776739556,25.1413849056578,0 104.0944360177922,25.14017351712967,0 104.0936516647107,25.1398599363199,0 104.0904100662202,25.1394075178385,0 104.0881391116926,25.13933034032751,0 104.08623881144,25.13836443782555,0 104.0854441789419,25.13702533232093,0 104.0839962826467,25.13605774256619,0 104.0833988566002,25.13689899215123,0 104.0824049505871,25.13658248505248,0 104.0814638715438,25.13627659595123,0 104.0814342422402,25.13637125426892,0 104.0799254201765,25.13680772282925,0 104.0798522762301,25.13669089675827,0 104.0795992210613,25.13522661483549,0 104.0797991119096,25.134417687775,0 104.0785983249901,25.13321154994033,0 104.0784541211864,25.13298119212492,0 104.0769853524839,25.13211948690907,0 104.0758129613745,25.13379620978744,0 104.0758869265377,25.13391105606456,0 104.0773813435722,25.13457443282785,0 104.0776453656642,25.13614071011935,0 104.0777149172244,25.1374721471681,0 104.0750051354407,25.13793642239624,0 104.0737229380001,25.13574458600004,0 104.073063323,25.13555789100008,0 104.0732109080001,25.13460158200007,0 104.0735804430001,25.13371192600005,0 104.0733199590001,25.13037593000007,0 104.0747516130001,25.12947094900005,0 104.0753714350001,25.12922557100006,0 104.076247843,25.12867145300004,0 104.0786043990001,25.12820518000007,0 104.0787482790001,25.12675045500004,0 104.078380629,25.12598223300006,0 104.077797741,25.12551675700007,0 104.0772588230001,25.12438910700007,0 104.0763213860001,25.12364064000008,0 104.076614621,25.12190638500005,0 104.0791561990001,25.12180254400005,0 
							</coordinates>
						</LinearRing>
					</outerBoundaryIs>
				</Polygon>
			</MultiGeometry>
		</Placemark>
		<Placemark id="ID_00079">
			<name>69383</name>
			<description><![CDATA[<html xmlns:fo="http://www.w3.org/1999/XSL/Format" xmlns:msxsl="urn:schemas-microsoft-com:xslt">

<head>

<META http-equiv="Content-Type" content="text/html">

</head>

<body>

<table>

<tr><td style="white-space: nowrap;"><html xmlns:fo="http://www.w3.org/1999/XSL/Format" xmlns:msxsl="urn:schemas-microsoft-com:xslt">

<head>

<META http-equiv="Content-Type" content="text/html">

</head>

<body>

<table>

<tr><td style="white-space: nowrap;"><html xmlns:fo="http://www.w3.org/1999/XSL/Format" xmlns:msxsl="urn:schemas-microsoft-com:xslt">

<head>

<META http-equiv="Content-Type" content="text/html">

<meta http-equiv="content-type" content="text/html; charset=UTF-8">

</head>

<body style="margin:0px 0px 0px 0px;overflow:auto;background:#FFFFFF;">

<table style="font-family:Arial,Verdana,Times;font-size:12px;text-align:left;width:100%;border-collapse:collapse;padding:3px 3px 3px 3px">

<tr style="text-align:center;font-weight:bold;background:#9CBCE2">

<td>69383</td>

</tr>

<tr>

<td>

<table style="font-family:Arial,Verdana,Times;font-size:12px;text-align:left;width:100%;border-spacing:0px; padding:3px 3px 3px 3px">

<tr>

<td>Id</td>

<td>69383</td>

</tr>

<tr bgcolor="#D4E4F3">

<td>gridcode</td>

<td>23</td>

</tr>

</table>

</td>

</tr>

</table>

</body>

</html></td></tr>

</table>

</body>

</html></td></tr>

</table>

</body>

</html>]]></description>
			<styleUrl>#PolyStyle005798</styleUrl>
			<MultiGeometry>
				<Polygon>
					<outerBoundaryIs>
						<LinearRing>
							<coordinates>
								104.1714604280001,25.08355539900003,0 104.1719164710001,25.08368419400006,0 104.1721891680001,25.08397711800006,0 104.1748661950001,25.08436916800002,0 104.1751388290001,25.08670704300005,0 104.1754461820001,25.08804305200005,0 104.1756989130001,25.09237437600007,0 104.176754885,25.09292120900005,0 104.177925208,25.09226849200007,0 104.1794303580001,25.09377160100007,0 104.1810311350001,25.09485869900004,0 104.1824969880001,25.09596326700006,0 104.1845788270001,25.09732201300005,0 104.1850857980001,25.09832074400003,0 104.182948406,25.09982479500009,0 104.1824631410001,25.10098821800006,0 104.184615062,25.10244952400007,0 104.1889671204832,25.10389847335803,0 104.1897311101901,25.10461566767721,0 104.1892169997813,25.10647299151645,0 104.1883054067603,25.10696419831541,0 104.1882247810673,25.1079487731194,0 104.1873440328131,25.10877017808033,0 104.1863515772825,25.10834655270326,0 104.1836222335685,25.10729834025773,0 104.1816470942168,25.10734555574356,0 104.1821225278913,25.1089334470541,0 104.1814861814121,25.10964442853892,0 104.180835630001,25.10879576515858,0 104.1810905833751,25.10824540862606,0 104.1812220371346,25.10789791092072,0 104.1803363083509,25.10738053186707,0 104.179482824209,25.10815632297153,0 104.1792885594292,25.10859108554433,0 104.1794989928217,25.10938824028208,0 104.1810852356906,25.10977990167119,0 104.1820827020001,25.11034046000003,0 104.1829552070001,25.11108808500006,0 104.1874781390001,25.11142564500005,0 104.1880052400001,25.11200752500002,0 104.1866917512101,25.11208372376127,0 104.1857431074831,25.1125560601325,0 104.1838311588577,25.11213605557778,0 104.1821569922188,25.11123445897262,0 104.180694458476,25.11011646376434,0 104.1788505862771,25.10954699284536,0 104.178324096,25.10820792100003,0 104.1759364701504,25.10869906155796,0 104.1732721951573,25.10714316905085,0 104.1709986270444,25.11097858922637,0 104.1685015300001,25.11121155900003,0 104.1664567220001,25.11005061300006,0 104.165486883037,25.10845834400732,0 104.166194194102,25.10661450220814,0 104.1679369945091,25.10497383304813,0 104.1667825083136,25.10444324902129,0 104.1689462664674,25.10371390824501,0 104.1666607160001,25.10286750600005,0 104.166982606,25.10261931500003,0 104.1672632010001,25.10205987500007,0 104.1677114970001,25.10171455400007,0 104.169475180477,25.10184671440574,0 104.1718005311342,25.10181412808791,0 104.1775895361075,25.10425941686549,0 104.1716734385172,25.10092890237372,0 104.1725641269719,25.0988710825038,0 104.1742617120568,25.09889978683318,0 104.1762197391989,25.09773750187048,0 104.1745451656544,25.09568384673589,0 104.173141973,25.09521429900008,0 104.1705644080001,25.09414372400006,0 104.169700344,25.09345472100006,0 104.1691549110001,25.09286887500008,0 104.167378742,25.09191880500003,0 104.1677020530001,25.08886260300005,0 104.1682827990001,25.08825942000004,0 104.1687655500001,25.08788710900006,0 104.169190089,25.08664179800007,0 104.1698143340001,25.08585437500005,0 104.17017078,25.08480922300004,0 104.1711386170001,25.08380361700006,0 104.1714604280001,25.08355539900003,0 
							</coordinates>
						</LinearRing>
					</outerBoundaryIs>
				</Polygon>
			</MultiGeometry>
		</Placemark>
		<Placemark id="ID_00080">
			<name>70504</name>
			<description><![CDATA[<html xmlns:fo="http://www.w3.org/1999/XSL/Format" xmlns:msxsl="urn:schemas-microsoft-com:xslt">

<head>

<META http-equiv="Content-Type" content="text/html">

</head>

<body>

<table>

<tr><td style="white-space: nowrap;"><html xmlns:fo="http://www.w3.org/1999/XSL/Format" xmlns:msxsl="urn:schemas-microsoft-com:xslt">

<head>

<META http-equiv="Content-Type" content="text/html">

</head>

<body>

<table>

<tr><td style="white-space: nowrap;"><html xmlns:fo="http://www.w3.org/1999/XSL/Format" xmlns:msxsl="urn:schemas-microsoft-com:xslt">

<head>

<META http-equiv="Content-Type" content="text/html">

<meta http-equiv="content-type" content="text/html; charset=UTF-8">

</head>

<body style="margin:0px 0px 0px 0px;overflow:auto;background:#FFFFFF;">

<table style="font-family:Arial,Verdana,Times;font-size:12px;text-align:left;width:100%;border-collapse:collapse;padding:3px 3px 3px 3px">

<tr style="text-align:center;font-weight:bold;background:#9CBCE2">

<td>70504</td>

</tr>

<tr>

<td>

<table style="font-family:Arial,Verdana,Times;font-size:12px;text-align:left;width:100%;border-spacing:0px; padding:3px 3px 3px 3px">

<tr>

<td>Id</td>

<td>70504</td>

</tr>

<tr bgcolor="#D4E4F3">

<td>gridcode</td>

<td>23</td>

</tr>

</table>

</td>

</tr>

</table>

</body>

</html></td></tr>

</table>

</body>

</html></td></tr>

</table>

</body>

</html>]]></description>
			<styleUrl>#PolyStyle005793</styleUrl>
			<MultiGeometry>
				<Polygon>
					<outerBoundaryIs>
						<LinearRing>
							<coordinates>
								104.0271488088599,25.05659434425955,0 104.0269417127243,25.05654997819977,0 104.0231247682323,25.05435643592592,0 104.0206938683788,25.05278522273847,0 104.0205886925382,25.05074356730272,0 104.0187482697324,25.04930807480512,0 104.0186807405957,25.04909930687167,0 104.0165965546206,25.04696440804677,0 104.0152602993197,25.04550893126927,0 104.0163601519019,25.04336513500866,0 104.0130845863837,25.04161840477821,0 104.0125075838708,25.03867919753001,0 104.012005812438,25.03537936718954,0 104.0098842337182,25.03418970173015,0 104.0096789200758,25.03337433313413,0 104.0100437234047,25.03313627295794,0 104.0123305652295,25.03160573491296,0 104.0143973033863,25.03391018825414,0 104.0148612031653,25.03407874416295,0 104.0194987557553,25.03520633637057,0 104.0295616647508,25.03721754917889,0 104.0298970280477,25.03728992899231,0 104.0332005597567,25.03845011616761,0 104.0334679850489,25.0385072636125,0 104.039624826518,25.04040872264133,0 104.0397594150903,25.04043798560225,0 104.046163653428,25.0406660926225,0 104.0464335809232,25.04072597399151,0 104.0467037932548,25.04078643181256,0 104.0531365341894,25.0417362250758,0 104.0533380757788,25.04177957805977,0 104.0538083811164,25.04188076180127,0 104.0565347238891,25.04286287267032,0 104.0559917662089,25.04516305540818,0 104.0517752450402,25.04470116533556,0 104.0491274933145,25.04502660047749,0 104.0488963175251,25.04536206734892,0 104.047085908158,25.04742283669241,0 104.0445694056121,25.04846566927102,0 104.0400258736586,25.04786820887868,0 104.0374247437317,25.0473609997277,0 104.0378870950957,25.04489187352554,0 104.0356762609378,25.04595675441765,0 104.0356889628831,25.04615058915695,0 104.0365388585036,25.04871013021057,0 104.0393943547346,25.05068830712468,0 104.0395961380933,25.05073188771656,0 104.0448725547863,25.05187820858121,0 104.0488296438004,25.05279753753528,0 104.0518316490544,25.05357496922128,0 104.0494190178754,25.05530692506245,0 104.0520623132697,25.05562141915975,0 104.0521630204717,25.05551410781858,0 104.0534099083118,25.05327089955876,0 104.0535768761516,25.0531776116183,0 104.0537767127766,25.05296358016227,0 104.0560296417356,25.05415597252475,0 104.0572660642129,25.05326476369828,0 104.0599506052501,25.05417532951734,0 104.0604528683445,25.05691998919815,0 104.0603379378211,25.05708873413303,0 104.0586463389124,25.05808168644262,0 104.0587503461137,25.05959610854277,0 104.0560713628073,25.06077319336843,0 104.0534545169228,25.06059952433867,0 104.0487698149144,25.06304247598777,0 104.0476199090483,25.0616825665069,0 104.046958086547,25.06278505964255,0 104.0457093719585,25.06284570078428,0 104.0459469596401,25.06092897811303,0 104.0461336525473,25.06077351199233,0 104.048810234734,25.05965816032589,0 104.0476343862627,25.05920815882896,0 104.0473799563173,25.05934872344422,0 104.0472951307674,25.05939559318418,0 104.0449106387526,25.06024553391511,0 104.0435925193628,25.06060978292227,0 104.0410403326557,25.05972426975624,0 104.0409215621228,25.05755015346029,0 104.0410936728718,25.05745697521477,0 104.0415160613457,25.05644483005036,0 104.0413074998922,25.05640028880088,0 104.0410319592155,25.0563410788819,0 104.0404837987871,25.0562230933023,0 104.0393884141631,25.05501210229534,0 104.0380048557411,25.05406433199541,0 104.0377717374553,25.05414313234198,0 104.0366190125158,25.05557493722285,0 104.0365857526975,25.05569718616854,0 104.038759188003,25.05799750440864,0 104.0388987466587,25.05828749869934,0 104.0392722228012,25.06006484070559,0 104.0370844200557,25.05979517761123,0 104.0361827792974,25.05815814466071,0 104.0340765469332,25.05724164226508,0 104.0325501962995,25.05534557438672,0 104.0335976712073,25.05395084102748,0 104.0325746297401,25.0529524886982,0 104.0309254794268,25.05227151382146,0 104.0293612788256,25.0504474479692,0 104.0287544021803,25.05361252600114,0 104.0287927184007,25.05394561405497,0 104.0288493251739,25.0542180886118,0 104.0292416583751,25.05619526482208,0 104.0289110024451,25.0575616594848,0 104.0271488088599,25.05659434425955,0 
							</coordinates>
						</LinearRing>
					</outerBoundaryIs>
				</Polygon>
			</MultiGeometry>
		</Placemark>
		<Placemark id="ID_00081">
			<name>75413</name>
			<description><![CDATA[<html xmlns:fo="http://www.w3.org/1999/XSL/Format" xmlns:msxsl="urn:schemas-microsoft-com:xslt">

<head>

<META http-equiv="Content-Type" content="text/html">

</head>

<body>

<table>

<tr><td style="white-space: nowrap;"><html xmlns:fo="http://www.w3.org/1999/XSL/Format" xmlns:msxsl="urn:schemas-microsoft-com:xslt">

<head>

<META http-equiv="Content-Type" content="text/html">

</head>

<body>

<table>

<tr><td style="white-space: nowrap;"><html xmlns:fo="http://www.w3.org/1999/XSL/Format" xmlns:msxsl="urn:schemas-microsoft-com:xslt">

<head>

<META http-equiv="Content-Type" content="text/html">

<meta http-equiv="content-type" content="text/html; charset=UTF-8">

</head>

<body style="margin:0px 0px 0px 0px;overflow:auto;background:#FFFFFF;">

<table style="font-family:Arial,Verdana,Times;font-size:12px;text-align:left;width:100%;border-collapse:collapse;padding:3px 3px 3px 3px">

<tr style="text-align:center;font-weight:bold;background:#9CBCE2">

<td>75413</td>

</tr>

<tr>

<td>

<table style="font-family:Arial,Verdana,Times;font-size:12px;text-align:left;width:100%;border-spacing:0px; padding:3px 3px 3px 3px">

<tr>

<td>Id</td>

<td>75413</td>

</tr>

<tr bgcolor="#D4E4F3">

<td>gridcode</td>

<td>23</td>

</tr>

</table>

</td>

</tr>

</table>

</body>

</html></td></tr>

</table>

</body>

</html></td></tr>

</table>

</body>

</html>]]></description>
			<styleUrl>#PolyStyle005797</styleUrl>
			<MultiGeometry>
				<Polygon>
					<outerBoundaryIs>
						<LinearRing>
							<coordinates>
								103.9683444520001,24.89683730200005,0 103.968711189,24.89655504200005,0 103.9691202850001,24.89290622500005,0 103.9695337940001,24.89258789200005,0 103.9711153370001,24.89299919600006,0 103.9723472870001,24.89433159400005,0 103.9741562830001,24.89508894500006,0 103.9744246960001,24.89632014800003,0 103.9738200690001,24.89728542200004,0 103.973374999,24.89823949600003,0 103.9712642380001,24.89872700000007,0 103.9705473670001,24.89987109400005,0 103.9708487930001,24.90125552100005,0 103.9732642470001,24.90386845100005,0 103.9760919990001,24.90551635400004,0 103.979667981,24.90519702200004,0 103.9801256750001,24.90507591100004,0 103.9805858180001,24.90520086500004,0 103.9823717200001,24.90618112500005,0 103.9843968200001,24.90662070400003,0 103.9873950890001,24.90688993300006,0 103.988676598,24.90735319600003,0 103.9912081200001,24.90803916100003,0 103.992775485,24.90986274900007,0 103.9937324000001,24.90953719900006,0 103.9934178940001,24.91039199300008,0 103.9926041510001,24.91155592800004,0 103.9900184540001,24.91031022300007,0 103.9890520750001,24.90987107300003,0 103.9872073290001,24.90988830900005,0 103.9867377900001,24.91137816900005,0 103.9883122880001,24.91209284200005,0 103.9906645680001,24.91263957200005,0 103.9931139070001,24.91343001200005,0 103.997565819,24.91431082100007,0 103.9979913400001,24.91343059300004,0 103.9950337860001,24.91239641100003,0 103.9941537130001,24.91196181100003,0 103.9950576150001,24.91077118400006,0 103.995357927,24.90994006700004,0 103.99471314,24.90936319000008,0 103.9937324000001,24.90953719900006,0 103.994437652,24.90858442400003,0 103.9940563310001,24.90710200000007,0 103.995671777,24.90830586400006,0 103.9975962090001,24.90862997400006,0 104.0000688160001,24.90998716800004,0 104.0019106220001,24.90976280200005,0 104.002391463,24.90875024300004,0 104.0030808260001,24.90838935200003,0 104.0038405270001,24.90827567000002,0 104.0051706070001,24.90992229400007,0 104.0063221920001,24.91034764600006,0 104.0082696410001,24.91048340800006,0 104.0089863010001,24.91032961600007,0 104.0100537800001,24.91022874800007,0 104.0090996790001,24.91125607500004,0 104.006983893,24.91282730500006,0 104.0056236140001,24.91329108500003,0 104.0018757750001,24.91271495500007,0 103.9990263320001,24.91244326800006,0 103.9986051160001,24.91314523100004,0 104.0008663850001,24.91406498300006,0 104.0024174920001,24.91449562700007,0 104.0055088680001,24.91502764000006,0 104.008916029,24.91691166700008,0 104.0090802270001,24.91780523600005,0 104.0064106310001,24.91793327400006,0 104.005953817,24.91934551500002,0 104.006537811,24.92034926500003,0 104.0064762100001,24.92115399400007,0 104.0033070220001,24.92140226100003,0 104.0017863400001,24.92030472200003,0 103.9998498180001,24.92015889800007,0 103.9990487910001,24.91922718900003,0 103.9970377170001,24.91843194500007,0 103.9967184380001,24.91589563500003,0 103.9945134920001,24.91439430000003,0 103.9926504540001,24.91458818300004,0 103.99201099,24.91384414900006,0 103.9899575320001,24.91405791600005,0 103.9887227460001,24.91262101200005,0 103.9874010650001,24.91320291600005,0 103.9869590540001,24.91497820900003,0 103.9862472600001,24.91515676800003,0 103.986058224,24.91422324000007,0 103.9818062750001,24.91403167800007,0 103.9811605910001,24.91292084300005,0 103.9803402010001,24.91239250800004,0 103.980150897,24.91102508200004,0 103.978795178,24.91035414100003,0 103.9747515170001,24.91016954500003,0 103.9742686000001,24.91056924100008,0 103.973792099,24.91352462900005,0 103.9707276220001,24.91391156700007,0 103.9703815620001,24.91298128300008,0 103.9701000530001,24.91030128100005,0 103.968676637,24.91023594400008,0 103.9677345470001,24.91077835300007,0 103.966885941,24.91237670200007,0 103.9647513850001,24.91303685600008,0 103.965056594,24.91129473000007,0 103.965473171,24.90990393200008,0 103.965388111,24.90724798200006,0 103.9669042590001,24.90548240700002,0 103.9666273390001,24.90424108500002,0 103.9651970780001,24.90300678300002,0 103.965051616,24.89924430300005,0 103.969025791,24.89902011700008,0 103.9691401620001,24.89752902600003,0 103.9684831180001,24.89698148500003,0 103.9683444520001,24.89683730200005,0 
							</coordinates>
						</LinearRing>
					</outerBoundaryIs>
				</Polygon>
			</MultiGeometry>
		</Placemark>
		<Placemark id="ID_00082">
			<name>40578</name>
			<description><![CDATA[<html xmlns:fo="http://www.w3.org/1999/XSL/Format" xmlns:msxsl="urn:schemas-microsoft-com:xslt">

<head>

<META http-equiv="Content-Type" content="text/html">

</head>

<body>

<table>

<tr><td style="white-space: nowrap;"><html xmlns:fo="http://www.w3.org/1999/XSL/Format" xmlns:msxsl="urn:schemas-microsoft-com:xslt">

<head>

<META http-equiv="Content-Type" content="text/html">

</head>

<body>

<table>

<tr><td style="white-space: nowrap;"><html xmlns:fo="http://www.w3.org/1999/XSL/Format" xmlns:msxsl="urn:schemas-microsoft-com:xslt">

<head>

<META http-equiv="Content-Type" content="text/html">

<meta http-equiv="content-type" content="text/html; charset=UTF-8">

</head>

<body style="margin:0px 0px 0px 0px;overflow:auto;background:#FFFFFF;">

<table style="font-family:Arial,Verdana,Times;font-size:12px;text-align:left;width:100%;border-collapse:collapse;padding:3px 3px 3px 3px">

<tr style="text-align:center;font-weight:bold;background:#9CBCE2">

<td>40578</td>

</tr>

<tr>

<td>

<table style="font-family:Arial,Verdana,Times;font-size:12px;text-align:left;width:100%;border-spacing:0px; padding:3px 3px 3px 3px">

<tr>

<td>Id</td>

<td>40578</td>

</tr>

<tr bgcolor="#D4E4F3">

<td>gridcode</td>

<td>23</td>

</tr>

</table>

</td>

</tr>

</table>

</body>

</html></td></tr>

</table>

</body>

</html></td></tr>

</table>

</body>

</html>]]></description>
			<styleUrl>#PolyStyle005797</styleUrl>
			<MultiGeometry>
				<Polygon>
					<outerBoundaryIs>
						<LinearRing>
							<coordinates>
								103.9040159880001,26.39462109500005,0 103.9054502080001,26.39568773000008,0 103.9077896030001,26.39539941000004,0 103.9091523580001,26.39528057000007,0 103.9105279550001,26.39497982700004,0 103.9121911630001,26.39314729000006,0 103.9137918760001,26.39289849300008,0 103.9126770540001,26.39746764600005,0 103.9089803720001,26.39675314700003,0 103.9058046700001,26.39730192900004,0 103.9041393420001,26.39828670600008,0 103.9032804490001,26.40056560200003,0 103.900636417,26.40239669900006,0 103.900299992,26.40323334700003,0 103.902150679,26.40357536400006,0 103.9038063240001,26.40514917500008,0 103.9041641310001,26.40763863000007,0 103.9046449020001,26.40790781900006,0 103.9073210710001,26.40696856200003,0 103.9102201530001,26.40525414400003,0 103.9114208060001,26.40528777400004,0 103.9116973930001,26.40879152600007,0 103.912405048,26.40974693300007,0 103.9154466260001,26.41132698500007,0 103.9158761610001,26.41270476000005,0 103.9140228110001,26.41376445600002,0 103.9140500340001,26.41630879400003,0 103.916936111,26.41803949200005,0 103.9173079710001,26.41907400800005,0 103.9133385090001,26.41932104200004,0 103.9115297970001,26.41874812500004,0 103.9103549610001,26.41875821000008,0 103.9103638870001,26.41961561900007,0 103.91225366,26.42127317400008,0 103.9121063120001,26.42227575100003,0 103.9103813190001,26.42146053700003,0 103.9099268680001,26.42379229000005,0 103.9090274320001,26.42413350100003,0 103.9080156600001,26.42176734000003,0 103.90648301,26.42042244200007,0 103.906151085,26.41835923600007,0 103.9088625960001,26.41668072200002,0 103.909508148,26.41496818600007,0 103.9101290040001,26.41391966600003,0 103.9104659290001,26.41073409600006,0 103.9092581620001,26.40930704000004,0 103.9077965490001,26.41063677700004,0 103.9056717610001,26.41122957600004,0 103.9068236750001,26.41278412300005,0 103.9071026510001,26.41416703100003,0 103.9063878120001,26.41537395900008,0 103.9010516390001,26.41471104800006,0 103.8997552920001,26.41430024000005,0 103.8984385890001,26.41367771200004,0 103.8982289260001,26.41175788400005,0 103.8977356240001,26.40893837800007,0 103.8965812560001,26.40916186800007,0 103.8953775080001,26.40994087900003,0 103.8943314680001,26.40956146200006,0 103.8937919830001,26.40865923800004,0 103.8915082470001,26.40903868300006,0 103.8908467760001,26.40860485700006,0 103.8899887220001,26.40724770900005,0 103.889231313,26.40750801300004,0 103.8889181560001,26.40788917500004,0 103.8878578640001,26.40860343000003,0 103.8875408580001,26.41093603000007,0 103.8883204310001,26.41276782000006,0 103.8879842420001,26.41465481000006,0 103.8864873370001,26.41444175300006,0 103.885726274,26.41188950400004,0 103.8829175100001,26.41143408300007,0 103.8806957180001,26.41054016000004,0 103.880435446,26.41023147600004,0 103.880599643,26.40983619600007,0 103.881013098,26.40763127100007,0 103.8817444200001,26.40691666700008,0 103.8839615480001,26.40526955100006,0 103.8869710910001,26.40380601200008,0 103.8873464850001,26.40090711600004,0 103.8882559420001,26.39871945700003,0 103.8868788,26.39673621000003,0 103.8841671690001,26.39656440100004,0 103.883151077,26.39770921300004,0 103.8819566020001,26.39934583200005,0 103.8798093820001,26.40102182200008,0 103.8791405810001,26.40346363700007,0 103.8778210030001,26.40211356900005,0 103.8786035200001,26.39967974900003,0 103.8780141330001,26.39901108100003,0 103.8762275770001,26.39706518400004,0 103.8765298330001,26.39656856400006,0 103.8799642400001,26.39622868000004,0 103.8807686750001,26.39555351700005,0 103.8804618670001,26.39524514000004,0 103.8786755450001,26.39444850200005,0 103.8790880840001,26.39334056700005,0 103.901537858,26.39486961700004,0 103.900690818,26.39491480000004,0 103.897837086,26.39674009600003,0 103.893137848,26.39724204800007,0 103.8934575500001,26.39860043500005,0 103.896091352,26.40067378400005,0 103.8956076970001,26.40182530100003,0 103.8933650010001,26.40323060800006,0 103.8941870930001,26.40402082000003,0 103.8956760100001,26.40348934100007,0 103.8985299350001,26.40057761100007,0 103.899121494,26.39975429100008,0 103.9029008640001,26.39621836600003,0 103.9028032850001,26.39495570000003,0 103.9040159880001,26.39462109500005,0 
							</coordinates>
						</LinearRing>
					</outerBoundaryIs>
				</Polygon>
			</MultiGeometry>
		</Placemark>
	</Folder>
</Document>
</kml>
