<?xml version="1.0" encoding="utf-8" ?>
<kml xmlns="http://www.opengis.net/kml/2.2">
<Document id="root_doc">
<Schema name="3361_plot_polygons_1__restorati" id="3361_plot_polygons_1__restorati">
	<SimpleField name="timestamp" type="string"></SimpleField>
	<SimpleField name="begin" type="string"></SimpleField>
	<SimpleField name="end" type="string"></SimpleField>
	<SimpleField name="altitudeMode" type="string"></SimpleField>
	<SimpleField name="tessellate" type="int"></SimpleField>
	<SimpleField name="extrude" type="int"></SimpleField>
	<SimpleField name="visibility" type="int"></SimpleField>
	<SimpleField name="drawOrder" type="int"></SimpleField>
	<SimpleField name="icon" type="string"></SimpleField>
</Schema>
<Folder><name>3361_plot_polygons_1__restorati</name>
  <Placemark>
	<name>Badagani, 3.5  ha.</name>
	<description>&lt;html xmlns:fo=&quot;http://www.w3.org/1999/XSL/Format&quot; xmlns:msxsl=&quot;urn:schemas-microsoft-com:xslt&quot;&gt;

&lt;head&gt;

&lt;META http-equiv=&quot;Content-Type&quot; content=&quot;text/html&quot;&gt;

&lt;meta http-equiv=&quot;content-type&quot; content=&quot;text/html; charset=UTF-8&quot;&gt;

&lt;/head&gt;

&lt;body style=&quot;margin:0px 0px 0px 0px;overflow:auto;background:#FFFFFF;&quot;&gt;

&lt;table style=&quot;font-family:Arial,Verdana,Times;font-size:12px;text-align:left;width:100%;border-collapse:collapse;padding:3px 3px 3px 3px&quot;&gt;

&lt;tr style=&quot;text-align:center;font-weight:bold;background:#9CBCE2&quot;&gt;

&lt;td&gt;Badagani, 3.5  ha.&lt;/td&gt;

&lt;/tr&gt;

&lt;tr&gt;

&lt;td&gt;

&lt;table style=&quot;font-family:Arial,Verdana,Times;font-size:12px;text-align:left;width:100%;border-spacing:0px; padding:3px 3px 3px 3px&quot;&gt;

&lt;tr&gt;

&lt;td&gt;FID&lt;/td&gt;

&lt;td&gt;0&lt;/td&gt;

&lt;/tr&gt;

&lt;tr bgcolor=&quot;#D4E4F3&quot;&gt;

&lt;td&gt;Name&lt;/td&gt;

&lt;td&gt;Badagani, 3.5  ha.&lt;/td&gt;

&lt;/tr&gt;

&lt;tr&gt;

&lt;td&gt;Shape_Leng&lt;/td&gt;

&lt;td&gt;0.013516&lt;/td&gt;

&lt;/tr&gt;

&lt;tr bgcolor=&quot;#D4E4F3&quot;&gt;

&lt;td&gt;Village_Name&lt;/td&gt;

&lt;td&gt;HONAVAR&lt;/td&gt;

&lt;/tr&gt;

&lt;/table&gt;

&lt;/td&gt;

&lt;/tr&gt;

&lt;/table&gt;

&lt;/body&gt;

&lt;/html&gt;

</description>
	<Style><LineStyle><color>ff0000ff</color></LineStyle><PolyStyle><fill>0</fill></PolyStyle></Style>
	<ExtendedData><SchemaData schemaUrl="#3361_plot_polygons_1__restorati">
		<SimpleData name="altitudeMode">clampToGround</SimpleData>
		<SimpleData name="tessellate">-1</SimpleData>
		<SimpleData name="extrude">0</SimpleData>
		<SimpleData name="visibility">-1</SimpleData>
	</SchemaData></ExtendedData>
      <MultiGeometry><Polygon><outerBoundaryIs><LinearRing><coordinates>74.4236914113172,14.358110379961,0 74.4237061700001,14.3580387400001,0 74.4237099930001,14.3580081530001,0 74.4237036210001,14.3579571730002,0 74.4237074440002,14.3579151150001,0 74.4237074440002,14.3578883510002,0 74.4237087190002,14.3578501160001,0 74.423712542,14.3578182540001,0 74.4237380320002,14.3577672750001,0 74.4237507770001,14.3577201190001,0 74.4237214630002,14.357657669,0 74.4236704840001,14.3575875720001,0 74.4236131320002,14.3574524770001,0 74.4235901910001,14.3574244380001,0 74.4235545060001,14.357410419,0 74.4235137220001,14.3573900270001,0 74.4234971540002,14.3573390480001,0 74.4234844090001,14.3572957150001,0 74.423471664,14.3572600300001,0 74.42343343,14.3572192460001,0 74.4234257830002,14.3571720900001,0 74.4234041170002,14.357108366,0 74.4233735290002,14.3570854250002,0 74.423341667,14.3570701310001,0 74.4232996090001,14.3570573870002,0 74.4232664720001,14.357021701,0 74.423229512,14.3569898390001,0 74.4232142180001,14.3569719960001,0 74.4231912780001,14.3569579770001,0 74.423159415,14.356960526,0 74.4231339260002,14.356966898,0 74.423103348312,14.3569811032262,0 74.4230826440001,14.3569650410001,0 74.422737688,14.3565660320001,0 74.4224239170001,14.355893208,0 74.4223459753409,14.3554524090478,0 74.4223860490002,14.3555178940001,0 74.4224749240001,14.355639197,0 74.4225638,14.3557605,0 74.4226082380002,14.3558325610001,0 74.422704319,14.3559995030002,0 74.422807607,14.3562180890001,0 74.4229553330002,14.356476309,0 74.4231967380002,14.3568330120002,0 74.4232988250002,14.356957918,0 74.423403314,14.3570540000001,0 74.4235378280002,14.357133267,0 74.4236531260001,14.3571753030001,0 74.4237540120001,14.357214937,0 74.423793646,14.3572377560001,0 74.4238032540001,14.3572113340002,0 74.4237804340002,14.3571933180001,0 74.4237239860001,14.3571680970001,0 74.4236519250001,14.3571500820001,0 74.4235726580002,14.3571176540001,0 74.4234861840001,14.3570672110001,0 74.4233756900001,14.3569843410002,0 74.4232928200001,14.356893063,0 74.4231679140001,14.356739332,0 74.4230706310001,14.3565916070001,0 74.4229668180002,14.356435999,0 74.4228880010001,14.3562858720002,0 74.422717531,14.355955065,0 74.4226586810001,14.3558541800002,0 74.4225361760001,14.3556728250002,0 74.4224292860001,14.3555323060002,0 74.4223257573556,14.3553380639535,0 74.4223082050001,14.3552387930001,0 74.4222871910002,14.3545832250001,0 74.4226900320002,14.3546604670001,0 74.4228606630002,14.354837596,0 74.4231738280001,14.3553499250001,0 74.423174675,14.3555789600001,0 74.4233027150001,14.355890399,0 74.4233816530001,14.3558580900001,0 74.4235239250002,14.3562106200002,0 74.423526693,14.3562985680002,0 74.4237958900002,14.3570838620001,0 74.4238437440001,14.3572578130001,0 74.4239058270002,14.3573787390001,0 74.4242306660001,14.3574046580002,0 74.42444223,14.3573443820002,0 74.4245730950001,14.3572519910001,0 74.4247032920001,14.3570996090001,0 74.4248242360002,14.356971564,0 74.4249252990001,14.356765825,0 74.4250897580001,14.3559199040001,0 74.4253218492084,14.3557803642438,0 74.4253121010001,14.3558132500001,0 74.4253021440001,14.35588494,0 74.4252941780002,14.3559287500001,0 74.4252979802632,14.3559976880216,0 74.4252050786996,14.3562853068782,0 74.4251189370001,14.3564604490001,0 74.4250910570001,14.3565361220001,0 74.42503729,14.3566396740001,0 74.4250153850001,14.3566874670001,0 74.424985514,14.3567392430001,0 74.4249675920001,14.356804959,0 74.4249616170001,14.3568328380001,0 74.4249476780001,14.3568587260002,0 74.424943695,14.3568985540001,0 74.4249456860001,14.356920459,0 74.424943695,14.3569463470002,0 74.4249417040002,14.3569762180001,0 74.4249158160001,14.357024011,0 74.4248680220001,14.3570937090001,0 74.4248044815841,14.3572193956088,0 74.4245986020002,14.3574301520002,0 74.424393893,14.3577672930001,0 74.4242671118027,14.3580099995355,0 74.4242124192218,14.3580698343311,0 74.4241835468828,14.358130466243,0 74.4241258022048,14.3582257449618,0 74.424088268164,14.3582834896398,0 74.4240348543369,14.3583282417654,0 74.4239756660419,14.358342677935,0 74.4239179213637,14.3583470087859,0 74.4238890490249,14.3583369034671,0 74.4238327479636,14.358312361979,0 74.4237995447738,14.3582892641077,0 74.4237721160517,14.3582329630466,0 74.4237533490314,14.3581925417721,0 74.4237145457707,14.3581748583662,0 74.4236914113172,14.358110379961,0</coordinates></LinearRing></outerBoundaryIs></Polygon></MultiGeometry>
  </Placemark>
  <Placemark>
	<name>Bagrani island  0.5 ha.</name>
	<description>&lt;html xmlns:fo=&quot;http://www.w3.org/1999/XSL/Format&quot; xmlns:msxsl=&quot;urn:schemas-microsoft-com:xslt&quot;&gt;

&lt;head&gt;

&lt;META http-equiv=&quot;Content-Type&quot; content=&quot;text/html&quot;&gt;

&lt;meta http-equiv=&quot;content-type&quot; content=&quot;text/html; charset=UTF-8&quot;&gt;

&lt;/head&gt;

&lt;body style=&quot;margin:0px 0px 0px 0px;overflow:auto;background:#FFFFFF;&quot;&gt;

&lt;table style=&quot;font-family:Arial,Verdana,Times;font-size:12px;text-align:left;width:100%;border-collapse:collapse;padding:3px 3px 3px 3px&quot;&gt;

&lt;tr style=&quot;text-align:center;font-weight:bold;background:#9CBCE2&quot;&gt;

&lt;td&gt;Bagrani island  0.5 ha.&lt;/td&gt;

&lt;/tr&gt;

&lt;tr&gt;

&lt;td&gt;

&lt;table style=&quot;font-family:Arial,Verdana,Times;font-size:12px;text-align:left;width:100%;border-spacing:0px; padding:3px 3px 3px 3px&quot;&gt;

&lt;tr&gt;

&lt;td&gt;FID&lt;/td&gt;

&lt;td&gt;1&lt;/td&gt;

&lt;/tr&gt;

&lt;tr bgcolor=&quot;#D4E4F3&quot;&gt;

&lt;td&gt;Name&lt;/td&gt;

&lt;td&gt;Bagrani island  0.5 ha.&lt;/td&gt;

&lt;/tr&gt;

&lt;tr&gt;

&lt;td&gt;Shape_Leng&lt;/td&gt;

&lt;td&gt;0.003375&lt;/td&gt;

&lt;/tr&gt;

&lt;tr bgcolor=&quot;#D4E4F3&quot;&gt;

&lt;td&gt;Village_Name&lt;/td&gt;

&lt;td&gt;HONAVAR&lt;/td&gt;

&lt;/tr&gt;

&lt;/table&gt;

&lt;/td&gt;

&lt;/tr&gt;

&lt;/table&gt;

&lt;/body&gt;

&lt;/html&gt;

</description>
	<Style><LineStyle><color>ff0000ff</color></LineStyle><PolyStyle><fill>0</fill></PolyStyle></Style>
	<ExtendedData><SchemaData schemaUrl="#3361_plot_polygons_1__restorati">
		<SimpleData name="altitudeMode">clampToGround</SimpleData>
		<SimpleData name="tessellate">-1</SimpleData>
		<SimpleData name="extrude">0</SimpleData>
		<SimpleData name="visibility">-1</SimpleData>
	</SchemaData></ExtendedData>
      <MultiGeometry><Polygon><outerBoundaryIs><LinearRing><coordinates>74.420676278,14.3261182330001,0 74.4203375650001,14.3254354850001,0 74.420861421,14.325718449,0 74.421189703,14.3261710890001,0 74.421311965,14.3264903080001,0 74.421219105,14.326740296,0 74.4210404020001,14.326649252,0 74.420911732,14.3265278610001,0 74.420676278,14.3261182330001,0</coordinates></LinearRing></outerBoundaryIs></Polygon></MultiGeometry>
  </Placemark>
  <Placemark>
	<name>Bagrani, 28 ha.</name>
	<description>&lt;html xmlns:fo=&quot;http://www.w3.org/1999/XSL/Format&quot; xmlns:msxsl=&quot;urn:schemas-microsoft-com:xslt&quot;&gt;

&lt;head&gt;

&lt;META http-equiv=&quot;Content-Type&quot; content=&quot;text/html&quot;&gt;

&lt;meta http-equiv=&quot;content-type&quot; content=&quot;text/html; charset=UTF-8&quot;&gt;

&lt;/head&gt;

&lt;body style=&quot;margin:0px 0px 0px 0px;overflow:auto;background:#FFFFFF;&quot;&gt;

&lt;table style=&quot;font-family:Arial,Verdana,Times;font-size:12px;text-align:left;width:100%;border-collapse:collapse;padding:3px 3px 3px 3px&quot;&gt;

&lt;tr style=&quot;text-align:center;font-weight:bold;background:#9CBCE2&quot;&gt;

&lt;td&gt;Bagrani, 28 ha.&lt;/td&gt;

&lt;/tr&gt;

&lt;tr&gt;

&lt;td&gt;

&lt;table style=&quot;font-family:Arial,Verdana,Times;font-size:12px;text-align:left;width:100%;border-spacing:0px; padding:3px 3px 3px 3px&quot;&gt;

&lt;tr&gt;

&lt;td&gt;FID&lt;/td&gt;

&lt;td&gt;2&lt;/td&gt;

&lt;/tr&gt;

&lt;tr bgcolor=&quot;#D4E4F3&quot;&gt;

&lt;td&gt;Name&lt;/td&gt;

&lt;td&gt;Bagrani, 28 ha.&lt;/td&gt;

&lt;/tr&gt;

&lt;tr&gt;

&lt;td&gt;Shape_Leng&lt;/td&gt;

&lt;td&gt;0.03076&lt;/td&gt;

&lt;/tr&gt;

&lt;tr bgcolor=&quot;#D4E4F3&quot;&gt;

&lt;td&gt;Village_Name&lt;/td&gt;

&lt;td&gt;HONAVAR&lt;/td&gt;

&lt;/tr&gt;

&lt;/table&gt;

&lt;/td&gt;

&lt;/tr&gt;

&lt;/table&gt;

&lt;/body&gt;

&lt;/html&gt;

</description>
	<Style><LineStyle><color>ff0000ff</color></LineStyle><PolyStyle><fill>0</fill></PolyStyle></Style>
	<ExtendedData><SchemaData schemaUrl="#3361_plot_polygons_1__restorati">
		<SimpleData name="altitudeMode">clampToGround</SimpleData>
		<SimpleData name="tessellate">-1</SimpleData>
		<SimpleData name="extrude">0</SimpleData>
		<SimpleData name="visibility">-1</SimpleData>
	</SchemaData></ExtendedData>
      <MultiGeometry><Polygon><outerBoundaryIs><LinearRing><coordinates>74.4200491445549,14.330427119829,0 74.4200271918392,14.3303998789826,0 74.420029201,14.3303645010001,0 74.420029201,14.3303271740001,0 74.4200236710001,14.3302608160001,0 74.4200540860001,14.330164043,0 74.4200604274334,14.3301056715537,0 74.4213737310001,14.3288837460001,0 74.4217310390001,14.3283610840002,0 74.4219849480001,14.327628067,0 74.4219104360001,14.3272225800001,0 74.4219675861609,14.327070300049,0 74.422094459,14.3271127960001,0 74.4221917960002,14.3271359720001,0 74.4222566870001,14.3272379440002,0 74.4223030380001,14.3273630910001,0 74.4222932340001,14.327573666,0 74.4222704520001,14.3277065630001,0 74.4222438720002,14.3278090840001,0 74.4222210900001,14.3278679380001,0 74.422204003,14.3279135030002,0 74.4222002060001,14.3279647640001,0 74.4222021050001,14.328016024,0 74.4222229880001,14.3280653860001,0 74.4222552640001,14.3281166460002,0 74.4222647560002,14.3281508200002,0 74.4222305830001,14.32822866,0 74.4222078000001,14.32827992,0 74.4221717280001,14.3283501660002,0 74.4221470470001,14.3283710500001,0 74.4220919900001,14.3284242090002,0 74.4220673090001,14.328452687,0 74.422038831,14.3285001500001,0 74.4220350340001,14.3285362230002,0 74.4220369320001,14.3285665990001,0 74.4220521200002,14.3285988740001,0 74.4220787,14.328631149,0 74.4220635120002,14.328667221,0 74.4220369320001,14.3286938010001,0 74.4219989610001,14.3287165830002,0 74.4219590920001,14.328739366,0 74.4219533970001,14.328775438,0 74.4219325130001,14.328788728,0 74.4218717600002,14.3288096120002,0 74.4218072090001,14.3288342930002,0 74.421752152,14.328883654,0 74.4217274710001,14.3288893500002,0 74.4216705150001,14.3288950460001,0 74.421643935,14.3289159290002,0 74.4216249500001,14.328963393,0 74.4216173560001,14.328991871,0 74.4216173560001,14.3290355370001,0 74.4216572250001,14.3290583200001,0 74.421704688,14.3290754060001,0 74.4217160800001,14.3291038840002,0 74.4217388620002,14.3291133770002,0 74.421792021,14.3290962900001,0 74.4218337890001,14.3290716090001,0 74.4218774550002,14.3290469280001,0 74.421926817,14.329027943,0 74.4219970630001,14.3290070590001,0 74.422069207,14.3289652910002,0 74.4221128730001,14.3289311180001,0 74.4221622350001,14.328879857,0 74.4222021050001,14.3288475820001,0 74.4222514660001,14.3288096120002,0 74.422302727,14.3287602500001,0 74.4223198140001,14.3287355690002,0 74.4223369000001,14.328699497,0 74.4223710740001,14.3286862070001,0 74.4224109430001,14.3286710190001,0 74.422447015,14.3286444390001,0 74.4224603050001,14.328600773,0 74.422456508,14.3285703960001,0 74.4224375230002,14.32854002,0 74.422431827,14.3285001500001,0 74.4224337260001,14.328464078,0 74.422431827,14.3284356000001,0 74.422401451,14.3284052240001,0 74.422401451,14.3283596590001,0 74.422401451,14.328327384,0 74.4223976540001,14.3282818190001,0 74.4224109430001,14.3282476450001,0 74.4224109430001,14.328190689,0 74.4223995520001,14.3281318350001,0 74.4223786680002,14.3280672850001,0 74.4223501900001,14.328016024,0 74.4223217120001,14.327976155,0 74.42231222,14.3279154020001,0 74.4223141180001,14.3278698370001,0 74.4223312050001,14.327826171,0 74.4223748710001,14.3277331420001,0 74.4223976540001,14.3276609980002,0 74.4224204360001,14.3275679700001,0 74.4224299290001,14.3275053180001,0 74.4224527110002,14.3274160870001,0 74.4224830880001,14.3273629280002,0 74.422521058,14.3273401460001,0 74.4225685220001,14.3273439430001,0 74.4226368690001,14.3273743190002,0 74.422678637,14.327440768,0 74.422722422,14.3275636980001,0 74.422743187,14.3276230270001,0 74.4228410800001,14.3277031220001,0 74.4229508390002,14.3277832160001,0 74.4230427990001,14.3278544110001,0 74.4231021290001,14.327895942,0 74.423191122,14.3279315390001,0 74.4233335120001,14.3279226400001,0 74.4234284390001,14.327919674,0 74.4235115000001,14.3279285730002,0 74.4236093930001,14.3279434050002,0 74.4236865210001,14.327970103,0 74.4236865210001,14.328026466,0 74.423760683,14.3280768960001,0 74.423799247,14.328047231,0 74.4237903470002,14.3279879020002,0 74.4237695820001,14.3279285730002,0 74.4237933140001,14.3278840760001,0 74.4238704420001,14.3278306800001,0 74.4242145510001,14.327798049,0 74.424365841,14.3278188140001,0 74.4245171300002,14.327890009,0 74.4245823920001,14.327949338,0 74.424635788,14.3280442650001,0 74.4246476540001,14.3281421580002,0 74.4246713860002,14.328186655,0 74.4247366480001,14.3282311520001,0 74.424831575,14.328245984,0 74.4249561660001,14.3282697160001,0 74.4250421940001,14.3282875150001,0 74.4251964490002,14.3283201460002,0 74.4252617120002,14.3284358380001,0 74.425297309,14.3284892340001,0 74.4253596050002,14.3285663620001,0 74.4254574980002,14.3286078920002,0 74.4255108940002,14.3285693280002,0 74.4255286930001,14.3285248310002,0 74.4255138610001,14.3284714350002,0 74.4254693640001,14.3284032070002,0 74.4253625710001,14.3283290450001,0 74.4252824770002,14.3282726820002,0 74.4252172150001,14.328222252,0 74.4251163550001,14.328168856,0 74.4250481260001,14.3281362250002,0 74.4248998030001,14.3280976610001,0 74.4248167430002,14.3279968010002,0 74.424721816,14.3279167070001,0 74.4245260290001,14.3277446520002,0 74.4244044050002,14.3276408260001,0 74.4243569410002,14.3276200610001,0 74.4243213440001,14.3275874300001,0 74.424303545,14.327537,0 74.4242382830001,14.327501403,0 74.4242026850002,14.3274776710002,0 74.4241285240002,14.327468772,0 74.4240009660001,14.3274865700001,0 74.4239268040002,14.3274628390002,0 74.4238437440001,14.3274480060001,0 74.4238229780001,14.3275162350002,0 74.4238793410001,14.3275488660001,0 74.4239831670001,14.3275636980001,0 74.4240306310002,14.3276081950002,0 74.4239386700001,14.3276823570001,0 74.4238170450001,14.3277060880001,0 74.4237339850001,14.327720921,0 74.4236657560001,14.327691256,0 74.4236657560001,14.32763786,0 74.4237072860001,14.327584464,0 74.4237666160001,14.3275429330001,0 74.4237636490001,14.3275103020001,0 74.42366279,14.3275666650001,0 74.4235263320001,14.327634893,0 74.4233987750001,14.3276764240002,0 74.4233216470001,14.327658625,0 74.4232089210002,14.3275903960002,0 74.4230813630002,14.3274480060001,0 74.4230072020001,14.3273708780001,0 74.4229716040001,14.3273115490001,0 74.4229508390002,14.327270019,0 74.422936007,14.3272017900002,0 74.42293304,14.327163226,0 74.4229627050001,14.3270771990001,0 74.4229478730001,14.3270386350001,0 74.4228885430002,14.3270208360001,0 74.4228410800001,14.326994138,0 74.422805483,14.3269466750001,0 74.4227817510001,14.326914044,0 74.4227372540002,14.326848781,0 74.4227135220002,14.3267894520002,0 74.4226890917756,14.326713804065,0 74.4228288420001,14.3266447560001,0 74.4230656450001,14.326706426,0 74.423117798,14.3264771370002,0 74.4234876670002,14.3265731530001,0 74.4237794840001,14.3265659920002,0 74.4240282510002,14.326583596,0 74.4240545960001,14.3265402290001,0 74.4240268240001,14.3264313310001,0 74.4239587090001,14.3263126240001,0 74.4238455400001,14.3262871200002,0 74.4237740190001,14.3262250290001,0 74.4236654310001,14.3260762420001,0 74.4235089200001,14.3259731740001,0 74.4233250390001,14.325846085,0 74.4232831580001,14.3254884990001,0 74.4234212300001,14.325430838,0 74.4235390290002,14.3257023380001,0 74.4239606030001,14.3261639840001,0 74.4243439040001,14.326258513,0 74.424583263,14.3262242100001,0 74.424773132,14.326011973,0 74.4247236310001,14.325781046,0 74.4246501200002,14.325620467,0 74.4247081270001,14.32554912,0 74.4248508470002,14.325603539,0 74.4249301660001,14.3254137230001,0 74.4251416830001,14.3255299690001,0 74.4249743750001,14.3261410090001,0 74.424478934,14.3265091550002,0 74.4240921,14.3267563580001,0 74.423923701,14.3268022390001,0 74.4238492910001,14.3269436680001,0 74.4237357830001,14.3269773200001,0 74.4236554730001,14.3269138720001,0 74.4235678000002,14.3269397780002,0 74.423490277,14.327381921,0 74.4238416620001,14.327381921,0 74.4239623730001,14.3274254050001,0 74.4240915740002,14.3273765720001,0 74.4242540710002,14.3273105600001,0 74.4243829520001,14.3274229270001,0 74.4244176290001,14.327522298,0 74.4245460460001,14.3276988710002,0 74.425009721,14.3280453960002,0 74.4254246500001,14.3281945680001,0 74.4255740070001,14.3283170320001,0 74.425721996,14.3283726990002,0 74.4258336780001,14.329078586,0 74.4256559210002,14.329089971,0 74.4256935240002,14.3294946250001,0 74.4254906320001,14.3296008380001,0 74.4254590680001,14.3301887090001,0 74.4252574040001,14.3306849610001,0 74.4250875540001,14.330960115,0 74.424565939,14.331275216,0 74.4243877320001,14.3314712920001,0 74.4241473450001,14.3316691880002,0 74.4238957740001,14.3317181800001,0 74.4232989100001,14.3320134990001,0 74.4233019280911,14.3320430459908,0 74.4232106820001,14.3320656740001,0 74.4229421530002,14.3321288570001,0 74.422614087,14.3322126970001,0 74.4225083760001,14.3322455030001,0 74.4224476230001,14.332263729,0 74.4224063110001,14.3322758800001,0 74.4223601390001,14.3322783100001,0 74.4222823750001,14.3322953210002,0 74.4221462880001,14.332324482,0 74.422053943,14.3323451380001,0 74.4219919750001,14.332362149,0 74.4220136504298,14.3323833421251,0 74.4222057280001,14.332334349,0 74.4223635890001,14.3323024660002,0 74.4226552040001,14.3322371440001,0 74.4227687400001,14.3321990390001,0 74.422865167,14.3321710440001,0 74.4229740370001,14.3321438270001,0 74.4231062350001,14.332107278,0 74.4232462990001,14.3320788880001,0 74.4232728780001,14.332111163,0 74.4232956600002,14.332259249,0 74.4233051530002,14.3323427840001,0 74.4233091990002,14.332360011,0 74.4233349161212,14.3323659879878,0 74.4233503560001,14.3325171380001,0 74.422972643,14.3324720720001,0 74.4228658680001,14.3325306170001,0 74.4227868450001,14.3326151490002,0 74.4226852160002,14.3333385630002,0 74.422437144,14.3333582620001,0 74.4224040720001,14.3330437370001,0 74.4223207070001,14.33303913,0 74.4222627270001,14.332987245,0 74.4222609670001,14.332830433,0 74.422277129,14.3327453040002,0 74.4221885810002,14.3327447620001,0 74.4220659890001,14.333234077,0 74.4221099630001,14.333296229,0 74.4220614070001,14.3333831830001,0 74.4217844850001,14.3332892100001,0 74.4216910900001,14.333422022,0 74.4216898350001,14.3336346650001,0 74.4214017290001,14.333684018,0 74.421280857,14.3338024180001,0 74.4210765360001,14.333704395,0 74.4215321640001,14.3322712310001,0 74.4206866600089,14.3317919396595,0 74.4206872570001,14.33171241,0 74.4206748150002,14.3316460510001,0 74.4206609900002,14.3316087240001,0 74.420638871,14.3315147160001,0 74.4206416360001,14.331415179,0 74.420626429,14.331347438,0 74.4205960140001,14.331297669,0 74.4205656000001,14.33125343,0 74.4204798870002,14.331174629,0 74.42045362,14.3311303900002,0 74.4204425600002,14.3310626490002,0 74.4204259700001,14.3309603460001,0 74.4204232050001,14.3308760150002,0 74.4204038510001,14.3308041270001,0 74.4203789660001,14.3307626520001,0 74.4203596120001,14.3306962940001,0 74.4202932530002,14.3306313180001,0 74.4202103050001,14.330522103,0 74.4201232090002,14.3304543610001,0 74.4200491445549,14.330427119829,0</coordinates></LinearRing></outerBoundaryIs></Polygon></MultiGeometry>
  </Placemark>
  <Placemark>
	<name>Bargi 7 ha.</name>
	<description>&lt;html xmlns:fo=&quot;http://www.w3.org/1999/XSL/Format&quot; xmlns:msxsl=&quot;urn:schemas-microsoft-com:xslt&quot;&gt;

&lt;head&gt;

&lt;META http-equiv=&quot;Content-Type&quot; content=&quot;text/html&quot;&gt;

&lt;meta http-equiv=&quot;content-type&quot; content=&quot;text/html; charset=UTF-8&quot;&gt;

&lt;/head&gt;

&lt;body style=&quot;margin:0px 0px 0px 0px;overflow:auto;background:#FFFFFF;&quot;&gt;

&lt;table style=&quot;font-family:Arial,Verdana,Times;font-size:12px;text-align:left;width:100%;border-collapse:collapse;padding:3px 3px 3px 3px&quot;&gt;

&lt;tr style=&quot;text-align:center;font-weight:bold;background:#9CBCE2&quot;&gt;

&lt;td&gt;Bargi 7 ha.&lt;/td&gt;

&lt;/tr&gt;

&lt;tr&gt;

&lt;td&gt;

&lt;table style=&quot;font-family:Arial,Verdana,Times;font-size:12px;text-align:left;width:100%;border-spacing:0px; padding:3px 3px 3px 3px&quot;&gt;

&lt;tr&gt;

&lt;td&gt;FID&lt;/td&gt;

&lt;td&gt;3&lt;/td&gt;

&lt;/tr&gt;

&lt;tr bgcolor=&quot;#D4E4F3&quot;&gt;

&lt;td&gt;Name&lt;/td&gt;

&lt;td&gt;Bargi 7 ha.&lt;/td&gt;

&lt;/tr&gt;

&lt;tr&gt;

&lt;td&gt;Shape_Leng&lt;/td&gt;

&lt;td&gt;0.011708&lt;/td&gt;

&lt;/tr&gt;

&lt;tr bgcolor=&quot;#D4E4F3&quot;&gt;

&lt;td&gt;Village_Name&lt;/td&gt;

&lt;td&gt;BETKULI&lt;/td&gt;

&lt;/tr&gt;

&lt;/table&gt;

&lt;/td&gt;

&lt;/tr&gt;

&lt;/table&gt;

&lt;/body&gt;

&lt;/html&gt;

</description>
	<Style><LineStyle><color>ff0000ff</color></LineStyle><PolyStyle><fill>0</fill></PolyStyle></Style>
	<ExtendedData><SchemaData schemaUrl="#3361_plot_polygons_1__restorati">
		<SimpleData name="altitudeMode">clampToGround</SimpleData>
		<SimpleData name="tessellate">-1</SimpleData>
		<SimpleData name="extrude">0</SimpleData>
		<SimpleData name="visibility">-1</SimpleData>
	</SchemaData></ExtendedData>
      <MultiGeometry><Polygon><outerBoundaryIs><LinearRing><coordinates>74.393533335,14.5155347480001,0 74.3937086170001,14.514939452,0 74.3942496390001,14.513796047,0 74.3942865130001,14.5128077140001,0 74.394617221,14.5131858780001,0 74.3950505230001,14.513099556,0 74.3951467840001,14.5133237680001,0 74.395092452,14.514081676,0 74.3950658250001,14.5143827200001,0 74.395342638,14.516036517,0 74.395801497,14.516332118,0 74.3956451240001,14.517130539,0 74.3935068600001,14.516934022,0 74.393533335,14.5155347480001,0</coordinates></LinearRing></outerBoundaryIs></Polygon></MultiGeometry>
  </Placemark>
  <Placemark>
	<name>Bati 1 ha.</name>
	<description>&lt;html xmlns:fo=&quot;http://www.w3.org/1999/XSL/Format&quot; xmlns:msxsl=&quot;urn:schemas-microsoft-com:xslt&quot;&gt;

&lt;head&gt;

&lt;META http-equiv=&quot;Content-Type&quot; content=&quot;text/html&quot;&gt;

&lt;meta http-equiv=&quot;content-type&quot; content=&quot;text/html; charset=UTF-8&quot;&gt;

&lt;/head&gt;

&lt;body style=&quot;margin:0px 0px 0px 0px;overflow:auto;background:#FFFFFF;&quot;&gt;

&lt;table style=&quot;font-family:Arial,Verdana,Times;font-size:12px;text-align:left;width:100%;border-collapse:collapse;padding:3px 3px 3px 3px&quot;&gt;

&lt;tr style=&quot;text-align:center;font-weight:bold;background:#9CBCE2&quot;&gt;

&lt;td&gt;Bati 1 ha.&lt;/td&gt;

&lt;/tr&gt;

&lt;tr&gt;

&lt;td&gt;

&lt;table style=&quot;font-family:Arial,Verdana,Times;font-size:12px;text-align:left;width:100%;border-spacing:0px; padding:3px 3px 3px 3px&quot;&gt;

&lt;tr&gt;

&lt;td&gt;FID&lt;/td&gt;

&lt;td&gt;4&lt;/td&gt;

&lt;/tr&gt;

&lt;tr bgcolor=&quot;#D4E4F3&quot;&gt;

&lt;td&gt;Name&lt;/td&gt;

&lt;td&gt;Bati 1 ha.&lt;/td&gt;

&lt;/tr&gt;

&lt;tr&gt;

&lt;td&gt;Shape_Leng&lt;/td&gt;

&lt;td&gt;0.005759&lt;/td&gt;

&lt;/tr&gt;

&lt;tr bgcolor=&quot;#D4E4F3&quot;&gt;

&lt;td&gt;Village_Name&lt;/td&gt;

&lt;td&gt;BELE&lt;/td&gt;

&lt;/tr&gt;

&lt;/table&gt;

&lt;/td&gt;

&lt;/tr&gt;

&lt;/table&gt;

&lt;/body&gt;

&lt;/html&gt;

</description>
	<Style><LineStyle><color>ff0000ff</color></LineStyle><PolyStyle><fill>0</fill></PolyStyle></Style>
	<ExtendedData><SchemaData schemaUrl="#3361_plot_polygons_1__restorati">
		<SimpleData name="altitudeMode">clampToGround</SimpleData>
		<SimpleData name="tessellate">-1</SimpleData>
		<SimpleData name="extrude">0</SimpleData>
		<SimpleData name="visibility">-1</SimpleData>
	</SchemaData></ExtendedData>
      <MultiGeometry><Polygon><outerBoundaryIs><LinearRing><coordinates>74.3946725000001,14.4966425710001,0 74.395394695,14.4955610590001,0 74.396149113,14.494813403,0 74.3962191800001,14.494776604,0 74.396666435,14.494652506,0 74.3965479390001,14.494865636,0 74.396147522,14.495342453,0 74.3958691600001,14.4957115890001,0 74.3955401320001,14.496037411,0 74.3952130170001,14.496315633,0 74.3946725000001,14.4966425710001,0</coordinates></LinearRing></outerBoundaryIs></Polygon></MultiGeometry>
  </Placemark>
  <Placemark>
	<name>Golibetta-20 ha.</name>
	<description>&lt;html xmlns:fo=&quot;http://www.w3.org/1999/XSL/Format&quot; xmlns:msxsl=&quot;urn:schemas-microsoft-com:xslt&quot;&gt;

&lt;head&gt;

&lt;META http-equiv=&quot;Content-Type&quot; content=&quot;text/html&quot;&gt;

&lt;meta http-equiv=&quot;content-type&quot; content=&quot;text/html; charset=UTF-8&quot;&gt;

&lt;/head&gt;

&lt;body style=&quot;margin:0px 0px 0px 0px;overflow:auto;background:#FFFFFF;&quot;&gt;

&lt;table style=&quot;font-family:Arial,Verdana,Times;font-size:12px;text-align:left;width:100%;border-collapse:collapse;padding:3px 3px 3px 3px&quot;&gt;

&lt;tr style=&quot;text-align:center;font-weight:bold;background:#9CBCE2&quot;&gt;

&lt;td&gt;Golibetta-20 ha.&lt;/td&gt;

&lt;/tr&gt;

&lt;tr&gt;

&lt;td&gt;

&lt;table style=&quot;font-family:Arial,Verdana,Times;font-size:12px;text-align:left;width:100%;border-spacing:0px; padding:3px 3px 3px 3px&quot;&gt;

&lt;tr&gt;

&lt;td&gt;FID&lt;/td&gt;

&lt;td&gt;5&lt;/td&gt;

&lt;/tr&gt;

&lt;tr bgcolor=&quot;#D4E4F3&quot;&gt;

&lt;td&gt;Name&lt;/td&gt;

&lt;td&gt;Golibetta-20 ha.&lt;/td&gt;

&lt;/tr&gt;

&lt;tr&gt;

&lt;td&gt;Shape_Leng&lt;/td&gt;

&lt;td&gt;0.032879&lt;/td&gt;

&lt;/tr&gt;

&lt;tr bgcolor=&quot;#D4E4F3&quot;&gt;

&lt;td&gt;Village_Name&lt;/td&gt;

&lt;td&gt;HONAVAR&lt;/td&gt;

&lt;/tr&gt;

&lt;/table&gt;

&lt;/td&gt;

&lt;/tr&gt;

&lt;/table&gt;

&lt;/body&gt;

&lt;/html&gt;

</description>
	<Style><LineStyle><color>ff0000ff</color></LineStyle><PolyStyle><fill>0</fill></PolyStyle></Style>
	<ExtendedData><SchemaData schemaUrl="#3361_plot_polygons_1__restorati">
		<SimpleData name="altitudeMode">clampToGround</SimpleData>
		<SimpleData name="tessellate">-1</SimpleData>
		<SimpleData name="extrude">0</SimpleData>
		<SimpleData name="visibility">-1</SimpleData>
	</SchemaData></ExtendedData>
      <MultiGeometry><Polygon><outerBoundaryIs><LinearRing><coordinates>74.4171123010001,14.331316359,0 74.41715019023,14.3313047008239,0 74.4171726050001,14.3312978040001,0 74.4172217760002,14.3312773930002,0 74.4172718750002,14.3312597650001,0 74.4173201190001,14.3312486320002,0 74.4173563020001,14.3312421380002,0 74.417403617,14.3312310050001,0 74.4174629940001,14.3312041,0 74.4174824770001,14.3311901830001,0 74.4175116440002,14.331174991,0 74.4176247140001,14.3311358510002,0 74.4177174900001,14.3311039600001,0 74.4178204140001,14.3310691690002,0 74.4178827480001,14.3310401760002,0 74.4179436320001,14.3310329280001,0 74.4180016170001,14.331016982,0 74.4180291600002,14.331005385,0 74.4182002160001,14.330954648,0 74.4184669470001,14.3308720200001,0 74.418630754,14.3307995380001,0 74.4187757170001,14.3307574990001,0 74.4189871810001,14.330674236,0 74.419048247,14.3306415290001,0 74.4193091790002,14.3305226600002,0 74.4195208250001,14.3304081390002,0 74.4196150500001,14.3303661000002,0 74.419664337,14.33032841,0 74.4197295710001,14.330295069,0 74.4197803070001,14.330255929,0 74.4198175160247,14.3302271757863,0 74.4198516310001,14.3302365320001,0 74.4198613643204,14.3302443398782,0 74.4198688350001,14.3302704930002,0 74.4199130740001,14.3303866200001,0 74.4199614600002,14.330472334,0 74.420043026,14.3305442220001,0 74.420222747,14.3306879990001,0 74.4202891060001,14.3307529750001,0 74.4203001650001,14.3307930670001,0 74.4203016060951,14.3308602590024,0 74.4202653700001,14.3309886390001,0 74.4204571880002,14.3312636950001,0 74.4205996260001,14.331424219,0 74.4205996520001,14.331682115,0 74.4194781380002,14.3316017650002,0 74.4191683910002,14.3328700430001,0 74.4202635360002,14.3331794690001,0 74.4202242290002,14.3334775610001,0 74.4209775680001,14.3338039950001,0 74.42087188,14.3341047060001,0 74.4208252150001,14.3343680410001,0 74.4209911040001,14.334444773,0 74.4208933940002,14.3347709960001,0 74.4210114530001,14.334895755,0 74.4209570800002,14.3350586480001,0 74.4209988280001,14.335181812,0 74.4206354810001,14.3351126240001,0 74.420698326,14.335638433,0 74.4206082100001,14.3358856500001,0 74.4200650720001,14.335773241,0 74.4195340090001,14.335695168,0 74.4193251560001,14.335748063,0 74.4193004390001,14.3360273430001,0 74.4188458230001,14.3358624830001,0 74.4187240260001,14.3356526850001,0 74.4188413270002,14.3349912490001,0 74.4189359520001,14.334594494,0 74.4184937790002,14.3344001040002,0 74.4184661410002,14.334244649,0 74.4179623450001,14.334037516,0 74.4179510240001,14.3340416560002,0 74.4173340780001,14.333920345,0 74.4172550620001,14.3340639750002,0 74.4163799220001,14.333881136,0 74.4163393870001,14.3339389910001,0 74.4163545180002,14.3339891210002,0 74.4164365790001,14.3340181390001,0 74.4165080580001,14.3340642720001,0 74.416602881,14.3340871510001,0 74.4166699540002,14.334198962,0 74.4167175090001,14.3342520820001,0 74.4167945140002,14.3343202720001,0 74.4168895890001,14.334261772,0 74.4169746420001,14.334129349,0 74.4170328280002,14.33406348,0 74.4171261290002,14.3340462740002,0 74.4172119690002,14.3340739880002,0 74.4171383910001,14.3341428900002,0 74.4171159680001,14.3342617870002,0 74.4170766710001,14.334349522,0 74.417059232,14.3343800380001,0 74.4169652190002,14.334403,0 74.416918707,14.3344675630001,0 74.4168716610001,14.3345418050001,0 74.4167592150002,14.3345398140002,0 74.4166579540001,14.3344890220001,0 74.4165509730002,14.3344448820001,0 74.4164065090001,14.334370107,0 74.4163499110001,14.3343398180002,0 74.4162909530002,14.334328667,0 74.4162416610002,14.3343408990001,0 74.4161924980001,14.3343491990001,0 74.4161811030002,14.3343227800002,0 74.4162338090001,14.3343143940002,0 74.4162891350002,14.3342984800001,0 74.4163249210001,14.3342814910002,0 74.4164224320001,14.3343497970002,0 74.4164647630001,14.334353442,0 74.416511528,14.334371891,0 74.4165601760001,14.33435946,0 74.4165923780001,14.3342908110001,0 74.4165826010001,14.3342501550001,0 74.4164874460002,14.334235012,0 74.4165008000001,14.3342067780001,0 74.4165707580001,14.3342157890001,0 74.4165457130001,14.3341786800002,0 74.4165593720001,14.334143334,0 74.4164108100001,14.3340723610001,0 74.4163833630002,14.3340447620001,0 74.4163756450001,14.3340816350002,0 74.4163699770001,14.3341360890001,0 74.4163632830001,14.334165913,0 74.41634426,14.3341761300001,0 74.4162931090002,14.3341819370001,0 74.4162827330002,14.3341256450001,0 74.4162727640002,14.3340690480001,0 74.4162469030001,14.334015123,0 74.4162339580001,14.3339884550001,0 74.4162049650001,14.333972213,0 74.4161880520001,14.3339990960002,0 74.4161623750002,14.3340118550001,0 74.416134885,14.3340021440001,0 74.4161162250001,14.3339444500001,0 74.4161257290002,14.3338900800001,0 74.4161481100002,14.3338446070001,0 74.4153886030001,14.3338003220001,0 74.4153614910002,14.3335687040001,0 74.4160078510002,14.3335820680002,0 74.4160169480002,14.3334291640001,0 74.415449795,14.333352888,0 74.415458697,14.3332865490001,0 74.4160643610001,14.3333556810002,0 74.4160724680001,14.333223764,0 74.4160742900001,14.3330721840001,0 74.4161278090002,14.3329888040001,0 74.4161353220002,14.3328759490001,0 74.4161601010002,14.3327718100001,0 74.4162535390001,14.3324260130001,0 74.4163456470001,14.3320880180001,0 74.4162697180001,14.3320624650001,0 74.4160631210001,14.3321246300002,0 74.4158692760002,14.3322792170001,0 74.4156502760002,14.33243848,0 74.415510179,14.332527193,0 74.4154099750001,14.3325044100001,0 74.4153559320002,14.332559727,0 74.4152722692033,14.3326817409053,0 74.4153003670001,14.332586065,0 74.4153600810001,14.3324776960001,0 74.4154441220002,14.332378174,0 74.4155392210001,14.3322675940001,0 74.4156674940002,14.3321702830001,0 74.4158731730001,14.3320397980001,0 74.4160390440002,14.3319557570001,0 74.4162314530002,14.3318473890001,0 74.4163553030002,14.3317721940002,0 74.416496404,14.331683022,0 74.4165289590001,14.3316787760001,0 74.4165487750002,14.3316575450002,0 74.4165799140002,14.3316306510001,0 74.4166266230001,14.3316009270001,0 74.416630869,14.331586773,0 74.4166138840001,14.3315712030001,0 74.416557267,14.3316051740002,0 74.4164468640002,14.3316702830002,0 74.4162741820001,14.3317707790001,0 74.416037805,14.3319009980001,0 74.415950049,14.3319505380002,0 74.4158297370002,14.3320099860001,0 74.4156046840001,14.332152944,0 74.4155126810001,14.3322307930002,0 74.4154419100001,14.332300149,0 74.4154022780001,14.3323723360001,0 74.4153725540001,14.332414798,0 74.4153456610001,14.332460092,0 74.4153088600002,14.332494062,0 74.4152777200001,14.332543602,0 74.4152352580001,14.3326087120001,0 74.4151616550001,14.332798379,0 74.4151319310002,14.3329285990002,0 74.4151149460001,14.3330163550002,0 74.4151036230002,14.333131005,0 74.415102207,14.3332230080001,0 74.4151107000001,14.333293779,0 74.4151207193584,14.3333632769479,0 74.4151090290001,14.333414097,0 74.4150845196748,14.3334592035135,0 74.4150618670001,14.3334104040002,0 74.415036952,14.3332677070002,0 74.4150165660001,14.3331657800002,0 74.415009771,14.3329981670001,0 74.4150505420001,14.3327580730001,0 74.4151411430001,14.332536099,0 74.4152702510001,14.3323390410001,0 74.415408933,14.3321801040001,0 74.4154924310002,14.3321003160001,0 74.4155694350001,14.3320344450001,0 74.4156343780001,14.3319964070001,0 74.4157197320001,14.3319370300001,0 74.4157716870002,14.3319064140001,0 74.4158217860002,14.3318869310002,0 74.4158691020002,14.3318711590001,0 74.4159034290001,14.3318470380001,0 74.415926623,14.3318275550002,0 74.4159646610001,14.3318062160001,0 74.4160008440001,14.3317793110001,0 74.416065787,14.3317663230001,0 74.4161019700001,14.3317440560001,0 74.4161205250001,14.3317292120001,0 74.416152069,14.3317088010002,0 74.416185468,14.3316958130001,0 74.4162819550001,14.3316512800001,0 74.4163172100001,14.3316345810001,0 74.4163506090001,14.3316271580001,0 74.4163710200001,14.3316243750001,0 74.416392359,14.331608603,0 74.41640442,14.3315974700001,0 74.4164266860001,14.3315928310001,0 74.416452663,14.3315965420002,0 74.4164721460002,14.3316039640001,0 74.416502762,14.3316076750001,0 74.4165176060002,14.3316039640001,0 74.4165222450001,14.3315863370002,0 74.4165203900001,14.3315640710001,0 74.416523173,14.3315445880002,0 74.4165296670002,14.331531599,0 74.4165556440001,14.3315093330002,0 74.416601105,14.3314907780001,0 74.416637287,14.3314787170001,0 74.4167013030002,14.3314675840002,0 74.4167328470001,14.3314620170002,0 74.416775524,14.331459234,0 74.4168070680001,14.3314657280002,0 74.4168330450001,14.3314462450001,0 74.4168441780002,14.3314249070001,0 74.4168553110001,14.3314072790001,0 74.416872939,14.331394291,0 74.4168933490001,14.331391507,0 74.4169202540001,14.3313850130002,0 74.4169499430001,14.3313692410001,0 74.4169916920001,14.3313543970001,0 74.4170269470001,14.331345119,0 74.4170547800001,14.3313312030002,0 74.4171123010001,14.331316359,0</coordinates></LinearRing></outerBoundaryIs><innerBoundaryIs><LinearRing><coordinates>74.4170324559575,14.3317464127124,0 74.4170324559575,14.3317273014003,0 74.4170030539389,14.3317023096844,0 74.4169618911129,14.3316773179687,0 74.4169442499017,14.3316582066565,0 74.4169339591951,14.3316170438305,0 74.4169442499017,14.3315802913073,0 74.4170059941408,14.3315523593895,0 74.4170500971687,14.3315303078756,0 74.4170809692883,14.3315082563616,0 74.417107431105,14.3314906151505,0 74.4171735856469,14.3314612131319,0 74.4172250391794,14.3314450420218,0 74.4172412102897,14.331417110104,0 74.4172232540568,14.3314126998011,0 74.4171691753441,14.3314126998011,0 74.4170780290864,14.3314685636366,0 74.4169236684887,14.3315567696924,0 74.4167795985975,14.3316611468583,0 74.4166958028445,14.3317081900883,0 74.4166737513304,14.3317228910976,0 74.4166869822389,14.3317449426115,0 74.4167134440556,14.3317449426115,0 74.4167472563771,14.3317214209966,0 74.416770777992,14.3316993694827,0 74.4168045903133,14.3316758478678,0 74.4168384026348,14.3316626169594,0 74.4168633943505,14.3316787880695,0 74.4168913262682,14.3317081900883,0 74.4169104375802,14.3317243611984,0 74.4169354292961,14.3317199508957,0 74.4169721818195,14.3317067199873,0 74.41700452404,14.331733181804,0 74.4170324559575,14.3317464127124,0</coordinates></LinearRing></innerBoundaryIs></Polygon></MultiGeometry>
  </Placemark>
  <Placemark>
	<name>Goudakuli, 4 ha</name>
	<description>&lt;html xmlns:fo=&quot;http://www.w3.org/1999/XSL/Format&quot; xmlns:msxsl=&quot;urn:schemas-microsoft-com:xslt&quot;&gt;

&lt;head&gt;

&lt;META http-equiv=&quot;Content-Type&quot; content=&quot;text/html&quot;&gt;

&lt;meta http-equiv=&quot;content-type&quot; content=&quot;text/html; charset=UTF-8&quot;&gt;

&lt;/head&gt;

&lt;body style=&quot;margin:0px 0px 0px 0px;overflow:auto;background:#FFFFFF;&quot;&gt;

&lt;table style=&quot;font-family:Arial,Verdana,Times;font-size:12px;text-align:left;width:100%;border-collapse:collapse;padding:3px 3px 3px 3px&quot;&gt;

&lt;tr style=&quot;text-align:center;font-weight:bold;background:#9CBCE2&quot;&gt;

&lt;td&gt;Goudakuli, 4 ha&lt;/td&gt;

&lt;/tr&gt;

&lt;tr&gt;

&lt;td&gt;

&lt;table style=&quot;font-family:Arial,Verdana,Times;font-size:12px;text-align:left;width:100%;border-spacing:0px; padding:3px 3px 3px 3px&quot;&gt;

&lt;tr&gt;

&lt;td&gt;FID&lt;/td&gt;

&lt;td&gt;6&lt;/td&gt;

&lt;/tr&gt;

&lt;tr bgcolor=&quot;#D4E4F3&quot;&gt;

&lt;td&gt;Name&lt;/td&gt;

&lt;td&gt;Goudakuli, 4 ha&lt;/td&gt;

&lt;/tr&gt;

&lt;tr&gt;

&lt;td&gt;Shape_Leng&lt;/td&gt;

&lt;td&gt;0.010714&lt;/td&gt;

&lt;/tr&gt;

&lt;tr bgcolor=&quot;#D4E4F3&quot;&gt;

&lt;td&gt;Village_Name&lt;/td&gt;

&lt;td&gt;KASARKOD&lt;/td&gt;

&lt;/tr&gt;

&lt;/table&gt;

&lt;/td&gt;

&lt;/tr&gt;

&lt;/table&gt;

&lt;/body&gt;

&lt;/html&gt;

</description>
	<Style><LineStyle><color>ff0000ff</color></LineStyle><PolyStyle><fill>0</fill></PolyStyle></Style>
	<ExtendedData><SchemaData schemaUrl="#3361_plot_polygons_1__restorati">
		<SimpleData name="altitudeMode">clampToGround</SimpleData>
		<SimpleData name="tessellate">-1</SimpleData>
		<SimpleData name="extrude">0</SimpleData>
		<SimpleData name="visibility">-1</SimpleData>
	</SchemaData></ExtendedData>
      <MultiGeometry><Polygon><outerBoundaryIs><LinearRing><coordinates>74.4187237950002,14.340412148,0 74.4194690993344,14.3405078163099,0 74.4194810490986,14.3405631439111,0 74.4190347650002,14.3420338260001,0 74.418780806,14.3429307280001,0 74.4179079240001,14.343602726,0 74.4176862500924,14.3436641863034,0 74.4175340822003,14.3436982003028,0 74.4173514807295,14.3437340045127,0 74.4171906608737,14.3437338503484,0 74.4171052928847,14.3437494566461,0 74.4170525155764,14.3437375849337,0 74.4169486833674,14.3437250534602,0 74.4168466413691,14.3436964100924,0 74.4166712007403,14.3436140604094,0 74.4164939699011,14.343526340095,0 74.4163990887446,14.3434869554641,0 74.4162898859042,14.343461892517,0 74.4162111166424,14.3434475708331,0 74.4160804001809,14.3433976377781,0 74.4168571190001,14.343194618,0 74.4177312950001,14.3426967410002,0 74.4183291100001,14.341573394,0 74.4186090630001,14.3410270300001,0 74.4187237950002,14.340412148,0</coordinates></LinearRing></outerBoundaryIs></Polygon></MultiGeometry>
  </Placemark>
  <Placemark>
	<name>Holegadde,4.1 ha</name>
	<description>&lt;html xmlns:fo=&quot;http://www.w3.org/1999/XSL/Format&quot; xmlns:msxsl=&quot;urn:schemas-microsoft-com:xslt&quot;&gt;

&lt;head&gt;

&lt;META http-equiv=&quot;Content-Type&quot; content=&quot;text/html&quot;&gt;

&lt;meta http-equiv=&quot;content-type&quot; content=&quot;text/html; charset=UTF-8&quot;&gt;

&lt;/head&gt;

&lt;body style=&quot;margin:0px 0px 0px 0px;overflow:auto;background:#FFFFFF;&quot;&gt;

&lt;table style=&quot;font-family:Arial,Verdana,Times;font-size:12px;text-align:left;width:100%;border-collapse:collapse;padding:3px 3px 3px 3px&quot;&gt;

&lt;tr style=&quot;text-align:center;font-weight:bold;background:#9CBCE2&quot;&gt;

&lt;td&gt;Holegadde,4.1 ha&lt;/td&gt;

&lt;/tr&gt;

&lt;tr&gt;

&lt;td&gt;

&lt;table style=&quot;font-family:Arial,Verdana,Times;font-size:12px;text-align:left;width:100%;border-spacing:0px; padding:3px 3px 3px 3px&quot;&gt;

&lt;tr&gt;

&lt;td&gt;FID&lt;/td&gt;

&lt;td&gt;7&lt;/td&gt;

&lt;/tr&gt;

&lt;tr bgcolor=&quot;#D4E4F3&quot;&gt;

&lt;td&gt;Name&lt;/td&gt;

&lt;td&gt;Holegadde,4.1 ha&lt;/td&gt;

&lt;/tr&gt;

&lt;tr&gt;

&lt;td&gt;Shape_Leng&lt;/td&gt;

&lt;td&gt;0.01178&lt;/td&gt;

&lt;/tr&gt;

&lt;tr bgcolor=&quot;#D4E4F3&quot;&gt;

&lt;td&gt;Village_Name&lt;/td&gt;

&lt;td&gt;SUVARNAGADDE&lt;/td&gt;

&lt;/tr&gt;

&lt;/table&gt;

&lt;/td&gt;

&lt;/tr&gt;

&lt;/table&gt;

&lt;/body&gt;

&lt;/html&gt;

</description>
	<Style><LineStyle><color>ff0000ff</color></LineStyle><PolyStyle><fill>0</fill></PolyStyle></Style>
	<ExtendedData><SchemaData schemaUrl="#3361_plot_polygons_1__restorati">
		<SimpleData name="altitudeMode">clampToGround</SimpleData>
		<SimpleData name="tessellate">-1</SimpleData>
		<SimpleData name="extrude">0</SimpleData>
		<SimpleData name="visibility">-1</SimpleData>
	</SchemaData></ExtendedData>
      <MultiGeometry><Polygon><outerBoundaryIs><LinearRing><coordinates>74.4175531860001,14.353760691,0 74.4181435490941,14.3535292675108,0 74.4183410486294,14.3535156739805,0 74.4184966885821,14.3534863505112,0 74.4185824033385,14.353457027042,0 74.4187966902296,14.353448004436,0 74.4190696240594,14.3534976287687,0 74.4192478205268,14.3535246965865,0 74.419453084812,14.3535991330856,0 74.4195794012953,14.3536419904639,0 74.4196831612638,14.3536442461154,0 74.4197981994895,14.3536825921905,0 74.4199154933668,14.3537299608718,0 74.4200215089866,14.3537886078104,0 74.4200846159193,14.3538413325429,0 74.419818797,14.3547009440001,0 74.4194618710002,14.3547707950001,0 74.4189383550002,14.3546614190001,0 74.4182882580001,14.3545085130001,0 74.4181367400002,14.3546750760001,0 74.4180878900001,14.3548859680001,0 74.4172169110002,14.3554805090001,0 74.4168772460001,14.3551914050001,0 74.4165328530001,14.3549539600001,0 74.4166345260001,14.3547465010001,0 74.4171314810001,14.35491001,0 74.4177482990002,14.3545431030001,0 74.4179040520002,14.354381828,0 74.4179955890002,14.3541592440001,0 74.4178415060001,14.3540735660001,0 74.4168030630001,14.3542065620001,0 74.416714411,14.354063287,0 74.4172265590001,14.3538732710001,0 74.4175531860001,14.353760691,0</coordinates></LinearRing></outerBoundaryIs></Polygon></MultiGeometry>
  </Placemark>
  <Placemark>
	<name>Karki 1, 7 ha.</name>
	<description>&lt;html xmlns:fo=&quot;http://www.w3.org/1999/XSL/Format&quot; xmlns:msxsl=&quot;urn:schemas-microsoft-com:xslt&quot;&gt;

&lt;head&gt;

&lt;META http-equiv=&quot;Content-Type&quot; content=&quot;text/html&quot;&gt;

&lt;meta http-equiv=&quot;content-type&quot; content=&quot;text/html; charset=UTF-8&quot;&gt;

&lt;/head&gt;

&lt;body style=&quot;margin:0px 0px 0px 0px;overflow:auto;background:#FFFFFF;&quot;&gt;

&lt;table style=&quot;font-family:Arial,Verdana,Times;font-size:12px;text-align:left;width:100%;border-collapse:collapse;padding:3px 3px 3px 3px&quot;&gt;

&lt;tr style=&quot;text-align:center;font-weight:bold;background:#9CBCE2&quot;&gt;

&lt;td&gt;Karki 1, 7 ha.&lt;/td&gt;

&lt;/tr&gt;

&lt;tr&gt;

&lt;td&gt;

&lt;table style=&quot;font-family:Arial,Verdana,Times;font-size:12px;text-align:left;width:100%;border-spacing:0px; padding:3px 3px 3px 3px&quot;&gt;

&lt;tr&gt;

&lt;td&gt;FID&lt;/td&gt;

&lt;td&gt;8&lt;/td&gt;

&lt;/tr&gt;

&lt;tr bgcolor=&quot;#D4E4F3&quot;&gt;

&lt;td&gt;Name&lt;/td&gt;

&lt;td&gt;Karki 1, 7 ha.&lt;/td&gt;

&lt;/tr&gt;

&lt;tr&gt;

&lt;td&gt;Shape_Leng&lt;/td&gt;

&lt;td&gt;0.009946&lt;/td&gt;

&lt;/tr&gt;

&lt;tr bgcolor=&quot;#D4E4F3&quot;&gt;

&lt;td&gt;Village_Name&lt;/td&gt;

&lt;td&gt;HONAVAR&lt;/td&gt;

&lt;/tr&gt;

&lt;/table&gt;

&lt;/td&gt;

&lt;/tr&gt;

&lt;/table&gt;

&lt;/body&gt;

&lt;/html&gt;

</description>
	<Style><LineStyle><color>ff0000ff</color></LineStyle><PolyStyle><fill>0</fill></PolyStyle></Style>
	<ExtendedData><SchemaData schemaUrl="#3361_plot_polygons_1__restorati">
		<SimpleData name="altitudeMode">clampToGround</SimpleData>
		<SimpleData name="tessellate">-1</SimpleData>
		<SimpleData name="extrude">0</SimpleData>
		<SimpleData name="visibility">-1</SimpleData>
	</SchemaData></ExtendedData>
      <MultiGeometry><Polygon><outerBoundaryIs><LinearRing><coordinates>74.4238591671293,14.3115866355415,0 74.424035915,14.3116467260001,0 74.4243199590001,14.3119688620001,0 74.4246137610001,14.3122267410001,0 74.4251146540001,14.3125348370002,0 74.4258098130001,14.3129600040001,0 74.425669337,14.3130559710001,0 74.4246945820001,14.3137218830001,0 74.424297143,14.31396891,0 74.4240770590001,14.3140186810002,0 74.4238669810001,14.3140661890002,0 74.4238217070001,14.3140764270002,0 74.422846399,14.3141989560001,0 74.4219576928526,14.3140143607465,0 74.4219622520002,14.3139610140001,0 74.4219759750002,14.3139124570001,0 74.4219844200001,14.3138797340001,0 74.422000253,14.313832233,0 74.4220234760001,14.3137783980001,0 74.4220319210002,14.313733008,0 74.4220477550001,14.3136833950001,0 74.4220530330002,14.3136390600001,0 74.4220709780001,14.3136063370002,0 74.4220899780001,14.3135567250001,0 74.4221015900002,14.3135303350001,0 74.4221037010001,14.3134976120001,0 74.4221100340001,14.313479667,0 74.422124813,14.3134522220001,0 74.4221300900001,14.3134300550001,0 74.422136424,14.3134099980002,0 74.4221533130001,14.3133741090001,0 74.4221702030001,14.313331885,0 74.4221797030002,14.313305496,0 74.4221976480001,14.313267495,0 74.4222124260001,14.313235827,0 74.4222293150002,14.313190437,0 74.4222377600001,14.3131524360002,0 74.422251483,14.3130996560001,0 74.422266261,14.3130774890001,0 74.4222894840001,14.3130489880002,0 74.4222968730001,14.313031043,0 74.4223074290001,14.3129962090001,0 74.4223179850001,14.312983542,0 74.4223338180002,14.3129645420001,0 74.4223433190002,14.3129465970001,0 74.4223496520001,14.3129223180001,0 74.422360208,14.3129064840001,0 74.422382375,14.312877984,0 74.422391876,14.312847372,0 74.4224161540001,14.312808315,0 74.4224298770001,14.3127777030002,0 74.4224393770002,14.3127544800001,0 74.4224531000001,14.312731257,0 74.4224731560002,14.3127059230001,0 74.4224847670002,14.3126668670001,0 74.4225280460001,14.312610921,0 74.4225586580001,14.3125834750001,0 74.4225839920001,14.3125570860001,0 74.4226072150001,14.3125328070001,0 74.422633605,14.3125021950001,0 74.4226758280001,14.3124557500001,0 74.4227148850002,14.3124198600001,0 74.4227563862288,14.3123685169777,0 74.4230785951639,14.3120911480081,0 74.4231670710001,14.312058322,0 74.4233550970001,14.3119263740002,0 74.4234755000002,14.3118125680002,0 74.4235530190001,14.3117350490001,0 74.423640435,14.311657529,0 74.4236948630001,14.311622893,0 74.423762487,14.3115965030001,0 74.4238591671293,14.3115866355415,0</coordinates></LinearRing></outerBoundaryIs></Polygon></MultiGeometry>
  </Placemark>
  <Placemark>
	<name>Karki 2, 14 ha.</name>
	<description>&lt;html xmlns:fo=&quot;http://www.w3.org/1999/XSL/Format&quot; xmlns:msxsl=&quot;urn:schemas-microsoft-com:xslt&quot;&gt;

&lt;head&gt;

&lt;META http-equiv=&quot;Content-Type&quot; content=&quot;text/html&quot;&gt;

&lt;meta http-equiv=&quot;content-type&quot; content=&quot;text/html; charset=UTF-8&quot;&gt;

&lt;/head&gt;

&lt;body style=&quot;margin:0px 0px 0px 0px;overflow:auto;background:#FFFFFF;&quot;&gt;

&lt;table style=&quot;font-family:Arial,Verdana,Times;font-size:12px;text-align:left;width:100%;border-collapse:collapse;padding:3px 3px 3px 3px&quot;&gt;

&lt;tr style=&quot;text-align:center;font-weight:bold;background:#9CBCE2&quot;&gt;

&lt;td&gt;Karki 2, 14 ha.&lt;/td&gt;

&lt;/tr&gt;

&lt;tr&gt;

&lt;td&gt;

&lt;table style=&quot;font-family:Arial,Verdana,Times;font-size:12px;text-align:left;width:100%;border-spacing:0px; padding:3px 3px 3px 3px&quot;&gt;

&lt;tr&gt;

&lt;td&gt;FID&lt;/td&gt;

&lt;td&gt;9&lt;/td&gt;

&lt;/tr&gt;

&lt;tr bgcolor=&quot;#D4E4F3&quot;&gt;

&lt;td&gt;Name&lt;/td&gt;

&lt;td&gt;Karki 2, 14 ha.&lt;/td&gt;

&lt;/tr&gt;

&lt;tr&gt;

&lt;td&gt;Shape_Leng&lt;/td&gt;

&lt;td&gt;0.015016&lt;/td&gt;

&lt;/tr&gt;

&lt;tr bgcolor=&quot;#D4E4F3&quot;&gt;

&lt;td&gt;Village_Name&lt;/td&gt;

&lt;td&gt;KARKI&lt;/td&gt;

&lt;/tr&gt;

&lt;/table&gt;

&lt;/td&gt;

&lt;/tr&gt;

&lt;/table&gt;

&lt;/body&gt;

&lt;/html&gt;

</description>
	<Style><LineStyle><color>ff0000ff</color></LineStyle><PolyStyle><fill>0</fill></PolyStyle></Style>
	<ExtendedData><SchemaData schemaUrl="#3361_plot_polygons_1__restorati">
		<SimpleData name="altitudeMode">clampToGround</SimpleData>
		<SimpleData name="tessellate">-1</SimpleData>
		<SimpleData name="extrude">0</SimpleData>
		<SimpleData name="visibility">-1</SimpleData>
	</SchemaData></ExtendedData>
      <MultiGeometry><Polygon><outerBoundaryIs><LinearRing><coordinates>74.4210739429273,14.3136595710699,0 74.4212122644497,14.313960724908,0 74.4211829010001,14.3140123910002,0 74.421162284,14.3140716650001,0 74.4211236270002,14.3141567100001,0 74.4210720850002,14.3143113360001,0 74.4210231200001,14.3145071970001,0 74.4210153928494,14.3146528089928,0 74.420919835198,14.31497125533,0 74.420882023,14.315017465,0 74.420863178,14.3150812480001,0 74.4208298360001,14.3151566290002,0 74.4208022940001,14.3152450560001,0 74.4207935960001,14.315278398,0 74.4207747510001,14.3153160880002,0 74.4207791000002,14.3153610260001,0 74.4207646030001,14.315387119,0 74.4207327110001,14.3154204610001,0 74.4206892230001,14.3155161360002,0 74.4206428360395,14.3155610778083,0 74.420561817,14.3153421810001,0 74.4205102740002,14.3149710770001,0 74.4205076970002,14.3147958330002,0 74.4205308910002,14.314669555,0 74.4205901650001,14.3145278140001,0 74.4206185130001,14.314465963,0 74.4206159360002,14.3143834950001,0 74.4206313990001,14.3143113360001,0 74.4206803640002,14.314244331,0 74.4207396370002,14.3141902120001,0 74.4207545360001,14.3141671060001,0 74.4207700750001,14.314129274,0 74.420771426,14.3141049540001,0 74.420772101,14.3140840110001,0 74.4207727770001,14.3140637430002,0 74.4207889910002,14.3140353690001,0 74.4208162140537,14.3140056387067,0 74.4208312860001,14.3139896800002,0 74.4208559300001,14.313962138,0 74.4208747750002,14.313933145,0 74.4208907210001,14.3139056020001,0 74.4209023180001,14.3138635630001,0 74.4209153640001,14.313838919,0 74.420980597,14.3137649880001,0 74.4210008920001,14.3137272980001,0 74.4210124890002,14.3136910580001,0 74.4210182880001,14.3136736620002,0 74.421042931,14.313659166,0 74.4210739429273,14.3136595710699,0</coordinates></LinearRing></outerBoundaryIs></Polygon><Polygon><outerBoundaryIs><LinearRing><coordinates>74.4212574760001,14.31228782,0 74.421261825,14.312308115,0 74.421244429,14.3123545030002,0 74.4212284830001,14.3123979920001,0 74.4212067390001,14.3124704730001,0 74.4212009410002,14.3125328070001,0 74.4211719480002,14.3126067380001,0 74.4211226610001,14.3126806690001,0 74.4210878700001,14.312774894,0 74.4210646760002,14.3128328790001,0 74.4210255360001,14.3128952130001,0 74.4209965430001,14.3129387020001,0 74.4209632020001,14.313044525,0 74.420961752,14.3131184550001,0 74.420938558,14.313202534,0 74.4209066670002,14.313250371,0 74.420876224,14.3133054570001,0 74.4208269370001,14.3134011320001,0 74.4208153400002,14.3134721640001,0 74.4207791000002,14.3135576920001,0 74.4207588050002,14.3135924830001,0 74.4207588050002,14.313646119,0 74.4208124410002,14.3137258490001,0 74.4208457820002,14.3138099270001,0 74.4208414330001,14.3138809590001,0 74.4208138910001,14.3139476410001,0 74.4207863499368,14.3139998257165,0 74.4207375760001,14.3140573360001,0 74.4206831470001,14.3141018690001,0 74.4206023290002,14.3141348560001,0 74.4205396540001,14.3142057780001,0 74.4205083160002,14.3142799990001,0 74.4204967700001,14.314520804,0 74.4204736800001,14.3146692460001,0 74.4204489390001,14.314787999,0 74.4204555370001,14.3149958170002,0 74.4204819260001,14.3152184800001,0 74.4205396540001,14.3155104150001,0 74.4205561470001,14.315571441,0 74.4205742900001,14.315640714,0 74.4206109451267,14.3156770471081,0 74.4206036950001,14.315714735,0 74.420577602,14.3157698210001,0 74.420572131,14.3158592090001,0 74.4205641510001,14.3158812500002,0 74.420550851,14.3159074710001,0 74.4205348900001,14.3159393920002,0 74.4205094690001,14.3159771170001,0 74.4204761280001,14.316009009,0 74.4204514840001,14.316029304,0 74.4204239410002,14.3160640950001,0 74.4203949490001,14.3161017850001,0 74.4203430511111,14.3161648772376,0 74.4197773810001,14.3160649050002,0 74.4197943150001,14.315652815,0 74.4198816050001,14.3153469870001,0 74.41895485,14.3149838710001,0 74.4191260530001,14.3145842340002,0 74.4171890405655,14.3136317769877,0 74.4171811290001,14.3135924830001,0 74.4171898270001,14.3135663900001,0 74.4172028730001,14.3135518940002,0 74.4171912760002,14.3135272500001,0 74.4171854780002,14.3135069550001,0 74.4171927260001,14.3134054810001,0 74.4172028730001,14.3133025580001,0 74.4172376640001,14.313183689,0 74.4172565090001,14.3131387500001,0 74.4172739050001,14.3131083080001,0 74.4172768040001,14.313089463,0 74.417272455,14.3130227800001,0 74.4172840520002,14.3129894390001,0 74.4173217430002,14.312919857,0 74.4173362390001,14.312876368,0 74.4173521850002,14.3128343290001,0 74.417397123,14.31271546,0 74.4174232160001,14.312658924,0 74.4174522090001,14.3125994900001,0 74.4174580070001,14.312563249,0 74.4174870000001,14.3125023650001,0 74.4175725280001,14.312373348,0 74.417637761,14.3122936190001,0 74.4177029940002,14.312245781,0 74.4177435840002,14.3122211370001,0 74.4177580800001,14.312200843,0 74.417804468,14.3121646020002,0 74.4178523060001,14.3121414080002,0 74.4178885460001,14.312129811,0 74.4179421820001,14.312126912,0 74.4179610270002,14.3121051670001,0 74.4179769730001,14.3120935700001,0 74.4180335090001,14.3120689270001,0 74.4180827960002,14.3120558800001,0 74.418103091,14.3120544300001,0 74.4181233860002,14.3120428330001,0 74.4181480290002,14.3120283370001,0 74.4181813710001,14.312025438,0 74.4182089130001,14.31201529,0 74.418246604,14.3119906470001,0 74.4182987900001,14.311963104,0 74.4183843180001,14.31193991,0 74.4184205590001,14.3119413600002,0 74.4184683960001,14.3119384600001,0 74.4184973890001,14.311948608,0 74.4185249320002,14.3119645540001,0 74.4185495750002,14.3119645540001,0 74.4185713200001,14.3119326620001,0 74.4185887150001,14.311910917,0 74.4186177080001,14.3118949720001,0 74.4186698940001,14.311887723,0 74.4187046850002,14.3118848240001,0 74.4187206310001,14.3118732270001,0 74.4187264300002,14.3118500330002,0 74.4187380270001,14.3118282890001,0 74.4187554220001,14.311793498,0 74.418777167,14.3117761020002,0 74.4188221050002,14.3117601560001,0 74.4188612450002,14.3117674040001,0 74.4189105320001,14.3117717530001,0 74.4189308270001,14.3117572570001,0 74.418954021,14.311739862,0 74.4189960600001,14.3117369620001,0 74.4190380990001,14.3117413110001,0 74.419059844,14.3117369620001,0 74.4191018830001,14.3117268150001,0 74.4191352240001,14.3117268150001,0 74.4191613170001,14.3117340630001,0 74.4192033570001,14.311750009,0 74.4192410470002,14.311739862,0 74.4192830860002,14.3117558070002,0 74.4193396210002,14.311773203,0 74.4193555670001,14.3117905980001,0 74.4193860090001,14.3117891490001,0 74.4194251490001,14.311793498,0 74.4194671880002,14.3117963970001,0 74.4195556160002,14.311812343,0 74.419599104,14.3118340870001,0 74.4196338950002,14.3118601810001,0 74.419673035,14.311889173,0 74.4197194230002,14.3118819250001,0 74.4197571130001,14.3118804750002,0 74.4197745090001,14.311857281,0 74.4198339440001,14.3118340870001,0 74.4198904790001,14.3118413350001,0 74.4199180220002,14.3118413350001,0 74.4199600610002,14.3118297380001,0 74.4200238450001,14.311845684,0 74.4200513870001,14.3118514830001,0 74.4200760310002,14.3118645290001,0 74.4200861780002,14.3118819250001,0 74.420106473,14.3119080180001,0 74.4201528610001,14.31193991,0 74.4202006990002,14.3119689020001,0 74.4202412880001,14.3120036930001,0 74.4202659320002,14.312034136,0 74.4202862270001,14.312067477,0 74.4203123200001,14.3120834230001,0 74.4203630570001,14.3120848720001,0 74.4203978480001,14.3121022680002,0 74.4205268650002,14.3121327100002,0 74.420577602,14.3121457570001,0 74.4206094930001,14.312154454,0 74.4207254630001,14.3121761990001,0 74.420809542,14.3121877960001,0 74.42085303,14.312192145,0 74.420899418,14.3122080910001,0 74.4209559540001,14.312200843,0 74.4209965430001,14.3121848970001,0 74.4210139390001,14.3121819970001,0 74.421053079,14.312183447,0 74.4210806220001,14.3121993930001,0 74.421108164,14.3122269360002,0 74.4211342580001,14.3122602770002,0 74.421182095,14.3122820220001,0 74.4212154370001,14.3122704250001,0 74.4212574760001,14.31228782,0</coordinates></LinearRing></outerBoundaryIs></Polygon></MultiGeometry>
  </Placemark>
  <Placemark>
	<name>Kelaginastala 10 ha.</name>
	<description>&lt;html xmlns:fo=&quot;http://www.w3.org/1999/XSL/Format&quot; xmlns:msxsl=&quot;urn:schemas-microsoft-com:xslt&quot;&gt;

&lt;head&gt;

&lt;META http-equiv=&quot;Content-Type&quot; content=&quot;text/html&quot;&gt;

&lt;meta http-equiv=&quot;content-type&quot; content=&quot;text/html; charset=UTF-8&quot;&gt;

&lt;/head&gt;

&lt;body style=&quot;margin:0px 0px 0px 0px;overflow:auto;background:#FFFFFF;&quot;&gt;

&lt;table style=&quot;font-family:Arial,Verdana,Times;font-size:12px;text-align:left;width:100%;border-collapse:collapse;padding:3px 3px 3px 3px&quot;&gt;

&lt;tr style=&quot;text-align:center;font-weight:bold;background:#9CBCE2&quot;&gt;

&lt;td&gt;Kelaginastala 10 ha.&lt;/td&gt;

&lt;/tr&gt;

&lt;tr&gt;

&lt;td&gt;

&lt;table style=&quot;font-family:Arial,Verdana,Times;font-size:12px;text-align:left;width:100%;border-spacing:0px; padding:3px 3px 3px 3px&quot;&gt;

&lt;tr&gt;

&lt;td&gt;FID&lt;/td&gt;

&lt;td&gt;10&lt;/td&gt;

&lt;/tr&gt;

&lt;tr bgcolor=&quot;#D4E4F3&quot;&gt;

&lt;td&gt;Name&lt;/td&gt;

&lt;td&gt;Kelaginastala 10 ha.&lt;/td&gt;

&lt;/tr&gt;

&lt;tr&gt;

&lt;td&gt;Shape_Leng&lt;/td&gt;

&lt;td&gt;0.0217&lt;/td&gt;

&lt;/tr&gt;

&lt;tr bgcolor=&quot;#D4E4F3&quot;&gt;

&lt;td&gt;Village_Name&lt;/td&gt;

&lt;td&gt;AGHNASHINI&lt;/td&gt;

&lt;/tr&gt;

&lt;/table&gt;

&lt;/td&gt;

&lt;/tr&gt;

&lt;/table&gt;

&lt;/body&gt;

&lt;/html&gt;

</description>
	<Style><LineStyle><color>ff0000ff</color></LineStyle><PolyStyle><fill>0</fill></PolyStyle></Style>
	<ExtendedData><SchemaData schemaUrl="#3361_plot_polygons_1__restorati">
		<SimpleData name="altitudeMode">clampToGround</SimpleData>
		<SimpleData name="tessellate">-1</SimpleData>
		<SimpleData name="extrude">0</SimpleData>
		<SimpleData name="visibility">-1</SimpleData>
	</SchemaData></ExtendedData>
      <MultiGeometry><Polygon><outerBoundaryIs><LinearRing><coordinates>74.3748279988231,14.5404078715871,0 74.3748507497336,14.5404353455856,0 74.3749238288942,14.5404969935535,0 74.3750426581827,14.5406043232331,0 74.3751605291703,14.5407327355287,0 74.3752237770173,14.5407959833757,0 74.3752218604158,14.5408391069076,0 74.3752295268215,14.5408736057333,0 74.3752659422486,14.5408908551462,0 74.375304274277,14.5408946883489,0 74.3753406897041,14.5409033130554,0 74.3754355614747,14.5409933933224,0 74.3755323498467,14.5410767654843,0 74.3756693868485,14.5411850534649,0 74.3758198400603,14.5412856750396,0 74.3758965041173,14.5413374232782,0 74.375944419153,14.5413690472016,0 74.375977959678,14.5413958796216,0 74.3760324614111,14.5414265495719,0 74.3762753320001,14.5416396130001,0 74.3720681360002,14.5403229790001,0 74.3713228030001,14.5400290660001,0 74.3705310410001,14.5396065310001,0 74.3702001300002,14.5387682380002,0 74.3708379820002,14.537584102,0 74.3718527660001,14.5367876060001,0 74.372572215,14.5363884950001,0 74.3738639220001,14.535731957,0 74.3738487399704,14.5362247210044,0 74.3735141563804,14.5364366881746,0 74.3734227657028,14.5364988338355,0 74.3732143949576,14.5365975357673,0 74.372954845433,14.5367401052244,0 74.3727757197049,14.5368826746817,0 74.3726770177729,14.5369996547491,0 74.3726075608578,14.5370691116642,0 74.3725490708242,14.5370983566809,0 74.3724101569941,14.5371129791894,0 74.372369945096,14.5371568467146,0 74.3723516669605,14.5372263036297,0 74.3723553225876,14.5372811380363,0 74.3723146396993,14.5373710151005,0 74.3721723930002,14.5374739430001,0 74.3721179672321,14.5375198191179,0 74.371978589975,14.5376373018418,0 74.3718540922436,14.5377092967811,0 74.3717462834135,14.5378006348177,0 74.3715740887542,14.537962348063,0 74.3714932321317,14.5380581781341,0 74.3714168675436,14.5381360400671,0 74.3714003967499,14.5381689816541,0 74.3713967950001,14.5382101700002,0 74.3714471139099,14.5382996100198,0 74.371516111561,14.5383954400912,0 74.3716205663388,14.5385343936945,0 74.3717409109753,14.5386827016554,0 74.3720946153883,14.5391683999192,0 74.3721236742128,14.5392358698159,0 74.372149548332,14.5392837848516,0 74.3721552981364,14.5393029508658,0 74.3721552981364,14.5393297832856,0 74.3721620062412,14.5393499076006,0 74.3721792556541,14.5393604489085,0 74.3722175876827,14.5393546991042,0 74.3722635861167,14.5393460743977,0 74.3723054069291,14.5393539324771,0 74.3727670257542,14.539604055306,0 74.3728836066776,14.5396508140243,0 74.3729775201473,14.53969872906,0 74.3730467051594,14.5397371364551,0 74.3739502060428,14.5400868132731,0 74.3739760694898,14.5401088817649,0 74.3739808609933,14.540121339674,0 74.3739933189025,14.5401424222899,0 74.3740105683154,14.5401529635976,0 74.3740345258332,14.5401491303947,0 74.3740618055958,14.5401300050147,0 74.374084174734,14.5401386624152,0 74.3743638066397,14.5402468867643,0 74.374548175015,14.5402986253059,0 74.3747292938496,14.5403532484466,0 74.3748279988231,14.5404078715871,0</coordinates></LinearRing></outerBoundaryIs></Polygon></MultiGeometry>
  </Placemark>
  <Placemark>
	<name>Masooru opposite 3 ha.</name>
	<description>&lt;html xmlns:fo=&quot;http://www.w3.org/1999/XSL/Format&quot; xmlns:msxsl=&quot;urn:schemas-microsoft-com:xslt&quot;&gt;

&lt;head&gt;

&lt;META http-equiv=&quot;Content-Type&quot; content=&quot;text/html&quot;&gt;

&lt;meta http-equiv=&quot;content-type&quot; content=&quot;text/html; charset=UTF-8&quot;&gt;

&lt;/head&gt;

&lt;body style=&quot;margin:0px 0px 0px 0px;overflow:auto;background:#FFFFFF;&quot;&gt;

&lt;table style=&quot;font-family:Arial,Verdana,Times;font-size:12px;text-align:left;width:100%;border-collapse:collapse;padding:3px 3px 3px 3px&quot;&gt;

&lt;tr style=&quot;text-align:center;font-weight:bold;background:#9CBCE2&quot;&gt;

&lt;td&gt;Masooru opposite 3 ha.&lt;/td&gt;

&lt;/tr&gt;

&lt;tr&gt;

&lt;td&gt;

&lt;table style=&quot;font-family:Arial,Verdana,Times;font-size:12px;text-align:left;width:100%;border-spacing:0px; padding:3px 3px 3px 3px&quot;&gt;

&lt;tr&gt;

&lt;td&gt;FID&lt;/td&gt;

&lt;td&gt;11&lt;/td&gt;

&lt;/tr&gt;

&lt;tr bgcolor=&quot;#D4E4F3&quot;&gt;

&lt;td&gt;Name&lt;/td&gt;

&lt;td&gt;Masooru opposite 3 ha.&lt;/td&gt;

&lt;/tr&gt;

&lt;tr&gt;

&lt;td&gt;Shape_Leng&lt;/td&gt;

&lt;td&gt;0.012929&lt;/td&gt;

&lt;/tr&gt;

&lt;tr bgcolor=&quot;#D4E4F3&quot;&gt;

&lt;td&gt;Village_Name&lt;/td&gt;

&lt;td&gt;PADVANI&lt;/td&gt;

&lt;/tr&gt;

&lt;/table&gt;

&lt;/td&gt;

&lt;/tr&gt;

&lt;/table&gt;

&lt;/body&gt;

&lt;/html&gt;

</description>
	<Style><LineStyle><color>ff0000ff</color></LineStyle><PolyStyle><fill>0</fill></PolyStyle></Style>
	<ExtendedData><SchemaData schemaUrl="#3361_plot_polygons_1__restorati">
		<SimpleData name="altitudeMode">clampToGround</SimpleData>
		<SimpleData name="tessellate">-1</SimpleData>
		<SimpleData name="extrude">0</SimpleData>
		<SimpleData name="visibility">-1</SimpleData>
	</SchemaData></ExtendedData>
      <MultiGeometry><Polygon><outerBoundaryIs><LinearRing><coordinates>74.402556298,14.478420347,0 74.4018067360001,14.478590117,0 74.400634525,14.4788507210001,0 74.4005351750002,14.4782881520002,0 74.4006231130002,14.4781475260001,0 74.4019812070001,14.4779701920002,0 74.4032679150002,14.478019804,0 74.4044119900001,14.478171453,0 74.4056596070002,14.478555581,0 74.4065626020002,14.4790553760001,0 74.4052098410001,14.478682567,0 74.404411729622,14.4786029770107,0 74.4043401668072,14.4785723692471,0 74.4042428354917,14.4785569198318,0 74.4039848302584,14.4785414704168,0 74.4037453643232,14.47852447606,0 74.403474999558,14.4785090266448,0 74.4033560390613,14.4785059367618,0 74.403254072921,14.4785105715864,0 74.4031752809038,14.4785028468788,0 74.4029698036821,14.4784642233408,0 74.4027753479405,14.4784606764061,0 74.402556298,14.478420347,0</coordinates></LinearRing></outerBoundaryIs></Polygon></MultiGeometry>
  </Placemark>
  <Placemark>
	<name>Mulekeri 13ha.</name>
	<description>&lt;html xmlns:fo=&quot;http://www.w3.org/1999/XSL/Format&quot; xmlns:msxsl=&quot;urn:schemas-microsoft-com:xslt&quot;&gt;

&lt;head&gt;

&lt;META http-equiv=&quot;Content-Type&quot; content=&quot;text/html&quot;&gt;

&lt;meta http-equiv=&quot;content-type&quot; content=&quot;text/html; charset=UTF-8&quot;&gt;

&lt;/head&gt;

&lt;body style=&quot;margin:0px 0px 0px 0px;overflow:auto;background:#FFFFFF;&quot;&gt;

&lt;table style=&quot;font-family:Arial,Verdana,Times;font-size:12px;text-align:left;width:100%;border-collapse:collapse;padding:3px 3px 3px 3px&quot;&gt;

&lt;tr style=&quot;text-align:center;font-weight:bold;background:#9CBCE2&quot;&gt;

&lt;td&gt;Mulekeri 13ha.&lt;/td&gt;

&lt;/tr&gt;

&lt;tr&gt;

&lt;td&gt;

&lt;table style=&quot;font-family:Arial,Verdana,Times;font-size:12px;text-align:left;width:100%;border-spacing:0px; padding:3px 3px 3px 3px&quot;&gt;

&lt;tr&gt;

&lt;td&gt;FID&lt;/td&gt;

&lt;td&gt;12&lt;/td&gt;

&lt;/tr&gt;

&lt;tr bgcolor=&quot;#D4E4F3&quot;&gt;

&lt;td&gt;Name&lt;/td&gt;

&lt;td&gt;Mulekeri 13ha.&lt;/td&gt;

&lt;/tr&gt;

&lt;tr&gt;

&lt;td&gt;Shape_Leng&lt;/td&gt;

&lt;td&gt;0.020976&lt;/td&gt;

&lt;/tr&gt;

&lt;tr bgcolor=&quot;#D4E4F3&quot;&gt;

&lt;td&gt;Village_Name&lt;/td&gt;

&lt;td&gt;TOREGAZNI&lt;/td&gt;

&lt;/tr&gt;

&lt;/table&gt;

&lt;/td&gt;

&lt;/tr&gt;

&lt;/table&gt;

&lt;/body&gt;

&lt;/html&gt;

</description>
	<Style><LineStyle><color>ff0000ff</color></LineStyle><PolyStyle><fill>0</fill></PolyStyle></Style>
	<ExtendedData><SchemaData schemaUrl="#3361_plot_polygons_1__restorati">
		<SimpleData name="altitudeMode">clampToGround</SimpleData>
		<SimpleData name="tessellate">-1</SimpleData>
		<SimpleData name="extrude">0</SimpleData>
		<SimpleData name="visibility">-1</SimpleData>
	</SchemaData></ExtendedData>
      <MultiGeometry><Polygon><outerBoundaryIs><LinearRing><coordinates>74.3577736998562,14.5648624293785,0 74.3579703220001,14.564694247,0 74.3590050750001,14.5659831030001,0 74.3596066460001,14.5666341350002,0 74.3600515000002,14.566940892,0 74.3605206310002,14.5671028630001,0 74.3608119650001,14.5673207590002,0 74.3614320820001,14.567766251,0 74.3617603260001,14.5675550080001,0 74.3620570740002,14.5675152060002,0 74.3633985300002,14.5682106860002,0 74.3637636500002,14.5685770270002,0 74.3638857280001,14.568807727,0 74.3643517760001,14.5691502290002,0 74.36422137,14.5696136470001,0 74.3633818420002,14.5694708830001,0 74.3630747720002,14.5704827600002,0 74.3626649350001,14.5704371440002,0 74.3629405050002,14.5696620850001,0 74.3627107580001,14.5694721130001,0 74.3625230910001,14.5693612240001,0 74.3614701010002,14.5687019140001,0 74.3607780930001,14.5693883850001,0 74.3606098800001,14.569253881,0 74.3605650570001,14.5691505660001,0 74.360511536,14.5690614390001,0 74.3604387610001,14.568983323,0 74.360324528,14.568932978,0 74.3602422020001,14.5689148600001,0 74.360081661,14.5688970900001,0 74.3599530170001,14.5688886200001,0 74.3598518900001,14.5688838720001,0 74.3597854370001,14.568858559,0 74.3597168830001,14.5688443720002,0 74.3596233660001,14.568835533,0 74.3595318000001,14.568778584,0 74.3594458940001,14.5686897020001,0 74.3593349670001,14.5685978270001,0 74.3591891690001,14.5684534360001,0 74.3590716050002,14.5683277800001,0 74.35894891,14.568258982,0 74.3587980130001,14.5680864170001,0 74.3586645710001,14.567865852,0 74.3586373970001,14.5675852760001,0 74.3585091460001,14.5674556650001,0 74.3584986320001,14.5669729650001,0 74.358269127,14.5665191640002,0 74.3579934770002,14.5661166190001,0 74.3577701550001,14.5657849800002,0 74.3575924340001,14.5651797150001,0 74.357702939347,14.5649574752821,0 74.3577180200002,14.565024379,0 74.3577638590002,14.565126476,0 74.357811783,14.5652160720002,0 74.3578263680001,14.5652889990001,0 74.3578597060002,14.5653869300001,0 74.3578888770002,14.5654723590001,0 74.3579138810001,14.565534868,0 74.3579534700001,14.5655827910001,0 74.3579951420002,14.565603627,0 74.3580326480001,14.565620296,0 74.3580639020002,14.5656307140002,0 74.3581722510002,14.56569114,0 74.3582931010001,14.5657869870001,0 74.358374363,14.565853663,0 74.3584452060001,14.5659245060002,0 74.3585243840001,14.566034938,0 74.3586452340002,14.5662391340001,0 74.3587619170001,14.5664016570001,0 74.3588827680001,14.5665745980001,0 74.3591119670001,14.5668642220001,0 74.359222399,14.567005909,0 74.359289075,14.5670955050002,0 74.3594057590001,14.5672642790001,0 74.3594641000002,14.567312202,0 74.3595182740001,14.5673476240001,0 74.3595787000001,14.567366377,0 74.3597120520001,14.5673767950001,0 74.3598058150001,14.56739138,0 74.359893328,14.5674143000002,0 74.3599766730001,14.5674434710002,0 74.3601496140001,14.567512231,0 74.3601933700002,14.5675414020002,0 74.3601621160001,14.5676226630001,0 74.3600996070001,14.567739346,0 74.3600100110002,14.5678810330001,0 74.3598870770001,14.5680643920001,0 74.3598349860002,14.568128985,0 74.3598058150001,14.5681831590001,0 74.3598308190001,14.5681873260002,0 74.359909997,14.5681331520001,0 74.3599475020001,14.5680560580001,0 74.3600058440001,14.5679622950001,0 74.3600725200001,14.5678601970002,0 74.3601266940001,14.5677747680001,0 74.360180868,14.5676976740002,0 74.3602183740001,14.567660168,0 74.3602621300001,14.5676289140001,0 74.3602767150001,14.5676122450001,0 74.3603392240001,14.567608078,0 74.3604496560001,14.5676539180001,0 74.360597594,14.567703925,0 74.3607538660002,14.567797688,0 74.3609018040002,14.5678643640001,0 74.3610289050001,14.5679622950001,0 74.3610997480002,14.5680268870001,0 74.361156006,14.5681143990001,0 74.3612393510001,14.5681852430001,0 74.3612935260001,14.5682415010001,0 74.3613247800001,14.5682894240001,0 74.361368536,14.5683165110001,0 74.3613956240002,14.568299842,0 74.36143938,14.5682769220001,0 74.3614914700001,14.5682977590001,0 74.3615435610001,14.5683060930001,0 74.3616144050001,14.5682915080001,0 74.3617081680001,14.568222748,0 74.361797764,14.5681331520001,0 74.3619081960001,14.5680373050001,0 74.3620019590002,14.5679477090001,0 74.3620603010002,14.567903953,0 74.3621082240002,14.567872698,0 74.3621915700001,14.5678664480001,0 74.362320755,14.5679018690001,0 74.3623895140001,14.5679643780002,0 74.3625582880001,14.5680081340001,0 74.3626812220001,14.5680456400002,0 74.3627666510002,14.5680956470001,0 74.362891669,14.5681810750001,0 74.3630166860002,14.5682415010001,0 74.3631167010002,14.5682956750002,0 74.3632062970001,14.568331097,0 74.3632604710002,14.5683623510001,0 74.3632833910001,14.5683769370001,0 74.3633146450001,14.568381104,0 74.3633500670001,14.5683623510001,0 74.363354234,14.568331097,0 74.3632979760002,14.5682894240001,0 74.3632000460001,14.5682394170001,0 74.3630583590001,14.5681789920002,0 74.3629875160001,14.5681373190002,0 74.3628791670001,14.5680664760001,0 74.362768735,14.568001883,0 74.362647884,14.5679602110001,0 74.3625541210002,14.5679227060001,0 74.362472859,14.5678997860002,0 74.3623999320001,14.5678852,0 74.3623395070002,14.5678518620001,0 74.3622707470002,14.5678164410001,0 74.362185319,14.5677747680001,0 74.362124893,14.5677622660002,0 74.3620603010002,14.5677997710001,0 74.3618623560001,14.5679643780002,0 74.3617019170002,14.5681060650001,0 74.3616289900001,14.5681914940001,0 74.3615664810002,14.5682435840002,0 74.3614727180001,14.5682415010001,0 74.3613643690002,14.568206079,0 74.3613101950001,14.5681456540001,0 74.3612372680002,14.5680539740001,0 74.3611955950002,14.5680081340001,0 74.3611622570001,14.5679706290001,0 74.3610976650001,14.5679018690001,0 74.3610393230001,14.5678518620001,0 74.360947644,14.5678018550001,0 74.3607997060001,14.567714343,0 74.3606559360001,14.5676393320001,0 74.3606017610001,14.5676122450001,0 74.3605517540001,14.5675934920001,0 74.3605017470002,14.5675914090002,0 74.3604454890001,14.5675914090002,0 74.3604017330001,14.5675830740001,0 74.360335057,14.5675601540001,0 74.3602808820001,14.5675226490001,0 74.360172534,14.567478893,0 74.3599829240002,14.5674101330001,0 74.359862073,14.567366377,0 74.359747474,14.5673372060002,0 74.3596432920001,14.5673309550001,0 74.3595495290001,14.567312202,0 74.3594474310001,14.567235108,0 74.3592661550001,14.566982989,0 74.3590244550002,14.5666766960001,0 74.3587223280001,14.5662703880002,0 74.358622314,14.566084945,0 74.3585243840001,14.565951593,0 74.3584431220001,14.565853663,0 74.358334774,14.5657640670001,0 74.3582160070001,14.5656661360001,0 74.3581347450001,14.565611962,0 74.3580743200001,14.5655744560001,0 74.3580201460001,14.5655494530001,0 74.3579784730001,14.565534868,0 74.357934717,14.56547861,0 74.3579034630001,14.56540985,0 74.3578659570001,14.5653369230001,0 74.3578534550001,14.5652598290001,0 74.3578451210001,14.56519732,0 74.357840954,14.5651473130001,0 74.3578263680001,14.565101473,0 74.3578180340001,14.5650660510001,0 74.3578159500001,14.5650056260001,0 74.3578034480001,14.5649577020001,0 74.3577888630001,14.5648868590002,0 74.3577736998562,14.5648624293785,0</coordinates></LinearRing></outerBoundaryIs></Polygon></MultiGeometry>
  </Placemark>
  <Placemark>
	<name>Naduginbati, 5 ha</name>
	<description>&lt;html xmlns:fo=&quot;http://www.w3.org/1999/XSL/Format&quot; xmlns:msxsl=&quot;urn:schemas-microsoft-com:xslt&quot;&gt;

&lt;head&gt;

&lt;META http-equiv=&quot;Content-Type&quot; content=&quot;text/html&quot;&gt;

&lt;meta http-equiv=&quot;content-type&quot; content=&quot;text/html; charset=UTF-8&quot;&gt;

&lt;/head&gt;

&lt;body style=&quot;margin:0px 0px 0px 0px;overflow:auto;background:#FFFFFF;&quot;&gt;

&lt;table style=&quot;font-family:Arial,Verdana,Times;font-size:12px;text-align:left;width:100%;border-collapse:collapse;padding:3px 3px 3px 3px&quot;&gt;

&lt;tr style=&quot;text-align:center;font-weight:bold;background:#9CBCE2&quot;&gt;

&lt;td&gt;Naduginbati, 5 ha&lt;/td&gt;

&lt;/tr&gt;

&lt;tr&gt;

&lt;td&gt;

&lt;table style=&quot;font-family:Arial,Verdana,Times;font-size:12px;text-align:left;width:100%;border-spacing:0px; padding:3px 3px 3px 3px&quot;&gt;

&lt;tr&gt;

&lt;td&gt;FID&lt;/td&gt;

&lt;td&gt;13&lt;/td&gt;

&lt;/tr&gt;

&lt;tr bgcolor=&quot;#D4E4F3&quot;&gt;

&lt;td&gt;Name&lt;/td&gt;

&lt;td&gt;Naduginbati, 5 ha&lt;/td&gt;

&lt;/tr&gt;

&lt;tr&gt;

&lt;td&gt;Shape_Leng&lt;/td&gt;

&lt;td&gt;0.01145&lt;/td&gt;

&lt;/tr&gt;

&lt;tr bgcolor=&quot;#D4E4F3&quot;&gt;

&lt;td&gt;Village_Name&lt;/td&gt;

&lt;td&gt;BELE&lt;/td&gt;

&lt;/tr&gt;

&lt;/table&gt;

&lt;/td&gt;

&lt;/tr&gt;

&lt;/table&gt;

&lt;/body&gt;

&lt;/html&gt;

</description>
	<Style><LineStyle><color>ff0000ff</color></LineStyle><PolyStyle><fill>0</fill></PolyStyle></Style>
	<ExtendedData><SchemaData schemaUrl="#3361_plot_polygons_1__restorati">
		<SimpleData name="altitudeMode">clampToGround</SimpleData>
		<SimpleData name="tessellate">-1</SimpleData>
		<SimpleData name="extrude">0</SimpleData>
		<SimpleData name="visibility">-1</SimpleData>
	</SchemaData></ExtendedData>
      <MultiGeometry><Polygon><outerBoundaryIs><LinearRing><coordinates>74.3956248155355,14.4948856058355,0 74.3954653069136,14.4950244718946,0 74.3952926601048,14.4952365272141,0 74.3951444090407,14.4953660123206,0 74.3950618388278,14.4954861144485,0 74.3949623792532,14.4956174761508,0 74.3949192175509,14.4957169357254,0 74.3948704260616,14.4957544676404,0 74.3948291409551,14.4957976293425,0 74.3947653366997,14.4958370378533,0 74.3946977792528,14.49589145913,0 74.3945720473378,14.4960528463643,0 74.3945101196782,14.496127910194,0 74.3944500686141,14.4961560591302,0 74.3944142845188,14.49612999984,0 74.3943506140001,14.4955306900001,0 74.3948251180001,14.4943356400001,0 74.3953725223334,14.4937383533954,0 74.3956767760001,14.4935735120001,0 74.395941962,14.4933974630001,0 74.3960714470002,14.4933017570001,0 74.3961615240001,14.493294251,0 74.3965505660001,14.4931043630001,0 74.3971457980002,14.4928521950001,0 74.3972865430002,14.492775958,0 74.3974742030001,14.4926997220001,0 74.397588558,14.4926528070001,0 74.3977732850001,14.492605892,0 74.3978436570001,14.492605892,0 74.3979492139416,14.4925853648256,0 74.3979949580001,14.4926336890001,0 74.397981822,14.4926674680001,0 74.3979424130001,14.4927218890001,0 74.3978542130001,14.4928419910001,0 74.3976965790002,14.4930221440002,0 74.397557711,14.4931929140001,0 74.3973625450001,14.4933974630001,0 74.3972443200001,14.4935400850001,0 74.397127971,14.4936545570002,0 74.3969909790001,14.4937934250001,0 74.3968746300001,14.4939247870001,0 74.3965593620001,14.4941452870001,0 74.396279749,14.4943639100002,0 74.3961521410001,14.4944521100002,0 74.395971988,14.494615374,0 74.3957918350001,14.494748612,0 74.3956248155355,14.4948856058355,0</coordinates></LinearRing></outerBoundaryIs></Polygon></MultiGeometry>
  </Placemark>
  <Placemark>
	<name>Saranagadde</name>
	<description>&lt;html xmlns:fo=&quot;http://www.w3.org/1999/XSL/Format&quot; xmlns:msxsl=&quot;urn:schemas-microsoft-com:xslt&quot;&gt;

&lt;head&gt;

&lt;META http-equiv=&quot;Content-Type&quot; content=&quot;text/html&quot;&gt;

&lt;meta http-equiv=&quot;content-type&quot; content=&quot;text/html; charset=UTF-8&quot;&gt;

&lt;/head&gt;

&lt;body style=&quot;margin:0px 0px 0px 0px;overflow:auto;background:#FFFFFF;&quot;&gt;

&lt;table style=&quot;font-family:Arial,Verdana,Times;font-size:12px;text-align:left;width:100%;border-collapse:collapse;padding:3px 3px 3px 3px&quot;&gt;

&lt;tr style=&quot;text-align:center;font-weight:bold;background:#9CBCE2&quot;&gt;

&lt;td&gt;Saranagadde&lt;/td&gt;

&lt;/tr&gt;

&lt;tr&gt;

&lt;td&gt;

&lt;table style=&quot;font-family:Arial,Verdana,Times;font-size:12px;text-align:left;width:100%;border-spacing:0px; padding:3px 3px 3px 3px&quot;&gt;

&lt;tr&gt;

&lt;td&gt;FID&lt;/td&gt;

&lt;td&gt;14&lt;/td&gt;

&lt;/tr&gt;

&lt;tr bgcolor=&quot;#D4E4F3&quot;&gt;

&lt;td&gt;Name&lt;/td&gt;

&lt;td&gt;Saranagadde&lt;/td&gt;

&lt;/tr&gt;

&lt;tr&gt;

&lt;td&gt;Shape_Leng&lt;/td&gt;

&lt;td&gt;0.010653&lt;/td&gt;

&lt;/tr&gt;

&lt;tr bgcolor=&quot;#D4E4F3&quot;&gt;

&lt;td&gt;Village_Name&lt;/td&gt;

&lt;td&gt;HONAVAR&lt;/td&gt;

&lt;/tr&gt;

&lt;/table&gt;

&lt;/td&gt;

&lt;/tr&gt;

&lt;/table&gt;

&lt;/body&gt;

&lt;/html&gt;

</description>
	<Style><LineStyle><color>ff0000ff</color></LineStyle><PolyStyle><fill>0</fill></PolyStyle></Style>
	<ExtendedData><SchemaData schemaUrl="#3361_plot_polygons_1__restorati">
		<SimpleData name="altitudeMode">clampToGround</SimpleData>
		<SimpleData name="tessellate">-1</SimpleData>
		<SimpleData name="extrude">0</SimpleData>
		<SimpleData name="visibility">-1</SimpleData>
	</SchemaData></ExtendedData>
      <MultiGeometry><Polygon><outerBoundaryIs><LinearRing><coordinates>74.4178503163336,14.344382402598,0 74.4178306890002,14.3444037800001,0 74.41783182,14.3445517890001,0 74.4179206360001,14.344666205,0 74.4180016180001,14.3447117050001,0 74.4179464720001,14.3447956710001,0 74.417982438,14.3450657240001,0 74.4178827370001,14.3451184390001,0 74.4177243060002,14.3452206200001,0 74.4175434650001,14.345280377,0 74.4174712690001,14.3454299960001,0 74.4173762570001,14.3455626410001,0 74.4173323600001,14.3456995690001,0 74.4171731170001,14.3456275740001,0 74.4170203370001,14.3456781710001,0 74.4169115900001,14.345789758,0 74.4167418780001,14.3457810990001,0 74.4167923630001,14.3456467450002,0 74.4167195770001,14.345387965,0 74.416136785,14.3455565550001,0 74.4160773040002,14.3457584780001,0 74.415840775,14.345754433,0 74.4157424090001,14.3461161510001,0 74.415161304,14.3458712230001,0 74.4145199526399,14.3455900244304,0 74.4144193600001,14.345540972,0 74.4141435430001,14.345370845,0 74.4141698570002,14.3453257460001,0 74.4142622210002,14.3451970970001,0 74.4143970460046,14.3450333586908,0 74.4146915180001,14.3447549040002,0 74.4152330730002,14.344337705,0 74.415681727019,14.3441456525408,0 74.4158884820002,14.3440953300001,0 74.4160336250002,14.3440557450002,0 74.4161655730001,14.3440326540001,0 74.4163453520001,14.3440227580002,0 74.4165944040001,14.3440326540001,0 74.4168352100002,14.3440623430001,0 74.416980353,14.344098628,0 74.4170875600001,14.3441085250001,0 74.4171766250001,14.3441151220002,0 74.4172574440001,14.3441382130001,0 74.4173893920002,14.3441596550001,0 74.4174817550001,14.344187693,0 74.4175529949039,14.3441886812459,0 74.4174487680001,14.3442157320001,0 74.4173613530001,14.3442256290002,0 74.4172887810001,14.3442289270001,0 74.4170974570001,14.3442140830001,0 74.4168929370001,14.3442140830001,0 74.4167197550001,14.3442173820001,0 74.4166174950002,14.3442388230002,0 74.4165218330001,14.3442619140001,0 74.4163387550002,14.3443295380001,0 74.4160814560001,14.3444466420001,0 74.4160418710002,14.3444713820002,0 74.4159627030002,14.34452746,0 74.415924767,14.3445851870001,0 74.4159132220001,14.3446099280001,0 74.4158917800001,14.344651161,0 74.4159181700001,14.3446709540002,0 74.415959404,14.3446610570001,0 74.4159907420001,14.3446181740001,0 74.4160303260002,14.3445917850001,0 74.4160682610002,14.3445505510001,0 74.4161210400001,14.344491174,0 74.4162480400001,14.3444252,0 74.4163618460001,14.344367473,0 74.4164575080002,14.3443625250001,0 74.4165564690001,14.3443641740002,0 74.416662028,14.3443724210001,0 74.4167873780001,14.3443955120001,0 74.4168747940001,14.3444219010001,0 74.4169737550002,14.3444120050001,0 74.4170991060001,14.344387265,0 74.4173102890001,14.3443776990001,0 74.4176554650001,14.344337587,0 74.417768413,14.344316475,0 74.417890861,14.3442784740002,0 74.4179363498284,14.3442886855703,0 74.4178666269349,14.3443646370612,0 74.4177937470001,14.344361865,0 74.4177219670001,14.3443671430002,0 74.4176375200001,14.3443861430001,0 74.4174622930001,14.344412533,0 74.4171139500002,14.3444647850001,0 74.4168517030002,14.3444994210001,0 74.416729651,14.3444961220001,0 74.4165383260001,14.3445060180002,0 74.4164228720002,14.3444895250001,0 74.4163684430002,14.34447633,0 74.4163041180001,14.3444829270001,0 74.416228248,14.3445076680001,0 74.4161490790001,14.3445505510001,0 74.4161160920002,14.34457694,0 74.4160451700002,14.3446610570001,0 74.4159429100001,14.3447501220001,0 74.4158109620001,14.3448408370001,0 74.4156163390001,14.3449447460001,0 74.4155008840001,14.344992577,0 74.4154200660001,14.3450156680001,0 74.4153623380001,14.3450404080002,0 74.4153507930002,14.34506185,0 74.4154266630001,14.3450354600001,0 74.4155915980001,14.3449793820001,0 74.4157235470001,14.344918356,0 74.4158423000001,14.3448457850001,0 74.4159890920001,14.344743525,0 74.416127638,14.3446247720001,0 74.416191962,14.3445604470002,0 74.4162595860001,14.3445258110001,0 74.4163651440002,14.34452746,0 74.4165416250001,14.3445390050002,0 74.4168203650001,14.34452746,0 74.4169539630001,14.3445159140001,0 74.417353106,14.3444515900001,0 74.4174686270001,14.3444294220001,0 74.4176227420001,14.344409366,0 74.4176796780001,14.3444037590002,0 74.417709366,14.3444482910001,0 74.4177407040001,14.3445357070001,0 74.4178066780001,14.3446561090001,0 74.4178693530002,14.3447352780001,0 74.417887496,14.3447550700002,0 74.4178578080001,14.344692395,0 74.4177863580002,14.3445888160001,0 74.4177483570001,14.3445043690002,0 74.4177230230002,14.3444431450001,0 74.4177156340002,14.3444209780001,0 74.4177114110001,14.3444040880001,0 74.4177335780001,14.3443924770001,0 74.4177758020002,14.3443882550001,0 74.4178503163336,14.344382402598,0</coordinates></LinearRing></outerBoundaryIs></Polygon></MultiGeometry>
  </Placemark>
  <Placemark>
	<name>Shankrukeri 10  ha.</name>
	<description>&lt;html xmlns:fo=&quot;http://www.w3.org/1999/XSL/Format&quot; xmlns:msxsl=&quot;urn:schemas-microsoft-com:xslt&quot;&gt;

&lt;head&gt;

&lt;META http-equiv=&quot;Content-Type&quot; content=&quot;text/html&quot;&gt;

&lt;meta http-equiv=&quot;content-type&quot; content=&quot;text/html; charset=UTF-8&quot;&gt;

&lt;/head&gt;

&lt;body style=&quot;margin:0px 0px 0px 0px;overflow:auto;background:#FFFFFF;&quot;&gt;

&lt;table style=&quot;font-family:Arial,Verdana,Times;font-size:12px;text-align:left;width:100%;border-collapse:collapse;padding:3px 3px 3px 3px&quot;&gt;

&lt;tr style=&quot;text-align:center;font-weight:bold;background:#9CBCE2&quot;&gt;

&lt;td&gt;Shankrukeri 10  ha.&lt;/td&gt;

&lt;/tr&gt;

&lt;tr&gt;

&lt;td&gt;

&lt;table style=&quot;font-family:Arial,Verdana,Times;font-size:12px;text-align:left;width:100%;border-spacing:0px; padding:3px 3px 3px 3px&quot;&gt;

&lt;tr&gt;

&lt;td&gt;FID&lt;/td&gt;

&lt;td&gt;15&lt;/td&gt;

&lt;/tr&gt;

&lt;tr bgcolor=&quot;#D4E4F3&quot;&gt;

&lt;td&gt;Name&lt;/td&gt;

&lt;td&gt;Shankrukeri 10  ha.&lt;/td&gt;

&lt;/tr&gt;

&lt;tr&gt;

&lt;td&gt;Shape_Leng&lt;/td&gt;

&lt;td&gt;0.03934&lt;/td&gt;

&lt;/tr&gt;

&lt;tr bgcolor=&quot;#D4E4F3&quot;&gt;

&lt;td&gt;Village_Name&lt;/td&gt;

&lt;td&gt;HONAVAR&lt;/td&gt;

&lt;/tr&gt;

&lt;/table&gt;

&lt;/td&gt;

&lt;/tr&gt;

&lt;/table&gt;

&lt;/body&gt;

&lt;/html&gt;

</description>
	<Style><LineStyle><color>ff0000ff</color></LineStyle><PolyStyle><fill>0</fill></PolyStyle></Style>
	<ExtendedData><SchemaData schemaUrl="#3361_plot_polygons_1__restorati">
		<SimpleData name="altitudeMode">clampToGround</SimpleData>
		<SimpleData name="tessellate">-1</SimpleData>
		<SimpleData name="extrude">0</SimpleData>
		<SimpleData name="visibility">-1</SimpleData>
	</SchemaData></ExtendedData>
      <MultiGeometry><Polygon><outerBoundaryIs><LinearRing><coordinates>74.4135941190002,14.3470871850001,0 74.4135277110001,14.3476104100002,0 74.4136211990001,14.347686647,0 74.4143284950001,14.347785839,0 74.4145300470001,14.347830399,0 74.4146773740001,14.3478952840001,0 74.4148742570002,14.34789865,0 74.4148628740001,14.3479989270001,0 74.4149661980001,14.3480773080001,0 74.4151187750002,14.3480953710001,0 74.4151143480001,14.3481942180002,0 74.4152957510001,14.3483572650001,0 74.4154282910002,14.3482259200001,0 74.4155374740001,14.3480716650001,0 74.4155454790001,14.3479300690001,0 74.4155519410001,14.3476623910001,0 74.4155999110002,14.3474403210001,0 74.415565695,14.347336022,0 74.4155713440001,14.3471544680001,0 74.4154706770001,14.34705239,0 74.4155312170002,14.3469735890002,0 74.41564401,14.3468623470002,0 74.4156465520001,14.3467207260001,0 74.41569602,14.346664903,0 74.4158496720001,14.3466880680001,0 74.4158269690001,14.3467758490001,0 74.415814967,14.346886575,0 74.4157411610001,14.3470367990001,0 74.4157161820001,14.3471192610002,0 74.4156277190002,14.3471344740001,0 74.4156352420002,14.3474033360001,0 74.4162103580002,14.3472629390001,0 74.4161623150002,14.3475606120002,0 74.4161378410001,14.3476935260001,0 74.416320216,14.3478697540002,0 74.4166239420001,14.3477353810001,0 74.4167131950001,14.3478169950001,0 74.416664012,14.3479854460001,0 74.4167011460001,14.3482403120001,0 74.4166501520001,14.3483666650001,0 74.4163965590002,14.348446885,0 74.4163949590001,14.3483903450001,0 74.4165327290001,14.348264843,0 74.4166063160001,14.3481572600001,0 74.4165507350002,14.3480337460001,0 74.416349181,14.3479570220001,0 74.4161511900001,14.3479380620001,0 74.4160256040001,14.3480883680001,0 74.4158449060001,14.3484261020002,0 74.4157597470001,14.348443348,0 74.4157316470001,14.3487409800001,0 74.4157769540002,14.3489250460001,0 74.4157806570002,14.3491445100001,0 74.415698078,14.3494442450001,0 74.415594814,14.349600546,0 74.4156623160001,14.3500502530002,0 74.4159355890001,14.350049276,0 74.4160442280001,14.3501354470001,0 74.4158718970001,14.3502887060001,0 74.4157516610001,14.3502585120001,0 74.4155348470001,14.3503617600001,0 74.4155071030002,14.3506032440002,0 74.4154193820001,14.3506017440001,0 74.415281306,14.3507465390001,0 74.4149875430002,14.3507416950002,0 74.4149206850001,14.3508121870001,0 74.4149793010002,14.351122742,0 74.4152860770001,14.3510681480001,0 74.415408298,14.351085347,0 74.415516827,14.3512069810001,0 74.4154964110002,14.351313233,0 74.41532892,14.3513550290001,0 74.4152566420001,14.3514561500001,0 74.4154646010002,14.3518967900001,0 74.4154128420001,14.3520867980002,0 74.4154233830001,14.3522451860002,0 74.4156312750001,14.352249672,0 74.415737683,14.352636134,0 74.4157928440001,14.352905939,0 74.4158381010002,14.3531234810001,0 74.4159647450002,14.3531235240002,0 74.416019748,14.3532994150001,0 74.4163198850001,14.3532914260001,0 74.4166175200001,14.3534800450001,0 74.416265657,14.3535299390001,0 74.4159073920001,14.353554955,0 74.4156609940002,14.3533155040001,0 74.4153467940001,14.3526950340001,0 74.4153028740002,14.3523913950001,0 74.4150726840002,14.352383807,0 74.4149812710002,14.3521825740001,0 74.4149179290001,14.3519610300001,0 74.4149321980001,14.3517450460001,0 74.414828466,14.3515393190001,0 74.4146974750001,14.3512781210002,0 74.4144946760001,14.3508298900001,0 74.4146020353301,14.350239546549,0 74.414966,14.3500532030001,0 74.4150516210001,14.349811002,0 74.4150592760001,14.3495726420002,0 74.4152566720001,14.3495808850001,0 74.4154525690001,14.34957937,0 74.4154245300002,14.349359565,0 74.4150692370001,14.3493168150001,0 74.415029277,14.3494250040001,0 74.4146066150001,14.3493032240001,0 74.4147713820001,14.3492552010001,0 74.41491667,14.349280229,0 74.4149413120001,14.3492188610001,0 74.4154357620002,14.3492217340001,0 74.4154779760001,14.3489978750001,0 74.4152472570001,14.3489351100002,0 74.4153984520001,14.3485718730001,0 74.4149151830002,14.3482389280001,0 74.414788645,14.3483605070002,0 74.4146141030001,14.3488031940001,0 74.4143855250001,14.348804496,0 74.4143632360001,14.3490763490001,0 74.4144724980001,14.3491441570002,0 74.4145555550001,14.349262769,0 74.4145278850001,14.3493132350001,0 74.4143866050002,14.349265518,0 74.4140969230002,14.3492945060001,0 74.4140474700001,14.3493851240001,0 74.4142335540002,14.349563619,0 74.414324198,14.3498069910001,0 74.4144027470001,14.349907758,0 74.4145833030001,14.3498671550001,0 74.4146603110001,14.3499877760001,0 74.414642861713,14.3500631628052,0 74.4146340630001,14.3500634340001,0 74.4146020353301,14.350239546549,0 74.4145145490001,14.350617517,0 74.413856824224,14.3508511101377,0 74.4138341050001,14.3508299230001,0 74.4137546351275,14.3506953049571,0 74.4135837010002,14.3502944380001,0 74.413459867,14.3500546010002,0 74.413347785,14.349769291,0 74.4133235317918,14.3496481867292,0 74.4133411570002,14.3496088690001,0 74.4133267450001,14.349553622,0 74.4133351520001,14.3495067820001,0 74.4133207400002,14.3494467310002,0 74.4133171370001,14.3494107000001,0 74.4132830492044,14.3493841840494,0 74.4132652750001,14.3492230670001,0 74.4132696970001,14.3491818580002,0 74.413261268,14.348986894,0 74.4132344677632,14.348724670764,0 74.4132582870001,14.3486684690001,0 74.4132666940001,14.348644449,0 74.4132486790002,14.3486000110001,0 74.413234267,14.348565181,0 74.413235468,14.3485279500001,0 74.4132474780001,14.348472703,0 74.4132366690001,14.3483790230001,0 74.4132282610001,14.3482613230001,0 74.4132174520001,14.3482337,0 74.4132114470001,14.348196468,0 74.4132306640002,14.3481592360001,0 74.413232249,14.3481373300001,0 74.4132261000001,14.3480973600002,0 74.4132138010001,14.3480427850002,0 74.413206115,14.348000509,0 74.4132184130002,14.347962077,0 74.4132237940001,14.3479413230001,0 74.4132383980001,14.347908271,0 74.4132330180002,14.3478659950001,0 74.4132368610001,14.3477583830001,0 74.413249159,14.3476154140001,0 74.4132791370002,14.347382512,0 74.4133221810002,14.3471803560001,0 74.4133506220002,14.347012789,0 74.4133921290001,14.3468536780001,0 74.413424412,14.3467245440001,0 74.413430562,14.3466876490001,0 74.413453621,14.3466153950002,0 74.413481293,14.346573888,0 74.4135174190002,14.346471657,0 74.4135289490001,14.3464347620001,0 74.4135266430001,14.3464086280001,0 74.4135297180001,14.3463871050001,0 74.4135358670001,14.3463678890001,0 74.4135566210001,14.34635021,0 74.413578912,14.346330225,0 74.4135873670001,14.3463140830002,0 74.413605815,14.3462733450002,0 74.4136580830001,14.3461634270001,0 74.4136603890001,14.34613345,0 74.4136642320001,14.346103472,0 74.4136749930001,14.3460804130002,0 74.4136934410002,14.346060428,0 74.4137311050001,14.3460465920001,0 74.413749553,14.3460043160002,0 74.4137649260002,14.345956659,0 74.413783374,14.3459197640001,0 74.4138187320002,14.34586519,0 74.4138479400001,14.3458129210001,0 74.4138863730001,14.3457483540001,0 74.4138986720002,14.345713765,0 74.4139340300001,14.345659959,0 74.4139947530001,14.345561571,0 74.4140723840002,14.345454938,0 74.414095367,14.3454291210001,0 74.4141435446122,14.3453708435642,0 74.4144193600001,14.345540972,0 74.4140120000002,14.346272331,0 74.4138148485225,14.3466903800909,0 74.413785367915,14.3467208604332,0 74.4137402304605,14.3467633427433,0 74.4136977481504,14.3468283937806,0 74.4136486279793,14.3469239789783,0 74.4136180938189,14.3469969954489,0 74.4136036856505,14.3470709068046,0 74.4135941190002,14.3470871850001,0</coordinates></LinearRing></outerBoundaryIs></Polygon></MultiGeometry>
  </Placemark>
  <Placemark>
	<name>Shashigadde mule, 8 ha.</name>
	<description>&lt;html xmlns:fo=&quot;http://www.w3.org/1999/XSL/Format&quot; xmlns:msxsl=&quot;urn:schemas-microsoft-com:xslt&quot;&gt;

&lt;head&gt;

&lt;META http-equiv=&quot;Content-Type&quot; content=&quot;text/html&quot;&gt;

&lt;meta http-equiv=&quot;content-type&quot; content=&quot;text/html; charset=UTF-8&quot;&gt;

&lt;/head&gt;

&lt;body style=&quot;margin:0px 0px 0px 0px;overflow:auto;background:#FFFFFF;&quot;&gt;

&lt;table style=&quot;font-family:Arial,Verdana,Times;font-size:12px;text-align:left;width:100%;border-collapse:collapse;padding:3px 3px 3px 3px&quot;&gt;

&lt;tr style=&quot;text-align:center;font-weight:bold;background:#9CBCE2&quot;&gt;

&lt;td&gt;Shashigadde mule, 8 ha.&lt;/td&gt;

&lt;/tr&gt;

&lt;tr&gt;

&lt;td&gt;

&lt;table style=&quot;font-family:Arial,Verdana,Times;font-size:12px;text-align:left;width:100%;border-spacing:0px; padding:3px 3px 3px 3px&quot;&gt;

&lt;tr&gt;

&lt;td&gt;FID&lt;/td&gt;

&lt;td&gt;16&lt;/td&gt;

&lt;/tr&gt;

&lt;tr bgcolor=&quot;#D4E4F3&quot;&gt;

&lt;td&gt;Name&lt;/td&gt;

&lt;td&gt;Shashigadde mule, 8 ha.&lt;/td&gt;

&lt;/tr&gt;

&lt;tr&gt;

&lt;td&gt;Shape_Leng&lt;/td&gt;

&lt;td&gt;0.01496&lt;/td&gt;

&lt;/tr&gt;

&lt;tr bgcolor=&quot;#D4E4F3&quot;&gt;

&lt;td&gt;Village_Name&lt;/td&gt;

&lt;td&gt;PAVINKURVE&lt;/td&gt;

&lt;/tr&gt;

&lt;/table&gt;

&lt;/td&gt;

&lt;/tr&gt;

&lt;/table&gt;

&lt;/body&gt;

&lt;/html&gt;

</description>
	<Style><LineStyle><color>ff0000ff</color></LineStyle><PolyStyle><fill>0</fill></PolyStyle></Style>
	<ExtendedData><SchemaData schemaUrl="#3361_plot_polygons_1__restorati">
		<SimpleData name="altitudeMode">clampToGround</SimpleData>
		<SimpleData name="tessellate">-1</SimpleData>
		<SimpleData name="extrude">0</SimpleData>
		<SimpleData name="visibility">-1</SimpleData>
	</SchemaData></ExtendedData>
      <MultiGeometry><Polygon><outerBoundaryIs><LinearRing><coordinates>74.4180531898469,14.3231385856349,0 74.4180063060001,14.3232981140001,0 74.4180063060001,14.3234557070001,0 74.4180341170002,14.3237060020001,0 74.4180665620001,14.3239980130001,0 74.4181363825196,14.3243944139491,0 74.4179691330001,14.32436155,0 74.4178570300002,14.3242230980001,0 74.4178290240001,14.3240977010001,0 74.4177559780001,14.3239709890001,0 74.4179976510002,14.3230550590002,0 74.4180531898469,14.3231385856349,0</coordinates></LinearRing></outerBoundaryIs></Polygon><Polygon><outerBoundaryIs><LinearRing><coordinates>74.4181459300001,14.3282184510002,0 74.4179746160001,14.328088938,0 74.4177391540002,14.3277601950001,0 74.4176513530001,14.3274754330002,0 74.4176047970001,14.327196026,0 74.4175857040001,14.3268966810001,0 74.4177239150001,14.3265905930002,0 74.4178149000001,14.326385311,0 74.4181284040001,14.326223843,0 74.4181891010002,14.3257187970001,0 74.4182175800001,14.3253172050001,0 74.4181515591816,14.3245669128386,0 74.4182074690001,14.3246180030002,0 74.4182519660001,14.3247514940001,0 74.4183142620001,14.324861253,0 74.4184121550002,14.3249413470001,0 74.4184418200001,14.3249888110001,0 74.4184625850001,14.3250807710001,0 74.4184625850001,14.3251430670001,0 74.4185130150001,14.3252231610002,0 74.418557512,14.3253002890002,0 74.4186109080002,14.3254782770001,0 74.4186198070001,14.3256918620001,0 74.4186020080002,14.3259677430001,0 74.4185990420001,14.326071569,0 74.4185664110001,14.3261486970002,0 74.4185219140001,14.3262080260002,0 74.4184981820001,14.3262910870001,0 74.4185070820001,14.326359315,0 74.4185842100001,14.3264127120001,0 74.4186465050002,14.326466108,0 74.418708801,14.3265818,0 74.4187266000002,14.3266411290001,0 74.4187473650002,14.3266915590001,0 74.4187977950001,14.3267004580001,0 74.4187503310001,14.3266084980001,0 74.4187503310001,14.3264720410001,0 74.41876813,14.3261486970002,0 74.41876813,14.325941045,0 74.4187740630001,14.325490143,0 74.4187325330002,14.3251756980001,0 74.4186459490002,14.3245171440001,0 74.418594963,14.3244105370001,0 74.4185856930001,14.324308564,0 74.4185856930001,14.324225133,0 74.418718722863,14.3241395418426,0 74.4195011780001,14.3253163530001,0 74.4195906270002,14.3253565300001,0 74.4202275710001,14.3264678010001,0 74.420746765,14.327208726,0 74.4194846970001,14.3270615780001,0 74.4186547720001,14.3271210540001,0 74.4186210693429,14.3271425183974,0 74.4186170441458,14.3272203388721,0 74.4186143606811,14.3274215987205,0 74.4186089937519,14.3275302790386,0 74.418626436272,14.3275705310084,0 74.41871767407,14.3277771577859,0 74.4187767102921,14.3278925467657,0 74.4187981780093,14.3279153562152,0 74.4188104893312,14.327890367687,0 74.418891891,14.3279132840001,0 74.4188930056471,14.3279744492733,0 74.4188733150193,14.3279945184221,0 74.4188625811607,14.3280401373212,0 74.4188545307667,14.32808575622,0 74.4188650952176,14.3281712365255,0 74.4188399106678,14.3283020105028,0 74.4188072127076,14.3283442503189,0 74.4181459300001,14.3282184510002,0</coordinates></LinearRing></outerBoundaryIs></Polygon></MultiGeometry>
  </Placemark>
  <Placemark>
	<name>Sonargonuda 5 ha.</name>
	<description>&lt;html xmlns:fo=&quot;http://www.w3.org/1999/XSL/Format&quot; xmlns:msxsl=&quot;urn:schemas-microsoft-com:xslt&quot;&gt;

&lt;head&gt;

&lt;META http-equiv=&quot;Content-Type&quot; content=&quot;text/html&quot;&gt;

&lt;meta http-equiv=&quot;content-type&quot; content=&quot;text/html; charset=UTF-8&quot;&gt;

&lt;/head&gt;

&lt;body style=&quot;margin:0px 0px 0px 0px;overflow:auto;background:#FFFFFF;&quot;&gt;

&lt;table style=&quot;font-family:Arial,Verdana,Times;font-size:12px;text-align:left;width:100%;border-collapse:collapse;padding:3px 3px 3px 3px&quot;&gt;

&lt;tr style=&quot;text-align:center;font-weight:bold;background:#9CBCE2&quot;&gt;

&lt;td&gt;Sonargonuda 5 ha.&lt;/td&gt;

&lt;/tr&gt;

&lt;tr&gt;

&lt;td&gt;

&lt;table style=&quot;font-family:Arial,Verdana,Times;font-size:12px;text-align:left;width:100%;border-spacing:0px; padding:3px 3px 3px 3px&quot;&gt;

&lt;tr&gt;

&lt;td&gt;FID&lt;/td&gt;

&lt;td&gt;17&lt;/td&gt;

&lt;/tr&gt;

&lt;tr bgcolor=&quot;#D4E4F3&quot;&gt;

&lt;td&gt;Name&lt;/td&gt;

&lt;td&gt;Sonargonuda 5 ha.&lt;/td&gt;

&lt;/tr&gt;

&lt;tr&gt;

&lt;td&gt;Shape_Leng&lt;/td&gt;

&lt;td&gt;0.011686&lt;/td&gt;

&lt;/tr&gt;

&lt;tr bgcolor=&quot;#D4E4F3&quot;&gt;

&lt;td&gt;Village_Name&lt;/td&gt;

&lt;td&gt;BELE&lt;/td&gt;

&lt;/tr&gt;

&lt;/table&gt;

&lt;/td&gt;

&lt;/tr&gt;

&lt;/table&gt;

&lt;/body&gt;

&lt;/html&gt;

</description>
	<Style><LineStyle><color>ff0000ff</color></LineStyle><PolyStyle><fill>0</fill></PolyStyle></Style>
	<ExtendedData><SchemaData schemaUrl="#3361_plot_polygons_1__restorati">
		<SimpleData name="altitudeMode">clampToGround</SimpleData>
		<SimpleData name="tessellate">-1</SimpleData>
		<SimpleData name="extrude">0</SimpleData>
		<SimpleData name="visibility">-1</SimpleData>
	</SchemaData></ExtendedData>
      <MultiGeometry><Polygon><outerBoundaryIs><LinearRing><coordinates>74.3945209845734,14.4935871716456,0 74.3944221576685,14.4936887520029,0 74.3943698250001,14.4937062010002,0 74.3943506090001,14.493707402,0 74.394314578,14.4937386280001,0 74.3942833520001,14.4937914730002,0 74.3942221,14.493899565,0 74.3941908730002,14.493953611,0 74.39415124,14.494019667,0 74.39409359,14.4941097440001,0 74.3940351250001,14.4941907410001,0 74.3940059160001,14.49424839,0 74.3940054369988,14.4942855000189,0 74.393981658,14.4943213890001,0 74.393609665,14.4938833740002,0 74.3940531100001,14.4933493230001,0 74.3936940170001,14.4929555810001,0 74.3933533750002,14.492496934,0 74.3932006060001,14.4922241930001,0 74.3928615570001,14.4922620600001,0 74.3928688600001,14.4916860440001,0 74.3936530650001,14.4917477190002,0 74.393898548,14.4917830420001,0 74.3941913860001,14.491854097,0 74.3945158810001,14.4918918010002,0 74.3948716770002,14.4919058790001,0 74.3953726660002,14.4918850490001,0 74.3957823520001,14.491893987,0 74.3961989200001,14.4919054740001,0 74.3962986466262,14.491910240187,0 74.3964127630002,14.491938298,0 74.39649203,14.491941901,0 74.3965580860002,14.4919815340001,0 74.396612132,14.4919983490001,0 74.3966493640001,14.492016364,0 74.3966865950001,14.4920439870002,0 74.3967130180001,14.4920836210001,0 74.396710616,14.4921184510001,0 74.3966853940001,14.492152079,0 74.3964523960001,14.492255367,0 74.3963632771901,14.4922980857284,0 74.3962794490001,14.4923130160001,0 74.3962494240001,14.4923274280001,0 74.3962145940002,14.4923490470002,0 74.3961833680001,14.4923706650002,0 74.3960872860001,14.4924115000001,0 74.3960080180001,14.492454737,0 74.3959467660001,14.4924883650002,0 74.395893921,14.4925304010001,0 74.3958290660001,14.4925808440001,0 74.3957461960002,14.4926372920001,0 74.39566933,14.4926877350001,0 74.3955300120001,14.4927790120001,0 74.3954411360002,14.4928366620001,0 74.3953486580002,14.4929099240001,0 74.3952681890001,14.492954362,0 74.3951829170002,14.492992794,0 74.3951162600001,14.493029651,0 74.3949154665125,14.4931572573708,0 74.394883862,14.4931777520001,0 74.3948490330001,14.4932101790002,0 74.3947949870001,14.493263024,0 74.3947505490001,14.49331707,0 74.394710915,14.4933519000001,0 74.39465807,14.4934047450001,0 74.394593215,14.493461193,0 74.3945703960001,14.4934984240001,0 74.3945209845734,14.4935871716456,0</coordinates></LinearRing></outerBoundaryIs></Polygon></MultiGeometry>
  </Placemark>
  <Placemark>
	<name>Aigalkurve 2  ha.</name>
	<description>&lt;html xmlns:fo=&quot;http://www.w3.org/1999/XSL/Format&quot; xmlns:msxsl=&quot;urn:schemas-microsoft-com:xslt&quot;&gt;

&lt;head&gt;

&lt;META http-equiv=&quot;Content-Type&quot; content=&quot;text/html&quot;&gt;

&lt;meta http-equiv=&quot;content-type&quot; content=&quot;text/html; charset=UTF-8&quot;&gt;

&lt;/head&gt;

&lt;body style=&quot;margin:0px 0px 0px 0px;overflow:auto;background:#FFFFFF;&quot;&gt;

&lt;table style=&quot;font-family:Arial,Verdana,Times;font-size:12px;text-align:left;width:100%;border-collapse:collapse;padding:3px 3px 3px 3px&quot;&gt;

&lt;tr style=&quot;text-align:center;font-weight:bold;background:#9CBCE2&quot;&gt;

&lt;td&gt;Aigalkurve 2  ha.&lt;/td&gt;

&lt;/tr&gt;

&lt;tr&gt;

&lt;td&gt;

&lt;table style=&quot;font-family:Arial,Verdana,Times;font-size:12px;text-align:left;width:100%;border-spacing:0px; padding:3px 3px 3px 3px&quot;&gt;

&lt;tr&gt;

&lt;td&gt;FID&lt;/td&gt;

&lt;td&gt;18&lt;/td&gt;

&lt;/tr&gt;

&lt;tr bgcolor=&quot;#D4E4F3&quot;&gt;

&lt;td&gt;Name&lt;/td&gt;

&lt;td&gt;Aigalkurve 2  ha.&lt;/td&gt;

&lt;/tr&gt;

&lt;tr&gt;

&lt;td&gt;Shape_Leng&lt;/td&gt;

&lt;td&gt;0.007461&lt;/td&gt;

&lt;/tr&gt;

&lt;tr bgcolor=&quot;#D4E4F3&quot;&gt;

&lt;td&gt;Village_Name&lt;/td&gt;

&lt;td&gt;Aigalkurve&lt;/td&gt;

&lt;/tr&gt;

&lt;/table&gt;

&lt;/td&gt;

&lt;/tr&gt;

&lt;/table&gt;

&lt;/body&gt;

&lt;/html&gt;

</description>
	<Style><LineStyle><color>ff0000ff</color></LineStyle><PolyStyle><fill>0</fill></PolyStyle></Style>
	<ExtendedData><SchemaData schemaUrl="#3361_plot_polygons_1__restorati">
		<SimpleData name="altitudeMode">clampToGround</SimpleData>
		<SimpleData name="tessellate">-1</SimpleData>
		<SimpleData name="extrude">0</SimpleData>
		<SimpleData name="visibility">-1</SimpleData>
	</SchemaData></ExtendedData>
      <MultiGeometry><Polygon><outerBoundaryIs><LinearRing><coordinates>74.3956785300001,14.491317165,0 74.3960945370001,14.4911673600001,0 74.397242539,14.4908522910001,0 74.3978475810001,14.490633577,0 74.3989330140001,14.4902836420001,0 74.3990516200001,14.49065333,0 74.3987909800001,14.490764939,0 74.3983374210001,14.4910966300001,0 74.3973791810001,14.491482976,0 74.395831893,14.4914892090001,0 74.3956785300001,14.491317165,0</coordinates></LinearRing></outerBoundaryIs></Polygon></MultiGeometry>
  </Placemark>
  <Placemark>
	<name>Torke</name>
	<description>&lt;html xmlns:fo=&quot;http://www.w3.org/1999/XSL/Format&quot; xmlns:msxsl=&quot;urn:schemas-microsoft-com:xslt&quot;&gt;

&lt;head&gt;

&lt;META http-equiv=&quot;Content-Type&quot; content=&quot;text/html&quot;&gt;

&lt;meta http-equiv=&quot;content-type&quot; content=&quot;text/html; charset=UTF-8&quot;&gt;

&lt;/head&gt;

&lt;body style=&quot;margin:0px 0px 0px 0px;overflow:auto;background:#FFFFFF;&quot;&gt;

&lt;table style=&quot;font-family:Arial,Verdana,Times;font-size:12px;text-align:left;width:100%;border-collapse:collapse;padding:3px 3px 3px 3px&quot;&gt;

&lt;tr style=&quot;text-align:center;font-weight:bold;background:#9CBCE2&quot;&gt;

&lt;td&gt;Torke&lt;/td&gt;

&lt;/tr&gt;

&lt;tr&gt;

&lt;td&gt;

&lt;table style=&quot;font-family:Arial,Verdana,Times;font-size:12px;text-align:left;width:100%;border-spacing:0px; padding:3px 3px 3px 3px&quot;&gt;

&lt;tr&gt;

&lt;td&gt;FID&lt;/td&gt;

&lt;td&gt;19&lt;/td&gt;

&lt;/tr&gt;

&lt;tr bgcolor=&quot;#D4E4F3&quot;&gt;

&lt;td&gt;Name&lt;/td&gt;

&lt;td&gt;Torke&lt;/td&gt;

&lt;/tr&gt;

&lt;tr&gt;

&lt;td&gt;Shape_Leng&lt;/td&gt;

&lt;td&gt;0.009671&lt;/td&gt;

&lt;/tr&gt;

&lt;tr bgcolor=&quot;#D4E4F3&quot;&gt;

&lt;td&gt;Village_Name&lt;/td&gt;

&lt;td&gt;Torke&lt;/td&gt;

&lt;/tr&gt;

&lt;/table&gt;

&lt;/td&gt;

&lt;/tr&gt;

&lt;/table&gt;

&lt;/body&gt;

&lt;/html&gt;

</description>
	<Style><LineStyle><color>ff0000ff</color></LineStyle><PolyStyle><fill>0</fill></PolyStyle></Style>
	<ExtendedData><SchemaData schemaUrl="#3361_plot_polygons_1__restorati">
		<SimpleData name="altitudeMode">clampToGround</SimpleData>
		<SimpleData name="tessellate">-1</SimpleData>
		<SimpleData name="extrude">0</SimpleData>
		<SimpleData name="visibility">-1</SimpleData>
	</SchemaData></ExtendedData>
      <MultiGeometry><Polygon><outerBoundaryIs><LinearRing><coordinates>74.3610304956539,14.5518361492128,0 74.3610828714016,14.5519879701349,0 74.3610498920554,14.5520037737637,0 74.3610186655021,14.5520061758063,0 74.3609790318,14.5520037737637,0 74.3609393980977,14.5520085778488,0 74.3608829500977,14.5520241911254,0 74.3608192959699,14.5520602217638,0 74.3607304203953,14.5521106646575,0 74.3606451478846,14.552156303466,0 74.3605046283951,14.5522175555512,0 74.3603004547776,14.5523052301047,0 74.3601142964794,14.5523652811685,0 74.3599605657558,14.5523760903599,0 74.3598260513727,14.5523784924026,0 74.3596194757129,14.5523700852536,0 74.3595207397381,14.5523562485201,0 74.3595137858404,14.5523364566577,0 74.3594969715425,14.5522331688279,0 74.3594465286487,14.5519845574232,0 74.3593948847338,14.5518428369125,0 74.3593204214146,14.5517251368271,0 74.3592743491523,14.5516724168714,0 74.3592668603045,14.5516464442644,0 74.3592363499251,14.5515870193802,0 74.359115046776,14.5513780416776,0 74.3590910263504,14.5513107844862,0 74.3591042375845,14.5512435272946,0 74.3591537068114,14.5511639552814,0 74.3591756983504,14.5511309315497,0 74.359179451542,14.5510577443155,0 74.3591756983504,14.5508738379322,0 74.3591475494143,14.5506767953788,0 74.3591118940951,14.5505229145276,0 74.3590333065511,14.5503879254987,0 74.3590063740002,14.550214334,0 74.3589938961937,14.5500880999438,0 74.3589936685631,14.5497835358031,0 74.3589842855843,14.5495958762283,0 74.3589411238822,14.5492074209087,0 74.3589167281373,14.5490085017594,0 74.3588798107889,14.5489339336669,0 74.3588728710001,14.548863726,0 74.3594289716427,14.5488556359859,0 74.3595622770745,14.5488883996316,0 74.3595697834576,14.5489184251634,0 74.3596016855851,14.5490404038871,0 74.3596354643087,14.5491023315468,0 74.3596973919684,14.5491210975042,0 74.359774332394,14.5491229741,0 74.3598212472876,14.5491098379298,0 74.3598886476175,14.5490868886692,0 74.3598987744243,14.5491092223406,0 74.3600201664369,14.5494401187814,0 74.3601440217561,14.5497253613348,0 74.360196566437,14.549858599633,0 74.3602472345223,14.5499467996331,0 74.3603213226284,14.5500204917764,0 74.3605842060002,14.5505424950001,0 74.3607246537565,14.5509496091468,0 74.3608865531615,14.5513516192095,0 74.3609682226084,14.5515377775078,0 74.3609778307786,14.5515954265291,0 74.3609790318,14.5516482714653,0 74.3609768554898,14.551680663143,0 74.361013861417,14.5516951112951,0 74.3610234695873,14.5517359460187,0 74.3610258716297,14.5517767807422,0 74.3610304956539,14.5518361492128,0</coordinates></LinearRing></outerBoundaryIs></Polygon></MultiGeometry>
  </Placemark>
  <Placemark>
	<name>Tudibele, 1 ha</name>
	<description>&lt;html xmlns:fo=&quot;http://www.w3.org/1999/XSL/Format&quot; xmlns:msxsl=&quot;urn:schemas-microsoft-com:xslt&quot;&gt;

&lt;head&gt;

&lt;META http-equiv=&quot;Content-Type&quot; content=&quot;text/html&quot;&gt;

&lt;meta http-equiv=&quot;content-type&quot; content=&quot;text/html; charset=UTF-8&quot;&gt;

&lt;/head&gt;

&lt;body style=&quot;margin:0px 0px 0px 0px;overflow:auto;background:#FFFFFF;&quot;&gt;

&lt;table style=&quot;font-family:Arial,Verdana,Times;font-size:12px;text-align:left;width:100%;border-collapse:collapse;padding:3px 3px 3px 3px&quot;&gt;

&lt;tr style=&quot;text-align:center;font-weight:bold;background:#9CBCE2&quot;&gt;

&lt;td&gt;Tudibele, 1 ha&lt;/td&gt;

&lt;/tr&gt;

&lt;tr&gt;

&lt;td&gt;

&lt;table style=&quot;font-family:Arial,Verdana,Times;font-size:12px;text-align:left;width:100%;border-spacing:0px; padding:3px 3px 3px 3px&quot;&gt;

&lt;tr&gt;

&lt;td&gt;FID&lt;/td&gt;

&lt;td&gt;20&lt;/td&gt;

&lt;/tr&gt;

&lt;tr bgcolor=&quot;#D4E4F3&quot;&gt;

&lt;td&gt;Name&lt;/td&gt;

&lt;td&gt;Tudibele, 1 ha&lt;/td&gt;

&lt;/tr&gt;

&lt;tr&gt;

&lt;td&gt;Shape_Leng&lt;/td&gt;

&lt;td&gt;0.004775&lt;/td&gt;

&lt;/tr&gt;

&lt;tr bgcolor=&quot;#D4E4F3&quot;&gt;

&lt;td&gt;Village_Name&lt;/td&gt;

&lt;td&gt;JESTAPURA&lt;/td&gt;

&lt;/tr&gt;

&lt;/table&gt;

&lt;/td&gt;

&lt;/tr&gt;

&lt;/table&gt;

&lt;/body&gt;

&lt;/html&gt;

</description>
	<Style><LineStyle><color>ff0000ff</color></LineStyle><PolyStyle><fill>0</fill></PolyStyle></Style>
	<ExtendedData><SchemaData schemaUrl="#3361_plot_polygons_1__restorati">
		<SimpleData name="altitudeMode">clampToGround</SimpleData>
		<SimpleData name="tessellate">-1</SimpleData>
		<SimpleData name="extrude">0</SimpleData>
		<SimpleData name="visibility">-1</SimpleData>
	</SchemaData></ExtendedData>
      <MultiGeometry><Polygon><outerBoundaryIs><LinearRing><coordinates>74.3890195860001,14.4758785170001,0 74.3891962750001,14.475854504,0 74.3893965940001,14.4758783400001,0 74.3896615930001,14.4758965840001,0 74.3899595090001,14.4759703390001,0 74.390238439,14.476044707,0 74.3904593720001,14.476163644,0 74.3907282690001,14.4762530320001,0 74.390927402,14.476419067,0 74.3910366690001,14.476557825,0 74.3908580520001,14.476616511,0 74.3906048800001,14.476612038,0 74.3901681250001,14.476540927,0 74.3898402310001,14.476479945,0 74.389334954,14.476368662,0 74.388954261,14.4762291870001,0 74.388868142,14.4760981110001,0 74.3890195860001,14.4758785170001,0</coordinates></LinearRing></outerBoundaryIs></Polygon></MultiGeometry>
  </Placemark>
  <Placemark>
	<name>Chippehaklu, 40 ha.</name>
	<description>&lt;html xmlns:fo=&quot;http://www.w3.org/1999/XSL/Format&quot; xmlns:msxsl=&quot;urn:schemas-microsoft-com:xslt&quot;&gt;

&lt;head&gt;

&lt;META http-equiv=&quot;Content-Type&quot; content=&quot;text/html&quot;&gt;

&lt;meta http-equiv=&quot;content-type&quot; content=&quot;text/html; charset=UTF-8&quot;&gt;

&lt;/head&gt;

&lt;body style=&quot;margin:0px 0px 0px 0px;overflow:auto;background:#FFFFFF;&quot;&gt;

&lt;table style=&quot;font-family:Arial,Verdana,Times;font-size:12px;text-align:left;width:100%;border-collapse:collapse;padding:3px 3px 3px 3px&quot;&gt;

&lt;tr style=&quot;text-align:center;font-weight:bold;background:#9CBCE2&quot;&gt;

&lt;td&gt;Chippehaklu, 40 ha.&lt;/td&gt;

&lt;/tr&gt;

&lt;tr&gt;

&lt;td&gt;

&lt;table style=&quot;font-family:Arial,Verdana,Times;font-size:12px;text-align:left;width:100%;border-spacing:0px; padding:3px 3px 3px 3px&quot;&gt;

&lt;tr&gt;

&lt;td&gt;FID&lt;/td&gt;

&lt;td&gt;21&lt;/td&gt;

&lt;/tr&gt;

&lt;tr bgcolor=&quot;#D4E4F3&quot;&gt;

&lt;td&gt;Name&lt;/td&gt;

&lt;td&gt;Chippehaklu, 40 ha.&lt;/td&gt;

&lt;/tr&gt;

&lt;tr&gt;

&lt;td&gt;Shape_Leng&lt;/td&gt;

&lt;td&gt;0.048228&lt;/td&gt;

&lt;/tr&gt;

&lt;tr bgcolor=&quot;#D4E4F3&quot;&gt;

&lt;td&gt;Village_Name&lt;/td&gt;

&lt;td&gt;HONAVAR&lt;/td&gt;

&lt;/tr&gt;

&lt;/table&gt;

&lt;/td&gt;

&lt;/tr&gt;

&lt;/table&gt;

&lt;/body&gt;

&lt;/html&gt;

</description>
	<Style><LineStyle><color>ff0000ff</color></LineStyle><PolyStyle><fill>0</fill></PolyStyle></Style>
	<ExtendedData><SchemaData schemaUrl="#3361_plot_polygons_1__restorati">
		<SimpleData name="altitudeMode">clampToGround</SimpleData>
		<SimpleData name="tessellate">-1</SimpleData>
		<SimpleData name="extrude">0</SimpleData>
		<SimpleData name="visibility">-1</SimpleData>
	</SchemaData></ExtendedData>
      <MultiGeometry><Polygon><outerBoundaryIs><LinearRing><coordinates>74.4306034520002,14.3595819490001,0 74.4306308480001,14.359762362,0 74.4306582440001,14.359942108,0 74.4306896490001,14.360152924,0 74.4307330820001,14.360439581,0 74.4307394974641,14.3604788198176,0 74.4306085902585,14.3604970735331,0 74.4305852840001,14.3603575870002,0 74.4305593960001,14.3602799230001,0 74.4305374910001,14.360130569,0 74.430499655,14.3598537670001,0 74.4304658010001,14.359664585,0 74.4304598270001,14.3595470940002,0 74.4304309259319,14.3594784239588,0 74.4305807279402,14.3594302864429,0 74.4306034520002,14.3595819490001,0</coordinates></LinearRing></outerBoundaryIs></Polygon><Polygon><outerBoundaryIs><LinearRing><coordinates>74.4312887450001,14.3605523830001,0 74.4311241570002,14.360572651,0 74.4310930370001,14.3604295100002,0 74.4307408832378,14.3604786285229,0 74.4307186800001,14.3603354610001,0 74.4306927080001,14.360162909,0 74.4306788960002,14.360071036,0 74.4306667840001,14.359991295,0 74.4306580260001,14.3599334210001,0 74.4306447660001,14.3598448160001,0 74.4306128070002,14.3596330190001,0 74.4306103280001,14.359617407,0 74.4306071000001,14.3595949040001,0 74.4306030080002,14.359568728,0 74.430584756,14.3594482680002,0 74.4305818759167,14.3594299154702,0 74.430897992,14.3593283430001,0 74.4310895290001,14.3590064170001,0 74.4313870530001,14.358748634,0 74.4321840030001,14.3588993700001,0 74.4319592910002,14.3593443920001,0 74.4327473880001,14.3598368790001,0 74.4324549210002,14.3605289000001,0 74.4318477820001,14.3604311860001,0 74.431484122,14.360372431,0 74.4312887450001,14.3605523830001,0</coordinates></LinearRing></outerBoundaryIs></Polygon><Polygon><outerBoundaryIs><LinearRing><coordinates>74.4321097600001,14.3628929440001,0 74.4317519120002,14.3629316440001,0 74.4312641670001,14.362982092,0 74.4309839450002,14.3627848770001,0 74.4309538694325,14.3627909600922,0 74.4309477960001,14.3627466890001,0 74.4309350510002,14.3627135530001,0 74.4309184820002,14.3626230640001,0 74.4309057380001,14.3625440460001,0 74.4308973423202,14.3624878437111,0 74.4310838650001,14.3624026350001,0 74.4313750410001,14.3623762290001,0 74.4314200970002,14.362500461,0 74.4319668130001,14.3625906720001,0 74.432103599,14.3624416370001,0 74.4322290930001,14.362432207,0 74.4323164890001,14.3626911600001,0 74.4321472570001,14.3627694860002,0 74.4321097600001,14.3628929440001,0</coordinates></LinearRing></outerBoundaryIs></Polygon><Polygon><outerBoundaryIs><LinearRing><coordinates>74.4275787850001,14.363925647,0 74.4273077600001,14.3632246430001,0 74.4274493030001,14.3627367340001,0 74.4263471650002,14.3618621330002,0 74.4256541900001,14.362146469,0 74.425555349,14.3618257450002,0 74.4254966530002,14.3611983110001,0 74.4256466970001,14.3609598690001,0 74.4255946210001,14.3604744430001,0 74.4250990720002,14.359726817,0 74.425105698,14.359497187,0 74.4251034252685,14.3594943581518,0 74.4251169450002,14.3594634560002,0 74.4251448250002,14.3594276110002,0 74.4251727040001,14.3593997310002,0 74.4251707130002,14.359371852,0 74.4251527900002,14.3593399900001,0 74.4251010140002,14.3592981710001,0 74.4250074190002,14.3592324550001,0 74.4249456860001,14.3591906360002,0 74.4248739970001,14.359158774,0 74.4248256974321,14.3591454270269,0 74.424710486,14.3590325280001,0 74.4245146760002,14.359082557,0 74.4243757910001,14.3589502970001,0 74.4243242350001,14.3587131760001,0 74.4242773670002,14.358515439,0 74.4242215420001,14.3582886710001,0 74.4248877069672,14.3572470211984,0 74.42492315,14.3572086930001,0 74.424942726,14.3571858550001,0 74.4249712750002,14.3571589380001,0 74.4250104270001,14.3571287580001,0 74.4250577360002,14.3571034720001,0 74.425096888,14.357111629,0 74.4251115700002,14.3571271260001,0 74.4251189110001,14.3571393610002,0 74.4251286990001,14.3571499650002,0 74.4251474600001,14.3571597530001,0 74.4251670360001,14.3571630160001,0 74.4251996630001,14.3571532280002,0 74.4252453400001,14.3571483340001,0 74.4252779670002,14.357150781,0 74.4253415890001,14.357176882,0 74.4253734000002,14.3571866700001,0 74.4254574150001,14.357219297,0 74.4255039080001,14.357233979,0 74.4255691610001,14.357246214,0 74.4255756870001,14.3572584490001,0 74.4255846590002,14.3572649750001,0 74.4256066820001,14.3572706840001,0 74.4256458340001,14.3572706840001,0 74.4257208760001,14.357276394,0 74.425820388,14.357282104,0 74.4259186760002,14.3572816960001,0 74.4259403430001,14.3572816960001,0 74.4259824010002,14.3572740490001,0 74.4260066160002,14.3572625790001,0 74.426032105,14.3572562060002,0 74.4260614190002,14.3572638530002,0 74.4260741630001,14.357268951,0 74.4260971040002,14.3572638530002,0 74.4261238680001,14.3572600300001,0 74.4261557310002,14.3572625790001,0 74.4261837690001,14.3572753240002,0 74.4262347490001,14.3572753240002,0 74.4262997470001,14.3572740490001,0 74.4263430800001,14.3572880680001,0 74.4263647460001,14.3572957150001,0 74.4263876870002,14.357302088,0 74.426414451,14.357300813,0 74.4264628820001,14.3573033620002,0 74.4265100370001,14.357293166,0 74.4265648400001,14.3572600300001,0 74.4265916050002,14.3572307170001,0 74.4266591520001,14.3572052270001,0 74.4267419940001,14.3572039520001,0 74.4267776790001,14.3572052270001,0 74.426813365,14.3572065010001,0 74.4268337570001,14.3572052270001,0 74.4268707170002,14.357202678,0 74.4269471860002,14.357198854,0 74.4270109100001,14.3571848350001,0 74.4271536530001,14.357163169,0 74.4271957110002,14.3571669920001,0 74.4272135530001,14.357177188,0 74.4272288470001,14.357192482,0 74.427249239,14.3572014030002,0 74.42727218,14.3571822860001,0 74.4272912970001,14.3571657180002,0 74.4272836500001,14.357152973,0 74.4272658070001,14.357131307,0 74.4272466900001,14.357131307,0 74.4272199260002,14.3571287580001,0 74.4271855150001,14.3571211110001,0 74.4271501480001,14.35712358,0 74.4270864240002,14.3571434940001,0 74.4270127420001,14.3571395110002,0 74.4269071990001,14.3571375200001,0 74.4268375010001,14.3571614160001,0 74.4267697940001,14.3571693820001,0 74.4266961120002,14.3571673910002,0 74.4265726470002,14.3571693820001,0 74.4265228620001,14.3571634080001,0 74.4264571460001,14.357171373,0 74.426387448,14.357193279,0 74.4263257150002,14.3572291230001,0 74.4262739390002,14.357235098,0 74.4261863180001,14.357227132,0 74.4259812060002,14.357207218,0 74.4258657050001,14.3571873040001,0 74.42578605,14.3571892960001,0 74.4256685590001,14.3572131920001,0 74.425574963,14.3571892960001,0 74.42548336,14.3571614160001,0 74.425389765,14.357133537,0 74.4253220580002,14.3571036660002,0 74.4252762560001,14.3570658300001,0 74.4252165140002,14.3570260020001,0 74.4251667300001,14.357029985,0 74.4251428330002,14.3570439250001,0 74.4251169450002,14.3570419330001,0 74.4250990230001,14.3570100710002,0 74.4250990230001,14.3569742260001,0 74.4251089800001,14.3569343990001,0 74.4251288940002,14.356920459,0 74.4251069880002,14.3568985540001,0 74.4250711430001,14.3568905880001,0 74.4250512300001,14.3568746570001,0 74.4250391503235,14.3568417574832,0 74.4252014503595,14.3564074455193,0 74.425319195,14.3562189940001,0 74.4253876490002,14.3560571940001,0 74.425403207,14.3559265100001,0 74.4254183670116,14.3557622745116,0 74.426519613,14.355945262,0 74.426778234,14.3560955050002,0 74.4270424030001,14.3563124210001,0 74.4271841670001,14.3563887370001,0 74.4277460650001,14.3562334320001,0 74.4280143050001,14.3562190430001,0 74.4283332220001,14.356128685,0 74.4282903490002,14.355670156,0 74.4285039030001,14.355675901,0 74.4286346480002,14.355314749,0 74.4293271870002,14.3554396700001,0 74.4297859340001,14.3554508020002,0 74.429863062,14.355944027,0 74.4298962620001,14.3562050890001,0 74.430092938,14.357641006,0 74.4296791950002,14.3577607080002,0 74.429482814,14.3578201490002,0 74.4291271170001,14.3579206760001,0 74.4290608900001,14.3577329180002,0 74.428984862,14.3577273100001,0 74.4288720260001,14.3575692900001,0 74.4288917700001,14.3574712630001,0 74.4287637080002,14.3574200840001,0 74.4287030260002,14.3575518260001,0 74.4282135700001,14.3575059530002,0 74.4278944210001,14.3576926120001,0 74.4276304620002,14.3578836290001,0 74.4277451660001,14.3585887030002,0 74.4278156040001,14.3589245750001,0 74.428407496,14.3592119190001,0 74.4287321530002,14.359465764,0 74.428746644,14.3598064280001,0 74.429599522,14.3598361360001,0 74.4303683940001,14.3594985220001,0 74.4303890275078,14.3594918895784,0 74.4304000850001,14.3595351450002,0 74.4304379220002,14.3597960170001,0 74.4304737670002,14.3600628620001,0 74.430513594,14.3602799230001,0 74.4305454560002,14.3604491900001,0 74.4305461970394,14.3605057729941,0 74.4308480412029,14.3625103691138,0 74.43086368,14.362566987,0 74.4308649540001,14.3626154170001,0 74.4308687770002,14.3626485540001,0 74.4308649540001,14.362668946,0 74.4308649540001,14.3627008080002,0 74.4308837755455,14.3628051280154,0 74.430631736,14.3628560720001,0 74.429848909,14.3627132020001,0 74.4297722400001,14.3624922400002,0 74.4298108040001,14.3620911390001,0 74.4299046830002,14.361754298,0 74.4296194230002,14.3608804930001,0 74.4290768850001,14.361079535,0 74.429402307,14.361882349,0 74.4288321980002,14.3621858120002,0 74.4284310690001,14.363408559,0 74.4277267730001,14.3630775060001,0 74.427593922,14.363316211,0 74.42760667,14.3636326240002,0 74.4278510710001,14.363851139,0 74.4284183786699,14.3641469955713,0 74.4284271857699,14.3641976744301,0 74.4284295878123,14.3642240968982,0 74.4284211806634,14.3642481173239,0 74.4284175775996,14.3642805448982,0 74.4284295878123,14.3643345908558,0 74.428431989855,14.364361013324,0 74.4284223816847,14.364395842941,0 74.4284175775996,14.3644186623453,0 74.4283839490038,14.364439079707,0 74.4283623306209,14.3644558940049,0 74.4283299030463,14.3645027338349,0 74.4283058826206,14.3645375634519,0 74.428263846876,14.3645735940903,0 74.4282218111311,14.3645964134944,0 74.4281713682375,14.3646156298349,0 74.4280943965466,14.3646186682994,0 74.4275787850001,14.363925647,0</coordinates></LinearRing></outerBoundaryIs></Polygon></MultiGeometry>
  </Placemark>
  <Placemark>
	<name>Shedikuli, 2.5 ha</name>
	<description>&lt;html xmlns:fo=&quot;http://www.w3.org/1999/XSL/Format&quot; xmlns:msxsl=&quot;urn:schemas-microsoft-com:xslt&quot;&gt;

&lt;head&gt;

&lt;META http-equiv=&quot;Content-Type&quot; content=&quot;text/html&quot;&gt;

&lt;meta http-equiv=&quot;content-type&quot; content=&quot;text/html; charset=UTF-8&quot;&gt;

&lt;/head&gt;

&lt;body style=&quot;margin:0px 0px 0px 0px;overflow:auto;background:#FFFFFF;&quot;&gt;

&lt;table style=&quot;font-family:Arial,Verdana,Times;font-size:12px;text-align:left;width:100%;border-collapse:collapse;padding:3px 3px 3px 3px&quot;&gt;

&lt;tr style=&quot;text-align:center;font-weight:bold;background:#9CBCE2&quot;&gt;

&lt;td&gt;Shedikuli, 2.5 ha&lt;/td&gt;

&lt;/tr&gt;

&lt;tr&gt;

&lt;td&gt;

&lt;table style=&quot;font-family:Arial,Verdana,Times;font-size:12px;text-align:left;width:100%;border-spacing:0px; padding:3px 3px 3px 3px&quot;&gt;

&lt;tr&gt;

&lt;td&gt;FID&lt;/td&gt;

&lt;td&gt;22&lt;/td&gt;

&lt;/tr&gt;

&lt;tr bgcolor=&quot;#D4E4F3&quot;&gt;

&lt;td&gt;Name&lt;/td&gt;

&lt;td&gt;Shedikuli, 2.5 ha&lt;/td&gt;

&lt;/tr&gt;

&lt;tr&gt;

&lt;td&gt;Shape_Leng&lt;/td&gt;

&lt;td&gt;0.00707&lt;/td&gt;

&lt;/tr&gt;

&lt;tr bgcolor=&quot;#D4E4F3&quot;&gt;

&lt;td&gt;Village_Name&lt;/td&gt;

&lt;td&gt;HONAVAR&lt;/td&gt;

&lt;/tr&gt;

&lt;/table&gt;

&lt;/td&gt;

&lt;/tr&gt;

&lt;/table&gt;

&lt;/body&gt;

&lt;/html&gt;

</description>
	<Style><LineStyle><color>ff0000ff</color></LineStyle><PolyStyle><fill>0</fill></PolyStyle></Style>
	<ExtendedData><SchemaData schemaUrl="#3361_plot_polygons_1__restorati">
		<SimpleData name="altitudeMode">clampToGround</SimpleData>
		<SimpleData name="tessellate">-1</SimpleData>
		<SimpleData name="extrude">0</SimpleData>
		<SimpleData name="visibility">-1</SimpleData>
	</SchemaData></ExtendedData>
      <MultiGeometry><Polygon><outerBoundaryIs><LinearRing><coordinates>74.4225495360001,14.324644227,0 74.4225058700001,14.324668908,0 74.4224527110002,14.32470498,0 74.4224185370002,14.324714473,0 74.4223729730002,14.3247030810001,0 74.4223217120001,14.324670806,0 74.4222761470001,14.324668908,0 74.422213496,14.3246651110002,0 74.4220824970001,14.3246100530001,0 74.421991367,14.3245493000001,0 74.421979976,14.324482851,0 74.421955295,14.3244372870001,0 74.4218946166007,14.3243890438795,0 74.4222280370001,14.3243658830001,0 74.422923047,14.324588323,0 74.422835770818,14.324655419784,0 74.4227621720001,14.3246613140001,0 74.4227223030001,14.324668908,0 74.4226672450002,14.3246821980001,0 74.4226387670001,14.3246632120001,0 74.422600797,14.3246423280002,0 74.4225495360001,14.324644227,0</coordinates></LinearRing></outerBoundaryIs></Polygon><Polygon><outerBoundaryIs><LinearRing><coordinates>74.4212952616143,14.3244306824781,0 74.421281315,14.3244524750002,0 74.421226258,14.3244847500001,0 74.4211655050001,14.3245132280001,0 74.4209889410002,14.3245891690001,0 74.4209338830001,14.3246233430001,0 74.420903507,14.3246575170001,0 74.420852246,14.3247125740001,0 74.4207592180001,14.324767632,0 74.420662393,14.3247885150001,0 74.4205446840001,14.324792313,0 74.4204231780002,14.3247885150001,0 74.4203621887487,14.324759612627,0 74.4202221740001,14.324197123,0 74.4209552470001,14.3241736680001,0 74.4212952616143,14.3244306824781,0</coordinates></LinearRing></outerBoundaryIs></Polygon><Polygon><outerBoundaryIs><LinearRing><coordinates>74.4217730360002,14.3244999380001,0 74.4218698610001,14.3245436040002,0 74.421892643,14.3245758800002,0 74.421940107,14.3246233430001,0 74.4219951640001,14.3246632120001,0 74.4220824970001,14.3247277620001,0 74.4222078000001,14.324858761,0 74.422204003,14.324908123,0 74.422177424,14.3249366010001,0 74.4221204680001,14.3249764700001,0 74.4220635120002,14.325022035,0 74.4219192230001,14.325092281,0 74.42176734,14.325147338,0 74.4216819060001,14.3251568310002,0 74.4215452120001,14.3251985990001,0 74.421478763,14.325225178,0 74.4213610540002,14.3252289750001,0 74.4212794170001,14.32522328,0 74.4211882870002,14.3251929030001,0 74.421100955,14.325170121,0 74.4210610850001,14.3251397440001,0 74.4210003320002,14.3250865850001,0 74.4209182800348,14.3250696175042,0 74.42088461,14.32504475,0 74.4208386112102,14.3250241137095,0 74.4208104790002,14.3249593840001,0 74.4208104790002,14.324930906,0 74.4208275660001,14.324902428,0 74.4208427540001,14.3248492690001,0 74.420859841,14.3248150950001,0 74.4208940140001,14.3247790230002,0 74.4210534910001,14.3246632120001,0 74.4211427220001,14.3246100530001,0 74.421266127,14.3245568940002,0 74.4214313000001,14.3245132280001,0 74.4215566030001,14.324482851,0 74.4216876020002,14.3244733590001,0 74.4217730360002,14.3244999380001,0</coordinates></LinearRing></outerBoundaryIs></Polygon><Polygon><outerBoundaryIs><LinearRing><coordinates>74.42185532,14.3258721540001,0 74.4213914650906,14.3254190817074,0 74.4214306160001,14.325409564,0 74.4214792190001,14.325409564,0 74.421525391,14.3254156390001,0 74.4215739930001,14.3254241450001,0 74.4216104450001,14.3254265750001,0 74.4216505420001,14.3254277900001,0 74.421677274,14.3254180690001,0 74.42170036,14.3254047040002,0 74.4217343820002,14.3254010590001,0 74.4217550380001,14.325409564,0 74.4217744790002,14.3254326500002,0 74.4217890590002,14.3254484460001,0 74.421812146,14.3254569510002,0 74.421830371,14.3254569510002,0 74.421842522,14.3254423710002,0 74.421851028,14.3254314350002,0 74.4218619630001,14.325410779,0 74.421876544,14.325380403,0 74.4218850490001,14.3253536710001,0 74.4218959850001,14.3253220800001,0 74.42190692,14.3252917030001,0 74.4219372970002,14.3252661870002,0 74.4219773940002,14.3252528210001,0 74.4220223510001,14.3252418850001,0 74.4220896539784,14.3252290115928,0 74.4219510660001,14.3253355530001,0 74.42185532,14.3258721540001,0</coordinates></LinearRing></outerBoundaryIs></Polygon></MultiGeometry>
  </Placemark>
  <Placemark>
	<name>Tudibele 2, 4 ha.</name>
	<description>&lt;html xmlns:fo=&quot;http://www.w3.org/1999/XSL/Format&quot; xmlns:msxsl=&quot;urn:schemas-microsoft-com:xslt&quot;&gt;

&lt;head&gt;

&lt;META http-equiv=&quot;Content-Type&quot; content=&quot;text/html&quot;&gt;

&lt;meta http-equiv=&quot;content-type&quot; content=&quot;text/html; charset=UTF-8&quot;&gt;

&lt;/head&gt;

&lt;body style=&quot;margin:0px 0px 0px 0px;overflow:auto;background:#FFFFFF;&quot;&gt;

&lt;table style=&quot;font-family:Arial,Verdana,Times;font-size:12px;text-align:left;width:100%;border-collapse:collapse;padding:3px 3px 3px 3px&quot;&gt;

&lt;tr style=&quot;text-align:center;font-weight:bold;background:#9CBCE2&quot;&gt;

&lt;td&gt;Tudibele 2, 4 ha.&lt;/td&gt;

&lt;/tr&gt;

&lt;tr&gt;

&lt;td&gt;

&lt;table style=&quot;font-family:Arial,Verdana,Times;font-size:12px;text-align:left;width:100%;border-spacing:0px; padding:3px 3px 3px 3px&quot;&gt;

&lt;tr&gt;

&lt;td&gt;FID&lt;/td&gt;

&lt;td&gt;23&lt;/td&gt;

&lt;/tr&gt;

&lt;tr bgcolor=&quot;#D4E4F3&quot;&gt;

&lt;td&gt;Name&lt;/td&gt;

&lt;td&gt;Tudibele 2, 4 ha.&lt;/td&gt;

&lt;/tr&gt;

&lt;tr&gt;

&lt;td&gt;Shape_Leng&lt;/td&gt;

&lt;td&gt;0.017547&lt;/td&gt;

&lt;/tr&gt;

&lt;tr bgcolor=&quot;#D4E4F3&quot;&gt;

&lt;td&gt;Village_Name&lt;/td&gt;

&lt;td&gt;JESTAPURA&lt;/td&gt;

&lt;/tr&gt;

&lt;/table&gt;

&lt;/td&gt;

&lt;/tr&gt;

&lt;/table&gt;

&lt;/body&gt;

&lt;/html&gt;

</description>
	<Style><LineStyle><color>ff0000ff</color></LineStyle><PolyStyle><fill>0</fill></PolyStyle></Style>
	<ExtendedData><SchemaData schemaUrl="#3361_plot_polygons_1__restorati">
		<SimpleData name="altitudeMode">clampToGround</SimpleData>
		<SimpleData name="tessellate">-1</SimpleData>
		<SimpleData name="extrude">0</SimpleData>
		<SimpleData name="visibility">-1</SimpleData>
	</SchemaData></ExtendedData>
      <MultiGeometry><Polygon><outerBoundaryIs><LinearRing><coordinates>74.3870675410002,14.480706046,0 74.387005613,14.4807210590001,0 74.3869436860002,14.4807435780001,0 74.3868697360001,14.4807569820002,0 74.3868090120002,14.4807700490001,0 74.3867744230001,14.4807639000001,0 74.3867436770002,14.4807400710001,0 74.3866883330001,14.4806870340001,0 74.3866668110001,14.480660131,0 74.3866414460002,14.480630922,0 74.3866160800001,14.4806024820002,0 74.3865461330002,14.480560975,0 74.3864975166072,14.4805382724784,0 74.3877835760002,14.4799071080002,0 74.3886541880001,14.4791941780002,0 74.3892045510001,14.4789872820001,0 74.389037488,14.4788441130001,0 74.3890824220002,14.4787539660002,0 74.3895669040001,14.4786273710001,0 74.3896612060001,14.4780303450001,0 74.3896792900002,14.4779047810002,0 74.390803627,14.4778467360001,0 74.3907669540001,14.4772914390001,0 74.3911750260002,14.477338601,0 74.3915088390002,14.4776968080001,0 74.3908457510001,14.4781547460001,0 74.3895287100001,14.479000327,0 74.3886708950001,14.4797427020001,0 74.387645347,14.4804848800001,0 74.3872341350541,14.4806901914349,0 74.387165124,14.480683527,0 74.3870675410002,14.480706046,0</coordinates></LinearRing></outerBoundaryIs></Polygon><Polygon><outerBoundaryIs><LinearRing><coordinates>74.3864761850001,14.4805940270001,0 74.386565589,14.480657105,0 74.386636449,14.4807039450001,0 74.3866940980001,14.4807483820002,0 74.3867241240001,14.480784413,0 74.3867517470002,14.4808384590001,0 74.38675535,14.4808877010001,0 74.3867265260001,14.4809429480001,0 74.3866804370781,14.4810015582597,0 74.3862418050001,14.4813331010001,0 74.3848106430002,14.4820269740001,0 74.38633931,14.48061592,0 74.3864280746158,14.4805723546038,0 74.3864761850001,14.4805940270001,0</coordinates></LinearRing></outerBoundaryIs></Polygon></MultiGeometry>
  </Placemark>
</Folder>
</Document></kml>
