<?xml version="1.0" encoding="utf-8" ?>
<kml xmlns="http://www.opengis.net/kml/2.2">
<Document id="root_doc">
<Schema name="id4004_pa20240927" id="id4004_pa20240927">
	<SimpleField name="OBJECTID" type="float"></SimpleField>
	<SimpleField name="area_ha" type="float"></SimpleField>
</Schema>
<Folder><name>id4004_pa20240927</name>
  <Placemark>
	<name>ID4004_PA2024.09.27</name>
	<Style><LineStyle><color>ff0000ff</color></LineStyle><PolyStyle><fill>0</fill></PolyStyle></Style>
	<ExtendedData><SchemaData schemaUrl="#id4004_pa20240927">
		<SimpleData name="OBJECTID">1</SimpleData>
		<SimpleData name="area_ha">10.73</SimpleData>
	</SchemaData></ExtendedData>
      <MultiGeometry><Polygon><outerBoundaryIs><LinearRing><coordinates>-86.3692624452466,12.1118396794646,0 -86.3692654766637,12.1118362383311,0 -86.3693077690091,12.1118019591158,0 -86.3693646033893,12.1117537146705,0 -86.3693647285369,12.1117003913039,0 -86.3693280378177,12.1116682402988,0 -86.3693219346223,12.1116801837372,0 -86.3693215416628,12.1116808176495,0 -86.3693210487061,12.1116813798963,0 -86.3693204686536,12.1116818551341,0 -86.3693198171592,12.1116822298344,0 -86.3693191126229,12.111682494996,0 -86.3693183725238,12.1116826425203,0 -86.3692723978127,12.1116880206819,0 -86.3692589242837,12.1117091258197,0 -86.369258608059,12.1117095627731,0 -86.3692582404668,12.1117099598212,0 -86.3692578270358,12.1117103106468,0 -86.369239106208,12.1117244137631,0 -86.3692094676661,12.1117548269945,0 -86.3691995575524,12.1117920906902,0 -86.3691966082437,12.111820446763,0 -86.369196459402,12.1118212177765,0 -86.3691961764816,12.1118219514096,0 -86.3691957687229,12.1118226259807,0 -86.3691952490399,12.1118232207205,0 -86.3691946321783,12.1118237175771,0 -86.3691715466355,12.1118392585201,0 -86.3691456854835,12.1118631821667,0 -86.369122446146,12.111890211647,0 -86.3691220610956,12.111890607751,0 -86.3691216302105,12.1118909558239,0 -86.3691211599404,12.111891248646,0 -86.36909565965,12.1119051138849,0 -86.3690786699996,12.1119259126053,0 -86.3690781863609,12.1119264197117,0 -86.3690776293936,12.1119268470745,0 -86.369060703989,12.1119378950768,0 -86.3690231177149,12.1119846170091,0 -86.3690226110345,12.111985153,0 -86.3690220218573,12.1119856001836,0 -86.3690213676664,12.1119859486528,0 -86.3690206650265,12.1119861884981,0 -86.3690199323289,12.1119863143356,0 -86.3690191888843,12.1119863207836,0 -86.3690184530672,12.1119862096924,0 -86.3689949868211,12.111980719793,0 -86.3689764143534,12.1119872001377,0 -86.3689530332655,12.1120033607257,0 -86.3689403624619,12.1120281553294,0 -86.3689402793896,12.1120283115811,0 -86.3689402046578,12.1120284380105,0 -86.3689167724499,12.1120671440144,0 -86.3689163769168,12.1120676992477,0 -86.3689159025073,12.1120681891933,0 -86.3689153575155,12.1120686039231,0 -86.3689147566677,12.1120689335234,0 -86.3689141119272,12.1120691707873,0 -86.3688892946058,12.1120762925267,0 -86.3688891125402,12.1120763409437,0 -86.3688665808045,12.112081829322,0 -86.3688530016873,12.1120911369464,0 -86.3688334160922,12.1121103210296,0 -86.3688220995539,12.1121352217954,0 -86.3688165600857,12.1121501054165,0 -86.3688164913629,12.1121793605603,0 -86.3688174486196,12.1122064757961,0 -86.3688137066398,12.1122092217242,0 -86.3682064581679,12.1116496922205,0 -86.3682095353494,12.1116463334928,0 -86.3682711632514,12.1115884351507,0 -86.3682558606726,12.1115320872056,0 -86.3681901663739,12.1115417291926,0 -86.3681519473039,12.1115874801737,0 -86.3681514360598,12.1115880025883,0 -86.3681508469139,12.111588436206,0 -86.3681501936718,12.1115887720153,0 -86.3681494938188,12.1115889992048,0 -86.3681487666633,12.1115891132971,0 -86.3681480296737,12.1115891107147,0 -86.3681473030668,12.1115889915037,0 -86.368144024154,12.1115921643937,0 -86.3677468222066,12.1112261734369,0 -86.3681933241541,12.1105226785996,0 -86.3681979001382,12.1105240020336,0 -86.3682016243519,12.1105256780064,0 -86.3682223463111,12.1105285067501,0 -86.3682230746574,12.1105286666574,0 -86.3682237659804,12.1105289395156,0 -86.368224404671,12.1105293198633,0 -86.3682249714611,12.1105297949969,0 -86.368230793222,12.1105355504349,0 -86.3682312212162,12.1105360406253,0 -86.368231574651,12.1105365839986,0 -86.3682436940144,12.1105587221641,0 -86.3682540572533,12.1105664077289,0 -86.3682632087573,12.1105700348344,0 -86.3682636769101,12.110570251119,0 -86.368264116459,12.1105705170739,0 -86.3682767389711,12.1105791590846,0 -86.3682775148203,12.1105798300186,0 -86.3682970826278,12.1106010166523,0 -86.3683134418191,12.1106064244153,0 -86.3683137989739,12.1106065581575,0 -86.3683259802883,12.1106117276268,0 -86.3683400472633,12.1106083016747,0 -86.3683407532826,12.1106081866295,0 -86.368341469153,12.1106081810246,0 -86.3683421774169,12.1106082839162,0 -86.3683428596996,12.1106084934538,0 -86.368363425917,12.1106165956,0 -86.3683641244198,12.1106169417209,0 -86.3683647528217,12.1106173989089,0 -86.3683652936928,12.1106179544642,0 -86.3683657314514,12.1106185911701,0 -86.3683660523518,12.1106192927184,0 -86.3683662481744,12.1106200373874,0 -86.3683663125378,12.1106208034599,0 -86.3683662751127,12.1106367259557,0 -86.3683752054664,12.1106433484375,0 -86.3684081382074,12.1106489811024,0 -86.3684088692472,12.1106491681438,0 -86.3684095595817,12.1106494708405,0 -86.3684101899322,12.1106498810101,0 -86.3684107437876,12.1106503859552,0 -86.3684112055515,12.1106509747888,0 -86.3684115633201,12.1106516293983,0 -86.3684118079444,12.1106523325814,0 -86.3684119311964,12.1106530662339,0 -86.3684119303684,12.110653809551,0 -86.3684118064258,12.1106545426409,0 -86.3684115621703,12.11065524652,0 -86.3684112031643,12.1106559004024,0 -86.3684010393375,12.1106712789856,0 -86.3683991908499,12.1106855633238,0 -86.3683990810995,12.1106861228239,0 -86.3683989385329,12.1106865692143,0 -86.3683900690225,12.1107099690031,0 -86.3683996051978,12.1107215745473,0 -86.3684343027837,12.1107207546594,0 -86.368434424088,12.1107207531269,0 -86.368452903039,12.1107207951809,0 -86.3684536821444,12.1107208629665,0 -86.3684544388936,12.1107210591091,0 -86.3684551503235,12.1107213790351,0 -86.3684557962409,12.1107218127513,0 -86.3684563582969,12.1107223475563,0 -86.3684568199845,12.1107229689438,0 -86.368457167562,12.110723658797,0 -86.3684573909723,12.1107243953901,0 -86.3684604119725,12.110738679959,0 -86.3684781398907,12.1107372671226,0 -86.368489646549,12.1107268633296,0 -86.3684900314009,12.1107265513241,0 -86.3684904492347,12.1107262818949,0 -86.3685021355068,12.1107196095738,0 -86.3685028595004,12.1107192757331,0 -86.3685036309772,12.1107190704083,0 -86.3685044269486,12.110718999877,0 -86.3685052235203,12.1107190649894,0 -86.3685059958808,12.1107192656888,0 -86.3685196005618,12.1107240811978,0 -86.3685202303061,12.1107243584365,0 -86.3685208111363,12.1107247250878,0 -86.3685213292873,12.1107251729817,0 -86.3685217728363,12.110725692144,0 -86.3685343787875,12.1107429528089,0 -86.368534750466,12.1107435540973,0 -86.3685350218653,12.1107442039887,0 -86.3685351875059,12.1107448880021,0 -86.3685352437544,12.1107455880437,0 -86.3685351878902,12.1107462887344,0 -86.3685332141775,12.1107587262467,0 -86.3685330637985,12.1107593688484,0 -86.3685328179178,12.1107599822957,0 -86.3685240825402,12.110777925058,0 -86.3685296223761,12.1107875149047,0 -86.3685494986475,12.1107916375355,0 -86.3685705488009,12.1107826887399,0 -86.3685711852213,12.1107824713519,0 -86.368571847151,12.1107823480673,0 -86.3685725198828,12.110782320661,0 -86.3685731896304,12.1107823900059,0 -86.3686004093185,12.1107872392023,0 -86.3686011100487,12.1107874198443,0 -86.3686017719349,12.1107877061988,0 -86.3686023802867,12.1107880928067,0 -86.3686029176699,12.1107885687769,0 -86.3686033721657,12.1107891223267,0 -86.3686036322352,12.1107895099507,0 -86.3686120985932,12.1108015823761,0 -86.3686124519038,12.1108021791012,0 -86.3686127086173,12.1108028217248,0 -86.3686128623352,12.110803495764,0 -86.368612910339,12.1108041849354,0 -86.3686128499121,12.1108048720515,0 -86.3686091723049,12.1108271614474,0 -86.3686132558982,12.1108338940683,0 -86.3686289236824,12.1108390732659,0 -86.3686599205924,12.1108461194107,0 -86.3686728192435,12.110830327453,0 -86.3686746018935,12.1108057287325,0 -86.368661686455,12.1107895525067,0 -86.3686465298862,12.1107807338384,0 -86.3685889986293,12.1107677503983,0 -86.3685882511629,12.1107675144887,0 -86.3685875554439,12.1107671566191,0 -86.3685869316656,12.1107666867822,0 -86.3685675221498,12.1107492966998,0 -86.3685671160286,12.1107488834235,0 -86.3685667669942,12.1107484223503,0 -86.3685664796222,12.1107479216289,0 -86.3685562565374,12.1107271216055,0 -86.3685187487317,12.1107080346002,0 -86.3685183880667,12.1107078303163,0 -86.3685183008992,12.1107077740525,0 -86.3685008220932,12.110696249909,0 -86.3685002047904,12.1106957620011,0 -86.3684996814488,12.1106951766446,0 -86.3684992676502,12.1106945110564,0 -86.3684989771296,12.1106937860661,0 -86.3684988162709,12.1106930224869,0 -86.3684987923724,12.1106922429422,0 -86.3684989044599,12.1106914709412,0 -86.3684991497234,12.1106907290845,0 -86.3684995207584,12.1106900399624,0 -86.3685083051406,12.1106766612189,0 -86.3685084535892,12.1106764490507,0 -86.3685086830744,12.1106761647243,0 -86.3685203850875,12.1106627926196,0 -86.3685205242065,12.1106626401127,0 -86.3685208493145,12.1106623333969,0 -86.3685344964673,12.1106506377334,0 -86.368530271641,12.1106261881149,0 -86.3685223925101,12.1106129369368,0 -86.3684998012162,12.11061370933,0 -86.3684860418152,12.110619988997,0 -86.3684855000692,12.1106201966531,0 -86.3684669901579,12.1106259021417,0 -86.3684662932281,12.1106260597091,0 -86.3684655790935,12.1106261087238,0 -86.3684648661349,12.110626048323,0 -86.3684641718102,12.1106258794509,0 -86.3684635117306,12.1106256066645,0 -86.3684629024221,12.1106252363312,0 -86.3684623594855,12.1106247775294,0 -86.3684536268337,12.1106161443792,0 -86.3684535269095,12.110616041968,0 -86.3684531493692,12.1106155889683,0 -86.3684387128648,12.1105956031524,0 -86.3684285795729,12.1105839148652,0 -86.3684073520852,12.1105838665546,0 -86.3684066023735,12.1105838042616,0 -86.368405873159,12.11058362265,0 -86.3684051837288,12.1105833262853,0 -86.3684045524446,12.1105829224435,0 -86.3683919321766,12.1105733237142,0 -86.3683915268196,12.110572976452,0 -86.3683911647591,12.1105725840743,0 -86.3683908524147,12.1105721520213,0 -86.3683792246294,12.1105539422731,0 -86.3683789235929,12.1105533908808,0 -86.3683787035102,12.1105528025972,0 -86.3683743519025,12.1105381198283,0 -86.3683510617605,12.1105230575618,0 -86.3682921313321,12.1104958700488,0 -86.3682348203052,12.1104569982609,0 -86.3680593483587,12.1103012171573,0 -86.3680621870993,12.1102976462856,0 -86.3680801576066,12.1102759048836,0 -86.3680768478594,12.1102527269541,0 -86.3680768058112,12.1102522412594,0 -86.3680768170656,12.1102517538776,0 -86.3680793245259,12.1102194595725,0 -86.3680793480479,12.1102192263216,0 -86.3680793918631,12.1102189605627,0 -86.3680828962232,12.1102007997273,0 -86.3680811436371,12.1101938345812,0 -86.368066786222,12.1101840049083,0 -86.368066201971,12.1101835306389,0 -86.3680657052274,12.1101829679493,0 -86.3680653088202,12.1101823322413,0 -86.3680650246552,12.1101816407235,0 -86.3680648591182,12.1101809133047,0 -86.3680648167592,12.1101801689849,0 -86.3680649002883,12.1101794276646,0 -86.3680651068997,12.110178710136,0 -86.3680654301162,12.110178035374,0 -86.3680658607038,12.1101774223476,0 -86.368076789204,12.1101643396783,0 -86.3680842593498,12.110154933175,0 -86.3680831779713,12.1101278755279,0 -86.3680831893469,12.1101273366023,0 -86.3680832659585,12.1101268014424,0 -86.3680868643277,12.1101093036588,0 -86.3680869240343,12.1100839115828,0 -86.3680834179739,12.1100676238278,0 -86.368083326739,12.1100669526435,0 -86.368083337521,12.1100662753615,0 -86.3680834521216,12.1100656073588,0 -86.3680836659121,12.1100649630932,0 -86.3680839751806,12.1100643579291,0 -86.3680843725459,12.1100638045096,0 -86.3681014390768,12.1100435069921,0 -86.3681019779285,12.1100429665546,0 -86.3681026010971,12.110042522163,0 -86.3681032901761,12.1100421855308,0 -86.3681040267633,12.1100419665633,0 -86.3681210548335,12.1100384162422,0 -86.3681211568823,12.1100383965804,0 -86.3681213683207,12.1100383617948,0 -86.3681268672194,12.1100376011545,0 -86.3681348178366,12.1100083169326,0 -86.3681377636861,12.1099806851931,0 -86.3681378726432,12.1099800723386,0 -86.3681380670146,12.1099794795727,0 -86.3681383412592,12.1099789186386,0 -86.3681507920174,12.1099574142447,0 -86.3681510935791,12.1099569600778,0 -86.3681514483498,12.1099565440119,0 -86.3681518508011,12.1099561723644,0 -86.3681600018333,12.109949519136,0 -86.3681435516029,12.1099398574203,0 -86.368130327162,12.1099410101112,0 -86.368105312881,12.1099600642344,0 -86.3680908927197,12.1099741888256,0 -86.3680905713367,12.1099744747509,0 -86.3680903770903,12.109974623515,0 -86.3680720754759,12.1099878991902,0 -86.3680681043551,12.1100072073999,0 -86.3680687629666,12.1100303792931,0 -86.3680687644834,12.110030515843,0 -86.368068753684,12.1100308097098,0 -86.3680664880554,12.110063822565,0 -86.36806639462,12.110064477956,0 -86.3680662038242,12.1100651132312,0 -86.3680659212154,12.1100657139346,0 -86.3680655523393,12.1100662665146,0 -86.3680541090884,12.1100809748132,0 -86.3680427076921,12.1101032845931,0 -86.368025244403,12.1101516184367,0 -86.3680191613131,12.1101741519277,0 -86.3680190289375,12.1101745630741,0 -86.3680118346999,12.1101936414896,0 -86.3680193254235,12.1101977594622,0 -86.3680199309909,12.1101981569163,0 -86.3680204646705,12.1101986437305,0 -86.3680209136293,12.1101992063114,0 -86.3680212668697,12.110199831974,0 -86.3680215152407,12.1102005044204,0 -86.3680216523479,12.110201207359,0 -86.3680216745582,12.1102019226959,0 -86.3680203969129,12.1102282379817,0 -86.3680203135559,12.1102289060556,0 -86.3680201310026,12.1102295531051,0 -86.3680141155034,12.1102460081726,0 -86.3680124649134,12.1102535045206,0 -86.3680116674789,12.110258886794,0 -86.3679288589531,12.1101853709617,0 -86.3681044895669,12.1098775756493,0 -86.3681224888168,12.109883460999,0 -86.3681266124199,12.109897788774,0 -86.3681410413849,12.1099076674375,0 -86.3681413349322,12.1099078860376,0 -86.3681514699589,12.1099160847173,0 -86.3681670331525,12.1099008405121,0 -86.3681704465182,12.1098842465866,0 -86.368170652174,12.1098835444284,0 -86.3681709707612,12.1098828841243,0 -86.3681713930499,12.1098822828345,0 -86.368171907977,12.1098817559066,0 -86.3681725026431,12.1098813177798,0 -86.368173161401,12.1098809792699,0 -86.3681738658484,12.1098807502819,0 -86.3681746003507,12.1098806362062,0 -86.3681753428492,12.1098806388008,0 -86.3681760749609,12.1098807598326,0 -86.368191647435,12.109884628532,0 -86.3682056467554,12.1098509406641,0 -86.3682036527153,12.1098086980593,0 -86.3681780927033,12.109816373283,0 -86.3681577851012,12.1098268935749,0 -86.3681575919014,12.1098269880845,0 -86.3681573416999,12.1098270942201,0 -86.368140443379,12.1098337013096,0 -86.3681330540096,12.1098275172891,0 -86.3682801206827,12.1095697811053,0 -86.3680726188617,12.1094078095419,0 -86.3681885775712,12.1092520353138,0 -86.3682624425769,12.1091489300256,0 -86.368300929602,12.1092009170333,0 -86.3683877742779,12.1092383095731,0 -86.3684260656685,12.1092312221441,0 -86.3684855262223,12.1091820831638,0 -86.3684763533663,12.1091234241793,0 -86.3684725266616,12.1091043649804,0 -86.3684724446216,12.1091036911043,0 -86.368472465515,12.1091030120366,0 -86.3684725893034,12.1091023440545,0 -86.3684728141151,12.1091017016221,0 -86.3684731334834,12.1091010991933,0 -86.3684967801833,12.1090637030967,0 -86.3684639762492,12.109024061633,0 -86.3684317539006,12.1089868142171,0 -86.3684313288733,12.1089862354143,0 -86.3684310013932,12.1089855971509,0 -86.3684307796904,12.1089849166269,0 -86.368430670159,12.1089842101341,0 -86.3684306755156,12.1089834948599,0 -86.3684307947965,12.108982789792,0 -86.3684310261235,12.1089821121075,0 -86.368431362107,12.1089814780666,0 -86.3684458491965,12.1089587846371,0 -86.3684633206693,12.1089217597149,0 -86.368463666695,12.1089211537296,0 -86.3684641026359,12.1089206076313,0 -86.3684646183561,12.1089201331529,0 -86.3684652018819,12.1089197420226,0 -86.3684658394081,12.1089194432519,0 -86.3685111024227,12.108902319682,0 -86.3685113415408,12.1089022370322,0 -86.3685116973995,12.1089021392752,0 -86.3685678879921,12.1088891089193,0 -86.3685552619347,12.108856580328,0 -86.3685551697364,12.108856318781,0 -86.3685377922271,12.1088017284819,0 -86.3685376294038,12.108801019155,0 -86.3685375833253,12.1088002929123,0 -86.3685376567038,12.10879956875,0 -86.3685378467401,12.1087988647473,0 -86.3685381497116,12.1087982007899,0 -86.3685385563907,12.1087975931339,0 -86.36853905755,12.1087970580353,0 -86.3685396393757,12.1087966081227,0 -86.3685402862161,12.1087962560204,0 -86.3685409833472,12.1087960107376,0 -86.3685417105374,12.1087958785584,0 -86.3685424493997,12.1087958630581,0 -86.3685935141796,12.1087988512272,0 -86.3685939560758,12.1087988992551,0 -86.3686216637298,12.108803268473,0 -86.3686223654058,12.1088034355527,0 -86.3686230309948,12.1088037083511,0 -86.3686236448899,12.1088040805029,0 -86.3686241924094,12.1088045429318,0 -86.368624659797,12.1088050838509,0 -86.3686250351383,12.1088056896689,0 -86.3686253101969,12.1088063458985,0 -86.3686254767408,12.1088070362439,0 -86.3686255311346,12.1088077435155,0 -86.3686254525115,12.1088412125933,0 -86.3686436762289,12.1088532285398,0 -86.368678316712,12.1088464926721,0 -86.3686790290741,12.1088464138114,0 -86.3686797448549,12.1088464443765,0 -86.3686804475137,12.1088465843298,0 -86.3686811186802,12.1088468300123,0 -86.3686817436664,12.1088471750608,0 -86.3686823068695,12.1088476113011,0 -86.3686827936101,12.1088481287529,0 -86.3686831919717,12.1088487147289,0 -86.36868349372,12.1088493538378,0 -86.3686918455651,12.1088714246368,0 -86.3687082124384,12.1088876059965,0 -86.3687222920783,12.1088959619291,0 -86.3687226829385,12.1088962205382,0 -86.3687230433825,12.1088965179623,0 -86.3687408610785,12.1089127776755,0 -86.3687646994323,12.1089154398392,0 -86.3687976194173,12.1089060722026,0 -86.3688128375428,12.1088898116629,0 -86.3688128753125,12.1088897719604,0 -86.3688130761029,12.1088895752838,0 -86.368837914553,12.1088666774931,0 -86.3688648072265,12.1088416520759,0 -86.3688508250448,12.108810185656,0 -86.3688246852406,12.1087979274593,0 -86.368824239202,12.1087976868105,0 -86.3687749601953,12.1087675806375,0 -86.3687412927283,12.1087524703918,0 -86.3687406301127,12.1087521053637,0 -86.3687400375781,12.108751637407,0 -86.3687395307167,12.1087510792169,0 -86.368739125112,12.1087504471062,0 -86.368738830834,12.1087497573745,0 -86.3687386551898,12.1087490290286,0 -86.3687311805381,12.1087001283929,0 -86.3687127875231,12.1086944655472,0 -86.3687127296728,12.10869444733,0 -86.3687124606487,12.1086943517686,0 -86.3686811243081,12.1086820781227,0 -86.3686804524164,12.1086817501489,0 -86.3686798432542,12.1086813192297,0 -86.3686793142558,12.1086807962562,0 -86.3686788782543,12.1086801948218,0 -86.3686785471556,12.1086795321348,0 -86.3686652885719,12.1086463456009,0 -86.3686446770859,12.1086325364608,0 -86.3686387892496,12.1086314505902,0 -86.3686352969166,12.1086284793166,0 -86.3686744212105,12.1085738674339,0 -86.3688250912789,12.1086985912778,0 -86.3688227698714,12.1087025774963,0 -86.3688225864395,12.1087024260643,0 -86.3688226508492,12.1087027815932,0 -86.368835206451,12.1087355840109,0 -86.3688616857846,12.108750391243,0 -86.3688622151997,12.108750736978,0 -86.3688626911553,12.1087511513169,0 -86.3688631044813,12.1087516261001,0 -86.3688634469284,12.1087521522662,0 -86.3688759623658,12.1087746683916,0 -86.368896195611,12.108782463185,0 -86.368936518161,12.1087967385195,0 -86.3689394448915,12.1087932528396,0 -86.3689734557581,12.1088214071959,0 -86.3689700695339,12.1088245120333,0 -86.3689492212321,12.1088504961779,0 -86.3689491189205,12.1088506279704,0 -86.368948859051,12.1088509384523,0 -86.3689287007712,12.1088761808447,0 -86.3689394325133,12.1089081100971,0 -86.3689607870817,12.108919730737,0 -86.3689918264041,12.108915277187,0 -86.3690231953094,12.1089070435827,0 -86.3690237147551,12.1089069389627,0 -86.3690242423331,12.1089068931394,0 -86.3690617872296,12.1089057866475,0 -86.3690676081138,12.1089052545981,0 -86.369079006701,12.1089028724082,0 -86.3691013978781,12.1088847237409,0 -86.3691018664005,12.1088843902218,0 -86.3691023724548,12.1088841182792,0 -86.3691189238726,12.1088764993517,0 -86.3691192062652,12.1088763806284,0 -86.3691415942342,12.1088678182364,0 -86.3691418489887,12.1088677292916,0 -86.3691420071577,12.1088676817243,0 -86.3691760678212,12.1088581891308,0 -86.3691763997449,12.1088581094042,0 -86.3692045398898,12.1088524465464,0 -86.3692364529924,12.108844911355,0 -86.3692716502216,12.1088347015246,0 -86.3693046937395,12.108812231975,0 -86.3693145781937,12.1087737013052,0 -86.3692926654992,12.108740289861,0 -86.3692706913839,12.1087185652076,0 -86.3692701827748,12.1087179681303,0 -86.3692697855432,12.1087172917295,0 -86.3692543016194,12.1086847168832,0 -86.3692542458489,12.1086845955828,0 -86.369237650296,12.1086468104534,0 -86.3692360360497,12.1086415809431,0 -86.369317423922,12.1085423501027,0 -86.3693227834416,12.1085430142677,0 -86.3693409521949,12.1085479133501,0 -86.3693852899544,12.1085353930343,0 -86.3694054345077,12.1085226305607,0 -86.3694059580462,12.1085223478058,0 -86.3694061043091,12.1085222830299,0 -86.3694316593362,12.1085115747138,0 -86.36943224425,12.1085113743879,0 -86.3694328519526,12.1085112527862,0 -86.3694334695724,12.1085112125923,0 -86.3694497015865,12.1085112494681,0 -86.3694796355954,12.108479673047,0 -86.3694982904448,12.1084465825538,0 -86.3694972428404,12.1084011481729,0 -86.3694724643822,12.1083605176842,0 -86.3694698023081,12.1083565644486,0 -86.3696253396213,12.1081669291122,0 -86.3698817993277,12.1084172477462,0 -86.3698853589591,12.1084205239004,0 -86.3698822763379,12.1084238763078,0 -86.3698457458756,12.1084685480714,0 -86.369857639611,12.1084685750739,0 -86.3698584334071,12.1084686456014,0 -86.3698592029992,12.1084688490033,0 -86.369859924508,12.1084691797998,0 -86.369860577738,12.1084696289021,0 -86.3698611415858,12.1084701826982,0 -86.3698616004718,12.108470823067,0 -86.3698619397335,12.1084715327938,0 -86.3698621502365,12.1084722883467,0 -86.3698622237593,12.1084730689085,0 -86.3698621594402,12.1084738500617,0 -86.3698596942907,12.108488199933,0 -86.3698595393535,12.1084888289611,0 -86.3698592944288,12.1084894288479,0 -86.3698589650557,12.1084899887547,0 -86.3698585576963,12.108490496036,0 -86.3698580806443,12.1084909407637,0 -86.3698378275709,12.1085072767451,0 -86.3698237423565,12.1085263748399,0 -86.3698283328993,12.1085391157363,0 -86.3698448173137,12.1085467319448,0 -86.3698453294313,12.1085470089134,0 -86.3698455578871,12.1085471622556,0 -86.3698674030392,12.1085627636829,0 -86.3698679533173,12.1085632261157,0 -86.3698684234638,12.1085637670391,0 -86.3698688006435,12.108564373764,0 -86.3698690766198,12.1085650318032,0 -86.3698692440815,12.1085657239586,0 -86.3698692984742,12.1085664330387,0 -86.3698692518463,12.1085863216988,0 -86.3698723719673,12.1086018598159,0 -86.3698992617123,12.1086176228042,0 -86.3699062721168,12.1086047590384,0 -86.3699075600749,12.1085806230734,0 -86.3699033883831,12.1085640390285,0 -86.3699032678886,12.1085633035742,0 -86.3699032714733,12.1085625584544,0 -86.3699034000094,12.1085618235654,0 -86.3699036488536,12.1085611196951,0 -86.3699040124498,12.1085604649164,0 -86.3699044797264,12.1085598781943,0 -86.369919570376,12.1085438641688,0 -86.36991309967,12.1085342650007,0 -86.3699061410652,12.1085273857078,0 -86.3699056645137,12.1085268330142,0 -86.3699052846132,12.1085262109105,0 -86.3699050105087,12.1085255384071,0 -86.3699048485987,12.1085248299872,0 -86.369904804348,12.1085241064616,0 -86.3699048777164,12.1085233850115,0 -86.3699050686614,12.1085226837226,0 -86.3699053697871,12.1085220215679,0 -86.369914162404,12.1085062446355,0 -86.3699145635427,12.1085056469118,0 -86.3699150554947,12.1085051181196,0 -86.3699156262819,12.108504671796,0 -86.3699162611717,12.1085043205675,0 -86.3699169445233,12.1085040725371,0 -86.369917659781,12.1085039339972,0 -86.3699183876387,12.108503908521,0 -86.3699191106368,12.108503996069,0 -86.3699198104009,12.1085041947909,0 -86.3699314046371,12.108508502883,0 -86.3699530481294,12.1085156569529,0 -86.3699683763757,12.1085198080361,0 -86.3699845220123,12.1085198446846,0 -86.3699860228626,12.1085193561622,0 -86.3699899665105,12.1085167951456,0 -86.3702216592873,12.1087300233288,0 -86.3702190654002,12.1087338280854,0 -86.3702135065643,12.1087346899124,0 -86.3702134486503,12.1087346988238,0 -86.3701744717662,12.1087402485754,0 -86.3701701365511,12.1087487335581,0 -86.3701731308135,12.1087646566109,0 -86.3701949140608,12.1087808094852,0 -86.3702239745492,12.108783164162,0 -86.3702246938068,12.1087832797335,0 -86.370225384321,12.1087835046578,0 -86.3702260304786,12.1087838352825,0 -86.370226615762,12.1087842616227,0 -86.3702271254916,12.1087847736984,0 -86.3702275459152,12.1087853579139,0 -86.3702278669563,12.1087860006822,0 -86.3702327046596,12.1087979816329,0 -86.3702329217384,12.1087986766136,0 -86.3702330202155,12.1087993966451,0 -86.3702352301187,12.1088390679664,0 -86.3702491673477,12.1088486108222,0 -86.3702497589346,12.1088490923379,0 -86.3702502602541,12.108849664077,0 -86.3702506575604,12.1088503097311,0 -86.3702567082746,12.1088622861995,0 -86.3702651783556,12.1088790536146,0 -86.3702654442503,12.1088797007791,0 -86.3702656062272,12.1088803811663,0 -86.3702656588149,12.1088810766781,0 -86.3702656029664,12.1088817728481,0 -86.3702654378051,12.1088824515888,0 -86.3702651688806,12.1088830975399,0 -86.3702602843811,12.1088926564683,0 -86.3702602354573,12.1088927504026,0 -86.3702500508648,12.1089115752332,0 -86.3702532431924,12.1089253293635,0 -86.370258022321,12.1089407401205,0 -86.37025813706,12.1089411870959,0 -86.3702582021574,12.1089416420972,0 -86.3702604905095,12.1089658747986,0 -86.370269340643,12.1089824170055,0 -86.3702999507366,12.1089760353108,0 -86.3703254384824,12.1089701239738,0 -86.3703261518313,12.1089700161741,0 -86.37032687319,12.1089700196192,0 -86.370327584182,12.1089701333631,0 -86.3703282691896,12.1089703555618,0 -86.3703428432479,12.1089763704474,0 -86.3703434976723,12.108976702899,0 -86.3703440893761,12.1089771346794,0 -86.3703446036861,12.1089776530952,0 -86.370345025927,12.1089782463574,0 -86.3703453469474,12.1089788981684,0 -86.3703538113103,12.1090004636856,0 -86.370353983741,12.1090009966986,0 -86.3703540872135,12.1090015458322,0 -86.3703541199091,12.1090021029438,0 -86.3703540683771,12.109024099474,0 -86.3703585874678,12.1090375428275,0 -86.3703751114963,12.1090737714667,0 -86.3703939924248,12.1090936026898,0 -86.3703940840852,12.1090937023687,0 -86.370430677963,12.1091345485793,0 -86.3704559268057,12.1091400107416,0 -86.3704729944119,12.1091344546651,0 -86.3704736977905,12.1091342880641,0 -86.3704744192895,12.1091342318266,0 -86.3704751405258,12.1091342877194,0 -86.370475844044,12.1091344538943,0 -86.3704765123927,12.1091347266946,0 -86.370477128127,12.1091350997509,0 -86.3704776774885,12.1091355621806,0 -86.3704900755944,12.1091478189,0 -86.3705100347284,12.1091522309446,0 -86.3705337303425,12.1091511190677,0 -86.370534248613,12.1091511238603,0 -86.3705348411498,12.1091512002595,0 -86.3705517500142,12.1091545681723,0 -86.3705626475868,12.1091503065923,0 -86.3705633667017,12.1091500911956,0 -86.3705641112715,12.1091499934133,0 -86.3705648619922,12.1091500159143,0 -86.3705751936806,12.1091511696968,0 -86.3705888226317,12.1091491379384,0 -86.3706035832591,12.1091335671299,0 -86.3706041670726,12.109133052109,0 -86.3706048315088,12.1091326412634,0 -86.3706055563194,12.1091323481113,0 -86.3706063221898,12.1091321798431,0 -86.3706071061318,12.1091321427368,0 -86.3706078842531,12.1091322367381,0 -86.3706086345036,12.1091324599884,0 -86.3706093366815,12.109132806112,0 -86.3706099678389,12.1091332642054,0 -86.3706105105477,12.1091338206649,0 -86.3706109492222,12.1091344600825,0 -86.370627907004,12.1091644212125,0 -86.3706282297128,12.1091651372309,0 -86.3706284218313,12.1091658963588,0 -86.3706342851137,12.1092021993761,0 -86.3706432226636,12.1092179197787,0 -86.3706631726386,12.1092148660435,0 -86.3706639630494,12.1092148135789,0 -86.37066475039,12.109214894941,0 -86.3706650984819,12.1092149744028,0 -86.3706781161746,12.1092185080111,0 -86.3706784614823,12.1092185992222,0 -86.3706791868371,12.1092188585872,0 -86.3706798567807,12.1092192353831,0 -86.3706804520427,12.1092197178106,0 -86.3706809561143,12.109220292268,0 -86.3706813534117,12.1092209424431,0 -86.3706815262666,12.1092212946005,0 -86.3706939067736,12.1092457825834,0 -86.3707032584479,12.1092416251024,0 -86.3707037403995,12.109241442626,0 -86.3707041275188,12.1092413377028,0 -86.3707189633335,12.1092380037963,0 -86.3707490547047,12.1092153347666,0 -86.3707561044843,12.1092025208033,0 -86.3707584743352,12.109198635957,0 -86.3708796462912,12.1092819960373,0 -86.3708777209202,12.1092863964284,0 -86.3708598161062,12.1092911892268,0 -86.3708597826391,12.1093054858422,0 -86.3708674011711,12.1093233210756,0 -86.3708676019926,12.1093238957496,0 -86.3708677218992,12.1093244910387,0 -86.3708726355188,12.1093617640023,0 -86.3708836684225,12.1093829157411,0 -86.3708963076098,12.1093981896733,0 -86.3709092494206,12.1094109838466,0 -86.3709093456781,12.1094110826315,0 -86.3709188966337,12.1094211146769,0 -86.3709276009495,12.109417925111,0 -86.3709391654456,12.1094129777743,0 -86.3709397908296,12.1094127621642,0 -86.3709404417321,12.1094126370401,0 -86.3709411034438,12.1094126050815,0 -86.3709417630997,12.1094126662592,0 -86.370954886889,12.109414849099,0 -86.3709553920388,12.1094149632791,0 -86.370955880523,12.1094151307741,0 -86.3709674288469,12.1094198411265,0 -86.3709852571113,12.1094198815329,0 -86.3709990838408,12.1094185519256,0 -86.3710169005142,12.1094125507986,0 -86.3710212183261,12.1094103179656,0 -86.3712502315798,12.1096178965619,0 -86.3712476762337,12.1096217267354,0 -86.3712247950802,12.1096289860142,0 -86.3712247517599,12.1096475019858,0 -86.371226352405,12.1096644554661,0 -86.3712380947425,12.1096683370213,0 -86.3712387566503,12.1096686143267,0 -86.3712393659502,12.1096689891755,0 -86.3712399088772,12.1096694533976,0 -86.3712403707559,12.1096699952044,0 -86.3712407424266,12.1096706019151,0 -86.3712410119811,12.1096712572256,0 -86.3712411748607,12.1096719457529,0 -86.3712430902232,12.1096843911982,0 -86.371243141865,12.1096850993677,0 -86.3712430804819,12.1096858054726,0 -86.3712429079476,12.1096864941442,0 -86.3712426279804,12.1096871473055,0 -86.3712422470485,12.1096877495984,0 -86.3712274143866,12.1097074022044,0 -86.3712402353333,12.1097302354238,0 -86.3712553680289,12.1097461308058,0 -86.3712557492402,12.1097465874274,0 -86.3712560660202,12.1097470891171,0 -86.3712563128764,12.1097476268195,0 -86.371266946205,12.1097754051192,0 -86.3712671567721,12.1097761353515,0 -86.3712672404689,12.1097768897119,0 -86.3712671945892,12.1097776464916,0 -86.3712670200986,12.1097783857987,0 -86.3712667234804,12.109779085945,0 -86.3712663112137,12.1097797270509,0 -86.3712657971248,12.1097802910622,0 -86.371265193196,12.1097807626334,0 -86.3712645178355,12.109781129146,0 -86.3712637894517,12.1097813779819,0 -86.3712402487948,12.1097873263675,0 -86.37123414785,12.1098144672169,0 -86.3712369161296,12.1098366726969,0 -86.3712369506564,12.1098372334297,0 -86.3712369465745,12.1098374070426,0 -86.3712359161227,12.109862287824,0 -86.3712358271311,12.1098630110476,0 -86.3712356214917,12.1098637095914,0 -86.3712353038372,12.1098643671887,0 -86.3712348833993,12.1098649657749,0 -86.3712343703222,12.1098654900001,0 -86.371216814937,12.109880774182,0 -86.3711949406894,12.1098995219228,0 -86.3711939783419,12.1099388885444,0 -86.3712266091083,12.109957718179,0 -86.3712271577653,12.1099580901775,0 -86.37122764652,12.1099585352871,0 -86.3712280634453,12.1099590453421,0 -86.37124357231,12.1099810925007,0 -86.371243825912,12.1099814963848,0 -86.3712439082504,12.1099816530121,0 -86.371251598184,12.1099968750242,0 -86.3712695154722,12.1100001231025,0 -86.3712956117586,12.1099910182322,0 -86.3712957377503,12.1099909769207,0 -86.3712957874089,12.1099909616604,0 -86.3713109543476,12.1099863344473,0 -86.3713279154807,12.1099775995292,0 -86.3713379505006,12.1099606344271,0 -86.3713437946912,12.109950148052,0 -86.3713441479027,12.1099496108046,0 -86.3713445754234,12.109949127078,0 -86.3713450680363,12.1099487086072,0 -86.3713456146994,12.1099483616971,0 -86.3713632981139,12.1099388425921,0 -86.3713665941104,12.1099251990231,0 -86.3713656998211,12.1099115170255,0 -86.3713657163221,12.1099107484236,0 -86.3713658651204,12.1099099927812,0 -86.3713661415663,12.1099092735992,0 -86.3713665382639,12.1099086098508,0 -86.3713670432184,12.1099080223073,0 -86.3713748417681,12.1099003834194,0 -86.3713754540394,12.1098998811215,0 -86.3713761441602,12.1098994902264,0 -86.3713768937242,12.1098992224483,0 -86.3713776779033,12.1098990849652,0 -86.3714072986847,12.1098965025114,0 -86.3714149193366,12.1098824156917,0 -86.3714153546167,12.1098817574563,0 -86.3714158981368,12.1098811826599,0 -86.3714165351517,12.1098807093549,0 -86.3714172454128,12.1098803510595,0 -86.3714385048007,12.1098718492268,0 -86.3714495741737,12.1098664341388,0 -86.3714503479982,12.1098518642976,0 -86.371434587099,12.1098354176995,0 -86.3714321051903,12.1098337807543,0 -86.3714315089727,12.1098333127946,0 -86.3714309993488,12.1098327536986,0 -86.3714305900667,12.1098321188703,0 -86.3714302948681,12.1098314264262,0 -86.3714301192222,12.1098306953689,0 -86.371430069515,12.1098299456069,0 -86.371430145698,12.1098291979386,0 -86.3714303477225,12.1098284731622,0 -86.3714306681904,12.1098277911554,0 -86.3714430237851,12.1098063930904,0 -86.3714444619572,12.1098000944091,0 -86.3714477490658,12.1097969278253,0 -86.3718543472883,12.1101654687247,0 -86.3718517231725,12.1101692354483,0 -86.3718450231876,12.110176693267,0 -86.3718535623679,12.1101800765224,0 -86.3718541681865,12.1101803690723,0 -86.3718547241858,12.1101807456076,0 -86.3718552175176,12.110181198865,0 -86.3718556381012,12.1101817170661,0 -86.3718663069983,12.110197063362,0 -86.3718820290486,12.110219929345,0 -86.371899238785,12.1102271048861,0 -86.3718998693475,12.1102274264289,0 -86.3719004408844,12.1102278391706,0 -86.3719009414728,12.110228333137,0 -86.3719125806737,12.1102417582204,0 -86.3719129864911,12.1102423035164,0 -86.3719133048846,12.1102429019671,0 -86.3719135285345,12.1102435399918,0 -86.3719136528778,12.110244204016,0 -86.3719142558139,12.1102496618161,0 -86.3719354201399,12.110254711296,0 -86.3719361657472,12.1102549571394,0 -86.371936856854,12.1102553240333,0 -86.3719374751047,12.1102558019889,0 -86.3719380012376,12.1102563755898,0 -86.3719384196666,12.1102570294282,0 -86.3719387194088,12.110257744489,0 -86.3719388913256,12.110258499049,0 -86.3719389299541,12.1102592713929,0 -86.3719388335113,12.1102600380055,0 -86.3719339177282,12.1102829956346,0 -86.3719337343054,12.1102836255038,0 -86.3719334599837,12.1102842226132,0 -86.3719331003085,12.110284773411,0 -86.3719326635735,12.1102852679689,0 -86.3719164456914,12.1103011538566,0 -86.3719030554036,12.1103217547373,0 -86.3719025871689,12.110322358642,0 -86.3719020217274,12.1103228764199,0 -86.3719013756561,12.1103232927358,0 -86.371890664871,12.1103290106829,0 -86.3718899979557,12.1103293021607,0 -86.3718892926965,12.1103294859423,0 -86.3718885674828,12.1103295575477,0 -86.3718878388596,12.1103295152059,0 -86.3718871261246,12.1103293589606,0 -86.3718647729789,12.1103226094495,0 -86.3718641000035,12.1103223483974,0 -86.3718634768897,12.1103219852744,0 -86.3718629201529,12.1103215309692,0 -86.371862441714,12.1103209963601,0 -86.3718620553296,12.110320393234,0 -86.3718541373852,12.1103055939248,0 -86.3718387020103,12.1102996467943,0 -86.3718207166472,12.1102968109498,0 -86.3718200158819,12.1102966447844,0 -86.3718193502856,12.1102963719933,0 -86.3718187354634,12.1102959998462,0 -86.3718181879352,12.1102955374232,0 -86.3718177214574,12.1102949965111,0 -86.3718173451878,12.110294390695,0 -86.3718170710388,12.1102937344703,0 -86.3718169044859,12.1102930441264,0 -86.3718168491668,12.1102923359487,0 -86.3718168916729,12.1102741518454,0 -86.3718169549624,12.1102734159034,0 -86.3718171385863,12.110272700128,0 -86.3718174388266,12.1102720225964,0 -86.3718178464475,12.1102714031818,0 -86.3718183513066,12.1102708563299,0 -86.3718311005219,12.1102591494209,0 -86.3718264539143,12.11025225732,0 -86.3718036122343,12.1102461505469,0 -86.3717917530764,12.1102470207498,0 -86.3717912917397,12.1102470323655,0 -86.371790831432,12.1102469969608,0 -86.3717752755227,12.1102450482875,0 -86.3717746242935,12.1102449193096,0 -86.3717739990081,12.110244699058,0 -86.371773411602,12.1102443920811,0 -86.3717675636281,12.1102407770893,0 -86.3717572240114,12.1102445661345,0 -86.3717580179705,12.1102661893055,0 -86.3717579915631,12.1102668719784,0 -86.3717578595053,12.1102675426564,0 -86.3717576273466,12.1102681859794,0 -86.3717572987966,12.1102687874872,0 -86.3717568821575,12.1102693336344,0 -86.3717563866504,12.1102698108777,0 -86.3717437192867,12.1102803089439,0 -86.3717436796963,12.1102803414084,0 -86.3717432351028,12.1102806596134,0 -86.371731574015,12.1102879985884,0 -86.3717308112545,12.1103009859628,0 -86.3717416858685,12.1103124542652,0 -86.3717697742543,12.1102987121833,0 -86.3717703822497,12.1102984666907,0 -86.3717710185272,12.1102983089775,0 -86.371771672051,12.1102982426358,0 -86.3717723281181,12.1102982676323,0 -86.3717729738613,12.1102983848421,0 -86.3718069930464,12.1103070751321,0 -86.3718076725261,12.1103073054534,0 -86.371808306739,12.110307637856,0 -86.3718088810052,12.1103080623598,0 -86.3718093806409,12.1103085707927,0 -86.3718097937314,12.1103091495637,0 -86.3718101102024,12.1103097841815,0 -86.3718103218192,12.1103104592546,0 -86.3718151356242,12.1103315254445,0 -86.37181523696,12.1103322038852,0 -86.3718152326009,12.1103328893208,0 -86.371815122585,12.1103335654744,0 -86.371814909703,12.1103342178839,0 -86.3718145995043,12.1103348311889,0 -86.3717989777944,12.1103606356753,0 -86.3717985380381,12.1103612432614,0 -86.3717980028981,12.1103617710548,0 -86.3717973861945,12.110362203714,0 -86.371778824697,12.1103731062175,0 -86.3717695141095,12.1103871937429,0 -86.3717703422776,12.1103981148182,0 -86.371770355252,12.1103984611874,0 -86.3717703511704,12.1103986348003,0 -86.3717693811598,12.1104220516898,0 -86.371775821757,12.1104316055364,0 -86.37180822198,12.1104535760592,0 -86.3718256681306,12.1104563274905,0 -86.3718258123449,12.1104563531368,0 -86.3718263872583,12.1104565009317,0 -86.3718424444242,12.110461808335,0 -86.3718611177891,12.1104557295189,0 -86.371875735602,12.1104485789914,0 -86.3718925779693,12.1104320814173,0 -86.37190802182,12.1104131743833,0 -86.3719082604571,12.1104129045432,0 -86.3719086914463,12.1104125094433,0 -86.3719183428099,12.1104047752628,0 -86.3719218516175,12.1103936460712,0 -86.3719221196505,12.1103929874565,0 -86.3719224886547,12.1103923769972,0 -86.3719229494027,12.1103918309496,0 -86.3719234917546,12.1103913628548,0 -86.3719351824079,12.11038277603,0 -86.3719357907098,12.1103823994169,0 -86.3719364502462,12.1103821196779,0 -86.371937146295,12.1103819449182,0 -86.3719378613879,12.1103818787155,0 -86.3719385780587,12.1103819237429,0 -86.3719392797729,12.1103820772503,0 -86.3719399472391,12.1103823364811,0 -86.3719728957044,12.1103981762919,0 -86.3719921495804,12.110397318294,0 -86.3719929315297,12.1103973490005,0 -86.3719936957149,12.1103975098834,0 -86.371994421932,12.1103977954713,0 -86.3720116872978,12.11040633931,0 -86.3720256917858,12.110411543491,0 -86.3720677098208,12.1104016046576,0 -86.3720851558298,12.1103808194288,0 -86.3720886941976,12.1103778803808,0 -86.3724914501033,12.1107429365658,0 -86.3724693718628,12.1107908036252,0 -86.3723223644128,12.1111095252465,0 -86.3720927474423,12.1116073463409,0 -86.3720886158927,12.1116053629453,0 -86.3720564216973,12.1115686965313,0 -86.3720559709975,12.1115680878342,0 -86.3720556288872,12.1115674133702,0 -86.3720554063473,12.1115666930585,0 -86.3720553079301,12.1115659449949,0 -86.372054184984,12.1115415612135,0 -86.3720453574961,12.1115191801623,0 -86.3720233238649,12.1115101471673,0 -86.3720063387094,12.1115059282353,0 -86.3719939456453,12.1115150307197,0 -86.3719847749576,12.1115262583237,0 -86.3719715495859,12.1115486174999,0 -86.3719715219056,12.1115486653642,0 -86.371960563918,12.1115677326607,0 -86.3719602688059,12.1115681814207,0 -86.371947687738,12.1115849825307,0 -86.3719465521453,12.1116143727287,0 -86.3719672347889,12.1116262177009,0 -86.3719673944609,12.1116263139162,0 -86.3719676889746,12.1116265144289,0 -86.371990389914,12.1116433492717,0 -86.3720103413806,12.1116401236379,0 -86.3720108083263,12.1116400722463,0 -86.3720110968956,12.1116400638565,0 -86.3720239823159,12.111640093017,0 -86.3720401204724,12.1116367285348,0 -86.3720820138055,12.1116196763479,0 -86.3720863670216,12.1116211809759,0 -86.3719786488911,12.1118547184104,0 -86.3714260781981,12.1120591732084,0 -86.3714233560266,12.1120553491656,0 -86.3714246640533,12.1120477308445,0 -86.3714162510986,12.1120320071306,0 -86.371383374309,12.1120416319758,0 -86.3713827389883,12.1120417716045,0 -86.3713820891783,12.1120418198679,0 -86.3713814386609,12.1120417777015,0 -86.3713808012182,12.1120416460409,0 -86.3713801887942,12.1120414258174,0 -86.3713692581173,12.1120366165013,0 -86.371368602814,12.1120362632513,0 -86.3713680139095,12.1120358097764,0 -86.3713675079174,12.1120352678697,0 -86.3713670976689,12.112034652029,0 -86.3713598311355,12.1120214692288,0 -86.3713595331063,12.1120208075239,0 -86.3713593472812,12.1120201062848,0 -86.3713592763708,12.1120193854118,0 -86.3713593240105,12.1120186620945,0 -86.3713594883181,12.1120179553187,0 -86.3713656119158,12.1119988282661,0 -86.371365858704,12.1119982175309,0 -86.3713661917757,12.1119976485882,0 -86.3713666055918,12.1119971322767,0 -86.37136709185,12.1119966821418,0 -86.3713676385893,12.1119963044865,0 -86.3713857382708,12.1119856731604,0 -86.3713893096364,12.111983175487,0 -86.3713546358966,12.1119540902992,0 -86.371338928786,12.1119507414269,0 -86.3713208798354,12.1119483313179,0 -86.3713201285179,12.1119481677494,0 -86.3713194160817,12.1119478821909,0 -86.3713187608845,12.1119474837269,0 -86.3713181840366,12.1119469832566,0 -86.3713176992904,12.1119463943754,0 -86.3713173213089,12.1119457342978,0 -86.371317060156,12.1119450220367,0 -86.3713169240579,12.1119442766004,0 -86.3713169157225,12.1119435187936,0 -86.3713192842967,12.1119119086719,0 -86.3713060679959,12.1118969752657,0 -86.3712886580307,12.1119069995682,0 -86.3712879496631,12.1119073316431,0 -86.3712871928814,12.1119075397217,0 -86.3712864115929,12.1119076175282,0 -86.3712856287733,12.1119075642105,0 -86.3712848664752,12.1119073807228,0 -86.3712841467426,12.1119070716364,0 -86.37128349069,12.1119066460419,0 -86.3712665017212,12.111893448445,0 -86.3712664118319,12.1118933768031,0 -86.3712663146142,12.1118932951975,0 -86.3712483157602,12.1118777251896,0 -86.371230770747,12.1118787009423,0 -86.3712025867283,12.1118970988874,0 -86.3712024992974,12.1118971547547,0 -86.3712019776003,12.1118974338997,0 -86.3711872487517,12.1119040831629,0 -86.3711715413093,12.1119256164884,0 -86.3711830509954,12.1119421719313,0 -86.3711833978976,12.1119427614046,0 -86.3711836500469,12.1119433940687,0 -86.3711838037972,12.1119440572554,0 -86.3711838536709,12.1119447355795,0 -86.3711838109445,12.1119629929247,0 -86.3712076884296,12.1119832269774,0 -86.3712077718864,12.1119832986048,0 -86.3712320147506,12.1120048672987,0 -86.3712489385594,12.1120192086662,0 -86.3712494565589,12.1120197243761,0 -86.3712498843284,12.1120203140326,0 -86.3712502099532,12.1120209640445,0 -86.3712504270432,12.1120216563117,0 -86.371250528287,12.1120223736363,0 -86.3712505118869,12.1120230988329,0 -86.3712503778915,12.112023811103,0 -86.3712501300168,12.1120244932738,0 -86.3712497738189,12.1120251272722,0 -86.3712493203609,12.1120256977506,0 -86.3712487788685,12.112026189357,0 -86.3712275301581,12.1120426181207,0 -86.3712285568717,12.1120593984849,0 -86.3712285404249,12.1120601435755,0 -86.3712283999503,12.1120608757251,0 -86.3712281391701,12.112061575048,0 -86.3712277645615,12.112062222569,0 -86.3712272871918,12.1120628011317,0 -86.3712267190477,12.1120632935819,0 -86.3712038705337,12.1120800759095,0 -86.3711980612994,12.1121172250947,0 -86.3711990904554,12.1121329610192,0 -86.3711994149295,12.1121376368895,0 -86.3708337767631,12.1122628712278,0 -86.3706615831489,12.112328725673,0 -86.370659093655,12.1123248270956,0 -86.3706651370085,12.1123050659784,0 -86.3706653228878,12.1123045663324,0 -86.3706655675223,12.1123040912352,0 -86.3706658672194,12.1123036479128,0 -86.3706746470704,12.112292183453,0 -86.3706751132766,12.1122916636443,0 -86.3706756546605,12.1122912190615,0 -86.3706858837076,12.11228406498,0 -86.3706860926322,12.1122839270988,0 -86.3706866198485,12.1122836461587,0 -86.3707033475985,12.1122761469114,0 -86.3707139680576,12.1122650944554,0 -86.3707246557242,12.1122441791548,0 -86.3707250394603,12.1122435587838,0 -86.3707255195267,12.1122430064523,0 -86.3707260830244,12.1122425365996,0 -86.3707267152205,12.1122421618523,0 -86.3707274013888,12.112241892124,0 -86.3707281212997,12.1122417327946,0 -86.3707383368957,12.112240320867,0 -86.3707384600703,12.1122403057735,0 -86.3707550845303,12.1122384553342,0 -86.370757596273,12.1122340309557,0 -86.3707579761998,12.1122334675458,0 -86.3707584368518,12.1122329649057,0 -86.3707589680889,12.1122325365767,0 -86.3707595579479,12.112232189766,0 -86.3707819518295,12.1122212046982,0 -86.3707808243955,12.112200356648,0 -86.3707739669005,12.1121949877521,0 -86.3707734396359,12.1121945045745,0 -86.3707729961754,12.112193944723,0 -86.3707726465911,12.1121933235933,0 -86.3707686555679,12.1121847012632,0 -86.3707683907871,12.1121839690992,0 -86.3707682584148,12.1121832028727,0 -86.3707682602338,12.1121824260991,0 -86.3707683980313,12.1121816604853,0 -86.3707686662385,12.1121809295299,0 -86.3707690583719,12.1121802549209,0 -86.3707695624408,12.1121796556212,0 -86.3707701627786,12.112179150585,0 -86.3707708418916,12.1121787542412,0 -86.3707801584424,12.1121743353463,0 -86.3707792821869,12.1121553190353,0 -86.3707737040217,12.1121385057429,0 -86.3707679613796,12.1121334585864,0 -86.3707599310381,12.1121474323215,0 -86.3707527081166,12.1121650810782,0 -86.3707523757612,12.1121657359285,0 -86.3707519406301,12.1121663281504,0 -86.3707514147013,12.1121668442066,0 -86.370750809953,12.1121672705603,0 -86.3707501438746,12.1121675945911,0 -86.3707494330264,12.1121678081981,0 -86.3707281522387,12.1121724115615,0 -86.3707109302892,12.1121813999456,0 -86.3707003757698,12.1121905879231,0 -86.3706997903023,12.1121910215546,0 -86.3706991407373,12.1121913573785,0 -86.3706984463897,12.112191588204,0 -86.3706977228985,12.1121917068326,0 -86.3706969895678,12.1121917105952,0 -86.3706962656956,12.1121915995355,0 -86.3706955678144,12.1121913773081,0 -86.3706949161324,12.112191047576,0 -86.3706943244084,12.1121906212218,0 -86.3706938100813,12.1121901073278,0 -86.3706933850676,12.112189518581,0 -86.3706839645361,12.112173986078,0 -86.3706615136888,12.1121759435683,0 -86.370647992146,12.1121869794954,0 -86.3706473607354,12.1121874112141,0 -86.370646664336,12.1121877333673,0 -86.3706459241067,12.1121879360559,0 -86.3706451593562,12.1121880148025,0 -86.3706443912264,12.1121879669419,0 -86.3706436426889,12.1121877934307,0 -86.3706429339477,12.1121874997403,0 -86.3706422852027,12.1121870931509,0 -86.3706417138841,12.1121865863618,0 -86.3706412365012,12.1121859929748,0 -86.3706321172899,12.1121724641367,0 -86.3706238068347,12.1121675323268,0 -86.370610503514,12.1121795607436,0 -86.3706099032839,12.1121800196614,0 -86.3706092334555,12.1121803753332,0 -86.370608514271,12.1121806169535,0 -86.370607764124,12.1121807382343,0 -86.3706070032378,12.1121807365084,0 -86.3705924177929,12.1121795070605,0 -86.3705916939378,12.1121793887663,0 -86.3705909988326,12.1121791584065,0 -86.3705903499245,12.1121788214462,0 -86.3705897628145,12.1121783869636,0 -86.3705892540161,12.1121778667521,0 -86.3705888363648,12.1121772735005,0 -86.3705885199351,12.1121766217002,0 -86.3705883120362,12.1121759294534,0 -86.3705882199815,12.1121752130537,0 -86.3705882446454,12.1121744914932,0 -86.3705883850689,12.1121737819509,0 -86.3705945143296,12.1121522622028,0 -86.3705947926392,12.1121515339833,0 -86.3705951939519,12.1121508639168,0 -86.3705957053599,12.1121502700598,0 -86.3705963130326,12.1121497722748,0 -86.3705969985593,12.1121493840845,0 -86.3705977407767,12.1121491171966,0 -86.3706087014805,12.1121462031439,0 -86.370613616689,12.1121310106107,0 -86.370589919346,12.1121280405519,0 -86.3705892956644,12.1121279188678,0 -86.3705886942344,12.112127713136,0 -86.3705881269918,12.112127427905,0 -86.3705708738104,12.1121171884757,0 -86.3705525425905,12.1121160192546,0 -86.3705518508478,12.1121159227359,0 -86.370551182318,12.112115724086,0 -86.3705505516937,12.1121154278598,0 -86.3705420534764,12.1121106240296,0 -86.3705414332529,12.1121102030361,0 -86.37054089136,12.112109688175,0 -86.3705404415521,12.1121090921375,0 -86.3705400975712,12.1121084330405,0 -86.3705398667327,12.1121077262731,0 -86.3705397572585,12.1121069926526,0 -86.3705397709419,12.112106251173,0 -86.3705399077363,12.1121055217282,0 -86.3705401639214,12.1121048232999,0 -86.3705462726467,12.1120916780556,0 -86.3705464295875,12.1120913709559,0 -86.3705467284122,12.1120909077375,0 -86.3705684157906,12.1120614113495,0 -86.3705779547788,12.112040885907,0 -86.3705546914557,12.1120370170701,0 -86.3705539833564,12.1120368418418,0 -86.3705533131881,12.1120365581858,0 -86.3705526965557,12.1120361733718,0 -86.3705521490582,12.1120356973821,0 -86.3705516862899,12.1120351420079,0 -86.3705513183275,12.1120345208362,0 -86.3705510543203,12.1120338510692,0 -86.3705509025025,12.1120331480982,0 -86.3705508646678,12.1120324309173,0 -86.3705509435347,12.1120317158097,0 -86.3705543184522,12.1120142265261,0 -86.3705373035399,12.1119850501761,0 -86.3705266225217,12.111974491069,0 -86.3704942229479,12.1119886943624,0 -86.3704934936363,12.111988944098,0 -86.370492732452,12.1119890698749,0 -86.3704919605369,12.111989069028,0 -86.3704911990288,12.111988940701,0 -86.3704423658997,12.1119764683872,0 -86.3704416478618,12.1119762207936,0 -86.3704409806307,12.1119758602801,0 -86.3704403834829,12.1119753959333,0 -86.370439872011,12.1119748404484,0 -86.3704312946448,12.1119638149801,0 -86.3704098292969,12.1119605162909,0 -86.3703870683366,12.1119783504272,0 -86.3703707868729,12.1119914825326,0 -86.3703616176172,12.1120012795089,0 -86.3703624224161,12.1120127376748,0 -86.370362433608,12.1120130596243,0 -86.3703624133502,12.1120134692178,0 -86.3703604186089,12.1120345190729,0 -86.3703604016992,12.1120346763795,0 -86.3703602993736,12.1120352060561,0 -86.3703573511047,12.1120466982071,0 -86.3703571678548,12.1120472521157,0 -86.3703570671517,12.1120474815746,0 -86.3703453382522,12.112072337164,0 -86.3703450161993,12.1120729088433,0 -86.3703446134,12.1120734287953,0 -86.3703441390694,12.1120738861896,0 -86.3703436015032,12.1120742701936,0 -86.3703263577431,12.1120847207269,0 -86.370332748675,12.1121013441637,0 -86.3703329292612,12.1121019269306,0 -86.3703330271001,12.1121025275954,0 -86.3703330422171,12.1121031353067,0 -86.3703320634957,12.1121258965585,0 -86.3703333029227,12.1121283499733,0 -86.370337250998,12.112126274564,0 -86.3703428163972,12.1121226420351,0 -86.3703475422088,12.1121192598954,0 -86.3703479822845,12.1121165579973,0 -86.3703481511386,12.1121158729352,0 -86.370348425593,12.1121152215712,0 -86.3703487991768,12.1121146201676,0 -86.3703492645045,12.1121140831761,0 -86.3703498077603,12.1121136241297,0 -86.3703504178936,12.1121132529503,0 -86.3703510783377,12.1121129804517,0 -86.3703517743771,12.1121128120262,0 -86.3703751245353,12.1121090371875,0 -86.3703759002685,12.1121089774566,0 -86.3703766756965,12.1121090479415,0 -86.3703774269333,12.1121092458751,0 -86.3703781337767,12.1121095648817,0 -86.3703787760271,12.1121099976812,0 -86.3703793344204,12.1121105297613,0 -86.3703929145385,12.1121258736743,0 -86.3703933762351,12.1121264941546,0 -86.3703937229047,12.112127182195,0 -86.3703939472402,12.112127918789,0 -86.3703940419431,12.112128681313,0 -86.3703940033864,12.1121294489603,0 -86.3703938334609,12.1121301991282,0 -86.3704062173229,12.1121517265147,0 -86.3704068577545,12.1121521511714,0 -86.370407416165,12.1121526760173,0 -86.370407877887,12.1121532856462,0 -86.3704082282579,12.1121539628436,0 -86.3704084599726,12.1121546876987,0 -86.3704085638884,12.1121554402965,0 -86.3704085391349,12.1121561998366,0 -86.3704083848442,12.1121569446143,0 -86.3704081056596,12.1121576538417,0 -86.3704077099004,12.1121583067391,0 -86.3704072095553,12.1121588852482,0 -86.3704066166108,12.1121593722147,0 -86.3704059494733,12.1121597559248,0 -86.3704052265536,12.1121600228561,0 -86.3703922728523,12.1121636331964,0 -86.3703661547244,12.1121803872348,0 -86.3703616230753,12.1121993424433,0 -86.3703613796743,12.1122000752631,0 -86.3703610132576,12.1122007553555,0 -86.3703476267735,12.112221208759,0 -86.3703525572951,12.1122351739116,0 -86.3703703830792,12.1122347830186,0 -86.3704012465926,12.1122141395822,0 -86.3704018511402,12.1122137991356,0 -86.370402501419,12.1122135510294,0 -86.3704031817878,12.1122134033668,0 -86.370403877537,12.112213358827,0 -86.3704045721258,12.1122134173728,0 -86.370405249011,12.1122135798707,0 -86.3704058935042,12.1122138399575,0 -86.3704117220762,12.1122167242753,0 -86.3704123827842,12.1122171236582,0 -86.3704129660592,12.1122176259535,0 -86.3704134544732,12.1122182175574,0 -86.3704138352011,12.1122188812594,0 -86.370414097258,12.1122195989491,0 -86.3704142333411,12.1122203498113,0 -86.3704142389064,12.112221112133,0 -86.3704141149239,12.1122218642138,0 -86.3704138632801,12.1122225852593,0 -86.3704070254075,12.1122378665667,0 -86.3703986060043,12.1122570770047,0 -86.3703985766806,12.1122695912868,0 -86.3704059565252,12.1122869503381,0 -86.3704061910307,12.112287660731,0 -86.3704063032488,12.1122883997835,0 -86.3704062904734,12.1122891457866,0 -86.3704061527468,12.1122898806547,0 -86.370405893798,12.1122905817894,0 -86.3703985004727,12.1123064279163,0 -86.3704110438004,12.1123089259691,0 -86.3704115617718,12.112309060978,0 -86.3704117380695,12.1123091210606,0 -86.370444532922,12.1123211582062,0 -86.3704451589794,12.1123214426667,0 -86.3704457342872,12.1123218156316,0 -86.3704462469182,12.1123222689354,0 -86.3704466849494,12.1123227926038,0 -86.3704470382977,12.1123233757626,0 -86.3704472987288,12.1123240030204,0 -86.3704474607586,12.1123246617048,0 -86.3704510576003,12.1123462026115,0 -86.3704570523347,12.1123821053282,0 -86.3704571131047,12.1123828388382,0 -86.370457052576,12.1123835711687,0 -86.3704568726268,12.1123842851426,0 -86.3704565760605,12.1123849608721,0 -86.37045617303,12.1123855793904,0 -86.3704556736777,12.1123861262519,0 -86.3704550899857,12.1123865861111,0 -86.3704544385249,12.1123869463456,0 -86.3704537367763,12.1123871979522,0 -86.3704530022148,12.1123873346406,0 -86.3704522550677,12.1123873519354,0 -86.3704003917747,12.1123844264679,0 -86.3703997138028,12.1123843354058,0 -86.3703990562786,12.1123841458233,0 -86.3703984348137,12.1123838622774,0 -86.3703978631774,12.1123834911293,0 -86.3703884395958,12.1123763241162,0 -86.3703762802685,12.1123676018612,0 -86.3703663491689,12.1123597609104,0 -86.3703540392666,12.112343531874,0 -86.3703536620343,12.1123429450437,0 -86.3703533795742,12.1123423068845,0 -86.3703532010354,12.1123416345983,0 -86.370353128222,12.1123409426579,0 -86.3703531647693,12.1123402482528,0 -86.3703533088015,12.1123395676559,0 -86.3703535575235,12.1123389171378,0 -86.3703539044688,12.1123383111523,0 -86.370361846722,12.1123266458606,0 -86.3703606111226,12.1122998139357,0 -86.3703386756462,12.1122794829395,0 -86.3703384693604,12.1122792790081,0 -86.3703382897176,12.1122790778501,0 -86.3703164674363,12.1122531884922,0 -86.3703162805268,12.1122529511463,0 -86.3703161751999,12.1122528007966,0 -86.3703075276219,12.1122399720283,0 -86.3702906847725,12.1122177662548,0 -86.3702785751578,12.1122105786741,0 -86.3702381397703,12.1122214567418,0 -86.3702374052113,12.1122215925254,0 -86.3702366571479,12.1122216089133,0 -86.3702359167158,12.1122215059533,0 -86.3702352022896,12.1122212854958,0 -86.3702345340693,12.1122209548208,0 -86.3702339294978,12.1122205212023,0 -86.3702237383716,12.1122118847934,0 -86.3702231855493,12.11221132831,0 -86.370222737688,12.1122106861581,0 -86.3702224085254,12.1122099782631,0 -86.370222208123,12.1122092245419,0 -86.3702221419397,12.1122084485184,0 -86.3702221991385,12.1121840448098,0 -86.3702222437814,12.112164998035,0 -86.3702057706973,12.1121626438782,0 -86.3702050607219,12.1121624849218,0 -86.3702043840829,12.1121622175274,0 -86.3702037591443,12.1121618480665,0 -86.3702032024238,12.1121613865237,0 -86.3702027258423,12.1121608437776,0 -86.370202343152,12.1121602334234,0 -86.3702020625854,12.112159571757,0 -86.370201892377,12.1121588741698,0 -86.37020183616,12.1121581587558,0 -86.3702018980532,12.1121317529792,0 -86.3701975719404,12.1121210391829,0 -86.3701691214208,12.1121209746071,0 -86.3701448269738,12.1121265413789,0 -86.3701440998322,12.1121266491464,0 -86.3701433646915,12.1121266411477,0 -86.3701426399305,12.1121265174246,0 -86.3701419448407,12.1121262807337,0 -86.370141295944,12.112125939251,0 -86.3701407116045,12.1121254993482,0 -86.3701402064956,12.1121249737185,0 -86.3701397925317,12.1121243759532,0 -86.3701394807085,12.1121237196415,0 -86.3701392801708,12.112123023794,0 -86.3701391936374,12.112122304694,0 -86.3701366932423,12.1120556335958,0 -86.370084416603,12.1120773560323,0 -86.3700837700785,12.1120775706878,0 -86.3700830989694,12.1120776885295,0 -86.3700824161471,12.1120777068736,0 -86.3700817390697,12.1120776266641,0 -86.3700810815211,12.1120774479322,0 -86.370080457275,12.1120771752308,0 -86.3700586013796,12.1120656412426,0 -86.3700579315573,12.1120652101884,0 -86.3700573474512,12.112064670815,0 -86.3700568683211,12.1120640394433,0 -86.3700565069854,12.1120633359964,0 -86.3700562753417,12.1120625813,0 -86.3700561806863,12.1120617988818,0 -86.3700562257233,12.1120610113551,0 -86.3700564085552,12.1120602440354,0 -86.3700567236154,12.1120595195171,0 -86.3700684446879,12.112038013381,0 -86.3700688274277,12.1120374264671,0 -86.3700692963977,12.1120369039529,0 -86.3700698423788,12.1120364584775,0 -86.3700704506425,12.1120361008586,0 -86.3700711083024,12.1120358401101,0 -86.3700717978857,12.1120356816177,0 -86.3700725046809,12.1120356289654,0 -86.3700948056169,12.1120356795908,0 -86.3701073579586,12.1120166856246,0 -86.3700801192852,12.1119936044077,0 -86.3700599204104,12.1119816148066,0 -86.3700087380922,12.111986942382,0 -86.3699805459617,12.1120079779683,0 -86.3699749990394,12.1120429212694,0 -86.3699776105813,12.1120692273142,0 -86.3699935217733,12.1120823366337,0 -86.3700254437058,12.1121052928495,0 -86.3700259994836,12.1121057643375,0 -86.3700264723677,12.1121063161183,0 -86.3700268486037,12.1121069355009,0 -86.3700271208802,12.1121076052871,0 -86.3700343616096,12.1121305904692,0 -86.3700344263289,12.1121308148778,0 -86.3700344563678,12.112130937024,0 -86.3700408464118,12.1121589064813,0 -86.3700864429403,12.1121576897437,0 -86.370119775732,12.1121534890649,0 -86.3701204916746,12.1121534545188,0 -86.3701212046017,12.1121535302882,0 -86.370121896143,12.1121537127143,0 -86.3701225506806,12.112153999953,0 -86.3701231526115,12.1121543838303,0 -86.3701236854181,12.1121548543617,0 -86.3701241380984,12.1121554006709,0 -86.3701473451078,12.1121883899852,0 -86.3701661880336,12.1122127534004,0 -86.3701665680433,12.1122133311943,0 -86.3701668542062,12.1122139576065,0 -86.3701670410383,12.1122146199645,0 -86.3701671230619,12.112215302883,0 -86.3701670993963,12.112215990083,0 -86.3701669691606,12.1122166652855,0 -86.3701667369857,12.1122173131282,0 -86.3701564709116,12.1122402585694,0 -86.3701561543336,12.1122408465379,0 -86.3701557524166,12.1122413818644,0 -86.3701552762135,12.1122418537225,0 -86.3701547331034,12.1122422503734,0 -86.3701190585342,12.1122646037074,0 -86.3700869475622,12.1123136477527,0 -86.3701016501194,12.1123154896915,0 -86.3701596249414,12.1122864347119,0 -86.3701766609533,12.112269747795,0 -86.3701772253688,12.1122692788498,0 -86.3701778575657,12.1122689041038,0 -86.3702070677156,12.1122546149387,0 -86.3702077630802,12.1122543425197,0 -86.3702084940165,12.1122541841209,0 -86.3702092412141,12.1122541451242,0 -86.3702099844582,12.1122542245793,0 -86.3702106622156,12.1122544069738,0 -86.370211303899,12.1122546896617,0 -86.3702118939051,12.112255064469,0 -86.3702124193881,12.112255523228,0 -86.3702128665869,12.1122560559603,0 -86.3702132272608,12.1122566499875,0 -86.3702134904184,12.1122572899116,0 -86.3702264348499,12.1122972360741,0 -86.370248375956,12.1123433915556,0 -86.3702719117195,12.112344732667,0 -86.3702724206795,12.1123447916961,0 -86.3703147102592,12.1123520649484,0 -86.3703152980557,12.1123522064459,0 -86.3703158627048,12.112352422042,0 -86.3703163922686,12.1123527080923,0 -86.3703324190119,12.1123627955479,0 -86.3703329804359,12.1123632109827,0 -86.3703334699956,12.1123637058313,0 -86.3703338776124,12.1123642674106,0 -86.3703341941222,12.1123648848487,0 -86.3703344103737,12.1123655418476,0 -86.3703345218083,12.1123662230243,0 -86.3703370713432,12.1123958684369,0 -86.3703535211458,12.1123991449006,0 -86.3703612327687,12.1124047237295,0 -86.3703693987097,12.1124144641872,0 -86.3703811115414,12.1124219619368,0 -86.3703906299184,12.1124274996505,0 -86.3703930964143,12.1124314072208,0 -86.3703300274579,12.1124555277815,0 -86.3703233005896,12.1124587290447,0 -86.3703201780132,12.1124551925488,0 -86.3703178626102,12.1124358284412,0 -86.3702991426487,12.1124162326852,0 -86.3702547054838,12.1124034655689,0 -86.3702291393113,12.1124023133636,0 -86.370201998729,12.1124255740805,0 -86.3701868031933,12.1124564479228,0 -86.3701809586144,12.1124882255678,0 -86.37018768543,12.1125093539948,0 -86.3701920198303,12.1125161423252,0 -86.3701949334699,12.1125198212245,0 -86.3699393774963,12.1126304965731,0 -86.3697752768614,12.1126880349667,0 -86.3696828999749,12.112627420057,0 -86.3698185281458,12.1122100605401,0 -86.3692624452466,12.1118396794646,0</coordinates></LinearRing></outerBoundaryIs><innerBoundaryIs><LinearRing><coordinates>-86.3698358962372,12.1123828782785,0 -86.3698124285687,12.112385024193,0 -86.369798412333,12.1123902914475,0 -86.3697802717764,12.1124136114461,0 -86.3697768217429,12.1124270575055,0 -86.3697721233887,12.1124453693793,0 -86.3697742448409,12.112462388248,0 -86.3697881850455,12.1124793516706,0 -86.369801442958,12.1124823948471,0 -86.3698435985587,12.112473525544,0 -86.3698628944422,12.1124446314629,0 -86.3698685130218,12.1124238141052,0 -86.3698609149256,12.1123968691651,0 -86.3698358962372,12.1123828782785,0</coordinates></LinearRing></innerBoundaryIs><innerBoundaryIs><LinearRing><coordinates>-86.3699710792995,12.1118922129976,0 -86.369954084674,12.1118798897505,0 -86.3699536792727,12.1118795596716,0 -86.3699533153299,12.1118791844728,0 -86.3699392511855,12.111862962288,0 -86.3699219182116,12.1118526747121,0 -86.3698916930279,12.1118393737324,0 -86.3698639525424,12.111857481366,0 -86.369873796118,12.1118838210157,0 -86.369894052064,12.1118859658495,0 -86.3698948364898,12.1118861177414,0 -86.3698955820104,12.1118864015701,0 -86.3698962665944,12.1118868073383,0 -86.3698968691316,12.1118873241468,0 -86.3698973722003,12.111887935679,0 -86.3698977593018,12.1118886238117,0 -86.3698980194598,12.1118893668174,0 -86.3698981453714,12.1118901438808,0 -86.3698981315803,12.1118909305742,0 -86.3698979799815,12.1118917024861,0 -86.369897694304,12.1118924370181,0 -86.3698810520922,12.1119261605669,0 -86.3698810180503,12.111940676916,0 -86.3698810047075,12.1119463666231,0 -86.3698903184116,12.1119513929693,0 -86.3699225688557,12.1119424053033,0 -86.3699232694174,12.1119422676347,0 -86.3699239835109,12.1119422376063,0 -86.3699246927532,12.111942316985,0 -86.3699253806074,12.1119425039245,0 -86.3699260305495,12.1119427911531,0 -86.3699393861897,12.111949998759,0 -86.3699400303065,12.1119504189037,0 -86.3699405933209,12.1119509392395,0 -86.3699410587258,12.1119515452604,0 -86.369948715068,12.1119634467088,0 -86.3699565275973,12.1119663491047,0 -86.3699639897188,12.1119674150139,0 -86.3699837561652,12.1119655156887,0 -86.3699848758579,12.1119355530635,0 -86.3699710792995,12.1118922129976,0</coordinates></LinearRing></innerBoundaryIs><innerBoundaryIs><LinearRing><coordinates>-86.3705833415049,12.1118706933889,0 -86.3705835336002,12.1118706784519,0 -86.3705838221696,12.1118706700636,0 -86.370606191096,12.1118707208015,0 -86.3706063225007,12.1118707229081,0 -86.3706400418373,12.1118717470747,0 -86.3706557965664,12.1118700601511,0 -86.3706625064108,12.1118643105754,0 -86.370663063329,12.1118639031033,0 -86.3706636751826,12.1118635816625,0 -86.3706643300063,12.1118633543645,0 -86.3706650121633,12.1118632275036,0 -86.3706657060272,12.1118632028531,0 -86.3706663950549,12.1118632812797,0 -86.3706670783211,12.1118634654942,0 -86.3706677236734,12.1118637509022,0 -86.3706683173447,12.1118641302382,0 -86.3706688446508,12.1118645953304,0 -86.370669292754,12.1118651343941,0 -86.3706696515758,12.1118657347465,0 -86.3706699119604,12.1118663818982,0 -86.3706778478034,12.1118915768977,0 -86.3706936944848,12.1118824108694,0 -86.3707038732419,12.1118716106098,0 -86.3707047250414,12.1118626140377,0 -86.3707048637408,12.1118618556602,0 -86.3707051319351,12.1118611301305,0 -86.3707106343419,12.1118494683366,0 -86.3707125609264,12.1118202318636,0 -86.3707100659249,12.1118061302676,0 -86.3706948660962,12.1117937550692,0 -86.370694336135,12.1117932465655,0 -86.3706938954956,12.1117926595919,0 -86.3706935570029,12.1117920113587,0 -86.3706933288915,12.1117913172576,0 -86.3706932166304,12.1117905962908,0 -86.370693223851,12.1117898674564,0 -86.3706933495921,12.1117891488379,0 -86.3706935910522,12.1117884594188,0 -86.3706939426754,12.1117878172722,0 -86.3706943933941,12.1117872395543,0 -86.3706949339872,12.1117867398084,0 -86.3706955487986,12.1117863324675,0 -86.3706962212642,12.1117860274412,0 -86.3707144179953,12.1117794774012,0 -86.3707265491553,12.1117731460052,0 -86.3707043679109,12.1117494632138,0 -86.3706918876996,12.111738074424,0 -86.3706914669276,12.1117376367018,0 -86.3706911096855,12.1117371466754,0 -86.3706908214637,12.1117366143044,0 -86.3706906077546,12.1117360486439,0 -86.3706848172918,12.1117168954925,0 -86.3706846736025,12.1117162531268,0 -86.3706846264381,12.1117155956073,0 -86.3706846891985,12.1116887982757,0 -86.3706846971367,12.1116885478077,0 -86.3706856073069,12.1116730694791,0 -86.3706747798769,12.1116598939599,0 -86.3706473174299,12.1116472070042,0 -86.3706053342142,12.1116433553983,0 -86.3706045855765,12.1116432252923,0 -86.3706038684668,12.1116429740841,0 -86.3706032030825,12.1116426099581,0 -86.3705847671386,12.1116304543888,0 -86.3705662141995,12.1116372531944,0 -86.3705645838791,12.1116498524655,0 -86.3705644250177,12.1116505872859,0 -86.3705641440238,12.1116512847537,0 -86.370563750127,12.1116519277086,0 -86.3705632534801,12.1116524971835,0 -86.3705626669845,12.1116529778352,0 -86.3705461073803,12.1116644246455,0 -86.3705455166034,12.1116647714537,0 -86.3705448800932,12.1116650268258,0 -86.3705442116447,12.1116651862715,0 -86.3705280265201,12.1116678027186,0 -86.3704988132736,12.1116936468218,0 -86.370498273807,12.1116940579503,0 -86.3704976775629,12.1116943848519,0 -86.3704715277297,12.1117062593292,0 -86.370460852242,12.1117211937318,0 -86.370478375602,12.111737693215,0 -86.3704788952869,12.1117382731341,0 -86.3704793063522,12.1117389314792,0 -86.3704795968962,12.1117396492334,0 -86.3704902145172,12.1117741264393,0 -86.3704903745247,12.1117748637915,0 -86.3704904086009,12.1117756162309,0 -86.3704903149545,12.1117763638591,0 -86.3704900954722,12.111777085882,0 -86.3704834407788,12.1117938117453,0 -86.3704817917416,12.1118049840172,0 -86.370495275475,12.1118249865639,0 -86.37051285227,12.1118284871223,0 -86.3705130038194,12.1118285200202,0 -86.3705291519222,12.1118322967596,0 -86.3705443224102,12.1118332652955,0 -86.3705450710971,12.1118333746033,0 -86.3705457910171,12.111833603211,0 -86.3705464628872,12.1118339447448,0 -86.3705470692667,12.1118343910267,0 -86.3705475927272,12.111834928453,0 -86.3705480185998,12.1118355425218,0 -86.3705518927951,12.1118422502261,0 -86.3705521534591,12.1118427780134,0 -86.3705523423776,12.1118433345749,0 -86.3705524558983,12.1118439099554,0 -86.3705550719257,12.1118640099251,0 -86.3705666237035,12.1118723862624,0 -86.3705833415049,12.1118706933889,0</coordinates></LinearRing></innerBoundaryIs><innerBoundaryIs><LinearRing><coordinates>-86.3697694965154,12.1117705372422,0 -86.3697513276495,12.1117816539026,0 -86.3697433987337,12.1117923308278,0 -86.3697460402078,12.111801947528,0 -86.369754655429,12.1118085728697,0 -86.3697702794827,12.111809707057,0 -86.3697709289593,12.1118098007687,0 -86.3697715580091,12.111809983958,0 -86.3697721537755,12.1118102529783,0 -86.3697727043228,12.1118106032813,0 -86.3697731986428,12.1118110267032,0 -86.3697781503983,12.1118159228767,0 -86.3697858489227,12.1118168871436,0 -86.3697976052137,12.1118160240308,0 -86.3698019346872,12.111790816173,0 -86.3698020951744,12.1117901726893,0 -86.3698023502449,12.1117895583573,0 -86.3698026934321,12.111788987631,0 -86.3698115963268,12.1117763958398,0 -86.3698038731646,12.1117679133236,0 -86.3697929873197,12.1117639893403,0 -86.3697694965154,12.1117705372422,0</coordinates></LinearRing></innerBoundaryIs><innerBoundaryIs><LinearRing><coordinates>-86.3696167365682,12.1117092344671,0 -86.3696171687001,12.1117087462327,0 -86.3696176668453,12.1117083223522,0 -86.36961822087,12.111707973654,0 -86.3696316110838,12.1117008267926,0 -86.3696322881195,12.1117005326306,0 -86.3696330034898,12.1117003497824,0 -86.3696337397285,12.1117002809209,0 -86.3696344775294,12.1117003296196,0 -86.3696351985156,12.1117004949323,0 -86.3696358824852,12.1117007704832,0 -86.3696365129102,12.1117011508092,0 -86.3696486565352,12.1117098839102,0 -86.3696534341195,12.1117098947629,0 -86.3696512344497,12.1117011526012,0 -86.3696511166248,12.1117004542285,0 -86.3696511118532,12.1116997461654,0 -86.3696512182567,12.1116990455892,0 -86.3696514348739,12.1116983705832,0 -86.3696517561552,12.1116977365076,0 -86.3696521747087,12.111697160527,0 -86.3696526785584,12.1116966552741,0 -86.3696532575663,12.1116962333858,0 -86.3696538951659,12.1116959056758,0 -86.3696709317435,12.1116887670954,0 -86.3696716812504,12.1116885264506,0 -86.3696724617002,12.111688414284,0 -86.3696732491897,12.1116884350627,0 -86.3696832557508,12.1116895510686,0 -86.3696912478111,12.1116872126655,0 -86.3696912628885,12.1116807850689,0 -86.369680898925,12.1116725886339,0 -86.3696808493912,12.1116725505416,0 -86.3696699776348,12.1116641901821,0 -86.3696694210223,12.1116636834246,0 -86.3696689555803,12.1116630936802,0 -86.3696685959758,12.1116624363552,0 -86.3696683504369,12.1116617295539,0 -86.3696682271895,12.1116609922847,0 -86.3696670451034,12.1116466341354,0 -86.3696670303617,12.1116462588252,0 -86.3696670731009,12.1116280394645,0 -86.3696614434834,12.111623400374,0 -86.3696608814613,12.1116228492943,0 -86.3696604234833,12.11162221164,0 -86.3696600842123,12.1116215046257,0 -86.3696598737015,12.1116207517856,0 -86.3696597983346,12.1116199739326,0 -86.3696598598923,12.1116191954862,0 -86.3696600564837,12.1116184390495,0 -86.3696603825441,12.1116177263123,0 -86.36966934574,12.1116021496302,0 -86.3696697210479,12.1116015970626,0 -86.3696701752447,12.1116011043568,0 -86.3696706981969,12.1116006823411,0 -86.3696712770178,12.111600340029,0 -86.3696719015801,12.1116000855361,0 -86.3696938168319,12.111592951706,0 -86.3696945634226,12.1115927788755,0 -86.3696953290227,12.1115927290705,0 -86.3696960915689,12.1115928058579,0 -86.3696968308489,12.1115930073833,0 -86.3696975266628,12.1115933263665,0 -86.3696981578941,12.111593754621,0 -86.3696987080294,12.1115942803537,0 -86.3696991614826,12.1115948881564,0 -86.3697078367233,12.1116088310791,0 -86.3697146729048,12.1116103422878,0 -86.3697275573233,12.111599825825,0 -86.3697280525395,12.1115994751844,0 -86.369747682511,12.1115875787358,0 -86.3697259917589,12.1115726558526,0 -86.3696998312249,12.1115632280794,0 -86.3696991519266,12.1115629199851,0 -86.3696985326056,12.1115625071304,0 -86.3696979897774,12.1115620004042,0 -86.3696975371922,12.1115614143062,0 -86.3696971876813,12.1115607633342,0 -86.3696969503938,12.1115600646901,0 -86.3696968307967,12.1115593382806,0 -86.3696968334423,12.1115586022017,0 -86.3696969564481,12.111557875439,0 -86.3697028103605,12.1115350601562,0 -86.3697016449702,12.1115304293979,0 -86.3696630888462,12.1115346769434,0 -86.3696628553882,12.1115346963073,0 -86.3696622966691,12.1115346959424,0 -86.3696416232732,12.1115334526173,0 -86.3696410417524,12.1115333789538,0 -86.3696408507057,12.1115333387315,0 -86.3696224533702,12.111529035062,0 -86.3696016122962,12.1115463851831,0 -86.3696026514599,12.1115644740722,0 -86.3696026388373,12.111565154063,0 -86.3696025233164,12.1115658238729,0 -86.3696023058502,12.1115664690357,0 -86.3696019938241,12.1115670750995,0 -86.3696015918648,12.1115676285107,0 -86.3696011101123,12.1115681157281,0 -86.3696005596195,12.1115685259255,0 -86.3695761885864,12.1115840359515,0 -86.3695756135239,12.111584343005,0 -86.369575000061,12.1115845667773,0 -86.3695743601545,12.1115847027743,0 -86.3695737075972,12.1115847474101,0 -86.3695730543351,12.1115847007119,0 -86.3695560402151,12.1115822693296,0 -86.3695553375869,12.1115821131012,0 -86.3695546673721,12.1115818502413,0 -86.3695540479346,12.1115814871215,0 -86.3695534939541,12.1115810337223,0 -86.3695530182726,12.1115805000199,0 -86.3695526337234,12.1115798996078,0 -86.3695523494599,12.1115792478796,0 -86.3695521718807,12.1115785593181,0 -86.3695475030511,12.1115517801789,0 -86.3695289302481,12.1115184721896,0 -86.3695162572072,12.1115082214015,0 -86.3695158280737,12.111507823447,0 -86.3695155595493,12.1115075135728,0 -86.369493802732,12.1114800246308,0 -86.3694793234737,12.1114633249251,0 -86.3694647745684,12.1114465436751,0 -86.3694646756007,12.1114464249894,0 -86.3694501295046,12.1114284473811,0 -86.3694497576619,12.1114279148189,0 -86.3694494668007,12.1114273336094,0 -86.3694388288642,12.1114015763072,0 -86.3694272668191,12.1113870263742,0 -86.3693961165304,12.111386955588,0 -86.3693675512956,12.1113950834605,0 -86.3693669141506,12.1113952176547,0 -86.3693662643527,12.1113952613921,0 -86.3693656147669,12.1113952147018,0 -86.3693486006614,12.1113927833074,0 -86.3693478998696,12.111392627987,0 -86.3693472333291,12.1113923660392,0 -86.3693466148048,12.1113920056339,0 -86.3693460617377,12.1113915549492,0 -86.3693455869695,12.1113910239615,0 -86.3693452014936,12.1113904271641,0 -86.3693314834629,12.1113649748353,0 -86.3693312567135,12.1113644851038,0 -86.3693310906674,12.1113639729033,0 -86.3693309871496,12.1113634436636,0 -86.3693262968556,12.1113282013051,0 -86.3693162358067,12.1113060642431,0 -86.3692939739194,12.1112917531327,0 -86.3692659938007,12.1112882469392,0 -86.3692296525083,12.1112857797467,0 -86.3692288661746,12.1112856585942,0 -86.3692281132328,12.1112854054926,0 -86.3692274157182,12.1112850286304,0 -86.3692267947411,12.1112845389071,0 -86.3692262695653,12.1112839508348,0 -86.3692258548535,12.1112832816284,0 -86.3692173847709,12.1112665141839,0 -86.3692171179621,12.1112658652078,0 -86.36921695691,12.1112651830138,0 -86.3692169043312,12.1112644847892,0 -86.3692169620274,12.111263785911,0 -86.3692204957598,12.1112420911956,0 -86.3692129428496,12.1112174676325,0 -86.3691917054904,12.1112075093399,0 -86.3691911530053,12.111207202437,0 -86.3691906475561,12.1112068232985,0 -86.3691712356466,12.1111900309799,0 -86.3691707497542,12.1111895415635,0 -86.369170343971,12.1111889836039,0 -86.369157187791,12.1111676886207,0 -86.3691470584981,12.1111554487553,0 -86.3691090179003,12.1111354509076,0 -86.3691088664704,12.1111353673694,0 -86.369073622812,12.1111151217727,0 -86.3690564947865,12.1111256023328,0 -86.3690559280225,12.1111258976484,0 -86.3690553256109,12.1111261114976,0 -86.3690546976665,12.1111262411907,0 -86.3690540579796,12.111126284046,0 -86.3690333910004,12.1111262370557,0 -86.3690326422038,12.1111261756706,0 -86.3690319129873,12.1111259940606,0 -86.3690312244739,12.1111256976995,0 -86.3690305941043,12.1111252947654,0 -86.3690300383939,12.1111247961472,0 -86.3690295729352,12.1111242145404,0 -86.3690177816637,12.111106722444,0 -86.3689951656045,12.1110867162473,0 -86.3689947594672,12.1110863093016,0 -86.368994408581,12.1110858536503,0 -86.3689847162227,12.1110714761481,0 -86.3689843849274,12.1110708957505,0 -86.3689841428669,12.111070273959,0 -86.3689839973632,12.11106962345,0 -86.3689839502179,12.1110689596004,0 -86.3689840023204,12.1110682950723,0 -86.3689867465486,12.1110505755935,0 -86.3689650535955,12.111054236531,0 -86.3689647732273,12.1110542747775,0 -86.3689428857955,12.1110566177334,0 -86.3689426670431,12.1110566362258,0 -86.3689420706528,12.1110566339653,0 -86.3689272303754,12.111055556677,0 -86.3689145506001,12.1110689310965,0 -86.3689174144517,12.1110812747167,0 -86.3689286139886,12.1110967787658,0 -86.3689390077881,12.111104772736,0 -86.3689391151046,12.1111048579825,0 -86.3689392765132,12.1111049967045,0 -86.3689524612881,12.1111168456415,0 -86.3689668508099,12.1111275172306,0 -86.3689670223396,12.11112765055,0 -86.3689671984217,12.1111278019654,0 -86.3689814732714,12.1111407385172,0 -86.3689996768809,12.111152388167,0 -86.3690107737076,12.1111474552259,0 -86.3690114938307,12.1111472045688,0 -86.3690122458365,12.1111470733495,0 -86.3690130104144,12.1111470669494,0 -86.3690137645889,12.1111471862208,0 -86.3690144881559,12.111147425692,0 -86.3690151618304,12.1111477798934,0 -86.3690157672548,12.1111482397406,0 -86.3690162860822,12.1111487916275,0 -86.3690167045646,12.1111494201501,0 -86.369017011715,12.1111501081022,0 -86.3690171983865,12.1111508373772,0 -86.3690172600352,12.1111515862622,0 -86.3690171982368,12.1111779043198,0 -86.3690171645283,12.1111922597062,0 -86.36901711437,12.111213620521,0 -86.3690331071352,12.1112373454335,0 -86.3690454375731,12.1112506437951,0 -86.369062728045,12.1112566929605,0 -86.3690741669155,12.1112485469795,0 -86.3690748027978,12.1112481677228,0 -86.3690754926491,12.1112478943898,0 -86.369076218076,12.1112477332685,0 -86.3690769606845,12.1112476906472,0 -86.3690777002602,12.1112477655754,0 -86.3690784184264,12.1112479571073,0 -86.3690790949791,12.1112482597711,0 -86.3690797133944,12.111248666295,0 -86.3690802571567,12.1112491657902,0 -86.3690807125137,12.1112497446612,0 -86.3690810657155,12.1112503884081,0 -86.3690813094528,12.1112510789288,0 -86.3690885403054,12.1112786189736,0 -86.3690886645634,12.1112793164568,0 -86.3690886757683,12.1112800236302,0 -86.3690885757961,12.1112807242208,0 -86.3690883646894,12.1112814001431,0 -86.3690880498357,12.1112820360412,0 -86.3690876377058,12.1112826156527,0 -86.3690871393611,12.1112831245343,0 -86.3690865658564,12.1112835509553,0 -86.3690859310013,12.111283884096,0 -86.3690561380696,12.1112967032686,0 -86.3690315837563,12.1113174739377,0 -86.3690324657139,12.111332835158,0 -86.3690497929209,12.1113404614741,0 -86.3690746274885,12.1113283119527,0 -86.3690752925053,12.1113280485104,0 -86.3690759912767,12.1113278900413,0 -86.3690767054153,12.111327840121,0 -86.3690774202159,12.1113278996202,0 -86.3690781154618,12.1113280684929,0 -86.3690787764628,12.1113283412801,0 -86.3690793866905,12.1113287125185,0 -86.3690799296296,12.1113291713191,0 -86.3690932711687,12.1113423616554,0 -86.3690933720102,12.1113424649727,0 -86.3691115634665,12.1113616472501,0 -86.3691120527419,12.1113622614651,0 -86.3691124269776,12.1113629486653,0 -86.3691126751909,12.1113636898358,0 -86.3691127900877,12.1113644605446,0 -86.3691139609083,12.1113836041252,0 -86.3691139463362,12.1113843311342,0 -86.3691138132481,12.111385046118,0 -86.3691135662835,12.1113857300973,0 -86.3691132100753,12.1113863668057,0 -86.3691127547699,12.1113869399891,0 -86.369112212354,12.1113874324934,0 -86.3691115966372,12.1113878334987,0 -86.3690787317437,12.1114057033334,0 -86.3690784566552,12.111405841063,0 -86.3690781742598,12.111405959786,0 -86.369050944392,12.111416373067,0 -86.3690310161032,12.1114335968116,0 -86.3690164304769,12.1114489029672,0 -86.3690322516867,12.1114760330125,0 -86.3690455239751,12.1114831039235,0 -86.3690670994138,12.1114798017138,0 -86.3690678696147,12.1114797492081,0 -86.3690686376803,12.111479823297,0 -86.3690820237962,12.1114822500771,0 -86.3690827722584,12.1114824543378,0 -86.369083474489,12.111482779667,0 -86.3690841112135,12.1114832160739,0 -86.3690846631597,12.1114837526633,0 -86.3690851165837,12.1114843722224,0 -86.3690854568208,12.1114850584411,0 -86.3690906551077,12.1114984490991,0 -86.3691117133595,12.1115036812197,0 -86.3691317154027,12.1115004468662,0 -86.3691542117558,12.1114861298864,0 -86.3691605808274,12.1114736679987,0 -86.369161754738,12.1114601824099,0 -86.3691618517431,12.1114595713364,0 -86.3691620323294,12.1114589785385,0 -86.3691622927937,12.1114584157634,0 -86.3691706292104,12.1114432644942,0 -86.3691761614011,12.1114259854064,0 -86.3691694194306,12.11140705071,0 -86.3691693610281,12.111406876051,0 -86.369165108173,12.1113931629066,0 -86.3691571510698,12.1113892247588,0 -86.3691567445093,12.1113889977643,0 -86.3691565720158,12.1113888834328,0 -86.3691444349963,12.1113804812934,0 -86.3691439204381,12.1113800677714,0 -86.3691434712882,12.1113795847685,0 -86.3691430985506,12.1113790422567,0 -86.3691428086281,12.1113784529106,0 -86.3691379700149,12.1113664719411,0 -86.3691378012017,12.1113659642556,0 -86.3691329757435,12.1113479888363,0 -86.3691328433995,12.1113472126622,0 -86.3691328498455,12.1113464241437,0 -86.3691329950198,12.1113456495048,0 -86.3691332742747,12.111344911342,0 -86.3691336802055,12.1113442322454,0 -86.3691341998982,12.1113436329842,0 -86.3691348167716,12.111343130702,0 -86.3691506450858,12.1113324003143,0 -86.3691512708047,12.1113320445457,0 -86.3691519459107,12.1113317892646,0 -86.369152652927,12.1113316416655,0 -86.3691533743874,12.1113316044216,0 -86.3691540928278,12.1113316793015,0 -86.3691547907945,12.1113318635531,0 -86.3691754409387,12.1113390886805,0 -86.3691761652236,12.1113394140596,0 -86.3691768221477,12.1113398577465,0 -86.3691773906072,12.1113404061289,0 -86.3691778540993,12.1113410428921,0 -86.3691781988844,12.1113417490152,0 -86.3691878650691,12.1113668928232,0 -86.3691880683818,12.1113675796348,0 -86.3691881586117,12.1113682887963,0 -86.3691881330443,12.111369002216,0 -86.3691857241178,12.1113899055287,0 -86.3691878419077,12.1114025946946,0 -86.3691969013741,12.1114149126079,0 -86.3691972108493,12.1114153934847,0 -86.3691973471453,12.1114156605574,0 -86.3692035631852,12.1114288491596,0 -86.3692100645868,12.1114246056783,0 -86.3692107040729,12.1114242571752,0 -86.3692113910999,12.1114240127724,0 -86.3692121091119,12.1114238787624,0 -86.3692128397237,12.1114238578161,0 -86.3692135645524,12.1114239517005,0 -86.3692142643085,12.1114241567544,0 -86.3692292582135,12.1114298715312,0 -86.3692562006711,12.1114299327721,0 -86.3692875483863,12.1114277189044,0 -86.3692998856522,12.1114189329166,0 -86.3693001479582,12.1114187598908,0 -86.3693257356694,12.1114032526541,0 -86.3693264449991,12.1114029025008,0 -86.3693272045778,12.1114026772525,0 -86.3693279923338,12.1114025840933,0 -86.3693287843682,12.1114026256818,0 -86.3693295577119,12.1114028001571,0 -86.3693302884828,12.1114031029435,0 -86.3693309555667,12.1114035249503,0 -86.3693467314502,12.1114155244437,0 -86.369347280744,12.1114160167167,0 -86.3693477416304,12.1114165892698,0 -86.3693481031163,12.1114172276096,0 -86.3693483551334,12.1114179145317,0 -86.3693484912896,12.1114186328405,0 -86.3693485079557,12.1114193626332,0 -86.3693484060932,12.1114200858266,0 -86.3693481857466,12.111420783431,0 -86.3693321481992,12.1114599746999,0 -86.3693447382878,12.1114734590169,0 -86.369345078256,12.1114738685247,0 -86.3693453337325,12.1114742561376,0 -86.3693662132644,12.111509829179,0 -86.3693850865337,12.1115153393536,0 -86.3694154241628,12.1115237719916,0 -86.3694161274699,12.1115240304056,0 -86.3694167781405,12.1115243981181,0 -86.3694173605781,12.1115248642422,0 -86.3694178564292,12.1115254178848,0 -86.3694182556217,12.1115260436502,0 -86.3694185444095,12.1115267252302,0 -86.3694187182426,12.1115274436244,0 -86.3694187698139,12.1115281798265,0 -86.3694186991679,12.1115289148466,0 -86.3694185081873,12.111529629699,0 -86.3694182015175,12.1115303026916,0 -86.3694177865462,12.1115309184684,0 -86.3693951820785,12.1115591991341,0 -86.3693850833714,12.1115942170798,0 -86.369392574377,12.1116025480644,0 -86.3694100632596,12.1116117780171,0 -86.3694107165684,12.1116121963753,0 -86.3694112878515,12.1116127167309,0 -86.3694117624377,12.1116133254864,0 -86.3694121247495,12.1116140036163,0 -86.3694123656399,12.1116147330143,0 -86.3694124778104,12.1116154910568,0 -86.3694135495148,12.1116330220784,0 -86.3694269372959,12.1116472750353,0 -86.3694481742356,12.1116484238035,0 -86.3694711468482,12.1116496660378,0 -86.3695013929281,12.1116497347625,0 -86.3695149444233,12.1116419977776,0 -86.3695320041002,12.1116324556789,0 -86.3695326167885,12.1116321704138,0 -86.3695332660225,12.1116319756598,0 -86.369533937084,12.1116318777136,0 -86.3695346152679,12.1116318774459,0 -86.369535285869,12.1116319757276,0 -86.3695359341906,12.1116321698124,0 -86.3695510180926,12.1116379182356,0 -86.3695801532367,12.1116391310562,0 -86.3696003414386,12.1116356728303,0 -86.3696008515918,12.1116356143067,0 -86.3696011401611,12.1116356059195,0 -86.3696157283759,12.1116356390601,0 -86.3696164523691,12.1116356976745,0 -86.3696171577246,12.111635866569,0 -86.3696178269868,12.1116361438951,0 -86.3696184436359,12.1116365205726,0 -86.3696189920689,12.1116369884276,0 -86.3696194585294,12.1116375356731,0 -86.3696198320239,12.1116381478157,0 -86.3696270919948,12.1116525197722,0 -86.3696273724831,12.111653213993,0 -86.3696275334261,12.1116539432092,0 -86.3696275702737,12.1116546884206,0 -86.3696274812346,12.111655429729,0 -86.3696272700333,12.1116561463442,0 -86.3696269422282,12.111656819289,0 -86.3696265052153,12.1116574295904,0 -86.3696259728169,12.1116579610025,0 -86.3695995511777,12.1116803117805,0 -86.3695928148715,12.1116891077929,0 -86.369583736425,12.1117079776024,0 -86.3695846045297,12.1117249484111,0 -86.369609020586,12.1117231555288,0 -86.369616380577,12.11170977894,0 -86.3696167365682,12.1117092344671,0</coordinates></LinearRing></innerBoundaryIs><innerBoundaryIs><LinearRing><coordinates>-86.3684456310547,12.1116253309584,0 -86.3684458091729,12.1116246160775,0 -86.3684461029885,12.1116239394397,0 -86.3684465041906,12.1116233182074,0 -86.3684470026307,12.111622769539,0 -86.3684475854095,12.1116223078735,0 -86.3684482359583,12.1116219449289,0 -86.3684489386318,12.1116216906165,0 -86.3684496731962,12.1116215521248,0 -86.3684504203474,12.1116215321225,0 -86.3684657776828,12.1116223619371,0 -86.3684631043619,12.1115954272685,0 -86.3684630857144,12.1115951505161,0 -86.3684621183816,12.1115688183642,0 -86.3684469168352,12.1115509703354,0 -86.3683736625121,12.1115425637966,0 -86.3683347966336,12.1115585624872,0 -86.3683119876015,12.1115991507621,0 -86.3683098948146,12.1116290053564,0 -86.3683201652797,12.1116476370304,0 -86.368355472323,12.1116303660569,0 -86.3683561253864,12.1116301062062,0 -86.3683568112958,12.1116299468055,0 -86.3683775244696,12.1116267765214,0 -86.3683783148876,12.1116267240637,0 -86.3683791022342,12.1116268054325,0 -86.3683798433403,12.1116270114869,0 -86.3683805391398,12.111627335899,0 -86.3683811703562,12.1116277695821,0 -86.3683817186361,12.111628301643,0 -86.3683821693146,12.1116289157713,0 -86.3683825095649,12.1116295956608,0 -86.3683827293231,12.1116303222986,0 -86.3683828222078,12.1116310739676,0 -86.3683827864279,12.1116318307694,0 -86.3683795682694,12.1116556801857,0 -86.3683826282921,12.1116686120392,0 -86.3684062105446,12.1116626531509,0 -86.3684184142813,12.1116497026863,0 -86.368418891318,12.1116492679086,0 -86.3684194242444,12.1116489037921,0 -86.3684200056919,12.1116486175541,0 -86.3684206209469,12.1116484136827,0 -86.3684427891005,12.1116427762095,0 -86.3684456310547,12.1116253309584,0</coordinates></LinearRing></innerBoundaryIs><innerBoundaryIs><LinearRing><coordinates>-86.3684466476218,12.1114610272194,0 -86.3684471596417,12.1114605653929,0 -86.3684477358004,12.111460183289,0 -86.3684483641263,12.1114598917319,0 -86.3685050819975,12.1114385739767,0 -86.3685056190484,12.1114384097154,0 -86.3685061715705,12.1114383096933,0 -86.3685067322057,12.1114382766065,0 -86.3685361613169,12.1114383435761,0 -86.3685613749542,12.1114260095873,0 -86.3685620326138,12.1114257488423,0 -86.3685627240363,12.1114255894536,0 -86.3685634308279,12.1114255377092,0 -86.3685641382877,12.1114255926717,0 -86.3685648280347,12.1114257552032,0 -86.3685654844618,12.1114260189384,0 -86.3686015736427,12.1114438783169,0 -86.3686223775303,12.1114216486882,0 -86.3686309539515,12.1113778910514,0 -86.3686310180107,12.1113776135829,0 -86.3686310735998,12.1113774210975,0 -86.3686464226224,12.1113282007342,0 -86.3686464448512,12.1113281266338,0 -86.3686640006296,12.1112681874206,0 -86.3686642465913,12.1112675396107,0 -86.3686645907777,12.1112669354297,0 -86.3686650239633,12.1112663902295,0 -86.368665536929,12.1112659166489,0 -86.368666116784,12.1112655255101,0 -86.368666751561,12.1112652258287,0 -86.3686674246997,12.1112650257054,0 -86.3686681205719,12.1112649278177,0 -86.3686985826554,12.1112629986581,0 -86.3687314090979,12.1112157315074,0 -86.3686959656933,12.1111999398979,0 -86.3686697944629,12.1112295172662,0 -86.3686544905198,12.1112466484161,0 -86.3686539296353,12.1112471788573,0 -86.3686532853652,12.1112476078293,0 -86.3686525770348,12.1112479236204,0 -86.3686518239609,12.1112481181361,0 -86.3686510491342,12.1112481841943,0 -86.3686502736923,12.111248120939,0 -86.3686245045686,12.1112438347957,0 -86.36858586585,12.1112437468814,0 -86.3685719347837,12.1112632340895,0 -86.3685715081027,12.1112637485589,0 -86.3685710080658,12.1112641950401,0 -86.3685704475616,12.1112645636157,0 -86.368539893799,12.1112816519201,0 -86.3685393151389,12.1112819255048,0 -86.3685387035925,12.1112821158208,0 -86.3685380701912,12.1112822210846,0 -86.3685162697015,12.1112843164305,0 -86.3685155188946,12.1112843282862,0 -86.368514775724,12.1112842189856,0 -86.3685140603979,12.1112839921918,0 -86.3685133921992,12.1112836542786,0 -86.3685127885708,12.1112832125201,0 -86.3684953878628,12.1112681591439,0 -86.3684950651181,12.1112678509538,0 -86.3684948277499,12.1112675791293,0 -86.3684868899756,12.1112577686059,0 -86.3684560724131,12.1112455566906,0 -86.3684100061414,12.1112433918956,0 -86.3683875944413,12.111253354894,0 -86.3683596923465,12.1112764780549,0 -86.3683592247209,12.1112768188088,0 -86.3683587158854,12.111277098882,0 -86.3683581750441,12.1112773119655,0 -86.3683272049186,12.1112873920244,0 -86.3683086830259,12.1113216275385,0 -86.3683044060729,12.1113424207872,0 -86.3683043503794,12.111342657582,0 -86.3683042781216,12.1113429042862,0 -86.3682894811126,12.1113883052968,0 -86.3682994969654,12.1114081327556,0 -86.3682997227025,12.1114086613695,0 -86.3682998794637,12.1114092133378,0 -86.3682999626735,12.1114097805114,0 -86.368302063972,12.1114353303289,0 -86.3683020773034,12.1114355229711,0 -86.36830209664,12.1114358973875,0 -86.3683020577055,12.1114524592054,0 -86.3683496601834,12.1114770374086,0 -86.3683502979148,12.1114774358396,0 -86.3683508600656,12.1114779308566,0 -86.3683513328813,12.1114785097684,0 -86.368351702614,12.1114791571709,0 -86.3683519601167,12.1114798549578,0 -86.3683520971594,12.1114805859287,0 -86.3683521110363,12.111481328375,0 -86.368352001794,12.1114820624026,0 -86.368351772232,12.111482769932,0 -86.3683514269918,12.1114834310799,0 -86.3683509771452,12.1114840268814,0 -86.3683504337536,12.1114845428933,0 -86.3683498124751,12.1114849637783,0 -86.3683491289572,12.1114852787208,0 -86.3683206041696,12.1114957305777,0 -86.3683387203104,12.1115152672101,0 -86.3683871934273,12.1115193536688,0 -86.3684205331049,12.1114887382543,0 -86.3684466476218,12.1114610272194,0</coordinates></LinearRing></innerBoundaryIs><innerBoundaryIs><LinearRing><coordinates>-86.3678535431801,12.1113183132137,0 -86.3678516014089,12.1113136417964,0 -86.3678481028656,12.111313300147,0 -86.3678535431801,12.1113183132137,0</coordinates></LinearRing></innerBoundaryIs><innerBoundaryIs><LinearRing><coordinates>-86.368142731882,12.1112331166887,0 -86.3681431339522,12.1112325171616,0 -86.3681436268317,12.1112319883752,0 -86.3681573117868,12.1112194771575,0 -86.3681608802136,12.111207293766,0 -86.3681611307945,12.11120663602,0 -86.3681614823526,12.1112060237179,0 -86.3681619256624,12.1112054722116,0 -86.3681624505814,12.1112049959464,0 -86.3681630442211,12.1112046048401,0 -86.368163691855,12.1112043088063,0 -86.3681643787632,12.1112041150456,0 -86.3681650874729,12.1112040289439,0 -86.3682059388966,12.1112022084957,0 -86.3682064461434,12.1112022132677,0 -86.3682069128421,12.1112022667785,0 -86.368229414541,12.1112060092827,0 -86.3682529337649,12.1112014365248,0 -86.3682537224097,12.1112013560306,0 -86.3682545134988,12.1112014084713,0 -86.3682791176524,12.1112051910248,0 -86.3682974758873,12.1112026529022,0 -86.3683057048155,12.1111953243511,0 -86.3683066720011,12.1111669854813,0 -86.3683028956482,12.111138621345,0 -86.3683028634224,12.111137866197,0 -86.3683029589166,12.1111371167654,0 -86.3683031793272,12.111136392938,0 -86.3683035200128,12.1111357145985,0 -86.3683170731424,12.1111136023204,0 -86.3683027887898,12.1110711047676,0 -86.3682852028594,12.1110597992024,0 -86.3682573152413,12.1110505807762,0 -86.3682338041504,12.111050527252,0 -86.3682098125553,12.1110758350014,0 -86.3682097821559,12.111075866582,0 -86.3681907276919,12.1110954641838,0 -86.3681812569952,12.1111130706751,0 -86.3681808456594,12.1111137027353,0 -86.3681803343376,12.1111142586081,0 -86.3681797359312,12.1111147229504,0 -86.3681446702853,12.111137611848,0 -86.3681440363166,12.1111379585527,0 -86.3681433538842,12.1111382029633,0 -86.3681426413841,12.1111383378874,0 -86.3681085938982,12.111142089087,0 -86.3681078623618,12.1111421127411,0 -86.3681071356923,12.1111420206584,0 -86.3681064331811,12.1111418155955,0 -86.3681057722732,12.1111415039221,0 -86.3681051704113,12.1111410929124,0 -86.3681046422732,12.1111405934509,0 -86.368104202534,12.1111400173269,0 -86.3681038603493,12.1111393790296,0 -86.368103625787,12.1111386957634,0 -86.3681007160349,12.1111271297137,0 -86.3680741777047,12.111129517171,0 -86.3680563171955,12.1111365009534,0 -86.3680387150083,12.1111555556655,0 -86.3680242571095,12.1111763184895,0 -86.368023951096,12.1111767111548,0 -86.3680236019753,12.111177068455,0 -86.3680104786552,12.1111891197617,0 -86.3680235319642,12.1112158239695,0 -86.3680237859283,12.1112164629702,0 -86.3680239387366,12.1112171324861,0 -86.3680239867516,12.1112178162319,0 -86.3680239281695,12.1112184997349,0 -86.3680211160188,12.1112357669057,0 -86.3680246421324,12.1112497831525,0 -86.3680339179267,12.1112478492214,0 -86.3680346036715,12.1112477594507,0 -86.3680352956108,12.1112477709736,0 -86.3680359781203,12.1112478846588,0 -86.3680366355823,12.111248098662,0 -86.3680372523898,12.111248406618,0 -86.3680378156923,12.1112488021673,0 -86.3680383117272,12.1112492762359,0 -86.3680522148534,12.1112647394525,0 -86.3680643872273,12.111263170212,0 -86.3680647061722,12.1112631401927,0 -86.3680647760202,12.1112631367347,0 -86.3680852017366,12.1112622265189,0 -86.3680857089835,12.1112622312911,0 -86.3680862767233,12.1112623031179,0 -86.3680868305173,12.1112624436382,0 -86.3680873621015,12.1112626501205,0 -86.368100696225,12.1112688106049,0 -86.3681113594658,12.1112673364925,0 -86.3681239046325,12.1112541706946,0 -86.3681243715435,12.1112537431286,0 -86.3681248971009,12.1112533862301,0 -86.3681380920924,12.1112456358414,0 -86.3681424307699,12.1112337697982,0 -86.368142731882,12.1112331166887,0</coordinates></LinearRing></innerBoundaryIs><innerBoundaryIs><LinearRing><coordinates>-86.3685351630667,12.1112183007888,0 -86.3685681787319,12.1111597360013,0 -86.3685682515895,12.111128730178,0 -86.3685683102255,12.1111280231636,0 -86.3685684800129,12.1111273335835,0 -86.3685687572357,12.1111266786105,0 -86.3685691354229,12.111126074507,0 -86.3685696044323,12.1111255357184,0 -86.36859346924,12.1111021600968,0 -86.3686211288132,12.1110688179822,0 -86.3686362516139,12.1110161382279,0 -86.3686364957502,12.1110154849881,0 -86.368636839028,12.1110148762837,0 -86.368637273145,12.1110143256599,0 -86.3686787900898,12.1109693796808,0 -86.3686793619797,12.1109688583073,0 -86.3686800144962,12.1109684393011,0 -86.3686807292308,12.1109681352801,0 -86.3686814868688,12.1109679534346,0 -86.3686822644197,12.1109679009466,0 -86.3686830398268,12.1109679786703,0 -86.3686837901251,12.1109681829362,0 -86.3686844951064,12.1109685100812,0 -86.3686851336605,12.1109689492059,0 -86.3686971926095,12.1109788848471,0 -86.368725424156,12.110982918864,0 -86.3687768137573,12.1109682959788,0 -86.3687774904266,12.1109681573544,0 -86.3687781797252,12.1109681191339,0 -86.3687788669438,12.1109681839968,0 -86.3687795364689,12.1109683482903,0 -86.368792620359,12.1109726733861,0 -86.3687932556497,12.1109729370726,0 -86.3687938438599,12.1109732919844,0 -86.3687943721478,12.1109737281452,0 -86.3687948267463,12.1109742382895,0 -86.3687951994168,12.1109748088343,0 -86.3687954809954,12.1109754289073,0 -86.3687956650878,12.110976082217,0 -86.3688021277823,12.1110082676215,0 -86.3688022063389,12.1110088601043,0 -86.3688022040202,12.1110094560203,0 -86.3687999487255,12.1110416224995,0 -86.3687998256093,12.1110423953798,0 -86.3687995693211,12.1110431363074,0 -86.3687991863485,12.1110438217857,0 -86.3687986896016,12.1110444328541,0 -86.3687980929111,12.1110449496499,0 -86.3687974146897,12.1110453577466,0 -86.368796675184,12.1110456445303,0 -86.3687559673139,12.1110575616918,0 -86.3687541821905,12.1110730443493,0 -86.3687623581899,12.1111034974319,0 -86.3687786130926,12.1111235877442,0 -86.368844253866,12.1111617240866,0 -86.3688880196791,12.1111393793674,0 -86.3688718174831,12.111110146899,0 -86.3688715751595,12.1111096372377,0 -86.3688714692526,12.1111093431054,0 -86.3688565573601,12.1110628526529,0 -86.368837468405,12.1110376855951,0 -86.3688371021563,12.1110371195864,0 -86.3688368251574,12.1110365058537,0 -86.36883664289,12.1110358579739,0 -86.3688323338125,12.1110144004338,0 -86.3688322491738,12.1110136587308,0 -86.3688322886005,12.1110129136928,0 -86.3688324529649,12.1110121852161,0 -86.3688327367086,12.1110114922778,0 -86.3688458745981,12.1109857854138,0 -86.3688461578363,12.1109853076933,0 -86.3688464979639,12.1109848662734,0 -86.3688595590651,12.110969941882,0 -86.3688879466212,12.1109357215284,0 -86.3688884661522,12.1109351909927,0 -86.3688890663419,12.1109347492599,0 -86.3689209499256,12.1109152413687,0 -86.3689214819564,12.1108729972767,0 -86.3688929721011,12.1108391729139,0 -86.368864965,12.1108276149017,0 -86.3688383381453,12.1108180177948,0 -86.3688379525622,12.1108178586686,0 -86.3688377469576,12.1108177569215,0 -86.3688197487619,12.1108082590142,0 -86.3687904892737,12.1107966466023,0 -86.3687576546831,12.1108278500962,0 -86.3687571620923,12.1108282568065,0 -86.3687566154519,12.1108285919557,0 -86.3687238820259,12.1108456753257,0 -86.3687236759455,12.1108457761364,0 -86.3687235609569,12.1108458274188,0 -86.3686891909643,12.110860530611,0 -86.3686598373395,12.1108831196909,0 -86.3686449705797,12.110910137437,0 -86.3686143169241,12.1109658491785,0 -86.3686139194543,12.1109664469083,0 -86.368613431171,12.1109669757061,0 -86.3686128640521,12.1109674220349,0 -86.3686122328283,12.1109677741726,0 -86.3686116441797,12.110967997095,0 -86.3686110309066,12.1109681403847,0 -86.3685983023566,12.1109701985048,0 -86.3685747363655,12.1109778683496,0 -86.3685688385184,12.1109970555299,0 -86.368568739514,12.1109973437703,0 -86.3685555814392,12.1110316294884,0 -86.3685553634367,12.1110321109742,0 -86.3685550903636,12.1110325643019,0 -86.3685547640749,12.1110329822416,0 -86.3685312218036,12.111059884386,0 -86.368558861968,12.1110891618889,0 -86.3685593530647,12.1110897824389,0 -86.3685597281984,12.1110904777803,0 -86.3685599745551,12.1110912261813,0 -86.3685600848363,12.1110920050183,0 -86.3685600572594,12.1110927907757,0 -86.3685598909608,12.1110935599405,0 -86.3685595924261,12.1110942899203,0 -86.368559169062,12.1110949572207,0 -86.3685586346995,12.1110955419789,0 -86.3685580059177,12.1110960279557,0 -86.3685573011359,12.1110963980115,0 -86.3685565415108,12.1110966431517,0 -86.3685557500373,12.111096754386,0 -86.3685163493392,12.1110987047872,0 -86.3684897265041,12.1111307959163,0 -86.3684771904891,12.1111654935888,0 -86.3684830358764,12.1112143823776,0 -86.3685351630667,12.1112183007888,0</coordinates></LinearRing></innerBoundaryIs><innerBoundaryIs><LinearRing><coordinates>-86.3691227830806,12.1108034003172,0 -86.369123206313,12.1108031797304,0 -86.3691358782053,12.110797459118,0 -86.36913663236,12.1107971949738,0 -86.3691374220434,12.1107970629354,0 -86.3691382224335,12.1107970674677,0 -86.3691390105569,12.1107972085186,0 -86.3691397606916,12.1107974824125,0 -86.3691404517213,12.1107978809629,0 -86.3691410625421,12.1107983905575,0 -86.3691415729692,12.1107989975862,0 -86.3691419692652,12.1107996821237,0 -86.3691422386116,12.1108004242465,0 -86.3691423727933,12.1108012004248,0 -86.3691448063722,12.1108304675916,0 -86.3691448036275,12.1108312452672,0 -86.3691446649096,12.1108320099737,0 -86.3691443948639,12.110832740019,0 -86.3691440027307,12.1108334137214,0 -86.3691434986632,12.1108340121139,0 -86.3691428974088,12.1108345162402,0 -86.3691422182992,12.1108349116759,0 -86.3691414797409,12.110835186707,0 -86.3691187982101,12.1108415076139,0 -86.3690917545709,12.1108520813832,0 -86.3690910372861,12.1108522976842,0 -86.3690902945492,12.1108523954665,0 -86.369089544743,12.1108523729634,0 -86.3690888090012,12.1108522311271,0 -86.3690881056962,12.1108519727124,0 -86.3690726410057,12.110844828999,0 -86.369033071106,12.1108437135778,0 -86.3690139666375,12.1108505906034,0 -86.3689906099706,12.1108704841289,0 -86.3689866967513,12.1108866790447,0 -86.3689876390946,12.1109091959794,0 -86.3689975159668,12.1109209144102,0 -86.3689979620107,12.1109215457084,0 -86.3689982921173,12.1109222409469,0 -86.3689984980587,12.1109229820214,0 -86.3689985743743,12.1109237463125,0 -86.3689985174373,12.1109245130135,0 -86.3689983300596,12.1109252586194,0 -86.368998015968,12.1109259614359,0 -86.3689975862342,12.1109266024984,0 -86.368985563407,12.1109415880359,0 -86.3689850254167,12.1109421528926,0 -86.3689843966848,12.110942618072,0 -86.3689836965369,12.1109429718624,0 -86.368982945217,12.1109432025543,0 -86.3689821647968,12.1109433029635,0 -86.3689604478512,12.1109442708972,0 -86.3689380411006,12.1109576231993,0 -86.3689353622954,12.1109697878274,0 -86.3689393176267,12.1109884892173,0 -86.3689509477952,12.1110076647218,0 -86.3689622098329,12.1110102494471,0 -86.3690044735204,12.1110014383807,0 -86.3690118017277,12.1109808591362,0 -86.3690016739769,12.1109577932156,0 -86.3690014321097,12.1109570891349,0 -86.3690013116127,12.1109563554889,0 -86.3690013142771,12.1109556121759,0 -86.3690014400561,12.1109548790899,0 -86.3690016870651,12.1109541761208,0 -86.369002047906,12.110953523146,0 -86.369002512432,12.1109529364195,0 -86.3690030686568,12.1109524330954,0 -86.3690037009285,12.110952025798,0 -86.3690277062956,12.1109392115553,0 -86.3690283299867,12.1109389362634,0 -86.36902898746,12.1109387541892,0 -86.3690296658374,12.1109386707292,0 -86.3690303485781,12.1109386858458,0 -86.3690310218938,12.1109388013161,0 -86.3690571607439,12.1109452947073,0 -86.3690574656282,12.1109453822115,0 -86.3690580174038,12.1109455995892,0 -86.3690849271811,12.1109583849103,0 -86.369116163269,12.1109676841134,0 -86.3691641894889,12.1109585506342,0 -86.3692004737993,12.1109324243328,0 -86.3692009965236,12.1109320990755,0 -86.3692015595136,12.110931845348,0 -86.3692021517293,12.1109316685507,0 -86.369202762137,12.1109315713716,0 -86.3692256524584,12.1109294784472,0 -86.36922573518,12.1109294714011,0 -86.3692815357908,12.1109253743327,0 -86.3693342027845,12.1109001388885,0 -86.3693342671825,12.1109001082893,0 -86.3693343490552,12.1109000713998,0 -86.3693836762237,12.1108785178229,0 -86.3694001029943,12.1108234256466,0 -86.3693930877832,12.1108112805816,0 -86.3693628020845,12.1107968083683,0 -86.3693623386163,12.110796553212,0 -86.3693622202534,12.1107964760792,0 -86.3693322207664,12.110776344617,0 -86.3692924865718,12.1107618364553,0 -86.3692605170751,12.1107666776595,0 -86.3692419610688,12.1107888907484,0 -86.369241423126,12.1107894357116,0 -86.369240799032,12.1107898828165,0 -86.3692401081081,12.1107902221601,0 -86.3692393687606,12.1107904420285,0 -86.3692386030567,12.1107905370462,0 -86.3692378312195,12.1107905045463,0 -86.3692204002922,12.1107883199715,0 -86.3692197251857,12.1107881846034,0 -86.3692190778787,12.1107879507318,0 -86.3692184739784,12.1107876247222,0 -86.3692179254183,12.1107872120274,0 -86.3691990074139,12.110770638766,0 -86.3691985856866,12.1107702182209,0 -86.3691982228945,12.1107697453614,0 -86.3691979263638,12.1107692310557,0 -86.3691977006742,12.110768681644,0 -86.369193837761,12.1107571884922,0 -86.3691936548287,12.1107564320973,0 -86.3691936070294,12.1107556552111,0 -86.3691936943057,12.1107548822491,0 -86.3691939156855,12.1107541358161,0 -86.3691942637687,12.1107534366936,0 -86.3691947274748,12.1107528074637,0 -86.3691952948174,12.1107522652803,0 -86.3692102335158,12.1107403771935,0 -86.3692210783931,12.1107218007797,0 -86.3692236015527,12.1107039035557,0 -86.3692024971436,12.1106839098549,0 -86.3691725853366,12.1106691075049,0 -86.369145182369,12.1106636493669,0 -86.3691288427446,12.1106686861442,0 -86.3691052519088,12.1106908696926,0 -86.3691049977593,12.110691091568,0 -86.3691047768189,12.110691259262,0 -86.3690705548942,12.110715713704,0 -86.3690696311627,12.1107451504773,0 -86.3690916470108,12.1107687299262,0 -86.369092079485,12.110769269861,0 -86.3690924236051,12.1107698674689,0 -86.3690926711304,12.1107705100713,0 -86.3690928165854,12.1107711813786,0 -86.3690964922109,12.1107978624123,0 -86.3691069820931,12.1108126812045,0 -86.3691227830806,12.1108034003172,0</coordinates></LinearRing></innerBoundaryIs><innerBoundaryIs><LinearRing><coordinates>-86.3706596999063,12.1104023260064,0 -86.3706440625817,12.1103792099613,0 -86.3706209465366,12.1103758105429,0 -86.3705624765401,12.1103785300776,0 -86.3705230432867,12.1103683318224,0 -86.3704944881722,12.1103322979874,0 -86.3704849698006,12.1103078221749,0 -86.3704808904986,12.1102840262461,0 -86.3704706922434,12.1102554711316,0 -86.3704543750351,12.110243913109,0 -86.370433298641,12.1102275959007,0 -86.3704298992226,12.1102031200883,0 -86.3704305791063,12.1101711655553,0 -86.3704248832805,12.1101629932841,0 -86.3704113665287,12.1101677467098,0 -86.3703766704615,12.1101875576661,0 -86.3703761138664,12.1101878285921,0 -86.3703755243718,12.1101880216752,0 -86.3703483652356,12.1101949890366,0 -86.3703170870696,12.1102122929331,0 -86.3703133671159,12.110229188225,0 -86.3703274601116,12.1102711155584,0 -86.3703276385306,12.110271838484,0 -86.3703276928484,12.110272580118,0 -86.3703276231117,12.1102733205663,0 -86.370327431207,12.1102740390346,0 -86.3703171517745,12.1103027266456,0 -86.3703169087843,12.1103032849402,0 -86.370316591447,12.1103038059905,0 -86.3703162043827,12.1103042789557,0 -86.3702855476457,12.110337167739,0 -86.3702537860742,12.1103725190825,0 -86.3702320733293,12.1104164169818,0 -86.3702319634861,12.1104166256215,0 -86.3702317992835,12.1104168947248,0 -86.3701763972887,12.1105011140321,0 -86.3701574881359,12.1105466152478,0 -86.3701574548675,12.1105466947491,0 -86.3701178636383,12.1106370239828,0 -86.3700889942751,12.1107047650874,0 -86.3700928069738,12.1107392648403,0 -86.37015825481,12.1107558667877,0 -86.3701590013061,12.1107561252979,0 -86.3701596905418,12.110756505756,0 -86.3701603041638,12.1107569972692,0 -86.3701608229103,12.1107575844209,0 -86.3701612311997,12.1107582499943,0 -86.3701615180491,12.1107589749747,0 -86.3701616743179,12.1107597385428,0 -86.3701616954687,12.1107605162728,0 -86.3701615797165,12.1107612855535,0 -86.3701613326259,12.1107620246948,0 -86.3701609597634,12.1107627111024,0 -86.3701604731241,12.110763324005,0 -86.3701598874513,12.1107638462546,0 -86.370159218405,12.1107642616098,0 -86.3700861900693,12.1108014200666,0 -86.3700856068763,12.1108016683245,0 -86.3700849944681,12.1108018351307,0 -86.3700843647992,12.1108019168953,0 -86.3700391306037,12.1108046853085,0 -86.3700388383596,12.1108046936879,0 -86.370015497286,12.1108046407016,0 -86.3700148265723,12.1108045912521,0 -86.3700141698694,12.1108044450763,0 -86.3700135427889,12.1108042067311,0 -86.3700129572685,12.1108038798606,0 -86.3700124261541,12.1108034726326,0 -86.369969991425,12.1107657156928,0 -86.3698997920584,12.1107630858146,0 -86.3698990534302,12.1107629991351,0 -86.369898338049,12.110762795856,0 -86.3698976661187,12.1107624814491,0 -86.3698970541592,12.1107620649945,0 -86.3698965186879,12.1107615564768,0 -86.3698960734593,12.1107609685874,0 -86.3698957312982,12.1107603185365,0 -86.3698954995181,12.1107596226179,0 -86.369895384509,12.1107588989317,0 -86.3698904441871,12.1106926988446,0 -86.3698588092976,12.1106955397039,0 -86.3698242641651,12.110716775171,0 -86.3698245591739,12.1107198983242,0 -86.3698245684877,12.1107206290046,0 -86.3698244583606,12.110721350371,0 -86.3698242306708,12.1107220452463,0 -86.3698238928121,12.1107226955616,0 -86.3698234530974,12.1107232832502,0 -86.369822922588,12.1107237938687,0 -86.3698223151018,12.11072421298,0 -86.3697981839195,12.1107381917229,0 -86.3697829991797,12.1107488141944,0 -86.3697823265145,12.1107492051249,0 -86.3697815962338,12.1107494774636,0 -86.3697808294903,12.1107496240245,0 -86.3697800483471,12.1107496412405,0 -86.3697559754956,12.110748150572,0 -86.3697552644696,12.1107480494863,0 -86.3697545775862,12.1107478417502,0 -86.3697539313802,12.1107475301142,0 -86.3697419619214,12.1107405652846,0 -86.3697249314595,12.1107349363393,0 -86.3697242576174,12.1107346535773,0 -86.3697236382325,12.1107342687554,0 -86.3697230898222,12.1107337918579,0 -86.3697226243052,12.1107332346677,0 -86.3697124457994,12.1107188560851,0 -86.369712085154,12.1107182512061,0 -86.3697118229476,12.1107175986238,0 -86.3697116674166,12.1107169128254,0 -86.3697116212733,12.1107162128069,0 -86.3697116863197,12.1107155139452,0 -86.3697118606795,12.1107148325131,0 -86.3697184710392,12.1106954669702,0 -86.3697187759181,12.1106947731746,0 -86.3697191936865,12.110694139318,0 -86.3697197123602,12.1106935816502,0 -86.3697394666529,12.1106756665844,0 -86.369761443929,12.1106561587006,0 -86.3697618978506,12.1106455950132,0 -86.3697390586976,12.1106489993072,0 -86.3697172449606,12.1106532405799,0 -86.3697164921563,12.1106533211597,0 -86.3697157359626,12.1106532796539,0 -86.3697149965982,12.110653115204,0 -86.3697142951839,12.110652834188,0 -86.3697136500837,12.1106524429777,0 -86.3697130787319,12.1106519524638,0 -86.3697125976355,12.1106513771526,0 -86.3697122187069,12.1106507315394,0 -86.3697119529329,12.1106500328306,0 -86.3697076122979,12.1106349495076,0 -86.3697074678749,12.1106342293716,0 -86.3697074447857,12.1106334950428,0 -86.3697075420649,12.110632766413,0 -86.36970775783,12.110632062468,0 -86.3697080865206,12.1106314030891,0 -86.3697085198283,12.1106308045348,0 -86.3697090457685,12.1106302830547,0 -86.3697096505254,12.1106298521818,0 -86.3697355753139,12.1106143773171,0 -86.3697255563807,12.1105989627912,0 -86.3697078962489,12.1105875432064,0 -86.369679641965,12.1105775409825,0 -86.3696465081772,12.1105937500209,0 -86.3696385803532,12.1106145530896,0 -86.3696382885133,12.1106151727637,0 -86.3696379048983,12.1106157415895,0 -86.3696374387272,12.1106162469281,0 -86.3696228534927,12.1106298530723,0 -86.3696144184062,12.110651832362,0 -86.3696141007383,12.1106524935743,0 -86.3696136784492,12.1106530957707,0 -86.3696131635233,12.1106536227012,0 -86.3696125688576,12.1106540608311,0 -86.3696119100995,12.1106543993445,0 -86.3696112047321,12.1106546283339,0 -86.3696104711449,12.1106547433198,0 -86.3696097277272,12.1106547398225,0 -86.3696089946936,12.1106546187922,0 -86.3695914990015,12.1106502728617,0 -86.369590958143,12.1106501025324,0 -86.3695904422464,12.110649868056,0 -86.3695899595759,12.1106495721638,0 -86.369574474163,12.1106387253994,0 -86.3695503971601,12.1106476267044,0 -86.3695282875473,12.1106643906809,0 -86.3695276378044,12.1106648033656,0 -86.3695269258432,12.1106651010652,0 -86.3695072003437,12.1106715218617,0 -86.3695064574291,12.1106716956044,0 -86.3695056955096,12.1106717445132,0 -86.3695049357186,12.1106716695402,0 -86.3695041991896,12.1106714716378,0 -86.3695035061266,12.1106711562776,0 -86.3695028748893,12.1106707316398,0 -86.3694876847781,12.1106585743338,0 -86.3694804428541,12.1106533654971,0 -86.3694590230088,12.1106475656011,0 -86.3694449117642,12.1106553718482,0 -86.3694374817421,12.1106672733926,0 -86.3694370586037,12.1106678457454,0 -86.3694365501736,12.110668345562,0 -86.3694359684237,12.110668762018,0 -86.3694353280844,12.1106690833915,0 -86.3694346447947,12.1106693024835,0 -86.3694339341894,12.1106694139041,0 -86.3694332155725,12.110669414984,0 -86.3694325045659,12.110669305759,0 -86.3694214704275,12.1106667242839,0 -86.3694116628448,12.1106912640852,0 -86.3694124030707,12.1106914529534,0 -86.3694131016664,12.1106917601879,0 -86.3694137384343,12.1106921776042,0 -86.3694142959442,12.1106926925027,0 -86.369414758606,12.1106932912839,0 -86.3694370357369,12.1107277190581,0 -86.3694760000968,12.1107374264297,0 -86.3695071638374,12.1107305568754,0 -86.3695079313959,12.1107304546269,0 -86.3695087060068,12.1107304798981,0 -86.3695094646986,12.1107306317325,0 -86.3695228262652,12.1107344998584,0 -86.3695355860697,12.1107312553489,0 -86.3695363656359,12.1107311269035,0 -86.3695371550008,12.1107311305054,0 -86.3695379330243,12.1107312679151,0 -86.3695386749059,12.110731534555,0 -86.3695393604479,12.1107319222405,0 -86.3695399676233,12.110732419166,0 -86.369540479004,12.1107330117277,0 -86.3695408799318,12.1107336809024,0 -86.3695487440053,12.1107498483269,0 -86.3695489961391,12.1107504855137,0 -86.3695491480364,12.1107511532183,0 -86.3695491951406,12.1107518351534,0 -86.3695491365688,12.1107525159441,0 -86.3695472858105,12.1107638767462,0 -86.3695471271274,12.1107645347025,0 -86.3695468701898,12.11076516169,0 -86.3695465205433,12.110765744157,0 -86.369546087409,12.1107662685604,0 -86.3695455790851,12.1107667231634,0 -86.3695370542672,12.1107732833467,0 -86.3695364017504,12.1107737032593,0 -86.369535687015,12.1107740081869,0 -86.3695349293801,12.1107741891305,0 -86.3695341518277,12.1107742425252,0 -86.3695333764187,12.1107741657082,0 -86.3695326252033,12.1107739605382,0 -86.3695319202214,12.1107736333954,0 -86.3695312807494,12.1107731933662,0 -86.3695281247625,12.1107705927176,0 -86.3695348699659,12.1107940298302,0 -86.3695349990424,12.1107946323748,0 -86.369535043551,12.1107952455786,0 -86.369535003515,12.1107958594946,0 -86.369534878962,12.1107964623672,0 -86.3695319801882,12.1108068260788,0 -86.3695424422931,12.110833886952,0 -86.3695764370998,12.1108357257205,0 -86.3695772197756,12.1108358387252,0 -86.3695779709,12.1108360827789,0 -86.3695786684373,12.1108364496931,0 -86.3695792921963,12.1108369285706,0 -86.3695798229112,12.1108375058034,0 -86.3695802450023,12.1108381632704,0 -86.369580545645,12.1108388837613,0 -86.3695807166258,12.1108396428416,0 -86.3695854983775,12.1108750834435,0 -86.3695855355983,12.1108756695023,0 -86.369585519096,12.1108760447415,0 -86.369583520735,12.1108990089454,0 -86.3695834218593,12.1108996344834,0 -86.3695832338931,12.1109002399248,0 -86.3695829623755,12.1109008144309,0 -86.3695826119329,12.1109013444479,0 -86.3695745860932,12.1109118240163,0 -86.3695733206864,12.1109228000202,0 -86.369597125833,12.1109228540983,0 -86.369625284946,12.1109072369237,0 -86.3696253502734,12.1109072018051,0 -86.3696354069365,12.1109018333244,0 -86.369647045539,12.1108896194104,0 -86.3696454371493,12.110878359264,0 -86.3696453937821,12.1108776511133,0 -86.3696454625214,12.1108769450257,0 -86.3696456433268,12.1108762581827,0 -86.3696459306444,12.1108756077528,0 -86.3696463180056,12.1108750090942,0 -86.3696609510776,12.1108559014111,0 -86.3696614449128,12.1108553554426,0 -86.3696620212531,12.110854894664,0 -86.3696626653659,12.1108545317017,0 -86.3696633606891,12.110854275561,0 -86.3696640897479,12.1108541325319,0 -86.3696648313982,12.1108541061838,0 -86.3696655681739,12.1108541991897,0 -86.3696662798709,12.1108544060781,0 -86.3696789123417,12.1108592202276,0 -86.3696796127061,12.1108595573067,0 -86.36968024481,12.1108600045531,0 -86.3696807903004,12.1108605510737,0 -86.3696812345121,12.1108611805581,0 -86.3696915872019,12.1108788719198,0 -86.3697097310522,12.1108968088557,0 -86.3697143410882,12.1108981169698,0 -86.3697324163158,12.1108947705846,0 -86.3697536620335,12.1108756960003,0 -86.3697573516633,12.1108533342697,0 -86.3697575454948,12.1108525787307,0 -86.369757868795,12.1108518668914,0 -86.3697583114068,12.1108512195269,0 -86.3697588604163,12.1108506574065,0 -86.3697594992466,12.1108501958653,0 -86.3697602094826,12.1108498502343,0 -86.3697609690509,12.1108496286018,0 -86.3697617558757,12.1108495399606,0 -86.3697625469833,12.1108495842585,0 -86.3697761584299,12.1108515286296,0 -86.3697768206485,12.1108516739142,0 -86.3697774541615,12.1108519122746,0 -86.3697780451932,12.1108522400624,0 -86.3697785799767,12.110852650012,0 -86.3697948655354,12.1108671410279,0 -86.3698042939069,12.1108585220313,0 -86.3697974115971,12.1108363279995,0 -86.3697972669426,12.1108357064298,0 -86.369797212376,12.1108350715004,0 -86.3697972487908,12.1108344340648,0 -86.3697973761531,12.1108338085914,0 -86.3698003184763,12.1108232876305,0 -86.3698005247613,12.1108227075504,0 -86.3698008099989,12.1108221602037,0 -86.369801167733,12.1108216555228,0 -86.369812871935,12.1108073266363,0 -86.3698131105766,12.1108070558939,0 -86.3698135507756,12.110806653584,0 -86.3698340316989,12.1107904157951,0 -86.3698345370154,12.11079006789,0 -86.3698350853588,12.1107897897123,0 -86.3698356656933,12.1107895848539,0 -86.3698635462693,12.1107818351727,0 -86.3698642302807,12.1107817001794,0 -86.3698649259987,12.1107816673964,0 -86.3698656196329,12.1107817395054,0 -86.3698662937318,12.1107819128495,0 -86.3698669335967,12.1107821855868,0 -86.3698675245436,12.1107825495454,0 -86.3698680518865,12.1107829974578,0 -86.3698806654858,12.1107954681051,0 -86.3698811173061,12.1107959881884,0 -86.3698814835229,12.1107965686643,0 -86.3698918346086,12.1108161246434,0 -86.3699123059577,12.1108372815713,0 -86.3699357064883,12.1108511702054,0 -86.3699622452074,12.1108611440942,0 -86.3699794147475,12.1108576283444,0 -86.3699801308138,12.1108575395419,0 -86.3699808530541,12.1108575610758,0 -86.3699815621684,12.1108576938065,0 -86.3699822416244,12.1108579340793,0 -86.3699828739748,12.110858276429,0 -86.3699834445379,12.1108587117793,0 -86.369983938634,12.1108592301499,0 -86.3699843443485,12.1108598179496,0 -86.3699846506882,12.1108604606848,0 -86.3699848512565,12.1108611429682,0 -86.3699896604384,12.1108841226315,0 -86.3699897497832,12.1108848182266,0 -86.3699897288445,12.1108855180928,0 -86.3699895985774,12.1108862068594,0 -86.369989361779,12.1108868673515,0 -86.36998902308,12.1108874842067,0 -86.3699885926268,12.110888041171,0 -86.3699880796344,12.110888527414,0 -86.369987496083,12.1108889284944,0 -86.3699868566945,12.110889236307,0 -86.3699722550564,12.1108949453436,0 -86.3699716747705,12.1108951294038,0 -86.3699710744482,12.1108952365547,0 -86.3699470396032,12.1108979102038,0 -86.3699325858674,12.1109087341891,0 -86.3699246663837,12.1109310799889,0 -86.3699308752342,12.1109575361752,0 -86.3699408014057,12.110969803585,0 -86.3699532623582,12.1109721323681,0 -86.3699709418119,12.1109643513777,0 -86.3699944738745,12.1109468364248,0 -86.3700032322656,12.1109366777179,0 -86.3700037535943,12.110936163461,0 -86.3700043519061,12.1109357379985,0 -86.3700050115538,12.1109354121462,0 -86.3700057159752,12.1109351949093,0 -86.3700064467808,12.1109350907675,0 -86.3700071846644,12.110935103294,0 -86.3700079103284,12.1109352324451,0 -86.3700086072423,12.1109354736617,0 -86.3700092542833,12.1109358214704,0 -86.3700098376863,12.1109362677012,0 -86.3700103400233,12.1109367987504,0 -86.3700287634848,12.1109597351684,0 -86.3700500810469,12.110961751277,0 -86.3700616764049,12.1109624901722,0 -86.3700624361101,12.1109626022191,0 -86.3700631661208,12.1109628371808,0 -86.3700638462374,12.1109631877772,0 -86.3700644571834,12.1109636449219,0 -86.3700649815264,12.1109641968194,0 -86.3700654064415,12.1109648262595,0 -86.3700657181828,12.1109655169338,0 -86.3700659085285,12.1109662480251,0 -86.3700699654458,12.1109898653065,0 -86.3700873780531,12.1110057550749,0 -86.3701157414018,12.1110221797132,0 -86.3701392956889,12.1110222331759,0 -86.3701398286024,12.111022265131,0 -86.3701403540224,12.111022357656,0 -86.3701680568883,12.1110288807181,0 -86.3701686124575,12.1110290483668,0 -86.3701691421352,12.1110292846821,0 -86.3701696367469,12.1110295833133,0 -86.3702038632365,12.111053346833,0 -86.3702044584762,12.111053840113,0 -86.3702049616077,12.1110544245163,0 -86.3702053561283,12.1110550837284,0 -86.3702056328931,12.1110557987388,0 -86.3702057818403,12.1110565496303,0 -86.370205801183,12.1110573146962,0 -86.3702056882152,12.1110580722276,0 -86.3702054475844,12.111058799628,0 -86.3701880182731,12.1110994346458,0 -86.3701979877524,12.1111046017285,0 -86.3702283594628,12.1110965248899,0 -86.3702291399679,12.1110963883062,0 -86.3702299321098,12.1110963837739,0 -86.3702307138276,12.1110965139559,0 -86.3702314612395,12.1110967742765,0 -86.3702321513908,12.1110971565452,0 -86.3702503582583,12.1111094002356,0 -86.3702509296968,12.1111098545774,0 -86.3702514191546,12.1111103919269,0 -86.370251816553,12.1111109996015,0 -86.3702521099818,12.1111116622014,0 -86.3702522930508,12.1111123616262,0 -86.3702523602866,12.1111130806825,0 -86.3702523098938,12.1111138012804,0 -86.3702521446735,12.1111145044363,0 -86.3702518665041,12.1111151729732,0 -86.3702514846151,12.1111157897308,0 -86.3702510073152,12.1111163384506,0 -86.3702185454652,12.111148135273,0 -86.3702719930143,12.1111631166201,0 -86.3703052452449,12.1111579472445,0 -86.3703059612335,12.1111578918995,0 -86.3703066769637,12.1111579468762,0 -86.3703073749775,12.1111581112307,0 -86.3703080387447,12.1111583804042,0 -86.3703086517392,12.1111587480291,0 -86.3703091992791,12.1111592050293,0 -86.3703096676079,12.111159739618,0 -86.3703296167641,12.1111865109197,0 -86.3703625578729,12.1112105852902,0 -86.3703631338006,12.111211084856,0 -86.3703636167097,12.111211671926,0 -86.3703639946942,12.1112123292918,0 -86.3703642549292,12.1112130397432,0 -86.3703643919498,12.111213782469,0 -86.3703644012078,12.111214537565,0 -86.3703642836732,12.1112152833304,0 -86.3703640403113,12.1112159998734,0 -86.3703636803605,12.1112166664163,0 -86.3703632121335,12.1112172648924,0 -86.3703626485379,12.1112177772454,0 -86.370323035771,12.1112482593066,0 -86.3703197096289,12.111263364109,0 -86.3703703806481,12.1112891145545,0 -86.3703959038007,12.1113003466683,0 -86.3704475216807,12.1113075207882,0 -86.3704895893246,12.1113090440826,0 -86.3704900946366,12.1113090904429,0 -86.3704905906342,12.1113091901348,0 -86.370524123776,12.1113178794829,0 -86.3705248776065,12.1113181461473,0 -86.3705255723345,12.1113185365642,0 -86.3705261877667,12.1113190407407,0 -86.3705267055643,12.1113196414538,0 -86.3705271092268,12.1113203214848,0 -86.3705273868544,12.1113210609124,0 -86.370527529315,12.1113218353004,0 -86.3705275329836,12.1113226229378,0 -86.3705245312736,12.1113585043433,0 -86.3705245096549,12.1113587104704,0 -86.3705244425993,12.1113590910207,0 -86.3705159094576,12.111397841823,0 -86.3705254764236,12.1114194984564,0 -86.3705257210457,12.111420205255,0 -86.3705258433764,12.1114209425218,0 -86.3705258407098,12.1114216885479,0 -86.3705257140094,12.1114224243455,0 -86.3705254651617,12.1114231291205,0 -86.3705251024795,12.111423784806,0 -86.3705246351968,12.1114243724332,0 -86.3705240752959,12.1114248766564,0 -86.3705234393515,12.1114252830447,0 -86.370522743928,12.1114255816887,0 -86.3705220083464,12.1114257626849,0 -86.3705212528319,12.1114258224622,0 -86.3705204966866,12.1114257592558,0 -86.3704995960319,12.1114222819044,0 -86.3704995718925,12.1114325861357,0 -86.3705155254897,12.1114523031053,0 -86.3705325357577,12.111462656829,0 -86.370551643505,12.1114614459338,0 -86.3705765201805,12.1114438525971,0 -86.370601070679,12.111418390366,0 -86.3706196600404,12.1113987806856,0 -86.3706297613241,12.1113802468376,0 -86.3706139402696,12.1113580822852,0 -86.3706135512549,12.1113574257989,0 -86.370613279075,12.1113567144164,0 -86.3706131319538,12.1113559680506,0 -86.3706131144372,12.1113552075102,0 -86.3706146165751,12.1113310277203,0 -86.3706133112775,12.1112954928316,0 -86.3705970732513,12.1112767636018,0 -86.370579804308,12.1112611138239,0 -86.3705797602941,12.1112610730314,0 -86.3705550137018,12.1112380481538,0 -86.3705544903376,12.1112374700351,0 -86.3705540746781,12.1112368116797,0 -86.3705537795419,12.1112360930109,0 -86.3705536131485,12.1112353357499,0 -86.370553580963,12.1112345607078,0 -86.3705536829281,12.1112337922999,0 -86.3705610548244,12.1112007918996,0 -86.3705612178608,12.1112002361364,0 -86.3705614516006,12.1111997040448,0 -86.3705617523425,12.1111992064679,0 -86.3705837081506,12.1111676733363,0 -86.370583787438,12.1111675631938,0 -86.3705838630241,12.1111674638943,0 -86.3705984949264,12.1111488354263,0 -86.3705989988623,12.1111482921918,0 -86.3705995852974,12.1111478368598,0 -86.3706002385844,12.1111474802461,0 -86.3706317728896,12.1111334612541,0 -86.3706508104492,12.1111174787551,0 -86.3706649498733,12.1110788030561,0 -86.3706690851117,12.1110560525754,0 -86.3706637631142,12.1110428750731,0 -86.3706635715301,12.1110422796215,0 -86.3706634645373,12.1110416635632,0 -86.370663445784,12.1110410386622,0 -86.3706635134048,12.1110404166699,0 -86.3706674633929,12.1110186821814,0 -86.3706431401787,12.1109996958886,0 -86.3705936051866,12.1109981909502,0 -86.3705934480647,12.1109981833596,0 -86.3705928555238,12.1109981069604,0 -86.3705573327966,12.110991031773,0 -86.3705326659094,12.1109963671478,0 -86.3704847587089,12.1110225694468,0 -86.3704762562596,12.1110380233176,0 -86.3704926711108,12.1110718761565,0 -86.370492930533,12.1110725413918,0 -86.3704930805271,12.1110732380287,0 -86.3704931174576,12.1110739488776,0 -86.3704930404458,12.1110746567553,0 -86.3704928522886,12.1110753444866,0 -86.3704925557855,12.1110759939922,0 -86.3704921592449,12.1110765890141,0 -86.3704779660669,12.1110946587216,0 -86.3704653523702,12.1111288897109,0 -86.3704695269393,12.1111709473604,0 -86.3704695428251,12.1111716192775,0 -86.3704694576401,12.1111722855397,0 -86.3704692732561,12.1111729316826,0 -86.3704689933806,12.1111735441504,0 -86.3704686235611,12.1111741084873,0 -86.3704598437406,12.1111855729429,0 -86.3704593581938,12.1111861116973,0 -86.3704587928919,12.1111865679813,0 -86.3704581598108,12.1111869291619,0 -86.3704574773462,12.1111871880466,0 -86.3704567620582,12.1111873365347,0 -86.3704560314151,12.1111873710484,0 -86.3704553037959,12.1111872916295,0 -86.3704545994149,12.1111870992282,0 -86.3704539338816,12.1111867993055,0 -86.3704277087676,12.111172384343,0 -86.3704271096163,12.1111719914298,0 -86.3704265795932,12.1111715100539,0 -86.3704261324508,12.1111709538107,0 -86.3704257791865,12.1111703353851,0 -86.3704255280369,12.1111696692643,0 -86.3704142761612,12.1111305751649,0 -86.3703995657461,12.1111160325959,0 -86.3703712918307,12.1111006463033,0 -86.3703366180329,12.1110877611973,0 -86.3703361149703,12.1110875394112,0 -86.3703356432851,12.1110872607265,0 -86.370335207568,12.1110869269623,0 -86.3703119355733,12.1110667954936,0 -86.3702930432437,12.1110509919046,0 -86.3702926627182,12.1110506347543,0 -86.370292604969,12.1110505731321,0 -86.370264958525,12.1110203634648,0 -86.3702647999763,12.1110201804402,0 -86.3702458887063,12.1109971687787,0 -86.3702457384536,12.1109969749215,0 -86.3702454875539,12.110996594554,0 -86.3702353166574,12.1109793449131,0 -86.3702350477392,12.1109788107768,0 -86.3702348533273,12.1109782460641,0 -86.370234735234,12.1109776616303,0 -86.3702346961973,12.1109770656203,0 -86.3702347668482,12.1109469188493,0 -86.3702348254797,12.1109462118343,0 -86.3702349952628,12.110945522253,0 -86.3702352724814,12.1109448672781,0 -86.3702356506647,12.1109442631722,0 -86.3702361205874,12.1109437252869,0 -86.3702366693567,12.1109432653488,0 -86.3702372849967,12.1109428959905,0 -86.3702379518642,12.1109426262195,0 -86.3702386534036,12.110942462328,0 -86.3702393721464,12.1109424078937,0 -86.3702831679277,12.1109425072781,0 -86.3703043158912,12.110928272142,0 -86.3703110840525,12.110913706867,0 -86.370328655996,12.1108721904888,0 -86.3703290049106,12.110871527538,0 -86.3703294593508,12.1108709299348,0 -86.3703513992562,12.1108465749703,0 -86.3703519067257,12.1108460923312,0 -86.370352482923,12.1108456921376,0 -86.3703743949952,12.1108328223856,0 -86.3703750978578,12.110832485779,0 -86.3703758491382,12.1108322713603,0 -86.3703766258481,12.1108321854073,0 -86.3703774068475,12.1108322296804,0 -86.3703781682441,12.1108324041257,0 -86.3703788879961,12.1108327032672,0 -86.3703795468268,12.1108331180186,0 -86.3703801245471,12.1108336365783,0 -86.3703806037332,12.110834243534,0 -86.3704024090971,12.1108673101272,0 -86.3704027568197,12.1108679402959,0 -86.3704029969184,12.1108686163388,0 -86.3704080201476,12.1108873255611,0 -86.3704409795615,12.1108925918146,0 -86.3704752350455,12.1108898608269,0 -86.3705243484818,12.1108814466709,0 -86.370550285137,12.1108734519719,0 -86.3705670025676,12.1108495282416,0 -86.3705621106924,12.1108378998429,0 -86.3705409260218,12.1108415295041,0 -86.3705402044929,12.1108415965929,0 -86.3705394804718,12.1108415506409,0 -86.3705387723355,12.110841392594,0 -86.3705380993687,12.1108411279216,0 -86.3705374762642,12.1108407611786,0 -86.3705369204561,12.1108403032558,0 -86.3705364438655,12.1108397650316,0 -86.3705360602466,12.1108391591972,0 -86.3705357778341,12.110838501144,0 -86.3705356039391,12.11083780807,0 -86.3705298493733,12.1108033418959,0 -86.3705298231371,12.1108031655015,0 -86.3705298069647,12.1108030081198,0 -86.3705270833247,12.1107727528248,0 -86.3705129108627,12.1107549189937,0 -86.3704904604825,12.1107496666413,0 -86.3704655756532,12.1107523302697,0 -86.3704471456104,12.1107592577572,0 -86.3704464761604,12.1107594533719,0 -86.3704457830573,12.110759546749,0 -86.3704224377026,12.1107609297863,0 -86.3704216511304,12.1107609108205,0 -86.3704208786537,12.1107607589573,0 -86.3704201441523,12.1107604796766,0 -86.3704194687426,12.1107600811648,0 -86.370418872616,12.1107595743191,0 -86.3704183731942,12.110758975456,0 -86.3704179851399,12.1107583017903,0 -86.3704177194381,12.1107575714325,0 -86.3704119291535,12.1107360047494,0 -86.3704118021713,12.1107352918875,0 -86.3704117928389,12.1107345684412,0 -86.370411900197,12.1107338515897,0 -86.370412123278,12.1107331621291,0 -86.3704124546943,12.1107325154155,0 -86.370412887052,12.1107319295177,0 -86.3704870590136,12.1106466911154,0 -86.3704970924937,12.1106284555294,0 -86.3704974014653,12.1106279751525,0 -86.3704977691516,12.1106275365058,0 -86.3704981900241,12.1106271459067,0 -86.3705142830197,12.1106140106479,0 -86.3705170770523,12.1105871453592,0 -86.370517206418,12.1105864484517,0 -86.3705174450739,12.1105857789205,0 -86.370517787464,12.1105851548387,0 -86.370518224363,12.1105845915581,0 -86.3705187447139,12.1105841017136,0 -86.3705193374597,12.11058369794,0 -86.3705199869552,12.110583390149,0 -86.3705206766405,12.1105831864415,0 -86.3705670136084,12.1105733227441,0 -86.3705873620425,12.1105653669093,0 -86.3706041464291,12.1105434490232,0 -86.3706046301323,12.1105429120729,0 -86.3706051945115,12.1105424566907,0 -86.3706058248341,12.1105420955034,0 -86.370606505459,12.110541836614,0 -86.3706211037025,12.1105375635336,0 -86.3706217684322,12.1105374212604,0 -86.3706224467173,12.1105373766803,0 -86.3706231238526,12.1105374306643,0 -86.3706237860561,12.1105375822768,0 -86.3706660609998,12.1105505976174,0 -86.3706667045895,12.1105508495629,0 -86.3706673020184,12.1105511927361,0 -86.3706678395172,12.1105516207759,0 -86.3706911301447,12.1105732072458,0 -86.370691662674,12.110573795332,0 -86.3706920838212,12.110574464551,0 -86.3706923798464,12.1105751958817,0 -86.3706925425324,12.1105759666984,0 -86.3706968347352,12.1106133250635,0 -86.37069686358,12.1106139572217,0 -86.3706967996183,12.1106145864565,0 -86.3706927916851,12.1106379168718,0 -86.3707118261805,12.1106542271537,0 -86.3707675770698,12.1106670198387,0 -86.3707679636956,12.1106671265163,0 -86.3707684787548,12.110667326626,0 -86.3708092929375,12.1106860871511,0 -86.3708097903782,12.1106863550419,0 -86.3708102509258,12.1106866807231,0 -86.3708106653994,12.1106870605568,0 -86.3708424391328,12.1107198992323,0 -86.3708797902127,12.1107483078135,0 -86.3709239541229,12.1107736762668,0 -86.3709508141541,12.1107779122208,0 -86.3709515544027,12.1107780920422,0 -86.3709522539406,12.1107783902322,0 -86.3709528944124,12.110778796802,0 -86.3709534565414,12.1107793026653,0 -86.3709539265775,12.1107798933223,0 -86.3709542907746,12.1107805524647,0 -86.3709545390689,12.1107812610799,0 -86.3709672507282,12.1108303779089,0 -86.3710068753265,12.1108709487877,0 -86.3710414564226,12.1108955684609,0 -86.3711312586186,12.1108833498637,0 -86.3711622743772,12.1108466421148,0 -86.371149817762,12.1108365664161,0 -86.3711492969636,12.1108360696897,0 -86.3711488618023,12.1108354981019,0 -86.3711485241925,12.1108348652441,0 -86.3711482905246,12.1108341892163,0 -86.3711481690351,12.1108334845058,0 -86.3711481615174,12.1108327701063,0 -86.3711496274714,12.110811856493,0 -86.3711429797264,12.1107800902969,0 -86.3711113933221,12.1107637823441,0 -86.3711108253066,12.1107634356214,0 -86.3711103144496,12.1107630103557,0 -86.371109871755,12.110762516519,0 -86.3711095063867,12.1107619649836,0 -86.3711022375031,12.1107490199984,0 -86.3711019695954,12.1107484460768,0 -86.3711017844643,12.1107478415972,0 -86.3711016857622,12.110747216515,0 -86.3710965699618,12.1106867618422,0 -86.3710912963034,12.110643106553,0 -86.371063579975,12.1106407703765,0 -86.371050067369,12.1106790469248,0 -86.3710497754497,12.1106797018672,0 -86.3710493825718,12.1106803032283,0 -86.3710488979609,12.1106808356561,0 -86.3710483335927,12.1106812865177,0 -86.3710293391942,12.1106941638423,0 -86.3710287879959,12.1106944845172,0 -86.3710281965483,12.1106947264284,0 -86.3710275768083,12.1106948850817,0 -86.3710269407306,12.1106949568868,0 -86.3709963017597,12.1106963225377,0 -86.3709955620683,12.1106962973497,0 -86.3709948355172,12.1106961546351,0 -86.3709941423125,12.1106958989608,0 -86.3709934989782,12.1106955375985,0 -86.370992923874,12.1106950787286,0 -86.3709924307544,12.110694535042,0 -86.3709920324529,12.1106939201321,0 -86.3709917399564,12.1106932512051,0 -86.3709915605804,12.1106925436505,0 -86.3709914988733,12.1106918173725,0 -86.3709915566304,12.1106910904612,0 -86.3709958565939,12.110664691571,0 -86.370991776276,12.1106471121335,0 -86.3709790652007,12.1106107022699,0 -86.3709642989891,12.1105921210826,0 -86.3709218170067,12.110575288345,0 -86.3708883889106,12.1105637616511,0 -86.3708878261513,12.1105635252622,0 -86.3708872993978,12.1105632175167,0 -86.370886819669,12.1105628420566,0 -86.3708863942953,12.1105624079415,0 -86.3708703914695,12.1105437091025,0 -86.3708699499741,12.1105430959031,0 -86.3708696179806,12.1105424196522,0 -86.3708694037193,12.1105416975498,0 -86.3708693144908,12.1105409513154,0 -86.3708693520887,12.1105401999427,0 -86.3708695146221,12.1105394660346,0 -86.3708698002086,12.1105387685767,0 -86.3708701977766,12.1105381265339,0 -86.3709089869594,12.1104860726921,0 -86.3709144951405,12.1104369899281,0 -86.3708941497656,12.1104244122752,0 -86.3708513366144,12.1104116670339,0 -86.3708339183508,12.1104091787511,0 -86.3708019058534,12.1104500737408,0 -86.3708016082295,12.1104504175973,0 -86.3708011671114,12.110450820811,0 -86.3707708306823,12.1104748719288,0 -86.3707521150233,12.1104974338167,0 -86.3707515816809,12.1104979778891,0 -86.3707509621805,12.1104984268166,0 -86.3707502767705,12.1104987670809,0 -86.370749542011,12.110498990581,0 -86.3707232698835,12.1105046731967,0 -86.3707225326572,12.1105047728045,0 -86.37072178744,12.1105047530291,0 -86.3707210562843,12.1105046148247,0 -86.3707203566394,12.1105043627523,0 -86.3707197077901,12.1105040022812,0 -86.3707191271732,12.1105035433982,0 -86.370718629462,12.1105029987965,0 -86.3707182274898,12.1105023820694,0 -86.370717931329,12.1105017086124,0 -86.3706977068933,12.1104429821202,0 -86.3706843554588,12.1104127614188,0 -86.3706596999063,12.1104023260064,0</coordinates></LinearRing></innerBoundaryIs><innerBoundaryIs><LinearRing><coordinates>-86.3691147759633,12.1106383688847,0 -86.3691152334043,12.1106380597562,0 -86.3691157247143,12.1106378067701,0 -86.369140006248,12.1106271209173,0 -86.3691400632817,12.1106270957271,0 -86.3691569219124,12.1106194015421,0 -86.3691671806381,12.1106015499356,0 -86.3691675365925,12.110601020836,0 -86.3691679650157,12.1106005461579,0 -86.3691684566971,12.1106001349233,0 -86.3691690015093,12.1105997952478,0 -86.3691955497518,12.1105857225836,0 -86.369192297887,12.1105495882538,0 -86.369187570812,12.1105319838137,0 -86.3691874483154,12.1105313188886,0 -86.3691874287676,12.1105306424418,0 -86.3691875112114,12.1105299707483,0 -86.3691876946938,12.1105293182744,0 -86.3691923413019,12.1105166083127,0 -86.3691732679975,12.1105086552099,0 -86.3691725943095,12.1105083073388,0 -86.3691719879502,12.1105078547241,0 -86.369171466354,12.1105073082569,0 -86.3691569872132,12.1104894139815,0 -86.3691485626333,12.1104798935483,0 -86.3691481805949,12.1104793989423,0 -86.3691478731073,12.1104788547704,0 -86.369124887,12.1104309515736,0 -86.3691246485751,12.1104303469717,0 -86.369124501191,12.1104297145441,0 -86.3691244475725,12.1104290678611,0 -86.36912448769,12.1104284195827,0 -86.3691246224284,12.1104277841793,0 -86.3691377912014,12.1103822419598,0 -86.3691284090858,12.1103390574816,0 -86.3691283116386,12.1103382913339,0 -86.3691283465332,12.1103375191571,0 -86.369130822962,12.1103195648576,0 -86.3691309641754,12.1103189113833,0 -86.3691312008946,12.1103182852545,0 -86.3691315294122,12.1103177000271,0 -86.3691467061206,12.1102948399352,0 -86.3691478436707,12.1102713954135,0 -86.3691196900175,12.1102349919695,0 -86.3690975628211,12.1102463328982,0 -86.3690968646637,12.1102466224896,0 -86.3690961263491,12.1102467944331,0 -86.3690953699422,12.1102468442576,0 -86.3690946156598,12.1102467720089,0 -86.3690938837186,12.1102465777331,0 -86.3690931943202,12.1102462678059,0 -86.3690925658243,12.1102458504077,0 -86.3690920156632,12.1102453373339,0 -86.369091558508,12.1102447421818,0 -86.3690912071857,12.1102440812579,0 -86.369090971762,12.1102433726705,0 -86.3690908567892,12.1102426345157,0 -86.3690886604585,12.11021134501,0 -86.3690778832414,12.1102042390831,0 -86.3690473695706,12.1102148845395,0 -86.3690396748025,12.11022564879,0 -86.3690392914225,12.1102261172402,0 -86.369038846601,12.110226531294,0 -86.3690383504656,12.1102268828357,0 -86.3690030264538,12.1102483470219,0 -86.369002462457,12.1102486387267,0 -86.3690018618895,12.1102488507715,0 -86.369001237625,12.1102489795686,0 -86.3690006016181,12.1102490215281,0 -86.3689862331064,12.1102489888582,0 -86.3689581238483,12.1102680450649,0 -86.3689597612337,12.110278684039,0 -86.3689785215484,12.1102896006776,0 -86.3689789445269,12.1102898792537,0 -86.3689793334028,12.1102902011578,0 -86.3689987424284,12.1103081898447,0 -86.368999197994,12.1103086791923,0 -86.3689995762266,12.110309228951,0 -86.3689998688833,12.1103098273463,0 -86.3690000686445,12.1103104607973,0 -86.369000171864,12.1103111166359,0 -86.3690013539122,12.1103254747873,0 -86.3690013578164,12.1103261602413,0 -86.3690012560618,12.1103268373165,0 -86.3690010514392,12.1103274915509,0 -86.3690007485774,12.1103281084863,0 -86.3690003548637,12.1103286727669,0 -86.3689836814189,12.1103490842705,0 -86.3690081087832,12.1103690358063,0 -86.369008670812,12.1103695823657,0 -86.369009129718,12.1103702145973,0 -86.3690094717575,12.1103709152887,0 -86.369009686871,12.1103716636183,0 -86.3690097677622,12.1103724360584,0 -86.369009713561,12.1103732118084,0 -86.3690095252436,12.110373966455,0 -86.3690092083746,12.1103746783081,0 -86.3690087721945,12.110375325686,0 -86.3690082296107,12.1103758905324,0 -86.3689855410801,12.1103957747278,0 -86.36897037542,12.1104186176535,0 -86.368963285836,12.1104416796928,0 -86.3689600299112,12.1104585534102,0 -86.3689748007619,12.110477051514,0 -86.3689837797321,12.1104735407125,0 -86.3689844023122,12.1104733468034,0 -86.3689850467387,12.1104732415635,0 -86.3689857001423,12.1104732267722,0 -86.3689863478177,12.1104733033001,0 -86.3689870650501,12.1104735002557,0 -86.3689877397523,12.1104738074369,0 -86.3689883544793,12.110474218474,0 -86.3690061608362,12.1104883123948,0 -86.3690065552664,12.1104886171301,0 -86.3690070751793,12.1104890975813,0 -86.3690075131368,12.1104896501885,0 -86.3690078581371,12.1104902640756,0 -86.369008102869,12.1104909220445,0 -86.3690082418529,12.1104916096142,0 -86.3690082705324,12.1104923104973,0 -86.3690081880308,12.1104930066062,0 -86.3690079971413,12.1104936825745,0 -86.3690077025008,12.1104943203271,0 -86.3690003770653,12.110507463675,0 -86.3689999823688,12.1105080550818,0 -86.3689994986944,12.1105085784651,0 -86.3689989380204,12.1105090202881,0 -86.3689760156693,12.1105243771187,0 -86.3689510093267,12.1105455292679,0 -86.368950980475,12.1105578156705,0 -86.3689509317029,12.1105785850893,0 -86.3689679530125,12.1105943609991,0 -86.3689958514291,12.1106001467262,0 -86.3689965273138,12.1106003417792,0 -86.3689971652906,12.1106006353127,0 -86.3690165911933,12.1106114458535,0 -86.3690169995224,12.1106117017892,0 -86.369017377431,12.1106119983484,0 -86.369037449245,12.1106295083671,0 -86.3690530474812,12.1106361279024,0 -86.3690717029276,12.110637317849,0 -86.3690724084414,12.1106374180197,0 -86.3690730888977,12.1106376230299,0 -86.3690737286828,12.1106379292273,0 -86.3690998097367,12.1106529805989,0 -86.3691143588347,12.1106387296489,0 -86.3691147759633,12.1106383688847,0</coordinates></LinearRing></innerBoundaryIs><innerBoundaryIs><LinearRing><coordinates>-86.3688824013716,12.1104518479719,0 -86.368873064278,12.110435681702,0 -86.3688481469651,12.1104294912953,0 -86.3688251110026,12.1104493991021,0 -86.3688245559121,12.1104498110961,0 -86.3688239431344,12.1104501352437,0 -86.3688232883086,12.110450364346,0 -86.3688226052294,12.1104504939133,0 -86.3687999067925,12.1104530692245,0 -86.3687812319266,12.1104804970013,0 -86.3687798686479,12.1104936141156,0 -86.3687784166428,12.1105222050869,0 -86.3687869134216,12.1105354106405,0 -86.3688079648767,12.1105419367916,0 -86.3688276889789,12.1105419816521,0 -86.3688279775044,12.1105419913511,0 -86.3688285498355,12.110542064091,0 -86.3688288979285,12.1105421435551,0 -86.3688438892301,12.11054620351,0 -86.3688676501813,12.1105415833194,0 -86.3688629461191,12.1105134069763,0 -86.3688398831371,12.1104986472962,0 -86.3688392768018,12.1104981847338,0 -86.3688387579866,12.1104976283252,0 -86.3688383395183,12.1104969943767,0 -86.3688380342175,12.1104963019073,0 -86.3688378503144,12.110495568117,0 -86.3688377932715,12.110494814721,0 -86.3688378648779,12.110494062522,0 -86.3688380623279,12.1104933323119,0 -86.3688383809779,12.1104926448786,0 -86.3688388115941,12.1104920191912,0 -86.3688393412687,12.1104914733057,0 -86.3688399561859,12.1104910207551,0 -86.3688696904886,12.1104730018512,0 -86.3688824013716,12.1104518479719,0</coordinates></LinearRing></innerBoundaryIs><innerBoundaryIs><LinearRing><coordinates>-86.3686164398119,12.1104209694843,0 -86.3685911033519,12.1104222601232,0 -86.3685726499162,12.110427402381,0 -86.3685604106359,12.1104433839259,0 -86.3685603405883,12.1104434723861,0 -86.3685498985209,12.1104564268694,0 -86.3685438448186,12.110475463585,0 -86.3685472931191,12.1105003120331,0 -86.3685473012599,12.1105003672128,0 -86.3685473357662,12.1105009342755,0 -86.3685472969754,12.110517442743,0 -86.3685472565866,12.1105346312263,0 -86.3685557009681,12.1105364978866,0 -86.3685714132652,12.1105325023518,0 -86.3685717120754,12.1105324370192,0 -86.3685717810256,12.1105324245161,0 -86.3686008790423,12.1105274819079,0 -86.368630828302,12.1105212372597,0 -86.3686429877695,12.1105149765522,0 -86.368649643973,12.1105038988787,0 -86.3686500109407,12.1105033761348,0 -86.3686504485349,12.1105029096169,0 -86.3686509484661,12.110502507445,0 -86.3686732803351,12.1104869874323,0 -86.368681225422,12.1104792060818,0 -86.3686818415665,12.1104621934341,0 -86.3686629490823,12.1104516011118,0 -86.3686518896201,12.1104488540658,0 -86.3686512156398,12.1104486309836,0 -86.3686505841664,12.110448307623,0 -86.3686500108029,12.1104478921578,0 -86.368649510231,12.1104473936644,0 -86.3686334339633,12.1104287352295,0 -86.3686164398119,12.1104209694843,0</coordinates></LinearRing></innerBoundaryIs><innerBoundaryIs><LinearRing><coordinates>-86.3689234528793,12.110385124895,0 -86.3689240648418,12.1103847564356,0 -86.3689247271144,12.1103844866573,0 -86.3689254240603,12.1103843218544,0 -86.3689261391302,12.1103842656065,0 -86.3689268539431,12.110384318776,0 -86.3689275510393,12.1103844813232,0 -86.3689282148095,12.110384747787,0 -86.3689288278066,12.1103851127019,0 -86.3689377047779,12.110391382375,0 -86.3689442956685,12.1103756312199,0 -86.3689445643409,12.1103750946879,0 -86.3689449018423,12.1103745971964,0 -86.3689453026379,12.1103741477757,0 -86.3689538740378,12.1103657520256,0 -86.368959164414,12.1103590904601,0 -86.3689542271659,12.1103386415746,0 -86.3689373124005,12.1103236779513,0 -86.368919842462,12.1103150321814,0 -86.3688980177071,12.1103192769824,0 -86.36888391385,12.110329025614,0 -86.368882252583,12.1103418608201,0 -86.3688849468136,12.1103708636269,0 -86.3688976473518,12.1103897205475,0 -86.3688978809399,12.1103900366728,0 -86.3689037424396,12.1103972670702,0 -86.3689122750574,12.1103959951603,0 -86.3689229068744,12.1103855812197,0 -86.3689234528793,12.110385124895,0</coordinates></LinearRing></innerBoundaryIs><innerBoundaryIs><LinearRing><coordinates>-86.3688904908069,12.1102323394552,0 -86.3688911961673,12.1102321131804,0 -86.3688919288262,12.1102320018114,0 -86.3688926704005,12.1102320071149,0 -86.3689150209077,12.1102339704954,0 -86.3689459438136,12.1102365031699,0 -86.3689665581418,12.1102237219108,0 -86.3689670605188,12.1102234517688,0 -86.3689671506702,12.1102234112811,0 -86.3689923958949,12.110212439165,0 -86.3690067927263,12.1101945390985,0 -86.3690132847351,12.1101692357941,0 -86.3690133126382,12.1101573517941,0 -86.36901336661,12.1101566737059,0 -86.3690135225478,12.1101560112223,0 -86.3690137785798,12.1101553788076,0 -86.3690141282371,12.1101547918198,0 -86.369014562303,12.1101542619936,0 -86.3690202507253,12.1101483193309,0 -86.3690164835698,12.1101461459167,0 -86.3690158413603,12.1101456986459,0 -86.3690152857709,12.1101451493883,0 -86.3690148333041,12.1101445144585,0 -86.3690144976996,12.1101438128775,0 -86.3690029361898,12.1101130202315,0 -86.3689928189554,12.1100894018189,0 -86.368992663717,12.110088983688,0 -86.3689925517026,12.1100885511869,0 -86.3689890851184,12.1100718647425,0 -86.3689681524533,12.1100746394088,0 -86.3689674686664,12.1100746794509,0 -86.3689667851172,12.1100746182141,0 -86.3689661192593,12.1100744584509,0 -86.3689654848704,12.1100742029054,0 -86.3689648957238,12.1100738561304,0 -86.3689561028752,12.1100677693147,0 -86.3689433335851,12.110066063742,0 -86.36892749384,12.1100687776432,0 -86.3689268008021,12.1100688438884,0 -86.3689261052515,12.1100688061355,0 -86.3689254228103,12.1100686644201,0 -86.3689247709255,12.1100684242075,0 -86.3689241624537,12.1100680891441,0 -86.3689236129999,12.1100676664997,0 -86.3689085849939,12.1100542028467,0 -86.3688688601845,12.1100756660521,0 -86.36885496348,12.1100856448414,0 -86.3688436892202,12.1100992367716,0 -86.3688436660203,12.1101091150864,0 -86.3688436111037,12.1101098040238,0 -86.3688434496285,12.1101104764418,0 -86.3688431862256,12.1101111169781,0 -86.3688246337914,12.1101478573258,0 -86.3688316065037,12.1101679066288,0 -86.368831761417,12.110168463114,0 -86.3688318409412,12.1101690348006,0 -86.3688327367068,12.1101808594098,0 -86.368840255154,12.1102013503387,0 -86.3688404556,12.1102020832623,0 -86.3688405282627,12.110202837598,0 -86.368840471351,12.1102035934477,0 -86.3688380001021,12.1102189434259,0 -86.3688493129721,12.1102343021457,0 -86.3688753709601,12.110241545016,0 -86.3688898311407,12.1102326734434,0 -86.3688904908069,12.1102323394552,0</coordinates></LinearRing></innerBoundaryIs><innerBoundaryIs><LinearRing><coordinates>-86.3697528261429,12.110087577686,0 -86.3697941873658,12.1100442380758,0 -86.3697944305208,12.1100440017062,0 -86.3698181728588,12.1100226060658,0 -86.3698373343389,12.1099851119526,0 -86.3698373777261,12.1099850279529,0 -86.3698471454733,12.1099668668424,0 -86.3698471786928,12.1099668081395,0 -86.3698635357483,12.1099374615611,0 -86.369848402533,12.1099108467545,0 -86.3698072813657,12.1099035562075,0 -86.3697594775372,12.1099053294637,0 -86.3696984892976,12.1099162656925,0 -86.3696810260928,12.1099423615697,0 -86.3696805542058,12.1099429537065,0 -86.3696799878677,12.1099434606263,0 -86.3696793445721,12.1099438679004,0 -86.3696786408855,12.109944164715,0 -86.3696778979624,12.1099443429797,0 -86.3696771341965,12.1099443964062,0 -86.3696763725611,12.1099443250467,0 -86.3696756332708,12.1099441298514,0 -86.3696484248605,12.1099344980451,0 -86.3696477198593,12.1099341799454,0 -86.36964707853,12.1099337489551,0 -86.3696465201382,12.1099332186823,0 -86.3696460611931,12.1099326027286,0 -86.3696457135964,12.109931920111,0 -86.3696454874139,12.1099311889379,0 -86.3696453899461,12.1099304309288,0 -86.369645423899,12.1099296677925,0 -86.3696455873839,12.1099289212275,0 -86.3696458757572,12.1099282120216,0 -86.3696507612176,12.1099186531088,0 -86.3696508046049,12.1099185691092,0 -86.3696602345588,12.1099010348097,0 -86.3696640503399,12.1098797349912,0 -86.3696640717384,12.1098796229089,0 -86.3696669551759,12.1098656040546,0 -86.3696679263134,12.1098464843274,0 -86.3696606132574,12.1098155837978,0 -86.3696523996432,12.1098058386928,0 -86.3696226308942,12.1097951096018,0 -86.369594693674,12.1097996263295,0 -86.3695743707337,12.1098033880944,0 -86.3695445816768,12.1098099352434,0 -86.3695137549078,12.1098208874988,0 -86.369497926222,12.1098373049375,0 -86.3694793987364,12.1098564073849,0 -86.3694789953745,12.1098567763195,0 -86.3694786750266,12.1098570134177,0 -86.3694504261161,12.1098760901596,0 -86.3694502788614,12.1098761856789,0 -86.3694501132215,12.1098762838692,0 -86.3694260841441,12.1098898531758,0 -86.3694160096807,12.1099118305447,0 -86.3694295405325,12.1099167706314,0 -86.3694525387214,12.1099215405197,0 -86.3694530208661,12.1099216682146,0 -86.3694531466629,12.1099217100973,0 -86.3694803550639,12.1099313419223,0 -86.3694810481335,12.1099316536654,0 -86.3694816793818,12.1099320728775,0 -86.3694822304536,12.1099325895698,0 -86.3694983950082,12.1099504496778,0 -86.3695079881951,12.1099573494353,0 -86.369523678637,12.1099614751449,0 -86.369539714394,12.1099656893533,0 -86.3695518451219,12.1099661762853,0 -86.3695644876511,12.1099666842735,0 -86.3695646245558,12.1099666918187,0 -86.3695909044168,12.1099686667828,0 -86.36959155113,12.1099687613928,0 -86.3695921783354,12.1099689454824,0 -86.3695927713408,12.1099692144966,0 -86.3695933200485,12.1099695638913,0 -86.3696088534695,12.1099810835477,0 -86.3696093487006,12.1099815087805,0 -86.3696097766988,12.1099819980646,0 -86.3696101292126,12.1099825432427,0 -86.3696165762835,12.1099943922162,0 -86.3696409299206,12.1100175763356,0 -86.3696628768964,12.1100176261838,0 -86.3696732193783,12.1100024360453,0 -86.3696736986127,12.1100018457338,0 -86.369674271375,12.1100013424457,0 -86.3696749210927,12.1100009397076,0 -86.3696756302782,12.1100006492355,0 -86.3696763777771,12.1100004791197,0 -86.3696771442809,12.110000433838,0 -86.3696779077331,12.1100005142444,0 -86.3696785377379,12.1100006802545,0 -86.3696791381353,12.1100009321041,0 -86.3696796951496,12.1100012661446,0 -86.3696801986938,12.1100016733106,0 -86.3696974434559,12.1100177815553,0 -86.3696976626026,12.1100179864206,0 -86.3696978606519,12.1100181749609,0 -86.3696980723452,12.1100184232148,0 -86.3696982290424,12.1100186116612,0 -86.3697106837739,12.1100337604352,0 -86.3697110208527,12.1100342260013,0 -86.3697112925979,12.1100347293989,0 -86.3697217678481,12.1100573575091,0 -86.3697454505198,12.1100911862001,0 -86.3697528261429,12.110087577686,0</coordinates></LinearRing></innerBoundaryIs><innerBoundaryIs><LinearRing><coordinates>-86.3684443045726,12.1096039794027,0 -86.3684447178091,12.1096033193136,0 -86.3684452392951,12.1096027381432,0 -86.3684458542852,12.1096022539437,0 -86.3684465443708,12.1096018793331,0 -86.3684472893057,12.1096016269252,0 -86.3684480670205,12.1096015029999,0 -86.3684488554523,12.109601511124,0 -86.3684496297877,12.1096016521453,0 -86.3684503689018,12.1096019214944,0 -86.3684510498403,12.1096023109806,0 -86.3684975765003,12.1096344700004,0 -86.3685250109787,12.1096487585744,0 -86.3685253321749,12.1096489428742,0 -86.3685257716099,12.1096492567554,0 -86.3685650976688,12.1096809391018,0 -86.3685651426138,12.109680974471,0 -86.3685913023885,12.1097027548209,0 -86.3686156071327,12.1097001533368,0 -86.3686163901107,12.1097001361281,0 -86.3686171635934,12.1097002491143,0 -86.3686179073706,12.1097004895366,0 -86.3686185984838,12.1097008510128,0 -86.368619216744,12.1097013217412,0 -86.3686366853766,12.109717152039,0 -86.368637212437,12.1097177184138,0 -86.3686376345518,12.1097183641265,0 -86.3686379398172,12.1097190710645,0 -86.3686381181761,12.1097198175022,0 -86.3686421579932,12.1097467426213,0 -86.3686708711472,12.1097686806921,0 -86.3686978045325,12.10976079604,0 -86.3686985860021,12.1097606386641,0 -86.3686993827749,12.1097606169653,0 -86.3687001718797,12.1097607299868,0 -86.3687009294285,12.1097609758659,0 -86.3687016315458,12.109761347314,0 -86.3687022580448,12.1097618316252,0 -86.3687240925432,12.10978197894,0 -86.3687245975899,12.1097825280832,0 -86.3687250050551,12.1097831511554,0 -86.3687253030331,12.1097838309484,0 -86.3687254842148,12.1097845493598,0 -86.3687255440503,12.1097852873893,0 -86.3687254766101,12.1098139981632,0 -86.3687254319736,12.1098146138772,0 -86.3687253037436,12.109815216741,0 -86.3687154464696,12.1098495542911,0 -86.3687387409338,12.1099038397316,0 -86.368764242636,12.109913945204,0 -86.3687989479797,12.1098976494149,0 -86.3687996000834,12.1098974049336,0 -86.3688002822805,12.1098972590873,0 -86.3688009780175,12.1098972172641,0 -86.3688016735102,12.1098972794328,0 -86.368802350382,12.1098974446471,0 -86.3688029948596,12.1098977083544,0 -86.3688035904169,12.1098980641871,0 -86.3688239800674,12.1099124660231,0 -86.3688245486952,12.1099129411597,0 -86.3688250325834,12.1099135002016,0 -86.3688254170608,12.1099141295515,0 -86.3688256929805,12.1099148111027,0 -86.3688258539502,12.1099155276595,0 -86.368825894501,12.1099162602195,0 -86.3688258137586,12.1099169897908,0 -86.3688155317463,12.1099697999389,0 -86.3688126389386,12.1100163511804,0 -86.3688371515361,12.1100418597313,0 -86.3688943505401,12.1100299592529,0 -86.368895082237,12.1100298659672,0 -86.3689534414819,12.1100271275791,0 -86.3689539597539,12.1100271323746,0 -86.3689544586008,12.1100271913829,0 -86.3689855227273,12.110032580093,0 -86.3689978269863,12.1100194326919,0 -86.3689792393308,12.1099799972272,0 -86.3689480040945,12.1099547320268,0 -86.3689474888007,12.109954241639,0 -86.3689470573022,12.1099536781949,0 -86.3689467205944,12.1099530552838,0 -86.3689464859904,12.1099523891994,0 -86.368946359889,12.1099516944247,0 -86.3689463440854,12.1099509890494,0 -86.3689464412962,12.1099502902611,0 -86.3689466468885,12.1099496143263,0 -86.3689469571482,12.1099489775135,0 -86.3689689274293,12.1099117032625,0 -86.3689693248266,12.1099111353732,0 -86.3689698047774,12.1099106318756,0 -86.3689848473991,12.1098971262757,0 -86.3689664323997,12.1098585222373,0 -86.3689633864023,12.1098521356076,0 -86.3689621756842,12.1098495972501,0 -86.3689361499262,12.1098333396834,0 -86.3689135113199,12.1098265033839,0 -86.3689032117794,12.1098233927472,0 -86.3689026957788,12.1098232034834,0 -86.3689022056508,12.1098229536915,0 -86.3689017496551,12.1098226479118,0 -86.3688842071563,12.1098093051394,0 -86.3688465371858,12.1098119648718,0 -86.3688459270079,12.1098119652928,0 -86.3688453216136,12.1098118852435,0 -86.368844732945,12.1098117265598,0 -86.3688441701828,12.1098114928798,0 -86.3688266846752,12.1098028398357,0 -86.3688260643387,12.1098024703825,0 -86.3688255113011,12.1098020088456,0 -86.3688250384,12.10980146701,0 -86.3688246584686,12.109800858469,0 -86.3688243797392,12.1098001995184,0 -86.3688242104481,12.1097995046454,0 -86.3688186668868,12.1097648978567,0 -86.3687982053752,12.1097419711985,0 -86.3687746924076,12.1097282883952,0 -86.368736032422,12.1097197418175,0 -86.3687354116482,12.109719558645,0 -86.3687348223179,12.1097192905416,0 -86.3687342772813,12.1097189438665,0 -86.368733787553,12.1097185240704,0 -86.3686743768641,12.1096599497601,0 -86.3686739177178,12.1096594206155,0 -86.3686735451003,12.109658828368,0 -86.3686604235649,12.1096337851977,0 -86.3686399177771,12.1096171983433,0 -86.3686060567927,12.1095932808429,0 -86.3686055789366,12.1095928927234,0 -86.3686051581968,12.1095924441471,0 -86.3685721856591,12.1095521738348,0 -86.3685721297655,12.1095521049823,0 -86.3685589648356,12.1095353684357,0 -86.3685398797972,12.1095218873956,0 -86.3685150381253,12.1095163961444,0 -86.3684970646712,12.1095163552486,0 -86.3684963581353,12.1095163002884,0 -86.3684956674743,12.1095161377548,0 -86.3684950110539,12.1095158731154,0 -86.3684736402232,12.1095052968466,0 -86.3684730813545,12.109504970938,0 -86.3684725759625,12.1095045691914,0 -86.3684721322965,12.1095041006685,0 -86.368459524649,12.1094887597873,0 -86.3684591381461,12.1094882109134,0 -86.368458837221,12.1094876124988,0 -86.3684586301187,12.1094869754136,0 -86.3684585204766,12.1094863159431,0 -86.3684569057891,12.1094683740437,0 -86.3684048721448,12.1094541217213,0 -86.3683964083996,12.1094565991806,0 -86.3683956278476,12.109456757462,0 -86.3683948301547,12.1094567800622,0 -86.368394041053,12.1094566661356,0 -86.3683932844244,12.1094564202578,0 -86.3683925813893,12.1094560488069,0 -86.3683919548937,12.1094555635907,0 -86.3683914232821,12.1094549791196,0 -86.3683910012151,12.1094543135124,0 -86.368390703353,12.1094535848882,0 -86.3683829812093,12.1094286842103,0 -86.368382817567,12.1094279323802,0 -86.3683827853749,12.1094271627637,0 -86.3683828873325,12.1094263997824,0 -86.3683831178751,12.1094256651265,0 -86.3683834732801,12.1094249786817,0 -86.3683839406316,12.1094243621212,0 -86.368384507943,12.1094238325993,0 -86.3683851586373,12.1094234054508,0 -86.3683858733893,12.1094230923876,0 -86.36838663104,12.1094229033085,0 -86.368412550395,12.1094187130763,0 -86.3684145951322,12.1094061590728,0 -86.3683841113957,12.1093786809392,0 -86.3683498914478,12.1093667614992,0 -86.3683323010018,12.1093675877663,0 -86.3683156389302,12.1093757381095,0 -86.3683149123023,12.1093760213043,0 -86.3683141473767,12.1093761778125,0 -86.368313367131,12.1093762058779,0 -86.3683125927092,12.1093761019316,0 -86.3683118470719,12.1093758714513,0 -86.3683111531798,12.1093755199153,0 -86.3683105284671,12.1093750582143,0 -86.3683099931228,12.1093744981501,0 -86.3683095608904,12.1093738569353,0 -86.3682703753507,12.1093031451973,0 -86.3682475051777,12.109297897141,0 -86.3682107529709,12.1092960049196,0 -86.3681942717612,12.1093089185161,0 -86.3681922990078,12.1093565190005,0 -86.3681922589829,12.1093735447143,0 -86.3682235515458,12.1094009460368,0 -86.3682551022446,12.1094037578269,0 -86.3682552354583,12.1094037716943,0 -86.3682717644334,12.1094057236807,0 -86.3682724579125,12.1094058599971,0 -86.3682731217454,12.1094060984297,0 -86.3682737403211,12.1094064344217,0 -86.3682742989555,12.1094068598011,0 -86.3682747848091,12.1094073636873,0 -86.3682751868782,12.1094079361081,0 -86.3682754941715,12.1094085616659,0 -86.3682879749529,12.1094399478305,0 -86.3683059370062,12.1094737681352,0 -86.368339151738,12.1094817381061,0 -86.3683398477637,12.1094819639519,0 -86.368340497594,12.1094822954935,0 -86.3683410856261,12.1094827245568,0 -86.3683415971826,12.1094832402571,0 -86.3683420185112,12.1094838289987,0 -86.3683423404568,12.1094844762925,0 -86.3683425529491,12.1094851658383,0 -86.3683426514362,12.1094858795403,0 -86.3683426341204,12.1094866002129,0 -86.3683425001275,12.1094873088644,0 -86.3683422531778,12.1094879865132,0 -86.368322897339,12.1095302989881,0 -86.3683387935276,12.1095435969031,0 -86.3683600485646,12.1095390422516,0 -86.3683888709838,12.1095343934743,0 -86.3684260612022,12.1095316042079,0 -86.3684362885122,12.1095548480944,0 -86.3684260612022,12.1095920383127,0 -86.3684417744794,12.1096089300878,0 -86.3684443045726,12.1096039794027,0</coordinates></LinearRing></innerBoundaryIs><innerBoundaryIs><LinearRing><coordinates>-86.3685343113131,12.1094009108429,0 -86.3685349546005,12.1094012893918,0 -86.3685355269025,12.1094017645372,0 -86.3685360135417,12.1094023253945,0 -86.3685363998513,12.1094029565574,0 -86.3685442368751,12.1094184710546,0 -86.3685599983676,12.1094408345209,0 -86.3685821052552,12.1094498516684,0 -86.3686110342939,12.1094424662051,0 -86.3686318213579,12.1094347601871,0 -86.3686585761766,12.1094226828832,0 -86.3686688695221,12.1093998659638,0 -86.3686691648707,12.1093993177369,0 -86.3686695336321,12.1093988130826,0 -86.3686699693461,12.1093983637417,0 -86.3686704628064,12.1093979769275,0 -86.3686799052451,12.1093915762013,0 -86.3687039223996,12.1093744711919,0 -86.3687235944183,12.1093594867837,0 -86.3687239543058,12.109359238925,0 -86.3687240739352,12.1093591677589,0 -86.368741911885,12.1093488199487,0 -86.3687463259048,12.1093201091127,0 -86.3686967827906,12.1092885608979,0 -86.3686667703905,12.1092884926296,0 -86.3686659857756,12.1092884248323,0 -86.3686652244419,12.1092882259672,0 -86.3686645093503,12.1092879015122,0 -86.368663859775,12.1092874614582,0 -86.3686632968195,12.1092869194174,0 -86.3686628369886,12.1092862908003,0 -86.3686624921859,12.1092855937194,0 -86.368662273392,12.1092848480941,0 -86.3686595139404,12.109271103977,0 -86.3686474211485,12.1092478328248,0 -86.3686369932037,12.1092426718818,0 -86.3686100008048,12.1092471436392,0 -86.3685956838674,12.1092611672157,0 -86.3685953624859,12.1092614531418,0 -86.3685952805499,12.1092615171593,0 -86.3685813968065,12.1092722519456,0 -86.3685808859863,12.1092725962189,0 -86.3685803312273,12.1092728680497,0 -86.3685668465341,12.109278419499,0 -86.3685443233306,12.1092928910117,0 -86.3685196112461,12.1093198628466,0 -86.3685020878488,12.1093582494997,0 -86.3685052506894,12.1093868627267,0 -86.3685343113131,12.1094009108429,0</coordinates></LinearRing></innerBoundaryIs><innerBoundaryIs><LinearRing><coordinates>-86.3690526286591,12.1092817524169,0 -86.3690519506147,12.1092820872681,0 -86.369051225972,12.1092823080739,0 -86.3690504740437,12.1092824085483,0 -86.3690497159737,12.1092823851222,0 -86.3690367457849,12.1092809377232,0 -86.3690045422758,12.10927945564,0 -86.3689840773317,12.1092826563861,0 -86.3689740112792,12.1092943936776,0 -86.3689912520813,12.1093008008246,0 -86.3689919497051,12.1093011288562,0 -86.3689925809088,12.1093015661549,0 -86.3690063133486,12.109312998554,0 -86.3690251123649,12.1093265829048,0 -86.3690255562737,12.1093269483393,0 -86.369025950439,12.1093273652048,0 -86.3690262866053,12.1093278271525,0 -86.3690386412105,12.1093472357955,0 -86.3690387794283,12.1093474667014,0 -86.3690388215167,12.1093475445653,0 -86.3690545850311,12.1093772833279,0 -86.3690591538634,12.1093851700041,0 -86.3690661390149,12.1093963980668,0 -86.3690664793005,12.1093970625829,0 -86.3690667046109,12.1093977729558,0 -86.3690668085583,12.1093985101814,0 -86.3690667884325,12.1093992543591,0 -86.3690666442823,12.1093999846907,0 -86.3690663798302,12.1094006812903,0 -86.3690578274467,12.1094186064052,0 -86.3690574823533,12.1094192069677,0 -86.3690570482611,12.1094197485496,0 -86.3690565353083,12.1094202185141,0 -86.3690559563853,12.1094206060389,0 -86.3690553234596,12.1094209021086,0 -86.3690334221205,12.1094292259627,0 -86.3690331765632,12.1094293113112,0 -86.3690326579696,12.1094294439658,0 -86.3689980505137,12.1094361736195,0 -86.3690164558353,12.1094561892286,0 -86.3690365908031,12.109469074894,0 -86.3690372209757,12.1094695601171,0 -86.3690377562624,12.1094701454997,0 -86.3690381801647,12.1094708129187,0 -86.3690384798643,12.1094715424507,0 -86.3690386471396,12.1094723132786,0 -86.3690386756196,12.1094730991638,0 -86.3690385644342,12.1094738793057,0 -86.3690383182375,12.1094746283952,0 -86.3690379435151,12.1094753238399,0 -86.3690374513431,12.1094759448664,0 -86.3690368573879,12.1094764725206,0 -86.3690361800666,12.1094768905673,0 -86.3690354387063,12.1094771863904,0 -86.3690346562997,12.1094773519037,0 -86.369033856754,12.1094773808316,0 -86.3689828035763,12.1094748720327,0 -86.3689827337457,12.1094748682568,0 -86.3689823368634,12.1094748257575,0 -86.3689208475528,12.1094655499942,0 -86.3689043523207,12.1094903142073,0 -86.368898417678,12.1095028910199,0 -86.3689134337522,12.1095198578309,0 -86.3689139045922,12.1095204946112,0 -86.368914255805,12.1095212016534,0 -86.36891447825,12.1095219581384,0 -86.3689145627932,12.1095227405339,0 -86.3689145085708,12.1095235253266,0 -86.3689120405493,12.1095390715431,0 -86.3689118568589,12.1095398126361,0 -86.3689115492056,12.1095405136587,0 -86.3689111268298,12.1095411529294,0 -86.3689105998822,12.1095417123855,0 -86.3689099858566,12.1095421775984,0 -86.3689093004089,12.1095425341351,0 -86.3688952451716,12.1095484234081,0 -86.3688962212822,12.1095643843826,0 -86.368896229809,12.1095646665378,0 -86.3688961787965,12.1095863899695,0 -86.3689245250252,12.1095794851305,0 -86.3689247787788,12.1095794314506,0 -86.3689253523623,12.1095793613166,0 -86.3689448071985,12.1095782091892,0 -86.3689455643653,12.1095782262835,0 -86.3689463074635,12.1095783645196,0 -86.3689470181208,12.1095786211428,0 -86.3689628207265,12.1095858415881,0 -86.368963489743,12.1095862210989,0 -86.3689640850005,12.1095867044342,0 -86.3689645890667,12.1095872797988,0 -86.3689649882003,12.109587929076,0 -86.368965271412,12.1095886359636,0 -86.3689654304804,12.1095893796444,0 -86.3689654608618,12.1095901384055,0 -86.3689653616859,12.1095908914462,0 -86.3689651348418,12.1095916170683,0 -86.3689602409721,12.1096035759116,0 -86.3689600008769,12.1096040745289,0 -86.3689597509174,12.1096044691315,0 -86.368950327128,12.1096177985122,0 -86.3689579062417,12.1096328014936,0 -86.3689761925728,12.1096381394465,0 -86.3690030745349,12.1096404061078,0 -86.369012946497,12.1096326707235,0 -86.3690173775482,12.109622919986,0 -86.3690177614241,12.109622239935,0 -86.369018257234,12.1096216351938,0 -86.3690188520724,12.1096211229145,0 -86.3690195266076,12.1096207175215,0 -86.369029263858,12.1096159542027,0 -86.3690299914027,12.1096156719125,0 -86.3690307563308,12.109615514498,0 -86.369031538413,12.1096154873391,0 -86.3690323128358,12.1096155912835,0 -86.3690330584724,12.1096158226661,0 -86.3690337532851,12.1096161742026,0 -86.3690500802977,12.1096262678325,0 -86.3690672783043,12.1096094221906,0 -86.3690718419941,12.1095905348959,0 -86.3690754987735,12.10956691434,0 -86.3690778497862,12.1095420989729,0 -86.3690700293419,12.1095277275384,0 -86.3690698034921,12.1095272468516,0 -86.3690696355904,12.1095267427853,0 -86.3690695292956,12.1095262225819,0 -86.3690671371109,12.1095094689507,0 -86.3690670938217,12.109508728246,0 -86.3690671745824,12.1095079905361,0 -86.3690673765896,12.1095072757088,0 -86.3690676952038,12.1095066027436,0 -86.3690681211933,12.1095059897051,0 -86.3690686425717,12.1095054537472,0 -86.3690796058836,12.1094959077573,0 -86.3690801812201,12.1094954822445,0 -86.3690808160709,12.1094951491036,0 -86.3690814966286,12.1094949182504,0 -86.3690822045038,12.1094947941645,0 -86.3691065242265,12.1094924576246,0 -86.3691073623124,12.1094924522955,0 -86.3691207164678,12.1094935768318,0 -86.3691423921112,12.1094835334192,0 -86.3691652278437,12.1094682351504,0 -86.3691658489464,12.1094678866053,0 -86.3691665166855,12.1094676358285,0 -86.3691672154201,12.1094674909231,0 -86.369167929524,12.1094674536622,0 -86.3691686396954,12.1094675258103,0 -86.3691693312354,12.1094677055256,0 -86.3691699848571,12.1094679882427,0 -86.3691877526087,12.1094773653313,0 -86.3692083804897,12.1094830540261,0 -86.369223800758,12.1094820780864,0 -86.3692406968798,12.109461118171,0 -86.3692621110015,12.109429375925,0 -86.3692712829877,12.109392940669,0 -86.3692680184433,12.1093680808874,0 -86.3692542262985,12.1093550649684,0 -86.3692277719803,12.1093510992558,0 -86.3691737164203,12.1093733519336,0 -86.3691439954438,12.1093896699554,0 -86.369143330347,12.1093899695693,0 -86.3691426241508,12.1093901614803,0 -86.3691418970822,12.109390241213,0 -86.3691411656907,12.1093902051878,0 -86.3691404492674,12.1093900561615,0 -86.3691152600735,12.1093560558029,0 -86.3691314495002,12.109340198051,0 -86.3691315563343,12.1093400970144,0 -86.3691510486275,12.1093221967632,0 -86.3691515531483,12.1093217955048,0 -86.3691521107953,12.109321467614,0 -86.3691527086866,12.1093212202956,0 -86.3692025910127,12.1093045854789,0 -86.3692026563059,12.1093045648288,0 -86.3692030241174,12.1093044643853,0 -86.3692443793381,12.1092949883652,0 -86.3692449759559,12.1092948920587,0 -86.3692455797426,12.1092948735368,0 -86.3692821469393,12.1092961177356,0 -86.3693067048765,12.1092846774144,0 -86.3693072521434,12.1092844652476,0 -86.3693073514604,12.1092844347278,0 -86.3693316823925,12.1092773127359,0 -86.3693322928834,12.109277178481,0 -86.3693329160483,12.1092771256401,0 -86.3693335399348,12.1092771568991,0 -86.3693539347396,12.1092795652245,0 -86.3693864870779,12.1092796391895,0 -86.3693867618203,12.1092796479524,0 -86.3694457951883,12.1092832680819,0 -86.3694614721117,12.109271204414,0 -86.3694619829223,12.1092708637561,0 -86.3694625349195,12.1092705937258,0 -86.3694631179865,12.1092703979171,0 -86.3694947453039,12.1092620961226,0 -86.3694955101756,12.1092619622181,0 -86.3694962866923,12.1092619567478,0 -86.3694970527973,12.1092620805662,0 -86.3694977873658,12.1092623291038,0 -86.3694984692771,12.1092626959825,0 -86.3694990774212,12.1092631703032,0 -86.3694995962059,12.1092637393704,0 -86.3695000109686,12.1092643859695,0 -86.3695003079676,12.1092650919836,0 -86.3695004808193,12.1092658365998,0 -86.3695005231377,12.1092665999094,0 -86.3695004340569,12.1092673593034,0 -86.3695002163847,12.1092680930854,0 -86.3694998766024,12.1092687804715,0 -86.3694994239481,12.1092694006845,0 -86.3694803226986,12.1092914099999,0 -86.3694865178981,12.1093119024291,0 -86.3694977791157,12.1093230352993,0 -86.3695250734461,12.1093242168037,0 -86.3695560985213,12.1093242872797,0 -86.3695787401258,12.109319650011,0 -86.3695794194264,12.1093195629345,0 -86.3695801030884,12.1093195753387,0 -86.3695924629234,12.1093207093491,0 -86.3696071522478,12.1093155846932,0 -86.3696172859305,12.1093012522436,0 -86.3696177522222,12.1093006944568,0 -86.3696183028714,12.1093002155341,0 -86.3696189240601,12.1092998299126,0 -86.3696196001452,12.1092995465995,0 -86.3696203127311,12.1092993727875,0 -86.3696343704866,12.1092970997032,0 -86.3696607595446,12.1092861843749,0 -86.3696489683386,12.1092655435974,0 -86.3696348254404,12.1092665061854,0 -86.3696340921518,12.1092664954772,0 -86.3696333701598,12.1092663699508,0 -86.3696326769156,12.1092661332631,0 -86.3696320317064,12.1092657899793,0 -86.3696314501284,12.1092653509863,0 -86.3696309459424,12.1092648262622,0 -86.3696305338217,12.1092642285005,0 -86.3696208471011,12.1092474583045,0 -86.3696205197599,12.1092467594558,0 -86.3696156885423,12.1092335893804,0 -86.3696154989968,12.1092329098346,0 -86.3696154179365,12.1092322088325,0 -86.3696154499136,12.1092315044699,0 -86.3696155921332,12.1092308130177,0 -86.3696158417959,12.1092301525551,0 -86.3696161933543,12.109229537538,0 -86.3696259521079,12.1092152042363,0 -86.3696260581374,12.1092150543664,0 -86.3696264285798,12.109214615727,0 -86.3696446773088,12.1091956247641,0 -86.369644723608,12.1091758844071,0 -86.3696447769166,12.1091531554162,0 -86.3696447934187,12.1091527801769,0 -86.3696460428377,12.1091384275478,0 -86.3696461741698,12.1091376763883,0 -86.3696464313217,12.1091369571644,0 -86.3696468078121,12.1091362906598,0 -86.369647293488,12.1091356958414,0 -86.3696478726874,12.109135189855,0 -86.3696624860194,12.1091244557657,0 -86.3696631430842,12.1091240539484,0 -86.3696638596146,12.1091237653014,0 -86.3696646144519,12.1091235997237,0 -86.3696653873709,12.1091235607864,0 -86.369666156313,12.109123650248,0 -86.3696668983112,12.1091238653436,0 -86.3696675940828,12.1091241996993,0 -86.3696682215946,12.1091246442223,0 -86.3696687652542,12.1091251862173,0 -86.3696692085571,12.1091258102739,0 -86.3696776842195,12.1091401849894,0 -86.3696777418791,12.1091402845913,0 -86.3696778242163,12.109140441219,0 -86.3696843560385,12.1091533700953,0 -86.3697071540665,12.1091635290223,0 -86.3697078488026,12.1091639131111,0 -86.3697084651643,12.109164410057,0 -86.3697315668227,12.1091665703986,0 -86.3697437458479,12.1091570271411,0 -86.3697441683321,12.1091567324005,0 -86.3697636612678,12.1091448057878,0 -86.3697637946977,12.1091447274183,0 -86.3697866662384,12.1091317667436,0 -86.3698067094952,12.1091167559692,0 -86.3698173411362,12.1091040288371,0 -86.3698177363364,12.1091036128607,0 -86.3698181810381,12.1091032485407,0 -86.369818668794,12.1091029421925,0 -86.3698386251013,12.1090920918168,0 -86.3698438675651,12.1090603806238,0 -86.3698440465858,12.109059670265,0 -86.3698443394696,12.1090589963361,0 -86.3698447388182,12.1090583787143,0 -86.3698452344895,12.1090578318452,0 -86.3698458135802,12.1090573719765,0 -86.3698464604451,12.1090570090197,0 -86.3698471575971,12.1090567546909,0 -86.3698478884845,12.1090566134739,0 -86.3698486319592,12.1090565907463,0 -86.369878584995,12.1090580621955,0 -86.3699061808646,12.109051340022,0 -86.3699176301517,12.1090426189,0 -86.3699390771075,12.1089936862801,0 -86.3699520104464,12.1089544020048,0 -86.3699521270002,12.1089046821636,0 -86.3699354996688,12.108877269107,0 -86.3699240552899,12.1088631245813,0 -86.3699236340306,12.1088625050965,0 -86.3699233213475,12.1088618252713,0 -86.3699231263853,12.1088611041164,0 -86.3699230555301,12.1088603615405,0 -86.369923108735,12.1088596174377,0 -86.3699232868725,12.1088588917041,0 -86.3699235825422,12.1088582051214,0 -86.3699239901904,12.1088575748584,0 -86.3699244969074,12.1088570198756,0 -86.3699250888753,12.1088565546102,0 -86.3699257513616,12.1088561916887,0 -86.3699264650473,12.10885594011,0 -86.3699642934387,12.1088460101609,0 -86.3700166365723,12.1088289729457,0 -86.3700370638105,12.1088218456456,0 -86.3700371898018,12.1088218043346,0 -86.3700374950911,12.1088217182164,0 -86.370054712954,12.1088175243539,0 -86.3700688407882,12.1088120005134,0 -86.3700940715906,12.1087996573641,0 -86.3701118905122,12.1087781786175,0 -86.3701247933573,12.1087362058338,0 -86.3701299438824,12.1087111616913,0 -86.3700996497974,12.1086968188588,0 -86.370099069797,12.1086964910969,0 -86.3700985442001,12.1086960838818,0 -86.3700980840127,12.108695606281,0 -86.3700976993241,12.1086950664562,0 -86.3700740963652,12.1086562698542,0 -86.3700318705275,12.1086200904747,0 -86.3699980443456,12.1086130760505,0 -86.3699975622028,12.1086129483567,0 -86.3699973684628,12.1086128819044,0 -86.3699746794484,12.1086044504275,0 -86.3699558332075,12.108603170591,0 -86.3699247699242,12.1086402090745,0 -86.3699260299212,12.1087103190661,0 -86.3699260306281,12.1087104094959,0 -86.369925989734,12.1087109980902,0 -86.36992153506,12.1087426061781,0 -86.3699126380862,12.1088028943181,0 -86.369912496916,12.1088035306117,0 -86.3699122629971,12.1088041395664,0 -86.3699119427897,12.108804709441,0 -86.3698958391688,12.1088290767257,0 -86.3698953820085,12.1088296598537,0 -86.3698948331435,12.1088301622924,0 -86.3698942091486,12.108830569611,0 -86.3698547704315,12.108852013727,0 -86.3698544953461,12.1088521514575,0 -86.3698544153141,12.1088521874471,0 -86.3697989620837,12.1088764482034,0 -86.3697924748222,12.108879394995,0 -86.3697827565491,12.1088999878318,0 -86.3697824630878,12.1089005161701,0 -86.3697820998894,12.1089010009445,0 -86.3697816752455,12.1089014331311,0 -86.3697811956034,12.1089018064145,0 -86.369771697984,12.1089082441307,0 -86.3697710676707,12.1089086026034,0 -86.3697703879746,12.1089088587802,0 -86.3697696754535,12.1089090054645,0 -86.3697528934359,12.1089111213556,0 -86.3697521333953,12.1089111548968,0 -86.3697513782399,12.1089110645624,0 -86.3697506491008,12.1089108522092,0 -86.3697499643399,12.1089105251129,0 -86.3697441563349,12.1089071326248,0 -86.3697143129229,12.1089325918148,0 -86.3696897623629,12.1089679441041,0 -86.3696896793895,12.1089680587594,0 -86.3696894176595,12.1089683791849,0 -86.3696674046502,12.1089929952761,0 -86.3696585195073,12.1090325374073,0 -86.3696582899045,12.1090332648324,0 -86.3696579391169,12.109033943151,0 -86.3696574772953,12.1090345543006,0 -86.3696569182639,12.1090350811313,0 -86.3696562767639,12.1090355073995,0 -86.3696555721205,12.1090358213934,0 -86.3696548236503,12.1090360150183,0 -86.3696540525015,12.1090360828966,0 -86.3696532816561,12.1090360214633,0 -86.3696525313219,12.1090358343815,0 -86.3696518235451,12.1090355253184,0 -86.3696285578996,12.1090229689797,0 -86.3696126959843,12.1090210592825,0 -86.3695928332082,12.1090319939524,0 -86.3695922915101,12.1090411937849,0 -86.369599253782,12.1090543469981,0 -86.3696174450212,12.1090688739989,0 -86.3696179172541,12.1090693091265,0 -86.3696183222648,12.1090698037841,0 -86.3696186527189,12.1090703507205,0 -86.3696189022156,12.1090709363573,0 -86.3696297689692,12.1091025430649,0 -86.3696299474514,12.1091032379584,0 -86.3696300119413,12.1091039515828,0 -86.3696299606433,12.1091046658486,0 -86.3696297954357,12.1091053635785,0 -86.3696295200366,12.1091060266956,0 -86.3696291427545,12.1091066389415,0 -86.3696286709793,12.1091071840559,0 -86.3696281176034,12.1091076503125,0 -86.3696274964448,12.1091080232742,0 -86.3696268231425,12.1091082957423,0 -86.3696020016733,12.1091161355507,0 -86.369601350699,12.109116291417,0 -86.3696006824897,12.1091163513904,0 -86.3695656694182,12.1091169898615,0 -86.3695650244007,12.1091169567465,0 -86.3695643906183,12.1091168350374,0 -86.3695440395741,12.1091114454117,0 -86.3695327836497,12.1091160787008,0 -86.3695235876435,12.1091283008764,0 -86.3695147767916,12.1091475230641,0 -86.3695167399688,12.109164621154,0 -86.3695217152483,12.1091829712816,0 -86.3695218477327,12.1091836877734,0 -86.3695218616448,12.1091844166557,0 -86.3695217570334,12.1091851371303,0 -86.3695215357769,12.1091858320201,0 -86.36952120435,12.1091864832541,0 -86.3695207701467,12.1091870727634,0 -86.3694959025939,12.1092157272049,0 -86.3694953729869,12.1092162459636,0 -86.3694947645657,12.1092166732107,0 -86.3694940938967,12.1092169981327,0 -86.369493378463,12.1092172108221,0 -86.3694926366538,12.1092173067993,0 -86.3694918896111,12.1092172833995,0 -86.3694911566303,12.1092171415707,0 -86.3694904560837,12.1092168840677,0 -86.3694795196927,12.1092118323229,0 -86.3694788763683,12.1092114691488,0 -86.3694783003574,12.1092110075611,0 -86.3694778072499,12.1092104611592,0 -86.3694774098814,12.1092098426323,0 -86.3694771201554,12.1092091700931,0 -86.3694769426265,12.1092084607332,0 -86.3694768846056,12.1092077317506,0 -86.3694769418597,12.1091833271361,0 -86.3694769790282,12.1091827602361,0 -86.3694769874281,12.109182705094,0 -86.3694805645092,12.1091577848968,0 -86.3694760784767,12.1091412363041,0 -86.3694646525196,12.1091306049351,0 -86.3694645534974,12.1091305097606,0 -86.3694508728186,12.1091169858984,0 -86.3694386488302,12.1091069142741,0 -86.3694176804247,12.1091006723079,0 -86.3694170854732,12.1091004503115,0 -86.3694165265468,12.1091001488202,0 -86.3693953931524,12.1090866785569,0 -86.3693765796847,12.1090949172192,0 -86.3693699137932,12.1091125021007,0 -86.3693695859655,12.1091131858968,0 -86.3693691480163,12.1091138052387,0 -86.3693686100899,12.1091143447767,0 -86.3693576473663,12.1091236511463,0 -86.3693570011946,12.1091241099573,0 -86.3693562845387,12.1091244519558,0 -86.3693555185574,12.1091246672428,0 -86.369354726241,12.1091247486364,0 -86.3693539305672,12.1091246943801,0 -86.369353157264,12.1091245054368,0 -86.3693524292898,12.1091241881885,0 -86.3693517668401,12.109123751724,0 -86.3693511919394,12.1091232087531,0 -86.3693507201695,12.1091225764928,0 -86.3693427803665,12.1091097257954,0 -86.3693370083862,12.1091011636044,0 -86.369336674344,12.1091005795839,0 -86.3693364322969,12.109099952367,0 -86.3693362877248,12.1090992964345,0 -86.3693362424294,12.1090986271634,0 -86.3693362991335,12.1090979590283,0 -86.3693364550486,12.1090973055872,0 -86.3693395923236,12.1090875075936,0 -86.3693362348451,12.1090771875403,0 -86.3693421394296,12.1090699667066,0 -86.369386712714,12.1090154593395,0 -86.3693872202835,12.1090149332967,0 -86.3693878066817,12.1090144924355,0 -86.3693884562552,12.1090141502844,0 -86.3693891542817,12.1090139149487,0 -86.3693898805321,12.109013791808,0 -86.3693906184549,12.1090137853461,0 -86.369391346919,12.1090138937064,0 -86.3694191811186,12.1090203520237,0 -86.3694406525827,12.109021721056,0 -86.3694671518596,12.1090053359976,0 -86.3694675511966,12.1090051153559,0 -86.3694938400359,12.1089922547054,0 -86.3694945988455,12.1089919625377,0 -86.3695193606904,12.1089848568795,0 -86.3695473213888,12.1089761714714,0 -86.3695414799538,12.1089529489172,0 -86.3695264744923,12.1089400713235,0 -86.3694918210702,12.1089413562602,0 -86.3694912035852,12.1089413385804,0 -86.3694905936446,12.1089412386281,0 -86.3694900022694,12.1089410591413,0 -86.3694643948396,12.1089313920742,0 -86.3694337997072,12.10893335087,0 -86.3694331325743,12.1089333439286,0 -86.3694324739345,12.108933242057,0 -86.3694318357277,12.1089330479951,0 -86.3694056007839,12.1089229391121,0 -86.3694050279911,12.1089226728563,0 -86.3694044976475,12.1089223307373,0 -86.3694040198464,12.108921919108,0 -86.3693792769347,12.1088974581463,0 -86.3693789313922,12.1088970757544,0 -86.3693786318834,12.1088966563916,0 -86.3693579068387,12.1088638580403,0 -86.3693200394415,12.1088571146779,0 -86.3692613417079,12.1088710618576,0 -86.3692242919721,12.1088835878623,0 -86.3692000371596,12.1089017521985,0 -86.3691994389552,12.1089021333499,0 -86.3691987867587,12.1089024185249,0 -86.369198098049,12.1089025996244,0 -86.3691747396839,12.1089068536278,0 -86.3691741817301,12.108906921085,0 -86.3691738931638,12.108906929472,0 -86.3691531243532,12.1089068822673,0 -86.3691045625521,12.1089313728593,0 -86.3690937106699,12.108942002434,0 -86.3690933892893,12.1089422883607,0 -86.3690932171367,12.1089424208987,0 -86.3690715571738,12.1089583295138,0 -86.3690701998139,12.1089826371263,0 -86.3690800673816,12.1090119935378,0 -86.3690801622014,12.1090123129646,0 -86.3690887586052,12.1090464835926,0 -86.3690979411632,12.1090685743549,0 -86.36913548514,12.1090792226045,0 -86.3691533035699,12.1090752191592,0 -86.3691538468699,12.1090751308702,0 -86.3691543955329,12.1090751067974,0 -86.3691549440451,12.1090751469282,0 -86.3691983769258,12.1090809516596,0 -86.3691986938604,12.1090809939768,0 -86.3691994662911,12.1090811630244,0 -86.3692001979895,12.1090814594831,0 -86.3692008659992,12.1090818760665,0 -86.3692014519712,12.1090824000728,0 -86.3692019366461,12.1090830151814,0 -86.3692023062803,12.1090837041795,0 -86.3692025489806,12.1090844444332,0 -86.3692026489724,12.1090849094611,0 -86.369207630882,12.1091059064397,0 -86.3692029824015,12.1091143364365,0 -86.369176039207,12.1091119475798,0 -86.3691667659548,12.1091155734693,0 -86.3691512351622,12.1091280190594,0 -86.369150671864,12.1091284057157,0 -86.3691500563904,12.1091287054424,0 -86.3691494016254,12.1091289101303,0 -86.369128237809,12.1091338862118,0 -86.3691275860321,12.1091339923398,0 -86.3691251373341,12.1091534496199,0 -86.3691256652902,12.1091540259429,0 -86.369126085542,12.109154682502,0 -86.3691263843502,12.1091554002763,0 -86.36913072922,12.1091690485226,0 -86.3691308902475,12.1091697406638,0 -86.369130939129,12.1091704479228,0 -86.3691308749837,12.1091711540207,0 -86.3691286566754,12.1091840684451,0 -86.3691285304396,12.1091846053012,0 -86.3691283380871,12.1091851221129,0 -86.369118805058,12.1092066340938,0 -86.3691186979351,12.1092068581121,0 -86.3691109653844,12.1092219881509,0 -86.3691091626585,12.1092336330044,0 -86.3690801948652,12.1092446238027,0 -86.3690712738747,12.1092653395969,0 -86.3690709535673,12.1092659510671,0 -86.369070542417,12.1092665062654,0 -86.3690700505575,12.1092669943635,0 -86.3690532407887,12.1092813116149,0 -86.3690526286591,12.1092817524169,0</coordinates></LinearRing></innerBoundaryIs><innerBoundaryIs><LinearRing><coordinates>-86.369593178926,12.1088415051544,0 -86.369593228595,12.108841485373,0 -86.3696312594488,12.1088263391302,0 -86.3696419406015,12.1088093475259,0 -86.3696515952847,12.1087837421182,0 -86.3696436403108,12.1087467959126,0 -86.369623284122,12.1087353828637,0 -86.3695831245045,12.1087241084033,0 -86.3695502110917,12.1087240336444,0 -86.3695494843474,12.1087239759282,0 -86.3695487753302,12.1087238043128,0 -86.3695185684626,12.1087138193484,0 -86.3694874306207,12.1087097498832,0 -86.3694262917908,12.1087587433085,0 -86.3694248025386,12.1088099059725,0 -86.3694318867972,12.108821585488,0 -86.3694840422804,12.1088355837889,0 -86.3694846492073,12.1088357931524,0 -86.3694852210259,12.1088360829171,0 -86.3695205936631,12.1088572547292,0 -86.3695393148199,12.1088636796729,0 -86.369593178926,12.1088415051544,0</coordinates></LinearRing></innerBoundaryIs><innerBoundaryIs><LinearRing><coordinates>-86.3707082417739,12.1093331044776,0 -86.3707079935196,12.1093331645016,0 -86.3707079089352,12.1093331823954,0 -86.3706854640897,12.1093377804149,0 -86.3706621523691,12.1093491838981,0 -86.3706389295928,12.1093685172254,0 -86.3706249657136,12.1093958436928,0 -86.3706180610462,12.1094283071138,0 -86.3706293248282,12.1094485704766,0 -86.3706547005233,12.1094497140615,0 -86.3706554354599,12.1094498061562,0 -86.3706561462352,12.1094500130399,0 -86.3706568135643,12.109450329243,0 -86.3706574200065,12.1094507465877,0 -86.370678051313,12.109467545185,0 -86.370678178793,12.1094676530836,0 -86.3706874593734,12.1094758081393,0 -86.370699204201,12.1094739095549,0 -86.3707179297618,12.1094647491402,0 -86.3707484633311,12.1094475058995,0 -86.3707631066465,12.1094243478953,0 -86.3707654488781,12.1093898711424,0 -86.3707383968479,12.1093479922145,0 -86.3707380866501,12.1093474272395,0 -86.3707378601643,12.1093468244745,0 -86.3707377237955,12.1093461956897,0 -86.3707348568386,12.1093261213739,0 -86.3707084688906,12.10933304531,0 -86.3707082417739,12.1093331044776,0</coordinates></LinearRing></innerBoundaryIs><innerBoundaryIs><LinearRing><coordinates>-86.3697484278309,12.1094748338961,0 -86.3697478658886,12.1094750342748,0 -86.3697472820635,12.109475161357,0 -86.3697085745024,12.1094810227217,0 -86.3696759481876,12.1094889705052,0 -86.3696515586175,12.1095128604823,0 -86.3696548957352,12.1095522422798,0 -86.3696631444539,12.1095826710914,0 -86.3696797104661,12.1096213450399,0 -86.3697047438842,12.1096528464681,0 -86.3697379562927,12.1096551762664,0 -86.3697384202259,12.1096552324812,0 -86.3697736611774,12.1096612934254,0 -86.3697744133321,12.1096614886496,0 -86.3697751201749,12.1096618049446,0 -86.3697757633459,12.1096622341302,0 -86.3697763235774,12.1096627635026,0 -86.3697767852792,12.1096633794624,0 -86.3697771347138,12.109664062084,0 -86.3697773627344,12.1096647932611,0 -86.3697774620403,12.1096655512744,0 -86.3697774290047,12.1096663153172,0 -86.3697772664351,12.109667063693,0 -86.3697769780624,12.109667772899,0 -86.3697637653582,12.1096937093343,0 -86.3697634553764,12.1096942285922,0 -86.3697630784182,12.1096947024839,0 -86.3697626400165,12.1096951228834,0 -86.3697359326306,12.1097175453808,0 -86.3697305638233,12.1097470841984,0 -86.3697411400083,12.1097697722196,0 -86.3697954958504,12.1098142461316,0 -86.3698518253424,12.1098180698339,0 -86.3698979975929,12.1098106058313,0 -86.3698985922826,12.1098105484032,0 -86.36989918863,12.1098105678428,0 -86.3699400263827,12.1098144883798,0 -86.3699408108216,12.1098146321328,0 -86.3699415581936,12.1098149078268,0 -86.3699422464674,12.1098153054645,0 -86.3699428536119,12.109815815049,0 -86.3699433622055,12.1098164202636,0 -86.3699437566708,12.109817102083,0 -86.3699440251061,12.1098178414902,0 -86.3699441602129,12.1098186158618,0 -86.3699441565348,12.1098194007697,0 -86.3699440150439,12.1098201736091,0 -86.3699437394709,12.1098209108771,0 -86.3699433381414,12.1098215890812,0 -86.3699296783026,12.1098406989938,0 -86.3699296312842,12.1098407639953,0 -86.3699293584967,12.1098410970558,0 -86.3699037010366,12.1098695788292,0 -86.3699133414648,12.1098755382278,0 -86.3699332001751,12.1098738073044,0 -86.3699333279306,12.1098737976473,0 -86.3699339298299,12.1098738008224,0 -86.3699864647342,12.109877749717,0 -86.3699871986997,12.1098778644182,0 -86.3699879048278,12.1098780939001,0 -86.3699885638358,12.1098784317888,0 -86.3699891582829,12.1098788699061,0 -86.3699896734916,12.1098793973674,0 -86.3699900957139,12.1098799987687,0 -86.3699904139563,12.1098806596166,0 -86.3699906199889,12.1098813627109,0 -86.3699907074235,12.1098820890473,0 -86.3699906744668,12.1098828196319,0 -86.3699905230012,12.1098835354789,0 -86.369990255828,12.1098842176048,0 -86.3699687560978,12.1099281928324,0 -86.3699683603242,12.1099288529636,0 -86.369967856292,12.1099294377937,0 -86.369943180258,12.109953607472,0 -86.369932855606,12.1099788378978,0 -86.369946494817,12.1099940074366,0 -86.3699469464623,12.1099946016705,0 -86.3699472931982,12.1099952598702,0 -86.3699475258757,12.1099959648336,0 -86.3699476390235,12.1099966984627,0 -86.3699476280957,12.1099974399486,0 -86.3699474940579,12.1099981693993,0 -86.3699472406303,12.1099988678335,0 -86.369946875209,12.1099995162779,0 -86.3699464061069,12.1100000966659,0 -86.3699458471439,12.1100005936559,0 -86.3699215772893,12.1100188773823,0 -86.3699152796274,12.1100357957527,0 -86.3699291197853,12.1100479590131,0 -86.3699526592832,12.110048012454,0 -86.3699534071561,12.1100480747387,0 -86.3699541345347,12.1100482554377,0 -86.3699548221318,12.1100485499858,0 -86.3699554515858,12.1100489511072,0 -86.3699560063811,12.1100494479129,0 -86.3699564718487,12.1100500259011,0 -86.3699568360742,12.1100506714806,0 -86.3699570880727,12.1100513665408,0 -86.3699572214541,12.1100520929815,0 -86.3699572335083,12.1100528309024,0 -86.3699571233628,12.1100535604074,0 -86.3699514543809,12.1100774820565,0 -86.3699547570912,12.1100939311979,0 -86.3700005689368,12.110126546825,0 -86.3700549973415,12.1101248247374,0 -86.3700953837546,12.1101162805192,0 -86.3700938459623,12.1100992014836,0 -86.3700938403234,12.1100984708115,0 -86.3700939541273,12.110097748549,0 -86.3700941854916,12.1100970536817,0 -86.3701039653617,12.1100741071322,0 -86.3701042330913,12.1100735796395,0 -86.3701045668954,12.1100730902766,0 -86.3701240763644,12.1100482514454,0 -86.3701245314894,12.110047753315,0 -86.3701250572051,12.1100473267831,0 -86.3701256406231,12.1100469817675,0 -86.3701262688635,12.1100467245689,0 -86.3701438046312,12.110041016755,0 -86.3701445199629,12.1100408483735,0 -86.3701452534063,12.1100407939727,0 -86.3701459865784,12.1100408553192,0 -86.3701466992668,12.1100410305587,0 -86.3701473758581,12.1100413160386,0 -86.3701479961548,12.1100417035745,0 -86.3701632387852,12.110053016365,0 -86.3701635268399,12.110053226812,0 -86.3701640550839,12.1100536819601,0 -86.3701645050445,12.1100542110816,0 -86.3701648684808,12.1100548014979,0 -86.3701651353164,12.1100554396218,0 -86.3701653000737,12.1100561100682,0 -86.3701653581918,12.1100567983582,0 -86.3701653078753,12.1100574864022,0 -86.3701651519171,12.1100581588336,0 -86.3701650389802,12.110058511247,0 -86.3701526920317,12.1100981296346,0 -86.3701734838317,12.110106053112,0 -86.3702137136061,12.1101118015924,0 -86.37025058162,12.1101157049389,0 -86.3702513173691,12.110115843155,0 -86.370252019763,12.1101160979476,0 -86.3702526713632,12.1101164602345,0 -86.3702532547268,12.1101169227417,0 -86.3702537533447,12.1101174718677,0 -86.3702541553047,12.1101180931168,0 -86.3702544496155,12.1101187710914,0 -86.3702546280532,12.1101194858786,0 -86.3702546851425,12.110120221189,0 -86.3702546209362,12.1101209544155,0 -86.370250676331,12.1101439142121,0 -86.3702504769795,12.1101446733561,0 -86.3702501463278,12.1101453860838,0 -86.370249696369,12.1101460325283,0 -86.3702491390979,12.1101465919182,0 -86.3702484920104,12.1101470489205,0 -86.3702477753569,12.1101473891126,0 -86.3702470084607,12.1101476016871,0 -86.3701868297887,12.1101589214652,0 -86.3701507772898,12.1101681709249,0 -86.3701210227651,12.110188201048,0 -86.3701001899581,12.1102197258439,0 -86.3700848984607,12.1102496445519,0 -86.3700754554945,12.110286457211,0 -86.3700845882139,12.1103337818027,0 -86.3701039160636,12.1103511526075,0 -86.3701619112902,12.1103641774788,0 -86.3702044727016,12.1103533548721,0 -86.3702304348896,12.1103297406064,0 -86.3702418126369,12.110311177113,0 -86.3702418873506,12.1103110579174,0 -86.3702586747862,12.1102854903796,0 -86.3702569040459,12.1102333075168,0 -86.3702569016662,12.1102331465492,0 -86.3702569077096,12.1102329204926,0 -86.3702589418867,12.1101946441643,0 -86.3702590409978,12.1101939173469,0 -86.3702592585925,12.1101932161183,0 -86.3702595881981,12.1101925576451,0 -86.3702600224185,12.1101919609004,0 -86.3702605483525,12.1101914412278,0 -86.3702741911675,12.1101799869068,0 -86.37027469377,12.1101796200047,0 -86.3702752421541,12.1101793237405,0 -86.3703258660337,12.1101564716666,0 -86.370357946919,12.1101417042907,0 -86.3703755143664,12.1101193378618,0 -86.3703683380854,12.1100817948063,0 -86.3703547188308,12.1100565263174,0 -86.3703346268164,12.1100597750296,0 -86.3703340596964,12.1100598316169,0 -86.3703334890638,12.1100598185665,0 -86.3703329250269,12.1100597359015,0 -86.3702959860617,12.1100519955392,0 -86.3702953827139,12.1100518259739,0 -86.3702948080397,12.1100515768968,0 -86.3702502821822,12.1100285885022,0 -86.3702232352097,12.110017108766,0 -86.3702225661225,12.1100167581951,0 -86.3702219643635,12.1100163028803,0 -86.3702214473585,12.1100157573297,0 -86.3702210288622,12.1100151342344,0 -86.3702207189381,12.1100144526072,0 -86.3702205285713,12.1100137305587,0 -86.3702204613929,12.1100129870869,0 -86.3702205191942,12.1100122420902,0 -86.3702207000865,12.110011517267,0 -86.3702300492637,12.1099841270003,0 -86.3702191863276,12.1099445734968,0 -86.3701968712683,12.1099243510524,0 -86.3701964285025,12.1099238888641,0 -86.3701960547906,12.1099233698628,0 -86.3701957602174,12.1099228040184,0 -86.3701955484311,12.1099222030949,0 -86.370195423999,12.1099215788584,0 -86.3701899399528,12.1098775767402,0 -86.3701566050813,12.1098537709375,0 -86.3701563601618,12.1098535840998,0 -86.3701447056772,12.1098439813102,0 -86.3701443086381,12.1098436132709,0 -86.3701439585707,12.1098432001241,0 -86.3701436609717,12.1098427491165,0 -86.3701300881457,12.1098192494976,0 -86.3700811819505,12.1098369483205,0 -86.3700804637947,12.1098371456324,0 -86.3700797229431,12.1098372244319,0 -86.3700789786914,12.1098371856671,0 -86.3700782503392,12.1098370284775,0 -86.3700775571758,12.1098367565241,0 -86.3700769184777,12.1098363788933,0 -86.3700763498455,12.1098359046635,0 -86.3700758668737,12.1098353456257,0 -86.3700754814724,12.1098347171796,0 -86.3700638648155,12.1098117220653,0 -86.3700635806753,12.1098110178895,0 -86.3700634206806,12.1098102760156,0 -86.3700633884561,12.1098095181547,0 -86.3700653032038,12.1097649640352,0 -86.3700251842019,12.1097504017565,0 -86.3699939045294,12.1097503307527,0 -86.3699931309355,12.1097502647927,0 -86.369992379695,12.1097500713797,0 -86.3699916719307,12.1097497559874,0 -86.3699910287569,12.1097493277065,0 -86.3699904676038,12.1097487992366,0 -86.3699900058972,12.1097481850858,0 -86.3699896546219,12.1097475033645,0 -86.3699894256796,12.1097467730897,0 -86.3699893254541,12.1097460150744,0 -86.3699893557323,12.1097452510254,0 -86.3699976045811,12.1096799932945,0 -86.3699402361204,12.109658390901,0 -86.3699399331662,12.1096582645181,0 -86.3698719166247,12.1096270019153,0 -86.3698713448655,12.1096266859272,0 -86.369870823828,12.1096262931904,0 -86.3698703645246,12.1096258300598,0 -86.3698497546749,12.1096018577891,0 -86.3698493323982,12.1096012798988,0 -86.3698490067498,12.1096006425453,0 -86.3698487877976,12.1095999629328,0 -86.3698391571511,12.1095592673945,0 -86.3698390610798,12.1095586974791,0 -86.3698390394591,12.1095581204985,0 -86.3698390922702,12.1095575445912,0 -86.3698463646627,12.1095117339321,0 -86.3698408131934,12.1094863236807,0 -86.369816132536,12.1094619234827,0 -86.3697885617953,12.1094575185197,0 -86.3697484278309,12.1094748338961,0</coordinates></LinearRing></innerBoundaryIs><innerBoundaryIs><LinearRing><coordinates>-86.3706056128421,12.1096136374003,0 -86.3704754754453,12.1095018987457,0 -86.3704367785196,12.1094947928918,0 -86.3703364068929,12.1095039697195,0 -86.3703084614168,12.1095218318881,0 -86.3703009059245,12.1095465251405,0 -86.3703006369252,12.1095472027412,0 -86.370300260529,12.1095478294585,0 -86.3702997868846,12.1095483881341,0 -86.3702992288909,12.1095488643287,0 -86.3702985994384,12.1095492472201,0 -86.3702979169334,12.1095495250946,0 -86.3702971970127,12.1095496916575,0 -86.3702664412427,12.1095542906793,0 -86.3702360528314,12.1096068255854,0 -86.3702503904586,12.1096478690903,0 -86.3702505617247,12.1096485069974,0 -86.3702506364623,12.1096491618667,0 -86.370250614701,12.1096498210385,0 -86.3702504946368,12.1096504700401,0 -86.3702502799795,12.1096510944115,0 -86.3702499753533,12.1096516815032,0 -86.3702371717128,12.1096724816688,0 -86.3702574897466,12.1097194355627,0 -86.3702702244585,12.1097280524191,0 -86.3702707335379,12.1097284505538,0 -86.3702711790539,12.109728915461,0 -86.3702879089823,12.1097490510758,0 -86.3702880546589,12.109749236784,0 -86.3703097956484,12.1097783623777,0 -86.3703442531191,12.1097913365133,0 -86.3703659504031,12.1097920530983,0 -86.3703833731845,12.1097859254252,0 -86.3703839157214,12.1097857711196,0 -86.3703844728045,12.1097856837638,0 -86.3703850370845,12.1097856624369,0 -86.3704160053999,12.10978645069,0 -86.3704164005299,12.109786457012,0 -86.3704169012697,12.1097864925106,0 -86.3704173945226,12.1097865858663,0 -86.3704178729432,12.1097867343495,0 -86.3704182521313,12.1097868771818,0 -86.3704375775806,12.1097938903181,0 -86.3704524480773,12.1097843956367,0 -86.3704529421902,12.109784121856,0 -86.370453465565,12.1097839096328,0 -86.3704997302108,12.1097683777394,0 -86.3705730037395,12.1097256511458,0 -86.3705944474083,12.1096949704845,0 -86.3705987557578,12.1096630365119,0 -86.370598860845,12.1096625041283,0 -86.3705990311406,12.1096619872656,0 -86.3705992620309,12.1096614940515,0 -86.3706076936932,12.109646029161,0 -86.3706059712471,12.1096155726716,0 -86.3706056128421,12.1096136374003,0</coordinates></LinearRing></innerBoundaryIs><innerBoundaryIs><LinearRing><coordinates>-86.3698152014198,12.1102845940345,0 -86.3697985890302,12.11031034551,0 -86.369781553271,12.1103485226567,0 -86.3697827837846,12.1103806337674,0 -86.3697923542306,12.1103850928091,0 -86.3698109954357,12.1103907832812,0 -86.3698116261781,12.1103910270608,0 -86.3698122135204,12.1103913602658,0 -86.3698127446188,12.1103917738241,0 -86.3698132084651,12.1103922595722,0 -86.3698135940552,12.110392807538,0 -86.3698346646257,12.1104280265013,0 -86.3698349829066,12.1104286710723,0 -86.3698351944951,12.1104293560937,0 -86.369835292078,12.1104300652718,0 -86.3698366923275,12.1104544560141,0 -86.3698380274965,12.1104748578237,0 -86.3698545246802,12.1105013753532,0 -86.369867666803,12.1105130007934,0 -86.3698766566425,12.1105193511749,0 -86.3699052670324,12.1105220973297,0 -86.3699266226174,12.1105168955589,0 -86.3699429060201,12.1105009457387,0 -86.3699391663993,12.1104854550479,0 -86.3699390568106,12.1104847711624,0 -86.3699390547588,12.1104840784783,0 -86.369939160206,12.1104833932725,0 -86.369939370357,12.1104827318156,0 -86.3699396805791,12.1104821103744,0 -86.3699400844079,12.1104815424982,0 -86.3699405707842,12.1104810417264,0 -86.3699543936145,12.1104688571721,0 -86.3699579473143,12.1104601723836,0 -86.3699560363468,12.110445484325,0 -86.3699439734797,12.1104187869694,0 -86.3699437360949,12.1104181299222,0 -86.369943604458,12.1104174432738,0 -86.3699435822002,12.1104167460224,0 -86.3699436683687,12.1104160526342,0 -86.369947357707,12.1103981164515,0 -86.3699475707547,12.1103973953186,0 -86.3699479022416,12.1103967187645,0 -86.3699600965799,12.1103763540007,0 -86.3699678993891,12.1103528097604,0 -86.3699707380776,12.1103335721937,0 -86.3699694182257,12.1103140801258,0 -86.3699523821365,12.1102783277626,0 -86.3699256589982,12.1102670793241,0 -86.3698908071572,12.1102663002819,0 -86.369890671165,12.1102662954517,0 -86.3698625549052,12.1102648480623,0 -86.3698152014198,12.1102845940345,0</coordinates></LinearRing></innerBoundaryIs><innerBoundaryIs><LinearRing><coordinates>-86.3694500760916,12.110306086865,0 -86.3694198938663,12.1103043254724,0 -86.3693991177242,12.1103089226528,0 -86.3693983832487,12.1103090249762,0 -86.3693976407785,12.1103090097249,0 -86.3693969114494,12.1103088769469,0 -86.3693962127146,12.1103086293947,0 -86.3693955638529,12.1103082752506,0 -86.3693949813861,12.1103078226907,0 -86.3693944799874,12.1103072844083,0 -86.3693940743301,12.1103066730967,0 -86.3693937735655,12.1103060050538,0 -86.3693935850026,12.1103052983816,0 -86.3693935159504,12.1103045711826,0 -86.3693935654454,12.1103038424444,0 -86.3693985048189,12.1102713149157,0 -86.3693985383484,12.1102711241886,0 -86.3694006811463,12.110260234277,0 -86.3693831098886,12.1102489423786,0 -86.3693590087378,12.1102336866444,0 -86.3693426560402,12.1102251193991,0 -86.3693420155702,12.11022471373,0 -86.3693414506887,12.1102242078574,0 -86.3693409797362,12.1102236181001,0 -86.3693406146248,12.1102229589537,0 -86.3693403644975,12.110222250333,0 -86.3693402375821,12.1102215103425,0 -86.3693402365888,12.1102207588826,0 -86.3693403614644,12.11022001856,0 -86.3693406094056,12.1102193092627,0 -86.3693409739352,12.1102186499657,0 -86.3693414430666,12.1102180578233,0 -86.3693590203681,12.1101993610589,0 -86.3693607926337,12.1101897308737,0 -86.3693650343125,12.1101674780122,0 -86.3693467907552,12.1101599491069,0 -86.3693377693269,12.1101631541774,0 -86.3693372203477,12.1101633120834,0 -86.3693366559078,12.1101634012288,0 -86.3693172002633,12.1101652713793,0 -86.3693165238849,12.1101652870236,0 -86.3693158523304,12.1101652050164,0 -86.3693152002985,12.1101650271998,0 -86.369314581567,12.1101647563179,0 -86.3693001674281,12.1101571493011,0 -86.3692856665574,12.1101508668584,0 -86.3692739841046,12.1101508403081,0 -86.3692736955794,12.1101508306096,0 -86.3692731030409,12.1101507542076,0 -86.3692536415871,12.1101468776332,0 -86.3692529454888,12.1101466816306,0 -86.369252289151,12.1101463808218,0 -86.3692516890997,12.1101459815743,0 -86.3692511600125,12.1101454947728,0 -86.3692507156458,12.1101449322042,0 -86.3692503660761,12.1101443074557,0 -86.3692455277659,12.1101337697214,0 -86.3692454391128,12.1101335633437,0 -86.3692453040227,12.1101331741958,0 -86.3692411210411,12.1101190606143,0 -86.3692294046388,12.110114706095,0 -86.3692106295655,12.1101222141699,0 -86.3692025590148,12.1101309971953,0 -86.3692019742309,12.110131532105,0 -86.3692013042383,12.1101319592114,0 -86.3692005692835,12.1101322659007,0 -86.3691997905253,12.1101324422741,0 -86.3691743330721,12.1101359626502,0 -86.369163914949,12.1101485211381,0 -86.3691647525203,12.1101640034322,0 -86.369164726794,12.1101647846727,0 -86.3691645641841,12.110165549325,0 -86.3691642702553,12.110166275699,0 -86.3691638533332,12.1101669403022,0 -86.3691633263254,12.1101675250785,0 -86.3691627048984,12.1101680110736,0 -86.3691504099042,12.1101760375585,0 -86.369152027691,12.110191505349,0 -86.36915205139,12.1101919792463,0 -86.3691520236734,12.1102037863831,0 -86.3691555375363,12.110215995837,0 -86.3691642417692,12.1102300853342,0 -86.3691942352553,12.1102249466594,0 -86.3691950146759,12.1102248797056,0 -86.3691957928697,12.1102249438699,0 -86.3691965496266,12.1102251363933,0 -86.3691972619837,12.1102254527023,0 -86.3691979097455,12.1102258837083,0 -86.3691984745652,12.1102264158052,0 -86.369198938098,12.1102270344829,0 -86.3691992893591,12.1102277216307,0 -86.3691995164489,12.1102284573275,0 -86.3692042546947,12.1102503055846,0 -86.3692043217877,12.1102506927694,0 -86.3692043424393,12.1102508989925,0 -86.3692064672501,12.110277820657,0 -86.3692064598898,12.1102786073649,0 -86.3692063138017,12.1102793801933,0 -86.3692060345526,12.1102801165478,0 -86.3691949664644,12.1103029678966,0 -86.3691983515108,12.1103164231567,0 -86.3692061654922,12.1103214235072,0 -86.3692213299698,12.110322563911,0 -86.3692591165775,12.1103242702659,0 -86.3692804175632,12.1103243186773,0 -86.3692812122834,12.1103243892088,0 -86.3692819827971,12.110324593519,0 -86.3692827052246,12.1103249261278,0 -86.3692833584559,12.1103253761358,0 -86.3693126312036,12.1103497307517,0 -86.3693131886256,12.1103502827258,0 -86.3693136420081,12.1103509194658,0 -86.3693139776073,12.1103516237593,0 -86.369314184447,12.1103523738785,0 -86.3693198467744,12.1103830011877,0 -86.3693198822182,12.1103831694645,0 -86.3693199094659,12.1103833060729,0 -86.3693199566607,12.1103835575704,0 -86.369326070729,12.1104116059917,0 -86.369337028247,12.1104354758847,0 -86.3693655745558,12.1104420262601,0 -86.3693987775633,12.110437436522,0 -86.3693995348705,12.1104373948373,0 -86.3694002882155,12.1104374752216,0 -86.3694009430112,12.1104376503315,0 -86.3694015645088,12.1104379176024,0 -86.3694021389367,12.1104382715773,0 -86.3694026543638,12.1104387058992,0 -86.3694030988692,12.1104392096896,0 -86.3694241281574,12.1104669357135,0 -86.3694664880805,12.1104832565747,0 -86.3695125300743,12.1104976795701,0 -86.3695130846105,12.1104978951446,0 -86.369513562775,12.1104981530468,0 -86.3695718440395,12.1105341827024,0 -86.369572152313,12.1105343922917,0 -86.3696093856339,12.1105620031932,0 -86.3696576308713,12.1105534850329,0 -86.3696666792518,12.1104878629027,0 -86.3696230327342,12.1104605982497,0 -86.3696225630266,12.1104602607901,0 -86.3696222429916,12.1104599725018,0 -86.3695931340428,12.110431194545,0 -86.3695926574908,12.1104306409466,0 -86.3695922766719,12.110430017936,0 -86.3695780540617,12.1104018660972,0 -86.3695423339658,12.110364198501,0 -86.3694755859791,12.1103099907325,0 -86.3694500760916,12.110306086865,0</coordinates></LinearRing></innerBoundaryIs><innerBoundaryIs><LinearRing><coordinates>-86.3699107625746,12.1106113460958,0 -86.3699079813258,12.1106413555906,0 -86.3699210496684,12.1106585846924,0 -86.3699347118332,12.1106604504981,0 -86.3699532058928,12.1106591442028,0 -86.369979445914,12.1106487457616,0 -86.3699902891123,12.1106437968307,0 -86.3699908060247,12.110643598158,0 -86.3699913439285,12.1106434610241,0 -86.369991893626,12.1106433890253,0 -86.370011139506,12.1106420292717,0 -86.3700317202945,12.1106364929588,0 -86.370043853733,12.1106323092638,0 -86.37006361532,12.1106242083556,0 -86.3700643335681,12.1105977073086,0 -86.3700644208142,12.1105969461017,0 -86.3700646366546,12.1105962096023,0 -86.3700649764437,12.1105955195027,0 -86.3700654291055,12.1105948965761,0 -86.3700659826556,12.1105943570723,0 -86.3700839090159,12.1105796308487,0 -86.3700504426867,12.1105577743631,0 -86.370049962921,12.1105574151786,0 -86.3700495347579,12.1105569955245,0 -86.37003345768,12.1105390289393,0 -86.3700139761253,12.1105303813825,0 -86.3699839830011,12.1105283003636,0 -86.3699586564802,12.1105410257871,0 -86.3699403591959,12.1105575696701,0 -86.3699220554,12.1105796332701,0 -86.3699107625746,12.1106113460958,0</coordinates></LinearRing></innerBoundaryIs><innerBoundaryIs><LinearRing><coordinates>-86.3695393084806,12.1101998213249,0 -86.3695498007921,12.1102527772652,0 -86.3695558967036,12.1102615463646,0 -86.3696004955199,12.1102616476757,0 -86.3696168876807,12.1102588807343,0 -86.3696174364288,12.1102588213939,0 -86.3696179886999,12.1102588271698,0 -86.3696185362236,12.1102588980431,0 -86.3696191203181,12.1102590485762,0 -86.3696196785085,12.1102592732017,0 -86.3696202025327,12.1102595682834,0 -86.3696206822973,12.1102599274685,0 -86.3696421809468,12.110278348584,0 -86.3696519905199,12.1102838942152,0 -86.369652558456,12.1102842734948,0 -86.3696530628008,12.1102847313023,0 -86.3696534916293,12.1102852585681,0 -86.3696538357841,12.1102858417069,0 -86.3696682844763,12.1103151605785,0 -86.3696778361484,12.1103315398173,0 -86.3696949168828,12.1103321790544,0 -86.3697259354321,12.1103225438509,0 -86.3697411926866,12.1103150811047,0 -86.3697579019092,12.1103013323786,0 -86.369764635906,12.1102750864377,0 -86.3697602524396,12.1102551488358,0 -86.3697478505921,12.1102484000529,0 -86.3697320033732,12.1102429356628,0 -86.3696961291486,12.1102400292133,0 -86.3696956349149,12.1102399620783,0 -86.3696953272319,12.1102398926541,0 -86.3696814762284,12.1102362721032,0 -86.3696807361732,12.1102360108936,0 -86.3696800524595,12.110235627734,0 -86.3696662158438,12.1102262650287,0 -86.3696656774221,12.1102258396978,0 -86.3696652099346,12.1102253394727,0 -86.3696648243852,12.1102247743255,0 -86.369661918542,12.1102197435386,0 -86.3696616039863,12.1102190781774,0 -86.3696614025597,12.1102183705719,0 -86.369661319729,12.1102176406288,0 -86.3696613591257,12.1102169073461,0 -86.3696615179481,12.1102161897075,0 -86.3696617933951,12.1102155066965,0 -86.3696621771516,12.110214877284,0 -86.3696626590732,12.1102143168199,0 -86.3696632280967,12.1102138406518,0 -86.3696638667325,12.1102134613999,0 -86.3696645602543,12.1102131889779,0 -86.3696652884305,12.1102130296697,0 -86.369696662797,12.1102087947406,0 -86.3696970093171,12.1102087611649,0 -86.3696972978848,12.1102087527775,0 -86.369714731054,12.1102087923707,0 -86.3697241627871,12.1102018652934,0 -86.3697306712814,12.1101859611064,0 -86.3697301239923,12.1101513096122,0 -86.3697005432438,12.1101524803926,0 -86.3696998035627,12.1101524515842,0 -86.3696990779392,12.1101523061555,0 -86.3696983856647,12.110152046863,0 -86.3696977450988,12.1101516818871,0 -86.3696971718402,12.1101512212102,0 -86.3696966814875,12.110150674815,0 -86.3696962859508,12.1101500581011,0 -86.3696959971381,12.1101493873727,0 -86.3696958214417,12.1101486798256,0 -86.3696957634159,12.1101479526517,0 -86.3696958087437,12.1101286264545,0 -86.3696854663341,12.1101147909723,0 -86.3696497002084,12.110109293093,0 -86.3696273293712,12.1101085541226,0 -86.369599518466,12.1101160118589,0 -86.3695697855831,12.1101354207292,0 -86.3695552436605,12.1101489853728,0 -86.3695428325592,12.1101712549464,0 -86.3695393084806,12.1101998213249,0</coordinates></LinearRing></innerBoundaryIs><innerBoundaryIs><LinearRing><coordinates>-86.3694353849858,12.1096304776025,0 -86.3693951679538,12.1096377452671,0 -86.3693829057912,12.1096521578732,0 -86.3693864576467,12.1096779415776,0 -86.3693864962445,12.1096787238686,0 -86.3693863970167,12.1096794995165,0 -86.369386163688,12.1096802477312,0 -86.369385802746,12.1096809450163,0 -86.3693853243499,12.1096815696919,0 -86.369384744162,12.1096821046124,0 -86.3693840787634,12.109682532634,0 -86.3693833474815,12.1096828411409,0 -86.3693640432498,12.1096891245331,0 -86.369345100301,12.1097094459032,0 -86.3693365779192,12.1097380850195,0 -86.3693363005789,12.1097387915372,0 -86.3693359075822,12.1097394426309,0 -86.3693354100007,12.109740019336,0 -86.3693103857688,12.1097645308878,0 -86.3692994014817,12.1097806636236,0 -86.3692948742896,12.1098000583071,0 -86.3692980604029,12.1098207500774,0 -86.3693072901133,12.1098219827891,0 -86.3693203695628,12.109811734451,0 -86.3693209871304,12.109811326215,0 -86.3693216641849,12.1098110221065,0 -86.3693223814136,12.1098108284116,0 -86.3693423807493,12.1098071265168,0 -86.3693614350199,12.1097996760358,0 -86.3693620677107,12.1097994803402,0 -86.3693627213248,12.1097993751202,0 -86.3693633839097,12.1097993630615,0 -86.369381883525,12.1098003636358,0 -86.3693824797449,12.1098004373331,0 -86.3693826827301,12.1098004802955,0 -86.369403094862,12.1098053121325,0 -86.3694034502591,12.1098054115066,0 -86.3694038716817,12.1098055698091,0 -86.3694182201486,12.1098117858862,0 -86.3694300130707,12.1098101560374,0 -86.3694611206872,12.1097981780702,0 -86.3694772282813,12.1097870440786,0 -86.3694779027696,12.1097866585785,0 -86.3694786330394,12.1097863898575,0 -86.3694793988549,12.1097862460081,0 -86.369496323341,12.1097845319609,0 -86.3695162897835,12.1097658632188,0 -86.3695335874317,12.1097413982992,0 -86.3695336482787,12.1097413143393,0 -86.3695337782391,12.1097411482468,0 -86.3695556723999,12.1097143444445,0 -86.3695447275413,12.1096784214225,0 -86.3695070426797,12.1096756862697,0 -86.3695064483169,12.1096756044384,0 -86.3695058697522,12.1096754475877,0 -86.3695053161726,12.1096752166426,0 -86.3694839452837,12.1096646413534,0 -86.3694835653364,12.1096644306969,0 -86.3694680127656,12.1096548163116,0 -86.369467409156,12.109654367321,0 -86.3694354364695,12.1096304677724,0 -86.3694353849858,12.1096304776025,0</coordinates></LinearRing></innerBoundaryIs><innerBoundaryIs><LinearRing><coordinates>-86.369021142246,12.1096523610907,0 -86.3690133139741,12.1096659816625,0 -86.3690128842872,12.1096666037353,0 -86.369012354621,12.1096671469084,0 -86.3690117415524,12.1096675958466,0 -86.369011060731,12.1096679388299,0 -86.3690103323967,12.1096681659571,0 -86.3690095749452,12.1096682700359,0 -86.3689920504261,12.1096691887305,0 -86.3689750378222,12.1096700796509,0 -86.3689594068057,12.1096743141264,0 -86.3689518244495,12.109683390338,0 -86.368946249644,12.1096933916724,0 -86.3689349510956,12.1097173366681,0 -86.3689340245358,12.1097331043213,0 -86.368937400912,12.1097490698492,0 -86.3689640266996,12.1097692542646,0 -86.3689849130272,12.1097701581081,0 -86.3690047486185,12.1097622247336,0 -86.3690313511266,12.1097406620428,0 -86.3690353548691,12.1097266068593,0 -86.3690227094002,12.1097042640663,0 -86.3690224542654,12.1097037317689,0 -86.3690222736218,12.1097031752252,0 -86.3690193793153,12.1096916725177,0 -86.3690192624094,12.1096909750511,0 -86.3690192567203,12.1096902669859,0 -86.3690193631223,12.1096895673142,0 -86.3690195797392,12.1096888923086,0 -86.3690199010172,12.1096882591379,0 -86.3690203186518,12.1096876822517,0 -86.3690208215798,12.1096871769976,0 -86.3690286179398,12.109680494903,0 -86.3690291573725,12.1096800973414,0 -86.3690297508292,12.1096797821922,0 -86.3690303835942,12.1096795548476,0 -86.3690437785692,12.109675821682,0 -86.369055982279,12.1096710495012,0 -86.3690576804012,12.1096644295017,0 -86.3690392184915,12.1096477650325,0 -86.369021142246,12.1096523610907,0</coordinates></LinearRing></innerBoundaryIs><innerBoundaryIs><LinearRing><coordinates>-86.3695956847907,12.1094515318145,0 -86.3695960748811,12.1094509440135,0 -86.3695965530324,12.1094504233292,0 -86.3695971063539,12.1094499805839,0 -86.3695977237888,12.1094496284123,0 -86.3695983878603,12.109449374009,0 -86.369628991505,12.1094402849589,0 -86.3696315507678,12.1094120699595,0 -86.369604248673,12.1093769760886,0 -86.3695609421906,12.1093576120067,0 -86.369523287462,12.1093561528676,0 -86.3694977848691,12.1093644541101,0 -86.3694970961965,12.1093646189333,0 -86.3694963893934,12.1093646779145,0 -86.369495681926,12.1093646283804,0 -86.3694949912476,12.1093644730835,0 -86.3694943320549,12.1093642147701,0 -86.3694937217948,12.1093638589055,0 -86.369493174228,12.109363415468,0 -86.3694927021964,12.1093628944339,0 -86.3694746657392,12.1093395745447,0 -86.3694352111698,12.1093269958788,0 -86.3694348145337,12.1093268484842,0 -86.3694050760176,12.1093142267802,0 -86.3693661058352,12.1093141382346,0 -86.369347495953,12.1093401708999,0 -86.3693404628666,12.1093689463311,0 -86.3693404203192,12.1093870779787,0 -86.3693403514249,12.1093878500784,0 -86.36934014934,12.1093885983642,0 -86.3693398205483,12.1093893011479,0 -86.3693207725506,12.1094222858342,0 -86.3693054132183,12.109448594454,0 -86.3693278329579,12.1094621472248,0 -86.369328412753,12.1094625627031,0 -86.3693289197592,12.1094630603057,0 -86.3693293420515,12.1094636309625,0 -86.3693296686408,12.1094642583716,0 -86.3693298922096,12.1094649280477,0 -86.3693300072826,12.1094656237015,0 -86.369330011141,12.1094663290497,0 -86.3693299029085,12.1094670260046,0 -86.3693254961392,12.109485623387,0 -86.3693204562388,12.109508911646,0 -86.3693428306997,12.1095163079659,0 -86.3693894957676,12.1095322108903,0 -86.3693895912605,12.1095322436614,0 -86.3694172846126,12.1095423558619,0 -86.3694179831671,12.1095426793733,0 -86.3694186171373,12.1095431130601,0 -86.3694191681742,12.109543644221,0 -86.3694196206877,12.1095442592561,0 -86.3694199618551,12.1095449400508,0 -86.3694201834506,12.1095456675964,0 -86.3694202772504,12.1095464219802,0 -86.3694202423907,12.1095471796887,0 -86.369420078914,12.1095479226365,0 -86.3694197905533,12.1095486264165,0 -86.3694066010924,12.1095744362871,0 -86.3694065180211,12.109574592539,0 -86.3694064598948,12.1095746918779,0 -86.3693988173029,12.1095875153074,0 -86.3694159776151,12.1095949495099,0 -86.3694373239395,12.1095897495609,0 -86.3694600855704,12.1095786153146,0 -86.369489145755,12.1095615470131,0 -86.3694895533462,12.1095613336245,0 -86.3694899645029,12.1095611672665,0 -86.3695308448649,12.1095469046697,0 -86.3695316071228,12.1095467101723,0 -86.3695323911317,12.1095466450364,0 -86.3695578493213,12.1095467028673,0 -86.3695921154717,12.1095346515773,0 -86.369611585483,12.1095046971724,0 -86.3696220698152,12.109481913202,0 -86.3695918158204,12.1094782707641,0 -86.3695910828537,12.1094781226056,0 -86.369590384159,12.1094778587771,0 -86.3695897371793,12.1094774865521,0 -86.3695891611888,12.1094770159218,0 -86.3695886708608,12.1094764595793,0 -86.3695882781075,12.1094758320203,0 -86.3695879939159,12.1094751504509,0 -86.369587826516,12.1094744320713,0 -86.3695877804558,12.1094736967859,0 -86.3695878556909,12.1094729635847,0 -86.3695880503366,12.1094722523574,0 -86.3695953919865,12.1094521713806,0 -86.3695956847907,12.1094515318145,0</coordinates></LinearRing></innerBoundaryIs><innerBoundaryIs><LinearRing><coordinates>-86.3714516932545,12.1103952772795,0 -86.371451929261,12.1103953465394,0 -86.3714520798464,12.1103953984245,0 -86.3714726064487,12.110402795819,0 -86.3715167932638,12.1104010837099,0 -86.3715397696965,12.1103817931594,0 -86.3715275835898,12.1103637161025,0 -86.3714983693568,12.1103582577112,0 -86.3714976346733,12.1103580562011,0 -86.3714969443758,12.1103577363307,0 -86.3714963168179,12.1103573089928,0 -86.3714767784485,12.1103415040197,0 -86.3714504852729,12.1103483396171,0 -86.371433281991,12.1103584439796,0 -86.3714267428483,12.110388670153,0 -86.3714516932545,12.1103952772795,0</coordinates></LinearRing></innerBoundaryIs><innerBoundaryIs><LinearRing><coordinates>-86.3715912013785,12.1104182346165,0 -86.3715935564417,12.1104505399834,0 -86.3715935685265,12.1104508736907,0 -86.3715935125793,12.1104747990463,0 -86.3715934641972,12.1104754473066,0 -86.3715933211962,12.1104760817885,0 -86.3715930882026,12.1104766889381,0 -86.3715927680006,12.1104772570062,0 -86.3715923688884,12.1104777742558,0 -86.3715753302555,12.1104968476644,0 -86.3715695009942,12.1105036988658,0 -86.3715525940803,12.1105308903069,0 -86.3715523856832,12.1105311963864,0 -86.3715521562011,12.1105314807155,0 -86.3715302147478,12.1105565537779,0 -86.3715296915954,12.1105570635122,0 -86.3715290923804,12.1105574835504,0 -86.371528431827,12.1105578048831,0 -86.3715277283372,12.1105580176047,0 -86.3715269993815,12.1105581172333,0 -86.3715262633449,12.110558101098,0 -86.3715255395252,12.1105579692422,0 -86.3715073162042,12.1105531425142,0 -86.3715066238886,12.1105528995031,0 -86.3715059796053,12.1105525507999,0 -86.3715053998741,12.1105521054847,0 -86.3715049002915,12.1105515744443,0 -86.371504492772,12.1105509712699,0 -86.3715041883049,12.1105503122633,0 -86.3714998053087,12.1105383676289,0 -86.3714908671958,12.110531492932,0 -86.3714770512418,12.1105293700385,0 -86.3714541968179,12.1105338134602,0 -86.3714389787238,12.1105418334282,0 -86.3714384589732,12.1105420673642,0 -86.3714379136425,12.1105422370383,0 -86.3714087205328,12.1105493481982,0 -86.3713916858123,12.1105537776681,0 -86.3713419556286,12.1106003874372,0 -86.3713530781578,12.1106323654213,0 -86.3713532348869,12.1106329336652,0 -86.3713533153081,12.1106335171089,0 -86.3713533166899,12.1106341048951,0 -86.3713520542762,12.1106544393271,0 -86.3713519608041,12.1106551137094,0 -86.3713517653805,12.110655766158,0 -86.3713514726318,12.1106563831191,0 -86.3713510890287,12.1106569483304,0 -86.3713348945497,12.1106773402689,0 -86.3713324603323,12.1107154140499,0 -86.3713323529513,12.1107161417533,0 -86.3713321280073,12.1107168429662,0 -86.3713317892226,12.1107174978028,0 -86.3713313476605,12.1107180909154,0 -86.3713308143864,12.1107186060521,0 -86.3713302032182,12.1107190287756,0 -86.3713295307222,12.1107193482722,0 -86.3713288143772,12.1107195564426,0 -86.3713280734938,12.1107196479052,0 -86.3713273264571,12.1107196199888,0 -86.3713265953194,12.1107194736474,0 -86.3713258966155,12.1107192116315,0 -86.3713252505429,12.1107188421253,0 -86.3712936930676,12.1106972369774,0 -86.3712932133422,12.1106968597094,0 -86.3712927879781,12.1106964210735,0 -86.3712924270604,12.1106959310395,0 -86.371281906016,12.1106794547058,0 -86.3712527868306,12.1107280155679,0 -86.3712525406104,12.1107283839569,0 -86.3712524364529,12.1107285193631,0 -86.3712405151333,12.1107433795398,0 -86.3712485522336,12.1107692972763,0 -86.3712770361656,12.1107715185217,0 -86.3712778206421,12.1107716478027,0 -86.371278570811,12.1107719081268,0 -86.3712792637178,12.1107722913034,0 -86.3712798791693,12.1107727873398,0 -86.3712803988247,12.1107733799172,0 -86.3712808071021,12.1107740518191,0 -86.3712810902661,12.1107747822158,0 -86.3712812419329,12.1107755502944,0 -86.371286001406,12.1108198238491,0 -86.371286019928,12.1108205482205,0 -86.3712859208405,12.1108212659956,0 -86.3712857069447,12.1108219581906,0 -86.3712853828735,12.1108226085391,0 -86.3712715828878,12.1108454691607,0 -86.3712900801362,12.1108596938189,0 -86.3713196897307,12.1108784361212,0 -86.3713377245817,12.1108837001076,0 -86.3713590970808,12.1108704854265,0 -86.3713595948558,12.1108702179825,0 -86.3713598450572,12.110870111844,0 -86.3713834495378,12.1108608828643,0 -86.3714005928292,12.1108461900464,0 -86.3713985862186,12.1108228559418,0 -86.3713867257808,12.1108132626816,0 -86.3713861976495,12.1108127578004,0 -86.3713857579184,12.1108121753514,0 -86.3713854184956,12.1108115316383,0 -86.3713851885346,12.1108108420549,0 -86.3713850725856,12.1108101256012,0 -86.371385075201,12.1108094003734,0 -86.3713851954175,12.110808685359,0 -86.3713854304381,12.1108079977331,0 -86.3713857737878,12.1108073555667,0 -86.3713862171561,12.1108067760222,0 -86.3713867485628,12.1108062735412,0 -86.3714257384599,12.1107752464343,0 -86.3714262980681,12.1107748660951,0 -86.3714269080212,12.110774569968,0 -86.3714649840325,12.1107594489063,0 -86.3714744110328,12.1107502140313,0 -86.3714800414969,12.1107293523481,0 -86.3714789518981,12.1107056631293,0 -86.371468347585,12.110678814504,0 -86.3714681505724,12.1106781819649,0 -86.3714680491804,12.1106775279397,0 -86.371468046136,12.1106768650944,0 -86.3714687125353,12.1106673653174,0 -86.3714645302969,12.1106493443651,0 -86.3714644253412,12.110648642405,0 -86.3714644334341,12.1106479325623,0 -86.3714645545332,12.1106472329226,0 -86.3714647849249,12.1106465597547,0 -86.371465119972,12.1106459311335,0 -86.3714655504493,12.1106453624111,0 -86.3714660671377,12.1106448662265,0 -86.3714666553046,12.1106444552062,0 -86.3714885682299,12.1106315853647,0 -86.3714892858043,12.1106312442672,0 -86.3714900517886,12.1106310289744,0 -86.3714908431901,12.1106309475728,0 -86.3714916379481,12.1106310027254,0 -86.3714924112574,12.110631191663,0 -86.3714931392384,12.110631508906,0 -86.3714938007786,12.1106319444594,0 -86.3715083620853,12.1106434618129,0 -86.3715089333305,12.1106439993456,0 -86.3715094032852,12.1106446252685,0 -86.3715097563716,12.1106453205564,0 -86.371509983447,12.1106460652944,0 -86.3715100762917,12.1106468377611,0 -86.3715100340438,12.110647613539,0 -86.3715041172953,12.1106891193228,0 -86.3715013384367,12.1107197537058,0 -86.3715127191491,12.1107297555143,0 -86.3715129144582,12.1107299377172,0 -86.3715260140568,12.1107428868545,0 -86.3715264961081,12.1107434486007,0 -86.371526879672,12.1107440788494,0 -86.3715271546762,12.1107447622047,0 -86.3715273128947,12.1107454796583,0 -86.3715273516129,12.1107462131183,0 -86.3715272681184,12.1107469435888,0 -86.3715270661357,12.1107476502795,0 -86.3715170315075,12.1107742622632,0 -86.3715157414765,12.1107973727782,0 -86.3715526178942,12.1108091296613,0 -86.3715798650127,12.1108105315088,0 -86.3716020778622,12.1107983025694,0 -86.3716027438812,12.1107980020475,0 -86.3716034510008,12.1107978092282,0 -86.3716041789917,12.1107977294913,0 -86.3716049113088,12.1107977646079,0 -86.3716056277374,12.1107979136281,0 -86.3716304113117,12.1108051470298,0 -86.3716309695558,12.1108053499486,0 -86.3716314973121,12.1108056224281,0 -86.371631983568,12.1108059581133,0 -86.371653825092,12.1108232341323,0 -86.3716538828774,12.1108232803815,0 -86.3716540277803,12.1108234045962,0 -86.3716677870072,12.1108356471684,0 -86.3717030543369,12.1108454507575,0 -86.3717306119487,12.1108512254949,0 -86.3717313465936,12.1108514441858,0 -86.3717320340977,12.1108517803264,0 -86.3717326551865,12.1108522239262,0 -86.3717331933466,12.1108527631921,0 -86.3717336320729,12.110853382714,0 -86.3717339594595,12.1108540652835,0 -86.3717341672781,12.1108547927964,0 -86.3717342491469,12.1108555435354,0 -86.3717342023556,12.1108562976004,0 -86.3717340287928,12.1108570332926,0 -86.3717337340187,12.1108577307307,0 -86.3717333245145,12.1108583691306,0 -86.3717025958192,12.110898494877,0 -86.3717021065911,12.1108990372426,0 -86.3717015357718,12.1108994962295,0 -86.3717008971772,12.1108998583049,0 -86.3717002082839,12.110900116274,0 -86.3716994856541,12.1109002611315,0 -86.3716782253661,12.1109028272738,0 -86.3716442630488,12.1109527092195,0 -86.3716438390885,12.1109532417857,0 -86.3716433390147,12.1109537063583,0 -86.3716427729633,12.1109540912049,0 -86.3716421556542,12.1109543891243,0 -86.3716414999695,12.1109545929116,0 -86.371614380046,12.1109608813678,0 -86.3716142944029,12.1109975054813,0 -86.3716142779033,12.1109978807208,0 -86.3716127792611,12.111015103891,0 -86.3716126674022,12.1110157818488,0 -86.3716124526811,12.1110164342539,0 -86.3716121406433,12.1110170475545,0 -86.3716117368361,12.1110176072947,0 -86.3716112513997,12.1110180999331,0 -86.3716106963056,12.1110185146457,0 -86.371581520463,12.1110370831078,0 -86.3715814762882,12.1110371110405,0 -86.3715602373536,12.1110509744108,0 -86.3715475834669,12.1110670853714,0 -86.371559477666,12.1111011503691,0 -86.3715745998013,12.1111160998343,0 -86.3715909650265,12.1111295826563,0 -86.3716218061333,12.1111349325945,0 -86.3716467408535,12.1111227351362,0 -86.371647298269,12.1111225067109,0 -86.3716478812436,12.1111223515902,0 -86.3716484796605,12.1111222733684,0 -86.3716490834112,12.1111222720226,0 -86.37167152992,12.111123702781,0 -86.371687746959,12.1111184241324,0 -86.3717048668058,12.1111086496304,0 -86.3717053967228,12.1111083913014,0 -86.3717059549662,12.1111082017619,0 -86.3717065332615,12.1111080828018,0 -86.3717371780755,12.1111038450895,0 -86.371737540223,12.1111038097382,0 -86.3717594702318,12.1111025111025,0 -86.3717846556086,12.111083326815,0 -86.3717848617981,12.1110831789796,0 -86.3718021479202,12.111071459738,0 -86.3718046232466,12.1110511533686,0 -86.3717885919386,12.1110339845587,0 -86.371788251967,12.1110335750538,0 -86.3717879809287,12.1110331602793,0 -86.3717821691467,12.1110230978414,0 -86.3717818865532,12.1110225157486,0 -86.3717816913374,12.1110219003952,0 -86.3717815871496,12.1110212626408,0 -86.371778743345,12.1109896741687,0 -86.371778728155,12.1109890962983,0 -86.3717787892307,12.1109885213135,0 -86.3717847050491,12.1109540815772,0 -86.3717847877248,12.1109537010618,0 -86.3717849506253,12.1109532022672,0 -86.3717922019069,12.1109347776679,0 -86.3717980226381,12.110913495013,0 -86.3717982825157,12.1109127875489,0 -86.3717986571381,12.1109121327927,0 -86.3717991363592,12.1109115469988,0 -86.3717997081903,12.1109110482256,0 -86.3718003569778,12.1109106500017,0 -86.3718010624817,12.1109103622287,0 -86.371801807221,12.1109101939097,0 -86.3718025700495,12.1109101495181,0 -86.3718033298294,12.1109102299105,0 -86.3718306195918,12.1109154090147,0 -86.3718410108985,12.1108962011796,0 -86.3718321213394,12.1108811265773,0 -86.371831852418,12.1108805924424,0 -86.3718316580027,12.1108800277306,0 -86.371831539906,12.1108794432973,0 -86.3718315008656,12.1108788472874,0 -86.3718315512025,12.1108573137436,0 -86.3718316098341,12.1108566049195,0 -86.3718317805341,12.1108559144347,0 -86.3718320595888,12.110855258558,0 -86.3718324396085,12.1108546535495,0 -86.3718329104511,12.1108541138549,0 -86.3718334619723,12.110853654824,0 -86.3718340803669,12.1108532854683,0 -86.3718347490686,12.1108530166018,0 -86.3718668803441,12.1108430364331,0 -86.3718674127192,12.110842905613,0 -86.3718679863049,12.110842835473,0 -86.3718913316655,12.1108414523142,0 -86.3718919464282,12.1108414573227,0 -86.3718925554912,12.1108415418952,0 -86.3718931469104,12.1108417051002,0 -86.3719163652919,12.1108498283644,0 -86.371938731938,12.1108417775267,0 -86.3719341721345,12.1108225105297,0 -86.3719263607703,12.1108147883714,0 -86.3719258860464,12.1108142365895,0 -86.3719255061339,12.1108136162967,0 -86.3719252311011,12.1108129446973,0 -86.3719250691804,12.1108122380869,0 -86.3719250240032,12.1108115154636,0 -86.3719250964461,12.1108107949152,0 -86.3719252846289,12.1108100945228,0 -86.3719354011205,12.1107818604266,0 -86.3719365896579,12.1107726710938,0 -86.3719202478741,12.1107511257702,0 -86.3719202066507,12.1107510705157,0 -86.3719199685611,12.1107507127856,0 -86.3719013271895,12.110719505433,0 -86.3718827473324,12.110699724721,0 -86.371882371628,12.1106992699213,0 -86.3718820594363,12.1106987700512,0 -86.3718818153306,12.110698234164,0 -86.3718731161156,12.110675245721,0 -86.3718729146638,12.1106745462554,0 -86.3718728299722,12.1106738235427,0 -86.3718728647535,12.110673096579,0 -86.3718757705668,12.1106506398963,0 -86.371874703983,12.1106398919036,0 -86.3718398582497,12.1106305748906,0 -86.3718391953121,12.1106303437025,0 -86.3718385767141,12.110630014048,0 -86.3718380162165,12.1106295959055,0 -86.3718375266632,12.1106290983467,0 -86.3718302522544,12.1106204685984,0 -86.3718298309204,12.1106198780531,0 -86.3718295098882,12.1106192289564,0 -86.3718292983092,12.1106185376064,0 -86.3718292007357,12.1106178220988,0 -86.3718292208013,12.1106171005275,0 -86.3718293566258,12.1106163909738,0 -86.3718296063291,12.1106157115193,0 -86.3718299615984,12.1106150802306,0 -86.3718304159652,12.1106145124659,0 -86.3718309556095,12.1106140235668,0 -86.3718315667217,12.1106136243533,0 -86.3718565137691,12.1106000596271,0 -86.3718605669443,12.1105911408288,0 -86.3718537218041,12.110583245425,0 -86.371853367261,12.1105827798218,0 -86.3718530762241,12.1105822718611,0 -86.3718528551047,12.1105817306002,0 -86.3718456118167,12.1105601805468,0 -86.3718455789695,12.1105600800972,0 -86.3718401357398,12.1105425274258,0 -86.3718065319045,12.1105106360209,0 -86.3717945038847,12.1105141571949,0 -86.3717940671391,12.1105142629115,0 -86.3717562302122,12.1105214766198,0 -86.3717554838453,12.1105215554112,0 -86.371754734084,12.1105215139255,0 -86.3717540011446,12.1105213522084,0 -86.3717533043145,12.110521074825,0 -86.3717314477041,12.1105102589679,0 -86.3717308741514,12.110509922181,0 -86.371730355919,12.1105095068468,0 -86.3717299049341,12.1105090211308,0 -86.3717048082036,12.110477734948,0 -86.3716649258453,12.1105072933329,0 -86.3716614161557,12.1105388384842,0 -86.3716612822004,12.1105395344777,0 -86.37166103988,12.1105402003846,0 -86.3716606938252,12.1105408208425,0 -86.3716602541781,12.110541381406,0 -86.371659731081,12.1105418676294,0 -86.3716591383474,12.1105422668841,0 -86.3716584879448,12.1105425701543,0 -86.3716426700421,12.110548515258,0 -86.3716419546231,12.1105487207186,0 -86.3716412146655,12.1105488094714,0 -86.3716404703902,12.1105487797534,0 -86.3716397401781,12.1105486307022,0 -86.371639044231,12.1105483686933,0 -86.3716384009151,12.1105479991941,0 -86.3716378258313,12.1105475312826,0 -86.3716373364053,12.110546979467,0 -86.3716369427183,12.1105463555255,0 -86.3716175782457,12.110509227091,0 -86.3716173899,12.1105088179293,0 -86.3716172776106,12.1105085011765,0 -86.3716112445049,12.1104893465872,0 -86.371611089833,12.1104886843028,0 -86.3716110381205,12.1104880059746,0 -86.3716110911669,12.1104873278835,0 -86.3716112461797,12.1104866653961,0 -86.371611500366,12.1104860338788,0 -86.3716118481826,12.110485445979,0 -86.3716122813252,12.1104849161466,0 -86.3716293466437,12.1104670047977,0 -86.3716295465144,12.1104668081169,0 -86.3716514767598,12.1104465213828,0 -86.3716519472298,12.1104461408411,0 -86.3716524653346,12.1104458246114,0 -86.3716530200342,12.1104455780942,0 -86.371681105886,12.1104352858508,0 -86.3717001296511,12.1104133648252,0 -86.3717035367848,12.1103816602871,0 -86.3716912539661,12.1103628876253,0 -86.3716781557498,12.1103477790746,0 -86.3716449864112,12.1103454523141,0 -86.3716282975669,12.1103454145271,0 -86.371612715151,12.1103555858708,0 -86.3716057627404,12.1103849249176,0 -86.3716055590704,12.1103855674007,0 -86.3716052599176,12.110386172592,0 -86.3716048735839,12.1103867269461,0 -86.3716044065295,12.110387218722,0 -86.3715890790322,12.1104011596871,0 -86.3715911789358,12.110418007591,0 -86.3715912013785,12.1104182346165,0</coordinates></LinearRing></innerBoundaryIs><innerBoundaryIs><LinearRing><coordinates>-86.3720667599221,12.1111691323521,0 -86.3720876703794,12.1112049910283,0 -86.3720988206215,12.1112153250686,0 -86.3721092207929,12.111224962923,0 -86.3721437321511,12.1112263992393,0 -86.3721639685094,12.1112251184429,0 -86.3721752907842,12.1112164937008,0 -86.3721980043066,12.1111775877301,0 -86.3722044269824,12.1111562792991,0 -86.3721845189622,12.111136598689,0 -86.3721840588895,12.1111360686433,0 -86.3721836871873,12.1111354736894,0 -86.3721834139281,12.1111348292226,0 -86.3721742449973,12.1111075552389,0 -86.372165666995,12.1111070077313,0 -86.3721539981179,12.1111062633314,0 -86.3721534248654,12.1111061905962,0 -86.3721533100506,12.1111061677294,0 -86.3721208233427,12.1110991412055,0 -86.3721000056338,12.1111042123367,0 -86.372065513428,12.1111461029044,0 -86.3720667599221,12.1111691323521,0</coordinates></LinearRing></innerBoundaryIs><innerBoundaryIs><LinearRing><coordinates>-86.3713793716566,12.1111270497971,0 -86.371379834374,12.1111264485938,0 -86.3713803915477,12.1111259307983,0 -86.3713810293576,12.1111255117523,0 -86.3713817284786,12.1111252031674,0 -86.3713824695958,12.1111250122342,0 -86.3713832333946,12.1111249461433,0 -86.3713839968994,12.1111250057469,0 -86.3713847408166,12.1111251891926,0 -86.3713854421854,12.1111254910028,0 -86.371409315139,12.1111382104469,0 -86.3714175363849,12.1111368807856,0 -86.3714300870677,12.1111193236516,0 -86.3714305975593,12.1111187270778,0 -86.3714312052387,12.1111182247694,0 -86.3714318907679,12.111117833864,0 -86.371432634828,12.1111175633606,0 -86.3714334153391,12.1111174240606,0 -86.3714342074855,12.1111174177164,0 -86.3714349901273,12.1111175460885,0 -86.3714357384615,12.1111178055038,0 -86.3714364295359,12.1111181868674,0 -86.3714370440779,12.1111186792842,0 -86.3715090126567,12.1110894350527,0 -86.3715092862135,12.1110887728338,0 -86.3715197568168,12.1110682847293,0 -86.3715265209059,12.1110353959558,0 -86.3715267339479,12.1110346757259,0 -86.3715270645128,12.1110339991677,0 -86.3715275052005,12.1110333870628,0 -86.3715280421929,12.1110328538486,0 -86.3715411592501,12.1110218413728,0 -86.3715509613422,12.1110066463212,0 -86.3715398725117,12.1109889271319,0 -86.371539752602,12.1109887252055,0 -86.3715395815595,12.1109883829997,0 -86.3715318411761,12.1109711389067,0 -86.3715316329752,12.1109705750678,0 -86.3715315010992,12.1109699887947,0 -86.3715295847981,12.1109575433493,0 -86.3715295341527,12.1109568017238,0 -86.3715296066432,12.1109560612814,0 -86.3715344764955,12.1109295813821,0 -86.3715354249965,12.1109075136346,0 -86.3715266425806,12.1108953564782,0 -86.3715263523424,12.110894900063,0 -86.3715156378712,12.1108754626814,0 -86.3714944594929,12.1108693325195,0 -86.3714694413002,12.1108657572973,0 -86.3714521123845,12.1108784855996,0 -86.3714408404713,12.1108950418794,0 -86.3714404036096,12.1108955897888,0 -86.3714398851377,12.110896062458,0 -86.3714203981077,12.1109113305182,0 -86.3714197345342,12.1109117639745,0 -86.3714190050761,12.1109120779165,0 -86.3714182318093,12.1109122633512,0 -86.3714174368031,12.1109123139988,0 -86.371416644871,12.1109122290111,0 -86.3714023178344,12.1109093761045,0 -86.3713787069291,12.1109076008692,0 -86.371365595204,12.1109230117748,0 -86.371365414622,12.1109232121162,0 -86.371365216595,12.1109234060881,0 -86.371347949056,12.1109393555732,0 -86.3713474086309,12.110939784787,0 -86.3713468077567,12.110940127957,0 -86.3712717509751,12.1109759003936,0 -86.3712538834821,12.1109969016381,0 -86.3712519005728,12.1110447417752,0 -86.3712574956277,12.1110877250045,0 -86.371277810102,12.1111316051717,0 -86.3713326677494,12.1111578197838,0 -86.3713333349122,12.111158209232,0 -86.3713339246364,12.1111587043056,0 -86.3713344213359,12.1111592895967,0 -86.3713348112627,12.1111599497014,0 -86.3713350825191,12.111160663794,0 -86.3713352277959,12.1111614137724,0 -86.3713352434724,12.1111621761172,0 -86.3713351286761,12.1111629309322,0 -86.3713348862168,12.1111636556167,0 -86.3713345244114,12.1111643302954,0 -86.3713340534128,12.1111649360012,0 -86.3712958115539,12.111206138857,0 -86.3712870172815,12.1112387191847,0 -86.3713155199694,12.1112635818711,0 -86.3713458157621,12.111247886166,0 -86.371346008962,12.1112477916541,0 -86.3713463005543,12.1112476693324,0 -86.3713813435755,12.111234349978,0 -86.3713819578664,12.1112341641832,0 -86.3713825912541,12.1112340643385,0 -86.3713832336239,12.1112340531337,0 -86.371383870277,12.111234128727,0 -86.3713844681483,12.1112342838092,0 -86.3713850382695,12.1112345165967,0 -86.3713855723807,12.1112348225495,0 -86.3713860594692,12.1112351953126,0 -86.371403406595,12.1112504419101,0 -86.3714035267226,12.111250550696,0 -86.371403942047,12.111250960372,0 -86.3714042993618,12.1112514196521,0 -86.3714045904112,12.1112519221876,0 -86.3714048106238,12.1112524580211,0 -86.3714049292761,12.1112528046297,0 -86.3714241375377,12.1113080075032,0 -86.3714242433163,12.1113083576997,0 -86.3714243332698,12.1113087946715,0 -86.3714275747633,12.1113298509746,0 -86.3714514442804,12.1113299050412,0 -86.3714951024844,12.111302027264,0 -86.3714951503413,12.1113019966269,0 -86.371495672037,12.1113017174812,0 -86.3715412033774,12.1112811631934,0 -86.3715233979645,12.1112571539824,0 -86.3715100590525,12.1112439673806,0 -86.3715095824973,12.111243412881,0 -86.3715092016726,12.1112427898728,0 -86.3714968183113,12.1112182756912,0 -86.3714430375244,12.1112145032953,0 -86.3714425322525,12.1112144397554,0 -86.371421125282,12.1112105598258,0 -86.3714204998573,12.1112103983513,0 -86.3714199040375,12.1112101519414,0 -86.3714193488372,12.1112098260467,0 -86.3714188452711,12.1112094261179,0 -86.3714184043475,12.1112089603184,0 -86.3713933406708,12.1111784618116,0 -86.3713702183198,12.1111556034536,0 -86.3713697206948,12.1111550208733,0 -86.3713693298406,12.1111543643838,0 -86.3713690558231,12.1111536520935,0 -86.371368907783,12.1111529048216,0 -86.3713688884285,12.1111521433728,0 -86.3713690004658,12.1111513894558,0 -86.3713692383303,12.1111506647608,0 -86.3713790172178,12.1111277181625,0 -86.3713793716566,12.1111270497971,0</coordinates></LinearRing></innerBoundaryIs><innerBoundaryIs><LinearRing><coordinates>-86.3716729333052,12.1113338935456,0 -86.3716723341127,12.1113339102745,0 -86.3716717369378,12.1113338501441,0 -86.3716507168528,12.1113303536187,0 -86.3716327308808,12.1113340376276,0 -86.3716356530802,12.1113525295678,0 -86.3716357076111,12.1113531816783,0 -86.371635665653,12.1113538335703,0 -86.3716355290735,12.111354472588,0 -86.37163529974,12.1113550860759,0 -86.371634983198,12.1113556604822,0 -86.3716264430225,12.1113688002487,0 -86.3716260641573,12.1113693039799,0 -86.3716256174216,12.1113697514919,0 -86.37162511203,12.1113701319543,0 -86.3715935467209,12.111390735968,0 -86.3715987721424,12.1113953279871,0 -86.3716457145236,12.111396589053,0 -86.371646445824,12.1113966666686,0 -86.3716471548033,12.1113968581731,0 -86.3716478230976,12.111397157195,0 -86.3716484350974,12.1113975582732,0 -86.3716489733683,12.1113980505169,0 -86.3716494259957,12.1113986203349,0 -86.3716497801462,12.1113992541339,0 -86.3716500266683,12.1113999356161,0 -86.3716501600908,12.1114006466835,0 -86.3716501758611,12.1114013692402,0 -86.3716489106657,12.1114229000316,0 -86.371648819955,12.1114235726116,0 -86.3716486282115,12.1114242232602,0 -86.3716483391404,12.1114248393256,0 -86.3716479592125,12.1114254045456,0 -86.3716264165228,12.1114528314545,0 -86.37164140888,12.1114639491821,0 -86.371694638104,12.1114780462841,0 -86.3717204300632,12.111478104681,0 -86.3717659687515,12.1114713153475,0 -86.3717915482352,12.1114451228674,0 -86.3718084940691,12.1114240987035,0 -86.3718052920885,12.1113994922836,0 -86.3717833442185,12.1113663621694,0 -86.3717648430589,12.1113537842295,0 -86.3717353536557,12.1113374458239,0 -86.3717083062374,12.1113327528564,0 -86.3716885598453,12.1113304212195,0 -86.3716735253258,12.1113337999366,0 -86.3716729333052,12.1113338935456,0</coordinates></LinearRing></innerBoundaryIs><innerBoundaryIs><LinearRing><coordinates>-86.3706479984118,12.1114294331791,0 -86.3706651584245,12.1114676653251,0 -86.3706985775297,12.1115101482942,0 -86.3707147438999,12.1115261301493,0 -86.3707698086835,12.1115498386749,0 -86.3707705007022,12.1115502091909,0 -86.3707711171114,12.1115506889535,0 -86.3708097549536,12.1115864974872,0 -86.3708469133241,12.1116140538067,0 -86.3709015457899,12.1116077283332,0 -86.3708973861391,12.1115463154825,0 -86.3708452104796,12.1115394982745,0 -86.3708445785414,12.1115393711466,0 -86.3708439697801,12.1115391572602,0 -86.3708433979669,12.1115388620723,0 -86.3708428741188,12.1115384901292,0 -86.370842408325,12.1115380495924,0 -86.3708181565669,12.1115116764,0 -86.3708178404295,12.1115112922679,0 -86.3708177717333,12.1115111962583,0 -86.3707912236244,12.1114730097506,0 -86.3707699064766,12.1114472499813,0 -86.3707117110176,12.1114058167718,0 -86.3706479984118,12.1114294331791,0</coordinates></LinearRing></innerBoundaryIs><innerBoundaryIs><LinearRing><coordinates>-86.371541773201,12.1115160941102,0 -86.3715411703037,12.1115165159485,0 -86.3715405060722,12.1115168372727,0 -86.3715397989062,12.1115170490816,0 -86.3715390653573,12.1115171468912,0 -86.3715383265677,12.1115171280367,0 -86.3715375990803,12.1115169916512,0 -86.3715217361463,12.1115126965589,0 -86.3714777276906,12.1115044728189,0 -86.3714311958181,12.1115528143022,0 -86.3714306589555,12.111553291451,0 -86.3714300515416,12.1115536798204,0 -86.3714293901427,12.1115539685966,0 -86.3714286903958,12.111554151485,0 -86.3713965635824,12.111559824515,0 -86.3713959458921,12.1115598918412,0 -86.3713953237996,12.1115598768677,0 -86.3713947092554,12.1115597778132,0 -86.3713774928235,12.111555827795,0 -86.371348378722,12.1115719340097,0 -86.3713549147182,12.1116031691348,0 -86.3713550075795,12.1116039343673,0 -86.3713549662667,12.1116047029129,0 -86.3713547926685,12.1116054530733,0 -86.371346540567,12.1116309631488,0 -86.3713563279812,12.1116503378497,0 -86.3713687077919,12.1116528038381,0 -86.3713693699224,12.111652988003,0 -86.3713699969132,12.1116532661335,0 -86.3713705740695,12.1116536345792,0 -86.3713710894704,12.1116540824619,0 -86.3713715302698,12.1116546016137,0 -86.3713845692666,12.1116726516732,0 -86.371399475544,12.1116714637564,0 -86.3714000995254,12.1116714570314,0 -86.3714007178028,12.1116715316788,0 -86.3714012927184,12.1116716794747,0 -86.3714187879047,12.1116774631018,0 -86.3714194663479,12.1116777449659,0 -86.3714200894134,12.1116781297926,0 -86.3714206405792,12.1116786094061,0 -86.371421106095,12.1116791693065,0 -86.3714213854292,12.1116795732488,0 -86.3714393530913,12.1117049410648,0 -86.371452862556,12.1116994374628,0 -86.3714742792957,12.1116826572946,0 -86.3714746879791,12.1116823706587,0 -86.3714747864435,12.1116823121035,0 -86.3714966985367,12.1116694422643,0 -86.3714971061298,12.1116692288728,0 -86.3714976101739,12.1116690319768,0 -86.3715231809894,12.111660709011,0 -86.3715387756772,12.1116492545294,0 -86.3715428045997,12.1116322505018,0 -86.3715472220272,12.111612192691,0 -86.3715474368526,12.1116114959765,0 -86.3715477618517,12.1116108420127,0 -86.3715481896328,12.1116102479643,0 -86.3715619666916,12.1115940554509,0 -86.3715647561522,12.1115738221394,0 -86.3715648973605,12.1115731686636,0 -86.3715651340755,12.1115725425326,0 -86.3715654625896,12.1115719573022,0 -86.3715843832926,12.1115434565047,0 -86.3715955366376,12.1115229898389,0 -86.3715968753791,12.1115014483633,0 -86.3715875548452,12.1114910822757,0 -86.3715669182656,12.1114874509696,0 -86.3715422991163,12.1115155825737,0 -86.371541773201,12.1115160941102,0</coordinates></LinearRing></innerBoundaryIs><innerBoundaryIs><LinearRing><coordinates>-86.3710243998974,12.111670938483,0 -86.3710002928699,12.11164710576,0 -86.3709826607704,12.1116397528684,0 -86.3709822036491,12.1116395329961,0 -86.3709817742125,12.111639263451,0 -86.3709625797236,12.111625706359,0 -86.3709307677592,12.1116256342438,0 -86.3709111999373,12.1116424049961,0 -86.3709228406781,12.1116693057251,0 -86.3709319407293,12.1116847380229,0 -86.3709403719928,12.1116871290664,0 -86.3709410101163,12.111687362009,0 -86.3709416057588,12.1116876843792,0 -86.3709421469868,12.1116880907242,0 -86.3709426209605,12.1116885701636,0 -86.3709430175927,12.1116891136316,0 -86.3709546444805,12.1117078025485,0 -86.3709549966542,12.1117084951222,0 -86.3709552237372,12.1117092362434,0 -86.3709553184269,12.1117100050972,0 -86.3709552789402,12.1117107781683,0 -86.3709551053281,12.1117115337541,0 -86.3709548040781,12.1117122483577,0 -86.3709543825884,12.111712902102,0 -86.3709538537708,12.1117134751219,0 -86.3709319791813,12.1117334725478,0 -86.3709153328603,12.1117497769837,0 -86.3709293149111,12.1117787149406,0 -86.3709426982557,12.111786658647,0 -86.3709432863331,12.1117870723325,0 -86.370943799777,12.1117875708512,0 -86.3709442275878,12.1117881424226,0 -86.3709587620443,12.1118111441188,0 -86.3709588050717,12.111811213846,0 -86.3709716456053,12.1118323823404,0 -86.3709865729935,12.1118484816418,0 -86.3710051598652,12.1118550617287,0 -86.3710247866641,12.1118551062171,0 -86.3710250751913,12.1118551159139,0 -86.3710256080283,12.1118551813256,0 -86.3710577043092,12.1118609998797,0 -86.3710584224766,12.1118611923108,0 -86.3710590990311,12.1118614958743,0 -86.3710597174488,12.1118619032983,0 -86.3710602593762,12.11186240369,0 -86.3710607128966,12.1118629843623,0 -86.3710610651828,12.1118636290091,0 -86.3710613061627,12.1118643222349,0 -86.3710614294521,12.1118650432266,0 -86.3710614606584,12.1118654520325,0 -86.3710642768517,12.1118966317088,0 -86.3710642862661,12.1118973207925,0 -86.371064188179,12.1118980033027,0 -86.3710639863062,12.1118986620663,0 -86.3710636843554,12.1118992835275,0 -86.3710523911443,12.1119186276385,0 -86.3710500985602,12.1119330710505,0 -86.371061858828,12.1119383624325,0 -86.3710752561597,12.1119371946251,0 -86.3711019378855,12.1119151879188,0 -86.3711025444516,12.111914769707,0 -86.371103211433,12.1119144520072,0 -86.3711039213508,12.1119142429186,0 -86.3711236736832,12.1119101252773,0 -86.3711456271707,12.111898037765,0 -86.3711553009605,12.1118858582187,0 -86.3711558260642,12.1118853014671,0 -86.3711564391685,12.1118848380559,0 -86.3711571209418,12.1118844824097,0 -86.3711772564739,12.1118760449762,0 -86.3711915248896,12.1118674486564,0 -86.3711831251797,12.1118570683652,0 -86.371182717638,12.1118564742331,0 -86.3711824103945,12.1118558233585,0 -86.3711822125984,12.1118551329435,0 -86.3711821278852,12.1118544201778,0 -86.3711821580506,12.111853703151,0 -86.3711823039712,12.1118529999507,0 -86.371184851439,12.1118443002061,0 -86.3711811965,12.1118334251737,0 -86.3711671219517,12.1118153338743,0 -86.3711670468311,12.1118152342331,0 -86.3711669415018,12.111815084788,0 -86.3711560557551,12.1117989358767,0 -86.3711384151268,12.1117912945093,0 -86.3711278911563,12.1118188539556,0 -86.3711275587218,12.1118195431689,0 -86.3711271134097,12.1118201670181,0 -86.3711265672063,12.1118207083491,0 -86.3711259366908,12.1118211509224,0 -86.3711252393485,12.1118214839261,0 -86.3711244954216,12.1118216965548,0 -86.3711237251394,12.1118217834287,0 -86.3711229514842,12.1118217409827,0 -86.3710806595191,12.1118159029454,0 -86.3710798880086,12.1118157293833,0 -86.3710791581512,12.1118154275076,0 -86.3710784919802,12.1118150064112,0 -86.3710779087619,12.1118144797019,0 -86.3710774259221,12.1118138618876,0 -86.3710770590407,12.1118131710893,0 -86.3710768172562,12.1118124290306,0 -86.3710767087884,12.1118116574327,0 -86.3710767372601,12.1118108789109,0 -86.3710768998616,12.1118101160659,0 -86.3710849254872,12.111784011374,0 -86.3710752172073,12.1117744139345,0 -86.3710747305754,12.1117738458472,0 -86.3710743442756,12.1117732065489,0 -86.3710740702138,12.1117725132482,0 -86.3710739156952,12.1117717858557,0 -86.3710738834341,12.1117710424633,0 -86.3710739752176,12.1117703047776,0 -86.3710741891656,12.1117695908802,0 -86.3710815348194,12.1117509241704,0 -86.3710821419858,12.1117498566859,0 -86.3710897917154,12.1117398681495,0 -86.3710874229694,12.1117220710439,0 -86.3710671532135,12.1117073730312,0 -86.3710669734202,12.1117072360773,0 -86.3710436603524,12.1116885089215,0 -86.3710434576745,12.1116883339359,0 -86.37102453285,12.1116710644795,0 -86.3710243998974,12.111670938483,0</coordinates></LinearRing></innerBoundaryIs><innerBoundaryIs><LinearRing><coordinates>-86.3709104867067,12.1118544148658,0 -86.3709100565605,12.1118540557953,0 -86.3709096733969,12.1118536470957,0 -86.3708905068974,12.1118304856891,0 -86.3708772915284,12.1118222312882,0 -86.3708767511959,12.1118218348922,0 -86.3708762744462,12.111821363585,0 -86.370875873196,12.1118208300535,0 -86.3708755556946,12.1118202433594,0 -86.3708684077218,12.1118043190351,0 -86.3708488008839,12.1118090953052,0 -86.3708485471285,12.1118091489868,0 -86.3708484211803,12.1118091713082,0 -86.37082154675,12.1118133966682,0 -86.3707933126403,12.1118194284094,0 -86.3707811604037,12.1118339751568,0 -86.3707806224617,12.1118345201229,0 -86.3707799974487,12.1118349672291,0 -86.3707677960151,12.1118422678577,0 -86.3707548935034,12.111862876109,0 -86.370750628813,12.1118836097484,0 -86.3707505731215,12.1118838465438,0 -86.3707504805114,12.1118841519809,0 -86.370742657127,12.1119070713366,0 -86.3707432846242,12.1119365631834,0 -86.3707490116075,12.1119561430105,0 -86.3707717730661,12.1119651623838,0 -86.370791480252,12.1119665924303,0 -86.3707922169825,12.1119667062318,0 -86.3707929258758,12.1119669348138,0 -86.3707935867278,12.111967272705,0 -86.3708046899378,12.1119741360573,0 -86.3708184769609,12.111978046686,0 -86.3708348453089,12.1119760717738,0 -86.3708514341228,12.1119725618907,0 -86.3708520445091,12.111972474655,0 -86.3708526602186,12.1119724688168,0 -86.3708532711449,12.1119725434487,0 -86.3708538102495,12.111972679409,0 -86.3708543280703,12.1119728786207,0 -86.370854817264,12.11197313745,0 -86.3708633687609,12.1119783428925,0 -86.3708757314828,12.1119794768581,0 -86.3708837103145,12.1119686589441,0 -86.3708842189266,12.1119680813572,0 -86.3708848182983,12.1119675962127,0 -86.370894316007,12.1119611575595,0 -86.3708948138437,12.1119608647967,0 -86.3708953446143,12.1119606354083,0 -86.3708959000397,12.1119604729927,0 -86.3709140560748,12.1119563933444,0 -86.3709225408312,12.1119508548666,0 -86.3709245269475,12.1119342549545,0 -86.3709246450676,12.1119336511622,0 -86.3709248458418,12.1119330692602,0 -86.3709336475151,12.1119122735606,0 -86.3709339899739,12.1119116205415,0 -86.3709344361273,12.1119110301529,0 -86.370934972153,12.1119105186405,0 -86.3709451208913,12.1119023316769,0 -86.3709362338724,12.1118689100883,0 -86.3709109592535,12.1118547188714,0 -86.3709104867067,12.1118544148658,0</coordinates></LinearRing></innerBoundaryIs><innerBoundaryIs><LinearRing><coordinates>-86.3704475530159,12.1114588839928,0 -86.3704289111338,12.1114663879273,0 -86.3704154505686,12.1114784729496,0 -86.3704025591306,12.1115014115427,0 -86.3703932994134,12.1115262926329,0 -86.3703974405729,12.1115531908341,0 -86.3704223029617,12.1115585680342,0 -86.3704229577186,12.1115587612274,0 -86.3704235764185,12.1115590474797,0 -86.3704241443732,12.1115594204279,0 -86.3704246505722,12.1115598728127,0 -86.3704250821759,12.1115603937537,0 -86.3704254309413,12.1115609714765,0 -86.3704375315748,12.1115849253098,0 -86.3704377646192,12.1115854747373,0 -86.370437922253,12.1115860484093,0 -86.3704380017407,12.1115866372768,0 -86.3704616181454,12.1115947154479,0 -86.3704621872617,12.1115942003945,0 -86.370473147811,12.1115858516148,0 -86.370473334672,12.1115857173008,0 -86.3704953429687,12.1115706313672,0 -86.3704933760298,12.1115578539311,0 -86.3704933243115,12.1115571792199,0 -86.3704933755148,12.1115565047422,0 -86.3704935286868,12.1115558449643,0 -86.3704937801157,12.1115552152506,0 -86.3704941242562,12.1115546291526,0 -86.3704945528059,12.111554100216,0 -86.3704950574668,12.1115536401774,0 -86.3705131240522,12.1115394848485,0 -86.3705182451528,12.1115344677569,0 -86.3705131009003,12.1115191628812,0 -86.370512927924,12.1115184698093,0 -86.3705128689431,12.1115177571019,0 -86.3705129239089,12.1115170455571,0 -86.3705130918665,12.1115163505458,0 -86.3705133690978,12.111515690145,0 -86.3705137491299,12.1115150815214,0 -86.3705142209036,12.1115145382143,0 -86.3705227508475,12.1115061830144,0 -86.3705108486792,12.1114845925218,0 -86.370481268051,12.1114778038944,0 -86.3704805095703,12.1114775607306,0 -86.3704798056038,12.1114771910911,0 -86.3704791772596,12.1114767067794,0 -86.3704631439507,12.1114619884942,0 -86.3704475530159,12.1114588839928,0</coordinates></LinearRing></innerBoundaryIs><innerBoundaryIs><LinearRing><coordinates>-86.371069477497,12.1112577125971,0 -86.3710701534144,12.1112575025272,0 -86.3710708538998,12.1112573965053,0 -86.3710898223781,12.111256003496,0 -86.3710904270565,12.1112559985364,0 -86.3710910269582,12.1112560713342,0 -86.371091611058,12.1112562209601,0 -86.3711095377824,12.1112621466512,0 -86.3711195664271,12.1112400804953,0 -86.3711199189441,12.1112394482972,0 -86.3711203678062,12.1112388778085,0 -86.3711349929599,12.1112231194847,0 -86.3711355556352,12.111222607128,0 -86.3711361961899,12.1112221935144,0 -86.3711368980533,12.1112218912664,0 -86.371137640994,12.111221706668,0 -86.3711545771504,12.1112189689034,0 -86.371166309327,12.1112138691178,0 -86.3711811460576,12.111198015417,0 -86.3711852336462,12.1111873632008,0 -86.3711854479495,12.1111868898429,0 -86.3711857154899,12.1111864428298,0 -86.3711932196657,12.11117542127,0 -86.3711861005154,12.1111554250389,0 -86.3711651671439,12.1111502250078,0 -86.3711644169636,12.1111499692048,0 -86.3711637231264,12.1111495905471,0 -86.3711631058258,12.1111490990278,0 -86.3711625834027,12.1111485109652,0 -86.3711621723597,12.1111478426741,0 -86.3711618836757,12.1111471149776,0 -86.3711617264891,12.1111463495993,0 -86.3711617062629,12.1111455682542,0 -86.3711618220209,12.1111447953559,0 -86.3711668737001,12.1111238835384,0 -86.3711484031395,12.1111147428026,0 -86.3711297391186,12.1111199444357,0 -86.3710933259074,12.1111313200652,0 -86.3710927282549,12.1111314643,0 -86.3710921160855,12.1111315289252,0 -86.3710915004309,12.1111315121572,0 -86.3710908923183,12.1111314140209,0 -86.371074266487,12.1111275982531,0 -86.3710468105415,12.111151801515,0 -86.3710462167809,12.11115224598,0 -86.3710455570915,12.1111525899204,0 -86.3710448489565,12.1111528234286,0 -86.3710331716822,12.1111556680556,0 -86.3710324822053,12.1111557822409,0 -86.3710317837845,12.1111557915093,0 -86.3710310911208,12.1111556967984,0 -86.3710304207508,12.1111554999542,0 -86.371029789205,12.1111552055356,0 -86.3710292102526,12.1111548199037,0 -86.3710286967376,12.1111543521306,0 -86.3710147160186,12.111139379,0 -86.3710011464023,12.1111548856068,0 -86.370993263617,12.1111792534971,0 -86.3710008613885,12.111191063453,0 -86.3710263033748,12.11118986869,0 -86.3710385142494,12.1111832300035,0 -86.3710391940561,12.11118292861,0 -86.3710399140338,12.1111827394384,0 -86.3710406557931,12.1111826669686,0 -86.3710414000298,12.1111827138695,0 -86.3710421256125,12.1111828782847,0 -86.3710428160087,12.1111831565595,0 -86.3710434510209,12.1111835405099,0 -86.3710440141312,12.111184020151,0 -86.3710444915853,12.111184582792,0 -86.3710448705497,12.1111852148393,0 -86.3710451400394,12.1111858981826,0 -86.3710538257567,12.1112146288048,0 -86.3710539531513,12.1112151662367,0 -86.371054011602,12.1112157134595,0 -86.3710553801606,12.1112454466226,0 -86.3710596359827,12.1112634297664,0 -86.3710688417782,12.1112580231334,0 -86.371069477497,12.1112577125971,0</coordinates></LinearRing></innerBoundaryIs><innerBoundaryIs><LinearRing><coordinates>-86.3712544866137,12.1105207508591,0 -86.371254621544,12.1105200313567,0 -86.3712548731076,12.1105193428641,0 -86.3712552339107,12.1105187034503,0 -86.3712556956448,12.1105181293733,0 -86.3712562444899,12.1105176359748,0 -86.3712672049725,12.1105092862555,0 -86.3712678528725,12.1105088744666,0 -86.3712685611623,12.1105085740413,0 -86.3712693096018,12.1105083948806,0 -86.371270078883,12.1105083414623,0 -86.3712708469468,12.1105084155449,0 -86.3712715908263,12.1105086143636,0 -86.3712722903153,12.1105089333511,0 -86.3712729261394,12.1105093625168,0 -86.3712734799473,12.1105098900633,0 -86.3712739361509,12.1105105014869,0 -86.371283231232,12.1105254431905,0 -86.3712939988831,12.1105343132665,0 -86.3713056465416,12.1105229041094,0 -86.3713061281072,12.1105224946566,0 -86.3713066618916,12.1105221540474,0 -86.3713072386884,12.1105218894953,0 -86.3713078465409,12.1105217054947,0 -86.3713260274851,12.1105175399638,0 -86.3713288838395,12.1105091727874,0 -86.3713291277934,12.1105085945999,0 -86.371329450685,12.1105080554752,0 -86.3713298451417,12.1105075644397,0 -86.3713303056246,12.110507132332,0 -86.3713376196811,12.1105011625568,0 -86.3713380937281,12.1105008245251,0 -86.3713383771421,12.1105006623964,0 -86.371351781761,12.110493598673,0 -86.3713518022401,12.1104848443697,0 -86.3713253133123,12.1104728252407,0 -86.3713250994449,12.1104727198596,0 -86.3713064851576,12.1104629684201,0 -86.3712878748841,12.1104715341154,0 -86.371287337735,12.1104717417876,0 -86.3712869699225,12.1104718422338,0 -86.3712662917885,12.1104765808448,0 -86.3712655223743,12.1104766912326,0 -86.371264745911,12.1104766722921,0 -86.3712639826154,12.1104765240692,0 -86.3712632563694,12.1104762511394,0 -86.3712625864494,12.1104758625892,0 -86.37126199397,12.1104753675091,0 -86.3712614935982,12.1104747813053,0 -86.3712611009157,12.1104741211944,0 -86.3712608278264,12.110473405289,0 -86.3712606807164,12.1104726534978,0 -86.3712606650465,12.1104718884401,0 -86.3712607798468,12.1104711318165,0 -86.3712047711455,12.1104302842169,0 -86.371204097583,12.1104306670104,0 -86.3712033682383,12.1104309330252,0 -86.3712026042658,12.1104310741707,0 -86.3712018268118,12.1104310859734,0 -86.3711505095677,12.1104274457095,0 -86.3711216309681,12.1104376022681,0 -86.3711039004745,12.1104503359695,0 -86.3711032415874,12.1104507305517,0 -86.3710967219378,12.110475751715,0 -86.3710971670025,12.1104771959569,0 -86.371097200153,12.1104779520114,0 -86.3710959194149,12.1105088574509,0 -86.371097009047,12.1105336960118,0 -86.3711050330921,12.1105451578782,0 -86.3711265179379,12.1105361547075,0 -86.3711333154843,12.1105306069713,0 -86.3711338723525,12.1105302193921,0 -86.3711344814012,12.1105299169337,0 -86.3711351288296,12.1105297067989,0 -86.371135800845,12.1105295925737,0 -86.371136482738,12.1105295769376,0 -86.3711607932245,12.1105308311024,0 -86.3711615024381,12.110530921329,0 -86.3711621884265,12.1105311191125,0 -86.3711628346593,12.110531419894,0 -86.3711634255335,12.1105318154996,0 -86.3711639454484,12.1105322968512,0 -86.3711902307636,12.1105606414327,0 -86.371209430919,12.1105729289086,0 -86.3712319537761,12.110575091437,0 -86.3712407876099,12.1105680119375,0 -86.3712259030915,12.1105438239498,0 -86.3712255646475,12.110543154919,0 -86.3712253430189,12.1105424391301,0 -86.3712252436706,12.1105416973942,0 -86.3712252711507,12.1105409496156,0 -86.3712254226537,12.1105402165866,0 -86.3712256944574,12.1105395181928,0 -86.3712260810036,12.1105388734116,0 -86.3712265693849,12.1105383002993,0 -86.3712271476192,12.1105378142017,0 -86.3712277982147,12.1105374286433,0 -86.3712285055264,12.1105371535357,0 -86.3712535549697,12.1105297137955,0 -86.3712544866137,12.1105207508591,0</coordinates></LinearRing></innerBoundaryIs><innerBoundaryIs><LinearRing><coordinates>-86.3688660319155,12.1114712249405,0 -86.3689168784954,12.1114671718449,0 -86.3689635591888,12.1114464198545,0 -86.3689769010316,12.1114352190226,0 -86.3689787922343,12.1114117355256,0 -86.3689419014203,12.1113853904068,0 -86.3689037934245,12.1113635639207,0 -86.3688695021576,12.1113971514132,0 -86.3688462270604,12.1114323699601,0 -86.3688404878794,12.1114657773269,0 -86.3688660319155,12.1114712249405,0</coordinates></LinearRing></innerBoundaryIs><innerBoundaryIs><LinearRing><coordinates>-86.368307484857,12.1107093949036,0 -86.3683084610524,12.1106858216143,0 -86.3683085018864,12.1106684504683,0 -86.3683022106854,12.1106497329028,0 -86.3682881127499,12.1106311458687,0 -86.3682880715273,12.1106310906137,0 -86.3682879240777,12.1106308777721,0 -86.3682716761808,12.1106058808205,0 -86.3682562186114,12.1106043237278,0 -86.3682500326362,12.1106088636051,0 -86.3682498568192,12.1106089907085,0 -86.3682490148251,12.1106094843378,0 -86.3682256499433,12.1106199596917,0 -86.3682251551077,12.1106201484642,0 -86.3682247532742,12.1106202569674,0 -86.3682034723304,12.1106249650377,0 -86.3681773149119,12.110632255482,0 -86.3681575357411,12.110648985767,0 -86.3681525974045,12.110661854198,0 -86.3681559461174,12.1106743264321,0 -86.3681653897091,12.1106920826928,0 -86.3681656748703,12.1106927416586,0 -86.3681658515116,12.1106934365486,0 -86.368165913243,12.1106941492626,0 -86.3681658610217,12.1106948635257,0 -86.3681656939734,12.110695560346,0 -86.3681654176521,12.1106962225549,0 -86.3681650385287,12.11069683389,0 -86.3681645667498,12.1106973780973,0 -86.3681640124534,12.11069784254,0 -86.3681458742877,12.1107107595899,0 -86.368148346924,12.110715161834,0 -86.3681671252019,12.1107309426955,0 -86.3681671756437,12.1107309853116,0 -86.368182419329,12.1107441727852,0 -86.3682062309385,12.1107586665562,0 -86.3682230475299,12.1107587048411,0 -86.3682411103652,12.1107559408822,0 -86.3682660605568,12.1107512782379,0 -86.3682827827571,12.1107461239225,0 -86.3682964817611,12.1107264499177,0 -86.368307484857,12.1107093949036,0</coordinates></LinearRing></innerBoundaryIs><innerBoundaryIs><LinearRing><coordinates>-86.3684834509844,12.1117959219294,0 -86.3684840940269,12.1117956249801,0 -86.3684847754291,12.1117954284933,0 -86.3684854804751,12.1117953378612,0 -86.368486189863,12.1117953548485,0 -86.3685282860949,12.1117995940642,0 -86.3685530003601,12.1117854829337,0 -86.3685812465405,12.1117657262728,0 -86.3685753868511,12.1117006227908,0 -86.3685259338311,12.1116868746036,0 -86.3684766422791,12.1117170341399,0 -86.3684618216826,12.1117583974905,0 -86.3684615565369,12.1117589964254,0 -86.3684612060315,12.1117595517605,0 -86.3684607784667,12.1117600508548,0 -86.3684602812174,12.111760483778,0 -86.3684334730716,12.1117806786584,0 -86.3684317383989,12.1117973623119,0 -86.3684552674784,12.1118116854176,0 -86.3684834509844,12.1117959219294,0</coordinates></LinearRing></innerBoundaryIs><innerBoundaryIs><LinearRing><coordinates>-86.3686795962587,12.1118841323444,0 -86.3686758092878,12.1119079840878,0 -86.3687217681115,12.1119277712285,0 -86.368748749212,12.1119278326089,0 -86.3687714665612,12.1118914426656,0 -86.3687718546854,12.1118909118313,0 -86.3687723161829,12.1118904417507,0 -86.3687728418427,12.1118900414457,0 -86.3687734206165,12.1118897199339,0 -86.3687740405409,12.1118894844225,0 -86.368802394475,12.1118809700061,0 -86.3688030987489,12.111880816976,0 -86.3688038183856,12.1118807743032,0 -86.3688045359232,12.1118808428522,0 -86.3688052339059,12.1118810207747,0 -86.3688058948824,12.1118813044139,0 -86.3688065032497,12.1118816855957,0 -86.3688070424859,12.1118821561442,0 -86.3688075006746,12.1118827033722,0 -86.368807866816,12.111883315499,0 -86.3688081299231,12.1118839753184,0 -86.3688160664946,12.1119095673439,0 -86.3688338687788,12.1119148671359,0 -86.3688696008884,12.111899336901,0 -86.3688796942325,12.1118638975713,0 -86.3688757256742,12.1118461302736,0 -86.3688680786916,12.1118290925028,0 -86.368838781905,12.1118200101851,0 -86.368818720035,12.1118553526876,0 -86.3688183133685,12.1118559531095,0 -86.3688178140586,12.1118564809782,0 -86.3688172359171,12.1118569245694,0 -86.3688165936769,12.1118572712568,0 -86.368815902977,12.1118575138416,0 -86.3688151822132,12.1118576451314,0 -86.3688144497708,12.1118576624552,0 -86.3688137231139,12.1118575640443,0 -86.3688130224509,12.1118573535616,0 -86.3688123643099,12.1118570364704,0 -86.3688117652149,12.1118566200427,0 -86.3687728724939,12.1118245760887,0 -86.3687329117001,12.1118008590326,0 -86.3687009746043,12.1118360515282,0 -86.3686795962587,12.1118841323444,0</coordinates></LinearRing></innerBoundaryIs><innerBoundaryIs><LinearRing><coordinates>-86.3710425990129,12.1096437713483,0 -86.3710586356047,12.1096398832027,0 -86.3710666879133,12.109635925229,0 -86.3710706883164,12.1096359581204,0 -86.3710788914129,12.1096199327356,0 -86.3710790972654,12.109603837293,0 -86.3710753773494,12.1095876813755,0 -86.3710677584783,12.1095714395581,0 -86.3710520861233,12.1095631414294,0 -86.371031840438,12.1095750719589,0 -86.3710155805484,12.109587047628,0 -86.3710033535789,12.1095990496588,0 -86.3709911315745,12.1096150616173,0 -86.3709868964245,12.1096311526131,0 -86.370994640512,12.109647354122,0 -86.3710105443475,12.1096515343964,0 -86.3710305593881,12.1096476915956,0 -86.3710425990129,12.1096437713483,0</coordinates></LinearRing></innerBoundaryIs><innerBoundaryIs><LinearRing><coordinates>-86.3711162733687,12.1098807412754,0 -86.3711252781971,12.1098763387347,0 -86.3711297806038,12.1098741375169,0 -86.3711365163871,12.1098697424998,0 -86.3711431843414,12.1098609741384,0 -86.3711476317323,12.1098543944121,0 -86.3711382420401,12.1098391719803,0 -86.3711313516132,12.1098348412779,0 -86.371122305357,12.1098348646102,0 -86.3711109991694,12.1098348938211,0 -86.3710997442138,12.1098370963331,0 -86.3710907501767,12.1098392929319,0 -86.3710818533553,12.1098458365093,0 -86.3710730153074,12.1098523502377,0 -86.3710686668436,12.1098632750315,0 -86.3710688071754,12.109876414587,0 -86.3710755551695,12.109880823145,0 -86.3710845906854,12.1098830119854,0 -86.3710959059064,12.1098829869054,0 -86.3711049664646,12.1098829636191,0 -86.3711162733687,12.1098807412754,0</coordinates></LinearRing></innerBoundaryIs><innerBoundaryIs><LinearRing><coordinates>-86.3723763269725,12.1107572370423,0 -86.3723764690678,12.1107487910897,0 -86.3723766332224,12.1107403449904,0 -86.3723862265221,12.1107233924306,0 -86.3723822242926,12.1107064798892,0 -86.3723737068286,12.1106895774307,0 -86.3723554098775,12.1106812336344,0 -86.3723367163726,12.1106729382916,0 -86.3723177379788,12.1106773439175,0 -86.3722987902899,12.1106859430769,0 -86.3722987252283,12.1107027890845,0 -86.3722988030965,12.1107196214818,0 -86.372303718974,12.110736414741,0 -86.3723038433565,12.1107532497896,0 -86.3723037965569,12.1107700958252,0 -86.3722899799042,12.1107827759627,0 -86.372271723585,12.1107954581088,0 -86.3722539021377,12.1108038978559,0 -86.372236770575,12.1108165133031,0 -86.3722372795438,12.1108333230359,0 -86.3722377889323,12.1108501414781,0 -86.3722513175306,12.1108627576593,0 -86.372264725432,12.1108711721219,0 -86.3722826055684,12.1108795904698,0 -86.3723003369129,12.1108838019263,0 -86.3723222789788,12.110883795048,0 -86.3723398344297,12.1108837938829,0 -86.3723530034755,12.1108711484161,0 -86.3723573919002,12.110850072533,0 -86.3723618716138,12.1108332078452,0 -86.3723577623167,12.1108163397714,0 -86.3723448691023,12.110799475454,0 -86.372349541388,12.1107825936547,0 -86.3723629313386,12.1107699181018,0 -86.3723763269725,12.1107572370423,0</coordinates></LinearRing></innerBoundaryIs><innerBoundaryIs><LinearRing><coordinates>-86.3721278092961,12.1109272289569,0 -86.3721333130405,12.1109237573439,0 -86.3721333130575,12.1109185288531,0 -86.3721351796856,12.1109133061191,0 -86.372138874334,12.1109063413521,0 -86.3721369066253,12.1108993588042,0 -86.3721330620953,12.1108923761886,0 -86.3721235730405,12.1108836495856,0 -86.372119803234,12.1108819038005,0 -86.3721122361998,12.1108766756881,0 -86.3721047443015,12.1108749308645,0 -86.3720954655005,12.1108766621828,0 -86.3720881053631,12.110881866632,0 -86.3720845131591,12.1108905466934,0 -86.3720827670065,12.1108992294274,0 -86.372080992751,12.1109061746026,0 -86.3720773642173,12.1109131139093,0 -86.3720756102732,12.1109217961186,0 -86.3720758420614,12.1109305006694,0 -86.3720762015181,12.1109409642627,0 -86.3720820133768,12.1109479774391,0 -86.3720915553902,12.1109550234823,0 -86.3720933549829,12.1109532852435,0 -86.3720987545788,12.1109480700311,0 -86.372107819092,12.1109411242768,0 -86.3721151439304,12.1109376631698,0 -86.3721206077641,12.1109341913981,0 -86.3721278092961,12.1109272289569,0</coordinates></LinearRing></innerBoundaryIs><innerBoundaryIs><LinearRing><coordinates>-86.3695658956086,12.1118562423354,0 -86.3695829781504,12.1118476197712,0 -86.3695999175314,12.1118432860597,0 -86.3696126232938,12.1118431016402,0 -86.3696210691194,12.1118389126889,0 -86.3696336540443,12.1118307014434,0 -86.369641893066,12.1118145208685,0 -86.36964158256,12.1117944721983,0 -86.3696454890086,12.1117784777869,0 -86.3696366243174,12.1117627157075,0 -86.3696236181911,12.1117509396631,0 -86.3696065714085,12.1117471377061,0 -86.3695897503096,12.1117512545896,0 -86.3695729298803,12.1117553704887,0 -86.3695519966816,12.11176348552,0 -86.3695351543465,12.1117676294175,0 -86.369522591238,12.1117757926372,0 -86.3695185427465,12.1117920456742,0 -86.3695100534815,12.1118085835534,0 -86.3695059433922,12.1118249073893,0 -86.3695101674289,12.1118413159773,0 -86.3695274271507,12.1118530574558,0 -86.3695445657563,12.1118567107596,0 -86.3695658956086,12.1118562423354,0</coordinates></LinearRing></innerBoundaryIs><innerBoundaryIs><LinearRing><coordinates>-86.3697800578446,12.1119789213072,0 -86.3697969268277,12.1119664088995,0 -86.3698096235363,12.1119497400501,0 -86.3698264687289,12.1119372639044,0 -86.3698349262119,12.1119247921145,0 -86.3698475710975,12.1119123244393,0 -86.3698477028602,12.1118915261303,0 -86.3698352175147,12.1118790530232,0 -86.3698185213301,12.1118707402889,0 -86.369801829262,12.11186242966,0 -86.3697808630475,12.1118665849934,0 -86.3697640712929,12.1118707611307,0 -86.3697430315355,12.1118791404484,0 -86.3697261831008,12.1118916002915,0 -86.369713516574,12.1119081653652,0 -86.3697050698844,12.1119205774854,0 -86.3697050031647,12.1119370903187,0 -86.3697048611757,12.1119619465529,0 -86.369704698003,12.1119786564196,0 -86.3697255542245,12.1119870777743,0 -86.3697464695912,12.1119871942311,0 -86.3697674187146,12.1119872460209,0 -86.3697800578446,12.1119789213072,0</coordinates></LinearRing></innerBoundaryIs><innerBoundaryIs><LinearRing><coordinates>-86.3691984962968,12.1096253872884,0 -86.3692236370569,12.1096132866478,0 -86.3692362000561,12.1096216073802,0 -86.3692445678423,12.1096094789735,0 -86.3692529303888,12.1095932787785,0 -86.3692403776203,12.1095808514693,0 -86.3692278189559,12.1095684345949,0 -86.3692068776571,12.1095599781283,0 -86.3691859228245,12.1095598189094,0 -86.3691691524665,12.1095555987322,0 -86.3691523747304,12.109567751257,0 -86.369152372642,12.1095882203878,0 -86.3691565660993,12.1096046268162,0 -86.3691649542287,12.1096169680132,0 -86.3691775347562,12.1096293364553,0 -86.3691984962968,12.1096253872884,0</coordinates></LinearRing></innerBoundaryIs><innerBoundaryIs><LinearRing><coordinates>-86.3682574750374,12.1097613934782,0 -86.3682806406098,12.1097558983271,0 -86.3682979893884,12.1097503676107,0 -86.3683095768086,12.109744824686,0 -86.3683269906741,12.1097337289744,0 -86.3683385618042,12.1097113766954,0 -86.3683269031042,12.1096888476521,0 -86.3683036661734,12.1096774542843,0 -86.3682746403922,12.1096772586025,0 -86.3682514346268,12.1096883306511,0 -86.3682282235862,12.109705020177,0 -86.368228355119,12.1097275255309,0 -86.3682342390306,12.109750034672,0 -86.3682574750374,12.1097613934782,0</coordinates></LinearRing></innerBoundaryIs><innerBoundaryIs><LinearRing><coordinates>-86.3691522114165,12.1099684947837,0 -86.3691690349217,12.1099643427542,0 -86.3691816555708,12.1099602021771,0 -86.3691900703298,12.1099601772537,0 -86.3692026949803,12.1099560354084,0 -86.3691984869576,12.1099355310076,0 -86.3691942804081,12.1099191363899,0 -86.3691816647294,12.1099027731137,0 -86.3691648331997,12.1098944627549,0 -86.3691480190904,12.1098904461121,0 -86.3691311901135,12.1098863002305,0 -86.3691143629629,12.1098862886913,0 -86.3690933083857,12.1098862045737,0 -86.3690764489739,12.1098902239048,0 -86.3690680427739,12.1099067103927,0 -86.3690553869554,12.1099272053501,0 -86.3690553755742,12.1099395253699,0 -86.369059579223,12.1099600901633,0 -86.3690722248642,12.1099765938634,0 -86.3690891085076,12.1099767225155,0 -86.3691101723029,12.1099727060704,0 -86.3691522114165,12.1099684947837,0</coordinates></LinearRing></innerBoundaryIs><innerBoundaryIs><LinearRing><coordinates>-86.3684955661258,12.1099958847096,0 -86.368518166223,12.1099957325585,0 -86.3685410544121,12.1099844328434,0 -86.3685581582359,12.1099787421329,0 -86.3685640804354,12.1099675594218,0 -86.3685647383714,12.1099397292405,0 -86.3685150075554,12.1098957143136,0 -86.3684920434865,12.1099125412885,0 -86.3684744818458,12.1099292238719,0 -86.3684626315849,12.109945911937,0 -86.368461988284,12.1099737410657,0 -86.3684730820689,12.109990449508,0 -86.3684955661258,12.1099958847096,0</coordinates></LinearRing></innerBoundaryIs><innerBoundaryIs><LinearRing><coordinates>-86.3683409729685,12.1100635355246,0 -86.3683692487782,12.1100634120417,0 -86.3683842646925,12.1100594788335,0 -86.3683885143895,12.1100512858206,0 -86.3683970124242,12.1100349029173,0 -86.3683931656434,12.1100186008732,0 -86.3683810078924,12.1100064345418,0 -86.3683418366481,12.1099851450504,0 -86.3683190156849,12.1099964236378,0 -86.368301791384,12.1100188835126,0 -86.3683015582489,12.1100412786938,0 -86.3683183302814,12.1100636248337,0 -86.3683409729685,12.1100635355246,0</coordinates></LinearRing></innerBoundaryIs><innerBoundaryIs><LinearRing><coordinates>-86.3684943568843,12.1101683024778,0 -86.3685047143096,12.110173217638,0 -86.3685150949923,12.1101705985573,0 -86.3685177008867,12.1101655472439,0 -86.3685228948419,12.1101629811493,0 -86.3685332890862,12.1101553364983,0 -86.3685384940448,12.1101477467691,0 -86.3685385143371,12.1101377029217,0 -86.3685307538594,12.1101277472557,0 -86.368517789695,12.1101278891368,0 -86.3685048240053,12.1101305394285,0 -86.3684970436946,12.1101331326178,0 -86.3684866596853,12.1101407709467,0 -86.3684840467155,12.1101508632553,0 -86.3684866097739,12.1101608804715,0 -86.3684943568843,12.1101683024778,0</coordinates></LinearRing></innerBoundaryIs><innerBoundaryIs><LinearRing><coordinates>-86.3688306340762,12.1103638338832,0 -86.3688307379815,12.1103472764307,0 -86.3688182405865,12.1103348473085,0 -86.3688140774982,12.1103307068656,0 -86.3688182947049,12.1103183172222,0 -86.3688266701441,12.1103018023484,0 -86.3688224982285,12.1102811457373,0 -86.3688141409361,12.110268754725,0 -86.3687973742323,12.1102687551236,0 -86.3687805393357,12.1102687553241,0 -86.3687637086762,12.1102687555259,0 -86.3687468766595,12.1102770090594,0 -86.3687342536407,12.1102852610985,0 -86.3687172383546,12.1102976480434,0 -86.3687085737386,12.1103141773885,0 -86.3687083273826,12.1103348558525,0 -86.3687123695979,12.110351411763,0 -86.3687292338161,12.1103596854547,0 -86.3687503880533,12.1103638154036,0 -86.3687672218324,12.1103720994301,0 -86.3687841127689,12.1103762386929,0 -86.368801072548,12.1103762264542,0 -86.368817946186,12.1103721026639,0 -86.3688306340762,12.1103638338832,0</coordinates></LinearRing></innerBoundaryIs><innerBoundaryIs><LinearRing><coordinates>-86.3682890044334,12.110970466879,0 -86.3682995698851,12.1109678837546,0 -86.368310196577,12.1109600948766,0 -86.3683181387237,12.1109575042309,0 -86.3683261180889,12.1109523095108,0 -86.3683262137859,12.1109419097767,0 -86.3683236820911,12.1109315119088,0 -86.3683158411594,12.1109237158567,0 -86.3683053850617,12.1109159221213,0 -86.3682949290159,12.1109081357959,0 -86.3682844034793,12.1109081308757,0 -86.3682764165951,12.1109159057564,0 -86.3682683766757,12.1109262787737,0 -86.3682578096013,12.110928866264,0 -86.3682472068364,12.1109340487973,0 -86.3682391973408,12.1109418304957,0 -86.3682390441624,12.1109522215793,0 -86.3682468907353,12.110960019024,0 -86.368257427763,12.1109652199995,0 -86.3682679477651,12.1109704271738,0 -86.368278473715,12.1109704470139,0 -86.3682890044334,12.110970466879,0</coordinates></LinearRing></innerBoundaryIs><innerBoundaryIs><LinearRing><coordinates>-86.368979079274,12.1117304436156,0 -86.3689903689049,12.1117221652798,0 -86.3689960115181,12.1117139061587,0 -86.3690016545309,12.1117028965772,0 -86.3690073008679,12.1116973819213,0 -86.369015771178,12.1116918589688,0 -86.3690242418111,12.1116835842251,0 -86.3690270685176,12.1116725712772,0 -86.3690185980187,12.1116615809088,0 -86.3690101193343,12.1116560927727,0 -86.3689988069541,12.1116533660237,0 -86.3689846579628,12.111653401471,0 -86.3689704989937,12.1116534369342,0 -86.3689591646838,12.111653465295,0 -86.368944987798,12.1116535007598,0 -86.3689308003299,12.1116535370155,0 -86.3689166066784,12.1116563394184,0 -86.3689080898352,12.1116591263535,0 -86.3689024426782,12.1116701877428,0 -86.3688968077748,12.1116840034767,0 -86.3688996892189,12.1116950206961,0 -86.3689054071811,12.1117060161966,0 -86.3689167836264,12.1117142228422,0 -86.3689224787879,12.1117224473323,0 -86.368933826687,12.1117278894187,0 -86.3689451604456,12.111733334123,0 -86.3689564737908,12.1117332854491,0 -86.3689677810493,12.1117332367799,0 -86.368979079274,12.1117304436156,0</coordinates></LinearRing></innerBoundaryIs><innerBoundaryIs><LinearRing><coordinates>-86.3714786464055,12.1101759272888,0 -86.3714880258711,12.1101668414308,0 -86.3714973714738,12.1101547239317,0 -86.3714969767314,12.1101395846587,0 -86.3714902202589,12.1101274933647,0 -86.3714837818434,12.1101154028971,0 -86.3714741944603,12.1101033254076,0 -86.3714646596335,12.1100972970352,0 -86.3714518883425,12.1100912875227,0 -86.3714360034961,12.1100913268754,0 -86.3714233717296,12.1100943683211,0 -86.3714139362108,12.110097403053,0 -86.3713982139743,12.1101004441298,0 -86.3713856742629,12.1101095058923,0 -86.3713762966605,12.1101215726361,0 -86.3713700762613,12.1101366465915,0 -86.3713669728782,12.1101456894679,0 -86.3713607849932,12.1101607598797,0 -86.3713545774352,12.1101728146001,0 -86.3713483748026,12.1101818547377,0 -86.3713390695063,12.1101939055566,0 -86.3713297310588,12.1102029385012,0 -86.3713235415496,12.1102119746333,0 -86.3713173526312,12.1102210099286,0 -86.3713049427561,12.1102360615628,0 -86.3712825470689,12.1102491013308,0 -86.3712727274548,12.110253790158,0 -86.371262889658,12.1102561262956,0 -86.3712532130274,12.1102608162467,0 -86.371243561486,12.1102655054344,0 -86.3712363373225,12.1102725422997,0 -86.3712267017065,12.1102795769854,0 -86.371219533871,12.1102866191223,0 -86.371212405062,12.1102960148423,0 -86.3712052473597,12.110303062119,0 -86.3712005271344,12.1103124655172,0 -86.3712006581177,12.1103242318346,0 -86.3712080774641,12.1103336761788,0 -86.3712131134674,12.1103431342081,0 -86.3712206834352,12.1103549901239,0 -86.3712256936286,12.1103597535812,0 -86.3712357481509,12.1103692998973,0 -86.3712484912584,12.1103789461512,0 -86.3712563133744,12.1103862196393,0 -86.3712639437169,12.1103910733108,0 -86.3712741600767,12.1103983536618,0 -86.3712866691623,12.11040085921,0 -86.3712965977433,12.1104009386692,0 -86.3713115077979,12.110401058036,0 -86.3713212055107,12.1103939411569,0 -86.3713259618382,12.1103867987926,0 -86.3713332129349,12.1103796783208,0 -86.3713403638588,12.1103701627168,0 -86.3713476549079,12.1103630550181,0 -86.3713549858494,12.110353584352,0 -86.3713597891811,12.1103440916368,0 -86.3713645573155,12.1103345941366,0 -86.3713718380594,12.1103251138538,0 -86.3713765931945,12.1103156187169,0 -86.3713813468639,12.1103061266592,0 -86.3713809739071,12.1102942387379,0 -86.3713883990436,12.1102895177546,0 -86.3713983566693,12.1102848036227,0 -86.371408401158,12.1102824626234,0 -86.3714210642419,12.1102825062932,0 -86.371431044307,12.1102801530974,0 -86.371448643989,12.1102801976052,0 -86.3714586299796,12.1102778396063,0 -86.371465930385,12.1102707081406,0 -86.371468022748,12.1102588083864,0 -86.3714727352082,12.1102492998569,0 -86.3714801345242,12.1102445506297,0 -86.3714925848224,12.1102398012212,0 -86.3715025731051,12.1102350483568,0 -86.3715125759643,12.1102302919829,0 -86.3715173266823,12.1102207784797,0 -86.3715144463538,12.1102112773479,0 -86.371509030134,12.1102017924932,0 -86.3715011691242,12.1101946969092,0 -86.3714908688076,12.1101899854638,0 -86.3714805860391,12.1101852820214,0 -86.3714778191465,12.1101782008818,0 -86.3714786464055,12.1101759272888,0</coordinates></LinearRing></innerBoundaryIs><innerBoundaryIs><LinearRing><coordinates>-86.3688165939877,12.1106077601826,0 -86.3688121895722,12.1106034479106,0 -86.3688011847056,12.1105948196804,0 -86.368790209234,12.1105861789103,0 -86.3687836303306,12.1105797086654,0 -86.3687748535106,12.1105732440733,0 -86.3687682770788,12.1105689352743,0 -86.368755126664,12.1105646250212,0 -86.3687463756553,12.1105603198984,0 -86.3687398096845,12.1105581680825,0 -86.3687310461811,12.1105581652882,0 -86.3687179261994,12.1105603057527,0 -86.3687069968258,12.110568884223,0 -86.3687004268258,12.1105753190163,0 -86.3686938874912,12.110586036031,0 -86.3686874211178,12.1105988686517,0 -86.3686809637977,12.1106116833775,0 -86.3686766483738,12.110618081998,0 -86.3686723344297,12.1106287577465,0 -86.3686657815708,12.1106351720154,0 -86.3686548497,12.1106415863813,0 -86.3686461055139,12.1106458611028,0 -86.3686373622412,12.1106501353401,0 -86.3686263797578,12.1106587149396,0 -86.368619763845,12.1106673020364,0 -86.3686152928094,12.1106737745248,0 -86.3686130346494,12.1106802378479,0 -86.3686107510856,12.1106931481525,0 -86.3686107359939,12.1106995870331,0 -86.3686173877974,12.1107102494669,0 -86.3686238692612,12.1107210332327,0 -86.36862811618,12.1107297200853,0 -86.3686368011417,12.110736233244,0 -86.368643374965,12.110738387558,0 -86.3686521726858,12.1107405139207,0 -86.36866315127,12.1107447972814,0 -86.368676350103,12.110746904081,0 -86.3686872418091,12.1107469986251,0 -86.3686981742325,12.1107470531923,0 -86.3687091266506,12.110744940968,0 -86.3687200917122,12.1107406675552,0 -86.3687244735198,12.1107385359446,0 -86.3687376067687,12.1107386098108,0 -86.3687485804196,12.1107386310079,0 -86.368761754006,12.110736503603,0 -86.3687749133273,12.1107365666656,0 -86.3687837015028,12.1107365796081,0 -86.3687924959696,12.1107387256363,0 -86.3688056860126,12.1107387250235,0 -86.3688144806258,12.1107387178277,0 -86.3688232728175,12.1107322744132,0 -86.3688298668825,12.1107258324105,0 -86.3688386593623,12.1107150963822,0 -86.3688408565472,12.110708665923,0 -86.3688430505918,12.1106979942432,0 -86.36884304564,12.1106873120303,0 -86.3688430439242,12.1106808775518,0 -86.3688452430182,12.1106658472083,0 -86.3688430392497,12.110659409955,0 -86.3688408345288,12.1106486661023,0 -86.3688364259739,12.1106400676774,0 -86.3688320157561,12.1106314663357,0 -86.3688276053196,12.1106228581793,0 -86.368823201513,12.110614229604,0 -86.3688165939877,12.1106077601826,0</coordinates></LinearRing></innerBoundaryIs></Polygon></MultiGeometry>
  </Placemark>
</Folder>
</Document></kml>
