<?xml version="1.0" encoding="utf-8" ?>
<kml xmlns="http://www.opengis.net/kml/2.2">
<Document id="root_doc">
<Schema name="merged" id="merged">
	<SimpleField name="OID_" type="float"></SimpleField>
	<SimpleField name="FolderPath" type="string"></SimpleField>
	<SimpleField name="SymbolID" type="float"></SimpleField>
	<SimpleField name="AltMode" type="int"></SimpleField>
	<SimpleField name="Base" type="float"></SimpleField>
	<SimpleField name="Clamped" type="int"></SimpleField>
	<SimpleField name="Extruded" type="int"></SimpleField>
	<SimpleField name="Snippet" type="string"></SimpleField>
	<SimpleField name="PopupInfo" type="string"></SimpleField>
	<SimpleField name="Shape_Leng" type="float"></SimpleField>
	<SimpleField name="Shape_Area" type="float"></SimpleField>
	<SimpleField name="Plantation" type="string"></SimpleField>
	<SimpleField name="layer" type="string"></SimpleField>
	<SimpleField name="path" type="string"></SimpleField>
</Schema>
<Folder><name>merged</name>
  <Placemark>
	<name>patala - 40Acr field of Champua</name>
	<Style><LineStyle><color>ff0000ff</color></LineStyle><PolyStyle><fill>0</fill></PolyStyle></Style>
	<ExtendedData><SchemaData schemaUrl="#merged">
		<SimpleData name="OID_">0</SimpleData>
		<SimpleData name="FolderPath">Document/existing_champua_keonjhar</SimpleData>
		<SimpleData name="SymbolID">0</SimpleData>
		<SimpleData name="AltMode">0</SimpleData>
		<SimpleData name="Base">0.00000000000</SimpleData>
		<SimpleData name="Clamped">-1</SimpleData>
		<SimpleData name="Extruded">0</SimpleData>
		<SimpleData name="Shape_Leng">0.02444431492</SimpleData>
		<SimpleData name="Shape_Area">0.00001157681</SimpleData>
		<SimpleData name="Plantation">Existing</SimpleData>
		<SimpleData name="layer">Champua_existing</SimpleData>
		<SimpleData name="path">D:\Project\Shristi\4th_round\Champua_existing.shp</SimpleData>
	</SchemaData></ExtendedData>
      <MultiGeometry><Polygon><outerBoundaryIs><LinearRing><coordinates>85.646172607,22.0000351680001,0 85.6470064040001,21.9998136740001,0 85.6467662810001,21.998561787,0 85.646573167,21.9960064910001,0 85.64636849,21.9956504260001,0 85.6462621890001,21.995627819,0 85.646214979,21.99572197,0 85.646126903,21.995751602,0 85.6460347410001,21.9956265320001,0 85.645974719,21.9957819100001,0 85.645867954,21.995988185,0 85.6457161800001,21.996002139,0 85.6455602500001,21.995982451,0 85.6454379460001,21.9958119830001,0 85.6453552420001,21.9956333420001,0 85.645451526,21.9955226440001,0 85.6456728190001,21.9954823480001,0 85.645848942,21.9955230780001,0 85.6458210040001,21.9953449000001,0 85.6457551660001,21.995235817,0 85.645694006,21.9951416980001,0 85.6455957740001,21.995016041,0 85.644722287,21.995545464,0 85.6445208110001,21.9953533350001,0 85.6455146860001,21.994796675,0 85.6454043860001,21.9946804250001,0 85.6453612020001,21.994597942,0 85.6453257590001,21.99451742,0 85.645263168,21.9944314100001,0 85.64519792,21.9943933700001,0 85.645129608,21.9943865710001,0 85.6450755830001,21.994315081,0 85.6450490880001,21.9942382240001,0 85.6449431450001,21.9941105390001,0 85.644905947,21.9940481950001,0 85.6448724080001,21.99397671,0 85.6447497490001,21.9938455120001,0 85.6447053160001,21.993884082,0 85.644665139,21.9938823370001,0 85.6445861610001,21.993863757,0 85.644512477,21.9938610790001,0 85.6445084810001,21.9938230980001,0 85.6445443590001,21.9937717720001,0 85.64453876,21.9937401180001,0 85.644503258,21.993746269,0 85.6444530540001,21.993730305,0 85.6444476490001,21.993696668,0 85.6444385460001,21.993649028,0 85.6443430900001,21.993597284,0 85.6442567610001,21.9935777800001,0 85.644183792,21.993548812,0 85.6441171120001,21.993511787,0 85.6440715700001,21.993459606,0 85.6440206090001,21.993452817,0 85.6439779840001,21.9934881780001,0 85.6439200300001,21.9935204720001,0 85.643846216,21.9935176440001,0 85.643798411,21.993495323,0 85.643750448,21.993459086,0 85.6436861010001,21.9934595560001,0 85.6435574480001,21.9935069540001,0 85.6434773920001,21.993549338,0 85.6434174380001,21.9935715670001,0 85.643382521,21.9935565500001,0 85.6432844610001,21.9935479440001,0 85.643170237,21.9935237230001,0 85.643104076,21.99353567,0 85.643090531,21.993625363,0 85.6431324050001,21.9937490630001,0 85.6430862920001,21.993844009,0 85.6430016400001,21.9938932430001,0 85.6429466120001,21.9938476730001,0 85.642903479,21.993775795,0 85.6427974760001,21.9937775330001,0 85.642726725,21.9938993330001,0 85.642741443,21.9939978570001,0 85.642757105,21.9940800150001,0 85.642664381,21.994166695,0 85.6425011730001,21.994152792,0 85.6422906510001,21.9940018240001,0 85.6422505200001,21.993921755,0 85.642222631,21.9938214050001,0 85.6421400410001,21.993731563,0 85.642057519,21.9936527900001,0 85.6419835410001,21.9936308630001,0 85.6419260490001,21.9935171290001,0 85.641851537,21.9936076830001,0 85.6417682590001,21.9935902240001,0 85.6417807980001,21.993704549,0 85.6418825040001,21.993848717,0 85.643302496,21.995289601,0 85.6442572430001,21.996092714,0 85.64485267,21.9970047470001,0 85.6452838370001,21.9979998330001,0 85.6452770560001,21.9982010620001,0 85.6453234140001,21.998503769,0 85.6454190750001,21.998671276,0 85.645391703,21.9987483200001,0 85.6455595950001,21.998992727,0 85.6457384120001,21.999118647,0 85.6458516490001,21.999152343,0 85.6460269130001,21.999090794,0 85.646084063,21.999289682,0 85.6459802540001,21.9993131310001,0 85.6458863120001,21.999409282,0 85.645884929,21.9995747770001,0 85.645941737,21.999803656,0 85.646172607,22.0000351680001,0</coordinates></LinearRing></outerBoundaryIs></Polygon></MultiGeometry>
  </Placemark>
  <Placemark>
	<name>Rajia(8ha), Champua</name>
	<Style><LineStyle><color>ff0000ff</color></LineStyle><PolyStyle><fill>0</fill></PolyStyle></Style>
	<ExtendedData><SchemaData schemaUrl="#merged">
		<SimpleData name="OID_">0</SimpleData>
		<SimpleData name="FolderPath">Document/existing_champua_keonjhar</SimpleData>
		<SimpleData name="SymbolID">0</SimpleData>
		<SimpleData name="AltMode">0</SimpleData>
		<SimpleData name="Base">0.00000000000</SimpleData>
		<SimpleData name="Clamped">-1</SimpleData>
		<SimpleData name="Extruded">0</SimpleData>
		<SimpleData name="PopupInfo">&lt;div&gt;&lt;br&gt;&lt;/div&gt;</SimpleData>
		<SimpleData name="Shape_Leng">0.01094686519</SimpleData>
		<SimpleData name="Shape_Area">0.00000538601</SimpleData>
		<SimpleData name="Plantation">Existing</SimpleData>
		<SimpleData name="layer">Champua_existing</SimpleData>
		<SimpleData name="path">D:\Project\Shristi\4th_round\Champua_existing.shp</SimpleData>
	</SchemaData></ExtendedData>
      <MultiGeometry><Polygon><outerBoundaryIs><LinearRing><coordinates>85.6111861400001,22.0309039310001,0 85.6112281000001,22.031034845,0 85.6114185930001,22.031197266,0 85.611617079,22.031367565,0 85.6119043640001,22.0315797170001,0 85.6120641150001,22.031634572,0 85.612259733,22.0317007510001,0 85.6123241640001,22.031818033,0 85.6127061940001,22.032552933,0 85.6133464330001,22.0323120690001,0 85.614023295,22.032028939,0 85.613757499,22.03138864,0 85.614080626,22.0311848740001,0 85.6137382100001,22.030761763,0 85.6136310140001,22.0307582240001,0 85.613567646,22.0305810030001,0 85.613122843,22.02968401,0 85.6129542450001,22.0294677250001,0 85.6128707770001,22.029238524,0 85.612755785,22.029050098,0 85.6127466770001,22.0289019030001,0 85.6127534080001,22.0287267750001,0 85.612476966,22.028656187,0 85.6117467120001,22.0303641720001,0 85.611628733,22.030968827,0 85.6111861400001,22.0309039310001,0</coordinates></LinearRing></outerBoundaryIs></Polygon></MultiGeometry>
  </Placemark>
  <Placemark>
	<name>Tuntuna-1(20Ac ) field of Champua,Keonjhar.</name>
	<Style><LineStyle><color>ff0000ff</color></LineStyle><PolyStyle><fill>0</fill></PolyStyle></Style>
	<ExtendedData><SchemaData schemaUrl="#merged">
		<SimpleData name="OID_">0</SimpleData>
		<SimpleData name="FolderPath">Document/existing_champua_keonjhar</SimpleData>
		<SimpleData name="SymbolID">0</SimpleData>
		<SimpleData name="AltMode">0</SimpleData>
		<SimpleData name="Base">0.00000000000</SimpleData>
		<SimpleData name="Clamped">-1</SimpleData>
		<SimpleData name="Extruded">0</SimpleData>
		<SimpleData name="Shape_Leng">0.01911453847</SimpleData>
		<SimpleData name="Shape_Area">0.00000615197</SimpleData>
		<SimpleData name="Plantation">Existing</SimpleData>
		<SimpleData name="layer">Champua_existing</SimpleData>
		<SimpleData name="path">D:\Project\Shristi\4th_round\Champua_existing.shp</SimpleData>
	</SchemaData></ExtendedData>
      <MultiGeometry><Polygon><outerBoundaryIs><LinearRing><coordinates>85.672020349,22.0027944300001,0 85.671337695,22.003032644,0 85.6714590030001,22.0034509610001,0 85.6710907830001,22.0035764720001,0 85.6707740950001,22.003603331,0 85.6708154340001,22.0038559500001,0 85.670755893,22.0038384860001,0 85.6706349190001,22.0038635010001,0 85.6706768820001,22.004008819,0 85.6707291810001,22.0040879160001,0 85.6708120440001,22.004135337,0 85.6708480770001,22.004298724,0 85.670946277,22.0042940170001,0 85.6711661090001,22.004223,0 85.671286292,22.0043848770001,0 85.671379728,22.004624983,0 85.671441164,22.0048380810001,0 85.67153813,22.004775776,0 85.6715439910001,22.004585165,0 85.6715991330001,22.004341013,0 85.6715509940001,22.0041898100001,0 85.6715428740001,22.004075727,0 85.6715522980001,22.0039081,0 85.671612913,22.003769689,0 85.671746307,22.0036304880001,0 85.6718647430001,22.0034845870001,0 85.6719801820001,22.0033475760001,0 85.672108322,22.0031231560001,0 85.6721218390001,22.0032095660001,0 85.6719796190001,22.0034445320001,0 85.6719500470001,22.003541586,0 85.6717893800001,22.0036950850001,0 85.671668384,22.003835042,0 85.6716088620001,22.0039576090001,0 85.6716082830001,22.004101652,0 85.6716644100001,22.0042427500001,0 85.6716475750001,22.0044292270001,0 85.6716001950001,22.0045998000001,0 85.671600749,22.0048042820001,0 85.67157961,22.0051450510001,0 85.6717481960001,22.0050582320001,0 85.6717823290001,22.005228737,0 85.6718477160001,22.005379157,0 85.6719238910001,22.005465354,0 85.671900528,22.005646461,0 85.6721256320001,22.0057374420001,0 85.6723824100001,22.0058148950001,0 85.6725005110001,22.0056566540001,0 85.67254798,22.0056275910001,0 85.6724647510001,22.0055124300001,0 85.672376973,22.0050984160001,0 85.6731990470001,22.0049488710001,0 85.673065228,22.0046607940001,0 85.673344242,22.004579264,0 85.6737221530001,22.0051121610001,0 85.6738013570001,22.0050851250001,0 85.6739082940001,22.005086555,0 85.6740252980001,22.005078116,0 85.6740175830001,22.005013584,0 85.674142251,22.004910963,0 85.6740810860001,22.004895216,0 85.6740130810001,22.0047467140001,0 85.6739797690001,22.004563122,0 85.6741542490001,22.0045586300001,0 85.674296929,22.0046286200001,0 85.674379822,22.0046015720001,0 85.6743360280001,22.0043965240001,0 85.6743018080001,22.0042621470001,0 85.6742861560001,22.0041281270001,0 85.6742725840001,22.003987249,0 85.6743455450001,22.003776514,0 85.6739215010001,22.0036815350001,0 85.6738487910001,22.0035845960001,0 85.6736356100001,22.0036798890001,0 85.673558701,22.0034746970001,0 85.67376727,22.0034235420001,0 85.6738217070001,22.003373165,0 85.6737564140001,22.003265347,0 85.673809657,22.0032095380001,0 85.673901834,22.0031465440001,0 85.6739251050001,22.0030479170001,0 85.6738926850001,22.0029540830001,0 85.6738134830001,22.0028706630001,0 85.6737652890001,22.0029128520001,0 85.6736747590001,22.0029032480001,0 85.6735120650001,22.0029134010001,0 85.673458381,22.002944535,0 85.6734146910001,22.0029954120001,0 85.6734199460001,22.0030556240001,0 85.6732886280001,22.00311456,0 85.6732255530001,22.0031976720001,0 85.6731618370001,22.003150459,0 85.673111024,22.0030629770001,0 85.673055564,22.003025861,0 85.6729803270001,22.0029631640001,0 85.6729520260001,22.002887623,0 85.6728614960001,22.002896306,0 85.672769965,22.00286636,0 85.6727580240001,22.0027872810001,0 85.6726926570001,22.0027389310001,0 85.672609945,22.0028670790001,0 85.6724809710001,22.00290499,0 85.6723938110001,22.002969837,0 85.6723465750001,22.002994873,0 85.6722720560001,22.0030503690001,0 85.6722780480001,22.003125335,0 85.6721986780001,22.003194364,0 85.672144395,22.003144541,0 85.672156197,22.0030322480001,0 85.672020349,22.0027944300001,0</coordinates></LinearRing></outerBoundaryIs></Polygon></MultiGeometry>
  </Placemark>
  <Placemark>
	<name>Tuntuna-2(20Ac), Champua, Keonjhar.</name>
	<Style><LineStyle><color>ff0000ff</color></LineStyle><PolyStyle><fill>0</fill></PolyStyle></Style>
	<ExtendedData><SchemaData schemaUrl="#merged">
		<SimpleData name="OID_">0</SimpleData>
		<SimpleData name="FolderPath">Document/existing_champua_keonjhar</SimpleData>
		<SimpleData name="SymbolID">0</SimpleData>
		<SimpleData name="AltMode">0</SimpleData>
		<SimpleData name="Base">0.00000000000</SimpleData>
		<SimpleData name="Clamped">-1</SimpleData>
		<SimpleData name="Extruded">0</SimpleData>
		<SimpleData name="Shape_Leng">0.01038880969</SimpleData>
		<SimpleData name="Shape_Area">0.00000504548</SimpleData>
		<SimpleData name="Plantation">Existing</SimpleData>
		<SimpleData name="layer">Champua_existing</SimpleData>
		<SimpleData name="path">D:\Project\Shristi\4th_round\Champua_existing.shp</SimpleData>
	</SchemaData></ExtendedData>
      <MultiGeometry><Polygon><outerBoundaryIs><LinearRing><coordinates>85.6808288980001,22.0063123350001,0 85.678976004,22.006655643,0 85.6793099710001,22.0078386110001,0 85.6793071440001,22.0089108550001,0 85.6797189270001,22.009139878,0 85.680493276,22.009174053,0 85.681187821,22.008776122,0 85.6806539710001,22.0084770030001,0 85.6805209280001,22.0078455030001,0 85.68164038,22.0074100790001,0 85.6815788230001,22.0064836440001,0 85.6808288980001,22.0063123350001,0</coordinates></LinearRing></outerBoundaryIs></Polygon></MultiGeometry>
  </Placemark>
  <Placemark>
	<name>Asanpart, park,15ac</name>
	<Style><LineStyle><color>ff0000ff</color></LineStyle><PolyStyle><fill>0</fill></PolyStyle></Style>
	<ExtendedData><SchemaData schemaUrl="#merged">
		<SimpleData name="OID_">0</SimpleData>
		<SimpleData name="FolderPath">Document/proposed_keonjhar</SimpleData>
		<SimpleData name="SymbolID">0</SimpleData>
		<SimpleData name="AltMode">0</SimpleData>
		<SimpleData name="Base">0.00000000000</SimpleData>
		<SimpleData name="Clamped">-1</SimpleData>
		<SimpleData name="Extruded">0</SimpleData>
		<SimpleData name="Shape_Leng">0.01257693858</SimpleData>
		<SimpleData name="Shape_Area">0.00000596131</SimpleData>
		<SimpleData name="Plantation">Proposed</SimpleData>
		<SimpleData name="layer">champua_proposed</SimpleData>
		<SimpleData name="path">D:\Project\Shristi\4th_round\champua_proposed.shp</SimpleData>
	</SchemaData></ExtendedData>
      <MultiGeometry><Polygon><outerBoundaryIs><LinearRing><coordinates>85.659910428,21.8805812190001,0 85.659942372,21.880321898,0 85.6599249400001,21.880036655,0 85.6598367430001,21.879561214,0 85.6597067070001,21.8790993270001,0 85.6594631880001,21.8783881520001,0 85.659274715,21.8777292130001,0 85.658922359,21.877788067,0 85.6588881640001,21.8776749420001,0 85.6585193270001,21.8777876890001,0 85.658368131,21.877832083,0 85.6581733260001,21.8778530970001,0 85.6579839940001,21.8778918520001,0 85.657796293,21.877787239,0 85.657533797,21.8774657220001,0 85.6574050940001,21.8780759250001,0 85.657560339,21.878112722,0 85.6575379870001,21.8785098000001,0 85.6573735200001,21.878515997,0 85.6573237380001,21.878701993,0 85.6573792760001,21.878826862,0 85.657376222,21.8789402520001,0 85.6574696060001,21.878959955,0 85.6574908740001,21.8792195240001,0 85.657232073,21.8792212130001,0 85.657352684,21.879441152,0 85.6573592500001,21.8795241870001,0 85.657358102,21.879565874,0 85.6573078430001,21.879568595,0 85.657260347,21.879637072,0 85.657337457,21.8798916640001,0 85.6573731430001,21.880004894,0 85.6573792170001,21.880134486,0 85.6574777210001,21.8803880030001,0 85.657562135,21.8805554620001,0 85.657792784,21.880614408,0 85.6579049590001,21.8805918040001,0 85.6579253610001,21.8803987430001,0 85.657858913,21.8801173320001,0 85.658121082,21.880075006,0 85.6581640800001,21.880481677,0 85.6584631270001,21.880443105,0 85.6586712970001,21.880410624,0 85.6586280640001,21.880317131,0 85.658848273,21.880316813,0 85.6590021230001,21.880327547,0 85.6590679590001,21.880380154,0 85.6593102560001,21.880309117,0 85.6596081540001,21.880262111,0 85.6596619730001,21.880576057,0 85.659910428,21.8805812190001,0</coordinates></LinearRing></outerBoundaryIs></Polygon></MultiGeometry>
  </Placemark>
  <Placemark>
	<name>Asanpart, Dhipasahi 15ac</name>
	<Style><LineStyle><color>ff0000ff</color></LineStyle><PolyStyle><fill>0</fill></PolyStyle></Style>
	<ExtendedData><SchemaData schemaUrl="#merged">
		<SimpleData name="OID_">0</SimpleData>
		<SimpleData name="FolderPath">Document/proposed_keonjhar</SimpleData>
		<SimpleData name="SymbolID">0</SimpleData>
		<SimpleData name="AltMode">0</SimpleData>
		<SimpleData name="Base">0.00000000000</SimpleData>
		<SimpleData name="Clamped">-1</SimpleData>
		<SimpleData name="Extruded">0</SimpleData>
		<SimpleData name="Shape_Leng">0.01103280956</SimpleData>
		<SimpleData name="Shape_Area">0.00000576119</SimpleData>
		<SimpleData name="Plantation">Proposed</SimpleData>
		<SimpleData name="layer">champua_proposed</SimpleData>
		<SimpleData name="path">D:\Project\Shristi\4th_round\champua_proposed.shp</SimpleData>
	</SchemaData></ExtendedData>
      <MultiGeometry><Polygon><outerBoundaryIs><LinearRing><coordinates>85.65955225,21.8930392500001,0 85.6590599,21.8918796,0 85.6589389380001,21.891766091,0 85.6587861780001,21.8918482510001,0 85.658684183,21.8916072330001,0 85.658890349,21.891500518,0 85.6587455710001,21.891098487,0 85.658656013,21.8907850910001,0 85.6586375960001,21.890530088,0 85.6585701720001,21.890356357,0 85.65819801,21.890385914,0 85.6581157730001,21.8898574840001,0 85.657715152,21.889891978,0 85.6570681490001,21.889936187,0 85.6567684490001,21.889995207,0 85.6569745890001,21.8911253050001,0 85.6571306020001,21.8915365140001,0 85.657002881,21.891630422,0 85.657340015,21.8922782380001,0 85.657440094,21.892286574,0 85.6575356720001,21.892654087,0 85.6576495150001,21.8929568830001,0 85.6578156940001,21.8933564060001,0 85.658809326,21.893209041,0 85.65955225,21.8930392500001,0</coordinates></LinearRing></outerBoundaryIs></Polygon></MultiGeometry>
  </Placemark>
  <Placemark>
	<name>Asuki, Jhumpura</name>
	<Style><LineStyle><color>ff0000ff</color></LineStyle><PolyStyle><fill>0</fill></PolyStyle></Style>
	<ExtendedData><SchemaData schemaUrl="#merged">
		<SimpleData name="OID_">0</SimpleData>
		<SimpleData name="FolderPath">Document/proposed_keonjhar</SimpleData>
		<SimpleData name="SymbolID">0</SimpleData>
		<SimpleData name="AltMode">0</SimpleData>
		<SimpleData name="Base">0.00000000000</SimpleData>
		<SimpleData name="Clamped">-1</SimpleData>
		<SimpleData name="Extruded">0</SimpleData>
		<SimpleData name="Shape_Leng">0.01972819178</SimpleData>
		<SimpleData name="Shape_Area">0.00001108374</SimpleData>
		<SimpleData name="Plantation">Proposed</SimpleData>
		<SimpleData name="layer">champua_proposed</SimpleData>
		<SimpleData name="path">D:\Project\Shristi\4th_round\champua_proposed.shp</SimpleData>
	</SchemaData></ExtendedData>
      <MultiGeometry><Polygon><outerBoundaryIs><LinearRing><coordinates>85.5795492410001,21.86294194,0 85.5796294260001,21.8633885250001,0 85.579737477,21.8634407270001,0 85.5795659680001,21.8638365520001,0 85.5802404550001,21.8642286140001,0 85.5804572660001,21.864460712,0 85.580550637,21.8641975370001,0 85.580763414,21.8641862060001,0 85.581173081,21.8640237430001,0 85.5811808820001,21.8638577830001,0 85.5812784500001,21.8636814870001,0 85.5813516910001,21.863579814,0 85.581523406,21.8634665920001,0 85.5818049040001,21.8632508200001,0 85.5827904080001,21.862928756,0 85.5829036800001,21.8630668230001,0 85.583074158,21.86308504,0 85.5831687800001,21.8631637240001,0 85.583237695,21.863258892,0 85.583356241,21.8632414210001,0 85.5834077360001,21.862968439,0 85.5833690870001,21.8628116890001,0 85.5834932710001,21.8626802320001,0 85.5836956950001,21.8625675100001,0 85.5839195710001,21.8624458520001,0 85.5840430090001,21.862272853,0 85.5839357080001,21.861778472,0 85.584027421,21.861746726,0 85.5842403380001,21.8617110070001,0 85.5843749900001,21.861717593,0 85.5846300600001,21.8616491280001,0 85.5848670730001,21.861201051,0 85.5846064550001,21.859951907,0 85.5838627940001,21.860030941,0 85.5839313160001,21.860720529,0 85.5839342130001,21.861343388,0 85.5839706470001,21.8614883450001,0 85.5840209180001,21.8617171220001,0 85.5839408000001,21.861745408,0 85.583844694,21.8613534190001,0 85.58383509,21.860960359,0 85.583778936,21.8604173620001,0 85.5834506690001,21.860555918,0 85.583157128,21.8606693190001,0 85.5829832250001,21.8606916250001,0 85.5827598820001,21.8607719660001,0 85.5825536720001,21.860772341,0 85.5823867410001,21.8608765920001,0 85.582248679,21.8609595200001,0 85.581399155,21.8609760640001,0 85.5811628230001,21.861082368,0 85.5809065970001,21.86146769,0 85.580625125,21.861671524,0 85.5804694880001,21.8617834410001,0 85.5803465440001,21.8619471640001,0 85.5799194300001,21.862033991,0 85.5799851370001,21.8625642010001,0 85.580024151,21.862839067,0 85.5795492410001,21.86294194,0</coordinates></LinearRing></outerBoundaryIs></Polygon></MultiGeometry>
  </Placemark>
  <Placemark>
	<name>Baria 10ac</name>
	<Style><LineStyle><color>ff0000ff</color></LineStyle><PolyStyle><fill>0</fill></PolyStyle></Style>
	<ExtendedData><SchemaData schemaUrl="#merged">
		<SimpleData name="OID_">0</SimpleData>
		<SimpleData name="FolderPath">Document/proposed_keonjhar</SimpleData>
		<SimpleData name="SymbolID">0</SimpleData>
		<SimpleData name="AltMode">0</SimpleData>
		<SimpleData name="Base">0.00000000000</SimpleData>
		<SimpleData name="Clamped">-1</SimpleData>
		<SimpleData name="Extruded">0</SimpleData>
		<SimpleData name="Shape_Leng">0.00835610801</SimpleData>
		<SimpleData name="Shape_Area">0.00000259578</SimpleData>
		<SimpleData name="Plantation">Proposed</SimpleData>
		<SimpleData name="layer">champua_proposed</SimpleData>
		<SimpleData name="path">D:\Project\Shristi\4th_round\champua_proposed.shp</SimpleData>
	</SchemaData></ExtendedData>
      <MultiGeometry><Polygon><outerBoundaryIs><LinearRing><coordinates>85.6722900460001,21.841033693,0 85.672206848,21.8409313710001,0 85.6720057580001,21.840915319,0 85.6718842280001,21.840920329,0 85.6717600360001,21.840935148,0 85.6716880050001,21.840924009,0 85.671564688,21.8409007110001,0 85.671519059,21.840968768,0 85.6713774040001,21.841060193,0 85.671785222,21.842071522,0 85.6719576450001,21.841973234,0 85.6720909650001,21.8419855080001,0 85.6721664840001,21.842241255,0 85.6720254840001,21.8423115140001,0 85.6721524370001,21.842835515,0 85.6722198910001,21.842852909,0 85.6722336430001,21.8430034410001,0 85.6724570640001,21.8430091130001,0 85.6724752790001,21.842824239,0 85.672711437,21.8427916530001,0 85.672713469,21.842853285,0 85.672846436,21.8428812670001,0 85.6730684500001,21.842966463,0 85.6730656660001,21.8428520860001,0 85.6732959080001,21.8428324920001,0 85.6735481490001,21.8428524780001,0 85.673639994,21.842638262,0 85.6734802920001,21.84220773,0 85.67345313,21.8419255490001,0 85.6732962230001,21.8416411330001,0 85.6727366960001,21.8417039670001,0 85.6726210090001,21.8412514390001,0 85.672500916,21.84117467,0 85.6724044810001,21.8411981520001,0 85.6723408430001,21.8411308390001,0 85.67217608,21.841141656,0 85.6721691450001,21.8410569370001,0 85.6722900460001,21.841033693,0</coordinates></LinearRing></outerBoundaryIs></Polygon></MultiGeometry>
  </Placemark>
  <Placemark>
	<name>chakulia, Dudhanali, 20ac</name>
	<Style><LineStyle><color>ff0000ff</color></LineStyle><PolyStyle><fill>0</fill></PolyStyle></Style>
	<ExtendedData><SchemaData schemaUrl="#merged">
		<SimpleData name="OID_">0</SimpleData>
		<SimpleData name="FolderPath">Document/proposed_keonjhar</SimpleData>
		<SimpleData name="SymbolID">0</SimpleData>
		<SimpleData name="AltMode">0</SimpleData>
		<SimpleData name="Base">0.00000000000</SimpleData>
		<SimpleData name="Clamped">-1</SimpleData>
		<SimpleData name="Extruded">0</SimpleData>
		<SimpleData name="Shape_Leng">0.01502547803</SimpleData>
		<SimpleData name="Shape_Area">0.00000934900</SimpleData>
		<SimpleData name="Plantation">Proposed</SimpleData>
		<SimpleData name="layer">champua_proposed</SimpleData>
		<SimpleData name="path">D:\Project\Shristi\4th_round\champua_proposed.shp</SimpleData>
	</SchemaData></ExtendedData>
      <MultiGeometry><Polygon><outerBoundaryIs><LinearRing><coordinates>85.6343133440001,21.835213359,0 85.6359136070001,21.835529772,0 85.63582218,21.834830137,0 85.635818123,21.83439344,0 85.6355081680001,21.8344653570001,0 85.6353315250001,21.8339231590001,0 85.63289152,21.8335518980001,0 85.631278363,21.834112335,0 85.630390187,21.8341074040001,0 85.6300145320001,21.834813372,0 85.6301691680001,21.8360479400001,0 85.6314072540001,21.8357620470001,0 85.632445035,21.8355551700001,0 85.634100597,21.83514941,0 85.6343133440001,21.835213359,0</coordinates></LinearRing></outerBoundaryIs></Polygon></MultiGeometry>
  </Placemark>
  <Placemark>
	<name>Ramchandra Tota sahi, 25ac</name>
	<Style><LineStyle><color>ff0000ff</color></LineStyle><PolyStyle><fill>0</fill></PolyStyle></Style>
	<ExtendedData><SchemaData schemaUrl="#merged">
		<SimpleData name="OID_">0</SimpleData>
		<SimpleData name="FolderPath">Document/proposed_keonjhar</SimpleData>
		<SimpleData name="SymbolID">0</SimpleData>
		<SimpleData name="AltMode">0</SimpleData>
		<SimpleData name="Base">0.00000000000</SimpleData>
		<SimpleData name="Clamped">-1</SimpleData>
		<SimpleData name="Extruded">0</SimpleData>
		<SimpleData name="Shape_Leng">0.02485962723</SimpleData>
		<SimpleData name="Shape_Area">0.00001249967</SimpleData>
		<SimpleData name="Plantation">Proposed</SimpleData>
		<SimpleData name="layer">champua_proposed</SimpleData>
		<SimpleData name="path">D:\Project\Shristi\4th_round\champua_proposed.shp</SimpleData>
	</SchemaData></ExtendedData>
      <MultiGeometry><Polygon><outerBoundaryIs><LinearRing><coordinates>85.6204302660001,21.8338272770001,0 85.620709719,21.8341569460001,0 85.620922315,21.8340502200001,0 85.6209300180001,21.833897543,0 85.620863419,21.8337653520001,0 85.621023135,21.8336511960001,0 85.62112583,21.8336414560001,0 85.6211208990001,21.833764037,0 85.6211879900001,21.834031258,0 85.6212095500001,21.8342044890001,0 85.621747338,21.834198035,0 85.621982712,21.8340316470001,0 85.622195709,21.833782958,0 85.6220994160001,21.83362219,0 85.6233524680001,21.833153725,0 85.624915107,21.8324120610001,0 85.6248369680001,21.832219837,0 85.6250810510001,21.8321064040001,0 85.625213607,21.8323619,0 85.6233980280001,21.8332057650001,0 85.623531309,21.833772464,0 85.623643884,21.834191693,0 85.623952139,21.8339383840001,0 85.6244808380001,21.833994836,0 85.6248304110001,21.8338793990001,0 85.6253403380001,21.83385565,0 85.6266582760001,21.833574948,0 85.627090873,21.833520068,0 85.6276943440001,21.8333812170001,0 85.6274372680001,21.8326785830001,0 85.6275478110001,21.8324646670001,0 85.6273459700001,21.8321653100001,0 85.6268797280001,21.8322027080001,0 85.626821314,21.831686303,0 85.6267243560001,21.831139181,0 85.6265867870001,21.8310786930001,0 85.6263128470001,21.831054582,0 85.626092472,21.8309798380001,0 85.6260940550001,21.83088242,0 85.625899368,21.83096313,0 85.6257481800001,21.8310607720001,0 85.6252530840001,21.8311543290001,0 85.6247375520001,21.8312973180001,0 85.6241639980001,21.831515719,0 85.623896802,21.831578242,0 85.6239488570001,21.831737812,0 85.6237801220001,21.8318584090001,0 85.623545306,21.831950648,0 85.6235461580001,21.831854252,0 85.6228957710001,21.8321017910001,0 85.622419554,21.8323996510001,0 85.621822174,21.8328549880001,0 85.6215176630001,21.8330613200001,0 85.621069741,21.83305204,0 85.620733462,21.8332293070001,0 85.620453459,21.8334978,0 85.6204302660001,21.8338272770001,0</coordinates></LinearRing></outerBoundaryIs></Polygon></MultiGeometry>
  </Placemark>
  <Placemark>
	<name>Asuki, chakla  sahi-10ac</name>
	<Style><LineStyle><color>ff0000ff</color></LineStyle><PolyStyle><fill>0</fill></PolyStyle></Style>
	<ExtendedData><SchemaData schemaUrl="#merged">
		<SimpleData name="OID_">0</SimpleData>
		<SimpleData name="FolderPath">Document/proposed_keonjhar</SimpleData>
		<SimpleData name="SymbolID">0</SimpleData>
		<SimpleData name="AltMode">0</SimpleData>
		<SimpleData name="Base">0.00000000000</SimpleData>
		<SimpleData name="Clamped">-1</SimpleData>
		<SimpleData name="Extruded">0</SimpleData>
		<SimpleData name="Shape_Leng">0.01099291692</SimpleData>
		<SimpleData name="Shape_Area">0.00000392548</SimpleData>
		<SimpleData name="Plantation">Proposed</SimpleData>
		<SimpleData name="layer">champua_proposed</SimpleData>
		<SimpleData name="path">D:\Project\Shristi\4th_round\champua_proposed.shp</SimpleData>
	</SchemaData></ExtendedData>
      <MultiGeometry><Polygon><outerBoundaryIs><LinearRing><coordinates>85.5807235330001,21.858629943,0 85.5805518220001,21.8586198670001,0 85.5804102640001,21.858590183,0 85.5799603870001,21.8585797010001,0 85.5795660060001,21.858605364,0 85.5786573730001,21.859126627,0 85.578863052,21.8594083300001,0 85.5791706430001,21.859797879,0 85.5793712320001,21.860673682,0 85.579168822,21.860796571,0 85.579154572,21.860857998,0 85.5793196370001,21.8610432030001,0 85.5795804300001,21.860981398,0 85.5799172860001,21.860863437,0 85.5799929250001,21.8609507100001,0 85.579954795,21.8610332490001,0 85.5800103500001,21.8612498970001,0 85.58021603,21.8611776810001,0 85.58033586,21.8610775290001,0 85.5801738200001,21.8608561390001,0 85.580328487,21.860663908,0 85.580518517,21.8608811620001,0 85.5808674040001,21.8605075340001,0 85.5809496080001,21.86033281,0 85.5809557640001,21.8601390320001,0 85.58090817,21.8599675070001,0 85.5808649570001,21.8597758820001,0 85.58079702,21.8597751140001,0 85.580734916,21.8597884010001,0 85.5806028430001,21.8598264250001,0 85.5805369230001,21.8598508310001,0 85.580570096,21.859940398,0 85.580586569,21.8600426290001,0 85.5806363710001,21.8601357740001,0 85.5805952580001,21.860200069,0 85.580521908,21.860226701,0 85.580401695,21.860189873,0 85.5803804980001,21.860061796,0 85.5805488390001,21.8600285850001,0 85.5804753370001,21.859796788,0 85.5808851070001,21.8597109740001,0 85.580803663,21.8592448110001,0 85.5807235330001,21.858629943,0</coordinates></LinearRing></outerBoundaryIs></Polygon></MultiGeometry>
  </Placemark>
  <Placemark>
	<name>Durgapur</name>
	<Style><LineStyle><color>ff0000ff</color></LineStyle><PolyStyle><fill>0</fill></PolyStyle></Style>
	<ExtendedData><SchemaData schemaUrl="#merged">
		<SimpleData name="OID_">0</SimpleData>
		<SimpleData name="FolderPath">Document/proposed_keonjhar</SimpleData>
		<SimpleData name="SymbolID">0</SimpleData>
		<SimpleData name="AltMode">0</SimpleData>
		<SimpleData name="Base">0.00000000000</SimpleData>
		<SimpleData name="Clamped">-1</SimpleData>
		<SimpleData name="Extruded">0</SimpleData>
		<SimpleData name="Shape_Leng">0.02232324847</SimpleData>
		<SimpleData name="Shape_Area">0.00002130591</SimpleData>
		<SimpleData name="Plantation">Proposed</SimpleData>
		<SimpleData name="layer">champua_proposed</SimpleData>
		<SimpleData name="path">D:\Project\Shristi\4th_round\champua_proposed.shp</SimpleData>
	</SchemaData></ExtendedData>
      <MultiGeometry><Polygon><outerBoundaryIs><LinearRing><coordinates>85.5956849660001,21.846520293,0 85.5961922110001,21.845076986,0 85.596072689,21.844207259,0 85.595859385,21.8436247380001,0 85.5954211920001,21.8437102610001,0 85.5953219930001,21.843744885,0 85.5951473860001,21.843878585,0 85.5951450810001,21.8436727530001,0 85.595356957,21.8433415330001,0 85.59460827,21.843422048,0 85.5946126220001,21.843563069,0 85.5944450040001,21.843488403,0 85.5945217220001,21.84320609,0 85.594447598,21.843140029,0 85.594102691,21.8430518600001,0 85.59406133,21.8432029100001,0 85.5936162260001,21.843202444,0 85.593513025,21.8430486080001,0 85.5934679420001,21.8428940480001,0 85.5932053720001,21.842887041,0 85.592861391,21.842988877,0 85.5900403000001,21.843900267,0 85.5900580860001,21.8452844440001,0 85.5908398820001,21.845165723,0 85.590913873,21.8457527740001,0 85.590145174,21.845894399,0 85.59077145,21.846295766,0 85.591023422,21.846731026,0 85.590730761,21.8469611460001,0 85.5904966830001,21.8470811770001,0 85.5904152730001,21.8474688380001,0 85.590469844,21.8478046990001,0 85.5913858390001,21.8475451460001,0 85.593162718,21.8473248070001,0 85.5950899810001,21.8466177990001,0 85.5956849660001,21.846520293,0</coordinates></LinearRing></outerBoundaryIs></Polygon></MultiGeometry>
  </Placemark>
  <Placemark>
	<name>Gidhibas- 10ac, dhipasahi.</name>
	<Style><LineStyle><color>ff0000ff</color></LineStyle><PolyStyle><fill>0</fill></PolyStyle></Style>
	<ExtendedData><SchemaData schemaUrl="#merged">
		<SimpleData name="OID_">0</SimpleData>
		<SimpleData name="FolderPath">Document/proposed_keonjhar</SimpleData>
		<SimpleData name="SymbolID">0</SimpleData>
		<SimpleData name="AltMode">0</SimpleData>
		<SimpleData name="Base">0.00000000000</SimpleData>
		<SimpleData name="Clamped">-1</SimpleData>
		<SimpleData name="Extruded">0</SimpleData>
		<SimpleData name="Shape_Leng">0.01186960388</SimpleData>
		<SimpleData name="Shape_Area">0.00000509344</SimpleData>
		<SimpleData name="Plantation">Proposed</SimpleData>
		<SimpleData name="layer">champua_proposed</SimpleData>
		<SimpleData name="path">D:\Project\Shristi\4th_round\champua_proposed.shp</SimpleData>
	</SchemaData></ExtendedData>
      <MultiGeometry><Polygon><outerBoundaryIs><LinearRing><coordinates>85.6818024680001,21.903621087,0 85.681494462,21.903668431,0 85.6820012370001,21.9046973430001,0 85.682629584,21.9056432840001,0 85.6833609500001,21.9060826580001,0 85.6845158140001,21.9053801850001,0 85.6849058290001,21.905406891,0 85.6849864340001,21.905038602,0 85.6850820120001,21.9047228040001,0 85.6850491640001,21.9045590480001,0 85.6848780390001,21.904281252,0 85.684675692,21.903863041,0 85.6845682630001,21.903507828,0 85.6841362010001,21.903513182,0 85.683985121,21.9035652200001,0 85.6839151040001,21.90363548,0 85.6841145450001,21.904017449,0 85.6840698940001,21.9040540890001,0 85.6840970750001,21.9042992990001,0 85.6837928180001,21.9044103050001,0 85.683477456,21.904527918,0 85.6834198540001,21.904391085,0 85.6833362620001,21.904252118,0 85.6834536100001,21.904199749,0 85.683437607,21.9039873040001,0 85.6833271680001,21.9039075150001,0 85.68315484,21.90406941,0 85.6830386120001,21.9041475830001,0 85.6829519330001,21.904159038,0 85.682833901,21.9040609370001,0 85.682763407,21.903952636,0 85.682158428,21.9037965150001,0 85.6818024680001,21.903621087,0</coordinates></LinearRing></outerBoundaryIs></Polygon></MultiGeometry>
  </Placemark>
  <Placemark>
	<name>Parvatipur, huditala1</name>
	<Style><LineStyle><color>ff0000ff</color></LineStyle><PolyStyle><fill>0</fill></PolyStyle></Style>
	<ExtendedData><SchemaData schemaUrl="#merged">
		<SimpleData name="OID_">0</SimpleData>
		<SimpleData name="FolderPath">Document/proposed_keonjhar</SimpleData>
		<SimpleData name="SymbolID">0</SimpleData>
		<SimpleData name="AltMode">0</SimpleData>
		<SimpleData name="Base">0.00000000000</SimpleData>
		<SimpleData name="Clamped">-1</SimpleData>
		<SimpleData name="Extruded">0</SimpleData>
		<SimpleData name="Shape_Leng">0.00843884756</SimpleData>
		<SimpleData name="Shape_Area">0.00000448584</SimpleData>
		<SimpleData name="Plantation">Proposed</SimpleData>
		<SimpleData name="layer">champua_proposed</SimpleData>
		<SimpleData name="path">D:\Project\Shristi\4th_round\champua_proposed.shp</SimpleData>
	</SchemaData></ExtendedData>
      <MultiGeometry><Polygon><outerBoundaryIs><LinearRing><coordinates>85.601724059,21.9026815120001,0 85.6015383310001,21.9020758190001,0 85.6020432130001,21.901523377,0 85.6015479160001,21.900474119,0 85.600417027,21.90045488,0 85.5994759920001,21.9007442770001,0 85.6000312520001,21.902564655,0 85.6004429380001,21.9026004400001,0 85.6007327140001,21.902890115,0 85.6009920830001,21.9029649780001,0 85.601724059,21.9026815120001,0</coordinates></LinearRing></outerBoundaryIs></Polygon></MultiGeometry>
  </Placemark>
  <Placemark>
	<name>ppur</name>
	<Style><LineStyle><color>ff0000ff</color></LineStyle><PolyStyle><fill>0</fill></PolyStyle></Style>
	<ExtendedData><SchemaData schemaUrl="#merged">
		<SimpleData name="OID_">0</SimpleData>
		<SimpleData name="FolderPath">Document/proposed_keonjhar</SimpleData>
		<SimpleData name="SymbolID">0</SimpleData>
		<SimpleData name="AltMode">0</SimpleData>
		<SimpleData name="Base">0.00000000000</SimpleData>
		<SimpleData name="Clamped">-1</SimpleData>
		<SimpleData name="Extruded">0</SimpleData>
		<SimpleData name="Shape_Leng">0.00977636670</SimpleData>
		<SimpleData name="Shape_Area">0.00000471995</SimpleData>
		<SimpleData name="Plantation">Proposed</SimpleData>
		<SimpleData name="layer">champua_proposed</SimpleData>
		<SimpleData name="path">D:\Project\Shristi\4th_round\champua_proposed.shp</SimpleData>
	</SchemaData></ExtendedData>
      <MultiGeometry><Polygon><outerBoundaryIs><LinearRing><coordinates>85.5996812000001,21.8980594,0 85.599900915,21.8969027100001,0 85.5998439350001,21.8968892280001,0 85.599454059,21.8969195930001,0 85.599372331,21.8967885590001,0 85.5993823700001,21.8967034240001,0 85.5994890490001,21.896607084,0 85.599476596,21.8965516690001,0 85.5990593480001,21.8965265100001,0 85.5991274040001,21.8969018810001,0 85.5980468010001,21.896825931,0 85.597555582,21.896688656,0 85.597391907,21.896674423,0 85.5973076880001,21.8970196540001,0 85.597157644,21.897492766,0 85.597067344,21.8978925380001,0 85.5969536900001,21.8983270900001,0 85.596858604,21.898786708,0 85.597566789,21.8988000470001,0 85.598999296,21.898460159,0 85.5996812000001,21.8980594,0</coordinates></LinearRing></outerBoundaryIs></Polygon></MultiGeometry>
  </Placemark>
  <Placemark>
	<name>Placemark</name>
	<Style><LineStyle><color>ff0000ff</color></LineStyle><PolyStyle><fill>0</fill></PolyStyle></Style>
	<ExtendedData><SchemaData schemaUrl="#merged">
		<SimpleData name="OID_">0</SimpleData>
		<SimpleData name="FolderPath">Document/shrishti_land_parcelsv1_new__polygons</SimpleData>
		<SimpleData name="SymbolID">0</SimpleData>
		<SimpleData name="AltMode">0</SimpleData>
		<SimpleData name="Base">0.00000000000</SimpleData>
		<SimpleData name="Clamped">-1</SimpleData>
		<SimpleData name="Extruded">0</SimpleData>
		<SimpleData name="PopupInfo">&lt;html xmlns:fo=&quot;http://www.w3.org/1999/XSL/Format&quot; xmlns:msxsl=&quot;urn:schemas-microsoft-com:xslt&quot;&gt;
&lt;head&gt;
&lt;META http-equiv=&quot;Content-Type&quot; content=&quot;text/html&quot;&gt;
&lt;meta http-equiv=&quot;content-type&quot; content=&quot;text/html; charset=UTF-8&quot;&gt;
&lt;/head&gt;
&lt;body style=&quot;margin:0</SimpleData>
		<SimpleData name="Shape_Leng">0.01047843356</SimpleData>
		<SimpleData name="Shape_Area">0.00000351602</SimpleData>
		<SimpleData name="Plantation">Existing</SimpleData>
		<SimpleData name="layer">Harichandanpur_existing</SimpleData>
		<SimpleData name="path">D:\Project\Shristi\4th_round\Harichandanpur_existing.shp</SimpleData>
	</SchemaData></ExtendedData>
      <MultiGeometry><Polygon><outerBoundaryIs><LinearRing><coordinates>85.8848934000001,21.3226024000001,0 85.8849825,21.3226472000001,0 85.8850579,21.322802,0 85.8851796000001,21.3229928000001,0 85.8853632000001,21.3230833000001,0 85.8855562000001,21.3230267000001,0 85.8857646000001,21.3229705000001,0 85.8859801,21.3229367000001,0 85.8861279000001,21.3227791,0 85.8863703000001,21.3226976,0 85.8864704000001,21.3225518,0 85.8864667000001,21.3223912,0 85.8865391,21.3222311000001,0 85.8866117000001,21.3220259,0 85.8867218,21.3217848,0 85.8866863000001,21.3216642,0 85.8865217000001,21.3216539000001,0 85.8863596,21.3215815,0 85.88619442,21.3215922250001,0 85.8860279,21.3215904,0 85.8858528000001,21.321591627,0 85.885839983,21.3217089240001,0 85.885782932,21.3216855790001,0 85.8855499850001,21.321683337,0 85.8854532670001,21.3215375670001,0 85.885709961,21.3213493980001,0 85.8855816000001,21.3211554000001,0 85.8855341000001,21.3211918000001,0 85.8854006000001,21.3212522000001,0 85.8852014000001,21.3212971,0 85.8850316,21.3213635000001,0 85.8848947000001,21.3214748,0 85.8848709000001,21.3215121000001,0 85.8848371000001,21.3215374000001,0 85.8846372,21.3216361,0 85.8844468,21.3216575000001,0 85.8843724000001,21.3216441000001,0 85.8841831,21.3217172,0 85.8839453000001,21.3217627,0 85.8838184790001,21.321989375,0 85.8837711560001,21.3220168730001,0 85.883582834,21.3219860190001,0 85.8834257950001,21.322171627,0 85.8836141080001,21.322297388,0 85.8833887590001,21.3226580140001,0 85.8836995660001,21.322829622,0 85.88400083,21.3223783980001,0 85.8843485510001,21.322341723,0 85.8843189,21.3227401,0 85.8845135000001,21.3226653,0 85.8847123780001,21.3228034160001,0 85.8848934000001,21.3226024000001,0</coordinates></LinearRing></outerBoundaryIs></Polygon></MultiGeometry>
  </Placemark>
  <Placemark>
	<name>Placemark</name>
	<Style><LineStyle><color>ff0000ff</color></LineStyle><PolyStyle><fill>0</fill></PolyStyle></Style>
	<ExtendedData><SchemaData schemaUrl="#merged">
		<SimpleData name="OID_">0</SimpleData>
		<SimpleData name="FolderPath">Document/shrishti_land_parcelsv1_new__polygons</SimpleData>
		<SimpleData name="SymbolID">0</SimpleData>
		<SimpleData name="AltMode">0</SimpleData>
		<SimpleData name="Base">0.00000000000</SimpleData>
		<SimpleData name="Clamped">-1</SimpleData>
		<SimpleData name="Extruded">0</SimpleData>
		<SimpleData name="PopupInfo">&lt;html xmlns:fo=&quot;http://www.w3.org/1999/XSL/Format&quot; xmlns:msxsl=&quot;urn:schemas-microsoft-com:xslt&quot;&gt;
&lt;head&gt;
&lt;META http-equiv=&quot;Content-Type&quot; content=&quot;text/html&quot;&gt;
&lt;meta http-equiv=&quot;content-type&quot; content=&quot;text/html; charset=UTF-8&quot;&gt;
&lt;/head&gt;
&lt;body style=&quot;margin:0</SimpleData>
		<SimpleData name="Shape_Leng">0.00525703699</SimpleData>
		<SimpleData name="Shape_Area">0.00000148476</SimpleData>
		<SimpleData name="Plantation">Existing</SimpleData>
		<SimpleData name="layer">Harichandanpur_existing</SimpleData>
		<SimpleData name="path">D:\Project\Shristi\4th_round\Harichandanpur_existing.shp</SimpleData>
	</SchemaData></ExtendedData>
      <MultiGeometry><Polygon><outerBoundaryIs><LinearRing><coordinates>85.596494739,21.8735625100001,0 85.5962951880001,21.873614301,0 85.5961315800001,21.8737450580001,0 85.5962468560001,21.874893736,0 85.5965217450001,21.874874472,0 85.5966008080001,21.874908136,0 85.596672466,21.874955239,0 85.5965781680001,21.875068662,0 85.5965775550001,21.8751132300001,0 85.5967628280001,21.87524889,0 85.5972566140001,21.8752763360001,0 85.5970784450001,21.8735459380001,0 85.596494739,21.8735625100001,0</coordinates></LinearRing></outerBoundaryIs></Polygon></MultiGeometry>
  </Placemark>
  <Placemark>
	<name>Placemark</name>
	<Style><LineStyle><color>ff0000ff</color></LineStyle><PolyStyle><fill>0</fill></PolyStyle></Style>
	<ExtendedData><SchemaData schemaUrl="#merged">
		<SimpleData name="OID_">0</SimpleData>
		<SimpleData name="FolderPath">Document/shrishti_land_parcelsv1_new__polygons</SimpleData>
		<SimpleData name="SymbolID">0</SimpleData>
		<SimpleData name="AltMode">0</SimpleData>
		<SimpleData name="Base">0.00000000000</SimpleData>
		<SimpleData name="Clamped">-1</SimpleData>
		<SimpleData name="Extruded">0</SimpleData>
		<SimpleData name="PopupInfo">&lt;html xmlns:fo=&quot;http://www.w3.org/1999/XSL/Format&quot; xmlns:msxsl=&quot;urn:schemas-microsoft-com:xslt&quot;&gt;
&lt;head&gt;
&lt;META http-equiv=&quot;Content-Type&quot; content=&quot;text/html&quot;&gt;
&lt;meta http-equiv=&quot;content-type&quot; content=&quot;text/html; charset=UTF-8&quot;&gt;
&lt;/head&gt;
&lt;body style=&quot;margin:0</SimpleData>
		<SimpleData name="Shape_Leng">0.00571187459</SimpleData>
		<SimpleData name="Shape_Area">0.00000053891</SimpleData>
		<SimpleData name="Plantation">Existing</SimpleData>
		<SimpleData name="layer">Harichandanpur_existing</SimpleData>
		<SimpleData name="path">D:\Project\Shristi\4th_round\Harichandanpur_existing.shp</SimpleData>
	</SchemaData></ExtendedData>
      <MultiGeometry><Polygon><outerBoundaryIs><LinearRing><coordinates>85.8201890870001,21.2485087490001,0 85.8205575870001,21.2486731770001,0 85.8206824600001,21.2483956030001,0 85.8205125600001,21.2483128700001,0 85.8204340790001,21.248246373,0 85.8204701760001,21.248111056,0 85.8205178570001,21.2481992140001,0 85.8205701420001,21.2482197370001,0 85.820612112,21.2481855610001,0 85.8205971090001,21.2481607820001,0 85.8206326220001,21.248113888,0 85.8206728000001,21.2481268120001,0 85.8206726010001,21.2482014120001,0 85.820632426,21.2482700190001,0 85.8207105500001,21.2482806680001,0 85.8207392790001,21.248371735,0 85.8208427750001,21.2484162280001,0 85.8209119270001,21.248361114,0 85.8209099370001,21.2482850810001,0 85.820834038,21.248287443,0 85.8208334290001,21.24819983,0 85.8208062460001,21.2481464090001,0 85.8206981260001,21.24801755,0 85.8207526050001,21.247984833,0 85.8208971710001,21.248173179,0 85.821027185,21.2480774370001,0 85.8210243620001,21.2478758990001,0 85.820828743,21.2478497990001,0 85.8205991770001,21.2474646920001,0 85.8205816450001,21.247206228,0 85.820383587,21.247221691,0 85.8203699210001,21.24792109,0 85.8203598220001,21.247959897,0 85.8203253680001,21.248063835,0 85.82036415,21.24813791,0 85.8203386420001,21.2482202680001,0 85.8203004430001,21.2483215120001,0 85.820355933,21.2483630510001,0 85.820313168,21.2484348250001,0 85.8202484220001,21.248408124,0 85.8201890870001,21.2485087490001,0</coordinates></LinearRing></outerBoundaryIs></Polygon></MultiGeometry>
  </Placemark>
  <Placemark>
	<name>Placemark</name>
	<Style><LineStyle><color>ff0000ff</color></LineStyle><PolyStyle><fill>0</fill></PolyStyle></Style>
	<ExtendedData><SchemaData schemaUrl="#merged">
		<SimpleData name="OID_">0</SimpleData>
		<SimpleData name="FolderPath">Document/shrishti_land_parcelsv1_new__polygons</SimpleData>
		<SimpleData name="SymbolID">0</SimpleData>
		<SimpleData name="AltMode">0</SimpleData>
		<SimpleData name="Base">0.00000000000</SimpleData>
		<SimpleData name="Clamped">-1</SimpleData>
		<SimpleData name="Extruded">0</SimpleData>
		<SimpleData name="PopupInfo">&lt;html xmlns:fo=&quot;http://www.w3.org/1999/XSL/Format&quot; xmlns:msxsl=&quot;urn:schemas-microsoft-com:xslt&quot;&gt;
&lt;head&gt;
&lt;META http-equiv=&quot;Content-Type&quot; content=&quot;text/html&quot;&gt;
&lt;meta http-equiv=&quot;content-type&quot; content=&quot;text/html; charset=UTF-8&quot;&gt;
&lt;/head&gt;
&lt;body style=&quot;margin:0</SimpleData>
		<SimpleData name="Shape_Leng">0.00188968296</SimpleData>
		<SimpleData name="Shape_Area">0.00000016175</SimpleData>
		<SimpleData name="Plantation">Existing</SimpleData>
		<SimpleData name="layer">Harichandanpur_existing</SimpleData>
		<SimpleData name="path">D:\Project\Shristi\4th_round\Harichandanpur_existing.shp</SimpleData>
	</SchemaData></ExtendedData>
      <MultiGeometry><Polygon><outerBoundaryIs><LinearRing><coordinates>85.82045886,21.2486698180001,0 85.8201940110001,21.248529751,0 85.8201064290001,21.24872135,0 85.820044679,21.248707702,0 85.8199557830001,21.248784911,0 85.820069296,21.2489516680001,0 85.819969632,21.249053976,0 85.8200585860001,21.2491047460001,0 85.820111366,21.249023897,0 85.8201969780001,21.2491203480001,0 85.820319102,21.2489778950001,0 85.82045886,21.2486698180001,0</coordinates></LinearRing></outerBoundaryIs></Polygon></MultiGeometry>
  </Placemark>
  <Placemark>
	<name>Placemark</name>
	<Style><LineStyle><color>ff0000ff</color></LineStyle><PolyStyle><fill>0</fill></PolyStyle></Style>
	<ExtendedData><SchemaData schemaUrl="#merged">
		<SimpleData name="OID_">0</SimpleData>
		<SimpleData name="FolderPath">Document/shrishti_land_parcelsv1_new__polygons</SimpleData>
		<SimpleData name="SymbolID">0</SimpleData>
		<SimpleData name="AltMode">0</SimpleData>
		<SimpleData name="Base">0.00000000000</SimpleData>
		<SimpleData name="Clamped">-1</SimpleData>
		<SimpleData name="Extruded">0</SimpleData>
		<SimpleData name="PopupInfo">&lt;html xmlns:fo=&quot;http://www.w3.org/1999/XSL/Format&quot; xmlns:msxsl=&quot;urn:schemas-microsoft-com:xslt&quot;&gt;
&lt;head&gt;
&lt;META http-equiv=&quot;Content-Type&quot; content=&quot;text/html&quot;&gt;
&lt;meta http-equiv=&quot;content-type&quot; content=&quot;text/html; charset=UTF-8&quot;&gt;
&lt;/head&gt;
&lt;body style=&quot;margin:0</SimpleData>
		<SimpleData name="Shape_Leng">0.00376305475</SimpleData>
		<SimpleData name="Shape_Area">0.00000028269</SimpleData>
		<SimpleData name="Plantation">Existing</SimpleData>
		<SimpleData name="layer">Harichandanpur_existing</SimpleData>
		<SimpleData name="path">D:\Project\Shristi\4th_round\Harichandanpur_existing.shp</SimpleData>
	</SchemaData></ExtendedData>
      <MultiGeometry><Polygon><outerBoundaryIs><LinearRing><coordinates>85.820404028,21.248810968,0 85.8203266,21.2489955,0 85.820404819,21.2489955790001,0 85.8204566580001,21.2490325320001,0 85.8204643160001,21.249075916,0 85.820457461,21.249124518,0 85.8204279120001,21.2491665960001,0 85.8203742580001,21.2492497860001,0 85.820338081,21.249241184,0 85.8202867690001,21.249188761,0 85.8202385550001,21.249176343,0 85.8202096160001,21.2491318990001,0 85.8201954340001,21.2492003720001,0 85.820228834,21.249289016,0 85.8201696260001,21.2493461720001,0 85.820163956,21.2493977660001,0 85.820283057,21.24946098,0 85.8203841690001,21.2495887430001,0 85.8205082000001,21.249725342,0 85.8206410700001,21.249745498,0 85.820829625,21.2497028610001,0 85.8207673270001,21.2496034060001,0 85.8208169280001,21.2495094220001,0 85.8208002440001,21.2494177140001,0 85.820748537,21.249446533,0 85.820651711,21.24935665,0 85.8205921620001,21.2493574310001,0 85.820545119,21.2494336140001,0 85.820508358,21.2494168540001,0 85.820463492,21.2493562490001,0 85.82044546,21.2493088800001,0 85.8204662510001,21.249250137,0 85.8205016310001,21.2492018200001,0 85.8205368740001,21.2492397720001,0 85.820622599,21.249297884,0 85.82067648,21.2492843410001,0 85.8206258270001,21.249190367,0 85.820675754,21.2490747030001,0 85.820553471,21.2489388270001,0 85.8206018820001,21.2488868660001,0 85.820404028,21.248810968,0</coordinates></LinearRing></outerBoundaryIs></Polygon></MultiGeometry>
  </Placemark>
  <Placemark>
	<name>Placemark</name>
	<Style><LineStyle><color>ff0000ff</color></LineStyle><PolyStyle><fill>0</fill></PolyStyle></Style>
	<ExtendedData><SchemaData schemaUrl="#merged">
		<SimpleData name="OID_">0</SimpleData>
		<SimpleData name="FolderPath">Document/shrishti_land_parcelsv1_new__polygons</SimpleData>
		<SimpleData name="SymbolID">0</SimpleData>
		<SimpleData name="AltMode">0</SimpleData>
		<SimpleData name="Base">0.00000000000</SimpleData>
		<SimpleData name="Clamped">-1</SimpleData>
		<SimpleData name="Extruded">0</SimpleData>
		<SimpleData name="PopupInfo">&lt;html xmlns:fo=&quot;http://www.w3.org/1999/XSL/Format&quot; xmlns:msxsl=&quot;urn:schemas-microsoft-com:xslt&quot;&gt;
&lt;head&gt;
&lt;META http-equiv=&quot;Content-Type&quot; content=&quot;text/html&quot;&gt;
&lt;meta http-equiv=&quot;content-type&quot; content=&quot;text/html; charset=UTF-8&quot;&gt;
&lt;/head&gt;
&lt;body style=&quot;margin:0</SimpleData>
		<SimpleData name="Shape_Leng">0.00152989651</SimpleData>
		<SimpleData name="Shape_Area">0.00000008085</SimpleData>
		<SimpleData name="Plantation">Existing</SimpleData>
		<SimpleData name="layer">Harichandanpur_existing</SimpleData>
		<SimpleData name="path">D:\Project\Shristi\4th_round\Harichandanpur_existing.shp</SimpleData>
	</SchemaData></ExtendedData>
      <MultiGeometry><Polygon><outerBoundaryIs><LinearRing><coordinates>85.8206037290001,21.2487360820001,0 85.8204670150001,21.248685789,0 85.820415359,21.248798831,0 85.820608662,21.2488795630001,0 85.8206657530001,21.2488108420001,0 85.8207652200001,21.248835372,0 85.8207919320001,21.24891259,0 85.820837092,21.2489299690001,0 85.8209318980001,21.2488204420001,0 85.8208537240001,21.248796113,0 85.820915717,21.2486723980001,0 85.8206977080001,21.2486303800001,0 85.8206037290001,21.2487360820001,0</coordinates></LinearRing></outerBoundaryIs></Polygon></MultiGeometry>
  </Placemark>
  <Placemark>
	<name>Placemark</name>
	<Style><LineStyle><color>ff0000ff</color></LineStyle><PolyStyle><fill>0</fill></PolyStyle></Style>
	<ExtendedData><SchemaData schemaUrl="#merged">
		<SimpleData name="OID_">0</SimpleData>
		<SimpleData name="FolderPath">Document/shrishti_land_parcelsv1_new__polygons</SimpleData>
		<SimpleData name="SymbolID">0</SimpleData>
		<SimpleData name="AltMode">0</SimpleData>
		<SimpleData name="Base">0.00000000000</SimpleData>
		<SimpleData name="Clamped">-1</SimpleData>
		<SimpleData name="Extruded">0</SimpleData>
		<SimpleData name="PopupInfo">&lt;html xmlns:fo=&quot;http://www.w3.org/1999/XSL/Format&quot; xmlns:msxsl=&quot;urn:schemas-microsoft-com:xslt&quot;&gt;
&lt;head&gt;
&lt;META http-equiv=&quot;Content-Type&quot; content=&quot;text/html&quot;&gt;
&lt;meta http-equiv=&quot;content-type&quot; content=&quot;text/html; charset=UTF-8&quot;&gt;
&lt;/head&gt;
&lt;body style=&quot;margin:0</SimpleData>
		<SimpleData name="Shape_Leng">0.00100021823</SimpleData>
		<SimpleData name="Shape_Area">0.00000004478</SimpleData>
		<SimpleData name="Plantation">Existing</SimpleData>
		<SimpleData name="layer">Harichandanpur_existing</SimpleData>
		<SimpleData name="path">D:\Project\Shristi\4th_round\Harichandanpur_existing.shp</SimpleData>
	</SchemaData></ExtendedData>
      <MultiGeometry><Polygon><outerBoundaryIs><LinearRing><coordinates>85.8206958320001,21.2486246820001,0 85.82091503,21.248666557,0 85.8209401270001,21.2486080780001,0 85.8209869030001,21.2486254,0 85.8210181200001,21.248575041,0 85.8210361170001,21.248455586,0 85.8209801410001,21.2484330570001,0 85.8208922140001,21.2485280280001,0 85.8207482670001,21.2484897410001,0 85.8206958320001,21.2486246820001,0</coordinates></LinearRing></outerBoundaryIs></Polygon></MultiGeometry>
  </Placemark>
  <Placemark>
	<name>Placemark</name>
	<Style><LineStyle><color>ff0000ff</color></LineStyle><PolyStyle><fill>0</fill></PolyStyle></Style>
	<ExtendedData><SchemaData schemaUrl="#merged">
		<SimpleData name="OID_">0</SimpleData>
		<SimpleData name="FolderPath">Document/shrishti_land_parcelsv1_new__polygons</SimpleData>
		<SimpleData name="SymbolID">0</SimpleData>
		<SimpleData name="AltMode">0</SimpleData>
		<SimpleData name="Base">0.00000000000</SimpleData>
		<SimpleData name="Clamped">-1</SimpleData>
		<SimpleData name="Extruded">0</SimpleData>
		<SimpleData name="PopupInfo">&lt;html xmlns:fo=&quot;http://www.w3.org/1999/XSL/Format&quot; xmlns:msxsl=&quot;urn:schemas-microsoft-com:xslt&quot;&gt;
&lt;head&gt;
&lt;META http-equiv=&quot;Content-Type&quot; content=&quot;text/html&quot;&gt;
&lt;meta http-equiv=&quot;content-type&quot; content=&quot;text/html; charset=UTF-8&quot;&gt;
&lt;/head&gt;
&lt;body style=&quot;margin:0</SimpleData>
		<SimpleData name="Shape_Leng">0.00597694018</SimpleData>
		<SimpleData name="Shape_Area">0.00000060430</SimpleData>
		<SimpleData name="Plantation">Existing</SimpleData>
		<SimpleData name="layer">Harichandanpur_existing</SimpleData>
		<SimpleData name="path">D:\Project\Shristi\4th_round\Harichandanpur_existing.shp</SimpleData>
	</SchemaData></ExtendedData>
      <MultiGeometry><Polygon><outerBoundaryIs><LinearRing><coordinates>85.8210574570001,21.2486609740001,0 85.8210146660001,21.2486127010001,0 85.8209872800001,21.2486449040001,0 85.820948055,21.2486476400001,0 85.8209513180001,21.2486646790001,0 85.820967522,21.2486946540001,0 85.8209470500001,21.248747155,0 85.8208777670001,21.2487888580001,0 85.8209440400001,21.2488134870001,0 85.8209221770001,21.248858124,0 85.820980262,21.248877416,0 85.820821504,21.2491038740001,0 85.8209150070001,21.2493007740001,0 85.8208874570001,21.2493451870001,0 85.820822214,21.2494230930001,0 85.8208230600001,21.249615276,0 85.820841778,21.2496752960001,0 85.8210871310001,21.249674446,0 85.8213231700001,21.249652229,0 85.821501283,21.2494089850001,0 85.821341987,21.2493396140001,0 85.821259184,21.249190463,0 85.8213062460001,21.249134365,0 85.8213874940001,21.249071481,0 85.8211936760001,21.2489653860001,0 85.82133944,21.248906603,0 85.8214492920001,21.2489813560001,0 85.8214919380001,21.2489367520001,0 85.821506114,21.248831318,0 85.821585607,21.248708473,0 85.821531829,21.248527675,0 85.8214269110001,21.248537436,0 85.8213588980001,21.248596337,0 85.8213779800001,21.2487685300001,0 85.821255002,21.248867202,0 85.8211693640001,21.2488268870001,0 85.821208971,21.2487690510001,0 85.821225831,21.248553235,0 85.8213403390001,21.248544199,0 85.8214181010001,21.248479649,0 85.821383945,21.248433071,0 85.8213111810001,21.248423154,0 85.8212648990001,21.2483870140001,0 85.821176495,21.2483347370001,0 85.8211243150001,21.248310641,0 85.821051621,21.248233865,0 85.8209376950001,21.2482907670001,0 85.820932677,21.248347917,0 85.8209820530001,21.248416799,0 85.8210784070001,21.2484391780001,0 85.821155515,21.24852579,0 85.8211238790001,21.248614537,0 85.8210574570001,21.2486609740001,0</coordinates></LinearRing></outerBoundaryIs></Polygon></MultiGeometry>
  </Placemark>
  <Placemark>
	<name>Placemark</name>
	<Style><LineStyle><color>ff0000ff</color></LineStyle><PolyStyle><fill>0</fill></PolyStyle></Style>
	<ExtendedData><SchemaData schemaUrl="#merged">
		<SimpleData name="OID_">0</SimpleData>
		<SimpleData name="FolderPath">Document/shrishti_land_parcelsv1_new__polygons</SimpleData>
		<SimpleData name="SymbolID">0</SimpleData>
		<SimpleData name="AltMode">0</SimpleData>
		<SimpleData name="Base">0.00000000000</SimpleData>
		<SimpleData name="Clamped">-1</SimpleData>
		<SimpleData name="Extruded">0</SimpleData>
		<SimpleData name="PopupInfo">&lt;html xmlns:fo=&quot;http://www.w3.org/1999/XSL/Format&quot; xmlns:msxsl=&quot;urn:schemas-microsoft-com:xslt&quot;&gt;
&lt;head&gt;
&lt;META http-equiv=&quot;Content-Type&quot; content=&quot;text/html&quot;&gt;
&lt;meta http-equiv=&quot;content-type&quot; content=&quot;text/html; charset=UTF-8&quot;&gt;
&lt;/head&gt;
&lt;body style=&quot;margin:0</SimpleData>
		<SimpleData name="Shape_Leng">0.01086947761</SimpleData>
		<SimpleData name="Shape_Area">0.00000118459</SimpleData>
		<SimpleData name="Plantation">Existing</SimpleData>
		<SimpleData name="layer">Harichandanpur_existing</SimpleData>
		<SimpleData name="path">D:\Project\Shristi\4th_round\Harichandanpur_existing.shp</SimpleData>
	</SchemaData></ExtendedData>
      <MultiGeometry><Polygon><outerBoundaryIs><LinearRing><coordinates>85.8226752300001,21.248691105,0 85.8229156090001,21.248724603,0 85.8229686930001,21.2486578940001,0 85.8229473440001,21.2485853420001,0 85.8230051180001,21.2485749320001,0 85.823081297,21.248573182,0 85.823084647,21.2486307240001,0 85.823001779,21.2487291680001,0 85.8232096390001,21.248748951,0 85.823240963,21.248503038,0 85.8231500850001,21.2484015480001,0 85.8230065450001,21.2484999610001,0 85.82290456,21.2483494850001,0 85.822814119,21.2482651120001,0 85.822697357,21.248274668,0 85.8225763740001,21.2482244550001,0 85.822570779,21.2482542600001,0 85.8225492460001,21.2483044520001,0 85.8224953710001,21.2483736020001,0 85.8224092200001,21.248410247,0 85.822318028,21.248387291,0 85.8222480850001,21.248383845,0 85.8222337390001,21.248342705,0 85.8221871430001,21.2483614400001,0 85.8221103960001,21.2484012370001,0 85.8220454780001,21.248430904,0 85.8219884360001,21.248363893,0 85.8220312240001,21.2483233470001,0 85.82200492,21.248250322,0 85.8217944680001,21.2483335380001,0 85.8217810670001,21.248256859,0 85.821725821,21.2482694820001,0 85.8217310150001,21.2483215940001,0 85.821671538,21.2483737430001,0 85.821609488,21.2484087130001,0 85.821536746,21.248419073,0 85.8214555850001,21.248444163,0 85.8214586110001,21.2485217390001,0 85.821549266,21.2485072310001,0 85.8216232140001,21.248530777,0 85.821736296,21.248507058,0 85.821794218,21.2485469210001,0 85.8218370110001,21.2485221220001,0 85.8219015440001,21.2485601020001,0 85.8220058700001,21.248682247,0 85.822128289,21.2486356270001,0 85.8220764220001,21.248596263,0 85.822193924,21.2485161700001,0 85.8221919050001,21.2486412800001,0 85.8222544820001,21.2488020750001,0 85.822264191,21.2489090190001,0 85.8223110380001,21.248986771,0 85.822308508,21.249108452,0 85.8223498080001,21.24927007,0 85.8222413380001,21.2493326170001,0 85.8221758620001,21.2491286370001,0 85.8221098080001,21.249072642,0 85.8220315180001,21.2490746010001,0 85.8219768580001,21.249095234,0 85.8219943660001,21.2491514450001,0 85.8219558550001,21.2492355200001,0 85.8218967050001,21.249238781,0 85.8218767960001,21.2491804320001,0 85.8218449620001,21.249115825,0 85.8218946520001,21.249017748,0 85.821707329,21.248989399,0 85.8216505460001,21.249059313,0 85.8215669620001,21.249126432,0 85.8214448250001,21.2492186900001,0 85.8214089990001,21.2493175600001,0 85.821523739,21.2494158160001,0 85.821480691,21.249516924,0 85.8215683230001,21.249627237,0 85.8217248400001,21.2499197610001,0 85.8219137790001,21.249949809,0 85.8219299820001,21.249652118,0 85.822067035,21.249674452,0 85.8221136240001,21.249914705,0 85.8221642490001,21.2498961040001,0 85.8223402190001,21.249718407,0 85.822492507,21.2495725310001,0 85.822483547,21.2492528240001,0 85.822494459,21.2491030240001,0 85.8225290730001,21.2489494280001,0 85.8224915470001,21.2488311760001,0 85.8223695560001,21.248836639,0 85.8223615420001,21.2486339610001,0 85.822480209,21.2485799940001,0 85.8225503960001,21.2484895490001,0 85.822642252,21.2485617180001,0 85.8226752300001,21.248691105,0</coordinates></LinearRing></outerBoundaryIs></Polygon></MultiGeometry>
  </Placemark>
  <Placemark>
	<name>Placemark</name>
	<Style><LineStyle><color>ff0000ff</color></LineStyle><PolyStyle><fill>0</fill></PolyStyle></Style>
	<ExtendedData><SchemaData schemaUrl="#merged">
		<SimpleData name="OID_">0</SimpleData>
		<SimpleData name="FolderPath">Document/shrishti_land_parcelsv1_new__polygons</SimpleData>
		<SimpleData name="SymbolID">0</SimpleData>
		<SimpleData name="AltMode">0</SimpleData>
		<SimpleData name="Base">0.00000000000</SimpleData>
		<SimpleData name="Clamped">-1</SimpleData>
		<SimpleData name="Extruded">0</SimpleData>
		<SimpleData name="PopupInfo">&lt;html xmlns:fo=&quot;http://www.w3.org/1999/XSL/Format&quot; xmlns:msxsl=&quot;urn:schemas-microsoft-com:xslt&quot;&gt;
&lt;head&gt;
&lt;META http-equiv=&quot;Content-Type&quot; content=&quot;text/html&quot;&gt;
&lt;meta http-equiv=&quot;content-type&quot; content=&quot;text/html; charset=UTF-8&quot;&gt;
&lt;/head&gt;
&lt;body style=&quot;margin:0</SimpleData>
		<SimpleData name="Shape_Leng">0.00238733041</SimpleData>
		<SimpleData name="Shape_Area">0.00000016802</SimpleData>
		<SimpleData name="Plantation">Existing</SimpleData>
		<SimpleData name="layer">Harichandanpur_existing</SimpleData>
		<SimpleData name="path">D:\Project\Shristi\4th_round\Harichandanpur_existing.shp</SimpleData>
	</SchemaData></ExtendedData>
      <MultiGeometry><Polygon><outerBoundaryIs><LinearRing><coordinates>85.8223367080001,21.2482992430001,0 85.822404046,21.2482178430001,0 85.8223673700001,21.2481356810001,0 85.8223218810001,21.248039825,0 85.8222581650001,21.247929952,0 85.8222282410001,21.247871726,0 85.822230054,21.24782965,0 85.82228645,21.247785145,0 85.822313449,21.247741422,0 85.822315545,21.247662619,0 85.8222511480001,21.2476629490001,0 85.8222007690001,21.2476630080001,0 85.8221317940001,21.2476466530001,0 85.8220865600001,21.2475786910001,0 85.8220275370001,21.2475305180001,0 85.8219720880001,21.2475678270001,0 85.82195497,21.2476576810001,0 85.8219127230001,21.247662651,0 85.8218959170001,21.247715521,0 85.822036584,21.247753962,0 85.8220152420001,21.2478365800001,0 85.8221061620001,21.247863555,0 85.8221339410001,21.2479815030001,0 85.8220285,21.2480516000001,0 85.8221351170001,21.2481457800001,0 85.8222196030001,21.2483378310001,0 85.8223367080001,21.2482992430001,0</coordinates></LinearRing></outerBoundaryIs></Polygon></MultiGeometry>
  </Placemark>
  <Placemark>
	<name>Placemark</name>
	<Style><LineStyle><color>ff0000ff</color></LineStyle><PolyStyle><fill>0</fill></PolyStyle></Style>
	<ExtendedData><SchemaData schemaUrl="#merged">
		<SimpleData name="OID_">0</SimpleData>
		<SimpleData name="FolderPath">Document/shrishti_land_parcelsv1_new__polygons</SimpleData>
		<SimpleData name="SymbolID">0</SimpleData>
		<SimpleData name="AltMode">0</SimpleData>
		<SimpleData name="Base">0.00000000000</SimpleData>
		<SimpleData name="Clamped">-1</SimpleData>
		<SimpleData name="Extruded">0</SimpleData>
		<SimpleData name="PopupInfo">&lt;html xmlns:fo=&quot;http://www.w3.org/1999/XSL/Format&quot; xmlns:msxsl=&quot;urn:schemas-microsoft-com:xslt&quot;&gt;
&lt;head&gt;
&lt;META http-equiv=&quot;Content-Type&quot; content=&quot;text/html&quot;&gt;
&lt;meta http-equiv=&quot;content-type&quot; content=&quot;text/html; charset=UTF-8&quot;&gt;
&lt;/head&gt;
&lt;body style=&quot;margin:0</SimpleData>
		<SimpleData name="Shape_Leng">0.00488803901</SimpleData>
		<SimpleData name="Shape_Area">0.00000036409</SimpleData>
		<SimpleData name="Plantation">Existing</SimpleData>
		<SimpleData name="layer">Harichandanpur_existing</SimpleData>
		<SimpleData name="path">D:\Project\Shristi\4th_round\Harichandanpur_existing.shp</SimpleData>
	</SchemaData></ExtendedData>
      <MultiGeometry><Polygon><outerBoundaryIs><LinearRing><coordinates>85.8218107640001,21.247797104,0 85.8217450000001,21.2477267,0 85.8216400000001,21.2477067,0 85.8214800000001,21.2477583,0 85.8213200000001,21.2478017,0 85.8212217000001,21.2477250000001,0 85.8212029480001,21.247665043,0 85.8211588610001,21.2476646160001,0 85.82110836,21.247699665,0 85.8210686,21.2478028,0 85.8210790830001,21.2478482340001,0 85.8211552120001,21.247851215,0 85.8211340720001,21.2479410390001,0 85.8211032670001,21.247940865,0 85.821093611,21.248046517,0 85.8211218210001,21.248136328,0 85.82117808,21.2481622,0 85.8211925350001,21.2480619790001,0 85.8212690670001,21.248010665,0 85.821299099,21.248070489,0 85.821288386,21.2482244130001,0 85.8212213640001,21.2482939880001,0 85.8213342810001,21.2484186500001,0 85.8214005790001,21.2484045900001,0 85.821496004,21.248338801,0 85.821561031,21.2483219050001,0 85.8216113620001,21.248176378,0 85.8214384550001,21.248005789,0 85.8215043060001,21.247951136,0 85.8215615030001,21.248006515,0 85.8216606440001,21.2479038930001,0 85.8216985770001,21.2479795080001,0 85.821825,21.2479032000001,0 85.8219182870001,21.2479712100001,0 85.8218609620001,21.248054279,0 85.821786134,21.2481301490001,0 85.8216549470001,21.2481849060001,0 85.8217181940001,21.248252759,0 85.8218279380001,21.2481959140001,0 85.8219080270001,21.2482081050001,0 85.8219614100001,21.2481510420001,0 85.82193349,21.248091672,0 85.8220067920001,21.24796545,0 85.82205695,21.248005547,0 85.8221048510001,21.2479621040001,0 85.8220820710001,21.2478734750001,0 85.8220252500001,21.247848376,0 85.8219653880001,21.247833633,0 85.821871865,21.247774712,0 85.8218107640001,21.247797104,0</coordinates></LinearRing></outerBoundaryIs></Polygon></MultiGeometry>
  </Placemark>
  <Placemark>
	<name>Placemark</name>
	<Style><LineStyle><color>ff0000ff</color></LineStyle><PolyStyle><fill>0</fill></PolyStyle></Style>
	<ExtendedData><SchemaData schemaUrl="#merged">
		<SimpleData name="OID_">0</SimpleData>
		<SimpleData name="FolderPath">Document/shrishti_land_parcelsv1_new__polygons</SimpleData>
		<SimpleData name="SymbolID">0</SimpleData>
		<SimpleData name="AltMode">0</SimpleData>
		<SimpleData name="Base">0.00000000000</SimpleData>
		<SimpleData name="Clamped">-1</SimpleData>
		<SimpleData name="Extruded">0</SimpleData>
		<SimpleData name="PopupInfo">&lt;html xmlns:fo=&quot;http://www.w3.org/1999/XSL/Format&quot; xmlns:msxsl=&quot;urn:schemas-microsoft-com:xslt&quot;&gt;
&lt;head&gt;
&lt;META http-equiv=&quot;Content-Type&quot; content=&quot;text/html&quot;&gt;
&lt;meta http-equiv=&quot;content-type&quot; content=&quot;text/html; charset=UTF-8&quot;&gt;
&lt;/head&gt;
&lt;body style=&quot;margin:0</SimpleData>
		<SimpleData name="Shape_Leng">0.00507899615</SimpleData>
		<SimpleData name="Shape_Area">0.00000038182</SimpleData>
		<SimpleData name="Plantation">Existing</SimpleData>
		<SimpleData name="layer">Harichandanpur_existing</SimpleData>
		<SimpleData name="path">D:\Project\Shristi\4th_round\Harichandanpur_existing.shp</SimpleData>
	</SchemaData></ExtendedData>
      <MultiGeometry><Polygon><outerBoundaryIs><LinearRing><coordinates>85.8229021230001,21.2479741670001,0 85.8228467440001,21.2479476890001,0 85.8227954560001,21.2479459510001,0 85.8227557060001,21.2479247910001,0 85.8227386200001,21.2479507840001,0 85.822739346,21.2479908830001,0 85.822751634,21.2480183010001,0 85.8227597870001,21.248070581,0 85.822710048,21.248083448,0 85.8226725420001,21.248034062,0 85.8226453130001,21.2479845180001,0 85.8226224970001,21.2479650830001,0 85.8226090580001,21.24791917,0 85.8225793130001,21.2479057460001,0 85.822549639,21.2479375020001,0 85.822536256,21.247966132,0 85.8225522280001,21.248017439,0 85.822543157,21.24805816,0 85.8225021470001,21.248072634,0 85.822472352,21.2480499280001,0 85.8224820120001,21.248011401,0 85.8224918340001,21.2479522630001,0 85.8225035730001,21.247906874,0 85.8225282240001,21.2478538030001,0 85.8225744540001,21.2478292230001,0 85.8226402060001,21.2478498310001,0 85.8226937000001,21.247886909,0 85.822730484,21.247860109,0 85.8227596720001,21.24783216,0 85.8228377840001,21.2478100480001,0 85.822820048,21.2477355250001,0 85.822901888,21.247597399,0 85.822738395,21.2476065020001,0 85.8224663810001,21.2475971430001,0 85.822339313,21.247599721,0 85.822347269,21.2477555740001,0 85.822429485,21.2478553010001,0 85.8223679120001,21.2480843390001,0 85.8223798560001,21.24811133,0 85.8224268540001,21.248107938,0 85.822440268,21.248174152,0 85.822505484,21.248215853,0 85.8225715360001,21.2482195270001,0 85.8227007,21.2482582000001,0 85.822818173,21.248241133,0 85.822866193,21.2481288280001,0 85.8229193990001,21.248182544,0 85.8228827360001,21.248225157,0 85.8229634080001,21.248275881,0 85.823047306,21.248225813,0 85.823150894,21.248223733,0 85.8232341450001,21.248317613,0 85.8232689930001,21.2482015530001,0 85.8233062990001,21.248065578,0 85.823265533,21.248052326,0 85.8232356980001,21.2480528130001,0 85.8231982680001,21.2480318130001,0 85.8232000040001,21.2479702520001,0 85.8232320690001,21.2479420490001,0 85.8232767480001,21.2479343700001,0 85.8232797310001,21.247829316,0 85.8232278500001,21.247761752,0 85.823049617,21.2479292730001,0 85.8229885810001,21.2479070100001,0 85.8229021230001,21.2479741670001,0</coordinates></LinearRing></outerBoundaryIs></Polygon></MultiGeometry>
  </Placemark>
  <Placemark>
	<name>Placemark</name>
	<Style><LineStyle><color>ff0000ff</color></LineStyle><PolyStyle><fill>0</fill></PolyStyle></Style>
	<ExtendedData><SchemaData schemaUrl="#merged">
		<SimpleData name="OID_">0</SimpleData>
		<SimpleData name="FolderPath">Document/shrishti_land_parcelsv1_new__polygons</SimpleData>
		<SimpleData name="SymbolID">0</SimpleData>
		<SimpleData name="AltMode">0</SimpleData>
		<SimpleData name="Base">0.00000000000</SimpleData>
		<SimpleData name="Clamped">-1</SimpleData>
		<SimpleData name="Extruded">0</SimpleData>
		<SimpleData name="PopupInfo">&lt;html xmlns:fo=&quot;http://www.w3.org/1999/XSL/Format&quot; xmlns:msxsl=&quot;urn:schemas-microsoft-com:xslt&quot;&gt;
&lt;head&gt;
&lt;META http-equiv=&quot;Content-Type&quot; content=&quot;text/html&quot;&gt;
&lt;meta http-equiv=&quot;content-type&quot; content=&quot;text/html; charset=UTF-8&quot;&gt;
&lt;/head&gt;
&lt;body style=&quot;margin:0</SimpleData>
		<SimpleData name="Shape_Leng">0.00125905596</SimpleData>
		<SimpleData name="Shape_Area">0.00000007841</SimpleData>
		<SimpleData name="Plantation">Existing</SimpleData>
		<SimpleData name="layer">Harichandanpur_existing</SimpleData>
		<SimpleData name="path">D:\Project\Shristi\4th_round\Harichandanpur_existing.shp</SimpleData>
	</SchemaData></ExtendedData>
      <MultiGeometry><Polygon><outerBoundaryIs><LinearRing><coordinates>85.8085120170001,21.2723730540001,0 85.8084758080001,21.272408682,0 85.808487643,21.27245635,0 85.8084465800001,21.2725452020001,0 85.8084983100001,21.272579363,0 85.8084937470001,21.27263034,0 85.8085707920001,21.2726128910001,0 85.8086238760001,21.2726083850001,0 85.8086910000001,21.2725366,0 85.8086700000001,21.2724362000001,0 85.8087847300001,21.2722625970001,0 85.8086082120001,21.272197341,0 85.808528252,21.2723029700001,0 85.80854435,21.2723377790001,0 85.8085120170001,21.2723730540001,0</coordinates></LinearRing></outerBoundaryIs></Polygon></MultiGeometry>
  </Placemark>
  <Placemark>
	<name>Placemark</name>
	<Style><LineStyle><color>ff0000ff</color></LineStyle><PolyStyle><fill>0</fill></PolyStyle></Style>
	<ExtendedData><SchemaData schemaUrl="#merged">
		<SimpleData name="OID_">0</SimpleData>
		<SimpleData name="FolderPath">Document/shrishti_land_parcelsv1_new__polygons</SimpleData>
		<SimpleData name="SymbolID">0</SimpleData>
		<SimpleData name="AltMode">0</SimpleData>
		<SimpleData name="Base">0.00000000000</SimpleData>
		<SimpleData name="Clamped">-1</SimpleData>
		<SimpleData name="Extruded">0</SimpleData>
		<SimpleData name="PopupInfo">&lt;html xmlns:fo=&quot;http://www.w3.org/1999/XSL/Format&quot; xmlns:msxsl=&quot;urn:schemas-microsoft-com:xslt&quot;&gt;
&lt;head&gt;
&lt;META http-equiv=&quot;Content-Type&quot; content=&quot;text/html&quot;&gt;
&lt;meta http-equiv=&quot;content-type&quot; content=&quot;text/html; charset=UTF-8&quot;&gt;
&lt;/head&gt;
&lt;body style=&quot;margin:0</SimpleData>
		<SimpleData name="Shape_Leng">0.00663235855</SimpleData>
		<SimpleData name="Shape_Area">0.00000095422</SimpleData>
		<SimpleData name="Plantation">Existing</SimpleData>
		<SimpleData name="layer">Harichandanpur_existing</SimpleData>
		<SimpleData name="path">D:\Project\Shristi\4th_round\Harichandanpur_existing.shp</SimpleData>
	</SchemaData></ExtendedData>
      <MultiGeometry><Polygon><outerBoundaryIs><LinearRing><coordinates>85.8085021350001,21.2720156500001,0 85.8086937030001,21.272110624,0 85.8086170450001,21.272192171,0 85.8087890450001,21.272254683,0 85.8088113410001,21.272238499,0 85.8088883410001,21.272276139,0 85.808791119,21.272414337,0 85.8088149660001,21.2724591360001,0 85.8087529520001,21.272500655,0 85.8087362740001,21.2725594720001,0 85.8087679640001,21.272587124,0 85.8088429090001,21.2724963320001,0 85.808920345,21.2724799970001,0 85.8088880710001,21.272587604,0 85.8088731720001,21.2726448010001,0 85.8089427560001,21.2727806230001,0 85.808990969,21.2729537720001,0 85.8091376940001,21.2729154470001,0 85.8092854600001,21.272778784,0 85.809249003,21.272646778,0 85.8092140750001,21.272491357,0 85.8093280400001,21.2725138210001,0 85.8093315070001,21.272406748,0 85.809471779,21.2724259460001,0 85.80970805,21.272396341,0 85.8098040460001,21.2723746940001,0 85.8098616550001,21.2723451090001,0 85.809858434,21.2722511110001,0 85.8098184550001,21.2721876410001,0 85.809787896,21.2720983620001,0 85.809738452,21.271950127,0 85.8097179390001,21.2718093080001,0 85.8096521640001,21.271676863,0 85.8095404910001,21.2716665630001,0 85.809450606,21.271683206,0 85.809353173,21.2717722360001,0 85.809280878,21.271720483,0 85.8092261240001,21.271738742,0 85.809123533,21.271983902,0 85.8091217,21.2719817,0 85.8089748530001,21.2720089270001,0 85.808810367,21.271971394,0 85.80881995,21.271891469,0 85.8087918590001,21.271714791,0 85.8088384380001,21.271676847,0 85.808930908,21.2717134060001,0 85.8089809470001,21.271714371,0 85.8089667690001,21.2716340100001,0 85.8088941560001,21.27159206,0 85.8088357490001,21.271580752,0 85.80873956,21.271634852,0 85.8086724240001,21.2716370590001,0 85.8085893080001,21.2716694320001,0 85.8084915210001,21.2717754080001,0 85.808375502,21.271797873,0 85.808338077,21.2717895490001,0 85.8082629780001,21.2718542170001,0 85.8083159400001,21.2719547230001,0 85.8084939980001,21.27195024,0 85.8085021350001,21.2720156500001,0</coordinates></LinearRing></outerBoundaryIs></Polygon></MultiGeometry>
  </Placemark>
  <Placemark>
	<name>Placemark</name>
	<Style><LineStyle><color>ff0000ff</color></LineStyle><PolyStyle><fill>0</fill></PolyStyle></Style>
	<ExtendedData><SchemaData schemaUrl="#merged">
		<SimpleData name="OID_">0</SimpleData>
		<SimpleData name="FolderPath">Document/shrishti_land_parcelsv1_new__polygons</SimpleData>
		<SimpleData name="SymbolID">0</SimpleData>
		<SimpleData name="AltMode">0</SimpleData>
		<SimpleData name="Base">0.00000000000</SimpleData>
		<SimpleData name="Clamped">-1</SimpleData>
		<SimpleData name="Extruded">0</SimpleData>
		<SimpleData name="PopupInfo">&lt;html xmlns:fo=&quot;http://www.w3.org/1999/XSL/Format&quot; xmlns:msxsl=&quot;urn:schemas-microsoft-com:xslt&quot;&gt;
&lt;head&gt;
&lt;META http-equiv=&quot;Content-Type&quot; content=&quot;text/html&quot;&gt;
&lt;meta http-equiv=&quot;content-type&quot; content=&quot;text/html; charset=UTF-8&quot;&gt;
&lt;/head&gt;
&lt;body style=&quot;margin:0</SimpleData>
		<SimpleData name="Shape_Leng">0.00318082113</SimpleData>
		<SimpleData name="Shape_Area">0.00000030896</SimpleData>
		<SimpleData name="Plantation">Existing</SimpleData>
		<SimpleData name="layer">Harichandanpur_existing</SimpleData>
		<SimpleData name="path">D:\Project\Shristi\4th_round\Harichandanpur_existing.shp</SimpleData>
	</SchemaData></ExtendedData>
      <MultiGeometry><Polygon><outerBoundaryIs><LinearRing><coordinates>85.8091902630001,21.271274684,0 85.809292283,21.2713048460001,0 85.8092449640001,21.271369984,0 85.8092219010001,21.271519461,0 85.8090979310001,21.271567089,0 85.8091417460001,21.2716080330001,0 85.809229218,21.271676901,0 85.8093559910001,21.2716861590001,0 85.809495751,21.271591244,0 85.8095437320001,21.27152183,0 85.809594405,21.2715235220001,0 85.8095536580001,21.2716269900001,0 85.8096172520001,21.271639733,0 85.8096746740001,21.2715540660001,0 85.8097284790001,21.271498492,0 85.8097616840001,21.2714553530001,0 85.8096632680001,21.271430987,0 85.8097349490001,21.2713294070001,0 85.8098255460001,21.271363986,0 85.809877736,21.2712200190001,0 85.8099415340001,21.271086315,0 85.809944724,21.271042562,0 85.809915296,21.270942453,0 85.809812751,21.270899005,0 85.809764962,21.271012807,0 85.809500235,21.2711713030001,0 85.8091826460001,21.271214785,0 85.8091902630001,21.271274684,0</coordinates></LinearRing></outerBoundaryIs></Polygon></MultiGeometry>
  </Placemark>
  <Placemark>
	<name>Placemark</name>
	<Style><LineStyle><color>ff0000ff</color></LineStyle><PolyStyle><fill>0</fill></PolyStyle></Style>
	<ExtendedData><SchemaData schemaUrl="#merged">
		<SimpleData name="OID_">0</SimpleData>
		<SimpleData name="FolderPath">Document/shrishti_land_parcelsv1_new__polygons</SimpleData>
		<SimpleData name="SymbolID">0</SimpleData>
		<SimpleData name="AltMode">0</SimpleData>
		<SimpleData name="Base">0.00000000000</SimpleData>
		<SimpleData name="Clamped">-1</SimpleData>
		<SimpleData name="Extruded">0</SimpleData>
		<SimpleData name="PopupInfo">&lt;html xmlns:fo=&quot;http://www.w3.org/1999/XSL/Format&quot; xmlns:msxsl=&quot;urn:schemas-microsoft-com:xslt&quot;&gt;
&lt;head&gt;
&lt;META http-equiv=&quot;Content-Type&quot; content=&quot;text/html&quot;&gt;
&lt;meta http-equiv=&quot;content-type&quot; content=&quot;text/html; charset=UTF-8&quot;&gt;
&lt;/head&gt;
&lt;body style=&quot;margin:0</SimpleData>
		<SimpleData name="Shape_Leng">0.00285506091</SimpleData>
		<SimpleData name="Shape_Area">0.00000034087</SimpleData>
		<SimpleData name="Plantation">Existing</SimpleData>
		<SimpleData name="layer">Harichandanpur_existing</SimpleData>
		<SimpleData name="path">D:\Project\Shristi\4th_round\Harichandanpur_existing.shp</SimpleData>
	</SchemaData></ExtendedData>
      <MultiGeometry><Polygon><outerBoundaryIs><LinearRing><coordinates>85.8089741940001,21.271225106,0 85.808937309,21.2713152530001,0 85.8090284940001,21.2713499290001,0 85.8091736520001,21.271298949,0 85.8091709270001,21.271199648,0 85.8095028600001,21.2711569050001,0 85.8097583000001,21.2710033000001,0 85.8097980890001,21.2708250530001,0 85.809491876,21.2704723200001,0 85.8092331000001,21.2707450990001,0 85.8093335840001,21.270837429,0 85.809248762,21.2708908700001,0 85.809149108,21.2709750930001,0 85.8091267450001,21.271041057,0 85.8090687660001,21.271013392,0 85.808995639,21.2710747,0 85.8089741940001,21.271225106,0</coordinates></LinearRing></outerBoundaryIs></Polygon></MultiGeometry>
  </Placemark>
  <Placemark>
	<name>Placemark</name>
	<Style><LineStyle><color>ff0000ff</color></LineStyle><PolyStyle><fill>0</fill></PolyStyle></Style>
	<ExtendedData><SchemaData schemaUrl="#merged">
		<SimpleData name="OID_">0</SimpleData>
		<SimpleData name="FolderPath">Document/shrishti_land_parcelsv1_new__polygons</SimpleData>
		<SimpleData name="SymbolID">0</SimpleData>
		<SimpleData name="AltMode">0</SimpleData>
		<SimpleData name="Base">0.00000000000</SimpleData>
		<SimpleData name="Clamped">-1</SimpleData>
		<SimpleData name="Extruded">0</SimpleData>
		<SimpleData name="PopupInfo">&lt;html xmlns:fo=&quot;http://www.w3.org/1999/XSL/Format&quot; xmlns:msxsl=&quot;urn:schemas-microsoft-com:xslt&quot;&gt;
&lt;head&gt;
&lt;META http-equiv=&quot;Content-Type&quot; content=&quot;text/html&quot;&gt;
&lt;meta http-equiv=&quot;content-type&quot; content=&quot;text/html; charset=UTF-8&quot;&gt;
&lt;/head&gt;
&lt;body style=&quot;margin:0</SimpleData>
		<SimpleData name="Shape_Leng">0.00199204341</SimpleData>
		<SimpleData name="Shape_Area">0.00000019498</SimpleData>
		<SimpleData name="Plantation">Existing</SimpleData>
		<SimpleData name="layer">Harichandanpur_existing</SimpleData>
		<SimpleData name="path">D:\Project\Shristi\4th_round\Harichandanpur_existing.shp</SimpleData>
	</SchemaData></ExtendedData>
      <MultiGeometry><Polygon><outerBoundaryIs><LinearRing><coordinates>85.8089667,21.27056,0 85.8092341000001,21.2707363000001,0 85.8094932000001,21.2704602000001,0 85.809260753,21.270249499,0 85.8092438450001,21.270343398,0 85.8091607970001,21.2703259890001,0 85.809120717,21.2702521730001,0 85.8090189310001,21.2702596770001,0 85.808755395,21.270488653,0 85.8088826140001,21.2706016180001,0 85.8089667,21.27056,0</coordinates></LinearRing></outerBoundaryIs></Polygon></MultiGeometry>
  </Placemark>
  <Placemark>
	<name>Placemark</name>
	<Style><LineStyle><color>ff0000ff</color></LineStyle><PolyStyle><fill>0</fill></PolyStyle></Style>
	<ExtendedData><SchemaData schemaUrl="#merged">
		<SimpleData name="OID_">0</SimpleData>
		<SimpleData name="FolderPath">Document/shrishti_land_parcelsv1_new__polygons</SimpleData>
		<SimpleData name="SymbolID">0</SimpleData>
		<SimpleData name="AltMode">0</SimpleData>
		<SimpleData name="Base">0.00000000000</SimpleData>
		<SimpleData name="Clamped">-1</SimpleData>
		<SimpleData name="Extruded">0</SimpleData>
		<SimpleData name="PopupInfo">&lt;html xmlns:fo=&quot;http://www.w3.org/1999/XSL/Format&quot; xmlns:msxsl=&quot;urn:schemas-microsoft-com:xslt&quot;&gt;
&lt;head&gt;
&lt;META http-equiv=&quot;Content-Type&quot; content=&quot;text/html&quot;&gt;
&lt;meta http-equiv=&quot;content-type&quot; content=&quot;text/html; charset=UTF-8&quot;&gt;
&lt;/head&gt;
&lt;body style=&quot;margin:0</SimpleData>
		<SimpleData name="Shape_Leng">0.00207511142</SimpleData>
		<SimpleData name="Shape_Area">0.00000022429</SimpleData>
		<SimpleData name="Plantation">Existing</SimpleData>
		<SimpleData name="layer">Harichandanpur_existing</SimpleData>
		<SimpleData name="path">D:\Project\Shristi\4th_round\Harichandanpur_existing.shp</SimpleData>
	</SchemaData></ExtendedData>
      <MultiGeometry><Polygon><outerBoundaryIs><LinearRing><coordinates>85.8070994810001,21.272172687,0 85.806886106,21.272030165,0 85.8064279110001,21.272251909,0 85.8064445890001,21.2723024490001,0 85.8065950600001,21.2724353350001,0 85.80670889,21.272615257,0 85.8069102000001,21.2725088,0 85.8069409380001,21.27257288,0 85.806995654,21.2725122300001,0 85.806945483,21.272438456,0 85.806972639,21.272388501,0 85.8070246350001,21.2723401580001,0 85.8070620060001,21.2723655390001,0 85.807087288,21.272319801,0 85.8070994810001,21.272172687,0</coordinates></LinearRing></outerBoundaryIs></Polygon></MultiGeometry>
  </Placemark>
  <Placemark>
	<name>Placemark</name>
	<Style><LineStyle><color>ff0000ff</color></LineStyle><PolyStyle><fill>0</fill></PolyStyle></Style>
	<ExtendedData><SchemaData schemaUrl="#merged">
		<SimpleData name="OID_">0</SimpleData>
		<SimpleData name="FolderPath">Document/shrishti_land_parcelsv1_new__polygons</SimpleData>
		<SimpleData name="SymbolID">0</SimpleData>
		<SimpleData name="AltMode">0</SimpleData>
		<SimpleData name="Base">0.00000000000</SimpleData>
		<SimpleData name="Clamped">-1</SimpleData>
		<SimpleData name="Extruded">0</SimpleData>
		<SimpleData name="PopupInfo">&lt;html xmlns:fo=&quot;http://www.w3.org/1999/XSL/Format&quot; xmlns:msxsl=&quot;urn:schemas-microsoft-com:xslt&quot;&gt;
&lt;head&gt;
&lt;META http-equiv=&quot;Content-Type&quot; content=&quot;text/html&quot;&gt;
&lt;meta http-equiv=&quot;content-type&quot; content=&quot;text/html; charset=UTF-8&quot;&gt;
&lt;/head&gt;
&lt;body style=&quot;margin:0</SimpleData>
		<SimpleData name="Shape_Leng">0.00432608725</SimpleData>
		<SimpleData name="Shape_Area">0.00000022324</SimpleData>
		<SimpleData name="Plantation">Existing</SimpleData>
		<SimpleData name="layer">Harichandanpur_existing</SimpleData>
		<SimpleData name="path">D:\Project\Shristi\4th_round\Harichandanpur_existing.shp</SimpleData>
	</SchemaData></ExtendedData>
      <MultiGeometry><Polygon><outerBoundaryIs><LinearRing><coordinates>85.8079332940001,21.272051682,0 85.80786641,21.2719555200001,0 85.807768276,21.271999582,0 85.807809422,21.2720646770001,0 85.807755188,21.2720919010001,0 85.8077303140001,21.272012046,0 85.8075311740001,21.2721041350001,0 85.8074744070001,21.2720147150001,0 85.8073866560001,21.272082208,0 85.8074120270001,21.272134501,0 85.80734277,21.2721803160001,0 85.8072860780001,21.272211629,0 85.8072568430001,21.2722164840001,0 85.8072323160001,21.2721941360001,0 85.8072026830001,21.272201667,0 85.8072062840001,21.2723411430001,0 85.8072679200001,21.27238485,0 85.8073855530001,21.2723400450001,0 85.8074449760001,21.272357223,0 85.8074849220001,21.272214626,0 85.8075760450001,21.2722031500001,0 85.8076917550001,21.272173735,0 85.8078175360001,21.2721323480001,0 85.8078529920001,21.272197277,0 85.8078367000001,21.2722484,0 85.8078363000001,21.2722489,0 85.807860045,21.2722644030001,0 85.8079070570001,21.2722969020001,0 85.8079319990001,21.272242535,0 85.8080552700001,21.272207291,0 85.8080468910001,21.272292211,0 85.8081140730001,21.2722966640001,0 85.808172471,21.2722731750001,0 85.8082583770001,21.272204582,0 85.808354953,21.272100606,0 85.8082657720001,21.272125858,0 85.8082480020001,21.272075994,0 85.808203851,21.2720080990001,0 85.8081262250001,21.272041426,0 85.808152942,21.27213189,0 85.8080875680001,21.272151384,0 85.8080339320001,21.2720304910001,0 85.8080842470001,21.2719823100001,0 85.8081349490001,21.2720233160001,0 85.8082143460001,21.271989057,0 85.8082749490001,21.271936356,0 85.8082546270001,21.271878938,0 85.808215095,21.2718443790001,0 85.8081362010001,21.2718610850001,0 85.8080361500001,21.271970454,0 85.8079332940001,21.272051682,0</coordinates></LinearRing></outerBoundaryIs></Polygon></MultiGeometry>
  </Placemark>
  <Placemark>
	<name>Placemark</name>
	<Style><LineStyle><color>ff0000ff</color></LineStyle><PolyStyle><fill>0</fill></PolyStyle></Style>
	<ExtendedData><SchemaData schemaUrl="#merged">
		<SimpleData name="OID_">0</SimpleData>
		<SimpleData name="FolderPath">Document/shrishti_land_parcelsv1_new__polygons</SimpleData>
		<SimpleData name="SymbolID">0</SimpleData>
		<SimpleData name="AltMode">0</SimpleData>
		<SimpleData name="Base">0.00000000000</SimpleData>
		<SimpleData name="Clamped">-1</SimpleData>
		<SimpleData name="Extruded">0</SimpleData>
		<SimpleData name="PopupInfo">&lt;html xmlns:fo=&quot;http://www.w3.org/1999/XSL/Format&quot; xmlns:msxsl=&quot;urn:schemas-microsoft-com:xslt&quot;&gt;
&lt;head&gt;
&lt;META http-equiv=&quot;Content-Type&quot; content=&quot;text/html&quot;&gt;
&lt;meta http-equiv=&quot;content-type&quot; content=&quot;text/html; charset=UTF-8&quot;&gt;
&lt;/head&gt;
&lt;body style=&quot;margin:0</SimpleData>
		<SimpleData name="Shape_Leng">0.00170065381</SimpleData>
		<SimpleData name="Shape_Area">0.00000016658</SimpleData>
		<SimpleData name="Plantation">Existing</SimpleData>
		<SimpleData name="layer">Harichandanpur_existing</SimpleData>
		<SimpleData name="path">D:\Project\Shristi\4th_round\Harichandanpur_existing.shp</SimpleData>
	</SchemaData></ExtendedData>
      <MultiGeometry><Polygon><outerBoundaryIs><LinearRing><coordinates>85.8078053730001,21.271513902,0 85.807917579,21.2714981720001,0 85.807950277,21.2715660580001,0 85.8080347330001,21.2714959260001,0 85.808024259,21.2713588600001,0 85.8080364100001,21.271263565,0 85.8080105910001,21.2711554960001,0 85.8078755000001,21.2710791000001,0 85.8075233000001,21.2714067000001,0 85.8075675480001,21.271501044,0 85.807596576,21.271548582,0 85.8076746740001,21.271589158,0 85.8077579220001,21.271590614,0 85.8078053730001,21.271513902,0</coordinates></LinearRing></outerBoundaryIs></Polygon></MultiGeometry>
  </Placemark>
  <Placemark>
	<name>Placemark</name>
	<Style><LineStyle><color>ff0000ff</color></LineStyle><PolyStyle><fill>0</fill></PolyStyle></Style>
	<ExtendedData><SchemaData schemaUrl="#merged">
		<SimpleData name="OID_">0</SimpleData>
		<SimpleData name="FolderPath">Document/shrishti_land_parcelsv1_new__polygons</SimpleData>
		<SimpleData name="SymbolID">0</SimpleData>
		<SimpleData name="AltMode">0</SimpleData>
		<SimpleData name="Base">0.00000000000</SimpleData>
		<SimpleData name="Clamped">-1</SimpleData>
		<SimpleData name="Extruded">0</SimpleData>
		<SimpleData name="PopupInfo">&lt;html xmlns:fo=&quot;http://www.w3.org/1999/XSL/Format&quot; xmlns:msxsl=&quot;urn:schemas-microsoft-com:xslt&quot;&gt;
&lt;head&gt;
&lt;META http-equiv=&quot;Content-Type&quot; content=&quot;text/html&quot;&gt;
&lt;meta http-equiv=&quot;content-type&quot; content=&quot;text/html; charset=UTF-8&quot;&gt;
&lt;/head&gt;
&lt;body style=&quot;margin:0</SimpleData>
		<SimpleData name="Shape_Leng">0.00235433386</SimpleData>
		<SimpleData name="Shape_Area">0.00000012288</SimpleData>
		<SimpleData name="Plantation">Existing</SimpleData>
		<SimpleData name="layer">Harichandanpur_existing</SimpleData>
		<SimpleData name="path">D:\Project\Shristi\4th_round\Harichandanpur_existing.shp</SimpleData>
	</SchemaData></ExtendedData>
      <MultiGeometry><Polygon><outerBoundaryIs><LinearRing><coordinates>85.8070464850001,21.271880771,0 85.8072500000001,21.2717333000001,0 85.8072682370001,21.2717229310001,0 85.8073125050001,21.2716929920001,0 85.807361588,21.271701186,0 85.8074379000001,21.2715856,0 85.807482308,21.2715551970001,0 85.8075024,21.2714927000001,0 85.807549877,21.2714764720001,0 85.8075185180001,21.271408991,0 85.8072664000001,21.2716294000001,0 85.8070817000001,21.2717117,0 85.8067150000001,21.2718550000001,0 85.806844196,21.2720244720001,0 85.80692437,21.271963516,0 85.806987468,21.2720280180001,0 85.8070838800001,21.272040648,0 85.8070464850001,21.271880771,0</coordinates></LinearRing></outerBoundaryIs></Polygon></MultiGeometry>
  </Placemark>
  <Placemark>
	<name>Placemark</name>
	<Style><LineStyle><color>ff0000ff</color></LineStyle><PolyStyle><fill>0</fill></PolyStyle></Style>
	<ExtendedData><SchemaData schemaUrl="#merged">
		<SimpleData name="OID_">0</SimpleData>
		<SimpleData name="FolderPath">Document/shrishti_land_parcelsv1_new__polygons</SimpleData>
		<SimpleData name="SymbolID">0</SimpleData>
		<SimpleData name="AltMode">0</SimpleData>
		<SimpleData name="Base">0.00000000000</SimpleData>
		<SimpleData name="Clamped">-1</SimpleData>
		<SimpleData name="Extruded">0</SimpleData>
		<SimpleData name="PopupInfo">&lt;html xmlns:fo=&quot;http://www.w3.org/1999/XSL/Format&quot; xmlns:msxsl=&quot;urn:schemas-microsoft-com:xslt&quot;&gt;
&lt;head&gt;
&lt;META http-equiv=&quot;Content-Type&quot; content=&quot;text/html&quot;&gt;
&lt;meta http-equiv=&quot;content-type&quot; content=&quot;text/html; charset=UTF-8&quot;&gt;
&lt;/head&gt;
&lt;body style=&quot;margin:0</SimpleData>
		<SimpleData name="Shape_Leng">0.00148387040</SimpleData>
		<SimpleData name="Shape_Area">0.00000007576</SimpleData>
		<SimpleData name="Plantation">Existing</SimpleData>
		<SimpleData name="layer">Harichandanpur_existing</SimpleData>
		<SimpleData name="path">D:\Project\Shristi\4th_round\Harichandanpur_existing.shp</SimpleData>
	</SchemaData></ExtendedData>
      <MultiGeometry><Polygon><outerBoundaryIs><LinearRing><coordinates>85.807130709,21.2720472290001,0 85.8072814860001,21.272202421,0 85.8073944000001,21.272126843,0 85.807340959,21.27206757,0 85.8074386530001,21.2719997140001,0 85.807372,21.2719162000001,0 85.8072951,21.271961,0 85.807254959,21.2718967610001,0 85.8073096990001,21.2718637990001,0 85.8072651460001,21.2717290420001,0 85.8071220850001,21.2718369610001,0 85.8071574590001,21.2719137610001,0 85.807116137,21.271932082,0 85.807167098,21.272017621,0 85.807130709,21.2720472290001,0</coordinates></LinearRing></outerBoundaryIs></Polygon></MultiGeometry>
  </Placemark>
  <Placemark>
	<name>Placemark</name>
	<Style><LineStyle><color>ff0000ff</color></LineStyle><PolyStyle><fill>0</fill></PolyStyle></Style>
	<ExtendedData><SchemaData schemaUrl="#merged">
		<SimpleData name="OID_">0</SimpleData>
		<SimpleData name="FolderPath">Document/shrishti_land_parcelsv1_new__polygons</SimpleData>
		<SimpleData name="SymbolID">0</SimpleData>
		<SimpleData name="AltMode">0</SimpleData>
		<SimpleData name="Base">0.00000000000</SimpleData>
		<SimpleData name="Clamped">-1</SimpleData>
		<SimpleData name="Extruded">0</SimpleData>
		<SimpleData name="PopupInfo">&lt;html xmlns:fo=&quot;http://www.w3.org/1999/XSL/Format&quot; xmlns:msxsl=&quot;urn:schemas-microsoft-com:xslt&quot;&gt;
&lt;head&gt;
&lt;META http-equiv=&quot;Content-Type&quot; content=&quot;text/html&quot;&gt;
&lt;meta http-equiv=&quot;content-type&quot; content=&quot;text/html; charset=UTF-8&quot;&gt;
&lt;/head&gt;
&lt;body style=&quot;margin:0</SimpleData>
		<SimpleData name="Shape_Leng">0.00157960735</SimpleData>
		<SimpleData name="Shape_Area">0.00000008503</SimpleData>
		<SimpleData name="Plantation">Existing</SimpleData>
		<SimpleData name="layer">Harichandanpur_existing</SimpleData>
		<SimpleData name="path">D:\Project\Shristi\4th_round\Harichandanpur_existing.shp</SimpleData>
	</SchemaData></ExtendedData>
      <MultiGeometry><Polygon><outerBoundaryIs><LinearRing><coordinates>85.8143275,21.2898379000001,0 85.8143863000001,21.2897412,0 85.8143358180001,21.289715276,0 85.8142695000001,21.2896776000001,0 85.8142587,21.2896271000001,0 85.8142387,21.289497,0 85.8142188,21.2893698,0 85.8142141070001,21.289284654,0 85.8140928020001,21.289391731,0 85.8140524020001,21.289594687,0 85.8140850030001,21.2896296430001,0 85.8141505710001,21.2896360410001,0 85.8142020020001,21.2897194830001,0 85.8141703000001,21.2897955,0 85.8141736000001,21.2898688,0 85.814239,21.2898894,0 85.8143222,21.2898857000001,0 85.8143275,21.2898379000001,0</coordinates></LinearRing></outerBoundaryIs></Polygon></MultiGeometry>
  </Placemark>
  <Placemark>
	<name>Placemark</name>
	<Style><LineStyle><color>ff0000ff</color></LineStyle><PolyStyle><fill>0</fill></PolyStyle></Style>
	<ExtendedData><SchemaData schemaUrl="#merged">
		<SimpleData name="OID_">0</SimpleData>
		<SimpleData name="FolderPath">Document/shrishti_land_parcelsv1_new__polygons</SimpleData>
		<SimpleData name="SymbolID">0</SimpleData>
		<SimpleData name="AltMode">0</SimpleData>
		<SimpleData name="Base">0.00000000000</SimpleData>
		<SimpleData name="Clamped">-1</SimpleData>
		<SimpleData name="Extruded">0</SimpleData>
		<SimpleData name="PopupInfo">&lt;html xmlns:fo=&quot;http://www.w3.org/1999/XSL/Format&quot; xmlns:msxsl=&quot;urn:schemas-microsoft-com:xslt&quot;&gt;
&lt;head&gt;
&lt;META http-equiv=&quot;Content-Type&quot; content=&quot;text/html&quot;&gt;
&lt;meta http-equiv=&quot;content-type&quot; content=&quot;text/html; charset=UTF-8&quot;&gt;
&lt;/head&gt;
&lt;body style=&quot;margin:0</SimpleData>
		<SimpleData name="Shape_Leng">0.00151884558</SimpleData>
		<SimpleData name="Shape_Area">0.00000006063</SimpleData>
		<SimpleData name="Plantation">Existing</SimpleData>
		<SimpleData name="layer">Harichandanpur_existing</SimpleData>
		<SimpleData name="path">D:\Project\Shristi\4th_round\Harichandanpur_existing.shp</SimpleData>
	</SchemaData></ExtendedData>
      <MultiGeometry><Polygon><outerBoundaryIs><LinearRing><coordinates>85.813944,21.2896061000001,0 85.8139688000001,21.2895341,0 85.814060193,21.2895054630001,0 85.8140743100001,21.2894043910001,0 85.8140155720001,21.28943658,0 85.8139966190001,21.289355232,0 85.8140669250001,21.2892522940001,0 85.814040193,21.289211456,0 85.8139566090001,21.289252929,0 85.813864337,21.2892448370001,0 85.813744968,21.2893144400001,0 85.813765049,21.289400991,0 85.8138569610001,21.2894524930001,0 85.8139136170001,21.289390629,0 85.813984943,21.28944353,0 85.8139066160001,21.289511469,0 85.8138980000001,21.2895876000001,0 85.813944,21.2896061000001,0</coordinates></LinearRing></outerBoundaryIs></Polygon></MultiGeometry>
  </Placemark>
  <Placemark>
	<name>Placemark</name>
	<Style><LineStyle><color>ff0000ff</color></LineStyle><PolyStyle><fill>0</fill></PolyStyle></Style>
	<ExtendedData><SchemaData schemaUrl="#merged">
		<SimpleData name="OID_">0</SimpleData>
		<SimpleData name="FolderPath">Document/shrishti_land_parcelsv1_new__polygons</SimpleData>
		<SimpleData name="SymbolID">0</SimpleData>
		<SimpleData name="AltMode">0</SimpleData>
		<SimpleData name="Base">0.00000000000</SimpleData>
		<SimpleData name="Clamped">-1</SimpleData>
		<SimpleData name="Extruded">0</SimpleData>
		<SimpleData name="PopupInfo">&lt;html xmlns:fo=&quot;http://www.w3.org/1999/XSL/Format&quot; xmlns:msxsl=&quot;urn:schemas-microsoft-com:xslt&quot;&gt;
&lt;head&gt;
&lt;META http-equiv=&quot;Content-Type&quot; content=&quot;text/html&quot;&gt;
&lt;meta http-equiv=&quot;content-type&quot; content=&quot;text/html; charset=UTF-8&quot;&gt;
&lt;/head&gt;
&lt;body style=&quot;margin:0</SimpleData>
		<SimpleData name="Shape_Leng">0.00131885639</SimpleData>
		<SimpleData name="Shape_Area">0.00000006385</SimpleData>
		<SimpleData name="Plantation">Existing</SimpleData>
		<SimpleData name="layer">Harichandanpur_existing</SimpleData>
		<SimpleData name="path">D:\Project\Shristi\4th_round\Harichandanpur_existing.shp</SimpleData>
	</SchemaData></ExtendedData>
      <MultiGeometry><Polygon><outerBoundaryIs><LinearRing><coordinates>85.8140815620001,21.2897024750001,0 85.8139452090001,21.289822793,0 85.813808834,21.289844891,0 85.8137161880001,21.289903129,0 85.8137302810001,21.290043875,0 85.813909261,21.289986033,0 85.8140318580001,21.2898492090001,0 85.814103849,21.2898525210001,0 85.8141521380001,21.289880269,0 85.81417917,21.2897384390001,0 85.8140815620001,21.2897024750001,0</coordinates></LinearRing></outerBoundaryIs></Polygon></MultiGeometry>
  </Placemark>
  <Placemark>
	<name>Placemark</name>
	<Style><LineStyle><color>ff0000ff</color></LineStyle><PolyStyle><fill>0</fill></PolyStyle></Style>
	<ExtendedData><SchemaData schemaUrl="#merged">
		<SimpleData name="OID_">0</SimpleData>
		<SimpleData name="FolderPath">Document/shrishti_land_parcelsv1_new__polygons</SimpleData>
		<SimpleData name="SymbolID">0</SimpleData>
		<SimpleData name="AltMode">0</SimpleData>
		<SimpleData name="Base">0.00000000000</SimpleData>
		<SimpleData name="Clamped">-1</SimpleData>
		<SimpleData name="Extruded">0</SimpleData>
		<SimpleData name="PopupInfo">&lt;html xmlns:fo=&quot;http://www.w3.org/1999/XSL/Format&quot; xmlns:msxsl=&quot;urn:schemas-microsoft-com:xslt&quot;&gt;
&lt;head&gt;
&lt;META http-equiv=&quot;Content-Type&quot; content=&quot;text/html&quot;&gt;
&lt;meta http-equiv=&quot;content-type&quot; content=&quot;text/html; charset=UTF-8&quot;&gt;
&lt;/head&gt;
&lt;body style=&quot;margin:0</SimpleData>
		<SimpleData name="Shape_Leng">0.00201539725</SimpleData>
		<SimpleData name="Shape_Area">0.00000012501</SimpleData>
		<SimpleData name="Plantation">Existing</SimpleData>
		<SimpleData name="layer">Harichandanpur_existing</SimpleData>
		<SimpleData name="path">D:\Project\Shristi\4th_round\Harichandanpur_existing.shp</SimpleData>
	</SchemaData></ExtendedData>
      <MultiGeometry><Polygon><outerBoundaryIs><LinearRing><coordinates>85.7602914350001,21.212261416,0 85.76033535,21.211989583,0 85.760300187,21.2119924040001,0 85.760264234,21.2120676650001,0 85.76018171,21.2120569030001,0 85.7601569190001,21.211960785,0 85.7601080900001,21.2119289080001,0 85.760078762,21.211858282,0 85.760026639,21.211902676,0 85.760006397,21.2120381280001,0 85.7599814020001,21.2121348380001,0 85.7600759050001,21.2122010460001,0 85.7600264050001,21.2122489870001,0 85.7600675950001,21.2124641790001,0 85.7602187300001,21.212533254,0 85.7602394830001,21.212475157,0 85.760162629,21.212448409,0 85.7601822,21.2123496,0 85.760262164,21.212361759,0 85.7602914350001,21.212261416,0</coordinates></LinearRing></outerBoundaryIs></Polygon></MultiGeometry>
  </Placemark>
  <Placemark>
	<name>Placemark</name>
	<Style><LineStyle><color>ff0000ff</color></LineStyle><PolyStyle><fill>0</fill></PolyStyle></Style>
	<ExtendedData><SchemaData schemaUrl="#merged">
		<SimpleData name="OID_">0</SimpleData>
		<SimpleData name="FolderPath">Document/shrishti_land_parcelsv1_new__polygons</SimpleData>
		<SimpleData name="SymbolID">0</SimpleData>
		<SimpleData name="AltMode">0</SimpleData>
		<SimpleData name="Base">0.00000000000</SimpleData>
		<SimpleData name="Clamped">-1</SimpleData>
		<SimpleData name="Extruded">0</SimpleData>
		<SimpleData name="PopupInfo">&lt;html xmlns:fo=&quot;http://www.w3.org/1999/XSL/Format&quot; xmlns:msxsl=&quot;urn:schemas-microsoft-com:xslt&quot;&gt;
&lt;head&gt;
&lt;META http-equiv=&quot;Content-Type&quot; content=&quot;text/html&quot;&gt;
&lt;meta http-equiv=&quot;content-type&quot; content=&quot;text/html; charset=UTF-8&quot;&gt;
&lt;/head&gt;
&lt;body style=&quot;margin:0</SimpleData>
		<SimpleData name="Shape_Leng">0.00172016192</SimpleData>
		<SimpleData name="Shape_Area">0.00000017060</SimpleData>
		<SimpleData name="Plantation">Existing</SimpleData>
		<SimpleData name="layer">Harichandanpur_existing</SimpleData>
		<SimpleData name="path">D:\Project\Shristi\4th_round\Harichandanpur_existing.shp</SimpleData>
	</SchemaData></ExtendedData>
      <MultiGeometry><Polygon><outerBoundaryIs><LinearRing><coordinates>85.760779272,21.2124322110001,0 85.7604913380001,21.2124408810001,0 85.7604102550001,21.212503456,0 85.7603361060001,21.212624959,0 85.760368783,21.212666638,0 85.7604119090001,21.212721452,0 85.7603471200001,21.2127501090001,0 85.760349692,21.212808335,0 85.760392111,21.2128918980001,0 85.7609104380001,21.212682864,0 85.760779272,21.2124322110001,0</coordinates></LinearRing></outerBoundaryIs></Polygon></MultiGeometry>
  </Placemark>
  <Placemark>
	<name>Placemark</name>
	<Style><LineStyle><color>ff0000ff</color></LineStyle><PolyStyle><fill>0</fill></PolyStyle></Style>
	<ExtendedData><SchemaData schemaUrl="#merged">
		<SimpleData name="OID_">0</SimpleData>
		<SimpleData name="FolderPath">Document/shrishti_land_parcelsv1_new__polygons</SimpleData>
		<SimpleData name="SymbolID">0</SimpleData>
		<SimpleData name="AltMode">0</SimpleData>
		<SimpleData name="Base">0.00000000000</SimpleData>
		<SimpleData name="Clamped">-1</SimpleData>
		<SimpleData name="Extruded">0</SimpleData>
		<SimpleData name="PopupInfo">&lt;html xmlns:fo=&quot;http://www.w3.org/1999/XSL/Format&quot; xmlns:msxsl=&quot;urn:schemas-microsoft-com:xslt&quot;&gt;
&lt;head&gt;
&lt;META http-equiv=&quot;Content-Type&quot; content=&quot;text/html&quot;&gt;
&lt;meta http-equiv=&quot;content-type&quot; content=&quot;text/html; charset=UTF-8&quot;&gt;
&lt;/head&gt;
&lt;body style=&quot;margin:0</SimpleData>
		<SimpleData name="Shape_Leng">0.00105112579</SimpleData>
		<SimpleData name="Shape_Area">0.00000006208</SimpleData>
		<SimpleData name="Plantation">Existing</SimpleData>
		<SimpleData name="layer">Harichandanpur_existing</SimpleData>
		<SimpleData name="path">D:\Project\Shristi\4th_round\Harichandanpur_existing.shp</SimpleData>
	</SchemaData></ExtendedData>
      <MultiGeometry><Polygon><outerBoundaryIs><LinearRing><coordinates>85.7606368420001,21.2131427580001,0 85.7605119670001,21.213211818,0 85.76041415,21.2132713190001,0 85.760457778,21.213399311,0 85.760545338,21.213447596,0 85.760632339,21.213371303,0 85.7608019880001,21.213360128,0 85.7606368420001,21.2131427580001,0</coordinates></LinearRing></outerBoundaryIs></Polygon></MultiGeometry>
  </Placemark>
  <Placemark>
	<name>Placemark</name>
	<Style><LineStyle><color>ff0000ff</color></LineStyle><PolyStyle><fill>0</fill></PolyStyle></Style>
	<ExtendedData><SchemaData schemaUrl="#merged">
		<SimpleData name="OID_">0</SimpleData>
		<SimpleData name="FolderPath">Document/shrishti_land_parcelsv1_new__polygons</SimpleData>
		<SimpleData name="SymbolID">0</SimpleData>
		<SimpleData name="AltMode">0</SimpleData>
		<SimpleData name="Base">0.00000000000</SimpleData>
		<SimpleData name="Clamped">-1</SimpleData>
		<SimpleData name="Extruded">0</SimpleData>
		<SimpleData name="PopupInfo">&lt;html xmlns:fo=&quot;http://www.w3.org/1999/XSL/Format&quot; xmlns:msxsl=&quot;urn:schemas-microsoft-com:xslt&quot;&gt;
&lt;head&gt;
&lt;META http-equiv=&quot;Content-Type&quot; content=&quot;text/html&quot;&gt;
&lt;meta http-equiv=&quot;content-type&quot; content=&quot;text/html; charset=UTF-8&quot;&gt;
&lt;/head&gt;
&lt;body style=&quot;margin:0</SimpleData>
		<SimpleData name="Shape_Leng">0.00198686128</SimpleData>
		<SimpleData name="Shape_Area">0.00000009422</SimpleData>
		<SimpleData name="Plantation">Existing</SimpleData>
		<SimpleData name="layer">Harichandanpur_existing</SimpleData>
		<SimpleData name="path">D:\Project\Shristi\4th_round\Harichandanpur_existing.shp</SimpleData>
	</SchemaData></ExtendedData>
      <MultiGeometry><Polygon><outerBoundaryIs><LinearRing><coordinates>85.7577876390001,21.214555923,0 85.7576103860001,21.21458211,0 85.7575266410001,21.2145376340001,0 85.75749912,21.2144244670001,0 85.7574430880001,21.214412307,0 85.7574620330001,21.214526404,0 85.757386491,21.2145753830001,0 85.757347081,21.214446798,0 85.7572370450001,21.214495555,0 85.7574194310001,21.21477334,0 85.757576885,21.2146726070001,0 85.7578146340001,21.2146733220001,0 85.7579466560001,21.214596896,0 85.757882722,21.214559969,0 85.7577876390001,21.214555923,0</coordinates></LinearRing></outerBoundaryIs></Polygon></MultiGeometry>
  </Placemark>
  <Placemark>
	<name>Placemark</name>
	<Style><LineStyle><color>ff0000ff</color></LineStyle><PolyStyle><fill>0</fill></PolyStyle></Style>
	<ExtendedData><SchemaData schemaUrl="#merged">
		<SimpleData name="OID_">0</SimpleData>
		<SimpleData name="FolderPath">Document/shrishti_land_parcelsv1_new__polygons</SimpleData>
		<SimpleData name="SymbolID">0</SimpleData>
		<SimpleData name="AltMode">0</SimpleData>
		<SimpleData name="Base">0.00000000000</SimpleData>
		<SimpleData name="Clamped">-1</SimpleData>
		<SimpleData name="Extruded">0</SimpleData>
		<SimpleData name="PopupInfo">&lt;html xmlns:fo=&quot;http://www.w3.org/1999/XSL/Format&quot; xmlns:msxsl=&quot;urn:schemas-microsoft-com:xslt&quot;&gt;
&lt;head&gt;
&lt;META http-equiv=&quot;Content-Type&quot; content=&quot;text/html&quot;&gt;
&lt;meta http-equiv=&quot;content-type&quot; content=&quot;text/html; charset=UTF-8&quot;&gt;
&lt;/head&gt;
&lt;body style=&quot;margin:0</SimpleData>
		<SimpleData name="Shape_Leng">0.00190522664</SimpleData>
		<SimpleData name="Shape_Area">0.00000021020</SimpleData>
		<SimpleData name="Plantation">Existing</SimpleData>
		<SimpleData name="layer">Harichandanpur_existing</SimpleData>
		<SimpleData name="path">D:\Project\Shristi\4th_round\Harichandanpur_existing.shp</SimpleData>
	</SchemaData></ExtendedData>
      <MultiGeometry><Polygon><outerBoundaryIs><LinearRing><coordinates>85.7572910960001,21.21486666,0 85.7572747440001,21.2147649090001,0 85.7573643600001,21.2147390980001,0 85.7572358310001,21.2145683250001,0 85.7571403260001,21.2146225660001,0 85.757017831,21.2146559280001,0 85.7569666620001,21.214672218,0 85.7568847570001,21.214746158,0 85.75686102,21.214836205,0 85.7569157940001,21.214907882,0 85.7568535840001,21.2149674390001,0 85.75688768,21.215019838,0 85.7569916,21.2151652000001,0 85.757279855,21.215149889,0 85.7573122210001,21.215107124,0 85.7572910960001,21.21486666,0</coordinates></LinearRing></outerBoundaryIs></Polygon></MultiGeometry>
  </Placemark>
  <Placemark>
	<name>Placemark</name>
	<Style><LineStyle><color>ff0000ff</color></LineStyle><PolyStyle><fill>0</fill></PolyStyle></Style>
	<ExtendedData><SchemaData schemaUrl="#merged">
		<SimpleData name="OID_">0</SimpleData>
		<SimpleData name="FolderPath">Document/shrishti_land_parcelsv1_new__polygons</SimpleData>
		<SimpleData name="SymbolID">0</SimpleData>
		<SimpleData name="AltMode">0</SimpleData>
		<SimpleData name="Base">0.00000000000</SimpleData>
		<SimpleData name="Clamped">-1</SimpleData>
		<SimpleData name="Extruded">0</SimpleData>
		<SimpleData name="PopupInfo">&lt;html xmlns:fo=&quot;http://www.w3.org/1999/XSL/Format&quot; xmlns:msxsl=&quot;urn:schemas-microsoft-com:xslt&quot;&gt;
&lt;head&gt;
&lt;META http-equiv=&quot;Content-Type&quot; content=&quot;text/html&quot;&gt;
&lt;meta http-equiv=&quot;content-type&quot; content=&quot;text/html; charset=UTF-8&quot;&gt;
&lt;/head&gt;
&lt;body style=&quot;margin:0</SimpleData>
		<SimpleData name="Shape_Leng">0.00131859904</SimpleData>
		<SimpleData name="Shape_Area">0.00000009280</SimpleData>
		<SimpleData name="Plantation">Existing</SimpleData>
		<SimpleData name="layer">Harichandanpur_existing</SimpleData>
		<SimpleData name="path">D:\Project\Shristi\4th_round\Harichandanpur_existing.shp</SimpleData>
	</SchemaData></ExtendedData>
      <MultiGeometry><Polygon><outerBoundaryIs><LinearRing><coordinates>85.7567217340001,21.214919566,0 85.7567263390001,21.2148038440001,0 85.7568838030001,21.2147272230001,0 85.7569049080001,21.214621112,0 85.756788548,21.214598772,0 85.7566263750001,21.214637791,0 85.7565530000001,21.2147028000001,0 85.7564676760001,21.214917181,0 85.7565484260001,21.214998845,0 85.7567217340001,21.214919566,0</coordinates></LinearRing></outerBoundaryIs></Polygon></MultiGeometry>
  </Placemark>
  <Placemark>
	<name>Placemark</name>
	<Style><LineStyle><color>ff0000ff</color></LineStyle><PolyStyle><fill>0</fill></PolyStyle></Style>
	<ExtendedData><SchemaData schemaUrl="#merged">
		<SimpleData name="OID_">0</SimpleData>
		<SimpleData name="FolderPath">Document/shrishti_land_parcelsv1_new__polygons</SimpleData>
		<SimpleData name="SymbolID">0</SimpleData>
		<SimpleData name="AltMode">0</SimpleData>
		<SimpleData name="Base">0.00000000000</SimpleData>
		<SimpleData name="Clamped">-1</SimpleData>
		<SimpleData name="Extruded">0</SimpleData>
		<SimpleData name="PopupInfo">&lt;html xmlns:fo=&quot;http://www.w3.org/1999/XSL/Format&quot; xmlns:msxsl=&quot;urn:schemas-microsoft-com:xslt&quot;&gt;
&lt;head&gt;
&lt;META http-equiv=&quot;Content-Type&quot; content=&quot;text/html&quot;&gt;
&lt;meta http-equiv=&quot;content-type&quot; content=&quot;text/html; charset=UTF-8&quot;&gt;
&lt;/head&gt;
&lt;body style=&quot;margin:0</SimpleData>
		<SimpleData name="Shape_Leng">0.00141015137</SimpleData>
		<SimpleData name="Shape_Area">0.00000008982</SimpleData>
		<SimpleData name="Plantation">Existing</SimpleData>
		<SimpleData name="layer">Harichandanpur_existing</SimpleData>
		<SimpleData name="path">D:\Project\Shristi\4th_round\Harichandanpur_existing.shp</SimpleData>
	</SchemaData></ExtendedData>
      <MultiGeometry><Polygon><outerBoundaryIs><LinearRing><coordinates>85.755973575,21.2145346940001,0 85.756037,21.2145506000001,0 85.7560848080001,21.2146336920001,0 85.756127167,21.2146228550001,0 85.756099906,21.2145442460001,0 85.7561449180001,21.2144792720001,0 85.7561797540001,21.2145096400001,0 85.7562199130001,21.2144463010001,0 85.7562828870001,21.2143500070001,0 85.7562006190001,21.214252473,0 85.7560648560001,21.2142847580001,0 85.755934385,21.214281817,0 85.7558225880001,21.214278736,0 85.755973575,21.2145346940001,0</coordinates></LinearRing></outerBoundaryIs></Polygon></MultiGeometry>
  </Placemark>
  <Placemark>
	<name>Placemark</name>
	<Style><LineStyle><color>ff0000ff</color></LineStyle><PolyStyle><fill>0</fill></PolyStyle></Style>
	<ExtendedData><SchemaData schemaUrl="#merged">
		<SimpleData name="OID_">0</SimpleData>
		<SimpleData name="FolderPath">Document/shrishti_land_parcelsv1_new__polygons</SimpleData>
		<SimpleData name="SymbolID">0</SimpleData>
		<SimpleData name="AltMode">0</SimpleData>
		<SimpleData name="Base">0.00000000000</SimpleData>
		<SimpleData name="Clamped">-1</SimpleData>
		<SimpleData name="Extruded">0</SimpleData>
		<SimpleData name="PopupInfo">&lt;html xmlns:fo=&quot;http://www.w3.org/1999/XSL/Format&quot; xmlns:msxsl=&quot;urn:schemas-microsoft-com:xslt&quot;&gt;
&lt;head&gt;
&lt;META http-equiv=&quot;Content-Type&quot; content=&quot;text/html&quot;&gt;
&lt;meta http-equiv=&quot;content-type&quot; content=&quot;text/html; charset=UTF-8&quot;&gt;
&lt;/head&gt;
&lt;body style=&quot;margin:0</SimpleData>
		<SimpleData name="Shape_Leng">0.00120476997</SimpleData>
		<SimpleData name="Shape_Area">0.00000006660</SimpleData>
		<SimpleData name="Plantation">Existing</SimpleData>
		<SimpleData name="layer">Harichandanpur_existing</SimpleData>
		<SimpleData name="path">D:\Project\Shristi\4th_round\Harichandanpur_existing.shp</SimpleData>
	</SchemaData></ExtendedData>
      <MultiGeometry><Polygon><outerBoundaryIs><LinearRing><coordinates>85.755120789,21.215068188,0 85.7552188000001,21.2149826,0 85.755232865,21.2147887360001,0 85.7551441510001,21.214736611,0 85.7548492760001,21.2149522820001,0 85.754926944,21.2150364390001,0 85.7550578930001,21.21494534,0 85.755120789,21.215068188,0</coordinates></LinearRing></outerBoundaryIs></Polygon></MultiGeometry>
  </Placemark>
  <Placemark>
	<name>Placemark</name>
	<Style><LineStyle><color>ff0000ff</color></LineStyle><PolyStyle><fill>0</fill></PolyStyle></Style>
	<ExtendedData><SchemaData schemaUrl="#merged">
		<SimpleData name="OID_">0</SimpleData>
		<SimpleData name="FolderPath">Document/shrishti_land_parcelsv1_new__polygons</SimpleData>
		<SimpleData name="SymbolID">0</SimpleData>
		<SimpleData name="AltMode">0</SimpleData>
		<SimpleData name="Base">0.00000000000</SimpleData>
		<SimpleData name="Clamped">-1</SimpleData>
		<SimpleData name="Extruded">0</SimpleData>
		<SimpleData name="PopupInfo">&lt;html xmlns:fo=&quot;http://www.w3.org/1999/XSL/Format&quot; xmlns:msxsl=&quot;urn:schemas-microsoft-com:xslt&quot;&gt;
&lt;head&gt;
&lt;META http-equiv=&quot;Content-Type&quot; content=&quot;text/html&quot;&gt;
&lt;meta http-equiv=&quot;content-type&quot; content=&quot;text/html; charset=UTF-8&quot;&gt;
&lt;/head&gt;
&lt;body style=&quot;margin:0</SimpleData>
		<SimpleData name="Shape_Leng">0.00113610467</SimpleData>
		<SimpleData name="Shape_Area">0.00000007830</SimpleData>
		<SimpleData name="Plantation">Existing</SimpleData>
		<SimpleData name="layer">Harichandanpur_existing</SimpleData>
		<SimpleData name="path">D:\Project\Shristi\4th_round\Harichandanpur_existing.shp</SimpleData>
	</SchemaData></ExtendedData>
      <MultiGeometry><Polygon><outerBoundaryIs><LinearRing><coordinates>85.755397132,21.2151053220001,0 85.7553769880001,21.2151568850001,0 85.7553072700001,21.215308054,0 85.7552442530001,21.21533627,0 85.755324962,21.2153983110001,0 85.755478011,21.21550496,0 85.75559056,21.215339305,0 85.7555730430001,21.2151715740001,0 85.755397132,21.2151053220001,0</coordinates></LinearRing></outerBoundaryIs></Polygon></MultiGeometry>
  </Placemark>
  <Placemark>
	<name>Placemark</name>
	<Style><LineStyle><color>ff0000ff</color></LineStyle><PolyStyle><fill>0</fill></PolyStyle></Style>
	<ExtendedData><SchemaData schemaUrl="#merged">
		<SimpleData name="OID_">0</SimpleData>
		<SimpleData name="FolderPath">Document/shrishti_land_parcelsv1_new__polygons</SimpleData>
		<SimpleData name="SymbolID">0</SimpleData>
		<SimpleData name="AltMode">0</SimpleData>
		<SimpleData name="Base">0.00000000000</SimpleData>
		<SimpleData name="Clamped">-1</SimpleData>
		<SimpleData name="Extruded">0</SimpleData>
		<SimpleData name="PopupInfo">&lt;html xmlns:fo=&quot;http://www.w3.org/1999/XSL/Format&quot; xmlns:msxsl=&quot;urn:schemas-microsoft-com:xslt&quot;&gt;
&lt;head&gt;
&lt;META http-equiv=&quot;Content-Type&quot; content=&quot;text/html&quot;&gt;
&lt;meta http-equiv=&quot;content-type&quot; content=&quot;text/html; charset=UTF-8&quot;&gt;
&lt;/head&gt;
&lt;body style=&quot;margin:0</SimpleData>
		<SimpleData name="Shape_Leng">0.00267201561</SimpleData>
		<SimpleData name="Shape_Area">0.00000029532</SimpleData>
		<SimpleData name="Plantation">Existing</SimpleData>
		<SimpleData name="layer">Harichandanpur_existing</SimpleData>
		<SimpleData name="path">D:\Project\Shristi\4th_round\Harichandanpur_existing.shp</SimpleData>
	</SchemaData></ExtendedData>
      <MultiGeometry><Polygon><outerBoundaryIs><LinearRing><coordinates>85.7552310340001,21.2153359010001,0 85.7553135090001,21.215272004,0 85.7552722780001,21.2151885530001,0 85.7551610070001,21.215183343,0 85.7551117680001,21.215320875,0 85.7549482480001,21.2153187270001,0 85.7549128160001,21.215232298,0 85.754800903,21.2152288680001,0 85.75462543,21.215293699,0 85.7546134,21.2154156,0 85.7546716250001,21.2155094780001,0 85.7548134940001,21.2155424000001,0 85.754930931,21.215601312,0 85.7550125560001,21.215680783,0 85.7550803280001,21.215687342,0 85.755165999,21.215760505,0 85.7552778840001,21.215706799,0 85.7554758740001,21.2157423400001,0 85.7554787000001,21.2155193,0 85.7552310340001,21.2153359010001,0</coordinates></LinearRing></outerBoundaryIs></Polygon></MultiGeometry>
  </Placemark>
  <Placemark>
	<name>Placemark</name>
	<Style><LineStyle><color>ff0000ff</color></LineStyle><PolyStyle><fill>0</fill></PolyStyle></Style>
	<ExtendedData><SchemaData schemaUrl="#merged">
		<SimpleData name="OID_">0</SimpleData>
		<SimpleData name="FolderPath">Document/shrishti_land_parcelsv1_new__polygons</SimpleData>
		<SimpleData name="SymbolID">0</SimpleData>
		<SimpleData name="AltMode">0</SimpleData>
		<SimpleData name="Base">0.00000000000</SimpleData>
		<SimpleData name="Clamped">-1</SimpleData>
		<SimpleData name="Extruded">0</SimpleData>
		<SimpleData name="PopupInfo">&lt;html xmlns:fo=&quot;http://www.w3.org/1999/XSL/Format&quot; xmlns:msxsl=&quot;urn:schemas-microsoft-com:xslt&quot;&gt;
&lt;head&gt;
&lt;META http-equiv=&quot;Content-Type&quot; content=&quot;text/html&quot;&gt;
&lt;meta http-equiv=&quot;content-type&quot; content=&quot;text/html; charset=UTF-8&quot;&gt;
&lt;/head&gt;
&lt;body style=&quot;margin:0</SimpleData>
		<SimpleData name="Shape_Leng">0.00194546101</SimpleData>
		<SimpleData name="Shape_Area">0.00000019292</SimpleData>
		<SimpleData name="Plantation">Existing</SimpleData>
		<SimpleData name="layer">Harichandanpur_existing</SimpleData>
		<SimpleData name="path">D:\Project\Shristi\4th_round\Harichandanpur_existing.shp</SimpleData>
	</SchemaData></ExtendedData>
      <MultiGeometry><Polygon><outerBoundaryIs><LinearRing><coordinates>85.75645109,21.2156095510001,0 85.7564984000001,21.2158215000001,0 85.756468854,21.216073276,0 85.7570888770001,21.2159987630001,0 85.7568693710001,21.215704682,0 85.7566923470001,21.2156820500001,0 85.7566432,21.2155826470001,0 85.75645109,21.2156095510001,0</coordinates></LinearRing></outerBoundaryIs></Polygon></MultiGeometry>
  </Placemark>
  <Placemark>
	<name>Placemark</name>
	<Style><LineStyle><color>ff0000ff</color></LineStyle><PolyStyle><fill>0</fill></PolyStyle></Style>
	<ExtendedData><SchemaData schemaUrl="#merged">
		<SimpleData name="OID_">0</SimpleData>
		<SimpleData name="FolderPath">Document/shrishti_land_parcelsv1_new__polygons</SimpleData>
		<SimpleData name="SymbolID">0</SimpleData>
		<SimpleData name="AltMode">0</SimpleData>
		<SimpleData name="Base">0.00000000000</SimpleData>
		<SimpleData name="Clamped">-1</SimpleData>
		<SimpleData name="Extruded">0</SimpleData>
		<SimpleData name="PopupInfo">&lt;html xmlns:fo=&quot;http://www.w3.org/1999/XSL/Format&quot; xmlns:msxsl=&quot;urn:schemas-microsoft-com:xslt&quot;&gt;
&lt;head&gt;
&lt;META http-equiv=&quot;Content-Type&quot; content=&quot;text/html&quot;&gt;
&lt;meta http-equiv=&quot;content-type&quot; content=&quot;text/html; charset=UTF-8&quot;&gt;
&lt;/head&gt;
&lt;body style=&quot;margin:0</SimpleData>
		<SimpleData name="Shape_Leng">0.00213607474</SimpleData>
		<SimpleData name="Shape_Area">0.00000025284</SimpleData>
		<SimpleData name="Plantation">Existing</SimpleData>
		<SimpleData name="layer">Harichandanpur_existing</SimpleData>
		<SimpleData name="path">D:\Project\Shristi\4th_round\Harichandanpur_existing.shp</SimpleData>
	</SchemaData></ExtendedData>
      <MultiGeometry><Polygon><outerBoundaryIs><LinearRing><coordinates>85.756877069,21.2156981370001,0 85.7570999000001,21.2159869000001,0 85.757548408,21.2160429370001,0 85.7575693630001,21.215864191,0 85.757488139,21.2157846740001,0 85.757522233,21.215721269,0 85.7572470270001,21.2155714260001,0 85.757122334,21.2155126110001,0 85.7571048080001,21.215534421,0 85.7570322720001,21.2155453280001,0 85.7569807960001,21.2155139970001,0 85.756916382,21.2154637680001,0 85.7568609750001,21.215524192,0 85.756853289,21.21560233,0 85.756877069,21.2156981370001,0</coordinates></LinearRing></outerBoundaryIs></Polygon></MultiGeometry>
  </Placemark>
  <Placemark>
	<name>Placemark</name>
	<Style><LineStyle><color>ff0000ff</color></LineStyle><PolyStyle><fill>0</fill></PolyStyle></Style>
	<ExtendedData><SchemaData schemaUrl="#merged">
		<SimpleData name="OID_">0</SimpleData>
		<SimpleData name="FolderPath">Document/shrishti_land_parcelsv1_new__polygons</SimpleData>
		<SimpleData name="SymbolID">0</SimpleData>
		<SimpleData name="AltMode">0</SimpleData>
		<SimpleData name="Base">0.00000000000</SimpleData>
		<SimpleData name="Clamped">-1</SimpleData>
		<SimpleData name="Extruded">0</SimpleData>
		<SimpleData name="PopupInfo">&lt;html xmlns:fo=&quot;http://www.w3.org/1999/XSL/Format&quot; xmlns:msxsl=&quot;urn:schemas-microsoft-com:xslt&quot;&gt;
&lt;head&gt;
&lt;META http-equiv=&quot;Content-Type&quot; content=&quot;text/html&quot;&gt;
&lt;meta http-equiv=&quot;content-type&quot; content=&quot;text/html; charset=UTF-8&quot;&gt;
&lt;/head&gt;
&lt;body style=&quot;margin:0</SimpleData>
		<SimpleData name="Shape_Leng">0.00343690312</SimpleData>
		<SimpleData name="Shape_Area">0.00000036182</SimpleData>
		<SimpleData name="Plantation">Existing</SimpleData>
		<SimpleData name="layer">Harichandanpur_existing</SimpleData>
		<SimpleData name="path">D:\Project\Shristi\4th_round\Harichandanpur_existing.shp</SimpleData>
	</SchemaData></ExtendedData>
      <MultiGeometry><Polygon><outerBoundaryIs><LinearRing><coordinates>85.7570959330001,21.2155027420001,0 85.7575301370001,21.215709179,0 85.757506839,21.2157913070001,0 85.757802272,21.216086908,0 85.757980633,21.2161748030001,0 85.7580816220001,21.21606882,0 85.7581561590001,21.2159627790001,0 85.758080363,21.215925198,0 85.758096741,21.2158794160001,0 85.758203763,21.2158757240001,0 85.7582189730001,21.215800648,0 85.7572714250001,21.2153661520001,0 85.7571294410001,21.2153035470001,0 85.7569689590001,21.21543861,0 85.7570100030001,21.215487888,0 85.757091502,21.215419598,0 85.7570959330001,21.2155027420001,0</coordinates></LinearRing></outerBoundaryIs></Polygon></MultiGeometry>
  </Placemark>
  <Placemark>
	<name>Placemark</name>
	<Style><LineStyle><color>ff0000ff</color></LineStyle><PolyStyle><fill>0</fill></PolyStyle></Style>
	<ExtendedData><SchemaData schemaUrl="#merged">
		<SimpleData name="OID_">0</SimpleData>
		<SimpleData name="FolderPath">Document/shrishti_land_parcelsv1_new__polygons</SimpleData>
		<SimpleData name="SymbolID">0</SimpleData>
		<SimpleData name="AltMode">0</SimpleData>
		<SimpleData name="Base">0.00000000000</SimpleData>
		<SimpleData name="Clamped">-1</SimpleData>
		<SimpleData name="Extruded">0</SimpleData>
		<SimpleData name="PopupInfo">&lt;html xmlns:fo=&quot;http://www.w3.org/1999/XSL/Format&quot; xmlns:msxsl=&quot;urn:schemas-microsoft-com:xslt&quot;&gt;
&lt;head&gt;
&lt;META http-equiv=&quot;Content-Type&quot; content=&quot;text/html&quot;&gt;
&lt;meta http-equiv=&quot;content-type&quot; content=&quot;text/html; charset=UTF-8&quot;&gt;
&lt;/head&gt;
&lt;body style=&quot;margin:0</SimpleData>
		<SimpleData name="Shape_Leng">0.00256375719</SimpleData>
		<SimpleData name="Shape_Area">0.00000025096</SimpleData>
		<SimpleData name="Plantation">Existing</SimpleData>
		<SimpleData name="layer">Harichandanpur_existing</SimpleData>
		<SimpleData name="path">D:\Project\Shristi\4th_round\Harichandanpur_existing.shp</SimpleData>
	</SchemaData></ExtendedData>
      <MultiGeometry><Polygon><outerBoundaryIs><LinearRing><coordinates>85.7578197810001,21.2161195480001,0 85.7577297610001,21.2160357230001,0 85.757579574,21.215876173,0 85.7575792160001,21.2160400600001,0 85.7575430510001,21.216072592,0 85.757368312,21.2160372020001,0 85.757200654,21.2160431180001,0 85.7571506350001,21.2162306380001,0 85.757526522,21.2162464130001,0 85.7577085880001,21.216560353,0 85.7579855000001,21.2164605,0 85.757985874,21.2162182010001,0 85.7578197810001,21.2161195480001,0</coordinates></LinearRing></outerBoundaryIs></Polygon></MultiGeometry>
  </Placemark>
  <Placemark>
	<name>Placemark</name>
	<Style><LineStyle><color>ff0000ff</color></LineStyle><PolyStyle><fill>0</fill></PolyStyle></Style>
	<ExtendedData><SchemaData schemaUrl="#merged">
		<SimpleData name="OID_">0</SimpleData>
		<SimpleData name="FolderPath">Document/shrishti_land_parcelsv1_new__polygons</SimpleData>
		<SimpleData name="SymbolID">0</SimpleData>
		<SimpleData name="AltMode">0</SimpleData>
		<SimpleData name="Base">0.00000000000</SimpleData>
		<SimpleData name="Clamped">-1</SimpleData>
		<SimpleData name="Extruded">0</SimpleData>
		<SimpleData name="PopupInfo">&lt;html xmlns:fo=&quot;http://www.w3.org/1999/XSL/Format&quot; xmlns:msxsl=&quot;urn:schemas-microsoft-com:xslt&quot;&gt;
&lt;head&gt;
&lt;META http-equiv=&quot;Content-Type&quot; content=&quot;text/html&quot;&gt;
&lt;meta http-equiv=&quot;content-type&quot; content=&quot;text/html; charset=UTF-8&quot;&gt;
&lt;/head&gt;
&lt;body style=&quot;margin:0</SimpleData>
		<SimpleData name="Shape_Leng">0.00397857563</SimpleData>
		<SimpleData name="Shape_Area">0.00000041132</SimpleData>
		<SimpleData name="Plantation">Existing</SimpleData>
		<SimpleData name="layer">Harichandanpur_existing</SimpleData>
		<SimpleData name="path">D:\Project\Shristi\4th_round\Harichandanpur_existing.shp</SimpleData>
	</SchemaData></ExtendedData>
      <MultiGeometry><Polygon><outerBoundaryIs><LinearRing><coordinates>85.7954662610001,21.19124049,0 85.795215645,21.1912612470001,0 85.7953074650001,21.1913536100001,0 85.7952904360001,21.1914892070001,0 85.7951987920001,21.1915327950001,0 85.7950766800001,21.191544564,0 85.795006706,21.191460438,0 85.7948774990001,21.191474968,0 85.794883262,21.191609269,0 85.7945510590001,21.1915291180001,0 85.7945151600001,21.191622452,0 85.794499897,21.1917271080001,0 85.7951652310001,21.191988123,0 85.7954054250001,21.1915276890001,0 85.7955993050001,21.1914515350001,0 85.7957741930001,21.1915219040001,0 85.7958768030001,21.1914120430001,0 85.7957905660001,21.1912220140001,0 85.7954662610001,21.19124049,0</coordinates></LinearRing></outerBoundaryIs></Polygon></MultiGeometry>
  </Placemark>
  <Placemark>
	<name>Placemark</name>
	<Style><LineStyle><color>ff0000ff</color></LineStyle><PolyStyle><fill>0</fill></PolyStyle></Style>
	<ExtendedData><SchemaData schemaUrl="#merged">
		<SimpleData name="OID_">0</SimpleData>
		<SimpleData name="FolderPath">Document/shrishti_land_parcelsv1_new__polygons</SimpleData>
		<SimpleData name="SymbolID">0</SimpleData>
		<SimpleData name="AltMode">0</SimpleData>
		<SimpleData name="Base">0.00000000000</SimpleData>
		<SimpleData name="Clamped">-1</SimpleData>
		<SimpleData name="Extruded">0</SimpleData>
		<SimpleData name="PopupInfo">&lt;html xmlns:fo=&quot;http://www.w3.org/1999/XSL/Format&quot; xmlns:msxsl=&quot;urn:schemas-microsoft-com:xslt&quot;&gt;
&lt;head&gt;
&lt;META http-equiv=&quot;Content-Type&quot; content=&quot;text/html&quot;&gt;
&lt;meta http-equiv=&quot;content-type&quot; content=&quot;text/html; charset=UTF-8&quot;&gt;
&lt;/head&gt;
&lt;body style=&quot;margin:0</SimpleData>
		<SimpleData name="Shape_Leng">0.00227547528</SimpleData>
		<SimpleData name="Shape_Area">0.00000021435</SimpleData>
		<SimpleData name="Plantation">Existing</SimpleData>
		<SimpleData name="layer">Harichandanpur_existing</SimpleData>
		<SimpleData name="path">D:\Project\Shristi\4th_round\Harichandanpur_existing.shp</SimpleData>
	</SchemaData></ExtendedData>
      <MultiGeometry><Polygon><outerBoundaryIs><LinearRing><coordinates>85.791347321,21.199525528,0 85.7913509000001,21.1995732,0 85.7914052420001,21.19966083,0 85.7915057420001,21.199701218,0 85.7916104340001,21.1996626540001,0 85.791625041,21.19961813,0 85.791705596,21.1995945670001,0 85.791773757,21.199720918,0 85.7918810210001,21.199615637,0 85.7918922840001,21.1994962360001,0 85.791988207,21.1994736790001,0 85.7920063610001,21.199416259,0 85.7921496640001,21.1993902740001,0 85.792021467,21.1991662670001,0 85.7919605260001,21.199134798,0 85.7914562000001,21.1994791000001,0 85.791347321,21.199525528,0</coordinates></LinearRing></outerBoundaryIs></Polygon></MultiGeometry>
  </Placemark>
  <Placemark>
	<name>Placemark</name>
	<Style><LineStyle><color>ff0000ff</color></LineStyle><PolyStyle><fill>0</fill></PolyStyle></Style>
	<ExtendedData><SchemaData schemaUrl="#merged">
		<SimpleData name="OID_">0</SimpleData>
		<SimpleData name="FolderPath">Document/shrishti_land_parcelsv1_new__polygons</SimpleData>
		<SimpleData name="SymbolID">0</SimpleData>
		<SimpleData name="AltMode">0</SimpleData>
		<SimpleData name="Base">0.00000000000</SimpleData>
		<SimpleData name="Clamped">-1</SimpleData>
		<SimpleData name="Extruded">0</SimpleData>
		<SimpleData name="PopupInfo">&lt;html xmlns:fo=&quot;http://www.w3.org/1999/XSL/Format&quot; xmlns:msxsl=&quot;urn:schemas-microsoft-com:xslt&quot;&gt;
&lt;head&gt;
&lt;META http-equiv=&quot;Content-Type&quot; content=&quot;text/html&quot;&gt;
&lt;meta http-equiv=&quot;content-type&quot; content=&quot;text/html; charset=UTF-8&quot;&gt;
&lt;/head&gt;
&lt;body style=&quot;margin:0</SimpleData>
		<SimpleData name="Shape_Leng">0.00134747906</SimpleData>
		<SimpleData name="Shape_Area">0.00000007428</SimpleData>
		<SimpleData name="Plantation">Existing</SimpleData>
		<SimpleData name="layer">Harichandanpur_existing</SimpleData>
		<SimpleData name="path">D:\Project\Shristi\4th_round\Harichandanpur_existing.shp</SimpleData>
	</SchemaData></ExtendedData>
      <MultiGeometry><Polygon><outerBoundaryIs><LinearRing><coordinates>85.7913858000001,21.2020384,0 85.7912442050001,21.2020574200001,0 85.7912030250001,21.202024705,0 85.7911550460001,21.202099203,0 85.7911104880001,21.2021205390001,0 85.7911345460001,21.2022469080001,0 85.791266496,21.2022325830001,0 85.7913135570001,21.202290078,0 85.7913589,21.202385,0 85.791448298,21.2023153230001,0 85.7914056100001,21.202226282,0 85.7914485850001,21.2021791080001,0 85.7915055350001,21.202094158,0 85.7914741390001,21.202058203,0 85.79142568,21.2021064370001,0 85.7913858000001,21.2020384,0</coordinates></LinearRing></outerBoundaryIs></Polygon></MultiGeometry>
  </Placemark>
  <Placemark>
	<name>Placemark</name>
	<Style><LineStyle><color>ff0000ff</color></LineStyle><PolyStyle><fill>0</fill></PolyStyle></Style>
	<ExtendedData><SchemaData schemaUrl="#merged">
		<SimpleData name="OID_">0</SimpleData>
		<SimpleData name="FolderPath">Document/shrishti_land_parcelsv1_new__polygons</SimpleData>
		<SimpleData name="SymbolID">0</SimpleData>
		<SimpleData name="AltMode">0</SimpleData>
		<SimpleData name="Base">0.00000000000</SimpleData>
		<SimpleData name="Clamped">-1</SimpleData>
		<SimpleData name="Extruded">0</SimpleData>
		<SimpleData name="PopupInfo">&lt;html xmlns:fo=&quot;http://www.w3.org/1999/XSL/Format&quot; xmlns:msxsl=&quot;urn:schemas-microsoft-com:xslt&quot;&gt;
&lt;head&gt;
&lt;META http-equiv=&quot;Content-Type&quot; content=&quot;text/html&quot;&gt;
&lt;meta http-equiv=&quot;content-type&quot; content=&quot;text/html; charset=UTF-8&quot;&gt;
&lt;/head&gt;
&lt;body style=&quot;margin:0</SimpleData>
		<SimpleData name="Shape_Leng">0.00258262330</SimpleData>
		<SimpleData name="Shape_Area">0.00000021138</SimpleData>
		<SimpleData name="Plantation">Existing</SimpleData>
		<SimpleData name="layer">Harichandanpur_existing</SimpleData>
		<SimpleData name="path">D:\Project\Shristi\4th_round\Harichandanpur_existing.shp</SimpleData>
	</SchemaData></ExtendedData>
      <MultiGeometry><Polygon><outerBoundaryIs><LinearRing><coordinates>85.79079411,21.2020227420001,0 85.7908131890001,21.201872936,0 85.7907051930001,21.2018361190001,0 85.7905354810001,21.2022481610001,0 85.7904903470001,21.2023584130001,0 85.7905630050001,21.202452318,0 85.7906831320001,21.20258965,0 85.79084765,21.2026356000001,0 85.790887045,21.202745486,0 85.7909516670001,21.2027842840001,0 85.791089646,21.202695799,0 85.7910824050001,21.202618215,0 85.790980727,21.2025071250001,0 85.7909118810001,21.2024096540001,0 85.7907322,21.202415,0 85.79079411,21.2020227420001,0</coordinates></LinearRing></outerBoundaryIs></Polygon></MultiGeometry>
  </Placemark>
  <Placemark>
	<name>Placemark</name>
	<Style><LineStyle><color>ff0000ff</color></LineStyle><PolyStyle><fill>0</fill></PolyStyle></Style>
	<ExtendedData><SchemaData schemaUrl="#merged">
		<SimpleData name="OID_">0</SimpleData>
		<SimpleData name="FolderPath">Document/shrishti_land_parcelsv1_new__polygons</SimpleData>
		<SimpleData name="SymbolID">0</SimpleData>
		<SimpleData name="AltMode">0</SimpleData>
		<SimpleData name="Base">0.00000000000</SimpleData>
		<SimpleData name="Clamped">-1</SimpleData>
		<SimpleData name="Extruded">0</SimpleData>
		<SimpleData name="PopupInfo">&lt;html xmlns:fo=&quot;http://www.w3.org/1999/XSL/Format&quot; xmlns:msxsl=&quot;urn:schemas-microsoft-com:xslt&quot;&gt;
&lt;head&gt;
&lt;META http-equiv=&quot;Content-Type&quot; content=&quot;text/html&quot;&gt;
&lt;meta http-equiv=&quot;content-type&quot; content=&quot;text/html; charset=UTF-8&quot;&gt;
&lt;/head&gt;
&lt;body style=&quot;margin:0</SimpleData>
		<SimpleData name="Shape_Leng">0.00288324969</SimpleData>
		<SimpleData name="Shape_Area">0.00000026766</SimpleData>
		<SimpleData name="Plantation">Existing</SimpleData>
		<SimpleData name="layer">Harichandanpur_existing</SimpleData>
		<SimpleData name="path">D:\Project\Shristi\4th_round\Harichandanpur_existing.shp</SimpleData>
	</SchemaData></ExtendedData>
      <MultiGeometry><Polygon><outerBoundaryIs><LinearRing><coordinates>85.7882641040001,21.2004839100001,0 85.788363293,21.2003951880001,0 85.788407926,21.2003004040001,0 85.788423718,21.2001761920001,0 85.7884262920001,21.2000977280001,0 85.7883910510001,21.200036219,0 85.78842955,21.200000468,0 85.7884325410001,21.1999465650001,0 85.7884127450001,21.199917161,0 85.788358246,21.1998552480001,0 85.7884241030001,21.199811642,0 85.788448057,21.199768249,0 85.7884864440001,21.199652014,0 85.788525436,21.199503705,0 85.788489697,21.1994460650001,0 85.7884788210001,21.1992919,0 85.7881876000001,21.1992990000001,0 85.7882211,21.2003311,0 85.788261278,21.2003834060001,0 85.7882233720001,21.200450561,0 85.7882641040001,21.2004839100001,0</coordinates></LinearRing></outerBoundaryIs></Polygon></MultiGeometry>
  </Placemark>
  <Placemark>
	<name>Placemark</name>
	<Style><LineStyle><color>ff0000ff</color></LineStyle><PolyStyle><fill>0</fill></PolyStyle></Style>
	<ExtendedData><SchemaData schemaUrl="#merged">
		<SimpleData name="OID_">0</SimpleData>
		<SimpleData name="FolderPath">Document/shrishti_land_parcelsv1_new__polygons</SimpleData>
		<SimpleData name="SymbolID">0</SimpleData>
		<SimpleData name="AltMode">0</SimpleData>
		<SimpleData name="Base">0.00000000000</SimpleData>
		<SimpleData name="Clamped">-1</SimpleData>
		<SimpleData name="Extruded">0</SimpleData>
		<SimpleData name="PopupInfo">&lt;html xmlns:fo=&quot;http://www.w3.org/1999/XSL/Format&quot; xmlns:msxsl=&quot;urn:schemas-microsoft-com:xslt&quot;&gt;
&lt;head&gt;
&lt;META http-equiv=&quot;Content-Type&quot; content=&quot;text/html&quot;&gt;
&lt;meta http-equiv=&quot;content-type&quot; content=&quot;text/html; charset=UTF-8&quot;&gt;
&lt;/head&gt;
&lt;body style=&quot;margin:0</SimpleData>
		<SimpleData name="Shape_Leng">0.00230189400</SimpleData>
		<SimpleData name="Shape_Area">0.00000018140</SimpleData>
		<SimpleData name="Plantation">Existing</SimpleData>
		<SimpleData name="layer">Harichandanpur_existing</SimpleData>
		<SimpleData name="path">D:\Project\Shristi\4th_round\Harichandanpur_existing.shp</SimpleData>
	</SchemaData></ExtendedData>
      <MultiGeometry><Polygon><outerBoundaryIs><LinearRing><coordinates>85.7870987040001,21.196602125,0 85.7871099960001,21.196724778,0 85.78725583,21.1967266720001,0 85.787366186,21.196671575,0 85.7873049450001,21.1965646560001,0 85.7872839400001,21.196368512,0 85.787314198,21.196304293,0 85.7872701860001,21.196215576,0 85.7873321370001,21.196177635,0 85.7872375970001,21.1960823410001,0 85.787306173,21.195963493,0 85.7871299450001,21.195902559,0 85.7870117000001,21.1960550000001,0 85.7869860000001,21.1961872000001,0 85.7870784030001,21.196157881,0 85.7870543000001,21.1963897000001,0 85.787109812,21.1964664280001,0 85.7870987040001,21.196602125,0</coordinates></LinearRing></outerBoundaryIs></Polygon></MultiGeometry>
  </Placemark>
  <Placemark>
	<name>Placemark</name>
	<Style><LineStyle><color>ff0000ff</color></LineStyle><PolyStyle><fill>0</fill></PolyStyle></Style>
	<ExtendedData><SchemaData schemaUrl="#merged">
		<SimpleData name="OID_">0</SimpleData>
		<SimpleData name="FolderPath">Document/shrishti_land_parcelsv1_new__polygons</SimpleData>
		<SimpleData name="SymbolID">0</SimpleData>
		<SimpleData name="AltMode">0</SimpleData>
		<SimpleData name="Base">0.00000000000</SimpleData>
		<SimpleData name="Clamped">-1</SimpleData>
		<SimpleData name="Extruded">0</SimpleData>
		<SimpleData name="PopupInfo">&lt;html xmlns:fo=&quot;http://www.w3.org/1999/XSL/Format&quot; xmlns:msxsl=&quot;urn:schemas-microsoft-com:xslt&quot;&gt;
&lt;head&gt;
&lt;META http-equiv=&quot;Content-Type&quot; content=&quot;text/html&quot;&gt;
&lt;meta http-equiv=&quot;content-type&quot; content=&quot;text/html; charset=UTF-8&quot;&gt;
&lt;/head&gt;
&lt;body style=&quot;margin:0</SimpleData>
		<SimpleData name="Shape_Leng">0.00303554678</SimpleData>
		<SimpleData name="Shape_Area">0.00000051083</SimpleData>
		<SimpleData name="Plantation">Existing</SimpleData>
		<SimpleData name="layer">Harichandanpur_existing</SimpleData>
		<SimpleData name="path">D:\Project\Shristi\4th_round\Harichandanpur_existing.shp</SimpleData>
	</SchemaData></ExtendedData>
      <MultiGeometry><Polygon><outerBoundaryIs><LinearRing><coordinates>85.789401409,21.1944478950001,0 85.78889265,21.1945840700001,0 85.7886756220001,21.1946238470001,0 85.7889358470001,21.1953767360001,0 85.7891627980001,21.195306084,0 85.7895248770001,21.195182829,0 85.789367165,21.1947795400001,0 85.7895142290001,21.1946877880001,0 85.789401409,21.1944478950001,0</coordinates></LinearRing></outerBoundaryIs></Polygon></MultiGeometry>
  </Placemark>
  <Placemark>
	<name>Placemark</name>
	<Style><LineStyle><color>ff0000ff</color></LineStyle><PolyStyle><fill>0</fill></PolyStyle></Style>
	<ExtendedData><SchemaData schemaUrl="#merged">
		<SimpleData name="OID_">0</SimpleData>
		<SimpleData name="FolderPath">Document/shrishti_land_parcelsv1_new__polygons</SimpleData>
		<SimpleData name="SymbolID">0</SimpleData>
		<SimpleData name="AltMode">0</SimpleData>
		<SimpleData name="Base">0.00000000000</SimpleData>
		<SimpleData name="Clamped">-1</SimpleData>
		<SimpleData name="Extruded">0</SimpleData>
		<SimpleData name="PopupInfo">&lt;html xmlns:fo=&quot;http://www.w3.org/1999/XSL/Format&quot; xmlns:msxsl=&quot;urn:schemas-microsoft-com:xslt&quot;&gt;
&lt;head&gt;
&lt;META http-equiv=&quot;Content-Type&quot; content=&quot;text/html&quot;&gt;
&lt;meta http-equiv=&quot;content-type&quot; content=&quot;text/html; charset=UTF-8&quot;&gt;
&lt;/head&gt;
&lt;body style=&quot;margin:0</SimpleData>
		<SimpleData name="Shape_Leng">0.00264177033</SimpleData>
		<SimpleData name="Shape_Area">0.00000018366</SimpleData>
		<SimpleData name="Plantation">Existing</SimpleData>
		<SimpleData name="layer">Harichandanpur_existing</SimpleData>
		<SimpleData name="path">D:\Project\Shristi\4th_round\Harichandanpur_existing.shp</SimpleData>
	</SchemaData></ExtendedData>
      <MultiGeometry><Polygon><outerBoundaryIs><LinearRing><coordinates>85.7880022290001,21.1959520230001,0 85.788101269,21.1960608150001,0 85.7880496280001,21.196130914,0 85.7881400900001,21.1961732230001,0 85.7882105100001,21.1960628140001,0 85.788267278,21.1960124940001,0 85.7883166070001,21.1960493170001,0 85.788348646,21.1960288610001,0 85.7882831480001,21.1959616620001,0 85.7883415200001,21.1957374850001,0 85.7881601600001,21.195666417,0 85.7881567410001,21.1955728410001,0 85.788010742,21.1955850310001,0 85.7879993930001,21.1956718760001,0 85.787928912,21.1956894210001,0 85.7878921880001,21.1956325360001,0 85.78789828,21.19551338,0 85.7878078160001,21.195468948,0 85.7877859000001,21.1957582000001,0 85.7878287560001,21.195878717,0 85.7878688580001,21.1958547030001,0 85.7878972720001,21.1957658470001,0 85.787981265,21.1958172600001,0 85.7880022290001,21.1959520230001,0</coordinates></LinearRing></outerBoundaryIs></Polygon></MultiGeometry>
  </Placemark>
  <Placemark>
	<name>Placemark</name>
	<Style><LineStyle><color>ff0000ff</color></LineStyle><PolyStyle><fill>0</fill></PolyStyle></Style>
	<ExtendedData><SchemaData schemaUrl="#merged">
		<SimpleData name="OID_">0</SimpleData>
		<SimpleData name="FolderPath">Document/shrishti_land_parcelsv1_new__polygons</SimpleData>
		<SimpleData name="SymbolID">0</SimpleData>
		<SimpleData name="AltMode">0</SimpleData>
		<SimpleData name="Base">0.00000000000</SimpleData>
		<SimpleData name="Clamped">-1</SimpleData>
		<SimpleData name="Extruded">0</SimpleData>
		<SimpleData name="PopupInfo">&lt;html xmlns:fo=&quot;http://www.w3.org/1999/XSL/Format&quot; xmlns:msxsl=&quot;urn:schemas-microsoft-com:xslt&quot;&gt;
&lt;head&gt;
&lt;META http-equiv=&quot;Content-Type&quot; content=&quot;text/html&quot;&gt;
&lt;meta http-equiv=&quot;content-type&quot; content=&quot;text/html; charset=UTF-8&quot;&gt;
&lt;/head&gt;
&lt;body style=&quot;margin:0</SimpleData>
		<SimpleData name="Shape_Leng">0.01082673419</SimpleData>
		<SimpleData name="Shape_Area">0.00000188813</SimpleData>
		<SimpleData name="Plantation">Existing</SimpleData>
		<SimpleData name="layer">Harichandanpur_existing</SimpleData>
		<SimpleData name="path">D:\Project\Shristi\4th_round\Harichandanpur_existing.shp</SimpleData>
	</SchemaData></ExtendedData>
      <MultiGeometry><Polygon><outerBoundaryIs><LinearRing><coordinates>85.7883544740001,21.196034189,0 85.7883132150001,21.1960562190001,0 85.7883034010001,21.1962049800001,0 85.7884622510001,21.196208417,0 85.788570194,21.1962254040001,0 85.788669789,21.196284454,0 85.7888033240001,21.196261264,0 85.78876576,21.196149463,0 85.7888887190001,21.1961265690001,0 85.788931662,21.1962219320001,0 85.789301772,21.196221436,0 85.7895302380001,21.1961672520001,0 85.789892159,21.196095375,0 85.7901232620001,21.196065278,0 85.790486522,21.196036239,0 85.7902052220001,21.195314723,0 85.790618254,21.195174606,0 85.7903653060001,21.1945719780001,0 85.7902535470001,21.1945961920001,0 85.7902336650001,21.194527221,0 85.7901247790001,21.1943396570001,0 85.7900377180001,21.1942534470001,0 85.789988797,21.1941480300001,0 85.78992916,21.194093636,0 85.789891099,21.1941133600001,0 85.7898692100001,21.194152907,0 85.7898093200001,21.1941829200001,0 85.789689895,21.1941834470001,0 85.7895928140001,21.1942405400001,0 85.7895284360001,21.1941356200001,0 85.7895510230001,21.1940466040001,0 85.7894492570001,21.194038189,0 85.789373514,21.19411344,0 85.7894223050001,21.1942747840001,0 85.7894956170001,21.1945694290001,0 85.789699463,21.194709115,0 85.789761221,21.1948091350001,0 85.789855146,21.194876821,0 85.7899675930001,21.1949346600001,0 85.789998359,21.1950118780001,0 85.7899251360001,21.195085658,0 85.789840745,21.1950509760001,0 85.7898387770001,21.194986477,0 85.7896927990001,21.194971035,0 85.7896935150001,21.1948794780001,0 85.7895988490001,21.194799792,0 85.789514163,21.1947044630001,0 85.7893913720001,21.194790644,0 85.7895583320001,21.195191767,0 85.789619981,21.1951821390001,0 85.78977052,21.195613291,0 85.789685961,21.195649405,0 85.78937626,21.195733497,0 85.7893015980001,21.195765652,0 85.7893156200001,21.195806874,0 85.789333221,21.1958669480001,0 85.7892783520001,21.195883076,0 85.7892163010001,21.1958707520001,0 85.789202129,21.1957912980001,0 85.788992985,21.195863445,0 85.788958978,21.1959675960001,0 85.78883849,21.1959497610001,0 85.7887446020001,21.1959800500001,0 85.788593802,21.1959882890001,0 85.7885294210001,21.196005013,0 85.7884855020001,21.1959719050001,0 85.7884687800001,21.195968597,0 85.7884312950001,21.195998834,0 85.7883910260001,21.19603296,0 85.7883544740001,21.196034189,0</coordinates></LinearRing></outerBoundaryIs></Polygon></MultiGeometry>
  </Placemark>
  <Placemark>
	<name>Placemark</name>
	<Style><LineStyle><color>ff0000ff</color></LineStyle><PolyStyle><fill>0</fill></PolyStyle></Style>
	<ExtendedData><SchemaData schemaUrl="#merged">
		<SimpleData name="OID_">0</SimpleData>
		<SimpleData name="FolderPath">Document/shrishti_land_parcelsv1_new__polygons</SimpleData>
		<SimpleData name="SymbolID">0</SimpleData>
		<SimpleData name="AltMode">0</SimpleData>
		<SimpleData name="Base">0.00000000000</SimpleData>
		<SimpleData name="Clamped">-1</SimpleData>
		<SimpleData name="Extruded">0</SimpleData>
		<SimpleData name="PopupInfo">&lt;html xmlns:fo=&quot;http://www.w3.org/1999/XSL/Format&quot; xmlns:msxsl=&quot;urn:schemas-microsoft-com:xslt&quot;&gt;
&lt;head&gt;
&lt;META http-equiv=&quot;Content-Type&quot; content=&quot;text/html&quot;&gt;
&lt;meta http-equiv=&quot;content-type&quot; content=&quot;text/html; charset=UTF-8&quot;&gt;
&lt;/head&gt;
&lt;body style=&quot;margin:0</SimpleData>
		<SimpleData name="Shape_Leng">0.00530807655</SimpleData>
		<SimpleData name="Shape_Area">0.00000044078</SimpleData>
		<SimpleData name="Plantation">Existing</SimpleData>
		<SimpleData name="layer">Harichandanpur_existing</SimpleData>
		<SimpleData name="path">D:\Project\Shristi\4th_round\Harichandanpur_existing.shp</SimpleData>
	</SchemaData></ExtendedData>
      <MultiGeometry><Polygon><outerBoundaryIs><LinearRing><coordinates>85.788947787,21.1959455570001,0 85.7889959660001,21.1958260260001,0 85.7891702740001,21.195774951,0 85.7893744690001,21.1957081680001,0 85.789513592,21.195658339,0 85.7894981110001,21.195560932,0 85.789445076,21.195505914,0 85.789473709,21.195460063,0 85.7895325280001,21.1954145870001,0 85.7895712070001,21.1953948620001,0 85.7896153250001,21.195474151,0 85.7895960530001,21.1954875960001,0 85.789601706,21.195547618,0 85.7896577770001,21.195628449,0 85.7897341070001,21.19560926,0 85.7896024250001,21.1952162590001,0 85.7895343070001,21.1951992680001,0 85.7894168130001,21.1952335980001,0 85.7891660610001,21.1953282170001,0 85.7891660240001,21.1953590960001,0 85.789176141,21.195415166,0 85.789120193,21.1954145880001,0 85.7890751480001,21.1954002690001,0 85.7890771950001,21.1953528130001,0 85.7889494820001,21.195403293,0 85.788966418,21.195493674,0 85.7889055570001,21.195524811,0 85.788872004,21.19550001,0 85.7888461040001,21.1954138950001,0 85.7887521070001,21.195452689,0 85.7886434710001,21.195496502,0 85.788647177,21.195592495,0 85.7887819420001,21.195669175,0 85.78871997,21.1957517060001,0 85.7886621660001,21.1958719400001,0 85.788527865,21.195775262,0 85.788554606,21.195647008,0 85.7884955480001,21.1956434410001,0 85.7884491570001,21.195809151,0 85.7883394670001,21.195790753,0 85.788307112,21.1959190170001,0 85.7885182260001,21.1958519240001,0 85.788565125,21.1959203060001,0 85.788613034,21.195963697,0 85.788724329,21.195965576,0 85.7887365330001,21.1958463,0 85.7888303700001,21.1958142670001,0 85.788865468,21.195943512,0 85.788947787,21.1959455570001,0</coordinates></LinearRing></outerBoundaryIs></Polygon></MultiGeometry>
  </Placemark>
  <Placemark>
	<name>Placemark</name>
	<Style><LineStyle><color>ff0000ff</color></LineStyle><PolyStyle><fill>0</fill></PolyStyle></Style>
	<ExtendedData><SchemaData schemaUrl="#merged">
		<SimpleData name="OID_">0</SimpleData>
		<SimpleData name="FolderPath">Document/shrishti_land_parcelsv1_new__polygons</SimpleData>
		<SimpleData name="SymbolID">0</SimpleData>
		<SimpleData name="AltMode">0</SimpleData>
		<SimpleData name="Base">0.00000000000</SimpleData>
		<SimpleData name="Clamped">-1</SimpleData>
		<SimpleData name="Extruded">0</SimpleData>
		<SimpleData name="PopupInfo">&lt;html xmlns:fo=&quot;http://www.w3.org/1999/XSL/Format&quot; xmlns:msxsl=&quot;urn:schemas-microsoft-com:xslt&quot;&gt;
&lt;head&gt;
&lt;META http-equiv=&quot;Content-Type&quot; content=&quot;text/html&quot;&gt;
&lt;meta http-equiv=&quot;content-type&quot; content=&quot;text/html; charset=UTF-8&quot;&gt;
&lt;/head&gt;
&lt;body style=&quot;margin:0</SimpleData>
		<SimpleData name="Shape_Leng">0.00341384688</SimpleData>
		<SimpleData name="Shape_Area">0.00000057510</SimpleData>
		<SimpleData name="Plantation">Existing</SimpleData>
		<SimpleData name="layer">Harichandanpur_existing</SimpleData>
		<SimpleData name="path">D:\Project\Shristi\4th_round\Harichandanpur_existing.shp</SimpleData>
	</SchemaData></ExtendedData>
      <MultiGeometry><Polygon><outerBoundaryIs><LinearRing><coordinates>85.788261339,21.19532682,0 85.7881564670001,21.195388296,0 85.788203498,21.1955523720001,0 85.7882567830001,21.195616049,0 85.7882040680001,21.19568115,0 85.7883216000001,21.1957206000001,0 85.7884524,21.1957854,0 85.7884912000001,21.1956334000001,0 85.7886442000001,21.1956420000001,0 85.788622398,21.195493539,0 85.7888871550001,21.1953661430001,0 85.7886459870001,21.1946261680001,0 85.7883038300001,21.1947239520001,0 85.788120619,21.194765993,0 85.788130703,21.194898983,0 85.7880927160001,21.1949929370001,0 85.788261339,21.19532682,0</coordinates></LinearRing></outerBoundaryIs></Polygon></MultiGeometry>
  </Placemark>
  <Placemark>
	<name>Placemark</name>
	<Style><LineStyle><color>ff0000ff</color></LineStyle><PolyStyle><fill>0</fill></PolyStyle></Style>
	<ExtendedData><SchemaData schemaUrl="#merged">
		<SimpleData name="OID_">0</SimpleData>
		<SimpleData name="FolderPath">Document/shrishti_land_parcelsv1_new__polygons</SimpleData>
		<SimpleData name="SymbolID">0</SimpleData>
		<SimpleData name="AltMode">0</SimpleData>
		<SimpleData name="Base">0.00000000000</SimpleData>
		<SimpleData name="Clamped">-1</SimpleData>
		<SimpleData name="Extruded">0</SimpleData>
		<SimpleData name="PopupInfo">&lt;html xmlns:fo=&quot;http://www.w3.org/1999/XSL/Format&quot; xmlns:msxsl=&quot;urn:schemas-microsoft-com:xslt&quot;&gt;
&lt;head&gt;
&lt;META http-equiv=&quot;Content-Type&quot; content=&quot;text/html&quot;&gt;
&lt;meta http-equiv=&quot;content-type&quot; content=&quot;text/html; charset=UTF-8&quot;&gt;
&lt;/head&gt;
&lt;body style=&quot;margin:0</SimpleData>
		<SimpleData name="Shape_Leng">0.00136310814</SimpleData>
		<SimpleData name="Shape_Area">0.00000009831</SimpleData>
		<SimpleData name="Plantation">Existing</SimpleData>
		<SimpleData name="layer">Harichandanpur_existing</SimpleData>
		<SimpleData name="path">D:\Project\Shristi\4th_round\Harichandanpur_existing.shp</SimpleData>
	</SchemaData></ExtendedData>
      <MultiGeometry><Polygon><outerBoundaryIs><LinearRing><coordinates>85.7881945,21.1955536,0 85.7881454430001,21.195384356,0 85.788171285,21.1953625420001,0 85.788071276,21.1951949800001,0 85.7879776730001,21.195295838,0 85.7879093660001,21.195229694,0 85.7878200520001,21.1952382440001,0 85.7878084000001,21.1954573,0 85.7878850000001,21.1954858,0 85.7880143730001,21.195568742,0 85.7881945,21.1955536,0</coordinates></LinearRing></outerBoundaryIs></Polygon></MultiGeometry>
  </Placemark>
  <Placemark>
	<name>Placemark</name>
	<Style><LineStyle><color>ff0000ff</color></LineStyle><PolyStyle><fill>0</fill></PolyStyle></Style>
	<ExtendedData><SchemaData schemaUrl="#merged">
		<SimpleData name="OID_">0</SimpleData>
		<SimpleData name="FolderPath">Document/shrishti_land_parcelsv1_new__polygons</SimpleData>
		<SimpleData name="SymbolID">0</SimpleData>
		<SimpleData name="AltMode">0</SimpleData>
		<SimpleData name="Base">0.00000000000</SimpleData>
		<SimpleData name="Clamped">-1</SimpleData>
		<SimpleData name="Extruded">0</SimpleData>
		<SimpleData name="PopupInfo">&lt;html xmlns:fo=&quot;http://www.w3.org/1999/XSL/Format&quot; xmlns:msxsl=&quot;urn:schemas-microsoft-com:xslt&quot;&gt;
&lt;head&gt;
&lt;META http-equiv=&quot;Content-Type&quot; content=&quot;text/html&quot;&gt;
&lt;meta http-equiv=&quot;content-type&quot; content=&quot;text/html; charset=UTF-8&quot;&gt;
&lt;/head&gt;
&lt;body style=&quot;margin:0</SimpleData>
		<SimpleData name="Shape_Leng">0.00367795722</SimpleData>
		<SimpleData name="Shape_Area">0.00000050345</SimpleData>
		<SimpleData name="Plantation">Existing</SimpleData>
		<SimpleData name="layer">Harichandanpur_existing</SimpleData>
		<SimpleData name="path">D:\Project\Shristi\4th_round\Harichandanpur_existing.shp</SimpleData>
	</SchemaData></ExtendedData>
      <MultiGeometry><Polygon><outerBoundaryIs><LinearRing><coordinates>85.7882877820001,21.1947023060001,0 85.788600585,21.194585814,0 85.7888983400001,21.1945266990001,0 85.789406302,21.1944319360001,0 85.7892719970001,21.194133219,0 85.7889571790001,21.194181777,0 85.7884174660001,21.1942945690001,0 85.7878805430001,21.1944283290001,0 85.787881896,21.194786838,0 85.7882877820001,21.1947023060001,0</coordinates></LinearRing></outerBoundaryIs></Polygon></MultiGeometry>
  </Placemark>
  <Placemark>
	<name>Placemark</name>
	<Style><LineStyle><color>ff0000ff</color></LineStyle><PolyStyle><fill>0</fill></PolyStyle></Style>
	<ExtendedData><SchemaData schemaUrl="#merged">
		<SimpleData name="OID_">0</SimpleData>
		<SimpleData name="FolderPath">Document/shrishti_land_parcelsv1_new__polygons</SimpleData>
		<SimpleData name="SymbolID">0</SimpleData>
		<SimpleData name="AltMode">0</SimpleData>
		<SimpleData name="Base">0.00000000000</SimpleData>
		<SimpleData name="Clamped">-1</SimpleData>
		<SimpleData name="Extruded">0</SimpleData>
		<SimpleData name="PopupInfo">&lt;html xmlns:fo=&quot;http://www.w3.org/1999/XSL/Format&quot; xmlns:msxsl=&quot;urn:schemas-microsoft-com:xslt&quot;&gt;
&lt;head&gt;
&lt;META http-equiv=&quot;Content-Type&quot; content=&quot;text/html&quot;&gt;
&lt;meta http-equiv=&quot;content-type&quot; content=&quot;text/html; charset=UTF-8&quot;&gt;
&lt;/head&gt;
&lt;body style=&quot;margin:0</SimpleData>
		<SimpleData name="Shape_Leng">0.00897860160</SimpleData>
		<SimpleData name="Shape_Area">0.00000122924</SimpleData>
		<SimpleData name="Plantation">Existing</SimpleData>
		<SimpleData name="layer">Harichandanpur_existing</SimpleData>
		<SimpleData name="path">D:\Project\Shristi\4th_round\Harichandanpur_existing.shp</SimpleData>
	</SchemaData></ExtendedData>
      <MultiGeometry><Polygon><outerBoundaryIs><LinearRing><coordinates>85.7602882560001,21.2123337530001,0 85.7604236760001,21.2123918180001,0 85.7607924000001,21.2124136,0 85.7608357290001,21.212328631,0 85.7609086560001,21.212333862,0 85.7612774470001,21.2125586120001,0 85.761411196,21.2126362920001,0 85.7616223420001,21.2128258610001,0 85.7618473540001,21.212690024,0 85.761345356,21.2124277770001,0 85.7611210300001,21.212301385,0 85.7610008220001,21.212252827,0 85.7608702650001,21.2121981710001,0 85.7607755120001,21.212197249,0 85.7605266850001,21.212139467,0 85.760579722,21.2120778680001,0 85.7607368110001,21.212077972,0 85.7608942570001,21.2120063850001,0 85.7609327310001,21.2120528470001,0 85.761000041,21.2120521040001,0 85.7611005030001,21.2120272230001,0 85.7611644350001,21.212067168,0 85.76123971,21.2121332720001,0 85.761229115,21.2122059370001,0 85.7615393070001,21.212388183,0 85.7617131980001,21.212441588,0 85.7619369220001,21.2125928680001,0 85.7623185730001,21.212504284,0 85.7621593840001,21.212327089,0 85.762392225,21.2122162800001,0 85.7622919600001,21.212101262,0 85.7622071500001,21.2119772520001,0 85.761989461,21.2119618090001,0 85.761676681,21.211819286,0 85.76149352,21.2116921570001,0 85.761381816,21.211631986,0 85.7612513810001,21.2116226200001,0 85.761219865,21.2118121030001,0 85.76097573,21.211664468,0 85.7609037830001,21.2115146570001,0 85.7608520900001,21.2115418490001,0 85.76065551,21.211693729,0 85.7604961970001,21.2118642460001,0 85.7604973320001,21.2119840280001,0 85.7603465220001,21.212018877,0 85.7602882560001,21.2123337530001,0</coordinates></LinearRing></outerBoundaryIs></Polygon></MultiGeometry>
  </Placemark>
  <Placemark>
	<name>Placemark</name>
	<Style><LineStyle><color>ff0000ff</color></LineStyle><PolyStyle><fill>0</fill></PolyStyle></Style>
	<ExtendedData><SchemaData schemaUrl="#merged">
		<SimpleData name="OID_">0</SimpleData>
		<SimpleData name="FolderPath">Document/shrishti_land_parcelsv1_new__polygons</SimpleData>
		<SimpleData name="SymbolID">0</SimpleData>
		<SimpleData name="AltMode">0</SimpleData>
		<SimpleData name="Base">0.00000000000</SimpleData>
		<SimpleData name="Clamped">-1</SimpleData>
		<SimpleData name="Extruded">0</SimpleData>
		<SimpleData name="PopupInfo">&lt;html xmlns:fo=&quot;http://www.w3.org/1999/XSL/Format&quot; xmlns:msxsl=&quot;urn:schemas-microsoft-com:xslt&quot;&gt;
&lt;head&gt;
&lt;META http-equiv=&quot;Content-Type&quot; content=&quot;text/html&quot;&gt;
&lt;meta http-equiv=&quot;content-type&quot; content=&quot;text/html; charset=UTF-8&quot;&gt;
&lt;/head&gt;
&lt;body style=&quot;margin:0</SimpleData>
		<SimpleData name="Shape_Leng">0.00108445729</SimpleData>
		<SimpleData name="Shape_Area">0.00000006166</SimpleData>
		<SimpleData name="Plantation">Existing</SimpleData>
		<SimpleData name="layer">Harichandanpur_existing</SimpleData>
		<SimpleData name="path">D:\Project\Shristi\4th_round\Harichandanpur_existing.shp</SimpleData>
	</SchemaData></ExtendedData>
      <MultiGeometry><Polygon><outerBoundaryIs><LinearRing><coordinates>85.7610000750001,21.2124080090001,0 85.7608331580001,21.2123554390001,0 85.760791134,21.2124308420001,0 85.7609504000001,21.2127402,0 85.7610523160001,21.2126767190001,0 85.761015829,21.2125578280001,0 85.7610939240001,21.2124664830001,0 85.7610000750001,21.2124080090001,0</coordinates></LinearRing></outerBoundaryIs></Polygon></MultiGeometry>
  </Placemark>
  <Placemark>
	<name>Placemark</name>
	<Style><LineStyle><color>ff0000ff</color></LineStyle><PolyStyle><fill>0</fill></PolyStyle></Style>
	<ExtendedData><SchemaData schemaUrl="#merged">
		<SimpleData name="OID_">0</SimpleData>
		<SimpleData name="FolderPath">Document/shrishti_land_parcelsv1_new__polygons</SimpleData>
		<SimpleData name="SymbolID">0</SimpleData>
		<SimpleData name="AltMode">0</SimpleData>
		<SimpleData name="Base">0.00000000000</SimpleData>
		<SimpleData name="Clamped">-1</SimpleData>
		<SimpleData name="Extruded">0</SimpleData>
		<SimpleData name="PopupInfo">&lt;html xmlns:fo=&quot;http://www.w3.org/1999/XSL/Format&quot; xmlns:msxsl=&quot;urn:schemas-microsoft-com:xslt&quot;&gt;
&lt;head&gt;
&lt;META http-equiv=&quot;Content-Type&quot; content=&quot;text/html&quot;&gt;
&lt;meta http-equiv=&quot;content-type&quot; content=&quot;text/html; charset=UTF-8&quot;&gt;
&lt;/head&gt;
&lt;body style=&quot;margin:0</SimpleData>
		<SimpleData name="Shape_Leng">0.00137268218</SimpleData>
		<SimpleData name="Shape_Area">0.00000008229</SimpleData>
		<SimpleData name="Plantation">Existing</SimpleData>
		<SimpleData name="layer">Harichandanpur_existing</SimpleData>
		<SimpleData name="path">D:\Project\Shristi\4th_round\Harichandanpur_existing.shp</SimpleData>
	</SchemaData></ExtendedData>
      <MultiGeometry><Polygon><outerBoundaryIs><LinearRing><coordinates>85.7603852770001,21.2129174520001,0 85.760332201,21.212763034,0 85.760255977,21.212689992,0 85.7603208670001,21.2126213490001,0 85.7603736570001,21.212526456,0 85.760220266,21.212542952,0 85.7601425000001,21.2125107000001,0 85.7600778,21.2127465,0 85.7602595000001,21.212944,0 85.7603217530001,21.212969534,0 85.7603852770001,21.2129174520001,0</coordinates></LinearRing></outerBoundaryIs></Polygon></MultiGeometry>
  </Placemark>
  <Placemark>
	<name>Placemark</name>
	<Style><LineStyle><color>ff0000ff</color></LineStyle><PolyStyle><fill>0</fill></PolyStyle></Style>
	<ExtendedData><SchemaData schemaUrl="#merged">
		<SimpleData name="OID_">0</SimpleData>
		<SimpleData name="FolderPath">Document/shrishti_land_parcelsv1_new__polygons</SimpleData>
		<SimpleData name="SymbolID">0</SimpleData>
		<SimpleData name="AltMode">0</SimpleData>
		<SimpleData name="Base">0.00000000000</SimpleData>
		<SimpleData name="Clamped">-1</SimpleData>
		<SimpleData name="Extruded">0</SimpleData>
		<SimpleData name="PopupInfo">&lt;html xmlns:fo=&quot;http://www.w3.org/1999/XSL/Format&quot; xmlns:msxsl=&quot;urn:schemas-microsoft-com:xslt&quot;&gt;
&lt;head&gt;
&lt;META http-equiv=&quot;Content-Type&quot; content=&quot;text/html&quot;&gt;
&lt;meta http-equiv=&quot;content-type&quot; content=&quot;text/html; charset=UTF-8&quot;&gt;
&lt;/head&gt;
&lt;body style=&quot;margin:0</SimpleData>
		<SimpleData name="Shape_Leng">0.00107526902</SimpleData>
		<SimpleData name="Shape_Area">0.00000006997</SimpleData>
		<SimpleData name="Plantation">Existing</SimpleData>
		<SimpleData name="layer">Harichandanpur_existing</SimpleData>
		<SimpleData name="path">D:\Project\Shristi\4th_round\Harichandanpur_existing.shp</SimpleData>
	</SchemaData></ExtendedData>
      <MultiGeometry><Polygon><outerBoundaryIs><LinearRing><coordinates>85.760501037,21.212865514,0 85.7602893430001,21.212999951,0 85.7603796000001,21.2131975,0 85.760403786,21.213248035,0 85.7605027870001,21.213182411,0 85.7606328000001,21.2131235000001,0 85.760575331,21.213018344,0 85.760501037,21.212865514,0</coordinates></LinearRing></outerBoundaryIs></Polygon></MultiGeometry>
  </Placemark>
  <Placemark>
	<name>Placemark</name>
	<Style><LineStyle><color>ff0000ff</color></LineStyle><PolyStyle><fill>0</fill></PolyStyle></Style>
	<ExtendedData><SchemaData schemaUrl="#merged">
		<SimpleData name="OID_">0</SimpleData>
		<SimpleData name="FolderPath">Document/shrishti_land_parcelsv1_new__polygons</SimpleData>
		<SimpleData name="SymbolID">0</SimpleData>
		<SimpleData name="AltMode">0</SimpleData>
		<SimpleData name="Base">0.00000000000</SimpleData>
		<SimpleData name="Clamped">-1</SimpleData>
		<SimpleData name="Extruded">0</SimpleData>
		<SimpleData name="PopupInfo">&lt;html xmlns:fo=&quot;http://www.w3.org/1999/XSL/Format&quot; xmlns:msxsl=&quot;urn:schemas-microsoft-com:xslt&quot;&gt;
&lt;head&gt;
&lt;META http-equiv=&quot;Content-Type&quot; content=&quot;text/html&quot;&gt;
&lt;meta http-equiv=&quot;content-type&quot; content=&quot;text/html; charset=UTF-8&quot;&gt;
&lt;/head&gt;
&lt;body style=&quot;margin:0</SimpleData>
		<SimpleData name="Shape_Leng">0.00083334566</SimpleData>
		<SimpleData name="Shape_Area">0.00000004490</SimpleData>
		<SimpleData name="Plantation">Existing</SimpleData>
		<SimpleData name="layer">Harichandanpur_existing</SimpleData>
		<SimpleData name="path">D:\Project\Shristi\4th_round\Harichandanpur_existing.shp</SimpleData>
	</SchemaData></ExtendedData>
      <MultiGeometry><Polygon><outerBoundaryIs><LinearRing><coordinates>85.760722231,21.2127686690001,0 85.7605075930001,21.2128583640001,0 85.7605739740001,21.2129941530001,0 85.760723258,21.213042966,0 85.7607731410001,21.2129257020001,0 85.760722231,21.2127686690001,0</coordinates></LinearRing></outerBoundaryIs></Polygon></MultiGeometry>
  </Placemark>
  <Placemark>
	<name>Placemark</name>
	<Style><LineStyle><color>ff0000ff</color></LineStyle><PolyStyle><fill>0</fill></PolyStyle></Style>
	<ExtendedData><SchemaData schemaUrl="#merged">
		<SimpleData name="OID_">0</SimpleData>
		<SimpleData name="FolderPath">Document/shrishti_land_parcelsv1_new__polygons</SimpleData>
		<SimpleData name="SymbolID">0</SimpleData>
		<SimpleData name="AltMode">0</SimpleData>
		<SimpleData name="Base">0.00000000000</SimpleData>
		<SimpleData name="Clamped">-1</SimpleData>
		<SimpleData name="Extruded">0</SimpleData>
		<SimpleData name="PopupInfo">&lt;html xmlns:fo=&quot;http://www.w3.org/1999/XSL/Format&quot; xmlns:msxsl=&quot;urn:schemas-microsoft-com:xslt&quot;&gt;
&lt;head&gt;
&lt;META http-equiv=&quot;Content-Type&quot; content=&quot;text/html&quot;&gt;
&lt;meta http-equiv=&quot;content-type&quot; content=&quot;text/html; charset=UTF-8&quot;&gt;
&lt;/head&gt;
&lt;body style=&quot;margin:0</SimpleData>
		<SimpleData name="Shape_Leng">0.00087635506</SimpleData>
		<SimpleData name="Shape_Area">0.00000005007</SimpleData>
		<SimpleData name="Plantation">Existing</SimpleData>
		<SimpleData name="layer">Harichandanpur_existing</SimpleData>
		<SimpleData name="path">D:\Project\Shristi\4th_round\Harichandanpur_existing.shp</SimpleData>
	</SchemaData></ExtendedData>
      <MultiGeometry><Polygon><outerBoundaryIs><LinearRing><coordinates>85.7608105400001,21.2133690540001,0 85.7606382150001,21.2133849950001,0 85.7605554450001,21.213456514,0 85.7606226020001,21.2135623930001,0 85.7607184180001,21.2135845,0 85.7608957880001,21.213534162,0 85.7608105400001,21.2133690540001,0</coordinates></LinearRing></outerBoundaryIs></Polygon></MultiGeometry>
  </Placemark>
  <Placemark>
	<name>Placemark</name>
	<Style><LineStyle><color>ff0000ff</color></LineStyle><PolyStyle><fill>0</fill></PolyStyle></Style>
	<ExtendedData><SchemaData schemaUrl="#merged">
		<SimpleData name="OID_">0</SimpleData>
		<SimpleData name="FolderPath">Document/shrishti_land_parcelsv1_new__polygons</SimpleData>
		<SimpleData name="SymbolID">0</SimpleData>
		<SimpleData name="AltMode">0</SimpleData>
		<SimpleData name="Base">0.00000000000</SimpleData>
		<SimpleData name="Clamped">-1</SimpleData>
		<SimpleData name="Extruded">0</SimpleData>
		<SimpleData name="PopupInfo">&lt;html xmlns:fo=&quot;http://www.w3.org/1999/XSL/Format&quot; xmlns:msxsl=&quot;urn:schemas-microsoft-com:xslt&quot;&gt;
&lt;head&gt;
&lt;META http-equiv=&quot;Content-Type&quot; content=&quot;text/html&quot;&gt;
&lt;meta http-equiv=&quot;content-type&quot; content=&quot;text/html; charset=UTF-8&quot;&gt;
&lt;/head&gt;
&lt;body style=&quot;margin:0</SimpleData>
		<SimpleData name="Shape_Leng">0.00100672978</SimpleData>
		<SimpleData name="Shape_Area">0.00000004709</SimpleData>
		<SimpleData name="Plantation">Existing</SimpleData>
		<SimpleData name="layer">Harichandanpur_existing</SimpleData>
		<SimpleData name="path">D:\Project\Shristi\4th_round\Harichandanpur_existing.shp</SimpleData>
	</SchemaData></ExtendedData>
      <MultiGeometry><Polygon><outerBoundaryIs><LinearRing><coordinates>85.7567623750001,21.2151280790001,0 85.7567514660001,21.215046994,0 85.7568005200001,21.2150019970001,0 85.7568929230001,21.2149226970001,0 85.756826114,21.214833593,0 85.756734045,21.214922937,0 85.7565578000001,21.2150078,0 85.7566249870001,21.2151545460001,0 85.7567623750001,21.2151280790001,0</coordinates></LinearRing></outerBoundaryIs></Polygon></MultiGeometry>
  </Placemark>
  <Placemark>
	<name>Placemark</name>
	<Style><LineStyle><color>ff0000ff</color></LineStyle><PolyStyle><fill>0</fill></PolyStyle></Style>
	<ExtendedData><SchemaData schemaUrl="#merged">
		<SimpleData name="OID_">0</SimpleData>
		<SimpleData name="FolderPath">Document/shrishti_land_parcelsv1_new__polygons</SimpleData>
		<SimpleData name="SymbolID">0</SimpleData>
		<SimpleData name="AltMode">0</SimpleData>
		<SimpleData name="Base">0.00000000000</SimpleData>
		<SimpleData name="Clamped">-1</SimpleData>
		<SimpleData name="Extruded">0</SimpleData>
		<SimpleData name="PopupInfo">&lt;html xmlns:fo=&quot;http://www.w3.org/1999/XSL/Format&quot; xmlns:msxsl=&quot;urn:schemas-microsoft-com:xslt&quot;&gt;
&lt;head&gt;
&lt;META http-equiv=&quot;Content-Type&quot; content=&quot;text/html&quot;&gt;
&lt;meta http-equiv=&quot;content-type&quot; content=&quot;text/html; charset=UTF-8&quot;&gt;
&lt;/head&gt;
&lt;body style=&quot;margin:0</SimpleData>
		<SimpleData name="Shape_Leng">0.00251345840</SimpleData>
		<SimpleData name="Shape_Area">0.00000024475</SimpleData>
		<SimpleData name="Plantation">Existing</SimpleData>
		<SimpleData name="layer">Harichandanpur_existing</SimpleData>
		<SimpleData name="path">D:\Project\Shristi\4th_round\Harichandanpur_existing.shp</SimpleData>
	</SchemaData></ExtendedData>
      <MultiGeometry><Polygon><outerBoundaryIs><LinearRing><coordinates>85.7550191810001,21.214724099,0 85.7550046960001,21.214651437,0 85.754970009,21.2145451380001,0 85.7548825110001,21.214491417,0 85.7547103540001,21.214565685,0 85.7545900010001,21.2146638770001,0 85.7544482700001,21.2148459490001,0 85.7544207340001,21.2148718020001,0 85.754429713,21.2149307890001,0 85.7544987530001,21.2149533530001,0 85.7545401510001,21.2150296090001,0 85.75449037,21.2150778480001,0 85.754429923,21.2151238160001,0 85.7544331930001,21.215153978,0 85.754549581,21.215179414,0 85.7545331170001,21.2152644390001,0 85.754574646,21.215289872,0 85.7546548340001,21.21520171,0 85.754731221,21.2151237800001,0 85.7548260040001,21.215070847,0 85.7548741420001,21.2151071070001,0 85.7549181210001,21.2150460930001,0 85.7548399780001,21.21496194,0 85.7548041700001,21.2148283280001,0 85.7549090590001,21.2147770610001,0 85.7550191810001,21.214724099,0</coordinates></LinearRing></outerBoundaryIs></Polygon></MultiGeometry>
  </Placemark>
  <Placemark>
	<name>Placemark</name>
	<Style><LineStyle><color>ff0000ff</color></LineStyle><PolyStyle><fill>0</fill></PolyStyle></Style>
	<ExtendedData><SchemaData schemaUrl="#merged">
		<SimpleData name="OID_">0</SimpleData>
		<SimpleData name="FolderPath">Document/shrishti_land_parcelsv1_new__polygons</SimpleData>
		<SimpleData name="SymbolID">0</SimpleData>
		<SimpleData name="AltMode">0</SimpleData>
		<SimpleData name="Base">0.00000000000</SimpleData>
		<SimpleData name="Clamped">-1</SimpleData>
		<SimpleData name="Extruded">0</SimpleData>
		<SimpleData name="PopupInfo">&lt;html xmlns:fo=&quot;http://www.w3.org/1999/XSL/Format&quot; xmlns:msxsl=&quot;urn:schemas-microsoft-com:xslt&quot;&gt;
&lt;head&gt;
&lt;META http-equiv=&quot;Content-Type&quot; content=&quot;text/html&quot;&gt;
&lt;meta http-equiv=&quot;content-type&quot; content=&quot;text/html; charset=UTF-8&quot;&gt;
&lt;/head&gt;
&lt;body style=&quot;margin:0</SimpleData>
		<SimpleData name="Shape_Leng">0.00248781967</SimpleData>
		<SimpleData name="Shape_Area">0.00000020616</SimpleData>
		<SimpleData name="Plantation">Existing</SimpleData>
		<SimpleData name="layer">Harichandanpur_existing</SimpleData>
		<SimpleData name="path">D:\Project\Shristi\4th_round\Harichandanpur_existing.shp</SimpleData>
	</SchemaData></ExtendedData>
      <MultiGeometry><Polygon><outerBoundaryIs><LinearRing><coordinates>85.757313234,21.2153715900001,0 85.7581141000001,21.2157358000001,0 85.75826291,21.215776631,0 85.758295392,21.2156561190001,0 85.7581955430001,21.2156072080001,0 85.7581224960001,21.215540108,0 85.7580231790001,21.215483465,0 85.7578215820001,21.2154028,0 85.7576071180001,21.2152626450001,0 85.7574201880001,21.21516618,0 85.7572946130001,21.2151781170001,0 85.757313234,21.2153715900001,0</coordinates></LinearRing></outerBoundaryIs></Polygon></MultiGeometry>
  </Placemark>
  <Placemark>
	<name>Placemark</name>
	<Style><LineStyle><color>ff0000ff</color></LineStyle><PolyStyle><fill>0</fill></PolyStyle></Style>
	<ExtendedData><SchemaData schemaUrl="#merged">
		<SimpleData name="OID_">0</SimpleData>
		<SimpleData name="FolderPath">Document/shrishti_land_parcelsv1_new__polygons</SimpleData>
		<SimpleData name="SymbolID">0</SimpleData>
		<SimpleData name="AltMode">0</SimpleData>
		<SimpleData name="Base">0.00000000000</SimpleData>
		<SimpleData name="Clamped">-1</SimpleData>
		<SimpleData name="Extruded">0</SimpleData>
		<SimpleData name="PopupInfo">&lt;html xmlns:fo=&quot;http://www.w3.org/1999/XSL/Format&quot; xmlns:msxsl=&quot;urn:schemas-microsoft-com:xslt&quot;&gt;
&lt;head&gt;
&lt;META http-equiv=&quot;Content-Type&quot; content=&quot;text/html&quot;&gt;
&lt;meta http-equiv=&quot;content-type&quot; content=&quot;text/html; charset=UTF-8&quot;&gt;
&lt;/head&gt;
&lt;body style=&quot;margin:0</SimpleData>
		<SimpleData name="Shape_Leng">0.00200052093</SimpleData>
		<SimpleData name="Shape_Area">0.00000024038</SimpleData>
		<SimpleData name="Plantation">Existing</SimpleData>
		<SimpleData name="layer">Harichandanpur_existing</SimpleData>
		<SimpleData name="path">D:\Project\Shristi\4th_round\Harichandanpur_existing.shp</SimpleData>
	</SchemaData></ExtendedData>
      <MultiGeometry><Polygon><outerBoundaryIs><LinearRing><coordinates>85.7955322810001,21.190611598,0 85.7950714400001,21.1907185310001,0 85.7950481060001,21.1908713230001,0 85.7950349530001,21.191226284,0 85.7954398000001,21.1912173000001,0 85.7955322810001,21.190611598,0</coordinates></LinearRing></outerBoundaryIs></Polygon></MultiGeometry>
  </Placemark>
  <Placemark>
	<name>Placemark</name>
	<Style><LineStyle><color>ff0000ff</color></LineStyle><PolyStyle><fill>0</fill></PolyStyle></Style>
	<ExtendedData><SchemaData schemaUrl="#merged">
		<SimpleData name="OID_">0</SimpleData>
		<SimpleData name="FolderPath">Document/shrishti_land_parcelsv1_new__polygons</SimpleData>
		<SimpleData name="SymbolID">0</SimpleData>
		<SimpleData name="AltMode">0</SimpleData>
		<SimpleData name="Base">0.00000000000</SimpleData>
		<SimpleData name="Clamped">-1</SimpleData>
		<SimpleData name="Extruded">0</SimpleData>
		<SimpleData name="PopupInfo">&lt;html xmlns:fo=&quot;http://www.w3.org/1999/XSL/Format&quot; xmlns:msxsl=&quot;urn:schemas-microsoft-com:xslt&quot;&gt;
&lt;head&gt;
&lt;META http-equiv=&quot;Content-Type&quot; content=&quot;text/html&quot;&gt;
&lt;meta http-equiv=&quot;content-type&quot; content=&quot;text/html; charset=UTF-8&quot;&gt;
&lt;/head&gt;
&lt;body style=&quot;margin:0</SimpleData>
		<SimpleData name="Shape_Leng">0.00349491583</SimpleData>
		<SimpleData name="Shape_Area">0.00000043826</SimpleData>
		<SimpleData name="Plantation">Existing</SimpleData>
		<SimpleData name="layer">Harichandanpur_existing</SimpleData>
		<SimpleData name="path">D:\Project\Shristi\4th_round\Harichandanpur_existing.shp</SimpleData>
	</SchemaData></ExtendedData>
      <MultiGeometry><Polygon><outerBoundaryIs><LinearRing><coordinates>85.794624298,21.1912607800001,0 85.794663009,21.1908305540001,0 85.7950234670001,21.1908807290001,0 85.795070448,21.190651541,0 85.7947030010001,21.1906242640001,0 85.7947460880001,21.190344958,0 85.7942484060001,21.190318925,0 85.7942103570001,21.190836776,0 85.7943734080001,21.190864037,0 85.7943499,21.191216356,0 85.794624298,21.1912607800001,0</coordinates></LinearRing></outerBoundaryIs></Polygon></MultiGeometry>
  </Placemark>
  <Placemark>
	<name>Placemark</name>
	<Style><LineStyle><color>ff0000ff</color></LineStyle><PolyStyle><fill>0</fill></PolyStyle></Style>
	<ExtendedData><SchemaData schemaUrl="#merged">
		<SimpleData name="OID_">0</SimpleData>
		<SimpleData name="FolderPath">Document/shrishti_land_parcelsv1_new__polygons</SimpleData>
		<SimpleData name="SymbolID">0</SimpleData>
		<SimpleData name="AltMode">0</SimpleData>
		<SimpleData name="Base">0.00000000000</SimpleData>
		<SimpleData name="Clamped">-1</SimpleData>
		<SimpleData name="Extruded">0</SimpleData>
		<SimpleData name="PopupInfo">&lt;html xmlns:fo=&quot;http://www.w3.org/1999/XSL/Format&quot; xmlns:msxsl=&quot;urn:schemas-microsoft-com:xslt&quot;&gt;
&lt;head&gt;
&lt;META http-equiv=&quot;Content-Type&quot; content=&quot;text/html&quot;&gt;
&lt;meta http-equiv=&quot;content-type&quot; content=&quot;text/html; charset=UTF-8&quot;&gt;
&lt;/head&gt;
&lt;body style=&quot;margin:0</SimpleData>
		<SimpleData name="Shape_Leng">0.00442201279</SimpleData>
		<SimpleData name="Shape_Area">0.00000080297</SimpleData>
		<SimpleData name="Plantation">Existing</SimpleData>
		<SimpleData name="layer">Harichandanpur_existing</SimpleData>
		<SimpleData name="path">D:\Project\Shristi\4th_round\Harichandanpur_existing.shp</SimpleData>
	</SchemaData></ExtendedData>
      <MultiGeometry><Polygon><outerBoundaryIs><LinearRing><coordinates>85.7943461400001,21.190874217,0 85.7937745660001,21.1907997340001,0 85.7933569260001,21.19077587,0 85.7933595410001,21.190888736,0 85.79302606,21.1908406910001,0 85.792935453,21.191146115,0 85.7931861000001,21.1911825,0 85.7933117000001,21.1912366,0 85.7934990000001,21.1912721,0 85.7944066090001,21.1916693530001,0 85.7945107040001,21.191580985,0 85.79459712,21.1912803020001,0 85.7943310410001,21.1912433570001,0 85.7943461400001,21.190874217,0</coordinates></LinearRing></outerBoundaryIs></Polygon></MultiGeometry>
  </Placemark>
  <Placemark>
	<name>Placemark</name>
	<Style><LineStyle><color>ff0000ff</color></LineStyle><PolyStyle><fill>0</fill></PolyStyle></Style>
	<ExtendedData><SchemaData schemaUrl="#merged">
		<SimpleData name="OID_">0</SimpleData>
		<SimpleData name="FolderPath">Document/shrishti_land_parcelsv1_new__polygons</SimpleData>
		<SimpleData name="SymbolID">0</SimpleData>
		<SimpleData name="AltMode">0</SimpleData>
		<SimpleData name="Base">0.00000000000</SimpleData>
		<SimpleData name="Clamped">-1</SimpleData>
		<SimpleData name="Extruded">0</SimpleData>
		<SimpleData name="PopupInfo">&lt;html xmlns:fo=&quot;http://www.w3.org/1999/XSL/Format&quot; xmlns:msxsl=&quot;urn:schemas-microsoft-com:xslt&quot;&gt;
&lt;head&gt;
&lt;META http-equiv=&quot;Content-Type&quot; content=&quot;text/html&quot;&gt;
&lt;meta http-equiv=&quot;content-type&quot; content=&quot;text/html; charset=UTF-8&quot;&gt;
&lt;/head&gt;
&lt;body style=&quot;margin:0</SimpleData>
		<SimpleData name="Shape_Leng">0.00173233459</SimpleData>
		<SimpleData name="Shape_Area">0.00000015682</SimpleData>
		<SimpleData name="Plantation">Existing</SimpleData>
		<SimpleData name="layer">Harichandanpur_existing</SimpleData>
		<SimpleData name="path">D:\Project\Shristi\4th_round\Harichandanpur_existing.shp</SimpleData>
	</SchemaData></ExtendedData>
      <MultiGeometry><Polygon><outerBoundaryIs><LinearRing><coordinates>85.793130144,21.191351093,0 85.7930956000001,21.1914536,0 85.7930377000001,21.1916327000001,0 85.7929226360001,21.19169845,0 85.7931248350001,21.1918064060001,0 85.7933795110001,21.191713399,0 85.7934161000001,21.1916000000001,0 85.7935696210001,21.191565558,0 85.7935000400001,21.191435997,0 85.793130144,21.191351093,0</coordinates></LinearRing></outerBoundaryIs></Polygon></MultiGeometry>
  </Placemark>
  <Placemark>
	<name>Placemark</name>
	<Style><LineStyle><color>ff0000ff</color></LineStyle><PolyStyle><fill>0</fill></PolyStyle></Style>
	<ExtendedData><SchemaData schemaUrl="#merged">
		<SimpleData name="OID_">0</SimpleData>
		<SimpleData name="FolderPath">Document/shrishti_land_parcelsv1_new__polygons</SimpleData>
		<SimpleData name="SymbolID">0</SimpleData>
		<SimpleData name="AltMode">0</SimpleData>
		<SimpleData name="Base">0.00000000000</SimpleData>
		<SimpleData name="Clamped">-1</SimpleData>
		<SimpleData name="Extruded">0</SimpleData>
		<SimpleData name="PopupInfo">&lt;html xmlns:fo=&quot;http://www.w3.org/1999/XSL/Format&quot; xmlns:msxsl=&quot;urn:schemas-microsoft-com:xslt&quot;&gt;
&lt;head&gt;
&lt;META http-equiv=&quot;Content-Type&quot; content=&quot;text/html&quot;&gt;
&lt;meta http-equiv=&quot;content-type&quot; content=&quot;text/html; charset=UTF-8&quot;&gt;
&lt;/head&gt;
&lt;body style=&quot;margin:0</SimpleData>
		<SimpleData name="Shape_Leng">0.00253239774</SimpleData>
		<SimpleData name="Shape_Area">0.00000039833</SimpleData>
		<SimpleData name="Plantation">Existing</SimpleData>
		<SimpleData name="layer">Harichandanpur_existing</SimpleData>
		<SimpleData name="path">D:\Project\Shristi\4th_round\Harichandanpur_existing.shp</SimpleData>
	</SchemaData></ExtendedData>
      <MultiGeometry><Polygon><outerBoundaryIs><LinearRing><coordinates>85.7937555930001,21.189556414,0 85.7936570630001,21.190233618,0 85.7942807320001,21.1903016690001,0 85.7942869080001,21.1899347300001,0 85.794280573,21.189724826,0 85.7942800590001,21.1896081350001,0 85.7937555930001,21.189556414,0</coordinates></LinearRing></outerBoundaryIs></Polygon></MultiGeometry>
  </Placemark>
  <Placemark>
	<name>Placemark</name>
	<Style><LineStyle><color>ff0000ff</color></LineStyle><PolyStyle><fill>0</fill></PolyStyle></Style>
	<ExtendedData><SchemaData schemaUrl="#merged">
		<SimpleData name="OID_">0</SimpleData>
		<SimpleData name="FolderPath">Document/shrishti_land_parcelsv1_new__polygons</SimpleData>
		<SimpleData name="SymbolID">0</SimpleData>
		<SimpleData name="AltMode">0</SimpleData>
		<SimpleData name="Base">0.00000000000</SimpleData>
		<SimpleData name="Clamped">-1</SimpleData>
		<SimpleData name="Extruded">0</SimpleData>
		<SimpleData name="PopupInfo">&lt;html xmlns:fo=&quot;http://www.w3.org/1999/XSL/Format&quot; xmlns:msxsl=&quot;urn:schemas-microsoft-com:xslt&quot;&gt;
&lt;head&gt;
&lt;META http-equiv=&quot;Content-Type&quot; content=&quot;text/html&quot;&gt;
&lt;meta http-equiv=&quot;content-type&quot; content=&quot;text/html; charset=UTF-8&quot;&gt;
&lt;/head&gt;
&lt;body style=&quot;margin:0</SimpleData>
		<SimpleData name="Shape_Leng">0.00298940174</SimpleData>
		<SimpleData name="Shape_Area">0.00000050375</SimpleData>
		<SimpleData name="Plantation">Existing</SimpleData>
		<SimpleData name="layer">Harichandanpur_existing</SimpleData>
		<SimpleData name="path">D:\Project\Shristi\4th_round\Harichandanpur_existing.shp</SimpleData>
	</SchemaData></ExtendedData>
      <MultiGeometry><Polygon><outerBoundaryIs><LinearRing><coordinates>85.793675147,21.189307297,0 85.7936944840001,21.1887847140001,0 85.79319495,21.1887155250001,0 85.792644893,21.188711546,0 85.792761216,21.1891879460001,0 85.793675147,21.189307297,0</coordinates></LinearRing></outerBoundaryIs></Polygon></MultiGeometry>
  </Placemark>
  <Placemark>
	<name>Placemark</name>
	<Style><LineStyle><color>ff0000ff</color></LineStyle><PolyStyle><fill>0</fill></PolyStyle></Style>
	<ExtendedData><SchemaData schemaUrl="#merged">
		<SimpleData name="OID_">0</SimpleData>
		<SimpleData name="FolderPath">Document/shrishti_land_parcelsv1_new__polygons</SimpleData>
		<SimpleData name="SymbolID">0</SimpleData>
		<SimpleData name="AltMode">0</SimpleData>
		<SimpleData name="Base">0.00000000000</SimpleData>
		<SimpleData name="Clamped">-1</SimpleData>
		<SimpleData name="Extruded">0</SimpleData>
		<SimpleData name="PopupInfo">&lt;html xmlns:fo=&quot;http://www.w3.org/1999/XSL/Format&quot; xmlns:msxsl=&quot;urn:schemas-microsoft-com:xslt&quot;&gt;
&lt;head&gt;
&lt;META http-equiv=&quot;Content-Type&quot; content=&quot;text/html&quot;&gt;
&lt;meta http-equiv=&quot;content-type&quot; content=&quot;text/html; charset=UTF-8&quot;&gt;
&lt;/head&gt;
&lt;body style=&quot;margin:0</SimpleData>
		<SimpleData name="Shape_Leng">0.00320322116</SimpleData>
		<SimpleData name="Shape_Area">0.00000030650</SimpleData>
		<SimpleData name="Plantation">Existing</SimpleData>
		<SimpleData name="layer">Harichandanpur_existing</SimpleData>
		<SimpleData name="path">D:\Project\Shristi\4th_round\Harichandanpur_existing.shp</SimpleData>
	</SchemaData></ExtendedData>
      <MultiGeometry><Polygon><outerBoundaryIs><LinearRing><coordinates>85.8152442890001,21.2910725240001,0 85.8152741090001,21.2911357730001,0 85.8152467,21.2911847,0 85.815287271,21.2912486380001,0 85.8154710100001,21.291325645,0 85.8154680010001,21.2913837570001,0 85.815318254,21.2914259520001,0 85.8153103000001,21.2915137000001,0 85.8154162810001,21.2915357960001,0 85.815475576,21.291587975,0 85.8155378860001,21.2915169460001,0 85.815790668,21.2915144580001,0 85.8158498010001,21.291420428,0 85.8158045370001,21.2913581020001,0 85.8156909740001,21.2913483200001,0 85.8156035000001,21.291298844,0 85.815685747,21.291183334,0 85.8156370670001,21.2910976210001,0 85.8156743500001,21.291066587,0 85.815653302,21.291005613,0 85.8156182220001,21.291030076,0 85.8155916590001,21.29100075,0 85.815570892,21.290959264,0 85.815595838,21.290901997,0 85.8155313340001,21.2907066980001,0 85.815418691,21.290779252,0 85.8153632720001,21.2908340280001,0 85.8153238300001,21.2907723320001,0 85.8152288460001,21.290767938,0 85.8151529180001,21.2908088670001,0 85.8151619490001,21.29107292,0 85.8152442890001,21.2910725240001,0</coordinates></LinearRing></outerBoundaryIs></Polygon></MultiGeometry>
  </Placemark>
  <Placemark>
	<name>Placemark</name>
	<Style><LineStyle><color>ff0000ff</color></LineStyle><PolyStyle><fill>0</fill></PolyStyle></Style>
	<ExtendedData><SchemaData schemaUrl="#merged">
		<SimpleData name="OID_">0</SimpleData>
		<SimpleData name="FolderPath">Document/shrishti_land_parcelsv1_new__polygons</SimpleData>
		<SimpleData name="SymbolID">0</SimpleData>
		<SimpleData name="AltMode">0</SimpleData>
		<SimpleData name="Base">0.00000000000</SimpleData>
		<SimpleData name="Clamped">-1</SimpleData>
		<SimpleData name="Extruded">0</SimpleData>
		<SimpleData name="PopupInfo">&lt;html xmlns:fo=&quot;http://www.w3.org/1999/XSL/Format&quot; xmlns:msxsl=&quot;urn:schemas-microsoft-com:xslt&quot;&gt;
&lt;head&gt;
&lt;META http-equiv=&quot;Content-Type&quot; content=&quot;text/html&quot;&gt;
&lt;meta http-equiv=&quot;content-type&quot; content=&quot;text/html; charset=UTF-8&quot;&gt;
&lt;/head&gt;
&lt;body style=&quot;margin:0</SimpleData>
		<SimpleData name="Shape_Leng">0.00379972985</SimpleData>
		<SimpleData name="Shape_Area">0.00000053682</SimpleData>
		<SimpleData name="Plantation">Existing</SimpleData>
		<SimpleData name="layer">Harichandanpur_existing</SimpleData>
		<SimpleData name="path">D:\Project\Shristi\4th_round\Harichandanpur_existing.shp</SimpleData>
	</SchemaData></ExtendedData>
      <MultiGeometry><Polygon><outerBoundaryIs><LinearRing><coordinates>85.815131277,21.2912132050001,0 85.8151487860001,21.2910490250001,0 85.8151360260001,21.2908208260001,0 85.8150929190001,21.2906504600001,0 85.814981549,21.29053771,0 85.814484926,21.2905995310001,0 85.8143273630001,21.2906606770001,0 85.8142075790001,21.290721788,0 85.814123194,21.290737103,0 85.8140764240001,21.2907615510001,0 85.8141101020001,21.2908868320001,0 85.8141806350001,21.2908989160001,0 85.814194446,21.2910007740001,0 85.8142552100001,21.2910371020001,0 85.81433558,21.2909400830001,0 85.8144366180001,21.290868392,0 85.8145182210001,21.290866953,0 85.81451179,21.2909434380001,0 85.8145112230001,21.290989015,0 85.8144665290001,21.2910574910001,0 85.8145050790001,21.2911313980001,0 85.814535601,21.291100645,0 85.8146860150001,21.2911125160001,0 85.814777361,21.291187651,0 85.8148935300001,21.2912511330001,0 85.8149566120001,21.2913126770001,0 85.815020684,21.2913700130001,0 85.8150699540001,21.2914451880001,0 85.8151681290001,21.2914728220001,0 85.8152430600001,21.291391435,0 85.8151956880001,21.291279085,0 85.815131277,21.2912132050001,0</coordinates></LinearRing></outerBoundaryIs></Polygon></MultiGeometry>
  </Placemark>
  <Placemark>
	<name>Placemark</name>
	<Style><LineStyle><color>ff0000ff</color></LineStyle><PolyStyle><fill>0</fill></PolyStyle></Style>
	<ExtendedData><SchemaData schemaUrl="#merged">
		<SimpleData name="OID_">0</SimpleData>
		<SimpleData name="FolderPath">Document/shrishti_land_parcelsv1_new__polygons</SimpleData>
		<SimpleData name="SymbolID">0</SimpleData>
		<SimpleData name="AltMode">0</SimpleData>
		<SimpleData name="Base">0.00000000000</SimpleData>
		<SimpleData name="Clamped">-1</SimpleData>
		<SimpleData name="Extruded">0</SimpleData>
		<SimpleData name="PopupInfo">&lt;html xmlns:fo=&quot;http://www.w3.org/1999/XSL/Format&quot; xmlns:msxsl=&quot;urn:schemas-microsoft-com:xslt&quot;&gt;
&lt;head&gt;
&lt;META http-equiv=&quot;Content-Type&quot; content=&quot;text/html&quot;&gt;
&lt;meta http-equiv=&quot;content-type&quot; content=&quot;text/html; charset=UTF-8&quot;&gt;
&lt;/head&gt;
&lt;body style=&quot;margin:0</SimpleData>
		<SimpleData name="Shape_Leng">0.00282482076</SimpleData>
		<SimpleData name="Shape_Area">0.00000022196</SimpleData>
		<SimpleData name="Plantation">Existing</SimpleData>
		<SimpleData name="layer">Harichandanpur_existing</SimpleData>
		<SimpleData name="path">D:\Project\Shristi\4th_round\Harichandanpur_existing.shp</SimpleData>
	</SchemaData></ExtendedData>
      <MultiGeometry><Polygon><outerBoundaryIs><LinearRing><coordinates>85.8146191960001,21.290202809,0 85.8146628220001,21.290138348,0 85.814583892,21.2900739030001,0 85.8145190220001,21.290134542,0 85.81446979,21.290133774,0 85.814392732,21.290142518,0 85.8143423340001,21.2900796910001,0 85.8142978020001,21.2900907700001,0 85.8142960120001,21.290151457,0 85.8141895460001,21.290220189,0 85.8141443790001,21.2902332800001,0 85.814068633,21.2902849660001,0 85.8140699240001,21.29041239,0 85.8139511640001,21.2904630730001,0 85.8138413450001,21.290483507,0 85.8138177850001,21.2905380770001,0 85.8138726340001,21.2906040610001,0 85.8138009240001,21.290632599,0 85.813860993,21.290667726,0 85.813896141,21.290646393,0 85.8139924530001,21.290624891,0 85.814023309,21.2906992700001,0 85.814095196,21.290698761,0 85.814193442,21.290694477,0 85.8142097910001,21.290651838,0 85.814280937,21.290657244,0 85.814357133,21.2906308340001,0 85.814336418,21.2905996970001,0 85.8142602770001,21.2905839380001,0 85.814285635,21.290497606,0 85.814353929,21.2903684500001,0 85.8144026000001,21.2903194,0 85.814447896,21.290308856,0 85.8145005260001,21.29028328,0 85.8146302500001,21.2902750530001,0 85.8146191960001,21.290202809,0</coordinates></LinearRing></outerBoundaryIs></Polygon></MultiGeometry>
  </Placemark>
  <Placemark>
	<name>Placemark</name>
	<Style><LineStyle><color>ff0000ff</color></LineStyle><PolyStyle><fill>0</fill></PolyStyle></Style>
	<ExtendedData><SchemaData schemaUrl="#merged">
		<SimpleData name="OID_">0</SimpleData>
		<SimpleData name="FolderPath">Document/shrishti_land_parcelsv1_new__polygons</SimpleData>
		<SimpleData name="SymbolID">0</SimpleData>
		<SimpleData name="AltMode">0</SimpleData>
		<SimpleData name="Base">0.00000000000</SimpleData>
		<SimpleData name="Clamped">-1</SimpleData>
		<SimpleData name="Extruded">0</SimpleData>
		<SimpleData name="PopupInfo">&lt;html xmlns:fo=&quot;http://www.w3.org/1999/XSL/Format&quot; xmlns:msxsl=&quot;urn:schemas-microsoft-com:xslt&quot;&gt;
&lt;head&gt;
&lt;META http-equiv=&quot;Content-Type&quot; content=&quot;text/html&quot;&gt;
&lt;meta http-equiv=&quot;content-type&quot; content=&quot;text/html; charset=UTF-8&quot;&gt;
&lt;/head&gt;
&lt;body style=&quot;margin:0</SimpleData>
		<SimpleData name="Shape_Leng">0.00171290565</SimpleData>
		<SimpleData name="Shape_Area">0.00000015857</SimpleData>
		<SimpleData name="Plantation">Existing</SimpleData>
		<SimpleData name="layer">Harichandanpur_existing</SimpleData>
		<SimpleData name="path">D:\Project\Shristi\4th_round\Harichandanpur_existing.shp</SimpleData>
	</SchemaData></ExtendedData>
      <MultiGeometry><Polygon><outerBoundaryIs><LinearRing><coordinates>85.7959972360001,21.190521932,0 85.795926588,21.1899864920001,0 85.7955732190001,21.189950126,0 85.7957380000001,21.1904801000001,0 85.7959972360001,21.190521932,0</coordinates></LinearRing></outerBoundaryIs></Polygon></MultiGeometry>
  </Placemark>
  <Placemark>
	<name>Placemark</name>
	<Style><LineStyle><color>ff0000ff</color></LineStyle><PolyStyle><fill>0</fill></PolyStyle></Style>
	<ExtendedData><SchemaData schemaUrl="#merged">
		<SimpleData name="OID_">0</SimpleData>
		<SimpleData name="FolderPath">Document/shrishti_land_parcelsv1_new__polygons</SimpleData>
		<SimpleData name="SymbolID">0</SimpleData>
		<SimpleData name="AltMode">0</SimpleData>
		<SimpleData name="Base">0.00000000000</SimpleData>
		<SimpleData name="Clamped">-1</SimpleData>
		<SimpleData name="Extruded">0</SimpleData>
		<SimpleData name="PopupInfo">&lt;html xmlns:fo=&quot;http://www.w3.org/1999/XSL/Format&quot; xmlns:msxsl=&quot;urn:schemas-microsoft-com:xslt&quot;&gt;
&lt;head&gt;
&lt;META http-equiv=&quot;Content-Type&quot; content=&quot;text/html&quot;&gt;
&lt;meta http-equiv=&quot;content-type&quot; content=&quot;text/html; charset=UTF-8&quot;&gt;
&lt;/head&gt;
&lt;body style=&quot;margin:0</SimpleData>
		<SimpleData name="Shape_Leng">0.00159216159</SimpleData>
		<SimpleData name="Shape_Area">0.00000012812</SimpleData>
		<SimpleData name="Plantation">Existing</SimpleData>
		<SimpleData name="layer">Harichandanpur_existing</SimpleData>
		<SimpleData name="path">D:\Project\Shristi\4th_round\Harichandanpur_existing.shp</SimpleData>
	</SchemaData></ExtendedData>
      <MultiGeometry><Polygon><outerBoundaryIs><LinearRing><coordinates>85.7957988100001,21.191194103,0 85.7956580250001,21.19063965,0 85.7955399430001,21.190670292,0 85.7954534880001,21.1912156110001,0 85.7957988100001,21.191194103,0</coordinates></LinearRing></outerBoundaryIs></Polygon></MultiGeometry>
  </Placemark>
  <Placemark>
	<name>Placemark</name>
	<Style><LineStyle><color>ff0000ff</color></LineStyle><PolyStyle><fill>0</fill></PolyStyle></Style>
	<ExtendedData><SchemaData schemaUrl="#merged">
		<SimpleData name="OID_">0</SimpleData>
		<SimpleData name="FolderPath">Document/shrishti_land_parcelsv1_new__polygons</SimpleData>
		<SimpleData name="SymbolID">0</SimpleData>
		<SimpleData name="AltMode">0</SimpleData>
		<SimpleData name="Base">0.00000000000</SimpleData>
		<SimpleData name="Clamped">-1</SimpleData>
		<SimpleData name="Extruded">0</SimpleData>
		<SimpleData name="PopupInfo">&lt;html xmlns:fo=&quot;http://www.w3.org/1999/XSL/Format&quot; xmlns:msxsl=&quot;urn:schemas-microsoft-com:xslt&quot;&gt;
&lt;head&gt;
&lt;META http-equiv=&quot;Content-Type&quot; content=&quot;text/html&quot;&gt;
&lt;meta http-equiv=&quot;content-type&quot; content=&quot;text/html; charset=UTF-8&quot;&gt;
&lt;/head&gt;
&lt;body style=&quot;margin:0</SimpleData>
		<SimpleData name="Shape_Leng">0.00199388380</SimpleData>
		<SimpleData name="Shape_Area">0.00000021722</SimpleData>
		<SimpleData name="Plantation">Existing</SimpleData>
		<SimpleData name="layer">Harichandanpur_existing</SimpleData>
		<SimpleData name="path">D:\Project\Shristi\4th_round\Harichandanpur_existing.shp</SimpleData>
	</SchemaData></ExtendedData>
      <MultiGeometry><Polygon><outerBoundaryIs><LinearRing><coordinates>85.795030045,21.1908922370001,0 85.7946778300001,21.190850961,0 85.7946364460001,21.1913085370001,0 85.7945647810001,21.191495236,0 85.794704885,21.1914607410001,0 85.7948776490001,21.191461459,0 85.7949912720001,21.191437524,0 85.795030045,21.1908922370001,0</coordinates></LinearRing></outerBoundaryIs></Polygon></MultiGeometry>
  </Placemark>
  <Placemark>
	<name>Placemark</name>
	<Style><LineStyle><color>ff0000ff</color></LineStyle><PolyStyle><fill>0</fill></PolyStyle></Style>
	<ExtendedData><SchemaData schemaUrl="#merged">
		<SimpleData name="OID_">0</SimpleData>
		<SimpleData name="FolderPath">Document/shrishti_land_parcelsv1_new__polygons</SimpleData>
		<SimpleData name="SymbolID">0</SimpleData>
		<SimpleData name="AltMode">0</SimpleData>
		<SimpleData name="Base">0.00000000000</SimpleData>
		<SimpleData name="Clamped">-1</SimpleData>
		<SimpleData name="Extruded">0</SimpleData>
		<SimpleData name="PopupInfo">&lt;html xmlns:fo=&quot;http://www.w3.org/1999/XSL/Format&quot; xmlns:msxsl=&quot;urn:schemas-microsoft-com:xslt&quot;&gt;
&lt;head&gt;
&lt;META http-equiv=&quot;Content-Type&quot; content=&quot;text/html&quot;&gt;
&lt;meta http-equiv=&quot;content-type&quot; content=&quot;text/html; charset=UTF-8&quot;&gt;
&lt;/head&gt;
&lt;body style=&quot;margin:0</SimpleData>
		<SimpleData name="Shape_Leng">0.00358780255</SimpleData>
		<SimpleData name="Shape_Area">0.00000047253</SimpleData>
		<SimpleData name="Plantation">Existing</SimpleData>
		<SimpleData name="layer">Harichandanpur_existing</SimpleData>
		<SimpleData name="path">D:\Project\Shristi\4th_round\Harichandanpur_existing.shp</SimpleData>
	</SchemaData></ExtendedData>
      <MultiGeometry><Polygon><outerBoundaryIs><LinearRing><coordinates>85.7941946270001,21.190833965,0 85.7942336250001,21.190306702,0 85.7936706020001,21.190253462,0 85.7936697810001,21.1904444100001,0 85.7932458560001,21.190561308,0 85.792962501,21.1905348390001,0 85.7929446850001,21.1907194720001,0 85.793332057,21.1908660390001,0 85.793336562,21.1907497620001,0 85.7937498320001,21.190784993,0 85.7941946270001,21.190833965,0</coordinates></LinearRing></outerBoundaryIs></Polygon></MultiGeometry>
  </Placemark>
  <Placemark>
	<name>Placemark</name>
	<Style><LineStyle><color>ff0000ff</color></LineStyle><PolyStyle><fill>0</fill></PolyStyle></Style>
	<ExtendedData><SchemaData schemaUrl="#merged">
		<SimpleData name="OID_">0</SimpleData>
		<SimpleData name="FolderPath">Document/shrishti_land_parcelsv1_new__polygons</SimpleData>
		<SimpleData name="SymbolID">0</SimpleData>
		<SimpleData name="AltMode">0</SimpleData>
		<SimpleData name="Base">0.00000000000</SimpleData>
		<SimpleData name="Clamped">-1</SimpleData>
		<SimpleData name="Extruded">0</SimpleData>
		<SimpleData name="PopupInfo">&lt;html xmlns:fo=&quot;http://www.w3.org/1999/XSL/Format&quot; xmlns:msxsl=&quot;urn:schemas-microsoft-com:xslt&quot;&gt;
&lt;head&gt;
&lt;META http-equiv=&quot;Content-Type&quot; content=&quot;text/html&quot;&gt;
&lt;meta http-equiv=&quot;content-type&quot; content=&quot;text/html; charset=UTF-8&quot;&gt;
&lt;/head&gt;
&lt;body style=&quot;margin:0</SimpleData>
		<SimpleData name="Shape_Leng">0.00282766773</SimpleData>
		<SimpleData name="Shape_Area">0.00000041868</SimpleData>
		<SimpleData name="Plantation">Existing</SimpleData>
		<SimpleData name="layer">Harichandanpur_existing</SimpleData>
		<SimpleData name="path">D:\Project\Shristi\4th_round\Harichandanpur_existing.shp</SimpleData>
	</SchemaData></ExtendedData>
      <MultiGeometry><Polygon><outerBoundaryIs><LinearRing><coordinates>85.7933580000001,21.1897761000001,0 85.793690504,21.1898616980001,0 85.7937447640001,21.1895654580001,0 85.7936382410001,21.189543929,0 85.793650165,21.1893287510001,0 85.7927755170001,21.189210646,0 85.7928866,21.1896964000001,0 85.7933580000001,21.1897761000001,0</coordinates></LinearRing></outerBoundaryIs></Polygon></MultiGeometry>
  </Placemark>
  <Placemark>
	<name>Placemark</name>
	<Style><LineStyle><color>ff0000ff</color></LineStyle><PolyStyle><fill>0</fill></PolyStyle></Style>
	<ExtendedData><SchemaData schemaUrl="#merged">
		<SimpleData name="OID_">0</SimpleData>
		<SimpleData name="FolderPath">Document/shrishti_land_parcelsv1_new__polygons</SimpleData>
		<SimpleData name="SymbolID">0</SimpleData>
		<SimpleData name="AltMode">0</SimpleData>
		<SimpleData name="Base">0.00000000000</SimpleData>
		<SimpleData name="Clamped">-1</SimpleData>
		<SimpleData name="Extruded">0</SimpleData>
		<SimpleData name="PopupInfo">&lt;html xmlns:fo=&quot;http://www.w3.org/1999/XSL/Format&quot; xmlns:msxsl=&quot;urn:schemas-microsoft-com:xslt&quot;&gt;
&lt;head&gt;
&lt;META http-equiv=&quot;Content-Type&quot; content=&quot;text/html&quot;&gt;
&lt;meta http-equiv=&quot;content-type&quot; content=&quot;text/html; charset=UTF-8&quot;&gt;
&lt;/head&gt;
&lt;body style=&quot;margin:0</SimpleData>
		<SimpleData name="Shape_Leng">0.00228058249</SimpleData>
		<SimpleData name="Shape_Area">0.00000031872</SimpleData>
		<SimpleData name="Plantation">Existing</SimpleData>
		<SimpleData name="layer">Harichandanpur_existing</SimpleData>
		<SimpleData name="path">D:\Project\Shristi\4th_round\Harichandanpur_existing.shp</SimpleData>
	</SchemaData></ExtendedData>
      <MultiGeometry><Polygon><outerBoundaryIs><LinearRing><coordinates>85.7937070630001,21.18912118,0 85.7936550000001,21.1895321000001,0 85.7942975770001,21.189574555,0 85.7942870000001,21.1890504,0 85.793704813,21.1890068760001,0 85.7937070630001,21.18912118,0</coordinates></LinearRing></outerBoundaryIs></Polygon></MultiGeometry>
  </Placemark>
  <Placemark>
	<name>Placemark</name>
	<Style><LineStyle><color>ff0000ff</color></LineStyle><PolyStyle><fill>0</fill></PolyStyle></Style>
	<ExtendedData><SchemaData schemaUrl="#merged">
		<SimpleData name="OID_">0</SimpleData>
		<SimpleData name="FolderPath">Document/shrishti_land_parcelsv1_new__polygons</SimpleData>
		<SimpleData name="SymbolID">0</SimpleData>
		<SimpleData name="AltMode">0</SimpleData>
		<SimpleData name="Base">0.00000000000</SimpleData>
		<SimpleData name="Clamped">-1</SimpleData>
		<SimpleData name="Extruded">0</SimpleData>
		<SimpleData name="PopupInfo">&lt;html xmlns:fo=&quot;http://www.w3.org/1999/XSL/Format&quot; xmlns:msxsl=&quot;urn:schemas-microsoft-com:xslt&quot;&gt;
&lt;head&gt;
&lt;META http-equiv=&quot;Content-Type&quot; content=&quot;text/html&quot;&gt;
&lt;meta http-equiv=&quot;content-type&quot; content=&quot;text/html; charset=UTF-8&quot;&gt;
&lt;/head&gt;
&lt;body style=&quot;margin:0</SimpleData>
		<SimpleData name="Shape_Leng">0.00348137408</SimpleData>
		<SimpleData name="Shape_Area">0.00000069014</SimpleData>
		<SimpleData name="Plantation">Existing</SimpleData>
		<SimpleData name="layer">Harichandanpur_existing</SimpleData>
		<SimpleData name="path">D:\Project\Shristi\4th_round\Harichandanpur_existing.shp</SimpleData>
	</SchemaData></ExtendedData>
      <MultiGeometry><Polygon><outerBoundaryIs><LinearRing><coordinates>85.793702442,21.1889783680001,0 85.7943057150001,21.1890353360001,0 85.794300574,21.1891056150001,0 85.7947239110001,21.189127258,0 85.794757153,21.1889655250001,0 85.7947239480001,21.188887182,0 85.7945108280001,21.1885736510001,0 85.7943378840001,21.1882991190001,0 85.794204699,21.188255987,0 85.7941247110001,21.1881566340001,0 85.7939521800001,21.1880676330001,0 85.793750366,21.1884272670001,0 85.793724872,21.188755863,0 85.793702442,21.1889783680001,0</coordinates></LinearRing></outerBoundaryIs></Polygon></MultiGeometry>
  </Placemark>
  <Placemark>
	<name>Placemark</name>
	<Style><LineStyle><color>ff0000ff</color></LineStyle><PolyStyle><fill>0</fill></PolyStyle></Style>
	<ExtendedData><SchemaData schemaUrl="#merged">
		<SimpleData name="OID_">0</SimpleData>
		<SimpleData name="FolderPath">Document/shrishti_land_parcelsv1_new__polygons</SimpleData>
		<SimpleData name="SymbolID">0</SimpleData>
		<SimpleData name="AltMode">0</SimpleData>
		<SimpleData name="Base">0.00000000000</SimpleData>
		<SimpleData name="Clamped">-1</SimpleData>
		<SimpleData name="Extruded">0</SimpleData>
		<SimpleData name="PopupInfo">&lt;html xmlns:fo=&quot;http://www.w3.org/1999/XSL/Format&quot; xmlns:msxsl=&quot;urn:schemas-microsoft-com:xslt&quot;&gt;
&lt;head&gt;
&lt;META http-equiv=&quot;Content-Type&quot; content=&quot;text/html&quot;&gt;
&lt;meta http-equiv=&quot;content-type&quot; content=&quot;text/html; charset=UTF-8&quot;&gt;
&lt;/head&gt;
&lt;body style=&quot;margin:0</SimpleData>
		<SimpleData name="Shape_Leng">0.00250412736</SimpleData>
		<SimpleData name="Shape_Area">0.00000023999</SimpleData>
		<SimpleData name="Plantation">Existing</SimpleData>
		<SimpleData name="layer">Harichandanpur_existing</SimpleData>
		<SimpleData name="path">D:\Project\Shristi\4th_round\Harichandanpur_existing.shp</SimpleData>
	</SchemaData></ExtendedData>
      <MultiGeometry><Polygon><outerBoundaryIs><LinearRing><coordinates>85.7950611000001,21.1895963000001,0 85.795160379,21.1896045030001,0 85.7951572900001,21.1895177220001,0 85.7952545950001,21.1894892340001,0 85.7952968050001,21.189584451,0 85.7955074710001,21.189483463,0 85.795374194,21.189364772,0 85.7954529340001,21.189255901,0 85.7954333930001,21.1891398380001,0 85.7953565230001,21.1890460330001,0 85.7952658870001,21.1890168140001,0 85.795223493,21.1890217340001,0 85.7950423350001,21.189061155,0 85.7950439300001,21.188891529,0 85.794908063,21.188918003,0 85.7950611000001,21.1895963000001,0</coordinates></LinearRing></outerBoundaryIs></Polygon></MultiGeometry>
  </Placemark>
  <Placemark>
	<name>Placemark</name>
	<Style><LineStyle><color>ff0000ff</color></LineStyle><PolyStyle><fill>0</fill></PolyStyle></Style>
	<ExtendedData><SchemaData schemaUrl="#merged">
		<SimpleData name="OID_">0</SimpleData>
		<SimpleData name="FolderPath">Document/shrishti_land_parcelsv1_new__polygons</SimpleData>
		<SimpleData name="SymbolID">0</SimpleData>
		<SimpleData name="AltMode">0</SimpleData>
		<SimpleData name="Base">0.00000000000</SimpleData>
		<SimpleData name="Clamped">-1</SimpleData>
		<SimpleData name="Extruded">0</SimpleData>
		<SimpleData name="PopupInfo">&lt;html xmlns:fo=&quot;http://www.w3.org/1999/XSL/Format&quot; xmlns:msxsl=&quot;urn:schemas-microsoft-com:xslt&quot;&gt;
&lt;head&gt;
&lt;META http-equiv=&quot;Content-Type&quot; content=&quot;text/html&quot;&gt;
&lt;meta http-equiv=&quot;content-type&quot; content=&quot;text/html; charset=UTF-8&quot;&gt;
&lt;/head&gt;
&lt;body style=&quot;margin:0</SimpleData>
		<SimpleData name="Shape_Leng">0.00209677390</SimpleData>
		<SimpleData name="Shape_Area">0.00000016367</SimpleData>
		<SimpleData name="Plantation">Existing</SimpleData>
		<SimpleData name="layer">Harichandanpur_existing</SimpleData>
		<SimpleData name="path">D:\Project\Shristi\4th_round\Harichandanpur_existing.shp</SimpleData>
	</SchemaData></ExtendedData>
      <MultiGeometry><Polygon><outerBoundaryIs><LinearRing><coordinates>85.7893897020001,21.1974336110001,0 85.7890013860001,21.1974383310001,0 85.7890110000001,21.1977218000001,0 85.7891198,21.197711,0 85.7891926990001,21.197717319,0 85.7892380320001,21.197896551,0 85.7891302500001,21.198042623,0 85.7893589720001,21.1980752470001,0 85.7893559980001,21.1978581860001,0 85.789390703,21.197670772,0 85.7893897020001,21.1974336110001,0</coordinates></LinearRing></outerBoundaryIs></Polygon></MultiGeometry>
  </Placemark>
  <Placemark>
	<name>Placemark</name>
	<Style><LineStyle><color>ff0000ff</color></LineStyle><PolyStyle><fill>0</fill></PolyStyle></Style>
	<ExtendedData><SchemaData schemaUrl="#merged">
		<SimpleData name="OID_">0</SimpleData>
		<SimpleData name="FolderPath">Document/shrishti_land_parcelsv1_new__polygons</SimpleData>
		<SimpleData name="SymbolID">0</SimpleData>
		<SimpleData name="AltMode">0</SimpleData>
		<SimpleData name="Base">0.00000000000</SimpleData>
		<SimpleData name="Clamped">-1</SimpleData>
		<SimpleData name="Extruded">0</SimpleData>
		<SimpleData name="PopupInfo">&lt;html xmlns:fo=&quot;http://www.w3.org/1999/XSL/Format&quot; xmlns:msxsl=&quot;urn:schemas-microsoft-com:xslt&quot;&gt;
&lt;head&gt;
&lt;META http-equiv=&quot;Content-Type&quot; content=&quot;text/html&quot;&gt;
&lt;meta http-equiv=&quot;content-type&quot; content=&quot;text/html; charset=UTF-8&quot;&gt;
&lt;/head&gt;
&lt;body style=&quot;margin:0</SimpleData>
		<SimpleData name="Shape_Leng">0.00210870989</SimpleData>
		<SimpleData name="Shape_Area">0.00000020196</SimpleData>
		<SimpleData name="Plantation">Existing</SimpleData>
		<SimpleData name="layer">Harichandanpur_existing</SimpleData>
		<SimpleData name="path">D:\Project\Shristi\4th_round\Harichandanpur_existing.shp</SimpleData>
	</SchemaData></ExtendedData>
      <MultiGeometry><Polygon><outerBoundaryIs><LinearRing><coordinates>85.7894092330001,21.1976168320001,0 85.7893756000001,21.1978742000001,0 85.7894011000001,21.1980233,0 85.7894489000001,21.1980661000001,0 85.789500402,21.198109049,0 85.7895728180001,21.198060899,0 85.7896496060001,21.198125985,0 85.7897239650001,21.198088973,0 85.7897225510001,21.1980112480001,0 85.7896309000001,21.1979243000001,0 85.789667131,21.1978284200001,0 85.7898020900001,21.197748216,0 85.789876468,21.1976203300001,0 85.7897588850001,21.1975901770001,0 85.789662664,21.197530484,0 85.7894914610001,21.1974612020001,0 85.7894077750001,21.197438404,0 85.7894092330001,21.1976168320001,0</coordinates></LinearRing></outerBoundaryIs></Polygon></MultiGeometry>
  </Placemark>
  <Placemark>
	<name>Placemark</name>
	<Style><LineStyle><color>ff0000ff</color></LineStyle><PolyStyle><fill>0</fill></PolyStyle></Style>
	<ExtendedData><SchemaData schemaUrl="#merged">
		<SimpleData name="OID_">0</SimpleData>
		<SimpleData name="FolderPath">Document/shrishti_land_parcelsv1_new__polygons</SimpleData>
		<SimpleData name="SymbolID">0</SimpleData>
		<SimpleData name="AltMode">0</SimpleData>
		<SimpleData name="Base">0.00000000000</SimpleData>
		<SimpleData name="Clamped">-1</SimpleData>
		<SimpleData name="Extruded">0</SimpleData>
		<SimpleData name="PopupInfo">&lt;html xmlns:fo=&quot;http://www.w3.org/1999/XSL/Format&quot; xmlns:msxsl=&quot;urn:schemas-microsoft-com:xslt&quot;&gt;
&lt;head&gt;
&lt;META http-equiv=&quot;Content-Type&quot; content=&quot;text/html&quot;&gt;
&lt;meta http-equiv=&quot;content-type&quot; content=&quot;text/html; charset=UTF-8&quot;&gt;
&lt;/head&gt;
&lt;body style=&quot;margin:0</SimpleData>
		<SimpleData name="Shape_Leng">0.00297011810</SimpleData>
		<SimpleData name="Shape_Area">0.00000016612</SimpleData>
		<SimpleData name="Plantation">Existing</SimpleData>
		<SimpleData name="layer">Harichandanpur_existing</SimpleData>
		<SimpleData name="path">D:\Project\Shristi\4th_round\Harichandanpur_existing.shp</SimpleData>
	</SchemaData></ExtendedData>
      <MultiGeometry><Polygon><outerBoundaryIs><LinearRing><coordinates>85.787967327,21.1969374170001,0 85.787704234,21.19693951,0 85.7877230510001,21.1970550340001,0 85.7876787420001,21.1970668390001,0 85.787643894,21.197024776,0 85.7876451260001,21.196894366,0 85.787585285,21.196793712,0 85.7874670530001,21.196607178,0 85.78739018,21.1966306730001,0 85.787393014,21.1967442980001,0 85.7873979140001,21.19684191,0 85.7875208070001,21.1969141210001,0 85.787449377,21.196964426,0 85.787485157,21.1970738210001,0 85.787415851,21.1970839030001,0 85.7872933660001,21.197164607,0 85.7873524110001,21.1972636680001,0 85.787463212,21.1972900230001,0 85.787515312,21.197125875,0 85.787579227,21.1970899880001,0 85.787683541,21.197152714,0 85.787703046,21.1972095150001,0 85.7877364060001,21.1972163180001,0 85.7877529610001,21.1971289530001,0 85.78796814,21.197109514,0 85.787967327,21.1969374170001,0</coordinates></LinearRing></outerBoundaryIs></Polygon></MultiGeometry>
  </Placemark>
  <Placemark>
	<name>Placemark</name>
	<Style><LineStyle><color>ff0000ff</color></LineStyle><PolyStyle><fill>0</fill></PolyStyle></Style>
	<ExtendedData><SchemaData schemaUrl="#merged">
		<SimpleData name="OID_">0</SimpleData>
		<SimpleData name="FolderPath">Document/shrishti_land_parcelsv1_new__polygons</SimpleData>
		<SimpleData name="SymbolID">0</SimpleData>
		<SimpleData name="AltMode">0</SimpleData>
		<SimpleData name="Base">0.00000000000</SimpleData>
		<SimpleData name="Clamped">-1</SimpleData>
		<SimpleData name="Extruded">0</SimpleData>
		<SimpleData name="PopupInfo">&lt;html xmlns:fo=&quot;http://www.w3.org/1999/XSL/Format&quot; xmlns:msxsl=&quot;urn:schemas-microsoft-com:xslt&quot;&gt;
&lt;head&gt;
&lt;META http-equiv=&quot;Content-Type&quot; content=&quot;text/html&quot;&gt;
&lt;meta http-equiv=&quot;content-type&quot; content=&quot;text/html; charset=UTF-8&quot;&gt;
&lt;/head&gt;
&lt;body style=&quot;margin:0</SimpleData>
		<SimpleData name="Shape_Leng">0.00377697381</SimpleData>
		<SimpleData name="Shape_Area">0.00000039253</SimpleData>
		<SimpleData name="Plantation">Existing</SimpleData>
		<SimpleData name="layer">Harichandanpur_existing</SimpleData>
		<SimpleData name="path">D:\Project\Shristi\4th_round\Harichandanpur_existing.shp</SimpleData>
	</SchemaData></ExtendedData>
      <MultiGeometry><Polygon><outerBoundaryIs><LinearRing><coordinates>85.787711137,21.197230571,0 85.7876129080001,21.197134094,0 85.7875304280001,21.197193391,0 85.787493775,21.1972684130001,0 85.787440813,21.197358395,0 85.787387424,21.197322554,0 85.7873825080001,21.197381325,0 85.7874030300001,21.197435636,0 85.787310227,21.1974827660001,0 85.787346975,21.197670579,0 85.7874547000001,21.197705967,0 85.7875177000001,21.1978178480001,0 85.787703305,21.197886528,0 85.78789032,21.197741708,0 85.787842315,21.197649671,0 85.787918371,21.197622127,0 85.7879568440001,21.19766535,0 85.788065697,21.197659995,0 85.7882200870001,21.1976945060001,0 85.788223246,21.1975666540001,0 85.7880740320001,21.197551552,0 85.7880659,21.1974747830001,0 85.788131031,21.1974407550001,0 85.7880845390001,21.197397317,0 85.788030942,21.1974268010001,0 85.7879367150001,21.197457077,0 85.7878274450001,21.1974766490001,0 85.787782312,21.1974619810001,0 85.7877866600001,21.197417585,0 85.7879302650001,21.1973733140001,0 85.7880142230001,21.1973167560001,0 85.788017316,21.1972382330001,0 85.78802217,21.1971192460001,0 85.7877690330001,21.1971407140001,0 85.7877458870001,21.1972314650001,0 85.787711137,21.197230571,0</coordinates></LinearRing></outerBoundaryIs></Polygon></MultiGeometry>
  </Placemark>
  <Placemark>
	<name>Placemark</name>
	<Style><LineStyle><color>ff0000ff</color></LineStyle><PolyStyle><fill>0</fill></PolyStyle></Style>
	<ExtendedData><SchemaData schemaUrl="#merged">
		<SimpleData name="OID_">0</SimpleData>
		<SimpleData name="FolderPath">Document/shrishti_land_parcelsv1_new__polygons</SimpleData>
		<SimpleData name="SymbolID">0</SimpleData>
		<SimpleData name="AltMode">0</SimpleData>
		<SimpleData name="Base">0.00000000000</SimpleData>
		<SimpleData name="Clamped">-1</SimpleData>
		<SimpleData name="Extruded">0</SimpleData>
		<SimpleData name="PopupInfo">&lt;html xmlns:fo=&quot;http://www.w3.org/1999/XSL/Format&quot; xmlns:msxsl=&quot;urn:schemas-microsoft-com:xslt&quot;&gt;
&lt;head&gt;
&lt;META http-equiv=&quot;Content-Type&quot; content=&quot;text/html&quot;&gt;
&lt;meta http-equiv=&quot;content-type&quot; content=&quot;text/html; charset=UTF-8&quot;&gt;
&lt;/head&gt;
&lt;body style=&quot;margin:0</SimpleData>
		<SimpleData name="Shape_Leng">0.00497651272</SimpleData>
		<SimpleData name="Shape_Area">0.00000107937</SimpleData>
		<SimpleData name="Plantation">Existing</SimpleData>
		<SimpleData name="layer">Harichandanpur_existing</SimpleData>
		<SimpleData name="path">D:\Project\Shristi\4th_round\Harichandanpur_existing.shp</SimpleData>
	</SchemaData></ExtendedData>
      <MultiGeometry><Polygon><outerBoundaryIs><LinearRing><coordinates>85.788925953,21.1970382010001,0 85.7891425550001,21.1971185790001,0 85.7892972130001,21.1971760970001,0 85.78932926,21.19739509,0 85.7894716660001,21.1974034190001,0 85.7895450170001,21.19717925,0 85.789680876,21.1971810050001,0 85.7895980230001,21.196304636,0 85.7888587310001,21.196391756,0 85.788477587,21.196373733,0 85.788462182,21.1970085340001,0 85.7884430000001,21.197363926,0 85.788665569,21.1974003550001,0 85.78890692,21.197417821,0 85.788925953,21.1970382010001,0</coordinates></LinearRing></outerBoundaryIs></Polygon></MultiGeometry>
  </Placemark>
  <Placemark>
	<name>Placemark</name>
	<Style><LineStyle><color>ff0000ff</color></LineStyle><PolyStyle><fill>0</fill></PolyStyle></Style>
	<ExtendedData><SchemaData schemaUrl="#merged">
		<SimpleData name="OID_">0</SimpleData>
		<SimpleData name="FolderPath">Document/shrishti_land_parcelsv1_new__polygons</SimpleData>
		<SimpleData name="SymbolID">0</SimpleData>
		<SimpleData name="AltMode">0</SimpleData>
		<SimpleData name="Base">0.00000000000</SimpleData>
		<SimpleData name="Clamped">-1</SimpleData>
		<SimpleData name="Extruded">0</SimpleData>
		<SimpleData name="PopupInfo">&lt;html xmlns:fo=&quot;http://www.w3.org/1999/XSL/Format&quot; xmlns:msxsl=&quot;urn:schemas-microsoft-com:xslt&quot;&gt;
&lt;head&gt;
&lt;META http-equiv=&quot;Content-Type&quot; content=&quot;text/html&quot;&gt;
&lt;meta http-equiv=&quot;content-type&quot; content=&quot;text/html; charset=UTF-8&quot;&gt;
&lt;/head&gt;
&lt;body style=&quot;margin:0</SimpleData>
		<SimpleData name="Shape_Leng">0.00322441963</SimpleData>
		<SimpleData name="Shape_Area">0.00000041616</SimpleData>
		<SimpleData name="Plantation">Existing</SimpleData>
		<SimpleData name="layer">Harichandanpur_existing</SimpleData>
		<SimpleData name="path">D:\Project\Shristi\4th_round\Harichandanpur_existing.shp</SimpleData>
	</SchemaData></ExtendedData>
      <MultiGeometry><Polygon><outerBoundaryIs><LinearRing><coordinates>85.7883264610001,21.1964881050001,0 85.788211554,21.196513866,0 85.788205696,21.1963313640001,0 85.788021787,21.196310586,0 85.7880404110001,21.1970996480001,0 85.7880547,21.1973748,0 85.7882253230001,21.1974242740001,0 85.788426224,21.1973283890001,0 85.7884436640001,21.1970947890001,0 85.7884538000001,21.1967722000001,0 85.7884635680001,21.196364546,0 85.788306617,21.1963392480001,0 85.7883264610001,21.1964881050001,0</coordinates></LinearRing></outerBoundaryIs></Polygon></MultiGeometry>
  </Placemark>
  <Placemark>
	<name>Placemark</name>
	<Style><LineStyle><color>ff0000ff</color></LineStyle><PolyStyle><fill>0</fill></PolyStyle></Style>
	<ExtendedData><SchemaData schemaUrl="#merged">
		<SimpleData name="OID_">0</SimpleData>
		<SimpleData name="FolderPath">Document/shrishti_land_parcelsv1_new__polygons</SimpleData>
		<SimpleData name="SymbolID">0</SimpleData>
		<SimpleData name="AltMode">0</SimpleData>
		<SimpleData name="Base">0.00000000000</SimpleData>
		<SimpleData name="Clamped">-1</SimpleData>
		<SimpleData name="Extruded">0</SimpleData>
		<SimpleData name="PopupInfo">&lt;html xmlns:fo=&quot;http://www.w3.org/1999/XSL/Format&quot; xmlns:msxsl=&quot;urn:schemas-microsoft-com:xslt&quot;&gt;
&lt;head&gt;
&lt;META http-equiv=&quot;Content-Type&quot; content=&quot;text/html&quot;&gt;
&lt;meta http-equiv=&quot;content-type&quot; content=&quot;text/html; charset=UTF-8&quot;&gt;
&lt;/head&gt;
&lt;body style=&quot;margin:0</SimpleData>
		<SimpleData name="Shape_Leng">0.00122859351</SimpleData>
		<SimpleData name="Shape_Area">0.00000009052</SimpleData>
		<SimpleData name="Plantation">Existing</SimpleData>
		<SimpleData name="layer">Harichandanpur_existing</SimpleData>
		<SimpleData name="path">D:\Project\Shristi\4th_round\Harichandanpur_existing.shp</SimpleData>
	</SchemaData></ExtendedData>
      <MultiGeometry><Polygon><outerBoundaryIs><LinearRing><coordinates>85.7889300620001,21.1974133840001,0 85.7892784900001,21.1974252260001,0 85.789295764,21.1973285550001,0 85.7891283700001,21.197127062,0 85.7889535320001,21.197076468,0 85.7889365360001,21.1973560280001,0 85.7889300620001,21.1974133840001,0</coordinates></LinearRing></outerBoundaryIs></Polygon></MultiGeometry>
  </Placemark>
  <Placemark>
	<name>Placemark</name>
	<Style><LineStyle><color>ff0000ff</color></LineStyle><PolyStyle><fill>0</fill></PolyStyle></Style>
	<ExtendedData><SchemaData schemaUrl="#merged">
		<SimpleData name="OID_">0</SimpleData>
		<SimpleData name="FolderPath">Document/shrishti_land_parcelsv1_new__polygons</SimpleData>
		<SimpleData name="SymbolID">0</SimpleData>
		<SimpleData name="AltMode">0</SimpleData>
		<SimpleData name="Base">0.00000000000</SimpleData>
		<SimpleData name="Clamped">-1</SimpleData>
		<SimpleData name="Extruded">0</SimpleData>
		<SimpleData name="PopupInfo">&lt;html xmlns:fo=&quot;http://www.w3.org/1999/XSL/Format&quot; xmlns:msxsl=&quot;urn:schemas-microsoft-com:xslt&quot;&gt;
&lt;head&gt;
&lt;META http-equiv=&quot;Content-Type&quot; content=&quot;text/html&quot;&gt;
&lt;meta http-equiv=&quot;content-type&quot; content=&quot;text/html; charset=UTF-8&quot;&gt;
&lt;/head&gt;
&lt;body style=&quot;margin:0</SimpleData>
		<SimpleData name="Shape_Leng">0.00272103281</SimpleData>
		<SimpleData name="Shape_Area">0.00000024962</SimpleData>
		<SimpleData name="Plantation">Existing</SimpleData>
		<SimpleData name="layer">Harichandanpur_existing</SimpleData>
		<SimpleData name="path">D:\Project\Shristi\4th_round\Harichandanpur_existing.shp</SimpleData>
	</SchemaData></ExtendedData>
      <MultiGeometry><Polygon><outerBoundaryIs><LinearRing><coordinates>85.788994567,21.197434399,0 85.7885026610001,21.1973988770001,0 85.7884917000001,21.1975636,0 85.788532,21.1975979000001,0 85.7886980100001,21.197723943,0 85.7889048380001,21.1977298890001,0 85.788909,21.1977642420001,0 85.7887165000001,21.1977491000001,0 85.7887675000001,21.1979507,0 85.7889049,21.1980192,0 85.7890266050001,21.198036223,0 85.789124879,21.197968991,0 85.7892014480001,21.197866516,0 85.789182242,21.1977281480001,0 85.7889881610001,21.1977358300001,0 85.788994567,21.197434399,0</coordinates></LinearRing></outerBoundaryIs></Polygon></MultiGeometry>
  </Placemark>
  <Placemark>
	<name>Placemark</name>
	<Style><LineStyle><color>ff0000ff</color></LineStyle><PolyStyle><fill>0</fill></PolyStyle></Style>
	<ExtendedData><SchemaData schemaUrl="#merged">
		<SimpleData name="OID_">0</SimpleData>
		<SimpleData name="FolderPath">Document/shrishti_land_parcelsv1_new__polygons</SimpleData>
		<SimpleData name="SymbolID">0</SimpleData>
		<SimpleData name="AltMode">0</SimpleData>
		<SimpleData name="Base">0.00000000000</SimpleData>
		<SimpleData name="Clamped">-1</SimpleData>
		<SimpleData name="Extruded">0</SimpleData>
		<SimpleData name="PopupInfo">&lt;html xmlns:fo=&quot;http://www.w3.org/1999/XSL/Format&quot; xmlns:msxsl=&quot;urn:schemas-microsoft-com:xslt&quot;&gt;
&lt;head&gt;
&lt;META http-equiv=&quot;Content-Type&quot; content=&quot;text/html&quot;&gt;
&lt;meta http-equiv=&quot;content-type&quot; content=&quot;text/html; charset=UTF-8&quot;&gt;
&lt;/head&gt;
&lt;body style=&quot;margin:0</SimpleData>
		<SimpleData name="Shape_Leng">0.00256663360</SimpleData>
		<SimpleData name="Shape_Area">0.00000031318</SimpleData>
		<SimpleData name="Plantation">Existing</SimpleData>
		<SimpleData name="layer">Harichandanpur_existing</SimpleData>
		<SimpleData name="path">D:\Project\Shristi\4th_round\Harichandanpur_existing.shp</SimpleData>
	</SchemaData></ExtendedData>
      <MultiGeometry><Polygon><outerBoundaryIs><LinearRing><coordinates>85.7875576000001,21.1966405000001,0 85.787692414,21.1969092410001,0 85.7879540920001,21.1969247850001,0 85.7879031850001,21.196737958,0 85.7878274670001,21.196723214,0 85.7878734430001,21.196644183,0 85.7879981790001,21.196581273,0 85.7879923180001,21.196288365,0 85.7878300620001,21.1962629180001,0 85.7877045270001,21.196164697,0 85.7875115430001,21.196077879,0 85.7874387140001,21.19607345,0 85.787403779,21.1962604030001,0 85.7875230000001,21.1965304,0 85.7875576000001,21.1966405000001,0</coordinates></LinearRing></outerBoundaryIs></Polygon></MultiGeometry>
  </Placemark>
  <Placemark>
	<name>Placemark</name>
	<Style><LineStyle><color>ff0000ff</color></LineStyle><PolyStyle><fill>0</fill></PolyStyle></Style>
	<ExtendedData><SchemaData schemaUrl="#merged">
		<SimpleData name="OID_">0</SimpleData>
		<SimpleData name="FolderPath">Document/shrishti_land_parcelsv1_new__polygons</SimpleData>
		<SimpleData name="SymbolID">0</SimpleData>
		<SimpleData name="AltMode">0</SimpleData>
		<SimpleData name="Base">0.00000000000</SimpleData>
		<SimpleData name="Clamped">-1</SimpleData>
		<SimpleData name="Extruded">0</SimpleData>
		<SimpleData name="PopupInfo">&lt;html xmlns:fo=&quot;http://www.w3.org/1999/XSL/Format&quot; xmlns:msxsl=&quot;urn:schemas-microsoft-com:xslt&quot;&gt;
&lt;head&gt;
&lt;META http-equiv=&quot;Content-Type&quot; content=&quot;text/html&quot;&gt;
&lt;meta http-equiv=&quot;content-type&quot; content=&quot;text/html; charset=UTF-8&quot;&gt;
&lt;/head&gt;
&lt;body style=&quot;margin:0</SimpleData>
		<SimpleData name="Shape_Leng">0.00165693664</SimpleData>
		<SimpleData name="Shape_Area">0.00000017504</SimpleData>
		<SimpleData name="Plantation">Existing</SimpleData>
		<SimpleData name="layer">Harichandanpur_existing</SimpleData>
		<SimpleData name="path">D:\Project\Shristi\4th_round\Harichandanpur_existing.shp</SimpleData>
	</SchemaData></ExtendedData>
      <MultiGeometry><Polygon><outerBoundaryIs><LinearRing><coordinates>85.8124550250001,21.28959644,0 85.8125085610001,21.2894080400001,0 85.8124054250001,21.2893651420001,0 85.8122889430001,21.2892540060001,0 85.8121682920001,21.289276436,0 85.812077005,21.289313266,0 85.81199517,21.289363693,0 85.8119562790001,21.2895282050001,0 85.812123586,21.289623695,0 85.8122706770001,21.289704554,0 85.8124078450001,21.289776874,0 85.8124550250001,21.28959644,0</coordinates></LinearRing></outerBoundaryIs></Polygon></MultiGeometry>
  </Placemark>
  <Placemark>
	<name>Placemark</name>
	<Style><LineStyle><color>ff0000ff</color></LineStyle><PolyStyle><fill>0</fill></PolyStyle></Style>
	<ExtendedData><SchemaData schemaUrl="#merged">
		<SimpleData name="OID_">0</SimpleData>
		<SimpleData name="FolderPath">Document/shrishti_land_parcelsv1_new__polygons</SimpleData>
		<SimpleData name="SymbolID">0</SimpleData>
		<SimpleData name="AltMode">0</SimpleData>
		<SimpleData name="Base">0.00000000000</SimpleData>
		<SimpleData name="Clamped">-1</SimpleData>
		<SimpleData name="Extruded">0</SimpleData>
		<SimpleData name="PopupInfo">&lt;html xmlns:fo=&quot;http://www.w3.org/1999/XSL/Format&quot; xmlns:msxsl=&quot;urn:schemas-microsoft-com:xslt&quot;&gt;
&lt;head&gt;
&lt;META http-equiv=&quot;Content-Type&quot; content=&quot;text/html&quot;&gt;
&lt;meta http-equiv=&quot;content-type&quot; content=&quot;text/html; charset=UTF-8&quot;&gt;
&lt;/head&gt;
&lt;body style=&quot;margin:0</SimpleData>
		<SimpleData name="Shape_Leng">0.00287646731</SimpleData>
		<SimpleData name="Shape_Area">0.00000032806</SimpleData>
		<SimpleData name="Plantation">Existing</SimpleData>
		<SimpleData name="layer">Harichandanpur_existing</SimpleData>
		<SimpleData name="path">D:\Project\Shristi\4th_round\Harichandanpur_existing.shp</SimpleData>
	</SchemaData></ExtendedData>
      <MultiGeometry><Polygon><outerBoundaryIs><LinearRing><coordinates>85.7954562470001,21.1996665080001,0 85.7952390770001,21.1998433680001,0 85.795280657,21.199883046,0 85.7953341360001,21.19995563,0 85.7954367,21.2000453000001,0 85.7955781000001,21.2002066000001,0 85.7957849000001,21.200414,0 85.7958052850001,21.2005073770001,0 85.795881105,21.200500585,0 85.7960453620001,21.2003227170001,0 85.7961517420001,21.2004501930001,0 85.7961964890001,21.2001429420001,0 85.7959307660001,21.200022774,0 85.795822495,21.199944692,0 85.7956704270001,21.1999260050001,0 85.7954562470001,21.1996665080001,0</coordinates></LinearRing></outerBoundaryIs></Polygon></MultiGeometry>
  </Placemark>
  <Placemark>
	<name>Placemark</name>
	<Style><LineStyle><color>ff0000ff</color></LineStyle><PolyStyle><fill>0</fill></PolyStyle></Style>
	<ExtendedData><SchemaData schemaUrl="#merged">
		<SimpleData name="OID_">0</SimpleData>
		<SimpleData name="FolderPath">Document/shrishti_land_parcelsv1_new__polygons</SimpleData>
		<SimpleData name="SymbolID">0</SimpleData>
		<SimpleData name="AltMode">0</SimpleData>
		<SimpleData name="Base">0.00000000000</SimpleData>
		<SimpleData name="Clamped">-1</SimpleData>
		<SimpleData name="Extruded">0</SimpleData>
		<SimpleData name="PopupInfo">&lt;html xmlns:fo=&quot;http://www.w3.org/1999/XSL/Format&quot; xmlns:msxsl=&quot;urn:schemas-microsoft-com:xslt&quot;&gt;
&lt;head&gt;
&lt;META http-equiv=&quot;Content-Type&quot; content=&quot;text/html&quot;&gt;
&lt;meta http-equiv=&quot;content-type&quot; content=&quot;text/html; charset=UTF-8&quot;&gt;
&lt;/head&gt;
&lt;body style=&quot;margin:0</SimpleData>
		<SimpleData name="Shape_Leng">0.00194285342</SimpleData>
		<SimpleData name="Shape_Area">0.00000012860</SimpleData>
		<SimpleData name="Plantation">Existing</SimpleData>
		<SimpleData name="layer">Harichandanpur_existing</SimpleData>
		<SimpleData name="path">D:\Project\Shristi\4th_round\Harichandanpur_existing.shp</SimpleData>
	</SchemaData></ExtendedData>
      <MultiGeometry><Polygon><outerBoundaryIs><LinearRing><coordinates>85.7953366930001,21.1993235090001,0 85.7950633790001,21.1995867730001,0 85.7951462950001,21.1996547140001,0 85.7951019490001,21.199717579,0 85.795039623,21.199707006,0 85.7949334140001,21.1997810870001,0 85.7949812000001,21.1998276,0 85.795159863,21.199923905,0 85.7952296560001,21.199844082,0 85.795201789,21.199778746,0 85.7952978640001,21.1996757650001,0 85.795332595,21.1997534440001,0 85.7954515440001,21.199643784,0 85.795371081,21.199470836,0 85.7953834990001,21.1994018340001,0 85.7953366930001,21.1993235090001,0</coordinates></LinearRing></outerBoundaryIs></Polygon></MultiGeometry>
  </Placemark>
  <Placemark>
	<name>Placemark</name>
	<Style><LineStyle><color>ff0000ff</color></LineStyle><PolyStyle><fill>0</fill></PolyStyle></Style>
	<ExtendedData><SchemaData schemaUrl="#merged">
		<SimpleData name="OID_">0</SimpleData>
		<SimpleData name="FolderPath">Document/shrishti_land_parcelsv1_new__polygons</SimpleData>
		<SimpleData name="SymbolID">0</SimpleData>
		<SimpleData name="AltMode">0</SimpleData>
		<SimpleData name="Base">0.00000000000</SimpleData>
		<SimpleData name="Clamped">-1</SimpleData>
		<SimpleData name="Extruded">0</SimpleData>
		<SimpleData name="PopupInfo">&lt;html xmlns:fo=&quot;http://www.w3.org/1999/XSL/Format&quot; xmlns:msxsl=&quot;urn:schemas-microsoft-com:xslt&quot;&gt;
&lt;head&gt;
&lt;META http-equiv=&quot;Content-Type&quot; content=&quot;text/html&quot;&gt;
&lt;meta http-equiv=&quot;content-type&quot; content=&quot;text/html; charset=UTF-8&quot;&gt;
&lt;/head&gt;
&lt;body style=&quot;margin:0</SimpleData>
		<SimpleData name="Shape_Leng">0.00123939804</SimpleData>
		<SimpleData name="Shape_Area">0.00000007110</SimpleData>
		<SimpleData name="Plantation">Existing</SimpleData>
		<SimpleData name="layer">Harichandanpur_existing</SimpleData>
		<SimpleData name="path">D:\Project\Shristi\4th_round\Harichandanpur_existing.shp</SimpleData>
	</SchemaData></ExtendedData>
      <MultiGeometry><Polygon><outerBoundaryIs><LinearRing><coordinates>85.7947849590001,21.1995307390001,0 85.7948886450001,21.1996228780001,0 85.7949636910001,21.199535607,0 85.7949970120001,21.1995751760001,0 85.7950402970001,21.1995328670001,0 85.795020923,21.19944659,0 85.7950646510001,21.1994092200001,0 85.7950926,21.199435631,0 85.7951547930001,21.1994091810001,0 85.7950640830001,21.1992413890001,0 85.7948456700001,21.1993581830001,0 85.7947849590001,21.1995307390001,0</coordinates></LinearRing></outerBoundaryIs></Polygon></MultiGeometry>
  </Placemark>
  <Placemark>
	<name>Placemark</name>
	<Style><LineStyle><color>ff0000ff</color></LineStyle><PolyStyle><fill>0</fill></PolyStyle></Style>
	<ExtendedData><SchemaData schemaUrl="#merged">
		<SimpleData name="OID_">0</SimpleData>
		<SimpleData name="FolderPath">Document/shrishti_land_parcelsv1_new__polygons</SimpleData>
		<SimpleData name="SymbolID">0</SimpleData>
		<SimpleData name="AltMode">0</SimpleData>
		<SimpleData name="Base">0.00000000000</SimpleData>
		<SimpleData name="Clamped">-1</SimpleData>
		<SimpleData name="Extruded">0</SimpleData>
		<SimpleData name="PopupInfo">&lt;html xmlns:fo=&quot;http://www.w3.org/1999/XSL/Format&quot; xmlns:msxsl=&quot;urn:schemas-microsoft-com:xslt&quot;&gt;
&lt;head&gt;
&lt;META http-equiv=&quot;Content-Type&quot; content=&quot;text/html&quot;&gt;
&lt;meta http-equiv=&quot;content-type&quot; content=&quot;text/html; charset=UTF-8&quot;&gt;
&lt;/head&gt;
&lt;body style=&quot;margin:0</SimpleData>
		<SimpleData name="Shape_Leng">0.00248079691</SimpleData>
		<SimpleData name="Shape_Area">0.00000027316</SimpleData>
		<SimpleData name="Plantation">Existing</SimpleData>
		<SimpleData name="layer">Harichandanpur_existing</SimpleData>
		<SimpleData name="path">D:\Project\Shristi\4th_round\Harichandanpur_existing.shp</SimpleData>
	</SchemaData></ExtendedData>
      <MultiGeometry><Polygon><outerBoundaryIs><LinearRing><coordinates>85.791151422,21.198776992,0 85.7913148010001,21.198562555,0 85.7912828620001,21.198397798,0 85.7910396,21.198222,0 85.7905218550001,21.198456632,0 85.7905373080001,21.1985815940001,0 85.7905931270001,21.1986199200001,0 85.790674831,21.1985299290001,0 85.790813127,21.1988071060001,0 85.7909519990001,21.1988156960001,0 85.7909541440001,21.198701102,0 85.7910849300001,21.198640374,0 85.791151422,21.198776992,0</coordinates></LinearRing></outerBoundaryIs></Polygon></MultiGeometry>
  </Placemark>
  <Placemark>
	<name>Placemark</name>
	<Style><LineStyle><color>ff0000ff</color></LineStyle><PolyStyle><fill>0</fill></PolyStyle></Style>
	<ExtendedData><SchemaData schemaUrl="#merged">
		<SimpleData name="OID_">0</SimpleData>
		<SimpleData name="FolderPath">Document/shrishti_land_parcelsv1_new__polygons</SimpleData>
		<SimpleData name="SymbolID">0</SimpleData>
		<SimpleData name="AltMode">0</SimpleData>
		<SimpleData name="Base">0.00000000000</SimpleData>
		<SimpleData name="Clamped">-1</SimpleData>
		<SimpleData name="Extruded">0</SimpleData>
		<SimpleData name="PopupInfo">&lt;html xmlns:fo=&quot;http://www.w3.org/1999/XSL/Format&quot; xmlns:msxsl=&quot;urn:schemas-microsoft-com:xslt&quot;&gt;
&lt;head&gt;
&lt;META http-equiv=&quot;Content-Type&quot; content=&quot;text/html&quot;&gt;
&lt;meta http-equiv=&quot;content-type&quot; content=&quot;text/html; charset=UTF-8&quot;&gt;
&lt;/head&gt;
&lt;body style=&quot;margin:0</SimpleData>
		<SimpleData name="Shape_Leng">0.00279826093</SimpleData>
		<SimpleData name="Shape_Area">0.00000032185</SimpleData>
		<SimpleData name="Plantation">Existing</SimpleData>
		<SimpleData name="layer">Harichandanpur_existing</SimpleData>
		<SimpleData name="path">D:\Project\Shristi\4th_round\Harichandanpur_existing.shp</SimpleData>
	</SchemaData></ExtendedData>
      <MultiGeometry><Polygon><outerBoundaryIs><LinearRing><coordinates>85.790456185,21.1979147660001,0 85.7904222610001,21.197962795,0 85.7903400690001,21.1979573740001,0 85.7902552,21.1980491530001,0 85.7903335540001,21.1981826470001,0 85.7903927040001,21.19832932,0 85.7903218380001,21.198372351,0 85.7902119560001,21.198415873,0 85.7901885750001,21.1984846300001,0 85.7903039990001,21.1985341910001,0 85.790469989,21.198538811,0 85.7905153620001,21.198429043,0 85.7908064760001,21.1983174740001,0 85.791012294,21.1982204610001,0 85.7906654540001,21.1978006950001,0 85.790559375,21.1978647030001,0 85.7904801070001,21.1977684240001,0 85.7903981580001,21.1978508770001,0 85.790456185,21.1979147660001,0</coordinates></LinearRing></outerBoundaryIs></Polygon></MultiGeometry>
  </Placemark>
  <Placemark>
	<name>Placemark</name>
	<Style><LineStyle><color>ff0000ff</color></LineStyle><PolyStyle><fill>0</fill></PolyStyle></Style>
	<ExtendedData><SchemaData schemaUrl="#merged">
		<SimpleData name="OID_">0</SimpleData>
		<SimpleData name="FolderPath">Document/shrishti_land_parcelsv1_new__polygons</SimpleData>
		<SimpleData name="SymbolID">0</SimpleData>
		<SimpleData name="AltMode">0</SimpleData>
		<SimpleData name="Base">0.00000000000</SimpleData>
		<SimpleData name="Clamped">-1</SimpleData>
		<SimpleData name="Extruded">0</SimpleData>
		<SimpleData name="PopupInfo">&lt;html xmlns:fo=&quot;http://www.w3.org/1999/XSL/Format&quot; xmlns:msxsl=&quot;urn:schemas-microsoft-com:xslt&quot;&gt;
&lt;head&gt;
&lt;META http-equiv=&quot;Content-Type&quot; content=&quot;text/html&quot;&gt;
&lt;meta http-equiv=&quot;content-type&quot; content=&quot;text/html; charset=UTF-8&quot;&gt;
&lt;/head&gt;
&lt;body style=&quot;margin:0</SimpleData>
		<SimpleData name="Shape_Leng">0.00293253816</SimpleData>
		<SimpleData name="Shape_Area">0.00000031305</SimpleData>
		<SimpleData name="Plantation">Existing</SimpleData>
		<SimpleData name="layer">Harichandanpur_existing</SimpleData>
		<SimpleData name="path">D:\Project\Shristi\4th_round\Harichandanpur_existing.shp</SimpleData>
	</SchemaData></ExtendedData>
      <MultiGeometry><Polygon><outerBoundaryIs><LinearRing><coordinates>85.7900451180001,21.1979255950001,0 85.790266354,21.198019287,0 85.7905139260001,21.1976872810001,0 85.7903914680001,21.1976040330001,0 85.7903012670001,21.197564609,0 85.7901438750001,21.197520922,0 85.7900428550001,21.19749282,0 85.78996655,21.1974668170001,0 85.789935975,21.1974663940001,0 85.789851464,21.197684919,0 85.789850442,21.1977785880001,0 85.7898005660001,21.1978915390001,0 85.7897561870001,21.1978059690001,0 85.7897019320001,21.1978784890001,0 85.7897590420001,21.198024968,0 85.7897349190001,21.198101798,0 85.7896657050001,21.1981530910001,0 85.7897495650001,21.1982212410001,0 85.7898344820001,21.1980943,0 85.7899503390001,21.1980820110001,0 85.7899888480001,21.198143552,0 85.7900553900001,21.198052181,0 85.7900451180001,21.1979255950001,0</coordinates></LinearRing></outerBoundaryIs></Polygon></MultiGeometry>
  </Placemark>
  <Placemark>
	<name>Placemark</name>
	<Style><LineStyle><color>ff0000ff</color></LineStyle><PolyStyle><fill>0</fill></PolyStyle></Style>
	<ExtendedData><SchemaData schemaUrl="#merged">
		<SimpleData name="OID_">0</SimpleData>
		<SimpleData name="FolderPath">Document/shrishti_land_parcelsv1_new__polygons</SimpleData>
		<SimpleData name="SymbolID">0</SimpleData>
		<SimpleData name="AltMode">0</SimpleData>
		<SimpleData name="Base">0.00000000000</SimpleData>
		<SimpleData name="Clamped">-1</SimpleData>
		<SimpleData name="Extruded">0</SimpleData>
		<SimpleData name="PopupInfo">&lt;html xmlns:fo=&quot;http://www.w3.org/1999/XSL/Format&quot; xmlns:msxsl=&quot;urn:schemas-microsoft-com:xslt&quot;&gt;
&lt;head&gt;
&lt;META http-equiv=&quot;Content-Type&quot; content=&quot;text/html&quot;&gt;
&lt;meta http-equiv=&quot;content-type&quot; content=&quot;text/html; charset=UTF-8&quot;&gt;
&lt;/head&gt;
&lt;body style=&quot;margin:0</SimpleData>
		<SimpleData name="Shape_Leng">0.00137868955</SimpleData>
		<SimpleData name="Shape_Area">0.00000008417</SimpleData>
		<SimpleData name="Plantation">Existing</SimpleData>
		<SimpleData name="layer">Harichandanpur_existing</SimpleData>
		<SimpleData name="path">D:\Project\Shristi\4th_round\Harichandanpur_existing.shp</SimpleData>
	</SchemaData></ExtendedData>
      <MultiGeometry><Polygon><outerBoundaryIs><LinearRing><coordinates>85.7853671140001,21.1950016120001,0 85.7855004,21.1950666000001,0 85.7855371220001,21.1950589950001,0 85.7855092510001,21.1948962810001,0 85.7855227310001,21.1948438380001,0 85.7855710360001,21.194843222,0 85.785587423,21.1947229040001,0 85.785310817,21.1945352930001,0 85.7853671140001,21.1950016120001,0</coordinates></LinearRing></outerBoundaryIs></Polygon></MultiGeometry>
  </Placemark>
  <Placemark>
	<name>Placemark</name>
	<Style><LineStyle><color>ff0000ff</color></LineStyle><PolyStyle><fill>0</fill></PolyStyle></Style>
	<ExtendedData><SchemaData schemaUrl="#merged">
		<SimpleData name="OID_">0</SimpleData>
		<SimpleData name="FolderPath">Document/shrishti_land_parcelsv1_new__polygons</SimpleData>
		<SimpleData name="SymbolID">0</SimpleData>
		<SimpleData name="AltMode">0</SimpleData>
		<SimpleData name="Base">0.00000000000</SimpleData>
		<SimpleData name="Clamped">-1</SimpleData>
		<SimpleData name="Extruded">0</SimpleData>
		<SimpleData name="PopupInfo">&lt;html xmlns:fo=&quot;http://www.w3.org/1999/XSL/Format&quot; xmlns:msxsl=&quot;urn:schemas-microsoft-com:xslt&quot;&gt;
&lt;head&gt;
&lt;META http-equiv=&quot;Content-Type&quot; content=&quot;text/html&quot;&gt;
&lt;meta http-equiv=&quot;content-type&quot; content=&quot;text/html; charset=UTF-8&quot;&gt;
&lt;/head&gt;
&lt;body style=&quot;margin:0</SimpleData>
		<SimpleData name="Shape_Leng">0.00166403838</SimpleData>
		<SimpleData name="Shape_Area">0.00000017490</SimpleData>
		<SimpleData name="Plantation">Existing</SimpleData>
		<SimpleData name="layer">Harichandanpur_existing</SimpleData>
		<SimpleData name="path">D:\Project\Shristi\4th_round\Harichandanpur_existing.shp</SimpleData>
	</SchemaData></ExtendedData>
      <MultiGeometry><Polygon><outerBoundaryIs><LinearRing><coordinates>85.7853417000001,21.1949986000001,0 85.7852958120001,21.1945318800001,0 85.7851121030001,21.194549733,0 85.784987947,21.1945673980001,0 85.7850012000001,21.1949097,0 85.785007684,21.1950124910001,0 85.7850806000001,21.1951159000001,0 85.7852305000001,21.1951179000001,0 85.7853417000001,21.1949986000001,0</coordinates></LinearRing></outerBoundaryIs></Polygon></MultiGeometry>
  </Placemark>
  <Placemark>
	<name>Placemark</name>
	<Style><LineStyle><color>ff0000ff</color></LineStyle><PolyStyle><fill>0</fill></PolyStyle></Style>
	<ExtendedData><SchemaData schemaUrl="#merged">
		<SimpleData name="OID_">0</SimpleData>
		<SimpleData name="FolderPath">Document/shrishti_land_parcelsv1_new__polygons</SimpleData>
		<SimpleData name="SymbolID">0</SimpleData>
		<SimpleData name="AltMode">0</SimpleData>
		<SimpleData name="Base">0.00000000000</SimpleData>
		<SimpleData name="Clamped">-1</SimpleData>
		<SimpleData name="Extruded">0</SimpleData>
		<SimpleData name="PopupInfo">&lt;html xmlns:fo=&quot;http://www.w3.org/1999/XSL/Format&quot; xmlns:msxsl=&quot;urn:schemas-microsoft-com:xslt&quot;&gt;
&lt;head&gt;
&lt;META http-equiv=&quot;Content-Type&quot; content=&quot;text/html&quot;&gt;
&lt;meta http-equiv=&quot;content-type&quot; content=&quot;text/html; charset=UTF-8&quot;&gt;
&lt;/head&gt;
&lt;body style=&quot;margin:0</SimpleData>
		<SimpleData name="Shape_Leng">0.00141888080</SimpleData>
		<SimpleData name="Shape_Area">0.00000012487</SimpleData>
		<SimpleData name="Plantation">Existing</SimpleData>
		<SimpleData name="layer">Harichandanpur_existing</SimpleData>
		<SimpleData name="path">D:\Project\Shristi\4th_round\Harichandanpur_existing.shp</SimpleData>
	</SchemaData></ExtendedData>
      <MultiGeometry><Polygon><outerBoundaryIs><LinearRing><coordinates>85.784989587,21.194955324,0 85.7849814740001,21.1945656890001,0 85.7846901720001,21.194602908,0 85.784684192,21.19475091,0 85.784688648,21.1948494060001,0 85.784653876,21.1949438400001,0 85.784918668,21.1950361670001,0 85.7849407,21.1950152000001,0 85.784989587,21.194955324,0</coordinates></LinearRing></outerBoundaryIs></Polygon></MultiGeometry>
  </Placemark>
  <Placemark>
	<name>Placemark</name>
	<Style><LineStyle><color>ff0000ff</color></LineStyle><PolyStyle><fill>0</fill></PolyStyle></Style>
	<ExtendedData><SchemaData schemaUrl="#merged">
		<SimpleData name="OID_">0</SimpleData>
		<SimpleData name="FolderPath">Document/shrishti_land_parcelsv1_new__polygons</SimpleData>
		<SimpleData name="SymbolID">0</SimpleData>
		<SimpleData name="AltMode">0</SimpleData>
		<SimpleData name="Base">0.00000000000</SimpleData>
		<SimpleData name="Clamped">-1</SimpleData>
		<SimpleData name="Extruded">0</SimpleData>
		<SimpleData name="PopupInfo">&lt;html xmlns:fo=&quot;http://www.w3.org/1999/XSL/Format&quot; xmlns:msxsl=&quot;urn:schemas-microsoft-com:xslt&quot;&gt;
&lt;head&gt;
&lt;META http-equiv=&quot;Content-Type&quot; content=&quot;text/html&quot;&gt;
&lt;meta http-equiv=&quot;content-type&quot; content=&quot;text/html; charset=UTF-8&quot;&gt;
&lt;/head&gt;
&lt;body style=&quot;margin:0</SimpleData>
		<SimpleData name="Shape_Leng">0.00167061124</SimpleData>
		<SimpleData name="Shape_Area">0.00000016690</SimpleData>
		<SimpleData name="Plantation">Existing</SimpleData>
		<SimpleData name="layer">Harichandanpur_existing</SimpleData>
		<SimpleData name="path">D:\Project\Shristi\4th_round\Harichandanpur_existing.shp</SimpleData>
	</SchemaData></ExtendedData>
      <MultiGeometry><Polygon><outerBoundaryIs><LinearRing><coordinates>85.7854933570001,21.1952134060001,0 85.785475316,21.19530066,0 85.7858294010001,21.1954757240001,0 85.7859103630001,21.195379986,0 85.785870242,21.1949473500001,0 85.7855298320001,21.194956744,0 85.785558704,21.195148777,0 85.7854933570001,21.1952134060001,0</coordinates></LinearRing></outerBoundaryIs></Polygon></MultiGeometry>
  </Placemark>
  <Placemark>
	<name>Placemark</name>
	<Style><LineStyle><color>ff0000ff</color></LineStyle><PolyStyle><fill>0</fill></PolyStyle></Style>
	<ExtendedData><SchemaData schemaUrl="#merged">
		<SimpleData name="OID_">0</SimpleData>
		<SimpleData name="FolderPath">Document/shrishti_land_parcelsv1_new__polygons</SimpleData>
		<SimpleData name="SymbolID">0</SimpleData>
		<SimpleData name="AltMode">0</SimpleData>
		<SimpleData name="Base">0.00000000000</SimpleData>
		<SimpleData name="Clamped">-1</SimpleData>
		<SimpleData name="Extruded">0</SimpleData>
		<SimpleData name="PopupInfo">&lt;html xmlns:fo=&quot;http://www.w3.org/1999/XSL/Format&quot; xmlns:msxsl=&quot;urn:schemas-microsoft-com:xslt&quot;&gt;
&lt;head&gt;
&lt;META http-equiv=&quot;Content-Type&quot; content=&quot;text/html&quot;&gt;
&lt;meta http-equiv=&quot;content-type&quot; content=&quot;text/html; charset=UTF-8&quot;&gt;
&lt;/head&gt;
&lt;body style=&quot;margin:0</SimpleData>
		<SimpleData name="Shape_Leng">0.00149998733</SimpleData>
		<SimpleData name="Shape_Area">0.00000011210</SimpleData>
		<SimpleData name="Plantation">Existing</SimpleData>
		<SimpleData name="layer">Harichandanpur_existing</SimpleData>
		<SimpleData name="path">D:\Project\Shristi\4th_round\Harichandanpur_existing.shp</SimpleData>
	</SchemaData></ExtendedData>
      <MultiGeometry><Polygon><outerBoundaryIs><LinearRing><coordinates>85.7869638820001,21.19588327,0 85.7869049910001,21.1958639040001,0 85.7868568040001,21.195874561,0 85.7867594670001,21.1959600330001,0 85.7867634660001,21.196000812,0 85.7867588140001,21.196122401,0 85.7866403530001,21.19618919,0 85.786657952,21.1963357130001,0 85.7867206860001,21.196371851,0 85.786795091,21.196320455,0 85.7869002520001,21.196366131,0 85.7869756970001,21.1961975630001,0 85.786995899,21.196069478,0 85.7869470200001,21.196051347,0 85.7869638820001,21.19588327,0</coordinates></LinearRing></outerBoundaryIs></Polygon></MultiGeometry>
  </Placemark>
  <Placemark>
	<name>Placemark</name>
	<Style><LineStyle><color>ff0000ff</color></LineStyle><PolyStyle><fill>0</fill></PolyStyle></Style>
	<ExtendedData><SchemaData schemaUrl="#merged">
		<SimpleData name="OID_">0</SimpleData>
		<SimpleData name="FolderPath">Document/shrishti_land_parcelsv1_new__polygons</SimpleData>
		<SimpleData name="SymbolID">0</SimpleData>
		<SimpleData name="AltMode">0</SimpleData>
		<SimpleData name="Base">0.00000000000</SimpleData>
		<SimpleData name="Clamped">-1</SimpleData>
		<SimpleData name="Extruded">0</SimpleData>
		<SimpleData name="PopupInfo">&lt;html xmlns:fo=&quot;http://www.w3.org/1999/XSL/Format&quot; xmlns:msxsl=&quot;urn:schemas-microsoft-com:xslt&quot;&gt;
&lt;head&gt;
&lt;META http-equiv=&quot;Content-Type&quot; content=&quot;text/html&quot;&gt;
&lt;meta http-equiv=&quot;content-type&quot; content=&quot;text/html; charset=UTF-8&quot;&gt;
&lt;/head&gt;
&lt;body style=&quot;margin:0</SimpleData>
		<SimpleData name="Shape_Leng">0.00124731502</SimpleData>
		<SimpleData name="Shape_Area">0.00000008124</SimpleData>
		<SimpleData name="Plantation">Existing</SimpleData>
		<SimpleData name="layer">Harichandanpur_existing</SimpleData>
		<SimpleData name="path">D:\Project\Shristi\4th_round\Harichandanpur_existing.shp</SimpleData>
	</SchemaData></ExtendedData>
      <MultiGeometry><Polygon><outerBoundaryIs><LinearRing><coordinates>85.786744158,21.196082506,0 85.7867434190001,21.1959942550001,0 85.7867078520001,21.195999586,0 85.786623106,21.196002423,0 85.7866117330001,21.195954418,0 85.7865238910001,21.195876621,0 85.786361807,21.195968985,0 85.786423196,21.1962255220001,0 85.7864793860001,21.196269692,0 85.7865306510001,21.1962397360001,0 85.786536567,21.196178161,0 85.7866112120001,21.196142159,0 85.786744158,21.196082506,0</coordinates></LinearRing></outerBoundaryIs></Polygon></MultiGeometry>
  </Placemark>
  <Placemark>
	<name>Placemark</name>
	<Style><LineStyle><color>ff0000ff</color></LineStyle><PolyStyle><fill>0</fill></PolyStyle></Style>
	<ExtendedData><SchemaData schemaUrl="#merged">
		<SimpleData name="OID_">0</SimpleData>
		<SimpleData name="FolderPath">Document/shrishti_land_parcelsv1_new__polygons</SimpleData>
		<SimpleData name="SymbolID">0</SimpleData>
		<SimpleData name="AltMode">0</SimpleData>
		<SimpleData name="Base">0.00000000000</SimpleData>
		<SimpleData name="Clamped">-1</SimpleData>
		<SimpleData name="Extruded">0</SimpleData>
		<SimpleData name="PopupInfo">&lt;html xmlns:fo=&quot;http://www.w3.org/1999/XSL/Format&quot; xmlns:msxsl=&quot;urn:schemas-microsoft-com:xslt&quot;&gt;
&lt;head&gt;
&lt;META http-equiv=&quot;Content-Type&quot; content=&quot;text/html&quot;&gt;
&lt;meta http-equiv=&quot;content-type&quot; content=&quot;text/html; charset=UTF-8&quot;&gt;
&lt;/head&gt;
&lt;body style=&quot;margin:0</SimpleData>
		<SimpleData name="Shape_Leng">0.00167955035</SimpleData>
		<SimpleData name="Shape_Area">0.00000010605</SimpleData>
		<SimpleData name="Plantation">Existing</SimpleData>
		<SimpleData name="layer">Harichandanpur_existing</SimpleData>
		<SimpleData name="path">D:\Project\Shristi\4th_round\Harichandanpur_existing.shp</SimpleData>
	</SchemaData></ExtendedData>
      <MultiGeometry><Polygon><outerBoundaryIs><LinearRing><coordinates>85.78636973,21.1961258970001,0 85.7862769750001,21.196007496,0 85.7861793040001,21.1960054360001,0 85.78611907,21.195900104,0 85.7861379110001,21.195798521,0 85.7860931160001,21.195795321,0 85.7861015330001,21.1958677530001,0 85.786017078,21.1959215270001,0 85.7859280430001,21.195880065,0 85.785893431,21.1959213860001,0 85.7859319950001,21.1959643770001,0 85.7859298220001,21.196036303,0 85.786001576,21.196108386,0 85.7859383780001,21.1961900210001,0 85.7860281000001,21.1962802,0 85.78636973,21.1961258970001,0</coordinates></LinearRing></outerBoundaryIs></Polygon></MultiGeometry>
  </Placemark>
  <Placemark>
	<name>Placemark</name>
	<Style><LineStyle><color>ff0000ff</color></LineStyle><PolyStyle><fill>0</fill></PolyStyle></Style>
	<ExtendedData><SchemaData schemaUrl="#merged">
		<SimpleData name="OID_">0</SimpleData>
		<SimpleData name="FolderPath">Document/shrishti_land_parcelsv1_new__polygons</SimpleData>
		<SimpleData name="SymbolID">0</SimpleData>
		<SimpleData name="AltMode">0</SimpleData>
		<SimpleData name="Base">0.00000000000</SimpleData>
		<SimpleData name="Clamped">-1</SimpleData>
		<SimpleData name="Extruded">0</SimpleData>
		<SimpleData name="PopupInfo">&lt;html xmlns:fo=&quot;http://www.w3.org/1999/XSL/Format&quot; xmlns:msxsl=&quot;urn:schemas-microsoft-com:xslt&quot;&gt;
&lt;head&gt;
&lt;META http-equiv=&quot;Content-Type&quot; content=&quot;text/html&quot;&gt;
&lt;meta http-equiv=&quot;content-type&quot; content=&quot;text/html; charset=UTF-8&quot;&gt;
&lt;/head&gt;
&lt;body style=&quot;margin:0</SimpleData>
		<SimpleData name="Shape_Leng">0.00606031628</SimpleData>
		<SimpleData name="Shape_Area">0.00000117613</SimpleData>
		<SimpleData name="Plantation">Existing</SimpleData>
		<SimpleData name="layer">Harichandanpur_existing</SimpleData>
		<SimpleData name="path">D:\Project\Shristi\4th_round\Harichandanpur_existing.shp</SimpleData>
	</SchemaData></ExtendedData>
      <MultiGeometry><Polygon><outerBoundaryIs><LinearRing><coordinates>85.7872084620001,21.196829769,0 85.7871464950001,21.196781748,0 85.787076466,21.1968116740001,0 85.7870775850001,21.1966300870001,0 85.7870526900001,21.196448871,0 85.7867151240001,21.1964897230001,0 85.786448895,21.1965292680001,0 85.7862115190001,21.196628129,0 85.7862325180001,21.1964448100001,0 85.7861368980001,21.1964670520001,0 85.7859350640001,21.1965127930001,0 85.7858435530001,21.19660201,0 85.7858160440001,21.1967556490001,0 85.785712866,21.196885008,0 85.7855935490001,21.1968954810001,0 85.7855839060001,21.1970786370001,0 85.785657519,21.197147735,0 85.7857712970001,21.197145592,0 85.7859291460001,21.197089653,0 85.7859680990001,21.196881503,0 85.7859210170001,21.1967885650001,0 85.78596271,21.1966977500001,0 85.786019948,21.1969208740001,0 85.786045728,21.197042133,0 85.7861363430001,21.197327607,0 85.7863976250001,21.197537228,0 85.7865322490001,21.197415214,0 85.7868221430001,21.19741602,0 85.7871182740001,21.1974091340001,0 85.787229101,21.1972882600001,0 85.7872814030001,21.197217423,0 85.7872492930001,21.197147047,0 85.7872129040001,21.197092458,0 85.7871803080001,21.197121017,0 85.787130124,21.1970706480001,0 85.7871518800001,21.1970302130001,0 85.787238646,21.1970180380001,0 85.7872467760001,21.1969492310001,0 85.787170696,21.1968806190001,0 85.7872084620001,21.196829769,0</coordinates></LinearRing></outerBoundaryIs></Polygon></MultiGeometry>
  </Placemark>
  <Placemark>
	<name>Placemark</name>
	<Style><LineStyle><color>ff0000ff</color></LineStyle><PolyStyle><fill>0</fill></PolyStyle></Style>
	<ExtendedData><SchemaData schemaUrl="#merged">
		<SimpleData name="OID_">0</SimpleData>
		<SimpleData name="FolderPath">Document/shrishti_land_parcelsv1_new__polygons</SimpleData>
		<SimpleData name="SymbolID">0</SimpleData>
		<SimpleData name="AltMode">0</SimpleData>
		<SimpleData name="Base">0.00000000000</SimpleData>
		<SimpleData name="Clamped">-1</SimpleData>
		<SimpleData name="Extruded">0</SimpleData>
		<SimpleData name="PopupInfo">&lt;html xmlns:fo=&quot;http://www.w3.org/1999/XSL/Format&quot; xmlns:msxsl=&quot;urn:schemas-microsoft-com:xslt&quot;&gt;
&lt;head&gt;
&lt;META http-equiv=&quot;Content-Type&quot; content=&quot;text/html&quot;&gt;
&lt;meta http-equiv=&quot;content-type&quot; content=&quot;text/html; charset=UTF-8&quot;&gt;
&lt;/head&gt;
&lt;body style=&quot;margin:0</SimpleData>
		<SimpleData name="Shape_Leng">0.00124934911</SimpleData>
		<SimpleData name="Shape_Area">0.00000005445</SimpleData>
		<SimpleData name="Plantation">Existing</SimpleData>
		<SimpleData name="layer">Harichandanpur_existing</SimpleData>
		<SimpleData name="path">D:\Project\Shristi\4th_round\Harichandanpur_existing.shp</SimpleData>
	</SchemaData></ExtendedData>
      <MultiGeometry><Polygon><outerBoundaryIs><LinearRing><coordinates>85.7854466800001,21.195518872,0 85.7855473000001,21.1956082,0 85.785746514,21.195828771,0 85.7858110000001,21.1957208000001,0 85.78575477,21.1956012580001,0 85.7856875210001,21.1956288920001,0 85.785609305,21.195571751,0 85.785599297,21.1954311420001,0 85.785497745,21.1953892450001,0 85.7854466800001,21.195518872,0</coordinates></LinearRing></outerBoundaryIs></Polygon></MultiGeometry>
  </Placemark>
  <Placemark>
	<name>Placemark</name>
	<Style><LineStyle><color>ff0000ff</color></LineStyle><PolyStyle><fill>0</fill></PolyStyle></Style>
	<ExtendedData><SchemaData schemaUrl="#merged">
		<SimpleData name="OID_">0</SimpleData>
		<SimpleData name="FolderPath">Document/shrishti_land_parcelsv1_new__polygons</SimpleData>
		<SimpleData name="SymbolID">0</SimpleData>
		<SimpleData name="AltMode">0</SimpleData>
		<SimpleData name="Base">0.00000000000</SimpleData>
		<SimpleData name="Clamped">-1</SimpleData>
		<SimpleData name="Extruded">0</SimpleData>
		<SimpleData name="PopupInfo">&lt;html xmlns:fo=&quot;http://www.w3.org/1999/XSL/Format&quot; xmlns:msxsl=&quot;urn:schemas-microsoft-com:xslt&quot;&gt;
&lt;head&gt;
&lt;META http-equiv=&quot;Content-Type&quot; content=&quot;text/html&quot;&gt;
&lt;meta http-equiv=&quot;content-type&quot; content=&quot;text/html; charset=UTF-8&quot;&gt;
&lt;/head&gt;
&lt;body style=&quot;margin:0</SimpleData>
		<SimpleData name="Shape_Leng">0.00407638466</SimpleData>
		<SimpleData name="Shape_Area">0.00000069683</SimpleData>
		<SimpleData name="Plantation">Existing</SimpleData>
		<SimpleData name="layer">Harichandanpur_existing</SimpleData>
		<SimpleData name="path">D:\Project\Shristi\4th_round\Harichandanpur_existing.shp</SimpleData>
	</SchemaData></ExtendedData>
      <MultiGeometry><Polygon><outerBoundaryIs><LinearRing><coordinates>85.8130386620001,21.2899192350001,0 85.812771383,21.289913794,0 85.812601913,21.289846412,0 85.812410841,21.289805458,0 85.812209754,21.289695425,0 85.811938292,21.289548833,0 85.8117793760001,21.289840322,0 85.8116983740001,21.2899300240001,0 85.8115706300001,21.2900784610001,0 85.8114026700001,21.2901832590001,0 85.8115554,21.2903313,0 85.8118460000001,21.2903450000001,0 85.8119476410001,21.2903355450001,0 85.8120374120001,21.2902857620001,0 85.8120607370001,21.2902252120001,0 85.8121205960001,21.2901766910001,0 85.8122051140001,21.2902041620001,0 85.8122696090001,21.29032246,0 85.8124223180001,21.2902888730001,0 85.8126816020001,21.290292881,0 85.8128420350001,21.290172909,0 85.8129585610001,21.290127812,0 85.813046038,21.289972311,0 85.8130386620001,21.2899192350001,0</coordinates></LinearRing></outerBoundaryIs></Polygon></MultiGeometry>
  </Placemark>
  <Placemark>
	<name>Placemark</name>
	<Style><LineStyle><color>ff0000ff</color></LineStyle><PolyStyle><fill>0</fill></PolyStyle></Style>
	<ExtendedData><SchemaData schemaUrl="#merged">
		<SimpleData name="OID_">0</SimpleData>
		<SimpleData name="FolderPath">Document/shrishti_land_parcelsv1_new__polygons</SimpleData>
		<SimpleData name="SymbolID">0</SimpleData>
		<SimpleData name="AltMode">0</SimpleData>
		<SimpleData name="Base">0.00000000000</SimpleData>
		<SimpleData name="Clamped">-1</SimpleData>
		<SimpleData name="Extruded">0</SimpleData>
		<SimpleData name="PopupInfo">&lt;html xmlns:fo=&quot;http://www.w3.org/1999/XSL/Format&quot; xmlns:msxsl=&quot;urn:schemas-microsoft-com:xslt&quot;&gt;
&lt;head&gt;
&lt;META http-equiv=&quot;Content-Type&quot; content=&quot;text/html&quot;&gt;
&lt;meta http-equiv=&quot;content-type&quot; content=&quot;text/html; charset=UTF-8&quot;&gt;
&lt;/head&gt;
&lt;body style=&quot;margin:0</SimpleData>
		<SimpleData name="Shape_Leng">0.00381233795</SimpleData>
		<SimpleData name="Shape_Area">0.00000042878</SimpleData>
		<SimpleData name="Plantation">Existing</SimpleData>
		<SimpleData name="layer">Harichandanpur_existing</SimpleData>
		<SimpleData name="path">D:\Project\Shristi\4th_round\Harichandanpur_existing.shp</SimpleData>
	</SchemaData></ExtendedData>
      <MultiGeometry><Polygon><outerBoundaryIs><LinearRing><coordinates>85.8114734900001,21.2919605340001,0 85.8116063100001,21.291999423,0 85.8116442450001,21.2920536080001,0 85.8117220340001,21.292089939,0 85.811801078,21.2921158300001,0 85.811831307,21.2920786920001,0 85.8118849940001,21.2920398970001,0 85.8119669870001,21.2920395790001,0 85.8120210450001,21.291966449,0 85.811982932,21.29194677,0 85.811978788,21.2918951500001,0 85.8120580710001,21.2918981220001,0 85.8120660100001,21.29183999,0 85.811990919,21.291821858,0 85.8119665930001,21.291735192,0 85.8119205780001,21.291693938,0 85.8117873640001,21.2917191120001,0 85.811603774,21.2917433440001,0 85.8115107180001,21.2917279930001,0 85.8114486320001,21.2916006240001,0 85.8113783410001,21.2915310590001,0 85.811282077,21.291517926,0 85.811133838,21.291598487,0 85.8111646,21.291687482,0 85.811164138,21.291857651,0 85.8111963650001,21.29197013,0 85.811267055,21.292227907,0 85.8112412410001,21.2923971340001,0 85.8112670620001,21.292506218,0 85.8114410800001,21.292489158,0 85.811439147,21.292369292,0 85.8115243010001,21.292266908,0 85.811485114,21.2921660710001,0 85.8115765270001,21.292078292,0 85.811497548,21.2920452770001,0 85.8114734900001,21.2919605340001,0</coordinates></LinearRing></outerBoundaryIs></Polygon></MultiGeometry>
  </Placemark>
  <Placemark>
	<name>Placemark</name>
	<Style><LineStyle><color>ff0000ff</color></LineStyle><PolyStyle><fill>0</fill></PolyStyle></Style>
	<ExtendedData><SchemaData schemaUrl="#merged">
		<SimpleData name="OID_">0</SimpleData>
		<SimpleData name="FolderPath">Document/shrishti_land_parcelsv1_new__polygons</SimpleData>
		<SimpleData name="SymbolID">0</SimpleData>
		<SimpleData name="AltMode">0</SimpleData>
		<SimpleData name="Base">0.00000000000</SimpleData>
		<SimpleData name="Clamped">-1</SimpleData>
		<SimpleData name="Extruded">0</SimpleData>
		<SimpleData name="PopupInfo">&lt;html xmlns:fo=&quot;http://www.w3.org/1999/XSL/Format&quot; xmlns:msxsl=&quot;urn:schemas-microsoft-com:xslt&quot;&gt;
&lt;head&gt;
&lt;META http-equiv=&quot;Content-Type&quot; content=&quot;text/html&quot;&gt;
&lt;meta http-equiv=&quot;content-type&quot; content=&quot;text/html; charset=UTF-8&quot;&gt;
&lt;/head&gt;
&lt;body style=&quot;margin:0</SimpleData>
		<SimpleData name="Shape_Leng">0.00148809567</SimpleData>
		<SimpleData name="Shape_Area">0.00000012994</SimpleData>
		<SimpleData name="Plantation">Existing</SimpleData>
		<SimpleData name="layer">Harichandanpur_existing</SimpleData>
		<SimpleData name="path">D:\Project\Shristi\4th_round\Harichandanpur_existing.shp</SimpleData>
	</SchemaData></ExtendedData>
      <MultiGeometry><Polygon><outerBoundaryIs><LinearRing><coordinates>85.811456128,21.2924961190001,0 85.8112620200001,21.29251835,0 85.811289737,21.292652413,0 85.8113445370001,21.292771897,0 85.8113741640001,21.292862643,0 85.8114753510001,21.2928177220001,0 85.811577189,21.292762527,0 85.811656907,21.292656026,0 85.8117295340001,21.292587446,0 85.811730213,21.2925453330001,0 85.8117043510001,21.292457241,0 85.8117035170001,21.29242534,0 85.8116063250001,21.2924207610001,0 85.8115356920001,21.29242179,0 85.811454326,21.292445136,0 85.811456128,21.2924961190001,0</coordinates></LinearRing></outerBoundaryIs></Polygon></MultiGeometry>
  </Placemark>
  <Placemark>
	<name>Placemark</name>
	<Style><LineStyle><color>ff0000ff</color></LineStyle><PolyStyle><fill>0</fill></PolyStyle></Style>
	<ExtendedData><SchemaData schemaUrl="#merged">
		<SimpleData name="OID_">0</SimpleData>
		<SimpleData name="FolderPath">Document/shrishti_land_parcelsv1_new__polygons</SimpleData>
		<SimpleData name="SymbolID">0</SimpleData>
		<SimpleData name="AltMode">0</SimpleData>
		<SimpleData name="Base">0.00000000000</SimpleData>
		<SimpleData name="Clamped">-1</SimpleData>
		<SimpleData name="Extruded">0</SimpleData>
		<SimpleData name="PopupInfo">&lt;html xmlns:fo=&quot;http://www.w3.org/1999/XSL/Format&quot; xmlns:msxsl=&quot;urn:schemas-microsoft-com:xslt&quot;&gt;
&lt;head&gt;
&lt;META http-equiv=&quot;Content-Type&quot; content=&quot;text/html&quot;&gt;
&lt;meta http-equiv=&quot;content-type&quot; content=&quot;text/html; charset=UTF-8&quot;&gt;
&lt;/head&gt;
&lt;body style=&quot;margin:0</SimpleData>
		<SimpleData name="Shape_Leng">0.00619129200</SimpleData>
		<SimpleData name="Shape_Area">0.00000102162</SimpleData>
		<SimpleData name="Plantation">Existing</SimpleData>
		<SimpleData name="layer">Harichandanpur_existing</SimpleData>
		<SimpleData name="path">D:\Project\Shristi\4th_round\Harichandanpur_existing.shp</SimpleData>
	</SchemaData></ExtendedData>
      <MultiGeometry><Polygon><outerBoundaryIs><LinearRing><coordinates>85.8114663050001,21.2937689560001,0 85.8114867470001,21.293507424,0 85.8115668,21.2934302,0 85.811389235,21.293026796,0 85.8112394440001,21.293117866,0 85.8111188540001,21.2931991190001,0 85.8109820880001,21.2933044500001,0 85.810897159,21.293474028,0 85.810950421,21.293524404,0 85.8110152150001,21.2935491310001,0 85.8110651200001,21.293652491,0 85.8111039710001,21.2937706230001,0 85.8111071500001,21.2938591710001,0 85.811098599,21.2939342510001,0 85.811116735,21.2941551700001,0 85.811191277,21.2943190940001,0 85.811210697,21.2944939880001,0 85.8112957110001,21.294683256,0 85.811472538,21.2945901370001,0 85.811720231,21.294527176,0 85.811812247,21.294470371,0 85.811828066,21.294346368,0 85.811945414,21.294385155,0 85.812055005,21.294347159,0 85.8121530650001,21.29435181,0 85.812264461,21.2944141040001,0 85.8123347710001,21.294303821,0 85.8124109250001,21.2942835640001,0 85.8124053320001,21.2941979170001,0 85.8122878520001,21.294093337,0 85.8121825270001,21.294035964,0 85.8121934170001,21.2939312660001,0 85.8120817610001,21.2938400090001,0 85.811991886,21.293838653,0 85.8117917550001,21.293876836,0 85.811581952,21.2939457790001,0 85.8114305700001,21.2940564990001,0 85.8113164660001,21.2941189960001,0 85.811360693,21.293949507,0 85.81156667,21.29383384,0 85.811525879,21.293761331,0 85.8114663050001,21.2937689560001,0</coordinates></LinearRing></outerBoundaryIs></Polygon></MultiGeometry>
  </Placemark>
  <Placemark>
	<name>Placemark</name>
	<Style><LineStyle><color>ff0000ff</color></LineStyle><PolyStyle><fill>0</fill></PolyStyle></Style>
	<ExtendedData><SchemaData schemaUrl="#merged">
		<SimpleData name="OID_">0</SimpleData>
		<SimpleData name="FolderPath">Document/shrishti_land_parcelsv1_new__polygons</SimpleData>
		<SimpleData name="SymbolID">0</SimpleData>
		<SimpleData name="AltMode">0</SimpleData>
		<SimpleData name="Base">0.00000000000</SimpleData>
		<SimpleData name="Clamped">-1</SimpleData>
		<SimpleData name="Extruded">0</SimpleData>
		<SimpleData name="PopupInfo">&lt;html xmlns:fo=&quot;http://www.w3.org/1999/XSL/Format&quot; xmlns:msxsl=&quot;urn:schemas-microsoft-com:xslt&quot;&gt;
&lt;head&gt;
&lt;META http-equiv=&quot;Content-Type&quot; content=&quot;text/html&quot;&gt;
&lt;meta http-equiv=&quot;content-type&quot; content=&quot;text/html; charset=UTF-8&quot;&gt;
&lt;/head&gt;
&lt;body style=&quot;margin:0</SimpleData>
		<SimpleData name="Shape_Leng">0.00559387185</SimpleData>
		<SimpleData name="Shape_Area">0.00000131120</SimpleData>
		<SimpleData name="Plantation">Existing</SimpleData>
		<SimpleData name="layer">Harichandanpur_existing</SimpleData>
		<SimpleData name="path">D:\Project\Shristi\4th_round\Harichandanpur_existing.shp</SimpleData>
	</SchemaData></ExtendedData>
      <MultiGeometry><Polygon><outerBoundaryIs><LinearRing><coordinates>85.812649525,21.2934936350001,0 85.8125830960001,21.293377815,0 85.8124996340001,21.2934380040001,0 85.8124240080001,21.293425126,0 85.8124199370001,21.2933016910001,0 85.8123109220001,21.29326916,0 85.8122066670001,21.2933632840001,0 85.8122135710001,21.2935154520001,0 85.8121736860001,21.293622935,0 85.812345748,21.2937563670001,0 85.8125742180001,21.293950485,0 85.812680033,21.294113193,0 85.8128338370001,21.294341129,0 85.8133690970001,21.294300053,0 85.8135136400001,21.294302449,0 85.8136579320001,21.2944798620001,0 85.8138347060001,21.2944908750001,0 85.8138547300001,21.294256568,0 85.8138163740001,21.294046112,0 85.8135339570001,21.293792174,0 85.8136613820001,21.293724679,0 85.8137377150001,21.2936312900001,0 85.8136810240001,21.2934772,0 85.8136636400001,21.293423809,0 85.8135794250001,21.293395708,0 85.8134739800001,21.293226459,0 85.8133175,21.293174584,0 85.813269269,21.293127504,0 85.8131887660001,21.293185108,0 85.8130596330001,21.29326668,0 85.812906212,21.2933642680001,0 85.812769137,21.2934679740001,0 85.812649525,21.2934936350001,0</coordinates></LinearRing></outerBoundaryIs></Polygon></MultiGeometry>
  </Placemark>
  <Placemark>
	<name>Placemark</name>
	<Style><LineStyle><color>ff0000ff</color></LineStyle><PolyStyle><fill>0</fill></PolyStyle></Style>
	<ExtendedData><SchemaData schemaUrl="#merged">
		<SimpleData name="OID_">0</SimpleData>
		<SimpleData name="FolderPath">Document/shrishti_land_parcelsv1_new__polygons</SimpleData>
		<SimpleData name="SymbolID">0</SimpleData>
		<SimpleData name="AltMode">0</SimpleData>
		<SimpleData name="Base">0.00000000000</SimpleData>
		<SimpleData name="Clamped">-1</SimpleData>
		<SimpleData name="Extruded">0</SimpleData>
		<SimpleData name="PopupInfo">&lt;html xmlns:fo=&quot;http://www.w3.org/1999/XSL/Format&quot; xmlns:msxsl=&quot;urn:schemas-microsoft-com:xslt&quot;&gt;
&lt;head&gt;
&lt;META http-equiv=&quot;Content-Type&quot; content=&quot;text/html&quot;&gt;
&lt;meta http-equiv=&quot;content-type&quot; content=&quot;text/html; charset=UTF-8&quot;&gt;
&lt;/head&gt;
&lt;body style=&quot;margin:0</SimpleData>
		<SimpleData name="Shape_Leng">0.00236777043</SimpleData>
		<SimpleData name="Shape_Area">0.00000024380</SimpleData>
		<SimpleData name="Plantation">Existing</SimpleData>
		<SimpleData name="layer">Harichandanpur_existing</SimpleData>
		<SimpleData name="path">D:\Project\Shristi\4th_round\Harichandanpur_existing.shp</SimpleData>
	</SchemaData></ExtendedData>
      <MultiGeometry><Polygon><outerBoundaryIs><LinearRing><coordinates>85.8137630000001,21.2930556000001,0 85.8134670170001,21.2931922560001,0 85.8136225490001,21.293390994,0 85.8137024230001,21.293425101,0 85.8137014550001,21.2934817890001,0 85.8137379020001,21.2935711580001,0 85.8138020700001,21.2936360510001,0 85.8138612270001,21.293599823,0 85.8139837510001,21.2936168950001,0 85.8141094370001,21.2936018460001,0 85.8141247460001,21.293509214,0 85.814191776,21.2935255630001,0 85.814264386,21.2934776440001,0 85.8143013850001,21.293429175,0 85.814188228,21.2933872150001,0 85.814176193,21.2934278320001,0 85.8140985510001,21.293359663,0 85.814069395,21.29329212,0 85.813998236,21.293269578,0 85.8139295990001,21.293226163,0 85.8138968640001,21.2931037480001,0 85.8138665320001,21.293014962,0 85.8137630000001,21.2930556000001,0</coordinates></LinearRing></outerBoundaryIs></Polygon></MultiGeometry>
  </Placemark>
  <Placemark>
	<name>Placemark</name>
	<Style><LineStyle><color>ff0000ff</color></LineStyle><PolyStyle><fill>0</fill></PolyStyle></Style>
	<ExtendedData><SchemaData schemaUrl="#merged">
		<SimpleData name="OID_">0</SimpleData>
		<SimpleData name="FolderPath">Document/shrishti_land_parcelsv1_new__polygons</SimpleData>
		<SimpleData name="SymbolID">0</SimpleData>
		<SimpleData name="AltMode">0</SimpleData>
		<SimpleData name="Base">0.00000000000</SimpleData>
		<SimpleData name="Clamped">-1</SimpleData>
		<SimpleData name="Extruded">0</SimpleData>
		<SimpleData name="PopupInfo">&lt;html xmlns:fo=&quot;http://www.w3.org/1999/XSL/Format&quot; xmlns:msxsl=&quot;urn:schemas-microsoft-com:xslt&quot;&gt;
&lt;head&gt;
&lt;META http-equiv=&quot;Content-Type&quot; content=&quot;text/html&quot;&gt;
&lt;meta http-equiv=&quot;content-type&quot; content=&quot;text/html; charset=UTF-8&quot;&gt;
&lt;/head&gt;
&lt;body style=&quot;margin:0</SimpleData>
		<SimpleData name="Shape_Leng">0.00291984980</SimpleData>
		<SimpleData name="Shape_Area">0.00000038907</SimpleData>
		<SimpleData name="Plantation">Existing</SimpleData>
		<SimpleData name="layer">Harichandanpur_existing</SimpleData>
		<SimpleData name="path">D:\Project\Shristi\4th_round\Harichandanpur_existing.shp</SimpleData>
	</SchemaData></ExtendedData>
      <MultiGeometry><Polygon><outerBoundaryIs><LinearRing><coordinates>85.8148105970001,21.2923661610001,0 85.8147538000001,21.2924671320001,0 85.8148264650001,21.292477681,0 85.8149837760001,21.2924752980001,0 85.815048152,21.2925368750001,0 85.8149852490001,21.292583171,0 85.8150393820001,21.2926411220001,0 85.815166547,21.2926240670001,0 85.8151945050001,21.292668624,0 85.815160152,21.2927065590001,0 85.815199701,21.292754578,0 85.815313185,21.292718033,0 85.815443084,21.2927079740001,0 85.8155269640001,21.292585789,0 85.8155188520001,21.292511013,0 85.815461499,21.2924710410001,0 85.81548674,21.2921341410001,0 85.815211199,21.2920345220001,0 85.8149868250001,21.2920536890001,0 85.8149014850001,21.2920677660001,0 85.8148233570001,21.2922081880001,0 85.814786784,21.292231427,0 85.8147041010001,21.292213168,0 85.8146863040001,21.2922838260001,0 85.8146768610001,21.292329813,0 85.8148105970001,21.2923661610001,0</coordinates></LinearRing></outerBoundaryIs></Polygon></MultiGeometry>
  </Placemark>
  <Placemark>
	<name>Placemark</name>
	<Style><LineStyle><color>ff0000ff</color></LineStyle><PolyStyle><fill>0</fill></PolyStyle></Style>
	<ExtendedData><SchemaData schemaUrl="#merged">
		<SimpleData name="OID_">0</SimpleData>
		<SimpleData name="FolderPath">Document/shrishti_land_parcelsv1_new__polygons</SimpleData>
		<SimpleData name="SymbolID">0</SimpleData>
		<SimpleData name="AltMode">0</SimpleData>
		<SimpleData name="Base">0.00000000000</SimpleData>
		<SimpleData name="Clamped">-1</SimpleData>
		<SimpleData name="Extruded">0</SimpleData>
		<SimpleData name="PopupInfo">&lt;html xmlns:fo=&quot;http://www.w3.org/1999/XSL/Format&quot; xmlns:msxsl=&quot;urn:schemas-microsoft-com:xslt&quot;&gt;
&lt;head&gt;
&lt;META http-equiv=&quot;Content-Type&quot; content=&quot;text/html&quot;&gt;
&lt;meta http-equiv=&quot;content-type&quot; content=&quot;text/html; charset=UTF-8&quot;&gt;
&lt;/head&gt;
&lt;body style=&quot;margin:0</SimpleData>
		<SimpleData name="Shape_Leng">0.00160000389</SimpleData>
		<SimpleData name="Shape_Area">0.00000008577</SimpleData>
		<SimpleData name="Plantation">Existing</SimpleData>
		<SimpleData name="layer">Harichandanpur_existing</SimpleData>
		<SimpleData name="path">D:\Project\Shristi\4th_round\Harichandanpur_existing.shp</SimpleData>
	</SchemaData></ExtendedData>
      <MultiGeometry><Polygon><outerBoundaryIs><LinearRing><coordinates>85.8156295420001,21.2925157170001,0 85.815563034,21.29261654,0 85.815675744,21.2926192200001,0 85.815725333,21.292730459,0 85.8158234220001,21.292729636,0 85.8159102530001,21.2927255500001,0 85.816013464,21.2927419370001,0 85.816083699,21.2927812400001,0 85.816143346,21.2928209130001,0 85.8161895090001,21.292777721,0 85.8161448420001,21.2927173690001,0 85.816184128,21.2926572690001,0 85.816029072,21.29257462,0 85.8159694500001,21.2925747840001,0 85.8158700170001,21.2925789970001,0 85.8158255690001,21.2925941400001,0 85.8156295420001,21.2925157170001,0</coordinates></LinearRing></outerBoundaryIs></Polygon></MultiGeometry>
  </Placemark>
  <Placemark>
	<name>Placemark</name>
	<Style><LineStyle><color>ff0000ff</color></LineStyle><PolyStyle><fill>0</fill></PolyStyle></Style>
	<ExtendedData><SchemaData schemaUrl="#merged">
		<SimpleData name="OID_">0</SimpleData>
		<SimpleData name="FolderPath">Document/shrishti_land_parcelsv1_new__polygons</SimpleData>
		<SimpleData name="SymbolID">0</SimpleData>
		<SimpleData name="AltMode">0</SimpleData>
		<SimpleData name="Base">0.00000000000</SimpleData>
		<SimpleData name="Clamped">-1</SimpleData>
		<SimpleData name="Extruded">0</SimpleData>
		<SimpleData name="PopupInfo">&lt;html xmlns:fo=&quot;http://www.w3.org/1999/XSL/Format&quot; xmlns:msxsl=&quot;urn:schemas-microsoft-com:xslt&quot;&gt;
&lt;head&gt;
&lt;META http-equiv=&quot;Content-Type&quot; content=&quot;text/html&quot;&gt;
&lt;meta http-equiv=&quot;content-type&quot; content=&quot;text/html; charset=UTF-8&quot;&gt;
&lt;/head&gt;
&lt;body style=&quot;margin:0</SimpleData>
		<SimpleData name="Shape_Leng">0.00462504468</SimpleData>
		<SimpleData name="Shape_Area">0.00000081433</SimpleData>
		<SimpleData name="Plantation">Existing</SimpleData>
		<SimpleData name="layer">Harichandanpur_existing</SimpleData>
		<SimpleData name="path">D:\Project\Shristi\4th_round\Harichandanpur_existing.shp</SimpleData>
	</SchemaData></ExtendedData>
      <MultiGeometry><Polygon><outerBoundaryIs><LinearRing><coordinates>85.8125866110001,21.2915338070001,0 85.8124696620001,21.291644423,0 85.8123881560001,21.291602552,0 85.8123040560001,21.2915822420001,0 85.812199047,21.2917066800001,0 85.8121581140001,21.2917613870001,0 85.812203616,21.2919088960001,0 85.8122706670001,21.292026433,0 85.812286337,21.292175467,0 85.8123677180001,21.2922036470001,0 85.8125288960001,21.29219843,0 85.8124599930001,21.292044688,0 85.8125514640001,21.2919858330001,0 85.81266795,21.2920362150001,0 85.8128732430001,21.2921566900001,0 85.8130484700001,21.291991664,0 85.8131144560001,21.291989992,0 85.8131781960001,21.2919404100001,0 85.8132377060001,21.291986911,0 85.813236583,21.291931952,0 85.813282525,21.291905485,0 85.8133057090001,21.2918714570001,0 85.8133615190001,21.2917841390001,0 85.813445389,21.2917482440001,0 85.8133704000001,21.2916670720001,0 85.8134035790001,21.2916353140001,0 85.813448011,21.2915690940001,0 85.8133989450001,21.2915186980001,0 85.8133624170001,21.2915446120001,0 85.8133329250001,21.291501049,0 85.813382453,21.2914560560001,0 85.8134389890001,21.2914011010001,0 85.8134838070001,21.2913696030001,0 85.8135505180001,21.291364183,0 85.8135851230001,21.291315206,0 85.813444281,21.291217632,0 85.81324498,21.2911465340001,0 85.8131493220001,21.2911289030001,0 85.813062314,21.2911405090001,0 85.8128557350001,21.291343641,0 85.8127449400001,21.2914254090001,0 85.8125866110001,21.2915338070001,0</coordinates></LinearRing></outerBoundaryIs></Polygon></MultiGeometry>
  </Placemark>
  <Placemark>
	<name>Placemark</name>
	<Style><LineStyle><color>ff0000ff</color></LineStyle><PolyStyle><fill>0</fill></PolyStyle></Style>
	<ExtendedData><SchemaData schemaUrl="#merged">
		<SimpleData name="OID_">0</SimpleData>
		<SimpleData name="FolderPath">Document/shrishti_land_parcelsv1_new__polygons</SimpleData>
		<SimpleData name="SymbolID">0</SimpleData>
		<SimpleData name="AltMode">0</SimpleData>
		<SimpleData name="Base">0.00000000000</SimpleData>
		<SimpleData name="Clamped">-1</SimpleData>
		<SimpleData name="Extruded">0</SimpleData>
		<SimpleData name="PopupInfo">&lt;html xmlns:fo=&quot;http://www.w3.org/1999/XSL/Format&quot; xmlns:msxsl=&quot;urn:schemas-microsoft-com:xslt&quot;&gt;
&lt;head&gt;
&lt;META http-equiv=&quot;Content-Type&quot; content=&quot;text/html&quot;&gt;
&lt;meta http-equiv=&quot;content-type&quot; content=&quot;text/html; charset=UTF-8&quot;&gt;
&lt;/head&gt;
&lt;body style=&quot;margin:0</SimpleData>
		<SimpleData name="Shape_Leng">0.00303754833</SimpleData>
		<SimpleData name="Shape_Area">0.00000036438</SimpleData>
		<SimpleData name="Plantation">Existing</SimpleData>
		<SimpleData name="layer">Harichandanpur_existing</SimpleData>
		<SimpleData name="path">D:\Project\Shristi\4th_round\Harichandanpur_existing.shp</SimpleData>
	</SchemaData></ExtendedData>
      <MultiGeometry><Polygon><outerBoundaryIs><LinearRing><coordinates>85.812461538,21.2916125790001,0 85.8125736530001,21.291530885,0 85.8129963250001,21.2911903200001,0 85.812923256,21.2911857550001,0 85.8129182390001,21.291119076,0 85.8129848360001,21.2910927070001,0 85.812918767,21.291021609,0 85.8127819170001,21.2909829130001,0 85.812674674,21.290910996,0 85.8125373680001,21.290901235,0 85.8125625170001,21.290950077,0 85.8124944740001,21.291002054,0 85.812459265,21.2909594990001,0 85.8123751530001,21.290991562,0 85.812418596,21.291079127,0 85.812377106,21.2911158050001,0 85.8123282400001,21.2910377750001,0 85.812302376,21.290991643,0 85.812213677,21.291026673,0 85.8122172830001,21.2911416420001,0 85.81227118,21.291254646,0 85.8122677870001,21.291274446,0 85.8121588750001,21.291336888,0 85.812098162,21.2914025000001,0 85.812157948,21.2914829960001,0 85.812255104,21.291569247,0 85.812335316,21.2915227120001,0 85.812391039,21.2915370810001,0 85.812461538,21.2916125790001,0</coordinates></LinearRing></outerBoundaryIs></Polygon></MultiGeometry>
  </Placemark>
  <Placemark>
	<name>Placemark</name>
	<Style><LineStyle><color>ff0000ff</color></LineStyle><PolyStyle><fill>0</fill></PolyStyle></Style>
	<ExtendedData><SchemaData schemaUrl="#merged">
		<SimpleData name="OID_">0</SimpleData>
		<SimpleData name="FolderPath">Document/shrishti_land_parcelsv1_new__polygons</SimpleData>
		<SimpleData name="SymbolID">0</SimpleData>
		<SimpleData name="AltMode">0</SimpleData>
		<SimpleData name="Base">0.00000000000</SimpleData>
		<SimpleData name="Clamped">-1</SimpleData>
		<SimpleData name="Extruded">0</SimpleData>
		<SimpleData name="PopupInfo">&lt;html xmlns:fo=&quot;http://www.w3.org/1999/XSL/Format&quot; xmlns:msxsl=&quot;urn:schemas-microsoft-com:xslt&quot;&gt;
&lt;head&gt;
&lt;META http-equiv=&quot;Content-Type&quot; content=&quot;text/html&quot;&gt;
&lt;meta http-equiv=&quot;content-type&quot; content=&quot;text/html; charset=UTF-8&quot;&gt;
&lt;/head&gt;
&lt;body style=&quot;margin:0</SimpleData>
		<SimpleData name="Shape_Leng">0.00242101473</SimpleData>
		<SimpleData name="Shape_Area">0.00000018705</SimpleData>
		<SimpleData name="Plantation">Existing</SimpleData>
		<SimpleData name="layer">Harichandanpur_existing</SimpleData>
		<SimpleData name="path">D:\Project\Shristi\4th_round\Harichandanpur_existing.shp</SimpleData>
	</SchemaData></ExtendedData>
      <MultiGeometry><Polygon><outerBoundaryIs><LinearRing><coordinates>85.8118220060001,21.2913068300001,0 85.8119034910001,21.2913578660001,0 85.811891142,21.291422294,0 85.811879881,21.2915101950001,0 85.8119367510001,21.291612468,0 85.8119892710001,21.2916583000001,0 85.8120588240001,21.2916969930001,0 85.812159475,21.291634668,0 85.8122601850001,21.2916173240001,0 85.812249002,21.291583825,0 85.812190065,21.2915489050001,0 85.8121055830001,21.291455996,0 85.8120826790001,21.2914136430001,0 85.8120427480001,21.2913659050001,0 85.8120894790001,21.291273995,0 85.812146388,21.291274007,0 85.8121634490001,21.2913180830001,0 85.812262317,21.2912593620001,0 85.8122026460001,21.291152131,0 85.812169053,21.2910556460001,0 85.812109417,21.291024153,0 85.8120198500001,21.291010742,0 85.8118319380001,21.2910752880001,0 85.81180858,21.2911183150001,0 85.81190968,21.2911527680001,0 85.8118599300001,21.2911978220001,0 85.8117945290001,21.291175907,0 85.8117766840001,21.2912464250001,0 85.8118220060001,21.2913068300001,0</coordinates></LinearRing></outerBoundaryIs></Polygon></MultiGeometry>
  </Placemark>
  <Placemark>
	<name>Placemark</name>
	<Style><LineStyle><color>ff0000ff</color></LineStyle><PolyStyle><fill>0</fill></PolyStyle></Style>
	<ExtendedData><SchemaData schemaUrl="#merged">
		<SimpleData name="OID_">0</SimpleData>
		<SimpleData name="FolderPath">Document/shrishti_land_parcelsv1_new__polygons</SimpleData>
		<SimpleData name="SymbolID">0</SimpleData>
		<SimpleData name="AltMode">0</SimpleData>
		<SimpleData name="Base">0.00000000000</SimpleData>
		<SimpleData name="Clamped">-1</SimpleData>
		<SimpleData name="Extruded">0</SimpleData>
		<SimpleData name="PopupInfo">&lt;html xmlns:fo=&quot;http://www.w3.org/1999/XSL/Format&quot; xmlns:msxsl=&quot;urn:schemas-microsoft-com:xslt&quot;&gt;
&lt;head&gt;
&lt;META http-equiv=&quot;Content-Type&quot; content=&quot;text/html&quot;&gt;
&lt;meta http-equiv=&quot;content-type&quot; content=&quot;text/html; charset=UTF-8&quot;&gt;
&lt;/head&gt;
&lt;body style=&quot;margin:0</SimpleData>
		<SimpleData name="Shape_Leng">0.00432475748</SimpleData>
		<SimpleData name="Shape_Area">0.00000100720</SimpleData>
		<SimpleData name="Plantation">Existing</SimpleData>
		<SimpleData name="layer">Harichandanpur_existing</SimpleData>
		<SimpleData name="path">D:\Project\Shristi\4th_round\Harichandanpur_existing.shp</SimpleData>
	</SchemaData></ExtendedData>
      <MultiGeometry><Polygon><outerBoundaryIs><LinearRing><coordinates>85.810767593,21.2905886840001,0 85.8107456260001,21.2906656690001,0 85.810713691,21.2907710690001,0 85.810707973,21.290921757,0 85.810707564,21.291051618,0 85.8107083530001,21.291121404,0 85.8107132470001,21.2912023960001,0 85.8108067150001,21.2913136180001,0 85.8108710910001,21.2913876000001,0 85.8110781680001,21.2914368570001,0 85.8111444,21.2915535340001,0 85.8112613910001,21.291494389,0 85.8113855070001,21.2915093290001,0 85.8115529440001,21.29140568,0 85.8116392530001,21.291297098,0 85.8117551940001,21.291201474,0 85.811756868,21.2910632320001,0 85.8117095160001,21.290951573,0 85.8115630230001,21.2909410250001,0 85.811543343,21.2907801900001,0 85.8114843180001,21.290600178,0 85.8115374210001,21.290544606,0 85.81166806,21.290481406,0 85.8114368540001,21.2902872170001,0 85.8112471850001,21.2901054390001,0 85.8110016080001,21.290289607,0 85.810939128,21.2903178180001,0 85.8109577420001,21.290335638,0 85.810950274,21.2903757330001,0 85.8109509820001,21.290456958,0 85.8109280880001,21.290472638,0 85.8109260730001,21.2904301230001,0 85.8108751090001,21.290445665,0 85.8108082570001,21.2905267780001,0 85.810767593,21.2905886840001,0</coordinates></LinearRing></outerBoundaryIs></Polygon></MultiGeometry>
  </Placemark>
  <Placemark>
	<name>Placemark</name>
	<Style><LineStyle><color>ff0000ff</color></LineStyle><PolyStyle><fill>0</fill></PolyStyle></Style>
	<ExtendedData><SchemaData schemaUrl="#merged">
		<SimpleData name="OID_">0</SimpleData>
		<SimpleData name="FolderPath">Document/shrishti_land_parcelsv1_new__polygons</SimpleData>
		<SimpleData name="SymbolID">0</SimpleData>
		<SimpleData name="AltMode">0</SimpleData>
		<SimpleData name="Base">0.00000000000</SimpleData>
		<SimpleData name="Clamped">-1</SimpleData>
		<SimpleData name="Extruded">0</SimpleData>
		<SimpleData name="PopupInfo">&lt;html xmlns:fo=&quot;http://www.w3.org/1999/XSL/Format&quot; xmlns:msxsl=&quot;urn:schemas-microsoft-com:xslt&quot;&gt;
&lt;head&gt;
&lt;META http-equiv=&quot;Content-Type&quot; content=&quot;text/html&quot;&gt;
&lt;meta http-equiv=&quot;content-type&quot; content=&quot;text/html; charset=UTF-8&quot;&gt;
&lt;/head&gt;
&lt;body style=&quot;margin:0</SimpleData>
		<SimpleData name="Shape_Leng">0.00244965727</SimpleData>
		<SimpleData name="Shape_Area">0.00000027497</SimpleData>
		<SimpleData name="Plantation">Existing</SimpleData>
		<SimpleData name="layer">Harichandanpur_existing</SimpleData>
		<SimpleData name="path">D:\Project\Shristi\4th_round\Harichandanpur_existing.shp</SimpleData>
	</SchemaData></ExtendedData>
      <MultiGeometry><Polygon><outerBoundaryIs><LinearRing><coordinates>85.758321768,21.214975016,0 85.7581624410001,21.215072078,0 85.7580280390001,21.2153331170001,0 85.7582501350001,21.215455143,0 85.7583062900001,21.215570417,0 85.7583767610001,21.215638567,0 85.7584371190001,21.2155667320001,0 85.7584322270001,21.2155171320001,0 85.7583811900001,21.215464566,0 85.758397615,21.2154316370001,0 85.7584720820001,21.2155076010001,0 85.7585720910001,21.215376437,0 85.7585506570001,21.215314248,0 85.758629372,21.2153210870001,0 85.7587019760001,21.2153038880001,0 85.7587679220001,21.215296084,0 85.7587557850001,21.215226355,0 85.7586705050001,21.2150789,0 85.7585652710001,21.2150137030001,0 85.758410875,21.2148953650001,0 85.758321768,21.214975016,0</coordinates></LinearRing></outerBoundaryIs></Polygon></MultiGeometry>
  </Placemark>
  <Placemark>
	<name>Placemark</name>
	<Style><LineStyle><color>ff0000ff</color></LineStyle><PolyStyle><fill>0</fill></PolyStyle></Style>
	<ExtendedData><SchemaData schemaUrl="#merged">
		<SimpleData name="OID_">0</SimpleData>
		<SimpleData name="FolderPath">Document/shrishti_land_parcelsv1_new__polygons</SimpleData>
		<SimpleData name="SymbolID">0</SimpleData>
		<SimpleData name="AltMode">0</SimpleData>
		<SimpleData name="Base">0.00000000000</SimpleData>
		<SimpleData name="Clamped">-1</SimpleData>
		<SimpleData name="Extruded">0</SimpleData>
		<SimpleData name="PopupInfo">&lt;html xmlns:fo=&quot;http://www.w3.org/1999/XSL/Format&quot; xmlns:msxsl=&quot;urn:schemas-microsoft-com:xslt&quot;&gt;
&lt;head&gt;
&lt;META http-equiv=&quot;Content-Type&quot; content=&quot;text/html&quot;&gt;
&lt;meta http-equiv=&quot;content-type&quot; content=&quot;text/html; charset=UTF-8&quot;&gt;
&lt;/head&gt;
&lt;body style=&quot;margin:0</SimpleData>
		<SimpleData name="Shape_Leng">0.00176109341</SimpleData>
		<SimpleData name="Shape_Area">0.00000008446</SimpleData>
		<SimpleData name="Plantation">Existing</SimpleData>
		<SimpleData name="layer">Harichandanpur_existing</SimpleData>
		<SimpleData name="path">D:\Project\Shristi\4th_round\Harichandanpur_existing.shp</SimpleData>
	</SchemaData></ExtendedData>
      <MultiGeometry><Polygon><outerBoundaryIs><LinearRing><coordinates>85.7585827140001,21.215384654,0 85.7584768730001,21.2155195460001,0 85.7584687450001,21.2155744190001,0 85.758392777,21.215631112,0 85.7584249270001,21.2156449990001,0 85.758509427,21.215632715,0 85.7585870510001,21.215666663,0 85.75862514,21.2156758290001,0 85.7586567420001,21.215703352,0 85.758648199,21.2157515170001,0 85.7586707990001,21.2157797830001,0 85.7587047920001,21.2157727700001,0 85.758701617,21.2156853270001,0 85.758778185,21.215730287,0 85.7588279500001,21.215679806,0 85.7587826640001,21.215641514,0 85.758776831,21.215583613,0 85.758775298,21.215520005,0 85.7586672210001,21.2154940400001,0 85.7586355780001,21.2154961700001,0 85.7586409100001,21.215435303,0 85.758713291,21.215411993,0 85.7587528070001,21.2153680960001,0 85.7587216370001,21.215313101,0 85.7586755560001,21.215346298,0 85.7586301410001,21.2153503370001,0 85.758569456,21.215347336,0 85.7585827140001,21.215384654,0</coordinates></LinearRing></outerBoundaryIs></Polygon></MultiGeometry>
  </Placemark>
  <Placemark>
	<name>Placemark</name>
	<Style><LineStyle><color>ff0000ff</color></LineStyle><PolyStyle><fill>0</fill></PolyStyle></Style>
	<ExtendedData><SchemaData schemaUrl="#merged">
		<SimpleData name="OID_">0</SimpleData>
		<SimpleData name="FolderPath">Document/shrishti_land_parcelsv1_new__polygons</SimpleData>
		<SimpleData name="SymbolID">0</SimpleData>
		<SimpleData name="AltMode">0</SimpleData>
		<SimpleData name="Base">0.00000000000</SimpleData>
		<SimpleData name="Clamped">-1</SimpleData>
		<SimpleData name="Extruded">0</SimpleData>
		<SimpleData name="PopupInfo">&lt;html xmlns:fo=&quot;http://www.w3.org/1999/XSL/Format&quot; xmlns:msxsl=&quot;urn:schemas-microsoft-com:xslt&quot;&gt;
&lt;head&gt;
&lt;META http-equiv=&quot;Content-Type&quot; content=&quot;text/html&quot;&gt;
&lt;meta http-equiv=&quot;content-type&quot; content=&quot;text/html; charset=UTF-8&quot;&gt;
&lt;/head&gt;
&lt;body style=&quot;margin:0</SimpleData>
		<SimpleData name="Shape_Leng">0.00188370033</SimpleData>
		<SimpleData name="Shape_Area">0.00000021620</SimpleData>
		<SimpleData name="Plantation">Existing</SimpleData>
		<SimpleData name="layer">Harichandanpur_existing</SimpleData>
		<SimpleData name="path">D:\Project\Shristi\4th_round\Harichandanpur_existing.shp</SimpleData>
	</SchemaData></ExtendedData>
      <MultiGeometry><Polygon><outerBoundaryIs><LinearRing><coordinates>85.7587299640001,21.215891426,0 85.758834607,21.2162160770001,0 85.7588871720001,21.216359127,0 85.7593462710001,21.216334874,0 85.759229743,21.216012924,0 85.7591417100001,21.2158614100001,0 85.7587299640001,21.215891426,0</coordinates></LinearRing></outerBoundaryIs></Polygon></MultiGeometry>
  </Placemark>
  <Placemark>
	<name>Placemark</name>
	<Style><LineStyle><color>ff0000ff</color></LineStyle><PolyStyle><fill>0</fill></PolyStyle></Style>
	<ExtendedData><SchemaData schemaUrl="#merged">
		<SimpleData name="OID_">0</SimpleData>
		<SimpleData name="FolderPath">Document/shrishti_land_parcelsv1_new__polygons</SimpleData>
		<SimpleData name="SymbolID">0</SimpleData>
		<SimpleData name="AltMode">0</SimpleData>
		<SimpleData name="Base">0.00000000000</SimpleData>
		<SimpleData name="Clamped">-1</SimpleData>
		<SimpleData name="Extruded">0</SimpleData>
		<SimpleData name="PopupInfo">&lt;html xmlns:fo=&quot;http://www.w3.org/1999/XSL/Format&quot; xmlns:msxsl=&quot;urn:schemas-microsoft-com:xslt&quot;&gt;
&lt;head&gt;
&lt;META http-equiv=&quot;Content-Type&quot; content=&quot;text/html&quot;&gt;
&lt;meta http-equiv=&quot;content-type&quot; content=&quot;text/html; charset=UTF-8&quot;&gt;
&lt;/head&gt;
&lt;body style=&quot;margin:0</SimpleData>
		<SimpleData name="Shape_Leng">0.00269800587</SimpleData>
		<SimpleData name="Shape_Area">0.00000030509</SimpleData>
		<SimpleData name="Plantation">Existing</SimpleData>
		<SimpleData name="layer">Harichandanpur_existing</SimpleData>
		<SimpleData name="path">D:\Project\Shristi\4th_round\Harichandanpur_existing.shp</SimpleData>
	</SchemaData></ExtendedData>
      <MultiGeometry><Polygon><outerBoundaryIs><LinearRing><coordinates>85.7588739230001,21.216366716,0 85.758681804,21.2158005160001,0 85.75862577,21.2157496880001,0 85.758642976,21.215713576,0 85.758620609,21.2157059210001,0 85.758512754,21.215668049,0 85.7584375330001,21.215659449,0 85.758361461,21.2156744210001,0 85.7583130610001,21.2157426200001,0 85.75825352,21.215809848,0 85.7582148380001,21.2158819800001,0 85.7582613810001,21.2159376600001,0 85.758325385,21.2159443800001,0 85.758335216,21.215997788,0 85.7582589890001,21.2160041760001,0 85.7581955160001,21.2160135880001,0 85.7581652790001,21.2159751630001,0 85.7580735000001,21.2161033,0 85.7580498990001,21.2161398100001,0 85.7582403540001,21.216178434,0 85.75844764,21.216250331,0 85.7586029590001,21.216282553,0 85.7588739230001,21.216366716,0</coordinates></LinearRing></outerBoundaryIs></Polygon></MultiGeometry>
  </Placemark>
  <Placemark>
	<name>Placemark</name>
	<Style><LineStyle><color>ff0000ff</color></LineStyle><PolyStyle><fill>0</fill></PolyStyle></Style>
	<ExtendedData><SchemaData schemaUrl="#merged">
		<SimpleData name="OID_">0</SimpleData>
		<SimpleData name="FolderPath">Document/shrishti_land_parcelsv1_new__polygons</SimpleData>
		<SimpleData name="SymbolID">0</SimpleData>
		<SimpleData name="AltMode">0</SimpleData>
		<SimpleData name="Base">0.00000000000</SimpleData>
		<SimpleData name="Clamped">-1</SimpleData>
		<SimpleData name="Extruded">0</SimpleData>
		<SimpleData name="PopupInfo">&lt;html xmlns:fo=&quot;http://www.w3.org/1999/XSL/Format&quot; xmlns:msxsl=&quot;urn:schemas-microsoft-com:xslt&quot;&gt;
&lt;head&gt;
&lt;META http-equiv=&quot;Content-Type&quot; content=&quot;text/html&quot;&gt;
&lt;meta http-equiv=&quot;content-type&quot; content=&quot;text/html; charset=UTF-8&quot;&gt;
&lt;/head&gt;
&lt;body style=&quot;margin:0</SimpleData>
		<SimpleData name="Shape_Leng">0.00117978004</SimpleData>
		<SimpleData name="Shape_Area">0.00000008586</SimpleData>
		<SimpleData name="Plantation">Existing</SimpleData>
		<SimpleData name="layer">Harichandanpur_existing</SimpleData>
		<SimpleData name="path">D:\Project\Shristi\4th_round\Harichandanpur_existing.shp</SimpleData>
	</SchemaData></ExtendedData>
      <MultiGeometry><Polygon><outerBoundaryIs><LinearRing><coordinates>85.7574241130001,21.2167654580001,0 85.757698416,21.216562412,0 85.757579595,21.2163745990001,0 85.7574101530001,21.2164661310001,0 85.757319398,21.216611302,0 85.7573302870001,21.216769486,0 85.7574241130001,21.2167654580001,0</coordinates></LinearRing></outerBoundaryIs></Polygon></MultiGeometry>
  </Placemark>
  <Placemark>
	<name>Placemark</name>
	<Style><LineStyle><color>ff0000ff</color></LineStyle><PolyStyle><fill>0</fill></PolyStyle></Style>
	<ExtendedData><SchemaData schemaUrl="#merged">
		<SimpleData name="OID_">0</SimpleData>
		<SimpleData name="FolderPath">Document/shrishti_land_parcelsv1_new__polygons</SimpleData>
		<SimpleData name="SymbolID">0</SimpleData>
		<SimpleData name="AltMode">0</SimpleData>
		<SimpleData name="Base">0.00000000000</SimpleData>
		<SimpleData name="Clamped">-1</SimpleData>
		<SimpleData name="Extruded">0</SimpleData>
		<SimpleData name="PopupInfo">&lt;html xmlns:fo=&quot;http://www.w3.org/1999/XSL/Format&quot; xmlns:msxsl=&quot;urn:schemas-microsoft-com:xslt&quot;&gt;
&lt;head&gt;
&lt;META http-equiv=&quot;Content-Type&quot; content=&quot;text/html&quot;&gt;
&lt;meta http-equiv=&quot;content-type&quot; content=&quot;text/html; charset=UTF-8&quot;&gt;
&lt;/head&gt;
&lt;body style=&quot;margin:0</SimpleData>
		<SimpleData name="Shape_Leng">0.00154471728</SimpleData>
		<SimpleData name="Shape_Area">0.00000012328</SimpleData>
		<SimpleData name="Plantation">Existing</SimpleData>
		<SimpleData name="layer">Harichandanpur_existing</SimpleData>
		<SimpleData name="path">D:\Project\Shristi\4th_round\Harichandanpur_existing.shp</SimpleData>
	</SchemaData></ExtendedData>
      <MultiGeometry><Polygon><outerBoundaryIs><LinearRing><coordinates>85.7574057130001,21.2164586850001,0 85.757572108,21.21636556,0 85.7575137360001,21.2162598620001,0 85.7574628080001,21.216267198,0 85.7573852130001,21.2162467910001,0 85.75728165,21.216232432,0 85.7571954000001,21.2162501810001,0 85.757088153,21.216249825,0 85.757013402,21.216349715,0 85.75722511,21.216555133,0 85.7572219830001,21.216618161,0 85.7572543590001,21.2166683310001,0 85.757317394,21.216595668,0 85.7574057130001,21.2164586850001,0</coordinates></LinearRing></outerBoundaryIs></Polygon></MultiGeometry>
  </Placemark>
  <Placemark>
	<name>Placemark</name>
	<Style><LineStyle><color>ff0000ff</color></LineStyle><PolyStyle><fill>0</fill></PolyStyle></Style>
	<ExtendedData><SchemaData schemaUrl="#merged">
		<SimpleData name="OID_">0</SimpleData>
		<SimpleData name="FolderPath">Document/shrishti_land_parcelsv1_new__polygons</SimpleData>
		<SimpleData name="SymbolID">0</SimpleData>
		<SimpleData name="AltMode">0</SimpleData>
		<SimpleData name="Base">0.00000000000</SimpleData>
		<SimpleData name="Clamped">-1</SimpleData>
		<SimpleData name="Extruded">0</SimpleData>
		<SimpleData name="PopupInfo">&lt;html xmlns:fo=&quot;http://www.w3.org/1999/XSL/Format&quot; xmlns:msxsl=&quot;urn:schemas-microsoft-com:xslt&quot;&gt;
&lt;head&gt;
&lt;META http-equiv=&quot;Content-Type&quot; content=&quot;text/html&quot;&gt;
&lt;meta http-equiv=&quot;content-type&quot; content=&quot;text/html; charset=UTF-8&quot;&gt;
&lt;/head&gt;
&lt;body style=&quot;margin:0</SimpleData>
		<SimpleData name="Shape_Leng">0.00358728220</SimpleData>
		<SimpleData name="Shape_Area">0.00000059947</SimpleData>
		<SimpleData name="Plantation">Existing</SimpleData>
		<SimpleData name="layer">Harichandanpur_existing</SimpleData>
		<SimpleData name="path">D:\Project\Shristi\4th_round\Harichandanpur_existing.shp</SimpleData>
	</SchemaData></ExtendedData>
      <MultiGeometry><Polygon><outerBoundaryIs><LinearRing><coordinates>85.7569232000001,21.2138611,0 85.757125849,21.2142304660001,0 85.757190307,21.214477313,0 85.7572806580001,21.214436032,0 85.757363108,21.2144073320001,0 85.757454103,21.2143783330001,0 85.7575806450001,21.21435473,0 85.7575481840001,21.2142356730001,0 85.757573973,21.214160319,0 85.7576481200001,21.2141403160001,0 85.7577398770001,21.214172504,0 85.757859044,21.214159593,0 85.7578563440001,21.214035197,0 85.757845493,21.21391543,0 85.7577660760001,21.213798695,0 85.7576952410001,21.213627908,0 85.7575857580001,21.2136375850001,0 85.7574596850001,21.2137006720001,0 85.757386829,21.213577543,0 85.757226465,21.2136115540001,0 85.7571371230001,21.213498295,0 85.7570314020001,21.213495129,0 85.7570234890001,21.213584914,0 85.7569270110001,21.2135563470001,0 85.7567907760001,21.2136191160001,0 85.756794423,21.21368217,0 85.7569232000001,21.2138611,0</coordinates></LinearRing></outerBoundaryIs></Polygon></MultiGeometry>
  </Placemark>
  <Placemark>
	<name>Placemark</name>
	<Style><LineStyle><color>ff0000ff</color></LineStyle><PolyStyle><fill>0</fill></PolyStyle></Style>
	<ExtendedData><SchemaData schemaUrl="#merged">
		<SimpleData name="OID_">0</SimpleData>
		<SimpleData name="FolderPath">Document/shrishti_land_parcelsv1_new__polygons</SimpleData>
		<SimpleData name="SymbolID">0</SimpleData>
		<SimpleData name="AltMode">0</SimpleData>
		<SimpleData name="Base">0.00000000000</SimpleData>
		<SimpleData name="Clamped">-1</SimpleData>
		<SimpleData name="Extruded">0</SimpleData>
		<SimpleData name="PopupInfo">&lt;html xmlns:fo=&quot;http://www.w3.org/1999/XSL/Format&quot; xmlns:msxsl=&quot;urn:schemas-microsoft-com:xslt&quot;&gt;
&lt;head&gt;
&lt;META http-equiv=&quot;Content-Type&quot; content=&quot;text/html&quot;&gt;
&lt;meta http-equiv=&quot;content-type&quot; content=&quot;text/html; charset=UTF-8&quot;&gt;
&lt;/head&gt;
&lt;body style=&quot;margin:0</SimpleData>
		<SimpleData name="Shape_Leng">0.00218538392</SimpleData>
		<SimpleData name="Shape_Area">0.00000020978</SimpleData>
		<SimpleData name="Plantation">Existing</SimpleData>
		<SimpleData name="layer">Harichandanpur_existing</SimpleData>
		<SimpleData name="path">D:\Project\Shristi\4th_round\Harichandanpur_existing.shp</SimpleData>
	</SchemaData></ExtendedData>
      <MultiGeometry><Polygon><outerBoundaryIs><LinearRing><coordinates>85.7569388860001,21.2139082790001,0 85.75670238,21.213953396,0 85.756567438,21.2140355400001,0 85.7564751950001,21.2141082360001,0 85.7565862430001,21.2143086790001,0 85.7566443540001,21.2142761170001,0 85.7566690620001,21.214341013,0 85.756695585,21.2143701370001,0 85.7567099080001,21.214491057,0 85.756763951,21.2144738540001,0 85.756770503,21.214370527,0 85.7568266200001,21.214376916,0 85.7568719800001,21.214487976,0 85.756925729,21.214448899,0 85.756905073,21.2143698020001,0 85.756948423,21.214333819,0 85.757023195,21.214331825,0 85.7570646140001,21.2142926080001,0 85.757034704,21.2142579210001,0 85.7570981900001,21.2142198380001,0 85.7569388860001,21.2139082790001,0</coordinates></LinearRing></outerBoundaryIs></Polygon></MultiGeometry>
  </Placemark>
  <Placemark>
	<name>Placemark</name>
	<Style><LineStyle><color>ff0000ff</color></LineStyle><PolyStyle><fill>0</fill></PolyStyle></Style>
	<ExtendedData><SchemaData schemaUrl="#merged">
		<SimpleData name="OID_">0</SimpleData>
		<SimpleData name="FolderPath">Document/shrishti_land_parcelsv1_new__polygons</SimpleData>
		<SimpleData name="SymbolID">0</SimpleData>
		<SimpleData name="AltMode">0</SimpleData>
		<SimpleData name="Base">0.00000000000</SimpleData>
		<SimpleData name="Clamped">-1</SimpleData>
		<SimpleData name="Extruded">0</SimpleData>
		<SimpleData name="PopupInfo">&lt;html xmlns:fo=&quot;http://www.w3.org/1999/XSL/Format&quot; xmlns:msxsl=&quot;urn:schemas-microsoft-com:xslt&quot;&gt;
&lt;head&gt;
&lt;META http-equiv=&quot;Content-Type&quot; content=&quot;text/html&quot;&gt;
&lt;meta http-equiv=&quot;content-type&quot; content=&quot;text/html; charset=UTF-8&quot;&gt;
&lt;/head&gt;
&lt;body style=&quot;margin:0</SimpleData>
		<SimpleData name="Shape_Leng">0.00160148643</SimpleData>
		<SimpleData name="Shape_Area">0.00000013724</SimpleData>
		<SimpleData name="Plantation">Existing</SimpleData>
		<SimpleData name="layer">Harichandanpur_existing</SimpleData>
		<SimpleData name="path">D:\Project\Shristi\4th_round\Harichandanpur_existing.shp</SimpleData>
	</SchemaData></ExtendedData>
      <MultiGeometry><Polygon><outerBoundaryIs><LinearRing><coordinates>85.7591917410001,21.2148522910001,0 85.7591656290001,21.2147749650001,0 85.7590496380001,21.2148059960001,0 85.7590443620001,21.2148997370001,0 85.7589840360001,21.214917063,0 85.758939496,21.2149032620001,0 85.7588501220001,21.214918374,0 85.758772616,21.214973781,0 85.7588369000001,21.2152335000001,0 85.7589986,21.2151976000001,0 85.7591512320001,21.21520961,0 85.7591793710001,21.2151433820001,0 85.7592641210001,21.2150740700001,0 85.7591878520001,21.2149460840001,0 85.7591917410001,21.2148522910001,0</coordinates></LinearRing></outerBoundaryIs></Polygon></MultiGeometry>
  </Placemark>
  <Placemark>
	<name>Placemark</name>
	<Style><LineStyle><color>ff0000ff</color></LineStyle><PolyStyle><fill>0</fill></PolyStyle></Style>
	<ExtendedData><SchemaData schemaUrl="#merged">
		<SimpleData name="OID_">0</SimpleData>
		<SimpleData name="FolderPath">Document/shrishti_land_parcelsv1_new__polygons</SimpleData>
		<SimpleData name="SymbolID">0</SimpleData>
		<SimpleData name="AltMode">0</SimpleData>
		<SimpleData name="Base">0.00000000000</SimpleData>
		<SimpleData name="Clamped">-1</SimpleData>
		<SimpleData name="Extruded">0</SimpleData>
		<SimpleData name="PopupInfo">&lt;html xmlns:fo=&quot;http://www.w3.org/1999/XSL/Format&quot; xmlns:msxsl=&quot;urn:schemas-microsoft-com:xslt&quot;&gt;
&lt;head&gt;
&lt;META http-equiv=&quot;Content-Type&quot; content=&quot;text/html&quot;&gt;
&lt;meta http-equiv=&quot;content-type&quot; content=&quot;text/html; charset=UTF-8&quot;&gt;
&lt;/head&gt;
&lt;body style=&quot;margin:0</SimpleData>
		<SimpleData name="Shape_Leng">0.00197134920</SimpleData>
		<SimpleData name="Shape_Area">0.00000016440</SimpleData>
		<SimpleData name="Plantation">Existing</SimpleData>
		<SimpleData name="layer">Harichandanpur_existing</SimpleData>
		<SimpleData name="path">D:\Project\Shristi\4th_round\Harichandanpur_existing.shp</SimpleData>
	</SchemaData></ExtendedData>
      <MultiGeometry><Polygon><outerBoundaryIs><LinearRing><coordinates>85.7591436420001,21.2152199610001,0 85.759001777,21.2152074300001,0 85.7588313050001,21.215252223,0 85.7588478960001,21.2153624760001,0 85.758792208,21.215405591,0 85.7587765580001,21.2154634390001,0 85.7587869420001,21.2155186800001,0 85.758790026,21.21563717,0 85.7588471440001,21.2156768420001,0 85.7588902300001,21.2156922880001,0 85.758921818,21.2156927620001,0 85.7589252720001,21.215707756,0 85.758908234,21.2157479700001,0 85.7589702710001,21.2157512160001,0 85.759086311,21.215739727,0 85.7591139960001,21.2156806840001,0 85.759142846,21.21562092,0 85.7591178500001,21.215594531,0 85.7590827550001,21.2156175700001,0 85.7590789260001,21.2155751930001,0 85.7590831800001,21.215547674,0 85.759109456,21.215503106,0 85.7591436290001,21.2155147180001,0 85.7591540220001,21.215537388,0 85.7591930950001,21.215486248,0 85.759174043,21.2154360270001,0 85.7591425790001,21.2154293630001,0 85.7592101810001,21.21540236,0 85.7591684070001,21.215354516,0 85.759112907,21.2153239090001,0 85.7591436420001,21.2152199610001,0</coordinates></LinearRing></outerBoundaryIs></Polygon></MultiGeometry>
  </Placemark>
  <Placemark>
	<name>Placemark</name>
	<Style><LineStyle><color>ff0000ff</color></LineStyle><PolyStyle><fill>0</fill></PolyStyle></Style>
	<ExtendedData><SchemaData schemaUrl="#merged">
		<SimpleData name="OID_">0</SimpleData>
		<SimpleData name="FolderPath">Document/shrishti_land_parcelsv1_new__polygons</SimpleData>
		<SimpleData name="SymbolID">0</SimpleData>
		<SimpleData name="AltMode">0</SimpleData>
		<SimpleData name="Base">0.00000000000</SimpleData>
		<SimpleData name="Clamped">-1</SimpleData>
		<SimpleData name="Extruded">0</SimpleData>
		<SimpleData name="PopupInfo">&lt;html xmlns:fo=&quot;http://www.w3.org/1999/XSL/Format&quot; xmlns:msxsl=&quot;urn:schemas-microsoft-com:xslt&quot;&gt;
&lt;head&gt;
&lt;META http-equiv=&quot;Content-Type&quot; content=&quot;text/html&quot;&gt;
&lt;meta http-equiv=&quot;content-type&quot; content=&quot;text/html; charset=UTF-8&quot;&gt;
&lt;/head&gt;
&lt;body style=&quot;margin:0</SimpleData>
		<SimpleData name="Shape_Leng">0.00362943887</SimpleData>
		<SimpleData name="Shape_Area">0.00000047934</SimpleData>
		<SimpleData name="Plantation">Existing</SimpleData>
		<SimpleData name="layer">Harichandanpur_existing</SimpleData>
		<SimpleData name="path">D:\Project\Shristi\4th_round\Harichandanpur_existing.shp</SimpleData>
	</SchemaData></ExtendedData>
      <MultiGeometry><Polygon><outerBoundaryIs><LinearRing><coordinates>85.758969612,21.2148957040001,0 85.7589586350001,21.214501698,0 85.7588120240001,21.21453368,0 85.758778691,21.214491481,0 85.7586490530001,21.2144621190001,0 85.7586650530001,21.214359749,0 85.758684046,21.214165759,0 85.7585930340001,21.2140810340001,0 85.7584931690001,21.2139790410001,0 85.7583828670001,21.213942205,0 85.758266195,21.2139033660001,0 85.7581625940001,21.21387837,0 85.758107378,21.2138482720001,0 85.7580411640001,21.2139302530001,0 85.757993308,21.214059762,0 85.758003086,21.2142060370001,0 85.7580164610001,21.214323741,0 85.758105872,21.2143776630001,0 85.758233299,21.214380911,0 85.7583694,21.21435968,0 85.7585116980001,21.214421143,0 85.7584352900001,21.2144966880001,0 85.7584412880001,21.214655808,0 85.758483454,21.2147076410001,0 85.7585955810001,21.2148138760001,0 85.758763528,21.2149150930001,0 85.758969612,21.2148957040001,0</coordinates></LinearRing></outerBoundaryIs></Polygon></MultiGeometry>
  </Placemark>
  <Placemark>
	<name>Placemark</name>
	<Style><LineStyle><color>ff0000ff</color></LineStyle><PolyStyle><fill>0</fill></PolyStyle></Style>
	<ExtendedData><SchemaData schemaUrl="#merged">
		<SimpleData name="OID_">0</SimpleData>
		<SimpleData name="FolderPath">Document/shrishti_land_parcelsv1_new__polygons</SimpleData>
		<SimpleData name="SymbolID">0</SimpleData>
		<SimpleData name="AltMode">0</SimpleData>
		<SimpleData name="Base">0.00000000000</SimpleData>
		<SimpleData name="Clamped">-1</SimpleData>
		<SimpleData name="Extruded">0</SimpleData>
		<SimpleData name="PopupInfo">&lt;html xmlns:fo=&quot;http://www.w3.org/1999/XSL/Format&quot; xmlns:msxsl=&quot;urn:schemas-microsoft-com:xslt&quot;&gt;
&lt;head&gt;
&lt;META http-equiv=&quot;Content-Type&quot; content=&quot;text/html&quot;&gt;
&lt;meta http-equiv=&quot;content-type&quot; content=&quot;text/html; charset=UTF-8&quot;&gt;
&lt;/head&gt;
&lt;body style=&quot;margin:0</SimpleData>
		<SimpleData name="Shape_Leng">0.00350006643</SimpleData>
		<SimpleData name="Shape_Area">0.00000046202</SimpleData>
		<SimpleData name="Plantation">Existing</SimpleData>
		<SimpleData name="layer">Harichandanpur_existing</SimpleData>
		<SimpleData name="path">D:\Project\Shristi\4th_round\Harichandanpur_existing.shp</SimpleData>
	</SchemaData></ExtendedData>
      <MultiGeometry><Polygon><outerBoundaryIs><LinearRing><coordinates>85.7606727,21.213602742,0 85.7606891920001,21.2136836070001,0 85.7607212190001,21.213678836,0 85.760809238,21.2136894670001,0 85.7609095560001,21.213727571,0 85.7608672260001,21.213781801,0 85.7609105370001,21.213859228,0 85.7609027350001,21.213989623,0 85.7608290330001,21.2140823120001,0 85.7609102800001,21.214144789,0 85.7609812840001,21.2143900570001,0 85.7610520600001,21.2144987620001,0 85.761110649,21.2145760130001,0 85.7611837170001,21.214682843,0 85.7612829380001,21.214715105,0 85.7614004930001,21.214694073,0 85.761518246,21.214563281,0 85.7616555320001,21.214466567,0 85.7614646360001,21.214275243,0 85.7613747010001,21.214150064,0 85.7613134410001,21.214059009,0 85.761177853,21.2139078330001,0 85.7610797080001,21.213694597,0 85.7609926740001,21.213516983,0 85.7606727,21.213602742,0</coordinates></LinearRing></outerBoundaryIs></Polygon></MultiGeometry>
  </Placemark>
  <Placemark>
	<name>Placemark</name>
	<Style><LineStyle><color>ff0000ff</color></LineStyle><PolyStyle><fill>0</fill></PolyStyle></Style>
	<ExtendedData><SchemaData schemaUrl="#merged">
		<SimpleData name="OID_">0</SimpleData>
		<SimpleData name="FolderPath">Document/shrishti_land_parcelsv1_new__polygons</SimpleData>
		<SimpleData name="SymbolID">0</SimpleData>
		<SimpleData name="AltMode">0</SimpleData>
		<SimpleData name="Base">0.00000000000</SimpleData>
		<SimpleData name="Clamped">-1</SimpleData>
		<SimpleData name="Extruded">0</SimpleData>
		<SimpleData name="PopupInfo">&lt;html xmlns:fo=&quot;http://www.w3.org/1999/XSL/Format&quot; xmlns:msxsl=&quot;urn:schemas-microsoft-com:xslt&quot;&gt;
&lt;head&gt;
&lt;META http-equiv=&quot;Content-Type&quot; content=&quot;text/html&quot;&gt;
&lt;meta http-equiv=&quot;content-type&quot; content=&quot;text/html; charset=UTF-8&quot;&gt;
&lt;/head&gt;
&lt;body style=&quot;margin:0</SimpleData>
		<SimpleData name="Shape_Leng">0.00247643887</SimpleData>
		<SimpleData name="Shape_Area">0.00000036768</SimpleData>
		<SimpleData name="Plantation">Existing</SimpleData>
		<SimpleData name="layer">Harichandanpur_existing</SimpleData>
		<SimpleData name="path">D:\Project\Shristi\4th_round\Harichandanpur_existing.shp</SimpleData>
	</SchemaData></ExtendedData>
      <MultiGeometry><Polygon><outerBoundaryIs><LinearRing><coordinates>85.7613442670001,21.214073333,0 85.7614572630001,21.2142434040001,0 85.7616589520001,21.214461312,0 85.7620438000001,21.2142604000001,0 85.762282987,21.214165849,0 85.762156007,21.2139268540001,0 85.7620206010001,21.2137176460001,0 85.7613442670001,21.214073333,0</coordinates></LinearRing></outerBoundaryIs></Polygon></MultiGeometry>
  </Placemark>
  <Placemark>
	<name>Placemark</name>
	<Style><LineStyle><color>ff0000ff</color></LineStyle><PolyStyle><fill>0</fill></PolyStyle></Style>
	<ExtendedData><SchemaData schemaUrl="#merged">
		<SimpleData name="OID_">0</SimpleData>
		<SimpleData name="FolderPath">Document/shrishti_land_parcelsv1_new__polygons</SimpleData>
		<SimpleData name="SymbolID">0</SimpleData>
		<SimpleData name="AltMode">0</SimpleData>
		<SimpleData name="Base">0.00000000000</SimpleData>
		<SimpleData name="Clamped">-1</SimpleData>
		<SimpleData name="Extruded">0</SimpleData>
		<SimpleData name="PopupInfo">&lt;html xmlns:fo=&quot;http://www.w3.org/1999/XSL/Format&quot; xmlns:msxsl=&quot;urn:schemas-microsoft-com:xslt&quot;&gt;
&lt;head&gt;
&lt;META http-equiv=&quot;Content-Type&quot; content=&quot;text/html&quot;&gt;
&lt;meta http-equiv=&quot;content-type&quot; content=&quot;text/html; charset=UTF-8&quot;&gt;
&lt;/head&gt;
&lt;body style=&quot;margin:0</SimpleData>
		<SimpleData name="Shape_Leng">0.00254353261</SimpleData>
		<SimpleData name="Shape_Area">0.00000025625</SimpleData>
		<SimpleData name="Plantation">Existing</SimpleData>
		<SimpleData name="layer">Harichandanpur_existing</SimpleData>
		<SimpleData name="path">D:\Project\Shristi\4th_round\Harichandanpur_existing.shp</SimpleData>
	</SchemaData></ExtendedData>
      <MultiGeometry><Polygon><outerBoundaryIs><LinearRing><coordinates>85.761351001,21.214058869,0 85.7618228060001,21.213789783,0 85.761780629,21.213750668,0 85.761703138,21.2137497480001,0 85.7617453,21.2136925080001,0 85.761863572,21.2136672340001,0 85.761949814,21.21372136,0 85.762003844,21.2137081830001,0 85.761886657,21.213438486,0 85.7611318880001,21.213709748,0 85.7612089450001,21.2139074340001,0 85.761351001,21.214058869,0</coordinates></LinearRing></outerBoundaryIs></Polygon></MultiGeometry>
  </Placemark>
  <Placemark>
	<name>Placemark</name>
	<Style><LineStyle><color>ff0000ff</color></LineStyle><PolyStyle><fill>0</fill></PolyStyle></Style>
	<ExtendedData><SchemaData schemaUrl="#merged">
		<SimpleData name="OID_">0</SimpleData>
		<SimpleData name="FolderPath">Document/shrishti_land_parcelsv1_new__polygons</SimpleData>
		<SimpleData name="SymbolID">0</SimpleData>
		<SimpleData name="AltMode">0</SimpleData>
		<SimpleData name="Base">0.00000000000</SimpleData>
		<SimpleData name="Clamped">-1</SimpleData>
		<SimpleData name="Extruded">0</SimpleData>
		<SimpleData name="PopupInfo">&lt;html xmlns:fo=&quot;http://www.w3.org/1999/XSL/Format&quot; xmlns:msxsl=&quot;urn:schemas-microsoft-com:xslt&quot;&gt;
&lt;head&gt;
&lt;META http-equiv=&quot;Content-Type&quot; content=&quot;text/html&quot;&gt;
&lt;meta http-equiv=&quot;content-type&quot; content=&quot;text/html; charset=UTF-8&quot;&gt;
&lt;/head&gt;
&lt;body style=&quot;margin:0</SimpleData>
		<SimpleData name="Shape_Leng">0.00421271296</SimpleData>
		<SimpleData name="Shape_Area">0.00000064241</SimpleData>
		<SimpleData name="Plantation">Existing</SimpleData>
		<SimpleData name="layer">Harichandanpur_existing</SimpleData>
		<SimpleData name="path">D:\Project\Shristi\4th_round\Harichandanpur_existing.shp</SimpleData>
	</SchemaData></ExtendedData>
      <MultiGeometry><Polygon><outerBoundaryIs><LinearRing><coordinates>85.7610945500001,21.213708405,0 85.7618912350001,21.213424123,0 85.761693037,21.21304523,0 85.7615683060001,21.2127962820001,0 85.7612979570001,21.212594559,0 85.761118239,21.212475521,0 85.761044934,21.2125602450001,0 85.7611194840001,21.212655118,0 85.761168942,21.2127278240001,0 85.7611825430001,21.2127919800001,0 85.761149398,21.2127811170001,0 85.761077748,21.212851083,0 85.761095432,21.2129198860001,0 85.7611737940001,21.212995451,0 85.7612292190001,21.213086748,0 85.7611350070001,21.2130691090001,0 85.761072175,21.2131114580001,0 85.7611236320001,21.2132089570001,0 85.76101328,21.2132151010001,0 85.7609074960001,21.2132085170001,0 85.7608426500001,21.2131807980001,0 85.760757842,21.2132297630001,0 85.7608233970001,21.2133145330001,0 85.7609063840001,21.2133079320001,0 85.761051847,21.2136022380001,0 85.7610945500001,21.213708405,0</coordinates></LinearRing></outerBoundaryIs></Polygon></MultiGeometry>
  </Placemark>
  <Placemark>
	<name>Placemark</name>
	<Style><LineStyle><color>ff0000ff</color></LineStyle><PolyStyle><fill>0</fill></PolyStyle></Style>
	<ExtendedData><SchemaData schemaUrl="#merged">
		<SimpleData name="OID_">0</SimpleData>
		<SimpleData name="FolderPath">Document/shrishti_land_parcelsv1_new__polygons</SimpleData>
		<SimpleData name="SymbolID">0</SimpleData>
		<SimpleData name="AltMode">0</SimpleData>
		<SimpleData name="Base">0.00000000000</SimpleData>
		<SimpleData name="Clamped">-1</SimpleData>
		<SimpleData name="Extruded">0</SimpleData>
		<SimpleData name="PopupInfo">&lt;html xmlns:fo=&quot;http://www.w3.org/1999/XSL/Format&quot; xmlns:msxsl=&quot;urn:schemas-microsoft-com:xslt&quot;&gt;
&lt;head&gt;
&lt;META http-equiv=&quot;Content-Type&quot; content=&quot;text/html&quot;&gt;
&lt;meta http-equiv=&quot;content-type&quot; content=&quot;text/html; charset=UTF-8&quot;&gt;
&lt;/head&gt;
&lt;body style=&quot;margin:0</SimpleData>
		<SimpleData name="Shape_Leng">0.00402233545</SimpleData>
		<SimpleData name="Shape_Area">0.00000098544</SimpleData>
		<SimpleData name="Plantation">Existing</SimpleData>
		<SimpleData name="layer">Harichandanpur_existing</SimpleData>
		<SimpleData name="path">D:\Project\Shristi\4th_round\Harichandanpur_existing.shp</SimpleData>
	</SchemaData></ExtendedData>
      <MultiGeometry><Polygon><outerBoundaryIs><LinearRing><coordinates>85.761865856,21.2133646450001,0 85.7623105420001,21.214163211,0 85.7633496980001,21.213755791,0 85.7629346000001,21.212999487,0 85.761865856,21.2133646450001,0</coordinates></LinearRing></outerBoundaryIs></Polygon></MultiGeometry>
  </Placemark>
  <Placemark>
	<name>Placemark</name>
	<Style><LineStyle><color>ff0000ff</color></LineStyle><PolyStyle><fill>0</fill></PolyStyle></Style>
	<ExtendedData><SchemaData schemaUrl="#merged">
		<SimpleData name="OID_">0</SimpleData>
		<SimpleData name="FolderPath">Document/shrishti_land_parcelsv1_new__polygons</SimpleData>
		<SimpleData name="SymbolID">0</SimpleData>
		<SimpleData name="AltMode">0</SimpleData>
		<SimpleData name="Base">0.00000000000</SimpleData>
		<SimpleData name="Clamped">-1</SimpleData>
		<SimpleData name="Extruded">0</SimpleData>
		<SimpleData name="PopupInfo">&lt;html xmlns:fo=&quot;http://www.w3.org/1999/XSL/Format&quot; xmlns:msxsl=&quot;urn:schemas-microsoft-com:xslt&quot;&gt;
&lt;head&gt;
&lt;META http-equiv=&quot;Content-Type&quot; content=&quot;text/html&quot;&gt;
&lt;meta http-equiv=&quot;content-type&quot; content=&quot;text/html; charset=UTF-8&quot;&gt;
&lt;/head&gt;
&lt;body style=&quot;margin:0</SimpleData>
		<SimpleData name="Shape_Leng">0.00320165348</SimpleData>
		<SimpleData name="Shape_Area">0.00000052351</SimpleData>
		<SimpleData name="Plantation">Existing</SimpleData>
		<SimpleData name="layer">Harichandanpur_existing</SimpleData>
		<SimpleData name="path">D:\Project\Shristi\4th_round\Harichandanpur_existing.shp</SimpleData>
	</SchemaData></ExtendedData>
      <MultiGeometry><Polygon><outerBoundaryIs><LinearRing><coordinates>85.761864271,21.2133516970001,0 85.7626353410001,21.213086165,0 85.762973377,21.212963965,0 85.7628576490001,21.2128504880001,0 85.7625233890001,21.2127276460001,0 85.7619990580001,21.212686401,0 85.7617175410001,21.2128272050001,0 85.761611439,21.2128538220001,0 85.761864271,21.2133516970001,0</coordinates></LinearRing></outerBoundaryIs></Polygon></MultiGeometry>
  </Placemark>
  <Placemark>
	<name>Placemark</name>
	<Style><LineStyle><color>ff0000ff</color></LineStyle><PolyStyle><fill>0</fill></PolyStyle></Style>
	<ExtendedData><SchemaData schemaUrl="#merged">
		<SimpleData name="OID_">0</SimpleData>
		<SimpleData name="FolderPath">Document/shrishti_land_parcelsv1_new__polygons</SimpleData>
		<SimpleData name="SymbolID">0</SimpleData>
		<SimpleData name="AltMode">0</SimpleData>
		<SimpleData name="Base">0.00000000000</SimpleData>
		<SimpleData name="Clamped">-1</SimpleData>
		<SimpleData name="Extruded">0</SimpleData>
		<SimpleData name="PopupInfo">&lt;html xmlns:fo=&quot;http://www.w3.org/1999/XSL/Format&quot; xmlns:msxsl=&quot;urn:schemas-microsoft-com:xslt&quot;&gt;
&lt;head&gt;
&lt;META http-equiv=&quot;Content-Type&quot; content=&quot;text/html&quot;&gt;
&lt;meta http-equiv=&quot;content-type&quot; content=&quot;text/html; charset=UTF-8&quot;&gt;
&lt;/head&gt;
&lt;body style=&quot;margin:0</SimpleData>
		<SimpleData name="Shape_Leng">0.00601149911</SimpleData>
		<SimpleData name="Shape_Area">0.00000109840</SimpleData>
		<SimpleData name="Plantation">Existing</SimpleData>
		<SimpleData name="layer">Harichandanpur_existing</SimpleData>
		<SimpleData name="path">D:\Project\Shristi\4th_round\Harichandanpur_existing.shp</SimpleData>
	</SchemaData></ExtendedData>
      <MultiGeometry><Polygon><outerBoundaryIs><LinearRing><coordinates>85.7633035570001,21.2130078330001,0 85.7634498450001,21.2130867540001,0 85.7634612360001,21.213306867,0 85.763352959,21.213375054,0 85.7632202780001,21.2133313050001,0 85.763210218,21.213436535,0 85.7633610110001,21.2136053150001,0 85.763475864,21.213832977,0 85.7636535020001,21.213653934,0 85.763791854,21.213509876,0 85.76391713,21.213652715,0 85.7640701670001,21.2137412060001,0 85.7641490770001,21.2136589570001,0 85.7642075270001,21.213554978,0 85.7642001240001,21.2134610260001,0 85.764162904,21.2134139180001,0 85.764120791,21.213434089,0 85.7641144850001,21.213338462,0 85.7641007350001,21.213229197,0 85.7639934580001,21.213077551,0 85.7638946480001,21.2129122490001,0 85.7638004630001,21.212807191,0 85.7636740670001,21.212565565,0 85.7634664450001,21.212255155,0 85.7633160620001,21.2122460090001,0 85.763081991,21.212340324,0 85.762965894,21.2122580670001,0 85.7628430380001,21.212179153,0 85.762692153,21.2120814360001,0 85.7626600460001,21.212128276,0 85.7626551860001,21.2122048470001,0 85.762699023,21.212255725,0 85.7626292530001,21.212352767,0 85.7626693980001,21.212402866,0 85.76285375,21.2125540550001,0 85.76298947,21.2126536760001,0 85.7630978700001,21.2128496620001,0 85.7633035570001,21.2130078330001,0</coordinates></LinearRing></outerBoundaryIs></Polygon></MultiGeometry>
  </Placemark>
  <Placemark>
	<name>Placemark</name>
	<Style><LineStyle><color>ff0000ff</color></LineStyle><PolyStyle><fill>0</fill></PolyStyle></Style>
	<ExtendedData><SchemaData schemaUrl="#merged">
		<SimpleData name="OID_">0</SimpleData>
		<SimpleData name="FolderPath">Document/shrishti_land_parcelsv1_new__polygons</SimpleData>
		<SimpleData name="SymbolID">0</SimpleData>
		<SimpleData name="AltMode">0</SimpleData>
		<SimpleData name="Base">0.00000000000</SimpleData>
		<SimpleData name="Clamped">-1</SimpleData>
		<SimpleData name="Extruded">0</SimpleData>
		<SimpleData name="PopupInfo">&lt;html xmlns:fo=&quot;http://www.w3.org/1999/XSL/Format&quot; xmlns:msxsl=&quot;urn:schemas-microsoft-com:xslt&quot;&gt;
&lt;head&gt;
&lt;META http-equiv=&quot;Content-Type&quot; content=&quot;text/html&quot;&gt;
&lt;meta http-equiv=&quot;content-type&quot; content=&quot;text/html; charset=UTF-8&quot;&gt;
&lt;/head&gt;
&lt;body style=&quot;margin:0</SimpleData>
		<SimpleData name="Shape_Leng">0.00368776652</SimpleData>
		<SimpleData name="Shape_Area">0.00000037609</SimpleData>
		<SimpleData name="Plantation">Existing</SimpleData>
		<SimpleData name="layer">Harichandanpur_existing</SimpleData>
		<SimpleData name="path">D:\Project\Shristi\4th_round\Harichandanpur_existing.shp</SimpleData>
	</SchemaData></ExtendedData>
      <MultiGeometry><Polygon><outerBoundaryIs><LinearRing><coordinates>85.8852946520001,21.3305320280001,0 85.8853057330001,21.3300208650001,0 85.8852811820001,21.3298675500001,0 85.885033036,21.329934936,0 85.884861862,21.329978871,0 85.8848835260001,21.330062624,0 85.884976226,21.330088501,0 85.885066007,21.3301107200001,0 85.8849914900001,21.3301985160001,0 85.8847451890001,21.330226929,0 85.884627105,21.3302704560001,0 85.88458216,21.3303846790001,0 85.885014471,21.3304893320001,0 85.8850649550001,21.3305656850001,0 85.8850146120001,21.3306385340001,0 85.8848680940001,21.330635698,0 85.884863437,21.3307333550001,0 85.8849674750001,21.330829755,0 85.885014138,21.330964045,0 85.8851433660001,21.33088364,0 85.8851982520001,21.3307065280001,0 85.8852128520001,21.3306135280001,0 85.8852946520001,21.3305320280001,0</coordinates></LinearRing></outerBoundaryIs></Polygon></MultiGeometry>
  </Placemark>
  <Placemark>
	<name>Placemark</name>
	<Style><LineStyle><color>ff0000ff</color></LineStyle><PolyStyle><fill>0</fill></PolyStyle></Style>
	<ExtendedData><SchemaData schemaUrl="#merged">
		<SimpleData name="OID_">0</SimpleData>
		<SimpleData name="FolderPath">Document/shrishti_land_parcelsv1_new__polygons</SimpleData>
		<SimpleData name="SymbolID">0</SimpleData>
		<SimpleData name="AltMode">0</SimpleData>
		<SimpleData name="Base">0.00000000000</SimpleData>
		<SimpleData name="Clamped">-1</SimpleData>
		<SimpleData name="Extruded">0</SimpleData>
		<SimpleData name="PopupInfo">&lt;html xmlns:fo=&quot;http://www.w3.org/1999/XSL/Format&quot; xmlns:msxsl=&quot;urn:schemas-microsoft-com:xslt&quot;&gt;
&lt;head&gt;
&lt;META http-equiv=&quot;Content-Type&quot; content=&quot;text/html&quot;&gt;
&lt;meta http-equiv=&quot;content-type&quot; content=&quot;text/html; charset=UTF-8&quot;&gt;
&lt;/head&gt;
&lt;body style=&quot;margin:0</SimpleData>
		<SimpleData name="Shape_Leng">0.00624594467</SimpleData>
		<SimpleData name="Shape_Area">0.00000093509</SimpleData>
		<SimpleData name="Plantation">Existing</SimpleData>
		<SimpleData name="layer">Harichandanpur_existing</SimpleData>
		<SimpleData name="path">D:\Project\Shristi\4th_round\Harichandanpur_existing.shp</SimpleData>
	</SchemaData></ExtendedData>
      <MultiGeometry><Polygon><outerBoundaryIs><LinearRing><coordinates>85.886922928,21.330190391,0 85.8868018000001,21.3302021000001,0 85.8867698650001,21.330391062,0 85.8867882760001,21.330498956,0 85.886837653,21.330556529,0 85.8869226520001,21.330583485,0 85.8869589710001,21.330524209,0 85.8870212630001,21.3305704160001,0 85.8871398650001,21.3305513870001,0 85.887338282,21.330598837,0 85.887634587,21.330619719,0 85.8879955620001,21.3306291330001,0 85.888430037,21.330611177,0 85.888618229,21.330678445,0 85.888782404,21.330577638,0 85.8889301710001,21.3305502380001,0 85.8890676920001,21.330517995,0 85.8890810680001,21.3304200590001,0 85.8889983030001,21.3302732280001,0 85.8890097560001,21.3301812010001,0 85.8891371930001,21.3302024380001,0 85.8891532920001,21.330097498,0 85.8886058250001,21.330061415,0 85.8885813300001,21.330192454,0 85.88830233,21.330184812,0 85.888179656,21.330111914,0 85.8880014520001,21.330183774,0 85.887897949,21.3302266700001,0 85.8878540800001,21.330083416,0 85.887790205,21.330057535,0 85.8877385370001,21.3301210440001,0 85.887679442,21.330321299,0 85.8875844930001,21.330276729,0 85.887479064,21.3303281450001,0 85.8873423360001,21.3302839730001,0 85.8871543540001,21.330254616,0 85.8870972970001,21.330282101,0 85.8869734890001,21.330327174,0 85.886922928,21.330190391,0</coordinates></LinearRing></outerBoundaryIs></Polygon></MultiGeometry>
  </Placemark>
  <Placemark>
	<name>Placemark</name>
	<Style><LineStyle><color>ff0000ff</color></LineStyle><PolyStyle><fill>0</fill></PolyStyle></Style>
	<ExtendedData><SchemaData schemaUrl="#merged">
		<SimpleData name="OID_">0</SimpleData>
		<SimpleData name="FolderPath">Document/shrishti_land_parcelsv1_new__polygons</SimpleData>
		<SimpleData name="SymbolID">0</SimpleData>
		<SimpleData name="AltMode">0</SimpleData>
		<SimpleData name="Base">0.00000000000</SimpleData>
		<SimpleData name="Clamped">-1</SimpleData>
		<SimpleData name="Extruded">0</SimpleData>
		<SimpleData name="PopupInfo">&lt;html xmlns:fo=&quot;http://www.w3.org/1999/XSL/Format&quot; xmlns:msxsl=&quot;urn:schemas-microsoft-com:xslt&quot;&gt;
&lt;head&gt;
&lt;META http-equiv=&quot;Content-Type&quot; content=&quot;text/html&quot;&gt;
&lt;meta http-equiv=&quot;content-type&quot; content=&quot;text/html; charset=UTF-8&quot;&gt;
&lt;/head&gt;
&lt;body style=&quot;margin:0</SimpleData>
		<SimpleData name="Shape_Leng">0.00290529930</SimpleData>
		<SimpleData name="Shape_Area">0.00000020598</SimpleData>
		<SimpleData name="Plantation">Existing</SimpleData>
		<SimpleData name="layer">Harichandanpur_existing</SimpleData>
		<SimpleData name="path">D:\Project\Shristi\4th_round\Harichandanpur_existing.shp</SimpleData>
	</SchemaData></ExtendedData>
      <MultiGeometry><Polygon><outerBoundaryIs><LinearRing><coordinates>85.8899703970001,21.324303947,0 85.8900422610001,21.3243039060001,0 85.890083857,21.3242525970001,0 85.8900961210001,21.3241749150001,0 85.8900218910001,21.3241642410001,0 85.8899176840001,21.324134262,0 85.8898117900001,21.3241123500001,0 85.8898048820001,21.3240708010001,0 85.8899281990001,21.3240439320001,0 85.8900512210001,21.3240867650001,0 85.8900979190001,21.3240954840001,0 85.890072187,21.3239909280001,0 85.890017292,21.323925661,0 85.889917993,21.323916108,0 85.8898776170001,21.323961415,0 85.8896922480001,21.3239511210001,0 85.8897302300001,21.324014262,0 85.8896687580001,21.324030769,0 85.889610948,21.324017004,0 85.889542492,21.323950433,0 85.889398412,21.32401601,0 85.889714408,21.324437109,0 85.889798221,21.3245166880001,0 85.8898400790001,21.3244867230001,0 85.8898387770001,21.3243946370001,0 85.8898444180001,21.324312901,0 85.8899048630001,21.3242776210001,0 85.8899132350001,21.3243356020001,0 85.8899703970001,21.324303947,0</coordinates></LinearRing></outerBoundaryIs></Polygon></MultiGeometry>
  </Placemark>
  <Placemark>
	<name>Placemark</name>
	<Style><LineStyle><color>ff0000ff</color></LineStyle><PolyStyle><fill>0</fill></PolyStyle></Style>
	<ExtendedData><SchemaData schemaUrl="#merged">
		<SimpleData name="OID_">0</SimpleData>
		<SimpleData name="FolderPath">Document/shrishti_land_parcelsv1_new__polygons</SimpleData>
		<SimpleData name="SymbolID">0</SimpleData>
		<SimpleData name="AltMode">0</SimpleData>
		<SimpleData name="Base">0.00000000000</SimpleData>
		<SimpleData name="Clamped">-1</SimpleData>
		<SimpleData name="Extruded">0</SimpleData>
		<SimpleData name="PopupInfo">&lt;html xmlns:fo=&quot;http://www.w3.org/1999/XSL/Format&quot; xmlns:msxsl=&quot;urn:schemas-microsoft-com:xslt&quot;&gt;
&lt;head&gt;
&lt;META http-equiv=&quot;Content-Type&quot; content=&quot;text/html&quot;&gt;
&lt;meta http-equiv=&quot;content-type&quot; content=&quot;text/html; charset=UTF-8&quot;&gt;
&lt;/head&gt;
&lt;body style=&quot;margin:0</SimpleData>
		<SimpleData name="Shape_Leng">0.00236241942</SimpleData>
		<SimpleData name="Shape_Area">0.00000028778</SimpleData>
		<SimpleData name="Plantation">Existing</SimpleData>
		<SimpleData name="layer">Harichandanpur_existing</SimpleData>
		<SimpleData name="path">D:\Project\Shristi\4th_round\Harichandanpur_existing.shp</SimpleData>
	</SchemaData></ExtendedData>
      <MultiGeometry><Polygon><outerBoundaryIs><LinearRing><coordinates>85.890190514,21.324382305,0 85.890311941,21.3245271590001,0 85.890443888,21.3245439,0 85.8905660920001,21.3245456290001,0 85.8904565380001,21.3242138910001,0 85.8905724000001,21.3241567000001,0 85.8906570300001,21.324109568,0 85.8906574800001,21.3240538790001,0 85.8906415710001,21.3239923150001,0 85.890655327,21.323919271,0 85.8906128960001,21.323808752,0 85.8903070520001,21.3238669350001,0 85.8902230580001,21.323890165,0 85.8901413720001,21.323887669,0 85.8900807630001,21.323939244,0 85.8901143130001,21.324070287,0 85.8901143530001,21.3241414300001,0 85.890114392,21.324208132,0 85.8901274710001,21.3243066320001,0 85.890190514,21.324382305,0</coordinates></LinearRing></outerBoundaryIs></Polygon></MultiGeometry>
  </Placemark>
  <Placemark>
	<name>Placemark</name>
	<Style><LineStyle><color>ff0000ff</color></LineStyle><PolyStyle><fill>0</fill></PolyStyle></Style>
	<ExtendedData><SchemaData schemaUrl="#merged">
		<SimpleData name="OID_">0</SimpleData>
		<SimpleData name="FolderPath">Document/shrishti_land_parcelsv1_new__polygons</SimpleData>
		<SimpleData name="SymbolID">0</SimpleData>
		<SimpleData name="AltMode">0</SimpleData>
		<SimpleData name="Base">0.00000000000</SimpleData>
		<SimpleData name="Clamped">-1</SimpleData>
		<SimpleData name="Extruded">0</SimpleData>
		<SimpleData name="PopupInfo">&lt;html xmlns:fo=&quot;http://www.w3.org/1999/XSL/Format&quot; xmlns:msxsl=&quot;urn:schemas-microsoft-com:xslt&quot;&gt;
&lt;head&gt;
&lt;META http-equiv=&quot;Content-Type&quot; content=&quot;text/html&quot;&gt;
&lt;meta http-equiv=&quot;content-type&quot; content=&quot;text/html; charset=UTF-8&quot;&gt;
&lt;/head&gt;
&lt;body style=&quot;margin:0</SimpleData>
		<SimpleData name="Shape_Leng">0.00553633923</SimpleData>
		<SimpleData name="Shape_Area">0.00000057128</SimpleData>
		<SimpleData name="Plantation">Existing</SimpleData>
		<SimpleData name="layer">Harichandanpur_existing</SimpleData>
		<SimpleData name="path">D:\Project\Shristi\4th_round\Harichandanpur_existing.shp</SimpleData>
	</SchemaData></ExtendedData>
      <MultiGeometry><Polygon><outerBoundaryIs><LinearRing><coordinates>85.890224,21.3246019000001,0 85.8900325000001,21.3245460000001,0 85.8898821220001,21.324575263,0 85.889883883,21.3246949950001,0 85.8899005600001,21.3247932360001,0 85.8898555750001,21.324815557,0 85.8897223710001,21.3248624340001,0 85.8896906690001,21.324928449,0 85.889753526,21.324987827,0 85.889674729,21.3250587580001,0 85.8895883470001,21.325127309,0 85.889593883,21.3252102180001,0 85.8896859120001,21.325317199,0 85.8897683820001,21.3253166870001,0 85.8897854290001,21.3252509070001,0 85.8898477610001,21.325425958,0 85.8899075560001,21.325439805,0 85.889930947,21.325514162,0 85.889852847,21.3255999580001,0 85.88974749,21.3256543580001,0 85.8897006870001,21.3256868780001,0 85.88964294,21.325729955,0 85.88955889,21.325758455,0 85.8896242650001,21.325782799,0 85.8898865460001,21.3256479930001,0 85.8900133540001,21.325583436,0 85.8902698520001,21.3253795000001,0 85.8901122350001,21.3250424280001,0 85.890141155,21.3249977630001,0 85.8901953120001,21.3249801100001,0 85.8902549480001,21.3251083700001,0 85.8902972920001,21.32525624,0 85.8904917030001,21.32516014,0 85.8905573200001,21.325076987,0 85.890554384,21.325040603,0 85.890337113,21.3249411150001,0 85.8903127470001,21.3248845680001,0 85.8903393560001,21.324836346,0 85.8904189300001,21.3248591330001,0 85.8904612580001,21.3249081280001,0 85.8905921450001,21.3248630420001,0 85.8906093430001,21.3247992720001,0 85.890562275,21.3246972060001,0 85.8904015110001,21.3247231400001,0 85.8903038540001,21.3247646500001,0 85.890236165,21.324661683,0 85.890224,21.3246019000001,0</coordinates></LinearRing></outerBoundaryIs></Polygon></MultiGeometry>
  </Placemark>
  <Placemark>
	<name>Placemark</name>
	<Style><LineStyle><color>ff0000ff</color></LineStyle><PolyStyle><fill>0</fill></PolyStyle></Style>
	<ExtendedData><SchemaData schemaUrl="#merged">
		<SimpleData name="OID_">0</SimpleData>
		<SimpleData name="FolderPath">Document/shrishti_land_parcelsv1_new__polygons</SimpleData>
		<SimpleData name="SymbolID">0</SimpleData>
		<SimpleData name="AltMode">0</SimpleData>
		<SimpleData name="Base">0.00000000000</SimpleData>
		<SimpleData name="Clamped">-1</SimpleData>
		<SimpleData name="Extruded">0</SimpleData>
		<SimpleData name="PopupInfo">&lt;html xmlns:fo=&quot;http://www.w3.org/1999/XSL/Format&quot; xmlns:msxsl=&quot;urn:schemas-microsoft-com:xslt&quot;&gt;
&lt;head&gt;
&lt;META http-equiv=&quot;Content-Type&quot; content=&quot;text/html&quot;&gt;
&lt;meta http-equiv=&quot;content-type&quot; content=&quot;text/html; charset=UTF-8&quot;&gt;
&lt;/head&gt;
&lt;body style=&quot;margin:0</SimpleData>
		<SimpleData name="Shape_Leng">0.00526959715</SimpleData>
		<SimpleData name="Shape_Area">0.00000065274</SimpleData>
		<SimpleData name="Plantation">Existing</SimpleData>
		<SimpleData name="layer">Harichandanpur_existing</SimpleData>
		<SimpleData name="path">D:\Project\Shristi\4th_round\Harichandanpur_existing.shp</SimpleData>
	</SchemaData></ExtendedData>
      <MultiGeometry><Polygon><outerBoundaryIs><LinearRing><coordinates>85.8896324130001,21.3250278570001,0 85.8896016,21.3247852000001,0 85.8894164000001,21.3247299,0 85.8893153000001,21.3245468000001,0 85.8894471500001,21.32452721,0 85.8893026310001,21.3243459,0 85.889338271,21.32429203,0 85.889348268,21.324188431,0 85.8894331690001,21.324191211,0 85.889484784,21.3241661180001,0 85.889319061,21.3240392550001,0 85.889118055,21.3240944300001,0 85.8891537970001,21.324234802,0 85.889119334,21.32428787,0 85.8890709680001,21.324426325,0 85.8890292510001,21.3244360190001,0 85.889003884,21.3243671500001,0 85.889010344,21.3242061130001,0 85.888748445,21.324296845,0 85.8888783950001,21.324436226,0 85.8888356040001,21.324500776,0 85.8887526920001,21.324434088,0 85.8887252320001,21.3244609270001,0 85.888668415,21.3245273100001,0 85.88861195,21.324621872,0 85.8885555840001,21.3246984900001,0 85.8885844860001,21.324742084,0 85.888632025,21.3247051230001,0 85.888672199,21.3248251950001,0 85.8888020780001,21.324951103,0 85.8888971260001,21.3249700110001,0 85.8890274350001,21.3250343890001,0 85.8891757430001,21.3251355030001,0 85.889286326,21.3253027690001,0 85.8893983020001,21.325295715,0 85.8894501180001,21.3251433460001,0 85.889372327,21.324961339,0 85.8894816910001,21.324912581,0 85.8895599520001,21.325084814,0 85.8896324130001,21.3250278570001,0</coordinates></LinearRing></outerBoundaryIs></Polygon></MultiGeometry>
  </Placemark>
  <Placemark>
	<name>Placemark</name>
	<Style><LineStyle><color>ff0000ff</color></LineStyle><PolyStyle><fill>0</fill></PolyStyle></Style>
	<ExtendedData><SchemaData schemaUrl="#merged">
		<SimpleData name="OID_">0</SimpleData>
		<SimpleData name="FolderPath">Document/shrishti_land_parcelsv1_new__polygons</SimpleData>
		<SimpleData name="SymbolID">0</SimpleData>
		<SimpleData name="AltMode">0</SimpleData>
		<SimpleData name="Base">0.00000000000</SimpleData>
		<SimpleData name="Clamped">-1</SimpleData>
		<SimpleData name="Extruded">0</SimpleData>
		<SimpleData name="PopupInfo">&lt;html xmlns:fo=&quot;http://www.w3.org/1999/XSL/Format&quot; xmlns:msxsl=&quot;urn:schemas-microsoft-com:xslt&quot;&gt;
&lt;head&gt;
&lt;META http-equiv=&quot;Content-Type&quot; content=&quot;text/html&quot;&gt;
&lt;meta http-equiv=&quot;content-type&quot; content=&quot;text/html; charset=UTF-8&quot;&gt;
&lt;/head&gt;
&lt;body style=&quot;margin:0</SimpleData>
		<SimpleData name="Shape_Leng">0.00284827668</SimpleData>
		<SimpleData name="Shape_Area">0.00000022608</SimpleData>
		<SimpleData name="Plantation">Existing</SimpleData>
		<SimpleData name="layer">Harichandanpur_existing</SimpleData>
		<SimpleData name="path">D:\Project\Shristi\4th_round\Harichandanpur_existing.shp</SimpleData>
	</SchemaData></ExtendedData>
      <MultiGeometry><Polygon><outerBoundaryIs><LinearRing><coordinates>85.8892138000001,21.3254318,0 85.8889446680001,21.3255738140001,0 85.8890268120001,21.325714143,0 85.8890888130001,21.325779816,0 85.8891391180001,21.3257882350001,0 85.889212881,21.3257702390001,0 85.889318206,21.325955924,0 85.88958977,21.3257990540001,0 85.8895507820001,21.325775422,0 85.8894548440001,21.3257481700001,0 85.8894104130001,21.3256888380001,0 85.889472878,21.3256442700001,0 85.889504705,21.3256831940001,0 85.8895475960001,21.3256321800001,0 85.8895727880001,21.325525918,0 85.8896238200001,21.3254957390001,0 85.8897478480001,21.325583367,0 85.8898092640001,21.3255743880001,0 85.889793512,21.3254782010001,0 85.8897477680001,21.325426447,0 85.8896441000001,21.3253276,0 85.8893789000001,21.3255353000001,0 85.8892138000001,21.3254318,0</coordinates></LinearRing></outerBoundaryIs></Polygon></MultiGeometry>
  </Placemark>
  <Placemark>
	<name>Placemark</name>
	<Style><LineStyle><color>ff0000ff</color></LineStyle><PolyStyle><fill>0</fill></PolyStyle></Style>
	<ExtendedData><SchemaData schemaUrl="#merged">
		<SimpleData name="OID_">0</SimpleData>
		<SimpleData name="FolderPath">Document/shrishti_land_parcelsv1_new__polygons</SimpleData>
		<SimpleData name="SymbolID">0</SimpleData>
		<SimpleData name="AltMode">0</SimpleData>
		<SimpleData name="Base">0.00000000000</SimpleData>
		<SimpleData name="Clamped">-1</SimpleData>
		<SimpleData name="Extruded">0</SimpleData>
		<SimpleData name="PopupInfo">&lt;html xmlns:fo=&quot;http://www.w3.org/1999/XSL/Format&quot; xmlns:msxsl=&quot;urn:schemas-microsoft-com:xslt&quot;&gt;
&lt;head&gt;
&lt;META http-equiv=&quot;Content-Type&quot; content=&quot;text/html&quot;&gt;
&lt;meta http-equiv=&quot;content-type&quot; content=&quot;text/html; charset=UTF-8&quot;&gt;
&lt;/head&gt;
&lt;body style=&quot;margin:0</SimpleData>
		<SimpleData name="Shape_Leng">0.00323364645</SimpleData>
		<SimpleData name="Shape_Area">0.00000047222</SimpleData>
		<SimpleData name="Plantation">Existing</SimpleData>
		<SimpleData name="layer">Harichandanpur_existing</SimpleData>
		<SimpleData name="path">D:\Project\Shristi\4th_round\Harichandanpur_existing.shp</SimpleData>
	</SchemaData></ExtendedData>
      <MultiGeometry><Polygon><outerBoundaryIs><LinearRing><coordinates>85.887936064,21.325547989,0 85.888050046,21.325672528,0 85.8882106080001,21.325535024,0 85.888429794,21.3253740260001,0 85.888445774,21.3252135060001,0 85.8881531060001,21.325055338,0 85.8882251080001,21.324958945,0 85.888185203,21.324875976,0 85.8877487460001,21.324871493,0 85.8877073250001,21.3249811910001,0 85.8876337470001,21.3249595660001,0 85.8876625610001,21.324880803,0 85.8874745680001,21.324881157,0 85.8874624410001,21.325088758,0 85.887653082,21.3253384610001,0 85.8877064770001,21.32531791,0 85.887806541,21.325327304,0 85.887807276,21.3254694130001,0 85.887936064,21.325547989,0</coordinates></LinearRing></outerBoundaryIs></Polygon></MultiGeometry>
  </Placemark>
  <Placemark>
	<name>Placemark</name>
	<Style><LineStyle><color>ff0000ff</color></LineStyle><PolyStyle><fill>0</fill></PolyStyle></Style>
	<ExtendedData><SchemaData schemaUrl="#merged">
		<SimpleData name="OID_">0</SimpleData>
		<SimpleData name="FolderPath">Document/shrishti_land_parcelsv1_new__polygons</SimpleData>
		<SimpleData name="SymbolID">0</SimpleData>
		<SimpleData name="AltMode">0</SimpleData>
		<SimpleData name="Base">0.00000000000</SimpleData>
		<SimpleData name="Clamped">-1</SimpleData>
		<SimpleData name="Extruded">0</SimpleData>
		<SimpleData name="PopupInfo">&lt;html xmlns:fo=&quot;http://www.w3.org/1999/XSL/Format&quot; xmlns:msxsl=&quot;urn:schemas-microsoft-com:xslt&quot;&gt;
&lt;head&gt;
&lt;META http-equiv=&quot;Content-Type&quot; content=&quot;text/html&quot;&gt;
&lt;meta http-equiv=&quot;content-type&quot; content=&quot;text/html; charset=UTF-8&quot;&gt;
&lt;/head&gt;
&lt;body style=&quot;margin:0</SimpleData>
		<SimpleData name="Shape_Leng">0.00268021713</SimpleData>
		<SimpleData name="Shape_Area">0.00000017473</SimpleData>
		<SimpleData name="Plantation">Existing</SimpleData>
		<SimpleData name="layer">Harichandanpur_existing</SimpleData>
		<SimpleData name="path">D:\Project\Shristi\4th_round\Harichandanpur_existing.shp</SimpleData>
	</SchemaData></ExtendedData>
      <MultiGeometry><Polygon><outerBoundaryIs><LinearRing><coordinates>85.8874011140001,21.3245437730001,0 85.887318195,21.3244442020001,0 85.8872277950001,21.3245977080001,0 85.8872052200001,21.3246578060001,0 85.887115561,21.3246561550001,0 85.8870774740001,21.3246163540001,0 85.8870154310001,21.324589087,0 85.8868888790001,21.324717906,0 85.886933534,21.324747976,0 85.887002511,21.324768917,0 85.8870229290001,21.3248634870001,0 85.8869317990001,21.3248988060001,0 85.886986113,21.324990357,0 85.8870491370001,21.325155452,0 85.8871297160001,21.325210134,0 85.8872468820001,21.3251681730001,0 85.8873687880001,21.325086905,0 85.8873380080001,21.3249659530001,0 85.8872707180001,21.324990336,0 85.8871918630001,21.3250086310001,0 85.8871054480001,21.3249851090001,0 85.8871110060001,21.324894117,0 85.887177261,21.3248813880001,0 85.8872248280001,21.324866785,0 85.8873212280001,21.32469231,0 85.8874011140001,21.3245437730001,0</coordinates></LinearRing></outerBoundaryIs></Polygon></MultiGeometry>
  </Placemark>
  <Placemark>
	<name>Placemark</name>
	<Style><LineStyle><color>ff0000ff</color></LineStyle><PolyStyle><fill>0</fill></PolyStyle></Style>
	<ExtendedData><SchemaData schemaUrl="#merged">
		<SimpleData name="OID_">0</SimpleData>
		<SimpleData name="FolderPath">Document/shrishti_land_parcelsv1_new__polygons</SimpleData>
		<SimpleData name="SymbolID">0</SimpleData>
		<SimpleData name="AltMode">0</SimpleData>
		<SimpleData name="Base">0.00000000000</SimpleData>
		<SimpleData name="Clamped">-1</SimpleData>
		<SimpleData name="Extruded">0</SimpleData>
		<SimpleData name="PopupInfo">&lt;html xmlns:fo=&quot;http://www.w3.org/1999/XSL/Format&quot; xmlns:msxsl=&quot;urn:schemas-microsoft-com:xslt&quot;&gt;
&lt;head&gt;
&lt;META http-equiv=&quot;Content-Type&quot; content=&quot;text/html&quot;&gt;
&lt;meta http-equiv=&quot;content-type&quot; content=&quot;text/html; charset=UTF-8&quot;&gt;
&lt;/head&gt;
&lt;body style=&quot;margin:0</SimpleData>
		<SimpleData name="Shape_Leng">0.00268672752</SimpleData>
		<SimpleData name="Shape_Area">0.00000025948</SimpleData>
		<SimpleData name="Plantation">Existing</SimpleData>
		<SimpleData name="layer">Harichandanpur_existing</SimpleData>
		<SimpleData name="path">D:\Project\Shristi\4th_round\Harichandanpur_existing.shp</SimpleData>
	</SchemaData></ExtendedData>
      <MultiGeometry><Polygon><outerBoundaryIs><LinearRing><coordinates>85.8873910470001,21.3244889050001,0 85.88763033,21.3245100510001,0 85.8877457280001,21.324474776,0 85.8877468300001,21.324385905,0 85.887797731,21.3243709980001,0 85.887874534,21.3244477490001,0 85.8879235520001,21.324525382,0 85.888021479,21.3245649780001,0 85.888105426,21.324598193,0 85.888223747,21.324560304,0 85.888251084,21.3244670450001,0 85.8882374600001,21.324329203,0 85.8881821860001,21.3242547840001,0 85.8879017090001,21.3242901360001,0 85.887716826,21.324237296,0 85.887594645,21.324037645,0 85.8872767770001,21.3243447850001,0 85.8873910470001,21.3244889050001,0</coordinates></LinearRing></outerBoundaryIs></Polygon></MultiGeometry>
  </Placemark>
  <Placemark>
	<name>Placemark</name>
	<Style><LineStyle><color>ff0000ff</color></LineStyle><PolyStyle><fill>0</fill></PolyStyle></Style>
	<ExtendedData><SchemaData schemaUrl="#merged">
		<SimpleData name="OID_">0</SimpleData>
		<SimpleData name="FolderPath">Document/shrishti_land_parcelsv1_new__polygons</SimpleData>
		<SimpleData name="SymbolID">0</SimpleData>
		<SimpleData name="AltMode">0</SimpleData>
		<SimpleData name="Base">0.00000000000</SimpleData>
		<SimpleData name="Clamped">-1</SimpleData>
		<SimpleData name="Extruded">0</SimpleData>
		<SimpleData name="PopupInfo">&lt;html xmlns:fo=&quot;http://www.w3.org/1999/XSL/Format&quot; xmlns:msxsl=&quot;urn:schemas-microsoft-com:xslt&quot;&gt;
&lt;head&gt;
&lt;META http-equiv=&quot;Content-Type&quot; content=&quot;text/html&quot;&gt;
&lt;meta http-equiv=&quot;content-type&quot; content=&quot;text/html; charset=UTF-8&quot;&gt;
&lt;/head&gt;
&lt;body style=&quot;margin:0</SimpleData>
		<SimpleData name="Shape_Leng">0.00229681743</SimpleData>
		<SimpleData name="Shape_Area">0.00000023347</SimpleData>
		<SimpleData name="Plantation">Existing</SimpleData>
		<SimpleData name="layer">Harichandanpur_existing</SimpleData>
		<SimpleData name="path">D:\Project\Shristi\4th_round\Harichandanpur_existing.shp</SimpleData>
	</SchemaData></ExtendedData>
      <MultiGeometry><Polygon><outerBoundaryIs><LinearRing><coordinates>85.887428614,21.324517395,0 85.8872415000001,21.3248485,0 85.8881605490001,21.3248615270001,0 85.8881353670001,21.3248284470001,0 85.8880199870001,21.324724055,0 85.8880449000001,21.3245922,0 85.8878329350001,21.3244985580001,0 85.8877755120001,21.3245530410001,0 85.8876957840001,21.3245567430001,0 85.8876443140001,21.32452771,0 85.887556245,21.324518282,0 85.887428614,21.324517395,0</coordinates></LinearRing></outerBoundaryIs></Polygon></MultiGeometry>
  </Placemark>
  <Placemark>
	<name>Placemark</name>
	<Style><LineStyle><color>ff0000ff</color></LineStyle><PolyStyle><fill>0</fill></PolyStyle></Style>
	<ExtendedData><SchemaData schemaUrl="#merged">
		<SimpleData name="OID_">0</SimpleData>
		<SimpleData name="FolderPath">Document/shrishti_land_parcelsv1_new__polygons</SimpleData>
		<SimpleData name="SymbolID">0</SimpleData>
		<SimpleData name="AltMode">0</SimpleData>
		<SimpleData name="Base">0.00000000000</SimpleData>
		<SimpleData name="Clamped">-1</SimpleData>
		<SimpleData name="Extruded">0</SimpleData>
		<SimpleData name="PopupInfo">&lt;html xmlns:fo=&quot;http://www.w3.org/1999/XSL/Format&quot; xmlns:msxsl=&quot;urn:schemas-microsoft-com:xslt&quot;&gt;
&lt;head&gt;
&lt;META http-equiv=&quot;Content-Type&quot; content=&quot;text/html&quot;&gt;
&lt;meta http-equiv=&quot;content-type&quot; content=&quot;text/html; charset=UTF-8&quot;&gt;
&lt;/head&gt;
&lt;body style=&quot;margin:0</SimpleData>
		<SimpleData name="Shape_Leng">0.00485906953</SimpleData>
		<SimpleData name="Shape_Area">0.00000056431</SimpleData>
		<SimpleData name="Plantation">Existing</SimpleData>
		<SimpleData name="layer">Harichandanpur_existing</SimpleData>
		<SimpleData name="path">D:\Project\Shristi\4th_round\Harichandanpur_existing.shp</SimpleData>
	</SchemaData></ExtendedData>
      <MultiGeometry><Polygon><outerBoundaryIs><LinearRing><coordinates>85.8883617640001,21.3263187420001,0 85.8882488770001,21.3261653210001,0 85.8881872440001,21.3260294180001,0 85.88834998,21.325882096,0 85.8884497130001,21.3260320540001,0 85.8885692760001,21.3260444810001,0 85.8885332850001,21.3258396630001,0 85.8885031500001,21.3256980730001,0 85.8884651430001,21.3256522790001,0 85.8884862290001,21.325602245,0 85.8885570180001,21.325557152,0 85.8885570370001,21.325496222,0 85.8884456850001,21.3253917440001,0 85.8880710550001,21.3256828770001,0 85.8880365540001,21.325685284,0 85.887977327,21.325629846,0 85.887922587,21.325690364,0 85.887968013,21.3258078870001,0 85.8879092440001,21.3258621840001,0 85.8879597440001,21.3259914700001,0 85.8878247490001,21.3260647870001,0 85.887727204,21.325906145,0 85.8875350120001,21.326088898,0 85.887596482,21.326198398,0 85.8877456020001,21.3262386750001,0 85.887760632,21.326356678,0 85.8876805770001,21.3264319940001,0 85.88772176,21.32664906,0 85.887873078,21.3266085330001,0 85.887977354,21.326539865,0 85.888050429,21.326450661,0 85.8880429910001,21.326367566,0 85.8881051440001,21.3263425170001,0 85.888144019,21.3264274150001,0 85.8883617640001,21.3263187420001,0</coordinates></LinearRing></outerBoundaryIs></Polygon></MultiGeometry>
  </Placemark>
  <Placemark>
	<name>Placemark</name>
	<Style><LineStyle><color>ff0000ff</color></LineStyle><PolyStyle><fill>0</fill></PolyStyle></Style>
	<ExtendedData><SchemaData schemaUrl="#merged">
		<SimpleData name="OID_">0</SimpleData>
		<SimpleData name="FolderPath">Document/shrishti_land_parcelsv1_new__polygons</SimpleData>
		<SimpleData name="SymbolID">0</SimpleData>
		<SimpleData name="AltMode">0</SimpleData>
		<SimpleData name="Base">0.00000000000</SimpleData>
		<SimpleData name="Clamped">-1</SimpleData>
		<SimpleData name="Extruded">0</SimpleData>
		<SimpleData name="PopupInfo">&lt;html xmlns:fo=&quot;http://www.w3.org/1999/XSL/Format&quot; xmlns:msxsl=&quot;urn:schemas-microsoft-com:xslt&quot;&gt;
&lt;head&gt;
&lt;META http-equiv=&quot;Content-Type&quot; content=&quot;text/html&quot;&gt;
&lt;meta http-equiv=&quot;content-type&quot; content=&quot;text/html; charset=UTF-8&quot;&gt;
&lt;/head&gt;
&lt;body style=&quot;margin:0</SimpleData>
		<SimpleData name="Shape_Leng">0.00259329547</SimpleData>
		<SimpleData name="Shape_Area">0.00000031518</SimpleData>
		<SimpleData name="Plantation">Existing</SimpleData>
		<SimpleData name="layer">Harichandanpur_existing</SimpleData>
		<SimpleData name="path">D:\Project\Shristi\4th_round\Harichandanpur_existing.shp</SimpleData>
	</SchemaData></ExtendedData>
      <MultiGeometry><Polygon><outerBoundaryIs><LinearRing><coordinates>85.8890151510001,21.325082335,0 85.8889313620001,21.3250960130001,0 85.888837558,21.325125359,0 85.8887594720001,21.3250223740001,0 85.888715952,21.3249807880001,0 85.8887633260001,21.3249219850001,0 85.8886614630001,21.324846446,0 85.888537199,21.3250305780001,0 85.8885853030001,21.325085474,0 85.8884696850001,21.3251774980001,0 85.8884565010001,21.325376681,0 85.888575942,21.325497693,0 85.8887134570001,21.3254960080001,0 85.8888176680001,21.325623906,0 85.8889272060001,21.325575284,0 85.889079918,21.3254715890001,0 85.889078704,21.3254004830001,0 85.889113529,21.325335066,0 85.8891669120001,21.3253640520001,0 85.8892160680001,21.325335033,0 85.889117856,21.325140861,0 85.8890151510001,21.325082335,0</coordinates></LinearRing></outerBoundaryIs></Polygon></MultiGeometry>
  </Placemark>
  <Placemark>
	<name>Placemark</name>
	<Style><LineStyle><color>ff0000ff</color></LineStyle><PolyStyle><fill>0</fill></PolyStyle></Style>
	<ExtendedData><SchemaData schemaUrl="#merged">
		<SimpleData name="OID_">0</SimpleData>
		<SimpleData name="FolderPath">Document/shrishti_land_parcelsv1_new__polygons</SimpleData>
		<SimpleData name="SymbolID">0</SimpleData>
		<SimpleData name="AltMode">0</SimpleData>
		<SimpleData name="Base">0.00000000000</SimpleData>
		<SimpleData name="Clamped">-1</SimpleData>
		<SimpleData name="Extruded">0</SimpleData>
		<SimpleData name="PopupInfo">&lt;html xmlns:fo=&quot;http://www.w3.org/1999/XSL/Format&quot; xmlns:msxsl=&quot;urn:schemas-microsoft-com:xslt&quot;&gt;
&lt;head&gt;
&lt;META http-equiv=&quot;Content-Type&quot; content=&quot;text/html&quot;&gt;
&lt;meta http-equiv=&quot;content-type&quot; content=&quot;text/html; charset=UTF-8&quot;&gt;
&lt;/head&gt;
&lt;body style=&quot;margin:0</SimpleData>
		<SimpleData name="Shape_Leng">0.00246246785</SimpleData>
		<SimpleData name="Shape_Area">0.00000022792</SimpleData>
		<SimpleData name="Plantation">Existing</SimpleData>
		<SimpleData name="layer">Harichandanpur_existing</SimpleData>
		<SimpleData name="path">D:\Project\Shristi\4th_round\Harichandanpur_existing.shp</SimpleData>
	</SchemaData></ExtendedData>
      <MultiGeometry><Polygon><outerBoundaryIs><LinearRing><coordinates>85.8887113550001,21.3255119880001,0 85.888562214,21.3255097320001,0 85.888578038,21.3255803320001,0 85.8886399510001,21.3256224200001,0 85.888637891,21.325687127,0 85.8885679200001,21.325681876,0 85.8885608350001,21.3257706790001,0 85.88856888,21.325843983,0 85.888608708,21.3258646100001,0 85.8886006130001,21.325920947,0 85.88856065,21.3259541780001,0 85.888584661,21.326017182,0 85.888621087,21.3260932590001,0 85.888701967,21.3261841930001,0 85.888838875,21.326128151,0 85.888865256,21.3260179660001,0 85.8889534840001,21.3260254150001,0 85.8890625610001,21.326009845,0 85.889179869,21.326028063,0 85.8891973350001,21.32593418,0 85.889152729,21.3258544290001,0 85.8891526470001,21.3258098430001,0 85.889090395,21.3258013500001,0 85.88907844,21.325851745,0 85.8890271000001,21.3258526000001,0 85.888815546,21.3256409840001,0 85.8887113550001,21.3255119880001,0</coordinates></LinearRing></outerBoundaryIs></Polygon></MultiGeometry>
  </Placemark>
  <Placemark>
	<name>Placemark</name>
	<Style><LineStyle><color>ff0000ff</color></LineStyle><PolyStyle><fill>0</fill></PolyStyle></Style>
	<ExtendedData><SchemaData schemaUrl="#merged">
		<SimpleData name="OID_">0</SimpleData>
		<SimpleData name="FolderPath">Document/shrishti_land_parcelsv1_new__polygons</SimpleData>
		<SimpleData name="SymbolID">0</SimpleData>
		<SimpleData name="AltMode">0</SimpleData>
		<SimpleData name="Base">0.00000000000</SimpleData>
		<SimpleData name="Clamped">-1</SimpleData>
		<SimpleData name="Extruded">0</SimpleData>
		<SimpleData name="PopupInfo">&lt;html xmlns:fo=&quot;http://www.w3.org/1999/XSL/Format&quot; xmlns:msxsl=&quot;urn:schemas-microsoft-com:xslt&quot;&gt;
&lt;head&gt;
&lt;META http-equiv=&quot;Content-Type&quot; content=&quot;text/html&quot;&gt;
&lt;meta http-equiv=&quot;content-type&quot; content=&quot;text/html; charset=UTF-8&quot;&gt;
&lt;/head&gt;
&lt;body style=&quot;margin:0</SimpleData>
		<SimpleData name="Shape_Leng">0.00311347079</SimpleData>
		<SimpleData name="Shape_Area">0.00000025616</SimpleData>
		<SimpleData name="Plantation">Existing</SimpleData>
		<SimpleData name="layer">Harichandanpur_existing</SimpleData>
		<SimpleData name="path">D:\Project\Shristi\4th_round\Harichandanpur_existing.shp</SimpleData>
	</SchemaData></ExtendedData>
      <MultiGeometry><Polygon><outerBoundaryIs><LinearRing><coordinates>85.8875439810001,21.32605461,0 85.8879676270001,21.3256121640001,0 85.8878303760001,21.325573929,0 85.8876348910001,21.325354589,0 85.8875996180001,21.3254209350001,0 85.8875853170001,21.325325526,0 85.887486338,21.3253469630001,0 85.8875660320001,21.325442165,0 85.8875344,21.3255023,0 85.88735194,21.325486633,0 85.8873487850001,21.3253843530001,0 85.887267288,21.325396664,0 85.8872033710001,21.3254533840001,0 85.8873346920001,21.3256821410001,0 85.8874323080001,21.3260406690001,0 85.887529591,21.325801902,0 85.8875439810001,21.32605461,0</coordinates></LinearRing></outerBoundaryIs></Polygon></MultiGeometry>
  </Placemark>
  <Placemark>
	<name>Placemark</name>
	<Style><LineStyle><color>ff0000ff</color></LineStyle><PolyStyle><fill>0</fill></PolyStyle></Style>
	<ExtendedData><SchemaData schemaUrl="#merged">
		<SimpleData name="OID_">0</SimpleData>
		<SimpleData name="FolderPath">Document/shrishti_land_parcelsv1_new__polygons</SimpleData>
		<SimpleData name="SymbolID">0</SimpleData>
		<SimpleData name="AltMode">0</SimpleData>
		<SimpleData name="Base">0.00000000000</SimpleData>
		<SimpleData name="Clamped">-1</SimpleData>
		<SimpleData name="Extruded">0</SimpleData>
		<SimpleData name="PopupInfo">&lt;html xmlns:fo=&quot;http://www.w3.org/1999/XSL/Format&quot; xmlns:msxsl=&quot;urn:schemas-microsoft-com:xslt&quot;&gt;
&lt;head&gt;
&lt;META http-equiv=&quot;Content-Type&quot; content=&quot;text/html&quot;&gt;
&lt;meta http-equiv=&quot;content-type&quot; content=&quot;text/html; charset=UTF-8&quot;&gt;
&lt;/head&gt;
&lt;body style=&quot;margin:0</SimpleData>
		<SimpleData name="Shape_Leng">0.00095560661</SimpleData>
		<SimpleData name="Shape_Area">0.00000004667</SimpleData>
		<SimpleData name="Plantation">Existing</SimpleData>
		<SimpleData name="layer">Harichandanpur_existing</SimpleData>
		<SimpleData name="path">D:\Project\Shristi\4th_round\Harichandanpur_existing.shp</SimpleData>
	</SchemaData></ExtendedData>
      <MultiGeometry><Polygon><outerBoundaryIs><LinearRing><coordinates>85.888566638,21.3260973220001,0 85.8882719740001,21.326167501,0 85.8883828770001,21.3263147440001,0 85.8885047000001,21.3262657000001,0 85.8886801370001,21.326187503,0 85.888566638,21.3260973220001,0</coordinates></LinearRing></outerBoundaryIs></Polygon></MultiGeometry>
  </Placemark>
  <Placemark>
	<Style><LineStyle><color>ff0000ff</color></LineStyle><PolyStyle><fill>0</fill></PolyStyle></Style>
	<ExtendedData><SchemaData schemaUrl="#merged">
		<SimpleData name="OID_">0</SimpleData>
		<SimpleData name="SymbolID">0</SimpleData>
		<SimpleData name="AltMode">0</SimpleData>
		<SimpleData name="Base">0.00000000000</SimpleData>
		<SimpleData name="Clamped">0</SimpleData>
		<SimpleData name="Extruded">0</SimpleData>
		<SimpleData name="Shape_Leng">0.00000000000</SimpleData>
		<SimpleData name="Shape_Area">0.00000000000</SimpleData>
		<SimpleData name="Plantation">Existing</SimpleData>
		<SimpleData name="layer">Harichandanpur_existing</SimpleData>
		<SimpleData name="path">D:\Project\Shristi\4th_round\Harichandanpur_existing.shp</SimpleData>
	</SchemaData></ExtendedData>
      <MultiGeometry></MultiGeometry>
  </Placemark>
  <Placemark>
	<Style><LineStyle><color>ff0000ff</color></LineStyle><PolyStyle><fill>0</fill></PolyStyle></Style>
	<ExtendedData><SchemaData schemaUrl="#merged">
		<SimpleData name="OID_">0</SimpleData>
		<SimpleData name="SymbolID">0</SimpleData>
		<SimpleData name="AltMode">0</SimpleData>
		<SimpleData name="Base">0.00000000000</SimpleData>
		<SimpleData name="Clamped">0</SimpleData>
		<SimpleData name="Extruded">0</SimpleData>
		<SimpleData name="Shape_Leng">0.00000000000</SimpleData>
		<SimpleData name="Shape_Area">0.00000000000</SimpleData>
		<SimpleData name="Plantation">Existing</SimpleData>
		<SimpleData name="layer">Harichandanpur_existing</SimpleData>
		<SimpleData name="path">D:\Project\Shristi\4th_round\Harichandanpur_existing.shp</SimpleData>
	</SchemaData></ExtendedData>
      <MultiGeometry></MultiGeometry>
  </Placemark>
  <Placemark>
	<name>Placemark</name>
	<Style><LineStyle><color>ff0000ff</color></LineStyle><PolyStyle><fill>0</fill></PolyStyle></Style>
	<ExtendedData><SchemaData schemaUrl="#merged">
		<SimpleData name="OID_">0</SimpleData>
		<SimpleData name="FolderPath">L1.kml/_Polygons_</SimpleData>
		<SimpleData name="SymbolID">0</SimpleData>
		<SimpleData name="AltMode">0</SimpleData>
		<SimpleData name="Base">0.00000000000</SimpleData>
		<SimpleData name="Clamped">-1</SimpleData>
		<SimpleData name="Extruded">0</SimpleData>
		<SimpleData name="PopupInfo">&lt;html xmlns:fo=&quot;http://www.w3.org/1999/XSL/Format&quot; xmlns:msxsl=&quot;urn:schemas-microsoft-com:xslt&quot;&gt;
&lt;head&gt;
&lt;META http-equiv=&quot;Content-Type&quot; content=&quot;text/html&quot;&gt;
&lt;meta http-equiv=&quot;content-type&quot; content=&quot;text/html; charset=UTF-8&quot;&gt;
&lt;/head&gt;
&lt;body style=&quot;margin:0</SimpleData>
		<SimpleData name="Shape_Leng">0.00300862621</SimpleData>
		<SimpleData name="Shape_Area">0.00000035817</SimpleData>
		<SimpleData name="Plantation">Proposed</SimpleData>
		<SimpleData name="layer">Khunta_proposed</SimpleData>
		<SimpleData name="path">D:\Project\Shristi\4th_round\Khunta_proposed.shp</SimpleData>
	</SchemaData></ExtendedData>
      <MultiGeometry><Polygon><outerBoundaryIs><LinearRing><coordinates>86.53807341,21.7588727410001,0 86.5381796020001,21.759244187,0 86.538271486,21.759429223,0 86.5383463960001,21.7595763790001,0 86.5384307320001,21.7596974000001,0 86.5385815480001,21.7594320900001,0 86.53840381,21.759263532,0 86.53840381,21.759049012,0 86.538555058,21.758775235,0 86.5385110700001,21.7584667450001,0 86.5381739680001,21.7585127130001,0 86.53807341,21.7588727410001,0</coordinates></LinearRing></outerBoundaryIs></Polygon></MultiGeometry>
  </Placemark>
  <Placemark>
	<name>Placemark</name>
	<Style><LineStyle><color>ff0000ff</color></LineStyle><PolyStyle><fill>0</fill></PolyStyle></Style>
	<ExtendedData><SchemaData schemaUrl="#merged">
		<SimpleData name="OID_">0</SimpleData>
		<SimpleData name="FolderPath">L1.kml/_Polygons_</SimpleData>
		<SimpleData name="SymbolID">0</SimpleData>
		<SimpleData name="AltMode">0</SimpleData>
		<SimpleData name="Base">0.00000000000</SimpleData>
		<SimpleData name="Clamped">-1</SimpleData>
		<SimpleData name="Extruded">0</SimpleData>
		<SimpleData name="PopupInfo">&lt;html xmlns:fo=&quot;http://www.w3.org/1999/XSL/Format&quot; xmlns:msxsl=&quot;urn:schemas-microsoft-com:xslt&quot;&gt;
&lt;head&gt;
&lt;META http-equiv=&quot;Content-Type&quot; content=&quot;text/html&quot;&gt;
&lt;meta http-equiv=&quot;content-type&quot; content=&quot;text/html; charset=UTF-8&quot;&gt;
&lt;/head&gt;
&lt;body style=&quot;margin:0</SimpleData>
		<SimpleData name="Shape_Leng">0.00166217999</SimpleData>
		<SimpleData name="Shape_Area">0.00000015821</SimpleData>
		<SimpleData name="Plantation">Proposed</SimpleData>
		<SimpleData name="layer">Khunta_proposed</SimpleData>
		<SimpleData name="path">D:\Project\Shristi\4th_round\Khunta_proposed.shp</SimpleData>
	</SchemaData></ExtendedData>
      <MultiGeometry><Polygon><outerBoundaryIs><LinearRing><coordinates>86.5391593410001,21.758259981,0 86.539343075,21.7581129550001,0 86.539507142,21.7579368410001,0 86.539387618,21.7577211180001,0 86.5391535900001,21.757891547,0 86.538892569,21.758052306,0 86.538996625,21.758171647,0 86.5391593410001,21.758259981,0</coordinates></LinearRing></outerBoundaryIs></Polygon></MultiGeometry>
  </Placemark>
  <Placemark>
	<name>Placemark</name>
	<Style><LineStyle><color>ff0000ff</color></LineStyle><PolyStyle><fill>0</fill></PolyStyle></Style>
	<ExtendedData><SchemaData schemaUrl="#merged">
		<SimpleData name="OID_">0</SimpleData>
		<SimpleData name="FolderPath">L1.kml/_Polygons_</SimpleData>
		<SimpleData name="SymbolID">0</SimpleData>
		<SimpleData name="AltMode">0</SimpleData>
		<SimpleData name="Base">0.00000000000</SimpleData>
		<SimpleData name="Clamped">-1</SimpleData>
		<SimpleData name="Extruded">0</SimpleData>
		<SimpleData name="PopupInfo">&lt;html xmlns:fo=&quot;http://www.w3.org/1999/XSL/Format&quot; xmlns:msxsl=&quot;urn:schemas-microsoft-com:xslt&quot;&gt;
&lt;head&gt;
&lt;META http-equiv=&quot;Content-Type&quot; content=&quot;text/html&quot;&gt;
&lt;meta http-equiv=&quot;content-type&quot; content=&quot;text/html; charset=UTF-8&quot;&gt;
&lt;/head&gt;
&lt;body style=&quot;margin:0</SimpleData>
		<SimpleData name="Shape_Leng">0.00373728020</SimpleData>
		<SimpleData name="Shape_Area">0.00000057614</SimpleData>
		<SimpleData name="Plantation">Proposed</SimpleData>
		<SimpleData name="layer">Khunta_proposed</SimpleData>
		<SimpleData name="path">D:\Project\Shristi\4th_round\Khunta_proposed.shp</SimpleData>
	</SchemaData></ExtendedData>
      <MultiGeometry><Polygon><outerBoundaryIs><LinearRing><coordinates>86.52599,21.7451573000001,0 86.5265042570001,21.746526166,0 86.526568614,21.7465230080001,0 86.5266381740001,21.746514072,0 86.5267390540001,21.7464317450001,0 86.5266750270001,21.746125525,0 86.5265401,21.7453997000001,0 86.526511134,21.745208728,0 86.5264372510001,21.744970901,0 86.526258258,21.7450008700001,0 86.5260995100001,21.7450201120001,0 86.52599,21.7451573000001,0</coordinates></LinearRing></outerBoundaryIs></Polygon></MultiGeometry>
  </Placemark>
  <Placemark>
	<name>Placemark</name>
	<Style><LineStyle><color>ff0000ff</color></LineStyle><PolyStyle><fill>0</fill></PolyStyle></Style>
	<ExtendedData><SchemaData schemaUrl="#merged">
		<SimpleData name="OID_">0</SimpleData>
		<SimpleData name="FolderPath">L1.kml/_Polygons_</SimpleData>
		<SimpleData name="SymbolID">0</SimpleData>
		<SimpleData name="AltMode">0</SimpleData>
		<SimpleData name="Base">0.00000000000</SimpleData>
		<SimpleData name="Clamped">-1</SimpleData>
		<SimpleData name="Extruded">0</SimpleData>
		<SimpleData name="PopupInfo">&lt;html xmlns:fo=&quot;http://www.w3.org/1999/XSL/Format&quot; xmlns:msxsl=&quot;urn:schemas-microsoft-com:xslt&quot;&gt;
&lt;head&gt;
&lt;META http-equiv=&quot;Content-Type&quot; content=&quot;text/html&quot;&gt;
&lt;meta http-equiv=&quot;content-type&quot; content=&quot;text/html; charset=UTF-8&quot;&gt;
&lt;/head&gt;
&lt;body style=&quot;margin:0</SimpleData>
		<SimpleData name="Shape_Leng">0.00203210558</SimpleData>
		<SimpleData name="Shape_Area">0.00000016307</SimpleData>
		<SimpleData name="Plantation">Proposed</SimpleData>
		<SimpleData name="layer">Khunta_proposed</SimpleData>
		<SimpleData name="path">D:\Project\Shristi\4th_round\Khunta_proposed.shp</SimpleData>
	</SchemaData></ExtendedData>
      <MultiGeometry><Polygon><outerBoundaryIs><LinearRing><coordinates>86.5249248550001,21.7460823960001,0 86.525103421,21.7463371270001,0 86.525373486,21.746735121,0 86.5255259670001,21.7466827370001,0 86.525383074,21.74642318,0 86.5252525130001,21.746162397,0 86.5251290320001,21.7459486810001,0 86.5249248550001,21.7460823960001,0</coordinates></LinearRing></outerBoundaryIs></Polygon></MultiGeometry>
  </Placemark>
  <Placemark>
	<name>Placemark</name>
	<Style><LineStyle><color>ff0000ff</color></LineStyle><PolyStyle><fill>0</fill></PolyStyle></Style>
	<ExtendedData><SchemaData schemaUrl="#merged">
		<SimpleData name="OID_">0</SimpleData>
		<SimpleData name="FolderPath">L1.kml/_Polygons_</SimpleData>
		<SimpleData name="SymbolID">0</SimpleData>
		<SimpleData name="AltMode">0</SimpleData>
		<SimpleData name="Base">0.00000000000</SimpleData>
		<SimpleData name="Clamped">-1</SimpleData>
		<SimpleData name="Extruded">0</SimpleData>
		<SimpleData name="PopupInfo">&lt;html xmlns:fo=&quot;http://www.w3.org/1999/XSL/Format&quot; xmlns:msxsl=&quot;urn:schemas-microsoft-com:xslt&quot;&gt;
&lt;head&gt;
&lt;META http-equiv=&quot;Content-Type&quot; content=&quot;text/html&quot;&gt;
&lt;meta http-equiv=&quot;content-type&quot; content=&quot;text/html; charset=UTF-8&quot;&gt;
&lt;/head&gt;
&lt;body style=&quot;margin:0</SimpleData>
		<SimpleData name="Shape_Leng">0.00494488275</SimpleData>
		<SimpleData name="Shape_Area">0.00000089725</SimpleData>
		<SimpleData name="Plantation">Proposed</SimpleData>
		<SimpleData name="layer">Khunta_proposed</SimpleData>
		<SimpleData name="path">D:\Project\Shristi\4th_round\Khunta_proposed.shp</SimpleData>
	</SchemaData></ExtendedData>
      <MultiGeometry><Polygon><outerBoundaryIs><LinearRing><coordinates>86.5357959450001,21.749820689,0 86.536086197,21.7500754490001,0 86.5362741660001,21.7501505760001,0 86.5365501680001,21.7500991650001,0 86.5368692380001,21.750006872,0 86.5368735110001,21.7498988410001,0 86.536657162,21.7498569410001,0 86.5366582030001,21.7497509340001,0 86.5369039730001,21.7492855630001,0 86.5368730810001,21.749158145,0 86.536880339,21.7490092780001,0 86.5367726960001,21.749011357,0 86.5366833370001,21.7487602150001,0 86.5366702600001,21.7485972760001,0 86.5365879830001,21.7486497030001,0 86.53647176,21.748630468,0 86.5362870690001,21.748773886,0 86.536172133,21.7487366620001,0 86.5363398840001,21.74938888,0 86.5361266300001,21.749659303,0 86.536005,21.7496763,0 86.5357959450001,21.749820689,0</coordinates></LinearRing></outerBoundaryIs></Polygon></MultiGeometry>
  </Placemark>
  <Placemark>
	<name>Placemark</name>
	<Style><LineStyle><color>ff0000ff</color></LineStyle><PolyStyle><fill>0</fill></PolyStyle></Style>
	<ExtendedData><SchemaData schemaUrl="#merged">
		<SimpleData name="OID_">0</SimpleData>
		<SimpleData name="FolderPath">L1.kml/_Polygons_</SimpleData>
		<SimpleData name="SymbolID">0</SimpleData>
		<SimpleData name="AltMode">0</SimpleData>
		<SimpleData name="Base">0.00000000000</SimpleData>
		<SimpleData name="Clamped">-1</SimpleData>
		<SimpleData name="Extruded">0</SimpleData>
		<SimpleData name="PopupInfo">&lt;html xmlns:fo=&quot;http://www.w3.org/1999/XSL/Format&quot; xmlns:msxsl=&quot;urn:schemas-microsoft-com:xslt&quot;&gt;
&lt;head&gt;
&lt;META http-equiv=&quot;Content-Type&quot; content=&quot;text/html&quot;&gt;
&lt;meta http-equiv=&quot;content-type&quot; content=&quot;text/html; charset=UTF-8&quot;&gt;
&lt;/head&gt;
&lt;body style=&quot;margin:0</SimpleData>
		<SimpleData name="Shape_Leng">0.00194622309</SimpleData>
		<SimpleData name="Shape_Area">0.00000023488</SimpleData>
		<SimpleData name="Plantation">Proposed</SimpleData>
		<SimpleData name="layer">Khunta_proposed</SimpleData>
		<SimpleData name="path">D:\Project\Shristi\4th_round\Khunta_proposed.shp</SimpleData>
	</SchemaData></ExtendedData>
      <MultiGeometry><Polygon><outerBoundaryIs><LinearRing><coordinates>86.5248904250001,21.746451671,0 86.5248187920001,21.7463348410001,0 86.5247362980001,21.7461576810001,0 86.5246043480001,21.7461551430001,0 86.524144848,21.746373959,0 86.5242189640001,21.74646569,0 86.5243328280001,21.746598304,0 86.5244245810001,21.7467119770001,0 86.5246966390001,21.7465716470001,0 86.5248904250001,21.746451671,0</coordinates></LinearRing></outerBoundaryIs></Polygon></MultiGeometry>
  </Placemark>
  <Placemark>
	<name>Placemark</name>
	<Style><LineStyle><color>ff0000ff</color></LineStyle><PolyStyle><fill>0</fill></PolyStyle></Style>
	<ExtendedData><SchemaData schemaUrl="#merged">
		<SimpleData name="OID_">0</SimpleData>
		<SimpleData name="FolderPath">L1.kml/_Polygons_</SimpleData>
		<SimpleData name="SymbolID">0</SimpleData>
		<SimpleData name="AltMode">0</SimpleData>
		<SimpleData name="Base">0.00000000000</SimpleData>
		<SimpleData name="Clamped">-1</SimpleData>
		<SimpleData name="Extruded">0</SimpleData>
		<SimpleData name="PopupInfo">&lt;html xmlns:fo=&quot;http://www.w3.org/1999/XSL/Format&quot; xmlns:msxsl=&quot;urn:schemas-microsoft-com:xslt&quot;&gt;
&lt;head&gt;
&lt;META http-equiv=&quot;Content-Type&quot; content=&quot;text/html&quot;&gt;
&lt;meta http-equiv=&quot;content-type&quot; content=&quot;text/html; charset=UTF-8&quot;&gt;
&lt;/head&gt;
&lt;body style=&quot;margin:0</SimpleData>
		<SimpleData name="Shape_Leng">0.00343358043</SimpleData>
		<SimpleData name="Shape_Area">0.00000057406</SimpleData>
		<SimpleData name="Plantation">Proposed</SimpleData>
		<SimpleData name="layer">Khunta_proposed</SimpleData>
		<SimpleData name="path">D:\Project\Shristi\4th_round\Khunta_proposed.shp</SimpleData>
	</SchemaData></ExtendedData>
      <MultiGeometry><Polygon><outerBoundaryIs><LinearRing><coordinates>86.53820275,21.750164978,0 86.5382256340001,21.749991288,0 86.5381206810001,21.7498363180001,0 86.5379225920001,21.7498841500001,0 86.537586048,21.7498658370001,0 86.5375657500001,21.750041792,0 86.5377846420001,21.750116609,0 86.5377788790001,21.7502911230001,0 86.537641664,21.7505476740001,0 86.537656686,21.750856555,0 86.5379441490001,21.7508727950001,0 86.538260784,21.7508652070001,0 86.5383374500001,21.750772177,0 86.53820275,21.750164978,0</coordinates></LinearRing></outerBoundaryIs></Polygon></MultiGeometry>
  </Placemark>
  <Placemark>
	<name>Placemark</name>
	<Style><LineStyle><color>ff0000ff</color></LineStyle><PolyStyle><fill>0</fill></PolyStyle></Style>
	<ExtendedData><SchemaData schemaUrl="#merged">
		<SimpleData name="OID_">0</SimpleData>
		<SimpleData name="FolderPath">L1.kml/_Polygons_</SimpleData>
		<SimpleData name="SymbolID">0</SimpleData>
		<SimpleData name="AltMode">0</SimpleData>
		<SimpleData name="Base">0.00000000000</SimpleData>
		<SimpleData name="Clamped">-1</SimpleData>
		<SimpleData name="Extruded">0</SimpleData>
		<SimpleData name="PopupInfo">&lt;html xmlns:fo=&quot;http://www.w3.org/1999/XSL/Format&quot; xmlns:msxsl=&quot;urn:schemas-microsoft-com:xslt&quot;&gt;
&lt;head&gt;
&lt;META http-equiv=&quot;Content-Type&quot; content=&quot;text/html&quot;&gt;
&lt;meta http-equiv=&quot;content-type&quot; content=&quot;text/html; charset=UTF-8&quot;&gt;
&lt;/head&gt;
&lt;body style=&quot;margin:0</SimpleData>
		<SimpleData name="Shape_Leng">0.00209118654</SimpleData>
		<SimpleData name="Shape_Area">0.00000020519</SimpleData>
		<SimpleData name="Plantation">Proposed</SimpleData>
		<SimpleData name="layer">Khunta_proposed</SimpleData>
		<SimpleData name="path">D:\Project\Shristi\4th_round\Khunta_proposed.shp</SimpleData>
	</SchemaData></ExtendedData>
      <MultiGeometry><Polygon><outerBoundaryIs><LinearRing><coordinates>86.5377851410001,21.749239672,0 86.537689083,21.7489759320001,0 86.5375717000001,21.7489665000001,0 86.5374175000001,21.7490254000001,0 86.5373960000001,21.7490313000001,0 86.5373437000001,21.7491007,0 86.5371856,21.7491168,0 86.5370263,21.7491433000001,0 86.5369139000001,21.7491778,0 86.537032932,21.749320729,0 86.537180246,21.7494007980001,0 86.537537802,21.7492891410001,0 86.5377851410001,21.749239672,0</coordinates></LinearRing></outerBoundaryIs></Polygon></MultiGeometry>
  </Placemark>
  <Placemark>
	<name>Placemark</name>
	<Style><LineStyle><color>ff0000ff</color></LineStyle><PolyStyle><fill>0</fill></PolyStyle></Style>
	<ExtendedData><SchemaData schemaUrl="#merged">
		<SimpleData name="OID_">0</SimpleData>
		<SimpleData name="FolderPath">L1.kml/_Polygons_</SimpleData>
		<SimpleData name="SymbolID">0</SimpleData>
		<SimpleData name="AltMode">0</SimpleData>
		<SimpleData name="Base">0.00000000000</SimpleData>
		<SimpleData name="Clamped">-1</SimpleData>
		<SimpleData name="Extruded">0</SimpleData>
		<SimpleData name="PopupInfo">&lt;html xmlns:fo=&quot;http://www.w3.org/1999/XSL/Format&quot; xmlns:msxsl=&quot;urn:schemas-microsoft-com:xslt&quot;&gt;
&lt;head&gt;
&lt;META http-equiv=&quot;Content-Type&quot; content=&quot;text/html&quot;&gt;
&lt;meta http-equiv=&quot;content-type&quot; content=&quot;text/html; charset=UTF-8&quot;&gt;
&lt;/head&gt;
&lt;body style=&quot;margin:0</SimpleData>
		<SimpleData name="Shape_Leng">0.00368965312</SimpleData>
		<SimpleData name="Shape_Area">0.00000078113</SimpleData>
		<SimpleData name="Plantation">Proposed</SimpleData>
		<SimpleData name="layer">Khunta_proposed</SimpleData>
		<SimpleData name="path">D:\Project\Shristi\4th_round\Khunta_proposed.shp</SimpleData>
	</SchemaData></ExtendedData>
      <MultiGeometry><Polygon><outerBoundaryIs><LinearRing><coordinates>86.5362351000001,21.749485,0 86.5362991100001,21.74937061,0 86.5361387,21.7487333,0 86.5361489000001,21.7485182,0 86.536096876,21.7484392550001,0 86.5360768130001,21.748346091,0 86.5360254000001,21.7482360000001,0 86.5358114000001,21.7482612000001,0 86.5356383000001,21.7483133000001,0 86.535463,21.7483785000001,0 86.5355714180001,21.749015376,0 86.5358805000001,21.7496669,0 86.5360866,21.7496429,0 86.5362351000001,21.749485,0</coordinates></LinearRing></outerBoundaryIs></Polygon></MultiGeometry>
  </Placemark>
  <Placemark>
	<name>Placemark</name>
	<Style><LineStyle><color>ff0000ff</color></LineStyle><PolyStyle><fill>0</fill></PolyStyle></Style>
	<ExtendedData><SchemaData schemaUrl="#merged">
		<SimpleData name="OID_">0</SimpleData>
		<SimpleData name="FolderPath">L1.kml/_Polygons_</SimpleData>
		<SimpleData name="SymbolID">0</SimpleData>
		<SimpleData name="AltMode">0</SimpleData>
		<SimpleData name="Base">0.00000000000</SimpleData>
		<SimpleData name="Clamped">-1</SimpleData>
		<SimpleData name="Extruded">0</SimpleData>
		<SimpleData name="PopupInfo">&lt;html xmlns:fo=&quot;http://www.w3.org/1999/XSL/Format&quot; xmlns:msxsl=&quot;urn:schemas-microsoft-com:xslt&quot;&gt;
&lt;head&gt;
&lt;META http-equiv=&quot;Content-Type&quot; content=&quot;text/html&quot;&gt;
&lt;meta http-equiv=&quot;content-type&quot; content=&quot;text/html; charset=UTF-8&quot;&gt;
&lt;/head&gt;
&lt;body style=&quot;margin:0</SimpleData>
		<SimpleData name="Shape_Leng">0.00101302086</SimpleData>
		<SimpleData name="Shape_Area">0.00000004903</SimpleData>
		<SimpleData name="Plantation">Proposed</SimpleData>
		<SimpleData name="layer">Khunta_proposed</SimpleData>
		<SimpleData name="path">D:\Project\Shristi\4th_round\Khunta_proposed.shp</SimpleData>
	</SchemaData></ExtendedData>
      <MultiGeometry><Polygon><outerBoundaryIs><LinearRing><coordinates>86.542194882,21.7531932140001,0 86.5422764830001,21.7533122180001,0 86.542407568,21.7534223600001,0 86.5425256670001,21.753305303,0 86.5423743920001,21.753214529,0 86.5422331010001,21.7530774800001,0 86.5421611570001,21.753169202,0 86.542194882,21.7531932140001,0</coordinates></LinearRing></outerBoundaryIs></Polygon></MultiGeometry>
  </Placemark>
  <Placemark>
	<name>Placemark</name>
	<Style><LineStyle><color>ff0000ff</color></LineStyle><PolyStyle><fill>0</fill></PolyStyle></Style>
	<ExtendedData><SchemaData schemaUrl="#merged">
		<SimpleData name="OID_">0</SimpleData>
		<SimpleData name="FolderPath">L1.kml/_Polygons_</SimpleData>
		<SimpleData name="SymbolID">0</SimpleData>
		<SimpleData name="AltMode">0</SimpleData>
		<SimpleData name="Base">0.00000000000</SimpleData>
		<SimpleData name="Clamped">-1</SimpleData>
		<SimpleData name="Extruded">0</SimpleData>
		<SimpleData name="PopupInfo">&lt;html xmlns:fo=&quot;http://www.w3.org/1999/XSL/Format&quot; xmlns:msxsl=&quot;urn:schemas-microsoft-com:xslt&quot;&gt;
&lt;head&gt;
&lt;META http-equiv=&quot;Content-Type&quot; content=&quot;text/html&quot;&gt;
&lt;meta http-equiv=&quot;content-type&quot; content=&quot;text/html; charset=UTF-8&quot;&gt;
&lt;/head&gt;
&lt;body style=&quot;margin:0</SimpleData>
		<SimpleData name="Shape_Leng">0.00223544743</SimpleData>
		<SimpleData name="Shape_Area">0.00000023950</SimpleData>
		<SimpleData name="Plantation">Proposed</SimpleData>
		<SimpleData name="layer">Khunta_proposed</SimpleData>
		<SimpleData name="path">D:\Project\Shristi\4th_round\Khunta_proposed.shp</SimpleData>
	</SchemaData></ExtendedData>
      <MultiGeometry><Polygon><outerBoundaryIs><LinearRing><coordinates>86.5447236520001,21.754219596,0 86.5449980330001,21.754083204,0 86.5454164720001,21.753951489,0 86.545357741,21.7537849140001,0 86.5451513340001,21.753820628,0 86.5451158930001,21.753753767,0 86.5449000290001,21.7537601970001,0 86.5447716850001,21.7537751200001,0 86.5446120140001,21.753823557,0 86.54462447,21.7538801850001,0 86.544531288,21.7539215520001,0 86.5446058300001,21.754044944,0 86.5446522270001,21.754091052,0 86.5447236520001,21.754219596,0</coordinates></LinearRing></outerBoundaryIs></Polygon></MultiGeometry>
  </Placemark>
  <Placemark>
	<name>Placemark</name>
	<Style><LineStyle><color>ff0000ff</color></LineStyle><PolyStyle><fill>0</fill></PolyStyle></Style>
	<ExtendedData><SchemaData schemaUrl="#merged">
		<SimpleData name="OID_">0</SimpleData>
		<SimpleData name="FolderPath">L1.kml/_Polygons_</SimpleData>
		<SimpleData name="SymbolID">0</SimpleData>
		<SimpleData name="AltMode">0</SimpleData>
		<SimpleData name="Base">0.00000000000</SimpleData>
		<SimpleData name="Clamped">-1</SimpleData>
		<SimpleData name="Extruded">0</SimpleData>
		<SimpleData name="PopupInfo">&lt;html xmlns:fo=&quot;http://www.w3.org/1999/XSL/Format&quot; xmlns:msxsl=&quot;urn:schemas-microsoft-com:xslt&quot;&gt;
&lt;head&gt;
&lt;META http-equiv=&quot;Content-Type&quot; content=&quot;text/html&quot;&gt;
&lt;meta http-equiv=&quot;content-type&quot; content=&quot;text/html; charset=UTF-8&quot;&gt;
&lt;/head&gt;
&lt;body style=&quot;margin:0</SimpleData>
		<SimpleData name="Shape_Leng">0.00517049850</SimpleData>
		<SimpleData name="Shape_Area">0.00000125900</SimpleData>
		<SimpleData name="Plantation">Proposed</SimpleData>
		<SimpleData name="layer">Khunta_proposed</SimpleData>
		<SimpleData name="path">D:\Project\Shristi\4th_round\Khunta_proposed.shp</SimpleData>
	</SchemaData></ExtendedData>
      <MultiGeometry><Polygon><outerBoundaryIs><LinearRing><coordinates>86.5379134,21.7589191000001,0 86.5377373700001,21.7589295170001,0 86.5374566680001,21.7589513130001,0 86.5372797460001,21.7589976850001,0 86.5370869720001,21.75910673,0 86.5369691770001,21.759319401,0 86.5369945080001,21.75951453,0 86.5374613550001,21.7596716300001,0 86.537501229,21.7596248240001,0 86.5375807360001,21.759681904,0 86.537945155,21.7606044620001,0 86.53841219,21.7604753000001,0 86.5382633250001,21.759783951,0 86.5380814390001,21.759134121,0 86.538043417,21.7589097490001,0 86.5380070860001,21.75891303,0 86.5379134,21.7589191000001,0</coordinates></LinearRing></outerBoundaryIs></Polygon></MultiGeometry>
  </Placemark>
  <Placemark>
	<name>Placemark</name>
	<Style><LineStyle><color>ff0000ff</color></LineStyle><PolyStyle><fill>0</fill></PolyStyle></Style>
	<ExtendedData><SchemaData schemaUrl="#merged">
		<SimpleData name="OID_">0</SimpleData>
		<SimpleData name="FolderPath">L1.kml/_Polygons_</SimpleData>
		<SimpleData name="SymbolID">0</SimpleData>
		<SimpleData name="AltMode">0</SimpleData>
		<SimpleData name="Base">0.00000000000</SimpleData>
		<SimpleData name="Clamped">-1</SimpleData>
		<SimpleData name="Extruded">0</SimpleData>
		<SimpleData name="PopupInfo">&lt;html xmlns:fo=&quot;http://www.w3.org/1999/XSL/Format&quot; xmlns:msxsl=&quot;urn:schemas-microsoft-com:xslt&quot;&gt;
&lt;head&gt;
&lt;META http-equiv=&quot;Content-Type&quot; content=&quot;text/html&quot;&gt;
&lt;meta http-equiv=&quot;content-type&quot; content=&quot;text/html; charset=UTF-8&quot;&gt;
&lt;/head&gt;
&lt;body style=&quot;margin:0</SimpleData>
		<SimpleData name="Shape_Leng">0.00441095782</SimpleData>
		<SimpleData name="Shape_Area">0.00000070263</SimpleData>
		<SimpleData name="Plantation">Proposed</SimpleData>
		<SimpleData name="layer">Khunta_proposed</SimpleData>
		<SimpleData name="path">D:\Project\Shristi\4th_round\Khunta_proposed.shp</SimpleData>
	</SchemaData></ExtendedData>
      <MultiGeometry><Polygon><outerBoundaryIs><LinearRing><coordinates>86.5274025960001,21.746664579,0 86.5275679000001,21.7465826000001,0 86.527011407,21.745632443,0 86.526812023,21.7454958320001,0 86.5267541170001,21.745324345,0 86.5266096350001,21.7449721690001,0 86.5264642440001,21.7449983440001,0 86.5265011000001,21.7451013,0 86.5267224,21.7461235000001,0 86.5268756950001,21.746582893,0 86.527102315,21.746637272,0 86.527234417,21.746653656,0 86.5274025960001,21.746664579,0</coordinates></LinearRing></outerBoundaryIs></Polygon></MultiGeometry>
  </Placemark>
  <Placemark>
	<name>Placemark</name>
	<Style><LineStyle><color>ff0000ff</color></LineStyle><PolyStyle><fill>0</fill></PolyStyle></Style>
	<ExtendedData><SchemaData schemaUrl="#merged">
		<SimpleData name="OID_">0</SimpleData>
		<SimpleData name="FolderPath">L1.kml/_Polygons_</SimpleData>
		<SimpleData name="SymbolID">0</SimpleData>
		<SimpleData name="AltMode">0</SimpleData>
		<SimpleData name="Base">0.00000000000</SimpleData>
		<SimpleData name="Clamped">-1</SimpleData>
		<SimpleData name="Extruded">0</SimpleData>
		<SimpleData name="PopupInfo">&lt;html xmlns:fo=&quot;http://www.w3.org/1999/XSL/Format&quot; xmlns:msxsl=&quot;urn:schemas-microsoft-com:xslt&quot;&gt;
&lt;head&gt;
&lt;META http-equiv=&quot;Content-Type&quot; content=&quot;text/html&quot;&gt;
&lt;meta http-equiv=&quot;content-type&quot; content=&quot;text/html; charset=UTF-8&quot;&gt;
&lt;/head&gt;
&lt;body style=&quot;margin:0</SimpleData>
		<SimpleData name="Shape_Leng">0.00253283959</SimpleData>
		<SimpleData name="Shape_Area">0.00000031155</SimpleData>
		<SimpleData name="Plantation">Proposed</SimpleData>
		<SimpleData name="layer">Khunta_proposed</SimpleData>
		<SimpleData name="path">D:\Project\Shristi\4th_round\Khunta_proposed.shp</SimpleData>
	</SchemaData></ExtendedData>
      <MultiGeometry><Polygon><outerBoundaryIs><LinearRing><coordinates>86.5277133640001,21.74586945,0 86.5278449140001,21.7457547590001,0 86.5278119000001,21.7456514,0 86.5274961640001,21.745042997,0 86.5271306170001,21.7452199030001,0 86.5275600420001,21.74588988,0 86.5276237,21.7460437170001,0 86.5277133640001,21.74586945,0</coordinates></LinearRing></outerBoundaryIs></Polygon></MultiGeometry>
  </Placemark>
  <Placemark>
	<name>Placemark</name>
	<Style><LineStyle><color>ff0000ff</color></LineStyle><PolyStyle><fill>0</fill></PolyStyle></Style>
	<ExtendedData><SchemaData schemaUrl="#merged">
		<SimpleData name="OID_">0</SimpleData>
		<SimpleData name="FolderPath">L1.kml/_Polygons_</SimpleData>
		<SimpleData name="SymbolID">0</SimpleData>
		<SimpleData name="AltMode">0</SimpleData>
		<SimpleData name="Base">0.00000000000</SimpleData>
		<SimpleData name="Clamped">-1</SimpleData>
		<SimpleData name="Extruded">0</SimpleData>
		<SimpleData name="PopupInfo">&lt;html xmlns:fo=&quot;http://www.w3.org/1999/XSL/Format&quot; xmlns:msxsl=&quot;urn:schemas-microsoft-com:xslt&quot;&gt;
&lt;head&gt;
&lt;META http-equiv=&quot;Content-Type&quot; content=&quot;text/html&quot;&gt;
&lt;meta http-equiv=&quot;content-type&quot; content=&quot;text/html; charset=UTF-8&quot;&gt;
&lt;/head&gt;
&lt;body style=&quot;margin:0</SimpleData>
		<SimpleData name="Shape_Leng">0.00315411610</SimpleData>
		<SimpleData name="Shape_Area">0.00000064898</SimpleData>
		<SimpleData name="Plantation">Proposed</SimpleData>
		<SimpleData name="layer">Khunta_proposed</SimpleData>
		<SimpleData name="path">D:\Project\Shristi\4th_round\Khunta_proposed.shp</SimpleData>
	</SchemaData></ExtendedData>
      <MultiGeometry><Polygon><outerBoundaryIs><LinearRing><coordinates>86.5353972280001,21.7558908140001,0 86.5356991,21.7564103,0 86.5358197670001,21.756434809,0 86.5363651380001,21.756094246,0 86.536284585,21.755747018,0 86.5359890240001,21.7552726100001,0 86.5358094000001,21.7554950000001,0 86.5356704000001,21.7555594,0 86.5354804990001,21.7557494770001,0 86.5353972280001,21.7558908140001,0</coordinates></LinearRing></outerBoundaryIs></Polygon></MultiGeometry>
  </Placemark>
  <Placemark>
	<name>Placemark</name>
	<Style><LineStyle><color>ff0000ff</color></LineStyle><PolyStyle><fill>0</fill></PolyStyle></Style>
	<ExtendedData><SchemaData schemaUrl="#merged">
		<SimpleData name="OID_">0</SimpleData>
		<SimpleData name="FolderPath">L1.kml/_Polygons_</SimpleData>
		<SimpleData name="SymbolID">0</SimpleData>
		<SimpleData name="AltMode">0</SimpleData>
		<SimpleData name="Base">0.00000000000</SimpleData>
		<SimpleData name="Clamped">-1</SimpleData>
		<SimpleData name="Extruded">0</SimpleData>
		<SimpleData name="PopupInfo">&lt;html xmlns:fo=&quot;http://www.w3.org/1999/XSL/Format&quot; xmlns:msxsl=&quot;urn:schemas-microsoft-com:xslt&quot;&gt;
&lt;head&gt;
&lt;META http-equiv=&quot;Content-Type&quot; content=&quot;text/html&quot;&gt;
&lt;meta http-equiv=&quot;content-type&quot; content=&quot;text/html; charset=UTF-8&quot;&gt;
&lt;/head&gt;
&lt;body style=&quot;margin:0</SimpleData>
		<SimpleData name="Shape_Leng">0.00361512366</SimpleData>
		<SimpleData name="Shape_Area">0.00000046788</SimpleData>
		<SimpleData name="Plantation">Proposed</SimpleData>
		<SimpleData name="layer">Khunta_proposed</SimpleData>
		<SimpleData name="path">D:\Project\Shristi\4th_round\Khunta_proposed.shp</SimpleData>
	</SchemaData></ExtendedData>
      <MultiGeometry><Polygon><outerBoundaryIs><LinearRing><coordinates>86.5350236620001,21.755908474,0 86.5346967,21.7561288000001,0 86.5345756,21.7561789000001,0 86.5344966210001,21.7561937190001,0 86.534599681,21.756477886,0 86.534992173,21.756290182,0 86.535087,21.756401671,0 86.535175,21.7565062460001,0 86.535349658,21.7567441140001,0 86.535549044,21.7566465840001,0 86.5356947490001,21.75646691,0 86.5354006490001,21.7559402110001,0 86.5352768930001,21.7560768540001,0 86.535193226,21.7561800340001,0 86.535110645,21.7560543270001,0 86.5350236620001,21.755908474,0</coordinates></LinearRing></outerBoundaryIs></Polygon></MultiGeometry>
  </Placemark>
  <Placemark>
	<name>Placemark</name>
	<Style><LineStyle><color>ff0000ff</color></LineStyle><PolyStyle><fill>0</fill></PolyStyle></Style>
	<ExtendedData><SchemaData schemaUrl="#merged">
		<SimpleData name="OID_">0</SimpleData>
		<SimpleData name="FolderPath">L1.kml/_Polygons_</SimpleData>
		<SimpleData name="SymbolID">0</SimpleData>
		<SimpleData name="AltMode">0</SimpleData>
		<SimpleData name="Base">0.00000000000</SimpleData>
		<SimpleData name="Clamped">-1</SimpleData>
		<SimpleData name="Extruded">0</SimpleData>
		<SimpleData name="PopupInfo">&lt;html xmlns:fo=&quot;http://www.w3.org/1999/XSL/Format&quot; xmlns:msxsl=&quot;urn:schemas-microsoft-com:xslt&quot;&gt;
&lt;head&gt;
&lt;META http-equiv=&quot;Content-Type&quot; content=&quot;text/html&quot;&gt;
&lt;meta http-equiv=&quot;content-type&quot; content=&quot;text/html; charset=UTF-8&quot;&gt;
&lt;/head&gt;
&lt;body style=&quot;margin:0</SimpleData>
		<SimpleData name="Shape_Leng">0.00463774952</SimpleData>
		<SimpleData name="Shape_Area">0.00000087502</SimpleData>
		<SimpleData name="Plantation">Proposed</SimpleData>
		<SimpleData name="layer">Khunta_proposed</SimpleData>
		<SimpleData name="path">D:\Project\Shristi\4th_round\Khunta_proposed.shp</SimpleData>
	</SchemaData></ExtendedData>
      <MultiGeometry><Polygon><outerBoundaryIs><LinearRing><coordinates>86.5369848160001,21.754395301,0 86.5369187000001,21.7544584,0 86.5368034460001,21.754538842,0 86.5365601,21.7544234000001,0 86.536271947,21.754423521,0 86.5362095,21.7544533,0 86.5361531,21.7545942,0 86.5361183000001,21.7547129000001,0 86.5363389,21.7546955,0 86.536447798,21.7547777950001,0 86.5366239190001,21.754913758,0 86.536873912,21.755237111,0 86.5370410520001,21.755467466,0 86.5371470870001,21.7554924630001,0 86.5372691950001,21.7554178140001,0 86.5374124720001,21.755298651,0 86.537214711,21.7550880640001,0 86.5374034660001,21.7550455580001,0 86.5375333850001,21.754882165,0 86.537612761,21.7547979240001,0 86.537721876,21.7547341870001,0 86.53748383,21.7544785150001,0 86.537297128,21.7544738890001,0 86.5371682080001,21.754448161,0 86.5370993220001,21.754428008,0 86.5369848160001,21.754395301,0</coordinates></LinearRing></outerBoundaryIs></Polygon></MultiGeometry>
  </Placemark>
  <Placemark>
	<name>Placemark</name>
	<Style><LineStyle><color>ff0000ff</color></LineStyle><PolyStyle><fill>0</fill></PolyStyle></Style>
	<ExtendedData><SchemaData schemaUrl="#merged">
		<SimpleData name="OID_">0</SimpleData>
		<SimpleData name="FolderPath">L1.kml/_Polygons_</SimpleData>
		<SimpleData name="SymbolID">0</SimpleData>
		<SimpleData name="AltMode">0</SimpleData>
		<SimpleData name="Base">0.00000000000</SimpleData>
		<SimpleData name="Clamped">-1</SimpleData>
		<SimpleData name="Extruded">0</SimpleData>
		<SimpleData name="PopupInfo">&lt;html xmlns:fo=&quot;http://www.w3.org/1999/XSL/Format&quot; xmlns:msxsl=&quot;urn:schemas-microsoft-com:xslt&quot;&gt;
&lt;head&gt;
&lt;META http-equiv=&quot;Content-Type&quot; content=&quot;text/html&quot;&gt;
&lt;meta http-equiv=&quot;content-type&quot; content=&quot;text/html; charset=UTF-8&quot;&gt;
&lt;/head&gt;
&lt;body style=&quot;margin:0</SimpleData>
		<SimpleData name="Shape_Leng">0.00167792388</SimpleData>
		<SimpleData name="Shape_Area">0.00000012183</SimpleData>
		<SimpleData name="Plantation">Proposed</SimpleData>
		<SimpleData name="layer">Khunta_proposed</SimpleData>
		<SimpleData name="path">D:\Project\Shristi\4th_round\Khunta_proposed.shp</SimpleData>
	</SchemaData></ExtendedData>
      <MultiGeometry><Polygon><outerBoundaryIs><LinearRing><coordinates>86.5375420600001,21.7500839580001,0 86.537567536,21.7498552550001,0 86.5372823450001,21.749885584,0 86.537132081,21.749918714,0 86.53708227,21.7498570810001,0 86.5369601630001,21.7498651990001,0 86.5369233580001,21.7499459690001,0 86.5369926540001,21.750096211,0 86.537247,21.7500686000001,0 86.5375420600001,21.7500839580001,0</coordinates></LinearRing></outerBoundaryIs></Polygon></MultiGeometry>
  </Placemark>
  <Placemark>
	<name>Placemark</name>
	<Style><LineStyle><color>ff0000ff</color></LineStyle><PolyStyle><fill>0</fill></PolyStyle></Style>
	<ExtendedData><SchemaData schemaUrl="#merged">
		<SimpleData name="OID_">0</SimpleData>
		<SimpleData name="FolderPath">L1.kml/_Polygons_</SimpleData>
		<SimpleData name="SymbolID">0</SimpleData>
		<SimpleData name="AltMode">0</SimpleData>
		<SimpleData name="Base">0.00000000000</SimpleData>
		<SimpleData name="Clamped">-1</SimpleData>
		<SimpleData name="Extruded">0</SimpleData>
		<SimpleData name="PopupInfo">&lt;html xmlns:fo=&quot;http://www.w3.org/1999/XSL/Format&quot; xmlns:msxsl=&quot;urn:schemas-microsoft-com:xslt&quot;&gt;
&lt;head&gt;
&lt;META http-equiv=&quot;Content-Type&quot; content=&quot;text/html&quot;&gt;
&lt;meta http-equiv=&quot;content-type&quot; content=&quot;text/html; charset=UTF-8&quot;&gt;
&lt;/head&gt;
&lt;body style=&quot;margin:0</SimpleData>
		<SimpleData name="Shape_Leng">0.00761880161</SimpleData>
		<SimpleData name="Shape_Area">0.00000266866</SimpleData>
		<SimpleData name="Plantation">Proposed</SimpleData>
		<SimpleData name="layer">Khunta_proposed</SimpleData>
		<SimpleData name="path">D:\Project\Shristi\4th_round\Khunta_proposed.shp</SimpleData>
	</SchemaData></ExtendedData>
      <MultiGeometry><Polygon><outerBoundaryIs><LinearRing><coordinates>86.534263443,21.746986286,0 86.5349293680001,21.7469699810001,0 86.535569379,21.7468895210001,0 86.535387696,21.7459765250001,0 86.5347993,21.746067,0 86.5346273530001,21.74604184,0 86.5344645920001,21.746054945,0 86.5343058000001,21.7460556,0 86.5342482,21.7458093500001,0 86.5342391760001,21.745648132,0 86.5341221,21.7455825000001,0 86.534033445,21.7451768080001,0 86.533742987,21.7451064960001,0 86.5333134430001,21.745167526,0 86.5330564330001,21.7453260980001,0 86.5335297650001,21.746522403,0 86.5337524710001,21.746955229,0 86.534121912,21.7469583820001,0 86.534263443,21.746986286,0</coordinates></LinearRing></outerBoundaryIs></Polygon></MultiGeometry>
  </Placemark>
  <Placemark>
	<name>Placemark</name>
	<Style><LineStyle><color>ff0000ff</color></LineStyle><PolyStyle><fill>0</fill></PolyStyle></Style>
	<ExtendedData><SchemaData schemaUrl="#merged">
		<SimpleData name="OID_">0</SimpleData>
		<SimpleData name="FolderPath">L1.kml/_Polygons_</SimpleData>
		<SimpleData name="SymbolID">0</SimpleData>
		<SimpleData name="AltMode">0</SimpleData>
		<SimpleData name="Base">0.00000000000</SimpleData>
		<SimpleData name="Clamped">-1</SimpleData>
		<SimpleData name="Extruded">0</SimpleData>
		<SimpleData name="PopupInfo">&lt;html xmlns:fo=&quot;http://www.w3.org/1999/XSL/Format&quot; xmlns:msxsl=&quot;urn:schemas-microsoft-com:xslt&quot;&gt;
&lt;head&gt;
&lt;META http-equiv=&quot;Content-Type&quot; content=&quot;text/html&quot;&gt;
&lt;meta http-equiv=&quot;content-type&quot; content=&quot;text/html; charset=UTF-8&quot;&gt;
&lt;/head&gt;
&lt;body style=&quot;margin:0</SimpleData>
		<SimpleData name="Shape_Leng">0.00322307417</SimpleData>
		<SimpleData name="Shape_Area">0.00000036416</SimpleData>
		<SimpleData name="Plantation">Proposed</SimpleData>
		<SimpleData name="layer">Khunta_proposed</SimpleData>
		<SimpleData name="path">D:\Project\Shristi\4th_round\Khunta_proposed.shp</SimpleData>
	</SchemaData></ExtendedData>
      <MultiGeometry><Polygon><outerBoundaryIs><LinearRing><coordinates>86.5283986960001,21.74757142,0 86.5288064970001,21.7474964030001,0 86.5285694720001,21.746973186,0 86.528339255,21.746862047,0 86.5281773,21.7469610000001,0 86.5280569340001,21.7470534980001,0 86.528161616,21.7472464590001,0 86.5283034810001,21.7473380330001,0 86.5284575350001,21.7473733950001,0 86.5283431770001,21.7474102350001,0 86.5281788350001,21.7474609290001,0 86.5280936030001,21.7474601500001,0 86.5279632200001,21.7475204090001,0 86.52812679,21.747721154,0 86.5283986960001,21.74757142,0</coordinates></LinearRing></outerBoundaryIs></Polygon></MultiGeometry>
  </Placemark>
  <Placemark>
	<name>Placemark</name>
	<Style><LineStyle><color>ff0000ff</color></LineStyle><PolyStyle><fill>0</fill></PolyStyle></Style>
	<ExtendedData><SchemaData schemaUrl="#merged">
		<SimpleData name="OID_">0</SimpleData>
		<SimpleData name="FolderPath">L1.kml/_Polygons_</SimpleData>
		<SimpleData name="SymbolID">0</SimpleData>
		<SimpleData name="AltMode">0</SimpleData>
		<SimpleData name="Base">0.00000000000</SimpleData>
		<SimpleData name="Clamped">-1</SimpleData>
		<SimpleData name="Extruded">0</SimpleData>
		<SimpleData name="PopupInfo">&lt;html xmlns:fo=&quot;http://www.w3.org/1999/XSL/Format&quot; xmlns:msxsl=&quot;urn:schemas-microsoft-com:xslt&quot;&gt;
&lt;head&gt;
&lt;META http-equiv=&quot;Content-Type&quot; content=&quot;text/html&quot;&gt;
&lt;meta http-equiv=&quot;content-type&quot; content=&quot;text/html; charset=UTF-8&quot;&gt;
&lt;/head&gt;
&lt;body style=&quot;margin:0</SimpleData>
		<SimpleData name="Shape_Leng">0.00611305186</SimpleData>
		<SimpleData name="Shape_Area">0.00000162012</SimpleData>
		<SimpleData name="Plantation">Proposed</SimpleData>
		<SimpleData name="layer">Khunta_proposed</SimpleData>
		<SimpleData name="path">D:\Project\Shristi\4th_round\Khunta_proposed.shp</SimpleData>
	</SchemaData></ExtendedData>
      <MultiGeometry><Polygon><outerBoundaryIs><LinearRing><coordinates>86.5297457770001,21.747029727,0 86.5301731110001,21.7478328020001,0 86.530740253,21.7477898010001,0 86.530730879,21.7475483220001,0 86.5307259630001,21.7473657410001,0 86.5307093110001,21.7471558620001,0 86.5307779170001,21.7469099360001,0 86.530666248,21.746699537,0 86.5304928460001,21.7467213790001,0 86.5304294050001,21.746648834,0 86.5303100930001,21.7464659230001,0 86.5302189810001,21.7464717350001,0 86.5302321600001,21.746321338,0 86.5301149690001,21.74582852,0 86.5299117320001,21.7458787040001,0 86.5298936180001,21.7460185080001,0 86.5298075750001,21.746043507,0 86.5297616870001,21.7458885460001,0 86.529577235,21.7460137680001,0 86.529206931,21.746118596,0 86.5297457770001,21.747029727,0</coordinates></LinearRing></outerBoundaryIs></Polygon></MultiGeometry>
  </Placemark>
  <Placemark>
	<name>Placemark</name>
	<Style><LineStyle><color>ff0000ff</color></LineStyle><PolyStyle><fill>0</fill></PolyStyle></Style>
	<ExtendedData><SchemaData schemaUrl="#merged">
		<SimpleData name="OID_">0</SimpleData>
		<SimpleData name="FolderPath">L1.kml/_Polygons_</SimpleData>
		<SimpleData name="SymbolID">0</SimpleData>
		<SimpleData name="AltMode">0</SimpleData>
		<SimpleData name="Base">0.00000000000</SimpleData>
		<SimpleData name="Clamped">-1</SimpleData>
		<SimpleData name="Extruded">0</SimpleData>
		<SimpleData name="PopupInfo">&lt;html xmlns:fo=&quot;http://www.w3.org/1999/XSL/Format&quot; xmlns:msxsl=&quot;urn:schemas-microsoft-com:xslt&quot;&gt;
&lt;head&gt;
&lt;META http-equiv=&quot;Content-Type&quot; content=&quot;text/html&quot;&gt;
&lt;meta http-equiv=&quot;content-type&quot; content=&quot;text/html; charset=UTF-8&quot;&gt;
&lt;/head&gt;
&lt;body style=&quot;margin:0</SimpleData>
		<SimpleData name="Shape_Leng">0.00466645615</SimpleData>
		<SimpleData name="Shape_Area">0.00000053047</SimpleData>
		<SimpleData name="Plantation">Proposed</SimpleData>
		<SimpleData name="layer">Khunta_proposed</SimpleData>
		<SimpleData name="path">D:\Project\Shristi\4th_round\Khunta_proposed.shp</SimpleData>
	</SchemaData></ExtendedData>
      <MultiGeometry><Polygon><outerBoundaryIs><LinearRing><coordinates>86.5295167610001,21.7472528430001,0 86.5297141,21.7475451,0 86.5299924430001,21.7480224080001,0 86.5301684780001,21.7478749810001,0 86.5299521800001,21.747465456,0 86.5297960500001,21.747178875,0 86.5296171790001,21.746969784,0 86.529554256,21.746791961,0 86.5291479430001,21.7460725660001,0 86.5290791,21.7461233,0 86.5289394440001,21.7461999650001,0 86.528985113,21.746370514,0 86.5292364000001,21.7467520000001,0 86.5295167610001,21.7472528430001,0</coordinates></LinearRing></outerBoundaryIs></Polygon></MultiGeometry>
  </Placemark>
  <Placemark>
	<name>Placemark</name>
	<Style><LineStyle><color>ff0000ff</color></LineStyle><PolyStyle><fill>0</fill></PolyStyle></Style>
	<ExtendedData><SchemaData schemaUrl="#merged">
		<SimpleData name="OID_">0</SimpleData>
		<SimpleData name="FolderPath">L1.kml/_Polygons_</SimpleData>
		<SimpleData name="SymbolID">0</SimpleData>
		<SimpleData name="AltMode">0</SimpleData>
		<SimpleData name="Base">0.00000000000</SimpleData>
		<SimpleData name="Clamped">-1</SimpleData>
		<SimpleData name="Extruded">0</SimpleData>
		<SimpleData name="PopupInfo">&lt;html xmlns:fo=&quot;http://www.w3.org/1999/XSL/Format&quot; xmlns:msxsl=&quot;urn:schemas-microsoft-com:xslt&quot;&gt;
&lt;head&gt;
&lt;META http-equiv=&quot;Content-Type&quot; content=&quot;text/html&quot;&gt;
&lt;meta http-equiv=&quot;content-type&quot; content=&quot;text/html; charset=UTF-8&quot;&gt;
&lt;/head&gt;
&lt;body style=&quot;margin:0</SimpleData>
		<SimpleData name="Shape_Leng">0.00416700889</SimpleData>
		<SimpleData name="Shape_Area">0.00000065429</SimpleData>
		<SimpleData name="Plantation">Proposed</SimpleData>
		<SimpleData name="layer">Khunta_proposed</SimpleData>
		<SimpleData name="path">D:\Project\Shristi\4th_round\Khunta_proposed.shp</SimpleData>
	</SchemaData></ExtendedData>
      <MultiGeometry><Polygon><outerBoundaryIs><LinearRing><coordinates>86.5287184000001,21.7462149,0 86.5285115510001,21.746351039,0 86.528587277,21.746939087,0 86.5290649840001,21.747956779,0 86.52929356,21.747850375,0 86.5294877900001,21.7477483330001,0 86.529064077,21.747079023,0 86.5290273100001,21.7468910960001,0 86.5288345660001,21.746488142,0 86.5287644000001,21.7463807,0 86.5287184000001,21.7462149,0</coordinates></LinearRing></outerBoundaryIs></Polygon></MultiGeometry>
  </Placemark>
  <Placemark>
	<name>Placemark</name>
	<Style><LineStyle><color>ff0000ff</color></LineStyle><PolyStyle><fill>0</fill></PolyStyle></Style>
	<ExtendedData><SchemaData schemaUrl="#merged">
		<SimpleData name="OID_">0</SimpleData>
		<SimpleData name="FolderPath">L1.kml/_Polygons_</SimpleData>
		<SimpleData name="SymbolID">0</SimpleData>
		<SimpleData name="AltMode">0</SimpleData>
		<SimpleData name="Base">0.00000000000</SimpleData>
		<SimpleData name="Clamped">-1</SimpleData>
		<SimpleData name="Extruded">0</SimpleData>
		<SimpleData name="PopupInfo">&lt;html xmlns:fo=&quot;http://www.w3.org/1999/XSL/Format&quot; xmlns:msxsl=&quot;urn:schemas-microsoft-com:xslt&quot;&gt;
&lt;head&gt;
&lt;META http-equiv=&quot;Content-Type&quot; content=&quot;text/html&quot;&gt;
&lt;meta http-equiv=&quot;content-type&quot; content=&quot;text/html; charset=UTF-8&quot;&gt;
&lt;/head&gt;
&lt;body style=&quot;margin:0</SimpleData>
		<SimpleData name="Shape_Leng">0.00280862425</SimpleData>
		<SimpleData name="Shape_Area">0.00000029445</SimpleData>
		<SimpleData name="Plantation">Proposed</SimpleData>
		<SimpleData name="layer">Khunta_proposed</SimpleData>
		<SimpleData name="path">D:\Project\Shristi\4th_round\Khunta_proposed.shp</SimpleData>
	</SchemaData></ExtendedData>
      <MultiGeometry><Polygon><outerBoundaryIs><LinearRing><coordinates>86.5276237,21.7460437170001,0 86.52757396,21.7459624250001,0 86.5274655270001,21.7458008900001,0 86.527356711,21.7456309670001,0 86.5271019480001,21.7452345450001,0 86.526835121,21.745393689,0 86.5270334800001,21.745605515,0 86.527103369,21.745752172,0 86.527228376,21.745953834,0 86.5273403030001,21.7461453930001,0 86.5274694620001,21.746367134,0 86.5275015070001,21.7462102280001,0 86.5276237,21.7460437170001,0</coordinates></LinearRing></outerBoundaryIs></Polygon></MultiGeometry>
  </Placemark>
  <Placemark>
	<name>Placemark</name>
	<Style><LineStyle><color>ff0000ff</color></LineStyle><PolyStyle><fill>0</fill></PolyStyle></Style>
	<ExtendedData><SchemaData schemaUrl="#merged">
		<SimpleData name="OID_">0</SimpleData>
		<SimpleData name="FolderPath">L1.kml/_Polygons_</SimpleData>
		<SimpleData name="SymbolID">0</SimpleData>
		<SimpleData name="AltMode">0</SimpleData>
		<SimpleData name="Base">0.00000000000</SimpleData>
		<SimpleData name="Clamped">-1</SimpleData>
		<SimpleData name="Extruded">0</SimpleData>
		<SimpleData name="PopupInfo">&lt;html xmlns:fo=&quot;http://www.w3.org/1999/XSL/Format&quot; xmlns:msxsl=&quot;urn:schemas-microsoft-com:xslt&quot;&gt;
&lt;head&gt;
&lt;META http-equiv=&quot;Content-Type&quot; content=&quot;text/html&quot;&gt;
&lt;meta http-equiv=&quot;content-type&quot; content=&quot;text/html; charset=UTF-8&quot;&gt;
&lt;/head&gt;
&lt;body style=&quot;margin:0</SimpleData>
		<SimpleData name="Shape_Leng">0.00182550493</SimpleData>
		<SimpleData name="Shape_Area">0.00000013063</SimpleData>
		<SimpleData name="Plantation">Proposed</SimpleData>
		<SimpleData name="layer">Khunta_proposed</SimpleData>
		<SimpleData name="path">D:\Project\Shristi\4th_round\Khunta_proposed.shp</SimpleData>
	</SchemaData></ExtendedData>
      <MultiGeometry><Polygon><outerBoundaryIs><LinearRing><coordinates>86.529369876,21.7470665930001,0 86.5292901180001,21.746901533,0 86.5292139000001,21.7467863000001,0 86.529125326,21.746614724,0 86.5290180640001,21.7464621560001,0 86.5288621990001,21.746483798,0 86.529056052,21.746847093,0 86.52916,21.7471568,0 86.5292454,21.7471248000001,0 86.529369876,21.7470665930001,0</coordinates></LinearRing></outerBoundaryIs></Polygon></MultiGeometry>
  </Placemark>
  <Placemark>
	<name>Placemark</name>
	<Style><LineStyle><color>ff0000ff</color></LineStyle><PolyStyle><fill>0</fill></PolyStyle></Style>
	<ExtendedData><SchemaData schemaUrl="#merged">
		<SimpleData name="OID_">0</SimpleData>
		<SimpleData name="FolderPath">L1.kml/_Polygons_</SimpleData>
		<SimpleData name="SymbolID">0</SimpleData>
		<SimpleData name="AltMode">0</SimpleData>
		<SimpleData name="Base">0.00000000000</SimpleData>
		<SimpleData name="Clamped">-1</SimpleData>
		<SimpleData name="Extruded">0</SimpleData>
		<SimpleData name="PopupInfo">&lt;html xmlns:fo=&quot;http://www.w3.org/1999/XSL/Format&quot; xmlns:msxsl=&quot;urn:schemas-microsoft-com:xslt&quot;&gt;
&lt;head&gt;
&lt;META http-equiv=&quot;Content-Type&quot; content=&quot;text/html&quot;&gt;
&lt;meta http-equiv=&quot;content-type&quot; content=&quot;text/html; charset=UTF-8&quot;&gt;
&lt;/head&gt;
&lt;body style=&quot;margin:0</SimpleData>
		<SimpleData name="Shape_Leng">0.00165761538</SimpleData>
		<SimpleData name="Shape_Area">0.00000016474</SimpleData>
		<SimpleData name="Plantation">Proposed</SimpleData>
		<SimpleData name="layer">Khunta_proposed</SimpleData>
		<SimpleData name="path">D:\Project\Shristi\4th_round\Khunta_proposed.shp</SimpleData>
	</SchemaData></ExtendedData>
      <MultiGeometry><Polygon><outerBoundaryIs><LinearRing><coordinates>86.5280567250001,21.7455499490001,0 86.5283267790001,21.7455437690001,0 86.528283355,21.74539624,0 86.528225256,21.7451847450001,0 86.5281206080001,21.7449799990001,0 86.527881194,21.745059729,0 86.5279100670001,21.745302248,0 86.5280567250001,21.7455499490001,0</coordinates></LinearRing></outerBoundaryIs></Polygon></MultiGeometry>
  </Placemark>
  <Placemark>
	<name>Placemark</name>
	<Style><LineStyle><color>ff0000ff</color></LineStyle><PolyStyle><fill>0</fill></PolyStyle></Style>
	<ExtendedData><SchemaData schemaUrl="#merged">
		<SimpleData name="OID_">0</SimpleData>
		<SimpleData name="FolderPath">L1.kml/_Polygons_</SimpleData>
		<SimpleData name="SymbolID">0</SimpleData>
		<SimpleData name="AltMode">0</SimpleData>
		<SimpleData name="Base">0.00000000000</SimpleData>
		<SimpleData name="Clamped">-1</SimpleData>
		<SimpleData name="Extruded">0</SimpleData>
		<SimpleData name="PopupInfo">&lt;html xmlns:fo=&quot;http://www.w3.org/1999/XSL/Format&quot; xmlns:msxsl=&quot;urn:schemas-microsoft-com:xslt&quot;&gt;
&lt;head&gt;
&lt;META http-equiv=&quot;Content-Type&quot; content=&quot;text/html&quot;&gt;
&lt;meta http-equiv=&quot;content-type&quot; content=&quot;text/html; charset=UTF-8&quot;&gt;
&lt;/head&gt;
&lt;body style=&quot;margin:0</SimpleData>
		<SimpleData name="Shape_Leng">0.00221216188</SimpleData>
		<SimpleData name="Shape_Area">0.00000018682</SimpleData>
		<SimpleData name="Plantation">Proposed</SimpleData>
		<SimpleData name="layer">Khunta_proposed</SimpleData>
		<SimpleData name="path">D:\Project\Shristi\4th_round\Khunta_proposed.shp</SimpleData>
	</SchemaData></ExtendedData>
      <MultiGeometry><Polygon><outerBoundaryIs><LinearRing><coordinates>86.5298546230001,21.7478760970001,0 86.5297295500001,21.7476424750001,0 86.529614683,21.747431379,0 86.5293981190001,21.7470857660001,0 86.5292009250001,21.7471734170001,0 86.5293096,21.7473678000001,0 86.529429485,21.7474975910001,0 86.5295448000001,21.747756,0 86.529657752,21.7479199900001,0 86.5298546230001,21.7478760970001,0</coordinates></LinearRing></outerBoundaryIs></Polygon></MultiGeometry>
  </Placemark>
  <Placemark>
	<name>Placemark</name>
	<Style><LineStyle><color>ff0000ff</color></LineStyle><PolyStyle><fill>0</fill></PolyStyle></Style>
	<ExtendedData><SchemaData schemaUrl="#merged">
		<SimpleData name="OID_">0</SimpleData>
		<SimpleData name="FolderPath">L1.kml/_Polygons_</SimpleData>
		<SimpleData name="SymbolID">0</SimpleData>
		<SimpleData name="AltMode">0</SimpleData>
		<SimpleData name="Base">0.00000000000</SimpleData>
		<SimpleData name="Clamped">-1</SimpleData>
		<SimpleData name="Extruded">0</SimpleData>
		<SimpleData name="PopupInfo">&lt;html xmlns:fo=&quot;http://www.w3.org/1999/XSL/Format&quot; xmlns:msxsl=&quot;urn:schemas-microsoft-com:xslt&quot;&gt;
&lt;head&gt;
&lt;META http-equiv=&quot;Content-Type&quot; content=&quot;text/html&quot;&gt;
&lt;meta http-equiv=&quot;content-type&quot; content=&quot;text/html; charset=UTF-8&quot;&gt;
&lt;/head&gt;
&lt;body style=&quot;margin:0</SimpleData>
		<SimpleData name="Shape_Leng">0.00477343496</SimpleData>
		<SimpleData name="Shape_Area">0.00000113412</SimpleData>
		<SimpleData name="Plantation">Proposed</SimpleData>
		<SimpleData name="layer">Khunta_proposed</SimpleData>
		<SimpleData name="path">D:\Project\Shristi\4th_round\Khunta_proposed.shp</SimpleData>
	</SchemaData></ExtendedData>
      <MultiGeometry><Polygon><outerBoundaryIs><LinearRing><coordinates>86.5419674840001,21.7776502030001,0 86.542151329,21.7775861050001,0 86.5424502910001,21.777509074,0 86.542331953,21.777096262,0 86.5422558590001,21.776745566,0 86.5424132780001,21.776698961,0 86.542337586,21.776447955,0 86.542267548,21.7761829570001,0 86.5421363,21.7761861000001,0 86.5419589470001,21.7762213780001,0 86.541772107,21.776269767,0 86.541740212,21.776144844,0 86.541512416,21.776216192,0 86.5412840690001,21.7762602980001,0 86.5413441050001,21.7764065590001,0 86.5414042500001,21.776505064,0 86.5414597070001,21.776680427,0 86.5415274220001,21.776882325,0 86.541620675,21.777129729,0 86.5416748950001,21.777334254,0 86.5417459770001,21.7774993410001,0 86.5418069670001,21.7776763310001,0 86.5419674840001,21.7776502030001,0</coordinates></LinearRing></outerBoundaryIs></Polygon></MultiGeometry>
  </Placemark>
  <Placemark>
	<name>Placemark</name>
	<Style><LineStyle><color>ff0000ff</color></LineStyle><PolyStyle><fill>0</fill></PolyStyle></Style>
	<ExtendedData><SchemaData schemaUrl="#merged">
		<SimpleData name="OID_">0</SimpleData>
		<SimpleData name="FolderPath">L1.kml/_Polygons_</SimpleData>
		<SimpleData name="SymbolID">0</SimpleData>
		<SimpleData name="AltMode">0</SimpleData>
		<SimpleData name="Base">0.00000000000</SimpleData>
		<SimpleData name="Clamped">-1</SimpleData>
		<SimpleData name="Extruded">0</SimpleData>
		<SimpleData name="PopupInfo">&lt;html xmlns:fo=&quot;http://www.w3.org/1999/XSL/Format&quot; xmlns:msxsl=&quot;urn:schemas-microsoft-com:xslt&quot;&gt;
&lt;head&gt;
&lt;META http-equiv=&quot;Content-Type&quot; content=&quot;text/html&quot;&gt;
&lt;meta http-equiv=&quot;content-type&quot; content=&quot;text/html; charset=UTF-8&quot;&gt;
&lt;/head&gt;
&lt;body style=&quot;margin:0</SimpleData>
		<SimpleData name="Shape_Leng">0.00255864307</SimpleData>
		<SimpleData name="Shape_Area">0.00000028816</SimpleData>
		<SimpleData name="Plantation">Proposed</SimpleData>
		<SimpleData name="layer">Khunta_proposed</SimpleData>
		<SimpleData name="path">D:\Project\Shristi\4th_round\Khunta_proposed.shp</SimpleData>
	</SchemaData></ExtendedData>
      <MultiGeometry><Polygon><outerBoundaryIs><LinearRing><coordinates>86.5351902040001,21.7804079210001,0 86.5352843210001,21.7803773110001,0 86.535166684,21.7801967280001,0 86.535166916,21.78010607,0 86.5350896830001,21.779924421,0 86.5350458980001,21.779805766,0 86.534989098,21.7796871630001,0 86.5349275400001,21.779498228,0 86.5346165000001,21.7795850000001,0 86.5346295250001,21.7796410990001,0 86.5346781090001,21.7797263530001,0 86.5347939000001,21.7799926000001,0 86.5349018080001,21.7802755490001,0 86.5349657070001,21.7803930310001,0 86.535014668,21.7804830490001,0 86.5351133200001,21.7804335490001,0 86.5351902040001,21.7804079210001,0</coordinates></LinearRing></outerBoundaryIs></Polygon></MultiGeometry>
  </Placemark>
  <Placemark>
	<name>Placemark</name>
	<Style><LineStyle><color>ff0000ff</color></LineStyle><PolyStyle><fill>0</fill></PolyStyle></Style>
	<ExtendedData><SchemaData schemaUrl="#merged">
		<SimpleData name="OID_">0</SimpleData>
		<SimpleData name="FolderPath">L1.kml/_Polygons_</SimpleData>
		<SimpleData name="SymbolID">0</SimpleData>
		<SimpleData name="AltMode">0</SimpleData>
		<SimpleData name="Base">0.00000000000</SimpleData>
		<SimpleData name="Clamped">-1</SimpleData>
		<SimpleData name="Extruded">0</SimpleData>
		<SimpleData name="PopupInfo">&lt;html xmlns:fo=&quot;http://www.w3.org/1999/XSL/Format&quot; xmlns:msxsl=&quot;urn:schemas-microsoft-com:xslt&quot;&gt;
&lt;head&gt;
&lt;META http-equiv=&quot;Content-Type&quot; content=&quot;text/html&quot;&gt;
&lt;meta http-equiv=&quot;content-type&quot; content=&quot;text/html; charset=UTF-8&quot;&gt;
&lt;/head&gt;
&lt;body style=&quot;margin:0</SimpleData>
		<SimpleData name="Shape_Leng">0.00227622316</SimpleData>
		<SimpleData name="Shape_Area">0.00000019979</SimpleData>
		<SimpleData name="Plantation">Proposed</SimpleData>
		<SimpleData name="layer">Khunta_proposed</SimpleData>
		<SimpleData name="path">D:\Project\Shristi\4th_round\Khunta_proposed.shp</SimpleData>
	</SchemaData></ExtendedData>
      <MultiGeometry><Polygon><outerBoundaryIs><LinearRing><coordinates>86.5355442730001,21.780141612,0 86.5355307900001,21.7800348420001,0 86.5354272230001,21.7800481410001,0 86.5353140390001,21.7797470690001,0 86.535271197,21.7795662410001,0 86.535209524,21.779520217,0 86.5350244000001,21.7795651000001,0 86.5350983000001,21.7797438000001,0 86.535212485,21.780164164,0 86.535322959,21.780435171,0 86.5355442730001,21.780141612,0</coordinates></LinearRing></outerBoundaryIs></Polygon></MultiGeometry>
  </Placemark>
  <Placemark>
	<name>Placemark</name>
	<Style><LineStyle><color>ff0000ff</color></LineStyle><PolyStyle><fill>0</fill></PolyStyle></Style>
	<ExtendedData><SchemaData schemaUrl="#merged">
		<SimpleData name="OID_">0</SimpleData>
		<SimpleData name="FolderPath">L1.kml/_Polygons_</SimpleData>
		<SimpleData name="SymbolID">0</SimpleData>
		<SimpleData name="AltMode">0</SimpleData>
		<SimpleData name="Base">0.00000000000</SimpleData>
		<SimpleData name="Clamped">-1</SimpleData>
		<SimpleData name="Extruded">0</SimpleData>
		<SimpleData name="PopupInfo">&lt;html xmlns:fo=&quot;http://www.w3.org/1999/XSL/Format&quot; xmlns:msxsl=&quot;urn:schemas-microsoft-com:xslt&quot;&gt;
&lt;head&gt;
&lt;META http-equiv=&quot;Content-Type&quot; content=&quot;text/html&quot;&gt;
&lt;meta http-equiv=&quot;content-type&quot; content=&quot;text/html; charset=UTF-8&quot;&gt;
&lt;/head&gt;
&lt;body style=&quot;margin:0</SimpleData>
		<SimpleData name="Shape_Leng">0.00172439069</SimpleData>
		<SimpleData name="Shape_Area">0.00000019539</SimpleData>
		<SimpleData name="Plantation">Proposed</SimpleData>
		<SimpleData name="layer">Khunta_proposed</SimpleData>
		<SimpleData name="path">D:\Project\Shristi\4th_round\Khunta_proposed.shp</SimpleData>
	</SchemaData></ExtendedData>
      <MultiGeometry><Polygon><outerBoundaryIs><LinearRing><coordinates>86.5356744800001,21.781682597,0 86.5352272590001,21.781596076,0 86.535110784,21.78175601,0 86.535258545,21.7820651920001,0 86.535694219,21.78196268,0 86.5356744800001,21.781682597,0</coordinates></LinearRing></outerBoundaryIs></Polygon></MultiGeometry>
  </Placemark>
  <Placemark>
	<name>Placemark</name>
	<Style><LineStyle><color>ff0000ff</color></LineStyle><PolyStyle><fill>0</fill></PolyStyle></Style>
	<ExtendedData><SchemaData schemaUrl="#merged">
		<SimpleData name="OID_">0</SimpleData>
		<SimpleData name="FolderPath">L1.kml/_Polygons_</SimpleData>
		<SimpleData name="SymbolID">0</SimpleData>
		<SimpleData name="AltMode">0</SimpleData>
		<SimpleData name="Base">0.00000000000</SimpleData>
		<SimpleData name="Clamped">-1</SimpleData>
		<SimpleData name="Extruded">0</SimpleData>
		<SimpleData name="PopupInfo">&lt;html xmlns:fo=&quot;http://www.w3.org/1999/XSL/Format&quot; xmlns:msxsl=&quot;urn:schemas-microsoft-com:xslt&quot;&gt;
&lt;head&gt;
&lt;META http-equiv=&quot;Content-Type&quot; content=&quot;text/html&quot;&gt;
&lt;meta http-equiv=&quot;content-type&quot; content=&quot;text/html; charset=UTF-8&quot;&gt;
&lt;/head&gt;
&lt;body style=&quot;margin:0</SimpleData>
		<SimpleData name="Shape_Leng">0.00224202459</SimpleData>
		<SimpleData name="Shape_Area">0.00000026553</SimpleData>
		<SimpleData name="Plantation">Proposed</SimpleData>
		<SimpleData name="layer">Khunta_proposed</SimpleData>
		<SimpleData name="path">D:\Project\Shristi\4th_round\Khunta_proposed.shp</SimpleData>
	</SchemaData></ExtendedData>
      <MultiGeometry><Polygon><outerBoundaryIs><LinearRing><coordinates>86.5348581470001,21.7818217760001,0 86.5347966900001,21.781978328,0 86.534842401,21.7823057960001,0 86.534918411,21.7826192090001,0 86.5353098000001,21.782552122,0 86.5352055000001,21.7822877,0 86.5351454380001,21.782105594,0 86.535117772,21.782022049,0 86.5351021000001,21.7819566000001,0 86.5350042890001,21.7817493370001,0 86.5348581470001,21.7818217760001,0</coordinates></LinearRing></outerBoundaryIs></Polygon></MultiGeometry>
  </Placemark>
  <Placemark>
	<name>Placemark</name>
	<Style><LineStyle><color>ff0000ff</color></LineStyle><PolyStyle><fill>0</fill></PolyStyle></Style>
	<ExtendedData><SchemaData schemaUrl="#merged">
		<SimpleData name="OID_">0</SimpleData>
		<SimpleData name="FolderPath">L1.kml/_Polygons_</SimpleData>
		<SimpleData name="SymbolID">0</SimpleData>
		<SimpleData name="AltMode">0</SimpleData>
		<SimpleData name="Base">0.00000000000</SimpleData>
		<SimpleData name="Clamped">-1</SimpleData>
		<SimpleData name="Extruded">0</SimpleData>
		<SimpleData name="PopupInfo">&lt;html xmlns:fo=&quot;http://www.w3.org/1999/XSL/Format&quot; xmlns:msxsl=&quot;urn:schemas-microsoft-com:xslt&quot;&gt;
&lt;head&gt;
&lt;META http-equiv=&quot;Content-Type&quot; content=&quot;text/html&quot;&gt;
&lt;meta http-equiv=&quot;content-type&quot; content=&quot;text/html; charset=UTF-8&quot;&gt;
&lt;/head&gt;
&lt;body style=&quot;margin:0</SimpleData>
		<SimpleData name="Shape_Leng">0.00665237144</SimpleData>
		<SimpleData name="Shape_Area">0.00000192343</SimpleData>
		<SimpleData name="Plantation">Proposed</SimpleData>
		<SimpleData name="layer">Khunta_proposed</SimpleData>
		<SimpleData name="path">D:\Project\Shristi\4th_round\Khunta_proposed.shp</SimpleData>
	</SchemaData></ExtendedData>
      <MultiGeometry><Polygon><outerBoundaryIs><LinearRing><coordinates>86.5321505950001,21.727051681,0 86.5322873000001,21.7273358,0 86.5326716000001,21.7277730000001,0 86.532979158,21.728202417,0 86.5334461130001,21.7280473340001,0 86.533588023,21.727765628,0 86.533933253,21.7275352520001,0 86.5342048700001,21.7275455920001,0 86.5345029760001,21.7274466380001,0 86.534381012,21.7272623260001,0 86.5344702180001,21.7271986000001,0 86.5342597150001,21.7269747780001,0 86.5340159240001,21.7267336030001,0 86.533739445,21.7268844480001,0 86.5335699940001,21.727015222,0 86.5331437940001,21.727072198,0 86.5331163150001,21.7268410230001,0 86.5330161360001,21.7265952390001,0 86.532648453,21.726805757,0 86.5323758910001,21.72696194,0 86.5321505950001,21.727051681,0</coordinates></LinearRing></outerBoundaryIs></Polygon></MultiGeometry>
  </Placemark>
  <Placemark>
	<name>Placemark</name>
	<Style><LineStyle><color>ff0000ff</color></LineStyle><PolyStyle><fill>0</fill></PolyStyle></Style>
	<ExtendedData><SchemaData schemaUrl="#merged">
		<SimpleData name="OID_">0</SimpleData>
		<SimpleData name="FolderPath">L1.kml/_Polygons_</SimpleData>
		<SimpleData name="SymbolID">0</SimpleData>
		<SimpleData name="AltMode">0</SimpleData>
		<SimpleData name="Base">0.00000000000</SimpleData>
		<SimpleData name="Clamped">-1</SimpleData>
		<SimpleData name="Extruded">0</SimpleData>
		<SimpleData name="PopupInfo">&lt;html xmlns:fo=&quot;http://www.w3.org/1999/XSL/Format&quot; xmlns:msxsl=&quot;urn:schemas-microsoft-com:xslt&quot;&gt;
&lt;head&gt;
&lt;META http-equiv=&quot;Content-Type&quot; content=&quot;text/html&quot;&gt;
&lt;meta http-equiv=&quot;content-type&quot; content=&quot;text/html; charset=UTF-8&quot;&gt;
&lt;/head&gt;
&lt;body style=&quot;margin:0</SimpleData>
		<SimpleData name="Shape_Leng">0.00213271613</SimpleData>
		<SimpleData name="Shape_Area">0.00000027642</SimpleData>
		<SimpleData name="Plantation">Proposed</SimpleData>
		<SimpleData name="layer">Khunta_proposed</SimpleData>
		<SimpleData name="path">D:\Project\Shristi\4th_round\Khunta_proposed.shp</SimpleData>
	</SchemaData></ExtendedData>
      <MultiGeometry><Polygon><outerBoundaryIs><LinearRing><coordinates>86.5310196730001,21.7282960410001,0 86.5312335230001,21.7282386540001,0 86.531419978,21.7281404550001,0 86.531611566,21.728076323,0 86.5313651270001,21.7277379820001,0 86.5311497550001,21.72775517,0 86.5309375780001,21.7278140830001,0 86.530796228,21.7278516050001,0 86.5309716,21.7281991,0 86.5310196730001,21.7282960410001,0</coordinates></LinearRing></outerBoundaryIs></Polygon></MultiGeometry>
  </Placemark>
  <Placemark>
	<name>Placemark</name>
	<Style><LineStyle><color>ff0000ff</color></LineStyle><PolyStyle><fill>0</fill></PolyStyle></Style>
	<ExtendedData><SchemaData schemaUrl="#merged">
		<SimpleData name="OID_">0</SimpleData>
		<SimpleData name="FolderPath">L1.kml/_Polygons_</SimpleData>
		<SimpleData name="SymbolID">0</SimpleData>
		<SimpleData name="AltMode">0</SimpleData>
		<SimpleData name="Base">0.00000000000</SimpleData>
		<SimpleData name="Clamped">-1</SimpleData>
		<SimpleData name="Extruded">0</SimpleData>
		<SimpleData name="PopupInfo">&lt;html xmlns:fo=&quot;http://www.w3.org/1999/XSL/Format&quot; xmlns:msxsl=&quot;urn:schemas-microsoft-com:xslt&quot;&gt;
&lt;head&gt;
&lt;META http-equiv=&quot;Content-Type&quot; content=&quot;text/html&quot;&gt;
&lt;meta http-equiv=&quot;content-type&quot; content=&quot;text/html; charset=UTF-8&quot;&gt;
&lt;/head&gt;
&lt;body style=&quot;margin:0</SimpleData>
		<SimpleData name="Shape_Leng">0.00268145777</SimpleData>
		<SimpleData name="Shape_Area">0.00000046439</SimpleData>
		<SimpleData name="Plantation">Proposed</SimpleData>
		<SimpleData name="layer">Khunta_proposed</SimpleData>
		<SimpleData name="path">D:\Project\Shristi\4th_round\Khunta_proposed.shp</SimpleData>
	</SchemaData></ExtendedData>
      <MultiGeometry><Polygon><outerBoundaryIs><LinearRing><coordinates>86.5311149920001,21.728650481,0 86.5308029180001,21.7279452500001,0 86.5305180990001,21.728053952,0 86.5304782860001,21.728106962,0 86.530299389,21.7282854800001,0 86.5302938,21.7284057000001,0 86.5304064460001,21.7288262870001,0 86.5309056020001,21.7287162740001,0 86.5311149920001,21.728650481,0</coordinates></LinearRing></outerBoundaryIs></Polygon></MultiGeometry>
  </Placemark>
  <Placemark>
	<name>Placemark</name>
	<Style><LineStyle><color>ff0000ff</color></LineStyle><PolyStyle><fill>0</fill></PolyStyle></Style>
	<ExtendedData><SchemaData schemaUrl="#merged">
		<SimpleData name="OID_">0</SimpleData>
		<SimpleData name="FolderPath">L1.kml/_Polygons_</SimpleData>
		<SimpleData name="SymbolID">0</SimpleData>
		<SimpleData name="AltMode">0</SimpleData>
		<SimpleData name="Base">0.00000000000</SimpleData>
		<SimpleData name="Clamped">-1</SimpleData>
		<SimpleData name="Extruded">0</SimpleData>
		<SimpleData name="PopupInfo">&lt;html xmlns:fo=&quot;http://www.w3.org/1999/XSL/Format&quot; xmlns:msxsl=&quot;urn:schemas-microsoft-com:xslt&quot;&gt;
&lt;head&gt;
&lt;META http-equiv=&quot;Content-Type&quot; content=&quot;text/html&quot;&gt;
&lt;meta http-equiv=&quot;content-type&quot; content=&quot;text/html; charset=UTF-8&quot;&gt;
&lt;/head&gt;
&lt;body style=&quot;margin:0</SimpleData>
		<SimpleData name="Shape_Leng">0.00226626388</SimpleData>
		<SimpleData name="Shape_Area">0.00000019286</SimpleData>
		<SimpleData name="Plantation">Proposed</SimpleData>
		<SimpleData name="layer">Khunta_proposed</SimpleData>
		<SimpleData name="path">D:\Project\Shristi\4th_round\Khunta_proposed.shp</SimpleData>
	</SchemaData></ExtendedData>
      <MultiGeometry><Polygon><outerBoundaryIs><LinearRing><coordinates>86.5300014170001,21.7283094380001,0 86.5300599560001,21.7284810800001,0 86.5300948940001,21.728635904,0 86.5301059610001,21.728722406,0 86.5300491980001,21.7288938450001,0 86.5303794530001,21.7288347090001,0 86.530264435,21.7284533760001,0 86.5301962020001,21.7281607640001,0 86.530167539,21.728036877,0 86.529898959,21.7281192350001,0 86.5300014170001,21.7283094380001,0</coordinates></LinearRing></outerBoundaryIs></Polygon></MultiGeometry>
  </Placemark>
  <Placemark>
	<name>Placemark</name>
	<Style><LineStyle><color>ff0000ff</color></LineStyle><PolyStyle><fill>0</fill></PolyStyle></Style>
	<ExtendedData><SchemaData schemaUrl="#merged">
		<SimpleData name="OID_">0</SimpleData>
		<SimpleData name="FolderPath">L1.kml/_Polygons_</SimpleData>
		<SimpleData name="SymbolID">0</SimpleData>
		<SimpleData name="AltMode">0</SimpleData>
		<SimpleData name="Base">0.00000000000</SimpleData>
		<SimpleData name="Clamped">-1</SimpleData>
		<SimpleData name="Extruded">0</SimpleData>
		<SimpleData name="PopupInfo">&lt;html xmlns:fo=&quot;http://www.w3.org/1999/XSL/Format&quot; xmlns:msxsl=&quot;urn:schemas-microsoft-com:xslt&quot;&gt;
&lt;head&gt;
&lt;META http-equiv=&quot;Content-Type&quot; content=&quot;text/html&quot;&gt;
&lt;meta http-equiv=&quot;content-type&quot; content=&quot;text/html; charset=UTF-8&quot;&gt;
&lt;/head&gt;
&lt;body style=&quot;margin:0</SimpleData>
		<SimpleData name="Shape_Leng">0.00185347269</SimpleData>
		<SimpleData name="Shape_Area">0.00000011407</SimpleData>
		<SimpleData name="Plantation">Proposed</SimpleData>
		<SimpleData name="layer">Khunta_proposed</SimpleData>
		<SimpleData name="path">D:\Project\Shristi\4th_round\Khunta_proposed.shp</SimpleData>
	</SchemaData></ExtendedData>
      <MultiGeometry><Polygon><outerBoundaryIs><LinearRing><coordinates>86.53549093,21.7475901610001,0 86.5352897000001,21.7476809,0 86.5349851500001,21.7477847600001,0 86.535154994,21.747931114,0 86.5354698,21.7477348,0 86.5357165890001,21.7477383240001,0 86.5357469680001,21.747533796,0 86.53549093,21.7475901610001,0</coordinates></LinearRing></outerBoundaryIs></Polygon></MultiGeometry>
  </Placemark>
  <Placemark>
	<name>Placemark</name>
	<Style><LineStyle><color>ff0000ff</color></LineStyle><PolyStyle><fill>0</fill></PolyStyle></Style>
	<ExtendedData><SchemaData schemaUrl="#merged">
		<SimpleData name="OID_">0</SimpleData>
		<SimpleData name="FolderPath">L1.kml/_Polygons_</SimpleData>
		<SimpleData name="SymbolID">0</SimpleData>
		<SimpleData name="AltMode">0</SimpleData>
		<SimpleData name="Base">0.00000000000</SimpleData>
		<SimpleData name="Clamped">-1</SimpleData>
		<SimpleData name="Extruded">0</SimpleData>
		<SimpleData name="PopupInfo">&lt;html xmlns:fo=&quot;http://www.w3.org/1999/XSL/Format&quot; xmlns:msxsl=&quot;urn:schemas-microsoft-com:xslt&quot;&gt;
&lt;head&gt;
&lt;META http-equiv=&quot;Content-Type&quot; content=&quot;text/html&quot;&gt;
&lt;meta http-equiv=&quot;content-type&quot; content=&quot;text/html; charset=UTF-8&quot;&gt;
&lt;/head&gt;
&lt;body style=&quot;margin:0</SimpleData>
		<SimpleData name="Shape_Leng">0.00229864305</SimpleData>
		<SimpleData name="Shape_Area">0.00000024402</SimpleData>
		<SimpleData name="Plantation">Proposed</SimpleData>
		<SimpleData name="layer">Khunta_proposed</SimpleData>
		<SimpleData name="path">D:\Project\Shristi\4th_round\Khunta_proposed.shp</SimpleData>
	</SchemaData></ExtendedData>
      <MultiGeometry><Polygon><outerBoundaryIs><LinearRing><coordinates>86.5357094240001,21.7477579000001,0 86.5354787530001,21.747774254,0 86.535176511,21.747955383,0 86.5353823930001,21.7480213210001,0 86.5353209640001,21.748111572,0 86.5354740860001,21.748150502,0 86.5360207090001,21.7480301000001,0 86.535976029,21.747648812,0 86.5357094240001,21.7477579000001,0</coordinates></LinearRing></outerBoundaryIs></Polygon></MultiGeometry>
  </Placemark>
  <Placemark>
	<name>Placemark</name>
	<Style><LineStyle><color>ff0000ff</color></LineStyle><PolyStyle><fill>0</fill></PolyStyle></Style>
	<ExtendedData><SchemaData schemaUrl="#merged">
		<SimpleData name="OID_">0</SimpleData>
		<SimpleData name="FolderPath">L1.kml/_Polygons_</SimpleData>
		<SimpleData name="SymbolID">0</SimpleData>
		<SimpleData name="AltMode">0</SimpleData>
		<SimpleData name="Base">0.00000000000</SimpleData>
		<SimpleData name="Clamped">-1</SimpleData>
		<SimpleData name="Extruded">0</SimpleData>
		<SimpleData name="PopupInfo">&lt;html xmlns:fo=&quot;http://www.w3.org/1999/XSL/Format&quot; xmlns:msxsl=&quot;urn:schemas-microsoft-com:xslt&quot;&gt;
&lt;head&gt;
&lt;META http-equiv=&quot;Content-Type&quot; content=&quot;text/html&quot;&gt;
&lt;meta http-equiv=&quot;content-type&quot; content=&quot;text/html; charset=UTF-8&quot;&gt;
&lt;/head&gt;
&lt;body style=&quot;margin:0</SimpleData>
		<SimpleData name="Shape_Leng">0.00280210525</SimpleData>
		<SimpleData name="Shape_Area">0.00000049363</SimpleData>
		<SimpleData name="Plantation">Proposed</SimpleData>
		<SimpleData name="layer">Khunta_proposed</SimpleData>
		<SimpleData name="path">D:\Project\Shristi\4th_round\Khunta_proposed.shp</SimpleData>
	</SchemaData></ExtendedData>
      <MultiGeometry><Polygon><outerBoundaryIs><LinearRing><coordinates>86.5295236000001,21.7281681000001,0 86.5297554000001,21.7281263,0 86.5301939860001,21.72799525,0 86.530214061,21.727665625,0 86.5302083920001,21.7275822070001,0 86.5301996190001,21.7274762590001,0 86.5300871040001,21.727457815,0 86.5299707460001,21.7274555770001,0 86.5296488720001,21.727546698,0 86.5294636770001,21.7275839220001,0 86.5292297220001,21.7276722280001,0 86.5292642000001,21.7277524,0 86.5293169000001,21.7278733000001,0 86.5293804,21.7279377,0 86.5294561000001,21.7280167000001,0 86.5295236000001,21.7281681000001,0</coordinates></LinearRing></outerBoundaryIs></Polygon></MultiGeometry>
  </Placemark>
  <Placemark>
	<name>Placemark</name>
	<Style><LineStyle><color>ff0000ff</color></LineStyle><PolyStyle><fill>0</fill></PolyStyle></Style>
	<ExtendedData><SchemaData schemaUrl="#merged">
		<SimpleData name="OID_">0</SimpleData>
		<SimpleData name="FolderPath">L1.kml/_Polygons_</SimpleData>
		<SimpleData name="SymbolID">0</SimpleData>
		<SimpleData name="AltMode">0</SimpleData>
		<SimpleData name="Base">0.00000000000</SimpleData>
		<SimpleData name="Clamped">-1</SimpleData>
		<SimpleData name="Extruded">0</SimpleData>
		<SimpleData name="PopupInfo">&lt;html xmlns:fo=&quot;http://www.w3.org/1999/XSL/Format&quot; xmlns:msxsl=&quot;urn:schemas-microsoft-com:xslt&quot;&gt;
&lt;head&gt;
&lt;META http-equiv=&quot;Content-Type&quot; content=&quot;text/html&quot;&gt;
&lt;meta http-equiv=&quot;content-type&quot; content=&quot;text/html; charset=UTF-8&quot;&gt;
&lt;/head&gt;
&lt;body style=&quot;margin:0</SimpleData>
		<SimpleData name="Shape_Leng">0.00240624983</SimpleData>
		<SimpleData name="Shape_Area">0.00000027577</SimpleData>
		<SimpleData name="Plantation">Proposed</SimpleData>
		<SimpleData name="layer">Khunta_proposed</SimpleData>
		<SimpleData name="path">D:\Project\Shristi\4th_round\Khunta_proposed.shp</SimpleData>
	</SchemaData></ExtendedData>
      <MultiGeometry><Polygon><outerBoundaryIs><LinearRing><coordinates>86.530286,21.7270790000001,0 86.5304148110001,21.727258958,0 86.5305292,21.7274391,0 86.5308069910001,21.7278036380001,0 86.531046927,21.7276821450001,0 86.5308005690001,21.7272674160001,0 86.5305250330001,21.726897131,0 86.530286,21.7270790000001,0</coordinates></LinearRing></outerBoundaryIs></Polygon></MultiGeometry>
  </Placemark>
  <Placemark>
	<name>Placemark</name>
	<Style><LineStyle><color>ff0000ff</color></LineStyle><PolyStyle><fill>0</fill></PolyStyle></Style>
	<ExtendedData><SchemaData schemaUrl="#merged">
		<SimpleData name="OID_">0</SimpleData>
		<SimpleData name="FolderPath">L1.kml/_Polygons_</SimpleData>
		<SimpleData name="SymbolID">0</SimpleData>
		<SimpleData name="AltMode">0</SimpleData>
		<SimpleData name="Base">0.00000000000</SimpleData>
		<SimpleData name="Clamped">-1</SimpleData>
		<SimpleData name="Extruded">0</SimpleData>
		<SimpleData name="PopupInfo">&lt;html xmlns:fo=&quot;http://www.w3.org/1999/XSL/Format&quot; xmlns:msxsl=&quot;urn:schemas-microsoft-com:xslt&quot;&gt;
&lt;head&gt;
&lt;META http-equiv=&quot;Content-Type&quot; content=&quot;text/html&quot;&gt;
&lt;meta http-equiv=&quot;content-type&quot; content=&quot;text/html; charset=UTF-8&quot;&gt;
&lt;/head&gt;
&lt;body style=&quot;margin:0</SimpleData>
		<SimpleData name="Shape_Leng">0.00260885458</SimpleData>
		<SimpleData name="Shape_Area">0.00000034043</SimpleData>
		<SimpleData name="Plantation">Proposed</SimpleData>
		<SimpleData name="layer">Khunta_proposed</SimpleData>
		<SimpleData name="path">D:\Project\Shristi\4th_round\Khunta_proposed.shp</SimpleData>
	</SchemaData></ExtendedData>
      <MultiGeometry><Polygon><outerBoundaryIs><LinearRing><coordinates>86.5322258250001,21.7273271240001,0 86.532119413,21.7270929200001,0 86.5320194660001,21.7268654710001,0 86.5318721520001,21.726636055,0 86.5315188310001,21.726865748,0 86.5317779950001,21.727140655,0 86.5317576880001,21.7273030330001,0 86.5319438940001,21.727573669,0 86.532299289,21.727483078,0 86.5322258250001,21.7273271240001,0</coordinates></LinearRing></outerBoundaryIs></Polygon></MultiGeometry>
  </Placemark>
  <Placemark>
	<name>Placemark</name>
	<Style><LineStyle><color>ff0000ff</color></LineStyle><PolyStyle><fill>0</fill></PolyStyle></Style>
	<ExtendedData><SchemaData schemaUrl="#merged">
		<SimpleData name="OID_">0</SimpleData>
		<SimpleData name="FolderPath">L1.kml/_Polygons_</SimpleData>
		<SimpleData name="SymbolID">0</SimpleData>
		<SimpleData name="AltMode">0</SimpleData>
		<SimpleData name="Base">0.00000000000</SimpleData>
		<SimpleData name="Clamped">-1</SimpleData>
		<SimpleData name="Extruded">0</SimpleData>
		<SimpleData name="PopupInfo">&lt;html xmlns:fo=&quot;http://www.w3.org/1999/XSL/Format&quot; xmlns:msxsl=&quot;urn:schemas-microsoft-com:xslt&quot;&gt;
&lt;head&gt;
&lt;META http-equiv=&quot;Content-Type&quot; content=&quot;text/html&quot;&gt;
&lt;meta http-equiv=&quot;content-type&quot; content=&quot;text/html; charset=UTF-8&quot;&gt;
&lt;/head&gt;
&lt;body style=&quot;margin:0</SimpleData>
		<SimpleData name="Shape_Leng">0.00264550519</SimpleData>
		<SimpleData name="Shape_Area">0.00000032950</SimpleData>
		<SimpleData name="Plantation">Proposed</SimpleData>
		<SimpleData name="layer">Khunta_proposed</SimpleData>
		<SimpleData name="path">D:\Project\Shristi\4th_round\Khunta_proposed.shp</SimpleData>
	</SchemaData></ExtendedData>
      <MultiGeometry><Polygon><outerBoundaryIs><LinearRing><coordinates>86.53248045,21.7276028380001,0 86.532289883,21.7277624610001,0 86.532071396,21.7278908480001,0 86.532372632,21.7285834950001,0 86.5326164890001,21.7284847020001,0 86.5324739100001,21.728191199,0 86.5327426100001,21.7279676650001,0 86.53248045,21.7276028380001,0</coordinates></LinearRing></outerBoundaryIs></Polygon></MultiGeometry>
  </Placemark>
  <Placemark>
	<name>Placemark</name>
	<Style><LineStyle><color>ff0000ff</color></LineStyle><PolyStyle><fill>0</fill></PolyStyle></Style>
	<ExtendedData><SchemaData schemaUrl="#merged">
		<SimpleData name="OID_">0</SimpleData>
		<SimpleData name="FolderPath">L1.kml/_Polygons_</SimpleData>
		<SimpleData name="SymbolID">0</SimpleData>
		<SimpleData name="AltMode">0</SimpleData>
		<SimpleData name="Base">0.00000000000</SimpleData>
		<SimpleData name="Clamped">-1</SimpleData>
		<SimpleData name="Extruded">0</SimpleData>
		<SimpleData name="PopupInfo">&lt;html xmlns:fo=&quot;http://www.w3.org/1999/XSL/Format&quot; xmlns:msxsl=&quot;urn:schemas-microsoft-com:xslt&quot;&gt;
&lt;head&gt;
&lt;META http-equiv=&quot;Content-Type&quot; content=&quot;text/html&quot;&gt;
&lt;meta http-equiv=&quot;content-type&quot; content=&quot;text/html; charset=UTF-8&quot;&gt;
&lt;/head&gt;
&lt;body style=&quot;margin:0</SimpleData>
		<SimpleData name="Shape_Leng">0.00395980356</SimpleData>
		<SimpleData name="Shape_Area">0.00000065618</SimpleData>
		<SimpleData name="Plantation">Proposed</SimpleData>
		<SimpleData name="layer">Khunta_proposed</SimpleData>
		<SimpleData name="path">D:\Project\Shristi\4th_round\Khunta_proposed.shp</SimpleData>
	</SchemaData></ExtendedData>
      <MultiGeometry><Polygon><outerBoundaryIs><LinearRing><coordinates>86.5261194350001,21.740816587,0 86.5258441390001,21.740870269,0 86.525924801,21.7409894670001,0 86.526049168,21.7413506510001,0 86.5261083,21.7416054,0 86.526140115,21.7416815990001,0 86.5261850350001,21.7417745880001,0 86.5262767350001,21.7419165090001,0 86.5263951000001,21.7423041000001,0 86.5265203750001,21.7422731520001,0 86.5266650280001,21.742253647,0 86.526605192,21.741919405,0 86.5266047710001,21.7417141010001,0 86.5265761270001,21.7414786740001,0 86.5265142550001,21.7412340810001,0 86.5264622240001,21.7409994990001,0 86.526408755,21.7407257260001,0 86.5261194350001,21.740816587,0</coordinates></LinearRing></outerBoundaryIs></Polygon></MultiGeometry>
  </Placemark>
  <Placemark>
	<name>Placemark</name>
	<Style><LineStyle><color>ff0000ff</color></LineStyle><PolyStyle><fill>0</fill></PolyStyle></Style>
	<ExtendedData><SchemaData schemaUrl="#merged">
		<SimpleData name="OID_">0</SimpleData>
		<SimpleData name="FolderPath">L1.kml/_Polygons_</SimpleData>
		<SimpleData name="SymbolID">0</SimpleData>
		<SimpleData name="AltMode">0</SimpleData>
		<SimpleData name="Base">0.00000000000</SimpleData>
		<SimpleData name="Clamped">-1</SimpleData>
		<SimpleData name="Extruded">0</SimpleData>
		<SimpleData name="PopupInfo">&lt;html xmlns:fo=&quot;http://www.w3.org/1999/XSL/Format&quot; xmlns:msxsl=&quot;urn:schemas-microsoft-com:xslt&quot;&gt;
&lt;head&gt;
&lt;META http-equiv=&quot;Content-Type&quot; content=&quot;text/html&quot;&gt;
&lt;meta http-equiv=&quot;content-type&quot; content=&quot;text/html; charset=UTF-8&quot;&gt;
&lt;/head&gt;
&lt;body style=&quot;margin:0</SimpleData>
		<SimpleData name="Shape_Leng">0.00446036603</SimpleData>
		<SimpleData name="Shape_Area">0.00000069489</SimpleData>
		<SimpleData name="Plantation">Proposed</SimpleData>
		<SimpleData name="layer">Khunta_proposed</SimpleData>
		<SimpleData name="path">D:\Project\Shristi\4th_round\Khunta_proposed.shp</SimpleData>
	</SchemaData></ExtendedData>
      <MultiGeometry><Polygon><outerBoundaryIs><LinearRing><coordinates>86.5265553890001,21.740934775,0 86.5265786960001,21.7412266700001,0 86.5266198200001,21.741490867,0 86.526643048,21.741807266,0 86.5268585910001,21.742564596,0 86.5271746770001,21.742587701,0 86.5269563270001,21.741214739,0 86.5269374640001,21.7408812950001,0 86.526840066,21.7407183180001,0 86.526681206,21.7407108190001,0 86.526498372,21.7407197750001,0 86.5265553890001,21.740934775,0</coordinates></LinearRing></outerBoundaryIs></Polygon></MultiGeometry>
  </Placemark>
  <Placemark>
	<name>Placemark</name>
	<Style><LineStyle><color>ff0000ff</color></LineStyle><PolyStyle><fill>0</fill></PolyStyle></Style>
	<ExtendedData><SchemaData schemaUrl="#merged">
		<SimpleData name="OID_">0</SimpleData>
		<SimpleData name="FolderPath">L1.kml/_Polygons_</SimpleData>
		<SimpleData name="SymbolID">0</SimpleData>
		<SimpleData name="AltMode">0</SimpleData>
		<SimpleData name="Base">0.00000000000</SimpleData>
		<SimpleData name="Clamped">-1</SimpleData>
		<SimpleData name="Extruded">0</SimpleData>
		<SimpleData name="PopupInfo">&lt;html xmlns:fo=&quot;http://www.w3.org/1999/XSL/Format&quot; xmlns:msxsl=&quot;urn:schemas-microsoft-com:xslt&quot;&gt;
&lt;head&gt;
&lt;META http-equiv=&quot;Content-Type&quot; content=&quot;text/html&quot;&gt;
&lt;meta http-equiv=&quot;content-type&quot; content=&quot;text/html; charset=UTF-8&quot;&gt;
&lt;/head&gt;
&lt;body style=&quot;margin:0</SimpleData>
		<SimpleData name="Shape_Leng">0.00179574227</SimpleData>
		<SimpleData name="Shape_Area">0.00000018147</SimpleData>
		<SimpleData name="Plantation">Proposed</SimpleData>
		<SimpleData name="layer">Khunta_proposed</SimpleData>
		<SimpleData name="path">D:\Project\Shristi\4th_round\Khunta_proposed.shp</SimpleData>
	</SchemaData></ExtendedData>
      <MultiGeometry><Polygon><outerBoundaryIs><LinearRing><coordinates>86.5258441390001,21.740870269,0 86.5257033020001,21.7408818010001,0 86.525392163,21.7409311270001,0 86.5253143580001,21.741300337,0 86.525591374,21.741260466,0 86.5257714840001,21.7411797460001,0 86.5259248,21.7411913,0 86.525887196,21.7410259220001,0 86.5258441390001,21.740870269,0</coordinates></LinearRing></outerBoundaryIs></Polygon></MultiGeometry>
  </Placemark>
  <Placemark>
	<name>Placemark</name>
	<Style><LineStyle><color>ff0000ff</color></LineStyle><PolyStyle><fill>0</fill></PolyStyle></Style>
	<ExtendedData><SchemaData schemaUrl="#merged">
		<SimpleData name="OID_">0</SimpleData>
		<SimpleData name="FolderPath">L1.kml/_Polygons_</SimpleData>
		<SimpleData name="SymbolID">0</SimpleData>
		<SimpleData name="AltMode">0</SimpleData>
		<SimpleData name="Base">0.00000000000</SimpleData>
		<SimpleData name="Clamped">-1</SimpleData>
		<SimpleData name="Extruded">0</SimpleData>
		<SimpleData name="PopupInfo">&lt;html xmlns:fo=&quot;http://www.w3.org/1999/XSL/Format&quot; xmlns:msxsl=&quot;urn:schemas-microsoft-com:xslt&quot;&gt;
&lt;head&gt;
&lt;META http-equiv=&quot;Content-Type&quot; content=&quot;text/html&quot;&gt;
&lt;meta http-equiv=&quot;content-type&quot; content=&quot;text/html; charset=UTF-8&quot;&gt;
&lt;/head&gt;
&lt;body style=&quot;margin:0</SimpleData>
		<SimpleData name="Shape_Leng">0.00193808341</SimpleData>
		<SimpleData name="Shape_Area">0.00000014780</SimpleData>
		<SimpleData name="Plantation">Proposed</SimpleData>
		<SimpleData name="layer">Khunta_proposed</SimpleData>
		<SimpleData name="path">D:\Project\Shristi\4th_round\Khunta_proposed.shp</SimpleData>
	</SchemaData></ExtendedData>
      <MultiGeometry><Polygon><outerBoundaryIs><LinearRing><coordinates>86.5257666510001,21.746702509,0 86.525418405,21.7459610130001,0 86.525240829,21.7460525750001,0 86.5254817420001,21.7465476990001,0 86.525569148,21.746694437,0 86.5257666510001,21.746702509,0</coordinates></LinearRing></outerBoundaryIs></Polygon></MultiGeometry>
  </Placemark>
  <Placemark>
	<name>Placemark</name>
	<Style><LineStyle><color>ff0000ff</color></LineStyle><PolyStyle><fill>0</fill></PolyStyle></Style>
	<ExtendedData><SchemaData schemaUrl="#merged">
		<SimpleData name="OID_">0</SimpleData>
		<SimpleData name="FolderPath">L1.kml/_Polygons_</SimpleData>
		<SimpleData name="SymbolID">0</SimpleData>
		<SimpleData name="AltMode">0</SimpleData>
		<SimpleData name="Base">0.00000000000</SimpleData>
		<SimpleData name="Clamped">-1</SimpleData>
		<SimpleData name="Extruded">0</SimpleData>
		<SimpleData name="PopupInfo">&lt;html xmlns:fo=&quot;http://www.w3.org/1999/XSL/Format&quot; xmlns:msxsl=&quot;urn:schemas-microsoft-com:xslt&quot;&gt;
&lt;head&gt;
&lt;META http-equiv=&quot;Content-Type&quot; content=&quot;text/html&quot;&gt;
&lt;meta http-equiv=&quot;content-type&quot; content=&quot;text/html; charset=UTF-8&quot;&gt;
&lt;/head&gt;
&lt;body style=&quot;margin:0</SimpleData>
		<SimpleData name="Shape_Leng">0.00174349170</SimpleData>
		<SimpleData name="Shape_Area">0.00000019789</SimpleData>
		<SimpleData name="Plantation">Proposed</SimpleData>
		<SimpleData name="layer">Khunta_proposed</SimpleData>
		<SimpleData name="path">D:\Project\Shristi\4th_round\Khunta_proposed.shp</SimpleData>
	</SchemaData></ExtendedData>
      <MultiGeometry><Polygon><outerBoundaryIs><LinearRing><coordinates>86.5253447700001,21.746739921,0 86.5250895030001,21.7463419760001,0 86.5247285040001,21.74658671,0 86.524813425,21.746839306,0 86.5250676220001,21.746880189,0 86.5253447700001,21.746739921,0</coordinates></LinearRing></outerBoundaryIs></Polygon></MultiGeometry>
  </Placemark>
  <Placemark>
	<name>Placemark</name>
	<Style><LineStyle><color>ff0000ff</color></LineStyle><PolyStyle><fill>0</fill></PolyStyle></Style>
	<ExtendedData><SchemaData schemaUrl="#merged">
		<SimpleData name="OID_">0</SimpleData>
		<SimpleData name="FolderPath">L1.kml/_Polygons_</SimpleData>
		<SimpleData name="SymbolID">0</SimpleData>
		<SimpleData name="AltMode">0</SimpleData>
		<SimpleData name="Base">0.00000000000</SimpleData>
		<SimpleData name="Clamped">-1</SimpleData>
		<SimpleData name="Extruded">0</SimpleData>
		<SimpleData name="PopupInfo">&lt;html xmlns:fo=&quot;http://www.w3.org/1999/XSL/Format&quot; xmlns:msxsl=&quot;urn:schemas-microsoft-com:xslt&quot;&gt;
&lt;head&gt;
&lt;META http-equiv=&quot;Content-Type&quot; content=&quot;text/html&quot;&gt;
&lt;meta http-equiv=&quot;content-type&quot; content=&quot;text/html; charset=UTF-8&quot;&gt;
&lt;/head&gt;
&lt;body style=&quot;margin:0</SimpleData>
		<SimpleData name="Shape_Leng">0.00383388666</SimpleData>
		<SimpleData name="Shape_Area">0.00000086203</SimpleData>
		<SimpleData name="Plantation">Proposed</SimpleData>
		<SimpleData name="layer">Khunta_proposed</SimpleData>
		<SimpleData name="path">D:\Project\Shristi\4th_round\Khunta_proposed.shp</SimpleData>
	</SchemaData></ExtendedData>
      <MultiGeometry><Polygon><outerBoundaryIs><LinearRing><coordinates>86.5382736290001,21.749150507,0 86.538365996,21.7497465430001,0 86.5389910530001,21.7498434840001,0 86.5396076530001,21.749861008,0 86.5394939230001,21.7492093160001,0 86.5391072770001,21.749169722,0 86.538798736,21.7490925130001,0 86.5383822300001,21.7489991850001,0 86.5382736290001,21.749150507,0</coordinates></LinearRing></outerBoundaryIs></Polygon></MultiGeometry>
  </Placemark>
  <Placemark>
	<name>Placemark</name>
	<Style><LineStyle><color>ff0000ff</color></LineStyle><PolyStyle><fill>0</fill></PolyStyle></Style>
	<ExtendedData><SchemaData schemaUrl="#merged">
		<SimpleData name="OID_">0</SimpleData>
		<SimpleData name="FolderPath">L1.kml/_Polygons_</SimpleData>
		<SimpleData name="SymbolID">0</SimpleData>
		<SimpleData name="AltMode">0</SimpleData>
		<SimpleData name="Base">0.00000000000</SimpleData>
		<SimpleData name="Clamped">-1</SimpleData>
		<SimpleData name="Extruded">0</SimpleData>
		<SimpleData name="PopupInfo">&lt;html xmlns:fo=&quot;http://www.w3.org/1999/XSL/Format&quot; xmlns:msxsl=&quot;urn:schemas-microsoft-com:xslt&quot;&gt;
&lt;head&gt;
&lt;META http-equiv=&quot;Content-Type&quot; content=&quot;text/html&quot;&gt;
&lt;meta http-equiv=&quot;content-type&quot; content=&quot;text/html; charset=UTF-8&quot;&gt;
&lt;/head&gt;
&lt;body style=&quot;margin:0</SimpleData>
		<SimpleData name="Shape_Leng">0.00303454178</SimpleData>
		<SimpleData name="Shape_Area">0.00000051583</SimpleData>
		<SimpleData name="Plantation">Proposed</SimpleData>
		<SimpleData name="layer">Khunta_proposed</SimpleData>
		<SimpleData name="path">D:\Project\Shristi\4th_round\Khunta_proposed.shp</SimpleData>
	</SchemaData></ExtendedData>
      <MultiGeometry><Polygon><outerBoundaryIs><LinearRing><coordinates>86.538393268,21.7489706320001,0 86.5387775310001,21.7490585840001,0 86.5390641560001,21.7491359430001,0 86.5395027710001,21.7491968900001,0 86.5394375970001,21.7487900200001,0 86.539389123,21.7485242400001,0 86.5390465130001,21.748534899,0 86.5384747580001,21.748703123,0 86.538393268,21.7489706320001,0</coordinates></LinearRing></outerBoundaryIs></Polygon></MultiGeometry>
  </Placemark>
  <Placemark>
	<name>Placemark</name>
	<Style><LineStyle><color>ff0000ff</color></LineStyle><PolyStyle><fill>0</fill></PolyStyle></Style>
	<ExtendedData><SchemaData schemaUrl="#merged">
		<SimpleData name="OID_">0</SimpleData>
		<SimpleData name="FolderPath">L1.kml/_Polygons_</SimpleData>
		<SimpleData name="SymbolID">0</SimpleData>
		<SimpleData name="AltMode">0</SimpleData>
		<SimpleData name="Base">0.00000000000</SimpleData>
		<SimpleData name="Clamped">-1</SimpleData>
		<SimpleData name="Extruded">0</SimpleData>
		<SimpleData name="PopupInfo">&lt;html xmlns:fo=&quot;http://www.w3.org/1999/XSL/Format&quot; xmlns:msxsl=&quot;urn:schemas-microsoft-com:xslt&quot;&gt;
&lt;head&gt;
&lt;META http-equiv=&quot;Content-Type&quot; content=&quot;text/html&quot;&gt;
&lt;meta http-equiv=&quot;content-type&quot; content=&quot;text/html; charset=UTF-8&quot;&gt;
&lt;/head&gt;
&lt;body style=&quot;margin:0</SimpleData>
		<SimpleData name="Shape_Leng">0.00294338773</SimpleData>
		<SimpleData name="Shape_Area">0.00000051256</SimpleData>
		<SimpleData name="Plantation">Proposed</SimpleData>
		<SimpleData name="layer">Khunta_proposed</SimpleData>
		<SimpleData name="path">D:\Project\Shristi\4th_round\Khunta_proposed.shp</SimpleData>
	</SchemaData></ExtendedData>
      <MultiGeometry><Polygon><outerBoundaryIs><LinearRing><coordinates>86.555721281,21.7577905050001,0 86.555724673,21.7573741350001,0 86.555681441,21.7572493820001,0 86.555647321,21.757096206,0 86.555586024,21.7568596630001,0 86.555409662,21.756824995,0 86.555265261,21.7569247340001,0 86.5550332670001,21.757054726,0 86.555161721,21.757292969,0 86.5551241790001,21.757350267,0 86.5553153640001,21.757925029,0 86.555721281,21.7577905050001,0</coordinates></LinearRing></outerBoundaryIs></Polygon></MultiGeometry>
  </Placemark>
  <Placemark>
	<name>Placemark</name>
	<Style><LineStyle><color>ff0000ff</color></LineStyle><PolyStyle><fill>0</fill></PolyStyle></Style>
	<ExtendedData><SchemaData schemaUrl="#merged">
		<SimpleData name="OID_">0</SimpleData>
		<SimpleData name="FolderPath">L1.kml/_Polygons_</SimpleData>
		<SimpleData name="SymbolID">0</SimpleData>
		<SimpleData name="AltMode">0</SimpleData>
		<SimpleData name="Base">0.00000000000</SimpleData>
		<SimpleData name="Clamped">-1</SimpleData>
		<SimpleData name="Extruded">0</SimpleData>
		<SimpleData name="PopupInfo">&lt;html xmlns:fo=&quot;http://www.w3.org/1999/XSL/Format&quot; xmlns:msxsl=&quot;urn:schemas-microsoft-com:xslt&quot;&gt;
&lt;head&gt;
&lt;META http-equiv=&quot;Content-Type&quot; content=&quot;text/html&quot;&gt;
&lt;meta http-equiv=&quot;content-type&quot; content=&quot;text/html; charset=UTF-8&quot;&gt;
&lt;/head&gt;
&lt;body style=&quot;margin:0</SimpleData>
		<SimpleData name="Shape_Leng">0.00157308400</SimpleData>
		<SimpleData name="Shape_Area">0.00000014784</SimpleData>
		<SimpleData name="Plantation">Proposed</SimpleData>
		<SimpleData name="layer">Khunta_proposed</SimpleData>
		<SimpleData name="path">D:\Project\Shristi\4th_round\Khunta_proposed.shp</SimpleData>
	</SchemaData></ExtendedData>
      <MultiGeometry><Polygon><outerBoundaryIs><LinearRing><coordinates>86.53572187,21.782493275,0 86.5356691750001,21.782327794,0 86.5356179070001,21.7820381130001,0 86.535282899,21.782178666,0 86.535407843,21.782576561,0 86.53572187,21.782493275,0</coordinates></LinearRing></outerBoundaryIs></Polygon></MultiGeometry>
  </Placemark>
  <Placemark>
	<name>Placemark</name>
	<Style><LineStyle><color>ff0000ff</color></LineStyle><PolyStyle><fill>0</fill></PolyStyle></Style>
	<ExtendedData><SchemaData schemaUrl="#merged">
		<SimpleData name="OID_">0</SimpleData>
		<SimpleData name="FolderPath">L1.kml/_Polygons_</SimpleData>
		<SimpleData name="SymbolID">0</SimpleData>
		<SimpleData name="AltMode">0</SimpleData>
		<SimpleData name="Base">0.00000000000</SimpleData>
		<SimpleData name="Clamped">-1</SimpleData>
		<SimpleData name="Extruded">0</SimpleData>
		<SimpleData name="PopupInfo">&lt;html xmlns:fo=&quot;http://www.w3.org/1999/XSL/Format&quot; xmlns:msxsl=&quot;urn:schemas-microsoft-com:xslt&quot;&gt;
&lt;head&gt;
&lt;META http-equiv=&quot;Content-Type&quot; content=&quot;text/html&quot;&gt;
&lt;meta http-equiv=&quot;content-type&quot; content=&quot;text/html; charset=UTF-8&quot;&gt;
&lt;/head&gt;
&lt;body style=&quot;margin:0</SimpleData>
		<SimpleData name="Shape_Leng">0.00129517411</SimpleData>
		<SimpleData name="Shape_Area">0.00000010378</SimpleData>
		<SimpleData name="Plantation">Proposed</SimpleData>
		<SimpleData name="layer">Khunta_proposed</SimpleData>
		<SimpleData name="path">D:\Project\Shristi\4th_round\Khunta_proposed.shp</SimpleData>
	</SchemaData></ExtendedData>
      <MultiGeometry><Polygon><outerBoundaryIs><LinearRing><coordinates>86.5386321070001,21.7838052490001,0 86.5386073750001,21.783750119,0 86.5384628020001,21.7836532320001,0 86.5382708380001,21.7836633260001,0 86.5383574090001,21.78390018,0 86.5383984300001,21.784046942,0 86.538641447,21.7840249610001,0 86.5386321070001,21.7838052490001,0</coordinates></LinearRing></outerBoundaryIs></Polygon></MultiGeometry>
  </Placemark>
  <Placemark>
	<name>[1:Polygon]</name>
	<Style><LineStyle><color>ff0000ff</color></LineStyle><PolyStyle><fill>0</fill></PolyStyle></Style>
	<ExtendedData><SchemaData schemaUrl="#merged">
		<SimpleData name="OID_">0</SimpleData>
		<SimpleData name="FolderPath">L1.kml/_Polygons_</SimpleData>
		<SimpleData name="SymbolID">0</SimpleData>
		<SimpleData name="AltMode">0</SimpleData>
		<SimpleData name="Base">0.00000000000</SimpleData>
		<SimpleData name="Clamped">-1</SimpleData>
		<SimpleData name="Extruded">0</SimpleData>
		<SimpleData name="PopupInfo">&lt;html xmlns:fo=&quot;http://www.w3.org/1999/XSL/Format&quot; xmlns:msxsl=&quot;urn:schemas-microsoft-com:xslt&quot;&gt;
&lt;head&gt;
&lt;META http-equiv=&quot;Content-Type&quot; content=&quot;text/html&quot;&gt;
&lt;meta http-equiv=&quot;content-type&quot; content=&quot;text/html; charset=UTF-8&quot;&gt;
&lt;/head&gt;
&lt;body style=&quot;margin:0</SimpleData>
		<SimpleData name="Shape_Leng">0.00186934578</SimpleData>
		<SimpleData name="Shape_Area">0.00000015130</SimpleData>
		<SimpleData name="Plantation">Proposed</SimpleData>
		<SimpleData name="layer">Khunta_proposed</SimpleData>
		<SimpleData name="path">D:\Project\Shristi\4th_round\Khunta_proposed.shp</SimpleData>
	</SchemaData></ExtendedData>
      <MultiGeometry><Polygon><outerBoundaryIs><LinearRing><coordinates>86.538888027,21.784249693,0 86.5381663320001,21.7845414720001,0 86.5384030870001,21.7847066360001,0 86.538950157,21.784426905,0 86.538888027,21.784249693,0</coordinates></LinearRing></outerBoundaryIs></Polygon></MultiGeometry>
  </Placemark>
  <Placemark>
	<name>Placemark</name>
	<Style><LineStyle><color>ff0000ff</color></LineStyle><PolyStyle><fill>0</fill></PolyStyle></Style>
	<ExtendedData><SchemaData schemaUrl="#merged">
		<SimpleData name="OID_">0</SimpleData>
		<SimpleData name="FolderPath">L1.kml/_Polygons_</SimpleData>
		<SimpleData name="SymbolID">0</SimpleData>
		<SimpleData name="AltMode">0</SimpleData>
		<SimpleData name="Base">0.00000000000</SimpleData>
		<SimpleData name="Clamped">-1</SimpleData>
		<SimpleData name="Extruded">0</SimpleData>
		<SimpleData name="PopupInfo">&lt;html xmlns:fo=&quot;http://www.w3.org/1999/XSL/Format&quot; xmlns:msxsl=&quot;urn:schemas-microsoft-com:xslt&quot;&gt;
&lt;head&gt;
&lt;META http-equiv=&quot;Content-Type&quot; content=&quot;text/html&quot;&gt;
&lt;meta http-equiv=&quot;content-type&quot; content=&quot;text/html; charset=UTF-8&quot;&gt;
&lt;/head&gt;
&lt;body style=&quot;margin:0</SimpleData>
		<SimpleData name="Shape_Leng">0.00164210332</SimpleData>
		<SimpleData name="Shape_Area">0.00000013383</SimpleData>
		<SimpleData name="Plantation">Proposed</SimpleData>
		<SimpleData name="layer">Khunta_proposed</SimpleData>
		<SimpleData name="path">D:\Project\Shristi\4th_round\Khunta_proposed.shp</SimpleData>
	</SchemaData></ExtendedData>
      <MultiGeometry><Polygon><outerBoundaryIs><LinearRing><coordinates>86.538477722,21.784691245,0 86.5386819560001,21.784899872,0 86.5389420490001,21.784706278,0 86.5391270920001,21.7846073600001,0 86.53902873,21.784427334,0 86.538477722,21.784691245,0</coordinates></LinearRing></outerBoundaryIs></Polygon></MultiGeometry>
  </Placemark>
  <Placemark>
	<name>Placemark</name>
	<Style><LineStyle><color>ff0000ff</color></LineStyle><PolyStyle><fill>0</fill></PolyStyle></Style>
	<ExtendedData><SchemaData schemaUrl="#merged">
		<SimpleData name="OID_">0</SimpleData>
		<SimpleData name="FolderPath">L1.kml/_Polygons_</SimpleData>
		<SimpleData name="SymbolID">0</SimpleData>
		<SimpleData name="AltMode">0</SimpleData>
		<SimpleData name="Base">0.00000000000</SimpleData>
		<SimpleData name="Clamped">-1</SimpleData>
		<SimpleData name="Extruded">0</SimpleData>
		<SimpleData name="PopupInfo">&lt;html xmlns:fo=&quot;http://www.w3.org/1999/XSL/Format&quot; xmlns:msxsl=&quot;urn:schemas-microsoft-com:xslt&quot;&gt;
&lt;head&gt;
&lt;META http-equiv=&quot;Content-Type&quot; content=&quot;text/html&quot;&gt;
&lt;meta http-equiv=&quot;content-type&quot; content=&quot;text/html; charset=UTF-8&quot;&gt;
&lt;/head&gt;
&lt;body style=&quot;margin:0</SimpleData>
		<SimpleData name="Shape_Leng">0.00184164805</SimpleData>
		<SimpleData name="Shape_Area">0.00000011989</SimpleData>
		<SimpleData name="Plantation">Proposed</SimpleData>
		<SimpleData name="layer">Khunta_proposed</SimpleData>
		<SimpleData name="path">D:\Project\Shristi\4th_round\Khunta_proposed.shp</SimpleData>
	</SchemaData></ExtendedData>
      <MultiGeometry><Polygon><outerBoundaryIs><LinearRing><coordinates>86.536227802,21.7822051100001,0 86.5361145970001,21.7822012010001,0 86.5361467070001,21.782373153,0 86.536205898,21.782493479,0 86.536233747,21.782715211,0 86.5363566830001,21.7826965840001,0 86.5363477640001,21.7825232270001,0 86.536411779,21.7825175630001,0 86.5365044280001,21.782512555,0 86.536593069,21.782249881,0 86.5364950730001,21.7822716490001,0 86.536286305,21.782337209,0 86.536227802,21.7822051100001,0</coordinates></LinearRing></outerBoundaryIs></Polygon></MultiGeometry>
  </Placemark>
  <Placemark>
	<name>Placemark</name>
	<Style><LineStyle><color>ff0000ff</color></LineStyle><PolyStyle><fill>0</fill></PolyStyle></Style>
	<ExtendedData><SchemaData schemaUrl="#merged">
		<SimpleData name="OID_">0</SimpleData>
		<SimpleData name="FolderPath">L1.kml/_Polygons_</SimpleData>
		<SimpleData name="SymbolID">0</SimpleData>
		<SimpleData name="AltMode">0</SimpleData>
		<SimpleData name="Base">0.00000000000</SimpleData>
		<SimpleData name="Clamped">-1</SimpleData>
		<SimpleData name="Extruded">0</SimpleData>
		<SimpleData name="PopupInfo">&lt;html xmlns:fo=&quot;http://www.w3.org/1999/XSL/Format&quot; xmlns:msxsl=&quot;urn:schemas-microsoft-com:xslt&quot;&gt;
&lt;head&gt;
&lt;META http-equiv=&quot;Content-Type&quot; content=&quot;text/html&quot;&gt;
&lt;meta http-equiv=&quot;content-type&quot; content=&quot;text/html; charset=UTF-8&quot;&gt;
&lt;/head&gt;
&lt;body style=&quot;margin:0</SimpleData>
		<SimpleData name="Shape_Leng">0.00222356358</SimpleData>
		<SimpleData name="Shape_Area">0.00000016751</SimpleData>
		<SimpleData name="Plantation">Proposed</SimpleData>
		<SimpleData name="layer">Khunta_proposed</SimpleData>
		<SimpleData name="path">D:\Project\Shristi\4th_round\Khunta_proposed.shp</SimpleData>
	</SchemaData></ExtendedData>
      <MultiGeometry><Polygon><outerBoundaryIs><LinearRing><coordinates>86.5388611230001,21.7841248140001,0 86.538786455,21.7840420700001,0 86.5384962730001,21.7841540970001,0 86.537918324,21.784348317,0 86.5381134020001,21.784520683,0 86.538672074,21.7843125520001,0 86.5386431420001,21.7842199670001,0 86.5388611230001,21.7841248140001,0</coordinates></LinearRing></outerBoundaryIs></Polygon></MultiGeometry>
  </Placemark>
  <Placemark>
	<name>Placemark</name>
	<Style><LineStyle><color>ff0000ff</color></LineStyle><PolyStyle><fill>0</fill></PolyStyle></Style>
	<ExtendedData><SchemaData schemaUrl="#merged">
		<SimpleData name="OID_">0</SimpleData>
		<SimpleData name="FolderPath">L1.kml/_Polygons_</SimpleData>
		<SimpleData name="SymbolID">0</SimpleData>
		<SimpleData name="AltMode">0</SimpleData>
		<SimpleData name="Base">0.00000000000</SimpleData>
		<SimpleData name="Clamped">-1</SimpleData>
		<SimpleData name="Extruded">0</SimpleData>
		<SimpleData name="PopupInfo">&lt;html xmlns:fo=&quot;http://www.w3.org/1999/XSL/Format&quot; xmlns:msxsl=&quot;urn:schemas-microsoft-com:xslt&quot;&gt;
&lt;head&gt;
&lt;META http-equiv=&quot;Content-Type&quot; content=&quot;text/html&quot;&gt;
&lt;meta http-equiv=&quot;content-type&quot; content=&quot;text/html; charset=UTF-8&quot;&gt;
&lt;/head&gt;
&lt;body style=&quot;margin:0</SimpleData>
		<SimpleData name="Shape_Leng">0.00231737966</SimpleData>
		<SimpleData name="Shape_Area">0.00000029679</SimpleData>
		<SimpleData name="Plantation">Proposed</SimpleData>
		<SimpleData name="layer">Khunta_proposed</SimpleData>
		<SimpleData name="path">D:\Project\Shristi\4th_round\Khunta_proposed.shp</SimpleData>
	</SchemaData></ExtendedData>
      <MultiGeometry><Polygon><outerBoundaryIs><LinearRing><coordinates>86.5366089,21.7819839000001,0 86.536557046,21.781664861,0 86.5358014830001,21.781740928,0 86.5358828700001,21.7822082650001,0 86.5364254880001,21.782028199,0 86.5366089,21.7819839000001,0</coordinates></LinearRing></outerBoundaryIs></Polygon></MultiGeometry>
  </Placemark>
  <Placemark>
	<name>Placemark</name>
	<Style><LineStyle><color>ff0000ff</color></LineStyle><PolyStyle><fill>0</fill></PolyStyle></Style>
	<ExtendedData><SchemaData schemaUrl="#merged">
		<SimpleData name="OID_">0</SimpleData>
		<SimpleData name="FolderPath">L1.kml/_Polygons_</SimpleData>
		<SimpleData name="SymbolID">0</SimpleData>
		<SimpleData name="AltMode">0</SimpleData>
		<SimpleData name="Base">0.00000000000</SimpleData>
		<SimpleData name="Clamped">-1</SimpleData>
		<SimpleData name="Extruded">0</SimpleData>
		<SimpleData name="PopupInfo">&lt;html xmlns:fo=&quot;http://www.w3.org/1999/XSL/Format&quot; xmlns:msxsl=&quot;urn:schemas-microsoft-com:xslt&quot;&gt;
&lt;head&gt;
&lt;META http-equiv=&quot;Content-Type&quot; content=&quot;text/html&quot;&gt;
&lt;meta http-equiv=&quot;content-type&quot; content=&quot;text/html; charset=UTF-8&quot;&gt;
&lt;/head&gt;
&lt;body style=&quot;margin:0</SimpleData>
		<SimpleData name="Shape_Leng">0.00309342719</SimpleData>
		<SimpleData name="Shape_Area">0.00000030673</SimpleData>
		<SimpleData name="Plantation">Proposed</SimpleData>
		<SimpleData name="layer">Khunta_proposed</SimpleData>
		<SimpleData name="path">D:\Project\Shristi\4th_round\Khunta_proposed.shp</SimpleData>
	</SchemaData></ExtendedData>
      <MultiGeometry><Polygon><outerBoundaryIs><LinearRing><coordinates>86.5335930260001,21.7807368430001,0 86.5338008310001,21.7814508810001,0 86.5338917240001,21.781219471,0 86.5339889960001,21.781077544,0 86.5338947280001,21.780855769,0 86.5337009680001,21.7800586820001,0 86.5334930700001,21.7800864120001,0 86.5335930260001,21.7807368430001,0</coordinates></LinearRing></outerBoundaryIs></Polygon></MultiGeometry>
  </Placemark>
  <Placemark>
	<name>Placemark</name>
	<Style><LineStyle><color>ff0000ff</color></LineStyle><PolyStyle><fill>0</fill></PolyStyle></Style>
	<ExtendedData><SchemaData schemaUrl="#merged">
		<SimpleData name="OID_">0</SimpleData>
		<SimpleData name="FolderPath">L1.kml/_Polygons_</SimpleData>
		<SimpleData name="SymbolID">0</SimpleData>
		<SimpleData name="AltMode">0</SimpleData>
		<SimpleData name="Base">0.00000000000</SimpleData>
		<SimpleData name="Clamped">-1</SimpleData>
		<SimpleData name="Extruded">0</SimpleData>
		<SimpleData name="PopupInfo">&lt;html xmlns:fo=&quot;http://www.w3.org/1999/XSL/Format&quot; xmlns:msxsl=&quot;urn:schemas-microsoft-com:xslt&quot;&gt;
&lt;head&gt;
&lt;META http-equiv=&quot;Content-Type&quot; content=&quot;text/html&quot;&gt;
&lt;meta http-equiv=&quot;content-type&quot; content=&quot;text/html; charset=UTF-8&quot;&gt;
&lt;/head&gt;
&lt;body style=&quot;margin:0</SimpleData>
		<SimpleData name="Shape_Leng">0.00181543453</SimpleData>
		<SimpleData name="Shape_Area">0.00000020354</SimpleData>
		<SimpleData name="Plantation">Proposed</SimpleData>
		<SimpleData name="layer">Khunta_proposed</SimpleData>
		<SimpleData name="path">D:\Project\Shristi\4th_round\Khunta_proposed.shp</SimpleData>
	</SchemaData></ExtendedData>
      <MultiGeometry><Polygon><outerBoundaryIs><LinearRing><coordinates>86.5398540470001,21.789886186,0 86.5395728660001,21.7899413650001,0 86.539496758,21.7899534580001,0 86.5392708320001,21.7902537590001,0 86.5392951090001,21.7902995540001,0 86.5394336130001,21.790337365,0 86.53967606,21.7903163730001,0 86.539971344,21.7901712510001,0 86.5398540470001,21.789886186,0</coordinates></LinearRing></outerBoundaryIs></Polygon></MultiGeometry>
  </Placemark>
  <Placemark>
	<name>Placemark</name>
	<Style><LineStyle><color>ff0000ff</color></LineStyle><PolyStyle><fill>0</fill></PolyStyle></Style>
	<ExtendedData><SchemaData schemaUrl="#merged">
		<SimpleData name="OID_">0</SimpleData>
		<SimpleData name="FolderPath">L1.kml/_Polygons_</SimpleData>
		<SimpleData name="SymbolID">0</SimpleData>
		<SimpleData name="AltMode">0</SimpleData>
		<SimpleData name="Base">0.00000000000</SimpleData>
		<SimpleData name="Clamped">-1</SimpleData>
		<SimpleData name="Extruded">0</SimpleData>
		<SimpleData name="PopupInfo">&lt;html xmlns:fo=&quot;http://www.w3.org/1999/XSL/Format&quot; xmlns:msxsl=&quot;urn:schemas-microsoft-com:xslt&quot;&gt;
&lt;head&gt;
&lt;META http-equiv=&quot;Content-Type&quot; content=&quot;text/html&quot;&gt;
&lt;meta http-equiv=&quot;content-type&quot; content=&quot;text/html; charset=UTF-8&quot;&gt;
&lt;/head&gt;
&lt;body style=&quot;margin:0</SimpleData>
		<SimpleData name="Shape_Leng">0.00335743514</SimpleData>
		<SimpleData name="Shape_Area">0.00000029020</SimpleData>
		<SimpleData name="Plantation">Proposed</SimpleData>
		<SimpleData name="layer">Khunta_proposed</SimpleData>
		<SimpleData name="path">D:\Project\Shristi\4th_round\Khunta_proposed.shp</SimpleData>
	</SchemaData></ExtendedData>
      <MultiGeometry><Polygon><outerBoundaryIs><LinearRing><coordinates>86.5337587450001,21.7814013610001,0 86.5336835000001,21.7811902880001,0 86.533574248,21.780732314,0 86.53346099,21.7800669060001,0 86.533264783,21.7801003050001,0 86.5333537870001,21.780596861,0 86.5334381820001,21.781012161,0 86.5334909840001,21.781241105,0 86.533501179,21.781562455,0 86.5337587450001,21.7814013610001,0</coordinates></LinearRing></outerBoundaryIs></Polygon></MultiGeometry>
  </Placemark>
  <Placemark>
	<name>Placemark</name>
	<Style><LineStyle><color>ff0000ff</color></LineStyle><PolyStyle><fill>0</fill></PolyStyle></Style>
	<ExtendedData><SchemaData schemaUrl="#merged">
		<SimpleData name="OID_">0</SimpleData>
		<SimpleData name="FolderPath">L1.kml/_Polygons_</SimpleData>
		<SimpleData name="SymbolID">0</SimpleData>
		<SimpleData name="AltMode">0</SimpleData>
		<SimpleData name="Base">0.00000000000</SimpleData>
		<SimpleData name="Clamped">-1</SimpleData>
		<SimpleData name="Extruded">0</SimpleData>
		<SimpleData name="PopupInfo">&lt;html xmlns:fo=&quot;http://www.w3.org/1999/XSL/Format&quot; xmlns:msxsl=&quot;urn:schemas-microsoft-com:xslt&quot;&gt;
&lt;head&gt;
&lt;META http-equiv=&quot;Content-Type&quot; content=&quot;text/html&quot;&gt;
&lt;meta http-equiv=&quot;content-type&quot; content=&quot;text/html; charset=UTF-8&quot;&gt;
&lt;/head&gt;
&lt;body style=&quot;margin:0</SimpleData>
		<SimpleData name="Shape_Leng">0.00144873096</SimpleData>
		<SimpleData name="Shape_Area">0.00000007887</SimpleData>
		<SimpleData name="Plantation">Proposed</SimpleData>
		<SimpleData name="layer">Khunta_proposed</SimpleData>
		<SimpleData name="path">D:\Project\Shristi\4th_round\Khunta_proposed.shp</SimpleData>
	</SchemaData></ExtendedData>
      <MultiGeometry><Polygon><outerBoundaryIs><LinearRing><coordinates>86.535622828,21.7482904710001,0 86.5359696080001,21.748211423,0 86.5360120500001,21.748062142,0 86.535715979,21.7481242900001,0 86.5353991000001,21.748223313,0 86.5354684750001,21.7483446410001,0 86.535622828,21.7482904710001,0</coordinates></LinearRing></outerBoundaryIs></Polygon></MultiGeometry>
  </Placemark>
  <Placemark>
	<name>Placemark</name>
	<Style><LineStyle><color>ff0000ff</color></LineStyle><PolyStyle><fill>0</fill></PolyStyle></Style>
	<ExtendedData><SchemaData schemaUrl="#merged">
		<SimpleData name="OID_">0</SimpleData>
		<SimpleData name="FolderPath">L1.kml/_Polygons_</SimpleData>
		<SimpleData name="SymbolID">0</SimpleData>
		<SimpleData name="AltMode">0</SimpleData>
		<SimpleData name="Base">0.00000000000</SimpleData>
		<SimpleData name="Clamped">-1</SimpleData>
		<SimpleData name="Extruded">0</SimpleData>
		<SimpleData name="PopupInfo">&lt;html xmlns:fo=&quot;http://www.w3.org/1999/XSL/Format&quot; xmlns:msxsl=&quot;urn:schemas-microsoft-com:xslt&quot;&gt;
&lt;head&gt;
&lt;META http-equiv=&quot;Content-Type&quot; content=&quot;text/html&quot;&gt;
&lt;meta http-equiv=&quot;content-type&quot; content=&quot;text/html; charset=UTF-8&quot;&gt;
&lt;/head&gt;
&lt;body style=&quot;margin:0</SimpleData>
		<SimpleData name="Shape_Leng">0.00533610059</SimpleData>
		<SimpleData name="Shape_Area">0.00000161109</SimpleData>
		<SimpleData name="Plantation">Proposed</SimpleData>
		<SimpleData name="layer">Khunta_proposed</SimpleData>
		<SimpleData name="path">D:\Project\Shristi\4th_round\Khunta_proposed.shp</SimpleData>
	</SchemaData></ExtendedData>
      <MultiGeometry><Polygon><outerBoundaryIs><LinearRing><coordinates>86.5298005270001,21.743508761,0 86.5306961590001,21.743322811,0 86.5306195060001,21.7430617910001,0 86.5308910910001,21.7429241880001,0 86.5304836400001,21.742241012,0 86.530235588,21.7422825260001,0 86.529988518,21.7418899050001,0 86.5296995950001,21.741871894,0 86.52924196,21.742065391,0 86.5298005270001,21.743508761,0</coordinates></LinearRing></outerBoundaryIs></Polygon></MultiGeometry>
  </Placemark>
  <Placemark>
	<name>Placemark</name>
	<Style><LineStyle><color>ff0000ff</color></LineStyle><PolyStyle><fill>0</fill></PolyStyle></Style>
	<ExtendedData><SchemaData schemaUrl="#merged">
		<SimpleData name="OID_">0</SimpleData>
		<SimpleData name="FolderPath">L1.kml/_Polygons_</SimpleData>
		<SimpleData name="SymbolID">0</SimpleData>
		<SimpleData name="AltMode">0</SimpleData>
		<SimpleData name="Base">0.00000000000</SimpleData>
		<SimpleData name="Clamped">-1</SimpleData>
		<SimpleData name="Extruded">0</SimpleData>
		<SimpleData name="PopupInfo">&lt;html xmlns:fo=&quot;http://www.w3.org/1999/XSL/Format&quot; xmlns:msxsl=&quot;urn:schemas-microsoft-com:xslt&quot;&gt;
&lt;head&gt;
&lt;META http-equiv=&quot;Content-Type&quot; content=&quot;text/html&quot;&gt;
&lt;meta http-equiv=&quot;content-type&quot; content=&quot;text/html; charset=UTF-8&quot;&gt;
&lt;/head&gt;
&lt;body style=&quot;margin:0</SimpleData>
		<SimpleData name="Shape_Leng">0.00112539368</SimpleData>
		<SimpleData name="Shape_Area">0.00000006106</SimpleData>
		<SimpleData name="Plantation">Proposed</SimpleData>
		<SimpleData name="layer">Khunta_proposed</SimpleData>
		<SimpleData name="path">D:\Project\Shristi\4th_round\Khunta_proposed.shp</SimpleData>
	</SchemaData></ExtendedData>
      <MultiGeometry><Polygon><outerBoundaryIs><LinearRing><coordinates>86.5296532,21.7440991,0 86.5297734860001,21.7441351590001,0 86.529789776,21.743952569,0 86.5293845880001,21.743880716,0 86.5293771500001,21.743987815,0 86.5296532,21.7440991,0</coordinates></LinearRing></outerBoundaryIs></Polygon></MultiGeometry>
  </Placemark>
  <Placemark>
	<name>Placemark</name>
	<Style><LineStyle><color>ff0000ff</color></LineStyle><PolyStyle><fill>0</fill></PolyStyle></Style>
	<ExtendedData><SchemaData schemaUrl="#merged">
		<SimpleData name="OID_">0</SimpleData>
		<SimpleData name="FolderPath">L1.kml/_Polygons_</SimpleData>
		<SimpleData name="SymbolID">0</SimpleData>
		<SimpleData name="AltMode">0</SimpleData>
		<SimpleData name="Base">0.00000000000</SimpleData>
		<SimpleData name="Clamped">-1</SimpleData>
		<SimpleData name="Extruded">0</SimpleData>
		<SimpleData name="PopupInfo">&lt;html xmlns:fo=&quot;http://www.w3.org/1999/XSL/Format&quot; xmlns:msxsl=&quot;urn:schemas-microsoft-com:xslt&quot;&gt;
&lt;head&gt;
&lt;META http-equiv=&quot;Content-Type&quot; content=&quot;text/html&quot;&gt;
&lt;meta http-equiv=&quot;content-type&quot; content=&quot;text/html; charset=UTF-8&quot;&gt;
&lt;/head&gt;
&lt;body style=&quot;margin:0</SimpleData>
		<SimpleData name="Shape_Leng">0.00729967914</SimpleData>
		<SimpleData name="Shape_Area">0.00000318345</SimpleData>
		<SimpleData name="Plantation">Proposed</SimpleData>
		<SimpleData name="layer">Khunta_proposed</SimpleData>
		<SimpleData name="path">D:\Project\Shristi\4th_round\Khunta_proposed.shp</SimpleData>
	</SchemaData></ExtendedData>
      <MultiGeometry><Polygon><outerBoundaryIs><LinearRing><coordinates>86.529991421,21.743978435,0 86.530168943,21.7442612240001,0 86.5301459010001,21.7444289430001,0 86.530140864,21.744500288,0 86.530219446,21.7446651180001,0 86.5306048400001,21.7453472720001,0 86.5310103090001,21.7453610490001,0 86.5321806850001,21.745067007,0 86.5317378220001,21.7442908140001,0 86.531690799,21.744005111,0 86.5314104660001,21.7431806070001,0 86.530646172,21.7433687970001,0 86.5298251830001,21.7435433970001,0 86.529945189,21.743873165,0 86.529991421,21.743978435,0</coordinates></LinearRing></outerBoundaryIs></Polygon></MultiGeometry>
  </Placemark>
  <Placemark>
	<name>Placemark</name>
	<Style><LineStyle><color>ff0000ff</color></LineStyle><PolyStyle><fill>0</fill></PolyStyle></Style>
	<ExtendedData><SchemaData schemaUrl="#merged">
		<SimpleData name="OID_">0</SimpleData>
		<SimpleData name="FolderPath">L1.kml/_Polygons_</SimpleData>
		<SimpleData name="SymbolID">0</SimpleData>
		<SimpleData name="AltMode">0</SimpleData>
		<SimpleData name="Base">0.00000000000</SimpleData>
		<SimpleData name="Clamped">-1</SimpleData>
		<SimpleData name="Extruded">0</SimpleData>
		<SimpleData name="PopupInfo">&lt;html xmlns:fo=&quot;http://www.w3.org/1999/XSL/Format&quot; xmlns:msxsl=&quot;urn:schemas-microsoft-com:xslt&quot;&gt;
&lt;head&gt;
&lt;META http-equiv=&quot;Content-Type&quot; content=&quot;text/html&quot;&gt;
&lt;meta http-equiv=&quot;content-type&quot; content=&quot;text/html; charset=UTF-8&quot;&gt;
&lt;/head&gt;
&lt;body style=&quot;margin:0</SimpleData>
		<SimpleData name="Shape_Leng">0.00391259855</SimpleData>
		<SimpleData name="Shape_Area">0.00000061158</SimpleData>
		<SimpleData name="Plantation">Proposed</SimpleData>
		<SimpleData name="layer">Khunta_proposed</SimpleData>
		<SimpleData name="path">D:\Project\Shristi\4th_round\Khunta_proposed.shp</SimpleData>
	</SchemaData></ExtendedData>
      <MultiGeometry><Polygon><outerBoundaryIs><LinearRing><coordinates>86.5399604140001,21.7489637620001,0 86.5405844840001,21.748875884,0 86.5408522430001,21.748790887,0 86.540752319,21.7485641530001,0 86.5403961390001,21.7479246250001,0 86.5401393290001,21.747948362,0 86.5402667320001,21.7484430210001,0 86.5399997650001,21.748501124,0 86.5399486690001,21.74836386,0 86.5397221140001,21.74841113,0 86.5399604140001,21.7489637620001,0</coordinates></LinearRing></outerBoundaryIs></Polygon></MultiGeometry>
  </Placemark>
  <Placemark>
	<name>Placemark</name>
	<Style><LineStyle><color>ff0000ff</color></LineStyle><PolyStyle><fill>0</fill></PolyStyle></Style>
	<ExtendedData><SchemaData schemaUrl="#merged">
		<SimpleData name="OID_">0</SimpleData>
		<SimpleData name="FolderPath">L1.kml/_Polygons_</SimpleData>
		<SimpleData name="SymbolID">0</SimpleData>
		<SimpleData name="AltMode">0</SimpleData>
		<SimpleData name="Base">0.00000000000</SimpleData>
		<SimpleData name="Clamped">-1</SimpleData>
		<SimpleData name="Extruded">0</SimpleData>
		<SimpleData name="PopupInfo">&lt;html xmlns:fo=&quot;http://www.w3.org/1999/XSL/Format&quot; xmlns:msxsl=&quot;urn:schemas-microsoft-com:xslt&quot;&gt;
&lt;head&gt;
&lt;META http-equiv=&quot;Content-Type&quot; content=&quot;text/html&quot;&gt;
&lt;meta http-equiv=&quot;content-type&quot; content=&quot;text/html; charset=UTF-8&quot;&gt;
&lt;/head&gt;
&lt;body style=&quot;margin:0</SimpleData>
		<SimpleData name="Shape_Leng">0.00212701549</SimpleData>
		<SimpleData name="Shape_Area">0.00000023963</SimpleData>
		<SimpleData name="Plantation">Proposed</SimpleData>
		<SimpleData name="layer">Khunta_proposed</SimpleData>
		<SimpleData name="path">D:\Project\Shristi\4th_round\Khunta_proposed.shp</SimpleData>
	</SchemaData></ExtendedData>
      <MultiGeometry><Polygon><outerBoundaryIs><LinearRing><coordinates>86.5275694490001,21.746758298,0 86.5273016370001,21.7468766910001,0 86.5276386670001,21.747422923,0 86.528051593,21.7472798160001,0 86.527863402,21.747153978,0 86.527757884,21.746854791,0 86.5275694490001,21.746758298,0</coordinates></LinearRing></outerBoundaryIs></Polygon></MultiGeometry>
  </Placemark>
  <Placemark>
	<name>Placemark</name>
	<Style><LineStyle><color>ff0000ff</color></LineStyle><PolyStyle><fill>0</fill></PolyStyle></Style>
	<ExtendedData><SchemaData schemaUrl="#merged">
		<SimpleData name="OID_">0</SimpleData>
		<SimpleData name="FolderPath">L1.kml/_Polygons_</SimpleData>
		<SimpleData name="SymbolID">0</SimpleData>
		<SimpleData name="AltMode">0</SimpleData>
		<SimpleData name="Base">0.00000000000</SimpleData>
		<SimpleData name="Clamped">-1</SimpleData>
		<SimpleData name="Extruded">0</SimpleData>
		<SimpleData name="PopupInfo">&lt;html xmlns:fo=&quot;http://www.w3.org/1999/XSL/Format&quot; xmlns:msxsl=&quot;urn:schemas-microsoft-com:xslt&quot;&gt;
&lt;head&gt;
&lt;META http-equiv=&quot;Content-Type&quot; content=&quot;text/html&quot;&gt;
&lt;meta http-equiv=&quot;content-type&quot; content=&quot;text/html; charset=UTF-8&quot;&gt;
&lt;/head&gt;
&lt;body style=&quot;margin:0</SimpleData>
		<SimpleData name="Shape_Leng">0.00416656210</SimpleData>
		<SimpleData name="Shape_Area">0.00000068862</SimpleData>
		<SimpleData name="Plantation">Proposed</SimpleData>
		<SimpleData name="layer">Khunta_proposed</SimpleData>
		<SimpleData name="path">D:\Project\Shristi\4th_round\Khunta_proposed.shp</SimpleData>
	</SchemaData></ExtendedData>
      <MultiGeometry><Polygon><outerBoundaryIs><LinearRing><coordinates>86.5298314510001,21.744161306,0 86.529721302,21.744150878,0 86.5293868460001,21.7440049570001,0 86.5292497090001,21.7439892950001,0 86.5291495590001,21.7440582680001,0 86.5289867380001,21.744132693,0 86.5289012360001,21.7440633780001,0 86.528990504,21.7439180480001,0 86.5288740290001,21.7438986490001,0 86.528536682,21.74395901,0 86.5286913990001,21.744394119,0 86.5287337410001,21.744665341,0 86.5289520530001,21.7446091940001,0 86.5291456740001,21.744694054,0 86.5292351310001,21.744624953,0 86.529495775,21.744644378,0 86.5296601790001,21.7445263120001,0 86.5298768040001,21.7445652850001,0 86.5299263270001,21.7444793600001,0 86.5298254680001,21.744437932,0 86.5297478100001,21.744222306,0 86.5298314510001,21.744161306,0</coordinates></LinearRing></outerBoundaryIs></Polygon></MultiGeometry>
  </Placemark>
  <Placemark>
	<name>Placemark</name>
	<Style><LineStyle><color>ff0000ff</color></LineStyle><PolyStyle><fill>0</fill></PolyStyle></Style>
	<ExtendedData><SchemaData schemaUrl="#merged">
		<SimpleData name="OID_">0</SimpleData>
		<SimpleData name="FolderPath">L1.kml/_Polygons_</SimpleData>
		<SimpleData name="SymbolID">0</SimpleData>
		<SimpleData name="AltMode">0</SimpleData>
		<SimpleData name="Base">0.00000000000</SimpleData>
		<SimpleData name="Clamped">-1</SimpleData>
		<SimpleData name="Extruded">0</SimpleData>
		<SimpleData name="PopupInfo">&lt;html xmlns:fo=&quot;http://www.w3.org/1999/XSL/Format&quot; xmlns:msxsl=&quot;urn:schemas-microsoft-com:xslt&quot;&gt;
&lt;head&gt;
&lt;META http-equiv=&quot;Content-Type&quot; content=&quot;text/html&quot;&gt;
&lt;meta http-equiv=&quot;content-type&quot; content=&quot;text/html; charset=UTF-8&quot;&gt;
&lt;/head&gt;
&lt;body style=&quot;margin:0</SimpleData>
		<SimpleData name="Shape_Leng">0.00147545873</SimpleData>
		<SimpleData name="Shape_Area">0.00000007773</SimpleData>
		<SimpleData name="Plantation">Proposed</SimpleData>
		<SimpleData name="layer">Khunta_proposed</SimpleData>
		<SimpleData name="path">D:\Project\Shristi\4th_round\Khunta_proposed.shp</SimpleData>
	</SchemaData></ExtendedData>
      <MultiGeometry><Polygon><outerBoundaryIs><LinearRing><coordinates>86.5286154880001,21.744223031,0 86.5285186830001,21.7439586360001,0 86.5283570510001,21.7439322880001,0 86.5285907860001,21.7445335950001,0 86.528682857,21.7445030220001,0 86.5286154880001,21.744223031,0</coordinates></LinearRing></outerBoundaryIs></Polygon></MultiGeometry>
  </Placemark>
  <Placemark>
	<name>Placemark</name>
	<Style><LineStyle><color>ff0000ff</color></LineStyle><PolyStyle><fill>0</fill></PolyStyle></Style>
	<ExtendedData><SchemaData schemaUrl="#merged">
		<SimpleData name="OID_">0</SimpleData>
		<SimpleData name="FolderPath">L1.kml/_Polygons_</SimpleData>
		<SimpleData name="SymbolID">0</SimpleData>
		<SimpleData name="AltMode">0</SimpleData>
		<SimpleData name="Base">0.00000000000</SimpleData>
		<SimpleData name="Clamped">-1</SimpleData>
		<SimpleData name="Extruded">0</SimpleData>
		<SimpleData name="PopupInfo">&lt;html xmlns:fo=&quot;http://www.w3.org/1999/XSL/Format&quot; xmlns:msxsl=&quot;urn:schemas-microsoft-com:xslt&quot;&gt;
&lt;head&gt;
&lt;META http-equiv=&quot;Content-Type&quot; content=&quot;text/html&quot;&gt;
&lt;meta http-equiv=&quot;content-type&quot; content=&quot;text/html; charset=UTF-8&quot;&gt;
&lt;/head&gt;
&lt;body style=&quot;margin:0</SimpleData>
		<SimpleData name="Shape_Leng">0.00109587345</SimpleData>
		<SimpleData name="Shape_Area">0.00000006724</SimpleData>
		<SimpleData name="Plantation">Proposed</SimpleData>
		<SimpleData name="layer">Khunta_proposed</SimpleData>
		<SimpleData name="path">D:\Project\Shristi\4th_round\Khunta_proposed.shp</SimpleData>
	</SchemaData></ExtendedData>
      <MultiGeometry><Polygon><outerBoundaryIs><LinearRing><coordinates>86.530042742,21.744086779,0 86.5297730510001,21.744232916,0 86.5298534,21.7444295,0 86.529934811,21.7444571660001,0 86.5300582850001,21.7443549270001,0 86.5300154330001,21.7442557580001,0 86.5300932320001,21.74420759,0 86.530042742,21.744086779,0</coordinates></LinearRing></outerBoundaryIs></Polygon></MultiGeometry>
  </Placemark>
  <Placemark>
	<name>Placemark</name>
	<Style><LineStyle><color>ff0000ff</color></LineStyle><PolyStyle><fill>0</fill></PolyStyle></Style>
	<ExtendedData><SchemaData schemaUrl="#merged">
		<SimpleData name="OID_">0</SimpleData>
		<SimpleData name="FolderPath">L1.kml/_Polygons_</SimpleData>
		<SimpleData name="SymbolID">0</SimpleData>
		<SimpleData name="AltMode">0</SimpleData>
		<SimpleData name="Base">0.00000000000</SimpleData>
		<SimpleData name="Clamped">-1</SimpleData>
		<SimpleData name="Extruded">0</SimpleData>
		<SimpleData name="PopupInfo">&lt;html xmlns:fo=&quot;http://www.w3.org/1999/XSL/Format&quot; xmlns:msxsl=&quot;urn:schemas-microsoft-com:xslt&quot;&gt;
&lt;head&gt;
&lt;META http-equiv=&quot;Content-Type&quot; content=&quot;text/html&quot;&gt;
&lt;meta http-equiv=&quot;content-type&quot; content=&quot;text/html; charset=UTF-8&quot;&gt;
&lt;/head&gt;
&lt;body style=&quot;margin:0</SimpleData>
		<SimpleData name="Shape_Leng">0.00219603912</SimpleData>
		<SimpleData name="Shape_Area">0.00000029455</SimpleData>
		<SimpleData name="Plantation">Proposed</SimpleData>
		<SimpleData name="layer">Khunta_proposed</SimpleData>
		<SimpleData name="path">D:\Project\Shristi\4th_round\Khunta_proposed.shp</SimpleData>
	</SchemaData></ExtendedData>
      <MultiGeometry><Polygon><outerBoundaryIs><LinearRing><coordinates>86.5566827690001,21.7560255340001,0 86.556805141,21.75653601,0 86.55742494,21.7563631560001,0 86.557343738,21.7561996370001,0 86.5572242630001,21.7559297240001,0 86.5566827690001,21.7560255340001,0</coordinates></LinearRing></outerBoundaryIs></Polygon></MultiGeometry>
  </Placemark>
  <Placemark>
	<name>Placemark</name>
	<Style><LineStyle><color>ff0000ff</color></LineStyle><PolyStyle><fill>0</fill></PolyStyle></Style>
	<ExtendedData><SchemaData schemaUrl="#merged">
		<SimpleData name="OID_">0</SimpleData>
		<SimpleData name="FolderPath">L1.kml/_Polygons_</SimpleData>
		<SimpleData name="SymbolID">0</SimpleData>
		<SimpleData name="AltMode">0</SimpleData>
		<SimpleData name="Base">0.00000000000</SimpleData>
		<SimpleData name="Clamped">-1</SimpleData>
		<SimpleData name="Extruded">0</SimpleData>
		<SimpleData name="PopupInfo">&lt;html xmlns:fo=&quot;http://www.w3.org/1999/XSL/Format&quot; xmlns:msxsl=&quot;urn:schemas-microsoft-com:xslt&quot;&gt;
&lt;head&gt;
&lt;META http-equiv=&quot;Content-Type&quot; content=&quot;text/html&quot;&gt;
&lt;meta http-equiv=&quot;content-type&quot; content=&quot;text/html; charset=UTF-8&quot;&gt;
&lt;/head&gt;
&lt;body style=&quot;margin:0</SimpleData>
		<SimpleData name="Shape_Leng">0.00156765529</SimpleData>
		<SimpleData name="Shape_Area">0.00000015891</SimpleData>
		<SimpleData name="Plantation">Proposed</SimpleData>
		<SimpleData name="layer">Khunta_proposed</SimpleData>
		<SimpleData name="path">D:\Project\Shristi\4th_round\Khunta_proposed.shp</SimpleData>
	</SchemaData></ExtendedData>
      <MultiGeometry><Polygon><outerBoundaryIs><LinearRing><coordinates>86.5528553120001,21.758379758,0 86.5530229670001,21.7586209580001,0 86.5533946250001,21.758408457,0 86.5532240410001,21.7580972440001,0 86.5528847560001,21.7582769210001,0 86.5528553120001,21.758379758,0</coordinates></LinearRing></outerBoundaryIs></Polygon></MultiGeometry>
  </Placemark>
  <Placemark>
	<name>Placemark</name>
	<Style><LineStyle><color>ff0000ff</color></LineStyle><PolyStyle><fill>0</fill></PolyStyle></Style>
	<ExtendedData><SchemaData schemaUrl="#merged">
		<SimpleData name="OID_">0</SimpleData>
		<SimpleData name="FolderPath">L1.kml/_Polygons_</SimpleData>
		<SimpleData name="SymbolID">0</SimpleData>
		<SimpleData name="AltMode">0</SimpleData>
		<SimpleData name="Base">0.00000000000</SimpleData>
		<SimpleData name="Clamped">-1</SimpleData>
		<SimpleData name="Extruded">0</SimpleData>
		<SimpleData name="PopupInfo">&lt;html xmlns:fo=&quot;http://www.w3.org/1999/XSL/Format&quot; xmlns:msxsl=&quot;urn:schemas-microsoft-com:xslt&quot;&gt;
&lt;head&gt;
&lt;META http-equiv=&quot;Content-Type&quot; content=&quot;text/html&quot;&gt;
&lt;meta http-equiv=&quot;content-type&quot; content=&quot;text/html; charset=UTF-8&quot;&gt;
&lt;/head&gt;
&lt;body style=&quot;margin:0</SimpleData>
		<SimpleData name="Shape_Leng">0.00229357852</SimpleData>
		<SimpleData name="Shape_Area">0.00000030734</SimpleData>
		<SimpleData name="Plantation">Proposed</SimpleData>
		<SimpleData name="layer">Khunta_proposed</SimpleData>
		<SimpleData name="path">D:\Project\Shristi\4th_round\Khunta_proposed.shp</SimpleData>
	</SchemaData></ExtendedData>
      <MultiGeometry><Polygon><outerBoundaryIs><LinearRing><coordinates>86.557790432,21.7559206130001,0 86.5574760110001,21.7554227630001,0 86.55701645,21.755448933,0 86.557328693,21.75612068,0 86.5574784570001,21.756066677,0 86.557790432,21.7559206130001,0</coordinates></LinearRing></outerBoundaryIs></Polygon></MultiGeometry>
  </Placemark>
  <Placemark>
	<name>Placemark</name>
	<Style><LineStyle><color>ff0000ff</color></LineStyle><PolyStyle><fill>0</fill></PolyStyle></Style>
	<ExtendedData><SchemaData schemaUrl="#merged">
		<SimpleData name="OID_">0</SimpleData>
		<SimpleData name="FolderPath">L1.kml/_Polygons_</SimpleData>
		<SimpleData name="SymbolID">0</SimpleData>
		<SimpleData name="AltMode">0</SimpleData>
		<SimpleData name="Base">0.00000000000</SimpleData>
		<SimpleData name="Clamped">-1</SimpleData>
		<SimpleData name="Extruded">0</SimpleData>
		<SimpleData name="PopupInfo">&lt;html xmlns:fo=&quot;http://www.w3.org/1999/XSL/Format&quot; xmlns:msxsl=&quot;urn:schemas-microsoft-com:xslt&quot;&gt;
&lt;head&gt;
&lt;META http-equiv=&quot;Content-Type&quot; content=&quot;text/html&quot;&gt;
&lt;meta http-equiv=&quot;content-type&quot; content=&quot;text/html; charset=UTF-8&quot;&gt;
&lt;/head&gt;
&lt;body style=&quot;margin:0</SimpleData>
		<SimpleData name="Shape_Leng">0.00324209788</SimpleData>
		<SimpleData name="Shape_Area">0.00000066001</SimpleData>
		<SimpleData name="Plantation">Proposed</SimpleData>
		<SimpleData name="layer">Khunta_proposed</SimpleData>
		<SimpleData name="path">D:\Project\Shristi\4th_round\Khunta_proposed.shp</SimpleData>
	</SchemaData></ExtendedData>
      <MultiGeometry><Polygon><outerBoundaryIs><LinearRing><coordinates>86.5505657510001,21.7642063430001,0 86.5514012520001,21.7639096390001,0 86.551193245,21.763239825,0 86.5507032890001,21.763377319,0 86.550310666,21.763528486,0 86.5504065000001,21.7638094000001,0 86.5505657510001,21.7642063430001,0</coordinates></LinearRing></outerBoundaryIs></Polygon></MultiGeometry>
  </Placemark>
  <Placemark>
	<name>Placemark</name>
	<Style><LineStyle><color>ff0000ff</color></LineStyle><PolyStyle><fill>0</fill></PolyStyle></Style>
	<ExtendedData><SchemaData schemaUrl="#merged">
		<SimpleData name="OID_">0</SimpleData>
		<SimpleData name="FolderPath">L1.kml/_Polygons_</SimpleData>
		<SimpleData name="SymbolID">0</SimpleData>
		<SimpleData name="AltMode">0</SimpleData>
		<SimpleData name="Base">0.00000000000</SimpleData>
		<SimpleData name="Clamped">-1</SimpleData>
		<SimpleData name="Extruded">0</SimpleData>
		<SimpleData name="PopupInfo">&lt;html xmlns:fo=&quot;http://www.w3.org/1999/XSL/Format&quot; xmlns:msxsl=&quot;urn:schemas-microsoft-com:xslt&quot;&gt;
&lt;head&gt;
&lt;META http-equiv=&quot;Content-Type&quot; content=&quot;text/html&quot;&gt;
&lt;meta http-equiv=&quot;content-type&quot; content=&quot;text/html; charset=UTF-8&quot;&gt;
&lt;/head&gt;
&lt;body style=&quot;margin:0</SimpleData>
		<SimpleData name="Shape_Leng">0.00264962523</SimpleData>
		<SimpleData name="Shape_Area">0.00000042878</SimpleData>
		<SimpleData name="Plantation">Proposed</SimpleData>
		<SimpleData name="layer">Khunta_proposed</SimpleData>
		<SimpleData name="path">D:\Project\Shristi\4th_round\Khunta_proposed.shp</SimpleData>
	</SchemaData></ExtendedData>
      <MultiGeometry><Polygon><outerBoundaryIs><LinearRing><coordinates>86.5330244950001,21.7817732930001,0 86.5334384880001,21.781647236,0 86.533478157,21.781318116,0 86.5334088980001,21.7809829020001,0 86.5330416030001,21.781077827,0 86.532759872,21.781176142,0 86.532609355,21.781406797,0 86.5328871630001,21.7815165010001,0 86.5330244950001,21.7817732930001,0</coordinates></LinearRing></outerBoundaryIs></Polygon></MultiGeometry>
  </Placemark>
  <Placemark>
	<name>Placemark</name>
	<Style><LineStyle><color>ff0000ff</color></LineStyle><PolyStyle><fill>0</fill></PolyStyle></Style>
	<ExtendedData><SchemaData schemaUrl="#merged">
		<SimpleData name="OID_">0</SimpleData>
		<SimpleData name="FolderPath">L1.kml/_Polygons_</SimpleData>
		<SimpleData name="SymbolID">0</SimpleData>
		<SimpleData name="AltMode">0</SimpleData>
		<SimpleData name="Base">0.00000000000</SimpleData>
		<SimpleData name="Clamped">-1</SimpleData>
		<SimpleData name="Extruded">0</SimpleData>
		<SimpleData name="PopupInfo">&lt;html xmlns:fo=&quot;http://www.w3.org/1999/XSL/Format&quot; xmlns:msxsl=&quot;urn:schemas-microsoft-com:xslt&quot;&gt;
&lt;head&gt;
&lt;META http-equiv=&quot;Content-Type&quot; content=&quot;text/html&quot;&gt;
&lt;meta http-equiv=&quot;content-type&quot; content=&quot;text/html; charset=UTF-8&quot;&gt;
&lt;/head&gt;
&lt;body style=&quot;margin:0</SimpleData>
		<SimpleData name="Shape_Leng">0.00453841975</SimpleData>
		<SimpleData name="Shape_Area">0.00000110550</SimpleData>
		<SimpleData name="Plantation">Proposed</SimpleData>
		<SimpleData name="layer">Khunta_proposed</SimpleData>
		<SimpleData name="path">D:\Project\Shristi\4th_round\Khunta_proposed.shp</SimpleData>
	</SchemaData></ExtendedData>
      <MultiGeometry><Polygon><outerBoundaryIs><LinearRing><coordinates>86.5543837210001,21.760842401,0 86.5548500130001,21.761399112,0 86.555971196,21.760316329,0 86.555631449,21.759888335,0 86.5550674620001,21.760233031,0 86.5546702,21.7604758000001,0 86.5544144360001,21.76059343,0 86.5544807520001,21.7607194920001,0 86.5543837210001,21.760842401,0</coordinates></LinearRing></outerBoundaryIs></Polygon></MultiGeometry>
  </Placemark>
  <Placemark>
	<name>Placemark</name>
	<Style><LineStyle><color>ff0000ff</color></LineStyle><PolyStyle><fill>0</fill></PolyStyle></Style>
	<ExtendedData><SchemaData schemaUrl="#merged">
		<SimpleData name="OID_">0</SimpleData>
		<SimpleData name="FolderPath">L1.kml/_Polygons_</SimpleData>
		<SimpleData name="SymbolID">0</SimpleData>
		<SimpleData name="AltMode">0</SimpleData>
		<SimpleData name="Base">0.00000000000</SimpleData>
		<SimpleData name="Clamped">-1</SimpleData>
		<SimpleData name="Extruded">0</SimpleData>
		<SimpleData name="PopupInfo">&lt;html xmlns:fo=&quot;http://www.w3.org/1999/XSL/Format&quot; xmlns:msxsl=&quot;urn:schemas-microsoft-com:xslt&quot;&gt;
&lt;head&gt;
&lt;META http-equiv=&quot;Content-Type&quot; content=&quot;text/html&quot;&gt;
&lt;meta http-equiv=&quot;content-type&quot; content=&quot;text/html; charset=UTF-8&quot;&gt;
&lt;/head&gt;
&lt;body style=&quot;margin:0</SimpleData>
		<SimpleData name="Shape_Leng">0.00155487228</SimpleData>
		<SimpleData name="Shape_Area">0.00000015330</SimpleData>
		<SimpleData name="Plantation">Proposed</SimpleData>
		<SimpleData name="layer">Khunta_proposed</SimpleData>
		<SimpleData name="path">D:\Project\Shristi\4th_round\Khunta_proposed.shp</SimpleData>
	</SchemaData></ExtendedData>
      <MultiGeometry><Polygon><outerBoundaryIs><LinearRing><coordinates>86.552834208,21.7583953860001,0 86.5527706,21.7584248000001,0 86.5527048960001,21.7584564840001,0 86.552477093,21.7585782460001,0 86.5525420640001,21.7588571150001,0 86.552636132,21.7588775940001,0 86.5530251330001,21.758656579,0 86.552834208,21.7583953860001,0</coordinates></LinearRing></outerBoundaryIs></Polygon></MultiGeometry>
  </Placemark>
  <Placemark>
	<name>Placemark</name>
	<Style><LineStyle><color>ff0000ff</color></LineStyle><PolyStyle><fill>0</fill></PolyStyle></Style>
	<ExtendedData><SchemaData schemaUrl="#merged">
		<SimpleData name="OID_">0</SimpleData>
		<SimpleData name="FolderPath">L1.kml/_Polygons_</SimpleData>
		<SimpleData name="SymbolID">0</SimpleData>
		<SimpleData name="AltMode">0</SimpleData>
		<SimpleData name="Base">0.00000000000</SimpleData>
		<SimpleData name="Clamped">-1</SimpleData>
		<SimpleData name="Extruded">0</SimpleData>
		<SimpleData name="PopupInfo">&lt;html xmlns:fo=&quot;http://www.w3.org/1999/XSL/Format&quot; xmlns:msxsl=&quot;urn:schemas-microsoft-com:xslt&quot;&gt;
&lt;head&gt;
&lt;META http-equiv=&quot;Content-Type&quot; content=&quot;text/html&quot;&gt;
&lt;meta http-equiv=&quot;content-type&quot; content=&quot;text/html; charset=UTF-8&quot;&gt;
&lt;/head&gt;
&lt;body style=&quot;margin:0</SimpleData>
		<SimpleData name="Shape_Leng">0.00188797747</SimpleData>
		<SimpleData name="Shape_Area">0.00000022705</SimpleData>
		<SimpleData name="Plantation">Proposed</SimpleData>
		<SimpleData name="layer">Khunta_proposed</SimpleData>
		<SimpleData name="path">D:\Project\Shristi\4th_round\Khunta_proposed.shp</SimpleData>
	</SchemaData></ExtendedData>
      <MultiGeometry><Polygon><outerBoundaryIs><LinearRing><coordinates>86.5573386460001,21.7561512730001,0 86.5574481180001,21.7563617540001,0 86.5576222290001,21.7565363800001,0 86.5580055630001,21.756377495,0 86.5578189890001,21.755948516,0 86.5573386460001,21.7561512730001,0</coordinates></LinearRing></outerBoundaryIs></Polygon></MultiGeometry>
  </Placemark>
  <Placemark>
	<name>Placemark</name>
	<Style><LineStyle><color>ff0000ff</color></LineStyle><PolyStyle><fill>0</fill></PolyStyle></Style>
	<ExtendedData><SchemaData schemaUrl="#merged">
		<SimpleData name="OID_">0</SimpleData>
		<SimpleData name="FolderPath">L1.kml/_Polygons_</SimpleData>
		<SimpleData name="SymbolID">0</SimpleData>
		<SimpleData name="AltMode">0</SimpleData>
		<SimpleData name="Base">0.00000000000</SimpleData>
		<SimpleData name="Clamped">-1</SimpleData>
		<SimpleData name="Extruded">0</SimpleData>
		<SimpleData name="PopupInfo">&lt;html xmlns:fo=&quot;http://www.w3.org/1999/XSL/Format&quot; xmlns:msxsl=&quot;urn:schemas-microsoft-com:xslt&quot;&gt;
&lt;head&gt;
&lt;META http-equiv=&quot;Content-Type&quot; content=&quot;text/html&quot;&gt;
&lt;meta http-equiv=&quot;content-type&quot; content=&quot;text/html; charset=UTF-8&quot;&gt;
&lt;/head&gt;
&lt;body style=&quot;margin:0</SimpleData>
		<SimpleData name="Shape_Leng">0.00105925071</SimpleData>
		<SimpleData name="Shape_Area">0.00000006288</SimpleData>
		<SimpleData name="Plantation">Proposed</SimpleData>
		<SimpleData name="layer">Khunta_proposed</SimpleData>
		<SimpleData name="path">D:\Project\Shristi\4th_round\Khunta_proposed.shp</SimpleData>
	</SchemaData></ExtendedData>
      <MultiGeometry><Polygon><outerBoundaryIs><LinearRing><coordinates>86.54309247,21.7878396360001,0 86.5429765680001,21.787655708,0 86.5426734270001,21.787803986,0 86.5427638290001,21.7879377200001,0 86.54309247,21.7878396360001,0</coordinates></LinearRing></outerBoundaryIs></Polygon></MultiGeometry>
  </Placemark>
  <Placemark>
	<name>Placemark</name>
	<Style><LineStyle><color>ff0000ff</color></LineStyle><PolyStyle><fill>0</fill></PolyStyle></Style>
	<ExtendedData><SchemaData schemaUrl="#merged">
		<SimpleData name="OID_">0</SimpleData>
		<SimpleData name="FolderPath">L1.kml/_Polygons_</SimpleData>
		<SimpleData name="SymbolID">0</SimpleData>
		<SimpleData name="AltMode">0</SimpleData>
		<SimpleData name="Base">0.00000000000</SimpleData>
		<SimpleData name="Clamped">-1</SimpleData>
		<SimpleData name="Extruded">0</SimpleData>
		<SimpleData name="PopupInfo">&lt;html xmlns:fo=&quot;http://www.w3.org/1999/XSL/Format&quot; xmlns:msxsl=&quot;urn:schemas-microsoft-com:xslt&quot;&gt;
&lt;head&gt;
&lt;META http-equiv=&quot;Content-Type&quot; content=&quot;text/html&quot;&gt;
&lt;meta http-equiv=&quot;content-type&quot; content=&quot;text/html; charset=UTF-8&quot;&gt;
&lt;/head&gt;
&lt;body style=&quot;margin:0</SimpleData>
		<SimpleData name="Shape_Leng">0.00124671514</SimpleData>
		<SimpleData name="Shape_Area">0.00000008948</SimpleData>
		<SimpleData name="Plantation">Proposed</SimpleData>
		<SimpleData name="layer">Khunta_proposed</SimpleData>
		<SimpleData name="path">D:\Project\Shristi\4th_round\Khunta_proposed.shp</SimpleData>
	</SchemaData></ExtendedData>
      <MultiGeometry><Polygon><outerBoundaryIs><LinearRing><coordinates>86.5435037060001,21.7876269220001,0 86.5433087580001,21.787463186,0 86.543007033,21.787611951,0 86.543143065,21.7878185270001,0 86.5435037060001,21.7876269220001,0</coordinates></LinearRing></outerBoundaryIs></Polygon></MultiGeometry>
  </Placemark>
  <Placemark>
	<name>Placemark</name>
	<Style><LineStyle><color>ff0000ff</color></LineStyle><PolyStyle><fill>0</fill></PolyStyle></Style>
	<ExtendedData><SchemaData schemaUrl="#merged">
		<SimpleData name="OID_">0</SimpleData>
		<SimpleData name="FolderPath">L1.kml/_Polygons_</SimpleData>
		<SimpleData name="SymbolID">0</SimpleData>
		<SimpleData name="AltMode">0</SimpleData>
		<SimpleData name="Base">0.00000000000</SimpleData>
		<SimpleData name="Clamped">-1</SimpleData>
		<SimpleData name="Extruded">0</SimpleData>
		<SimpleData name="PopupInfo">&lt;html xmlns:fo=&quot;http://www.w3.org/1999/XSL/Format&quot; xmlns:msxsl=&quot;urn:schemas-microsoft-com:xslt&quot;&gt;
&lt;head&gt;
&lt;META http-equiv=&quot;Content-Type&quot; content=&quot;text/html&quot;&gt;
&lt;meta http-equiv=&quot;content-type&quot; content=&quot;text/html; charset=UTF-8&quot;&gt;
&lt;/head&gt;
&lt;body style=&quot;margin:0</SimpleData>
		<SimpleData name="Shape_Leng">0.00235972233</SimpleData>
		<SimpleData name="Shape_Area">0.00000025985</SimpleData>
		<SimpleData name="Plantation">Proposed</SimpleData>
		<SimpleData name="layer">Khunta_proposed</SimpleData>
		<SimpleData name="path">D:\Project\Shristi\4th_round\Khunta_proposed.shp</SimpleData>
	</SchemaData></ExtendedData>
      <MultiGeometry><Polygon><outerBoundaryIs><LinearRing><coordinates>86.5408243160001,21.7490309560001,0 86.5411249740001,21.749855445,0 86.5414064400001,21.749745262,0 86.541082814,21.748910961,0 86.5408243160001,21.7490309560001,0</coordinates></LinearRing></outerBoundaryIs></Polygon></MultiGeometry>
  </Placemark>
  <Placemark>
	<name>Placemark</name>
	<Style><LineStyle><color>ff0000ff</color></LineStyle><PolyStyle><fill>0</fill></PolyStyle></Style>
	<ExtendedData><SchemaData schemaUrl="#merged">
		<SimpleData name="OID_">0</SimpleData>
		<SimpleData name="FolderPath">L1.kml/_Polygons_</SimpleData>
		<SimpleData name="SymbolID">0</SimpleData>
		<SimpleData name="AltMode">0</SimpleData>
		<SimpleData name="Base">0.00000000000</SimpleData>
		<SimpleData name="Clamped">-1</SimpleData>
		<SimpleData name="Extruded">0</SimpleData>
		<SimpleData name="PopupInfo">&lt;html xmlns:fo=&quot;http://www.w3.org/1999/XSL/Format&quot; xmlns:msxsl=&quot;urn:schemas-microsoft-com:xslt&quot;&gt;
&lt;head&gt;
&lt;META http-equiv=&quot;Content-Type&quot; content=&quot;text/html&quot;&gt;
&lt;meta http-equiv=&quot;content-type&quot; content=&quot;text/html; charset=UTF-8&quot;&gt;
&lt;/head&gt;
&lt;body style=&quot;margin:0</SimpleData>
		<SimpleData name="Shape_Leng">0.00182887740</SimpleData>
		<SimpleData name="Shape_Area">0.00000012387</SimpleData>
		<SimpleData name="Plantation">Proposed</SimpleData>
		<SimpleData name="layer">Khunta_proposed</SimpleData>
		<SimpleData name="path">D:\Project\Shristi\4th_round\Khunta_proposed.shp</SimpleData>
	</SchemaData></ExtendedData>
      <MultiGeometry><Polygon><outerBoundaryIs><LinearRing><coordinates>86.5433157940001,21.786836114,0 86.5432519490001,21.786815873,0 86.543252947,21.7868893250001,0 86.543239489,21.7869592530001,0 86.543078403,21.787041978,0 86.5429859910001,21.786960064,0 86.542907842,21.786994615,0 86.542861665,21.787083105,0 86.542754098,21.78713437,0 86.5428473370001,21.7873278930001,0 86.5433325990001,21.7870860800001,0 86.5433354410001,21.7869911270001,0 86.5433157940001,21.786836114,0</coordinates></LinearRing></outerBoundaryIs></Polygon></MultiGeometry>
  </Placemark>
  <Placemark>
	<name>Placemark</name>
	<Style><LineStyle><color>ff0000ff</color></LineStyle><PolyStyle><fill>0</fill></PolyStyle></Style>
	<ExtendedData><SchemaData schemaUrl="#merged">
		<SimpleData name="OID_">0</SimpleData>
		<SimpleData name="FolderPath">L1.kml/_Polygons_</SimpleData>
		<SimpleData name="SymbolID">0</SimpleData>
		<SimpleData name="AltMode">0</SimpleData>
		<SimpleData name="Base">0.00000000000</SimpleData>
		<SimpleData name="Clamped">-1</SimpleData>
		<SimpleData name="Extruded">0</SimpleData>
		<SimpleData name="PopupInfo">&lt;html xmlns:fo=&quot;http://www.w3.org/1999/XSL/Format&quot; xmlns:msxsl=&quot;urn:schemas-microsoft-com:xslt&quot;&gt;
&lt;head&gt;
&lt;META http-equiv=&quot;Content-Type&quot; content=&quot;text/html&quot;&gt;
&lt;meta http-equiv=&quot;content-type&quot; content=&quot;text/html; charset=UTF-8&quot;&gt;
&lt;/head&gt;
&lt;body style=&quot;margin:0</SimpleData>
		<SimpleData name="Shape_Leng">0.00326134699</SimpleData>
		<SimpleData name="Shape_Area">0.00000067379</SimpleData>
		<SimpleData name="Plantation">Proposed</SimpleData>
		<SimpleData name="layer">Khunta_proposed</SimpleData>
		<SimpleData name="path">D:\Project\Shristi\4th_round\Khunta_proposed.shp</SimpleData>
	</SchemaData></ExtendedData>
      <MultiGeometry><Polygon><outerBoundaryIs><LinearRing><coordinates>86.532575943,21.780223544,0 86.532582984,21.7810879690001,0 86.5328296340001,21.7811188480001,0 86.533392554,21.7809646800001,0 86.5332322230001,21.780088101,0 86.5331046150001,21.7801370810001,0 86.5328790940001,21.7801562670001,0 86.532575943,21.780223544,0</coordinates></LinearRing></outerBoundaryIs></Polygon></MultiGeometry>
  </Placemark>
  <Placemark>
	<name>Placemark</name>
	<Style><LineStyle><color>ff0000ff</color></LineStyle><PolyStyle><fill>0</fill></PolyStyle></Style>
	<ExtendedData><SchemaData schemaUrl="#merged">
		<SimpleData name="OID_">0</SimpleData>
		<SimpleData name="FolderPath">L1.kml/_Polygons_</SimpleData>
		<SimpleData name="SymbolID">0</SimpleData>
		<SimpleData name="AltMode">0</SimpleData>
		<SimpleData name="Base">0.00000000000</SimpleData>
		<SimpleData name="Clamped">-1</SimpleData>
		<SimpleData name="Extruded">0</SimpleData>
		<SimpleData name="PopupInfo">&lt;html xmlns:fo=&quot;http://www.w3.org/1999/XSL/Format&quot; xmlns:msxsl=&quot;urn:schemas-microsoft-com:xslt&quot;&gt;
&lt;head&gt;
&lt;META http-equiv=&quot;Content-Type&quot; content=&quot;text/html&quot;&gt;
&lt;meta http-equiv=&quot;content-type&quot; content=&quot;text/html; charset=UTF-8&quot;&gt;
&lt;/head&gt;
&lt;body style=&quot;margin:0</SimpleData>
		<SimpleData name="Shape_Leng">0.00245258804</SimpleData>
		<SimpleData name="Shape_Area">0.00000036021</SimpleData>
		<SimpleData name="Plantation">Proposed</SimpleData>
		<SimpleData name="layer">Khunta_proposed</SimpleData>
		<SimpleData name="path">D:\Project\Shristi\4th_round\Khunta_proposed.shp</SimpleData>
	</SchemaData></ExtendedData>
      <MultiGeometry><Polygon><outerBoundaryIs><LinearRing><coordinates>86.5405013500001,21.7493956800001,0 86.5407068540001,21.749310817,0 86.540877261,21.7492341130001,0 86.5407373030001,21.748868293,0 86.54058417,21.7488909580001,0 86.539997214,21.7489841440001,0 86.5401595370001,21.749503534,0 86.5405013500001,21.7493956800001,0</coordinates></LinearRing></outerBoundaryIs></Polygon></MultiGeometry>
  </Placemark>
  <Placemark>
	<name>Placemark</name>
	<Style><LineStyle><color>ff0000ff</color></LineStyle><PolyStyle><fill>0</fill></PolyStyle></Style>
	<ExtendedData><SchemaData schemaUrl="#merged">
		<SimpleData name="OID_">0</SimpleData>
		<SimpleData name="FolderPath">L1.kml/_Polygons_</SimpleData>
		<SimpleData name="SymbolID">0</SimpleData>
		<SimpleData name="AltMode">0</SimpleData>
		<SimpleData name="Base">0.00000000000</SimpleData>
		<SimpleData name="Clamped">-1</SimpleData>
		<SimpleData name="Extruded">0</SimpleData>
		<SimpleData name="PopupInfo">&lt;html xmlns:fo=&quot;http://www.w3.org/1999/XSL/Format&quot; xmlns:msxsl=&quot;urn:schemas-microsoft-com:xslt&quot;&gt;
&lt;head&gt;
&lt;META http-equiv=&quot;Content-Type&quot; content=&quot;text/html&quot;&gt;
&lt;meta http-equiv=&quot;content-type&quot; content=&quot;text/html; charset=UTF-8&quot;&gt;
&lt;/head&gt;
&lt;body style=&quot;margin:0</SimpleData>
		<SimpleData name="Shape_Leng">0.00163535281</SimpleData>
		<SimpleData name="Shape_Area">0.00000017878</SimpleData>
		<SimpleData name="Plantation">Proposed</SimpleData>
		<SimpleData name="layer">Khunta_proposed</SimpleData>
		<SimpleData name="path">D:\Project\Shristi\4th_round\Khunta_proposed.shp</SimpleData>
	</SchemaData></ExtendedData>
      <MultiGeometry><Polygon><outerBoundaryIs><LinearRing><coordinates>86.5405069130001,21.7494219180001,0 86.5405784390001,21.749719197,0 86.5408874760001,21.7497996990001,0 86.5410051760001,21.749569869,0 86.5408885300001,21.7492552100001,0 86.5405069130001,21.7494219180001,0</coordinates></LinearRing></outerBoundaryIs></Polygon></MultiGeometry>
  </Placemark>
  <Placemark>
	<name>Placemark</name>
	<Style><LineStyle><color>ff0000ff</color></LineStyle><PolyStyle><fill>0</fill></PolyStyle></Style>
	<ExtendedData><SchemaData schemaUrl="#merged">
		<SimpleData name="OID_">0</SimpleData>
		<SimpleData name="FolderPath">L1.kml/_Polygons_</SimpleData>
		<SimpleData name="SymbolID">0</SimpleData>
		<SimpleData name="AltMode">0</SimpleData>
		<SimpleData name="Base">0.00000000000</SimpleData>
		<SimpleData name="Clamped">-1</SimpleData>
		<SimpleData name="Extruded">0</SimpleData>
		<SimpleData name="PopupInfo">&lt;html xmlns:fo=&quot;http://www.w3.org/1999/XSL/Format&quot; xmlns:msxsl=&quot;urn:schemas-microsoft-com:xslt&quot;&gt;
&lt;head&gt;
&lt;META http-equiv=&quot;Content-Type&quot; content=&quot;text/html&quot;&gt;
&lt;meta http-equiv=&quot;content-type&quot; content=&quot;text/html; charset=UTF-8&quot;&gt;
&lt;/head&gt;
&lt;body style=&quot;margin:0</SimpleData>
		<SimpleData name="Shape_Leng">0.00123008171</SimpleData>
		<SimpleData name="Shape_Area">0.00000009391</SimpleData>
		<SimpleData name="Plantation">Proposed</SimpleData>
		<SimpleData name="layer">Khunta_proposed</SimpleData>
		<SimpleData name="path">D:\Project\Shristi\4th_round\Khunta_proposed.shp</SimpleData>
	</SchemaData></ExtendedData>
      <MultiGeometry><Polygon><outerBoundaryIs><LinearRing><coordinates>86.5359553390001,21.7549032680001,0 86.5361000390001,21.754724943,0 86.5361514680001,21.754502576,0 86.535986021,21.7544549140001,0 86.5357739560001,21.754647473,0 86.5359553390001,21.7549032680001,0</coordinates></LinearRing></outerBoundaryIs></Polygon></MultiGeometry>
  </Placemark>
  <Placemark>
	<name>Placemark</name>
	<Style><LineStyle><color>ff0000ff</color></LineStyle><PolyStyle><fill>0</fill></PolyStyle></Style>
	<ExtendedData><SchemaData schemaUrl="#merged">
		<SimpleData name="OID_">0</SimpleData>
		<SimpleData name="FolderPath">L1.kml/_Polygons_</SimpleData>
		<SimpleData name="SymbolID">0</SimpleData>
		<SimpleData name="AltMode">0</SimpleData>
		<SimpleData name="Base">0.00000000000</SimpleData>
		<SimpleData name="Clamped">-1</SimpleData>
		<SimpleData name="Extruded">0</SimpleData>
		<SimpleData name="PopupInfo">&lt;html xmlns:fo=&quot;http://www.w3.org/1999/XSL/Format&quot; xmlns:msxsl=&quot;urn:schemas-microsoft-com:xslt&quot;&gt;
&lt;head&gt;
&lt;META http-equiv=&quot;Content-Type&quot; content=&quot;text/html&quot;&gt;
&lt;meta http-equiv=&quot;content-type&quot; content=&quot;text/html; charset=UTF-8&quot;&gt;
&lt;/head&gt;
&lt;body style=&quot;margin:0</SimpleData>
		<SimpleData name="Shape_Leng">0.00165559596</SimpleData>
		<SimpleData name="Shape_Area">0.00000017246</SimpleData>
		<SimpleData name="Plantation">Proposed</SimpleData>
		<SimpleData name="layer">Khunta_proposed</SimpleData>
		<SimpleData name="path">D:\Project\Shristi\4th_round\Khunta_proposed.shp</SimpleData>
	</SchemaData></ExtendedData>
      <MultiGeometry><Polygon><outerBoundaryIs><LinearRing><coordinates>86.606065792,21.800917897,0 86.6059996340001,21.8008146330001,0 86.605929152,21.800670407,0 86.6058784000001,21.8005798,0 86.6057461600001,21.800628708,0 86.6055376620001,21.800732602,0 86.605636808,21.8009185560001,0 86.6057064070001,21.801055558,0 86.6057520140001,21.8011661080001,0 86.606026838,21.800996422,0 86.606065792,21.800917897,0</coordinates></LinearRing></outerBoundaryIs></Polygon></MultiGeometry>
  </Placemark>
  <Placemark>
	<name>Placemark</name>
	<Style><LineStyle><color>ff0000ff</color></LineStyle><PolyStyle><fill>0</fill></PolyStyle></Style>
	<ExtendedData><SchemaData schemaUrl="#merged">
		<SimpleData name="OID_">0</SimpleData>
		<SimpleData name="FolderPath">L1.kml/_Polygons_</SimpleData>
		<SimpleData name="SymbolID">0</SimpleData>
		<SimpleData name="AltMode">0</SimpleData>
		<SimpleData name="Base">0.00000000000</SimpleData>
		<SimpleData name="Clamped">-1</SimpleData>
		<SimpleData name="Extruded">0</SimpleData>
		<SimpleData name="PopupInfo">&lt;html xmlns:fo=&quot;http://www.w3.org/1999/XSL/Format&quot; xmlns:msxsl=&quot;urn:schemas-microsoft-com:xslt&quot;&gt;
&lt;head&gt;
&lt;META http-equiv=&quot;Content-Type&quot; content=&quot;text/html&quot;&gt;
&lt;meta http-equiv=&quot;content-type&quot; content=&quot;text/html; charset=UTF-8&quot;&gt;
&lt;/head&gt;
&lt;body style=&quot;margin:0</SimpleData>
		<SimpleData name="Shape_Leng">0.00139768782</SimpleData>
		<SimpleData name="Shape_Area">0.00000012145</SimpleData>
		<SimpleData name="Plantation">Proposed</SimpleData>
		<SimpleData name="layer">Khunta_proposed</SimpleData>
		<SimpleData name="path">D:\Project\Shristi\4th_round\Khunta_proposed.shp</SimpleData>
	</SchemaData></ExtendedData>
      <MultiGeometry><Polygon><outerBoundaryIs><LinearRing><coordinates>86.6042465,21.802288,0 86.6042938640001,21.802245081,0 86.604232256,21.802107259,0 86.6042056350001,21.802040746,0 86.6040906580001,21.8020300800001,0 86.6039423000001,21.8021231000001,0 86.603803956,21.8021771630001,0 86.603837249,21.802272283,0 86.603888129,21.8023593140001,0 86.6039169640001,21.802455772,0 86.6042465,21.802288,0</coordinates></LinearRing></outerBoundaryIs></Polygon></MultiGeometry>
  </Placemark>
  <Placemark>
	<name>Placemark</name>
	<Style><LineStyle><color>ff0000ff</color></LineStyle><PolyStyle><fill>0</fill></PolyStyle></Style>
	<ExtendedData><SchemaData schemaUrl="#merged">
		<SimpleData name="OID_">0</SimpleData>
		<SimpleData name="FolderPath">L1.kml/_Polygons_</SimpleData>
		<SimpleData name="SymbolID">0</SimpleData>
		<SimpleData name="AltMode">0</SimpleData>
		<SimpleData name="Base">0.00000000000</SimpleData>
		<SimpleData name="Clamped">-1</SimpleData>
		<SimpleData name="Extruded">0</SimpleData>
		<SimpleData name="PopupInfo">&lt;html xmlns:fo=&quot;http://www.w3.org/1999/XSL/Format&quot; xmlns:msxsl=&quot;urn:schemas-microsoft-com:xslt&quot;&gt;
&lt;head&gt;
&lt;META http-equiv=&quot;Content-Type&quot; content=&quot;text/html&quot;&gt;
&lt;meta http-equiv=&quot;content-type&quot; content=&quot;text/html; charset=UTF-8&quot;&gt;
&lt;/head&gt;
&lt;body style=&quot;margin:0</SimpleData>
		<SimpleData name="Shape_Leng">0.00154797152</SimpleData>
		<SimpleData name="Shape_Area">0.00000015095</SimpleData>
		<SimpleData name="Plantation">Proposed</SimpleData>
		<SimpleData name="layer">Khunta_proposed</SimpleData>
		<SimpleData name="path">D:\Project\Shristi\4th_round\Khunta_proposed.shp</SimpleData>
	</SchemaData></ExtendedData>
      <MultiGeometry><Polygon><outerBoundaryIs><LinearRing><coordinates>86.6037547880001,21.8021922790001,0 86.6036089030001,21.8022560380001,0 86.6034406460001,21.802317787,0 86.603335201,21.8023929620001,0 86.6033814,21.8025017000001,0 86.6034784860001,21.8026704810001,0 86.603787244,21.8025180070001,0 86.603893376,21.802459051,0 86.6038355410001,21.802324049,0 86.6037547880001,21.8021922790001,0</coordinates></LinearRing></outerBoundaryIs></Polygon></MultiGeometry>
  </Placemark>
  <Placemark>
	<name>Placemark</name>
	<Style><LineStyle><color>ff0000ff</color></LineStyle><PolyStyle><fill>0</fill></PolyStyle></Style>
	<ExtendedData><SchemaData schemaUrl="#merged">
		<SimpleData name="OID_">0</SimpleData>
		<SimpleData name="FolderPath">L1.kml/_Polygons_</SimpleData>
		<SimpleData name="SymbolID">0</SimpleData>
		<SimpleData name="AltMode">0</SimpleData>
		<SimpleData name="Base">0.00000000000</SimpleData>
		<SimpleData name="Clamped">-1</SimpleData>
		<SimpleData name="Extruded">0</SimpleData>
		<SimpleData name="PopupInfo">&lt;html xmlns:fo=&quot;http://www.w3.org/1999/XSL/Format&quot; xmlns:msxsl=&quot;urn:schemas-microsoft-com:xslt&quot;&gt;
&lt;head&gt;
&lt;META http-equiv=&quot;Content-Type&quot; content=&quot;text/html&quot;&gt;
&lt;meta http-equiv=&quot;content-type&quot; content=&quot;text/html; charset=UTF-8&quot;&gt;
&lt;/head&gt;
&lt;body style=&quot;margin:0</SimpleData>
		<SimpleData name="Shape_Leng">0.00158066806</SimpleData>
		<SimpleData name="Shape_Area">0.00000012912</SimpleData>
		<SimpleData name="Plantation">Proposed</SimpleData>
		<SimpleData name="layer">Khunta_proposed</SimpleData>
		<SimpleData name="path">D:\Project\Shristi\4th_round\Khunta_proposed.shp</SimpleData>
	</SchemaData></ExtendedData>
      <MultiGeometry><Polygon><outerBoundaryIs><LinearRing><coordinates>86.607584451,21.7700340960001,0 86.607759451,21.77004599,0 86.6077558310001,21.7699625230001,0 86.6079202560001,21.76993717,0 86.607985559,21.769881862,0 86.607930761,21.769798253,0 86.607899537,21.7696669430001,0 86.6076602420001,21.769739626,0 86.6075110640001,21.7697616290001,0 86.6074806650001,21.7698218950001,0 86.6074070450001,21.7699015170001,0 86.607478674,21.769986304,0 86.6075571840001,21.769972551,0 86.607584451,21.7700340960001,0</coordinates></LinearRing></outerBoundaryIs></Polygon></MultiGeometry>
  </Placemark>
  <Placemark>
	<name>Placemark</name>
	<Style><LineStyle><color>ff0000ff</color></LineStyle><PolyStyle><fill>0</fill></PolyStyle></Style>
	<ExtendedData><SchemaData schemaUrl="#merged">
		<SimpleData name="OID_">0</SimpleData>
		<SimpleData name="FolderPath">L1.kml/_Polygons_</SimpleData>
		<SimpleData name="SymbolID">0</SimpleData>
		<SimpleData name="AltMode">0</SimpleData>
		<SimpleData name="Base">0.00000000000</SimpleData>
		<SimpleData name="Clamped">-1</SimpleData>
		<SimpleData name="Extruded">0</SimpleData>
		<SimpleData name="PopupInfo">&lt;html xmlns:fo=&quot;http://www.w3.org/1999/XSL/Format&quot; xmlns:msxsl=&quot;urn:schemas-microsoft-com:xslt&quot;&gt;
&lt;head&gt;
&lt;META http-equiv=&quot;Content-Type&quot; content=&quot;text/html&quot;&gt;
&lt;meta http-equiv=&quot;content-type&quot; content=&quot;text/html; charset=UTF-8&quot;&gt;
&lt;/head&gt;
&lt;body style=&quot;margin:0</SimpleData>
		<SimpleData name="Shape_Leng">0.00252268858</SimpleData>
		<SimpleData name="Shape_Area">0.00000036051</SimpleData>
		<SimpleData name="Plantation">Proposed</SimpleData>
		<SimpleData name="layer">Khunta_proposed</SimpleData>
		<SimpleData name="path">D:\Project\Shristi\4th_round\Khunta_proposed.shp</SimpleData>
	</SchemaData></ExtendedData>
      <MultiGeometry><Polygon><outerBoundaryIs><LinearRing><coordinates>86.553616531,21.76079523,0 86.5532245620001,21.7609898480001,0 86.5533806590001,21.76130348,0 86.5536144150001,21.7612434260001,0 86.553747963,21.7612728070001,0 86.5538793950001,21.761171747,0 86.5540554840001,21.760969663,0 86.5541909310001,21.7608634850001,0 86.5540310370001,21.760612726,0 86.553836436,21.760687994,0 86.553616531,21.76079523,0</coordinates></LinearRing></outerBoundaryIs></Polygon></MultiGeometry>
  </Placemark>
  <Placemark>
	<name>Placemark</name>
	<Style><LineStyle><color>ff0000ff</color></LineStyle><PolyStyle><fill>0</fill></PolyStyle></Style>
	<ExtendedData><SchemaData schemaUrl="#merged">
		<SimpleData name="OID_">0</SimpleData>
		<SimpleData name="FolderPath">L1.kml/_Polygons_</SimpleData>
		<SimpleData name="SymbolID">0</SimpleData>
		<SimpleData name="AltMode">0</SimpleData>
		<SimpleData name="Base">0.00000000000</SimpleData>
		<SimpleData name="Clamped">-1</SimpleData>
		<SimpleData name="Extruded">0</SimpleData>
		<SimpleData name="PopupInfo">&lt;html xmlns:fo=&quot;http://www.w3.org/1999/XSL/Format&quot; xmlns:msxsl=&quot;urn:schemas-microsoft-com:xslt&quot;&gt;
&lt;head&gt;
&lt;META http-equiv=&quot;Content-Type&quot; content=&quot;text/html&quot;&gt;
&lt;meta http-equiv=&quot;content-type&quot; content=&quot;text/html; charset=UTF-8&quot;&gt;
&lt;/head&gt;
&lt;body style=&quot;margin:0</SimpleData>
		<SimpleData name="Shape_Leng">0.00311578081</SimpleData>
		<SimpleData name="Shape_Area">0.00000053296</SimpleData>
		<SimpleData name="Plantation">Proposed</SimpleData>
		<SimpleData name="layer">Khunta_proposed</SimpleData>
		<SimpleData name="path">D:\Project\Shristi\4th_round\Khunta_proposed.shp</SimpleData>
	</SchemaData></ExtendedData>
      <MultiGeometry><Polygon><outerBoundaryIs><LinearRing><coordinates>86.555783793,21.7611983850001,0 86.5566184140001,21.760583077,0 86.5562305070001,21.76016406,0 86.5558490430001,21.760495153,0 86.5557291760001,21.760652296,0 86.5554624440001,21.7608566660001,0 86.555783793,21.7611983850001,0</coordinates></LinearRing></outerBoundaryIs></Polygon></MultiGeometry>
  </Placemark>
  <Placemark>
	<name>Placemark</name>
	<Style><LineStyle><color>ff0000ff</color></LineStyle><PolyStyle><fill>0</fill></PolyStyle></Style>
	<ExtendedData><SchemaData schemaUrl="#merged">
		<SimpleData name="OID_">0</SimpleData>
		<SimpleData name="FolderPath">L1.kml/_Polygons_</SimpleData>
		<SimpleData name="SymbolID">0</SimpleData>
		<SimpleData name="AltMode">0</SimpleData>
		<SimpleData name="Base">0.00000000000</SimpleData>
		<SimpleData name="Clamped">-1</SimpleData>
		<SimpleData name="Extruded">0</SimpleData>
		<SimpleData name="PopupInfo">&lt;html xmlns:fo=&quot;http://www.w3.org/1999/XSL/Format&quot; xmlns:msxsl=&quot;urn:schemas-microsoft-com:xslt&quot;&gt;
&lt;head&gt;
&lt;META http-equiv=&quot;Content-Type&quot; content=&quot;text/html&quot;&gt;
&lt;meta http-equiv=&quot;content-type&quot; content=&quot;text/html; charset=UTF-8&quot;&gt;
&lt;/head&gt;
&lt;body style=&quot;margin:0</SimpleData>
		<SimpleData name="Shape_Leng">0.00318249880</SimpleData>
		<SimpleData name="Shape_Area">0.00000044694</SimpleData>
		<SimpleData name="Plantation">Proposed</SimpleData>
		<SimpleData name="layer">Khunta_proposed</SimpleData>
		<SimpleData name="path">D:\Project\Shristi\4th_round\Khunta_proposed.shp</SimpleData>
	</SchemaData></ExtendedData>
      <MultiGeometry><Polygon><outerBoundaryIs><LinearRing><coordinates>86.52788659,21.7436963530001,0 86.5276241430001,21.743765024,0 86.5281000790001,21.7446417130001,0 86.52834276,21.7445680220001,0 86.5285657900001,21.744531098,0 86.5282986700001,21.743798745,0 86.5279942830001,21.7438914690001,0 86.5279130260001,21.743921883,0 86.5278549910001,21.743851109,0 86.52788659,21.7436963530001,0</coordinates></LinearRing></outerBoundaryIs></Polygon></MultiGeometry>
  </Placemark>
  <Placemark>
	<name>Placemark</name>
	<Style><LineStyle><color>ff0000ff</color></LineStyle><PolyStyle><fill>0</fill></PolyStyle></Style>
	<ExtendedData><SchemaData schemaUrl="#merged">
		<SimpleData name="OID_">0</SimpleData>
		<SimpleData name="FolderPath">L1.kml/_Polygons_</SimpleData>
		<SimpleData name="SymbolID">0</SimpleData>
		<SimpleData name="AltMode">0</SimpleData>
		<SimpleData name="Base">0.00000000000</SimpleData>
		<SimpleData name="Clamped">-1</SimpleData>
		<SimpleData name="Extruded">0</SimpleData>
		<SimpleData name="PopupInfo">&lt;html xmlns:fo=&quot;http://www.w3.org/1999/XSL/Format&quot; xmlns:msxsl=&quot;urn:schemas-microsoft-com:xslt&quot;&gt;
&lt;head&gt;
&lt;META http-equiv=&quot;Content-Type&quot; content=&quot;text/html&quot;&gt;
&lt;meta http-equiv=&quot;content-type&quot; content=&quot;text/html; charset=UTF-8&quot;&gt;
&lt;/head&gt;
&lt;body style=&quot;margin:0</SimpleData>
		<SimpleData name="Shape_Leng">0.00298440618</SimpleData>
		<SimpleData name="Shape_Area">0.00000052586</SimpleData>
		<SimpleData name="Plantation">Proposed</SimpleData>
		<SimpleData name="layer">Khunta_proposed</SimpleData>
		<SimpleData name="path">D:\Project\Shristi\4th_round\Khunta_proposed.shp</SimpleData>
	</SchemaData></ExtendedData>
      <MultiGeometry><Polygon><outerBoundaryIs><LinearRing><coordinates>86.5253380230001,21.7414443500001,0 86.5258368140001,21.7423923010001,0 86.5262274670001,21.742135998,0 86.5262478430001,21.7419026540001,0 86.525875854,21.74135045,0 86.5253380230001,21.7414443500001,0</coordinates></LinearRing></outerBoundaryIs></Polygon></MultiGeometry>
  </Placemark>
  <Placemark>
	<name>Placemark</name>
	<Style><LineStyle><color>ff0000ff</color></LineStyle><PolyStyle><fill>0</fill></PolyStyle></Style>
	<ExtendedData><SchemaData schemaUrl="#merged">
		<SimpleData name="OID_">0</SimpleData>
		<SimpleData name="FolderPath">L1.kml/_Polygons_</SimpleData>
		<SimpleData name="SymbolID">0</SimpleData>
		<SimpleData name="AltMode">0</SimpleData>
		<SimpleData name="Base">0.00000000000</SimpleData>
		<SimpleData name="Clamped">-1</SimpleData>
		<SimpleData name="Extruded">0</SimpleData>
		<SimpleData name="PopupInfo">&lt;html xmlns:fo=&quot;http://www.w3.org/1999/XSL/Format&quot; xmlns:msxsl=&quot;urn:schemas-microsoft-com:xslt&quot;&gt;
&lt;head&gt;
&lt;META http-equiv=&quot;Content-Type&quot; content=&quot;text/html&quot;&gt;
&lt;meta http-equiv=&quot;content-type&quot; content=&quot;text/html; charset=UTF-8&quot;&gt;
&lt;/head&gt;
&lt;body style=&quot;margin:0</SimpleData>
		<SimpleData name="Shape_Leng">0.00259606146</SimpleData>
		<SimpleData name="Shape_Area">0.00000043370</SimpleData>
		<SimpleData name="Plantation">Proposed</SimpleData>
		<SimpleData name="layer">Khunta_proposed</SimpleData>
		<SimpleData name="path">D:\Project\Shristi\4th_round\Khunta_proposed.shp</SimpleData>
	</SchemaData></ExtendedData>
      <MultiGeometry><Polygon><outerBoundaryIs><LinearRing><coordinates>86.533772056,21.7259015380001,0 86.5340286000001,21.7257365,0 86.5342910190001,21.725610342,0 86.534049038,21.7249583710001,0 86.533565265,21.725299627,0 86.5335167210001,21.7255809550001,0 86.5336792720001,21.725864845,0 86.533772056,21.7259015380001,0</coordinates></LinearRing></outerBoundaryIs></Polygon></MultiGeometry>
  </Placemark>
  <Placemark>
	<name>Placemark</name>
	<Style><LineStyle><color>ff0000ff</color></LineStyle><PolyStyle><fill>0</fill></PolyStyle></Style>
	<ExtendedData><SchemaData schemaUrl="#merged">
		<SimpleData name="OID_">0</SimpleData>
		<SimpleData name="FolderPath">L1.kml/_Polygons_</SimpleData>
		<SimpleData name="SymbolID">0</SimpleData>
		<SimpleData name="AltMode">0</SimpleData>
		<SimpleData name="Base">0.00000000000</SimpleData>
		<SimpleData name="Clamped">-1</SimpleData>
		<SimpleData name="Extruded">0</SimpleData>
		<SimpleData name="PopupInfo">&lt;html xmlns:fo=&quot;http://www.w3.org/1999/XSL/Format&quot; xmlns:msxsl=&quot;urn:schemas-microsoft-com:xslt&quot;&gt;
&lt;head&gt;
&lt;META http-equiv=&quot;Content-Type&quot; content=&quot;text/html&quot;&gt;
&lt;meta http-equiv=&quot;content-type&quot; content=&quot;text/html; charset=UTF-8&quot;&gt;
&lt;/head&gt;
&lt;body style=&quot;margin:0</SimpleData>
		<SimpleData name="Shape_Leng">0.00198734444</SimpleData>
		<SimpleData name="Shape_Area">0.00000016570</SimpleData>
		<SimpleData name="Plantation">Proposed</SimpleData>
		<SimpleData name="layer">Khunta_proposed</SimpleData>
		<SimpleData name="path">D:\Project\Shristi\4th_round\Khunta_proposed.shp</SimpleData>
	</SchemaData></ExtendedData>
      <MultiGeometry><Polygon><outerBoundaryIs><LinearRing><coordinates>86.535639868,21.725626338,0 86.5358102180001,21.7255377660001,0 86.535714173,21.725214142,0 86.5354471670001,21.7252723610001,0 86.535338116,21.7250788580001,0 86.5351051390001,21.725148814,0 86.5353725150001,21.725417199,0 86.5354639390001,21.7254745760001,0 86.535639868,21.725626338,0</coordinates></LinearRing></outerBoundaryIs></Polygon></MultiGeometry>
  </Placemark>
  <Placemark>
	<name>Placemark</name>
	<Style><LineStyle><color>ff0000ff</color></LineStyle><PolyStyle><fill>0</fill></PolyStyle></Style>
	<ExtendedData><SchemaData schemaUrl="#merged">
		<SimpleData name="OID_">0</SimpleData>
		<SimpleData name="FolderPath">L1.kml/_Polygons_</SimpleData>
		<SimpleData name="SymbolID">0</SimpleData>
		<SimpleData name="AltMode">0</SimpleData>
		<SimpleData name="Base">0.00000000000</SimpleData>
		<SimpleData name="Clamped">-1</SimpleData>
		<SimpleData name="Extruded">0</SimpleData>
		<SimpleData name="PopupInfo">&lt;html xmlns:fo=&quot;http://www.w3.org/1999/XSL/Format&quot; xmlns:msxsl=&quot;urn:schemas-microsoft-com:xslt&quot;&gt;
&lt;head&gt;
&lt;META http-equiv=&quot;Content-Type&quot; content=&quot;text/html&quot;&gt;
&lt;meta http-equiv=&quot;content-type&quot; content=&quot;text/html; charset=UTF-8&quot;&gt;
&lt;/head&gt;
&lt;body style=&quot;margin:0</SimpleData>
		<SimpleData name="Shape_Leng">0.00137868573</SimpleData>
		<SimpleData name="Shape_Area">0.00000006464</SimpleData>
		<SimpleData name="Plantation">Proposed</SimpleData>
		<SimpleData name="layer">Khunta_proposed</SimpleData>
		<SimpleData name="path">D:\Project\Shristi\4th_round\Khunta_proposed.shp</SimpleData>
	</SchemaData></ExtendedData>
      <MultiGeometry><Polygon><outerBoundaryIs><LinearRing><coordinates>86.5278070480001,21.730325226,0 86.5277008,21.7301753,0 86.527564715,21.7298187760001,0 86.5274716960001,21.72989082,0 86.527672463,21.7303959920001,0 86.5278070480001,21.730325226,0</coordinates></LinearRing></outerBoundaryIs></Polygon></MultiGeometry>
  </Placemark>
  <Placemark>
	<name>Placemark</name>
	<Style><LineStyle><color>ff0000ff</color></LineStyle><PolyStyle><fill>0</fill></PolyStyle></Style>
	<ExtendedData><SchemaData schemaUrl="#merged">
		<SimpleData name="OID_">0</SimpleData>
		<SimpleData name="FolderPath">L1.kml/_Polygons_</SimpleData>
		<SimpleData name="SymbolID">0</SimpleData>
		<SimpleData name="AltMode">0</SimpleData>
		<SimpleData name="Base">0.00000000000</SimpleData>
		<SimpleData name="Clamped">-1</SimpleData>
		<SimpleData name="Extruded">0</SimpleData>
		<SimpleData name="PopupInfo">&lt;html xmlns:fo=&quot;http://www.w3.org/1999/XSL/Format&quot; xmlns:msxsl=&quot;urn:schemas-microsoft-com:xslt&quot;&gt;
&lt;head&gt;
&lt;META http-equiv=&quot;Content-Type&quot; content=&quot;text/html&quot;&gt;
&lt;meta http-equiv=&quot;content-type&quot; content=&quot;text/html; charset=UTF-8&quot;&gt;
&lt;/head&gt;
&lt;body style=&quot;margin:0</SimpleData>
		<SimpleData name="Shape_Leng">0.00430291326</SimpleData>
		<SimpleData name="Shape_Area">0.00000105706</SimpleData>
		<SimpleData name="Plantation">Proposed</SimpleData>
		<SimpleData name="layer">Khunta_proposed</SimpleData>
		<SimpleData name="path">D:\Project\Shristi\4th_round\Khunta_proposed.shp</SimpleData>
	</SchemaData></ExtendedData>
      <MultiGeometry><Polygon><outerBoundaryIs><LinearRing><coordinates>86.5227937750001,21.742148754,0 86.5230297260001,21.742377892,0 86.523042262,21.7427868190001,0 86.5231453360001,21.743082052,0 86.5241598540001,21.742578312,0 86.5240099520001,21.7421383060001,0 86.5239337410001,21.741712476,0 86.523276073,21.7419325820001,0 86.5227937750001,21.742148754,0</coordinates></LinearRing></outerBoundaryIs></Polygon></MultiGeometry>
  </Placemark>
  <Placemark>
	<name>Placemark</name>
	<Style><LineStyle><color>ff0000ff</color></LineStyle><PolyStyle><fill>0</fill></PolyStyle></Style>
	<ExtendedData><SchemaData schemaUrl="#merged">
		<SimpleData name="OID_">0</SimpleData>
		<SimpleData name="FolderPath">L1.kml/_Polygons_</SimpleData>
		<SimpleData name="SymbolID">0</SimpleData>
		<SimpleData name="AltMode">0</SimpleData>
		<SimpleData name="Base">0.00000000000</SimpleData>
		<SimpleData name="Clamped">-1</SimpleData>
		<SimpleData name="Extruded">0</SimpleData>
		<SimpleData name="PopupInfo">&lt;html xmlns:fo=&quot;http://www.w3.org/1999/XSL/Format&quot; xmlns:msxsl=&quot;urn:schemas-microsoft-com:xslt&quot;&gt;
&lt;head&gt;
&lt;META http-equiv=&quot;Content-Type&quot; content=&quot;text/html&quot;&gt;
&lt;meta http-equiv=&quot;content-type&quot; content=&quot;text/html; charset=UTF-8&quot;&gt;
&lt;/head&gt;
&lt;body style=&quot;margin:0</SimpleData>
		<SimpleData name="Shape_Leng">0.00269053307</SimpleData>
		<SimpleData name="Shape_Area">0.00000043644</SimpleData>
		<SimpleData name="Plantation">Proposed</SimpleData>
		<SimpleData name="layer">Khunta_proposed</SimpleData>
		<SimpleData name="path">D:\Project\Shristi\4th_round\Khunta_proposed.shp</SimpleData>
	</SchemaData></ExtendedData>
      <MultiGeometry><Polygon><outerBoundaryIs><LinearRing><coordinates>86.528129225,21.741729315,0 86.528058872,21.741299111,0 86.5277224070001,21.741179806,0 86.527308518,21.7410970510001,0 86.5271102080001,21.7413699160001,0 86.5272650520001,21.7415314100001,0 86.527426609,21.7416636610001,0 86.5276577240001,21.741688379,0 86.528129225,21.741729315,0</coordinates></LinearRing></outerBoundaryIs></Polygon></MultiGeometry>
  </Placemark>
  <Placemark>
	<name>Placemark</name>
	<Style><LineStyle><color>ff0000ff</color></LineStyle><PolyStyle><fill>0</fill></PolyStyle></Style>
	<ExtendedData><SchemaData schemaUrl="#merged">
		<SimpleData name="OID_">0</SimpleData>
		<SimpleData name="FolderPath">L1.kml/_Polygons_</SimpleData>
		<SimpleData name="SymbolID">0</SimpleData>
		<SimpleData name="AltMode">0</SimpleData>
		<SimpleData name="Base">0.00000000000</SimpleData>
		<SimpleData name="Clamped">-1</SimpleData>
		<SimpleData name="Extruded">0</SimpleData>
		<SimpleData name="PopupInfo">&lt;html xmlns:fo=&quot;http://www.w3.org/1999/XSL/Format&quot; xmlns:msxsl=&quot;urn:schemas-microsoft-com:xslt&quot;&gt;
&lt;head&gt;
&lt;META http-equiv=&quot;Content-Type&quot; content=&quot;text/html&quot;&gt;
&lt;meta http-equiv=&quot;content-type&quot; content=&quot;text/html; charset=UTF-8&quot;&gt;
&lt;/head&gt;
&lt;body style=&quot;margin:0</SimpleData>
		<SimpleData name="Shape_Leng">0.00153270505</SimpleData>
		<SimpleData name="Shape_Area">0.00000015159</SimpleData>
		<SimpleData name="Plantation">Proposed</SimpleData>
		<SimpleData name="layer">Khunta_proposed</SimpleData>
		<SimpleData name="path">D:\Project\Shristi\4th_round\Khunta_proposed.shp</SimpleData>
	</SchemaData></ExtendedData>
      <MultiGeometry><Polygon><outerBoundaryIs><LinearRing><coordinates>86.5226623,21.7442391000001,0 86.5225647,21.7440322,0 86.5224645320001,21.743854867,0 86.5221385410001,21.7440807350001,0 86.5222211020001,21.744249811,0 86.5223465320001,21.74436998,0 86.5226623,21.7442391000001,0</coordinates></LinearRing></outerBoundaryIs></Polygon></MultiGeometry>
  </Placemark>
  <Placemark>
	<name>Placemark</name>
	<Style><LineStyle><color>ff0000ff</color></LineStyle><PolyStyle><fill>0</fill></PolyStyle></Style>
	<ExtendedData><SchemaData schemaUrl="#merged">
		<SimpleData name="OID_">0</SimpleData>
		<SimpleData name="FolderPath">L1.kml/_Polygons_</SimpleData>
		<SimpleData name="SymbolID">0</SimpleData>
		<SimpleData name="AltMode">0</SimpleData>
		<SimpleData name="Base">0.00000000000</SimpleData>
		<SimpleData name="Clamped">-1</SimpleData>
		<SimpleData name="Extruded">0</SimpleData>
		<SimpleData name="PopupInfo">&lt;html xmlns:fo=&quot;http://www.w3.org/1999/XSL/Format&quot; xmlns:msxsl=&quot;urn:schemas-microsoft-com:xslt&quot;&gt;
&lt;head&gt;
&lt;META http-equiv=&quot;Content-Type&quot; content=&quot;text/html&quot;&gt;
&lt;meta http-equiv=&quot;content-type&quot; content=&quot;text/html; charset=UTF-8&quot;&gt;
&lt;/head&gt;
&lt;body style=&quot;margin:0</SimpleData>
		<SimpleData name="Shape_Leng">0.00235826014</SimpleData>
		<SimpleData name="Shape_Area">0.00000025875</SimpleData>
		<SimpleData name="Plantation">Proposed</SimpleData>
		<SimpleData name="layer">Khunta_proposed</SimpleData>
		<SimpleData name="path">D:\Project\Shristi\4th_round\Khunta_proposed.shp</SimpleData>
	</SchemaData></ExtendedData>
      <MultiGeometry><Polygon><outerBoundaryIs><LinearRing><coordinates>86.524108342,21.7443609380001,0 86.5242087940001,21.744606106,0 86.5245783460001,21.7445352230001,0 86.5250817520001,21.744436181,0 86.5249942140001,21.7441558360001,0 86.5247426430001,21.744195194,0 86.5244148680001,21.74427697,0 86.524108342,21.7443609380001,0</coordinates></LinearRing></outerBoundaryIs></Polygon></MultiGeometry>
  </Placemark>
  <Placemark>
	<name>Placemark</name>
	<Style><LineStyle><color>ff0000ff</color></LineStyle><PolyStyle><fill>0</fill></PolyStyle></Style>
	<ExtendedData><SchemaData schemaUrl="#merged">
		<SimpleData name="OID_">0</SimpleData>
		<SimpleData name="FolderPath">L1.kml/_Polygons_</SimpleData>
		<SimpleData name="SymbolID">0</SimpleData>
		<SimpleData name="AltMode">0</SimpleData>
		<SimpleData name="Base">0.00000000000</SimpleData>
		<SimpleData name="Clamped">-1</SimpleData>
		<SimpleData name="Extruded">0</SimpleData>
		<SimpleData name="PopupInfo">&lt;html xmlns:fo=&quot;http://www.w3.org/1999/XSL/Format&quot; xmlns:msxsl=&quot;urn:schemas-microsoft-com:xslt&quot;&gt;
&lt;head&gt;
&lt;META http-equiv=&quot;Content-Type&quot; content=&quot;text/html&quot;&gt;
&lt;meta http-equiv=&quot;content-type&quot; content=&quot;text/html; charset=UTF-8&quot;&gt;
&lt;/head&gt;
&lt;body style=&quot;margin:0</SimpleData>
		<SimpleData name="Shape_Leng">0.00191172518</SimpleData>
		<SimpleData name="Shape_Area">0.00000021420</SimpleData>
		<SimpleData name="Plantation">Proposed</SimpleData>
		<SimpleData name="layer">Khunta_proposed</SimpleData>
		<SimpleData name="path">D:\Project\Shristi\4th_round\Khunta_proposed.shp</SimpleData>
	</SchemaData></ExtendedData>
      <MultiGeometry><Polygon><outerBoundaryIs><LinearRing><coordinates>86.5289630950001,21.741873651,0 86.5289658670001,21.7415978700001,0 86.5287132430001,21.741536492,0 86.5285198120001,21.7417933560001,0 86.5284567290001,21.7422191690001,0 86.5287088360001,21.7421169260001,0 86.5289630950001,21.741873651,0</coordinates></LinearRing></outerBoundaryIs></Polygon></MultiGeometry>
  </Placemark>
  <Placemark>
	<name>Placemark</name>
	<Style><LineStyle><color>ff0000ff</color></LineStyle><PolyStyle><fill>0</fill></PolyStyle></Style>
	<ExtendedData><SchemaData schemaUrl="#merged">
		<SimpleData name="OID_">0</SimpleData>
		<SimpleData name="FolderPath">L1.kml/_Polygons_</SimpleData>
		<SimpleData name="SymbolID">0</SimpleData>
		<SimpleData name="AltMode">0</SimpleData>
		<SimpleData name="Base">0.00000000000</SimpleData>
		<SimpleData name="Clamped">-1</SimpleData>
		<SimpleData name="Extruded">0</SimpleData>
		<SimpleData name="PopupInfo">&lt;html xmlns:fo=&quot;http://www.w3.org/1999/XSL/Format&quot; xmlns:msxsl=&quot;urn:schemas-microsoft-com:xslt&quot;&gt;
&lt;head&gt;
&lt;META http-equiv=&quot;Content-Type&quot; content=&quot;text/html&quot;&gt;
&lt;meta http-equiv=&quot;content-type&quot; content=&quot;text/html; charset=UTF-8&quot;&gt;
&lt;/head&gt;
&lt;body style=&quot;margin:0</SimpleData>
		<SimpleData name="Shape_Leng">0.00213400031</SimpleData>
		<SimpleData name="Shape_Area">0.00000023990</SimpleData>
		<SimpleData name="Plantation">Proposed</SimpleData>
		<SimpleData name="layer">Khunta_proposed</SimpleData>
		<SimpleData name="path">D:\Project\Shristi\4th_round\Khunta_proposed.shp</SimpleData>
	</SchemaData></ExtendedData>
      <MultiGeometry><Polygon><outerBoundaryIs><LinearRing><coordinates>86.52924196,21.742065391,0 86.529387209,21.741746044,0 86.529450292,21.74147794,0 86.5290608990001,21.7412788450001,0 86.5289371590001,21.741275521,0 86.529048071,21.741503591,0 86.5289847490001,21.741602288,0 86.5289801150001,21.7418172320001,0 86.52924196,21.742065391,0</coordinates></LinearRing></outerBoundaryIs></Polygon></MultiGeometry>
  </Placemark>
  <Placemark>
	<name>Placemark</name>
	<Style><LineStyle><color>ff0000ff</color></LineStyle><PolyStyle><fill>0</fill></PolyStyle></Style>
	<ExtendedData><SchemaData schemaUrl="#merged">
		<SimpleData name="OID_">0</SimpleData>
		<SimpleData name="FolderPath">L1.kml/_Polygons_</SimpleData>
		<SimpleData name="SymbolID">0</SimpleData>
		<SimpleData name="AltMode">0</SimpleData>
		<SimpleData name="Base">0.00000000000</SimpleData>
		<SimpleData name="Clamped">-1</SimpleData>
		<SimpleData name="Extruded">0</SimpleData>
		<SimpleData name="PopupInfo">&lt;html xmlns:fo=&quot;http://www.w3.org/1999/XSL/Format&quot; xmlns:msxsl=&quot;urn:schemas-microsoft-com:xslt&quot;&gt;
&lt;head&gt;
&lt;META http-equiv=&quot;Content-Type&quot; content=&quot;text/html&quot;&gt;
&lt;meta http-equiv=&quot;content-type&quot; content=&quot;text/html; charset=UTF-8&quot;&gt;
&lt;/head&gt;
&lt;body style=&quot;margin:0</SimpleData>
		<SimpleData name="Shape_Leng">0.00295646763</SimpleData>
		<SimpleData name="Shape_Area">0.00000049019</SimpleData>
		<SimpleData name="Plantation">Proposed</SimpleData>
		<SimpleData name="layer">Khunta_proposed</SimpleData>
		<SimpleData name="path">D:\Project\Shristi\4th_round\Khunta_proposed.shp</SimpleData>
	</SchemaData></ExtendedData>
      <MultiGeometry><Polygon><outerBoundaryIs><LinearRing><coordinates>86.527860306,21.743058788,0 86.5283342530001,21.7438271830001,0 86.5287457000001,21.7438261,0 86.528565412,21.742920241,0 86.527860306,21.743058788,0</coordinates></LinearRing></outerBoundaryIs></Polygon></MultiGeometry>
  </Placemark>
  <Placemark>
	<name>Placemark</name>
	<Style><LineStyle><color>ff0000ff</color></LineStyle><PolyStyle><fill>0</fill></PolyStyle></Style>
	<ExtendedData><SchemaData schemaUrl="#merged">
		<SimpleData name="OID_">0</SimpleData>
		<SimpleData name="FolderPath">L1.kml/_Polygons_</SimpleData>
		<SimpleData name="SymbolID">0</SimpleData>
		<SimpleData name="AltMode">0</SimpleData>
		<SimpleData name="Base">0.00000000000</SimpleData>
		<SimpleData name="Clamped">-1</SimpleData>
		<SimpleData name="Extruded">0</SimpleData>
		<SimpleData name="PopupInfo">&lt;html xmlns:fo=&quot;http://www.w3.org/1999/XSL/Format&quot; xmlns:msxsl=&quot;urn:schemas-microsoft-com:xslt&quot;&gt;
&lt;head&gt;
&lt;META http-equiv=&quot;Content-Type&quot; content=&quot;text/html&quot;&gt;
&lt;meta http-equiv=&quot;content-type&quot; content=&quot;text/html; charset=UTF-8&quot;&gt;
&lt;/head&gt;
&lt;body style=&quot;margin:0</SimpleData>
		<SimpleData name="Shape_Leng">0.00434286486</SimpleData>
		<SimpleData name="Shape_Area">0.00000104927</SimpleData>
		<SimpleData name="Plantation">Proposed</SimpleData>
		<SimpleData name="layer">Khunta_proposed</SimpleData>
		<SimpleData name="path">D:\Project\Shristi\4th_round\Khunta_proposed.shp</SimpleData>
	</SchemaData></ExtendedData>
      <MultiGeometry><Polygon><outerBoundaryIs><LinearRing><coordinates>86.529184576,21.7421069010001,0 86.52886577,21.742549808,0 86.528652756,21.742852914,0 86.5289736620001,21.7437816950001,0 86.5297995280001,21.743576058,0 86.5294483280001,21.742699422,0 86.529184576,21.7421069010001,0</coordinates></LinearRing></outerBoundaryIs></Polygon></MultiGeometry>
  </Placemark>
  <Placemark>
	<name>Placemark</name>
	<Style><LineStyle><color>ff0000ff</color></LineStyle><PolyStyle><fill>0</fill></PolyStyle></Style>
	<ExtendedData><SchemaData schemaUrl="#merged">
		<SimpleData name="OID_">0</SimpleData>
		<SimpleData name="FolderPath">L1.kml/_Polygons_</SimpleData>
		<SimpleData name="SymbolID">0</SimpleData>
		<SimpleData name="AltMode">0</SimpleData>
		<SimpleData name="Base">0.00000000000</SimpleData>
		<SimpleData name="Clamped">-1</SimpleData>
		<SimpleData name="Extruded">0</SimpleData>
		<SimpleData name="PopupInfo">&lt;html xmlns:fo=&quot;http://www.w3.org/1999/XSL/Format&quot; xmlns:msxsl=&quot;urn:schemas-microsoft-com:xslt&quot;&gt;
&lt;head&gt;
&lt;META http-equiv=&quot;Content-Type&quot; content=&quot;text/html&quot;&gt;
&lt;meta http-equiv=&quot;content-type&quot; content=&quot;text/html; charset=UTF-8&quot;&gt;
&lt;/head&gt;
&lt;body style=&quot;margin:0</SimpleData>
		<SimpleData name="Shape_Leng">0.00148339642</SimpleData>
		<SimpleData name="Shape_Area">0.00000013072</SimpleData>
		<SimpleData name="Plantation">Proposed</SimpleData>
		<SimpleData name="layer">Khunta_proposed</SimpleData>
		<SimpleData name="path">D:\Project\Shristi\4th_round\Khunta_proposed.shp</SimpleData>
	</SchemaData></ExtendedData>
      <MultiGeometry><Polygon><outerBoundaryIs><LinearRing><coordinates>86.5369212580001,21.7824807260001,0 86.537362424,21.7823314520001,0 86.5372100540001,21.782127455,0 86.5371085,21.7821506,0 86.5369724710001,21.7821624540001,0 86.5367808880001,21.7822408800001,0 86.536766829,21.7823582880001,0 86.5369212580001,21.7824807260001,0</coordinates></LinearRing></outerBoundaryIs></Polygon></MultiGeometry>
  </Placemark>
  <Placemark>
	<name>Placemark</name>
	<Style><LineStyle><color>ff0000ff</color></LineStyle><PolyStyle><fill>0</fill></PolyStyle></Style>
	<ExtendedData><SchemaData schemaUrl="#merged">
		<SimpleData name="OID_">0</SimpleData>
		<SimpleData name="FolderPath">L1.kml/_Polygons_</SimpleData>
		<SimpleData name="SymbolID">0</SimpleData>
		<SimpleData name="AltMode">0</SimpleData>
		<SimpleData name="Base">0.00000000000</SimpleData>
		<SimpleData name="Clamped">-1</SimpleData>
		<SimpleData name="Extruded">0</SimpleData>
		<SimpleData name="PopupInfo">&lt;html xmlns:fo=&quot;http://www.w3.org/1999/XSL/Format&quot; xmlns:msxsl=&quot;urn:schemas-microsoft-com:xslt&quot;&gt;
&lt;head&gt;
&lt;META http-equiv=&quot;Content-Type&quot; content=&quot;text/html&quot;&gt;
&lt;meta http-equiv=&quot;content-type&quot; content=&quot;text/html; charset=UTF-8&quot;&gt;
&lt;/head&gt;
&lt;body style=&quot;margin:0</SimpleData>
		<SimpleData name="Shape_Leng">0.00262223563</SimpleData>
		<SimpleData name="Shape_Area">0.00000043333</SimpleData>
		<SimpleData name="Plantation">Proposed</SimpleData>
		<SimpleData name="layer">Khunta_proposed</SimpleData>
		<SimpleData name="path">D:\Project\Shristi\4th_round\Khunta_proposed.shp</SimpleData>
	</SchemaData></ExtendedData>
      <MultiGeometry><Polygon><outerBoundaryIs><LinearRing><coordinates>86.5373090900001,21.782378717,0 86.5371129200001,21.7824399080001,0 86.536958171,21.7824989810001,0 86.5371718430001,21.7832385040001,0 86.5377468680001,21.7830679200001,0 86.5376635970001,21.782851389,0 86.537673904,21.7826921540001,0 86.5374649870001,21.7824756000001,0 86.5374035090001,21.7824624670001,0 86.5373090900001,21.782378717,0</coordinates></LinearRing></outerBoundaryIs></Polygon></MultiGeometry>
  </Placemark>
  <Placemark>
	<name>Placemark</name>
	<Style><LineStyle><color>ff0000ff</color></LineStyle><PolyStyle><fill>0</fill></PolyStyle></Style>
	<ExtendedData><SchemaData schemaUrl="#merged">
		<SimpleData name="OID_">0</SimpleData>
		<SimpleData name="FolderPath">L1.kml/_Polygons_</SimpleData>
		<SimpleData name="SymbolID">0</SimpleData>
		<SimpleData name="AltMode">0</SimpleData>
		<SimpleData name="Base">0.00000000000</SimpleData>
		<SimpleData name="Clamped">-1</SimpleData>
		<SimpleData name="Extruded">0</SimpleData>
		<SimpleData name="PopupInfo">&lt;html xmlns:fo=&quot;http://www.w3.org/1999/XSL/Format&quot; xmlns:msxsl=&quot;urn:schemas-microsoft-com:xslt&quot;&gt;
&lt;head&gt;
&lt;META http-equiv=&quot;Content-Type&quot; content=&quot;text/html&quot;&gt;
&lt;meta http-equiv=&quot;content-type&quot; content=&quot;text/html; charset=UTF-8&quot;&gt;
&lt;/head&gt;
&lt;body style=&quot;margin:0</SimpleData>
		<SimpleData name="Shape_Leng">0.00153046691</SimpleData>
		<SimpleData name="Shape_Area">0.00000014223</SimpleData>
		<SimpleData name="Plantation">Proposed</SimpleData>
		<SimpleData name="layer">Khunta_proposed</SimpleData>
		<SimpleData name="path">D:\Project\Shristi\4th_round\Khunta_proposed.shp</SimpleData>
	</SchemaData></ExtendedData>
      <MultiGeometry><Polygon><outerBoundaryIs><LinearRing><coordinates>86.535346915,21.757943299,0 86.5352424430001,21.7576552900001,0 86.534839994,21.757850638,0 86.53485806,21.757961773,0 86.534935315,21.7581500700001,0 86.535346915,21.757943299,0</coordinates></LinearRing></outerBoundaryIs></Polygon></MultiGeometry>
  </Placemark>
  <Placemark>
	<name>Placemark</name>
	<Style><LineStyle><color>ff0000ff</color></LineStyle><PolyStyle><fill>0</fill></PolyStyle></Style>
	<ExtendedData><SchemaData schemaUrl="#merged">
		<SimpleData name="OID_">0</SimpleData>
		<SimpleData name="FolderPath">L1.kml/_Polygons_</SimpleData>
		<SimpleData name="SymbolID">0</SimpleData>
		<SimpleData name="AltMode">0</SimpleData>
		<SimpleData name="Base">0.00000000000</SimpleData>
		<SimpleData name="Clamped">-1</SimpleData>
		<SimpleData name="Extruded">0</SimpleData>
		<SimpleData name="PopupInfo">&lt;html xmlns:fo=&quot;http://www.w3.org/1999/XSL/Format&quot; xmlns:msxsl=&quot;urn:schemas-microsoft-com:xslt&quot;&gt;
&lt;head&gt;
&lt;META http-equiv=&quot;Content-Type&quot; content=&quot;text/html&quot;&gt;
&lt;meta http-equiv=&quot;content-type&quot; content=&quot;text/html; charset=UTF-8&quot;&gt;
&lt;/head&gt;
&lt;body style=&quot;margin:0</SimpleData>
		<SimpleData name="Shape_Leng">0.00136789697</SimpleData>
		<SimpleData name="Shape_Area">0.00000011728</SimpleData>
		<SimpleData name="Plantation">Proposed</SimpleData>
		<SimpleData name="layer">Khunta_proposed</SimpleData>
		<SimpleData name="path">D:\Project\Shristi\4th_round\Khunta_proposed.shp</SimpleData>
	</SchemaData></ExtendedData>
      <MultiGeometry><Polygon><outerBoundaryIs><LinearRing><coordinates>86.5352945380001,21.758610619,0 86.5351563360001,21.7582088930001,0 86.534948656,21.7583309770001,0 86.5349809150001,21.7586832810001,0 86.535159143,21.7587102790001,0 86.5352945380001,21.758610619,0</coordinates></LinearRing></outerBoundaryIs></Polygon></MultiGeometry>
  </Placemark>
  <Placemark>
	<name>Placemark</name>
	<Style><LineStyle><color>ff0000ff</color></LineStyle><PolyStyle><fill>0</fill></PolyStyle></Style>
	<ExtendedData><SchemaData schemaUrl="#merged">
		<SimpleData name="OID_">0</SimpleData>
		<SimpleData name="FolderPath">L1.kml/_Polygons_</SimpleData>
		<SimpleData name="SymbolID">0</SimpleData>
		<SimpleData name="AltMode">0</SimpleData>
		<SimpleData name="Base">0.00000000000</SimpleData>
		<SimpleData name="Clamped">-1</SimpleData>
		<SimpleData name="Extruded">0</SimpleData>
		<SimpleData name="PopupInfo">&lt;html xmlns:fo=&quot;http://www.w3.org/1999/XSL/Format&quot; xmlns:msxsl=&quot;urn:schemas-microsoft-com:xslt&quot;&gt;
&lt;head&gt;
&lt;META http-equiv=&quot;Content-Type&quot; content=&quot;text/html&quot;&gt;
&lt;meta http-equiv=&quot;content-type&quot; content=&quot;text/html; charset=UTF-8&quot;&gt;
&lt;/head&gt;
&lt;body style=&quot;margin:0</SimpleData>
		<SimpleData name="Shape_Leng">0.00198164815</SimpleData>
		<SimpleData name="Shape_Area">0.00000024259</SimpleData>
		<SimpleData name="Plantation">Proposed</SimpleData>
		<SimpleData name="layer">Khunta_proposed</SimpleData>
		<SimpleData name="path">D:\Project\Shristi\4th_round\Khunta_proposed.shp</SimpleData>
	</SchemaData></ExtendedData>
      <MultiGeometry><Polygon><outerBoundaryIs><LinearRing><coordinates>86.5352065490001,21.7575714710001,0 86.5350166700001,21.7571039970001,0 86.5345787100001,21.757316308,0 86.5346934360001,21.7575416120001,0 86.5348111640001,21.757797813,0 86.5352065490001,21.7575714710001,0</coordinates></LinearRing></outerBoundaryIs></Polygon></MultiGeometry>
  </Placemark>
  <Placemark>
	<name>Placemark</name>
	<Style><LineStyle><color>ff0000ff</color></LineStyle><PolyStyle><fill>0</fill></PolyStyle></Style>
	<ExtendedData><SchemaData schemaUrl="#merged">
		<SimpleData name="OID_">0</SimpleData>
		<SimpleData name="FolderPath">L1.kml/_Polygons_</SimpleData>
		<SimpleData name="SymbolID">0</SimpleData>
		<SimpleData name="AltMode">0</SimpleData>
		<SimpleData name="Base">0.00000000000</SimpleData>
		<SimpleData name="Clamped">-1</SimpleData>
		<SimpleData name="Extruded">0</SimpleData>
		<SimpleData name="PopupInfo">&lt;html xmlns:fo=&quot;http://www.w3.org/1999/XSL/Format&quot; xmlns:msxsl=&quot;urn:schemas-microsoft-com:xslt&quot;&gt;
&lt;head&gt;
&lt;META http-equiv=&quot;Content-Type&quot; content=&quot;text/html&quot;&gt;
&lt;meta http-equiv=&quot;content-type&quot; content=&quot;text/html; charset=UTF-8&quot;&gt;
&lt;/head&gt;
&lt;body style=&quot;margin:0</SimpleData>
		<SimpleData name="Shape_Leng">0.00225581189</SimpleData>
		<SimpleData name="Shape_Area">0.00000029397</SimpleData>
		<SimpleData name="Plantation">Proposed</SimpleData>
		<SimpleData name="layer">Khunta_proposed</SimpleData>
		<SimpleData name="path">D:\Project\Shristi\4th_round\Khunta_proposed.shp</SimpleData>
	</SchemaData></ExtendedData>
      <MultiGeometry><Polygon><outerBoundaryIs><LinearRing><coordinates>86.5353765710001,21.759273308,0 86.5353483530001,21.7590720220001,0 86.535220549,21.7588572020001,0 86.5350559660001,21.758745822,0 86.534831271,21.758762333,0 86.5348593950001,21.7589050080001,0 86.5348528470001,21.7590590500001,0 86.5348557450001,21.759206928,0 86.534769274,21.75940825,0 86.5349414560001,21.759380806,0 86.5350887580001,21.7593881540001,0 86.5352547090001,21.7594008200001,0 86.535368352,21.7593813780001,0 86.5353765710001,21.759273308,0</coordinates></LinearRing></outerBoundaryIs></Polygon></MultiGeometry>
  </Placemark>
  <Placemark>
	<name>Placemark</name>
	<Style><LineStyle><color>ff0000ff</color></LineStyle><PolyStyle><fill>0</fill></PolyStyle></Style>
	<ExtendedData><SchemaData schemaUrl="#merged">
		<SimpleData name="OID_">0</SimpleData>
		<SimpleData name="FolderPath">L1.kml/_Polygons_</SimpleData>
		<SimpleData name="SymbolID">0</SimpleData>
		<SimpleData name="AltMode">0</SimpleData>
		<SimpleData name="Base">0.00000000000</SimpleData>
		<SimpleData name="Clamped">-1</SimpleData>
		<SimpleData name="Extruded">0</SimpleData>
		<SimpleData name="PopupInfo">&lt;html xmlns:fo=&quot;http://www.w3.org/1999/XSL/Format&quot; xmlns:msxsl=&quot;urn:schemas-microsoft-com:xslt&quot;&gt;
&lt;head&gt;
&lt;META http-equiv=&quot;Content-Type&quot; content=&quot;text/html&quot;&gt;
&lt;meta http-equiv=&quot;content-type&quot; content=&quot;text/html; charset=UTF-8&quot;&gt;
&lt;/head&gt;
&lt;body style=&quot;margin:0</SimpleData>
		<SimpleData name="Shape_Leng">0.00127816519</SimpleData>
		<SimpleData name="Shape_Area">0.00000009172</SimpleData>
		<SimpleData name="Plantation">Proposed</SimpleData>
		<SimpleData name="layer">Khunta_proposed</SimpleData>
		<SimpleData name="path">D:\Project\Shristi\4th_round\Khunta_proposed.shp</SimpleData>
	</SchemaData></ExtendedData>
      <MultiGeometry><Polygon><outerBoundaryIs><LinearRing><coordinates>86.5412123,21.7489667,0 86.541188597,21.749038753,0 86.5411925750001,21.749150882,0 86.5412341730001,21.7492882060001,0 86.541469911,21.749126168,0 86.5413649910001,21.7488038700001,0 86.541173493,21.74884769,0 86.5412123,21.7489667,0</coordinates></LinearRing></outerBoundaryIs></Polygon></MultiGeometry>
  </Placemark>
  <Placemark>
	<name>Placemark</name>
	<Style><LineStyle><color>ff0000ff</color></LineStyle><PolyStyle><fill>0</fill></PolyStyle></Style>
	<ExtendedData><SchemaData schemaUrl="#merged">
		<SimpleData name="OID_">0</SimpleData>
		<SimpleData name="FolderPath">L1.kml/_Polygons_</SimpleData>
		<SimpleData name="SymbolID">0</SimpleData>
		<SimpleData name="AltMode">0</SimpleData>
		<SimpleData name="Base">0.00000000000</SimpleData>
		<SimpleData name="Clamped">-1</SimpleData>
		<SimpleData name="Extruded">0</SimpleData>
		<SimpleData name="PopupInfo">&lt;html xmlns:fo=&quot;http://www.w3.org/1999/XSL/Format&quot; xmlns:msxsl=&quot;urn:schemas-microsoft-com:xslt&quot;&gt;
&lt;head&gt;
&lt;META http-equiv=&quot;Content-Type&quot; content=&quot;text/html&quot;&gt;
&lt;meta http-equiv=&quot;content-type&quot; content=&quot;text/html; charset=UTF-8&quot;&gt;
&lt;/head&gt;
&lt;body style=&quot;margin:0</SimpleData>
		<SimpleData name="Shape_Leng">0.00309940885</SimpleData>
		<SimpleData name="Shape_Area">0.00000064544</SimpleData>
		<SimpleData name="Plantation">Proposed</SimpleData>
		<SimpleData name="layer">Khunta_proposed</SimpleData>
		<SimpleData name="path">D:\Project\Shristi\4th_round\Khunta_proposed.shp</SimpleData>
	</SchemaData></ExtendedData>
      <MultiGeometry><Polygon><outerBoundaryIs><LinearRing><coordinates>86.523331166,21.723229315,0 86.5238016970001,21.723984694,0 86.524282815,21.7235393170001,0 86.5242997000001,21.7232682330001,0 86.523991863,21.722905822,0 86.5234787150001,21.7229820320001,0 86.523331166,21.723229315,0</coordinates></LinearRing></outerBoundaryIs></Polygon></MultiGeometry>
  </Placemark>
  <Placemark>
	<name>Placemark</name>
	<Style><LineStyle><color>ff0000ff</color></LineStyle><PolyStyle><fill>0</fill></PolyStyle></Style>
	<ExtendedData><SchemaData schemaUrl="#merged">
		<SimpleData name="OID_">0</SimpleData>
		<SimpleData name="FolderPath">L1.kml/_Polygons_</SimpleData>
		<SimpleData name="SymbolID">0</SimpleData>
		<SimpleData name="AltMode">0</SimpleData>
		<SimpleData name="Base">0.00000000000</SimpleData>
		<SimpleData name="Clamped">-1</SimpleData>
		<SimpleData name="Extruded">0</SimpleData>
		<SimpleData name="PopupInfo">&lt;html xmlns:fo=&quot;http://www.w3.org/1999/XSL/Format&quot; xmlns:msxsl=&quot;urn:schemas-microsoft-com:xslt&quot;&gt;
&lt;head&gt;
&lt;META http-equiv=&quot;Content-Type&quot; content=&quot;text/html&quot;&gt;
&lt;meta http-equiv=&quot;content-type&quot; content=&quot;text/html; charset=UTF-8&quot;&gt;
&lt;/head&gt;
&lt;body style=&quot;margin:0</SimpleData>
		<SimpleData name="Shape_Leng">0.00305079402</SimpleData>
		<SimpleData name="Shape_Area">0.00000046801</SimpleData>
		<SimpleData name="Plantation">Proposed</SimpleData>
		<SimpleData name="layer">Khunta_proposed</SimpleData>
		<SimpleData name="path">D:\Project\Shristi\4th_round\Khunta_proposed.shp</SimpleData>
	</SchemaData></ExtendedData>
      <MultiGeometry><Polygon><outerBoundaryIs><LinearRing><coordinates>86.5234333230001,21.7255517990001,0 86.5237129290001,21.7260835290001,0 86.5241425840001,21.726054473,0 86.524309852,21.7259604330001,0 86.5245111090001,21.7258247660001,0 86.5243272220001,21.7254387990001,0 86.5238913860001,21.7256412080001,0 86.5237519490001,21.7253664620001,0 86.5234333230001,21.7255517990001,0</coordinates></LinearRing></outerBoundaryIs></Polygon></MultiGeometry>
  </Placemark>
  <Placemark>
	<name>Placemark</name>
	<Style><LineStyle><color>ff0000ff</color></LineStyle><PolyStyle><fill>0</fill></PolyStyle></Style>
	<ExtendedData><SchemaData schemaUrl="#merged">
		<SimpleData name="OID_">0</SimpleData>
		<SimpleData name="FolderPath">L1.kml/_Polygons_</SimpleData>
		<SimpleData name="SymbolID">0</SimpleData>
		<SimpleData name="AltMode">0</SimpleData>
		<SimpleData name="Base">0.00000000000</SimpleData>
		<SimpleData name="Clamped">-1</SimpleData>
		<SimpleData name="Extruded">0</SimpleData>
		<SimpleData name="PopupInfo">&lt;html xmlns:fo=&quot;http://www.w3.org/1999/XSL/Format&quot; xmlns:msxsl=&quot;urn:schemas-microsoft-com:xslt&quot;&gt;
&lt;head&gt;
&lt;META http-equiv=&quot;Content-Type&quot; content=&quot;text/html&quot;&gt;
&lt;meta http-equiv=&quot;content-type&quot; content=&quot;text/html; charset=UTF-8&quot;&gt;
&lt;/head&gt;
&lt;body style=&quot;margin:0</SimpleData>
		<SimpleData name="Shape_Leng">0.00225769139</SimpleData>
		<SimpleData name="Shape_Area">0.00000030596</SimpleData>
		<SimpleData name="Plantation">Proposed</SimpleData>
		<SimpleData name="layer">Khunta_proposed</SimpleData>
		<SimpleData name="path">D:\Project\Shristi\4th_round\Khunta_proposed.shp</SimpleData>
	</SchemaData></ExtendedData>
      <MultiGeometry><Polygon><outerBoundaryIs><LinearRing><coordinates>86.5230756920001,21.726553602,0 86.5232439530001,21.7264848340001,0 86.52374087,21.7262944230001,0 86.523662352,21.7260874740001,0 86.5235623770001,21.7258810430001,0 86.5231787540001,21.7260489820001,0 86.5229131180001,21.726262277,0 86.5230756920001,21.726553602,0</coordinates></LinearRing></outerBoundaryIs></Polygon></MultiGeometry>
  </Placemark>
  <Placemark>
	<name>Placemark</name>
	<Style><LineStyle><color>ff0000ff</color></LineStyle><PolyStyle><fill>0</fill></PolyStyle></Style>
	<ExtendedData><SchemaData schemaUrl="#merged">
		<SimpleData name="OID_">0</SimpleData>
		<SimpleData name="FolderPath">L1.kml/_Polygons_</SimpleData>
		<SimpleData name="SymbolID">0</SimpleData>
		<SimpleData name="AltMode">0</SimpleData>
		<SimpleData name="Base">0.00000000000</SimpleData>
		<SimpleData name="Clamped">-1</SimpleData>
		<SimpleData name="Extruded">0</SimpleData>
		<SimpleData name="PopupInfo">&lt;html xmlns:fo=&quot;http://www.w3.org/1999/XSL/Format&quot; xmlns:msxsl=&quot;urn:schemas-microsoft-com:xslt&quot;&gt;
&lt;head&gt;
&lt;META http-equiv=&quot;Content-Type&quot; content=&quot;text/html&quot;&gt;
&lt;meta http-equiv=&quot;content-type&quot; content=&quot;text/html; charset=UTF-8&quot;&gt;
&lt;/head&gt;
&lt;body style=&quot;margin:0</SimpleData>
		<SimpleData name="Shape_Leng">0.00181799211</SimpleData>
		<SimpleData name="Shape_Area">0.00000009159</SimpleData>
		<SimpleData name="Plantation">Proposed</SimpleData>
		<SimpleData name="layer">Khunta_proposed</SimpleData>
		<SimpleData name="path">D:\Project\Shristi\4th_round\Khunta_proposed.shp</SimpleData>
	</SchemaData></ExtendedData>
      <MultiGeometry><Polygon><outerBoundaryIs><LinearRing><coordinates>86.523558323,21.7258768510001,0 86.52352153,21.7257565780001,0 86.522805867,21.726100902,0 86.5229130150001,21.726221772,0 86.523180123,21.7260316970001,0 86.523558323,21.7258768510001,0</coordinates></LinearRing></outerBoundaryIs></Polygon></MultiGeometry>
  </Placemark>
  <Placemark>
	<name>Placemark</name>
	<Style><LineStyle><color>ff0000ff</color></LineStyle><PolyStyle><fill>0</fill></PolyStyle></Style>
	<ExtendedData><SchemaData schemaUrl="#merged">
		<SimpleData name="OID_">0</SimpleData>
		<SimpleData name="FolderPath">L1.kml/_Polygons_</SimpleData>
		<SimpleData name="SymbolID">0</SimpleData>
		<SimpleData name="AltMode">0</SimpleData>
		<SimpleData name="Base">0.00000000000</SimpleData>
		<SimpleData name="Clamped">-1</SimpleData>
		<SimpleData name="Extruded">0</SimpleData>
		<SimpleData name="PopupInfo">&lt;html xmlns:fo=&quot;http://www.w3.org/1999/XSL/Format&quot; xmlns:msxsl=&quot;urn:schemas-microsoft-com:xslt&quot;&gt;
&lt;head&gt;
&lt;META http-equiv=&quot;Content-Type&quot; content=&quot;text/html&quot;&gt;
&lt;meta http-equiv=&quot;content-type&quot; content=&quot;text/html; charset=UTF-8&quot;&gt;
&lt;/head&gt;
&lt;body style=&quot;margin:0</SimpleData>
		<SimpleData name="Shape_Leng">0.00205284371</SimpleData>
		<SimpleData name="Shape_Area">0.00000019877</SimpleData>
		<SimpleData name="Plantation">Proposed</SimpleData>
		<SimpleData name="layer">Khunta_proposed</SimpleData>
		<SimpleData name="path">D:\Project\Shristi\4th_round\Khunta_proposed.shp</SimpleData>
	</SchemaData></ExtendedData>
      <MultiGeometry><Polygon><outerBoundaryIs><LinearRing><coordinates>86.522799918,21.7260790510001,0 86.5235096470001,21.7257442600001,0 86.523412884,21.725563418,0 86.5228885910001,21.7257165140001,0 86.5226610490001,21.7259668230001,0 86.522799918,21.7260790510001,0</coordinates></LinearRing></outerBoundaryIs></Polygon></MultiGeometry>
  </Placemark>
  <Placemark>
	<name>Placemark</name>
	<Style><LineStyle><color>ff0000ff</color></LineStyle><PolyStyle><fill>0</fill></PolyStyle></Style>
	<ExtendedData><SchemaData schemaUrl="#merged">
		<SimpleData name="OID_">0</SimpleData>
		<SimpleData name="FolderPath">L1.kml/_Polygons_</SimpleData>
		<SimpleData name="SymbolID">0</SimpleData>
		<SimpleData name="AltMode">0</SimpleData>
		<SimpleData name="Base">0.00000000000</SimpleData>
		<SimpleData name="Clamped">-1</SimpleData>
		<SimpleData name="Extruded">0</SimpleData>
		<SimpleData name="PopupInfo">&lt;html xmlns:fo=&quot;http://www.w3.org/1999/XSL/Format&quot; xmlns:msxsl=&quot;urn:schemas-microsoft-com:xslt&quot;&gt;
&lt;head&gt;
&lt;META http-equiv=&quot;Content-Type&quot; content=&quot;text/html&quot;&gt;
&lt;meta http-equiv=&quot;content-type&quot; content=&quot;text/html; charset=UTF-8&quot;&gt;
&lt;/head&gt;
&lt;body style=&quot;margin:0</SimpleData>
		<SimpleData name="Shape_Leng">0.00243893175</SimpleData>
		<SimpleData name="Shape_Area">0.00000033817</SimpleData>
		<SimpleData name="Plantation">Proposed</SimpleData>
		<SimpleData name="layer">Khunta_proposed</SimpleData>
		<SimpleData name="path">D:\Project\Shristi\4th_round\Khunta_proposed.shp</SimpleData>
	</SchemaData></ExtendedData>
      <MultiGeometry><Polygon><outerBoundaryIs><LinearRing><coordinates>86.522351906,21.725134032,0 86.522443432,21.7250987080001,0 86.5226766430001,21.725021644,0 86.5224826770001,21.724764012,0 86.522236374,21.7245571010001,0 86.5219959710001,21.7247900570001,0 86.5219863570001,21.7248873550001,0 86.5219159440001,21.7249293570001,0 86.521798453,21.725006509,0 86.5219582500001,21.7253263540001,0 86.5222385020001,21.7251977610001,0 86.522351906,21.725134032,0</coordinates></LinearRing></outerBoundaryIs></Polygon></MultiGeometry>
  </Placemark>
  <Placemark>
	<name>Placemark</name>
	<Style><LineStyle><color>ff0000ff</color></LineStyle><PolyStyle><fill>0</fill></PolyStyle></Style>
	<ExtendedData><SchemaData schemaUrl="#merged">
		<SimpleData name="OID_">0</SimpleData>
		<SimpleData name="FolderPath">L1.kml/_Polygons_</SimpleData>
		<SimpleData name="SymbolID">0</SimpleData>
		<SimpleData name="AltMode">0</SimpleData>
		<SimpleData name="Base">0.00000000000</SimpleData>
		<SimpleData name="Clamped">-1</SimpleData>
		<SimpleData name="Extruded">0</SimpleData>
		<SimpleData name="PopupInfo">&lt;html xmlns:fo=&quot;http://www.w3.org/1999/XSL/Format&quot; xmlns:msxsl=&quot;urn:schemas-microsoft-com:xslt&quot;&gt;
&lt;head&gt;
&lt;META http-equiv=&quot;Content-Type&quot; content=&quot;text/html&quot;&gt;
&lt;meta http-equiv=&quot;content-type&quot; content=&quot;text/html; charset=UTF-8&quot;&gt;
&lt;/head&gt;
&lt;body style=&quot;margin:0</SimpleData>
		<SimpleData name="Shape_Leng">0.00215502307</SimpleData>
		<SimpleData name="Shape_Area">0.00000016350</SimpleData>
		<SimpleData name="Plantation">Proposed</SimpleData>
		<SimpleData name="layer">Khunta_proposed</SimpleData>
		<SimpleData name="path">D:\Project\Shristi\4th_round\Khunta_proposed.shp</SimpleData>
	</SchemaData></ExtendedData>
      <MultiGeometry><Polygon><outerBoundaryIs><LinearRing><coordinates>86.522737277,21.7256724000001,0 86.522742887,21.7254641550001,0 86.5227241100001,21.7253773840001,0 86.522593032,21.72527531,0 86.522481944,21.7253053630001,0 86.5224017570001,21.725372474,0 86.5224689130001,21.725525383,0 86.5222260240001,21.7255522620001,0 86.5221729630001,21.72542903,0 86.5221298440001,21.7254803750001,0 86.5220820470001,21.72557597,0 86.5221872910001,21.7256999590001,0 86.5223198,21.725683825,0 86.5225145780001,21.7256455890001,0 86.5225904920001,21.7257174260001,0 86.522737277,21.7256724000001,0</coordinates></LinearRing></outerBoundaryIs></Polygon></MultiGeometry>
  </Placemark>
  <Placemark>
	<name>Placemark</name>
	<Style><LineStyle><color>ff0000ff</color></LineStyle><PolyStyle><fill>0</fill></PolyStyle></Style>
	<ExtendedData><SchemaData schemaUrl="#merged">
		<SimpleData name="OID_">0</SimpleData>
		<SimpleData name="FolderPath">L1.kml/_Polygons_</SimpleData>
		<SimpleData name="SymbolID">0</SimpleData>
		<SimpleData name="AltMode">0</SimpleData>
		<SimpleData name="Base">0.00000000000</SimpleData>
		<SimpleData name="Clamped">-1</SimpleData>
		<SimpleData name="Extruded">0</SimpleData>
		<SimpleData name="PopupInfo">&lt;html xmlns:fo=&quot;http://www.w3.org/1999/XSL/Format&quot; xmlns:msxsl=&quot;urn:schemas-microsoft-com:xslt&quot;&gt;
&lt;head&gt;
&lt;META http-equiv=&quot;Content-Type&quot; content=&quot;text/html&quot;&gt;
&lt;meta http-equiv=&quot;content-type&quot; content=&quot;text/html; charset=UTF-8&quot;&gt;
&lt;/head&gt;
&lt;body style=&quot;margin:0</SimpleData>
		<SimpleData name="Shape_Leng">0.00231657441</SimpleData>
		<SimpleData name="Shape_Area">0.00000029734</SimpleData>
		<SimpleData name="Plantation">Proposed</SimpleData>
		<SimpleData name="layer">Khunta_proposed</SimpleData>
		<SimpleData name="path">D:\Project\Shristi\4th_round\Khunta_proposed.shp</SimpleData>
	</SchemaData></ExtendedData>
      <MultiGeometry><Polygon><outerBoundaryIs><LinearRing><coordinates>86.525261642,21.7413350630001,0 86.5253234770001,21.740982778,0 86.5250366970001,21.7409426780001,0 86.5247627000001,21.7409408,0 86.5247020530001,21.740959188,0 86.5247029320001,21.7412014500001,0 86.524752117,21.741667448,0 86.5249576900001,21.741458719,0 86.525261642,21.7413350630001,0</coordinates></LinearRing></outerBoundaryIs></Polygon></MultiGeometry>
  </Placemark>
  <Placemark>
	<name>Placemark</name>
	<Style><LineStyle><color>ff0000ff</color></LineStyle><PolyStyle><fill>0</fill></PolyStyle></Style>
	<ExtendedData><SchemaData schemaUrl="#merged">
		<SimpleData name="OID_">0</SimpleData>
		<SimpleData name="FolderPath">L1.kml/_Polygons_</SimpleData>
		<SimpleData name="SymbolID">0</SimpleData>
		<SimpleData name="AltMode">0</SimpleData>
		<SimpleData name="Base">0.00000000000</SimpleData>
		<SimpleData name="Clamped">-1</SimpleData>
		<SimpleData name="Extruded">0</SimpleData>
		<SimpleData name="PopupInfo">&lt;html xmlns:fo=&quot;http://www.w3.org/1999/XSL/Format&quot; xmlns:msxsl=&quot;urn:schemas-microsoft-com:xslt&quot;&gt;
&lt;head&gt;
&lt;META http-equiv=&quot;Content-Type&quot; content=&quot;text/html&quot;&gt;
&lt;meta http-equiv=&quot;content-type&quot; content=&quot;text/html; charset=UTF-8&quot;&gt;
&lt;/head&gt;
&lt;body style=&quot;margin:0</SimpleData>
		<SimpleData name="Shape_Leng">0.00433954409</SimpleData>
		<SimpleData name="Shape_Area">0.00000111194</SimpleData>
		<SimpleData name="Plantation">Proposed</SimpleData>
		<SimpleData name="layer">Khunta_proposed</SimpleData>
		<SimpleData name="path">D:\Project\Shristi\4th_round\Khunta_proposed.shp</SimpleData>
	</SchemaData></ExtendedData>
      <MultiGeometry><Polygon><outerBoundaryIs><LinearRing><coordinates>86.5252764470001,21.741673441,0 86.525253057,21.7413840300001,0 86.5249790830001,21.7415240120001,0 86.5247412960001,21.7417334990001,0 86.524144656,21.7418090100001,0 86.524228147,21.7424993760001,0 86.5244181090001,21.742479254,0 86.524699006,21.742677142,0 86.525169863,21.742604934,0 86.525517634,21.7422237860001,0 86.5252764470001,21.741673441,0</coordinates></LinearRing></outerBoundaryIs></Polygon></MultiGeometry>
  </Placemark>
  <Placemark>
	<name>Placemark</name>
	<Style><LineStyle><color>ff0000ff</color></LineStyle><PolyStyle><fill>0</fill></PolyStyle></Style>
	<ExtendedData><SchemaData schemaUrl="#merged">
		<SimpleData name="OID_">0</SimpleData>
		<SimpleData name="FolderPath">L1.kml/_Polygons_</SimpleData>
		<SimpleData name="SymbolID">0</SimpleData>
		<SimpleData name="AltMode">0</SimpleData>
		<SimpleData name="Base">0.00000000000</SimpleData>
		<SimpleData name="Clamped">-1</SimpleData>
		<SimpleData name="Extruded">0</SimpleData>
		<SimpleData name="PopupInfo">&lt;html xmlns:fo=&quot;http://www.w3.org/1999/XSL/Format&quot; xmlns:msxsl=&quot;urn:schemas-microsoft-com:xslt&quot;&gt;
&lt;head&gt;
&lt;META http-equiv=&quot;Content-Type&quot; content=&quot;text/html&quot;&gt;
&lt;meta http-equiv=&quot;content-type&quot; content=&quot;text/html; charset=UTF-8&quot;&gt;
&lt;/head&gt;
&lt;body style=&quot;margin:0</SimpleData>
		<SimpleData name="Shape_Leng">0.00255080483</SimpleData>
		<SimpleData name="Shape_Area">0.00000039877</SimpleData>
		<SimpleData name="Plantation">Proposed</SimpleData>
		<SimpleData name="layer">Khunta_proposed</SimpleData>
		<SimpleData name="path">D:\Project\Shristi\4th_round\Khunta_proposed.shp</SimpleData>
	</SchemaData></ExtendedData>
      <MultiGeometry><Polygon><outerBoundaryIs><LinearRing><coordinates>86.525205263,21.740929065,0 86.5253346960001,21.74095142,0 86.5253497,21.7408012000001,0 86.5253819000001,21.7405682,0 86.5252615890001,21.740249276,0 86.5249769550001,21.740286833,0 86.5247622680001,21.740285944,0 86.5247521000001,21.7404941,0 86.5247209550001,21.740681764,0 86.524681893,21.7408348610001,0 86.524677254,21.7409372810001,0 86.52491802,21.740903691,0 86.525205263,21.740929065,0</coordinates></LinearRing></outerBoundaryIs></Polygon></MultiGeometry>
  </Placemark>
  <Placemark>
	<name>Placemark</name>
	<Style><LineStyle><color>ff0000ff</color></LineStyle><PolyStyle><fill>0</fill></PolyStyle></Style>
	<ExtendedData><SchemaData schemaUrl="#merged">
		<SimpleData name="OID_">0</SimpleData>
		<SimpleData name="FolderPath">L1.kml/_Polygons_</SimpleData>
		<SimpleData name="SymbolID">0</SimpleData>
		<SimpleData name="AltMode">0</SimpleData>
		<SimpleData name="Base">0.00000000000</SimpleData>
		<SimpleData name="Clamped">-1</SimpleData>
		<SimpleData name="Extruded">0</SimpleData>
		<SimpleData name="PopupInfo">&lt;html xmlns:fo=&quot;http://www.w3.org/1999/XSL/Format&quot; xmlns:msxsl=&quot;urn:schemas-microsoft-com:xslt&quot;&gt;
&lt;head&gt;
&lt;META http-equiv=&quot;Content-Type&quot; content=&quot;text/html&quot;&gt;
&lt;meta http-equiv=&quot;content-type&quot; content=&quot;text/html; charset=UTF-8&quot;&gt;
&lt;/head&gt;
&lt;body style=&quot;margin:0</SimpleData>
		<SimpleData name="Shape_Leng">0.00451735414</SimpleData>
		<SimpleData name="Shape_Area">0.00000085378</SimpleData>
		<SimpleData name="Plantation">Proposed</SimpleData>
		<SimpleData name="layer">Khunta_proposed</SimpleData>
		<SimpleData name="path">D:\Project\Shristi\4th_round\Khunta_proposed.shp</SimpleData>
	</SchemaData></ExtendedData>
      <MultiGeometry><Polygon><outerBoundaryIs><LinearRing><coordinates>86.5217482950001,21.7410896160001,0 86.5217643700001,21.741476376,0 86.5217615480001,21.741608953,0 86.522059529,21.74194956,0 86.522481337,21.740633051,0 86.5225886270001,21.740287025,0 86.5225319020001,21.7399448260001,0 86.522126428,21.740259478,0 86.5219934450001,21.740585362,0 86.5218373920001,21.740778447,0 86.521725372,21.7410105220001,0 86.5217482950001,21.7410896160001,0</coordinates></LinearRing></outerBoundaryIs></Polygon></MultiGeometry>
  </Placemark>
  <Placemark>
	<name>Placemark</name>
	<Style><LineStyle><color>ff0000ff</color></LineStyle><PolyStyle><fill>0</fill></PolyStyle></Style>
	<ExtendedData><SchemaData schemaUrl="#merged">
		<SimpleData name="OID_">0</SimpleData>
		<SimpleData name="FolderPath">L1.kml/_Polygons_</SimpleData>
		<SimpleData name="SymbolID">0</SimpleData>
		<SimpleData name="AltMode">0</SimpleData>
		<SimpleData name="Base">0.00000000000</SimpleData>
		<SimpleData name="Clamped">-1</SimpleData>
		<SimpleData name="Extruded">0</SimpleData>
		<SimpleData name="PopupInfo">&lt;html xmlns:fo=&quot;http://www.w3.org/1999/XSL/Format&quot; xmlns:msxsl=&quot;urn:schemas-microsoft-com:xslt&quot;&gt;
&lt;head&gt;
&lt;META http-equiv=&quot;Content-Type&quot; content=&quot;text/html&quot;&gt;
&lt;meta http-equiv=&quot;content-type&quot; content=&quot;text/html; charset=UTF-8&quot;&gt;
&lt;/head&gt;
&lt;body style=&quot;margin:0</SimpleData>
		<SimpleData name="Shape_Leng">0.00240590269</SimpleData>
		<SimpleData name="Shape_Area">0.00000031392</SimpleData>
		<SimpleData name="Plantation">Proposed</SimpleData>
		<SimpleData name="layer">Khunta_proposed</SimpleData>
		<SimpleData name="path">D:\Project\Shristi\4th_round\Khunta_proposed.shp</SimpleData>
	</SchemaData></ExtendedData>
      <MultiGeometry><Polygon><outerBoundaryIs><LinearRing><coordinates>86.521984005,21.7403310620001,0 86.5218630580001,21.740272652,0 86.5216428730001,21.740229544,0 86.5214270000001,21.7401554,0 86.5213122360001,21.7401469960001,0 86.5214432000001,21.74053919,0 86.5215347320001,21.740748954,0 86.5217016430001,21.740979254,0 86.5218417310001,21.7407119860001,0 86.5219892950001,21.7405546430001,0 86.5220475740001,21.7403969970001,0 86.521984005,21.7403310620001,0</coordinates></LinearRing></outerBoundaryIs></Polygon></MultiGeometry>
  </Placemark>
  <Placemark>
	<name>Placemark</name>
	<Style><LineStyle><color>ff0000ff</color></LineStyle><PolyStyle><fill>0</fill></PolyStyle></Style>
	<ExtendedData><SchemaData schemaUrl="#merged">
		<SimpleData name="OID_">0</SimpleData>
		<SimpleData name="FolderPath">L1.kml/_Polygons_</SimpleData>
		<SimpleData name="SymbolID">0</SimpleData>
		<SimpleData name="AltMode">0</SimpleData>
		<SimpleData name="Base">0.00000000000</SimpleData>
		<SimpleData name="Clamped">-1</SimpleData>
		<SimpleData name="Extruded">0</SimpleData>
		<SimpleData name="PopupInfo">&lt;html xmlns:fo=&quot;http://www.w3.org/1999/XSL/Format&quot; xmlns:msxsl=&quot;urn:schemas-microsoft-com:xslt&quot;&gt;
&lt;head&gt;
&lt;META http-equiv=&quot;Content-Type&quot; content=&quot;text/html&quot;&gt;
&lt;meta http-equiv=&quot;content-type&quot; content=&quot;text/html; charset=UTF-8&quot;&gt;
&lt;/head&gt;
&lt;body style=&quot;margin:0</SimpleData>
		<SimpleData name="Shape_Leng">0.00183411476</SimpleData>
		<SimpleData name="Shape_Area">0.00000015418</SimpleData>
		<SimpleData name="Plantation">Proposed</SimpleData>
		<SimpleData name="layer">Khunta_proposed</SimpleData>
		<SimpleData name="path">D:\Project\Shristi\4th_round\Khunta_proposed.shp</SimpleData>
	</SchemaData></ExtendedData>
      <MultiGeometry><Polygon><outerBoundaryIs><LinearRing><coordinates>86.640886493,21.7587029860001,0 86.640611382,21.758381215,0 86.640408817,21.75879144,0 86.6404082480001,21.759078403,0 86.6404786960001,21.759081005,0 86.640501467,21.759003105,0 86.6405324150001,21.7589247930001,0 86.640601545,21.758867928,0 86.6407463850001,21.758834736,0 86.640886493,21.7587029860001,0</coordinates></LinearRing></outerBoundaryIs></Polygon></MultiGeometry>
  </Placemark>
  <Placemark>
	<name>Placemark</name>
	<Style><LineStyle><color>ff0000ff</color></LineStyle><PolyStyle><fill>0</fill></PolyStyle></Style>
	<ExtendedData><SchemaData schemaUrl="#merged">
		<SimpleData name="OID_">0</SimpleData>
		<SimpleData name="FolderPath">L1.kml/_Polygons_</SimpleData>
		<SimpleData name="SymbolID">0</SimpleData>
		<SimpleData name="AltMode">0</SimpleData>
		<SimpleData name="Base">0.00000000000</SimpleData>
		<SimpleData name="Clamped">-1</SimpleData>
		<SimpleData name="Extruded">0</SimpleData>
		<SimpleData name="PopupInfo">&lt;html xmlns:fo=&quot;http://www.w3.org/1999/XSL/Format&quot; xmlns:msxsl=&quot;urn:schemas-microsoft-com:xslt&quot;&gt;
&lt;head&gt;
&lt;META http-equiv=&quot;Content-Type&quot; content=&quot;text/html&quot;&gt;
&lt;meta http-equiv=&quot;content-type&quot; content=&quot;text/html; charset=UTF-8&quot;&gt;
&lt;/head&gt;
&lt;body style=&quot;margin:0</SimpleData>
		<SimpleData name="Shape_Leng">0.00223076075</SimpleData>
		<SimpleData name="Shape_Area">0.00000028974</SimpleData>
		<SimpleData name="Plantation">Proposed</SimpleData>
		<SimpleData name="layer">Khunta_proposed</SimpleData>
		<SimpleData name="path">D:\Project\Shristi\4th_round\Khunta_proposed.shp</SimpleData>
	</SchemaData></ExtendedData>
      <MultiGeometry><Polygon><outerBoundaryIs><LinearRing><coordinates>86.6409863000001,21.7576593000001,0 86.6413932500001,21.7577115990001,0 86.6413311000001,21.7575149,0 86.6413312510001,21.7573380050001,0 86.641288402,21.7571071130001,0 86.6412440780001,21.7569825960001,0 86.6408620290001,21.757009345,0 86.6408537520001,21.7571884220001,0 86.6408639780001,21.757375854,0 86.6409718,21.7575187,0 86.6409863000001,21.7576593000001,0</coordinates></LinearRing></outerBoundaryIs></Polygon></MultiGeometry>
  </Placemark>
  <Placemark>
	<name>Placemark</name>
	<Style><LineStyle><color>ff0000ff</color></LineStyle><PolyStyle><fill>0</fill></PolyStyle></Style>
	<ExtendedData><SchemaData schemaUrl="#merged">
		<SimpleData name="OID_">0</SimpleData>
		<SimpleData name="FolderPath">L1.kml/_Polygons_</SimpleData>
		<SimpleData name="SymbolID">0</SimpleData>
		<SimpleData name="AltMode">0</SimpleData>
		<SimpleData name="Base">0.00000000000</SimpleData>
		<SimpleData name="Clamped">-1</SimpleData>
		<SimpleData name="Extruded">0</SimpleData>
		<SimpleData name="PopupInfo">&lt;html xmlns:fo=&quot;http://www.w3.org/1999/XSL/Format&quot; xmlns:msxsl=&quot;urn:schemas-microsoft-com:xslt&quot;&gt;
&lt;head&gt;
&lt;META http-equiv=&quot;Content-Type&quot; content=&quot;text/html&quot;&gt;
&lt;meta http-equiv=&quot;content-type&quot; content=&quot;text/html; charset=UTF-8&quot;&gt;
&lt;/head&gt;
&lt;body style=&quot;margin:0</SimpleData>
		<SimpleData name="Shape_Leng">0.00149375042</SimpleData>
		<SimpleData name="Shape_Area">0.00000013491</SimpleData>
		<SimpleData name="Plantation">Proposed</SimpleData>
		<SimpleData name="layer">Khunta_proposed</SimpleData>
		<SimpleData name="path">D:\Project\Shristi\4th_round\Khunta_proposed.shp</SimpleData>
	</SchemaData></ExtendedData>
      <MultiGeometry><Polygon><outerBoundaryIs><LinearRing><coordinates>86.5261207520001,21.7321008930001,0 86.5260433780001,21.731836673,0 86.525574293,21.732019327,0 86.5256933520001,21.732246248,0 86.525989795,21.7321862850001,0 86.5261207520001,21.7321008930001,0</coordinates></LinearRing></outerBoundaryIs></Polygon></MultiGeometry>
  </Placemark>
  <Placemark>
	<name>Placemark</name>
	<Style><LineStyle><color>ff0000ff</color></LineStyle><PolyStyle><fill>0</fill></PolyStyle></Style>
	<ExtendedData><SchemaData schemaUrl="#merged">
		<SimpleData name="OID_">0</SimpleData>
		<SimpleData name="FolderPath">L1.kml/_Polygons_</SimpleData>
		<SimpleData name="SymbolID">0</SimpleData>
		<SimpleData name="AltMode">0</SimpleData>
		<SimpleData name="Base">0.00000000000</SimpleData>
		<SimpleData name="Clamped">-1</SimpleData>
		<SimpleData name="Extruded">0</SimpleData>
		<SimpleData name="PopupInfo">&lt;html xmlns:fo=&quot;http://www.w3.org/1999/XSL/Format&quot; xmlns:msxsl=&quot;urn:schemas-microsoft-com:xslt&quot;&gt;
&lt;head&gt;
&lt;META http-equiv=&quot;Content-Type&quot; content=&quot;text/html&quot;&gt;
&lt;meta http-equiv=&quot;content-type&quot; content=&quot;text/html; charset=UTF-8&quot;&gt;
&lt;/head&gt;
&lt;body style=&quot;margin:0</SimpleData>
		<SimpleData name="Shape_Leng">0.00163661178</SimpleData>
		<SimpleData name="Shape_Area">0.00000010454</SimpleData>
		<SimpleData name="Plantation">Proposed</SimpleData>
		<SimpleData name="layer">Khunta_proposed</SimpleData>
		<SimpleData name="path">D:\Project\Shristi\4th_round\Khunta_proposed.shp</SimpleData>
	</SchemaData></ExtendedData>
      <MultiGeometry><Polygon><outerBoundaryIs><LinearRing><coordinates>86.5262731550001,21.731563943,0 86.5264196520001,21.7314134590001,0 86.5265553200001,21.731273532,0 86.5264134560001,21.730917194,0 86.526273035,21.7309743050001,0 86.5263618380001,21.7312614160001,0 86.526218311,21.731336314,0 86.5262731550001,21.731563943,0</coordinates></LinearRing></outerBoundaryIs></Polygon></MultiGeometry>
  </Placemark>
  <Placemark>
	<name>Placemark</name>
	<Style><LineStyle><color>ff0000ff</color></LineStyle><PolyStyle><fill>0</fill></PolyStyle></Style>
	<ExtendedData><SchemaData schemaUrl="#merged">
		<SimpleData name="OID_">0</SimpleData>
		<SimpleData name="FolderPath">L1.kml/_Polygons_</SimpleData>
		<SimpleData name="SymbolID">0</SimpleData>
		<SimpleData name="AltMode">0</SimpleData>
		<SimpleData name="Base">0.00000000000</SimpleData>
		<SimpleData name="Clamped">-1</SimpleData>
		<SimpleData name="Extruded">0</SimpleData>
		<SimpleData name="PopupInfo">&lt;html xmlns:fo=&quot;http://www.w3.org/1999/XSL/Format&quot; xmlns:msxsl=&quot;urn:schemas-microsoft-com:xslt&quot;&gt;
&lt;head&gt;
&lt;META http-equiv=&quot;Content-Type&quot; content=&quot;text/html&quot;&gt;
&lt;meta http-equiv=&quot;content-type&quot; content=&quot;text/html; charset=UTF-8&quot;&gt;
&lt;/head&gt;
&lt;body style=&quot;margin:0</SimpleData>
		<SimpleData name="Shape_Leng">0.00443870551</SimpleData>
		<SimpleData name="Shape_Area">0.00000058935</SimpleData>
		<SimpleData name="Plantation">Proposed</SimpleData>
		<SimpleData name="layer">Khunta_proposed</SimpleData>
		<SimpleData name="path">D:\Project\Shristi\4th_round\Khunta_proposed.shp</SimpleData>
	</SchemaData></ExtendedData>
      <MultiGeometry><Polygon><outerBoundaryIs><LinearRing><coordinates>86.5286803390001,21.7282876370001,0 86.5290514440001,21.7282285110001,0 86.529182167,21.7282984130001,0 86.5293334200001,21.7281670470001,0 86.529442074,21.7281673580001,0 86.5291925670001,21.727754825,0 86.5288930240001,21.7278160500001,0 86.5285776960001,21.7278324980001,0 86.528378978,21.727818503,0 86.5282835250001,21.7279744420001,0 86.5280533480001,21.728099679,0 86.5277792000001,21.728212,0 86.5277508,21.7283675,0 86.5278725430001,21.728386153,0 86.5281356990001,21.728403588,0 86.5280561060001,21.728235232,0 86.5281258310001,21.728158448,0 86.5282663980001,21.7283589190001,0 86.5283848430001,21.728321954,0 86.528450386,21.7282226900001,0 86.5286803390001,21.7282876370001,0</coordinates></LinearRing></outerBoundaryIs></Polygon></MultiGeometry>
  </Placemark>
  <Placemark>
	<name>Placemark</name>
	<Style><LineStyle><color>ff0000ff</color></LineStyle><PolyStyle><fill>0</fill></PolyStyle></Style>
	<ExtendedData><SchemaData schemaUrl="#merged">
		<SimpleData name="OID_">0</SimpleData>
		<SimpleData name="FolderPath">L1.kml/_Polygons_</SimpleData>
		<SimpleData name="SymbolID">0</SimpleData>
		<SimpleData name="AltMode">0</SimpleData>
		<SimpleData name="Base">0.00000000000</SimpleData>
		<SimpleData name="Clamped">-1</SimpleData>
		<SimpleData name="Extruded">0</SimpleData>
		<SimpleData name="PopupInfo">&lt;html xmlns:fo=&quot;http://www.w3.org/1999/XSL/Format&quot; xmlns:msxsl=&quot;urn:schemas-microsoft-com:xslt&quot;&gt;
&lt;head&gt;
&lt;META http-equiv=&quot;Content-Type&quot; content=&quot;text/html&quot;&gt;
&lt;meta http-equiv=&quot;content-type&quot; content=&quot;text/html; charset=UTF-8&quot;&gt;
&lt;/head&gt;
&lt;body style=&quot;margin:0</SimpleData>
		<SimpleData name="Shape_Leng">0.00234736717</SimpleData>
		<SimpleData name="Shape_Area">0.00000033006</SimpleData>
		<SimpleData name="Plantation">Proposed</SimpleData>
		<SimpleData name="layer">Khunta_proposed</SimpleData>
		<SimpleData name="path">D:\Project\Shristi\4th_round\Khunta_proposed.shp</SimpleData>
	</SchemaData></ExtendedData>
      <MultiGeometry><Polygon><outerBoundaryIs><LinearRing><coordinates>86.524828148,21.7237954940001,0 86.5247609,21.7238345000001,0 86.5247232670001,21.7242792060001,0 86.524623605,21.724375959,0 86.5247945610001,21.7245582670001,0 86.5252161480001,21.724329337,0 86.5253485000001,21.724229372,0 86.5250115200001,21.723737188,0 86.524828148,21.7237954940001,0</coordinates></LinearRing></outerBoundaryIs></Polygon></MultiGeometry>
  </Placemark>
  <Placemark>
	<name>Placemark</name>
	<Style><LineStyle><color>ff0000ff</color></LineStyle><PolyStyle><fill>0</fill></PolyStyle></Style>
	<ExtendedData><SchemaData schemaUrl="#merged">
		<SimpleData name="OID_">0</SimpleData>
		<SimpleData name="FolderPath">L1.kml/_Polygons_</SimpleData>
		<SimpleData name="SymbolID">0</SimpleData>
		<SimpleData name="AltMode">0</SimpleData>
		<SimpleData name="Base">0.00000000000</SimpleData>
		<SimpleData name="Clamped">-1</SimpleData>
		<SimpleData name="Extruded">0</SimpleData>
		<SimpleData name="PopupInfo">&lt;html xmlns:fo=&quot;http://www.w3.org/1999/XSL/Format&quot; xmlns:msxsl=&quot;urn:schemas-microsoft-com:xslt&quot;&gt;
&lt;head&gt;
&lt;META http-equiv=&quot;Content-Type&quot; content=&quot;text/html&quot;&gt;
&lt;meta http-equiv=&quot;content-type&quot; content=&quot;text/html; charset=UTF-8&quot;&gt;
&lt;/head&gt;
&lt;body style=&quot;margin:0</SimpleData>
		<SimpleData name="Shape_Leng">0.00097748512</SimpleData>
		<SimpleData name="Shape_Area">0.00000006025</SimpleData>
		<SimpleData name="Plantation">Proposed</SimpleData>
		<SimpleData name="layer">Khunta_proposed</SimpleData>
		<SimpleData name="path">D:\Project\Shristi\4th_round\Khunta_proposed.shp</SimpleData>
	</SchemaData></ExtendedData>
      <MultiGeometry><Polygon><outerBoundaryIs><LinearRing><coordinates>86.5345930440001,21.782347413,0 86.5344551750001,21.782397211,0 86.5344619410001,21.782674791,0 86.5346796470001,21.782651372,0 86.5346502290001,21.7823901240001,0 86.5345930440001,21.782347413,0</coordinates></LinearRing></outerBoundaryIs></Polygon></MultiGeometry>
  </Placemark>
  <Placemark>
	<name>Placemark</name>
	<Style><LineStyle><color>ff0000ff</color></LineStyle><PolyStyle><fill>0</fill></PolyStyle></Style>
	<ExtendedData><SchemaData schemaUrl="#merged">
		<SimpleData name="OID_">0</SimpleData>
		<SimpleData name="FolderPath">L1.kml/_Polygons_</SimpleData>
		<SimpleData name="SymbolID">0</SimpleData>
		<SimpleData name="AltMode">0</SimpleData>
		<SimpleData name="Base">0.00000000000</SimpleData>
		<SimpleData name="Clamped">-1</SimpleData>
		<SimpleData name="Extruded">0</SimpleData>
		<SimpleData name="PopupInfo">&lt;html xmlns:fo=&quot;http://www.w3.org/1999/XSL/Format&quot; xmlns:msxsl=&quot;urn:schemas-microsoft-com:xslt&quot;&gt;
&lt;head&gt;
&lt;META http-equiv=&quot;Content-Type&quot; content=&quot;text/html&quot;&gt;
&lt;meta http-equiv=&quot;content-type&quot; content=&quot;text/html; charset=UTF-8&quot;&gt;
&lt;/head&gt;
&lt;body style=&quot;margin:0</SimpleData>
		<SimpleData name="Shape_Leng">0.00173170984</SimpleData>
		<SimpleData name="Shape_Area">0.00000014073</SimpleData>
		<SimpleData name="Plantation">Proposed</SimpleData>
		<SimpleData name="layer">Khunta_proposed</SimpleData>
		<SimpleData name="path">D:\Project\Shristi\4th_round\Khunta_proposed.shp</SimpleData>
	</SchemaData></ExtendedData>
      <MultiGeometry><Polygon><outerBoundaryIs><LinearRing><coordinates>86.6024877290001,21.8031221630001,0 86.602747272,21.80371747,0 86.6028672300001,21.8036928870001,0 86.602924488,21.8036554600001,0 86.602823463,21.8033472860001,0 86.6026842310001,21.8030273360001,0 86.6024877290001,21.8031221630001,0</coordinates></LinearRing></outerBoundaryIs></Polygon></MultiGeometry>
  </Placemark>
  <Placemark>
	<name>Placemark</name>
	<Style><LineStyle><color>ff0000ff</color></LineStyle><PolyStyle><fill>0</fill></PolyStyle></Style>
	<ExtendedData><SchemaData schemaUrl="#merged">
		<SimpleData name="OID_">0</SimpleData>
		<SimpleData name="FolderPath">L1.kml/_Polygons_</SimpleData>
		<SimpleData name="SymbolID">0</SimpleData>
		<SimpleData name="AltMode">0</SimpleData>
		<SimpleData name="Base">0.00000000000</SimpleData>
		<SimpleData name="Clamped">-1</SimpleData>
		<SimpleData name="Extruded">0</SimpleData>
		<SimpleData name="PopupInfo">&lt;html xmlns:fo=&quot;http://www.w3.org/1999/XSL/Format&quot; xmlns:msxsl=&quot;urn:schemas-microsoft-com:xslt&quot;&gt;
&lt;head&gt;
&lt;META http-equiv=&quot;Content-Type&quot; content=&quot;text/html&quot;&gt;
&lt;meta http-equiv=&quot;content-type&quot; content=&quot;text/html; charset=UTF-8&quot;&gt;
&lt;/head&gt;
&lt;body style=&quot;margin:0</SimpleData>
		<SimpleData name="Shape_Leng">0.00223365365</SimpleData>
		<SimpleData name="Shape_Area">0.00000018866</SimpleData>
		<SimpleData name="Plantation">Proposed</SimpleData>
		<SimpleData name="layer">Khunta_proposed</SimpleData>
		<SimpleData name="path">D:\Project\Shristi\4th_round\Khunta_proposed.shp</SimpleData>
	</SchemaData></ExtendedData>
      <MultiGeometry><Polygon><outerBoundaryIs><LinearRing><coordinates>86.6069295090001,21.768314387,0 86.606902528,21.7683931760001,0 86.6071059590001,21.768396309,0 86.6072722790001,21.768489808,0 86.60737671,21.7686466320001,0 86.607518719,21.768616357,0 86.607287028,21.7682919760001,0 86.6072090280001,21.768222076,0 86.6072266420001,21.7681763730001,0 86.6072398760001,21.7681112700001,0 86.6072115170001,21.7680042760001,0 86.6070794980001,21.767940422,0 86.6069359690001,21.7679153400001,0 86.6069163390001,21.768064177,0 86.60692113,21.7681549160001,0 86.6069295090001,21.768314387,0</coordinates></LinearRing></outerBoundaryIs></Polygon></MultiGeometry>
  </Placemark>
  <Placemark>
	<name>Placemark</name>
	<Style><LineStyle><color>ff0000ff</color></LineStyle><PolyStyle><fill>0</fill></PolyStyle></Style>
	<ExtendedData><SchemaData schemaUrl="#merged">
		<SimpleData name="OID_">0</SimpleData>
		<SimpleData name="FolderPath">L1.kml/_Polygons_</SimpleData>
		<SimpleData name="SymbolID">0</SimpleData>
		<SimpleData name="AltMode">0</SimpleData>
		<SimpleData name="Base">0.00000000000</SimpleData>
		<SimpleData name="Clamped">-1</SimpleData>
		<SimpleData name="Extruded">0</SimpleData>
		<SimpleData name="PopupInfo">&lt;html xmlns:fo=&quot;http://www.w3.org/1999/XSL/Format&quot; xmlns:msxsl=&quot;urn:schemas-microsoft-com:xslt&quot;&gt;
&lt;head&gt;
&lt;META http-equiv=&quot;Content-Type&quot; content=&quot;text/html&quot;&gt;
&lt;meta http-equiv=&quot;content-type&quot; content=&quot;text/html; charset=UTF-8&quot;&gt;
&lt;/head&gt;
&lt;body style=&quot;margin:0</SimpleData>
		<SimpleData name="Shape_Leng">0.00125779229</SimpleData>
		<SimpleData name="Shape_Area">0.00000008278</SimpleData>
		<SimpleData name="Plantation">Proposed</SimpleData>
		<SimpleData name="layer">Khunta_proposed</SimpleData>
		<SimpleData name="path">D:\Project\Shristi\4th_round\Khunta_proposed.shp</SimpleData>
	</SchemaData></ExtendedData>
      <MultiGeometry><Polygon><outerBoundaryIs><LinearRing><coordinates>86.6079294630001,21.766957362,0 86.607853773,21.7667800770001,0 86.607711168,21.766914436,0 86.6077578360001,21.7670389400001,0 86.607849511,21.767252082,0 86.6080746470001,21.767183554,0 86.6079294630001,21.766957362,0</coordinates></LinearRing></outerBoundaryIs></Polygon></MultiGeometry>
  </Placemark>
  <Placemark>
	<name>Ratanpur.</name>
	<Style><LineStyle><color>ff0000ff</color></LineStyle><PolyStyle><fill>0</fill></PolyStyle></Style>
	<ExtendedData><SchemaData schemaUrl="#merged">
		<SimpleData name="OID_">0</SimpleData>
		<SimpleData name="FolderPath">Document/ratanpur_baria_50acr</SimpleData>
		<SimpleData name="SymbolID">0</SimpleData>
		<SimpleData name="AltMode">0</SimpleData>
		<SimpleData name="Base">0.00000000000</SimpleData>
		<SimpleData name="Clamped">-1</SimpleData>
		<SimpleData name="Extruded">0</SimpleData>
		<SimpleData name="Shape_Leng">0.02068566380</SimpleData>
		<SimpleData name="Shape_Area">0.00001551824</SimpleData>
		<SimpleData name="Plantation">Proposed</SimpleData>
		<SimpleData name="layer">ratanpur_proposed</SimpleData>
		<SimpleData name="path">D:\Project\Shristi\4th_round\ratanpur_proposed.shp</SimpleData>
	</SchemaData></ExtendedData>
      <MultiGeometry><Polygon><outerBoundaryIs><LinearRing><coordinates>85.6443463370001,21.842350176,0 85.6467691880001,21.841161491,0 85.6517460740001,21.8409206430001,0 85.6512495630001,21.838287479,0 85.6492654830001,21.838709033,0 85.6484732910001,21.839262815,0 85.6463623710001,21.8394281430001,0 85.646227185,21.8399559040001,0 85.6458005810001,21.8396247000001,0 85.643639378,21.840888009,0 85.6443463370001,21.842350176,0</coordinates></LinearRing></outerBoundaryIs></Polygon></MultiGeometry>
  </Placemark>
  <Placemark>
	<name>salapatch &amp; Tota patch Ramchandrapur</name>
	<Style><LineStyle><color>ff0000ff</color></LineStyle><PolyStyle><fill>0</fill></PolyStyle></Style>
	<ExtendedData><SchemaData schemaUrl="#merged">
		<SimpleData name="OID_">0</SimpleData>
		<SimpleData name="FolderPath">Document/salapatch_1375_ac__totasahipatch_2375_ramachandrapur</SimpleData>
		<SimpleData name="SymbolID">0</SimpleData>
		<SimpleData name="AltMode">0</SimpleData>
		<SimpleData name="Base">0.00000000000</SimpleData>
		<SimpleData name="Clamped">-1</SimpleData>
		<SimpleData name="Extruded">0</SimpleData>
		<SimpleData name="Shape_Leng">0.00942072133</SimpleData>
		<SimpleData name="Shape_Area">0.00000466060</SimpleData>
		<SimpleData name="Plantation">Proposed</SimpleData>
		<SimpleData name="layer">salapatch_proposed</SimpleData>
		<SimpleData name="path">D:\Project\Shristi\4th_round\salapatch_proposed.shp</SimpleData>
	</SchemaData></ExtendedData>
      <MultiGeometry><Polygon><outerBoundaryIs><LinearRing><coordinates>85.624958517,21.834701652,0 85.6245738000001,21.8345979000001,0 85.624570906,21.8345848980001,0 85.623944641,21.8342695760001,0 85.6234381830001,21.834231749,0 85.6235625520001,21.8351498860001,0 85.6224266870001,21.8355499890001,0 85.6229816900001,21.837063524,0 85.623780427,21.8367245490001,0 85.6255596620001,21.8356119210001,0 85.624958517,21.834701652,0</coordinates></LinearRing></outerBoundaryIs></Polygon></MultiGeometry>
  </Placemark>
</Folder>
</Document></kml>
