<?xml version="1.0" encoding="utf-8" ?>
<kml xmlns="http://www.opengis.net/kml/2.2">
<Document id="root_doc">
<Schema name="Tree_Aid_32_sites_Future_Instances" id="Tree_Aid_32_sites_Future_Instances">
	<SimpleField name="ID" type="float"></SimpleField>
	<SimpleField name="Site" type="string"></SimpleField>
	<SimpleField name="Area_ha" type="float"></SimpleField>
</Schema>
<Folder><name>Tree_Aid_32_sites_Future_Instances</name>
  <Placemark>
	<Style><LineStyle><color>ff0000ff</color></LineStyle><PolyStyle><fill>0</fill></PolyStyle></Style>
	<ExtendedData><SchemaData schemaUrl="#Tree_Aid_32_sites_Future_Instances">
		<SimpleData name="ID">0.00000</SimpleData>
		<SimpleData name="Site">Kokondi Sittigo</SimpleData>
		<SimpleData name="Area_ha">53.17503759686</SimpleData>
	</SchemaData></ExtendedData>
      <MultiGeometry><Polygon><outerBoundaryIs><LinearRing><coordinates>-2.02156099999997,13.5101939998073 -2.02115899999996,13.5101709998073 -2.02080799999998,13.5100389998073 -2.02070499999997,13.5098399998073 -2.02026999999997,13.5096819998073 -2.02027099999996,13.5096829998073 -2.01954199999997,13.5094229998073 -2.01947799999997,13.5090589998073 -2.01863699999998,13.5077869998073 -2.01853499999997,13.5068019998074 -2.01851999999998,13.5058979998074 -2.01871299999996,13.5054039998074 -2.01900199999998,13.5045509998074 -2.01973599999998,13.5053839998074 -2.02051199999997,13.5054809998074 -2.02120599999998,13.5056439998074 -2.02235199999997,13.5058789998074 -2.02262999999996,13.5060109998074 -2.02309499999997,13.5061709998074 -2.02379399999998,13.5062689998074 -2.02414699999997,13.5058309998074 -2.02482799999997,13.5053449998074 -2.02542099999998,13.5050649998074 -2.02608999999998,13.5050759998074 -2.02647299999996,13.5051919998074 -2.02691899999997,13.5052789998074 -2.02744399999997,13.5053199998074 -2.02762799999997,13.5055549998074 -2.02797299999996,13.5062139998074 -2.02816599999998,13.5067579998074 -2.02840499999995,13.5073369998073 -2.02858399999996,13.5077939998074 -2.02897299999997,13.5083179998073 -2.02919199999996,13.5089249998073 -2.02931699999997,13.5093899998073 -2.02936899999998,13.5099569998073 -2.02916099999997,13.5099499998073 -2.02860099999995,13.5100589998074 -2.02848399999997,13.5100179998073 -2.02806099999997,13.5100679998073 -2.02754799999996,13.5099799998073 -2.02683399999997,13.5100469998073 -2.02621599999995,13.5100599998073 -2.02545399999995,13.5100949998073 -2.02517199999996,13.5100829998073 -2.02450599999996,13.5102919998073 -2.02329299999998,13.5103229998073 -2.02271799999997,13.5102219998073 -2.02183499999996,13.5103589998073 -2.02156099999997,13.5101939998073</coordinates></LinearRing></outerBoundaryIs></Polygon></MultiGeometry>
  </Placemark>
  <Placemark>
	<Style><LineStyle><color>ff0000ff</color></LineStyle><PolyStyle><fill>0</fill></PolyStyle></Style>
	<ExtendedData><SchemaData schemaUrl="#Tree_Aid_32_sites_Future_Instances">
		<SimpleData name="ID">0.00000</SimpleData>
		<SimpleData name="Site">Yamba</SimpleData>
		<SimpleData name="Area_ha">135.60229899359</SimpleData>
	</SchemaData></ExtendedData>
      <MultiGeometry><Polygon><outerBoundaryIs><LinearRing><coordinates>0.498221620956842,12.2932180320289 0.494871727806416,12.2954922616202 0.49150165927372,12.2998867516284 0.493559448260337,12.3053451727803 0.49916932181505,12.3070100075064 0.501563281974747,12.3017306319322 0.502013917298881,12.2986922758648 0.504124730424376,12.2935946571567 0.504606957674535,12.2921700132285 0.498221620956842,12.2932180320289</coordinates></LinearRing></outerBoundaryIs></Polygon></MultiGeometry>
  </Placemark>
  <Placemark>
	<Style><LineStyle><color>ff0000ff</color></LineStyle><PolyStyle><fill>0</fill></PolyStyle></Style>
	<ExtendedData><SchemaData schemaUrl="#Tree_Aid_32_sites_Future_Instances">
		<SimpleData name="ID">0.00000</SimpleData>
		<SimpleData name="Site">Tougmètenga</SimpleData>
		<SimpleData name="Area_ha">61.66518778155</SimpleData>
	</SchemaData></ExtendedData>
      <MultiGeometry><Polygon><outerBoundaryIs><LinearRing><coordinates>-0.289373000056852,11.9472149999968 -0.289742000056806,11.9468349999969 -0.290814000056694,11.9432089999969 -0.291308000056651,11.9422579999969 -0.291387000056648,11.9416679999969 -0.291866000056595,11.9417039999969 -0.293320000056414,11.9409609999969 -0.293619000056377,11.9404559999969 -0.294197000056326,11.9404059999969 -0.294983000056243,11.9404719999969 -0.29502400005623,11.9409169999969 -0.295430000056173,11.941903999997 -0.295616000056166,11.9422759999969 -0.296113000056105,11.9423659999969 -0.296613000056045,11.9425059999969 -0.29716300005599,11.942675999997 -0.298176000055868,11.9430159999969 -0.298713000055797,11.943089999997 -0.299775000055674,11.943381999997 -0.299945000055665,11.9433579999969 -0.299534000055706,11.944729999997 -0.299483000055695,11.9463779999969 -0.2950660000562,11.9473129999969 -0.291462000056601,11.9486289999968 -0.289373000056852,11.9472149999968</coordinates></LinearRing></outerBoundaryIs></Polygon></MultiGeometry>
  </Placemark>
  <Placemark>
	<Style><LineStyle><color>ff0000ff</color></LineStyle><PolyStyle><fill>0</fill></PolyStyle></Style>
	<ExtendedData><SchemaData schemaUrl="#Tree_Aid_32_sites_Future_Instances">
		<SimpleData name="ID">0.00000</SimpleData>
		<SimpleData name="Site">Diapangou Wakou</SimpleData>
		<SimpleData name="Area_ha">140.61305963741</SimpleData>
	</SchemaData></ExtendedData>
      <MultiGeometry><Polygon><outerBoundaryIs><LinearRing><coordinates>0.171113784846944,12.1086655343716 0.171605196654804,12.1088544601978 0.171694664070738,12.1088774422746 0.171769956183656,12.1088267142412 0.171874218665228,12.1088645602458 0.17194095132266,12.1089167366224 0.172119963778502,12.1089553447907 0.17232140128986,12.1089941815015 0.172583026074628,12.1089968489148 0.172770597902597,12.108932552139 0.172986753296575,12.1089936080995 0.173119909529219,12.1091273835002 0.173222469017028,12.1093270560409 0.173326035175118,12.1094311035365 0.173541184699693,12.109587784235 0.173800642725753,12.1097964123306 0.174120752920667,12.1099247361145 0.174433543256282,12.1100382718726 0.17451522686829,12.1100906001307 0.174551286303975,12.1102160291976 0.174744863471183,12.1102915671717 0.174834564011898,12.1102924810543 0.174865315476499,12.1102118720777 0.174918492041887,12.1101314915513 0.174978756686696,12.1100879660698 0.175031778423562,12.1100222970736 0.175182362519692,12.1099208390344 0.175400221832772,12.1098200661331 0.175827227279277,12.1097361361894 0.17620945973244,12.1096443930524 0.176525190104971,12.1094784064612 0.176961680530981,12.1092032999927 0.177082827424475,12.1090574015068 0.177167681509538,12.1088081413601 0.177184409811908,12.1086391101917 0.177327053587589,12.1085817093311 0.177657345676416,12.1084526521615 0.177920517012221,12.1083081983867 0.178093447001789,12.1082143222783 0.178324863169197,12.1082461031072 0.178512974876099,12.1081303113749 0.1787704477157,12.1078165969986 0.178884040745965,12.1076779771294 0.178975208666054,12.1075391291059 0.179039412220394,12.1071204561622 0.179095136198105,12.1067973326647 0.179036263419885,12.1067084547834 0.17875576837592,12.1063671986813 0.178548787339111,12.106144395665 0.178244632338798,12.1059206041057 0.178096678870263,12.1057719672392 0.178098687910174,12.1055807163192 0.178011461384254,12.1053444181076 0.177821054287682,12.1049672950533 0.177697535407604,12.104627635389 0.177588348340644,12.1043469742376 0.177444105319465,12.103845258816 0.177320432590474,12.1035203107819 0.177181964915863,12.1031804990555 0.177057983530004,12.1028849742273 0.177000657714974,12.1026489802479 0.176891780898257,12.1023388959329 0.176732203421089,12.1018738074999 0.17657061692135,12.1015999698089 0.176499733100109,12.1012314194135 0.176368741869163,12.1008916837776 0.176267109009248,12.1006037429447 0.176105909963655,12.1002931262621 0.175952495163799,12.0999531624487 0.175857719324933,12.0997241440348 0.17585179041849,12.0995769521022 0.175808951503983,12.0993852451008 0.175677884293922,12.0990528652862 0.175568468569021,12.0987942715902 0.175365336754772,12.0989172662125 0.175281336710815,12.0990856125942 0.175002915985544,12.0992593366283 0.175039516560384,12.0993332749252 0.174978172329447,12.0994797820213 0.174789834605983,12.0996176397853 0.174781818605333,12.0996690542011 0.174623843628222,12.0997630814519 0.17448728750225,12.0999529620902 0.174367691418337,12.0999517444481 0.174106075029875,12.0999490806769 0.173792212796266,12.0999385280467 0.173433270097531,12.0999495856285 0.173344656195173,12.0998456911783 0.173284161956249,12.099911284116 0.173120336491449,12.0998507629306 0.172897022688379,12.09976020943 0.172777272100252,12.0997737026699 0.172583780095353,12.099690809309 0.172286261102303,12.0995480034786 0.172101327711315,12.0993622052302 0.171938586538081,12.0991987027149 0.171849663911619,12.0991242310388 0.171663724879343,12.0990340575992 0.171446880849078,12.0990392043122 0.17130501618341,12.0990230453798 0.171184801513144,12.099080672572 0.170884651779003,12.0991879614629 0.170637134586436,12.0992663603418 0.170374590430217,12.0993519623103 0.170239271174274,12.0994241481124 0.170066888082797,12.0994665297219 0.169962397003855,12.0994507511526 0.169932033435222,12.0994945808072 0.169870376793998,12.0996705091637 0.169795629617882,12.0996697469184 0.16960930394232,12.0996163509416 0.169535176517281,12.0995567426036 0.169363800426897,12.099503498953 0.169281656091897,12.0994953045919 0.169206444162256,12.099538676706 0.169072829115438,12.0994490353393 0.168953078857507,12.0994625269149 0.16876667612959,12.0994164861888 0.168461530698761,12.099288312012 0.168252781656451,12.0992346864629 0.168044187737158,12.0991663492872 0.167767856698836,12.0991414599502 0.16751363976737,12.0991462221628 0.167238006640129,12.099055130663 0.167089210729133,12.0989874031708 0.166894403845162,12.0990295538756 0.166684957726156,12.0990421288777 0.166475821803597,12.0990252807814 0.166326405804729,12.0990163987907 0.166065412598455,12.0989548817975 0.165819136219065,12.0989155844303 0.165812437168712,12.0988419508042 0.165671271695529,12.0987595875255 0.16548463778958,12.0987356120076 0.165401873488056,12.098786262393 0.165234482919463,12.0990641004939 0.165105473942931,12.0992466957369 0.164923676481144,12.0994728907405 0.164825341743212,12.0995822339505 0.164764147560425,12.0997140260829 0.164680218840635,12.0998750119834 0.164589280927774,12.0999917871383 0.164513137109909,12.1001234264278 0.164421578154095,12.1002990472525 0.164353064070024,12.100416051393 0.164223432790264,12.100657491681 0.16416200511607,12.1008113507055 0.164024665817723,12.1010747815794 0.164000223367586,12.1012658010523 0.16391675932613,12.101382652197 0.163817647040448,12.1015655519453 0.163771556479041,12.1016827849975 0.163695411640711,12.1018144238516 0.163597696564764,12.1018649205939 0.163476780779631,12.1019887451982 0.163310783466752,12.1021341783725 0.163257450763987,12.1022292677125 0.1632112044862,12.1023612120092 0.163119798995688,12.102522120597 0.162991097259462,12.1026752912843 0.163004493485863,12.1028225583347 0.163070135400961,12.1029777160907 0.163188955046266,12.1030524960068 0.163397549680168,12.1031208372192 0.163546113296835,12.1032106341189 0.163737895079694,12.1034553594283 0.163938006076469,12.1036192482193 0.164129710844597,12.1038713291124 0.164336831381517,12.1040794284442 0.164558979493574,12.1042803247619 0.164713699321892,12.1044952448913 0.164950642461459,12.1047110052583 0.165165239108119,12.1049191806348 0.165350945730589,12.1050314259954 0.165700788633178,12.1051747743509 0.165931422405397,12.1052801219029 0.166072746154137,12.1053477743422 0.166346522401251,12.1056154058317 0.166576070677212,12.1058237332189 0.166805541734209,12.106039416225 0.166922269288243,12.1063127998513 0.167172071139695,12.1067273165654 0.167283186132283,12.1068240861975 0.167714170826197,12.107071252782 0.167951971915166,12.1072060984627 0.16815832251115,12.1074877535306 0.168141666439249,12.1076494271766 0.168155452953843,12.1077599159173 0.168736171531953,12.1079865405684 0.168893455469468,12.1079587199636 0.16922835485743,12.1081019125047 0.169467475699153,12.1081117095291 0.170287395457465,12.1083407724568 0.171113784846944,12.1086655343716</coordinates></LinearRing></outerBoundaryIs></Polygon></MultiGeometry>
  </Placemark>
  <Placemark>
	<Style><LineStyle><color>ff0000ff</color></LineStyle><PolyStyle><fill>0</fill></PolyStyle></Style>
	<ExtendedData><SchemaData schemaUrl="#Tree_Aid_32_sites_Future_Instances">
		<SimpleData name="ID">0.00000</SimpleData>
		<SimpleData name="Site">Toece Damzoussi</SimpleData>
		<SimpleData name="Area_ha">28.70195254880</SimpleData>
	</SchemaData></ExtendedData>
      <MultiGeometry><Polygon><outerBoundaryIs><LinearRing><coordinates>-1.27511800000514,11.8837579999998 -1.27460500000514,11.8842969999998 -1.27360100000515,11.8852469999998 -1.27252000000517,11.8863149999998 -1.27185900000519,11.8861189999998 -1.27132000000519,11.8859379999998 -1.27085500000519,11.8857219999999 -1.2707450000052,11.8859469999998 -1.2705270000052,11.8862569999998 -1.27035300000521,11.8865429999998 -1.27010100000522,11.8869749999998 -1.26982600000522,11.8874259999999 -1.26958300000522,11.8876799999998 -1.26948300000521,11.8879769999998 -1.2692060000052,11.8884349999998 -1.26899200000523,11.8888319999999 -1.26887000000523,11.8889609999999 -1.26879200000522,11.8889859999998 -1.26842400000523,11.8872779999999 -1.26822500000525,11.8871139999998 -1.26781200000525,11.8867929999998 -1.26749400000524,11.8865979999998 -1.26724100000526,11.8865999999998 -1.26698700000526,11.8865059999998 -1.26679900000526,11.8863979999999 -1.26673500000527,11.8860179999998 -1.26665300000526,11.8855249999998 -1.26662400000527,11.8853199999998 -1.26630200000527,11.8839559999998 -1.26627900000526,11.8837699999998 -1.26648400000525,11.8836779999998 -1.26742700000526,11.8831439999998 -1.26765300000526,11.8830809999998 -1.26797100000524,11.8827919999999 -1.26831800000524,11.8824379999998 -1.26885700000523,11.8821239999999 -1.26965400000521,11.8818799999999 -1.2703290000052,11.8830189999999 -1.27051600000518,11.8835399999998 -1.27072700000519,11.8838209999999 -1.2707880000052,11.8841339999998 -1.2712640000052,11.8848359999998 -1.27170200000519,11.8843919999998 -1.27196500000517,11.8839089999998 -1.27250200000518,11.8843219999998 -1.27306700000516,11.8843609999999 -1.27337600000516,11.8844509999998 -1.27374400000515,11.8845129999999 -1.27511800000514,11.8837579999998</coordinates></LinearRing></outerBoundaryIs></Polygon></MultiGeometry>
  </Placemark>
  <Placemark>
	<Style><LineStyle><color>ff0000ff</color></LineStyle><PolyStyle><fill>0</fill></PolyStyle></Style>
	<ExtendedData><SchemaData schemaUrl="#Tree_Aid_32_sites_Future_Instances">
		<SimpleData name="ID">0.00000</SimpleData>
		<SimpleData name="Site">Toece Koulpele</SimpleData>
		<SimpleData name="Area_ha">20.72925051977</SimpleData>
	</SchemaData></ExtendedData>
      <MultiGeometry><Polygon><outerBoundaryIs><LinearRing><coordinates>-1.3025110000047,11.9229349999998 -1.30275800000468,11.9232799999999 -1.30317300000468,11.9236469999999 -1.30369100000468,11.9239329999999 -1.30443400000466,11.9245609999999 -1.30471200000466,11.9247289999999 -1.30531400000466,11.9249809999998 -1.30570900000466,11.9251669999999 -1.30610600000463,11.9253349999999 -1.30653500000464,11.9255439999999 -1.30692800000463,11.9256359999998 -1.30718800000463,11.9257079999999 -1.30661100000465,11.9271889999999 -1.30605600000463,11.9277099999998 -1.30568600000464,11.9282329999998 -1.30532900000466,11.9288849999998 -1.30488100000468,11.9295189999999 -1.30446300000468,11.9302839999999 -1.30416000000467,11.9306719999998 -1.30383100000469,11.9308279999998 -1.30378100000468,11.9307119999999 -1.30331300000467,11.9289099999999 -1.30311900000469,11.9273219999999 -1.30290900000469,11.9261239999999 -1.30267400000468,11.9250359999998 -1.30258800000471,11.9247049999998 -1.30270200000471,11.9236739999998 -1.3025110000047,11.9229349999998</coordinates></LinearRing></outerBoundaryIs></Polygon></MultiGeometry>
  </Placemark>
  <Placemark>
	<Style><LineStyle><color>ff0000ff</color></LineStyle><PolyStyle><fill>0</fill></PolyStyle></Style>
	<ExtendedData><SchemaData schemaUrl="#Tree_Aid_32_sites_Future_Instances">
		<SimpleData name="ID">0.00000</SimpleData>
		<SimpleData name="Site">Kaya korso</SimpleData>
		<SimpleData name="Area_ha">574.26098513249</SimpleData>
	</SchemaData></ExtendedData>
      <MultiGeometry><Polygon><outerBoundaryIs><LinearRing><coordinates>-1.02254600001129,11.0511699999997 -1.0225220000113,11.0513889999996 -1.0220000000113,11.0516349999996 -1.02094800001134,11.0524469999996 -1.02061800001136,11.0526119999996 -1.01946500001138,11.0529099999996 -1.02010100001136,11.0537059999996 -1.0151130000115,11.0554989999996 -1.00995700001166,11.0559089999995 -1.00885000001171,11.0557019999996 -1.00739800001175,11.0550199999996 -1.00744300001175,11.0539899999996 -1.00696300001176,11.0523219999996 -1.00708100001177,11.0502349999996 -1.00140700001194,11.0481569999996 -1.00016800001198,11.0465409999996 -0.999344000012009,11.0458569999995 -0.998428000012036,11.0449099999996 -0.996185000012128,11.0441099999996 -0.996665000012106,11.0432389999996 -0.997302000012083,11.0422529999996 -0.996788000012096,11.0413439999996 -0.996519000012107,11.0410529999995 -0.995984000012122,11.0402849999995 -0.995910000012127,11.0401469999996 -0.995610000012141,11.0397139999995 -0.994699000012157,11.0391879999996 -0.995405000012137,11.0390189999996 -0.996481000012111,11.0390229999996 -0.996795000012093,11.0387609999996 -0.996968000012091,11.0384869999995 -0.997012000012092,11.0383109999996 -0.997060000012085,11.0377469999996 -0.9966460000121,11.0371059999996 -0.996635000012106,11.0366569999996 -0.997083000012096,11.0366929999995 -0.997657000012073,11.0373129999996 -0.998650000012041,11.0382319999996 -0.999171000012041,11.0386469999995 -0.999537000012003,11.0388119999995 -0.999893000011991,11.0385089999995 -1.00118100001197,11.0378759999996 -1.00177500001193,11.0374739999996 -1.00257800001192,11.0371989999995 -1.0031700000119,11.0370349999996 -1.00380200001188,11.0370249999996 -1.00481000001185,11.0371639999995 -1.00531400001183,11.0372379999996 -1.00604800001182,11.0373139999996 -1.00663900001178,11.0373139999996 -1.00719700001176,11.0372129999996 -1.00784200001174,11.0371169999996 -1.00844000001173,11.0369589999996 -1.00884900001173,11.0369899999996 -1.00958300001169,11.0370119999996 -1.01005600001168,11.0369179999997 -1.01057900001168,11.0365919999996 -1.01116000001165,11.0362839999996 -1.01199400001163,11.0356369999996 -1.01248500001162,11.0352909999996 -1.01302400001158,11.0349689999996 -1.01352800001159,11.0345689999996 -1.01426500001156,11.0338599999996 -1.01496400001154,11.0334629999996 -1.01515100001153,11.0333189999996 -1.01547000001152,11.0331799999996 -1.0160020000115,11.0329779999995 -1.01658700001149,11.0327549999996 -1.01707200001147,11.0326699999996 -1.01748400001145,11.0325639999996 -1.01827100001143,11.0324709999996 -1.01881300001142,11.0324039999996 -1.01923700001141,11.0323939999996 -1.02022400001138,11.0322739999996 -1.02063000001137,11.0322079999996 -1.02116500001135,11.0326509999996 -1.02141500001132,11.0330049999996 -1.02186200001132,11.0335329999996 -1.02214400001132,11.0338219999996 -1.0228840000113,11.0347319999996 -1.02323600001128,11.0348109999996 -1.02401800001125,11.0351379999996 -1.02505300001122,11.0361159999996 -1.02583100001119,11.0368239999996 -1.02637200001118,11.0374509999997 -1.02699300001116,11.0380139999996 -1.02752400001114,11.0383989999996 -1.02830500001111,11.0387109999996 -1.02872400001111,11.0390159999996 -1.02905200001109,11.0393359999996 -1.02913300001109,11.0398359999996 -1.02919200001109,11.0404239999997 -1.02918700001111,11.0410219999996 -1.0289380000111,11.0419329999997 -1.02872200001111,11.0426629999996 -1.02825000001111,11.0433519999996 -1.02800600001113,11.0444049999996 -1.02781200001113,11.0451719999996 -1.02758400001113,11.0458309999996 -1.02744000001114,11.0461149999996 -1.02663700001117,11.0467589999996 -1.02604600001119,11.0471759999996 -1.02578000001119,11.0474739999995 -1.0254710000112,11.0477629999996 -1.0251200000112,11.0477219999996 -1.02479000001123,11.0475239999996 -1.02420900001122,11.0474319999996 -1.02378400001124,11.0472799999996 -1.02340400001127,11.0471489999996 -1.02313000001127,11.0467719999996 -1.02266700001128,11.0461599999996 -1.02242000001128,11.0459979999996 -1.02200300001131,11.0459439999996 -1.02092500001135,11.0456869999996 -1.02044100001135,11.0454929999996 -1.02030200001135,11.0451129999996 -1.02022400001136,11.0447889999996 -1.01958600001138,11.0444699999996 -1.01942800001139,11.0446819999996 -1.01888100001141,11.0453749999996 -1.01849100001142,11.0465749999996 -1.01942200001137,11.0465239999996 -1.02046400001134,11.0467139999996 -1.02147800001133,11.0473009999995 -1.02176400001131,11.0477939999996 -1.0218380000113,11.0479469999996 -1.0220880000113,11.0483009999997 -1.02254800001128,11.0486699999996 -1.02260700001129,11.0488659999995 -1.02248100001127,11.0491019999996 -1.02252000001129,11.0495569999996 -1.0224580000113,11.0499519999996 -1.0220950000113,11.0499699999996 -1.02225100001129,11.0505799999996 -1.02255000001129,11.0509959999996 -1.02254600001129,11.0511699999997</coordinates></LinearRing></outerBoundaryIs></Polygon></MultiGeometry>
  </Placemark>
  <Placemark>
	<Style><LineStyle><color>ff0000ff</color></LineStyle><PolyStyle><fill>0</fill></PolyStyle></Style>
	<ExtendedData><SchemaData schemaUrl="#Tree_Aid_32_sites_Future_Instances">
		<SimpleData name="ID">0.00000</SimpleData>
		<SimpleData name="Site">Somyalguem
</SimpleData>
		<SimpleData name="Area_ha">38.87742208459</SimpleData>
	</SchemaData></ExtendedData>
      <MultiGeometry><Polygon><outerBoundaryIs><LinearRing><coordinates>-2.35110944987009,12.6725384683918 -2.35065992227715,12.6727313721133 -2.35066001159545,12.6726960994599 -2.35048102235125,12.6724487523248 -2.35042834419189,12.6719724399166 -2.35012554760055,12.6709664234468 -2.35005526650227,12.6703489764581 -2.35007322779986,12.670349020341 -2.349876279386,12.6701016289808 -2.349768779974,12.6699955476279 -2.34971538801144,12.6698014163191 -2.34971614813108,12.6695015987526 -2.34968103051298,12.669184057044 -2.34973554008922,12.6689372801569 -2.34980769780652,12.6688140014468 -2.34991559903097,12.6687613558071 -2.34991582250981,12.6686731741602 -2.3498447376909,12.668373181002 -2.34982677653248,12.6683731371104 -2.34984545287257,12.6680909997256 -2.34986372688923,12.6679675893042 -2.35004342756229,12.6679327554653 -2.35024082129529,12.668003783355 -2.35054620523302,12.6679868925184 -2.35085136600382,12.6680581829972 -2.35103093279048,12.6680762574906 -2.3514259441597,12.6681301300218 -2.35167735565306,12.6681483792074 -2.35183918424455,12.6680782277094 -2.3522342849153,12.6680968263723 -2.35261186960161,12.667939017351 -2.35304302588735,12.6679047931847 -2.35388746592182,12.6678010264341 -2.35426487169236,12.6677137603767 -2.35462413863527,12.6676969955948 -2.35501915044706,12.6677508628009 -2.35552179636435,12.6678578995356 -2.35611411570573,12.6680180617433 -2.35638353305212,12.6680187136056 -2.35717404499184,12.6679324423832 -2.35769540421198,12.6677397003861 -2.35803688659147,12.667652342191 -2.35866521779729,12.6677773127219 -2.35897042511461,12.6678309576239 -2.3590774870224,12.6681133990384 -2.3590772226389,12.6682192172108 -2.35902285434771,12.6684130873823 -2.35905833607146,12.6685895375387 -2.35893216687146,12.6687655982297 -2.35886018975578,12.668818334186 -2.35839213927667,12.6692404810003 -2.35810414140045,12.6694866967742 -2.35778035288699,12.6696799164212 -2.3574383816931,12.6699612740354 -2.35707871369199,12.6701367696448 -2.35693427151187,12.6704362403184 -2.35677244263847,12.6705063948992 -2.3563586238528,12.670787577266 -2.3563042086283,12.6709990830685 -2.35601589680128,12.671368750789 -2.35531456027392,12.6717021445171 -2.3547567803262,12.6720887939384 -2.35427164393967,12.6721581624138 -2.35412768591443,12.6722636315724 -2.35198947209514,12.6725758867683 -2.35110944987009,12.6725384683918</coordinates></LinearRing></outerBoundaryIs></Polygon></MultiGeometry>
  </Placemark>
  <Placemark>
	<Style><LineStyle><color>ff0000ff</color></LineStyle><PolyStyle><fill>0</fill></PolyStyle></Style>
	<ExtendedData><SchemaData schemaUrl="#Tree_Aid_32_sites_Future_Instances">
		<SimpleData name="ID">0.00000</SimpleData>
		<SimpleData name="Site">Tibtanga Zambelle</SimpleData>
		<SimpleData name="Area_ha">136.82962995828</SimpleData>
	</SchemaData></ExtendedData>
      <MultiGeometry><Polygon><outerBoundaryIs><LinearRing><coordinates>-2.21815100000006,13.015567 -2.21811200000006,13.015047 -2.21812400000007,13.014657 -2.21791200000007,13.014258 -2.21776600000005,13.014041 -2.21841800000008,13.013801 -2.21880400000007,13.013958 -2.21979300000007,13.014385 -2.21975193200791,13.0150401315056 -2.21957800000007,13.015783 -2.21920134328114,13.0163399151844 -2.21883600000006,13.016757 -2.21854900000007,13.017122 -2.21828088509818,13.0173227923822 -2.21765600000008,13.01745 -2.21699100000006,13.017584 -2.21631600000006,13.017836 -2.21595300000006,13.01802 -2.21519400000006,13.018064 -2.21453500000009,13.018051 -2.21448300000007,13.017748 -2.21450000000008,13.017507 -2.21419100000006,13.017186 -2.21362300000008,13.017108 -2.21301900000008,13.01757 -2.21229200000007,13.017763 -2.21224375497748,13.0179361092542 -2.21194100000007,13.017785 -2.21201600000007,13.019103 -2.21179100000008,13.019655 -2.21169700000006,13.019843 -2.21153500000007,13.020277 -2.21146744691292,13.0211605500146 -2.21142662352417,13.0217250200189 -2.21131700000007,13.021799 -2.21117600000008,13.02184 -2.21087500000007,13.022123 -2.21054100000008,13.022162 -2.21014700000008,13.02232 -2.20962500000007,13.022491 -2.20965582242401,13.0225124529209 -2.20979200000007,13.023466 -2.20976100000007,13.024073 -2.20906600000006,13.024832 -2.20812000000007,13.025518 -2.20727972139576,13.0260463494975 -2.20671400000007,13.026086 -2.20604946361803,13.0262148334358 -2.20551900000007,13.026476 -2.20501287035388,13.026862374168 -2.20451700000006,13.026881 -2.20379500000007,13.026928 -2.20296700000008,13.027414 -2.2021265819084,13.0278831705599 -2.2010721709461,13.0279947551914 -2.20068098653861,13.0282423526644 -2.19990300000008,13.028616 -2.19970200000007,13.028477 -2.19900392357201,13.0277395687442 -2.19855000000008,13.026184 -2.19849100000008,13.025835 -2.19837700000009,13.02501 -2.19832300000009,13.02391 -2.19873600000009,13.021325 -2.19894000000007,13.020558 -2.19953300000009,13.019388 -2.19994200000008,13.018504 -2.20001146884433,13.0179015429829 -2.20001441554987,13.0169828924426 -2.20028841025425,13.0167540723334 -2.20071818381293,13.0166405643935 -2.20136112757509,13.0170061807921 -2.20262900000008,13.016757 -2.20307930268133,13.0168392160304 -2.20337183498205,13.0169166695625 -2.20438673404626,13.0169389230124 -2.20354621768098,13.0173191189286 -2.20297889699805,13.0177192902905 -2.20284900000007,13.018322 -2.20313119244141,13.0189254996992 -2.20406600000008,13.018774 -2.20425900000006,13.018808 -2.20496900000007,13.019603 -2.20529800000007,13.020044 -2.20494700000008,13.020432 -2.20443200000008,13.020941 -2.20423569139551,13.0214552064849 -2.20474092198664,13.0221648903006 -2.20561738111761,13.0227608782512 -2.20602886342576,13.022264530752 -2.20650182435179,13.0208497099495 -2.20677600000008,13.019756 -2.20699563713243,13.0190138986777 -2.20750100000008,13.018978 -2.20776000000006,13.019308 -2.20887100000006,13.019208 -2.21028416613046,13.0191387648987 -2.21062000000009,13.018435 -2.21048262478981,13.0181058747213 -2.21093900000008,13.017213 -2.21137200000007,13.01658 -2.21146000000007,13.016024 -2.21219600000008,13.016228 -2.21376754094017,13.0162785276166 -2.21408134390853,13.0158010083924 -2.21388760725417,13.0153410901448 -2.21372100000005,13.014904 -2.21369200000009,13.014399 -2.21416387927165,13.0143849868543 -2.21477000000007,13.014366 -2.21505400000008,13.014372 -2.21534400000007,13.014465 -2.21564500000006,13.014686 -2.21618800000006,13.015282 -2.21665600000009,13.015826 -2.21746628449784,13.0156696133632 -2.21815100000006,13.015567</coordinates></LinearRing></outerBoundaryIs></Polygon></MultiGeometry>
  </Placemark>
  <Placemark>
	<Style><LineStyle><color>ff0000ff</color></LineStyle><PolyStyle><fill>0</fill></PolyStyle></Style>
	<ExtendedData><SchemaData schemaUrl="#Tree_Aid_32_sites_Future_Instances">
		<SimpleData name="ID">0.00000</SimpleData>
		<SimpleData name="Site">Teonsgo</SimpleData>
		<SimpleData name="Area_ha">39.57488731456</SimpleData>
	</SchemaData></ExtendedData>
      <MultiGeometry><Polygon><outerBoundaryIs><LinearRing><coordinates>-1.88494299999994,13.514680999807 -1.88434299999985,13.5141749998071 -1.88364199999994,13.5138449998072 -1.88341599999998,13.513110999807 -1.88341499999999,13.5124809998071 -1.88341599999998,13.5111159998072 -1.88343999999992,13.509999999807 -1.88384999999992,13.5092019998071 -1.88461699999996,13.5087799998072 -1.88585199999992,13.5085979998072 -1.88671199999984,13.509082999807 -1.88775899999988,13.509548999807 -1.88790999999993,13.5097839998071 -1.88848899999997,13.509821999807 -1.88901999999994,13.5099679998071 -1.88953899999998,13.5102659998072 -1.88991699999999,13.5104839998071 -1.89044999999995,13.5110809998071 -1.89071299999986,13.5113049998072 -1.89095599999998,13.511676999807 -1.89096499999984,13.5116869998072 -1.89065499999995,13.512133999807 -1.88992899999992,13.5126509998071 -1.889287,13.513091999807 -1.88862099999996,13.5139859998071 -1.88787699999987,13.5143469998071 -1.88730499999988,13.5145439998071 -1.88655999999988,13.5148879998071 -1.88599700000001,13.515079999807 -1.88494299999994,13.514680999807</coordinates></LinearRing></outerBoundaryIs></Polygon></MultiGeometry>
  </Placemark>
  <Placemark>
	<Style><LineStyle><color>ff0000ff</color></LineStyle><PolyStyle><fill>0</fill></PolyStyle></Style>
	<ExtendedData><SchemaData schemaUrl="#Tree_Aid_32_sites_Future_Instances">
		<SimpleData name="ID">0.00000</SimpleData>
		<SimpleData name="Site">Sima</SimpleData>
		<SimpleData name="Area_ha">163.29562313480</SimpleData>
	</SchemaData></ExtendedData>
      <MultiGeometry><Polygon><outerBoundaryIs><LinearRing><coordinates>-2.00781399999994,13.5515929998064 -2.00743499999994,13.5511229998065 -2.00674799999994,13.5500569998065 -2.00615199999992,13.5489749998065 -2.00555899999997,13.5480219998066 -2.00537399999994,13.5475389998065 -2.00455099999997,13.5459619998065 -2.00412299999991,13.5450679998066 -2.00327099999993,13.5438279998066 -2.00283999999989,13.5432269998066 -2.00242999999998,13.5425759998066 -2.00191299999993,13.5419009998067 -2.00151399999995,13.5412799998066 -2.0015079999999,13.5400849998066 -2.00125299999994,13.5396079998067 -2.001433,13.5388299998067 -2.00197799999998,13.5381199998067 -2.00245299999993,13.5375969998067 -2.00307299999998,13.5373499998067 -2.00401299999995,13.5366769998067 -2.00497099999999,13.5358569998067 -2.00541899999993,13.5351839998067 -2.00618099999992,13.5348039998067 -2.00696899999993,13.5352999998067 -2.00767699999998,13.5358409998067 -2.00856199999993,13.5363659998067 -2.00933199999996,13.5369519998067 -2.01010699999995,13.5374619998067 -2.01099199999991,13.5380789998067 -2.0110359999999,13.5380969998066 -2.01159199999999,13.5386499998067 -2.01219499999997,13.5393389998066 -2.01261299999991,13.5404709998066 -2.01300599999992,13.5418299998066 -2.01343999999995,13.5428739998066 -2.01342699999994,13.5442979998065 -2.01312199999992,13.5452149998065 -2.01309999999997,13.5462549998065 -2.01316199999995,13.5474039998065 -2.01300399999993,13.5482449998066 -2.01271199999993,13.5495579998065 -2.01248799999996,13.5506329998065 -2.01179499999991,13.5511169998065 -2.01146499999996,13.5512499998065 -2.0102479999999,13.5523879998065 -2.00920699999992,13.5525739998065 -2.00834299999993,13.5529359998065 -2.00781399999994,13.5515929998064</coordinates></LinearRing></outerBoundaryIs></Polygon></MultiGeometry>
  </Placemark>
  <Placemark>
	<Style><LineStyle><color>ff0000ff</color></LineStyle><PolyStyle><fill>0</fill></PolyStyle></Style>
	<ExtendedData><SchemaData schemaUrl="#Tree_Aid_32_sites_Future_Instances">
		<SimpleData name="ID">0.00000</SimpleData>
		<SimpleData name="Site">Bougui</SimpleData>
		<SimpleData name="Area_ha">274.35820905203</SimpleData>
	</SchemaData></ExtendedData>
      <MultiGeometry><Polygon><outerBoundaryIs><LinearRing><coordinates>0.484602999962364,12.0531769998252 0.484735999962338,12.0521749998252 0.484566999962391,12.0506769998253 0.484613999962363,12.0500399998252 0.484963999962337,12.0488979998252 0.484995999962312,12.0482579998252 0.485556999962321,12.0472289998253 0.486706999962168,12.0470009998253 0.487718999962069,12.0472259998252 0.488261999962104,12.0473409998252 0.488964999962037,12.0464899998252 0.48983399996193,12.0468839998252 0.490376999961878,12.0473789998252 0.491133999961845,12.0487739998252 0.491740999961844,12.0493759998252 0.492940999961744,12.0492499998252 0.494621999961609,12.0493869998251 0.494759999961557,12.0493539998252 0.495825999961468,12.0471319998252 0.496607999961444,12.0458069998252 0.496982999961352,12.0453859998252 0.497301999961333,12.0439779998252 0.497899999961279,12.0415359998253 0.498494999961246,12.0400719998253 0.499052999961182,12.0393629998253 0.499866999961141,12.0386389998253 0.500991999961044,12.0366179998254 0.50116199996097,12.0359969998253 0.501441999960918,12.0336079998254 0.500639999961048,12.0320169998254 0.500469999961025,12.0314849998254 0.500367999961029,12.0308519998254 0.49882399996112,12.0310879998254 0.497720999961248,12.0312579998254 0.495247999961467,12.0321779998254 0.493789999961565,12.0330579998254 0.493109999961577,12.0337239998254 0.491216999961786,12.0355029998254 0.490566999961792,12.0359619998254 0.489471999961872,12.0367809998254 0.487954999962071,12.0378539998254 0.487066999962118,12.0385309998253 0.48648999996212,12.0392109998254 0.485503999962245,12.0404959998253 0.484488999962286,12.0419609998253 0.484607999962356,12.0420969998253 0.483668999962366,12.0436769998254 0.481271999962564,12.0458139998253 0.479842999962748,12.0470649998253 0.478690999962826,12.0479569998252 0.47890499996276,12.0489029998253 0.479337999962767,12.0499779998253 0.479544999962739,12.0503379998252 0.480433999962695,12.0515489998252 0.480863999962627,12.0520639998252 0.481428999962624,12.0536559998252 0.482847999962507,12.0537879998251 0.483273999962465,12.0540219998251 0.484602999962364,12.0531769998252</coordinates></LinearRing></outerBoundaryIs></Polygon></MultiGeometry>
  </Placemark>
  <Placemark>
	<Style><LineStyle><color>ff0000ff</color></LineStyle><PolyStyle><fill>0</fill></PolyStyle></Style>
	<ExtendedData><SchemaData schemaUrl="#Tree_Aid_32_sites_Future_Instances">
		<SimpleData name="ID">0.00000</SimpleData>
		<SimpleData name="Site">Bagogo</SimpleData>
		<SimpleData name="Area_ha">283.82685925501</SimpleData>
	</SchemaData></ExtendedData>
      <MultiGeometry><Polygon><outerBoundaryIs><LinearRing><coordinates>-2.49247699999999,12.870304 -2.49209799999999,12.869975 -2.49167099999999,12.869679 -2.49137599999999,12.869355 -2.49081399999999,12.868995 -2.48944999999999,12.868514 -2.48882799999999,12.868297 -2.48856199999999,12.868236 -2.48780799999999,12.867971 -2.48686399999999,12.8674 -2.48561499999999,12.866665 -2.48477399999999,12.866089 -2.48477899999999,12.866092 -2.48500999999999,12.865639 -2.48528399999999,12.865167 -2.48590899999999,12.864372 -2.48620299999999,12.864105 -2.48656799999999,12.863726 -2.48688299999999,12.863277 -2.48732499999999,12.86284 -2.48771299999999,12.862401 -2.48797799999999,12.862268 -2.48793699999999,12.861765 -2.48810799999999,12.861055 -2.48827499999999,12.860646 -2.48888399999999,12.859722 -2.48906199999999,12.859122 -2.48930199999999,12.858518 -2.48970999999999,12.858217 -2.48984099999999,12.858062 -2.49018199999999,12.857904 -2.49065699999999,12.857804 -2.49103299999999,12.857469 -2.49189199999999,12.856948 -2.49262799999999,12.856248 -2.49268499999999,12.855913 -2.49270699999999,12.855699 -2.49330899999999,12.854797 -2.49372299999999,12.854694 -2.49435899999999,12.854592 -2.49504099999999,12.85461 -2.49551199999999,12.854478 -2.49622599999999,12.853953 -2.49660699999999,12.85379 -2.49707999999999,12.8536 -2.49751199999999,12.853315 -2.49773999999999,12.853029 -2.49786299999999,12.852505 -2.49822899999999,12.851614 -2.49838699999999,12.851178 -2.49873099999999,12.850739 -2.49975899999999,12.850348 -2.50026599999999,12.850374 -2.50063999999999,12.850596 -2.50111499999999,12.850666 -2.50161799999999,12.850544 -2.50233599999999,12.850495 -2.50305999999999,12.850409 -2.50334999999999,12.850578 -2.50379699999999,12.850967 -2.50415999999999,12.851355 -2.50425699999999,12.851534 -2.50449399999999,12.8517 -2.50542699999999,12.852885 -2.50583799999999,12.853763 -2.50587599999999,12.854063 -2.50607199999999,12.854328 -2.50624699999999,12.85486 -2.50642999999999,12.855524 -2.50645099999999,12.85588 -2.50649799999999,12.856305 -2.50678799999999,12.857016 -2.50730399999999,12.857664 -2.50738999999999,12.857757 -2.50683499999999,12.858394 -2.50547199999999,12.859729 -2.50464699999999,12.860497 -2.50393199999999,12.861297 -2.50328599999999,12.862412 -2.50282199999999,12.862888 -2.50209999999999,12.863474 -2.50078699999999,12.864331 -2.49954699999999,12.865309 -2.49864599999999,12.865934 -2.49738899999999,12.867061 -2.49582499999999,12.868457 -2.49530499999999,12.868743 -2.49479999999999,12.869029 -2.49374099999999,12.869502 -2.49298499999999,12.869953 -2.49251299999999,12.870323 -2.49247699999999,12.870304</coordinates></LinearRing></outerBoundaryIs></Polygon></MultiGeometry>
  </Placemark>
  <Placemark>
	<Style><LineStyle><color>ff0000ff</color></LineStyle><PolyStyle><fill>0</fill></PolyStyle></Style>
	<ExtendedData><SchemaData schemaUrl="#Tree_Aid_32_sites_Future_Instances">
		<SimpleData name="ID">0.00000</SimpleData>
		<SimpleData name="Site">Bakago Nord</SimpleData>
		<SimpleData name="Area_ha">132.42166188587</SimpleData>
	</SchemaData></ExtendedData>
      <MultiGeometry><Polygon><outerBoundaryIs><LinearRing><coordinates>-1.18520600000686,11.6044699999998 -1.18513700000686,11.6046039999998 -1.18463800000687,11.6053129999998 -1.18432300000689,11.6057499999998 -1.18391477151414,11.6064169636147 -1.18347500000687,11.6071109999998 -1.1828710000069,11.6081089999998 -1.18254000000691,11.6086169999998 -1.18213800000692,11.6090189999997 -1.1819210000008,11.609686 -1.1817870000069,11.6100539999998 -1.18150800000693,11.6104909999998 -1.18109535303356,11.6112770242372 -1.18085300000083,11.611737 -1.18058600000695,11.6122229999998 -1.18019200000695,11.6129759999998 -1.17983600000696,11.6135719999998 -1.17929400000697,11.6145619999998 -1.17912900000698,11.6142619999997 -1.17888800000697,11.6137639999998 -1.17884800000699,11.6135099999998 -1.17884100000698,11.6130049999997 -1.17874600000698,11.6126429999998 -1.178675000007,11.6122449999998 -1.178534000007,11.6117459999998 -1.17809500000699,11.6110909999998 -1.17781900000699,11.6107619999998 -1.17747200000699,11.6104549999998 -1.177309000007,11.6104719999997 -1.17702100000701,11.6104529999998 -1.17667900000703,11.6103869999998 -1.17609300000703,11.6102539999998 -1.17548200000706,11.6100639999998 -1.17515900000706,11.6096409999998 -1.17491000000706,11.6091489999998 -1.17468700000707,11.6088629999998 -1.17446700000706,11.6083649999997 -1.17416800000708,11.6080939999998 -1.17376700000709,11.6078199999997 -1.17362500000708,11.6075309999998 -1.1733920000071,11.6070009999998 -1.1731600000071,11.6067229999998 -1.1729380000071,11.6063029999998 -1.1727660000071,11.6056829999997 -1.17260100000711,11.6054589999998 -1.17236600000712,11.6051729999998 -1.1722310000071,11.6050319999997 -1.17176700000712,11.6049799999998 -1.17108000000712,11.6049419999998 -1.17060300000716,11.6044459999998 -1.17049700000716,11.6039459999998 -1.17051500000716,11.6032229999997 -1.17064900000715,11.6029229999997 -1.17079100000716,11.6025359999998 -1.17082500000715,11.6021839999998 -1.17093200000715,11.6020199999997 -1.17107600000715,11.6015839999997 -1.17113100000715,11.6014659999997 -1.17147700000715,11.6015249999997 -1.17166700000713,11.6016549999998 -1.17206100000714,11.6016579999998 -1.17225300000713,11.6015999999997 -1.17248400000712,11.6015349999997 -1.17279500000711,11.6014179999997 -1.17316100000711,11.6013819999997 -1.1734360000071,11.6014009999997 -1.17371500000708,11.6013169999998 -1.17407195710438,11.6011487866775 -1.17472600000707,11.6010629999998 -1.17515500000706,11.6008219999998 -1.1756277118196,11.6006563630992 -1.17603300000704,11.6003809999998 -1.17667560483878,11.5999215576222 -1.17747200000702,11.5999129999998 -1.17825000000701,11.5999569999998 -1.17861605903305,11.599957713901 -1.17881500000698,11.5999819999997 -1.17954700000698,11.6000559999997 -1.17984700000697,11.6000869999998 -1.18001600000697,11.6001269999997 -1.18021800000696,11.6002099999998 -1.18032700000695,11.6002819999998 -1.18049900000697,11.6004529999998 -1.18067000000696,11.6006879999998 -1.18082400000694,11.6009259999998 -1.18097200000694,11.6011789999997 -1.18123000000694,11.6015569999997 -1.18135000000693,11.6017479999998 -1.18154300000694,11.6019699999998 -1.18216000000694,11.6024619999998 -1.18243300000692,11.6027059999998 -1.1827850000069,11.6028669999997 -1.18302800000691,11.6029829999998 -1.18349000000688,11.6033049999998 -1.18410300000688,11.6037369999998 -1.18471700000686,11.6040859999998 -1.18509000000685,11.6043029999998 -1.18520600000686,11.6044699999998</coordinates></LinearRing></outerBoundaryIs></Polygon></MultiGeometry>
  </Placemark>
  <Placemark>
	<Style><LineStyle><color>ff0000ff</color></LineStyle><PolyStyle><fill>0</fill></PolyStyle></Style>
	<ExtendedData><SchemaData schemaUrl="#Tree_Aid_32_sites_Future_Instances">
		<SimpleData name="ID">0.00000</SimpleData>
		<SimpleData name="Site">Okargouini
</SimpleData>
		<SimpleData name="Area_ha">66.89182109220</SimpleData>
	</SchemaData></ExtendedData>
      <MultiGeometry><Polygon><outerBoundaryIs><LinearRing><coordinates>0.160050000044838,12.0570839999951 0.161156000044656,12.0556249999951 0.164321000044148,12.0561379999951 0.165881000043897,12.0555839999951 0.166123000043867,12.0540649999951 0.163611000044275,12.0520399999951 0.162208000044498,12.0516049999951 0.161373000044638,12.0506749999951 0.160737000044715,12.0512649999951 0.158329000045119,12.0495159999951 0.157170000045308,12.0518829999951 0.15441600004574,12.0518109999951 0.151547000046207,12.053783999995 0.151252000046243,12.0553059999951 0.152446000046056,12.055587999995 0.153563000045873,12.0550449999951 0.158572000045065,12.0548189999951 0.158791000045037,12.0572109999951 0.160050000044838,12.0570839999951</coordinates></LinearRing></outerBoundaryIs></Polygon></MultiGeometry>
  </Placemark>
  <Placemark>
	<Style><LineStyle><color>ff0000ff</color></LineStyle><PolyStyle><fill>0</fill></PolyStyle></Style>
	<ExtendedData><SchemaData schemaUrl="#Tree_Aid_32_sites_Future_Instances">
		<SimpleData name="ID">0.00000</SimpleData>
		<SimpleData name="Site">Namoungou</SimpleData>
		<SimpleData name="Area_ha">9413.90472873845</SimpleData>
	</SchemaData></ExtendedData>
      <MultiGeometry><Polygon><outerBoundaryIs><LinearRing><coordinates>0.602354999952554,12.0652879998242 0.598687999952928,12.0693839998242 0.591531999953623,12.0745059998242 0.587165999954078,12.0823569998241 0.582975999954516,12.090550999824 0.585768999954335,12.0990859998238 0.587165999954255,12.1052319998237 0.590135999954051,12.1135969998236 0.593450999953812,12.1216189998235 0.597641999953478,12.1274249998233 0.601831999953097,12.1275949998233 0.604449999952871,12.1298139998233 0.605846999952757,12.1315209998232 0.607242999952659,12.1351059998232 0.607591999952649,12.1380079998231 0.608115999952621,12.1409099998231 0.606544999952815,12.147055999823 0.611083999952407,12.1484209998229 0.613876999952147,12.1484209998229 0.617716999951796,12.1494459998229 0.61981199995161,12.1506409998228 0.622779999951324,12.1501279998228 0.627667999950865,12.1511529998228 0.63604699995006,12.1509819998227 0.639188999949758,12.1514939998227 0.643378999949349,12.1514939998226 0.645472999949155,12.1525179998226 0.649662999948742,12.1528599998226 0.651058999948607,12.1532009998225 0.653502999948395,12.1566149998225 0.654899999948273,12.1588339998224 0.65647099994815,12.1624189998224 0.659438999947853,12.1620779998223 0.662405999947526,12.1595169998224 0.666595999947068,12.1557619998224 0.663104999947375,12.1504699998225 0.66519899994716,12.1499579998225 0.668515999946818,12.1494459998224 0.672006999946488,12.1523479998224 0.674450999946234,12.1526889998223 0.676720999945979,12.1502989998224 0.679862999945603,12.1448369998224 0.682480999945334,12.1451779998224 0.687543999944825,12.1477389998223 0.689114999944661,12.1479089998223 0.693653999944194,12.1496159998222 0.695573999943997,12.1502989998222 0.702381999943312,12.1550789998221 0.705698999942952,12.155419999822 0.708316999942682,12.156273999822 0.709538999942539,12.155590999822 0.714077999942027,12.154054999822 0.715473999941872,12.154224999822 0.717917999941598,12.1537129998219 0.71913999994144,12.151322999822 0.719488999941361,12.147396999822 0.721409999941111,12.1434709998221 0.722107999941006,12.1409099998221 0.722107999940975,12.1380079998221 0.72106099994107,12.1354469998222 0.720710999941069,12.1315209998222 0.718790999941228,12.1260589998223 0.718267999941245,12.1217909998224 0.715648999941504,12.1187179998225 0.712680999941834,12.1187179998225 0.707618999942393,12.1188889998226 0.703778999942804,12.1182059998226 0.693827999943861,12.1163289998227 0.688416999944433,12.1156459998228 0.6856239999447,12.1129149998228 0.681957999945078,12.1113779998229 0.677243999945552,12.109329999823 0.671134999946186,12.109329999823 0.668515999946474,12.111206999823 0.667293999946598,12.111206999823 0.664326999946883,12.1091589998231 0.662754999947026,12.1071109998231 0.65996199994731,12.1071109998231 0.658565999947448,12.1062569998232 0.656645999947623,12.1045499998232 0.656295999947626,12.1006239998233 0.656295999947606,12.0985749998233 0.656121999947592,12.0946489998234 0.655772999947573,12.0888449998234 0.649313999948166,12.0826999998236 0.647567999948291,12.0765539998237 0.647742999948242,12.0727989998237 0.650011999947991,12.0698969998238 0.649487999948024,12.0678489998238 0.645647999948377,12.0642639998239 0.64302899994861,12.061019999824 0.640585999948845,12.059824999824 0.634824999949408,12.059483999824 0.62609699995024,12.0570939998241 0.620684999950771,12.0586309998242 0.617367999951121,12.0627269998241 0.615622999951286,12.0625569998241 0.612130999951632,12.0640929998242 0.606019999952225,12.0669939998242 0.602354999952554,12.0652879998242</coordinates></LinearRing></outerBoundaryIs></Polygon></MultiGeometry>
  </Placemark>
  <Placemark>
	<Style><LineStyle><color>ff0000ff</color></LineStyle><PolyStyle><fill>0</fill></PolyStyle></Style>
	<ExtendedData><SchemaData schemaUrl="#Tree_Aid_32_sites_Future_Instances">
		<SimpleData name="ID">0.00000</SimpleData>
		<SimpleData name="Site">Po</SimpleData>
		<SimpleData name="Area_ha">43.11182454835</SimpleData>
	</SchemaData></ExtendedData>
      <MultiGeometry><Polygon><outerBoundaryIs><LinearRing><coordinates>-1.09446800000921,11.1396749999997 -1.09552200000917,11.1402999999997 -1.09649000000917,11.1408129999997 -1.09730400000913,11.1412529999997 -1.09822900000912,11.1417469999997 -1.09872900000911,11.1420029999997 -1.09958100000908,11.1422749999997 -1.10017300000907,11.1424649999997 -1.10049200000907,11.1425589999997 -1.10108500000904,11.1426959999997 -1.10144900000904,11.1427059999997 -1.10172400000902,11.1431429999997 -1.10194200000901,11.1433039999997 -1.10218000000903,11.1434689999997 -1.10240900000902,11.1437059999997 -1.102463000009,11.1441189999997 -1.10247100000899,11.1444459999996 -1.10249900000902,11.1448099999997 -1.10251900000901,11.1451409999997 -1.10245400000901,11.1455129999997 -1.10238900000902,11.1458629999997 -1.10224400000901,11.1462039999997 -1.10215000000902,11.1465719999997 -1.10203600000902,11.1468019999996 -1.10182200000902,11.1468799999997 -1.10147700000903,11.1469869999997 -1.10128100000905,11.1469739999996 -1.10106600000904,11.1469979999997 -1.10085200000905,11.1470169999997 -1.10024800000906,11.1472409999997 -1.09994400000907,11.1471949999997 -1.09946000000906,11.1470649999997 -1.09907000000909,11.1469309999997 -1.09812900000911,11.1461439999997 -1.09777700000912,11.1458889999996 -1.09694200000914,11.1453399999997 -1.09656900000916,11.1450199999997 -1.09624200000917,11.1447409999997 -1.09582700000916,11.1444349999997 -1.09572400000917,11.1443539999996 -1.09542700000919,11.1440499999997 -1.09509900000918,11.1437129999997 -1.09475300000922,11.1433929999997 -1.09431500000922,11.1431219999997 -1.09379400000922,11.1427739999997 -1.09370700000923,11.1424269999996 -1.09370500000922,11.1419749999997 -1.09363500000925,11.1414599999997 -1.09365100000924,11.1409719999997 -1.09389900000923,11.1405369999997 -1.09421500000923,11.1399199999997 -1.09446800000921,11.1396749999997</coordinates></LinearRing></outerBoundaryIs></Polygon></MultiGeometry>
  </Placemark>
  <Placemark>
	<Style><LineStyle><color>ff0000ff</color></LineStyle><PolyStyle><fill>0</fill></PolyStyle></Style>
	<ExtendedData><SchemaData schemaUrl="#Tree_Aid_32_sites_Future_Instances">
		<SimpleData name="ID">0.00000</SimpleData>
		<SimpleData name="Site">Bakago sud</SimpleData>
		<SimpleData name="Area_ha">156.01501552649</SimpleData>
	</SchemaData></ExtendedData>
      <MultiGeometry><Polygon><outerBoundaryIs><LinearRing><coordinates>-1.18012700000698,11.5686409999998 -1.18005781864641,11.5694475603813 -1.17894740373343,11.5710405602101 -1.17804041169039,11.5723636510711 -1.1742650988136,11.5706766210301 -1.17243968839481,11.5694267096512 -1.16882129298802,11.5704072271767 -1.16550549381633,11.5727816753115 -1.16475534325409,11.573942999574 -1.16327153866737,11.5737347245095 -1.16240371500482,11.5732591716495 -1.16110881583058,11.5715810550074 -1.16076060515451,11.5693708597581 -1.16080288197514,11.5685123902504 -1.15917787354368,11.5674715828273 -1.16245647390995,11.5665794236873 -1.16342900000732,11.5663729999998 -1.16405000000732,11.5661379999998 -1.1644400000073,11.5660799999998 -1.16533500000728,11.5659119999998 -1.16595000000726,11.5657319999997 -1.16688700000725,11.5653989999997 -1.16744500000725,11.5651799999998 -1.16862100000722,11.5647409999997 -1.16919600000721,11.5643139999998 -1.1698770000072,11.5639929999998 -1.17060100000719,11.5636859999998 -1.17120900000716,11.5634879999998 -1.17223300000712,11.5632079999998 -1.17316200000714,11.5626379999997 -1.1742020000071,11.5622509999998 -1.17466900000709,11.5626809999998 -1.17503900000708,11.5631759999998 -1.17546200000708,11.5634569999997 -1.17594800000707,11.5638079999998 -1.17644100000707,11.5638689999998 -1.17686400000705,11.5639479999997 -1.17721700000704,11.5640739999998 -1.17772100000703,11.5646479999997 -1.17802600000702,11.5650639999997 -1.17813000000702,11.5653339999997 -1.17846500000703,11.5655119999998 -1.178919000007,11.5656909999998 -1.17943000000701,11.5657889999997 -1.179789000007,11.5665039999997 -1.17997600000698,11.5671439999998 -1.18003900000699,11.5676069999998 -1.18017300000698,11.5679759999997 -1.18012700000698,11.5686409999998</coordinates></LinearRing></outerBoundaryIs></Polygon></MultiGeometry>
  </Placemark>
  <Placemark>
	<Style><LineStyle><color>ff0000ff</color></LineStyle><PolyStyle><fill>0</fill></PolyStyle></Style>
	<ExtendedData><SchemaData schemaUrl="#Tree_Aid_32_sites_Future_Instances">
		<SimpleData name="ID">0.00000</SimpleData>
		<SimpleData name="Site">Kampala</SimpleData>
		<SimpleData name="Area_ha">2636.01051104190</SimpleData>
	</SchemaData></ExtendedData>
      <MultiGeometry><Polygon><outerBoundaryIs><LinearRing><coordinates>-0.999878490653651,11.2776798744489 -0.999672236733855,11.2778716799277 -0.99956637248598,11.2777700061567 -0.999318880208811,11.277498405969 -0.9990883184687,11.2771922093698 -0.998989866478746,11.2763687160797 -0.998896412381215,11.275906014734 -0.998622000677023,11.2749474245429 -0.998592700516302,11.2740886299239 -0.998475896869561,11.2731966479001 -0.998572244597336,11.2726110991491 -0.998669305847466,11.2720770922529 -0.998383917992232,11.27158261101 -0.998067048969587,11.2713291270116 -0.996957179514849,11.2703817966245 -0.9965728294535,11.2702838743336 -0.996437624732457,11.2705778219764 -0.996092838704841,11.2708230428088 -0.995681518543336,11.2712925502075 -0.995280474148439,11.2712464030603 -0.994854597405707,11.2719223125539 -0.994767271054446,11.2731607281221 -0.994380480602921,11.2741454213016 -0.994246460987746,11.2745252726629 -0.993538519288175,11.2749472251321 -0.99249653512232,11.2751331016298 -0.991371555238841,11.2756122194983 -0.991165057109542,11.2757868397361 -0.991083251053719,11.2761659881103 -0.991107069152397,11.2766296338106 -0.990980644456398,11.2775592693743 -0.991093157000526,11.2781420080848 -0.991157727304814,11.2790347032858 -0.990766408780546,11.2796929641122 -0.99021676884713,11.280233069655 -0.989332605435593,11.2805027360696 -0.988397644709481,11.2808761881895 -0.987754792812262,11.2809707620993 -0.986922842005454,11.281239719907 -0.985361474906969,11.2816387781272 -0.984838329123746,11.2815770794949 -0.983491619807108,11.2811312213727 -0.982085108033821,11.2801362678464 -0.980679315620488,11.2791928471622 -0.979553929543896,11.2783831243683 -0.978872234790135,11.2781860686176 -0.978386747110746,11.2783300606133 -0.977927549221936,11.2778550679285 -0.976874166150826,11.2772162063051 -0.976323444551587,11.2764159375033 -0.975230053132076,11.2753995503232 -0.973351491655474,11.2742562081091 -0.971557139259596,11.2729055089866 -0.969325992370139,11.2714403508261 -0.967110855673409,11.2698718476504 -0.96443940772023,11.2680344685723 -0.96236474445008,11.2665499573763 -0.962172099158872,11.2664666082277 -0.961403873741702,11.2663050237903 -0.961067976462329,11.265931449837 -0.960717263876854,11.2657471029416 -0.960082168615661,11.2651369382899 -0.959412969896169,11.264578780232 -0.958482682639984,11.2640241035111 -0.957374809791443,11.263214022353 -0.956549671127346,11.2627094882456 -0.956029850136304,11.2616166030361 -0.954887197930132,11.2595353064951 -0.953849705111625,11.2575041534032 -0.951060956247974,11.2521624646969 -0.950525187270813,11.2511728771092 -0.949524925336945,11.2493130410342 -0.948682264173104,11.2475198417871 -0.947307623414701,11.2450119421389 -0.945624019565952,11.2415457785933 -0.943927505788799,11.2384062758718 -0.943658950120611,11.237859921807 -0.943014608793262,11.2365624150395 -0.94221082827245,11.2350607994577 -0.941423060959261,11.2334558571471 -0.94089111285695,11.2327411379208 -0.940708192352006,11.2320905333789 -0.94028067621441,11.2313744283114 -0.938726342645877,11.2284391936614 -0.937706068995409,11.2263733108131 -0.937026984961814,11.2250762331469 -0.936470902896982,11.223863450585 -0.936203780527514,11.2234201717977 -0.935810868616719,11.2226864097428 -0.935006483306864,11.221133202078 -0.93412969848885,11.2193747248734 -0.933345300647502,11.2180102786332 -0.93297260381415,11.2174824622093 -0.932431223475271,11.2173521294324 -0.931702822474039,11.2175507815842 -0.93118280099504,11.2177123117336 -0.930421217904012,11.2180316953037 -0.929985887663613,11.2180202546294 -0.929634088051751,11.2177499337656 -0.929403186024581,11.21740927669 -0.929019137783521,11.2173284170387 -0.928532526299265,11.2173863910499 -0.928163092051736,11.2170991151331 -0.927807808040408,11.2165710591238 -0.927452757927549,11.2160601843831 -0.92711557782678,11.2155834436595 -0.926953598815501,11.2151903189143 -0.926774448964479,11.2148146054754 -0.926388313060294,11.2145791015102 -0.926037682113719,11.2143946846764 -0.925631820715864,11.2139875868402 -0.925087891635028,11.2136682332106 -0.924822191178154,11.213328028137 -0.924609399117485,11.2130386815464 -0.924379435983321,11.2127667460776 -0.923604851978639,11.2121239057418 -0.923164886005379,11.2117688072676 -0.923315485097396,11.2113200070682 -0.92400211441107,11.2106063704529 -0.924624929342542,11.2103232052502 -0.925581195885997,11.210241870312 -0.925893066272575,11.210134650921 -0.926608468337052,11.2102627083372 -0.92738907099402,11.2100633856013 -0.928019313502907,11.210330043224 -0.928261568276826,11.2102237390964 -0.92869921117602,11.2104070075041 -0.929461710170729,11.2101563627611 -0.930455333460903,11.2102635568441 -0.931443375695843,11.2099583777453 -0.931998888846428,11.2098479387886 -0.93278669252213,11.2101812467414 -0.933135457952024,11.2102281996642 -0.934475516823197,11.2102105120914 -0.935213672517348,11.2107335034497 -0.935733910910434,11.2105891531375 -0.936850984128477,11.2108149893968 -0.937971784646677,11.2113157317558 -0.938712044103901,11.211993348552 -0.939964697038473,11.2132312916245 -0.940751114244053,11.2134614809895 -0.941515931141554,11.2133826247034 -0.942149216657559,11.2138726094324 -0.942992978261239,11.2144801009678 -0.943325043171685,11.2145788153943 -0.94385204618799,11.214932722266 -0.944233287930542,11.2148073808687 -0.94519607790933,11.2152070694311 -0.94586791487116,11.2159714899541 -0.946013680941389,11.2164507349055 -0.946367589100357,11.216875667509 -0.946305448839526,11.2174264058201 -0.94585716059231,11.2177416723204 -0.945745845048697,11.2185164654887 -0.945596686076478,11.2190683570324 -0.945760559467971,11.2195989163493 -0.945386787405943,11.2202740781047 -0.945254097417323,11.220757012292 -0.945434908872247,11.2212529775036 -0.945441215948457,11.2217168851172 -0.945397414287422,11.2223361204695 -0.945681716537175,11.2227619741876 -0.945966720737323,11.2232393725934 -0.946133871375329,11.2240104750156 -0.94602232630538,11.2247680868566 -0.945775755812075,11.22583681612 -0.94609674174752,11.2263996605067 -0.946085414999919,11.2268466166079 -0.946373932761142,11.2275817390029 -0.946577769765475,11.2284898320277 -0.946895721760638,11.2288293115327 -0.947534200870581,11.2296972675638 -0.948084493122421,11.230480467183 -0.948842470402268,11.2311749842613 -0.949233087985948,11.2317368969949 -0.94960700515794,11.2323505847572 -0.950250886926924,11.2336137073704 -0.950733919977522,11.2345696379331 -0.951173950023503,11.2349246720724 -0.951444152658099,11.2355912868989 -0.951624757234204,11.2360700596361 -0.95191049289837,11.2365989891088 -0.952039119918461,11.2370956366285 -0.952293329517651,11.2378655701931 -0.952644000117271,11.238049940569 -0.95287447936578,11.2383562012533 -0.953545936671704,11.2390862153473 -0.953983163736377,11.2392350629663 -0.954512104791063,11.2397263833327 -0.954830314642637,11.2400830283695 -0.955617471033233,11.2416363587387 -0.956020557606579,11.2431088735258 -0.956628754021457,11.2443037014209 -0.957755348670351,11.2452166684069 -0.958243156950348,11.2452445400794 -0.958559734257927,11.245480907166 -0.95909174947656,11.2461955715762 -0.959834037729732,11.2470105391217 -0.96029925970465,11.2479323043252 -0.960521284009697,11.2488916794217 -0.961026025797076,11.2501566056073 -0.961391531648873,11.2514233866355 -0.961934389030859,11.2529283833369 -0.963072803635868,11.2547003806151 -0.964419629436744,11.2564352168229 -0.965195362337552,11.2571466037569 -0.966595341874145,11.2576778019069 -0.967019672412131,11.2581532951082 -0.967509384120924,11.2583185938958 -0.968525977147327,11.258820535416 -0.969370403869918,11.2594622498843 -0.969800873779873,11.2603844481026 -0.971809183617635,11.262110377906 -0.974970546423239,11.2641301563521 -0.975988585538935,11.2647351472148 -0.977327970314984,11.2659200881569 -0.97880945091634,11.2673093234658 -0.980033064283886,11.2676709577329 -0.981192737007872,11.2684458636083 -0.982667615400505,11.2693540026344 -0.983646607830554,11.2696501664306 -0.984786390352832,11.2689818577311 -0.985371552288644,11.2684928406195 -0.986482676129386,11.2682716981966 -0.987698705213989,11.2680835096303 -0.988143191007328,11.2674932765781 -0.988589572193665,11.2670404899242 -0.989391178567766,11.2670984449271 -0.990191361153625,11.267053313001 -0.990531880948224,11.2664988450122 -0.990695972397683,11.2657749111424 -0.991241085318413,11.2649083796453 -0.992477189265682,11.2636545036304 -0.993068020763801,11.2635778165067 -0.993796194958266,11.263361808323 -0.995286399055997,11.2628605962474 -0.996675964904808,11.2626356753897 -0.997520440460549,11.2632772843424 -0.998491328558755,11.2629892603518 -0.999326775570276,11.2629780001076 -1.00036680381159,11.2626546713478 -1.00089513850473,11.2630943252771 -1.00169291933245,11.2628773612406 -1.00239292801554,11.2631428588085 -1.00361033100703,11.2630576986363 -1.00472758546502,11.2632831917937 -1.00668790147128,11.2640471724736 -1.00804739946322,11.2641662774553 -1.00916370295805,11.2643230296797 -1.01129426364895,11.2648097356634 -1.01358694784094,11.2644350547657 -1.01469227170269,11.2638014927174 -1.01605080415139,11.2638518392431 -1.01659916476086,11.2632258112469 -1.01788950542385,11.2633801738233 -1.0191021053497,11.2629513477227 -1.0196590559201,11.2629438025492 -1.02052403388848,11.2625540480889 -1.02139570013987,11.2626453352667 -1.02254488388853,11.2626641239511 -1.02379036377623,11.2620973695324 -1.02414323760639,11.2624362500294 -1.02501059546615,11.2622182854837 -1.02535198855207,11.2617325222206 -1.02618357641506,11.261446307395 -1.02739279473681,11.2607769343331 -1.02801935297856,11.2607684300792 -1.02867880449759,11.2606220121985 -1.02922712577001,11.2599959721857 -1.0307491252548,11.2592879766634 -1.03158452836814,11.2592766294125 -1.03275986900734,11.2586764341216 -1.0334454926627,11.2579110597994 -1.03423985034009,11.2574535032716 -1.034927384338,11.2568255665369 -1.03586863820807,11.2569158691777 -1.0376323320655,11.2560670983836 -1.03852678107327,11.2552988783293 -1.03991236892124,11.2547989025546 -1.04039103694547,11.2541738010749 -1.04128499165101,11.2533712177431 -1.04252557287281,11.2524608169668 -1.04366700586792,11.2519297879958 -1.04481323601205,11.2517423487527 -1.04547889127072,11.2520425735373 -1.0466419360665,11.2530576991711 -1.04727519139006,11.2535301883653 -1.04776585518987,11.2537640596511 -1.04826325051271,11.2544789574729 -1.04917208307603,11.254741489004 -1.05070311463296,11.2546862383209 -1.05212442806809,11.2542544566718 -1.05344324005547,11.253961530806 -1.05392475877208,11.2535425712618 -1.05384840553293,11.2530624973985 -1.05384022207793,11.2524783964232 -1.0541452983788,11.2518900189195 -1.05441412310796,11.2511990401279 -1.05485649759536,11.2504713266687 -1.05530946186992,11.250499507433 -1.05566137744797,11.2507696250642 -1.05605436050147,11.2514859309451 -1.05682829075596,11.2520595702004 -1.05777481085236,11.2525277520598 -1.05893547430083,11.2533710204317 -1.0595886032504,11.2527778825825 -1.06023787258611,11.2519098753328 -1.06062411706974,11.2521451503502 -1.06177272517054,11.252129441673 -1.06305717940015,11.2518713142478 -1.06378424901851,11.2515864449278 -1.06391092846381,11.2506912199081 -1.06460270543349,11.2503724677192 -1.06505132183001,11.2500914076357 -1.06627000986279,11.250109090001 -1.06652137515103,11.250655487694 -1.06694387426746,11.250993351668 -1.06781981735387,11.2513937337069 -1.06833659279791,11.2510086408883 -1.06985790226829,11.2502661351974 -1.07138161840173,11.24969541506 -1.0719119195488,11.2502723458768 -1.07302231371217,11.2500165670712 -1.07381365204457,11.2493527851434 -1.07471714141862,11.2492372979074 -1.07578933373455,11.2487414827703 -1.07696835637579,11.2484160214258 -1.0778027120354,11.2483358394922 -1.0781468907605,11.248056198456 -1.0789744659859,11.2474950042753 -1.07956566614756,11.2474525214971 -1.08061029809672,11.2474725382154 -1.08134168508694,11.2474968550094 -1.08221083739302,11.2474161838159 -1.08276238419838,11.2470305966195 -1.08369290364727,11.2463648855862 -1.08476554477073,11.2459034045204 -1.08521897314534,11.245965898561 -1.08626844225316,11.2463294721139 -1.08671556602989,11.2459453162075 -1.08723714759368,11.2459037770921 -1.08786944838487,11.2463074471545 -1.08842534891745,11.2462310694687 -1.08905522495107,11.2464629492444 -1.08915672648527,11.2462553678277 -1.08970631643035,11.2457323422513 -1.09016459672693,11.2461384018124 -1.09066156641198,11.2468188394823 -1.09180816777857,11.2466655931482 -1.0920827171625,11.2463869000226 -1.09218033112789,11.2459044603435 -1.09272554224853,11.2450722162442 -1.093098673535,11.2443797982141 -1.09295265870648,11.2439007148101 -1.09262922627953,11.2431835272146 -1.09262339975882,11.2427712403715 -1.09279062119552,11.2422878425713 -1.0933073357923,11.2419027232648 -1.09389899809996,11.2418945737746 -1.09442542413093,11.2421965965295 -1.09485084053586,11.2427405566279 -1.09517379085765,11.2434233829339 -1.09574134197888,11.2441715645589 -1.09623491407293,11.2446114899919 -1.0969290467779,11.2444644649195 -1.09752022542822,11.2444219493758 -1.09839664174466,11.2448565902529 -1.09958678082881,11.2453212626837 -1.10063235432459,11.2454099247533 -1.10174802136868,11.2455319787799 -1.10268236666013,11.245141079388 -1.10427943708432,11.2448441146009 -1.10499764743061,11.2439407437107 -1.1054481432334,11.2437970662466 -1.105791305579,11.2434486909174 -1.10645256831876,11.2434395536173 -1.10704227489709,11.2432939504493 -1.10773833945374,11.2432843294034 -1.1082216850823,11.2430027412128 -1.10825112698141,11.242624337899 -1.10845214737132,11.2420717462191 -1.10935458834876,11.241887453022 -1.11015261848541,11.2417046014209 -1.11095747412009,11.2420027382757 -1.11151432058668,11.2419950351169 -1.11265744864437,11.2416012239804 -1.1137348705574,11.2414832235547 -1.11424812693143,11.2408575838442 -1.11489522283053,11.2398520977593 -1.11573194645982,11.2399436024976 -1.1164691449054,11.2403801127412 -1.11744800908175,11.2406758209229 -1.11811707130922,11.2412163581608 -1.11941746807153,11.2420917713697 -1.11991398993345,11.2427377823342 -1.11988603012463,11.2432192496127 -1.12020414236783,11.2435584672698 -1.12031637222097,11.2441067161353 -1.12018449421046,11.2446239870971 -1.12012857761194,11.2455869214451 -1.12034424058461,11.2460650099555 -1.12080352573707,11.2465397188383 -1.12103288597624,11.2479797740839 -1.12114414370392,11.2484593093808 -1.11909808359564,11.2490031333695 -1.1159422053315,11.2498372318252 -1.11368582574917,11.2502808503693 -1.10959409242821,11.2514027590983 -1.10556996736355,11.2523862332711 -1.10359391038152,11.2529633642607 -1.1007486968393,11.253621217495 -1.09703771564602,11.2546002699459 -1.09339241491955,11.2553034673439 -1.09134473181161,11.255744062785 -1.08943383114906,11.2560109415564 -1.08839597737196,11.2564719704098 -1.08672870285734,11.256735478449 -1.08520210127694,11.2571001346241 -1.08395394087878,11.2574609531349 -1.08321962001925,11.2572305060151 -1.08255394173638,11.2569303839446 -1.08195981584947,11.2567667332834 -1.08126612041525,11.2569480938295 -1.07987969464678,11.2573795264538 -1.0794866504278,11.2566632757106 -1.07913665161792,11.2565306278625 -1.07900033458613,11.2567386878026 -1.07792715824382,11.257165807107 -1.07682643619932,11.258108769949 -1.07505808859887,11.2586141591652 -1.07318531148446,11.259120973114 -1.0718573369705,11.258761184334 -1.07017694518134,11.2580969384632 -1.06806292070107,11.258778854382 -1.06459430574827,11.2596855043917 -1.06074567015175,11.2608035124087 -1.05658420149994,11.2619601225092 -1.05273306214441,11.2629062528706 -1.05068612982377,11.2634153249198 -1.04840033997704,11.2642713013455 -1.04759782367076,11.2641447894211 -1.04701281679714,11.2646338906637 -1.0448619043086,11.2651787139852 -1.0410106331963,11.266124719609 -1.03799329875064,11.266956232129 -1.03317640130211,11.268568255555 -1.02922008824598,11.2694811966485 -1.02738522682739,11.2702278191166 -1.02602763790834,11.2702462557051 -1.02523083747982,11.2705320061484 -1.0235985910094,11.2708290935882 -1.02308122344369,11.2711797805269 -1.02207411787813,11.2713652778438 -1.02096353532797,11.2716209090078 -1.02048336361923,11.2721429221181 -1.01968224424458,11.2721194186469 -1.01694128920764,11.2728095407124 -1.01277927089128,11.2739656534173 -1.00837399781015,11.2751593751961 -1.00671354030545,11.2759379066084 -1.00532203167229,11.2760254501115 -1.00282654963367,11.2768496159212 -0.999878490653651,11.2776798744489</coordinates></LinearRing></outerBoundaryIs></Polygon></MultiGeometry>
  </Placemark>
  <Placemark>
	<Style><LineStyle><color>ff0000ff</color></LineStyle><PolyStyle><fill>0</fill></PolyStyle></Style>
	<ExtendedData><SchemaData schemaUrl="#Tree_Aid_32_sites_Future_Instances">
		<SimpleData name="ID">0.00000</SimpleData>
		<SimpleData name="Site">Diabo</SimpleData>
		<SimpleData name="Area_ha">50.57155352586</SimpleData>
	</SchemaData></ExtendedData>
      <MultiGeometry><Polygon><outerBoundaryIs><LinearRing><coordinates>-0.080710484379827,12.0417536536097 -0.080202932758089,12.0406945749357 -0.078391613076517,12.0379486377368 -0.082664301315728,12.0328616178106 -0.086023477735281,12.036974665245 -0.085074821167728,12.0390686067607 -0.082618081982748,12.0432836308322 -0.080710484379827,12.0417536536097</coordinates></LinearRing></outerBoundaryIs></Polygon></MultiGeometry>
  </Placemark>
  <Placemark>
	<Style><LineStyle><color>ff0000ff</color></LineStyle><PolyStyle><fill>0</fill></PolyStyle></Style>
	<ExtendedData><SchemaData schemaUrl="#Tree_Aid_32_sites_Future_Instances">
		<SimpleData name="ID">0.00000</SimpleData>
		<SimpleData name="Site">Diapangou Doaligou</SimpleData>
		<SimpleData name="Area_ha">500.95216899644</SimpleData>
	</SchemaData></ExtendedData>
      <MultiGeometry><Polygon><outerBoundaryIs><LinearRing><coordinates>0.209366000036608,12.2814639999953 0.212027000036217,12.2793719999953 0.213732000035951,12.2786889999953 0.215510000035696,12.2808479999953 0.221819000034746,12.2787869999953 0.226582000034025,12.2779139999953 0.22718200003393,12.2737129999953 0.225223000034235,12.2649989999953 0.219460000035109,12.2643759999953 0.210025000036542,12.2625889999953 0.203444000037544,12.2609189999952 0.204195000037429,12.2653859999953 0.205081000037297,12.2694129999953 0.202507000037689,12.2714259999953 0.200069000038039,12.2735269999952 0.199679000038102,12.2758219999952 0.198309000038317,12.2784269999953 0.201162000037871,12.2818649999953 0.203215000037551,12.2826179999952 0.209366000036608,12.2814639999953</coordinates></LinearRing></outerBoundaryIs></Polygon></MultiGeometry>
  </Placemark>
  <Placemark>
	<Style><LineStyle><color>ff0000ff</color></LineStyle><PolyStyle><fill>0</fill></PolyStyle></Style>
	<ExtendedData><SchemaData schemaUrl="#Tree_Aid_32_sites_Future_Instances">
		<SimpleData name="ID">0.00000</SimpleData>
		<SimpleData name="Site">Fada Sect 9</SimpleData>
		<SimpleData name="Area_ha">357.38086487399</SimpleData>
	</SchemaData></ExtendedData>
      <MultiGeometry><Polygon><outerBoundaryIs><LinearRing><coordinates>0.406772000007525,12.1089879998227 0.407825000007377,12.1086149998227 0.408212000007308,12.1072159998227 0.407544000007419,12.1044309998227 0.406797000007492,12.1025979998227 0.406824000007512,12.0997009998228 0.407049000007475,12.0974019998228 0.407931000007335,12.0968149998228 0.408302000007276,12.0962429998229 0.409535000007105,12.0941489998229 0.409834000007059,12.0932489998229 0.411615000006792,12.090347999823 0.412229000006708,12.090005999823 0.414357000006389,12.088233999823 0.414295000006392,12.086906999823 0.412813000006606,12.0846269998231 0.411872000006755,12.0837959998231 0.409754000007062,12.084754999823 0.409367000007112,12.085197999823 0.408185000007286,12.086899999823 0.405904000007606,12.088634999823 0.403728000007942,12.0910429998229 0.402360000008142,12.0908509998229 0.400993000008346,12.092115999823 0.399990000008481,12.0913949998229 0.398756000008651,12.0909929998229 0.396605000008976,12.0913459998229 0.396274000009018,12.0916859998229 0.395815000009093,12.0930379998229 0.394173000009331,12.0964779998228 0.392522000009577,12.0982059998228 0.391083000009799,12.0997879998228 0.390630000009864,12.1007679998228 0.39131200000977,12.1034619998227 0.391856000009698,12.1038389998227 0.393673000009433,12.1054919998227 0.395514000009153,12.1071379998227 0.397235000008912,12.1082359998226 0.400436000008447,12.1083279998227 0.401296000008311,12.1084569998227 0.402618000008121,12.1086669998226 0.404354000007886,12.1093869998227 0.405554000007709,12.1100869998226 0.406772000007525,12.1089879998227</coordinates></LinearRing></outerBoundaryIs></Polygon></MultiGeometry>
  </Placemark>
  <Placemark>
	<Style><LineStyle><color>ff0000ff</color></LineStyle><PolyStyle><fill>0</fill></PolyStyle></Style>
	<ExtendedData><SchemaData schemaUrl="#Tree_Aid_32_sites_Future_Instances">
		<SimpleData name="ID">0.00000</SimpleData>
		<SimpleData name="Site">Gaongo</SimpleData>
		<SimpleData name="Area_ha">916.94955070942</SimpleData>
	</SchemaData></ExtendedData>
      <MultiGeometry><Polygon><outerBoundaryIs><LinearRing><coordinates>-1.16041800000713,12.0054659999998 -1.16189600000709,12.0073189999997 -1.16133400000709,12.0088889999998 -1.1606540000071,12.0101009999998 -1.16088600000709,12.0108939999997 -1.1608220000071,12.0115909999998 -1.16106200000711,12.0120699999998 -1.16221700000707,12.0130439999997 -1.16255200000706,12.0133139999997 -1.16357600000705,12.0131199999998 -1.16399800000705,12.0131689999998 -1.16438100000704,12.0131559999997 -1.16466000000701,12.0133869999997 -1.16451700000702,12.0139529999997 -1.16425000000702,12.0150049999997 -1.16384100000703,12.0154869999998 -1.16342200000704,12.0161689999998 -1.16311800000705,12.0172349999997 -1.16282000000706,12.0179099999997 -1.16246300000706,12.0192949999997 -1.16223600000707,12.0199499999997 -1.16188800000708,12.0205219999997 -1.16152400000708,12.0214079999997 -1.16153900000709,12.0220789999998 -1.16133200000709,12.0231089999997 -1.16078600000709,12.0241409999998 -1.1605700000071,12.0248059999997 -1.15936300000713,12.0263369999998 -1.15913500000712,12.0271799999997 -1.15879100000713,12.0281879999997 -1.15836400000714,12.0296259999997 -1.15801900000716,12.0307549999997 -1.15742900000716,12.0313899999997 -1.15702900000717,12.0316869999998 -1.15655000000717,12.0322389999998 -1.15576800000718,12.0330959999997 -1.15499500000722,12.0336149999997 -1.15447700000722,12.0338219999998 -1.15343600000724,12.0343209999997 -1.15247500000726,12.0345029999998 -1.15177300000726,12.0347799999997 -1.15104400000729,12.0350639999997 -1.15033400000729,12.0354039999997 -1.14955500000732,12.0356959999997 -1.14864100000734,12.0358379999997 -1.14769300000735,12.0363459999997 -1.14700600000735,12.0366519999997 -1.14660600000736,12.0369639999998 -1.1455500000074,12.0375979999998 -1.14502800000741,12.0379399999998 -1.14460600000742,12.0386189999997 -1.14405900000742,12.0392599999997 -1.14356100000744,12.0395999999998 -1.14314500000745,12.0398039999998 -1.14265100000747,12.0388669999997 -1.14211900000748,12.0381319999997 -1.14148800000749,12.0375549999997 -1.14101800000749,12.0366779999997 -1.14065400000749,12.0361479999997 -1.13995600000753,12.0351269999997 -1.13946800000754,12.0342419999997 -1.13858100000755,12.0332879999997 -1.13797500000756,12.0324269999997 -1.13760400000756,12.0319699999998 -1.13735700000759,12.0314839999997 -1.13732400000758,12.0310199999997 -1.13731700000759,12.0304249999997 -1.13747200000758,12.0291879999997 -1.13696100000757,12.0288059999997 -1.1367270000076,12.0283499999997 -1.13599100000761,12.0278249999997 -1.13588500000762,12.0272239999997 -1.1356200000076,12.0264559999997 -1.13548600000761,12.0257629999997 -1.13539900000762,12.0248059999997 -1.13525100000762,12.0240579999997 -1.13557200000762,12.0233609999998 -1.13553000000762,12.0229489999997 -1.13523600000763,12.0225989999998 -1.13463100000765,12.0219739999997 -1.13414400000765,12.0211899999998 -1.13320500000767,12.0199699999997 -1.13264100000768,12.0195529999998 -1.13178600000771,12.0186349999997 -1.13114600000774,12.0171919999997 -1.13073500000772,12.0158689999997 -1.13048600000774,12.0151869999997 -1.13014900000774,12.0146069999997 -1.12957200000775,12.0141569999997 -1.12925500000777,12.0133379999997 -1.12914800000775,12.0127839999997 -1.12870900000778,12.0121119999997 -1.1285640000078,12.0115919999996 -1.12950300000774,12.0109099999997 -1.13013700000775,12.0106659999997 -1.13248600000768,12.0097249999997 -1.13430500000766,12.0091939999998 -1.13545000000763,12.0090799999997 -1.13643400000761,12.0087069999997 -1.1371450000076,12.0087539999997 -1.13882100000756,12.0084609999997 -1.13963300000754,12.0081459999997 -1.14070200000751,12.0078889999997 -1.14421400000745,12.0074699999997 -1.14557400000742,12.0071399999998 -1.14602300000741,12.0070069999998 -1.1464320000074,12.0068519999997 -1.14696400000738,12.0069129999997 -1.14781800000736,12.0069819999998 -1.14912500000734,12.0068879999997 -1.15111900000731,12.0066289999997 -1.15219600000728,12.0064499999998 -1.15350700000726,12.0062749999997 -1.15463100000722,12.0062449999998 -1.1559370000072,12.0059989999997 -1.15705600000717,12.0059749999997 -1.15810700000715,12.0055859999998 -1.15894800000713,12.0054009999997 -1.16041800000713,12.0054659999998</coordinates></LinearRing></outerBoundaryIs></Polygon></MultiGeometry>
  </Placemark>
  <Placemark>
	<Style><LineStyle><color>ff0000ff</color></LineStyle><PolyStyle><fill>0</fill></PolyStyle></Style>
	<ExtendedData><SchemaData schemaUrl="#Tree_Aid_32_sites_Future_Instances">
		<SimpleData name="ID">0.00000</SimpleData>
		<SimpleData name="Site">Gounghin</SimpleData>
		<SimpleData name="Area_ha">193.52148066783</SimpleData>
	</SchemaData></ExtendedData>
      <MultiGeometry><Polygon><outerBoundaryIs><LinearRing><coordinates>-0.157550843076367,12.1468268244413 -0.154229281661807,12.1501483858559 -0.150799701989868,12.1503644223707 -0.148018231862232,12.1505804588854 -0.145830862150208,12.1507154817072 -0.14475067957637,12.1507424862715 -0.142401282478275,12.1476909705003 -0.141537136419217,12.1390495099094 -0.1449937206555,12.1392385418599 -0.14785620447618,12.135430898287 -0.149854542237778,12.1373212177913 -0.152717026058447,12.1399406605329 -0.155579509879119,12.1427221306606 -0.157550843076367,12.1468268244413</coordinates></LinearRing></outerBoundaryIs></Polygon></MultiGeometry>
  </Placemark>
  <Placemark>
	<Style><LineStyle><color>ff0000ff</color></LineStyle><PolyStyle><fill>0</fill></PolyStyle></Style>
	<ExtendedData><SchemaData schemaUrl="#Tree_Aid_32_sites_Future_Instances">
		<SimpleData name="ID">0.00000</SimpleData>
		<SimpleData name="Site">Gourcy</SimpleData>
		<SimpleData name="Area_ha">134.07499999852</SimpleData>
	</SchemaData></ExtendedData>
      <MultiGeometry><Polygon><outerBoundaryIs><LinearRing><coordinates>-2.42795379748046,13.2765164302806 -2.42401706807143,13.2743464935901 -2.42400574326572,13.2713173598392 -2.43621499683732,13.2689394599052 -2.44019993865528,13.2742559793317 -2.43819290711286,13.279930019245 -2.42795379748046,13.2765164302806</coordinates></LinearRing></outerBoundaryIs></Polygon></MultiGeometry>
  </Placemark>
  <Placemark>
	<Style><LineStyle><color>ff0000ff</color></LineStyle><PolyStyle><fill>0</fill></PolyStyle></Style>
	<ExtendedData><SchemaData schemaUrl="#Tree_Aid_32_sites_Future_Instances">
		<SimpleData name="ID">0.00000</SimpleData>
		<SimpleData name="Site">Koumna</SimpleData>
		<SimpleData name="Area_ha">140.21737992420</SimpleData>
	</SchemaData></ExtendedData>
      <MultiGeometry><Polygon><outerBoundaryIs><LinearRing><coordinates>-2.02322799999996,13.5519060000003 -2.02606299999995,13.5551700000003 -2.02947399999997,13.5587600000003 -2.03021199999997,13.5597760000003 -2.02692499999997,13.5595750000003 -2.02578299999996,13.5623130000003 -2.02519199999996,13.5658650000003 -2.02264099999997,13.5665320000003 -2.01857899999997,13.5675650000003 -2.01765899999997,13.5662980000003 -2.01714099999996,13.5659800000003 -2.01552099999997,13.5633860000003 -2.01502499999997,13.5621720000003 -2.01499899999996,13.5621080000003 -2.01845299999997,13.5598340000003 -2.01862399999997,13.5596730000003 -2.01843699999997,13.5580940000003 -2.02101299999997,13.5539070000003 -2.02322799999996,13.5519060000003</coordinates></LinearRing></outerBoundaryIs></Polygon></MultiGeometry>
  </Placemark>
  <Placemark>
	<Style><LineStyle><color>ff0000ff</color></LineStyle><PolyStyle><fill>0</fill></PolyStyle></Style>
	<ExtendedData><SchemaData schemaUrl="#Tree_Aid_32_sites_Future_Instances">
		<SimpleData name="ID">0.00000</SimpleData>
		<SimpleData name="Site">Sougbini</SimpleData>
		<SimpleData name="Area_ha">72.87286002352</SimpleData>
	</SchemaData></ExtendedData>
      <MultiGeometry><Polygon><outerBoundaryIs><LinearRing><coordinates>-2.43322799999993,12.8207319998167 -2.43205599999994,12.8197679998168 -2.43119399999994,12.8186699998169 -2.43083999999996,12.8181299998169 -2.43082999999993,12.8180889998169 -2.43177099999999,12.8176309998169 -2.43229299999992,12.8172599998168 -2.43234199999998,12.8172309998168 -2.43357899999992,12.8165449998169 -2.43506799999993,12.8157899998169 -2.43595599999995,12.8158729998169 -2.43654499999993,12.8161599998169 -2.43740899999992,12.8163139998168 -2.43741899999994,12.8163119998168 -2.43862199999991,12.8163669998169 -2.4395019999999,12.8163919998169 -2.43999599999991,12.8163039998169 -2.4406119999999,12.8163099998169 -2.44182099999993,12.8160459998169 -2.44329699999993,12.8153249998169 -2.44337699999997,12.8152589998169 -2.44406199999998,12.8156489998169 -2.44406299999998,12.8156509998169 -2.44439699999999,12.8158059998169 -2.44484299999994,12.8160709998169 -2.44555299999998,12.8163629998169 -2.44620799999991,12.8166339998168 -2.44701699999997,12.8170769998169 -2.4475689999999,12.8173199998168 -2.44850899999996,12.8176549998168 -2.44891799999996,12.8178569998169 -2.44891699999996,12.8178579998168 -2.44893899999992,12.8178939998168 -2.44847399999999,12.8184059998168 -2.44822199999993,12.8187049998168 -2.44771199999992,12.8190279998168 -2.44658399999994,12.8196119998168 -2.44563899999999,12.8198589998168 -2.44562899999996,12.8198639998168 -2.44422,12.8200079998168 -2.44372099999993,12.8200209998168 -2.44258799999997,12.8200519998168 -2.44188399999999,12.8199869998168 -2.44116399999992,12.8196979998168 -2.44070999999993,12.8194089998168 -2.44023299999998,12.8191939998168 -2.44022699999993,12.8191939998168 -2.43971699999992,12.8193389998169 -2.43971199999995,12.8193399998169 -2.438929,12.8194079998168 -2.43892299999995,12.8194099998168 -2.4380839999999,12.8194649998168 -2.43808299999991,12.8194659998168 -2.43721699999993,12.8196849998168 -2.43700299999989,12.8197989998168 -2.43640499999998,12.8201889998168 -2.435802,12.8205539998168 -2.43579699999994,12.8205559998168 -2.43528699999993,12.8208569998168 -2.43425699999998,12.8213529998168 -2.43322799999993,12.8207319998167</coordinates></LinearRing></outerBoundaryIs></Polygon></MultiGeometry>
  </Placemark>
  <Placemark>
	<Style><LineStyle><color>ff0000ff</color></LineStyle><PolyStyle><fill>0</fill></PolyStyle></Style>
	<ExtendedData><SchemaData schemaUrl="#Tree_Aid_32_sites_Future_Instances">
		<SimpleData name="ID">0.00000</SimpleData>
		<SimpleData name="Site">Latodin Nakamtengagobre</SimpleData>
		<SimpleData name="Area_ha">405.12365474594</SimpleData>
	</SchemaData></ExtendedData>
      <MultiGeometry><Polygon><outerBoundaryIs><LinearRing><coordinates>-2.49296999999992,12.8381649998166 -2.49186999999995,12.8378369998165 -2.49116499999997,12.8375189998166 -2.49053899999996,12.8370719998166 -2.48978099999994,12.8366159998166 -2.48826699999991,12.8360229998167 -2.48749999999995,12.8350399998166 -2.48668099999995,12.8347189998166 -2.48556499999999,12.8342089998166 -2.484904,12.8336499998166 -2.48456299999995,12.8332739998167 -2.48413799999996,12.8330409998166 -2.48393899999992,12.8329189998166 -2.48320299999995,12.8327259998167 -2.48318699999996,12.8327229998166 -2.48193599999993,12.8322049998166 -2.48018499999991,12.8313539998167 -2.47965700000001,12.8311789998167 -2.47906599999996,12.8309529998166 -2.47769299999996,12.8303789998167 -2.47723699999997,12.8300709998167 -2.4767669999999,12.8297039998167 -2.47671799999993,12.8296159998167 -2.476663,12.8292089998167 -2.47651999999989,12.8286449998167 -2.47612799999997,12.8282109998167 -2.47577399999989,12.8277499998167 -2.47510499999996,12.8271869998167 -2.475085,12.8271059998167 -2.47545099999999,12.8270089998167 -2.47617799999993,12.8272719998168 -2.47733599999999,12.8272189998167 -2.478621,12.8271389998167 -2.47922799999995,12.8274559998167 -2.47994199999997,12.8274719998167 -2.48057499999994,12.8268539998167 -2.48135399999991,12.8264409998168 -2.4819389999999,12.8261689998167 -2.48327399999996,12.8262939998168 -2.4842639999999,12.8265089998167 -2.4847609999999,12.8268899998167 -2.48496699999989,12.8273129998167 -2.48539799999993,12.8269439998167 -2.48561399999995,12.8268519998167 -2.48586499999994,12.8264589998167 -2.48587899999994,12.8261129998168 -2.48572599999989,12.8255179998167 -2.48600899999995,12.8253349998167 -2.48603299999998,12.8251019998167 -2.48596899999993,12.8250839998168 -2.48568999999994,12.8251889998167 -2.48560299999993,12.8250929998167 -2.48557600000001,12.8246029998168 -2.48605599999993,12.8243899998167 -2.48623199999993,12.8239959998167 -2.48623099999994,12.8239509998167 -2.48631199999998,12.8238109998168 -2.48629299999991,12.8237739998167 -2.48650899999993,12.8232779998168 -2.48659699999993,12.8227929998168 -2.48688399999996,12.8225449998168 -2.48743099999992,12.8221749998168 -2.48808499999995,12.8222669998168 -2.48898899999996,12.8211739998168 -2.48923199999999,12.8209039998168 -2.48952299999991,12.8205949998168 -2.49003899999997,12.8201129998168 -2.49067099999995,12.8197669998168 -2.49107100000001,12.8191329998168 -2.49144499999995,12.8184049998169 -2.49183699999997,12.8178659998169 -2.49251799999992,12.8177589998168 -2.49307299999992,12.8176229998168 -2.49301699999991,12.8178579998168 -2.49402999999996,12.8175639998168 -2.49444199999995,12.8177549998168 -2.49484299999991,12.8175759998168 -2.49475899999989,12.8171939998169 -2.49477899999994,12.8168169998168 -2.49503599999998,12.8165699998169 -2.49561199999994,12.8162939998168 -2.49597799999994,12.8164979998168 -2.49746999999993,12.8168369998168 -2.4982939999999,12.8166189998169 -2.49853399999995,12.8161409998169 -2.49819299999998,12.8153409998169 -2.49884699999991,12.8148619998169 -2.49952099999999,12.8156309998169 -2.50037899999993,12.8170609998169 -2.50085599999996,12.8180889998168 -2.50159399999992,12.8193729998168 -2.50233399999995,12.8210089998168 -2.50294799999995,12.8221339998168 -2.50302299999993,12.8229089998168 -2.50318599999992,12.8229109998168 -2.50404099999996,12.8230759998168 -2.50467299999994,12.8231409998168 -2.50525099999989,12.8234249998167 -2.50495999999989,12.8240749998168 -2.50427399999997,12.8249909998168 -2.50380399999989,12.8253759998168 -2.50285099999991,12.8267809998167 -2.50160299999995,12.8282659998167 -2.50211899999992,12.8299979998167 -2.50262099999998,12.8308779998166 -2.50322199999997,12.8314789998167 -2.50336999999996,12.8317869998167 -2.50382399999995,12.8332279998166 -2.50350399999994,12.8330679998166 -2.50224199999997,12.8319939998167 -2.50162199999992,12.8314519998167 -2.50100299999995,12.8308379998166 -2.50068199999995,12.8306949998167 -2.50045999999996,12.8310009998167 -2.50002999999992,12.8316759998167 -2.49970699999993,12.8321609998166 -2.49967499999994,12.8329099998166 -2.49911299999998,12.8340659998167 -2.49885399999996,12.8348169998166 -2.49802700000001,12.8359559998166 -2.49748099999995,12.8365349998165 -2.49728299999991,12.8366039998166 -2.496407,12.8370169998165 -2.49586099999994,12.8373069998166 -2.49483099999998,12.8376639998166 -2.49410399999996,12.8378969998166 -2.49353899999993,12.8381679998166 -2.49296999999992,12.8381649998166</coordinates></LinearRing></outerBoundaryIs></Polygon></MultiGeometry>
  </Placemark>
  <Placemark>
	<Style><LineStyle><color>ff0000ff</color></LineStyle><PolyStyle><fill>0</fill></PolyStyle></Style>
	<ExtendedData><SchemaData schemaUrl="#Tree_Aid_32_sites_Future_Instances">
		<SimpleData name="ID">0.00000</SimpleData>
		<SimpleData name="Site">Bourou</SimpleData>
		<SimpleData name="Area_ha">860.43997627024</SimpleData>
	</SchemaData></ExtendedData>
      <MultiGeometry><Polygon><outerBoundaryIs><LinearRing><coordinates>-1.15272699770758,11.2625371660575 -1.15223752735585,11.2623893904008 -1.15191960781118,11.2620674053979 -1.15060263675634,11.2612611551334 -1.14728191575618,11.2590912603732 -1.14406884665508,11.2571431600031 -1.142945052531,11.2564544298149 -1.14287052513354,11.2561118511093 -1.14236243439325,11.2558784086803 -1.14160949206733,11.2555624765387 -1.14048644558592,11.2549252654054 -1.13983717845023,11.2545563381673 -1.1392778699162,11.2543923269278 -1.13899379193161,11.2540011240455 -1.13869550789354,11.253833472066 -1.13765825135004,11.2531091445084 -1.13660507137146,11.2524881197992 -1.13544846802835,11.2519372545505 -1.13479037510005,11.2509499145787 -1.13400115327697,11.2493115140066 -1.13362614008336,11.2474268085262 -1.13375871331678,11.2457412124318 -1.13401212734424,11.2452050712765 -1.13477188973299,11.2447821520397 -1.13521010649168,11.2449994077581 -1.13571375686658,11.244923673132 -1.13631349210941,11.2454823002207 -1.13685317172788,11.2454919672186 -1.13833373675573,11.2455744341965 -1.13858078944017,11.2458115273749 -1.1397944816875,11.2467052114568 -1.14134691237777,11.2481611379219 -1.14222704890857,11.2488532848469 -1.14295033258307,11.2495304348076 -1.14413804107162,11.2498231211485 -1.14438436368992,11.2500086740079 -1.14541620113018,11.250355071895 -1.14593725256277,11.2502790746444 -1.14633575687269,11.2501532449203 -1.14712323992014,11.2504515048512 -1.14751098937337,11.250789706913 -1.148004624245,11.2512295141871 -1.14866660818146,11.2512718089823 -1.15020554825867,11.2517829095133 -1.1508690105556,11.2519282628734 -1.15152705088812,11.2516957133028 -1.15189247483549,11.251690604081 -1.15261159112816,11.2520757056364 -1.1534154953941,11.2523049921369 -1.15420471206352,11.2527234694084 -1.15481153191408,11.2525603522476 -1.15656608209977,11.2523296273629 -1.15748932558177,11.252385424246 -1.15883192148262,11.252555609093 -1.16032742094118,11.2524659359155 -1.16140727011839,11.2525195257605 -1.16238221830059,11.2525402210001 -1.16370197052521,11.252332731072 -1.16395927610732,11.2520714149673 -1.16396876674428,11.2515215051935 -1.16415374908306,11.2510722176913 -1.16451867193128,11.2510327391504 -1.16528851085644,11.251314010238 -1.16675240412593,11.2514480966811 -1.16738229584207,11.25167978359 -1.16818718583457,11.2519777340472 -1.16922801497469,11.251739776037 -1.16973560711621,11.2519388134075 -1.17039559760041,11.2518436425789 -1.17094944958974,11.2516296986792 -1.171960176015,11.2517185818663 -1.17237729711389,11.2516783602791 -1.17282996237139,11.2516891796668 -1.17364705013884,11.2516261550307 -1.17421482868509,11.2511714858215 -1.17497178114386,11.2505595338846 -1.17597679876448,11.2502533380107 -1.17634220946999,11.2502481994023 -1.17695172277711,11.2502739876047 -1.17813098745627,11.2499825148528 -1.17872632298267,11.2502318418731 -1.17930004152225,11.2501894079859 -1.18061899949809,11.2499303206669 -1.18095283295752,11.2501489633224 -1.18166748991869,11.2502248018806 -1.18256957855016,11.2500231164942 -1.18314753485551,11.2490700687456 -1.18322758471835,11.2485878975797 -1.18363848701164,11.2481182466342 -1.18410630623391,11.2479742159828 -1.18459475321278,11.2480532354887 -1.18600739667543,11.248256671142 -1.18687467150448,11.2480554663379 -1.18763853763192,11.2479244374857 -1.18914687690424,11.2475252079683 -1.19034524186874,11.2473536848829 -1.19086177120715,11.2469684382506 -1.19172580049004,11.246543927965 -1.19291173215127,11.2467161704885 -1.19407429089605,11.246476419896 -1.19511529611652,11.2462555618507 -1.19596216199169,11.2458484642514 -1.19653635525957,11.2458403536526 -1.1973528997248,11.2457429186632 -1.19810009293494,11.2456636414544 -1.19899989650157,11.2453073285358 -1.19983458338975,11.2452611704296 -1.20109010107066,11.2454323964449 -1.20175801891843,11.2458868039824 -1.20281122534729,11.2465075557976 -1.20360443759952,11.2472007005821 -1.20431290029972,11.2480496588416 -1.20447798158403,11.2486314317536 -1.20478001641828,11.2490566481576 -1.20521900450771,11.2493253076033 -1.20590508542458,11.2498309821489 -1.20629661961886,11.2504267248106 -1.20646370519822,11.2511459035685 -1.20693358383611,11.2523418220144 -1.2073621730668,11.2530916529633 -1.20800031474369,11.2538900511525 -1.20812936093316,11.2543864309099 -1.20846795836711,11.254931378494 -1.20849360551041,11.2554979420476 -1.20850335262541,11.2561678086602 -1.20854724815407,11.2579882248099 -1.20850004698559,11.2583324863639 -1.20848474619758,11.2596727128676 -1.20849449700114,11.2603425793007 -1.20869215240533,11.2607692658166 -1.20929727137697,11.2616883794838 -1.2096487822043,11.261923906142 -1.20986434177373,11.2623846959825 -1.21027706228772,11.2632378173181 -1.21040887457688,11.2639231291201 -1.2106418384167,11.2643836703722 -1.21071994956344,11.2649666665496 -1.21062530627918,11.2656380130944 -1.21061791692477,11.2663253004734 -1.21095779197414,11.2669561181755 -1.21101550149713,11.2673332488534 -1.21086365099433,11.2676618167687 -1.21083535825372,11.2681088870052 -1.2112304443485,11.268945073939 -1.21178189097758,11.269761858736 -1.21216871774628,11.270031235571 -1.21271566033679,11.2705388496633 -1.21333270964041,11.2710798246521 -1.21353188774104,11.2716095581238 -1.21393586877258,11.2718615078665 -1.21446090520138,11.2720601972131 -1.21463867474248,11.2723153617594 -1.21499947966683,11.2731863841434 -1.21508111835179,11.2740098375018 -1.21508026635081,11.275143694349 -1.21498513759723,11.2757806877131 -1.21495284290602,11.2759529417558 -1.21482391489656,11.2766591339176 -1.21464102758138,11.2772458374899 -1.21447554122712,11.2778322936659 -1.21452313437216,11.2787077698789 -1.21458537110183,11.2793940634152 -1.21466425763269,11.2800285815094 -1.21463873617355,11.2806645850851 -1.21478697935963,11.2812809365602 -1.21493246373838,11.281708352879 -1.21568290234361,11.2830376693238 -1.21625632042692,11.2841633487982 -1.21626209428306,11.2845583936185 -1.21662418780282,11.2855152854988 -1.21668919900453,11.2863905103909 -1.216678503609,11.28803988763 -1.21693544187855,11.2889467367844 -1.21699643937514,11.2895471474172 -1.21725187423619,11.2903509403903 -1.21730175307076,11.291380994327 -1.21761794281538,11.2927680199511 -1.21794877521071,11.2939658620162 -1.21798860687615,11.2943088820817 -1.21729905229528,11.2947653766419 -1.21630102812484,11.2955526759545 -1.21595348389893,11.2955919879555 -1.21538637668865,11.2937103300358 -1.21500636188118,11.2927193353677 -1.21411549096378,11.2901207436958 -1.21353277324769,11.2883595527009 -1.21335683306489,11.2870392360073 -1.21326304890959,11.2865767243447 -1.21267959845451,11.2847639991007 -1.21226405906883,11.2837219601574 -1.21157571547612,11.2818763611539 -1.21112062209837,11.2805084687698 -1.21084832100175,11.2797392601774 -1.21058490408642,11.2783858196475 -1.21030434106423,11.2770498011813 -1.20953817105959,11.2746383668355 -1.20900036058043,11.2735636914546 -1.20885013609321,11.2728099226659 -1.20799874780027,11.2705199430589 -1.20685270804594,11.2671174602813 -1.20639743352044,11.2657323671511 -1.20594316543995,11.2644159761144 -1.20505179829414,11.2617657644646 -1.20420374793041,11.2596990402452 -1.20298948456423,11.2563833760467 -1.20264415397043,11.2553746618124 -1.2028432232909,11.2547018339386 -1.20335474583252,11.2539730432347 -1.20317275858267,11.2534258688512 -1.20301416134762,11.2532906763764 -1.2027645714599,11.252881896191 -1.20245879043685,11.2521990351057 -1.20162159266748,11.2520734453956 -1.20139115191892,11.2517846503316 -1.20097529663675,11.2519107926185 -1.20066059937106,11.2518121662756 -1.19999615571235,11.2515982283335 -1.19948806377721,11.2513648975526 -1.19914430024817,11.2516618157835 -1.19866507398648,11.252218346626 -1.19760665605666,11.2524394698133 -1.19616792196402,11.2528377636692 -1.19471153220887,11.2532191214121 -1.19382909777667,11.253575186074 -1.19308113285106,11.2536029309821 -1.19138062673676,11.2539533628877 -1.18898608459449,11.254451020633 -1.18692188932148,11.2549268224751 -1.18478907379554,11.255472299954 -1.18369506931662,11.2556423421868 -1.18314122887448,11.2558563092805 -1.18092113783117,11.2563858133427 -1.18038369989837,11.2565308246457 -1.17962675293137,11.2571427917399 -1.1790917943911,11.257459568577 -1.17886210810649,11.2572222796857 -1.17859637959512,11.2568995968109 -1.17694676974686,11.2571633401118 -1.17505601994615,11.2576022704159 -1.17349439259449,11.2579334803957 -1.17172468913822,11.2583191493997 -1.17042406513504,11.2586466765316 -1.16884353125755,11.2588750487559 -1.167439479917,11.2592727394227 -1.16580970049059,11.2597079546813 -1.1641277089978,11.2601438953095 -1.1616646222326,11.2607282290471 -1.16097202453778,11.2609784706519 -1.15974319080733,11.2614595773902 -1.15812706867334,11.2616368572221 -1.15729401485195,11.2618031572004 -1.15507104788709,11.2621435505625 -1.15272699770758,11.2625371660575</coordinates></LinearRing></outerBoundaryIs></Polygon></MultiGeometry>
  </Placemark>
  <Placemark>
	<Style><LineStyle><color>ff0000ff</color></LineStyle><PolyStyle><fill>0</fill></PolyStyle></Style>
	<ExtendedData><SchemaData schemaUrl="#Tree_Aid_32_sites_Future_Instances">
		<SimpleData name="ID">0.00000</SimpleData>
		<SimpleData name="Site">Kossouka</SimpleData>
		<SimpleData name="Area_ha">159.36899999803</SimpleData>
	</SchemaData></ExtendedData>
      <MultiGeometry><Polygon><outerBoundaryIs><LinearRing><coordinates>-1.90117011216123,13.3397482248445 -1.89923290657246,13.3393781834673 -1.89752566091067,13.3391989880197 -1.89704692136751,13.3388985540904 -1.89671064985069,13.3377217650407 -1.89625636977147,13.3361014545659 -1.89580098681679,13.334725244936 -1.89533768985841,13.3330596892038 -1.89486504293748,13.3314212150667 -1.89441033192166,13.329900351079 -1.89351044460893,13.32679537617 -1.89344221904228,13.3255564657958 -1.89383423688574,13.3246179134839 -1.89426379523827,13.3235439091887 -1.8945327944813,13.3232648105395 -1.89513410164619,13.3229961990359 -1.89577426246042,13.3223028289902 -1.89631377044141,13.3214101179002 -1.89686041728543,13.3209785264736 -1.89760791171488,13.3210450600155 -1.89826108353215,13.3215541904499 -1.89882197992404,13.3220538781738 -1.89935465152041,13.3226709752957 -1.89993185147783,13.3236499040248 -1.90045354128299,13.324655714228 -1.90092008777121,13.3256070388732 -1.90153386145075,13.3266674920214 -1.9018990252847,13.3275822124962 -1.90253765009999,13.3292756407895 -1.90285861649154,13.3297562014179 -1.90335324439745,13.3306262751036 -1.90380825803165,13.3320928825158 -1.903869951279,13.3327441006675 -1.90382813329319,13.3338288392176 -1.90381091510202,13.335600799369 -1.90370874884389,13.3398315412609 -1.90258147426634,13.3400255666439 -1.90117011216123,13.3397482248445</coordinates></LinearRing></outerBoundaryIs></Polygon></MultiGeometry>
  </Placemark>
  <Placemark>
	<Style><LineStyle><color>ff0000ff</color></LineStyle><PolyStyle><fill>0</fill></PolyStyle></Style>
	<ExtendedData><SchemaData schemaUrl="#Tree_Aid_32_sites_Future_Instances">
		<SimpleData name="ID">0.00000</SimpleData>
		<SimpleData name="Site">Arbollé-Sikoinsi
</SimpleData>
		<SimpleData name="Area_ha">102.95031324243</SimpleData>
	</SchemaData></ExtendedData>
      <MultiGeometry><Polygon><outerBoundaryIs><LinearRing><coordinates>-1.9727480050606,12.8770903111939 -1.97283635724098,12.8770906575667 -1.97376652422256,12.8764875198804 -1.97394375716962,12.8763581891233 -1.97418698946793,12.8762941290324 -1.9746720442232,12.8765127355709 -1.9753998921445,12.8767756324019 -1.97555591673452,12.8764295094397 -1.97564594096359,12.8760181158998 -1.97566890899879,12.8758014975279 -1.97613469123851,12.8753265598458 -1.97653341676537,12.875046396718 -1.97684545997047,12.8743541488246 -1.97713154737372,12.874615315511 -1.97739651383805,12.8746380203964 -1.9778163588762,12.8745963166742 -1.97814829130283,12.8744459153291 -1.9785022234476,12.87431727012 -1.97881154097452,12.8742968047536 -1.97920999906122,12.8740816486814 -1.97969593127481,12.8740835409459 -1.97989489700886,12.8740409737876 -1.98040055218377,12.8746280543815 -1.98070785609633,12.8751060084664 -1.98068568060044,12.8751275930596 -1.98081680721395,12.8754748366377 -1.98092532083827,12.875952017314 -1.98112244960881,12.8763645299973 -1.98129696573024,12.8769069797444 -1.98140609334771,12.8772324667269 -1.98160217365426,12.8779050252486 -1.98171103949589,12.8782955236677 -1.98184138140578,12.8788378014589 -1.98199354963708,12.8794451765649 -1.98205841484741,12.8797921621977 -1.98207787863612,12.8804423632723 -1.98196612414855,12.8807669916863 -1.98176584047425,12.881134617595 -1.98143302523534,12.8815017279677 -1.98110020901832,12.8818688378348 -1.98074539088689,12.882214190745 -1.98032360482316,12.8827326490557 -1.98023446149309,12.8829273394805 -1.98014540568847,12.8831003593716 -1.97985693813554,12.8834242983673 -1.97972361684084,12.883618816478 -1.97952464340338,12.8836613829068 -1.97917061042193,12.8838116989449 -1.97881710380183,12.8838319915917 -1.97811070546778,12.8837208821141 -1.97764719514985,12.8836323898566 -1.9772495115181,12.8836525079392 -1.97678582581613,12.8836073551221 -1.97643240753823,12.8836059740926 -1.97605742882463,12.8834744834561 -1.97581418979503,12.8835385447638 -1.97554921430644,12.8835158376002 -1.97528406269998,12.883536471085 -1.97508535317358,12.8835140227239 -1.97464252294146,12.8837723389296 -1.97428866376536,12.8838793072367 -1.97406698346224,12.8840734760522 -1.97393348111664,12.8843113317357 -1.97375615402251,12.8844623324316 -1.97362344535451,12.8845051539217 -1.97342411749437,12.8846343973501 -1.97302625584844,12.884697849751 -1.97267265980681,12.8847398044067 -1.97229688660984,12.8848033423252 -1.97194364393263,12.884758614249 -1.97159013615915,12.8847788969933 -1.97147907360167,12.8849301562415 -1.9712800097609,12.8849943866449 -1.97123698216577,12.8847124975485 -1.97079688939376,12.8842990236214 -1.97024715170936,12.8836900810153 -1.96989532805684,12.8832986235989 -1.96958768255089,12.8829073395883 -1.96972109941102,12.8826911567689 -1.96983322452026,12.8822798531928 -1.96979090721925,12.8818246005855 -1.9697487671143,12.8813260071229 -1.9703901271127,12.8811334919541 -1.97047927704178,12.8809388053788 -1.97072233754498,12.8809180897864 -1.97169537477227,12.8806401912014 -1.9720494951689,12.8804682147944 -1.97231499684191,12.880360902591 -1.97187844350629,12.8790806131865 -1.97148536330928,12.8779738602052 -1.97203765452653,12.8779543569099 -1.97219288957182,12.8778032703888 -1.97239344850307,12.877370641218 -1.9727480050606,12.8770903111939</coordinates></LinearRing></outerBoundaryIs></Polygon></MultiGeometry>
  </Placemark>
  <Placemark>
	<Style><LineStyle><color>ff0000ff</color></LineStyle><PolyStyle><fill>0</fill></PolyStyle></Style>
	<ExtendedData><SchemaData schemaUrl="#Tree_Aid_32_sites_Future_Instances">
		<SimpleData name="ID">0.00000</SimpleData>
		<SimpleData name="Site">Tilonti</SimpleData>
		<SimpleData name="Area_ha">735.67004955083</SimpleData>
	</SchemaData></ExtendedData>
      <MultiGeometry><Polygon><outerBoundaryIs><LinearRing><coordinates>0.140699401354099,12.1304703972567 0.140673704828136,12.1290827848547 0.142266889437806,12.1274896002451 0.141161938821422,12.1266159183624 0.140288256938701,12.126153380895 0.139517361159828,12.1257422364796 0.138772161906919,12.1253824851162 0.137769997394385,12.1250998233306 0.13825823138767,12.124097658818 0.13900343064058,12.122761439468 0.138283927913634,12.1217849714814 0.13761581823861,12.1212196479102 0.137101887719363,12.1207571104429 0.135431613531805,12.1196521598265 0.133992608077912,12.1192667119371 0.134763503856784,12.1175064999087 0.134429449019273,12.1173780172789 0.133658553240401,12.1172238381231 0.132630692201904,12.1163501562404 0.130497880547024,12.1144871581081 0.129778377820078,12.1138190484331 0.129881163923927,12.1126370082388 0.13203967210477,12.1126113117128 0.13419818028561,12.1130995457061 0.136613653726076,12.1132280283359 0.138772161906919,12.1115577541484 0.139260395900205,12.1108125548955 0.139697236841565,12.1102215347983 0.139440271581941,12.1055704635991 0.13985141599734,12.1039258859375 0.137795693920348,12.1010478750298 0.135431613531806,12.1008423028221 0.135637185739506,12.0987865807451 0.136253902362603,12.0931333450333 0.137513032134761,12.0916943395794 0.139144761533374,12.0896643140284 0.139941353838208,12.0887006943048 0.13995420210119,12.0880968259447 0.136870618985702,12.0863173415218 0.136253902362603,12.0832658790638 0.135020469116408,12.0802850820521 0.133478677558663,12.0784349321828 0.132142458208619,12.0767903545213 0.128750516781582,12.0720621937442 0.127003153016138,12.070777367446 0.124227928212197,12.0678993565383 0.124125142108348,12.0670770677075 0.124985975728089,12.064851106146 0.125564147562243,12.0626572652419 0.125358575354544,12.0610126875803 0.125975291977642,12.0595736821264 0.128262282788297,12.0573991136169 0.131011811066273,12.0538176603109 0.131525741585521,12.0497062161569 0.131217383273971,12.0478560662876 0.131114597170122,12.0468282052491 0.130600666650875,12.045491985899 0.12926444730083,12.044155766549 0.12885330288543,12.0431279055105 0.127478538746442,12.037988600318 0.125975291977642,12.0377830281103 0.125294334039638,12.0382969586296 0.124844644835296,12.0385025308373 0.123662604641026,12.0393986971802 0.122788922758304,12.0398387501873 0.122634743602529,12.0413516331534 0.122429171394831,12.0421867702471 0.122917405388115,12.0430861486558 0.12370114942997,12.0442424923241 0.12412514210835,12.0450904776809 0.124459196945859,12.0460926421934 0.124741858731447,12.0479588523914 0.124947430939145,12.0492950717415 0.124125142108349,12.0502201466761 0.123405639381402,12.0509396494031 0.122480564446754,12.0524814409608 0.121349917304409,12.053714874207 0.12114434509671,12.0542288047263 0.121144345096711,12.0547427352455 0.121722516930864,12.0571293000943 0.122030875242412,12.0582856437626 0.122159357872224,12.0589537534376 0.122030875242412,12.0595447735347 0.122287840502037,12.0598788283722 0.122994494966003,12.0601903987495 0.12124713120056,12.0610126875803 0.120219270162064,12.0608071153726 0.119499767435116,12.0610126875803 0.118433361607676,12.06142061993 0.118035065455259,12.0622172122348 0.118459058133639,12.0626925979651 0.118433361607676,12.0630266528026 0.118972988652887,12.0633350111142 0.119705339642815,12.0640962706958 0.120630414577462,12.0649185595266 0.121234282937578,12.0661198721154 0.121966633927507,12.0678993565383 0.124060900793443,12.0699615027467 0.125551299299262,12.0717859560901 0.12628365028919,12.0725247312115 0.127350056116631,12.0741114916897 0.127928227950785,12.0750943838077 0.131011811066274,12.0788974696502 0.132656388727867,12.0796169723771 0.132964747039416,12.0804392612079 0.133273105350964,12.0809531917272 0.133581463662513,12.0825977693888 0.13419818028561,12.0835228443234 0.135226041324106,12.0854757802965 0.136253902362603,12.0881482189966 0.135534399635656,12.0890283250108 0.132553602624017,12.0925166284102 0.128031019243338,12.0962683197373 0.12813379970534,12.1041828512735 0.127902531424823,12.1046196921385 0.127825441846935,12.1073178273646 0.127003153016138,12.1078317578838 0.125821112821868,12.1081401161954 0.125332878828582,12.1092193702858 0.124844644835296,12.1101958382724 0.124844644835296,12.1106326792137 0.124870341361258,12.1114292715186 0.124639072627596,12.1125599186609 0.124433500419898,12.1136905658033 0.1236112115891,12.1153351434649 0.123765390744875,12.1171403244137 0.124587679575672,12.1183737576599 0.125050217042995,12.1191382293073 0.125487057984357,12.1199669422696 0.125461361458394,12.1202688764496 0.125435664932432,12.1215601268792 0.125358575354544,12.1223245985266 0.125564147562243,12.1233524595651 0.125564147562244,12.1240012968457 0.125692630192055,12.1248235856765 0.125795416295905,12.1253889092476 0.126335043341115,12.1259542328188 0.127517083535387,12.1261276843691 0.12841646194407,12.1262111980784 0.129881163923928,12.1258193260575 0.130806238858574,12.1256137538498 0.131217383273971,12.1245858928113 0.131217383273972,12.1242775344998 0.131371562429747,12.1239499037938 0.133273105350963,12.1241747483959 0.133298801876927,12.1245409238909 0.133966911551949,12.1259542328188 0.134635021226972,12.1263139841823 0.135431613531806,12.126847187096 0.136408081518377,12.1277015965843 0.136665046778002,12.1286973369653 0.137461639082836,12.1294746568757 0.137256066875137,12.1303997318103 0.136896315511663,12.1313697756654 0.138592286225181,12.1321663679702 0.139363182004054,12.1323719401779 0.139671540315603,12.1318837061846 0.140699401354099,12.1304703972567</coordinates></LinearRing></outerBoundaryIs></Polygon></MultiGeometry>
  </Placemark>
</Folder>
</Document></kml>
