<?xml version="1.0" encoding="UTF-8"?>
<kml xmlns="http://www.opengis.net/kml/2.2" xmlns:gx="http://www.google.com/kml/ext/2.2" xmlns:kml="http://www.opengis.net/kml/2.2" xmlns:atom="http://www.w3.org/2005/Atom">
<Document id="DW_Project_Area_ALL_June2023" xsi:schemaLocation="http://www.opengis.net/kml/2.2 http://schemas.opengis.net/kml/2.2.0/ogckml22.xsd http://www.google.com/kml/ext/2.2 http://code.google.com/apis/kml/schema/kml22gx.xsd">
	<name>DW_Project_Area_ALL_June2023</name>
	<Snippet maxLines="0"></Snippet>
	<Style id="PolyStyle00">
		<LabelStyle>
			<color>00000000</color>
			<scale>0</scale>
		</LabelStyle>
		<LineStyle>
			<color>ff00ffaa</color>
			<width>2</width>
		</LineStyle>
		<PolyStyle>
			<color>00f0f0f0</color>
		</PolyStyle>
	</Style>
	<Folder id="FeatureLayer0">
		<name>DW_Project_Area_ALL_June2023</name>
		<Snippet maxLines="0"></Snippet>
		<Placemark id="ID_00000">
			<name>Project area was updated in 20-21 to 54,834.7 ha (from 54,870.4 ha). The decrease of 0.065% was the result of blank sliver polygons discovered between the inventory polygons and the boundary polygon.</name>
			<Snippet maxLines="0"></Snippet>
			<description><![CDATA[<html xmlns:fo="http://www.w3.org/1999/XSL/Format" xmlns:msxsl="urn:schemas-microsoft-com:xslt">

<head>

<META http-equiv="Content-Type" content="text/html">

<meta http-equiv="content-type" content="text/html; charset=UTF-8">

</head>

<body style="margin:0px 0px 0px 0px;overflow:auto;background:#FFFFFF;">

<table style="font-family:Arial,Verdana,Times;font-size:12px;text-align:left;width:100%;border-collapse:collapse;padding:3px 3px 3px 3px">

<tr style="text-align:center;font-weight:bold;background:#9CBCE2">

<td> Project area was updated in 20-21 to 54,834.7 ha (from 54,870.4 ha). The decrease of 0.065% was the result of blank sliver polygons discovered between the inventory polygons and the boundary polygon.</td>

</tr>

<tr>

<td>

<table style="font-family:Arial,Verdana,Times;font-size:12px;text-align:left;width:100%;border-spacing:0px; padding:3px 3px 3px 3px">

<tr>

<td>FID</td>

<td>0</td>

</tr>

<tr bgcolor="#D4E4F3">

<td>AREA_HA</td>

<td>54834.806974</td>

</tr>

<tr>

<td>Shape_Leng</td>

<td>194990.294522</td>

</tr>

<tr bgcolor="#D4E4F3">

<td>Notes</td>

<td>Project area was updated in 20-21 to 54,834.7 ha (from 54,870.4 ha). The decrease of 0.065% was the result of blank sliver polygons discovered between the inventory polygons and the boundary polygon.</td>

</tr>

</table>

</td>

</tr>

</table>

</body>

</html>]]></description>
			<styleUrl>#PolyStyle00</styleUrl>
			<MultiGeometry>
				<Polygon>
					<outerBoundaryIs>
						<LinearRing>
							<coordinates>
								-116.9952959896994,49.44423701649735,0 -116.9977774374131,49.44472533236512,0 -116.9990987444573,49.44541346171047,0 -117.0000144092558,49.44583991900191,0 -117.0007886901205,49.446200517464,0 -117.0014245935733,49.44662776990639,0 -117.0030163249963,49.44748225721897,0 -117.0042688031165,49.44767880676548,0 -117.0048788077311,49.44777452799654,0 -117.0054461359959,49.44775050500321,0 -117.0057294151482,49.44773850973888,0 -117.0069636533947,49.44721673624753,0 -117.0078327378108,49.44686138195672,0 -117.0080414913978,49.44676888024454,0 -117.0085737723982,49.44653301452337,0 -117.0088449332668,49.44639453693385,0 -117.0095664540308,49.44602605961074,0 -117.0098156897861,49.44589877378995,0 -117.0099609918465,49.44567046989269,0 -117.0103194906131,49.44510717758389,0 -117.0102558889534,49.44478536680982,0 -117.0101852763837,49.44442807242775,0 -117.010220705465,49.44437819097871,0 -117.0103663495598,49.44417313114432,0 -117.0105481633345,49.44391714113337,0 -117.0107507003544,49.44363197053514,0 -117.0115335341595,49.44351945907958,0 -117.0120057403978,49.44292074579111,0 -117.0122075453303,49.44266487253401,0 -117.0126304336682,49.44202379797733,0 -117.0126733613268,49.44195872008566,0 -117.0130442653524,49.44186334924618,0 -117.0134082935951,49.44176974442385,0 -117.0134121364771,49.44174734757233,0 -117.0136282167212,49.44048794167086,0 -117.0141347453243,49.4406003175484,0 -117.0148542483693,49.44038005474434,0 -117.0151782519033,49.44028086489849,0 -117.0152528781005,49.44019855587468,0 -117.0158459481556,49.43954441264262,0 -117.0159693956549,49.43940825041606,0 -117.0160599575296,49.43942888198692,0 -117.0172182657798,49.43969275579428,0 -117.0185145490631,49.43998804376768,0 -117.0187775427179,49.43898506713411,0 -117.0193353912893,49.43916487327952,0 -117.0204926425224,49.43888133381046,0 -117.0215618807687,49.43844038773046,0 -117.0229923447619,49.43783491271198,0 -117.0230607542086,49.43780595654796,0 -117.0246980345165,49.4373378813466,0 -117.0257790469193,49.43681113902684,0 -117.0257968916457,49.43680244369385,0 -117.0261959739134,49.43663559338126,0 -117.0271530294948,49.43623545160771,0 -117.0281308244856,49.43663549320645,0 -117.0289018642028,49.43651836878314,0 -117.0288997558342,49.43568104440001,0 -117.0303126630963,49.43568138553225,0 -117.0377467912827,49.43568289880528,0 -117.0395346381029,49.43568319151629,0 -117.0403381588969,49.43527814140356,0 -117.0405032930617,49.43524199966436,0 -117.0412849284705,49.43507092449815,0 -117.0413110128388,49.43504336806693,0 -117.0423377044915,49.43395873817627,0 -117.0426349225867,49.43364473679088,0 -117.0435675323369,49.43306871298697,0 -117.0447902804679,49.4326050069423,0 -117.0454528546512,49.43182218829801,0 -117.0456382362276,49.43174601445475,0 -117.0458482173108,49.43165973219351,0 -117.0464717421019,49.43140351843832,0 -117.0468705411498,49.43109752966736,0 -117.0477110184488,49.4308034347696,0 -117.0482345558626,49.4306202365081,0 -117.0482480273772,49.43061505047682,0 -117.0489057516636,49.43036187566142,0 -117.049322348672,49.43020151267002,0 -117.0493369838406,49.43019500547793,0 -117.0494520798352,49.43014382248073,0 -117.0501322105767,49.42984136704132,0 -117.050502044462,49.42906314343265,0 -117.050637086906,49.42896098343251,0 -117.0513746292904,49.42840301923276,0 -117.0518106946768,49.42807312031089,0 -117.0523340693706,49.42801624159453,0 -117.0528496020563,49.42796021341405,0 -117.0538281704067,49.42774147424801,0 -117.0538375352129,49.42773938164394,0 -117.0549380810145,49.42780298445418,0 -117.0552270091743,49.42781968056857,0 -117.0559896651757,49.42770687680594,0 -117.0567210987414,49.42768200179783,0 -117.056794648095,49.42767949963937,0 -117.0568743295821,49.42771316756281,0 -117.0574449619178,49.42795427429596,0 -117.0581023719211,49.42823203916257,0 -117.0588943848432,49.42924357044871,0 -117.0596548994041,49.42984134449824,0 -117.0611876959816,49.4304072246982,0 -117.0634874721241,49.42881387976768,0 -117.0650944444696,49.4284307011424,0 -117.066273191729,49.42806907925426,0 -117.0669597069409,49.42785845745296,0 -117.0681021160271,49.42782630789121,0 -117.0700561384124,49.42758677449343,0 -117.0717253276771,49.42767120371715,0 -117.0733135312071,49.42777364933652,0 -117.0749220172995,49.42788955266559,0 -117.0758510676733,49.42699844745139,0 -117.0762037951387,49.4267419981873,0 -117.076490326109,49.42653367308264,0 -117.076845753989,49.42627525352924,0 -117.0772069940838,49.42601260332848,0 -117.0772815282705,49.42593536864242,0 -117.0780799279505,49.42510802444385,0 -117.0783926722597,49.42469369925927,0 -117.078683446074,49.4243084736582,0 -117.0788169732437,49.42413157143268,0 -117.0792044409681,49.42310588226579,0 -117.0797460662441,49.42233032208464,0 -117.0802099932778,49.42166599593084,0 -117.080324989688,49.42152933657285,0 -117.0807931504247,49.42097297807901,0 -117.0807305472952,49.42010950525821,0 -117.0814896425007,49.41925445142553,0 -117.0819670041181,49.4184490650721,0 -117.0824720762398,49.41736618708185,0 -117.0825272748209,49.41724783945641,0 -117.0825353297339,49.41724278019046,0 -117.0825453367392,49.417236494769,0 -117.0829113619115,49.4170065881395,0 -117.082993366051,49.41695507984116,0 -117.0835364768495,49.41661393657287,0 -117.0837745693372,49.41646438019666,0 -117.084542270657,49.41667070556937,0 -117.0849051525129,49.41686863706975,0 -117.0849181380187,49.41687571985368,0 -117.0852422069961,49.41705247785132,0 -117.0867941093307,49.41727170059547,0 -117.0881848943946,49.41764625580287,0 -117.0882429268136,49.41766188510459,0 -117.089742303094,49.41788560500819,0 -117.0912775651373,49.41816774483609,0 -117.092473029877,49.4183671215183,0 -117.0928610685574,49.41843183520174,0 -117.0940312189721,49.41865517458974,0 -117.095160603248,49.4188707191651,0 -117.09592826716,49.41901400400786,0 -117.0959281145382,49.41882741494291,0 -117.0959270867281,49.41756025052312,0 -117.0959266773058,49.4170564366633,0 -117.0959253776074,49.41545391799436,0 -117.0959230977797,49.41264559038856,0 -117.0959215716423,49.41076606093507,0 -117.0959209451445,49.40999445232197,0 -117.0959203790411,49.40929493943135,0 -117.0959202444395,49.40912942876327,0 -117.0959191938783,49.40783533195106,0 -117.0959185901513,49.40709085913798,0 -117.0959145417976,49.40209665633751,0 -117.0959133083913,49.40057538326274,0 -117.0959128457006,49.4000063028339,0 -117.0959125138986,49.39959555959291,0 -117.0959123032922,49.39933638972027,0 -117.0959104566149,49.39705826182907,0 -117.0959088760938,49.39510793545085,0 -117.0959062503598,49.39187011641584,0 -117.0959045329161,49.38975162005482,0 -117.0959042118973,49.38935464496704,0 -117.0959040970279,49.38921273448864,0 -117.0959027354352,49.38753259412255,0 -117.0959002695748,49.3844904486158,0 -117.0959000042548,49.38416160576165,0 -117.0958968722024,49.38029656179785,0 -117.0958957144373,49.37886834038007,0 -117.0958881487288,49.37881997747097,0 -117.0958956314866,49.378766274024,0 -117.0958950733021,49.37807669095594,0 -117.0958883495168,49.36977619865982,0 -117.0958878214797,49.3691227116804,0 -117.0958869939868,49.36810080466815,0 -117.0958837071904,49.36404226657785,0 -117.0958803070605,49.35984298100075,0 -117.0956768866939,49.35984315014797,0 -117.0951699020528,49.35984356985465,0 -117.0945596272871,49.35984407101369,0 -117.0939080363196,49.35984460416657,0 -117.0935972359499,49.35984501660246,0 -117.0877715709764,49.35985258266071,0 -117.0875414187981,49.35985287602215,0 -117.0851335152944,49.35985591262209,0 -117.085123014714,49.36132442261935,0 -117.0851076313083,49.36347594848191,0 -117.0816861246218,49.36347823130286,0 -117.0815631144871,49.36347831046039,0 -117.0799755635813,49.36347931226423,0 -117.0791202842231,49.36347984361144,0 -117.0782650034808,49.3634803680861,0 -117.0773300933003,49.36348093406341,0 -117.0765794156248,49.36348587976268,0 -117.0758283011242,49.36348632496987,0 -117.0746187347866,49.36348703111718,0 -117.0743265020513,49.36348719911436,0 -117.0741475913349,49.36348730238804,0 -117.0739785045824,49.3634873990939,0 -117.0739584783861,49.36348741020365,0 -117.073958489807,49.36348290760623,0 -117.0739590518034,49.36327155607187,0 -117.0739592019336,49.36306019753031,0 -117.0739594761312,49.36277678516986,0 -117.0739594791519,49.36277287690195,0 -117.073961556171,49.36061833999901,0 -117.0739630772582,49.35917031351117,0 -117.0739630261669,49.35880605852537,0 -117.0739635340423,49.35854073702185,0 -117.0739636119892,49.35827541604201,0 -117.0739652704926,49.3566070365702,0 -117.0739659898777,49.35602564116342,0 -117.0739665175649,49.35559971278374,0 -117.0739676733707,49.35420115221578,0 -117.0739679133836,49.35405724899051,0 -117.0739689495598,49.35289253044161,0 -117.0739711230917,49.35096332459635,0 -117.0739712719664,49.35076611517967,0 -117.0739719995026,49.34978866945449,0 -117.0739720525161,49.34971766061911,0 -117.073972854601,49.34902512368981,0 -117.0698193945846,49.34902355833822,0 -117.0690524962281,49.34902325308467,0 -117.0676228469657,49.34902266953394,0 -117.0641321372167,49.34902117130328,0 -117.0632108055705,49.34902048540385,0 -117.0625176917526,49.34901996454627,0 -117.0600483218253,49.34901807483739,0 -117.057892957269,49.34901638328737,0 -117.0529841192862,49.34901237967004,0 -117.0529867104833,49.34766600961246,0 -117.0529889931657,49.34648052805797,0 -117.0529899063912,49.34599079052333,0 -117.0529931871664,49.34423308550988,0 -117.0529934608448,49.34408672201288,0 -117.0529954032258,49.34304549056904,0 -117.0529969752731,49.34220376347229,0 -117.0530108573921,49.33463063011723,0 -117.0530199244758,49.32937729109766,0 -117.0530226551813,49.32779482359185,0 -117.0530302907889,49.32319860371603,0 -117.0530362109321,49.31972220261841,0 -117.0530472598362,49.31388256210027,0 -117.0530482672603,49.31334955702909,0 -117.053058741087,49.30785386923379,0 -117.053063057235,49.30560970114972,0 -117.053063518921,49.30536705047614,0 -117.0530643786485,49.304915883163,0 -117.0530669780725,49.3035510795133,0 -117.0530725974096,49.3006003543913,0 -117.053073728986,49.30000631501711,0 -117.0530752231167,49.29922101019625,0 -117.0530775566838,49.29799577346807,0 -117.0530790485961,49.29728663674372,0 -117.0530800617157,49.2968039848032,0 -117.0530801537124,49.29676299233439,0 -117.0530806293382,49.29654763947219,0 -117.0530819538151,49.29245509202935,0 -117.0530837898704,49.2879238562959,0 -117.053084652789,49.28579457501029,0 -117.0530850371528,49.28469440014906,0 -117.0530855995931,49.28309006306563,0 -117.0530865658873,49.28033034010698,0 -117.0530866438545,49.28014660575429,0 -117.0530875415358,49.27802716469484,0 -117.0530880762151,49.27676846450863,0 -117.053088610941,49.27498302998458,0 -117.0530893122212,49.27409255975541,0 -117.0530895810966,49.27320209132699,0 -117.0530901765761,49.27184389984135,0 -117.0530903338292,49.27048121190618,0 -117.0530903791386,49.270379396698,0 -117.053091523406,49.26776482849822,0 -117.053092044605,49.2663050622649,0 -117.0530928986827,49.26391828051311,0 -117.0530934661638,49.26232755919892,0 -117.0508089010027,49.26233517744929,0 -117.049976767148,49.26233794058611,0 -117.0487286246262,49.26234056214452,0 -117.0477788573245,49.26234254839674,0 -117.0471961614195,49.26234376257232,0 -117.0461404019187,49.26234595509172,0 -117.0458586438118,49.2623465380593,0 -117.0456810325769,49.26234690510224,0 -117.0445994184211,49.26234913681002,0 -117.0445813337152,49.26234917373515,0 -117.0440649887525,49.26235021932649,0 -117.041859845328,49.26235465690047,0 -117.0418597551076,49.26186797314544,0 -117.0418596175203,49.26112925837474,0 -117.0418593960457,49.25993963103377,0 -117.0418590893573,49.25878055617135,0 -117.0418584971968,49.25654420124492,0 -117.0418582091593,49.25576122920361,0 -117.0418579885151,49.25516451379547,0 -117.0418576543138,49.25425966867341,0 -117.0418569981639,49.25247867242083,0 -117.0418567892115,49.25176810626201,0 -117.0418567439152,49.25152311428591,0 -117.0418564529337,49.24995571682743,0 -117.0418652766453,49.24913015535406,0 -117.0418726539477,49.2484399925192,0 -117.0418884289217,49.24692875926139,0 -117.0418907895708,49.24671871288449,0 -117.0418935853124,49.24646998863552,0 -117.041900144879,49.24585017176693,0 -117.0419101708303,49.24490286170803,0 -117.041912997917,49.2446356818579,0 -117.0419155863803,49.2443911193517,0 -117.0419162870338,49.24432489247122,0 -117.0419183143943,49.2441332215083,0 -117.0419204300369,49.24393328624707,0 -117.0419354054971,49.24253633099735,0 -117.0419405846005,49.24205324520328,0 -117.0419425543213,49.24186435866054,0 -117.0419458706365,49.24155453107621,0 -117.0419503150259,49.24113938006209,0 -117.0419559875036,49.24060950348493,0 -117.0419512710821,49.24059600513905,0 -117.0434253864689,49.24059544084119,0 -117.0448140688676,49.24059489249336,0 -117.0455353637906,49.24059459975344,0 -117.0476721672323,49.2405937029935,0 -117.0481820477491,49.24059348388271,0 -117.0492948068517,49.240592998266,0 -117.0506841401724,49.2405923760492,0 -117.0511145842127,49.2405921847219,0 -117.0536495408537,49.24059099999173,0 -117.0540930436762,49.24059078651862,0 -117.0548502405703,49.2405904188922,0 -117.0553920970963,49.24059015136234,0 -117.056462455914,49.24058961590592,0 -117.057198196694,49.24058924131938,0 -117.0578856472014,49.24058888691309,0 -117.0578856996119,49.24058888765033,0 -117.0595136756058,49.2405880374691,0 -117.059711792406,49.24058820941546,0 -117.0611944438003,49.24058948515675,0 -117.0615376593452,49.24058977499419,0 -117.0622853294928,49.24059040267642,0 -117.0627448976745,49.24059078552136,0 -117.0628944748834,49.24059070236919,0 -117.0638833467834,49.24059014831209,0 -117.0640277260966,49.24059006723931,0 -117.0640406186624,49.23916975669637,0 -117.0640417928082,49.23904035081035,0 -117.0640438674716,49.23881180000183,0 -117.0640624339366,49.23676327964359,0 -117.0640774687984,49.23510422346371,0 -117.0640928973396,49.23340152813306,0 -117.0640933136111,49.23335333510227,0 -117.0640933075805,49.23335330193907,0 -117.064639775059,49.23335300423442,0 -117.0658352846891,49.23335232257428,0 -117.066231582408,49.23335250004202,0 -117.0684858935419,49.23335348130038,0 -117.0701996904643,49.23335419788496,0 -117.0717900497571,49.23335523037952,0 -117.0735256271018,49.23335631163247,0 -117.0737596934423,49.23335645565196,0 -117.0759137856395,49.23335503736734,0 -117.0766807557525,49.23335575818565,0 -117.0778859839059,49.23335687874075,0 -117.0786963289652,49.23335762572532,0 -117.081066107198,49.23335596423819,0 -117.0819320153309,49.2333553457566,0 -117.0824941064485,49.23335494041302,0 -117.0832457637438,49.23335438666357,0 -117.0864251938463,49.23335527882062,0 -117.0876251199268,49.23335559347267,0 -117.0876378190361,49.23335558386956,0 -117.0878878276652,49.23335538994282,0 -117.0902549567836,49.23335776108949,0 -117.0904071642754,49.23335791090178,0 -117.0906379545182,49.23335772728198,0 -117.0910490911013,49.23335739882807,0 -117.0917623447175,49.23335682661992,0 -117.0917581814625,49.23275864867282,0 -117.0917525838187,49.23186812193237,0 -117.0917458790352,49.23082822968539,0 -117.0917298813826,49.22834649303171,0 -117.0917292893845,49.22825167541514,0 -117.0917229994456,49.22724457679876,0 -117.0917216197428,49.22702525630909,0 -117.0917174252876,49.22635854604659,0 -117.0917162214921,49.22617184614295,0 -117.0917062047077,49.22461829108273,0 -117.0917045493018,49.22436160385224,0 -117.0917003585412,49.22374992858204,0 -117.0916966514339,49.22316523281786,0 -117.0916929524239,49.2225850488127,0 -117.0917247102889,49.22258501552806,0 -117.0935559796572,49.22257902210767,0 -117.0944828007979,49.22257597103184,0 -117.0946423303079,49.22257544543176,0 -117.0953872324125,49.22257298809343,0 -117.096414455341,49.22256738515484,0 -117.0973399379971,49.2225623287322,0 -117.0984064008994,49.22255883225077,0 -117.0991999562533,49.22255622265385,0 -117.1016977132615,49.22254951073072,0 -117.1018050055725,49.22254913226313,0 -117.1031102066107,49.22254451261054,0 -117.1034088030739,49.22254345458031,0 -117.1049612287182,49.22253944109923,0 -117.1058371028781,49.22253716757192,0 -117.1061078450297,49.22253646308619,0 -117.1069941300245,49.22253267532643,0 -117.1072492982331,49.22253158349578,0 -117.1073901206036,49.22253098099659,0 -117.1088073007159,49.22252490697257,0 -117.1094672808141,49.22252161514623,0 -117.1099248475452,49.22251933086637,0 -117.1132746989206,49.22250897094621,0 -117.1151722780197,49.22250305889904,0 -117.1161572761774,49.22249997796003,0 -117.116323308727,49.22249945707841,0 -117.1192729639227,49.22248741512515,0 -117.1192759884698,49.22319354248246,0 -117.119281351353,49.22450537830348,0 -117.1192879787764,49.22612603057143,0 -117.1205129216583,49.22612923367152,0 -117.1225142906244,49.22613159429054,0 -117.1231385735236,49.22613232201891,0 -117.1248610737612,49.22613431297501,0 -117.125217400655,49.22613315026484,0 -117.1261161363513,49.22613216272294,0 -117.1299909695512,49.22613229796787,0 -117.1309568409534,49.22613385109486,0 -117.1316245149722,49.22613491996825,0 -117.1319901921982,49.22613449764592,0 -117.1325169153565,49.22613388532675,0 -117.1331747835804,49.22613311831222,0 -117.1343598113243,49.22613623154469,0 -117.1351814121634,49.22613525662214,0 -117.1355448412461,49.22613482431768,0 -117.136729421814,49.22613340415829,0 -117.1386489300415,49.22613534265925,0 -117.1387582557703,49.22613545210349,0 -117.1407870893605,49.22613296516649,0 -117.1411725025884,49.22613248822879,0 -117.1411739308228,49.22559042465472,0 -117.1411744523559,49.2255906028721,0 -117.1411751942241,49.22524878196377,0 -117.1411760017533,49.2249294488235,0 -117.1411765894603,49.22459846241613,0 -117.141176685897,49.22454451737116,0 -117.1411790435857,49.22364972156277,0 -117.1411821903241,49.22245888408315,0 -117.1411826590612,49.22228124266373,0 -117.1411831830167,49.2220824366774,0 -117.141185541606,49.22118624696355,0 -117.1411855812136,49.22117145925423,0 -117.141185685176,49.22113298588947,0 -117.1411879289294,49.22030166714288,0 -117.1411884830674,49.22009649398689,0 -117.1411894939631,49.21955675957069,0 -117.1411909338795,49.21902152148321,0 -117.14119104103,49.21801852733903,0 -117.1411910677715,49.21771387828989,0 -117.1411911250552,49.21701552249831,0 -117.141191110196,49.21635222137326,0 -117.1411910821577,49.21507248890212,0 -117.1411910806407,49.21428565170164,0 -117.1411910779649,49.21314745615175,0 -117.1411910814161,49.21314442381803,0 -117.1411911072633,49.21303804480024,0 -117.1411912352162,49.21251619428235,0 -117.1411912353397,49.21251594845333,0 -117.1411912800137,49.21232886303944,0 -117.1411912970068,49.21217079612128,0 -117.1411913297623,49.21175315486168,0 -117.1411913041974,49.21144729751252,0 -117.1411913044278,49.21107070653115,0 -117.141191304528,49.21064665824486,0 -117.1411913059307,49.21026438536537,0 -117.1411913139756,49.20967517702714,0 -117.1411912010962,49.20860020803539,0 -117.1411913920058,49.20691578397235,0 -117.1411914082205,49.20676434705349,0 -117.1411915542531,49.20546526950754,0 -117.1411915393191,49.20525546717472,0 -117.1411914704563,49.20425086807473,0 -117.1411914532461,49.20404852661769,0 -117.1411913850922,49.20322947166188,0 -117.1411913672023,49.20303197230087,0 -117.1411912453367,49.20224936172751,0 -117.1411912861612,49.20205936558975,0 -117.1411914130787,49.20146685397212,0 -117.1411915585497,49.20073361467951,0 -117.1411915343961,49.20025809562074,0 -117.1411915209877,49.20000628419566,0 -117.1411915066499,49.19970839635285,0 -117.1411914817836,49.1992223659725,0 -117.1411914326879,49.19869767125449,0 -117.1411914253625,49.19861066713409,0 -117.1411914176225,49.19828375412562,0 -117.1411913890031,49.19711741163407,0 -117.1411914063002,49.19589878924598,0 -117.1411914156329,49.19534978700602,0 -117.1411914184016,49.19518283353312,0 -117.1411914410719,49.1935821566041,0 -117.1411914784727,49.19016825742509,0 -117.1411914787807,49.19016201782078,0 -117.1411914800224,49.19004690046309,0 -117.141188711446,49.18923730454696,0 -117.1411837913988,49.18777847658419,0 -117.1411827795824,49.18747868093607,0 -117.1411726185452,49.18459097915893,0 -117.1411725135873,49.1845614404005,0 -117.1411681394645,49.18331825404203,0 -117.1411679030938,49.18324945633547,0 -117.1411654147238,49.1825221488234,0 -117.1411644578213,49.1822593997951,0 -117.1411549506352,49.1796480769078,0 -117.1411534395947,49.17921259596957,0 -117.1411497697258,49.17815481647133,0 -117.141145473548,49.17694441247895,0 -117.1411404785933,49.17553712903352,0 -117.1395621886965,49.17553705859082,0 -117.1376840882649,49.17553694652856,0 -117.1370456408639,49.17553772645207,0 -117.1366527537469,49.17553759133641,0 -117.1348341347405,49.17553694747976,0 -117.1323443924423,49.17553601929644,0 -117.130813035951,49.17553542144826,0 -117.1284464565872,49.17553445787902,0 -117.1277001744863,49.17553531671846,0 -117.1272827523783,49.17553579378309,0 -117.1269543663235,49.17553490865713,0 -117.126111740482,49.17553263189479,0 -117.1233208231567,49.17553126715753,0 -117.1224964584785,49.17553071756188,0 -117.119399582014,49.17552859871662,0 -117.118413231027,49.17552790592617,0 -117.1162853135488,49.17552638279982,0 -117.1157091311148,49.17552596327446,0 -117.1147494697941,49.17552453510156,0 -117.1121092784264,49.1755205618366,0 -117.1085917877463,49.17551517504409,0 -117.1083156047901,49.17551502525587,0 -117.1058126963284,49.17551363275894,0 -117.1014111084648,49.1755110523358,0 -117.0997396279329,49.17551002854787,0 -117.0979441171421,49.17550728847463,0 -117.0960281005203,49.17550433262461,0 -117.0949432858746,49.17550077047738,0 -117.0944008815641,49.17550123697504,0 -117.0938572340089,49.17550170268196,0 -117.0938571855608,49.1755017104509,0 -117.0938571359575,49.17550170270004,0 -117.0936007783115,49.1755019231972,0 -117.0933443717313,49.17550213901826,0 -117.0928319816874,49.17550257314537,0 -117.092417474241,49.17550110326835,0 -117.0918071933593,49.17549893689375,0 -117.0914597851141,49.17549922953994,0 -117.0907802736555,49.1754997980465,0 -117.0907255225677,49.17549974075801,0 -117.0904644011003,49.17549947070788,0 -117.0859432039627,49.17549469977208,0 -117.0842340932982,49.17549151967792,0 -117.0830249606914,49.17548789093428,0 -117.0786609567989,49.17548223624211,0 -117.0784808976205,49.1754819985593,0 -117.0761992665335,49.17547972137247,0 -117.0676176820099,49.17547072756875,0 -117.0665610323414,49.17546895997698,0 -117.064141092049,49.17546487414751,0 -117.0548292953662,49.17544868184738,0 -117.053557995867,49.17544641305481,0 -117.0515383747192,49.17544384114106,0 -117.0495850360327,49.17544131987179,0 -117.0492048348883,49.1754408254941,0 -117.043063310867,49.17543266372986,0 -117.0404364846742,49.17542907279957,0 -117.0383917088632,49.17542974632399,0 -117.0348754850181,49.17543203964326,0 -117.0288812722256,49.17543570039238,0 -117.0262854020248,49.17543718941987,0 -117.0255364801641,49.17543760868922,0 -117.0248580759347,49.17543774435833,0 -117.024543468592,49.17543780511679,0 -117.0237866969041,49.17543796042652,0 -117.0227057860155,49.17544265300765,0 -117.0226707466316,49.17544266062151,0 -117.022201555062,49.175442748695,0 -117.0220957318713,49.17544276730029,0 -117.0216144859279,49.17544285204127,0 -117.0210741559029,49.17544294441706,0 -117.0174516899375,49.17544349928153,0 -117.0166231457102,49.17544403762489,0 -117.0135844608374,49.17544596186296,0 -117.0108372029784,49.17544763202002,0 -117.0087537624969,49.17544885572553,0 -117.0081586071489,49.1754488897416,0 -117.00636082519,49.17544897208327,0 -117.0055871525665,49.17544966381811,0 -117.0016183666403,49.17545313540855,0 -117.0015835369909,49.17545316557266,0 -117.0011041727153,49.1754535744234,0 -117.0000143428354,49.17545345765978,0 -116.9984244936928,49.1754532687682,0 -116.9982160079171,49.17545324244073,0 -116.9953274272419,49.17545285526492,0 -116.9871577655492,49.17545138738565,0 -116.9863104664113,49.17545119797531,0 -116.9862273330559,49.17545117864898,0 -116.9854783829141,49.17545100861759,0 -116.9834300659738,49.17545051831986,0 -116.9812343570182,49.17544994946674,0 -116.979111559476,49.17544935785419,0 -116.978509997478,49.17544919518603,0 -116.9780983923354,49.17544906400325,0 -116.9722680552556,49.1754427029329,0 -116.9717558729863,49.17544252433361,0 -116.9713629346807,49.17544238640238,0 -116.9657020626538,49.17544024885875,0 -116.964108243078,49.17543959636654,0 -116.9549567020403,49.1754354298576,0 -116.9522777838979,49.17543407238715,0 -116.9407405974189,49.17542750539044,0 -116.9406900136164,49.17542747364743,0 -116.9384008500465,49.17543180503638,0 -116.938169515894,49.17543223978129,0 -116.9371050777029,49.17543423552262,0 -116.9361139992129,49.17543608378427,0 -116.9341622164402,49.17543969712465,0 -116.9286503022405,49.1754497093961,0 -116.9226727016749,49.17546024822654,0 -116.9176727426022,49.17546880872384,0 -116.9145856571045,49.17547397939954,0 -116.8997765058174,49.17549755024622,0 -116.8975961814156,49.17550084837698,0 -116.8975959161471,49.17550084853382,0 -116.8970471414334,49.17550167278689,0 -116.8951943232299,49.17550443085217,0 -116.8938372713336,49.17550643135365,0 -116.8936807735342,49.17550666080931,0 -116.8933648303895,49.17550712358066,0 -116.8930740398082,49.17550754845164,0 -116.8923683375315,49.17550857701635,0 -116.8922229042524,49.17550878815381,0 -116.8912718761927,49.17551016307466,0 -116.8825880908192,49.17552235191008,0 -116.8812248200591,49.17552420636616,0 -116.8803349690665,49.17552540125674,0 -116.8799890312645,49.17552586424129,0 -116.8741622038463,49.17553350955974,0 -116.8720878552551,49.17553616010721,0 -116.8696836027866,49.17553917721838,0 -116.8692443079274,49.17553972170396,0 -116.8679784902251,49.17554128075385,0 -116.8653139256109,49.17554452038557,0 -116.8643931347081,49.17554562456484,0 -116.8639885515788,49.17554610818581,0 -116.8631193175817,49.17554714071498,0 -116.860700291934,49.17554997484106,0 -116.8606871132044,49.17554998990461,0 -116.8593437818693,49.17555154016006,0 -116.8575968251293,49.17555353060656,0 -116.8551553422425,49.17555626570196,0 -116.8529505852105,49.17555868784034,0 -116.8511776463668,49.17556060185577,0 -116.8491830929564,49.17556272186786,0 -116.8455863549104,49.17556645019562,0 -116.8446589415805,49.17556739095394,0 -116.8404514623438,49.1755715658021,0 -116.8385588009063,49.17557338921038,0 -116.8353103459867,49.17557643637728,0 -116.8301693826288,49.17558107211489,0 -116.8300179265059,49.17558120582589,0 -116.8272708509713,49.17558357547017,0 -116.8244827591105,49.17558590734942,0 -116.821497803724,49.1755883278421,0 -116.8143213341607,49.17559380430406,0 -116.814147847032,49.17559393142098,0 -116.8095152922197,49.1755972050421,0 -116.8084207041657,49.17559794928879,0 -116.8073871486612,49.17559864202437,0 -116.8065749463502,49.17559917983358,0 -116.8048858308146,49.17560027723621,0 -116.8011873570063,49.17560259009925,0 -116.8000143182954,49.17560329367487,0 -116.7959784068207,49.17560562488197,0 -116.7921912615408,49.1756076824537,0 -116.7919465116736,49.17560781152312,0 -116.7900790275255,49.17560877055254,0 -116.7898117991018,49.1756089051802,0 -116.7886427036077,49.17561126733433,0 -116.7858068542165,49.17560980640346,0 -116.7828851022354,49.17560822221061,0 -116.781942101277,49.17560769357523,0 -116.7818580067774,49.17560764628931,0 -116.7797556261137,49.17560362342563,0 -116.7795794446438,49.17560328509761,0 -116.7761240399384,49.17560515304768,0 -116.7759309881205,49.17560525458468,0 -116.7717176459488,49.17560197918706,0 -116.7709735093002,49.17560138262585,0 -116.7696065397049,49.17560027569102,0 -116.7693617390258,49.17560007492244,0 -116.7687661823584,49.17559958535879,0 -116.7684199799496,49.17559929978616,0 -116.7677720666746,49.17559876174279,0 -116.7674517698511,49.17559849389322,0 -116.7649358341734,49.17559635977818,0 -116.7646837071276,49.17559614235881,0 -116.7645036635924,49.17559598752543,0 -116.7641817641478,49.17559570888639,0 -116.7638555694294,49.17559542576421,0 -116.7630177611082,49.17559469335795,0 -116.7619743838823,49.1755937723816,0 -116.7607581252721,49.17559268595175,0 -116.7546766905035,49.17558704918418,0 -116.7504867080567,49.17558296639387,0 -116.7440885009447,49.17557641634026,0 -116.7399134388777,49.17557193571462,0 -116.7395939117075,49.17557158708874,0 -116.7394177838376,49.17557139377442,0 -116.7389003983982,49.17557082589555,0 -116.7382503695598,49.17557010715035,0 -116.7374447977557,49.17556921178554,0 -116.736372264104,49.17556801050677,0 -116.7350928629976,49.17556656456233,0 -116.7326373750733,49.17556374396382,0 -116.731080171589,49.17556192701104,0 -116.729659840759,49.17556025038436,0 -116.7292884604014,49.17555980843477,0 -116.7287156162081,49.17555912356173,0 -116.7232752968747,49.17555247954228,0 -116.722570252194,49.17555159975482,0 -116.7222103084043,49.17555114778038,0 -116.7218556269901,49.17555070093513,0 -116.7208818192236,49.17554947099666,0 -116.7206051218394,49.17554911952885,0 -116.7188526407092,49.17554687692859,0 -116.7183228028545,49.17554619275393,0 -116.7174477801257,49.17554505846752,0 -116.715757301624,49.17554284644974,0 -116.7132539599391,49.17553950516522,0 -116.7077190890728,49.17553192407784,0 -116.6967722311689,49.17551614944944,0 -116.6912011482637,49.17550772343976,0 -116.6877267658584,49.17550230234444,0 -116.6852107399213,49.17549830609754,0 -116.6845792835111,49.17549729478085,0 -116.6845670542002,49.17549727461726,0 -116.6800119093203,49.17548986382921,0 -116.6787667172446,49.17548780301224,0 -116.6745742550796,49.17548076433693,0 -116.6743873557612,49.17548044769568,0 -116.6707718421466,49.17547423890976,0 -116.6658643008355,49.17546560624366,0 -116.6629156231191,49.17546031905444,0 -116.6600315542189,49.17545507446926,0 -116.6577805928189,49.17545093079336,0 -116.648473795073,49.17543327054907,0 -116.646543328006,49.17542950638374,0 -116.6465425259297,49.17542792357655,0 -116.6461866655601,49.17542683398003,0 -116.6458068600904,49.17542785644083,0 -116.6454054546682,49.17542893541794,0 -116.6448506555116,49.17542723089835,0 -116.6442246519845,49.17542980159079,0 -116.6442247942738,49.17543035520463,0 -116.6442245259293,49.17543035628502,0 -116.6432070246309,49.17542968644315,0 -116.6405242163219,49.17542787362644,0 -116.6405181452967,49.17615646706124,0 -116.6404800404384,49.18055463667403,0 -116.6404787114401,49.18070792687509,0 -116.6404754453497,49.18108815248069,0 -116.6404735734071,49.18130608769749,0 -116.6404693710994,49.18440942280112,0 -116.6404776432501,49.18453189433497,0 -116.6405213303379,49.18517867551107,0 -116.6412880037979,49.18603560836173,0 -116.6414981396838,49.18603626121516,0 -116.6421573925437,49.18603772008287,0 -116.6424661047751,49.18603840214231,0 -116.6456447330137,49.18604537929394,0 -116.6465500402625,49.18604735061408,0 -116.6481604507543,49.18605083949701,0 -116.6511834606506,49.18605732872457,0 -116.6515511961304,49.18605811233539,0 -116.6516019425136,49.18605822040144,0 -116.6516019426295,49.18605825400769,0 -116.6516025086243,49.18684080261379,0 -116.6516025087403,49.18684083622004,0 -116.6516036910618,49.18802817481096,0 -116.6516052116917,49.18966079819619,0 -116.6557121766814,49.18967312303111,0 -116.6558504444884,49.18967430670895,0 -116.6565184419561,49.18968002317801,0 -116.6572140876771,49.18968209065349,0 -116.6572137852493,49.18972706878023,0 -116.6572078803851,49.19021279116715,0 -116.657201952624,49.19070301028864,0 -116.657190125297,49.19167894903038,0 -116.6571896769118,49.19171770639358,0 -116.6571775639969,49.19276283085373,0 -116.657148617945,49.19511047860522,0 -116.6571383240411,49.1959874676018,0 -116.657178854109,49.19608203671977,0 -116.6572142383885,49.19617659032802,0 -116.6573066685342,49.19633428100209,0 -116.6573878249378,49.19650992649792,0 -116.6574189503677,49.19659997009572,0 -116.6574592365797,49.19673051904433,0 -116.6574997380459,49.19682958617993,0 -116.6575309248838,49.1969106342223,0 -116.6582652701275,49.19691281007642,0 -116.6591847826311,49.19691369577519,0 -116.6602973353768,49.1969147644098,0 -116.6627812095122,49.19691710324584,0 -116.6627651307701,49.19885164590639,0 -116.662763041615,49.19910286547057,0 -116.662755860945,49.20000633920863,0 -116.6627291148935,49.20337093822692,0 -116.6627119242269,49.20553310037287,0 -116.6626951811632,49.20763902127018,0 -116.6627839333236,49.20771124070195,0 -116.6628461453073,49.20777438784602,0 -116.6682562970367,49.20772256105927,0 -116.6682483744792,49.2128352625716,0 -116.6682449378135,49.21505352946667,0 -116.6708767547901,49.21504518068367,0 -116.6714547621833,49.21504333952991,0 -116.6722299900286,49.21504086509385,0 -116.6755294668487,49.21503027532662,0 -116.676514037295,49.21502709729221,0 -116.6772519464029,49.21502470930525,0 -116.6794757625092,49.21501748595833,0 -116.6794806431614,49.21572625900602,0 -116.6794881629869,49.21681832150367,0 -116.679492859436,49.21750018599722,0 -116.6794966093932,49.21805355785287,0 -116.6794975652375,49.21819471504976,0 -116.6795034349692,49.21906086615603,0 -116.6795075740802,49.21968603806435,0 -116.6795160831835,49.22090040247964,0 -116.6821433265084,49.22294630908451,0 -116.684871736677,49.22507075447185,0 -116.685969123387,49.22592375690684,0 -116.6875638495085,49.22592166099651,0 -116.6882159072227,49.22592079861212,0 -116.6893397303588,49.22591930349871,0 -116.690463123186,49.22591779655651,0 -116.6904715764681,49.22656097053653,0 -116.6904794468299,49.22715978595381,0 -116.6904800298044,49.22720414477965,0 -116.6905107712839,49.22951147656573,0 -116.6958885589936,49.22950765601185,0 -116.6958966268026,49.23141753905006,0 -116.6958973348069,49.23158555564849,0 -116.6959014514724,49.23259835202872,0 -116.6959017951217,49.23268297481518,0 -116.6959072665385,49.23403675671778,0 -116.6959106964262,49.23485877988551,0 -116.6959109259874,49.23491379167154,0 -116.6959150508032,49.23592575562269,0 -116.6959227650333,49.23620912213945,0 -116.6958899957277,49.23700510514706,0 -116.6957986924251,49.24230823546714,0 -116.6957928200451,49.24264929062582,0 -116.6958091318894,49.24642222561326,0 -116.6958141709493,49.24758766693266,0 -116.6942801878863,49.24758813841436,0 -116.6943031160589,49.24770063706957,0 -116.6942210523797,49.24777687985507,0 -116.6940818867487,49.24778101178479,0 -116.6939278835046,49.2477536200273,0 -116.6938047315332,49.24780726622906,0 -116.6937886916277,49.24790167209624,0 -116.6937887189987,49.24803659956711,0 -116.6938191007249,49.24819409393966,0 -116.6939060857909,49.2483652296015,0 -116.6938491791679,49.24854048470501,0 -116.6937306662477,49.24860763528991,0 -116.6936327935332,49.24867034250268,0 -116.6936273214155,49.24879176351391,0 -116.6936994017205,49.2488729091296,0 -116.6937813307545,49.24895857828037,0 -116.6938321451878,49.24907564860434,0 -116.6938729990688,49.24920618540688,0 -116.6938933772674,49.2493141804507,0 -116.6939186345416,49.2494671637586,0 -116.6939803252753,49.24956177462334,0 -116.6940621991732,49.24965643890532,0 -116.6941338511237,49.24973758401782,0 -116.6943124962148,49.24994943836166,0 -116.6941256810648,49.24994894689814,0 -116.6943021783496,49.25016080279713,0 -116.6943815603441,49.25024197059567,0 -116.6944252426335,49.25033203889577,0 -116.6944880027866,49.25046263706265,0 -116.6945471732542,49.25054824896784,0 -116.694611525003,49.25062937687287,0 -116.6947212632526,49.25073311174935,0 -116.6948366118034,49.25083236430217,0 -116.6949720630334,49.25094516164821,0 -116.6950925660539,49.25104442769086,0 -116.6952331995858,49.25115274069659,0 -116.6953537589646,49.25124301088579,0 -116.6954794171938,49.2513422893366,0 -116.6955742363633,49.25142799340489,0 -116.6956848637569,49.2515272329473,0 -116.6958106336299,49.25160852081031,0 -116.6959162463604,49.25168525752083,0 -116.6960223142215,49.25175749889681,0 -116.6961583387335,49.25184780856501,0 -116.6962592815616,49.25191553729825,0 -116.6967204263821,49.25214612446319,0 -116.6967986825389,49.25218569480572,0 -116.6968724240406,49.25222298178829,0 -116.6969224811463,49.25225459606537,0 -116.6970290096437,49.25232233961901,0 -116.6971248559566,49.252381059173,0 -116.6972408070138,49.25245332501709,0 -116.6974072178836,49.25256170249915,0 -116.6975942152865,49.25267463113554,0 -116.6977151914961,49.25274895599862,0 -116.6977559575569,49.2527740015138,0 -116.6978616033628,49.25284623932269,0 -116.6979625766849,49.25290946938031,0 -116.6980990631185,49.25299528033108,0 -116.6982654777546,49.25310365729332,0 -116.6984009683774,49.25321195285221,0 -116.6985725641146,49.25331584506702,0 -116.6987199528145,49.2533746976719,0 -116.6988523096403,49.25343351099534,0 -116.6989894449084,49.25348334038117,0 -116.6991115221033,49.25353762931108,0 -116.6992387807097,49.25358743304758,0 -116.6993856863202,49.25365527924086,0 -116.6995165392773,49.25375006834646,0 -116.6996267489551,49.25384930240473,0 -116.6997122124445,49.25392148651603,0 -116.6998539375121,49.25399381609855,0 -116.6999802045119,49.25406610505529,0 -116.7002131409174,49.25418364588048,0 -116.7002931031324,49.25424232262935,0 -116.7003542487513,49.25428745725071,0 -116.700458850258,49.25439117361158,0 -116.7005536032804,49.25449036703624,0 -116.7006379921416,49.25459852856578,0 -116.7006863855013,49.25469310480728,0 -116.7007038816894,49.25478310291975,0 -116.7007269632841,49.25487311652039,0 -116.7007907917163,49.25497223008548,0 -116.7009108032996,49.25508498104141,0 -116.7010014506504,49.25515267965056,0 -116.7011477984631,49.25524300922766,0 -116.7016506759283,49.25561311233169,0 -116.7017758438244,49.255725875575,0 -116.7018757279621,49.25582957872709,0 -116.7019905362837,49.25595131123286,0 -116.7021301483622,49.25609109730884,0 -116.7022542440373,49.25623983818142,0 -116.7023382095228,49.25634799802141,0 -116.7024113577316,49.25646962235361,0 -116.7024802905501,49.2565777443565,0 -116.7025390249108,49.25666784773485,0 -116.7026533274625,49.25680307083,0 -116.7027176708653,49.25688869140128,0 -116.7028078402054,49.25696538280102,0 -116.7029289615515,49.25703765510089,0 -116.7029928243754,49.2571322702044,0 -116.7030601770245,49.25721789781119,0 -116.7036881285912,49.2572195011151,0 -116.7050873362061,49.25722170027759,0 -116.7083076025803,49.25722669202051,0 -116.7097096089167,49.25722901450916,0 -116.7136355762057,49.257235427731,0 -116.7168312919891,49.25724054195735,0 -116.7180420206037,49.25724245405128,0 -116.7189016844798,49.25724380429296,0 -116.7221488555423,49.25724956094691,0 -116.7240413814528,49.25725287316259,0 -116.7260196661368,49.25725630331603,0 -116.726022513085,49.25844369682746,0 -116.7260372254856,49.26383194918802,0 -116.726050339203,49.26865798393915,0 -116.726053701515,49.2698423040937,0 -116.7260597766589,49.27198178531118,0 -116.7260604983822,49.2722381534096,0 -116.7260614254502,49.27264677295022,0 -116.726061744156,49.27278687210535,0 -116.7260634435827,49.27333109437015,0 -116.7260640102741,49.27353798759558,0 -116.726065564378,49.2741856563904,0 -116.7260667379997,49.27462217773008,0 -116.7260678542562,49.2750380950497,0 -116.7260682227824,49.27517514885053,0 -116.7260716847004,49.27648397783246,0 -116.7260726611487,49.27677183069843,0 -116.7262238050201,49.27679017683948,0 -116.7263573328032,49.27680848289196,0 -116.7265115355967,49.27681784006226,0 -116.7266554009239,49.2768316718319,0 -116.726782433649,49.27685895599901,0 -116.7268146602087,49.27685903202163,0 -116.7269514001597,49.2769178235168,0 -116.7270843071308,49.27700095103184,0 -116.7272040350425,49.27707583443685,0 -116.7273200540436,49.27715256692579,0 -116.7274412024937,49.27723380888753,0 -116.727557222282,49.27731054110345,0 -116.7276727601702,49.27739626727682,0 -116.7278041735754,49.27748652845807,0 -116.7279202190854,49.27755876266046,0 -116.7280316110206,49.2776174933701,0 -116.7281687365334,49.27768527841533,0 -116.7283414749647,49.27776214278632,0 -116.7285100910426,49.27780751337,0 -116.7287035281419,49.27787093213347,0 -116.7288715910808,49.27793878912747,0 -116.7290757725815,49.27800223242412,0 -116.7292686589292,49.27808813725329,0 -116.7294208263808,49.27815595627335,0 -116.7295373266937,49.27822369247274,0 -116.7297095402262,49.27831854397702,0 -116.7298364314511,49.27837281080194,0 -116.7300256758543,49.27841822648731,0 -116.7304133382332,49.27848635893952,0 -116.7304665412032,49.27849570969293,0 -116.7306202214335,49.2785230512481,0 -116.7307687451942,49.2785503813901,0 -116.7309013447804,49.27858217271777,0 -116.7310750986371,49.27863204890809,0 -116.7312385866914,49.27867290628848,0 -116.731391715287,49.27872273370715,0 -116.7315897383815,49.27881314459764,0 -116.7317367535541,49.27888094900872,0 -116.7318790418276,49.27894874191075,0 -116.7319749484454,49.27901192991617,0 -116.732106373434,49.27910218552525,0 -116.7322420446916,49.27920144722747,0 -116.7323426059608,49.27927813969458,0 -116.7324224918475,49.27936377908269,0 -116.7325276585614,49.27946296853037,0 -116.7325921259783,49.27953957772588,0 -116.7327030245849,49.27961179522403,0 -116.732912349736,49.27967974145687,0 -116.7330552420456,49.27971605062368,0 -116.7331882519235,49.27975233650233,0 -116.7333414818574,49.27978417164605,0 -116.7334745159277,49.27981596048037,0 -116.7336126602799,49.27985675637728,0 -116.7337807827138,49.27991561013462,0 -116.7339226238616,49.27998789798708,0 -116.7343160378036,49.28042057303536,0 -116.7344052370162,49.28053321830213,0 -116.7344696347283,49.28062331874385,0 -116.7345542291562,49.28071346502723,0 -116.7347017567499,49.28076777332343,0 -116.73483426582,49.28081755055188,0 -116.7349869016496,49.28088086626338,0 -116.7351086214378,49.28093961202075,0 -116.7351989015051,49.28101178029725,0 -116.7352792498164,49.28109292150375,0 -116.7353690509777,49.28117408381242,0 -116.735454077366,49.28126423003301,0 -116.7355262609695,49.28132920343297,0 -116.7355592769,49.28135892034142,0 -116.735690785184,49.28143567933495,0 -116.7358026490219,49.2814899057246,0 -116.7359904010715,49.28157578768411,0 -116.7360928352732,49.28162549495827,0 -116.736330266253,49.28174297224464,0 -116.7364618003858,49.28181523357991,0 -116.7365525136555,49.28188740044995,0 -116.7366633500237,49.28197310787522,0 -116.7367943840342,49.2820588597567,0 -116.7369000645655,49.28214455422644,0 -116.7370259424364,49.28223029490401,0 -116.7371264668943,49.28231597734293,0 -116.7372167040559,49.28239713968542,0 -116.7373121206633,49.28247381603544,0 -116.7373649611067,49.28252139854703,0 -116.7374322936547,49.28258203039982,0 -116.7374775066912,49.28264509981389,0 -116.7375214532021,49.28270366838943,0 -116.7375791728177,49.28283872870826,0 -116.7376003910676,49.28296920862485,0 -116.7375967562014,49.28308613958164,0 -116.737593100485,49.28320756831084,0 -116.7375688389279,49.28332445230046,0 -116.7375300879076,49.28341881507863,0 -116.7375110064925,49.28353121411708,0 -116.7374866986107,49.28365709415147,0 -116.7374835911631,49.28375603493376,0 -116.7374804821616,49.2838549764761,0 -116.7374830091301,49.28394493649798,0 -116.7375108899233,49.28403495260207,0 -116.7375593732726,49.28412951126744,0 -116.7376186481935,49.28421510181479,0 -116.7378068364966,49.2844628971344,0 -116.7379012532492,49.28456655613656,0 -116.7379816359613,49.28464319734956,0 -116.7380616118469,49.28471534012215,0 -116.7381678018734,49.28478754118922,0 -116.7383354424562,49.2848598806706,0 -116.7385104403414,49.28492324240004,0 -116.7385322365705,49.28494577976657,0 -116.7386603441777,49.28501803018746,0 -116.7389992354801,49.28521218941595,0 -116.739135365518,49.28531144379715,0 -116.7392720450751,49.28538821120913,0 -116.7393886478986,49.28544244430549,0 -116.7395108127567,49.28550118706616,0 -116.7396738041547,49.28556002114881,0 -116.7398166454026,49.28560981510859,0 -116.7399796840405,49.2856596545281,0 -116.7401379965499,49.28570948198253,0 -116.7403727321761,49.28577297327001,0 -116.7409952431014,49.28597225812309,0 -116.7411536053731,49.28601308999536,0 -116.7412913618886,49.28604937776191,0 -116.7414811198082,49.2860857807887,0 -116.7417008886717,49.28613574273995,0 -116.7419205637411,49.28620369606337,0 -116.7420371934745,49.28625342857829,0 -116.742164590499,49.28629868719884,0 -116.742358029314,49.28637107887009,0 -116.7425518952663,49.28644347064064,0 -116.7427608522979,49.28650690005949,0 -116.7429032215308,49.28656568491026,0 -116.7430507242865,49.2866289775943,0 -116.7432487734947,49.28672386565652,0 -116.7434510898348,49.2868008415533,0 -116.7434627954583,49.28680529508652,0 -116.7438842271089,49.28699962384738,0 -116.7440369142976,49.28705842918668,0 -116.7441792868402,49.28711721230686,0 -116.7443055694829,49.28721194002824,0 -116.7443850345086,49.28730206782691,0 -116.7445387218833,49.28733388883673,0 -116.7446764619194,49.28737467063812,0 -116.7447657395783,49.2874783124211,0 -116.7448456594371,49.28756394311134,0 -116.744941574059,49.28763161863647,0 -116.7450895805656,49.28768141741755,0 -116.7452273222968,49.28772219760296,0 -116.7453697681565,49.28776748662584,0 -116.7460145135539,49.28807923356231,0 -116.7461465525632,49.28814248869271,0 -116.7463136461821,49.28824180211694,0 -116.7464498674944,49.28832755413359,0 -116.7465664135914,49.28839527324968,0 -116.7466727142675,49.28844947712425,0 -116.7468449678845,49.28854880011469,0 -116.7470120872855,49.28864361398217,0 -116.7471539204058,49.28872488040911,0 -116.74733137738,49.28881521961646,0 -116.7475242615531,49.28891458641214,0 -116.747686772284,49.28898690131247,0 -116.7481778718038,49.28926232224147,0 -116.7483341588926,49.2893751015194,0 -116.748434760111,49.28945177979983,0 -116.7485559701309,49.28953299955088,0 -116.7486519139996,49.2895961738292,0 -116.7487834837875,49.28966842061963,0 -116.7489459302091,49.28975422686779,0 -116.7490470552427,49.28981291447592,0 -116.749209501296,49.28989872019186,0 -116.7493204669727,49.28996642419213,0 -116.7494112563885,49.29002958667208,0 -116.7494625512234,49.29008366850811,0 -116.7494860525001,49.29011070477325,0 -116.7495546448018,49.29022779149129,0 -116.7495829790075,49.29031780583701,0 -116.7496456347833,49.29042447643765,0 -116.7496464629279,49.29042588660077,0 -116.750136494507,49.29074627343006,0 -116.7502577778816,49.29081399858537,0 -116.7503743344229,49.29088171322262,0 -116.750515702102,49.29097196986226,0 -116.7506266263004,49.29104866731016,0 -116.7507328443974,49.29112085754359,0 -116.7510927341798,49.29142746788221,0 -116.751154477858,49.29147684948489,0 -116.7512447847216,49.29154951080908,0 -116.7513408433107,49.29164434829524,0 -116.7514571384974,49.2917628876189,0 -116.7515122851281,49.2918440528132,0 -116.7515722813928,49.29194537860867,0 -116.7516272392532,49.29203662002434,0 -116.7517026557083,49.29213465035915,0 -116.7517680998622,49.29221925696093,0 -116.7518538476182,49.29231407196329,0 -116.7519549476242,49.29241908386162,0 -116.7520407125492,49.29251047993481,0 -116.7521161126958,49.292611929438,0 -116.7522168365334,49.2927370900606,0 -116.7523232129656,49.29283203825226,0 -116.7524804606566,49.29295758933308,0 -116.7525821276475,49.29303237869818,0 -116.7526836256333,49.29311382305535,0 -116.7527952989464,49.29319537887881,0 -116.7529731610095,49.29332439259675,0 -116.75306436022,49.29340248651349,0 -116.7531502849904,49.29349055470728,0 -116.7532311376134,49.29357519267574,0 -116.7533780224693,49.2937107956754,0 -116.7534485799478,49.29379199304602,0 -116.7534596313955,49.2938045172118,0 -116.7538682143588,49.29380367291304,0 -116.7616303677564,49.29378732480937,0 -116.7622443003411,49.29378601033256,0 -116.7635024656918,49.29378330475642,0 -116.7641169445114,49.29378355421166,0 -116.766248810703,49.29378439327699,0 -116.7668217355488,49.29378105213797,0 -116.7709017242861,49.29378021380376,0 -116.7758097524982,49.29378084271253,0 -116.7758103385725,49.29378084220482,0 -116.7758095642391,49.29160848406514,0 -116.775809239097,49.29068458184435,0 -116.7758092404969,49.29068454021267,0 -116.7758091981786,49.29028355583813,0 -116.7758091729009,49.28993088058645,0 -116.7758091483185,49.28956984846155,0 -116.775809107742,49.2889970804411,0 -116.7758082102542,49.28815105655121,0 -116.7758076734998,49.28715132494254,0 -116.7758060982453,49.28264670682945,0 -116.7758058812543,49.28202496567527,0 -116.7758056159761,49.28126748520492,0 -116.775805574645,49.28114877842721,0 -116.7775092231913,49.2811520710752,0 -116.7775100266117,49.2811520701745,0 -116.777909603486,49.28115146947202,0 -116.7783504749599,49.28115080587413,0 -116.7784740060698,49.28115061938042,0 -116.7786628767432,49.28115033445332,0 -116.7786960563967,49.28115028413992,0 -116.7792475922646,49.28114944897697,0 -116.7794879758544,49.28114908405658,0 -116.7795393889665,49.28114900589897,0 -116.780134538382,49.28114810099532,0 -116.7814858891708,49.28114834983924,0 -116.7818284466256,49.28114841081997,0 -116.7819100163963,49.28114842469598,0 -116.782760262261,49.28114856967734,0 -116.7832789777653,49.28114954355986,0 -116.7836318645023,49.28115020476188,0 -116.7840391180068,49.281150966255,0 -116.784044540474,49.28115097681243,0 -116.7873397534922,49.28114882648089,0 -116.7873834382537,49.28114879690131,0 -116.7875053854942,49.28114871564122,0 -116.7876318854862,49.28114863083388,0 -116.7876315702751,49.28083923724433,0 -116.7876289971918,49.27830028676815,0 -116.7876281901666,49.27739891358602,0 -116.7876263119624,49.27529561860554,0 -116.7876262609688,49.27523693731402,0 -116.7876251270776,49.27391648413798,0 -116.788621105856,49.27391659532838,0 -116.7894306893697,49.27391667932285,0 -116.7902367198287,49.2739167574949,0 -116.7909235418868,49.27391800224677,0 -116.7919185440739,49.2739197991352,0 -116.791949631963,49.27391985536919,0 -116.7920042766954,49.2739199537669,0 -116.794010379505,49.27392354432925,0 -116.7958980701061,49.27392689623526,0 -116.7973888912055,49.27392596699868,0 -116.7977482909239,49.27392573989651,0 -116.7977836823515,49.27392571758372,0 -116.79778491905,49.27392571645859,0 -116.7977859668656,49.27392571820796,0 -116.7997702693146,49.27392917427092,0 -116.7998123958067,49.27392924726685,0 -116.7999448740075,49.27392947583538,0 -116.800014303968,49.27392959703474,0 -116.8000147274863,49.27392959792058,0 -116.8001950112942,49.27392990911214,0 -116.8001952852936,49.27392990989485,0 -116.8008130991086,49.27393097589937,0 -116.8013059754949,49.27393182494313,0 -116.8017244084894,49.27393254339686,0 -116.8017491071601,49.27393258594535,0 -116.802873111358,49.27393450889414,0 -116.8032490592537,49.27393514978171,0 -116.8032521482952,49.27393333677319,0 -116.8032528516823,49.27393515690013,0 -116.803259235476,49.27393516720757,0 -116.8040582116386,49.27393652484922,0 -116.8040584621389,49.27393652542509,0 -116.8042081947903,49.27393654358038,0 -116.8052973986888,49.2739366674904,0 -116.8053356518681,49.27393667171634,0 -116.8059147471236,49.27393673322506,0 -116.8060482856762,49.27393674738519,0 -116.8067023020128,49.27393681209076,0 -116.8068513880527,49.27393682659054,0 -116.806905418621,49.27393683128529,0 -116.8069123539097,49.27393683231588,0 -116.8073310066956,49.27393753151379,0 -116.8077802436905,49.27393827939815,0 -116.8094784837416,49.27394109205973,0 -116.8097653728865,49.27394156438429,0 -116.8097653707253,49.27393976076683,0 -116.8097658855179,49.27393976216472,0 -116.8097601552623,49.27096543662422,0 -116.8097514706393,49.26669590742382,0 -116.8102254015319,49.26669668632885,0 -116.8102270704852,49.26669668939981,0 -116.8108808360932,49.26669776074742,0 -116.8108811658503,49.26669592380227,0 -116.8108837759372,49.26669776366067,0 -116.8109810446858,49.26669783610066,0 -116.8122629465782,49.26669879275471,0 -116.8132788048638,49.26669954044815,0 -116.8152583648302,49.26670096838747,0 -116.8157574547158,49.26670132293673,0 -116.8159517509548,49.26670146100005,0 -116.8159610678604,49.26670146739522,0 -116.8165240251736,49.26670236295644,0 -116.8171927327583,49.26670342246003,0 -116.8171960267889,49.2667016103151,0 -116.8171997549117,49.26670343307427,0 -116.8172224664753,49.26670346946775,0 -116.8176302771011,49.26670411375668,0 -116.8183776829648,49.2667052914642,0 -116.8184645133199,49.2667053240507,0 -116.8203225366848,49.26670599669947,0 -116.8205133858528,49.26670606419344,0 -116.8205138883146,49.26670606449274,0 -116.8218612195672,49.26670653063662,0 -116.8220419844095,49.2667065920137,0 -116.8221220375726,49.26670661868422,0 -116.8223841508229,49.26670702193167,0 -116.8232923896756,49.26670841481548,0 -116.8250695680403,49.26671111866096,0 -116.825761482284,49.2667121639947,0 -116.8257942079422,49.26671221378492,0 -116.8265437640721,49.26671334168288,0 -116.8272804330655,49.26671444529463,0 -116.8274040108336,49.26671463034102,0 -116.8275840944462,49.26671489924237,0 -116.8280188801823,49.2667155478305,0 -116.8288973767536,49.26671685240605,0 -116.8290497776853,49.26671707781492,0 -116.8293046957266,49.26671745505758,0 -116.8314796931933,49.26672064723087,0 -116.8318364962073,49.26672116613356,0 -116.8318370413995,49.26672116730595,0 -116.8318370362596,49.26671939525384,0 -116.8318373849649,49.26671939598558,0 -116.8318373732806,49.26671490423877,0 -116.8318353811127,49.26590734994174,0 -116.8318340051743,49.26523352361188,0 -116.8318330119584,49.26474671310825,0 -116.8318322939666,49.26446754376727,0 -116.831830631307,49.26382047726537,0 -116.8318251283785,49.26167927940502,0 -116.8318244676782,49.26142207203313,0 -116.8318207818191,49.25998815875708,0 -116.8318195107878,49.25949348988546,0 -116.8318970692393,49.25949309401931,0 -116.8324576214677,49.25949023155741,0 -116.8325054077202,49.25948998843432,0 -116.8341659046889,49.25948805595515,0 -116.8345666855088,49.25948758587199,0 -116.8355116297033,49.25948647087521,0 -116.8355402858518,49.25948643758156,0 -116.835955894053,49.25948594384542,0 -116.8359559881981,49.25948594371345,0 -116.835959628553,49.25948593589498,0 -116.8376651894801,49.25948233536254,0 -116.8385087637488,49.25948054485116,0 -116.8385088578939,49.25948054471697,0 -116.8389746370689,49.2594811950886,0 -116.8389760401931,49.25948119683527,0 -116.8400200411515,49.25947914158613,0 -116.8401404516573,49.25947890368786,0 -116.8403146149574,49.25947855967203,0 -116.8403156076523,49.25947855814874,0 -116.8420814744556,49.25947649090229,0 -116.8420825114122,49.2594764895081,0 -116.8428510298523,49.2594742362158,0 -116.8431296018743,49.25947341801801,0 -116.8441087106821,49.25947078818873,0 -116.8442406050108,49.25947043329919,0 -116.8442428331874,49.25947042728911,0 -116.8444750494146,49.25947009482257,0 -116.8452749964232,49.25946894533966,0 -116.848897539083,49.25946366861147,0 -116.8501487492804,49.25946181591904,0 -116.8511669745892,49.25946029865064,0 -116.8519569253803,49.25945911455009,0 -116.8539444839741,49.25945611306598,0 -116.8539343117959,49.25751763082032,0 -116.8539343020841,49.25751585661182,0 -116.8539296001353,49.25662430782343,0 -116.8539028808449,49.25140804617867,0 -116.8539458173356,49.25050488449045,0 -116.8539807528039,49.24978179713018,0 -116.8539778647747,49.24958419427096,0 -116.8539733520376,49.24921779084536,0 -116.8539686401717,49.24886034254186,0 -116.8539681466364,49.24881479369855,0 -116.8539585526656,49.24764904995735,0 -116.8539585332735,49.24764676574605,0 -116.8539585316554,49.24764666214427,0 -116.853946537143,49.24618897290449,0 -116.8539437210563,49.24584680930232,0 -116.853943720917,49.24584678206304,0 -116.8539389940569,49.24527235154086,0 -116.8539283207841,49.24397530650671,0 -116.8539284777183,49.24329013327923,0 -116.8539285847466,49.24282570786408,0 -116.8539287174167,49.24224662903885,0 -116.8539287211055,49.24222793762917,0 -116.853928751515,49.24209905852292,0 -116.8539287529243,49.24209091306112,0 -116.8539288726992,49.24157359647543,0 -116.8539289638336,49.24117855534197,0 -116.8539289825458,49.24109887260958,0 -116.8539280814811,49.24109898640657,0 -116.8539292598686,49.23989559983686,0 -116.8539293358064,49.23956470753485,0 -116.8539295628128,49.23856600497806,0 -116.8539297772427,49.2376379204714,0 -116.8539297982332,49.23754508559021,0 -116.8539298589949,49.23728159044227,0 -116.8539298717593,49.23722756800096,0 -116.853930072885,49.23635113163265,0 -116.8539303203311,49.23527395437586,0 -116.8539309431468,49.23256737720391,0 -116.8539316229667,49.22960795562025,0 -116.8539316339146,49.22956040360452,0 -116.8539318051942,49.22881831257782,0 -116.853932207094,49.22618933316964,0 -116.8539324864403,49.22437695009039,0 -116.8539325264669,49.22409564240596,0 -116.8539327460039,49.22265437495098,0 -116.8539332204327,49.22085304716894,0 -116.8539333258163,49.220453492148,0 -116.853933671605,49.21913895356668,0 -116.8539341586294,49.21728286597315,0 -116.8539345178052,49.21591909279291,0 -116.8540244962541,49.21591902481181,0 -116.8561483321101,49.21591738211643,0 -116.8561518281746,49.21591737975845,0 -116.8563978446709,49.21591716300971,0 -116.8576899845114,49.21591601674575,0 -116.8577752059483,49.21591594039583,0 -116.8603836837397,49.21591357671077,0 -116.8640391351367,49.21591293381915,0 -116.8669554495252,49.2159123374056,0 -116.8669575235065,49.21591233794108,0 -116.8680663059,49.21591157513383,0 -116.8685641623508,49.21591122858061,0 -116.8702637663686,49.21591003385196,0 -116.8705185219628,49.21590985264942,0 -116.8711312287648,49.21590941394301,0 -116.8713363435264,49.21590926582763,0 -116.8718573149047,49.21590888928952,0 -116.8718597101897,49.215908887126,0 -116.8755161851381,49.21598178903077,0 -116.8755421359983,49.21598230594357,0 -116.8774980766195,49.21602125534002,0 -116.877826565728,49.21602779291408,0 -116.8788143806888,49.21602433613845,0 -116.8809706388327,49.21602657797967,0 -116.8824112268006,49.21602521307364,0 -116.883070882574,49.21602458164879,0 -116.8832509177721,49.21602440816292,0 -116.883673596519,49.21602033697782,0 -116.8851965683367,49.21601903516965,0 -116.8858529007107,49.21601846733548,0 -116.8860971985877,49.21601825458231,0 -116.887125337451,49.21601926363977,0 -116.8872851394689,49.21601897343074,0 -116.8882039396501,49.21601729764184,0 -116.8883446428514,49.21601704054509,0 -116.8887764016957,49.21601624926016,0 -116.8903132571355,49.21601342087754,0 -116.8903422470377,49.21601336736042,0 -116.8903423659247,49.21601336747484,0 -116.8903571625888,49.21601334274252,0 -116.8913211881269,49.21601172519131,0 -116.8920566319651,49.21601133184704,0 -116.892630428473,49.21601101889292,0 -116.8939966414814,49.21601228124773,0 -116.89454174211,49.2160112362162,0 -116.8967845463646,49.21600690857953,0 -116.8971722270162,49.21600643657879,0 -116.8973055242216,49.21600627527467,0 -116.8977338388744,49.21600665421161,0 -116.8982677583087,49.21600712543162,0 -116.898268412099,49.21600712645917,0 -116.8989747586777,49.21600606453291,0 -116.899513748283,49.21600525180121,0 -116.9018943854915,49.21600162942412,0 -116.9020430156379,49.21600140157717,0 -116.90204585094,49.21600139704271,0 -116.9021976183156,49.21600110565765,0 -116.9032779304662,49.21599904147264,0 -116.9036785191565,49.21599893297594,0 -116.9042743192007,49.21599876610772,0 -116.906950920894,49.21599904288621,0 -116.908099267021,49.21599737640166,0 -116.9111843232901,49.21599110776058,0 -116.911189230558,49.21599109886964,0 -116.9112956962491,49.21599088005695,0 -116.9114093742679,49.21599096735302,0 -116.91191919053,49.21599135691286,0 -116.9119554413503,49.21599138463436,0 -116.9126126206136,49.21599188377636,0 -116.9132387188847,49.2159901496285,0 -116.9138534874022,49.21598844309008,0 -116.9138887909475,49.21598834453945,0 -116.9141620397704,49.21598800781378,0 -116.9142104593061,49.2159879484276,0 -116.914212830947,49.21598794604301,0 -116.9161639189324,49.21598552016765,0 -116.9164091264366,49.21598323306554,0 -116.9164205391862,49.21598322219877,0 -116.9166112225316,49.21598302996189,0 -116.9188928568799,49.21598069542971,0 -116.9211196809493,49.21598001587414,0 -116.9258431683691,49.21597457438791,0 -116.9260771572959,49.21597429922011,0 -116.9260776217884,49.21597429949251,0 -116.9261848630528,49.21597436846088,0 -116.9266525896794,49.21597466608495,0 -116.9266543983814,49.21597465755176,0 -116.9269191141169,49.21597342058054,0 -116.9273346696838,49.21597170607448,0 -116.9274994389027,49.21597122924938,0 -116.9276487974052,49.21597079723725,0 -116.9278751107932,49.2159709379869,0 -116.9278871335064,49.21597094573585,0 -116.9284579884533,49.21597130149551,0 -116.9284921739686,49.21597132231796,0 -116.9314580618619,49.21596561482584,0 -116.932046473388,49.21596447479862,0 -116.9322451485361,49.21596458935306,0 -116.9323368420417,49.21596448033767,0 -116.9325018753825,49.21596428410015,0 -116.9337159096682,49.21596283609255,0 -116.9347828881738,49.21596155193976,0 -116.9349488808424,49.2159613667911,0 -116.9364632074569,49.215959900262,0 -116.9373612599363,49.21595902207508,0 -116.9375175456431,49.21595886857787,0 -116.9381711171354,49.21595929195445,0 -116.9398415972133,49.21595548321582,0 -116.9412428651929,49.21595226848267,0 -116.9417900167582,49.21595260816702,0 -116.9423540497442,49.21595295586016,0 -116.9423524136118,49.21735965504121,0 -116.942351972029,49.21774009668151,0 -116.9423507305159,49.21868305953118,0 -116.9423501368334,49.2191345670354,0 -116.9423464153234,49.22141221387815,0 -116.9423464133554,49.22141291518449,0 -116.9423464128591,49.22141365835861,0 -116.9423461757824,49.22158281025938,0 -116.9423439271769,49.22317978295447,0 -116.9423446639082,49.22317978435671,0 -116.9423446628407,49.22318075616182,0 -116.9456546532568,49.22318680823573,0 -116.9459970879104,49.22318742966701,0 -116.9460224688396,49.22318747547648,0 -116.9463023062828,49.22318763977022,0 -116.9504063154852,49.22318997408983,0 -116.9517692991525,49.22319071611171,0 -116.9531564457828,49.22319344041946,0 -116.9531743202311,49.22319347586007,0 -116.9533010633534,49.22319372361397,0 -116.9533950125548,49.22319376574999,0 -116.9533952672512,49.22319375728182,0 -116.9533970942123,49.22399666660867,0 -116.9533964178826,49.22399714769294,0 -116.9533971460574,49.22419956950097,0 -116.9533977165747,49.22435793690565,0 -116.9533986028516,49.22460390933414,0 -116.9533989177281,49.22473024133679,0 -116.9533989713877,49.22475228406771,0 -116.9534081838659,49.22842847174827,0 -116.9534099493647,49.22913306663269,0 -116.9534124043016,49.23019903149214,0 -116.9534127730569,49.23032460743239,0 -116.9534126829551,49.23042146692994,0 -116.9541800799086,49.23042177402456,0 -116.954873355972,49.23042204608641,0 -116.9553300491563,49.23042222341957,0 -116.9556380592076,49.23042234168489,0 -116.9556408206568,49.23042234305429,0 -116.95564202078,49.23042234439603,0 -116.95604210194,49.23042282391439,0 -116.9599322825082,49.23042741266632,0 -116.9608851527499,49.23042851430525,0 -116.9611556128997,49.23042882644769,0 -116.9611573024987,49.23042882812688,0 -116.9633974400338,49.23042955942417,0 -116.9659171142139,49.23043033041935,0 -116.9701356891479,49.23043149795872,0 -116.9777537184654,49.23043415382003,0 -116.9839900712131,49.23043595495979,0 -116.9854884217546,49.23043656229424,0 -116.9859083325473,49.23043673041417,0 -116.9910725051965,49.23043863441308,0 -116.9923753652109,49.23043907856678,0 -116.9928479787107,49.23043923484889,0 -116.9937069801602,49.23043951319839,0 -116.9937128208677,49.23043951525603,0 -116.9938898518338,49.23043957175642,0 -116.9941791994651,49.23043966413529,0 -116.994349355306,49.2304397181403,0 -116.9956979716488,49.23043977661069,0 -116.9957353935669,49.23043977822118,0 -116.9957379932198,49.23043977859782,0 -116.9960143726949,49.2304397877562,0 -116.9962697373336,49.23043979590827,0 -116.9979307703384,49.23043983825917,0 -116.9979337750796,49.23043983899426,0 -116.9981569531776,49.23043984187711,0 -116.9983794507336,49.23043984528007,0 -116.9984064531094,49.23043984567802,0 -117.0000144171785,49.23045526804145,0 -117.0000150423967,49.23045527420484,0 -117.001401976107,49.23046855766646,0 -117.0014029519597,49.23046856691246,0 -117.0016913641598,49.23047132721646,0 -117.0024213854616,49.23047131448364,0 -117.0026593984174,49.23047130886373,0 -117.0030653356965,49.23047129922612,0 -117.0037989883503,49.23047127676726,0 -117.0040219491597,49.23047126924993,0 -117.004206712211,49.23047126290341,0 -117.0042598886124,49.2304712611959,0 -117.0045431820242,49.23047125011961,0 -117.0051153497675,49.23047122626796,0 -117.0062553911582,49.23047566841677,0 -117.0068375608235,49.2304756353351,0 -117.0069336752798,49.230475629602,0 -117.007712506702,49.23047558228266,0 -117.0085386549412,49.230475521778,0 -117.00853964719,49.23102799629017,0 -117.0085409972017,49.23153331474764,0 -117.0085446726473,49.2329091235837,0 -117.0085472054753,49.23385708943509,0 -117.0085495818268,49.23483093992905,0 -117.0085524520287,49.23600701812973,0 -117.0085538239411,49.23657130883112,0 -117.0085540270364,49.23665466846727,0 -117.008554198232,49.23674031644817,0 -117.0085550874457,49.23718597802841,0 -117.0085563010546,49.23753773990409,0 -117.0085566000923,49.23764438063773,0 -117.0085586105699,49.23836384334322,0 -117.0085614077687,49.23951532487449,0 -117.0085616250931,49.23960467191679,0 -117.0085632575031,49.24042170439824,0 -117.0085638525784,49.24072039094466,0 -117.0085638540987,49.24072110786453,0 -117.008563931329,49.24075220135237,0 -117.0085640396529,49.24079632945588,0 -117.0085651180994,49.24123228479672,0 -117.0085651192531,49.2412328401803,0 -117.0085654960483,49.24138515825991,0 -117.0085657841562,49.24150190149229,0 -117.0085684696255,49.24258761941736,0 -117.0085688985875,49.24265884080703,0 -117.0085693354069,49.24273135760629,0 -117.0085693363244,49.24273150920718,0 -117.0085697794258,49.24280503819688,0 -117.0085704857249,49.24302801545824,0 -117.0085711460971,49.24330161139006,0 -117.0085767333032,49.24561956255882,0 -117.0085770846097,49.24576306554101,0 -117.0085771779407,49.24580312814156,0 -117.0085771801822,49.24580341504412,0 -117.0085779299681,49.24608768472685,0 -117.0085779318492,49.24608818663507,0 -117.0085823545752,49.24775786489774,0 -117.0085827164403,49.24789440006069,0 -117.0085829980041,49.2480009305819,0 -117.008583325032,49.24812396726792,0 -117.0085838113051,49.24833075128045,0 -117.0085843920564,49.24857660423809,0 -117.00858482264,49.24875982938575,0 -117.008585243332,49.2489380606666,0 -117.0085859502109,49.24924021322212,0 -117.0085859643071,49.24924614464977,0 -117.0085871616906,49.24975665064526,0 -117.0085868656893,49.24979173550089,0 -117.0085847726398,49.24995471260701,0 -117.0085853192223,49.25007763031079,0 -117.0085870108706,49.25045777629688,0 -117.0085882195333,49.25085845686817,0 -117.0085888419078,49.25109740949105,0 -117.0085888559627,49.25110259508313,0 -117.0085906343506,49.25178464575593,0 -117.0085906786361,49.25180157002007,0 -117.0085950556757,49.2534814136276,0 -117.0085967806009,49.25414313261612,0 -117.0085988050552,49.25491970825144,0 -117.0086073384597,49.25838059779906,0 -117.0086075106694,49.25845023812094,0 -117.0086075114596,49.25845058931524,0 -117.0086097941938,49.25937708034633,0 -117.0086097965512,49.25937738086223,0 -117.0086104243705,49.25963184940811,0 -117.0086105069264,49.25966504648945,0 -117.008610666136,49.25972205679307,0 -117.008610667499,49.25972251872598,0 -117.0086122795666,49.26029765598474,0 -117.0086122818182,49.26029827677012,0 -117.008615998926,49.26162436207482,0 -117.0086160002765,49.2616250372217,0 -117.0086160043617,49.26162600384198,0 -117.0086288834344,49.26462874648438,0 -117.0086291314568,49.26468662209795,0 -117.0086291306361,49.26468678262121,0 -117.0086346130575,49.26596418971717,0 -117.0086363273081,49.2663639105697,0 -117.0086369954706,49.26652174180262,0 -117.008636992948,49.26652177606874,0 -117.0086420669145,49.26774632902664,0 -117.0086439660722,49.26820353139646,0 -117.0086470462819,49.26893592011428,0 -117.0086487290613,49.26933597947651,0 -117.0086493363922,49.26948068726404,0 -117.0086506076338,49.26977782672239,0 -117.0086521897056,49.27014761714646,0 -117.0086581325462,49.2716736386651,0 -117.0086590881754,49.27189555094402,0 -117.0086590914692,49.27189620900452,0 -117.0086675817371,49.27386503241111,0 -117.0086679838301,49.27395841587699,0 -117.0081521017227,49.27395845653022,0 -117.0081507439702,49.27395845628084,0 -117.0076833101575,49.27395849118833,0 -117.0067613259516,49.27395855392647,0 -117.0067625773205,49.27396012306298,0 -117.0067601898007,49.2739601227712,0 -117.0053248931577,49.27395863802813,0 -117.0053214900113,49.27395863612819,0 -117.0041665889331,49.2739586881547,0 -117.002970765018,49.27395872877856,0 -117.0009043202772,49.27395876748232,0 -117.0000145360962,49.27395877294411,0 -117.0000144226822,49.27395877251428,0 -116.9983750306405,49.27395875839659,0 -116.9959487995131,49.27395869526371,0 -116.9953613556114,49.2739586723831,0 -116.9950436490327,49.27395865822074,0 -116.9923809153251,49.27395850844217,0 -116.9907211171153,49.27395838440512,0 -116.9907087859572,49.27395838354756,0 -116.9903989066054,49.27395835624935,0 -116.9903995607235,49.27395854358441,0 -116.9903989669078,49.27395854367807,0 -116.9894936854654,49.27395827311319,0 -116.9894933310825,49.27395827332633,0 -116.9882160349744,49.27395814359397,0 -116.9881271835996,49.27395812988556,0 -116.9878095878495,49.27395806563214,0 -116.9876681703315,49.27395803883203,0 -116.9874027090342,49.27395798530399,0 -116.9865893820865,49.27395781898911,0 -116.9849627290479,49.27395747077585,0 -116.9849608956767,49.27395746751646,0 -116.9849286269453,49.27395740313233,0 -116.9835200516021,49.27395464026788,0 -116.9823697968962,49.27395237130694,0 -116.9767095941409,49.27395085419919,0 -116.975170161669,49.27394589658323,0 -116.975061032424,49.27394586323699,0 -116.9750239565549,49.27394585200097,0 -116.9728075208504,49.27394514982817,0 -116.9688220924342,49.27394378099127,0 -116.9678485073525,49.27394342551663,0 -116.9649621256304,49.27393782650275,0 -116.9641774035258,49.27393751392578,0 -116.9633433698129,49.27393493600803,0 -116.9622440219499,49.27393458237314,0 -116.9619636730853,49.27393449025483,0 -116.961416993782,49.27393430847722,0 -116.9614139971197,49.27393430764201,0 -116.9607253342722,49.27393407505777,0 -116.9580922620254,49.27393315057488,0 -116.9580911339996,49.27393314998042,0 -116.9580000821208,49.27393311678191,0 -116.9565759210706,49.27393259009268,0 -116.9565748829587,49.27393258979392,0 -116.9555132683917,49.27393218611564,0 -116.9552646628382,49.2739320901136,0 -116.9545921771073,49.27393182779093,0 -116.9545905189568,49.27393182697621,0 -116.9540721836885,49.27392928938676,0 -116.9535912519591,49.27392693252561,0 -116.9516503353025,49.27392613644898,0 -116.9494899940631,49.27392521235689,0 -116.9490081852759,49.2739250005832,0 -116.9451177751069,49.27392321796687,0 -116.9450711590428,49.27392319610325,0 -116.9446607694749,49.2739230008136,0 -116.9441222459013,49.27392274125568,0 -116.9438316561193,49.27392217323761,0 -116.9437133127357,49.27392194196882,0 -116.9415141801348,49.27391761738661,0 -116.9410625797816,49.27391672387213,0 -116.9407170323739,49.27391654727913,0 -116.9395331716933,49.27391593346183,0 -116.9393549543006,49.27391583959736,0 -116.9387685748466,49.27391553418585,0 -116.9387684682419,49.27391553426614,0 -116.9383861881457,49.27391529920865,0 -116.9380038006128,49.27391506008475,0 -116.9375810264014,49.2739147938253,0 -116.9361528727646,49.27391388408095,0 -116.9333897997361,49.27391207286179,0 -116.9331465979715,49.27391084403417,0 -116.9323642348885,49.27390688606101,0 -116.9317532832129,49.27390647158602,0 -116.9275676341886,49.27390354270177,0 -116.9242567841436,49.27390112165001,0 -116.9241887513314,49.27390107045625,0 -116.9240215458057,49.27390094625387,0 -116.9227817767242,49.27390001310199,0 -116.9223524957737,49.27389842404576,0 -116.9218654813915,49.27389661851032,0 -116.9212509455904,49.27389433804311,0 -116.91983439445,49.27389323583681,0 -116.9194721824605,49.27389296528942,0 -116.9180184749644,49.27389190920333,0 -116.9168758863438,49.27389106687621,0 -116.9127919795323,49.27388796540019,0 -116.912040360292,49.27388689136824,0 -116.9061119004508,49.27387824316902,0 -116.905184791174,49.27387748007153,0 -116.9047994225656,49.27387716400075,0 -116.9039121108864,49.27387643167316,0 -116.9024679061948,49.27387522417181,0 -116.9006278643872,49.27387365973087,0 -116.8997570438867,49.27386841189315,0 -116.8988472731096,49.27386762062655,0 -116.8959041368226,49.27386501162884,0 -116.8915359335498,49.27386100245534,0 -116.8897740664062,49.27385714211378,0 -116.8879280384975,49.27385306747713,0 -116.8853635545269,49.27385055655747,0 -116.8840358724683,49.27384923501813,0 -116.8825986693301,49.27384778698558,0 -116.8810135676542,49.27384616657675,0 -116.8796863129226,49.27384479515688,0 -116.8773096975826,49.27383780323264,0 -116.8771455724239,49.27383945711778,0 -116.8760990285568,49.27383834024776,0 -116.8760982572418,49.27385000694855,0 -116.8719965745738,49.27386353230838,0 -116.8581533477621,49.2739148579115,0 -116.856973627931,49.27391845050968,0 -116.8539460795739,49.27392761452741,0 -116.8539460882283,49.27392939404677,0 -116.8539451449465,49.27392939629971,0 -116.8539473196658,49.27436460799207,0 -116.853947657756,49.27443236478125,0 -116.8539556895889,49.2760400610776,0 -116.8539596033279,49.27690054121059,0 -116.853964961266,49.27807799504824,0 -116.853965232126,49.27813765958075,0 -116.8539729158331,49.27982612759368,0 -116.8539731261613,49.2798734679488,0 -116.8539731354718,49.27987525113805,0 -116.8539753561927,49.28042667513936,0 -116.8539784329951,49.28112830280939,0 -116.8525738150298,49.28112652270775,0 -116.8511687664255,49.28112472486008,0 -116.8483586573834,49.28112557561052,0 -116.8469922802754,49.28112377747706,0 -116.8457767073621,49.28112666127878,0 -116.8454471447923,49.28112622169346,0 -116.8450997346902,49.281126010565,0 -116.8414250482213,49.28112371308243,0 -116.8404547411401,49.28112308667134,0 -116.8331132224785,49.28111808555629,0 -116.831854280372,49.28111625913451,0 -116.8318720807429,49.28345053799242,0 -116.8318720957034,49.28345227453509,0 -116.8318756988247,49.28393927311625,0 -116.8318773106605,49.28415790513795,0 -116.831885260222,49.28523563801269,0 -116.8318862664734,49.2853720780098,0 -116.8318898872909,49.28586303636186,0 -116.831890172454,49.28590161485953,0 -116.8318901727317,49.28590175283269,0 -116.8318915446595,49.28608780855967,0 -116.8318941538628,49.28644141316347,0 -116.8318941556028,49.28644169011831,0 -116.8318941665317,49.28644320304877,0 -116.8318997635638,49.28719880608475,0 -116.8319027713122,49.28763055053457,0 -116.8319078371577,49.28835746793017,0 -116.8303710714716,49.28835697358127,0 -116.8279631394143,49.28835615894421,0 -116.826171210177,49.2883555203926,0 -116.8261662675302,49.28835551851027,0 -116.8256245686906,49.2883553204908,0 -116.8240181295722,49.28835471645179,0 -116.8179904080155,49.28835225175087,0 -116.8161276859681,49.28835142469003,0 -116.8159703206457,49.28835117474523,0 -116.8136994120943,49.28834753469931,0 -116.8123038854816,49.28834527544576,0 -116.8119247934939,49.28834465676201,0 -116.8108714160046,49.28834293656029,0 -116.8098019776668,49.28834117893317,0 -116.809801961487,49.28834291468771,0 -116.8097891653506,49.28972812514358,0 -116.8097878515152,49.28987034981056,0 -116.8097869485919,49.28996982290755,0 -116.8097819693516,49.29048979832032,0 -116.809779134787,49.2907859076019,0 -116.8097791303312,49.29078631926784,0 -116.8097720795539,49.29152265827654,0 -116.8097694159832,49.29187767987057,0 -116.8097649273737,49.29234399638379,0 -116.809757415797,49.29317154333888,0 -116.8097550101859,49.29345938642818,0 -116.8097514596561,49.29382783877782,0 -116.809748344471,49.2941511856419,0 -116.8097456505341,49.29443085351455,0 -116.8097403944654,49.2949959642745,0 -116.8097347038949,49.29554174574509,0 -116.8069418068314,49.29554453539729,0 -116.804655441224,49.29554676793611,0 -116.8025803407476,49.29554774207609,0 -116.8025665474451,49.2955498549773,0 -116.8016306651565,49.29557928019639,0 -116.8016307799886,49.29557760007675,0 -116.8000143386235,49.29557206393001,0 -116.7989875198084,49.29556853804952,0 -116.787640352749,49.29554375685967,0 -116.7876052828687,49.29762188512823,0 -116.7876031843507,49.29774397619295,0 -116.7875932948061,49.29831957948121,0 -116.7875779319504,49.29921370011201,0 -116.7869396844002,49.29921252609844,0 -116.784749655459,49.29920669998715,0 -116.7831407039661,49.2992023877008,0 -116.7758568948218,49.29918258529707,0 -116.7758568851188,49.29918419915228,0 -116.7758527328179,49.3000063383906,0 -116.7758457084101,49.30139728303492,0 -116.7758380381878,49.30291557655611,0 -116.7758347345741,49.3035708578511,0 -116.7758332304044,49.30386906463625,0 -116.7758327316117,49.30407145634687,0 -116.7758320404839,49.30422222538898,0 -116.7758316784443,49.30430083329669,0 -116.7758256397424,49.30533527417726,0 -116.775808569937,49.3083036705236,0 -116.7734156636452,49.30829901140397,0 -116.7686250631192,49.30828953579853,0 -116.7677588436323,49.30828779938899,0 -116.7611183625747,49.30827878224552,0 -116.7610487157855,49.30827863906412,0 -116.7605044011061,49.30828650960949,0 -116.7605058323865,49.30834498194727,0 -116.760539001013,49.30850696486427,0 -116.7605939299592,49.30861502160467,0 -116.7606644910571,49.30869162699055,0 -116.760730323196,49.30876822329221,0 -116.7608358734742,49.30889887195738,0 -116.7609161037157,49.30902047458285,0 -116.7609653129091,49.30915550376448,0 -116.7610047010465,49.30927702232093,0 -116.7610023637921,49.30940295105147,0 -116.7609913955298,49.30944790521838,0 -116.7609742524712,49.30952432861898,0 -116.7609207334494,49.3096546496756,0 -116.7608105058145,49.3097758576849,0 -116.7607215659949,49.30985213365605,0 -116.7605654023618,49.30995975309429,0 -116.7604717980542,49.31002252688204,0 -116.7603008276918,49.3100806423681,0 -116.7602336853416,49.31010155928955,0 -116.7601143796506,49.31013872576122,0 -116.7599691829168,49.3102013911599,0 -116.759839464266,49.31026408922614,0 -116.7596987971337,49.31036724283278,0 -116.7596403123808,49.31045707377204,0 -116.7595718292651,49.31056937254221,0 -116.7594720020006,49.31067261003955,0 -116.7594429768968,49.31068926767242,0 -116.759331444379,49.31075327568174,0 -116.7591449252585,49.31082484923777,0 -116.7589389866277,49.31082442069339,0 -116.758769770433,49.31078808683318,0 -116.7586062301677,49.31073377458132,0 -116.7584524256434,49.31071096605023,0 -116.7582970613008,49.31074212556342,0 -116.7580847010425,49.31082263942829,0 -116.7578947141315,49.31081324610205,0 -116.75775084102,49.31078146164953,0 -116.7575712851696,49.31074960359393,0 -116.7574112589098,49.31076725809379,0 -116.7573021712226,49.31082999685371,0 -116.7572849115573,49.31092890805277,0 -116.7573083386585,49.3110593883995,0 -116.7573586219909,49.31114944602996,0 -116.7574239780182,49.31123503806199,0 -116.7575495522981,49.3114017137962,0 -116.7575585418788,49.31149618289993,0 -116.7574948261286,49.31159949561567,0 -116.7572969220967,49.31171152077604,0 -116.7571413078704,49.31179215173386,0 -116.7570270601283,49.31185487863537,0 -116.7569123130526,49.31193109831639,0 -116.7568387942483,49.31201639851459,0 -116.7568054897072,49.31214226205691,0 -116.756850119596,49.31224580141091,0 -116.7569412051561,49.312344941086,0 -116.7569554036649,49.31238021273406,0 -116.7569955661952,49.31247998402122,0 -116.7570138560483,49.31260595604851,0 -116.757074031537,49.31269603463564,0 -116.7571795586049,49.31283118435538,0 -116.7573320178793,49.31295294027805,0 -116.7574536327977,49.31305214321606,0 -116.7576158938941,49.31319190967067,0 -116.75774257966,49.31330911302808,0 -116.7578744480264,49.31342182964949,0 -116.75805279944,49.31352564807834,0 -116.7581910224118,49.31357091320875,0 -116.7583498628847,49.31362071835783,0 -116.7584876367398,49.31367047995078,0 -116.7586154536644,49.31373371242947,0 -116.7586488792659,49.31375627058692,0 -116.7587479111286,49.31381494662512,0 -116.7588803694148,49.31389617886406,0 -116.7591052490025,49.31398210316616,0 -116.7592487237491,49.3140093866774,0 -116.7595005507104,49.31403689630663,0 -116.7597736238105,49.31402846749447,0 -116.7599078396336,49.31401525370502,0 -116.7600519657359,49.31399756113122,0 -116.760232618355,49.31398444252711,0 -116.7604076795793,49.31397131221625,0 -116.7605567463547,49.31399860539631,0 -116.7606795386515,49.31403484096425,0 -116.7608333124872,49.31406664181371,0 -116.760972081442,49.31408941677189,0 -116.7612240193346,49.3140944340614,0 -116.7613736922387,49.31408574746596,0 -116.7614213258223,49.31407651130253,0 -116.7615802747964,49.31404569381664,0 -116.7616945883781,49.31396946958512,0 -116.7618873325573,49.31385742537805,0 -116.7620991388188,49.31380389026315,0 -116.7623258822327,49.31377287193749,0 -116.7624766768653,49.3137102148895,0 -116.7626782488156,49.31363866561164,0 -116.7628582512402,49.31367051767165,0 -116.7630636418184,49.31369792461031,0 -116.7632336082875,49.31367128656021,0 -116.7633786807952,49.31363560179122,0 -116.7635910671547,49.31355058062398,0 -116.763793022421,49.31348802624015,0 -116.7639634395833,49.3134568903959,0 -116.7640051899142,49.31344797992524,0 -116.7641545611102,49.31341230327828,0 -116.7643043167209,49.31338562240245,0 -116.7644735046288,49.31343094306753,0 -116.7646106800402,49.31351667723234,0 -116.7647276022571,49.31361136378245,0 -116.7648290490535,49.31370602017681,0 -116.7649099216908,49.31378714203105,0 -116.7649959313818,49.31387277138866,0 -116.7651886576489,49.31403057879375,0 -116.7653985869077,49.31409846941295,0 -116.765604455186,49.31411687584337,0 -116.7657092367465,49.31414407446625,0 -116.7657989708845,49.31417124180376,0 -116.7659681631204,49.31421656007598,0 -116.7661518211539,49.31429339040676,0 -116.7663566148719,49.31435677061376,0 -116.7665257862033,49.3144065852368,0 -116.7667306016769,49.31446546737164,0 -116.7669100711368,49.31451980013206,0 -116.767038052341,49.31455154157291,0 -116.7671964539186,49.31460583118491,0 -116.767401228403,49.31467370661771,0 -116.7675120021162,49.31471395509178,0 -116.7675754974473,49.31473702351463,0 -116.7677390814457,49.31478682529338,0 -116.7679593569792,49.31485023302544,0 -116.7680919207207,49.31491346569301,0 -116.7682145079753,49.31499466824063,0 -116.7682672033641,49.31503525251518,0 -116.7683258949391,49.31508034623293,0 -116.768411914701,49.31516597282331,0 -116.7684978055341,49.31527858473773,0 -116.7685580271932,49.31536416011446,0 -116.7686131119558,49.31544522716342,0 -116.7686785138312,49.3155263152669,0 -116.7687593758317,49.31561193136507,0 -116.7689388507449,49.31566626054671,0 -116.7691282601675,49.31571161477871,0 -116.7693485211467,49.31577951872107,0 -116.7695073385007,49.31583830366499,0 -116.7696858495497,49.31591511768551,0 -116.7698286743791,49.31599186114715,0 -116.7698216510778,49.31611328371727,0 -116.7697326073914,49.31621205362755,0 -116.7696069708195,49.31631974617414,0 -116.7695433162354,49.31641407056251,0 -116.7696240527869,49.31652667125411,0 -116.7695810177994,49.3166255327668,0 -116.7694564315118,49.31669274999863,0 -116.7693725671574,49.31678703242689,0 -116.7694018103488,49.31687704236122,0 -116.7695188159816,49.31695823337736,0 -116.769672561574,49.31699901773597,0 -116.7697379894896,49.31707560689836,0 -116.7698498998483,49.31714329375053,0 -116.7699945046465,49.31711659593056,0 -116.7701533275789,49.31717537891524,0 -116.7702227170327,49.3173239383475,0 -116.7702519853426,49.31740945087971,0 -116.7702656021145,49.31753091366841,0 -116.770268470655,49.31765235479862,0 -116.7703022576668,49.31778285307683,0 -116.7703939594206,49.31785049931286,0 -116.770531671457,49.31791823587662,0 -116.7706590008879,49.31799944477884,0 -116.770714028295,49.31809400397506,0 -116.7707691171677,49.31817507025182,0 -116.770978988949,49.31826094047447,0 -116.7711987701742,49.31834233144377,0 -116.7712950782561,49.31843697082576,0 -116.7714419819054,49.31856319420729,0 -116.7715859491993,49.31858146897861,0 -116.7717809825106,49.31862233163085,0 -116.7719037970109,49.31865855520611,0 -116.7719909826886,49.31868121432867,0 -116.772174649179,49.31876253313839,0 -116.7723122826252,49.31884825818955,0 -116.7724138806206,49.31891592122803,0 -116.772541708742,49.31898363751673,0 -116.7726381880916,49.31904229571045,0 -116.7728015836198,49.31913706571742,0 -116.7729191962639,49.31918227244321,0 -116.7731492235282,49.3192816712095,0 -116.7732972024711,49.31936291774218,0 -116.7734549884251,49.3194621732985,0 -116.7735668452775,49.31954334945413,0 -116.7736936501245,49.31964704204942,0 -116.7738415895332,49.31973728320516,0 -116.773963831547,49.31980498624379,0 -116.7740917061691,49.31986370430623,0 -116.774249619899,49.31993597418304,0 -116.7744388217222,49.32003079205652,0 -116.7746172323952,49.3201345845662,0 -116.7747497774883,49.3202068038576,0 -116.7748725144119,49.3202610137772,0 -116.7750975555526,49.32032441753005,0 -116.7753447143917,49.32034738415422,0 -116.775498540127,49.32037466842664,0 -116.7756367588884,49.32042890797134,0 -116.7758364313531,49.32049226058401,0 -116.7759484186015,49.32054644794301,0 -116.776055678435,49.32060062705679,0 -116.7761783553548,49.32066832895121,0 -116.7762040947155,49.32068187078038,0 -116.7762319656903,49.3206999157156,0 -116.7762902824282,49.32073600865445,0 -116.776427930529,49.3208217292214,0 -116.7765347183039,49.32088490155608,0 -116.7767234368602,49.32099320733391,0 -116.7768513378426,49.32104742560954,0 -116.7769756990251,49.32108303812326,0 -116.7770252747852,49.32109723430142,0 -116.7772357632341,49.32114711264131,0 -116.7773999126373,49.32117441278254,0 -116.7776564557085,49.32121538415728,0 -116.7778094027654,49.32124716096713,0 -116.7778411841705,49.32125621703036,0 -116.7780202013242,49.32132402372041,0 -116.7782198581869,49.32139187070513,0 -116.7783374227935,49.32145056419972,0 -116.778464876372,49.3215092771739,0 -116.7785979224866,49.32156800045646,0 -116.7787309871587,49.32162222614637,0 -116.7788429202624,49.32168990311009,0 -116.7789501454597,49.32175307464689,0 -116.7791079290245,49.32185682045301,0 -116.7792198239948,49.32193349250478,0 -116.779336960292,49.32199218420536,0 -116.7795204878431,49.32210947142956,0 -116.7796833945358,49.3222222223717,0 -116.7797694469892,49.32230783978192,0 -116.7798813830862,49.32237551649329,0 -116.7800701558008,49.32247482170144,0 -116.780182623812,49.32252001157651,0 -116.7803311548799,49.32257876235592,0 -116.7804941682432,49.32266902328754,0 -116.7806524296739,49.32276377197722,0 -116.7807866311974,49.32286717581876,0 -116.7808045697926,49.32288099758129,0 -116.7809106361239,49.32301162875294,0 -116.7810432377893,49.32307484631428,0 -116.7812227571781,49.32312915550209,0 -116.781442639802,49.32319703517932,0 -116.7814488062743,49.32319861766694,0 -116.7816015764906,49.32323781263167,0 -116.7818115489367,49.32331017017648,0 -116.7819698551515,49.32339592237265,0 -116.7821328524218,49.32349067867654,0 -116.7822607473812,49.32354938764414,0 -116.782460421399,49.32361722668826,0 -116.7826549744447,49.32367606038596,0 -116.7827880499147,49.3237302809112,0 -116.782987725305,49.3237981198554,0 -116.7831719787889,49.32385243547091,0 -116.7833510327249,49.32391573667024,0 -116.783420475033,49.32393228332078,0 -116.7834842097575,49.32394746842525,0 -116.7837102791222,49.32397937348357,0 -116.7838588795017,49.32402462675483,0 -116.7840275942341,49.32409240512379,0 -116.7841271669108,49.32413756654132,0 -116.7841503301556,49.32415110303617,0 -116.7843344881196,49.32422790464461,0 -116.7844826589349,49.32427315640262,0 -116.7846615977874,49.32436344056293,0 -116.7847935406197,49.32448062309346,0 -116.7848636539496,49.32457520348072,0 -116.7849703230286,49.32466985034995,0 -116.7851647856163,49.32475116831682,0 -116.785276165883,49.32485032177346,0 -116.7853002844059,49.32494031873565,0 -116.7853237943695,49.32507079181033,0 -116.7853575474228,49.32521927527481,0 -116.7854895527791,49.32532296418103,0 -116.785591163563,49.32539511312871,0 -116.7856212281343,49.32540416454594,0 -116.7856263304874,49.32552802989887,0 -116.7856371629914,49.32579098734696,0 -116.7855474134455,49.32585828554129,0 -116.7855554813979,49.32597973487616,0 -116.7856622132226,49.32606088914608,0 -116.785789570732,49.32614657907242,0 -116.785787806021,49.32625451934896,0 -116.7857912237251,49.32635797012238,0 -116.7858359087082,49.32646599400343,0 -116.7859375007469,49.3265426404358,0 -116.7860751619783,49.32663284679911,0 -116.786176776367,49.3267049959472,0 -116.7863346535963,49.32679523896714,0 -116.7865286167399,49.32689454411648,0 -116.7867380637889,49.32699387601748,0 -116.7869170564842,49.32707516165086,0 -116.7870450452355,49.32711587579238,0 -116.787280338671,49.32720625882388,0 -116.7875501656877,49.3272999641537,0 -116.7875667747561,49.3273057318606,0 -116.7878283265656,49.32739166455343,0 -116.7879558271942,49.3274458685468,0 -116.7881348222296,49.32752715288484,0 -116.788282909563,49.32759488698755,0 -116.7884413398703,49.32765814227655,0 -116.7886358209076,49.32773945452899,0 -116.788713509485,49.32776759353317,0 -116.7888355007981,49.32781177929949,0 -116.7890144976048,49.32789306112773,0 -116.7892131848593,49.32799686736452,0 -116.7892465630426,49.32801161509155,0 -116.7894278230102,49.32809170681328,0 -116.7896021693292,49.32815498936784,0 -116.7897245333675,49.32820468490634,0 -116.7897429523327,49.32821317025067,0 -116.7898421466118,49.32825886969471,0 -116.7899494191319,49.32831753232009,0 -116.7901021271439,49.32841225839994,0 -116.7902242987984,49.32850692884904,0 -116.7903402549309,49.32864656338638,0 -116.7903901144375,49.32875459604049,0 -116.7904446456302,49.32887612959811,0 -116.7904687749214,49.32896612474792,0 -116.7904712184928,49.32897445137948,0 -116.790503111686,49.32908312500217,0 -116.7905565911533,49.32924963200184,0 -116.7906271915188,49.32933521318402,0 -116.7906816856213,49.32946574180436,0 -116.7906901785306,49.3295916896368,0 -116.7907189628703,49.32969968470689,0 -116.7908102286523,49.32978080511424,0 -116.7909530526024,49.32987551219401,0 -116.7910959893552,49.32994323299399,0 -116.7912337668625,49.33001094552579,0 -116.7913405376401,49.33008759656528,0 -116.7914958864808,49.33019272242737,0 -116.7915138026248,49.33020484629733,0 -116.7916446785608,49.33027704223504,0 -116.7916415409773,49.33029483234883,0 -116.7916407131051,49.33029952346656,0 -116.7917008399534,49.33042106566491,0 -116.7916986607232,49.33052900407833,0 -116.7916761487812,49.33066389219381,0 -116.7916124417997,49.33077621707816,0 -116.7915074430336,49.33088846812296,0 -116.791500493806,49.33100539314943,0 -116.7915142830679,49.33109986754501,0 -116.7914867638298,49.33119876460355,0 -116.7914184389164,49.3312840958097,0 -116.7913599508126,49.33138293724171,0 -116.7913477989534,49.33150884901563,0 -116.7913667308961,49.33160782878447,0 -116.7914367733903,49.33172489254892,0 -116.7914396963892,49.33184633309042,0 -116.7914229847847,49.33193175705711,0 -116.7914085474084,49.33196205863782,0 -116.7913587508734,49.33206656883026,0 -116.7913058903428,49.33215642621986,0 -116.7912002850979,49.33230915436094,0 -116.7910900257193,49.33244388339214,0 -116.7909803472012,49.33254263256991,0 -116.7908753244924,49.332659379939,0 -116.7907806245723,49.33277614729398,0 -116.7907117895618,49.33287946783982,0 -116.7906164660322,49.33304120881466,0 -116.7905005129225,49.33319841484514,0 -116.7903949465551,49.33334214719309,0 -116.790289816398,49.33348587870481,0 -116.7902158648386,49.33358019427434,0 -116.7901160074675,49.33369694966307,0 -116.7900650235242,49.33375082889773,0 -116.7900468823238,49.33376878603666,0 -116.7899954860136,49.33381816560515,0 -116.7899219429781,49.3339169794282,0 -116.789806600254,49.33403370703875,0 -116.789691706536,49.33414593789903,0 -116.7896027729409,49.33422223531036,0 -116.7894466409061,49.33432089890754,0 -116.7892498339485,49.33437451178401,0 -116.7890535147241,49.33441463336741,0 -116.7888933272819,49.33445481918454,0 -116.7888146970557,49.33453563252939,0 -116.7887665488123,49.33462999395092,0 -116.7887601449454,49.33471993358634,0 -116.7887997289308,49.33481895195204,0 -116.7888853584384,49.33491355656052,0 -116.7890230756812,49.33499926140593,0 -116.789233117097,49.33507160361403,0 -116.789370910213,49.33513931644872,0 -116.78948285779,49.33521597938079,0 -116.7895303961059,49.33526553822034,0 -116.7895539390439,49.33529256625956,0 -116.7896182655526,49.33544110264685,0 -116.7896420509647,49.33551310676778,0 -116.7896526905245,49.33554011143475,0 -116.7896767343879,49.33565259329551,0 -116.78968431733,49.33579203215572,0 -116.7896773140021,49.33592244842886,0 -116.7896746561467,49.33594043380578,0 -116.7896596124564,49.33603935232582,0 -116.7896222011634,49.3361382310669,0 -116.7895792144397,49.33623260178243,0 -116.7895310101878,49.33634045582643,0 -116.7894518337769,49.33644825371056,0 -116.7893364447274,49.33657397646189,0 -116.7891533492463,49.33674005339693,0 -116.7890075523053,49.33683423737715,0 -116.7888255609795,49.33694184691893,0 -116.7887164612101,49.33700461460826,0 -116.7885763874345,49.33706732569328,0 -116.7883845795082,49.33715692718572,0 -116.7882182255955,49.3372285843602,0 -116.7880517197882,49.33733622145424,0 -116.7879982713128,49.33746205576244,0 -116.7879861962954,49.33756997558336,0 -116.787953549732,49.33765986695629,0 -116.7878794136336,49.3377946583564,0 -116.7878209568993,49.33788450243885,0 -116.7877731765712,49.33799235594134,0 -116.7877239134733,49.33814518295519,0 -116.7876377966005,49.33836540622075,0 -116.7876101963188,49.33848229236663,0 -116.7875923555694,49.33863067839646,0 -116.7875901166501,49.33875210934971,0 -116.7875935849399,49.33884656444764,0 -116.7875969566889,49.33896350614997,0 -116.7875946223941,49.33910742466493,0 -116.7875820397937,49.33923333320149,0 -116.7875648002741,49.33934124242467,0 -116.7875474851989,49.33946714305817,0 -116.7875297593735,49.3395885441836,0 -116.7875125207848,49.33969645435021,0 -116.7874952822943,49.33980436360442,0 -116.7874826803148,49.33993477007579,0 -116.7874596563432,49.34008764446063,0 -116.7873948462317,49.34025393538479,0 -116.7873666785597,49.34040230323011,0 -116.7873958810569,49.34051479583084,0 -116.7874040046333,49.34062724983068,0 -116.7873975783641,49.34072168665124,0 -116.7873494221696,49.34081604668604,0 -116.7873006245015,49.34095988014177,0 -116.7873402294546,49.34105440094044,0 -116.7873947565527,49.341180431678,0 -116.787489437347,49.34137400009155,0 -116.7875439086617,49.34151352400216,0 -116.7875979491724,49.34165304723023,0 -116.7875962366313,49.34175199072882,0 -116.7875950117677,49.34183744153713,0 -116.7875972550775,49.34201734876936,0 -116.7876254841513,49.34215682459138,0 -116.7876644110698,49.34230981268263,0 -116.7877035678804,49.34240883059273,0 -116.7877425342449,49.34255282348752,0 -116.7877242045172,49.34271470218774,0 -116.7877006345899,49.34289456091611,0 -116.7876777063909,49.34302494819067,0 -116.78765986393,49.34317333411673,0 -116.7876524236467,49.34330375009566,0 -116.7876453943798,49.34343866371943,0 -116.7875806003443,49.34360045687863,0 -116.7874847496161,49.34378018334817,0 -116.787437040142,49.34387004735088,0 -116.7873629139065,49.34400034111418,0 -116.787314755597,49.34409470078819,0 -116.7872079554684,49.34431938350148,0 -116.7871596413319,49.34444972441194,0 -116.7871206188177,49.34462055862726,0 -116.7871745281871,49.34479156493994,0 -116.7872245000673,49.34487710960278,0 -116.7872641469283,49.34496263658266,0 -116.7872985347011,49.34507064068028,0 -116.7873323959579,49.34520113153955,0 -116.7873410669964,49.34528660093832,0 -116.7873542189255,49.34543054767374,0 -116.7873571228758,49.34555648380254,0 -116.7873548439509,49.34568690856317,0 -116.7873483979443,49.3457858427053,0 -116.7873410518733,49.34589377076092,0 -116.7873237714383,49.3460106749454,0 -116.7873065122256,49.34612308308896,0 -116.7872945112939,49.34621301220587,0 -116.7872771929158,49.34633891150376,0 -116.7872651702007,49.34643333838866,0 -116.7872221138211,49.34654120003956,0 -116.7871945854354,49.34664009632527,0 -116.7871663753323,49.34679745876592,0 -116.7871802089115,49.34688293814151,0 -116.7872146166844,49.34698644481843,0 -116.787181943036,49.34708083272343,0 -116.7871077528827,49.34722461876368,0 -116.7870750221395,49.34733249979377,0 -116.787031379548,49.34747634100805,0 -116.7870032262967,49.34762021103387,0 -116.7869751495881,49.34774609171569,0 -116.7869417942015,49.34789894652935,0 -116.7868981330462,49.34804728570793,0 -116.7868751229241,49.3481956628879,0 -116.7869038803303,49.3483126518212,0 -116.7869377236904,49.34844764108496,0 -116.7869308655531,49.34854207626304,0 -116.7869141301776,49.34863199623808,0 -116.7868814733813,49.34872188758668,0 -116.7868368659871,49.34878926908569,0 -116.7867866455048,49.34886113776199,0 -116.7867171843993,49.34900493193332,0 -116.7866895766408,49.34912181699602,0 -116.7866667395418,49.34922971657256,0 -116.7866545623277,49.34936012251715,0 -116.7866367906443,49.34949051939677,0 -116.7865988361386,49.34961188275285,0 -116.7865604892602,49.34972425132172,0 -116.7865380433769,49.34984114730907,0 -116.7864937925297,49.35002546452976,0 -116.7864914917555,49.35016038730312,0 -116.786509846122,49.35029534751204,0 -116.7865534118476,49.35047083184454,0 -116.7866396100599,49.3505384530748,0 -116.7867618960799,49.35061963444173,0 -116.7868743996204,49.35067381134799,0 -116.7870633222582,49.35076860582595,0 -116.7871912980642,49.35082731013627,0 -116.7873751154258,49.35090860165484,0 -116.7875851827655,49.35098994266831,0 -116.7877179888724,49.3510261660767,0 -116.787754524615,49.35103522744609,0 -116.7879299882405,49.35109162450701,0 -116.7880359830695,49.35112569312219,0 -116.78818412785,49.35119792487469,0 -116.7883626698029,49.35130619143319,0 -116.7885255877543,49.3514459121327,0 -116.7886066274171,49.35151352248657,0 -116.7887691557567,49.35164424728188,0 -116.7889890091467,49.35175258922882,0 -116.7891526859619,49.35181585216498,0 -116.7892755602778,49.35186105074443,0 -116.7894076351435,49.35196923176239,0 -116.7895546561446,49.35210442465253,0 -116.7896257831563,49.35217651345803,0 -116.7897268770373,49.35228463884896,0 -116.7898996991873,49.35242437597282,0 -116.7899807425676,49.35249198519871,0 -116.7901178900693,49.35262266155917,0 -116.7902040772865,49.35269477850006,0 -116.7903206082176,49.35281642283284,0 -116.7904319949975,49.35293355990792,0 -116.7905639814851,49.35306422738936,0 -116.7906954990658,49.35320388903957,0 -116.7908074314099,49.35329404113828,0 -116.7909143144828,49.35335719899579,0 -116.791128454304,49.35349700871594,0 -116.7912357865449,49.35355566963764,0 -116.791342689178,49.35361432995334,0 -116.7914660186423,49.35365502932441,0 -116.7916602194,49.35372733907409,0 -116.7918140278763,49.3537860839677,0 -116.7919678737229,49.35383583266775,0 -116.7921574909959,49.35387215186807,0 -116.7922700085686,49.35392632379273,0 -116.792356632631,49.35399844037826,0 -116.7924578118187,49.35408857199968,0 -116.7925806573421,49.35414276162911,0 -116.7927448321031,49.35419252812376,0 -116.7929240315373,49.35425131506054,0 -116.7930934476863,49.35428310111759,0 -116.7932576615894,49.35432387097677,0 -116.7933857646488,49.35435558243567,0 -116.7935912534724,49.3544054206935,0 -116.793807106327,49.35444628140495,0 -116.7940535121346,49.35448719678568,0 -116.7942327517391,49.35453698836155,0 -116.7943865649812,49.35459572851811,0 -116.7945088723842,49.35467690129564,0 -116.7946410398901,49.35476708623094,0 -116.7947845077849,49.35483030493352,0 -116.7949894951691,49.35489812991516,0 -116.7951738814542,49.35495242666464,0 -116.7953122982026,49.35498865080092,0 -116.7954459812465,49.35502486724835,0 -116.7956096948601,49.35508362379771,0 -116.7957578253156,49.3551648395802,0 -116.7958744113704,49.35527748409118,0 -116.7959244285591,49.35535852631288,0 -116.7959435553395,49.35539403970736,0 -116.7961277886725,49.35577730194678,0 -116.7961304096594,49.35578987488543,0 -116.7961713547102,49.35598633868922,0 -116.796223949931,49.3561605654164,0 -116.7962767624302,49.35628255163531,0 -116.796444611479,49.35652082928739,0 -116.7966739229697,49.35693915320899,0 -116.796841202642,49.35731673487316,0 -116.7969569372307,49.35762942232953,0 -116.797008249444,49.35772163686318,0 -116.7970990062292,49.3578387316515,0 -116.797169647654,49.35792880678511,0 -116.7972506340865,49.35801440048254,0 -116.7973523355609,49.35808653853907,0 -116.7974647757452,49.35816319326307,0 -116.7976279439393,49.3582534286811,0 -116.7978271891213,49.35836171703555,0 -116.7979599116391,49.35842491384543,0 -116.798077590454,49.35848358584428,0 -116.79825575043,49.35859183687528,0 -116.7984245170102,49.35868208036397,0 -116.7985215216453,49.35874521473972,0 -116.7986490466433,49.35881739694762,0 -116.798756399197,49.35887605071872,0 -116.7988885499531,49.35897522568749,0 -116.7990309380489,49.35909690563557,0 -116.79910163837,49.35917348638046,0 -116.7992181882771,49.35929961856265,0 -116.7992888702504,49.35938069610212,0 -116.7993801568641,49.3594753032115,0 -116.7994611881649,49.35955190028707,0 -116.7995422180132,49.35962849896116,0 -116.7996283036046,49.35973209101694,0 -116.7996679476924,49.35982660810544,0 -116.7997173628111,49.35995262375628,0 -116.7997403981743,49.36011007799318,0 -116.7997226401067,49.36024497275669,0 -116.7997021943487,49.36029890878352,0 -116.7996847989041,49.3603438535044,0 -116.7996210249199,49.36046967533014,0 -116.7995210659807,49.36060442861321,0 -116.7994372099223,49.36069423461273,0 -116.7992747535913,49.36085136841004,0 -116.7991748460212,49.36097262837425,0 -116.7991416270818,49.36109850166208,0 -116.7991703656574,49.36122898032657,0 -116.7992931627572,49.36130115315235,0 -116.7994259148321,49.36135985006823,0 -116.7996056694828,49.36139614156598,0 -116.7998055596505,49.36145495364226,0 -116.799917601205,49.36152710715395,0 -116.8000093747043,49.36160822175597,0 -116.8000143631078,49.36161265946346,0 -116.8000999777594,49.36168883595973,0 -116.8001157305477,49.36170285256477,0 -116.8003093083452,49.36183361498008,0 -116.8004322551135,49.36186980613297,0 -116.8005706584282,49.36191501969223,0 -116.8006888156767,49.36196469504137,0 -116.8008623482968,49.36205044606708,0 -116.8009129905778,49.36208651290756,0 -116.8010507113797,49.36219469035667,0 -116.8011415759935,49.36228929411878,0 -116.8012643965674,49.36235696666435,0 -116.8013821079688,49.3624111395901,0 -116.8015407430925,49.36245638592001,0 -116.8016842774278,49.36251060145257,0 -116.8018577601521,49.36260984358668,0 -116.8019899079565,49.36271351190999,0 -116.802086908386,49.36278114063679,0 -116.8021885887683,49.36286226913781,0 -116.8023155921856,49.36296143154937,0 -116.8024683825003,49.36306963225846,0 -116.8026619365582,49.36320938503793,0 -116.8028353704948,49.36332211826208,0 -116.8029732784545,49.36338531787527,0 -116.8031989705663,49.36345316385636,0 -116.8033885623937,49.3635074541912,0 -116.8035114424294,49.3635616330924,0 -116.8036239937406,49.36361579397815,0 -116.8038077979947,49.36371954783921,0 -116.8039915470018,49.36383679478206,0 -116.8040984334852,49.36390893500341,0 -116.8042052843266,49.36399007083261,0 -116.8043017706503,49.36408018356748,0 -116.8045190112261,49.36432791414004,0 -116.8047798901101,49.36431486076059,0 -116.8052107983739,49.36429759415019,0 -116.8052392210051,49.36429314384567,0 -116.8102478881998,49.36429243900304,0 -116.8134867276616,49.36428868972825,0 -116.8191412157948,49.36427917895504,0 -116.822390311484,49.3642735881712,0 -116.8244381114808,49.36427001185749,0 -116.8281214971501,49.36426347954914,0 -116.8303895261293,49.36425939660373,0 -116.8321917272856,49.36425611620454,0 -116.8337307833595,49.36425329195821,0 -116.8412895252508,49.36423909371378,0 -116.8425670575503,49.36423664600618,0 -116.8446365052994,49.3642326487284,0 -116.8463527793723,49.36422930610455,0 -116.8482112578607,49.36422565035119,0 -116.8603713875194,49.36420094068337,0 -116.8658390960514,49.36418938448266,0 -116.8728887420738,49.36417407773467,0 -116.8773594987978,49.36416413247314,0 -116.8780716280757,49.36416253173648,0 -116.8863526795792,49.36414354318279,0 -116.8870245750507,49.36414197620101,0 -116.891756297147,49.36413083252835,0 -116.8962785920258,49.36412000213002,0 -116.8963266889477,49.36412004377294,0 -116.8969362984462,49.36412057689373,0 -116.897785348002,49.36412131234014,0 -116.9017980488615,49.36412469800497,0 -116.905860312501,49.3641279835937,0 -116.9061376075824,49.36412820116383,0 -116.9064635333152,49.36412845670431,0 -116.9069109735774,49.36412880588639,0 -116.9072936872289,49.36412910426672,0 -116.9072901629178,49.36600331472062,0 -116.9072868254737,49.36777847302355,0 -116.9072840186757,49.36926995411319,0 -116.907280188868,49.37130688429584,0 -116.9072796953477,49.37156886962025,0 -116.9072757147747,49.37368508062796,0 -116.9072750804962,49.37402253832369,0 -116.9072657894889,49.37896057716345,0 -116.9072596352565,49.38223213236748,0 -116.9072565857555,49.38385231117031,0 -116.9072561657766,49.38407565305022,0 -116.9072528382793,49.38584307806845,0 -116.9115829968116,49.38584647219245,0 -116.9127965991334,49.38584739239842,0 -116.9127956458729,49.38638638310352,0 -116.9127901918845,49.38946787925501,0 -116.9155678412212,49.38946994844751,0 -116.918206119657,49.38947184408119,0 -116.9221616949227,49.38947457316029,0 -116.9232447889641,49.38947529484609,0 -116.9238195549197,49.3894756728393,0 -116.9238343494253,49.38947568221693,0 -116.9238781012727,49.38947571153646,0 -116.9238772579552,49.39002189700098,0 -116.9238763287702,49.39062298897525,0 -116.9238669330671,49.39670232606075,0 -116.9238669181451,49.39671218399143,0 -116.9244257964368,49.39671255422795,0 -116.9313175012421,49.39671688210849,0 -116.9314671687017,49.39671697071427,0 -116.9333665930728,49.39671808429083,0 -116.9362131723769,49.39671968928041,0 -116.9368846221114,49.39672005820423,0 -116.9390384202805,49.39672120676435,0 -116.9392631330632,49.39672132414923,0 -116.9408804472983,49.39672215657495,0 -116.9447074131219,49.39672403698888,0 -116.9447132405027,49.39672403972088,0 -116.9460468716569,49.3967246609561,0 -116.9460460965918,49.39743192348067,0 -116.946043654346,49.39966036848967,0 -116.9460435492329,49.39975671989828,0 -116.9460432753293,49.40000631806186,0 -116.9460429372186,49.40031530448564,0 -116.946042904155,49.40034514464121,0 -116.9482569402883,49.40034615722875,0 -116.9502619834233,49.40034703799779,0 -116.9506229698519,49.40034719239804,0 -116.9515878722881,49.40034759948514,0 -116.9515856328274,49.40262453790787,0 -116.9515851647855,49.40310109805562,0 -116.9515818465301,49.40647601761582,0 -116.9515783643185,49.41001596273086,0 -116.9515771954783,49.41120453863843,0 -116.954219289452,49.41120561609572,0 -116.9570671692271,49.41120670723681,0 -116.9571238175119,49.41120672782858,0 -116.95712348807,49.41158536639337,0 -116.9571233773197,49.41171314492303,0 -116.9571227453322,49.4124368613743,0 -116.9571227398744,49.41244292815919,0 -116.9571223370206,49.41290548971124,0 -116.957739474467,49.41248111445176,0 -116.9580736070208,49.4122513433726,0 -116.9596150918418,49.41119127380366,0 -116.9600026300222,49.41124794137164,0 -116.9601796151771,49.41079772411267,0 -116.9605407041456,49.40987914900492,0 -116.9608585536602,49.40907054329092,0 -116.9613877239357,49.40772426606216,0 -116.9616403010403,49.40708164867421,0 -116.9616607787123,49.40702955065682,0 -116.9625259193137,49.40716421082301,0 -116.9641772646497,49.40742122364702,0 -116.9660742194587,49.40771642772443,0 -116.9674755745077,49.40793448318329,0 -116.9666520040529,49.41052553922118,0 -116.9661372779627,49.41214477633455,0 -116.9663070028696,49.41216958346973,0 -116.9663842408272,49.41218087235822,0 -116.9668256826179,49.41224539239923,0 -116.9633688666915,49.41465110453593,0 -116.9631192694956,49.41482479263993,0 -116.9635158139021,49.41482491920024,0 -116.9644824580198,49.41482521964105,0 -116.965343649133,49.41482548143235,0 -116.9654907672515,49.41482552570839,0 -116.9662321806807,49.41482574509376,0 -116.96661645632,49.41482585686543,0 -116.967016563211,49.41482597170477,0 -116.9680382549629,49.41482625642715,0 -116.9704265073554,49.41482688601539,0 -116.9707939854764,49.41482697880596,0 -116.9725367071795,49.41482739912072,0 -116.9737613267095,49.41482767875101,0 -116.9737600866068,49.41715240235513,0 -116.9737581129509,49.42085527127838,0 -116.9737572782364,49.42242021396761,0 -116.9737562595135,49.42433146297624,0 -116.9737539254287,49.4287049453625,0 -116.9737538521645,49.42884286807935,0 -116.9737535730481,49.42936519320398,0 -116.9737534938442,49.42951373872677,0 -116.9737534384262,49.42961989134497,0 -116.9737524006655,49.43156356654672,0 -116.9737518119732,49.43266618427745,0 -116.9737496930555,49.43663781341908,0 -116.9737492791322,49.43741356141137,0 -116.9737485581566,49.43876452559738,0 -116.9737481793237,49.43947391193132,0 -116.9737475477323,49.44065592692021,0 -116.9737472894435,49.44114143387398,0 -116.9737471779165,49.4413490120434,0 -116.9737579991277,49.44197831050172,0 -116.9737468446694,49.44197274411151,0 -116.9737463184404,49.44295918048064,0 -116.9737458799789,49.44378240391694,0 -116.974682323993,49.44378261361401,0 -116.976266447024,49.443782950714,0 -116.9790207386044,49.44378348107514,0 -116.9792961766852,49.44378353082765,0 -116.979296084521,49.44400002910626,0 -116.9792958409349,49.44457958130958,0 -116.9795187032067,49.44461560076837,0 -116.9809191853167,49.44502061126285,0 -116.981511101256,49.44498472792358,0 -116.9820727905766,49.44508376092516,0 -116.9826962670394,49.44462500794425,0 -116.9828468556846,49.4445142041025,0 -116.9838633486889,49.44450385197667,0 -116.9845297291099,49.44481426797489,0 -116.9850045496528,49.44492752733597,0 -116.9855940601899,49.44506813995379,0 -116.9862087501926,49.44521475422437,0 -116.9873417472629,49.4449945081283,0 -116.9881219924961,49.44519697670449,0 -116.9897881581153,49.44543550114129,0 -116.9914013632724,49.44538166252267,0 -116.9921028191435,49.4453582884876,0 -116.992748142541,49.44533678056978,0 -116.9928740097866,49.44531122814889,0 -116.993462155147,49.44519182397974,0 -116.993700985455,49.44514333609188,0 -116.9939440586493,49.44509398657573,0 -116.9944705784916,49.44475207827033,0 -116.9948235661365,49.44452285179941,0 -116.9948516273987,49.44414956382386,0 -116.9952959896994,49.44423701649735,0 
							</coordinates>
						</LinearRing>
					</outerBoundaryIs>
				</Polygon>
			</MultiGeometry>
		</Placemark>
	</Folder>
</Document>
</kml>
