<?xml version="1.0" encoding="UTF-8"?>
<kml xmlns="http://www.opengis.net/kml/2.2">
    <Document>
        <name>pdd_UG_vcs_006</name>
        <description>Created: 2013-02-09</description>
        <Style id="pointStyle">
            <IconStyle>
                <scale>0.35</scale>
                <Icon>
                    <href>http://tist.org/geImages/greenDot.png</href>
                </Icon>
            </IconStyle>
        </Style>
        <Style id="trackStyle1">
            <LineStyle>
                <color>7fff0000</color>
                <width>4</width>
            </LineStyle>
        </Style>
        <Style id="trackStyle2">
            <LineStyle>
                <color>7f00ffff</color>
                <width>4</width>
            </LineStyle>
        </Style>
        <Style id="trackStyle3">
            <LineStyle>
                <color>7f00ff00</color>
                <width>4</width>
            </LineStyle>
        </Style>
        <Folder>
            <name>Center Points</name>
            <Placemark>
                <name>2006UG106-Monday</name>
                <description></description>
                <styleUrl>#pointStyle</styleUrl>
                <Point>
                    <coordinates>30.131300,-1.229400</coordinates>
                </Point>
            </Placemark>
            <Placemark>
                <name>2006UG38-Kenedy 03</name>
                <description></description>
                <styleUrl>#pointStyle</styleUrl>
                <Point>
                    <coordinates>30.112800,-1.201700</coordinates>
                </Point>
            </Placemark>
            <Placemark>
                <name>2006UG383-Euzobius O 01.......</name>
                <description></description>
                <styleUrl>#pointStyle</styleUrl>
                <Point>
                    <coordinates>29.877900,-1.032900</coordinates>
                </Point>
            </Placemark>
            <Placemark>
                <name>2006UG384-Begumisa 01</name>
                <description></description>
                <styleUrl>#pointStyle</styleUrl>
                <Point>
                    <coordinates>29.851855,-1.020071</coordinates>
                </Point>
            </Placemark>
            <Placemark>
                <name>2006UG384-Kyasimire p</name>
                <description></description>
                <styleUrl>#pointStyle</styleUrl>
                <Point>
                    <coordinates>29.853218,-1.023397</coordinates>
                </Point>
            </Placemark>
            <Placemark>
                <name>2006UG399-Byamukama  kened 01</name>
                <description></description>
                <styleUrl>#pointStyle</styleUrl>
                <Point>
                    <coordinates>29.855200,-1.021100</coordinates>
                </Point>
            </Placemark>
            <Placemark>
                <name>2006UG400-Turinawe peter 01</name>
                <description></description>
                <styleUrl>#pointStyle</styleUrl>
                <Point>
                    <coordinates>29.818700,-0.963900</coordinates>
                </Point>
            </Placemark>
            <Placemark>
                <name>2006UG405-Evalyne 01</name>
                <description></description>
                <styleUrl>#pointStyle</styleUrl>
                <Point>
                    <coordinates>29.871797,-1.053108</coordinates>
                </Point>
            </Placemark>
            <Placemark>
                <name>2006UG405-Twinamasiko martin</name>
                <description></description>
                <styleUrl>#pointStyle</styleUrl>
                <Point>
                    <coordinates>29.863756,-1.034666</coordinates>
                </Point>
            </Placemark>
            <Placemark>
                <name>2006UG41-Akwasa Fred</name>
                <description></description>
                <styleUrl>#pointStyle</styleUrl>
                <Point>
                    <coordinates>30.103720,-1.274622</coordinates>
                </Point>
            </Placemark>
            <Placemark>
                <name>2006UG95-NasiimaM01</name>
                <description></description>
                <styleUrl>#pointStyle</styleUrl>
                <Point>
                    <coordinates>29.857400,-0.961000</coordinates>
                </Point>
            </Placemark>
            <Placemark>
                <name>2007UG200-Mushuti A</name>
                <description></description>
                <styleUrl>#pointStyle</styleUrl>
                <Point>
                    <coordinates>29.677200,-0.972900</coordinates>
                </Point>
            </Placemark>
            <Placemark>
                <name>2007UG279-Ndangizi 01</name>
                <description></description>
                <styleUrl>#pointStyle</styleUrl>
                <Point>
                    <coordinates>29.777600,-1.042700</coordinates>
                </Point>
            </Placemark>
            <Placemark>
                <name>2008UG140-Munono 01</name>
                <description></description>
                <styleUrl>#pointStyle</styleUrl>
                <Point>
                    <coordinates>30.067293,-1.311262</coordinates>
                </Point>
            </Placemark>
            <Placemark>
                <name>2008UG224-RogersT 02</name>
                <description></description>
                <styleUrl>#pointStyle</styleUrl>
                <Point>
                    <coordinates>29.887470,-1.020241</coordinates>
                </Point>
            </Placemark>
            <Placemark>
                <name>2009UG118-Byensi Edmund</name>
                <description></description>
                <styleUrl>#pointStyle</styleUrl>
                <Point>
                    <coordinates>29.859733,-1.050355</coordinates>
                </Point>
            </Placemark>
            <Placemark>
                <name>2010UG132-Matsiko-01</name>
                <description></description>
                <styleUrl>#pointStyle</styleUrl>
                <Point>
                    <coordinates>29.855832,-1.027735</coordinates>
                </Point>
            </Placemark>
            <Placemark>
                <name>2010UG132-Mercy K</name>
                <description></description>
                <styleUrl>#pointStyle</styleUrl>
                <Point>
                    <coordinates>29.859900,-1.028000</coordinates>
                </Point>
            </Placemark>
            <Placemark>
                <name>2010UG138-Geofrey 02</name>
                <description></description>
                <styleUrl>#pointStyle</styleUrl>
                <Point>
                    <coordinates>29.888000,-1.022500</coordinates>
                </Point>
            </Placemark>
            <Placemark>
                <name>2010UG162-George K</name>
                <description></description>
                <styleUrl>#pointStyle</styleUrl>
                <Point>
                    <coordinates>29.857161,-1.054973</coordinates>
                </Point>
            </Placemark>
        </Folder>
        <Folder>
            <name>Tracks 1</name>
            <Placemark>
                <name>2006UG106-Monday</name>
                <styleUrl>#trackStyle1</styleUrl>
                <LineString>
                    <coordinates>30.1298833330,-1.2283933330
30.1298933330,-1.2283983330
30.1298733330,-1.2284033330
30.1298716670,-1.2283983330
30.1298833330,-1.2283683330
30.1298883330,-1.2283483330
30.1298916670,-1.2283266670
30.1299000000,-1.2283050000
30.1299133330,-1.2282850000
30.1299250000,-1.2282650000
30.1299416670,-1.2282416670
30.1299583330,-1.2282200000
30.1299916670,-1.2281833330
30.1300033330,-1.2281650000
30.1300166670,-1.2281483330
30.1300316670,-1.2281333330
30.1300633330,-1.2281000000
30.1300800000,-1.2280816670
30.1300950000,-1.2280650000
30.1301133330,-1.2280466670
30.1301316670,-1.2280300000
30.1301516670,-1.2280150000
30.1301866670,-1.2279883330
30.1301966670,-1.2279816670
30.1302000000,-1.2279700000
30.1302100000,-1.2279416670
30.1302133330,-1.2279300000
30.1302116670,-1.2279233330
30.1301983330,-1.2279150000
30.1301900000,-1.2279083330
30.1301766670,-1.2279000000
30.1301716670,-1.2278966670
30.1301633330,-1.2278883330
30.1301550000,-1.2278733330
30.1301383330,-1.2278516670
30.1303500000,-1.2275416670
30.1303533330,-1.2275416670
30.1303583330,-1.2275450000
30.1303650000,-1.2275483330
30.1303783330,-1.2275516670
30.1303950000,-1.2275550000
30.1304100000,-1.2275583330
30.1304233330,-1.2275616670
30.1304366670,-1.2275666670
30.1304483330,-1.2275683330
30.1304566670,-1.2275716670
30.1304750000,-1.2275766670
30.1305700000,-1.2275766670
30.1305700000,-1.2275700000
30.1305700000,-1.2275533330
30.1305683330,-1.2275233330
30.1305650000,-1.2274916670
30.1305633330,-1.2274683330
30.1305583330,-1.2274100000
30.1305566670,-1.2273866670
30.1305550000,-1.2273750000
30.1305550000,-1.2273633330
30.1305533330,-1.2273516670
30.1305516670,-1.2273400000
30.1305516670,-1.2273183330
30.1305533330,-1.2273066670
30.1305400000,-1.2267583330
30.1305416670,-1.2267533330
30.1305416670,-1.2267450000
30.1305366670,-1.2267250000
30.1305333330,-1.2267100000
30.1305316670,-1.2266866670
30.1305316670,-1.2266533330
30.1305316670,-1.2266433330
30.1305333330,-1.2266183330
30.1305350000,-1.2265966670
30.1305350000,-1.2265783330
30.1305683330,-1.2261616670
30.1305700000,-1.2261616670
30.1305750000,-1.2261600000
30.1306016670,-1.2261616670
30.1306100000,-1.2261633330
30.1306150000,-1.2261633330
30.1306216670,-1.2261633330
30.1306283330,-1.2261650000
30.1306333330,-1.2261666670
30.1306383330,-1.2261700000
30.1306433330,-1.2261733330
30.1306500000,-1.2261733330
30.1306633330,-1.2261750000
30.1306883330,-1.2261800000
30.1306950000,-1.2261816670
30.1307016670,-1.2261833330
30.1307066670,-1.2261833330
30.1307133330,-1.2261850000
30.1307200000,-1.2261850000
30.1307283330,-1.2261850000
30.1307283330,-1.2261816670
30.1307233330,-1.2261733330
30.1307250000,-1.2261633330
30.1307250000,-1.2261550000
30.1307250000,-1.2261466670
30.1307350000,-1.2261166670
30.1307383330,-1.2260983330
30.1307433330,-1.2260933330
30.1307500000,-1.2260900000
30.1307583330,-1.2260900000
30.1307683330,-1.2260900000
30.1307766670,-1.2260916670
30.1307850000,-1.2260916670
30.1308050000,-1.2260933330
30.1308333330,-1.2260933330
30.1308383330,-1.2260916670
30.1308450000,-1.2260933330
30.1308516670,-1.2260933330
30.1308583330,-1.2260933330
30.1308650000,-1.2260933330
30.1308700000,-1.2260966670
30.1308566670,-1.2262000000
30.1308583330,-1.2262016670
30.1308633330,-1.2262016670
30.1308733330,-1.2262050000
30.1308850000,-1.2262083330
30.1308983330,-1.2262116670
30.1309083330,-1.2262150000
30.1309200000,-1.2262200000
30.1309366670,-1.2262250000
30.1309516670,-1.2262283330
30.1309916670,-1.2262416670
30.1309983330,-1.2262450000
30.1310133330,-1.2262500000
30.1310250000,-1.2262550000
30.1310300000,-1.2262566670
30.1310350000,-1.2262600000
30.1310416670,-1.2262616670
30.1313866670,-1.2263800000
30.1313900000,-1.2263800000
30.1318716670,-1.2265216670
30.1318700000,-1.2265233330
30.1318683330,-1.2265216670
30.1318650000,-1.2265233330
30.1318566670,-1.2265266670
30.1318500000,-1.2265316670
30.1318433330,-1.2265366670
30.1318283330,-1.2265500000
30.1318183330,-1.2265683330
30.1317150000,-1.2269000000
30.1317200000,-1.2269050000
30.1317233330,-1.2269300000
30.1317250000,-1.2269416670
30.1317266670,-1.2269533330
30.1317300000,-1.2269766670
30.1317383330,-1.2269966670
30.1317400000,-1.2270066670
30.1317416670,-1.2270150000
30.1317433330,-1.2270216670
30.1317450000,-1.2270283330
30.1317833330,-1.2272150000
30.1317983330,-1.2272216670
30.1318016670,-1.2272216670
30.1318033330,-1.2272183330
30.1318066670,-1.2272166670
30.1318133330,-1.2272166670
30.1318200000,-1.2272183330
30.1318266670,-1.2272183330
30.1318416670,-1.2272166670
30.1318600000,-1.2272200000
30.1318666670,-1.2272200000
30.1320450000,-1.2272083330
30.1320466670,-1.2272083330
30.1320450000,-1.2272083330
30.1320416670,-1.2271933330
30.1320400000,-1.2271866670
30.1320433330,-1.2271716670
30.1320450000,-1.2271633330
30.1320416670,-1.2271466670
30.1320400000,-1.2271383330
30.1320383330,-1.2271283330
30.1320350000,-1.2271183330
30.1320316670,-1.2271083330
30.1320283330,-1.2270916670
30.1320250000,-1.2270750000
30.1320233330,-1.2270666670
30.1320200000,-1.2270600000
30.1320166670,-1.2270566670
30.1320016670,-1.2270550000
30.1319983330,-1.2270500000
30.1319950000,-1.2270433330
30.1319933330,-1.2270383330
30.1319916670,-1.2270316670
30.1319933330,-1.2270166670
30.1320400000,-1.2268316670
30.1320416670,-1.2268316670
30.1320550000,-1.2268383330
30.1320633330,-1.2268416670
30.1320750000,-1.2268483330
30.1320966670,-1.2268600000
30.1321200000,-1.2268716670
30.1321366670,-1.2268800000
30.1321450000,-1.2268850000
30.1321550000,-1.2268900000
30.1321750000,-1.2269000000
30.1321933330,-1.2269100000
30.1322033330,-1.2269150000
30.1322266670,-1.2269233330
30.1322350000,-1.2269283330
30.1322433330,-1.2269316670
30.1322500000,-1.2269350000
30.1324916670,-1.2270366670
30.1324900000,-1.2270450000
30.1324916670,-1.2270450000
30.1324900000,-1.2270466670
30.1323833330,-1.2273100000
30.1323833330,-1.2273116670
30.1323900000,-1.2273133330
30.1323933330,-1.2273116670
30.1323983330,-1.2273116670
30.1324066670,-1.2273116670
30.1324383330,-1.2273166670
30.1324483330,-1.2273183330
30.1324583330,-1.2273200000
30.1324766670,-1.2273216670
30.1324850000,-1.2273233330
30.1324950000,-1.2273250000
30.1325116670,-1.2273300000
30.1325333330,-1.2273366670
30.1325433330,-1.2273400000
30.1325516670,-1.2273450000
30.1325700000,-1.2273516670
30.1325866670,-1.2273616670
30.1325950000,-1.2273650000
30.1326200000,-1.2273750000
30.1326283330,-1.2273816670
30.1326383330,-1.2273850000
30.1326566670,-1.2273983330
30.1326700000,-1.2274083330
30.1326700000,-1.2274100000
30.1326666670,-1.2274116670
30.1326633330,-1.2274183330
30.1325450000,-1.2276700000
30.1325450000,-1.2276716670
30.1325483330,-1.2276733330
30.1325466670,-1.2276733330
30.1325416670,-1.2276783330
30.1325383330,-1.2276833330
30.1325350000,-1.2276866670
30.1325233330,-1.2276933330
30.1325100000,-1.2276933330
30.1325083330,-1.2276933330
30.1324383330,-1.2280416670
30.1324383330,-1.2280450000
30.1324333330,-1.2280566670
30.1324333330,-1.2280633330
30.1323800000,-1.2283316670
30.1323816670,-1.2283333330
30.1323816670,-1.2283350000
30.1323816670,-1.2283383330
30.1323900000,-1.2283433330
30.1323966670,-1.2283450000
30.1324033330,-1.2283483330
30.1324133330,-1.2283533330
30.1324200000,-1.2283550000
30.1324266670,-1.2283583330
30.1324350000,-1.2283633330
30.1324616670,-1.2283783330
30.1324666670,-1.2283816670
30.1324800000,-1.2283850000
30.1324866670,-1.2283866670
30.1324933330,-1.2283900000
30.1324966670,-1.2284050000
30.1324966670,-1.2284150000
30.1324966670,-1.2284250000
30.1324966670,-1.2284483330
30.1324950000,-1.2284666670
30.1324933330,-1.2284766670
30.1324933330,-1.2284866670
30.1324933330,-1.2285050000
30.1324916670,-1.2285166670
30.1324550000,-1.2286733330
30.1324583330,-1.2286783330
30.1324600000,-1.2286816670
30.1324650000,-1.2286833330
30.1324800000,-1.2286900000
30.1324883330,-1.2286933330
30.1324950000,-1.2286950000
30.1325150000,-1.2287050000
30.1325350000,-1.2287216670
30.1325433330,-1.2287266670
30.1325516670,-1.2287316670
30.1325650000,-1.2287433330
30.1325733330,-1.2287483330
30.1325800000,-1.2287533330
30.1325883330,-1.2287566670
30.1325950000,-1.2287600000
30.1326100000,-1.2287666670
30.1326183330,-1.2287700000
30.1326266670,-1.2287750000
30.1326416670,-1.2287783330
30.1326500000,-1.2287833330
30.1326566670,-1.2287900000
30.1326700000,-1.2288016670
30.1326750000,-1.2288066670
30.1326966670,-1.2288216670
30.1327133330,-1.2288316670
30.1327283330,-1.2288400000
30.1327333330,-1.2288433330
30.1327383330,-1.2288500000
30.1327516670,-1.2288600000
30.1327566670,-1.2288633330
30.1327616670,-1.2288650000
30.1327666670,-1.2288716670
30.1327700000,-1.2288750000
30.1327733330,-1.2288766670
30.1327766670,-1.2288716670
30.1327783330,-1.2288650000
30.1327800000,-1.2288600000
30.1329200000,-1.2285166670
30.1329233330,-1.2285200000
30.1329250000,-1.2285200000
30.1329266670,-1.2285216670
30.1329300000,-1.2285216670
30.1329500000,-1.2285350000
30.1329600000,-1.2285416670
30.1329716670,-1.2285483330
30.1329950000,-1.2285600000
30.1330033330,-1.2285666670
30.1330533330,-1.2285933330
30.1330666670,-1.2286000000
30.1330816670,-1.2286066670
30.1331233330,-1.2286250000
30.1331433330,-1.2286283330
30.1331583330,-1.2286233330
30.1331783330,-1.2286133330
30.1331900000,-1.2286100000
30.1332033330,-1.2286100000
30.1332250000,-1.2286033330
30.1332350000,-1.2286016670
30.1332433330,-1.2285983330
30.1332616670,-1.2286033330
30.1332650000,-1.2286250000
30.1332716670,-1.2286483330
30.1332716670,-1.2286616670
30.1332733330,-1.2286866670
30.1332800000,-1.2287216670
30.1332816670,-1.2287466670
30.1332816670,-1.2287600000
30.1332816670,-1.2287733330
30.1332833330,-1.2287983330
30.1332850000,-1.2288183330
30.1332883330,-1.2288483330
30.1332950000,-1.2288850000
30.1332983330,-1.2289116670
30.1332983330,-1.2289233330
30.1333000000,-1.2289366670
30.1333033330,-1.2289583330
30.1333050000,-1.2289683330
30.1333050000,-1.2289800000
30.1332933330,-1.2289966670
30.1332866670,-1.2289983330
30.1332366670,-1.2290116670
30.1332183330,-1.2290133330
30.1332133330,-1.2290216670
30.1332150000,-1.2290433330
30.1332150000,-1.2290683330
30.1332133330,-1.2290950000
30.1332133330,-1.2291050000
30.1332150000,-1.2291166670
30.1332183330,-1.2291383330
30.1332166670,-1.2291483330
30.1332166670,-1.2291600000
30.1332083330,-1.2291783330
30.1332016670,-1.2291833330
30.1331950000,-1.2291866670
30.1331783330,-1.2291916670
30.1331666670,-1.2291950000
30.1331416670,-1.2292016670
30.1331116670,-1.2292183330
30.1330900000,-1.2292300000
30.1330800000,-1.2292383330
30.1330700000,-1.2292466670
30.1330516670,-1.2292600000
30.1330433330,-1.2292650000
30.1330350000,-1.2292700000
30.1330150000,-1.2292816670
30.1330066670,-1.2292900000
30.1329983330,-1.2292983330
30.1329416670,-1.2298200000
30.1329433330,-1.2298316670
30.1329433330,-1.2298366670
30.1329366670,-1.2298383330
30.1329366670,-1.2298400000
30.1329416670,-1.2298416670
30.1329433330,-1.2298466670
30.1329333330,-1.2298500000
30.1329250000,-1.2298550000
30.1328983330,-1.2298516670
30.1328883330,-1.2298516670
30.1328716670,-1.2298550000
30.1328250000,-1.2298633330
30.1328083330,-1.2298733330
30.1328000000,-1.2298800000
30.1327950000,-1.2298883330
30.1327950000,-1.2299100000
30.1327966670,-1.2299250000
30.1327966670,-1.2299383330
30.1327966670,-1.2299683330
30.1327833330,-1.2300100000
30.1327783330,-1.2300283330
30.1327750000,-1.2300416670
30.1327683330,-1.2300600000
30.1327666670,-1.2300716670
30.1327666670,-1.2300833330
30.1327700000,-1.2301050000
30.1326800000,-1.2302516670
30.1326783330,-1.2302533330
30.1326633330,-1.2302550000
30.1326366670,-1.2302583330
30.1326150000,-1.2302500000
30.1325866670,-1.2302433330
30.1325733330,-1.2302400000
30.1325600000,-1.2302366670
30.1325333330,-1.2302333330
30.1325183330,-1.2302300000
30.1325016670,-1.2302283330
30.1324633330,-1.2302250000
30.1324216670,-1.2302200000
30.1324000000,-1.2302200000
30.1323816670,-1.2302183330
30.1323633330,-1.2302250000
30.1323583330,-1.2302483330
30.1323566670,-1.2302616670
30.1323566670,-1.2302733330
30.1323533330,-1.2302950000
30.1323500000,-1.2303166670
30.1323466670,-1.2303266670
30.1323416670,-1.2303350000
30.1323400000,-1.2303500000
30.1323400000,-1.2303583330
30.1323266670,-1.2303750000
30.1323050000,-1.2303783330
30.1322716670,-1.2303783330
30.1322550000,-1.2303816670
30.1322300000,-1.2304950000
30.1322283330,-1.2304966670
30.1322250000,-1.2305033330
30.1322166670,-1.2305016670
30.1322033330,-1.2305000000
30.1321900000,-1.2304983330
30.1321766670,-1.2304966670
30.1321500000,-1.2304983330
30.1321350000,-1.2304983330
30.1321216670,-1.2305000000
30.1320950000,-1.2304983330
30.1320733330,-1.2304950000
30.1320633330,-1.2304950000
30.1320500000,-1.2304966670
30.1320300000,-1.2304950000
30.1320133330,-1.2304966670
30.1319916670,-1.2304966670
30.1319683330,-1.2305000000
30.1319583330,-1.2305050000
30.1319516670,-1.2305100000
30.1319466670,-1.2305300000
30.1319366670,-1.2305533330
30.1319266670,-1.2305583330
30.1319150000,-1.2305616670
30.1318866670,-1.2305700000
30.1318566670,-1.2305716670
30.1318300000,-1.2305766670
30.1318183330,-1.2305800000
30.1317966670,-1.2305866670
30.1317800000,-1.2305933330
30.1317216670,-1.2306166670
30.1315616670,-1.2306950000
30.1315583330,-1.2307000000
30.1315583330,-1.2307016670
30.1315533330,-1.2307033330
30.1315333330,-1.2307100000
30.1315083330,-1.2307216670
30.1314816670,-1.2307333330
30.1314700000,-1.2307400000
30.1314566670,-1.2307433330
30.1314316670,-1.2307416670
30.1314116670,-1.2307266670
30.1313933330,-1.2307100000
30.1313800000,-1.2307033330
30.1313683330,-1.2306966670
30.1313583330,-1.2306933330
30.1313466670,-1.2306900000
30.1313283330,-1.2306850000
30.1313100000,-1.2306716670
30.1313016670,-1.2306650000
30.1312916670,-1.2306583330
30.1312833330,-1.2306516670
30.1312783330,-1.2306433330
30.1312600000,-1.2306300000
30.1312433330,-1.2306200000
30.1312366670,-1.2306216670
30.1312300000,-1.2306300000
30.1312216670,-1.2306450000
30.1312133330,-1.2306616670
30.1312016670,-1.2306883330
30.1311900000,-1.2307166670
30.1311816670,-1.2307266670
30.1311733330,-1.2307366670
30.1311616670,-1.2307466670
30.1311366670,-1.2307550000
30.1311216670,-1.2307600000
30.1310566670,-1.2308400000
30.1310500000,-1.2308450000
30.1308050000,-1.2310466670
30.1308000000,-1.2310516670
30.1307950000,-1.2310550000
30.1307900000,-1.2310616670
30.1307733330,-1.2310666670
30.1307616670,-1.2310483330
30.1307316670,-1.2310066670
30.1307233330,-1.2309983330
30.1307066670,-1.2310033330
30.1306833330,-1.2310150000
30.1306600000,-1.2310250000
30.1306450000,-1.2310300000
30.1306333330,-1.2310350000
30.1306083330,-1.2310466670
30.1305866670,-1.2310566670
30.1305650000,-1.2310666670
30.1305466670,-1.2310750000
30.1305416670,-1.2310783330
30.1305400000,-1.2310866670
30.1305400000,-1.2310966670
30.1305400000,-1.2311033330
30.1305700000,-1.2311700000
30.1305716670,-1.2311733330
30.1305700000,-1.2311750000
30.1305566670,-1.2311883330
30.1305350000,-1.2312100000
30.1305100000,-1.2312300000
30.1304966670,-1.2312383330
30.1304816670,-1.2312466670
30.1304666670,-1.2312550000
30.1304516670,-1.2312650000
30.1304366670,-1.2312733330
30.1304233330,-1.2312800000
30.1303983330,-1.2312916670
30.1303733330,-1.2313016670
30.1303483330,-1.2313083330
30.1303283330,-1.2313116670
30.1303116670,-1.2313216670
30.1303050000,-1.2313250000
30.1301266670,-1.2313550000
30.1301233330,-1.2313550000
30.1301200000,-1.2313500000
30.1301150000,-1.2313433330
30.1301083330,-1.2313366670
30.1301016670,-1.2313266670
30.1300966670,-1.2313150000
30.1300933330,-1.2313050000
30.1300900000,-1.2312933330
30.1300866670,-1.2312800000
30.1300833330,-1.2312666670
30.1300800000,-1.2312550000
30.1300766670,-1.2312433330
30.1300733330,-1.2312300000
30.1300700000,-1.2312150000
30.1300666670,-1.2312016670
30.1300633330,-1.2311866670
30.1300600000,-1.2311700000
30.1300550000,-1.2311483330
30.1300500000,-1.2311316670
30.1300466670,-1.2311183330
30.1300433330,-1.2311033330
30.1300400000,-1.2310900000
30.1300350000,-1.2310766670
30.1300316670,-1.2310666670
30.1300283330,-1.2310550000
30.1300250000,-1.2310450000
30.1300216670,-1.2310316670
30.1300183330,-1.2310133330
30.1300133330,-1.2309966670
30.1300100000,-1.2309833330
30.1300083330,-1.2309700000
30.1300066670,-1.2309566670
30.1300083330,-1.2309333330
30.1300100000,-1.2309216670
30.1300083330,-1.2309133330
30.1300050000,-1.2309016670
30.1300000000,-1.2308900000
30.1299966670,-1.2308766670
30.1299950000,-1.2308633330
30.1299933330,-1.2308366670
30.1299933330,-1.2308250000
30.1299983330,-1.2308150000
30.1300066670,-1.2308100000
30.1300116670,-1.2308033330
30.1300133330,-1.2307933330
30.1300116670,-1.2307816670
30.1300116670,-1.2307683330
30.1300133330,-1.2307583330
30.1300166670,-1.2307383330
30.1300116670,-1.2307266670
30.1300066670,-1.2307150000
30.1299250000,-1.2304716670
30.1299216670,-1.2304683330
30.1299200000,-1.2304483330
30.1299200000,-1.2304383330
30.1299183330,-1.2304283330
30.1299183330,-1.2304150000
30.1299200000,-1.2303983330
30.1299200000,-1.2303783330
30.1299200000,-1.2303600000
30.1299216670,-1.2303383330
30.1299233330,-1.2303216670
30.1299216670,-1.2303050000
30.1299166670,-1.2302883330
30.1299133330,-1.2302683330
30.1299116670,-1.2302516670
30.1299066670,-1.2302366670
30.1299016670,-1.2302216670
30.1298966670,-1.2302100000
30.1298950000,-1.2301983330
30.1298950000,-1.2301866670
30.1298933330,-1.2301750000
30.1298900000,-1.2301633330
30.1298866670,-1.2301483330
30.1298883330,-1.2301350000
30.1298900000,-1.2301266670
30.1298933330,-1.2301200000
30.1298983330,-1.2301133330
30.1299000000,-1.2301066670
30.1299000000,-1.2300950000
30.1298966670,-1.2300633330
30.1298916670,-1.2300300000
30.1298166670,-1.2295050000
30.1298183330,-1.2294566670
30.1298133330,-1.2293950000
30.1298066670,-1.2293450000
30.1298000000,-1.2293150000
30.1297816670,-1.2292633330
30.1297783330,-1.2292100000
30.1297750000,-1.2291583330
30.1297733330,-1.2291333330
30.1297683330,-1.2291050000
30.1297583330,-1.2290550000
30.1297566670,-1.2290350000
30.1297516670,-1.2289900000
30.1297483330,-1.2289650000
30.1297533330,-1.2289200000
30.1297533330,-1.2287900000
30.1297550000,-1.2287800000
30.1297533330,-1.2287550000
30.1297600000,-1.2287166670
30.1297633330,-1.2286683330
30.1297666670,-1.2286450000
30.1297666670,-1.2286200000
30.1297683330,-1.2285933330
30.1297750000,-1.2285716670
30.1297800000,-1.2285516670
30.1297833330,-1.2285316670
30.1297850000,-1.2285133330
30.1297833330,-1.2284983330
30.1297833330,-1.2284833330
30.1297850000,-1.2284700000
30.1297866670,-1.2284466670
30.1298016670,-1.2284350000
30.1298150000,-1.2284333330
30.1298316670,-1.2284300000
30.1298466670,-1.2284316670
30.1298600000,-1.2284333330
30.1298833330,-1.2283933330</coordinates>
                </LineString>
            </Placemark>
            <Placemark>
                <name>2006UG38-Kenedy 03</name>
                <styleUrl>#trackStyle1</styleUrl>
                <LineString>
                    <coordinates>30.1129683330,-1.2015283330
30.1129700000,-1.2015266670
30.1129716670,-1.2015266670
30.1129750000,-1.2015250000
30.1129866670,-1.2015183330
30.1130066670,-1.2015050000
30.1130366670,-1.2015033330
30.1130466670,-1.2015033330
30.1130550000,-1.2015050000
30.1130733330,-1.2015116670
30.1130950000,-1.2015116670
30.1131066670,-1.2015116670
30.1131150000,-1.2015133330
30.1131433330,-1.2015350000
30.1131483330,-1.2015400000
30.1131566670,-1.2015466670
30.1131733330,-1.2015550000
30.1131800000,-1.2015600000
30.1131866670,-1.2015666670
30.1131883330,-1.2015850000
30.1132000000,-1.2016000000
30.1132066670,-1.2016066670
30.1132133330,-1.2016133330
30.1132166670,-1.2016216670
30.1132166670,-1.2016300000
30.1132233330,-1.2016433330
30.1132333330,-1.2016483330
30.1132500000,-1.2016516670
30.1132566670,-1.2016566670
30.1132683330,-1.2016716670
30.1132666670,-1.2016750000
30.1132683330,-1.2016783330
30.1132716670,-1.2016783330
30.1132766670,-1.2016766670
30.1132866670,-1.2016683330
30.1132950000,-1.2016700000
30.1133000000,-1.2016766670
30.1135916670,-1.2015416670
30.1135933330,-1.2015416670
30.1135966670,-1.2015400000
30.1135983330,-1.2015416670
30.1136016670,-1.2015416670
30.1136066670,-1.2015416670
30.1136116670,-1.2015416670
30.1136216670,-1.2015416670
30.1136350000,-1.2015516670
30.1136383330,-1.2015583330
30.1136433330,-1.2015650000
30.1136483330,-1.2015700000
30.1136516670,-1.2015650000
30.1136566670,-1.2015566670
30.1136666670,-1.2015550000
30.1136733330,-1.2015616670
30.1136800000,-1.2015733330
30.1136883330,-1.2015816670
30.1137000000,-1.2015900000
30.1137166670,-1.2016100000
30.1137216670,-1.2016200000
30.1137283330,-1.2016300000
30.1137350000,-1.2016400000
30.1137416670,-1.2016500000
30.1137466670,-1.2016600000
30.1137533330,-1.2016700000
30.1137600000,-1.2016816670
30.1137650000,-1.2016916670
30.1137683330,-1.2017033330
30.1137733330,-1.2017150000
30.1137766670,-1.2017233330
30.1137783330,-1.2017283330
30.1138050000,-1.2020316670
30.1138050000,-1.2020333330
30.1138083330,-1.2020333330
30.1138100000,-1.2020350000
30.1138116670,-1.2020366670
30.1138016670,-1.2020316670
30.1137933330,-1.2020216670
30.1137850000,-1.2020200000
30.1137666670,-1.2020133330
30.1137616670,-1.2020100000
30.1137583330,-1.2020066670
30.1137566670,-1.2020083330
30.1137533330,-1.2020116670
30.1137516670,-1.2020150000
30.1137500000,-1.2020183330
30.1137450000,-1.2020216670
30.1137416670,-1.2020216670
30.1137333330,-1.2020283330
30.1136983330,-1.2020366670
30.1136883330,-1.2020366670
30.1136800000,-1.2020383330
30.1136716670,-1.2020416670
30.1136633330,-1.2020466670
30.1136533330,-1.2020500000
30.1136433330,-1.2020516670
30.1136316670,-1.2020533330
30.1136233330,-1.2020600000
30.1136166670,-1.2020650000
30.1136116670,-1.2020716670
30.1136050000,-1.2020783330
30.1135933330,-1.2020866670
30.1135883330,-1.2020916670
30.1135833330,-1.2021000000
30.1135816670,-1.2021050000
30.1135783330,-1.2021066670
30.1135750000,-1.2021116670
30.1135716670,-1.2021166670
30.1135683330,-1.2021216670
30.1135700000,-1.2021250000
30.1135700000,-1.2021266670
30.1138133330,-1.2026566670
30.1138150000,-1.2026583330
30.1138133330,-1.2026583330
30.1138150000,-1.2026600000
30.1136883330,-1.2027283330
30.1136900000,-1.2027300000
30.1137266670,-1.2029950000
30.1137266670,-1.2029966670
30.1137200000,-1.2030083330
30.1137133330,-1.2030150000
30.1136983330,-1.2030283330
30.1136833330,-1.2030333330
30.1136700000,-1.2030450000
30.1136566670,-1.2030566670
30.1136533330,-1.2030600000
30.1136516670,-1.2030616670
30.1136466670,-1.2030683330
30.1136333330,-1.2030750000
30.1136250000,-1.2030750000
30.1136200000,-1.2030766670
30.1136150000,-1.2030750000
30.1136116670,-1.2030766670
30.1135966670,-1.2030883330
30.1135833330,-1.2031000000
30.1132450000,-1.2033616670
30.1132466670,-1.2033633330
30.1132466670,-1.2033650000
30.1132483330,-1.2033666670
30.1132466670,-1.2034033330
30.1132500000,-1.2034083330
30.1132650000,-1.2034400000
30.1132733330,-1.2034650000
30.1132716670,-1.2034783330
30.1132650000,-1.2034900000
30.1132616670,-1.2035000000
30.1132583330,-1.2035100000
30.1132533330,-1.2035166670
30.1132483330,-1.2035250000
30.1132450000,-1.2035366670
30.1132350000,-1.2035950000
30.1132333330,-1.2036066670
30.1132316670,-1.2036183330
30.1132300000,-1.2036283330
30.1132300000,-1.2036383330
30.1132300000,-1.2036566670
30.1132316670,-1.2036766670
30.1132300000,-1.2036950000
30.1132300000,-1.2037033330
30.1132333330,-1.2037100000
30.1132383330,-1.2037183330
30.1132533330,-1.2037466670
30.1132550000,-1.2037533330
30.1132583330,-1.2037600000
30.1132616670,-1.2037683330
30.1132633330,-1.2037733330
30.1132666670,-1.2037750000
30.1136333330,-1.2042983330
30.1136350000,-1.2043000000
30.1136366670,-1.2042966670
30.1136416670,-1.2042950000
30.1136450000,-1.2043000000
30.1136500000,-1.2043100000
30.1136550000,-1.2043250000
30.1136616670,-1.2043450000
30.1136616670,-1.2043533330
30.1136633330,-1.2043600000
30.1136666670,-1.2043683330
30.1136750000,-1.2043950000
30.1136766670,-1.2044033330
30.1136816670,-1.2044116670
30.1136850000,-1.2044200000
30.1136833330,-1.2044300000
30.1136766670,-1.2044483330
30.1136666670,-1.2044566670
30.1136666670,-1.2044550000
30.1136700000,-1.2044583330
30.1136733330,-1.2044800000
30.1136666670,-1.2045033330
30.1136616670,-1.2045283330
30.1136600000,-1.2045383330
30.1136583330,-1.2045483330
30.1136550000,-1.2045716670
30.1136483330,-1.2045933330
30.1136466670,-1.2046116670
30.1136450000,-1.2046216670
30.1136333330,-1.2046500000
30.1136266670,-1.2046516670
30.1136233330,-1.2046516670
30.1136183330,-1.2046500000
30.1136050000,-1.2046500000
30.1136000000,-1.2046500000
30.1135916670,-1.2046466670
30.1135783330,-1.2046416670
30.1135566670,-1.2046366670
30.1135450000,-1.2046333330
30.1135183330,-1.2046150000
30.1135100000,-1.2046100000
30.1135016670,-1.2046066670
30.1134983330,-1.2046033330
30.1134966670,-1.2046016670
30.1134900000,-1.2046033330
30.1134816670,-1.2046016670
30.1134750000,-1.2046016670
30.1134666670,-1.2045983330
30.1134500000,-1.2045983330
30.1134350000,-1.2045916670
30.1134300000,-1.2045883330
30.1134066670,-1.2045850000
30.1133983330,-1.2045883330
30.1133933330,-1.2045950000
30.1133866670,-1.2046116670
30.1133716670,-1.2046266670
30.1133666670,-1.2046316670
30.1133633330,-1.2046333330
30.1133550000,-1.2046316670
30.1133483330,-1.2046316670
30.1133433330,-1.2046433330
30.1133366670,-1.2046500000
30.1133300000,-1.2046533330
30.1133033330,-1.2046550000
30.1132950000,-1.2046550000
30.1132833330,-1.2046566670
30.1132766670,-1.2046566670
30.1132716670,-1.2046583330
30.1132550000,-1.2046550000
30.1132416670,-1.2046516670
30.1126650000,-1.2045216670
30.1126616670,-1.2045200000
30.1126583330,-1.2045200000
30.1126583330,-1.2045183330
30.1126566670,-1.2045183330
30.1126550000,-1.2045183330
30.1126550000,-1.2045200000
30.1126533330,-1.2045200000
30.1126516670,-1.2045233330
30.1126433330,-1.2045466670
30.1126416670,-1.2045516670
30.1126383330,-1.2045566670
30.1126266670,-1.2045633330
30.1126200000,-1.2045583330
30.1126200000,-1.2045533330
30.1126200000,-1.2045483330
30.1124000000,-1.2044300000
30.1123983330,-1.2044300000
30.1123966670,-1.2044300000
30.1123933330,-1.2044283330
30.1123933330,-1.2044300000
30.1123966670,-1.2044066670
30.1123983330,-1.2044016670
30.1124033330,-1.2043833330
30.1124033330,-1.2043783330
30.1124016670,-1.2043733330
30.1121700000,-1.2042783330
30.1121683330,-1.2042766670
30.1121700000,-1.2042766670
30.1121666670,-1.2042766670
30.1121666670,-1.2042750000
30.1121633330,-1.2042750000
30.1121566670,-1.2042733330
30.1121416670,-1.2042683330
30.1121333330,-1.2042650000
30.1121250000,-1.2042616670
30.1121100000,-1.2042533330
30.1120916670,-1.2042500000
30.1120750000,-1.2042483330
30.1120616670,-1.2042450000
30.1120550000,-1.2042433330
30.1120366670,-1.2042333330
30.1120216670,-1.2042266670
30.1120083330,-1.2042216670
30.1120033330,-1.2042216670
30.1119983330,-1.2042200000
30.1119866670,-1.2042166670
30.1119783330,-1.2042166670
30.1119733330,-1.2042150000
30.1119600000,-1.2042183330
30.1119416670,-1.2042133330
30.1119266670,-1.2042066670
30.1119150000,-1.2042033330
30.1119050000,-1.2042000000
30.1118850000,-1.2041966670
30.1118700000,-1.2041916670
30.1118616670,-1.2041883330
30.1118550000,-1.2041866670
30.1118500000,-1.2041833330
30.1118433330,-1.2041816670
30.1118350000,-1.2041800000
30.1118283330,-1.2041766670
30.1118233330,-1.2041750000
30.1118083330,-1.2041683330
30.1118033330,-1.2041650000
30.1117966670,-1.2041616670
30.1117816670,-1.2041550000
30.1117683330,-1.2041500000
30.1117433330,-1.2041450000
30.1117200000,-1.2041350000
30.1117066670,-1.2041300000
30.1116916670,-1.2041250000
30.1116866670,-1.2041233330
30.1116783330,-1.2041200000
30.1116633330,-1.2041133330
30.1116566670,-1.2041116670
30.1116516670,-1.2041100000
30.1116366670,-1.2041083330
30.1116300000,-1.2041066670
30.1116233330,-1.2041050000
30.1116083330,-1.2041033330
30.1116000000,-1.2041000000
30.1115916670,-1.2040966670
30.1115833330,-1.2040966670
30.1115683330,-1.2040916670
30.1115666670,-1.2040916670
30.1115633330,-1.2040916670
30.1115466670,-1.2040850000
30.1115383330,-1.2040833330
30.1115300000,-1.2040783330
30.1115150000,-1.2040716670
30.1115066670,-1.2040683330
30.1114983330,-1.2040650000
30.1114850000,-1.2040616670
30.1114750000,-1.2040600000
30.1114633330,-1.2040550000
30.1114466670,-1.2040483330
30.1114316670,-1.2040400000
30.1114150000,-1.2040333330
30.1114083330,-1.2040316670
30.1113883330,-1.2040250000
30.1113750000,-1.2040233330
30.1113683330,-1.2040216670
30.1113600000,-1.2040216670
30.1113466670,-1.2040200000
30.1113350000,-1.2040183330
30.1113216670,-1.2040133330
30.1113083330,-1.2040050000
30.1112983330,-1.2039950000
30.1112850000,-1.2039816670
30.1112716670,-1.2039716670
30.1112650000,-1.2039650000
30.1112583330,-1.2039600000
30.1112450000,-1.2039500000
30.1112383330,-1.2039450000
30.1112216670,-1.2039300000
30.1112100000,-1.2039216670
30.1112050000,-1.2039183330
30.1112000000,-1.2039133330
30.1111983330,-1.2039100000
30.1111966670,-1.2039066670
30.1105966670,-1.2033666670
30.1105950000,-1.2033666670
30.1105950000,-1.2033650000
30.1105950000,-1.2033633330
30.1105933330,-1.2033600000
30.1105833330,-1.2033433330
30.1105800000,-1.2033233330
30.1105783330,-1.2033133330
30.1105783330,-1.2033033330
30.1105800000,-1.2032716670
30.1105800000,-1.2032600000
30.1105783330,-1.2032500000
30.1105783330,-1.2032383330
30.1105766670,-1.2032283330
30.1105766670,-1.2032200000
30.1105783330,-1.2032016670
30.1105800000,-1.2031916670
30.1105816670,-1.2031733330
30.1105816670,-1.2031566670
30.1105816670,-1.2031483330
30.1105816670,-1.2031383330
30.1105816670,-1.2031300000
30.1105866670,-1.2031000000
30.1106116670,-1.2030433330
30.1106200000,-1.2030216670
30.1106216670,-1.2030116670
30.1106283330,-1.2029966670
30.1106383330,-1.2029800000
30.1106416670,-1.2029716670
30.1106516670,-1.2029550000
30.1106566670,-1.2029483330
30.1106600000,-1.2029400000
30.1106666670,-1.2029216670
30.1106766670,-1.2029050000
30.1106833330,-1.2028933330
30.1106933330,-1.2028816670
30.1106950000,-1.2028766670
30.1106933330,-1.2028716670
30.1106883330,-1.2028633330
30.1106866670,-1.2028616670
30.1106833330,-1.2028550000
30.1106733330,-1.2028516670
30.1106683330,-1.2028500000
30.1106616670,-1.2028483330
30.1106533330,-1.2028400000
30.1106450000,-1.2028333330
30.1106400000,-1.2028233330
30.1106300000,-1.2028133330
30.1106266670,-1.2028083330
30.1106216670,-1.2028033330
30.1106133330,-1.2027983330
30.1106100000,-1.2027933330
30.1106066670,-1.2027900000
30.1106050000,-1.2027850000
30.1105883330,-1.2027783330
30.1105816670,-1.2027733330
30.1105783330,-1.2027700000
30.1105683330,-1.2027650000
30.1105633330,-1.2027583330
30.1105550000,-1.2027533330
30.1105333330,-1.2027366670
30.1105283330,-1.2027333330
30.1105216670,-1.2027266670
30.1105133330,-1.2027200000
30.1105016670,-1.2027183330
30.1104966670,-1.2027166670
30.1104933330,-1.2027116670
30.1104916670,-1.2027016670
30.1104916670,-1.2026966670
30.1104933330,-1.2026883330
30.1104950000,-1.2026766670
30.1104933330,-1.2026750000
30.1104766670,-1.2026700000
30.1104700000,-1.2026666670
30.1104650000,-1.2026666670
30.1104633330,-1.2026650000
30.1104616670,-1.2026633330
30.1104550000,-1.2026583330
30.1104516670,-1.2026550000
30.1104433330,-1.2026466670
30.1104366670,-1.2026433330
30.1104250000,-1.2026333330
30.1104166670,-1.2026216670
30.1104166670,-1.2026050000
30.1104166670,-1.2025883330
30.1104250000,-1.2025583330
30.1104266670,-1.2025483330
30.1104300000,-1.2025200000
30.1104300000,-1.2025100000
30.1104300000,-1.2024933330
30.1104283330,-1.2024616670
30.1104283330,-1.2024416670
30.1104283330,-1.2024333330
30.1104316670,-1.2024233330
30.1104466670,-1.2024116670
30.1104566670,-1.2023983330
30.1104766670,-1.2023783330
30.1104866670,-1.2023666670
30.1104966670,-1.2023600000
30.1105150000,-1.2023516670
30.1105250000,-1.2023416670
30.1105300000,-1.2023350000
30.1105383330,-1.2023283330
30.1105600000,-1.2023133330
30.1105816670,-1.2022966670
30.1105883330,-1.2022883330
30.1106000000,-1.2022750000
30.1106133330,-1.2022583330
30.1106450000,-1.2022283330
30.1106633330,-1.2022116670
30.1106783330,-1.2022000000
30.1106850000,-1.2021966670
30.1106933330,-1.2021933330
30.1107166670,-1.2021883330
30.1107266670,-1.2021866670
30.1107500000,-1.2021800000
30.1107633330,-1.2021733330
30.1107700000,-1.2021666670
30.1107766670,-1.2021616670
30.1107950000,-1.2021533330
30.1108266670,-1.2021466670
30.1108350000,-1.2021433330
30.1108400000,-1.2021400000
30.1108450000,-1.2021383330
30.1108516670,-1.2021350000
30.1108666670,-1.2021250000
30.1108883330,-1.2021133330
30.1109033330,-1.2021083330
30.1109133330,-1.2021016670
30.1109166670,-1.2021000000
30.1126800000,-1.2011550000
30.1126833330,-1.2011550000
30.1126866670,-1.2011533330
30.1126933330,-1.2011533330
30.1126983330,-1.2011516670
30.1127050000,-1.2011483330
30.1127100000,-1.2011466670
30.1127183330,-1.2011483330
30.1127283330,-1.2011533330
30.1127450000,-1.2011683330
30.1127566670,-1.2011800000
30.1127650000,-1.2011866670
30.1127750000,-1.2011916670
30.1127800000,-1.2011966670
30.1129300000,-1.2015033330
30.1129316670,-1.2015050000
30.1129333330,-1.2015050000
30.1129350000,-1.2015050000
30.1129350000,-1.2015066670
30.1129350000,-1.2015100000
30.1129350000,-1.2015133330
30.1129366670,-1.2015133330
30.1129400000,-1.2015133330
30.1129683330,-1.2015283330</coordinates>
                </LineString>
            </Placemark>
            <Placemark>
                <name>2006UG383-Euzobius O 01.......</name>
                <styleUrl>#trackStyle1</styleUrl>
                <LineString>
                    <coordinates>29.8775950000,-1.0320766670
29.8775933330,-1.0320750000
29.8775916670,-1.0320733330
29.8775883330,-1.0320766670
29.8775866670,-1.0320766670
29.8775850000,-1.0320783330
29.8775816670,-1.0320816670
29.8775766670,-1.0320866670
29.8760666670,-1.0341033330
29.8760650000,-1.0341050000
29.8760666670,-1.0341066670
29.8760700000,-1.0341100000
29.8760766670,-1.0341150000
29.8760933330,-1.0341200000
29.8761166670,-1.0341233330
29.8761283330,-1.0341233330
29.8761500000,-1.0341200000
29.8761583330,-1.0341200000
29.8761666670,-1.0341200000
29.8761816670,-1.0341200000
29.8761883330,-1.0341216670
29.8783000000,-1.0343366670
29.8783016670,-1.0343366670
29.8783050000,-1.0343333330
29.8783100000,-1.0343283330
29.8783133330,-1.0343266670
29.8783183330,-1.0343283330
29.8783233330,-1.0343266670
29.8783300000,-1.0343266670
29.8783366670,-1.0343283330
29.8783450000,-1.0343266670
29.8783500000,-1.0343283330
29.8783616670,-1.0343233330
29.8783716670,-1.0343200000
29.8783800000,-1.0343250000
29.8783916670,-1.0343266670
29.8784000000,-1.0343233330
29.8784050000,-1.0343216670
29.8784183330,-1.0343250000
29.8784233330,-1.0343283330
29.8784300000,-1.0343200000
29.8784383330,-1.0343166670
29.8784450000,-1.0343116670
29.8784483330,-1.0343100000
29.8786000000,-1.0342066670
29.8786016670,-1.0342066670
29.8786033330,-1.0342066670
29.8786133330,-1.0342033330
29.8786166670,-1.0342000000
29.8786233330,-1.0341966670
29.8786300000,-1.0341916670
29.8786333330,-1.0341866670
29.8786400000,-1.0341800000
29.8786483330,-1.0341700000
29.8786500000,-1.0341650000
29.8786533330,-1.0341566670
29.8786566670,-1.0341483330
29.8786533330,-1.0341383330
29.8786550000,-1.0341300000
29.8786716670,-1.0341266670
29.8786783330,-1.0341200000
29.8786816670,-1.0341183330
29.8786833330,-1.0341183330
29.8786850000,-1.0341166670
29.8786866670,-1.0341166670
29.8786883330,-1.0341166670
29.8786933330,-1.0341166670
29.8786950000,-1.0341150000
29.8786983330,-1.0341133330
29.8787016670,-1.0341116670
29.8787050000,-1.0341116670
29.8787083330,-1.0341100000
29.8787100000,-1.0341100000
29.8787100000,-1.0341083330
29.8787133330,-1.0341050000
29.8787133330,-1.0341033330
29.8787166670,-1.0341016670
29.8787200000,-1.0341000000
29.8787233330,-1.0340983330
29.8787250000,-1.0340983330
29.8787300000,-1.0340966670
29.8787316670,-1.0340916670
29.8787366670,-1.0340850000
29.8787450000,-1.0340833330
29.8789633330,-1.0339400000
29.8789650000,-1.0339400000
29.8789733330,-1.0339366670
29.8789766670,-1.0339366670
29.8789783330,-1.0339350000
29.8789866670,-1.0339333330
29.8789916670,-1.0339300000
29.8789966670,-1.0339266670
29.8790016670,-1.0339250000
29.8790050000,-1.0339233330
29.8790066670,-1.0339216670
29.8790116670,-1.0339200000
29.8790216670,-1.0339133330
29.8790283330,-1.0339066670
29.8790316670,-1.0339033330
29.8790400000,-1.0339066670
29.8790433330,-1.0339033330
29.8790433330,-1.0339000000
29.8790416670,-1.0338966670
29.8790366670,-1.0338933330
29.8790333330,-1.0338900000
29.8790366670,-1.0338916670
29.8790416670,-1.0338883330
29.8790433330,-1.0338850000
29.8790416670,-1.0338866670
29.8790450000,-1.0338850000
29.8790466670,-1.0338800000
29.8790500000,-1.0338733330
29.8790533330,-1.0338700000
29.8790566670,-1.0338650000
29.8790583330,-1.0338633330
29.8790600000,-1.0338600000
29.8790633330,-1.0338566670
29.8790683330,-1.0338500000
29.8792733330,-1.0337283330
29.8792750000,-1.0337283330
29.8792783330,-1.0337250000
29.8792816670,-1.0337216670
29.8792850000,-1.0337150000
29.8792866670,-1.0337066670
29.8792850000,-1.0337000000
29.8792800000,-1.0336966670
29.8792666670,-1.0336800000
29.8792633330,-1.0336666670
29.8792566670,-1.0336483330
29.8792533330,-1.0336450000
29.8792500000,-1.0336383330
29.8792450000,-1.0336283330
29.8792416670,-1.0336216670
29.8792383330,-1.0336116670
29.8792383330,-1.0335883330
29.8792416670,-1.0335833330
29.8792433330,-1.0335816670
29.8792433330,-1.0335800000
29.8792533330,-1.0335683330
29.8792600000,-1.0335600000
29.8792600000,-1.0335550000
29.8792616670,-1.0335500000
29.8792650000,-1.0335466670
29.8792700000,-1.0335450000
29.8792766670,-1.0335350000
29.8792766670,-1.0335333330
29.8792800000,-1.0335316670
29.8792866670,-1.0335316670
29.8792916670,-1.0335300000
29.8792933330,-1.0335300000
29.8792950000,-1.0335300000
29.8792983330,-1.0335266670
29.8793000000,-1.0335233330
29.8793050000,-1.0335183330
29.8793083330,-1.0335150000
29.8793133330,-1.0335116670
29.8793166670,-1.0335116670
29.8793216670,-1.0335133330
29.8793266670,-1.0335150000
29.8793316670,-1.0335150000
29.8793350000,-1.0335150000
29.8793366670,-1.0335150000
29.8793450000,-1.0335150000
29.8793516670,-1.0335133330
29.8793600000,-1.0335100000
29.8793650000,-1.0335100000
29.8793716670,-1.0335116670
29.8793750000,-1.0335116670
29.8793783330,-1.0335066670
29.8793783330,-1.0335033330
29.8793816670,-1.0335016670
29.8793850000,-1.0334983330
29.8793850000,-1.0334966670
29.8793866670,-1.0334850000
29.8793933330,-1.0334783330
29.8793933330,-1.0334766670
29.8793966670,-1.0334733330
29.8793966670,-1.0334700000
29.8794033330,-1.0334616670
29.8794066670,-1.0334600000
29.8793966670,-1.0334533330
29.8793933330,-1.0334483330
29.8793933330,-1.0334433330
29.8793950000,-1.0334366670
29.8793966670,-1.0334266670
29.8794000000,-1.0334166670
29.8794033330,-1.0334116670
29.8794016670,-1.0334100000
29.8794066670,-1.0333950000
29.8794216670,-1.0333916670
29.8794183330,-1.0333883330
29.8794200000,-1.0333816670
29.8794183330,-1.0333750000
29.8794150000,-1.0333683330
29.8794100000,-1.0333616670
29.8794066670,-1.0333500000
29.8794000000,-1.0333433330
29.8794016670,-1.0333450000
29.8793950000,-1.0333366670
29.8793883330,-1.0333300000
29.8793866670,-1.0333266670
29.8793866670,-1.0333133330
29.8793850000,-1.0333083330
29.8793866670,-1.0333050000
29.8793900000,-1.0332983330
29.8793850000,-1.0332966670
29.8793816670,-1.0332883330
29.8793733330,-1.0332650000
29.8793716670,-1.0332566670
29.8793716670,-1.0332466670
29.8793733330,-1.0332283330
29.8793733330,-1.0332166670
29.8793733330,-1.0332083330
29.8793833330,-1.0331916670
29.8794083330,-1.0331833330
29.8794183330,-1.0331800000
29.8794166670,-1.0331766670
29.8794216670,-1.0331650000
29.8794283330,-1.0331500000
29.8794333330,-1.0331466670
29.8794383330,-1.0331433330
29.8794450000,-1.0331383330
29.8794500000,-1.0331316670
29.8794533330,-1.0331250000
29.8794416670,-1.0331016670
29.8794416670,-1.0330966670
29.8794450000,-1.0330950000
29.8794466670,-1.0330866670
29.8794516670,-1.0330866670
29.8794516670,-1.0330816670
29.8794466670,-1.0330750000
29.8794500000,-1.0330766670
29.8794550000,-1.0330766670
29.8794516670,-1.0330716670
29.8794566670,-1.0330683330
29.8794650000,-1.0330666670
29.8794683330,-1.0330650000
29.8794683330,-1.0330633330
29.8794700000,-1.0330600000
29.8794733330,-1.0330466670
29.8794716670,-1.0330416670
29.8794733330,-1.0330400000
29.8794833330,-1.0330400000
29.8794866670,-1.0330400000
29.8794850000,-1.0330333330
29.8794850000,-1.0330266670
29.8794850000,-1.0330200000
29.8794866670,-1.0330150000
29.8794850000,-1.0330083330
29.8794833330,-1.0330016670
29.8794850000,-1.0329983330
29.8794866670,-1.0329916670
29.8794850000,-1.0329833330
29.8794833330,-1.0329800000
29.8794816670,-1.0329750000
29.8794783330,-1.0329683330
29.8794716670,-1.0329533330
29.8794633330,-1.0329316670
29.8794650000,-1.0329333330
29.8794633330,-1.0329300000
29.8794600000,-1.0329250000
29.8794533330,-1.0329200000
29.8794500000,-1.0329166670
29.8794516670,-1.0329150000
29.8794583330,-1.0329116670
29.8794583330,-1.0329083330
29.8794533330,-1.0329033330
29.8794450000,-1.0328950000
29.8794383330,-1.0328866670
29.8794316670,-1.0328800000
29.8794250000,-1.0328716670
29.8794166670,-1.0328650000
29.8794083330,-1.0328583330
29.8794033330,-1.0328533330
29.8793850000,-1.0328350000
29.8793833330,-1.0328283330
29.8793783330,-1.0328216670
29.8793750000,-1.0328166670
29.8793783330,-1.0328150000
29.8793816670,-1.0328050000
29.8793816670,-1.0328000000
29.8793783330,-1.0327933330
29.8793700000,-1.0327816670
29.8793666670,-1.0327783330
29.8793633330,-1.0327733330
29.8793650000,-1.0327666670
29.8793650000,-1.0327616670
29.8793666670,-1.0327583330
29.8793616670,-1.0327500000
29.8793550000,-1.0327433330
29.8793500000,-1.0327233330
29.8793450000,-1.0327183330
29.8793400000,-1.0327116670
29.8793366670,-1.0327050000
29.8793316670,-1.0326983330
29.8793316670,-1.0326883330
29.8793266670,-1.0326816670
29.8793250000,-1.0326733330
29.8793083330,-1.0326600000
29.8793050000,-1.0326550000
29.8793033330,-1.0326500000
29.8792983330,-1.0326350000
29.8792950000,-1.0326266670
29.8792983330,-1.0326250000
29.8792850000,-1.0325983330
29.8792800000,-1.0325916670
29.8792750000,-1.0325833330
29.8792633330,-1.0325750000
29.8792533330,-1.0325583330
29.8792500000,-1.0325533330
29.8792433330,-1.0325466670
29.8792283330,-1.0325300000
29.8792250000,-1.0325216670
29.8792200000,-1.0325150000
29.8792083330,-1.0325116670
29.8792033330,-1.0325050000
29.8791983330,-1.0324966670
29.8791950000,-1.0324883330
29.8791916670,-1.0324833330
29.8791800000,-1.0324616670
29.8791683330,-1.0324483330
29.8791633330,-1.0324416670
29.8791600000,-1.0324350000
29.8791566670,-1.0324283330
29.8791533330,-1.0324233330
29.8791450000,-1.0324166670
29.8791416670,-1.0324133330
29.8791366670,-1.0324083330
29.8791316670,-1.0324000000
29.8791300000,-1.0323950000
29.8791250000,-1.0323883330
29.8791150000,-1.0323783330
29.8791083330,-1.0323716670
29.8791033330,-1.0323666670
29.8790983330,-1.0323566670
29.8790933330,-1.0323550000
29.8790783330,-1.0323266670
29.8790733330,-1.0323216670
29.8790683330,-1.0323133330
29.8790666670,-1.0322966670
29.8790616670,-1.0322900000
29.8790566670,-1.0322833330
29.8790466670,-1.0322700000
29.8790416670,-1.0322633330
29.8790366670,-1.0322583330
29.8790316670,-1.0322450000
29.8790283330,-1.0322300000
29.8790316670,-1.0322150000
29.8790316670,-1.0322083330
29.8790300000,-1.0322016670
29.8790283330,-1.0321933330
29.8790283330,-1.0321900000
29.8790166670,-1.0321716670
29.8790166670,-1.0321633330
29.8790150000,-1.0321516670
29.8790133330,-1.0321383330
29.8790133330,-1.0321316670
29.8790150000,-1.0321200000
29.8790116670,-1.0321050000
29.8790100000,-1.0320916670
29.8790033330,-1.0320750000
29.8790016670,-1.0320600000
29.8789966670,-1.0320483330
29.8789966670,-1.0320433330
29.8789966670,-1.0320366670
29.8789933330,-1.0320200000
29.8789916670,-1.0320150000
29.8789800000,-1.0319983330
29.8789800000,-1.0319883330
29.8789783330,-1.0319833330
29.8789750000,-1.0319766670
29.8789616670,-1.0319700000
29.8789583330,-1.0319633330
29.8789583330,-1.0319566670
29.8789616670,-1.0319416670
29.8789616670,-1.0319350000
29.8789616670,-1.0319283330
29.8789683330,-1.0319183330
29.8789700000,-1.0319133330
29.8789700000,-1.0319100000
29.8789666670,-1.0319050000
29.8789616670,-1.0319016670
29.8789600000,-1.0318983330
29.8789516670,-1.0318916670
29.8789483330,-1.0318883330
29.8789416670,-1.0318850000
29.8789233330,-1.0318833330
29.8789083330,-1.0318850000
29.8788983330,-1.0318900000
29.8788883330,-1.0318950000
29.8788716670,-1.0319016670
29.8788666670,-1.0319033330
29.8788616670,-1.0319033330
29.8788550000,-1.0319083330
29.8788516670,-1.0319083330
29.8788483330,-1.0319116670
29.8788416670,-1.0319133330
29.8788366670,-1.0319133330
29.8788350000,-1.0319133330
29.8788333330,-1.0319116670
29.8788300000,-1.0319083330
29.8788233330,-1.0319050000
29.8788183330,-1.0319016670
29.8788150000,-1.0318983330
29.8788133330,-1.0318966670
29.8788133330,-1.0318950000
29.8788116670,-1.0318950000
29.8788116670,-1.0318933330
29.8788116670,-1.0318916670
29.8788083330,-1.0318900000
29.8788050000,-1.0318883330
29.8788016670,-1.0318850000
29.8788016670,-1.0318816670
29.8788066670,-1.0318700000
29.8788083330,-1.0318600000
29.8788050000,-1.0318550000
29.8788083330,-1.0318466670
29.8788116670,-1.0318316670
29.8788116670,-1.0318233330
29.8788100000,-1.0318133330
29.8788166670,-1.0317883330
29.8788266670,-1.0317700000
29.8788316670,-1.0317633330
29.8788366670,-1.0317533330
29.8788383330,-1.0317333330
29.8788416670,-1.0317250000
29.8788450000,-1.0317066670
29.8788483330,-1.0316833330
29.8788466670,-1.0316683330
29.8788466670,-1.0316566670
29.8788500000,-1.0316416670
29.8788533330,-1.0316266670
29.8788583330,-1.0316033330
29.8788566670,-1.0315950000
29.8788500000,-1.0315883330
29.8788400000,-1.0315683330
29.8788350000,-1.0315583330
29.8788333330,-1.0315483330
29.8788283330,-1.0315433330
29.8788233330,-1.0315366670
29.8788150000,-1.0315200000
29.8788083330,-1.0315116670
29.8788000000,-1.0315016670
29.8787933330,-1.0314916670
29.8787866670,-1.0314816670
29.8787750000,-1.0314666670
29.8787650000,-1.0314450000
29.8787600000,-1.0314366670
29.8787550000,-1.0314300000
29.8787466670,-1.0314100000
29.8787400000,-1.0314033330
29.8787350000,-1.0313900000
29.8787216670,-1.0313666670
29.8787166670,-1.0313516670
29.8787166670,-1.0313450000
29.8787150000,-1.0313350000
29.8787083330,-1.0313133330
29.8787016670,-1.0312966670
29.8786983330,-1.0312883330
29.8786966670,-1.0312816670
29.8786866670,-1.0312650000
29.8786783330,-1.0312483330
29.8786766670,-1.0312433330
29.8786733330,-1.0312350000
29.8786650000,-1.0312200000
29.8786550000,-1.0312050000
29.8786500000,-1.0311966670
29.8786466670,-1.0311883330
29.8786483330,-1.0311816670
29.8786483330,-1.0311750000
29.8786433330,-1.0311583330
29.8786366670,-1.0311516670
29.8786316670,-1.0311450000
29.8786216670,-1.0311233330
29.8786133330,-1.0311016670
29.8786000000,-1.0310950000
29.8785916670,-1.0310900000
29.8785766670,-1.0310650000
29.8785666670,-1.0310366670
29.8785400000,-1.0310083330
29.8785266670,-1.0309916670
29.8785133330,-1.0309716670
29.8785016670,-1.0309666670
29.8784933330,-1.0309566670
29.8784850000,-1.0309466670
29.8784800000,-1.0309333330
29.8784750000,-1.0309283330
29.8784666670,-1.0309266670
29.8784616670,-1.0309300000
29.8784533330,-1.0309283330
29.8784400000,-1.0309166670
29.8784350000,-1.0309150000
29.8784283330,-1.0309116670
29.8784216670,-1.0309066670
29.8784183330,-1.0309033330
29.8784100000,-1.0309000000
29.8783966670,-1.0308900000
29.8783950000,-1.0308833330
29.8783933330,-1.0308783330
29.8783916670,-1.0308766670
29.8783866670,-1.0308716670
29.8783700000,-1.0308683330
29.8783600000,-1.0308650000
29.8783466670,-1.0308600000
29.8783416670,-1.0308600000
29.8783350000,-1.0308566670
29.8783250000,-1.0308416670
29.8783150000,-1.0308350000
29.8783050000,-1.0308250000
29.8783000000,-1.0308216670
29.8782883330,-1.0308183330
29.8782583330,-1.0308233330
29.8782516670,-1.0308266670
29.8782433330,-1.0308316670
29.8782366670,-1.0308366670
29.8782333330,-1.0308416670
29.8782300000,-1.0308466670
29.8782266670,-1.0308466670
29.8782250000,-1.0308533330
29.8782300000,-1.0308616670
29.8782283330,-1.0308716670
29.8782233330,-1.0308783330
29.8782200000,-1.0308816670
29.8782150000,-1.0308866670
29.8782116670,-1.0308933330
29.8782033330,-1.0309016670
29.8781916670,-1.0309150000
29.8781900000,-1.0309166670
29.8781866670,-1.0309200000
29.8781816670,-1.0309250000
29.8781766670,-1.0309300000
29.8781733330,-1.0309350000
29.8781683330,-1.0309400000
29.8781516670,-1.0309483330
29.8781466670,-1.0309583330
29.8781400000,-1.0309633330
29.8781383330,-1.0309683330
29.8781383330,-1.0309700000
29.8781366670,-1.0309750000
29.8781366670,-1.0309783330
29.8781383330,-1.0309833330
29.8781366670,-1.0309966670
29.8781333330,-1.0310150000
29.8781366670,-1.0310300000
29.8781366670,-1.0310450000
29.8781333330,-1.0310600000
29.8781250000,-1.0310750000
29.8781200000,-1.0310883330
29.8781183330,-1.0311050000
29.8781050000,-1.0311350000
29.8780933330,-1.0311533330
29.8780883330,-1.0311733330
29.8780866670,-1.0311866670
29.8780866670,-1.0311966670
29.8780866670,-1.0312050000
29.8780883330,-1.0312233330
29.8780950000,-1.0312316670
29.8781033330,-1.0312450000
29.8781100000,-1.0312633330
29.8781150000,-1.0312766670
29.8781166670,-1.0313033330
29.8781216670,-1.0313183330
29.8781250000,-1.0313383330
29.8781183330,-1.0313466670
29.8781183330,-1.0313500000
29.8781166670,-1.0313550000
29.8781166670,-1.0313566670
29.8781166670,-1.0313583330
29.8781150000,-1.0313666670
29.8781200000,-1.0313766670
29.8781216670,-1.0313833330
29.8781233330,-1.0313900000
29.8781266670,-1.0313950000
29.8781333330,-1.0314000000
29.8781333330,-1.0314083330
29.8781300000,-1.0314166670
29.8781266670,-1.0314216670
29.8781266670,-1.0314233330
29.8781250000,-1.0314283330
29.8781266670,-1.0314383330
29.8781283330,-1.0314450000
29.8781250000,-1.0314483330
29.8781233330,-1.0314516670
29.8781216670,-1.0314550000
29.8781233330,-1.0314566670
29.8781200000,-1.0314583330
29.8781166670,-1.0314583330
29.8781150000,-1.0314600000
29.8781100000,-1.0314633330
29.8781000000,-1.0314666670
29.8780933330,-1.0314666670
29.8780883330,-1.0314683330
29.8780850000,-1.0314700000
29.8780816670,-1.0314716670
29.8780766670,-1.0314750000
29.8780733330,-1.0314766670
29.8780700000,-1.0314800000
29.8780633330,-1.0314816670
29.8780533330,-1.0314833330
29.8780466670,-1.0314883330
29.8780400000,-1.0315016670
29.8780316670,-1.0315200000
29.8780233330,-1.0315350000
29.8780133330,-1.0315416670
29.8780033330,-1.0315483330
29.8779933330,-1.0315583330
29.8779866670,-1.0315650000
29.8779833330,-1.0315733330
29.8779783330,-1.0315800000
29.8779716670,-1.0315866670
29.8779666670,-1.0315933330
29.8779600000,-1.0315983330
29.8779566670,-1.0316033330
29.8779533330,-1.0316100000
29.8779483330,-1.0316283330
29.8779450000,-1.0316366670
29.8779450000,-1.0316416670
29.8779450000,-1.0316450000
29.8779483330,-1.0316483330
29.8779500000,-1.0316550000
29.8779500000,-1.0316616670
29.8779483330,-1.0316683330
29.8779450000,-1.0316716670
29.8779316670,-1.0316816670
29.8779300000,-1.0316850000
29.8779316670,-1.0316883330
29.8779333330,-1.0316950000
29.8779316670,-1.0317016670
29.8779300000,-1.0317083330
29.8779250000,-1.0317133330
29.8779150000,-1.0317283330
29.8779133330,-1.0317350000
29.8779066670,-1.0317400000
29.8778983330,-1.0317450000
29.8778950000,-1.0317466670
29.8778916670,-1.0317483330
29.8778900000,-1.0317516670
29.8778850000,-1.0317600000
29.8778816670,-1.0317650000
29.8778766670,-1.0317733330
29.8778733330,-1.0317816670
29.8778733330,-1.0317866670
29.8778683330,-1.0317916670
29.8778633330,-1.0318066670
29.8778583330,-1.0318150000
29.8778550000,-1.0318200000
29.8778533330,-1.0318233330
29.8778466670,-1.0318283330
29.8778316670,-1.0318400000
29.8778216670,-1.0318466670
29.8778150000,-1.0318533330
29.8777983330,-1.0318700000
29.8777916670,-1.0318750000
29.8777816670,-1.0318833330
29.8777683330,-1.0319050000
29.8777600000,-1.0319116670
29.8777500000,-1.0319200000
29.8777433330,-1.0319283330
29.8777383330,-1.0319400000
29.8777300000,-1.0319566670
29.8777083330,-1.0319716670
29.8777033330,-1.0319816670
29.8776966670,-1.0319900000
29.8776816670,-1.0320066670
29.8776700000,-1.0320233330
29.8776650000,-1.0320300000
29.8776633330,-1.0320383330
29.8776666670,-1.0320500000
29.8776700000,-1.0320583330
29.8776716670,-1.0320633330
29.8776716670,-1.0320733330
29.8776616670,-1.0320866670
29.8776533330,-1.0320916670
29.8776433330,-1.0320950000
29.8776283330,-1.0321033330
29.8776200000,-1.0321083330
29.8776150000,-1.0321083330
29.8776116670,-1.0321083330
29.8776066670,-1.0321083330
29.8775983330,-1.0321066670
29.8775850000,-1.0321083330
29.8775950000,-1.0320766670</coordinates>
                </LineString>
            </Placemark>
            <Placemark>
                <name>2006UG384-Begumisa 01</name>
                <styleUrl>#trackStyle1</styleUrl>
                <LineString>
                    <coordinates>29.8523283330,-1.0175000000
29.8522783330,-1.0175316670
29.8524733330,-1.0178250000
29.8524866670,-1.0178533330
29.8524966670,-1.0178733330
29.8525033330,-1.0178850000
29.8525516670,-1.0179466670
29.8525416670,-1.0179516670
29.8525550000,-1.0179400000
29.8525583330,-1.0179533330
29.8525700000,-1.0179500000
29.8525816670,-1.0179583330
29.8525883330,-1.0179633330
29.8525916670,-1.0179933330
29.8525900000,-1.0180050000
29.8526000000,-1.0180133330
29.8526166670,-1.0180416670
29.8526383330,-1.0180866670
29.8526483330,-1.0181100000
29.8526550000,-1.0181150000
29.8527700000,-1.0182733330
29.8527850000,-1.0182983330
29.8527950000,-1.0183133330
29.8528050000,-1.0183183330
29.8528083330,-1.0183250000
29.8528316670,-1.0183500000
29.8528533330,-1.0183716670
29.8528600000,-1.0183916670
29.8528666670,-1.0184100000
29.8528700000,-1.0184216670
29.8528666670,-1.0184416670
29.8528683330,-1.0184700000
29.8528800000,-1.0184900000
29.8528950000,-1.0185200000
29.8529033330,-1.0185600000
29.8529200000,-1.0185566670
29.8529283330,-1.0185683330
29.8529366670,-1.0185733330
29.8529516670,-1.0185833330
29.8529650000,-1.0186116670
29.8529816670,-1.0186366670
29.8529966670,-1.0186566670
29.8530000000,-1.0186916670
29.8530066670,-1.0187100000
29.8530183330,-1.0187366670
29.8530283330,-1.0187600000
29.8530400000,-1.0187833330
29.8530400000,-1.0187950000
29.8530433330,-1.0188033330
29.8530466670,-1.0188150000
29.8530483330,-1.0188283330
29.8530516670,-1.0188416670
29.8530550000,-1.0188550000
29.8530600000,-1.0188833330
29.8530666670,-1.0189116670
29.8530733330,-1.0189350000
29.8530733330,-1.0189566670
29.8530700000,-1.0189866670
29.8530766670,-1.0190050000
29.8530833330,-1.0190283330
29.8530900000,-1.0190550000
29.8530933330,-1.0190816670
29.8530933330,-1.0190950000
29.8530950000,-1.0191066670
29.8530916670,-1.0191233330
29.8530833330,-1.0191400000
29.8530833330,-1.0191550000
29.8530900000,-1.0191683330
29.8530916670,-1.0191816670
29.8530900000,-1.0191966670
29.8530900000,-1.0192266670
29.8530850000,-1.0192583330
29.8530833330,-1.0192733330
29.8530816670,-1.0192850000
29.8530816670,-1.0193150000
29.8530650000,-1.0193500000
29.8530333330,-1.0193833330
29.8530200000,-1.0193966670
29.8529983330,-1.0194300000
29.8529833330,-1.0194516670
29.8529733330,-1.0194650000
29.8529500000,-1.0195066670
29.8529466670,-1.0195216670
29.8529450000,-1.0195366670
29.8529400000,-1.0195583330
29.8529450000,-1.0195816670
29.8529483330,-1.0195933330
29.8529533330,-1.0196066670
29.8529550000,-1.0196383330
29.8529466670,-1.0196733330
29.8529533330,-1.0197050000
29.8529450000,-1.0197316670
29.8529383330,-1.0197450000
29.8529300000,-1.0197683330
29.8529183330,-1.0197816670
29.8529116670,-1.0198016670
29.8529166670,-1.0198050000
29.8529200000,-1.0198316670
29.8528950000,-1.0199200000
29.8528883330,-1.0199500000
29.8528866670,-1.0199683330
29.8528816670,-1.0199833330
29.8528816670,-1.0200116670
29.8528500000,-1.0200583330
29.8528300000,-1.0200816670
29.8528200000,-1.0201016670
29.8528100000,-1.0201300000
29.8528116670,-1.0201350000
29.8528116670,-1.0201383330
29.8528016670,-1.0201550000
29.8527833330,-1.0201800000
29.8527850000,-1.0201850000
29.8527783330,-1.0202033330
29.8527750000,-1.0202133330
29.8527650000,-1.0202050000
29.8527650000,-1.0202133330
29.8527683330,-1.0202416670
29.8527816670,-1.0202666670
29.8528050000,-1.0202800000
29.8528183330,-1.0202916670
29.8528300000,-1.0203050000
29.8528333330,-1.0203366670
29.8528166670,-1.0203633330
29.8528066670,-1.0203816670
29.8528433330,-1.0203683330
29.8528616670,-1.0203866670
29.8528600000,-1.0204016670
29.8528433330,-1.0204316670
29.8528483330,-1.0204333330
29.8528450000,-1.0204516670
29.8528533330,-1.0204516670
29.8528583330,-1.0204583330
29.8528900000,-1.0204483330
29.8529066670,-1.0204633330
29.8529050000,-1.0204800000
29.8529033330,-1.0204966670
29.8529000000,-1.0205066670
29.8528966670,-1.0205183330
29.8528966670,-1.0205233330
29.8529033330,-1.0205283330
29.8529133330,-1.0205383330
29.8529266670,-1.0205533330
29.8529366670,-1.0205750000
29.8529416670,-1.0205883330
29.8529450000,-1.0206033330
29.8529400000,-1.0206150000
29.8529633330,-1.0206366670
29.8529700000,-1.0206500000
29.8529816670,-1.0206616670
29.8529966670,-1.0206966670
29.8530200000,-1.0207283330
29.8530283330,-1.0207450000
29.8530383330,-1.0207600000
29.8530466670,-1.0207766670
29.8530550000,-1.0207933330
29.8530583330,-1.0208116670
29.8530666670,-1.0208300000
29.8530750000,-1.0208466670
29.8530850000,-1.0208616670
29.8530883330,-1.0208783330
29.8530933330,-1.0208916670
29.8531000000,-1.0209066670
29.8531066670,-1.0209200000
29.8531166670,-1.0209433330
29.8531283330,-1.0209716670
29.8531300000,-1.0210016670
29.8531450000,-1.0210283330
29.8531500000,-1.0210600000
29.8531516670,-1.0210750000
29.8531566670,-1.0210866670
29.8531550000,-1.0211016670
29.8531550000,-1.0211166670
29.8531583330,-1.0211466670
29.8531633330,-1.0211666670
29.8531750000,-1.0211833330
29.8531816670,-1.0211933330
29.8531816670,-1.0212116670
29.8531833330,-1.0212400000
29.8531850000,-1.0212633330
29.8531816670,-1.0212883330
29.8531800000,-1.0213150000
29.8531833330,-1.0213300000
29.8531850000,-1.0213433330
29.8531850000,-1.0213683330
29.8531800000,-1.0213966670
29.8531766670,-1.0214100000
29.8531716670,-1.0214216670
29.8531600000,-1.0214433330
29.8531516670,-1.0214633330
29.8531466670,-1.0214733330
29.8531400000,-1.0214816670
29.8531266670,-1.0214966670
29.8531116670,-1.0215116670
29.8531050000,-1.0215166670
29.8530966670,-1.0215216670
29.8530850000,-1.0215283330
29.8530733330,-1.0215300000
29.8530650000,-1.0215283330
29.8530600000,-1.0215283330
29.8530500000,-1.0215350000
29.8530383330,-1.0215466670
29.8530300000,-1.0215533330
29.8530250000,-1.0215566670
29.8530083330,-1.0215733330
29.8530000000,-1.0215816670
29.8529916670,-1.0215883330
29.8529750000,-1.0215983330
29.8529700000,-1.0216016670
29.8529666670,-1.0216066670
29.8529550000,-1.0216100000
29.8529466670,-1.0216133330
29.8529433330,-1.0216200000
29.8529283330,-1.0216316670
29.8529233330,-1.0216383330
29.8529166670,-1.0216416670
29.8529000000,-1.0216516670
29.8528883330,-1.0216583330
29.8528766670,-1.0216650000
29.8528550000,-1.0216750000
29.8528450000,-1.0216783330
29.8528350000,-1.0216850000
29.8528166670,-1.0217016670
29.8528000000,-1.0217200000
29.8527866670,-1.0217383330
29.8527750000,-1.0217600000
29.8527700000,-1.0217700000
29.8527633330,-1.0217800000
29.8527533330,-1.0218016670
29.8527433330,-1.0218250000
29.8527216670,-1.0218716670
29.8527133330,-1.0218833330
29.8527066670,-1.0218950000
29.8526950000,-1.0219200000
29.8526833330,-1.0219416670
29.8526783330,-1.0219550000
29.8526733330,-1.0219666670
29.8526633330,-1.0219933330
29.8526516670,-1.0220183330
29.8526466670,-1.0220316670
29.8526400000,-1.0220433330
29.8526300000,-1.0220716670
29.8526216670,-1.0220966670
29.8526166670,-1.0221083330
29.8526133330,-1.0221216670
29.8526083330,-1.0221466670
29.8526000000,-1.0221716670
29.8525966670,-1.0221816670
29.8525916670,-1.0221933330
29.8525833330,-1.0222133330
29.8525716670,-1.0222333330
29.8525600000,-1.0222550000
29.8525516670,-1.0222633330
29.8525416670,-1.0222716670
29.8525266670,-1.0222883330
29.8525150000,-1.0223116670
29.8525050000,-1.0223316670
29.8525033330,-1.0223433330
29.8525000000,-1.0223533330
29.8524950000,-1.0223650000
29.8524900000,-1.0223750000
29.8524783330,-1.0223950000
29.8524666670,-1.0224133330
29.8524616670,-1.0224266670
29.8524666670,-1.0224400000
29.8524683330,-1.0224466670
29.8524700000,-1.0224566670
29.8524733330,-1.0224666670
29.8524750000,-1.0224750000
29.8524833330,-1.0225083330
29.8524866670,-1.0225300000
29.8524900000,-1.0225550000
29.8524900000,-1.0225750000
29.8524900000,-1.0225933330
29.8524900000,-1.0226033330
29.8524916670,-1.0226133330
29.8524916670,-1.0226216670
29.8524933330,-1.0226300000
29.8524933330,-1.0226416670
29.8524916670,-1.0226550000
29.8524950000,-1.0227016670
29.8525333330,-1.0230166670
29.8525350000,-1.0230266670
29.8525600000,-1.0230833330
29.8525616670,-1.0230966670
29.8525700000,-1.0231150000
29.8525933330,-1.0232166670
29.8525933330,-1.0232283330
29.8525816670,-1.0232816670
29.8525800000,-1.0232900000
29.8525766670,-1.0233183330
29.8525733330,-1.0233300000
29.8525616670,-1.0233566670
29.8525616670,-1.0233633330
29.8525616670,-1.0233700000
29.8525600000,-1.0233783330
29.8525550000,-1.0233883330
29.8525516670,-1.0233966670
29.8525466670,-1.0234066670
29.8525416670,-1.0234150000
29.8525383330,-1.0234233330
29.8525333330,-1.0234316670
29.8525266670,-1.0234416670
29.8525216670,-1.0234533330
29.8525200000,-1.0234650000
29.8525150000,-1.0234766670
29.8525116670,-1.0234883330
29.8525083330,-1.0235000000
29.8525033330,-1.0235116670
29.8525000000,-1.0235233330
29.8524933330,-1.0235366670
29.8524866670,-1.0235466670
29.8524816670,-1.0235600000
29.8524750000,-1.0235700000
29.8524700000,-1.0235800000
29.8524633330,-1.0235900000
29.8524533330,-1.0236016670
29.8524450000,-1.0236150000
29.8524366670,-1.0236283330
29.8524300000,-1.0236400000
29.8524216670,-1.0236516670
29.8524166670,-1.0236633330
29.8524016670,-1.0236883330
29.8523866670,-1.0237133330
29.8523750000,-1.0237400000
29.8523550000,-1.0237750000
29.8523483330,-1.0237883330
29.8523416670,-1.0237983330
29.8523350000,-1.0238100000
29.8523283330,-1.0238233330
29.8523216670,-1.0238366670
29.8523133330,-1.0238583330
29.8523000000,-1.0238833330
29.8522950000,-1.0238966670
29.8522916670,-1.0239083330
29.8522900000,-1.0239200000
29.8522883330,-1.0239316670
29.8522883330,-1.0239433330
29.8522850000,-1.0239566670
29.8522783330,-1.0239866670
29.8522716670,-1.0240266670
29.8522683330,-1.0240383330
29.8522650000,-1.0240516670
29.8522616670,-1.0240650000
29.8522516670,-1.0240933330
29.8522450000,-1.0241316670
29.8522416670,-1.0241450000
29.8522350000,-1.0241700000
29.8522283330,-1.0241950000
29.8522250000,-1.0242083330
29.8522216670,-1.0242216670
29.8522166670,-1.0242333330
29.8522116670,-1.0242450000
29.8521966670,-1.0242583330
29.8521900000,-1.0242600000
29.8521833330,-1.0242633330
29.8521766670,-1.0242666670
29.8521683330,-1.0242683330
29.8521600000,-1.0242666670
29.8521466670,-1.0242533330
29.8521433330,-1.0242450000
29.8521316670,-1.0242333330
29.8521133330,-1.0242150000
29.8521066670,-1.0242100000
29.8520950000,-1.0242000000
29.8520883330,-1.0241966670
29.8520800000,-1.0241916670
29.8520750000,-1.0241850000
29.8520700000,-1.0241800000
29.8495966670,-1.0190866670
29.8495966670,-1.0190850000
29.8495950000,-1.0190833330
29.8495916670,-1.0190800000
29.8495900000,-1.0190766670
29.8495866670,-1.0190733330
29.8495850000,-1.0190650000
29.8495866670,-1.0190583330
29.8495883330,-1.0190533330
29.8495933330,-1.0190450000
29.8496000000,-1.0190366670
29.8496050000,-1.0190350000
29.8496066670,-1.0190333330
29.8496083330,-1.0190283330
29.8496066670,-1.0190233330
29.8496066670,-1.0190183330
29.8496066670,-1.0190066670
29.8496066670,-1.0190033330
29.8496083330,-1.0189983330
29.8496083330,-1.0189900000
29.8496100000,-1.0189850000
29.8496116670,-1.0189816670
29.8496150000,-1.0189750000
29.8496150000,-1.0189700000
29.8496166670,-1.0189666670
29.8496200000,-1.0189600000
29.8496216670,-1.0189583330
29.8496233330,-1.0189533330
29.8496266670,-1.0189483330
29.8496300000,-1.0189450000
29.8496316670,-1.0189416670
29.8496333330,-1.0189250000
29.8496366670,-1.0189216670
29.8496400000,-1.0189150000
29.8496433330,-1.0189066670
29.8496450000,-1.0189000000
29.8496450000,-1.0188933330
29.8496450000,-1.0188816670
29.8496466670,-1.0188783330
29.8496483330,-1.0188750000
29.8496466670,-1.0188666670
29.8496450000,-1.0188616670
29.8496433330,-1.0188600000
29.8496450000,-1.0188516670
29.8496500000,-1.0188416670
29.8496533330,-1.0188350000
29.8496550000,-1.0188283330
29.8496550000,-1.0188150000
29.8496583330,-1.0188066670
29.8500416670,-1.0178250000
29.8500466670,-1.0178216670
29.8500333330,-1.0178066670
29.8500250000,-1.0177866670
29.8500333330,-1.0177850000
29.8500483330,-1.0177866670
29.8500583330,-1.0177866670
29.8500633330,-1.0177816670
29.8500816670,-1.0177866670
29.8500850000,-1.0177833330
29.8500866670,-1.0177766670
29.8500916670,-1.0177666670
29.8500950000,-1.0177550000
29.8500966670,-1.0177483330
29.8501016670,-1.0177416670
29.8501050000,-1.0177350000
29.8501183330,-1.0177200000
29.8501200000,-1.0177233330
29.8501200000,-1.0177200000
29.8501116670,-1.0177250000
29.8501133330,-1.0177316670
29.8501100000,-1.0177266670
29.8501100000,-1.0177250000
29.8501116670,-1.0177233330
29.8501116670,-1.0177100000
29.8501100000,-1.0177083330
29.8501083330,-1.0177066670
29.8501066670,-1.0177066670
29.8501050000,-1.0176933330
29.8500983330,-1.0177000000
29.8500933330,-1.0177033330
29.8500900000,-1.0177166670
29.8500883330,-1.0177450000
29.8500866670,-1.0177283330
29.8500816670,-1.0177116670
29.8500816670,-1.0177083330
29.8500816670,-1.0177066670
29.8501033330,-1.0176883330
29.8501083330,-1.0176766670
29.8501116670,-1.0176683330
29.8501066670,-1.0176550000
29.8501083330,-1.0176483330
29.8501116670,-1.0176433330
29.8501216670,-1.0176366670
29.8501250000,-1.0176300000
29.8501283330,-1.0176250000
29.8501316670,-1.0176200000
29.8501333330,-1.0176166670
29.8501400000,-1.0176133330
29.8501450000,-1.0176100000
29.8501466670,-1.0176083330
29.8501600000,-1.0176000000
29.8501583330,-1.0175900000
29.8501600000,-1.0175866670
29.8501616670,-1.0175866670
29.8501616670,-1.0175850000
29.8501633330,-1.0175816670
29.8501650000,-1.0175783330
29.8501666670,-1.0175716670
29.8502216670,-1.0173633330
29.8502233330,-1.0173566670
29.8502266670,-1.0173516670
29.8502300000,-1.0173466670
29.8502333330,-1.0173433330
29.8502583330,-1.0173200000
29.8502666670,-1.0173100000
29.8502700000,-1.0173066670
29.8502700000,-1.0172983330
29.8502700000,-1.0172916670
29.8502750000,-1.0172866670
29.8502800000,-1.0172833330
29.8502833330,-1.0172783330
29.8502850000,-1.0172733330
29.8502900000,-1.0172700000
29.8502933330,-1.0172650000
29.8503000000,-1.0172616670
29.8503066670,-1.0172600000
29.8503100000,-1.0172550000
29.8503150000,-1.0172533330
29.8503166670,-1.0172483330
29.8503200000,-1.0172450000
29.8503250000,-1.0172433330
29.8503283330,-1.0172383330
29.8503300000,-1.0172333330
29.8503350000,-1.0172300000
29.8503383330,-1.0172250000
29.8503433330,-1.0172216670
29.8503483330,-1.0172183330
29.8503533330,-1.0172166670
29.8503583330,-1.0172150000
29.8503633330,-1.0172116670
29.8503683330,-1.0172100000
29.8503716670,-1.0172083330
29.8503766670,-1.0172083330
29.8503783330,-1.0172033330
29.8503816670,-1.0171983330
29.8503833330,-1.0171950000
29.8503850000,-1.0171916670
29.8503850000,-1.0171900000
29.8503866670,-1.0171866670
29.8503883330,-1.0171800000
29.8503900000,-1.0171766670
29.8503916670,-1.0171750000
29.8503950000,-1.0171733330
29.8503950000,-1.0171700000
29.8503900000,-1.0171633330
29.8503850000,-1.0171583330
29.8503800000,-1.0171483330
29.8503783330,-1.0171433330
29.8503783330,-1.0171383330
29.8503750000,-1.0171316670
29.8503733330,-1.0171283330
29.8503750000,-1.0171216670
29.8503733330,-1.0171166670
29.8503750000,-1.0171133330
29.8503733330,-1.0171066670
29.8503733330,-1.0171033330
29.8503733330,-1.0170866670
29.8503700000,-1.0170716670
29.8503700000,-1.0170566670
29.8503583330,-1.0170066670
29.8503583330,-1.0169983330
29.8503583330,-1.0169883330
29.8503566670,-1.0169816670
29.8503566670,-1.0169750000
29.8503583330,-1.0169683330
29.8503600000,-1.0169633330
29.8503616670,-1.0169550000
29.8503716670,-1.0169483330
29.8503800000,-1.0169400000
29.8523283330,-1.0175000000</coordinates>
                </LineString>
            </Placemark>
            <Placemark>
                <name>2006UG384-Kyasimire p</name>
                <styleUrl>#trackStyle1</styleUrl>
                <LineString>
                    <coordinates>29.8565550000,-1.0224166670
29.8565283330,-1.0224516670
29.8564916670,-1.0224883330
29.8564583330,-1.0225066670
29.8564166670,-1.0225516670
29.8562800000,-1.0227166670
29.8562716670,-1.0227083330
29.8562633330,-1.0227000000
29.8562600000,-1.0227350000
29.8562400000,-1.0227883330
29.8562383330,-1.0228016670
29.8562383330,-1.0228066670
29.8562300000,-1.0228166670
29.8562350000,-1.0228233330
29.8562316670,-1.0228300000
29.8562166670,-1.0228566670
29.8561766670,-1.0228550000
29.8561433330,-1.0228750000
29.8561066670,-1.0228850000
29.8560850000,-1.0228900000
29.8560633330,-1.0228966670
29.8542816670,-1.0245950000
29.8542466670,-1.0246850000
29.8542400000,-1.0246916670
29.8542316670,-1.0247016670
29.8541916670,-1.0248083330
29.8541433330,-1.0248383330
29.8541450000,-1.0248483330
29.8541450000,-1.0248566670
29.8541450000,-1.0248650000
29.8540566670,-1.0249283330
29.8540316670,-1.0249550000
29.8540166670,-1.0249716670
29.8536150000,-1.0250733330
29.8535766670,-1.0251050000
29.8535700000,-1.0251166670
29.8535550000,-1.0251350000
29.8535583330,-1.0251350000
29.8535566670,-1.0251283330
29.8535700000,-1.0251066670
29.8535733330,-1.0250983330
29.8535716670,-1.0250966670
29.8535683330,-1.0250933330
29.8535633330,-1.0250900000
29.8535500000,-1.0250950000
29.8535433330,-1.0250983330
29.8535333330,-1.0251050000
29.8535300000,-1.0251000000
29.8535416670,-1.0250850000
29.8535316670,-1.0250950000
29.8535233330,-1.0250950000
29.8535116670,-1.0251000000
29.8535116670,-1.0250983330
29.8535133330,-1.0250950000
29.8535116670,-1.0250933330
29.8535066670,-1.0250916670
29.8535016670,-1.0250916670
29.8535016670,-1.0250900000
29.8534816670,-1.0251066670
29.8534700000,-1.0251166670
29.8534583330,-1.0251200000
29.8534533330,-1.0251183330
29.8534500000,-1.0251150000
29.8534450000,-1.0251150000
29.8534366670,-1.0251150000
29.8534316670,-1.0251150000
29.8533983330,-1.0250350000
29.8533950000,-1.0250300000
29.8533883330,-1.0250283330
29.8533816670,-1.0250316670
29.8533766670,-1.0250300000
29.8533716670,-1.0250283330
29.8533733330,-1.0250333330
29.8533850000,-1.0250300000
29.8533816670,-1.0250300000
29.8533816670,-1.0250283330
29.8533816670,-1.0250250000
29.8533800000,-1.0250250000
29.8533833330,-1.0250283330
29.8533750000,-1.0250366670
29.8533816670,-1.0250333330
29.8533916670,-1.0250366670
29.8533950000,-1.0250366670
29.8534016670,-1.0250333330
29.8534033330,-1.0250316670
29.8534050000,-1.0250316670
29.8534050000,-1.0250283330
29.8533950000,-1.0250300000
29.8533916670,-1.0250333330
29.8533900000,-1.0250350000
29.8533950000,-1.0250233330
29.8533916670,-1.0250150000
29.8533900000,-1.0250066670
29.8533900000,-1.0250016670
29.8533883330,-1.0250000000
29.8533850000,-1.0250016670
29.8533933330,-1.0249983330
29.8533916670,-1.0249833330
29.8533883330,-1.0249750000
29.8533900000,-1.0249700000
29.8533966670,-1.0249566670
29.8534016670,-1.0249450000
29.8534066670,-1.0249400000
29.8534116670,-1.0249350000
29.8534183330,-1.0249233330
29.8534183330,-1.0249100000
29.8534116670,-1.0248983330
29.8534083330,-1.0248950000
29.8534033330,-1.0248933330
29.8533983330,-1.0248833330
29.8534016670,-1.0248700000
29.8534016670,-1.0248600000
29.8533966670,-1.0248533330
29.8533900000,-1.0248533330
29.8533850000,-1.0248533330
29.8533733330,-1.0248550000
29.8533683330,-1.0248550000
29.8533666670,-1.0248533330
29.8533566670,-1.0248483330
29.8533483330,-1.0248416670
29.8533483330,-1.0248383330
29.8533483330,-1.0248350000
29.8533350000,-1.0248300000
29.8533300000,-1.0248200000
29.8533283330,-1.0248100000
29.8533266670,-1.0248033330
29.8533233330,-1.0247950000
29.8533216670,-1.0247833330
29.8533183330,-1.0247733330
29.8533133330,-1.0247633330
29.8533050000,-1.0247466670
29.8533033330,-1.0247366670
29.8532966670,-1.0247283330
29.8532950000,-1.0247233330
29.8532916670,-1.0247150000
29.8532883330,-1.0247066670
29.8532850000,-1.0246983330
29.8532800000,-1.0246900000
29.8532766670,-1.0246833330
29.8532750000,-1.0246766670
29.8532733330,-1.0246683330
29.8532683330,-1.0246616670
29.8532666670,-1.0246550000
29.8532616670,-1.0246500000
29.8532583330,-1.0246450000
29.8532550000,-1.0246366670
29.8532500000,-1.0246316670
29.8532450000,-1.0246283330
29.8532400000,-1.0246250000
29.8532316670,-1.0246233330
29.8532283330,-1.0246216670
29.8532250000,-1.0246233330
29.8532200000,-1.0246233330
29.8532166670,-1.0246200000
29.8532150000,-1.0246133330
29.8532033330,-1.0246016670
29.8531900000,-1.0245950000
29.8531766670,-1.0245850000
29.8531666670,-1.0245733330
29.8531633330,-1.0245683330
29.8531583330,-1.0245633330
29.8531533330,-1.0245566670
29.8531500000,-1.0245500000
29.8531383330,-1.0245333330
29.8531250000,-1.0245166670
29.8531183330,-1.0244983330
29.8531150000,-1.0244916670
29.8531100000,-1.0244816670
29.8530966670,-1.0244733330
29.8530833330,-1.0244633330
29.8530716670,-1.0244566670
29.8530683330,-1.0244533330
29.8530683330,-1.0244450000
29.8530650000,-1.0244266670
29.8530583330,-1.0244200000
29.8530466670,-1.0244116670
29.8530433330,-1.0244083330
29.8530366670,-1.0244033330
29.8530300000,-1.0243933330
29.8530233330,-1.0243816670
29.8530166670,-1.0243783330
29.8530166670,-1.0243733330
29.8530100000,-1.0243550000
29.8530083330,-1.0243350000
29.8530066670,-1.0243300000
29.8530033330,-1.0243216670
29.8529966670,-1.0243083330
29.8529916670,-1.0242933330
29.8529883330,-1.0242866670
29.8529866670,-1.0242816670
29.8529783330,-1.0242683330
29.8529700000,-1.0242566670
29.8529700000,-1.0242483330
29.8529650000,-1.0242433330
29.8529533330,-1.0242366670
29.8529516670,-1.0242316670
29.8529483330,-1.0242250000
29.8529433330,-1.0242133330
29.8529400000,-1.0242066670
29.8529383330,-1.0242016670
29.8529350000,-1.0241883330
29.8529316670,-1.0241833330
29.8529266670,-1.0241766670
29.8529183330,-1.0241566670
29.8529150000,-1.0241483330
29.8529133330,-1.0241383330
29.8529066670,-1.0241200000
29.8529050000,-1.0241100000
29.8529033330,-1.0241016670
29.8528966670,-1.0240866670
29.8528883330,-1.0240783330
29.8528816670,-1.0240716670
29.8528733330,-1.0240616670
29.8528683330,-1.0240566670
29.8528650000,-1.0240500000
29.8528583330,-1.0240416670
29.8528550000,-1.0240366670
29.8528516670,-1.0240316670
29.8528416670,-1.0240250000
29.8528333330,-1.0240216670
29.8528300000,-1.0240183330
29.8528266670,-1.0240133330
29.8528216670,-1.0240033330
29.8528200000,-1.0239850000
29.8528166670,-1.0239783330
29.8528133330,-1.0239733330
29.8528083330,-1.0239633330
29.8528100000,-1.0239550000
29.8528066670,-1.0239516670
29.8527966670,-1.0239466670
29.8527966670,-1.0239383330
29.8527950000,-1.0239366670
29.8527933330,-1.0239350000
29.8527850000,-1.0239300000
29.8527783330,-1.0239216670
29.8527716670,-1.0239166670
29.8527700000,-1.0239116670
29.8527566670,-1.0239033330
29.8527500000,-1.0238883330
29.8527400000,-1.0238750000
29.8527366670,-1.0238700000
29.8527333330,-1.0238650000
29.8527266670,-1.0238600000
29.8527200000,-1.0238533330
29.8527066670,-1.0238433330
29.8527016670,-1.0238283330
29.8527000000,-1.0238116670
29.8527000000,-1.0238050000
29.8526966670,-1.0237950000
29.8526933330,-1.0237766670
29.8526850000,-1.0237633330
29.8526816670,-1.0237483330
29.8526716670,-1.0237383330
29.8526700000,-1.0237316670
29.8526616670,-1.0237283330
29.8526516670,-1.0237200000
29.8526516670,-1.0237050000
29.8526500000,-1.0236933330
29.8526383330,-1.0236816670
29.8526366670,-1.0236700000
29.8526333330,-1.0236616670
29.8526266670,-1.0236516670
29.8526216670,-1.0236466670
29.8526150000,-1.0236400000
29.8526066670,-1.0236316670
29.8526033330,-1.0236200000
29.8526016670,-1.0236100000
29.8525983330,-1.0236000000
29.8525866670,-1.0235800000
29.8525700000,-1.0235650000
29.8525650000,-1.0235433330
29.8525633330,-1.0235183330
29.8525650000,-1.0235016670
29.8525633330,-1.0235000000
29.8527366670,-1.0229483330
29.8527400000,-1.0229433330
29.8527450000,-1.0229333330
29.8527483330,-1.0229200000
29.8527533330,-1.0229033330
29.8527633330,-1.0228933330
29.8527700000,-1.0228866670
29.8527733330,-1.0228800000
29.8527766670,-1.0228733330
29.8527800000,-1.0228633330
29.8527816670,-1.0228566670
29.8527833330,-1.0228533330
29.8527850000,-1.0228483330
29.8527866670,-1.0228400000
29.8527900000,-1.0228333330
29.8527916670,-1.0228250000
29.8527966670,-1.0228133330
29.8527983330,-1.0228050000
29.8528016670,-1.0227983330
29.8528066670,-1.0227900000
29.8528083330,-1.0227833330
29.8528116670,-1.0227783330
29.8528150000,-1.0227683330
29.8528166670,-1.0227616670
29.8528183330,-1.0227533330
29.8528216670,-1.0227433330
29.8528233330,-1.0227333330
29.8528250000,-1.0227233330
29.8528283330,-1.0227116670
29.8528316670,-1.0227000000
29.8528333330,-1.0226866670
29.8528366670,-1.0226750000
29.8528400000,-1.0226650000
29.8528433330,-1.0226533330
29.8528433330,-1.0226416670
29.8528416670,-1.0226300000
29.8528416670,-1.0226183330
29.8528433330,-1.0225966670
29.8528433330,-1.0225766670
29.8528416670,-1.0225516670
29.8528416670,-1.0225416670
29.8528416670,-1.0225300000
29.8528400000,-1.0225183330
29.8528400000,-1.0225050000
29.8528400000,-1.0224966670
29.8528400000,-1.0224850000
29.8528400000,-1.0224616670
29.8528433330,-1.0224400000
29.8528483330,-1.0224183330
29.8528483330,-1.0224133330
29.8528466670,-1.0224066670
29.8528433330,-1.0224000000
29.8528383330,-1.0223883330
29.8528350000,-1.0223766670
29.8528366670,-1.0223500000
29.8528366670,-1.0223400000
29.8528450000,-1.0223166670
29.8528483330,-1.0222916670
29.8528500000,-1.0222816670
29.8528516670,-1.0222716670
29.8528516670,-1.0222600000
29.8528533330,-1.0222450000
29.8528533330,-1.0222266670
29.8528516670,-1.0222116670
29.8528516670,-1.0222050000
29.8528550000,-1.0221866670
29.8528666670,-1.0221500000
29.8528683330,-1.0221383330
29.8528716670,-1.0221166670
29.8528700000,-1.0220966670
29.8528683330,-1.0220916670
29.8528716670,-1.0220816670
29.8528733330,-1.0220716670
29.8528750000,-1.0220616670
29.8528816670,-1.0220450000
29.8528883330,-1.0220366670
29.8528916670,-1.0220266670
29.8528900000,-1.0220233330
29.8528916670,-1.0220166670
29.8528933330,-1.0219900000
29.8528966670,-1.0219750000
29.8529000000,-1.0219616670
29.8528983330,-1.0219300000
29.8528983330,-1.0219066670
29.8528966670,-1.0219016670
29.8528900000,-1.0218866670
29.8528883330,-1.0218766670
29.8528900000,-1.0218650000
29.8528933330,-1.0218416670
29.8529033330,-1.0218133330
29.8529050000,-1.0218033330
29.8529066670,-1.0217900000
29.8529083330,-1.0217833330
29.8529100000,-1.0217750000
29.8529166670,-1.0217583330
29.8529183330,-1.0217533330
29.8529183330,-1.0217483330
29.8529216670,-1.0217333330
29.8529250000,-1.0217250000
29.8529283330,-1.0217183330
29.8529350000,-1.0217050000
29.8529366670,-1.0216750000
29.8529450000,-1.0216350000
29.8529466670,-1.0216316670
29.8529500000,-1.0216233330
29.8529466670,-1.0216116670
29.8529483330,-1.0216066670
29.8529516670,-1.0215966670
29.8529600000,-1.0215766670
29.8529633330,-1.0215666670
29.8529666670,-1.0215566670
29.8529733330,-1.0215433330
29.8529800000,-1.0215316670
29.8529850000,-1.0215233330
29.8529883330,-1.0215066670
29.8529916670,-1.0215016670
29.8529966670,-1.0214933330
29.8530050000,-1.0214766670
29.8530100000,-1.0214683330
29.8530133330,-1.0214616670
29.8530166670,-1.0214483330
29.8530183330,-1.0214383330
29.8530200000,-1.0214316670
29.8530316670,-1.0214033330
29.8530333330,-1.0213966670
29.8530366670,-1.0213900000
29.8530416670,-1.0213766670
29.8530450000,-1.0213716670
29.8530500000,-1.0213650000
29.8530566670,-1.0213500000
29.8530566670,-1.0213466670
29.8530600000,-1.0213416670
29.8530633330,-1.0213350000
29.8530700000,-1.0213200000
29.8530700000,-1.0213133330
29.8530733330,-1.0213050000
29.8530766670,-1.0212983330
29.8530783330,-1.0212916670
29.8530783330,-1.0212833330
29.8530783330,-1.0212766670
29.8530800000,-1.0212683330
29.8530850000,-1.0212483330
29.8530883330,-1.0212450000
29.8530900000,-1.0212383330
29.8531033330,-1.0212250000
29.8531066670,-1.0212200000
29.8531100000,-1.0212166670
29.8531266670,-1.0211983330
29.8531283330,-1.0211933330
29.8531316670,-1.0211916670
29.8531366670,-1.0211866670
29.8531383330,-1.0211816670
29.8531450000,-1.0211766670
29.8531466670,-1.0211733330
29.8531466670,-1.0211716670
29.8531483330,-1.0211700000
29.8531516670,-1.0211683330
29.8531600000,-1.0211633330
29.8531633330,-1.0211600000
29.8531633330,-1.0211583330
29.8531650000,-1.0211533330
29.8531666670,-1.0211500000
29.8531783330,-1.0211450000
29.8531833330,-1.0211416670
29.8531883330,-1.0211400000
29.8531966670,-1.0211350000
29.8532033330,-1.0211283330
29.8565550000,-1.0224166670</coordinates>
                </LineString>
            </Placemark>
            <Placemark>
                <name>2006UG399-Byamukama  kened 01</name>
                <styleUrl>#trackStyle1</styleUrl>
                <LineString>
                    <coordinates>29.8543016670,-1.0211400000
29.8543133330,-1.0211200000
29.8543183330,-1.0211050000
29.8543216670,-1.0210850000
29.8543350000,-1.0210700000
29.8543466670,-1.0210466670
29.8543616670,-1.0210200000
29.8543600000,-1.0210150000
29.8543650000,-1.0210116670
29.8543750000,-1.0210050000
29.8543816670,-1.0210033330
29.8543866670,-1.0209983330
29.8544000000,-1.0209866670
29.8544016670,-1.0209833330
29.8544050000,-1.0209766670
29.8544083330,-1.0209666670
29.8544166670,-1.0209533330
29.8544333330,-1.0209300000
29.8544333330,-1.0209250000
29.8544333330,-1.0209166670
29.8544316670,-1.0209116670
29.8544283330,-1.0209066670
29.8544316670,-1.0208933330
29.8544350000,-1.0208866670
29.8544350000,-1.0208766670
29.8544333330,-1.0208716670
29.8544316670,-1.0208533330
29.8544333330,-1.0208466670
29.8544316670,-1.0208383330
29.8544300000,-1.0208266670
29.8544366670,-1.0208150000
29.8544466670,-1.0208050000
29.8544550000,-1.0207950000
29.8544633330,-1.0207883330
29.8544700000,-1.0207833330
29.8544950000,-1.0207733330
29.8545250000,-1.0207366670
29.8545333330,-1.0207183330
29.8545383330,-1.0207083330
29.8545433330,-1.0207016670
29.8545483330,-1.0206900000
29.8545483330,-1.0206816670
29.8545500000,-1.0206766670
29.8545550000,-1.0206700000
29.8545583330,-1.0206683330
29.8545633330,-1.0206666670
29.8545733330,-1.0206550000
29.8545733330,-1.0206500000
29.8545800000,-1.0206466670
29.8545850000,-1.0206466670
29.8545916670,-1.0206433330
29.8545966670,-1.0206416670
29.8546066670,-1.0206383330
29.8546200000,-1.0206300000
29.8546316670,-1.0206200000
29.8546433330,-1.0206066670
29.8546483330,-1.0205950000
29.8546550000,-1.0205866670
29.8546616670,-1.0205783330
29.8546716670,-1.0205666670
29.8546750000,-1.0205533330
29.8546816670,-1.0205433330
29.8546916670,-1.0205316670
29.8547016670,-1.0205100000
29.8547183330,-1.0204983330
29.8547483330,-1.0204766670
29.8547583330,-1.0204683330
29.8547633330,-1.0204600000
29.8547700000,-1.0204550000
29.8547716670,-1.0204466670
29.8547783330,-1.0204300000
29.8548050000,-1.0204133330
29.8548166670,-1.0204016670
29.8548300000,-1.0203850000
29.8548416670,-1.0203816670
29.8548533330,-1.0203783330
29.8548700000,-1.0203633330
29.8548800000,-1.0203433330
29.8548900000,-1.0203183330
29.8548966670,-1.0203050000
29.8549066670,-1.0202950000
29.8549150000,-1.0202883330
29.8549183330,-1.0202800000
29.8549233330,-1.0202700000
29.8549616670,-1.0202316670
29.8549750000,-1.0202150000
29.8549750000,-1.0201950000
29.8549816670,-1.0201683330
29.8549833330,-1.0201466670
29.8549866670,-1.0201400000
29.8549866670,-1.0201333330
29.8549800000,-1.0201216670
29.8549766670,-1.0201116670
29.8549850000,-1.0201033330
29.8550033330,-1.0200666670
29.8550233330,-1.0200466670
29.8550283330,-1.0200366670
29.8550300000,-1.0200266670
29.8550283330,-1.0200183330
29.8550233330,-1.0200100000
29.8550166670,-1.0199883330
29.8550150000,-1.0199700000
29.8550383330,-1.0198933330
29.8550500000,-1.0198650000
29.8550633330,-1.0198333330
29.8550733330,-1.0198233330
29.8550816670,-1.0198116670
29.8550833330,-1.0198016670
29.8550816670,-1.0197933330
29.8550883330,-1.0197766670
29.8551200000,-1.0197366670
29.8551250000,-1.0197250000
29.8551316670,-1.0197033330
29.8551350000,-1.0196850000
29.8551383330,-1.0196783330
29.8551416670,-1.0196683330
29.8551466670,-1.0196583330
29.8551533330,-1.0196500000
29.8551666670,-1.0196333330
29.8551833330,-1.0195700000
29.8551900000,-1.0195500000
29.8552016670,-1.0195300000
29.8551983330,-1.0195166670
29.8551983330,-1.0195066670
29.8552050000,-1.0194833330
29.8552116670,-1.0194583330
29.8552166670,-1.0194366670
29.8552200000,-1.0194266670
29.8552333330,-1.0193983330
29.8552383330,-1.0193750000
29.8552450000,-1.0193650000
29.8552500000,-1.0193550000
29.8552550000,-1.0193450000
29.8552616670,-1.0193316670
29.8552633330,-1.0193050000
29.8552666670,-1.0192866670
29.8552650000,-1.0192716670
29.8552633330,-1.0192583330
29.8552666670,-1.0192466670
29.8552733330,-1.0192083330
29.8552750000,-1.0191916670
29.8552633330,-1.0191783330
29.8552566670,-1.0191666670
29.8552550000,-1.0191533330
29.8552483330,-1.0191333330
29.8552383330,-1.0191083330
29.8552350000,-1.0190983330
29.8552333330,-1.0190916670
29.8552383330,-1.0190833330
29.8552383330,-1.0190716670
29.8552116670,-1.0189933330
29.8552116670,-1.0189816670
29.8552133330,-1.0189566670
29.8552066670,-1.0189416670
29.8552000000,-1.0189283330
29.8551966670,-1.0189216670
29.8551983330,-1.0189133330
29.8552000000,-1.0188983330
29.8552050000,-1.0188716670
29.8552016670,-1.0188566670
29.8552033330,-1.0188450000
29.8551916670,-1.0187800000
29.8551866670,-1.0187683330
29.8551766670,-1.0187450000
29.8551683330,-1.0187366670
29.8551666670,-1.0187233330
29.8551666670,-1.0187083330
29.8551616670,-1.0186900000
29.8553933330,-1.0183433330
29.8553433330,-1.0175916670
29.8553566670,-1.0176450000
29.8553616670,-1.0177000000
29.8553633330,-1.0176833330
29.8551050000,-1.0173066670
29.8551050000,-1.0173050000
29.8551050000,-1.0173016670
29.8551050000,-1.0173000000
29.8551066670,-1.0173000000
29.8548316670,-1.0169033330
29.8548300000,-1.0169033330
29.8548283330,-1.0169016670
29.8548266670,-1.0169000000
29.8548266670,-1.0169016670
29.8545416670,-1.0139766670
29.8545450000,-1.0139800000
29.8545483330,-1.0139816670
29.8545583330,-1.0139900000
29.8545600000,-1.0139916670
29.8545616670,-1.0139916670
29.8545966670,-1.0140033330
29.8546000000,-1.0140050000
29.8546000000,-1.0140033330
29.8545983330,-1.0140050000
29.8546000000,-1.0140066670
29.8546016670,-1.0140066670
29.8546033330,-1.0140083330
29.8546050000,-1.0140100000
29.8552183330,-1.0137750000
29.8552183330,-1.0137800000
29.8552200000,-1.0137850000
29.8552233330,-1.0137916670
29.8552233330,-1.0137933330
29.8552250000,-1.0137966670
29.8552266670,-1.0138016670
29.8552266670,-1.0138033330
29.8569200000,-1.0146266670
29.8569216670,-1.0146283330
29.8569233330,-1.0146283330
29.8569266670,-1.0146300000
29.8569300000,-1.0146300000
29.8569316670,-1.0146316670
29.8569333330,-1.0146333330
29.8569350000,-1.0146333330
29.8569350000,-1.0146350000
29.8569416670,-1.0146366670
29.8569450000,-1.0146383330
29.8573733330,-1.0160766670
29.8573800000,-1.0160866670
29.8573816670,-1.0160883330
29.8573850000,-1.0160900000
29.8573866670,-1.0160916670
29.8573883330,-1.0160966670
29.8573883330,-1.0160983330
29.8573866670,-1.0161016670
29.8585000000,-1.0208833330
29.8584983330,-1.0208816670
29.8584983330,-1.0208800000
29.8584983330,-1.0208783330
29.8584983330,-1.0208766670
29.8585000000,-1.0208766670
29.8585000000,-1.0208750000
29.8585016670,-1.0208733330
29.8585016670,-1.0208716670
29.8585016670,-1.0208700000
29.8585033330,-1.0208700000
29.8585066670,-1.0208683330
29.8585150000,-1.0208716670
29.8585183330,-1.0208766670
29.8585183330,-1.0208816670
29.8585133330,-1.0208866670
29.8585133330,-1.0208883330
29.8585050000,-1.0208866670
29.8584966670,-1.0208850000
29.8584950000,-1.0208850000
29.8584916670,-1.0208850000
29.8584866670,-1.0208883330
29.8584833330,-1.0208900000
29.8584833330,-1.0208950000
29.8584800000,-1.0208966670
29.8584783330,-1.0208966670
29.8584766670,-1.0208950000
29.8584750000,-1.0208933330
29.8584750000,-1.0208950000
29.8584766670,-1.0208983330
29.8584766670,-1.0209000000
29.8584766670,-1.0209016670
29.8584783330,-1.0209000000
29.8584766670,-1.0209016670
29.8584766670,-1.0209050000
29.8584783330,-1.0209050000
29.8575700000,-1.0216416670
29.8575700000,-1.0216433330
29.8575700000,-1.0216450000
29.8575716670,-1.0216466670
29.8575716670,-1.0216483330
29.8575700000,-1.0216483330
29.8575700000,-1.0216500000
29.8575683330,-1.0216516670
29.8575666670,-1.0216533330
29.8575633330,-1.0216566670
29.8575566670,-1.0216633330
29.8575516670,-1.0216633330
29.8575183330,-1.0216500000
29.8575083330,-1.0216383330
29.8575033330,-1.0216283330
29.8574933330,-1.0216166670
29.8574933330,-1.0216150000
29.8574850000,-1.0216116670
29.8574783330,-1.0216066670
29.8574700000,-1.0216016670
29.8574683330,-1.0215983330
29.8574666670,-1.0215950000
29.8574516670,-1.0215800000
29.8574450000,-1.0215766670
29.8574400000,-1.0215783330
29.8574183330,-1.0215783330
29.8574100000,-1.0215733330
29.8574033330,-1.0215700000
29.8574000000,-1.0215700000
29.8573933330,-1.0215750000
29.8573866670,-1.0215800000
29.8573766670,-1.0215616670
29.8573716670,-1.0215616670
29.8573616670,-1.0215633330
29.8573516670,-1.0215616670
29.8573433330,-1.0215633330
29.8573450000,-1.0215816670
29.8573400000,-1.0215900000
29.8573266670,-1.0215916670
29.8573216670,-1.0215850000
29.8573233330,-1.0215800000
29.8573250000,-1.0215750000
29.8573233330,-1.0215700000
29.8573133330,-1.0215700000
29.8573000000,-1.0215750000
29.8572883330,-1.0215783330
29.8572750000,-1.0215933330
29.8572700000,-1.0216183330
29.8572666670,-1.0216283330
29.8572666670,-1.0216366670
29.8572650000,-1.0216550000
29.8572633330,-1.0216650000
29.8572550000,-1.0216350000
29.8572416670,-1.0216433330
29.8572366670,-1.0216516670
29.8572316670,-1.0216500000
29.8572266670,-1.0216450000
29.8572250000,-1.0216400000
29.8572233330,-1.0216366670
29.8572133330,-1.0216316670
29.8572083330,-1.0216316670
29.8572066670,-1.0216283330
29.8571966670,-1.0216333330
29.8571816670,-1.0216500000
29.8571400000,-1.0216766670
29.8571233330,-1.0216833330
29.8571266670,-1.0216733330
29.8571266670,-1.0216800000
29.8571316670,-1.0216966670
29.8571300000,-1.0217050000
29.8571266670,-1.0217116670
29.8571183330,-1.0217233330
29.8571100000,-1.0217283330
29.8571000000,-1.0217366670
29.8570650000,-1.0217550000
29.8570283330,-1.0217800000
29.8570233330,-1.0217833330
29.8570116670,-1.0217933330
29.8570050000,-1.0218000000
29.8569966670,-1.0218083330
29.8565450000,-1.0229416670
29.8563866670,-1.0230100000
29.8563600000,-1.0230166670
29.8563533330,-1.0230200000
29.8563466670,-1.0230216670
29.8563416670,-1.0230283330
29.8563333330,-1.0230350000
29.8563316670,-1.0230366670
29.8542983330,-1.0212083330
29.8543016670,-1.0211400000</coordinates>
                </LineString>
            </Placemark>
            <Placemark>
                <name>2006UG400-Turinawe peter 01</name>
                <styleUrl>#trackStyle1</styleUrl>
                <LineString>
                    <coordinates>29.8186183330,-0.9639850000
29.8186166670,-0.9639850000
29.8186150000,-0.9639850000
29.8186150000,-0.9639866670
29.8186150000,-0.9639883330
29.8186150000,-0.9639900000
29.8186150000,-0.9639933330
29.8186083330,-0.9639933330
29.8186050000,-0.9640016670
29.8186033330,-0.9640066670
29.8186033330,-0.9640183330
29.8186033330,-0.9640200000
29.8186033330,-0.9640216670
29.8186050000,-0.9640233330
29.8186033330,-0.9640250000
29.8186050000,-0.9640250000
29.8186100000,-0.9640250000
29.8186083330,-0.9640266670
29.8186066670,-0.9640266670
29.8186050000,-0.9640283330
29.8186066670,-0.9640300000
29.8186066670,-0.9640316670
29.8186066670,-0.9640333330
29.8186066670,-0.9640350000
29.8186083330,-0.9640350000
29.8186083330,-0.9640366670
29.8186083330,-0.9640383330
29.8186100000,-0.9640400000
29.8186100000,-0.9640416670
29.8186116670,-0.9640433330
29.8186116670,-0.9640450000
29.8186116670,-0.9640466670
29.8186133330,-0.9640466670
29.8186133330,-0.9640483330
29.8186100000,-0.9640500000
29.8186016670,-0.9640516670
29.8186000000,-0.9640566670
29.8186000000,-0.9640583330
29.8186016670,-0.9640716670
29.8186016670,-0.9640783330
29.8186016670,-0.9640816670
29.8186033330,-0.9640816670
29.8186050000,-0.9640833330
29.8186066670,-0.9640833330
29.8186066670,-0.9640850000
29.8186083330,-0.9640866670
29.8186083330,-0.9640883330
29.8186100000,-0.9640883330
29.8186100000,-0.9640900000
29.8186116670,-0.9640900000
29.8186116670,-0.9640916670
29.8186133330,-0.9640933330
29.8186133330,-0.9640950000
29.8186150000,-0.9640966670
29.8186166670,-0.9641000000
29.8186183330,-0.9641066670
29.8186183330,-0.9641150000
29.8186216670,-0.9641200000
29.8186266670,-0.9641250000
29.8186316670,-0.9641283330
29.8186333330,-0.9641333330
29.8186366670,-0.9641400000
29.8186450000,-0.9641533330
29.8186500000,-0.9641600000
29.8186533330,-0.9641683330
29.8186566670,-0.9641766670
29.8186583330,-0.9641833330
29.8186600000,-0.9641916670
29.8186600000,-0.9641966670
29.8186600000,-0.9642016670
29.8186583330,-0.9642050000
29.8186583330,-0.9642116670
29.8186566670,-0.9642166670
29.8186566670,-0.9642300000
29.8186666670,-0.9642583330
29.8186700000,-0.9642733330
29.8186733330,-0.9642816670
29.8186783330,-0.9642883330
29.8186816670,-0.9642966670
29.8186866670,-0.9643050000
29.8186916670,-0.9643133330
29.8186933330,-0.9643216670
29.8186966670,-0.9643300000
29.8187000000,-0.9643383330
29.8187050000,-0.9643450000
29.8187083330,-0.9643516670
29.8187100000,-0.9643600000
29.8187133330,-0.9643700000
29.8187166670,-0.9643800000
29.8187216670,-0.9643866670
29.8187266670,-0.9643900000
29.8187266670,-0.9643916670
29.8187466670,-0.9644033330
29.8187466670,-0.9644050000
29.8208666670,-0.9624933330
29.8208650000,-0.9624900000
29.8208633330,-0.9624883330
29.8208633330,-0.9624916670
29.8208683330,-0.9624983330
29.8208733330,-0.9625050000
29.8208766670,-0.9625050000
29.8208783330,-0.9625050000
29.8208833330,-0.9625033330
29.8208866670,-0.9625033330
29.8216166670,-0.9615433330
29.8216183330,-0.9615416670
29.8216200000,-0.9615400000
29.8216216670,-0.9615366670
29.8216216670,-0.9615350000
29.8216233330,-0.9615350000
29.8216233330,-0.9615366670
29.8216233330,-0.9615383330
29.8216266670,-0.9615400000
29.8216350000,-0.9615450000
29.8216366670,-0.9615433330
29.8216366670,-0.9615450000
29.8216350000,-0.9615466670
29.8213700000,-0.9614583330
29.8213683330,-0.9614583330
29.8213683330,-0.9614566670
29.8213666670,-0.9614566670
29.8213650000,-0.9614550000
29.8213650000,-0.9614533330
29.8213633330,-0.9614483330
29.8213616670,-0.9614483330
29.8213600000,-0.9614450000
29.8213583330,-0.9614433330
29.8213566670,-0.9614416670
29.8213516670,-0.9614366670
29.8213483330,-0.9614333330
29.8213466670,-0.9614316670
29.8213433330,-0.9614283330
29.8213416670,-0.9614266670
29.8213400000,-0.9614250000
29.8213383330,-0.9614216670
29.8213366670,-0.9614200000
29.8213366670,-0.9614183330
29.8213350000,-0.9614183330
29.8213350000,-0.9614166670
29.8213333330,-0.9614150000
29.8213316670,-0.9614133330
29.8212966670,-0.9613650000
29.8212966670,-0.9613633330
29.8212966670,-0.9613616670
29.8207333330,-0.9615433330
29.8207333330,-0.9615400000
29.8207350000,-0.9615366670
29.8207366670,-0.9615350000
29.8207366670,-0.9615333330
29.8207400000,-0.9615283330
29.8203533330,-0.9605766670
29.8203533330,-0.9605750000
29.8203533330,-0.9605733330
29.8203516670,-0.9605700000
29.8203516670,-0.9605683330
29.8203516670,-0.9605666670
29.8203500000,-0.9605633330
29.8203516670,-0.9605600000
29.8203533330,-0.9605516670
29.8203533330,-0.9605500000
29.8203533330,-0.9605483330
29.8203516670,-0.9605416670
29.8203516670,-0.9605400000
29.8179500000,-0.9613033330
29.8179033330,-0.9613883330
29.8179083330,-0.9613783330
29.8178683330,-0.9614600000
29.8178683330,-0.9614566670
29.8178683330,-0.9614550000
29.8178666670,-0.9614550000
29.8178666670,-0.9614533330
29.8178650000,-0.9614533330
29.8178633330,-0.9614550000
29.8178616670,-0.9614566670
29.8178600000,-0.9614566670
29.8178533330,-0.9614516670
29.8178533330,-0.9614500000
29.8178533330,-0.9614483330
29.8178550000,-0.9614483330
29.8178550000,-0.9614466670
29.8178566670,-0.9614483330
29.8178550000,-0.9614483330
29.8178550000,-0.9614500000
29.8178550000,-0.9614516670
29.8169783330,-0.9621066670
29.8169950000,-0.9620666670
29.8170216670,-0.9620383330
29.8170433330,-0.9620083330
29.8170483330,-0.9619933330
29.8170450000,-0.9619883330
29.8170450000,-0.9619850000
29.8170483330,-0.9619833330
29.8170500000,-0.9619800000
29.8170516670,-0.9619750000
29.8170500000,-0.9619733330
29.8170483330,-0.9619733330
29.8170466670,-0.9619733330
29.8170450000,-0.9619733330
29.8177500000,-0.9631433330
29.8177516670,-0.9631450000
29.8177533330,-0.9631450000
29.8177533330,-0.9631466670
29.8177550000,-0.9631466670
29.8177583330,-0.9631483330
29.8177600000,-0.9631500000
29.8177616670,-0.9631500000
29.8177633330,-0.9631500000
29.8185016670,-0.9639050000
29.8185033330,-0.9639066670
29.8185050000,-0.9639066670
29.8185066670,-0.9639083330
29.8185183330,-0.9639150000
29.8185200000,-0.9639150000
29.8185200000,-0.9639166670
29.8185183330,-0.9639183330
29.8185200000,-0.9639183330
29.8185233330,-0.9639166670
29.8185266670,-0.9639150000
29.8185283330,-0.9639150000
29.8185300000,-0.9639150000
29.8185316670,-0.9639166670
29.8185366670,-0.9639166670
29.8185400000,-0.9639200000
29.8185416670,-0.9639216670
29.8185433330,-0.9639216670
29.8186183330,-0.9639850000</coordinates>
                </LineString>
            </Placemark>
            <Placemark>
                <name>2006UG405-Evalyne 01</name>
                <styleUrl>#trackStyle1</styleUrl>
                <LineString>
                    <coordinates>29.8702433330,-1.0544100000
29.8702450000,-1.0544116670
29.8702483330,-1.0544100000
29.8688600000,-1.0553750000
29.8688516670,-1.0553783330
29.8673616670,-1.0552100000
29.8666166670,-1.0545883330
29.8650900000,-1.0531183330
29.8648966670,-1.0525483330
29.8648950000,-1.0525483330
29.8648966670,-1.0525483330
29.8648983330,-1.0525466670
29.8649116670,-1.0525416670
29.8649283330,-1.0525350000
29.8649466670,-1.0525133330
29.8649650000,-1.0525033330
29.8649816670,-1.0525016670
29.8650016670,-1.0524933330
29.8650266670,-1.0524833330
29.8650466670,-1.0524783330
29.8650716670,-1.0524750000
29.8650916670,-1.0524750000
29.8651083330,-1.0524716670
29.8651233330,-1.0524716670
29.8651416670,-1.0524716670
29.8651550000,-1.0524683330
29.8651633330,-1.0524566670
29.8651783330,-1.0524433330
29.8654433330,-1.0514083330
29.8654483330,-1.0514016670
29.8654533330,-1.0513950000
29.8654533330,-1.0513933330
29.8654650000,-1.0514066670
29.8654700000,-1.0514150000
29.8654716670,-1.0514200000
29.8654750000,-1.0514233330
29.8654766670,-1.0514166670
29.8654783330,-1.0514216670
29.8654816670,-1.0514316670
29.8654866670,-1.0514416670
29.8655000000,-1.0514550000
29.8655133330,-1.0514666670
29.8655283330,-1.0514766670
29.8655466670,-1.0514900000
29.8655583330,-1.0515050000
29.8655666670,-1.0515200000
29.8655766670,-1.0515316670
29.8655800000,-1.0515400000
29.8655850000,-1.0515483330
29.8655883330,-1.0515650000
29.8655950000,-1.0515850000
29.8656050000,-1.0516000000
29.8656150000,-1.0516083330
29.8656166670,-1.0516083330
29.8656183330,-1.0516083330
29.8656166670,-1.0516066670
29.8656166670,-1.0516033330
29.8656183330,-1.0516050000
29.8656233330,-1.0516100000
29.8656283330,-1.0516183330
29.8656350000,-1.0516283330
29.8656450000,-1.0516350000
29.8656550000,-1.0516433330
29.8656650000,-1.0516500000
29.8656733330,-1.0516583330
29.8656816670,-1.0516683330
29.8656883330,-1.0516766670
29.8656950000,-1.0516866670
29.8657016670,-1.0516983330
29.8657083330,-1.0517100000
29.8657150000,-1.0517200000
29.8657216670,-1.0517300000
29.8657283330,-1.0517400000
29.8657433330,-1.0517566670
29.8657533330,-1.0517700000
29.8657666670,-1.0517800000
29.8657816670,-1.0517966670
29.8657966670,-1.0518200000
29.8658033330,-1.0518283330
29.8658066670,-1.0518366670
29.8658183330,-1.0518550000
29.8658250000,-1.0518550000
29.8658416670,-1.0518733330
29.8658466670,-1.0518833330
29.8658583330,-1.0518966670
29.8658783330,-1.0519233330
29.8659000000,-1.0519466670
29.8659100000,-1.0519550000
29.8659400000,-1.0520116670
29.8659466670,-1.0520466670
29.8659500000,-1.0520566670
29.8659566670,-1.0520666670
29.8659683330,-1.0520833330
29.8660166670,-1.0521266670
29.8660066670,-1.0521200000
29.8660116670,-1.0521283330
29.8660300000,-1.0521450000
29.8660383330,-1.0521483330
29.8660516670,-1.0521683330
29.8660616670,-1.0522066670
29.8660716670,-1.0522183330
29.8660783330,-1.0522400000
29.8660900000,-1.0522550000
29.8661066670,-1.0522850000
29.8661250000,-1.0523150000
29.8661283330,-1.0523316670
29.8661283330,-1.0523633330
29.8661283330,-1.0523833330
29.8661333330,-1.0523833330
29.8661366670,-1.0523916670
29.8661600000,-1.0524200000
29.8661716670,-1.0524316670
29.8661883330,-1.0524433330
29.8662016670,-1.0524583330
29.8662116670,-1.0524683330
29.8662200000,-1.0524783330
29.8662316670,-1.0524916670
29.8662350000,-1.0524950000
29.8662400000,-1.0525033330
29.8662483330,-1.0525100000
29.8662583330,-1.0525216670
29.8662633330,-1.0525350000
29.8662833330,-1.0525533330
29.8663116670,-1.0525683330
29.8663316670,-1.0525800000
29.8663250000,-1.0525766670
29.8663333330,-1.0525900000
29.8663400000,-1.0525950000
29.8663466670,-1.0526050000
29.8663616670,-1.0526250000
29.8663766670,-1.0526416670
29.8663883330,-1.0526500000
29.8664066670,-1.0526600000
29.8664033330,-1.0526666670
29.8664100000,-1.0526716670
29.8664400000,-1.0527033330
29.8664383330,-1.0527016670
29.8664450000,-1.0527116670
29.8664616670,-1.0527366670
29.8664700000,-1.0527516670
29.8664800000,-1.0527666670
29.8664983330,-1.0527816670
29.8665100000,-1.0527933330
29.8665200000,-1.0528016670
29.8665300000,-1.0528100000
29.8665400000,-1.0528183330
29.8665500000,-1.0528250000
29.8665583330,-1.0528333330
29.8665783330,-1.0528466670
29.8665933330,-1.0528616670
29.8666183330,-1.0528750000
29.8666383330,-1.0528816670
29.8666650000,-1.0528866670
29.8666833330,-1.0528900000
29.8666933330,-1.0528866670
29.8667050000,-1.0528800000
29.8667150000,-1.0528733330
29.8667266670,-1.0528650000
29.8667400000,-1.0528583330
29.8667500000,-1.0528550000
29.8667616670,-1.0528483330
29.8667716670,-1.0528450000
29.8667866670,-1.0528383330
29.8667983330,-1.0528316670
29.8668100000,-1.0528233330
29.8668216670,-1.0528183330
29.8668333330,-1.0528150000
29.8668450000,-1.0528083330
29.8668616670,-1.0528033330
29.8668750000,-1.0528033330
29.8668883330,-1.0528050000
29.8669000000,-1.0528033330
29.8669083330,-1.0527983330
29.8669150000,-1.0527916670
29.8669366670,-1.0527900000
29.8669566670,-1.0527766670
29.8669750000,-1.0527666670
29.8669933330,-1.0527650000
29.8670100000,-1.0527566670
29.8670250000,-1.0527566670
29.8670350000,-1.0527650000
29.8670483330,-1.0527533330
29.8670633330,-1.0527483330
29.8670900000,-1.0527500000
29.8671116670,-1.0527466670
29.8671350000,-1.0527483330
29.8671533330,-1.0527483330
29.8671766670,-1.0527450000
29.8671883330,-1.0527450000
29.8671983330,-1.0527433330
29.8672183330,-1.0527383330
29.8672366670,-1.0527300000
29.8672500000,-1.0527233330
29.8672600000,-1.0527200000
29.8672700000,-1.0527183330
29.8672850000,-1.0527183330
29.8673066670,-1.0527150000
29.8673133330,-1.0527200000
29.8673150000,-1.0527266670
29.8673200000,-1.0527283330
29.8673366670,-1.0527250000
29.8673533330,-1.0527183330
29.8673633330,-1.0527150000
29.8673683330,-1.0527150000
29.8673716670,-1.0527200000
29.8688300000,-1.0480233330
29.8688300000,-1.0480216670
29.8696216670,-1.0495200000
29.8696216670,-1.0495183330
29.8698766670,-1.0496550000
29.8698766670,-1.0496533330
29.8703950000,-1.0495750000
29.8703983330,-1.0495750000
29.8710516670,-1.0498250000
29.8710550000,-1.0498266670
29.8757116670,-1.0514000000
29.8757133330,-1.0514000000
29.8760350000,-1.0515833330
29.8760366670,-1.0515883330
29.8760383330,-1.0515950000
29.8760383330,-1.0516000000
29.8760366670,-1.0516116670
29.8760366670,-1.0516183330
29.8760383330,-1.0516250000
29.8760416670,-1.0516400000
29.8760466670,-1.0516583330
29.8760483330,-1.0516750000
29.8760450000,-1.0516900000
29.8760433330,-1.0517066670
29.8760400000,-1.0517233330
29.8760366670,-1.0517416670
29.8760316670,-1.0517500000
29.8760266670,-1.0517550000
29.8760166670,-1.0517633330
29.8760066670,-1.0517716670
29.8760000000,-1.0517766670
29.8759916670,-1.0517883330
29.8759916670,-1.0517966670
29.8759883330,-1.0518033330
29.8759850000,-1.0518183330
29.8759866670,-1.0518316670
29.8759883330,-1.0518433330
29.8759916670,-1.0518616670
29.8759933330,-1.0518733330
29.8759933330,-1.0518816670
29.8759966670,-1.0518950000
29.8760050000,-1.0519116670
29.8760100000,-1.0519200000
29.8760150000,-1.0519250000
29.8760266670,-1.0519383330
29.8760416670,-1.0519450000
29.8760500000,-1.0519500000
29.8760533330,-1.0519550000
29.8760500000,-1.0519700000
29.8760350000,-1.0519816670
29.8760300000,-1.0519900000
29.8760266670,-1.0519933330
29.8760233330,-1.0520000000
29.8760200000,-1.0520083330
29.8760133330,-1.0520116670
29.8760083330,-1.0520166670
29.8760000000,-1.0520250000
29.8759966670,-1.0520366670
29.8759866670,-1.0520483330
29.8759800000,-1.0520516670
29.8759766670,-1.0520566670
29.8759700000,-1.0520683330
29.8759650000,-1.0520766670
29.8759583330,-1.0520833330
29.8759516670,-1.0520866670
29.8759483330,-1.0520900000
29.8759466670,-1.0520950000
29.8759450000,-1.0521016670
29.8759400000,-1.0521100000
29.8759383330,-1.0521150000
29.8759333330,-1.0521216670
29.8759333330,-1.0521250000
29.8759300000,-1.0521300000
29.8759233330,-1.0521383330
29.8759150000,-1.0521466670
29.8759083330,-1.0521500000
29.8759050000,-1.0521566670
29.8759000000,-1.0521666670
29.8758966670,-1.0521700000
29.8758933330,-1.0521716670
29.8758883330,-1.0521700000
29.8758833330,-1.0521716670
29.8758733330,-1.0521750000
29.8758700000,-1.0521833330
29.8758700000,-1.0521900000
29.8758683330,-1.0521966670
29.8756833330,-1.0524666670
29.8753516670,-1.0530200000
29.8753500000,-1.0530216670
29.8753366670,-1.0530366670
29.8753150000,-1.0530483330
29.8752950000,-1.0530600000
29.8752783330,-1.0530700000
29.8752616670,-1.0530800000
29.8752466670,-1.0530833330
29.8752316670,-1.0530816670
29.8752150000,-1.0530816670
29.8752016670,-1.0530833330
29.8751900000,-1.0530900000
29.8751733330,-1.0530916670
29.8751616670,-1.0530933330
29.8751450000,-1.0530966670
29.8751266670,-1.0530966670
29.8751133330,-1.0530983330
29.8751016670,-1.0531000000
29.8750900000,-1.0530983330
29.8750783330,-1.0530966670
29.8750683330,-1.0530950000
29.8750550000,-1.0530916670
29.8750466670,-1.0530900000
29.8750383330,-1.0530916670
29.8750250000,-1.0530933330
29.8750183330,-1.0530933330
29.8750116670,-1.0530966670
29.8749966670,-1.0530933330
29.8749933330,-1.0530933330
29.8749900000,-1.0530950000
29.8749883330,-1.0530966670
29.8749866670,-1.0530966670
29.8749866670,-1.0530983330
29.8749816670,-1.0530983330
29.8749766670,-1.0531016670
29.8749733330,-1.0531050000
29.8749683330,-1.0531050000
29.8749633330,-1.0531066670
29.8749616670,-1.0531083330
29.8749600000,-1.0531083330
29.8749566670,-1.0531083330
29.8749466670,-1.0531050000
29.8749400000,-1.0531066670
29.8749266670,-1.0531066670
29.8749216670,-1.0531066670
29.8749150000,-1.0531100000
29.8749100000,-1.0531100000
29.8749066670,-1.0531116670
29.8749016670,-1.0531133330
29.8748983330,-1.0531116670
29.8748933330,-1.0531133330
29.8748933330,-1.0531150000
29.8748900000,-1.0531150000
29.8748900000,-1.0531166670
29.8748883330,-1.0531166670
29.8748866670,-1.0531183330
29.8748850000,-1.0531183330
29.8748850000,-1.0531166670
29.8748816670,-1.0531133330
29.8748766670,-1.0531133330
29.8748716670,-1.0531150000
29.8748683330,-1.0531166670
29.8748633330,-1.0531183330
29.8748483330,-1.0531200000
29.8741516670,-1.0534933330
29.8741500000,-1.0534950000
29.8741483330,-1.0534950000
29.8741466670,-1.0535033330
29.8741500000,-1.0535100000
29.8741466670,-1.0535116670
29.8741416670,-1.0535150000
29.8741416670,-1.0535183330
29.8741416670,-1.0535216670
29.8741400000,-1.0535233330
29.8741383330,-1.0535266670
29.8741366670,-1.0535316670
29.8741400000,-1.0535366670
29.8741383330,-1.0535400000
29.8741333330,-1.0535500000
29.8741316670,-1.0535583330
29.8741333330,-1.0535616670
29.8741350000,-1.0535633330
29.8741366670,-1.0535666670
29.8741366670,-1.0535700000
29.8741316670,-1.0535750000
29.8741316670,-1.0535766670
29.8741316670,-1.0535783330
29.8741300000,-1.0535783330
29.8741266670,-1.0535850000
29.8741266670,-1.0535900000
29.8741200000,-1.0536000000
29.8741200000,-1.0536016670
29.8741166670,-1.0536033330
29.8741150000,-1.0536083330
29.8741083330,-1.0536116670
29.8741066670,-1.0536150000
29.8741066670,-1.0536233330
29.8741066670,-1.0536250000
29.8741066670,-1.0536283330
29.8741033330,-1.0536333330
29.8741000000,-1.0536350000
29.8740966670,-1.0536350000
29.8740916670,-1.0536383330
29.8740900000,-1.0536416670
29.8740866670,-1.0536466670
29.8740850000,-1.0536533330
29.8740850000,-1.0536550000
29.8740833330,-1.0536583330
29.8740850000,-1.0536600000
29.8740850000,-1.0536633330
29.8740833330,-1.0536650000
29.8740833330,-1.0536666670
29.8740866670,-1.0536666670
29.8740883330,-1.0536683330
29.8740883330,-1.0536700000
29.8740900000,-1.0536716670
29.8740900000,-1.0536750000
29.8740900000,-1.0536783330
29.8740900000,-1.0536816670
29.8740916670,-1.0536833330
29.8740916670,-1.0536866670
29.8740900000,-1.0536883330
29.8740883330,-1.0536883330
29.8740866670,-1.0536916670
29.8740816670,-1.0537000000
29.8740816670,-1.0537016670
29.8740816670,-1.0537033330
29.8740800000,-1.0537100000
29.8740816670,-1.0537150000
29.8740850000,-1.0537200000
29.8740883330,-1.0537233330
29.8740900000,-1.0537266670
29.8740883330,-1.0537300000
29.8740883330,-1.0537316670
29.8740883330,-1.0537333330
29.8740866670,-1.0537350000
29.8740850000,-1.0537333330
29.8740833330,-1.0537333330
29.8740850000,-1.0537333330
29.8740833330,-1.0537333330
29.8740850000,-1.0537366670
29.8740850000,-1.0537400000
29.8740833330,-1.0537450000
29.8740816670,-1.0537450000
29.8740800000,-1.0537500000
29.8740783330,-1.0537516670
29.8740783330,-1.0537550000
29.8740783330,-1.0537566670
29.8740783330,-1.0537583330
29.8740783330,-1.0537616670
29.8740800000,-1.0537616670
29.8740850000,-1.0537650000
29.8740833330,-1.0537766670
29.8740816670,-1.0537783330
29.8740800000,-1.0537783330
29.8740766670,-1.0537800000
29.8740766670,-1.0537866670
29.8740800000,-1.0537916670
29.8740816670,-1.0537933330
29.8740833330,-1.0537950000
29.8740833330,-1.0537966670
29.8740866670,-1.0537983330
29.8740883330,-1.0538066670
29.8740883330,-1.0538050000
29.8740916670,-1.0538050000
29.8740966670,-1.0538066670
29.8741016670,-1.0538116670
29.8741050000,-1.0538250000
29.8741016670,-1.0538283330
29.8741000000,-1.0538283330
29.8741016670,-1.0538316670
29.8741016670,-1.0538350000
29.8741016670,-1.0538483330
29.8741033330,-1.0538516670
29.8741050000,-1.0538533330
29.8741066670,-1.0538533330
29.8741066670,-1.0538550000
29.8741083330,-1.0538550000
29.8741116670,-1.0538583330
29.8741183330,-1.0538583330
29.8741233330,-1.0538616670
29.8741233330,-1.0538633330
29.8741250000,-1.0538650000
29.8741266670,-1.0538683330
29.8741350000,-1.0538800000
29.8741366670,-1.0538833330
29.8741366670,-1.0538866670
29.8741383330,-1.0538883330
29.8741383330,-1.0538900000
29.8741400000,-1.0538916670
29.8741433330,-1.0538983330
29.8741416670,-1.0539000000
29.8741433330,-1.0538983330
29.8740966670,-1.0540833330
29.8740933330,-1.0540850000
29.8740916670,-1.0540850000
29.8740900000,-1.0540833330
29.8740900000,-1.0540850000
29.8740883330,-1.0540850000
29.8740800000,-1.0540916670
29.8740750000,-1.0540933330
29.8740700000,-1.0540950000
29.8740650000,-1.0540966670
29.8740616670,-1.0540983330
29.8740566670,-1.0541016670
29.8740566670,-1.0541050000
29.8740516670,-1.0541083330
29.8740466670,-1.0541100000
29.8740400000,-1.0541100000
29.8740333330,-1.0541116670
29.8740316670,-1.0541116670
29.8740283330,-1.0541116670
29.8740183330,-1.0541150000
29.8740133330,-1.0541150000
29.8740116670,-1.0541166670
29.8740116670,-1.0541200000
29.8740083330,-1.0541216670
29.8740050000,-1.0541200000
29.8740050000,-1.0541216670
29.8740033330,-1.0541233330
29.8740000000,-1.0541266670
29.8739950000,-1.0541283330
29.8739950000,-1.0541266670
29.8739950000,-1.0541283330
29.8739933330,-1.0541283330
29.8739916670,-1.0541266670
29.8739816670,-1.0541333330
29.8739733330,-1.0541416670
29.8739750000,-1.0541450000
29.8739716670,-1.0541416670
29.8739666670,-1.0541366670
29.8739583330,-1.0541216670
29.8739600000,-1.0541283330
29.8739533330,-1.0541316670
29.8739500000,-1.0541333330
29.8739433330,-1.0541350000
29.8739350000,-1.0541366670
29.8739300000,-1.0541416670
29.8739250000,-1.0541550000
29.8739200000,-1.0541566670
29.8739166670,-1.0541583330
29.8739116670,-1.0541583330
29.8739083330,-1.0541600000
29.8739066670,-1.0541616670
29.8739016670,-1.0541633330
29.8738983330,-1.0541650000
29.8738950000,-1.0541683330
29.8738916670,-1.0541700000
29.8738883330,-1.0541716670
29.8738833330,-1.0541750000
29.8738766670,-1.0541766670
29.8738733330,-1.0541783330
29.8738716670,-1.0541800000
29.8738683330,-1.0541800000
29.8738666670,-1.0541800000
29.8738633330,-1.0541833330
29.8738583330,-1.0541850000
29.8738533330,-1.0541866670
29.8738516670,-1.0541850000
29.8738516670,-1.0541866670
29.8738483330,-1.0541850000
29.8738450000,-1.0541833330
29.8738433330,-1.0541833330
29.8738400000,-1.0541850000
29.8738366670,-1.0541850000
29.8738316670,-1.0541900000
29.8738250000,-1.0541933330
29.8738150000,-1.0542016670
29.8738133330,-1.0542033330
29.8738066670,-1.0542050000
29.8738033330,-1.0542050000
29.8738016670,-1.0542016670
29.8738000000,-1.0542033330
29.8738000000,-1.0542050000
29.8737983330,-1.0542050000
29.8737983330,-1.0542066670
29.8737966670,-1.0542083330
29.8737966670,-1.0542100000
29.8737966670,-1.0542116670
29.8737950000,-1.0542116670
29.8737933330,-1.0542116670
29.8737916670,-1.0542116670
29.8737900000,-1.0542116670
29.8737900000,-1.0542133330
29.8737850000,-1.0542133330
29.8737816670,-1.0542166670
29.8737733330,-1.0542166670
29.8737700000,-1.0542166670
29.8737616670,-1.0542183330
29.8737533330,-1.0542233330
29.8737483330,-1.0542266670
29.8737450000,-1.0542300000
29.8737350000,-1.0542350000
29.8737233330,-1.0542333330
29.8737200000,-1.0542333330
29.8737150000,-1.0542350000
29.8737050000,-1.0542316670
29.8736983330,-1.0542316670
29.8736850000,-1.0542316670
29.8736716670,-1.0542300000
29.8736600000,-1.0542350000
29.8736566670,-1.0542366670
29.8736533330,-1.0542400000
29.8736516670,-1.0542416670
29.8736500000,-1.0542433330
29.8736433330,-1.0542483330
29.8736416670,-1.0542516670
29.8736400000,-1.0542533330
29.8736383330,-1.0542550000
29.8736366670,-1.0542583330
29.8736350000,-1.0542600000
29.8736316670,-1.0542633330
29.8736300000,-1.0542650000
29.8736283330,-1.0542666670
29.8736283330,-1.0542700000
29.8736266670,-1.0542733330
29.8736250000,-1.0542816670
29.8736266670,-1.0542866670
29.8736266670,-1.0542883330
29.8736250000,-1.0542883330
29.8736233330,-1.0542900000
29.8736233330,-1.0542916670
29.8736216670,-1.0542916670
29.8736183330,-1.0542950000
29.8736150000,-1.0542966670
29.8736133330,-1.0542966670
29.8736083330,-1.0542966670
29.8735966670,-1.0542950000
29.8735900000,-1.0542950000
29.8735883330,-1.0542950000
29.8735866670,-1.0542966670
29.8735850000,-1.0542950000
29.8735750000,-1.0542933330
29.8735700000,-1.0542950000
29.8735666670,-1.0542966670
29.8735633330,-1.0542966670
29.8735583330,-1.0542983330
29.8735466670,-1.0543033330
29.8735450000,-1.0543033330
29.8735433330,-1.0543033330
29.8735400000,-1.0543033330
29.8735383330,-1.0543033330
29.8735300000,-1.0543033330
29.8735266670,-1.0543033330
29.8735250000,-1.0543033330
29.8735183330,-1.0543050000
29.8735166670,-1.0543066670
29.8735133330,-1.0543100000
29.8735066670,-1.0543116670
29.8735016670,-1.0543133330
29.8734983330,-1.0543133330
29.8734950000,-1.0543133330
29.8734916670,-1.0543116670
29.8734816670,-1.0543116670
29.8734766670,-1.0543116670
29.8734750000,-1.0543133330
29.8734716670,-1.0543150000
29.8734700000,-1.0543166670
29.8734683330,-1.0543133330
29.8734683330,-1.0543116670
29.8728683330,-1.0546816670
29.8728666670,-1.0546816670
29.8728683330,-1.0546816670
29.8724716670,-1.0546966670
29.8724716670,-1.0546950000
29.8710283330,-1.0547766670
29.8702350000,-1.0544633330
29.8702350000,-1.0544600000
29.8702350000,-1.0544566670
29.8702433330,-1.0544100000</coordinates>
                </LineString>
            </Placemark>
            <Placemark>
                <name>2006UG405-Twinamasiko martin</name>
                <styleUrl>#trackStyle1</styleUrl>
                <LineString>
                    <coordinates>29.8628666670,-1.0323933330
29.8628650000,-1.0323916670
29.8628600000,-1.0323900000
29.8628616670,-1.0323900000
29.8628600000,-1.0324000000
29.8628616670,-1.0324133330
29.8628583330,-1.0324300000
29.8628650000,-1.0324400000
29.8628733330,-1.0324533330
29.8628816670,-1.0324683330
29.8628900000,-1.0324866670
29.8628900000,-1.0325016670
29.8628916670,-1.0325183330
29.8628950000,-1.0325266670
29.8628983330,-1.0325383330
29.8629033330,-1.0325533330
29.8629066670,-1.0325683330
29.8629116670,-1.0325716670
29.8629133330,-1.0325766670
29.8629200000,-1.0325850000
29.8629266670,-1.0325966670
29.8629316670,-1.0326033330
29.8629366670,-1.0326150000
29.8629416670,-1.0326216670
29.8629433330,-1.0326266670
29.8629433330,-1.0326316670
29.8629466670,-1.0326333330
29.8629550000,-1.0326450000
29.8629533330,-1.0326516670
29.8629516670,-1.0326583330
29.8629533330,-1.0326733330
29.8629566670,-1.0326866670
29.8629566670,-1.0326933330
29.8629566670,-1.0326983330
29.8629666670,-1.0327116670
29.8629750000,-1.0327216670
29.8629800000,-1.0327283330
29.8629816670,-1.0327466670
29.8629933330,-1.0329683330
29.8629950000,-1.0329733330
29.8629966670,-1.0329800000
29.8630016670,-1.0329833330
29.8630066670,-1.0329900000
29.8632633330,-1.0342083330
29.8632650000,-1.0342083330
29.8632633330,-1.0342083330
29.8632616670,-1.0342116670
29.8632650000,-1.0342150000
29.8632650000,-1.0342250000
29.8632750000,-1.0342316670
29.8632716670,-1.0342383330
29.8632616670,-1.0342433330
29.8625216670,-1.0348650000
29.8625200000,-1.0348666670
29.8625166670,-1.0348683330
29.8625166670,-1.0348716670
29.8625200000,-1.0348800000
29.8625233330,-1.0348883330
29.8625250000,-1.0348950000
29.8625283330,-1.0348983330
29.8625283330,-1.0349000000
29.8625316670,-1.0349066670
29.8625366670,-1.0349116670
29.8625416670,-1.0349200000
29.8625450000,-1.0349283330
29.8625483330,-1.0349366670
29.8625533330,-1.0349466670
29.8625566670,-1.0349550000
29.8625600000,-1.0349616670
29.8625600000,-1.0349666670
29.8625616670,-1.0349716670
29.8625616670,-1.0349750000
29.8625583330,-1.0349766670
29.8625583330,-1.0349800000
29.8625616670,-1.0349866670
29.8625616670,-1.0349916670
29.8625600000,-1.0349933330
29.8625583330,-1.0349933330
29.8626466670,-1.0351516670
29.8626450000,-1.0351516670
29.8622583330,-1.0358550000
29.8621650000,-1.0360366670
29.8621650000,-1.0360400000
29.8621633330,-1.0360400000
29.8621616670,-1.0360450000
29.8621600000,-1.0360500000
29.8621633330,-1.0360566670
29.8621783330,-1.0360683330
29.8621850000,-1.0360800000
29.8621916670,-1.0360966670
29.8622000000,-1.0361116670
29.8622100000,-1.0361300000
29.8622216670,-1.0361433330
29.8622266670,-1.0361566670
29.8622316670,-1.0361716670
29.8622400000,-1.0361800000
29.8622433330,-1.0361850000
29.8622450000,-1.0361900000
29.8622550000,-1.0361950000
29.8622550000,-1.0362000000
29.8622550000,-1.0362050000
29.8622616670,-1.0362200000
29.8622666670,-1.0362266670
29.8622700000,-1.0362333330
29.8622783330,-1.0362450000
29.8622833330,-1.0362483330
29.8622883330,-1.0362533330
29.8622983330,-1.0362633330
29.8623050000,-1.0362750000
29.8623166670,-1.0362833330
29.8623233330,-1.0362816670
29.8623283330,-1.0362900000
29.8623366670,-1.0362933330
29.8623433330,-1.0362950000
29.8623516670,-1.0362983330
29.8623533330,-1.0363000000
29.8623566670,-1.0363050000
29.8623566670,-1.0363150000
29.8623666670,-1.0363300000
29.8623716670,-1.0363366670
29.8623750000,-1.0363433330
29.8623833330,-1.0363533330
29.8623983330,-1.0363633330
29.8624066670,-1.0363750000
29.8624183330,-1.0363816670
29.8624300000,-1.0363900000
29.8624416670,-1.0363983330
29.8624500000,-1.0364066670
29.8624650000,-1.0364133330
29.8624766670,-1.0364266670
29.8624850000,-1.0364433330
29.8624850000,-1.0364583330
29.8624866670,-1.0364633330
29.8624916670,-1.0364716670
29.8625016670,-1.0364850000
29.8625133330,-1.0364916670
29.8625200000,-1.0365066670
29.8625250000,-1.0365250000
29.8625316670,-1.0365350000
29.8625383330,-1.0365450000
29.8625466670,-1.0365633330
29.8625550000,-1.0365683330
29.8625650000,-1.0365766670
29.8625716670,-1.0365883330
29.8625816670,-1.0366033330
29.8625916670,-1.0366116670
29.8626066670,-1.0366283330
29.8626200000,-1.0366450000
29.8626266670,-1.0366500000
29.8626350000,-1.0366550000
29.8626400000,-1.0366600000
29.8626466670,-1.0366650000
29.8626533330,-1.0366700000
29.8626600000,-1.0366750000
29.8626683330,-1.0366800000
29.8626733330,-1.0366866670
29.8626766670,-1.0366933330
29.8626783330,-1.0367000000
29.8626800000,-1.0367083330
29.8626833330,-1.0367133330
29.8626866670,-1.0367150000
29.8626900000,-1.0367183330
29.8626916670,-1.0367250000
29.8626950000,-1.0367333330
29.8626983330,-1.0367416670
29.8626983330,-1.0367483330
29.8627016670,-1.0367550000
29.8627100000,-1.0367600000
29.8627183330,-1.0367633330
29.8627250000,-1.0367633330
29.8627300000,-1.0367633330
29.8627366670,-1.0367616670
29.8627433330,-1.0367600000
29.8627500000,-1.0367616670
29.8627600000,-1.0367633330
29.8627683330,-1.0367633330
29.8627850000,-1.0367633330
29.8627966670,-1.0367600000
29.8628050000,-1.0367566670
29.8628066670,-1.0367533330
29.8628083330,-1.0367516670
29.8628083330,-1.0367483330
29.8628116670,-1.0367466670
29.8628216670,-1.0367383330
29.8628283330,-1.0367350000
29.8628333330,-1.0367333330
29.8628383330,-1.0367316670
29.8628450000,-1.0367316670
29.8628533330,-1.0367300000
29.8628566670,-1.0367283330
29.8628666670,-1.0367183330
29.8628733330,-1.0367133330
29.8628766670,-1.0367100000
29.8628766670,-1.0367083330
29.8628816670,-1.0367033330
29.8628900000,-1.0367000000
29.8632150000,-1.0364683330
29.8632283330,-1.0364733330
29.8632316670,-1.0364766670
29.8632433330,-1.0364800000
29.8632600000,-1.0364833330
29.8632666670,-1.0364866670
29.8632750000,-1.0364883330
29.8632866670,-1.0364916670
29.8632983330,-1.0364900000
29.8633033330,-1.0364883330
29.8633066670,-1.0364850000
29.8641033330,-1.0356266670
29.8641066670,-1.0356283330
29.8646433330,-1.0349966670
29.8646516670,-1.0349950000
29.8646633330,-1.0349950000
29.8646700000,-1.0349950000
29.8646783330,-1.0349950000
29.8646933330,-1.0349916670
29.8647050000,-1.0349900000
29.8647183330,-1.0349916670
29.8647350000,-1.0349950000
29.8647416670,-1.0349966670
29.8647483330,-1.0349966670
29.8647650000,-1.0349933330
29.8647716670,-1.0349916670
29.8647783330,-1.0349900000
29.8647900000,-1.0349866670
29.8647983330,-1.0349866670
29.8648050000,-1.0349833330
29.8648166670,-1.0349766670
29.8648233330,-1.0349766670
29.8648266670,-1.0349766670
29.8648366670,-1.0349700000
29.8648416670,-1.0349666670
29.8648466670,-1.0349616670
29.8648583330,-1.0349533330
29.8648633330,-1.0349533330
29.8648683330,-1.0349550000
29.8648833330,-1.0349566670
29.8648900000,-1.0349583330
29.8648950000,-1.0349583330
29.8649100000,-1.0349633330
29.8649233330,-1.0349666670
29.8649283330,-1.0349683330
29.8649333330,-1.0349700000
29.8649450000,-1.0349683330
29.8649566670,-1.0349616670
29.8649650000,-1.0349600000
29.8649766670,-1.0349533330
29.8649850000,-1.0349450000
29.8649883330,-1.0349416670
29.8649900000,-1.0349383330
29.8649916670,-1.0349350000
29.8649966670,-1.0349333330
29.8649983330,-1.0349316670
29.8650016670,-1.0349300000
29.8650050000,-1.0349266670
29.8650083330,-1.0349250000
29.8650083330,-1.0349233330
29.8650100000,-1.0349200000
29.8650133330,-1.0349166670
29.8650116670,-1.0349150000
29.8650116670,-1.0349116670
29.8650133330,-1.0349100000
29.8650166670,-1.0349066670
29.8650166670,-1.0349033330
29.8650216670,-1.0348966670
29.8650266670,-1.0348933330
29.8650333330,-1.0348916670
29.8650350000,-1.0348900000
29.8650366670,-1.0348866670
29.8650400000,-1.0348816670
29.8650450000,-1.0348733330
29.8650483330,-1.0348616670
29.8650450000,-1.0348566670
29.8650450000,-1.0348550000
29.8650483330,-1.0348516670
29.8650500000,-1.0348500000
29.8650533330,-1.0348416670
29.8650583330,-1.0348366670
29.8650666670,-1.0348350000
29.8650833330,-1.0348300000
29.8650950000,-1.0348166670
29.8650983330,-1.0348133330
29.8651016670,-1.0348100000
29.8651083330,-1.0348033330
29.8651133330,-1.0348000000
29.8651233330,-1.0347950000
29.8651316670,-1.0347900000
29.8651416670,-1.0347833330
29.8651533330,-1.0347783330
29.8651633330,-1.0347716670
29.8651683330,-1.0347666670
29.8651666670,-1.0347666670
29.8651666670,-1.0347650000
29.8651716670,-1.0347583330
29.8651766670,-1.0347516670
29.8651833330,-1.0347433330
29.8651883330,-1.0347400000
29.8651933330,-1.0347350000
29.8651983330,-1.0347300000
29.8652000000,-1.0347316670
29.8652000000,-1.0347333330
29.8652016670,-1.0347316670
29.8652033330,-1.0347333330
29.8652033330,-1.0347316670
29.8652050000,-1.0347316670
29.8652066670,-1.0347300000
29.8652083330,-1.0347283330
29.8652100000,-1.0347283330
29.8652150000,-1.0347250000
29.8652183330,-1.0347216670
29.8652200000,-1.0347183330
29.8652233330,-1.0347150000
29.8652250000,-1.0347133330
29.8652300000,-1.0347116670
29.8652333330,-1.0347100000
29.8652350000,-1.0347083330
29.8652383330,-1.0347066670
29.8652416670,-1.0347050000
29.8652450000,-1.0347033330
29.8652500000,-1.0347033330
29.8652533330,-1.0347016670
29.8652566670,-1.0347000000
29.8652600000,-1.0346966670
29.8652633330,-1.0346933330
29.8652683330,-1.0346883330
29.8652733330,-1.0346816670
29.8652783330,-1.0346800000
29.8652816670,-1.0346783330
29.8652866670,-1.0346750000
29.8652916670,-1.0346733330
29.8652966670,-1.0346683330
29.8653016670,-1.0346633330
29.8653083330,-1.0346600000
29.8653116670,-1.0346566670
29.8653183330,-1.0346483330
29.8653266670,-1.0346416670
29.8653433330,-1.0346350000
29.8653433330,-1.0346333330
29.8653450000,-1.0346316670
29.8653483330,-1.0346266670
29.8653500000,-1.0346200000
29.8653516670,-1.0346133330
29.8653483330,-1.0346033330
29.8653466670,-1.0345983330
29.8646466670,-1.0345333330
29.8646333330,-1.0345316670
29.8646283330,-1.0345316670
29.8646233330,-1.0345333330
29.8646150000,-1.0345350000
29.8646033330,-1.0345333330
29.8645800000,-1.0345216670
29.8645400000,-1.0345100000
29.8645016670,-1.0344933330
29.8645016670,-1.0344816670
29.8644916670,-1.0344616670
29.8644800000,-1.0344400000
29.8644650000,-1.0344200000
29.8644600000,-1.0343966670
29.8644500000,-1.0343500000
29.8644483330,-1.0343333330
29.8644433330,-1.0343200000
29.8644383330,-1.0343066670
29.8644350000,-1.0342950000
29.8644300000,-1.0342683330
29.8644166670,-1.0342350000
29.8644133330,-1.0342266670
29.8644000000,-1.0342116670
29.8643850000,-1.0341966670
29.8643766670,-1.0341883330
29.8643716670,-1.0341800000
29.8643583330,-1.0341800000
29.8643383330,-1.0341833330
29.8643266670,-1.0341600000
29.8643216670,-1.0341483330
29.8643150000,-1.0341350000
29.8643050000,-1.0341050000
29.8643066670,-1.0340683330
29.8643066670,-1.0340566670
29.8643116670,-1.0340283330
29.8643100000,-1.0340133330
29.8643083330,-1.0340000000
29.8643100000,-1.0339733330
29.8642916670,-1.0339433330
29.8642850000,-1.0339333330
29.8642816670,-1.0339066670
29.8642783330,-1.0338933330
29.8642700000,-1.0338783330
29.8642433330,-1.0338716670
29.8642083330,-1.0338583330
29.8641966670,-1.0338583330
29.8641683330,-1.0338350000
29.8641633330,-1.0338250000
29.8641650000,-1.0337966670
29.8641600000,-1.0337816670
29.8641566670,-1.0337683330
29.8641550000,-1.0337450000
29.8641616670,-1.0337266670
29.8641666670,-1.0337100000
29.8641566670,-1.0337000000
29.8641500000,-1.0336983330
29.8641400000,-1.0336950000
29.8641183330,-1.0336850000
29.8641050000,-1.0336783330
29.8640950000,-1.0336700000
29.8640783330,-1.0336566670
29.8640700000,-1.0336466670
29.8640000000,-1.0335166670
29.8639916670,-1.0335083330
29.8639866670,-1.0335033330
29.8639833330,-1.0334916670
29.8639783330,-1.0334733330
29.8639766670,-1.0334600000
29.8639733330,-1.0334483330
29.8639700000,-1.0334216670
29.8639666670,-1.0334066670
29.8639600000,-1.0333900000
29.8639433330,-1.0333750000
29.8639366670,-1.0333666670
29.8639316670,-1.0333533330
29.8639116670,-1.0333183330
29.8639050000,-1.0333050000
29.8638966670,-1.0332833330
29.8638650000,-1.0331716670
29.8638516670,-1.0331483330
29.8638383330,-1.0331233330
29.8638233330,-1.0331066670
29.8638033330,-1.0330916670
29.8637850000,-1.0330833330
29.8637716670,-1.0330733330
29.8637583330,-1.0330616670
29.8637483330,-1.0330566670
29.8637350000,-1.0330433330
29.8637250000,-1.0330350000
29.8637116670,-1.0330233330
29.8636566670,-1.0329883330
29.8636450000,-1.0329800000
29.8636333330,-1.0329716670
29.8636166670,-1.0329533330
29.8636050000,-1.0329383330
29.8635950000,-1.0329316670
29.8635833330,-1.0329266670
29.8635700000,-1.0329200000
29.8635450000,-1.0329050000
29.8635300000,-1.0328950000
29.8635183330,-1.0328950000
29.8635066670,-1.0328916670
29.8634950000,-1.0328900000
29.8634816670,-1.0328750000
29.8634766670,-1.0328633330
29.8634700000,-1.0328533330
29.8634600000,-1.0328466670
29.8634516670,-1.0328416670
29.8634116670,-1.0328016670
29.8633966670,-1.0327933330
29.8633833330,-1.0327833330
29.8633750000,-1.0327733330
29.8633650000,-1.0327633330
29.8633483330,-1.0327533330
29.8633316670,-1.0327266670
29.8633266670,-1.0327183330
29.8633216670,-1.0327166670
29.8632716670,-1.0326866670
29.8632450000,-1.0326733330
29.8632333330,-1.0326700000
29.8632216670,-1.0326650000
29.8632083330,-1.0326616670
29.8631966670,-1.0326566670
29.8631633330,-1.0326383330
29.8631516670,-1.0326316670
29.8631416670,-1.0326266670
29.8631316670,-1.0326183330
29.8631166670,-1.0326116670
29.8631016670,-1.0326066670
29.8630866670,-1.0326000000
29.8630400000,-1.0325833330
29.8630300000,-1.0325733330
29.8630233330,-1.0325683330
29.8628666670,-1.0323933330</coordinates>
                </LineString>
            </Placemark>
            <Placemark>
                <name>2006UG41-Akwasa Fred</name>
                <styleUrl>#trackStyle1</styleUrl>
                <LineString>
                    <coordinates>30.1040616670,-1.2773000000
30.1040533330,-1.2773016670
30.1040500000,-1.2773116670
30.1040483330,-1.2773350000
30.1040416670,-1.2773433330
30.1040383330,-1.2773433330
30.1040366670,-1.2773433330
30.1040350000,-1.2773466670
30.1040316670,-1.2773483330
30.1040250000,-1.2773583330
30.1040183330,-1.2773650000
30.1040116670,-1.2773716670
30.1027600000,-1.2782983330
30.1027550000,-1.2783133330
30.1027533330,-1.2783266670
30.1026816670,-1.2785200000
30.1026816670,-1.2785216670
30.1026800000,-1.2785250000
30.1026733330,-1.2785266670
30.1026716670,-1.2785250000
30.1026716670,-1.2785233330
30.1026733330,-1.2785200000
30.1026700000,-1.2785216670
30.1026650000,-1.2785250000
30.1026633330,-1.2785250000
30.1026600000,-1.2785216670
30.1026566670,-1.2785183330
30.1026583330,-1.2785133330
30.1026566670,-1.2785116670
30.1026533330,-1.2785100000
30.1026500000,-1.2785083330
30.1026483330,-1.2785066670
30.1026466670,-1.2785050000
30.1026433330,-1.2785016670
30.1026416670,-1.2785000000
30.1026416670,-1.2785016670
30.1026366670,-1.2785016670
30.1026333330,-1.2785016670
30.1026300000,-1.2785000000
30.1026300000,-1.2784983330
30.1026300000,-1.2784966670
30.1026316670,-1.2784950000
30.1026250000,-1.2784883330
30.1026216670,-1.2784866670
30.1026200000,-1.2784850000
30.1026200000,-1.2784800000
30.1026183330,-1.2784766670
30.1026166670,-1.2784766670
30.1026133330,-1.2784750000
30.1026100000,-1.2784750000
30.1026083330,-1.2784766670
30.1026083330,-1.2784783330
30.1026066670,-1.2784800000
30.1026033330,-1.2784800000
30.1026000000,-1.2784816670
30.1026000000,-1.2784833330
30.1021750000,-1.2780533330
30.1021750000,-1.2780550000
30.1021700000,-1.2780550000
30.1021683330,-1.2780516670
30.1021516670,-1.2779650000
30.1021500000,-1.2779650000
30.1021500000,-1.2779666670
30.1021266670,-1.2774783330
30.1021283330,-1.2774766670
30.1021283330,-1.2774750000
30.1021266670,-1.2774766670
30.1019983330,-1.2771216670
30.1019966670,-1.2771216670
30.1019983330,-1.2771216670
30.1020000000,-1.2771216670
30.1019983330,-1.2771216670
30.1019966670,-1.2771233330
30.1019950000,-1.2771233330
30.1019216670,-1.2769300000
30.1019216670,-1.2769283330
30.1019233330,-1.2769283330
30.1019216670,-1.2769250000
30.1019233330,-1.2769183330
30.1019283330,-1.2769133330
30.1019333330,-1.2769083330
30.1019383330,-1.2769033330
30.1019433330,-1.2768966670
30.1019483330,-1.2768900000
30.1019550000,-1.2768850000
30.1019600000,-1.2768800000
30.1019650000,-1.2768750000
30.1019716670,-1.2768716670
30.1019783330,-1.2768666670
30.1019966670,-1.2768583330
30.1020133330,-1.2768500000
30.1020300000,-1.2768400000
30.1020416670,-1.2768300000
30.1020600000,-1.2768000000
30.1020633330,-1.2767950000
30.1020716670,-1.2767850000
30.1020783330,-1.2767750000
30.1020850000,-1.2767666670
30.1020866670,-1.2767650000
30.1020850000,-1.2767633330
30.1020883330,-1.2767583330
30.1020900000,-1.2767566670
30.1020950000,-1.2767500000
30.1020983330,-1.2767400000
30.1021016670,-1.2767283330
30.1021016670,-1.2767216670
30.1021066670,-1.2767183330
30.1021100000,-1.2767133330
30.1021100000,-1.2767083330
30.1021150000,-1.2766850000
30.1021150000,-1.2766800000
30.1021166670,-1.2766750000
30.1021183330,-1.2766683330
30.1021200000,-1.2766616670
30.1021216670,-1.2766550000
30.1021250000,-1.2766483330
30.1021300000,-1.2766366670
30.1021400000,-1.2766216670
30.1021500000,-1.2766083330
30.1021566670,-1.2766033330
30.1021683330,-1.2765900000
30.1021733330,-1.2765833330
30.1021866670,-1.2765716670
30.1021983330,-1.2765616670
30.1022066670,-1.2765550000
30.1022150000,-1.2765500000
30.1022216670,-1.2765433330
30.1022266670,-1.2765350000
30.1022250000,-1.2765216670
30.1022283330,-1.2764866670
30.1022283330,-1.2764783330
30.1022266670,-1.2764666670
30.1022233330,-1.2764533330
30.1022216670,-1.2764450000
30.1022216670,-1.2764366670
30.1022250000,-1.2764283330
30.1022250000,-1.2764216670
30.1022233330,-1.2764150000
30.1022250000,-1.2764100000
30.1022283330,-1.2764033330
30.1022283330,-1.2763833330
30.1022233330,-1.2763750000
30.1022183330,-1.2763683330
30.1022183330,-1.2763633330
30.1022183330,-1.2763583330
30.1022133330,-1.2763500000
30.1022083330,-1.2763383330
30.1022033330,-1.2763266670
30.1022033330,-1.2763216670
30.1022033330,-1.2763166670
30.1022000000,-1.2763133330
30.1021916670,-1.2762950000
30.1021916670,-1.2762900000
30.1021916670,-1.2762850000
30.1021916670,-1.2762783330
30.1021933330,-1.2762733330
30.1021966670,-1.2762583330
30.1021883330,-1.2762466670
30.1021850000,-1.2762333330
30.1021816670,-1.2762266670
30.1021800000,-1.2762216670
30.1021800000,-1.2762150000
30.1021733330,-1.2762050000
30.1021733330,-1.2762016670
30.1021700000,-1.2761966670
30.1021650000,-1.2761916670
30.1021633330,-1.2761850000
30.1021566670,-1.2761766670
30.1021483330,-1.2761666670
30.1021450000,-1.2761616670
30.1021400000,-1.2761566670
30.1021350000,-1.2761516670
30.1021283330,-1.2761483330
30.1021300000,-1.2761316670
30.1021366670,-1.2761200000
30.1021383330,-1.2761033330
30.1021416670,-1.2760916670
30.1021483330,-1.2760866670
30.1021533330,-1.2760800000
30.1021616670,-1.2760666670
30.1021733330,-1.2760516670
30.1021816670,-1.2760333330
30.1021866670,-1.2760250000
30.1021850000,-1.2760016670
30.1021833330,-1.2759966670
30.1021800000,-1.2759900000
30.1021783330,-1.2759833330
30.1021733330,-1.2759800000
30.1021600000,-1.2759716670
30.1021516670,-1.2759600000
30.1021483330,-1.2759550000
30.1021450000,-1.2759516670
30.1021433330,-1.2759400000
30.1021433330,-1.2759233330
30.1021416670,-1.2759183330
30.1021233330,-1.2759100000
30.1021200000,-1.2759050000
30.1021183330,-1.2758983330
30.1021166670,-1.2758916670
30.1021133330,-1.2758866670
30.1021100000,-1.2758783330
30.1021150000,-1.2758633330
30.1021166670,-1.2758566670
30.1021200000,-1.2758483330
30.1021183330,-1.2758350000
30.1021133330,-1.2758200000
30.1021116670,-1.2758183330
30.1021033330,-1.2758033330
30.1021000000,-1.2758000000
30.1020950000,-1.2757966670
30.1020900000,-1.2757900000
30.1020816670,-1.2757833330
30.1020766670,-1.2757750000
30.1020700000,-1.2757700000
30.1020650000,-1.2757666670
30.1020633330,-1.2757533330
30.1020600000,-1.2757416670
30.1020600000,-1.2757333330
30.1020583330,-1.2757150000
30.1020550000,-1.2757100000
30.1020500000,-1.2757066670
30.1020383330,-1.2756950000
30.1020300000,-1.2756850000
30.1020300000,-1.2756766670
30.1020316670,-1.2756683330
30.1020316670,-1.2756550000
30.1020250000,-1.2756433330
30.1020216670,-1.2756383330
30.1020216670,-1.2756333330
30.1020200000,-1.2756216670
30.1020150000,-1.2756166670
30.1020066670,-1.2755983330
30.1020050000,-1.2755916670
30.1020050000,-1.2755866670
30.1020050000,-1.2755683330
30.1020083330,-1.2755516670
30.1020083330,-1.2755433330
30.1020116670,-1.2755350000
30.1020166670,-1.2755166670
30.1020200000,-1.2755000000
30.1020200000,-1.2754916670
30.1020166670,-1.2754850000
30.1020066670,-1.2754600000
30.1019983330,-1.2754416670
30.1019983330,-1.2754350000
30.1019983330,-1.2754266670
30.1020000000,-1.2754066670
30.1020050000,-1.2753883330
30.1020050000,-1.2753816670
30.1020066670,-1.2753733330
30.1020066670,-1.2753533330
30.1020083330,-1.2753333330
30.1020083330,-1.2753233330
30.1020083330,-1.2753166670
30.1020050000,-1.2753000000
30.1020050000,-1.2752900000
30.1020100000,-1.2752683330
30.1020100000,-1.2752600000
30.1020100000,-1.2752516670
30.1020083330,-1.2752283330
30.1020066670,-1.2752183330
30.1020083330,-1.2752100000
30.1020133330,-1.2751900000
30.1020166670,-1.2751800000
30.1020183330,-1.2751716670
30.1020216670,-1.2751633330
30.1020233330,-1.2751533330
30.1020300000,-1.2751316670
30.1020283330,-1.2751216670
30.1020266670,-1.2751133330
30.1020283330,-1.2750933330
30.1020283330,-1.2750833330
30.1020233330,-1.2750566670
30.1020233330,-1.2750400000
30.1020233330,-1.2750283330
30.1020216670,-1.2750216670
30.1020200000,-1.2750150000
30.1020133330,-1.2750050000
30.1020083330,-1.2750000000
30.1020016670,-1.2749933330
30.1019950000,-1.2749833330
30.1019916670,-1.2749800000
30.1019900000,-1.2749766670
30.1019866670,-1.2749616670
30.1019933330,-1.2749500000
30.1019950000,-1.2749416670
30.1019850000,-1.2749133330
30.1019800000,-1.2749033330
30.1019750000,-1.2748950000
30.1019750000,-1.2748866670
30.1019833330,-1.2748683330
30.1019950000,-1.2748483330
30.1019983330,-1.2748383330
30.1019983330,-1.2748283330
30.1019983330,-1.2748100000
30.1020000000,-1.2748000000
30.1020000000,-1.2747900000
30.1020050000,-1.2747700000
30.1020116670,-1.2747583330
30.1020183330,-1.2747466670
30.1020283330,-1.2747300000
30.1020333330,-1.2747216670
30.1020383330,-1.2746916670
30.1020400000,-1.2746733330
30.1020400000,-1.2746616670
30.1020416670,-1.2746500000
30.1020433330,-1.2746366670
30.1020416670,-1.2746233330
30.1020400000,-1.2746000000
30.1020433330,-1.2745900000
30.1020466670,-1.2745800000
30.1020550000,-1.2745583330
30.1020650000,-1.2745400000
30.1020650000,-1.2745183330
30.1020650000,-1.2745083330
30.1020650000,-1.2744983330
30.1020616670,-1.2744766670
30.1020600000,-1.2744666670
30.1020633330,-1.2744450000
30.1020733330,-1.2744100000
30.1020766670,-1.2743983330
30.1020800000,-1.2743866670
30.1020900000,-1.2743650000
30.1020933330,-1.2743533330
30.1020966670,-1.2743416670
30.1021066670,-1.2743166670
30.1021166670,-1.2742933330
30.1021283330,-1.2742666670
30.1021366670,-1.2742416670
30.1021516670,-1.2742116670
30.1021633330,-1.2741866670
30.1021733330,-1.2741650000
30.1021850000,-1.2741400000
30.1021900000,-1.2741300000
30.1022200000,-1.2740600000
30.1022216670,-1.2740466670
30.1022233330,-1.2740350000
30.1022333330,-1.2740200000
30.1022466670,-1.2740133330
30.1022566670,-1.2740050000
30.1022816670,-1.2739816670
30.1023066670,-1.2739500000
30.1023166670,-1.2739350000
30.1023283330,-1.2739216670
30.1023516670,-1.2738950000
30.1023616670,-1.2738850000
30.1023716670,-1.2738766670
30.1023983330,-1.2738616670
30.1024100000,-1.2738516670
30.1024183330,-1.2738433330
30.1024400000,-1.2738350000
30.1024483330,-1.2738300000
30.1024866670,-1.2737950000
30.1025166670,-1.2737783330
30.1025416670,-1.2737616670
30.1025700000,-1.2737300000
30.1025866670,-1.2737066670
30.1026050000,-1.2736833330
30.1026416670,-1.2736400000
30.1026616670,-1.2736200000
30.1026816670,-1.2736000000
30.1027233330,-1.2735650000
30.1027450000,-1.2735483330
30.1027666670,-1.2735333330
30.1028050000,-1.2735100000
30.1028266670,-1.2735000000
30.1028500000,-1.2734883330
30.1028950000,-1.2734650000
30.1029416670,-1.2734450000
30.1029633330,-1.2734366670
30.1030616670,-1.2733983330
30.1030950000,-1.2733850000
30.1031150000,-1.2733800000
30.1031350000,-1.2733750000
30.1031750000,-1.2733700000
30.1031950000,-1.2733700000
30.1032150000,-1.2733666670
30.1032566670,-1.2733650000
30.1032783330,-1.2733633330
30.1033000000,-1.2733650000
30.1033416670,-1.2733683330
30.1033583330,-1.2733683330
30.1033783330,-1.2733733330
30.1034200000,-1.2733800000
30.1034433330,-1.2733800000
30.1034516670,-1.2733783330
30.1034600000,-1.2733783330
30.1034750000,-1.2733800000
30.1034800000,-1.2733816670
30.1034950000,-1.2733916670
30.1035366670,-1.2734150000
30.1035633330,-1.2734250000
30.1035750000,-1.2734283330
30.1035850000,-1.2734316670
30.1036000000,-1.2734350000
30.1036133330,-1.2734400000
30.1036333330,-1.2734483330
30.1036433330,-1.2734516670
30.1036566670,-1.2734516670
30.1036816670,-1.2734566670
30.1036916670,-1.2734583330
30.1037016670,-1.2734616670
30.1037166670,-1.2734716670
30.1037250000,-1.2734783330
30.1037350000,-1.2734850000
30.1037466670,-1.2734933330
30.1037650000,-1.2735066670
30.1037733330,-1.2735150000
30.1037766670,-1.2735200000
30.1037783330,-1.2735266670
30.1037766670,-1.2735466670
30.1037750000,-1.2735566670
30.1037783330,-1.2735750000
30.1037750000,-1.2736250000
30.1037716670,-1.2736416670
30.1037666670,-1.2736483330
30.1037633330,-1.2736566670
30.1037583330,-1.2736683330
30.1037533330,-1.2736833330
30.1037516670,-1.2736916670
30.1037533330,-1.2737000000
30.1037516670,-1.2737166670
30.1037400000,-1.2737333330
30.1037366670,-1.2737450000
30.1037316670,-1.2737583330
30.1037266670,-1.2737766670
30.1037333330,-1.2737950000
30.1037316670,-1.2738000000
30.1037250000,-1.2738050000
30.1037233330,-1.2738233330
30.1037266670,-1.2738416670
30.1037233330,-1.2738516670
30.1037216670,-1.2738583330
30.1037183330,-1.2738750000
30.1037083330,-1.2738866670
30.1037016670,-1.2738900000
30.1036950000,-1.2739016670
30.1036966670,-1.2739366670
30.1036966670,-1.2739500000
30.1036983330,-1.2739550000
30.1036983330,-1.2739633330
30.1036916670,-1.2739783330
30.1036933330,-1.2739950000
30.1036916670,-1.2740050000
30.1036900000,-1.2740150000
30.1036916670,-1.2740333330
30.1036966670,-1.2740483330
30.1036966670,-1.2740566670
30.1036950000,-1.2740633330
30.1036933330,-1.2740683330
30.1036883330,-1.2740716670
30.1036766670,-1.2740783330
30.1036733330,-1.2740933330
30.1036750000,-1.2741050000
30.1036750000,-1.2741150000
30.1036766670,-1.2741333330
30.1036950000,-1.2741550000
30.1037033330,-1.2741666670
30.1037116670,-1.2741750000
30.1037216670,-1.2741833330
30.1037333330,-1.2741916670
30.1037583330,-1.2742016670
30.1037616670,-1.2742066670
30.1037750000,-1.2742283330
30.1038300000,-1.2742533330
30.1038483330,-1.2742566670
30.1038700000,-1.2742600000
30.1038866670,-1.2742650000
30.1039016670,-1.2742700000
30.1039116670,-1.2742750000
30.1039233330,-1.2742750000
30.1039483330,-1.2742733330
30.1039616670,-1.2742766670
30.1039700000,-1.2742783330
30.1039800000,-1.2742766670
30.1039883330,-1.2742766670
30.1039966670,-1.2742766670
30.1040083330,-1.2742833330
30.1040250000,-1.2742850000
30.1040333330,-1.2742850000
30.1040383330,-1.2742866670
30.1040450000,-1.2742866670
30.1040533330,-1.2742866670
30.1040683330,-1.2742866670
30.1040800000,-1.2742866670
30.1040883330,-1.2742850000
30.1040950000,-1.2742816670
30.1041016670,-1.2742766670
30.1041083330,-1.2742700000
30.1041166670,-1.2742516670
30.1041250000,-1.2742516670
30.1041316670,-1.2742500000
30.1041383330,-1.2742500000
30.1041450000,-1.2742516670
30.1041533330,-1.2742550000
30.1041666670,-1.2742500000
30.1041766670,-1.2742500000
30.1041900000,-1.2742516670
30.1041966670,-1.2742500000
30.1042216670,-1.2742383330
30.1042483330,-1.2742216670
30.1042883330,-1.2741933330
30.1043200000,-1.2741800000
30.1043516670,-1.2741666670
30.1043783330,-1.2741566670
30.1043900000,-1.2741500000
30.1044033330,-1.2741433330
30.1044233330,-1.2741366670
30.1044450000,-1.2741316670
30.1044833330,-1.2741283330
30.1045116670,-1.2741216670
30.1045350000,-1.2741300000
30.1045500000,-1.2741300000
30.1045666670,-1.2741266670
30.1045766670,-1.2741216670
30.1045883330,-1.2741183330
30.1045983330,-1.2741166670
30.1046100000,-1.2741133330
30.1046366670,-1.2741083330
30.1046583330,-1.2741116670
30.1046833330,-1.2741166670
30.1047016670,-1.2741233330
30.1047083330,-1.2741300000
30.1047150000,-1.2741383330
30.1047216670,-1.2741466670
30.1047283330,-1.2741533330
30.1047300000,-1.2741550000
30.1047316670,-1.2741583330
30.1047433330,-1.2741683330
30.1047550000,-1.2741833330
30.1047616670,-1.2742033330
30.1047600000,-1.2742150000
30.1047716670,-1.2742350000
30.1047783330,-1.2742433330
30.1047783330,-1.2742500000
30.1047766670,-1.2742583330
30.1047716670,-1.2742650000
30.1047550000,-1.2742833330
30.1047333330,-1.2742933330
30.1047066670,-1.2742950000
30.1046900000,-1.2743266670
30.1046783330,-1.2743750000
30.1046733330,-1.2743933330
30.1046633330,-1.2744116670
30.1046583330,-1.2744283330
30.1046583330,-1.2744450000
30.1046716670,-1.2744700000
30.1046783330,-1.2744866670
30.1046733330,-1.2745000000
30.1046633330,-1.2745066670
30.1046550000,-1.2745100000
30.1046416670,-1.2745116670
30.1046266670,-1.2745116670
30.1046150000,-1.2745166670
30.1046033330,-1.2745250000
30.1045833330,-1.2745383330
30.1045550000,-1.2745683330
30.1045533330,-1.2746483330
30.1045416670,-1.2746566670
30.1045433330,-1.2746733330
30.1045366670,-1.2747000000
30.1045333330,-1.2747300000
30.1045250000,-1.2747500000
30.1045133330,-1.2747716670
30.1045016670,-1.2747883330
30.1044916670,-1.2748050000
30.1044900000,-1.2748266670
30.1044983330,-1.2748483330
30.1045050000,-1.2748650000
30.1045066670,-1.2748783330
30.1045116670,-1.2748900000
30.1045233330,-1.2749066670
30.1045316670,-1.2749300000
30.1045283330,-1.2749416670
30.1045183330,-1.2749450000
30.1045083330,-1.2749600000
30.1044866670,-1.2749766670
30.1044750000,-1.2749866670
30.1044683330,-1.2749933330
30.1044650000,-1.2749966670
30.1044616670,-1.2750050000
30.1044566670,-1.2750133330
30.1044516670,-1.2750216670
30.1044450000,-1.2750333330
30.1044400000,-1.2750416670
30.1044350000,-1.2750466670
30.1044250000,-1.2750500000
30.1044133330,-1.2750550000
30.1044050000,-1.2750616670
30.1043850000,-1.2750900000
30.1043633330,-1.2751100000
30.1043450000,-1.2751183330
30.1043366670,-1.2751283330
30.1043300000,-1.2751516670
30.1043250000,-1.2751800000
30.1043133330,-1.2752066670
30.1042983330,-1.2752333330
30.1042800000,-1.2752566670
30.1042550000,-1.2752950000
30.1042233330,-1.2753216670
30.1042100000,-1.2753283330
30.1041983330,-1.2753366670
30.1041716670,-1.2753550000
30.1041583330,-1.2753666670
30.1041500000,-1.2753750000
30.1041400000,-1.2753833330
30.1041333330,-1.2753866670
30.1041266670,-1.2753916670
30.1041283330,-1.2753916670
30.1041283330,-1.2753933330
30.1041266670,-1.2753933330
30.1041250000,-1.2753933330
30.1041200000,-1.2753950000
30.1041166670,-1.2754000000
30.1041200000,-1.2754083330
30.1041250000,-1.2754166670
30.1041216670,-1.2754266670
30.1041133330,-1.2754383330
30.1041033330,-1.2754516670
30.1040966670,-1.2754650000
30.1040900000,-1.2754800000
30.1040783330,-1.2754916670
30.1040716670,-1.2755016670
30.1040716670,-1.2755150000
30.1040733330,-1.2755300000
30.1040800000,-1.2755433330
30.1040816670,-1.2755550000
30.1040800000,-1.2755650000
30.1040783330,-1.2755766670
30.1040816670,-1.2756016670
30.1040850000,-1.2756250000
30.1040866670,-1.2756383330
30.1040900000,-1.2756533330
30.1040983330,-1.2756783330
30.1041050000,-1.2756883330
30.1041133330,-1.2756966670
30.1041383330,-1.2757050000
30.1041466670,-1.2757050000
30.1041500000,-1.2757083330
30.1041416670,-1.2757283330
30.1041416670,-1.2757416670
30.1041400000,-1.2757566670
30.1041283330,-1.2757750000
30.1041083330,-1.2757916670
30.1041016670,-1.2758033330
30.1041000000,-1.2758166670
30.1041033330,-1.2758433330
30.1040983330,-1.2758583330
30.1041000000,-1.2758783330
30.1041183330,-1.2758983330
30.1041350000,-1.2759216670
30.1041533330,-1.2759400000
30.1041666670,-1.2759566670
30.1041716670,-1.2759766670
30.1041583330,-1.2759933330
30.1041483330,-1.2760033330
30.1041450000,-1.2760066670
30.1041383330,-1.2760150000
30.1041433330,-1.2760316670
30.1041450000,-1.2760516670
30.1041416670,-1.2760716670
30.1041333330,-1.2760833330
30.1041233330,-1.2760883330
30.1041133330,-1.2760916670
30.1041016670,-1.2760900000
30.1040883330,-1.2760883330
30.1040666670,-1.2760966670
30.1040633330,-1.2761216670
30.1040566670,-1.2761433330
30.1040383330,-1.2761700000
30.1040300000,-1.2761950000
30.1040350000,-1.2762133330
30.1040466670,-1.2762383330
30.1040583330,-1.2762650000
30.1040616670,-1.2762783330
30.1040666670,-1.2762916670
30.1040750000,-1.2763200000
30.1040850000,-1.2763333330
30.1040933330,-1.2763433330
30.1040983330,-1.2763533330
30.1041066670,-1.2763633330
30.1041166670,-1.2763783330
30.1041250000,-1.2763966670
30.1041333330,-1.2764083330
30.1041383330,-1.2764133330
30.1041450000,-1.2764200000
30.1041500000,-1.2764333330
30.1041833330,-1.2764883330
30.1041916670,-1.2765183330
30.1042100000,-1.2765516670
30.1042283330,-1.2765800000
30.1042400000,-1.2765966670
30.1042400000,-1.2766183330
30.1042400000,-1.2766366670
30.1042550000,-1.2766583330
30.1042666670,-1.2766683330
30.1042733330,-1.2766633330
30.1042750000,-1.2766683330
30.1042866670,-1.2766783330
30.1043033330,-1.2766650000
30.1043100000,-1.2766683330
30.1043150000,-1.2766833330
30.1043200000,-1.2767000000
30.1043250000,-1.2767150000
30.1043316670,-1.2767366670
30.1043316670,-1.2767500000
30.1043300000,-1.2767683330
30.1043333330,-1.2767850000
30.1043333330,-1.2768066670
30.1043283330,-1.2768166670
30.1043266670,-1.2768183330
30.1043383330,-1.2768350000
30.1043433330,-1.2768433330
30.1043383330,-1.2768650000
30.1043333330,-1.2768933330
30.1043200000,-1.2769300000
30.1043066670,-1.2769700000
30.1042950000,-1.2769983330
30.1042900000,-1.2770183330
30.1042800000,-1.2770433330
30.1042633330,-1.2770650000
30.1042450000,-1.2771016670
30.1042366670,-1.2771333330
30.1042350000,-1.2771666670
30.1042216670,-1.2771950000
30.1042116670,-1.2772116670
30.1042016670,-1.2772316670
30.1041900000,-1.2772466670
30.1041783330,-1.2772600000
30.1041750000,-1.2772700000
30.1041750000,-1.2772716670
30.1041716670,-1.2772733330
30.1041700000,-1.2772750000
30.1041700000,-1.2772816670
30.1041666670,-1.2772866670
30.1041600000,-1.2772933330
30.1041583330,-1.2773000000
30.1041583330,-1.2773050000
30.1041516670,-1.2773116670
30.1041483330,-1.2773183330
30.1040616670,-1.2773000000</coordinates>
                </LineString>
            </Placemark>
            <Placemark>
                <name>2006UG95-NasiimaM01</name>
                <styleUrl>#trackStyle1</styleUrl>
                <LineString>
                    <coordinates>29.8579316670,-0.9627433330
29.8579350000,-0.9627383330
29.8579416670,-0.9627366670
29.8579416670,-0.9627350000
29.8579433330,-0.9627350000
29.8579383330,-0.9627333330
29.8579383330,-0.9627300000
29.8579400000,-0.9627300000
29.8579433330,-0.9627316670
29.8579566670,-0.9627250000
29.8579666670,-0.9627333330
29.8579683330,-0.9627483330
29.8579783330,-0.9627583330
29.8579900000,-0.9627650000
29.8580016670,-0.9627650000
29.8580083330,-0.9627616670
29.8580133330,-0.9627566670
29.8580266670,-0.9627566670
29.8580366670,-0.9627566670
29.8580500000,-0.9627583330
29.8580616670,-0.9627650000
29.8580700000,-0.9627783330
29.8580816670,-0.9627800000
29.8580966670,-0.9627783330
29.8581066670,-0.9627833330
29.8581166670,-0.9627933330
29.8581266670,-0.9628016670
29.8581266670,-0.9628083330
29.8581250000,-0.9628166670
29.8581300000,-0.9628250000
29.8581416670,-0.9628216670
29.8581533330,-0.9628250000
29.8581500000,-0.9628350000
29.8581516670,-0.9628450000
29.8581616670,-0.9628550000
29.8581650000,-0.9628633330
29.8581700000,-0.9628716670
29.8581766670,-0.9628750000
29.8581850000,-0.9628766670
29.8581916670,-0.9628800000
29.8581966670,-0.9628750000
29.8582083330,-0.9628683330
29.8582166670,-0.9628750000
29.8582200000,-0.9628783330
29.8582250000,-0.9628783330
29.8582333330,-0.9628783330
29.8582433330,-0.9628733330
29.8582516670,-0.9628766670
29.8582616670,-0.9628783330
29.8582666670,-0.9628800000
29.8582700000,-0.9628816670
29.8582783330,-0.9628800000
29.8582866670,-0.9628816670
29.8582966670,-0.9628800000
29.8583050000,-0.9628833330
29.8583133330,-0.9628866670
29.8583216670,-0.9628950000
29.8583283330,-0.9629000000
29.8583366670,-0.9629033330
29.8583433330,-0.9629050000
29.8583516670,-0.9629050000
29.8583583330,-0.9629083330
29.8583683330,-0.9629100000
29.8583766670,-0.9629150000
29.8583816670,-0.9629200000
29.8583866670,-0.9629266670
29.8583933330,-0.9629300000
29.8583966670,-0.9629350000
29.8584016670,-0.9629400000
29.8584083330,-0.9629366670
29.8584183330,-0.9629350000
29.8584300000,-0.9629383330
29.8584400000,-0.9629466670
29.8584500000,-0.9629583330
29.8584583330,-0.9629650000
29.8584683330,-0.9629750000
29.8584733330,-0.9629783330
29.8584800000,-0.9629816670
29.8584866670,-0.9629816670
29.8584933330,-0.9629850000
29.8584983330,-0.9629883330
29.8585050000,-0.9629900000
29.8585166670,-0.9629900000
29.8585250000,-0.9629983330
29.8585366670,-0.9630000000
29.8585483330,-0.9630033330
29.8585533330,-0.9630000000
29.8585566670,-0.9630050000
29.8585616670,-0.9630150000
29.8585750000,-0.9630200000
29.8585850000,-0.9630266670
29.8585900000,-0.9630316670
29.8585983330,-0.9630350000
29.8586050000,-0.9630466670
29.8586100000,-0.9630616670
29.8586250000,-0.9630533330
29.8586333330,-0.9630500000
29.8586416670,-0.9630483330
29.8586600000,-0.9630500000
29.8586766670,-0.9630500000
29.8586916670,-0.9630516670
29.8587083330,-0.9630533330
29.8587300000,-0.9630633330
29.8587466670,-0.9630616670
29.8587633330,-0.9630650000
29.8587733330,-0.9630783330
29.8587833330,-0.9630883330
29.8588000000,-0.9630933330
29.8588183330,-0.9631016670
29.8588366670,-0.9631116670
29.8588500000,-0.9631233330
29.8588566670,-0.9631316670
29.8588666670,-0.9631400000
29.8588850000,-0.9631533330
29.8588933330,-0.9631600000
29.8589033330,-0.9631666670
29.8589216670,-0.9631716670
29.8589300000,-0.9631766670
29.8589416670,-0.9631816670
29.8589633330,-0.9631916670
29.8589716670,-0.9631966670
29.8589816670,-0.9631983330
29.8589966670,-0.9632083330
29.8590050000,-0.9632116670
29.8590133330,-0.9632150000
29.8590283330,-0.9632150000
29.8590466670,-0.9632133330
29.8590666670,-0.9632166670
29.8590916670,-0.9632150000
29.8591033330,-0.9632133330
29.8591150000,-0.9632133330
29.8591350000,-0.9632116670
29.8591566670,-0.9632116670
29.8591683330,-0.9632166670
29.8591800000,-0.9632200000
29.8592050000,-0.9632283330
29.8592300000,-0.9632283330
29.8592416670,-0.9632266670
29.8592516670,-0.9632233330
29.8592733330,-0.9632183330
29.8592966670,-0.9632083330
29.8593166670,-0.9631933330
29.8593250000,-0.9631833330
29.8593316670,-0.9631716670
29.8593416670,-0.9631466670
29.8593516670,-0.9631200000
29.8593550000,-0.9630950000
29.8593566670,-0.9630800000
29.8593583330,-0.9630683330
29.8593550000,-0.9630400000
29.8593550000,-0.9630166670
29.8593750000,-0.9630083330
29.8593966670,-0.9630016670
29.8594183330,-0.9629900000
29.8594283330,-0.9629700000
29.8594316670,-0.9629566670
29.8594400000,-0.9629483330
29.8594633330,-0.9629450000
29.8594850000,-0.9629416670
29.8595083330,-0.9629433330
29.8595250000,-0.9629550000
29.8595500000,-0.9629466670
29.8595866670,-0.9629150000
29.8596233330,-0.9628750000
29.8596550000,-0.9628266670
29.8596683330,-0.9627983330
29.8596766670,-0.9627700000
29.8596800000,-0.9627400000
29.8596883330,-0.9627116670
29.8596950000,-0.9626866670
29.8596983330,-0.9626616670
29.8597083330,-0.9626350000
29.8597233330,-0.9626083330
29.8597300000,-0.9625816670
29.8597283330,-0.9625583330
29.8597250000,-0.9625316670
29.8597200000,-0.9625050000
29.8597200000,-0.9624833330
29.8597233330,-0.9624650000
29.8597316670,-0.9624450000
29.8597383330,-0.9624200000
29.8597400000,-0.9623966670
29.8597450000,-0.9623733330
29.8597533330,-0.9623483330
29.8597516670,-0.9623266670
29.8597533330,-0.9623050000
29.8597616670,-0.9622833330
29.8597766670,-0.9622400000
29.8598000000,-0.9621816670
29.8598100000,-0.9621266670
29.8598266670,-0.9620700000
29.8598516670,-0.9620200000
29.8598533330,-0.9619733330
29.8598383330,-0.9619566670
29.8598183330,-0.9619400000
29.8597800000,-0.9619083330
29.8597350000,-0.9618683330
29.8596916670,-0.9618250000
29.8596516670,-0.9617750000
29.8596333330,-0.9617500000
29.8596150000,-0.9617283330
29.8595850000,-0.9616850000
29.8595483330,-0.9616416670
29.8595050000,-0.9616000000
29.8594516670,-0.9615566670
29.8594250000,-0.9615366670
29.8593983330,-0.9615200000
29.8593483330,-0.9614900000
29.8593000000,-0.9614550000
29.8592550000,-0.9614133330
29.8592316670,-0.9613916670
29.8592066670,-0.9613716670
29.8591583330,-0.9613300000
29.8591150000,-0.9612800000
29.8590916670,-0.9612583330
29.8590716670,-0.9612350000
29.8590233330,-0.9611883330
29.8589766670,-0.9611483330
29.8589566670,-0.9611250000
29.8589383330,-0.9611016670
29.8589000000,-0.9610566670
29.8588750000,-0.9609983330
29.8588566670,-0.9609700000
29.8588350000,-0.9609466670
29.8587950000,-0.9609016670
29.8587516670,-0.9608633330
29.8587350000,-0.9608383330
29.8587233330,-0.9608116670
29.8586900000,-0.9607616670
29.8586783330,-0.9607350000
29.8586666670,-0.9607066670
29.8586350000,-0.9606533330
29.8586216670,-0.9605933330
29.8585966670,-0.9605416670
29.8585716670,-0.9604950000
29.8585533330,-0.9604466670
29.8585500000,-0.9603866670
29.8585383330,-0.9603300000
29.8585216670,-0.9602716670
29.8584983330,-0.9602216670
29.8584816670,-0.9602000000
29.8584633330,-0.9601866670
29.8584150000,-0.9601800000
29.8583883330,-0.9601866670
29.8583650000,-0.9601966670
29.8583300000,-0.9602150000
29.8583133330,-0.9602183330
29.8582883330,-0.9602183330
29.8582416670,-0.9602183330
29.8582183330,-0.9602116670
29.8581933330,-0.9602083330
29.8581400000,-0.9602183330
29.8581200000,-0.9602300000
29.8581000000,-0.9602416670
29.8580583330,-0.9602350000
29.8580366670,-0.9602333330
29.8580183330,-0.9602216670
29.8579800000,-0.9601950000
29.8579333330,-0.9602000000
29.8579083330,-0.9602050000
29.8578850000,-0.9602016670
29.8578300000,-0.9601916670
29.8577816670,-0.9601533330
29.8577566670,-0.9601466670
29.8577300000,-0.9601533330
29.8576683330,-0.9601566670
29.8576166670,-0.9601483330
29.8575916670,-0.9601533330
29.8575633330,-0.9601633330
29.8575000000,-0.9601733330
29.8574433330,-0.9601783330
29.8574100000,-0.9601783330
29.8573750000,-0.9601716670
29.8573050000,-0.9601550000
29.8572466670,-0.9601483330
29.8571983330,-0.9601333330
29.8571700000,-0.9601250000
29.8571433330,-0.9601233330
29.8570933330,-0.9601250000
29.8570383330,-0.9601216670
29.8570083330,-0.9601183330
29.8569783330,-0.9601150000
29.8568616670,-0.9601066670
29.8568116670,-0.9600983330
29.8567750000,-0.9600850000
29.8567533330,-0.9600816670
29.8567316670,-0.9600850000
29.8567150000,-0.9600950000
29.8567050000,-0.9601050000
29.8566833330,-0.9601283330
29.8566633330,-0.9601550000
29.8566633330,-0.9601800000
29.8566683330,-0.9602066670
29.8566666670,-0.9602266670
29.8566650000,-0.9602383330
29.8566633330,-0.9602450000
29.8566533330,-0.9603066670
29.8566350000,-0.9603200000
29.8566216670,-0.9603433330
29.8566050000,-0.9603600000
29.8565950000,-0.9604033330
29.8565983330,-0.9604200000
29.8566016670,-0.9604333330
29.8566066670,-0.9604483330
29.8566133330,-0.9604666670
29.8566316670,-0.9605433330
29.8566400000,-0.9605750000
29.8566533330,-0.9606083330
29.8566683330,-0.9606433330
29.8566733330,-0.9606666670
29.8566850000,-0.9607016670
29.8566983330,-0.9607316670
29.8567116670,-0.9607600000
29.8567250000,-0.9607833330
29.8567433330,-0.9608000000
29.8567600000,-0.9608183330
29.8568250000,-0.9608700000
29.8568300000,-0.9608700000
29.8568433330,-0.9608783330
29.8568700000,-0.9608816670
29.8568733330,-0.9608816670
29.8568783330,-0.9608816670
29.8568833330,-0.9608816670
29.8568883330,-0.9608816670
29.8568950000,-0.9608816670
29.8569000000,-0.9608833330
29.8569033330,-0.9608833330
29.8569083330,-0.9608833330
29.8569116670,-0.9608850000
29.8569166670,-0.9608850000
29.8569233330,-0.9608850000
29.8569316670,-0.9608850000
29.8569400000,-0.9608900000
29.8569500000,-0.9608950000
29.8569633330,-0.9609000000
29.8569750000,-0.9609033330
29.8569850000,-0.9609033330
29.8569983330,-0.9609083330
29.8570116670,-0.9609133330
29.8570266670,-0.9609183330
29.8570416670,-0.9609233330
29.8570550000,-0.9609266670
29.8570666670,-0.9609316670
29.8570816670,-0.9609366670
29.8570966670,-0.9609550000
29.8571183330,-0.9610000000
29.8571300000,-0.9610283330
29.8571550000,-0.9610950000
29.8571600000,-0.9611200000
29.8571683330,-0.9611433330
29.8571766670,-0.9611650000
29.8571783330,-0.9611750000
29.8571800000,-0.9611850000
29.8571833330,-0.9611966670
29.8571866670,-0.9612100000
29.8571900000,-0.9612233330
29.8571933330,-0.9612383330
29.8571966670,-0.9612516670
29.8572033330,-0.9612633330
29.8572100000,-0.9612883330
29.8572200000,-0.9613100000
29.8572233330,-0.9613233330
29.8572266670,-0.9613333330
29.8572316670,-0.9613433330
29.8572383330,-0.9613516670
29.8572433330,-0.9613583330
29.8572500000,-0.9613700000
29.8572633330,-0.9613950000
29.8572816670,-0.9614316670
29.8572866670,-0.9614450000
29.8572933330,-0.9614583330
29.8573000000,-0.9614700000
29.8573183330,-0.9614950000
29.8573283330,-0.9615050000
29.8573366670,-0.9615183330
29.8573433330,-0.9615316670
29.8573516670,-0.9615450000
29.8573683330,-0.9615633330
29.8573800000,-0.9616133330
29.8573800000,-0.9616316670
29.8573816670,-0.9616466670
29.8573833330,-0.9616600000
29.8573933330,-0.9616816670
29.8573966670,-0.9616950000
29.8574033330,-0.9617066670
29.8574100000,-0.9617183330
29.8574166670,-0.9617283330
29.8574250000,-0.9617533330
29.8574266670,-0.9617650000
29.8574266670,-0.9617783330
29.8574283330,-0.9617916670
29.8574316670,-0.9618033330
29.8574400000,-0.9618250000
29.8574450000,-0.9618366670
29.8574483330,-0.9618483330
29.8574533330,-0.9618600000
29.8574600000,-0.9618733330
29.8574750000,-0.9618933330
29.8574800000,-0.9619033330
29.8574850000,-0.9619133330
29.8575033330,-0.9619350000
29.8575283330,-0.9619700000
29.8575366670,-0.9619800000
29.8575500000,-0.9620016670
29.8575566670,-0.9620133330
29.8575616670,-0.9620266670
29.8575766670,-0.9620433330
29.8576100000,-0.9620750000
29.8576200000,-0.9620883330
29.8576433330,-0.9621316670
29.8576566670,-0.9621583330
29.8576733330,-0.9621900000
29.8576966670,-0.9622400000
29.8577083330,-0.9622750000
29.8577166670,-0.9622983330
29.8577050000,-0.9623416670
29.8577033330,-0.9623466670
29.8577000000,-0.9623600000
29.8576933330,-0.9623833330
29.8576883330,-0.9623933330
29.8576816670,-0.9624050000
29.8576683330,-0.9624283330
29.8576666670,-0.9624400000
29.8576650000,-0.9624550000
29.8576550000,-0.9624850000
29.8576483330,-0.9624983330
29.8576450000,-0.9625083330
29.8576483330,-0.9625250000
29.8576550000,-0.9625283330
29.8576600000,-0.9625266670
29.8576666670,-0.9625166670
29.8576733330,-0.9625200000
29.8576800000,-0.9625316670
29.8576966670,-0.9625566670
29.8577166670,-0.9625700000
29.8577200000,-0.9625733330
29.8577333330,-0.9625816670
29.8577366670,-0.9625833330
29.8577416670,-0.9625833330
29.8577466670,-0.9625900000
29.8577500000,-0.9625916670
29.8577516670,-0.9625933330
29.8577600000,-0.9626016670
29.8577650000,-0.9626016670
29.8577683330,-0.9626050000
29.8577750000,-0.9626100000
29.8577766670,-0.9626116670
29.8577800000,-0.9626133330
29.8577833330,-0.9626166670
29.8577866670,-0.9626200000
29.8577966670,-0.9626250000
29.8578000000,-0.9626283330
29.8578050000,-0.9626300000
29.8578083330,-0.9626333330
29.8578150000,-0.9626383330
29.8578216670,-0.9626450000
29.8578233330,-0.9626516670
29.8578283330,-0.9626550000
29.8578316670,-0.9626566670
29.8578350000,-0.9626633330
29.8578383330,-0.9626766670
29.8578433330,-0.9626816670
29.8578466670,-0.9626866670
29.8578650000,-0.9626883330
29.8578716670,-0.9626883330
29.8578783330,-0.9626866670
29.8578850000,-0.9626833330
29.8578883330,-0.9626816670
29.8578983330,-0.9626750000
29.8579050000,-0.9626733330
29.8579083330,-0.9626716670
29.8579116670,-0.9626700000
29.8579133330,-0.9626666670
29.8579200000,-0.9626583330
29.8579233330,-0.9626533330
29.8579250000,-0.9626500000
29.8579233330,-0.9626533330
29.8579233330,-0.9626550000
29.8579216670,-0.9626550000
29.8579216670,-0.9626566670
29.8579233330,-0.9626566670
29.8579316670,-0.9627433330</coordinates>
                </LineString>
            </Placemark>
            <Placemark>
                <name>2007UG200-Mushuti A</name>
                <styleUrl>#trackStyle1</styleUrl>
                <LineString>
                    <coordinates>29.6765450000,-0.9742633330
29.6765466670,-0.9742616670
29.6765450000,-0.9742616670
29.6758750000,-0.9721200000
29.6758766670,-0.9721233330
29.6758750000,-0.9721200000
29.6762533330,-0.9712450000
29.6762500000,-0.9712466670
29.6762433330,-0.9712483330
29.6762400000,-0.9712483330
29.6762383330,-0.9712500000
29.6764000000,-0.9710983330
29.6819966670,-0.9730750000
29.6819950000,-0.9730733330
29.6819966670,-0.9730733330
29.6820000000,-0.9730733330
29.6823666670,-0.9739733330
29.6823716670,-0.9739700000
29.6774100000,-0.9778700000
29.6774133330,-0.9778700000
29.6774166670,-0.9778716670
29.6774183330,-0.9778683330
29.6774233330,-0.9778683330
29.6769216670,-0.9771416670
29.6769116670,-0.9771000000
29.6769100000,-0.9770900000
29.6764433330,-0.9741933330
29.6764466670,-0.9741933330
29.6764516670,-0.9741983330
29.6764550000,-0.9742050000
29.6764566670,-0.9742066670
29.6764600000,-0.9742083330
29.6764650000,-0.9742116670
29.6764666670,-0.9742150000
29.6764700000,-0.9742150000
29.6764733330,-0.9742166670
29.6764733330,-0.9742150000
29.6764750000,-0.9742166670
29.6764766670,-0.9742166670
29.6764800000,-0.9742183330
29.6765450000,-0.9742633330</coordinates>
                </LineString>
            </Placemark>
            <Placemark>
                <name>2007UG279-Ndangizi 01</name>
                <styleUrl>#trackStyle1</styleUrl>
                <LineString>
                    <coordinates>29.7776733330,-1.0403850000
29.7776833330,-1.0403766670
29.7776950000,-1.0403700000
29.7777066670,-1.0403650000
29.7777133330,-1.0403583330
29.7777150000,-1.0403566670
29.7777166670,-1.0403533330
29.7779350000,-1.0400183330
29.7779366670,-1.0400166670
29.7779366670,-1.0400133330
29.7779416670,-1.0400000000
29.7779433330,-1.0399850000
29.7779566670,-1.0399616670
29.7779650000,-1.0399533330
29.7779750000,-1.0399483330
29.7779950000,-1.0399533330
29.7779966670,-1.0399566670
29.7779983330,-1.0399583330
29.7780000000,-1.0399583330
29.7780033330,-1.0399550000
29.7780100000,-1.0399500000
29.7780233330,-1.0399483330
29.7780300000,-1.0399466670
29.7780366670,-1.0399433330
29.7780433330,-1.0399400000
29.7780500000,-1.0399366670
29.7780633330,-1.0399333330
29.7780766670,-1.0399300000
29.7783566670,-1.0399183330
29.7783566670,-1.0399166670
29.7783600000,-1.0399133330
29.7783650000,-1.0399050000
29.7783733330,-1.0399016670
29.7783833330,-1.0399000000
29.7784000000,-1.0399016670
29.7784066670,-1.0399016670
29.7784100000,-1.0399000000
29.7784166670,-1.0398966670
29.7784266670,-1.0398916670
29.7784350000,-1.0398933330
29.7784400000,-1.0398983330
29.7784550000,-1.0399100000
29.7784616670,-1.0399133330
29.7784700000,-1.0399166670
29.7784916670,-1.0399200000
29.7785000000,-1.0399250000
29.7785983330,-1.0399366670
29.7786000000,-1.0399350000
29.7785933330,-1.0399433330
29.7785950000,-1.0399583330
29.7785900000,-1.0399666670
29.7785850000,-1.0399783330
29.7785800000,-1.0399866670
29.7785766670,-1.0399950000
29.7785766670,-1.0400033330
29.7785733330,-1.0400116670
29.7785700000,-1.0400200000
29.7785650000,-1.0400283330
29.7785616670,-1.0400400000
29.7785583330,-1.0400533330
29.7785566670,-1.0400616670
29.7785566670,-1.0400683330
29.7785566670,-1.0400750000
29.7785483330,-1.0400983330
29.7785450000,-1.0401066670
29.7783216670,-1.0405833330
29.7783250000,-1.0405783330
29.7783200000,-1.0405616670
29.7783133330,-1.0405666670
29.7783033330,-1.0405750000
29.7782933330,-1.0405866670
29.7782800000,-1.0406050000
29.7782700000,-1.0406250000
29.7782550000,-1.0406566670
29.7782566670,-1.0406650000
29.7782566670,-1.0406700000
29.7782550000,-1.0406750000
29.7782566670,-1.0406783330
29.7782616670,-1.0406916670
29.7782583330,-1.0406983330
29.7780250000,-1.0416533330
29.7780233330,-1.0416583330
29.7780233330,-1.0416600000
29.7780216670,-1.0416650000
29.7780200000,-1.0416733330
29.7780183330,-1.0416800000
29.7780150000,-1.0416850000
29.7780150000,-1.0416916670
29.7780133330,-1.0416950000
29.7780100000,-1.0416983330
29.7780100000,-1.0417016670
29.7780083330,-1.0417083330
29.7780033330,-1.0417166670
29.7780033330,-1.0417266670
29.7780050000,-1.0417250000
29.7780050000,-1.0417233330
29.7780066670,-1.0417216670
29.7780116670,-1.0417250000
29.7780116670,-1.0417300000
29.7780083330,-1.0417333330
29.7780066670,-1.0417366670
29.7780083330,-1.0417400000
29.7780083330,-1.0417483330
29.7780066670,-1.0417650000
29.7780050000,-1.0417683330
29.7780050000,-1.0417750000
29.7780083330,-1.0417800000
29.7780116670,-1.0417833330
29.7780116670,-1.0417866670
29.7780100000,-1.0417916670
29.7780150000,-1.0417950000
29.7780216670,-1.0417916670
29.7780766670,-1.0418033330
29.7780800000,-1.0418083330
29.7780800000,-1.0418116670
29.7780833330,-1.0418150000
29.7780883330,-1.0418183330
29.7780950000,-1.0418250000
29.7781000000,-1.0418316670
29.7781050000,-1.0418383330
29.7781083330,-1.0418466670
29.7781150000,-1.0418550000
29.7781316670,-1.0418833330
29.7781333330,-1.0418900000
29.7781383330,-1.0418966670
29.7781433330,-1.0419033330
29.7781466670,-1.0419100000
29.7781516670,-1.0419150000
29.7781550000,-1.0419200000
29.7781633330,-1.0419300000
29.7781800000,-1.0419383330
29.7781816670,-1.0419466670
29.7781833330,-1.0419500000
29.7784633330,-1.0421850000
29.7784650000,-1.0421866670
29.7784766670,-1.0421916670
29.7784816670,-1.0422033330
29.7784816670,-1.0422066670
29.7784816670,-1.0422116670
29.7784816670,-1.0422150000
29.7784833330,-1.0422200000
29.7784816670,-1.0422283330
29.7784900000,-1.0422433330
29.7784916670,-1.0422483330
29.7784933330,-1.0422516670
29.7784950000,-1.0422550000
29.7784933330,-1.0422600000
29.7784916670,-1.0422666670
29.7785000000,-1.0422716670
29.7785216670,-1.0422716670
29.7785300000,-1.0422750000
29.7785350000,-1.0422800000
29.7786966670,-1.0423700000
29.7787000000,-1.0423750000
29.7787033330,-1.0423766670
29.7787216670,-1.0423883330
29.7787200000,-1.0423966670
29.7787233330,-1.0424000000
29.7787283330,-1.0424016670
29.7787400000,-1.0424033330
29.7787483330,-1.0424066670
29.7787683330,-1.0424150000
29.7787916670,-1.0424166670
29.7788033330,-1.0424166670
29.7788150000,-1.0424166670
29.7788366670,-1.0424250000
29.7788366670,-1.0424300000
29.7788300000,-1.0424450000
29.7788283330,-1.0424533330
29.7788266670,-1.0424600000
29.7788283330,-1.0424616670
29.7788316670,-1.0424633330
29.7788333330,-1.0424650000
29.7788333330,-1.0424666670
29.7788366670,-1.0424716670
29.7788450000,-1.0424733330
29.7788550000,-1.0424766670
29.7788683330,-1.0424800000
29.7788800000,-1.0424866670
29.7788900000,-1.0424950000
29.7789116670,-1.0425116670
29.7789266670,-1.0425266670
29.7789233330,-1.0425333330
29.7789183330,-1.0425433330
29.7789150000,-1.0425516670
29.7789083330,-1.0425633330
29.7788483330,-1.0427700000
29.7788483330,-1.0427800000
29.7788500000,-1.0427800000
29.7788450000,-1.0427900000
29.7788400000,-1.0427966670
29.7788350000,-1.0428050000
29.7788300000,-1.0428150000
29.7788166670,-1.0428433330
29.7788150000,-1.0428500000
29.7787083330,-1.0430666670
29.7787100000,-1.0430700000
29.7787083330,-1.0430750000
29.7787033330,-1.0430816670
29.7787000000,-1.0430916670
29.7786950000,-1.0431016670
29.7786916670,-1.0431166670
29.7786916670,-1.0431333330
29.7786933330,-1.0431416670
29.7786900000,-1.0431483330
29.7786883330,-1.0431583330
29.7786883330,-1.0431683330
29.7786800000,-1.0432116670
29.7786766670,-1.0432200000
29.7786816670,-1.0432400000
29.7786800000,-1.0432466670
29.7786800000,-1.0432550000
29.7786400000,-1.0438083330
29.7786400000,-1.0438133330
29.7786350000,-1.0438200000
29.7786250000,-1.0438283330
29.7786066670,-1.0438466670
29.7785966670,-1.0438666670
29.7785933330,-1.0438783330
29.7785883330,-1.0438900000
29.7785766670,-1.0439100000
29.7785616670,-1.0439250000
29.7785466670,-1.0439250000
29.7785350000,-1.0439266670
29.7785266670,-1.0439266670
29.7785033330,-1.0439283330
29.7784966670,-1.0439316670
29.7784900000,-1.0439316670
29.7780816670,-1.0442666670
29.7780750000,-1.0442683330
29.7780733330,-1.0442716670
29.7780700000,-1.0442750000
29.7780566670,-1.0442833330
29.7780450000,-1.0442833330
29.7780416670,-1.0442833330
29.7780316670,-1.0442816670
29.7772750000,-1.0442683330
29.7772716670,-1.0442700000
29.7772683330,-1.0442700000
29.7772666670,-1.0442700000
29.7772616670,-1.0442700000
29.7772450000,-1.0442650000
29.7772333330,-1.0442616670
29.7772266670,-1.0442600000
29.7759866670,-1.0440533330
29.7759833330,-1.0440483330
29.7759733330,-1.0440383330
29.7759650000,-1.0440316670
29.7759583330,-1.0440283330
29.7758516670,-1.0438750000
29.7758500000,-1.0438733330
29.7758466670,-1.0438683330
29.7758383330,-1.0438500000
29.7758350000,-1.0438416670
29.7758316670,-1.0438350000
29.7758116670,-1.0438200000
29.7756783330,-1.0437250000
29.7756766670,-1.0437216670
29.7756716670,-1.0437166670
29.7756700000,-1.0437050000
29.7756666670,-1.0436816670
29.7770700000,-1.0412750000
29.7770700000,-1.0412733330
29.7770700000,-1.0412716670
29.7770683330,-1.0412666670
29.7770700000,-1.0412583330
29.7770633330,-1.0412366670
29.7770616670,-1.0412233330
29.7770633330,-1.0412116670
29.7770666670,-1.0411866670
29.7770733330,-1.0411650000
29.7772983330,-1.0404200000
29.7772983330,-1.0404183330
29.7773000000,-1.0404166670
29.7773050000,-1.0404166670
29.7773066670,-1.0404166670
29.7773083330,-1.0404150000
29.7773100000,-1.0404116670
29.7773116670,-1.0404116670
29.7773150000,-1.0404116670
29.7773300000,-1.0404166670
29.7773416670,-1.0404216670
29.7773450000,-1.0404233330
29.7773483330,-1.0404250000
29.7773550000,-1.0404266670
29.7773566670,-1.0404250000
29.7773600000,-1.0404216670
29.7773683330,-1.0404200000
29.7773733330,-1.0404200000
29.7773783330,-1.0404166670
29.7773850000,-1.0404166670
29.7773983330,-1.0404116670
29.7774000000,-1.0404133330
29.7774016670,-1.0404133330
29.7774050000,-1.0404116670
29.7774066670,-1.0404100000
29.7774100000,-1.0404083330
29.7774133330,-1.0404050000
29.7774200000,-1.0404050000
29.7774216670,-1.0404066670
29.7774266670,-1.0404050000
29.7774333330,-1.0404016670
29.7774383330,-1.0404016670
29.7774433330,-1.0404000000
29.7774566670,-1.0404000000
29.7774650000,-1.0403966670
29.7774850000,-1.0403966670
29.7774983330,-1.0403966670
29.7775033330,-1.0403983330
29.7775133330,-1.0403983330
29.7775216670,-1.0404000000
29.7775300000,-1.0404016670
29.7775400000,-1.0404100000
29.7775483330,-1.0404133330
29.7775550000,-1.0404150000
29.7775716670,-1.0404166670
29.7775783330,-1.0404166670
29.7775866670,-1.0404183330
29.7775933330,-1.0404216670
29.7775966670,-1.0404233330
29.7776000000,-1.0404266670
29.7776083330,-1.0404233330
29.7776116670,-1.0404200000
29.7776233330,-1.0404100000
29.7776250000,-1.0404100000
29.7776733330,-1.0403850000</coordinates>
                </LineString>
            </Placemark>
            <Placemark>
                <name>2008UG140-Munono 01</name>
                <styleUrl>#trackStyle1</styleUrl>
                <LineString>
                    <coordinates>30.0690550000,-1.3098166670
30.0690550000,-1.3098200000
30.0690516670,-1.3098300000
30.0690350000,-1.3098433330
30.0690216670,-1.3098566670
30.0689883330,-1.3098766670
30.0689783330,-1.3098783330
30.0689716670,-1.3098816670
30.0687733330,-1.3099800000
30.0687500000,-1.3099966670
30.0687333330,-1.3099966670
30.0687233330,-1.3099966670
30.0687166670,-1.3099950000
30.0687050000,-1.3099900000
30.0686916670,-1.3099833330
30.0686766670,-1.3099766670
30.0686716670,-1.3099733330
30.0686683330,-1.3099716670
30.0686633330,-1.3099666670
30.0686583330,-1.3099616670
30.0685883330,-1.3099833330
30.0685783330,-1.3099866670
30.0685750000,-1.3099883330
30.0685700000,-1.3099916670
30.0685666670,-1.3099983330
30.0685533330,-1.3100133330
30.0685466670,-1.3100216670
30.0685366670,-1.3100366670
30.0685300000,-1.3100466670
30.0683950000,-1.3102316670
30.0683933330,-1.3102316670
30.0683983330,-1.3102350000
30.0684033330,-1.3102433330
30.0683166670,-1.3103316670
30.0683133330,-1.3103333330
30.0683016670,-1.3103400000
30.0682866670,-1.3103466670
30.0682566670,-1.3103616670
30.0682516670,-1.3103666670
30.0682483330,-1.3103716670
30.0682450000,-1.3103750000
30.0682416670,-1.3103783330
30.0682400000,-1.3103833330
30.0682366670,-1.3103866670
30.0682316670,-1.3103900000
30.0682266670,-1.3103950000
30.0682150000,-1.3104100000
30.0682133330,-1.3104150000
30.0681883330,-1.3105233330
30.0681750000,-1.3105300000
30.0681666670,-1.3105300000
30.0681566670,-1.3105300000
30.0681483330,-1.3105283330
30.0681400000,-1.3105266670
30.0681300000,-1.3105233330
30.0680816670,-1.3105450000
30.0680816670,-1.3105650000
30.0680816670,-1.3105750000
30.0680833330,-1.3105800000
30.0680866670,-1.3109716670
30.0680733330,-1.3109866670
30.0680716670,-1.3109966670
30.0680616670,-1.3110016670
30.0680516670,-1.3110033330
30.0680433330,-1.3110116670
30.0680333330,-1.3110216670
30.0680200000,-1.3110316670
30.0680150000,-1.3110433330
30.0680083330,-1.3110583330
30.0680050000,-1.3110666670
30.0679983330,-1.3110750000
30.0679800000,-1.3110900000
30.0679733330,-1.3110983330
30.0679733330,-1.3110950000
30.0679733330,-1.3110966670
30.0679700000,-1.3110983330
30.0679683330,-1.3110966670
30.0679650000,-1.3110983330
30.0679600000,-1.3111000000
30.0679550000,-1.3111000000
30.0679500000,-1.3111000000
30.0679433330,-1.3111016670
30.0679383330,-1.3111033330
30.0679316670,-1.3111066670
30.0678200000,-1.3112683330
30.0678166670,-1.3112750000
30.0678116670,-1.3112800000
30.0678033330,-1.3112866670
30.0677950000,-1.3112916670
30.0677850000,-1.3112966670
30.0677766670,-1.3113050000
30.0672183330,-1.3118300000
30.0672083330,-1.3118300000
30.0671983330,-1.3118316670
30.0671750000,-1.3118333330
30.0671500000,-1.3118316670
30.0670933330,-1.3118383330
30.0670800000,-1.3118416670
30.0670683330,-1.3118433330
30.0670533330,-1.3118466670
30.0668350000,-1.3118916670
30.0668116670,-1.3118966670
30.0667966670,-1.3118983330
30.0667833330,-1.3118983330
30.0667683330,-1.3119016670
30.0667550000,-1.3119050000
30.0667433330,-1.3119083330
30.0667300000,-1.3119100000
30.0667066670,-1.3119150000
30.0666850000,-1.3119233330
30.0666633330,-1.3119316670
30.0666383330,-1.3119400000
30.0665800000,-1.3119583330
30.0665683330,-1.3119616670
30.0665450000,-1.3119700000
30.0665216670,-1.3119750000
30.0664966670,-1.3119816670
30.0664716670,-1.3119916670
30.0664600000,-1.3119933330
30.0664466670,-1.3119966670
30.0664366670,-1.3120000000
30.0664050000,-1.3120166670
30.0663833330,-1.3120200000
30.0663750000,-1.3120233330
30.0663666670,-1.3120250000
30.0663566670,-1.3120216670
30.0662633330,-1.3119750000
30.0662383330,-1.3119733330
30.0662250000,-1.3119716670
30.0662116670,-1.3119700000
30.0661966670,-1.3119666670
30.0661816670,-1.3119650000
30.0661666670,-1.3119616670
30.0661233330,-1.3119550000
30.0661100000,-1.3119533330
30.0660966670,-1.3119500000
30.0660833330,-1.3119466670
30.0660733330,-1.3119450000
30.0660600000,-1.3119433330
30.0660483330,-1.3119383330
30.0660183330,-1.3119250000
30.0659883330,-1.3119133330
30.0657350000,-1.3117500000
30.0657266670,-1.3117416670
30.0657200000,-1.3117383330
30.0657066670,-1.3117216670
30.0657016670,-1.3117133330
30.0656966670,-1.3117000000
30.0656933330,-1.3116916670
30.0656883330,-1.3116833330
30.0656816670,-1.3116766670
30.0655816670,-1.3115416670
30.0655733330,-1.3115316670
30.0655583330,-1.3115066670
30.0655500000,-1.3114933330
30.0655450000,-1.3114850000
30.0655400000,-1.3114766670
30.0655366670,-1.3114683330
30.0655333330,-1.3114616670
30.0655250000,-1.3114466670
30.0655216670,-1.3114316670
30.0655200000,-1.3114316670
30.0654800000,-1.3112550000
30.0654783330,-1.3112533330
30.0654800000,-1.3112483330
30.0654850000,-1.3112400000
30.0654950000,-1.3112166670
30.0654983330,-1.3112083330
30.0655016670,-1.3112000000
30.0655066670,-1.3111950000
30.0655100000,-1.3111883330
30.0655150000,-1.3111833330
30.0655216670,-1.3111783330
30.0655316670,-1.3111700000
30.0655333330,-1.3111700000
30.0655333330,-1.3111683330
30.0658483330,-1.3105733330
30.0658500000,-1.3105700000
30.0658566670,-1.3105566670
30.0658600000,-1.3105516670
30.0658650000,-1.3105433330
30.0658700000,-1.3105366670
30.0658750000,-1.3105316670
30.0658866670,-1.3105250000
30.0658950000,-1.3105166670
30.0658833330,-1.3101600000
30.0658900000,-1.3101466670
30.0658983330,-1.3101400000
30.0659083330,-1.3101333330
30.0659166670,-1.3101250000
30.0659416670,-1.3101066670
30.0659516670,-1.3101000000
30.0659616670,-1.3100933330
30.0659833330,-1.3100833330
30.0660016670,-1.3100700000
30.0660183330,-1.3100600000
30.0660283330,-1.3100566670
30.0662966670,-1.3100100000
30.0663050000,-1.3100116670
30.0663033330,-1.3100116670
30.0663050000,-1.3100116670
30.0663150000,-1.3100200000
30.0663333330,-1.3100266670
30.0663433330,-1.3100300000
30.0663516670,-1.3100333330
30.0663900000,-1.3100500000
30.0664016670,-1.3100533330
30.0664166670,-1.3100566670
30.0664166670,-1.3100550000
30.0664166670,-1.3100566670
30.0664166670,-1.3100650000
30.0664183330,-1.3100766670
30.0664183330,-1.3100800000
30.0665033330,-1.3103300000
30.0665050000,-1.3103316670
30.0665050000,-1.3103333330
30.0665100000,-1.3103316670
30.0669450000,-1.3100666670
30.0669466670,-1.3100650000
30.0669483330,-1.3100650000
30.0669550000,-1.3100700000
30.0669616670,-1.3100766670
30.0669683330,-1.3100800000
30.0669783330,-1.3100833330
30.0671150000,-1.3101583330
30.0671166670,-1.3101583330
30.0671200000,-1.3101566670
30.0672666670,-1.3100100000
30.0672683330,-1.3100083330
30.0672700000,-1.3100050000
30.0672700000,-1.3100016670
30.0672666670,-1.3100000000
30.0670600000,-1.3097850000
30.0670616670,-1.3097850000
30.0670733330,-1.3097816670
30.0670833330,-1.3097783330
30.0672800000,-1.3096066670
30.0672783330,-1.3096050000
30.0672783330,-1.3096033330
30.0672733330,-1.3095916670
30.0668383330,-1.3093366670
30.0668350000,-1.3093316670
30.0668350000,-1.3093283330
30.0668333330,-1.3093266670
30.0668333330,-1.3093216670
30.0668366670,-1.3093050000
30.0669216670,-1.3089733330
30.0669233330,-1.3089716670
30.0672050000,-1.3090150000
30.0672050000,-1.3090133330
30.0678616670,-1.3091716670
30.0678650000,-1.3091700000
30.0678650000,-1.3091733330
30.0678683330,-1.3091783330
30.0678716670,-1.3091833330
30.0680966670,-1.3094133330
30.0680966670,-1.3094150000
30.0680983330,-1.3094166670
30.0681000000,-1.3094183330
30.0683083330,-1.3096133330
30.0683150000,-1.3096050000
30.0683183330,-1.3096050000
30.0683200000,-1.3096050000
30.0683283330,-1.3096016670
30.0683416670,-1.3095900000
30.0683466670,-1.3095850000
30.0683683330,-1.3095700000
30.0683850000,-1.3095600000
30.0684066670,-1.3095600000
30.0684183330,-1.3095566670
30.0684283330,-1.3095533330
30.0684483330,-1.3095483330
30.0684716670,-1.3095383330
30.0684850000,-1.3095350000
30.0684950000,-1.3095366670
30.0686716670,-1.3095266670
30.0686900000,-1.3095283330
30.0687100000,-1.3095300000
30.0687333330,-1.3095400000
30.0687416670,-1.3095450000
30.0687483330,-1.3095516670
30.0688683330,-1.3095966670
30.0688716670,-1.3095966670
30.0688766670,-1.3095966670
30.0688900000,-1.3095933330
30.0689083330,-1.3095866670
30.0689166670,-1.3095866670
30.0689250000,-1.3095850000
30.0689450000,-1.3095816670
30.0689533330,-1.3095783330
30.0689633330,-1.3095766670
30.0689850000,-1.3095733330
30.0689950000,-1.3095733330
30.0690216670,-1.3095700000
30.0690416670,-1.3095700000
30.0690600000,-1.3095683330
30.0690700000,-1.3095700000
30.0690816670,-1.3095716670
30.0691000000,-1.3095766670
30.0691066670,-1.3095933330
30.0691066670,-1.3096016670
30.0691066670,-1.3096116670
30.0691066670,-1.3096316670
30.0691066670,-1.3096433330
30.0691066670,-1.3096550000
30.0690750000,-1.3097350000
30.0690650000,-1.3097483330
30.0690550000,-1.3097600000
30.0690466670,-1.3097716670
30.0690416670,-1.3097850000
30.0690400000,-1.3097933330
30.0690383330,-1.3098000000
30.0690333330,-1.3098083330
30.0690316670,-1.3098116670
30.0690550000,-1.3098166670</coordinates>
                </LineString>
            </Placemark>
            <Placemark>
                <name>2008UG224-RogersT 02</name>
                <styleUrl>#trackStyle1</styleUrl>
                <LineString>
                    <coordinates>29.8894966670,-1.0217450000
29.8894983330,-1.0217483330
29.8894983330,-1.0217466670
29.8894966670,-1.0217466670
29.8894983330,-1.0217433330
29.8895233330,-1.0217366670
29.8895633330,-1.0217400000
29.8896066670,-1.0217516670
29.8896483330,-1.0217683330
29.8896850000,-1.0217900000
29.8897166670,-1.0218066670
29.8897483330,-1.0218166670
29.8897683330,-1.0218166670
29.8898000000,-1.0218133330
29.8898333330,-1.0218050000
29.8898566670,-1.0217933330
29.8898766670,-1.0217800000
29.8898933330,-1.0217650000
29.8899083330,-1.0217500000
29.8899183330,-1.0217350000
29.8899166670,-1.0217116670
29.8899116670,-1.0216866670
29.8899116670,-1.0216750000
29.8899100000,-1.0216650000
29.8899000000,-1.0216383330
29.8898916670,-1.0216183330
29.8898900000,-1.0216016670
29.8898916670,-1.0215883330
29.8898983330,-1.0215750000
29.8899100000,-1.0215683330
29.8899250000,-1.0215716670
29.8899383330,-1.0215700000
29.8899500000,-1.0215600000
29.8899583330,-1.0215500000
29.8899700000,-1.0215433330
29.8899800000,-1.0215350000
29.8899850000,-1.0215250000
29.8899883330,-1.0215166670
29.8899966670,-1.0215100000
29.8900066670,-1.0214983330
29.8900133330,-1.0214866670
29.8900233330,-1.0214800000
29.8900333330,-1.0214733330
29.8900383330,-1.0214600000
29.8900433330,-1.0214416670
29.8900483330,-1.0214266670
29.8900450000,-1.0214016670
29.8900416670,-1.0213783330
29.8900400000,-1.0213550000
29.8900416670,-1.0213350000
29.8900416670,-1.0213133330
29.8900400000,-1.0213016670
29.8900416670,-1.0212900000
29.8900366670,-1.0212650000
29.8900350000,-1.0212433330
29.8900350000,-1.0212216670
29.8900333330,-1.0212050000
29.8900250000,-1.0211833330
29.8900133330,-1.0211633330
29.8900016670,-1.0211433330
29.8899933330,-1.0211250000
29.8899833330,-1.0211100000
29.8899783330,-1.0211000000
29.8899733330,-1.0210916670
29.8899683330,-1.0210783330
29.8899600000,-1.0210666670
29.8899483330,-1.0210616670
29.8899400000,-1.0210516670
29.8899400000,-1.0210366670
29.8899416670,-1.0210183330
29.8899383330,-1.0210050000
29.8899283330,-1.0209900000
29.8899250000,-1.0209766670
29.8899200000,-1.0209600000
29.8899116670,-1.0209483330
29.8899016670,-1.0209366670
29.8898966670,-1.0209333330
29.8898933330,-1.0209283330
29.8898883330,-1.0209200000
29.8898850000,-1.0209116670
29.8898866670,-1.0208950000
29.8898866670,-1.0208800000
29.8898866670,-1.0208616670
29.8898683330,-1.0208400000
29.8898466670,-1.0208200000
29.8898333330,-1.0208016670
29.8898266670,-1.0207916670
29.8898216670,-1.0207833330
29.8898133330,-1.0207650000
29.8898016670,-1.0207516670
29.8897900000,-1.0207383330
29.8897850000,-1.0207316670
29.8897783330,-1.0207250000
29.8897650000,-1.0207100000
29.8897566670,-1.0207000000
29.8897483330,-1.0206866670
29.8897433330,-1.0206800000
29.8897383330,-1.0206750000
29.8897116670,-1.0206583330
29.8896916670,-1.0206400000
29.8896833330,-1.0206316670
29.8896750000,-1.0206266670
29.8896550000,-1.0206183330
29.8896400000,-1.0206200000
29.8896216670,-1.0206133330
29.8896066670,-1.0206116670
29.8895950000,-1.0206116670
29.8895866670,-1.0206100000
29.8895716670,-1.0206000000
29.8895566670,-1.0205850000
29.8895400000,-1.0205766670
29.8895183330,-1.0205683330
29.8894850000,-1.0205566670
29.8894583330,-1.0205466670
29.8894383330,-1.0205366670
29.8894233330,-1.0205283330
29.8894050000,-1.0205200000
29.8893866670,-1.0205133330
29.8893600000,-1.0205016670
29.8893450000,-1.0204950000
29.8893316670,-1.0204866670
29.8893100000,-1.0204733330
29.8893050000,-1.0204700000
29.8892983330,-1.0204666670
29.8892783330,-1.0204650000
29.8892650000,-1.0204633330
29.8892516670,-1.0204600000
29.8892300000,-1.0204516670
29.8892100000,-1.0204450000
29.8892000000,-1.0204400000
29.8891900000,-1.0204383330
29.8891666670,-1.0204333330
29.8891483330,-1.0204283330
29.8891400000,-1.0204266670
29.8891266670,-1.0204266670
29.8891116670,-1.0204216670
29.8890966670,-1.0204183330
29.8890883330,-1.0204183330
29.8890816670,-1.0204183330
29.8890666670,-1.0204166670
29.8890450000,-1.0204183330
29.8890266670,-1.0204233330
29.8890150000,-1.0204250000
29.8890033330,-1.0204266670
29.8889816670,-1.0204250000
29.8889600000,-1.0204216670
29.8889350000,-1.0204250000
29.8889216670,-1.0204283330
29.8889083330,-1.0204300000
29.8888850000,-1.0204250000
29.8888616670,-1.0204150000
29.8888400000,-1.0204083330
29.8888166670,-1.0204033330
29.8887983330,-1.0204016670
29.8887900000,-1.0204016670
29.8887766670,-1.0204000000
29.8887516670,-1.0203966670
29.8887316670,-1.0203883330
29.8887100000,-1.0203783330
29.8886866670,-1.0203683330
29.8886683330,-1.0203583330
29.8886383330,-1.0203516670
29.8886066670,-1.0203500000
29.8885733330,-1.0203416670
29.8885500000,-1.0203150000
29.8885283330,-1.0202800000
29.8885033330,-1.0202550000
29.8884833330,-1.0202300000
29.8884616670,-1.0201983330
29.8884416670,-1.0201750000
29.8884266670,-1.0201583330
29.8884133330,-1.0201350000
29.8884033330,-1.0201166670
29.8883900000,-1.0200966670
29.8883750000,-1.0200816670
29.8883600000,-1.0200650000
29.8883450000,-1.0200466670
29.8883366670,-1.0200383330
29.8883300000,-1.0200283330
29.8883216670,-1.0200183330
29.8883133330,-1.0200066670
29.8883050000,-1.0199933330
29.8882983330,-1.0199800000
29.8882933330,-1.0199666670
29.8882866670,-1.0199583330
29.8882750000,-1.0199483330
29.8882616670,-1.0199366670
29.8882400000,-1.0199033330
29.8882183330,-1.0198766670
29.8881866670,-1.0198466670
29.8881600000,-1.0198216670
29.8881383330,-1.0197966670
29.8881083330,-1.0197766670
29.8880916670,-1.0197666670
29.8880733330,-1.0197583330
29.8880566670,-1.0197466670
29.8880433330,-1.0197366670
29.8880300000,-1.0197216670
29.8880133330,-1.0197066670
29.8879883330,-1.0196916670
29.8879733330,-1.0196800000
29.8879583330,-1.0196716670
29.8879383330,-1.0196566670
29.8879233330,-1.0196366670
29.8879050000,-1.0196166670
29.8878733330,-1.0195983330
29.8878566670,-1.0195900000
29.8878383330,-1.0195833330
29.8878150000,-1.0195700000
29.8877850000,-1.0195583330
29.8877683330,-1.0195550000
29.8877550000,-1.0195533330
29.8877250000,-1.0195500000
29.8876966670,-1.0195383330
29.8876650000,-1.0195283330
29.8876533330,-1.0195200000
29.8876366670,-1.0195116670
29.8876066670,-1.0195016670
29.8875816670,-1.0194900000
29.8875716670,-1.0194816670
29.8875666670,-1.0194750000
29.8875583330,-1.0194616670
29.8875450000,-1.0194383330
29.8875400000,-1.0194250000
29.8875350000,-1.0194133330
29.8875183330,-1.0193866670
29.8874950000,-1.0193583330
29.8874766670,-1.0193300000
29.8874566670,-1.0193000000
29.8874533330,-1.0192866670
29.8874500000,-1.0192750000
29.8874383330,-1.0192466670
29.8874350000,-1.0192283330
29.8874283330,-1.0192116670
29.8874133330,-1.0191733330
29.8874116670,-1.0191566670
29.8874050000,-1.0191450000
29.8873800000,-1.0191316670
29.8873483330,-1.0191216670
29.8873116670,-1.0191150000
29.8872866670,-1.0191166670
29.8872566670,-1.0191116670
29.8872416670,-1.0191100000
29.8872266670,-1.0191066670
29.8871983330,-1.0191033330
29.8871833330,-1.0191016670
29.8871700000,-1.0190983330
29.8871416670,-1.0190900000
29.8871283330,-1.0190916670
29.8871150000,-1.0190983330
29.8870950000,-1.0190966670
29.8870916670,-1.0190883330
29.8870850000,-1.0190783330
29.8870616670,-1.0190583330
29.8870316670,-1.0190483330
29.8870200000,-1.0190433330
29.8870100000,-1.0190383330
29.8869866670,-1.0190283330
29.8869616670,-1.0190166670
29.8869316670,-1.0190133330
29.8869050000,-1.0190266670
29.8868950000,-1.0190366670
29.8868916670,-1.0190483330
29.8868950000,-1.0190800000
29.8868966670,-1.0191116670
29.8869000000,-1.0191300000
29.8869050000,-1.0191466670
29.8869116670,-1.0191800000
29.8869116670,-1.0192100000
29.8869200000,-1.0192216670
29.8869283330,-1.0192350000
29.8869366670,-1.0192666670
29.8869550000,-1.0192983330
29.8869666670,-1.0193100000
29.8869766670,-1.0193250000
29.8870066670,-1.0193516670
29.8870250000,-1.0193766670
29.8870333330,-1.0193900000
29.8870400000,-1.0194016670
29.8870550000,-1.0194216670
29.8870783330,-1.0194466670
29.8870966670,-1.0194683330
29.8871016670,-1.0194766670
29.8871066670,-1.0194850000
29.8871183330,-1.0195050000
29.8871333330,-1.0195266670
29.8871583330,-1.0195533330
29.8871750000,-1.0195750000
29.8871816670,-1.0195866670
29.8871850000,-1.0196000000
29.8871883330,-1.0196250000
29.8871800000,-1.0196466670
29.8871666670,-1.0196633330
29.8871600000,-1.0196750000
29.8871550000,-1.0196766670
29.8871483330,-1.0196800000
29.8871433330,-1.0196833330
29.8871400000,-1.0196883330
29.8871350000,-1.0196983330
29.8871333330,-1.0197083330
29.8871283330,-1.0197116670
29.8871266670,-1.0197283330
29.8871200000,-1.0197400000
29.8871166670,-1.0197500000
29.8871133330,-1.0197533330
29.8871100000,-1.0197550000
29.8871050000,-1.0197566670
29.8871000000,-1.0197550000
29.8870950000,-1.0197583330
29.8870866670,-1.0197683330
29.8870833330,-1.0197766670
29.8870800000,-1.0197883330
29.8870716670,-1.0197933330
29.8870533330,-1.0198383330
29.8870566670,-1.0198533330
29.8870583330,-1.0198683330
29.8870533330,-1.0198816670
29.8868533330,-1.0199483330
29.8868450000,-1.0199483330
29.8868400000,-1.0199483330
29.8868350000,-1.0199483330
29.8868300000,-1.0199483330
29.8868233330,-1.0199483330
29.8868183330,-1.0199483330
29.8868133330,-1.0199500000
29.8868100000,-1.0199500000
29.8868066670,-1.0199533330
29.8868033330,-1.0199550000
29.8867983330,-1.0199550000
29.8867933330,-1.0199533330
29.8867916670,-1.0199550000
29.8867883330,-1.0199583330
29.8867866670,-1.0199633330
29.8867833330,-1.0199666670
29.8867816670,-1.0199700000
29.8867783330,-1.0199733330
29.8867750000,-1.0199750000
29.8867716670,-1.0199750000
29.8867700000,-1.0199750000
29.8867666670,-1.0199733330
29.8867633330,-1.0199716670
29.8867600000,-1.0199700000
29.8867550000,-1.0199666670
29.8867500000,-1.0199650000
29.8867450000,-1.0199633330
29.8867400000,-1.0199616670
29.8867350000,-1.0199600000
29.8867283330,-1.0199583330
29.8867216670,-1.0199600000
29.8867166670,-1.0199600000
29.8867100000,-1.0199566670
29.8866983330,-1.0199533330
29.8866866670,-1.0199516670
29.8866700000,-1.0199500000
29.8866616670,-1.0199500000
29.8866500000,-1.0199483330
29.8866400000,-1.0199483330
29.8866333330,-1.0199450000
29.8866250000,-1.0199450000
29.8866100000,-1.0199450000
29.8865900000,-1.0199416670
29.8865550000,-1.0199433330
29.8865450000,-1.0199416670
29.8865333330,-1.0199400000
29.8865233330,-1.0199400000
29.8865166670,-1.0199416670
29.8865100000,-1.0199433330
29.8864983330,-1.0199483330
29.8864883330,-1.0199550000
29.8864833330,-1.0199583330
29.8864783330,-1.0199616670
29.8864750000,-1.0199666670
29.8864700000,-1.0199716670
29.8864633330,-1.0199816670
29.8864600000,-1.0199816670
29.8864483330,-1.0199866670
29.8864333330,-1.0199883330
29.8864266670,-1.0199883330
29.8864183330,-1.0199883330
29.8864100000,-1.0199866670
29.8864000000,-1.0199833330
29.8863833330,-1.0199733330
29.8863750000,-1.0199700000
29.8863666670,-1.0199650000
29.8863583330,-1.0199600000
29.8863516670,-1.0199550000
29.8863383330,-1.0199416670
29.8863216670,-1.0199166670
29.8863166670,-1.0199083330
29.8863033330,-1.0198833330
29.8862800000,-1.0198483330
29.8862683330,-1.0198483330
29.8862466670,-1.0198566670
29.8862366670,-1.0198650000
29.8862266670,-1.0198716670
29.8862183330,-1.0198716670
29.8862116670,-1.0198683330
29.8862016670,-1.0198766670
29.8861983330,-1.0198766670
29.8861933330,-1.0198833330
29.8861933330,-1.0198916670
29.8861900000,-1.0199150000
29.8861850000,-1.0199183330
29.8861883330,-1.0199300000
29.8861850000,-1.0199333330
29.8861783330,-1.0199350000
29.8861650000,-1.0199366670
29.8861516670,-1.0199300000
29.8861500000,-1.0199333330
29.8861550000,-1.0199466670
29.8861666670,-1.0199600000
29.8861733330,-1.0199666670
29.8861700000,-1.0199700000
29.8861683330,-1.0199683330
29.8861633330,-1.0199683330
29.8861650000,-1.0199733330
29.8861633330,-1.0199750000
29.8861616670,-1.0199733330
29.8861600000,-1.0199700000
29.8861616670,-1.0199666670
29.8861600000,-1.0199650000
29.8861600000,-1.0199616670
29.8861583330,-1.0199583330
29.8861583330,-1.0199600000
29.8861566670,-1.0199550000
29.8861516670,-1.0199483330
29.8861266670,-1.0199383330
29.8861116670,-1.0199333330
29.8860983330,-1.0199283330
29.8860766670,-1.0199200000
29.8860666670,-1.0199166670
29.8860566670,-1.0199083330
29.8860366670,-1.0198866670
29.8860266670,-1.0198783330
29.8860133330,-1.0198700000
29.8860016670,-1.0198616670
29.8859933330,-1.0198516670
29.8859883330,-1.0198416670
29.8859850000,-1.0198333330
29.8859483330,-1.0197933330
29.8859400000,-1.0197850000
29.8859333330,-1.0197800000
29.8859250000,-1.0197666670
29.8859200000,-1.0197566670
29.8859166670,-1.0197483330
29.8859033330,-1.0197333330
29.8858966670,-1.0197316670
29.8858916670,-1.0197266670
29.8858783330,-1.0197083330
29.8858733330,-1.0197000000
29.8858700000,-1.0196900000
29.8858616670,-1.0196816670
29.8858466670,-1.0196733330
29.8858383330,-1.0196683330
29.8858300000,-1.0196633330
29.8858216670,-1.0196583330
29.8858166670,-1.0196516670
29.8858083330,-1.0196383330
29.8858016670,-1.0196316670
29.8857950000,-1.0196266670
29.8857866670,-1.0196233330
29.8857833330,-1.0196166670
29.8857800000,-1.0196066670
29.8857800000,-1.0196000000
29.8857783330,-1.0195933330
29.8857733330,-1.0195900000
29.8857633330,-1.0195900000
29.8857516670,-1.0195800000
29.8857466670,-1.0195733330
29.8857400000,-1.0195700000
29.8857333330,-1.0195700000
29.8857266670,-1.0195683330
29.8857183330,-1.0195566670
29.8857133330,-1.0195550000
29.8857100000,-1.0195483330
29.8857083330,-1.0195400000
29.8857066670,-1.0195316670
29.8856950000,-1.0195033330
29.8856916670,-1.0194966670
29.8856833330,-1.0194883330
29.8856583330,-1.0194633330
29.8856516670,-1.0194616670
29.8856483330,-1.0194583330
29.8856466670,-1.0194533330
29.8856433330,-1.0194500000
29.8856283330,-1.0194383330
29.8856250000,-1.0194400000
29.8856183330,-1.0194416670
29.8856116670,-1.0194416670
29.8856083330,-1.0194383330
29.8856033330,-1.0194116670
29.8856000000,-1.0194116670
29.8855916670,-1.0194116670
29.8855833330,-1.0194216670
29.8855716670,-1.0194433330
29.8855583330,-1.0194616670
29.8855466670,-1.0194733330
29.8855350000,-1.0194850000
29.8855250000,-1.0194916670
29.8855100000,-1.0195033330
29.8854916670,-1.0195183330
29.8854683330,-1.0195350000
29.8854416670,-1.0195550000
29.8854133330,-1.0195783330
29.8852800000,-1.0196783330
29.8852033330,-1.0197283330
29.8851633330,-1.0197516670
29.8851283330,-1.0197816670
29.8850983330,-1.0198183330
29.8850700000,-1.0198566670
29.8850433330,-1.0198983330
29.8850183330,-1.0199416670
29.8849450000,-1.0201183330
29.8849050000,-1.0201866670
29.8848833330,-1.0202133330
29.8848616670,-1.0202383330
29.8848366670,-1.0202600000
29.8848133330,-1.0202866670
29.8847866670,-1.0203133330
29.8847550000,-1.0203416670
29.8847200000,-1.0203666670
29.8846866670,-1.0203916670
29.8846533330,-1.0204183330
29.8846200000,-1.0204450000
29.8843350000,-1.0207316670
29.8842766670,-1.0208800000
29.8842700000,-1.0209233330
29.8842816670,-1.0209633330
29.8843100000,-1.0209983330
29.8843516670,-1.0210266670
29.8843983330,-1.0210483330
29.8844700000,-1.0210783330
29.8845150000,-1.0210966670
29.8845600000,-1.0211150000
29.8845466670,-1.0210133330
29.8845750000,-1.0209766670
29.8846016670,-1.0209383330
29.8846300000,-1.0209000000
29.8846583330,-1.0208583330
29.8846900000,-1.0208216670
29.8847266670,-1.0207900000
29.8847666670,-1.0207683330
29.8848516670,-1.0207633330
29.8848900000,-1.0207783330
29.8849233330,-1.0208050000
29.8849483330,-1.0208433330
29.8849683330,-1.0208900000
29.8849833330,-1.0209400000
29.8850016670,-1.0209933330
29.8850516670,-1.0211300000
29.8855066670,-1.0211816670
29.8855483330,-1.0210866670
29.8855900000,-1.0209933330
29.8856200000,-1.0209466670
29.8857450000,-1.0208050000
29.8858433330,-1.0207133330
29.8859416670,-1.0206250000
29.8860400000,-1.0205550000
29.8861483330,-1.0205366670
29.8862916670,-1.0205700000
29.8863683330,-1.0206283330
29.8864683330,-1.0207083330
29.8866050000,-1.0207916670
29.8867116670,-1.0208566670
29.8868900000,-1.0209083330
29.8869633330,-1.0209216670
29.8870833330,-1.0209450000
29.8871566670,-1.0209583330
29.8871850000,-1.0209716670
29.8872583330,-1.0210000000
29.8873266670,-1.0210450000
29.8873866670,-1.0210966670
29.8874366670,-1.0211550000
29.8874766670,-1.0212150000
29.8875250000,-1.0213150000
29.8875566670,-1.0213783330
29.8875866670,-1.0214400000
29.8876183330,-1.0215033330
29.8877550000,-1.0214000000
29.8878016670,-1.0213850000
29.8878433330,-1.0213600000
29.8878850000,-1.0213266670
29.8880333330,-1.0212233330
29.8880933330,-1.0211983330
29.8881550000,-1.0211800000
29.8882216670,-1.0211650000
29.8882916670,-1.0211500000
29.8883633330,-1.0211383330
29.8884383330,-1.0211266670
29.8885116670,-1.0211200000
29.8885816670,-1.0211166670
29.8886516670,-1.0211150000
29.8887816670,-1.0211333330
29.8889433330,-1.0212333330
29.8889866670,-1.0212816670
29.8890250000,-1.0213383330
29.8890583330,-1.0214000000
29.8890850000,-1.0214650000
29.8891083330,-1.0215266670
29.8891366670,-1.0215816670
29.8891716670,-1.0216250000
29.8892166670,-1.0216566670
29.8892633330,-1.0216750000
29.8893483330,-1.0216983330
29.8894333330,-1.0217466670
29.8894350000,-1.0217500000
29.8894966670,-1.0217450000</coordinates>
                </LineString>
            </Placemark>
            <Placemark>
                <name>2009UG118-Byensi Edmund</name>
                <styleUrl>#trackStyle1</styleUrl>
                <LineString>
                    <coordinates>29.8556950000,-1.0531250000
29.8556900000,-1.0531250000
29.8556883330,-1.0531283330
29.8556866670,-1.0531300000
29.8556850000,-1.0531366670
29.8556833330,-1.0531366670
29.8556850000,-1.0531350000
29.8556850000,-1.0531366670
29.8556833330,-1.0531416670
29.8556800000,-1.0531466670
29.8556800000,-1.0531533330
29.8556933330,-1.0531600000
29.8557116670,-1.0531700000
29.8557250000,-1.0531883330
29.8557266670,-1.0532016670
29.8557333330,-1.0532116670
29.8557300000,-1.0532300000
29.8557333330,-1.0532466670
29.8557400000,-1.0532666670
29.8557450000,-1.0532816670
29.8557633330,-1.0532933330
29.8557783330,-1.0533050000
29.8557916670,-1.0533183330
29.8557950000,-1.0533350000
29.8557883330,-1.0533483330
29.8557833330,-1.0533566670
29.8557783330,-1.0533650000
29.8557816670,-1.0533816670
29.8557850000,-1.0533966670
29.8557950000,-1.0534116670
29.8558083330,-1.0534233330
29.8558183330,-1.0534366670
29.8558283330,-1.0534500000
29.8558350000,-1.0534600000
29.8558400000,-1.0534716670
29.8558466670,-1.0534833330
29.8558600000,-1.0534950000
29.8558616670,-1.0534983330
29.8558650000,-1.0535016670
29.8558766670,-1.0535050000
29.8558833330,-1.0535116670
29.8558916670,-1.0535233330
29.8559050000,-1.0535233330
29.8559216670,-1.0535266670
29.8559366670,-1.0535300000
29.8559533330,-1.0535316670
29.8559650000,-1.0535350000
29.8559800000,-1.0535433330
29.8559950000,-1.0535416670
29.8560066670,-1.0535400000
29.8560150000,-1.0535366670
29.8560283330,-1.0535350000
29.8560466670,-1.0535300000
29.8560616670,-1.0535233330
29.8560750000,-1.0535150000
29.8560950000,-1.0535083330
29.8561150000,-1.0535033330
29.8561366670,-1.0534966670
29.8561600000,-1.0534816670
29.8561733330,-1.0534633330
29.8561900000,-1.0534500000
29.8562050000,-1.0534400000
29.8562283330,-1.0534300000
29.8562516670,-1.0534166670
29.8562800000,-1.0534116670
29.8563000000,-1.0534183330
29.8563116670,-1.0534316670
29.8563216670,-1.0534450000
29.8563316670,-1.0534533330
29.8563466670,-1.0534566670
29.8563616670,-1.0534666670
29.8563833330,-1.0534683330
29.8564083330,-1.0534700000
29.8564283330,-1.0534683330
29.8564500000,-1.0534666670
29.8564616670,-1.0534750000
29.8564750000,-1.0534800000
29.8564900000,-1.0534816670
29.8565083330,-1.0534816670
29.8565283330,-1.0534783330
29.8565383330,-1.0534816670
29.8565533330,-1.0534783330
29.8565700000,-1.0534783330
29.8565850000,-1.0534816670
29.8565933330,-1.0534833330
29.8565983330,-1.0534866670
29.8566033330,-1.0534916670
29.8566150000,-1.0534966670
29.8566316670,-1.0534983330
29.8566383330,-1.0535050000
29.8566500000,-1.0535133330
29.8566533330,-1.0535166670
29.8566566670,-1.0535166670
29.8566666670,-1.0535166670
29.8566783330,-1.0535216670
29.8566866670,-1.0535333330
29.8566933330,-1.0535350000
29.8566983330,-1.0535350000
29.8567100000,-1.0535400000
29.8567250000,-1.0535400000
29.8567350000,-1.0535366670
29.8567450000,-1.0535333330
29.8567633330,-1.0535233330
29.8567816670,-1.0535100000
29.8568033330,-1.0534933330
29.8568200000,-1.0534733330
29.8568300000,-1.0534633330
29.8568400000,-1.0534550000
29.8568600000,-1.0534450000
29.8568783330,-1.0534433330
29.8568916670,-1.0534466670
29.8569133330,-1.0534400000
29.8569200000,-1.0534383330
29.8569266670,-1.0534416670
29.8569366670,-1.0534450000
29.8569466670,-1.0534500000
29.8569500000,-1.0534600000
29.8569633330,-1.0534616670
29.8569766670,-1.0534600000
29.8569883330,-1.0534700000
29.8569916670,-1.0534716670
29.8569983330,-1.0534750000
29.8570133330,-1.0534816670
29.8570216670,-1.0534866670
29.8570300000,-1.0534933330
29.8570366670,-1.0535000000
29.8570433330,-1.0535050000
29.8570483330,-1.0535116670
29.8570650000,-1.0535150000
29.8570733330,-1.0535150000
29.8570816670,-1.0535166670
29.8570933330,-1.0535233330
29.8571016670,-1.0535300000
29.8571050000,-1.0535383330
29.8571200000,-1.0535400000
29.8571283330,-1.0535466670
29.8571400000,-1.0535500000
29.8571516670,-1.0535516670
29.8571683330,-1.0535433330
29.8571916670,-1.0535333330
29.8572100000,-1.0535250000
29.8572250000,-1.0535166670
29.8572316670,-1.0535133330
29.8572383330,-1.0535083330
29.8572533330,-1.0535050000
29.8572666670,-1.0534950000
29.8572833330,-1.0534850000
29.8572916670,-1.0534800000
29.8572983330,-1.0534733330
29.8573133330,-1.0534600000
29.8573300000,-1.0534483330
29.8573466670,-1.0534383330
29.8573666670,-1.0534266670
29.8573766670,-1.0534200000
29.8573883330,-1.0534116670
29.8574016670,-1.0534050000
29.8574150000,-1.0533983330
29.8574400000,-1.0533833330
29.8574683330,-1.0533666670
29.8575000000,-1.0533516670
29.8575350000,-1.0533400000
29.8575683330,-1.0533316670
29.8575816670,-1.0533266670
29.8575933330,-1.0533233330
29.8576066670,-1.0533200000
29.8576200000,-1.0533166670
29.8576300000,-1.0533150000
29.8576416670,-1.0533150000
29.8576533330,-1.0533133330
29.8576666670,-1.0533100000
29.8576900000,-1.0533016670
29.8577083330,-1.0533050000
29.8577200000,-1.0533066670
29.8577283330,-1.0533083330
29.8577333330,-1.0533133330
29.8577333330,-1.0533200000
29.8577350000,-1.0533233330
29.8577400000,-1.0533283330
29.8577450000,-1.0533316670
29.8577450000,-1.0533350000
29.8577466670,-1.0533400000
29.8577516670,-1.0533433330
29.8577566670,-1.0533483330
29.8577650000,-1.0533516670
29.8577700000,-1.0533550000
29.8577733330,-1.0533566670
29.8577783330,-1.0533566670
29.8577866670,-1.0533550000
29.8577966670,-1.0533550000
29.8578050000,-1.0533500000
29.8578266670,-1.0533383330
29.8578500000,-1.0533216670
29.8578750000,-1.0532983330
29.8579000000,-1.0532766670
29.8579283330,-1.0532550000
29.8579450000,-1.0532466670
29.8579616670,-1.0532366670
29.8579950000,-1.0532183330
29.8580250000,-1.0531983330
29.8580533330,-1.0531883330
29.8580816670,-1.0531800000
29.8580966670,-1.0531716670
29.8581100000,-1.0531633330
29.8581366670,-1.0531466670
29.8581633330,-1.0531300000
29.8581900000,-1.0531116670
29.8582116670,-1.0530883330
29.8582216670,-1.0530783330
29.8582350000,-1.0530700000
29.8582500000,-1.0530616670
29.8582633330,-1.0530533330
29.8582983330,-1.0530016670
29.8583133330,-1.0529883330
29.8583283330,-1.0529716670
29.8583483330,-1.0529433330
29.8583683330,-1.0529166670
29.8583966670,-1.0528916670
29.8584250000,-1.0528683330
29.8584550000,-1.0528466670
29.8584833330,-1.0528283330
29.8585133330,-1.0528000000
29.8585266670,-1.0527883330
29.8585383330,-1.0527766670
29.8585633330,-1.0527566670
29.8585916670,-1.0527416670
29.8586066670,-1.0527316670
29.8586216670,-1.0527233330
29.8586466670,-1.0527050000
29.8586733330,-1.0526850000
29.8586983330,-1.0526633330
29.8587216670,-1.0526400000
29.8587366670,-1.0526300000
29.8587516670,-1.0526200000
29.8587850000,-1.0526033330
29.8587983330,-1.0525966670
29.8588116670,-1.0525916670
29.8588366670,-1.0525816670
29.8588533330,-1.0525566670
29.8588750000,-1.0525400000
29.8589000000,-1.0525216670
29.8589300000,-1.0525050000
29.8589450000,-1.0524933330
29.8589600000,-1.0524750000
29.8589833330,-1.0524333330
29.8590000000,-1.0524016670
29.8590150000,-1.0523733330
29.8590466670,-1.0523316670
29.8590533330,-1.0523216670
29.8590600000,-1.0523116670
29.8590750000,-1.0522816670
29.8590850000,-1.0522616670
29.8590933330,-1.0522466670
29.8591100000,-1.0522233330
29.8591383330,-1.0522066670
29.8591650000,-1.0521716670
29.8591866670,-1.0521516670
29.8591966670,-1.0521450000
29.8592083330,-1.0521366670
29.8592316670,-1.0521200000
29.8592416670,-1.0521083330
29.8592533330,-1.0520983330
29.8592816670,-1.0520833330
29.8593016670,-1.0520666670
29.8593133330,-1.0520550000
29.8593233330,-1.0520500000
29.8593433330,-1.0520250000
29.8593516670,-1.0520150000
29.8593616670,-1.0520083330
29.8593733330,-1.0520033330
29.8593983330,-1.0519950000
29.8594166670,-1.0519800000
29.8594266670,-1.0519716670
29.8594366670,-1.0519633330
29.8594583330,-1.0519516670
29.8594833330,-1.0519400000
29.8594933330,-1.0519333330
29.8595016670,-1.0519233330
29.8595150000,-1.0519066670
29.8595300000,-1.0518833330
29.8595383330,-1.0518700000
29.8595466670,-1.0518566670
29.8595533330,-1.0518450000
29.8595633330,-1.0518316670
29.8595833330,-1.0518066670
29.8596000000,-1.0517850000
29.8596100000,-1.0517716670
29.8596183330,-1.0517583330
29.8596266670,-1.0517466670
29.8596350000,-1.0517350000
29.8596483330,-1.0517100000
29.8596550000,-1.0516800000
29.8596700000,-1.0516566670
29.8596850000,-1.0516400000
29.8596950000,-1.0516283330
29.8597050000,-1.0516166670
29.8597416670,-1.0515716670
29.8597633330,-1.0515583330
29.8597816670,-1.0515433330
29.8597983330,-1.0515233330
29.8598033330,-1.0515100000
29.8598083330,-1.0514966670
29.8598100000,-1.0514883330
29.8598100000,-1.0514783330
29.8598333330,-1.0514350000
29.8598400000,-1.0514133330
29.8598416670,-1.0513966670
29.8598516670,-1.0513783330
29.8598533330,-1.0513583330
29.8598500000,-1.0513333330
29.8598533330,-1.0513083330
29.8598533330,-1.0512933330
29.8598500000,-1.0512800000
29.8598450000,-1.0512666670
29.8598383330,-1.0512500000
29.8598300000,-1.0512333330
29.8598283330,-1.0512166670
29.8598283330,-1.0511983330
29.8598283330,-1.0511800000
29.8600966670,-1.0503716670
29.8601033330,-1.0503533330
29.8601200000,-1.0503133330
29.8601566670,-1.0502233330
29.8601683330,-1.0502066670
29.8601800000,-1.0501916670
29.8601900000,-1.0501816670
29.8602000000,-1.0501716670
29.8602116670,-1.0501616670
29.8602283330,-1.0501466670
29.8602450000,-1.0501283330
29.8602566670,-1.0501183330
29.8602633330,-1.0501083330
29.8602716670,-1.0500950000
29.8602833330,-1.0500800000
29.8602916670,-1.0500650000
29.8602950000,-1.0500516670
29.8603033330,-1.0500350000
29.8603116670,-1.0500183330
29.8603466670,-1.0499633330
29.8603616670,-1.0499400000
29.8603733330,-1.0499216670
29.8603816670,-1.0499050000
29.8603900000,-1.0498850000
29.8603983330,-1.0498683330
29.8604033330,-1.0498533330
29.8604100000,-1.0498366670
29.8604200000,-1.0498133330
29.8604216670,-1.0498033330
29.8604233330,-1.0497950000
29.8604300000,-1.0497750000
29.8604350000,-1.0497566670
29.8604400000,-1.0497400000
29.8604466670,-1.0497200000
29.8604533330,-1.0497016670
29.8604666670,-1.0496750000
29.8604800000,-1.0496383330
29.8604900000,-1.0495933330
29.8604933330,-1.0495783330
29.8604950000,-1.0495633330
29.8604950000,-1.0495483330
29.8604966670,-1.0495366670
29.8604983330,-1.0495250000
29.8605083330,-1.0495016670
29.8605116670,-1.0494900000
29.8605183330,-1.0494783330
29.8605216670,-1.0494666670
29.8605250000,-1.0494550000
29.8605300000,-1.0494466670
29.8605366670,-1.0494366670
29.8605400000,-1.0494283330
29.8605433330,-1.0494166670
29.8605516670,-1.0493900000
29.8605566670,-1.0493766670
29.8605600000,-1.0493650000
29.8605666670,-1.0493533330
29.8605716670,-1.0493433330
29.8605783330,-1.0493350000
29.8605850000,-1.0493233330
29.8605916670,-1.0492950000
29.8606016670,-1.0492750000
29.8606100000,-1.0492616670
29.8606166670,-1.0492450000
29.8606200000,-1.0492316670
29.8606233330,-1.0492150000
29.8606283330,-1.0491883330
29.8606350000,-1.0491766670
29.8606383330,-1.0491683330
29.8606433330,-1.0491566670
29.8606483330,-1.0491466670
29.8606566670,-1.0491250000
29.8606666670,-1.0490950000
29.8606700000,-1.0490816670
29.8606783330,-1.0490566670
29.8606833330,-1.0490466670
29.8606850000,-1.0490383330
29.8606883330,-1.0490266670
29.8606916670,-1.0490183330
29.8606983330,-1.0489983330
29.8607016670,-1.0489850000
29.8607033330,-1.0489700000
29.8607100000,-1.0489416670
29.8607116670,-1.0488983330
29.8607150000,-1.0488850000
29.8607250000,-1.0488616670
29.8607266670,-1.0488483330
29.8607283330,-1.0488333330
29.8607283330,-1.0488016670
29.8607350000,-1.0487583330
29.8607350000,-1.0487433330
29.8607366670,-1.0486950000
29.8607416670,-1.0486816670
29.8607500000,-1.0486650000
29.8607516670,-1.0486516670
29.8607533330,-1.0486383330
29.8607616670,-1.0486150000
29.8607650000,-1.0486016670
29.8607633330,-1.0485866670
29.8607650000,-1.0485583330
29.8607666670,-1.0485466670
29.8607700000,-1.0485350000
29.8607816670,-1.0485150000
29.8607866670,-1.0485066670
29.8607916670,-1.0485000000
29.8608033330,-1.0484850000
29.8608050000,-1.0484766670
29.8608133330,-1.0484700000
29.8608216670,-1.0484550000
29.8608250000,-1.0484466670
29.8608266670,-1.0484383330
29.8608133330,-1.0484200000
29.8607833330,-1.0483933330
29.8607650000,-1.0483783330
29.8607283330,-1.0483450000
29.8607400000,-1.0483200000
29.8607500000,-1.0483216670
29.8607550000,-1.0483150000
29.8607483330,-1.0482933330
29.8607483330,-1.0482950000
29.8607466670,-1.0482883330
29.8607516670,-1.0482800000
29.8607550000,-1.0482750000
29.8607583330,-1.0482700000
29.8607250000,-1.0482550000
29.8607233330,-1.0482500000
29.8607366670,-1.0482433330
29.8607450000,-1.0482400000
29.8607350000,-1.0482366670
29.8607366670,-1.0482316670
29.8607383330,-1.0482150000
29.8607416670,-1.0482016670
29.8607416670,-1.0481983330
29.8607416670,-1.0481866670
29.8607433330,-1.0481800000
29.8607500000,-1.0481650000
29.8607483330,-1.0481566670
29.8607466670,-1.0481483330
29.8607450000,-1.0481333330
29.8607483330,-1.0481233330
29.8607516670,-1.0481200000
29.8607550000,-1.0481066670
29.8607583330,-1.0480933330
29.8607666670,-1.0480666670
29.8607716670,-1.0480566670
29.8607800000,-1.0480433330
29.8607900000,-1.0480316670
29.8607983330,-1.0480233330
29.8608033330,-1.0480066670
29.8608033330,-1.0479966670
29.8608033330,-1.0479900000
29.8608033330,-1.0479800000
29.8608033330,-1.0479700000
29.8608066670,-1.0479550000
29.8608083330,-1.0479450000
29.8608100000,-1.0479383330
29.8608133330,-1.0479350000
29.8608150000,-1.0479300000
29.8608366670,-1.0479050000
29.8608400000,-1.0478966670
29.8608400000,-1.0478883330
29.8608433330,-1.0478833330
29.8608483330,-1.0478750000
29.8608483330,-1.0478600000
29.8608466670,-1.0478450000
29.8608500000,-1.0478333330
29.8608533330,-1.0478266670
29.8608500000,-1.0478216670
29.8608466670,-1.0478150000
29.8608566670,-1.0477783330
29.8608600000,-1.0477716670
29.8608616670,-1.0477633330
29.8608650000,-1.0477500000
29.8608683330,-1.0477433330
29.8608733330,-1.0477066670
29.8608800000,-1.0476966670
29.8608850000,-1.0476883330
29.8608883330,-1.0476800000
29.8608933330,-1.0476700000
29.8608966670,-1.0476600000
29.8608983330,-1.0476500000
29.8609033330,-1.0476133330
29.8609050000,-1.0476016670
29.8609066670,-1.0475900000
29.8609116670,-1.0475800000
29.8609150000,-1.0475716670
29.8609200000,-1.0475650000
29.8609250000,-1.0475600000
29.8609316670,-1.0475533330
29.8609366670,-1.0475466670
29.8609616670,-1.0475133330
29.8609716670,-1.0474933330
29.8609850000,-1.0474716670
29.8609900000,-1.0474616670
29.8609950000,-1.0474533330
29.8609983330,-1.0474466670
29.8610033330,-1.0474383330
29.8610066670,-1.0474300000
29.8610116670,-1.0474200000
29.8610166670,-1.0474100000
29.8610216670,-1.0474016670
29.8610433330,-1.0473450000
29.8610500000,-1.0473150000
29.8610566670,-1.0472883330
29.8610616670,-1.0472783330
29.8610650000,-1.0472700000
29.8610683330,-1.0472566670
29.8610716670,-1.0472450000
29.8610733330,-1.0472316670
29.8610750000,-1.0472200000
29.8610766670,-1.0472066670
29.8610783330,-1.0471950000
29.8610783330,-1.0471816670
29.8610783330,-1.0471716670
29.8610766670,-1.0471650000
29.8610750000,-1.0471616670
29.8610783330,-1.0471600000
29.8610800000,-1.0471583330
29.8585166670,-1.0480733330
29.8585183330,-1.0480750000
29.8585183330,-1.0480766670
29.8585216670,-1.0480800000
29.8585266670,-1.0480883330
29.8585316670,-1.0480966670
29.8585350000,-1.0481066670
29.8585350000,-1.0481200000
29.8585366670,-1.0481366670
29.8585466670,-1.0481516670
29.8585533330,-1.0481650000
29.8585566670,-1.0481766670
29.8585633330,-1.0481850000
29.8585716670,-1.0481933330
29.8585766670,-1.0482033330
29.8585750000,-1.0482150000
29.8585716670,-1.0482266670
29.8585716670,-1.0482433330
29.8585750000,-1.0482616670
29.8585833330,-1.0482800000
29.8585900000,-1.0482983330
29.8585950000,-1.0483166670
29.8586000000,-1.0483350000
29.8586083330,-1.0483533330
29.8586166670,-1.0483683330
29.8586200000,-1.0483833330
29.8586250000,-1.0484016670
29.8586316670,-1.0484216670
29.8586383330,-1.0484400000
29.8586466670,-1.0484566670
29.8586516670,-1.0484716670
29.8586616670,-1.0484883330
29.8586733330,-1.0485016670
29.8586833330,-1.0485166670
29.8586950000,-1.0485333330
29.8587083330,-1.0485516670
29.8587166670,-1.0485666670
29.8587283330,-1.0485816670
29.8587400000,-1.0485966670
29.8587566670,-1.0486116670
29.8587733330,-1.0486250000
29.8587916670,-1.0486516670
29.8588100000,-1.0486783330
29.8588216670,-1.0487116670
29.8588766670,-1.0487666670
29.8588866670,-1.0487700000
29.8588950000,-1.0487750000
29.8589016670,-1.0487850000
29.8589083330,-1.0487983330
29.8589166670,-1.0488100000
29.8589266670,-1.0488200000
29.8589350000,-1.0488300000
29.8589566670,-1.0488500000
29.8589983330,-1.0489316670
29.8590016670,-1.0489550000
29.8590050000,-1.0489766670
29.8590066670,-1.0489933330
29.8590033330,-1.0490083330
29.8590016670,-1.0490233330
29.8590116670,-1.0490350000
29.8590166670,-1.0490450000
29.8590150000,-1.0490533330
29.8590116670,-1.0490633330
29.8589983330,-1.0490833330
29.8589683330,-1.0491300000
29.8589616670,-1.0491416670
29.8589566670,-1.0491533330
29.8589500000,-1.0491650000
29.8589383330,-1.0491933330
29.8588950000,-1.0492500000
29.8588833330,-1.0492633330
29.8588733330,-1.0492766670
29.8588616670,-1.0492950000
29.8588450000,-1.0493166670
29.8588316670,-1.0493333330
29.8588016670,-1.0493600000
29.8587783330,-1.0494000000
29.8587616670,-1.0494083330
29.8587416670,-1.0494200000
29.8587283330,-1.0494366670
29.8587133330,-1.0494516670
29.8586983330,-1.0494650000
29.8586666670,-1.0494950000
29.8586300000,-1.0495283330
29.8586150000,-1.0495366670
29.8586016670,-1.0495483330
29.8585883330,-1.0495566670
29.8585600000,-1.0495750000
29.8585266670,-1.0496133330
29.8585116670,-1.0496266670
29.8585000000,-1.0496416670
29.8584900000,-1.0496600000
29.8584716670,-1.0496983330
29.8584533330,-1.0497483330
29.8584483330,-1.0497650000
29.8584400000,-1.0497833330
29.8584350000,-1.0498050000
29.8584300000,-1.0498450000
29.8584316670,-1.0499050000
29.8584316670,-1.0499266670
29.8584316670,-1.0499500000
29.8584316670,-1.0499716670
29.8584316670,-1.0500233330
29.8584333330,-1.0500400000
29.8584366670,-1.0500583330
29.8584383330,-1.0500766670
29.8584483330,-1.0501100000
29.8584550000,-1.0501266670
29.8584633330,-1.0501400000
29.8584616670,-1.0501550000
29.8584566670,-1.0501700000
29.8584533330,-1.0501883330
29.8584566670,-1.0502066670
29.8584733330,-1.0502583330
29.8584766670,-1.0502750000
29.8584766670,-1.0502916670
29.8584766670,-1.0503100000
29.8584816670,-1.0503583330
29.8584866670,-1.0503750000
29.8584950000,-1.0503900000
29.8585033330,-1.0504033330
29.8585283330,-1.0504433330
29.8585350000,-1.0504583330
29.8585400000,-1.0504733330
29.8585433330,-1.0504883330
29.8585550000,-1.0505316670
29.8585600000,-1.0505433330
29.8585650000,-1.0505566670
29.8585700000,-1.0505683330
29.8585900000,-1.0505983330
29.8585966670,-1.0506116670
29.8585983330,-1.0506250000
29.8586016670,-1.0506383330
29.8586216670,-1.0506883330
29.8586250000,-1.0507083330
29.8586450000,-1.0507533330
29.8586500000,-1.0507666670
29.8586516670,-1.0507783330
29.8586550000,-1.0507933330
29.8586666670,-1.0508266670
29.8586733330,-1.0508400000
29.8586933330,-1.0508700000
29.8586966670,-1.0508800000
29.8586983330,-1.0508916670
29.8587016670,-1.0509083330
29.8587183330,-1.0509550000
29.8587250000,-1.0509683330
29.8587283330,-1.0510083330
29.8587250000,-1.0510233330
29.8587166670,-1.0510483330
29.8587066670,-1.0510600000
29.8586916670,-1.0510750000
29.8586716670,-1.0510916670
29.8586566670,-1.0511083330
29.8586333330,-1.0511633330
29.8586250000,-1.0511850000
29.8586033330,-1.0512216670
29.8585950000,-1.0512316670
29.8585833330,-1.0512700000
29.8585800000,-1.0512833330
29.8585666670,-1.0513116670
29.8585500000,-1.0513550000
29.8585400000,-1.0513683330
29.8585200000,-1.0514066670
29.8585166670,-1.0514133330
29.8556916670,-1.0531333330
29.8556950000,-1.0531250000</coordinates>
                </LineString>
            </Placemark>
            <Placemark>
                <name>2010UG132-Matsiko-01</name>
                <styleUrl>#trackStyle1</styleUrl>
                <LineString>
                    <coordinates>29.8537966670,-1.0252716670
29.8537883330,-1.0252733330
29.8537833330,-1.0252783330
29.8537750000,-1.0252816670
29.8537650000,-1.0252766670
29.8537666670,-1.0252733330
29.8537600000,-1.0252700000
29.8537516670,-1.0252700000
29.8537483330,-1.0252683330
29.8537416670,-1.0252683330
29.8537466670,-1.0252733330
29.8537550000,-1.0252566670
29.8537566670,-1.0252533330
29.8537583330,-1.0252500000
29.8537650000,-1.0252533330
29.8537683330,-1.0252583330
29.8537716670,-1.0252716670
29.8537700000,-1.0252783330
29.8537733330,-1.0252900000
29.8537766670,-1.0252900000
29.8537816670,-1.0253016670
29.8537900000,-1.0253166670
29.8537983330,-1.0253300000
29.8538083330,-1.0253416670
29.8538150000,-1.0253616670
29.8538133330,-1.0253716670
29.8538166670,-1.0253900000
29.8538216670,-1.0253983330
29.8538283330,-1.0254116670
29.8538350000,-1.0254183330
29.8538383330,-1.0254266670
29.8538400000,-1.0254350000
29.8538500000,-1.0254433330
29.8538600000,-1.0254600000
29.8538666670,-1.0254733330
29.8538716670,-1.0254866670
29.8538766670,-1.0254966670
29.8538833330,-1.0255133330
29.8538916670,-1.0255316670
29.8538966670,-1.0255450000
29.8539116670,-1.0255566670
29.8539166670,-1.0255650000
29.8539316670,-1.0255800000
29.8539416670,-1.0255916670
29.8539516670,-1.0256050000
29.8539583330,-1.0256233330
29.8539683330,-1.0256383330
29.8539766670,-1.0256550000
29.8539850000,-1.0256666670
29.8539933330,-1.0256850000
29.8539966670,-1.0257016670
29.8540050000,-1.0257183330
29.8540150000,-1.0257350000
29.8540266670,-1.0257550000
29.8540383330,-1.0257783330
29.8540433330,-1.0257866670
29.8540466670,-1.0257900000
29.8540566670,-1.0258133330
29.8540683330,-1.0258283330
29.8540766670,-1.0258400000
29.8540816670,-1.0258616670
29.8540950000,-1.0258850000
29.8541050000,-1.0259033330
29.8541116670,-1.0259266670
29.8541166670,-1.0259516670
29.8541216670,-1.0259566670
29.8541266670,-1.0259616670
29.8541383330,-1.0259766670
29.8541500000,-1.0259800000
29.8541616670,-1.0260050000
29.8541750000,-1.0260266670
29.8541816670,-1.0260350000
29.8541866670,-1.0260450000
29.8541933330,-1.0260700000
29.8542000000,-1.0260883330
29.8542016670,-1.0260966670
29.8542083330,-1.0261083330
29.8542200000,-1.0261350000
29.8542300000,-1.0261500000
29.8542400000,-1.0261650000
29.8542433330,-1.0261733330
29.8542450000,-1.0261850000
29.8542416670,-1.0261966670
29.8542433330,-1.0262050000
29.8542433330,-1.0262200000
29.8542516670,-1.0262283330
29.8542633330,-1.0262300000
29.8542750000,-1.0262416670
29.8542816670,-1.0262650000
29.8542833330,-1.0262800000
29.8542833330,-1.0262933330
29.8542850000,-1.0263116670
29.8542883330,-1.0263233330
29.8542916670,-1.0263350000
29.8543033330,-1.0263583330
29.8543083330,-1.0263650000
29.8543083330,-1.0263766670
29.8543116670,-1.0263950000
29.8543233330,-1.0264050000
29.8543366670,-1.0264266670
29.8543450000,-1.0264400000
29.8543533330,-1.0264533330
29.8543750000,-1.0264800000
29.8543866670,-1.0265133330
29.8543966670,-1.0265383330
29.8544083330,-1.0265633330
29.8544133330,-1.0265766670
29.8544183330,-1.0265883330
29.8544266670,-1.0266150000
29.8544316670,-1.0266383330
29.8544400000,-1.0266683330
29.8544550000,-1.0266966670
29.8544600000,-1.0267116670
29.8544650000,-1.0267266670
29.8544733330,-1.0267600000
29.8544833330,-1.0267850000
29.8544883330,-1.0268000000
29.8544933330,-1.0268033330
29.8545050000,-1.0268116670
29.8545200000,-1.0268400000
29.8545383330,-1.0268400000
29.8545466670,-1.0268383330
29.8545533330,-1.0268450000
29.8545633330,-1.0268666670
29.8545766670,-1.0268883330
29.8545916670,-1.0269150000
29.8546050000,-1.0269366670
29.8546100000,-1.0269350000
29.8546150000,-1.0269433330
29.8546266670,-1.0269700000
29.8546366670,-1.0270016670
29.8546483330,-1.0270183330
29.8546566670,-1.0270433330
29.8546683330,-1.0270700000
29.8546733330,-1.0270833330
29.8546783330,-1.0270933330
29.8546900000,-1.0271166670
29.8547033330,-1.0271400000
29.8547133330,-1.0271583330
29.8547233330,-1.0271833330
29.8547366670,-1.0272116670
29.8547483330,-1.0272233330
29.8547600000,-1.0272483330
29.8547766670,-1.0272750000
29.8547883330,-1.0273000000
29.8547966670,-1.0273233330
29.8548083330,-1.0273500000
29.8548166670,-1.0273766670
29.8548283330,-1.0274000000
29.8548350000,-1.0274233330
29.8548433330,-1.0274416670
29.8548533330,-1.0274633330
29.8548583330,-1.0274833330
29.8548650000,-1.0275016670
29.8548683330,-1.0275100000
29.8548700000,-1.0275183330
29.8548750000,-1.0275250000
29.8548833330,-1.0275316670
29.8548883330,-1.0275400000
29.8548933330,-1.0275466670
29.8548983330,-1.0275550000
29.8549033330,-1.0275666670
29.8549100000,-1.0275800000
29.8549133330,-1.0275916670
29.8549233330,-1.0276050000
29.8549333330,-1.0276283330
29.8549466670,-1.0276500000
29.8549583330,-1.0276750000
29.8549616670,-1.0277000000
29.8549666670,-1.0277266670
29.8549716670,-1.0277416670
29.8549783330,-1.0277600000
29.8549850000,-1.0277766670
29.8549916670,-1.0277916670
29.8550083330,-1.0278150000
29.8550283330,-1.0278383330
29.8550450000,-1.0278666670
29.8550533330,-1.0278816670
29.8550616670,-1.0278933330
29.8550750000,-1.0279116670
29.8550816670,-1.0279333330
29.8550966670,-1.0279566670
29.8551066670,-1.0279666670
29.8551150000,-1.0279800000
29.8551266670,-1.0280016670
29.8551400000,-1.0280250000
29.8551533330,-1.0280433330
29.8551600000,-1.0280533330
29.8551683330,-1.0280633330
29.8551850000,-1.0280783330
29.8552000000,-1.0280866670
29.8552066670,-1.0280966670
29.8552133330,-1.0281083330
29.8552283330,-1.0281250000
29.8552383330,-1.0281483330
29.8552450000,-1.0281516670
29.8552516670,-1.0281533330
29.8552666670,-1.0281700000
29.8552800000,-1.0281866670
29.8552850000,-1.0281966670
29.8552900000,-1.0282016670
29.8553066670,-1.0281983330
29.8553266670,-1.0282083330
29.8553433330,-1.0282350000
29.8553483330,-1.0282550000
29.8553466670,-1.0282666670
29.8553433330,-1.0282766670
29.8553450000,-1.0282933330
29.8553466670,-1.0283000000
29.8553600000,-1.0283166670
29.8553683330,-1.0283383330
29.8553866670,-1.0283400000
29.8553983330,-1.0283500000
29.8554133330,-1.0283650000
29.8554233330,-1.0283816670
29.8554300000,-1.0284000000
29.8554450000,-1.0284133330
29.8554583330,-1.0284350000
29.8554683330,-1.0284583330
29.8554716670,-1.0284666670
29.8554733330,-1.0284733330
29.8554750000,-1.0284850000
29.8554850000,-1.0285033330
29.8554883330,-1.0285133330
29.8554933330,-1.0285233330
29.8555100000,-1.0285450000
29.8555150000,-1.0285566670
29.8555216670,-1.0285666670
29.8555333330,-1.0285766670
29.8555416670,-1.0285816670
29.8555500000,-1.0285916670
29.8555616670,-1.0286066670
29.8555650000,-1.0286200000
29.8555700000,-1.0286283330
29.8555816670,-1.0286516670
29.8555900000,-1.0286666670
29.8555916670,-1.0286783330
29.8555950000,-1.0286883330
29.8556000000,-1.0287116670
29.8556050000,-1.0287233330
29.8556100000,-1.0287366670
29.8556150000,-1.0287550000
29.8556216670,-1.0287866670
29.8556233330,-1.0288000000
29.8556266670,-1.0288166670
29.8556283330,-1.0288466670
29.8556400000,-1.0288733330
29.8556466670,-1.0288816670
29.8556500000,-1.0288933330
29.8556533330,-1.0289166670
29.8556566670,-1.0289350000
29.8556633330,-1.0289450000
29.8556716670,-1.0289550000
29.8556883330,-1.0289800000
29.8557000000,-1.0290066670
29.8557016670,-1.0290200000
29.8557033330,-1.0290333330
29.8557083330,-1.0290450000
29.8557133330,-1.0290566670
29.8557233330,-1.0290783330
29.8557333330,-1.0291016670
29.8557466670,-1.0291233330
29.8557516670,-1.0291333330
29.8557583330,-1.0291416670
29.8557650000,-1.0291616670
29.8557616670,-1.0291766670
29.8557583330,-1.0291900000
29.8557583330,-1.0292050000
29.8557600000,-1.0292116670
29.8557616670,-1.0292183330
29.8557666670,-1.0292233330
29.8557700000,-1.0292266670
29.8557766670,-1.0292350000
29.8557866670,-1.0292483330
29.8557900000,-1.0292616670
29.8557900000,-1.0292833330
29.8557950000,-1.0293066670
29.8557966670,-1.0293166670
29.8558000000,-1.0293233330
29.8558066670,-1.0293350000
29.8558150000,-1.0293416670
29.8558250000,-1.0293483330
29.8558383330,-1.0293550000
29.8558483330,-1.0293633330
29.8558516670,-1.0293700000
29.8558700000,-1.0293883330
29.8558800000,-1.0293950000
29.8558950000,-1.0293883330
29.8558966670,-1.0293916670
29.8559100000,-1.0293950000
29.8559216670,-1.0293933330
29.8559383330,-1.0294050000
29.8559566670,-1.0294150000
29.8559716670,-1.0294266670
29.8559783330,-1.0294416670
29.8559866670,-1.0294583330
29.8559916670,-1.0294716670
29.8559933330,-1.0294883330
29.8560150000,-1.0295133330
29.8560233330,-1.0295150000
29.8560316670,-1.0295150000
29.8560383330,-1.0295116670
29.8560383330,-1.0295050000
29.8560383330,-1.0294983330
29.8560483330,-1.0294933330
29.8560616670,-1.0294933330
29.8560666670,-1.0294850000
29.8560683330,-1.0294766670
29.8560733330,-1.0294700000
29.8560783330,-1.0294616670
29.8560850000,-1.0294533330
29.8560900000,-1.0294466670
29.8560983330,-1.0294416670
29.8561033330,-1.0294383330
29.8561116670,-1.0294416670
29.8561233330,-1.0294483330
29.8561366670,-1.0294550000
29.8561450000,-1.0294516670
29.8561483330,-1.0294416670
29.8561483330,-1.0294300000
29.8561500000,-1.0294200000
29.8561533330,-1.0294116670
29.8561583330,-1.0294016670
29.8561616670,-1.0293933330
29.8561666670,-1.0293866670
29.8561733330,-1.0293816670
29.8561866670,-1.0293750000
29.8561983330,-1.0293650000
29.8562050000,-1.0293616670
29.8562066670,-1.0293616670
29.8562083330,-1.0293616670
29.8562033330,-1.0293566670
29.8562000000,-1.0293566670
29.8561983330,-1.0293566670
29.8562000000,-1.0293500000
29.8561950000,-1.0293466670
29.8561900000,-1.0293400000
29.8561866670,-1.0293333330
29.8561816670,-1.0293333330
29.8561766670,-1.0293316670
29.8561783330,-1.0293316670
29.8561816670,-1.0293216670
29.8561733330,-1.0293100000
29.8562016670,-1.0293116670
29.8562066670,-1.0293133330
29.8562183330,-1.0293150000
29.8562416670,-1.0293116670
29.8562483330,-1.0293133330
29.8562550000,-1.0293150000
29.8562566670,-1.0293150000
29.8562600000,-1.0293183330
29.8562650000,-1.0293166670
29.8562733330,-1.0293083330
29.8562750000,-1.0293083330
29.8562766670,-1.0293083330
29.8562783330,-1.0293066670
29.8562816670,-1.0293083330
29.8562866670,-1.0293100000
29.8562950000,-1.0293083330
29.8562966670,-1.0293066670
29.8563000000,-1.0293050000
29.8563016670,-1.0293050000
29.8563000000,-1.0293016670
29.8563016670,-1.0293033330
29.8563033330,-1.0293050000
29.8563050000,-1.0293050000
29.8563050000,-1.0293033330
29.8563066670,-1.0293033330
29.8563116670,-1.0293050000
29.8563133330,-1.0292950000
29.8563150000,-1.0292900000
29.8563200000,-1.0292950000
29.8563200000,-1.0292933330
29.8563183330,-1.0292900000
29.8563166670,-1.0292900000
29.8563200000,-1.0292883330
29.8563200000,-1.0292866670
29.8563233330,-1.0292833330
29.8563250000,-1.0292800000
29.8563250000,-1.0292783330
29.8563200000,-1.0292750000
29.8563183330,-1.0292650000
29.8563016670,-1.0292616670
29.8563033330,-1.0292600000
29.8563000000,-1.0292516670
29.8562933330,-1.0292500000
29.8563050000,-1.0292450000
29.8563033330,-1.0292450000
29.8563100000,-1.0292316670
29.8563066670,-1.0292283330
29.8562933330,-1.0292200000
29.8562850000,-1.0292133330
29.8562883330,-1.0292100000
29.8562833330,-1.0292083330
29.8562916670,-1.0291983330
29.8562983330,-1.0291983330
29.8563050000,-1.0292000000
29.8562983330,-1.0292033330
29.8562900000,-1.0292016670
29.8562916670,-1.0291983330
29.8562950000,-1.0291933330
29.8563000000,-1.0291883330
29.8563000000,-1.0291850000
29.8562966670,-1.0291783330
29.8562933330,-1.0291750000
29.8562866670,-1.0291716670
29.8562700000,-1.0291633330
29.8562733330,-1.0291600000
29.8562766670,-1.0291550000
29.8562683330,-1.0291383330
29.8562700000,-1.0291316670
29.8562716670,-1.0291216670
29.8562783330,-1.0291100000
29.8562850000,-1.0291000000
29.8562933330,-1.0290866670
29.8562916670,-1.0290816670
29.8562866670,-1.0290783330
29.8562900000,-1.0290583330
29.8562900000,-1.0290450000
29.8562850000,-1.0290350000
29.8562833330,-1.0290116670
29.8562783330,-1.0290033330
29.8562733330,-1.0290016670
29.8562700000,-1.0289966670
29.8562666670,-1.0289900000
29.8562666670,-1.0289683330
29.8562666670,-1.0289616670
29.8562650000,-1.0289583330
29.8562416670,-1.0289500000
29.8562333330,-1.0289450000
29.8562233330,-1.0289383330
29.8562050000,-1.0289250000
29.8561966670,-1.0289250000
29.8561866670,-1.0289216670
29.8561816670,-1.0289183330
29.8561800000,-1.0289116670
29.8561716670,-1.0288950000
29.8561700000,-1.0288883330
29.8561666670,-1.0288800000
29.8561616670,-1.0288733330
29.8561550000,-1.0288650000
29.8561450000,-1.0288616670
29.8561433330,-1.0288566670
29.8561416670,-1.0288500000
29.8561383330,-1.0288466670
29.8561366670,-1.0288400000
29.8561300000,-1.0288083330
29.8561283330,-1.0288000000
29.8561266670,-1.0287900000
29.8561250000,-1.0287816670
29.8561266670,-1.0287733330
29.8561333330,-1.0287566670
29.8561433330,-1.0287383330
29.8561500000,-1.0287300000
29.8561533330,-1.0287216670
29.8561566670,-1.0287133330
29.8561600000,-1.0287016670
29.8561650000,-1.0286850000
29.8561633330,-1.0286666670
29.8561633330,-1.0286600000
29.8561666670,-1.0286550000
29.8561716670,-1.0286416670
29.8561716670,-1.0286283330
29.8561683330,-1.0286200000
29.8561650000,-1.0286133330
29.8561566670,-1.0285833330
29.8561500000,-1.0285800000
29.8561466670,-1.0285716670
29.8561416670,-1.0285666670
29.8561383330,-1.0285533330
29.8561366670,-1.0285433330
29.8561333330,-1.0285333330
29.8561300000,-1.0285300000
29.8561266670,-1.0285250000
29.8561166670,-1.0285033330
29.8561116670,-1.0284916670
29.8561100000,-1.0284850000
29.8561116670,-1.0284783330
29.8561100000,-1.0284750000
29.8561066670,-1.0284750000
29.8561033330,-1.0284733330
29.8561050000,-1.0284700000
29.8561100000,-1.0284683330
29.8561133330,-1.0284616670
29.8561000000,-1.0284383330
29.8561066670,-1.0284266670
29.8561250000,-1.0284150000
29.8561366670,-1.0284183330
29.8561466670,-1.0284166670
29.8561566670,-1.0284183330
29.8561700000,-1.0284166670
29.8561833330,-1.0284166670
29.8561983330,-1.0284166670
29.8562066670,-1.0284150000
29.8562133330,-1.0284166670
29.8562233330,-1.0284116670
29.8562350000,-1.0284066670
29.8562433330,-1.0284033330
29.8562533330,-1.0284033330
29.8562650000,-1.0283983330
29.8562700000,-1.0283916670
29.8562766670,-1.0283850000
29.8562816670,-1.0283800000
29.8562883330,-1.0283716670
29.8563016670,-1.0283566670
29.8563066670,-1.0283466670
29.8563083330,-1.0283383330
29.8563116670,-1.0283333330
29.8563183330,-1.0283300000
29.8563266670,-1.0283250000
29.8563316670,-1.0283183330
29.8563416670,-1.0283083330
29.8563483330,-1.0283016670
29.8563533330,-1.0282900000
29.8563633330,-1.0282783330
29.8563733330,-1.0282683330
29.8563866670,-1.0282600000
29.8563950000,-1.0282500000
29.8564066670,-1.0282366670
29.8564183330,-1.0282283330
29.8564300000,-1.0282216670
29.8564333330,-1.0282133330
29.8564366670,-1.0282000000
29.8564416670,-1.0281900000
29.8564433330,-1.0281783330
29.8564433330,-1.0281700000
29.8564450000,-1.0281616670
29.8564433330,-1.0281533330
29.8564433330,-1.0281466670
29.8564466670,-1.0281383330
29.8564500000,-1.0281266670
29.8564500000,-1.0281183330
29.8564516670,-1.0281083330
29.8564550000,-1.0280950000
29.8564583330,-1.0280833330
29.8564633330,-1.0280716670
29.8564633330,-1.0280600000
29.8564633330,-1.0280533330
29.8564633330,-1.0280450000
29.8564583330,-1.0280416670
29.8564516670,-1.0280266670
29.8564400000,-1.0279866670
29.8564383330,-1.0279800000
29.8564366670,-1.0279716670
29.8564350000,-1.0279650000
29.8564283330,-1.0279600000
29.8564216670,-1.0279533330
29.8564183330,-1.0279383330
29.8564233330,-1.0279216670
29.8564350000,-1.0278866670
29.8564383330,-1.0278766670
29.8564400000,-1.0278666670
29.8564466670,-1.0278566670
29.8564583330,-1.0278483330
29.8564666670,-1.0278383330
29.8564866670,-1.0278233330
29.8565083330,-1.0278083330
29.8565283330,-1.0277766670
29.8565366670,-1.0277650000
29.8565466670,-1.0277550000
29.8565566670,-1.0277466670
29.8565800000,-1.0277316670
29.8565983330,-1.0277200000
29.8566283330,-1.0277000000
29.8566416670,-1.0276916670
29.8566550000,-1.0276850000
29.8566700000,-1.0276766670
29.8566800000,-1.0276716670
29.8566883330,-1.0276650000
29.8567083330,-1.0276533330
29.8567466670,-1.0276083330
29.8567566670,-1.0276033330
29.8567666670,-1.0275983330
29.8567766670,-1.0275916670
29.8567900000,-1.0275783330
29.8567966670,-1.0275550000
29.8567966670,-1.0275483330
29.8567950000,-1.0275450000
29.8567966670,-1.0275366670
29.8567983330,-1.0275266670
29.8568016670,-1.0275150000
29.8568050000,-1.0275000000
29.8567966670,-1.0274933330
29.8567933330,-1.0274916670
29.8567900000,-1.0274866670
29.8567883330,-1.0274816670
29.8567866670,-1.0274783330
29.8567883330,-1.0274733330
29.8567833330,-1.0274633330
29.8567683330,-1.0274550000
29.8567650000,-1.0274550000
29.8567616670,-1.0274516670
29.8567600000,-1.0274483330
29.8567583330,-1.0274366670
29.8567550000,-1.0274350000
29.8567550000,-1.0274333330
29.8567566670,-1.0274300000
29.8567533330,-1.0274266670
29.8567583330,-1.0274266670
29.8567600000,-1.0274216670
29.8567583330,-1.0274150000
29.8567583330,-1.0274133330
29.8567550000,-1.0274100000
29.8567500000,-1.0274050000
29.8567400000,-1.0273950000
29.8567366670,-1.0273933330
29.8567383330,-1.0273900000
29.8567416670,-1.0273866670
29.8567500000,-1.0273866670
29.8567616670,-1.0273866670
29.8567800000,-1.0273850000
29.8567833330,-1.0273833330
29.8567900000,-1.0273716670
29.8567966670,-1.0273683330
29.8568066670,-1.0273700000
29.8568083330,-1.0273716670
29.8567716670,-1.0273633330
29.8567516670,-1.0273533330
29.8567383330,-1.0273466670
29.8567133330,-1.0273416670
29.8567150000,-1.0273350000
29.8567050000,-1.0273283330
29.8566983330,-1.0273250000
29.8566950000,-1.0273216670
29.8566900000,-1.0273200000
29.8566750000,-1.0273233330
29.8566833330,-1.0273133330
29.8566850000,-1.0273050000
29.8566816670,-1.0272883330
29.8566916670,-1.0272816670
29.8566900000,-1.0272783330
29.8566916670,-1.0272750000
29.8566916670,-1.0272666670
29.8566950000,-1.0272633330
29.8567016670,-1.0272550000
29.8567066670,-1.0272433330
29.8567050000,-1.0272400000
29.8567150000,-1.0272083330
29.8567116670,-1.0272016670
29.8567083330,-1.0272000000
29.8567083330,-1.0271950000
29.8567233330,-1.0271566670
29.8567250000,-1.0271466670
29.8567333330,-1.0271116670
29.8567350000,-1.0271016670
29.8567383330,-1.0270766670
29.8567350000,-1.0270716670
29.8567350000,-1.0270616670
29.8567400000,-1.0270516670
29.8567483330,-1.0270416670
29.8567883330,-1.0270050000
29.8568016670,-1.0269933330
29.8568433330,-1.0269666670
29.8568583330,-1.0269533330
29.8568866670,-1.0269300000
29.8568983330,-1.0269183330
29.8569066670,-1.0269083330
29.8569133330,-1.0269000000
29.8569216670,-1.0268883330
29.8569383330,-1.0268650000
29.8569466670,-1.0268550000
29.8569683330,-1.0268216670
29.8569733330,-1.0268133330
29.8569800000,-1.0267866670
29.8569833330,-1.0267750000
29.8569850000,-1.0267483330
29.8569866670,-1.0267400000
29.8569816670,-1.0267200000
29.8569833330,-1.0267183330
29.8569833330,-1.0267033330
29.8569800000,-1.0267000000
29.8569750000,-1.0266766670
29.8569716670,-1.0266716670
29.8569633330,-1.0266583330
29.8569600000,-1.0266550000
29.8569600000,-1.0266500000
29.8569600000,-1.0266450000
29.8569616670,-1.0266366670
29.8569616670,-1.0266283330
29.8569633330,-1.0266183330
29.8569650000,-1.0266100000
29.8569666670,-1.0265933330
29.8569650000,-1.0265850000
29.8569650000,-1.0265766670
29.8569633330,-1.0265533330
29.8569616670,-1.0265483330
29.8569666670,-1.0265350000
29.8569716670,-1.0265283330
29.8569733330,-1.0265083330
29.8569733330,-1.0265000000
29.8569833330,-1.0264700000
29.8569916670,-1.0264600000
29.8569966670,-1.0264500000
29.8570000000,-1.0264300000
29.8570000000,-1.0264250000
29.8570000000,-1.0264183330
29.8569933330,-1.0264000000
29.8569916670,-1.0263950000
29.8569900000,-1.0263783330
29.8569933330,-1.0263700000
29.8569966670,-1.0263633330
29.8569966670,-1.0263550000
29.8569966670,-1.0263400000
29.8569966670,-1.0263350000
29.8569933330,-1.0263283330
29.8569800000,-1.0263150000
29.8569766670,-1.0263100000
29.8569733330,-1.0263000000
29.8569700000,-1.0262900000
29.8569583330,-1.0262700000
29.8569550000,-1.0262650000
29.8569466670,-1.0262483330
29.8569433330,-1.0262400000
29.8569383330,-1.0262316670
29.8569350000,-1.0262250000
29.8569233330,-1.0262083330
29.8569200000,-1.0262050000
29.8569033330,-1.0261816670
29.8568966670,-1.0261733330
29.8568933330,-1.0261616670
29.8568816670,-1.0261333330
29.8568800000,-1.0261250000
29.8568766670,-1.0261150000
29.8568733330,-1.0261066670
29.8568650000,-1.0260833330
29.8568616670,-1.0260733330
29.8568616670,-1.0260666670
29.8568600000,-1.0260583330
29.8568666670,-1.0260400000
29.8568700000,-1.0260366670
29.8568700000,-1.0260300000
29.8568766670,-1.0260250000
29.8568733330,-1.0259983330
29.8568733330,-1.0259883330
29.8568700000,-1.0259800000
29.8568883330,-1.0259533330
29.8569000000,-1.0259450000
29.8569050000,-1.0259366670
29.8569166670,-1.0259066670
29.8569233330,-1.0259033330
29.8569233330,-1.0258983330
29.8569200000,-1.0258950000
29.8569266670,-1.0258883330
29.8569300000,-1.0258800000
29.8569266670,-1.0258716670
29.8569250000,-1.0258666670
29.8569350000,-1.0258450000
29.8569383330,-1.0258350000
29.8569433330,-1.0258250000
29.8569450000,-1.0258200000
29.8537966670,-1.0252716670</coordinates>
                </LineString>
            </Placemark>
            <Placemark>
                <name>2010UG132-Mercy K</name>
                <styleUrl>#trackStyle1</styleUrl>
                <LineString>
                    <coordinates>29.8597716670,-1.0278433330
29.8597916670,-1.0278500000
29.8597816670,-1.0278500000
29.8598150000,-1.0278333330
29.8598233330,-1.0278283330
29.8598483330,-1.0278133330
29.8598483330,-1.0278166670
29.8598733330,-1.0278183330
29.8598866670,-1.0278316670
29.8598916670,-1.0278416670
29.8599333330,-1.0278400000
29.8599600000,-1.0278433330
29.8599800000,-1.0278433330
29.8599916670,-1.0278450000
29.8599983330,-1.0278483330
29.8600033330,-1.0278716670
29.8600366670,-1.0278716670
29.8600466670,-1.0278683330
29.8600733330,-1.0278650000
29.8600900000,-1.0278700000
29.8600983330,-1.0278683330
29.8601200000,-1.0278733330
29.8601400000,-1.0278816670
29.8601516670,-1.0278866670
29.8601666670,-1.0278916670
29.8601866670,-1.0279050000
29.8602133330,-1.0279133330
29.8602233330,-1.0279216670
29.8602333330,-1.0279300000
29.8602566670,-1.0279433330
29.8602650000,-1.0279583330
29.8602866670,-1.0279766670
29.8603066670,-1.0280000000
29.8603450000,-1.0280233330
29.8603750000,-1.0280550000
29.8603850000,-1.0280700000
29.8603900000,-1.0280800000
29.8603933330,-1.0280883330
29.8603933330,-1.0281000000
29.8604016670,-1.0281133330
29.8604233330,-1.0281350000
29.8604566670,-1.0281483330
29.8604600000,-1.0281766670
29.8604816670,-1.0281883330
29.8604833330,-1.0282033330
29.8604883330,-1.0282133330
29.8605066670,-1.0282300000
29.8605250000,-1.0282483330
29.8605300000,-1.0282733330
29.8605050000,-1.0282900000
29.8604916670,-1.0283050000
29.8604783330,-1.0283133330
29.8604566670,-1.0283200000
29.8604350000,-1.0283233330
29.8604033330,-1.0283333330
29.8603600000,-1.0283466670
29.8603200000,-1.0283600000
29.8602916670,-1.0283666670
29.8602766670,-1.0283750000
29.8602633330,-1.0283783330
29.8602533330,-1.0283816670
29.8602433330,-1.0283866670
29.8602183330,-1.0284083330
29.8601933330,-1.0284233330
29.8601700000,-1.0284366670
29.8601466670,-1.0284400000
29.8601200000,-1.0284516670
29.8600883330,-1.0284616670
29.8600750000,-1.0284633330
29.8600633330,-1.0284700000
29.8600416670,-1.0284866670
29.8600200000,-1.0285033330
29.8600000000,-1.0285150000
29.8599933330,-1.0285183330
29.8599850000,-1.0285216670
29.8599600000,-1.0285283330
29.8599383330,-1.0285383330
29.8599166670,-1.0285516670
29.8599016670,-1.0285550000
29.8598816670,-1.0285650000
29.8598583330,-1.0285733330
29.8598433330,-1.0285733330
29.8598283330,-1.0285800000
29.8598116670,-1.0285883330
29.8597850000,-1.0286000000
29.8597666670,-1.0286083330
29.8597366670,-1.0286116670
29.8597166670,-1.0286166670
29.8593650000,-1.0287366670
29.8593516670,-1.0287500000
29.8593333330,-1.0287650000
29.8592666670,-1.0288150000
29.8592433330,-1.0288283330
29.8592350000,-1.0288383330
29.8592316670,-1.0288550000
29.8592283330,-1.0288650000
29.8592250000,-1.0288750000
29.8589466670,-1.0293633330
29.8589016670,-1.0293216670
29.8588933330,-1.0293083330
29.8588866670,-1.0292816670
29.8588866670,-1.0292850000
29.8588850000,-1.0292916670
29.8588083330,-1.0293983330
29.8588033330,-1.0294100000
29.8588016670,-1.0294133330
29.8587983330,-1.0294200000
29.8587350000,-1.0299850000
29.8587316670,-1.0299916670
29.8573450000,-1.0298466670
29.8573450000,-1.0298483330
29.8573433330,-1.0298483330
29.8572450000,-1.0290050000
29.8572450000,-1.0290016670
29.8572433330,-1.0290000000
29.8569383330,-1.0279550000
29.8569366670,-1.0279533330
29.8569350000,-1.0279516670
29.8569150000,-1.0274300000
29.8569133330,-1.0274300000
29.8569083330,-1.0274266670
29.8569050000,-1.0274266670
29.8568966670,-1.0274316670
29.8568983330,-1.0274133330
29.8568983330,-1.0274033330
29.8569000000,-1.0273983330
29.8569066670,-1.0273916670
29.8569133330,-1.0273866670
29.8569200000,-1.0273800000
29.8569283330,-1.0273783330
29.8569316670,-1.0273650000
29.8569300000,-1.0273600000
29.8569316670,-1.0273533330
29.8569350000,-1.0273483330
29.8569333330,-1.0273466670
29.8569183330,-1.0273450000
29.8569133330,-1.0273366670
29.8569933330,-1.0268700000
29.8570000000,-1.0268583330
29.8570033330,-1.0268516670
29.8570083330,-1.0268466670
29.8570133330,-1.0268400000
29.8570183330,-1.0268316670
29.8570200000,-1.0268233330
29.8570233330,-1.0268166670
29.8570250000,-1.0268116670
29.8570300000,-1.0268083330
29.8570316670,-1.0268066670
29.8570333330,-1.0268016670
29.8570366670,-1.0267966670
29.8570400000,-1.0267900000
29.8570416670,-1.0267866670
29.8570466670,-1.0267816670
29.8570516670,-1.0267783330
29.8570566670,-1.0267700000
29.8570616670,-1.0267600000
29.8570633330,-1.0267550000
29.8570666670,-1.0267483330
29.8570683330,-1.0267450000
29.8573400000,-1.0261283330
29.8573383330,-1.0261250000
29.8573383330,-1.0261216670
29.8573366670,-1.0261183330
29.8573366670,-1.0261150000
29.8573400000,-1.0261116670
29.8573416670,-1.0261050000
29.8573466670,-1.0260950000
29.8573516670,-1.0260833330
29.8573583330,-1.0260800000
29.8573566670,-1.0260716670
29.8573583330,-1.0260683330
29.8573633330,-1.0260666670
29.8573666670,-1.0260666670
29.8573716670,-1.0260666670
29.8573783330,-1.0260683330
29.8573850000,-1.0260733330
29.8573883330,-1.0260700000
29.8573883330,-1.0260633330
29.8573850000,-1.0260633330
29.8573866670,-1.0260666670
29.8573900000,-1.0260716670
29.8573933330,-1.0260783330
29.8574033330,-1.0260883330
29.8574050000,-1.0260950000
29.8573983330,-1.0261100000
29.8574016670,-1.0261033330
29.8574050000,-1.0261116670
29.8574083330,-1.0261133330
29.8574116670,-1.0261133330
29.8574133330,-1.0261133330
29.8574466670,-1.0261400000
29.8574533330,-1.0261500000
29.8574516670,-1.0261566670
29.8574533330,-1.0261633330
29.8574550000,-1.0261766670
29.8574616670,-1.0261833330
29.8574700000,-1.0261933330
29.8574716670,-1.0261933330
29.8574800000,-1.0261966670
29.8574866670,-1.0262083330
29.8574933330,-1.0262116670
29.8575050000,-1.0262133330
29.8575250000,-1.0262100000
29.8575450000,-1.0262116670
29.8575583330,-1.0262183330
29.8575733330,-1.0262333330
29.8575850000,-1.0262366670
29.8575983330,-1.0262366670
29.8576150000,-1.0262400000
29.8576233330,-1.0262433330
29.8576316670,-1.0262450000
29.8576500000,-1.0262433330
29.8576566670,-1.0262450000
29.8576566670,-1.0262433330
29.8576600000,-1.0262350000
29.8576650000,-1.0262333330
29.8576700000,-1.0262300000
29.8576800000,-1.0262250000
29.8576850000,-1.0262250000
29.8576966670,-1.0262316670
29.8576900000,-1.0262350000
29.8576916670,-1.0262316670
29.8576900000,-1.0262333330
29.8576966670,-1.0262333330
29.8577033330,-1.0262366670
29.8577033330,-1.0262416670
29.8577133330,-1.0262550000
29.8577150000,-1.0262466670
29.8577233330,-1.0262383330
29.8577266670,-1.0262533330
29.8577333330,-1.0262533330
29.8577383330,-1.0262550000
29.8577516670,-1.0262650000
29.8577633330,-1.0262666670
29.8577700000,-1.0262683330
29.8577783330,-1.0262700000
29.8577883330,-1.0262716670
29.8577966670,-1.0262783330
29.8578066670,-1.0262833330
29.8578150000,-1.0262883330
29.8578250000,-1.0262900000
29.8578283330,-1.0262916670
29.8578300000,-1.0262950000
29.8578383330,-1.0262983330
29.8578516670,-1.0263000000
29.8578566670,-1.0263016670
29.8578633330,-1.0263033330
29.8578850000,-1.0263083330
29.8579116670,-1.0263200000
29.8579233330,-1.0263250000
29.8579300000,-1.0263283330
29.8579450000,-1.0263316670
29.8579633330,-1.0263400000
29.8579716670,-1.0263416670
29.8579783330,-1.0263466670
29.8579850000,-1.0263450000
29.8579933330,-1.0263416670
29.8580083330,-1.0263450000
29.8580216670,-1.0263466670
29.8580400000,-1.0263500000
29.8580533330,-1.0263500000
29.8580666670,-1.0263550000
29.8581033330,-1.0263566670
29.8581300000,-1.0263583330
29.8581400000,-1.0263600000
29.8581583330,-1.0263616670
29.8581666670,-1.0263633330
29.8581750000,-1.0263683330
29.8581866670,-1.0263750000
29.8582183330,-1.0263733330
29.8582300000,-1.0263733330
29.8582400000,-1.0263766670
29.8581766670,-1.0263900000
29.8582033330,-1.0263883330
29.8582100000,-1.0263883330
29.8582116670,-1.0263933330
29.8582266670,-1.0263916670
29.8582333330,-1.0263950000
29.8582450000,-1.0263966670
29.8582566670,-1.0263983330
29.8582683330,-1.0263983330
29.8582850000,-1.0264000000
29.8583050000,-1.0263950000
29.8583100000,-1.0263933330
29.8583133330,-1.0263933330
29.8583233330,-1.0263966670
29.8583333330,-1.0264016670
29.8583450000,-1.0264050000
29.8583600000,-1.0264016670
29.8583816670,-1.0264000000
29.8583966670,-1.0264016670
29.8584116670,-1.0264016670
29.8584433330,-1.0264000000
29.8584650000,-1.0264016670
29.8584750000,-1.0263966670
29.8584783330,-1.0263900000
29.8584883330,-1.0263916670
29.8584900000,-1.0263983330
29.8585033330,-1.0263983330
29.8585133330,-1.0264000000
29.8585266670,-1.0264083330
29.8585416670,-1.0264116670
29.8585683330,-1.0264066670
29.8585733330,-1.0264016670
29.8585800000,-1.0264000000
29.8585950000,-1.0263916670
29.8586133330,-1.0263883330
29.8586250000,-1.0263850000
29.8586333330,-1.0263783330
29.8586483330,-1.0263700000
29.8586766670,-1.0263583330
29.8586900000,-1.0263566670
29.8587000000,-1.0263533330
29.8587050000,-1.0263466670
29.8587133330,-1.0263416670
29.8587233330,-1.0263400000
29.8587266670,-1.0263366670
29.8587316670,-1.0263333330
29.8587416670,-1.0263300000
29.8587500000,-1.0263316670
29.8587583330,-1.0263333330
29.8587683330,-1.0263316670
29.8587883330,-1.0263350000
29.8587983330,-1.0263300000
29.8588116670,-1.0263200000
29.8588250000,-1.0263116670
29.8588283330,-1.0263050000
29.8588300000,-1.0263000000
29.8588366670,-1.0262866670
29.8588416670,-1.0262783330
29.8588566670,-1.0262700000
29.8588700000,-1.0262650000
29.8588783330,-1.0262600000
29.8588833330,-1.0262600000
29.8588900000,-1.0262616670
29.8588900000,-1.0262550000
29.8588950000,-1.0262500000
29.8589016670,-1.0262483330
29.8589050000,-1.0262483330
29.8589150000,-1.0262400000
29.8589250000,-1.0262333330
29.8589383330,-1.0262250000
29.8589500000,-1.0262216670
29.8589566670,-1.0262166670
29.8589683330,-1.0262000000
29.8589900000,-1.0261883330
29.8590083330,-1.0261783330
29.8590166670,-1.0261766670
29.8590183330,-1.0261750000
29.8590266670,-1.0261633330
29.8590366670,-1.0261533330
29.8590433330,-1.0261450000
29.8590500000,-1.0261383330
29.8590550000,-1.0261350000
29.8590583330,-1.0261300000
29.8590683330,-1.0261250000
29.8590783330,-1.0261166670
29.8590783330,-1.0261183330
29.8590816670,-1.0261183330
29.8590966670,-1.0261150000
29.8591166670,-1.0261066670
29.8591216670,-1.0260983330
29.8591266670,-1.0260900000
29.8591366670,-1.0260766670
29.8591516670,-1.0260733330
29.8591533330,-1.0260733330
29.8591566670,-1.0260750000
29.8591700000,-1.0260733330
29.8591866670,-1.0260716670
29.8591933330,-1.0260716670
29.8592050000,-1.0260683330
29.8592133330,-1.0260650000
29.8592166670,-1.0260633330
29.8592200000,-1.0260633330
29.8592250000,-1.0260633330
29.8592333330,-1.0260600000
29.8592483330,-1.0260483330
29.8592583330,-1.0260466670
29.8592683330,-1.0260450000
29.8592866670,-1.0260450000
29.8592883330,-1.0260416670
29.8592883330,-1.0260333330
29.8592916670,-1.0260266670
29.8592950000,-1.0260200000
29.8593850000,-1.0260116670
29.8593966670,-1.0260100000
29.8594066670,-1.0260100000
29.8594200000,-1.0260166670
29.8594266670,-1.0260216670
29.8594300000,-1.0260266670
29.8594316670,-1.0260383330
29.8594350000,-1.0260416670
29.8594383330,-1.0260466670
29.8594433330,-1.0260533330
29.8594450000,-1.0260566670
29.8594450000,-1.0260600000
29.8594483330,-1.0260733330
29.8594500000,-1.0260816670
29.8594500000,-1.0260883330
29.8594500000,-1.0261033330
29.8594516670,-1.0261100000
29.8594600000,-1.0261183330
29.8594766670,-1.0261300000
29.8594816670,-1.0261333330
29.8594833330,-1.0261383330
29.8594916670,-1.0261466670
29.8594966670,-1.0261500000
29.8595050000,-1.0261550000
29.8595200000,-1.0261683330
29.8595266670,-1.0261733330
29.8595383330,-1.0261766670
29.8595533330,-1.0261816670
29.8595633330,-1.0261933330
29.8595666670,-1.0262016670
29.8595683330,-1.0262083330
29.8595716670,-1.0262200000
29.8595750000,-1.0262283330
29.8595766670,-1.0262350000
29.8595783330,-1.0262483330
29.8595816670,-1.0262550000
29.8595866670,-1.0262583330
29.8595883330,-1.0262616670
29.8595900000,-1.0262650000
29.8595900000,-1.0262750000
29.8595883330,-1.0262800000
29.8595850000,-1.0262866670
29.8595783330,-1.0263216670
29.8595833330,-1.0263350000
29.8595883330,-1.0263400000
29.8595916670,-1.0263566670
29.8595900000,-1.0263600000
29.8595900000,-1.0263650000
29.8596000000,-1.0263883330
29.8596033330,-1.0263916670
29.8596033330,-1.0263950000
29.8596083330,-1.0264116670
29.8596083330,-1.0264166670
29.8596083330,-1.0264216670
29.8596066670,-1.0264250000
29.8596100000,-1.0264350000
29.8596133330,-1.0264383330
29.8596166670,-1.0264450000
29.8596216670,-1.0264500000
29.8596200000,-1.0264633330
29.8596166670,-1.0264716670
29.8596050000,-1.0264950000
29.8596016670,-1.0265050000
29.8596016670,-1.0265116670
29.8596083330,-1.0265266670
29.8596100000,-1.0265466670
29.8596066670,-1.0265566670
29.8596033330,-1.0265566670
29.8596133330,-1.0265550000
29.8596200000,-1.0265533330
29.8596016670,-1.0265933330
29.8596066670,-1.0266066670
29.8596083330,-1.0266150000
29.8596150000,-1.0266216670
29.8596266670,-1.0266566670
29.8596283330,-1.0266750000
29.8596266670,-1.0266850000
29.8596266670,-1.0266950000
29.8596216670,-1.0267116670
29.8596183330,-1.0267500000
29.8596233330,-1.0267633330
29.8596250000,-1.0267716670
29.8596250000,-1.0267966670
29.8596266670,-1.0268050000
29.8596283330,-1.0268150000
29.8596283330,-1.0268450000
29.8596283330,-1.0268550000
29.8596266670,-1.0268783330
29.8596283330,-1.0268883330
29.8596316670,-1.0269083330
29.8596250000,-1.0269550000
29.8596216670,-1.0269783330
29.8596200000,-1.0269983330
29.8596200000,-1.0270066670
29.8596233330,-1.0270233330
29.8596233330,-1.0270333330
29.8596233330,-1.0270750000
29.8596216670,-1.0270850000
29.8596283330,-1.0271083330
29.8596316670,-1.0271133330
29.8596400000,-1.0271283330
29.8596433330,-1.0271366670
29.8596433330,-1.0271566670
29.8596433330,-1.0271666670
29.8596450000,-1.0271766670
29.8596500000,-1.0272000000
29.8596650000,-1.0272466670
29.8596700000,-1.0272533330
29.8596816670,-1.0272583330
29.8596983330,-1.0272650000
29.8597016670,-1.0272783330
29.8597033330,-1.0272866670
29.8597050000,-1.0272950000
29.8597133330,-1.0273033330
29.8597166670,-1.0273083330
29.8597216670,-1.0273133330
29.8597333330,-1.0273266670
29.8597400000,-1.0273333330
29.8597516670,-1.0273400000
29.8597550000,-1.0273483330
29.8597583330,-1.0273533330
29.8597633330,-1.0273683330
29.8597666670,-1.0273783330
29.8597700000,-1.0273883330
29.8597766670,-1.0273983330
29.8597816670,-1.0274016670
29.8597916670,-1.0274100000
29.8597966670,-1.0274150000
29.8598066670,-1.0274250000
29.8598116670,-1.0274300000
29.8598166670,-1.0274333330
29.8598233330,-1.0274333330
29.8598283330,-1.0274366670
29.8598300000,-1.0274416670
29.8598333330,-1.0274450000
29.8598333330,-1.0274483330
29.8598366670,-1.0274516670
29.8598350000,-1.0274516670
29.8598366670,-1.0274533330
29.8598383330,-1.0274566670
29.8598400000,-1.0274600000
29.8598466670,-1.0274683330
29.8598500000,-1.0274716670
29.8598516670,-1.0274750000
29.8598550000,-1.0274800000
29.8598566670,-1.0274833330
29.8598566670,-1.0274850000
29.8597716670,-1.0278433330</coordinates>
                </LineString>
            </Placemark>
            <Placemark>
                <name>2010UG138-Geofrey 02</name>
                <styleUrl>#trackStyle1</styleUrl>
                <LineString>
                    <coordinates>29.8883350000,-1.0221500000
29.8883350000,-1.0221516670
29.8883350000,-1.0221500000
29.8883350000,-1.0221483330
29.8883316670,-1.0221483330
29.8883250000,-1.0221566670
29.8883183330,-1.0221683330
29.8883083330,-1.0221900000
29.8882983330,-1.0222066670
29.8882866670,-1.0222300000
29.8882716670,-1.0222500000
29.8882583330,-1.0222750000
29.8882533330,-1.0222833330
29.8882483330,-1.0222883330
29.8882300000,-1.0223000000
29.8882183330,-1.0223133330
29.8882116670,-1.0223266670
29.8882050000,-1.0223366670
29.8881933330,-1.0223416670
29.8881783330,-1.0223466670
29.8881683330,-1.0223616670
29.8881616670,-1.0223783330
29.8881566670,-1.0223933330
29.8881533330,-1.0224083330
29.8881416670,-1.0224250000
29.8881416670,-1.0224316670
29.8881433330,-1.0224383330
29.8881366670,-1.0224566670
29.8881283330,-1.0224750000
29.8881150000,-1.0224933330
29.8881000000,-1.0225133330
29.8880916670,-1.0225200000
29.8880800000,-1.0225250000
29.8880616670,-1.0225366670
29.8880516670,-1.0225566670
29.8880466670,-1.0225783330
29.8880350000,-1.0225983330
29.8880150000,-1.0226150000
29.8879983330,-1.0226266670
29.8879900000,-1.0226333330
29.8879850000,-1.0226400000
29.8879783330,-1.0226466670
29.8879733330,-1.0226550000
29.8879616670,-1.0226700000
29.8879466670,-1.0226833330
29.8879300000,-1.0226966670
29.8879066670,-1.0227100000
29.8879000000,-1.0227250000
29.8878900000,-1.0227416670
29.8878766670,-1.0227516670
29.8878683330,-1.0227633330
29.8878666670,-1.0227783330
29.8878616670,-1.0227866670
29.8878550000,-1.0227916670
29.8878516670,-1.0227933330
29.8878483330,-1.0227966670
29.8878466670,-1.0228083330
29.8878383330,-1.0228233330
29.8878216670,-1.0228366670
29.8878016670,-1.0228383330
29.8877883330,-1.0228466670
29.8877733330,-1.0228500000
29.8877600000,-1.0228566670
29.8877550000,-1.0228716670
29.8877483330,-1.0228850000
29.8877433330,-1.0228933330
29.8877333330,-1.0229050000
29.8877266670,-1.0229100000
29.8877183330,-1.0229166670
29.8877033330,-1.0229283330
29.8876950000,-1.0229400000
29.8876916670,-1.0229466670
29.8876883330,-1.0229516670
29.8876833330,-1.0229616670
29.8876750000,-1.0229716670
29.8876700000,-1.0229766670
29.8876633330,-1.0229816670
29.8876550000,-1.0229933330
29.8876450000,-1.0230066670
29.8876400000,-1.0230150000
29.8876333330,-1.0230200000
29.8876216670,-1.0230300000
29.8876133330,-1.0230416670
29.8876033330,-1.0230550000
29.8875950000,-1.0230700000
29.8875850000,-1.0230833330
29.8875750000,-1.0230933330
29.8875683330,-1.0230966670
29.8875600000,-1.0230966670
29.8875533330,-1.0230983330
29.8875450000,-1.0231050000
29.8875416670,-1.0231100000
29.8875366670,-1.0231133330
29.8875283330,-1.0231183330
29.8875166670,-1.0231266670
29.8875083330,-1.0231366670
29.8874966670,-1.0231450000
29.8874883330,-1.0231516670
29.8874866670,-1.0231550000
29.8874816670,-1.0231600000
29.8874666670,-1.0231666670
29.8874633330,-1.0231700000
29.8874600000,-1.0231733330
29.8874483330,-1.0231800000
29.8874383330,-1.0231866670
29.8874216670,-1.0231983330
29.8874083330,-1.0232033330
29.8874050000,-1.0232066670
29.8874000000,-1.0232100000
29.8873933330,-1.0232183330
29.8873866670,-1.0232250000
29.8873816670,-1.0232300000
29.8873766670,-1.0232350000
29.8873700000,-1.0232483330
29.8873633330,-1.0232600000
29.8873566670,-1.0232666670
29.8873516670,-1.0232700000
29.8873383330,-1.0232800000
29.8873233330,-1.0232833330
29.8873066670,-1.0232933330
29.8873016670,-1.0232983330
29.8872950000,-1.0233033330
29.8872816670,-1.0233083330
29.8872716670,-1.0233183330
29.8872583330,-1.0233250000
29.8872516670,-1.0233300000
29.8872400000,-1.0233383330
29.8872183330,-1.0233466670
29.8872016670,-1.0233566670
29.8871916670,-1.0233683330
29.8871850000,-1.0233783330
29.8871750000,-1.0233933330
29.8871700000,-1.0233983330
29.8871650000,-1.0234016670
29.8871550000,-1.0234150000
29.8871500000,-1.0234266670
29.8871416670,-1.0234400000
29.8871283330,-1.0234466670
29.8871183330,-1.0234566670
29.8871100000,-1.0234666670
29.8871016670,-1.0234766670
29.8870900000,-1.0234883330
29.8870800000,-1.0235016670
29.8870700000,-1.0235100000
29.8870600000,-1.0235183330
29.8870483330,-1.0235283330
29.8870233330,-1.0235350000
29.8870100000,-1.0235333330
29.8869966670,-1.0235300000
29.8869866670,-1.0235166670
29.8869800000,-1.0235000000
29.8869766670,-1.0234850000
29.8869800000,-1.0234750000
29.8869850000,-1.0234600000
29.8869883330,-1.0234400000
29.8869833330,-1.0234233330
29.8869750000,-1.0234100000
29.8869683330,-1.0233950000
29.8869633330,-1.0233800000
29.8869616670,-1.0233666670
29.8869566670,-1.0233550000
29.8869483330,-1.0233433330
29.8869416670,-1.0233283330
29.8869316670,-1.0232983330
29.8869183330,-1.0232733330
29.8869050000,-1.0232500000
29.8868933330,-1.0232266670
29.8868866670,-1.0232016670
29.8868833330,-1.0231733330
29.8868800000,-1.0231450000
29.8868750000,-1.0231283330
29.8868700000,-1.0231166670
29.8868600000,-1.0230916670
29.8868616670,-1.0230700000
29.8868483330,-1.0230516670
29.8868433330,-1.0230366670
29.8868400000,-1.0230283330
29.8868283330,-1.0230183330
29.8868066670,-1.0230000000
29.8867816670,-1.0229933330
29.8867483330,-1.0229933330
29.8867183330,-1.0230116670
29.8867066670,-1.0230183330
29.8866966670,-1.0230250000
29.8866766670,-1.0230450000
29.8866450000,-1.0230600000
29.8866283330,-1.0230700000
29.8866083330,-1.0230816670
29.8865750000,-1.0230950000
29.8865533330,-1.0231133330
29.8865350000,-1.0231266670
29.8865183330,-1.0231366670
29.8864833330,-1.0231566670
29.8864400000,-1.0231700000
29.8864166670,-1.0231716670
29.8863950000,-1.0231733330
29.8863566670,-1.0231800000
29.8863216670,-1.0231900000
29.8863016670,-1.0231866670
29.8862816670,-1.0231850000
29.8862416670,-1.0231816670
29.8862066670,-1.0231783330
29.8861700000,-1.0231733330
29.8861383330,-1.0231566670
29.8861250000,-1.0231566670
29.8861083330,-1.0231600000
29.8860766670,-1.0231650000
29.8860500000,-1.0231700000
29.8860150000,-1.0231783330
29.8859816670,-1.0231833330
29.8859466670,-1.0231866670
29.8859166670,-1.0231883330
29.8858966670,-1.0231950000
29.8858783330,-1.0231950000
29.8858533330,-1.0231933330
29.8858300000,-1.0231916670
29.8858116670,-1.0232033330
29.8858050000,-1.0232083330
29.8857966670,-1.0232100000
29.8857783330,-1.0232100000
29.8857650000,-1.0232033330
29.8857516670,-1.0231966670
29.8857316670,-1.0231950000
29.8857233330,-1.0231966670
29.8857133330,-1.0231966670
29.8856966670,-1.0232000000
29.8856866670,-1.0231933330
29.8856733330,-1.0231850000
29.8856500000,-1.0231700000
29.8856333330,-1.0231583330
29.8855983330,-1.0231516670
29.8855783330,-1.0231500000
29.8855733330,-1.0231516670
29.8855666670,-1.0231500000
29.8855500000,-1.0231500000
29.8855383330,-1.0231533330
29.8855316670,-1.0231550000
29.8855233330,-1.0231533330
29.8854950000,-1.0231500000
29.8854800000,-1.0231483330
29.8854683330,-1.0231500000
29.8854533330,-1.0231533330
29.8854300000,-1.0231533330
29.8854000000,-1.0231533330
29.8853900000,-1.0231550000
29.8853816670,-1.0231550000
29.8853583330,-1.0231566670
29.8853283330,-1.0231633330
29.8853116670,-1.0231650000
29.8853000000,-1.0231683330
29.8852683330,-1.0231766670
29.8852366670,-1.0231816670
29.8852116670,-1.0231666670
29.8852083330,-1.0231616670
29.8852050000,-1.0231566670
29.8851966670,-1.0231450000
29.8851883330,-1.0231333330
29.8851783330,-1.0231133330
29.8851733330,-1.0230983330
29.8851650000,-1.0230816670
29.8851600000,-1.0230683330
29.8851583330,-1.0230566670
29.8851466670,-1.0230333330
29.8851350000,-1.0230200000
29.8851300000,-1.0229933330
29.8851333330,-1.0229666670
29.8851316670,-1.0229516670
29.8851350000,-1.0229400000
29.8851333330,-1.0229283330
29.8851250000,-1.0229200000
29.8851133330,-1.0229100000
29.8851050000,-1.0228983330
29.8851050000,-1.0228883330
29.8850900000,-1.0228716670
29.8850850000,-1.0228600000
29.8850666670,-1.0228433330
29.8850516670,-1.0228133330
29.8850366670,-1.0227850000
29.8850250000,-1.0227583330
29.8850116670,-1.0227316670
29.8850083330,-1.0227000000
29.8850033330,-1.0226683330
29.8849800000,-1.0226533330
29.8849600000,-1.0226350000
29.8849483330,-1.0226200000
29.8849400000,-1.0225933330
29.8849233330,-1.0225616670
29.8849083330,-1.0225366670
29.8848816670,-1.0224916670
29.8848800000,-1.0224766670
29.8848783330,-1.0224416670
29.8848666670,-1.0224316670
29.8848533330,-1.0224200000
29.8848433330,-1.0224116670
29.8848300000,-1.0224000000
29.8848150000,-1.0223883330
29.8848033330,-1.0223833330
29.8847916670,-1.0223783330
29.8847800000,-1.0223733330
29.8847650000,-1.0223733330
29.8847533330,-1.0223750000
29.8847416670,-1.0223800000
29.8847266670,-1.0223850000
29.8847083330,-1.0223900000
29.8846933330,-1.0223916670
29.8846800000,-1.0223850000
29.8846716670,-1.0223800000
29.8846583330,-1.0223716670
29.8846466670,-1.0223650000
29.8846383330,-1.0223550000
29.8846316670,-1.0223450000
29.8846266670,-1.0223333330
29.8846233330,-1.0223200000
29.8846250000,-1.0223050000
29.8846266670,-1.0222900000
29.8846266670,-1.0222783330
29.8846266670,-1.0222650000
29.8846250000,-1.0222533330
29.8846233330,-1.0222400000
29.8846233330,-1.0222216670
29.8846116670,-1.0221850000
29.8845866670,-1.0221550000
29.8845600000,-1.0221316670
29.8845450000,-1.0221183330
29.8845316670,-1.0221050000
29.8845183330,-1.0220933330
29.8845066670,-1.0220833330
29.8844900000,-1.0220816670
29.8844750000,-1.0220850000
29.8844500000,-1.0220800000
29.8844216670,-1.0220633330
29.8843700000,-1.0220300000
29.8843533330,-1.0220216670
29.8843366670,-1.0220116670
29.8843183330,-1.0220033330
29.8842866670,-1.0219866670
29.8842550000,-1.0219666670
29.8842316670,-1.0219300000
29.8842300000,-1.0219150000
29.8842316670,-1.0218816670
29.8842383330,-1.0218450000
29.8842533330,-1.0217966670
29.8842416670,-1.0217883330
29.8842016670,-1.0217716670
29.8841583330,-1.0217466670
29.8841466670,-1.0217433330
29.8841350000,-1.0217483330
29.8841166670,-1.0217550000
29.8840933330,-1.0217583330
29.8840483330,-1.0217500000
29.8839816670,-1.0217500000
29.8839600000,-1.0217466670
29.8839266670,-1.0217250000
29.8839100000,-1.0216483330
29.8839166670,-1.0216183330
29.8839233330,-1.0215566670
29.8839450000,-1.0214666670
29.8839516670,-1.0214366670
29.8839666670,-1.0213800000
29.8839833330,-1.0213183330
29.8839950000,-1.0212966670
29.8840100000,-1.0212583330
29.8840200000,-1.0212383330
29.8840300000,-1.0212216670
29.8840316670,-1.0212066670
29.8840250000,-1.0211983330
29.8839933330,-1.0211800000
29.8839916670,-1.0211633330
29.8840100000,-1.0211500000
29.8840433330,-1.0211350000
29.8840633330,-1.0211266670
29.8840750000,-1.0211150000
29.8840916670,-1.0210983330
29.8841333330,-1.0210666670
29.8841750000,-1.0210516670
29.8842250000,-1.0210300000
29.8842566670,-1.0210183330
29.8842450000,-1.0210700000
29.8842716670,-1.0211100000
29.8842733330,-1.0211166670
29.8842900000,-1.0211516670
29.8843083330,-1.0211766670
29.8843250000,-1.0211616670
29.8843833330,-1.0211350000
29.8844833330,-1.0210483330
29.8845083330,-1.0210250000
29.8845333330,-1.0210033330
29.8845833330,-1.0209600000
29.8846083330,-1.0209416670
29.8846366670,-1.0209266670
29.8847000000,-1.0209100000
29.8847350000,-1.0209150000
29.8847650000,-1.0209283330
29.8848400000,-1.0209733330
29.8847716670,-1.0210100000
29.8847316670,-1.0210716670
29.8846816670,-1.0211483330
29.8846566670,-1.0211866670
29.8846983330,-1.0212000000
29.8846866670,-1.0212966670
29.8846816670,-1.0213350000
29.8847583330,-1.0212650000
29.8847933330,-1.0212700000
29.8848316670,-1.0212783330
29.8849016670,-1.0212600000
29.8849300000,-1.0212433330
29.8849566670,-1.0212200000
29.8849900000,-1.0212083330
29.8850450000,-1.0211933330
29.8850966670,-1.0212100000
29.8851333330,-1.0212566670
29.8852033330,-1.0213666670
29.8852366670,-1.0213666670
29.8852616670,-1.0213700000
29.8852783330,-1.0213666670
29.8852950000,-1.0213466670
29.8853116670,-1.0213200000
29.8853400000,-1.0212600000
29.8853516670,-1.0212333330
29.8853650000,-1.0212033330
29.8853966670,-1.0211433330
29.8854133330,-1.0211166670
29.8854216670,-1.0210866670
29.8854416670,-1.0210550000
29.8854666670,-1.0210216670
29.8855066670,-1.0209550000
29.8855300000,-1.0209300000
29.8855566670,-1.0209100000
29.8855883330,-1.0209033330
29.8856416670,-1.0209066670
29.8856616670,-1.0208516670
29.8856833330,-1.0208333330
29.8857016670,-1.0208066670
29.8857250000,-1.0207866670
29.8857533330,-1.0207766670
29.8857716670,-1.0207550000
29.8857883330,-1.0207383330
29.8858483330,-1.0207200000
29.8859116670,-1.0207150000
29.8859500000,-1.0207116670
29.8859900000,-1.0207083330
29.8860300000,-1.0207050000
29.8858683330,-1.0208666670
29.8858116670,-1.0209283330
29.8857750000,-1.0209700000
29.8857383330,-1.0210083330
29.8857033330,-1.0210483330
29.8858700000,-1.0211550000
29.8859633330,-1.0211666670
29.8859900000,-1.0211883330
29.8860133330,-1.0212150000
29.8860450000,-1.0212316670
29.8860666670,-1.0212433330
29.8860866670,-1.0212516670
29.8861200000,-1.0212550000
29.8861550000,-1.0212600000
29.8862000000,-1.0212683330
29.8862216670,-1.0212483330
29.8862566670,-1.0212566670
29.8862783330,-1.0212616670
29.8862533330,-1.0213500000
29.8862333330,-1.0214100000
29.8862466670,-1.0214200000
29.8862700000,-1.0214466670
29.8863100000,-1.0215166670
29.8863183330,-1.0215433330
29.8863716670,-1.0214683330
29.8863900000,-1.0214416670
29.8864083330,-1.0214183330
29.8864316670,-1.0213983330
29.8864616670,-1.0213750000
29.8864983330,-1.0213483330
29.8865250000,-1.0213233330
29.8865616670,-1.0213116670
29.8865933330,-1.0213000000
29.8866150000,-1.0212633330
29.8866283330,-1.0212100000
29.8866516670,-1.0211766670
29.8866916670,-1.0211683330
29.8867733330,-1.0211583330
29.8868683330,-1.0211516670
29.8869200000,-1.0211466670
29.8869716670,-1.0211550000
29.8870150000,-1.0211616670
29.8870650000,-1.0211633330
29.8871066670,-1.0211633330
29.8871566670,-1.0211583330
29.8871983330,-1.0211600000
29.8872400000,-1.0211616670
29.8872816670,-1.0211600000
29.8873200000,-1.0211650000
29.8873683330,-1.0211716670
29.8874083330,-1.0211833330
29.8874466670,-1.0211966670
29.8874800000,-1.0212066670
29.8875150000,-1.0212416670
29.8875750000,-1.0213400000
29.8876100000,-1.0213966670
29.8875883330,-1.0213600000
29.8876100000,-1.0213833330
29.8876533330,-1.0214250000
29.8877016670,-1.0215250000
29.8877066670,-1.0215583330
29.8878266670,-1.0217016670
29.8878466670,-1.0217133330
29.8878700000,-1.0217216670
29.8878866670,-1.0217316670
29.8878716670,-1.0217616670
29.8878600000,-1.0217916670
29.8878500000,-1.0218066670
29.8878600000,-1.0218250000
29.8878750000,-1.0218383330
29.8878683330,-1.0218400000
29.8878750000,-1.0218483330
29.8878833330,-1.0218583330
29.8878966670,-1.0218700000
29.8879066670,-1.0218800000
29.8879150000,-1.0218866670
29.8879200000,-1.0219033330
29.8879083330,-1.0219150000
29.8879366670,-1.0219133330
29.8879416670,-1.0219150000
29.8880183330,-1.0218950000
29.8880266670,-1.0218916670
29.8880283330,-1.0218900000
29.8880400000,-1.0218933330
29.8880583330,-1.0218966670
29.8880650000,-1.0218950000
29.8880883330,-1.0218933330
29.8880966670,-1.0218900000
29.8881150000,-1.0218916670
29.8881333330,-1.0218916670
29.8881366670,-1.0218883330
29.8881533330,-1.0218816670
29.8881683330,-1.0218750000
29.8881866670,-1.0218683330
29.8882150000,-1.0218683330
29.8882283330,-1.0218683330
29.8882566670,-1.0218616670
29.8882516670,-1.0218216670
29.8882583330,-1.0218066670
29.8882633330,-1.0218033330
29.8882766670,-1.0218033330
29.8882850000,-1.0218050000
29.8883000000,-1.0218050000
29.8883216670,-1.0217983330
29.8883300000,-1.0217966670
29.8883500000,-1.0217883330
29.8883600000,-1.0217833330
29.8883666670,-1.0217833330
29.8883750000,-1.0217883330
29.8883800000,-1.0217916670
29.8883950000,-1.0217933330
29.8884050000,-1.0217966670
29.8884166670,-1.0217966670
29.8884283330,-1.0217883330
29.8884366670,-1.0217833330
29.8884450000,-1.0217816670
29.8884500000,-1.0217800000
29.8884533330,-1.0217816670
29.8884700000,-1.0217850000
29.8884783330,-1.0217900000
29.8884850000,-1.0217950000
29.8884900000,-1.0218016670
29.8884866670,-1.0218050000
29.8884800000,-1.0217966670
29.8884850000,-1.0217966670
29.8884833330,-1.0217966670
29.8884700000,-1.0218016670
29.8884550000,-1.0218016670
29.8884500000,-1.0218016670
29.8884466670,-1.0218016670
29.8884466670,-1.0218050000
29.8884516670,-1.0218150000
29.8884566670,-1.0218266670
29.8884550000,-1.0218333330
29.8884550000,-1.0218383330
29.8884616670,-1.0218433330
29.8884783330,-1.0218516670
29.8884866670,-1.0218683330
29.8884850000,-1.0218733330
29.8884833330,-1.0218750000
29.8884833330,-1.0218766670
29.8884783330,-1.0218900000
29.8884683330,-1.0219000000
29.8884650000,-1.0219033330
29.8884616670,-1.0219083330
29.8884583330,-1.0219133330
29.8884483330,-1.0219233330
29.8884483330,-1.0219450000
29.8884433330,-1.0219516670
29.8884400000,-1.0219650000
29.8884166670,-1.0219733330
29.8884050000,-1.0219766670
29.8883983330,-1.0219850000
29.8884033330,-1.0219933330
29.8884050000,-1.0220066670
29.8884116670,-1.0220283330
29.8884066670,-1.0220316670
29.8883983330,-1.0220450000
29.8883966670,-1.0220583330
29.8883933330,-1.0220683330
29.8883950000,-1.0220750000
29.8883850000,-1.0220933330
29.8883833330,-1.0220966670
29.8883750000,-1.0221083330
29.8883733330,-1.0221133330
29.8883716670,-1.0221150000
29.8883683330,-1.0221150000
29.8883683330,-1.0221166670
29.8883666670,-1.0221183330
29.8883350000,-1.0221500000</coordinates>
                </LineString>
            </Placemark>
            <Placemark>
                <name>2010UG162-George K</name>
                <styleUrl>#trackStyle1</styleUrl>
                <LineString>
                    <coordinates>29.8592366670,-1.0585216670
29.8592400000,-1.0585200000
29.8592383330,-1.0585100000
29.8592400000,-1.0585150000
29.8592366670,-1.0585283330
29.8592216670,-1.0585316670
29.8592000000,-1.0585316670
29.8591800000,-1.0585233330
29.8591600000,-1.0585100000
29.8591500000,-1.0585000000
29.8591450000,-1.0584950000
29.8591433330,-1.0584900000
29.8591333330,-1.0584700000
29.8591316670,-1.0584483330
29.8591316670,-1.0584300000
29.8591266670,-1.0584050000
29.8591183330,-1.0583933330
29.8591150000,-1.0583816670
29.8591066670,-1.0583600000
29.8591033330,-1.0583366670
29.8590883330,-1.0583133330
29.8590833330,-1.0582916670
29.8590766670,-1.0582750000
29.8590600000,-1.0582583330
29.8590416670,-1.0582466670
29.8590183330,-1.0582283330
29.8590100000,-1.0582200000
29.8589950000,-1.0582066670
29.8589766670,-1.0582033330
29.8589466670,-1.0582016670
29.8589200000,-1.0582000000
29.8588900000,-1.0581950000
29.8588583330,-1.0581933330
29.8588283330,-1.0581916670
29.8587966670,-1.0581883330
29.8587683330,-1.0581816670
29.8587366670,-1.0581783330
29.8587066670,-1.0581733330
29.8586766670,-1.0581700000
29.8586500000,-1.0581683330
29.8586150000,-1.0581650000
29.8585866670,-1.0581550000
29.8585600000,-1.0581450000
29.8585283330,-1.0581350000
29.8584983330,-1.0581233330
29.8584683330,-1.0581116670
29.8584433330,-1.0580983330
29.8584183330,-1.0580816670
29.8583950000,-1.0580650000
29.8583783330,-1.0580500000
29.8583650000,-1.0580383330
29.8583550000,-1.0580266670
29.8583516670,-1.0580200000
29.8583400000,-1.0580116670
29.8583266670,-1.0579933330
29.8583216670,-1.0579750000
29.8583133330,-1.0579600000
29.8583016670,-1.0579483330
29.8582866670,-1.0579416670
29.8582900000,-1.0579250000
29.8582950000,-1.0579050000
29.8582916670,-1.0578883330
29.8582866670,-1.0578733330
29.8582783330,-1.0578600000
29.8582650000,-1.0578466670
29.8582583330,-1.0578283330
29.8582516670,-1.0578150000
29.8582400000,-1.0578016670
29.8582233330,-1.0577866670
29.8582033330,-1.0577683330
29.8581933330,-1.0577483330
29.8581800000,-1.0577300000
29.8581716670,-1.0577100000
29.8581633330,-1.0576916670
29.8581466670,-1.0576733330
29.8581366670,-1.0576550000
29.8581300000,-1.0576466670
29.8581200000,-1.0576366670
29.8581116670,-1.0576266670
29.8581066670,-1.0576166670
29.8580966670,-1.0575983330
29.8580900000,-1.0575783330
29.8580800000,-1.0575550000
29.8580783330,-1.0575300000
29.8580666670,-1.0575083330
29.8580633330,-1.0574966670
29.8580600000,-1.0574833330
29.8580500000,-1.0574616670
29.8580483330,-1.0574366670
29.8580416670,-1.0574133330
29.8580366670,-1.0574016670
29.8580333330,-1.0573883330
29.8580200000,-1.0573633330
29.8580133330,-1.0573350000
29.8580033330,-1.0573033330
29.8580050000,-1.0573000000
29.8580000000,-1.0572883330
29.8580000000,-1.0572633330
29.8579933330,-1.0572383330
29.8579900000,-1.0572283330
29.8579816670,-1.0572183330
29.8579750000,-1.0571950000
29.8579750000,-1.0571716670
29.8579700000,-1.0571516670
29.8579633330,-1.0571283330
29.8579533330,-1.0571066670
29.8579500000,-1.0570833330
29.8579383330,-1.0570533330
29.8579233330,-1.0570350000
29.8579083330,-1.0570100000
29.8578900000,-1.0569900000
29.8578950000,-1.0569650000
29.8578933330,-1.0569533330
29.8578900000,-1.0569416670
29.8578783330,-1.0569233330
29.8578750000,-1.0569066670
29.8578750000,-1.0568983330
29.8578716670,-1.0568750000
29.8578650000,-1.0568616670
29.8578583330,-1.0568416670
29.8578550000,-1.0568200000
29.8578483330,-1.0568200000
29.8578383330,-1.0568166670
29.8578166670,-1.0568033330
29.8578116670,-1.0567950000
29.8578050000,-1.0567883330
29.8577933330,-1.0567700000
29.8577733330,-1.0567666670
29.8577450000,-1.0567633330
29.8577233330,-1.0567600000
29.8577300000,-1.0567533330
29.8577200000,-1.0567516670
29.8576950000,-1.0567500000
29.8576800000,-1.0567500000
29.8576800000,-1.0567400000
29.8576633330,-1.0567400000
29.8576616670,-1.0567333330
29.8576650000,-1.0567216670
29.8576533330,-1.0567216670
29.8576383330,-1.0567183330
29.8576150000,-1.0567116670
29.8576000000,-1.0567083330
29.8575916670,-1.0567000000
29.8575833330,-1.0566916670
29.8575816670,-1.0566816670
29.8575866670,-1.0566533330
29.8575866670,-1.0566250000
29.8575866670,-1.0566133330
29.8575900000,-1.0566016670
29.8575866670,-1.0565733330
29.8575766670,-1.0565466670
29.8575700000,-1.0565250000
29.8575583330,-1.0565050000
29.8575500000,-1.0564866670
29.8575400000,-1.0564800000
29.8575366670,-1.0564716670
29.8575200000,-1.0564533330
29.8575050000,-1.0564400000
29.8574850000,-1.0564250000
29.8574783330,-1.0564050000
29.8574733330,-1.0563800000
29.8574516670,-1.0563683330
29.8574383330,-1.0563483330
29.8574316670,-1.0563216670
29.8574300000,-1.0563066670
29.8574266670,-1.0562966670
29.8574216670,-1.0562883330
29.8574166670,-1.0562783330
29.8574050000,-1.0562716670
29.8574000000,-1.0562616670
29.8573983330,-1.0562483330
29.8573950000,-1.0562383330
29.8573866670,-1.0562316670
29.8573800000,-1.0562250000
29.8573716670,-1.0562183330
29.8573650000,-1.0562116670
29.8573566670,-1.0562050000
29.8573483330,-1.0561983330
29.8573433330,-1.0561900000
29.8573350000,-1.0561833330
29.8573233330,-1.0561800000
29.8573133330,-1.0561750000
29.8573016670,-1.0561716670
29.8572850000,-1.0561666670
29.8572733330,-1.0561616670
29.8572616670,-1.0561583330
29.8572466670,-1.0561600000
29.8572316670,-1.0561616670
29.8572166670,-1.0561616670
29.8572016670,-1.0561616670
29.8571750000,-1.0561566670
29.8571550000,-1.0561433330
29.8571400000,-1.0561333330
29.8571166670,-1.0561316670
29.8570866670,-1.0561250000
29.8570750000,-1.0561216670
29.8570600000,-1.0561166670
29.8570333330,-1.0561100000
29.8570033330,-1.0561066670
29.8569683330,-1.0561033330
29.8569450000,-1.0560900000
29.8569333330,-1.0560850000
29.8569200000,-1.0560833330
29.8568966670,-1.0560766670
29.8568700000,-1.0560650000
29.8568516670,-1.0560516670
29.8568383330,-1.0560466670
29.8568250000,-1.0560416670
29.8567966670,-1.0560283330
29.8567700000,-1.0560150000
29.8567466670,-1.0559950000
29.8567366670,-1.0559733330
29.8567283330,-1.0559483330
29.8567183330,-1.0559283330
29.8567083330,-1.0559200000
29.8566966670,-1.0559100000
29.8566850000,-1.0558850000
29.8566666670,-1.0558616670
29.8566566670,-1.0558500000
29.8566483330,-1.0558383330
29.8566350000,-1.0558150000
29.8566183330,-1.0557933330
29.8566150000,-1.0557866670
29.8566100000,-1.0557766670
29.8566383330,-1.0557566670
29.8566483330,-1.0557450000
29.8566550000,-1.0557333330
29.8566400000,-1.0557116670
29.8566366670,-1.0557016670
29.8566266670,-1.0556900000
29.8566200000,-1.0556783330
29.8566133330,-1.0556683330
29.8565950000,-1.0556466670
29.8565850000,-1.0556250000
29.8565750000,-1.0556000000
29.8565600000,-1.0555750000
29.8565550000,-1.0555533330
29.8565400000,-1.0555283330
29.8565300000,-1.0555066670
29.8565166670,-1.0554816670
29.8565083330,-1.0554600000
29.8564983330,-1.0554383330
29.8564883330,-1.0554216670
29.8564750000,-1.0554016670
29.8564616670,-1.0553833330
29.8564533330,-1.0553600000
29.8564416670,-1.0553350000
29.8564366670,-1.0553216670
29.8564316670,-1.0553100000
29.8564250000,-1.0552866670
29.8564183330,-1.0552733330
29.8564133330,-1.0552600000
29.8564050000,-1.0552333330
29.8563983330,-1.0552216670
29.8563950000,-1.0552100000
29.8563816670,-1.0551883330
29.8563583330,-1.0551633330
29.8563566670,-1.0551116670
29.8563500000,-1.0550983330
29.8563383330,-1.0550866670
29.8563166670,-1.0550600000
29.8563166670,-1.0550350000
29.8563150000,-1.0550233330
29.8563083330,-1.0550100000
29.8562883330,-1.0549883330
29.8562800000,-1.0549750000
29.8562750000,-1.0549616670
29.8562633330,-1.0549383330
29.8562566670,-1.0549116670
29.8562516670,-1.0549000000
29.8562433330,-1.0548883330
29.8562283330,-1.0548650000
29.8562116670,-1.0548416670
29.8562083330,-1.0548283330
29.8562083330,-1.0548166670
29.8562083330,-1.0548033330
29.8562016670,-1.0547900000
29.8561916670,-1.0547633330
29.8561833330,-1.0547516670
29.8561766670,-1.0547383330
29.8561666670,-1.0547133330
29.8561600000,-1.0546900000
29.8561516670,-1.0546633330
29.8561483330,-1.0546516670
29.8561450000,-1.0546400000
29.8561233330,-1.0545866670
29.8561200000,-1.0545600000
29.8561150000,-1.0545483330
29.8561116670,-1.0545366670
29.8561116670,-1.0545250000
29.8561066670,-1.0545150000
29.8560916670,-1.0544933330
29.8560833330,-1.0544750000
29.8560650000,-1.0544566670
29.8560450000,-1.0544383330
29.8560350000,-1.0544316670
29.8560233330,-1.0544250000
29.8560116670,-1.0544183330
29.8559983330,-1.0544116670
29.8559500000,-1.0543833330
29.8559300000,-1.0543666670
29.8559216670,-1.0543466670
29.8559050000,-1.0543300000
29.8558516670,-1.0543083330
29.8558083330,-1.0543000000
29.8557683330,-1.0542883330
29.8557383330,-1.0542783330
29.8557150000,-1.0542666670
29.8556700000,-1.0542466670
29.8556266670,-1.0542250000
29.8555933330,-1.0542066670
29.8555666670,-1.0541883330
29.8555366670,-1.0541700000
29.8555033330,-1.0541533330
29.8554616670,-1.0541400000
29.8554400000,-1.0541183330
29.8554083330,-1.0540983330
29.8553766670,-1.0540783330
29.8552616670,-1.0539850000
29.8552333330,-1.0539666670
29.8552083330,-1.0539466670
29.8551950000,-1.0539183330
29.8551900000,-1.0539016670
29.8551850000,-1.0538900000
29.8551783330,-1.0538750000
29.8551716670,-1.0538550000
29.8551650000,-1.0538466670
29.8551633330,-1.0538400000
29.8551600000,-1.0538300000
29.8551566670,-1.0538216670
29.8551550000,-1.0538116670
29.8551483330,-1.0538016670
29.8551416670,-1.0537900000
29.8551366670,-1.0537766670
29.8551316670,-1.0537650000
29.8551266670,-1.0537533330
29.8551216670,-1.0537400000
29.8551183330,-1.0537250000
29.8551150000,-1.0537116670
29.8551133330,-1.0537000000
29.8551133330,-1.0536916670
29.8551166670,-1.0536850000
29.8551183330,-1.0536766670
29.8551200000,-1.0536683330
29.8551233330,-1.0536600000
29.8551250000,-1.0536533330
29.8551283330,-1.0536483330
29.8551333330,-1.0536383330
29.8551383330,-1.0536283330
29.8551433330,-1.0536166670
29.8551483330,-1.0536066670
29.8551550000,-1.0535916670
29.8551616670,-1.0535783330
29.8551733330,-1.0535616670
29.8551850000,-1.0535383330
29.8551883330,-1.0535266670
29.8551933330,-1.0535116670
29.8551983330,-1.0534983330
29.8552050000,-1.0534850000
29.8552116670,-1.0534716670
29.8552266670,-1.0534466670
29.8552383330,-1.0534250000
29.8552650000,-1.0533983330
29.8552733330,-1.0533900000
29.8552816670,-1.0533800000
29.8552883330,-1.0533700000
29.8552966670,-1.0533600000
29.8553050000,-1.0533500000
29.8553266670,-1.0533366670
29.8553450000,-1.0533250000
29.8553550000,-1.0533200000
29.8553633330,-1.0533133330
29.8553716670,-1.0533066670
29.8553816670,-1.0532983330
29.8554000000,-1.0532850000
29.8554183330,-1.0532766670
29.8554250000,-1.0532700000
29.8554316670,-1.0532633330
29.8554383330,-1.0532566670
29.8554433330,-1.0532500000
29.8554566670,-1.0532400000
29.8554750000,-1.0532316670
29.8554850000,-1.0532283330
29.8554933330,-1.0532250000
29.8555016670,-1.0532216670
29.8555100000,-1.0532166670
29.8555266670,-1.0532016670
29.8555383330,-1.0531933330
29.8555500000,-1.0531866670
29.8555600000,-1.0531816670
29.8555683330,-1.0531783330
29.8555866670,-1.0531683330
29.8556183330,-1.0531550000
29.8556283330,-1.0531500000
29.8556533330,-1.0531400000
29.8556633330,-1.0531383330
29.8556733330,-1.0531366670
29.8556900000,-1.0531300000
29.8557033330,-1.0531333330
29.8557083330,-1.0531383330
29.8557100000,-1.0531433330
29.8557100000,-1.0531600000
29.8557100000,-1.0531666670
29.8557100000,-1.0531716670
29.8557083330,-1.0531750000
29.8557083330,-1.0531800000
29.8557133330,-1.0531866670
29.8557150000,-1.0531916670
29.8557133330,-1.0532000000
29.8557150000,-1.0532233330
29.8557166670,-1.0532350000
29.8557216670,-1.0532416670
29.8557333330,-1.0532483330
29.8557383330,-1.0532533330
29.8557433330,-1.0532566670
29.8557550000,-1.0532683330
29.8557583330,-1.0532750000
29.8557616670,-1.0532816670
29.8557650000,-1.0532933330
29.8557816670,-1.0533083330
29.8557850000,-1.0533116670
29.8557850000,-1.0533183330
29.8557833330,-1.0533316670
29.8557883330,-1.0533566670
29.8557900000,-1.0533650000
29.8557950000,-1.0533733330
29.8557983330,-1.0533833330
29.8557983330,-1.0533883330
29.8557950000,-1.0533950000
29.8558000000,-1.0534083330
29.8558033330,-1.0534116670
29.8558066670,-1.0534150000
29.8558150000,-1.0534200000
29.8558183330,-1.0534266670
29.8558200000,-1.0534316670
29.8558283330,-1.0534400000
29.8558333330,-1.0534466670
29.8558383330,-1.0534500000
29.8558450000,-1.0534583330
29.8558483330,-1.0534633330
29.8558483330,-1.0534700000
29.8558550000,-1.0534783330
29.8558616670,-1.0534833330
29.8558650000,-1.0534900000
29.8558716670,-1.0534966670
29.8558783330,-1.0534983330
29.8558850000,-1.0535000000
29.8558900000,-1.0535000000
29.8558966670,-1.0535016670
29.8559100000,-1.0535033330
29.8559166670,-1.0535066670
29.8559233330,-1.0535100000
29.8559350000,-1.0535133330
29.8559416670,-1.0535150000
29.8559483330,-1.0535166670
29.8559550000,-1.0535183330
29.8559616670,-1.0535216670
29.8559750000,-1.0535283330
29.8559800000,-1.0535316670
29.8559866670,-1.0535333330
29.8560000000,-1.0535333330
29.8560116670,-1.0535350000
29.8560166670,-1.0535333330
29.8560233330,-1.0535316670
29.8560350000,-1.0535283330
29.8560416670,-1.0535233330
29.8560466670,-1.0535183330
29.8560516670,-1.0535150000
29.8560566670,-1.0535150000
29.8560666670,-1.0535116670
29.8560716670,-1.0535116670
29.8560766670,-1.0535116670
29.8560800000,-1.0535100000
29.8560866670,-1.0535100000
29.8561000000,-1.0535083330
29.8561216670,-1.0535016670
29.8561300000,-1.0534966670
29.8561383330,-1.0534916670
29.8561466670,-1.0534850000
29.8561550000,-1.0534800000
29.8561733330,-1.0534716670
29.8561816670,-1.0534683330
29.8561900000,-1.0534633330
29.8561966670,-1.0534583330
29.8562050000,-1.0534533330
29.8562433330,-1.0534316670
29.8562550000,-1.0534250000
29.8562666670,-1.0534200000
29.8562800000,-1.0534150000
29.8562933330,-1.0534133330
29.8563133330,-1.0534200000
29.8563300000,-1.0534283330
29.8563400000,-1.0534316670
29.8563483330,-1.0534333330
29.8563516670,-1.0534383330
29.8563550000,-1.0534416670
29.8563883330,-1.0534533330
29.8564000000,-1.0534583330
29.8564100000,-1.0534600000
29.8564200000,-1.0534616670
29.8564300000,-1.0534650000
29.8564366670,-1.0534650000
29.8564450000,-1.0534650000
29.8564883330,-1.0534666670
29.8565083330,-1.0534650000
29.8565166670,-1.0534633330
29.8565250000,-1.0534633330
29.8565350000,-1.0534633330
29.8565450000,-1.0534633330
29.8565533330,-1.0534633330
29.8565633330,-1.0534700000
29.8565900000,-1.0534783330
29.8566083330,-1.0534800000
29.8566183330,-1.0534766670
29.8566300000,-1.0534766670
29.8566383330,-1.0534783330
29.8566483330,-1.0534800000
29.8566583330,-1.0534816670
29.8566633330,-1.0534850000
29.8566650000,-1.0534883330
29.8566683330,-1.0534950000
29.8566750000,-1.0535016670
29.8566816670,-1.0535083330
29.8567166670,-1.0535183330
29.8567266670,-1.0535266670
29.8567300000,-1.0535300000
29.8567333330,-1.0535350000
29.8567366670,-1.0535350000
29.8567416670,-1.0535350000
29.8567466670,-1.0535383330
29.8567500000,-1.0535416670
29.8567550000,-1.0535416670
29.8567600000,-1.0535416670
29.8567683330,-1.0535400000
29.8567766670,-1.0535366670
29.8567850000,-1.0535350000
29.8567916670,-1.0535333330
29.8567983330,-1.0535300000
29.8568033330,-1.0535250000
29.8568100000,-1.0535183330
29.8568183330,-1.0535100000
29.8568250000,-1.0535050000
29.8568316670,-1.0535000000
29.8568383330,-1.0534916670
29.8568450000,-1.0534833330
29.8568533330,-1.0534766670
29.8568616670,-1.0534683330
29.8568683330,-1.0534616670
29.8568750000,-1.0534566670
29.8568816670,-1.0534516670
29.8568883330,-1.0534500000
29.8568966670,-1.0534500000
29.8569033330,-1.0534516670
29.8569100000,-1.0534550000
29.8569150000,-1.0534566670
29.8569216670,-1.0534516670
29.8569266670,-1.0534500000
29.8569350000,-1.0534500000
29.8569400000,-1.0534500000
29.8569416670,-1.0534500000
29.8569450000,-1.0534483330
29.8569483330,-1.0534500000
29.8569550000,-1.0534500000
29.8569600000,-1.0534516670
29.8569666670,-1.0534550000
29.8569716670,-1.0534600000
29.8569750000,-1.0534666670
29.8569783330,-1.0534716670
29.8569833330,-1.0534750000
29.8569900000,-1.0534733330
29.8569966670,-1.0534716670
29.8570016670,-1.0534733330
29.8570066670,-1.0534766670
29.8570133330,-1.0534783330
29.8570183330,-1.0534816670
29.8570200000,-1.0534850000
29.8570250000,-1.0534900000
29.8570300000,-1.0534933330
29.8570350000,-1.0534950000
29.8570450000,-1.0534966670
29.8570516670,-1.0535050000
29.8570900000,-1.0535283330
29.8570983330,-1.0535266670
29.8571050000,-1.0535283330
29.8571116670,-1.0535316670
29.8571166670,-1.0535366670
29.8571200000,-1.0535400000
29.8571250000,-1.0535416670
29.8571283330,-1.0535450000
29.8571383330,-1.0535550000
29.8571500000,-1.0535633330
29.8571816670,-1.0535716670
29.8571883330,-1.0535666670
29.8571933330,-1.0535583330
29.8572033330,-1.0535533330
29.8572116670,-1.0535500000
29.8572200000,-1.0535466670
29.8572316670,-1.0535383330
29.8572433330,-1.0535316670
29.8572583330,-1.0535200000
29.8572633330,-1.0535166670
29.8572683330,-1.0535150000
29.8572733330,-1.0535133330
29.8572766670,-1.0535100000
29.8572816670,-1.0535050000
29.8572916670,-1.0535000000
29.8573150000,-1.0534866670
29.8573183330,-1.0534816670
29.8573216670,-1.0534766670
29.8573283330,-1.0534700000
29.8573416670,-1.0534616670
29.8573616670,-1.0534483330
29.8573666670,-1.0534450000
29.8573750000,-1.0534416670
29.8573816670,-1.0534366670
29.8573883330,-1.0534333330
29.8573950000,-1.0534283330
29.8574100000,-1.0534200000
29.8574366670,-1.0534066670
29.8574450000,-1.0534016670
29.8574516670,-1.0533966670
29.8574583330,-1.0533900000
29.8574650000,-1.0533850000
29.8574750000,-1.0533800000
29.8575200000,-1.0533566670
29.8575300000,-1.0533550000
29.8575383330,-1.0533533330
29.8575483330,-1.0533483330
29.8575683330,-1.0533433330
29.8575733330,-1.0533416670
29.8575800000,-1.0533383330
29.8575866670,-1.0533366670
29.8576000000,-1.0533333330
29.8576200000,-1.0533283330
29.8576250000,-1.0533300000
29.8576300000,-1.0533300000
29.8576383330,-1.0533283330
29.8576616670,-1.0533216670
29.8576700000,-1.0533166670
29.8576783330,-1.0533150000
29.8576850000,-1.0533150000
29.8577000000,-1.0533150000
29.8577166670,-1.0533066670
29.8577233330,-1.0533050000
29.8577283330,-1.0533083330
29.8577266670,-1.0533250000
29.8577266670,-1.0533266670
29.8577383330,-1.0533950000
29.8577416670,-1.0534150000
29.8577533330,-1.0534333330
29.8577550000,-1.0534383330
29.8577516670,-1.0534500000
29.8577550000,-1.0534583330
29.8577566670,-1.0534600000
29.8577583330,-1.0534633330
29.8577600000,-1.0534683330
29.8577583330,-1.0534766670
29.8577550000,-1.0535050000
29.8577550000,-1.0535150000
29.8577550000,-1.0535216670
29.8577516670,-1.0535300000
29.8577416670,-1.0535600000
29.8577416670,-1.0535700000
29.8577450000,-1.0535800000
29.8577466670,-1.0535900000
29.8577450000,-1.0536233330
29.8577433330,-1.0536350000
29.8577466670,-1.0536433330
29.8577500000,-1.0536516670
29.8581450000,-1.0546400000
29.8581500000,-1.0546450000
29.8581516670,-1.0546466670
29.8581516670,-1.0546600000
29.8581566670,-1.0546750000
29.8581700000,-1.0546916670
29.8581866670,-1.0547033330
29.8582016670,-1.0547133330
29.8582416670,-1.0547283330
29.8582500000,-1.0547366670
29.8582700000,-1.0547550000
29.8582833330,-1.0547666670
29.8582916670,-1.0547733330
29.8582983330,-1.0547833330
29.8583100000,-1.0547933330
29.8583666670,-1.0548083330
29.8583866670,-1.0548083330
29.8584450000,-1.0548166670
29.8584700000,-1.0548216670
29.8584883330,-1.0548266670
29.8585166670,-1.0548450000
29.8585300000,-1.0548483330
29.8585416670,-1.0548533330
29.8585533330,-1.0548633330
29.8585650000,-1.0548716670
29.8585866670,-1.0548950000
29.8585933330,-1.0549033330
29.8588133330,-1.0551800000
29.8588183330,-1.0551883330
29.8588466670,-1.0552183330
29.8588583330,-1.0552266670
29.8588933330,-1.0552533330
29.8589050000,-1.0552600000
29.8589416670,-1.0552833330
29.8589550000,-1.0552916670
29.8589833330,-1.0553033330
29.8589966670,-1.0553083330
29.8590100000,-1.0553166670
29.8590233330,-1.0553250000
29.8590350000,-1.0553350000
29.8590466670,-1.0553433330
29.8590583330,-1.0553483330
29.8590716670,-1.0553550000
29.8590850000,-1.0553583330
29.8591216670,-1.0553766670
29.8591333330,-1.0553833330
29.8592483330,-1.0555316670
29.8592550000,-1.0555450000
29.8592616670,-1.0555550000
29.8592700000,-1.0555616670
29.8596833330,-1.0560300000
29.8596850000,-1.0560316670
29.8597250000,-1.0560650000
29.8597416670,-1.0560733330
29.8597866670,-1.0560900000
29.8597983330,-1.0561016670
29.8598433330,-1.0561550000
29.8598600000,-1.0561683330
29.8599083330,-1.0562116670
29.8599216670,-1.0562116670
29.8599666670,-1.0562116670
29.8599750000,-1.0562150000
29.8613900000,-1.0567750000
29.8613950000,-1.0567783330
29.8613966670,-1.0567800000
29.8618916670,-1.0570566670
29.8618933330,-1.0570583330
29.8618950000,-1.0570600000
29.8618866670,-1.0570783330
29.8618816670,-1.0570866670
29.8618566670,-1.0570966670
29.8618550000,-1.0571016670
29.8618516670,-1.0571083330
29.8618483330,-1.0571116670
29.8618366670,-1.0571216670
29.8618316670,-1.0571250000
29.8618266670,-1.0571300000
29.8618116670,-1.0571500000
29.8618000000,-1.0571516670
29.8617650000,-1.0571566670
29.8617550000,-1.0571533330
29.8592366670,-1.0585216670</coordinates>
                </LineString>
            </Placemark>
        </Folder>
    </Document>
</kml>