
===== 2026-07-13 10:33 (desk) =====
=== AUDITOR-CHANGE x LATE-FILING EXCLUSION SCANNER  2026-07-13  (lookback 120d, intersect window 90d) ===
  LEG 1  auditor changes (8-K Item 4.01):      208 CIKs
  LEG 2  late filings (NT 10-K / NT 10-Q):      607 CIKs
  --- the conjunction's SELECTIVITY (why either leg alone over-fires) ---
  auditor-only (NOT excluded):  154    late-only (NOT excluded):  553
  >>> INTERSECTED -> EXCLUDE (do-not-own anti-portfolio): 54
    EXCLUDE CFOO     China Foods Holdings Ltd.          [RESIGNED ] 4.01 2026-03-30  NT 10-K 2026-04-01  (2d apart)
    EXCLUDE GLAI     Global AI, Inc.                    [RESIGNED ] 4.01 2026-03-26  NT 10-K 2026-03-31  (5d apart)
    EXCLUDE (no-tkr) Gaucho Group Holdings, Inc.        [RESIGNED ] 4.01 2026-04-30  NT 10-Q 2026-05-15  (15d apart)
    EXCLUDE GWTI     GREENWAY TECHNOLOGIES, INC. & SUBS [RESIGNED ] 4.01 2026-04-17  NT 10-Q 2026-05-15  (28d apart)
    EXCLUDE GTLL     GLOBAL TECHNOLOGIES LTD            [RESIGNED ] 4.01 2026-06-16  NT 10-Q 2026-05-15  (32d apart)
    EXCLUDE QWTR     Quest Water Global, Inc.           [RESIGNED ] 4.01 2026-05-29  NT 10-K 2026-04-01  (58d apart)
    EXCLUDE BASA     BASANITE, INC.                     [RESIGNED ] 4.01 2026-06-05  NT 10-K 2026-03-31  (66d apart)
    EXCLUDE SOPAQ    SOCIETY PASS INCORPORATED.         [RESIGNED ] 4.01 2026-06-08  NT 10-K 2026-03-31  (69d apart)
    EXCLUDE FSI      FLEXIBLE SOLUTIONS INTERNATIONAL I [RESIGNED ] 4.01 2026-06-08  NT 10-K 2026-03-31  (69d apart)
    EXCLUDE PNXP     PINEAPPLE EXPRESS CANNABIS Co      [dismissed] 4.01 2026-05-05  NT 10-K 2026-05-05  (0d apart)
    EXCLUDE NBND     NetBrands Corp.                    [dismissed] 4.01 2026-04-01  NT 10-K 2026-03-31  (1d apart)
    EXCLUDE NIXXW    Nixxy, Inc.                        [dismissed] 4.01 2026-04-03  NT 10-K 2026-04-01  (2d apart)
    EXCLUDE CLEV     Concrete Leveling Systems Inc      [dismissed] 4.01 2026-06-12  NT 10-Q 2026-06-16  (4d apart)
    EXCLUDE (no-tkr) Dravica Corp                       [dismissed] 4.01 2026-06-11  NT 10-Q 2026-06-15  (4d apart)
    EXCLUDE EQS      EQUUS TOTAL RETURN, INC.           [chg?     ] 4.01 2026-05-12  NT 10-Q 2026-05-18  (6d apart)
    EXCLUDE (no-tkr) Arboretum Silverleaf Income Fund,  [chg?     ] 4.01 2026-04-07  NT 10-K 2026-03-31  (7d apart)
    EXCLUDE (no-tkr) Redwood Mortgage Investors IX      [chg?     ] 4.01 2026-05-07  NT 10-Q 2026-05-18  (11d apart)
    EXCLUDE WAST     WASTE ENERGY CORP.                 [chg?     ] 4.01 2026-05-27  NT 10-Q 2026-05-15  (12d apart)
    EXCLUDE BRUNW    Boost Run Inc.                     [dismissed] 4.01 2026-05-14  NT 10-Q 2026-05-26  (12d apart)
    EXCLUDE QMCI     QUOTEMEDIA INC                     [dismissed] 4.01 2026-04-14  NT 10-K 2026-03-31  (14d apart)
    EXCLUDE SONM     DNA X, Inc.                        [dismissed] 4.01 2026-04-30  NT 10-Q 2026-05-15  (15d apart)
    EXCLUDE MOVE     Corvex, Inc.                       [dismissed] 4.01 2026-04-28  NT 10-Q 2026-05-18  (20d apart)
    EXCLUDE HBIA     HILLS BANCORPORATION               [chg?     ] 4.01 2026-04-06  NT 10-K 2026-03-16  (21d apart)
    EXCLUDE ITP      IT TECH PACKAGING, INC.            [chg?     ] 4.01 2026-04-22  NT 10-Q 2026-05-13  (21d apart)
    EXCLUDE MNTR     Mentor Capital, Inc.               [dismissed] 4.01 2026-04-23  NT 10-K 2026-04-01  (22d apart)
    EXCLUDE (no-tkr) DeltaSoft Corp                     [chg?     ] 4.01 2026-06-08  NT 10-K 2026-06-30  (22d apart)
    EXCLUDE FGIWW    FGI Industries Ltd.                [dismissed] 4.01 2026-04-23  NT 10-K 2026-03-31  (23d apart)
    EXCLUDE IHT      INNSUITES HOSPITALITY TRUST        [dismissed] 4.01 2026-07-10  NT 10-Q 2026-06-16  (24d apart)
    EXCLUDE ALOY     REALLOYS INC.                      [dismissed] 4.01 2026-04-20  NT 10-Q 2026-05-15  (25d apart)
    EXCLUDE CSAI     CLOUDASTRUCTURE, INC.              [chg?     ] 4.01 2026-04-22  NT 10-Q 2026-05-18  (26d apart)
    EXCLUDE VERI     Veritone, Inc.                     [dismissed] 4.01 2026-04-28  NT 10-K 2026-04-01  (27d apart)
    EXCLUDE SNTL     Sentinel Holdings Ltd.             [dismissed] 4.01 2026-06-11  NT 10-Q 2026-05-14  (28d apart)
    EXCLUDE HGTXU    HUGOTON ROYALTY TRUST              [dismissed] 4.01 2026-04-17  NT 10-Q 2026-05-15  (28d apart)
    EXCLUDE (no-tkr) Hudson Acquisition I Corp.         [dismissed] 4.01 2026-04-10  NT 10-Q 2026-05-14  (34d apart)
    EXCLUDE BRLL     Barrel Energy Inc.                 [chg?     ] 4.01 2026-05-08  NT 10-K 2026-04-01  (37d apart)
    EXCLUDE WBSR     Webstar Technology Group Inc.      [chg?     ] 4.01 2026-06-22  NT 10-Q 2026-05-14  (39d apart)
    EXCLUDE CDTTW    CDT Equity Inc.                    [dismissed] 4.01 2026-06-29  NT 10-Q 2026-05-15  (45d apart)
    EXCLUDE FRPH     FRP HOLDINGS, INC.                 [dismissed] 4.01 2026-05-15  NT 10-K 2026-03-31  (45d apart)
    EXCLUDE RR       RICHTECH ROBOTICS INC.             [chg?     ] 4.01 2026-03-30  NT 10-Q 2026-05-15  (46d apart)
    EXCLUDE RCMT     RCM TECHNOLOGIES, INC.             [dismissed] 4.01 2026-05-04  NT 10-K 2026-03-18  (47d apart)
    EXCLUDE TRNR     Interactive Strength, Inc.         [dismissed] 4.01 2026-07-01  NT 10-Q 2026-05-15  (47d apart)
    EXCLUDE BCRD     BlueOne Technologies, Inc.         [dismissed] 4.01 2026-05-13  NT 10-K 2026-06-29  (47d apart)
    EXCLUDE PHGE     BiomX Inc.                         [dismissed] 4.01 2026-07-02  NT 10-Q 2026-05-15  (48d apart)
    EXCLUDE ABVC     ABVC BIOPHARMA, INC.               [dismissed] 4.01 2026-07-02  NT 10-Q 2026-05-15  (48d apart)
    EXCLUDE BKYI     BIO KEY INTERNATIONAL INC          [dismissed] 4.01 2026-07-09  NT 10-Q 2026-05-18  (52d apart)
    EXCLUDE GRMLW    Greenland Mines Ltd                [chg?     ] 4.01 2026-07-08  NT 10-Q 2026-05-15  (54d apart)
    EXCLUDE HNOI     HNO International, Inc.            [dismissed] 4.01 2026-04-16  NT 10-Q 2026-06-15  (60d apart)
    EXCLUDE CYCA     CYTTA CORP.                        [dismissed] 4.01 2026-06-01  NT 10-Q 2026-04-01  (61d apart)
    EXCLUDE KRMN     Karman Holdings Inc.               [chg?     ] 4.01 2026-06-11  NT 10-K 2026-04-01  (71d apart)
    EXCLUDE NUTR     NUSATRIP Inc                       [chg?     ] 4.01 2026-06-15  NT 10-K 2026-03-31  (76d apart)
    EXCLUDE BGFR     BestGofer Inc.                     [dismissed] 4.01 2026-07-09  NT 10-Q 2026-04-22  (78d apart)
    EXCLUDE OBTC     Osprey Bitcoin Trust               [dismissed] 4.01 2026-06-22  NT 10-K 2026-04-01  (82d apart)
    EXCLUDE MOBQ     Mobiquity Technologies, Inc.       [dismissed] 4.01 2026-06-24  NT 10-K 2026-03-31  (85d apart)
    EXCLUDE XTIA     XTI Aerospace, Inc.                [dismissed] 4.01 2026-06-26  NT 10-K 2026-03-31  (87d apart)
  DOCTRINE: this is an EXCLUSION / anti-portfolio list (do-not-own), NOT a buy list. Either signal alone
  over-fires; only the CONJUNCTION is surfaced. Resigned auditors rank first. READ-ONLY — never orders.
[-> AUDITOR_LATE_FILING.json]


===== 2026-07-14 11:30 (desk) =====
=== AUDITOR-CHANGE x LATE-FILING EXCLUSION SCANNER  2026-07-14  (lookback 120d, intersect window 90d) ===
  LEG 1  auditor changes (8-K Item 4.01):      210 CIKs
  LEG 2  late filings (NT 10-K / NT 10-Q):      607 CIKs
  --- the conjunction's SELECTIVITY (why either leg alone over-fires) ---
  auditor-only (NOT excluded):  156    late-only (NOT excluded):  553
  >>> INTERSECTED -> EXCLUDE (do-not-own anti-portfolio): 54
    EXCLUDE CFOO     China Foods Holdings Ltd.          [RESIGNED ] 4.01 2026-03-30  NT 10-K 2026-04-01  (2d apart)
    EXCLUDE GLAI     Global AI, Inc.                    [RESIGNED ] 4.01 2026-03-26  NT 10-K 2026-03-31  (5d apart)
    EXCLUDE (no-tkr) Gaucho Group Holdings, Inc.        [RESIGNED ] 4.01 2026-04-30  NT 10-Q 2026-05-15  (15d apart)
    EXCLUDE GWTI     GREENWAY TECHNOLOGIES, INC. & SUBS [RESIGNED ] 4.01 2026-04-17  NT 10-Q 2026-05-15  (28d apart)
    EXCLUDE GTLL     GLOBAL TECHNOLOGIES LTD            [RESIGNED ] 4.01 2026-06-16  NT 10-Q 2026-05-15  (32d apart)
    EXCLUDE QWTR     Quest Water Global, Inc.           [RESIGNED ] 4.01 2026-05-29  NT 10-K 2026-04-01  (58d apart)
    EXCLUDE BASA     BASANITE, INC.                     [RESIGNED ] 4.01 2026-06-05  NT 10-K 2026-03-31  (66d apart)
    EXCLUDE SOPAQ    SOCIETY PASS INCORPORATED.         [RESIGNED ] 4.01 2026-06-08  NT 10-K 2026-03-31  (69d apart)
    EXCLUDE FSI      FLEXIBLE SOLUTIONS INTERNATIONAL I [RESIGNED ] 4.01 2026-06-08  NT 10-K 2026-03-31  (69d apart)
    EXCLUDE PNXP     PINEAPPLE EXPRESS CANNABIS Co      [dismissed] 4.01 2026-05-05  NT 10-K 2026-05-05  (0d apart)
    EXCLUDE NBND     NetBrands Corp.                    [dismissed] 4.01 2026-04-01  NT 10-K 2026-03-31  (1d apart)
    EXCLUDE NIXXW    Nixxy, Inc.                        [dismissed] 4.01 2026-04-03  NT 10-K 2026-04-01  (2d apart)
    EXCLUDE CLEV     Concrete Leveling Systems Inc      [dismissed] 4.01 2026-06-12  NT 10-Q 2026-06-16  (4d apart)
    EXCLUDE (no-tkr) Dravica Corp                       [dismissed] 4.01 2026-06-11  NT 10-Q 2026-06-15  (4d apart)
    EXCLUDE EQS      EQUUS TOTAL RETURN, INC.           [chg?     ] 4.01 2026-05-12  NT 10-Q 2026-05-18  (6d apart)
    EXCLUDE (no-tkr) Arboretum Silverleaf Income Fund,  [chg?     ] 4.01 2026-04-07  NT 10-K 2026-03-31  (7d apart)
    EXCLUDE (no-tkr) Redwood Mortgage Investors IX      [chg?     ] 4.01 2026-05-07  NT 10-Q 2026-05-18  (11d apart)
    EXCLUDE WAST     WASTE ENERGY CORP.                 [chg?     ] 4.01 2026-05-27  NT 10-Q 2026-05-15  (12d apart)
    EXCLUDE BRUNW    Boost Run Inc.                     [dismissed] 4.01 2026-05-14  NT 10-Q 2026-05-26  (12d apart)
    EXCLUDE QMCI     QUOTEMEDIA INC                     [dismissed] 4.01 2026-04-14  NT 10-K 2026-03-31  (14d apart)
    EXCLUDE SONM     DNA X, Inc.                        [dismissed] 4.01 2026-04-30  NT 10-Q 2026-05-15  (15d apart)
    EXCLUDE MOVE     Corvex, Inc.                       [dismissed] 4.01 2026-04-28  NT 10-Q 2026-05-18  (20d apart)
    EXCLUDE HBIA     HILLS BANCORPORATION               [chg?     ] 4.01 2026-04-06  NT 10-K 2026-03-16  (21d apart)
    EXCLUDE ITP      IT TECH PACKAGING, INC.            [chg?     ] 4.01 2026-04-22  NT 10-Q 2026-05-13  (21d apart)
    EXCLUDE MNTR     Mentor Capital, Inc.               [dismissed] 4.01 2026-04-23  NT 10-K 2026-04-01  (22d apart)
    EXCLUDE (no-tkr) DeltaSoft Corp                     [chg?     ] 4.01 2026-06-08  NT 10-K 2026-06-30  (22d apart)
    EXCLUDE FGIWW    FGI Industries Ltd.                [dismissed] 4.01 2026-04-23  NT 10-K 2026-03-31  (23d apart)
    EXCLUDE IHT      INNSUITES HOSPITALITY TRUST        [dismissed] 4.01 2026-07-10  NT 10-Q 2026-06-16  (24d apart)
    EXCLUDE ALOY     REALLOYS INC.                      [dismissed] 4.01 2026-04-20  NT 10-Q 2026-05-15  (25d apart)
    EXCLUDE CSAI     CLOUDASTRUCTURE, INC.              [chg?     ] 4.01 2026-04-22  NT 10-Q 2026-05-18  (26d apart)
    EXCLUDE VERI     Veritone, Inc.                     [dismissed] 4.01 2026-04-28  NT 10-K 2026-04-01  (27d apart)
    EXCLUDE SNTL     Sentinel Holdings Ltd.             [dismissed] 4.01 2026-06-11  NT 10-Q 2026-05-14  (28d apart)
    EXCLUDE HGTXU    HUGOTON ROYALTY TRUST              [dismissed] 4.01 2026-04-17  NT 10-Q 2026-05-15  (28d apart)
    EXCLUDE (no-tkr) Hudson Acquisition I Corp.         [dismissed] 4.01 2026-04-10  NT 10-Q 2026-05-14  (34d apart)
    EXCLUDE BRLL     Barrel Energy Inc.                 [chg?     ] 4.01 2026-05-08  NT 10-K 2026-04-01  (37d apart)
    EXCLUDE WBSR     Webstar Technology Group Inc.      [chg?     ] 4.01 2026-06-22  NT 10-Q 2026-05-14  (39d apart)
    EXCLUDE CDTTW    CDT Equity Inc.                    [dismissed] 4.01 2026-06-29  NT 10-Q 2026-05-15  (45d apart)
    EXCLUDE FRPH     FRP HOLDINGS, INC.                 [dismissed] 4.01 2026-05-15  NT 10-K 2026-03-31  (45d apart)
    EXCLUDE RR       RICHTECH ROBOTICS INC.             [chg?     ] 4.01 2026-03-30  NT 10-Q 2026-05-15  (46d apart)
    EXCLUDE RCMT     RCM TECHNOLOGIES, INC.             [dismissed] 4.01 2026-05-04  NT 10-K 2026-03-18  (47d apart)
    EXCLUDE TRNR     Interactive Strength, Inc.         [dismissed] 4.01 2026-07-01  NT 10-Q 2026-05-15  (47d apart)
    EXCLUDE BCRD     BlueOne Technologies, Inc.         [dismissed] 4.01 2026-05-13  NT 10-K 2026-06-29  (47d apart)
    EXCLUDE PHGE     BiomX Inc.                         [dismissed] 4.01 2026-07-02  NT 10-Q 2026-05-15  (48d apart)
    EXCLUDE ABVC     ABVC BIOPHARMA, INC.               [dismissed] 4.01 2026-07-02  NT 10-Q 2026-05-15  (48d apart)
    EXCLUDE BKYI     BIO KEY INTERNATIONAL INC          [dismissed] 4.01 2026-07-09  NT 10-Q 2026-05-18  (52d apart)
    EXCLUDE GRMLW    Greenland Mines Ltd                [chg?     ] 4.01 2026-07-08  NT 10-Q 2026-05-15  (54d apart)
    EXCLUDE HNOI     HNO International, Inc.            [dismissed] 4.01 2026-04-16  NT 10-Q 2026-06-15  (60d apart)
    EXCLUDE CYCA     CYTTA CORP.                        [dismissed] 4.01 2026-06-01  NT 10-Q 2026-04-01  (61d apart)
    EXCLUDE KRMN     Karman Holdings Inc.               [chg?     ] 4.01 2026-06-11  NT 10-K 2026-04-01  (71d apart)
    EXCLUDE NUTR     NUSATRIP Inc                       [chg?     ] 4.01 2026-06-15  NT 10-K 2026-03-31  (76d apart)
    EXCLUDE BGFR     BestGofer Inc.                     [dismissed] 4.01 2026-07-09  NT 10-Q 2026-04-22  (78d apart)
    EXCLUDE OBTC     Osprey Bitcoin Trust               [dismissed] 4.01 2026-06-22  NT 10-K 2026-04-01  (82d apart)
    EXCLUDE MOBQ     Mobiquity Technologies, Inc.       [dismissed] 4.01 2026-06-24  NT 10-K 2026-03-31  (85d apart)
    EXCLUDE XTIA     XTI Aerospace, Inc.                [dismissed] 4.01 2026-06-26  NT 10-K 2026-03-31  (87d apart)
  DOCTRINE: this is an EXCLUSION / anti-portfolio list (do-not-own), NOT a buy list. Either signal alone
  over-fires; only the CONJUNCTION is surfaced. Resigned auditors rank first. READ-ONLY — never orders.
[-> AUDITOR_LATE_FILING.json]


===== 2026-07-15 11:31 (desk) =====
=== AUDITOR-CHANGE x LATE-FILING EXCLUSION SCANNER  2026-07-15  (lookback 120d, intersect window 90d) ===
  LEG 1  auditor changes (8-K Item 4.01):      210 CIKs
  LEG 2  late filings (NT 10-K / NT 10-Q):      599 CIKs
  --- the conjunction's SELECTIVITY (why either leg alone over-fires) ---
  auditor-only (NOT excluded):  156    late-only (NOT excluded):  545
  >>> INTERSECTED -> EXCLUDE (do-not-own anti-portfolio): 54
    EXCLUDE CFOO     China Foods Holdings Ltd.          [RESIGNED ] 4.01 2026-03-30  NT 10-K 2026-04-01  (2d apart)
    EXCLUDE GLAI     Global AI, Inc.                    [RESIGNED ] 4.01 2026-03-26  NT 10-K 2026-03-31  (5d apart)
    EXCLUDE (no-tkr) Gaucho Group Holdings, Inc.        [RESIGNED ] 4.01 2026-04-30  NT 10-Q 2026-05-15  (15d apart)
    EXCLUDE GWTI     GREENWAY TECHNOLOGIES, INC. & SUBS [RESIGNED ] 4.01 2026-04-17  NT 10-Q 2026-05-15  (28d apart)
    EXCLUDE GTLL     GLOBAL TECHNOLOGIES LTD            [RESIGNED ] 4.01 2026-06-16  NT 10-Q 2026-05-15  (32d apart)
    EXCLUDE QWTR     Quest Water Global, Inc.           [RESIGNED ] 4.01 2026-05-29  NT 10-K 2026-04-01  (58d apart)
    EXCLUDE FJET     Starfighters Space, Inc.           [RESIGNED ] 4.01 2026-07-14  NT 10-Q 2026-05-15  (60d apart)
    EXCLUDE BASA     BASANITE, INC.                     [RESIGNED ] 4.01 2026-06-05  NT 10-K 2026-03-31  (66d apart)
    EXCLUDE SOPAQ    SOCIETY PASS INCORPORATED.         [RESIGNED ] 4.01 2026-06-08  NT 10-K 2026-03-31  (69d apart)
    EXCLUDE FSI      FLEXIBLE SOLUTIONS INTERNATIONAL I [RESIGNED ] 4.01 2026-06-08  NT 10-K 2026-03-31  (69d apart)
    EXCLUDE PNXP     PINEAPPLE EXPRESS CANNABIS Co      [dismissed] 4.01 2026-05-05  NT 10-K 2026-05-05  (0d apart)
    EXCLUDE NBND     NetBrands Corp.                    [dismissed] 4.01 2026-04-01  NT 10-K 2026-03-31  (1d apart)
    EXCLUDE NIXX     Nixxy, Inc.                        [dismissed] 4.01 2026-04-03  NT 10-K 2026-04-01  (2d apart)
    EXCLUDE CLEV     Concrete Leveling Systems Inc      [dismissed] 4.01 2026-06-12  NT 10-Q 2026-06-16  (4d apart)
    EXCLUDE (no-tkr) Dravica Corp                       [dismissed] 4.01 2026-06-11  NT 10-Q 2026-06-15  (4d apart)
    EXCLUDE BGFR     BestGofer Inc.                     [dismissed] 4.01 2026-07-09  NT 10-Q 2026-07-14  (5d apart)
    EXCLUDE EQS      EQUUS TOTAL RETURN, INC.           [chg?     ] 4.01 2026-05-12  NT 10-Q 2026-05-18  (6d apart)
    EXCLUDE (no-tkr) Arboretum Silverleaf Income Fund,  [chg?     ] 4.01 2026-04-07  NT 10-K 2026-03-31  (7d apart)
    EXCLUDE RWDMU    Redwood Mortgage Investors IX      [chg?     ] 4.01 2026-05-07  NT 10-Q 2026-05-18  (11d apart)
    EXCLUDE WAST     WASTE ENERGY CORP.                 [chg?     ] 4.01 2026-05-27  NT 10-Q 2026-05-15  (12d apart)
    EXCLUDE BRUNW    Boost Run Inc.                     [dismissed] 4.01 2026-05-14  NT 10-Q 2026-05-26  (12d apart)
    EXCLUDE QMCI     QUOTEMEDIA INC                     [dismissed] 4.01 2026-04-14  NT 10-K 2026-03-31  (14d apart)
    EXCLUDE SONM     DNA X, Inc.                        [dismissed] 4.01 2026-04-30  NT 10-Q 2026-05-15  (15d apart)
    EXCLUDE MOVE     Corvex, Inc.                       [dismissed] 4.01 2026-04-28  NT 10-Q 2026-05-18  (20d apart)
    EXCLUDE ITP      IT TECH PACKAGING, INC.            [chg?     ] 4.01 2026-04-22  NT 10-Q 2026-05-13  (21d apart)
    EXCLUDE MNTR     Mentor Capital, Inc.               [dismissed] 4.01 2026-04-23  NT 10-K 2026-04-01  (22d apart)
    EXCLUDE (no-tkr) DeltaSoft Corp                     [chg?     ] 4.01 2026-06-08  NT 10-K 2026-06-30  (22d apart)
    EXCLUDE FGIWW    FGI Industries Ltd.                [dismissed] 4.01 2026-04-23  NT 10-K 2026-03-31  (23d apart)
    EXCLUDE IHT      INNSUITES HOSPITALITY TRUST        [dismissed] 4.01 2026-07-10  NT 10-Q 2026-06-16  (24d apart)
    EXCLUDE ALOY     REALLOYS INC.                      [dismissed] 4.01 2026-04-20  NT 10-Q 2026-05-15  (25d apart)
    EXCLUDE CSAI     CLOUDASTRUCTURE, INC.              [chg?     ] 4.01 2026-04-22  NT 10-Q 2026-05-18  (26d apart)
    EXCLUDE VERI     Veritone, Inc.                     [dismissed] 4.01 2026-04-28  NT 10-K 2026-04-01  (27d apart)
    EXCLUDE SNTL     Sentinel Holdings Ltd.             [dismissed] 4.01 2026-06-11  NT 10-Q 2026-05-14  (28d apart)
    EXCLUDE HGTXU    HUGOTON ROYALTY TRUST              [dismissed] 4.01 2026-04-17  NT 10-Q 2026-05-15  (28d apart)
    EXCLUDE (no-tkr) Hudson Acquisition I Corp.         [dismissed] 4.01 2026-04-10  NT 10-Q 2026-05-14  (34d apart)
    EXCLUDE BRLL     Barrel Energy Inc.                 [chg?     ] 4.01 2026-05-08  NT 10-K 2026-04-01  (37d apart)
    EXCLUDE WBSR     Webstar Technology Group Inc.      [chg?     ] 4.01 2026-06-22  NT 10-Q 2026-05-14  (39d apart)
    EXCLUDE CDTTW    CDT Equity Inc.                    [dismissed] 4.01 2026-06-29  NT 10-Q 2026-05-15  (45d apart)
    EXCLUDE FRPH     FRP HOLDINGS, INC.                 [dismissed] 4.01 2026-05-15  NT 10-K 2026-03-31  (45d apart)
    EXCLUDE RR       RICHTECH ROBOTICS INC.             [chg?     ] 4.01 2026-03-30  NT 10-Q 2026-05-15  (46d apart)
    EXCLUDE RCMT     RCM TECHNOLOGIES, INC.             [dismissed] 4.01 2026-05-04  NT 10-K 2026-03-18  (47d apart)
    EXCLUDE TRNR     Interactive Strength, Inc.         [dismissed] 4.01 2026-07-01  NT 10-Q 2026-05-15  (47d apart)
    EXCLUDE BCRD     BlueOne Technologies, Inc.         [dismissed] 4.01 2026-05-13  NT 10-K 2026-06-29  (47d apart)
    EXCLUDE PHGE     BiomX Inc.                         [dismissed] 4.01 2026-07-02  NT 10-Q 2026-05-15  (48d apart)
    EXCLUDE ABVC     ABVC BIOPHARMA, INC.               [dismissed] 4.01 2026-07-02  NT 10-Q 2026-05-15  (48d apart)
    EXCLUDE BKYI     BIO KEY INTERNATIONAL INC          [dismissed] 4.01 2026-07-09  NT 10-Q 2026-05-18  (52d apart)
    EXCLUDE GRMLW    Greenland Mines Ltd                [chg?     ] 4.01 2026-07-08  NT 10-Q 2026-05-15  (54d apart)
    EXCLUDE HNOI     HNO International, Inc.            [dismissed] 4.01 2026-04-16  NT 10-Q 2026-06-15  (60d apart)
    EXCLUDE CYCA     CYTTA CORP.                        [dismissed] 4.01 2026-06-01  NT 10-Q 2026-04-01  (61d apart)
    EXCLUDE KRMN     Karman Holdings Inc.               [chg?     ] 4.01 2026-06-11  NT 10-K 2026-04-01  (71d apart)
    EXCLUDE NUTR     NUSATRIP Inc                       [chg?     ] 4.01 2026-06-15  NT 10-K 2026-03-31  (76d apart)
    EXCLUDE OBTC     Osprey Bitcoin Trust               [dismissed] 4.01 2026-06-22  NT 10-K 2026-04-01  (82d apart)
    EXCLUDE MOBQW    Mobiquity Technologies, Inc.       [dismissed] 4.01 2026-06-24  NT 10-K 2026-03-31  (85d apart)
    EXCLUDE XTIA     XTI Aerospace, Inc.                [dismissed] 4.01 2026-06-26  NT 10-K 2026-03-31  (87d apart)
  DOCTRINE: this is an EXCLUSION / anti-portfolio list (do-not-own), NOT a buy list. Either signal alone
  over-fires; only the CONJUNCTION is surfaced. Resigned auditors rank first. READ-ONLY — never orders.
[-> AUDITOR_LATE_FILING.json]


===== 2026-07-16 12:30 (desk) =====
=== AUDITOR-CHANGE x LATE-FILING EXCLUSION SCANNER  2026-07-16  (lookback 120d, intersect window 90d) ===
  LEG 1  auditor changes (8-K Item 4.01):      208 CIKs
  LEG 2  late filings (NT 10-K / NT 10-Q):      587 CIKs
  --- the conjunction's SELECTIVITY (why either leg alone over-fires) ---
  auditor-only (NOT excluded):  152    late-only (NOT excluded):  531
  >>> INTERSECTED -> EXCLUDE (do-not-own anti-portfolio): 56
    EXCLUDE CFOO     China Foods Holdings Ltd.          [RESIGNED ] 4.01 2026-03-30  NT 10-K 2026-04-01  (2d apart)
    EXCLUDE GLAI     Global AI, Inc.                    [RESIGNED ] 4.01 2026-03-26  NT 10-K 2026-03-31  (5d apart)
    EXCLUDE (no-tkr) Gaucho Group Holdings, Inc.        [RESIGNED ] 4.01 2026-04-30  NT 10-Q 2026-05-15  (15d apart)
    EXCLUDE GWTI     GREENWAY TECHNOLOGIES, INC. & SUBS [RESIGNED ] 4.01 2026-04-17  NT 10-Q 2026-05-15  (28d apart)
    EXCLUDE GTLL     GLOBAL TECHNOLOGIES LTD            [RESIGNED ] 4.01 2026-06-16  NT 10-Q 2026-05-15  (32d apart)
    EXCLUDE PAPL     Pineapple Financial Inc.           [RESIGNED ] 4.01 2026-06-03  NT 10-Q 2026-07-15  (42d apart)
    EXCLUDE QWTR     Quest Water Global, Inc.           [RESIGNED ] 4.01 2026-05-29  NT 10-K 2026-04-01  (58d apart)
    EXCLUDE FJET     Starfighters Space, Inc.           [RESIGNED ] 4.01 2026-07-14  NT 10-Q 2026-05-15  (60d apart)
    EXCLUDE RTGN     RetinalGenix Technologies Inc.     [RESIGNED ] 4.01 2026-07-15  NT 10-Q 2026-05-15  (61d apart)
    EXCLUDE BASA     BASANITE, INC.                     [RESIGNED ] 4.01 2026-06-05  NT 10-K 2026-03-31  (66d apart)
    EXCLUDE SOPAQ    SOCIETY PASS INCORPORATED.         [RESIGNED ] 4.01 2026-06-08  NT 10-K 2026-03-31  (69d apart)
    EXCLUDE FSI      FLEXIBLE SOLUTIONS INTERNATIONAL I [RESIGNED ] 4.01 2026-06-08  NT 10-K 2026-03-31  (69d apart)
    EXCLUDE PNXP     PINEAPPLE EXPRESS CANNABIS Co      [dismissed] 4.01 2026-05-05  NT 10-K 2026-05-05  (0d apart)
    EXCLUDE NBND     NetBrands Corp.                    [dismissed] 4.01 2026-04-01  NT 10-K 2026-03-31  (1d apart)
    EXCLUDE NIXX     Nixxy, Inc.                        [dismissed] 4.01 2026-04-03  NT 10-K 2026-04-01  (2d apart)
    EXCLUDE CLEV     Concrete Leveling Systems Inc      [dismissed] 4.01 2026-06-12  NT 10-Q 2026-06-16  (4d apart)
    EXCLUDE (no-tkr) Dravica Corp                       [dismissed] 4.01 2026-06-11  NT 10-Q 2026-06-15  (4d apart)
    EXCLUDE BGFR     BestGofer Inc.                     [dismissed] 4.01 2026-07-09  NT 10-Q 2026-07-14  (5d apart)
    EXCLUDE EQS      EQUUS TOTAL RETURN, INC.           [chg?     ] 4.01 2026-05-12  NT 10-Q 2026-05-18  (6d apart)
    EXCLUDE (no-tkr) Arboretum Silverleaf Income Fund,  [chg?     ] 4.01 2026-04-07  NT 10-K 2026-03-31  (7d apart)
    EXCLUDE RWDMU    Redwood Mortgage Investors IX      [chg?     ] 4.01 2026-05-07  NT 10-Q 2026-05-18  (11d apart)
    EXCLUDE WAST     WASTE ENERGY CORP.                 [chg?     ] 4.01 2026-05-27  NT 10-Q 2026-05-15  (12d apart)
    EXCLUDE BRUNW    Boost Run Inc.                     [dismissed] 4.01 2026-05-14  NT 10-Q 2026-05-26  (12d apart)
    EXCLUDE QMCI     QUOTEMEDIA INC                     [dismissed] 4.01 2026-04-14  NT 10-K 2026-03-31  (14d apart)
    EXCLUDE SONM     DNA X, Inc.                        [dismissed] 4.01 2026-04-30  NT 10-Q 2026-05-15  (15d apart)
    EXCLUDE MOVE     Corvex, Inc.                       [dismissed] 4.01 2026-04-28  NT 10-Q 2026-05-18  (20d apart)
    EXCLUDE ITP      IT TECH PACKAGING, INC.            [chg?     ] 4.01 2026-04-22  NT 10-Q 2026-05-13  (21d apart)
    EXCLUDE MNTR     Mentor Capital, Inc.               [dismissed] 4.01 2026-04-23  NT 10-K 2026-04-01  (22d apart)
    EXCLUDE (no-tkr) DeltaSoft Corp                     [chg?     ] 4.01 2026-06-08  NT 10-K 2026-06-30  (22d apart)
    EXCLUDE FGIWW    FGI Industries Ltd.                [dismissed] 4.01 2026-04-23  NT 10-K 2026-03-31  (23d apart)
    EXCLUDE IHT      INNSUITES HOSPITALITY TRUST        [dismissed] 4.01 2026-07-10  NT 10-Q 2026-06-16  (24d apart)
    EXCLUDE ALOY     REALLOYS INC.                      [dismissed] 4.01 2026-04-20  NT 10-Q 2026-05-15  (25d apart)
    EXCLUDE CSAI     CLOUDASTRUCTURE, INC.              [chg?     ] 4.01 2026-04-22  NT 10-Q 2026-05-18  (26d apart)
    EXCLUDE VERI     Veritone, Inc.                     [dismissed] 4.01 2026-04-28  NT 10-K 2026-04-01  (27d apart)
    EXCLUDE SNTL     Sentinel Holdings Ltd.             [dismissed] 4.01 2026-06-11  NT 10-Q 2026-05-14  (28d apart)
    EXCLUDE HGTXU    HUGOTON ROYALTY TRUST              [dismissed] 4.01 2026-04-17  NT 10-Q 2026-05-15  (28d apart)
    EXCLUDE (no-tkr) Hudson Acquisition I Corp.         [dismissed] 4.01 2026-04-10  NT 10-Q 2026-05-14  (34d apart)
    EXCLUDE BRLL     Barrel Energy Inc.                 [chg?     ] 4.01 2026-05-08  NT 10-K 2026-04-01  (37d apart)
    EXCLUDE WBSR     Webstar Technology Group Inc.      [chg?     ] 4.01 2026-06-22  NT 10-Q 2026-05-14  (39d apart)
    EXCLUDE CDTTW    CDT Equity Inc.                    [dismissed] 4.01 2026-06-29  NT 10-Q 2026-05-15  (45d apart)
    EXCLUDE FRPH     FRP HOLDINGS, INC.                 [dismissed] 4.01 2026-05-15  NT 10-K 2026-03-31  (45d apart)
    EXCLUDE RR       RICHTECH ROBOTICS INC.             [chg?     ] 4.01 2026-03-30  NT 10-Q 2026-05-15  (46d apart)
    EXCLUDE RCMT     RCM TECHNOLOGIES, INC.             [dismissed] 4.01 2026-05-04  NT 10-K 2026-03-18  (47d apart)
    EXCLUDE TRNR     Interactive Strength, Inc.         [dismissed] 4.01 2026-07-01  NT 10-Q 2026-05-15  (47d apart)
    EXCLUDE BCRD     BlueOne Technologies, Inc.         [dismissed] 4.01 2026-05-13  NT 10-K 2026-06-29  (47d apart)
    EXCLUDE PHGE     BiomX Inc.                         [dismissed] 4.01 2026-07-02  NT 10-Q 2026-05-15  (48d apart)
    EXCLUDE ABVC     ABVC BIOPHARMA, INC.               [dismissed] 4.01 2026-07-02  NT 10-Q 2026-05-15  (48d apart)
    EXCLUDE BKYI     BIO KEY INTERNATIONAL INC          [dismissed] 4.01 2026-07-09  NT 10-Q 2026-05-18  (52d apart)
    EXCLUDE GRMLW    Greenland Mines Ltd                [chg?     ] 4.01 2026-07-08  NT 10-Q 2026-05-15  (54d apart)
    EXCLUDE HNOI     HNO International, Inc.            [dismissed] 4.01 2026-04-16  NT 10-Q 2026-06-15  (60d apart)
    EXCLUDE CYCA     CYTTA CORP.                        [dismissed] 4.01 2026-06-01  NT 10-Q 2026-04-01  (61d apart)
    EXCLUDE KRMN     Karman Holdings Inc.               [chg?     ] 4.01 2026-06-11  NT 10-K 2026-04-01  (71d apart)
    EXCLUDE NUTR     NUSATRIP Inc                       [chg?     ] 4.01 2026-06-15  NT 10-K 2026-03-31  (76d apart)
    EXCLUDE OBTC     Osprey Bitcoin Trust               [dismissed] 4.01 2026-06-22  NT 10-K 2026-04-01  (82d apart)
    EXCLUDE MOBQW    Mobiquity Technologies, Inc.       [dismissed] 4.01 2026-06-24  NT 10-K 2026-03-31  (85d apart)
    EXCLUDE XTIA     XTI Aerospace, Inc.                [dismissed] 4.01 2026-06-26  NT 10-K 2026-03-31  (87d apart)
  DOCTRINE: this is an EXCLUSION / anti-portfolio list (do-not-own), NOT a buy list. Either signal alone
  over-fires; only the CONJUNCTION is surfaced. Resigned auditors rank first. READ-ONLY — never orders.
[-> AUDITOR_LATE_FILING.json]


===== 2026-07-17 21:39 (desk) =====
=== AUDITOR-CHANGE x LATE-FILING EXCLUSION SCANNER  2026-07-17  (lookback 120d, intersect window 90d) ===
  LEG 1  auditor changes (8-K Item 4.01):      205 CIKs
  LEG 2  late filings (NT 10-K / NT 10-Q):      585 CIKs
  --- the conjunction's SELECTIVITY (why either leg alone over-fires) ---
  auditor-only (NOT excluded):  148    late-only (NOT excluded):  528
  >>> INTERSECTED -> EXCLUDE (do-not-own anti-portfolio): 57
    EXCLUDE CFOO     China Foods Holdings Ltd.          [RESIGNED ] 4.01 2026-03-30  NT 10-K 2026-04-01  (2d apart)
    EXCLUDE GLAI     Global AI, Inc.                    [RESIGNED ] 4.01 2026-03-26  NT 10-K 2026-03-31  (5d apart)
    EXCLUDE (no-tkr) Gaucho Group Holdings, Inc.        [RESIGNED ] 4.01 2026-04-30  NT 10-Q 2026-05-15  (15d apart)
    EXCLUDE GWTI     GREENWAY TECHNOLOGIES, INC. & SUBS [RESIGNED ] 4.01 2026-04-17  NT 10-Q 2026-05-15  (28d apart)
    EXCLUDE GTLL     GLOBAL TECHNOLOGIES LTD            [RESIGNED ] 4.01 2026-06-16  NT 10-Q 2026-05-15  (32d apart)
    EXCLUDE PAPL     Pineapple Financial Inc.           [RESIGNED ] 4.01 2026-06-03  NT 10-Q 2026-07-15  (42d apart)
    EXCLUDE QWTR     Quest Water Global, Inc.           [RESIGNED ] 4.01 2026-05-29  NT 10-K 2026-04-01  (58d apart)
    EXCLUDE FJET     Starfighters Space, Inc.           [RESIGNED ] 4.01 2026-07-14  NT 10-Q 2026-05-15  (60d apart)
    EXCLUDE RTGN     RetinalGenix Technologies Inc.     [RESIGNED ] 4.01 2026-07-15  NT 10-Q 2026-05-15  (61d apart)
    EXCLUDE BASA     BASANITE, INC.                     [RESIGNED ] 4.01 2026-06-05  NT 10-K 2026-03-31  (66d apart)
    EXCLUDE SOPAQ    SOCIETY PASS INCORPORATED.         [RESIGNED ] 4.01 2026-06-08  NT 10-K 2026-03-31  (69d apart)
    EXCLUDE FSI      FLEXIBLE SOLUTIONS INTERNATIONAL I [RESIGNED ] 4.01 2026-06-08  NT 10-K 2026-03-31  (69d apart)
    EXCLUDE PNXP     PINEAPPLE EXPRESS CANNABIS Co      [dismissed] 4.01 2026-05-05  NT 10-K 2026-05-05  (0d apart)
    EXCLUDE NBND     NetBrands Corp.                    [dismissed] 4.01 2026-04-01  NT 10-K 2026-03-31  (1d apart)
    EXCLUDE NIXX     Nixxy, Inc.                        [dismissed] 4.01 2026-04-03  NT 10-K 2026-04-01  (2d apart)
    EXCLUDE CLEV     Concrete Leveling Systems Inc      [dismissed] 4.01 2026-06-12  NT 10-Q 2026-06-16  (4d apart)
    EXCLUDE (no-tkr) Dravica Corp                       [dismissed] 4.01 2026-06-11  NT 10-Q 2026-06-15  (4d apart)
    EXCLUDE BGFR     BestGofer Inc.                     [dismissed] 4.01 2026-07-09  NT 10-Q 2026-07-14  (5d apart)
    EXCLUDE EQS      EQUUS TOTAL RETURN, INC.           [chg?     ] 4.01 2026-05-12  NT 10-Q 2026-05-18  (6d apart)
    EXCLUDE (no-tkr) Arboretum Silverleaf Income Fund,  [chg?     ] 4.01 2026-04-07  NT 10-K 2026-03-31  (7d apart)
    EXCLUDE RWDMU    Redwood Mortgage Investors IX      [chg?     ] 4.01 2026-05-07  NT 10-Q 2026-05-18  (11d apart)
    EXCLUDE WAST     WASTE ENERGY CORP.                 [chg?     ] 4.01 2026-05-27  NT 10-Q 2026-05-15  (12d apart)
    EXCLUDE BRUNW    Boost Run Inc.                     [dismissed] 4.01 2026-05-14  NT 10-Q 2026-05-26  (12d apart)
    EXCLUDE QMCI     QUOTEMEDIA INC                     [dismissed] 4.01 2026-04-14  NT 10-K 2026-03-31  (14d apart)
    EXCLUDE SONM     DNA X, Inc.                        [dismissed] 4.01 2026-04-30  NT 10-Q 2026-05-15  (15d apart)
    EXCLUDE MOVE     Corvex, Inc.                       [dismissed] 4.01 2026-04-28  NT 10-Q 2026-05-18  (20d apart)
    EXCLUDE ITP      IT TECH PACKAGING, INC.            [chg?     ] 4.01 2026-04-22  NT 10-Q 2026-05-13  (21d apart)
    EXCLUDE MNTR     Mentor Capital, Inc.               [dismissed] 4.01 2026-04-23  NT 10-K 2026-04-01  (22d apart)
    EXCLUDE (no-tkr) DeltaSoft Corp                     [chg?     ] 4.01 2026-06-08  NT 10-K 2026-06-30  (22d apart)
    EXCLUDE FGIWW    FGI Industries Ltd.                [dismissed] 4.01 2026-04-23  NT 10-K 2026-03-31  (23d apart)
    EXCLUDE IHT      INNSUITES HOSPITALITY TRUST        [dismissed] 4.01 2026-07-10  NT 10-Q 2026-06-16  (24d apart)
    EXCLUDE ALOY     REALLOYS INC.                      [dismissed] 4.01 2026-04-20  NT 10-Q 2026-05-15  (25d apart)
    EXCLUDE CSAI     CLOUDASTRUCTURE, INC.              [chg?     ] 4.01 2026-04-22  NT 10-Q 2026-05-18  (26d apart)
    EXCLUDE VERI     Veritone, Inc.                     [dismissed] 4.01 2026-04-28  NT 10-K 2026-04-01  (27d apart)
    EXCLUDE SNTL     Sentinel Holdings Ltd.             [dismissed] 4.01 2026-06-11  NT 10-Q 2026-05-14  (28d apart)
    EXCLUDE HGTXU    HUGOTON ROYALTY TRUST              [dismissed] 4.01 2026-04-17  NT 10-Q 2026-05-15  (28d apart)
    EXCLUDE (no-tkr) Hudson Acquisition I Corp.         [dismissed] 4.01 2026-04-10  NT 10-Q 2026-05-14  (34d apart)
    EXCLUDE BRLL     Barrel Energy Inc.                 [chg?     ] 4.01 2026-05-08  NT 10-K 2026-04-01  (37d apart)
    EXCLUDE WBSR     Webstar Technology Group Inc.      [chg?     ] 4.01 2026-06-22  NT 10-Q 2026-05-14  (39d apart)
    EXCLUDE CDTTW    CDT Equity Inc.                    [dismissed] 4.01 2026-06-29  NT 10-Q 2026-05-15  (45d apart)
    EXCLUDE FRPH     FRP HOLDINGS, INC.                 [dismissed] 4.01 2026-05-15  NT 10-K 2026-03-31  (45d apart)
    EXCLUDE RR       RICHTECH ROBOTICS INC.             [chg?     ] 4.01 2026-03-30  NT 10-Q 2026-05-15  (46d apart)
    EXCLUDE TRNR     Interactive Strength, Inc.         [dismissed] 4.01 2026-07-01  NT 10-Q 2026-05-15  (47d apart)
    EXCLUDE BCRD     BlueOne Technologies, Inc.         [dismissed] 4.01 2026-05-13  NT 10-K 2026-06-29  (47d apart)
    EXCLUDE PHGE     BiomX Inc.                         [dismissed] 4.01 2026-07-02  NT 10-Q 2026-05-15  (48d apart)
    EXCLUDE ABVC     ABVC BIOPHARMA, INC.               [dismissed] 4.01 2026-07-02  NT 10-Q 2026-05-15  (48d apart)
    EXCLUDE BKYI     BIO KEY INTERNATIONAL INC          [dismissed] 4.01 2026-07-09  NT 10-Q 2026-05-18  (52d apart)
    EXCLUDE GRMLW    Greenland Mines Ltd                [chg?     ] 4.01 2026-07-08  NT 10-Q 2026-05-15  (54d apart)
    EXCLUDE HNOI     HNO International, Inc.            [dismissed] 4.01 2026-04-16  NT 10-Q 2026-06-15  (60d apart)
    EXCLUDE PMHS     Polomar Health Services, Inc.      [dismissed] 4.01 2026-07-17  NT 10-Q 2026-05-18  (60d apart)
    EXCLUDE CYCA     CYTTA CORP.                        [dismissed] 4.01 2026-06-01  NT 10-Q 2026-04-01  (61d apart)
    EXCLUDE CETY     Clean Energy Technologies, Inc.    [dismissed] 4.01 2026-07-16  NT 10-Q 2026-05-15  (62d apart)
    EXCLUDE KRMN     Karman Holdings Inc.               [chg?     ] 4.01 2026-06-11  NT 10-K 2026-04-01  (71d apart)
    EXCLUDE NUTR     NUSATRIP Inc                       [chg?     ] 4.01 2026-06-15  NT 10-K 2026-03-31  (76d apart)
    EXCLUDE OBTC     Osprey Bitcoin Trust               [dismissed] 4.01 2026-06-22  NT 10-K 2026-04-01  (82d apart)
    EXCLUDE MOBQW    Mobiquity Technologies, Inc.       [dismissed] 4.01 2026-06-24  NT 10-K 2026-03-31  (85d apart)
    EXCLUDE XTIA     XTI Aerospace, Inc.                [dismissed] 4.01 2026-06-26  NT 10-K 2026-03-31  (87d apart)
  DOCTRINE: this is an EXCLUSION / anti-portfolio list (do-not-own), NOT a buy list. Either signal alone
  over-fires; only the CONJUNCTION is surfaced. Resigned auditors rank first. READ-ONLY — never orders.
[-> AUDITOR_LATE_FILING.json]


===== 2026-07-20 10:52 (desk) =====
=== AUDITOR-CHANGE x LATE-FILING EXCLUSION SCANNER  2026-07-20  (lookback 120d, intersect window 90d) ===
  LEG 1  auditor changes (8-K Item 4.01):        0 CIKs
  LEG 2  late filings (NT 10-K / NT 10-Q):        0 CIKs
  --- the conjunction's SELECTIVITY (why either leg alone over-fires) ---
  auditor-only (NOT excluded):    0    late-only (NOT excluded):    0
  >>> INTERSECTED -> EXCLUDE (do-not-own anti-portfolio): 0
    (no name carries BOTH legs in this window — the honest null; the precision gate is working, not a failure)
  DOCTRINE: this is an EXCLUSION / anti-portfolio list (do-not-own), NOT a buy list. Either signal alone
  over-fires; only the CONJUNCTION is surfaced. Resigned auditors rank first. READ-ONLY — never orders.
[-> AUDITOR_LATE_FILING.json]


===== 2026-07-21 11:37 (desk) =====
=== AUDITOR-CHANGE x LATE-FILING EXCLUSION SCANNER  2026-07-21  (lookback 120d, intersect window 90d) ===
  LEG 1  auditor changes (8-K Item 4.01):      200 CIKs
  LEG 2  late filings (NT 10-K / NT 10-Q):      584 CIKs
  --- the conjunction's SELECTIVITY (why either leg alone over-fires) ---
  auditor-only (NOT excluded):  141    late-only (NOT excluded):  525
  >>> INTERSECTED -> EXCLUDE (do-not-own anti-portfolio): 58
    EXCLUDE CFOO     China Foods Holdings Ltd.          [RESIGNED ] 4.01 2026-03-30  NT 10-K 2026-04-01  (2d apart)
    EXCLUDE GLAI     Global AI, Inc.                    [RESIGNED ] 4.01 2026-03-26  NT 10-K 2026-03-31  (5d apart)
    EXCLUDE (no-tkr) Gaucho Group Holdings, Inc.        [RESIGNED ] 4.01 2026-04-30  NT 10-Q 2026-05-15  (15d apart)
    EXCLUDE GWTI     GREENWAY TECHNOLOGIES, INC. & SUBS [RESIGNED ] 4.01 2026-04-17  NT 10-Q 2026-05-15  (28d apart)
    EXCLUDE GTLL     GLOBAL TECHNOLOGIES LTD            [RESIGNED ] 4.01 2026-06-16  NT 10-Q 2026-05-15  (32d apart)
    EXCLUDE PAPL     Pineapple Financial Inc.           [RESIGNED ] 4.01 2026-06-03  NT 10-Q 2026-07-15  (42d apart)
    EXCLUDE QWTR     Quest Water Global, Inc.           [RESIGNED ] 4.01 2026-05-29  NT 10-K 2026-04-01  (58d apart)
    EXCLUDE FJET     Starfighters Space, Inc.           [RESIGNED ] 4.01 2026-07-14  NT 10-Q 2026-05-15  (60d apart)
    EXCLUDE RTGN     RetinalGenix Technologies Inc.     [RESIGNED ] 4.01 2026-07-15  NT 10-Q 2026-05-15  (61d apart)
    EXCLUDE BASA     BASANITE, INC.                     [RESIGNED ] 4.01 2026-06-05  NT 10-K 2026-03-31  (66d apart)
    EXCLUDE SOPAQ    SOCIETY PASS INCORPORATED.         [RESIGNED ] 4.01 2026-06-08  NT 10-K 2026-03-31  (69d apart)
    EXCLUDE FSI      FLEXIBLE SOLUTIONS INTERNATIONAL I [RESIGNED ] 4.01 2026-06-08  NT 10-K 2026-03-31  (69d apart)
    EXCLUDE PNXP     PINEAPPLE EXPRESS CANNABIS Co      [dismissed] 4.01 2026-05-05  NT 10-K 2026-05-05  (0d apart)
    EXCLUDE NBND     NetBrands Corp.                    [dismissed] 4.01 2026-04-01  NT 10-K 2026-03-31  (1d apart)
    EXCLUDE NIXX     Nixxy, Inc.                        [dismissed] 4.01 2026-04-03  NT 10-K 2026-04-01  (2d apart)
    EXCLUDE CLEV     Concrete Leveling Systems Inc      [dismissed] 4.01 2026-06-12  NT 10-Q 2026-06-16  (4d apart)
    EXCLUDE (no-tkr) Dravica Corp                       [dismissed] 4.01 2026-06-11  NT 10-Q 2026-06-15  (4d apart)
    EXCLUDE BGFR     BestGofer Inc.                     [dismissed] 4.01 2026-07-09  NT 10-Q 2026-07-14  (5d apart)
    EXCLUDE EQS      EQUUS TOTAL RETURN, INC.           [chg?     ] 4.01 2026-05-12  NT 10-Q 2026-05-18  (6d apart)
    EXCLUDE (no-tkr) Arboretum Silverleaf Income Fund,  [chg?     ] 4.01 2026-04-07  NT 10-K 2026-03-31  (7d apart)
    EXCLUDE RWDMU    Redwood Mortgage Investors IX      [chg?     ] 4.01 2026-05-07  NT 10-Q 2026-05-18  (11d apart)
    EXCLUDE WAST     WASTE ENERGY CORP.                 [chg?     ] 4.01 2026-05-27  NT 10-Q 2026-05-15  (12d apart)
    EXCLUDE BRUNW    Boost Run Inc.                     [dismissed] 4.01 2026-05-14  NT 10-Q 2026-05-26  (12d apart)
    EXCLUDE QMCI     QUOTEMEDIA INC                     [dismissed] 4.01 2026-04-14  NT 10-K 2026-03-31  (14d apart)
    EXCLUDE SONM     DNA X, Inc.                        [dismissed] 4.01 2026-04-30  NT 10-Q 2026-05-15  (15d apart)
    EXCLUDE MOVE     Corvex, Inc.                       [dismissed] 4.01 2026-04-28  NT 10-Q 2026-05-18  (20d apart)
    EXCLUDE ITP      IT TECH PACKAGING, INC.            [chg?     ] 4.01 2026-04-22  NT 10-Q 2026-05-13  (21d apart)
    EXCLUDE MNTR     Mentor Capital, Inc.               [dismissed] 4.01 2026-04-23  NT 10-K 2026-04-01  (22d apart)
    EXCLUDE (no-tkr) DeltaSoft Corp                     [chg?     ] 4.01 2026-06-08  NT 10-K 2026-06-30  (22d apart)
    EXCLUDE FGIWW    FGI Industries Ltd.                [dismissed] 4.01 2026-04-23  NT 10-K 2026-03-31  (23d apart)
    EXCLUDE IHT      INNSUITES HOSPITALITY TRUST        [dismissed] 4.01 2026-07-10  NT 10-Q 2026-06-16  (24d apart)
    EXCLUDE ALOY     REALLOYS INC.                      [dismissed] 4.01 2026-04-20  NT 10-Q 2026-05-15  (25d apart)
    EXCLUDE CSAI     CLOUDASTRUCTURE, INC.              [chg?     ] 4.01 2026-04-22  NT 10-Q 2026-05-18  (26d apart)
    EXCLUDE VERI     Veritone, Inc.                     [dismissed] 4.01 2026-04-28  NT 10-K 2026-04-01  (27d apart)
    EXCLUDE SNTL     Sentinel Holdings Ltd.             [dismissed] 4.01 2026-06-11  NT 10-Q 2026-05-14  (28d apart)
    EXCLUDE HGTXU    HUGOTON ROYALTY TRUST              [dismissed] 4.01 2026-04-17  NT 10-Q 2026-05-15  (28d apart)
    EXCLUDE (no-tkr) Hudson Acquisition I Corp.         [dismissed] 4.01 2026-04-10  NT 10-Q 2026-05-14  (34d apart)
    EXCLUDE BRLL     Barrel Energy Inc.                 [chg?     ] 4.01 2026-05-08  NT 10-K 2026-04-01  (37d apart)
    EXCLUDE WBSR     Webstar Technology Group Inc.      [chg?     ] 4.01 2026-06-22  NT 10-Q 2026-05-14  (39d apart)
    EXCLUDE CDTTW    CDT Equity Inc.                    [dismissed] 4.01 2026-06-29  NT 10-Q 2026-05-15  (45d apart)
    EXCLUDE FRPH     FRP HOLDINGS, INC.                 [dismissed] 4.01 2026-05-15  NT 10-K 2026-03-31  (45d apart)
    EXCLUDE RR       RICHTECH ROBOTICS INC.             [chg?     ] 4.01 2026-03-30  NT 10-Q 2026-05-15  (46d apart)
    EXCLUDE TRNR     Interactive Strength, Inc.         [dismissed] 4.01 2026-07-01  NT 10-Q 2026-05-15  (47d apart)
    EXCLUDE BCRD     BlueOne Technologies, Inc.         [dismissed] 4.01 2026-05-13  NT 10-K 2026-06-29  (47d apart)
    EXCLUDE PHGE     BiomX Inc.                         [dismissed] 4.01 2026-07-02  NT 10-Q 2026-05-15  (48d apart)
    EXCLUDE ABVC     ABVC BIOPHARMA, INC.               [dismissed] 4.01 2026-07-02  NT 10-Q 2026-05-15  (48d apart)
    EXCLUDE BKYI     BIO KEY INTERNATIONAL INC          [dismissed] 4.01 2026-07-09  NT 10-Q 2026-05-18  (52d apart)
    EXCLUDE GRMLW    Greenland Mines Ltd                [chg?     ] 4.01 2026-07-08  NT 10-Q 2026-05-15  (54d apart)
    EXCLUDE HNOI     HNO International, Inc.            [dismissed] 4.01 2026-04-16  NT 10-Q 2026-06-15  (60d apart)
    EXCLUDE PMHS     Polomar Health Services, Inc.      [dismissed] 4.01 2026-07-17  NT 10-Q 2026-05-18  (60d apart)
    EXCLUDE CYCA     CYTTA CORP.                        [dismissed] 4.01 2026-06-01  NT 10-Q 2026-04-01  (61d apart)
    EXCLUDE CETY     Clean Energy Technologies, Inc.    [dismissed] 4.01 2026-07-16  NT 10-Q 2026-05-15  (62d apart)
    EXCLUDE FSHPR    Flag Ship Acquisition Corp         [dismissed] 4.01 2026-07-21  NT 10-Q 2026-05-15  (67d apart)
    EXCLUDE KRMN     Karman Holdings Inc.               [chg?     ] 4.01 2026-06-11  NT 10-K 2026-04-01  (71d apart)
    EXCLUDE NUTR     NUSATRIP Inc                       [chg?     ] 4.01 2026-06-15  NT 10-K 2026-03-31  (76d apart)
    EXCLUDE OBTC     Osprey Bitcoin Trust               [dismissed] 4.01 2026-06-22  NT 10-K 2026-04-01  (82d apart)
    EXCLUDE MOBQW    Mobiquity Technologies, Inc.       [dismissed] 4.01 2026-06-24  NT 10-K 2026-03-31  (85d apart)
    EXCLUDE XTIA     XTI Aerospace, Inc.                [dismissed] 4.01 2026-06-26  NT 10-K 2026-03-31  (87d apart)
  DOCTRINE: this is an EXCLUSION / anti-portfolio list (do-not-own), NOT a buy list. Either signal alone
  over-fires; only the CONJUNCTION is surfaced. Resigned auditors rank first. READ-ONLY — never orders.
[-> AUDITOR_LATE_FILING.json]


===== 2026-07-22 12:40 (desk) =====
=== AUDITOR-CHANGE x LATE-FILING EXCLUSION SCANNER  2026-07-22  (lookback 120d, intersect window 90d) ===
  LEG 1  auditor changes (8-K Item 4.01):      200 CIKs
  LEG 2  late filings (NT 10-K / NT 10-Q):      584 CIKs
  --- the conjunction's SELECTIVITY (why either leg alone over-fires) ---
  auditor-only (NOT excluded):  141    late-only (NOT excluded):  525
  >>> INTERSECTED -> EXCLUDE (do-not-own anti-portfolio): 58
    EXCLUDE CFOO     China Foods Holdings Ltd.          [RESIGNED ] 4.01 2026-03-30  NT 10-K 2026-04-01  (2d apart)
    EXCLUDE GLAI     Global AI, Inc.                    [RESIGNED ] 4.01 2026-03-26  NT 10-K 2026-03-31  (5d apart)
    EXCLUDE (no-tkr) Gaucho Group Holdings, Inc.        [RESIGNED ] 4.01 2026-04-30  NT 10-Q 2026-05-15  (15d apart)
    EXCLUDE GWTI     GREENWAY TECHNOLOGIES, INC. & SUBS [RESIGNED ] 4.01 2026-04-17  NT 10-Q 2026-05-15  (28d apart)
    EXCLUDE GTLL     GLOBAL TECHNOLOGIES LTD            [RESIGNED ] 4.01 2026-06-16  NT 10-Q 2026-05-15  (32d apart)
    EXCLUDE PAPL     Pineapple Financial Inc.           [RESIGNED ] 4.01 2026-06-03  NT 10-Q 2026-07-15  (42d apart)
    EXCLUDE QWTR     Quest Water Global, Inc.           [RESIGNED ] 4.01 2026-05-29  NT 10-K 2026-04-01  (58d apart)
    EXCLUDE FJET     Starfighters Space, Inc.           [RESIGNED ] 4.01 2026-07-14  NT 10-Q 2026-05-15  (60d apart)
    EXCLUDE RTGN     RetinalGenix Technologies Inc.     [RESIGNED ] 4.01 2026-07-15  NT 10-Q 2026-05-15  (61d apart)
    EXCLUDE BASA     BASANITE, INC.                     [RESIGNED ] 4.01 2026-06-05  NT 10-K 2026-03-31  (66d apart)
    EXCLUDE SOPAQ    SOCIETY PASS INCORPORATED.         [RESIGNED ] 4.01 2026-06-08  NT 10-K 2026-03-31  (69d apart)
    EXCLUDE FSI      FLEXIBLE SOLUTIONS INTERNATIONAL I [RESIGNED ] 4.01 2026-06-08  NT 10-K 2026-03-31  (69d apart)
    EXCLUDE PNXP     PINEAPPLE EXPRESS CANNABIS Co      [dismissed] 4.01 2026-05-05  NT 10-K 2026-05-05  (0d apart)
    EXCLUDE NBND     NetBrands Corp.                    [dismissed] 4.01 2026-04-01  NT 10-K 2026-03-31  (1d apart)
    EXCLUDE NIXX     Nixxy, Inc.                        [dismissed] 4.01 2026-04-03  NT 10-K 2026-04-01  (2d apart)
    EXCLUDE CLEV     Concrete Leveling Systems Inc      [dismissed] 4.01 2026-06-12  NT 10-Q 2026-06-16  (4d apart)
    EXCLUDE (no-tkr) Dravica Corp                       [dismissed] 4.01 2026-06-11  NT 10-Q 2026-06-15  (4d apart)
    EXCLUDE BGFR     BestGofer Inc.                     [dismissed] 4.01 2026-07-09  NT 10-Q 2026-07-14  (5d apart)
    EXCLUDE EQS      EQUUS TOTAL RETURN, INC.           [chg?     ] 4.01 2026-05-12  NT 10-Q 2026-05-18  (6d apart)
    EXCLUDE (no-tkr) Arboretum Silverleaf Income Fund,  [chg?     ] 4.01 2026-04-07  NT 10-K 2026-03-31  (7d apart)
    EXCLUDE RWDMU    Redwood Mortgage Investors IX      [chg?     ] 4.01 2026-05-07  NT 10-Q 2026-05-18  (11d apart)
    EXCLUDE WAST     WASTE ENERGY CORP.                 [chg?     ] 4.01 2026-05-27  NT 10-Q 2026-05-15  (12d apart)
    EXCLUDE BRUNW    Boost Run Inc.                     [dismissed] 4.01 2026-05-14  NT 10-Q 2026-05-26  (12d apart)
    EXCLUDE QMCI     QUOTEMEDIA INC                     [dismissed] 4.01 2026-04-14  NT 10-K 2026-03-31  (14d apart)
    EXCLUDE SONM     DNA X, Inc.                        [dismissed] 4.01 2026-04-30  NT 10-Q 2026-05-15  (15d apart)
    EXCLUDE MOVE     Corvex, Inc.                       [dismissed] 4.01 2026-04-28  NT 10-Q 2026-05-18  (20d apart)
    EXCLUDE ITP      IT TECH PACKAGING, INC.            [chg?     ] 4.01 2026-04-22  NT 10-Q 2026-05-13  (21d apart)
    EXCLUDE MNTR     Mentor Capital, Inc.               [dismissed] 4.01 2026-04-23  NT 10-K 2026-04-01  (22d apart)
    EXCLUDE (no-tkr) DeltaSoft Corp                     [chg?     ] 4.01 2026-06-08  NT 10-K 2026-06-30  (22d apart)
    EXCLUDE FGIWW    FGI Industries Ltd.                [dismissed] 4.01 2026-04-23  NT 10-K 2026-03-31  (23d apart)
    EXCLUDE IHT      INNSUITES HOSPITALITY TRUST        [dismissed] 4.01 2026-07-10  NT 10-Q 2026-06-16  (24d apart)
    EXCLUDE ALOY     REALLOYS INC.                      [dismissed] 4.01 2026-04-20  NT 10-Q 2026-05-15  (25d apart)
    EXCLUDE CSAI     CLOUDASTRUCTURE, INC.              [chg?     ] 4.01 2026-04-22  NT 10-Q 2026-05-18  (26d apart)
    EXCLUDE VERI     Veritone, Inc.                     [dismissed] 4.01 2026-04-28  NT 10-K 2026-04-01  (27d apart)
    EXCLUDE SNTL     Sentinel Holdings Ltd.             [dismissed] 4.01 2026-06-11  NT 10-Q 2026-05-14  (28d apart)
    EXCLUDE HGTXU    HUGOTON ROYALTY TRUST              [dismissed] 4.01 2026-04-17  NT 10-Q 2026-05-15  (28d apart)
    EXCLUDE (no-tkr) Hudson Acquisition I Corp.         [dismissed] 4.01 2026-04-10  NT 10-Q 2026-05-14  (34d apart)
    EXCLUDE BRLL     Barrel Energy Inc.                 [chg?     ] 4.01 2026-05-08  NT 10-K 2026-04-01  (37d apart)
    EXCLUDE WBSR     Webstar Technology Group Inc.      [chg?     ] 4.01 2026-06-22  NT 10-Q 2026-05-14  (39d apart)
    EXCLUDE CDTTW    CDT Equity Inc.                    [dismissed] 4.01 2026-06-29  NT 10-Q 2026-05-15  (45d apart)
    EXCLUDE FRPH     FRP HOLDINGS, INC.                 [dismissed] 4.01 2026-05-15  NT 10-K 2026-03-31  (45d apart)
    EXCLUDE RR       RICHTECH ROBOTICS INC.             [chg?     ] 4.01 2026-03-30  NT 10-Q 2026-05-15  (46d apart)
    EXCLUDE TRNR     Interactive Strength, Inc.         [dismissed] 4.01 2026-07-01  NT 10-Q 2026-05-15  (47d apart)
    EXCLUDE BCRD     BlueOne Technologies, Inc.         [dismissed] 4.01 2026-05-13  NT 10-K 2026-06-29  (47d apart)
    EXCLUDE PHGE     BiomX Inc.                         [dismissed] 4.01 2026-07-02  NT 10-Q 2026-05-15  (48d apart)
    EXCLUDE ABVC     ABVC BIOPHARMA, INC.               [dismissed] 4.01 2026-07-02  NT 10-Q 2026-05-15  (48d apart)
    EXCLUDE BKYI     BIO KEY INTERNATIONAL INC          [dismissed] 4.01 2026-07-09  NT 10-Q 2026-05-18  (52d apart)
    EXCLUDE GRMLW    Greenland Mines Ltd                [chg?     ] 4.01 2026-07-08  NT 10-Q 2026-05-15  (54d apart)
    EXCLUDE HNOI     HNO International, Inc.            [dismissed] 4.01 2026-04-16  NT 10-Q 2026-06-15  (60d apart)
    EXCLUDE PMHS     Polomar Health Services, Inc.      [dismissed] 4.01 2026-07-17  NT 10-Q 2026-05-18  (60d apart)
    EXCLUDE CYCA     CYTTA CORP.                        [dismissed] 4.01 2026-06-01  NT 10-Q 2026-04-01  (61d apart)
    EXCLUDE CETY     Clean Energy Technologies, Inc.    [dismissed] 4.01 2026-07-16  NT 10-Q 2026-05-15  (62d apart)
    EXCLUDE FSHPR    Flag Ship Acquisition Corp         [dismissed] 4.01 2026-07-21  NT 10-Q 2026-05-15  (67d apart)
    EXCLUDE KRMN     Karman Holdings Inc.               [chg?     ] 4.01 2026-06-11  NT 10-K 2026-04-01  (71d apart)
    EXCLUDE NUTR     NUSATRIP Inc                       [chg?     ] 4.01 2026-06-15  NT 10-K 2026-03-31  (76d apart)
    EXCLUDE OBTC     Osprey Bitcoin Trust               [dismissed] 4.01 2026-06-22  NT 10-K 2026-04-01  (82d apart)
    EXCLUDE MOBQW    Mobiquity Technologies, Inc.       [dismissed] 4.01 2026-06-24  NT 10-K 2026-03-31  (85d apart)
    EXCLUDE XTIA     XTI Aerospace, Inc.                [dismissed] 4.01 2026-06-26  NT 10-K 2026-03-31  (87d apart)
  DOCTRINE: this is an EXCLUSION / anti-portfolio list (do-not-own), NOT a buy list. Either signal alone
  over-fires; only the CONJUNCTION is surfaced. Resigned auditors rank first. READ-ONLY — never orders.
[-> AUDITOR_LATE_FILING.json]


===== 2026-07-23 13:41 (desk) =====
=== AUDITOR-CHANGE x LATE-FILING EXCLUSION SCANNER  2026-07-23  (lookback 120d, intersect window 90d) ===
  LEG 1  auditor changes (8-K Item 4.01):      201 CIKs
  LEG 2  late filings (NT 10-K / NT 10-Q):      584 CIKs
  --- the conjunction's SELECTIVITY (why either leg alone over-fires) ---
  auditor-only (NOT excluded):  142    late-only (NOT excluded):  525
  >>> INTERSECTED -> EXCLUDE (do-not-own anti-portfolio): 58
    EXCLUDE CFOO     China Foods Holdings Ltd.          [RESIGNED ] 4.01 2026-03-30  NT 10-K 2026-04-01  (2d apart)
    EXCLUDE GLAI     Global AI, Inc.                    [RESIGNED ] 4.01 2026-03-26  NT 10-K 2026-03-31  (5d apart)
    EXCLUDE (no-tkr) Gaucho Group Holdings, Inc.        [RESIGNED ] 4.01 2026-04-30  NT 10-Q 2026-05-15  (15d apart)
    EXCLUDE GWTI     GREENWAY TECHNOLOGIES, INC. & SUBS [RESIGNED ] 4.01 2026-04-17  NT 10-Q 2026-05-15  (28d apart)
    EXCLUDE GTLL     GLOBAL TECHNOLOGIES LTD            [RESIGNED ] 4.01 2026-06-16  NT 10-Q 2026-05-15  (32d apart)
    EXCLUDE PAPL     Pineapple Financial Inc.           [RESIGNED ] 4.01 2026-06-03  NT 10-Q 2026-07-15  (42d apart)
    EXCLUDE QWTR     Quest Water Global, Inc.           [RESIGNED ] 4.01 2026-05-29  NT 10-K 2026-04-01  (58d apart)
    EXCLUDE FJET     Starfighters Space, Inc.           [RESIGNED ] 4.01 2026-07-14  NT 10-Q 2026-05-15  (60d apart)
    EXCLUDE RTGN     RetinalGenix Technologies Inc.     [RESIGNED ] 4.01 2026-07-15  NT 10-Q 2026-05-15  (61d apart)
    EXCLUDE BASA     BASANITE, INC.                     [RESIGNED ] 4.01 2026-06-05  NT 10-K 2026-03-31  (66d apart)
    EXCLUDE SOPAQ    SOCIETY PASS INCORPORATED.         [RESIGNED ] 4.01 2026-06-08  NT 10-K 2026-03-31  (69d apart)
    EXCLUDE FSI      FLEXIBLE SOLUTIONS INTERNATIONAL I [RESIGNED ] 4.01 2026-06-08  NT 10-K 2026-03-31  (69d apart)
    EXCLUDE PNXP     PINEAPPLE EXPRESS CANNABIS Co      [dismissed] 4.01 2026-05-05  NT 10-K 2026-05-05  (0d apart)
    EXCLUDE NBND     NetBrands Corp.                    [dismissed] 4.01 2026-04-01  NT 10-K 2026-03-31  (1d apart)
    EXCLUDE NIXX     Nixxy, Inc.                        [dismissed] 4.01 2026-04-03  NT 10-K 2026-04-01  (2d apart)
    EXCLUDE CLEV     Concrete Leveling Systems Inc      [dismissed] 4.01 2026-06-12  NT 10-Q 2026-06-16  (4d apart)
    EXCLUDE (no-tkr) Dravica Corp                       [dismissed] 4.01 2026-06-11  NT 10-Q 2026-06-15  (4d apart)
    EXCLUDE BGFR     BestGofer Inc.                     [dismissed] 4.01 2026-07-09  NT 10-Q 2026-07-14  (5d apart)
    EXCLUDE EQS      EQUUS TOTAL RETURN, INC.           [chg?     ] 4.01 2026-05-12  NT 10-Q 2026-05-18  (6d apart)
    EXCLUDE (no-tkr) Arboretum Silverleaf Income Fund,  [chg?     ] 4.01 2026-04-07  NT 10-K 2026-03-31  (7d apart)
    EXCLUDE RWDMU    Redwood Mortgage Investors IX      [chg?     ] 4.01 2026-05-07  NT 10-Q 2026-05-18  (11d apart)
    EXCLUDE WAST     WASTE ENERGY CORP.                 [chg?     ] 4.01 2026-05-27  NT 10-Q 2026-05-15  (12d apart)
    EXCLUDE BRUNW    Boost Run Inc.                     [dismissed] 4.01 2026-05-14  NT 10-Q 2026-05-26  (12d apart)
    EXCLUDE QMCI     QUOTEMEDIA INC                     [dismissed] 4.01 2026-04-14  NT 10-K 2026-03-31  (14d apart)
    EXCLUDE SONM     DNA X, Inc.                        [dismissed] 4.01 2026-04-30  NT 10-Q 2026-05-15  (15d apart)
    EXCLUDE MOVE     Corvex, Inc.                       [dismissed] 4.01 2026-04-28  NT 10-Q 2026-05-18  (20d apart)
    EXCLUDE ITP      IT TECH PACKAGING, INC.            [chg?     ] 4.01 2026-04-22  NT 10-Q 2026-05-13  (21d apart)
    EXCLUDE MNTR     Mentor Capital, Inc.               [dismissed] 4.01 2026-04-23  NT 10-K 2026-04-01  (22d apart)
    EXCLUDE (no-tkr) DeltaSoft Corp                     [chg?     ] 4.01 2026-06-08  NT 10-K 2026-06-30  (22d apart)
    EXCLUDE FGIWW    FGI Industries Ltd.                [dismissed] 4.01 2026-04-23  NT 10-K 2026-03-31  (23d apart)
    EXCLUDE IHT      INNSUITES HOSPITALITY TRUST        [dismissed] 4.01 2026-07-10  NT 10-Q 2026-06-16  (24d apart)
    EXCLUDE ALOY     REALLOYS INC.                      [dismissed] 4.01 2026-04-20  NT 10-Q 2026-05-15  (25d apart)
    EXCLUDE CSAI     CLOUDASTRUCTURE, INC.              [chg?     ] 4.01 2026-04-22  NT 10-Q 2026-05-18  (26d apart)
    EXCLUDE VERI     Veritone, Inc.                     [dismissed] 4.01 2026-04-28  NT 10-K 2026-04-01  (27d apart)
    EXCLUDE SNTL     Sentinel Holdings Ltd.             [dismissed] 4.01 2026-06-11  NT 10-Q 2026-05-14  (28d apart)
    EXCLUDE HGTXU    HUGOTON ROYALTY TRUST              [dismissed] 4.01 2026-04-17  NT 10-Q 2026-05-15  (28d apart)
    EXCLUDE (no-tkr) Hudson Acquisition I Corp.         [dismissed] 4.01 2026-04-10  NT 10-Q 2026-05-14  (34d apart)
    EXCLUDE BRLL     Barrel Energy Inc.                 [chg?     ] 4.01 2026-05-08  NT 10-K 2026-04-01  (37d apart)
    EXCLUDE WBSR     Webstar Technology Group Inc.      [chg?     ] 4.01 2026-06-22  NT 10-Q 2026-05-14  (39d apart)
    EXCLUDE CDTTW    CDT Equity Inc.                    [dismissed] 4.01 2026-06-29  NT 10-Q 2026-05-15  (45d apart)
    EXCLUDE FRPH     FRP HOLDINGS, INC.                 [dismissed] 4.01 2026-05-15  NT 10-K 2026-03-31  (45d apart)
    EXCLUDE RR       RICHTECH ROBOTICS INC.             [chg?     ] 4.01 2026-03-30  NT 10-Q 2026-05-15  (46d apart)
    EXCLUDE TRNR     Interactive Strength, Inc.         [dismissed] 4.01 2026-07-01  NT 10-Q 2026-05-15  (47d apart)
    EXCLUDE BCRD     BlueOne Technologies, Inc.         [dismissed] 4.01 2026-05-13  NT 10-K 2026-06-29  (47d apart)
    EXCLUDE PHGE     BiomX Inc.                         [dismissed] 4.01 2026-07-02  NT 10-Q 2026-05-15  (48d apart)
    EXCLUDE ABVC     ABVC BIOPHARMA, INC.               [dismissed] 4.01 2026-07-02  NT 10-Q 2026-05-15  (48d apart)
    EXCLUDE BKYI     BIO KEY INTERNATIONAL INC          [dismissed] 4.01 2026-07-09  NT 10-Q 2026-05-18  (52d apart)
    EXCLUDE GRMLW    Greenland Mines Ltd                [chg?     ] 4.01 2026-07-08  NT 10-Q 2026-05-15  (54d apart)
    EXCLUDE HNOI     HNO International, Inc.            [dismissed] 4.01 2026-04-16  NT 10-Q 2026-06-15  (60d apart)
    EXCLUDE PMHS     Polomar Health Services, Inc.      [dismissed] 4.01 2026-07-17  NT 10-Q 2026-05-18  (60d apart)
    EXCLUDE CYCA     CYTTA CORP.                        [dismissed] 4.01 2026-06-01  NT 10-Q 2026-04-01  (61d apart)
    EXCLUDE CETY     Clean Energy Technologies, Inc.    [dismissed] 4.01 2026-07-16  NT 10-Q 2026-05-15  (62d apart)
    EXCLUDE FSHPR    Flag Ship Acquisition Corp         [dismissed] 4.01 2026-07-21  NT 10-Q 2026-05-15  (67d apart)
    EXCLUDE KRMN     Karman Holdings Inc.               [chg?     ] 4.01 2026-06-11  NT 10-K 2026-04-01  (71d apart)
    EXCLUDE NUTR     NUSATRIP Inc                       [chg?     ] 4.01 2026-06-15  NT 10-K 2026-03-31  (76d apart)
    EXCLUDE OBTC     Osprey Bitcoin Trust               [dismissed] 4.01 2026-06-22  NT 10-K 2026-04-01  (82d apart)
    EXCLUDE MOBQW    Mobiquity Technologies, Inc.       [dismissed] 4.01 2026-06-24  NT 10-K 2026-03-31  (85d apart)
    EXCLUDE XTIA     XTI Aerospace, Inc.                [dismissed] 4.01 2026-06-26  NT 10-K 2026-03-31  (87d apart)
  DOCTRINE: this is an EXCLUSION / anti-portfolio list (do-not-own), NOT a buy list. Either signal alone
  over-fires; only the CONJUNCTION is surfaced. Resigned auditors rank first. READ-ONLY — never orders.
[-> AUDITOR_LATE_FILING.json]


===== 2026-07-27 09:39 (desk) =====
=== AUDITOR-CHANGE x LATE-FILING EXCLUSION SCANNER  2026-07-27  (lookback 120d, intersect window 90d) ===
  LEG 1  auditor changes (8-K Item 4.01):      200 CIKs
  LEG 2  late filings (NT 10-K / NT 10-Q):      582 CIKs
  --- the conjunction's SELECTIVITY (why either leg alone over-fires) ---
  auditor-only (NOT excluded):  139    late-only (NOT excluded):  521
  >>> INTERSECTED -> EXCLUDE (do-not-own anti-portfolio): 59
    EXCLUDE CFOO     China Foods Holdings Ltd.          [RESIGNED ] 4.01 2026-03-30  NT 10-K 2026-04-01  (2d apart)
    EXCLUDE (no-tkr) Gaucho Group Holdings, Inc.        [RESIGNED ] 4.01 2026-04-30  NT 10-Q 2026-05-15  (15d apart)
    EXCLUDE GWTI     GREENWAY TECHNOLOGIES, INC. & SUBS [RESIGNED ] 4.01 2026-04-17  NT 10-Q 2026-05-15  (28d apart)
    EXCLUDE GTLL     GLOBAL TECHNOLOGIES LTD            [RESIGNED ] 4.01 2026-06-16  NT 10-Q 2026-05-15  (32d apart)
    EXCLUDE PAPL     Pineapple Financial Inc.           [RESIGNED ] 4.01 2026-06-03  NT 10-Q 2026-07-15  (42d apart)
    EXCLUDE QWTR     Quest Water Global, Inc.           [RESIGNED ] 4.01 2026-05-29  NT 10-K 2026-04-01  (58d apart)
    EXCLUDE RTGN     RetinalGenix Technologies Inc.     [RESIGNED ] 4.01 2026-07-15  NT 10-Q 2026-05-15  (61d apart)
    EXCLUDE BASA     BASANITE, INC.                     [RESIGNED ] 4.01 2026-06-05  NT 10-K 2026-03-31  (66d apart)
    EXCLUDE SOPAQ    SOCIETY PASS INCORPORATED.         [RESIGNED ] 4.01 2026-06-08  NT 10-K 2026-03-31  (69d apart)
    EXCLUDE FSI      FLEXIBLE SOLUTIONS INTERNATIONAL I [RESIGNED ] 4.01 2026-06-08  NT 10-K 2026-03-31  (69d apart)
    EXCLUDE PNXP     PINEAPPLE EXPRESS CANNABIS Co      [dismissed] 4.01 2026-05-05  NT 10-K 2026-05-05  (0d apart)
    EXCLUDE NBND     NetBrands Corp.                    [dismissed] 4.01 2026-04-01  NT 10-K 2026-03-31  (1d apart)
    EXCLUDE NIXX     Nixxy, Inc.                        [dismissed] 4.01 2026-04-03  NT 10-K 2026-04-01  (2d apart)
    EXCLUDE CLEV     Concrete Leveling Systems Inc      [dismissed] 4.01 2026-06-12  NT 10-Q 2026-06-16  (4d apart)
    EXCLUDE (no-tkr) Dravica Corp                       [dismissed] 4.01 2026-06-11  NT 10-Q 2026-06-15  (4d apart)
    EXCLUDE BGFR     BestGofer Inc.                     [dismissed] 4.01 2026-07-09  NT 10-Q 2026-07-14  (5d apart)
    EXCLUDE EQS      EQUUS TOTAL RETURN, INC.           [chg?     ] 4.01 2026-05-12  NT 10-Q 2026-05-18  (6d apart)
    EXCLUDE (no-tkr) Arboretum Silverleaf Income Fund,  [chg?     ] 4.01 2026-04-07  NT 10-K 2026-03-31  (7d apart)
    EXCLUDE RWDMU    Redwood Mortgage Investors IX      [chg?     ] 4.01 2026-05-07  NT 10-Q 2026-05-18  (11d apart)
    EXCLUDE WAST     WASTE ENERGY CORP.                 [chg?     ] 4.01 2026-05-27  NT 10-Q 2026-05-15  (12d apart)
    EXCLUDE BRUNW    Boost Run Inc.                     [dismissed] 4.01 2026-05-14  NT 10-Q 2026-05-26  (12d apart)
    EXCLUDE QMCI     QUOTEMEDIA INC                     [dismissed] 4.01 2026-04-14  NT 10-K 2026-03-31  (14d apart)
    EXCLUDE SONM     DNA X, Inc.                        [dismissed] 4.01 2026-04-30  NT 10-Q 2026-05-15  (15d apart)
    EXCLUDE MOVE     Corvex, Inc.                       [dismissed] 4.01 2026-04-28  NT 10-Q 2026-05-18  (20d apart)
    EXCLUDE ITP      IT TECH PACKAGING, INC.            [chg?     ] 4.01 2026-04-22  NT 10-Q 2026-05-13  (21d apart)
    EXCLUDE MNTR     Mentor Capital, Inc.               [dismissed] 4.01 2026-04-23  NT 10-K 2026-04-01  (22d apart)
    EXCLUDE (no-tkr) DeltaSoft Corp                     [chg?     ] 4.01 2026-06-08  NT 10-K 2026-06-30  (22d apart)
    EXCLUDE FGIWW    FGI Industries Ltd.                [dismissed] 4.01 2026-04-23  NT 10-K 2026-03-31  (23d apart)
    EXCLUDE IHT      INNSUITES HOSPITALITY TRUST        [dismissed] 4.01 2026-07-10  NT 10-Q 2026-06-16  (24d apart)
    EXCLUDE ALOY     REALLOYS INC.                      [dismissed] 4.01 2026-04-20  NT 10-Q 2026-05-15  (25d apart)
    EXCLUDE CSAI     CLOUDASTRUCTURE, INC.              [chg?     ] 4.01 2026-04-22  NT 10-Q 2026-05-18  (26d apart)
    EXCLUDE VERI     Veritone, Inc.                     [dismissed] 4.01 2026-04-28  NT 10-K 2026-04-01  (27d apart)
    EXCLUDE SNTL     Sentinel Holdings Ltd.             [dismissed] 4.01 2026-06-11  NT 10-Q 2026-05-14  (28d apart)
    EXCLUDE HGTXU    HUGOTON ROYALTY TRUST              [dismissed] 4.01 2026-04-17  NT 10-Q 2026-05-15  (28d apart)
    EXCLUDE (no-tkr) Hudson Acquisition I Corp.         [dismissed] 4.01 2026-04-10  NT 10-Q 2026-05-14  (34d apart)
    EXCLUDE BRLL     Barrel Energy Inc.                 [chg?     ] 4.01 2026-05-08  NT 10-K 2026-04-01  (37d apart)
    EXCLUDE WBSR     Webstar Technology Group Inc.      [chg?     ] 4.01 2026-06-22  NT 10-Q 2026-05-14  (39d apart)
    EXCLUDE CDTTW    CDT Equity Inc.                    [dismissed] 4.01 2026-06-29  NT 10-Q 2026-05-15  (45d apart)
    EXCLUDE FRPH     FRP HOLDINGS, INC.                 [dismissed] 4.01 2026-05-15  NT 10-K 2026-03-31  (45d apart)
    EXCLUDE RR       RICHTECH ROBOTICS INC.             [chg?     ] 4.01 2026-03-30  NT 10-Q 2026-05-15  (46d apart)
    EXCLUDE TRNR     Interactive Strength, Inc.         [dismissed] 4.01 2026-07-01  NT 10-Q 2026-05-15  (47d apart)
    EXCLUDE BCRD     BlueOne Technologies, Inc.         [dismissed] 4.01 2026-05-13  NT 10-K 2026-06-29  (47d apart)
    EXCLUDE PHGE     BiomX Inc.                         [dismissed] 4.01 2026-07-02  NT 10-Q 2026-05-15  (48d apart)
    EXCLUDE ABVC     ABVC BIOPHARMA, INC.               [dismissed] 4.01 2026-07-02  NT 10-Q 2026-05-15  (48d apart)
    EXCLUDE BKYI     BIO KEY INTERNATIONAL INC          [dismissed] 4.01 2026-07-09  NT 10-Q 2026-05-18  (52d apart)
    EXCLUDE GRMLW    Greenland Mines Ltd                [chg?     ] 4.01 2026-07-08  NT 10-Q 2026-05-15  (54d apart)
    EXCLUDE HNOI     HNO International, Inc.            [dismissed] 4.01 2026-04-16  NT 10-Q 2026-06-15  (60d apart)
    EXCLUDE PMHS     Polomar Health Services, Inc.      [dismissed] 4.01 2026-07-17  NT 10-Q 2026-05-18  (60d apart)
    EXCLUDE CYCA     CYTTA CORP.                        [dismissed] 4.01 2026-06-01  NT 10-Q 2026-04-01  (61d apart)
    EXCLUDE CETY     Clean Energy Technologies, Inc.    [dismissed] 4.01 2026-07-16  NT 10-Q 2026-05-15  (62d apart)
    EXCLUDE FSHPR    Flag Ship Acquisition Corp         [dismissed] 4.01 2026-07-21  NT 10-Q 2026-05-15  (67d apart)
    EXCLUDE FJET     Starfighters Space, Inc.           [chg?     ] 4.01 2026-07-24  NT 10-Q 2026-05-15  (70d apart)
    EXCLUDE LASE     Laser Photonics Corp               [chg?     ] 4.01 2026-07-24  NT 10-Q 2026-05-15  (70d apart)
    EXCLUDE AREC     American Resources Corp            [chg?     ] 4.01 2026-07-24  NT 10-Q 2026-05-15  (70d apart)
    EXCLUDE KRMN     Karman Holdings Inc.               [chg?     ] 4.01 2026-06-11  NT 10-K 2026-04-01  (71d apart)
    EXCLUDE NUTR     NUSATRIP Inc                       [chg?     ] 4.01 2026-06-15  NT 10-K 2026-03-31  (76d apart)
    EXCLUDE OBTC     Osprey Bitcoin Trust               [dismissed] 4.01 2026-06-22  NT 10-K 2026-04-01  (82d apart)
    EXCLUDE MOBQW    Mobiquity Technologies, Inc.       [dismissed] 4.01 2026-06-24  NT 10-K 2026-03-31  (85d apart)
    EXCLUDE XTIA     XTI Aerospace, Inc.                [dismissed] 4.01 2026-06-26  NT 10-K 2026-03-31  (87d apart)
  DOCTRINE: this is an EXCLUSION / anti-portfolio list (do-not-own), NOT a buy list. Either signal alone
  over-fires; only the CONJUNCTION is surfaced. Resigned auditors rank first. READ-ONLY — never orders.
[-> AUDITOR_LATE_FILING.json]


===== 2026-07-28 07:33 (desk) =====
=== AUDITOR-CHANGE x LATE-FILING EXCLUSION SCANNER  2026-07-28  (lookback 120d, intersect window 90d) ===
  LEG 1  auditor changes (8-K Item 4.01):      205 CIKs
  LEG 2  late filings (NT 10-K / NT 10-Q):      582 CIKs
  --- the conjunction's SELECTIVITY (why either leg alone over-fires) ---
  auditor-only (NOT excluded):  144    late-only (NOT excluded):  521
  >>> INTERSECTED -> EXCLUDE (do-not-own anti-portfolio): 59
    EXCLUDE CFOO     China Foods Holdings Ltd.          [RESIGNED ] 4.01 2026-03-30  NT 10-K 2026-04-01  (2d apart)
    EXCLUDE (no-tkr) Gaucho Group Holdings, Inc.        [RESIGNED ] 4.01 2026-04-30  NT 10-Q 2026-05-15  (15d apart)
    EXCLUDE GWTI     GREENWAY TECHNOLOGIES, INC. & SUBS [RESIGNED ] 4.01 2026-04-17  NT 10-Q 2026-05-15  (28d apart)
    EXCLUDE GTLL     GLOBAL TECHNOLOGIES LTD            [RESIGNED ] 4.01 2026-06-16  NT 10-Q 2026-05-15  (32d apart)
    EXCLUDE PAPL     Pineapple Financial Inc.           [RESIGNED ] 4.01 2026-06-03  NT 10-Q 2026-07-15  (42d apart)
    EXCLUDE QWTR     Quest Water Global, Inc.           [RESIGNED ] 4.01 2026-05-29  NT 10-K 2026-04-01  (58d apart)
    EXCLUDE RTGN     RetinalGenix Technologies Inc.     [RESIGNED ] 4.01 2026-07-15  NT 10-Q 2026-05-15  (61d apart)
    EXCLUDE BASA     BASANITE, INC.                     [RESIGNED ] 4.01 2026-06-05  NT 10-K 2026-03-31  (66d apart)
    EXCLUDE SOPAQ    SOCIETY PASS INCORPORATED.         [RESIGNED ] 4.01 2026-06-08  NT 10-K 2026-03-31  (69d apart)
    EXCLUDE FSI      FLEXIBLE SOLUTIONS INTERNATIONAL I [RESIGNED ] 4.01 2026-06-08  NT 10-K 2026-03-31  (69d apart)
    EXCLUDE PNXP     PINEAPPLE EXPRESS CANNABIS Co      [dismissed] 4.01 2026-05-05  NT 10-K 2026-05-05  (0d apart)
    EXCLUDE NBND     NetBrands Corp.                    [dismissed] 4.01 2026-04-01  NT 10-K 2026-03-31  (1d apart)
    EXCLUDE NIXX     Nixxy, Inc.                        [dismissed] 4.01 2026-04-03  NT 10-K 2026-04-01  (2d apart)
    EXCLUDE CLEV     Concrete Leveling Systems Inc      [dismissed] 4.01 2026-06-12  NT 10-Q 2026-06-16  (4d apart)
    EXCLUDE (no-tkr) Dravica Corp                       [dismissed] 4.01 2026-06-11  NT 10-Q 2026-06-15  (4d apart)
    EXCLUDE BGFR     BestGofer Inc.                     [dismissed] 4.01 2026-07-09  NT 10-Q 2026-07-14  (5d apart)
    EXCLUDE EQS      EQUUS TOTAL RETURN, INC.           [chg?     ] 4.01 2026-05-12  NT 10-Q 2026-05-18  (6d apart)
    EXCLUDE (no-tkr) Arboretum Silverleaf Income Fund,  [chg?     ] 4.01 2026-04-07  NT 10-K 2026-03-31  (7d apart)
    EXCLUDE RWDMU    Redwood Mortgage Investors IX      [chg?     ] 4.01 2026-05-07  NT 10-Q 2026-05-18  (11d apart)
    EXCLUDE WAST     WASTE ENERGY CORP.                 [chg?     ] 4.01 2026-05-27  NT 10-Q 2026-05-15  (12d apart)
    EXCLUDE BRUNW    Boost Run Inc.                     [dismissed] 4.01 2026-05-14  NT 10-Q 2026-05-26  (12d apart)
    EXCLUDE QMCI     QUOTEMEDIA INC                     [dismissed] 4.01 2026-04-14  NT 10-K 2026-03-31  (14d apart)
    EXCLUDE SONM     DNA X, Inc.                        [dismissed] 4.01 2026-04-30  NT 10-Q 2026-05-15  (15d apart)
    EXCLUDE MOVE     Corvex, Inc.                       [dismissed] 4.01 2026-04-28  NT 10-Q 2026-05-18  (20d apart)
    EXCLUDE ITP      IT TECH PACKAGING, INC.            [chg?     ] 4.01 2026-04-22  NT 10-Q 2026-05-13  (21d apart)
    EXCLUDE MNTR     Mentor Capital, Inc.               [dismissed] 4.01 2026-04-23  NT 10-K 2026-04-01  (22d apart)
    EXCLUDE (no-tkr) DeltaSoft Corp                     [chg?     ] 4.01 2026-06-08  NT 10-K 2026-06-30  (22d apart)
    EXCLUDE FGIWW    FGI Industries Ltd.                [dismissed] 4.01 2026-04-23  NT 10-K 2026-03-31  (23d apart)
    EXCLUDE IHT      INNSUITES HOSPITALITY TRUST        [dismissed] 4.01 2026-07-10  NT 10-Q 2026-06-16  (24d apart)
    EXCLUDE ALOY     REALLOYS INC.                      [dismissed] 4.01 2026-04-20  NT 10-Q 2026-05-15  (25d apart)
    EXCLUDE CSAI     CLOUDASTRUCTURE, INC.              [chg?     ] 4.01 2026-04-22  NT 10-Q 2026-05-18  (26d apart)
    EXCLUDE VERI     Veritone, Inc.                     [dismissed] 4.01 2026-04-28  NT 10-K 2026-04-01  (27d apart)
    EXCLUDE SNTL     Sentinel Holdings Ltd.             [dismissed] 4.01 2026-06-11  NT 10-Q 2026-05-14  (28d apart)
    EXCLUDE HGTXU    HUGOTON ROYALTY TRUST              [dismissed] 4.01 2026-04-17  NT 10-Q 2026-05-15  (28d apart)
    EXCLUDE (no-tkr) Hudson Acquisition I Corp.         [dismissed] 4.01 2026-04-10  NT 10-Q 2026-05-14  (34d apart)
    EXCLUDE BRLL     Barrel Energy Inc.                 [chg?     ] 4.01 2026-05-08  NT 10-K 2026-04-01  (37d apart)
    EXCLUDE WBSR     Webstar Technology Group Inc.      [chg?     ] 4.01 2026-06-22  NT 10-Q 2026-05-14  (39d apart)
    EXCLUDE CDTTW    CDT Equity Inc.                    [dismissed] 4.01 2026-06-29  NT 10-Q 2026-05-15  (45d apart)
    EXCLUDE FRPH     FRP HOLDINGS, INC.                 [dismissed] 4.01 2026-05-15  NT 10-K 2026-03-31  (45d apart)
    EXCLUDE RR       RICHTECH ROBOTICS INC.             [chg?     ] 4.01 2026-03-30  NT 10-Q 2026-05-15  (46d apart)
    EXCLUDE TRNR     Interactive Strength, Inc.         [dismissed] 4.01 2026-07-01  NT 10-Q 2026-05-15  (47d apart)
    EXCLUDE BCRD     BlueOne Technologies, Inc.         [dismissed] 4.01 2026-05-13  NT 10-K 2026-06-29  (47d apart)
    EXCLUDE PHGE     BiomX Inc.                         [dismissed] 4.01 2026-07-02  NT 10-Q 2026-05-15  (48d apart)
    EXCLUDE ABVC     ABVC BIOPHARMA, INC.               [dismissed] 4.01 2026-07-02  NT 10-Q 2026-05-15  (48d apart)
    EXCLUDE BKYI     BIO KEY INTERNATIONAL INC          [dismissed] 4.01 2026-07-09  NT 10-Q 2026-05-18  (52d apart)
    EXCLUDE GRMLW    Greenland Mines Ltd                [chg?     ] 4.01 2026-07-08  NT 10-Q 2026-05-15  (54d apart)
    EXCLUDE HNOI     HNO International, Inc.            [dismissed] 4.01 2026-04-16  NT 10-Q 2026-06-15  (60d apart)
    EXCLUDE PMHS     Polomar Health Services, Inc.      [dismissed] 4.01 2026-07-17  NT 10-Q 2026-05-18  (60d apart)
    EXCLUDE CYCA     CYTTA CORP.                        [dismissed] 4.01 2026-06-01  NT 10-Q 2026-04-01  (61d apart)
    EXCLUDE CETY     Clean Energy Technologies, Inc.    [dismissed] 4.01 2026-07-16  NT 10-Q 2026-05-15  (62d apart)
    EXCLUDE FSHPR    Flag Ship Acquisition Corp         [dismissed] 4.01 2026-07-21  NT 10-Q 2026-05-15  (67d apart)
    EXCLUDE FJET     Starfighters Space, Inc.           [chg?     ] 4.01 2026-07-24  NT 10-Q 2026-05-15  (70d apart)
    EXCLUDE LASE     Laser Photonics Corp               [chg?     ] 4.01 2026-07-24  NT 10-Q 2026-05-15  (70d apart)
    EXCLUDE AREC     American Resources Corp            [chg?     ] 4.01 2026-07-24  NT 10-Q 2026-05-15  (70d apart)
    EXCLUDE KRMN     Karman Holdings Inc.               [chg?     ] 4.01 2026-06-11  NT 10-K 2026-04-01  (71d apart)
    EXCLUDE NUTR     NUSATRIP Inc                       [chg?     ] 4.01 2026-06-15  NT 10-K 2026-03-31  (76d apart)
    EXCLUDE OBTC     Osprey Bitcoin Trust               [dismissed] 4.01 2026-06-22  NT 10-K 2026-04-01  (82d apart)
    EXCLUDE MOBQW    Mobiquity Technologies, Inc.       [dismissed] 4.01 2026-06-24  NT 10-K 2026-03-31  (85d apart)
    EXCLUDE XTIA     XTI Aerospace, Inc.                [dismissed] 4.01 2026-06-26  NT 10-K 2026-03-31  (87d apart)
  DOCTRINE: this is an EXCLUSION / anti-portfolio list (do-not-own), NOT a buy list. Either signal alone
  over-fires; only the CONJUNCTION is surfaced. Resigned auditors rank first. READ-ONLY — never orders.
[-> AUDITOR_LATE_FILING.json]


===== 2026-07-29 08:32 (desk) =====
=== AUDITOR-CHANGE x LATE-FILING EXCLUSION SCANNER  2026-07-29  (lookback 120d, intersect window 90d) ===
  LEG 1  auditor changes (8-K Item 4.01):      200 CIKs
  LEG 2  late filings (NT 10-K / NT 10-Q):      567 CIKs
  --- the conjunction's SELECTIVITY (why either leg alone over-fires) ---
  auditor-only (NOT excluded):  142    late-only (NOT excluded):  509
  >>> INTERSECTED -> EXCLUDE (do-not-own anti-portfolio): 57
    EXCLUDE (no-tkr) Gaucho Group Holdings, Inc.        [RESIGNED ] 4.01 2026-04-30  NT 10-Q 2026-05-15  (15d apart)
    EXCLUDE GWTI     GREENWAY TECHNOLOGIES, INC. & SUBS [RESIGNED ] 4.01 2026-04-17  NT 10-Q 2026-05-15  (28d apart)
    EXCLUDE GTLL     GLOBAL TECHNOLOGIES LTD            [RESIGNED ] 4.01 2026-06-16  NT 10-Q 2026-05-15  (32d apart)
    EXCLUDE PAPL     Pineapple Financial Inc.           [RESIGNED ] 4.01 2026-06-03  NT 10-Q 2026-07-15  (42d apart)
    EXCLUDE QWTR     Quest Water Global, Inc.           [RESIGNED ] 4.01 2026-05-29  NT 10-K 2026-04-01  (58d apart)
    EXCLUDE RTGN     RetinalGenix Technologies Inc.     [RESIGNED ] 4.01 2026-07-15  NT 10-Q 2026-05-15  (61d apart)
    EXCLUDE BASA     BASANITE, INC.                     [RESIGNED ] 4.01 2026-06-05  NT 10-K 2026-03-31  (66d apart)
    EXCLUDE SOPAQ    SOCIETY PASS INCORPORATED.         [RESIGNED ] 4.01 2026-06-08  NT 10-K 2026-03-31  (69d apart)
    EXCLUDE FSI      FLEXIBLE SOLUTIONS INTERNATIONAL I [RESIGNED ] 4.01 2026-06-08  NT 10-K 2026-03-31  (69d apart)
    EXCLUDE PNXP     PINEAPPLE EXPRESS CANNABIS Co      [dismissed] 4.01 2026-05-05  NT 10-K 2026-05-05  (0d apart)
    EXCLUDE NBND     NetBrands Corp.                    [dismissed] 4.01 2026-04-01  NT 10-K 2026-03-31  (1d apart)
    EXCLUDE NIXX     Nixxy, Inc.                        [dismissed] 4.01 2026-04-03  NT 10-K 2026-04-01  (2d apart)
    EXCLUDE CLEV     Concrete Leveling Systems Inc      [dismissed] 4.01 2026-06-12  NT 10-Q 2026-06-16  (4d apart)
    EXCLUDE (no-tkr) Dravica Corp                       [dismissed] 4.01 2026-06-11  NT 10-Q 2026-06-15  (4d apart)
    EXCLUDE BGFR     BestGofer Inc.                     [dismissed] 4.01 2026-07-09  NT 10-Q 2026-07-14  (5d apart)
    EXCLUDE EQS      EQUUS TOTAL RETURN, INC.           [chg?     ] 4.01 2026-05-12  NT 10-Q 2026-05-18  (6d apart)
    EXCLUDE (no-tkr) Arboretum Silverleaf Income Fund,  [chg?     ] 4.01 2026-04-07  NT 10-K 2026-03-31  (7d apart)
    EXCLUDE RWDMU    Redwood Mortgage Investors IX      [chg?     ] 4.01 2026-05-07  NT 10-Q 2026-05-18  (11d apart)
    EXCLUDE WAST     WASTE ENERGY CORP.                 [chg?     ] 4.01 2026-05-27  NT 10-Q 2026-05-15  (12d apart)
    EXCLUDE BRUNW    Boost Run Inc.                     [dismissed] 4.01 2026-05-14  NT 10-Q 2026-05-26  (12d apart)
    EXCLUDE QMCI     QUOTEMEDIA INC                     [dismissed] 4.01 2026-04-14  NT 10-K 2026-03-31  (14d apart)
    EXCLUDE SONM     DNA X, Inc.                        [dismissed] 4.01 2026-04-30  NT 10-Q 2026-05-15  (15d apart)
    EXCLUDE MOVE     Corvex, Inc.                       [dismissed] 4.01 2026-04-28  NT 10-Q 2026-05-18  (20d apart)
    EXCLUDE ITP      IT TECH PACKAGING, INC.            [chg?     ] 4.01 2026-04-22  NT 10-Q 2026-05-13  (21d apart)
    EXCLUDE MNTR     Mentor Capital, Inc.               [dismissed] 4.01 2026-04-23  NT 10-K 2026-04-01  (22d apart)
    EXCLUDE (no-tkr) DeltaSoft Corp                     [chg?     ] 4.01 2026-06-08  NT 10-K 2026-06-30  (22d apart)
    EXCLUDE FGIWW    FGI Industries Ltd.                [dismissed] 4.01 2026-04-23  NT 10-K 2026-03-31  (23d apart)
    EXCLUDE IHT      INNSUITES HOSPITALITY TRUST        [dismissed] 4.01 2026-07-10  NT 10-Q 2026-06-16  (24d apart)
    EXCLUDE ALOY     REALLOYS INC.                      [dismissed] 4.01 2026-04-20  NT 10-Q 2026-05-15  (25d apart)
    EXCLUDE CSAI     CLOUDASTRUCTURE, INC.              [chg?     ] 4.01 2026-04-22  NT 10-Q 2026-05-18  (26d apart)
    EXCLUDE VERI     Veritone, Inc.                     [dismissed] 4.01 2026-04-28  NT 10-K 2026-04-01  (27d apart)
    EXCLUDE SNTL     Sentinel Holdings Ltd.             [dismissed] 4.01 2026-06-11  NT 10-Q 2026-05-14  (28d apart)
    EXCLUDE HGTXU    HUGOTON ROYALTY TRUST              [dismissed] 4.01 2026-04-17  NT 10-Q 2026-05-15  (28d apart)
    EXCLUDE (no-tkr) Hudson Acquisition I Corp.         [dismissed] 4.01 2026-04-10  NT 10-Q 2026-05-14  (34d apart)
    EXCLUDE BRLL     Barrel Energy Inc.                 [chg?     ] 4.01 2026-05-08  NT 10-K 2026-04-01  (37d apart)
    EXCLUDE WBSR     Webstar Technology Group Inc.      [chg?     ] 4.01 2026-06-22  NT 10-Q 2026-05-14  (39d apart)
    EXCLUDE CDTTW    CDT Equity Inc.                    [dismissed] 4.01 2026-06-29  NT 10-Q 2026-05-15  (45d apart)
    EXCLUDE FRPH     FRP HOLDINGS, INC.                 [dismissed] 4.01 2026-05-15  NT 10-K 2026-03-31  (45d apart)
    EXCLUDE TRNR     Interactive Strength, Inc.         [dismissed] 4.01 2026-07-01  NT 10-Q 2026-05-15  (47d apart)
    EXCLUDE BCRD     BlueOne Technologies, Inc.         [dismissed] 4.01 2026-05-13  NT 10-K 2026-06-29  (47d apart)
    EXCLUDE PHGE     BiomX Inc.                         [dismissed] 4.01 2026-07-02  NT 10-Q 2026-05-15  (48d apart)
    EXCLUDE ABVC     ABVC BIOPHARMA, INC.               [dismissed] 4.01 2026-07-02  NT 10-Q 2026-05-15  (48d apart)
    EXCLUDE BKYI     BIO KEY INTERNATIONAL INC          [dismissed] 4.01 2026-07-09  NT 10-Q 2026-05-18  (52d apart)
    EXCLUDE GRMLW    Greenland Mines Ltd                [chg?     ] 4.01 2026-07-08  NT 10-Q 2026-05-15  (54d apart)
    EXCLUDE HNOI     HNO International, Inc.            [dismissed] 4.01 2026-04-16  NT 10-Q 2026-06-15  (60d apart)
    EXCLUDE PMHS     Polomar Health Services, Inc.      [dismissed] 4.01 2026-07-17  NT 10-Q 2026-05-18  (60d apart)
    EXCLUDE CYCA     CYTTA CORP.                        [dismissed] 4.01 2026-06-01  NT 10-Q 2026-04-01  (61d apart)
    EXCLUDE CETY     Clean Energy Technologies, Inc.    [dismissed] 4.01 2026-07-16  NT 10-Q 2026-05-15  (62d apart)
    EXCLUDE FSHPR    Flag Ship Acquisition Corp         [dismissed] 4.01 2026-07-21  NT 10-Q 2026-05-15  (67d apart)
    EXCLUDE FJET     Starfighters Space, Inc.           [chg?     ] 4.01 2026-07-24  NT 10-Q 2026-05-15  (70d apart)
    EXCLUDE LASE     Laser Photonics Corp               [chg?     ] 4.01 2026-07-24  NT 10-Q 2026-05-15  (70d apart)
    EXCLUDE KRMN     Karman Holdings Inc.               [chg?     ] 4.01 2026-06-11  NT 10-K 2026-04-01  (71d apart)
    EXCLUDE AREC     American Resources Corp            [dismissed] 4.01 2026-07-29  NT 10-Q 2026-05-15  (75d apart)
    EXCLUDE NUTR     NUSATRIP Inc                       [chg?     ] 4.01 2026-06-15  NT 10-K 2026-03-31  (76d apart)
    EXCLUDE OBTC     Osprey Bitcoin Trust               [dismissed] 4.01 2026-06-22  NT 10-K 2026-04-01  (82d apart)
    EXCLUDE MOBQW    Mobiquity Technologies, Inc.       [dismissed] 4.01 2026-06-24  NT 10-K 2026-03-31  (85d apart)
    EXCLUDE XTIA     XTI Aerospace, Inc.                [dismissed] 4.01 2026-06-26  NT 10-K 2026-03-31  (87d apart)
  DOCTRINE: this is an EXCLUSION / anti-portfolio list (do-not-own), NOT a buy list. Either signal alone
  over-fires; only the CONJUNCTION is surfaced. Resigned auditors rank first. READ-ONLY — never orders.
[-> AUDITOR_LATE_FILING.json]


===== 2026-07-30 09:32 (desk) =====
=== AUDITOR-CHANGE x LATE-FILING EXCLUSION SCANNER  2026-07-30  (lookback 120d, intersect window 90d) ===
  LEG 1  auditor changes (8-K Item 4.01):      194 CIKs
  LEG 2  late filings (NT 10-K / NT 10-Q):      467 CIKs
  --- the conjunction's SELECTIVITY (why either leg alone over-fires) ---
  auditor-only (NOT excluded):  147    late-only (NOT excluded):  420
  >>> INTERSECTED -> EXCLUDE (do-not-own anti-portfolio): 46
    EXCLUDE (no-tkr) Gaucho Group Holdings, Inc.        [RESIGNED ] 4.01 2026-04-30  NT 10-Q 2026-05-15  (15d apart)
    EXCLUDE GWTI     GREENWAY TECHNOLOGIES, INC. & SUBS [RESIGNED ] 4.01 2026-04-17  NT 10-Q 2026-05-15  (28d apart)
    EXCLUDE GTLL     GLOBAL TECHNOLOGIES LTD            [RESIGNED ] 4.01 2026-06-16  NT 10-Q 2026-05-15  (32d apart)
    EXCLUDE PAPL     Pineapple Financial Inc.           [RESIGNED ] 4.01 2026-06-03  NT 10-Q 2026-07-15  (42d apart)
    EXCLUDE QWTR     Quest Water Global, Inc.           [RESIGNED ] 4.01 2026-05-29  NT 10-K 2026-04-01  (58d apart)
    EXCLUDE RTGN     RetinalGenix Technologies Inc.     [RESIGNED ] 4.01 2026-07-15  NT 10-Q 2026-05-15  (61d apart)
    EXCLUDE PNXP     PINEAPPLE EXPRESS CANNABIS Co      [dismissed] 4.01 2026-05-05  NT 10-K 2026-05-05  (0d apart)
    EXCLUDE NIXX     Nixxy, Inc.                        [dismissed] 4.01 2026-04-03  NT 10-K 2026-04-01  (2d apart)
    EXCLUDE CLEV     Concrete Leveling Systems Inc      [dismissed] 4.01 2026-06-12  NT 10-Q 2026-06-16  (4d apart)
    EXCLUDE (no-tkr) Dravica Corp                       [dismissed] 4.01 2026-06-11  NT 10-Q 2026-06-15  (4d apart)
    EXCLUDE BGFR     BestGofer Inc.                     [dismissed] 4.01 2026-07-09  NT 10-Q 2026-07-14  (5d apart)
    EXCLUDE EQS      EQUUS TOTAL RETURN, INC.           [chg?     ] 4.01 2026-05-12  NT 10-Q 2026-05-18  (6d apart)
    EXCLUDE RWDMU    Redwood Mortgage Investors IX      [chg?     ] 4.01 2026-05-07  NT 10-Q 2026-05-18  (11d apart)
    EXCLUDE WAST     WASTE ENERGY CORP.                 [chg?     ] 4.01 2026-05-27  NT 10-Q 2026-05-15  (12d apart)
    EXCLUDE BRUNW    Boost Run Inc.                     [dismissed] 4.01 2026-05-14  NT 10-Q 2026-05-26  (12d apart)
    EXCLUDE SONM     DNA X, Inc.                        [dismissed] 4.01 2026-04-30  NT 10-Q 2026-05-15  (15d apart)
    EXCLUDE MOVE     Corvex, Inc.                       [dismissed] 4.01 2026-04-28  NT 10-Q 2026-05-18  (20d apart)
    EXCLUDE ITP      IT TECH PACKAGING, INC.            [chg?     ] 4.01 2026-04-22  NT 10-Q 2026-05-13  (21d apart)
    EXCLUDE MNTR     Mentor Capital, Inc.               [dismissed] 4.01 2026-04-23  NT 10-K 2026-04-01  (22d apart)
    EXCLUDE (no-tkr) DeltaSoft Corp                     [chg?     ] 4.01 2026-06-08  NT 10-K 2026-06-30  (22d apart)
    EXCLUDE IHT      INNSUITES HOSPITALITY TRUST        [dismissed] 4.01 2026-07-10  NT 10-Q 2026-06-16  (24d apart)
    EXCLUDE ALOY     REALLOYS INC.                      [dismissed] 4.01 2026-04-20  NT 10-Q 2026-05-15  (25d apart)
    EXCLUDE CSAI     CLOUDASTRUCTURE, INC.              [chg?     ] 4.01 2026-04-22  NT 10-Q 2026-05-18  (26d apart)
    EXCLUDE VERI     Veritone, Inc.                     [dismissed] 4.01 2026-04-28  NT 10-K 2026-04-01  (27d apart)
    EXCLUDE SNTL     Sentinel Holdings Ltd.             [dismissed] 4.01 2026-06-11  NT 10-Q 2026-05-14  (28d apart)
    EXCLUDE HGTXU    HUGOTON ROYALTY TRUST              [dismissed] 4.01 2026-04-17  NT 10-Q 2026-05-15  (28d apart)
    EXCLUDE (no-tkr) Hudson Acquisition I Corp.         [dismissed] 4.01 2026-04-10  NT 10-Q 2026-05-14  (34d apart)
    EXCLUDE BRLL     Barrel Energy Inc.                 [chg?     ] 4.01 2026-05-08  NT 10-K 2026-04-01  (37d apart)
    EXCLUDE WBSR     Webstar Technology Group Inc.      [chg?     ] 4.01 2026-06-22  NT 10-Q 2026-05-14  (39d apart)
    EXCLUDE CDTTW    CDT Equity Inc.                    [dismissed] 4.01 2026-06-29  NT 10-Q 2026-05-15  (45d apart)
    EXCLUDE TRNR     Interactive Strength, Inc.         [dismissed] 4.01 2026-07-01  NT 10-Q 2026-05-15  (47d apart)
    EXCLUDE BCRD     BlueOne Technologies, Inc.         [dismissed] 4.01 2026-05-13  NT 10-K 2026-06-29  (47d apart)
    EXCLUDE PHGE     BiomX Inc.                         [dismissed] 4.01 2026-07-02  NT 10-Q 2026-05-15  (48d apart)
    EXCLUDE ABVC     ABVC BIOPHARMA, INC.               [dismissed] 4.01 2026-07-02  NT 10-Q 2026-05-15  (48d apart)
    EXCLUDE BKYI     BIO KEY INTERNATIONAL INC          [dismissed] 4.01 2026-07-09  NT 10-Q 2026-05-18  (52d apart)
    EXCLUDE GRMLW    Greenland Mines Ltd                [chg?     ] 4.01 2026-07-08  NT 10-Q 2026-05-15  (54d apart)
    EXCLUDE HNOI     HNO International, Inc.            [dismissed] 4.01 2026-04-16  NT 10-Q 2026-06-15  (60d apart)
    EXCLUDE PMHS     Polomar Health Services, Inc.      [dismissed] 4.01 2026-07-17  NT 10-Q 2026-05-18  (60d apart)
    EXCLUDE CYCA     CYTTA CORP.                        [dismissed] 4.01 2026-06-01  NT 10-Q 2026-04-01  (61d apart)
    EXCLUDE CETY     Clean Energy Technologies, Inc.    [dismissed] 4.01 2026-07-16  NT 10-Q 2026-05-15  (62d apart)
    EXCLUDE FSHPR    Flag Ship Acquisition Corp         [dismissed] 4.01 2026-07-21  NT 10-Q 2026-05-15  (67d apart)
    EXCLUDE FJET     Starfighters Space, Inc.           [chg?     ] 4.01 2026-07-24  NT 10-Q 2026-05-15  (70d apart)
    EXCLUDE LASE     Laser Photonics Corp               [chg?     ] 4.01 2026-07-24  NT 10-Q 2026-05-15  (70d apart)
    EXCLUDE KRMN     Karman Holdings Inc.               [chg?     ] 4.01 2026-06-11  NT 10-K 2026-04-01  (71d apart)
    EXCLUDE AREC     American Resources Corp            [dismissed] 4.01 2026-07-29  NT 10-Q 2026-05-15  (75d apart)
    EXCLUDE OBTC     Osprey Bitcoin Trust               [dismissed] 4.01 2026-06-22  NT 10-K 2026-04-01  (82d apart)
  DOCTRINE: this is an EXCLUSION / anti-portfolio list (do-not-own), NOT a buy list. Either signal alone
  over-fires; only the CONJUNCTION is surfaced. Resigned auditors rank first. READ-ONLY — never orders.
[-> AUDITOR_LATE_FILING.json]


===== 2026-07-31 10:37 (desk) =====
=== AUDITOR-CHANGE x LATE-FILING EXCLUSION SCANNER  2026-07-31  (lookback 120d, intersect window 90d) ===
  LEG 1  auditor changes (8-K Item 4.01):      190 CIKs
  LEG 2  late filings (NT 10-K / NT 10-Q):      392 CIKs
  --- the conjunction's SELECTIVITY (why either leg alone over-fires) ---
  auditor-only (NOT excluded):  152    late-only (NOT excluded):  354
  >>> INTERSECTED -> EXCLUDE (do-not-own anti-portfolio): 38
    EXCLUDE (no-tkr) Gaucho Group Holdings, Inc.        [RESIGNED ] 4.01 2026-04-30  NT 10-Q 2026-05-15  (15d apart)
    EXCLUDE GWTI     GREENWAY TECHNOLOGIES, INC. & SUBS [RESIGNED ] 4.01 2026-04-17  NT 10-Q 2026-05-15  (28d apart)
    EXCLUDE GTLL     GLOBAL TECHNOLOGIES LTD            [RESIGNED ] 4.01 2026-06-16  NT 10-Q 2026-05-15  (32d apart)
    EXCLUDE PAPL     Pineapple Financial Inc.           [RESIGNED ] 4.01 2026-06-03  NT 10-Q 2026-07-15  (42d apart)
    EXCLUDE RTGN     RetinalGenix Technologies Inc.     [RESIGNED ] 4.01 2026-07-15  NT 10-Q 2026-05-15  (61d apart)
    EXCLUDE PNXP     PINEAPPLE EXPRESS CANNABIS Co      [dismissed] 4.01 2026-05-05  NT 10-K 2026-05-05  (0d apart)
    EXCLUDE CLEV     Concrete Leveling Systems Inc      [dismissed] 4.01 2026-06-12  NT 10-Q 2026-06-16  (4d apart)
    EXCLUDE (no-tkr) Dravica Corp                       [dismissed] 4.01 2026-06-11  NT 10-Q 2026-06-15  (4d apart)
    EXCLUDE BGFR     BestGofer Inc.                     [dismissed] 4.01 2026-07-09  NT 10-Q 2026-07-14  (5d apart)
    EXCLUDE EQS      EQUUS TOTAL RETURN, INC.           [chg?     ] 4.01 2026-05-12  NT 10-Q 2026-05-18  (6d apart)
    EXCLUDE RWDMU    Redwood Mortgage Investors IX      [chg?     ] 4.01 2026-05-07  NT 10-Q 2026-05-18  (11d apart)
    EXCLUDE WAST     WASTE ENERGY CORP.                 [chg?     ] 4.01 2026-05-27  NT 10-Q 2026-05-15  (12d apart)
    EXCLUDE BRUNW    Boost Run Inc.                     [dismissed] 4.01 2026-05-14  NT 10-Q 2026-05-26  (12d apart)
    EXCLUDE SONM     DNA X, Inc.                        [dismissed] 4.01 2026-04-30  NT 10-Q 2026-05-15  (15d apart)
    EXCLUDE MOVE     Corvex, Inc.                       [dismissed] 4.01 2026-04-28  NT 10-Q 2026-05-18  (20d apart)
    EXCLUDE ITP      IT TECH PACKAGING, INC.            [chg?     ] 4.01 2026-04-22  NT 10-Q 2026-05-13  (21d apart)
    EXCLUDE (no-tkr) DeltaSoft Corp                     [chg?     ] 4.01 2026-06-08  NT 10-K 2026-06-30  (22d apart)
    EXCLUDE IHT      INNSUITES HOSPITALITY TRUST        [dismissed] 4.01 2026-07-10  NT 10-Q 2026-06-16  (24d apart)
    EXCLUDE ALOY     REALLOYS INC.                      [dismissed] 4.01 2026-04-20  NT 10-Q 2026-05-15  (25d apart)
    EXCLUDE CSAI     CLOUDASTRUCTURE, INC.              [chg?     ] 4.01 2026-04-22  NT 10-Q 2026-05-18  (26d apart)
    EXCLUDE SNTL     Sentinel Holdings Ltd.             [dismissed] 4.01 2026-06-11  NT 10-Q 2026-05-14  (28d apart)
    EXCLUDE HGTXU    HUGOTON ROYALTY TRUST              [dismissed] 4.01 2026-04-17  NT 10-Q 2026-05-15  (28d apart)
    EXCLUDE (no-tkr) Hudson Acquisition I Corp.         [dismissed] 4.01 2026-04-10  NT 10-Q 2026-05-14  (34d apart)
    EXCLUDE WBSR     Webstar Technology Group Inc.      [chg?     ] 4.01 2026-06-22  NT 10-Q 2026-05-14  (39d apart)
    EXCLUDE CDTTW    CDT Equity Inc.                    [dismissed] 4.01 2026-06-29  NT 10-Q 2026-05-15  (45d apart)
    EXCLUDE TRNR     Interactive Strength, Inc.         [dismissed] 4.01 2026-07-01  NT 10-Q 2026-05-15  (47d apart)
    EXCLUDE BCRD     BlueOne Technologies, Inc.         [dismissed] 4.01 2026-05-13  NT 10-K 2026-06-29  (47d apart)
    EXCLUDE PHGE     BiomX Inc.                         [dismissed] 4.01 2026-07-02  NT 10-Q 2026-05-15  (48d apart)
    EXCLUDE ABVC     ABVC BIOPHARMA, INC.               [dismissed] 4.01 2026-07-02  NT 10-Q 2026-05-15  (48d apart)
    EXCLUDE BKYI     BIO KEY INTERNATIONAL INC          [dismissed] 4.01 2026-07-09  NT 10-Q 2026-05-18  (52d apart)
    EXCLUDE GRMLW    Greenland Mines Ltd                [chg?     ] 4.01 2026-07-08  NT 10-Q 2026-05-15  (54d apart)
    EXCLUDE HNOI     HNO International, Inc.            [dismissed] 4.01 2026-04-16  NT 10-Q 2026-06-15  (60d apart)
    EXCLUDE PMHS     Polomar Health Services, Inc.      [dismissed] 4.01 2026-07-17  NT 10-Q 2026-05-18  (60d apart)
    EXCLUDE CETY     Clean Energy Technologies, Inc.    [dismissed] 4.01 2026-07-16  NT 10-Q 2026-05-15  (62d apart)
    EXCLUDE FSHPR    Flag Ship Acquisition Corp         [dismissed] 4.01 2026-07-21  NT 10-Q 2026-05-15  (67d apart)
    EXCLUDE FJET     Starfighters Space, Inc.           [chg?     ] 4.01 2026-07-24  NT 10-Q 2026-05-15  (70d apart)
    EXCLUDE LASE     Laser Photonics Corp               [chg?     ] 4.01 2026-07-24  NT 10-Q 2026-05-15  (70d apart)
    EXCLUDE AREC     American Resources Corp            [dismissed] 4.01 2026-07-29  NT 10-Q 2026-05-15  (75d apart)
  DOCTRINE: this is an EXCLUSION / anti-portfolio list (do-not-own), NOT a buy list. Either signal alone
  over-fires; only the CONJUNCTION is surfaced. Resigned auditors rank first. READ-ONLY — never orders.
[-> AUDITOR_LATE_FILING.json]


===== 2026-08-03 00:44 (desk) =====
=== AUDITOR-CHANGE x LATE-FILING EXCLUSION SCANNER  2026-08-03  (lookback 120d, intersect window 90d) ===
  LEG 1  auditor changes (8-K Item 4.01):      188 CIKs
  LEG 2  late filings (NT 10-K / NT 10-Q):      386 CIKs
  --- the conjunction's SELECTIVITY (why either leg alone over-fires) ---
  auditor-only (NOT excluded):  150    late-only (NOT excluded):  348
  >>> INTERSECTED -> EXCLUDE (do-not-own anti-portfolio): 38
    EXCLUDE (no-tkr) Gaucho Group Holdings, Inc.        [RESIGNED ] 4.01 2026-04-30  NT 10-Q 2026-05-15  (15d apart)
    EXCLUDE GWTI     GREENWAY TECHNOLOGIES, INC. & SUBS [RESIGNED ] 4.01 2026-04-17  NT 10-Q 2026-05-15  (28d apart)
    EXCLUDE GTLL     GLOBAL TECHNOLOGIES LTD            [RESIGNED ] 4.01 2026-06-16  NT 10-Q 2026-05-15  (32d apart)
    EXCLUDE PAPL     Pineapple Financial Inc.           [RESIGNED ] 4.01 2026-06-03  NT 10-Q 2026-07-15  (42d apart)
    EXCLUDE RTGN     RetinalGenix Technologies Inc.     [RESIGNED ] 4.01 2026-07-15  NT 10-Q 2026-05-15  (61d apart)
    EXCLUDE PNXP     PINEAPPLE EXPRESS CANNABIS Co      [dismissed] 4.01 2026-05-05  NT 10-K 2026-05-05  (0d apart)
    EXCLUDE CLEV     Concrete Leveling Systems Inc      [dismissed] 4.01 2026-06-12  NT 10-Q 2026-06-16  (4d apart)
    EXCLUDE (no-tkr) Dravica Corp                       [dismissed] 4.01 2026-06-11  NT 10-Q 2026-06-15  (4d apart)
    EXCLUDE BGFR     BestGofer Inc.                     [dismissed] 4.01 2026-07-09  NT 10-Q 2026-07-14  (5d apart)
    EXCLUDE EQS      EQUUS TOTAL RETURN, INC.           [chg?     ] 4.01 2026-05-12  NT 10-Q 2026-05-18  (6d apart)
    EXCLUDE RWDMU    Redwood Mortgage Investors IX      [chg?     ] 4.01 2026-05-07  NT 10-Q 2026-05-18  (11d apart)
    EXCLUDE WAST     WASTE ENERGY CORP.                 [chg?     ] 4.01 2026-05-27  NT 10-Q 2026-05-15  (12d apart)
    EXCLUDE BRUNW    Boost Run Inc.                     [dismissed] 4.01 2026-05-14  NT 10-Q 2026-05-26  (12d apart)
    EXCLUDE SONM     DNA X, Inc.                        [dismissed] 4.01 2026-04-30  NT 10-Q 2026-05-15  (15d apart)
    EXCLUDE MOVE     Corvex, Inc.                       [dismissed] 4.01 2026-04-28  NT 10-Q 2026-05-18  (20d apart)
    EXCLUDE ITP      IT TECH PACKAGING, INC.            [chg?     ] 4.01 2026-04-22  NT 10-Q 2026-05-13  (21d apart)
    EXCLUDE (no-tkr) DeltaSoft Corp                     [chg?     ] 4.01 2026-06-08  NT 10-K 2026-06-30  (22d apart)
    EXCLUDE IHT      INNSUITES HOSPITALITY TRUST        [dismissed] 4.01 2026-07-10  NT 10-Q 2026-06-16  (24d apart)
    EXCLUDE ALOY     REALLOYS INC.                      [dismissed] 4.01 2026-04-20  NT 10-Q 2026-05-15  (25d apart)
    EXCLUDE CSAI     CLOUDASTRUCTURE, INC.              [chg?     ] 4.01 2026-04-22  NT 10-Q 2026-05-18  (26d apart)
    EXCLUDE SNTL     Sentinel Holdings Ltd.             [dismissed] 4.01 2026-06-11  NT 10-Q 2026-05-14  (28d apart)
    EXCLUDE HGTXU    HUGOTON ROYALTY TRUST              [dismissed] 4.01 2026-04-17  NT 10-Q 2026-05-15  (28d apart)
    EXCLUDE (no-tkr) Hudson Acquisition I Corp.         [dismissed] 4.01 2026-04-10  NT 10-Q 2026-05-14  (34d apart)
    EXCLUDE WBSR     Webstar Technology Group Inc.      [chg?     ] 4.01 2026-06-22  NT 10-Q 2026-05-14  (39d apart)
    EXCLUDE CDTTW    CDT Equity Inc.                    [dismissed] 4.01 2026-06-29  NT 10-Q 2026-05-15  (45d apart)
    EXCLUDE TRNR     Interactive Strength, Inc.         [dismissed] 4.01 2026-07-01  NT 10-Q 2026-05-15  (47d apart)
    EXCLUDE BCRD     BlueOne Technologies, Inc.         [dismissed] 4.01 2026-05-13  NT 10-K 2026-06-29  (47d apart)
    EXCLUDE PHGE     BiomX Inc.                         [dismissed] 4.01 2026-07-02  NT 10-Q 2026-05-15  (48d apart)
    EXCLUDE ABVC     ABVC BIOPHARMA, INC.               [dismissed] 4.01 2026-07-02  NT 10-Q 2026-05-15  (48d apart)
    EXCLUDE BKYI     BIO KEY INTERNATIONAL INC          [dismissed] 4.01 2026-07-09  NT 10-Q 2026-05-18  (52d apart)
    EXCLUDE GRMLW    Greenland Mines Ltd                [chg?     ] 4.01 2026-07-08  NT 10-Q 2026-05-15  (54d apart)
    EXCLUDE HNOI     HNO International, Inc.            [dismissed] 4.01 2026-04-16  NT 10-Q 2026-06-15  (60d apart)
    EXCLUDE PMHS     Polomar Health Services, Inc.      [dismissed] 4.01 2026-07-17  NT 10-Q 2026-05-18  (60d apart)
    EXCLUDE CETY     Clean Energy Technologies, Inc.    [dismissed] 4.01 2026-07-16  NT 10-Q 2026-05-15  (62d apart)
    EXCLUDE FSHPR    Flag Ship Acquisition Corp         [dismissed] 4.01 2026-07-21  NT 10-Q 2026-05-15  (67d apart)
    EXCLUDE FJET     Starfighters Space, Inc.           [chg?     ] 4.01 2026-07-24  NT 10-Q 2026-05-15  (70d apart)
    EXCLUDE LASE     Laser Photonics Corp               [chg?     ] 4.01 2026-07-24  NT 10-Q 2026-05-15  (70d apart)
    EXCLUDE AREC     American Resources Corp            [dismissed] 4.01 2026-07-29  NT 10-Q 2026-05-15  (75d apart)
  DOCTRINE: this is an EXCLUSION / anti-portfolio list (do-not-own), NOT a buy list. Either signal alone
  over-fires; only the CONJUNCTION is surfaced. Resigned auditors rank first. READ-ONLY — never orders.
[-> AUDITOR_LATE_FILING.json]


===== 2026-08-04 01:34 (desk) =====
=== AUDITOR-CHANGE x LATE-FILING EXCLUSION SCANNER  2026-08-04  (lookback 120d, intersect window 90d) ===
  LEG 1  auditor changes (8-K Item 4.01):      191 CIKs
  LEG 2  late filings (NT 10-K / NT 10-Q):      386 CIKs
  --- the conjunction's SELECTIVITY (why either leg alone over-fires) ---
  auditor-only (NOT excluded):  152    late-only (NOT excluded):  347
  >>> INTERSECTED -> EXCLUDE (do-not-own anti-portfolio): 39
    EXCLUDE (no-tkr) Gaucho Group Holdings, Inc.        [RESIGNED ] 4.01 2026-04-30  NT 10-Q 2026-05-15  (15d apart)
    EXCLUDE GWTI     GREENWAY TECHNOLOGIES, INC. & SUBS [RESIGNED ] 4.01 2026-04-17  NT 10-Q 2026-05-15  (28d apart)
    EXCLUDE GTLL     GLOBAL TECHNOLOGIES LTD            [RESIGNED ] 4.01 2026-06-16  NT 10-Q 2026-05-15  (32d apart)
    EXCLUDE PAPL     Pineapple Financial Inc.           [RESIGNED ] 4.01 2026-06-03  NT 10-Q 2026-07-15  (42d apart)
    EXCLUDE RTGN     RetinalGenix Technologies Inc.     [RESIGNED ] 4.01 2026-07-15  NT 10-Q 2026-05-15  (61d apart)
    EXCLUDE PNXP     PINEAPPLE EXPRESS CANNABIS Co      [dismissed] 4.01 2026-05-05  NT 10-K 2026-05-05  (0d apart)
    EXCLUDE (no-tkr) ALEXANDER TECH CORP                [dismissed] 4.01 2026-08-03  NT 10-K 2026-07-30  (4d apart)
    EXCLUDE CLEV     Concrete Leveling Systems Inc      [dismissed] 4.01 2026-06-12  NT 10-Q 2026-06-16  (4d apart)
    EXCLUDE (no-tkr) Dravica Corp                       [dismissed] 4.01 2026-06-11  NT 10-Q 2026-06-15  (4d apart)
    EXCLUDE BGFR     BestGofer Inc.                     [dismissed] 4.01 2026-07-09  NT 10-Q 2026-07-14  (5d apart)
    EXCLUDE EQS      EQUUS TOTAL RETURN, INC.           [chg?     ] 4.01 2026-05-12  NT 10-Q 2026-05-18  (6d apart)
    EXCLUDE RWDMU    Redwood Mortgage Investors IX      [chg?     ] 4.01 2026-05-07  NT 10-Q 2026-05-18  (11d apart)
    EXCLUDE WAST     WASTE ENERGY CORP.                 [chg?     ] 4.01 2026-05-27  NT 10-Q 2026-05-15  (12d apart)
    EXCLUDE BRUNW    Boost Run Inc.                     [dismissed] 4.01 2026-05-14  NT 10-Q 2026-05-26  (12d apart)
    EXCLUDE SONM     DNA X, Inc.                        [dismissed] 4.01 2026-04-30  NT 10-Q 2026-05-15  (15d apart)
    EXCLUDE MOVE     Corvex, Inc.                       [dismissed] 4.01 2026-04-28  NT 10-Q 2026-05-18  (20d apart)
    EXCLUDE ITP      IT TECH PACKAGING, INC.            [chg?     ] 4.01 2026-04-22  NT 10-Q 2026-05-13  (21d apart)
    EXCLUDE (no-tkr) DeltaSoft Corp                     [chg?     ] 4.01 2026-06-08  NT 10-K 2026-06-30  (22d apart)
    EXCLUDE IHT      INNSUITES HOSPITALITY TRUST        [dismissed] 4.01 2026-07-10  NT 10-Q 2026-06-16  (24d apart)
    EXCLUDE ALOY     REALLOYS INC.                      [dismissed] 4.01 2026-04-20  NT 10-Q 2026-05-15  (25d apart)
    EXCLUDE CSAI     CLOUDASTRUCTURE, INC.              [chg?     ] 4.01 2026-04-22  NT 10-Q 2026-05-18  (26d apart)
    EXCLUDE SNTL     Sentinel Holdings Ltd.             [dismissed] 4.01 2026-06-11  NT 10-Q 2026-05-14  (28d apart)
    EXCLUDE HGTXU    HUGOTON ROYALTY TRUST              [dismissed] 4.01 2026-04-17  NT 10-Q 2026-05-15  (28d apart)
    EXCLUDE (no-tkr) Hudson Acquisition I Corp.         [dismissed] 4.01 2026-04-10  NT 10-Q 2026-05-14  (34d apart)
    EXCLUDE WBSR     Webstar Technology Group Inc.      [chg?     ] 4.01 2026-06-22  NT 10-Q 2026-05-14  (39d apart)
    EXCLUDE CDTTW    CDT Equity Inc.                    [dismissed] 4.01 2026-06-29  NT 10-Q 2026-05-15  (45d apart)
    EXCLUDE TRNR     Interactive Strength, Inc.         [dismissed] 4.01 2026-07-01  NT 10-Q 2026-05-15  (47d apart)
    EXCLUDE BCRD     BlueOne Technologies, Inc.         [dismissed] 4.01 2026-05-13  NT 10-K 2026-06-29  (47d apart)
    EXCLUDE PHGE     BiomX Inc.                         [dismissed] 4.01 2026-07-02  NT 10-Q 2026-05-15  (48d apart)
    EXCLUDE ABVC     ABVC BIOPHARMA, INC.               [dismissed] 4.01 2026-07-02  NT 10-Q 2026-05-15  (48d apart)
    EXCLUDE BKYI     BIO KEY INTERNATIONAL INC          [dismissed] 4.01 2026-07-09  NT 10-Q 2026-05-18  (52d apart)
    EXCLUDE GRMLW    Greenland Mines Ltd                [chg?     ] 4.01 2026-07-08  NT 10-Q 2026-05-15  (54d apart)
    EXCLUDE HNOI     HNO International, Inc.            [dismissed] 4.01 2026-04-16  NT 10-Q 2026-06-15  (60d apart)
    EXCLUDE PMHS     Polomar Health Services, Inc.      [dismissed] 4.01 2026-07-17  NT 10-Q 2026-05-18  (60d apart)
    EXCLUDE CETY     Clean Energy Technologies, Inc.    [dismissed] 4.01 2026-07-16  NT 10-Q 2026-05-15  (62d apart)
    EXCLUDE FSHPR    Flag Ship Acquisition Corp         [dismissed] 4.01 2026-07-21  NT 10-Q 2026-05-15  (67d apart)
    EXCLUDE FJET     Starfighters Space, Inc.           [chg?     ] 4.01 2026-07-24  NT 10-Q 2026-05-15  (70d apart)
    EXCLUDE LASE     Laser Photonics Corp               [chg?     ] 4.01 2026-07-24  NT 10-Q 2026-05-15  (70d apart)
    EXCLUDE AREC     American Resources Corp            [dismissed] 4.01 2026-07-29  NT 10-Q 2026-05-15  (75d apart)
  DOCTRINE: this is an EXCLUSION / anti-portfolio list (do-not-own), NOT a buy list. Either signal alone
  over-fires; only the CONJUNCTION is surfaced. Resigned auditors rank first. READ-ONLY — never orders.
[-> AUDITOR_LATE_FILING.json]


===== 2026-08-05 02:39 (desk) =====
=== AUDITOR-CHANGE x LATE-FILING EXCLUSION SCANNER  2026-08-05  (lookback 120d, intersect window 90d) ===
  LEG 1  auditor changes (8-K Item 4.01):      189 CIKs
  LEG 2  late filings (NT 10-K / NT 10-Q):      385 CIKs
  --- the conjunction's SELECTIVITY (why either leg alone over-fires) ---
  auditor-only (NOT excluded):  149    late-only (NOT excluded):  345
  >>> INTERSECTED -> EXCLUDE (do-not-own anti-portfolio): 40
    EXCLUDE (no-tkr) Gaucho Group Holdings, Inc.        [RESIGNED ] 4.01 2026-04-30  NT 10-Q 2026-05-15  (15d apart)
    EXCLUDE NUCLW    Eagle Nuclear Energy Corp.         [RESIGNED ] 4.01 2026-08-04  NT 10-Q 2026-07-15  (20d apart)
    EXCLUDE GWTI     GREENWAY TECHNOLOGIES, INC. & SUBS [RESIGNED ] 4.01 2026-04-17  NT 10-Q 2026-05-15  (28d apart)
    EXCLUDE GTLL     GLOBAL TECHNOLOGIES LTD            [RESIGNED ] 4.01 2026-06-16  NT 10-Q 2026-05-15  (32d apart)
    EXCLUDE PAPL     Pineapple Financial Inc.           [RESIGNED ] 4.01 2026-06-03  NT 10-Q 2026-07-15  (42d apart)
    EXCLUDE RTGN     RetinalGenix Technologies Inc.     [RESIGNED ] 4.01 2026-07-15  NT 10-Q 2026-05-15  (61d apart)
    EXCLUDE PNXP     PINEAPPLE EXPRESS CANNABIS Co      [dismissed] 4.01 2026-05-05  NT 10-K 2026-05-05  (0d apart)
    EXCLUDE (no-tkr) ALEXANDER TECH CORP                [dismissed] 4.01 2026-08-03  NT 10-K 2026-07-30  (4d apart)
    EXCLUDE CLEV     Concrete Leveling Systems Inc      [dismissed] 4.01 2026-06-12  NT 10-Q 2026-06-16  (4d apart)
    EXCLUDE (no-tkr) Dravica Corp                       [dismissed] 4.01 2026-06-11  NT 10-Q 2026-06-15  (4d apart)
    EXCLUDE BGFR     BestGofer Inc.                     [dismissed] 4.01 2026-07-09  NT 10-Q 2026-07-14  (5d apart)
    EXCLUDE EQS      EQUUS TOTAL RETURN, INC.           [chg?     ] 4.01 2026-05-12  NT 10-Q 2026-05-18  (6d apart)
    EXCLUDE RWDMU    Redwood Mortgage Investors IX      [chg?     ] 4.01 2026-05-07  NT 10-Q 2026-05-18  (11d apart)
    EXCLUDE WAST     WASTE ENERGY CORP.                 [chg?     ] 4.01 2026-05-27  NT 10-Q 2026-05-15  (12d apart)
    EXCLUDE BRUNW    Boost Run Inc.                     [dismissed] 4.01 2026-05-14  NT 10-Q 2026-05-26  (12d apart)
    EXCLUDE SONM     DNA X, Inc.                        [dismissed] 4.01 2026-04-30  NT 10-Q 2026-05-15  (15d apart)
    EXCLUDE MOVE     Corvex, Inc.                       [dismissed] 4.01 2026-04-28  NT 10-Q 2026-05-18  (20d apart)
    EXCLUDE ITP      IT TECH PACKAGING, INC.            [chg?     ] 4.01 2026-04-22  NT 10-Q 2026-05-13  (21d apart)
    EXCLUDE (no-tkr) DeltaSoft Corp                     [chg?     ] 4.01 2026-06-08  NT 10-K 2026-06-30  (22d apart)
    EXCLUDE IHT      INNSUITES HOSPITALITY TRUST        [dismissed] 4.01 2026-07-10  NT 10-Q 2026-06-16  (24d apart)
    EXCLUDE ALOY     REALLOYS INC.                      [dismissed] 4.01 2026-04-20  NT 10-Q 2026-05-15  (25d apart)
    EXCLUDE CSAI     CLOUDASTRUCTURE, INC.              [chg?     ] 4.01 2026-04-22  NT 10-Q 2026-05-18  (26d apart)
    EXCLUDE SNTL     Sentinel Holdings Ltd.             [dismissed] 4.01 2026-06-11  NT 10-Q 2026-05-14  (28d apart)
    EXCLUDE HGTXU    HUGOTON ROYALTY TRUST              [dismissed] 4.01 2026-04-17  NT 10-Q 2026-05-15  (28d apart)
    EXCLUDE (no-tkr) Hudson Acquisition I Corp.         [dismissed] 4.01 2026-04-10  NT 10-Q 2026-05-14  (34d apart)
    EXCLUDE WBSR     Webstar Technology Group Inc.      [chg?     ] 4.01 2026-06-22  NT 10-Q 2026-05-14  (39d apart)
    EXCLUDE CDTTW    CDT Equity Inc.                    [dismissed] 4.01 2026-06-29  NT 10-Q 2026-05-15  (45d apart)
    EXCLUDE TRNR     Interactive Strength, Inc.         [dismissed] 4.01 2026-07-01  NT 10-Q 2026-05-15  (47d apart)
    EXCLUDE BCRD     BlueOne Technologies, Inc.         [dismissed] 4.01 2026-05-13  NT 10-K 2026-06-29  (47d apart)
    EXCLUDE PHGE     BiomX Inc.                         [dismissed] 4.01 2026-07-02  NT 10-Q 2026-05-15  (48d apart)
    EXCLUDE ABVC     ABVC BIOPHARMA, INC.               [dismissed] 4.01 2026-07-02  NT 10-Q 2026-05-15  (48d apart)
    EXCLUDE BKYI     BIO KEY INTERNATIONAL INC          [dismissed] 4.01 2026-07-09  NT 10-Q 2026-05-18  (52d apart)
    EXCLUDE GRMLW    Greenland Mines Ltd                [chg?     ] 4.01 2026-07-08  NT 10-Q 2026-05-15  (54d apart)
    EXCLUDE HNOI     HNO International, Inc.            [dismissed] 4.01 2026-04-16  NT 10-Q 2026-06-15  (60d apart)
    EXCLUDE PMHS     Polomar Health Services, Inc.      [dismissed] 4.01 2026-07-17  NT 10-Q 2026-05-18  (60d apart)
    EXCLUDE CETY     Clean Energy Technologies, Inc.    [dismissed] 4.01 2026-07-16  NT 10-Q 2026-05-15  (62d apart)
    EXCLUDE FSHPR    Flag Ship Acquisition Corp         [dismissed] 4.01 2026-07-21  NT 10-Q 2026-05-15  (67d apart)
    EXCLUDE FJET     Starfighters Space, Inc.           [chg?     ] 4.01 2026-07-24  NT 10-Q 2026-05-15  (70d apart)
    EXCLUDE LASE     Laser Photonics Corp               [chg?     ] 4.01 2026-07-24  NT 10-Q 2026-05-15  (70d apart)
    EXCLUDE AREC     American Resources Corp            [dismissed] 4.01 2026-07-29  NT 10-Q 2026-05-15  (75d apart)
  DOCTRINE: this is an EXCLUSION / anti-portfolio list (do-not-own), NOT a buy list. Either signal alone
  over-fires; only the CONJUNCTION is surfaced. Resigned auditors rank first. READ-ONLY — never orders.
[-> AUDITOR_LATE_FILING.json]


===== 2026-08-06 03:33 (desk) =====
=== AUDITOR-CHANGE x LATE-FILING EXCLUSION SCANNER  2026-08-06  (lookback 120d, intersect window 90d) ===
  LEG 1  auditor changes (8-K Item 4.01):      183 CIKs
  LEG 2  late filings (NT 10-K / NT 10-Q):      383 CIKs
  --- the conjunction's SELECTIVITY (why either leg alone over-fires) ---
  auditor-only (NOT excluded):  143    late-only (NOT excluded):  343
  >>> INTERSECTED -> EXCLUDE (do-not-own anti-portfolio): 40
    EXCLUDE (no-tkr) ALEXANDER TECH CORP                [RESIGNED ] 4.01 2026-08-05  NT 10-K 2026-07-30  (6d apart)
    EXCLUDE (no-tkr) Gaucho Group Holdings, Inc.        [RESIGNED ] 4.01 2026-04-30  NT 10-Q 2026-05-15  (15d apart)
    EXCLUDE GWTI     GREENWAY TECHNOLOGIES, INC. & SUBS [RESIGNED ] 4.01 2026-04-17  NT 10-Q 2026-05-15  (28d apart)
    EXCLUDE GTLL     GLOBAL TECHNOLOGIES LTD            [RESIGNED ] 4.01 2026-06-16  NT 10-Q 2026-05-15  (32d apart)
    EXCLUDE PAPL     Pineapple Financial Inc.           [RESIGNED ] 4.01 2026-06-03  NT 10-Q 2026-07-15  (42d apart)
    EXCLUDE RTGN     RetinalGenix Technologies Inc.     [RESIGNED ] 4.01 2026-07-15  NT 10-Q 2026-05-15  (61d apart)
    EXCLUDE PNXP     PINEAPPLE EXPRESS CANNABIS Co      [dismissed] 4.01 2026-05-05  NT 10-K 2026-05-05  (0d apart)
    EXCLUDE CLEV     Concrete Leveling Systems Inc      [dismissed] 4.01 2026-06-12  NT 10-Q 2026-06-16  (4d apart)
    EXCLUDE (no-tkr) Dravica Corp                       [dismissed] 4.01 2026-06-11  NT 10-Q 2026-06-15  (4d apart)
    EXCLUDE BGFR     BestGofer Inc.                     [dismissed] 4.01 2026-07-09  NT 10-Q 2026-07-14  (5d apart)
    EXCLUDE EQS      EQUUS TOTAL RETURN, INC.           [chg?     ] 4.01 2026-05-12  NT 10-Q 2026-05-18  (6d apart)
    EXCLUDE RWDMU    Redwood Mortgage Investors IX      [chg?     ] 4.01 2026-05-07  NT 10-Q 2026-05-18  (11d apart)
    EXCLUDE WAST     WASTE ENERGY CORP.                 [chg?     ] 4.01 2026-05-27  NT 10-Q 2026-05-15  (12d apart)
    EXCLUDE BRUNW    Boost Run Inc.                     [dismissed] 4.01 2026-05-14  NT 10-Q 2026-05-26  (12d apart)
    EXCLUDE SONM     DNA X, Inc.                        [dismissed] 4.01 2026-04-30  NT 10-Q 2026-05-15  (15d apart)
    EXCLUDE MOVE     Corvex, Inc.                       [dismissed] 4.01 2026-04-28  NT 10-Q 2026-05-18  (20d apart)
    EXCLUDE NUCLW    Eagle Nuclear Energy Corp.         [chg?     ] 4.01 2026-08-05  NT 10-Q 2026-07-15  (21d apart)
    EXCLUDE ITP      IT TECH PACKAGING, INC.            [chg?     ] 4.01 2026-04-22  NT 10-Q 2026-05-13  (21d apart)
    EXCLUDE (no-tkr) DeltaSoft Corp                     [chg?     ] 4.01 2026-06-08  NT 10-K 2026-06-30  (22d apart)
    EXCLUDE IHT      INNSUITES HOSPITALITY TRUST        [dismissed] 4.01 2026-07-10  NT 10-Q 2026-06-16  (24d apart)
    EXCLUDE ALOY     REALLOYS INC.                      [dismissed] 4.01 2026-04-20  NT 10-Q 2026-05-15  (25d apart)
    EXCLUDE CSAI     CLOUDASTRUCTURE, INC.              [chg?     ] 4.01 2026-04-22  NT 10-Q 2026-05-18  (26d apart)
    EXCLUDE SNTL     Sentinel Holdings Ltd.             [dismissed] 4.01 2026-06-11  NT 10-Q 2026-05-14  (28d apart)
    EXCLUDE HGTXU    HUGOTON ROYALTY TRUST              [dismissed] 4.01 2026-04-17  NT 10-Q 2026-05-15  (28d apart)
    EXCLUDE (no-tkr) Hudson Acquisition I Corp.         [dismissed] 4.01 2026-04-10  NT 10-Q 2026-05-14  (34d apart)
    EXCLUDE WBSR     Webstar Technology Group Inc.      [chg?     ] 4.01 2026-06-22  NT 10-Q 2026-05-14  (39d apart)
    EXCLUDE CDTTW    CDT Equity Inc.                    [dismissed] 4.01 2026-06-29  NT 10-Q 2026-05-15  (45d apart)
    EXCLUDE TRNR     Interactive Strength, Inc.         [dismissed] 4.01 2026-07-01  NT 10-Q 2026-05-15  (47d apart)
    EXCLUDE BCRD     BlueOne Technologies, Inc.         [dismissed] 4.01 2026-05-13  NT 10-K 2026-06-29  (47d apart)
    EXCLUDE PHGE     BiomX Inc.                         [dismissed] 4.01 2026-07-02  NT 10-Q 2026-05-15  (48d apart)
    EXCLUDE ABVC     ABVC BIOPHARMA, INC.               [dismissed] 4.01 2026-07-02  NT 10-Q 2026-05-15  (48d apart)
    EXCLUDE BKYI     BIO KEY INTERNATIONAL INC          [dismissed] 4.01 2026-07-09  NT 10-Q 2026-05-18  (52d apart)
    EXCLUDE GRMLW    Greenland Mines Ltd                [chg?     ] 4.01 2026-07-08  NT 10-Q 2026-05-15  (54d apart)
    EXCLUDE HNOI     HNO International, Inc.            [dismissed] 4.01 2026-04-16  NT 10-Q 2026-06-15  (60d apart)
    EXCLUDE PMHS     Polomar Health Services, Inc.      [dismissed] 4.01 2026-07-17  NT 10-Q 2026-05-18  (60d apart)
    EXCLUDE CETY     Clean Energy Technologies, Inc.    [dismissed] 4.01 2026-07-16  NT 10-Q 2026-05-15  (62d apart)
    EXCLUDE FSHPR    Flag Ship Acquisition Corp         [dismissed] 4.01 2026-07-21  NT 10-Q 2026-05-15  (67d apart)
    EXCLUDE FJET     Starfighters Space, Inc.           [chg?     ] 4.01 2026-07-24  NT 10-Q 2026-05-15  (70d apart)
    EXCLUDE LASE     Laser Photonics Corp               [chg?     ] 4.01 2026-07-24  NT 10-Q 2026-05-15  (70d apart)
    EXCLUDE AREC     American Resources Corp            [dismissed] 4.01 2026-07-29  NT 10-Q 2026-05-15  (75d apart)
  DOCTRINE: this is an EXCLUSION / anti-portfolio list (do-not-own), NOT a buy list. Either signal alone
  over-fires; only the CONJUNCTION is surfaced. Resigned auditors rank first. READ-ONLY — never orders.
[-> AUDITOR_LATE_FILING.json]


===== 2026-08-07 04:37 (desk) =====
=== AUDITOR-CHANGE x LATE-FILING EXCLUSION SCANNER  2026-08-07  (lookback 120d, intersect window 90d) ===
  LEG 1  auditor changes (8-K Item 4.01):      185 CIKs
  LEG 2  late filings (NT 10-K / NT 10-Q):      381 CIKs
  --- the conjunction's SELECTIVITY (why either leg alone over-fires) ---
  auditor-only (NOT excluded):  145    late-only (NOT excluded):  341
  >>> INTERSECTED -> EXCLUDE (do-not-own anti-portfolio): 40
    EXCLUDE (no-tkr) ALEXANDER TECH CORP                [RESIGNED ] 4.01 2026-08-05  NT 10-K 2026-07-30  (6d apart)
    EXCLUDE (no-tkr) Gaucho Group Holdings, Inc.        [RESIGNED ] 4.01 2026-04-30  NT 10-Q 2026-05-15  (15d apart)
    EXCLUDE GWTI     GREENWAY TECHNOLOGIES, INC. & SUBS [RESIGNED ] 4.01 2026-04-17  NT 10-Q 2026-05-15  (28d apart)
    EXCLUDE GTLL     GLOBAL TECHNOLOGIES LTD            [RESIGNED ] 4.01 2026-06-16  NT 10-Q 2026-05-15  (32d apart)
    EXCLUDE PAPL     Pineapple Financial Inc.           [RESIGNED ] 4.01 2026-06-03  NT 10-Q 2026-07-15  (42d apart)
    EXCLUDE RTGN     RetinalGenix Technologies Inc.     [RESIGNED ] 4.01 2026-07-15  NT 10-Q 2026-05-15  (61d apart)
    EXCLUDE PNXP     PINEAPPLE EXPRESS CANNABIS Co      [dismissed] 4.01 2026-05-05  NT 10-K 2026-05-05  (0d apart)
    EXCLUDE CLEV     Concrete Leveling Systems Inc      [dismissed] 4.01 2026-06-12  NT 10-Q 2026-06-16  (4d apart)
    EXCLUDE (no-tkr) Dravica Corp                       [dismissed] 4.01 2026-06-11  NT 10-Q 2026-06-15  (4d apart)
    EXCLUDE BGFR     BestGofer Inc.                     [dismissed] 4.01 2026-07-09  NT 10-Q 2026-07-14  (5d apart)
    EXCLUDE EQS      EQUUS TOTAL RETURN, INC.           [chg?     ] 4.01 2026-05-12  NT 10-Q 2026-05-18  (6d apart)
    EXCLUDE RWDMU    Redwood Mortgage Investors IX      [chg?     ] 4.01 2026-05-07  NT 10-Q 2026-05-18  (11d apart)
    EXCLUDE WAST     WASTE ENERGY CORP.                 [chg?     ] 4.01 2026-05-27  NT 10-Q 2026-05-15  (12d apart)
    EXCLUDE BRUNW    Boost Run Inc.                     [dismissed] 4.01 2026-05-14  NT 10-Q 2026-05-26  (12d apart)
    EXCLUDE SONM     DNA X, Inc.                        [dismissed] 4.01 2026-04-30  NT 10-Q 2026-05-15  (15d apart)
    EXCLUDE MOVE     Corvex, Inc.                       [dismissed] 4.01 2026-04-28  NT 10-Q 2026-05-18  (20d apart)
    EXCLUDE NUCLW    Eagle Nuclear Energy Corp.         [chg?     ] 4.01 2026-08-05  NT 10-Q 2026-07-15  (21d apart)
    EXCLUDE ITP      IT TECH PACKAGING, INC.            [chg?     ] 4.01 2026-04-22  NT 10-Q 2026-05-13  (21d apart)
    EXCLUDE (no-tkr) DeltaSoft Corp                     [chg?     ] 4.01 2026-06-08  NT 10-K 2026-06-30  (22d apart)
    EXCLUDE IHT      INNSUITES HOSPITALITY TRUST        [dismissed] 4.01 2026-07-10  NT 10-Q 2026-06-16  (24d apart)
    EXCLUDE ALOY     REALLOYS INC.                      [dismissed] 4.01 2026-04-20  NT 10-Q 2026-05-15  (25d apart)
    EXCLUDE CSAI     CLOUDASTRUCTURE, INC.              [chg?     ] 4.01 2026-04-22  NT 10-Q 2026-05-18  (26d apart)
    EXCLUDE SNTL     Sentinel Holdings Ltd.             [dismissed] 4.01 2026-06-11  NT 10-Q 2026-05-14  (28d apart)
    EXCLUDE HGTXU    HUGOTON ROYALTY TRUST              [dismissed] 4.01 2026-04-17  NT 10-Q 2026-05-15  (28d apart)
    EXCLUDE (no-tkr) Hudson Acquisition I Corp.         [dismissed] 4.01 2026-04-10  NT 10-Q 2026-05-14  (34d apart)
    EXCLUDE WBSR     Webstar Technology Group Inc.      [chg?     ] 4.01 2026-06-22  NT 10-Q 2026-05-14  (39d apart)
    EXCLUDE CDTTW    CDT Equity Inc.                    [dismissed] 4.01 2026-06-29  NT 10-Q 2026-05-15  (45d apart)
    EXCLUDE TRNR     Interactive Strength, Inc.         [dismissed] 4.01 2026-07-01  NT 10-Q 2026-05-15  (47d apart)
    EXCLUDE BCRD     BlueOne Technologies, Inc.         [dismissed] 4.01 2026-05-13  NT 10-K 2026-06-29  (47d apart)
    EXCLUDE PHGE     BiomX Inc.                         [dismissed] 4.01 2026-07-02  NT 10-Q 2026-05-15  (48d apart)
    EXCLUDE ABVC     ABVC BIOPHARMA, INC.               [dismissed] 4.01 2026-07-02  NT 10-Q 2026-05-15  (48d apart)
    EXCLUDE BKYI     BIO KEY INTERNATIONAL INC          [dismissed] 4.01 2026-07-09  NT 10-Q 2026-05-18  (52d apart)
    EXCLUDE GRMLW    Greenland Mines Ltd                [chg?     ] 4.01 2026-07-08  NT 10-Q 2026-05-15  (54d apart)
    EXCLUDE HNOI     HNO International, Inc.            [dismissed] 4.01 2026-04-16  NT 10-Q 2026-06-15  (60d apart)
    EXCLUDE PMHS     Polomar Health Services, Inc.      [dismissed] 4.01 2026-07-17  NT 10-Q 2026-05-18  (60d apart)
    EXCLUDE CETY     Clean Energy Technologies, Inc.    [dismissed] 4.01 2026-07-16  NT 10-Q 2026-05-15  (62d apart)
    EXCLUDE FSHPR    Flag Ship Acquisition Corp         [dismissed] 4.01 2026-07-21  NT 10-Q 2026-05-15  (67d apart)
    EXCLUDE FJET     Starfighters Space, Inc.           [chg?     ] 4.01 2026-07-24  NT 10-Q 2026-05-15  (70d apart)
    EXCLUDE LASE     Laser Photonics Corp               [chg?     ] 4.01 2026-07-24  NT 10-Q 2026-05-15  (70d apart)
    EXCLUDE AREC     American Resources Corp            [dismissed] 4.01 2026-07-29  NT 10-Q 2026-05-15  (75d apart)
  DOCTRINE: this is an EXCLUSION / anti-portfolio list (do-not-own), NOT a buy list. Either signal alone
  over-fires; only the CONJUNCTION is surfaced. Resigned auditors rank first. READ-ONLY — never orders.
[-> AUDITOR_LATE_FILING.json]


===== 2026-08-10 00:42 (desk) =====
=== AUDITOR-CHANGE x LATE-FILING EXCLUSION SCANNER  2026-08-10  (lookback 120d, intersect window 90d) ===
  LEG 1  auditor changes (8-K Item 4.01):      184 CIKs
  LEG 2  late filings (NT 10-K / NT 10-Q):      381 CIKs
  --- the conjunction's SELECTIVITY (why either leg alone over-fires) ---
  auditor-only (NOT excluded):  144    late-only (NOT excluded):  341
  >>> INTERSECTED -> EXCLUDE (do-not-own anti-portfolio): 40
    EXCLUDE (no-tkr) ALEXANDER TECH CORP                [RESIGNED ] 4.01 2026-08-05  NT 10-K 2026-07-30  (6d apart)
    EXCLUDE (no-tkr) Gaucho Group Holdings, Inc.        [RESIGNED ] 4.01 2026-04-30  NT 10-Q 2026-05-15  (15d apart)
    EXCLUDE GWTI     GREENWAY TECHNOLOGIES, INC. & SUBS [RESIGNED ] 4.01 2026-04-17  NT 10-Q 2026-05-15  (28d apart)
    EXCLUDE GTLL     GLOBAL TECHNOLOGIES LTD            [RESIGNED ] 4.01 2026-06-16  NT 10-Q 2026-05-15  (32d apart)
    EXCLUDE PAPL     Pineapple Financial Inc.           [RESIGNED ] 4.01 2026-06-03  NT 10-Q 2026-07-15  (42d apart)
    EXCLUDE RTGN     RetinalGenix Technologies Inc.     [RESIGNED ] 4.01 2026-07-15  NT 10-Q 2026-05-15  (61d apart)
    EXCLUDE PNXP     PINEAPPLE EXPRESS CANNABIS Co      [dismissed] 4.01 2026-05-05  NT 10-K 2026-05-05  (0d apart)
    EXCLUDE CLEV     Concrete Leveling Systems Inc      [dismissed] 4.01 2026-06-12  NT 10-Q 2026-06-16  (4d apart)
    EXCLUDE (no-tkr) Dravica Corp                       [dismissed] 4.01 2026-06-11  NT 10-Q 2026-06-15  (4d apart)
    EXCLUDE BGFR     BestGofer Inc.                     [dismissed] 4.01 2026-07-09  NT 10-Q 2026-07-14  (5d apart)
    EXCLUDE EQS      EQUUS TOTAL RETURN, INC.           [chg?     ] 4.01 2026-05-12  NT 10-Q 2026-05-18  (6d apart)
    EXCLUDE RWDMU    Redwood Mortgage Investors IX      [chg?     ] 4.01 2026-05-07  NT 10-Q 2026-05-18  (11d apart)
    EXCLUDE WAST     WASTE ENERGY CORP.                 [chg?     ] 4.01 2026-05-27  NT 10-Q 2026-05-15  (12d apart)
    EXCLUDE BRUNW    Boost Run Inc.                     [dismissed] 4.01 2026-05-14  NT 10-Q 2026-05-26  (12d apart)
    EXCLUDE SONM     DNA X, Inc.                        [dismissed] 4.01 2026-04-30  NT 10-Q 2026-05-15  (15d apart)
    EXCLUDE MOVE     Corvex, Inc.                       [dismissed] 4.01 2026-04-28  NT 10-Q 2026-05-18  (20d apart)
    EXCLUDE NUCLW    Eagle Nuclear Energy Corp.         [chg?     ] 4.01 2026-08-05  NT 10-Q 2026-07-15  (21d apart)
    EXCLUDE ITP      IT TECH PACKAGING, INC.            [chg?     ] 4.01 2026-04-22  NT 10-Q 2026-05-13  (21d apart)
    EXCLUDE (no-tkr) DeltaSoft Corp                     [chg?     ] 4.01 2026-06-08  NT 10-K 2026-06-30  (22d apart)
    EXCLUDE IHT      INNSUITES HOSPITALITY TRUST        [dismissed] 4.01 2026-07-10  NT 10-Q 2026-06-16  (24d apart)
    EXCLUDE ALOY     REALLOYS INC.                      [dismissed] 4.01 2026-04-20  NT 10-Q 2026-05-15  (25d apart)
    EXCLUDE CSAI     CLOUDASTRUCTURE, INC.              [chg?     ] 4.01 2026-04-22  NT 10-Q 2026-05-18  (26d apart)
    EXCLUDE SNTL     Sentinel Holdings Ltd.             [dismissed] 4.01 2026-06-11  NT 10-Q 2026-05-14  (28d apart)
    EXCLUDE HGTXU    HUGOTON ROYALTY TRUST              [dismissed] 4.01 2026-04-17  NT 10-Q 2026-05-15  (28d apart)
    EXCLUDE WBSR     Webstar Technology Group Inc.      [chg?     ] 4.01 2026-06-22  NT 10-Q 2026-05-14  (39d apart)
    EXCLUDE CDTTW    CDT Equity Inc.                    [dismissed] 4.01 2026-06-29  NT 10-Q 2026-05-15  (45d apart)
    EXCLUDE TRNR     Interactive Strength, Inc.         [dismissed] 4.01 2026-07-01  NT 10-Q 2026-05-15  (47d apart)
    EXCLUDE BCRD     BlueOne Technologies, Inc.         [dismissed] 4.01 2026-05-13  NT 10-K 2026-06-29  (47d apart)
    EXCLUDE PHGE     BiomX Inc.                         [dismissed] 4.01 2026-07-02  NT 10-Q 2026-05-15  (48d apart)
    EXCLUDE ABVC     ABVC BIOPHARMA, INC.               [dismissed] 4.01 2026-07-02  NT 10-Q 2026-05-15  (48d apart)
    EXCLUDE BKYI     BIO KEY INTERNATIONAL INC          [dismissed] 4.01 2026-07-09  NT 10-Q 2026-05-18  (52d apart)
    EXCLUDE GRMLW    Greenland Mines Ltd                [chg?     ] 4.01 2026-07-08  NT 10-Q 2026-05-15  (54d apart)
    EXCLUDE HNOI     HNO International, Inc.            [dismissed] 4.01 2026-04-16  NT 10-Q 2026-06-15  (60d apart)
    EXCLUDE PMHS     Polomar Health Services, Inc.      [dismissed] 4.01 2026-07-17  NT 10-Q 2026-05-18  (60d apart)
    EXCLUDE CETY     Clean Energy Technologies, Inc.    [dismissed] 4.01 2026-07-16  NT 10-Q 2026-05-15  (62d apart)
    EXCLUDE FSHPR    Flag Ship Acquisition Corp         [dismissed] 4.01 2026-07-21  NT 10-Q 2026-05-15  (67d apart)
    EXCLUDE FJET     Starfighters Space, Inc.           [chg?     ] 4.01 2026-07-24  NT 10-Q 2026-05-15  (70d apart)
    EXCLUDE LASE     Laser Photonics Corp               [chg?     ] 4.01 2026-07-24  NT 10-Q 2026-05-15  (70d apart)
    EXCLUDE AREC     American Resources Corp            [dismissed] 4.01 2026-07-29  NT 10-Q 2026-05-15  (75d apart)
    EXCLUDE OLOX     OLENOX INDUSTRIES INC.             [dismissed] 4.01 2026-08-07  NT 10-Q 2026-05-18  (81d apart)
  DOCTRINE: this is an EXCLUSION / anti-portfolio list (do-not-own), NOT a buy list. Either signal alone
  over-fires; only the CONJUNCTION is surfaced. Resigned auditors rank first. READ-ONLY — never orders.
[-> AUDITOR_LATE_FILING.json]


===== 2026-08-11 01:45 (desk) =====
=== AUDITOR-CHANGE x LATE-FILING EXCLUSION SCANNER  2026-08-11  (lookback 120d, intersect window 90d) ===
  LEG 1  auditor changes (8-K Item 4.01):      186 CIKs
  LEG 2  late filings (NT 10-K / NT 10-Q):      382 CIKs
  --- the conjunction's SELECTIVITY (why either leg alone over-fires) ---
  auditor-only (NOT excluded):  145    late-only (NOT excluded):  341
  >>> INTERSECTED -> EXCLUDE (do-not-own anti-portfolio): 41
    EXCLUDE (no-tkr) ALEXANDER TECH CORP                [RESIGNED ] 4.01 2026-08-05  NT 10-K 2026-07-30  (6d apart)
    EXCLUDE (no-tkr) Gaucho Group Holdings, Inc.        [RESIGNED ] 4.01 2026-04-30  NT 10-Q 2026-05-15  (15d apart)
    EXCLUDE GWTI     GREENWAY TECHNOLOGIES, INC. & SUBS [RESIGNED ] 4.01 2026-04-17  NT 10-Q 2026-05-15  (28d apart)
    EXCLUDE GTLL     GLOBAL TECHNOLOGIES LTD            [RESIGNED ] 4.01 2026-06-16  NT 10-Q 2026-05-15  (32d apart)
    EXCLUDE PAPL     Pineapple Financial Inc.           [RESIGNED ] 4.01 2026-06-03  NT 10-Q 2026-07-15  (42d apart)
    EXCLUDE RTGN     RetinalGenix Technologies Inc.     [RESIGNED ] 4.01 2026-07-15  NT 10-Q 2026-05-15  (61d apart)
    EXCLUDE NCL      Northann Corp.                     [RESIGNED ] 4.01 2026-08-10  NT 10-Q 2026-05-18  (84d apart)
    EXCLUDE PNXP     PINEAPPLE EXPRESS CANNABIS Co      [dismissed] 4.01 2026-05-05  NT 10-K 2026-05-05  (0d apart)
    EXCLUDE CLEV     Concrete Leveling Systems Inc      [dismissed] 4.01 2026-06-12  NT 10-Q 2026-06-16  (4d apart)
    EXCLUDE (no-tkr) Dravica Corp                       [dismissed] 4.01 2026-06-11  NT 10-Q 2026-06-15  (4d apart)
    EXCLUDE BGFR     BestGofer Inc.                     [dismissed] 4.01 2026-07-09  NT 10-Q 2026-07-14  (5d apart)
    EXCLUDE EQS      EQUUS TOTAL RETURN, INC.           [chg?     ] 4.01 2026-05-12  NT 10-Q 2026-05-18  (6d apart)
    EXCLUDE RWDMU    Redwood Mortgage Investors IX      [chg?     ] 4.01 2026-05-07  NT 10-Q 2026-05-18  (11d apart)
    EXCLUDE WAST     WASTE ENERGY CORP.                 [chg?     ] 4.01 2026-05-27  NT 10-Q 2026-05-15  (12d apart)
    EXCLUDE BRUNW    Boost Run Inc.                     [dismissed] 4.01 2026-05-14  NT 10-Q 2026-05-26  (12d apart)
    EXCLUDE SONM     DNA X, Inc.                        [dismissed] 4.01 2026-04-30  NT 10-Q 2026-05-15  (15d apart)
    EXCLUDE MOVE     Corvex, Inc.                       [dismissed] 4.01 2026-04-28  NT 10-Q 2026-05-18  (20d apart)
    EXCLUDE NUCLW    Eagle Nuclear Energy Corp.         [chg?     ] 4.01 2026-08-05  NT 10-Q 2026-07-15  (21d apart)
    EXCLUDE ITP      IT TECH PACKAGING, INC.            [chg?     ] 4.01 2026-04-22  NT 10-Q 2026-05-13  (21d apart)
    EXCLUDE (no-tkr) DeltaSoft Corp                     [chg?     ] 4.01 2026-06-08  NT 10-K 2026-06-30  (22d apart)
    EXCLUDE IHT      INNSUITES HOSPITALITY TRUST        [dismissed] 4.01 2026-07-10  NT 10-Q 2026-06-16  (24d apart)
    EXCLUDE ALOY     REALLOYS INC.                      [dismissed] 4.01 2026-04-20  NT 10-Q 2026-05-15  (25d apart)
    EXCLUDE CSAI     CLOUDASTRUCTURE, INC.              [chg?     ] 4.01 2026-04-22  NT 10-Q 2026-05-18  (26d apart)
    EXCLUDE SNTL     Sentinel Holdings Ltd.             [dismissed] 4.01 2026-06-11  NT 10-Q 2026-05-14  (28d apart)
    EXCLUDE HGTXU    HUGOTON ROYALTY TRUST              [dismissed] 4.01 2026-04-17  NT 10-Q 2026-05-15  (28d apart)
    EXCLUDE WBSR     Webstar Technology Group Inc.      [chg?     ] 4.01 2026-06-22  NT 10-Q 2026-05-14  (39d apart)
    EXCLUDE CDTTW    CDT Equity Inc.                    [dismissed] 4.01 2026-06-29  NT 10-Q 2026-05-15  (45d apart)
    EXCLUDE TRNR     Interactive Strength, Inc.         [dismissed] 4.01 2026-07-01  NT 10-Q 2026-05-15  (47d apart)
    EXCLUDE BCRD     BlueOne Technologies, Inc.         [dismissed] 4.01 2026-05-13  NT 10-K 2026-06-29  (47d apart)
    EXCLUDE PHGE     BiomX Inc.                         [dismissed] 4.01 2026-07-02  NT 10-Q 2026-05-15  (48d apart)
    EXCLUDE ABVC     ABVC BIOPHARMA, INC.               [dismissed] 4.01 2026-07-02  NT 10-Q 2026-05-15  (48d apart)
    EXCLUDE BKYI     BIO KEY INTERNATIONAL INC          [dismissed] 4.01 2026-07-09  NT 10-Q 2026-05-18  (52d apart)
    EXCLUDE GRMLW    Greenland Mines Ltd                [chg?     ] 4.01 2026-07-08  NT 10-Q 2026-05-15  (54d apart)
    EXCLUDE HNOI     HNO International, Inc.            [dismissed] 4.01 2026-04-16  NT 10-Q 2026-06-15  (60d apart)
    EXCLUDE PMHS     Polomar Health Services, Inc.      [dismissed] 4.01 2026-07-17  NT 10-Q 2026-05-18  (60d apart)
    EXCLUDE CETY     Clean Energy Technologies, Inc.    [dismissed] 4.01 2026-07-16  NT 10-Q 2026-05-15  (62d apart)
    EXCLUDE FSHPR    Flag Ship Acquisition Corp         [dismissed] 4.01 2026-07-21  NT 10-Q 2026-05-15  (67d apart)
    EXCLUDE FJET     Starfighters Space, Inc.           [chg?     ] 4.01 2026-07-24  NT 10-Q 2026-05-15  (70d apart)
    EXCLUDE LASE     Laser Photonics Corp               [chg?     ] 4.01 2026-07-24  NT 10-Q 2026-05-15  (70d apart)
    EXCLUDE AREC     American Resources Corp            [dismissed] 4.01 2026-07-29  NT 10-Q 2026-05-15  (75d apart)
    EXCLUDE OLOX     OLENOX INDUSTRIES INC.             [dismissed] 4.01 2026-08-07  NT 10-Q 2026-05-18  (81d apart)
  DOCTRINE: this is an EXCLUSION / anti-portfolio list (do-not-own), NOT a buy list. Either signal alone
  over-fires; only the CONJUNCTION is surfaced. Resigned auditors rank first. READ-ONLY — never orders.
[-> AUDITOR_LATE_FILING.json]


===== 2026-08-12 07:46 (desk) =====
=== AUDITOR-CHANGE x LATE-FILING EXCLUSION SCANNER  2026-08-12  (lookback 120d, intersect window 90d) ===
  LEG 1  auditor changes (8-K Item 4.01):      186 CIKs
  LEG 2  late filings (NT 10-K / NT 10-Q):      381 CIKs
  --- the conjunction's SELECTIVITY (why either leg alone over-fires) ---
  auditor-only (NOT excluded):  145    late-only (NOT excluded):  340
  >>> INTERSECTED -> EXCLUDE (do-not-own anti-portfolio): 40
    EXCLUDE (no-tkr) ALEXANDER TECH CORP                [RESIGNED ] 4.01 2026-08-05  NT 10-K 2026-07-30  (6d apart)
    EXCLUDE (no-tkr) Gaucho Group Holdings, Inc.        [RESIGNED ] 4.01 2026-04-30  NT 10-Q 2026-05-15  (15d apart)
    EXCLUDE GWTI     GREENWAY TECHNOLOGIES, INC. & SUBS [RESIGNED ] 4.01 2026-04-17  NT 10-Q 2026-05-15  (28d apart)
    EXCLUDE GTLL     GLOBAL TECHNOLOGIES LTD            [RESIGNED ] 4.01 2026-06-16  NT 10-Q 2026-05-15  (32d apart)
    EXCLUDE PAPL     Pineapple Financial Inc.           [RESIGNED ] 4.01 2026-06-03  NT 10-Q 2026-07-15  (42d apart)
    EXCLUDE RTGN     RetinalGenix Technologies Inc.     [RESIGNED ] 4.01 2026-07-15  NT 10-Q 2026-05-15  (61d apart)
    EXCLUDE NCL      Northann Corp.                     [RESIGNED ] 4.01 2026-08-10  NT 10-Q 2026-05-18  (84d apart)
    EXCLUDE PNXP     PINEAPPLE EXPRESS CANNABIS Co      [dismissed] 4.01 2026-05-05  NT 10-K 2026-05-05  (0d apart)
    EXCLUDE CLEV     Concrete Leveling Systems Inc      [dismissed] 4.01 2026-06-12  NT 10-Q 2026-06-16  (4d apart)
    EXCLUDE (no-tkr) Dravica Corp                       [dismissed] 4.01 2026-06-11  NT 10-Q 2026-06-15  (4d apart)
    EXCLUDE BGFR     BestGofer Inc.                     [dismissed] 4.01 2026-07-09  NT 10-Q 2026-07-14  (5d apart)
    EXCLUDE EQS      EQUUS TOTAL RETURN, INC.           [chg?     ] 4.01 2026-05-12  NT 10-Q 2026-05-18  (6d apart)
    EXCLUDE RWDMU    Redwood Mortgage Investors IX      [chg?     ] 4.01 2026-05-07  NT 10-Q 2026-05-18  (11d apart)
    EXCLUDE WAST     WASTE ENERGY CORP.                 [chg?     ] 4.01 2026-05-27  NT 10-Q 2026-05-15  (12d apart)
    EXCLUDE BRUNW    Boost Run Inc.                     [dismissed] 4.01 2026-05-14  NT 10-Q 2026-05-26  (12d apart)
    EXCLUDE SONM     DNA X, Inc.                        [dismissed] 4.01 2026-04-30  NT 10-Q 2026-05-15  (15d apart)
    EXCLUDE MOVE     Corvex, Inc.                       [dismissed] 4.01 2026-04-28  NT 10-Q 2026-05-18  (20d apart)
    EXCLUDE NUCLW    Eagle Nuclear Energy Corp.         [chg?     ] 4.01 2026-08-05  NT 10-Q 2026-07-15  (21d apart)
    EXCLUDE (no-tkr) DeltaSoft Corp                     [chg?     ] 4.01 2026-06-08  NT 10-K 2026-06-30  (22d apart)
    EXCLUDE IHT      INNSUITES HOSPITALITY TRUST        [dismissed] 4.01 2026-07-10  NT 10-Q 2026-06-16  (24d apart)
    EXCLUDE ALOY     REALLOYS INC.                      [dismissed] 4.01 2026-04-20  NT 10-Q 2026-05-15  (25d apart)
    EXCLUDE CSAI     CLOUDASTRUCTURE, INC.              [chg?     ] 4.01 2026-04-22  NT 10-Q 2026-05-18  (26d apart)
    EXCLUDE SNTL     Sentinel Holdings Ltd.             [dismissed] 4.01 2026-06-11  NT 10-Q 2026-05-14  (28d apart)
    EXCLUDE HGTXU    HUGOTON ROYALTY TRUST              [dismissed] 4.01 2026-04-17  NT 10-Q 2026-05-15  (28d apart)
    EXCLUDE WBSR     Webstar Technology Group Inc.      [chg?     ] 4.01 2026-06-22  NT 10-Q 2026-05-14  (39d apart)
    EXCLUDE CDTTW    CDT Equity Inc.                    [dismissed] 4.01 2026-06-29  NT 10-Q 2026-05-15  (45d apart)
    EXCLUDE TRNR     Interactive Strength, Inc.         [dismissed] 4.01 2026-07-01  NT 10-Q 2026-05-15  (47d apart)
    EXCLUDE BCRD     BlueOne Technologies, Inc.         [dismissed] 4.01 2026-05-13  NT 10-K 2026-06-29  (47d apart)
    EXCLUDE PHGE     BiomX Inc.                         [dismissed] 4.01 2026-07-02  NT 10-Q 2026-05-15  (48d apart)
    EXCLUDE ABVC     ABVC BIOPHARMA, INC.               [dismissed] 4.01 2026-07-02  NT 10-Q 2026-05-15  (48d apart)
    EXCLUDE BKYI     BIO KEY INTERNATIONAL INC          [dismissed] 4.01 2026-07-09  NT 10-Q 2026-05-18  (52d apart)
    EXCLUDE GRMLW    Greenland Mines Ltd                [chg?     ] 4.01 2026-07-08  NT 10-Q 2026-05-15  (54d apart)
    EXCLUDE HNOI     HNO International, Inc.            [dismissed] 4.01 2026-04-16  NT 10-Q 2026-06-15  (60d apart)
    EXCLUDE PMHS     Polomar Health Services, Inc.      [dismissed] 4.01 2026-07-17  NT 10-Q 2026-05-18  (60d apart)
    EXCLUDE CETY     Clean Energy Technologies, Inc.    [dismissed] 4.01 2026-07-16  NT 10-Q 2026-05-15  (62d apart)
    EXCLUDE FSHPR    Flag Ship Acquisition Corp         [dismissed] 4.01 2026-07-21  NT 10-Q 2026-05-15  (67d apart)
    EXCLUDE FJET     Starfighters Space, Inc.           [chg?     ] 4.01 2026-07-24  NT 10-Q 2026-05-15  (70d apart)
    EXCLUDE LASE     Laser Photonics Corp               [chg?     ] 4.01 2026-07-24  NT 10-Q 2026-05-15  (70d apart)
    EXCLUDE AREC     American Resources Corp            [dismissed] 4.01 2026-07-29  NT 10-Q 2026-05-15  (75d apart)
    EXCLUDE OLOX     OLENOX INDUSTRIES INC.             [dismissed] 4.01 2026-08-07  NT 10-Q 2026-05-18  (81d apart)
  DOCTRINE: this is an EXCLUSION / anti-portfolio list (do-not-own), NOT a buy list. Either signal alone
  over-fires; only the CONJUNCTION is surfaced. Resigned auditors rank first. READ-ONLY — never orders.
[-> AUDITOR_LATE_FILING.json]


===== 2026-08-13 09:01 (desk) =====
=== AUDITOR-CHANGE x LATE-FILING EXCLUSION SCANNER  2026-08-13  (lookback 120d, intersect window 90d) ===
  LEG 1  auditor changes (8-K Item 4.01):      185 CIKs
  LEG 2  late filings (NT 10-K / NT 10-Q):      377 CIKs
  --- the conjunction's SELECTIVITY (why either leg alone over-fires) ---
  auditor-only (NOT excluded):  143    late-only (NOT excluded):  335
  >>> INTERSECTED -> EXCLUDE (do-not-own anti-portfolio): 41
    EXCLUDE (no-tkr) ALEXANDER TECH CORP                [RESIGNED ] 4.01 2026-08-05  NT 10-K 2026-07-30  (6d apart)
    EXCLUDE (no-tkr) Gaucho Group Holdings, Inc.        [RESIGNED ] 4.01 2026-04-30  NT 10-Q 2026-05-15  (15d apart)
    EXCLUDE GWTI     GREENWAY TECHNOLOGIES, INC. & SUBS [RESIGNED ] 4.01 2026-04-17  NT 10-Q 2026-05-15  (28d apart)
    EXCLUDE GTLL     GLOBAL TECHNOLOGIES LTD            [RESIGNED ] 4.01 2026-06-16  NT 10-Q 2026-05-15  (32d apart)
    EXCLUDE PAPL     Pineapple Financial Inc.           [RESIGNED ] 4.01 2026-06-03  NT 10-Q 2026-07-15  (42d apart)
    EXCLUDE RTGN     RetinalGenix Technologies Inc.     [RESIGNED ] 4.01 2026-07-15  NT 10-Q 2026-05-15  (61d apart)
    EXCLUDE NCL      Northann Corp.                     [RESIGNED ] 4.01 2026-08-10  NT 10-Q 2026-05-18  (84d apart)
    EXCLUDE PNXP     PINEAPPLE EXPRESS CANNABIS Co      [dismissed] 4.01 2026-05-05  NT 10-K 2026-05-05  (0d apart)
    EXCLUDE CLEV     Concrete Leveling Systems Inc      [dismissed] 4.01 2026-06-12  NT 10-Q 2026-06-16  (4d apart)
    EXCLUDE (no-tkr) Dravica Corp                       [dismissed] 4.01 2026-06-11  NT 10-Q 2026-06-15  (4d apart)
    EXCLUDE BGFR     BestGofer Inc.                     [dismissed] 4.01 2026-07-09  NT 10-Q 2026-07-14  (5d apart)
    EXCLUDE EQS      EQUUS TOTAL RETURN, INC.           [chg?     ] 4.01 2026-05-12  NT 10-Q 2026-05-18  (6d apart)
    EXCLUDE VTIX     Virtuix Holdings Inc.              [chg?     ] 4.01 2026-08-06  NT 10-Q 2026-08-12  (6d apart)
    EXCLUDE RWDMU    Redwood Mortgage Investors IX      [chg?     ] 4.01 2026-05-07  NT 10-Q 2026-05-18  (11d apart)
    EXCLUDE WAST     WASTE ENERGY CORP.                 [chg?     ] 4.01 2026-05-27  NT 10-Q 2026-05-15  (12d apart)
    EXCLUDE BRUNW    Boost Run Inc.                     [dismissed] 4.01 2026-05-14  NT 10-Q 2026-05-26  (12d apart)
    EXCLUDE SONM     DNA X, Inc.                        [dismissed] 4.01 2026-04-30  NT 10-Q 2026-05-15  (15d apart)
    EXCLUDE MOVE     Corvex, Inc.                       [dismissed] 4.01 2026-04-28  NT 10-Q 2026-05-18  (20d apart)
    EXCLUDE NUCLW    Eagle Nuclear Energy Corp.         [chg?     ] 4.01 2026-08-05  NT 10-Q 2026-07-15  (21d apart)
    EXCLUDE (no-tkr) DeltaSoft Corp                     [chg?     ] 4.01 2026-06-08  NT 10-K 2026-06-30  (22d apart)
    EXCLUDE IHT      INNSUITES HOSPITALITY TRUST        [dismissed] 4.01 2026-07-10  NT 10-Q 2026-06-16  (24d apart)
    EXCLUDE ALOY     REALLOYS INC.                      [dismissed] 4.01 2026-04-20  NT 10-Q 2026-05-15  (25d apart)
    EXCLUDE CSAI     CLOUDASTRUCTURE, INC.              [chg?     ] 4.01 2026-04-22  NT 10-Q 2026-05-18  (26d apart)
    EXCLUDE SNTL     Sentinel Holdings Ltd.             [dismissed] 4.01 2026-06-11  NT 10-Q 2026-05-14  (28d apart)
    EXCLUDE HGTXU    HUGOTON ROYALTY TRUST              [dismissed] 4.01 2026-04-17  NT 10-Q 2026-05-15  (28d apart)
    EXCLUDE WBSR     Webstar Technology Group Inc.      [chg?     ] 4.01 2026-06-22  NT 10-Q 2026-05-14  (39d apart)
    EXCLUDE CDTTW    CDT Equity Inc.                    [dismissed] 4.01 2026-06-29  NT 10-Q 2026-05-15  (45d apart)
    EXCLUDE TRNR     Interactive Strength, Inc.         [dismissed] 4.01 2026-07-01  NT 10-Q 2026-05-15  (47d apart)
    EXCLUDE BCRD     BlueOne Technologies, Inc.         [dismissed] 4.01 2026-05-13  NT 10-K 2026-06-29  (47d apart)
    EXCLUDE PHGE     BiomX Inc.                         [dismissed] 4.01 2026-07-02  NT 10-Q 2026-05-15  (48d apart)
    EXCLUDE ABVC     ABVC BIOPHARMA, INC.               [dismissed] 4.01 2026-07-02  NT 10-Q 2026-05-15  (48d apart)
    EXCLUDE BKYI     BIO KEY INTERNATIONAL INC          [dismissed] 4.01 2026-07-09  NT 10-Q 2026-05-18  (52d apart)
    EXCLUDE GRMLW    Greenland Mines Ltd                [chg?     ] 4.01 2026-07-08  NT 10-Q 2026-05-15  (54d apart)
    EXCLUDE HNOI     HNO International, Inc.            [dismissed] 4.01 2026-04-16  NT 10-Q 2026-06-15  (60d apart)
    EXCLUDE PMHS     Polomar Health Services, Inc.      [dismissed] 4.01 2026-07-17  NT 10-Q 2026-05-18  (60d apart)
    EXCLUDE CETY     Clean Energy Technologies, Inc.    [dismissed] 4.01 2026-07-16  NT 10-Q 2026-05-15  (62d apart)
    EXCLUDE FSHPR    Flag Ship Acquisition Corp         [dismissed] 4.01 2026-07-21  NT 10-Q 2026-05-15  (67d apart)
    EXCLUDE FJET     Starfighters Space, Inc.           [chg?     ] 4.01 2026-07-24  NT 10-Q 2026-05-15  (70d apart)
    EXCLUDE LASE     Laser Photonics Corp               [chg?     ] 4.01 2026-07-24  NT 10-Q 2026-05-15  (70d apart)
    EXCLUDE AREC     American Resources Corp            [dismissed] 4.01 2026-07-29  NT 10-Q 2026-05-15  (75d apart)
    EXCLUDE OLOX     OLENOX INDUSTRIES INC.             [dismissed] 4.01 2026-08-07  NT 10-Q 2026-05-18  (81d apart)
  DOCTRINE: this is an EXCLUSION / anti-portfolio list (do-not-own), NOT a buy list. Either signal alone
  over-fires; only the CONJUNCTION is surfaced. Resigned auditors rank first. READ-ONLY — never orders.
[-> AUDITOR_LATE_FILING.json]


===== 2026-08-14 09:45 (desk) =====
=== AUDITOR-CHANGE x LATE-FILING EXCLUSION SCANNER  2026-08-14  (lookback 120d, intersect window 90d) ===
  LEG 1  auditor changes (8-K Item 4.01):      186 CIKs
  LEG 2  late filings (NT 10-K / NT 10-Q):      384 CIKs
  --- the conjunction's SELECTIVITY (why either leg alone over-fires) ---
  auditor-only (NOT excluded):  140    late-only (NOT excluded):  338
  >>> INTERSECTED -> EXCLUDE (do-not-own anti-portfolio): 43
    EXCLUDE (no-tkr) ALEXANDER TECH CORP                [RESIGNED ] 4.01 2026-08-05  NT 10-K 2026-07-30  (6d apart)
    EXCLUDE GWTI     GREENWAY TECHNOLOGIES, INC. & SUBS [RESIGNED ] 4.01 2026-04-17  NT 10-Q 2026-05-15  (28d apart)
    EXCLUDE GTLL     GLOBAL TECHNOLOGIES LTD            [RESIGNED ] 4.01 2026-06-16  NT 10-Q 2026-05-15  (32d apart)
    EXCLUDE SHMP     NaturalShrimp Inc                  [RESIGNED ] 4.01 2026-07-07  NT 10-Q 2026-08-14  (38d apart)
    EXCLUDE PAPL     Pineapple Financial Inc.           [RESIGNED ] 4.01 2026-06-03  NT 10-Q 2026-07-15  (42d apart)
    EXCLUDE RTGN     RetinalGenix Technologies Inc.     [RESIGNED ] 4.01 2026-07-15  NT 10-Q 2026-05-15  (61d apart)
    EXCLUDE NCL      Northann Corp.                     [RESIGNED ] 4.01 2026-08-10  NT 10-Q 2026-05-18  (84d apart)
    EXCLUDE PNXP     PINEAPPLE EXPRESS CANNABIS Co      [dismissed] 4.01 2026-05-05  NT 10-K 2026-05-05  (0d apart)
    EXCLUDE CLEV     Concrete Leveling Systems Inc      [dismissed] 4.01 2026-06-12  NT 10-Q 2026-06-16  (4d apart)
    EXCLUDE (no-tkr) Dravica Corp                       [dismissed] 4.01 2026-06-11  NT 10-Q 2026-06-15  (4d apart)
    EXCLUDE BGFR     BestGofer Inc.                     [dismissed] 4.01 2026-07-09  NT 10-Q 2026-07-14  (5d apart)
    EXCLUDE EQS      EQUUS TOTAL RETURN, INC.           [chg?     ] 4.01 2026-05-12  NT 10-Q 2026-05-18  (6d apart)
    EXCLUDE VTIX     Virtuix Holdings Inc.              [chg?     ] 4.01 2026-08-06  NT 10-Q 2026-08-12  (6d apart)
    EXCLUDE SCTH     Securetech Innovations, Inc.       [dismissed] 4.01 2026-08-05  NT 10-Q 2026-08-14  (9d apart)
    EXCLUDE RWDMU    Redwood Mortgage Investors IX      [chg?     ] 4.01 2026-05-07  NT 10-Q 2026-05-18  (11d apart)
    EXCLUDE WAST     WASTE ENERGY CORP.                 [chg?     ] 4.01 2026-05-27  NT 10-Q 2026-05-15  (12d apart)
    EXCLUDE SONM     DNA X, Inc.                        [dismissed] 4.01 2026-04-30  NT 10-Q 2026-05-15  (15d apart)
    EXCLUDE MOVE     Corvex, Inc.                       [dismissed] 4.01 2026-04-28  NT 10-Q 2026-05-18  (20d apart)
    EXCLUDE NUCLW    Eagle Nuclear Energy Corp.         [chg?     ] 4.01 2026-08-05  NT 10-Q 2026-07-15  (21d apart)
    EXCLUDE (no-tkr) DeltaSoft Corp                     [chg?     ] 4.01 2026-06-08  NT 10-K 2026-06-30  (22d apart)
    EXCLUDE IHT      INNSUITES HOSPITALITY TRUST        [dismissed] 4.01 2026-07-10  NT 10-Q 2026-06-16  (24d apart)
    EXCLUDE ALOY     REALLOYS INC.                      [dismissed] 4.01 2026-04-20  NT 10-Q 2026-05-15  (25d apart)
    EXCLUDE CSAI     CLOUDASTRUCTURE, INC.              [chg?     ] 4.01 2026-04-22  NT 10-Q 2026-05-18  (26d apart)
    EXCLUDE SNTL     Sentinel Holdings Ltd.             [dismissed] 4.01 2026-06-11  NT 10-Q 2026-05-14  (28d apart)
    EXCLUDE HGTXU    HUGOTON ROYALTY TRUST              [dismissed] 4.01 2026-04-17  NT 10-Q 2026-05-15  (28d apart)
    EXCLUDE RGBPP    Regen BioPharma Inc                [chg?     ] 4.01 2026-07-15  NT 10-Q 2026-08-13  (29d apart)
    EXCLUDE WBSR     Webstar Technology Group Inc.      [chg?     ] 4.01 2026-06-22  NT 10-Q 2026-05-14  (39d apart)
    EXCLUDE CDTTW    CDT Equity Inc.                    [dismissed] 4.01 2026-06-29  NT 10-Q 2026-05-15  (45d apart)
    EXCLUDE TRNR     Interactive Strength, Inc.         [dismissed] 4.01 2026-07-01  NT 10-Q 2026-05-15  (47d apart)
    EXCLUDE BCRD     BlueOne Technologies, Inc.         [dismissed] 4.01 2026-05-13  NT 10-K 2026-06-29  (47d apart)
    EXCLUDE PHGE     BiomX Inc.                         [dismissed] 4.01 2026-07-02  NT 10-Q 2026-05-15  (48d apart)
    EXCLUDE ABVC     ABVC BIOPHARMA, INC.               [dismissed] 4.01 2026-07-02  NT 10-Q 2026-05-15  (48d apart)
    EXCLUDE BKYI     BIO KEY INTERNATIONAL INC          [dismissed] 4.01 2026-07-09  NT 10-Q 2026-05-18  (52d apart)
    EXCLUDE GRMLW    Greenland Mines Ltd                [chg?     ] 4.01 2026-07-08  NT 10-Q 2026-05-15  (54d apart)
    EXCLUDE ESSI     ECO SCIENCE SOLUTIONS, INC.        [dismissed] 4.01 2026-08-13  NT 10-Q 2026-06-16  (58d apart)
    EXCLUDE HNOI     HNO International, Inc.            [dismissed] 4.01 2026-04-16  NT 10-Q 2026-06-15  (60d apart)
    EXCLUDE PMHS     Polomar Health Services, Inc.      [dismissed] 4.01 2026-07-17  NT 10-Q 2026-05-18  (60d apart)
    EXCLUDE CETY     Clean Energy Technologies, Inc.    [dismissed] 4.01 2026-07-16  NT 10-Q 2026-05-15  (62d apart)
    EXCLUDE FSHPR    Flag Ship Acquisition Corp         [dismissed] 4.01 2026-07-21  NT 10-Q 2026-05-15  (67d apart)
    EXCLUDE FJET     Starfighters Space, Inc.           [chg?     ] 4.01 2026-07-24  NT 10-Q 2026-05-15  (70d apart)
    EXCLUDE LASE     Laser Photonics Corp               [chg?     ] 4.01 2026-07-24  NT 10-Q 2026-05-15  (70d apart)
    EXCLUDE AREC     American Resources Corp            [dismissed] 4.01 2026-07-29  NT 10-Q 2026-05-15  (75d apart)
    EXCLUDE OLOX     OLENOX INDUSTRIES INC.             [dismissed] 4.01 2026-08-07  NT 10-Q 2026-05-18  (81d apart)
  DOCTRINE: this is an EXCLUSION / anti-portfolio list (do-not-own), NOT a buy list. Either signal alone
  over-fires; only the CONJUNCTION is surfaced. Resigned auditors rank first. READ-ONLY — never orders.
[-> AUDITOR_LATE_FILING.json]


===== 2026-08-17 08:47 (desk) =====
=== AUDITOR-CHANGE x LATE-FILING EXCLUSION SCANNER  2026-08-17  (lookback 120d, intersect window 90d) ===
  LEG 1  auditor changes (8-K Item 4.01):      178 CIKs
  LEG 2  late filings (NT 10-K / NT 10-Q):      430 CIKs
  --- the conjunction's SELECTIVITY (why either leg alone over-fires) ---
  auditor-only (NOT excluded):  128    late-only (NOT excluded):  380
  >>> INTERSECTED -> EXCLUDE (do-not-own anti-portfolio): 45
    EXCLUDE NCL      Northann Corp.                     [RESIGNED ] 4.01 2026-08-10  NT 10-Q 2026-08-14  (4d apart)
    EXCLUDE (no-tkr) ALEXANDER TECH CORP                [RESIGNED ] 4.01 2026-08-05  NT 10-K 2026-07-30  (6d apart)
    EXCLUDE GTLL     GLOBAL TECHNOLOGIES LTD            [RESIGNED ] 4.01 2026-06-16  NT 10-Q 2026-05-15  (32d apart)
    EXCLUDE SHMP     NaturalShrimp Inc                  [RESIGNED ] 4.01 2026-07-07  NT 10-Q 2026-08-14  (38d apart)
    EXCLUDE PAPL     Pineapple Financial Inc.           [RESIGNED ] 4.01 2026-06-03  NT 10-Q 2026-07-15  (42d apart)
    EXCLUDE RTGN     RetinalGenix Technologies Inc.     [RESIGNED ] 4.01 2026-07-15  NT 10-Q 2026-05-15  (61d apart)
    EXCLUDE PLMUF    Plum Acquisition Corp. III         [RESIGNED ] 4.01 2026-08-14  NT 10-Q 2026-05-18  (88d apart)
    EXCLUDE PNXP     PINEAPPLE EXPRESS CANNABIS Co      [dismissed] 4.01 2026-05-05  NT 10-K 2026-05-05  (0d apart)
    EXCLUDE CLEV     Concrete Leveling Systems Inc      [dismissed] 4.01 2026-06-12  NT 10-Q 2026-06-16  (4d apart)
    EXCLUDE (no-tkr) Dravica Corp                       [dismissed] 4.01 2026-06-11  NT 10-Q 2026-06-15  (4d apart)
    EXCLUDE BGFR     BestGofer Inc.                     [dismissed] 4.01 2026-07-09  NT 10-Q 2026-07-14  (5d apart)
    EXCLUDE EQS      EQUUS TOTAL RETURN, INC.           [chg?     ] 4.01 2026-05-12  NT 10-Q 2026-05-18  (6d apart)
    EXCLUDE VTIX     Virtuix Holdings Inc.              [chg?     ] 4.01 2026-08-06  NT 10-Q 2026-08-12  (6d apart)
    EXCLUDE (no-tkr) BioKey                             [chg?     ] 4.01 2026-08-07  NT 10-Q 2026-08-14  (7d apart)
    EXCLUDE OLOX     OLENOX INDUSTRIES INC.             [dismissed] 4.01 2026-08-07  NT 10-Q 2026-08-14  (7d apart)
    EXCLUDE SCTH     Securetech Innovations, Inc.       [dismissed] 4.01 2026-08-05  NT 10-Q 2026-08-14  (9d apart)
    EXCLUDE RWDMU    Redwood Mortgage Investors IX      [chg?     ] 4.01 2026-05-07  NT 10-Q 2026-05-18  (11d apart)
    EXCLUDE WAST     WASTE ENERGY CORP.                 [chg?     ] 4.01 2026-05-27  NT 10-Q 2026-05-15  (12d apart)
    EXCLUDE BIRD     Smartbird, Inc.                    [dismissed] 4.01 2026-07-29  NT 10-Q 2026-08-17  (19d apart)
    EXCLUDE MOVE     Corvex, Inc.                       [dismissed] 4.01 2026-04-28  NT 10-Q 2026-05-18  (20d apart)
    EXCLUDE FJET     Starfighters Space, Inc.           [chg?     ] 4.01 2026-07-24  NT 10-Q 2026-08-14  (21d apart)
    EXCLUDE NUCLW    Eagle Nuclear Energy Corp.         [chg?     ] 4.01 2026-08-05  NT 10-Q 2026-07-15  (21d apart)
    EXCLUDE (no-tkr) DeltaSoft Corp                     [chg?     ] 4.01 2026-06-08  NT 10-K 2026-06-30  (22d apart)
    EXCLUDE IHT      INNSUITES HOSPITALITY TRUST        [dismissed] 4.01 2026-07-10  NT 10-Q 2026-06-16  (24d apart)
    EXCLUDE ALOY     REALLOYS INC.                      [dismissed] 4.01 2026-04-20  NT 10-Q 2026-05-15  (25d apart)
    EXCLUDE BXBL     BOXABL Inc.                        [dismissed] 4.01 2026-07-23  NT 10-Q 2026-08-17  (25d apart)
    EXCLUDE SNTL     Sentinel Holdings Ltd.             [dismissed] 4.01 2026-06-11  NT 10-Q 2026-05-14  (28d apart)
    EXCLUDE RGBPP    Regen BioPharma Inc                [chg?     ] 4.01 2026-07-15  NT 10-Q 2026-08-13  (29d apart)
    EXCLUDE CETY     Clean Energy Technologies, Inc.    [dismissed] 4.01 2026-07-16  NT 10-Q 2026-08-14  (29d apart)
    EXCLUDE DVLT     Datavault AI Inc.                  [chg?     ] 4.01 2026-07-14  NT 10-Q 2026-08-14  (31d apart)
    EXCLUDE GRMLW    Greenland Mines Ltd                [chg?     ] 4.01 2026-07-08  NT 10-Q 2026-08-14  (37d apart)
    EXCLUDE PHGE     BiomX Inc.                         [dismissed] 4.01 2026-07-02  NT 10-Q 2026-08-14  (43d apart)
    EXCLUDE CDTTW    CDT Equity Inc.                    [dismissed] 4.01 2026-06-29  NT 10-Q 2026-05-15  (45d apart)
    EXCLUDE TRNR     Interactive Strength, Inc.         [dismissed] 4.01 2026-07-01  NT 10-Q 2026-05-15  (47d apart)
    EXCLUDE BCRD     BlueOne Technologies, Inc.         [dismissed] 4.01 2026-05-13  NT 10-K 2026-06-29  (47d apart)
    EXCLUDE ABVC     ABVC BIOPHARMA, INC.               [dismissed] 4.01 2026-07-02  NT 10-Q 2026-05-15  (48d apart)
    EXCLUDE BBLR     Bubblr Inc.                        [dismissed] 4.01 2026-06-24  NT 10-Q 2026-08-14  (51d apart)
    EXCLUDE BKYI     BIO KEY INTERNATIONAL INC          [dismissed] 4.01 2026-07-09  NT 10-Q 2026-05-18  (52d apart)
    EXCLUDE WBSR     Webstar Technology Group Inc.      [chg?     ] 4.01 2026-06-22  NT 10-Q 2026-08-14  (53d apart)
    EXCLUDE ESSI     ECO SCIENCE SOLUTIONS, INC.        [dismissed] 4.01 2026-08-13  NT 10-Q 2026-06-16  (58d apart)
    EXCLUDE PMHS     Polomar Health Services, Inc.      [dismissed] 4.01 2026-07-17  NT 10-Q 2026-05-18  (60d apart)
    EXCLUDE FSHPR    Flag Ship Acquisition Corp         [dismissed] 4.01 2026-07-21  NT 10-Q 2026-05-15  (67d apart)
    EXCLUDE LASE     Laser Photonics Corp               [chg?     ] 4.01 2026-07-24  NT 10-Q 2026-05-15  (70d apart)
    EXCLUDE AREC     American Resources Corp            [dismissed] 4.01 2026-07-29  NT 10-Q 2026-05-15  (75d apart)
    EXCLUDE ALURW    ALLURION TECHNOLOGIES, INC.        [dismissed] 4.01 2026-05-27  NT 10-Q 2026-08-14  (79d apart)
  DOCTRINE: this is an EXCLUSION / anti-portfolio list (do-not-own), NOT a buy list. Either signal alone
  over-fires; only the CONJUNCTION is surfaced. Resigned auditors rank first. READ-ONLY — never orders.
[-> AUDITOR_LATE_FILING.json]


===== 2026-09-11 01:19 (desk) =====
=== AUDITOR-CHANGE x LATE-FILING EXCLUSION SCANNER  2026-09-11  (lookback 120d, intersect window 90d) ===
  LEG 1  auditor changes (8-K Item 4.01):      174 CIKs
  LEG 2  late filings (NT 10-K / NT 10-Q):      441 CIKs
  --- the conjunction's SELECTIVITY (why either leg alone over-fires) ---
  auditor-only (NOT excluded):  123    late-only (NOT excluded):  390
  >>> INTERSECTED -> EXCLUDE (do-not-own anti-portfolio): 49
    EXCLUDE (no-tkr) ALEXANDER TECH CORP                [RESIGNED ] 4.01 2026-08-05  NT 10-K 2026-07-30  (6d apart)
    EXCLUDE WBSR     Webstar Technology Group Inc.      [RESIGNED ] 4.01 2026-08-24  NT 10-Q 2026-08-14  (10d apart)
    EXCLUDE NCL      Northann Corp.                     [RESIGNED ] 4.01 2026-08-31  NT 10-Q 2026-08-14  (17d apart)
    EXCLUDE NCPLW    Netcapital Inc.                    [RESIGNED ] 4.01 2026-08-18  NT 10-K 2026-07-29  (20d apart)
    EXCLUDE ITP      IT TECH PACKAGING, INC.            [RESIGNED ] 4.01 2026-09-01  NT 10-Q 2026-08-11  (21d apart)
    EXCLUDE GTLL     GLOBAL TECHNOLOGIES LTD            [RESIGNED ] 4.01 2026-06-16  NT 10-Q 2026-05-15  (32d apart)
    EXCLUDE SHMP     NaturalShrimp Inc                  [RESIGNED ] 4.01 2026-07-07  NT 10-Q 2026-08-14  (38d apart)
    EXCLUDE PAPL     Pineapple Financial Inc.           [RESIGNED ] 4.01 2026-06-03  NT 10-Q 2026-07-15  (42d apart)
    EXCLUDE RTGN     RetinalGenix Technologies Inc.     [RESIGNED ] 4.01 2026-07-15  NT 10-Q 2026-05-15  (61d apart)
    EXCLUDE (no-tkr) Plum Acquisition Corp. III         [RESIGNED ] 4.01 2026-08-14  NT 10-Q 2026-05-18  (88d apart)
    EXCLUDE SBIGW    SpringBig Holdings, Inc.           [dismissed] 4.01 2026-08-19  NT 10-Q 2026-08-17  (2d apart)
    EXCLUDE CLEV     Concrete Leveling Systems Inc      [dismissed] 4.01 2026-06-12  NT 10-Q 2026-06-16  (4d apart)
    EXCLUDE (no-tkr) Dravica Corp                       [dismissed] 4.01 2026-06-11  NT 10-Q 2026-06-15  (4d apart)
    EXCLUDE BGFR     BestGofer Inc.                     [dismissed] 4.01 2026-07-09  NT 10-Q 2026-07-14  (5d apart)
    EXCLUDE VTIX     Virtuix Holdings Inc.              [chg?     ] 4.01 2026-08-06  NT 10-Q 2026-08-12  (6d apart)
    EXCLUDE (no-tkr) Gaucho Group Holdings, Inc.        [dismissed] 4.01 2026-08-21  NT 10-Q 2026-08-14  (7d apart)
    EXCLUDE (no-tkr) BioKey                             [chg?     ] 4.01 2026-08-07  NT 10-Q 2026-08-14  (7d apart)
    EXCLUDE OLOX     OLENOX INDUSTRIES INC.             [dismissed] 4.01 2026-08-07  NT 10-Q 2026-08-14  (7d apart)
    EXCLUDE SCTH     Securetech Innovations, Inc.       [dismissed] 4.01 2026-08-05  NT 10-Q 2026-08-14  (9d apart)
    EXCLUDE WAST     WASTE ENERGY CORP.                 [chg?     ] 4.01 2026-05-27  NT 10-Q 2026-05-15  (12d apart)
    EXCLUDE BIRD     Smartbird, Inc.                    [dismissed] 4.01 2026-07-29  NT 10-Q 2026-08-17  (19d apart)
    EXCLUDE FJET     Starfighters Space, Inc.           [chg?     ] 4.01 2026-07-24  NT 10-Q 2026-08-14  (21d apart)
    EXCLUDE NUCLW    Eagle Nuclear Energy Corp.         [chg?     ] 4.01 2026-08-05  NT 10-Q 2026-07-15  (21d apart)
    EXCLUDE DSFT     DeltaSoft Corp                     [chg?     ] 4.01 2026-06-08  NT 10-K 2026-06-30  (22d apart)
    EXCLUDE IHT      INNSUITES HOSPITALITY TRUST        [dismissed] 4.01 2026-07-10  NT 10-Q 2026-06-16  (24d apart)
    EXCLUDE BXBL     BOXABL Inc.                        [dismissed] 4.01 2026-07-23  NT 10-Q 2026-08-17  (25d apart)
    EXCLUDE AZIO     AZIO AI HOLDINGS, INC.             [dismissed] 4.01 2026-09-10  NT 10-Q 2026-08-14  (27d apart)
    EXCLUDE BRTX     BioRestorative Therapies, Inc.     [dismissed] 4.01 2026-09-10  NT 10-Q 2026-08-14  (27d apart)
    EXCLUDE SNTL     Sentinel Holdings Ltd.             [dismissed] 4.01 2026-06-11  NT 10-Q 2026-05-14  (28d apart)
    EXCLUDE RGBPP    Regen BioPharma Inc                [chg?     ] 4.01 2026-07-15  NT 10-Q 2026-08-13  (29d apart)
    EXCLUDE CETY     Clean Energy Technologies, Inc.    [dismissed] 4.01 2026-07-16  NT 10-Q 2026-08-14  (29d apart)
    EXCLUDE DVLT     Datavault AI Inc.                  [chg?     ] 4.01 2026-07-14  NT 10-Q 2026-08-14  (31d apart)
    EXCLUDE GRMLW    Greenland Mines Ltd                [chg?     ] 4.01 2026-07-08  NT 10-Q 2026-08-14  (37d apart)
    EXCLUDE EWAVR    East West Ave Acquisition Corp.    [dismissed] 4.01 2026-09-10  NT 10-Q 2026-07-30  (42d apart)
    EXCLUDE PHGE     BiomX Inc.                         [dismissed] 4.01 2026-07-02  NT 10-Q 2026-08-14  (43d apart)
    EXCLUDE CDTTW    CDT Equity Inc.                    [dismissed] 4.01 2026-06-29  NT 10-Q 2026-05-15  (45d apart)
    EXCLUDE SGMOQ    SANGAMO THERAPEUTICS, INC          [chg?     ] 4.01 2026-07-01  NT 10-Q 2026-08-17  (47d apart)
    EXCLUDE TRNR     Interactive Strength, Inc.         [dismissed] 4.01 2026-07-01  NT 10-Q 2026-05-15  (47d apart)
    EXCLUDE ECOC     ABVC BIOPHARMA, INC.               [dismissed] 4.01 2026-07-02  NT 10-Q 2026-05-15  (48d apart)
    EXCLUDE BBLR     Bubblr Inc.                        [dismissed] 4.01 2026-06-24  NT 10-Q 2026-08-14  (51d apart)
    EXCLUDE XTIA     XTI Aerospace, Inc.                [dismissed] 4.01 2026-06-26  NT 10-Q 2026-08-17  (52d apart)
    EXCLUDE BKYI     BIO KEY INTERNATIONAL INC          [dismissed] 4.01 2026-07-09  NT 10-Q 2026-05-18  (52d apart)
    EXCLUDE ESSI     ECO SCIENCE SOLUTIONS, INC.        [dismissed] 4.01 2026-08-13  NT 10-Q 2026-06-16  (58d apart)
    EXCLUDE PMHS     Polomar Health Services, Inc.      [dismissed] 4.01 2026-07-17  NT 10-Q 2026-05-18  (60d apart)
    EXCLUDE FSHPR    Flag Ship Acquisition Corp         [dismissed] 4.01 2026-07-21  NT 10-Q 2026-05-15  (67d apart)
    EXCLUDE LASE     Laser Photonics Corp               [chg?     ] 4.01 2026-07-24  NT 10-Q 2026-05-15  (70d apart)
    EXCLUDE AREC     American Resources Corp            [dismissed] 4.01 2026-07-29  NT 10-Q 2026-05-15  (75d apart)
    EXCLUDE ALURW    ALLURION TECHNOLOGIES, INC.        [dismissed] 4.01 2026-05-27  NT 10-Q 2026-08-14  (79d apart)
    EXCLUDE (no-tkr) Matternet, Inc.                    [chg?     ] 4.01 2026-05-29  NT 10-Q 2026-08-17  (80d apart)
  DOCTRINE: this is an EXCLUSION / anti-portfolio list (do-not-own), NOT a buy list. Either signal alone
  over-fires; only the CONJUNCTION is surfaced. Resigned auditors rank first. READ-ONLY — never orders.
[-> AUDITOR_LATE_FILING.json]

