
===== 2026-08-11 12:41 (desk) =====
[intl_dislocation_sweep] 123 shelf names dropped on a DEAD ledger verdict
[intl_dislocation_sweep] 2026-08-11: universe 8133 across 10 shelves · 9 local benchmarks
[intl_dislocation_sweep] swept 150/8142 — 127 priced (5s)
[intl_dislocation_sweep] swept 300/8142 — 252 priced (9s)
[intl_dislocation_sweep] swept 450/8142 — 304 priced (11s)
[intl_dislocation_sweep] swept 600/8142 — 310 priced (13s)
[intl_dislocation_sweep] swept 750/8142 — 317 priced (15s)
[intl_dislocation_sweep] swept 900/8142 — 334 priced (51s)
[intl_dislocation_sweep] swept 1050/8142 — 349 priced (52s)
[intl_dislocation_sweep] swept 1200/8142 — 362 priced (89s)
[intl_dislocation_sweep] swept 1350/8142 — 366 priced (125s)
[intl_dislocation_sweep] swept 1500/8142 — 381 priced (127s)
[intl_dislocation_sweep] swept 1650/8142 — 390 priced (163s)
[intl_dislocation_sweep] swept 1800/8142 — 453 priced (166s)
[intl_dislocation_sweep] swept 1950/8142 — 503 priced (168s)
[intl_dislocation_sweep] swept 2100/8142 — 553 priced (170s)
[intl_dislocation_sweep] swept 2250/8142 — 575 priced (206s)
[intl_dislocation_sweep] swept 2400/8142 — 651 priced (210s)
[intl_dislocation_sweep] swept 2550/8142 — 677 priced (211s)
[intl_dislocation_sweep] swept 2700/8142 — 707 priced (213s)
[intl_dislocation_sweep] swept 2850/8142 — 741 priced (215s)
[intl_dislocation_sweep] swept 3000/8142 — 784 priced (217s)
[intl_dislocation_sweep] swept 3150/8142 — 836 priced (219s)
[intl_dislocation_sweep] swept 3300/8142 — 899 priced (221s)
[intl_dislocation_sweep] swept 3450/8142 — 943 priced (223s)
[intl_dislocation_sweep] swept 3600/8142 — 977 priced (224s)
[intl_dislocation_sweep] swept 3750/8142 — 1005 priced (226s)
[intl_dislocation_sweep] swept 3900/8142 — 1039 priced (228s)
[intl_dislocation_sweep] swept 4050/8142 — 1068 priced (264s)
[intl_dislocation_sweep] swept 4200/8142 — 1102 priced (266s)
[intl_dislocation_sweep] swept 4350/8142 — 1191 priced (269s)
[intl_dislocation_sweep] swept 4500/8142 — 1224 priced (271s)
[intl_dislocation_sweep] swept 4650/8142 — 1291 priced (273s)
[intl_dislocation_sweep] swept 4800/8142 — 1318 priced (309s)
[intl_dislocation_sweep] swept 4950/8142 — 1377 priced (310s)
[intl_dislocation_sweep] swept 5100/8142 — 1419 priced (312s)
[intl_dislocation_sweep] swept 5250/8142 — 1440 priced (314s)
[intl_dislocation_sweep] swept 5400/8142 — 1475 priced (316s)
[intl_dislocation_sweep] swept 5550/8142 — 1528 priced (317s)
[intl_dislocation_sweep] swept 5700/8142 — 1582 priced (320s)
[intl_dislocation_sweep] swept 5850/8142 — 1660 priced (322s)
[intl_dislocation_sweep] swept 6000/8142 — 1800 priced (327s)
[intl_dislocation_sweep] swept 6150/8142 — 1948 priced (330s)
[intl_dislocation_sweep] swept 6300/8142 — 2000 priced (332s)
[intl_dislocation_sweep] swept 6450/8142 — 2127 priced (335s)
[intl_dislocation_sweep] swept 6600/8142 — 2181 priced (337s)
[intl_dislocation_sweep] swept 6750/8142 — 2236 priced (339s)
[intl_dislocation_sweep] swept 6900/8142 — 2269 priced (342s)
[intl_dislocation_sweep] swept 7050/8142 — 2312 priced (343s)
[intl_dislocation_sweep] swept 7200/8142 — 2346 priced (345s)
[intl_dislocation_sweep] swept 7350/8142 — 2383 priced (346s)
[intl_dislocation_sweep] swept 7500/8142 — 2429 priced (348s)
[intl_dislocation_sweep] swept 7650/8142 — 2490 priced (350s)
[intl_dislocation_sweep] swept 7800/8142 — 2515 priced (351s)
[intl_dislocation_sweep] swept 7950/8142 — 2538 priced (353s)
[intl_dislocation_sweep] swept 8100/8142 — 2564 priced (354s)
[intl_dislocation_sweep] swept 8142/8142 — 2580 priced (355s)
[intl_dislocation_sweep] retrying 5596 unpriced via 3569 alternate suffix forms
DETFIRE|intl_dislocation|000500.KS|HIGH|UNRESEARCHED (krx_universe shelf) fell +15.4%/5d -32.7%/21d = +15.4/-32.7pp vs UNAVAILABLE(raw) @ 156500.00. ENQUEUE-CANDIDATE: not in the research ledger — propose intake (court queue), not a position; — PROPOSES ONLY: cause-check -> discovery_state -> court (v1.4) before any staging; a shallow 'no cause found' is beta, not a dislocation
DETFIRE|intl_dislocation|000890.KS|MED|UNRESEARCHED (krx_universe shelf) fell +7.7%/5d -15.1%/21d = +7.7/-15.1pp vs UNAVAILABLE(raw) @ 1408.00. ENQUEUE-CANDIDATE: not in the research ledger — propose intake (court queue), not a position; — PROPOSES ONLY: cause-check -> discovery_state -> court (v1.4) before any staging; a shallow 'no cause found' is beta, not a dislocation
DETFIRE|intl_dislocation|000990.KS|HIGH|UNRESEARCHED (krx_universe shelf) fell +13.6%/5d -21.3%/21d = +13.6/-21.3pp vs UNAVAILABLE(raw) @ 91900.00. ENQUEUE-CANDIDATE: not in the research ledger — propose intake (court queue), not a position; — PROPOSES ONLY: cause-check -> discovery_state -> court (v1.4) before any staging; a shallow 'no cause found' is beta, not a dislocation
DETFIRE|intl_dislocation|001260.KS|HIGH|UNRESEARCHED (korea_shelf shelf) fell +8.3%/5d -22.4%/21d = +8.3/-22.4pp vs UNAVAILABLE(raw) @ 7700.00. ENQUEUE-CANDIDATE: not in the research ledger — propose intake (court queue), not a position; — PROPOSES ONLY: cause-check -> discovery_state -> court (v1.4) before any staging; a shallow 'no cause found' is beta, not a dislocation
DETFIRE|intl_dislocation|001820.KS|MED|UNRESEARCHED (krx_universe shelf) fell +9.0%/5d -19.7%/21d = +9.0/-19.7pp vs UNAVAILABLE(raw) @ 81200.00. ENQUEUE-CANDIDATE: not in the research ledger — propose intake (court queue), not a position; — PROPOSES ONLY: cause-check -> discovery_state -> court (v1.4) before any staging; a shallow 'no cause found' is beta, not a dislocation
DETFIRE|intl_dislocation|003780.KS|MED|UNRESEARCHED (krx_universe shelf) fell +5.2%/5d -15.8%/21d = +5.2/-15.8pp vs UNAVAILABLE(raw) @ 3910.00. ENQUEUE-CANDIDATE: not in the research ledger — propose intake (court queue), not a position; — PROPOSES ONLY: cause-check -> discovery_state -> court (v1.4) before any staging; a shallow 'no cause found' is beta, not a dislocation
DETFIRE|intl_dislocation|004170.KS|HIGH|UNRESEARCHED (krx_universe shelf) fell +6.5%/5d -28.7%/21d = +6.5/-28.7pp vs UNAVAILABLE(raw) @ 432000.00. ENQUEUE-CANDIDATE: not in the research ledger — propose intake (court queue), not a position; — PROPOSES ONLY: cause-check -> discovery_state -> court (v1.4) before any staging; a shallow 'no cause found' is beta, not a dislocation
DETFIRE|intl_dislocation|005930.KS|MED|UNRESEARCHED (krx_universe shelf) fell -4.0%/5d -17.3%/21d = -4.0/-17.3pp vs UNAVAILABLE(raw) @ 230000.00. ENQUEUE-CANDIDATE: not in the research ledger — propose intake (court queue), not a position; — PROPOSES ONLY: cause-check -> discovery_state -> court (v1.4) before any staging; a shallow 'no cause found' is beta, not a dislocation
DETFIRE|intl_dislocation|007810.KS|MED|UNRESEARCHED (krx_universe shelf) fell +28.6%/5d -15.7%/21d = +28.6/-15.7pp vs UNAVAILABLE(raw) @ 59100.00. ENQUEUE-CANDIDATE: not in the research ledger — propose intake (court queue), not a position; — PROPOSES ONLY: cause-check -> discovery_state -> court (v1.4) before any staging; a shallow 'no cause found' is beta, not a dislocation
DETFIRE|intl_dislocation|031980.KQ|MED|UNRESEARCHED (krx_universe shelf) fell +8.1%/5d -8.9%/21d = -7.7/-16.5pp vs ^KQ11 @ 105000.00. ENQUEUE-CANDIDATE: not in the research ledger — propose intake (court queue), not a position; — PROPOSES ONLY: cause-check -> discovery_state -> court (v1.4) before any staging; a shallow 'no cause found' is beta, not a dislocation
DETFIRE|intl_dislocation|033640.KQ|HIGH|UNRESEARCHED (krx_universe shelf) fell +13.9%/5d -17.3%/21d = -2.0/-25.0pp vs ^KQ11 @ 17070.00. ENQUEUE-CANDIDATE: not in the research ledger — propose intake (court queue), not a position; — PROPOSES ONLY: cause-check -> discovery_state -> court (v1.4) before any staging; a shallow 'no cause found' is beta, not a dislocation
DETFIRE|intl_dislocation|034230.KS|MED|UNRESEARCHED (krx_universe shelf) fell +3.4%/5d -19.4%/21d = +3.4/-19.4pp vs UNAVAILABLE(raw) @ 9840.00. ENQUEUE-CANDIDATE: not in the research ledger — propose intake (court queue), not a position; — PROPOSES ONLY: cause-check -> discovery_state -> court (v1.4) before any staging; a shallow 'no cause found' is beta, not a dislocation
DETFIRE|intl_dislocation|044180.KQ|HIGH|UNRESEARCHED (krx_universe shelf) fell +0.0%/5d +0.0%/21d = -15.9/-7.6pp vs ^KQ11 @ 205.00. ENQUEUE-CANDIDATE: not in the research ledger — propose intake (court queue), not a position; — PROPOSES ONLY: cause-check -> discovery_state -> court (v1.4) before any staging; a shallow 'no cause found' is beta, not a dislocation
DETFIRE|intl_dislocation|044780.KQ|HIGH|UNRESEARCHED (krx_universe shelf) fell -4.7%/5d +7.3%/21d = -20.6/-0.3pp vs ^KQ11 @ 1305.00. ENQUEUE-CANDIDATE: not in the research ledger — propose intake (court queue), not a position; — PROPOSES ONLY: cause-check -> discovery_state -> court (v1.4) before any staging; a shallow 'no cause found' is beta, not a dislocation
DETFIRE|intl_dislocation|052710.KQ|HIGH|UNRESEARCHED (krx_universe shelf) fell -4.1%/5d -18.2%/21d = -20.0/-25.9pp vs ^KQ11 @ 14200.00. ENQUEUE-CANDIDATE: not in the research ledger — propose intake (court queue), not a position; — PROPOSES ONLY: cause-check -> discovery_state -> court (v1.4) before any staging; a shallow 'no cause found' is beta, not a dislocation
DETFIRE|intl_dislocation|066360.KQ|HIGH|UNRESEARCHED (krx_universe shelf) fell -0.1%/5d -2.5%/21d = -16.0/-10.1pp vs ^KQ11 @ 670.00. ENQUEUE-CANDIDATE: not in the research ledger — propose intake (court queue), not a position; — PROPOSES ONLY: cause-check -> discovery_state -> court (v1.4) before any staging; a shallow 'no cause found' is beta, not a dislocation
DETFIRE|intl_dislocation|066980.KQ|HIGH|UNRESEARCHED (krx_universe shelf) fell +17.6%/5d -28.9%/21d = +1.7/-36.5pp vs ^KQ11 @ 1501.00. ENQUEUE-CANDIDATE: not in the research ledger — propose intake (court queue), not a position; — PROPOSES ONLY: cause-check -> discovery_state -> court (v1.4) before any staging; a shallow 'no cause found' is beta, not a dislocation
DETFIRE|intl_dislocation|073110.KQ|HIGH|UNRESEARCHED (krx_universe shelf) fell -0.5%/5d -1.0%/21d = -16.4/-8.6pp vs ^KQ11 @ 4880.00. ENQUEUE-CANDIDATE: not in the research ledger — propose intake (court queue), not a position; — PROPOSES ONLY: cause-check -> discovery_state -> court (v1.4) before any staging; a shallow 'no cause found' is beta, not a dislocation
DETFIRE|intl_dislocation|090150.KQ|HIGH|UNRESEARCHED (krx_universe shelf) fell +0.0%/5d +4.4%/21d = -15.9/-3.2pp vs ^KQ11 @ 499.00. ENQUEUE-CANDIDATE: not in the research ledger — propose intake (court queue), not a position; — PROPOSES ONLY: cause-check -> discovery_state -> court (v1.4) before any staging; a shallow 'no cause found' is beta, not a dislocation
DETFIRE|intl_dislocation|090850.KQ|HIGH|UNRESEARCHED (krx_universe shelf) fell -12.4%/5d -7.4%/21d = -28.3/-15.0pp vs ^KQ11 @ 5230.00. ENQUEUE-CANDIDATE: not in the research ledger — propose intake (court queue), not a position; — PROPOSES ONLY: cause-check -> discovery_state -> court (v1.4) before any staging; a shallow 'no cause found' is beta, not a dislocation
DETFIRE|intl_dislocation|101000.KQ|HIGH|UNRESEARCHED (krx_universe shelf) fell +0.0%/5d -6.0%/21d = -15.9/-13.7pp vs ^KQ11 @ 311.00. ENQUEUE-CANDIDATE: not in the research ledger — propose intake (court queue), not a position; — PROPOSES ONLY: cause-check -> discovery_state -> court (v1.4) before any staging; a shallow 'no cause found' is beta, not a dislocation
DETFIRE|intl_dislocation|101670.KQ|MED|UNRESEARCHED (krx_universe shelf) fell +10.2%/5d -8.1%/21d = -5.7/-15.7pp vs ^KQ11 @ 855.00. ENQUEUE-CANDIDATE: not in the research ledger — propose intake (court queue), not a position; — PROPOSES ONLY: cause-check -> discovery_state -> court (v1.4) before any staging; a shallow 'no cause found' is beta, not a dislocation
DETFIRE|intl_dislocation|101730.KQ|HIGH|UNRESEARCHED (krx_universe shelf) fell +3.2%/5d -31.6%/21d = -12.7/-39.3pp vs ^KQ11 @ 3380.00. ENQUEUE-CANDIDATE: not in the research ledger — propose intake (court queue), not a position; — PROPOSES ONLY: cause-check -> discovery_state -> court (v1.4) before any staging; a shallow 'no cause found' is beta, not a dislocation
DETFIRE|intl_dislocation|106240.KQ|HIGH|UNRESEARCHED (krx_universe shelf) fell -6.9%/5d -5.4%/21d = -22.7/-13.0pp vs ^KQ11 @ 1210.00. ENQUEUE-CANDIDATE: not in the research ledger — propose intake (court queue), not a position; — PROPOSES ONLY: cause-check -> discovery_state -> court (v1.4) before any staging; a shallow 'no cause found' is beta, not a dislocation
DETFIRE|intl_dislocation|123750.KQ|HIGH|UNRESEARCHED (krx_universe shelf) fell -0.1%/5d -21.4%/21d = -15.9/-29.0pp vs ^KQ11 @ 1768.00. ENQUEUE-CANDIDATE: not in the research ledger — propose intake (court queue), not a position; — PROPOSES ONLY: cause-check -> discovery_state -> court (v1.4) before any staging; a shallow 'no cause found' is beta, not a dislocation
DETFIRE|intl_dislocation|123840.KQ|HIGH|UNRESEARCHED (krx_universe shelf) fell +9.4%/5d -15.2%/21d = -6.5/-22.8pp vs ^KQ11 @ 1865.00. ENQUEUE-CANDIDATE: not in the research ledger — propose intake (court queue), not a position; — PROPOSES ONLY: cause-check -> discovery_state -> court (v1.4) before any staging; a shallow 'no cause found' is beta, not a dislocation
DETFIRE|intl_dislocation|142760.KQ|HIGH|UNRESEARCHED (krx_universe shelf) fell -24.5%/5d -12.1%/21d = -40.3/-19.7pp vs ^KQ11 @ 349.00. ENQUEUE-CANDIDATE: not in the research ledger — propose intake (court queue), not a position; — PROPOSES ONLY: cause-check -> discovery_state -> court (v1.4) before any staging; a shallow 'no cause found' is beta, not a dislocation
DETFIRE|intl_dislocation|148250.KQ|MED|UNRESEARCHED (krx_universe shelf) fell +11.8%/5d -9.8%/21d = -4.1/-17.4pp vs ^KQ11 @ 2035.00. ENQUEUE-CANDIDATE: not in the research ledger — propose intake (court queue), not a position; — PROPOSES ONLY: cause-check -> discovery_state -> court (v1.4) before any staging; a shallow 'no cause found' is beta, not a dislocation
DETFIRE|intl_dislocation|153490.KQ|HIGH|UNRESEARCHED (krx_universe shelf) fell +0.0%/5d -7.5%/21d = -15.9/-15.2pp vs ^KQ11 @ 405.00. ENQUEUE-CANDIDATE: not in the research ledger — propose intake (court queue), not a position; — PROPOSES ONLY: cause-check -> discovery_state -> court (v1.4) before any staging; a shallow 'no cause found' is beta, not a dislocation
DETFIRE|intl_dislocation|168360.KQ|HIGH|UNRESEARCHED (krx_universe shelf) fell +6.0%/5d -15.4%/21d = -9.9/-23.0pp vs ^KQ11 @ 12220.00. ENQUEUE-CANDIDATE: not in the research ledger — propose intake (court queue), not a position; — PROPOSES ONLY: cause-check -> discovery_state -> court (v1.4) before any staging; a shallow 'no cause found' is beta, not a dislocation
DETFIRE|intl_dislocation|175250.KQ|HIGH|UNRESEARCHED (krx_universe shelf) fell +0.0%/5d +0.0%/21d = -15.9/-7.6pp vs ^KQ11 @ 2170.00. ENQUEUE-CANDIDATE: not in the research ledger — propose intake (court queue), not a position; — PROPOSES ONLY: cause-check -> discovery_state -> court (v1.4) before any staging; a shallow 'no cause found' is beta, not a dislocation
DETFIRE|intl_dislocation|178320.KQ|MED|UNRESEARCHED (krx_universe shelf) fell +13.0%/5d -10.2%/21d = -2.9/-17.8pp vs ^KQ11 @ 37450.00. ENQUEUE-CANDIDATE: not in the research ledger — propose intake (court queue), not a position; — PROPOSES ONLY: cause-check -> discovery_state -> court (v1.4) before any staging; a shallow 'no cause found' is beta, not a dislocation
DETFIRE|intl_dislocation|178780.KQ|HIGH|UNRESEARCHED (krx_universe shelf) fell -1.1%/5d -9.6%/21d = -17.0/-17.2pp vs ^KQ11 @ 2170.00. ENQUEUE-CANDIDATE: not in the research ledger — propose intake (court queue), not a position; — PROPOSES ONLY: cause-check -> discovery_state -> court (v1.4) before any staging; a shallow 'no cause found' is beta, not a dislocation
DETFIRE|intl_dislocation|179900.KQ|HIGH|UNRESEARCHED (krx_universe shelf) fell +27.0%/5d -40.9%/21d = +11.1/-48.5pp vs ^KQ11 @ 2310.00. ENQUEUE-CANDIDATE: not in the research ledger — propose intake (court queue), not a position; — PROPOSES ONLY: cause-check -> discovery_state -> court (v1.4) before any staging; a shallow 'no cause found' is beta, not a dislocation
DETFIRE|intl_dislocation|183300.KQ|HIGH|UNRESEARCHED (krx_universe shelf) fell +0.0%/5d -28.3%/21d = -15.9/-35.9pp vs ^KQ11 @ 54400.00. ENQUEUE-CANDIDATE: not in the research ledger — propose intake (court queue), not a position; — PROPOSES ONLY: cause-check -> discovery_state -> court (v1.4) before any staging; a shallow 'no cause found' is beta, not a dislocation
DETFIRE|intl_dislocation|183490.KQ|HIGH|UNRESEARCHED (krx_universe shelf) fell +0.0%/5d +0.0%/21d = -15.9/-7.6pp vs ^KQ11 @ 990.00. ENQUEUE-CANDIDATE: not in the research ledger — propose intake (court queue), not a position; — PROPOSES ONLY: cause-check -> discovery_state -> court (v1.4) before any staging; a shallow 'no cause found' is beta, not a dislocation
DETFIRE|intl_dislocation|204840.KQ|HIGH|UNRESEARCHED (krx_universe shelf) fell +0.0%/5d -0.4%/21d = -15.9/-8.0pp vs ^KQ11 @ 4070.00. ENQUEUE-CANDIDATE: not in the research ledger — propose intake (court queue), not a position; — PROPOSES ONLY: cause-check -> discovery_state -> court (v1.4) before any staging; a shallow 'no cause found' is beta, not a dislocation
DETFIRE|intl_dislocation|206640.KQ|HIGH|UNRESEARCHED (krx_universe shelf) fell -0.1%/5d +2.6%/21d = -16.0/-5.1pp vs ^KQ11 @ 11240.00. ENQUEUE-CANDIDATE: not in the research ledger — propose intake (court queue), not a position; — PROPOSES ONLY: cause-check -> discovery_state -> court (v1.4) before any staging; a shallow 'no cause found' is beta, not a dislocation
DETFIRE|intl_dislocation|228340.KQ|HIGH|UNRESEARCHED (krx_universe shelf) fell +6.5%/5d -34.9%/21d = -9.4/-42.5pp vs ^KQ11 @ 2455.00. ENQUEUE-CANDIDATE: not in the research ledger — propose intake (court queue), not a position; — PROPOSES ONLY: cause-check -> discovery_state -> court (v1.4) before any staging; a shallow 'no cause found' is beta, not a dislocation
DETFIRE|intl_dislocation|234920.KQ|HIGH|UNRESEARCHED (krx_universe shelf) fell +0.0%/5d +0.0%/21d = -15.9/-7.6pp vs ^KQ11 @ 5310.00. ENQUEUE-CANDIDATE: not in the research ledger — propose intake (court queue), not a position; — PROPOSES ONLY: cause-check -> discovery_state -> court (v1.4) before any staging; a shallow 'no cause found' is beta, not a dislocation
DETFIRE|intl_dislocation|238090.KQ|HIGH|UNRESEARCHED (krx_universe shelf) fell +0.7%/5d -13.1%/21d = -15.2/-20.7pp vs ^KQ11 @ 2125.00. ENQUEUE-CANDIDATE: not in the research ledger — propose intake (court queue), not a position; — PROPOSES ONLY: cause-check -> discovery_state -> court (v1.4) before any staging; a shallow 'no cause found' is beta, not a dislocation
DETFIRE|intl_dislocation|2413.T|HIGH|UNRESEARCHED (japan_edinet shelf) fell -13.4%/5d -18.0%/21d = -13.4/-18.0pp vs UNAVAILABLE(raw) @ 1538.00. ENQUEUE-CANDIDATE: not in the research ledger — propose intake (court queue), not a position; — PROPOSES ONLY: cause-check -> discovery_state -> court (v1.4) before any staging; a shallow 'no cause found' is beta, not a dislocation
DETFIRE|intl_dislocation|245620.KQ|HIGH|UNRESEARCHED (krx_universe shelf) fell +0.0%/5d +0.0%/21d = -15.9/-7.6pp vs ^KQ11 @ 2489.50. ENQUEUE-CANDIDATE: not in the research ledger — propose intake (court queue), not a position; — PROPOSES ONLY: cause-check -> discovery_state -> court (v1.4) before any staging; a shallow 'no cause found' is beta, not a dislocation
DETFIRE|intl_dislocation|246250.KQ|HIGH|UNRESEARCHED (krx_universe shelf) fell +0.0%/5d +0.0%/21d = -15.9/-7.6pp vs ^KQ11 @ 1969.00. ENQUEUE-CANDIDATE: not in the research ledger — propose intake (court queue), not a position; — PROPOSES ONLY: cause-check -> discovery_state -> court (v1.4) before any staging; a shallow 'no cause found' is beta, not a dislocation
DETFIRE|intl_dislocation|246720.KQ|HIGH|UNRESEARCHED (krx_universe shelf) fell +0.0%/5d +0.0%/21d = -15.9/-7.6pp vs ^KQ11 @ 6070.00. ENQUEUE-CANDIDATE: not in the research ledger — propose intake (court queue), not a position; — PROPOSES ONLY: cause-check -> discovery_state -> court (v1.4) before any staging; a shallow 'no cause found' is beta, not a dislocation
DETFIRE|intl_dislocation|247660.KQ|HIGH|UNRESEARCHED (krx_universe shelf) fell -20.0%/5d -17.9%/21d = -35.9/-25.5pp vs ^KQ11 @ 2380.00. ENQUEUE-CANDIDATE: not in the research ledger — propose intake (court queue), not a position; — PROPOSES ONLY: cause-check -> discovery_state -> court (v1.4) before any staging; a shallow 'no cause found' is beta, not a dislocation
DETFIRE|intl_dislocation|263920.KQ|HIGH|UNRESEARCHED (krx_universe shelf) fell +1.2%/5d -13.6%/21d = -14.7/-21.2pp vs ^KQ11 @ 3445.00. ENQUEUE-CANDIDATE: not in the research ledger — propose intake (court queue), not a position; — PROPOSES ONLY: cause-check -> discovery_state -> court (v1.4) before any staging; a shallow 'no cause found' is beta, not a dislocation
DETFIRE|intl_dislocation|281820.KS|HIGH|UNRESEARCHED (krx_universe shelf) fell -3.6%/5d -20.5%/21d = -3.6/-20.5pp vs UNAVAILABLE(raw) @ 66400.00. ENQUEUE-CANDIDATE: not in the research ledger — propose intake (court queue), not a position; — PROPOSES ONLY: cause-check -> discovery_state -> court (v1.4) before any staging; a shallow 'no cause found' is beta, not a dislocation
DETFIRE|intl_dislocation|288330.KQ|HIGH|UNRESEARCHED (krx_universe shelf) fell +0.0%/5d +0.0%/21d = -15.9/-7.6pp vs ^KQ11 @ 416.00. ENQUEUE-CANDIDATE: not in the research ledger — propose intake (court queue), not a position; — PROPOSES ONLY: cause-check -> discovery_state -> court (v1.4) before any staging; a shallow 'no cause found' is beta, not a dislocation
DETFIRE|intl_dislocation|290650.KQ|MED|UNRESEARCHED (krx_universe shelf) fell +33.1%/5d -7.4%/21d = +17.2/-15.1pp vs ^KQ11 @ 64600.00. ENQUEUE-CANDIDATE: not in the research ledger — propose intake (court queue), not a position; — PROPOSES ONLY: cause-check -> discovery_state -> court (v1.4) before any staging; a shallow 'no cause found' is beta, not a dislocation
DETFIRE|intl_dislocation|291650.KQ|HIGH|UNRESEARCHED (krx_universe shelf) fell +0.0%/5d -8.7%/21d = -15.9/-16.4pp vs ^KQ11 @ 950.00. ENQUEUE-CANDIDATE: not in the research ledger — propose intake (court queue), not a position; — PROPOSES ONLY: cause-check -> discovery_state -> court (v1.4) before any staging; a shallow 'no cause found' is beta, not a dislocation
DETFIRE|intl_dislocation|294090.KQ|HIGH|UNRESEARCHED (krx_universe shelf) fell +0.0%/5d +0.0%/21d = -15.9/-7.6pp vs ^KQ11 @ 1490.00. ENQUEUE-CANDIDATE: not in the research ledger — propose intake (court queue), not a position; — PROPOSES ONLY: cause-check -> discovery_state -> court (v1.4) before any staging; a shallow 'no cause found' is beta, not a dislocation
DETFIRE|intl_dislocation|296640.KQ|MED|UNRESEARCHED (krx_universe shelf) fell +6.2%/5d -11.1%/21d = -9.7/-18.7pp vs ^KQ11 @ 4355.00. ENQUEUE-CANDIDATE: not in the research ledger — propose intake (court queue), not a position; — PROPOSES ONLY: cause-check -> discovery_state -> court (v1.4) before any staging; a shallow 'no cause found' is beta, not a dislocation
DETFIRE|intl_dislocation|302430.KQ|MED|UNRESEARCHED (krx_universe shelf) fell +16.3%/5d -11.3%/21d = +0.5/-18.9pp vs ^KQ11 @ 5410.00. ENQUEUE-CANDIDATE: not in the research ledger — propose intake (court queue), not a position; — PROPOSES ONLY: cause-check -> discovery_state -> court (v1.4) before any staging; a shallow 'no cause found' is beta, not a dislocation
DETFIRE|intl_dislocation|303530.KQ|HIGH|UNRESEARCHED (krx_universe shelf) fell +9.4%/5d -23.7%/21d = -6.5/-31.3pp vs ^KQ11 @ 2740.00. ENQUEUE-CANDIDATE: not in the research ledger — propose intake (court queue), not a position; — PROPOSES ONLY: cause-check -> discovery_state -> court (v1.4) before any staging; a shallow 'no cause found' is beta, not a dislocation
DETFIRE|intl_dislocation|312610.KQ|MED|UNRESEARCHED (krx_universe shelf) fell +0.5%/5d -11.6%/21d = -15.3/-19.2pp vs ^KQ11 @ 367.00. ENQUEUE-CANDIDATE: not in the research ledger — propose intake (court queue), not a position; — PROPOSES ONLY: cause-check -> discovery_state -> court (v1.4) before any staging; a shallow 'no cause found' is beta, not a dislocation
DETFIRE|intl_dislocation|322310.KQ|HIGH|UNRESEARCHED (krx_universe shelf) fell +5.6%/5d -14.7%/21d = -10.3/-22.3pp vs ^KQ11 @ 14530.00. ENQUEUE-CANDIDATE: not in the research ledger — propose intake (court queue), not a position; — PROPOSES ONLY: cause-check -> discovery_state -> court (v1.4) before any staging; a shallow 'no cause found' is beta, not a dislocation
DETFIRE|intl_dislocation|336260.KS|HIGH|UNRESEARCHED (krx_universe shelf) fell +28.5%/5d -22.2%/21d = +28.5/-22.2pp vs UNAVAILABLE(raw) @ 33350.00. ENQUEUE-CANDIDATE: not in the research ledger — propose intake (court queue), not a position; — PROPOSES ONLY: cause-check -> discovery_state -> court (v1.4) before any staging; a shallow 'no cause found' is beta, not a dislocation
DETFIRE|intl_dislocation|354200.KQ|MED|UNRESEARCHED (krx_universe shelf) fell +20.3%/5d -9.7%/21d = +4.4/-17.3pp vs ^KQ11 @ 1997.00. ENQUEUE-CANDIDATE: not in the research ledger — propose intake (court queue), not a position; — PROPOSES ONLY: cause-check -> discovery_state -> court (v1.4) before any staging; a shallow 'no cause found' is beta, not a dislocation
DETFIRE|intl_dislocation|366030.KQ|HIGH|UNRESEARCHED (krx_universe shelf) fell -1.1%/5d -14.8%/21d = -17.0/-22.4pp vs ^KQ11 @ 4370.00. ENQUEUE-CANDIDATE: not in the research ledger — propose intake (court queue), not a position; — PROPOSES ONLY: cause-check -> discovery_state -> court (v1.4) before any staging; a shallow 'no cause found' is beta, not a dislocation
DETFIRE|intl_dislocation|3686.T|MED|UNRESEARCHED (japan_edinet shelf) fell +1.7%/5d -17.6%/21d = +1.7/-17.6pp vs UNAVAILABLE(raw) @ 61.00. ENQUEUE-CANDIDATE: not in the research ledger — propose intake (court queue), not a position; — PROPOSES ONLY: cause-check -> discovery_state -> court (v1.4) before any staging; a shallow 'no cause found' is beta, not a dislocation
DETFIRE|intl_dislocation|371950.KQ|MED|UNRESEARCHED (krx_universe shelf) fell +7.8%/5d -9.4%/21d = -8.1/-17.0pp vs ^KQ11 @ 5100.00. ENQUEUE-CANDIDATE: not in the research ledger — propose intake (court queue), not a position; — PROPOSES ONLY: cause-check -> discovery_state -> court (v1.4) before any staging; a shallow 'no cause found' is beta, not a dislocation
DETFIRE|intl_dislocation|373200.KQ|HIGH|UNRESEARCHED (krx_universe shelf) fell +2.0%/5d -31.6%/21d = -13.9/-39.2pp vs ^KQ11 @ 1737.00. ENQUEUE-CANDIDATE: not in the research ledger — propose intake (court queue), not a position; — PROPOSES ONLY: cause-check -> discovery_state -> court (v1.4) before any staging; a shallow 'no cause found' is beta, not a dislocation
DETFIRE|intl_dislocation|394420.KQ|HIGH|UNRESEARCHED (krx_universe shelf) fell +15.4%/5d -19.6%/21d = -0.5/-27.2pp vs ^KQ11 @ 10930.00. ENQUEUE-CANDIDATE: not in the research ledger — propose intake (court queue), not a position; — PROPOSES ONLY: cause-check -> discovery_state -> court (v1.4) before any staging; a shallow 'no cause found' is beta, not a dislocation
DETFIRE|intl_dislocation|402340.KS|HIGH|UNRESEARCHED (krx_universe shelf) fell -7.4%/5d -28.5%/21d = -7.4/-28.5pp vs UNAVAILABLE(raw) @ 949000.00. ENQUEUE-CANDIDATE: not in the research ledger — propose intake (court queue), not a position; — PROPOSES ONLY: cause-check -> discovery_state -> court (v1.4) before any staging; a shallow 'no cause found' is beta, not a dislocation
DETFIRE|intl_dislocation|425420.KQ|MED|UNRESEARCHED (krx_universe shelf) fell +9.4%/5d -8.3%/21d = -6.5/-15.9pp vs ^KQ11 @ 33100.00. ENQUEUE-CANDIDATE: not in the research ledger — propose intake (court queue), not a position; — PROPOSES ONLY: cause-check -> discovery_state -> court (v1.4) before any staging; a shallow 'no cause found' is beta, not a dislocation
DETFIRE|intl_dislocation|4275.T|MED|UNRESEARCHED (japan_edinet shelf) fell -8.5%/5d -10.4%/21d = -8.5/-10.4pp vs UNAVAILABLE(raw) @ 2114.00. ENQUEUE-CANDIDATE: not in the research ledger — propose intake (court queue), not a position; — PROPOSES ONLY: cause-check -> discovery_state -> court (v1.4) before any staging; a shallow 'no cause found' is beta, not a dislocation
DETFIRE|intl_dislocation|4316.T|HIGH|UNRESEARCHED (japan_edinet shelf) fell +1.1%/5d -30.2%/21d = +1.1/-30.2pp vs UNAVAILABLE(raw) @ 88.00. ENQUEUE-CANDIDATE: not in the research ledger — propose intake (court queue), not a position; — PROPOSES ONLY: cause-check -> discovery_state -> court (v1.4) before any staging; a shallow 'no cause found' is beta, not a dislocation
DETFIRE|intl_dislocation|437730.KQ|HIGH|UNRESEARCHED (krx_universe shelf) fell -8.8%/5d +9.5%/21d = -24.6/+1.9pp vs ^KQ11 @ 37000.00. ENQUEUE-CANDIDATE: not in the research ledger — propose intake (court queue), not a position; — PROPOSES ONLY: cause-check -> discovery_state -> court (v1.4) before any staging; a shallow 'no cause found' is beta, not a dislocation
DETFIRE|intl_dislocation|445090.KQ|MED|UNRESEARCHED (krx_universe shelf) fell +12.2%/5d -8.9%/21d = -3.7/-16.5pp vs ^KQ11 @ 19500.00. ENQUEUE-CANDIDATE: not in the research ledger — propose intake (court queue), not a position; — PROPOSES ONLY: cause-check -> discovery_state -> court (v1.4) before any staging; a shallow 'no cause found' is beta, not a dislocation
DETFIRE|intl_dislocation|446840.KQ|HIGH|UNRESEARCHED (krx_universe shelf) fell +8.2%/5d -36.7%/21d = -7.6/-44.3pp vs ^KQ11 @ 3350.00. ENQUEUE-CANDIDATE: not in the research ledger — propose intake (court queue), not a position; — PROPOSES ONLY: cause-check -> discovery_state -> court (v1.4) before any staging; a shallow 'no cause found' is beta, not a dislocation
DETFIRE|intl_dislocation|450330.KQ|MED|UNRESEARCHED (krx_universe shelf) fell +11.2%/5d -7.4%/21d = -4.7/-15.1pp vs ^KQ11 @ 4415.00. ENQUEUE-CANDIDATE: not in the research ledger — propose intake (court queue), not a position; — PROPOSES ONLY: cause-check -> discovery_state -> court (v1.4) before any staging; a shallow 'no cause found' is beta, not a dislocation
DETFIRE|intl_dislocation|4966.T|MED|UNRESEARCHED (japan_edinet shelf) fell -9.2%/5d -14.1%/21d = -9.2/-14.1pp vs UNAVAILABLE(raw) @ 20830.00. ENQUEUE-CANDIDATE: not in the research ledger — propose intake (court queue), not a position; — PROPOSES ONLY: cause-check -> discovery_state -> court (v1.4) before any staging; a shallow 'no cause found' is beta, not a dislocation
DETFIRE|intl_dislocation|6976.T|HIGH|UNRESEARCHED (japan_edinet shelf) fell -3.7%/5d -35.0%/21d = -3.7/-35.0pp vs UNAVAILABLE(raw) @ 9548.00. ENQUEUE-CANDIDATE: not in the research ledger — propose intake (court queue), not a position; — PROPOSES ONLY: cause-check -> discovery_state -> court (v1.4) before any staging; a shallow 'no cause found' is beta, not a dislocation
DETFIRE|intl_dislocation|950160.KQ|HIGH|UNRESEARCHED (krx_universe shelf) fell +35.3%/5d -77.9%/21d = +19.4/-85.5pp vs ^KQ11 @ 19330.00. SUSPECT — a -78%/21d line is usually an unadjusted CORPORATE ACTION (consolidation, delisting stub), not a tape move: verify the split/CA history before treating this as a dislocation; ENQUEUE-CANDIDATE: not in the research ledger — propose intake (court queue), not a position; — PROPOSES ONLY: cause-check -> discovery_state -> court (v1.4) before any staging; a shallow 'no cause found' is beta, not a dislocation
DETFIRE|intl_dislocation|950190.KQ|HIGH|UNRESEARCHED (krx_universe shelf) fell -12.9%/5d -4.4%/21d = -28.7/-12.0pp vs ^KQ11 @ 8680.00. ENQUEUE-CANDIDATE: not in the research ledger — propose intake (court queue), not a position; — PROPOSES ONLY: cause-check -> discovery_state -> court (v1.4) before any staging; a shallow 'no cause found' is beta, not a dislocation
DETFIRE|intl_dislocation|ABSL-B.ST|MED|UNRESEARCHED (euronext_universe shelf) fell -5.6%/5d -15.2%/21d = -5.6/-15.2pp vs UNAVAILABLE(raw) @ 3.40. ENQUEUE-CANDIDATE: not in the research ledger — propose intake (court queue), not a position; — PROPOSES ONLY: cause-check -> discovery_state -> court (v1.4) before any staging; a shallow 'no cause found' is beta, not a dislocation
DETFIRE|intl_dislocation|AEG.L|HIGH|UNRESEARCHED (lse_universe shelf) fell -4.3%/5d -24.8%/21d = -4.0/-28.1pp vs ^FTSE @ 0.08. ENQUEUE-CANDIDATE: not in the research ledger — propose intake (court queue), not a position; — PROPOSES ONLY: cause-check -> discovery_state -> court (v1.4) before any staging; a shallow 'no cause found' is beta, not a dislocation
DETFIRE|intl_dislocation|AERO.ST|HIGH|UNRESEARCHED (euronext_universe shelf) fell -5.5%/5d -20.2%/21d = -5.5/-20.2pp vs UNAVAILABLE(raw) @ 0.69. ENQUEUE-CANDIDATE: not in the research ledger — propose intake (court queue), not a position; — PROPOSES ONLY: cause-check -> discovery_state -> court (v1.4) before any staging; a shallow 'no cause found' is beta, not a dislocation
DETFIRE|intl_dislocation|AERW-B.ST|HIGH|UNRESEARCHED (euronext_universe shelf) fell -26.7%/5d -33.3%/21d = -26.7/-33.3pp vs UNAVAILABLE(raw) @ 1.38. ENQUEUE-CANDIDATE: not in the research ledger — propose intake (court queue), not a position; — PROPOSES ONLY: cause-check -> discovery_state -> court (v1.4) before any staging; a shallow 'no cause found' is beta, not a dislocation
DETFIRE|intl_dislocation|AEX.L|HIGH|UNRESEARCHED (lse_universe shelf) fell -8.7%/5d -53.1%/21d = -8.4/-56.4pp vs ^FTSE @ 1.15. ENQUEUE-CANDIDATE: not in the research ledger — propose intake (court queue), not a position; — PROPOSES ONLY: cause-check -> discovery_state -> court (v1.4) before any staging; a shallow 'no cause found' is beta, not a dislocation
DETFIRE|intl_dislocation|ALAIR.PA|MED|UNRESEARCHED (euronext_universe shelf) fell +3.2%/5d -13.0%/21d = +2.6/-16.0pp vs ^STOXX @ 1.30. ENQUEUE-CANDIDATE: not in the research ledger — propose intake (court queue), not a position; — PROPOSES ONLY: cause-check -> discovery_state -> court (v1.4) before any staging; a shallow 'no cause found' is beta, not a dislocation
DETFIRE|intl_dislocation|ALALO.PA|HIGH|UNRESEARCHED (euronext_universe shelf) fell -25.0%/5d -25.0%/21d = -25.6/-28.0pp vs ^STOXX @ 0.00. ENQUEUE-CANDIDATE: not in the research ledger — propose intake (court queue), not a position; — PROPOSES ONLY: cause-check -> discovery_state -> court (v1.4) before any staging; a shallow 'no cause found' is beta, not a dislocation
DETFIRE|intl_dislocation|ALSPW.PA|MED|UNRESEARCHED (euronext_universe shelf) fell -9.1%/5d +9.0%/21d = -9.7/+5.9pp vs ^STOXX @ 0.13. ENQUEUE-CANDIDATE: not in the research ledger — propose intake (court queue), not a position; — PROPOSES ONLY: cause-check -> discovery_state -> court (v1.4) before any staging; a shallow 'no cause found' is beta, not a dislocation
DETFIRE|intl_dislocation|BEYOND.ST|HIGH|UNRESEARCHED (euronext_universe shelf) fell -7.7%/5d -20.1%/21d = -7.7/-20.1pp vs UNAVAILABLE(raw) @ 1.69. ENQUEUE-CANDIDATE: not in the research ledger — propose intake (court queue), not a position; — PROPOSES ONLY: cause-check -> discovery_state -> court (v1.4) before any staging; a shallow 'no cause found' is beta, not a dislocation
DETFIRE|intl_dislocation|BHL.L|MED|UNRESEARCHED (lse_universe shelf) fell -6.7%/5d -12.5%/21d = -6.3/-15.8pp vs ^FTSE @ 2.10. ENQUEUE-CANDIDATE: not in the research ledger — propose intake (court queue), not a position; — PROPOSES ONLY: cause-check -> discovery_state -> court (v1.4) before any staging; a shallow 'no cause found' is beta, not a dislocation
DETFIRE|intl_dislocation|BOR.L|MED|UNRESEARCHED (lse_universe shelf) fell -2.5%/5d -15.2%/21d = -2.2/-18.5pp vs ^FTSE @ 10.60. ENQUEUE-CANDIDATE: not in the research ledger — propose intake (court queue), not a position; — PROPOSES ONLY: cause-check -> discovery_state -> court (v1.4) before any staging; a shallow 'no cause found' is beta, not a dislocation
DETFIRE|intl_dislocation|BOUL.ST|MED|UNRESEARCHED (euronext_universe shelf) fell -9.7%/5d -7.6%/21d = -9.7/-7.6pp vs UNAVAILABLE(raw) @ 3.52. ENQUEUE-CANDIDATE: not in the research ledger — propose intake (court queue), not a position; — PROPOSES ONLY: cause-check -> discovery_state -> court (v1.4) before any staging; a shallow 'no cause found' is beta, not a dislocation
DETFIRE|intl_dislocation|BUSER.ST|HIGH|UNRESEARCHED (euronext_universe shelf) fell -11.2%/5d -23.1%/21d = -11.2/-23.1pp vs UNAVAILABLE(raw) @ 16.60. ENQUEUE-CANDIDATE: not in the research ledger — propose intake (court queue), not a position; — PROPOSES ONLY: cause-check -> discovery_state -> court (v1.4) before any staging; a shallow 'no cause found' is beta, not a dislocation
DETFIRE|intl_dislocation|DISH.L|MED|UNRESEARCHED (lse_universe shelf) fell +0.0%/5d -11.8%/21d = +0.3/-15.1pp vs ^FTSE @ 0.07. ENQUEUE-CANDIDATE: not in the research ledger — propose intake (court queue), not a position; — PROPOSES ONLY: cause-check -> discovery_state -> court (v1.4) before any staging; a shallow 'no cause found' is beta, not a dislocation
DETFIRE|intl_dislocation|FADL.L|HIGH|UNRESEARCHED (lse_universe shelf) fell +0.0%/5d -99.1%/21d = -0.0/-102.6pp vs ^FTSE @ 0.24. SUSPECT — a -99%/21d line is usually an unadjusted CORPORATE ACTION (consolidation, delisting stub), not a tape move: verify the split/CA history before treating this as a dislocation; ENQUEUE-CANDIDATE: not in the research ledger — propose intake (court queue), not a position; — PROPOSES ONLY: cause-check -> discovery_state -> court (v1.4) before any staging; a shallow 'no cause found' is beta, not a dislocation
DETFIRE|intl_dislocation|FDR.L|HIGH|UNRESEARCHED (lse_universe shelf) fell +2.2%/5d -19.3%/21d = +2.5/-22.6pp vs ^FTSE @ 2.30. ENQUEUE-CANDIDATE: not in the research ledger — propose intake (court queue), not a position; — PROPOSES ONLY: cause-check -> discovery_state -> court (v1.4) before any staging; a shallow 'no cause found' is beta, not a dislocation
DETFIRE|intl_dislocation|FIPP.L|MED|UNRESEARCHED (lse_universe shelf) fell +0.0%/5d -15.9%/21d = +0.3/-19.2pp vs ^FTSE @ 13.25. ENQUEUE-CANDIDATE: not in the research ledger — propose intake (court queue), not a position; — PROPOSES ONLY: cause-check -> discovery_state -> court (v1.4) before any staging; a shallow 'no cause found' is beta, not a dislocation
DETFIRE|intl_dislocation|FLEXM.ST|HIGH|UNRESEARCHED (euronext_universe shelf) fell -18.6%/5d +1.1%/21d = -18.6/+1.1pp vs UNAVAILABLE(raw) @ 2.80. ENQUEUE-CANDIDATE: not in the research ledger — propose intake (court queue), not a position; — PROPOSES ONLY: cause-check -> discovery_state -> court (v1.4) before any staging; a shallow 'no cause found' is beta, not a dislocation
DETFIRE|intl_dislocation|GAD.ST|HIGH|UNRESEARCHED (euronext_universe shelf) fell -12.6%/5d +3.9%/21d = -12.6/+3.9pp vs UNAVAILABLE(raw) @ 2.92. ENQUEUE-CANDIDATE: not in the research ledger — propose intake (court queue), not a position; — PROPOSES ONLY: cause-check -> discovery_state -> court (v1.4) before any staging; a shallow 'no cause found' is beta, not a dislocation
DETFIRE|intl_dislocation|GST.L|HIGH|UNRESEARCHED (lse_universe shelf) fell -5.9%/5d -21.6%/21d = -5.6/-24.9pp vs ^FTSE @ 0.40. ENQUEUE-CANDIDATE: not in the research ledger — propose intake (court queue), not a position; — PROPOSES ONLY: cause-check -> discovery_state -> court (v1.4) before any staging; a shallow 'no cause found' is beta, not a dislocation
DETFIRE|intl_dislocation|GUARD.ST|MED|UNRESEARCHED (euronext_universe shelf) fell -4.3%/5d -17.2%/21d = -4.3/-17.2pp vs UNAVAILABLE(raw) @ 1.29. ENQUEUE-CANDIDATE: not in the research ledger — propose intake (court queue), not a position; — PROPOSES ONLY: cause-check -> discovery_state -> court (v1.4) before any staging; a shallow 'no cause found' is beta, not a dislocation
DETFIRE|intl_dislocation|GV2O.L|MED|UNRESEARCHED (lse_universe shelf) fell +0.0%/5d -12.2%/21d = -0.0/-15.6pp vs ^FTSE @ 0.06. ENQUEUE-CANDIDATE: not in the research ledger — propose intake (court queue), not a position; — PROPOSES ONLY: cause-check -> discovery_state -> court (v1.4) before any staging; a shallow 'no cause found' is beta, not a dislocation
DETFIRE|intl_dislocation|GYLD-A.CO|MED|UNRESEARCHED (euronext_universe shelf) fell -6.6%/5d -15.2%/21d = -6.6/-15.2pp vs UNAVAILABLE(raw) @ 1280.00. ENQUEUE-CANDIDATE: not in the research ledger — propose intake (court queue), not a position; — PROPOSES ONLY: cause-check -> discovery_state -> court (v1.4) before any staging; a shallow 'no cause found' is beta, not a dislocation
DETFIRE|intl_dislocation|HEAD.L|HIGH|UNRESEARCHED (lse_universe shelf) fell +13.0%/5d -45.1%/21d = +13.3/-48.4pp vs ^FTSE @ 10.35. ENQUEUE-CANDIDATE: not in the research ledger — propose intake (court queue), not a position; — PROPOSES ONLY: cause-check -> discovery_state -> court (v1.4) before any staging; a shallow 'no cause found' is beta, not a dislocation
DETFIRE|intl_dislocation|HEMO.L|MED|UNRESEARCHED (lse_universe shelf) fell +0.2%/5d -14.9%/21d = +0.5/-18.2pp vs ^FTSE @ 655.00. ENQUEUE-CANDIDATE: not in the research ledger — propose intake (court queue), not a position; — PROPOSES ONLY: cause-check -> discovery_state -> court (v1.4) before any staging; a shallow 'no cause found' is beta, not a dislocation
DETFIRE|intl_dislocation|HPUR.OL|HIGH|UNRESEARCHED (euronext_universe shelf) fell -8.2%/5d -20.4%/21d = -8.2/-20.4pp vs UNAVAILABLE(raw) @ 9.00. ENQUEUE-CANDIDATE: not in the research ledger — propose intake (court queue), not a position; — PROPOSES ONLY: cause-check -> discovery_state -> court (v1.4) before any staging; a shallow 'no cause found' is beta, not a dislocation
DETFIRE|intl_dislocation|HSM.L|MED|UNRESEARCHED (lse_universe shelf) fell +2.0%/5d -13.3%/21d = +2.3/-16.6pp vs ^FTSE @ 260.00. ENQUEUE-CANDIDATE: not in the research ledger — propose intake (court queue), not a position; — PROPOSES ONLY: cause-check -> discovery_state -> court (v1.4) before any staging; a shallow 'no cause found' is beta, not a dislocation
DETFIRE|intl_dislocation|HUD.L|HIGH|UNRESEARCHED (lse_universe shelf) fell +0.0%/5d -17.6%/21d = +0.3/-20.9pp vs ^FTSE @ 0.35. ENQUEUE-CANDIDATE: not in the research ledger — propose intake (court queue), not a position; — PROPOSES ONLY: cause-check -> discovery_state -> court (v1.4) before any staging; a shallow 'no cause found' is beta, not a dislocation
DETFIRE|intl_dislocation|HUI.L|HIGH|UNRESEARCHED (lse_universe shelf) fell +0.0%/5d -20.6%/21d = +0.3/-23.9pp vs ^FTSE @ 2.02. ENQUEUE-CANDIDATE: not in the research ledger — propose intake (court queue), not a position; — PROPOSES ONLY: cause-check -> discovery_state -> court (v1.4) before any staging; a shallow 'no cause found' is beta, not a dislocation
DETFIRE|intl_dislocation|HYG.L|MED|UNRESEARCHED (lse_universe shelf) fell +0.0%/5d -15.2%/21d = -0.0/-18.6pp vs ^FTSE @ 0.07. ENQUEUE-CANDIDATE: not in the research ledger — propose intake (court queue), not a position; — PROPOSES ONLY: cause-check -> discovery_state -> court (v1.4) before any staging; a shallow 'no cause found' is beta, not a dislocation
DETFIRE|intl_dislocation|HYPRO.OL|HIGH|UNRESEARCHED (euronext_universe shelf) fell -7.2%/5d -29.1%/21d = -7.2/-29.1pp vs UNAVAILABLE(raw) @ 0.57. ENQUEUE-CANDIDATE: not in the research ledger — propose intake (court queue), not a position; — PROPOSES ONLY: cause-check -> discovery_state -> court (v1.4) before any staging; a shallow 'no cause found' is beta, not a dislocation
DETFIRE|intl_dislocation|IBST.L|MED|UNRESEARCHED (lse_universe shelf) fell -8.4%/5d -3.6%/21d = -8.1/-6.8pp vs ^FTSE @ 89.55. ENQUEUE-CANDIDATE: not in the research ledger — propose intake (court queue), not a position; — PROPOSES ONLY: cause-check -> discovery_state -> court (v1.4) before any staging; a shallow 'no cause found' is beta, not a dislocation
DETFIRE|intl_dislocation|ICON.L|HIGH|UNRESEARCHED (lse_universe shelf) fell -3.6%/5d -18.2%/21d = -3.6/-21.7pp vs ^FTSE @ 1.35. ENQUEUE-CANDIDATE: not in the research ledger — propose intake (court queue), not a position; — PROPOSES ONLY: cause-check -> discovery_state -> court (v1.4) before any staging; a shallow 'no cause found' is beta, not a dislocation
DETFIRE|intl_dislocation|IDHC.L|MED|UNRESEARCHED (lse_universe shelf) fell -9.2%/5d +8.6%/21d = -8.9/+5.3pp vs ^FTSE @ 0.55. ENQUEUE-CANDIDATE: not in the research ledger — propose intake (court queue), not a position; — PROPOSES ONLY: cause-check -> discovery_state -> court (v1.4) before any staging; a shallow 'no cause found' is beta, not a dislocation
DETFIRE|intl_dislocation|IGG.L|HIGH|UNRESEARCHED (lse_universe shelf) fell +2.2%/5d -20.9%/21d = +2.5/-24.2pp vs ^FTSE @ 1390.00. ENQUEUE-CANDIDATE: not in the research ledger — propose intake (court queue), not a position; — PROPOSES ONLY: cause-check -> discovery_state -> court (v1.4) before any staging; a shallow 'no cause found' is beta, not a dislocation
DETFIRE|intl_dislocation|IIG.L|MED|UNRESEARCHED (lse_universe shelf) fell -10.7%/5d -6.0%/21d = -10.4/-9.3pp vs ^FTSE @ 250.00. ENQUEUE-CANDIDATE: not in the research ledger — propose intake (court queue), not a position; — PROPOSES ONLY: cause-check -> discovery_state -> court (v1.4) before any staging; a shallow 'no cause found' is beta, not a dislocation
DETFIRE|intl_dislocation|IKA.L|HIGH|UNRESEARCHED (lse_universe shelf) fell -3.8%/5d -18.0%/21d = -3.5/-21.3pp vs ^FTSE @ 25.00. ENQUEUE-CANDIDATE: not in the research ledger — propose intake (court queue), not a position; — PROPOSES ONLY: cause-check -> discovery_state -> court (v1.4) before any staging; a shallow 'no cause found' is beta, not a dislocation
DETFIRE|intl_dislocation|IMC.L|HIGH|UNRESEARCHED (lse_universe shelf) fell +0.0%/5d -17.5%/21d = +0.3/-20.8pp vs ^FTSE @ 0.82. ENQUEUE-CANDIDATE: not in the research ledger — propose intake (court queue), not a position; — PROPOSES ONLY: cause-check -> discovery_state -> court (v1.4) before any staging; a shallow 'no cause found' is beta, not a dislocation
DETFIRE|intl_dislocation|IMMNOV.ST|MED|UNRESEARCHED (euronext_universe shelf) fell -10.0%/5d -18.2%/21d = -10.0/-18.2pp vs UNAVAILABLE(raw) @ 0.16. ENQUEUE-CANDIDATE: not in the research ledger — propose intake (court queue), not a position; — PROPOSES ONLY: cause-check -> discovery_state -> court (v1.4) before any staging; a shallow 'no cause found' is beta, not a dislocation
DETFIRE|intl_dislocation|IMP-A-SDB.ST|MED|UNRESEARCHED (euronext_universe shelf) fell -9.1%/5d -18.0%/21d = -9.1/-18.0pp vs UNAVAILABLE(raw) @ 54.10. ENQUEUE-CANDIDATE: not in the research ledger — propose intake (court queue), not a position; — PROPOSES ONLY: cause-check -> discovery_state -> court (v1.4) before any staging; a shallow 'no cause found' is beta, not a dislocation
DETFIRE|intl_dislocation|IMPC.ST|HIGH|UNRESEARCHED (euronext_universe shelf) fell -7.7%/5d -25.5%/21d = -7.7/-25.5pp vs UNAVAILABLE(raw) @ 2.87. ENQUEUE-CANDIDATE: not in the research ledger — propose intake (court queue), not a position; — PROPOSES ONLY: cause-check -> discovery_state -> court (v1.4) before any staging; a shallow 'no cause found' is beta, not a dislocation
DETFIRE|intl_dislocation|IMS.ST|HIGH|UNRESEARCHED (euronext_universe shelf) fell +8.9%/5d -27.6%/21d = +8.9/-27.6pp vs UNAVAILABLE(raw) @ 0.09. ENQUEUE-CANDIDATE: not in the research ledger — propose intake (court queue), not a position; — PROPOSES ONLY: cause-check -> discovery_state -> court (v1.4) before any staging; a shallow 'no cause found' is beta, not a dislocation
DETFIRE|intl_dislocation|KONT.ST|MED|UNRESEARCHED (euronext_universe shelf) fell -7.5%/5d -16.8%/21d = -7.5/-16.8pp vs UNAVAILABLE(raw) @ 1.42. ENQUEUE-CANDIDATE: not in the research ledger — propose intake (court queue), not a position; — PROPOSES ONLY: cause-check -> discovery_state -> court (v1.4) before any staging; a shallow 'no cause found' is beta, not a dislocation
DETFIRE|intl_dislocation|KRM.L|HIGH|UNRESEARCHED (lse_universe shelf) fell -8.1%/5d -20.0%/21d = -8.2/-23.5pp vs ^FTSE @ 34.00. ENQUEUE-CANDIDATE: not in the research ledger — propose intake (court queue), not a position; — PROPOSES ONLY: cause-check -> discovery_state -> court (v1.4) before any staging; a shallow 'no cause found' is beta, not a dislocation
DETFIRE|intl_dislocation|KRPZ.L|HIGH|UNRESEARCHED (lse_universe shelf) fell +0.0%/5d -25.0%/21d = +0.3/-28.3pp vs ^FTSE @ 0.90. ENQUEUE-CANDIDATE: not in the research ledger — propose intake (court queue), not a position; — PROPOSES ONLY: cause-check -> discovery_state -> court (v1.4) before any staging; a shallow 'no cause found' is beta, not a dislocation
DETFIRE|intl_dislocation|LIGR.ST|MED|UNRESEARCHED (euronext_universe shelf) fell -10.5%/5d -12.1%/21d = -10.5/-12.1pp vs UNAVAILABLE(raw) @ 0.72. ENQUEUE-CANDIDATE: not in the research ledger — propose intake (court queue), not a position; — PROPOSES ONLY: cause-check -> discovery_state -> court (v1.4) before any staging; a shallow 'no cause found' is beta, not a dislocation
DETFIRE|intl_dislocation|LORD.L|HIGH|UNRESEARCHED (lse_universe shelf) fell -2.8%/5d -20.8%/21d = -2.5/-24.1pp vs ^FTSE @ 12.88. ENQUEUE-CANDIDATE: not in the research ledger — propose intake (court queue), not a position; — PROPOSES ONLY: cause-check -> discovery_state -> court (v1.4) before any staging; a shallow 'no cause found' is beta, not a dislocation
DETFIRE|intl_dislocation|LOVE-B.ST|MED|UNRESEARCHED (euronext_universe shelf) fell -8.7%/5d -15.2%/21d = -8.7/-15.2pp vs UNAVAILABLE(raw) @ 89.00. ENQUEUE-CANDIDATE: not in the research ledger — propose intake (court queue), not a position; — PROPOSES ONLY: cause-check -> discovery_state -> court (v1.4) before any staging; a shallow 'no cause found' is beta, not a dislocation
DETFIRE|intl_dislocation|LST.L|HIGH|UNRESEARCHED (lse_universe shelf) fell -13.5%/5d +3.2%/21d = -13.2/-0.1pp vs ^FTSE @ 1.60. ENQUEUE-CANDIDATE: not in the research ledger — propose intake (court queue), not a position; — PROPOSES ONLY: cause-check -> discovery_state -> court (v1.4) before any staging; a shallow 'no cause found' is beta, not a dislocation
DETFIRE|intl_dislocation|LUCE.L|MED|UNRESEARCHED (lse_universe shelf) fell +1.3%/5d -14.9%/21d = +1.7/-18.2pp vs ^FTSE @ 229.00. ENQUEUE-CANDIDATE: not in the research ledger — propose intake (court queue), not a position; — PROPOSES ONLY: cause-check -> discovery_state -> court (v1.4) before any staging; a shallow 'no cause found' is beta, not a dislocation
DETFIRE|intl_dislocation|LXB.ST|HIGH|UNRESEARCHED (euronext_universe shelf) fell -2.8%/5d -21.2%/21d = -2.8/-21.2pp vs UNAVAILABLE(raw) @ 0.09. ENQUEUE-CANDIDATE: not in the research ledger — propose intake (court queue), not a position; — PROPOSES ONLY: cause-check -> discovery_state -> court (v1.4) before any staging; a shallow 'no cause found' is beta, not a dislocation
DETFIRE|intl_dislocation|LYKO-A.ST|MED|UNRESEARCHED (euronext_universe shelf) fell -9.3%/5d +6.9%/21d = -9.3/+6.9pp vs UNAVAILABLE(raw) @ 79.10. ENQUEUE-CANDIDATE: not in the research ledger — propose intake (court queue), not a position; — PROPOSES ONLY: cause-check -> discovery_state -> court (v1.4) before any staging; a shallow 'no cause found' is beta, not a dislocation
DETFIRE|intl_dislocation|LYTIX.OL|MED|UNRESEARCHED (euronext_universe shelf) fell -3.8%/5d -15.6%/21d = -3.8/-15.6pp vs UNAVAILABLE(raw) @ 8.10. ENQUEUE-CANDIDATE: not in the research ledger — propose intake (court queue), not a position; — PROPOSES ONLY: cause-check -> discovery_state -> court (v1.4) before any staging; a shallow 'no cause found' is beta, not a dislocation
DETFIRE|intl_dislocation|MAC.L|MED|UNRESEARCHED (lse_universe shelf) fell -8.5%/5d +5.7%/21d = -8.1/+2.5pp vs ^FTSE @ 4.60. ENQUEUE-CANDIDATE: not in the research ledger — propose intake (court queue), not a position; — PROPOSES ONLY: cause-check -> discovery_state -> court (v1.4) before any staging; a shallow 'no cause found' is beta, not a dislocation
DETFIRE|intl_dislocation|MAGLE.ST|HIGH|UNRESEARCHED (euronext_universe shelf) fell -1.0%/5d -50.5%/21d = -1.0/-50.5pp vs UNAVAILABLE(raw) @ 0.50. ENQUEUE-CANDIDATE: not in the research ledger — propose intake (court queue), not a position; — PROPOSES ONLY: cause-check -> discovery_state -> court (v1.4) before any staging; a shallow 'no cause found' is beta, not a dislocation
DETFIRE|intl_dislocation|MAI.L|HIGH|UNRESEARCHED (lse_universe shelf) fell -11.7%/5d -20.0%/21d = -11.4/-23.3pp vs ^FTSE @ 64.00. ENQUEUE-CANDIDATE: not in the research ledger — propose intake (court queue), not a position; — PROPOSES ONLY: cause-check -> discovery_state -> court (v1.4) before any staging; a shallow 'no cause found' is beta, not a dislocation
DETFIRE|intl_dislocation|MOBA.ST|MED|UNRESEARCHED (euronext_universe shelf) fell -2.4%/5d -19.0%/21d = -2.4/-19.0pp vs UNAVAILABLE(raw) @ 1.02. ENQUEUE-CANDIDATE: not in the research ledger — propose intake (court queue), not a position; — PROPOSES ONLY: cause-check -> discovery_state -> court (v1.4) before any staging; a shallow 'no cause found' is beta, not a dislocation
DETFIRE|intl_dislocation|MONSO.CO|HIGH|UNRESEARCHED (euronext_universe shelf) fell +7.4%/5d -20.8%/21d = +7.4/-20.8pp vs UNAVAILABLE(raw) @ 0.29. ENQUEUE-CANDIDATE: not in the research ledger — propose intake (court queue), not a position; — PROPOSES ONLY: cause-check -> discovery_state -> court (v1.4) before any staging; a shallow 'no cause found' is beta, not a dislocation
DETFIRE|intl_dislocation|NEEMS-B.ST|MED|UNRESEARCHED (euronext_universe shelf) fell -10.8%/5d -16.9%/21d = -10.8/-16.9pp vs UNAVAILABLE(raw) @ 3.05. ENQUEUE-CANDIDATE: not in the research ledger — propose intake (court queue), not a position; — PROPOSES ONLY: cause-check -> discovery_state -> court (v1.4) before any staging; a shallow 'no cause found' is beta, not a dislocation
DETFIRE|intl_dislocation|PADEL.ST|MED|UNRESEARCHED (euronext_universe shelf) fell -8.3%/5d -10.5%/21d = -8.3/-10.5pp vs UNAVAILABLE(raw) @ 1.88. ENQUEUE-CANDIDATE: not in the research ledger — propose intake (court queue), not a position; — PROPOSES ONLY: cause-check -> discovery_state -> court (v1.4) before any staging; a shallow 'no cause found' is beta, not a dislocation
DETFIRE|intl_dislocation|VAXXA.ST|MED|UNRESEARCHED (euronext_universe shelf) fell -8.4%/5d +0.0%/21d = -8.4/+0.0pp vs UNAVAILABLE(raw) @ 0.43. ENQUEUE-CANDIDATE: not in the research ledger — propose intake (court queue), not a position; — PROPOSES ONLY: cause-check -> discovery_state -> court (v1.4) before any staging; a shallow 'no cause found' is beta, not a dislocation
DETFIRE|intl_dislocation|ZENZIP-B.ST|MED|UNRESEARCHED (euronext_universe shelf) fell +3.2%/5d -20.0%/21d = +3.2/-20.0pp vs UNAVAILABLE(raw) @ 0.06. ENQUEUE-CANDIDATE: not in the research ledger — propose intake (court queue), not a position; — PROPOSES ONLY: cause-check -> discovery_state -> court (v1.4) before any staging; a shallow 'no cause found' is beta, not a dislocation
DEGRADED-LOUD: 2586 of 8133 priced; 5547 DEGRADED (5507 no-data, 40 thin-history, 0 not-swept-time-budget) | gateway liveness probe: ran on 300 name(s) across 1 venue(s) — 0 alive — 000327.KS, 000329.KS, 000595.KS, 000597.KS, 000599.KS, 000705.KS, 000707.KS, 000709.KS, 000975.KS, 000977.KS, 000979.KS, 001265.KS, 001267.KS, 001269.KS, 002175.KS, 002177.KS, 002179.KS, 002235.KQ, 002237.KQ, 002239.KQ, 002295.KQ, 002297.KQ, 002299.KQ, 002925.KS, 002927.KS, 002929.KS, 003015.KS, 003017.KS, 003019.KS, 003125.KS, 003127.KS, 003129.KS, 004495.KS, 004497.KS, 004499.KS, 004565.KS, 004567.KS, 004569.KS, 005030.KS, 005390.KS +5507 more (INTL_DISLOCATION_SWEEP.json:degraded_names)
BENCHMARKS DEGRADED: ^KS11, ^N225, ^OMX, ^OMXC25, ^OMXH25, ^OSEAX — those names screened on RAW moves (labelled UNAVAILABLE(raw) in the fire line)
[intl_dislocation_sweep] 2026-08-11: 2586 screened · 138 new/deepened dislocations (138 unresearched) — PROPOSES ONLY

/Users/ajay/Library/Python/3.9/lib/python/site-packages/urllib3/__init__.py:35: NotOpenSSLWarning: urllib3 v2 only supports OpenSSL 1.1.1+, currently the 'ssl' module is compiled with 'LibreSSL 2.8.3'. See: https://github.com/urllib3/urllib3/issues/3020
  warnings.warn(
HTTP Error 404: {"quoteSummary":{"result":null,"error":{"code":"Not Found","description":"Quote not found for symbol: 002299.KQ"}}}
HTTP Error 404: {"quoteSummary":{"result":null,"error":{"code":"Not Found","description":"Quote not found for symbol: 000599.KS"}}}
$002175.KS: possibly delisted; no price data found  (period=3mo) (Yahoo error = "No data found, symbol may be delisted")
$002299.KQ: possibly delisted; no price data found  (period=3mo) (Yahoo error = "No data found, symbol may be delisted")
$000707.KS: possibly delisted; no price data found  (period=3mo) (Yahoo error = "No data found, symbol may be delisted")
$000599.KS: possibly delisted; no price data found  (period=3mo) (Yahoo error = "No data found, symbol may be delisted")
$001269.KS: possibly delisted; no price data found  (period=3mo) (Yahoo error = "No data found, symbol may be delisted")
$000977.KS: possibly delisted; no price data found  (period=3mo) (Yahoo error = "No data found, symbol may be delisted")
$002235.KQ: possibly delisted; no price data found  (period=3mo) (Yahoo error = "No data found, symbol may be delisted")
$002239.KQ: possibly delisted; no price data found  (period=3mo) (Yahoo error = "No data found, symbol may be delisted")
$002295.KQ: possibly delisted; no price data found  (period=3mo) (Yahoo error = "No data found, symbol may be delisted")
$001267.KS: possibly delisted; no price data found  (period=3mo) (Yahoo error = "No data found, symbol may be delisted")
$001265.KS: possibly delisted; no price data found  (period=3mo)
$000329.KS: possibly delisted; no price data found  (period=3mo) (Yahoo error = "No data found, symbol may be delisted")
$000327.KS: possibly delisted; no price data found  (period=3mo) (Yahoo error = "No data found, symbol may be delisted")
$000975.KS: possibly delisted; no price data found  (period=3mo) (Yahoo error = "No data found, symbol may be delisted")
$002177.KS: possibly delisted; no price data found  (period=3mo) (Yahoo error = "No data found, symbol may be delisted")
$002179.KS: possibly delisted; no price data found  (period=3mo) (Yahoo error = "No data found, symbol may be delisted")
$000979.KS: possibly delisted; no price data found  (period=3mo) (Yahoo error = "No data found, symbol may be delisted")
$000597.KS: possibly delisted; no price data found  (period=3mo) (Yahoo error = "No data found, symbol may be delisted")
$002297.KQ: possibly delisted; no price data found  (period=3mo) (Yahoo error = "No data found, symbol may be delisted")
$000709.KS: possibly delisted; no price data found  (period=3mo) (Yahoo error = "No data found, symbol may be delisted")
$002237.KQ: possibly delisted; no price data found  (period=3mo) (Yahoo error = "No data found, symbol may be delisted")
$000705.KS: possibly delisted; no price data found  (period=3mo) (Yahoo error = "No data found, symbol may be delisted")

23 Failed downloads:
['000595.KS']: YFRateLimitError('Too Many Requests. Rate limited. Try after a while.')
['002175.KS', '002299.KQ', '000707.KS', '000599.KS', '001269.KS', '000977.KS', '002235.KQ', '002239.KQ', '002295.KQ', '001267.KS', '000329.KS', '000327.KS', '000975.KS', '002177.KS', '002179.KS', '000979.KS', '000597.KS', '002297.KQ', '000709.KS', '002237.KQ', '000705.KS']: possibly delisted; no price data found  (period=3mo) (Yahoo error = "No data found, symbol may be delisted")
['001265.KS']: possibly delisted; no price data found  (period=3mo)
$003125.KS: possibly delisted; no price data found  (period=3mo) (Yahoo error = "No data found, symbol may be delisted")
$005999.KQ: possibly delisted; no price data found  (period=3mo) (Yahoo error = "No data found, symbol may be delisted")
$005687.KS: possibly delisted; no price data found  (period=3mo) (Yahoo error = "No data found, symbol may be delisted")
$004499.KS: possibly delisted; no price data found  (period=3mo) (Yahoo error = "No data found, symbol may be delisted")
$004497.KS: possibly delisted; no price data found  (period=3mo) (Yahoo error = "No data found, symbol may be delisted")
$003129.KS: possibly delisted; no price data found  (period=3mo) (Yahoo error = "No data found, symbol may be delisted")
$005717.KQ: possibly delisted; no price data found  (period=3mo) (Yahoo error = "No data found, symbol may be delisted")
$002925.KS: possibly delisted; no price data found  (period=3mo) (Yahoo error = "No data found, symbol may be delisted")
$005689.KS: possibly delisted; no price data found  (period=3mo) (Yahoo error = "No data found, symbol may be delisted")
$002929.KS: possibly delisted; no price data found  (period=3mo) (Yahoo error = "No data found, symbol may be delisted")
$005685.KS: possibly delisted; no price data found  (period=3mo) (Yahoo error = "No data found, symbol may be delisted")
$003019.KS: possibly delisted; no price data found  (period=3mo) (Yahoo error = "No data found, symbol may be delisted")
$005715.KQ: possibly delisted; no price data found  (period=3mo) (Yahoo error = "No data found, symbol may be delisted")
$003015.KS: possibly delisted; no price data found  (period=3mo) (Yahoo error = "No data found, symbol may be delisted")
$005995.KQ: possibly delisted; no price data found  (period=3mo) (Yahoo error = "No data found, symbol may be delisted")
$004565.KS: possibly delisted; no price data found  (period=3mo) (Yahoo error = "No data found, symbol may be delisted")
$004567.KS: possibly delisted; no price data found  (period=3mo) (Yahoo error = "No data found, symbol may be delisted")
$005390.KS: possibly delisted; no price data found  (period=3mo) (Yahoo error = "No data found, symbol may be delisted")
$004495.KS: possibly delisted; no price data found  (period=3mo) (Yahoo error = "No data found, symbol may be delisted")
$002927.KS: possibly delisted; no price data found  (period=3mo) (Yahoo error = "No data found, symbol may be delisted")
$004569.KS: possibly delisted; no price data found  (period=3mo) (Yahoo error = "No data found, symbol may be delisted")
$005997.KQ: possibly delisted; no price data found  (period=3mo) (Yahoo error = "No data found, symbol may be delisted")
$003127.KS: possibly delisted; no price data found  (period=3mo) (Yahoo error = "No data found, symbol may be delisted")
$003017.KS: possibly delisted; no price data found  (period=3mo) (Yahoo error = "No data found, symbol may be delisted")
$005719.KQ: possibly delisted; no price data found  (period=3mo) (Yahoo error = "No data found, symbol may be delisted")

25 Failed downloads:
['003125.KS', '005999.KQ', '005687.KS', '004499.KS', '004497.KS', '003129.KS', '005717.KQ', '002925.KS', '005689.KS', '002929.KS', '005685.KS', '003019.KS', '005715.KQ', '003015.KS', '005995.KQ', '004565.KS', '004567.KS', '005390.KS', '004495.KS', '002927.KS', '004569.KS', '005997.KQ', '003127.KS', '003017.KS', '005719.KQ']: possibly delisted; no price data found  (period=3mo) (Yahoo error = "No data found, symbol may be delisted")
$009905.KS: possibly delisted; no price data found  (period=3mo) (Yahoo error = "No data found, symbol may be delisted")
$009775.KS: possibly delisted; no price data found  (period=3mo) (Yahoo error = "No data found, symbol may be delisted")
$009685.KS: possibly delisted; no price data found  (period=3mo) (Yahoo error = "No data found, symbol may be delisted")
$007705.KS: possibly delisted; no price data found  (period=3mo) (Yahoo error = "No data found, symbol may be delisted")
$009687.KS: possibly delisted; no price data found  (period=3mo) (Yahoo error = "No data found, symbol may be delisted")
$010477.KQ: possibly delisted; no price data found  (period=3mo) (Yahoo error = "No data found, symbol may be delisted")
$008379.KQ: possibly delisted; no price data found  (period=3mo) (Yahoo error = "No data found, symbol may be delisted")
$008375.KQ: possibly delisted; no price data found  (period=3mo) (Yahoo error = "No data found, symbol may be delisted")
$010249.KQ: possibly delisted; no price data found  (period=3mo) (Yahoo error = "No data found, symbol may be delisted")
$009309.KQ: possibly delisted; no price data found  (period=3mo) (Yahoo error = "No data found, symbol may be delisted")
Failed to get ticker '007599.KS' reason: Failed to perform, curl: (6) getaddrinfo() thread failed to start. See https://curl.se/libcurl/c/libcurl-errors.html first for more details.
$007709.KS: possibly delisted; no price data found  (period=3mo) (Yahoo error = "No data found, symbol may be delisted")
Failed to get ticker '009909.KS' reason: Failed to perform, curl: (6) Could not resolve host: query2.finance.yahoo.com. See https://curl.se/libcurl/c/libcurl-errors.html first for more details.
$009305.KQ: possibly delisted; no price data found  (period=3mo) (Yahoo error = "No data found, symbol may be delisted")
$010475.KQ: possibly delisted; no price data found  (period=3mo) (Yahoo error = "No data found, symbol may be delisted")
Failed to get ticker '010247.KQ' reason: Failed to perform, curl: (6) Could not resolve host: query2.finance.yahoo.com. See https://curl.se/libcurl/c/libcurl-errors.html first for more details.
Failed to get ticker '010479.KQ' reason: Failed to perform, curl: (6) getaddrinfo() thread failed to start. See https://curl.se/libcurl/c/libcurl-errors.html first for more details.
Failed to get ticker '007549.KS' reason: Failed to perform, curl: (6) getaddrinfo() thread failed to start. See https://curl.se/libcurl/c/libcurl-errors.html first for more details.
Failed to get ticker '010245.KQ' reason: Failed to perform, curl: (6) getaddrinfo() thread failed to start. See https://curl.se/libcurl/c/libcurl-errors.html first for more details.
Failed to get ticker '007545.KS' reason: Failed to perform, curl: (6) Could not resolve host: query1.finance.yahoo.com. See https://curl.se/libcurl/c/libcurl-errors.html first for more details.
Failed to get ticker '009689.KS' reason: Failed to perform, curl: (6) getaddrinfo() thread failed to start. See https://curl.se/libcurl/c/libcurl-errors.html first for more details.
Failed to get ticker '009779.KS' reason: Failed to perform, curl: (6) getaddrinfo() thread failed to start. See https://curl.se/libcurl/c/libcurl-errors.html first for more details.
Failed to get ticker '008377.KQ' reason: Failed to perform, curl: (6) Could not resolve host: query2.finance.yahoo.com. See https://curl.se/libcurl/c/libcurl-errors.html first for more details.
Failed to get ticker '007547.KS' reason: Failed to perform, curl: (6) Could not resolve host: query2.finance.yahoo.com. See https://curl.se/libcurl/c/libcurl-errors.html first for more details.
$007549.KS: possibly delisted; no price data found  (period=3mo) (Yahoo error = "No data found, symbol may be delisted")
$008377.KQ: possibly delisted; no price data found  (period=3mo) (Yahoo error = "No data found, symbol may be delisted")

98 Failed downloads:
['009905.KS', '009775.KS', '009685.KS', '007705.KS', '009687.KS', '010477.KQ', '008379.KQ', '008375.KQ', '010249.KQ', '009309.KQ', '007709.KS', '009305.KQ', '010475.KQ', '007549.KS', '008377.KQ']: possibly delisted; no price data found  (period=3mo) (Yahoo error = "No data found, symbol may be delisted")
['009307.KQ', '006110.KS', '009160.KS', '007595.KS', '008730.KS', '0082N0.KQ', '008490.KS', '006620.KQ', '007599.KS', '009410.KS', '010640.KS', '009190.KS', '009620.KQ', '006880.KS', '006890.KS', '006120.KS', '009150.KS', '008420.KS', '006040.KS', '008870.KS', '009540.KS', '010280.KQ', '009909.KS', '008700.KS', '007570.KS', '006090.KS', '007120.KS', '008600.KS', '006050.KQ', '010660.KS', '007720.KQ', '007700.KS', '008970.KS', '006400.KS', '006200.KS', '007690.KS', '010120.KS', '006360.KS', '010247.KQ', '010479.KQ', '007590.KS', '009200.KS', '007370.KQ', '008110.KS', '008350.KS', '008370.KQ', '009907.KS', '010245.KQ', '010140.KS', '006340.KS', '009580.KS', '009970.KS', '007660.KS', '009730.KQ', '007460.KS', '006660.KS', '006980.KS', '008470.KQ', '009140.KS', '007545.KS', '009689.KS', '006910.KQ', '009290.KS', '006370.KS', '009779.KS', '010060.KS', '007280.KS', '007610.KS', '007860.KS', '009900.KS', '007110.KS', '007820.KQ', '007547.KS']: TypeError("'NoneType' object is not subscriptable")
['009680.KS', '009460.KS', '006650.KS', '007707.KS', '007597.KS', '009777.KS', '008930.KS', '006920.KQ', '007310.KS', '008260.KS']: OperationalError('unable to open database file')
Failed to get ticker '016095.KS' reason: Failed to perform, curl: (77) error setting certificate verify locations:  CAfile: /Users/ajay/Library/Python/3.9/lib/python/site-packages/certifi/cacert.pem CApath: none. See https://curl.se/libcurl/c/libcurl-errors.html first for more details.
Failed to get ticker '013870.KS' reason: Failed to perform, curl: (6) getaddrinfo() thread failed to start. See https://curl.se/libcurl/c/libcurl-errors.html first for more details.
Failed to get ticker '012325.KS' reason: Failed to perform, curl: (6) getaddrinfo() thread failed to start. See https://curl.se/libcurl/c/libcurl-errors.html first for more details.
Failed to get ticker '017655.KQ' reason: Failed to perform, curl: (6) getaddrinfo() thread failed to start. See https://curl.se/libcurl/c/libcurl-errors.html first for more details.
Failed to get ticker '010690.KS' reason: Failed to perform, curl: (6) getaddrinfo() thread failed to start. See https://curl.se/libcurl/c/libcurl-errors.html first for more details.
Failed to get ticker '0120G0.KS' reason: Failed to perform, curl: (6) getaddrinfo() thread failed to start. See https://curl.se/libcurl/c/libcurl-errors.html first for more details.
Failed to get ticker '016790.KQ' reason: Failed to perform, curl: (6) getaddrinfo() thread failed to start. See https://curl.se/libcurl/c/libcurl-errors.html first for more details.
Failed to get ticker '015717.KQ' reason: Failed to perform, curl: (6) Could not resolve host: query2.finance.yahoo.com. See https://curl.se/libcurl/c/libcurl-errors.html first for more details.
Failed to get ticker '0126Z0.KS' reason: Failed to perform, curl: (6) getaddrinfo() thread failed to start. See https://curl.se/libcurl/c/libcurl-errors.html first for more details.
Failed to get ticker '013700.KS' reason: Failed to perform, curl: (6) getaddrinfo() thread failed to start. See https://curl.se/libcurl/c/libcurl-errors.html first for more details.
Failed to get ticker '014195.KQ' reason: unable to open database file
Failed to get ticker '014990.KS' reason: Failed to perform, curl: (6) getaddrinfo() thread failed to start. See https://curl.se/libcurl/c/libcurl-errors.html first for more details.
Failed to get ticker '013897.KS' reason: unable to open database file
Failed to get ticker '014820.KS' reason: Failed to perform, curl: (6) getaddrinfo() thread failed to start. See https://curl.se/libcurl/c/libcurl-errors.html first for more details.
Failed to get ticker '017000.KQ' reason: Failed to perform, curl: (6) getaddrinfo() thread failed to start. See https://curl.se/libcurl/c/libcurl-errors.html first for more details.
Failed to get ticker '011567.KQ' reason: Failed to perform, curl: (6) Could not resolve host: query2.finance.yahoo.com. See https://curl.se/libcurl/c/libcurl-errors.html first for more details.
Failed to get ticker '012160.KS' reason: Failed to perform, curl: (6) getaddrinfo() thread failed to start. See https://curl.se/libcurl/c/libcurl-errors.html first for more details.
Failed to get ticker '017489.KQ' reason: Failed to perform, curl: (6) Could not resolve host: query2.finance.yahoo.com. See https://curl.se/libcurl/c/libcurl-errors.html first for more details.
Failed to get ticker '012327.KS' reason: Failed to perform, curl: (6) Could not resolve host: query2.finance.yahoo.com. See https://curl.se/libcurl/c/libcurl-errors.html first for more details.
Failed to get ticker '013520.KS' reason: Failed to perform, curl: (6) Could not resolve host: query2.finance.yahoo.com. See https://curl.se/libcurl/c/libcurl-errors.html first for more details.
Failed to get ticker '016670.KQ' reason: Failed to perform, curl: (6) getaddrinfo() thread failed to start. See https://curl.se/libcurl/c/libcurl-errors.html first for more details.
Failed to get ticker '011080.KQ' reason: Failed to perform, curl: (6) getaddrinfo() thread failed to start. See https://curl.se/libcurl/c/libcurl-errors.html first for more details.
Failed to get ticker '012630.KS' reason: Failed to perform, curl: (6) Could not resolve host: query2.finance.yahoo.com. See https://curl.se/libcurl/c/libcurl-errors.html first for more details.
Failed to get ticker '016580.KS' reason: Failed to perform, curl: (6) getaddrinfo() thread failed to start. See https://curl.se/libcurl/c/libcurl-errors.html first for more details.
Failed to get ticker '016880.KS' reason: Failed to perform, curl: (6) getaddrinfo() thread failed to start. See https://curl.se/libcurl/c/libcurl-errors.html first for more details.
Failed to get ticker '017487.KQ' reason: Failed to perform, curl: (6) Could not resolve host: query2.finance.yahoo.com. See https://curl.se/libcurl/c/libcurl-errors.html first for more details.
Failed to get ticker '014530.KS' reason: Failed to perform, curl: (6) getaddrinfo() thread failed to start. See https://curl.se/libcurl/c/libcurl-errors.html first for more details.
Failed to get ticker '015260.KS' reason: Failed to perform, curl: (6) getaddrinfo() thread failed to start. See https://curl.se/libcurl/c/libcurl-errors.html first for more details.
Failed to get ticker '010969.KS' reason: Failed to perform, curl: (6) Could not resolve host: query2.finance.yahoo.com. See https://curl.se/libcurl/c/libcurl-errors.html first for more details.
Failed to get ticker '016740.KS' reason: Failed to perform, curl: (6) getaddrinfo() thread failed to start. See https://curl.se/libcurl/c/libcurl-errors.html first for more details.
Failed to get ticker '014199.KQ' reason: Failed to perform, curl: (6) getaddrinfo() thread failed to start. See https://curl.se/libcurl/c/libcurl-errors.html first for more details.
Failed to get ticker '012799.KQ' reason: Failed to perform, curl: (6) getaddrinfo() thread failed to start. See https://curl.se/libcurl/c/libcurl-errors.html first for more details.
Failed to get ticker '014950.KQ' reason: Failed to perform, curl: (6) getaddrinfo() thread failed to start. See https://curl.se/libcurl/c/libcurl-errors.html first for more details.
Failed to get ticker '011569.KQ' reason: Failed to perform, curl: (6) Could not resolve host: query2.finance.yahoo.com. See https://curl.se/libcurl/c/libcurl-errors.html first for more details.
Failed to get ticker '017180.KS' reason: Failed to perform, curl: (6) getaddrinfo() thread failed to start. See https://curl.se/libcurl/c/libcurl-errors.html first for more details.
Failed to get ticker '011280.KS' reason: Failed to perform, curl: (6) getaddrinfo() thread failed to start. See https://curl.se/libcurl/c/libcurl-errors.html first for more details.
Failed to get ticker '016097.KS' reason: Failed to perform, curl: (6) getaddrinfo() thread failed to start. See https://curl.se/libcurl/c/libcurl-errors.html first for more details.
Failed to get ticker '012795.KQ' reason: Failed to perform, curl: (6) Could not resolve host: query2.finance.yahoo.com. See https://curl.se/libcurl/c/libcurl-errors.html first for more details.
Failed to get ticker '014680.KS' reason: Failed to perform, curl: (6) getaddrinfo() thread failed to start. See https://curl.se/libcurl/c/libcurl-errors.html first for more details.
Failed to get ticker '012450.KS' reason: Failed to perform, curl: (6) getaddrinfo() thread failed to start. See https://curl.se/libcurl/c/libcurl-errors.html first for more details.
Failed to get ticker '014197.KQ' reason: Failed to perform, curl: (6) getaddrinfo() thread failed to start. See https://curl.se/libcurl/c/libcurl-errors.html first for more details.
Failed to get ticker '011790.KS' reason: Failed to perform, curl: (6) getaddrinfo() thread failed to start. See https://curl.se/libcurl/c/libcurl-errors.html first for more details.
Failed to get ticker '013120.KQ' reason: Failed to perform, curl: (6) Could not resolve host: query2.finance.yahoo.com. See https://curl.se/libcurl/c/libcurl-errors.html first for more details.
Failed to get ticker '016450.KS' reason: Failed to perform, curl: (6) Could not resolve host: query2.finance.yahoo.com. See https://curl.se/libcurl/c/libcurl-errors.html first for more details.
Failed to get ticker '014100.KQ' reason: Failed to perform, curl: (6) Could not resolve host: query2.finance.yahoo.com. See https://curl.se/libcurl/c/libcurl-errors.html first for more details.
Failed to get ticker '015760.KS' reason: Failed to perform, curl: (6) getaddrinfo() thread failed to start. See https://curl.se/libcurl/c/libcurl-errors.html first for more details.
Failed to get ticker '014910.KS' reason: Failed to perform, curl: (6) getaddrinfo() thread failed to start. See https://curl.se/libcurl/c/libcurl-errors.html first for more details.
Failed to get ticker '015719.KQ' reason: Failed to perform, curl: (6) getaddrinfo() thread failed to start. See https://curl.se/libcurl/c/libcurl-errors.html first for more details.
Failed to get ticker '016099.KS' reason: Failed to perform, curl: (6) getaddrinfo() thread failed to start. See https://curl.se/libcurl/c/libcurl-errors.html first for more details.
Failed to get ticker '010965.KS' reason: Failed to perform, curl: (6) getaddrinfo() thread failed to start. See https://curl.se/libcurl/c/libcurl-errors.html first for more details.
Failed to get ticker '015020.KS' reason: Failed to perform, curl: (6) getaddrinfo() thread failed to start. See https://curl.se/libcurl/c/libcurl-errors.html first for more details.
$016095.KS: possibly delisted; no price data found  (period=3mo) (Yahoo error = "No data found, symbol may be delisted")
Failed to get ticker '017550.KS' reason: Failed to perform, curl: (6) getaddrinfo() thread failed to start. See https://curl.se/libcurl/c/libcurl-errors.html first for more details.
Failed to get ticker '012330.KS' reason: Failed to perform, curl: (6) getaddrinfo() thread failed to start. See https://curl.se/libcurl/c/libcurl-errors.html first for more details.
Failed to get ticker '011200.KS' reason: Failed to perform, curl: (6) Could not resolve host: query2.finance.yahoo.com. See https://curl.se/libcurl/c/libcurl-errors.html first for more details.
Failed to get ticker '016100.KQ' reason: Failed to perform, curl: (6) getaddrinfo() thread failed to start. See https://curl.se/libcurl/c/libcurl-errors.html first for more details.
Failed to get ticker '012329.KS' reason: Failed to perform, curl: (6) Could not resolve host: query2.finance.yahoo.com. See https://curl.se/libcurl/c/libcurl-errors.html first for more details.
Failed to get ticker '017485.KQ' reason: Failed to perform, curl: (6) getaddrinfo() thread failed to start. See https://curl.se/libcurl/c/libcurl-errors.html first for more details.
Failed to get ticker '012797.KQ' reason: Failed to perform, curl: (6) getaddrinfo() thread failed to start. See https://curl.se/libcurl/c/libcurl-errors.html first for more details.
Failed to get ticker '011565.KQ' reason: Failed to perform, curl: (6) getaddrinfo() thread failed to start. See https://curl.se/libcurl/c/libcurl-errors.html first for more details.
Failed to get ticker '012170.KS' reason: Failed to perform, curl: (77) error setting certificate verify locations:  CAfile: /Users/ajay/Library/Python/3.9/lib/python/site-packages/certifi/cacert.pem CApath: none. See https://curl.se/libcurl/c/libcurl-errors.html first for more details.
Failed to get ticker '016590.KS' reason: Failed to perform, curl: (6) Could not resolve host: query2.finance.yahoo.com. See https://curl.se/libcurl/c/libcurl-errors.html first for more details.
Failed to get ticker '014830.KS' reason: Failed to perform, curl: (6) getaddrinfo() thread failed to start. See https://curl.se/libcurl/c/libcurl-errors.html first for more details.
Failed to get ticker '016250.KQ' reason: Failed to perform, curl: (6) getaddrinfo() thread failed to start. See https://curl.se/libcurl/c/libcurl-errors.html first for more details.
Failed to get ticker '012280.KS' reason: Failed to perform, curl: (6) Could not resolve host: query2.finance.yahoo.com. See https://curl.se/libcurl/c/libcurl-errors.html first for more details.
Failed to get ticker '016920.KQ' reason: Failed to perform, curl: (6) getaddrinfo() thread failed to start. See https://curl.se/libcurl/c/libcurl-errors.html first for more details.
Failed to get ticker '013895.KS' reason: Failed to perform, curl: (6) Could not resolve host: query2.finance.yahoo.com. See https://curl.se/libcurl/c/libcurl-errors.html first for more details.
Failed to get ticker '010967.KS' reason: Failed to perform, curl: (6) Could not resolve host: query2.finance.yahoo.com. See https://curl.se/libcurl/c/libcurl-errors.html first for more details.
$012327.KS: possibly delisted; no price data found  (period=3mo) (Yahoo error = "No data found, symbol may be delisted")
$015715.KQ: possibly delisted; no price data found  (period=3mo) (Yahoo error = "No data found, symbol may be delisted")

144 Failed downloads:
['013310.KQ', '013870.KS', '011690.KS', '012325.KS', '013720.KQ', '017655.KQ', '012030.KS', '011810.KS', '016800.KS', '010690.KS', '010950.KS', '0120G0.KS', '013990.KQ', '016790.KQ', '015717.KQ', '0126Z0.KS', '013700.KS', '014195.KQ', '014990.KS', '013897.KS', '015750.KQ', '012210.KQ', '012750.KS', '011930.KS', '014820.KS', '017000.KQ', '011567.KQ', '017489.KQ', '012160.KS', '013360.KS', '013520.KS', '016670.KQ', '011080.KQ', '017480.KQ', '012630.KS', '016580.KS', '017650.KQ', '016880.KS', '011700.KS', '017487.KQ', '014530.KS', '014940.KQ', '015260.KS', '011370.KQ', '011500.KS', '010969.KS', '014280.KS', '013580.KS', '016740.KS', '014199.KQ', '012799.KQ', '011390.KS', '014950.KQ', '011569.KQ', '017180.KS', '016097.KS', '011280.KS', '012795.KQ', '014680.KS', '012450.KS', '013570.KS', '012320.KS', '017250.KQ', '014190.KQ', '017370.KS', '016090.KS', '014197.KQ', '011230.KS', '011790.KS', '013120.KQ', '016450.KS', '011760.KS', '014100.KQ', '015760.KS', '013810.KQ', '014910.KS', '011420.KS', '015719.KQ', '014580.KS', '016099.KS', '011210.KS', '013890.KS', '010965.KS', '015020.KS', '014710.KS', '017550.KS', '013030.KQ', '012330.KS', '011300.KS', '011200.KS', '012860.KQ', '014970.KQ', '014130.KS', '016100.KQ', '012329.KS', '010780.KS', '015710.KQ', '015890.KS', '017485.KQ', '014790.KS', '010960.KS', '012340.KQ', '012797.KQ', '016590.KS', '014830.KS', '012620.KQ', '011040.KQ', '012170.KS', '011565.KQ', '015860.KS', '012280.KS', '016250.KQ', '012700.KQ', '010820.KS', '014160.KS', '013895.KS', '010967.KS']: TypeError("'NoneType' object is not subscriptable")
['016380.KS', '011780.KS', '012200.KS', '011170.KS', '011070.KS', '013000.KS', '012790.KQ', '011330.KS', '015590.KS', '011320.KQ', '013899.KS', '011560.KQ', '015230.KS', '011090.KS', '014570.KQ', '011000.KS', '014470.KQ', '010770.KS', '011150.KS', '017390.KS', '012690.KS', '014620.KQ', '017657.KQ', '015360.KS']: OperationalError('unable to open database file')
['016095.KS', '012327.KS', '015715.KQ']: possibly delisted; no price data found  (period=3mo) (Yahoo error = "No data found, symbol may be delisted")
Failed to get ticker '017940.KS' reason: Failed to perform, curl: (6) Could not resolve host: query2.finance.yahoo.com. See https://curl.se/libcurl/c/libcurl-errors.html first for more details.
Failed to get ticker '017900.KS' reason: Failed to perform, curl: (6) getaddrinfo() thread failed to start. See https://curl.se/libcurl/c/libcurl-errors.html first for more details.
Failed to get ticker '024720.KS' reason: Failed to perform, curl: (77) error setting certificate verify locations:  CAfile: /Users/ajay/Library/Python/3.9/lib/python/site-packages/certifi/cacert.pem CApath: none. See https://curl.se/libcurl/c/libcurl-errors.html first for more details.
Failed to get ticker '019770.KQ' reason: Failed to perform, curl: (77) error setting certificate verify locations:  CAfile: /Users/ajay/Library/Python/3.9/lib/python/site-packages/certifi/cacert.pem CApath: none. See https://curl.se/libcurl/c/libcurl-errors.html first for more details.
Failed to get ticker '025009.KS' reason: Failed to perform, curl: (77) error setting certificate verify locations:  CAfile: /Users/ajay/Library/Python/3.9/lib/python/site-packages/certifi/cacert.pem CApath: none. See https://curl.se/libcurl/c/libcurl-errors.html first for more details.
Failed to get ticker '019170.KS' reason: Failed to perform, curl: (77) error setting certificate verify locations:  CAfile: /Users/ajay/Library/Python/3.9/lib/python/site-packages/certifi/cacert.pem CApath: none. See https://curl.se/libcurl/c/libcurl-errors.html first for more details.
Failed to get ticker '025750.KS' reason: Failed to perform, curl: (77) error setting certificate verify locations:  CAfile: /Users/ajay/Library/Python/3.9/lib/python/site-packages/certifi/cacert.pem CApath: none. See https://curl.se/libcurl/c/libcurl-errors.html first for more details.
Failed to get ticker '023410.KQ' reason: Failed to perform, curl: (6) Could not resolve host: query2.finance.yahoo.com. See https://curl.se/libcurl/c/libcurl-errors.html first for more details.
Failed to get ticker '029539.KS' reason: Failed to perform, curl: (6) getaddrinfo() thread failed to start. See https://curl.se/libcurl/c/libcurl-errors.html first for more details.
Failed to get ticker '018290.KQ' reason: Failed to perform, curl: (6) getaddrinfo() thread failed to start. See https://curl.se/libcurl/c/libcurl-errors.html first for more details.
Failed to get ticker '018260.KS' reason: Failed to perform, curl: (6) getaddrinfo() thread failed to start. See https://curl.se/libcurl/c/libcurl-errors.html first for more details.
Failed to get ticker '023160.KQ' reason: Failed to perform, curl: (6) getaddrinfo() thread failed to start. See https://curl.se/libcurl/c/libcurl-errors.html first for more details.
Failed to get ticker '025440.KQ' reason: Failed to perform, curl: (6) getaddrinfo() thread failed to start. See https://curl.se/libcurl/c/libcurl-errors.html first for more details.
Failed to get ticker '026940.KS' reason: Failed to perform, curl: (6) getaddrinfo() thread failed to start. See https://curl.se/libcurl/c/libcurl-errors.html first for more details.
Failed to get ticker '023900.KQ' reason: Failed to perform, curl: (6) getaddrinfo() thread failed to start. See https://curl.se/libcurl/c/libcurl-errors.html first for more details.
Failed to get ticker '027050.KQ' reason: Failed to perform, curl: (6) getaddrinfo() thread failed to start. See https://curl.se/libcurl/c/libcurl-errors.html first for more details.
Failed to get ticker '021825.KS' reason: Failed to perform, curl: (6) getaddrinfo() thread failed to start. See https://curl.se/libcurl/c/libcurl-errors.html first for more details.
Failed to get ticker '029537.KS' reason: Failed to perform, curl: (6) getaddrinfo() thread failed to start. See https://curl.se/libcurl/c/libcurl-errors.html first for more details.
Failed to get ticker '024959.KQ' reason: Failed to perform, curl: (6) getaddrinfo() thread failed to start. See https://curl.se/libcurl/c/libcurl-errors.html first for more details.
Failed to get ticker '021040.KQ' reason: Failed to perform, curl: (6) getaddrinfo() thread failed to start. See https://curl.se/libcurl/c/libcurl-errors.html first for more details.
Failed to get ticker '026040.KQ' reason: Failed to perform, curl: (6) getaddrinfo() thread failed to start. See https://curl.se/libcurl/c/libcurl-errors.html first for more details.
Failed to get ticker '025540.KS' reason: Failed to perform, curl: (6) getaddrinfo() thread failed to start. See https://curl.se/libcurl/c/libcurl-errors.html first for more details.
Failed to get ticker '023450.KS' reason: Failed to perform, curl: (6) getaddrinfo() thread failed to start. See https://curl.se/libcurl/c/libcurl-errors.html first for more details.
Failed to get ticker '029480.KQ' reason: Failed to perform, curl: (6) Could not resolve host: query2.finance.yahoo.com. See https://curl.se/libcurl/c/libcurl-errors.html first for more details.
Failed to get ticker '025775.KQ' reason: Failed to perform, curl: (6) getaddrinfo() thread failed to start. See https://curl.se/libcurl/c/libcurl-errors.html first for more details.
Failed to get ticker '025880.KQ' reason: Failed to perform, curl: (6) getaddrinfo() thread failed to start. See https://curl.se/libcurl/c/libcurl-errors.html first for more details.
Failed to get ticker '018000.KQ' reason: Failed to perform, curl: (6) getaddrinfo() thread failed to start. See https://curl.se/libcurl/c/libcurl-errors.html first for more details.
Failed to get ticker '018500.KS' reason: Failed to perform, curl: (6) getaddrinfo() thread failed to start. See https://curl.se/libcurl/c/libcurl-errors.html first for more details.
$025009.KS: possibly delisted; no price data found  (period=3mo) (Yahoo error = "No data found, symbol may be delisted")
Failed to get ticker '024835.KQ' reason: Failed to perform, curl: (6) getaddrinfo() thread failed to start. See https://curl.se/libcurl/c/libcurl-errors.html first for more details.
Failed to get ticker '018250.KS' reason: Failed to perform, curl: (6) Could not resolve host: query2.finance.yahoo.com. See https://curl.se/libcurl/c/libcurl-errors.html first for more details.
Failed to get ticker '018310.KQ' reason: Failed to perform, curl: (6) getaddrinfo() thread failed to start. See https://curl.se/libcurl/c/libcurl-errors.html first for more details.
Failed to get ticker '025890.KS' reason: Failed to perform, curl: (6) getaddrinfo() thread failed to start. See https://curl.se/libcurl/c/libcurl-errors.html first for more details.
Failed to get ticker '018700.KQ' reason: Failed to perform, curl: (6) getaddrinfo() thread failed to start. See https://curl.se/libcurl/c/libcurl-errors.html first for more details.
Failed to get ticker '019680.KS' reason: Failed to perform, curl: (6) getaddrinfo() thread failed to start. See https://curl.se/libcurl/c/libcurl-errors.html first for more details.
Failed to get ticker '025900.KQ' reason: Failed to perform, curl: (6) getaddrinfo() thread failed to start. See https://curl.se/libcurl/c/libcurl-errors.html first for more details.
Failed to get ticker '025950.KQ' reason: Failed to perform, curl: (6) getaddrinfo() thread failed to start. See https://curl.se/libcurl/c/libcurl-errors.html first for more details.
Failed to get ticker '020719.KQ' reason: Failed to perform, curl: (6) getaddrinfo() thread failed to start. See https://curl.se/libcurl/c/libcurl-errors.html first for more details.
Failed to get ticker '020760.KS' reason: Failed to perform, curl: (6) getaddrinfo() thread failed to start. See https://curl.se/libcurl/c/libcurl-errors.html first for more details.
Failed to get ticker '025005.KS' reason: Failed to perform, curl: (6) getaddrinfo() thread failed to start. See https://curl.se/libcurl/c/libcurl-errors.html first for more details.
Failed to get ticker '024890.KS' reason: Failed to perform, curl: (6) getaddrinfo() thread failed to start. See https://curl.se/libcurl/c/libcurl-errors.html first for more details.
Failed to get ticker '025779.KQ' reason: Failed to perform, curl: (6) getaddrinfo() thread failed to start. See https://curl.se/libcurl/c/libcurl-errors.html first for more details.
Failed to get ticker '024840.KQ' reason: Failed to perform, curl: (6) getaddrinfo() thread failed to start. See https://curl.se/libcurl/c/libcurl-errors.html first for more details.
Failed to get ticker '028107.KS' reason: Failed to perform, curl: (6) getaddrinfo() thread failed to start. See https://curl.se/libcurl/c/libcurl-errors.html first for more details.
Failed to get ticker '028105.KS' reason: Failed to perform, curl: (6) getaddrinfo() thread failed to start. See https://curl.se/libcurl/c/libcurl-errors.html first for more details.
Failed to get ticker '023770.KQ' reason: Failed to perform, curl: (6) getaddrinfo() thread failed to start. See https://curl.se/libcurl/c/libcurl-errors.html first for more details.
Failed to get ticker '018680.KQ' reason: Failed to perform, curl: (6) getaddrinfo() thread failed to start. See https://curl.se/libcurl/c/libcurl-errors.html first for more details.
Failed to get ticker '025537.KS' reason: Failed to perform, curl: (6) getaddrinfo() thread failed to start. See https://curl.se/libcurl/c/libcurl-errors.html first for more details.
Failed to get ticker '029460.KS' reason: unable to open database file
Failed to get ticker '024070.KS' reason: Failed to perform, curl: (6) getaddrinfo() thread failed to start. See https://curl.se/libcurl/c/libcurl-errors.html first for more details.
Failed to get ticker '023910.KQ' reason: Failed to perform, curl: (6) Could not resolve host: query1.finance.yahoo.com. See https://curl.se/libcurl/c/libcurl-errors.html first for more details.
Failed to get ticker '017670.KS' reason: Failed to perform, curl: (6) getaddrinfo() thread failed to start. See https://curl.se/libcurl/c/libcurl-errors.html first for more details.
Failed to get ticker '025550.KQ' reason: Failed to perform, curl: (6) getaddrinfo() thread failed to start. See https://curl.se/libcurl/c/libcurl-errors.html first for more details.
Failed to get ticker '019180.KS' reason: Failed to perform, curl: (6) getaddrinfo() thread failed to start. See https://curl.se/libcurl/c/libcurl-errors.html first for more details.
Failed to get ticker '017800.KS' reason: Failed to perform, curl: (6) getaddrinfo() thread failed to start. See https://curl.se/libcurl/c/libcurl-errors.html first for more details.
Failed to get ticker '024900.KS' reason: Failed to perform, curl: (6) Could not resolve host: query1.finance.yahoo.com. See https://curl.se/libcurl/c/libcurl-errors.html first for more details.
Failed to get ticker '021829.KS' reason: Failed to perform, curl: (6) getaddrinfo() thread failed to start. See https://curl.se/libcurl/c/libcurl-errors.html first for more details.
Failed to get ticker '024839.KQ' reason: Failed to perform, curl: (6) getaddrinfo() thread failed to start. See https://curl.se/libcurl/c/libcurl-errors.html first for more details.
Failed to get ticker '027740.KS' reason: Failed to perform, curl: (6) getaddrinfo() thread failed to start. See https://curl.se/libcurl/c/libcurl-errors.html first for more details.
Failed to get ticker '029535.KS' reason: Failed to perform, curl: (6) getaddrinfo() thread failed to start. See https://curl.se/libcurl/c/libcurl-errors.html first for more details.
Failed to get ticker '024800.KQ' reason: Failed to perform, curl: (6) Could not resolve host: query1.finance.yahoo.com. See https://curl.se/libcurl/c/libcurl-errors.html first for more details.
Failed to get ticker '020180.KQ' reason: Failed to perform, curl: (6) getaddrinfo() thread failed to start. See https://curl.se/libcurl/c/libcurl-errors.html first for more details.
Failed to get ticker '024097.KS' reason: Failed to perform, curl: (6) getaddrinfo() thread failed to start. See https://curl.se/libcurl/c/libcurl-errors.html first for more details.
Failed to get ticker '024910.KQ' reason: Failed to perform, curl: (6) getaddrinfo() thread failed to start. See https://curl.se/libcurl/c/libcurl-errors.html first for more details.
Failed to get ticker '024850.KQ' reason: Failed to perform, curl: (6) getaddrinfo() thread failed to start. See https://curl.se/libcurl/c/libcurl-errors.html first for more details.
Failed to get ticker '025539.KS' reason: Failed to perform, curl: (6) Could not resolve host: query2.finance.yahoo.com. See https://curl.se/libcurl/c/libcurl-errors.html first for more details.
Failed to get ticker '017860.KS' reason: Failed to perform, curl: (6) getaddrinfo() thread failed to start. See https://curl.se/libcurl/c/libcurl-errors.html first for more details.
Failed to get ticker '025820.KS' reason: Failed to perform, curl: (6) getaddrinfo() thread failed to start. See https://curl.se/libcurl/c/libcurl-errors.html first for more details.
Failed to get ticker '017659.KQ' reason: Failed to perform, curl: (6) getaddrinfo() thread failed to start. See https://curl.se/libcurl/c/libcurl-errors.html first for more details.
Failed to get ticker '020715.KQ' reason: Failed to perform, curl: (6) Could not resolve host: query2.finance.yahoo.com. See https://curl.se/libcurl/c/libcurl-errors.html first for more details.
Failed to get ticker '021240.KS' reason: Failed to perform, curl: (6) getaddrinfo() thread failed to start. See https://curl.se/libcurl/c/libcurl-errors.html first for more details.
Failed to get ticker '024957.KQ' reason: Failed to perform, curl: (6) getaddrinfo() thread failed to start. See https://curl.se/libcurl/c/libcurl-errors.html first for more details.
Failed to get ticker '020120.KS' reason: Failed to perform, curl: (6) getaddrinfo() thread failed to start. See https://curl.se/libcurl/c/libcurl-errors.html first for more details.
Failed to get ticker '025870.KQ' reason: Failed to perform, curl: (6) Could not resolve host: query2.finance.yahoo.com. See https://curl.se/libcurl/c/libcurl-errors.html first for more details.

143 Failed downloads:
['028300.KQ', '025320.KQ', '017940.KS', '017900.KS', '024720.KS', '023410.KQ', '029539.KS', '025750.KS', '018290.KQ', '018260.KS', '026150.KQ', '022220.KQ', '026940.KS', '025440.KQ', '023160.KQ', '023900.KQ', '017890.KQ', '027050.KQ', '021825.KS', '019490.KS', '029537.KS', '024959.KQ', '018670.KS', '028100.KS', '028050.KS', '026040.KQ', '021040.KQ', '023450.KS', '029480.KQ', '025775.KQ', '025880.KQ', '029530.KS', '023530.KS', '018000.KQ', '025770.KQ', '018500.KS', '028670.KS', '018310.KQ', '025890.KS', '027970.KS', '018700.KQ', '017960.KS', '019680.KS', '025900.KQ', '025950.KQ', '020719.KQ', '020760.KS', '025005.KS', '024060.KQ', '025779.KQ', '024890.KS', '028107.KS', '024840.KQ', '028105.KS', '023770.KQ', '018680.KQ', '024835.KQ', '025537.KS', '027410.KS', '029460.KS', '024070.KS', '023910.KQ', '017670.KS', '025550.KQ', '019180.KS', '017800.KS', '028260.KS', '024900.KS', '021829.KS', '025860.KS', '024839.KQ', '019010.KQ', '027740.KS', '029535.KS', '024800.KQ', '020710.KQ', '020180.KQ', '024830.KQ', '024097.KS', '018620.KQ', '019660.KQ', '025539.KS', '017860.KS', '025820.KS', '017659.KQ', '020715.KQ', '024957.KQ', '021240.KS', '025530.KS', '024880.KQ', '023790.KQ', '020120.KS', '026910.KQ', '025870.KQ']: TypeError("'NoneType' object is not subscriptable")
['025980.KQ', '019990.KQ', '025777.KQ', '025535.KS', '023810.KS', '020560.KS', '018880.KS', '021050.KS', '027040.KQ', '023000.KS', '028109.KS', '023590.KS', '025620.KS', '027710.KQ', '024095.KS', '028080.KQ', '022100.KS', '021650.KQ', '023960.KS', '020717.KQ', '027580.KQ', '018120.KQ', '023600.KQ', '019540.KQ', '023800.KS', '024837.KQ', '024090.KS', '023440.KQ', '025000.KS', '024120.KQ', '020400.KQ', '018470.KS', '020150.KS', '017810.KS', '025007.KS', '019210.KQ', '026960.KS', '025560.KS', '024955.KQ', '023350.KS', '021827.KS', '021820.KS', '024950.KQ', '024740.KQ', '024099.KS', '023150.KS', '020000.KS', '024940.KQ']: OperationalError('unable to open database file')
['025009.KS']: possibly delisted; no price data found  (period=3mo) (Yahoo error = "No data found, symbol may be delisted")
Failed to get ticker '036039.KQ' reason: Failed to perform, curl: (6) Could not resolve host: query2.finance.yahoo.com. See https://curl.se/libcurl/c/libcurl-errors.html first for more details.
Failed to get ticker '036560.KQ' reason: Failed to perform, curl: (6) getaddrinfo() thread failed to start. See https://curl.se/libcurl/c/libcurl-errors.html first for more details.
Failed to get ticker '030720.KS' reason: Failed to perform, curl: (6) getaddrinfo() thread failed to start. See https://curl.se/libcurl/c/libcurl-errors.html first for more details.
Failed to get ticker '035610.KQ' reason: Failed to perform, curl: (77) error setting certificate verify locations:  CAfile: /Users/ajay/Library/Python/3.9/lib/python/site-packages/certifi/cacert.pem CApath: none. See https://curl.se/libcurl/c/libcurl-errors.html first for more details.
Failed to get ticker '032569.KS' reason: Failed to perform, curl: (6) Could not resolve host: query2.finance.yahoo.com. See https://curl.se/libcurl/c/libcurl-errors.html first for more details.
Failed to get ticker '036537.KS' reason: Failed to perform, curl: (6) Could not resolve host: query2.finance.yahoo.com. See https://curl.se/libcurl/c/libcurl-errors.html first for more details.
Failed to get ticker '033327.KQ' reason: Failed to perform, curl: (6) Could not resolve host: query2.finance.yahoo.com. See https://curl.se/libcurl/c/libcurl-errors.html first for more details.
Failed to get ticker '036805.KQ' reason: Failed to perform, curl: (6) getaddrinfo() thread failed to start. See https://curl.se/libcurl/c/libcurl-errors.html first for more details.
Failed to get ticker '035760.KQ' reason: Failed to perform, curl: (6) Could not resolve host: query2.finance.yahoo.com. See https://curl.se/libcurl/c/libcurl-errors.html first for more details.
Failed to get ticker '036890.KQ' reason: Failed to perform, curl: (6) getaddrinfo() thread failed to start. See https://curl.se/libcurl/c/libcurl-errors.html first for more details.
Failed to get ticker '033325.KQ' reason: Failed to perform, curl: (6) getaddrinfo() thread failed to start. See https://curl.se/libcurl/c/libcurl-errors.html first for more details.
Failed to get ticker '033290.KQ' reason: Failed to perform, curl: (6) Could not resolve host: query2.finance.yahoo.com. See https://curl.se/libcurl/c/libcurl-errors.html first for more details.
Failed to get ticker '036535.KS' reason: Failed to perform, curl: (6) getaddrinfo() thread failed to start. See https://curl.se/libcurl/c/libcurl-errors.html first for more details.
Failed to get ticker '035810.KQ' reason: Failed to perform, curl: (6) Could not resolve host: query2.finance.yahoo.com. See https://curl.se/libcurl/c/libcurl-errors.html first for more details.
Failed to get ticker '032680.KQ' reason: Failed to perform, curl: (6) getaddrinfo() thread failed to start. See https://curl.se/libcurl/c/libcurl-errors.html first for more details.
Failed to get ticker '036540.KQ' reason: Failed to perform, curl: (6) Could not resolve host: query2.finance.yahoo.com. See https://curl.se/libcurl/c/libcurl-errors.html first for more details.
Failed to get ticker '031829.KS' reason: Failed to perform, curl: (6) Could not resolve host: query2.finance.yahoo.com. See https://curl.se/libcurl/c/libcurl-errors.html first for more details.
Failed to get ticker '034230.KS' reason: Failed to perform, curl: (6) Could not resolve host: query2.finance.yahoo.com. See https://curl.se/libcurl/c/libcurl-errors.html first for more details.
Failed to get ticker '036690.KQ' reason: Failed to perform, curl: (6) getaddrinfo() thread failed to start. See https://curl.se/libcurl/c/libcurl-errors.html first for more details.
Failed to get ticker '032620.KQ' reason: Failed to perform, curl: (6) getaddrinfo() thread failed to start. See https://curl.se/libcurl/c/libcurl-errors.html first for more details.
Failed to get ticker '035900.KQ' reason: Failed to perform, curl: (6) getaddrinfo() thread failed to start. See https://curl.se/libcurl/c/libcurl-errors.html first for more details.
Failed to get ticker '036037.KQ' reason: Failed to perform, curl: (6) getaddrinfo() thread failed to start. See https://curl.se/libcurl/c/libcurl-errors.html first for more details.
Failed to get ticker '033270.KS' reason: Failed to perform, curl: (6) getaddrinfo() thread failed to start. See https://curl.se/libcurl/c/libcurl-errors.html first for more details.
Failed to get ticker '036005.KQ' reason: Failed to perform, curl: (6) Could not resolve host: query2.finance.yahoo.com. See https://curl.se/libcurl/c/libcurl-errors.html first for more details.
Failed to get ticker '033640.KQ' reason: Failed to perform, curl: (6) getaddrinfo() thread failed to start. See https://curl.se/libcurl/c/libcurl-errors.html first for more details.
Failed to get ticker '036009.KQ' reason: Failed to perform, curl: (6) Could not resolve host: query2.finance.yahoo.com. See https://curl.se/libcurl/c/libcurl-errors.html first for more details.
Failed to get ticker '030965.KQ' reason: Failed to perform, curl: (6) Could not resolve host: query2.finance.yahoo.com. See https://curl.se/libcurl/c/libcurl-errors.html first for more details.
Failed to get ticker '032567.KS' reason: Failed to perform, curl: (6) getaddrinfo() thread failed to start. See https://curl.se/libcurl/c/libcurl-errors.html first for more details.
Failed to get ticker '034220.KS' reason: Failed to perform, curl: (6) Could not resolve host: query2.finance.yahoo.com. See https://curl.se/libcurl/c/libcurl-errors.html first for more details.
Failed to get ticker '035617.KQ' reason: Failed to perform, curl: (6) Could not resolve host: query2.finance.yahoo.com. See https://curl.se/libcurl/c/libcurl-errors.html first for more details.
Failed to get ticker '034590.KS' reason: Failed to perform, curl: (6) getaddrinfo() thread failed to start. See https://curl.se/libcurl/c/libcurl-errors.html first for more details.
Failed to get ticker '036090.KQ' reason: Failed to perform, curl: (6) Could not resolve host: query2.finance.yahoo.com. See https://curl.se/libcurl/c/libcurl-errors.html first for more details.
Failed to get ticker '033920.KS' reason: Failed to perform, curl: (6) Could not resolve host: query2.finance.yahoo.com. See https://curl.se/libcurl/c/libcurl-errors.html first for more details.
Failed to get ticker '036480.KQ' reason: Failed to perform, curl: (6) getaddrinfo() thread failed to start. See https://curl.se/libcurl/c/libcurl-errors.html first for more details.
Failed to get ticker '037070.KQ' reason: Failed to perform, curl: (6) getaddrinfo() thread failed to start. See https://curl.se/libcurl/c/libcurl-errors.html first for more details.
Failed to get ticker '035615.KQ' reason: Failed to perform, curl: (6) Could not resolve host: query2.finance.yahoo.com. See https://curl.se/libcurl/c/libcurl-errors.html first for more details.
Failed to get ticker '033239.KQ' reason: Failed to perform, curl: (6) Could not resolve host: query2.finance.yahoo.com. See https://curl.se/libcurl/c/libcurl-errors.html first for more details.
Failed to get ticker '034950.KQ' reason: Failed to perform, curl: (6) getaddrinfo() thread failed to start. See https://curl.se/libcurl/c/libcurl-errors.html first for more details.
Failed to get ticker '035890.KQ' reason: Failed to perform, curl: (6) getaddrinfo() thread failed to start. See https://curl.se/libcurl/c/libcurl-errors.html first for more details.
Failed to get ticker '032860.KQ' reason: Failed to perform, curl: (6) getaddrinfo() thread failed to start. See https://curl.se/libcurl/c/libcurl-errors.html first for more details.
Failed to get ticker '036460.KS' reason: Failed to perform, curl: (6) getaddrinfo() thread failed to start. See https://curl.se/libcurl/c/libcurl-errors.html first for more details.
Failed to get ticker '035000.KS' reason: Failed to perform, curl: (6) getaddrinfo() thread failed to start. See https://curl.se/libcurl/c/libcurl-errors.html first for more details.
Failed to get ticker '030200.KS' reason: Failed to perform, curl: (6) getaddrinfo() thread failed to start. See https://curl.se/libcurl/c/libcurl-errors.html first for more details.
Failed to get ticker '032790.KQ' reason: Failed to perform, curl: (6) getaddrinfo() thread failed to start. See https://curl.se/libcurl/c/libcurl-errors.html first for more details.
Failed to get ticker '034810.KQ' reason: Failed to perform, curl: (6) getaddrinfo() thread failed to start. See https://curl.se/libcurl/c/libcurl-errors.html first for more details.
Failed to get ticker '030350.KQ' reason: Failed to perform, curl: (6) getaddrinfo() thread failed to start. See https://curl.se/libcurl/c/libcurl-errors.html first for more details.
Failed to get ticker '032980.KQ' reason: Failed to perform, curl: (6) getaddrinfo() thread failed to start. See https://curl.se/libcurl/c/libcurl-errors.html first for more details.
Failed to get ticker '033160.KQ' reason: Failed to perform, curl: (6) Could not resolve host: query2.finance.yahoo.com. See https://curl.se/libcurl/c/libcurl-errors.html first for more details.
Failed to get ticker '036170.KQ' reason: Failed to perform, curl: (6) getaddrinfo() thread failed to start. See https://curl.se/libcurl/c/libcurl-errors.html first for more details.
Failed to get ticker '035517.KS' reason: Failed to perform, curl: (6) getaddrinfo() thread failed to start. See https://curl.se/libcurl/c/libcurl-errors.html first for more details.
Failed to get ticker '033170.KQ' reason: Failed to perform, curl: (6) getaddrinfo() thread failed to start. See https://curl.se/libcurl/c/libcurl-errors.html first for more details.
Failed to get ticker '033329.KQ' reason: Failed to perform, curl: (6) getaddrinfo() thread failed to start. See https://curl.se/libcurl/c/libcurl-errors.html first for more details.
Failed to get ticker '033200.KQ' reason: Failed to perform, curl: (6) getaddrinfo() thread failed to start. See https://curl.se/libcurl/c/libcurl-errors.html first for more details.
Failed to get ticker '032540.KQ' reason: Failed to perform, curl: (6) getaddrinfo() thread failed to start. See https://curl.se/libcurl/c/libcurl-errors.html first for more details.
Failed to get ticker '032580.KQ' reason: Failed to perform, curl: (6) getaddrinfo() thread failed to start. See https://curl.se/libcurl/c/libcurl-errors.html first for more details.
Failed to get ticker '036570.KS' reason: Failed to perform, curl: (6) getaddrinfo() thread failed to start. See https://curl.se/libcurl/c/libcurl-errors.html first for more details.
Failed to get ticker '034020.KS' reason: Failed to perform, curl: (6) getaddrinfo() thread failed to start. See https://curl.se/libcurl/c/libcurl-errors.html first for more details.
Failed to get ticker '032280.KQ' reason: Failed to perform, curl: (6) getaddrinfo() thread failed to start. See https://curl.se/libcurl/c/libcurl-errors.html first for more details.
Failed to get ticker '034940.KQ' reason: Failed to perform, curl: (6) getaddrinfo() thread failed to start. See https://curl.se/libcurl/c/libcurl-errors.html first for more details.
Failed to get ticker '036630.KQ' reason: Failed to perform, curl: (6) Could not resolve host: query2.finance.yahoo.com. See https://curl.se/libcurl/c/libcurl-errors.html first for more details.
Failed to get ticker '032190.KQ' reason: Failed to perform, curl: (6) Could not resolve host: query2.finance.yahoo.com. See https://curl.se/libcurl/c/libcurl-errors.html first for more details.
Failed to get ticker '036539.KS' reason: Failed to perform, curl: (6) getaddrinfo() thread failed to start. See https://curl.se/libcurl/c/libcurl-errors.html first for more details.
Failed to get ticker '036035.KQ' reason: Failed to perform, curl: (6) getaddrinfo() thread failed to start. See https://curl.se/libcurl/c/libcurl-errors.html first for more details.
Failed to get ticker '032500.KQ' reason: Failed to perform, curl: (6) getaddrinfo() thread failed to start. See https://curl.se/libcurl/c/libcurl-errors.html first for more details.
Failed to get ticker '036190.KQ' reason: Failed to perform, curl: (6) Could not resolve host: query2.finance.yahoo.com. See https://curl.se/libcurl/c/libcurl-errors.html first for more details.
Failed to get ticker '033237.KQ' reason: Failed to perform, curl: (6) getaddrinfo() thread failed to start. See https://curl.se/libcurl/c/libcurl-errors.html first for more details.
Failed to get ticker '031827.KS' reason: Failed to perform, curl: (6) getaddrinfo() thread failed to start. See https://curl.se/libcurl/c/libcurl-errors.html first for more details.
Failed to get ticker '030969.KQ' reason: Failed to perform, curl: (6) getaddrinfo() thread failed to start. See https://curl.se/libcurl/c/libcurl-errors.html first for more details.
Failed to get ticker '032640.KS' reason: Failed to perform, curl: (6) Could not resolve host: query2.finance.yahoo.com. See https://curl.se/libcurl/c/libcurl-errors.html first for more details.
Failed to get ticker '036580.KS' reason: Failed to perform, curl: (6) getaddrinfo() thread failed to start. See https://curl.se/libcurl/c/libcurl-errors.html first for more details.
Failed to get ticker '032565.KS' reason: Failed to perform, curl: (6) Could not resolve host: query2.finance.yahoo.com. See https://curl.se/libcurl/c/libcurl-errors.html first for more details.
Failed to get ticker '032800.KQ' reason: Failed to perform, curl: (6) getaddrinfo() thread failed to start. See https://curl.se/libcurl/c/libcurl-errors.html first for more details.
Failed to get ticker '031440.KS' reason: Failed to perform, curl: (6) getaddrinfo() thread failed to start. See https://curl.se/libcurl/c/libcurl-errors.html first for more details.
Failed to get ticker '033780.KS' reason: Failed to perform, curl: (6) getaddrinfo() thread failed to start. See https://curl.se/libcurl/c/libcurl-errors.html first for more details.
Failed to get ticker '032300.KQ' reason: Failed to perform, curl: (6) getaddrinfo() thread failed to start. See https://curl.se/libcurl/c/libcurl-errors.html first for more details.
Failed to get ticker '035619.KQ' reason: Failed to perform, curl: (6) getaddrinfo() thread failed to start. See https://curl.se/libcurl/c/libcurl-errors.html first for more details.
Failed to get ticker '036007.KQ' reason: Failed to perform, curl: (6) getaddrinfo() thread failed to start. See https://curl.se/libcurl/c/libcurl-errors.html first for more details.
Failed to get ticker '031825.KS' reason: Failed to perform, curl: (6) Could not resolve host: query2.finance.yahoo.com. See https://curl.se/libcurl/c/libcurl-errors.html first for more details.
Failed to get ticker '032820.KQ' reason: Failed to perform, curl: (6) getaddrinfo() thread failed to start. See https://curl.se/libcurl/c/libcurl-errors.html first for more details.
Failed to get ticker '036420.KS' reason: Failed to perform, curl: (6) getaddrinfo() thread failed to start. See https://curl.se/libcurl/c/libcurl-errors.html first for more details.
Failed to get ticker '036830.KQ' reason: Failed to perform, curl: (6) getaddrinfo() thread failed to start. See https://curl.se/libcurl/c/libcurl-errors.html first for more details.
Failed to get ticker '036220.KQ' reason: Failed to perform, curl: (6) getaddrinfo() thread failed to start. See https://curl.se/libcurl/c/libcurl-errors.html first for more details.
Failed to get ticker '030967.KQ' reason: Failed to perform, curl: (6) getaddrinfo() thread failed to start. See https://curl.se/libcurl/c/libcurl-errors.html first for more details.
Failed to get ticker '032750.KQ' reason: Failed to perform, curl: (6) Could not resolve host: query2.finance.yahoo.com. See https://curl.se/libcurl/c/libcurl-errors.html first for more details.
Failed to get ticker '033830.KQ' reason: Failed to perform, curl: (6) getaddrinfo() thread failed to start. See https://curl.se/libcurl/c/libcurl-errors.html first for more details.
Failed to get ticker '030190.KS' reason: Failed to perform, curl: (6) getaddrinfo() thread failed to start. See https://curl.se/libcurl/c/libcurl-errors.html first for more details.
Failed to get ticker '036010.KQ' reason: Failed to perform, curl: (6) getaddrinfo() thread failed to start. See https://curl.se/libcurl/c/libcurl-errors.html first for more details.
Failed to get ticker '032940.KQ' reason: Failed to perform, curl: (6) getaddrinfo() thread failed to start. See https://curl.se/libcurl/c/libcurl-errors.html first for more details.

133 Failed downloads:
['036039.KQ', '036560.KQ', '032960.KQ', '031310.KQ', '032569.KS', '030720.KS', '036537.KS', '033327.KQ', '036805.KQ', '035760.KQ', '036890.KQ', '033340.KQ', '033325.KQ', '034120.KS', '033290.KQ', '036535.KS', '035460.KQ', '036810.KQ', '035810.KQ', '032680.KQ', '036710.KQ', '031829.KS', '035510.KS', '036620.KQ', '035250.KS', '036120.KQ', '030530.KQ', '036690.KQ', '035900.KQ', '032620.KQ', '036037.KQ', '033540.KQ', '037230.KQ', '033270.KS', '036005.KQ', '030960.KQ', '031860.KQ', '036009.KQ', '033240.KS', '036000.KQ', '036530.KS', '030965.KQ', '036670.KQ', '032567.KS', '034220.KS', '034590.KS', '035617.KQ', '036090.KQ', '032560.KS', '033920.KS', '036480.KQ', '037070.KQ', '035615.KQ', '033239.KQ', '034950.KQ', '035890.KQ', '036460.KS', '030200.KS', '035000.KS', '032790.KQ', '033320.KQ', '034810.KQ', '032980.KQ', '030350.KQ', '033160.KQ', '035200.KQ', '036170.KQ', '035720.KS', '033170.KQ', '033329.KQ', '033200.KQ', '036030.KQ', '031510.KQ', '032540.KQ', '036200.KQ', '032580.KQ', '036570.KS', '034020.KS', '034940.KQ', '036630.KQ', '032190.KQ', '036539.KS', '036035.KQ', '035517.KS', '036800.KQ', '032080.KQ', '036190.KQ', '031430.KS', '033237.KQ', '031827.KS', '032350.KS', '030969.KQ', '033230.KQ', '032640.KS', '036580.KS', '032565.KS', '032800.KQ', '032300.KQ', '033780.KS', '035619.KQ', '036007.KQ', '031825.KS', '036420.KS', '036830.KQ', '030967.KQ', '036220.KQ', '032750.KQ', '033830.KQ', '030190.KS', '033530.KS', '036010.KQ', '036807.KQ', '032500.KQ']: TypeError("'NoneType' object is not subscriptable")
['036640.KQ', '033235.KQ', '030000.KS', '030520.KQ', '031330.KQ', '033500.KQ', '033100.KQ', '035519.KS', '036809.KQ', '035290.KQ', '035515.KS', '033050.KQ', '034730.KS', '035420.KS', '033130.KQ', '033250.KS', '035600.KQ', '033560.KQ', '036930.KQ', '035150.KS']: OperationalError('unable to open database file')
Failed to get ticker '047040.KS' reason: Failed to perform, curl: (6) getaddrinfo() thread failed to start. See https://curl.se/libcurl/c/libcurl-errors.html first for more details.
Failed to get ticker '040160.KQ' reason: Failed to perform, curl: (6) getaddrinfo() thread failed to start. See https://curl.se/libcurl/c/libcurl-errors.html first for more details.
Failed to get ticker '039420.KQ' reason: Failed to perform, curl: (6) Could not resolve host: query2.finance.yahoo.com. See https://curl.se/libcurl/c/libcurl-errors.html first for more details.
Failed to get ticker '038017.KQ' reason: Failed to perform, curl: (6) getaddrinfo() thread failed to start. See https://curl.se/libcurl/c/libcurl-errors.html first for more details.
Failed to get ticker '039440.KQ' reason: Failed to perform, curl: (6) Could not resolve host: query2.finance.yahoo.com. See https://curl.se/libcurl/c/libcurl-errors.html first for more details.
Failed to get ticker '038015.KQ' reason: Failed to perform, curl: (6) getaddrinfo() thread failed to start. See https://curl.se/libcurl/c/libcurl-errors.html first for more details.
Failed to get ticker '039570.KS' reason: Failed to perform, curl: (6) getaddrinfo() thread failed to start. See https://curl.se/libcurl/c/libcurl-errors.html first for more details.
Failed to get ticker '042115.KQ' reason: Failed to perform, curl: (6) getaddrinfo() thread failed to start. See https://curl.se/libcurl/c/libcurl-errors.html first for more details.
Failed to get ticker '042600.KQ' reason: Failed to perform, curl: (6) getaddrinfo() thread failed to start. See https://curl.se/libcurl/c/libcurl-errors.html first for more details.
Failed to get ticker '043100.KQ' reason: Failed to perform, curl: (6) Could not resolve host: query2.finance.yahoo.com. See https://curl.se/libcurl/c/libcurl-errors.html first for more details.
Failed to get ticker '043157.KQ' reason: Failed to perform, curl: (6) getaddrinfo() thread failed to start. See https://curl.se/libcurl/c/libcurl-errors.html first for more details.
Failed to get ticker '039245.KQ' reason: Failed to perform, curl: (6) getaddrinfo() thread failed to start. See https://curl.se/libcurl/c/libcurl-errors.html first for more details.
Failed to get ticker '038067.KQ' reason: Failed to perform, curl: (6) Could not resolve host: query2.finance.yahoo.com. See https://curl.se/libcurl/c/libcurl-errors.html first for more details.
Failed to get ticker '037400.KQ' reason: Failed to perform, curl: (6) Could not resolve host: query2.finance.yahoo.com. See https://curl.se/libcurl/c/libcurl-errors.html first for more details.
Failed to get ticker '040350.KQ' reason: Failed to perform, curl: (6) getaddrinfo() thread failed to start. See https://curl.se/libcurl/c/libcurl-errors.html first for more details.
Failed to get ticker '037350.KQ' reason: Failed to perform, curl: (6) getaddrinfo() thread failed to start. See https://curl.se/libcurl/c/libcurl-errors.html first for more details.
Failed to get ticker '039860.KQ' reason: Failed to perform, curl: (6) getaddrinfo() thread failed to start. See https://curl.se/libcurl/c/libcurl-errors.html first for more details.
Failed to get ticker '042700.KS' reason: Failed to perform, curl: (6) getaddrinfo() thread failed to start. See https://curl.se/libcurl/c/libcurl-errors.html first for more details.
Failed to get ticker '038070.KQ' reason: Failed to perform, curl: (6) getaddrinfo() thread failed to start. See https://curl.se/libcurl/c/libcurl-errors.html first for more details.
Failed to get ticker '045520.KQ' reason: Failed to perform, curl: (6) Could not resolve host: query2.finance.yahoo.com. See https://curl.se/libcurl/c/libcurl-errors.html first for more details.
Failed to get ticker '041020.KQ' reason: Failed to perform, curl: (6) getaddrinfo() thread failed to start. See https://curl.se/libcurl/c/libcurl-errors.html first for more details.
Failed to get ticker '041935.KQ' reason: Failed to perform, curl: (6) Could not resolve host: query2.finance.yahoo.com. See https://curl.se/libcurl/c/libcurl-errors.html first for more details.
Failed to get ticker '037710.KS' reason: Failed to perform, curl: (6) getaddrinfo() thread failed to start. See https://curl.se/libcurl/c/libcurl-errors.html first for more details.
Failed to get ticker '039247.KQ' reason: Failed to perform, curl: (6) Could not resolve host: query2.finance.yahoo.com. See https://curl.se/libcurl/c/libcurl-errors.html first for more details.
Failed to get ticker '038685.KQ' reason: Failed to perform, curl: (6) getaddrinfo() thread failed to start. See https://curl.se/libcurl/c/libcurl-errors.html first for more details.
Failed to get ticker '045660.KQ' reason: Failed to perform, curl: (6) getaddrinfo() thread failed to start. See https://curl.se/libcurl/c/libcurl-errors.html first for more details.
Failed to get ticker '044380.KS' reason: Failed to perform, curl: (6) getaddrinfo() thread failed to start. See https://curl.se/libcurl/c/libcurl-errors.html first for more details.
Failed to get ticker '044820.KS' reason: Failed to perform, curl: (6) getaddrinfo() thread failed to start. See https://curl.se/libcurl/c/libcurl-errors.html first for more details.
Failed to get ticker '037760.KQ' reason: Failed to perform, curl: (6) getaddrinfo() thread failed to start. See https://curl.se/libcurl/c/libcurl-errors.html first for more details.
Failed to get ticker '046945.KQ' reason: Failed to perform, curl: (6) Could not resolve host: query2.finance.yahoo.com. See https://curl.se/libcurl/c/libcurl-errors.html first for more details.
Failed to get ticker '038110.KQ' reason: Failed to perform, curl: (6) getaddrinfo() thread failed to start. See https://curl.se/libcurl/c/libcurl-errors.html first for more details.
Failed to get ticker '039840.KQ' reason: Failed to perform, curl: (6) getaddrinfo() thread failed to start. See https://curl.se/libcurl/c/libcurl-errors.html first for more details.
Failed to get ticker '043200.KQ' reason: Failed to perform, curl: (6) getaddrinfo() thread failed to start. See https://curl.se/libcurl/c/libcurl-errors.html first for more details.
Failed to get ticker '037460.KQ' reason: Failed to perform, curl: (6) getaddrinfo() thread failed to start. See https://curl.se/libcurl/c/libcurl-errors.html first for more details.
Failed to get ticker '046947.KQ' reason: Failed to perform, curl: (6) getaddrinfo() thread failed to start. See https://curl.se/libcurl/c/libcurl-errors.html first for more details.
Failed to get ticker '043377.KQ' reason: Failed to perform, curl: (6) getaddrinfo() thread failed to start. See https://curl.se/libcurl/c/libcurl-errors.html first for more details.
Failed to get ticker '037270.KS' reason: Failed to perform, curl: (6) getaddrinfo() thread failed to start. See https://curl.se/libcurl/c/libcurl-errors.html first for more details.
Failed to get ticker '044990.KQ' reason: Failed to perform, curl: (6) getaddrinfo() thread failed to start. See https://curl.se/libcurl/c/libcurl-errors.html first for more details.
Failed to get ticker '038689.KQ' reason: Failed to perform, curl: (6) getaddrinfo() thread failed to start. See https://curl.se/libcurl/c/libcurl-errors.html first for more details.
Failed to get ticker '039425.KQ' reason: Failed to perform, curl: (6) Could not resolve host: query2.finance.yahoo.com. See https://curl.se/libcurl/c/libcurl-errors.html first for more details.
Failed to get ticker '044490.KQ' reason: Failed to perform, curl: (77) error setting certificate verify locations:  CAfile: /Users/ajay/Library/Python/3.9/lib/python/site-packages/certifi/cacert.pem CApath: none. See https://curl.se/libcurl/c/libcurl-errors.html first for more details.
Failed to get ticker '043590.KQ' reason: Failed to perform, curl: (77) error setting certificate verify locations:  CAfile: /Users/ajay/Library/Python/3.9/lib/python/site-packages/certifi/cacert.pem CApath: none. See https://curl.se/libcurl/c/libcurl-errors.html first for more details.
Failed to get ticker '039030.KQ' reason: Failed to perform, curl: (6) getaddrinfo() thread failed to start. See https://curl.se/libcurl/c/libcurl-errors.html first for more details.
Failed to get ticker '043650.KQ' reason: Failed to perform, curl: (6) getaddrinfo() thread failed to start. See https://curl.se/libcurl/c/libcurl-errors.html first for more details.
Failed to get ticker '043155.KQ' reason: Failed to perform, curl: (6) Could not resolve host: query2.finance.yahoo.com. See https://curl.se/libcurl/c/libcurl-errors.html first for more details.
Failed to get ticker '037370.KQ' reason: Failed to perform, curl: (6) getaddrinfo() thread failed to start. See https://curl.se/libcurl/c/libcurl-errors.html first for more details.
Failed to get ticker '045340.KQ' reason: Failed to perform, curl: (6) getaddrinfo() thread failed to start. See https://curl.se/libcurl/c/libcurl-errors.html first for more details.
Failed to get ticker '041939.KQ' reason: Failed to perform, curl: (6) getaddrinfo() thread failed to start. See https://curl.se/libcurl/c/libcurl-errors.html first for more details.
Failed to get ticker '039980.KQ' reason: Failed to perform, curl: (77) error setting certificate verify locations:  CAfile: /Users/ajay/Library/Python/3.9/lib/python/site-packages/certifi/cacert.pem CApath: none. See https://curl.se/libcurl/c/libcurl-errors.html first for more details.
Failed to get ticker '043220.KQ' reason: Failed to perform, curl: (6) getaddrinfo() thread failed to start. See https://curl.se/libcurl/c/libcurl-errors.html first for more details.
Failed to get ticker '039310.KQ' reason: Failed to perform, curl: (6) getaddrinfo() thread failed to start. See https://curl.se/libcurl/c/libcurl-errors.html first for more details.
Failed to get ticker '042500.KQ' reason: Failed to perform, curl: (6) getaddrinfo() thread failed to start. See https://curl.se/libcurl/c/libcurl-errors.html first for more details.
Failed to get ticker '046120.KQ' reason: Failed to perform, curl: (6) Could not resolve host: query2.finance.yahoo.com. See https://curl.se/libcurl/c/libcurl-errors.html first for more details.
Failed to get ticker '046890.KQ' reason: Failed to perform, curl: (6) Could not resolve host: query2.finance.yahoo.com. See https://curl.se/libcurl/c/libcurl-errors.html first for more details.
Failed to get ticker '037950.KQ' reason: Failed to perform, curl: (6) getaddrinfo() thread failed to start. See https://curl.se/libcurl/c/libcurl-errors.html first for more details.
Failed to get ticker '041520.KQ' reason: Failed to perform, curl: (6) getaddrinfo() thread failed to start. See https://curl.se/libcurl/c/libcurl-errors.html first for more details.
Failed to get ticker '043375.KQ' reason: Failed to perform, curl: (6) getaddrinfo() thread failed to start. See https://curl.se/libcurl/c/libcurl-errors.html first for more details.
Failed to get ticker '039429.KQ' reason: Failed to perform, curl: (6) getaddrinfo() thread failed to start. See https://curl.se/libcurl/c/libcurl-errors.html first for more details.
Failed to get ticker '039830.KQ' reason: Failed to perform, curl: (6) getaddrinfo() thread failed to start. See https://curl.se/libcurl/c/libcurl-errors.html first for more details.
Failed to get ticker '039249.KQ' reason: Failed to perform, curl: (6) getaddrinfo() thread failed to start. See https://curl.se/libcurl/c/libcurl-errors.html first for more details.
Failed to get ticker '043610.KQ' reason: Failed to perform, curl: (6) getaddrinfo() thread failed to start. See https://curl.se/libcurl/c/libcurl-errors.html first for more details.
Failed to get ticker '038500.KQ' reason: Failed to perform, curl: (6) Could not resolve host: query2.finance.yahoo.com. See https://curl.se/libcurl/c/libcurl-errors.html first for more details.
$046947.KQ: possibly delisted; no price data found  (period=3mo) (Yahoo error = "No data found, symbol may be delisted")
Failed to get ticker '043159.KQ' reason: Failed to perform, curl: (6) getaddrinfo() thread failed to start. See https://curl.se/libcurl/c/libcurl-errors.html first for more details.
Failed to get ticker '043379.KQ' reason: Failed to perform, curl: (6) Could not resolve host: query2.finance.yahoo.com. See https://curl.se/libcurl/c/libcurl-errors.html first for more details.
Failed to get ticker '038069.KQ' reason: Failed to perform, curl: (6) getaddrinfo() thread failed to start. See https://curl.se/libcurl/c/libcurl-errors.html first for more details.
Failed to get ticker '038290.KQ' reason: Failed to perform, curl: (6) Could not resolve host: query2.finance.yahoo.com. See https://curl.se/libcurl/c/libcurl-errors.html first for more details.
Failed to get ticker '044450.KS' reason: Failed to perform, curl: (6) getaddrinfo() thread failed to start. See https://curl.se/libcurl/c/libcurl-errors.html first for more details.
Failed to get ticker '042379.KQ' reason: Failed to perform, curl: (6) getaddrinfo() thread failed to start. See https://curl.se/libcurl/c/libcurl-errors.html first for more details.
Failed to get ticker '040420.KQ' reason: Failed to perform, curl: (6) getaddrinfo() thread failed to start. See https://curl.se/libcurl/c/libcurl-errors.html first for more details.
Failed to get ticker '040610.KQ' reason: Failed to perform, curl: (6) Could not resolve host: query2.finance.yahoo.com. See https://curl.se/libcurl/c/libcurl-errors.html first for more details.
Failed to get ticker '038065.KQ' reason: Failed to perform, curl: (6) getaddrinfo() thread failed to start. See https://curl.se/libcurl/c/libcurl-errors.html first for more details.
Failed to get ticker '043360.KQ' reason: Failed to perform, curl: (6) getaddrinfo() thread failed to start. See https://curl.se/libcurl/c/libcurl-errors.html first for more details.
Failed to get ticker '038019.KQ' reason: Failed to perform, curl: (6) getaddrinfo() thread failed to start. See https://curl.se/libcurl/c/libcurl-errors.html first for more details.
Failed to get ticker '044180.KQ' reason: Failed to perform, curl: (6) getaddrinfo() thread failed to start. See https://curl.se/libcurl/c/libcurl-errors.html first for more details.
Failed to get ticker '046440.KQ' reason: Failed to perform, curl: (6) getaddrinfo() thread failed to start. See https://curl.se/libcurl/c/libcurl-errors.html first for more details.
Failed to get ticker '038530.KQ' reason: Failed to perform, curl: (6) getaddrinfo() thread failed to start. See https://curl.se/libcurl/c/libcurl-errors.html first for more details.
Failed to get ticker '041650.KS' reason: Failed to perform, curl: (6) getaddrinfo() thread failed to start. See https://curl.se/libcurl/c/libcurl-errors.html first for more details.
Failed to get ticker '042377.KQ' reason: Failed to perform, curl: (6) Could not resolve host: query2.finance.yahoo.com. See https://curl.se/libcurl/c/libcurl-errors.html first for more details.
Failed to get ticker '045300.KQ' reason: Failed to perform, curl: (6) getaddrinfo() thread failed to start. See https://curl.se/libcurl/c/libcurl-errors.html first for more details.
Failed to get ticker '039740.KQ' reason: Failed to perform, curl: (6) getaddrinfo() thread failed to start. See https://curl.se/libcurl/c/libcurl-errors.html first for more details.
Failed to get ticker '042520.KQ' reason: Failed to perform, curl: (6) getaddrinfo() thread failed to start. See https://curl.se/libcurl/c/libcurl-errors.html first for more details.
Failed to get ticker '043090.KQ' reason: Failed to perform, curl: (6) getaddrinfo() thread failed to start. See https://curl.se/libcurl/c/libcurl-errors.html first for more details.
Failed to get ticker '041590.KQ' reason: Failed to perform, curl: (6) getaddrinfo() thread failed to start. See https://curl.se/libcurl/c/libcurl-errors.html first for more details.
Failed to get ticker '041460.KQ' reason: Failed to perform, curl: (6) getaddrinfo() thread failed to start. See https://curl.se/libcurl/c/libcurl-errors.html first for more details.
Failed to get ticker '040910.KQ' reason: Failed to perform, curl: (6) Could not resolve host: query2.finance.yahoo.com. See https://curl.se/libcurl/c/libcurl-errors.html first for more details.
Failed to get ticker '039427.KQ' reason: Failed to perform, curl: (6) getaddrinfo() thread failed to start. See https://curl.se/libcurl/c/libcurl-errors.html first for more details.
Failed to get ticker '041510.KQ' reason: Failed to perform, curl: (6) getaddrinfo() thread failed to start. See https://curl.se/libcurl/c/libcurl-errors.html first for more details.
Failed to get ticker '042119.KQ' reason: Failed to perform, curl: (6) getaddrinfo() thread failed to start. See https://curl.se/libcurl/c/libcurl-errors.html first for more details.
$038019.KQ: possibly delisted; no price data found  (period=3mo) (Yahoo error = "No data found, symbol may be delisted")
Failed to get ticker '038620.KQ' reason: Failed to perform, curl: (6) Could not resolve host: query2.finance.yahoo.com. See https://curl.se/libcurl/c/libcurl-errors.html first for more details.
Failed to get ticker '042420.KQ' reason: Failed to perform, curl: (6) getaddrinfo() thread failed to start. See https://curl.se/libcurl/c/libcurl-errors.html first for more details.
Failed to get ticker '037440.KQ' reason: Failed to perform, curl: (6) getaddrinfo() thread failed to start. See https://curl.se/libcurl/c/libcurl-errors.html first for more details.
Failed to get ticker '041960.KQ' reason: Failed to perform, curl: (6) getaddrinfo() thread failed to start. See https://curl.se/libcurl/c/libcurl-errors.html first for more details.
Failed to get ticker '038950.KQ' reason: Failed to perform, curl: (6) getaddrinfo() thread failed to start. See https://curl.se/libcurl/c/libcurl-errors.html first for more details.
Failed to get ticker '046949.KQ' reason: Failed to perform, curl: (6) getaddrinfo() thread failed to start. See https://curl.se/libcurl/c/libcurl-errors.html first for more details.
Failed to get ticker '042117.KQ' reason: Failed to perform, curl: (6) Could not resolve host: query2.finance.yahoo.com. See https://curl.se/libcurl/c/libcurl-errors.html first for more details.
$038687.KQ: possibly delisted; no price data found  (period=3mo) (Yahoo error = "No data found, symbol may be delisted")
$046949.KQ: possibly delisted; no price data found  (period=3mo) (Yahoo error = "No data found, symbol may be delisted")
$042117.KQ: possibly delisted; no price data found  (period=3mo) (Yahoo error = "No data found, symbol may be delisted")

135 Failed downloads:
['038060.KQ', '047040.KS', '040160.KQ', '039420.KQ', '038017.KQ', '038015.KQ', '039130.KS', '042115.KQ', '042600.KQ', '039440.KQ', '038010.KQ', '043100.KQ', '043157.KQ', '039245.KQ', '040350.KQ', '037400.KQ', '038067.KQ', '043260.KQ', '037350.KQ', '039860.KQ', '042700.KS', '045510.KQ', '038070.KQ', '038680.KQ', '042110.KQ', '041020.KQ', '037710.KS', '041935.KQ', '038685.KQ', '041440.KQ', '039247.KQ', '045660.KQ', '044380.KS', '044340.KQ', '037760.KQ', '046945.KQ', '038110.KQ', '040300.KQ', '039840.KQ', '043200.KQ', '037460.KQ', '043377.KQ', '044990.KQ', '037270.KS', '038689.KQ', '039560.KQ', '039425.KQ', '041830.KQ', '039030.KQ', '043650.KQ', '038460.KQ', '037370.KQ', '045340.KQ', '041939.KQ', '046210.KQ', '046940.KQ', '042510.KQ', '043155.KQ', '043220.KQ', '042040.KQ', '039310.KQ', '042500.KQ', '046120.KQ', '046890.KQ', '039429.KQ', '039830.KQ', '039249.KQ', '043610.KQ', '041520.KQ', '043375.KQ', '042370.KQ', '038500.KQ', '043159.KQ', '043379.KQ', '038069.KQ', '045100.KQ', '044450.KS', '038290.KQ', '042379.KQ', '040420.KQ', '040610.KQ', '038065.KQ', '043360.KQ', '044960.KQ', '046390.KQ', '046440.KQ', '041650.KS', '042377.KQ', '039740.KQ', '045300.KQ', '043090.KQ', '041590.KQ', '042520.KQ', '041460.KQ', '040910.KQ', '039427.KQ', '041510.KQ', '042119.KQ', '039020.KQ', '037440.KQ', '042420.KQ', '041960.KQ', '038950.KQ', '042660.KS', '038620.KQ']: TypeError("'NoneType' object is not subscriptable")
['041920.KQ', '039200.KQ', '041937.KQ', '045970.KQ', '037330.KQ', '045390.KQ', '039240.KQ', '046070.KQ', '042000.KQ', '042940.KQ', '044480.KQ', '038870.KQ', '046970.KQ', '045060.KQ', '043710.KQ', '039010.KQ', '043150.KQ', '041930.KQ', '046310.KQ', '038390.KQ', '043910.KQ', '042375.KQ', '038880.KQ', '039610.KQ', '041910.KQ']: OperationalError('unable to open database file')
['046947.KQ', '038019.KQ', '038687.KQ', '046949.KQ', '042117.KQ']: possibly delisted; no price data found  (period=3mo) (Yahoo error = "No data found, symbol may be delisted")
Failed to get ticker '050960.KQ' reason: Failed to perform, curl: (6) getaddrinfo() thread failed to start. See https://curl.se/libcurl/c/libcurl-errors.html first for more details.
Failed to get ticker '047560.KQ' reason: Failed to perform, curl: (6) Could not resolve host: query2.finance.yahoo.com. See https://curl.se/libcurl/c/libcurl-errors.html first for more details.
Failed to get ticker '051370.KQ' reason: Failed to perform, curl: (77) error setting certificate verify locations:  CAfile: /Users/ajay/Library/Python/3.9/lib/python/site-packages/certifi/cacert.pem CApath: none. See https://curl.se/libcurl/c/libcurl-errors.html first for more details.
Failed to get ticker '056190.KQ' reason: Failed to perform, curl: (6) Could not resolve host: query2.finance.yahoo.com. See https://curl.se/libcurl/c/libcurl-errors.html first for more details.
Failed to get ticker '048550.KQ' reason: Failed to perform, curl: (6) getaddrinfo() thread failed to start. See https://curl.se/libcurl/c/libcurl-errors.html first for more details.
Failed to get ticker '053625.KQ' reason: Failed to perform, curl: (6) getaddrinfo() thread failed to start. See https://curl.se/libcurl/c/libcurl-errors.html first for more details.
Failed to get ticker '049470.KQ' reason: Failed to perform, curl: (6) getaddrinfo() thread failed to start. See https://curl.se/libcurl/c/libcurl-errors.html first for more details.
Failed to get ticker '052429.KQ' reason: Failed to perform, curl: (6) getaddrinfo() thread failed to start. See https://curl.se/libcurl/c/libcurl-errors.html first for more details.
Failed to get ticker '054450.KQ' reason: Failed to perform, curl: (6) getaddrinfo() thread failed to start. See https://curl.se/libcurl/c/libcurl-errors.html first for more details.
Failed to get ticker '053629.KQ' reason: Failed to perform, curl: (6) getaddrinfo() thread failed to start. See https://curl.se/libcurl/c/libcurl-errors.html first for more details.
Failed to get ticker '052460.KQ' reason: Failed to perform, curl: (6) getaddrinfo() thread failed to start. See https://curl.se/libcurl/c/libcurl-errors.html first for more details.
Failed to get ticker '054935.KQ' reason: Failed to perform, curl: (6) getaddrinfo() thread failed to start. See https://curl.se/libcurl/c/libcurl-errors.html first for more details.
Failed to get ticker '054940.KQ' reason: Failed to perform, curl: (6) getaddrinfo() thread failed to start. See https://curl.se/libcurl/c/libcurl-errors.html first for more details.
Failed to get ticker '052797.KQ' reason: Failed to perform, curl: (6) Could not resolve host: query2.finance.yahoo.com. See https://curl.se/libcurl/c/libcurl-errors.html first for more details.
Failed to get ticker '050090.KQ' reason: Failed to perform, curl: (6) Could not resolve host: query2.finance.yahoo.com. See https://curl.se/libcurl/c/libcurl-errors.html first for more details.
Failed to get ticker '053690.KS' reason: Failed to perform, curl: (6) Could not resolve host: query2.finance.yahoo.com. See https://curl.se/libcurl/c/libcurl-errors.html first for more details.
Failed to get ticker '056365.KQ' reason: Failed to perform, curl: (6) getaddrinfo() thread failed to start. See https://curl.se/libcurl/c/libcurl-errors.html first for more details.
Failed to get ticker '050860.KQ' reason: Failed to perform, curl: (6) Could not resolve host: query2.finance.yahoo.com. See https://curl.se/libcurl/c/libcurl-errors.html first for more details.
Failed to get ticker '053270.KQ' reason: Failed to perform, curl: (6) getaddrinfo() thread failed to start. See https://curl.se/libcurl/c/libcurl-errors.html first for more details.
Failed to get ticker '052600.KQ' reason: Failed to perform, curl: (6) Could not resolve host: query2.finance.yahoo.com. See https://curl.se/libcurl/c/libcurl-errors.html first for more details.
Failed to get ticker '054939.KQ' reason: Failed to perform, curl: (6) getaddrinfo() thread failed to start. See https://curl.se/libcurl/c/libcurl-errors.html first for more details.
Failed to get ticker '053580.KQ' reason: Failed to perform, curl: (6) getaddrinfo() thread failed to start. See https://curl.se/libcurl/c/libcurl-errors.html first for more details.
Failed to get ticker '047920.KQ' reason: Failed to perform, curl: (6) getaddrinfo() thread failed to start. See https://curl.se/libcurl/c/libcurl-errors.html first for more details.
Failed to get ticker '054055.KQ' reason: Failed to perform, curl: (6) getaddrinfo() thread failed to start. See https://curl.se/libcurl/c/libcurl-errors.html first for more details.
Failed to get ticker '048870.KQ' reason: Failed to perform, curl: (6) getaddrinfo() thread failed to start. See https://curl.se/libcurl/c/libcurl-errors.html first for more details.
Failed to get ticker '053280.KQ' reason: Failed to perform, curl: (6) Could not resolve host: query1.finance.yahoo.com. See https://curl.se/libcurl/c/libcurl-errors.html first for more details.
Failed to get ticker '054410.KQ' reason: Failed to perform, curl: (6) getaddrinfo() thread failed to start. See https://curl.se/libcurl/c/libcurl-errors.html first for more details.
Failed to get ticker '054620.KQ' reason: Failed to perform, curl: (6) getaddrinfo() thread failed to start. See https://curl.se/libcurl/c/libcurl-errors.html first for more details.
Failed to get ticker '054937.KQ' reason: Failed to perform, curl: (6) getaddrinfo() thread failed to start. See https://curl.se/libcurl/c/libcurl-errors.html first for more details.
Failed to get ticker '052300.KQ' reason: Failed to perform, curl: (6) Could not resolve host: query1.finance.yahoo.com. See https://curl.se/libcurl/c/libcurl-errors.html first for more details.
Failed to get ticker '058110.KQ' reason: Failed to perform, curl: (6) getaddrinfo() thread failed to start. See https://curl.se/libcurl/c/libcurl-errors.html first for more details.
Failed to get ticker '049830.KQ' reason: Failed to perform, curl: (6) getaddrinfo() thread failed to start. See https://curl.se/libcurl/c/libcurl-errors.html first for more details.
Failed to get ticker '052860.KQ' reason: Failed to perform, curl: (6) getaddrinfo() thread failed to start. See https://curl.se/libcurl/c/libcurl-errors.html first for more details.
Failed to get ticker '054670.KQ' reason: Failed to perform, curl: (6) getaddrinfo() thread failed to start. See https://curl.se/libcurl/c/libcurl-errors.html first for more details.
Failed to get ticker '047829.KQ' reason: Failed to perform, curl: (6) getaddrinfo() thread failed to start. See https://curl.se/libcurl/c/libcurl-errors.html first for more details.
Failed to get ticker '054057.KQ' reason: Failed to perform, curl: (6) getaddrinfo() thread failed to start. See https://curl.se/libcurl/c/libcurl-errors.html first for more details.
Failed to get ticker '053627.KQ' reason: Failed to perform, curl: (6) Could not resolve host: query2.finance.yahoo.com. See https://curl.se/libcurl/c/libcurl-errors.html first for more details.
Failed to get ticker '050760.KQ' reason: Failed to perform, curl: (6) getaddrinfo() thread failed to start. See https://curl.se/libcurl/c/libcurl-errors.html first for more details.
Failed to get ticker '051780.KQ' reason: Failed to perform, curl: (6) getaddrinfo() thread failed to start. See https://curl.se/libcurl/c/libcurl-errors.html first for more details.
Failed to get ticker '054300.KQ' reason: Failed to perform, curl: (6) getaddrinfo() thread failed to start. See https://curl.se/libcurl/c/libcurl-errors.html first for more details.
Failed to get ticker '051167.KQ' reason: Failed to perform, curl: (6) getaddrinfo() thread failed to start. See https://curl.se/libcurl/c/libcurl-errors.html first for more details.
Failed to get ticker '052710.KQ' reason: Failed to perform, curl: (77) error setting certificate verify locations:  CAfile: /Users/ajay/Library/Python/3.9/lib/python/site-packages/certifi/cacert.pem CApath: none. See https://curl.se/libcurl/c/libcurl-errors.html first for more details.
Failed to get ticker '051600.KS' reason: Failed to perform, curl: (6) Could not resolve host: query2.finance.yahoo.com. See https://curl.se/libcurl/c/libcurl-errors.html first for more details.
Failed to get ticker '052795.KQ' reason: Failed to perform, curl: (6) getaddrinfo() thread failed to start. See https://curl.se/libcurl/c/libcurl-errors.html first for more details.
Failed to get ticker '049525.KQ' reason: Failed to perform, curl: (6) getaddrinfo() thread failed to start. See https://curl.se/libcurl/c/libcurl-errors.html first for more details.
Failed to get ticker '049070.KQ' reason: Failed to perform, curl: (6) getaddrinfo() thread failed to start. See https://curl.se/libcurl/c/libcurl-errors.html first for more details.
Failed to get ticker '058407.KQ' reason: Failed to perform, curl: (6) getaddrinfo() thread failed to start. See https://curl.se/libcurl/c/libcurl-errors.html first for more details.
Failed to get ticker '047827.KQ' reason: Failed to perform, curl: (6) Could not resolve host: query2.finance.yahoo.com. See https://curl.se/libcurl/c/libcurl-errors.html first for more details.
Failed to get ticker '053060.KQ' reason: Failed to perform, curl: (6) getaddrinfo() thread failed to start. See https://curl.se/libcurl/c/libcurl-errors.html first for more details.
Failed to get ticker '052799.KQ' reason: Failed to perform, curl: (6) Could not resolve host: query2.finance.yahoo.com. See https://curl.se/libcurl/c/libcurl-errors.html first for more details.
Failed to get ticker '047770.KQ' reason: Failed to perform, curl: (6) getaddrinfo() thread failed to start. See https://curl.se/libcurl/c/libcurl-errors.html first for more details.
Failed to get ticker '048830.KQ' reason: Failed to perform, curl: (6) getaddrinfo() thread failed to start. See https://curl.se/libcurl/c/libcurl-errors.html first for more details.
Failed to get ticker '049950.KQ' reason: Failed to perform, curl: (6) Could not resolve host: query2.finance.yahoo.com. See https://curl.se/libcurl/c/libcurl-errors.html first for more details.
Failed to get ticker '053050.KQ' reason: Failed to perform, curl: (6) Could not resolve host: query2.finance.yahoo.com. See https://curl.se/libcurl/c/libcurl-errors.html first for more details.
Failed to get ticker '047080.KQ' reason: Failed to perform, curl: (6) getaddrinfo() thread failed to start. See https://curl.se/libcurl/c/libcurl-errors.html first for more details.
Failed to get ticker '049527.KQ' reason: Failed to perform, curl: (6) getaddrinfo() thread failed to start. See https://curl.se/libcurl/c/libcurl-errors.html first for more details.
Failed to get ticker '053610.KQ' reason: Failed to perform, curl: (6) getaddrinfo() thread failed to start. See https://curl.se/libcurl/c/libcurl-errors.html first for more details.
Failed to get ticker '047050.KS' reason: Failed to perform, curl: (6) Could not resolve host: query2.finance.yahoo.com. See https://curl.se/libcurl/c/libcurl-errors.html first for more details.
Failed to get ticker '057030.KQ' reason: Failed to perform, curl: (6) getaddrinfo() thread failed to start. See https://curl.se/libcurl/c/libcurl-errors.html first for more details.
Failed to get ticker '051500.KQ' reason: Failed to perform, curl: (6) getaddrinfo() thread failed to start. See https://curl.se/libcurl/c/libcurl-errors.html first for more details.
Failed to get ticker '051900.KS' reason: Failed to perform, curl: (6) getaddrinfo() thread failed to start. See https://curl.se/libcurl/c/libcurl-errors.html first for more details.
Failed to get ticker '047825.KQ' reason: unable to open database file
Failed to get ticker '053160.KQ' reason: unable to open database file
Failed to get ticker '051380.KQ' reason: Failed to perform, curl: (6) getaddrinfo() thread failed to start. See https://curl.se/libcurl/c/libcurl-errors.html first for more details.
Failed to get ticker '053210.KS' reason: Failed to perform, curl: (6) getaddrinfo() thread failed to start. See https://curl.se/libcurl/c/libcurl-errors.html first for more details.
$047825.KQ: possibly delisted; no price data found  (period=3mo) (Yahoo error = "No data found, symbol may be delisted")
$054059.KQ: possibly delisted; no price data found  (period=3mo) (Yahoo error = "No data found, symbol may be delisted")

137 Failed downloads:
['056700.KQ', '050960.KQ', '047560.KQ', '056080.KQ', '056190.KQ', '051370.KQ', '048550.KQ', '053625.KQ', '052429.KQ', '057540.KQ', '054450.KQ', '049800.KS', '053629.KQ', '054210.KQ', '052460.KQ', '054935.KQ', '053980.KQ', '050090.KQ', '052797.KQ', '053950.KQ', '053690.KS', '053270.KQ', '053260.KQ', '050860.KQ', '054180.KQ', '054939.KQ', '053580.KQ', '056365.KQ', '047920.KQ', '054055.KQ', '049120.KQ', '048410.KQ', '048870.KQ', '053280.KQ', '047820.KQ', '054410.KQ', '049080.KQ', '054620.KQ', '054937.KQ', '052790.KQ', '052300.KQ', '058110.KQ', '049830.KQ', '052860.KQ', '054670.KQ', '049430.KQ', '054090.KQ', '052400.KQ', '047829.KQ', '053700.KQ', '054057.KQ', '052690.KS', '050760.KQ', '053627.KQ', '052420.KQ', '054300.KQ', '051167.KQ', '053290.KQ', '053620.KQ', '051600.KS', '052795.KQ', '049525.KQ', '053030.KQ', '049070.KQ', '047827.KQ', '053060.KQ', '058407.KQ', '054220.KQ', '052799.KQ', '047770.KQ', '048830.KQ', '049180.KQ', '053050.KQ', '047080.KQ', '049527.KQ', '050110.KQ', '053610.KQ', '052260.KQ', '047050.KS', '052770.KQ', '057030.KQ', '051500.KQ', '051900.KS', '057680.KQ', '053160.KQ', '051380.KQ', '053210.KS']: TypeError("'NoneType' object is not subscriptable")
['048770.KQ', '051490.KQ', '056367.KQ', '052330.KQ', '058405.KQ', '051169.KQ', '054040.KQ', '058400.KQ', '051390.KQ', '056730.KQ', '052427.KQ', '056369.KQ', '056090.KQ', '047310.KQ', '052425.KQ', '053350.KQ', '054800.KQ', '047810.KS', '049630.KQ', '053300.KQ', '053985.KQ', '049960.KQ', '051360.KQ', '052220.KQ', '053450.KQ', '048530.KQ', '051630.KS', '047400.KS', '051980.KQ', '054920.KQ', '053800.KQ', '055490.KS', '049550.KQ', '054050.KQ', '049480.KQ', '053080.KQ', '053989.KQ', '056360.KQ', '052900.KQ', '050120.KQ', '048470.KQ', '049529.KQ', '049720.KQ', '054780.KQ', '057050.KS', '051165.KQ', '053987.KQ', '050890.KQ']: OperationalError('unable to open database file')
['047825.KQ', '054059.KQ']: possibly delisted; no price data found  (period=3mo) (Yahoo error = "No data found, symbol may be delisted")
Failed to get ticker '064960.KS' reason: Failed to perform, curl: (6) getaddrinfo() thread failed to start. See https://curl.se/libcurl/c/libcurl-errors.html first for more details.
Failed to get ticker '065060.KQ' reason: Failed to perform, curl: (6) getaddrinfo() thread failed to start. See https://curl.se/libcurl/c/libcurl-errors.html first for more details.
Failed to get ticker '058630.KQ' reason: Failed to perform, curl: (6) getaddrinfo() thread failed to start. See https://curl.se/libcurl/c/libcurl-errors.html first for more details.
Failed to get ticker '063160.KS' reason: Failed to perform, curl: (77) error setting certificate verify locations:  CAfile: /Users/ajay/Library/Python/3.9/lib/python/site-packages/certifi/cacert.pem CApath: none. See https://curl.se/libcurl/c/libcurl-errors.html first for more details.
Failed to get ticker '067730.KQ' reason: Failed to perform, curl: (77) error setting certificate verify locations:  CAfile: /Users/ajay/Library/Python/3.9/lib/python/site-packages/certifi/cacert.pem CApath: none. See https://curl.se/libcurl/c/libcurl-errors.html first for more details.
Failed to get ticker '064240.KQ' reason: Failed to perform, curl: (77) error setting certificate verify locations:  CAfile: /Users/ajay/Library/Python/3.9/lib/python/site-packages/certifi/cacert.pem CApath: none. See https://curl.se/libcurl/c/libcurl-errors.html first for more details.
Failed to get ticker '067287.KQ' reason: Failed to perform, curl: (6) Could not resolve host: query2.finance.yahoo.com. See https://curl.se/libcurl/c/libcurl-errors.html first for more details.
Failed to get ticker '065690.KQ' reason: Failed to perform, curl: (6) getaddrinfo() thread failed to start. See https://curl.se/libcurl/c/libcurl-errors.html first for more details.
Failed to get ticker '066590.KQ' reason: Failed to perform, curl: (6) Could not resolve host: query2.finance.yahoo.com. See https://curl.se/libcurl/c/libcurl-errors.html first for more details.
Failed to get ticker '058650.KS' reason: Failed to perform, curl: (6) getaddrinfo() thread failed to start. See https://curl.se/libcurl/c/libcurl-errors.html first for more details.
Failed to get ticker '068790.KQ' reason: Failed to perform, curl: (6) getaddrinfo() thread failed to start. See https://curl.se/libcurl/c/libcurl-errors.html first for more details.
Failed to get ticker '065440.KQ' reason: Failed to perform, curl: (6) Could not resolve host: query2.finance.yahoo.com. See https://curl.se/libcurl/c/libcurl-errors.html first for more details.
Failed to get ticker '058859.KS' reason: Failed to perform, curl: (6) Could not resolve host: query2.finance.yahoo.com. See https://curl.se/libcurl/c/libcurl-errors.html first for more details.
Failed to get ticker '066625.KQ' reason: Failed to perform, curl: (6) getaddrinfo() thread failed to start. See https://curl.se/libcurl/c/libcurl-errors.html first for more details.
Failed to get ticker '060560.KQ' reason: Failed to perform, curl: (6) getaddrinfo() thread failed to start. See https://curl.se/libcurl/c/libcurl-errors.html first for more details.
Failed to get ticker '058430.KS' reason: Failed to perform, curl: (6) getaddrinfo() thread failed to start. See https://curl.se/libcurl/c/libcurl-errors.html first for more details.
Failed to get ticker '067285.KQ' reason: Failed to perform, curl: (77) error setting certificate verify locations:  CAfile: /Users/ajay/Library/Python/3.9/lib/python/site-packages/certifi/cacert.pem CApath: none. See https://curl.se/libcurl/c/libcurl-errors.html first for more details.
Failed to get ticker '068760.KQ' reason: Failed to perform, curl: (6) Could not resolve host: query2.finance.yahoo.com. See https://curl.se/libcurl/c/libcurl-errors.html first for more details.
Failed to get ticker '064480.KQ' reason: Failed to perform, curl: (6) getaddrinfo() thread failed to start. See https://curl.se/libcurl/c/libcurl-errors.html first for more details.
Failed to get ticker '068940.KQ' reason: Failed to perform, curl: (6) getaddrinfo() thread failed to start. See https://curl.se/libcurl/c/libcurl-errors.html first for more details.
Failed to get ticker '067280.KQ' reason: Failed to perform, curl: (6) getaddrinfo() thread failed to start. See https://curl.se/libcurl/c/libcurl-errors.html first for more details.
Failed to get ticker '064400.KS' reason: Failed to perform, curl: (6) Could not resolve host: query2.finance.yahoo.com. See https://curl.se/libcurl/c/libcurl-errors.html first for more details.
Failed to get ticker '065950.KQ' reason: Failed to perform, curl: (6) Could not resolve host: query2.finance.yahoo.com. See https://curl.se/libcurl/c/libcurl-errors.html first for more details.
Failed to get ticker '061040.KQ' reason: Failed to perform, curl: (6) getaddrinfo() thread failed to start. See https://curl.se/libcurl/c/libcurl-errors.html first for more details.
Failed to get ticker '061255.KQ' reason: Failed to perform, curl: (6) Could not resolve host: query1.finance.yahoo.com. See https://curl.se/libcurl/c/libcurl-errors.html first for more details.
Failed to get ticker '066410.KQ' reason: Failed to perform, curl: (6) getaddrinfo() thread failed to start. See https://curl.se/libcurl/c/libcurl-errors.html first for more details.
Failed to get ticker '065170.KQ' reason: Failed to perform, curl: (6) getaddrinfo() thread failed to start. See https://curl.se/libcurl/c/libcurl-errors.html first for more details.
Failed to get ticker '065770.KQ' reason: Failed to perform, curl: (6) getaddrinfo() thread failed to start. See https://curl.se/libcurl/c/libcurl-errors.html first for more details.
Failed to get ticker '059210.KQ' reason: Failed to perform, curl: (6) getaddrinfo() thread failed to start. See https://curl.se/libcurl/c/libcurl-errors.html first for more details.
Failed to get ticker '067290.KQ' reason: Failed to perform, curl: (6) getaddrinfo() thread failed to start. See https://curl.se/libcurl/c/libcurl-errors.html first for more details.
Failed to get ticker '066310.KQ' reason: Failed to perform, curl: (6) getaddrinfo() thread failed to start. See https://curl.se/libcurl/c/libcurl-errors.html first for more details.
Failed to get ticker '066679.KQ' reason: Failed to perform, curl: (6) getaddrinfo() thread failed to start. See https://curl.se/libcurl/c/libcurl-errors.html first for more details.
Failed to get ticker '060150.KQ' reason: Failed to perform, curl: (6) Could not resolve host: query2.finance.yahoo.com. See https://curl.se/libcurl/c/libcurl-errors.html first for more details.
Failed to get ticker '066900.KQ' reason: Failed to perform, curl: (6) getaddrinfo() thread failed to start. See https://curl.se/libcurl/c/libcurl-errors.html first for more details.
Failed to get ticker '066910.KQ' reason: Failed to perform, curl: (6) getaddrinfo() thread failed to start. See https://curl.se/libcurl/c/libcurl-errors.html first for more details.
Failed to get ticker '063440.KQ' reason: Failed to perform, curl: (6) Could not resolve host: query2.finance.yahoo.com. See https://curl.se/libcurl/c/libcurl-errors.html first for more details.
Failed to get ticker '067570.KQ' reason: Failed to perform, curl: (6) getaddrinfo() thread failed to start. See https://curl.se/libcurl/c/libcurl-errors.html first for more details.
Failed to get ticker '060720.KQ' reason: Failed to perform, curl: (6) getaddrinfo() thread failed to start. See https://curl.se/libcurl/c/libcurl-errors.html first for more details.
Failed to get ticker '066629.KQ' reason: Failed to perform, curl: (6) getaddrinfo() thread failed to start. See https://curl.se/libcurl/c/libcurl-errors.html first for more details.
Failed to get ticker '061090.KQ' reason: Failed to perform, curl: (6) Could not resolve host: query2.finance.yahoo.com. See https://curl.se/libcurl/c/libcurl-errors.html first for more details.
Failed to get ticker '064850.KQ' reason: Failed to perform, curl: (6) getaddrinfo() thread failed to start. See https://curl.se/libcurl/c/libcurl-errors.html first for more details.
Failed to get ticker '064350.KS' reason: Failed to perform, curl: (6) getaddrinfo() thread failed to start. See https://curl.se/libcurl/c/libcurl-errors.html first for more details.
Failed to get ticker '058857.KS' reason: Failed to perform, curl: (6) Could not resolve host: query2.finance.yahoo.com. See https://curl.se/libcurl/c/libcurl-errors.html first for more details.
Failed to get ticker '065450.KQ' reason: Failed to perform, curl: (6) getaddrinfo() thread failed to start. See https://curl.se/libcurl/c/libcurl-errors.html first for more details.
Failed to get ticker '069080.KQ' reason: Failed to perform, curl: (6) getaddrinfo() thread failed to start. See https://curl.se/libcurl/c/libcurl-errors.html first for more details.
Failed to get ticker '066675.KQ' reason: Failed to perform, curl: (6) getaddrinfo() thread failed to start. See https://curl.se/libcurl/c/libcurl-errors.html first for more details.
Failed to get ticker '064260.KQ' reason: unable to open database file
Failed to get ticker '065680.KQ' reason: Failed to perform, curl: (6) getaddrinfo() thread failed to start. See https://curl.se/libcurl/c/libcurl-errors.html first for more details.
Failed to get ticker '060280.KQ' reason: Failed to perform, curl: (6) getaddrinfo() thread failed to start. See https://curl.se/libcurl/c/libcurl-errors.html first for more details.
Failed to get ticker '067390.KQ' reason: Failed to perform, curl: (6) getaddrinfo() thread failed to start. See https://curl.se/libcurl/c/libcurl-errors.html first for more details.
Failed to get ticker '058409.KQ' reason: Failed to perform, curl: (6) getaddrinfo() thread failed to start. See https://curl.se/libcurl/c/libcurl-errors.html first for more details.
Failed to get ticker '061257.KQ' reason: Failed to perform, curl: (6) Could not resolve host: query2.finance.yahoo.com. See https://curl.se/libcurl/c/libcurl-errors.html first for more details.
Failed to get ticker '069519.KQ' reason: Failed to perform, curl: (6) Could not resolve host: query2.finance.yahoo.com. See https://curl.se/libcurl/c/libcurl-errors.html first for more details.
Failed to get ticker '065710.KQ' reason: Failed to perform, curl: (6) getaddrinfo() thread failed to start. See https://curl.se/libcurl/c/libcurl-errors.html first for more details.
Failed to get ticker '065510.KQ' reason: Failed to perform, curl: (6) getaddrinfo() thread failed to start. See https://curl.se/libcurl/c/libcurl-errors.html first for more details.
Failed to get ticker '058450.KQ' reason: unable to open database file
Failed to get ticker '060380.KQ' reason: Failed to perform, curl: (6) getaddrinfo() thread failed to start. See https://curl.se/libcurl/c/libcurl-errors.html first for more details.
Failed to get ticker '060590.KQ' reason: Failed to perform, curl: (6) getaddrinfo() thread failed to start. See https://curl.se/libcurl/c/libcurl-errors.html first for more details.
Failed to get ticker '067080.KQ' reason: Failed to perform, curl: (6) getaddrinfo() thread failed to start. See https://curl.se/libcurl/c/libcurl-errors.html first for more details.
Failed to get ticker '068100.KQ' reason: Failed to perform, curl: (6) getaddrinfo() thread failed to start. See https://curl.se/libcurl/c/libcurl-errors.html first for more details.
Failed to get ticker '061259.KQ' reason: Failed to perform, curl: (6) getaddrinfo() thread failed to start. See https://curl.se/libcurl/c/libcurl-errors.html first for more details.
Failed to get ticker '066790.KQ' reason: Failed to perform, curl: (6) getaddrinfo() thread failed to start. See https://curl.se/libcurl/c/libcurl-errors.html first for more details.
Failed to get ticker '069515.KQ' reason: Failed to perform, curl: (6) getaddrinfo() thread failed to start. See https://curl.se/libcurl/c/libcurl-errors.html first for more details.

146 Failed downloads:
['061970.KQ', '069140.KQ', '064760.KQ', '060310.KQ', '066130.KQ', '067289.KQ', '058850.KS', '067310.KQ', '067010.KQ', '060240.KQ', '064290.KQ', '069410.KQ', '069730.KS', '063080.KQ', '066430.KQ', '067920.KQ', '065350.KQ', '062970.KQ', '064520.KQ', '065650.KQ', '066677.KQ', '058470.KQ', '065500.KQ', '061250.KQ', '065570.KQ', '069510.KQ', '066627.KQ', '068050.KQ', '069330.KQ', '065370.KQ', '060260.KQ', '067830.KS', '060540.KQ', '058820.KQ', '067770.KQ', '069640.KS', '062040.KS', '067630.KQ', '069260.KS', '069540.KQ', '059090.KQ', '060850.KQ', '065150.KQ', '067000.KQ', '068290.KS', '068930.KQ', '068240.KQ', '058855.KS', '065530.KQ', '059100.KQ', '058610.KQ', '069460.KS', '066620.KQ']: OperationalError('unable to open database file')
['064960.KS', '058630.KQ', '066570.KS', '064800.KQ', '064820.KQ', '063160.KS', '064240.KQ', '067287.KQ', '067990.KQ', '065690.KQ', '068270.KS', '066590.KQ', '058650.KS', '058859.KS', '066625.KQ', '060560.KQ', '063570.KQ', '063170.KQ', '058430.KS', '067285.KQ', '068760.KQ', '067900.KQ', '064480.KQ', '060480.KQ', '068940.KQ', '066700.KQ', '067280.KQ', '064550.KQ', '064400.KS', '065950.KQ', '060370.KQ', '061040.KQ', '067160.KQ', '061255.KQ', '066410.KQ', '065660.KQ', '065170.KQ', '065130.KQ', '066360.KQ', '059210.KQ', '069620.KS', '067290.KQ', '065770.KQ', '066679.KQ', '066310.KQ', '060150.KQ', '066900.KQ', '067170.KQ', '066910.KQ', '063440.KQ', '063760.KQ', '067570.KQ', '060570.KQ', '060720.KQ', '061090.KQ', '066629.KQ', '060900.KQ', '064850.KQ', '064350.KS', '064090.KQ', '058857.KS', '065450.KQ', '069080.KQ', '066675.KQ', '065420.KQ', '065680.KQ', '060280.KQ', '059120.KQ', '058409.KQ', '068330.KQ', '061257.KQ', '067390.KQ', '067370.KQ', '069519.KQ', '065710.KQ', '059270.KQ', '065510.KQ', '058450.KQ', '060380.KQ', '060230.KQ', '060590.KQ', '066670.KQ', '067080.KQ', '068100.KQ', '061259.KQ', '068790.KQ']: TypeError("'NoneType' object is not subscriptable")
['069517.KQ', '064260.KQ', '058970.KQ', '058860.KS', '069515.KQ', '066790.KQ']: YFRateLimitError('Too Many Requests. Rate limited. Try after a while.')
['05IS.L']: OSError(24, 'Too many open files')
Failed to get ticker '074610.KS' reason: Failed to perform, curl: (6) Could not resolve host: query2.finance.yahoo.com. See https://curl.se/libcurl/c/libcurl-errors.html first for more details.
Failed to get ticker '084017.KS' reason: Failed to perform, curl: (6) Could not resolve host: query2.finance.yahoo.com. See https://curl.se/libcurl/c/libcurl-errors.html first for more details.
Failed to get ticker '084015.KS' reason: Failed to perform, curl: (77) error setting certificate verify locations:  CAfile: /Users/ajay/Library/Python/3.9/lib/python/site-packages/certifi/cacert.pem CApath: none. See https://curl.se/libcurl/c/libcurl-errors.html first for more details.
Failed to get ticker '083310.KQ' reason: Failed to perform, curl: (6) getaddrinfo() thread failed to start. See https://curl.se/libcurl/c/libcurl-errors.html first for more details.
Failed to get ticker '072870.KQ' reason: Failed to perform, curl: (77) error setting certificate verify locations:  CAfile: /Users/ajay/Library/Python/3.9/lib/python/site-packages/certifi/cacert.pem CApath: none. See https://curl.se/libcurl/c/libcurl-errors.html first for more details.
Failed to get ticker '081660.KS' reason: Failed to perform, curl: (6) getaddrinfo() thread failed to start. See https://curl.se/libcurl/c/libcurl-errors.html first for more details.
Failed to get ticker '081000.KS' reason: Failed to perform, curl: (6) getaddrinfo() thread failed to start. See https://curl.se/libcurl/c/libcurl-errors.html first for more details.
Failed to get ticker '072990.KQ' reason: Failed to perform, curl: (6) getaddrinfo() thread failed to start. See https://curl.se/libcurl/c/libcurl-errors.html first for more details.
Failed to get ticker '084650.KQ' reason: Failed to perform, curl: (6) getaddrinfo() thread failed to start. See https://curl.se/libcurl/c/libcurl-errors.html first for more details.
Failed to get ticker '081180.KQ' reason: Failed to perform, curl: (77) error setting certificate verify locations:  CAfile: /Users/ajay/Library/Python/3.9/lib/python/site-packages/certifi/cacert.pem CApath: none. See https://curl.se/libcurl/c/libcurl-errors.html first for more details.
Failed to get ticker '071970.KS' reason: Failed to perform, curl: (6) Could not resolve host: query2.finance.yahoo.com. See https://curl.se/libcurl/c/libcurl-errors.html first for more details.
Failed to get ticker '078077.KQ' reason: Failed to perform, curl: (6) getaddrinfo() thread failed to start. See https://curl.se/libcurl/c/libcurl-errors.html first for more details.
Failed to get ticker '069737.KS' reason: Failed to perform, curl: (6) Could not resolve host: query2.finance.yahoo.com. See https://curl.se/libcurl/c/libcurl-errors.html first for more details.
Failed to get ticker '084730.KQ' reason: Failed to perform, curl: (6) getaddrinfo() thread failed to start. See https://curl.se/libcurl/c/libcurl-errors.html first for more details.
Failed to get ticker '069920.KQ' reason: Failed to perform, curl: (6) getaddrinfo() thread failed to start. See https://curl.se/libcurl/c/libcurl-errors.html first for more details.
Failed to get ticker '072710.KS' reason: Failed to perform, curl: (6) getaddrinfo() thread failed to start. See https://curl.se/libcurl/c/libcurl-errors.html first for more details.
Failed to get ticker '071289.KQ' reason: Failed to perform, curl: (6) getaddrinfo() thread failed to start. See https://curl.se/libcurl/c/libcurl-errors.html first for more details.
Failed to get ticker '085310.KS' reason: Failed to perform, curl: (6) getaddrinfo() thread failed to start. See https://curl.se/libcurl/c/libcurl-errors.html first for more details.
Failed to get ticker '071320.KS' reason: Failed to perform, curl: (6) getaddrinfo() thread failed to start. See https://curl.se/libcurl/c/libcurl-errors.html first for more details.
Failed to get ticker '079550.KS' reason: Failed to perform, curl: (6) getaddrinfo() thread failed to start. See https://curl.se/libcurl/c/libcurl-errors.html first for more details.
Failed to get ticker '080017.KQ' reason: Failed to perform, curl: (6) getaddrinfo() thread failed to start. See https://curl.se/libcurl/c/libcurl-errors.html first for more details.
Failed to get ticker '075187.KS' reason: Failed to perform, curl: (6) getaddrinfo() thread failed to start. See https://curl.se/libcurl/c/libcurl-errors.html first for more details.
Failed to get ticker '073010.KQ' reason: Failed to perform, curl: (6) getaddrinfo() thread failed to start. See https://curl.se/libcurl/c/libcurl-errors.html first for more details.
Failed to get ticker '072470.KQ' reason: Failed to perform, curl: (6) Could not resolve host: query2.finance.yahoo.com. See https://curl.se/libcurl/c/libcurl-errors.html first for more details.
Failed to get ticker '084110.KQ' reason: Failed to perform, curl: (6) Could not resolve host: query2.finance.yahoo.com. See https://curl.se/libcurl/c/libcurl-errors.html first for more details.
Failed to get ticker '069739.KS' reason: Failed to perform, curl: (6) Could not resolve host: query2.finance.yahoo.com. See https://curl.se/libcurl/c/libcurl-errors.html first for more details.
Failed to get ticker '078075.KQ' reason: Failed to perform, curl: (6) Could not resolve host: query2.finance.yahoo.com. See https://curl.se/libcurl/c/libcurl-errors.html first for more details.
Failed to get ticker '084440.KQ' reason: Failed to perform, curl: (6) Could not resolve host: query2.finance.yahoo.com. See https://curl.se/libcurl/c/libcurl-errors.html first for more details.
Failed to get ticker '082270.KQ' reason: Failed to perform, curl: (6) Could not resolve host: query2.finance.yahoo.com. See https://curl.se/libcurl/c/libcurl-errors.html first for more details.
Failed to get ticker '072477.KQ' reason: Failed to perform, curl: (6) getaddrinfo() thread failed to start. See https://curl.se/libcurl/c/libcurl-errors.html first for more details.
Failed to get ticker '073540.KQ' reason: Failed to perform, curl: (6) getaddrinfo() thread failed to start. See https://curl.se/libcurl/c/libcurl-errors.html first for more details.
Failed to get ticker '079815.KQ' reason: Failed to perform, curl: (6) Could not resolve host: query2.finance.yahoo.com. See https://curl.se/libcurl/c/libcurl-errors.html first for more details.
Failed to get ticker '078007.KS' reason: Failed to perform, curl: (6) getaddrinfo() thread failed to start. See https://curl.se/libcurl/c/libcurl-errors.html first for more details.
Failed to get ticker '082920.KQ' reason: Failed to perform, curl: (6) getaddrinfo() thread failed to start. See https://curl.se/libcurl/c/libcurl-errors.html first for more details.
Failed to get ticker '070960.KS' reason: Failed to perform, curl: (6) getaddrinfo() thread failed to start. See https://curl.se/libcurl/c/libcurl-errors.html first for more details.
Failed to get ticker '082800.KQ' reason: Failed to perform, curl: (6) getaddrinfo() thread failed to start. See https://curl.se/libcurl/c/libcurl-errors.html first for more details.
Failed to get ticker '080580.KQ' reason: unable to open database file
Failed to get ticker '069735.KS' reason: Failed to perform, curl: (6) Could not resolve host: query2.finance.yahoo.com. See https://curl.se/libcurl/c/libcurl-errors.html first for more details.
Failed to get ticker '075189.KS' reason: Failed to perform, curl: (6) getaddrinfo() thread failed to start. See https://curl.se/libcurl/c/libcurl-errors.html first for more details.
Failed to get ticker '084870.KS' reason: Failed to perform, curl: (6) getaddrinfo() thread failed to start. See https://curl.se/libcurl/c/libcurl-errors.html first for more details.
Failed to get ticker '080019.KQ' reason: Failed to perform, curl: (6) Could not resolve host: query2.finance.yahoo.com. See https://curl.se/libcurl/c/libcurl-errors.html first for more details.
Failed to get ticker '078160.KQ' reason: Failed to perform, curl: (6) Could not resolve host: query2.finance.yahoo.com. See https://curl.se/libcurl/c/libcurl-errors.html first for more details.
Failed to get ticker '085660.KQ' reason: Failed to perform, curl: (6) getaddrinfo() thread failed to start. See https://curl.se/libcurl/c/libcurl-errors.html first for more details.
Failed to get ticker '076080.KQ' reason: Failed to perform, curl: (6) getaddrinfo() thread failed to start. See https://curl.se/libcurl/c/libcurl-errors.html first for more details.
Failed to get ticker '078140.KQ' reason: Failed to perform, curl: (6) Could not resolve host: query2.finance.yahoo.com. See https://curl.se/libcurl/c/libcurl-errors.html first for more details.
Failed to get ticker '078930.KS' reason: Failed to perform, curl: (6) getaddrinfo() thread failed to start. See https://curl.se/libcurl/c/libcurl-errors.html first for more details.
Failed to get ticker '072475.KQ' reason: Failed to perform, curl: (6) getaddrinfo() thread failed to start. See https://curl.se/libcurl/c/libcurl-errors.html first for more details.
Failed to get ticker '073640.KQ' reason: Failed to perform, curl: (6) Could not resolve host: query2.finance.yahoo.com. See https://curl.se/libcurl/c/libcurl-errors.html first for more details.
Failed to get ticker '073570.KQ' reason: Failed to perform, curl: (6) getaddrinfo() thread failed to start. See https://curl.se/libcurl/c/libcurl-errors.html first for more details.
Failed to get ticker '082850.KQ' reason: Failed to perform, curl: (6) Could not resolve host: query2.finance.yahoo.com. See https://curl.se/libcurl/c/libcurl-errors.html first for more details.
Failed to get ticker '083550.KQ' reason: Failed to perform, curl: (6) getaddrinfo() thread failed to start. See https://curl.se/libcurl/c/libcurl-errors.html first for more details.
Failed to get ticker '073567.KQ' reason: Failed to perform, curl: (6) getaddrinfo() thread failed to start. See https://curl.se/libcurl/c/libcurl-errors.html first for more details.
Failed to get ticker '084680.KS' reason: unable to open database file
Failed to get ticker '071840.KS' reason: Failed to perform, curl: (6) Could not resolve host: query1.finance.yahoo.com. See https://curl.se/libcurl/c/libcurl-errors.html first for more details.
Failed to get ticker '079969.KQ' reason: Failed to perform, curl: (6) Could not resolve host: query1.finance.yahoo.com. See https://curl.se/libcurl/c/libcurl-errors.html first for more details.
Failed to get ticker '075185.KS' reason: Failed to perform, curl: (6) getaddrinfo() thread failed to start. See https://curl.se/libcurl/c/libcurl-errors.html first for more details.
Failed to get ticker '070300.KQ' reason: Failed to perform, curl: (6) getaddrinfo() thread failed to start. See https://curl.se/libcurl/c/libcurl-errors.html first for more details.
Failed to get ticker '075580.KS' reason: Failed to perform, curl: (6) getaddrinfo() thread failed to start. See https://curl.se/libcurl/c/libcurl-errors.html first for more details.
Failed to get ticker '084019.KS' reason: Failed to perform, curl: (6) getaddrinfo() thread failed to start. See https://curl.se/libcurl/c/libcurl-errors.html first for more details.
Failed to get ticker '080220.KQ' reason: Failed to perform, curl: (6) getaddrinfo() thread failed to start. See https://curl.se/libcurl/c/libcurl-errors.html first for more details.
Failed to get ticker '070590.KQ' reason: Failed to perform, curl: (6) getaddrinfo() thread failed to start. See https://curl.se/libcurl/c/libcurl-errors.html first for more details.
Failed to get ticker '072479.KQ' reason: Failed to perform, curl: (6) Could not resolve host: query1.finance.yahoo.com. See https://curl.se/libcurl/c/libcurl-errors.html first for more details.
Failed to get ticker '084670.KS' reason: Failed to perform, curl: (6) getaddrinfo() thread failed to start. See https://curl.se/libcurl/c/libcurl-errors.html first for more details.
Failed to get ticker '083640.KQ' reason: Failed to perform, curl: (6) Could not resolve host: query2.finance.yahoo.com. See https://curl.se/libcurl/c/libcurl-errors.html first for more details.
Failed to get ticker '079950.KQ' reason: Failed to perform, curl: (6) Could not resolve host: query2.finance.yahoo.com. See https://curl.se/libcurl/c/libcurl-errors.html first for more details.
Failed to get ticker '078005.KS' reason: Failed to perform, curl: (6) getaddrinfo() thread failed to start. See https://curl.se/libcurl/c/libcurl-errors.html first for more details.
Failed to get ticker '078079.KQ' reason: Failed to perform, curl: (6) getaddrinfo() thread failed to start. See https://curl.se/libcurl/c/libcurl-errors.html first for more details.
Failed to get ticker '083420.KS' reason: Failed to perform, curl: (6) getaddrinfo() thread failed to start. See https://curl.se/libcurl/c/libcurl-errors.html first for more details.
Failed to get ticker '083650.KQ' reason: Failed to perform, curl: (6) Could not resolve host: query2.finance.yahoo.com. See https://curl.se/libcurl/c/libcurl-errors.html first for more details.
Failed to get ticker '082210.KQ' reason: Failed to perform, curl: (6) getaddrinfo() thread failed to start. See https://curl.se/libcurl/c/libcurl-errors.html first for more details.
Failed to get ticker '079430.KS' reason: Failed to perform, curl: (6) getaddrinfo() thread failed to start. See https://curl.se/libcurl/c/libcurl-errors.html first for more details.
Failed to get ticker '078009.KS' reason: Failed to perform, curl: (6) getaddrinfo() thread failed to start. See https://curl.se/libcurl/c/libcurl-errors.html first for more details.
Failed to get ticker '072950.KQ' reason: Failed to perform, curl: (6) getaddrinfo() thread failed to start. See https://curl.se/libcurl/c/libcurl-errors.html first for more details.
Failed to get ticker '079965.KQ' reason: unable to open database file
Failed to get ticker '072130.KS' reason: Failed to perform, curl: (6) getaddrinfo() thread failed to start. See https://curl.se/libcurl/c/libcurl-errors.html first for more details.
Failed to get ticker '072770.KQ' reason: Failed to perform, curl: (6) getaddrinfo() thread failed to start. See https://curl.se/libcurl/c/libcurl-errors.html first for more details.
Failed to get ticker '081580.KQ' reason: Failed to perform, curl: (6) Could not resolve host: query2.finance.yahoo.com. See https://curl.se/libcurl/c/libcurl-errors.html first for more details.
Failed to get ticker '073240.KS' reason: Failed to perform, curl: (6) Could not resolve host: query2.finance.yahoo.com. See https://curl.se/libcurl/c/libcurl-errors.html first for more details.
Failed to get ticker '079817.KQ' reason: Failed to perform, curl: (6) Could not resolve host: query2.finance.yahoo.com. See https://curl.se/libcurl/c/libcurl-errors.html first for more details.
Failed to get ticker '073565.KQ' reason: Failed to perform, curl: (6) Could not resolve host: query2.finance.yahoo.com. See https://curl.se/libcurl/c/libcurl-errors.html first for more details.
Failed to get ticker '077970.KS' reason: Failed to perform, curl: (6) getaddrinfo() thread failed to start. See https://curl.se/libcurl/c/libcurl-errors.html first for more details.
Failed to get ticker '080720.KQ' reason: Failed to perform, curl: (6) getaddrinfo() thread failed to start. See https://curl.se/libcurl/c/libcurl-errors.html first for more details.
Failed to get ticker '078340.KQ' reason: Failed to perform, curl: (6) getaddrinfo() thread failed to start. See https://curl.se/libcurl/c/libcurl-errors.html first for more details.
Failed to get ticker '078150.KQ' reason: Failed to perform, curl: (6) getaddrinfo() thread failed to start. See https://curl.se/libcurl/c/libcurl-errors.html first for more details.
Failed to get ticker '073490.KQ' reason: Failed to perform, curl: (6) getaddrinfo() thread failed to start. See https://curl.se/libcurl/c/libcurl-errors.html first for more details.
Failed to get ticker '071287.KQ' reason: Failed to perform, curl: (6) Could not resolve host: query1.finance.yahoo.com. See https://curl.se/libcurl/c/libcurl-errors.html first for more details.
Failed to get ticker '083930.KQ' reason: Failed to perform, curl: (6) Could not resolve host: query1.finance.yahoo.com. See https://curl.se/libcurl/c/libcurl-errors.html first for more details.
Failed to get ticker '079370.KQ' reason: Failed to perform, curl: (6) Could not resolve host: query1.finance.yahoo.com. See https://curl.se/libcurl/c/libcurl-errors.html first for more details.

135 Failed downloads:
['074610.KS', '084017.KS', '079650.KQ', '084370.KQ', '084015.KS', '083310.KQ', '084990.KQ', '081660.KS', '081000.KS', '084650.KQ', '079970.KQ', '069960.KS', '078077.KQ', '069737.KS', '077500.KS', '078130.KQ', '084730.KQ', '069920.KQ', '072710.KS', '071289.KQ', '085310.KS', '071320.KS', '079550.KS', '080017.KQ', '075187.KS', '078590.KQ', '080160.KQ', '073010.KQ', '071280.KQ', '072470.KQ', '073190.KQ', '083500.KQ', '071850.KQ', '084110.KQ', '078075.KQ', '080010.KQ', '084440.KQ', '082920.KQ', '070960.KS', '083470.KQ', '078007.KS', '080580.KQ', '083450.KQ', '075189.KS', '079900.KS', '084010.KS', '080019.KQ', '078160.KQ', '078140.KQ', '076080.KQ', '078930.KS', '072475.KQ', '073640.KQ', '085660.KQ', '082850.KQ', '079810.KQ', '084870.KS', '073567.KQ', '073570.KQ', '083550.KQ', '084680.KS', '071840.KS', '079969.KQ', '075185.KS', '070300.KQ', '080220.KQ', '084019.KS', '071950.KS', '070590.KQ', '072479.KQ', '079950.KQ', '071670.KQ', '078005.KS', '075180.KS', '084670.KS', '078079.KQ', '083420.KS', '082210.KQ', '083650.KQ', '079430.KS', '078009.KS', '078520.KS', '072950.KQ', '083640.KQ', '078350.KQ', '079965.KQ', '079190.KQ', '073560.KQ', '072130.KS', '081580.KQ', '072770.KQ', '073240.KS', '078070.KQ', '078890.KQ', '082740.KS', '079817.KQ', '073565.KQ', '077970.KS', '079980.KS', '080720.KQ', '078340.KQ', '075970.KQ', '078150.KQ', '073490.KQ', '071287.KQ', '083930.KQ']: TypeError("'NoneType' object is not subscriptable")
['081150.KQ', '079170.KQ', '078600.KQ', '074600.KQ', '072020.KQ', '071090.KS', '079160.KS', '078860.KQ', '083660.KQ', '075130.KQ', '080420.KQ', '080530.KQ', '071200.KQ', '073569.KQ']: OperationalError('unable to open database file')
['069739.KS', '072477.KQ', '079815.KQ', '069735.KS', '079819.KQ', '082800.KQ', '075580.KS', '083790.KQ', '084180.KQ', '071285.KQ', '080015.KQ', '079370.KQ', '076610.KQ', '074430.KQ', '079967.KQ']: YFRateLimitError('Too Many Requests. Rate limited. Try after a while.')
Failed to get ticker '097879.KQ' reason: Failed to perform, curl: (6) getaddrinfo() thread failed to start. See https://curl.se/libcurl/c/libcurl-errors.html first for more details.
Failed to get ticker '092130.KQ' reason: Failed to perform, curl: (77) error setting certificate verify locations:  CAfile: /Users/ajay/Library/Python/3.9/lib/python/site-packages/certifi/cacert.pem CApath: none. See https://curl.se/libcurl/c/libcurl-errors.html first for more details.
Failed to get ticker '092230.KS' reason: Failed to perform, curl: (77) error setting certificate verify locations:  CAfile: /Users/ajay/Library/Python/3.9/lib/python/site-packages/certifi/cacert.pem CApath: none. See https://curl.se/libcurl/c/libcurl-errors.html first for more details.
Failed to get ticker '086520.KQ' reason: Failed to perform, curl: (6) getaddrinfo() thread failed to start. See https://curl.se/libcurl/c/libcurl-errors.html first for more details.
Failed to get ticker '094480.KQ' reason: Failed to perform, curl: (6) getaddrinfo() thread failed to start. See https://curl.se/libcurl/c/libcurl-errors.html first for more details.
Failed to get ticker '099390.KQ' reason: Failed to perform, curl: (6) getaddrinfo() thread failed to start. See https://curl.se/libcurl/c/libcurl-errors.html first for more details.
Failed to get ticker '096250.KQ' reason: Failed to perform, curl: (6) getaddrinfo() thread failed to start. See https://curl.se/libcurl/c/libcurl-errors.html first for more details.
Failed to get ticker '088390.KQ' reason: Failed to perform, curl: (6) getaddrinfo() thread failed to start. See https://curl.se/libcurl/c/libcurl-errors.html first for more details.
Failed to get ticker '095910.KQ' reason: Failed to perform, curl: (6) getaddrinfo() thread failed to start. See https://curl.se/libcurl/c/libcurl-errors.html first for more details.
Failed to get ticker '098070.KQ' reason: Failed to perform, curl: (6) Could not resolve host: query2.finance.yahoo.com. See https://curl.se/libcurl/c/libcurl-errors.html first for more details.
Failed to get ticker '096630.KQ' reason: Failed to perform, curl: (6) Could not resolve host: query2.finance.yahoo.com. See https://curl.se/libcurl/c/libcurl-errors.html first for more details.
Failed to get ticker '093050.KS' reason: Failed to perform, curl: (6) getaddrinfo() thread failed to start. See https://curl.se/libcurl/c/libcurl-errors.html first for more details.
Failed to get ticker '094859.KQ' reason: Failed to perform, curl: (6) getaddrinfo() thread failed to start. See https://curl.se/libcurl/c/libcurl-errors.html first for more details.
Failed to get ticker '085810.KQ' reason: Failed to perform, curl: (6) getaddrinfo() thread failed to start. See https://curl.se/libcurl/c/libcurl-errors.html first for more details.
Failed to get ticker '092307.KQ' reason: unable to open database file
Failed to get ticker '090150.KQ' reason: Failed to perform, curl: (6) Could not resolve host: query2.finance.yahoo.com. See https://curl.se/libcurl/c/libcurl-errors.html first for more details.
Failed to get ticker '091340.KQ' reason: Failed to perform, curl: (6) getaddrinfo() thread failed to start. See https://curl.se/libcurl/c/libcurl-errors.html first for more details.
Failed to get ticker '089600.KQ' reason: Failed to perform, curl: (6) getaddrinfo() thread failed to start. See https://curl.se/libcurl/c/libcurl-errors.html first for more details.
Failed to get ticker '092440.KS' reason: Failed to perform, curl: (6) Could not resolve host: query2.finance.yahoo.com. See https://curl.se/libcurl/c/libcurl-errors.html first for more details.
Failed to get ticker '089150.KQ' reason: Failed to perform, curl: (6) getaddrinfo() thread failed to start. See https://curl.se/libcurl/c/libcurl-errors.html first for more details.
Failed to get ticker '086060.KQ' reason: Failed to perform, curl: (6) getaddrinfo() thread failed to start. See https://curl.se/libcurl/c/libcurl-errors.html first for more details.
Failed to get ticker '090370.KS' reason: Failed to perform, curl: (6) getaddrinfo() thread failed to start. See https://curl.se/libcurl/c/libcurl-errors.html first for more details.
Failed to get ticker '095610.KQ' reason: Failed to perform, curl: (6) getaddrinfo() thread failed to start. See https://curl.se/libcurl/c/libcurl-errors.html first for more details.
Failed to get ticker '088290.KQ' reason: Failed to perform, curl: (6) Could not resolve host: query1.finance.yahoo.com. See https://curl.se/libcurl/c/libcurl-errors.html first for more details.
Failed to get ticker '090360.KQ' reason: Failed to perform, curl: (6) getaddrinfo() thread failed to start. See https://curl.se/libcurl/c/libcurl-errors.html first for more details.
Failed to get ticker '095570.KS' reason: Failed to perform, curl: (6) getaddrinfo() thread failed to start. See https://curl.se/libcurl/c/libcurl-errors.html first for more details.
Failed to get ticker '088280.KQ' reason: Failed to perform, curl: (6) getaddrinfo() thread failed to start. See https://curl.se/libcurl/c/libcurl-errors.html first for more details.
Failed to get ticker '097950.KS' reason: Failed to perform, curl: (6) getaddrinfo() thread failed to start. See https://curl.se/libcurl/c/libcurl-errors.html first for more details.
Failed to get ticker '094940.KQ' reason: Failed to perform, curl: (6) getaddrinfo() thread failed to start. See https://curl.se/libcurl/c/libcurl-errors.html first for more details.
Failed to get ticker '091590.KQ' reason: Failed to perform, curl: (77) error setting certificate verify locations:  CAfile: /Users/ajay/Library/Python/3.9/lib/python/site-packages/certifi/cacert.pem CApath: none. See https://curl.se/libcurl/c/libcurl-errors.html first for more details.
Failed to get ticker '088139.KQ' reason: Failed to perform, curl: (77) error setting certificate verify locations:  CAfile: /Users/ajay/Library/Python/3.9/lib/python/site-packages/certifi/cacert.pem CApath: none. See https://curl.se/libcurl/c/libcurl-errors.html first for more details.
Failed to get ticker '089010.KQ' reason: Failed to perform, curl: (6) getaddrinfo() thread failed to start. See https://curl.se/libcurl/c/libcurl-errors.html first for more details.
Failed to get ticker '098460.KQ' reason: Failed to perform, curl: (6) getaddrinfo() thread failed to start. See https://curl.se/libcurl/c/libcurl-errors.html first for more details.
Failed to get ticker '095270.KQ' reason: Failed to perform, curl: (6) getaddrinfo() thread failed to start. See https://curl.se/libcurl/c/libcurl-errors.html first for more details.
Failed to get ticker '092190.KQ' reason: Failed to perform, curl: (6) getaddrinfo() thread failed to start. See https://curl.se/libcurl/c/libcurl-errors.html first for more details.
Failed to get ticker '092070.KQ' reason: Failed to perform, curl: (77) error setting certificate verify locations:  CAfile: /Users/ajay/Library/Python/3.9/lib/python/site-packages/certifi/cacert.pem CApath: none. See https://curl.se/libcurl/c/libcurl-errors.html first for more details.
Failed to get ticker '090710.KQ' reason: Failed to perform, curl: (6) getaddrinfo() thread failed to start. See https://curl.se/libcurl/c/libcurl-errors.html first for more details.
Failed to get ticker '088917.KQ' reason: Failed to perform, curl: (6) getaddrinfo() thread failed to start. See https://curl.se/libcurl/c/libcurl-errors.html first for more details.
Failed to get ticker '091970.KQ' reason: Failed to perform, curl: (77) error setting certificate verify locations:  CAfile: /Users/ajay/Library/Python/3.9/lib/python/site-packages/certifi/cacert.pem CApath: none. See https://curl.se/libcurl/c/libcurl-errors.html first for more details.
Failed to get ticker '097870.KQ' reason: Failed to perform, curl: (6) getaddrinfo() thread failed to start. See https://curl.se/libcurl/c/libcurl-errors.html first for more details.
Failed to get ticker '091120.KQ' reason: Failed to perform, curl: (6) getaddrinfo() thread failed to start. See https://curl.se/libcurl/c/libcurl-errors.html first for more details.
Failed to get ticker '092780.KS' reason: Failed to perform, curl: (6) getaddrinfo() thread failed to start. See https://curl.se/libcurl/c/libcurl-errors.html first for more details.
Failed to get ticker '094840.KQ' reason: Failed to perform, curl: (6) getaddrinfo() thread failed to start. See https://curl.se/libcurl/c/libcurl-errors.html first for more details.
Failed to get ticker '085670.KQ' reason: Failed to perform, curl: (6) Could not resolve host: query2.finance.yahoo.com. See https://curl.se/libcurl/c/libcurl-errors.html first for more details.
Failed to get ticker '090080.KS' reason: Failed to perform, curl: (6) Could not resolve host: query2.finance.yahoo.com. See https://curl.se/libcurl/c/libcurl-errors.html first for more details.
Failed to get ticker '099190.KQ' reason: Failed to perform, curl: (6) Could not resolve host: query2.finance.yahoo.com. See https://curl.se/libcurl/c/libcurl-errors.html first for more details.
Failed to get ticker '092870.KQ' reason: Failed to perform, curl: (6) getaddrinfo() thread failed to start. See https://curl.se/libcurl/c/libcurl-errors.html first for more details.
Failed to get ticker '088800.KQ' reason: Failed to perform, curl: (77) error setting certificate verify locations:  CAfile: /Users/ajay/Library/Python/3.9/lib/python/site-packages/certifi/cacert.pem CApath: none. See https://curl.se/libcurl/c/libcurl-errors.html first for more details.
Failed to get ticker '097877.KQ' reason: Failed to perform, curl: (6) getaddrinfo() thread failed to start. See https://curl.se/libcurl/c/libcurl-errors.html first for more details.
Failed to get ticker '094820.KQ' reason: Failed to perform, curl: (6) getaddrinfo() thread failed to start. See https://curl.se/libcurl/c/libcurl-errors.html first for more details.
Failed to get ticker '089470.KS' reason: Failed to perform, curl: (6) getaddrinfo() thread failed to start. See https://curl.se/libcurl/c/libcurl-errors.html first for more details.
Failed to get ticker '095660.KQ' reason: Failed to perform, curl: (6) getaddrinfo() thread failed to start. See https://curl.se/libcurl/c/libcurl-errors.html first for more details.
Failed to get ticker '088790.KS' reason: Failed to perform, curl: (6) Could not resolve host: query2.finance.yahoo.com. See https://curl.se/libcurl/c/libcurl-errors.html first for more details.
Failed to get ticker '087600.KQ' reason: Failed to perform, curl: (6) getaddrinfo() thread failed to start. See https://curl.se/libcurl/c/libcurl-errors.html first for more details.
Failed to get ticker '086965.KQ' reason: Failed to perform, curl: (6) getaddrinfo() thread failed to start. See https://curl.se/libcurl/c/libcurl-errors.html first for more details.
Failed to get ticker '089030.KQ' reason: Failed to perform, curl: (6) getaddrinfo() thread failed to start. See https://curl.se/libcurl/c/libcurl-errors.html first for more details.
Failed to get ticker '094280.KS' reason: Failed to perform, curl: (6) getaddrinfo() thread failed to start. See https://curl.se/libcurl/c/libcurl-errors.html first for more details.
Failed to get ticker '086969.KQ' reason: Failed to perform, curl: (6) getaddrinfo() thread failed to start. See https://curl.se/libcurl/c/libcurl-errors.html first for more details.
Failed to get ticker '097780.KQ' reason: Failed to perform, curl: (6) getaddrinfo() thread failed to start. See https://curl.se/libcurl/c/libcurl-errors.html first for more details.
Failed to get ticker '099520.KQ' reason: Failed to perform, curl: (6) getaddrinfo() thread failed to start. See https://curl.se/libcurl/c/libcurl-errors.html first for more details.
Failed to get ticker '096870.KQ' reason: Failed to perform, curl: (6) getaddrinfo() thread failed to start. See https://curl.se/libcurl/c/libcurl-errors.html first for more details.
Failed to get ticker '086967.KQ' reason: Failed to perform, curl: (6) Could not resolve host: query2.finance.yahoo.com. See https://curl.se/libcurl/c/libcurl-errors.html first for more details.
Failed to get ticker '088919.KQ' reason: Failed to perform, curl: (6) getaddrinfo() thread failed to start. See https://curl.se/libcurl/c/libcurl-errors.html first for more details.
Failed to get ticker '099440.KQ' reason: Failed to perform, curl: (6) Could not resolve host: query2.finance.yahoo.com. See https://curl.se/libcurl/c/libcurl-errors.html first for more details.
Failed to get ticker '096760.KS' reason: Failed to perform, curl: (6) getaddrinfo() thread failed to start. See https://curl.se/libcurl/c/libcurl-errors.html first for more details.
Failed to get ticker '088137.KQ' reason: Failed to perform, curl: (6) getaddrinfo() thread failed to start. See https://curl.se/libcurl/c/libcurl-errors.html first for more details.
Failed to get ticker '090460.KS' reason: Failed to perform, curl: (6) getaddrinfo() thread failed to start. See https://curl.se/libcurl/c/libcurl-errors.html first for more details.
Failed to get ticker '088135.KQ' reason: Failed to perform, curl: (6) getaddrinfo() thread failed to start. See https://curl.se/libcurl/c/libcurl-errors.html first for more details.
Failed to get ticker '087010.KQ' reason: Failed to perform, curl: (6) Could not resolve host: query2.finance.yahoo.com. See https://curl.se/libcurl/c/libcurl-errors.html first for more details.
Failed to get ticker '097875.KQ' reason: Failed to perform, curl: (6) getaddrinfo() thread failed to start. See https://curl.se/libcurl/c/libcurl-errors.html first for more details.
Failed to get ticker '090470.KQ' reason: Failed to perform, curl: (6) getaddrinfo() thread failed to start. See https://curl.se/libcurl/c/libcurl-errors.html first for more details.
Failed to get ticker '099220.KQ' reason: Failed to perform, curl: (6) getaddrinfo() thread failed to start. See https://curl.se/libcurl/c/libcurl-errors.html first for more details.
Failed to get ticker '097800.KQ' reason: Failed to perform, curl: (6) getaddrinfo() thread failed to start. See https://curl.se/libcurl/c/libcurl-errors.html first for more details.
Failed to get ticker '098120.KQ' reason: Failed to perform, curl: (6) getaddrinfo() thread failed to start. See https://curl.se/libcurl/c/libcurl-errors.html first for more details.
Failed to get ticker '090430.KS' reason: unable to open database file

141 Failed downloads:
['088910.KQ', '097879.KQ', '092230.KS', '086520.KQ', '089890.KQ', '092460.KQ', '094480.KQ', '093920.KQ', '091440.KQ', '099390.KQ', '096250.KQ', '088390.KQ', '089230.KQ', '095910.KQ', '098070.KQ', '096630.KQ', '093050.KS', '093190.KQ', '094859.KQ', '088260.KS', '085810.KQ', '086820.KQ', '093380.KQ', '091340.KQ', '092440.KS', '095610.KQ', '089980.KQ', '086900.KQ', '095500.KQ', '088290.KQ', '090360.KQ', '089970.KQ', '093240.KS', '095720.KS', '088130.KQ', '088280.KQ', '091810.KS', '097950.KS', '088340.KQ', '094940.KQ', '095270.KQ', '089010.KQ', '096770.KS', '094360.KQ', '093520.KQ', '092190.KQ', '088139.KQ', '088917.KQ', '095700.KQ', '086960.KQ', '0QKU.L', '094840.KQ', '092780.KS', '097870.KQ', '091120.KQ', '085670.KQ', '090080.KS', '099320.KQ', '096530.KQ', '086280.KS', '099750.KQ', '089860.KS', '092870.KQ', '088800.KQ', '094170.KQ', '097877.KQ', '086965.KQ', '087600.KQ', '094280.KS', '089030.KQ', '092790.KS', '096350.KQ', '094970.KQ', '086969.KQ', '094850.KQ', '094860.KQ', '097520.KS', '092730.KQ', '088919.KQ', '092040.KQ', '086967.KQ', '099520.KQ', '096760.KS', '087260.KQ', '095340.KQ', '086670.KQ', '088135.KQ', '087010.KQ', '097875.KQ', '099220.KQ', '090470.KQ', '097800.KQ', '098120.KQ', '090430.KS', '094820.KQ', '088137.KQ']: TypeError("'NoneType' object is not subscriptable")
['093370.KS', '089140.KQ', '094857.KQ', '089850.KQ', '092305.KQ', '086890.KQ', '086710.KQ', '091700.KQ', '093640.KQ', '090350.KS', '096690.KQ', '085910.KQ']: OperationalError('unable to open database file')
['092307.KQ', '088915.KQ', '096610.KQ', '089600.KQ', '089150.KQ', '095570.KS', '090370.KS', '086060.KQ', '093320.KQ', '090410.KQ', '091590.KQ', '089590.KS', '094855.KQ', '086980.KQ', '095190.KQ', '086450.KQ', '098460.KQ', '090710.KQ', '099430.KQ', '092070.KQ', '091970.KQ', '099190.KQ', '096240.KQ', '089470.KS', '095660.KQ', '088790.KS', '097780.KQ', '086040.KQ', '096870.KQ', '099440.KQ', '090460.KS', '092309.KQ', '092600.KQ']: YFRateLimitError('Too Many Requests. Rate limited. Try after a while.')
Failed to get ticker '115500.KQ' reason: Failed to perform, curl: (6) getaddrinfo() thread failed to start. See https://curl.se/libcurl/c/libcurl-errors.html first for more details.
Failed to get ticker '108670.KS' reason: Failed to perform, curl: (6) Could not resolve host: query2.finance.yahoo.com. See https://curl.se/libcurl/c/libcurl-errors.html first for more details.
Failed to get ticker '111380.KS' reason: Failed to perform, curl: (77) error setting certificate verify locations:  CAfile: /Users/ajay/Library/Python/3.9/lib/python/site-packages/certifi/cacert.pem CApath: none. See https://curl.se/libcurl/c/libcurl-errors.html first for more details.
Failed to get ticker '108325.KS' reason: Failed to perform, curl: (6) getaddrinfo() thread failed to start. See https://curl.se/libcurl/c/libcurl-errors.html first for more details.
Failed to get ticker '112290.KQ' reason: Failed to perform, curl: (77) error setting certificate verify locations:  CAfile: /Users/ajay/Library/Python/3.9/lib/python/site-packages/certifi/cacert.pem CApath: none. See https://curl.se/libcurl/c/libcurl-errors.html first for more details.
Failed to get ticker '114090.KS' reason: Failed to perform, curl: (77) error setting certificate verify locations:  CAfile: /Users/ajay/Library/Python/3.9/lib/python/site-packages/certifi/cacert.pem CApath: none. See https://curl.se/libcurl/c/libcurl-errors.html first for more details.
Failed to get ticker '123425.KQ' reason: Failed to perform, curl: (6) Could not resolve host: query2.finance.yahoo.com. See https://curl.se/libcurl/c/libcurl-errors.html first for more details.
Failed to get ticker '104200.KQ' reason: Failed to perform, curl: (6) getaddrinfo() thread failed to start. See https://curl.se/libcurl/c/libcurl-errors.html first for more details.
Failed to get ticker '122350.KQ' reason: Failed to perform, curl: (6) getaddrinfo() thread failed to start. See https://curl.se/libcurl/c/libcurl-errors.html first for more details.
Failed to get ticker '100599.KQ' reason: Failed to perform, curl: (6) getaddrinfo() thread failed to start. See https://curl.se/libcurl/c/libcurl-errors.html first for more details.
Failed to get ticker '115450.KQ' reason: Failed to perform, curl: (6) Could not resolve host: query2.finance.yahoo.com. See https://curl.se/libcurl/c/libcurl-errors.html first for more details.
Failed to get ticker '104830.KQ' reason: Failed to perform, curl: (6) getaddrinfo() thread failed to start. See https://curl.se/libcurl/c/libcurl-errors.html first for more details.
Failed to get ticker '102370.KQ' reason: Failed to perform, curl: (6) getaddrinfo() thread failed to start. See https://curl.se/libcurl/c/libcurl-errors.html first for more details.
$121800.KQ: possibly delisted; no price data found  (period=3mo)
Failed to get ticker '115319.KQ' reason: unable to open database file
Failed to get ticker '117730.KQ' reason: Failed to perform, curl: (6) getaddrinfo() thread failed to start. See https://curl.se/libcurl/c/libcurl-errors.html first for more details.
Failed to get ticker '120039.KS' reason: Failed to perform, curl: (6) Could not resolve host: query2.finance.yahoo.com. See https://curl.se/libcurl/c/libcurl-errors.html first for more details.
Failed to get ticker '109070.KS' reason: Failed to perform, curl: (6) Could not resolve host: query2.finance.yahoo.com. See https://curl.se/libcurl/c/libcurl-errors.html first for more details.
Failed to get ticker '100709.KQ' reason: Failed to perform, curl: (6) getaddrinfo() thread failed to start. See https://curl.se/libcurl/c/libcurl-errors.html first for more details.
Failed to get ticker '110990.KQ' reason: Failed to perform, curl: (6) getaddrinfo() thread failed to start. See https://curl.se/libcurl/c/libcurl-errors.html first for more details.
Failed to get ticker '121890.KQ' reason: Failed to perform, curl: (6) getaddrinfo() thread failed to start. See https://curl.se/libcurl/c/libcurl-errors.html first for more details.
Failed to get ticker '123330.KQ' reason: Failed to perform, curl: (6) getaddrinfo() thread failed to start. See https://curl.se/libcurl/c/libcurl-errors.html first for more details.
Failed to get ticker '102460.KS' reason: Failed to perform, curl: (6) Could not resolve host: query2.finance.yahoo.com. See https://curl.se/libcurl/c/libcurl-errors.html first for more details.
Failed to get ticker '122900.KS' reason: Failed to perform, curl: (6) getaddrinfo() thread failed to start. See https://curl.se/libcurl/c/libcurl-errors.html first for more details.
Failed to get ticker '102120.KQ' reason: Failed to perform, curl: (6) Could not resolve host: query2.finance.yahoo.com. See https://curl.se/libcurl/c/libcurl-errors.html first for more details.
Failed to get ticker '109860.KQ' reason: Failed to perform, curl: (6) getaddrinfo() thread failed to start. See https://curl.se/libcurl/c/libcurl-errors.html first for more details.
Failed to get ticker '100250.KS' reason: Failed to perform, curl: (6) getaddrinfo() thread failed to start. See https://curl.se/libcurl/c/libcurl-errors.html first for more details.
Failed to get ticker '101360.KQ' reason: Failed to perform, curl: (6) getaddrinfo() thread failed to start. See https://curl.se/libcurl/c/libcurl-errors.html first for more details.
$100709.KQ: possibly delisted; no price data found  (period=3mo) (Yahoo error = "No data found, symbol may be delisted")
$115319.KQ: possibly delisted; no price data found  (period=3mo) (Yahoo error = "No data found, symbol may be delisted")
Failed to get ticker '115317.KQ' reason: Failed to perform, curl: (6) getaddrinfo() thread failed to start. See https://curl.se/libcurl/c/libcurl-errors.html first for more details.
Failed to get ticker '100595.KQ' reason: Failed to perform, curl: (6) Could not resolve host: query2.finance.yahoo.com. See https://curl.se/libcurl/c/libcurl-errors.html first for more details.
Failed to get ticker '107600.KQ' reason: Failed to perform, curl: (6) Could not resolve host: query2.finance.yahoo.com. See https://curl.se/libcurl/c/libcurl-errors.html first for more details.
Failed to get ticker '102269.KS' reason: Failed to perform, curl: (6) getaddrinfo() thread failed to start. See https://curl.se/libcurl/c/libcurl-errors.html first for more details.
Failed to get ticker '101680.KQ' reason: Failed to perform, curl: (6) getaddrinfo() thread failed to start. See https://curl.se/libcurl/c/libcurl-errors.html first for more details.
Failed to get ticker '119610.KQ' reason: Failed to perform, curl: (6) Could not resolve host: query2.finance.yahoo.com. See https://curl.se/libcurl/c/libcurl-errors.html first for more details.
Failed to get ticker '122690.KQ' reason: Failed to perform, curl: (6) getaddrinfo() thread failed to start. See https://curl.se/libcurl/c/libcurl-errors.html first for more details.
Failed to get ticker '106080.KQ' reason: Failed to perform, curl: (6) getaddrinfo() thread failed to start. See https://curl.se/libcurl/c/libcurl-errors.html first for more details.
Failed to get ticker '117670.KQ' reason: Failed to perform, curl: (6) getaddrinfo() thread failed to start. See https://curl.se/libcurl/c/libcurl-errors.html first for more details.
Failed to get ticker '109740.KQ' reason: Failed to perform, curl: (6) Could not resolve host: query2.finance.yahoo.com. See https://curl.se/libcurl/c/libcurl-errors.html first for more details.
Failed to get ticker '118990.KQ' reason: Failed to perform, curl: (6) getaddrinfo() thread failed to start. See https://curl.se/libcurl/c/libcurl-errors.html first for more details.
Failed to get ticker '119650.KS' reason: Failed to perform, curl: (6) getaddrinfo() thread failed to start. See https://curl.se/libcurl/c/libcurl-errors.html first for more details.
Failed to get ticker '111717.KQ' reason: Failed to perform, curl: (6) getaddrinfo() thread failed to start. See https://curl.se/libcurl/c/libcurl-errors.html first for more details.
Failed to get ticker '120035.KS' reason: Failed to perform, curl: (6) getaddrinfo() thread failed to start. See https://curl.se/libcurl/c/libcurl-errors.html first for more details.
Failed to get ticker '100030.KQ' reason: Failed to perform, curl: (6) getaddrinfo() thread failed to start. See https://curl.se/libcurl/c/libcurl-errors.html first for more details.
Failed to get ticker '100597.KQ' reason: Failed to perform, curl: (6) getaddrinfo() thread failed to start. See https://curl.se/libcurl/c/libcurl-errors.html first for more details.
Failed to get ticker '103590.KS' reason: Failed to perform, curl: (6) Could not resolve host: query2.finance.yahoo.com. See https://curl.se/libcurl/c/libcurl-errors.html first for more details.
Failed to get ticker '102265.KS' reason: Failed to perform, curl: (6) Could not resolve host: query1.finance.yahoo.com. See https://curl.se/libcurl/c/libcurl-errors.html first for more details.
$102265.KS: possibly delisted; no price data found  (period=3mo) (Yahoo error = "No data found, symbol may be delisted")
$108327.KS: possibly delisted; no price data found  (period=3mo) (Yahoo error = "No data found, symbol may be delisted")
$115315.KQ: possibly delisted; no price data found  (period=3mo) (Yahoo error = "No data found, symbol may be delisted")
Failed to get ticker '118000.KS' reason: Failed to perform, curl: (6) getaddrinfo() thread failed to start. See https://curl.se/libcurl/c/libcurl-errors.html first for more details.
Failed to get ticker '122640.KQ' reason: Failed to perform, curl: (6) getaddrinfo() thread failed to start. See https://curl.se/libcurl/c/libcurl-errors.html first for more details.
Failed to get ticker '102940.KQ' reason: Failed to perform, curl: (6) Could not resolve host: query2.finance.yahoo.com. See https://curl.se/libcurl/c/libcurl-errors.html first for more details.
Failed to get ticker '101670.KQ' reason: Failed to perform, curl: (6) Could not resolve host: query2.finance.yahoo.com. See https://curl.se/libcurl/c/libcurl-errors.html first for more details.
Failed to get ticker '105740.KQ' reason: Failed to perform, curl: (6) Could not resolve host: query2.finance.yahoo.com. See https://curl.se/libcurl/c/libcurl-errors.html first for more details.
Failed to get ticker '111715.KQ' reason: Failed to perform, curl: (6) getaddrinfo() thread failed to start. See https://curl.se/libcurl/c/libcurl-errors.html first for more details.
Failed to get ticker '104700.KS' reason: Failed to perform, curl: (6) getaddrinfo() thread failed to start. See https://curl.se/libcurl/c/libcurl-errors.html first for more details.
Failed to get ticker '107590.KS' reason: Failed to perform, curl: (6) Could not resolve host: query2.finance.yahoo.com. See https://curl.se/libcurl/c/libcurl-errors.html first for more details.
Failed to get ticker '109610.KQ' reason: Failed to perform, curl: (6) getaddrinfo() thread failed to start. See https://curl.se/libcurl/c/libcurl-errors.html first for more details.
Failed to get ticker '109080.KQ' reason: Failed to perform, curl: (6) getaddrinfo() thread failed to start. See https://curl.se/libcurl/c/libcurl-errors.html first for more details.
$100705.KQ: possibly delisted; no price data found  (period=3mo) (Yahoo error = "No data found, symbol may be delisted")
$102267.KS: possibly delisted; no price data found  (period=3mo) (Yahoo error = "No data found, symbol may be delisted")
$111719.KQ: possibly delisted; no price data found  (period=3mo) (Yahoo error = "No data found, symbol may be delisted")
$100707.KQ: possibly delisted; no price data found  (period=3mo) (Yahoo error = "No data found, symbol may be delisted")
$120037.KS: possibly delisted; no price data found  (period=3mo) (Yahoo error = "No data found, symbol may be delisted")

87 Failed downloads:
['120110.KS', '109670.KQ', '123040.KQ', '106190.KQ', '100840.KS', '120030.KS', '105330.KQ']: OperationalError('unable to open database file')
['108670.KS', '123010.KQ', '111710.KQ', '108325.KS', '115500.KQ', '115570.KQ', '123425.KQ', '111380.KS', '101530.KS', '104200.KQ', '122350.KQ', '100599.KQ', '115450.KQ', '113810.KQ', '108860.KQ', '104830.KQ', '122870.KQ', '102370.KQ', '109070.KS', '120039.KS', '117730.KQ', '100590.KQ', '10NC.L', '102260.KS', '121890.KQ', '123330.KQ', '102460.KS', '122900.KS', '109860.KQ', '102120.KQ', '108320.KS', '100250.KS', '115160.KQ', '112040.KQ', '101360.KQ', '108329.KS', '100220.KS', '119830.KQ', '115317.KQ', '103230.KQ', '100595.KQ', '107600.KQ', '102269.KS', '100700.KQ', '119610.KQ', '106080.KQ', '117670.KQ', '105550.KQ', '101140.KS', '109740.KQ', '118990.KQ', '111717.KQ', '115440.KQ', '120035.KS', '100030.KQ', '117580.KS', '100597.KQ', '103840.KQ', '103590.KS', '111770.KS', '118000.KS', '102940.KQ', '122640.KQ', '104700.KS', '111715.KQ', '112610.KS', '104540.KQ', '109610.KQ']: TypeError("'NoneType' object is not subscriptable")
['121800.KQ']: possibly delisted; no price data found  (period=3mo)
['100709.KQ', '115319.KQ', '102265.KS', '108327.KS', '115315.KQ', '100705.KQ', '102267.KS', '111719.KQ', '100707.KQ', '120037.KS']: possibly delisted; no price data found  (period=3mo) (Yahoo error = "No data found, symbol may be delisted")
['101160.KQ']: YFRateLimitError('Too Many Requests. Rate limited. Try after a while.')
Failed to get ticker '123860.KQ' reason: Failed to perform, curl: (6) getaddrinfo() thread failed to start. See https://curl.se/libcurl/c/libcurl-errors.html first for more details.
Failed to get ticker '127710.KQ' reason: Failed to perform, curl: (6) Could not resolve host: query2.finance.yahoo.com. See https://curl.se/libcurl/c/libcurl-errors.html first for more details.
Failed to get ticker '148150.KQ' reason: Failed to perform, curl: (6) getaddrinfo() thread failed to start. See https://curl.se/libcurl/c/libcurl-errors.html first for more details.
Failed to get ticker '159010.KQ' reason: Failed to perform, curl: (6) Could not resolve host: query2.finance.yahoo.com. See https://curl.se/libcurl/c/libcurl-errors.html first for more details.
Failed to get ticker '126700.KQ' reason: Failed to perform, curl: (6) Could not resolve host: query2.finance.yahoo.com. See https://curl.se/libcurl/c/libcurl-errors.html first for more details.
Failed to get ticker '130585.KQ' reason: Failed to perform, curl: (6) getaddrinfo() thread failed to start. See https://curl.se/libcurl/c/libcurl-errors.html first for more details.
Failed to get ticker '160190.KQ' reason: Failed to perform, curl: (6) Could not resolve host: query2.finance.yahoo.com. See https://curl.se/libcurl/c/libcurl-errors.html first for more details.
Failed to get ticker '142210.KQ' reason: Failed to perform, curl: (6) getaddrinfo() thread failed to start. See https://curl.se/libcurl/c/libcurl-errors.html first for more details.
Failed to get ticker '123429.KQ' reason: Failed to perform, curl: (6) getaddrinfo() thread failed to start. See https://curl.se/libcurl/c/libcurl-errors.html first for more details.
Failed to get ticker '137315.KS' reason: unable to open database file
$130585.KQ: possibly delisted; no price data found  (period=3mo) (Yahoo error = "No data found, symbol may be delisted")
Failed to get ticker '150900.KQ' reason: Failed to perform, curl: (6) Could not resolve host: query2.finance.yahoo.com. See https://curl.se/libcurl/c/libcurl-errors.html first for more details.
Failed to get ticker '144960.KQ' reason: Failed to perform, curl: (6) Could not resolve host: query2.finance.yahoo.com. See https://curl.se/libcurl/c/libcurl-errors.html first for more details.
Failed to get ticker '143210.KS' reason: Failed to perform, curl: (6) getaddrinfo() thread failed to start. See https://curl.se/libcurl/c/libcurl-errors.html first for more details.
Failed to get ticker '147760.KQ' reason: Failed to perform, curl: (6) Could not resolve host: query2.finance.yahoo.com. See https://curl.se/libcurl/c/libcurl-errors.html first for more details.
Failed to get ticker '149980.KQ' reason: Failed to perform, curl: (6) Could not resolve host: query2.finance.yahoo.com. See https://curl.se/libcurl/c/libcurl-errors.html first for more details.
$137315.KS: possibly delisted; no price data found  (period=3mo) (Yahoo error = "No data found, symbol may be delisted")
Failed to get ticker '146060.KQ' reason: Failed to perform, curl: (6) getaddrinfo() thread failed to start. See https://curl.se/libcurl/c/libcurl-errors.html first for more details.
Failed to get ticker '129920.KQ' reason: Failed to perform, curl: (6) Could not resolve host: query2.finance.yahoo.com. See https://curl.se/libcurl/c/libcurl-errors.html first for more details.
Failed to get ticker '123690.KS' reason: Failed to perform, curl: (6) Could not resolve host: query2.finance.yahoo.com. See https://curl.se/libcurl/c/libcurl-errors.html first for more details.
Failed to get ticker '146320.KQ' reason: Failed to perform, curl: (6) Could not resolve host: query2.finance.yahoo.com. See https://curl.se/libcurl/c/libcurl-errors.html first for more details.
Failed to get ticker '131100.KQ' reason: Failed to perform, curl: (6) Could not resolve host: query2.finance.yahoo.com. See https://curl.se/libcurl/c/libcurl-errors.html first for more details.
Failed to get ticker '127120.KQ' reason: Failed to perform, curl: (6) getaddrinfo() thread failed to start. See https://curl.se/libcurl/c/libcurl-errors.html first for more details.
Failed to get ticker '123750.KQ' reason: Failed to perform, curl: (6) Could not resolve host: query2.finance.yahoo.com. See https://curl.se/libcurl/c/libcurl-errors.html first for more details.
Failed to get ticker '129260.KS' reason: Failed to perform, curl: (6) Could not resolve host: query2.finance.yahoo.com. See https://curl.se/libcurl/c/libcurl-errors.html first for more details.
Failed to get ticker '145990.KS' reason: Failed to perform, curl: (6) getaddrinfo() thread failed to start. See https://curl.se/libcurl/c/libcurl-errors.html first for more details.
Failed to get ticker '138490.KS' reason: Failed to perform, curl: (77) error setting certificate verify locations:  CAfile: /Users/ajay/Library/Python/3.9/lib/python/site-packages/certifi/cacert.pem CApath: none. See https://curl.se/libcurl/c/libcurl-errors.html first for more details.
Failed to get ticker '134790.KS' reason: Failed to perform, curl: (6) getaddrinfo() thread failed to start. See https://curl.se/libcurl/c/libcurl-errors.html first for more details.
Failed to get ticker '139990.KS' reason: Failed to perform, curl: (6) getaddrinfo() thread failed to start. See https://curl.se/libcurl/c/libcurl-errors.html first for more details.
Failed to get ticker '136549.KQ' reason: Failed to perform, curl: (6) Could not resolve host: query2.finance.yahoo.com. See https://curl.se/libcurl/c/libcurl-errors.html first for more details.
Failed to get ticker '160980.KQ' reason: Failed to perform, curl: (6) Could not resolve host: query2.finance.yahoo.com. See https://curl.se/libcurl/c/libcurl-errors.html first for more details.
Failed to get ticker '123705.KS' reason: Failed to perform, curl: (6) Could not resolve host: query2.finance.yahoo.com. See https://curl.se/libcurl/c/libcurl-errors.html first for more details.
Failed to get ticker '131090.KQ' reason: Failed to perform, curl: (6) Could not resolve host: query2.finance.yahoo.com. See https://curl.se/libcurl/c/libcurl-errors.html first for more details.
Failed to get ticker '155660.KS' reason: Failed to perform, curl: (6) Could not resolve host: query2.finance.yahoo.com. See https://curl.se/libcurl/c/libcurl-errors.html first for more details.
Failed to get ticker '143540.KQ' reason: Failed to perform, curl: (6) Could not resolve host: query2.finance.yahoo.com. See https://curl.se/libcurl/c/libcurl-errors.html first for more details.
Failed to get ticker '136480.KQ' reason: Failed to perform, curl: (6) getaddrinfo() thread failed to start. See https://curl.se/libcurl/c/libcurl-errors.html first for more details.
Failed to get ticker '140860.KQ' reason: Failed to perform, curl: (6) getaddrinfo() thread failed to start. See https://curl.se/libcurl/c/libcurl-errors.html first for more details.
Failed to get ticker '130660.KS' reason: Failed to perform, curl: (6) Could not resolve host: query2.finance.yahoo.com. See https://curl.se/libcurl/c/libcurl-errors.html first for more details.
Failed to get ticker '140410.KQ' reason: Failed to perform, curl: (6) Could not resolve host: query2.finance.yahoo.com. See https://curl.se/libcurl/c/libcurl-errors.html first for more details.
Failed to get ticker '123427.KQ' reason: Failed to perform, curl: (6) getaddrinfo() thread failed to start. See https://curl.se/libcurl/c/libcurl-errors.html first for more details.
$138490.KS: possibly delisted; no price data found  (period=3mo) (Yahoo error = "No data found, symbol may be delisted")
Failed to get ticker '131370.KQ' reason: Failed to perform, curl: (6) Could not resolve host: query2.finance.yahoo.com. See https://curl.se/libcurl/c/libcurl-errors.html first for more details.
Failed to get ticker '142280.KQ' reason: Failed to perform, curl: (6) getaddrinfo() thread failed to start. See https://curl.se/libcurl/c/libcurl-errors.html first for more details.
Failed to get ticker '131400.KQ' reason: Failed to perform, curl: (6) getaddrinfo() thread failed to start. See https://curl.se/libcurl/c/libcurl-errors.html first for more details.
Failed to get ticker '137317.KS' reason: Failed to perform, curl: (6) getaddrinfo() thread failed to start. See https://curl.se/libcurl/c/libcurl-errors.html first for more details.
$136549.KQ: possibly delisted; no price data found  (period=3mo) (Yahoo error = "No data found, symbol may be delisted")
$136545.KQ: possibly delisted; no price data found  (period=3mo) (Yahoo error = "No data found, symbol may be delisted")
$143169.KQ: possibly delisted; no price data found  (period=3mo) (Yahoo error = "No data found, symbol may be delisted")
Failed to get ticker '123840.KQ' reason: Failed to perform, curl: (6) getaddrinfo() thread failed to start. See https://curl.se/libcurl/c/libcurl-errors.html first for more details.
Failed to get ticker '131290.KQ' reason: Failed to perform, curl: (6) Could not resolve host: query2.finance.yahoo.com. See https://curl.se/libcurl/c/libcurl-errors.html first for more details.
Failed to get ticker '133820.KS' reason: Failed to perform, curl: (6) getaddrinfo() thread failed to start. See https://curl.se/libcurl/c/libcurl-errors.html first for more details.
$137317.KS: possibly delisted; no price data found  (period=3mo) (Yahoo error = "No data found, symbol may be delisted")
Failed to get ticker '140430.KQ' reason: Failed to perform, curl: (6) getaddrinfo() thread failed to start. See https://curl.se/libcurl/c/libcurl-errors.html first for more details.
Failed to get ticker '138610.KQ' reason: Failed to perform, curl: (6) getaddrinfo() thread failed to start. See https://curl.se/libcurl/c/libcurl-errors.html first for more details.
Failed to get ticker '134580.KQ' reason: Failed to perform, curl: (6) getaddrinfo() thread failed to start. See https://curl.se/libcurl/c/libcurl-errors.html first for more details.
Failed to get ticker '153460.KQ' reason: Failed to perform, curl: (6) Could not resolve host: query2.finance.yahoo.com. See https://curl.se/libcurl/c/libcurl-errors.html first for more details.
Failed to get ticker '159910.KQ' reason: Failed to perform, curl: (6) getaddrinfo() thread failed to start. See https://curl.se/libcurl/c/libcurl-errors.html first for more details.
Failed to get ticker '136150.KQ' reason: Failed to perform, curl: (6) Could not resolve host: query2.finance.yahoo.com. See https://curl.se/libcurl/c/libcurl-errors.html first for more details.
Failed to get ticker '130589.KQ' reason: Failed to perform, curl: (6) getaddrinfo() thread failed to start. See https://curl.se/libcurl/c/libcurl-errors.html first for more details.
Failed to get ticker '125490.KQ' reason: Failed to perform, curl: (77) error setting certificate verify locations:  CAfile: /Users/ajay/Library/Python/3.9/lib/python/site-packages/certifi/cacert.pem CApath: none. See https://curl.se/libcurl/c/libcurl-errors.html first for more details.
Failed to get ticker '137319.KS' reason: Failed to perform, curl: (6) getaddrinfo() thread failed to start. See https://curl.se/libcurl/c/libcurl-errors.html first for more details.
Failed to get ticker '136547.KQ' reason: Failed to perform, curl: (77) error setting certificate verify locations:  CAfile: /Users/ajay/Library/Python/3.9/lib/python/site-packages/certifi/cacert.pem CApath: none. See https://curl.se/libcurl/c/libcurl-errors.html first for more details.
Failed to get ticker '144510.KQ' reason: Failed to perform, curl: (77) error setting certificate verify locations:  CAfile: /Users/ajay/Library/Python/3.9/lib/python/site-packages/certifi/cacert.pem CApath: none. See https://curl.se/libcurl/c/libcurl-errors.html first for more details.
Failed to get ticker '155650.KQ' reason: Failed to perform, curl: (6) Could not resolve host: query2.finance.yahoo.com. See https://curl.se/libcurl/c/libcurl-errors.html first for more details.
Failed to get ticker '130587.KQ' reason: Failed to perform, curl: (6) Could not resolve host: query2.finance.yahoo.com. See https://curl.se/libcurl/c/libcurl-errors.html first for more details.
Failed to get ticker '147830.KQ' reason: Failed to perform, curl: (6) getaddrinfo() thread failed to start. See https://curl.se/libcurl/c/libcurl-errors.html first for more details.
Failed to get ticker '133750.KQ' reason: Failed to perform, curl: (77) error setting certificate verify locations:  CAfile: /Users/ajay/Library/Python/3.9/lib/python/site-packages/certifi/cacert.pem CApath: none. See https://curl.se/libcurl/c/libcurl-errors.html first for more details.
Failed to get ticker '131970.KQ' reason: Failed to perform, curl: (6) getaddrinfo() thread failed to start. See https://curl.se/libcurl/c/libcurl-errors.html first for more details.
Failed to get ticker '128820.KS' reason: Failed to perform, curl: (6) getaddrinfo() thread failed to start. See https://curl.se/libcurl/c/libcurl-errors.html first for more details.
Failed to get ticker '136410.KQ' reason: Failed to perform, curl: (6) Could not resolve host: query2.finance.yahoo.com. See https://curl.se/libcurl/c/libcurl-errors.html first for more details.
Failed to get ticker '140670.KQ' reason: Failed to perform, curl: (6) Could not resolve host: query2.finance.yahoo.com. See https://curl.se/libcurl/c/libcurl-errors.html first for more details.
Failed to get ticker '143165.KQ' reason: Failed to perform, curl: (6) getaddrinfo() thread failed to start. See https://curl.se/libcurl/c/libcurl-errors.html first for more details.
Failed to get ticker '137080.KQ' reason: Failed to perform, curl: (6) getaddrinfo() thread failed to start. See https://curl.se/libcurl/c/libcurl-errors.html first for more details.
$136547.KQ: possibly delisted; no price data found  (period=3mo) (Yahoo error = "No data found, symbol may be delisted")
$139050.KQ: possibly delisted; no price data found  (period=3mo) (Yahoo error = "No data found, symbol may be delisted")
$143167.KQ: possibly delisted; no price data found  (period=3mo) (Yahoo error = "No data found, symbol may be delisted")

100 Failed downloads:
['123860.KQ', '127710.KQ', '148150.KQ', '159010.KQ', '137940.KQ', '126700.KQ', '1443.T', '160190.KQ', '142210.KQ', '123429.KQ', '136540.KQ', '1515.T', '142A.T', '156100.KQ', '145270.KS', '143210.KS', '147760.KQ', '150900.KQ', '149980.KQ', '137400.KQ', '129920.KQ', '146060.KQ', '123690.KS', '147A.T', '131100.KQ', '140070.KQ', '1491.T', '145020.KQ', '158430.KQ', '1447.T', '1379.T', '126730.KQ', '126880.KQ', '134380.KS', '127120.KQ', '129260.KS', '145990.KS', '131220.KQ', '126560.KS', '1375.T', '1384.T', '131760.KQ', '123705.KS', '155660.KS', '143540.KQ', '136480.KQ', '160980.KQ', '130660.KS', '140410.KQ', '123427.KQ', '138360.KQ', '130580.KQ', '137310.KS', '124500.KQ', '143A.T', '131370.KQ', '130500.KQ', '142280.KQ', '131400.KQ', '131290.KQ', '145720.KS', '140430.KQ', '138610.KQ', '153460.KQ', '134580.KQ', '159910.KQ', '136150.KQ', '130589.KQ', '126600.KQ', '137319.KS', '123709.KS', '123700.KS', '126720.KS', '131030.KQ', '147830.KQ', '149950.KQ', '130740.KQ', '130587.KQ', '131970.KQ', '136490.KS', '128820.KS', '126640.KQ', '136410.KQ', '140670.KQ', '143165.KQ', '137080.KQ']: TypeError("'NoneType' object is not subscriptable")
['130585.KQ', '137315.KS', '138490.KS', '136549.KQ', '136545.KQ', '143169.KQ', '137317.KS', '136547.KQ', '139050.KQ', '143167.KQ']: possibly delisted; no price data found  (period=3mo) (Yahoo error = "No data found, symbol may be delisted")
['123707.KS', '131180.KQ', '123570.KQ', '140520.KQ']: OperationalError('unable to open database file')
Failed to get ticker '196490.KQ' reason: Failed to perform, curl: (6) Could not resolve host: query2.finance.yahoo.com. See https://curl.se/libcurl/c/libcurl-errors.html first for more details.
Failed to get ticker '171125.KQ' reason: Failed to perform, curl: (77) error setting certificate verify locations:  CAfile: /Users/ajay/Library/Python/3.9/lib/python/site-packages/certifi/cacert.pem CApath: none. See https://curl.se/libcurl/c/libcurl-errors.html first for more details.
Failed to get ticker '177350.KQ' reason: Failed to perform, curl: (77) error setting certificate verify locations:  CAfile: /Users/ajay/Library/Python/3.9/lib/python/site-packages/certifi/cacert.pem CApath: none. See https://curl.se/libcurl/c/libcurl-errors.html first for more details.
Failed to get ticker '177830.KQ' reason: Failed to perform, curl: (6) getaddrinfo() thread failed to start. See https://curl.se/libcurl/c/libcurl-errors.html first for more details.
Failed to get ticker '163730.KQ' reason: Failed to perform, curl: (6) Could not resolve host: query2.finance.yahoo.com. See https://curl.se/libcurl/c/libcurl-errors.html first for more details.
Failed to get ticker '1892.T' reason: Failed to perform, curl: (6) Could not resolve host: query2.finance.yahoo.com. See https://curl.se/libcurl/c/libcurl-errors.html first for more details.
Failed to get ticker '183300.KQ' reason: Failed to perform, curl: (6) getaddrinfo() thread failed to start. See https://curl.se/libcurl/c/libcurl-errors.html first for more details.
Failed to get ticker '189300.KQ' reason: Failed to perform, curl: (6) getaddrinfo() thread failed to start. See https://curl.se/libcurl/c/libcurl-errors.html first for more details.
Failed to get ticker '1869.T' reason: Failed to perform, curl: (6) getaddrinfo() thread failed to start. See https://curl.se/libcurl/c/libcurl-errors.html first for more details.
Failed to get ticker '172670.KQ' reason: Failed to perform, curl: (6) Could not resolve host: query2.finance.yahoo.com. See https://curl.se/libcurl/c/libcurl-errors.html first for more details.
Failed to get ticker '192445.KQ' reason: unable to open database file
Failed to get ticker '192449.KQ' reason: Failed to perform, curl: (6) getaddrinfo() thread failed to start. See https://curl.se/libcurl/c/libcurl-errors.html first for more details.
$171125.KQ: possibly delisted; no price data found  (period=3mo) (Yahoo error = "No data found, symbol may be delisted")
Failed to get ticker '189690.KQ' reason: Failed to perform, curl: (6) Could not resolve host: query2.finance.yahoo.com. See https://curl.se/libcurl/c/libcurl-errors.html first for more details.
Failed to get ticker '198085.KQ' reason: Failed to perform, curl: (6) Could not resolve host: query2.finance.yahoo.com. See https://curl.se/libcurl/c/libcurl-errors.html first for more details.
Failed to get ticker '189860.KQ' reason: Failed to perform, curl: (6) Could not resolve host: query2.finance.yahoo.com. See https://curl.se/libcurl/c/libcurl-errors.html first for more details.
$192449.KQ: possibly delisted; no price data found  (period=3mo) (Yahoo error = "No data found, symbol may be delisted")
$192445.KQ: possibly delisted; no price data found  (period=3mo) (Yahoo error = "No data found, symbol may be delisted")
Failed to get ticker '161580.KQ' reason: Failed to perform, curl: (6) getaddrinfo() thread failed to start. See https://curl.se/libcurl/c/libcurl-errors.html first for more details.
Failed to get ticker '171090.KQ' reason: Failed to perform, curl: (6) Could not resolve host: query2.finance.yahoo.com. See https://curl.se/libcurl/c/libcurl-errors.html first for more details.
Failed to get ticker '161390.KS' reason: Failed to perform, curl: (6) getaddrinfo() thread failed to start. See https://curl.se/libcurl/c/libcurl-errors.html first for more details.
Failed to get ticker '170900.KS' reason: Failed to perform, curl: (6) getaddrinfo() thread failed to start. See https://curl.se/libcurl/c/libcurl-errors.html first for more details.
Failed to get ticker '194480.KQ' reason: Failed to perform, curl: (6) getaddrinfo() thread failed to start. See https://curl.se/libcurl/c/libcurl-errors.html first for more details.
Failed to get ticker '173130.KQ' reason: Failed to perform, curl: (6) getaddrinfo() thread failed to start. See https://curl.se/libcurl/c/libcurl-errors.html first for more details.
Failed to get ticker '177900.KQ' reason: Failed to perform, curl: (6) getaddrinfo() thread failed to start. See https://curl.se/libcurl/c/libcurl-errors.html first for more details.
Failed to get ticker '170797.KQ' reason: Failed to perform, curl: (6) getaddrinfo() thread failed to start. See https://curl.se/libcurl/c/libcurl-errors.html first for more details.
Failed to get ticker '169330.KQ' reason: Failed to perform, curl: (6) getaddrinfo() thread failed to start. See https://curl.se/libcurl/c/libcurl-errors.html first for more details.
Failed to get ticker '188040.KQ' reason: Failed to perform, curl: (6) getaddrinfo() thread failed to start. See https://curl.se/libcurl/c/libcurl-errors.html first for more details.
Failed to get ticker '198087.KQ' reason: unable to open database file
Failed to get ticker '185750.KS' reason: Failed to perform, curl: (6) getaddrinfo() thread failed to start. See https://curl.se/libcurl/c/libcurl-errors.html first for more details.
Failed to get ticker '175140.KQ' reason: Failed to perform, curl: (6) Could not resolve host: query2.finance.yahoo.com. See https://curl.se/libcurl/c/libcurl-errors.html first for more details.
Failed to get ticker '192650.KS' reason: Failed to perform, curl: (6) Could not resolve host: query2.finance.yahoo.com. See https://curl.se/libcurl/c/libcurl-errors.html first for more details.
Failed to get ticker '192080.KS' reason: Failed to perform, curl: (6) getaddrinfo() thread failed to start. See https://curl.se/libcurl/c/libcurl-errors.html first for more details.
Failed to get ticker '195500.KQ' reason: Failed to perform, curl: (6) getaddrinfo() thread failed to start. See https://curl.se/libcurl/c/libcurl-errors.html first for more details.
Failed to get ticker '174900.KQ' reason: Failed to perform, curl: (6) getaddrinfo() thread failed to start. See https://curl.se/libcurl/c/libcurl-errors.html first for more details.
Failed to get ticker '182400.KQ' reason: Failed to perform, curl: (6) getaddrinfo() thread failed to start. See https://curl.se/libcurl/c/libcurl-errors.html first for more details.
Failed to get ticker '181710.KS' reason: Failed to perform, curl: (6) Could not resolve host: query2.finance.yahoo.com. See https://curl.se/libcurl/c/libcurl-errors.html first for more details.
Failed to get ticker '189330.KQ' reason: Failed to perform, curl: (6) getaddrinfo() thread failed to start. See https://curl.se/libcurl/c/libcurl-errors.html first for more details.
Failed to get ticker '187220.KQ' reason: Failed to perform, curl: (6) getaddrinfo() thread failed to start. See https://curl.se/libcurl/c/libcurl-errors.html first for more details.
Failed to get ticker '166090.KQ' reason: Failed to perform, curl: (6) getaddrinfo() thread failed to start. See https://curl.se/libcurl/c/libcurl-errors.html first for more details.
Failed to get ticker '171127.KQ' reason: Failed to perform, curl: (6) Could not resolve host: query2.finance.yahoo.com. See https://curl.se/libcurl/c/libcurl-errors.html first for more details.
$1832.T: possibly delisted; no price data found  (period=3mo) (Yahoo error = "No data found, symbol may be delisted")
Failed to get ticker '196450.KQ' reason: Failed to perform, curl: (6) getaddrinfo() thread failed to start. See https://curl.se/libcurl/c/libcurl-errors.html first for more details.
Failed to get ticker '190510.KQ' reason: Failed to perform, curl: (6) Could not resolve host: query2.finance.yahoo.com. See https://curl.se/libcurl/c/libcurl-errors.html first for more details.
Failed to get ticker '194700.KQ' reason: Failed to perform, curl: (6) Could not resolve host: query2.finance.yahoo.com. See https://curl.se/libcurl/c/libcurl-errors.html first for more details.
Failed to get ticker '161000.KS' reason: Failed to perform, curl: (6) getaddrinfo() thread failed to start. See https://curl.se/libcurl/c/libcurl-errors.html first for more details.
Failed to get ticker '170799.KQ' reason: Failed to perform, curl: (6) Could not resolve host: query1.finance.yahoo.com. See https://curl.se/libcurl/c/libcurl-errors.html first for more details.
Failed to get ticker '197140.KQ' reason: Failed to perform, curl: (6) getaddrinfo() thread failed to start. See https://curl.se/libcurl/c/libcurl-errors.html first for more details.
$170795.KQ: possibly delisted; no price data found  (period=3mo) (Yahoo error = "No data found, symbol may be delisted")
$171129.KQ: possibly delisted; no price data found  (period=3mo) (Yahoo error = "No data found, symbol may be delisted")

100 Failed downloads:
['196490.KQ', '1951.T', '178920.KS', '170790.KQ', '173940.KQ', '177830.KQ', '177350.KQ', '191410.KQ', '1892.T', '163730.KQ', '1870.T', '1926.T', '180400.KQ', '195A.T', '1808.T', '189300.KQ', '1869.T', '172670.KQ', '1882.T', '1866.T', '198085.KQ', '189860.KQ', '189690.KQ', '1828.T', '170920.KQ', '1822.T', '1929.T', '187270.KQ', '171090.KQ', '161390.KS', '1719.T', '1945.T', '1905.T', '170900.KS', '1930.T', '194480.KQ', '173130.KQ', '192390.KQ', '170797.KQ', '166480.KQ', '177900.KQ', '1810.T', '187790.KQ', '169330.KQ', '1888.T', '1802.T', '1807.T', '188040.KQ', '176750.KQ', '1968.T', '198087.KQ', '177A.T', '187420.KQ', '1826.T', '185750.KS', '1934.T', '175140.KQ', '182400.KQ', '174900.KQ', '1959.T', '1811.T', '1812.T', '1909.T', '196300.KQ', '192440.KQ', '1921.T', '181710.KS', '1878.T', '187220.KQ', '189330.KQ', '1975.T', '166090.KQ', '171127.KQ', '196450.KQ', '187660.KQ', '190510.KQ', '1961.T', '1827.T', '1867.T', '194700.KQ', '161000.KS', '195990.KQ', '192400.KS', '1780.T', '170799.KQ', '1799.T', '1723.T', '1861.T', '1815.T']: TypeError("'NoneType' object is not subscriptable")
['171125.KQ', '192449.KQ', '192445.KQ', '1832.T', '170795.KQ', '171129.KQ']: possibly delisted; no price data found  (period=3mo) (Yahoo error = "No data found, symbol may be delisted")
['1814.T', '196170.KQ', '193250.KQ', '195870.KS', '192447.KQ']: OperationalError('unable to open database file')
Failed to get ticker '208370.KQ' reason: Failed to perform, curl: (6) getaddrinfo() thread failed to start. See https://curl.se/libcurl/c/libcurl-errors.html first for more details.
Failed to get ticker '206650.KQ' reason: Failed to perform, curl: (6) getaddrinfo() thread failed to start. See https://curl.se/libcurl/c/libcurl-errors.html first for more details.
Failed to get ticker '198440.KQ' reason: Failed to perform, curl: (6) Could not resolve host: query2.finance.yahoo.com. See https://curl.se/libcurl/c/libcurl-errors.html first for more details.
Failed to get ticker '2218.T' reason: Failed to perform, curl: (6) Could not resolve host: query2.finance.yahoo.com. See https://curl.se/libcurl/c/libcurl-errors.html first for more details.
Failed to get ticker '210545.KS' reason: Failed to perform, curl: (6) getaddrinfo() thread failed to start. See https://curl.se/libcurl/c/libcurl-errors.html first for more details.
Failed to get ticker '215100.KQ' reason: Failed to perform, curl: (6) Could not resolve host: query2.finance.yahoo.com. See https://curl.se/libcurl/c/libcurl-errors.html first for more details.
Failed to get ticker '200470.KQ' reason: Failed to perform, curl: (6) getaddrinfo() thread failed to start. See https://curl.se/libcurl/c/libcurl-errors.html first for more details.
Failed to get ticker '199800.KQ' reason: Failed to perform, curl: (6) Could not resolve host: query2.finance.yahoo.com. See https://curl.se/libcurl/c/libcurl-errors.html first for more details.
Failed to get ticker '222800.KQ' reason: Failed to perform, curl: (6) getaddrinfo() thread failed to start. See https://curl.se/libcurl/c/libcurl-errors.html first for more details.
Failed to get ticker '215009.KQ' reason: Failed to perform, curl: (6) Could not resolve host: query1.finance.yahoo.com. See https://curl.se/libcurl/c/libcurl-errors.html first for more details.
Failed to get ticker '217820.KQ' reason: Failed to perform, curl: (6) getaddrinfo() thread failed to start. See https://curl.se/libcurl/c/libcurl-errors.html first for more details.
Failed to get ticker '210120.KQ' reason: Failed to perform, curl: (6) getaddrinfo() thread failed to start. See https://curl.se/libcurl/c/libcurl-errors.html first for more details.
Failed to get ticker '215790.KQ' reason: Failed to perform, curl: (6) getaddrinfo() thread failed to start. See https://curl.se/libcurl/c/libcurl-errors.html first for more details.
Failed to get ticker '214327.KS' reason: Failed to perform, curl: (6) Could not resolve host: query2.finance.yahoo.com. See https://curl.se/libcurl/c/libcurl-errors.html first for more details.
Failed to get ticker '200880.KS' reason: Failed to perform, curl: (6) Could not resolve host: query2.finance.yahoo.com. See https://curl.se/libcurl/c/libcurl-errors.html first for more details.
Failed to get ticker '205100.KQ' reason: Failed to perform, curl: (6) getaddrinfo() thread failed to start. See https://curl.se/libcurl/c/libcurl-errors.html first for more details.
Failed to get ticker '214325.KS' reason: Failed to perform, curl: (6) getaddrinfo() thread failed to start. See https://curl.se/libcurl/c/libcurl-errors.html first for more details.
Failed to get ticker '206560.KQ' reason: Failed to perform, curl: (6) Could not resolve host: query2.finance.yahoo.com. See https://curl.se/libcurl/c/libcurl-errors.html first for more details.
Failed to get ticker '216057.KQ' reason: Failed to perform, curl: (6) getaddrinfo() thread failed to start. See https://curl.se/libcurl/c/libcurl-errors.html first for more details.
Failed to get ticker '199550.KQ' reason: Failed to perform, curl: (6) getaddrinfo() thread failed to start. See https://curl.se/libcurl/c/libcurl-errors.html first for more details.
Failed to get ticker '222420.KQ' reason: Failed to perform, curl: (6) getaddrinfo() thread failed to start. See https://curl.se/libcurl/c/libcurl-errors.html first for more details.
Failed to get ticker '208640.KQ' reason: Failed to perform, curl: (6) Could not resolve host: query2.finance.yahoo.com. See https://curl.se/libcurl/c/libcurl-errors.html first for more details.
Failed to get ticker '199820.KQ' reason: Failed to perform, curl: (77) error setting certificate verify locations:  CAfile: /Users/ajay/Library/Python/3.9/lib/python/site-packages/certifi/cacert.pem CApath: none. See https://curl.se/libcurl/c/libcurl-errors.html first for more details.
Failed to get ticker '203650.KQ' reason: Failed to perform, curl: (6) getaddrinfo() thread failed to start. See https://curl.se/libcurl/c/libcurl-errors.html first for more details.
Failed to get ticker '199730.KQ' reason: Failed to perform, curl: (6) Could not resolve host: query2.finance.yahoo.com. See https://curl.se/libcurl/c/libcurl-errors.html first for more details.
Failed to get ticker '215360.KQ' reason: Failed to perform, curl: (6) Could not resolve host: query2.finance.yahoo.com. See https://curl.se/libcurl/c/libcurl-errors.html first for more details.
Failed to get ticker '2137.T' reason: Failed to perform, curl: (6) Could not resolve host: query1.finance.yahoo.com. See https://curl.se/libcurl/c/libcurl-errors.html first for more details.
Failed to get ticker '199430.KQ' reason: Failed to perform, curl: (6) getaddrinfo() thread failed to start. See https://curl.se/libcurl/c/libcurl-errors.html first for more details.
Failed to get ticker '213420.KQ' reason: Failed to perform, curl: (6) getaddrinfo() thread failed to start. See https://curl.se/libcurl/c/libcurl-errors.html first for more details.
Failed to get ticker '214420.KS' reason: Failed to perform, curl: (6) Could not resolve host: query2.finance.yahoo.com. See https://curl.se/libcurl/c/libcurl-errors.html first for more details.
Failed to get ticker '217480.KQ' reason: Failed to perform, curl: (6) getaddrinfo() thread failed to start. See https://curl.se/libcurl/c/libcurl-errors.html first for more details.
Failed to get ticker '218150.KQ' reason: Failed to perform, curl: (6) getaddrinfo() thread failed to start. See https://curl.se/libcurl/c/libcurl-errors.html first for more details.
Failed to get ticker '214610.KQ' reason: Failed to perform, curl: (6) getaddrinfo() thread failed to start. See https://curl.se/libcurl/c/libcurl-errors.html first for more details.
Failed to get ticker '207940.KS' reason: Failed to perform, curl: (6) getaddrinfo() thread failed to start. See https://curl.se/libcurl/c/libcurl-errors.html first for more details.
Failed to get ticker '210549.KS' reason: Failed to perform, curl: (6) getaddrinfo() thread failed to start. See https://curl.se/libcurl/c/libcurl-errors.html first for more details.
Failed to get ticker '215005.KQ' reason: Failed to perform, curl: (6) Could not resolve host: query2.finance.yahoo.com. See https://curl.se/libcurl/c/libcurl-errors.html first for more details.
Failed to get ticker '204020.KQ' reason: Failed to perform, curl: (6) getaddrinfo() thread failed to start. See https://curl.se/libcurl/c/libcurl-errors.html first for more details.
$2137.T: possibly delisted; no price data found  (period=3mo) (Yahoo error = "No data found, symbol may be delisted")
$214327.KS: possibly delisted; no price data found  (period=3mo) (Yahoo error = "No data found, symbol may be delisted")
Failed to get ticker '205475.KQ' reason: Failed to perform, curl: (6) getaddrinfo() thread failed to start. See https://curl.se/libcurl/c/libcurl-errors.html first for more details.
Failed to get ticker '216055.KQ' reason: Failed to perform, curl: (6) getaddrinfo() thread failed to start. See https://curl.se/libcurl/c/libcurl-errors.html first for more details.
Failed to get ticker '216080.KQ' reason: Failed to perform, curl: (6) getaddrinfo() thread failed to start. See https://curl.se/libcurl/c/libcurl-errors.html first for more details.
Failed to get ticker '214270.KQ' reason: Failed to perform, curl: (6) Could not resolve host: query2.finance.yahoo.com. See https://curl.se/libcurl/c/libcurl-errors.html first for more details.
Failed to get ticker '198089.KQ' reason: Failed to perform, curl: (6) Could not resolve host: query2.finance.yahoo.com. See https://curl.se/libcurl/c/libcurl-errors.html first for more details.
Failed to get ticker '208350.KQ' reason: Failed to perform, curl: (6) getaddrinfo() thread failed to start. See https://curl.se/libcurl/c/libcurl-errors.html first for more details.
Failed to get ticker '200350.KQ' reason: Failed to perform, curl: (77) error setting certificate verify locations:  CAfile: /Users/ajay/Library/Python/3.9/lib/python/site-packages/certifi/cacert.pem CApath: none. See https://curl.se/libcurl/c/libcurl-errors.html first for more details.
Failed to get ticker '214370.KQ' reason: Failed to perform, curl: (6) getaddrinfo() thread failed to start. See https://curl.se/libcurl/c/libcurl-errors.html first for more details.
Failed to get ticker '214185.KQ' reason: Failed to perform, curl: (6) Could not resolve host: query2.finance.yahoo.com. See https://curl.se/libcurl/c/libcurl-errors.html first for more details.
Failed to get ticker '220100.KQ' reason: Failed to perform, curl: (6) getaddrinfo() thread failed to start. See https://curl.se/libcurl/c/libcurl-errors.html first for more details.
Failed to get ticker '205477.KQ' reason: Failed to perform, curl: (6) getaddrinfo() thread failed to start. See https://curl.se/libcurl/c/libcurl-errors.html first for more details.
Failed to get ticker '201495.KQ' reason: Failed to perform, curl: (6) getaddrinfo() thread failed to start. See https://curl.se/libcurl/c/libcurl-errors.html first for more details.
Failed to get ticker '220260.KQ' reason: Failed to perform, curl: (6) getaddrinfo() thread failed to start. See https://curl.se/libcurl/c/libcurl-errors.html first for more details.
Failed to get ticker '200130.KQ' reason: Failed to perform, curl: (6) Could not resolve host: query2.finance.yahoo.com. See https://curl.se/libcurl/c/libcurl-errors.html first for more details.
Failed to get ticker '201499.KQ' reason: Failed to perform, curl: (6) Could not resolve host: query2.finance.yahoo.com. See https://curl.se/libcurl/c/libcurl-errors.html first for more details.
Failed to get ticker '204840.KQ' reason: Failed to perform, curl: (6) getaddrinfo() thread failed to start. See https://curl.se/libcurl/c/libcurl-errors.html first for more details.
Failed to get ticker '205479.KQ' reason: Failed to perform, curl: (6) Could not resolve host: query2.finance.yahoo.com. See https://curl.se/libcurl/c/libcurl-errors.html first for more details.
Failed to get ticker '219750.KQ' reason: Failed to perform, curl: (6) Could not resolve host: query2.finance.yahoo.com. See https://curl.se/libcurl/c/libcurl-errors.html first for more details.
Failed to get ticker '221840.KQ' reason: Failed to perform, curl: (6) Could not resolve host: query2.finance.yahoo.com. See https://curl.se/libcurl/c/libcurl-errors.html first for more details.
Failed to get ticker '212560.KQ' reason: Failed to perform, curl: (6) getaddrinfo() thread failed to start. See https://curl.se/libcurl/c/libcurl-errors.html first for more details.
Failed to get ticker '221800.KQ' reason: Failed to perform, curl: (6) getaddrinfo() thread failed to start. See https://curl.se/libcurl/c/libcurl-errors.html first for more details.
Failed to get ticker '214330.KS' reason: Failed to perform, curl: (6) Could not resolve host: query2.finance.yahoo.com. See https://curl.se/libcurl/c/libcurl-errors.html first for more details.
Failed to get ticker '214187.KQ' reason: Failed to perform, curl: (6) Could not resolve host: query2.finance.yahoo.com. See https://curl.se/libcurl/c/libcurl-errors.html first for more details.
Failed to get ticker '201497.KQ' reason: Failed to perform, curl: (6) getaddrinfo() thread failed to start. See https://curl.se/libcurl/c/libcurl-errors.html first for more details.
Failed to get ticker '215380.KQ' reason: Failed to perform, curl: (6) getaddrinfo() thread failed to start. See https://curl.se/libcurl/c/libcurl-errors.html first for more details.
Failed to get ticker '204210.KS' reason: Failed to perform, curl: (6) getaddrinfo() thread failed to start. See https://curl.se/libcurl/c/libcurl-errors.html first for more details.
Failed to get ticker '215007.KQ' reason: Failed to perform, curl: (6) getaddrinfo() thread failed to start. See https://curl.se/libcurl/c/libcurl-errors.html first for more details.
Failed to get ticker '215600.KQ' reason: Failed to perform, curl: (6) getaddrinfo() thread failed to start. See https://curl.se/libcurl/c/libcurl-errors.html first for more details.
Failed to get ticker '216059.KQ' reason: Failed to perform, curl: (6) Could not resolve host: query2.finance.yahoo.com. See https://curl.se/libcurl/c/libcurl-errors.html first for more details.
Failed to get ticker '204320.KS' reason: Failed to perform, curl: (6) getaddrinfo() thread failed to start. See https://curl.se/libcurl/c/libcurl-errors.html first for more details.
Failed to get ticker '219420.KQ' reason: Failed to perform, curl: (6) getaddrinfo() thread failed to start. See https://curl.se/libcurl/c/libcurl-errors.html first for more details.
Failed to get ticker '2058.T' reason: Failed to perform, curl: (6) getaddrinfo() thread failed to start. See https://curl.se/libcurl/c/libcurl-errors.html first for more details.
Failed to get ticker '217500.KQ' reason: Failed to perform, curl: (6) getaddrinfo() thread failed to start. See https://curl.se/libcurl/c/libcurl-errors.html first for more details.
$215007.KQ: possibly delisted; no price data found  (period=3mo) (Yahoo error = "No data found, symbol may be delisted")

128 Failed downloads:
['208370.KQ', '206650.KQ', '206400.KQ', '198440.KQ', '212710.KQ', '2218.T', '2201.T', '210545.KS', '2117.T', '215100.KQ', '214680.KQ', '200470.KQ', '201490.KQ', '199800.KQ', '222800.KQ', '215009.KQ', '2004.T', '2204.T', '2146.T', '205100.KQ', '214180.KQ', '200880.KS', '2020.OL', '206560.KQ', '203450.KQ', '210980.KS', '216057.KQ', '214325.KS', '219130.KQ', '215090.KQ', '199550.KQ', '222420.KQ', '222160.KQ', '208640.KQ', '214260.KQ', '200780.KQ', '208710.KQ', '2134.T', '215360.KQ', '199730.KQ', '214320.KS', '217730.KQ', '213420.KQ', '200710.KQ', '217480.KQ', '1982.T', '1SN.L', '198940.KQ', '2112.T', '214610.KQ', '210549.KS', '215005.KQ', '204020.KQ', '215200.KQ', '200230.KQ', '214430.KQ', '199480.KQ', '1992.T', '1981.T', '217270.KQ', '214150.KQ', '205475.KQ', '216055.KQ', '215000.KQ', '214270.KQ', '216080.KQ', '198089.KQ', '200350.KQ', '208350.KQ', '203690.KQ', '2222.T', '208860.KQ', '214185.KQ', '220100.KQ', '205477.KQ', '201495.KQ', '2221.T', '220260.KQ', '201499.KQ', '200130.KQ', '203400.KQ', '219750.KQ', '2139.T', '222110.KQ', '221840.KQ', '200670.KQ', '212560.KQ', '214450.KQ', '221800.KQ', '214330.KS', '214187.KQ', '201497.KQ', '215380.KQ', '2162.T', '204210.KS', '205479.KQ', '217590.KS', '2003.T', '218410.KQ', '222040.KQ', '215600.KQ', '216059.KQ', '204320.KS', '219420.KQ', '213500.KS', '2058.T', '2179.T', '208140.KQ', '220180.KQ', '2224.T', '2001.T', '217820.KQ', '210120.KQ']: TypeError("'NoneType' object is not subscriptable")
['207760.KQ', '205500.KQ', '209640.KQ', '222080.KQ', '217330.KQ', '2138.T', '211270.KQ', '204610.KQ', '210547.KS', '204270.KQ', '214329.KS', '214189.KQ']: OperationalError('unable to open database file')
['2137.T', '214327.KS', '215007.KQ']: possibly delisted; no price data found  (period=3mo) (Yahoo error = "No data found, symbol may be delisted")
Failed to get ticker '248070.KS' reason: Failed to perform, curl: (6) Could not resolve host: query2.finance.yahoo.com. See https://curl.se/libcurl/c/libcurl-errors.html first for more details.
Failed to get ticker '227840.KS' reason: Failed to perform, curl: (6) getaddrinfo() thread failed to start. See https://curl.se/libcurl/c/libcurl-errors.html first for more details.
Failed to get ticker '227845.KS' reason: Failed to perform, curl: (6) getaddrinfo() thread failed to start. See https://curl.se/libcurl/c/libcurl-errors.html first for more details.
Failed to get ticker '241840.KQ' reason: Failed to perform, curl: (6) getaddrinfo() thread failed to start. See https://curl.se/libcurl/c/libcurl-errors.html first for more details.
Failed to get ticker '258610.KQ' reason: Failed to perform, curl: (6) Could not resolve host: query2.finance.yahoo.com. See https://curl.se/libcurl/c/libcurl-errors.html first for more details.
Failed to get ticker '237880.KQ' reason: Failed to perform, curl: (6) Could not resolve host: query2.finance.yahoo.com. See https://curl.se/libcurl/c/libcurl-errors.html first for more details.
Failed to get ticker '228857.KQ' reason: Failed to perform, curl: (6) getaddrinfo() thread failed to start. See https://curl.se/libcurl/c/libcurl-errors.html first for more details.
Failed to get ticker '239890.KQ' reason: Failed to perform, curl: (6) Could not resolve host: query2.finance.yahoo.com. See https://curl.se/libcurl/c/libcurl-errors.html first for more details.
Failed to get ticker '251970.KQ' reason: Failed to perform, curl: (6) getaddrinfo() thread failed to start. See https://curl.se/libcurl/c/libcurl-errors.html first for more details.
Failed to get ticker '234030.KQ' reason: Failed to perform, curl: (6) getaddrinfo() thread failed to start. See https://curl.se/libcurl/c/libcurl-errors.html first for more details.
Failed to get ticker '241797.KQ' reason: Failed to perform, curl: (6) Could not resolve host: query2.finance.yahoo.com. See https://curl.se/libcurl/c/libcurl-errors.html first for more details.
$227847.KS: possibly delisted; no price data found  (period=3mo) (Yahoo error = "No data found, symbol may be delisted")
$241797.KQ: possibly delisted; no price data found  (period=3mo) (Yahoo error = "No data found, symbol may be delisted")
$2467.T: possibly delisted; no price data found  (period=3mo) (Yahoo error = "No data found, symbol may be delisted")
$227845.KS: possibly delisted; no price data found  (period=3mo) (Yahoo error = "No data found, symbol may be delisted")
$241795.KQ: possibly delisted; no price data found  (period=3mo) (Yahoo error = "No data found, symbol may be delisted")
Failed to get ticker '225220.KQ' reason: Failed to perform, curl: (6) Could not resolve host: query2.finance.yahoo.com. See https://curl.se/libcurl/c/libcurl-errors.html first for more details.
Failed to get ticker '247660.KQ' reason: Failed to perform, curl: (6) Could not resolve host: query2.finance.yahoo.com. See https://curl.se/libcurl/c/libcurl-errors.html first for more details.
$230980.KQ: possibly delisted; no price data found  (period=3mo) (Yahoo error = "No data found, symbol may be delisted")
Failed to get ticker '251120.KQ' reason: Failed to perform, curl: (6) getaddrinfo() thread failed to start. See https://curl.se/libcurl/c/libcurl-errors.html first for more details.
$228859.KQ: possibly delisted; no price data found  (period=3mo) (Yahoo error = "No data found, symbol may be delisted")
Failed to get ticker '257370.KQ' reason: Failed to perform, curl: (6) getaddrinfo() thread failed to start. See https://curl.se/libcurl/c/libcurl-errors.html first for more details.
Failed to get ticker '250930.KQ' reason: Failed to perform, curl: (6) Could not resolve host: query2.finance.yahoo.com. See https://curl.se/libcurl/c/libcurl-errors.html first for more details.
Failed to get ticker '237690.KQ' reason: Failed to perform, curl: (6) getaddrinfo() thread failed to start. See https://curl.se/libcurl/c/libcurl-errors.html first for more details.
Failed to get ticker '242040.KQ' reason: Failed to perform, curl: (6) getaddrinfo() thread failed to start. See https://curl.se/libcurl/c/libcurl-errors.html first for more details.
Failed to get ticker '256150.KQ' reason: Failed to perform, curl: (6) getaddrinfo() thread failed to start. See https://curl.se/libcurl/c/libcurl-errors.html first for more details.
Failed to get ticker '241770.KQ' reason: Failed to perform, curl: (6) Could not resolve host: query2.finance.yahoo.com. See https://curl.se/libcurl/c/libcurl-errors.html first for more details.
Failed to get ticker '244460.KQ' reason: Failed to perform, curl: (6) Could not resolve host: query2.finance.yahoo.com. See https://curl.se/libcurl/c/libcurl-errors.html first for more details.
Failed to get ticker '225190.KQ' reason: Failed to perform, curl: (6) getaddrinfo() thread failed to start. See https://curl.se/libcurl/c/libcurl-errors.html first for more details.
Failed to get ticker '243070.KQ' reason: Failed to perform, curl: (6) Could not resolve host: query2.finance.yahoo.com. See https://curl.se/libcurl/c/libcurl-errors.html first for more details.
Failed to get ticker '243840.KQ' reason: Failed to perform, curl: (6) Could not resolve host: query2.finance.yahoo.com. See https://curl.se/libcurl/c/libcurl-errors.html first for more details.
Failed to get ticker '251630.KQ' reason: Failed to perform, curl: (6) getaddrinfo() thread failed to start. See https://curl.se/libcurl/c/libcurl-errors.html first for more details.
Failed to get ticker '225590.KQ' reason: Failed to perform, curl: (6) getaddrinfo() thread failed to start. See https://curl.se/libcurl/c/libcurl-errors.html first for more details.
Failed to get ticker '224060.KQ' reason: Failed to perform, curl: (6) Could not resolve host: query2.finance.yahoo.com. See https://curl.se/libcurl/c/libcurl-errors.html first for more details.
Failed to get ticker '253450.KQ' reason: Failed to perform, curl: (6) getaddrinfo() thread failed to start. See https://curl.se/libcurl/c/libcurl-errors.html first for more details.
Failed to get ticker '258790.KQ' reason: Failed to perform, curl: (6) Could not resolve host: query2.finance.yahoo.com. See https://curl.se/libcurl/c/libcurl-errors.html first for more details.
$227849.KS: possibly delisted; no price data found  (period=3mo) (Yahoo error = "No data found, symbol may be delisted")
Failed to get ticker '235980.KQ' reason: Failed to perform, curl: (6) getaddrinfo() thread failed to start. See https://curl.se/libcurl/c/libcurl-errors.html first for more details.
Failed to get ticker '234340.KQ' reason: Failed to perform, curl: (6) getaddrinfo() thread failed to start. See https://curl.se/libcurl/c/libcurl-errors.html first for more details.
Failed to get ticker '226590.KQ' reason: Failed to perform, curl: (6) getaddrinfo() thread failed to start. See https://curl.se/libcurl/c/libcurl-errors.html first for more details.
Failed to get ticker '234690.KQ' reason: Failed to perform, curl: (6) getaddrinfo() thread failed to start. See https://curl.se/libcurl/c/libcurl-errors.html first for more details.
Failed to get ticker '253840.KQ' reason: Failed to perform, curl: (6) getaddrinfo() thread failed to start. See https://curl.se/libcurl/c/libcurl-errors.html first for more details.
Failed to get ticker '254120.KQ' reason: Failed to perform, curl: (6) getaddrinfo() thread failed to start. See https://curl.se/libcurl/c/libcurl-errors.html first for more details.
Failed to get ticker '241799.KQ' reason: Failed to perform, curl: (6) getaddrinfo() thread failed to start. See https://curl.se/libcurl/c/libcurl-errors.html first for more details.
Failed to get ticker '241560.KS' reason: Failed to perform, curl: (6) Could not resolve host: query2.finance.yahoo.com. See https://curl.se/libcurl/c/libcurl-errors.html first for more details.
Failed to get ticker '255440.KQ' reason: Failed to perform, curl: (6) getaddrinfo() thread failed to start. See https://curl.se/libcurl/c/libcurl-errors.html first for more details.
Failed to get ticker '225530.KQ' reason: Failed to perform, curl: (6) getaddrinfo() thread failed to start. See https://curl.se/libcurl/c/libcurl-errors.html first for more details.
Failed to get ticker '236200.KQ' reason: Failed to perform, curl: (6) getaddrinfo() thread failed to start. See https://curl.se/libcurl/c/libcurl-errors.html first for more details.
Failed to get ticker '239610.KQ' reason: Failed to perform, curl: (6) getaddrinfo() thread failed to start. See https://curl.se/libcurl/c/libcurl-errors.html first for more details.
Failed to get ticker '234080.KS' reason: Failed to perform, curl: (6) getaddrinfo() thread failed to start. See https://curl.se/libcurl/c/libcurl-errors.html first for more details.
$228855.KQ: possibly delisted; no price data found  (period=3mo) (Yahoo error = "No data found, symbol may be delisted")

74 Failed downloads:
['2349.T', '2351.T', '248070.KS', '227840.KS', '241840.KQ', '2376.T', '258610.KQ', '237880.KQ', '228857.KQ', '239890.KQ', '251970.KQ', '241710.KQ', '2454.T', '2264.T', '2540.T', '222980.KQ', '248170.KS', '2329.T', '2479.T', '229640.KS', '257370.KQ', '250930.KQ', '2531.T', '237690.KQ', '242040.KQ', '237750.KQ', '227610.KQ', '256150.KQ', '241770.KQ', '244460.KQ', '225190.KQ', '2321.T', '251630.KQ', '2480.T', '255220.KQ', '240810.KQ', '2291.T', '2435.T', '253450.KQ', '224060.KQ', '256940.KQ', '228670.KQ', '238490.KQ', '235980.KQ', '234340.KQ', '2588.T', '226590.KQ', '2293.T', '2415.T', '234690.KQ', '253840.KQ', '254120.KQ', '2282.T', '2307.T', '2586.T', '241799.KQ', '2483.T', '255440.KQ', '225530.KQ', '239610.KQ', '236200.KQ', '228850.KQ', '234080.KS']: TypeError("'NoneType' object is not subscriptable")
['227847.KS', '241797.KQ', '2467.T', '227845.KS', '241795.KQ', '230980.KQ', '228859.KQ', '227849.KS', '228855.KQ']: possibly delisted; no price data found  (period=3mo) (Yahoo error = "No data found, symbol may be delisted")
['251370.KQ', '223310.KQ']: OperationalError('unable to open database file')
Failed to get ticker '277410.KQ' reason: Failed to perform, curl: (6) Could not resolve host: query2.finance.yahoo.com. See https://curl.se/libcurl/c/libcurl-errors.html first for more details.
Failed to get ticker '267297.KS' reason: Failed to perform, curl: (6) getaddrinfo() thread failed to start. See https://curl.se/libcurl/c/libcurl-errors.html first for more details.
Failed to get ticker '272450.KS' reason: Failed to perform, curl: (77) error setting certificate verify locations:  CAfile: /Users/ajay/Library/Python/3.9/lib/python/site-packages/certifi/cacert.pem CApath: none. See https://curl.se/libcurl/c/libcurl-errors.html first for more details.
Failed to get ticker '270660.KQ' reason: Failed to perform, curl: (6) Could not resolve host: query2.finance.yahoo.com. See https://curl.se/libcurl/c/libcurl-errors.html first for more details.
Failed to get ticker '280360.KS' reason: Failed to perform, curl: (6) Could not resolve host: query2.finance.yahoo.com. See https://curl.se/libcurl/c/libcurl-errors.html first for more details.
Failed to get ticker '267985.KQ' reason: Failed to perform, curl: (6) getaddrinfo() thread failed to start. See https://curl.se/libcurl/c/libcurl-errors.html first for more details.
Failed to get ticker '278470.KS' reason: Failed to perform, curl: (6) getaddrinfo() thread failed to start. See https://curl.se/libcurl/c/libcurl-errors.html first for more details.
Failed to get ticker '284740.KS' reason: Failed to perform, curl: (6) getaddrinfo() thread failed to start. See https://curl.se/libcurl/c/libcurl-errors.html first for more details.
Failed to get ticker '267987.KQ' reason: Failed to perform, curl: (6) getaddrinfo() thread failed to start. See https://curl.se/libcurl/c/libcurl-errors.html first for more details.
Failed to get ticker '270877.KQ' reason: Failed to perform, curl: (6) getaddrinfo() thread failed to start. See https://curl.se/libcurl/c/libcurl-errors.html first for more details.
Failed to get ticker '263600.KQ' reason: Failed to perform, curl: (6) getaddrinfo() thread failed to start. See https://curl.se/libcurl/c/libcurl-errors.html first for more details.
Failed to get ticker '268280.KS' reason: Failed to perform, curl: (6) getaddrinfo() thread failed to start. See https://curl.se/libcurl/c/libcurl-errors.html first for more details.
Failed to get ticker '261520.KQ' reason: Failed to perform, curl: (6) getaddrinfo() thread failed to start. See https://curl.se/libcurl/c/libcurl-errors.html first for more details.
Failed to get ticker '277810.KQ' reason: Failed to perform, curl: (6) getaddrinfo() thread failed to start. See https://curl.se/libcurl/c/libcurl-errors.html first for more details.
Failed to get ticker '264459.KQ' reason: Failed to perform, curl: (6) Could not resolve host: query2.finance.yahoo.com. See https://curl.se/libcurl/c/libcurl-errors.html first for more details.
Failed to get ticker '277880.KQ' reason: Failed to perform, curl: (6) getaddrinfo() thread failed to start. See https://curl.se/libcurl/c/libcurl-errors.html first for more details.
Failed to get ticker '267859.KS' reason: Failed to perform, curl: (6) Could not resolve host: query2.finance.yahoo.com. See https://curl.se/libcurl/c/libcurl-errors.html first for more details.
Failed to get ticker '263810.KQ' reason: Failed to perform, curl: (6) getaddrinfo() thread failed to start. See https://curl.se/libcurl/c/libcurl-errors.html first for more details.
Failed to get ticker '260970.KQ' reason: Failed to perform, curl: (6) getaddrinfo() thread failed to start. See https://curl.se/libcurl/c/libcurl-errors.html first for more details.
Failed to get ticker '286750.KQ' reason: Failed to perform, curl: (6) getaddrinfo() thread failed to start. See https://curl.se/libcurl/c/libcurl-errors.html first for more details.
Failed to get ticker '262840.KQ' reason: Failed to perform, curl: (6) getaddrinfo() thread failed to start. See https://curl.se/libcurl/c/libcurl-errors.html first for more details.
Failed to get ticker '267299.KS' reason: Failed to perform, curl: (6) getaddrinfo() thread failed to start. See https://curl.se/libcurl/c/libcurl-errors.html first for more details.
Failed to get ticker '260660.KQ' reason: Failed to perform, curl: (6) getaddrinfo() thread failed to start. See https://curl.se/libcurl/c/libcurl-errors.html first for more details.
Failed to get ticker '286940.KS' reason: Failed to perform, curl: (6) Could not resolve host: query2.finance.yahoo.com. See https://curl.se/libcurl/c/libcurl-errors.html first for more details.
Failed to get ticker '267250.KS' reason: Failed to perform, curl: (6) getaddrinfo() thread failed to start. See https://curl.se/libcurl/c/libcurl-errors.html first for more details.
Failed to get ticker '270879.KQ' reason: Failed to perform, curl: (6) getaddrinfo() thread failed to start. See https://curl.se/libcurl/c/libcurl-errors.html first for more details.
Failed to get ticker '285490.KQ' reason: Failed to perform, curl: (6) getaddrinfo() thread failed to start. See https://curl.se/libcurl/c/libcurl-errors.html first for more details.
Failed to get ticker '272110.KQ' reason: Failed to perform, curl: (6) getaddrinfo() thread failed to start. See https://curl.se/libcurl/c/libcurl-errors.html first for more details.
Failed to get ticker '289010.KQ' reason: Failed to perform, curl: (6) getaddrinfo() thread failed to start. See https://curl.se/libcurl/c/libcurl-errors.html first for more details.
Failed to get ticker '290520.KQ' reason: Failed to perform, curl: (6) getaddrinfo() thread failed to start. See https://curl.se/libcurl/c/libcurl-errors.html first for more details.
Failed to get ticker '287840.KQ' reason: Failed to perform, curl: (6) getaddrinfo() thread failed to start. See https://curl.se/libcurl/c/libcurl-errors.html first for more details.
Failed to get ticker '267857.KS' reason: Failed to perform, curl: (6) Could not resolve host: query2.finance.yahoo.com. See https://curl.se/libcurl/c/libcurl-errors.html first for more details.
Failed to get ticker '270875.KQ' reason: Failed to perform, curl: (6) Could not resolve host: query2.finance.yahoo.com. See https://curl.se/libcurl/c/libcurl-errors.html first for more details.
Failed to get ticker '263700.KQ' reason: Failed to perform, curl: (6) getaddrinfo() thread failed to start. See https://curl.se/libcurl/c/libcurl-errors.html first for more details.
Failed to get ticker '288330.KQ' reason: Failed to perform, curl: (6) Could not resolve host: query2.finance.yahoo.com. See https://curl.se/libcurl/c/libcurl-errors.html first for more details.
Failed to get ticker '271940.KS' reason: Failed to perform, curl: (6) getaddrinfo() thread failed to start. See https://curl.se/libcurl/c/libcurl-errors.html first for more details.
Failed to get ticker '269620.KQ' reason: Failed to perform, curl: (6) Could not resolve host: query2.finance.yahoo.com. See https://curl.se/libcurl/c/libcurl-errors.html first for more details.
Failed to get ticker '267989.KQ' reason: Failed to perform, curl: (6) Could not resolve host: query2.finance.yahoo.com. See https://curl.se/libcurl/c/libcurl-errors.html first for more details.
Failed to get ticker '281820.KS' reason: Failed to perform, curl: (6) getaddrinfo() thread failed to start. See https://curl.se/libcurl/c/libcurl-errors.html first for more details.
Failed to get ticker '278650.KQ' reason: Failed to perform, curl: (6) getaddrinfo() thread failed to start. See https://curl.se/libcurl/c/libcurl-errors.html first for more details.
Failed to get ticker '272550.KS' reason: Failed to perform, curl: (6) getaddrinfo() thread failed to start. See https://curl.se/libcurl/c/libcurl-errors.html first for more details.
Failed to get ticker '272210.KS' reason: Failed to perform, curl: (6) Could not resolve host: query2.finance.yahoo.com. See https://curl.se/libcurl/c/libcurl-errors.html first for more details.
Failed to get ticker '263770.KQ' reason: Failed to perform, curl: (6) getaddrinfo() thread failed to start. See https://curl.se/libcurl/c/libcurl-errors.html first for more details.
Failed to get ticker '270520.KQ' reason: Failed to perform, curl: (6) Could not resolve host: query2.finance.yahoo.com. See https://curl.se/libcurl/c/libcurl-errors.html first for more details.
Failed to get ticker '267855.KS' reason: Failed to perform, curl: (6) getaddrinfo() thread failed to start. See https://curl.se/libcurl/c/libcurl-errors.html first for more details.
Failed to get ticker '279600.KQ' reason: Failed to perform, curl: (6) getaddrinfo() thread failed to start. See https://curl.se/libcurl/c/libcurl-errors.html first for more details.
Failed to get ticker '261780.KQ' reason: Failed to perform, curl: (6) Could not resolve host: query2.finance.yahoo.com. See https://curl.se/libcurl/c/libcurl-errors.html first for more details.
Failed to get ticker '264457.KQ' reason: Failed to perform, curl: (6) getaddrinfo() thread failed to start. See https://curl.se/libcurl/c/libcurl-errors.html first for more details.
Failed to get ticker '290670.KQ' reason: Failed to perform, curl: (6) Could not resolve host: query2.finance.yahoo.com. See https://curl.se/libcurl/c/libcurl-errors.html first for more details.
Failed to get ticker '273640.KQ' reason: Failed to perform, curl: (6) getaddrinfo() thread failed to start. See https://curl.se/libcurl/c/libcurl-errors.html first for more details.
$2919.T: possibly delisted; no price data found  (period=3mo) (Yahoo error = "No data found, symbol may be delisted")
$267857.KS: possibly delisted; no price data found  (period=3mo) (Yahoo error = "No data found, symbol may be delisted")

124 Failed downloads:
['285A.T', '277410.KQ', '267297.KS', '265740.KQ', '270660.KQ', '2908.T', '272450.KS', '290690.KQ', '267985.KQ', '278470.KS', '284740.KS', '267987.KQ', '2814.T', '270877.KQ', '265560.KQ', '263020.KQ', '2915.T', '2673.T', '276730.KQ', '291A.T', '2894.T', '268280.KS', '261520.KQ', '277810.KQ', '288980.KQ', '258830.KQ', '2737.T', '2813.T', '264459.KQ', '2782.T', '267859.KS', '285130.KS', '2784.T', '263810.KQ', '262260.KQ', '260970.KQ', '2681.T', '290560.KQ', '267320.KQ', '286750.KQ', '267299.KS', '2806.T', '260660.KQ', '2907.T', '267250.KS', '274090.KQ', '263690.KQ', '261200.KQ', '2656.T', '270879.KQ', '2594.T', '263720.KQ', '285490.KQ', '267790.KQ', '2730.T', '271830.KQ', '2911.T', '290720.KQ', '272110.KQ', '270870.KQ', '289010.KQ', '290520.KQ', '264850.KQ', '287840.KQ', '2916.T', '2654.T', '284620.KQ', '263700.KQ', '270875.KQ', '267989.KQ', '271940.KS', '269620.KQ', '282720.KQ', '289930.KQ', '278650.KQ', '290090.KQ', '2674.T', '272550.KS', '272210.KS', '289220.KQ', '264660.KQ', '2831.T', '263770.KQ', '270520.KQ', '267855.KS', '2780.T', '2790.T', '279600.KQ', '264450.KQ', '261780.KQ', '264457.KQ', '271980.KS', '2763.T', '263050.KQ', '2764.T', '290670.KQ', '2922.T', '259630.KQ', '273640.KQ', '2666.T']: TypeError("'NoneType' object is not subscriptable")
['291230.KQ', '276040.KQ', '2902.T', '267295.KS', '2708.T', '263A.T', '2819.T', '263750.KQ', '267270.KS', '288A.T', '274400.KQ', '285800.KQ', '265520.KQ', '288620.KQ', '264455.KQ', '281740.KQ', '290270.KQ', '263800.KQ', '2804.T', '282330.KS', '290120.KQ', '272290.KQ']: OperationalError('unable to open database file')
['2919.T', '267857.KS']: possibly delisted; no price data found  (period=3mo) (Yahoo error = "No data found, symbol may be delisted")
Failed to get ticker '308170.KS' reason: Failed to perform, curl: (6) getaddrinfo() thread failed to start. See https://curl.se/libcurl/c/libcurl-errors.html first for more details.
Failed to get ticker '310870.KQ' reason: Failed to perform, curl: (6) Could not resolve host: query2.finance.yahoo.com. See https://curl.se/libcurl/c/libcurl-errors.html first for more details.
Failed to get ticker '306620.KQ' reason: Failed to perform, curl: (6) getaddrinfo() thread failed to start. See https://curl.se/libcurl/c/libcurl-errors.html first for more details.
Failed to get ticker '314930.KQ' reason: Failed to perform, curl: (6) getaddrinfo() thread failed to start. See https://curl.se/libcurl/c/libcurl-errors.html first for more details.
Failed to get ticker '293490.KQ' reason: Failed to perform, curl: (6) Could not resolve host: query2.finance.yahoo.com. See https://curl.se/libcurl/c/libcurl-errors.html first for more details.
Failed to get ticker '328380.KQ' reason: Failed to perform, curl: (6) getaddrinfo() thread failed to start. See https://curl.se/libcurl/c/libcurl-errors.html first for more details.
Failed to get ticker '327260.KQ' reason: Failed to perform, curl: (6) Could not resolve host: query2.finance.yahoo.com. See https://curl.se/libcurl/c/libcurl-errors.html first for more details.
Failed to get ticker '296640.KQ' reason: Failed to perform, curl: (6) getaddrinfo() thread failed to start. See https://curl.se/libcurl/c/libcurl-errors.html first for more details.
Failed to get ticker '322780.KQ' reason: Failed to perform, curl: (6) Could not resolve host: query2.finance.yahoo.com. See https://curl.se/libcurl/c/libcurl-errors.html first for more details.
Failed to get ticker '308100.KQ' reason: Failed to perform, curl: (6) getaddrinfo() thread failed to start. See https://curl.se/libcurl/c/libcurl-errors.html first for more details.
Failed to get ticker '303810.KQ' reason: Failed to perform, curl: (6) getaddrinfo() thread failed to start. See https://curl.se/libcurl/c/libcurl-errors.html first for more details.
Failed to get ticker '307180.KQ' reason: Failed to perform, curl: (6) getaddrinfo() thread failed to start. See https://curl.se/libcurl/c/libcurl-errors.html first for more details.
Failed to get ticker '317240.KQ' reason: Failed to perform, curl: (6) getaddrinfo() thread failed to start. See https://curl.se/libcurl/c/libcurl-errors.html first for more details.
Failed to get ticker '294140.KQ' reason: Failed to perform, curl: (6) getaddrinfo() thread failed to start. See https://curl.se/libcurl/c/libcurl-errors.html first for more details.
Failed to get ticker '317407.KS' reason: Failed to perform, curl: (6) getaddrinfo() thread failed to start. See https://curl.se/libcurl/c/libcurl-errors.html first for more details.
Failed to get ticker '307750.KQ' reason: Failed to perform, curl: (6) Could not resolve host: query2.finance.yahoo.com. See https://curl.se/libcurl/c/libcurl-errors.html first for more details.
Failed to get ticker '313760.KQ' reason: Failed to perform, curl: (6) getaddrinfo() thread failed to start. See https://curl.se/libcurl/c/libcurl-errors.html first for more details.
Failed to get ticker '297890.KQ' reason: Failed to perform, curl: (6) Could not resolve host: query2.finance.yahoo.com. See https://curl.se/libcurl/c/libcurl-errors.html first for more details.
Failed to get ticker '2928.T' reason: Failed to perform, curl: (6) getaddrinfo() thread failed to start. See https://curl.se/libcurl/c/libcurl-errors.html first for more details.
Failed to get ticker '321820.KQ' reason: Failed to perform, curl: (6) getaddrinfo() thread failed to start. See https://curl.se/libcurl/c/libcurl-errors.html first for more details.
Failed to get ticker '317409.KS' reason: Failed to perform, curl: (6) getaddrinfo() thread failed to start. See https://curl.se/libcurl/c/libcurl-errors.html first for more details.
Failed to get ticker '317400.KS' reason: Failed to perform, curl: (6) Could not resolve host: query2.finance.yahoo.com. See https://curl.se/libcurl/c/libcurl-errors.html first for more details.
Failed to get ticker '303360.KQ' reason: Failed to perform, curl: (6) Could not resolve host: query2.finance.yahoo.com. See https://curl.se/libcurl/c/libcurl-errors.html first for more details.
Failed to get ticker '304360.KQ' reason: Failed to perform, curl: (6) Could not resolve host: query2.finance.yahoo.com. See https://curl.se/libcurl/c/libcurl-errors.html first for more details.
Failed to get ticker '319660.KQ' reason: Failed to perform, curl: (6) getaddrinfo() thread failed to start. See https://curl.se/libcurl/c/libcurl-errors.html first for more details.
Failed to get ticker '317120.KQ' reason: Failed to perform, curl: (6) getaddrinfo() thread failed to start. See https://curl.se/libcurl/c/libcurl-errors.html first for more details.
Failed to get ticker '302440.KS' reason: Failed to perform, curl: (6) Could not resolve host: query2.finance.yahoo.com. See https://curl.se/libcurl/c/libcurl-errors.html first for more details.
Failed to get ticker '299900.KQ' reason: Failed to perform, curl: (6) Could not resolve host: query2.finance.yahoo.com. See https://curl.se/libcurl/c/libcurl-errors.html first for more details.
Failed to get ticker '294630.KQ' reason: Failed to perform, curl: (6) getaddrinfo() thread failed to start. See https://curl.se/libcurl/c/libcurl-errors.html first for more details.
Failed to get ticker '298540.KQ' reason: Failed to perform, curl: (6) getaddrinfo() thread failed to start. See https://curl.se/libcurl/c/libcurl-errors.html first for more details.
Failed to get ticker '309960.KQ' reason: Failed to perform, curl: (6) Could not resolve host: query2.finance.yahoo.com. See https://curl.se/libcurl/c/libcurl-errors.html first for more details.
Failed to get ticker '306040.KQ' reason: Failed to perform, curl: (6) getaddrinfo() thread failed to start. See https://curl.se/libcurl/c/libcurl-errors.html first for more details.
Failed to get ticker '309930.KQ' reason: Failed to perform, curl: (6) getaddrinfo() thread failed to start. See https://curl.se/libcurl/c/libcurl-errors.html first for more details.
Failed to get ticker '326030.KS' reason: Failed to perform, curl: (6) getaddrinfo() thread failed to start. See https://curl.se/libcurl/c/libcurl-errors.html first for more details.
Failed to get ticker '307870.KQ' reason: Failed to perform, curl: (6) Could not resolve host: query2.finance.yahoo.com. See https://curl.se/libcurl/c/libcurl-errors.html first for more details.
Failed to get ticker '307950.KS' reason: Failed to perform, curl: (6) getaddrinfo() thread failed to start. See https://curl.se/libcurl/c/libcurl-errors.html first for more details.
Failed to get ticker '311320.KQ' reason: Failed to perform, curl: (6) getaddrinfo() thread failed to start. See https://curl.se/libcurl/c/libcurl-errors.html first for more details.
Failed to get ticker '318000.KQ' reason: Failed to perform, curl: (77) error setting certificate verify locations:  CAfile: /Users/ajay/Library/Python/3.9/lib/python/site-packages/certifi/cacert.pem CApath: none. See https://curl.se/libcurl/c/libcurl-errors.html first for more details.
Failed to get ticker '298690.KS' reason: Failed to perform, curl: (6) Could not resolve host: query2.finance.yahoo.com. See https://curl.se/libcurl/c/libcurl-errors.html first for more details.
Failed to get ticker '328130.KQ' reason: Failed to perform, curl: (6) getaddrinfo() thread failed to start. See https://curl.se/libcurl/c/libcurl-errors.html first for more details.
Failed to get ticker '320000.KQ' reason: Failed to perform, curl: (6) getaddrinfo() thread failed to start. See https://curl.se/libcurl/c/libcurl-errors.html first for more details.
Failed to get ticker '300120.KQ' reason: Failed to perform, curl: (6) Could not resolve host: query2.finance.yahoo.com. See https://curl.se/libcurl/c/libcurl-errors.html first for more details.
Failed to get ticker '298380.KQ' reason: Failed to perform, curl: (6) getaddrinfo() thread failed to start. See https://curl.se/libcurl/c/libcurl-errors.html first for more details.
Failed to get ticker '329180.KS' reason: Failed to perform, curl: (6) getaddrinfo() thread failed to start. See https://curl.se/libcurl/c/libcurl-errors.html first for more details.
Failed to get ticker '317870.KQ' reason: Failed to perform, curl: (6) getaddrinfo() thread failed to start. See https://curl.se/libcurl/c/libcurl-errors.html first for more details.
Failed to get ticker '311390.KQ' reason: Failed to perform, curl: (6) getaddrinfo() thread failed to start. See https://curl.se/libcurl/c/libcurl-errors.html first for more details.
Failed to get ticker '321260.KQ' reason: Failed to perform, curl: (6) Could not resolve host: query2.finance.yahoo.com. See https://curl.se/libcurl/c/libcurl-errors.html first for more details.
Failed to get ticker '298000.KS' reason: Failed to perform, curl: (6) getaddrinfo() thread failed to start. See https://curl.se/libcurl/c/libcurl-errors.html first for more details.
Failed to get ticker '293940.KS' reason: Failed to perform, curl: (6) Could not resolve host: query2.finance.yahoo.com. See https://curl.se/libcurl/c/libcurl-errors.html first for more details.
Failed to get ticker '3032.T' reason: Failed to perform, curl: (6) getaddrinfo() thread failed to start. See https://curl.se/libcurl/c/libcurl-errors.html first for more details.
Failed to get ticker '321550.KQ' reason: Failed to perform, curl: (6) getaddrinfo() thread failed to start. See https://curl.se/libcurl/c/libcurl-errors.html first for more details.
Failed to get ticker '302550.KQ' reason: Failed to perform, curl: (77) error setting certificate verify locations:  CAfile: /Users/ajay/Library/Python/3.9/lib/python/site-packages/certifi/cacert.pem CApath: none. See https://curl.se/libcurl/c/libcurl-errors.html first for more details.
Failed to get ticker '298830.KQ' reason: Failed to perform, curl: (6) Could not resolve host: query2.finance.yahoo.com. See https://curl.se/libcurl/c/libcurl-errors.html first for more details.
Failed to get ticker '322000.KS' reason: Failed to perform, curl: (6) getaddrinfo() thread failed to start. See https://curl.se/libcurl/c/libcurl-errors.html first for more details.
Failed to get ticker '305090.KQ' reason: Failed to perform, curl: (6) Could not resolve host: query2.finance.yahoo.com. See https://curl.se/libcurl/c/libcurl-errors.html first for more details.
Failed to get ticker '317530.KQ' reason: Failed to perform, curl: (6) Could not resolve host: query2.finance.yahoo.com. See https://curl.se/libcurl/c/libcurl-errors.html first for more details.
Failed to get ticker '322310.KQ' reason: Failed to perform, curl: (6) Could not resolve host: query2.finance.yahoo.com. See https://curl.se/libcurl/c/libcurl-errors.html first for more details.
Failed to get ticker '317405.KS' reason: Failed to perform, curl: (6) Could not resolve host: query2.finance.yahoo.com. See https://curl.se/libcurl/c/libcurl-errors.html first for more details.
$317405.KS: possibly delisted; no price data found  (period=3mo) (Yahoo error = "No data found, symbol may be delisted")

120 Failed downloads:
['293480.KS', '3107.T', '317830.KQ', '315640.KQ', '3101.T', '3183.T', '318160.KQ', '299A.T', '308170.KS', '304840.KQ', '306620.KQ', '314930.KQ', '309710.KQ', '310870.KQ', '2CUREX.ST', '293490.KQ', '301300.KQ', '3096.T', '328380.KQ', '327260.KQ', '3182.T', '322780.KQ', '3010.T', '308100.KQ', '3011.T', '303810.KQ', '3157.T', '3133.T', '3106.T', '3224.T', '295310.KQ', '3069.T', '317240.KQ', '3132.T', '2924.T', '294140.KQ', '3059.T', '317407.KS', '307750.KQ', '3034.T', '297890.KQ', '306200.KS', '2928.T', '321820.KQ', '3104.T', '3156.T', '317409.KS', '317400.KS', '303360.KQ', '304360.KQ', '319660.KQ', '3190.T', '3068.T', '302440.KS', '317120.KQ', '299900.KQ', '3023.T', '318060.KQ', '298540.KQ', '294630.KQ', '306040.KQ', '309960.KQ', '300720.KS', '309930.KQ', '299030.KQ', '318410.KQ', '298050.KS', '326030.KS', '307870.KQ', '311320.KQ', '307950.KS', '32QX.L', '314140.KQ', '298690.KS', '328130.KQ', '3199.T', '320000.KQ', '298380.KQ', '300120.KQ', '318010.KQ', '317450.KS', '329180.KS', '3179.T', '3175.T', '311390.KQ', '317870.KQ', '294570.KQ', '304100.KQ', '321260.KQ', '3205.T', '323350.KQ', '3042.T', '319400.KQ', '293940.KS', '3032.T', '3221.T', '322510.KQ', '310200.KQ', '2933.T', '298830.KQ', '308430.KQ', '322000.KS', '298020.KS', '305090.KQ', '317330.KQ', '317530.KQ', '297570.KQ']: TypeError("'NoneType' object is not subscriptable")
['3103.T', '3055.T', '299170.KQ', '323280.KQ', '314130.KQ', '293780.KQ', '3143.T', '311690.KQ', '298040.KS', '317850.KQ', '308080.KQ', '307280.KQ']: OperationalError('unable to open database file')
['317405.KS']: possibly delisted; no price data found  (period=3mo) (Yahoo error = "No data found, symbol may be delisted")
Failed to get ticker '335810.KQ' reason: Failed to perform, curl: (6) getaddrinfo() thread failed to start. See https://curl.se/libcurl/c/libcurl-errors.html first for more details.
Failed to get ticker '348080.KQ' reason: Failed to perform, curl: (6) getaddrinfo() thread failed to start. See https://curl.se/libcurl/c/libcurl-errors.html first for more details.
Failed to get ticker '335870.KQ' reason: Failed to perform, curl: (77) error setting certificate verify locations:  CAfile: /Users/ajay/Library/Python/3.9/lib/python/site-packages/certifi/cacert.pem CApath: none. See https://curl.se/libcurl/c/libcurl-errors.html first for more details.
Failed to get ticker '351320.KQ' reason: Failed to perform, curl: (6) Could not resolve host: query2.finance.yahoo.com. See https://curl.se/libcurl/c/libcurl-errors.html first for more details.
Failed to get ticker '333050.KQ' reason: Failed to perform, curl: (6) getaddrinfo() thread failed to start. See https://curl.se/libcurl/c/libcurl-errors.html first for more details.
Failed to get ticker '336570.KQ' reason: Failed to perform, curl: (6) Could not resolve host: query2.finance.yahoo.com. See https://curl.se/libcurl/c/libcurl-errors.html first for more details.
Failed to get ticker '353810.KQ' reason: Failed to perform, curl: (6) getaddrinfo() thread failed to start. See https://curl.se/libcurl/c/libcurl-errors.html first for more details.
Failed to get ticker '351870.KQ' reason: Failed to perform, curl: (6) Could not resolve host: query2.finance.yahoo.com. See https://curl.se/libcurl/c/libcurl-errors.html first for more details.
Failed to get ticker '354320.KQ' reason: Failed to perform, curl: (6) getaddrinfo() thread failed to start. See https://curl.se/libcurl/c/libcurl-errors.html first for more details.
Failed to get ticker '347890.KQ' reason: Failed to perform, curl: (6) getaddrinfo() thread failed to start. See https://curl.se/libcurl/c/libcurl-errors.html first for more details.
Failed to get ticker '360070.KQ' reason: Failed to perform, curl: (6) getaddrinfo() thread failed to start. See https://curl.se/libcurl/c/libcurl-errors.html first for more details.
Failed to get ticker '352480.KQ' reason: Failed to perform, curl: (6) Could not resolve host: query2.finance.yahoo.com. See https://curl.se/libcurl/c/libcurl-errors.html first for more details.
Failed to get ticker '348355.KQ' reason: Failed to perform, curl: (6) getaddrinfo() thread failed to start. See https://curl.se/libcurl/c/libcurl-errors.html first for more details.
Failed to get ticker '348357.KQ' reason: Failed to perform, curl: (6) Could not resolve host: query2.finance.yahoo.com. See https://curl.se/libcurl/c/libcurl-errors.html first for more details.
Failed to get ticker '333430.KQ' reason: Failed to perform, curl: (6) Could not resolve host: query2.finance.yahoo.com. See https://curl.se/libcurl/c/libcurl-errors.html first for more details.
Failed to get ticker '357120.KS' reason: Failed to perform, curl: (6) Could not resolve host: query2.finance.yahoo.com. See https://curl.se/libcurl/c/libcurl-errors.html first for more details.
Failed to get ticker '361610.KS' reason: Failed to perform, curl: (6) getaddrinfo() thread failed to start. See https://curl.se/libcurl/c/libcurl-errors.html first for more details.
Failed to get ticker '348210.KQ' reason: Failed to perform, curl: (6) getaddrinfo() thread failed to start. See https://curl.se/libcurl/c/libcurl-errors.html first for more details.
Failed to get ticker '331740.KQ' reason: Failed to perform, curl: (6) Could not resolve host: query2.finance.yahoo.com. See https://curl.se/libcurl/c/libcurl-errors.html first for more details.
Failed to get ticker '344820.KS' reason: Failed to perform, curl: (6) getaddrinfo() thread failed to start. See https://curl.se/libcurl/c/libcurl-errors.html first for more details.
Failed to get ticker '355150.KQ' reason: Failed to perform, curl: (6) getaddrinfo() thread failed to start. See https://curl.se/libcurl/c/libcurl-errors.html first for more details.
Failed to get ticker '3346.T' reason: Failed to perform, curl: (6) getaddrinfo() thread failed to start. See https://curl.se/libcurl/c/libcurl-errors.html first for more details.
Failed to get ticker '347860.KQ' reason: Failed to perform, curl: (6) Could not resolve host: query2.finance.yahoo.com. See https://curl.se/libcurl/c/libcurl-errors.html first for more details.
Failed to get ticker '356680.KQ' reason: Failed to perform, curl: (6) getaddrinfo() thread failed to start. See https://curl.se/libcurl/c/libcurl-errors.html first for more details.
Failed to get ticker '334970.KQ' reason: Failed to perform, curl: (6) getaddrinfo() thread failed to start. See https://curl.se/libcurl/c/libcurl-errors.html first for more details.
Failed to get ticker '352487.KQ' reason: Failed to perform, curl: (6) Could not resolve host: query2.finance.yahoo.com. See https://curl.se/libcurl/c/libcurl-errors.html first for more details.
Failed to get ticker '344860.KQ' reason: Failed to perform, curl: (6) getaddrinfo() thread failed to start. See https://curl.se/libcurl/c/libcurl-errors.html first for more details.
Failed to get ticker '352940.KQ' reason: Failed to perform, curl: (6) Could not resolve host: query2.finance.yahoo.com. See https://curl.se/libcurl/c/libcurl-errors.html first for more details.
Failed to get ticker '340570.KQ' reason: Failed to perform, curl: (6) getaddrinfo() thread failed to start. See https://curl.se/libcurl/c/libcurl-errors.html first for more details.
Failed to get ticker '331380.KQ' reason: Failed to perform, curl: (6) Could not resolve host: query2.finance.yahoo.com. See https://curl.se/libcurl/c/libcurl-errors.html first for more details.
Failed to get ticker '348340.KQ' reason: Failed to perform, curl: (6) Could not resolve host: query2.finance.yahoo.com. See https://curl.se/libcurl/c/libcurl-errors.html first for more details.
Failed to get ticker '339950.KQ' reason: Failed to perform, curl: (6) Could not resolve host: query2.finance.yahoo.com. See https://curl.se/libcurl/c/libcurl-errors.html first for more details.
Failed to get ticker '348950.KS' reason: Failed to perform, curl: (6) getaddrinfo() thread failed to start. See https://curl.se/libcurl/c/libcurl-errors.html first for more details.
Failed to get ticker '357780.KQ' reason: Failed to perform, curl: (6) Could not resolve host: query2.finance.yahoo.com. See https://curl.se/libcurl/c/libcurl-errors.html first for more details.
Failed to get ticker '340440.KQ' reason: Failed to perform, curl: (6) getaddrinfo() thread failed to start. See https://curl.se/libcurl/c/libcurl-errors.html first for more details.
Failed to get ticker '336060.KQ' reason: Failed to perform, curl: (6) Could not resolve host: query2.finance.yahoo.com. See https://curl.se/libcurl/c/libcurl-errors.html first for more details.
Failed to get ticker '340360.KQ' reason: Failed to perform, curl: (6) getaddrinfo() thread failed to start. See https://curl.se/libcurl/c/libcurl-errors.html first for more details.
Failed to get ticker '361570.KQ' reason: Failed to perform, curl: (6) Could not resolve host: query2.finance.yahoo.com. See https://curl.se/libcurl/c/libcurl-errors.html first for more details.
Failed to get ticker '352910.KQ' reason: Failed to perform, curl: (6) getaddrinfo() thread failed to start. See https://curl.se/libcurl/c/libcurl-errors.html first for more details.
Failed to get ticker '350520.KS' reason: Failed to perform, curl: (6) getaddrinfo() thread failed to start. See https://curl.se/libcurl/c/libcurl-errors.html first for more details.
Failed to get ticker '362320.KQ' reason: Failed to perform, curl: (6) Could not resolve host: query2.finance.yahoo.com. See https://curl.se/libcurl/c/libcurl-errors.html first for more details.
Failed to get ticker '357550.KQ' reason: Failed to perform, curl: (6) getaddrinfo() thread failed to start. See https://curl.se/libcurl/c/libcurl-errors.html first for more details.
Failed to get ticker '358570.KQ' reason: Failed to perform, curl: (6) Could not resolve host: query2.finance.yahoo.com. See https://curl.se/libcurl/c/libcurl-errors.html first for more details.
Failed to get ticker '353190.KQ' reason: Failed to perform, curl: (6) getaddrinfo() thread failed to start. See https://curl.se/libcurl/c/libcurl-errors.html first for more details.
Failed to get ticker '363260.KQ' reason: Failed to perform, curl: (6) getaddrinfo() thread failed to start. See https://curl.se/libcurl/c/libcurl-errors.html first for more details.
Failed to get ticker '330590.KS' reason: Failed to perform, curl: (77) error setting certificate verify locations:  CAfile: /Users/ajay/Library/Python/3.9/lib/python/site-packages/certifi/cacert.pem CApath: none. See https://curl.se/libcurl/c/libcurl-errors.html first for more details.
Failed to get ticker '3504.T' reason: Failed to perform, curl: (6) Could not resolve host: query2.finance.yahoo.com. See https://curl.se/libcurl/c/libcurl-errors.html first for more details.
Failed to get ticker '332290.KQ' reason: Failed to perform, curl: (6) getaddrinfo() thread failed to start. See https://curl.se/libcurl/c/libcurl-errors.html first for more details.
Failed to get ticker '336260.KS' reason: Failed to perform, curl: (6) getaddrinfo() thread failed to start. See https://curl.se/libcurl/c/libcurl-errors.html first for more details.
Failed to get ticker '347740.KQ' reason: Failed to perform, curl: (6) getaddrinfo() thread failed to start. See https://curl.se/libcurl/c/libcurl-errors.html first for more details.
Failed to get ticker '352489.KQ' reason: Failed to perform, curl: (6) Could not resolve host: query2.finance.yahoo.com. See https://curl.se/libcurl/c/libcurl-errors.html first for more details.
$3504.T: possibly delisted; no price data found  (period=3mo) (Yahoo error = "No data found, symbol may be delisted")
Failed to get ticker '348030.KQ' reason: Failed to perform, curl: (6) getaddrinfo() thread failed to start. See https://curl.se/libcurl/c/libcurl-errors.html first for more details.
Failed to get ticker '357250.KS' reason: Failed to perform, curl: (6) getaddrinfo() thread failed to start. See https://curl.se/libcurl/c/libcurl-errors.html first for more details.
Failed to get ticker '352700.KQ' reason: Failed to perform, curl: (6) getaddrinfo() thread failed to start. See https://curl.se/libcurl/c/libcurl-errors.html first for more details.
Failed to get ticker '3442.T' reason: unable to open database file
$3442.T: possibly delisted; no price data found  (period=3mo) (Yahoo error = "No data found, symbol may be delisted")
$352485.KQ: possibly delisted; no price data found  (period=3mo) (Yahoo error = "No data found, symbol may be delisted")

116 Failed downloads:
['335810.KQ', '3392.T', '330860.KQ', '347850.KQ', '339770.KS', '3628.T', '351320.KQ', '333050.KQ', '336570.KQ', '353810.KQ', '3431.T', '3529.T', '352A.T', '354320.KQ', '3561.T', '347890.KQ', '3591.T', '351870.KQ', '360070.KQ', '348355.KQ', '348357.KQ', '3600.T', '333430.KQ', '357120.KS', '361610.KS', '348210.KQ', '331740.KQ', '363280.KS', '344820.KS', '355150.KQ', '333620.KQ', '3569.T', '3537.T', '3346.T', '347860.KQ', '356680.KQ', '364950.KQ', '340810.KQ', '352487.KQ', '334970.KQ', '3583.T', '334890.KS', '352940.KQ', '3646.T', '331A.T', '3409.T', '3374.T', '344860.KQ', '330A.T', '331380.KQ', '360350.KQ', '348340.KQ', '3388.T', '3407.T', '357230.KQ', '339950.KQ', '362990.KQ', '348950.KS', '336A.T', '357780.KQ', '3370.T', '336370.KS', '340440.KQ', '336060.KQ', '357430.KS', '3417.T', '3434.T', '361570.KQ', '3542.T', '352910.KQ', '350520.KS', '331520.KQ', '340360.KQ', '362320.KQ', '338100.KS', '358570.KQ', '347000.KQ', '353190.KQ', '363260.KQ', '330730.KQ', '3315.T', '351330.KQ', '337930.KQ', '332290.KQ', '352489.KQ', '356860.KQ', '347740.KQ', '348030.KQ', '3580.T', '357250.KS', '363250.KQ', '3551.T', '3360.T', '352770.KQ', '352700.KQ']: TypeError("'NoneType' object is not subscriptable")
['355390.KQ', '3512.T', '3571.T', '336680.KQ', '357580.KQ', '338220.KQ', '347770.KQ', '348359.KQ', '3423.T', '353200.KS', '361670.KQ', '331920.KQ', '352820.KS', '3598.T', '340930.KQ', '3435.T', '355690.KQ', '332570.KQ']: OperationalError('unable to open database file')
['3504.T', '3442.T', '352485.KQ']: possibly delisted; no price data found  (period=3mo) (Yahoo error = "No data found, symbol may be delisted")
Failed to get ticker '367000.KQ' reason: Failed to perform, curl: (6) Could not resolve host: query2.finance.yahoo.com. See https://curl.se/libcurl/c/libcurl-errors.html first for more details.
Failed to get ticker '383310.KQ' reason: Failed to perform, curl: (6) Could not resolve host: query2.finance.yahoo.com. See https://curl.se/libcurl/c/libcurl-errors.html first for more details.
Failed to get ticker '372320.KQ' reason: Failed to perform, curl: (6) Could not resolve host: query2.finance.yahoo.com. See https://curl.se/libcurl/c/libcurl-errors.html first for more details.
Failed to get ticker '372917.KS' reason: Failed to perform, curl: (6) getaddrinfo() thread failed to start. See https://curl.se/libcurl/c/libcurl-errors.html first for more details.
Failed to get ticker '382480.KQ' reason: Failed to perform, curl: (6) Could not resolve host: query2.finance.yahoo.com. See https://curl.se/libcurl/c/libcurl-errors.html first for more details.
Failed to get ticker '381620.KQ' reason: Failed to perform, curl: (6) Could not resolve host: query2.finance.yahoo.com. See https://curl.se/libcurl/c/libcurl-errors.html first for more details.
Failed to get ticker '377480.KQ' reason: Failed to perform, curl: (6) getaddrinfo() thread failed to start. See https://curl.se/libcurl/c/libcurl-errors.html first for more details.
Failed to get ticker '396300.KQ' reason: Failed to perform, curl: (6) Could not resolve host: query2.finance.yahoo.com. See https://curl.se/libcurl/c/libcurl-errors.html first for more details.
Failed to get ticker '393210.KQ' reason: Failed to perform, curl: (6) Could not resolve host: query2.finance.yahoo.com. See https://curl.se/libcurl/c/libcurl-errors.html first for more details.
Failed to get ticker '394280.KQ' reason: Failed to perform, curl: (6) getaddrinfo() thread failed to start. See https://curl.se/libcurl/c/libcurl-errors.html first for more details.
Failed to get ticker '383800.KS' reason: Failed to perform, curl: (6) Could not resolve host: query2.finance.yahoo.com. See https://curl.se/libcurl/c/libcurl-errors.html first for more details.
Failed to get ticker '389470.KQ' reason: Failed to perform, curl: (6) getaddrinfo() thread failed to start. See https://curl.se/libcurl/c/libcurl-errors.html first for more details.
Failed to get ticker '388790.KQ' reason: Failed to perform, curl: (6) getaddrinfo() thread failed to start. See https://curl.se/libcurl/c/libcurl-errors.html first for more details.
Failed to get ticker '373160.KQ' reason: Failed to perform, curl: (6) getaddrinfo() thread failed to start. See https://curl.se/libcurl/c/libcurl-errors.html first for more details.
Failed to get ticker '389680.KQ' reason: Failed to perform, curl: (6) getaddrinfo() thread failed to start. See https://curl.se/libcurl/c/libcurl-errors.html first for more details.
Failed to get ticker '382845.KQ' reason: unable to open database file
Failed to get ticker '388720.KQ' reason: Failed to perform, curl: (6) getaddrinfo() thread failed to start. See https://curl.se/libcurl/c/libcurl-errors.html first for more details.
Failed to get ticker '372800.KQ' reason: Failed to perform, curl: (6) Could not resolve host: query2.finance.yahoo.com. See https://curl.se/libcurl/c/libcurl-errors.html first for more details.
Failed to get ticker '396270.KQ' reason: Failed to perform, curl: (6) Could not resolve host: query2.finance.yahoo.com. See https://curl.se/libcurl/c/libcurl-errors.html first for more details.
Failed to get ticker '380540.KQ' reason: Failed to perform, curl: (6) getaddrinfo() thread failed to start. See https://curl.se/libcurl/c/libcurl-errors.html first for more details.
Failed to get ticker '365270.KQ' reason: Failed to perform, curl: (6) getaddrinfo() thread failed to start. See https://curl.se/libcurl/c/libcurl-errors.html first for more details.
Failed to get ticker '391710.KQ' reason: Failed to perform, curl: (6) getaddrinfo() thread failed to start. See https://curl.se/libcurl/c/libcurl-errors.html first for more details.
Failed to get ticker '373220.KS' reason: Failed to perform, curl: (6) getaddrinfo() thread failed to start. See https://curl.se/libcurl/c/libcurl-errors.html first for more details.
Failed to get ticker '365590.KQ' reason: Failed to perform, curl: (6) Could not resolve host: query2.finance.yahoo.com. See https://curl.se/libcurl/c/libcurl-errors.html first for more details.
Failed to get ticker '372915.KS' reason: Failed to perform, curl: (6) getaddrinfo() thread failed to start. See https://curl.se/libcurl/c/libcurl-errors.html first for more details.
Failed to get ticker '380550.KQ' reason: Failed to perform, curl: (6) getaddrinfo() thread failed to start. See https://curl.se/libcurl/c/libcurl-errors.html first for more details.
Failed to get ticker '376270.KQ' reason: Failed to perform, curl: (6) getaddrinfo() thread failed to start. See https://curl.se/libcurl/c/libcurl-errors.html first for more details.
$372919.KS: possibly delisted; no price data found  (period=3mo) (Yahoo error = "No data found, symbol may be delisted")
Failed to get ticker '369370.KQ' reason: Failed to perform, curl: (6) Could not resolve host: query2.finance.yahoo.com. See https://curl.se/libcurl/c/libcurl-errors.html first for more details.
$382849.KQ: possibly delisted; no price data found  (period=3mo) (Yahoo error = "No data found, symbol may be delisted")
Failed to get ticker '376297.KQ' reason: Failed to perform, curl: (6) getaddrinfo() thread failed to start. See https://curl.se/libcurl/c/libcurl-errors.html first for more details.
Failed to get ticker '368970.KQ' reason: Failed to perform, curl: (6) getaddrinfo() thread failed to start. See https://curl.se/libcurl/c/libcurl-errors.html first for more details.
Failed to get ticker '388870.KQ' reason: Failed to perform, curl: (6) getaddrinfo() thread failed to start. See https://curl.se/libcurl/c/libcurl-errors.html first for more details.
Failed to get ticker '376900.KQ' reason: Failed to perform, curl: (6) getaddrinfo() thread failed to start. See https://curl.se/libcurl/c/libcurl-errors.html first for more details.
Failed to get ticker '365330.KQ' reason: Failed to perform, curl: (6) Could not resolve host: query2.finance.yahoo.com. See https://curl.se/libcurl/c/libcurl-errors.html first for more details.
Failed to get ticker '389020.KQ' reason: Failed to perform, curl: (6) getaddrinfo() thread failed to start. See https://curl.se/libcurl/c/libcurl-errors.html first for more details.
Failed to get ticker '373110.KQ' reason: Failed to perform, curl: (6) getaddrinfo() thread failed to start. See https://curl.se/libcurl/c/libcurl-errors.html first for more details.
Failed to get ticker '365900.KQ' reason: Failed to perform, curl: (6) Could not resolve host: query2.finance.yahoo.com. See https://curl.se/libcurl/c/libcurl-errors.html first for more details.
Failed to get ticker '376300.KQ' reason: Failed to perform, curl: (6) getaddrinfo() thread failed to start. See https://curl.se/libcurl/c/libcurl-errors.html first for more details.
Failed to get ticker '382800.KQ' reason: Failed to perform, curl: (6) Could not resolve host: query2.finance.yahoo.com. See https://curl.se/libcurl/c/libcurl-errors.html first for more details.
Failed to get ticker '394420.KQ' reason: Failed to perform, curl: (6) Could not resolve host: query2.finance.yahoo.com. See https://curl.se/libcurl/c/libcurl-errors.html first for more details.
Failed to get ticker '377190.KS' reason: Failed to perform, curl: (6) getaddrinfo() thread failed to start. See https://curl.se/libcurl/c/libcurl-errors.html first for more details.
Failed to get ticker '377740.KS' reason: Failed to perform, curl: (6) Could not resolve host: query2.finance.yahoo.com. See https://curl.se/libcurl/c/libcurl-errors.html first for more details.
Failed to get ticker '382847.KQ' reason: Failed to perform, curl: (6) Could not resolve host: query2.finance.yahoo.com. See https://curl.se/libcurl/c/libcurl-errors.html first for more details.
Failed to get ticker '3849.T' reason: Failed to perform, curl: (6) getaddrinfo() thread failed to start. See https://curl.se/libcurl/c/libcurl-errors.html first for more details.
$376295.KQ: possibly delisted; no price data found  (period=3mo) (Yahoo error = "No data found, symbol may be delisted")

107 Failed downloads:
['3953.T', '3753.T', '367000.KQ', '3910.T', '3945.T', '3923.T', '383310.KQ', '372320.KQ', '372917.KS', '382480.KQ', '381620.KQ', '377480.KQ', '3750.T', '396300.KQ', '3839.T', '394280.KQ', '3954.T', '378800.KQ', '383800.KS', '3787.T', '389470.KQ', '3851.T', '389030.KQ', '376290.KQ', '388050.KQ', '388790.KQ', '3708.T', '373160.KQ', '389680.KQ', '3817.T', '393210.KQ', '382845.KQ', '388720.KQ', '3661.T', '3825.T', '372800.KQ', '396270.KQ', '380540.KQ', '3880.T', '3771.T', '3936.T', '3932.T', '365590.KQ', '3963.T', '3927.T', '3779.T', '3803.T', '372915.KS', '380550.KQ', '3858.T', '384470.KQ', '3863.T', '377220.KQ', '368970.KQ', '3877.T', '388870.KQ', '3762.T', '376900.KQ', '3929.T', '3774.T', '389140.KQ', '365330.KQ', '3937.T', '389020.KQ', '3773.T', '373110.KQ', '37OC.L', '365900.KQ', '3676.T', '376300.KQ', '376297.KQ', '3909.T', '378340.KQ', '375500.KS', '3741.T', '3934.T', '3844.T', '3840.T', '3905.T', '3896.T', '377190.KS', '3962.T', '377740.KS', '3865.T', '368A.T', '382847.KQ', '373170.KQ', '377030.KQ', '3849.T']: TypeError("'NoneType' object is not subscriptable")
['382150.KQ', '365550.KS', '37QB.L', '393890.KQ', '377460.KQ', '389500.KQ', '394800.KQ', '396470.KQ', '3837.T', '3970.T', '393970.KQ', '3845.T', '378850.KS', '365340.KQ', '376299.KQ']: OperationalError('unable to open database file')
['372919.KS', '382849.KQ', '376295.KQ']: possibly delisted; no price data found  (period=3mo) (Yahoo error = "No data found, symbol may be delisted")
Failed to get ticker '402490.KQ' reason: Failed to perform, curl: (6) Could not resolve host: query2.finance.yahoo.com. See https://curl.se/libcurl/c/libcurl-errors.html first for more details.
Failed to get ticker '418470.KQ' reason: Failed to perform, curl: (6) getaddrinfo() thread failed to start. See https://curl.se/libcurl/c/libcurl-errors.html first for more details.
Failed to get ticker '439090.KQ' reason: Failed to perform, curl: (6) Could not resolve host: query2.finance.yahoo.com. See https://curl.se/libcurl/c/libcurl-errors.html first for more details.
Failed to get ticker '418250.KQ' reason: Failed to perform, curl: (6) getaddrinfo() thread failed to start. See https://curl.se/libcurl/c/libcurl-errors.html first for more details.
Failed to get ticker '408920.KQ' reason: Failed to perform, curl: (6) getaddrinfo() thread failed to start. See https://curl.se/libcurl/c/libcurl-errors.html first for more details.
Failed to get ticker '417860.KQ' reason: Failed to perform, curl: (6) getaddrinfo() thread failed to start. See https://curl.se/libcurl/c/libcurl-errors.html first for more details.
Failed to get ticker '398120.KQ' reason: Failed to perform, curl: (6) getaddrinfo() thread failed to start. See https://curl.se/libcurl/c/libcurl-errors.html first for more details.
Failed to get ticker '419120.KQ' reason: Failed to perform, curl: (6) getaddrinfo() thread failed to start. See https://curl.se/libcurl/c/libcurl-errors.html first for more details.
Failed to get ticker '406820.KQ' reason: Failed to perform, curl: (6) Could not resolve host: query2.finance.yahoo.com. See https://curl.se/libcurl/c/libcurl-errors.html first for more details.
Failed to get ticker '403850.KQ' reason: Failed to perform, curl: (6) getaddrinfo() thread failed to start. See https://curl.se/libcurl/c/libcurl-errors.html first for more details.
Failed to get ticker '417797.KQ' reason: Failed to perform, curl: (6) getaddrinfo() thread failed to start. See https://curl.se/libcurl/c/libcurl-errors.html first for more details.
Failed to get ticker '417010.KQ' reason: Failed to perform, curl: (6) getaddrinfo() thread failed to start. See https://curl.se/libcurl/c/libcurl-errors.html first for more details.
Failed to get ticker '416180.KQ' reason: Failed to perform, curl: (6) Could not resolve host: query2.finance.yahoo.com. See https://curl.se/libcurl/c/libcurl-errors.html first for more details.
Failed to get ticker '404990.KS' reason: Failed to perform, curl: (6) getaddrinfo() thread failed to start. See https://curl.se/libcurl/c/libcurl-errors.html first for more details.
Failed to get ticker '425420.KQ' reason: Failed to perform, curl: (6) getaddrinfo() thread failed to start. See https://curl.se/libcurl/c/libcurl-errors.html first for more details.
$39IB.L: possibly delisted; no price data found  (period=3mo)
Failed to get ticker '400760.KS' reason: Failed to perform, curl: (6) Could not resolve host: query2.finance.yahoo.com. See https://curl.se/libcurl/c/libcurl-errors.html first for more details.
Failed to get ticker '438700.KQ' reason: Failed to perform, curl: (6) Could not resolve host: query2.finance.yahoo.com. See https://curl.se/libcurl/c/libcurl-errors.html first for more details.
Failed to get ticker '405000.KQ' reason: Failed to perform, curl: (6) Could not resolve host: query2.finance.yahoo.com. See https://curl.se/libcurl/c/libcurl-errors.html first for more details.
Failed to get ticker '432470.KQ' reason: Failed to perform, curl: (6) Could not resolve host: query2.finance.yahoo.com. See https://curl.se/libcurl/c/libcurl-errors.html first for more details.
Failed to get ticker '434480.KQ' reason: Failed to perform, curl: (6) Could not resolve host: query2.finance.yahoo.com. See https://curl.se/libcurl/c/libcurl-errors.html first for more details.
Failed to get ticker '397810.KQ' reason: Failed to perform, curl: (6) Could not resolve host: query2.finance.yahoo.com. See https://curl.se/libcurl/c/libcurl-errors.html first for more details.
Failed to get ticker '413640.KQ' reason: Failed to perform, curl: (6) getaddrinfo() thread failed to start. See https://curl.se/libcurl/c/libcurl-errors.html first for more details.
Failed to get ticker '435570.KQ' reason: Failed to perform, curl: (6) Could not resolve host: query2.finance.yahoo.com. See https://curl.se/libcurl/c/libcurl-errors.html first for more details.
Failed to get ticker '402030.KQ' reason: Failed to perform, curl: (6) getaddrinfo() thread failed to start. See https://curl.se/libcurl/c/libcurl-errors.html first for more details.
Failed to get ticker '418620.KQ' reason: Failed to perform, curl: (77) error setting certificate verify locations:  CAfile: /Users/ajay/Library/Python/3.9/lib/python/site-packages/certifi/cacert.pem CApath: none. See https://curl.se/libcurl/c/libcurl-errors.html first for more details.
Failed to get ticker '412540.KQ' reason: Failed to perform, curl: (6) Could not resolve host: query2.finance.yahoo.com. See https://curl.se/libcurl/c/libcurl-errors.html first for more details.
Failed to get ticker '440320.KQ' reason: Failed to perform, curl: (6) getaddrinfo() thread failed to start. See https://curl.se/libcurl/c/libcurl-errors.html first for more details.
Failed to get ticker '417795.KQ' reason: Failed to perform, curl: (6) getaddrinfo() thread failed to start. See https://curl.se/libcurl/c/libcurl-errors.html first for more details.
Failed to get ticker '443060.KS' reason: Failed to perform, curl: (6) getaddrinfo() thread failed to start. See https://curl.se/libcurl/c/libcurl-errors.html first for more details.
Failed to get ticker '432980.KQ' reason: Failed to perform, curl: (6) Could not resolve host: query2.finance.yahoo.com. See https://curl.se/libcurl/c/libcurl-errors.html first for more details.
Failed to get ticker '417799.KQ' reason: Failed to perform, curl: (6) Could not resolve host: query2.finance.yahoo.com. See https://curl.se/libcurl/c/libcurl-errors.html first for more details.
Failed to get ticker '417310.KS' reason: Failed to perform, curl: (6) Could not resolve host: query2.finance.yahoo.com. See https://curl.se/libcurl/c/libcurl-errors.html first for more details.
$417795.KQ: possibly delisted; no price data found  (period=3mo) (Yahoo error = "No data found, symbol may be delisted")
$417799.KQ: possibly delisted; no price data found  (period=3mo) (Yahoo error = "No data found, symbol may be delisted")

98 Failed downloads:
['424760.KQ', '402490.KQ', '431190.KQ', '4167.T', '4222.T', '4367.T', '407400.KQ', '4247.T', '418470.KQ', '443250.KQ', '4093.T', '3IN.L', '4047.T', '438A.T', '4366.T', '418250.KQ', '4027.T', '408920.KQ', '417860.KQ', '4416.T', '398120.KQ', '4094.T', '418550.KQ', '4040.T', '419120.KQ', '4265.T', '4386.T', '4205.T', '4095.T', '4256.T', '411080.KQ', '4417.T', '440110.KQ', '4041.T', '419050.KQ', '425040.KQ', '41JB.L', '4218.T', '403850.KQ', '417797.KQ', '417010.KQ', '406820.KQ', '4231.T', '416180.KQ', '404990.KS', '4241.T', '4102.T', '4042.T', '4008.T', '432470.KQ', '438700.KQ', '405000.KQ', '434480.KQ', '397810.KQ', '4406.T', '408470.KQ', '424960.KQ', '403550.KS', '397030.KQ', '4436.T', '413640.KQ', '4410.T', '4021.T', '435570.KQ', '413390.KQ', '402030.KQ', '4389.T', '4237.T', '439580.KQ', '4387.T', '4308.T', '412540.KQ', '420570.KQ', '4092.T', '440320.KQ', '4419.T', '420770.KQ', '4425.T', '405920.KQ', '4288.T', '4212.T', '417180.KQ', '432980.KQ', '443060.KS', '4118.T', '4046.T', '4234.T', '417310.KS', '412350.KQ', '429A.T']: TypeError("'NoneType' object is not subscriptable")
['4240.T', '419530.KQ', '432720.KQ', '4028.T', '4360.T']: OperationalError('unable to open database file')
['39IB.L']: possibly delisted; no price data found  (period=3mo)
['417795.KQ', '417799.KQ']: possibly delisted; no price data found  (period=3mo) (Yahoo error = "No data found, symbol may be delisted")
Failed to get ticker '455900.KQ' reason: Failed to perform, curl: (6) getaddrinfo() thread failed to start. See https://curl.se/libcurl/c/libcurl-errors.html first for more details.
Failed to get ticker '458870.KQ' reason: Failed to perform, curl: (6) getaddrinfo() thread failed to start. See https://curl.se/libcurl/c/libcurl-errors.html first for more details.
Failed to get ticker '475460.KQ' reason: Failed to perform, curl: (77) error setting certificate verify locations:  CAfile: /Users/ajay/Library/Python/3.9/lib/python/site-packages/certifi/cacert.pem CApath: none. See https://curl.se/libcurl/c/libcurl-errors.html first for more details.
Failed to get ticker '469610.KQ' reason: Failed to perform, curl: (6) getaddrinfo() thread failed to start. See https://curl.se/libcurl/c/libcurl-errors.html first for more details.
Failed to get ticker '475230.KQ' reason: Failed to perform, curl: (6) getaddrinfo() thread failed to start. See https://curl.se/libcurl/c/libcurl-errors.html first for more details.
Failed to get ticker '461300.KQ' reason: Failed to perform, curl: (6) Could not resolve host: query2.finance.yahoo.com. See https://curl.se/libcurl/c/libcurl-errors.html first for more details.
Failed to get ticker '474610.KQ' reason: Failed to perform, curl: (6) getaddrinfo() thread failed to start. See https://curl.se/libcurl/c/libcurl-errors.html first for more details.
Failed to get ticker '465770.KS' reason: Failed to perform, curl: (6) getaddrinfo() thread failed to start. See https://curl.se/libcurl/c/libcurl-errors.html first for more details.
Failed to get ticker '452280.KQ' reason: Failed to perform, curl: (77) error setting certificate verify locations:  CAfile: /Users/ajay/Library/Python/3.9/lib/python/site-packages/certifi/cacert.pem CApath: none. See https://curl.se/libcurl/c/libcurl-errors.html first for more details.
Failed to get ticker '445680.KQ' reason: Failed to perform, curl: (6) getaddrinfo() thread failed to start. See https://curl.se/libcurl/c/libcurl-errors.html first for more details.
Failed to get ticker '460930.KQ' reason: Failed to perform, curl: (6) Could not resolve host: query2.finance.yahoo.com. See https://curl.se/libcurl/c/libcurl-errors.html first for more details.
Failed to get ticker '456070.KQ' reason: Failed to perform, curl: (6) getaddrinfo() thread failed to start. See https://curl.se/libcurl/c/libcurl-errors.html first for more details.
Failed to get ticker '460470.KQ' reason: Failed to perform, curl: (6) getaddrinfo() thread failed to start. See https://curl.se/libcurl/c/libcurl-errors.html first for more details.
Failed to get ticker '466417.KQ' reason: Failed to perform, curl: (6) getaddrinfo() thread failed to start. See https://curl.se/libcurl/c/libcurl-errors.html first for more details.
Failed to get ticker '456160.KQ' reason: Failed to perform, curl: (6) Could not resolve host: query2.finance.yahoo.com. See https://curl.se/libcurl/c/libcurl-errors.html first for more details.
Failed to get ticker '464500.KQ' reason: Failed to perform, curl: (6) getaddrinfo() thread failed to start. See https://curl.se/libcurl/c/libcurl-errors.html first for more details.
Failed to get ticker '466415.KQ' reason: Failed to perform, curl: (6) Could not resolve host: query1.finance.yahoo.com. See https://curl.se/libcurl/c/libcurl-errors.html first for more details.
Failed to get ticker '462520.KS' reason: Failed to perform, curl: (6) Could not resolve host: query1.finance.yahoo.com. See https://curl.se/libcurl/c/libcurl-errors.html first for more details.
Failed to get ticker '469750.KQ' reason: Failed to perform, curl: (6) getaddrinfo() thread failed to start. See https://curl.se/libcurl/c/libcurl-errors.html first for more details.
Failed to get ticker '460860.KS' reason: Failed to perform, curl: (6) Could not resolve host: query2.finance.yahoo.com. See https://curl.se/libcurl/c/libcurl-errors.html first for more details.
Failed to get ticker '462870.KS' reason: Failed to perform, curl: (6) Could not resolve host: query2.finance.yahoo.com. See https://curl.se/libcurl/c/libcurl-errors.html first for more details.
Failed to get ticker '466419.KQ' reason: Failed to perform, curl: (6) getaddrinfo() thread failed to start. See https://curl.se/libcurl/c/libcurl-errors.html first for more details.
Failed to get ticker '452160.KQ' reason: Failed to perform, curl: (6) Could not resolve host: query2.finance.yahoo.com. See https://curl.se/libcurl/c/libcurl-errors.html first for more details.
Failed to get ticker '451220.KQ' reason: Failed to perform, curl: (6) Could not resolve host: query2.finance.yahoo.com. See https://curl.se/libcurl/c/libcurl-errors.html first for more details.
Failed to get ticker '462510.KQ' reason: Failed to perform, curl: (6) getaddrinfo() thread failed to start. See https://curl.se/libcurl/c/libcurl-errors.html first for more details.
Failed to get ticker '453340.KS' reason: Failed to perform, curl: (6) getaddrinfo() thread failed to start. See https://curl.se/libcurl/c/libcurl-errors.html first for more details.
Failed to get ticker '456040.KS' reason: Failed to perform, curl: (6) getaddrinfo() thread failed to start. See https://curl.se/libcurl/c/libcurl-errors.html first for more details.
Failed to get ticker '452450.KQ' reason: Failed to perform, curl: (6) getaddrinfo() thread failed to start. See https://curl.se/libcurl/c/libcurl-errors.html first for more details.

87 Failed downloads:
['471820.KQ', '455900.KQ', '4571.T', '458870.KQ', '46GM.L', '4570.T', '4671.T', '4584.T', '452200.KQ', '4650.T', '462860.KQ', '4687.T', '44GL.L', '452190.KQ', '452430.KQ', '4496.T', '464280.KQ', '4538.T', '466100.KQ', '456010.KQ', '469610.KQ', '448900.KQ', '475230.KQ', '4611.T', '474610.KQ', '4543.T', '465770.KS', '4521.T', '4492.T', '4664.T', '4629.T', '460930.KQ', '4540.T', '4678.T', '460470.KQ', '465480.KQ', '445180.KQ', '4635.T', '466417.KQ', '4620.T', '466410.KQ', '4594.T', '4464.T', '459510.KQ', '446540.KQ', '453860.KQ', '4531.T', '4488.T', '462350.KQ', '451250.KQ', '4720.T', '464500.KQ', '4661.T', '4613.T', '466415.KQ', '4662.T', '464580.KQ', '462870.KS', '466419.KQ', '4617.T', '4498.T', '4694.T', '4442.T', '450080.KS', '452160.KQ', '4623.T', '4684.T', '460940.KQ', '4676.T', '451220.KQ', '474170.KQ', '462510.KQ', '462310.KQ', '4598.T', '4491.T', '463020.KQ', '453340.KS', '4686.T', '455180.KQ', '475430.KQ', '456040.KS', '452450.KQ', '4651.T', '4506.T', '458350.KQ']: TypeError("'NoneType' object is not subscriptable")
['4552.T', '459100.KQ']: OperationalError('unable to open database file')
Failed to get ticker '53GW.L' reason: Failed to perform, curl: (6) getaddrinfo() thread failed to start. See https://curl.se/libcurl/c/libcurl-errors.html first for more details.
Failed to get ticker '484810.KQ' reason: Failed to perform, curl: (6) Could not resolve host: query2.finance.yahoo.com. See https://curl.se/libcurl/c/libcurl-errors.html first for more details.
Failed to get ticker '484870.KS' reason: Failed to perform, curl: (6) Could not resolve host: query2.finance.yahoo.com. See https://curl.se/libcurl/c/libcurl-errors.html first for more details.
Failed to get ticker '5579.T' reason: Failed to perform, curl: (6) getaddrinfo() thread failed to start. See https://curl.se/libcurl/c/libcurl-errors.html first for more details.
Failed to get ticker '484120.KQ' reason: Failed to perform, curl: (6) getaddrinfo() thread failed to start. See https://curl.se/libcurl/c/libcurl-errors.html first for more details.
Failed to get ticker '491000.KQ' reason: Failed to perform, curl: (6) getaddrinfo() thread failed to start. See https://curl.se/libcurl/c/libcurl-errors.html first for more details.
Failed to get ticker '478340.KQ' reason: Failed to perform, curl: (6) getaddrinfo() thread failed to start. See https://curl.se/libcurl/c/libcurl-errors.html first for more details.
Failed to get ticker '489500.KQ' reason: Failed to perform, curl: (6) getaddrinfo() thread failed to start. See https://curl.se/libcurl/c/libcurl-errors.html first for more details.
Failed to get ticker '5342.T' reason: Failed to perform, curl: (6) Could not resolve host: query2.finance.yahoo.com. See https://curl.se/libcurl/c/libcurl-errors.html first for more details.
$5342.T: possibly delisted; no price data found  (period=3mo) (Yahoo error = "No data found, symbol may be delisted")
Failed to get ticker '5607.T' reason: unable to open database file
Failed to get ticker '475960.KQ' reason: Failed to perform, curl: (6) getaddrinfo() thread failed to start. See https://curl.se/libcurl/c/libcurl-errors.html first for more details.
$5607.T: possibly delisted; no price data found  (period=3mo) (Yahoo error = "No data found, symbol may be delisted")

106 Failed downloads:
['484590.KQ', '5388.T', '4960.T', '5071.T', '475830.KQ', '5658.T', '543A.T', '53GW.L', '5282.T', '5262.T', '5449.T', '55BC.L', '5602.T', '484870.KS', '475580.KQ', '5458.T', '5202.T', '5401.T', '5020.T', '5482.T', '476080.KQ', '4901.T', '5592.T', '5103.T', '51FL.L', '49GP.L', '5189.T', '5609.T', '481070.KQ', '5480.T', '5660.T', '5290.T', '4889.T', '5258.T', '5287.T', '476040.KQ', '5194.T', '5016.T', '5391.T', '5252.T', '5579.T', '4998.T', '484120.KQ', '550A.T', '4819.T', '491000.KQ', '489460.KQ', '548A.T', '4762.T', '5033.T', '5233.T', '478340.KQ', '520A.T', '4975.T', '475A.T', '5440.T', '5363.T', '55VX.L', '5133.T', '475660.KQ', '5210.T', '489500.KQ', '554A.T', '4771.T', '4990.T', '493330.KQ', '5423.T', '5393.T', '5357.T', '489790.KS', '4888.T', '494120.KQ', '5199.T', '4801.T', '5355.T', '477A.T', '488900.KQ', '5410.T', '5603.T', '5285.T', '5192.T', '5261.T', '4887.T', '475560.KS', '5484.T', '54GW.L', '5408.T', '47IE.L', '476830.KQ', '5621.T', '4968.T', '475960.KQ', '4926.T', '4894.T', '5571.T', '5253.T', '5268.T', '5029.T', '5464.T']: TypeError("'NoneType' object is not subscriptable")
['486990.KQ', '5445.T', '5491.T', '5697.T', '4978.T']: OperationalError('unable to open database file')
['5342.T', '5607.T']: possibly delisted; no price data found  (period=3mo) (Yahoo error = "No data found, symbol may be delisted")
Failed to get ticker '59OT.L' reason: Failed to perform, curl: (6) getaddrinfo() thread failed to start. See https://curl.se/libcurl/c/libcurl-errors.html first for more details.
Failed to get ticker '6111.T' reason: Failed to perform, curl: (6) getaddrinfo() thread failed to start. See https://curl.se/libcurl/c/libcurl-errors.html first for more details.
Failed to get ticker '6439.T' reason: Failed to perform, curl: (6) Could not resolve host: query2.finance.yahoo.com. See https://curl.se/libcurl/c/libcurl-errors.html first for more details.
$5979.T: possibly delisted; no price data found  (period=3mo) (Yahoo error = "No data found, symbol may be delisted")
$6111.T: possibly delisted; no price data found  (period=3mo) (Yahoo error = "No data found, symbol may be delisted")

116 Failed downloads:
['6245.T', '5923.T', '6096.T', '6368.T', '6272.T', '6042.T', '6181.T', '6018.T', '5801.T', '5707.T', '59OT.L', '6360.T', '6273.T', '5757.T', '6364.T', '6195.T', '6306.T', '6070.T', '6351.T', '6158.T', '6424.T', '5969.T', '5945.T', '6023.T', '6357.T', '5852.T', '5981.T', '6332.T', '5715.T', '5905.T', '6380.T', '6155.T', '5918.T', '6436.T', '5983.T', '6420.T', '6248.T', '6391.T', '6418.T', '5721.T', '6088.T', '6371.T', '5939.T', '6337.T', '6356.T', '6134.T', '5986.T', '5973.T', '6166.T', '5985.T', '5975.T', '5713.T', '6390.T', '6407.T', '6467.T', '6317.T', '6055.T', '6457.T', '5966.T', '6229.T', '5858.T', '6417.T', '6237.T', '6254.T', '5714.T', '5947.T', '5742.T', '6342.T', '5936.T', '6059.T', '6092.T', '6203.T', '6247.T', '5974.T', '6405.T', '6333.T', '6113.T', '5902.T', '6343.T', '5PG.OL', '6257.T', '6072.T', '5915.T', '5901.T', '6393.T', '6069.T', '6428.T', '6022.T', '5870.T', '6218.T', '6125.T', '5976.T', '6045.T', '6157.T', '6137.T', '6334.T', '6439.T', '5706.T', '6454.T', '6358.T', '6307.T', '5958.T', '5956.T', '6144.T', '6145.T']: TypeError("'NoneType' object is not subscriptable")
['6246.T', '6347.T', '6140.T', '6305.T', '6335.T', '6346.T', '6408.T', '5962.T', '6190.T']: OperationalError('unable to open database file')
['5979.T', '6111.T']: possibly delisted; no price data found  (period=3mo) (Yahoo error = "No data found, symbol may be delisted")
Failed to get ticker '6655.T' reason: Failed to perform, curl: (6) getaddrinfo() thread failed to start. See https://curl.se/libcurl/c/libcurl-errors.html first for more details.
Failed to get ticker '67GX.L' reason: Failed to perform, curl: (6) getaddrinfo() thread failed to start. See https://curl.se/libcurl/c/libcurl-errors.html first for more details.
Failed to get ticker '6623.T' reason: Failed to perform, curl: (6) Could not resolve host: query2.finance.yahoo.com. See https://curl.se/libcurl/c/libcurl-errors.html first for more details.

122 Failed downloads:
['6777.T', '7031.T', '6745.T', '6508.T', '6523.T', '7040.T', '6932.T', '6574.T', '6969.T', '7042.T', '6918.T', '6859.T', '6644.T', '6926.T', '6648.T', '6912.T', '6549.T', '6794.T', '6904.T', '6754.T', '7011.T', '6495.T', '7003.T', '6800.T', '6538.T', '6823.T', '6615.T', '6997.T', '6517.T', '6617.T', '6736.T', '6787.T', '6850.T', '6599.T', '6507.T', '67GX.L', '6768.T', '6479.T', '6655.T', '6586.T', '6651.T', '6772.T', '6637.T', '6952.T', '6960.T', '6526.T', '6919.T', '6718.T', '6951.T', '6820.T', '6750.T', '6981.T', '6623.T', '6643.T', '6659.T', '7075.T', '6580.T', '6584.T', '7084.T', '6819.T', '6620.T', '6545.T', '6862.T', '6564.T', '6482.T', '6982.T', '7018.T', '6588.T', '6647.T', '6855.T', '6803.T', '6849.T', '6955.T', '6743.T', '7078.T', '6943.T', '6625.T', '6923.T', '6989.T', '6840.T', '6678.T', '6804.T', '6562.T', '6699.T', '6485.T', '6775.T', '6993.T', '6864.T', '6810.T', '6674.T', '7062.T', '6857.T', '6806.T', '6776.T', '6742.T', '6666.T', '6744.T', '6557.T', '6570.T', '6753.T', '6493.T', '6996.T', '6836.T', '6786.T', '6958.T', '6568.T', '6998.T', '7021.T', '6837.T']: TypeError("'NoneType' object is not subscriptable")
['6846.T', '6941.T', '6707.T', '6925.T', '6824.T', '6964.T', '6676.T', '6942.T', '6740.T', '6961.T', '6867.T', '6616.T', '6771.T']: OperationalError('unable to open database file')
Failed to get ticker '7441.T' reason: Failed to perform, curl: (6) getaddrinfo() thread failed to start. See https://curl.se/libcurl/c/libcurl-errors.html first for more details.

116 Failed downloads:
['7695.T', '7836.T', '7096.T', '7238.T', '7795.T', '7749.T', '7565.T', '7459.T', '7119.T', '7621.T', '7438.T', '7731.T', '7780.T', '7111.T', '7441.T', '7717.T', '74SW.PA', '7550.T', '7502.T', '7551.T', '7791.T', '7555.T', '7426.T', '7118.T', '7094.T', '7456.T', '7538.T', '7860.T', '7771.T', '7762.T', '7413.T', '7138.T', '7129.T', '7504.T', '7273.T', '7864.T', '7794.T', '7686.T', '7133.T', '7694.T', '7089.T', '7868.T', '7822.T', '7444.T', '7709.T', '7140.T', '7246.T', '7734.T', '7226.T', '7242.T', '7114.T', '7851.T', '7287.T', '7715.T', '7460.T', '7317.T', '7463.T', '7482.T', '7863.T', '7820.T', '7416.T', '7567.T', '7264.T', '7571.T', '7291.T', '7521.T', '7578.T', '7746.T', '7562.T', '7677.T', '7628.T', '7090.T', '7280.T', '7087.T', '7615.T', '7638.T', '7127.T', '71FG.L', '7721.T', '7745.T', '7414.T', '7247.T', '7239.T', '7779.T', '7634.T', '70GD.L', '7284.T', '7367.T', '7212.T', '7271.T', '7481.T', '7570.T', '7874.T', '7859.T', '7877.T', '7443.T', '7399.T', '7091.T', '7433.T', '7735.T', '7318.T', '7476.T', '7374.T', '7523.T', '7235.T', '7217.T', '72HN.L', '7256.T', '7524.T']: TypeError("'NoneType' object is not subscriptable")
['76ID.L', '7506.T', '7872.T', '7867.T', '71HT.L', '7277.T', '7292.T']: OperationalError('unable to open database file')
Failed to get ticker '8145.T' reason: Failed to perform, curl: (77) error setting certificate verify locations:  CAfile: /Users/ajay/Library/Python/3.9/lib/python/site-packages/certifi/cacert.pem CApath: none. See https://curl.se/libcurl/c/libcurl-errors.html first for more details.
Failed to get ticker '79GL.L' reason: Failed to perform, curl: (6) getaddrinfo() thread failed to start. See https://curl.se/libcurl/c/libcurl-errors.html first for more details.
Failed to get ticker '78QZ.L' reason: Failed to perform, curl: (6) getaddrinfo() thread failed to start. See https://curl.se/libcurl/c/libcurl-errors.html first for more details.
Failed to get ticker '78GL.L' reason: Failed to perform, curl: (6) getaddrinfo() thread failed to start. See https://curl.se/libcurl/c/libcurl-errors.html first for more details.
$8145.T: possibly delisted; no price data found  (period=3mo) (Yahoo error = "No data found, symbol may be delisted")
Failed to get ticker '900140.KS' reason: Failed to perform, curl: (6) getaddrinfo() thread failed to start. See https://curl.se/libcurl/c/libcurl-errors.html first for more details.
Failed to get ticker '9035.T' reason: Failed to perform, curl: (6) Could not resolve host: query2.finance.yahoo.com. See https://curl.se/libcurl/c/libcurl-errors.html first for more details.
Failed to get ticker '900300.KQ' reason: Failed to perform, curl: (6) getaddrinfo() thread failed to start. See https://curl.se/libcurl/c/libcurl-errors.html first for more details.
Failed to get ticker '86PB.L' reason: Failed to perform, curl: (6) getaddrinfo() thread failed to start. See https://curl.se/libcurl/c/libcurl-errors.html first for more details.
Failed to get ticker '78TK.L' reason: Failed to perform, curl: (6) Could not resolve host: query2.finance.yahoo.com. See https://curl.se/libcurl/c/libcurl-errors.html first for more details.
Failed to get ticker '9085.T' reason: Failed to perform, curl: (6) getaddrinfo() thread failed to start. See https://curl.se/libcurl/c/libcurl-errors.html first for more details.
$86PB.L: possibly delisted; no price data found  (period=3mo)
Failed to get ticker '900260.KQ' reason: Failed to perform, curl: (6) Could not resolve host: query1.finance.yahoo.com. See https://curl.se/libcurl/c/libcurl-errors.html first for more details.
Failed to get ticker '900270.KQ' reason: Failed to perform, curl: (6) Could not resolve host: query1.finance.yahoo.com. See https://curl.se/libcurl/c/libcurl-errors.html first for more details.
Failed to get ticker '900340.KQ' reason: Failed to perform, curl: (6) Could not resolve host: query1.finance.yahoo.com. See https://curl.se/libcurl/c/libcurl-errors.html first for more details.

121 Failed downloads:
['7916.T', '9204.T', '9202.T', '9158.T', '900070.KQ', '8043.T', '8066.T', '7985.T', '9119.T', '9003.T', '8104.T', '8025.T', '8050.T', '8136.T', '7951.T', '8281.T', '8173.T', '8218.T', '8123.T', '7932.T', '79GL.L', '8111.T', '9023.T', '7946.T', '8023.T', '900120.KQ', '8129.T', '9082.T', '7937.T', '8160.T', '7927.T', '8255.T', '78QZ.L', '9076.T', '78GL.L', '7991.T', '7987.T', '8219.T', '900100.KQ', '8097.T', '9007.T', '8835.T', '91ID.L', '8141.T', '9130.T', '8089.T', '8920.T', '9034.T', '7887.T', '9012.T', '9075.T', '9083.T', '7912.T', '8207.T', '9008.T', '8159.T', '9072.T', '8039.T', '8052.T', '8030.T', '8119.T', '8147.T', '8226.T', '8242.T', '7980.T', '7911.T', '9048.T', '80M.L', '9171.T', '7974.T', '88E.L', '9065.T', '9104.T', '8144.T', '9035.T', '8152.T', '8139.T', '9081.T', '78TK.L', '8037.T', '8085.T', '87FZ.L', '8154.T', '900310.KQ', '9060.T', '7953.T', '9036.T', '7918.T', '9085.T', '8074.T', '9193.T', '8006.T', '8105.T', '7898.T', '7955.T', '7943.T', '7950.T', '8091.T', '9220.T', '8118.T', '8137.T', '8115.T', '7883.T', '9017.T', '900250.KQ', '8225.T', '9115.T', '7885.T', '8291.T', '9027.T', '7952.T', '900260.KQ', '8135.T', '900270.KQ', '900300.KQ']: TypeError("'NoneType' object is not subscriptable")
['9009.T', '7990.T', '9006.T', '8071.T']: OperationalError('unable to open database file')
['8145.T']: possibly delisted; no price data found  (period=3mo) (Yahoo error = "No data found, symbol may be delisted")
['86PB.L']: possibly delisted; no price data found  (period=3mo)
Failed to get ticker '9357.T' reason: Failed to perform, curl: (77) error setting certificate verify locations:  CAfile: /Users/ajay/Library/Python/3.9/lib/python/site-packages/certifi/cacert.pem CApath: none. See https://curl.se/libcurl/c/libcurl-errors.html first for more details.
Failed to get ticker '950130.KQ' reason: Failed to perform, curl: (6) Could not resolve host: query2.finance.yahoo.com. See https://curl.se/libcurl/c/libcurl-errors.html first for more details.
Failed to get ticker '9402.T' reason: Failed to perform, curl: (6) Could not resolve host: query2.finance.yahoo.com. See https://curl.se/libcurl/c/libcurl-errors.html first for more details.
Failed to get ticker '950220.KQ' reason: Failed to perform, curl: (6) Could not resolve host: query2.finance.yahoo.com. See https://curl.se/libcurl/c/libcurl-errors.html first for more details.
$9357.T: possibly delisted; no price data found  (period=3mo) (Yahoo error = "No data found, symbol may be delisted")
Failed to get ticker '9643.T' reason: Failed to perform, curl: (6) getaddrinfo() thread failed to start. See https://curl.se/libcurl/c/libcurl-errors.html first for more details.
Failed to get ticker '9359.T' reason: Failed to perform, curl: (6) getaddrinfo() thread failed to start. See https://curl.se/libcurl/c/libcurl-errors.html first for more details.
Failed to get ticker '950210.KS' reason: Failed to perform, curl: (6) Could not resolve host: query2.finance.yahoo.com. See https://curl.se/libcurl/c/libcurl-errors.html first for more details.
Failed to get ticker '9407.T' reason: Failed to perform, curl: (6) Could not resolve host: query2.finance.yahoo.com. See https://curl.se/libcurl/c/libcurl-errors.html first for more details.
Failed to get ticker '950200.KQ' reason: Failed to perform, curl: (6) Could not resolve host: query1.finance.yahoo.com. See https://curl.se/libcurl/c/libcurl-errors.html first for more details.
Failed to get ticker '950170.KQ' reason: Failed to perform, curl: (6) getaddrinfo() thread failed to start. See https://curl.se/libcurl/c/libcurl-errors.html first for more details.
Failed to get ticker '98LM.L' reason: unable to open database file
Failed to get ticker '950140.KQ' reason: Failed to perform, curl: (6) getaddrinfo() thread failed to start. See https://curl.se/libcurl/c/libcurl-errors.html first for more details.
Failed to get ticker 'AA80.L' reason: Failed to perform, curl: (6) Could not resolve host: query2.finance.yahoo.com. See https://curl.se/libcurl/c/libcurl-errors.html first for more details.
Failed to get ticker '950110.KQ' reason: Failed to perform, curl: (6) getaddrinfo() thread failed to start. See https://curl.se/libcurl/c/libcurl-errors.html first for more details.
$98LM.L: possibly delisted; no price data found  (period=3mo) (Yahoo error = "No data found, symbol may be delisted")
$98LQ.L: possibly delisted; no price data found  (period=3mo)

116 Failed downloads:
['9311.T', '9856.T', '9782.T', '9880.T', '9304.T', 'AAEV.L', '9701.T', '9895.T', '9505.T', '9799.T', 'AALLON.HE', '9355.T', '9691.T', '9506.T', 'AAL.L', '9537.T', 'AASB.OL', '9959.T', '9268.T', '9739.T', '9790.T', 'AALB.AS', '9360.T', '9994.T', '9336.T', '9508.T', '9788.T', '9723.T', '9996.T', '9223.T', '9365.T', '9986.T', '9896.T', '9502.T', '950130.KQ', '9312.T', '9366.T', '9930.T', '9900.T', '9791.T', 'AAK.ST', '9468.T', '9503.T', '9402.T', '9936.T', '9327.T', '9845.T', 'AAF.L', '9310.T', '9733.T', '9531.T', '9635.T', '9272.T', '9643.T', '9767.T', '9990.T', '9359.T', '9380.T', '950210.KS', '9303.T', '9501.T', '9928.T', '9301.T', '9906.T', '9513.T', 'AAU.L', '9274.T', '9407.T', '9445.T', '950200.KQ', 'AAC.ST', 'AAIF.L', '9887.T', '9256.T', '9989.T', '9533.T', '9849.T', '9347.T', '9956.T', '9969.T', '950170.KQ', 'AAS.L', '9435.T', '9254.T', 'AAA.PA', '9433.T', '9610.T', '9408.T', '9348.T', '9504.T', 'ABAS.ST', 'AA80.L', '9831.T', '9890.T', '9509.T', '9367.T', '9766.T', '950110.KQ', '9409.T', '9229.T', '9853.T', '9960.T', '9997.T', '9517.T', '9843.T', '9867.T']: TypeError("'NoneType' object is not subscriptable")
['AAZ.L', 'AB.PA', '9713.T', '9511.T', '9475.T', '9534.T', '9362.T']: OperationalError('unable to open database file')
['9357.T', '98LM.L']: possibly delisted; no price data found  (period=3mo) (Yahoo error = "No data found, symbol may be delisted")
['98LQ.L']: possibly delisted; no price data found  (period=3mo)
Failed to get ticker 'AJAX.AS' reason: Failed to perform, curl: (6) Could not resolve host: query2.finance.yahoo.com. See https://curl.se/libcurl/c/libcurl-errors.html first for more details.
Failed to get ticker 'ACAN.PA' reason: Failed to perform, curl: (77) error setting certificate verify locations:  CAfile: /Users/ajay/Library/Python/3.9/lib/python/site-packages/certifi/cacert.pem CApath: none. See https://curl.se/libcurl/c/libcurl-errors.html first for more details.
Failed to get ticker 'ACRI-A.ST' reason: Failed to perform, curl: (6) getaddrinfo() thread failed to start. See https://curl.se/libcurl/c/libcurl-errors.html first for more details.
Failed to get ticker 'AIEA.L' reason: Failed to perform, curl: (6) getaddrinfo() thread failed to start. See https://curl.se/libcurl/c/libcurl-errors.html first for more details.
Failed to get ticker 'ALAUD.PA' reason: Failed to perform, curl: (6) getaddrinfo() thread failed to start. See https://curl.se/libcurl/c/libcurl-errors.html first for more details.
Failed to get ticker 'AGIL.AS' reason: Failed to perform, curl: (6) getaddrinfo() thread failed to start. See https://curl.se/libcurl/c/libcurl-errors.html first for more details.
Failed to get ticker 'AIX.OL' reason: Failed to perform, curl: (6) getaddrinfo() thread failed to start. See https://curl.se/libcurl/c/libcurl-errors.html first for more details.
Failed to get ticker 'AKBM.OL' reason: Failed to perform, curl: (6) getaddrinfo() thread failed to start. See https://curl.se/libcurl/c/libcurl-errors.html first for more details.
Failed to get ticker 'ADMIN.HE' reason: Failed to perform, curl: (6) getaddrinfo() thread failed to start. See https://curl.se/libcurl/c/libcurl-errors.html first for more details.
Failed to get ticker 'ALAGO.PA' reason: Failed to perform, curl: (6) getaddrinfo() thread failed to start. See https://curl.se/libcurl/c/libcurl-errors.html first for more details.
Failed to get ticker 'AD.AS' reason: Failed to perform, curl: (6) getaddrinfo() thread failed to start. See https://curl.se/libcurl/c/libcurl-errors.html first for more details.
Failed to get ticker 'AFISH.OL' reason: Failed to perform, curl: (6) getaddrinfo() thread failed to start. See https://curl.se/libcurl/c/libcurl-errors.html first for more details.
Failed to get ticker 'AIRE.L' reason: Failed to perform, curl: (6) getaddrinfo() thread failed to start. See https://curl.se/libcurl/c/libcurl-errors.html first for more details.
Failed to get ticker 'ACRM.L' reason: Failed to perform, curl: (6) Could not resolve host: query2.finance.yahoo.com. See https://curl.se/libcurl/c/libcurl-errors.html first for more details.
Failed to get ticker 'AIFORIA.HE' reason: Failed to perform, curl: (6) getaddrinfo() thread failed to start. See https://curl.se/libcurl/c/libcurl-errors.html first for more details.
Failed to get ticker 'ADVE.ST' reason: Failed to perform, curl: (6) getaddrinfo() thread failed to start. See https://curl.se/libcurl/c/libcurl-errors.html first for more details.
Failed to get ticker 'ADME.L' reason: Failed to perform, curl: (6) getaddrinfo() thread failed to start. See https://curl.se/libcurl/c/libcurl-errors.html first for more details.
Failed to get ticker 'ACRI-B.ST' reason: Failed to perform, curl: (6) getaddrinfo() thread failed to start. See https://curl.se/libcurl/c/libcurl-errors.html first for more details.
Failed to get ticker 'AKN.L' reason: Failed to perform, curl: (6) Could not resolve host: query2.finance.yahoo.com. See https://curl.se/libcurl/c/libcurl-errors.html first for more details.
Failed to get ticker 'AKOBO.OL' reason: Failed to perform, curl: (6) getaddrinfo() thread failed to start. See https://curl.se/libcurl/c/libcurl-errors.html first for more details.
Failed to get ticker 'ALBERT.ST' reason: Failed to perform, curl: (6) getaddrinfo() thread failed to start. See https://curl.se/libcurl/c/libcurl-errors.html first for more details.
Failed to get ticker 'AKE.PA' reason: Failed to perform, curl: (6) Could not resolve host: query2.finance.yahoo.com. See https://curl.se/libcurl/c/libcurl-errors.html first for more details.
Failed to get ticker 'AJB.L' reason: Failed to perform, curl: (6) getaddrinfo() thread failed to start. See https://curl.se/libcurl/c/libcurl-errors.html first for more details.
Failed to get ticker 'ALAVI.PA' reason: Failed to perform, curl: (6) getaddrinfo() thread failed to start. See https://curl.se/libcurl/c/libcurl-errors.html first for more details.
Failed to get ticker 'ACR.OL' reason: Failed to perform, curl: (6) getaddrinfo() thread failed to start. See https://curl.se/libcurl/c/libcurl-errors.html first for more details.
Failed to get ticker 'ACA.PA' reason: Failed to perform, curl: (6) Could not resolve host: query2.finance.yahoo.com. See https://curl.se/libcurl/c/libcurl-errors.html first for more details.
Failed to get ticker 'ABI.BR' reason: Failed to perform, curl: (6) getaddrinfo() thread failed to start. See https://curl.se/libcurl/c/libcurl-errors.html first for more details.
Failed to get ticker 'ACARIX.ST' reason: Failed to perform, curl: (6) getaddrinfo() thread failed to start. See https://curl.se/libcurl/c/libcurl-errors.html first for more details.
Failed to get ticker 'ACCB.BR' reason: Failed to perform, curl: (6) Could not resolve host: query2.finance.yahoo.com. See https://curl.se/libcurl/c/libcurl-errors.html first for more details.
$ADIG.L: possibly delisted; no price data found  (period=3mo)
$AIRA.L: possibly delisted; no price data found  (period=3mo) (Yahoo error = "No data found, symbol may be delisted")
$AINA.L: possibly delisted; no price data found  (period=3mo) (Yahoo error = "No data found, symbol may be delisted")
Failed to get ticker 'AELIS.PA' reason: Failed to perform, curl: (6) getaddrinfo() thread failed to start. See https://curl.se/libcurl/c/libcurl-errors.html first for more details.
Failed to get ticker 'ACED.OL' reason: Failed to perform, curl: (6) Could not resolve host: query2.finance.yahoo.com. See https://curl.se/libcurl/c/libcurl-errors.html first for more details.
Failed to get ticker 'ACTI.ST' reason: Failed to perform, curl: (6) getaddrinfo() thread failed to start. See https://curl.se/libcurl/c/libcurl-errors.html first for more details.
Failed to get ticker 'ABNX.PA' reason: Failed to perform, curl: (77) error setting certificate verify locations:  CAfile: /Users/ajay/Library/Python/3.9/lib/python/site-packages/certifi/cacert.pem CApath: none. See https://curl.se/libcurl/c/libcurl-errors.html first for more details.
Failed to get ticker 'AGTIRA-B.ST' reason: Failed to perform, curl: (6) getaddrinfo() thread failed to start. See https://curl.se/libcurl/c/libcurl-errors.html first for more details.
$AIRC.L: possibly delisted; no price data found  (period=3mo) (Yahoo error = "No data found, symbol may be delisted")

61 Failed downloads:
['AJAX.AS', 'ACRI-A.ST', 'AIEA.L', 'ALAUD.PA', 'AEET.L', 'AGIL.AS', 'AGS.BR', 'AIX.OL', 'ACE.ST', 'AFRY.ST', 'AL2SI.PA', 'ABF.L', 'AKBM.OL', 'ABERA.ST', 'AKAST.OL', 'ADMIN.HE', 'ALAGO.PA', 'AFL.L', 'AGILC.CO', 'AD.AS', 'ACT.WA', 'AFISH.OL', 'AIRE.L', 'ACRM.L', 'AIFORIA.HE', 'ACOMO.AS', 'ADVE.ST', 'ADME.L', 'ACRI-B.ST', 'AKN.L', 'AKOBO.OL', 'ALBERT.ST', 'AIE.L', 'AKE.PA', 'AEI.L', 'AKBMO.OL', 'ACG.L', 'AJB.L', 'ACR.OL', 'ACA.PA', 'ABI.BR', 'ABDP.L', 'ACCB.BR', 'ABB.ST', 'AJOT.L', 'AGY.L', 'AGVI.L', 'AKSO.OL', 'ACED.OL', 'ACTI.ST', 'AGTIRA-B.ST', 'AKER.OL', 'AKVA.OL']: TypeError("'NoneType' object is not subscriptable")
['ACOU.ST', 'AI.PA', 'ABS.OL', 'AEWU.L']: OperationalError('unable to open database file')
['ADIG.L']: possibly delisted; no price data found  (period=3mo)
['AIRA.L', 'AINA.L', 'AIRC.L']: possibly delisted; no price data found  (period=3mo) (Yahoo error = "No data found, symbol may be delisted")

117 Failed downloads:
['ALFA.ST', 'ALHPI.PA', 'ALKLK.PA', 'ALIF-B.ST', 'ALKAL.PA', 'ALCWE.PA', 'ALHGO.PA', 'ALCIS.PA', 'ALCAF.PA', 'ALM-PREF.ST', 'ALLFG.AS', 'ALGEV.PA', 'ALESE.PA', 'ALHRS.PA', 'ALIG.ST', 'ALGIL.PA', 'ALHG.PA', 'ALHRG.PA', 'ALFER.PA', 'ALLIX.PA', 'ALEFRM.CO', 'ALINN.PA', 'ALHIT.PA', 'ALDUB.PA', 'ALMDT.PA', 'ALDLT.PA', 'ALLLN.PA', 'ALDOL.PA', 'ALLAN.PA', 'ALDEL.PA', 'ALLGO.PA', 'ALIV-SDB.ST', 'ALGEN.PA', 'ALLIGO-B.ST', 'ALK.L', 'ALHAF.PA', 'ALBLD.PA', 'ALEXP.PA', 'ALKLA.PA', 'ALCGM.PA', 'ALKLH.PA', 'ALDV.PA', 'ALKOM.PA', 'ALGTR.PA', 'ALCOX.PA', 'ALLDL.PA', 'ALBKK.PA', 'ALCAT.PA', 'ALEX.HE', 'ALERS.PA', 'ALDNX.PA', 'ALFRE.PA', 'ALCPA.PA', 'ALJXR.PA', 'ALFA.L', 'ALEUP.PA', 'ALDNE.PA', 'ALLSF.PA', 'ALBI.PA', 'ALDBT.PA', 'ALHUN.PA', 'ALLUX.PA', 'ALKKO.PA', 'ALHF.PA', 'ALDBL.PA', 'ALEMV.PA', 'ALCUR.PA', 'ALITL.PA', 'ALBON.PA', 'ALDUX.PA', 'ALCOF.PA', 'ALGLD.PA', 'ALEMG.PA', 'ALLPL.PA', 'ALGID.PA', 'ALCBX.PA', 'ALMAR.PA', 'ALL.L', 'ALINS.PA', 'ALCBI.PA', 'ALFOR.PA', 'ALFUM.PA', 'ALKEY.PA', 'ALDVI.PA', 'ALINT.PA', 'ALBPS.PA', 'ALINV.PA', 'ALCLA.PA', 'ALCPB.PA', 'ALIMP.PA', 'ALFPC.PA', 'ALCOI.PA', 'ALHEX.PA', 'ALESA.PA', 'ALBOO.PA', 'ALF.L', 'ALENT.PA', 'ALGIR.PA', 'ALHGR.PA', 'ALM.ST', 'ALGRO.PA', 'ALBIO.PA', 'ALBH.L', 'ALMCE.PA', 'ALK-B.CO', 'ALMA.HE']: TypeError("'NoneType' object is not subscriptable")
['ALISP.PA', 'ALEMS.BR', 'ALISA.HE', 'ALHOP.PA', 'ALKLN.PA', 'ALMAS.PA', 'ALLEX.PA', 'ALBOU.PA', 'ALBIZ.PA', 'ALECO.PA', 'ALCRB.PA']: OperationalError('unable to open database file')
Failed to get ticker 'ALODC.PA' reason: Failed to perform, curl: (6) Could not resolve host: query2.finance.yahoo.com. See https://curl.se/libcurl/c/libcurl-errors.html first for more details.
Failed to get ticker 'AM.PA' reason: Failed to perform, curl: (6) Could not resolve host: query2.finance.yahoo.com. See https://curl.se/libcurl/c/libcurl-errors.html first for more details.
Failed to get ticker 'ALSMA.PA' reason: Failed to perform, curl: (77) error setting certificate verify locations:  CAfile: /Users/ajay/Library/Python/3.9/lib/python/site-packages/certifi/cacert.pem CApath: none. See https://curl.se/libcurl/c/libcurl-errors.html first for more details.
Failed to get ticker 'ALNLF.PA' reason: Failed to perform, curl: (6) Could not resolve host: query2.finance.yahoo.com. See https://curl.se/libcurl/c/libcurl-errors.html first for more details.
Failed to get ticker 'ALPAS.PA' reason: Failed to perform, curl: (6) getaddrinfo() thread failed to start. See https://curl.se/libcurl/c/libcurl-errors.html first for more details.
Failed to get ticker 'ALTD.PA' reason: Failed to perform, curl: (6) Could not resolve host: query2.finance.yahoo.com. See https://curl.se/libcurl/c/libcurl-errors.html first for more details.
Failed to get ticker 'ALTHX.PA' reason: Failed to perform, curl: (6) getaddrinfo() thread failed to start. See https://curl.se/libcurl/c/libcurl-errors.html first for more details.
Failed to get ticker 'ALTOO.PA' reason: Failed to perform, curl: (6) getaddrinfo() thread failed to start. See https://curl.se/libcurl/c/libcurl-errors.html first for more details.
Failed to get ticker 'ALSPT.PA' reason: Failed to perform, curl: (6) getaddrinfo() thread failed to start. See https://curl.se/libcurl/c/libcurl-errors.html first for more details.
Failed to get ticker 'ALTR.L' reason: Failed to perform, curl: (6) Could not resolve host: query2.finance.yahoo.com. See https://curl.se/libcurl/c/libcurl-errors.html first for more details.
Failed to get ticker 'ALPHI.PA' reason: Failed to perform, curl: (6) getaddrinfo() thread failed to start. See https://curl.se/libcurl/c/libcurl-errors.html first for more details.

83 Failed downloads:
['ALPVL.PA', 'AMIDO.ST', 'ALPAU.PA', 'ALNEV.PA', 'ALO.PA', 'ALVIR.PA', 'AMG.AS', 'ALPAT.PA', 'ANDF.OL', 'AMG.L', 'ALMET.PA', 'ALODC.PA', 'ALODY.PA', 'ALPCOT-B.ST', 'ALRIB.PA', 'ALPWG.PA', 'ALWIN.PA', 'AMUN.PA', 'AM.PA', 'ALNFL.PA', 'ALT.L', 'ALTPC.PA', 'AMRQ.L', 'ALNMG.PA', 'ALNN6.PA', 'ALTXC.PA', 'ANGS.L', 'ANG.L', 'ALVU.PA', 'ALPET.PA', 'ALW.L', 'ALMGI.PA', 'ALRGR.PA', 'AMB.WA', 'AMP.L', 'ALWEC.PA', 'ALSEM.PA', 'ALOPM.PA', 'AMBEA.ST', 'ANTO.L', 'ALTAO.PA', 'AMCO.L', 'ALPM.PA', 'ALZCUR.ST', 'ANORA.HE', 'ALNTG.PA', 'ALTOU.PA', 'ALRPD.PA', 'ALTHO.PA', 'ALXIL.PA', 'ALWF.PA', 'ANIC.L', 'ANII.L', 'AMH2-B.ST', 'ALTD.PA', 'ALSEN.PA', 'AMOI.L', 'AMIF.L', 'ALMKT.PA', 'ANOD-B.ST', 'ALVIA.PA', 'ALTAI.PA', 'ALMUN.PA', 'ALTHX.PA', 'ALROC.PA', 'ALREA.PA', 'ALTOO.PA', 'ALMLB.PA', 'ALSPT.PA', 'ALTR.L', 'ALPHI.PA', 'ALTRA.PA', 'ALVAP.PA', 'ALVIN.PA', 'ALRIS.PA']: TypeError("'NoneType' object is not subscriptable")
['ANP.L', 'ALTHE.PA', 'ALTRA.ST', 'ANTIN.PA', 'ALSEC.PA', 'AML.L', 'ALUNI.PA', 'AO.L']: OperationalError('unable to open database file')

123 Failed downloads:
['AVT-B.ST', 'AVT.PA', 'BAB.L', 'APTA.ST', 'ARION-SDB.ST', 'ASSA-B.ST', 'ARK.L', 'ARENIT-SDB.ST', 'AURR.L', 'AOTI.L', 'AQUAT.ST', 'AZE.BR', 'ASHI.L', 'ATYM.L', 'AZT.OL', 'AUTO.OL', 'AUTG.L', 'ASL.L', 'ATLD.PA', 'AXIC-A.ST', 'ASML.AS', 'ASPL.L', 'ARS.L', 'APTA.L', 'BA29.L', 'ARRO.OL', 'ASUNTO.HE', 'B90.L', 'ARVEN.PA', 'ASHM.L', 'ASAS.OL', 'AOJ-B.CO', 'ARCH.OL', 'BACTI-B.ST', 'ASAI.L', 'ASPO.HE', 'ATLA-DKK.CO', 'AZN.ST', 'AXS.L', 'BAKKA.OL', 'ARBN.L', 'ARG.PA', 'ATN.L', 'ATEA.OL', 'AVARDA.ST', 'ARGX.BR', 'BAIN.PA', 'AVTX.AS', 'ATEB.BR', 'AZTO.OL', 'ARA.L', 'ARR.L', 'ATG.L', 'ASLI.L', 'ATR.L', 'AURG.OL', 'ATC.L', 'ATEME.PA', 'APOTEA.ST', 'APR.OL', 'BA.L', 'ARVOSK.HE', 'AOM.L', 'AT.L', 'ARPL.ST', 'ASKER.ST', 'ART.L', 'ATY.L', 'AUB.PA', 'AREC.L', 'AXOLOT.ST', 'BA69.L', 'APETIT.HE', 'ARR.OL', 'ARCTIC.ST', 'ASC.L', 'AV.L', 'BAHN-B.ST', 'ATM.L', 'AZN.L', 'ARAMI.PA', 'ATT.L', 'AVG.L', 'BALCO.ST', 'AVEN.ST', 'AQUA.OL', 'ARBB.L', 'AUROORA.HE', 'AUGR.PA', 'ASMDEE-B.ST', 'AREIT.PA', 'ATCO-B.ST', 'BAG.L', 'ATOM.L', 'ASA.OL', 'ATO.PA', 'BA47.L', 'ATE.PA', 'APAM.AS', 'ARCT.ST', 'APRTEC.ST', 'AXS.AS', 'ATAD.L', 'BAF.L', 'ARP.ST', 'AVON.L', 'ASY.L', 'APN.L', 'AUTO.L', 'ARJO-B.ST', 'ARC.L']: TypeError("'NoneType' object is not subscriptable")
['AXL.L', 'ARCAD.AS', 'AQ.ST', 'API.L', 'AUSS.OL', 'ASCE.BR', 'APTD.L', 'AVCT.L', 'AZA.ST', 'ARCM.L', 'AWEM.L', 'BACTIQ.CO']: OperationalError('unable to open database file')
Failed to get ticker 'BLICK.ST' reason: Failed to perform, curl: (77) error setting certificate verify locations:  CAfile: /Users/ajay/Library/Python/3.9/lib/python/site-packages/certifi/cacert.pem CApath: none. See https://curl.se/libcurl/c/libcurl-errors.html first for more details.
Failed to get ticker 'BMIN.L' reason: Failed to perform, curl: (6) getaddrinfo() thread failed to start. See https://curl.se/libcurl/c/libcurl-errors.html first for more details.
Failed to get ticker 'BLINC-B.ST' reason: Failed to perform, curl: (6) Could not resolve host: query2.finance.yahoo.com. See https://curl.se/libcurl/c/libcurl-errors.html first for more details.
Failed to get ticker 'BIOF.ST' reason: Failed to perform, curl: (6) getaddrinfo() thread failed to start. See https://curl.se/libcurl/c/libcurl-errors.html first for more details.
Failed to get ticker 'BELYS.BR' reason: Failed to perform, curl: (6) getaddrinfo() thread failed to start. See https://curl.se/libcurl/c/libcurl-errors.html first for more details.
Failed to get ticker 'BIOEX.ST' reason: Failed to perform, curl: (6) getaddrinfo() thread failed to start. See https://curl.se/libcurl/c/libcurl-errors.html first for more details.
Failed to get ticker 'BARDJU.CO' reason: Failed to perform, curl: (6) getaddrinfo() thread failed to start. See https://curl.se/libcurl/c/libcurl-errors.html first for more details.
Failed to get ticker 'BEGR.ST' reason: Failed to perform, curl: (6) Could not resolve host: query2.finance.yahoo.com. See https://curl.se/libcurl/c/libcurl-errors.html first for more details.
Failed to get ticker 'BOAA.L' reason: Failed to perform, curl: (6) getaddrinfo() thread failed to start. See https://curl.se/libcurl/c/libcurl-errors.html first for more details.
Failed to get ticker 'BEAMMW-B.ST' reason: Failed to perform, curl: (6) getaddrinfo() thread failed to start. See https://curl.se/libcurl/c/libcurl-errors.html first for more details.
Failed to get ticker 'BIM.PA' reason: Failed to perform, curl: (6) getaddrinfo() thread failed to start. See https://curl.se/libcurl/c/libcurl-errors.html first for more details.
Failed to get ticker 'BMT.L' reason: Failed to perform, curl: (6) getaddrinfo() thread failed to start. See https://curl.se/libcurl/c/libcurl-errors.html first for more details.
Failed to get ticker 'BNP.PA' reason: Failed to perform, curl: (6) Could not resolve host: query2.finance.yahoo.com. See https://curl.se/libcurl/c/libcurl-errors.html first for more details.
Failed to get ticker 'BBROOM.ST' reason: Failed to perform, curl: (6) Could not resolve host: query2.finance.yahoo.com. See https://curl.se/libcurl/c/libcurl-errors.html first for more details.
Failed to get ticker 'BARRA.OL' reason: Failed to perform, curl: (6) getaddrinfo() thread failed to start. See https://curl.se/libcurl/c/libcurl-errors.html first for more details.
Failed to get ticker 'BB.PA' reason: Failed to perform, curl: (6) Could not resolve host: query2.finance.yahoo.com. See https://curl.se/libcurl/c/libcurl-errors.html first for more details.
Failed to get ticker 'BAY.L' reason: Failed to perform, curl: (6) getaddrinfo() thread failed to start. See https://curl.se/libcurl/c/libcurl-errors.html first for more details.
Failed to get ticker 'BINT.OL' reason: Failed to perform, curl: (6) Could not resolve host: query2.finance.yahoo.com. See https://curl.se/libcurl/c/libcurl-errors.html first for more details.

91 Failed downloads:
['BATS.L', 'BEO-SDB.ST', 'BEWIO.OL', 'BMIN.L', 'BHMG.L', 'BLINC-B.ST', 'BIG.L', 'BG79.L', 'BIOVIC-B.ST', 'BNZL.L', 'BBSN.L', 'BIOF.ST', 'BILI-A.ST', 'BEVER.AS', 'BIOMAR.CO', 'BESQAB.ST', 'BAR.BR', 'BMY.L', 'BILN.L', 'BEGR.ST', 'BGEU.L', 'BIM.ST', 'BGFD.L', 'BOAA.L', 'BOKU.L', 'BNBS.PA', 'BONAV-B.ST', 'BETCO.ST', 'BEIA-B.ST', 'BICO.ST', 'BON.PA', 'BETS-B.ST', 'BCG.L', 'BNC.L', 'BALD-B.ST', 'BIM.PA', 'BMS.L', 'BMT.L', 'BNP.PA', 'BILL.ST', 'BEZ.L', 'BBROOM.ST', 'BANQ.BR', 'BEKB.BR', 'BAWAT.ST', 'BETOLAR.HE', 'BASC.L', 'BONG.ST', 'BIOG.L', 'BONEX.ST', 'BD82.L', 'BITTI.HE', 'BFIT.AS', 'BMC.ST', 'BERNER-B.ST', 'BLU.L', 'BC88.L', 'BME.L', 'BGCG.L', 'BERG-B.ST', 'BESI.AS', 'BOHO-PREF.ST', 'BHMU.L', 'BERI.L', 'BMD.L', 'BANK.L', 'BHP.L', 'BIBB.ST', 'BNKR.L', 'BONG-TR.ST', 'BLEE.PA', 'BONAV-A.ST', 'BIOA-B.ST', 'BN.PA', 'BLC.PA', 'BIG.PA', 'BETCO-DKK.CO', 'BAY.L', 'BANI.BR', 'BMAX.ST', 'BIOWKS.ST', 'BLOE.L', 'BBY.L', 'BEER.HE', 'BFSP.L', 'BINT.OL']: TypeError("'NoneType' object is not subscriptable")
['BGEO.L', 'BCP.LS', 'BINERO.ST', 'BARC.L', 'BNJ.AS']: OperationalError('unable to open database file')
Failed to get ticker 'BOTX.ST' reason: Failed to perform, curl: (6) Could not resolve host: query2.finance.yahoo.com. See https://curl.se/libcurl/c/libcurl-errors.html first for more details.
Failed to get ticker 'BRETEC.HE' reason: Failed to perform, curl: (77) error setting certificate verify locations:  CAfile: /Users/ajay/Library/Python/3.9/lib/python/site-packages/certifi/cacert.pem CApath: none. See https://curl.se/libcurl/c/libcurl-errors.html first for more details.
Failed to get ticker 'BPOST.BR' reason: Failed to perform, curl: (6) getaddrinfo() thread failed to start. See https://curl.se/libcurl/c/libcurl-errors.html first for more details.
Failed to get ticker 'BRILL.ST' reason: Failed to perform, curl: (6) Could not resolve host: query2.finance.yahoo.com. See https://curl.se/libcurl/c/libcurl-errors.html first for more details.
Failed to get ticker 'CAV.L' reason: Failed to perform, curl: (6) Could not resolve host: query2.finance.yahoo.com. See https://curl.se/libcurl/c/libcurl-errors.html first for more details.
Failed to get ticker 'C100.ST' reason: Failed to perform, curl: (6) getaddrinfo() thread failed to start. See https://curl.se/libcurl/c/libcurl-errors.html first for more details.
Failed to get ticker 'BTC-PREF-A.ST' reason: Failed to perform, curl: (6) getaddrinfo() thread failed to start. See https://curl.se/libcurl/c/libcurl-errors.html first for more details.
Failed to get ticker 'CABA.L' reason: Failed to perform, curl: (6) getaddrinfo() thread failed to start. See https://curl.se/libcurl/c/libcurl-errors.html first for more details.
Failed to get ticker 'BTC.L' reason: Failed to perform, curl: (6) getaddrinfo() thread failed to start. See https://curl.se/libcurl/c/libcurl-errors.html first for more details.
Failed to get ticker 'CABB.L' reason: unable to open database file
Failed to get ticker 'CATE.ST' reason: Failed to perform, curl: (6) Could not resolve host: query2.finance.yahoo.com. See https://curl.se/libcurl/c/libcurl-errors.html first for more details.
Failed to get ticker 'CALVIK.ST' reason: Failed to perform, curl: (6) getaddrinfo() thread failed to start. See https://curl.se/libcurl/c/libcurl-errors.html first for more details.
Failed to get ticker 'BUY.ST' reason: Failed to perform, curl: (6) getaddrinfo() thread failed to start. See https://curl.se/libcurl/c/libcurl-errors.html first for more details.
Failed to get ticker 'BRK.L' reason: Failed to perform, curl: (6) getaddrinfo() thread failed to start. See https://curl.se/libcurl/c/libcurl-errors.html first for more details.
Failed to get ticker 'BUR.L' reason: Failed to perform, curl: (6) getaddrinfo() thread failed to start. See https://curl.se/libcurl/c/libcurl-errors.html first for more details.
Failed to get ticker 'CAT31.PA' reason: Failed to perform, curl: (6) Could not resolve host: query2.finance.yahoo.com. See https://curl.se/libcurl/c/libcurl-errors.html first for more details.
Failed to get ticker 'BURE.ST' reason: Failed to perform, curl: (6) Could not resolve host: query2.finance.yahoo.com. See https://curl.se/libcurl/c/libcurl-errors.html first for more details.
Failed to get ticker 'BSFA.L' reason: Failed to perform, curl: (6) getaddrinfo() thread failed to start. See https://curl.se/libcurl/c/libcurl-errors.html first for more details.
Failed to get ticker 'CAT-B.ST' reason: Failed to perform, curl: (6) getaddrinfo() thread failed to start. See https://curl.se/libcurl/c/libcurl-errors.html first for more details.
Failed to get ticker 'CBSAB.PA' reason: Failed to perform, curl: (6) getaddrinfo() thread failed to start. See https://curl.se/libcurl/c/libcurl-errors.html first for more details.
Failed to get ticker 'BSP.OL' reason: Failed to perform, curl: (6) Could not resolve host: query2.finance.yahoo.com. See https://curl.se/libcurl/c/libcurl-errors.html first for more details.
Failed to get ticker 'CAND.BR' reason: Failed to perform, curl: (6) getaddrinfo() thread failed to start. See https://curl.se/libcurl/c/libcurl-errors.html first for more details.
Failed to get ticker 'BPCINS.ST' reason: Failed to perform, curl: (6) Could not resolve host: query2.finance.yahoo.com. See https://curl.se/libcurl/c/libcurl-errors.html first for more details.
Failed to get ticker 'CABKA.AS' reason: Failed to perform, curl: (6) getaddrinfo() thread failed to start. See https://curl.se/libcurl/c/libcurl-errors.html first for more details.
Failed to get ticker 'BUR.PA' reason: Failed to perform, curl: (6) getaddrinfo() thread failed to start. See https://curl.se/libcurl/c/libcurl-errors.html first for more details.
Failed to get ticker 'CBOT.PA' reason: Failed to perform, curl: (6) getaddrinfo() thread failed to start. See https://curl.se/libcurl/c/libcurl-errors.html first for more details.
Failed to get ticker 'BXP.L' reason: Failed to perform, curl: (77) error setting certificate verify locations:  CAfile: /Users/ajay/Library/Python/3.9/lib/python/site-packages/certifi/cacert.pem CApath: none. See https://curl.se/libcurl/c/libcurl-errors.html first for more details.
Failed to get ticker 'CASE.ST' reason: Failed to perform, curl: (6) Could not resolve host: query2.finance.yahoo.com. See https://curl.se/libcurl/c/libcurl-errors.html first for more details.
Failed to get ticker 'BWRA.L' reason: Failed to perform, curl: (6) Could not resolve host: query2.finance.yahoo.com. See https://curl.se/libcurl/c/libcurl-errors.html first for more details.
Failed to get ticker 'BRUT.OL' reason: Failed to perform, curl: (6) getaddrinfo() thread failed to start. See https://curl.se/libcurl/c/libcurl-errors.html first for more details.
Failed to get ticker 'CAVEN.OL' reason: Failed to perform, curl: (6) getaddrinfo() thread failed to start. See https://curl.se/libcurl/c/libcurl-errors.html first for more details.
Failed to get ticker 'BRIN-B.ST' reason: Failed to perform, curl: (6) getaddrinfo() thread failed to start. See https://curl.se/libcurl/c/libcurl-errors.html first for more details.

108 Failed downloads:
['BVT.L', 'BOTX.ST', 'CARL-A.CO', 'BPOST.BR', 'CBG.L', 'CAPMAN.HE', 'CAG.ST', 'BUT.L', 'CBRAIN.CO', 'CAPSL.OL', 'CADLR.OL', 'BTRW.L', 'CABP.L', 'BYGGP.ST', 'CAV.L', 'C100.ST', 'BTC-PREF-A.ST', 'CAPT.OL', 'CBKD.L', 'BRAI.L', 'BRGE.L', 'BRES.L', 'BVI.PA', 'CABA.L', 'BTC.L', 'CANTA.ST', 'CAMBI.OL', 'CALVIK.ST', 'CATE.ST', 'BORR.OL', 'CABB.L', 'BONHRO.OL', 'BOW.L', 'BORG.ST', 'CANATU.HE', 'CBOX.L', 'BOY.L', 'BPT.L', 'BRAV.ST', 'BWO.OL', 'BRK.L', 'CARA.ST', 'BRBY.L', 'CBSM.PA', 'BRCK.L', 'CASP.L', 'BPCR.L', 'BURE.ST', 'BVC.L', 'BSRT.L', 'CAML.L', 'BSD.PA', 'BSFA.L', 'CAT-B.ST', 'BWEO.OL', 'CA.PA', 'BOWL.L', 'BWLPG.OL', 'BRLA.L', 'BRIGHT.ST', 'BOOM.L', 'BRAVE.ST', 'BWE.OL', 'BSP.OL', 'CAPD.L', 'CAND.BR', 'CAVENO.OL', 'CAMB.BR', 'BSC.L', 'BSV.L', 'CABKA.AS', 'CAD.L', 'BOOZT.ST', 'BRSC.L', 'BVA.L', 'BUR.PA', 'BTG.L', 'BOUV.OL', 'BOR.OL', 'CBE.PA', 'CASE.ST', 'BT-A.L', 'BRAIN.ST', 'CARL-B.CO', 'BUCE.L', 'BOOZT-DKK.CO', 'CBA.L', 'CAM.L', 'BRS.L', 'BUFAB.ST', 'BP-A.L', 'BRUT.OL', 'CBDG.PA', 'CAN.L', 'BOREO.HE', 'BRWM.L', 'CAR.L', 'BPM.L', 'BULTEN.ST', 'CARM.PA', 'CAVEN.OL', 'BRIN-B.ST']: TypeError("'NoneType' object is not subscriptable")
['BTC-B.ST', 'CAP.PA', 'BWY.L', 'CBQS.L', 'CAST.ST', 'BP.L']: OperationalError('unable to open database file')
Failed to get ticker 'CPIC.L' reason: Failed to perform, curl: (6) getaddrinfo() thread failed to start. See https://curl.se/libcurl/c/libcurl-errors.html first for more details.

129 Failed downloads:
['CKT.L', 'CFISH.ST', 'CGT.L', 'COTY.PA', 'CODE.OL', 'CCJI.L', 'CIV.PA', 'CNDF.PA', 'COOR.ST', 'CONTXO.OL', 'CLEMO.ST', 'COPC.L', 'COBR.L', 'COG.WA', 'CNCJO-B.ST', 'CCR.L', 'COSH.OL', 'CLOUD.OL', 'CDON.ST', 'CNSL.L', 'CHAR.L', 'COLLAX.ST', 'CPHCAP-PREF32.CO', 'CORE-D.ST', 'CGS.L', 'CFYN.L', 'COR.LS', 'COFA.PA', 'CEPS.L', 'COLUM.CO', 'COVH.PA', 'CGO.L', 'CDGP.L', 'CDI.PA', 'CCP.L', 'CMET.L', 'CML.L', 'CHRY.L', 'CHF.L', 'CHEMM.CO', 'CIRCHE.ST', 'COLT.AS', 'CLON.L', 'CPG.L', 'CENER.BR', 'CCPA.L', 'CIC.L', 'CMCX.L', 'CLS-B.ST', 'CGL.L', 'CPIC.L', 'CFX.L', 'CCEP.AS', 'CLA.L', 'CKI.L', 'CLARI.PA', 'CCPC.L', 'CORO.L', 'CLC.L', 'CLEM.ST', 'CONTX.OL', 'COMPDM.ST', 'CORE-B.ST', 'CMPI.L', 'COLR.BR', 'CIBUS.ST', 'CLIG.L', 'CDL.L', 'CGI.L', 'CHLL.L', 'CMO.PA', 'CINH.L', 'CMPG.L', 'CORE-PREF.ST', 'CEVI.ST', 'CHSS.L', 'CLBIO.ST', 'CCEP.L', 'CHL.L', 'COR.L', 'CNA.L', 'CLAV.ST', 'COLO-B.CO', 'COM.L', 'CMX.L', 'CLAS-B.ST', 'CINT.ST', 'CDFF.L', 'CHARGE.ST', 'CGNR.L', 'CNE.L', 'CPI.L', 'CLX.L', 'CHP.L', 'CFEB.BR', 'CLBX.L', 'CHRT.L', 'CMRS.L', 'CINPHA.ST', 'CLI.L', 'CLIME-B.ST', 'CER.L', 'COG.L', 'CODE.L', 'CFI.PA', 'CHG.L', 'CGEO.L', 'COFFEE-B.ST', 'CCH.L', 'CPH2.L', 'COMB.BR', 'COV.PA', 'COBH.BR', 'CDA.PA', 'CDMIL.ST']: TypeError("'NoneType' object is not subscriptable")
['CHECK.ST', 'CPAI.L', 'CITYVA.HE', 'COA.L', 'CMBT.BR', 'COUR.PA', 'CORD.L', 'CNS.L', 'CORE-A.ST', 'COH.PA', 'CORA.L', 'CEMAT.CO', 'CIZ.L', 'CONSTI.HE']: OperationalError('unable to open database file')
Failed to get ticker 'DISH.L' reason: Failed to perform, curl: (77) error setting certificate verify locations:  CAfile: /Users/ajay/Library/Python/3.9/lib/python/site-packages/certifi/cacert.pem CApath: none. See https://curl.se/libcurl/c/libcurl-errors.html first for more details.
Failed to get ticker 'DNB.OL' reason: Failed to perform, curl: (6) Could not resolve host: query2.finance.yahoo.com. See https://curl.se/libcurl/c/libcurl-errors.html first for more details.
Failed to get ticker 'CSN.L' reason: Failed to perform, curl: (6) Could not resolve host: query2.finance.yahoo.com. See https://curl.se/libcurl/c/libcurl-errors.html first for more details.
Failed to get ticker 'CYPC.L' reason: Failed to perform, curl: (6) getaddrinfo() thread failed to start. See https://curl.se/libcurl/c/libcurl-errors.html first for more details.
Failed to get ticker 'CYCLE.ST' reason: Failed to perform, curl: (6) Could not resolve host: query2.finance.yahoo.com. See https://curl.se/libcurl/c/libcurl-errors.html first for more details.
Failed to get ticker 'DAT.L' reason: Failed to perform, curl: (6) getaddrinfo() thread failed to start. See https://curl.se/libcurl/c/libcurl-errors.html first for more details.

115 Failed downloads:
['DATA.CO', 'CTT.LS', 'CTY.L', 'DEVP-B.ST', 'DANT.CO', 'CRU.L', 'DMYD-B.ST', 'CRS.L', 'DIA.L', 'CRBP2.PA', 'CTH1V.HE', 'DKL.L', 'DIS.L', 'CRWC.L', 'CRLO.PA', 'DCH.L', 'DIM.PA', 'CS.PA', 'CX.ST', 'CRAV.PA', 'CVC.AS', 'CRNO-B.ST', 'DIOS.ST', 'CRW.L', 'CRAD-B.ST', 'DONKEY.CO', 'DEEZR.PA', 'CTL.L', 'CWK.L', 'DOM.ST', 'CSN.L', 'CRTX.L', 'DICOT.ST', 'CPX.L', 'DEBS.L', 'DOFG.OL', 'DIEG.BR', 'DEC.PA', 'DETEC.HE', 'DFDS.CO', 'DFIJ.L', 'DFI.L', 'DNE.L', 'DFENS.OL', 'CRST.L', 'DIGIA.HE', 'DEX.ST', 'CVCE.L', 'CYPC.L', 'DELT.L', 'DONE.ST', 'CRSU.PA', 'DMXSE-SDB.ST', 'CTPE.L', 'CROS.PA', 'CTA.L', 'CRED-A.ST', 'CSC.L', 'DCC.L', 'DANSKE.CO', 'CTY1S.HE', 'CTEC.L', 'CTAI.L', 'CYCLE.ST', 'DAR.L', 'CREO.L', 'DLN.L', 'CRLA.PA', 'CRPR.L', 'CRDA.L', 'CVBP.L', 'CVX.PA', 'DJUR.CO', 'DELIA.OL', 'DEC.L', 'CRAP.PA', 'CVCG.L', 'DG.PA', 'CYNCA.ST', 'DADC.CO', 'CRNA.OL', 'CWR.L', 'CYAD.BR', 'CRTO.PA', 'DEVO.L', 'CTUK.L', 'CYAN.L', 'CRE.L', 'CTM.ST', 'CURY.L', 'DBOX.L', 'CRCL.L', 'CYN.L', 'DECB.BR', 'CTG.L', 'DIE.BR', 'CRNAO.OL', 'CTPNV.AS', 'DCI.L', 'DDRIL.OL', 'DIG.L', 'DFCH.L', 'CYVIZ.OL', 'DEDI.ST', 'DAT.L', 'DISL.BR', 'CTHT.L', 'DEMANT.CO', 'DATA.L']: TypeError("'NoneType' object is not subscriptable")
['DBV.PA', 'DBP-B.ST', 'CTT.ST', 'DGED.L', 'CTEK.ST', 'DEME.BR']: OperationalError('unable to open database file')

97 Failed downloads:
['ENGI.PA', 'ECOUP.HE', 'EMG.L', 'EEZY.HE', 'EASY-B.ST', 'ENITY.ST', 'ENENTO.HE', 'ENZY.ST', 'DOXA.ST', 'EGT.L', 'ENQ.L', 'ENSU.OL', 'EMIL-PREF.ST', 'ENGCON-B.ST', 'EDEN.PA', 'DPP.L', 'DUNI.ST', 'DYVOX.ST', 'EAS2P.AS', 'EKTA-B.ST', 'EML.L', 'EMBLA.CO', 'ENVAR.ST', 'EIOF.OL', 'EKF.L', 'ELO.OL', 'ECO-B.ST', 'ENX.PA', 'DOTD.L', 'EDEN.L', 'ELABS.OL', 'DSNO.ST', 'ELAN-B.ST', 'ECEL.L', 'DVD.OL', 'EASOR.HE', 'ENERG.OL', 'EFGD.L', 'EL.PA', 'ELEAV.HE', 'DURC-B.ST', 'EOG.L', 'EG7.ST', 'EGY.L', 'ENW.L', 'ELSA.L', 'ELMRA.OL', 'DRIL.ST', 'EMH.L', 'EFG.PA', 'ELIS.PA', 'ELOO.OL', 'EAST.ST', 'EMVC.L', 'ECOR.L', 'ELTEL.ST', 'EAPI.PA', 'EME.L', 'DPLM.L', 'ENH.OL', 'EDP.LS', 'DWF.HE', 'EMR.L', 'ENSI.L', 'DPA.L', 'ELM.L', 'EMAN.L', 'EGNETY.CO', 'EBQ.L', 'EMEIS.PA', 'ELK.OL', 'DVNO.L', 'DSY.PA', 'ELIC.ST', 'ELUX-B.ST', 'ENET.L', 'ENERS.ST', 'EC.PA', 'DSG.L', 'EAGLE.HE', 'DSCV.L', 'EGTX.ST', 'EEM.PA', 'ELEC.PA', 'ENT.L', 'ENSUO.OL', 'ELLA.L', 'ENVI.AS', 'DPAM.PA', 'ELIX.L']: TypeError("'NoneType' object is not subscriptable")
['EEE.L', 'DSFIR.AS', 'ECOB.L', 'DVT.L', 'EATG.ST', 'ELIOR.PA', 'EAH.L']: OperationalError('unable to open database file')
Failed to get ticker 'ERF.PA' reason: Failed to perform, curl: (77) error setting certificate verify locations:  CAfile: /Users/ajay/Library/Python/3.9/lib/python/site-packages/certifi/cacert.pem CApath: none. See https://curl.se/libcurl/c/libcurl-errors.html first for more details.
Failed to get ticker 'EXTX.OL' reason: Failed to perform, curl: (6) getaddrinfo() thread failed to start. See https://curl.se/libcurl/c/libcurl-errors.html first for more details.
Failed to get ticker 'FIH.L' reason: Failed to perform, curl: (77) error setting certificate verify locations:  CAfile: /Users/ajay/Library/Python/3.9/lib/python/site-packages/certifi/cacert.pem CApath: none. See https://curl.se/libcurl/c/libcurl-errors.html first for more details.
Failed to get ticker 'EWRK.ST' reason: Failed to perform, curl: (6) Could not resolve host: query2.finance.yahoo.com. See https://curl.se/libcurl/c/libcurl-errors.html first for more details.
Failed to get ticker 'ESON.LS' reason: Failed to perform, curl: (6) getaddrinfo() thread failed to start. See https://curl.se/libcurl/c/libcurl-errors.html first for more details.
Failed to get ticker 'EPP.L' reason: Failed to perform, curl: (6) Could not resolve host: query2.finance.yahoo.com. See https://curl.se/libcurl/c/libcurl-errors.html first for more details.
Failed to get ticker 'FMONC.PA' reason: Failed to perform, curl: (6) getaddrinfo() thread failed to start. See https://curl.se/libcurl/c/libcurl-errors.html first for more details.
Failed to get ticker 'ERIBR.HE' reason: Failed to perform, curl: (6) Could not resolve host: query2.finance.yahoo.com. See https://curl.se/libcurl/c/libcurl-errors.html first for more details.
Failed to get ticker 'FIRE.ST' reason: Failed to perform, curl: (6) getaddrinfo() thread failed to start. See https://curl.se/libcurl/c/libcurl-errors.html first for more details.
Failed to get ticker 'FLOWS.ST' reason: Failed to perform, curl: (6) Could not resolve host: query2.finance.yahoo.com. See https://curl.se/libcurl/c/libcurl-errors.html first for more details.
Failed to get ticker 'FCMC.PA' reason: Failed to perform, curl: (6) getaddrinfo() thread failed to start. See https://curl.se/libcurl/c/libcurl-errors.html first for more details.
Failed to get ticker 'FERGR.AS' reason: Failed to perform, curl: (6) Could not resolve host: query2.finance.yahoo.com. See https://curl.se/libcurl/c/libcurl-errors.html first for more details.
Failed to get ticker 'ESO.L' reason: Failed to perform, curl: (6) getaddrinfo() thread failed to start. See https://curl.se/libcurl/c/libcurl-errors.html first for more details.
Failed to get ticker 'FCP.LS' reason: Failed to perform, curl: (6) Could not resolve host: query2.finance.yahoo.com. See https://curl.se/libcurl/c/libcurl-errors.html first for more details.
Failed to get ticker 'FCH.L' reason: Failed to perform, curl: (6) Could not resolve host: query2.finance.yahoo.com. See https://curl.se/libcurl/c/libcurl-errors.html first for more details.
Failed to get ticker 'FLEXD.LS' reason: Failed to perform, curl: (6) Could not resolve host: query2.finance.yahoo.com. See https://curl.se/libcurl/c/libcurl-errors.html first for more details.
Failed to get ticker 'FABLE.ST' reason: Failed to perform, curl: (6) Could not resolve host: query2.finance.yahoo.com. See https://curl.se/libcurl/c/libcurl-errors.html first for more details.
Failed to get ticker 'FERRO.ST' reason: Failed to perform, curl: (6) getaddrinfo() thread failed to start. See https://curl.se/libcurl/c/libcurl-errors.html first for more details.
Failed to get ticker 'FLUO.ST' reason: Failed to perform, curl: (6) getaddrinfo() thread failed to start. See https://curl.se/libcurl/c/libcurl-errors.html first for more details.
Failed to get ticker 'FER.AS' reason: Failed to perform, curl: (6) getaddrinfo() thread failed to start. See https://curl.se/libcurl/c/libcurl-errors.html first for more details.
Failed to get ticker 'EXR.L' reason: Failed to perform, curl: (6) getaddrinfo() thread failed to start. See https://curl.se/libcurl/c/libcurl-errors.html first for more details.
Failed to get ticker 'FKE.L' reason: Failed to perform, curl: (6) Could not resolve host: query2.finance.yahoo.com. See https://curl.se/libcurl/c/libcurl-errors.html first for more details.
Failed to get ticker 'FIN.L' reason: Failed to perform, curl: (6) getaddrinfo() thread failed to start. See https://curl.se/libcurl/c/libcurl-errors.html first for more details.
Failed to get ticker 'FNOVA-B.ST' reason: Failed to perform, curl: (6) Could not resolve host: query2.finance.yahoo.com. See https://curl.se/libcurl/c/libcurl-errors.html first for more details.
Failed to get ticker 'EQT.ST' reason: Failed to perform, curl: (6) Could not resolve host: query2.finance.yahoo.com. See https://curl.se/libcurl/c/libcurl-errors.html first for more details.
Failed to get ticker 'FDBK.L' reason: Failed to perform, curl: (6) getaddrinfo() thread failed to start. See https://curl.se/libcurl/c/libcurl-errors.html first for more details.
Failed to get ticker 'ESSITY-A.ST' reason: Failed to perform, curl: (6) getaddrinfo() thread failed to start. See https://curl.se/libcurl/c/libcurl-errors.html first for more details.
Failed to get ticker 'FLAT-B.ST' reason: Failed to perform, curl: (6) getaddrinfo() thread failed to start. See https://curl.se/libcurl/c/libcurl-errors.html first for more details.
Failed to get ticker 'EPI-A.ST' reason: Failed to perform, curl: (6) getaddrinfo() thread failed to start. See https://curl.se/libcurl/c/libcurl-errors.html first for more details.
Failed to get ticker 'FDJU.PA' reason: Failed to perform, curl: (6) getaddrinfo() thread failed to start. See https://curl.se/libcurl/c/libcurl-errors.html first for more details.
Failed to get ticker 'FIRST-B.ST' reason: Failed to perform, curl: (6) getaddrinfo() thread failed to start. See https://curl.se/libcurl/c/libcurl-errors.html first for more details.
Failed to get ticker 'FOAMIT.HE' reason: Failed to perform, curl: (6) getaddrinfo() thread failed to start. See https://curl.se/libcurl/c/libcurl-errors.html first for more details.
Failed to get ticker 'EPI-B.ST' reason: Failed to perform, curl: (6) getaddrinfo() thread failed to start. See https://curl.se/libcurl/c/libcurl-errors.html first for more details.
Failed to get ticker 'FLERIE.ST' reason: Failed to perform, curl: (6) Could not resolve host: query2.finance.yahoo.com. See https://curl.se/libcurl/c/libcurl-errors.html first for more details.
Failed to get ticker 'ETL.L' reason: Failed to perform, curl: (6) getaddrinfo() thread failed to start. See https://curl.se/libcurl/c/libcurl-errors.html first for more details.
Failed to get ticker 'FASTAT.ST' reason: Failed to perform, curl: (6) Could not resolve host: query2.finance.yahoo.com. See https://curl.se/libcurl/c/libcurl-errors.html first for more details.
Failed to get ticker 'FLOW.AS' reason: Failed to perform, curl: (77) error setting certificate verify locations:  CAfile: /Users/ajay/Library/Python/3.9/lib/python/site-packages/certifi/cacert.pem CApath: none. See https://curl.se/libcurl/c/libcurl-errors.html first for more details.
Failed to get ticker 'EXM.BR' reason: Failed to perform, curl: (6) Could not resolve host: query2.finance.yahoo.com. See https://curl.se/libcurl/c/libcurl-errors.html first for more details.

96 Failed downloads:
['FIPP.PA', 'EXTX.OL', 'FEML.L', 'ESOZ.L', 'EWRK.ST', 'ESON.LS', 'FNX.L', 'FARN.L', 'EOLU-B.ST', 'EPP.L', 'ESENSE.HE', 'FIA1S.HE', 'EVO.ST', 'FMONC.PA', 'EPIS-B.ST', 'FIRE.ST', 'FLOWS.ST', 'EPEN.ST', 'FGT.L', 'FAGR.BR', 'FNAC.PA', 'FIL.L', 'ETL.PA', 'EPR.OL', 'FCMC.PA', 'EQVAO.OL', 'FERGR.AS', 'EQS.PA', 'FAG.ST', 'FODELIA.HE', 'ETTE.HE', 'FCP.LS', 'FCH.L', 'ESG.CO', 'FLEXD.LS', 'FLEXQ.ST', 'FLO.L', 'FABLE.ST', 'EXPL.PA', 'FERRO.ST', 'FLUO.ST', 'FFARM.AS', 'FAR.L', 'FER.AS', 'FCM.L', 'FEV.L', 'EQL.ST', 'FCIT.L', 'FDEV.L', 'EXR.L', 'EXEL.HE', 'FNTL.L', 'FKE.L', 'FLUX.BR', 'EWG.L', 'EPRO-B.ST', 'FNM.ST', 'FIN.L', 'EWI.L', 'EOT.L', 'EQT.ST', 'FDBK.L', 'FAS.L', 'ESSITY-A.ST', 'FNOVA-B.ST', 'FLAT-B.ST', 'FDM.L', 'EUA.L', 'EYE.L', 'EPI-A.ST', 'FOAF.PA', 'FDJU.PA', 'FDE.PA', 'FIRST-B.ST', 'FOAMIT.HE', 'EPI-B.ST', 'EVR.L', 'EVS.BR', 'FLERIE.ST', 'FARON.HE', 'ETL.L', 'ERIC-A.ST', 'FLOW.AS', 'FASTAT.ST']: TypeError("'NoneType' object is not subscriptable")
['FEVR.L', 'FGA.PA', 'ERC.AS', 'EQV1V.HE', 'FMET.L', 'FABG.ST', 'EVOK.L', 'FLMNG.ST', 'FHP.L', 'FAN.L', 'FCSS.L', 'FING-B.ST']: OperationalError('unable to open database file')

72 Failed downloads:
['GBLB.BR', 'G4M.L', 'FOUR.L', 'GDR.L', 'FSECURE.HE', 'FSPORT.ST', 'FTV.L', 'GEMR.L', 'GNS.L', 'FPG.PA', 'GATC.L', 'GBT.PA', 'FORG.L', 'GENI.ST', 'GOTL-A.ST', 'GALP.LS', 'FPO.L', 'GIG-SDB.ST', 'GHV2.L', 'GHH.L', 'GJF.OL', 'GCG.L', 'FTC.L', 'GLINT.LS', 'FRO.OL', 'GFTU.L', 'GLE.L', 'FUR.AS', 'FPP.L', 'GOSOL.ST', 'FVEN.L', 'GBK.ST', 'GHV1.L', 'GMAB.CO', 'FRACTL.ST', 'GMPP.L', 'GOD.OL', 'GFIN.L', 'FUTR.L', 'FR.PA', 'GLO.PA', 'FOXT.L', 'FONDIA.HE', 'GDP.L', 'GEM.OL', 'FRAN.L', 'FRES.L', 'FRG.L', 'FRAG.ST', 'FRP.L', 'GAMA.L', 'GEO.L', 'FORTUM.HE', 'FSKRS.HE', 'GCM.L', 'GENO.OL', 'GOLDR.OL', 'GLEN.L', 'GKP.OL', 'GGEO.ST', 'FVA.L', 'GIGA.ST', 'GEX.L', 'FRAMERY.HE', 'FSG.L', 'G2M.ST', 'FYNBK.CO', 'GOMERO.ST', 'GABR.CO', 'GEOS.OL', 'GETB.L']: TypeError("'NoneType' object is not subscriptable")
['GFC.PA']: OperationalError('unable to open database file')
$GV2A.L: possibly delisted; no price data found  (period=3mo)
Failed to get ticker 'HOFI.ST' reason: Failed to perform, curl: (6) Could not resolve host: query2.finance.yahoo.com. See https://curl.se/libcurl/c/libcurl-errors.html first for more details.
Failed to get ticker 'HERC.L' reason: Failed to perform, curl: (6) Could not resolve host: query2.finance.yahoo.com. See https://curl.se/libcurl/c/libcurl-errors.html first for more details.
$HID.L: possibly delisted; no price data found  (period=3mo) (Yahoo error = "No data found, symbol may be delisted")

10 Failed downloads:
['GRX.L', 'HBR.L', 'GV1A.L', 'GVCT.L', 'HAS.L', 'HOLM-A.ST', 'HANA.L', 'GTCO.L']: TypeError("'NoneType' object is not subscriptable")
['GV2A.L']: possibly delisted; no price data found  (period=3mo)
['HID.L']: possibly delisted; no price data found  (period=3mo) (Yahoo error = "No data found, symbol may be delisted")
$HWA.L: possibly delisted; no price data found  (period=3mo)
Failed to get ticker 'HSPG.OL' reason: Failed to perform, curl: (6) Could not resolve host: query2.finance.yahoo.com. See https://curl.se/libcurl/c/libcurl-errors.html first for more details.
Failed to get ticker 'IDUN-B.ST' reason: Failed to perform, curl: (6) Could not resolve host: query2.finance.yahoo.com. See https://curl.se/libcurl/c/libcurl-errors.html first for more details.
$IGN.L: possibly delisted; no price data found  (period=3mo) (Yahoo error = "No data found, symbol may be delisted")

2 Failed downloads:
['HWA.L']: possibly delisted; no price data found  (period=3mo)
['IGN.L']: possibly delisted; no price data found  (period=3mo) (Yahoo error = "No data found, symbol may be delisted")
$JARB.L: possibly delisted; no price data found  (period=3mo)
Failed to get ticker 'JARJ.L' reason: Failed to perform, curl: (6) getaddrinfo() thread failed to start. See https://curl.se/libcurl/c/libcurl-errors.html first for more details.
$JARJ.L: possibly delisted; no price data found  (period=3mo) (Yahoo error = "No data found, symbol may be delisted")

98 Failed downloads:
['KLIMAT.ST', 'KETL.L', 'KFAST-B.ST', 'KAP.L', 'IWG.L', 'JLT.ST', 'KDR.L', 'JFJ.L', 'JD.L', 'JTC.L', 'KNB.L', 'ITECH.ST', 'ITERA.OL', 'KNM.L', 'KEFI.L', 'IWS.OL', 'KAV.ST', 'JARU.L', 'ITH.L', 'KESKOA.HE', 'KAKU.L', 'JBOG.PA', 'IRLAB-A.ST', 'KEMPOWR.HE', 'KIT.OL', 'JSG.L', 'KENDR.AS', 'KEYS.L', 'JEN.BR', 'JEMA.L', 'K2A-PREF.ST', 'IVSO.ST', 'KNEBV.HE', 'JMGI.L', 'IS.ST', 'JHD.L', 'KEBNI-B.ST', 'KESKOB.HE', 'KALMAR.HE', 'KINV-A.ST', 'IPCO.ST', 'JOMA.ST', 'KBHL.CO', 'JYSK.CO', 'JEDT.L', 'KID.OL', 'JACK.OL', 'KING.OL', 'KLSO.L', 'JMAT.L', 'ISS.CO', 'KIE.L', 'IRIS.ST', 'ITAB.ST', 'JDW.L', 'JSE.L', 'IXI.L', 'IPC.L', 'KLAR.ST', 'ITM.L', 'KBCA.BR', 'KBC.ST', 'JLP.L', 'JPEL.L', 'KELAS.HE', 'KAV.L', 'KLR.L', 'JM.ST', 'K2A-B.ST', 'JNEO.L', 'JCGI.L', 'JZCP.L', 'KLDVK.OL', 'KMAR.OL', 'JGGI.L', 'ITIM.L', 'KLEE-B.CO', 'JCH.L', 'JIGI.L', 'KEN.L', 'KENH.ST', 'JUGI.L', 'IVA.PA', 'KAKEL.ST', 'IPS.PA', 'KDNC.L', 'JAM.L', 'JEL.L', 'KCC.OL']: TypeError("'NoneType' object is not subscriptable")
['JARB.L']: possibly delisted; no price data found  (period=3mo)
['KAMUX.HE', 'JIN.OL', 'JAREN.OL', 'JMT.LS', 'KIST.L', 'JIM.L', 'JAN.L']: OperationalError('unable to open database file')
['JARJ.L']: possibly delisted; no price data found  (period=3mo) (Yahoo error = "No data found, symbol may be delisted")
Failed to get ticker 'KRS.L' reason: Failed to perform, curl: (6) getaddrinfo() thread failed to start. See https://curl.se/libcurl/c/libcurl-errors.html first for more details.
Failed to get ticker 'MACA.L' reason: unable to open database file
Failed to get ticker 'LGLD.L' reason: Failed to perform, curl: (6) Could not resolve host: query2.finance.yahoo.com. See https://curl.se/libcurl/c/libcurl-errors.html first for more details.
Failed to get ticker 'LINC.ST' reason: Failed to perform, curl: (6) getaddrinfo() thread failed to start. See https://curl.se/libcurl/c/libcurl-errors.html first for more details.
Failed to get ticker 'LOCAL.PA' reason: Failed to perform, curl: (6) Could not resolve host: query2.finance.yahoo.com. See https://curl.se/libcurl/c/libcurl-errors.html first for more details.
$LGLD.L: possibly delisted; no price data found  (period=3mo) (Yahoo error = "No data found, symbol may be delisted")
Failed to get ticker 'MANO.L' reason: Failed to perform, curl: (6) getaddrinfo() thread failed to start. See https://curl.se/libcurl/c/libcurl-errors.html first for more details.
Failed to get ticker 'LTA.PA' reason: Failed to perform, curl: (6) getaddrinfo() thread failed to start. See https://curl.se/libcurl/c/libcurl-errors.html first for more details.
Failed to get ticker 'LOUP.PA' reason: Failed to perform, curl: (6) getaddrinfo() thread failed to start. See https://curl.se/libcurl/c/libcurl-errors.html first for more details.
Failed to get ticker 'MANTA.HE' reason: Failed to perform, curl: (6) Could not resolve host: query2.finance.yahoo.com. See https://curl.se/libcurl/c/libcurl-errors.html first for more details.
Failed to get ticker 'LVIDE.AS' reason: Failed to perform, curl: (6) Could not resolve host: query2.finance.yahoo.com. See https://curl.se/libcurl/c/libcurl-errors.html first for more details.
Failed to get ticker 'LI.PA' reason: Failed to perform, curl: (77) error setting certificate verify locations:  CAfile: /Users/ajay/Library/Python/3.9/lib/python/site-packages/certifi/cacert.pem CApath: none. See https://curl.se/libcurl/c/libcurl-errors.html first for more details.
$MAC3.L: possibly delisted; no price data found  (period=3mo) (Yahoo error = "No data found, symbol may be delisted")
Failed to get ticker 'KONT.ST' reason: Failed to perform, curl: (6) Could not resolve host: query2.finance.yahoo.com. See https://curl.se/libcurl/c/libcurl-errors.html first for more details.

23 Failed downloads:
['KRS.L', 'MACF.L', 'LMS.L', 'LUC.ST', 'MACA.L', 'LOGIST-B.ST', 'LSS.PA', 'LINC.ST', 'LAGR-B.ST', 'LUMI.ST', 'MANO.L', 'LUOTEA.HE', 'KNOW.ST', 'KOS.L', 'LOUP.PA', 'KOA.OL', 'LVIDE.AS', 'MARAS.HE', 'KP2.L', 'MANTEX.ST', 'LIFE.OL']: TypeError("'NoneType' object is not subscriptable")
['LGLD.L', 'MAC3.L']: possibly delisted; no price data found  (period=3mo) (Yahoo error = "No data found, symbol may be delisted")
Failed to get ticker 'MNMD.L' reason: Failed to perform, curl: (6) getaddrinfo() thread failed to start. See https://curl.se/libcurl/c/libcurl-errors.html first for more details.

96 Failed downloads:
['MLCLP.PA', 'MODE.L', 'MHA.L', 'MF.PA', 'MNMD.L', 'MMB.PA', 'MILA.L', 'MAXENT-B.ST', 'MBSR.L', 'MLGEQ.PA', 'MLPLC.PA', 'MEDCL.PA', 'MLCIA.LS', 'MER.L', 'MLZAM.PA', 'MLPTZ.PA', 'MLAEM.PA', 'MOB.ST', 'MLCAC.PA', 'MELG.OL', 'MLACT.PA', 'MDUNDO.CO', 'MCON.L', 'MEGP.L', 'MFAI.L', 'MNTN.L', 'MICC.L', 'MATAS.CO', 'MAVEN.ST', 'MLSML.PA', 'MLIML.PA', 'MLLCB.PA', 'MAY.L', 'MNTS.L', 'MEDS.ST', 'MIG1.L', 'MIKO.BR', 'MLVN.L', 'MAU.PA', 'MAS.OL', 'MLCMI.PA', 'MLWEA.PA', 'MIND.L', 'MNL.L', 'MER.ST', 'MEKO.ST', 'MEAB-B.ST', 'MKS.L', 'MLLOI.PA', 'MNBA.CO', 'MICC.AS', 'MIG3.L', 'MLFMV.LS', 'MING.OL', 'METSB.HE', 'MLHPE.PA', 'MLHK.PA', 'MLROT.PA', 'MLBSP.PA', 'MEX.L', 'MEMS.PA', 'MII.L', 'MLAZR.PA', 'MNDI.L', 'MMIT.L', 'MLIMP.PA', 'MERC.L', 'MIPS.ST', 'MLFTI.PA', 'MIK.L', 'MLEDR.PA', 'MAV4.L', 'MLODT.PA', 'MLCMG.PA', 'MERY.PA', 'MLWEY.PA', 'MIDS.ST', 'MLHOT.PA', 'MLNMA.PA', 'MGNS.L', 'MAW.L', 'MDATA.OL', 'MBH.L', 'MHPC.L', 'MBBAB.ST', 'MATD.L', 'MDZ.L', 'MLCFD.PA', 'META.ST', 'MLFDV.PA', 'MLIFC.PA', 'MLCMB.PA', 'MIGO.L']: TypeError("'NoneType' object is not subscriptable")
['MIDW.L', 'MERUS.HE', 'MC.PA']: OperationalError('unable to open database file')
$NBDG.L: possibly delisted; no price data found  (period=3mo)
Failed to get ticker 'NCSP.L' reason: unable to open database file

95 Failed downloads:
['MTEC.L', 'NEDSE.AS', 'NEWA-B.ST', 'MOVINN.CO', 'MSON-B.ST', 'MOUR.BR', 'NANECH.ST', 'MPOS.ST', 'MTL.L', 'MYX.L', 'MTRK.AS', 'NCC.L', 'MUL.L', 'MODTX.ST', 'NEXAM.ST', 'NESTE.HE', 'NAR.L', 'NEWCAP.CO', 'MTG-B.ST', 'MVIR.ST', 'MYCR.ST', 'MPO.L', 'N91.L', 'MOMENT.ST', 'NAXS.ST', 'NEXT.OL', 'MVIR.L', 'NELLY.ST', 'MOH.L', 'MTU.PA', 'MSON-A.ST', 'MUSTI.HE', 'MRK.L', 'MORLD.OL', 'NEWBRY.ST', 'MPL.L', 'MTG-A.ST', 'NCC-B.ST', 'NEO-B.ST', 'NAPA.OL', 'NAI.AS', 'NETEL.ST', 'MONY.L', 'NCAB.ST', 'NBPU.L', 'NDA-DK.CO', 'MRCH.L', 'MOON.L', 'NBDD.L', 'NEOLA.ST', 'NBA.LS', 'NAIT.L', 'NARF.L', 'MVI.L', 'NAH.L', 'MTO.L', 'MON.WA', 'NAVIGO-PREF.ST', 'MULTI.OL', 'NBB.L', 'MPCES.OL', 'NEPA.ST', 'NAS.L', 'MUT.L', 'MSAB-B.ST', 'MSW.WA', 'NCSP.L', 'NESF.L', 'MTI.ST', 'MRSELL.ST', 'NBPE.L', 'MTHH.CO', 'MOWI.OL', 'NBDX.L', 'MYSE.L', 'MTC.L', 'MORG.OL', 'MT.AS', 'MPCC.OL', 'NATTA.ST', 'MTVW.L', 'NET.L', 'MOTR.L', 'MOFAST.ST', 'MRB.WA', 'MTLS.BR', 'MWY.L', 'MTRS.ST', 'NETI-B.ST', 'NEO.L']: TypeError("'NoneType' object is not subscriptable")
['NBDG.L']: possibly delisted; no price data found  (period=3mo)
['MTE.L', 'MSLH.L', 'MVR2.L', 'NANOC-B.ST']: OperationalError('unable to open database file')

117 Failed downloads:
['NYKD.OL', 'NLB.L', 'OIG.L', 'NIOX.L', 'NRO.PA', 'NSIS-B.CO', 'NK.PA', 'ONTEX.BR', 'ONT.L', 'NOBI.ST', 'ONCOZ.ST', 'ODFB.OL', 'NSI.AS', 'NXTCL.ST', 'NTG.OL', 'OBL.WA', 'NYR.BR', 'NVT.L', 'OFG.L', 'NKR.OL', 'NVG.LS', 'NOFIN.OL', 'ODIN.ST', 'NORBT.OL', 'NILS.ST', 'OGDC.L', 'OBAB.ST', 'NXQ.L', 'NOL.OL', 'NOHO.HE', 'NFX.L', 'NTEK-B.ST', 'ONDO.L', 'NICL.L', 'NWF.L', 'NTBR.L', 'NTI.OL', 'OGN.L', 'OBEL.BR', 'NOVO-B.CO', 'NTVO.L', 'NONG.OL', 'OLVAS.HE', 'NG.L', 'NOTEK.ST', 'NOKIA.HE', 'NRP.AS', 'NORB-B.ST', 'NZI.L', 'NYAB.ST', 'NORTHM.CO', 'NFM.L', 'NSE.AS', 'OKEA.OL', 'NISB.OL', 'OGUN-B.ST', 'OCDO.L', 'OCI.L', 'ODI.ST', 'NIDHOG.ST', 'NITRO.ST', 'OMASP.HE', 'NHY.OL', 'NIVI-B.ST', 'OET.OL', 'NIO.ST', 'NOHAL.OL', 'NOS.LS', 'ONWD.BR', 'OMG.L', 'NTV.L', 'NTEA.L', 'NOBA.ST', 'NFO.ST', 'NSI.L', 'NORCO.OL', 'NP3.ST', 'ONWD.L', 'NICO.ST', 'OMU.L', 'NEXTA.BR', 'OEM-B.ST', 'NFG.L', 'NNIT.CO', 'NORRH.HE', 'ONCO.ST', 'ODL.OL', 'NP3-PREF.ST', 'NORION.ST', 'NREST.ST', 'OCI.AS', 'NOSN.OL', 'NORTH.OL', 'OKEAC.CO', 'NXR.L', 'NOKIA-SEK.ST', 'NORDEN.ST', 'OBSE.ST', 'OBSRV.OL', 'NN.AS', 'OBD.L', 'NOM.OL', 'OHGR.L', 'NSKOG.OL', 'OMI.L', 'NTG.CO', 'NYXH.BR', 'NORSE.OL', 'OMDA.OL', 'OIT.L', 'NRG.PA', 'OBI.L']: TypeError("'NoneType' object is not subscriptable")
['ONEF.ST', 'NIL-B.ST', 'NNH.ST', 'NRC.OL', 'OIH.L']: OperationalError('unable to open database file')
$OTES.L: possibly delisted; no price data found  (period=3mo) (Yahoo error = "No data found, symbol may be delisted")

107 Failed downloads:
['OVH.PA', 'OREGE.PA', 'PHOR.L', 'PIHLIS.HE', 'PCGH.L', 'PGOO.L', 'PLAZ.L', 'ORNAV.HE', 'PEG.CO', 'ORCP.L', 'PIG.PA', 'PFD.L', 'OVZON.ST', 'ORK.OL', 'PAG.L', 'PACS.L', 'OT4.L', 'PAMPALO.HE', 'PLAZ-B.ST', 'PEG.L', 'PIERCE.ST', 'PHARM.AS', 'OPTER.ST', 'PEYS.L', 'OVCT.L', 'PAY.BR', 'PEUG.PA', 'PAAL-B.CO', 'PHP.L', 'ORCH.L', 'ORIT.L', 'PLNW.PA', 'PAM.L', 'PLGC.OL', 'OTLO.OL', 'OSB.L', 'OSEC.L', 'PBH.AS', 'PIN.L', 'PBEE.L', 'PCH.L', 'PCIP.L', 'PLT.OL', 'OXE.ST', 'PGH.L', 'OPTI.L', 'PINT.L', 'PARP.PA', 'PEMB.L', 'OPM.PA', 'PETS.L', 'OXIG.L', 'PAT.L', 'ORTHEX.HE', 'OTV2.L', 'PARKEN.CO', 'ORNBV.HE', 'PEB.L', 'OTEC.OL', 'OSE.PA', 'OSUN.OL', 'ORGC.ST', 'PEBB.L', 'ORNT.L', 'OT1.L', 'OURLIV.ST', 'PET.L', 'OVARO.HE', 'ORA.PA', 'PCELL.ST', 'PHR.LS', 'ORCA.L', 'PCAT.ST', 'PARRO.PA', 'PLSR.L', 'OPTI.ST', 'PION-B.ST', 'OODA.ST', 'PCA.L', 'OOA.L', 'OPTI.BR', 'ORTI-A.ST', 'PARB.OL', 'PANR.L', 'PHAR.L', 'PARKST-A.CO', 'PHO.OL', 'PAT.PA', 'OTOVO.OL', 'PHI.L', 'PEN.OL', 'PEAB-B.ST', 'PFINV.CO', 'PAC.L', 'PEN.L', 'OR.PA', 'ORX.ST', 'OXUR.BR', 'ORTIN.ST', 'PHE.L', 'OXH.L', 'OSSD.ST', 'PILA.ST']: TypeError("'NoneType' object is not subscriptable")
['PAY.L', 'PGV.L', 'OTL.OL']: OperationalError('unable to open database file')
['OTES.L']: possibly delisted; no price data found  (period=3mo) (Yahoo error = "No data found, symbol may be delisted")

116 Failed downloads:
['QFG.BR', 'PSH.L', 'PROGEN.ST', 'PVRTO2-B.ST', 'QQ.L', 'PREC.ST', 'PPH.L', 'PU13.L', 'PRC.PA', 'RCFX.L', 'PWR.L', 'PXC.L', 'PRN.L', 'PVN.L', 'RBLN-B.CO', 'QLINEA.ST', 'RAT.L', 'POLR.L', 'PRFO.ST', 'RBO.PA', 'POS.L', 'QRF.BR', 'QTX.L', 'PRX.AS', 'QTCOM.HE', 'PR1.L', 'POMRY.PA', 'RBREW.CO', 'QED.L', 'PRYME.OL', 'POSTI.HE', 'PNORO.OL', 'POL.OL', 'PNA1V.HE', 'RAM.LS', 'PNL.L', 'PNDX-B.ST', 'QHE.L', 'PPHC.L', 'PROXI.OL', 'RAIKV.HE', 'PTRK.ST', 'PRIS.L', 'PPP.L', 'POLAR.ST', 'PREBON.ST', 'PROAC.PA', 'PXS.L', 'RBD.L', 'QLT.L', 'PRO.L', 'PRTC.L', 'POLN.L', 'PRE.L', 'PLUS.L', 'PPGO.OL', 'QSYS.ST', 'PMED.ST', 'PROF-B.ST', 'QPR1V.HE', 'PZC.L', 'PLX.PA', 'PXM.WA', 'RAKE.ST', 'PNPL.L', 'QLIRO.ST', 'PNS.L', 'PUUILO.HE', 'PON1V.HE', 'PMI.L', 'PREV-B.ST', 'RAUTE.HE', 'RAND.AS', 'PPG.OL', 'PSDL.L', 'RAY-B.ST', 'RBW.L', 'QINTER.CO', 'PMG.L', 'PRT.WA', 'PYRUM.OL', 'PSN.L', 'PSHD.L', 'PRESRV.ST', 'RAP1V.HE', 'RAMSH.ST', 'RBT.PA', 'RATO-B.ST', 'PPET.L', 'POW.L', 'QGAS.OL', 'QBNK.ST', 'PREVA.AS', 'PUAL.L', 'RBN.L', 'PRS.OL', 'PRIM.L', 'PROT.OL', 'QBIM.ST', 'PROX.BR', 'PRU.L', 'PSON.L', 'QIIWI.ST', 'PRISMA.ST', 'PORF.AS', 'PREM.L', 'QUBE.L', 'PNL.AS']: TypeError("'NoneType' object is not subscriptable")
['POLB.L', 'POLAR.OL', 'QBEN.ST', 'POLYG.ST', 'QCORE.ST', 'PRCO-B.ST', 'PROC.L', 'PTSB.L']: OperationalError('unable to open database file')

113 Failed downloads:
['SAN.PA', 'RESI.L', 'RNK.L', 'RGL.L', 'REN.AS', 'RR.L', 'S32.L', 'SAAB-B.ST', 'RNWH.L', 'SALT.L', 'RECY-B.ST', 'RMMC.L', 'RCN.L', 'RPI.L', 'RRR.L', 'REVB.L', 'RFG.L', 'ROKO-B.ST', 'RIII.L', 'RPLAN.ST', 'SALMEO.OL', 'RGG.L', 'ROV.CO', 'SAIN.L', 'ROAD.L', 'RLE.L', 'ROSE.L', 'RVRC.ST', 'REMEDY.HE', 'RM.L', 'RCP.L', 'RTC.L', 'RVRG.L', 'REJL-B.ST', 'REINA.AS', 'SAGA-B.ST', 'REFL.OL', 'RWA.L', 'SAA.L', 'RCO.PA', 'RSG.L', 'SAVE.L', 'RIAS-B.CO', 'RILBA.CO', 'RNEW.L', 'SALT-B.ST', 'ROCK.L', 'RE.L', 'SAMPO.HE', 'SAFE.L', 'SATS.OL', 'REAT.L', 'REBL.HE', 'RING.OL', 'SAF.PA', 'ROGS.OL', 'RF.PA', 'SAG.L', 'S30.PA', 'ROMER.OL', 'SAFETY-B.ST', 'ROR.L', 'RNO.PA', 'REACH.OL', 'ROBIT.HE', 'REAKTOR.HE', 'RUI.PA', 'SAGA.OL', 'RKT.L', 'RENX.L', 'RIFT.L', 'RUA.L', 'SAVE.PA', 'RESP.ST', 'RST.L', 'RMR.L', 'SAVOX.HE', 'SAAS.L', 'RE-B.L', 'RDT.L', 'ROCK-A.CO', 'SAND.ST', 'RUSTA.ST', 'RET.BR', 'RICA.L', 'RXL.PA', 'RI.PA', 'SANB.L', 'REALFI.ST', 'RFX.L', 'SAVE.ST', 'SABE.PA', 'RNEP.L', 'SAMPO-SEK.ST', 'RHR.L', 'RROS.ST', 'ROM.OL', 'SAXG.ST', 'REL.L', 'RELAIS.HE', 'SACI.PA', 'SALM.OL', 'ROCK.BR', 'SALME.OL', 'SAMS.PA', 'RVRB.L', 'RS1.L', 'SALIX.ST']: TypeError("'NoneType' object is not subscriptable")
['REDS.ST', 'RSE.L', 'SANION.ST', 'RECT.BR', 'RENE.LS']: OperationalError('unable to open database file')

104 Failed downloads:
['SBRE.L', 'SIHL.L', 'SMOL.ST', 'SCANFL.HE', 'SDY.L', 'SLBEN.LS', 'SKAND.OL', 'SHOT.ST', 'SFT.L', 'SMJ.L', 'SHB-B.ST', 'SCATC.OL', 'SDIP-B.ST', 'SBMO.AS', 'SDI.L', 'SEEN.L', 'SKIS-B.ST', 'SMIF.L', 'SBB-D.ST', 'SMIN.L', 'SGRO.L', 'SBSI.L', 'SEA.L', 'SECU-B.ST', 'SESG.PA', 'SHELL.AS', 'SIGHT.PA', 'SKF-A.ST', 'SECARE.ST', 'SKUE.OL', 'SFOODS.HE', 'SBOK-B.ST', 'SBO.OL', 'SGO.PA', 'SHEL.L', 'SKL.L', 'SEM.LS', 'SIILI.HE', 'SELK.L', 'SERE.L', 'SBI.HE', 'SEC.L', 'SFCA.PA', 'SFTR.ST', 'SEPL.L', 'SDP.L', 'SHR.L', 'SMCRT.ST', 'SKMO.ST', 'SCST.ST', 'SHC.L', 'SCP.WA', 'SCF.L', 'SEDANA.ST', 'SBSA.L', 'SCP.L', 'SEB-A.ST', 'SCANA.OL', 'SHAW.L', 'SDSD.OL', 'SBRY.L', 'SKJE.CO', 'SIG.CO', 'SCSP.L', 'SDLF.L', 'SINT.ST', 'SIVI.ST', 'SKF-B.ST', 'SCHP.PA', 'SEB-C.ST', 'SELER.PA', 'SEE.L', 'SCC-B.ST', 'SJF.CO', 'SDOS.ST', 'SIP.BR', 'SML.L', 'SKA-B.ST', 'SITOWS.HE', 'SGG.ST', 'SEED.L', 'SEZI.ST', 'SHUR.BR', 'SBB-B.ST', 'SEQI.L', 'SCA-A.ST', 'SFL.ST', 'SES.ST', 'SERT.ST', 'SCT.L', 'SFPI.PA', 'SLOTT-B.ST', 'SCR.PA', 'SEIT.L', 'SDG.PA', 'SBT.PA', 'SFR.L', 'SEI.L', 'SBTX.L']: TypeError("'NoneType' object is not subscriptable")
['SEYE.ST', 'SBNOR.OL', 'SEA1.OL', 'SJG.L', 'SCANAO.OL']: OperationalError('unable to open database file')
Failed to get ticker 'SPEB.L' reason: unable to open database file
$SPEA.L: possibly delisted; no price data found  (period=3mo) (Yahoo error = "No data found, symbol may be delisted")

89 Failed downloads:
['SRC.L', 'STCM.L', 'SMSN.L', 'STAR-B.ST', 'SUMMA.HE', 'SMSMED.CO', 'SPAGO.ST', 'SNC.LS', 'SMOP.OL', 'STUDBO.ST', 'SOUC.L', 'STB.L', 'STHLM.ST', 'STX.L', 'SMT.L', 'SRP.PA', 'SRES.L', 'STAR-A.ST', 'SPRING.HE', 'STORB76-PRO-ESG.OL', 'SOLWERS.HE', 'SPSY.L', 'SOLI.L', 'SOLAR-B.CO', 'SOUND.ST', 'STRD-B.ST', 'SPMU.L', 'SOBI.ST', 'SUBGEN-TO-6.ST', 'SOMA.OL', 'SPOTR.ST', 'SSABBH.HE', 'SNR.L', 'SUP.L', 'SPEB.L', 'SPX.L', 'SNWS.L', 'STAR.L', 'SON.LS', 'SOGN.OL', 'SOU.L', 'STWK.ST', 'STW.ST', 'STLAP.PA', 'SUS.ST', 'SPERM.ST', 'SUBC.OL', 'SNM.OL', 'SNI.OL', 'SPR.L', 'SPDI.L', 'SOSI1.HE', 'STF.PA', 'SRV1V.HE', 'SST.L', 'SORT.L', 'STECH.OL', 'SRB.L', 'SSE.L', 'SMSD.L', 'SPI.L', 'SOLV.BR', 'SOLB.BR', 'SOAG.OL', 'SOLNA.ST', 'SOF-B.ST', 'STVG.L', 'SSPG.L', 'SOF.BR', 'STAN.L', 'SPA.BR', 'SSAB-B.ST', 'SNDA.L', 'SPOG.OL', 'SPGR.ST', 'STRINV.CO', 'SOI.L', 'SUMMAS.ST', 'SURE.L', 'SPEONE.ST', 'SNX.ST', 'SQZ.L', 'SPOL.OL', 'SN.L', 'SSABAH.HE', 'SNX.L']: TypeError("'NoneType' object is not subscriptable")
['SUBGEN.ST', 'STE-R.ST']: OperationalError('unable to open database file')
['SPEA.L']: possibly delisted; no price data found  (period=3mo) (Yahoo error = "No data found, symbol may be delisted")
Failed to get ticker 'SYSA.L' reason: Failed to perform, curl: (6) getaddrinfo() thread failed to start. See https://curl.se/libcurl/c/libcurl-errors.html first for more details.
$SYSB.L: possibly delisted; no price data found  (period=3mo) (Yahoo error = "No data found, symbol may be delisted")

125 Failed downloads:
['TDBS3.PA', 'TIG.L', 'TKO.L', 'TAND.L', 'TNG.PA', 'TIBD.L', 'SVED-B.ST', 'SWP.PA', 'TLW.L', 'TINC.BR', 'THRU.L', 'TFG.AS', 'TINDE.OL', 'THEP.PA', 'SYSA.L', 'TELLUS.ST', 'TFG.L', 'THS.L', 'TDBS.PA', 'SVOL-A.ST', 'SUSG.ST', 'TITC.BR', 'TLT1V.HE', 'TGR.L', 'TIV.CO', 'TNOM.HE', 'TBTG.L', 'TE.PA', 'TOKMAN.HE', 'TENG.L', 'SVCT.L', 'TGP.L', 'TMG.L', 'TLM.L', 'SUY1V.HE', 'TIN.L', 'SYENS.BR', 'TM1.L', 'TGS.OL', 'TBLD.L', 'TERN.L', 'SYNSAM.ST', 'TBSO.PA', 'TATE.L', 'TECH.OL', 'TCAP.L', 'TEK.L', 'THRL.L', 'TFIF.L', 'TEEG.L', 'TFGS.L', 'TAR.L', 'TKO.PA', 'THAT.L', 'TEP.L', 'TEKNA.OL', 'SVOL-B.ST', 'TGE.L', 'THG.WA', 'SYME.L', 'TALK.ST', 'SVT.L', 'SWISS.CO', 'TELIA1.HE', 'TEKOVA.HE', 'SVNS.L', 'TEXF.BR', 'TELIA.ST', 'TMPL.L', 'SWED-A.ST', 'SYSR.ST', 'TENEO.ST', 'TOIVO.HE', 'TMT.L', 'TOM.L', 'TND.L', 'TEM.L', 'SWG.L', 'SYS.L', 'SYNACT.ST', 'THG.L', 'TIETOS.ST', 'TNE.L', 'TEKNAO.OL', 'THEON.AS', 'TEP.PA', 'SYM.L', 'TMI.L', 'THAL.L', 'THR.L', 'TINGS-B.ST', 'TAN.L', 'TGAMES.CO', 'SWT.L', 'SYNT.ST', 'TBCG.L', 'TEL2-A.ST', 'TAALA.HE', 'TAGM-B.ST', 'TAM.L', 'SYNC.L', 'SW.PA', 'SWICH.AS', 'SVIK.ST', 'SVML.L', 'TCM.CO', 'TFF.PA', 'TAVI.L', 'TITAN.HE', 'TERA.L']: TypeError("'NoneType' object is not subscriptable")
['TITA-B.ST', 'TEL.OL', 'TAP.L', 'TIA.L', 'TGA.L', 'SWG.WA', 'TESB.BR', 'TINGS-A.ST', 'SWC.L', 'TIETO.HE', 'SYN.L', 'SWEC-B.ST', 'TESSIN.ST', 'THULE.ST']: OperationalError('unable to open database file')
['SYSB.L']: possibly delisted; no price data found  (period=3mo) (Yahoo error = "No data found, symbol may be delisted")
Failed to get ticker 'UZNF.L' reason: unable to open database file
Failed to get ticker 'UZ20.L' reason: Failed to perform, curl: (6) getaddrinfo() thread failed to start. See https://curl.se/libcurl/c/libcurl-errors.html first for more details.

127 Failed downloads:
['UAV.L', 'VBG-B.ST', 'UTLH.L', 'UNA.AS', 'TRMED.OL', 'VEI.OL', 'UNT.WA', 'TULAV.HE', 'VCP.L', 'UMR.L', 'VERT-B.ST', 'UIE.CO', 'UFO.L', 'TXP.L', 'UTG.L', 'TRYG.CO', 'TON.L', 'TOM2.AS', 'ULTP.L', 'UZNF.L', 'TOUCH.ST', 'UOG.L', 'VEL.L', 'TOURN.ST', 'VIC.L', 'UNLGRP.CO', 'TRAN-B.ST', 'VAN.BR', 'TTALO.HE', 'TPX.L', 'UU.L', 'TOUR.L', 'URU.L', 'TUNE.L', 'TREL-B.ST', 'TUN.L', 'TPV.L', 'TRD.L', 'VIL.PA', 'VALMT.HE', 'UZ20.L', 'UEM.L', 'VICO.ST', 'VER.ST', 'UNIBAP.ST', 'TRAC-B.ST', 'UKR.L', 'ULVR.L', 'TRAIN-B.ST', 'VIDH.ST', 'UMI.BR', 'TYRES.HE', 'TRP.L', 'TRY.L', 'TRANS.ST', 'TRAF.L', 'TSCO.L', 'UMIDA-B.ST', 'TRIAN-B.ST', 'TST.L', 'TTG.L', 'UPGRAD.ST', 'UTL.L', 'UCB.BR', 'VEFAB.ST', 'VACBS.PA', 'TTE.PA', 'VAL.L', 'VIE.PA', 'TOM.OL', 'VALT.L', 'TRI.PA', 'TRI.L', 'USWE.ST', 'TPT.L', 'URW.PA', 'VEIL.L', 'UJO.L', 'TRLS.L', 'TRUE-B.ST', 'VAF.LS', 'VAC.PA', 'VEND.OL', 'USA.L', 'UTLI.L', 'VCT.L', 'TRN.WA', 'VETT.ST', 'USF.L', 'VEID.L', 'UTG.ST', 'TRI.WA', 'TROAX.ST', 'TRT.L', 'TSTL.L', 'TYT.L', 'TVRB.PA', 'TRIO.AS', 'UMG.AS', 'TRMD-A.CO', 'TOWN.L']: TypeError("'NoneType' object is not subscriptable")
['VGP.BR', 'VETO.PA', 'VCT.PA', 'VIAFIN.HE', 'VALUE.AS', 'VH.ST', 'UKW.L', 'UPR.L', 'VASTB.BR', 'UPM.HE', 'TRB.L', 'TRSB.OL', 'TWEKA.AS', 'TORO.L', 'TRIBO-B.ST', 'TUB.BR', 'TRCS.L', 'UBI.PA', 'TRAN-A.ST', 'USFP.L', 'VAST.L', 'VID.L', 'VAIAS.HE', 'TYM.L', 'TRIG.L', 'TSEC.ST']: OperationalError('unable to open database file')

124 Failed downloads:
['WWI.OL', 'VOLO-PREF.ST', 'XIOR.BR', 'VOD.L', 'VIT-B.ST', 'WAWI.OL', 'VLTSA.PA', 'XSG.L', 'WYLD.ST', 'VNV.ST', 'WFR.L', 'YCA.L', 'VOW.OL', 'VOIM.OL', 'WPM.L', 'VK.PA', 'WKS.L', 'W5.ST', 'WEG.ST', 'WAGA.PA']: OperationalError('unable to open database file')
['WEB.BR', 'WTG.ST', 'WML.L', 'VIO.BR', 'WBGR-B.ST', 'VTURA.OL', 'VSVS.L', 'VOF.L', 'VPLAY-A.ST', 'XBRANE.ST', 'VOX.L', 'WDP.BR', 'WALL-B.ST', 'WSBN.L', 'WRV.ST', 'VIVE.ST', 'XFAB.PA', 'VINO.L', 'VTU.L', 'XSPRAY.ST', 'WRT1V.HE', 'WWIB.OL', 'VTAS.L', 'XMR.ST', 'VNH.L', 'VLK.AS', 'VIRP.PA', 'XAR.L', 'XINT.ST', 'VIMIAN.ST', 'VNET.L', 'VVL.OL', 'WHITE-B.ST', 'WRN.L', 'VSURE.ST', 'WSG.ST', 'VLE.L', 'VIVA.ST', 'VLA.PA', 'WOSG.L', 'VIRI.PA', 'WMA.CO', 'WPAY.ST', 'XPF.L', 'VITR.ST', 'VTR.PA', 'XPC.ST', 'WEIR.L', 'XANO-B.ST', 'VISTN.OL', 'VINCIT.HE', 'YIELD.ST', 'VLG.L', 'WPP.L', 'VU.PA', 'WPTG-B.ST', 'VOLV-A.ST', 'VUL.L', 'WUF1V.HE', 'WIL.L', 'WITTED.HE', 'VVY.AS', 'WTB.L', 'WINE.L', 'XTR.L', 'VP.L', 'VO2.ST', 'WKL.AS', 'WLN.PA', 'VMX.PA', 'VPLAY-B.ST', 'WWH.L', 'VIRO.CO', 'VSL.L', 'WAVE.PA', 'XER.ST', 'VSD-B.ST', 'WIZZ.L', 'WATR.L', 'XPP.L', 'VRLA.PA', 'VLX.L', 'XOM-B.ST', 'WTE.L', 'WCAT.L', 'VIP.L', 'WRKS.L', 'VIV.PA', 'VOLCAR-B.ST', 'VUXEN.ST', 'WEST.OL', 'W7L.L', 'WSP.L', 'WISE.L', 'WHA.AS', 'VRCI.L', 'WPHO.L', 'XVIVO.ST', 'XPLRA.OL', 'WIRTEK.CO', 'VPK.AS', 'VWS.CO', 'WIHL.ST', 'WVIA.L']: TypeError("'NoneType' object is not subscriptable")

26 Failed downloads:
['ZENA.OL', 'ZEN.L', '^OMX', 'ZPHR.L', '^OMXH25', 'YU.L', 'ZIG.L', '^N225', 'YOU.L', 'ZAM.L', 'YIT.HE', '^OSEAX', 'ZENI.ST', 'ZEAL.CO', 'ZOOM.ST', 'ZLNA.OL', 'ZENA-SDR.ST', 'ZCC.L', '^KS11', 'ZAPLOX.ST', 'ZEG.L', 'ZZ-B.ST', 'YNGN.L', 'ZIOC.L', '^OMXC25', 'ZAP.OL']: TypeError("'NoneType' object is not subscriptable")
Failed to get ticker '010120.KQ' reason: Failed to perform, curl: (6) Could not resolve host: query2.finance.yahoo.com. See https://curl.se/libcurl/c/libcurl-errors.html first for more details.
Failed to get ticker '001267.KQ' reason: Failed to perform, curl: (6) getaddrinfo() thread failed to start. See https://curl.se/libcurl/c/libcurl-errors.html first for more details.
Failed to get ticker '009907.KQ' reason: Failed to perform, curl: (77) error setting certificate verify locations:  CAfile: /Users/ajay/Library/Python/3.9/lib/python/site-packages/certifi/cacert.pem CApath: none. See https://curl.se/libcurl/c/libcurl-errors.html first for more details.
Failed to get ticker '007720.KS' reason: Failed to perform, curl: (6) getaddrinfo() thread failed to start. See https://curl.se/libcurl/c/libcurl-errors.html first for more details.
Failed to get ticker '006400.KQ' reason: Failed to perform, curl: (6) Could not resolve host: query2.finance.yahoo.com. See https://curl.se/libcurl/c/libcurl-errors.html first for more details.
Failed to get ticker '009900.KQ' reason: Failed to perform, curl: (6) getaddrinfo() thread failed to start. See https://curl.se/libcurl/c/libcurl-errors.html first for more details.
Failed to get ticker '010280.KS' reason: Failed to perform, curl: (6) getaddrinfo() thread failed to start. See https://curl.se/libcurl/c/libcurl-errors.html first for more details.
Failed to get ticker '007310.KQ' reason: Failed to perform, curl: (6) getaddrinfo() thread failed to start. See https://curl.se/libcurl/c/libcurl-errors.html first for more details.
Failed to get ticker '007110.KQ' reason: Failed to perform, curl: (6) Could not resolve host: query2.finance.yahoo.com. See https://curl.se/libcurl/c/libcurl-errors.html first for more details.
Failed to get ticker '000599.KQ' reason: Failed to perform, curl: (6) getaddrinfo() thread failed to start. See https://curl.se/libcurl/c/libcurl-errors.html first for more details.
Failed to get ticker '005717.KS' reason: Failed to perform, curl: (6) getaddrinfo() thread failed to start. See https://curl.se/libcurl/c/libcurl-errors.html first for more details.
Failed to get ticker '009290.KQ' reason: Failed to perform, curl: (6) getaddrinfo() thread failed to start. See https://curl.se/libcurl/c/libcurl-errors.html first for more details.
$009907.KQ: possibly delisted; no price data found  (period=3mo) (Yahoo error = "No data found, symbol may be delisted")
$000329.KQ: possibly delisted; no price data found  (period=3mo) (Yahoo error = "No data found, symbol may be delisted")
$009905.KQ: possibly delisted; no price data found  (period=3mo) (Yahoo error = "No data found, symbol may be delisted")
$009777.KQ: possibly delisted; no price data found  (period=3mo) (Yahoo error = "No data found, symbol may be delisted")
$010245.KS: possibly delisted; no price data found  (period=3mo) (Yahoo error = "No data found, symbol may be delisted")
$003129.KQ: possibly delisted; no price data found  (period=3mo) (Yahoo error = "No data found, symbol may be delisted")
Failed to get ticker '007590.KQ' reason: Failed to perform, curl: (6) getaddrinfo() thread failed to start. See https://curl.se/libcurl/c/libcurl-errors.html first for more details.
Failed to get ticker '008375.KS' reason: Failed to perform, curl: (6) getaddrinfo() thread failed to start. See https://curl.se/libcurl/c/libcurl-errors.html first for more details.
Failed to get ticker '009909.KQ' reason: Failed to perform, curl: (77) error setting certificate verify locations:  CAfile: /Users/ajay/Library/Python/3.9/lib/python/site-packages/certifi/cacert.pem CApath: none. See https://curl.se/libcurl/c/libcurl-errors.html first for more details.
Failed to get ticker '006890.KQ' reason: Failed to perform, curl: (6) Could not resolve host: query2.finance.yahoo.com. See https://curl.se/libcurl/c/libcurl-errors.html first for more details.
Failed to get ticker '000327.KQ' reason: Failed to perform, curl: (6) Could not resolve host: query2.finance.yahoo.com. See https://curl.se/libcurl/c/libcurl-errors.html first for more details.
Failed to get ticker '007547.KQ' reason: Failed to perform, curl: (6) getaddrinfo() thread failed to start. See https://curl.se/libcurl/c/libcurl-errors.html first for more details.
Failed to get ticker '008370.KS' reason: Failed to perform, curl: (6) Could not resolve host: query2.finance.yahoo.com. See https://curl.se/libcurl/c/libcurl-errors.html first for more details.
$001269.KQ: possibly delisted; no price data found  (period=3mo) (Yahoo error = "No data found, symbol may be delisted")
$010247.KS: possibly delisted; no price data found  (period=3mo) (Yahoo error = "No data found, symbol may be delisted")
Failed to get ticker '010479.KS' reason: Failed to perform, curl: (6) getaddrinfo() thread failed to start. See https://curl.se/libcurl/c/libcurl-errors.html first for more details.
$000595.KQ: possibly delisted; no price data found  (period=3mo) (Yahoo error = "No data found, symbol may be delisted")
Failed to get ticker '007280.KQ' reason: Failed to perform, curl: (6) Could not resolve host: query2.finance.yahoo.com. See https://curl.se/libcurl/c/libcurl-errors.html first for more details.
Failed to get ticker '009779.KQ' reason: Failed to perform, curl: (6) Could not resolve host: query2.finance.yahoo.com. See https://curl.se/libcurl/c/libcurl-errors.html first for more details.
Failed to get ticker '008377.KS' reason: Failed to perform, curl: (6) getaddrinfo() thread failed to start. See https://curl.se/libcurl/c/libcurl-errors.html first for more details.
Failed to get ticker '006110.KQ' reason: Failed to perform, curl: (6) Could not resolve host: query2.finance.yahoo.com. See https://curl.se/libcurl/c/libcurl-errors.html first for more details.
Failed to get ticker '002927.KQ' reason: Failed to perform, curl: (6) Could not resolve host: query2.finance.yahoo.com. See https://curl.se/libcurl/c/libcurl-errors.html first for more details.
Failed to get ticker '009460.KQ' reason: Failed to perform, curl: (6) getaddrinfo() thread failed to start. See https://curl.se/libcurl/c/libcurl-errors.html first for more details.
Failed to get ticker '004495.KQ' reason: Failed to perform, curl: (6) getaddrinfo() thread failed to start. See https://curl.se/libcurl/c/libcurl-errors.html first for more details.
Failed to get ticker '002929.KQ' reason: Failed to perform, curl: (6) getaddrinfo() thread failed to start. See https://curl.se/libcurl/c/libcurl-errors.html first for more details.
Failed to get ticker '004565.KQ' reason: Failed to perform, curl: (6) getaddrinfo() thread failed to start. See https://curl.se/libcurl/c/libcurl-errors.html first for more details.
$009689.KQ: possibly delisted; no price data found  (period=3mo) (Yahoo error = "No data found, symbol may be delisted")
$009909.KQ: possibly delisted; no price data found  (period=3mo) (Yahoo error = "No data found, symbol may be delisted")
$002925.KQ: possibly delisted; no price data found  (period=3mo) (Yahoo error = "No data found, symbol may be delisted")
Failed to get ticker '007610.KQ' reason: Failed to perform, curl: (6) Could not resolve host: query2.finance.yahoo.com. See https://curl.se/libcurl/c/libcurl-errors.html first for more details.
$007547.KQ: possibly delisted; no price data found  (period=3mo) (Yahoo error = "No data found, symbol may be delisted")
$002299.KS: possibly delisted; no price data found  (period=3mo) (Yahoo error = "No data found, symbol may be delisted")
$005390.KQ: possibly delisted; no price data found  (period=3mo)
Failed to get ticker '009687.KQ' reason: Failed to perform, curl: (6) getaddrinfo() thread failed to start. See https://curl.se/libcurl/c/libcurl-errors.html first for more details.
Failed to get ticker '009190.KQ' reason: Failed to perform, curl: (6) getaddrinfo() thread failed to start. See https://curl.se/libcurl/c/libcurl-errors.html first for more details.
Failed to get ticker '009307.KS' reason: Failed to perform, curl: (6) Could not resolve host: query2.finance.yahoo.com. See https://curl.se/libcurl/c/libcurl-errors.html first for more details.
$004567.KQ: possibly delisted; no price data found  (period=3mo) (Yahoo error = "No data found, symbol may be delisted")
$009307.KS: possibly delisted; no price data found  (period=3mo) (Yahoo error = "No data found, symbol may be delisted")
$003017.KQ: possibly delisted; no price data found  (period=3mo) (Yahoo error = "No data found, symbol may be delisted")
$009687.KQ: possibly delisted; no price data found  (period=3mo) (Yahoo error = "No data found, symbol may be delisted")
$004497.KQ: possibly delisted; no price data found  (period=3mo) (Yahoo error = "No data found, symbol may be delisted")
$002297.KS: possibly delisted; no price data found  (period=3mo) (Yahoo error = "No data found, symbol may be delisted")
Failed to get ticker '007660.KQ' reason: Failed to perform, curl: (6) Could not resolve host: query2.finance.yahoo.com. See https://curl.se/libcurl/c/libcurl-errors.html first for more details.
Failed to get ticker '008490.KQ' reason: Failed to perform, curl: (6) Could not resolve host: query2.finance.yahoo.com. See https://curl.se/libcurl/c/libcurl-errors.html first for more details.
Failed to get ticker '010140.KQ' reason: Failed to perform, curl: (6) Could not resolve host: query2.finance.yahoo.com. See https://curl.se/libcurl/c/libcurl-errors.html first for more details.
Failed to get ticker '005995.KS' reason: Failed to perform, curl: (6) getaddrinfo() thread failed to start. See https://curl.se/libcurl/c/libcurl-errors.html first for more details.
Failed to get ticker '000705.KQ' reason: Failed to perform, curl: (6) Could not resolve host: query2.finance.yahoo.com. See https://curl.se/libcurl/c/libcurl-errors.html first for more details.
Failed to get ticker '003125.KQ' reason: Failed to perform, curl: (6) getaddrinfo() thread failed to start. See https://curl.se/libcurl/c/libcurl-errors.html first for more details.
Failed to get ticker '008379.KS' reason: Failed to perform, curl: (6) getaddrinfo() thread failed to start. See https://curl.se/libcurl/c/libcurl-errors.html first for more details.
Failed to get ticker '006360.KQ' reason: Failed to perform, curl: (6) getaddrinfo() thread failed to start. See https://curl.se/libcurl/c/libcurl-errors.html first for more details.
Failed to get ticker '001265.KQ' reason: Failed to perform, curl: (6) getaddrinfo() thread failed to start. See https://curl.se/libcurl/c/libcurl-errors.html first for more details.
Failed to get ticker '006370.KQ' reason: Failed to perform, curl: (6) getaddrinfo() thread failed to start. See https://curl.se/libcurl/c/libcurl-errors.html first for more details.
Failed to get ticker '007599.KQ' reason: Failed to perform, curl: (6) getaddrinfo() thread failed to start. See https://curl.se/libcurl/c/libcurl-errors.html first for more details.
Failed to get ticker '008930.KQ' reason: Failed to perform, curl: (6) Could not resolve host: query2.finance.yahoo.com. See https://curl.se/libcurl/c/libcurl-errors.html first for more details.
$005689.KQ: possibly delisted; no price data found  (period=3mo) (Yahoo error = "No data found, symbol may be delisted")
Failed to get ticker '009305.KS' reason: Failed to perform, curl: (6) Could not resolve host: query2.finance.yahoo.com. See https://curl.se/libcurl/c/libcurl-errors.html first for more details.
Failed to get ticker '000707.KQ' reason: Failed to perform, curl: (6) Could not resolve host: query2.finance.yahoo.com. See https://curl.se/libcurl/c/libcurl-errors.html first for more details.
$004569.KQ: possibly delisted; no price data found  (period=3mo) (Yahoo error = "No data found, symbol may be delisted")
Failed to get ticker '007820.KS' reason: Failed to perform, curl: (6) Could not resolve host: query2.finance.yahoo.com. See https://curl.se/libcurl/c/libcurl-errors.html first for more details.
Failed to get ticker '002175.KQ' reason: Failed to perform, curl: (6) getaddrinfo() thread failed to start. See https://curl.se/libcurl/c/libcurl-errors.html first for more details.
Failed to get ticker '006200.KQ' reason: Failed to perform, curl: (6) getaddrinfo() thread failed to start. See https://curl.se/libcurl/c/libcurl-errors.html first for more details.
Failed to get ticker '005687.KQ' reason: Failed to perform, curl: (6) Could not resolve host: query2.finance.yahoo.com. See https://curl.se/libcurl/c/libcurl-errors.html first for more details.
Failed to get ticker '007597.KQ' reason: Failed to perform, curl: (6) Could not resolve host: query2.finance.yahoo.com. See https://curl.se/libcurl/c/libcurl-errors.html first for more details.
Failed to get ticker '009140.KQ' reason: Failed to perform, curl: (6) getaddrinfo() thread failed to start. See https://curl.se/libcurl/c/libcurl-errors.html first for more details.
Failed to get ticker '003019.KQ' reason: Failed to perform, curl: (6) getaddrinfo() thread failed to start. See https://curl.se/libcurl/c/libcurl-errors.html first for more details.
Failed to get ticker '004499.KQ' reason: Failed to perform, curl: (6) Could not resolve host: query2.finance.yahoo.com. See https://curl.se/libcurl/c/libcurl-errors.html first for more details.
$000709.KQ: possibly delisted; no price data found  (period=3mo) (Yahoo error = "No data found, symbol may be delisted")
Failed to get ticker '007545.KQ' reason: Failed to perform, curl: (6) Could not resolve host: query2.finance.yahoo.com. See https://curl.se/libcurl/c/libcurl-errors.html first for more details.
$007599.KQ: possibly delisted; no price data found  (period=3mo) (Yahoo error = "No data found, symbol may be delisted")
$000707.KQ: possibly delisted; no price data found  (period=3mo) (Yahoo error = "No data found, symbol may be delisted")
$002235.KS: possibly delisted; no price data found  (period=3mo) (Yahoo error = "No data found, symbol may be delisted")
$005687.KQ: possibly delisted; no price data found  (period=3mo) (Yahoo error = "No data found, symbol may be delisted")
Failed to get ticker '002295.KS' reason: Failed to perform, curl: (6) getaddrinfo() thread failed to start. See https://curl.se/libcurl/c/libcurl-errors.html first for more details.
Failed to get ticker '005685.KQ' reason: Failed to perform, curl: (6) Could not resolve host: query2.finance.yahoo.com. See https://curl.se/libcurl/c/libcurl-errors.html first for more details.
$005997.KS: possibly delisted; no price data found  (period=3mo) (Yahoo error = "No data found, symbol may be delisted")
Failed to get ticker '007549.KQ' reason: Failed to perform, curl: (6) getaddrinfo() thread failed to start. See https://curl.se/libcurl/c/libcurl-errors.html first for more details.
Failed to get ticker '005715.KS' reason: Failed to perform, curl: (6) Could not resolve host: query2.finance.yahoo.com. See https://curl.se/libcurl/c/libcurl-errors.html first for more details.
Failed to get ticker '000979.KQ' reason: Failed to perform, curl: (6) getaddrinfo() thread failed to start. See https://curl.se/libcurl/c/libcurl-errors.html first for more details.
Failed to get ticker '007700.KQ' reason: Failed to perform, curl: (6) getaddrinfo() thread failed to start. See https://curl.se/libcurl/c/libcurl-errors.html first for more details.
Failed to get ticker '002239.KS' reason: Failed to perform, curl: (77) error setting certificate verify locations:  CAfile: /Users/ajay/Library/Python/3.9/lib/python/site-packages/certifi/cacert.pem CApath: none. See https://curl.se/libcurl/c/libcurl-errors.html first for more details.
Failed to get ticker '008600.KQ' reason: Failed to perform, curl: (6) getaddrinfo() thread failed to start. See https://curl.se/libcurl/c/libcurl-errors.html first for more details.
Failed to get ticker '009775.KQ' reason: Failed to perform, curl: (6) Could not resolve host: query2.finance.yahoo.com. See https://curl.se/libcurl/c/libcurl-errors.html first for more details.
Failed to get ticker '009685.KQ' reason: Failed to perform, curl: (6) getaddrinfo() thread failed to start. See https://curl.se/libcurl/c/libcurl-errors.html first for more details.
Failed to get ticker '000977.KQ' reason: Failed to perform, curl: (6) getaddrinfo() thread failed to start. See https://curl.se/libcurl/c/libcurl-errors.html first for more details.
Failed to get ticker '002237.KS' reason: Failed to perform, curl: (6) getaddrinfo() thread failed to start. See https://curl.se/libcurl/c/libcurl-errors.html first for more details.
Failed to get ticker '009200.KQ' reason: Failed to perform, curl: (6) getaddrinfo() thread failed to start. See https://curl.se/libcurl/c/libcurl-errors.html first for more details.
Failed to get ticker '009730.KS' reason: Failed to perform, curl: (6) getaddrinfo() thread failed to start. See https://curl.se/libcurl/c/libcurl-errors.html first for more details.
Failed to get ticker '009580.KQ' reason: Failed to perform, curl: (6) getaddrinfo() thread failed to start. See https://curl.se/libcurl/c/libcurl-errors.html first for more details.
Failed to get ticker '006040.KQ' reason: Failed to perform, curl: (6) getaddrinfo() thread failed to start. See https://curl.se/libcurl/c/libcurl-errors.html first for more details.
Failed to get ticker '009540.KQ' reason: Failed to perform, curl: (6) Could not resolve host: query2.finance.yahoo.com. See https://curl.se/libcurl/c/libcurl-errors.html first for more details.
Failed to get ticker '007570.KQ' reason: Failed to perform, curl: (6) getaddrinfo() thread failed to start. See https://curl.se/libcurl/c/libcurl-errors.html first for more details.
Failed to get ticker '010060.KQ' reason: Failed to perform, curl: (6) Could not resolve host: query2.finance.yahoo.com. See https://curl.se/libcurl/c/libcurl-errors.html first for more details.
$004499.KQ: possibly delisted; no price data found  (period=3mo) (Yahoo error = "No data found, symbol may be delisted")
$003019.KQ: possibly delisted; no price data found  (period=3mo) (Yahoo error = "No data found, symbol may be delisted")
$007709.KQ: possibly delisted; no price data found  (period=3mo) (Yahoo error = "No data found, symbol may be delisted")
Failed to get ticker '002179.KQ' reason: Failed to perform, curl: (6) Could not resolve host: query2.finance.yahoo.com. See https://curl.se/libcurl/c/libcurl-errors.html first for more details.
Failed to get ticker '000597.KQ' reason: Failed to perform, curl: (6) Could not resolve host: query2.finance.yahoo.com. See https://curl.se/libcurl/c/libcurl-errors.html first for more details.
Failed to get ticker '007460.KQ' reason: Failed to perform, curl: (6) getaddrinfo() thread failed to start. See https://curl.se/libcurl/c/libcurl-errors.html first for more details.
Failed to get ticker '009680.KQ' reason: Failed to perform, curl: (6) Could not resolve host: query2.finance.yahoo.com. See https://curl.se/libcurl/c/libcurl-errors.html first for more details.
Failed to get ticker '005999.KS' reason: Failed to perform, curl: (6) Could not resolve host: query1.finance.yahoo.com. See https://curl.se/libcurl/c/libcurl-errors.html first for more details.
Failed to get ticker '009160.KQ' reason: Failed to perform, curl: (6) getaddrinfo() thread failed to start. See https://curl.se/libcurl/c/libcurl-errors.html first for more details.
Failed to get ticker '003015.KQ' reason: Failed to perform, curl: (6) Could not resolve host: query1.finance.yahoo.com. See https://curl.se/libcurl/c/libcurl-errors.html first for more details.
Failed to get ticker '006660.KQ' reason: Failed to perform, curl: (6) Could not resolve host: query1.finance.yahoo.com. See https://curl.se/libcurl/c/libcurl-errors.html first for more details.
Failed to get ticker '007707.KQ' reason: Failed to perform, curl: (6) getaddrinfo() thread failed to start. See https://curl.se/libcurl/c/libcurl-errors.html first for more details.
Failed to get ticker '006650.KQ' reason: Failed to perform, curl: (6) getaddrinfo() thread failed to start. See https://curl.se/libcurl/c/libcurl-errors.html first for more details.
Failed to get ticker '010477.KS' reason: Failed to perform, curl: (6) Could not resolve host: query2.finance.yahoo.com. See https://curl.se/libcurl/c/libcurl-errors.html first for more details.
Failed to get ticker '008470.KS' reason: Failed to perform, curl: (6) Could not resolve host: query2.finance.yahoo.com. See https://curl.se/libcurl/c/libcurl-errors.html first for more details.
Failed to get ticker '006120.KQ' reason: Failed to perform, curl: (6) Could not resolve host: query2.finance.yahoo.com. See https://curl.se/libcurl/c/libcurl-errors.html first for more details.
Failed to get ticker '009970.KQ' reason: Failed to perform, curl: (6) Could not resolve host: query2.finance.yahoo.com. See https://curl.se/libcurl/c/libcurl-errors.html first for more details.
Failed to get ticker '007595.KQ' reason: Failed to perform, curl: (6) Could not resolve host: query2.finance.yahoo.com. See https://curl.se/libcurl/c/libcurl-errors.html first for more details.
Failed to get ticker '008970.KQ' reason: Failed to perform, curl: (6) getaddrinfo() thread failed to start. See https://curl.se/libcurl/c/libcurl-errors.html first for more details.
Failed to get ticker '005719.KS' reason: Failed to perform, curl: (6) getaddrinfo() thread failed to start. See https://curl.se/libcurl/c/libcurl-errors.html first for more details.
Failed to get ticker '003127.KQ' reason: Failed to perform, curl: (6) Could not resolve host: query2.finance.yahoo.com. See https://curl.se/libcurl/c/libcurl-errors.html first for more details.
Failed to get ticker '0082N0.KS' reason: Failed to perform, curl: (6) Could not resolve host: query2.finance.yahoo.com. See https://curl.se/libcurl/c/libcurl-errors.html first for more details.
$002177.KQ: possibly delisted; no price data found  (period=3mo) (Yahoo error = "No data found, symbol may be delisted")
$009309.KS: possibly delisted; no price data found  (period=3mo) (Yahoo error = "No data found, symbol may be delisted")
$010475.KS: possibly delisted; no price data found  (period=3mo) (Yahoo error = "No data found, symbol may be delisted")
$000975.KQ: possibly delisted; no price data found  (period=3mo) (Yahoo error = "No data found, symbol may be delisted")
$003015.KQ: possibly delisted; no price data found  (period=3mo) (Yahoo error = "No data found, symbol may be delisted")
$0082N0.KS: possibly delisted; no price data found  (period=3mo) (Yahoo error = "No data found, symbol may be delisted")

121 Failed downloads:
['010120.KQ', '008110.KQ', '001267.KQ', '006400.KQ', '009900.KQ', '010280.KS', '007310.KQ', '007110.KQ', '000599.KQ', '005717.KS', '009290.KQ', '007590.KQ', '008375.KS', '006890.KQ', '000327.KQ', '007280.KQ', '009779.KQ', '008377.KS', '006110.KQ', '002927.KQ', '009460.KQ', '004495.KQ', '010479.KS', '002929.KQ', '004565.KQ', '005030.KQ', '007660.KQ', '008490.KQ', '010140.KQ', '000705.KQ', '005995.KS', '003125.KQ', '008379.KS', '006360.KQ', '001265.KQ', '006370.KQ', '008930.KQ', '009305.KS', '007820.KS', '002175.KQ', '006200.KQ', '009140.KQ', '007597.KQ', '007545.KQ', '005685.KQ', '002295.KS', '005715.KS', '007549.KQ', '000979.KQ', '007700.KQ', '008600.KQ', '009775.KQ', '010690.KQ', '000977.KQ', '009685.KQ', '002237.KS', '009200.KQ', '009580.KQ', '009730.KS', '006040.KQ', '009540.KQ', '007570.KQ', '010060.KQ', '002179.KQ', '007460.KQ', '002239.KS', '005999.KS', '009160.KQ', '000597.KQ', '007707.KQ', '010477.KS', '006650.KQ', '008470.KS', '006120.KQ', '009970.KQ', '007595.KQ', '005719.KS', '003127.KQ']: TypeError("'NoneType' object is not subscriptable")
['009907.KQ', '000329.KQ', '009905.KQ', '009777.KQ', '010245.KS', '003129.KQ', '001269.KQ', '010247.KS', '000595.KQ', '009689.KQ', '009909.KQ', '002925.KQ', '007547.KQ', '002299.KS', '004567.KQ', '009307.KS', '003017.KQ', '009687.KQ', '004497.KQ', '002297.KS', '005689.KQ', '004569.KQ', '000709.KQ', '007599.KQ', '000707.KQ', '002235.KS', '005687.KQ', '005997.KS', '004499.KQ', '003019.KQ', '007709.KQ', '002177.KQ', '009309.KS', '010475.KS', '000975.KQ', '003015.KQ', '0082N0.KS']: possibly delisted; no price data found  (period=3mo) (Yahoo error = "No data found, symbol may be delisted")
['005390.KQ']: possibly delisted; no price data found  (period=3mo)
['008730.KQ', '008500.KQ', '010249.KS', '007705.KQ', '007690.KQ']: OperationalError('unable to open database file')
Failed to get ticker '013899.KQ' reason: Failed to perform, curl: (77) error setting certificate verify locations:  CAfile: /Users/ajay/Library/Python/3.9/lib/python/site-packages/certifi/cacert.pem CApath: none. See https://curl.se/libcurl/c/libcurl-errors.html first for more details.
Failed to get ticker '011810.KQ' reason: Failed to perform, curl: (6) getaddrinfo() thread failed to start. See https://curl.se/libcurl/c/libcurl-errors.html first for more details.
Failed to get ticker '013360.KQ' reason: Failed to perform, curl: (77) error setting certificate verify locations:  CAfile: /Users/ajay/Library/Python/3.9/lib/python/site-packages/certifi/cacert.pem CApath: none. See https://curl.se/libcurl/c/libcurl-errors.html first for more details.
Failed to get ticker '016800.KQ' reason: Failed to perform, curl: (77) error setting certificate verify locations:  CAfile: /Users/ajay/Library/Python/3.9/lib/python/site-packages/certifi/cacert.pem CApath: none. See https://curl.se/libcurl/c/libcurl-errors.html first for more details.
Failed to get ticker '012320.KQ' reason: Failed to perform, curl: (6) getaddrinfo() thread failed to start. See https://curl.se/libcurl/c/libcurl-errors.html first for more details.
Failed to get ticker '010780.KQ' reason: Failed to perform, curl: (6) getaddrinfo() thread failed to start. See https://curl.se/libcurl/c/libcurl-errors.html first for more details.
Failed to get ticker '017487.KS' reason: Failed to perform, curl: (6) Could not resolve host: query2.finance.yahoo.com. See https://curl.se/libcurl/c/libcurl-errors.html first for more details.
Failed to get ticker '014580.KQ' reason: Failed to perform, curl: (6) getaddrinfo() thread failed to start. See https://curl.se/libcurl/c/libcurl-errors.html first for more details.
Failed to get ticker '011300.KQ' reason: Failed to perform, curl: (6) getaddrinfo() thread failed to start. See https://curl.se/libcurl/c/libcurl-errors.html first for more details.
Failed to get ticker '012210.KS' reason: Failed to perform, curl: (6) getaddrinfo() thread failed to start. See https://curl.se/libcurl/c/libcurl-errors.html first for more details.
Failed to get ticker '011150.KQ' reason: Failed to perform, curl: (6) getaddrinfo() thread failed to start. See https://curl.se/libcurl/c/libcurl-errors.html first for more details.
Failed to get ticker '017890.KS' reason: Failed to perform, curl: (6) getaddrinfo() thread failed to start. See https://curl.se/libcurl/c/libcurl-errors.html first for more details.
Failed to get ticker '013890.KQ' reason: Failed to perform, curl: (6) getaddrinfo() thread failed to start. See https://curl.se/libcurl/c/libcurl-errors.html first for more details.
Failed to get ticker '017655.KS' reason: unable to open database file
Failed to get ticker '013895.KQ' reason: unable to open database file
Failed to get ticker '017250.KS' reason: Failed to perform, curl: (6) Could not resolve host: query1.finance.yahoo.com. See https://curl.se/libcurl/c/libcurl-errors.html first for more details.
Failed to get ticker '012620.KS' reason: Failed to perform, curl: (6) Could not resolve host: query1.finance.yahoo.com. See https://curl.se/libcurl/c/libcurl-errors.html first for more details.
Failed to get ticker '017489.KS' reason: Failed to perform, curl: (6) Could not resolve host: query1.finance.yahoo.com. See https://curl.se/libcurl/c/libcurl-errors.html first for more details.
Failed to get ticker '014197.KS' reason: Failed to perform, curl: (6) Could not resolve host: query1.finance.yahoo.com. See https://curl.se/libcurl/c/libcurl-errors.html first for more details.
Failed to get ticker '014950.KS' reason: Failed to perform, curl: (6) getaddrinfo() thread failed to start. See https://curl.se/libcurl/c/libcurl-errors.html first for more details.
Failed to get ticker '016099.KQ' reason: Failed to perform, curl: (6) getaddrinfo() thread failed to start. See https://curl.se/libcurl/c/libcurl-errors.html first for more details.
Failed to get ticker '011569.KS' reason: Failed to perform, curl: (6) Could not resolve host: query2.finance.yahoo.com. See https://curl.se/libcurl/c/libcurl-errors.html first for more details.
Failed to get ticker '014710.KQ' reason: Failed to perform, curl: (6) getaddrinfo() thread failed to start. See https://curl.se/libcurl/c/libcurl-errors.html first for more details.
Failed to get ticker '011040.KS' reason: Failed to perform, curl: (6) getaddrinfo() thread failed to start. See https://curl.se/libcurl/c/libcurl-errors.html first for more details.
Failed to get ticker '015890.KQ' reason: Failed to perform, curl: (6) getaddrinfo() thread failed to start. See https://curl.se/libcurl/c/libcurl-errors.html first for more details.
Failed to get ticker '015719.KS' reason: Failed to perform, curl: (77) error setting certificate verify locations:  CAfile: /Users/ajay/Library/Python/3.9/lib/python/site-packages/certifi/cacert.pem CApath: none. See https://curl.se/libcurl/c/libcurl-errors.html first for more details.
Failed to get ticker '010820.KQ' reason: Failed to perform, curl: (77) error setting certificate verify locations:  CAfile: /Users/ajay/Library/Python/3.9/lib/python/site-packages/certifi/cacert.pem CApath: none. See https://curl.se/libcurl/c/libcurl-errors.html first for more details.
Failed to get ticker '011210.KQ' reason: Failed to perform, curl: (6) Could not resolve host: query2.finance.yahoo.com. See https://curl.se/libcurl/c/libcurl-errors.html first for more details.
Failed to get ticker '015860.KQ' reason: Failed to perform, curl: (6) getaddrinfo() thread failed to start. See https://curl.se/libcurl/c/libcurl-errors.html first for more details.
Failed to get ticker '016380.KQ' reason: Failed to perform, curl: (6) getaddrinfo() thread failed to start. See https://curl.se/libcurl/c/libcurl-errors.html first for more details.
Failed to get ticker '010967.KQ' reason: Failed to perform, curl: (6) getaddrinfo() thread failed to start. See https://curl.se/libcurl/c/libcurl-errors.html first for more details.
Failed to get ticker '010969.KQ' reason: Failed to perform, curl: (6) getaddrinfo() thread failed to start. See https://curl.se/libcurl/c/libcurl-errors.html first for more details.
Failed to get ticker '013310.KS' reason: Failed to perform, curl: (6) getaddrinfo() thread failed to start. See https://curl.se/libcurl/c/libcurl-errors.html first for more details.
Failed to get ticker '014160.KQ' reason: Failed to perform, curl: (6) getaddrinfo() thread failed to start. See https://curl.se/libcurl/c/libcurl-errors.html first for more details.
Failed to get ticker '017659.KS' reason: Failed to perform, curl: (6) getaddrinfo() thread failed to start. See https://curl.se/libcurl/c/libcurl-errors.html first for more details.
Failed to get ticker '011230.KQ' reason: Failed to perform, curl: (6) getaddrinfo() thread failed to start. See https://curl.se/libcurl/c/libcurl-errors.html first for more details.
Failed to get ticker '011390.KQ' reason: Failed to perform, curl: (6) Could not resolve host: query2.finance.yahoo.com. See https://curl.se/libcurl/c/libcurl-errors.html first for more details.
Failed to get ticker '013570.KQ' reason: Failed to perform, curl: (6) getaddrinfo() thread failed to start. See https://curl.se/libcurl/c/libcurl-errors.html first for more details.
Failed to get ticker '013897.KQ' reason: Failed to perform, curl: (6) Could not resolve host: query2.finance.yahoo.com. See https://curl.se/libcurl/c/libcurl-errors.html first for more details.
Failed to get ticker '014199.KS' reason: Failed to perform, curl: (6) Could not resolve host: query2.finance.yahoo.com. See https://curl.se/libcurl/c/libcurl-errors.html first for more details.
Failed to get ticker '017480.KS' reason: Failed to perform, curl: (6) getaddrinfo() thread failed to start. See https://curl.se/libcurl/c/libcurl-errors.html first for more details.
Failed to get ticker '014470.KS' reason: Failed to perform, curl: (6) Could not resolve host: query2.finance.yahoo.com. See https://curl.se/libcurl/c/libcurl-errors.html first for more details.
Failed to get ticker '012030.KQ' reason: Failed to perform, curl: (6) getaddrinfo() thread failed to start. See https://curl.se/libcurl/c/libcurl-errors.html first for more details.
Failed to get ticker '017657.KS' reason: Failed to perform, curl: (6) getaddrinfo() thread failed to start. See https://curl.se/libcurl/c/libcurl-errors.html first for more details.
Failed to get ticker '011000.KQ' reason: Failed to perform, curl: (6) Could not resolve host: query2.finance.yahoo.com. See https://curl.se/libcurl/c/libcurl-errors.html first for more details.
Failed to get ticker '015710.KS' reason: Failed to perform, curl: (6) Could not resolve host: query2.finance.yahoo.com. See https://curl.se/libcurl/c/libcurl-errors.html first for more details.
Failed to get ticker '016095.KQ' reason: Failed to perform, curl: (6) getaddrinfo() thread failed to start. See https://curl.se/libcurl/c/libcurl-errors.html first for more details.
Failed to get ticker '014195.KS' reason: Failed to perform, curl: (6) getaddrinfo() thread failed to start. See https://curl.se/libcurl/c/libcurl-errors.html first for more details.
$016099.KQ: possibly delisted; no price data found  (period=3mo) (Yahoo error = "No data found, symbol may be delisted")
Failed to get ticker '014130.KQ' reason: Failed to perform, curl: (6) getaddrinfo() thread failed to start. See https://curl.se/libcurl/c/libcurl-errors.html first for more details.
Failed to get ticker '014970.KS' reason: Failed to perform, curl: (6) getaddrinfo() thread failed to start. See https://curl.se/libcurl/c/libcurl-errors.html first for more details.
Failed to get ticker '015750.KS' reason: Failed to perform, curl: (6) Could not resolve host: query2.finance.yahoo.com. See https://curl.se/libcurl/c/libcurl-errors.html first for more details.
Failed to get ticker '012329.KQ' reason: Failed to perform, curl: (6) Could not resolve host: query2.finance.yahoo.com. See https://curl.se/libcurl/c/libcurl-errors.html first for more details.
Failed to get ticker '015717.KS' reason: Failed to perform, curl: (6) getaddrinfo() thread failed to start. See https://curl.se/libcurl/c/libcurl-errors.html first for more details.
Failed to get ticker '011565.KS' reason: Failed to perform, curl: (6) getaddrinfo() thread failed to start. See https://curl.se/libcurl/c/libcurl-errors.html first for more details.
Failed to get ticker '015715.KS' reason: Failed to perform, curl: (6) Could not resolve host: query2.finance.yahoo.com. See https://curl.se/libcurl/c/libcurl-errors.html first for more details.
Failed to get ticker '011370.KS' reason: Failed to perform, curl: (6) getaddrinfo() thread failed to start. See https://curl.se/libcurl/c/libcurl-errors.html first for more details.
Failed to get ticker '017860.KQ' reason: Failed to perform, curl: (6) getaddrinfo() thread failed to start. See https://curl.se/libcurl/c/libcurl-errors.html first for more details.
Failed to get ticker '014620.KS' reason: Failed to perform, curl: (6) Could not resolve host: query1.finance.yahoo.com. See https://curl.se/libcurl/c/libcurl-errors.html first for more details.
Failed to get ticker '012327.KQ' reason: Failed to perform, curl: (6) getaddrinfo() thread failed to start. See https://curl.se/libcurl/c/libcurl-errors.html first for more details.
Failed to get ticker '017370.KQ' reason: Failed to perform, curl: (6) Could not resolve host: query1.finance.yahoo.com. See https://curl.se/libcurl/c/libcurl-errors.html first for more details.
Failed to get ticker '012790.KS' reason: Failed to perform, curl: (6) getaddrinfo() thread failed to start. See https://curl.se/libcurl/c/libcurl-errors.html first for more details.
Failed to get ticker '015590.KQ' reason: Failed to perform, curl: (6) Could not resolve host: query2.finance.yahoo.com. See https://curl.se/libcurl/c/libcurl-errors.html first for more details.
Failed to get ticker '012750.KQ' reason: Failed to perform, curl: (6) getaddrinfo() thread failed to start. See https://curl.se/libcurl/c/libcurl-errors.html first for more details.
Failed to get ticker '012325.KQ' reason: Failed to perform, curl: (6) getaddrinfo() thread failed to start. See https://curl.se/libcurl/c/libcurl-errors.html first for more details.
Failed to get ticker '012795.KS' reason: Failed to perform, curl: (6) getaddrinfo() thread failed to start. See https://curl.se/libcurl/c/libcurl-errors.html first for more details.
Failed to get ticker '013580.KQ' reason: Failed to perform, curl: (6) getaddrinfo() thread failed to start. See https://curl.se/libcurl/c/libcurl-errors.html first for more details.
Failed to get ticker '015360.KQ' reason: Failed to perform, curl: (6) getaddrinfo() thread failed to start. See https://curl.se/libcurl/c/libcurl-errors.html first for more details.
Failed to get ticker '011567.KS' reason: Failed to perform, curl: (6) getaddrinfo() thread failed to start. See https://curl.se/libcurl/c/libcurl-errors.html first for more details.
Failed to get ticker '010950.KQ' reason: Failed to perform, curl: (6) getaddrinfo() thread failed to start. See https://curl.se/libcurl/c/libcurl-errors.html first for more details.
$014195.KS: possibly delisted; no price data found  (period=3mo) (Yahoo error = "No data found, symbol may be delisted")
Failed to get ticker '0126Z0.KQ' reason: Failed to perform, curl: (77) error setting certificate verify locations:  CAfile: /Users/ajay/Library/Python/3.9/lib/python/site-packages/certifi/cacert.pem CApath: none. See https://curl.se/libcurl/c/libcurl-errors.html first for more details.
Failed to get ticker '013720.KS' reason: Failed to perform, curl: (6) getaddrinfo() thread failed to start. See https://curl.se/libcurl/c/libcurl-errors.html first for more details.
Failed to get ticker '016097.KQ' reason: Failed to perform, curl: (6) getaddrinfo() thread failed to start. See https://curl.se/libcurl/c/libcurl-errors.html first for more details.
Failed to get ticker '014940.KS' reason: Failed to perform, curl: (6) getaddrinfo() thread failed to start. See https://curl.se/libcurl/c/libcurl-errors.html first for more details.
Failed to get ticker '012799.KS' reason: unable to open database file
$0126Z0.KQ: possibly delisted; no price data found  (period=3mo) (Yahoo error = "No data found, symbol may be delisted")
$012799.KS: possibly delisted; no price data found  (period=3mo) (Yahoo error = "No data found, symbol may be delisted")
$010965.KQ: possibly delisted; no price data found  (period=3mo) (Yahoo error = "No data found, symbol may be delisted")

135 Failed downloads:
['017550.KQ', '011810.KQ', '015260.KQ', '016880.KQ', '013899.KQ', '012160.KQ', '016800.KQ', '010780.KQ', '017487.KS', '014820.KQ', '012320.KQ', '014580.KQ', '016740.KQ', '011300.KQ', '014910.KQ', '017900.KQ', '011150.KQ', '017890.KS', '013890.KQ', '016250.KS', '017655.KS', '012450.KQ', '013895.KQ', '012170.KQ', '017390.KQ', '017250.KS', '012620.KS', '011080.KS', '017489.KS', '013000.KQ', '012330.KQ', '014197.KS', '014950.KS', '017000.KS', '015230.KQ', '011330.KQ', '011569.KS', '011040.KS', '014710.KQ', '011210.KQ', '015890.KQ', '014830.KQ', '015860.KQ', '014570.KS', '016450.KQ', '016380.KQ', '010967.KQ', '012860.KS', '010969.KQ', '011790.KQ', '017659.KS', '014280.KQ', '011320.KS', '011230.KQ', '014990.KQ', '011390.KQ', '013570.KQ', '015719.KS', '015760.KQ', '016100.KS', '017800.KQ', '017480.KS', '013897.KQ', '017657.KS', '014470.KS', '013990.KS', '017810.KQ', '012030.KQ', '016670.KS', '011700.KQ', '014190.KS', '015020.KQ', '011000.KQ', '016095.KQ', '015710.KS', '014130.KQ', '017670.KQ', '011760.KQ', '013870.KQ', '015750.KS', '016590.KQ', '012329.KQ', '015717.KS', '015715.KS', '011370.KS', '011565.KS', '0120G0.KQ', '013810.KS', '017860.KQ', '011930.KQ', '016790.KS', '014620.KS', '012327.KQ', '014199.KS', '017370.KQ', '013120.KS', '012750.KQ', '015590.KQ', '013700.KQ', '012795.KS', '014530.KQ', '012325.KQ', '013580.KQ', '011170.KQ', '011567.KS', '015360.KQ', '011070.KQ', '010950.KQ', '013520.KQ', '011200.KQ', '011280.KQ', '012280.KQ', '013720.KS', '016097.KQ', '012690.KQ', '014940.KS']: TypeError("'NoneType' object is not subscriptable")
['012200.KQ', '011560.KS', '011090.KQ', '011500.KQ', '016580.KQ', '012340.KS', '014100.KS', '010960.KQ', '011420.KQ', '012797.KS', '012630.KQ', '012700.KS', '017485.KS', '014680.KQ']: OperationalError('unable to open database file')
['016099.KQ', '014195.KS', '0126Z0.KQ', '012799.KS', '010965.KQ']: possibly delisted; no price data found  (period=3mo) (Yahoo error = "No data found, symbol may be delisted")
Failed to get ticker '025537.KQ' reason: Failed to perform, curl: (77) error setting certificate verify locations:  CAfile: /Users/ajay/Library/Python/3.9/lib/python/site-packages/certifi/cacert.pem CApath: none. See https://curl.se/libcurl/c/libcurl-errors.html first for more details.
Failed to get ticker '025775.KS' reason: Failed to perform, curl: (6) getaddrinfo() thread failed to start. See https://curl.se/libcurl/c/libcurl-errors.html first for more details.
Failed to get ticker '028300.KS' reason: Failed to perform, curl: (6) getaddrinfo() thread failed to start. See https://curl.se/libcurl/c/libcurl-errors.html first for more details.
Failed to get ticker '028107.KQ' reason: Failed to perform, curl: (6) getaddrinfo() thread failed to start. See https://curl.se/libcurl/c/libcurl-errors.html first for more details.
Failed to get ticker '025777.KS' reason: Failed to perform, curl: (6) Could not resolve host: query2.finance.yahoo.com. See https://curl.se/libcurl/c/libcurl-errors.html first for more details.
Failed to get ticker '024837.KS' reason: Failed to perform, curl: (6) getaddrinfo() thread failed to start. See https://curl.se/libcurl/c/libcurl-errors.html first for more details.
Failed to get ticker '025009.KQ' reason: unable to open database file
Failed to get ticker '020717.KS' reason: Failed to perform, curl: (6) Could not resolve host: query1.finance.yahoo.com. See https://curl.se/libcurl/c/libcurl-errors.html first for more details.
Failed to get ticker '029537.KQ' reason: Failed to perform, curl: (6) Could not resolve host: query1.finance.yahoo.com. See https://curl.se/libcurl/c/libcurl-errors.html first for more details.
Failed to get ticker '024959.KS' reason: Failed to perform, curl: (6) Could not resolve host: query1.finance.yahoo.com. See https://curl.se/libcurl/c/libcurl-errors.html first for more details.
Failed to get ticker '021827.KQ' reason: Failed to perform, curl: (6) getaddrinfo() thread failed to start. See https://curl.se/libcurl/c/libcurl-errors.html first for more details.
Failed to get ticker '025539.KQ' reason: Failed to perform, curl: (6) getaddrinfo() thread failed to start. See https://curl.se/libcurl/c/libcurl-errors.html first for more details.
Failed to get ticker '018120.KS' reason: Failed to perform, curl: (77) error setting certificate verify locations:  CAfile: /Users/ajay/Library/Python/3.9/lib/python/site-packages/certifi/cacert.pem CApath: none. See https://curl.se/libcurl/c/libcurl-errors.html first for more details.
Failed to get ticker '022100.KQ' reason: Failed to perform, curl: (77) error setting certificate verify locations:  CAfile: /Users/ajay/Library/Python/3.9/lib/python/site-packages/certifi/cacert.pem CApath: none. See https://curl.se/libcurl/c/libcurl-errors.html first for more details.
$025537.KQ: possibly delisted; no price data found  (period=3mo) (Yahoo error = "No data found, symbol may be delisted")
Failed to get ticker '020715.KS' reason: Failed to perform, curl: (6) getaddrinfo() thread failed to start. See https://curl.se/libcurl/c/libcurl-errors.html first for more details.
Failed to get ticker '029535.KQ' reason: Failed to perform, curl: (6) getaddrinfo() thread failed to start. See https://curl.se/libcurl/c/libcurl-errors.html first for more details.
Failed to get ticker '029539.KQ' reason: Failed to perform, curl: (6) Could not resolve host: query2.finance.yahoo.com. See https://curl.se/libcurl/c/libcurl-errors.html first for more details.
Failed to get ticker '024957.KS' reason: Failed to perform, curl: (6) getaddrinfo() thread failed to start. See https://curl.se/libcurl/c/libcurl-errors.html first for more details.
Failed to get ticker '025535.KQ' reason: Failed to perform, curl: (6) getaddrinfo() thread failed to start. See https://curl.se/libcurl/c/libcurl-errors.html first for more details.
$024959.KS: possibly delisted; no price data found  (period=3mo) (Yahoo error = "No data found, symbol may be delisted")
Failed to get ticker '030969.KS' reason: Failed to perform, curl: (6) getaddrinfo() thread failed to start. See https://curl.se/libcurl/c/libcurl-errors.html first for more details.
Failed to get ticker '030965.KS' reason: Failed to perform, curl: (6) getaddrinfo() thread failed to start. See https://curl.se/libcurl/c/libcurl-errors.html first for more details.
Failed to get ticker '022220.KS' reason: Failed to perform, curl: (6) Could not resolve host: query2.finance.yahoo.com. See https://curl.se/libcurl/c/libcurl-errors.html first for more details.
Failed to get ticker '020719.KS' reason: Failed to perform, curl: (6) getaddrinfo() thread failed to start. See https://curl.se/libcurl/c/libcurl-errors.html first for more details.
Failed to get ticker '028109.KQ' reason: Failed to perform, curl: (6) getaddrinfo() thread failed to start. See https://curl.se/libcurl/c/libcurl-errors.html first for more details.
Failed to get ticker '030190.KQ' reason: unable to open database file
Failed to get ticker '025779.KS' reason: Failed to perform, curl: (6) Could not resolve host: query1.finance.yahoo.com. See https://curl.se/libcurl/c/libcurl-errors.html first for more details.
Failed to get ticker '024097.KQ' reason: Failed to perform, curl: (6) getaddrinfo() thread failed to start. See https://curl.se/libcurl/c/libcurl-errors.html first for more details.
Failed to get ticker '024835.KS' reason: Failed to perform, curl: (6) getaddrinfo() thread failed to start. See https://curl.se/libcurl/c/libcurl-errors.html first for more details.
Failed to get ticker '023790.KS' reason: Failed to perform, curl: (6) getaddrinfo() thread failed to start. See https://curl.se/libcurl/c/libcurl-errors.html first for more details.
$022100.KQ: possibly delisted; no price data found  (period=3mo) (Yahoo error = "No data found, symbol may be delisted")
$028109.KQ: possibly delisted; no price data found  (period=3mo) (Yahoo error = "No data found, symbol may be delisted")
Failed to get ticker '025007.KQ' reason: Failed to perform, curl: (6) getaddrinfo() thread failed to start. See https://curl.se/libcurl/c/libcurl-errors.html first for more details.
Failed to get ticker '021829.KQ' reason: Failed to perform, curl: (6) getaddrinfo() thread failed to start. See https://curl.se/libcurl/c/libcurl-errors.html first for more details.
Failed to get ticker '024060.KS' reason: Failed to perform, curl: (6) getaddrinfo() thread failed to start. See https://curl.se/libcurl/c/libcurl-errors.html first for more details.
Failed to get ticker '030967.KS' reason: Failed to perform, curl: (6) getaddrinfo() thread failed to start. See https://curl.se/libcurl/c/libcurl-errors.html first for more details.
Failed to get ticker '024099.KQ' reason: Failed to perform, curl: (6) getaddrinfo() thread failed to start. See https://curl.se/libcurl/c/libcurl-errors.html first for more details.
Failed to get ticker '021825.KQ' reason: Failed to perform, curl: (6) getaddrinfo() thread failed to start. See https://curl.se/libcurl/c/libcurl-errors.html first for more details.
$021825.KQ: possibly delisted; no price data found  (period=3mo) (Yahoo error = "No data found, symbol may be delisted")
$024835.KS: possibly delisted; no price data found  (period=3mo) (Yahoo error = "No data found, symbol may be delisted")
$024839.KS: possibly delisted; no price data found  (period=3mo) (Yahoo error = "No data found, symbol may be delisted")

141 Failed downloads:
['023810.KQ', '018620.KS', '027050.KS', '024720.KQ', '020760.KQ', '023590.KQ', '025880.KS', '028300.KS', '025775.KS', '023150.KQ', '028107.KQ', '023440.KS', '018680.KS', '018260.KQ', '023770.KS', '021240.KQ', '027740.KQ', '025777.KS', '023410.KS', '025620.KQ', '024837.KS', '025009.KQ', '027040.KS', '025890.KQ', '024840.KS', '023800.KQ', '020717.KS', '029537.KQ', '025770.KS', '025950.KS', '030530.KS', '024800.KS', '021827.KQ', '025539.KQ', '023530.KQ', '018500.KQ', '025860.KQ', '030720.KQ', '028100.KQ', '018290.KS', '023000.KQ', '028080.KS', '021050.KQ', '019210.KS', '020715.KS', '026960.KQ', '029535.KQ', '020710.KS', '027970.KQ', '029539.KQ', '018310.KS', '024957.KS', '031310.KS', '023160.KS', '025535.KQ', '017960.KQ', '028050.KQ', '018670.KQ', '030969.KS', '030965.KS', '026040.KS', '030520.KS', '023910.KS', '022220.KS', '027410.KQ', '024950.KS', '023350.KQ', '020719.KS', '025820.KQ', '028670.KQ', '030350.KS', '024880.KS', '025000.KQ', '019540.KS', '030960.KS', '030000.KQ', '024955.KS', '028260.KQ', '030190.KQ', '025530.KQ', '027580.KS', '024830.KS', '025980.KS', '021820.KQ', '025779.KS', '018700.KS', '025750.KQ', '024070.KQ', '029460.KQ', '024097.KQ', '023900.KS', '018880.KQ', '019990.KS', '024940.KS', '026910.KS', '020000.KQ', '018000.KS', '024900.KQ', '024120.KS', '031430.KQ', '029480.KS', '020560.KQ', '023790.KS', '019490.KQ', '025900.KS', '025007.KQ', '021829.KQ', '024060.KS', '030967.KS', '020400.KS', '025550.KS', '024099.KQ']: TypeError("'NoneType' object is not subscriptable")
['025440.KS', '029530.KQ', '030200.KQ', '019680.KQ', '019010.KS', '027710.KS', '031330.KS', '023960.KQ', '021040.KS', '024095.KQ', '025320.KS', '020150.KQ', '024890.KQ', '020180.KS', '017940.KQ', '020120.KQ', '025005.KQ', '023600.KS', '018470.KQ', '028105.KQ', '025560.KQ', '023450.KQ']: OperationalError('unable to open database file')
['025537.KQ', '024959.KS', '022100.KQ', '028109.KQ', '021825.KQ', '024835.KS', '024839.KS']: possibly delisted; no price data found  (period=3mo) (Yahoo error = "No data found, symbol may be delisted")
Failed to get ticker '035515.KQ' reason: Failed to perform, curl: (77) error setting certificate verify locations:  CAfile: /Users/ajay/Library/Python/3.9/lib/python/site-packages/certifi/cacert.pem CApath: none. See https://curl.se/libcurl/c/libcurl-errors.html first for more details.
Failed to get ticker '038017.KS' reason: Failed to perform, curl: (6) getaddrinfo() thread failed to start. See https://curl.se/libcurl/c/libcurl-errors.html first for more details.
Failed to get ticker '031827.KQ' reason: Failed to perform, curl: (77) error setting certificate verify locations:  CAfile: /Users/ajay/Library/Python/3.9/lib/python/site-packages/certifi/cacert.pem CApath: none. See https://curl.se/libcurl/c/libcurl-errors.html first for more details.
Failed to get ticker '036805.KS' reason: Failed to perform, curl: (77) error setting certificate verify locations:  CAfile: /Users/ajay/Library/Python/3.9/lib/python/site-packages/certifi/cacert.pem CApath: none. See https://curl.se/libcurl/c/libcurl-errors.html first for more details.
Failed to get ticker '036807.KS' reason: Failed to perform, curl: (77) error setting certificate verify locations:  CAfile: /Users/ajay/Library/Python/3.9/lib/python/site-packages/certifi/cacert.pem CApath: none. See https://curl.se/libcurl/c/libcurl-errors.html first for more details.
Failed to get ticker '033329.KS' reason: Failed to perform, curl: (6) getaddrinfo() thread failed to start. See https://curl.se/libcurl/c/libcurl-errors.html first for more details.
Failed to get ticker '038015.KS' reason: Failed to perform, curl: (6) getaddrinfo() thread failed to start. See https://curl.se/libcurl/c/libcurl-errors.html first for more details.
Failed to get ticker '038065.KS' reason: Failed to perform, curl: (6) getaddrinfo() thread failed to start. See https://curl.se/libcurl/c/libcurl-errors.html first for more details.
Failed to get ticker '036037.KS' reason: Failed to perform, curl: (6) getaddrinfo() thread failed to start. See https://curl.se/libcurl/c/libcurl-errors.html first for more details.
Failed to get ticker '032567.KQ' reason: Failed to perform, curl: (6) getaddrinfo() thread failed to start. See https://curl.se/libcurl/c/libcurl-errors.html first for more details.
Failed to get ticker '035517.KQ' reason: Failed to perform, curl: (6) getaddrinfo() thread failed to start. See https://curl.se/libcurl/c/libcurl-errors.html first for more details.
$036807.KS: possibly delisted; no price data found  (period=3mo) (Yahoo error = "No data found, symbol may be delisted")
$036805.KS: possibly delisted; no price data found  (period=3mo) (Yahoo error = "No data found, symbol may be delisted")
$031827.KQ: possibly delisted; no price data found  (period=3mo) (Yahoo error = "No data found, symbol may be delisted")
Failed to get ticker '034120.KQ' reason: Failed to perform, curl: (6) getaddrinfo() thread failed to start. See https://curl.se/libcurl/c/libcurl-errors.html first for more details.
Failed to get ticker '036535.KQ' reason: Failed to perform, curl: (6) getaddrinfo() thread failed to start. See https://curl.se/libcurl/c/libcurl-errors.html first for more details.
Failed to get ticker '035615.KS' reason: Failed to perform, curl: (6) Could not resolve host: query2.finance.yahoo.com. See https://curl.se/libcurl/c/libcurl-errors.html first for more details.
Failed to get ticker '031825.KQ' reason: Failed to perform, curl: (6) getaddrinfo() thread failed to start. See https://curl.se/libcurl/c/libcurl-errors.html first for more details.
Failed to get ticker '033325.KS' reason: Failed to perform, curl: (6) getaddrinfo() thread failed to start. See https://curl.se/libcurl/c/libcurl-errors.html first for more details.
Failed to get ticker '035617.KS' reason: Failed to perform, curl: (6) Could not resolve host: query2.finance.yahoo.com. See https://curl.se/libcurl/c/libcurl-errors.html first for more details.
Failed to get ticker '038069.KS' reason: Failed to perform, curl: (6) Could not resolve host: query1.finance.yahoo.com. See https://curl.se/libcurl/c/libcurl-errors.html first for more details.
Failed to get ticker '032565.KQ' reason: Failed to perform, curl: (6) getaddrinfo() thread failed to start. See https://curl.se/libcurl/c/libcurl-errors.html first for more details.
Failed to get ticker '038685.KS' reason: Failed to perform, curl: (6) getaddrinfo() thread failed to start. See https://curl.se/libcurl/c/libcurl-errors.html first for more details.
Failed to get ticker '032569.KQ' reason: Failed to perform, curl: (6) Could not resolve host: query2.finance.yahoo.com. See https://curl.se/libcurl/c/libcurl-errors.html first for more details.
Failed to get ticker '033327.KS' reason: Failed to perform, curl: (6) getaddrinfo() thread failed to start. See https://curl.se/libcurl/c/libcurl-errors.html first for more details.
Failed to get ticker '036007.KS' reason: Failed to perform, curl: (6) getaddrinfo() thread failed to start. See https://curl.se/libcurl/c/libcurl-errors.html first for more details.
Failed to get ticker '036039.KS' reason: Failed to perform, curl: (6) getaddrinfo() thread failed to start. See https://curl.se/libcurl/c/libcurl-errors.html first for more details.
Failed to get ticker '036809.KS' reason: unable to open database file
Failed to get ticker '038689.KS' reason: Failed to perform, curl: (6) getaddrinfo() thread failed to start. See https://curl.se/libcurl/c/libcurl-errors.html first for more details.
Failed to get ticker '036009.KS' reason: Failed to perform, curl: (6) Could not resolve host: query2.finance.yahoo.com. See https://curl.se/libcurl/c/libcurl-errors.html first for more details.
Failed to get ticker '033235.KS' reason: Failed to perform, curl: (6) getaddrinfo() thread failed to start. See https://curl.se/libcurl/c/libcurl-errors.html first for more details.
Failed to get ticker '031829.KQ' reason: Failed to perform, curl: (6) getaddrinfo() thread failed to start. See https://curl.se/libcurl/c/libcurl-errors.html first for more details.
Failed to get ticker '036537.KQ' reason: Failed to perform, curl: (6) getaddrinfo() thread failed to start. See https://curl.se/libcurl/c/libcurl-errors.html first for more details.
Failed to get ticker '038067.KS' reason: Failed to perform, curl: (6) getaddrinfo() thread failed to start. See https://curl.se/libcurl/c/libcurl-errors.html first for more details.
$032565.KQ: possibly delisted; no price data found  (period=3mo) (Yahoo error = "No data found, symbol may be delisted")
$033327.KS: possibly delisted; no price data found  (period=3mo) (Yahoo error = "No data found, symbol may be delisted")
$038685.KS: possibly delisted; no price data found  (period=3mo) (Yahoo error = "No data found, symbol may be delisted")
Failed to get ticker '033239.KS' reason: Failed to perform, curl: (6) Could not resolve host: query2.finance.yahoo.com. See https://curl.se/libcurl/c/libcurl-errors.html first for more details.
$038689.KS: possibly delisted; no price data found  (period=3mo) (Yahoo error = "No data found, symbol may be delisted")
$033237.KS: possibly delisted; no price data found  (period=3mo) (Yahoo error = "No data found, symbol may be delisted")

146 Failed downloads:
['036580.KQ', '035515.KQ', '038017.KS', '032080.KS', '036030.KS', '038880.KS', '036120.KS', '035420.KQ', '035290.KS', '032960.KS', '035810.KS', '035000.KQ', '033329.KS', '038390.KS', '034020.KQ', '033780.KQ', '036460.KQ', '038015.KS', '038870.KS', '036710.KS', '033530.KQ', '032750.KS', '036670.KS', '038065.KS', '032790.KS', '037330.KS', '033250.KQ', '033500.KS', '032190.KS', '036037.KS', '036480.KS', '033160.KS', '036530.KQ', '032567.KQ', '037270.KQ', '038620.KS', '036890.KS', '035517.KQ', '038290.KS', '031510.KS', '032350.KQ', '038950.KS', '034120.KQ', '036630.KS', '036830.KS', '033540.KS', '033230.KS', '033340.KS', '037710.KQ', '035510.KQ', '035720.KQ', '032640.KQ', '036535.KQ', '037230.KS', '035615.KS', '031825.KQ', '036800.KS', '035250.KQ', '033325.KS', '035760.KS', '033100.KS', '035617.KS', '034220.KQ', '033320.KS', '036690.KS', '038500.KS', '036930.KS', '033830.KS', '038069.KS', '035619.KS', '033270.KQ', '035150.KQ', '037070.KS', '036200.KS', '037370.KS', '032680.KS', '032620.KS', '033240.KQ', '036007.KS', '032569.KQ', '036039.KS', '036170.KS', '033290.KS', '031860.KS', '035200.KS', '037460.KS', '037440.KS', '033050.KS', '033235.KS', '036420.KQ', '036009.KS', '037350.KS', '031829.KQ', '036010.KS', '038010.KS', '037400.KS', '037760.KS', '038680.KS', '036537.KQ', '036570.KQ', '038067.KS', '036809.KS', '032540.KS', '036220.KS', '032500.KS', '032800.KS', '035600.KS', '038110.KS', '033239.KS', '032300.KS', '033920.KQ', '032980.KS']: TypeError("'NoneType' object is not subscriptable")
['035900.KS', '038019.KS', '038060.KS', '036035.KS', '034940.KS', '036190.KS', '034730.KQ', '038070.KS', '034590.KQ', '034950.KS', '036539.KQ', '038460.KS', '036620.KS', '036560.KS', '033170.KS', '032560.KQ', '038687.KS', '035890.KS', '036090.KS', '036005.KS', '033200.KS', '033560.KS', '033130.KS', '035519.KQ', '036640.KS', '036810.KS']: OperationalError('unable to open database file')
['036807.KS', '036805.KS', '031827.KQ', '032565.KQ', '033327.KS', '038685.KS', '038689.KS', '033237.KS']: possibly delisted; no price data found  (period=3mo) (Yahoo error = "No data found, symbol may be delisted")
Failed to get ticker '049529.KS' reason: Failed to perform, curl: (6) getaddrinfo() thread failed to start. See https://curl.se/libcurl/c/libcurl-errors.html first for more details.
Failed to get ticker '045970.KS' reason: Failed to perform, curl: (77) error setting certificate verify locations:  CAfile: /Users/ajay/Library/Python/3.9/lib/python/site-packages/certifi/cacert.pem CApath: none. See https://curl.se/libcurl/c/libcurl-errors.html first for more details.
Failed to get ticker '043375.KS' reason: Failed to perform, curl: (6) getaddrinfo() thread failed to start. See https://curl.se/libcurl/c/libcurl-errors.html first for more details.
Failed to get ticker '049525.KS' reason: Failed to perform, curl: (6) Could not resolve host: query2.finance.yahoo.com. See https://curl.se/libcurl/c/libcurl-errors.html first for more details.
Failed to get ticker '050960.KS' reason: Failed to perform, curl: (6) getaddrinfo() thread failed to start. See https://curl.se/libcurl/c/libcurl-errors.html first for more details.
Failed to get ticker '048410.KS' reason: Failed to perform, curl: (6) getaddrinfo() thread failed to start. See https://curl.se/libcurl/c/libcurl-errors.html first for more details.
Failed to get ticker '046210.KS' reason: Failed to perform, curl: (6) getaddrinfo() thread failed to start. See https://curl.se/libcurl/c/libcurl-errors.html first for more details.
Failed to get ticker '049830.KS' reason: Failed to perform, curl: (6) Could not resolve host: query2.finance.yahoo.com. See https://curl.se/libcurl/c/libcurl-errors.html first for more details.
Failed to get ticker '050120.KS' reason: Failed to perform, curl: (6) getaddrinfo() thread failed to start. See https://curl.se/libcurl/c/libcurl-errors.html first for more details.
Failed to get ticker '047310.KS' reason: Failed to perform, curl: (6) getaddrinfo() thread failed to start. See https://curl.se/libcurl/c/libcurl-errors.html first for more details.
Failed to get ticker '046945.KS' reason: Failed to perform, curl: (6) getaddrinfo() thread failed to start. See https://curl.se/libcurl/c/libcurl-errors.html first for more details.
Failed to get ticker '039249.KS' reason: Failed to perform, curl: (6) Could not resolve host: query2.finance.yahoo.com. See https://curl.se/libcurl/c/libcurl-errors.html first for more details.
Failed to get ticker '049180.KS' reason: Failed to perform, curl: (6) getaddrinfo() thread failed to start. See https://curl.se/libcurl/c/libcurl-errors.html first for more details.
Failed to get ticker '046390.KS' reason: Failed to perform, curl: (6) getaddrinfo() thread failed to start. See https://curl.se/libcurl/c/libcurl-errors.html first for more details.
Failed to get ticker '039130.KQ' reason: Failed to perform, curl: (6) getaddrinfo() thread failed to start. See https://curl.se/libcurl/c/libcurl-errors.html first for more details.
Failed to get ticker '042375.KS' reason: Failed to perform, curl: (6) getaddrinfo() thread failed to start. See https://curl.se/libcurl/c/libcurl-errors.html first for more details.
Failed to get ticker '049070.KS' reason: Failed to perform, curl: (6) getaddrinfo() thread failed to start. See https://curl.se/libcurl/c/libcurl-errors.html first for more details.
Failed to get ticker '046947.KS' reason: Failed to perform, curl: (6) getaddrinfo() thread failed to start. See https://curl.se/libcurl/c/libcurl-errors.html first for more details.
Failed to get ticker '049080.KS' reason: Failed to perform, curl: (6) getaddrinfo() thread failed to start. See https://curl.se/libcurl/c/libcurl-errors.html first for more details.
Failed to get ticker '051360.KS' reason: Failed to perform, curl: (6) Could not resolve host: query2.finance.yahoo.com. See https://curl.se/libcurl/c/libcurl-errors.html first for more details.
Failed to get ticker '041937.KS' reason: Failed to perform, curl: (6) getaddrinfo() thread failed to start. See https://curl.se/libcurl/c/libcurl-errors.html first for more details.
Failed to get ticker '050890.KS' reason: Failed to perform, curl: (6) getaddrinfo() thread failed to start. See https://curl.se/libcurl/c/libcurl-errors.html first for more details.
Failed to get ticker '043910.KS' reason: Failed to perform, curl: (6) Could not resolve host: query2.finance.yahoo.com. See https://curl.se/libcurl/c/libcurl-errors.html first for more details.
Failed to get ticker '040300.KS' reason: Failed to perform, curl: (6) getaddrinfo() thread failed to start. See https://curl.se/libcurl/c/libcurl-errors.html first for more details.
Failed to get ticker '049430.KS' reason: Failed to perform, curl: (6) getaddrinfo() thread failed to start. See https://curl.se/libcurl/c/libcurl-errors.html first for more details.
Failed to get ticker '048770.KS' reason: Failed to perform, curl: (6) Could not resolve host: query2.finance.yahoo.com. See https://curl.se/libcurl/c/libcurl-errors.html first for more details.
Failed to get ticker '047829.KS' reason: Failed to perform, curl: (6) getaddrinfo() thread failed to start. See https://curl.se/libcurl/c/libcurl-errors.html first for more details.
Failed to get ticker '043379.KS' reason: Failed to perform, curl: (6) getaddrinfo() thread failed to start. See https://curl.se/libcurl/c/libcurl-errors.html first for more details.
Failed to get ticker '046949.KS' reason: Failed to perform, curl: (6) getaddrinfo() thread failed to start. See https://curl.se/libcurl/c/libcurl-errors.html first for more details.
Failed to get ticker '049960.KS' reason: Failed to perform, curl: (6) getaddrinfo() thread failed to start. See https://curl.se/libcurl/c/libcurl-errors.html first for more details.
Failed to get ticker '039425.KS' reason: Failed to perform, curl: (6) getaddrinfo() thread failed to start. See https://curl.se/libcurl/c/libcurl-errors.html first for more details.
Failed to get ticker '051370.KS' reason: Failed to perform, curl: (6) Could not resolve host: query2.finance.yahoo.com. See https://curl.se/libcurl/c/libcurl-errors.html first for more details.
Failed to get ticker '049800.KQ' reason: Failed to perform, curl: (6) Could not resolve host: query2.finance.yahoo.com. See https://curl.se/libcurl/c/libcurl-errors.html first for more details.
Failed to get ticker '051167.KS' reason: Failed to perform, curl: (6) getaddrinfo() thread failed to start. See https://curl.se/libcurl/c/libcurl-errors.html first for more details.
Failed to get ticker '039245.KS' reason: Failed to perform, curl: (6) getaddrinfo() thread failed to start. See https://curl.se/libcurl/c/libcurl-errors.html first for more details.
$047825.KS: possibly delisted; no price data found  (period=3mo) (Yahoo error = "No data found, symbol may be delisted")
Failed to get ticker '042379.KS' reason: Failed to perform, curl: (77) error setting certificate verify locations:  CAfile: /Users/ajay/Library/Python/3.9/lib/python/site-packages/certifi/cacert.pem CApath: none. See https://curl.se/libcurl/c/libcurl-errors.html first for more details.
Failed to get ticker '047080.KS' reason: Failed to perform, curl: (6) getaddrinfo() thread failed to start. See https://curl.se/libcurl/c/libcurl-errors.html first for more details.
Failed to get ticker '049527.KS' reason: Failed to perform, curl: (6) getaddrinfo() thread failed to start. See https://curl.se/libcurl/c/libcurl-errors.html first for more details.
Failed to get ticker '047050.KQ' reason: Failed to perform, curl: (6) getaddrinfo() thread failed to start. See https://curl.se/libcurl/c/libcurl-errors.html first for more details.
Failed to get ticker '050090.KS' reason: Failed to perform, curl: (6) getaddrinfo() thread failed to start. See https://curl.se/libcurl/c/libcurl-errors.html first for more details.
Failed to get ticker '046440.KS' reason: Failed to perform, curl: (6) getaddrinfo() thread failed to start. See https://curl.se/libcurl/c/libcurl-errors.html first for more details.
Failed to get ticker '042377.KS' reason: Failed to perform, curl: (6) getaddrinfo() thread failed to start. See https://curl.se/libcurl/c/libcurl-errors.html first for more details.
Failed to get ticker '043155.KS' reason: Failed to perform, curl: (6) getaddrinfo() thread failed to start. See https://curl.se/libcurl/c/libcurl-errors.html first for more details.
Failed to get ticker '047827.KS' reason: Failed to perform, curl: (6) Could not resolve host: query2.finance.yahoo.com. See https://curl.se/libcurl/c/libcurl-errors.html first for more details.
Failed to get ticker '048870.KS' reason: Failed to perform, curl: (6) getaddrinfo() thread failed to start. See https://curl.se/libcurl/c/libcurl-errors.html first for more details.
Failed to get ticker '042119.KS' reason: Failed to perform, curl: (6) getaddrinfo() thread failed to start. See https://curl.se/libcurl/c/libcurl-errors.html first for more details.
Failed to get ticker '046070.KS' reason: Failed to perform, curl: (6) getaddrinfo() thread failed to start. See https://curl.se/libcurl/c/libcurl-errors.html first for more details.
Failed to get ticker '046970.KS' reason: Failed to perform, curl: (6) getaddrinfo() thread failed to start. See https://curl.se/libcurl/c/libcurl-errors.html first for more details.
Failed to get ticker '050110.KS' reason: Failed to perform, curl: (6) getaddrinfo() thread failed to start. See https://curl.se/libcurl/c/libcurl-errors.html first for more details.
Failed to get ticker '047820.KS' reason: Failed to perform, curl: (6) getaddrinfo() thread failed to start. See https://curl.se/libcurl/c/libcurl-errors.html first for more details.
Failed to get ticker '043157.KS' reason: Failed to perform, curl: (6) getaddrinfo() thread failed to start. See https://curl.se/libcurl/c/libcurl-errors.html first for more details.
Failed to get ticker '044960.KS' reason: Failed to perform, curl: (6) getaddrinfo() thread failed to start. See https://curl.se/libcurl/c/libcurl-errors.html first for more details.
Failed to get ticker '047920.KS' reason: Failed to perform, curl: (6) Could not resolve host: query2.finance.yahoo.com. See https://curl.se/libcurl/c/libcurl-errors.html first for more details.
Failed to get ticker '051169.KS' reason: Failed to perform, curl: (6) getaddrinfo() thread failed to start. See https://curl.se/libcurl/c/libcurl-errors.html first for more details.
Failed to get ticker '049630.KS' reason: Failed to perform, curl: (6) getaddrinfo() thread failed to start. See https://curl.se/libcurl/c/libcurl-errors.html first for more details.
Failed to get ticker '051165.KS' reason: Failed to perform, curl: (6) getaddrinfo() thread failed to start. See https://curl.se/libcurl/c/libcurl-errors.html first for more details.
Failed to get ticker '039429.KS' reason: Failed to perform, curl: (6) getaddrinfo() thread failed to start. See https://curl.se/libcurl/c/libcurl-errors.html first for more details.
$047829.KS: possibly delisted; no price data found  (period=3mo) (Yahoo error = "No data found, symbol may be delisted")
$042379.KS: possibly delisted; no price data found  (period=3mo) (Yahoo error = "No data found, symbol may be delisted")
Failed to get ticker '039427.KS' reason: Failed to perform, curl: (6) getaddrinfo() thread failed to start. See https://curl.se/libcurl/c/libcurl-errors.html first for more details.
Failed to get ticker '043377.KS' reason: Failed to perform, curl: (6) getaddrinfo() thread failed to start. See https://curl.se/libcurl/c/libcurl-errors.html first for more details.
Failed to get ticker '048530.KS' reason: Failed to perform, curl: (6) getaddrinfo() thread failed to start. See https://curl.se/libcurl/c/libcurl-errors.html first for more details.
Failed to get ticker '046310.KS' reason: Failed to perform, curl: (6) Could not resolve host: query2.finance.yahoo.com. See https://curl.se/libcurl/c/libcurl-errors.html first for more details.
$039429.KS: possibly delisted; no price data found  (period=3mo) (Yahoo error = "No data found, symbol may be delisted")

138 Failed downloads:
['041960.KS', '048550.KS', '041939.KS', '041935.KS', '043159.KS', '042115.KS', '039840.KS', '047770.KS', '048470.KS', '040160.KS', '046120.KS', '049480.KS', '039247.KS', '039020.KS']: OperationalError('unable to open database file')
['050860.KS', '049529.KS', '042700.KQ', '043650.KS', '043375.KS', '046940.KS', '041650.KQ', '045970.KS', '039610.KS', '041930.KS', '039030.KS', '050960.KS', '049525.KS', '048410.KS', '043260.KS', '042510.KS', '042370.KS', '046210.KS', '044450.KQ', '049830.KS', '040420.KS', '044990.KS', '044340.KS', '045510.KS', '039010.KS', '050120.KS', '047310.KS', '042520.KS', '046945.KS', '046390.KS', '049180.KS', '042420.KS', '039130.KQ', '042110.KS', '039249.KS', '042040.KS', '042375.KS', '043090.KS', '042660.KQ', '045340.KS', '041830.KS', '049070.KS', '042940.KS', '046947.KS', '039860.KS', '049080.KS', '041937.KS', '051360.KS', '043910.KS', '045060.KS', '050890.KS', '040300.KS', '049430.KS', '043610.KS', '047400.KQ', '048770.KS', '044480.KS', '043710.KS', '047040.KQ', '042500.KS', '044380.KQ', '039560.KS', '041440.KS', '043379.KS', '046949.KS', '049960.KS', '039425.KS', '051370.KS', '049800.KQ', '045100.KS', '039310.KS', '051167.KS', '040610.KS', '039245.KS', '042000.KS', '049527.KS', '047050.KQ', '047810.KQ', '039740.KS', '047080.KS', '050090.KS', '046440.KS', '042377.KS', '043155.KS', '043200.KS', '047827.KS', '042119.KS', '046070.KS', '048870.KS', '046970.KS', '050110.KS', '041510.KS', '047820.KS', '048830.KS', '043157.KS', '041460.KS', '044960.KS', '047920.KS', '041910.KS', '051169.KS', '041920.KS', '041020.KS', '049630.KS', '051165.KS', '047560.KS', '049550.KS', '039440.KS', '039427.KS', '041520.KS', '041590.KS', '042600.KS', '043360.KS', '043220.KS', '048530.KS', '043100.KS', '039420.KS', '042117.KS', '046310.KS', '043377.KS', '043150.KS']: TypeError("'NoneType' object is not subscriptable")
['047825.KS', '047829.KS', '042379.KS', '039429.KS']: possibly delisted; no price data found  (period=3mo) (Yahoo error = "No data found, symbol may be delisted")
Failed to get ticker '054410.KS' reason: Failed to perform, curl: (6) Could not resolve host: query2.finance.yahoo.com. See https://curl.se/libcurl/c/libcurl-errors.html first for more details.
Failed to get ticker '058470.KS' reason: Failed to perform, curl: (6) getaddrinfo() thread failed to start. See https://curl.se/libcurl/c/libcurl-errors.html first for more details.
Failed to get ticker '058630.KS' reason: Failed to perform, curl: (77) error setting certificate verify locations:  CAfile: /Users/ajay/Library/Python/3.9/lib/python/site-packages/certifi/cacert.pem CApath: none. See https://curl.se/libcurl/c/libcurl-errors.html first for more details.
Failed to get ticker '056367.KS' reason: Failed to perform, curl: (77) error setting certificate verify locations:  CAfile: /Users/ajay/Library/Python/3.9/lib/python/site-packages/certifi/cacert.pem CApath: none. See https://curl.se/libcurl/c/libcurl-errors.html first for more details.
Failed to get ticker '052460.KS' reason: Failed to perform, curl: (77) error setting certificate verify locations:  CAfile: /Users/ajay/Library/Python/3.9/lib/python/site-packages/certifi/cacert.pem CApath: none. See https://curl.se/libcurl/c/libcurl-errors.html first for more details.
Failed to get ticker '063570.KS' reason: Failed to perform, curl: (77) error setting certificate verify locations:  CAfile: /Users/ajay/Library/Python/3.9/lib/python/site-packages/certifi/cacert.pem CApath: none. See https://curl.se/libcurl/c/libcurl-errors.html first for more details.
Failed to get ticker '064240.KS' reason: Failed to perform, curl: (6) Could not resolve host: query2.finance.yahoo.com. See https://curl.se/libcurl/c/libcurl-errors.html first for more details.
Failed to get ticker '053280.KS' reason: Failed to perform, curl: (6) getaddrinfo() thread failed to start. See https://curl.se/libcurl/c/libcurl-errors.html first for more details.
Failed to get ticker '053610.KS' reason: Failed to perform, curl: (6) getaddrinfo() thread failed to start. See https://curl.se/libcurl/c/libcurl-errors.html first for more details.
Failed to get ticker '053620.KS' reason: Failed to perform, curl: (6) getaddrinfo() thread failed to start. See https://curl.se/libcurl/c/libcurl-errors.html first for more details.
Failed to get ticker '053690.KQ' reason: Failed to perform, curl: (6) getaddrinfo() thread failed to start. See https://curl.se/libcurl/c/libcurl-errors.html first for more details.
Failed to get ticker '058450.KS' reason: Failed to perform, curl: (6) getaddrinfo() thread failed to start. See https://curl.se/libcurl/c/libcurl-errors.html first for more details.
Failed to get ticker '053985.KS' reason: Failed to perform, curl: (6) getaddrinfo() thread failed to start. See https://curl.se/libcurl/c/libcurl-errors.html first for more details.
Failed to get ticker '057680.KS' reason: Failed to perform, curl: (6) getaddrinfo() thread failed to start. See https://curl.se/libcurl/c/libcurl-errors.html first for more details.
Failed to get ticker '061255.KS' reason: Failed to perform, curl: (6) getaddrinfo() thread failed to start. See https://curl.se/libcurl/c/libcurl-errors.html first for more details.
Failed to get ticker '053800.KS' reason: Failed to perform, curl: (6) getaddrinfo() thread failed to start. See https://curl.se/libcurl/c/libcurl-errors.html first for more details.
Failed to get ticker '058860.KQ' reason: Failed to perform, curl: (6) getaddrinfo() thread failed to start. See https://curl.se/libcurl/c/libcurl-errors.html first for more details.
Failed to get ticker '064520.KS' reason: Failed to perform, curl: (6) getaddrinfo() thread failed to start. See https://curl.se/libcurl/c/libcurl-errors.html first for more details.
Failed to get ticker '059100.KS' reason: Failed to perform, curl: (6) getaddrinfo() thread failed to start. See https://curl.se/libcurl/c/libcurl-errors.html first for more details.
Failed to get ticker '053987.KS' reason: unable to open database file
Failed to get ticker '053700.KS' reason: Failed to perform, curl: (6) getaddrinfo() thread failed to start. See https://curl.se/libcurl/c/libcurl-errors.html first for more details.
Failed to get ticker '061257.KS' reason: Failed to perform, curl: (6) getaddrinfo() thread failed to start. See https://curl.se/libcurl/c/libcurl-errors.html first for more details.
Failed to get ticker '053980.KS' reason: Failed to perform, curl: (6) Could not resolve host: query2.finance.yahoo.com. See https://curl.se/libcurl/c/libcurl-errors.html first for more details.
Failed to get ticker '052770.KS' reason: Failed to perform, curl: (6) getaddrinfo() thread failed to start. See https://curl.se/libcurl/c/libcurl-errors.html first for more details.
Failed to get ticker '060590.KS' reason: Failed to perform, curl: (6) Could not resolve host: query2.finance.yahoo.com. See https://curl.se/libcurl/c/libcurl-errors.html first for more details.
Failed to get ticker '057540.KS' reason: Failed to perform, curl: (77) error setting certificate verify locations:  CAfile: /Users/ajay/Library/Python/3.9/lib/python/site-packages/certifi/cacert.pem CApath: none. See https://curl.se/libcurl/c/libcurl-errors.html first for more details.
Failed to get ticker '054935.KS' reason: Failed to perform, curl: (6) getaddrinfo() thread failed to start. See https://curl.se/libcurl/c/libcurl-errors.html first for more details.
Failed to get ticker '051600.KQ' reason: Failed to perform, curl: (6) getaddrinfo() thread failed to start. See https://curl.se/libcurl/c/libcurl-errors.html first for more details.
Failed to get ticker '054300.KS' reason: Failed to perform, curl: (6) getaddrinfo() thread failed to start. See https://curl.se/libcurl/c/libcurl-errors.html first for more details.
Failed to get ticker '053629.KS' reason: Failed to perform, curl: (6) getaddrinfo() thread failed to start. See https://curl.se/libcurl/c/libcurl-errors.html first for more details.
Failed to get ticker '061040.KS' reason: Failed to perform, curl: (6) getaddrinfo() thread failed to start. See https://curl.se/libcurl/c/libcurl-errors.html first for more details.
Failed to get ticker '054059.KS' reason: Failed to perform, curl: (6) getaddrinfo() thread failed to start. See https://curl.se/libcurl/c/libcurl-errors.html first for more details.
Failed to get ticker '053450.KS' reason: Failed to perform, curl: (6) getaddrinfo() thread failed to start. See https://curl.se/libcurl/c/libcurl-errors.html first for more details.
$053985.KS: possibly delisted; no price data found  (period=3mo) (Yahoo error = "No data found, symbol may be delisted")
Failed to get ticker '059270.KS' reason: Failed to perform, curl: (6) getaddrinfo() thread failed to start. See https://curl.se/libcurl/c/libcurl-errors.html first for more details.
Failed to get ticker '060240.KS' reason: Failed to perform, curl: (6) Could not resolve host: query2.finance.yahoo.com. See https://curl.se/libcurl/c/libcurl-errors.html first for more details.
Failed to get ticker '058400.KS' reason: Failed to perform, curl: (6) Could not resolve host: query2.finance.yahoo.com. See https://curl.se/libcurl/c/libcurl-errors.html first for more details.
Failed to get ticker '058610.KS' reason: Failed to perform, curl: (6) getaddrinfo() thread failed to start. See https://curl.se/libcurl/c/libcurl-errors.html first for more details.
Failed to get ticker '056080.KS' reason: Failed to perform, curl: (6) getaddrinfo() thread failed to start. See https://curl.se/libcurl/c/libcurl-errors.html first for more details.
Failed to get ticker '056190.KS' reason: Failed to perform, curl: (6) getaddrinfo() thread failed to start. See https://curl.se/libcurl/c/libcurl-errors.html first for more details.
Failed to get ticker '053260.KS' reason: Failed to perform, curl: (6) Could not resolve host: query2.finance.yahoo.com. See https://curl.se/libcurl/c/libcurl-errors.html first for more details.
Failed to get ticker '053300.KS' reason: Failed to perform, curl: (6) getaddrinfo() thread failed to start. See https://curl.se/libcurl/c/libcurl-errors.html first for more details.
Failed to get ticker '052860.KS' reason: Failed to perform, curl: (6) Could not resolve host: query2.finance.yahoo.com. See https://curl.se/libcurl/c/libcurl-errors.html first for more details.
Failed to get ticker '052799.KS' reason: Failed to perform, curl: (6) Could not resolve host: query2.finance.yahoo.com. See https://curl.se/libcurl/c/libcurl-errors.html first for more details.
Failed to get ticker '051630.KQ' reason: Failed to perform, curl: (6) Could not resolve host: query2.finance.yahoo.com. See https://curl.se/libcurl/c/libcurl-errors.html first for more details.
Failed to get ticker '061259.KS' reason: Failed to perform, curl: (6) getaddrinfo() thread failed to start. See https://curl.se/libcurl/c/libcurl-errors.html first for more details.
Failed to get ticker '052400.KS' reason: Failed to perform, curl: (6) Could not resolve host: query2.finance.yahoo.com. See https://curl.se/libcurl/c/libcurl-errors.html first for more details.
Failed to get ticker '060900.KS' reason: Failed to perform, curl: (6) Could not resolve host: query2.finance.yahoo.com. See https://curl.se/libcurl/c/libcurl-errors.html first for more details.
Failed to get ticker '059210.KS' reason: Failed to perform, curl: (6) Could not resolve host: query2.finance.yahoo.com. See https://curl.se/libcurl/c/libcurl-errors.html first for more details.
Failed to get ticker '054780.KS' reason: Failed to perform, curl: (6) getaddrinfo() thread failed to start. See https://curl.se/libcurl/c/libcurl-errors.html first for more details.
Failed to get ticker '058650.KQ' reason: Failed to perform, curl: (6) getaddrinfo() thread failed to start. See https://curl.se/libcurl/c/libcurl-errors.html first for more details.
Failed to get ticker '054920.KS' reason: Failed to perform, curl: (6) getaddrinfo() thread failed to start. See https://curl.se/libcurl/c/libcurl-errors.html first for more details.
Failed to get ticker '051900.KQ' reason: Failed to perform, curl: (6) getaddrinfo() thread failed to start. See https://curl.se/libcurl/c/libcurl-errors.html first for more details.
Failed to get ticker '054210.KS' reason: Failed to perform, curl: (6) getaddrinfo() thread failed to start. See https://curl.se/libcurl/c/libcurl-errors.html first for more details.
Failed to get ticker '052795.KS' reason: Failed to perform, curl: (6) getaddrinfo() thread failed to start. See https://curl.se/libcurl/c/libcurl-errors.html first for more details.
Failed to get ticker '053950.KS' reason: Failed to perform, curl: (6) getaddrinfo() thread failed to start. See https://curl.se/libcurl/c/libcurl-errors.html first for more details.
Failed to get ticker '064480.KS' reason: Failed to perform, curl: (6) getaddrinfo() thread failed to start. See https://curl.se/libcurl/c/libcurl-errors.html first for more details.
Failed to get ticker '051980.KS' reason: Failed to perform, curl: (6) getaddrinfo() thread failed to start. See https://curl.se/libcurl/c/libcurl-errors.html first for more details.
Failed to get ticker '052260.KS' reason: Failed to perform, curl: (6) getaddrinfo() thread failed to start. See https://curl.se/libcurl/c/libcurl-errors.html first for more details.
Failed to get ticker '053030.KS' reason: Failed to perform, curl: (6) getaddrinfo() thread failed to start. See https://curl.se/libcurl/c/libcurl-errors.html first for more details.
$052799.KS: possibly delisted; no price data found  (period=3mo) (Yahoo error = "No data found, symbol may be delisted")
Failed to get ticker '058405.KS' reason: Failed to perform, curl: (6) getaddrinfo() thread failed to start. See https://curl.se/libcurl/c/libcurl-errors.html first for more details.
Failed to get ticker '052220.KS' reason: Failed to perform, curl: (6) getaddrinfo() thread failed to start. See https://curl.se/libcurl/c/libcurl-errors.html first for more details.
Failed to get ticker '052427.KS' reason: Failed to perform, curl: (6) getaddrinfo() thread failed to start. See https://curl.se/libcurl/c/libcurl-errors.html first for more details.
Failed to get ticker '058407.KS' reason: Failed to perform, curl: (6) getaddrinfo() thread failed to start. See https://curl.se/libcurl/c/libcurl-errors.html first for more details.
Failed to get ticker '058110.KS' reason: Failed to perform, curl: (6) getaddrinfo() thread failed to start. See https://curl.se/libcurl/c/libcurl-errors.html first for more details.
Failed to get ticker '060560.KS' reason: Failed to perform, curl: (6) getaddrinfo() thread failed to start. See https://curl.se/libcurl/c/libcurl-errors.html first for more details.
Failed to get ticker '060480.KS' reason: Failed to perform, curl: (6) getaddrinfo() thread failed to start. See https://curl.se/libcurl/c/libcurl-errors.html first for more details.
Failed to get ticker '054055.KS' reason: Failed to perform, curl: (6) getaddrinfo() thread failed to start. See https://curl.se/libcurl/c/libcurl-errors.html first for more details.
Failed to get ticker '051500.KS' reason: Failed to perform, curl: (6) Could not resolve host: query2.finance.yahoo.com. See https://curl.se/libcurl/c/libcurl-errors.html first for more details.
Failed to get ticker '060230.KS' reason: Failed to perform, curl: (6) Could not resolve host: query2.finance.yahoo.com. See https://curl.se/libcurl/c/libcurl-errors.html first for more details.
Failed to get ticker '062970.KS' reason: Failed to perform, curl: (6) Could not resolve host: query2.finance.yahoo.com. See https://curl.se/libcurl/c/libcurl-errors.html first for more details.
Failed to get ticker '064350.KQ' reason: Failed to perform, curl: (6) getaddrinfo() thread failed to start. See https://curl.se/libcurl/c/libcurl-errors.html first for more details.
Failed to get ticker '056360.KS' reason: Failed to perform, curl: (6) getaddrinfo() thread failed to start. See https://curl.se/libcurl/c/libcurl-errors.html first for more details.
Failed to get ticker '062040.KQ' reason: Failed to perform, curl: (6) Could not resolve host: query2.finance.yahoo.com. See https://curl.se/libcurl/c/libcurl-errors.html first for more details.
Failed to get ticker '061090.KS' reason: Failed to perform, curl: (6) getaddrinfo() thread failed to start. See https://curl.se/libcurl/c/libcurl-errors.html first for more details.
Failed to get ticker '052900.KS' reason: Failed to perform, curl: (6) getaddrinfo() thread failed to start. See https://curl.se/libcurl/c/libcurl-errors.html first for more details.
Failed to get ticker '054939.KS' reason: Failed to perform, curl: (6) getaddrinfo() thread failed to start. See https://curl.se/libcurl/c/libcurl-errors.html first for more details.
Failed to get ticker '054180.KS' reason: Failed to perform, curl: (6) getaddrinfo() thread failed to start. See https://curl.se/libcurl/c/libcurl-errors.html first for more details.
Failed to get ticker '060260.KS' reason: Failed to perform, curl: (6) getaddrinfo() thread failed to start. See https://curl.se/libcurl/c/libcurl-errors.html first for more details.
Failed to get ticker '052790.KS' reason: Failed to perform, curl: (6) Could not resolve host: query2.finance.yahoo.com. See https://curl.se/libcurl/c/libcurl-errors.html first for more details.
Failed to get ticker '052690.KQ' reason: Failed to perform, curl: (6) getaddrinfo() thread failed to start. See https://curl.se/libcurl/c/libcurl-errors.html first for more details.
Failed to get ticker '058430.KQ' reason: Failed to perform, curl: (6) getaddrinfo() thread failed to start. See https://curl.se/libcurl/c/libcurl-errors.html first for more details.
Failed to get ticker '058850.KQ' reason: Failed to perform, curl: (6) getaddrinfo() thread failed to start. See https://curl.se/libcurl/c/libcurl-errors.html first for more details.
Failed to get ticker '054057.KS' reason: Failed to perform, curl: (6) getaddrinfo() thread failed to start. See https://curl.se/libcurl/c/libcurl-errors.html first for more details.
Failed to get ticker '060570.KS' reason: Failed to perform, curl: (6) getaddrinfo() thread failed to start. See https://curl.se/libcurl/c/libcurl-errors.html first for more details.
Failed to get ticker '053160.KS' reason: Failed to perform, curl: (6) getaddrinfo() thread failed to start. See https://curl.se/libcurl/c/libcurl-errors.html first for more details.
Failed to get ticker '058970.KS' reason: Failed to perform, curl: (6) getaddrinfo() thread failed to start. See https://curl.se/libcurl/c/libcurl-errors.html first for more details.
Failed to get ticker '056365.KS' reason: Failed to perform, curl: (77) error setting certificate verify locations:  CAfile: /Users/ajay/Library/Python/3.9/lib/python/site-packages/certifi/cacert.pem CApath: none. See https://curl.se/libcurl/c/libcurl-errors.html first for more details.
Failed to get ticker '058409.KS' reason: Failed to perform, curl: (6) getaddrinfo() thread failed to start. See https://curl.se/libcurl/c/libcurl-errors.html first for more details.
Failed to get ticker '052429.KS' reason: Failed to perform, curl: (6) Could not resolve host: query2.finance.yahoo.com. See https://curl.se/libcurl/c/libcurl-errors.html first for more details.
Failed to get ticker '054450.KS' reason: Failed to perform, curl: (6) Could not resolve host: query2.finance.yahoo.com. See https://curl.se/libcurl/c/libcurl-errors.html first for more details.
Failed to get ticker '060370.KS' reason: Failed to perform, curl: (6) Could not resolve host: query2.finance.yahoo.com. See https://curl.se/libcurl/c/libcurl-errors.html first for more details.
Failed to get ticker '061970.KS' reason: Failed to perform, curl: (6) getaddrinfo() thread failed to start. See https://curl.se/libcurl/c/libcurl-errors.html first for more details.
Failed to get ticker '056730.KS' reason: Failed to perform, curl: (6) Could not resolve host: query2.finance.yahoo.com. See https://curl.se/libcurl/c/libcurl-errors.html first for more details.
Failed to get ticker '056700.KS' reason: Failed to perform, curl: (6) Could not resolve host: query2.finance.yahoo.com. See https://curl.se/libcurl/c/libcurl-errors.html first for more details.
Failed to get ticker '054800.KS' reason: Failed to perform, curl: (6) getaddrinfo() thread failed to start. See https://curl.se/libcurl/c/libcurl-errors.html first for more details.
Failed to get ticker '053210.KQ' reason: Failed to perform, curl: (6) getaddrinfo() thread failed to start. See https://curl.se/libcurl/c/libcurl-errors.html first for more details.
Failed to get ticker '057050.KQ' reason: Failed to perform, curl: (77) error setting certificate verify locations:  CAfile: /Users/ajay/Library/Python/3.9/lib/python/site-packages/certifi/cacert.pem CApath: none. See https://curl.se/libcurl/c/libcurl-errors.html first for more details.
Failed to get ticker '051490.KS' reason: Failed to perform, curl: (6) Could not resolve host: query2.finance.yahoo.com. See https://curl.se/libcurl/c/libcurl-errors.html first for more details.
Failed to get ticker '060280.KS' reason: Failed to perform, curl: (6) getaddrinfo() thread failed to start. See https://curl.se/libcurl/c/libcurl-errors.html first for more details.
Failed to get ticker '054090.KS' reason: Failed to perform, curl: (6) getaddrinfo() thread failed to start. See https://curl.se/libcurl/c/libcurl-errors.html first for more details.
Failed to get ticker '059120.KS' reason: Failed to perform, curl: (6) Could not resolve host: query2.finance.yahoo.com. See https://curl.se/libcurl/c/libcurl-errors.html first for more details.
Failed to get ticker '052420.KS' reason: Failed to perform, curl: (6) getaddrinfo() thread failed to start. See https://curl.se/libcurl/c/libcurl-errors.html first for more details.
Failed to get ticker '058855.KQ' reason: Failed to perform, curl: (6) getaddrinfo() thread failed to start. See https://curl.se/libcurl/c/libcurl-errors.html first for more details.
Failed to get ticker '058820.KS' reason: Failed to perform, curl: (6) getaddrinfo() thread failed to start. See https://curl.se/libcurl/c/libcurl-errors.html first for more details.
Failed to get ticker '053627.KS' reason: Failed to perform, curl: (6) getaddrinfo() thread failed to start. See https://curl.se/libcurl/c/libcurl-errors.html first for more details.
Failed to get ticker '053270.KS' reason: Failed to perform, curl: (6) getaddrinfo() thread failed to start. See https://curl.se/libcurl/c/libcurl-errors.html first for more details.
Failed to get ticker '064090.KS' reason: Failed to perform, curl: (6) Could not resolve host: query2.finance.yahoo.com. See https://curl.se/libcurl/c/libcurl-errors.html first for more details.
Failed to get ticker '063440.KS' reason: Failed to perform, curl: (6) getaddrinfo() thread failed to start. See https://curl.se/libcurl/c/libcurl-errors.html first for more details.
Failed to get ticker '063170.KS' reason: Failed to perform, curl: (6) getaddrinfo() thread failed to start. See https://curl.se/libcurl/c/libcurl-errors.html first for more details.
Failed to get ticker '060310.KS' reason: Failed to perform, curl: (6) getaddrinfo() thread failed to start. See https://curl.se/libcurl/c/libcurl-errors.html first for more details.
Failed to get ticker '052425.KS' reason: Failed to perform, curl: (6) getaddrinfo() thread failed to start. See https://curl.se/libcurl/c/libcurl-errors.html first for more details.
$056365.KS: possibly delisted; no price data found  (period=3mo) (Yahoo error = "No data found, symbol may be delisted")
$054937.KS: possibly delisted; no price data found  (period=3mo) (Yahoo error = "No data found, symbol may be delisted")

130 Failed downloads:
['054410.KS', '058470.KS', '058630.KS', '053280.KS', '056367.KS', '053610.KS', '053690.KQ', '053620.KS', '058450.KS', '057680.KS', '061255.KS', '053800.KS', '063760.KS', '058860.KQ', '059100.KS', '053987.KS', '064520.KS', '053700.KS', '061257.KS', '053980.KS', '052770.KS', '060590.KS', '054935.KS', '051600.KQ', '054300.KS', '053629.KS', '060720.KS', '054040.KS', '061040.KS', '053450.KS', '054059.KS', '059270.KS', '060240.KS', '058400.KS', '056080.KS', '056190.KS', '053260.KS', '053300.KS', '052797.KS', '051630.KQ', '052400.KS', '061259.KS', '058650.KQ', '054920.KS', '060900.KS', '051900.KQ', '054210.KS', '052795.KS', '053950.KS', '051980.KS', '052260.KS', '053030.KS', '058405.KS', '052220.KS', '058407.KS', '052427.KS', '058110.KS', '060560.KS', '060480.KS', '054055.KS', '051500.KS', '064350.KQ', '056360.KS', '062040.KQ', '060230.KS', '062970.KS', '061090.KS', '054180.KS', '052790.KS', '052900.KS', '060260.KS', '058850.KQ', '058430.KQ', '054057.KS', '060570.KS', '053160.KS', '058970.KS', '058409.KS', '052429.KS', '054450.KS', '060370.KS', '056730.KS', '061970.KS', '056700.KS', '054800.KS', '053210.KQ', '057050.KQ', '060380.KS', '051490.KS', '060280.KS', '054090.KS', '059120.KS', '054939.KS', '052420.KS', '054220.KS', '058855.KQ', '058820.KS', '051380.KS', '053627.KS', '064090.KS', '060310.KS', '052425.KS', '063170.KS']: TypeError("'NoneType' object is not subscriptable")
['053625.KS', '064400.KQ', '060850.KS', '054670.KS', '053050.KS', '059090.KS', '058859.KQ', '057030.KS', '054050.KS', '053580.KS', '053350.KS', '060150.KS', '053060.KS', '055490.KQ', '052330.KS', '053989.KS', '056369.KS', '051390.KS', '053290.KS', '058857.KQ', '063160.KQ', '053080.KS', '064260.KS']: OperationalError('unable to open database file')
['053985.KS', '052799.KS', '056365.KS', '054937.KS']: possibly delisted; no price data found  (period=3mo) (Yahoo error = "No data found, symbol may be delisted")
Failed to get ticker '073565.KS' reason: Failed to perform, curl: (6) Could not resolve host: query2.finance.yahoo.com. See https://curl.se/libcurl/c/libcurl-errors.html first for more details.
Failed to get ticker '068790.KS' reason: Failed to perform, curl: (6) getaddrinfo() thread failed to start. See https://curl.se/libcurl/c/libcurl-errors.html first for more details.
Failed to get ticker '068930.KS' reason: Failed to perform, curl: (77) error setting certificate verify locations:  CAfile: /Users/ajay/Library/Python/3.9/lib/python/site-packages/certifi/cacert.pem CApath: none. See https://curl.se/libcurl/c/libcurl-errors.html first for more details.
Failed to get ticker '067990.KS' reason: Failed to perform, curl: (77) error setting certificate verify locations:  CAfile: /Users/ajay/Library/Python/3.9/lib/python/site-packages/certifi/cacert.pem CApath: none. See https://curl.se/libcurl/c/libcurl-errors.html first for more details.
Failed to get ticker '065660.KS' reason: Failed to perform, curl: (6) getaddrinfo() thread failed to start. See https://curl.se/libcurl/c/libcurl-errors.html first for more details.
Failed to get ticker '065170.KS' reason: Failed to perform, curl: (77) error setting certificate verify locations:  CAfile: /Users/ajay/Library/Python/3.9/lib/python/site-packages/certifi/cacert.pem CApath: none. See https://curl.se/libcurl/c/libcurl-errors.html first for more details.
Failed to get ticker '078007.KQ' reason: Failed to perform, curl: (77) error setting certificate verify locations:  CAfile: /Users/ajay/Library/Python/3.9/lib/python/site-packages/certifi/cacert.pem CApath: none. See https://curl.se/libcurl/c/libcurl-errors.html first for more details.
Failed to get ticker '065420.KS' reason: Failed to perform, curl: (6) getaddrinfo() thread failed to start. See https://curl.se/libcurl/c/libcurl-errors.html first for more details.
Failed to get ticker '070590.KS' reason: Failed to perform, curl: (6) getaddrinfo() thread failed to start. See https://curl.se/libcurl/c/libcurl-errors.html first for more details.
Failed to get ticker '065950.KS' reason: Failed to perform, curl: (6) getaddrinfo() thread failed to start. See https://curl.se/libcurl/c/libcurl-errors.html first for more details.
Failed to get ticker '066900.KS' reason: Failed to perform, curl: (6) getaddrinfo() thread failed to start. See https://curl.se/libcurl/c/libcurl-errors.html first for more details.
Failed to get ticker '069510.KS' reason: Failed to perform, curl: (6) getaddrinfo() thread failed to start. See https://curl.se/libcurl/c/libcurl-errors.html first for more details.
Failed to get ticker '072020.KS' reason: Failed to perform, curl: (6) getaddrinfo() thread failed to start. See https://curl.se/libcurl/c/libcurl-errors.html first for more details.
Failed to get ticker '078140.KS' reason: Failed to perform, curl: (6) getaddrinfo() thread failed to start. See https://curl.se/libcurl/c/libcurl-errors.html first for more details.
Failed to get ticker '067770.KS' reason: Failed to perform, curl: (6) getaddrinfo() thread failed to start. See https://curl.se/libcurl/c/libcurl-errors.html first for more details.
Failed to get ticker '067370.KS' reason: Failed to perform, curl: (6) getaddrinfo() thread failed to start. See https://curl.se/libcurl/c/libcurl-errors.html first for more details.
Failed to get ticker '067160.KS' reason: Failed to perform, curl: (6) getaddrinfo() thread failed to start. See https://curl.se/libcurl/c/libcurl-errors.html first for more details.
Failed to get ticker '069260.KQ' reason: Failed to perform, curl: (6) getaddrinfo() thread failed to start. See https://curl.se/libcurl/c/libcurl-errors.html first for more details.
Failed to get ticker '071280.KS' reason: Failed to perform, curl: (6) getaddrinfo() thread failed to start. See https://curl.se/libcurl/c/libcurl-errors.html first for more details.
Failed to get ticker '071670.KS' reason: Failed to perform, curl: (6) Could not resolve host: query2.finance.yahoo.com. See https://curl.se/libcurl/c/libcurl-errors.html first for more details.
Failed to get ticker '065710.KS' reason: Failed to perform, curl: (6) Could not resolve host: query2.finance.yahoo.com. See https://curl.se/libcurl/c/libcurl-errors.html first for more details.
Failed to get ticker '069620.KQ' reason: Failed to perform, curl: (6) getaddrinfo() thread failed to start. See https://curl.se/libcurl/c/libcurl-errors.html first for more details.
Failed to get ticker '067287.KS' reason: Failed to perform, curl: (6) getaddrinfo() thread failed to start. See https://curl.se/libcurl/c/libcurl-errors.html first for more details.
Failed to get ticker '067290.KS' reason: Failed to perform, curl: (6) getaddrinfo() thread failed to start. See https://curl.se/libcurl/c/libcurl-errors.html first for more details.
Failed to get ticker '069080.KS' reason: Failed to perform, curl: (6) getaddrinfo() thread failed to start. See https://curl.se/libcurl/c/libcurl-errors.html first for more details.
Failed to get ticker '069739.KQ' reason: Failed to perform, curl: (6) Could not resolve host: query2.finance.yahoo.com. See https://curl.se/libcurl/c/libcurl-errors.html first for more details.
Failed to get ticker '071285.KS' reason: Failed to perform, curl: (6) getaddrinfo() thread failed to start. See https://curl.se/libcurl/c/libcurl-errors.html first for more details.
Failed to get ticker '069519.KS' reason: Failed to perform, curl: (6) getaddrinfo() thread failed to start. See https://curl.se/libcurl/c/libcurl-errors.html first for more details.
Failed to get ticker '078077.KS' reason: Failed to perform, curl: (6) getaddrinfo() thread failed to start. See https://curl.se/libcurl/c/libcurl-errors.html first for more details.
Failed to get ticker '075185.KQ' reason: Failed to perform, curl: (6) getaddrinfo() thread failed to start. See https://curl.se/libcurl/c/libcurl-errors.html first for more details.
Failed to get ticker '068050.KS' reason: Failed to perform, curl: (6) getaddrinfo() thread failed to start. See https://curl.se/libcurl/c/libcurl-errors.html first for more details.
Failed to get ticker '069735.KQ' reason: Failed to perform, curl: (6) getaddrinfo() thread failed to start. See https://curl.se/libcurl/c/libcurl-errors.html first for more details.
Failed to get ticker '067289.KS' reason: Failed to perform, curl: (6) Could not resolve host: query1.finance.yahoo.com. See https://curl.se/libcurl/c/libcurl-errors.html first for more details.
Failed to get ticker '075130.KS' reason: Failed to perform, curl: (6) Could not resolve host: query1.finance.yahoo.com. See https://curl.se/libcurl/c/libcurl-errors.html first for more details.
Failed to get ticker '065680.KS' reason: Failed to perform, curl: (6) getaddrinfo() thread failed to start. See https://curl.se/libcurl/c/libcurl-errors.html first for more details.
Failed to get ticker '069410.KS' reason: Failed to perform, curl: (6) getaddrinfo() thread failed to start. See https://curl.se/libcurl/c/libcurl-errors.html first for more details.
Failed to get ticker '071200.KS' reason: Failed to perform, curl: (6) getaddrinfo() thread failed to start. See https://curl.se/libcurl/c/libcurl-errors.html first for more details.
Failed to get ticker '066410.KS' reason: Failed to perform, curl: (6) getaddrinfo() thread failed to start. See https://curl.se/libcurl/c/libcurl-errors.html first for more details.
Failed to get ticker '075180.KQ' reason: Failed to perform, curl: (6) getaddrinfo() thread failed to start. See https://curl.se/libcurl/c/libcurl-errors.html first for more details.
Failed to get ticker '069540.KS' reason: Failed to perform, curl: (6) Could not resolve host: query1.finance.yahoo.com. See https://curl.se/libcurl/c/libcurl-errors.html first for more details.
Failed to get ticker '065570.KS' reason: Failed to perform, curl: (6) getaddrinfo() thread failed to start. See https://curl.se/libcurl/c/libcurl-errors.html first for more details.
Failed to get ticker '075189.KQ' reason: Failed to perform, curl: (6) getaddrinfo() thread failed to start. See https://curl.se/libcurl/c/libcurl-errors.html first for more details.
Failed to get ticker '076080.KS' reason: Failed to perform, curl: (6) getaddrinfo() thread failed to start. See https://curl.se/libcurl/c/libcurl-errors.html first for more details.
Failed to get ticker '068760.KS' reason: Failed to perform, curl: (6) getaddrinfo() thread failed to start. See https://curl.se/libcurl/c/libcurl-errors.html first for more details.
Failed to get ticker '077970.KQ' reason: Failed to perform, curl: (6) getaddrinfo() thread failed to start. See https://curl.se/libcurl/c/libcurl-errors.html first for more details.
Failed to get ticker '072475.KS' reason: Failed to perform, curl: (6) getaddrinfo() thread failed to start. See https://curl.se/libcurl/c/libcurl-errors.html first for more details.
Failed to get ticker '065510.KS' reason: Failed to perform, curl: (6) getaddrinfo() thread failed to start. See https://curl.se/libcurl/c/libcurl-errors.html first for more details.
Failed to get ticker '075580.KQ' reason: Failed to perform, curl: (6) Could not resolve host: query2.finance.yahoo.com. See https://curl.se/libcurl/c/libcurl-errors.html first for more details.
Failed to get ticker '064760.KS' reason: Failed to perform, curl: (6) getaddrinfo() thread failed to start. See https://curl.se/libcurl/c/libcurl-errors.html first for more details.
Failed to get ticker '068270.KQ' reason: Failed to perform, curl: (6) getaddrinfo() thread failed to start. See https://curl.se/libcurl/c/libcurl-errors.html first for more details.
Failed to get ticker '065500.KS' reason: Failed to perform, curl: (6) getaddrinfo() thread failed to start. See https://curl.se/libcurl/c/libcurl-errors.html first for more details.
Failed to get ticker '072950.KS' reason: Failed to perform, curl: (6) Could not resolve host: query2.finance.yahoo.com. See https://curl.se/libcurl/c/libcurl-errors.html first for more details.
Failed to get ticker '064960.KQ' reason: Failed to perform, curl: (6) getaddrinfo() thread failed to start. See https://curl.se/libcurl/c/libcurl-errors.html first for more details.
Failed to get ticker '072470.KS' reason: Failed to perform, curl: (6) getaddrinfo() thread failed to start. See https://curl.se/libcurl/c/libcurl-errors.html first for more details.
Failed to get ticker '065770.KS' reason: Failed to perform, curl: (6) getaddrinfo() thread failed to start. See https://curl.se/libcurl/c/libcurl-errors.html first for more details.
Failed to get ticker '065130.KS' reason: Failed to perform, curl: (6) Could not resolve host: query2.finance.yahoo.com. See https://curl.se/libcurl/c/libcurl-errors.html first for more details.
Failed to get ticker '078070.KS' reason: Failed to perform, curl: (6) getaddrinfo() thread failed to start. See https://curl.se/libcurl/c/libcurl-errors.html first for more details.
Failed to get ticker '066627.KS' reason: Failed to perform, curl: (6) Could not resolve host: query2.finance.yahoo.com. See https://curl.se/libcurl/c/libcurl-errors.html first for more details.
Failed to get ticker '071287.KS' reason: Failed to perform, curl: (6) getaddrinfo() thread failed to start. See https://curl.se/libcurl/c/libcurl-errors.html first for more details.
Failed to get ticker '066790.KS' reason: Failed to perform, curl: (6) getaddrinfo() thread failed to start. See https://curl.se/libcurl/c/libcurl-errors.html first for more details.
Failed to get ticker '069330.KS' reason: Failed to perform, curl: (6) getaddrinfo() thread failed to start. See https://curl.se/libcurl/c/libcurl-errors.html first for more details.
Failed to get ticker '071320.KQ' reason: Failed to perform, curl: (6) getaddrinfo() thread failed to start. See https://curl.se/libcurl/c/libcurl-errors.html first for more details.
Failed to get ticker '067920.KS' reason: Failed to perform, curl: (6) getaddrinfo() thread failed to start. See https://curl.se/libcurl/c/libcurl-errors.html first for more details.
Failed to get ticker '066677.KS' reason: Failed to perform, curl: (6) getaddrinfo() thread failed to start. See https://curl.se/libcurl/c/libcurl-errors.html first for more details.
Failed to get ticker '071090.KQ' reason: Failed to perform, curl: (6) Could not resolve host: query2.finance.yahoo.com. See https://curl.se/libcurl/c/libcurl-errors.html first for more details.
Failed to get ticker '074430.KS' reason: Failed to perform, curl: (6) getaddrinfo() thread failed to start. See https://curl.se/libcurl/c/libcurl-errors.html first for more details.
Failed to get ticker '078005.KQ' reason: Failed to perform, curl: (6) Could not resolve host: query2.finance.yahoo.com. See https://curl.se/libcurl/c/libcurl-errors.html first for more details.
Failed to get ticker '069960.KQ' reason: Failed to perform, curl: (6) getaddrinfo() thread failed to start. See https://curl.se/libcurl/c/libcurl-errors.html first for more details.
Failed to get ticker '065450.KS' reason: Failed to perform, curl: (77) error setting certificate verify locations:  CAfile: /Users/ajay/Library/Python/3.9/lib/python/site-packages/certifi/cacert.pem CApath: none. See https://curl.se/libcurl/c/libcurl-errors.html first for more details.
Failed to get ticker '075970.KS' reason: Failed to perform, curl: (6) getaddrinfo() thread failed to start. See https://curl.se/libcurl/c/libcurl-errors.html first for more details.
Failed to get ticker '065370.KS' reason: Failed to perform, curl: (6) getaddrinfo() thread failed to start. See https://curl.se/libcurl/c/libcurl-errors.html first for more details.
Failed to get ticker '073010.KS' reason: Failed to perform, curl: (6) getaddrinfo() thread failed to start. See https://curl.se/libcurl/c/libcurl-errors.html first for more details.
Failed to get ticker '069737.KQ' reason: Failed to perform, curl: (6) Could not resolve host: query2.finance.yahoo.com. See https://curl.se/libcurl/c/libcurl-errors.html first for more details.
Failed to get ticker '072770.KS' reason: Failed to perform, curl: (6) getaddrinfo() thread failed to start. See https://curl.se/libcurl/c/libcurl-errors.html first for more details.
Failed to get ticker '072477.KS' reason: Failed to perform, curl: (6) getaddrinfo() thread failed to start. See https://curl.se/libcurl/c/libcurl-errors.html first for more details.
Failed to get ticker '065150.KS' reason: Failed to perform, curl: (6) getaddrinfo() thread failed to start. See https://curl.se/libcurl/c/libcurl-errors.html first for more details.
Failed to get ticker '069515.KS' reason: Failed to perform, curl: (6) getaddrinfo() thread failed to start. See https://curl.se/libcurl/c/libcurl-errors.html first for more details.
Failed to get ticker '077500.KQ' reason: Failed to perform, curl: (6) getaddrinfo() thread failed to start. See https://curl.se/libcurl/c/libcurl-errors.html first for more details.
Failed to get ticker '070300.KS' reason: Failed to perform, curl: (6) getaddrinfo() thread failed to start. See https://curl.se/libcurl/c/libcurl-errors.html first for more details.
Failed to get ticker '067000.KS' reason: Failed to perform, curl: (6) getaddrinfo() thread failed to start. See https://curl.se/libcurl/c/libcurl-errors.html first for more details.
Failed to get ticker '066670.KS' reason: Failed to perform, curl: (6) getaddrinfo() thread failed to start. See https://curl.se/libcurl/c/libcurl-errors.html first for more details.
Failed to get ticker '073240.KQ' reason: Failed to perform, curl: (6) getaddrinfo() thread failed to start. See https://curl.se/libcurl/c/libcurl-errors.html first for more details.
Failed to get ticker '072130.KQ' reason: Failed to perform, curl: (6) getaddrinfo() thread failed to start. See https://curl.se/libcurl/c/libcurl-errors.html first for more details.
Failed to get ticker '073190.KS' reason: Failed to perform, curl: (6) Could not resolve host: query2.finance.yahoo.com. See https://curl.se/libcurl/c/libcurl-errors.html first for more details.
Failed to get ticker '064800.KS' reason: Failed to perform, curl: (6) getaddrinfo() thread failed to start. See https://curl.se/libcurl/c/libcurl-errors.html first for more details.
Failed to get ticker '067170.KS' reason: Failed to perform, curl: (6) getaddrinfo() thread failed to start. See https://curl.se/libcurl/c/libcurl-errors.html first for more details.
$066677.KS: possibly delisted; no price data found  (period=3mo) (Yahoo error = "No data found, symbol may be delisted")
Failed to get ticker '064850.KS' reason: Failed to perform, curl: (6) Could not resolve host: query2.finance.yahoo.com. See https://curl.se/libcurl/c/libcurl-errors.html first for more details.
Failed to get ticker '066700.KS' reason: Failed to perform, curl: (6) getaddrinfo() thread failed to start. See https://curl.se/libcurl/c/libcurl-errors.html first for more details.
Failed to get ticker '073570.KS' reason: Failed to perform, curl: (6) getaddrinfo() thread failed to start. See https://curl.se/libcurl/c/libcurl-errors.html first for more details.
Failed to get ticker '065350.KS' reason: Failed to perform, curl: (6) getaddrinfo() thread failed to start. See https://curl.se/libcurl/c/libcurl-errors.html first for more details.
Failed to get ticker '067630.KS' reason: Failed to perform, curl: (6) getaddrinfo() thread failed to start. See https://curl.se/libcurl/c/libcurl-errors.html first for more details.
Failed to get ticker '075187.KQ' reason: Failed to perform, curl: (6) getaddrinfo() thread failed to start. See https://curl.se/libcurl/c/libcurl-errors.html first for more details.
$068940.KS: possibly delisted; no price data found  (period=3mo)
Failed to get ticker '067900.KS' reason: Failed to perform, curl: (6) Could not resolve host: query2.finance.yahoo.com. See https://curl.se/libcurl/c/libcurl-errors.html first for more details.
Failed to get ticker '067080.KS' reason: Failed to perform, curl: (6) getaddrinfo() thread failed to start. See https://curl.se/libcurl/c/libcurl-errors.html first for more details.
Failed to get ticker '066310.KS' reason: Failed to perform, curl: (6) getaddrinfo() thread failed to start. See https://curl.se/libcurl/c/libcurl-errors.html first for more details.
Failed to get ticker '072710.KQ' reason: Failed to perform, curl: (6) Could not resolve host: query2.finance.yahoo.com. See https://curl.se/libcurl/c/libcurl-errors.html first for more details.
Failed to get ticker '069517.KS' reason: Failed to perform, curl: (6) getaddrinfo() thread failed to start. See https://curl.se/libcurl/c/libcurl-errors.html first for more details.
Failed to get ticker '067830.KQ' reason: Failed to perform, curl: (6) Could not resolve host: query2.finance.yahoo.com. See https://curl.se/libcurl/c/libcurl-errors.html first for more details.
Failed to get ticker '078150.KS' reason: Failed to perform, curl: (6) getaddrinfo() thread failed to start. See https://curl.se/libcurl/c/libcurl-errors.html first for more details.
Failed to get ticker '069140.KS' reason: Failed to perform, curl: (6) getaddrinfo() thread failed to start. See https://curl.se/libcurl/c/libcurl-errors.html first for more details.
Failed to get ticker '068330.KS' reason: Failed to perform, curl: (6) getaddrinfo() thread failed to start. See https://curl.se/libcurl/c/libcurl-errors.html first for more details.
Failed to get ticker '078340.KS' reason: Failed to perform, curl: (6) Could not resolve host: query2.finance.yahoo.com. See https://curl.se/libcurl/c/libcurl-errors.html first for more details.
Failed to get ticker '078075.KS' reason: Failed to perform, curl: (6) Could not resolve host: query2.finance.yahoo.com. See https://curl.se/libcurl/c/libcurl-errors.html first for more details.
Failed to get ticker '073490.KS' reason: Failed to perform, curl: (6) Could not resolve host: query2.finance.yahoo.com. See https://curl.se/libcurl/c/libcurl-errors.html first for more details.
Failed to get ticker '073567.KS' reason: Failed to perform, curl: (6) getaddrinfo() thread failed to start. See https://curl.se/libcurl/c/libcurl-errors.html first for more details.
Failed to get ticker '078079.KS' reason: Failed to perform, curl: (6) Could not resolve host: query2.finance.yahoo.com. See https://curl.se/libcurl/c/libcurl-errors.html first for more details.
Failed to get ticker '073569.KS' reason: Failed to perform, curl: (6) getaddrinfo() thread failed to start. See https://curl.se/libcurl/c/libcurl-errors.html first for more details.
Failed to get ticker '066629.KS' reason: Failed to perform, curl: (6) getaddrinfo() thread failed to start. See https://curl.se/libcurl/c/libcurl-errors.html first for more details.
Failed to get ticker '078009.KQ' reason: Failed to perform, curl: (6) getaddrinfo() thread failed to start. See https://curl.se/libcurl/c/libcurl-errors.html first for more details.
Failed to get ticker '068100.KS' reason: Failed to perform, curl: (77) error setting certificate verify locations:  CAfile: /Users/ajay/Library/Python/3.9/lib/python/site-packages/certifi/cacert.pem CApath: none. See https://curl.se/libcurl/c/libcurl-errors.html first for more details.
Failed to get ticker '073640.KS' reason: Failed to perform, curl: (6) getaddrinfo() thread failed to start. See https://curl.se/libcurl/c/libcurl-errors.html first for more details.
Failed to get ticker '071850.KS' reason: Failed to perform, curl: (6) getaddrinfo() thread failed to start. See https://curl.se/libcurl/c/libcurl-errors.html first for more details.
$071289.KS: possibly delisted; no price data found  (period=3mo) (Yahoo error = "No data found, symbol may be delisted")
Failed to get ticker '074610.KQ' reason: Failed to perform, curl: (6) getaddrinfo() thread failed to start. See https://curl.se/libcurl/c/libcurl-errors.html first for more details.
Failed to get ticker '069640.KQ' reason: Failed to perform, curl: (6) getaddrinfo() thread failed to start. See https://curl.se/libcurl/c/libcurl-errors.html first for more details.
Failed to get ticker '067310.KS' reason: Failed to perform, curl: (6) getaddrinfo() thread failed to start. See https://curl.se/libcurl/c/libcurl-errors.html first for more details.
Failed to get ticker '064820.KS' reason: Failed to perform, curl: (6) getaddrinfo() thread failed to start. See https://curl.se/libcurl/c/libcurl-errors.html first for more details.
Failed to get ticker '067285.KS' reason: Failed to perform, curl: (6) Could not resolve host: query2.finance.yahoo.com. See https://curl.se/libcurl/c/libcurl-errors.html first for more details.
Failed to get ticker '067010.KS' reason: Failed to perform, curl: (6) getaddrinfo() thread failed to start. See https://curl.se/libcurl/c/libcurl-errors.html first for more details.
Failed to get ticker '067570.KS' reason: Failed to perform, curl: (6) getaddrinfo() thread failed to start. See https://curl.se/libcurl/c/libcurl-errors.html first for more details.
Failed to get ticker '069730.KQ' reason: Failed to perform, curl: (6) getaddrinfo() thread failed to start. See https://curl.se/libcurl/c/libcurl-errors.html first for more details.
$078079.KS: possibly delisted; no price data found  (period=3mo) (Yahoo error = "No data found, symbol may be delisted")

129 Failed downloads:
['073565.KS', '068790.KS', '067990.KS', '065660.KS', '068930.KS', '070590.KS', '065420.KS', '069510.KS', '066900.KS', '072020.KS', '078007.KQ', '067770.KS', '067160.KS', '067370.KS', '069260.KQ', '071670.KS', '069620.KQ', '065710.KS', '069080.KS', '067290.KS', '069739.KQ', '071285.KS', '069519.KS', '078077.KS', '075185.KQ', '068050.KS', '069735.KQ', '067287.KS', '067289.KS', '075130.KS', '065680.KS', '069410.KS', '071200.KS', '066410.KS', '075180.KQ', '069540.KS', '065570.KS', '076080.KS', '075189.KQ', '068760.KS', '077970.KQ', '072475.KS', '065510.KS', '064760.KS', '075580.KQ', '072950.KS', '065770.KS', '078070.KS', '065130.KS', '066627.KS', '071287.KS', '071320.KQ', '069330.KS', '067920.KS', '071090.KQ', '074430.KS', '078005.KQ', '069960.KQ', '075970.KS', '065370.KS', '073010.KS', '069737.KQ', '072770.KS', '072477.KS', '067280.KS', '069515.KS', '077500.KQ', '070300.KS', '067000.KS', '066670.KS', '072130.KQ', '064800.KS', '067170.KS', '064850.KS', '066700.KS', '073570.KS', '065350.KS', '075187.KQ', '067630.KS', '067900.KS', '067080.KS', '066310.KS', '072710.KQ', '069517.KS', '067830.KQ', '078150.KS', '078340.KS', '069140.KS', '068330.KS', '078075.KS', '073567.KS', '073490.KS', '073569.KS', '066629.KS', '078009.KQ', '078160.KS', '071850.KS', '074610.KQ', '069640.KQ', '067310.KS', '064820.KS', '067285.KS', '067010.KS', '069730.KQ', '067570.KS', '073640.KS']: TypeError("'NoneType' object is not subscriptable")
['071840.KQ', '065690.KS', '069460.KQ', '072479.KS', '071950.KQ', '066675.KS', '069920.KS', '066620.KS', '066570.KQ', '066679.KS', '065650.KS', '076610.KS', '078130.KS', '066625.KS', '068240.KS', '066910.KS', '066130.KS', '066430.KS', '067390.KS']: OperationalError('unable to open database file')
['066677.KS', '071289.KS', '078079.KS']: possibly delisted; no price data found  (period=3mo) (Yahoo error = "No data found, symbol may be delisted")
['068940.KS']: possibly delisted; no price data found  (period=3mo)
Failed to get ticker '088917.KS' reason: Failed to perform, curl: (6) getaddrinfo() thread failed to start. See https://curl.se/libcurl/c/libcurl-errors.html first for more details.
Failed to get ticker '092780.KQ' reason: Failed to perform, curl: (6) getaddrinfo() thread failed to start. See https://curl.se/libcurl/c/libcurl-errors.html first for more details.
Failed to get ticker '088919.KS' reason: Failed to perform, curl: (6) Could not resolve host: query2.finance.yahoo.com. See https://curl.se/libcurl/c/libcurl-errors.html first for more details.
Failed to get ticker '092440.KQ' reason: Failed to perform, curl: (6) getaddrinfo() thread failed to start. See https://curl.se/libcurl/c/libcurl-errors.html first for more details.
Failed to get ticker '092460.KS' reason: Failed to perform, curl: (6) getaddrinfo() thread failed to start. See https://curl.se/libcurl/c/libcurl-errors.html first for more details.
Failed to get ticker '091120.KS' reason: Failed to perform, curl: (6) getaddrinfo() thread failed to start. See https://curl.se/libcurl/c/libcurl-errors.html first for more details.
Failed to get ticker '078350.KS' reason: Failed to perform, curl: (6) Could not resolve host: query2.finance.yahoo.com. See https://curl.se/libcurl/c/libcurl-errors.html first for more details.
Failed to get ticker '082920.KS' reason: Failed to perform, curl: (6) getaddrinfo() thread failed to start. See https://curl.se/libcurl/c/libcurl-errors.html first for more details.
Failed to get ticker '086280.KQ' reason: Failed to perform, curl: (6) getaddrinfo() thread failed to start. See https://curl.se/libcurl/c/libcurl-errors.html first for more details.
Failed to get ticker '089150.KS' reason: Failed to perform, curl: (6) getaddrinfo() thread failed to start. See https://curl.se/libcurl/c/libcurl-errors.html first for more details.
Failed to get ticker '089230.KS' reason: Failed to perform, curl: (6) getaddrinfo() thread failed to start. See https://curl.se/libcurl/c/libcurl-errors.html first for more details.
Failed to get ticker '079965.KS' reason: Failed to perform, curl: (6) getaddrinfo() thread failed to start. See https://curl.se/libcurl/c/libcurl-errors.html first for more details.
Failed to get ticker '088290.KS' reason: Failed to perform, curl: (6) Could not resolve host: query2.finance.yahoo.com. See https://curl.se/libcurl/c/libcurl-errors.html first for more details.
Failed to get ticker '084670.KQ' reason: Failed to perform, curl: (6) getaddrinfo() thread failed to start. See https://curl.se/libcurl/c/libcurl-errors.html first for more details.
Failed to get ticker '092600.KS' reason: Failed to perform, curl: (6) getaddrinfo() thread failed to start. See https://curl.se/libcurl/c/libcurl-errors.html first for more details.
Failed to get ticker '089980.KS' reason: Failed to perform, curl: (6) getaddrinfo() thread failed to start. See https://curl.se/libcurl/c/libcurl-errors.html first for more details.
Failed to get ticker '082850.KS' reason: Failed to perform, curl: (6) getaddrinfo() thread failed to start. See https://curl.se/libcurl/c/libcurl-errors.html first for more details.
Failed to get ticker '083500.KS' reason: Failed to perform, curl: (6) getaddrinfo() thread failed to start. See https://curl.se/libcurl/c/libcurl-errors.html first for more details.
Failed to get ticker '079967.KS' reason: Failed to perform, curl: (6) Could not resolve host: query2.finance.yahoo.com. See https://curl.se/libcurl/c/libcurl-errors.html first for more details.
Failed to get ticker '092309.KS' reason: unable to open database file
Failed to get ticker '084015.KQ' reason: Failed to perform, curl: (6) getaddrinfo() thread failed to start. See https://curl.se/libcurl/c/libcurl-errors.html first for more details.
Failed to get ticker '090080.KQ' reason: Failed to perform, curl: (6) getaddrinfo() thread failed to start. See https://curl.se/libcurl/c/libcurl-errors.html first for more details.
Failed to get ticker '078590.KS' reason: Failed to perform, curl: (6) Could not resolve host: query2.finance.yahoo.com. See https://curl.se/libcurl/c/libcurl-errors.html first for more details.
Failed to get ticker '086040.KS' reason: Failed to perform, curl: (6) getaddrinfo() thread failed to start. See https://curl.se/libcurl/c/libcurl-errors.html first for more details.
Failed to get ticker '090360.KS' reason: Failed to perform, curl: (6) Could not resolve host: query2.finance.yahoo.com. See https://curl.se/libcurl/c/libcurl-errors.html first for more details.
Failed to get ticker '085670.KS' reason: Failed to perform, curl: (6) getaddrinfo() thread failed to start. See https://curl.se/libcurl/c/libcurl-errors.html first for more details.
Failed to get ticker '083550.KS' reason: Failed to perform, curl: (77) error setting certificate verify locations:  CAfile: /Users/ajay/Library/Python/3.9/lib/python/site-packages/certifi/cacert.pem CApath: none. See https://curl.se/libcurl/c/libcurl-errors.html first for more details.
Failed to get ticker '079817.KS' reason: Failed to perform, curl: (6) getaddrinfo() thread failed to start. See https://curl.se/libcurl/c/libcurl-errors.html first for more details.
Failed to get ticker '086060.KS' reason: Failed to perform, curl: (6) getaddrinfo() thread failed to start. See https://curl.se/libcurl/c/libcurl-errors.html first for more details.
Failed to get ticker '091810.KQ' reason: Failed to perform, curl: (6) getaddrinfo() thread failed to start. See https://curl.se/libcurl/c/libcurl-errors.html first for more details.
Failed to get ticker '086820.KS' reason: Failed to perform, curl: (6) getaddrinfo() thread failed to start. See https://curl.se/libcurl/c/libcurl-errors.html first for more details.
Failed to get ticker '092190.KS' reason: Failed to perform, curl: (6) getaddrinfo() thread failed to start. See https://curl.se/libcurl/c/libcurl-errors.html first for more details.
Failed to get ticker '086670.KS' reason: Failed to perform, curl: (6) getaddrinfo() thread failed to start. See https://curl.se/libcurl/c/libcurl-errors.html first for more details.
Failed to get ticker '088390.KS' reason: Failed to perform, curl: (6) getaddrinfo() thread failed to start. See https://curl.se/libcurl/c/libcurl-errors.html first for more details.
Failed to get ticker '086710.KS' reason: Failed to perform, curl: (6) Could not resolve host: query2.finance.yahoo.com. See https://curl.se/libcurl/c/libcurl-errors.html first for more details.
Failed to get ticker '088135.KS' reason: Failed to perform, curl: (77) error setting certificate verify locations:  CAfile: /Users/ajay/Library/Python/3.9/lib/python/site-packages/certifi/cacert.pem CApath: none. See https://curl.se/libcurl/c/libcurl-errors.html first for more details.
Failed to get ticker '090460.KQ' reason: Failed to perform, curl: (6) Could not resolve host: query2.finance.yahoo.com. See https://curl.se/libcurl/c/libcurl-errors.html first for more details.
Failed to get ticker '088139.KS' reason: Failed to perform, curl: (6) Could not resolve host: query2.finance.yahoo.com. See https://curl.se/libcurl/c/libcurl-errors.html first for more details.
Failed to get ticker '079970.KS' reason: Failed to perform, curl: (6) getaddrinfo() thread failed to start. See https://curl.se/libcurl/c/libcurl-errors.html first for more details.
Failed to get ticker '079815.KS' reason: Failed to perform, curl: (6) Could not resolve host: query2.finance.yahoo.com. See https://curl.se/libcurl/c/libcurl-errors.html first for more details.
Failed to get ticker '078930.KQ' reason: Failed to perform, curl: (6) getaddrinfo() thread failed to start. See https://curl.se/libcurl/c/libcurl-errors.html first for more details.
Failed to get ticker '079190.KS' reason: Failed to perform, curl: (6) getaddrinfo() thread failed to start. See https://curl.se/libcurl/c/libcurl-errors.html first for more details.
Failed to get ticker '088340.KS' reason: Failed to perform, curl: (6) getaddrinfo() thread failed to start. See https://curl.se/libcurl/c/libcurl-errors.html first for more details.
Failed to get ticker '086520.KS' reason: Failed to perform, curl: (6) Could not resolve host: query2.finance.yahoo.com. See https://curl.se/libcurl/c/libcurl-errors.html first for more details.
Failed to get ticker '091970.KS' reason: Failed to perform, curl: (6) getaddrinfo() thread failed to start. See https://curl.se/libcurl/c/libcurl-errors.html first for more details.
Failed to get ticker '079980.KQ' reason: Failed to perform, curl: (6) getaddrinfo() thread failed to start. See https://curl.se/libcurl/c/libcurl-errors.html first for more details.
Failed to get ticker '084730.KS' reason: Failed to perform, curl: (6) getaddrinfo() thread failed to start. See https://curl.se/libcurl/c/libcurl-errors.html first for more details.
Failed to get ticker '088130.KS' reason: Failed to perform, curl: (6) getaddrinfo() thread failed to start. See https://curl.se/libcurl/c/libcurl-errors.html first for more details.
Failed to get ticker '079430.KQ' reason: Failed to perform, curl: (6) getaddrinfo() thread failed to start. See https://curl.se/libcurl/c/libcurl-errors.html first for more details.
Failed to get ticker '079370.KS' reason: Failed to perform, curl: (6) getaddrinfo() thread failed to start. See https://curl.se/libcurl/c/libcurl-errors.html first for more details.
Failed to get ticker '081660.KQ' reason: Failed to perform, curl: (6) getaddrinfo() thread failed to start. See https://curl.se/libcurl/c/libcurl-errors.html first for more details.
Failed to get ticker '084017.KQ' reason: Failed to perform, curl: (6) getaddrinfo() thread failed to start. See https://curl.se/libcurl/c/libcurl-errors.html first for more details.
Failed to get ticker '079550.KQ' reason: Failed to perform, curl: (6) getaddrinfo() thread failed to start. See https://curl.se/libcurl/c/libcurl-errors.html first for more details.
Failed to get ticker '080015.KS' reason: Failed to perform, curl: (6) getaddrinfo() thread failed to start. See https://curl.se/libcurl/c/libcurl-errors.html first for more details.
Failed to get ticker '083930.KS' reason: Failed to perform, curl: (6) getaddrinfo() thread failed to start. See https://curl.se/libcurl/c/libcurl-errors.html first for more details.
Failed to get ticker '083470.KS' reason: Failed to perform, curl: (6) getaddrinfo() thread failed to start. See https://curl.se/libcurl/c/libcurl-errors.html first for more details.
Failed to get ticker '080420.KS' reason: Failed to perform, curl: (6) getaddrinfo() thread failed to start. See https://curl.se/libcurl/c/libcurl-errors.html first for more details.
Failed to get ticker '088137.KS' reason: Failed to perform, curl: (6) Could not resolve host: query2.finance.yahoo.com. See https://curl.se/libcurl/c/libcurl-errors.html first for more details.
Failed to get ticker '080160.KS' reason: Failed to perform, curl: (6) getaddrinfo() thread failed to start. See https://curl.se/libcurl/c/libcurl-errors.html first for more details.
Failed to get ticker '080019.KS' reason: Failed to perform, curl: (6) getaddrinfo() thread failed to start. See https://curl.se/libcurl/c/libcurl-errors.html first for more details.
Failed to get ticker '088280.KS' reason: Failed to perform, curl: (6) Could not resolve host: query2.finance.yahoo.com. See https://curl.se/libcurl/c/libcurl-errors.html first for more details.
Failed to get ticker '080010.KS' reason: Failed to perform, curl: (6) Could not resolve host: query2.finance.yahoo.com. See https://curl.se/libcurl/c/libcurl-errors.html first for more details.
Failed to get ticker '079170.KS' reason: Failed to perform, curl: (6) getaddrinfo() thread failed to start. See https://curl.se/libcurl/c/libcurl-errors.html first for more details.
Failed to get ticker '089600.KS' reason: Failed to perform, curl: (6) getaddrinfo() thread failed to start. See https://curl.se/libcurl/c/libcurl-errors.html first for more details.
Failed to get ticker '089590.KQ' reason: Failed to perform, curl: (6) Could not resolve host: query2.finance.yahoo.com. See https://curl.se/libcurl/c/libcurl-errors.html first for more details.
Failed to get ticker '087010.KS' reason: Failed to perform, curl: (6) getaddrinfo() thread failed to start. See https://curl.se/libcurl/c/libcurl-errors.html first for more details.
Failed to get ticker '084440.KS' reason: Failed to perform, curl: (6) getaddrinfo() thread failed to start. See https://curl.se/libcurl/c/libcurl-errors.html first for more details.
Failed to get ticker '089850.KS' reason: Failed to perform, curl: (6) getaddrinfo() thread failed to start. See https://curl.se/libcurl/c/libcurl-errors.html first for more details.
Failed to get ticker '083420.KQ' reason: Failed to perform, curl: (6) getaddrinfo() thread failed to start. See https://curl.se/libcurl/c/libcurl-errors.html first for more details.
Failed to get ticker '090470.KS' reason: Failed to perform, curl: (6) getaddrinfo() thread failed to start. See https://curl.se/libcurl/c/libcurl-errors.html first for more details.
Failed to get ticker '089140.KS' reason: Failed to perform, curl: (6) getaddrinfo() thread failed to start. See https://curl.se/libcurl/c/libcurl-errors.html first for more details.
Failed to get ticker '083310.KS' reason: Failed to perform, curl: (6) Could not resolve host: query2.finance.yahoo.com. See https://curl.se/libcurl/c/libcurl-errors.html first for more details.
Failed to get ticker '084370.KS' reason: Failed to perform, curl: (6) getaddrinfo() thread failed to start. See https://curl.se/libcurl/c/libcurl-errors.html first for more details.
Failed to get ticker '092790.KQ' reason: Failed to perform, curl: (6) getaddrinfo() thread failed to start. See https://curl.se/libcurl/c/libcurl-errors.html first for more details.
Failed to get ticker '085910.KS' reason: Failed to perform, curl: (6) getaddrinfo() thread failed to start. See https://curl.se/libcurl/c/libcurl-errors.html first for more details.
Failed to get ticker '092040.KS' reason: Failed to perform, curl: (6) getaddrinfo() thread failed to start. See https://curl.se/libcurl/c/libcurl-errors.html first for more details.
Failed to get ticker '083660.KS' reason: Failed to perform, curl: (6) getaddrinfo() thread failed to start. See https://curl.se/libcurl/c/libcurl-errors.html first for more details.
Failed to get ticker '079160.KQ' reason: Failed to perform, curl: (6) getaddrinfo() thread failed to start. See https://curl.se/libcurl/c/libcurl-errors.html first for more details.
Failed to get ticker '084019.KQ' reason: Failed to perform, curl: (6) getaddrinfo() thread failed to start. See https://curl.se/libcurl/c/libcurl-errors.html first for more details.
Failed to get ticker '084650.KS' reason: Failed to perform, curl: (6) getaddrinfo() thread failed to start. See https://curl.se/libcurl/c/libcurl-errors.html first for more details.
Failed to get ticker '092070.KS' reason: Failed to perform, curl: (6) getaddrinfo() thread failed to start. See https://curl.se/libcurl/c/libcurl-errors.html first for more details.
Failed to get ticker '089860.KQ' reason: Failed to perform, curl: (6) getaddrinfo() thread failed to start. See https://curl.se/libcurl/c/libcurl-errors.html first for more details.
Failed to get ticker '084180.KS' reason: Failed to perform, curl: (6) getaddrinfo() thread failed to start. See https://curl.se/libcurl/c/libcurl-errors.html first for more details.
Failed to get ticker '083640.KS' reason: Failed to perform, curl: (6) getaddrinfo() thread failed to start. See https://curl.se/libcurl/c/libcurl-errors.html first for more details.
Failed to get ticker '080530.KS' reason: Failed to perform, curl: (6) getaddrinfo() thread failed to start. See https://curl.se/libcurl/c/libcurl-errors.html first for more details.
Failed to get ticker '085810.KS' reason: Failed to perform, curl: (6) getaddrinfo() thread failed to start. See https://curl.se/libcurl/c/libcurl-errors.html first for more details.
Failed to get ticker '081000.KQ' reason: Failed to perform, curl: (77) error setting certificate verify locations:  CAfile: /Users/ajay/Library/Python/3.9/lib/python/site-packages/certifi/cacert.pem CApath: none. See https://curl.se/libcurl/c/libcurl-errors.html first for more details.
$088135.KS: possibly delisted; no price data found  (period=3mo) (Yahoo error = "No data found, symbol may be delisted")
Failed to get ticker '086960.KS' reason: Failed to perform, curl: (6) getaddrinfo() thread failed to start. See https://curl.se/libcurl/c/libcurl-errors.html first for more details.
$088139.KS: possibly delisted; no price data found  (period=3mo) (Yahoo error = "No data found, symbol may be delisted")
Failed to get ticker '079900.KQ' reason: Failed to perform, curl: (6) getaddrinfo() thread failed to start. See https://curl.se/libcurl/c/libcurl-errors.html first for more details.
Failed to get ticker '091700.KS' reason: Failed to perform, curl: (6) getaddrinfo() thread failed to start. See https://curl.se/libcurl/c/libcurl-errors.html first for more details.
Failed to get ticker '078860.KS' reason: Failed to perform, curl: (6) getaddrinfo() thread failed to start. See https://curl.se/libcurl/c/libcurl-errors.html first for more details.
Failed to get ticker '092730.KS' reason: Failed to perform, curl: (6) getaddrinfo() thread failed to start. See https://curl.se/libcurl/c/libcurl-errors.html first for more details.
Failed to get ticker '086967.KS' reason: Failed to perform, curl: (6) getaddrinfo() thread failed to start. See https://curl.se/libcurl/c/libcurl-errors.html first for more details.
Failed to get ticker '083650.KS' reason: Failed to perform, curl: (6) getaddrinfo() thread failed to start. See https://curl.se/libcurl/c/libcurl-errors.html first for more details.
Failed to get ticker '084870.KQ' reason: Failed to perform, curl: (6) Could not resolve host: query2.finance.yahoo.com. See https://curl.se/libcurl/c/libcurl-errors.html first for more details.
Failed to get ticker '091590.KS' reason: Failed to perform, curl: (6) getaddrinfo() thread failed to start. See https://curl.se/libcurl/c/libcurl-errors.html first for more details.
Failed to get ticker '092870.KS' reason: Failed to perform, curl: (6) Could not resolve host: query2.finance.yahoo.com. See https://curl.se/libcurl/c/libcurl-errors.html first for more details.
Failed to get ticker '079819.KS' reason: Failed to perform, curl: (6) getaddrinfo() thread failed to start. See https://curl.se/libcurl/c/libcurl-errors.html first for more details.
Failed to get ticker '091440.KS' reason: Failed to perform, curl: (6) getaddrinfo() thread failed to start. See https://curl.se/libcurl/c/libcurl-errors.html first for more details.
Failed to get ticker '084990.KS' reason: Failed to perform, curl: (6) getaddrinfo() thread failed to start. See https://curl.se/libcurl/c/libcurl-errors.html first for more details.

137 Failed downloads:
['088917.KS', '088919.KS', '092440.KQ', '092460.KS', '092780.KQ', '078350.KS', '091120.KS', '082920.KS', '086280.KQ', '089150.KS', '089230.KS', '079965.KS', '084670.KQ', '088290.KS', '092600.KS', '089980.KS', '082850.KS', '083500.KS', '079967.KS', '092309.KS', '081150.KS', '090080.KQ', '080220.KS', '086040.KS', '090360.KS', '086980.KS', '085670.KS', '079817.KS', '086060.KS', '091810.KQ', '086820.KS', '092190.KS', '086670.KS', '086710.KS', '090460.KQ', '079970.KS', '079815.KS', '082740.KQ', '079190.KS', '088340.KS', '086520.KS', '078930.KQ', '091970.KS', '084730.KS', '079980.KQ', '079430.KQ', '088130.KS', '079370.KS', '081660.KQ', '084017.KQ', '081580.KS', '079550.KQ', '083930.KS', '080015.KS', '080420.KS', '083470.KS', '080160.KS', '088280.KS', '080019.KS', '080010.KS', '079170.KS', '089600.KS', '089590.KQ', '084440.KS', '087010.KS', '089850.KS', '083420.KQ', '089140.KS', '083310.KS', '084370.KS', '090470.KS', '085660.KS', '092790.KQ', '085910.KS', '092040.KS', '083660.KS', '079160.KQ', '084019.KQ', '084650.KS', '092070.KS', '089860.KQ', '084180.KS', '083640.KS', '080530.KS', '085810.KS', '079900.KQ', '092230.KQ', '091700.KS', '083790.KS', '078860.KS', '092730.KS', '086967.KS', '084870.KQ', '089010.KS', '083650.KS', '091590.KS', '092870.KS', '079819.KS', '088137.KS', '091440.KS', '084015.KQ']: TypeError("'NoneType' object is not subscriptable")
['084680.KQ', '089890.KS', '079810.KS', '089970.KS', '085310.KQ', '082210.KS', '080017.KS', '078890.KS', '086965.KS', '086900.KS', '084010.KQ', '088910.KS', '079969.KS', '091340.KS', '082800.KS', '086890.KS', '092305.KS', '083450.KS', '086450.KS', '090430.KQ', '088915.KS', '089030.KS', '078520.KQ', '080720.KS', '086969.KS', '092307.KS', '087600.KS', '088790.KQ', '090710.KS', '078600.KS', '088260.KQ', '090370.KQ', '089470.KQ', '088800.KS']: OperationalError('unable to open database file')
['088135.KS', '088139.KS']: possibly delisted; no price data found  (period=3mo) (Yahoo error = "No data found, symbol may be delisted")
positions request timed out
account updates for ACCOUNT_ALPHA request timed out

===== 2026-09-11 00:52 (desk) =====
[intl_dislocation_sweep] 128 shelf names dropped on a DEAD ledger verdict
[intl_dislocation_sweep] 2026-09-11: universe 8130 across 10 shelves · 9 local benchmarks
[intl_dislocation_sweep] swept 150/8139 — 127 priced (4s)
[intl_dislocation_sweep] swept 300/8139 — 252 priced (8s)
[intl_dislocation_sweep] swept 450/8139 — 314 priced (11s)
[intl_dislocation_sweep] swept 600/8139 — 322 priced (13s)
[intl_dislocation_sweep] swept 750/8139 — 331 priced (14s)
[intl_dislocation_sweep] swept 900/8139 — 332 priced (15s)
[intl_dislocation_sweep] swept 1050/8139 — 337 priced (17s)
[intl_dislocation_sweep] swept 1200/8139 — 342 priced (18s)
[intl_dislocation_sweep] swept 1350/8139 — 346 priced (20s)
[intl_dislocation_sweep] swept 1500/8139 — 350 priced (21s)
[intl_dislocation_sweep] swept 1650/8139 — 354 priced (23s)
[intl_dislocation_sweep] swept 1800/8139 — 356 priced (24s)
[intl_dislocation_sweep] swept 1950/8139 — 361 priced (25s)
[intl_dislocation_sweep] swept 2100/8139 — 372 priced (27s)
[intl_dislocation_sweep] swept 2250/8139 — 378 priced (28s)
[intl_dislocation_sweep] swept 2400/8139 — 383 priced (30s)
[intl_dislocation_sweep] swept 2550/8139 — 393 priced (31s)
[intl_dislocation_sweep] swept 2700/8139 — 401 priced (67s)
[intl_dislocation_sweep] swept 2850/8139 — 409 priced (69s)
[intl_dislocation_sweep] swept 3000/8139 — 420 priced (70s)
[intl_dislocation_sweep] swept 3150/8139 — 426 priced (72s)
[intl_dislocation_sweep] swept 3300/8139 — 437 priced (73s)
[intl_dislocation_sweep] swept 3450/8139 — 447 priced (74s)
[intl_dislocation_sweep] swept 3600/8139 — 454 priced (76s)
[intl_dislocation_sweep] swept 3750/8139 — 467 priced (77s)
[intl_dislocation_sweep] swept 3900/8139 — 479 priced (78s)
[intl_dislocation_sweep] swept 4050/8139 — 494 priced (79s)
[intl_dislocation_sweep] swept 4200/8139 — 506 priced (81s)
[intl_dislocation_sweep] swept 4350/8139 — 519 priced (82s)
[intl_dislocation_sweep] swept 4500/8139 — 535 priced (83s)
[intl_dislocation_sweep] swept 4650/8139 — 545 priced (85s)
[intl_dislocation_sweep] swept 4800/8139 — 554 priced (86s)
[intl_dislocation_sweep] swept 4950/8139 — 568 priced (87s)
[intl_dislocation_sweep] swept 5100/8139 — 583 priced (89s)
[intl_dislocation_sweep] swept 5250/8139 — 597 priced (90s)
[intl_dislocation_sweep] swept 5400/8139 — 610 priced (91s)
[intl_dislocation_sweep] swept 5550/8139 — 623 priced (93s)
[intl_dislocation_sweep] swept 5700/8139 — 638 priced (94s)
[intl_dislocation_sweep] swept 5850/8139 — 649 priced (95s)
[intl_dislocation_sweep] swept 6000/8139 — 660 priced (96s)
[intl_dislocation_sweep] swept 6150/8139 — 672 priced (98s)
[intl_dislocation_sweep] swept 6300/8139 — 687 priced (99s)
[intl_dislocation_sweep] swept 6450/8139 — 703 priced (101s)
[intl_dislocation_sweep] swept 6600/8139 — 722 priced (102s)
[intl_dislocation_sweep] swept 6750/8139 — 737 priced (104s)
[intl_dislocation_sweep] swept 6900/8139 — 753 priced (105s)
[intl_dislocation_sweep] swept 7050/8139 — 767 priced (106s)
[intl_dislocation_sweep] swept 7200/8139 — 780 priced (108s)
[intl_dislocation_sweep] swept 7350/8139 — 795 priced (109s)
[intl_dislocation_sweep] swept 7500/8139 — 812 priced (110s)
[intl_dislocation_sweep] swept 7650/8139 — 822 priced (147s)
[intl_dislocation_sweep] swept 7800/8139 — 838 priced (148s)
[intl_dislocation_sweep] swept 7950/8139 — 852 priced (149s)
[intl_dislocation_sweep] swept 8100/8139 — 872 priced (151s)
[intl_dislocation_sweep] swept 8139/8139 — 876 priced (152s)
[intl_dislocation_sweep] retrying 7259 unpriced via 4074 alternate suffix forms
DETFIRE|intl_dislocation|000040.KS|HIGH|UNRESEARCHED (krx_universe shelf) fell -12.1%/5d -6.4%/21d = -12.1/-6.4pp vs UNAVAILABLE(raw) @ 1152.00. ENQUEUE-CANDIDATE: not in the research ledger — propose intake (court queue), not a position; — PROPOSES ONLY: cause-check -> discovery_state -> court (v1.4) before any staging; a shallow 'no cause found' is beta, not a dislocation
DETFIRE|intl_dislocation|0009K0.KQ|MED|UNRESEARCHED (krx_universe shelf) fell -3.4%/5d -17.5%/21d = -3.4/-17.5pp vs UNAVAILABLE(raw) @ 22650.00. ENQUEUE-CANDIDATE: not in the research ledger — propose intake (court queue), not a position; — PROPOSES ONLY: cause-check -> discovery_state -> court (v1.4) before any staging; a shallow 'no cause found' is beta, not a dislocation
DETFIRE|intl_dislocation|001000.KQ|HIGH|UNRESEARCHED (krx_universe shelf) fell -5.2%/5d -20.4%/21d = -5.2/-20.4pp vs UNAVAILABLE(raw) @ 2190.00. ENQUEUE-CANDIDATE: not in the research ledger — propose intake (court queue), not a position; — PROPOSES ONLY: cause-check -> discovery_state -> court (v1.4) before any staging; a shallow 'no cause found' is beta, not a dislocation
DETFIRE|intl_dislocation|001020.KS|MED|UNRESEARCHED (krx_universe shelf) fell -8.9%/5d +13.8%/21d = -8.9/+13.8pp vs UNAVAILABLE(raw) @ 2240.00. ENQUEUE-CANDIDATE: not in the research ledger — propose intake (court queue), not a position; — PROPOSES ONLY: cause-check -> discovery_state -> court (v1.4) before any staging; a shallow 'no cause found' is beta, not a dislocation
DETFIRE|intl_dislocation|001540.KQ|MED|UNRESEARCHED (krx_universe shelf) fell -3.1%/5d -19.4%/21d = -3.1/-19.4pp vs UNAVAILABLE(raw) @ 10160.00. ENQUEUE-CANDIDATE: not in the research ledger — propose intake (court queue), not a position; — PROPOSES ONLY: cause-check -> discovery_state -> court (v1.4) before any staging; a shallow 'no cause found' is beta, not a dislocation
DETFIRE|intl_dislocation|001740.KS|HIGH|UNRESEARCHED (krx_universe shelf) fell -0.2%/5d -20.4%/21d = -0.2/-20.4pp vs UNAVAILABLE(raw) @ 6390.00. ENQUEUE-CANDIDATE: not in the research ledger — propose intake (court queue), not a position; — PROPOSES ONLY: cause-check -> discovery_state -> court (v1.4) before any staging; a shallow 'no cause found' is beta, not a dislocation
DETFIRE|intl_dislocation|001780.KS|MED|UNRESEARCHED (krx_universe shelf) fell +0.6%/5d -16.0%/21d = +0.6/-16.0pp vs UNAVAILABLE(raw) @ 1604.00. ENQUEUE-CANDIDATE: not in the research ledger — propose intake (court queue), not a position; — PROPOSES ONLY: cause-check -> discovery_state -> court (v1.4) before any staging; a shallow 'no cause found' is beta, not a dislocation
DETFIRE|intl_dislocation|002820.KS|HIGH|UNRESEARCHED (krx_universe shelf) fell -12.8%/5d -13.6%/21d = -12.8/-13.6pp vs UNAVAILABLE(raw) @ 1483.00. ENQUEUE-CANDIDATE: not in the research ledger — propose intake (court queue), not a position; — PROPOSES ONLY: cause-check -> discovery_state -> court (v1.4) before any staging; a shallow 'no cause found' is beta, not a dislocation
DETFIRE|intl_dislocation|002880.KS|MED|UNRESEARCHED (krx_universe shelf) fell -6.4%/5d -18.9%/21d = -6.4/-18.9pp vs UNAVAILABLE(raw) @ 3525.00. ENQUEUE-CANDIDATE: not in the research ledger — propose intake (court queue), not a position; — PROPOSES ONLY: cause-check -> discovery_state -> court (v1.4) before any staging; a shallow 'no cause found' is beta, not a dislocation
DETFIRE|intl_dislocation|002990.KS|MED|UNRESEARCHED (krx_universe shelf) fell -8.6%/5d -1.5%/21d = -8.6/-1.5pp vs UNAVAILABLE(raw) @ 14710.00. ENQUEUE-CANDIDATE: not in the research ledger — propose intake (court queue), not a position; — PROPOSES ONLY: cause-check -> discovery_state -> court (v1.4) before any staging; a shallow 'no cause found' is beta, not a dislocation
DETFIRE|intl_dislocation|003060.KS|HIGH|UNRESEARCHED (krx_universe shelf) fell -7.2%/5d -21.2%/21d = -7.2/-21.2pp vs UNAVAILABLE(raw) @ 1679.00. ENQUEUE-CANDIDATE: not in the research ledger — propose intake (court queue), not a position; — PROPOSES ONLY: cause-check -> discovery_state -> court (v1.4) before any staging; a shallow 'no cause found' is beta, not a dislocation
DETFIRE|intl_dislocation|003230.KS|MED|UNRESEARCHED (krx_universe shelf) fell -9.8%/5d +6.4%/21d = -9.8/+6.4pp vs UNAVAILABLE(raw) @ 1278000.00. ENQUEUE-CANDIDATE: not in the research ledger — propose intake (court queue), not a position; — PROPOSES ONLY: cause-check -> discovery_state -> court (v1.4) before any staging; a shallow 'no cause found' is beta, not a dislocation
DETFIRE|intl_dislocation|003520.KS|MED|UNRESEARCHED (krx_universe shelf) fell -5.9%/5d -17.8%/21d = -5.9/-17.8pp vs UNAVAILABLE(raw) @ 1050.00. ENQUEUE-CANDIDATE: not in the research ledger — propose intake (court queue), not a position; — PROPOSES ONLY: cause-check -> discovery_state -> court (v1.4) before any staging; a shallow 'no cause found' is beta, not a dislocation
DETFIRE|intl_dislocation|003680.KS|HIGH|UNRESEARCHED (krx_universe shelf) fell +1.7%/5d -23.7%/21d = +1.7/-23.7pp vs UNAVAILABLE(raw) @ 4900.00. ENQUEUE-CANDIDATE: not in the research ledger — propose intake (court queue), not a position; — PROPOSES ONLY: cause-check -> discovery_state -> court (v1.4) before any staging; a shallow 'no cause found' is beta, not a dislocation
DETFIRE|intl_dislocation|004060.KS|MED|UNRESEARCHED (krx_universe shelf) fell -3.1%/5d -16.4%/21d = -3.1/-16.4pp vs UNAVAILABLE(raw) @ 2225.00. ENQUEUE-CANDIDATE: not in the research ledger — propose intake (court queue), not a position; — PROPOSES ONLY: cause-check -> discovery_state -> court (v1.4) before any staging; a shallow 'no cause found' is beta, not a dislocation
DETFIRE|intl_dislocation|005360.KS|HIGH|UNRESEARCHED (krx_universe shelf) fell -2.1%/5d -28.9%/21d = -2.1/-28.9pp vs UNAVAILABLE(raw) @ 1325.00. ENQUEUE-CANDIDATE: not in the research ledger — propose intake (court queue), not a position; — PROPOSES ONLY: cause-check -> discovery_state -> court (v1.4) before any staging; a shallow 'no cause found' is beta, not a dislocation
DETFIRE|intl_dislocation|005950.KS|HIGH|UNRESEARCHED (krx_universe shelf) fell -3.6%/5d -21.1%/21d = -3.6/-21.1pp vs UNAVAILABLE(raw) @ 11360.00. ENQUEUE-CANDIDATE: not in the research ledger — propose intake (court queue), not a position; — PROPOSES ONLY: cause-check -> discovery_state -> court (v1.4) before any staging; a shallow 'no cause found' is beta, not a dislocation
DETFIRE|intl_dislocation|006370.KS|HIGH|UNRESEARCHED (krx_universe shelf) fell -10.6%/5d -29.4%/21d = -10.6/-29.4pp vs UNAVAILABLE(raw) @ 3200.00. ENQUEUE-CANDIDATE: not in the research ledger — propose intake (court queue), not a position; — PROPOSES ONLY: cause-check -> discovery_state -> court (v1.4) before any staging; a shallow 'no cause found' is beta, not a dislocation
DETFIRE|intl_dislocation|007120.KS|HIGH|UNRESEARCHED (krx_universe shelf) fell -9.3%/5d -25.2%/21d = -9.3/-25.2pp vs UNAVAILABLE(raw) @ 1060.00. ENQUEUE-CANDIDATE: not in the research ledger — propose intake (court queue), not a position; — PROPOSES ONLY: cause-check -> discovery_state -> court (v1.4) before any staging; a shallow 'no cause found' is beta, not a dislocation
DETFIRE|intl_dislocation|007460.KS|HIGH|UNRESEARCHED (krx_universe shelf) fell -6.0%/5d -24.3%/21d = -6.0/-24.3pp vs UNAVAILABLE(raw) @ 2030.00. ENQUEUE-CANDIDATE: not in the research ledger — propose intake (court queue), not a position; — PROPOSES ONLY: cause-check -> discovery_state -> court (v1.4) before any staging; a shallow 'no cause found' is beta, not a dislocation
DETFIRE|intl_dislocation|007720.KQ|MED|UNRESEARCHED (krx_universe shelf) fell -5.9%/5d -17.2%/21d = -5.9/-17.2pp vs UNAVAILABLE(raw) @ 1185.00. ENQUEUE-CANDIDATE: not in the research ledger — propose intake (court queue), not a position; — PROPOSES ONLY: cause-check -> discovery_state -> court (v1.4) before any staging; a shallow 'no cause found' is beta, not a dislocation
DETFIRE|intl_dislocation|007810.KS|MED|UNRESEARCHED (krx_universe shelf) fell +0.2%/5d -19.4%/21d = +0.2/-19.4pp vs UNAVAILABLE(raw) @ 51100.00. ENQUEUE-CANDIDATE: not in the research ledger — propose intake (court queue), not a position; — PROPOSES ONLY: cause-check -> discovery_state -> court (v1.4) before any staging; a shallow 'no cause found' is beta, not a dislocation
DETFIRE|intl_dislocation|007820.KQ|HIGH|UNRESEARCHED (krx_universe shelf) fell -6.6%/5d -21.1%/21d = -6.6/-21.1pp vs UNAVAILABLE(raw) @ 3615.00. ENQUEUE-CANDIDATE: not in the research ledger — propose intake (court queue), not a position; — PROPOSES ONLY: cause-check -> discovery_state -> court (v1.4) before any staging; a shallow 'no cause found' is beta, not a dislocation
DETFIRE|intl_dislocation|008290.KQ|HIGH|UNRESEARCHED (krx_universe shelf) fell -68.6%/5d -62.7%/21d = -68.6/-62.7pp vs UNAVAILABLE(raw) @ 134.00. SUSPECT — a single session of -45% is usually an unadjusted CORPORATE ACTION (split, consolidation, delisting stub), not a tape move: verify the split/CA history before treating this as a dislocation; ENQUEUE-CANDIDATE: not in the research ledger — propose intake (court queue), not a position; — PROPOSES ONLY: cause-check -> discovery_state -> court (v1.4) before any staging; a shallow 'no cause found' is beta, not a dislocation
DETFIRE|intl_dislocation|008490.KS|HIGH|UNRESEARCHED (krx_universe shelf) fell -2.4%/5d -24.1%/21d = -2.4/-24.1pp vs UNAVAILABLE(raw) @ 20750.00. ENQUEUE-CANDIDATE: not in the research ledger — propose intake (court queue), not a position; — PROPOSES ONLY: cause-check -> discovery_state -> court (v1.4) before any staging; a shallow 'no cause found' is beta, not a dislocation
DETFIRE|intl_dislocation|009420.KS|MED|UNRESEARCHED (krx_universe shelf) fell -8.4%/5d -10.1%/21d = -8.4/-10.1pp vs UNAVAILABLE(raw) @ 50100.00. ENQUEUE-CANDIDATE: not in the research ledger — propose intake (court queue), not a position; — PROPOSES ONLY: cause-check -> discovery_state -> court (v1.4) before any staging; a shallow 'no cause found' is beta, not a dislocation
DETFIRE|intl_dislocation|009460.KS|MED|UNRESEARCHED (krx_universe shelf) fell -2.9%/5d -18.4%/21d = -2.9/-18.4pp vs UNAVAILABLE(raw) @ 2660.00. ENQUEUE-CANDIDATE: not in the research ledger — propose intake (court queue), not a position; — PROPOSES ONLY: cause-check -> discovery_state -> court (v1.4) before any staging; a shallow 'no cause found' is beta, not a dislocation
DETFIRE|intl_dislocation|009830.KS|MED|UNRESEARCHED (krx_universe shelf) fell -0.8%/5d -16.5%/21d = -0.8/-16.5pp vs UNAVAILABLE(raw) @ 29800.00. ENQUEUE-CANDIDATE: not in the research ledger — propose intake (court queue), not a position; — PROPOSES ONLY: cause-check -> discovery_state -> court (v1.4) before any staging; a shallow 'no cause found' is beta, not a dislocation
DETFIRE|intl_dislocation|010640.KS|MED|UNRESEARCHED (krx_universe shelf) fell -10.2%/5d +6.8%/21d = -10.2/+6.8pp vs UNAVAILABLE(raw) @ 1904.00. ENQUEUE-CANDIDATE: not in the research ledger — propose intake (court queue), not a position; — PROPOSES ONLY: cause-check -> discovery_state -> court (v1.4) before any staging; a shallow 'no cause found' is beta, not a dislocation
DETFIRE|intl_dislocation|028300.KQ|HIGH|UNRESEARCHED (krx_universe shelf) fell -3.5%/5d -24.6%/21d = -3.5/-24.6pp vs UNAVAILABLE(raw) @ 31650.00. ENQUEUE-CANDIDATE: not in the research ledger — propose intake (court queue), not a position; — PROPOSES ONLY: cause-check -> discovery_state -> court (v1.4) before any staging; a shallow 'no cause found' is beta, not a dislocation
DETFIRE|intl_dislocation|036620.KQ|MED|UNRESEARCHED (krx_universe shelf) fell +2.3%/5d -17.8%/21d = +2.3/-17.8pp vs UNAVAILABLE(raw) @ 3850.00. ENQUEUE-CANDIDATE: not in the research ledger — propose intake (court queue), not a position; — PROPOSES ONLY: cause-check -> discovery_state -> court (v1.4) before any staging; a shallow 'no cause found' is beta, not a dislocation
DETFIRE|intl_dislocation|041830.KQ|MED|UNRESEARCHED (krx_universe shelf) fell -2.2%/5d -16.6%/21d = -2.2/-16.6pp vs UNAVAILABLE(raw) @ 58300.00. ENQUEUE-CANDIDATE: not in the research ledger — propose intake (court queue), not a position; — PROPOSES ONLY: cause-check -> discovery_state -> court (v1.4) before any staging; a shallow 'no cause found' is beta, not a dislocation
DETFIRE|intl_dislocation|044480.KQ|MED|UNRESEARCHED (krx_universe shelf) fell -8.2%/5d -12.0%/21d = -8.2/-12.0pp vs UNAVAILABLE(raw) @ 3765.00. ENQUEUE-CANDIDATE: not in the research ledger — propose intake (court queue), not a position; — PROPOSES ONLY: cause-check -> discovery_state -> court (v1.4) before any staging; a shallow 'no cause found' is beta, not a dislocation
DETFIRE|intl_dislocation|047920.KQ|HIGH|UNRESEARCHED (krx_universe shelf) fell -15.8%/5d -24.6%/21d = -15.8/-24.6pp vs UNAVAILABLE(raw) @ 6630.00. ENQUEUE-CANDIDATE: not in the research ledger — propose intake (court queue), not a position; — PROPOSES ONLY: cause-check -> discovery_state -> court (v1.4) before any staging; a shallow 'no cause found' is beta, not a dislocation
DETFIRE|intl_dislocation|051370.KQ|MED|UNRESEARCHED (krx_universe shelf) fell -3.6%/5d -16.6%/21d = -3.6/-16.6pp vs UNAVAILABLE(raw) @ 6120.00. ENQUEUE-CANDIDATE: not in the research ledger — propose intake (court queue), not a position; — PROPOSES ONLY: cause-check -> discovery_state -> court (v1.4) before any staging; a shallow 'no cause found' is beta, not a dislocation
DETFIRE|intl_dislocation|055490.KS|MED|UNRESEARCHED (krx_universe shelf) fell -8.8%/5d +11.2%/21d = -8.8/+11.2pp vs UNAVAILABLE(raw) @ 15630.00. ENQUEUE-CANDIDATE: not in the research ledger — propose intake (court queue), not a position; — PROPOSES ONLY: cause-check -> discovery_state -> court (v1.4) before any staging; a shallow 'no cause found' is beta, not a dislocation
DETFIRE|intl_dislocation|060900.KQ|HIGH|UNRESEARCHED (krx_universe shelf) fell -6.6%/5d -21.1%/21d = -6.6/-21.1pp vs UNAVAILABLE(raw) @ 3410.00. ENQUEUE-CANDIDATE: not in the research ledger — propose intake (court queue), not a position; — PROPOSES ONLY: cause-check -> discovery_state -> court (v1.4) before any staging; a shallow 'no cause found' is beta, not a dislocation
DETFIRE|intl_dislocation|061090.KQ|MED|UNRESEARCHED (krx_universe shelf) fell -7.9%/5d -17.1%/21d = -7.9/-17.1pp vs UNAVAILABLE(raw) @ 37200.00. ENQUEUE-CANDIDATE: not in the research ledger — propose intake (court queue), not a position; — PROPOSES ONLY: cause-check -> discovery_state -> court (v1.4) before any staging; a shallow 'no cause found' is beta, not a dislocation
DETFIRE|intl_dislocation|090710.KQ|MED|UNRESEARCHED (krx_universe shelf) fell -1.1%/5d -17.8%/21d = -1.1/-17.8pp vs UNAVAILABLE(raw) @ 6200.00. ENQUEUE-CANDIDATE: not in the research ledger — propose intake (court queue), not a position; — PROPOSES ONLY: cause-check -> discovery_state -> court (v1.4) before any staging; a shallow 'no cause found' is beta, not a dislocation
DETFIRE|intl_dislocation|166090.KQ|MED|UNRESEARCHED (krx_universe shelf) fell +4.6%/5d -17.7%/21d = +4.6/-17.7pp vs UNAVAILABLE(raw) @ 52200.00. ENQUEUE-CANDIDATE: not in the research ledger — propose intake (court queue), not a position; — PROPOSES ONLY: cause-check -> discovery_state -> court (v1.4) before any staging; a shallow 'no cause found' is beta, not a dislocation
DETFIRE|intl_dislocation|181710.KS|HIGH|UNRESEARCHED (krx_universe shelf) fell -21.1%/5d -8.0%/21d = -21.1/-8.0pp vs UNAVAILABLE(raw) @ 56400.00. ENQUEUE-CANDIDATE: not in the research ledger — propose intake (court queue), not a position; — PROPOSES ONLY: cause-check -> discovery_state -> court (v1.4) before any staging; a shallow 'no cause found' is beta, not a dislocation
DETFIRE|intl_dislocation|187420.KQ|MED|UNRESEARCHED (krx_universe shelf) fell -8.2%/5d -9.9%/21d = -8.2/-9.9pp vs UNAVAILABLE(raw) @ 1807.00. ENQUEUE-CANDIDATE: not in the research ledger — propose intake (court queue), not a position; — PROPOSES ONLY: cause-check -> discovery_state -> court (v1.4) before any staging; a shallow 'no cause found' is beta, not a dislocation
DETFIRE|intl_dislocation|209640.KQ|MED|UNRESEARCHED (krx_universe shelf) fell +0.5%/5d -15.4%/21d = +0.5/-15.4pp vs UNAVAILABLE(raw) @ 3085.00. ENQUEUE-CANDIDATE: not in the research ledger — propose intake (court queue), not a position; — PROPOSES ONLY: cause-check -> discovery_state -> court (v1.4) before any staging; a shallow 'no cause found' is beta, not a dislocation
DETFIRE|intl_dislocation|340360.KQ|MED|UNRESEARCHED (krx_universe shelf) fell -11.3%/5d -0.6%/21d = -11.3/-0.6pp vs UNAVAILABLE(raw) @ 900.00. ENQUEUE-CANDIDATE: not in the research ledger — propose intake (court queue), not a position; — PROPOSES ONLY: cause-check -> discovery_state -> court (v1.4) before any staging; a shallow 'no cause found' is beta, not a dislocation
DETFIRE|intl_dislocation|380550.KQ|HIGH|UNRESEARCHED (krx_universe shelf) fell -5.0%/5d -22.2%/21d = -5.0/-22.2pp vs UNAVAILABLE(raw) @ 6970.00. ENQUEUE-CANDIDATE: not in the research ledger — propose intake (court queue), not a position; — PROPOSES ONLY: cause-check -> discovery_state -> court (v1.4) before any staging; a shallow 'no cause found' is beta, not a dislocation
DETFIRE|intl_dislocation|424870.KQ|MED|UNRESEARCHED (krx_universe shelf) fell -4.7%/5d -18.0%/21d = -4.7/-18.0pp vs UNAVAILABLE(raw) @ 2755.00. ENQUEUE-CANDIDATE: not in the research ledger — propose intake (court queue), not a position; — PROPOSES ONLY: cause-check -> discovery_state -> court (v1.4) before any staging; a shallow 'no cause found' is beta, not a dislocation
DETFIRE|intl_dislocation|451220.KQ|HIGH|UNRESEARCHED (krx_universe shelf) fell -4.0%/5d -22.5%/21d = -4.0/-22.5pp vs UNAVAILABLE(raw) @ 7980.00. ENQUEUE-CANDIDATE: not in the research ledger — propose intake (court queue), not a position; — PROPOSES ONLY: cause-check -> discovery_state -> court (v1.4) before any staging; a shallow 'no cause found' is beta, not a dislocation
DETFIRE|intl_dislocation|462350.KQ|HIGH|UNRESEARCHED (krx_universe shelf) fell +4.9%/5d -24.9%/21d = +4.9/-24.9pp vs UNAVAILABLE(raw) @ 6050.00. ENQUEUE-CANDIDATE: not in the research ledger — propose intake (court queue), not a position; — PROPOSES ONLY: cause-check -> discovery_state -> court (v1.4) before any staging; a shallow 'no cause found' is beta, not a dislocation
DETFIRE|intl_dislocation|481070.KQ|HIGH|UNRESEARCHED (krx_universe shelf) fell -13.0%/5d -20.9%/21d = -13.0/-20.9pp vs UNAVAILABLE(raw) @ 15100.00. ENQUEUE-CANDIDATE: not in the research ledger — propose intake (court queue), not a position; — PROPOSES ONLY: cause-check -> discovery_state -> court (v1.4) before any staging; a shallow 'no cause found' is beta, not a dislocation
DETFIRE|intl_dislocation|482630.KQ|HIGH|UNRESEARCHED (krx_universe shelf) fell -2.7%/5d -21.5%/21d = -2.7/-21.5pp vs UNAVAILABLE(raw) @ 12320.00. ENQUEUE-CANDIDATE: not in the research ledger — propose intake (court queue), not a position; — PROPOSES ONLY: cause-check -> discovery_state -> court (v1.4) before any staging; a shallow 'no cause found' is beta, not a dislocation
DETFIRE|intl_dislocation|4960.T|HIGH|UNRESEARCHED (japan_edinet shelf) fell -14.7%/5d +3.3%/21d = -13.2/+9.6pp vs ^N225 @ 562.00. ENQUEUE-CANDIDATE: not in the research ledger — propose intake (court queue), not a position; — PROPOSES ONLY: cause-check -> discovery_state -> court (v1.4) before any staging; a shallow 'no cause found' is beta, not a dislocation
DETFIRE|intl_dislocation|6707.T|MED|UNRESEARCHED (japan_edinet shelf) fell -2.9%/5d -24.1%/21d = -1.3/-17.8pp vs ^N225 @ 6610.00. ENQUEUE-CANDIDATE: not in the research ledger — propose intake (court queue), not a position; — PROPOSES ONLY: cause-check -> discovery_state -> court (v1.4) before any staging; a shallow 'no cause found' is beta, not a dislocation
DETFIRE|intl_dislocation|900300.KQ|MED|UNRESEARCHED (krx_universe shelf) fell -8.7%/5d +12.8%/21d = -8.7/+12.8pp vs UNAVAILABLE(raw) @ 3315.00. ENQUEUE-CANDIDATE: not in the research ledger — propose intake (court queue), not a position; — PROPOSES ONLY: cause-check -> discovery_state -> court (v1.4) before any staging; a shallow 'no cause found' is beta, not a dislocation
DETFIRE|intl_dislocation|ABF.L|MED|UNRESEARCHED (lse_universe shelf) fell -8.8%/5d -10.2%/21d = -8.8/-10.2pp vs UNAVAILABLE(raw) @ 1861.00. ENQUEUE-CANDIDATE: not in the research ledger — propose intake (court queue), not a position; — PROPOSES ONLY: cause-check -> discovery_state -> court (v1.4) before any staging; a shallow 'no cause found' is beta, not a dislocation
DETFIRE|intl_dislocation|ABS.OL|MED|UNRESEARCHED (euronext_universe shelf) fell -3.5%/5d -16.7%/21d = -3.5/-16.7pp vs UNAVAILABLE(raw) @ 2.50. ENQUEUE-CANDIDATE: not in the research ledger — propose intake (court queue), not a position; — PROPOSES ONLY: cause-check -> discovery_state -> court (v1.4) before any staging; a shallow 'no cause found' is beta, not a dislocation
DETFIRE|intl_dislocation|AERS.L|MED|UNRESEARCHED (lse_universe shelf) fell -9.8%/5d +0.4%/21d = -9.8/+0.4pp vs UNAVAILABLE(raw) @ 0.14. ENQUEUE-CANDIDATE: not in the research ledger — propose intake (court queue), not a position; — PROPOSES ONLY: cause-check -> discovery_state -> court (v1.4) before any staging; a shallow 'no cause found' is beta, not a dislocation
DETFIRE|intl_dislocation|ALAUD.PA|MED|UNRESEARCHED (euronext_universe shelf) fell -8.0%/5d +14.7%/21d = -8.0/+14.7pp vs UNAVAILABLE(raw) @ 4.60. ENQUEUE-CANDIDATE: not in the research ledger — propose intake (court queue), not a position; — PROPOSES ONLY: cause-check -> discovery_state -> court (v1.4) before any staging; a shallow 'no cause found' is beta, not a dislocation
DETFIRE|intl_dislocation|ALNA.L|MED|UNRESEARCHED (lse_universe shelf) fell -11.1%/5d -19.6%/21d = -11.1/-19.6pp vs UNAVAILABLE(raw) @ 8.00. ENQUEUE-CANDIDATE: not in the research ledger — propose intake (court queue), not a position; — PROPOSES ONLY: cause-check -> discovery_state -> court (v1.4) before any staging; a shallow 'no cause found' is beta, not a dislocation
DETFIRE|intl_dislocation|ALTOO.PA|MED|UNRESEARCHED (euronext_universe shelf) fell +25.0%/5d -16.7%/21d = +25.0/-16.7pp vs UNAVAILABLE(raw) @ 0.00. ENQUEUE-CANDIDATE: not in the research ledger — propose intake (court queue), not a position; — PROPOSES ONLY: cause-check -> discovery_state -> court (v1.4) before any staging; a shallow 'no cause found' is beta, not a dislocation
DETFIRE|intl_dislocation|ALVAZ.PA|MED|UNRESEARCHED (euronext_universe shelf) fell -9.7%/5d -10.3%/21d = -9.7/-10.3pp vs UNAVAILABLE(raw) @ 28.00. ENQUEUE-CANDIDATE: not in the research ledger — propose intake (court queue), not a position; — PROPOSES ONLY: cause-check -> discovery_state -> court (v1.4) before any staging; a shallow 'no cause found' is beta, not a dislocation
DETFIRE|intl_dislocation|ASKER.ST|HIGH|UNRESEARCHED (euronext_universe shelf) fell -21.1%/5d -28.6%/21d = -21.1/-28.6pp vs UNAVAILABLE(raw) @ 57.15. ENQUEUE-CANDIDATE: not in the research ledger — propose intake (court queue), not a position; — PROPOSES ONLY: cause-check -> discovery_state -> court (v1.4) before any staging; a shallow 'no cause found' is beta, not a dislocation
DETFIRE|intl_dislocation|BCG.L|HIGH|UNRESEARCHED (lse_universe shelf) fell -7.4%/5d -98.8%/21d = -7.4/-98.8pp vs UNAVAILABLE(raw) @ 2.47. SUSPECT — a single session of -99% is usually an unadjusted CORPORATE ACTION (split, consolidation, delisting stub), not a tape move: verify the split/CA history before treating this as a dislocation; ENQUEUE-CANDIDATE: not in the research ledger — propose intake (court queue), not a position; — PROPOSES ONLY: cause-check -> discovery_state -> court (v1.4) before any staging; a shallow 'no cause found' is beta, not a dislocation
DETFIRE|intl_dislocation|BLINC-B.ST|HIGH|UNRESEARCHED (euronext_universe shelf) fell -10.4%/5d -21.5%/21d = -10.4/-21.5pp vs UNAVAILABLE(raw) @ 0.08. ENQUEUE-CANDIDATE: not in the research ledger — propose intake (court queue), not a position; — PROPOSES ONLY: cause-check -> discovery_state -> court (v1.4) before any staging; a shallow 'no cause found' is beta, not a dislocation
DETFIRE|intl_dislocation|BOTX.ST|MED|UNRESEARCHED (euronext_universe shelf) fell -6.8%/5d -15.5%/21d = -6.8/-15.5pp vs UNAVAILABLE(raw) @ 10.88. ENQUEUE-CANDIDATE: not in the research ledger — propose intake (court queue), not a position; — PROPOSES ONLY: cause-check -> discovery_state -> court (v1.4) before any staging; a shallow 'no cause found' is beta, not a dislocation
DETFIRE|intl_dislocation|CANTA.ST|MED|UNRESEARCHED (euronext_shelf shelf) fell -10.9%/5d -10.9%/21d = -10.9/-10.9pp vs UNAVAILABLE(raw) @ 1.61. ENQUEUE-CANDIDATE: not in the research ledger — propose intake (court queue), not a position; — PROPOSES ONLY: cause-check -> discovery_state -> court (v1.4) before any staging; a shallow 'no cause found' is beta, not a dislocation
DETFIRE|intl_dislocation|CLBX.L|MED|UNRESEARCHED (lse_universe shelf) fell -4.3%/5d -18.5%/21d = -4.3/-18.5pp vs UNAVAILABLE(raw) @ 1.10. ENQUEUE-CANDIDATE: not in the research ledger — propose intake (court queue), not a position; — PROPOSES ONLY: cause-check -> discovery_state -> court (v1.4) before any staging; a shallow 'no cause found' is beta, not a dislocation
DETFIRE|intl_dislocation|COTY.PA|MED|UNRESEARCHED (euronext_universe shelf) fell -8.1%/5d -5.8%/21d = -8.1/-5.8pp vs UNAVAILABLE(raw) @ 2.28. ENQUEUE-CANDIDATE: not in the research ledger — propose intake (court queue), not a position; — PROPOSES ONLY: cause-check -> discovery_state -> court (v1.4) before any staging; a shallow 'no cause found' is beta, not a dislocation
DETFIRE|intl_dislocation|DADC.CO|MED|UNRESEARCHED (euronext_universe shelf) fell +0.0%/5d -15.6%/21d = +0.0/-15.6pp vs UNAVAILABLE(raw) @ 3.10. ENQUEUE-CANDIDATE: not in the research ledger — propose intake (court queue), not a position; — PROPOSES ONLY: cause-check -> discovery_state -> court (v1.4) before any staging; a shallow 'no cause found' is beta, not a dislocation
DETFIRE|intl_dislocation|GBG.L|HIGH|UNRESEARCHED (lse_universe shelf) fell -6.5%/5d -36.6%/21d = -6.5/-36.6pp vs UNAVAILABLE(raw) @ 150.00. SUSPECT — a single session of -31% is usually an unadjusted CORPORATE ACTION (split, consolidation, delisting stub), not a tape move: verify the split/CA history before treating this as a dislocation; ENQUEUE-CANDIDATE: not in the research ledger — propose intake (court queue), not a position; — PROPOSES ONLY: cause-check -> discovery_state -> court (v1.4) before any staging; a shallow 'no cause found' is beta, not a dislocation
DETFIRE|intl_dislocation|GRANGX.ST|HIGH|UNRESEARCHED (euronext_universe shelf) fell -23.0%/5d -36.1%/21d = -23.0/-36.1pp vs UNAVAILABLE(raw) @ 30.05. ENQUEUE-CANDIDATE: not in the research ledger — propose intake (court queue), not a position; — PROPOSES ONLY: cause-check -> discovery_state -> court (v1.4) before any staging; a shallow 'no cause found' is beta, not a dislocation
DETFIRE|intl_dislocation|JARA.L|HIGH|UNRESEARCHED (lse_universe shelf) fell -99.0%/5d -98.9%/21d = -99.0/-98.9pp vs UNAVAILABLE(raw) @ 0.84. SUSPECT — a single session of -99% is usually an unadjusted CORPORATE ACTION (split, consolidation, delisting stub), not a tape move: verify the split/CA history before treating this as a dislocation; ENQUEUE-CANDIDATE: not in the research ledger — propose intake (court queue), not a position; — PROPOSES ONLY: cause-check -> discovery_state -> court (v1.4) before any staging; a shallow 'no cause found' is beta, not a dislocation
DETFIRE|intl_dislocation|KRPZ.L|HIGH|UNRESEARCHED (lse_universe shelf) fell -33.3%/5d -33.3%/21d = -33.3/-33.3pp vs UNAVAILABLE(raw) @ 0.60. SUSPECT — a single session of -39% is usually an unadjusted CORPORATE ACTION (split, consolidation, delisting stub), not a tape move: verify the split/CA history before treating this as a dislocation; ENQUEUE-CANDIDATE: not in the research ledger — propose intake (court queue), not a position; — PROPOSES ONLY: cause-check -> discovery_state -> court (v1.4) before any staging; a shallow 'no cause found' is beta, not a dislocation
DETFIRE|intl_dislocation|LEADD.HE|HIGH|UNRESEARCHED (euronext_universe shelf) fell -7.6%/5d -23.4%/21d = -7.6/-23.4pp vs UNAVAILABLE(raw) @ 2.91. ENQUEUE-CANDIDATE: not in the research ledger — propose intake (court queue), not a position; — PROPOSES ONLY: cause-check -> discovery_state -> court (v1.4) before any staging; a shallow 'no cause found' is beta, not a dislocation
DETFIRE|intl_dislocation|LRES.L|MED|UNRESEARCHED (lse_universe shelf) fell -2.5%/5d -17.9%/21d = -2.5/-17.9pp vs UNAVAILABLE(raw) @ 0.08. ENQUEUE-CANDIDATE: not in the research ledger — propose intake (court queue), not a position; — PROPOSES ONLY: cause-check -> discovery_state -> court (v1.4) before any staging; a shallow 'no cause found' is beta, not a dislocation
DETFIRE|intl_dislocation|MAGLE.ST|HIGH|UNRESEARCHED (euronext_universe shelf) fell +2.2%/5d -24.0%/21d = +2.2/-24.0pp vs UNAVAILABLE(raw) @ 0.38. ENQUEUE-CANDIDATE: not in the research ledger — propose intake (court queue), not a position; — PROPOSES ONLY: cause-check -> discovery_state -> court (v1.4) before any staging; a shallow 'no cause found' is beta, not a dislocation
DETFIRE|intl_dislocation|META.ST|HIGH|UNRESEARCHED (euronext_universe shelf) fell +13.1%/5d -24.3%/21d = +13.1/-24.3pp vs UNAVAILABLE(raw) @ 0.14. ENQUEUE-CANDIDATE: not in the research ledger — propose intake (court queue), not a position; — PROPOSES ONLY: cause-check -> discovery_state -> court (v1.4) before any staging; a shallow 'no cause found' is beta, not a dislocation
DETFIRE|intl_dislocation|MLOCT.PA|MED|UNRESEARCHED (euronext_universe shelf) fell -7.2%/5d -17.9%/21d = -7.2/-17.9pp vs UNAVAILABLE(raw) @ 0.13. ENQUEUE-CANDIDATE: not in the research ledger — propose intake (court queue), not a position; — PROPOSES ONLY: cause-check -> discovery_state -> court (v1.4) before any staging; a shallow 'no cause found' is beta, not a dislocation
DETFIRE|intl_dislocation|NXI.PA|MED|UNRESEARCHED (euronext_universe shelf) fell -6.0%/5d -15.1%/21d = -6.0/-15.1pp vs UNAVAILABLE(raw) @ 6.00. ENQUEUE-CANDIDATE: not in the research ledger — propose intake (court queue), not a position; — PROPOSES ONLY: cause-check -> discovery_state -> court (v1.4) before any staging; a shallow 'no cause found' is beta, not a dislocation
DETFIRE|intl_dislocation|PEMB.L|HIGH|UNRESEARCHED (lse_universe shelf) fell +0.0%/5d -99.0%/21d = +0.0/-99.0pp vs UNAVAILABLE(raw) @ 0.94. SUSPECT — a single session of -99% is usually an unadjusted CORPORATE ACTION (split, consolidation, delisting stub), not a tape move: verify the split/CA history before treating this as a dislocation; ENQUEUE-CANDIDATE: not in the research ledger — propose intake (court queue), not a position; — PROPOSES ONLY: cause-check -> discovery_state -> court (v1.4) before any staging; a shallow 'no cause found' is beta, not a dislocation
DETFIRE|intl_dislocation|PU13.L|HIGH|UNRESEARCHED (lse_universe shelf) fell +0.0%/5d -99.0%/21d = +0.0/-99.0pp vs UNAVAILABLE(raw) @ 1.18. SUSPECT — a single session of -99% is usually an unadjusted CORPORATE ACTION (split, consolidation, delisting stub), not a tape move: verify the split/CA history before treating this as a dislocation; ENQUEUE-CANDIDATE: not in the research ledger — propose intake (court queue), not a position; — PROPOSES ONLY: cause-check -> discovery_state -> court (v1.4) before any staging; a shallow 'no cause found' is beta, not a dislocation
DETFIRE|intl_dislocation|QBEN.ST|HIGH|UNRESEARCHED (euronext_universe shelf) fell +2.1%/5d -20.9%/21d = +2.1/-20.9pp vs UNAVAILABLE(raw) @ 5.84. ENQUEUE-CANDIDATE: not in the research ledger — propose intake (court queue), not a position; — PROPOSES ONLY: cause-check -> discovery_state -> court (v1.4) before any staging; a shallow 'no cause found' is beta, not a dislocation
DETFIRE|intl_dislocation|RAIL.ST|MED|UNRESEARCHED (euronext_shelf shelf) fell -2.3%/5d -19.8%/21d = -2.3/-19.8pp vs UNAVAILABLE(raw) @ 29.10. ENQUEUE-CANDIDATE: not in the research ledger — propose intake (court queue), not a position; — PROPOSES ONLY: cause-check -> discovery_state -> court (v1.4) before any staging; a shallow 'no cause found' is beta, not a dislocation
DETFIRE|intl_dislocation|RNWH.L|MED|UNRESEARCHED (lse_universe shelf) fell -9.3%/5d -5.3%/21d = -9.3/-5.3pp vs UNAVAILABLE(raw) @ 864.00. ENQUEUE-CANDIDATE: not in the research ledger — propose intake (court queue), not a position; — PROPOSES ONLY: cause-check -> discovery_state -> court (v1.4) before any staging; a shallow 'no cause found' is beta, not a dislocation
DETFIRE|intl_dislocation|SFOR.L|MED|UNRESEARCHED (lse_universe shelf) fell -8.5%/5d -13.3%/21d = -8.5/-13.3pp vs UNAVAILABLE(raw) @ 46.45. ENQUEUE-CANDIDATE: not in the research ledger — propose intake (court queue), not a position; — PROPOSES ONLY: cause-check -> discovery_state -> court (v1.4) before any staging; a shallow 'no cause found' is beta, not a dislocation
DETFIRE|intl_dislocation|SGE.L|MED|UNRESEARCHED (lse_universe shelf) fell -9.9%/5d -7.2%/21d = -9.9/-7.2pp vs UNAVAILABLE(raw) @ 964.60. ENQUEUE-CANDIDATE: not in the research ledger — propose intake (court queue), not a position; — PROPOSES ONLY: cause-check -> discovery_state -> court (v1.4) before any staging; a shallow 'no cause found' is beta, not a dislocation
DETFIRE|intl_dislocation|SOUND.ST|MED|UNRESEARCHED (euronext_universe shelf) fell -11.3%/5d -10.0%/21d = -11.3/-10.0pp vs UNAVAILABLE(raw) @ 0.62. ENQUEUE-CANDIDATE: not in the research ledger — propose intake (court queue), not a position; — PROPOSES ONLY: cause-check -> discovery_state -> court (v1.4) before any staging; a shallow 'no cause found' is beta, not a dislocation
DETFIRE|intl_dislocation|STAR-B.ST|MED|UNRESEARCHED (euronext_universe shelf) fell +0.3%/5d -18.3%/21d = +0.3/-18.3pp vs UNAVAILABLE(raw) @ 0.10. ENQUEUE-CANDIDATE: not in the research ledger — propose intake (court queue), not a position; — PROPOSES ONLY: cause-check -> discovery_state -> court (v1.4) before any staging; a shallow 'no cause found' is beta, not a dislocation
DETFIRE|intl_dislocation|TESSIN.ST|HIGH|UNRESEARCHED (euronext_universe shelf) fell -9.5%/5d -34.9%/21d = -9.5/-34.9pp vs UNAVAILABLE(raw) @ 1.90. ENQUEUE-CANDIDATE: not in the research ledger — propose intake (court queue), not a position; — PROPOSES ONLY: cause-check -> discovery_state -> court (v1.4) before any staging; a shallow 'no cause found' is beta, not a dislocation
DETFIRE|intl_dislocation|TRIBO-B.ST|HIGH|UNRESEARCHED (euronext_universe shelf) fell -13.1%/5d -19.0%/21d = -13.1/-19.0pp vs UNAVAILABLE(raw) @ 0.23. ENQUEUE-CANDIDATE: not in the research ledger — propose intake (court queue), not a position; — PROPOSES ONLY: cause-check -> discovery_state -> court (v1.4) before any staging; a shallow 'no cause found' is beta, not a dislocation
DETFIRE|intl_dislocation|WYLD.ST|HIGH|UNRESEARCHED (euronext_universe shelf) fell -16.6%/5d -20.8%/21d = -16.6/-20.8pp vs UNAVAILABLE(raw) @ 0.28. ENQUEUE-CANDIDATE: not in the research ledger — propose intake (court queue), not a position; — PROPOSES ONLY: cause-check -> discovery_state -> court (v1.4) before any staging; a shallow 'no cause found' is beta, not a dislocation
DETFIRE|intl_dislocation|XOM-B.ST|MED|UNRESEARCHED (euronext_universe shelf) fell -10.6%/5d +1.0%/21d = -10.6/+1.0pp vs UNAVAILABLE(raw) @ 0.42. ENQUEUE-CANDIDATE: not in the research ledger — propose intake (court queue), not a position; — PROPOSES ONLY: cause-check -> discovery_state -> court (v1.4) before any staging; a shallow 'no cause found' is beta, not a dislocation
DETFIRE|intl_dislocation|XTR.L|HIGH|UNRESEARCHED (lse_universe shelf) fell +0.0%/5d -24.0%/21d = +0.0/-24.0pp vs UNAVAILABLE(raw) @ 0.95. ENQUEUE-CANDIDATE: not in the research ledger — propose intake (court queue), not a position; — PROPOSES ONLY: cause-check -> discovery_state -> court (v1.4) before any staging; a shallow 'no cause found' is beta, not a dislocation
DEGRADED-LOUD: 952 of 8130 priced; 7178 DEGRADED (7174 no-data, 4 thin-history, 0 not-swept-time-budget) | 162 of them QUOTE LIVE at the IBKR gateway = a Yahoo history gap (INFRA failure, not an observation) — 000327.KS, 000329.KS, 000595.KS, 000597.KS, 000599.KS, 000705.KS, 000707.KS, 000709.KS, 000975.KS, 000977.KS, 000979.KS, 001265.KS, 001267.KS, 001269.KS, 002175.KS, 002177.KS, 002179.KS, 002235.KQ, 002237.KQ, 002239.KQ, 002295.KQ, 002297.KQ, 002299.KQ, 002925.KS, 002927.KS, 002929.KS, 003015.KS, 003017.KS, 003019.KS, 003125.KS, 003127.KS, 003129.KS, 004495.KS, 004497.KS, 004499.KS, 004565.KS, 004567.KS, 004569.KS, 005390.KS, 005685.KS +7138 more (INTL_DISLOCATION_SWEEP.json:degraded_names)
BENCHMARKS DEGRADED: ^FTSE, ^KQ11, ^KS11, ^OMX, ^OMXC25, ^OMXH25, ^OSEAX, ^STOXX — those names screened on RAW moves (labelled UNAVAILABLE(raw) in the fire line)
[intl_dislocation_sweep] 2026-09-11: 952 screened · 92 new/deepened dislocations (92 unresearched) — PROPOSES ONLY

/Users/ajay/Library/Python/3.9/lib/python/site-packages/urllib3/__init__.py:35: NotOpenSSLWarning: urllib3 v2 only supports OpenSSL 1.1.1+, currently the 'ssl' module is compiled with 'LibreSSL 2.8.3'. See: https://github.com/urllib3/urllib3/issues/3020
  warnings.warn(
HTTP Error 404: {"quoteSummary":{"result":null,"error":{"code":"Not Found","description":"Quote not found for symbol: 001267.KS"}}}
HTTP Error 404: {"quoteSummary":{"result":null,"error":{"code":"Not Found","description":"Quote not found for symbol: 002235.KQ"}}}
$000329.KS: possibly delisted; no price data found  (period=3mo) (Yahoo error = "No data found, symbol may be delisted")
$002235.KQ: possibly delisted; no price data found  (period=3mo) (Yahoo error = "No data found, symbol may be delisted")
$001267.KS: possibly delisted; no price data found  (period=3mo) (Yahoo error = "No data found, symbol may be delisted")
$002175.KS: possibly delisted; no price data found  (period=3mo) (Yahoo error = "No data found, symbol may be delisted")
$002239.KQ: possibly delisted; no price data found  (period=3mo) (Yahoo error = "No data found, symbol may be delisted")
$000327.KS: possibly delisted; no price data found  (period=3mo) (Yahoo error = "No data found, symbol may be delisted")
$001265.KS: possibly delisted; no price data found  (period=3mo)
$002177.KS: possibly delisted; no price data found  (period=3mo) (Yahoo error = "No data found, symbol may be delisted")
$000705.KS: possibly delisted; no price data found  (period=3mo) (Yahoo error = "No data found, symbol may be delisted")
$000975.KS: possibly delisted; no price data found  (period=3mo) (Yahoo error = "No data found, symbol may be delisted")
$002237.KQ: possibly delisted; no price data found  (period=3mo) (Yahoo error = "No data found, symbol may be delisted")
$000709.KS: possibly delisted; no price data found  (period=3mo) (Yahoo error = "No data found, symbol may be delisted")
$002295.KQ: possibly delisted; no price data found  (period=3mo) (Yahoo error = "No data found, symbol may be delisted")
$000977.KS: possibly delisted; no price data found  (period=3mo) (Yahoo error = "No data found, symbol may be delisted")
$000979.KS: possibly delisted; no price data found  (period=3mo) (Yahoo error = "No data found, symbol may be delisted")
$000599.KS: possibly delisted; no price data found  (period=3mo) (Yahoo error = "No data found, symbol may be delisted")
$001269.KS: possibly delisted; no price data found  (period=3mo) (Yahoo error = "No data found, symbol may be delisted")
$002299.KQ: possibly delisted; no price data found  (period=3mo) (Yahoo error = "No data found, symbol may be delisted")
$002179.KS: possibly delisted; no price data found  (period=3mo) (Yahoo error = "No data found, symbol may be delisted")
$000597.KS: possibly delisted; no price data found  (period=3mo) (Yahoo error = "No data found, symbol may be delisted")
$002297.KQ: possibly delisted; no price data found  (period=3mo) (Yahoo error = "No data found, symbol may be delisted")
$000595.KS: possibly delisted; no price data found  (period=3mo) (Yahoo error = "No data found, symbol may be delisted")
$000707.KS: possibly delisted; no price data found  (period=3mo) (Yahoo error = "No data found, symbol may be delisted")

23 Failed downloads:
['000329.KS', '002235.KQ', '001267.KS', '002175.KS', '002239.KQ', '000327.KS', '002177.KS', '000705.KS', '000975.KS', '002237.KQ', '000709.KS', '002295.KQ', '000977.KS', '000979.KS', '000599.KS', '001269.KS', '002299.KQ', '002179.KS', '000597.KS', '002297.KQ', '000595.KS', '000707.KS']: possibly delisted; no price data found  (period=3mo) (Yahoo error = "No data found, symbol may be delisted")
['001265.KS']: possibly delisted; no price data found  (period=3mo)
$004565.KS: possibly delisted; no price data found  (period=3mo) (Yahoo error = "No data found, symbol may be delisted")
$004497.KS: possibly delisted; no price data found  (period=3mo) (Yahoo error = "No data found, symbol may be delisted")
$005999.KQ: possibly delisted; no price data found  (period=3mo) (Yahoo error = "No data found, symbol may be delisted")
$004495.KS: possibly delisted; no price data found  (period=3mo) (Yahoo error = "No data found, symbol may be delisted")
$005717.KQ: possibly delisted; no price data found  (period=3mo) (Yahoo error = "No data found, symbol may be delisted")
$003129.KS: possibly delisted; no price data found  (period=3mo) (Yahoo error = "No data found, symbol may be delisted")
$004567.KS: possibly delisted; no price data found  (period=3mo) (Yahoo error = "No data found, symbol may be delisted")
$003017.KS: possibly delisted; no price data found  (period=3mo) (Yahoo error = "No data found, symbol may be delisted")
$003015.KS: possibly delisted; no price data found  (period=3mo) (Yahoo error = "No data found, symbol may be delisted")
$005689.KS: possibly delisted; no price data found  (period=3mo) (Yahoo error = "No data found, symbol may be delisted")
$005685.KS: possibly delisted; no price data found  (period=3mo) (Yahoo error = "No data found, symbol may be delisted")
$005687.KS: possibly delisted; no price data found  (period=3mo) (Yahoo error = "No data found, symbol may be delisted")
$005719.KQ: possibly delisted; no price data found  (period=3mo) (Yahoo error = "No data found, symbol may be delisted")
$003125.KS: possibly delisted; no price data found  (period=3mo) (Yahoo error = "No data found, symbol may be delisted")
$004569.KS: possibly delisted; no price data found  (period=3mo) (Yahoo error = "No data found, symbol may be delisted")
$005715.KQ: possibly delisted; no price data found  (period=3mo) (Yahoo error = "No data found, symbol may be delisted")
$005995.KQ: possibly delisted; no price data found  (period=3mo) (Yahoo error = "No data found, symbol may be delisted")
$005390.KS: possibly delisted; no price data found  (period=3mo) (Yahoo error = "No data found, symbol may be delisted")
$004499.KS: possibly delisted; no price data found  (period=3mo) (Yahoo error = "No data found, symbol may be delisted")
$002929.KS: possibly delisted; no price data found  (period=3mo) (Yahoo error = "No data found, symbol may be delisted")
$002927.KS: possibly delisted; no price data found  (period=3mo) (Yahoo error = "No data found, symbol may be delisted")
$003019.KS: possibly delisted; no price data found  (period=3mo) (Yahoo error = "No data found, symbol may be delisted")
$003127.KS: possibly delisted; no price data found  (period=3mo) (Yahoo error = "No data found, symbol may be delisted")
$002925.KS: possibly delisted; no price data found  (period=3mo) (Yahoo error = "No data found, symbol may be delisted")
$005997.KQ: possibly delisted; no price data found  (period=3mo) (Yahoo error = "No data found, symbol may be delisted")

25 Failed downloads:
['004565.KS', '004497.KS', '005999.KQ', '004495.KS', '005717.KQ', '003129.KS', '004567.KS', '003017.KS', '003015.KS', '005689.KS', '005685.KS', '005687.KS', '005719.KQ', '003125.KS', '004569.KS', '005715.KQ', '005995.KQ', '005390.KS', '004499.KS', '002929.KS', '002927.KS', '003019.KS', '003127.KS', '002925.KS', '005997.KQ']: possibly delisted; no price data found  (period=3mo) (Yahoo error = "No data found, symbol may be delisted")
$009777.KS: possibly delisted; no price data found  (period=3mo) (Yahoo error = "No data found, symbol may be delisted")
$007705.KS: possibly delisted; no price data found  (period=3mo) (Yahoo error = "No data found, symbol may be delisted")
$009689.KS: possibly delisted; no price data found  (period=3mo) (Yahoo error = "No data found, symbol may be delisted")
$008375.KQ: possibly delisted; no price data found  (period=3mo) (Yahoo error = "No data found, symbol may be delisted")
$007707.KS: possibly delisted; no price data found  (period=3mo) (Yahoo error = "No data found, symbol may be delisted")
$008110.KS: possibly delisted; no price data found  (period=3mo) (Yahoo error = "No data found, symbol may be delisted")
$007595.KS: possibly delisted; no price data found  (period=3mo)
$010249.KQ: possibly delisted; no price data found  (period=3mo) (Yahoo error = "No data found, symbol may be delisted")
$007549.KS: possibly delisted; no price data found  (period=3mo) (Yahoo error = "No data found, symbol may be delisted")
$010475.KQ: possibly delisted; no price data found  (period=3mo) (Yahoo error = "No data found, symbol may be delisted")
Failed to get ticker '009309.KQ' reason: Failed to perform, curl: (6) getaddrinfo() thread failed to start. See https://curl.se/libcurl/c/libcurl-errors.html first for more details.
Failed to get ticker '009307.KQ' reason: Failed to perform, curl: (6) Could not resolve host: query1.finance.yahoo.com. See https://curl.se/libcurl/c/libcurl-errors.html first for more details.
Failed to get ticker '009685.KS' reason: Failed to perform, curl: (6) Could not resolve host: query1.finance.yahoo.com. See https://curl.se/libcurl/c/libcurl-errors.html first for more details.
Failed to get ticker '008377.KQ' reason: Failed to perform, curl: (6) getaddrinfo() thread failed to start. See https://curl.se/libcurl/c/libcurl-errors.html first for more details.
Failed to get ticker '009909.KS' reason: Failed to perform, curl: (6) getaddrinfo() thread failed to start. See https://curl.se/libcurl/c/libcurl-errors.html first for more details.
Failed to get ticker '007599.KS' reason: Failed to perform, curl: (6) getaddrinfo() thread failed to start. See https://curl.se/libcurl/c/libcurl-errors.html first for more details.
$009305.KQ: possibly delisted; no price data found  (period=3mo) (Yahoo error = "No data found, symbol may be delisted")
$007709.KS: possibly delisted; no price data found  (period=3mo) (Yahoo error = "No data found, symbol may be delisted")
$009309.KQ: possibly delisted; no price data found  (period=3mo) (Yahoo error = "No data found, symbol may be delisted")
$008379.KQ: possibly delisted; no price data found  (period=3mo) (Yahoo error = "No data found, symbol may be delisted")
Failed to get ticker '010479.KQ' reason: unable to open database file
Failed to get ticker '007547.KS' reason: Failed to perform, curl: (6) Could not resolve host: query2.finance.yahoo.com. See https://curl.se/libcurl/c/libcurl-errors.html first for more details.
Failed to get ticker '009907.KS' reason: Failed to perform, curl: (77) error setting certificate verify locations:  CAfile: /Users/ajay/Library/Python/3.9/lib/python/site-packages/certifi/cacert.pem CApath: none. See https://curl.se/libcurl/c/libcurl-errors.html first for more details.
Failed to get ticker '009905.KS' reason: Failed to perform, curl: (6) Could not resolve host: query2.finance.yahoo.com. See https://curl.se/libcurl/c/libcurl-errors.html first for more details.
Failed to get ticker '009687.KS' reason: Failed to perform, curl: (6) getaddrinfo() thread failed to start. See https://curl.se/libcurl/c/libcurl-errors.html first for more details.
Failed to get ticker '007545.KS' reason: Failed to perform, curl: (6) Could not resolve host: query2.finance.yahoo.com. See https://curl.se/libcurl/c/libcurl-errors.html first for more details.
Failed to get ticker '009775.KS' reason: Failed to perform, curl: (6) getaddrinfo() thread failed to start. See https://curl.se/libcurl/c/libcurl-errors.html first for more details.
Failed to get ticker '009779.KS' reason: Failed to perform, curl: (6) Could not resolve host: query2.finance.yahoo.com. See https://curl.se/libcurl/c/libcurl-errors.html first for more details.
Failed to get ticker '010247.KQ' reason: Failed to perform, curl: (6) getaddrinfo() thread failed to start. See https://curl.se/libcurl/c/libcurl-errors.html first for more details.
$007597.KS: possibly delisted; no price data found  (period=3mo) (Yahoo error = "No data found, symbol may be delisted")
$009907.KS: possibly delisted; no price data found  (period=3mo) (Yahoo error = "No data found, symbol may be delisted")
$009905.KS: possibly delisted; no price data found  (period=3mo) (Yahoo error = "No data found, symbol may be delisted")
$010479.KQ: possibly delisted; no price data found  (period=3mo) (Yahoo error = "No data found, symbol may be delisted")
$010477.KQ: possibly delisted; no price data found  (period=3mo) (Yahoo error = "No data found, symbol may be delisted")

88 Failed downloads:
['009777.KS', '007705.KS', '009689.KS', '008375.KQ', '007707.KS', '008110.KS', '010249.KQ', '007549.KS', '010475.KQ', '009305.KQ', '007709.KS', '009309.KQ', '008379.KQ', '007597.KS', '009907.KS', '009905.KS', '010479.KQ', '010477.KQ']: possibly delisted; no price data found  (period=3mo) (Yahoo error = "No data found, symbol may be delisted")
['007595.KS']: possibly delisted; no price data found  (period=3mo)
['006890.KS', '006360.KS', '010660.KS', '008060.KS', '009240.KS', '008500.KS', '006570.KS', '010140.KS', '009770.KS', '006340.KS', '009307.KQ', '009685.KS', '008377.KQ', '009620.KQ', '006980.KS', '010120.KS', '009180.KS', '010040.KS', '009909.KS', '009900.KS', '006090.KS', '006840.KS', '006380.KS', '009730.KQ', '009540.KS', '009320.KS', '006880.KS', '008870.KS', '009190.KS', '0088M0.KQ', '007160.KS', '007599.KS', '007680.KQ', '009200.KS', '008730.KS', '009410.KS', '007310.KS', '010240.KQ', '0082N0.KQ', '009520.KQ', '007590.KS', '009440.KS', '007547.KS', '006110.KS', '007210.KS', '009070.KS', '009687.KS', '007545.KS', '008470.KQ', '010060.KS', '007280.KS', '008970.KS', '009270.KS', '009775.KS', '007700.KS', '009580.KS', '008250.KS', '008700.KS', '006200.KS', '006650.KS', '010247.KQ', '009779.KS', '007110.KS', '007690.KS', '008420.KS', '006060.KS']: TypeError("'NoneType' object is not subscriptable")
['006120.KS', '010245.KQ', '006140.KQ']: OperationalError('unable to open database file')
Failed to get ticker '015715.KQ' reason: Failed to perform, curl: (6) getaddrinfo() thread failed to start. See https://curl.se/libcurl/c/libcurl-errors.html first for more details.
Failed to get ticker '011569.KQ' reason: Failed to perform, curl: (6) Could not resolve host: query2.finance.yahoo.com. See https://curl.se/libcurl/c/libcurl-errors.html first for more details.
Failed to get ticker '016099.KS' reason: Failed to perform, curl: (6) getaddrinfo() thread failed to start. See https://curl.se/libcurl/c/libcurl-errors.html first for more details.
Failed to get ticker '015719.KQ' reason: unable to open database file
Failed to get ticker '014199.KQ' reason: unable to open database file
Failed to get ticker '012797.KQ' reason: Failed to perform, curl: (6) getaddrinfo() thread failed to start. See https://curl.se/libcurl/c/libcurl-errors.html first for more details.
Failed to get ticker '010965.KS' reason: Failed to perform, curl: (6) getaddrinfo() thread failed to start. See https://curl.se/libcurl/c/libcurl-errors.html first for more details.
Failed to get ticker '012325.KS' reason: Failed to perform, curl: (6) getaddrinfo() thread failed to start. See https://curl.se/libcurl/c/libcurl-errors.html first for more details.
Failed to get ticker '017489.KQ' reason: Failed to perform, curl: (6) Could not resolve host: query2.finance.yahoo.com. See https://curl.se/libcurl/c/libcurl-errors.html first for more details.
Failed to get ticker '012795.KQ' reason: Failed to perform, curl: (6) getaddrinfo() thread failed to start. See https://curl.se/libcurl/c/libcurl-errors.html first for more details.
Failed to get ticker '016097.KS' reason: Failed to perform, curl: (6) getaddrinfo() thread failed to start. See https://curl.se/libcurl/c/libcurl-errors.html first for more details.
Failed to get ticker '012799.KQ' reason: Failed to perform, curl: (6) getaddrinfo() thread failed to start. See https://curl.se/libcurl/c/libcurl-errors.html first for more details.
Failed to get ticker '013895.KS' reason: Failed to perform, curl: (77) error setting certificate verify locations:  CAfile: /Users/ajay/Library/Python/3.9/lib/python/site-packages/certifi/cacert.pem CApath: none. See https://curl.se/libcurl/c/libcurl-errors.html first for more details.
Failed to get ticker '014197.KQ' reason: Failed to perform, curl: (6) getaddrinfo() thread failed to start. See https://curl.se/libcurl/c/libcurl-errors.html first for more details.
Failed to get ticker '017655.KQ' reason: Failed to perform, curl: (6) getaddrinfo() thread failed to start. See https://curl.se/libcurl/c/libcurl-errors.html first for more details.
Failed to get ticker '017657.KQ' reason: Failed to perform, curl: (6) getaddrinfo() thread failed to start. See https://curl.se/libcurl/c/libcurl-errors.html first for more details.
Failed to get ticker '015717.KQ' reason: Failed to perform, curl: (6) getaddrinfo() thread failed to start. See https://curl.se/libcurl/c/libcurl-errors.html first for more details.
Failed to get ticker '016095.KS' reason: Failed to perform, curl: (6) getaddrinfo() thread failed to start. See https://curl.se/libcurl/c/libcurl-errors.html first for more details.
Failed to get ticker '017487.KQ' reason: Failed to perform, curl: (6) Could not resolve host: query2.finance.yahoo.com. See https://curl.se/libcurl/c/libcurl-errors.html first for more details.
Failed to get ticker '014195.KQ' reason: Failed to perform, curl: (6) getaddrinfo() thread failed to start. See https://curl.se/libcurl/c/libcurl-errors.html first for more details.
Failed to get ticker '011565.KQ' reason: Failed to perform, curl: (6) getaddrinfo() thread failed to start. See https://curl.se/libcurl/c/libcurl-errors.html first for more details.
Failed to get ticker '017485.KQ' reason: Failed to perform, curl: (6) getaddrinfo() thread failed to start. See https://curl.se/libcurl/c/libcurl-errors.html first for more details.
$016097.KS: possibly delisted; no price data found  (period=3mo) (Yahoo error = "No data found, symbol may be delisted")
$010969.KS: possibly delisted; no price data found  (period=3mo) (Yahoo error = "No data found, symbol may be delisted")
$011567.KQ: possibly delisted; no price data found  (period=3mo) (Yahoo error = "No data found, symbol may be delisted")
$016095.KS: possibly delisted; no price data found  (period=3mo) (Yahoo error = "No data found, symbol may be delisted")
$014195.KQ: possibly delisted; no price data found  (period=3mo) (Yahoo error = "No data found, symbol may be delisted")

142 Failed downloads:
['012860.KQ', '012610.KS', '011320.KQ', '016790.KQ', '011230.KS', '014790.KS', '015760.KS', '017390.KS', '011810.KS', '013990.KQ', '015890.KS', '015715.KQ', '0126Z0.KS', '015860.KS', '011930.KS', '013720.KQ', '016800.KS', '015260.KS', '011569.KQ', '012790.KQ', '014620.KQ', '010690.KS', '011370.KQ', '016099.KS', '013580.KS', '015360.KS', '013520.KS', '011210.KS', '010960.KS', '013700.KS', '012620.KQ', '013570.KS', '015719.KQ', '014820.KS', '014199.KQ', '011070.KS', '011700.KS', '012330.KS', '016580.KS', '012340.KQ', '010965.KS', '015710.KQ', '012797.KQ', '014160.KS', '012325.KS', '010820.KS', '016590.KS', '012795.KQ', '014100.KQ', '011000.KS', '017000.KQ', '014940.KQ', '013360.KS', '012799.KQ', '016880.KS', '012160.KS', '010770.KS', '012170.KS', '010950.KS', '014197.KQ', '012280.KS', '017655.KQ', '017510.KQ', '013895.KS', '014470.KQ', '011330.KS', '011170.KS', '017657.KQ', '014190.KQ', '016090.KS', '013870.KS', '017180.KS', '011760.KS', '012690.KS', '016740.KS', '013000.KS', '017480.KQ', '017489.KQ', '014530.KS', '011390.KS', '012510.KS', '013030.KQ', '015717.KQ', '016100.KQ', '011500.KS', '014990.KS', '012700.KQ', '016450.KS', '0120G0.KS', '011690.KS', '011560.KQ', '013890.KS', '017550.KS', '011280.KS', '014710.KS', '017487.KQ', '010780.KS', '011090.KS', '017370.KS', '014830.KS', '013120.KQ', '014580.KS', '012210.KQ', '011565.KQ', '016250.KQ', '016380.KS', '011790.KS', '011040.KQ', '017485.KQ', '014130.KS']: TypeError("'NoneType' object is not subscriptable")
['016670.KQ', '011300.KS', '011080.KQ', '015590.KS', '014970.KQ', '012750.KS', '014910.KS', '014440.KS', '011150.KS', '015020.KS', '013810.KQ', '017250.KQ', '013897.KS', '012327.KS', '017650.KQ', '012320.KS', '011420.KS', '010967.KS', '011780.KS', '012630.KS', '015230.KS', '013899.KS', '014680.KS', '012200.KS', '012450.KS', '016920.KQ', '012329.KS']: OperationalError('unable to open database file')
['016097.KS', '010969.KS', '011567.KQ', '016095.KS', '014195.KQ']: possibly delisted; no price data found  (period=3mo) (Yahoo error = "No data found, symbol may be delisted")
Failed to get ticker '017659.KQ' reason: Failed to perform, curl: (6) getaddrinfo() thread failed to start. See https://curl.se/libcurl/c/libcurl-errors.html first for more details.
Failed to get ticker '024957.KQ' reason: Failed to perform, curl: (6) getaddrinfo() thread failed to start. See https://curl.se/libcurl/c/libcurl-errors.html first for more details.
Failed to get ticker '025779.KQ' reason: Failed to perform, curl: (6) getaddrinfo() thread failed to start. See https://curl.se/libcurl/c/libcurl-errors.html first for more details.
Failed to get ticker '021829.KS' reason: Failed to perform, curl: (6) getaddrinfo() thread failed to start. See https://curl.se/libcurl/c/libcurl-errors.html first for more details.
Failed to get ticker '028107.KS' reason: unable to open database file
Failed to get ticker '024839.KQ' reason: Failed to perform, curl: (6) getaddrinfo() thread failed to start. See https://curl.se/libcurl/c/libcurl-errors.html first for more details.
Failed to get ticker '028105.KS' reason: Failed to perform, curl: (6) Could not resolve host: query2.finance.yahoo.com. See https://curl.se/libcurl/c/libcurl-errors.html first for more details.
Failed to get ticker '025537.KS' reason: Failed to perform, curl: (6) getaddrinfo() thread failed to start. See https://curl.se/libcurl/c/libcurl-errors.html first for more details.
Failed to get ticker '021825.KS' reason: Failed to perform, curl: (6) getaddrinfo() thread failed to start. See https://curl.se/libcurl/c/libcurl-errors.html first for more details.
Failed to get ticker '024099.KS' reason: Failed to perform, curl: (77) error setting certificate verify locations:  CAfile: /Users/ajay/Library/Python/3.9/lib/python/site-packages/certifi/cacert.pem CApath: none. See https://curl.se/libcurl/c/libcurl-errors.html first for more details.
Failed to get ticker '024959.KQ' reason: Failed to perform, curl: (6) getaddrinfo() thread failed to start. See https://curl.se/libcurl/c/libcurl-errors.html first for more details.
Failed to get ticker '025775.KQ' reason: Failed to perform, curl: (6) getaddrinfo() thread failed to start. See https://curl.se/libcurl/c/libcurl-errors.html first for more details.
Failed to get ticker '025009.KS' reason: Failed to perform, curl: (6) Could not resolve host: query2.finance.yahoo.com. See https://curl.se/libcurl/c/libcurl-errors.html first for more details.
Failed to get ticker '020717.KQ' reason: Failed to perform, curl: (6) getaddrinfo() thread failed to start. See https://curl.se/libcurl/c/libcurl-errors.html first for more details.
Failed to get ticker '024837.KQ' reason: Failed to perform, curl: (6) Could not resolve host: query2.finance.yahoo.com. See https://curl.se/libcurl/c/libcurl-errors.html first for more details.
Failed to get ticker '020719.KQ' reason: Failed to perform, curl: (6) getaddrinfo() thread failed to start. See https://curl.se/libcurl/c/libcurl-errors.html first for more details.
Failed to get ticker '025007.KS' reason: Failed to perform, curl: (6) getaddrinfo() thread failed to start. See https://curl.se/libcurl/c/libcurl-errors.html first for more details.
Failed to get ticker '025777.KQ' reason: Failed to perform, curl: (6) Could not resolve host: query2.finance.yahoo.com. See https://curl.se/libcurl/c/libcurl-errors.html first for more details.
Failed to get ticker '029537.KS' reason: Failed to perform, curl: (6) getaddrinfo() thread failed to start. See https://curl.se/libcurl/c/libcurl-errors.html first for more details.
Failed to get ticker '024835.KQ' reason: Failed to perform, curl: (6) getaddrinfo() thread failed to start. See https://curl.se/libcurl/c/libcurl-errors.html first for more details.
Failed to get ticker '025539.KS' reason: Failed to perform, curl: (6) Could not resolve host: query2.finance.yahoo.com. See https://curl.se/libcurl/c/libcurl-errors.html first for more details.
Failed to get ticker '024095.KS' reason: Failed to perform, curl: (6) getaddrinfo() thread failed to start. See https://curl.se/libcurl/c/libcurl-errors.html first for more details.
Failed to get ticker '024955.KQ' reason: Failed to perform, curl: (6) getaddrinfo() thread failed to start. See https://curl.se/libcurl/c/libcurl-errors.html first for more details.
Failed to get ticker '029539.KS' reason: Failed to perform, curl: (6) getaddrinfo() thread failed to start. See https://curl.se/libcurl/c/libcurl-errors.html first for more details.

141 Failed downloads:
['020400.KQ', '023410.KQ', '017890.KQ', '028300.KQ', '025820.KS', '027710.KQ', '027580.KQ', '025980.KQ', '026150.KQ', '019490.KS', '017659.KQ', '018680.KQ', '024957.KQ', '025779.KQ', '023150.KS', '020000.KS', '021829.KS', '024070.KS', '027040.KQ', '028050.KS', '026940.KS', '024120.KQ', '023000.KS', '029530.KS', '021040.KQ', '023790.KQ', '018880.KS', '021320.KQ', '028107.KS', '024839.KQ', '028080.KQ', '027970.KS', '023600.KQ', '028105.KS', '018290.KQ', '017800.KS', '024850.KQ', '018120.KQ', '023800.KS', '025560.KS', '029480.KQ', '025770.KQ', '025537.KS', '026910.KQ', '018000.KQ', '024900.KS', '022100.KS', '025900.KQ', '020560.KS', '024959.KQ', '018670.KS', '024099.KS', '025860.KS', '025550.KQ', '025530.KS', '023530.KS', '025775.KQ', '021050.KS', '024880.KQ', '025009.KS', '025440.KQ', '025750.KS', '020717.KQ', '025870.KQ', '028100.KS', '025880.KQ', '023160.KQ', '018310.KQ', '024890.KS', '024090.KS', '018620.KQ', '025620.KS', '020719.KQ', '021825.KS', '024837.KQ', '018500.KS', '023910.KQ', '024800.KQ', '024060.KQ', '019540.KQ', '026960.KS', '020150.KS', '017940.KS', '019770.KQ', '028670.KS', '025777.KQ', '025007.KS', '019680.KS', '024910.KQ', '023900.KQ', '019990.KQ', '026040.KQ', '017670.KS', '027050.KQ', '029537.KS', '020760.KS', '017860.KS', '023810.KS', '025539.KS', '024835.KQ', '024840.KQ', '019170.KS', '019210.KQ', '024095.KS', '021650.KQ', '025320.KQ', '018700.KQ', '029539.KS', '017810.KS', '023770.KQ', '024955.KQ']: TypeError("'NoneType' object is not subscriptable")
['021240.KS', '019180.KS', '025005.KS', '027740.KS', '020120.KS', '025950.KQ', '020715.KQ', '023440.KQ', '024830.KQ', '022220.KQ', '017900.KS', '023450.KS', '021827.KS', '024720.KS', '017960.KS', '025890.KS', '024950.KQ', '023350.KS', '023590.KS', '024740.KQ', '025535.KS', '028109.KS', '023960.KS', '024097.KS', '029535.KS', '018470.KS', '028260.KS', '018260.KS', '025000.KS', '019010.KQ']: OperationalError('unable to open database file')
Failed to get ticker '036539.KS' reason: Failed to perform, curl: (6) getaddrinfo() thread failed to start. See https://curl.se/libcurl/c/libcurl-errors.html first for more details.
Failed to get ticker '033325.KQ' reason: Failed to perform, curl: (6) getaddrinfo() thread failed to start. See https://curl.se/libcurl/c/libcurl-errors.html first for more details.
Failed to get ticker '033235.KQ' reason: Failed to perform, curl: (6) Could not resolve host: query2.finance.yahoo.com. See https://curl.se/libcurl/c/libcurl-errors.html first for more details.
Failed to get ticker '036009.KQ' reason: Failed to perform, curl: (6) getaddrinfo() thread failed to start. See https://curl.se/libcurl/c/libcurl-errors.html first for more details.
Failed to get ticker '035517.KS' reason: Failed to perform, curl: (6) getaddrinfo() thread failed to start. See https://curl.se/libcurl/c/libcurl-errors.html first for more details.
Failed to get ticker '031829.KS' reason: unable to open database file
Failed to get ticker '032565.KS' reason: Failed to perform, curl: (77) error setting certificate verify locations:  CAfile: /Users/ajay/Library/Python/3.9/lib/python/site-packages/certifi/cacert.pem CApath: none. See https://curl.se/libcurl/c/libcurl-errors.html first for more details.
Failed to get ticker '036037.KQ' reason: Failed to perform, curl: (6) getaddrinfo() thread failed to start. See https://curl.se/libcurl/c/libcurl-errors.html first for more details.
Failed to get ticker '036807.KQ' reason: Failed to perform, curl: (6) getaddrinfo() thread failed to start. See https://curl.se/libcurl/c/libcurl-errors.html first for more details.
Failed to get ticker '036007.KQ' reason: Failed to perform, curl: (6) getaddrinfo() thread failed to start. See https://curl.se/libcurl/c/libcurl-errors.html first for more details.
Failed to get ticker '033329.KQ' reason: Failed to perform, curl: (6) getaddrinfo() thread failed to start. See https://curl.se/libcurl/c/libcurl-errors.html first for more details.
Failed to get ticker '032567.KS' reason: Failed to perform, curl: (6) getaddrinfo() thread failed to start. See https://curl.se/libcurl/c/libcurl-errors.html first for more details.
Failed to get ticker '036537.KS' reason: Failed to perform, curl: (6) getaddrinfo() thread failed to start. See https://curl.se/libcurl/c/libcurl-errors.html first for more details.
Failed to get ticker '036035.KQ' reason: Failed to perform, curl: (6) getaddrinfo() thread failed to start. See https://curl.se/libcurl/c/libcurl-errors.html first for more details.
$036009.KQ: possibly delisted; no price data found  (period=3mo) (Yahoo error = "No data found, symbol may be delisted")
Failed to get ticker '033239.KQ' reason: Failed to perform, curl: (6) getaddrinfo() thread failed to start. See https://curl.se/libcurl/c/libcurl-errors.html first for more details.
Failed to get ticker '036039.KQ' reason: Failed to perform, curl: (6) getaddrinfo() thread failed to start. See https://curl.se/libcurl/c/libcurl-errors.html first for more details.
Failed to get ticker '035615.KQ' reason: Failed to perform, curl: (6) getaddrinfo() thread failed to start. See https://curl.se/libcurl/c/libcurl-errors.html first for more details.
Failed to get ticker '032569.KS' reason: Failed to perform, curl: (6) getaddrinfo() thread failed to start. See https://curl.se/libcurl/c/libcurl-errors.html first for more details.
Failed to get ticker '036809.KQ' reason: Failed to perform, curl: (6) Could not resolve host: query1.finance.yahoo.com. See https://curl.se/libcurl/c/libcurl-errors.html first for more details.
Failed to get ticker '035619.KQ' reason: Failed to perform, curl: (6) getaddrinfo() thread failed to start. See https://curl.se/libcurl/c/libcurl-errors.html first for more details.
Failed to get ticker '036005.KQ' reason: Failed to perform, curl: (6) getaddrinfo() thread failed to start. See https://curl.se/libcurl/c/libcurl-errors.html first for more details.
Failed to get ticker '036535.KS' reason: Failed to perform, curl: (6) getaddrinfo() thread failed to start. See https://curl.se/libcurl/c/libcurl-errors.html first for more details.
Failed to get ticker '036805.KQ' reason: Failed to perform, curl: (6) getaddrinfo() thread failed to start. See https://curl.se/libcurl/c/libcurl-errors.html first for more details.
Failed to get ticker '031825.KS' reason: Failed to perform, curl: (6) getaddrinfo() thread failed to start. See https://curl.se/libcurl/c/libcurl-errors.html first for more details.
Failed to get ticker '035617.KQ' reason: Failed to perform, curl: (6) getaddrinfo() thread failed to start. See https://curl.se/libcurl/c/libcurl-errors.html first for more details.
Failed to get ticker '031827.KS' reason: Failed to perform, curl: (6) getaddrinfo() thread failed to start. See https://curl.se/libcurl/c/libcurl-errors.html first for more details.
Failed to get ticker '030965.KQ' reason: Failed to perform, curl: (6) Could not resolve host: query2.finance.yahoo.com. See https://curl.se/libcurl/c/libcurl-errors.html first for more details.
Failed to get ticker '030967.KQ' reason: Failed to perform, curl: (6) getaddrinfo() thread failed to start. See https://curl.se/libcurl/c/libcurl-errors.html first for more details.
$033237.KQ: possibly delisted; no price data found  (period=3mo) (Yahoo error = "No data found, symbol may be delisted")
Failed to get ticker '035515.KS' reason: Failed to perform, curl: (6) Could not resolve host: query2.finance.yahoo.com. See https://curl.se/libcurl/c/libcurl-errors.html first for more details.
$030967.KQ: possibly delisted; no price data found  (period=3mo) (Yahoo error = "No data found, symbol may be delisted")

149 Failed downloads:
['032560.KS', '036539.KS', '033100.KQ', '033290.KQ', '030720.KS', '030960.KQ', '033235.KQ', '033325.KQ', '035610.KQ', '034810.KQ', '037030.KQ', '037070.KQ', '036030.KQ', '035080.KQ', '034020.KS', '036570.KS', '035900.KQ', '032850.KQ', '033530.KS', '030190.KS', '031980.KQ', '036930.KQ', '031430.KS', '035517.KS', '032680.KQ', '030200.KS', '035290.KQ', '031829.KS', '035420.KS', '032565.KS', '031510.KQ', '033540.KQ', '033830.KQ', '032280.KQ', '032790.KQ', '033790.KQ', '032800.KQ', '036007.KQ', '034120.KS', '036460.KS', '033920.KS', '033329.KQ', '036810.KQ', '036190.KQ', '035810.KQ', '032567.KS', '034220.KS', '031310.KQ', '032190.KQ', '036120.KQ', '036480.KQ', '032960.KQ', '034730.KS', '032820.KQ', '036537.KS', '035000.KS', '036690.KQ', '030530.KQ', '035250.KS', '036035.KQ', '030350.KQ', '036540.KQ', '032750.KQ', '036010.KQ', '034940.KQ', '033239.KQ', '036039.KQ', '036807.KQ', '035615.KQ', '034950.KQ', '032640.KS', '032569.KS', '036037.KQ', '035150.KS', '035600.KQ', '035890.KQ', '036809.KQ', '036000.KQ', '036005.KQ', '036420.KS', '036200.KQ', '035619.KQ', '032580.KQ', '036535.KS', '033160.KQ', '033320.KQ', '036805.KQ', '033200.KQ', '034230.KS', '036220.KQ', '036630.KQ', '032300.KQ', '031825.KS', '032940.KQ', '035760.KQ', '035620.KQ', '036640.KQ', '033500.KQ', '030000.KS', '036800.KQ', '036170.KQ', '033230.KQ', '035617.KQ', '034310.KS', '033050.KQ', '032500.KQ', '033240.KS', '033270.KS', '031827.KS', '033780.KS', '030965.KQ', '032080.KQ', '030520.KQ', '035510.KS', '032860.KQ', '035515.KS', '037230.KQ']: TypeError("'NoneType' object is not subscriptable")
['031330.KQ', '033170.KQ', '033310.KQ', '036090.KQ', '033640.KQ', '033130.KQ', '030969.KQ', '036620.KQ', '033340.KQ', '032540.KQ', '032980.KQ', '033250.KS', '036560.KQ', '032620.KQ', '033560.KQ', '035200.KQ', '032350.KS', '034590.KS', '031860.KQ', '036710.KQ', '036890.KQ', '036580.KS', '035519.KS', '033327.KQ', '035720.KS', '031440.KS', '036670.KQ', '035460.KQ', '036830.KQ']: OperationalError('unable to open database file')
['036009.KQ', '033237.KQ', '030967.KQ']: possibly delisted; no price data found  (period=3mo) (Yahoo error = "No data found, symbol may be delisted")
Failed to get ticker '039245.KQ' reason: Failed to perform, curl: (6) getaddrinfo() thread failed to start. See https://curl.se/libcurl/c/libcurl-errors.html first for more details.
Failed to get ticker '043157.KQ' reason: Failed to perform, curl: (6) getaddrinfo() thread failed to start. See https://curl.se/libcurl/c/libcurl-errors.html first for more details.
Failed to get ticker '042375.KQ' reason: Failed to perform, curl: (6) getaddrinfo() thread failed to start. See https://curl.se/libcurl/c/libcurl-errors.html first for more details.
Failed to get ticker '039247.KQ' reason: Failed to perform, curl: (6) getaddrinfo() thread failed to start. See https://curl.se/libcurl/c/libcurl-errors.html first for more details.
Failed to get ticker '042117.KQ' reason: Failed to perform, curl: (6) getaddrinfo() thread failed to start. See https://curl.se/libcurl/c/libcurl-errors.html first for more details.
Failed to get ticker '042379.KQ' reason: Failed to perform, curl: (6) getaddrinfo() thread failed to start. See https://curl.se/libcurl/c/libcurl-errors.html first for more details.
Failed to get ticker '039429.KQ' reason: Failed to perform, curl: (6) Could not resolve host: query1.finance.yahoo.com. See https://curl.se/libcurl/c/libcurl-errors.html first for more details.
Failed to get ticker '038687.KQ' reason: Failed to perform, curl: (6) getaddrinfo() thread failed to start. See https://curl.se/libcurl/c/libcurl-errors.html first for more details.
Failed to get ticker '038067.KQ' reason: Failed to perform, curl: (6) Could not resolve host: query2.finance.yahoo.com. See https://curl.se/libcurl/c/libcurl-errors.html first for more details.
Failed to get ticker '043159.KQ' reason: Failed to perform, curl: (6) getaddrinfo() thread failed to start. See https://curl.se/libcurl/c/libcurl-errors.html first for more details.
Failed to get ticker '043377.KQ' reason: Failed to perform, curl: (6) Could not resolve host: query2.finance.yahoo.com. See https://curl.se/libcurl/c/libcurl-errors.html first for more details.
Failed to get ticker '039425.KQ' reason: Failed to perform, curl: (6) getaddrinfo() thread failed to start. See https://curl.se/libcurl/c/libcurl-errors.html first for more details.
Failed to get ticker '041937.KQ' reason: Failed to perform, curl: (6) getaddrinfo() thread failed to start. See https://curl.se/libcurl/c/libcurl-errors.html first for more details.
Failed to get ticker '041935.KQ' reason: Failed to perform, curl: (6) getaddrinfo() thread failed to start. See https://curl.se/libcurl/c/libcurl-errors.html first for more details.
Failed to get ticker '042377.KQ' reason: Failed to perform, curl: (6) getaddrinfo() thread failed to start. See https://curl.se/libcurl/c/libcurl-errors.html first for more details.
Failed to get ticker '042115.KQ' reason: Failed to perform, curl: (6) getaddrinfo() thread failed to start. See https://curl.se/libcurl/c/libcurl-errors.html first for more details.
Failed to get ticker '043379.KQ' reason: Failed to perform, curl: (6) getaddrinfo() thread failed to start. See https://curl.se/libcurl/c/libcurl-errors.html first for more details.
Failed to get ticker '046945.KQ' reason: Failed to perform, curl: (6) getaddrinfo() thread failed to start. See https://curl.se/libcurl/c/libcurl-errors.html first for more details.
$039429.KQ: possibly delisted; no price data found  (period=3mo) (Yahoo error = "No data found, symbol may be delisted")
Failed to get ticker '038019.KQ' reason: Failed to perform, curl: (6) getaddrinfo() thread failed to start. See https://curl.se/libcurl/c/libcurl-errors.html first for more details.
Failed to get ticker '046947.KQ' reason: Failed to perform, curl: (6) getaddrinfo() thread failed to start. See https://curl.se/libcurl/c/libcurl-errors.html first for more details.
Failed to get ticker '038689.KQ' reason: Failed to perform, curl: (6) getaddrinfo() thread failed to start. See https://curl.se/libcurl/c/libcurl-errors.html first for more details.
Failed to get ticker '038685.KQ' reason: Failed to perform, curl: (6) Could not resolve host: query2.finance.yahoo.com. See https://curl.se/libcurl/c/libcurl-errors.html first for more details.
Failed to get ticker '042119.KQ' reason: Failed to perform, curl: (6) getaddrinfo() thread failed to start. See https://curl.se/libcurl/c/libcurl-errors.html first for more details.
Failed to get ticker '043155.KQ' reason: Failed to perform, curl: (6) getaddrinfo() thread failed to start. See https://curl.se/libcurl/c/libcurl-errors.html first for more details.

145 Failed downloads:
['043910.KQ', '037350.KQ', '038500.KQ', '038110.KQ', '042110.KQ', '039860.KQ', '039245.KQ', '045300.KQ', '043090.KQ', '043157.KQ', '042375.KQ', '041930.KQ', '045970.KQ', '039247.KQ', '037950.KQ', '045100.KQ', '037710.KS', '039010.KQ', '042117.KQ', '045340.KQ', '037460.KQ', '040350.KQ', '042379.KQ', '046310.KQ', '038390.KQ', '038460.KQ', '040420.KQ', '043610.KQ', '042370.KQ', '042510.KQ', '039310.KQ', '038687.KQ', '043590.KQ', '041460.KQ', '038010.KQ', '037440.KQ', '043650.KQ', '038067.KQ', '042520.KQ', '040910.KQ', '046970.KQ', '037560.KS', '038950.KQ', '043159.KQ', '043377.KQ', '045520.KQ', '044380.KS', '045390.KQ', '039425.KQ', '040300.KQ', '044490.KQ', '046120.KQ', '041937.KQ', '039200.KQ', '037270.KS', '046210.KQ', '043100.KQ', '044340.KQ', '046070.KQ', '039570.KS', '041520.KQ', '039340.KQ', '041935.KQ', '045060.KQ', '043710.KQ', '037330.KQ', '042040.KQ', '042377.KQ', '042600.KQ', '044450.KS', '037370.KQ', '038540.KQ', '038620.KQ', '037760.KQ', '044480.KQ', '041510.KQ', '042700.KS', '041920.KQ', '042115.KQ', '041650.KS', '043379.KQ', '046945.KQ', '038530.KQ', '038019.KQ', '039560.KQ', '046947.KQ', '042940.KQ', '044960.KQ', '038689.KQ', '046440.KQ', '042660.KS', '038880.KQ', '043260.KQ', '041590.KQ', '039020.KQ', '043220.KQ', '039030.KQ', '038685.KQ', '038870.KQ', '039610.KQ', '042119.KQ', '039830.KQ', '043155.KQ']: TypeError("'NoneType' object is not subscriptable")
['039840.KQ', '043360.KQ', '038680.KQ', '041939.KQ', '039740.KQ', '038060.KQ', '045660.KQ', '044990.KQ', '039290.KQ', '046940.KQ', '039130.KS', '037400.KQ', '046890.KQ', '046949.KQ', '045510.KQ', '038065.KQ', '039240.KQ', '039427.KQ', '044780.KQ', '044180.KQ', '041830.KQ', '043375.KQ', '044820.KS', '041960.KQ', '047040.KS', '039980.KQ', '043340.KQ', '038017.KQ', '043150.KQ', '038015.KQ', '039420.KQ', '041440.KQ', '038069.KQ', '043200.KQ', '039249.KQ', '042420.KQ', '038290.KQ', '040160.KQ', '039440.KQ', '038070.KQ', '042000.KQ']: OperationalError('unable to open database file')
['039429.KQ']: possibly delisted; no price data found  (period=3mo) (Yahoo error = "No data found, symbol may be delisted")
Failed to get ticker '054939.KQ' reason: Failed to perform, curl: (6) Could not resolve host: query2.finance.yahoo.com. See https://curl.se/libcurl/c/libcurl-errors.html first for more details.
Failed to get ticker '056369.KQ' reason: Failed to perform, curl: (6) getaddrinfo() thread failed to start. See https://curl.se/libcurl/c/libcurl-errors.html first for more details.
Failed to get ticker '049525.KQ' reason: Failed to perform, curl: (6) getaddrinfo() thread failed to start. See https://curl.se/libcurl/c/libcurl-errors.html first for more details.
Failed to get ticker '047827.KQ' reason: Failed to perform, curl: (6) getaddrinfo() thread failed to start. See https://curl.se/libcurl/c/libcurl-errors.html first for more details.
Failed to get ticker '051169.KQ' reason: Failed to perform, curl: (6) getaddrinfo() thread failed to start. See https://curl.se/libcurl/c/libcurl-errors.html first for more details.
Failed to get ticker '047825.KQ' reason: Failed to perform, curl: (6) getaddrinfo() thread failed to start. See https://curl.se/libcurl/c/libcurl-errors.html first for more details.
Failed to get ticker '053627.KQ' reason: Failed to perform, curl: (6) getaddrinfo() thread failed to start. See https://curl.se/libcurl/c/libcurl-errors.html first for more details.
Failed to get ticker '054937.KQ' reason: Failed to perform, curl: (6) Could not resolve host: query1.finance.yahoo.com. See https://curl.se/libcurl/c/libcurl-errors.html first for more details.
Failed to get ticker '058407.KQ' reason: Failed to perform, curl: (6) getaddrinfo() thread failed to start. See https://curl.se/libcurl/c/libcurl-errors.html first for more details.
Failed to get ticker '051165.KQ' reason: Failed to perform, curl: (6) Could not resolve host: query2.finance.yahoo.com. See https://curl.se/libcurl/c/libcurl-errors.html first for more details.
Failed to get ticker '047829.KQ' reason: Failed to perform, curl: (6) Could not resolve host: query2.finance.yahoo.com. See https://curl.se/libcurl/c/libcurl-errors.html first for more details.
Failed to get ticker '054055.KQ' reason: Failed to perform, curl: (6) getaddrinfo() thread failed to start. See https://curl.se/libcurl/c/libcurl-errors.html first for more details.
Failed to get ticker '052425.KQ' reason: Failed to perform, curl: (6) Could not resolve host: query2.finance.yahoo.com. See https://curl.se/libcurl/c/libcurl-errors.html first for more details.
Failed to get ticker '058405.KQ' reason: Failed to perform, curl: (6) getaddrinfo() thread failed to start. See https://curl.se/libcurl/c/libcurl-errors.html first for more details.
Failed to get ticker '053629.KQ' reason: Failed to perform, curl: (6) Could not resolve host: query2.finance.yahoo.com. See https://curl.se/libcurl/c/libcurl-errors.html first for more details.
Failed to get ticker '053987.KQ' reason: Failed to perform, curl: (6) getaddrinfo() thread failed to start. See https://curl.se/libcurl/c/libcurl-errors.html first for more details.
Failed to get ticker '056365.KQ' reason: Failed to perform, curl: (6) getaddrinfo() thread failed to start. See https://curl.se/libcurl/c/libcurl-errors.html first for more details.
Failed to get ticker '049527.KQ' reason: unable to open database file
Failed to get ticker '052799.KQ' reason: Failed to perform, curl: (6) getaddrinfo() thread failed to start. See https://curl.se/libcurl/c/libcurl-errors.html first for more details.
Failed to get ticker '053985.KQ' reason: Failed to perform, curl: (6) getaddrinfo() thread failed to start. See https://curl.se/libcurl/c/libcurl-errors.html first for more details.
Failed to get ticker '052795.KQ' reason: Failed to perform, curl: (6) getaddrinfo() thread failed to start. See https://curl.se/libcurl/c/libcurl-errors.html first for more details.
Failed to get ticker '054935.KQ' reason: Failed to perform, curl: (6) getaddrinfo() thread failed to start. See https://curl.se/libcurl/c/libcurl-errors.html first for more details.
$052795.KQ: possibly delisted; no price data found  (period=3mo) (Yahoo error = "No data found, symbol may be delisted")
$053989.KQ: possibly delisted; no price data found  (period=3mo) (Yahoo error = "No data found, symbol may be delisted")

145 Failed downloads:
['049630.KQ', '054939.KQ', '048530.KQ', '056360.KQ', '056369.KQ', '047050.KS', '049525.KQ', '049080.KQ', '052790.KQ', '047310.KQ', '054050.KQ', '047827.KQ', '051980.KQ', '049120.KQ', '051169.KQ', '054950.KQ', '051160.KQ', '053610.KQ', '056090.KQ', '053270.KQ', '049550.KQ', '053160.KQ', '047825.KQ', '052400.KQ', '056190.KQ', '054220.KQ', '049430.KQ', '054450.KQ', '057050.KS', '049180.KQ', '053627.KQ', '053280.KQ', '053050.KQ', '054300.KQ', '054800.KQ', '054937.KQ', '053690.KS', '052460.KQ', '053580.KQ', '053700.KQ', '053260.KQ', '049470.KQ', '054930.KQ', '051165.KQ', '058407.KQ', '048550.KQ', '051600.KS', '047829.KQ', '054055.KQ', '047770.KQ', '051490.KQ', '050760.KQ', '052425.KQ', '052770.KQ', '049720.KQ', '058400.KQ', '051500.KQ', '050960.KQ', '054090.KQ', '058405.KQ', '048470.KQ', '052220.KQ', '047560.KQ', '053629.KQ', '048410.KQ', '052300.KQ', '056700.KQ', '047400.KS', '053987.KQ', '051390.KQ', '049527.KQ', '056365.KQ', '053980.KQ', '052799.KQ', '052900.KQ', '049480.KQ', '047080.KQ', '050090.KQ', '049960.KQ', '058110.KQ', '049830.KQ', '053450.KQ', '051630.KS', '054210.KQ', '048870.KQ', '057540.KQ', '054620.KQ', '055490.KS', '048910.KQ', '052600.KQ', '050890.KQ', '054540.KQ', '053985.KQ', '049800.KS', '053060.KQ', '054935.KQ', '057030.KQ']: TypeError("'NoneType' object is not subscriptable")
['049529.KQ', '052710.KQ', '054059.KQ', '053290.KQ', '053620.KQ', '054180.KQ', '053950.KQ', '053300.KQ', '052797.KQ', '052020.KQ', '052330.KQ', '049950.KQ', '048770.KQ', '051167.KQ', '052427.KQ', '053080.KQ', '047820.KQ', '053210.KS', '047810.KS', '052690.KS', '054940.KQ', '052860.KQ', '056080.KQ', '054057.KQ', '056730.KQ', '053800.KQ', '054670.KQ', '054920.KQ', '052260.KQ', '048430.KQ', '051900.KS', '050860.KQ', '054410.KQ', '053030.KQ', '054040.KQ', '052420.KQ', '053625.KQ', '048830.KQ', '053350.KQ', '051380.KQ', '057680.KQ', '054780.KQ', '050120.KQ', '050110.KQ', '056367.KQ', '052429.KQ']: OperationalError('unable to open database file')
['052795.KQ', '053989.KQ']: possibly delisted; no price data found  (period=3mo) (Yahoo error = "No data found, symbol may be delisted")
Failed to get ticker '058859.KS' reason: Failed to perform, curl: (6) Could not resolve host: query2.finance.yahoo.com. See https://curl.se/libcurl/c/libcurl-errors.html first for more details.
Failed to get ticker '066910.KQ' reason: Failed to perform, curl: (6) getaddrinfo() thread failed to start. See https://curl.se/libcurl/c/libcurl-errors.html first for more details.
Failed to get ticker '061255.KQ' reason: Failed to perform, curl: (6) Could not resolve host: query2.finance.yahoo.com. See https://curl.se/libcurl/c/libcurl-errors.html first for more details.
Failed to get ticker '058857.KS' reason: Failed to perform, curl: (77) error setting certificate verify locations:  CAfile: /Users/ajay/Library/Python/3.9/lib/python/site-packages/certifi/cacert.pem CApath: none. See https://curl.se/libcurl/c/libcurl-errors.html first for more details.
Failed to get ticker '067570.KQ' reason: Failed to perform, curl: (6) getaddrinfo() thread failed to start. See https://curl.se/libcurl/c/libcurl-errors.html first for more details.
Failed to get ticker '060240.KQ' reason: Failed to perform, curl: (6) getaddrinfo() thread failed to start. See https://curl.se/libcurl/c/libcurl-errors.html first for more details.
Failed to get ticker '065710.KQ' reason: Failed to perform, curl: (6) getaddrinfo() thread failed to start. See https://curl.se/libcurl/c/libcurl-errors.html first for more details.
Failed to get ticker '068940.KQ' reason: Failed to perform, curl: (6) getaddrinfo() thread failed to start. See https://curl.se/libcurl/c/libcurl-errors.html first for more details.
Failed to get ticker '066627.KQ' reason: Failed to perform, curl: (6) getaddrinfo() thread failed to start. See https://curl.se/libcurl/c/libcurl-errors.html first for more details.
Failed to get ticker '067770.KQ' reason: Failed to perform, curl: (6) getaddrinfo() thread failed to start. See https://curl.se/libcurl/c/libcurl-errors.html first for more details.
Failed to get ticker '069519.KQ' reason: Failed to perform, curl: (6) getaddrinfo() thread failed to start. See https://curl.se/libcurl/c/libcurl-errors.html first for more details.
Failed to get ticker '060560.KQ' reason: Failed to perform, curl: (6) getaddrinfo() thread failed to start. See https://curl.se/libcurl/c/libcurl-errors.html first for more details.
Failed to get ticker '067289.KQ' reason: Failed to perform, curl: (6) getaddrinfo() thread failed to start. See https://curl.se/libcurl/c/libcurl-errors.html first for more details.
Failed to get ticker '066677.KQ' reason: Failed to perform, curl: (6) Could not resolve host: query2.finance.yahoo.com. See https://curl.se/libcurl/c/libcurl-errors.html first for more details.
Failed to get ticker '067730.KQ' reason: Failed to perform, curl: (6) Could not resolve host: query2.finance.yahoo.com. See https://curl.se/libcurl/c/libcurl-errors.html first for more details.
Failed to get ticker '064290.KQ' reason: Failed to perform, curl: (6) getaddrinfo() thread failed to start. See https://curl.se/libcurl/c/libcurl-errors.html first for more details.
Failed to get ticker '060280.KQ' reason: Failed to perform, curl: (6) Could not resolve host: query2.finance.yahoo.com. See https://curl.se/libcurl/c/libcurl-errors.html first for more details.
Failed to get ticker '065350.KQ' reason: Failed to perform, curl: (6) getaddrinfo() thread failed to start. See https://curl.se/libcurl/c/libcurl-errors.html first for more details.
Failed to get ticker '066675.KQ' reason: Failed to perform, curl: (6) Could not resolve host: query2.finance.yahoo.com. See https://curl.se/libcurl/c/libcurl-errors.html first for more details.
Failed to get ticker '061259.KQ' reason: Failed to perform, curl: (6) getaddrinfo() thread failed to start. See https://curl.se/libcurl/c/libcurl-errors.html first for more details.
Failed to get ticker '068240.KQ' reason: Failed to perform, curl: (6) getaddrinfo() thread failed to start. See https://curl.se/libcurl/c/libcurl-errors.html first for more details.
Failed to get ticker '065680.KQ' reason: Failed to perform, curl: (6) getaddrinfo() thread failed to start. See https://curl.se/libcurl/c/libcurl-errors.html first for more details.
Failed to get ticker '066625.KQ' reason: Failed to perform, curl: (6) getaddrinfo() thread failed to start. See https://curl.se/libcurl/c/libcurl-errors.html first for more details.
Failed to get ticker '066679.KQ' reason: Failed to perform, curl: (6) Could not resolve host: query2.finance.yahoo.com. See https://curl.se/libcurl/c/libcurl-errors.html first for more details.
Failed to get ticker '069517.KQ' reason: Failed to perform, curl: (6) getaddrinfo() thread failed to start. See https://curl.se/libcurl/c/libcurl-errors.html first for more details.
Failed to get ticker '067285.KQ' reason: Failed to perform, curl: (6) getaddrinfo() thread failed to start. See https://curl.se/libcurl/c/libcurl-errors.html first for more details.
Failed to get ticker '067080.KQ' reason: Failed to perform, curl: (6) getaddrinfo() thread failed to start. See https://curl.se/libcurl/c/libcurl-errors.html first for more details.
$069517.KQ: possibly delisted; no price data found  (period=3mo) (Yahoo error = "No data found, symbol may be delisted")
$058409.KQ: possibly delisted; no price data found  (period=3mo) (Yahoo error = "No data found, symbol may be delisted")

146 Failed downloads:
['065370.KQ', '069510.KQ', '059100.KQ', '065500.KQ', '058630.KQ', '061040.KQ', '069140.KQ', '067290.KQ', '066310.KQ', '061257.KQ', '068270.KS', '066629.KQ', '068330.KQ', '058855.KS', '069515.KQ', '060380.KQ', '060850.KQ', '067287.KQ', '067900.KQ', '058850.KS', '060230.KQ', '067170.KQ', '058610.KQ', '063440.KQ', '063080.KQ', '067830.KS', '065510.KQ']: OperationalError('unable to open database file')
['066590.KQ', '058859.KS', '060900.KQ', '067370.KQ', '065150.KQ', '066910.KQ', '066790.KQ', '069260.KS', '069410.KQ', '065450.KQ', '060480.KQ', '061255.KQ', '069460.KS', '063760.KQ', '058650.KS', '069330.KQ', '067000.KQ', '067570.KQ', '060150.KQ', '065660.KQ', '060240.KQ', '066430.KQ', '066130.KQ', '064520.KQ', '065710.KQ', '067160.KQ', '065530.KQ', '068940.KQ', '068930.KQ', '05IS.L', '060720.KQ', '064820.KQ', '065650.KQ', '066627.KQ', '064400.KS', '065170.KQ', '058857.KS', '068100.KQ', '067770.KQ', '069620.KS', '058470.KQ', '058860.KS', '059270.KQ', '065440.KQ', '063170.KQ', '063160.KS', '065420.KQ', '068050.KQ', '062040.KS', '065690.KQ', '067289.KQ', '069519.KQ', '060560.KQ', '065130.KQ', '066670.KQ', '066677.KQ', '064480.KQ', '068790.KQ', '067390.KQ', '069080.KQ', '065570.KQ', '067730.KQ', '067990.KQ', '064290.KQ', '064960.KS', '060540.KQ', '066900.KQ', '058450.KQ', '064350.KS', '064550.KQ', '065950.KQ', '068760.KQ', '060280.KQ', '060260.KQ', '062970.KQ', '059120.KQ', '060590.KQ', '065350.KQ', '063570.KQ', '066980.KQ', '067010.KQ', '064240.KQ', '066675.KQ', '069640.KS', '067920.KQ', '068290.KS', '066570.KS', '066700.KQ', '067630.KQ', '064850.KQ', '060370.KQ', '059210.KQ', '069730.KS', '066410.KQ', '058430.KS', '069540.KQ', '066360.KQ', '064760.KQ', '061970.KQ', '058820.KQ', '065770.KQ', '065060.KQ', '068240.KQ', '061259.KQ', '065680.KQ', '067280.KQ', '066625.KQ', '066620.KQ', '061250.KQ', '066679.KQ', '064090.KQ', '067285.KQ', '064260.KQ', '064800.KQ', '058970.KQ', '060570.KQ', '067080.KQ']: TypeError("'NoneType' object is not subscriptable")
['069517.KQ', '058409.KQ']: possibly delisted; no price data found  (period=3mo) (Yahoo error = "No data found, symbol may be delisted")
Failed to get ticker '074430.KQ' reason: Failed to perform, curl: (6) getaddrinfo() thread failed to start. See https://curl.se/libcurl/c/libcurl-errors.html first for more details.
Failed to get ticker '072475.KQ' reason: Failed to perform, curl: (77) error setting certificate verify locations:  CAfile: /Users/ajay/Library/Python/3.9/lib/python/site-packages/certifi/cacert.pem CApath: none. See https://curl.se/libcurl/c/libcurl-errors.html first for more details.
Failed to get ticker '083640.KQ' reason: Failed to perform, curl: (6) getaddrinfo() thread failed to start. See https://curl.se/libcurl/c/libcurl-errors.html first for more details.
Failed to get ticker '081000.KS' reason: Failed to perform, curl: (77) error setting certificate verify locations:  CAfile: /Users/ajay/Library/Python/3.9/lib/python/site-packages/certifi/cacert.pem CApath: none. See https://curl.se/libcurl/c/libcurl-errors.html first for more details.
Failed to get ticker '079819.KQ' reason: Failed to perform, curl: (77) error setting certificate verify locations:  CAfile: /Users/ajay/Library/Python/3.9/lib/python/site-packages/certifi/cacert.pem CApath: none. See https://curl.se/libcurl/c/libcurl-errors.html first for more details.
Failed to get ticker '080720.KQ' reason: Failed to perform, curl: (6) Could not resolve host: query2.finance.yahoo.com. See https://curl.se/libcurl/c/libcurl-errors.html first for more details.
Failed to get ticker '072479.KQ' reason: Failed to perform, curl: (6) Could not resolve host: query2.finance.yahoo.com. See https://curl.se/libcurl/c/libcurl-errors.html first for more details.
Failed to get ticker '079430.KS' reason: Failed to perform, curl: (6) Could not resolve host: query2.finance.yahoo.com. See https://curl.se/libcurl/c/libcurl-errors.html first for more details.
Failed to get ticker '084670.KS' reason: Failed to perform, curl: (6) Could not resolve host: query2.finance.yahoo.com. See https://curl.se/libcurl/c/libcurl-errors.html first for more details.
Failed to get ticker '078860.KQ' reason: Failed to perform, curl: (6) getaddrinfo() thread failed to start. See https://curl.se/libcurl/c/libcurl-errors.html first for more details.
Failed to get ticker '073569.KQ' reason: Failed to perform, curl: (6) getaddrinfo() thread failed to start. See https://curl.se/libcurl/c/libcurl-errors.html first for more details.
Failed to get ticker '069739.KS' reason: Failed to perform, curl: (6) getaddrinfo() thread failed to start. See https://curl.se/libcurl/c/libcurl-errors.html first for more details.
Failed to get ticker '078079.KQ' reason: Failed to perform, curl: (6) getaddrinfo() thread failed to start. See https://curl.se/libcurl/c/libcurl-errors.html first for more details.
Failed to get ticker '075130.KQ' reason: Failed to perform, curl: (6) getaddrinfo() thread failed to start. See https://curl.se/libcurl/c/libcurl-errors.html first for more details.
Failed to get ticker '083930.KQ' reason: Failed to perform, curl: (6) getaddrinfo() thread failed to start. See https://curl.se/libcurl/c/libcurl-errors.html first for more details.
Failed to get ticker '082850.KQ' reason: Failed to perform, curl: (6) getaddrinfo() thread failed to start. See https://curl.se/libcurl/c/libcurl-errors.html first for more details.
Failed to get ticker '072870.KQ' reason: Failed to perform, curl: (6) getaddrinfo() thread failed to start. See https://curl.se/libcurl/c/libcurl-errors.html first for more details.
Failed to get ticker '078075.KQ' reason: Failed to perform, curl: (6) getaddrinfo() thread failed to start. See https://curl.se/libcurl/c/libcurl-errors.html first for more details.
Failed to get ticker '069920.KQ' reason: Failed to perform, curl: (6) getaddrinfo() thread failed to start. See https://curl.se/libcurl/c/libcurl-errors.html first for more details.
Failed to get ticker '071285.KQ' reason: Failed to perform, curl: (6) getaddrinfo() thread failed to start. See https://curl.se/libcurl/c/libcurl-errors.html first for more details.
Failed to get ticker '083310.KQ' reason: Failed to perform, curl: (6) getaddrinfo() thread failed to start. See https://curl.se/libcurl/c/libcurl-errors.html first for more details.
Failed to get ticker '070590.KQ' reason: Failed to perform, curl: (6) getaddrinfo() thread failed to start. See https://curl.se/libcurl/c/libcurl-errors.html first for more details.
Failed to get ticker '084019.KS' reason: Failed to perform, curl: (6) getaddrinfo() thread failed to start. See https://curl.se/libcurl/c/libcurl-errors.html first for more details.
Failed to get ticker '069737.KS' reason: Failed to perform, curl: (6) getaddrinfo() thread failed to start. See https://curl.se/libcurl/c/libcurl-errors.html first for more details.
Failed to get ticker '075185.KS' reason: unable to open database file
Failed to get ticker '082210.KQ' reason: Failed to perform, curl: (6) getaddrinfo() thread failed to start. See https://curl.se/libcurl/c/libcurl-errors.html first for more details.
Failed to get ticker '075189.KS' reason: Failed to perform, curl: (6) getaddrinfo() thread failed to start. See https://curl.se/libcurl/c/libcurl-errors.html first for more details.
Failed to get ticker '072950.KQ' reason: Failed to perform, curl: (6) Could not resolve host: query2.finance.yahoo.com. See https://curl.se/libcurl/c/libcurl-errors.html first for more details.
Failed to get ticker '083650.KQ' reason: Failed to perform, curl: (6) getaddrinfo() thread failed to start. See https://curl.se/libcurl/c/libcurl-errors.html first for more details.
Failed to get ticker '079950.KQ' reason: Failed to perform, curl: (6) getaddrinfo() thread failed to start. See https://curl.se/libcurl/c/libcurl-errors.html first for more details.
Failed to get ticker '072710.KS' reason: Failed to perform, curl: (6) getaddrinfo() thread failed to start. See https://curl.se/libcurl/c/libcurl-errors.html first for more details.
Failed to get ticker '084015.KS' reason: Failed to perform, curl: (6) getaddrinfo() thread failed to start. See https://curl.se/libcurl/c/libcurl-errors.html first for more details.
Failed to get ticker '080580.KQ' reason: Failed to perform, curl: (6) getaddrinfo() thread failed to start. See https://curl.se/libcurl/c/libcurl-errors.html first for more details.
Failed to get ticker '083790.KQ' reason: Failed to perform, curl: (6) getaddrinfo() thread failed to start. See https://curl.se/libcurl/c/libcurl-errors.html first for more details.
Failed to get ticker '083420.KS' reason: Failed to perform, curl: (6) getaddrinfo() thread failed to start. See https://curl.se/libcurl/c/libcurl-errors.html first for more details.
Failed to get ticker '071090.KS' reason: Failed to perform, curl: (6) getaddrinfo() thread failed to start. See https://curl.se/libcurl/c/libcurl-errors.html first for more details.
Failed to get ticker '080017.KQ' reason: Failed to perform, curl: (6) getaddrinfo() thread failed to start. See https://curl.se/libcurl/c/libcurl-errors.html first for more details.
Failed to get ticker '073490.KQ' reason: Failed to perform, curl: (6) getaddrinfo() thread failed to start. See https://curl.se/libcurl/c/libcurl-errors.html first for more details.
Failed to get ticker '072470.KQ' reason: Failed to perform, curl: (6) getaddrinfo() thread failed to start. See https://curl.se/libcurl/c/libcurl-errors.html first for more details.
Failed to get ticker '078930.KS' reason: Failed to perform, curl: (6) getaddrinfo() thread failed to start. See https://curl.se/libcurl/c/libcurl-errors.html first for more details.
Failed to get ticker '079817.KQ' reason: Failed to perform, curl: (6) getaddrinfo() thread failed to start. See https://curl.se/libcurl/c/libcurl-errors.html first for more details.
Failed to get ticker '080220.KQ' reason: Failed to perform, curl: (6) getaddrinfo() thread failed to start. See https://curl.se/libcurl/c/libcurl-errors.html first for more details.
Failed to get ticker '078160.KQ' reason: Failed to perform, curl: (6) getaddrinfo() thread failed to start. See https://curl.se/libcurl/c/libcurl-errors.html first for more details.
Failed to get ticker '082270.KQ' reason: Failed to perform, curl: (6) getaddrinfo() thread failed to start. See https://curl.se/libcurl/c/libcurl-errors.html first for more details.
Failed to get ticker '084650.KQ' reason: Failed to perform, curl: (6) Could not resolve host: query2.finance.yahoo.com. See https://curl.se/libcurl/c/libcurl-errors.html first for more details.
Failed to get ticker '071287.KQ' reason: Failed to perform, curl: (6) getaddrinfo() thread failed to start. See https://curl.se/libcurl/c/libcurl-errors.html first for more details.
Failed to get ticker '071289.KQ' reason: Failed to perform, curl: (6) getaddrinfo() thread failed to start. See https://curl.se/libcurl/c/libcurl-errors.html first for more details.
Failed to get ticker '073567.KQ' reason: Failed to perform, curl: (6) Could not resolve host: query2.finance.yahoo.com. See https://curl.se/libcurl/c/libcurl-errors.html first for more details.
Failed to get ticker '078009.KS' reason: Failed to perform, curl: (6) getaddrinfo() thread failed to start. See https://curl.se/libcurl/c/libcurl-errors.html first for more details.
Failed to get ticker '080015.KQ' reason: Failed to perform, curl: (6) getaddrinfo() thread failed to start. See https://curl.se/libcurl/c/libcurl-errors.html first for more details.

146 Failed downloads:
['082920.KQ', '084680.KS', '079160.KS', '080530.KQ', '081580.KQ', '084110.KQ', '070960.KS', '081150.KQ', '069960.KS', '081660.KS', '084870.KS', '081180.KQ', '078000.KS', '085310.KS', '080520.KQ', '079815.KQ', '073190.KQ', '077360.KQ', '074600.KQ', '079370.KQ', '079965.KQ', '080420.KQ', '078077.KQ', '079170.KQ', '080019.KQ', '075187.KS', '079190.KQ', '073240.KS', '076610.KQ', '084440.KQ', '071840.KS', '078350.KQ', '073010.KQ', '084017.KS', '078520.KS', '083660.KQ', '079967.KQ', '073565.KQ', '076080.KQ', '083550.KQ', '073110.KQ', '078005.KS', '075580.KS', '082800.KQ', '073560.KQ', '072020.KQ', '072990.KQ', '080470.KQ', '079980.KS', '071970.KS', '075970.KQ', '078590.KQ', '073540.KQ', '079000.KQ', '073640.KQ', '079969.KQ', '078007.KS', '083450.KQ', '080160.KQ', '084850.KQ', '079550.KS', '069735.KS', '078340.KQ', '078150.KQ', '085660.KQ', '072477.KQ']: OperationalError('unable to open database file')
['074430.KQ', '072475.KQ', '078600.KQ', '083640.KQ', '081000.KS', '079819.KQ', '079650.KQ', '080720.KQ', '072479.KQ', '084670.KS', '075180.KS', '078890.KQ', '078860.KQ', '082740.KS', '073569.KQ', '069739.KS', '071670.KQ', '084690.KS', '075130.KQ', '078079.KQ', '071200.KQ', '080010.KQ', '083930.KQ', '072870.KQ', '082850.KQ', '078075.KQ', '069920.KQ', '071285.KQ', '079970.KQ', '084990.KQ', '083310.KQ', '071320.KS', '070590.KQ', '084019.KS', '072130.KS', '084370.KQ', '077970.KS', '084010.KS', '069737.KS', '075185.KS', '082210.KQ', '083470.KQ', '071280.KQ', '079940.KQ', '075189.KS', '078130.KQ', '072950.KQ', '083650.KQ', '079950.KQ', '072710.KS', '083500.KQ', '071850.KQ', '078140.KQ', '084015.KS', '079900.KS', '071950.KS', '073570.KQ', '080580.KQ', '077500.KS', '072770.KQ', '083790.KQ', '073490.KQ', '080017.KQ', '071090.KS', '083420.KS', '072470.KQ', '078070.KQ', '080220.KQ', '078160.KQ', '070300.KQ', '082270.KQ', '084180.KQ', '071289.KQ', '071287.KQ', '073567.KQ', '084650.KQ', '078009.KS', '079810.KQ', '080015.KQ', '079817.KQ']: TypeError("'NoneType' object is not subscriptable")
Failed to get ticker '091970.KQ' reason: Failed to perform, curl: (6) Could not resolve host: query2.finance.yahoo.com. See https://curl.se/libcurl/c/libcurl-errors.html first for more details.
Failed to get ticker '088290.KQ' reason: Failed to perform, curl: (6) getaddrinfo() thread failed to start. See https://curl.se/libcurl/c/libcurl-errors.html first for more details.
Failed to get ticker '088139.KQ' reason: Failed to perform, curl: (6) getaddrinfo() thread failed to start. See https://curl.se/libcurl/c/libcurl-errors.html first for more details.
Failed to get ticker '094280.KS' reason: Failed to perform, curl: (6) getaddrinfo() thread failed to start. See https://curl.se/libcurl/c/libcurl-errors.html first for more details.
Failed to get ticker '099220.KQ' reason: Failed to perform, curl: (6) getaddrinfo() thread failed to start. See https://curl.se/libcurl/c/libcurl-errors.html first for more details.
Failed to get ticker '091120.KQ' reason: Failed to perform, curl: (6) getaddrinfo() thread failed to start. See https://curl.se/libcurl/c/libcurl-errors.html first for more details.
Failed to get ticker '097879.KQ' reason: Failed to perform, curl: (6) getaddrinfo() thread failed to start. See https://curl.se/libcurl/c/libcurl-errors.html first for more details.
Failed to get ticker '093320.KQ' reason: Failed to perform, curl: (77) error setting certificate verify locations:  CAfile: /Users/ajay/Library/Python/3.9/lib/python/site-packages/certifi/cacert.pem CApath: none. See https://curl.se/libcurl/c/libcurl-errors.html first for more details.
Failed to get ticker '099390.KQ' reason: Failed to perform, curl: (6) Could not resolve host: query2.finance.yahoo.com. See https://curl.se/libcurl/c/libcurl-errors.html first for more details.
Failed to get ticker '090710.KQ' reason: Failed to perform, curl: (6) getaddrinfo() thread failed to start. See https://curl.se/libcurl/c/libcurl-errors.html first for more details.
Failed to get ticker '088917.KQ' reason: Failed to perform, curl: (6) getaddrinfo() thread failed to start. See https://curl.se/libcurl/c/libcurl-errors.html first for more details.
Failed to get ticker '092440.KS' reason: Failed to perform, curl: (6) getaddrinfo() thread failed to start. See https://curl.se/libcurl/c/libcurl-errors.html first for more details.
Failed to get ticker '086965.KQ' reason: Failed to perform, curl: (6) getaddrinfo() thread failed to start. See https://curl.se/libcurl/c/libcurl-errors.html first for more details.
Failed to get ticker '097800.KQ' reason: Failed to perform, curl: (6) getaddrinfo() thread failed to start. See https://curl.se/libcurl/c/libcurl-errors.html first for more details.
Failed to get ticker '090370.KS' reason: Failed to perform, curl: (6) getaddrinfo() thread failed to start. See https://curl.se/libcurl/c/libcurl-errors.html first for more details.
Failed to get ticker '089030.KQ' reason: Failed to perform, curl: (6) getaddrinfo() thread failed to start. See https://curl.se/libcurl/c/libcurl-errors.html first for more details.
Failed to get ticker '092190.KQ' reason: Failed to perform, curl: (6) getaddrinfo() thread failed to start. See https://curl.se/libcurl/c/libcurl-errors.html first for more details.
Failed to get ticker '092870.KQ' reason: Failed to perform, curl: (6) Could not resolve host: query2.finance.yahoo.com. See https://curl.se/libcurl/c/libcurl-errors.html first for more details.
Failed to get ticker '095270.KQ' reason: Failed to perform, curl: (6) getaddrinfo() thread failed to start. See https://curl.se/libcurl/c/libcurl-errors.html first for more details.
Failed to get ticker '086890.KQ' reason: Failed to perform, curl: (6) getaddrinfo() thread failed to start. See https://curl.se/libcurl/c/libcurl-errors.html first for more details.
Failed to get ticker '092307.KQ' reason: Failed to perform, curl: (6) getaddrinfo() thread failed to start. See https://curl.se/libcurl/c/libcurl-errors.html first for more details.
Failed to get ticker '089140.KQ' reason: Failed to perform, curl: (6) getaddrinfo() thread failed to start. See https://curl.se/libcurl/c/libcurl-errors.html first for more details.
Failed to get ticker '099520.KQ' reason: Failed to perform, curl: (6) getaddrinfo() thread failed to start. See https://curl.se/libcurl/c/libcurl-errors.html first for more details.
Failed to get ticker '092309.KQ' reason: Failed to perform, curl: (6) getaddrinfo() thread failed to start. See https://curl.se/libcurl/c/libcurl-errors.html first for more details.
Failed to get ticker '097875.KQ' reason: Failed to perform, curl: (6) Could not resolve host: query2.finance.yahoo.com. See https://curl.se/libcurl/c/libcurl-errors.html first for more details.
Failed to get ticker '098460.KQ' reason: Failed to perform, curl: (6) getaddrinfo() thread failed to start. See https://curl.se/libcurl/c/libcurl-errors.html first for more details.
Failed to get ticker '088790.KS' reason: Failed to perform, curl: (6) getaddrinfo() thread failed to start. See https://curl.se/libcurl/c/libcurl-errors.html first for more details.
Failed to get ticker '085670.KQ' reason: Failed to perform, curl: (6) Could not resolve host: query2.finance.yahoo.com. See https://curl.se/libcurl/c/libcurl-errors.html first for more details.
Failed to get ticker '090470.KQ' reason: Failed to perform, curl: (6) getaddrinfo() thread failed to start. See https://curl.se/libcurl/c/libcurl-errors.html first for more details.
Failed to get ticker '099430.KQ' reason: Failed to perform, curl: (6) getaddrinfo() thread failed to start. See https://curl.se/libcurl/c/libcurl-errors.html first for more details.
Failed to get ticker '089850.KQ' reason: Failed to perform, curl: (6) getaddrinfo() thread failed to start. See https://curl.se/libcurl/c/libcurl-errors.html first for more details.
Failed to get ticker '088390.KQ' reason: Failed to perform, curl: (6) getaddrinfo() thread failed to start. See https://curl.se/libcurl/c/libcurl-errors.html first for more details.
Failed to get ticker '087600.KQ' reason: Failed to perform, curl: (6) getaddrinfo() thread failed to start. See https://curl.se/libcurl/c/libcurl-errors.html first for more details.
Failed to get ticker '091340.KQ' reason: Failed to perform, curl: (6) getaddrinfo() thread failed to start. See https://curl.se/libcurl/c/libcurl-errors.html first for more details.
Failed to get ticker '094859.KQ' reason: Failed to perform, curl: (6) Could not resolve host: query2.finance.yahoo.com. See https://curl.se/libcurl/c/libcurl-errors.html first for more details.
Failed to get ticker '092305.KQ' reason: Failed to perform, curl: (6) getaddrinfo() thread failed to start. See https://curl.se/libcurl/c/libcurl-errors.html first for more details.
Failed to get ticker '086967.KQ' reason: Failed to perform, curl: (6) getaddrinfo() thread failed to start. See https://curl.se/libcurl/c/libcurl-errors.html first for more details.
Failed to get ticker '086040.KQ' reason: Failed to perform, curl: (6) getaddrinfo() thread failed to start. See https://curl.se/libcurl/c/libcurl-errors.html first for more details.
Failed to get ticker '093050.KS' reason: Failed to perform, curl: (6) getaddrinfo() thread failed to start. See https://curl.se/libcurl/c/libcurl-errors.html first for more details.
Failed to get ticker '094855.KQ' reason: Failed to perform, curl: (6) getaddrinfo() thread failed to start. See https://curl.se/libcurl/c/libcurl-errors.html first for more details.
Failed to get ticker '094857.KQ' reason: Failed to perform, curl: (6) getaddrinfo() thread failed to start. See https://curl.se/libcurl/c/libcurl-errors.html first for more details.
Failed to get ticker '094940.KQ' reason: Failed to perform, curl: (6) getaddrinfo() thread failed to start. See https://curl.se/libcurl/c/libcurl-errors.html first for more details.
Failed to get ticker '088137.KQ' reason: Failed to perform, curl: (6) Could not resolve host: query2.finance.yahoo.com. See https://curl.se/libcurl/c/libcurl-errors.html first for more details.
Failed to get ticker '088135.KQ' reason: unable to open database file
Failed to get ticker '094480.KQ' reason: Failed to perform, curl: (6) getaddrinfo() thread failed to start. See https://curl.se/libcurl/c/libcurl-errors.html first for more details.
Failed to get ticker '090360.KQ' reason: Failed to perform, curl: (6) getaddrinfo() thread failed to start. See https://curl.se/libcurl/c/libcurl-errors.html first for more details.
Failed to get ticker '097870.KQ' reason: Failed to perform, curl: (6) getaddrinfo() thread failed to start. See https://curl.se/libcurl/c/libcurl-errors.html first for more details.

146 Failed downloads:
['094970.KQ', '089600.KQ', '099750.KQ', '096760.KS', '088290.KQ', '091970.KQ', '095500.KQ', '094280.KS', '099220.KQ', '088139.KQ', '088260.KS', '097879.KQ', '093370.KS', '093320.KQ', '099390.KQ', '096690.KQ', '092440.KS', '086980.KQ', '088917.KQ', '094360.KQ', '095910.KQ', '086965.KQ', '095340.KQ', '097800.KQ', '086670.KQ', '090370.KS', '099410.KQ', '092190.KQ', '086900.KQ', '092870.KQ', '086450.KQ', '095190.KQ', '095720.KS', '089890.KQ', '086890.KQ', '095270.KQ', '092307.KQ', '092780.KS', '099520.KQ', '089140.KQ', '090410.KQ', '092309.KQ', '089470.KS', '092790.KS', '091810.KS', '087010.KQ', '087260.KQ', '097875.KQ', '086960.KQ', '089970.KQ', '098460.KQ', '094170.KQ', '086520.KQ', '093520.KQ', '092070.KQ', '094850.KQ', '088790.KS', '089790.KQ', '085670.KQ', '088910.KQ', '090470.KQ', '099430.KQ', '092600.KQ', '089850.KQ', '088390.KQ', '087600.KQ', '090460.KS', '091340.KQ', '099440.KQ', '088340.KQ', '096250.KQ', '097780.KQ', '085910.KQ', '095700.KQ', '089980.KQ', '093190.KQ', '094859.KQ', '096350.KQ', '092730.KQ', '094860.KQ', '091590.KQ', '098660.KQ', '092305.KQ', '090350.KS', '086967.KQ', '096610.KQ', '089230.KQ', '096240.KQ', '097950.KS', '092460.KQ', '086040.KQ', '093050.KS', '092040.KQ', '094855.KQ', '096770.KS', '092200.KS', '094857.KQ', '097520.KS', '091580.KQ', '094940.KQ', '088137.KQ', '090360.KQ', '094480.KQ', '088135.KQ']: TypeError("'NoneType' object is not subscriptable")
['088919.KQ', '090080.KS', '0QKU.L', '088915.KQ', '094820.KQ', '090430.KS', '093240.KS', '093380.KQ', '097877.KQ', '086969.KQ', '092130.KQ', '099190.KQ', '089010.KQ', '099320.KQ', '090150.KQ', '094840.KQ', '089860.KS', '090850.KQ', '086280.KS', '091440.KQ', '095610.KQ', '086820.KQ', '095660.KQ', '086710.KQ', '088130.KQ', '091700.KQ', '089150.KQ', '098070.KQ', '092230.KS', '096870.KQ', '086390.KQ', '088280.KQ', '096530.KQ', '096630.KQ', '089590.KS', '088800.KQ', '093640.KQ', '085810.KQ', '098120.KQ', '093920.KQ', '095570.KS', '086060.KQ']: OperationalError('unable to open database file')
Failed to get ticker '118000.KS' reason: Failed to perform, curl: (6) getaddrinfo() thread failed to start. See https://curl.se/libcurl/c/libcurl-errors.html first for more details.
Failed to get ticker '100709.KQ' reason: Failed to perform, curl: (6) getaddrinfo() thread failed to start. See https://curl.se/libcurl/c/libcurl-errors.html first for more details.
Failed to get ticker '108329.KS' reason: Failed to perform, curl: (6) getaddrinfo() thread failed to start. See https://curl.se/libcurl/c/libcurl-errors.html first for more details.
Failed to get ticker '105740.KQ' reason: Failed to perform, curl: (6) getaddrinfo() thread failed to start. See https://curl.se/libcurl/c/libcurl-errors.html first for more details.
Failed to get ticker '120037.KS' reason: Failed to perform, curl: (6) Could not resolve host: query2.finance.yahoo.com. See https://curl.se/libcurl/c/libcurl-errors.html first for more details.
Failed to get ticker '122690.KQ' reason: Failed to perform, curl: (6) Could not resolve host: query2.finance.yahoo.com. See https://curl.se/libcurl/c/libcurl-errors.html first for more details.
Failed to get ticker '120039.KS' reason: Failed to perform, curl: (6) Could not resolve host: query2.finance.yahoo.com. See https://curl.se/libcurl/c/libcurl-errors.html first for more details.
Failed to get ticker '120035.KS' reason: Failed to perform, curl: (6) getaddrinfo() thread failed to start. See https://curl.se/libcurl/c/libcurl-errors.html first for more details.
Failed to get ticker '115500.KQ' reason: Failed to perform, curl: (6) getaddrinfo() thread failed to start. See https://curl.se/libcurl/c/libcurl-errors.html first for more details.
Failed to get ticker '103590.KS' reason: Failed to perform, curl: (6) getaddrinfo() thread failed to start. See https://curl.se/libcurl/c/libcurl-errors.html first for more details.
Failed to get ticker '122640.KQ' reason: unable to open database file
Failed to get ticker '120110.KS' reason: Failed to perform, curl: (6) getaddrinfo() thread failed to start. See https://curl.se/libcurl/c/libcurl-errors.html first for more details.
Failed to get ticker '102267.KS' reason: Failed to perform, curl: (6) Could not resolve host: query2.finance.yahoo.com. See https://curl.se/libcurl/c/libcurl-errors.html first for more details.
Failed to get ticker '111717.KQ' reason: Failed to perform, curl: (6) getaddrinfo() thread failed to start. See https://curl.se/libcurl/c/libcurl-errors.html first for more details.
Failed to get ticker '108327.KS' reason: Failed to perform, curl: (6) Could not resolve host: query2.finance.yahoo.com. See https://curl.se/libcurl/c/libcurl-errors.html first for more details.
Failed to get ticker '119610.KQ' reason: Failed to perform, curl: (6) getaddrinfo() thread failed to start. See https://curl.se/libcurl/c/libcurl-errors.html first for more details.
Failed to get ticker '100707.KQ' reason: Failed to perform, curl: (6) getaddrinfo() thread failed to start. See https://curl.se/libcurl/c/libcurl-errors.html first for more details.
Failed to get ticker '104830.KQ' reason: Failed to perform, curl: (6) getaddrinfo() thread failed to start. See https://curl.se/libcurl/c/libcurl-errors.html first for more details.
Failed to get ticker '100030.KQ' reason: Failed to perform, curl: (6) getaddrinfo() thread failed to start. See https://curl.se/libcurl/c/libcurl-errors.html first for more details.
Failed to get ticker '102269.KS' reason: Failed to perform, curl: (6) getaddrinfo() thread failed to start. See https://curl.se/libcurl/c/libcurl-errors.html first for more details.
Failed to get ticker '100597.KQ' reason: Failed to perform, curl: (6) Could not resolve host: query2.finance.yahoo.com. See https://curl.se/libcurl/c/libcurl-errors.html first for more details.
Failed to get ticker '100705.KQ' reason: Failed to perform, curl: (6) getaddrinfo() thread failed to start. See https://curl.se/libcurl/c/libcurl-errors.html first for more details.
Failed to get ticker '114090.KS' reason: Failed to perform, curl: (6) getaddrinfo() thread failed to start. See https://curl.se/libcurl/c/libcurl-errors.html first for more details.
Failed to get ticker '122350.KQ' reason: Failed to perform, curl: (6) getaddrinfo() thread failed to start. See https://curl.se/libcurl/c/libcurl-errors.html first for more details.
Failed to get ticker '101360.KQ' reason: Failed to perform, curl: (6) getaddrinfo() thread failed to start. See https://curl.se/libcurl/c/libcurl-errors.html first for more details.
Failed to get ticker '115315.KQ' reason: Failed to perform, curl: (6) getaddrinfo() thread failed to start. See https://curl.se/libcurl/c/libcurl-errors.html first for more details.
Failed to get ticker '123425.KQ' reason: Failed to perform, curl: (6) getaddrinfo() thread failed to start. See https://curl.se/libcurl/c/libcurl-errors.html first for more details.
Failed to get ticker '121890.KQ' reason: Failed to perform, curl: (6) getaddrinfo() thread failed to start. See https://curl.se/libcurl/c/libcurl-errors.html first for more details.
Failed to get ticker '105330.KQ' reason: Failed to perform, curl: (6) Could not resolve host: query2.finance.yahoo.com. See https://curl.se/libcurl/c/libcurl-errors.html first for more details.
Failed to get ticker '115317.KQ' reason: Failed to perform, curl: (6) getaddrinfo() thread failed to start. See https://curl.se/libcurl/c/libcurl-errors.html first for more details.
Failed to get ticker '102370.KQ' reason: Failed to perform, curl: (6) getaddrinfo() thread failed to start. See https://curl.se/libcurl/c/libcurl-errors.html first for more details.

148 Failed downloads:
['101730.KQ', '115570.KQ', '117730.KQ', '117580.KS', '101240.KQ', '118000.KS', '100220.KS', '100709.KQ', '105630.KS', '123420.KQ', '115610.KQ', '100660.KQ', '115530.KQ', '123330.KQ', '102940.KQ', '102120.KQ', '108320.KS', '10NC.L', '122870.KQ', '108670.KS', '120037.KS', '122690.KQ', '123040.KQ', '115180.KQ', '114810.KQ', '104040.KQ', '112610.KS', '110990.KQ', '106240.KQ', '101400.KQ', '109960.KQ', '120039.KS', '122990.KQ', '100590.KQ', '109860.KQ', '101000.KQ', '101390.KQ', '120035.KS', '115500.KQ', '111110.KS', '103140.KS', '105550.KQ', '121600.KQ', '108329.KS', '109820.KQ', '122640.KQ', '113810.KQ', '104620.KQ', '105760.KQ', '104540.KQ', '115440.KQ', '104200.KQ', '111380.KS', '120240.KQ', '120110.KS', '106520.KQ', '119830.KQ', '109670.KQ', '101680.KQ', '101140.KS', '102267.KS', '102460.KS', '101670.KQ', '111717.KQ', '101530.KS', '110020.KQ', '102710.KQ', '115160.KQ', '123410.KQ', '107600.KQ', '108327.KS', '119610.KQ', '118990.KQ', '100707.KQ', '104830.KQ', '100130.KQ', '104480.KQ', '115310.KQ', '100030.KQ', '100840.KS', '108380.KQ', '102269.KS', '123010.KQ', '100250.KS', '100597.KQ', '100705.KQ', '103840.KQ', '114090.KS', '112290.KQ', '106190.KQ', '122350.KQ', '105840.KS', '120030.KS', '109610.KQ', '101360.KQ', '108490.KQ', '110790.KQ', '111770.KS', '121800.KQ', '115315.KQ', '103230.KQ', '123425.KQ', '121890.KQ', '105330.KQ', '115317.KQ', '102370.KQ']: TypeError("'NoneType' object is not subscriptable")
['117670.KQ', '114450.KQ', '107640.KQ', '101160.KQ', '104700.KS', '119650.KS', '101490.KQ', '112040.KQ', '122450.KQ', '111719.KQ', '109070.KS', '121440.KQ', '109740.KQ', '108860.KQ', '114630.KQ', '111715.KQ', '111710.KQ', '107590.KS', '122310.KQ', '101930.KQ', '114190.KQ', '101330.KQ', '100120.KQ', '114840.KQ', '101170.KQ', '115480.KQ', '119500.KQ', '106080.KQ', '122900.KS', '119850.KQ', '102265.KS', '115450.KQ', '104460.KQ', '102260.KS', '108325.KS', '101970.KQ', '100595.KQ', '109080.KQ', '115319.KQ', '100090.KS', '100700.KQ', '100599.KQ']: OperationalError('unable to open database file')
Failed to get ticker '136549.KQ' reason: Failed to perform, curl: (6) getaddrinfo() thread failed to start. See https://curl.se/libcurl/c/libcurl-errors.html first for more details.
Failed to get ticker '147760.KQ' reason: Failed to perform, curl: (6) getaddrinfo() thread failed to start. See https://curl.se/libcurl/c/libcurl-errors.html first for more details.
Failed to get ticker '125490.KQ' reason: Failed to perform, curl: (6) Could not resolve host: query2.finance.yahoo.com. See https://curl.se/libcurl/c/libcurl-errors.html first for more details.
Failed to get ticker '130660.KS' reason: Failed to perform, curl: (6) Could not resolve host: query2.finance.yahoo.com. See https://curl.se/libcurl/c/libcurl-errors.html first for more details.
Failed to get ticker '136545.KQ' reason: Failed to perform, curl: (6) getaddrinfo() thread failed to start. See https://curl.se/libcurl/c/libcurl-errors.html first for more details.
Failed to get ticker '146060.KQ' reason: Failed to perform, curl: (6) getaddrinfo() thread failed to start. See https://curl.se/libcurl/c/libcurl-errors.html first for more details.
Failed to get ticker '139050.KQ' reason: Failed to perform, curl: (6) getaddrinfo() thread failed to start. See https://curl.se/libcurl/c/libcurl-errors.html first for more details.
Failed to get ticker '130587.KQ' reason: Failed to perform, curl: (6) getaddrinfo() thread failed to start. See https://curl.se/libcurl/c/libcurl-errors.html first for more details.
Failed to get ticker '136410.KQ' reason: Failed to perform, curl: (6) getaddrinfo() thread failed to start. See https://curl.se/libcurl/c/libcurl-errors.html first for more details.
Failed to get ticker '123705.KS' reason: Failed to perform, curl: (6) getaddrinfo() thread failed to start. See https://curl.se/libcurl/c/libcurl-errors.html first for more details.
Failed to get ticker '140520.KQ' reason: Failed to perform, curl: (6) getaddrinfo() thread failed to start. See https://curl.se/libcurl/c/libcurl-errors.html first for more details.
Failed to get ticker '123707.KS' reason: Failed to perform, curl: (6) getaddrinfo() thread failed to start. See https://curl.se/libcurl/c/libcurl-errors.html first for more details.
Failed to get ticker '123427.KQ' reason: Failed to perform, curl: (6) Could not resolve host: query2.finance.yahoo.com. See https://curl.se/libcurl/c/libcurl-errors.html first for more details.
Failed to get ticker '143210.KS' reason: Failed to perform, curl: (6) Could not resolve host: query2.finance.yahoo.com. See https://curl.se/libcurl/c/libcurl-errors.html first for more details.
Failed to get ticker '131970.KQ' reason: Failed to perform, curl: (6) getaddrinfo() thread failed to start. See https://curl.se/libcurl/c/libcurl-errors.html first for more details.
Failed to get ticker '147830.KQ' reason: Failed to perform, curl: (6) getaddrinfo() thread failed to start. See https://curl.se/libcurl/c/libcurl-errors.html first for more details.
Failed to get ticker '134580.KQ' reason: Failed to perform, curl: (6) getaddrinfo() thread failed to start. See https://curl.se/libcurl/c/libcurl-errors.html first for more details.
Failed to get ticker '137319.KS' reason: Failed to perform, curl: (6) getaddrinfo() thread failed to start. See https://curl.se/libcurl/c/libcurl-errors.html first for more details.
Failed to get ticker '153460.KQ' reason: Failed to perform, curl: (6) getaddrinfo() thread failed to start. See https://curl.se/libcurl/c/libcurl-errors.html first for more details.
Failed to get ticker '159010.KQ' reason: Failed to perform, curl: (6) getaddrinfo() thread failed to start. See https://curl.se/libcurl/c/libcurl-errors.html first for more details.
Failed to get ticker '140410.KQ' reason: Failed to perform, curl: (6) getaddrinfo() thread failed to start. See https://curl.se/libcurl/c/libcurl-errors.html first for more details.
Failed to get ticker '133820.KS' reason: Failed to perform, curl: (6) getaddrinfo() thread failed to start. See https://curl.se/libcurl/c/libcurl-errors.html first for more details.
Failed to get ticker '127120.KQ' reason: Failed to perform, curl: (6) getaddrinfo() thread failed to start. See https://curl.se/libcurl/c/libcurl-errors.html first for more details.
Failed to get ticker '123429.KQ' reason: Failed to perform, curl: (6) getaddrinfo() thread failed to start. See https://curl.se/libcurl/c/libcurl-errors.html first for more details.
Failed to get ticker '123690.KS' reason: Failed to perform, curl: (6) getaddrinfo() thread failed to start. See https://curl.se/libcurl/c/libcurl-errors.html first for more details.
Failed to get ticker '130585.KQ' reason: Failed to perform, curl: (6) getaddrinfo() thread failed to start. See https://curl.se/libcurl/c/libcurl-errors.html first for more details.
Failed to get ticker '146320.KQ' reason: Failed to perform, curl: (6) getaddrinfo() thread failed to start. See https://curl.se/libcurl/c/libcurl-errors.html first for more details.
Failed to get ticker '143167.KQ' reason: Failed to perform, curl: (6) getaddrinfo() thread failed to start. See https://curl.se/libcurl/c/libcurl-errors.html first for more details.
Failed to get ticker '143165.KQ' reason: Failed to perform, curl: (6) getaddrinfo() thread failed to start. See https://curl.se/libcurl/c/libcurl-errors.html first for more details.
Failed to get ticker '144510.KQ' reason: Failed to perform, curl: (6) getaddrinfo() thread failed to start. See https://curl.se/libcurl/c/libcurl-errors.html first for more details.
Failed to get ticker '136547.KQ' reason: Failed to perform, curl: (6) getaddrinfo() thread failed to start. See https://curl.se/libcurl/c/libcurl-errors.html first for more details.
Failed to get ticker '128820.KS' reason: Failed to perform, curl: (6) getaddrinfo() thread failed to start. See https://curl.se/libcurl/c/libcurl-errors.html first for more details.
Failed to get ticker '159910.KQ' reason: Failed to perform, curl: (6) getaddrinfo() thread failed to start. See https://curl.se/libcurl/c/libcurl-errors.html first for more details.
Failed to get ticker '148150.KQ' reason: Failed to perform, curl: (6) Could not resolve host: query2.finance.yahoo.com. See https://curl.se/libcurl/c/libcurl-errors.html first for more details.
Failed to get ticker '129260.KS' reason: Failed to perform, curl: (6) Could not resolve host: query2.finance.yahoo.com. See https://curl.se/libcurl/c/libcurl-errors.html first for more details.

145 Failed downloads:
['137310.KS', '134790.KS', '140670.KQ', '128660.KQ', '134380.KS', '1420.T', '1379.T', '136549.KQ', '147760.KQ', '143240.KQ', '158430.KQ', '130500.KQ', '160190.KQ', '145210.KS', '126700.KQ', '125490.KQ', '1375.T', '131290.KQ', '153490.KQ', '1514.T', '130660.KS', '123750.KQ', '127980.KQ', '150900.KQ', '160550.KQ', '134060.KQ', '148780.KQ', '136545.KQ', '131220.KQ', '130740.KQ', '131370.KQ', '1380.T', '1443.T', '146060.KQ', '125020.KQ', '139050.KQ', '140860.KQ', '139480.KS', '139990.KS', '144960.KQ', '130587.KQ', '136410.KQ', '1491.T', '124560.KQ', '123705.KS', '140520.KQ', '131760.KQ', '1447.T', '159580.KQ', '147A.T', '137940.KQ', '126640.KQ', '127710.KQ', '123707.KS', '156100.KQ', '145170.KQ', '154030.KQ', '154040.KQ', '123427.KQ', '141080.KQ', '143210.KS', '147830.KQ', '1332.T', '126600.KQ', '136480.KQ', '131970.KQ', '145990.KS', '126730.KQ', '134580.KQ', '151860.KQ', '128940.KS', '143A.T', '125210.KQ', '129920.KQ', '137319.KS', '142760.KQ', '136490.KS', '160A.T', '139670.KQ', '131180.KQ', '153460.KQ', '159010.KQ', '143540.KQ', '138070.KQ', '142210.KQ', '138360.KQ', '153710.KQ', '148930.KQ', '140410.KQ', '136150.KQ', '145270.KS', '133820.KS', '130580.KQ', '127120.KQ', '123429.KQ', '143160.KQ', '123690.KS', '130585.KQ', '145720.KS', '146320.KQ', '126340.KQ', '126720.KS', '149950.KQ', '138610.KQ', '137400.KQ', '140910.KS', '143167.KQ', '124500.KQ', '128540.KQ', '155660.KS', '143165.KQ', '129890.KQ', '160980.KQ', '144510.KQ', '136547.KQ', '128820.KS', '145020.KQ', '1384.T', '159910.KQ', '129260.KS']: TypeError("'NoneType' object is not subscriptable")
['131030.KQ', '131400.KQ', '142A.T', '123709.KS', '130589.KQ', '140430.KQ', '123860.KQ', '137317.KS', '131100.KQ', '126880.KQ', '137080.KQ', '155650.KQ', '143169.KQ', '137315.KS', '1515.T', '142280.KQ', '131090.KQ', '138080.KQ', '141000.KQ', '140070.KQ', '136540.KQ', '123570.KQ', '126560.KS', '123700.KS', '138490.KS']: OperationalError('unable to open database file')
Failed to get ticker '194700.KQ' reason: Failed to perform, curl: (6) Could not resolve host: query2.finance.yahoo.com. See https://curl.se/libcurl/c/libcurl-errors.html first for more details.
Failed to get ticker '1869.T' reason: Failed to perform, curl: (6) getaddrinfo() thread failed to start. See https://curl.se/libcurl/c/libcurl-errors.html first for more details.
Failed to get ticker '196170.KQ' reason: Failed to perform, curl: (6) getaddrinfo() thread failed to start. See https://curl.se/libcurl/c/libcurl-errors.html first for more details.
Failed to get ticker '173130.KQ' reason: Failed to perform, curl: (6) Could not resolve host: query2.finance.yahoo.com. See https://curl.se/libcurl/c/libcurl-errors.html first for more details.
Failed to get ticker '1892.T' reason: Failed to perform, curl: (6) getaddrinfo() thread failed to start. See https://curl.se/libcurl/c/libcurl-errors.html first for more details.
Failed to get ticker '193250.KQ' reason: Failed to perform, curl: (6) getaddrinfo() thread failed to start. See https://curl.se/libcurl/c/libcurl-errors.html first for more details.
Failed to get ticker '192650.KS' reason: Failed to perform, curl: (6) Could not resolve host: query2.finance.yahoo.com. See https://curl.se/libcurl/c/libcurl-errors.html first for more details.
Failed to get ticker '177350.KQ' reason: Failed to perform, curl: (6) getaddrinfo() thread failed to start. See https://curl.se/libcurl/c/libcurl-errors.html first for more details.
Failed to get ticker '170799.KQ' reason: Failed to perform, curl: (6) getaddrinfo() thread failed to start. See https://curl.se/libcurl/c/libcurl-errors.html first for more details.
Failed to get ticker '189860.KQ' reason: Failed to perform, curl: (6) getaddrinfo() thread failed to start. See https://curl.se/libcurl/c/libcurl-errors.html first for more details.
Failed to get ticker '192445.KQ' reason: Failed to perform, curl: (6) getaddrinfo() thread failed to start. See https://curl.se/libcurl/c/libcurl-errors.html first for more details.
Failed to get ticker '171127.KQ' reason: Failed to perform, curl: (6) getaddrinfo() thread failed to start. See https://curl.se/libcurl/c/libcurl-errors.html first for more details.
Failed to get ticker '190510.KQ' reason: Failed to perform, curl: (6) getaddrinfo() thread failed to start. See https://curl.se/libcurl/c/libcurl-errors.html first for more details.
Failed to get ticker '161000.KS' reason: Failed to perform, curl: (6) getaddrinfo() thread failed to start. See https://curl.se/libcurl/c/libcurl-errors.html first for more details.
Failed to get ticker '195870.KS' reason: Failed to perform, curl: (6) getaddrinfo() thread failed to start. See https://curl.se/libcurl/c/libcurl-errors.html first for more details.
Failed to get ticker '170797.KQ' reason: Failed to perform, curl: (6) Could not resolve host: query2.finance.yahoo.com. See https://curl.se/libcurl/c/libcurl-errors.html first for more details.
Failed to get ticker '187220.KQ' reason: Failed to perform, curl: (6) getaddrinfo() thread failed to start. See https://curl.se/libcurl/c/libcurl-errors.html first for more details.
Failed to get ticker '195500.KQ' reason: Failed to perform, curl: (6) Could not resolve host: query2.finance.yahoo.com. See https://curl.se/libcurl/c/libcurl-errors.html first for more details.
Failed to get ticker '192447.KQ' reason: Failed to perform, curl: (6) getaddrinfo() thread failed to start. See https://curl.se/libcurl/c/libcurl-errors.html first for more details.
Failed to get ticker '192449.KQ' reason: Failed to perform, curl: (6) getaddrinfo() thread failed to start. See https://curl.se/libcurl/c/libcurl-errors.html first for more details.
Failed to get ticker '189690.KQ' reason: Failed to perform, curl: (6) getaddrinfo() thread failed to start. See https://curl.se/libcurl/c/libcurl-errors.html first for more details.
Failed to get ticker '171125.KQ' reason: Failed to perform, curl: (6) Could not resolve host: query2.finance.yahoo.com. See https://curl.se/libcurl/c/libcurl-errors.html first for more details.
Failed to get ticker '194480.KQ' reason: Failed to perform, curl: (6) getaddrinfo() thread failed to start. See https://curl.se/libcurl/c/libcurl-errors.html first for more details.

139 Failed downloads:
['195A.T', '1832.T', '1961.T', '180400.KQ', '1799.T', '1882.T', '196450.KQ', '192440.KQ', '189330.KQ', '172670.KQ', '1814.T', '1888.T', '198080.KQ', '1870.T', '1959.T', '175140.KQ', '198087.KQ', '177830.KQ', '171129.KQ', '170795.KQ', '1812.T', '198085.KQ']: OperationalError('unable to open database file')
['171120.KQ', '1968.T', '194700.KQ', '1869.T', '173130.KQ', '196170.KQ', '196300.KQ', '1808.T', '166480.KQ', '1892.T', '196490.KQ', '179290.KQ', '1826.T', '193250.KQ', '1719.T', '1711.T', '192650.KS', '170030.KQ', '187790.KQ', '177350.KQ', '1822.T', '170799.KQ', '183190.KS', '185490.KQ', '1921.T', '192820.KS', '1793.T', '176750.KQ', '195990.KQ', '1828.T', '189860.KQ', '183490.KQ', '163560.KS', '1945.T', '1934.T', '179530.KQ', '169330.KQ', '182400.KQ', '1815.T', '1929.T', '178780.KQ', '187870.KQ', '163280.KQ', '191410.KQ', '1866.T', '192445.KQ', '171127.KQ', '192400.KS', '192250.KQ', '196700.KQ', '190510.KQ', '171010.KQ', '1878.T', '179900.KQ', '1807.T', '170920.KQ', '1980.T', '1904.T', '184230.KQ', '1723.T', '197140.KQ', '170900.KS', '173940.KQ', '1879.T', '168330.KQ', '1867.T', '187270.KQ', '1950.T', '170797.KQ', '178920.KS', '167A.T', '168360.KQ', '1861.T', '177A.T', '162300.KQ', '161390.KS', '1926.T', '1827.T', '187220.KQ', '188040.KQ', '185750.KS', '178320.KQ', '182360.KQ', '192410.KQ', '1975.T', '189300.KQ', '161890.KS', '174900.KQ', '187660.KQ', '1810.T', '1905.T', '1951.T', '195500.KQ', '192447.KQ', '1811.T', '192080.KS', '161580.KQ', '194370.KS', '177900.KQ', '191420.KQ', '171090.KQ', '195940.KQ', '175250.KQ', '1938.T', '192449.KQ', '1946.T', '192390.KQ', '189690.KQ', '180640.KS', '171125.KQ', '1930.T', '1736.T', '194480.KQ', '1780.T', '189980.KQ', '170790.KQ', '1770.T']: TypeError("'NoneType' object is not subscriptable")
Failed to get ticker '201497.KQ' reason: Failed to perform, curl: (6) Could not resolve host: query2.finance.yahoo.com. See https://curl.se/libcurl/c/libcurl-errors.html first for more details.
Failed to get ticker '204840.KQ' reason: Failed to perform, curl: (6) getaddrinfo() thread failed to start. See https://curl.se/libcurl/c/libcurl-errors.html first for more details.
Failed to get ticker '216055.KQ' reason: Failed to perform, curl: (6) getaddrinfo() thread failed to start. See https://curl.se/libcurl/c/libcurl-errors.html first for more details.
Failed to get ticker '215790.KQ' reason: Failed to perform, curl: (6) getaddrinfo() thread failed to start. See https://curl.se/libcurl/c/libcurl-errors.html first for more details.
Failed to get ticker '215007.KQ' reason: Failed to perform, curl: (6) getaddrinfo() thread failed to start. See https://curl.se/libcurl/c/libcurl-errors.html first for more details.
Failed to get ticker '214327.KS' reason: Failed to perform, curl: (6) getaddrinfo() thread failed to start. See https://curl.se/libcurl/c/libcurl-errors.html first for more details.
Failed to get ticker '205479.KQ' reason: Failed to perform, curl: (6) getaddrinfo() thread failed to start. See https://curl.se/libcurl/c/libcurl-errors.html first for more details.
Failed to get ticker '216057.KQ' reason: Failed to perform, curl: (6) getaddrinfo() thread failed to start. See https://curl.se/libcurl/c/libcurl-errors.html first for more details.
Failed to get ticker '2218.T' reason: Failed to perform, curl: (6) getaddrinfo() thread failed to start. See https://curl.se/libcurl/c/libcurl-errors.html first for more details.
Failed to get ticker '215005.KQ' reason: Failed to perform, curl: (6) getaddrinfo() thread failed to start. See https://curl.se/libcurl/c/libcurl-errors.html first for more details.
Failed to get ticker '205475.KQ' reason: Failed to perform, curl: (6) getaddrinfo() thread failed to start. See https://curl.se/libcurl/c/libcurl-errors.html first for more details.
Failed to get ticker '201499.KQ' reason: unable to open database file
Failed to get ticker '211270.KQ' reason: Failed to perform, curl: (6) Could not resolve host: query2.finance.yahoo.com. See https://curl.se/libcurl/c/libcurl-errors.html first for more details.
Failed to get ticker '199430.KQ' reason: Failed to perform, curl: (6) Could not resolve host: query1.finance.yahoo.com. See https://curl.se/libcurl/c/libcurl-errors.html first for more details.
Failed to get ticker '199800.KQ' reason: Failed to perform, curl: (6) getaddrinfo() thread failed to start. See https://curl.se/libcurl/c/libcurl-errors.html first for more details.
Failed to get ticker '214185.KQ' reason: Failed to perform, curl: (6) getaddrinfo() thread failed to start. See https://curl.se/libcurl/c/libcurl-errors.html first for more details.
Failed to get ticker '204210.KS' reason: Failed to perform, curl: (6) Could not resolve host: query2.finance.yahoo.com. See https://curl.se/libcurl/c/libcurl-errors.html first for more details.
Failed to get ticker '214187.KQ' reason: Failed to perform, curl: (6) getaddrinfo() thread failed to start. See https://curl.se/libcurl/c/libcurl-errors.html first for more details.
Failed to get ticker '210547.KS' reason: Failed to perform, curl: (6) getaddrinfo() thread failed to start. See https://curl.se/libcurl/c/libcurl-errors.html first for more details.
Failed to get ticker '199550.KQ' reason: Failed to perform, curl: (6) getaddrinfo() thread failed to start. See https://curl.se/libcurl/c/libcurl-errors.html first for more details.
Failed to get ticker '206560.KQ' reason: Failed to perform, curl: (6) getaddrinfo() thread failed to start. See https://curl.se/libcurl/c/libcurl-errors.html first for more details.
Failed to get ticker '214325.KS' reason: Failed to perform, curl: (6) Could not resolve host: query2.finance.yahoo.com. See https://curl.se/libcurl/c/libcurl-errors.html first for more details.
Failed to get ticker '221840.KQ' reason: Failed to perform, curl: (77) error setting certificate verify locations:  CAfile: /Users/ajay/Library/Python/3.9/lib/python/site-packages/certifi/cacert.pem CApath: none. See https://curl.se/libcurl/c/libcurl-errors.html first for more details.
Failed to get ticker '214420.KS' reason: Failed to perform, curl: (6) getaddrinfo() thread failed to start. See https://curl.se/libcurl/c/libcurl-errors.html first for more details.
Failed to get ticker '213420.KQ' reason: Failed to perform, curl: (6) getaddrinfo() thread failed to start. See https://curl.se/libcurl/c/libcurl-errors.html first for more details.
Failed to get ticker '201495.KQ' reason: Failed to perform, curl: (6) getaddrinfo() thread failed to start. See https://curl.se/libcurl/c/libcurl-errors.html first for more details.
Failed to get ticker '200880.KS' reason: Failed to perform, curl: (6) getaddrinfo() thread failed to start. See https://curl.se/libcurl/c/libcurl-errors.html first for more details.
Failed to get ticker '204020.KQ' reason: Failed to perform, curl: (6) Could not resolve host: query2.finance.yahoo.com. See https://curl.se/libcurl/c/libcurl-errors.html first for more details.
Failed to get ticker '204270.KQ' reason: Failed to perform, curl: (6) getaddrinfo() thread failed to start. See https://curl.se/libcurl/c/libcurl-errors.html first for more details.
Failed to get ticker '198089.KQ' reason: Failed to perform, curl: (6) getaddrinfo() thread failed to start. See https://curl.se/libcurl/c/libcurl-errors.html first for more details.
Failed to get ticker '208350.KQ' reason: Failed to perform, curl: (6) getaddrinfo() thread failed to start. See https://curl.se/libcurl/c/libcurl-errors.html first for more details.
Failed to get ticker '2058.T' reason: Failed to perform, curl: (6) getaddrinfo() thread failed to start. See https://curl.se/libcurl/c/libcurl-errors.html first for more details.
Failed to get ticker '210549.KS' reason: Failed to perform, curl: (6) getaddrinfo() thread failed to start. See https://curl.se/libcurl/c/libcurl-errors.html first for more details.
Failed to get ticker '2137.T' reason: Failed to perform, curl: (6) Could not resolve host: query2.finance.yahoo.com. See https://curl.se/libcurl/c/libcurl-errors.html first for more details.
Failed to get ticker '216059.KQ' reason: Failed to perform, curl: (6) Could not resolve host: query2.finance.yahoo.com. See https://curl.se/libcurl/c/libcurl-errors.html first for more details.
Failed to get ticker '222420.KQ' reason: Failed to perform, curl: (6) getaddrinfo() thread failed to start. See https://curl.se/libcurl/c/libcurl-errors.html first for more details.
Failed to get ticker '214330.KS' reason: Failed to perform, curl: (6) getaddrinfo() thread failed to start. See https://curl.se/libcurl/c/libcurl-errors.html first for more details.
Failed to get ticker '208370.KQ' reason: Failed to perform, curl: (6) Could not resolve host: query2.finance.yahoo.com. See https://curl.se/libcurl/c/libcurl-errors.html first for more details.
Failed to get ticker '214370.KQ' reason: Failed to perform, curl: (6) getaddrinfo() thread failed to start. See https://curl.se/libcurl/c/libcurl-errors.html first for more details.
Failed to get ticker '215009.KQ' reason: Failed to perform, curl: (6) getaddrinfo() thread failed to start. See https://curl.se/libcurl/c/libcurl-errors.html first for more details.
Failed to get ticker '210545.KS' reason: Failed to perform, curl: (6) Could not resolve host: query2.finance.yahoo.com. See https://curl.se/libcurl/c/libcurl-errors.html first for more details.
Failed to get ticker '205477.KQ' reason: Failed to perform, curl: (6) getaddrinfo() thread failed to start. See https://curl.se/libcurl/c/libcurl-errors.html first for more details.
Failed to get ticker '215380.KQ' reason: Failed to perform, curl: (6) Could not resolve host: query2.finance.yahoo.com. See https://curl.se/libcurl/c/libcurl-errors.html first for more details.

144 Failed downloads:
['2134.T', '1992.T', '2004.T', '201497.KQ', '217190.KQ', '217270.KQ', '204840.KQ', '214150.KQ', '216055.KQ', '216050.KQ', '198440.KQ', '200780.KQ', '219750.KQ', '2117.T', '2112.T', '2201.T', '215790.KQ', '215007.KQ', '212560.KQ', '217590.KS', '214327.KS', '205479.KQ', '2204.T', '216057.KQ', '216080.KQ', '2207.T', '2218.T', '203400.KQ', '215005.KQ', '2020.OL', '205100.KQ', '205475.KQ', '215360.KQ', '200710.KQ', '200470.KQ', '210980.KS', '201499.KQ', '211270.KQ', '199730.KQ', '203690.KQ', '217480.KQ', '213500.KS', '220180.KQ', '198940.KQ', '2224.T', '199430.KQ', '214680.KQ', '206640.KQ', '219130.KQ', '204610.KQ', '215200.KQ', '220260.KQ', '199800.KQ', '214185.KQ', '2146.T', '2108.T', '214260.KQ', '207760.KQ', '208140.KQ', '204210.KS', '219550.KQ', '222080.KQ', '218410.KQ', '214187.KQ', '200670.KQ', '222040.KQ', '215090.KQ', '206400.KQ', '201490.KQ', '206560.KQ', '214325.KS', '208860.KQ', '2148.T', '214420.KS', '213420.KQ', '214450.KQ', '200880.KS', '204020.KQ', '201495.KQ', '204270.KQ', '198089.KQ', '199480.KQ', '214270.KQ', '2221.T', '218150.KQ', '208350.KQ', '217330.KQ', '2222.T', '2003.T', '2001.T', '2058.T', '222110.KQ', '208640.KQ', '199820.KQ', '2137.T', '1981.T', '210549.KS', '210547.KS', '203450.KQ', '2179.T', '215480.KQ', '2162.T', '216059.KQ', '2139.T', '204320.KS', '220100.KQ', '1SN.L', '212710.KQ', '208370.KQ', '214370.KQ', '217730.KQ', '205500.KQ', '210545.KS', '221980.KQ', '1982.T', '205477.KQ', '215380.KQ', '215009.KQ']: TypeError("'NoneType' object is not subscriptable")
['219420.KQ', '214329.KS', '207940.KS', '214180.KQ', '214430.KQ', '200130.KQ', '215000.KQ', '200350.KQ', '2138.T', '208710.KQ', '214610.KQ', '210120.KQ', '222160.KQ', '217500.KQ', '214189.KQ', '2158.T', '205470.KQ', '200230.KQ', '214320.KS', '217820.KQ', '222800.KQ', '215100.KQ', '214390.KS', '203650.KQ', '206650.KQ', '215600.KQ']: OperationalError('unable to open database file')
Failed to get ticker '228859.KQ' reason: Failed to perform, curl: (6) getaddrinfo() thread failed to start. See https://curl.se/libcurl/c/libcurl-errors.html first for more details.
Failed to get ticker '253840.KQ' reason: Failed to perform, curl: (6) getaddrinfo() thread failed to start. See https://curl.se/libcurl/c/libcurl-errors.html first for more details.
Failed to get ticker '247660.KQ' reason: Failed to perform, curl: (6) Could not resolve host: query2.finance.yahoo.com. See https://curl.se/libcurl/c/libcurl-errors.html first for more details.
Failed to get ticker '234340.KQ' reason: Failed to perform, curl: (6) getaddrinfo() thread failed to start. See https://curl.se/libcurl/c/libcurl-errors.html first for more details.
Failed to get ticker '228855.KQ' reason: Failed to perform, curl: (6) Could not resolve host: query2.finance.yahoo.com. See https://curl.se/libcurl/c/libcurl-errors.html first for more details.
Failed to get ticker '251120.KQ' reason: Failed to perform, curl: (6) getaddrinfo() thread failed to start. See https://curl.se/libcurl/c/libcurl-errors.html first for more details.
Failed to get ticker '227845.KS' reason: Failed to perform, curl: (6) getaddrinfo() thread failed to start. See https://curl.se/libcurl/c/libcurl-errors.html first for more details.
Failed to get ticker '228857.KQ' reason: Failed to perform, curl: (6) getaddrinfo() thread failed to start. See https://curl.se/libcurl/c/libcurl-errors.html first for more details.
Failed to get ticker '248070.KS' reason: Failed to perform, curl: (6) getaddrinfo() thread failed to start. See https://curl.se/libcurl/c/libcurl-errors.html first for more details.
Failed to get ticker '243070.KQ' reason: Failed to perform, curl: (77) error setting certificate verify locations:  CAfile: /Users/ajay/Library/Python/3.9/lib/python/site-packages/certifi/cacert.pem CApath: none. See https://curl.se/libcurl/c/libcurl-errors.html first for more details.
Failed to get ticker '251970.KQ' reason: Failed to perform, curl: (6) Could not resolve host: query2.finance.yahoo.com. See https://curl.se/libcurl/c/libcurl-errors.html first for more details.
Failed to get ticker '227847.KS' reason: Failed to perform, curl: (6) Could not resolve host: query2.finance.yahoo.com. See https://curl.se/libcurl/c/libcurl-errors.html first for more details.
Failed to get ticker '239610.KQ' reason: Failed to perform, curl: (6) getaddrinfo() thread failed to start. See https://curl.se/libcurl/c/libcurl-errors.html first for more details.
Failed to get ticker '227849.KS' reason: Failed to perform, curl: (6) Could not resolve host: query2.finance.yahoo.com. See https://curl.se/libcurl/c/libcurl-errors.html first for more details.
Failed to get ticker '257370.KQ' reason: Failed to perform, curl: (6) getaddrinfo() thread failed to start. See https://curl.se/libcurl/c/libcurl-errors.html first for more details.
Failed to get ticker '241799.KQ' reason: Failed to perform, curl: (6) Could not resolve host: query2.finance.yahoo.com. See https://curl.se/libcurl/c/libcurl-errors.html first for more details.
Failed to get ticker '254120.KQ' reason: Failed to perform, curl: (6) getaddrinfo() thread failed to start. See https://curl.se/libcurl/c/libcurl-errors.html first for more details.
Failed to get ticker '241770.KQ' reason: Failed to perform, curl: (6) getaddrinfo() thread failed to start. See https://curl.se/libcurl/c/libcurl-errors.html first for more details.
Failed to get ticker '230980.KQ' reason: Failed to perform, curl: (6) getaddrinfo() thread failed to start. See https://curl.se/libcurl/c/libcurl-errors.html first for more details.
Failed to get ticker '241797.KQ' reason: Failed to perform, curl: (6) getaddrinfo() thread failed to start. See https://curl.se/libcurl/c/libcurl-errors.html first for more details.
Failed to get ticker '2467.T' reason: Failed to perform, curl: (6) getaddrinfo() thread failed to start. See https://curl.se/libcurl/c/libcurl-errors.html first for more details.
Failed to get ticker '225590.KQ' reason: Failed to perform, curl: (6) getaddrinfo() thread failed to start. See https://curl.se/libcurl/c/libcurl-errors.html first for more details.
$241795.KQ: possibly delisted; no price data found  (period=3mo) (Yahoo error = "No data found, symbol may be delisted")

145 Failed downloads:
['258610.KQ', '2321.T', '255220.KQ', '2323.T', '256940.KQ', '234030.KQ', '228850.KQ', '241590.KS', '225570.KQ', '247660.KQ', '226340.KQ', '237750.KQ', '228340.KQ', '232830.KQ', '256150.KQ', '235980.KQ', '2269.T', '2479.T', '246960.KQ', '230240.KQ', '234340.KQ', '2445.T', '228855.KQ', '254490.KQ', '237880.KQ', '229000.KQ', '242040.KQ', '241690.KQ', '225220.KQ', '228670.KQ', '2282.T', '239340.KQ', '240600.KQ', '240810.KQ', '2293.T', '251270.KS', '250000.KQ', '240550.KQ', '2395.T', '238090.KQ', '234080.KS', '228859.KQ', '251120.KQ', '246710.KQ', '2540.T', '225430.KQ', '225190.KQ', '238120.KQ', '244460.KQ', '237690.KQ', '241710.KQ', '227610.KQ', '2264.T', '225530.KQ', '2286.T', '223250.KQ', '2586.T', '228857.KQ', '226400.KQ', '224060.KQ', '2393.T', '250060.KQ', '2378.T', '234300.KQ', '234100.KQ', '248070.KS', '238200.KQ', '234920.KQ', '2340.T', '241840.KQ', '251970.KQ', '227847.KS', '238490.KQ', '2291.T', '252500.KQ', '243070.KQ', '252990.KQ', '2349.T', '2585.T', '2351.T', '239610.KQ', '228760.KQ', '222980.KQ', '237820.KQ', '2588.T', '227849.KS', '249420.KS', '2454.T', '257370.KQ', '224110.KQ', '227845.KS', '254120.KQ', '241799.KQ', '229640.KS', '226590.KQ', '2435.T', '2329.T', '2415.T', '245620.KQ', '256840.KQ', '223310.KQ', '2326.T', '2433.T', '227950.KQ', '241770.KQ', '241560.KS', '2531.T', '2307.T', '230980.KQ', '230360.KQ', '2467.T', '2480.T', '257720.KQ', '241797.KQ', '2425.T', '253590.KQ', '2281.T', '232680.KQ', '256630.KQ', '2376.T']: TypeError("'NoneType' object is not subscriptable")
['226330.KQ', '2413.T', '2317.T', '258790.KQ', '2334.T', '250930.KQ', '234690.KQ', '251630.KQ', '255440.KQ', '239890.KQ', '226950.KQ', '246250.KQ', '2483.T', '232140.KQ', '256A.T', '2432.T', '226320.KS', '227840.KS', '246720.KQ', '243840.KQ', '236810.KQ', '247540.KQ', '251370.KQ', '2440.T']: OperationalError('unable to open database file')
['241795.KQ']: possibly delisted; no price data found  (period=3mo) (Yahoo error = "No data found, symbol may be delisted")
Failed to get ticker '270875.KQ' reason: Failed to perform, curl: (6) getaddrinfo() thread failed to start. See https://curl.se/libcurl/c/libcurl-errors.html first for more details.
Failed to get ticker '264459.KQ' reason: Failed to perform, curl: (6) getaddrinfo() thread failed to start. See https://curl.se/libcurl/c/libcurl-errors.html first for more details.
Failed to get ticker '2919.T' reason: Failed to perform, curl: (6) getaddrinfo() thread failed to start. See https://curl.se/libcurl/c/libcurl-errors.html first for more details.
Failed to get ticker '267985.KQ' reason: Failed to perform, curl: (6) getaddrinfo() thread failed to start. See https://curl.se/libcurl/c/libcurl-errors.html first for more details.
Failed to get ticker '263810.KQ' reason: Failed to perform, curl: (6) getaddrinfo() thread failed to start. See https://curl.se/libcurl/c/libcurl-errors.html first for more details.
Failed to get ticker '289010.KQ' reason: Failed to perform, curl: (6) getaddrinfo() thread failed to start. See https://curl.se/libcurl/c/libcurl-errors.html first for more details.
Failed to get ticker '282330.KS' reason: Failed to perform, curl: (6) getaddrinfo() thread failed to start. See https://curl.se/libcurl/c/libcurl-errors.html first for more details.
Failed to get ticker '270520.KQ' reason: Failed to perform, curl: (6) getaddrinfo() thread failed to start. See https://curl.se/libcurl/c/libcurl-errors.html first for more details.
Failed to get ticker '280360.KS' reason: Failed to perform, curl: (6) getaddrinfo() thread failed to start. See https://curl.se/libcurl/c/libcurl-errors.html first for more details.
Failed to get ticker '264455.KQ' reason: Failed to perform, curl: (6) getaddrinfo() thread failed to start. See https://curl.se/libcurl/c/libcurl-errors.html first for more details.
Failed to get ticker '288330.KQ' reason: Failed to perform, curl: (6) Could not resolve host: query2.finance.yahoo.com. See https://curl.se/libcurl/c/libcurl-errors.html first for more details.
Failed to get ticker '264457.KQ' reason: Failed to perform, curl: (6) getaddrinfo() thread failed to start. See https://curl.se/libcurl/c/libcurl-errors.html first for more details.
Failed to get ticker '287840.KQ' reason: Failed to perform, curl: (6) getaddrinfo() thread failed to start. See https://curl.se/libcurl/c/libcurl-errors.html first for more details.
Failed to get ticker '267857.KS' reason: Failed to perform, curl: (6) getaddrinfo() thread failed to start. See https://curl.se/libcurl/c/libcurl-errors.html first for more details.
Failed to get ticker '268280.KS' reason: Failed to perform, curl: (6) Could not resolve host: query2.finance.yahoo.com. See https://curl.se/libcurl/c/libcurl-errors.html first for more details.
Failed to get ticker '270877.KQ' reason: Failed to perform, curl: (6) getaddrinfo() thread failed to start. See https://curl.se/libcurl/c/libcurl-errors.html first for more details.
Failed to get ticker '281740.KQ' reason: Failed to perform, curl: (6) getaddrinfo() thread failed to start. See https://curl.se/libcurl/c/libcurl-errors.html first for more details.
Failed to get ticker '272450.KS' reason: Failed to perform, curl: (6) getaddrinfo() thread failed to start. See https://curl.se/libcurl/c/libcurl-errors.html first for more details.
Failed to get ticker '267989.KQ' reason: Failed to perform, curl: (6) getaddrinfo() thread failed to start. See https://curl.se/libcurl/c/libcurl-errors.html first for more details.
Failed to get ticker '267859.KS' reason: Failed to perform, curl: (6) Could not resolve host: query2.finance.yahoo.com. See https://curl.se/libcurl/c/libcurl-errors.html first for more details.
Failed to get ticker '2902.T' reason: Failed to perform, curl: (6) getaddrinfo() thread failed to start. See https://curl.se/libcurl/c/libcurl-errors.html first for more details.
Failed to get ticker '269620.KQ' reason: Failed to perform, curl: (6) Could not resolve host: query2.finance.yahoo.com. See https://curl.se/libcurl/c/libcurl-errors.html first for more details.
Failed to get ticker '267295.KS' reason: Failed to perform, curl: (6) getaddrinfo() thread failed to start. See https://curl.se/libcurl/c/libcurl-errors.html first for more details.
Failed to get ticker '263770.KQ' reason: Failed to perform, curl: (6) getaddrinfo() thread failed to start. See https://curl.se/libcurl/c/libcurl-errors.html first for more details.
Failed to get ticker '262840.KQ' reason: Failed to perform, curl: (6) getaddrinfo() thread failed to start. See https://curl.se/libcurl/c/libcurl-errors.html first for more details.
Failed to get ticker '276040.KQ' reason: Failed to perform, curl: (6) getaddrinfo() thread failed to start. See https://curl.se/libcurl/c/libcurl-errors.html first for more details.
Failed to get ticker '290520.KQ' reason: Failed to perform, curl: (6) Could not resolve host: query2.finance.yahoo.com. See https://curl.se/libcurl/c/libcurl-errors.html first for more details.
Failed to get ticker '270660.KQ' reason: Failed to perform, curl: (6) getaddrinfo() thread failed to start. See https://curl.se/libcurl/c/libcurl-errors.html first for more details.
Failed to get ticker '290670.KQ' reason: Failed to perform, curl: (6) getaddrinfo() thread failed to start. See https://curl.se/libcurl/c/libcurl-errors.html first for more details.
Failed to get ticker '261520.KQ' reason: Failed to perform, curl: (77) error setting certificate verify locations:  CAfile: /Users/ajay/Library/Python/3.9/lib/python/site-packages/certifi/cacert.pem CApath: none. See https://curl.se/libcurl/c/libcurl-errors.html first for more details.
Failed to get ticker '284740.KS' reason: Failed to perform, curl: (77) error setting certificate verify locations:  CAfile: /Users/ajay/Library/Python/3.9/lib/python/site-packages/certifi/cacert.pem CApath: none. See https://curl.se/libcurl/c/libcurl-errors.html first for more details.
Failed to get ticker '267299.KS' reason: Failed to perform, curl: (6) getaddrinfo() thread failed to start. See https://curl.se/libcurl/c/libcurl-errors.html first for more details.
Failed to get ticker '261780.KQ' reason: Failed to perform, curl: (6) Could not resolve host: query2.finance.yahoo.com. See https://curl.se/libcurl/c/libcurl-errors.html first for more details.
Failed to get ticker '279600.KQ' reason: Failed to perform, curl: (6) getaddrinfo() thread failed to start. See https://curl.se/libcurl/c/libcurl-errors.html first for more details.
Failed to get ticker '260970.KQ' reason: Failed to perform, curl: (6) getaddrinfo() thread failed to start. See https://curl.se/libcurl/c/libcurl-errors.html first for more details.
Failed to get ticker '286940.KS' reason: Failed to perform, curl: (6) getaddrinfo() thread failed to start. See https://curl.se/libcurl/c/libcurl-errors.html first for more details.

140 Failed downloads:
['259960.KS', '265520.KQ', '267855.KS', '277810.KQ', '2674.T', '270879.KQ', '267850.KS', '272210.KS', '2911.T', '271980.KS', '272550.KS', '263700.KQ', '273640.KQ', '267297.KS', '2877.T', '2673.T', '267250.KS', '2763.T', '290690.KQ', '288980.KQ', '272290.KQ', '267987.KQ', '261200.KQ', '260930.KQ', '267270.KS', '290740.KQ', '271830.KQ']: OperationalError('unable to open database file')
['2656.T', '267320.KQ', '2708.T', '270875.KQ', '290720.KQ', '288A.T', '285490.KQ', '271560.KS', '290650.KQ', '2894.T', '264900.KS', '2813.T', '290660.KQ', '2831.T', '263050.KQ', '285130.KS', '2780.T', '265560.KQ', '2919.T', '278650.KQ', '264459.KQ', '2816.T', '291810.KQ', '262260.KQ', '267985.KQ', '263810.KQ', '289010.KQ', '282330.KS', '2907.T', '272110.KQ', '2737.T', '270520.KQ', '263720.KQ', '280360.KS', '263020.KQ', '259630.KQ', '264455.KQ', '288330.KQ', '264457.KQ', '290270.KQ', '2681.T', '2915.T', '278470.KS', '282720.KQ', '273060.KQ', '260660.KQ', '281820.KS', '290120.KQ', '264660.KQ', '277880.KQ', '274090.KQ', '2782.T', '287840.KQ', '267857.KS', '268280.KS', '267260.KS', '285800.KQ', '270877.KQ', '2806.T', '277410.KQ', '263690.KQ', '281740.KQ', '2790.T', '2814.T', '272450.KS', '2666.T', '263600.KQ', '267989.KQ', '270870.KQ', '267859.KS', '282880.KQ', '2902.T', '291A.T', '263750.KQ', '264850.KQ', '263A.T', '2922.T', '2784.T', '269620.KQ', '267295.KS', '263770.KQ', '275630.KQ', '276730.KQ', '290090.KQ', '288620.KQ', '284620.KQ', '258830.KQ', '285A.T', '2764.T', '265740.KQ', '262840.KQ', '289220.KQ', '2654.T', '2804.T', '270660.KQ', '290520.KQ', '290670.KQ', '290560.KQ', '289930.KQ', '2819.T', '263800.KQ', '261520.KQ', '267299.KS', '290550.KQ', '261780.KQ', '279600.KQ', '291650.KQ', '263920.KQ', '2908.T', '2730.T', '286750.KQ', '2916.T', '260970.KQ']: TypeError("'NoneType' object is not subscriptable")
Failed to get ticker '327260.KQ' reason: Failed to perform, curl: (77) error setting certificate verify locations:  CAfile: /Users/ajay/Library/Python/3.9/lib/python/site-packages/certifi/cacert.pem CApath: none. See https://curl.se/libcurl/c/libcurl-errors.html first for more details.
Failed to get ticker '308080.KQ' reason: Failed to perform, curl: (77) error setting certificate verify locations:  CAfile: /Users/ajay/Library/Python/3.9/lib/python/site-packages/certifi/cacert.pem CApath: none. See https://curl.se/libcurl/c/libcurl-errors.html first for more details.
Failed to get ticker '328380.KQ' reason: Failed to perform, curl: (77) error setting certificate verify locations:  CAfile: /Users/ajay/Library/Python/3.9/lib/python/site-packages/certifi/cacert.pem CApath: none. See https://curl.se/libcurl/c/libcurl-errors.html first for more details.
Failed to get ticker '328130.KQ' reason: Failed to perform, curl: (6) getaddrinfo() thread failed to start. See https://curl.se/libcurl/c/libcurl-errors.html first for more details.
Failed to get ticker '307180.KQ' reason: Failed to perform, curl: (6) getaddrinfo() thread failed to start. See https://curl.se/libcurl/c/libcurl-errors.html first for more details.
Failed to get ticker '313760.KQ' reason: Failed to perform, curl: (6) getaddrinfo() thread failed to start. See https://curl.se/libcurl/c/libcurl-errors.html first for more details.
Failed to get ticker '2928.T' reason: Failed to perform, curl: (6) getaddrinfo() thread failed to start. See https://curl.se/libcurl/c/libcurl-errors.html first for more details.
Failed to get ticker '317405.KS' reason: Failed to perform, curl: (6) getaddrinfo() thread failed to start. See https://curl.se/libcurl/c/libcurl-errors.html first for more details.
Failed to get ticker '302550.KQ' reason: Failed to perform, curl: (6) getaddrinfo() thread failed to start. See https://curl.se/libcurl/c/libcurl-errors.html first for more details.
Failed to get ticker '319660.KQ' reason: Failed to perform, curl: (6) getaddrinfo() thread failed to start. See https://curl.se/libcurl/c/libcurl-errors.html first for more details.
Failed to get ticker '317870.KQ' reason: Failed to perform, curl: (6) Could not resolve host: query2.finance.yahoo.com. See https://curl.se/libcurl/c/libcurl-errors.html first for more details.
Failed to get ticker '305090.KQ' reason: Failed to perform, curl: (6) getaddrinfo() thread failed to start. See https://curl.se/libcurl/c/libcurl-errors.html first for more details.
Failed to get ticker '297890.KQ' reason: Failed to perform, curl: (6) getaddrinfo() thread failed to start. See https://curl.se/libcurl/c/libcurl-errors.html first for more details.
Failed to get ticker '302440.KS' reason: Failed to perform, curl: (6) getaddrinfo() thread failed to start. See https://curl.se/libcurl/c/libcurl-errors.html first for more details.
Failed to get ticker '321260.KQ' reason: Failed to perform, curl: (6) Could not resolve host: query2.finance.yahoo.com. See https://curl.se/libcurl/c/libcurl-errors.html first for more details.
Failed to get ticker '309930.KQ' reason: Failed to perform, curl: (6) getaddrinfo() thread failed to start. See https://curl.se/libcurl/c/libcurl-errors.html first for more details.
Failed to get ticker '296640.KQ' reason: Failed to perform, curl: (77) error setting certificate verify locations:  CAfile: /Users/ajay/Library/Python/3.9/lib/python/site-packages/certifi/cacert.pem CApath: none. See https://curl.se/libcurl/c/libcurl-errors.html first for more details.
Failed to get ticker '310870.KQ' reason: Failed to perform, curl: (6) getaddrinfo() thread failed to start. See https://curl.se/libcurl/c/libcurl-errors.html first for more details.
Failed to get ticker '317850.KQ' reason: Failed to perform, curl: (6) getaddrinfo() thread failed to start. See https://curl.se/libcurl/c/libcurl-errors.html first for more details.
Failed to get ticker '300120.KQ' reason: Failed to perform, curl: (6) getaddrinfo() thread failed to start. See https://curl.se/libcurl/c/libcurl-errors.html first for more details.
Failed to get ticker '311390.KQ' reason: Failed to perform, curl: (6) getaddrinfo() thread failed to start. See https://curl.se/libcurl/c/libcurl-errors.html first for more details.
Failed to get ticker '317407.KS' reason: Failed to perform, curl: (6) getaddrinfo() thread failed to start. See https://curl.se/libcurl/c/libcurl-errors.html first for more details.
Failed to get ticker '311320.KQ' reason: Failed to perform, curl: (6) getaddrinfo() thread failed to start. See https://curl.se/libcurl/c/libcurl-errors.html first for more details.
Failed to get ticker '299170.KQ' reason: Failed to perform, curl: (6) getaddrinfo() thread failed to start. See https://curl.se/libcurl/c/libcurl-errors.html first for more details.
$3032.T: possibly delisted; no price data found  (period=3mo) (Yahoo error = "No data found, symbol may be delisted")

142 Failed downloads:
['294630.KQ', '329180.KS', '3011.T', '3175.T', '321550.KQ', '293780.KQ', '327260.KQ', '328380.KQ', '322000.KS', '298830.KQ', '308080.KQ', '3132.T', '328130.KQ', '307180.KQ', '317240.KQ', '298690.KS', '3096.T', '3190.T', '308430.KQ', '3107.T', '297090.KQ', '3106.T', '313760.KQ', '312610.KQ', '317830.KQ', '3059.T', '318020.KQ', '2928.T', '306620.KQ', '3079.T', '3068.T', '317405.KS', '321370.KQ', '318010.KQ', '302550.KQ', '322510.KQ', '307870.KQ', '3002.T', '317870.KQ', '3156.T', '319660.KQ', '3034.T', '305090.KQ', '298050.KS', '310210.KQ', '3069.T', '2924.T', '317450.KS', '298020.KS', '317400.KS', '3101.T', '2CUREX.ST', '294140.KQ', '299030.KQ', '317770.KQ', '3179.T', '314140.KQ', '300720.KS', '308100.KQ', '317530.KQ', '2933.T', '315640.KQ', '302440.KS', '294090.KQ', '326030.KS', '317690.KQ', '300080.KQ', '302430.KQ', '307950.KS', '3183.T', '309930.KQ', '314930.KQ', '3182.T', '298060.KQ', '3143.T', '308170.KS', '318060.KQ', '32QX.L', '3103.T', '323990.KQ', '295310.KQ', '293480.KS', '318000.KQ', '320000.KQ', '310870.KQ', '311690.KQ', '307280.KQ', '309710.KQ', '293940.KS', '319400.KQ', '3221.T', '3224.T', '3109.T', '3023.T', '310200.KQ', '322780.KQ', '330350.KQ', '3205.T', '3157.T', '317120.KQ', '306200.KS', '300120.KQ', '294570.KQ', '3123.T', '317407.KS', '294870.KS', '318410.KQ', '304840.KQ', '311390.KQ', '3042.T', '301300.KQ', '311320.KQ', '322180.KQ', '299170.KQ', '317850.KQ']: TypeError("'NoneType' object is not subscriptable")
['3055.T', '298380.KQ', '303030.KQ', '322310.KQ', '297570.KQ', '3104.T', '303810.KQ', '298540.KQ', '3199.T', '323350.KQ', '299A.T', '309960.KQ', '323280.KQ', '318160.KQ', '293490.KQ', '304100.KQ', '299900.KQ', '298000.KS', '314130.KQ', '303360.KQ', '317409.KS', '3010.T', '3133.T', '304360.KQ', '317330.KQ', '298040.KS']: OperationalError('unable to open database file')
['3032.T']: possibly delisted; no price data found  (period=3mo) (Yahoo error = "No data found, symbol may be delisted")
Failed to get ticker '348340.KQ' reason: Failed to perform, curl: (6) getaddrinfo() thread failed to start. See https://curl.se/libcurl/c/libcurl-errors.html first for more details.
Failed to get ticker '347740.KQ' reason: Failed to perform, curl: (6) getaddrinfo() thread failed to start. See https://curl.se/libcurl/c/libcurl-errors.html first for more details.
Failed to get ticker '3504.T' reason: Failed to perform, curl: (6) getaddrinfo() thread failed to start. See https://curl.se/libcurl/c/libcurl-errors.html first for more details.
Failed to get ticker '348355.KQ' reason: Failed to perform, curl: (6) getaddrinfo() thread failed to start. See https://curl.se/libcurl/c/libcurl-errors.html first for more details.
Failed to get ticker '357250.KS' reason: Failed to perform, curl: (6) getaddrinfo() thread failed to start. See https://curl.se/libcurl/c/libcurl-errors.html first for more details.
Failed to get ticker '361570.KQ' reason: Failed to perform, curl: (6) getaddrinfo() thread failed to start. See https://curl.se/libcurl/c/libcurl-errors.html first for more details.
Failed to get ticker '348359.KQ' reason: Failed to perform, curl: (6) getaddrinfo() thread failed to start. See https://curl.se/libcurl/c/libcurl-errors.html first for more details.
Failed to get ticker '348357.KQ' reason: Failed to perform, curl: (6) Could not resolve host: query2.finance.yahoo.com. See https://curl.se/libcurl/c/libcurl-errors.html first for more details.
Failed to get ticker '355390.KQ' reason: Failed to perform, curl: (6) getaddrinfo() thread failed to start. See https://curl.se/libcurl/c/libcurl-errors.html first for more details.
Failed to get ticker '333050.KQ' reason: Failed to perform, curl: (6) getaddrinfo() thread failed to start. See https://curl.se/libcurl/c/libcurl-errors.html first for more details.
Failed to get ticker '352485.KQ' reason: Failed to perform, curl: (6) getaddrinfo() thread failed to start. See https://curl.se/libcurl/c/libcurl-errors.html first for more details.
Failed to get ticker '352487.KQ' reason: Failed to perform, curl: (6) getaddrinfo() thread failed to start. See https://curl.se/libcurl/c/libcurl-errors.html first for more details.
Failed to get ticker '350520.KS' reason: Failed to perform, curl: (6) getaddrinfo() thread failed to start. See https://curl.se/libcurl/c/libcurl-errors.html first for more details.
Failed to get ticker '340360.KQ' reason: Failed to perform, curl: (6) Could not resolve host: query2.finance.yahoo.com. See https://curl.se/libcurl/c/libcurl-errors.html first for more details.
Failed to get ticker '351870.KQ' reason: Failed to perform, curl: (6) getaddrinfo() thread failed to start. See https://curl.se/libcurl/c/libcurl-errors.html first for more details.
Failed to get ticker '344820.KS' reason: Failed to perform, curl: (6) getaddrinfo() thread failed to start. See https://curl.se/libcurl/c/libcurl-errors.html first for more details.
Failed to get ticker '332290.KQ' reason: Failed to perform, curl: (6) getaddrinfo() thread failed to start. See https://curl.se/libcurl/c/libcurl-errors.html first for more details.
Failed to get ticker '347770.KQ' reason: Failed to perform, curl: (6) getaddrinfo() thread failed to start. See https://curl.se/libcurl/c/libcurl-errors.html first for more details.
Failed to get ticker '357550.KQ' reason: Failed to perform, curl: (6) getaddrinfo() thread failed to start. See https://curl.se/libcurl/c/libcurl-errors.html first for more details.
Failed to get ticker '352489.KQ' reason: Failed to perform, curl: (6) getaddrinfo() thread failed to start. See https://curl.se/libcurl/c/libcurl-errors.html first for more details.
$348359.KQ: possibly delisted; no price data found  (period=3mo) (Yahoo error = "No data found, symbol may be delisted")
$3346.T: possibly delisted; no price data found  (period=3mo) (Yahoo error = "No data found, symbol may be delisted")

142 Failed downloads:
['3569.T', '3600.T', '340810.KQ', '363260.KQ', '339950.KQ', '3315.T', '353590.KQ', '331A.T', '336060.KQ', '354320.KQ', '3431.T', '3571.T', '335870.KQ', '357880.KQ', '340570.KQ', '353810.KQ', '3407.T', '348030.KQ', '352910.KQ', '3442.T', '352700.KQ', '336570.KQ', '3634.T', '3422.T', '3551.T', '355150.KQ', '330860.KQ', '3580.T', '340930.KQ', '3628.T', '352770.KQ']: OperationalError('unable to open database file')
['330590.KS', '3409.T', '340450.KQ', '355690.KQ', '348340.KQ', '3375.T', '3388.T', '356890.KQ', '3417.T', '3395.T', '347740.KQ', '3504.T', '351330.KQ', '348370.KQ', '347890.KQ', '3611.T', '335810.KQ', '354200.KQ', '3370.T', '3434.T', '348950.KS', '357430.KS', '333620.KQ', '360350.KQ', '348355.KQ', '357250.KS', '360070.KQ', '336680.KQ', '347860.KQ', '332370.KQ', '331920.KQ', '3423.T', '3360.T', '364950.KQ', '331380.KQ', '3640.T', '348357.KQ', '352480.KQ', '336260.KS', '3598.T', '361670.KQ', '357580.KQ', '3529.T', '331740.KQ', '355390.KQ', '351320.KQ', '339770.KS', '352940.KQ', '3591.T', '333050.KQ', '344860.KQ', '340440.KQ', '356680.KQ', '334890.KS', '347700.KQ', '332A.T', '352485.KQ', '3646.T', '363250.KQ', '3583.T', '3392.T', '3358.T', '330730.KQ', '352487.KQ', '3447.T', '350520.KS', '363280.KS', '338840.KQ', '348150.KQ', '361390.KQ', '3641.T', '352A.T', '362320.KQ', '3374.T', '3577.T', '338220.KQ', '3542.T', '359090.KQ', '332570.KQ', '333430.KQ', '352090.KQ', '357120.KS', '353190.KQ', '351870.KQ', '3537.T', '3561.T', '344820.KS', '3512.T', '361610.KS', '352820.KS', '330A.T', '357780.KQ', '332290.KQ', '348350.KQ', '358570.KQ', '331520.KQ', '347000.KQ', '353200.KS', '357230.KQ', '337930.KQ', '362990.KQ', '336370.KS', '347770.KQ', '342870.KQ', '357550.KQ', '356860.KQ', '3435.T', '347850.KQ', '352489.KQ']: TypeError("'NoneType' object is not subscriptable")
['348359.KQ', '3346.T']: possibly delisted; no price data found  (period=3mo) (Yahoo error = "No data found, symbol may be delisted")
Failed to get ticker '388870.KQ' reason: Failed to perform, curl: (6) getaddrinfo() thread failed to start. See https://curl.se/libcurl/c/libcurl-errors.html first for more details.
Failed to get ticker '382849.KQ' reason: Failed to perform, curl: (6) getaddrinfo() thread failed to start. See https://curl.se/libcurl/c/libcurl-errors.html first for more details.
Failed to get ticker '372917.KS' reason: Failed to perform, curl: (6) getaddrinfo() thread failed to start. See https://curl.se/libcurl/c/libcurl-errors.html first for more details.
Failed to get ticker '389680.KQ' reason: Failed to perform, curl: (6) getaddrinfo() thread failed to start. See https://curl.se/libcurl/c/libcurl-errors.html first for more details.
Failed to get ticker '376270.KQ' reason: Failed to perform, curl: (6) getaddrinfo() thread failed to start. See https://curl.se/libcurl/c/libcurl-errors.html first for more details.
Failed to get ticker '376297.KQ' reason: Failed to perform, curl: (6) getaddrinfo() thread failed to start. See https://curl.se/libcurl/c/libcurl-errors.html first for more details.
Failed to get ticker '372915.KS' reason: Failed to perform, curl: (6) getaddrinfo() thread failed to start. See https://curl.se/libcurl/c/libcurl-errors.html first for more details.
Failed to get ticker '396300.KQ' reason: Failed to perform, curl: (6) getaddrinfo() thread failed to start. See https://curl.se/libcurl/c/libcurl-errors.html first for more details.
Failed to get ticker '376299.KQ' reason: Failed to perform, curl: (6) getaddrinfo() thread failed to start. See https://curl.se/libcurl/c/libcurl-errors.html first for more details.
Failed to get ticker '365330.KQ' reason: Failed to perform, curl: (6) Could not resolve host: query2.finance.yahoo.com. See https://curl.se/libcurl/c/libcurl-errors.html first for more details.
Failed to get ticker '376295.KQ' reason: Failed to perform, curl: (6) getaddrinfo() thread failed to start. See https://curl.se/libcurl/c/libcurl-errors.html first for more details.
Failed to get ticker '378850.KS' reason: Failed to perform, curl: (6) getaddrinfo() thread failed to start. See https://curl.se/libcurl/c/libcurl-errors.html first for more details.
Failed to get ticker '372919.KS' reason: unable to open database file

139 Failed downloads:
['3937.T', '3773.T', '3676.T', '3802.T', '376980.KQ', '372800.KQ', '3877.T', '388210.KQ', '388870.KQ', '3753.T', '3787.T', '3905.T', '382849.KQ', '376180.KQ', '368600.KQ', '3771.T', '370090.KQ', '376300.KQ', '373110.KQ', '3932.T', '389500.KQ', '3896.T', '3803.T', '372917.KS', '382900.KQ', '371950.KQ', '3694.T', '373200.KQ', '389470.KQ', '382800.KQ', '389680.KQ', '381970.KS', '3708.T', '3925.T', '372170.KQ', '3779.T', '366030.KQ', '376270.KQ', '3865.T', '378340.KQ', '3750.T', '394800.KQ', '3839.T', '3945.T', '391710.KQ', '393970.KQ', '396470.KQ', '3817.T', '376297.KQ', '3861.T', '372915.KS', '3844.T', '383800.KS', '377220.KQ', '388720.KQ', '396300.KQ', '3837.T', '382840.KQ', '373160.KQ', '3929.T', '389030.KQ', '3962.T', '373170.KQ', '376930.KQ', '383930.KQ', '396270.KQ', '3923.T', '376299.KQ', '394280.KQ', '3845.T', '365330.KQ', '368970.KQ', '3774.T', '380540.KQ', '368A.T', '365590.KQ', '389140.KQ', '3909.T', '3799.T', '365270.KQ', '365340.KQ', '395400.KS', '365550.KS', '377330.KQ', '3851.T', '3934.T', '382480.KQ', '3936.T', '383310.KQ', '387570.KQ', '37OC.L', '367000.KQ', '389650.KQ', '3741.T', '377190.KS', '393210.KQ', '3762.T', '3954.T', '378850.KS', '3970.T', '389020.KQ', '3863.T', '365900.KQ', '382150.KQ', '381620.KQ', '372919.KS', '3661.T', '376295.KQ']: TypeError("'NoneType' object is not subscriptable")
['3858.T', '378800.KQ', '368770.KQ', '388610.KQ', '3880.T', '3963.T', '377450.KQ', '3686.T', '382847.KQ', '388050.KQ', '376290.KQ', '373220.KS', '3825.T', '372320.KQ', '369370.KQ', '377030.KQ', '382845.KQ', '3840.T', '37QB.L', '3849.T', '376900.KQ', '3926.T', '377460.KQ', '3953.T', '375500.KS', '388790.KQ', '366A.T', '377480.KQ', '3941.T', '396690.KS', '3927.T']: OperationalError('unable to open database file')
Failed to get ticker '406820.KQ' reason: Failed to perform, curl: (6) Could not resolve host: query2.finance.yahoo.com. See https://curl.se/libcurl/c/libcurl-errors.html first for more details.
Failed to get ticker '404990.KS' reason: Failed to perform, curl: (6) getaddrinfo() thread failed to start. See https://curl.se/libcurl/c/libcurl-errors.html first for more details.
Failed to get ticker '417797.KQ' reason: Failed to perform, curl: (6) Could not resolve host: query2.finance.yahoo.com. See https://curl.se/libcurl/c/libcurl-errors.html first for more details.
Failed to get ticker '418470.KQ' reason: Failed to perform, curl: (6) Could not resolve host: query2.finance.yahoo.com. See https://curl.se/libcurl/c/libcurl-errors.html first for more details.
Failed to get ticker '425420.KQ' reason: Failed to perform, curl: (6) getaddrinfo() thread failed to start. See https://curl.se/libcurl/c/libcurl-errors.html first for more details.
$417795.KQ: possibly delisted; no price data found  (period=3mo) (Yahoo error = "No data found, symbol may be delisted")

144 Failed downloads:
['4403.T', '4416.T', '432430.KQ', '439260.KS', '408900.KQ', '4095.T', '417180.KQ', '413630.KQ', '412350.KQ', '432980.KQ', '417010.KQ', '424760.KQ', '4222.T', '4097.T', '413640.KQ', '4265.T', '417200.KQ', '406820.KQ', '417840.KQ', '3NOV25.CO', '4417.T', '438700.KQ', '4436.T', '4028.T', '405920.KQ', '4367.T', '4078.T', '438A.T', '4389.T', '4240.T', '4419.T', '3IN.L', '405000.KQ', '404990.KS', '4274.T', '4021.T', '425040.KQ', '4308.T', '4275.T', '417970.KQ', '398120.KQ', '413390.KQ', '4098.T', '400760.KS', '4231.T', '432470.KQ', '4042.T', '4387.T', '4092.T', '4027.T', '4167.T', '431190.KQ', '4064.T', '417797.KQ', '4205.T', '4256.T', '41JB.L', '4224.T', '4100.T', '440320.KQ', '432720.KQ', '417500.KQ', '420570.KQ', '4316.T', '402030.KQ', '4094.T', '4409.T', '4102.T', '420770.KQ', '4241.T', '4237.T', '4047.T', '4386.T', '424960.KQ', '4193.T', '402340.KS', '4347.T', '439580.KQ', '4410.T', '416180.KQ', '407400.KQ', '443670.KQ', '408470.KQ', '418620.KQ', '4425.T', '434480.KQ', '4046.T', '417860.KQ', '402490.KQ', '39IB.L', '429270.KQ', '3979.T', '432320.KS', '418550.KQ', '411080.KQ', '4228.T', '418470.KQ', '425420.KQ', '4360.T', '443060.KS', '4406.T', '4177.T', '417790.KQ', '4341.T', '4093.T', '4366.T', '430690.KQ', '435570.KQ', '440110.KQ', '4323.T', '403850.KQ', '4118.T', '4247.T', '437730.KQ', '403550.KS', '418420.KQ', '405100.KQ', '408920.KQ']: TypeError("'NoneType' object is not subscriptable")
['415380.KQ', '419530.KQ', '419080.KQ', '417799.KQ', '403490.KQ', '419050.KQ', '4212.T', '443250.KQ', '4179.T', '424980.KQ', '418250.KQ', '4008.T', '4119.T', '4116.T', '429A.T', '403870.KQ', '412540.KQ', '4041.T', '439090.KQ', '441270.KQ', '397810.KQ', '4234.T', '399720.KQ', '419120.KQ', '397030.KQ']: OperationalError('unable to open database file')
['417795.KQ']: possibly delisted; no price data found  (period=3mo) (Yahoo error = "No data found, symbol may be delisted")
Failed to get ticker '460860.KS' reason: Failed to perform, curl: (6) Could not resolve host: query2.finance.yahoo.com. See https://curl.se/libcurl/c/libcurl-errors.html first for more details.
Failed to get ticker '462510.KQ' reason: Failed to perform, curl: (6) getaddrinfo() thread failed to start. See https://curl.se/libcurl/c/libcurl-errors.html first for more details.
Failed to get ticker '466417.KQ' reason: Failed to perform, curl: (6) getaddrinfo() thread failed to start. See https://curl.se/libcurl/c/libcurl-errors.html first for more details.
Failed to get ticker '466419.KQ' reason: Failed to perform, curl: (6) getaddrinfo() thread failed to start. See https://curl.se/libcurl/c/libcurl-errors.html first for more details.
Failed to get ticker '466415.KQ' reason: Failed to perform, curl: (6) getaddrinfo() thread failed to start. See https://curl.se/libcurl/c/libcurl-errors.html first for more details.

139 Failed downloads:
['463020.KQ', '46IE.L', '453450.KQ', '4540.T', '456070.KQ', '44GL.L', '475150.KS', '454910.KS', '450330.KQ', '460870.KQ', '4464.T', '4635.T', '459510.KQ', '4564.T', '4628.T', '46GM.L', '462310.KQ', '453860.KQ', '464080.KQ', '448730.KS', '4686.T', '4559.T', '4671.T', '4506.T', '4462.T', '457190.KS', '4718.T', '464500.KQ', '453340.KS', '458350.KQ', '461030.KQ']: OperationalError('unable to open database file')
['4531.T', '4584.T', '474650.KQ', '452160.KQ', '451800.KS', '446540.KQ', '4571.T', '466410.KQ', '457370.KQ', '4594.T', '445680.KQ', '473980.KQ', '469750.KQ', '472850.KQ', '460860.KS', '4543.T', '456040.KS', '457550.KQ', '460930.KQ', '4681.T', '455180.KQ', '464490.KQ', '458870.KQ', '4650.T', '448710.KQ', '452400.KQ', '475430.KQ', '450080.KS', '452450.KQ', '4558.T', '462870.KS', '451250.KQ', '456160.KQ', '460470.KQ', '445090.KQ', '4552.T', '471820.KQ', '4662.T', '4570.T', '4685.T', '460940.KQ', '466100.KQ', '450520.KQ', '444530.KQ', '465770.KS', '4667.T', '460850.KS', '4736.T', '4611.T', '4444.T', '458650.KQ', '4629.T', '4492.T', '452280.KQ', '463480.KQ', '4498.T', '4720.T', '469610.KQ', '4694.T', '451760.KQ', '455900.KQ', '462510.KQ', '446840.KQ', '4491.T', '462860.KQ', '4623.T', '464580.KQ', '446070.KS', '462520.KS', '466417.KQ', '4664.T', '4516.T', '466419.KQ', '4437.T', '4719.T', '468530.KQ', '466415.KQ', '452190.KQ', '4680.T', '4661.T', '4521.T', '4687.T', '4617.T', '461300.KQ', '465480.KQ', '452260.KS', '4678.T', '475400.KQ', '459550.KQ', '4496.T', '4613.T', '474610.KQ', '457600.KQ', '448900.KQ', '452430.KQ', '4442.T', '4625.T', '4534.T', '464280.KQ', '448280.KQ', '474170.KQ', '462980.KQ', '452200.KQ', '450950.KQ', '459100.KQ', '456010.KQ', '4651.T', '475230.KQ']: TypeError("'NoneType' object is not subscriptable")
Failed to get ticker '5342.T' reason: Failed to perform, curl: (6) Could not resolve host: query2.finance.yahoo.com. See https://curl.se/libcurl/c/libcurl-errors.html first for more details.
Failed to get ticker '5607.T' reason: Failed to perform, curl: (6) getaddrinfo() thread failed to start. See https://curl.se/libcurl/c/libcurl-errors.html first for more details.
Failed to get ticker '5579.T' reason: Failed to perform, curl: (6) Could not resolve host: query2.finance.yahoo.com. See https://curl.se/libcurl/c/libcurl-errors.html first for more details.

140 Failed downloads:
['476040.KQ', '5658.T', '55BC.L', '484120.KQ', '475580.KQ', '478560.KQ', '550A.T', '5342.T', '4BB.L', '4814.T', '4968.T', '5133.T', '5232.T', '5408.T', '5410.T', '5388.T', '5262.T', '5480.T', '4914.T', '489500.KQ', '5393.T', '51FL.L', '5021.T', '49GP.L', '5029.T', '475960.KQ', '5334.T', '475460.KQ', '5261.T', '4918.T', '5464.T', '5612.T', '479960.KQ', '5253.T', '4887.T', '5258.T', '5356.T', '5020.T', '543A.T', '5607.T', '5016.T', '5644.T', '491000.KQ', '5192.T', '5122.T', '5269.T', '494120.KQ', '5491.T', '4990.T', '5033.T', '475830.KQ', '53GW.L', '5458.T', '5609.T', '476080.KQ', '489790.KS', '486990.KQ', '475A.T', '5449.T', '478340.KQ', '5599.T', '520A.T', '5186.T', '54GW.L', '476830.KQ', '5592.T', '489460.KQ', '475560.KS', '490470.KQ', '476060.KQ', '484810.KQ', '5571.T', '4819.T', '484870.KS', '5121.T', '5440.T', '554A.T', '5210.T', '5237.T', '4975.T', '5484.T', '5142.T', '4762.T', '5660.T', '4966.T', '5282.T', '4771.T', '5445.T', '493330.KQ', '4978.T', '480370.KS', '5268.T', '4901.T', '5401.T', '5363.T', '47IE.L', '4889.T', '5471.T', '5233.T', '4977.T', '5252.T', '5579.T', '5103.T', '5273.T', '5423.T', '5247.T', '5444.T', '493280.KQ']: TypeError("'NoneType' object is not subscriptable")
['4894.T', '5391.T', '549A.T', '488280.KQ', '5071.T', '4970.T', '484590.KQ', '4801.T', '4998.T', '5482.T', '483650.KS', '488900.KQ', '487570.KS', '4838.T', '5603.T', '5355.T', '5161.T', '5194.T', '5202.T', '4926.T', '4888.T', '5621.T', '5602.T', '55VX.L', '5290.T', '5357.T', '477A.T', '4800.T', '5162.T', '50GP.L', '4C.ST', '5287.T']: OperationalError('unable to open database file')
Failed to get ticker '6111.T' reason: Failed to perform, curl: (6) Could not resolve host: query2.finance.yahoo.com. See https://curl.se/libcurl/c/libcurl-errors.html first for more details.
Failed to get ticker '6439.T' reason: Failed to perform, curl: (6) Could not resolve host: query2.finance.yahoo.com. See https://curl.se/libcurl/c/libcurl-errors.html first for more details.

143 Failed downloads:
['6072.T', '6317.T', '6045.T', '6418.T', '5923.T', '5973.T', '6257.T', '6424.T', '6181.T', '6055.T', '6306.T', '6140.T', '6195.T', '6158.T', '6356.T', '6070.T', '5976.T', '59OT.L', '5742.T', '6380.T', '6137.T', '6391.T', '6074.T', '5958.T', '5947.T', '6042.T', '6343.T', '6254.T', '6364.T', '6457.T', '6155.T', '6197.T', '5713.T', '6420.T', '6417.T', '5PG.OL', '6258.T', '6360.T', '6439.T', '6125.T', '5981.T', '6367.T', '6134.T', '6390.T', '6111.T', '5858.T', '5969.T', '6454.T', '5974.T', '6467.T', '5986.T', '6203.T', '6371.T', '6334.T', '5970.T', '6157.T', '5852.T', '5985.T', '6096.T', '6023.T', '6330.T', '6408.T', '6305.T', '5945.T', '6113.T', '5726.T', '6166.T', '6273.T', '6392.T', '6088.T', '5905.T', '5706.T', '6436.T', '5909.T', '6393.T', '6412.T', '5803.T', '5983.T', '6298.T', '6378.T', '6335.T', '6190.T', '6337.T', '5940.T', '6282.T', '5939.T', '6358.T', '6307.T', '6248.T', '5936.T', '6147.T', '6082.T', '5941.T', '6365.T', '5901.T', '6246.T', '5966.T', '6342.T', '5715.T', '6272.T', '5870.T', '6104.T', '6018.T', '6144.T', '5989.T', '6069.T', '6245.T', '5922.T', '6247.T']: TypeError("'NoneType' object is not subscriptable")
['6092.T', '5956.T', '6351.T', '5714.T', '6428.T', '6138.T', '6347.T', '6059.T', '6368.T', '5915.T', '6016.T', '6229.T', '6209.T', '5707.T', '6357.T', '5821.T', '6407.T', '6332.T', '5697.T', '6145.T', '5918.T', '6237.T', '6331.T', '5801.T', '5979.T', '6292.T', '6405.T', '6333.T', '6022.T', '6118.T', '5975.T', '6370.T', '6222.T', '5902.T']: OperationalError('unable to open database file')
Failed to get ticker '6655.T' reason: Failed to perform, curl: (6) getaddrinfo() thread failed to start. See https://curl.se/libcurl/c/libcurl-errors.html first for more details.
Failed to get ticker '6846.T' reason: Failed to perform, curl: (6) getaddrinfo() thread failed to start. See https://curl.se/libcurl/c/libcurl-errors.html first for more details.

137 Failed downloads:
['6574.T', '6958.T', '6718.T', '6832.T', '6855.T', '6836.T', '6837.T', '7087.T', '6743.T', '6655.T', '6794.T', '7011.T', '6849.T', '6557.T', '6810.T', '6588.T', '6724.T', '6786.T', '6484.T', '6706.T', '6771.T', '6986.T', '6526.T', '6495.T', '6962.T', '6982.T', '6744.T', '6993.T', '6666.T', '6538.T', '6625.T', '6626.T', '6750.T', '6659.T', '6960.T', '6523.T', '7075.T', '6823.T', '6676.T', '6850.T', '6616.T', '6772.T', '6912.T', '6942.T', '6989.T', '6562.T', '7062.T', '6925.T', '6800.T', '6753.T', '6918.T', '6584.T', '7067.T', '6651.T', '6775.T', '6482.T', '6952.T', '7084.T', '6570.T', '6740.T', '6904.T', '6864.T', '7046.T', '6699.T', '7060.T', '6819.T', '6695.T', '6964.T', '6846.T', '6857.T', '7021.T', '6776.T', '6996.T', '6820.T', '7042.T', '6507.T', '6736.T', '6951.T', '6998.T', '6787.T', '6525.T', '6777.T', '6822.T', '6875.T', '6568.T', '6867.T', '6648.T', '6549.T', '6840.T', '6969.T', '6932.T', '6754.T', '6981.T', '6586.T', '7078.T', '6745.T', '6809.T', '6580.T', '6629.T', '6517.T', '6994.T']: TypeError("'NoneType' object is not subscriptable")
['6976.T', '6824.T', '6643.T', '6494.T', '6485.T', '6615.T', '6620.T', '7040.T', '6493.T', '6623.T', '6961.T', '6727.T', '7018.T', '6941.T', '6674.T', '6890.T', '6803.T', '6742.T', '6768.T', '6859.T', '6806.T', '6644.T', '6907.T', '6614.T', '6926.T', '67GX.L', '6702.T', '6508.T', '6513.T', '6579.T', '6647.T', '6997.T', '6599.T', '6564.T', '6919.T', '6844.T']: OperationalError('unable to open database file')

138 Failed downloads:
['7118.T', '7226.T', '7791.T', '7523.T', '7749.T', '7363.T', '7550.T', '7443.T', '7483.T', '7261.T', '71HT.L', '7414.T', '7224.T', '7628.T', '7239.T', '7877.T', '7271.T', '7490.T', '7510.T', '7399.T', '7383.T', '7637.T', '7235.T', '7506.T', '7456.T', '7317.T', '7476.T', '7615.T', '7638.T', '7276.T', '7820.T', '7771.T', '7102.T', '7860.T', '7433.T', '7822.T', '7462.T', '7874.T', '7634.T', '7277.T', '7374.T', '7509.T', '7779.T', '7525.T', '7284.T', '7717.T', '7524.T', '7621.T', '7111.T', '7883.T', '7291.T', '7269.T', '7722.T', '7868.T', '7795.T', '7254.T', '7094.T', '7096.T', '7522.T', '7212.T', '7482.T', '7114.T', '7297.T', '7464.T', '7551.T', '7318.T', '7461.T', '7538.T', '7140.T', '7694.T', '70GD.L', '7521.T', '7794.T', '7133.T', '7090.T', '7217.T', '7851.T', '7731.T', '7247.T', '7292.T', '7872.T', '7735.T', '7091.T', '7746.T', '7242.T', '7119.T', '7458.T', '7222.T', '7844.T', '7567.T', '7129.T', '7578.T', '76ID.L', '7734.T', '7255.T', '7571.T', '7368.T', '7836.T', '7438.T', '7138.T', '74SW.PA', '7481.T', '7695.T', '72HN.L', '7701.T', '7089.T', '7864.T', '7715.T', '7726.T']: TypeError("'NoneType' object is not subscriptable")
['7762.T', '7273.T', '7459.T', '7231.T', '7460.T', '7555.T', '7127.T', '7426.T', '7564.T', '7863.T', '7264.T', '7367.T', '7859.T', '7721.T', '7709.T', '7287.T', '7677.T', '7780.T', '7562.T', '7246.T', '71FG.L', '7280.T', '7698.T', '7444.T', '7504.T', '7238.T', '7537.T', '7565.T', '7441.T']: OperationalError('unable to open database file')
Failed to get ticker '9035.T' reason: Failed to perform, curl: (77) error setting certificate verify locations:  CAfile: /Users/ajay/Library/Python/3.9/lib/python/site-packages/certifi/cacert.pem CApath: none. See https://curl.se/libcurl/c/libcurl-errors.html first for more details.
Failed to get ticker '78TK.L' reason: Failed to perform, curl: (6) Could not resolve host: query2.finance.yahoo.com. See https://curl.se/libcurl/c/libcurl-errors.html first for more details.
Failed to get ticker '8145.T' reason: Failed to perform, curl: (6) getaddrinfo() thread failed to start. See https://curl.se/libcurl/c/libcurl-errors.html first for more details.
Failed to get ticker '900300.KQ' reason: Failed to perform, curl: (6) Could not resolve host: query2.finance.yahoo.com. See https://curl.se/libcurl/c/libcurl-errors.html first for more details.
Failed to get ticker '8071.T' reason: Failed to perform, curl: (6) Could not resolve host: query2.finance.yahoo.com. See https://curl.se/libcurl/c/libcurl-errors.html first for more details.
Failed to get ticker '79GL.L' reason: Failed to perform, curl: (6) Could not resolve host: query2.finance.yahoo.com. See https://curl.se/libcurl/c/libcurl-errors.html first for more details.
Failed to get ticker '7950.T' reason: Failed to perform, curl: (6) getaddrinfo() thread failed to start. See https://curl.se/libcurl/c/libcurl-errors.html first for more details.
Failed to get ticker '78QZ.L' reason: Failed to perform, curl: (6) getaddrinfo() thread failed to start. See https://curl.se/libcurl/c/libcurl-errors.html first for more details.
Failed to get ticker '78GL.L' reason: Failed to perform, curl: (6) Could not resolve host: query2.finance.yahoo.com. See https://curl.se/libcurl/c/libcurl-errors.html first for more details.
Failed to get ticker '900270.KQ' reason: Failed to perform, curl: (6) getaddrinfo() thread failed to start. See https://curl.se/libcurl/c/libcurl-errors.html first for more details.

135 Failed downloads:
['8052.T', '8037.T', '8043.T', '86PB.L', '8105.T', '900250.KQ', '8023.T', '9083.T', '8136.T', '9081.T', '9033.T', '9158.T', '8135.T', '88E.L', '7902.T', '9035.T', '7932.T', '80JT.L', '9012.T', '9073.T', '8291.T', '8152.T', '8137.T', '8025.T', '8159.T', '8218.T', '78TK.L', '9005.T', '7898.T', '8070.T', '7916.T', '8089.T', '9063.T', '8145.T', '7953.T', '9075.T', '8147.T', '7885.T', '8TRA.ST', '8059.T', '900260.KQ', '9003.T', '8071.T', '9065.T', '7985.T', '8163.T', '8123.T', '7951.T', '7950.T', '9048.T', '900120.KQ', '9074.T', '8225.T', '9034.T', '9115.T', '8115.T', '7897.T', '91ID.L', '7912.T', '9110.T', '8006.T', '8173.T', '8141.T', '8129.T', '9204.T', '9193.T', '9059.T', '900070.KQ', '8111.T', '8039.T', '9171.T', '8101.T', '7979.T', '9007.T', '9036.T', '7886.T', '7946.T', '9072.T', '7974.T', '9119.T', '8085.T', '8226.T', '78QZ.L', '8118.T', '7987.T', '7911.T', '900340.KQ', '9206.T', '8030.T', '8091.T', '9130.T', '7943.T', '900290.KQ', '8835.T', '9023.T', '8066.T', '87FZ.L', '9076.T', '8084.T', '9069.T', '7887.T', '900270.KQ', '7918.T', '9220.T', '8104.T', '900140.KS', '8242.T', '9223.T', '900100.KQ', '9082.T']: TypeError("'NoneType' object is not subscriptable")
['8041.T', '8207.T', '7952.T', '7927.T', '7937.T', '8086.T', '8219.T', '8097.T', '9009.T', '9051.T', '7991.T', '8119.T', '9104.T', '9202.T', '9085.T', '8050.T', '900110.KQ', '9027.T', '7980.T', '9017.T', '8139.T', '7955.T', '8281.T', '8074.T', '80M.L']: OperationalError('unable to open database file')
Failed to get ticker '950130.KQ' reason: Failed to perform, curl: (77) error setting certificate verify locations:  CAfile: /Users/ajay/Library/Python/3.9/lib/python/site-packages/certifi/cacert.pem CApath: none. See https://curl.se/libcurl/c/libcurl-errors.html first for more details.
Failed to get ticker '9643.T' reason: Failed to perform, curl: (6) Could not resolve host: query2.finance.yahoo.com. See https://curl.se/libcurl/c/libcurl-errors.html first for more details.
Failed to get ticker '9407.T' reason: Failed to perform, curl: (6) Could not resolve host: query2.finance.yahoo.com. See https://curl.se/libcurl/c/libcurl-errors.html first for more details.
Failed to get ticker '9359.T' reason: Failed to perform, curl: (6) Could not resolve host: query2.finance.yahoo.com. See https://curl.se/libcurl/c/libcurl-errors.html first for more details.
Failed to get ticker '950110.KQ' reason: Failed to perform, curl: (6) getaddrinfo() thread failed to start. See https://curl.se/libcurl/c/libcurl-errors.html first for more details.
Failed to get ticker 'AA80.L' reason: unable to open database file
Failed to get ticker '950210.KS' reason: Failed to perform, curl: (6) Could not resolve host: query2.finance.yahoo.com. See https://curl.se/libcurl/c/libcurl-errors.html first for more details.
Failed to get ticker '9357.T' reason: Failed to perform, curl: (6) getaddrinfo() thread failed to start. See https://curl.se/libcurl/c/libcurl-errors.html first for more details.
Failed to get ticker '9402.T' reason: Failed to perform, curl: (6) getaddrinfo() thread failed to start. See https://curl.se/libcurl/c/libcurl-errors.html first for more details.
Failed to get ticker '950170.KQ' reason: Failed to perform, curl: (6) getaddrinfo() thread failed to start. See https://curl.se/libcurl/c/libcurl-errors.html first for more details.

138 Failed downloads:
['AAB.CO', '9505.T', '9304.T', '9508.T', '9502.T', '9887.T', '9994.T', '9362.T', '9930.T', '9360.T', '950140.KQ', '9791.T', '9684.T', '9986.T', '9853.T', '9882.T', '9854.T', '9782.T', '9691.T', '9537.T', '9433.T', '9303.T', '9408.T', '9475.T', '9256.T', '98LM.L']: OperationalError('unable to open database file')
['9723.T', '9272.T', '9268.T', '9980.T', '9507.T', 'AALLON.HE', '9409.T', '9856.T', '9513.T', '9788.T', '9274.T', '9363.T', '9307.T', '9504.T', '9997.T', 'AAK.ST', '9896.T', '9643.T', '9959.T', '9501.T', '9445.T', '9385.T', '9423.T', '9753.T', '9407.T', '9355.T', '9818.T', '9533.T', '9735.T', '9254.T', '9610.T', '9509.T', '9739.T', '9359.T', '9928.T', '9799.T', '9347.T', '9364.T', '9956.T', '9831.T', 'AAA.PA', '9629.T', '9900.T', 'AA80.L', '950110.KQ', '9635.T', '9511.T', '9767.T', '9605.T', 'AATG.L', 'ABAS.ST', '950160.KQ', 'AAEV.L', '9327.T', '9969.T', '9780.T', '9867.T', '9934.T', '9310.T', '950210.KS', '9380.T', '9733.T', '9401.T', '9990.T', 'AASB.OL', '9301.T', 'AAZ.L', '9644.T', '9367.T', '9517.T', '9534.T', '9890.T', '9312.T', '9906.T', '9336.T', '9503.T', '9229.T', 'ABCA.PA', '9880.T', '9701.T', '9766.T', 'ABB.ST', '92IP.L', '9404.T', '9790.T', '9616.T', '950200.KQ', '98LQ.L', '9357.T', '9402.T', 'AAIF.L', '950220.KQ', '9849.T', '950170.KQ', '9435.T', 'AAF.L', 'AAL.L', '9685.T', '9468.T', '9531.T', 'AAC.ST', 'AB.PA', '9760.T', '9936.T', '9769.T', '9633.T', '9348.T', '9687.T', '9989.T', 'AAS.L', '9996.T', '9365.T']: TypeError("'NoneType' object is not subscriptable")
Failed to get ticker 'ALAGO.PA' reason: Failed to perform, curl: (77) error setting certificate verify locations:  CAfile: /Users/ajay/Library/Python/3.9/lib/python/site-packages/certifi/cacert.pem CApath: none. See https://curl.se/libcurl/c/libcurl-errors.html first for more details.
Failed to get ticker 'ACTI.ST' reason: Failed to perform, curl: (6) getaddrinfo() thread failed to start. See https://curl.se/libcurl/c/libcurl-errors.html first for more details.
Failed to get ticker 'ACRI-B.ST' reason: Failed to perform, curl: (6) Could not resolve host: query2.finance.yahoo.com. See https://curl.se/libcurl/c/libcurl-errors.html first for more details.
Failed to get ticker 'ALAVI.PA' reason: Failed to perform, curl: (6) Could not resolve host: query2.finance.yahoo.com. See https://curl.se/libcurl/c/libcurl-errors.html first for more details.
Failed to get ticker 'AKN.L' reason: Failed to perform, curl: (6) getaddrinfo() thread failed to start. See https://curl.se/libcurl/c/libcurl-errors.html first for more details.
Failed to get ticker 'AIRA.L' reason: Failed to perform, curl: (6) Could not resolve host: query2.finance.yahoo.com. See https://curl.se/libcurl/c/libcurl-errors.html first for more details.
Failed to get ticker 'AKOBO.OL' reason: Failed to perform, curl: (6) getaddrinfo() thread failed to start. See https://curl.se/libcurl/c/libcurl-errors.html first for more details.
Failed to get ticker 'AIRC.L' reason: Failed to perform, curl: (6) getaddrinfo() thread failed to start. See https://curl.se/libcurl/c/libcurl-errors.html first for more details.
Failed to get ticker 'ALBERT.ST' reason: Failed to perform, curl: (6) Could not resolve host: query2.finance.yahoo.com. See https://curl.se/libcurl/c/libcurl-errors.html first for more details.
Failed to get ticker 'AEWU.L' reason: Failed to perform, curl: (6) getaddrinfo() thread failed to start. See https://curl.se/libcurl/c/libcurl-errors.html first for more details.
Failed to get ticker 'AIRE.L' reason: Failed to perform, curl: (6) Could not resolve host: query2.finance.yahoo.com. See https://curl.se/libcurl/c/libcurl-errors.html first for more details.
Failed to get ticker 'ACRM.L' reason: Failed to perform, curl: (6) Could not resolve host: query2.finance.yahoo.com. See https://curl.se/libcurl/c/libcurl-errors.html first for more details.
$AIRA.L: possibly delisted; no price data found  (period=3mo) (Yahoo error = "No data found, symbol may be delisted")
Failed to get ticker 'ACR.OL' reason: Failed to perform, curl: (6) getaddrinfo() thread failed to start. See https://curl.se/libcurl/c/libcurl-errors.html first for more details.

137 Failed downloads:
['ACG.L', 'AELIS.PA', 'ACCB.BR', 'AIBG.L', 'AGY.L', 'AIFORIA.HE', 'ALBBV.HE', 'AGI.L', 'AGAT.CO', 'AEET.L', 'AERO.ST', 'AGTIRA-B.ST', 'AF.PA', 'AIRA.ST', 'AEX.L', 'AERI.L', 'ABERA.ST', 'ABDP.L', 'AEI.L', 'ACA.PA', 'ADP.PA', 'AKVA.OL', 'ALAGP.PA', 'AIX.OL', 'ALBAV.HE', 'AGFB.BR', 'AGN.AS', 'AFISH.OL', 'AFL.L', 'AL2SI.PA', 'ADF.L', 'AIE.L', 'ADMCM.HE', 'AKE.PA', 'ACTI.ST', 'ACRI-B.ST', 'AGS.BR', 'ABDX.L', 'AKTIA.HE', 'ADS.OL', 'ABTEC.OL', 'AFG.OL', 'AJAX.AS', 'ALAVI.PA', 'AKN.L', 'ALBFR.PA', 'ADIG.L', 'AI.PA', 'ADVE.ST', 'AGZI.L', 'ACUC.ST', 'ACROUD.ST', 'AKOBO.OL', 'AIR.PA', 'ABVX.PA', 'AKW.PA', 'ALATA.PA', 'AKZA.AS', 'ABG.OL', 'ADME.L', 'AFK.OL', 'ABSL-B.ST', 'ALAQU.PA', 'AFRY.ST', 'AIRC.L', 'AET.L', 'ALADO.PA', 'ADTR.ST', 'ALATI.PA', 'ABNX.PA', 'ALBERT.ST', 'ACKB.BR', 'ACUVI.ST', 'ACCON.ST', 'AJA-B.ST', 'ADM.L', 'AIQ.L', 'ACAD.ST', 'ALBI.PA', 'AFAGR.HE', 'AEWU.L', 'AIXIA-B.ST', 'AKER.OL', 'ACRI-A.ST', 'AGROUP.ST', 'AKSO.OL', 'AKAST.OL', 'AIEA.L', 'AEC.ST', 'AINO.ST', 'AEG.L', 'ABI.ST', 'ALARF.PA', 'ABSO.ST', 'ABLD.PA', 'AERW-B.ST', 'AFP.L', 'AIRE.L', 'ACED.OL', 'AJOT.L', 'ALAIR.PA', 'AGILC.CO', 'ACRM.L', 'ABEO.PA', 'ACE.ST', 'ABI.BR', 'ALAGR.PA', 'AKRBP.OL', 'ALALO.PA', 'ACAST.ST', 'ACOMO.AS', 'AED.BR', 'ACR.OL']: TypeError("'NoneType' object is not subscriptable")
['AKBMO.OL', 'ALAFY.PA', 'AKBM.OL', 'AC.PA', 'AD.AS', 'ALAMA.PA', 'AGF-B.CO', 'ACOU.ST', 'AEO.L', 'ACARIX.ST', 'ABN.AS', 'ADYEN.AS', 'ACT.WA', 'ADOC.PA', 'AFRK.L', 'ABO.BR', 'AINA.L', 'ACG1V.HE', 'ACAN.PA', 'AGT.L', 'ADMIN.HE', 'AC8.L', 'AGLX.OL']: OperationalError('unable to open database file')
['AIRA.L']: possibly delisted; no price data found  (period=3mo) (Yahoo error = "No data found, symbol may be delisted")

134 Failed downloads:
['ALMET.PA', 'ALDOL.PA', 'ALBIZ.PA', 'ALIMR.PA', 'ALLDL.PA', 'ALLSF.PA', 'ALK.L', 'ALHYP.PA', 'ALCPA.PA', 'ALBPK.PA', 'ALHF.PA', 'ALBPS.PA', 'ALLEI.ST', 'ALKAL.PA', 'ALFRE.PA', 'ALEFRM.CO', 'ALENT.PA', 'ALBON.PA', 'ALHRS.PA', 'ALKLN.PA', 'ALK-B.CO', 'ALERS.PA', 'ALGEV.PA', 'ALL.L', 'ALGTR.PA', 'ALGIL.PA', 'ALGEC.PA', 'ALFER.PA', 'ALINS.PA', 'ALCUR.PA', 'ALBIO.PA', 'ALI2S.PA', 'ALMER.PA', 'ALLUX.PA', 'ALISA.HE', 'ALICA.PA']: OperationalError('unable to open database file')
['ALDUX.PA', 'ALCA.ST', 'ALHGR.PA', 'ALGID.PA', 'ALCIS.PA', 'ALLAN.PA', 'ALINV.PA', 'ALJXR.PA', 'ALKLA.PA', 'ALDBT.PA', 'ALECP.PA', 'ALFLO.PA', 'ALCBI.PA', 'ALCWE.PA', 'ALGRO.PA', 'ALDAR.PA', 'ALHOP.PA', 'ALLOG.PA', 'ALDVI.PA', 'ALETC.PA', 'ALCOI.PA', 'ALF.L', 'ALMB.CO', 'ALDMS.PA', 'ALDUB.PA', 'ALINN.PA', 'ALKLK.PA', 'ALHEX.PA', 'ALEUP.PA', 'ALFLE.PA', 'ALERO.PA', 'ALM.ST', 'ALCJ.PA', 'ALBKK.PA', 'ALFOR.PA', 'ALBLU.PA', 'ALCRB.PA', 'ALM-PREF.ST', 'ALKEY.PA', 'ALLHB.PA', 'ALKLH.PA', 'ALMDG.PA', 'ALFUM.PA', 'ALHUN.PA', 'ALFA.L', 'ALEXP.PA', 'ALECO.PA', 'ALIF-B.ST', 'ALFA.ST', 'ALMA.HE', 'ALESE.PA', 'ALCAF.PA', 'ALCOX.PA', 'ALDNE.PA', 'ALIG.ST', 'ALDRV.PA', 'ALLGO.PA', 'ALMAS.PA', 'ALFPC.PA', 'ALMAR.PA', 'ALIMO.PA', 'ALCLS.PA', 'ALINT.PA', 'ALGEN.PA', 'ALDLS.PA', 'ALDV.PA', 'ALESA.PA', 'ALEO2.PA', 'ALBLD.PA', 'ALLPL.PA', 'ALEXA.PA', 'ALHPI.PA', 'ALLLN.PA', 'ALDLT.PA', 'ALHAF.PA', 'ALCOF.PA', 'ALHGO.PA', 'ALBOO.PA', 'ALDBL.PA', 'ALHRG.PA', 'ALMCE.PA', 'ALIV-SDB.ST', 'ALGLD.PA', 'ALLIX.PA', 'ALHIT.PA', 'ALCGM.PA', 'ALCLA.PA', 'ALCPB.PA', 'ALMDT.PA', 'ALKKO.PA', 'ALCAT.PA', 'ALDEL.PA', 'ALLFG.AS', 'ALIMP.PA', 'ALGIR.PA', 'ALBOA.PA', 'ALISP.PA', 'ALEMS.BR']: TypeError("'NoneType' object is not subscriptable")
Failed to get ticker 'ALTHX.PA' reason: Failed to perform, curl: (6) getaddrinfo() thread failed to start. See https://curl.se/libcurl/c/libcurl-errors.html first for more details.
Failed to get ticker 'ALTR.L' reason: Failed to perform, curl: (6) getaddrinfo() thread failed to start. See https://curl.se/libcurl/c/libcurl-errors.html first for more details.

140 Failed downloads:
['ALW.L', 'ALPAS.PA', 'AMUND.AS', 'ALTOU.PA', 'ALTHE.PA', 'ALRGR.PA', 'ALNTG.PA', 'ANNX.ST', 'ALOPM.PA', 'ALNEV.PA', 'ALTAI.PA', 'ALSRS.PA', 'ALTRA.PA', 'ALPET.PA', 'ALMOU.PA', 'ANGL.ST', 'AMS.L', 'ANG.L', 'ALPWG.PA', 'ALPM.PA', 'ALUNT.PA', 'ALMKS.PA', 'ALNOV.PA', 'ALMIB.PA', 'ALVIO.PA', 'AML.L', 'ALTUV.PA', 'ALQWA.PA', 'ALSEM.PA', 'ALVDM.PA', 'ALMRB.PA', 'ALMUN.PA', 'ALRT.L', 'ALPDX.PA', 'AMP.L', 'ALZ.ST', 'ALWIN.PA', 'ALO.PA', 'ALX.AS', 'ALVGO.PA', 'ALTHX.PA', 'ALUAV.PA', 'ANTIN.PA', 'ALRFG.PA', 'ALPJT.PA', 'ALPUL.PA', 'ALROC.PA', 'ALNLF.PA', 'ALMLB.PA', 'ALSPT.PA', 'ALSTI.PA', 'ALSOG.PA', 'ALVAL.PA', 'ANDF.OL', 'ALTN.L', 'ALRIS.PA', 'AMG.L', 'ALSEN.PA', 'ALWTR.PA', 'AMIF.L', 'ALTRA.ST', 'ALMGI.PA', 'ALPRI.PA', 'ALSTW.PA', 'ALTXC.PA', 'AMG.AS', 'ALORA.PA', 'ALTRI.PA', 'ALVIN.PA', 'ALPAT.PA', 'ALMEX.PA', 'ALPCOT-B.ST', 'ALTR.L', 'ANP.L', 'ANORA.HE', 'ANII.L', 'ALTPC.PA', 'ALNN6.PA', 'ALNFL.PA', 'ANOT.ST', 'ALU.L', 'ALTR.LS', 'ALVAP.PA', 'ALWF.PA', 'ALPHI.PA', 'ALSYDB.CO', 'ALNRG.PA', 'ANGS.L', 'ALSAS.PA', 'AM.PA', 'ALSEC.PA', 'ALPG.PA', 'ALWEC.PA', 'AMBEA.ST', 'ALSGD.PA', 'AMIDO.ST', 'ALMKT.PA', 'AOM.L', 'ALRPD.PA', 'ALWIT.PA', 'AMOI.L', 'ALPRE.PA', 'ALMIN.PA', 'ALODY.PA', 'ALVO-SDB.ST', 'ALXIL.PA', 'ALNXT.PA', 'ALTAO.PA', 'AMGO.L']: TypeError("'NoneType' object is not subscriptable")
['ALNSE.PA', 'ALUNI.PA', 'ALU10.PA', 'ANTO.L', 'ALTHO.PA', 'ANIC.L', 'ALVU.PA', 'ALRIB.PA', 'ALT.L', 'ALUPG.PA', 'ALTME.PA', 'ALNMG.PA', 'ALVIR.PA', 'ALPRG.PA', 'ANNE-B.ST', 'ALUVI.PA', 'ALPAU.PA', 'AMRQ.L', 'ALTD.PA', 'AO.L', 'AMUN.PA', 'ALZCUR.ST', 'AMCO.L', 'AMBU-B.CO', 'ALTA.PA', 'ALSPW.PA', 'ALOKW.PA', 'ANOD-B.ST', 'ALSMA.PA', 'ALREA.PA']: OperationalError('unable to open database file')
['AMB.WA']: OSError(24, 'Too many open files')

141 Failed downloads:
['AREIT.PA', 'AQUAT.ST', 'AVT-B.ST', 'APTD.L', 'ARTO.PA', 'ARTE.PA', 'ATLD.PA', 'AVT.PA', 'ASAI.L', 'AUROORA.HE', 'ARVOSK.HE', 'AV.L', 'ARP.ST', 'ARS.L', 'ARAMI.PA', 'B2IO.OL', 'ASL.L', 'ASPO.HE', 'ATEA.OL', 'BAG.L', 'AXFO.ST', 'BAIN.PA', 'APTA.ST', 'ASPL.L', 'AT.L', 'ARCT.ST', 'ATEB.BR', 'AREC.L', 'ASHI.L', 'ASC.L', 'APT.WA', 'ASRNL.AS', 'APRTEC.ST', 'ASHM.L', 'ARION-SDB.ST', 'ATG.L', 'BA29.L', 'APAM.AS', 'AVON.L', 'AQ.ST', 'ATORX.ST', 'AZN.L', 'BA47.L', 'ASY.L', 'AXOLOT.ST', 'ARCH.OL', 'BALCO.ST', 'ARCOMA.ST', 'B2I.OL', 'APOTEA.ST', 'AXS.L', 'ATR.L', 'AZE.BR', 'AST.L', 'ARA.L', 'ARENIT-SDB.ST', 'BA.L', 'AYV.PA', 'AURA.L', 'BACTI-B.ST', 'ARBB.L', 'BAB.L', 'ARJO-B.ST', 'ATT.L', 'AUGR.PA', 'AZRN.AS', 'ARPL.ST', 'ATYM.L', 'ASUNTO.HE', 'ASM.AS', 'AYM.L', 'ATO.PA', 'ARBN.L', 'ASSA-B.ST', 'AVARDA.ST', 'ART.L', 'ASBE.L', 'AURE.PA', 'ARRO.OL', 'ATC.L', 'AXL.L', 'ATEME.PA', 'BA05.L', 'AZN.ST', 'ATY.L', 'AUTO.OL', 'ARR.L', 'ATT.ST', 'ARG.PA', 'ASML.AS', 'B90.L', 'ARK.L', 'AVTX.AS', 'ATIC.ST', 'ASAS.OL', 'AVG.L', 'ARCM.L', 'AQUA.OL', 'APN.L', 'ATRAV.HE', 'AUSS.OL', 'ATAD.L', 'AUTG.L', 'AUB.PA', 'APETIT.HE', 'ATM.L', 'AUSC.L', 'ASA.OL', 'AURG.OL', 'ASLI.L', 'AZT.OL', 'BACTIQ.CO']: TypeError("'NoneType' object is not subscriptable")
['ARCAD.AS', 'APR.OL', 'AWEM.L', 'AZA.ST', 'ARVEN.PA', 'BAF.L', 'AZTO.OL', 'AXIC-A.ST', 'ATCO-A.ST', 'ASMDEE-B.ST', 'ATE.PA', 'AXS.AS', 'ASY.PA', 'ATRLJ-B.ST', 'ARCTIC.ST', 'AVCT.L', 'AUTO.L', 'AURR.L', 'API.L', 'AOTI.L', 'ASIA.L', 'BAHN-B.ST', 'ATLA-DKK.CO', 'ASCE.BR', 'BA69.L', 'B3.ST', 'ARR.OL', 'ARC.L', 'BAKKA.OL']: OperationalError('unable to open database file')
Failed to get ticker 'BLINC-B.ST' reason: Failed to perform, curl: (77) error setting certificate verify locations:  CAfile: /Users/ajay/Library/Python/3.9/lib/python/site-packages/certifi/cacert.pem CApath: none. See https://curl.se/libcurl/c/libcurl-errors.html first for more details.
Failed to get ticker 'BMIN.L' reason: Failed to perform, curl: (6) getaddrinfo() thread failed to start. See https://curl.se/libcurl/c/libcurl-errors.html first for more details.
Failed to get ticker 'BMT.L' reason: Failed to perform, curl: (6) getaddrinfo() thread failed to start. See https://curl.se/libcurl/c/libcurl-errors.html first for more details.

136 Failed downloads:
['BIG.L', 'BHL.L', 'BEIA-B.ST', 'BIOG.L', 'BFIT.AS', 'BIBB.ST', 'BONHR.OL', 'BETCO.ST', 'BOL.PA', 'BIOWKS.ST', 'BOMILL.ST', 'BOAR.L', 'BASC.L', 'BERG-B.ST', 'BANK.L', 'BMY.L', 'BEGR.ST', 'BBROOM.ST', 'BHG.ST', 'BME.L', 'BONHRO.OL', 'BOHO-PREF.ST', 'BKS.L', 'BMTO.L', 'BKY.L', 'BKMA.L', 'BERNER-B.ST', 'BIOVIC-B.ST', 'BHMU.L', 'BMIN.L', 'BMC.ST', 'BEO-SDB.ST', 'BICO.ST', 'BIOPOR.CO', 'BIOEX.ST', 'BEAMMW-B.ST', 'BAVA.CO', 'BC94.L', 'BN.PA', 'BD82.L', 'BOI.PA', 'BIRD.L', 'BIOSGN.ST', 'BIOBV.HE', 'BITTI.HE', 'BO.CO', 'BNC.L', 'BNJ.AS', 'BESI.AS', 'BNBS.PA', 'BLICK.ST', 'BARDJU.CO', 'BBSN.L', 'BGEU.L', 'BMA.OL', 'BFSP.L', 'BARC.L', 'BBY.L', 'BIF.CO', 'BEMO.L', 'BNOR.OL', 'BEN.PA', 'BAR.BR', 'BOAT.ST', 'BESQAB.ST', 'BGUK.L', 'BKG.L', 'BIM.PA', 'BMT.L', 'BELYS.BR', 'BC88.L', 'BLND.L', 'BHOLM.ST', 'BILL.ST', 'BESQAB-PREF-B.ST', 'BLC.PA', 'BNZL.L', 'BCS.OL', 'BONAV-B.ST', 'BGS.L', 'BB.PA', 'BLOE.L', 'BMV.L', 'BARRA.OL', 'BHMG.L', 'BONEX.ST', 'BKM.L', 'BMS.L', 'BIPS.L', 'BHP.L', 'BONAV-A.ST', 'BETOLAR.HE', 'BETS-B.ST', 'BEIJ-B.ST', 'BMAX.ST', 'BEER.HE', 'BAWAT.ST', 'BIG.PA', 'BEZ.L', 'BIH.L', 'BOKU.L', 'BGFD.L', 'BEWIO.OL', 'BOHO.ST', 'BIEN.OL']: TypeError("'NoneType' object is not subscriptable")
['BIOA-B.ST', 'BNP.PA', 'BGO.L', 'BETCO-DKK.CO', 'BAMNB.AS', 'BANI.BR', 'BOHUS.OL', 'BEWI.OL', 'BILN.L', 'BMD.L', 'BANQ.BR', 'BNKR.L', 'BASS.PA', 'BLEE.PA', 'BOL.ST', 'BEM.L', 'BEYOND.ST', 'BINV.ST', 'BG79.L', 'BLU.L', 'BINT.OL', 'BIOMAR.CO', 'BOAA.L', 'BIOF.ST', 'BNB.BR', 'BGEO.L', 'BILI-A.ST', 'BNORO.OL', 'BINERO.ST', 'BATS.L', 'BONG.ST']: OperationalError('unable to open database file')
Failed to get ticker 'CABA.L' reason: Failed to perform, curl: (6) getaddrinfo() thread failed to start. See https://curl.se/libcurl/c/libcurl-errors.html first for more details.
Failed to get ticker 'BTC-PREF-A.ST' reason: Failed to perform, curl: (6) getaddrinfo() thread failed to start. See https://curl.se/libcurl/c/libcurl-errors.html first for more details.
Failed to get ticker 'BRETEC.HE' reason: Failed to perform, curl: (6) getaddrinfo() thread failed to start. See https://curl.se/libcurl/c/libcurl-errors.html first for more details.
Failed to get ticker 'CABB.L' reason: unable to open database file
Failed to get ticker 'BPCINS.ST' reason: Failed to perform, curl: (6) getaddrinfo() thread failed to start. See https://curl.se/libcurl/c/libcurl-errors.html first for more details.

135 Failed downloads:
['BSV.L', 'BVS.L', 'CASE.ST', 'CARE.ST', 'BRG.OL', 'CASP.L', 'CCEP.L', 'CABP.L', 'BTG.L', 'BWEO.OL', 'CBKD.L', 'BSC.L', 'CARL-A.CO', 'CCC.ST', 'BOOM.L', 'CBRAIN.CO', 'BOOZT.ST', 'CAT-A.ST', 'BRAVE.ST', 'BTS-B.ST', 'BOWL.L', 'CBSAB.PA', 'C100.ST', 'BSRT.L', 'CBE.PA', 'BSD.PA', 'BRIG.L', 'BPCP.L', 'BZT.L', 'BUC.L', 'CAPT.OL', 'CAD.L', 'CANDLE-B.ST', 'CAVEN.OL', 'CAPMAN.HE', 'CARL-B.CO', 'BOUL.ST', 'BTC-B.ST', 'BUY.ST', 'BP.L', 'BORG.ST', 'CARA.ST', 'BRAV.ST', 'BPT.L', 'CALVIK.ST', 'CAMX.ST', 'BXP.L', 'CAPSL.OL', 'BRNL.AS', 'CANATU.HE', 'CBDG.PA', 'BPM.L', 'BRIN-B.ST', 'CABA.L', 'BOW.L', 'CAN.L', 'CAML.L', 'BYG.L', 'BWY.L', 'CABKA.AS', 'BOREO.HE', 'BP-B.L', 'CAV.L', 'BTC.L', 'CATE.ST', 'BRSC.L', 'BOOT.L', 'BRUT.OL', 'CBG.L', 'BRLA.L', 'CAT-B.ST', 'BTC-PREF-A.ST', 'BRWM.L', 'BRCK.L', 'CAR.L', 'BUSER.ST', 'BURE.ST', 'BULTEN.ST', 'BRGE.L', 'CBQS.L', 'CAG.ST', 'CAM.L', 'BPCR.L', 'BRES.L', 'CAVENO.OL', 'BRETEC.HE', 'BWE.OL', 'CARM.PA', 'BUR.L', 'BWLPG.OL', 'CAP.PA', 'CAT31.PA', 'BYIT.L', 'BVT.L', 'CAST.ST', 'CCEP.AS', 'CAPD.L', 'BRAI.L', 'BTLS.BR', 'BT-A.L', 'CBA.L', 'BRAIN.ST', 'BRS.L', 'BORR.OL', 'BSP.OL', 'BP-A.L', 'CCC.L', 'BUFAB.ST', 'CARD.L', 'BSFA.L', 'BOOZT-DKK.CO', 'CABB.L', 'BUT.L']: TypeError("'NoneType' object is not subscriptable")
['BOR.L', 'BOY.L', 'BRIGHT.ST', 'CA.PA', 'BWO.OL', 'CAMBI.OL', 'BREE.L', 'BYGGP.ST', 'BREB.BR', 'BUR.PA', 'BRK.L', 'BVC.L', 'BVI.PA', 'BOUVO.OL', 'BVXP.L', 'BPOST.BR', 'BOR.OL', 'CBOX.L', 'BOOK.L', 'CBOT.PA', 'CBSM.PA', 'BTRW.L']: OperationalError('unable to open database file')
Failed to get ticker 'CPIC.L' reason: Failed to perform, curl: (6) getaddrinfo() thread failed to start. See https://curl.se/libcurl/c/libcurl-errors.html first for more details.

136 Failed downloads:
['CDON.ST', 'CIZ.L', 'CGEO.L', 'CDI.PA', 'CPI.L', 'CLEM.ST', 'CODE.L', 'COG.WA', 'COLR.BR', 'CINH.L', 'COLO-B.CO', 'CORA.L', 'CGS.L', 'CLEMO.ST', 'CCN.PA', 'CHEF.ST', 'CNE.L', 'CINT.ST', 'CONSTI.HE', 'CONTX.OL', 'COBH.BR', 'CPINV.BR', 'CORE-B.ST', 'CDFF.L', 'CFX.L', 'CMCX.L', 'CHG.L', 'CGNR.L', 'CLDN.L', 'CLIG.L', 'CPH2.L', 'CGO.L', 'COR.LS', 'CHF.L', 'COSH.OL', 'CDA.PA', 'CORD.L', 'CHAR.L', 'CCR.L', 'CCPC.L', 'CORE-D.ST', 'CLC.L', 'COM.L', 'CDMIL.ST', 'CHP.L', 'COFFEE-B.ST', 'CPIC.L', 'CPAI.L', 'CHRT.L', 'CML.L', 'CCP.L', 'CPHCAP-PREF32.CO', 'CLI.L', 'COOR.ST', 'COG.L', 'CEMAT.CO', 'CPX.L', 'CNC.L', 'CGL.L', 'CLA-B.ST', 'COUR.PA', 'CORE-PREF.ST', 'CLBIO.ST', 'CCT.L', 'CORE-A.ST', 'CHL.L', 'CMRS.L', 'COH.PA', 'CEPS.L', 'CDL.L', 'CODE.OL', 'CEDER.ST', 'CMCL.L', 'CCJI.L', 'CLCO.L', 'CHRY.L', 'CFISH.ST', 'COLUM.CO', 'CPHCAP-ST.CO', 'CFI.PA', 'CER.L', 'CMX.L', 'CDGP.L', 'CGI.L', 'COLT.AS', 'CEVI.ST', 'CITYVA.HE', 'CMBT.BR', 'CHOSA.ST', 'COBR.L', 'CORO.L', 'CO.PA', 'CCPA.L', 'CIBUS.ST', 'CNSL.L', 'CNCJO-B.ST', 'CMO.PA', 'CIC.L', 'CCH.L', 'CMET.L', 'CLOUD.OL', 'COMB.BR', 'CENER.BR', 'CHEMM.CO', 'CKN.L', 'CIRCHE.ST', 'CHIB.L', 'CLA.L', 'CFEB.BR', 'CPG.L', 'CMPI.L', 'CHSS.L', 'COVH.PA', 'CHARGE.ST']: TypeError("'NoneType' object is not subscriptable")
['CONTXO.OL', 'CEN.PA', 'COV.PA', 'COMPDM.ST', 'CLIME-B.ST', 'CINPHA.ST', 'CLAS-B.ST', 'CKI.L', 'CHECK.ST', 'CNDF.PA', 'CLAV.ST', 'CI.ST', 'CNA.L', 'CESSA.CO', 'CLON.L', 'CHLL.L', 'CMCOM.AS', 'COPC.L', 'COLLAX.ST', 'CKT.L', 'CGT.L', 'CLX.L']: OperationalError('unable to open database file')
Failed to get ticker 'DAT.L' reason: Failed to perform, curl: (6) Could not resolve host: query2.finance.yahoo.com. See https://curl.se/libcurl/c/libcurl-errors.html first for more details.

137 Failed downloads:
['CRDA.L', 'CURY.L', 'DEBS.L', 'DIVIO-B.ST', 'DIEG.BR', 'CRPR.L', 'CTT.LS', 'CSG.AS', 'CRBP2.PA', 'DIG.WA', 'CTAC.AS', 'DATA.L', 'CRTX.L', 'CWR.L', 'CS.PA', 'DAT.L', 'DFIB.L', 'CVSG.L', 'CRTA.L', 'DLAB.ST', 'DNM.L', 'DNE.L', 'DISL.BR', 'CRU.L', 'DEVO.L', 'CRE.L', 'CRN.L', 'CREO.L', 'DEDI.ST', 'CTUK.L', 'CYAN.L', 'CTPNV.AS', 'CROS.PA', 'DEX.ST', 'DAB.CO', 'CRI.PA', 'CSN.L', 'DIE.BR', 'DBG.PA', 'CYNCA.ST', 'DIA.L', 'DCH.L', 'CTH1V.HE', 'CRBN.AS', 'DG.PA', 'CYAD.BR', 'CTL.L', 'DDRIL.OL', 'CRWN.L', 'DIG.L', 'CWK.L', 'DBV.PA', 'CTM.ST', 'CRAV.PA', 'CRAP.PA', 'DISH.L', 'DATA.CO', 'CTG.L', 'CRDL.L', 'CTY1S.HE', 'CYVIZ.OL', 'CTPE.L', 'DANSKE.CO', 'DKUPL.PA', 'CVC.AS', 'CRAD-B.ST', 'CYKL.L', 'CRLA.PA', 'DFS.L', 'DMXSE-SDB.ST', 'DEME.BR', 'DLN.L', 'DANT.CO', 'DEC.PA', 'DEC.L', 'DEMANT.CO', 'DCC.L', 'DOM.ST', 'DFIJ.L', 'DNO.OL', 'DECB.BR', 'DIM.PA', 'DNB.OL', 'CVCG.L', 'CSSG.L', 'DJUR.CO', 'CRLO.PA', 'DNLM.L', 'DFENS.OL', 'DIS.L', 'DAR.L', 'DELIA.OL', 'DGE.L', 'DEEZR.PA', 'DFDS.CO', 'DELT.L', 'DKL.L', 'DCI.L', 'CRNA.OL', 'DEVP-B.ST', 'CREI.L', 'CTT.ST', 'DBP-B.ST', 'DGED.L', 'CSC.L', 'CTYA.L', 'DBOX.L', 'DONKEY.CO', 'CRCL.L']: TypeError("'NoneType' object is not subscriptable")
['CVX.PA', 'DOTL.L', 'DOFG.OL', 'CTEC.L', 'DOTD.L', 'DIGIGR.HE', 'DONE.ST', 'DIGIA.HE', 'CYPC.L', 'CVCE.L', 'DMYD-B.ST', 'DIST.ST', 'CRED-A.ST', 'CTEK.ST', 'DIAL.L', 'CRNAO.OL', 'CRSU.PA', 'DETEC.HE', 'DOCS.L', 'CVBP.L', 'DICOT.ST', 'DIOS.ST', 'CRS.L', 'CYCLE.ST', 'CRTO.PA', 'CTHT.L', 'CTAI.L', 'CRTM.L']: OperationalError('unable to open database file')

137 Failed downloads:
['EAM.OL', 'ELEC.PA', 'DRX.L', 'DSCV.L', 'ECO-B.ST', 'ENQ.L', 'DPT.PA', 'EC.PA', 'EAAS.L', 'ELCO.L', 'DUST.ST', 'ENERS.ST', 'ELTEL.ST', 'EAPI.PA', 'DUKE.L', 'EGY.L', 'DVD.OL', 'ENW.L', 'ELO.OL', 'DVYSR.ST', 'EMIL-PREF.ST', 'DSNO.ST', 'EGL.LS', 'DXRX.L', 'EAH.L', 'ENX.PA', 'ENVI.AS', 'EMG.L']: OperationalError('unable to open database file')
['EME.L', 'ENRGY.BR', 'EATG.ST', 'ELSA.L', 'ELLOS.ST', 'ELUX-B.ST', 'EMH.L', 'EGNETY.CO', 'ENH.OL', 'EMR.L', 'EBUS.AS', 'EN.PA', 'ELM.L', 'ENEA.ST', 'ECO.L', 'ELK.OL', 'EFFH.ST', 'EMB.ST', 'EMAN.L', 'ENITY.ST', 'ENERG.OL', 'ELEAV.HE', 'EKF.L', 'ELMRA.OL', 'EG7.ST', 'EDP.LS', 'EAS2P.AS', 'EGR.PA', 'DPAM.PA', 'ENSI.L', 'ELIS.PA', 'EGL.L', 'EL.PA', 'ENZY.ST', 'ECOUP.HE', 'ELOO.OL', 'DSFIR.AS', 'ENVAR.ST', 'ENVIP.OL', 'ELUX-A.ST', 'EASOR.HE', 'EAGLE.HE', 'EFGD.L', 'ELISA.HE', 'EOS.PA', 'ENGCON-B.ST', 'EBQ.L', 'ECOB.L', 'ELABS.OL', 'DPA.L', 'DVT.L', 'EGT.L', 'EIOF.OL', 'ENTRA.OL', 'DPP.L', 'ECR.L', 'ELIMP.OL', 'EDEN.PA', 'EKI.PA', 'DSG.L', 'ENENTO.HE', 'EEE.L', 'ELIOR.PA', 'ENET.L', 'ENT.L', 'ENDUR.OL', 'ECEL.L', 'ELON.ST', 'DSW.L', 'ECMPA.AS', 'EDIN.L', 'EDPR.LS', 'ELEG.L', 'EMIL-B.ST', 'ELMRAO.OL', 'DPLM.L', 'ELIC.ST', 'EKOP.BR', 'ENRG.L', 'DUNI.ST', 'EARN.L', 'EEM.PA', 'EKTA-B.ST', 'ENGI.PA', 'EMBLA.CO', 'EMEIS.PA', 'DSY.PA', 'EDYOU.ST', 'ELI.BR', 'ELLA.L', 'DSV.CO', 'ENOG.L', 'DSRT.OL', 'EDEN.L', 'EAST.ST', 'EML.L', 'EDV.L', 'EEZY.HE', 'ENSU.OL', 'ENRO.ST', 'DURC-B.ST', 'EFG.PA', 'EARTH.AS', 'EMVC.L', 'EGTX.ST', 'DVNO.L', 'EOLU-B.ST', 'ELAN-B.ST', 'ENSUO.OL']: TypeError("'NoneType' object is not subscriptable")
Failed to get ticker 'EVR.L' reason: Failed to perform, curl: (6) getaddrinfo() thread failed to start. See https://curl.se/libcurl/c/libcurl-errors.html first for more details.
Failed to get ticker 'ERC.AS' reason: Failed to perform, curl: (6) getaddrinfo() thread failed to start. See https://curl.se/libcurl/c/libcurl-errors.html first for more details.
Failed to get ticker 'FLOWS.ST' reason: Failed to perform, curl: (6) getaddrinfo() thread failed to start. See https://curl.se/libcurl/c/libcurl-errors.html first for more details.
Failed to get ticker 'FHP.L' reason: Failed to perform, curl: (6) getaddrinfo() thread failed to start. See https://curl.se/libcurl/c/libcurl-errors.html first for more details.
Failed to get ticker 'FLMNG.ST' reason: Failed to perform, curl: (6) getaddrinfo() thread failed to start. See https://curl.se/libcurl/c/libcurl-errors.html first for more details.
Failed to get ticker 'FOAMIT.HE' reason: Failed to perform, curl: (6) getaddrinfo() thread failed to start. See https://curl.se/libcurl/c/libcurl-errors.html first for more details.
Failed to get ticker 'FLERIE.ST' reason: Failed to perform, curl: (6) getaddrinfo() thread failed to start. See https://curl.se/libcurl/c/libcurl-errors.html first for more details.
Failed to get ticker 'EQT.ST' reason: Failed to perform, curl: (6) Could not resolve host: query2.finance.yahoo.com. See https://curl.se/libcurl/c/libcurl-errors.html first for more details.

135 Failed downloads:
['FDEV.L', 'ESNT.L', 'FCP.LS', 'FARON.HE', 'ESG.CO', 'FAS.L', 'ERIC-B.ST', 'FODELIA.HE', 'FLSP.BR', 'FAST.AS', 'FLOB.BR', 'FARN.L', 'FDE.PA', 'FGR.PA', 'EXALT.ST', 'EWRK.ST', 'ERMA.ST', 'FADL.L', 'FLUX.BR', 'ERF.PA', 'ETL.PA', 'EQL.ST', 'FLS.CO', 'FNOVA-B.ST', 'FLUO.ST', 'FIA1S.HE', 'FABG.ST', 'EPI-A.ST', 'ESENSE.HE', 'FGA.PA', 'EWI.L', 'FER.AS', 'ERRIA.CO', 'EPI-B.ST']: OperationalError('unable to open database file')
['EXPN.L', 'FAG.ST', 'EXEL.HE', 'EVO.ST', 'FNTL.L', 'FIRE.ST', 'FEV.L', 'FCIT.L', 'ETL.L', 'FLUG-B.CO', 'EYE.L', 'EVST.L', 'EVR.L', 'EUR.WA', 'FKE.L', 'FOBANK.CO', 'EPP.L', 'EXM.BR', 'EXPL.PA', 'FDJU.PA', 'FDBK.L', 'FNX.L', 'FCSS.L', 'FIPP.PA', 'FERGR.AS', 'EXA.PA', 'EUA.L', 'EPRO-B.ST', 'FLK.L', 'ERC.AS', 'EWG.L', 'FLEXQ.ST', 'FDR.L', 'FLOWS.ST', 'FIN.L', 'FING-B.ST', 'EXS.ST', 'EQVA.OL', 'EPIS-B.ST', 'FCMC.PA', 'FGP.L', 'EVPL.L', 'FIRST-B.ST', 'EXTX.OL', 'FHP.L', 'ESSITY-A.ST', 'FINM.PA', 'FFARM.AS', 'FLOW.AS', 'FLMNG.ST', 'EZJ.L', 'EST.L', 'EVLI.HE', 'EXE.PA', 'FEVR.L', 'FMET.L', 'FASTAT.ST', 'EPEN.ST', 'EXPRS2.ST', 'FEML.L', 'EPR.OL', 'EXR.L', 'FIPP.L', 'FCM.L', 'ESGR-B.ST', 'EQVAO.OL', 'FFARMS.CO', 'ERIC-A.ST', 'FINE.ST', 'FAN.L', 'EXENS.PA', 'FNM.ST', 'EQS.PA', 'FLUI.ST', 'FOI-B.ST', 'FAGR.BR', 'FOAF.PA', 'FII.PA', 'FMONC.PA', 'FOAMIT.HE', 'ERIBR.HE', 'FOM.CO', 'FG.ST', 'FLEXD.LS', 'EVS.BR', 'FLERIE.ST', 'EQT.ST', 'FIH.L', 'FFSB.OL', 'EQNR.OL', 'EOT.L', 'FGT.L', 'FLO.L', 'FLEXM.ST', 'ESO.L', 'FLAT-B.ST', 'FDM.L', 'FCH.L', 'ERA.PA', 'FED.CO', 'ESSITY-B.ST']: TypeError("'NoneType' object is not subscriptable")

139 Failed downloads:
['FRMI.L', 'FREEM.ST', 'GLEN.L', 'GENF.L', 'GCG.L', 'GAMA.L', 'FTV.L', 'GLE.PA', 'FONDIA.HE', 'FR.PA', 'FPAR-A.ST', 'FYNBK.CO', 'GETB.L', 'FUR.AS', 'GET.PA', 'FRG.L', 'FTE.WA', 'GBK.ST', 'FSDV.PA', 'GCP.L', 'GLA1V.HE', 'GMAB.CO', 'G4M.L', 'GELN.L', 'G5EN.ST', 'FRVIA.PA', 'GLB.L', 'GMET.L', 'GERHSP.CO', 'GNFT.PA', 'FSTA.L', 'GABR.CO', 'FRAS.L', 'GHV2.L', 'FRAN.L', 'GAD.ST', 'GLE.L', 'GENO.ST', 'FORE.PA', 'GOMX.ST', 'GLINT.LS', 'GIGA.ST', 'GALP.LS', 'GNIP.L', 'FRO.OL', 'FTF.L', 'FORTUM.HE', 'GFM.L', 'GEMD.L', 'FRAM-B.ST', 'FVV.L', 'GMP.L', 'FSKRS.HE', 'GOMERO.ST', 'FPP.L', 'FSV.L', 'GARO.ST', 'G2M.ST', 'GOTL-A.ST', 'GGP.L', 'GOSOL.ST', 'GFTU.L', 'GENO.OL', 'GENI.L', 'FRACTL.ST', 'GLV.L', 'FOXT.L', 'FOU.BR', 'GMS.L', 'FXI.ST', 'GOTL-B.ST', 'GMR.L', 'GMPP.L', 'GNS.L', 'FSJ.L', 'FVA.L', 'GLO.PA', 'GATC.L', 'GFC.PA', 'GLR.L', 'GJF.OL', 'FUM.L', 'GEN.L', 'GOT.L', 'GEA.PA', 'FUTR.L', 'GBLB.BR', 'GENT.OL', 'FPG.PA', 'FOX.L', 'GDWN.L', 'FTC.L', 'GKP.L', 'FPO.L', 'GOD.OL', 'GEOS.OL', 'FSFL.L', 'GCOR.ST', 'GEMR.L', 'GFRD.L', 'FSPORT.ST', 'GIG-SDB.ST', 'GBT.PA', 'GIGA.OL', 'GETI-B.ST', 'GDP.L', 'GDR.L', 'GEM.L', 'FREJA.ST', 'FREY.PA', 'GNC.L', 'FORG.L', 'GCL.L', 'GAM.PA']: TypeError("'NoneType' object is not subscriptable")
['GJ.CO', 'GDS.PA', 'FPAR-D.ST', 'FRP.L', 'FRILAN.ST', 'GJAJ.PA', 'FRAG.ST', 'GEX.L', 'FRES.L', 'GFIN.L', 'GGEO.ST', 'GPE.L', 'FVEN.L', 'GIMB.BR', 'FORT.L', 'GEO.L', 'GKP.OL', 'GOLDR.OL', 'FRAMERY.HE', 'FOUR.L', 'GHH.L', 'FSECURE.HE', 'FORF.L', 'GJAB.ST', 'GANA.L']: OperationalError('unable to open database file')
Failed to get ticker 'HOFI.ST' reason: Failed to perform, curl: (6) getaddrinfo() thread failed to start. See https://curl.se/libcurl/c/libcurl-errors.html first for more details.
Failed to get ticker 'HID.L' reason: Failed to perform, curl: (6) getaddrinfo() thread failed to start. See https://curl.se/libcurl/c/libcurl-errors.html first for more details.
Failed to get ticker 'HERC.L' reason: Failed to perform, curl: (6) getaddrinfo() thread failed to start. See https://curl.se/libcurl/c/libcurl-errors.html first for more details.

139 Failed downloads:
['HOC.L', 'HCO.PA', 'HAV-B.ST', 'GVCT.L', 'HCRTO1.ST', 'HOFI.ST', 'HEART.ST', 'GUN.L', 'HAFNI.OL', 'HEBA-B.ST', 'HKLD.L', 'GTCO.L', 'HID.L', 'HLCL.L', 'GRONG.OL', 'GROW.L', 'HAKI-B.ST', 'HNSA.ST', 'HFG.L', 'HLMA.L', 'HHPD.L', 'GV2A.L', 'HEGR.ST', 'HGT.L', 'HOLM-B.ST', 'GRNG.ST', 'HMSO.L', 'HAMLET-B.ST', 'HOLCO.AS', 'HFD.L', 'HEAD.L', 'HIGHCO-B.ST', 'HBR.L', 'GV1A.L', 'GWMO.L', 'HELG.OL', 'HCM.L', 'HAFBS.PA', 'HOMI.BR', 'HLUN-B.CO', 'GPE.PA', 'GRVO.PA', 'GTLY.L', 'HFRTO-B.ST', 'HLN.L', 'HAS.L', 'HAKI-A.ST', 'GRI.L', 'HDP.PA', 'GREENM.CO', 'GRL.L', 'GSF.L', 'GSCT.L', 'GYL.OL', 'GROC.L', 'GST.L', 'HO.PA', 'HCRTO2.ST', 'HBC.OL', 'HIK.L', 'HKLJ.L', 'GV1O.L', 'HERMA.OL', 'HEX.OL', 'HMSG.L', 'HAL.AS', 'HEIO.AS', 'GWI.L', 'HARVIA.HE', 'GULD.ST', 'GRG.L', 'HAVAS.AS', 'HAV.OL', 'HLUN-A.CO', 'HHPG.L', 'HM-B.ST', 'HDLY.OL', 'GTC.L', 'HARB-B.CO', 'GPX.ST', 'HICL.L', 'GRP.L', 'HEMO.L', 'GUARD.ST', 'HLPD.L', 'HEIM-PREF.ST', 'GREEN.ST', 'GTE.L', 'GSK.L', 'GRIT.L', 'GV2O.L', 'GRK.HE', 'HEIJM.AS', 'HONBS.HE', 'HHV.L', 'GTT.PA', 'HIAB.HE', 'HH.CO', 'GPG.ST', 'HEM.ST', 'HKLB.L', 'HALO.L', 'HERC.L', 'HOLM-A.ST']: TypeError("'NoneType' object is not subscriptable")
['HELD.L', 'GUBRA.CO', 'HAYPP.ST', 'HKY.OL', 'HANZA.ST', 'GYM.L', 'HOME-B.ST', 'HOME.L', 'GYLD-A.CO', 'GYLD-B.CO', 'GSF.OL', 'HDF.PA', 'HMI.L', 'GREAT.ST', 'HACK.ST', 'HGSB.OL', 'HEXA-B.ST', 'HEALTH.HE', 'GSCU.L', 'HILS.L', 'HILB-B.ST', 'HEXI.ST', 'GRID.L', 'HAN.L', 'HAMA.L', 'HE1.L', 'GVMH.L', 'HAYD.L', 'GSKR-SDB.ST', 'HAVI.OL', 'HFEL.L', 'HKFOODS.HE', 'GSC.L', 'HEIA.AS', 'HDD.L']: OperationalError('unable to open database file')
Failed to get ticker 'IGN.L' reason: Failed to perform, curl: (77) error setting certificate verify locations:  CAfile: /Users/ajay/Library/Python/3.9/lib/python/site-packages/certifi/cacert.pem CApath: none. See https://curl.se/libcurl/c/libcurl-errors.html first for more details.
$IGN.L: possibly delisted; no price data found  (period=3mo) (Yahoo error = "No data found, symbol may be delisted")

138 Failed downloads:
['HYPRO.OL', 'INIT.ST', 'IFRX.L', 'ICFG.L', 'HUD.L', 'HSW.L', 'INSG.L', 'IMP-A-SDB.ST', 'INVE-B.ST', 'IMMNOV.ST', 'INIFY.OL', 'ICGC.L', 'HPOL-B.ST', 'IMB.L', 'HVT.L', 'IAM.PA', 'IEM.L', 'HVTA.L', 'HVPE.L', 'IBT.L', 'INTRUM.ST', 'IES.L', 'ICO.ST', 'HOVE.CO', 'IBAB.BR', 'INDT.ST', 'IIG.L', 'HSBK.L', 'INDU-A.ST', 'IBST.L', 'INSTAL.ST', 'INSP.ST', 'INCOAX.ST', 'HUH1V.HE', 'HTWS.L', 'IHG.L', 'IAD.L', 'HSD.L', 'HWDN.L', 'IG.CO', 'IPCO.ST', 'HTRO.ST', 'IBAI.L', 'IGP.L', 'IGR.L', 'HOODIN.ST', 'HSBA.L', 'HTG.L', 'ICG.L', 'HVPD.L', 'INVEST.HE', 'HRTIS.HE', 'HUM.ST', 'HUI.L', 'ININ.OL', 'INVP.L', 'INGA.AS', 'INF.PA', 'INCH.L', 'INTEG-B.ST', 'INWI.ST', 'IDL.PA', 'HVTB.L', 'HWA.L', 'ILKKA.HE', 'HUSCO.CO', 'INF.L', 'IBT-B.ST', 'INISS-B.ST', 'IPC.L', 'HUW.L', 'HYL.BR', 'IDIP.PA', 'HUFV-A.ST', 'IDUN-B.ST', 'INPP.L', 'IDLDX.ST', 'ICGT.L', 'HTSC.L', 'IMI.L', 'HPOW.L', 'INOV.L', 'HSX.L', 'IMCD.AS', 'IMPERO.CO', 'HPUR.OL', 'IKA.L', 'HUMBLE.ST', 'INDERES.HE', 'IBS.LS', 'IMMO.BR', 'HSP.L', 'HRI.L', 'HREE.L', 'HUSQ-B.ST', 'IGE.L', 'IMM.L', 'IMPC.ST', 'HVID.CO', 'INDCT.OL', 'IOX.OL', 'III.L', 'INDU-C.ST', 'HWG.L', 'INFREA.ST', 'INPST.AS', 'IMC.L', 'ICON.L', 'IMMU.ST', 'IOF.L', 'HVO.L', 'HSPG.OL']: TypeError("'NoneType' object is not subscriptable")
['IMDA.PA', 'IDEX.OL', 'HWC.L', 'ICP1V.HE', 'IMMOU.BR', 'INTEA-D.ST', 'IOM.L', 'HYPROO.OL', 'HUNTER.ST', 'HWK.AS', 'HSM.L', 'INEA.PA', 'ING.L', 'INVE-A.ST', 'IDHC.L', 'HYSG.BR', 'INV.L', 'IHP.L', 'HYDRA.AS', 'INSTA.OL', 'IAG.L', 'HUSQ-A.ST', 'HULT-B.ST', 'IMS.ST', 'IGC.L']: OperationalError('unable to open database file')
['IGN.L']: possibly delisted; no price data found  (period=3mo) (Yahoo error = "No data found, symbol may be delisted")
Failed to get ticker 'JARJ.L' reason: Failed to perform, curl: (6) Could not resolve host: query2.finance.yahoo.com. See https://curl.se/libcurl/c/libcurl-errors.html first for more details.

135 Failed downloads:
['IPF.L', 'JAN.L', 'JD.L', 'KLSO.L', 'KCR.L', 'ISS.CO', 'KLEE-B.CO', 'IRIS.ST', 'KAMBI.ST', 'KENDR.AS', 'KJELL.ST', 'JM.ST', 'ISOFOL.ST', 'IVA.PA', 'JEMA.L', 'JCGI.L', 'IPX.L', 'KLARA-B.ST', 'KAP.L', 'KENH.ST', 'KINV-B.ST']: OperationalError('unable to open database file')
['JMGI.L', 'ISAB.ST', 'IPR.LS', 'JET2.L', 'KCC.OL', 'IXI.L', 'ITRK.L', 'KAV.ST', 'JARU.L', 'KIT.OL', 'JPEL.L', 'JYSK.CO', 'KEOC.ST', 'IWS.OL', 'JUGI.L', 'ISLAX.OL', 'JIM.L', 'KALMAR.HE', 'ITAB.ST', 'KAKEL.ST', 'JSE.L', 'JCH.L', 'JZCP.L', 'JHDA.L', 'KCR.HE', 'IVSO.ST', 'IPO.L', 'JEDT.L', 'JAR.L', 'JEL.L', 'KING.OL', 'JDAN.CO', 'JIGI.L', 'JEN.BR', 'JDG.L', 'JBOG.PA', 'KLDVK.OL', 'JARB.L', 'K2A-PREF.ST', 'KLIMAT.ST', 'KIE.L', 'KID.OL', 'IZAFE-B.ST', 'K2A-B.ST', 'KEMPOWR.HE', 'JAGI.L', 'KINV-A.ST', 'JEMI.L', 'ITIM.L', 'KEYS.L', 'KLR.L', 'ITM.L', 'KAR.ST', 'KER.PA', 'K33.ST', 'JDW.L', 'JTC.L', 'KBC.BR', 'IQE.L', 'JIN.OL', 'JGGI.L', 'KNB.L', 'KIN.BR', 'KEN.L', 'JUSC.L', 'JNEO.L', 'JUP.L', 'ITP.PA', 'ITX.L', 'KMR.L', 'KBC.ST', 'JEGI.L', 'IPH.PA', 'KMAR.OL', 'KAKU.L', 'KLAR.ST', 'KBCA.BR', 'JFJ.L', 'KFAST-B.ST', 'JARJ.L', 'KETL.L', 'JOMA.ST', 'IPS.PA', 'IRLAB-TR-A.ST', 'JARE.L', 'KABE-B.ST', 'KEBNI-B.ST', 'IVACC.ST', 'KDNC.L', 'KHG.HE', 'JOG.L', 'JMT.LS', 'KESKOB.HE', 'ITERA.OL', 'JSG.L', 'KAMUX.HE', 'JAM.L', 'KAPIAB.ST', 'IS.ST', 'IRLAB-A.ST', 'ITECH.ST', 'KNM.L', 'IWG.L', 'JMAT.L', 'KIST.L', 'KDR.L', 'JAREN.OL', 'JLT.ST', 'KARNEL-B.ST', 'JACK.OL', 'KEFI.L', 'IQMX.HE', 'KAV.L', 'KGH.L']: TypeError("'NoneType' object is not subscriptable")
Failed to get ticker 'KONT.ST' reason: Failed to perform, curl: (6) getaddrinfo() thread failed to start. See https://curl.se/libcurl/c/libcurl-errors.html first for more details.
Failed to get ticker 'KRS.L' reason: Failed to perform, curl: (6) getaddrinfo() thread failed to start. See https://curl.se/libcurl/c/libcurl-errors.html first for more details.
Failed to get ticker 'LINC.ST' reason: Failed to perform, curl: (6) getaddrinfo() thread failed to start. See https://curl.se/libcurl/c/libcurl-errors.html first for more details.
Failed to get ticker 'MACA.L' reason: Failed to perform, curl: (6) getaddrinfo() thread failed to start. See https://curl.se/libcurl/c/libcurl-errors.html first for more details.
Failed to get ticker 'MAC3.L' reason: Failed to perform, curl: (6) getaddrinfo() thread failed to start. See https://curl.se/libcurl/c/libcurl-errors.html first for more details.
$LGLD.L: possibly delisted; no price data found  (period=3mo) (Yahoo error = "No data found, symbol may be delisted")

134 Failed downloads:
['MAB.L', 'MAS.OL', 'LUND-B.ST', 'MAI.L', 'LOGIST-B.ST', 'LAMOR.HE', 'MATAS.CO', 'LYKO-A.ST', 'LPE.PA', 'LOCAL.PA', 'LOVI.ST', 'LSL.L', 'LMS.L', 'LCLEAN.ST', 'KOO.L', 'LEMSE.ST', 'KRE.CO', 'LEMON.HE', 'MAR.LS', 'LINDEX.HE', 'KZG.L', 'LOLB.CO', 'LPA.L', 'LAGR-B.ST', 'LSS.PA', 'LASER.ST', 'LGOLD-B.ST', 'LUG.ST', 'LHYFE.PA', 'LUMO.HE', 'KOSKI.HE', 'MAFL.L', 'LXB.ST', 'MAGI.ST', 'MACF.L', 'KOD.L', 'KPYOSK.HE', 'LOGI-B.ST', 'KOG.OL', 'KREATE.HE', 'LSEG.L', 'LOIHDE.HE', 'LGEN.L', 'LKFT.AS', 'LUOTEA.HE', 'MARAS.HE', 'KYGA.L', 'LITI.ST', 'LARK.ST', 'LORD.L', 'LIV.L', 'LIVE.L', 'MAERSK-A.CO', 'LMP.L', 'LUCE.L', 'MAB1.L', 'LINK.OL', 'LIGR.ST', 'LWI.L', 'KP2.L', 'LAND.L', 'KRS.L', 'LOOMIS.ST', 'LAMM-B.ST', 'LASP.CO', 'LSAA.L', 'LUMEN.ST', 'LUMI.OL', 'LOYAL.ST', 'MAJE.L', 'KR1.L', 'KRAB.OL', 'KRM.L', 'LTI.L', 'LATO-B.ST', 'MAAT.PA', 'LST.L', 'KOMPL.OL', 'LACR.PA', 'LSG.OL', 'LIT.L', 'LOKO.OL', 'MAERSK-B.CO', 'LTHM.L', 'LEA.ST', 'KPN.AS', 'KRONA.ST', 'MANTA.HE', 'LOVE-B.ST', 'LEBL.PA', 'KONSOL.CO', 'MAC.L', 'LUC.ST', 'LES.WA', 'KOA.OL', 'MANG.ST', 'LYTIX.OL', 'LAT.PA', 'LNA.PA', 'LEVEL.ST', 'LBOW.L', 'LINV.L', 'KOF.PA', 'LEND.L', 'LWDB.L', 'LIO.L', 'LYGRD.ST', 'LLOY.L', 'LND.L', 'MACA.L', 'MAC3.L']: TypeError("'NoneType' object is not subscriptable")
['LTA.PA', 'LIAB.ST', 'LLPC.L', 'LSC.L', 'LUMI.ST', 'LUXOR-B.CO', 'LANE-B.ST', 'LIFCO-B.ST', 'MANO.L', 'LOTB.BR', 'LAPWALL.HE', 'LVIDE.AS', 'LRE.L', 'LIKE.L', 'MALT.PA', 'LR.PA', 'LOUP.PA', 'LEX.L', 'LI.PA', 'LIFE.OL', 'LSI.WA', 'LBIRD.PA']: OperationalError('unable to open database file')
['LGLD.L']: possibly delisted; no price data found  (period=3mo) (Yahoo error = "No data found, symbol may be delisted")

131 Failed downloads:
['MNMD.L', 'MLFDV.PA', 'MLAAT.PA', 'MGAM.L', 'MODE.L', 'MLSDN.PA', 'MLCHE.PA', 'MELE.BR', 'MLWEY.PA', 'MIDW.L', 'MNTC.ST', 'MBSR.L', 'MDZ.L', 'MLWEA.PA', 'MCOV-B.ST', 'MDUNDO.CO', 'MINEST.ST', 'MLEDR.PA', 'MILDEF.ST', 'MILA.L', 'METSO.HE', 'MIG1.L', 'MNBA.CO', 'MAY.L', 'MHM.PA', 'METSA.HE', 'MLCMB.PA', 'MATD.L', 'MLGAL.PA', 'MERUS.HE', 'MLMTP.PA', 'MAU.PA']: OperationalError('unable to open database file')
['MEMS.PA', 'MFX.L', 'MEDS.ST', 'MEGP.L', 'MAXENT-B.ST', 'MMIT.L', 'MLPTZ.PA', 'MFAI.L', 'MCC.BR', 'MLCFM.PA', 'MBWS.PA', 'MCG.L', 'MLIML.PA', 'MLUMG.PA', 'MII.L', 'MLFMV.LS', 'MET.L', 'MERY.PA', 'MLCFD.PA', 'MNDI.L', 'MIRI.L', 'MOBA.ST', 'MLHPE.PA', 'MAVEN.ST', 'MING.OL', 'METSB.HE', 'MLHIN.PA', 'MLZAM.PA', 'MODEL.ST', 'MICC.L', 'MKS.L', 'MMB.PA', 'MLIFC.PA', 'MEAB-B.ST', 'MEKO.ST', 'MNKS.L', 'MDM.PA', 'MCAP.ST', 'MET1.L', 'MAW.L', 'ML.PA', 'MLVN.L', 'MIND.L', 'MDATA.OL', 'MLCIA.LS', 'MLONE.PA', 'MNTN.L', 'MLGEQ.PA', 'MLNMA.PA', 'MLODT.PA', 'MLFXO.PA', 'MMGR-B.ST', 'MKA.L', 'MEKKO.HE', 'MERC.L', 'MIK.L', 'MHA.L', 'MLAEM.PA', 'MLCMG.PA', 'MER.L', 'MER.ST', 'MLAAH.PA', 'MNTS.L', 'MLLOI.PA', 'MIDS.ST', 'MEDI.OL', 'MIGO.L', 'MBO.L', 'MODTX.ST', 'MLACT.PA', 'MLHK.PA', 'MLHL.L', 'MLPAC.PA', 'MICC.AS', 'MIKO.BR', 'MC.PA', 'MLPLC.PA', 'MF.PA', 'MLBSP.PA', 'MDH.L', 'MIR.ST', 'MEDCL.PA', 'MGCI.L', 'MLFTI.PA', 'MLSML.PA', 'MMT.PA', 'MLCAC.PA', 'MKTBS.PA', 'MLPHO.PA', 'MELG.OL', 'MLIMP.PA', 'MGNS.L', 'MDTBS.PA', 'MLLCB.PA', 'MLROT.PA', 'MLCLP.PA', 'MCON.L', 'MEX.L', 'MCB.L']: TypeError("'NoneType' object is not subscriptable")
$NBDX.L: possibly delisted; no price data found  (period=3mo)

135 Failed downloads:
['NBA.LS', 'NAVIGO-PREF.ST', 'MYCR.ST', 'NEXTA.BR', 'MTRK.AS', 'NAXS.ST', 'MOTR.L', 'MOON.L', 'MUL.L', 'NBDG.L', 'MONI.ST', 'NEPA.ST', 'MTLS.BR', 'NANOC-B.ST', 'MPOS.ST', 'NANO.L', 'NAVA.OL', 'NDA-DK.CO', 'NANECH.ST', 'NBB.L', 'MTLN.L', 'MPL.L', 'NESF.L', 'MON.WA', 'MVCT.L', 'NELLY.ST', 'MSI.L', 'NEWS.L', 'MSON-A.ST', 'MOWI.OL', 'NETC.CO', 'NBPE.L', 'MODU.HE', 'NBPU.L', 'NBS.L', 'MTG-B.ST', 'NEL.OL', 'NEXT.OL', 'NAI.AS', 'NANO.PA', 'MTC.L', 'MRCH.L', 'NEEMS-B.ST', 'MTO.L', 'MTE.L', 'MONSO.CO', 'NAVF.L', 'MRL.LS', 'MSW.WA', 'MWY.L', 'NETUM.HE', 'NEO-B.ST', 'NCC-B.ST', 'MYX.L', 'MORLD.OL', 'NEOLA.ST', 'MTVW.L', 'MRB.WA', 'MVI.L', 'MTRS.ST', 'NAH.L', 'MPAL.L', 'MTEC.L', 'MORE.AS', 'N91.L', 'NEWT.BR', 'MUSTI.HE', 'NAIT.L', 'MPAC.L', 'MONNI.BR', 'MOFAST.ST', 'NEXAM.ST', 'NESTE.HE', 'MVW.OL', 'MPCC.OL', 'NAR.L', 'NCC-A.ST', 'NAVIGO-STAM.ST', 'NEWCAP.CO', 'MTI.ST', 'MRN.PA', 'MTU.L', 'NANOFS.ST', 'MWE.L', 'NAPA.OL', 'NEDAP.AS', 'MPE.L', 'MPCES.OL', 'MRV.L', 'NAS.OL', 'NCAB.ST', 'MYSE.L', 'MONT.BR', 'MRSELL.ST', 'NANEXA.ST', 'NCOD.OL', 'NDA-FI.HE', 'MT.AS', 'MYBEAT.ST', 'NETEL.ST', 'NEXS.L', 'NET.L', 'NCYT.L', 'NARF.L', 'MOUR.BR']: TypeError("'NoneType' object is not subscriptable")
['MVIR.ST', 'MTRO.L', 'MRC.L', 'NEXCOM.CO', 'NCC.L', 'NANOFH.HE', 'NBX.OL', 'MONY.L', 'NACON.PA', 'NATTA.ST', 'MVR2.L', 'MSAB-B.ST', 'NEWA-B.ST', 'NBDD.L', 'MTHH.CO', 'NCSP.L', 'NEOBO.ST', 'NEO.L', 'NETI-B.ST', 'MSON-B.ST', 'NCYF.L', 'MRK.L', 'MYI.L', 'NEWBRY.ST', 'MPO.L', 'MOVINN.CO', 'NDA-SE.ST', 'MRO.L', 'NAS.L']: OperationalError('unable to open database file')
['NBDX.L']: possibly delisted; no price data found  (period=3mo)

134 Failed downloads:
['OBI.L', 'OPM.PA', 'NOTE.ST', 'OBAB.ST', 'NSI.AS', 'NYXH.BR', 'ONTEX.BR', 'ODF.OL', 'OGDC.L', 'ODET.PA', 'NOLA-B.ST', 'NTG.OL', 'NORSE.OL', 'NLG1V.HE', 'NOHAL.OL', 'NORRH.HE', 'NRC.OL', 'OMDA.OL', 'NORBT.OL', 'NOHO.HE', 'NIOX.L', 'NRP.AS', 'OIT.L', 'NWT.L', 'NICO.ST', 'NORDH.OL', 'NOBI.ST', 'NTV.L', 'ODL.OL']: OperationalError('unable to open database file')
['NXT.L', 'NOVU.ST', 'NORTH.OL', 'OMIP.L', 'NSI.L', 'NXTMH.HE', 'NHY.OL', 'NSE.AS', 'OCEAN.OL', 'ONCIN.OL', 'NYOR.ST', 'NOSA.ST', 'NLB.L', 'NTG.CO', 'ODI.ST', 'OCTV-SDB.ST', 'NREST.ST', 'NOL.OL', 'NWF.L', 'NIDHOG.ST', 'NXQ.L', 'NVG.LS', 'ONCOZ.ST', 'OAP3.L', 'NWG.L', 'NOTEK.ST', 'OODA.ST', 'NOAP.OL', 'NILS.ST', 'OIG.L', 'NIO.ST', 'OET.OL', 'NXR.L', 'NRR.L', 'NFO.ST', 'OLVAS.HE', 'NORSEO.OL', 'NNIT.CO', 'NICA.ST', 'NOS.LS', 'OBD.L', 'OBSRV.OL', 'NIL-B.ST', 'NYR.BR', 'OFG.L', 'NORDEN.ST', 'NYAB.ST', 'ODFB.OL', 'ONDO.L', 'NISB.OL', 'NOKIA-SEK.ST', 'OMU.L', 'OKEAC.CO', 'NRG.PA', 'NXTCL.ST', 'NVT.L', 'NK.PA', 'NYKD.OL', 'OCI.AS', 'NOFIN.OL', 'NOBA.ST', 'ONWD.L', 'OBEL.BR', 'NOSN.OL', 'NTN.L', 'NRO.PA', 'NTEK-B.ST', 'NICL.L', 'NFX.L', 'NXFIL.AS', 'ODIN.ST', 'ONT.L', 'ONEF.ST', 'NP3.ST', 'NORB-B.ST', 'NOD.OL', 'NKT.CO', 'OIH.L', 'OHGR.L', 'NN.AS', 'NIVI-B.ST', 'NKR.OL', 'ONCO.ST', 'OBL.WA', 'NSKOG.OL', 'OMI.L', 'OGUN-B.ST', 'NOM.OL', 'NG.L', 'NOG.L', 'NSIS-B.CO', 'OGN.L', 'NIBE-B.ST', 'NOKIA.HE', 'NORION.ST', 'NONG.OL', 'OOA.L', 'OKEA.OL', 'OEM-B.ST', 'OCI.L', 'NTVO.L', 'NOVO-B.CO', 'NTEA.L', 'NORCO.OL', 'NZI.L']: TypeError("'NoneType' object is not subscriptable")
Failed to get ticker 'OTES.L' reason: Failed to perform, curl: (6) Could not resolve host: query2.finance.yahoo.com. See https://curl.se/libcurl/c/libcurl-errors.html first for more details.
$OTES.L: possibly delisted; no price data found  (period=3mo) (Yahoo error = "No data found, symbol may be delisted")

136 Failed downloads:
['ORSTED.CO', 'PARB.OL', 'PLNW.PA', 'OR.PA', 'ORTIN.ST', 'OT4.L', 'OVARO.HE', 'OUT1V.HE', 'PCTN.L', 'ORES.ST', 'PDL.L', 'PAMPALO.HE', 'ORCA.L', 'PACT.ST', 'PAGE.L', 'ORX.ST', 'OPTI.BR', 'PALM.L', 'PGV.L', 'PHAR.L', 'PAAL-B.CO', 'PCOM-B.ST', 'PHSC.L', 'PEEL.L', 'PEXIP.OL', 'PARP.PA', 'OTL.OL', 'PCFT.L', 'PALLAS.HE', 'OPTOMED.HE', 'PAR.PA', 'OT3.L', 'PCT.L', 'ORT-B.ST', 'PAY.L', 'PEG.CO', 'OVH.PA', 'PEN.OL', 'PARKEN.CO', 'PAX.ST', 'PLCAN.OL', 'ORTI-A.ST', 'PLEJD.ST', 'PCELL.ST', 'OURLIV.ST', 'PDX.ST', 'PAF.L', 'ORTHEX.HE', 'PAY.BR', 'OT1.L', 'OVCT.L', 'PCA.L', 'PERR.PA', 'PHARM.AS', 'PAG.L', 'PLUS.L', 'PGOO.L', 'PEAB-B.ST', 'PLX.PA', 'PHOR.L', 'PIG.PA', 'PINT.L', 'PLAZ.L', 'PAIM.L', 'PFINV.CO', 'ORCP.L', 'OTLO.OL', 'OSUN.OL', 'PIN.L', 'PCAT.ST', 'PEXA-B.ST', 'OPTER.ST', 'ORRON.ST', 'OSEC.L', 'PARRO.PA', 'PHR.LS', 'ORNBV.HE', 'PION-B.ST', 'PAT.PA', 'PKP.WA', 'ORA.PA', 'OXIG.L', 'PGH.L', 'OSE.PA', 'PEN.L', 'OXH.L', 'ORNAV.HE', 'PCH.L', 'PERP-B.ST', 'PEYS.L', 'PACS.L', 'PLT.OL', 'PET.L', 'OVZON.ST', 'OXB.L', 'PEUG.PA', 'PETS.L', 'PADEL.ST', 'ORR.L']: TypeError("'NoneType' object is not subscriptable")
['PEG.L', 'PARKST-A.CO', 'OXUR.BR', 'PAM.L', 'PLSR.L', 'PFD.L', 'PLAZ-B.ST', 'PHI.L', 'OPTI.ST', 'ORIA.PA', 'PEBB.L', 'OTEC.OL', 'ORTI-B.ST', 'PANR.L', 'OPSYH.ST', 'PILA.ST', 'PIHLIS.HE', 'PLGC.OL', 'PEY.L', 'ORIOLA.HE', 'ORGC.ST', 'PHP.L', 'PIERCE.ST', 'OTOVO.OL', 'PHIA.AS', 'OXE.ST', 'PBH.AS', 'ORNT.L', 'PLSV.OL', 'PMED.ST', 'OPTI.L', 'PCGH.L', 'OSB.L', 'PEB.L', 'PAC.L', 'ORCH.L']: OperationalError('unable to open database file')
['OTES.L']: possibly delisted; no price data found  (period=3mo) (Yahoo error = "No data found, symbol may be delisted")

137 Failed downloads:
['PSH.L', 'PXC.L', 'POLAR.ST', 'PSN.L', 'PXM.WA', 'PORF.AS', 'QLT.L', 'RBT.PA', 'PMP.L', 'PNN.L', 'PXEN.L', 'PUB.PA', 'QQ.L', 'PUUILO.HE', 'RAUTE.HE', 'QBIM.ST', 'PYC.L', 'PRU.L', 'PRFO.ST', 'QIIWI.ST', 'QPR1V.HE', 'PRO.ST', 'PNOR.OL', 'PMI.L', 'POW.L', 'PULS.L', 'PVN.L', 'PZC.L', 'QRF.BR', 'PNDORA.CO', 'PRM.L', 'RCN.L', 'PUBLI.ST', 'PRIMOF.CO', 'RAMSH.ST', 'PNA1V.HE', 'RAP1V.HE', 'QTX.L', 'PREC.ST', 'QED.L', 'PPG.OL', 'PRV.L', 'PREM.L', 'POLAR.OL', 'QUBE.L', 'QEC.OL', 'QGAS.OL', 'QHE.L', 'PPET.L', 'PROXI.OL', 'RBW.WA', 'QINTER.CO', 'PTRK.ST', 'PNS.L', 'RCFX.L', 'PPGO.OL', 'RATO-A.ST', 'QCORE.ST', 'PON1V.HE', 'PRYME.OL', 'POXEL.PA', 'POLB.L', 'RBD.L', 'RAKE.ST', 'QDT.PA', 'PYX.L', 'RBN.L', 'POMRY.PA', 'PRCO-B.ST', 'QBNK.ST', 'RATO-B.ST', 'PRS.OL', 'PTAL.L', 'POLYG.ST', 'PRISMA.ST', 'PRE.L', 'QFG.BR', 'PRIM.L', 'PRIS.L', 'QLINEA.ST', 'PPH.L', 'PRM.WA', 'PVRTO2-B.ST', 'QBT.L', 'POSTI.HE', 'PUBLI.OL', 'QLIRO.ST', 'PREBON.ST', 'PUAL.L', 'QSYS.ST', 'PMG.L', 'QLIFE.ST', 'PRT.WA', 'PRESRV.ST', 'PSON.L', 'PNORO.OL', 'PROC.L', 'RAIKV.HE', 'PRD.L', 'PRX.AS', 'POL.OL', 'PROVIT.ST', 'RCGH.L', 'PROT.OL', 'PPHC.L', 'RAM.LS', 'POLN.L', 'PXS.L', 'PTEC.L', 'RBO.PA', 'PR1.L', 'PWR.L', 'PREVA.AS']: TypeError("'NoneType' object is not subscriptable")
['PSHD.L', 'QDE.L', 'PROGEN.ST', 'PNDX-B.ST', 'PNPL.L', 'POLR.L', 'PPP.L', 'PSE.OL', 'PREV-B.ST', 'PRTC.L', 'RBLN-B.CO', 'RAIVV.HE', 'PUBLIO.OL', 'QTCOM.HE', 'PROX.BR', 'PNL.AS', 'RBW.L', 'PNL.L', 'QAIR.ST', 'PRC.PA', 'RAT.L', 'PRN.L', 'RCH.L', 'RBREW.CO']: OperationalError('unable to open database file')

135 Failed downloads:
['SAGA-D.ST', 'RNK.L', 'ROU.BR', 'SAGA-B.ST', 'SANION.ST', 'SAL.L', 'SAF.PA', 'RESP.ST', 'REKA.HE', 'RST.L', 'SAG.L', 'RFG.L', 'ROV.CO', 'RIAS-B.CO', 'RNO.PA', 'SATS.OL', 'RNEP.L', 'ROC.L', 'SAXG.ST', 'ROGS.OL', 'RMR.L', 'RKW.L', 'RS1.L', 'RMS.PA', 'REAKTOR.HE', 'REL.L', 'SAFE.ST', 'REACH.OL', 'RENE.LS', 'SAR.L', 'SBAR.L', 'RCO.PA', 'RXL.PA', 'SAFETY-B.ST', 'REALFI.ST', 'S30.PA', 'REA.L', 'REAT.L', 'SAGA.OL', 'REAA.L', 'RE-B.L', 'RIO.L', 'ROM.OL', 'REAL.BR', 'ROKO-B.ST', 'RF.PA', 'RLE.L', 'RTX.CO', 'RKH.L', 'SAVE.ST', 'RHR.L', 'REJL-B.ST', 'ROSE.L', 'ROBIT.HE', 'SAAB-B.ST', 'RSW.L', 'S32.L', 'RECY-B.ST', 'RR.L', 'RIII.L', 'RSG.L', 'SALIX.ST', 'RILBA.CO', 'RVRB.L', 'RESI.L', 'REINA.AS', 'RECI.L', 'RWA.L', 'S2M.ST', 'ROCK-A.CO', 'RET.BR', 'REN.AS', 'SAND.ST', 'REFL.OL', 'SAVE.PA', 'RTO.L', 'REG1V.HE', 'SAMS.PA', 'RPI.L', 'RMII.L', 'RUA.L', 'SAFE.L', 'SALT-B.ST', 'RELAIS.HE', 'RECT.BR', 'ROCK.L', 'RTC.L', 'RING.OL', 'SAVOX.HE', 'SAGA-A.ST', 'SACI.PA', 'RMMC.L', 'RHIM.L', 'ROR.L', 'RDT.L', 'RE.L', 'REC.L', 'SAGA.L', 'SAGCV.HE', 'REBL.HE', 'SB1NO.OL', 'SAVE.L', 'RCP.L', 'RNEW.L', 'RUG.ST']: TypeError("'NoneType' object is not subscriptable")
['RPLAN.ST', 'SAA.L', 'SAMPO.HE', 'ROCK-B.CO', 'RUI.PA', 'SAMPO-SEK.ST', 'RI.PA', 'SANOMA.HE', 'RSE.L', 'SANB.L', 'RGG.L', 'RFX.L', 'RM.L', 'REVB.L', 'RUSTA.ST', 'SATSO.OL', 'SALME.OL', 'SAIN.L', 'ROMER.OL', 'REDS.ST', 'SALMEO.OL', 'SAV.L', 'SATS.L', 'SABE.PA', 'RIFT.L', 'RVRC.ST', 'RVRG.L', 'RKT.L', 'RROS.ST', 'RMV.L']: OperationalError('unable to open database file')

133 Failed downloads:
['SKA.L', 'SEA1.OL', 'SKUE.OL', 'SML.L', 'SERE.L', 'SHEL.L', 'SCSP.L', 'SEE.L', 'SHR.L', 'SHELL.AS', 'SMJ.L', 'SIVE.ST', 'SIN.ST', 'SBO.L', 'SK.PA', 'SCF.L', 'SDY.L', 'SFPI.PA', 'SES.ST', 'SJG.L', 'SELK.L', 'SBRY.L', 'SBT.PA', 'SDI.L', 'SEAF.ST', 'SMOL.ST', 'SKAND.OL', 'SBO.OL', 'SEEN.L', 'SKL.L', 'SINT.ST', 'SEED.L', 'SBOK-B.ST', 'SEA.L', 'SHPP.L', 'SCP.LS', 'SMIN.L', 'SFL.ST', 'SFAST.ST', 'SERV.ST', 'SJF.CO', 'SCLP.L', 'SKA-B.ST', 'SCIB.ST', 'SDR.L', 'SERT.ST', 'SINCH.ST', 'SDP.L', 'SDOS.ST', 'SKJE.CO', 'SCA-A.ST', 'SEC.L', 'SKIS-B.ST', 'SCT.L', 'SCANAO.OL', 'SMOP.OL', 'SCANA.OL', 'SLIGR.AS', 'SIP.BR', 'SIG.CO', 'SKF-B.ST', 'SLEEP.ST', 'SEFA.L', 'SEZI.ST', 'SFR.L', 'SHUR.BR', 'SCATCO.OL', 'SESG.PA', 'SHB-A.ST', 'SKF-A.ST', 'SBB-B.ST', 'SLBEN.LS', 'SCANFL.HE', 'SHOT.ST', 'SBRE.L', 'SGRO.L', 'SMCP.PA', 'SILEX.ST', 'SFT.L', 'SBSI.L', 'SELER.PA', 'SDIP-B.ST', 'SIMRIS-B.ST', 'SCGL.L', 'SBI.HE', 'SBNOR.OL', 'SDIC.L', 'SEM.LS', 'SEDANA.ST', 'SDV.L', 'SDLF.L', 'SDG.L', 'SMCRT.ST', 'SEPL.L', 'SCA-B.ST', 'SEI.L', 'SFOODS.HE', 'SCHP.PA', 'SITOWS.HE', 'SHB-B.ST', 'SFTR.ST', 'SHI.L', 'SHT-B.ST', 'SIHL.L', 'SDG.PA']: TypeError("'NoneType' object is not subscriptable")
['SBB-D.ST', 'SGO.PA', 'SLP.L', 'SFAB.ST', 'SBTX.L', 'SHC.L', 'SGG.ST', 'SEB-C.ST', 'SF.ST', 'SENZA.ST', 'SCC-B.ST', 'SECT-B.ST', 'SIVI.ST', 'SCP.L', 'SHOE.L', 'SKOLON.ST', 'SBSA.L', 'SCATC.OL', 'SDSD.OL', 'SEIT.L', 'SIGHT.PA', 'SCT.LS', 'SHAW.L', 'SIILI.HE', 'SEYE.ST', 'SMSMED.CO', 'SMIF.L', 'SFCA.PA']: OperationalError('unable to open database file')
Failed to get ticker 'SPEB.L' reason: Failed to perform, curl: (77) error setting certificate verify locations:  CAfile: /Users/ajay/Library/Python/3.9/lib/python/site-packages/certifi/cacert.pem CApath: none. See https://curl.se/libcurl/c/libcurl-errors.html first for more details.
Failed to get ticker 'SPEA.L' reason: Failed to perform, curl: (77) error setting certificate verify locations:  CAfile: /Users/ajay/Library/Python/3.9/lib/python/site-packages/certifi/cacert.pem CApath: none. See https://curl.se/libcurl/c/libcurl-errors.html first for more details.
$SPEB.L: possibly delisted; no price data found  (period=3mo) (Yahoo error = "No data found, symbol may be delisted")

140 Failed downloads:
['SPDI.L', 'SPA.BR', 'SPSC.L', 'STRAP.CO', 'SSH1V.HE', 'SMSN.L', 'SNX.ST', 'SREI.L', 'SPG.CO', 'STAR-A.ST', 'SST.L', 'SUPR.L', 'SNR.L', 'SRVL.L', 'SNC.LS', 'SOBI.ST', 'SNOR.OL', 'SRE.L', 'SUBC.OL', 'SUMMA.HE', 'SMT.L', 'SNT.L', 'STRINV.CO', 'SNTIA.OL', 'STECH.OL', 'SOU.L', 'SOSI1.HE', 'STLAP.PA', 'SORT.L', 'SMWH.L', 'STENO.CO', 'SSIT.L', 'SNDA.L', 'SSABBH.HE', 'STS.L', 'STEF-B.ST', 'STST.OL', 'SPEL.PA', 'STJ.L', 'STF.PA', 'SUS.L', 'SSE.L', 'STHLM.ST', 'SOF.BR', 'SOGN.OL', 'SOLTEQ.HE', 'SOUC.L', 'SOAG.OL', 'SPSY.L', 'STB.OL', 'STW.ST', 'SPEC.ST', 'SUP.L', 'SURE.L', 'STB.L', 'SOFT.BR', 'STG.CO', 'SSAB-A.ST', 'SOFF.OL', 'SUH.L', 'STX.L', 'SPEA.L', 'SOLI.L', 'SSAB-B.ST', 'STAR.L', 'SONE.ST', 'SOLT.ST', 'SQZ.L', 'SPMU.L', 'STORB76-PRO-ESG.OL', 'SPX.L', 'SNWS.L', 'SOMA.OL', 'SPI.L', 'STEAV.HE', 'SPOG.OL', 'SOP.PA', 'SPRINT.ST', 'SNM.OL', 'SPINN.HE', 'SPR.L', 'SPAGO.ST', 'SRV1V.HE', 'STG.L', 'SOLV.BR', 'SPRING.HE', 'SSIC.L', 'SOFTX.OL', 'SOI.L', 'SRES.L', 'STWK.ST', 'SPGR.ST', 'STAN.L', 'SPERM.ST', 'SUN.L', 'SU.PA', 'SOLNA.ST', 'SPIE.PA', 'SSTY.L', 'SSABAH.HE', 'SOF-B.ST', 'SOLB.BR', 'SUMMAS.ST', 'SRB.L', 'SRT.L', 'STORY-B.ST', 'STE-A.ST', 'SUNB.L', 'SNX.L', 'SPEONE.ST', 'SSPG.L']: TypeError("'NoneType' object is not subscriptable")
['SNM-SDB.ST', 'SVCT.L', 'SUSG.ST', 'SPOTR.ST', 'STMPA.PA', 'STROO.OL', 'STRO.OL', 'SOLAR-B.CO', 'SON.LS', 'STERV.HE', 'STCM.L', 'SOLWERS.HE', 'SUBGEN.ST', 'SUY1V.HE', 'SODER.ST', 'STIL.ST', 'SNI.OL', 'STRD-B.ST', 'SUS.ST', 'SOCIAL.ST', 'SPEC.L', 'SRP.L', 'SPOL.OL', 'STAF.L', 'SOI.PA', 'STUDBO.ST', 'SUBGEN-TO-6.ST', 'SOLIDX.ST']: OperationalError('unable to open database file')
['SPEB.L']: possibly delisted; no price data found  (period=3mo) (Yahoo error = "No data found, symbol may be delisted")
Failed to get ticker 'SYSB.L' reason: Failed to perform, curl: (6) getaddrinfo() thread failed to start. See https://curl.se/libcurl/c/libcurl-errors.html first for more details.
Failed to get ticker 'SYSA.L' reason: Failed to perform, curl: (6) Could not resolve host: query2.finance.yahoo.com. See https://curl.se/libcurl/c/libcurl-errors.html first for more details.

134 Failed downloads:
['SWON.OL', 'TOBII.ST', 'SWEC-A.ST', 'SVOL-B.ST', 'SYSR.ST', 'TITC.BR', 'TINGS-PREF.ST', 'TBTG.L', 'TIETO.HE', 'SVRS.WA', 'THEP.PA', 'SYNT.ST', 'TND.L', 'TERA.L', 'TFG.AS', 'TCAP.L', 'SW.PA', 'SWEC-B.ST', 'THS.L', 'TEKNA.OL', 'SYME.L']: OperationalError('unable to open database file')
['TGP.L', 'TEL2-A.ST', 'TBCG.L', 'TOIVO.HE', 'SWC.L', 'SVML.L', 'THEON.AS', 'TAVI.L', 'TITAN.HE', 'TKO.L', 'TATE.L', 'TMI.L', 'TINGS-A.ST', 'TELIA.ST', 'TIA.L', 'TINDE.OL', 'TAR.L', 'THRL.L', 'SYNSAM.ST', 'TEP.PA', 'SVIK.ST', 'SYSB.L', 'TFF.PA', 'TMO.L', 'TIDE.L', 'TFI.PA', 'TCF.L', 'TITA-B.ST', 'TOKMAN.HE', 'TFW.L', 'TEQ.ST', 'SYNC.L', 'TFIF.L', 'TELLUS.ST', 'TIV.CO', 'TIME.L', 'TENEO.ST', 'TGAMES.CO', 'TAN.L', 'TKO.PA', 'TEAM.L', 'SWG.L', 'TECH.OL', 'SWG.WA', 'THAT.L', 'TOM.OL', 'TIBD.L', 'TAND.L', 'SWISS.CO', 'TGS.OL', 'TFGS.L', 'TEL2-B.ST', 'SYS.L', 'TEP.L', 'TEXF.BR', 'TEKNAO.OL', 'TALLINK.HE', 'TNE.L', 'TLM.L', 'TAPH.L', 'TERN.L', 'TOM.L', 'SVS.L', 'THG.L', 'TMPL.L', 'SYM.L', 'TNOM.HE', 'SYS1.L', 'TELIA1.HE', 'SWICH.AS', 'SYENS.BR', 'SVT.L', 'TAM.L', 'TNG.PA', 'TM1.L', 'SYNACT.ST', 'TENG.L', 'TERNOR.ST', 'TOM2.AS', 'SWP.PA', 'TEEG.L', 'TGA.L', 'TEKOVA.HE', 'SVEAF.ST', 'TEK.L', 'THR.L', 'TMG.L', 'TDBS.PA', 'SVNS.L', 'THULE.ST', 'TBLD.L', 'TAP.L', 'TIN.L', 'TBSO.PA', 'TINC.BR', 'TLW.L', 'SYSA.L', 'THG.WA', 'TAALA.HE', 'TALK.ST', 'SWED-A.ST', 'TAMTRON.HE', 'TLT1V.HE', 'THRU.L', 'SVOL-A.ST', 'TCM.CO', 'TANGEN-B.ST', 'TGE.L', 'TFG.L', 'TON.L', 'SWT.L', 'TAGM-B.ST', 'SYNT.L']: TypeError("'NoneType' object is not subscriptable")
Failed to get ticker 'UZNF.L' reason: Failed to perform, curl: (6) getaddrinfo() thread failed to start. See https://curl.se/libcurl/c/libcurl-errors.html first for more details.

136 Failed downloads:
['VAST.L', 'TPT.L', 'VACBS.PA', 'VEND.OL', 'TRN.L', 'VINCIT.HE', 'TRI.WA', 'TYM.L', 'UTLI.L', 'TRT.L', 'TYRES.HE', 'UPGRAD.ST', 'TRIFOR.CO', 'UOG.L', 'URU.L', 'VETT.ST', 'VAN.BR', 'VIDH.ST', 'VALUE.AS', 'VID.L', 'TRP.L', 'UPR.L', 'UZNF.L', 'USFP.L', 'TTE.L', 'VALT.L', 'TPFG.L', 'USA.L', 'TTG.L', 'TREL-B.ST', 'TRN.WA', 'TRMD-A.CO', 'TRMED.OL', 'TRAN-B.ST', 'VIC.L', 'UNIBAP.ST', 'TWEKA.AS', 'TPV.L', 'UKR.L', 'ULTP.L', 'VCT.L', 'TRIG.L', 'UTG.ST', 'UFO.L', 'UPM.HE', 'VEIL.L', 'TOURN.ST', 'VIAFIN.HE', 'TRAC.L', 'UNLGRP.CO', 'VH.ST', 'VICO.ST', 'UU.L', 'TROAX.ST', 'TUN.L', 'UPL.L', 'VIMAB.ST', 'TURA.ST', 'UNA.AS', 'TRY.L', 'UMR.L', 'TSEC.ST', 'VER.ST', 'VBG-B.ST', 'TSTL.L', 'VEFAB.ST', 'TRAF.L', 'TRST.L', 'TRYG.CO', 'VANTI.PA', 'VAIAS.HE', 'TRLS.L', 'URW.PA', 'VANQ.L', 'UJO.L', 'TRMEDO.OL', 'TRANS.ST', 'TST.L', 'VALMT.HE', 'UMI.BR', 'VCT.PA', 'VEL.L', 'TRAIN-B.ST', 'TRI.PA', 'VIMIAN.ST', 'UPSALE.ST', 'TRUE-B.ST', 'USF.L', 'TRAC-B.ST', 'UNT.WA', 'VAL.L', 'VIE.PA', 'TRH1V.HE', 'UCB.BR', 'VERT-B.ST', 'UEM.L', 'UMIDA-B.ST', 'VASTB.BR', 'TTE.PA', 'TOWN.L', 'TRIO.AS', 'UNITED.HE', 'TYT.L', 'TRAN-A.ST', 'VGP.BR', 'TTALO.HE', 'VCP.L']: TypeError("'NoneType' object is not subscriptable")
['TSCO.L', 'TPX.L', 'VIL.PA', 'UTLH.L', 'VAXXA.ST', 'UMG.AS', 'UTL.L', 'TXP.L', 'TORG.L', 'TOUR.L', 'TUNE.L', 'VETO.PA', 'UZ20.L', 'TRUE.L', 'UIE.CO', 'VAF.LS', 'TORO.L', 'VEI.OL', 'UBI.PA', 'UKW.L', 'TOUCH.ST', 'USWE.ST', 'VAC.PA', 'TVRB.PA', 'UTG.L', 'TRI.L', 'UAV.L', 'TRD.L', 'TOO.L']: OperationalError('unable to open database file')

130 Failed downloads:
['YNGA.L', 'WAGA.PA', 'WETTERI.HE', 'WAYS.ST', 'WPHO.L', 'WRN.L', 'VOX.L', 'WINE.L', 'WHATS.BR', 'WPTG-B.ST', 'VTR.PA', 'VIVA.ST', 'W7L.L', 'VVY.AS', 'WCAT.L', 'VVL.OL', 'WPP.L', 'WUF1V.HE', 'WITTED.HE', 'XVIVO.ST', 'VLA.PA', 'VWS.CO', 'VNV.ST', 'VTA.AS', 'WINV.L', 'VOLV-A.ST', 'WTE.L', 'XPS.L', 'WOSG.L', 'WRV.ST', 'VUL.L', 'WAVE.PA', 'WSP.L', 'WSTEP.OL', 'WTG.ST', 'WGP.L', 'VIVE.ST', 'WWH.L', 'XSG.L', 'VOLO-PREF.ST', 'VK.PA', 'VLE.L', 'VRLA.PA', 'YNGN.L', 'VPAB-B.ST', 'WPAY.ST', 'WALL-B.ST', 'WHITE-B.ST', 'WAWI.OL', 'VIRI.PA', 'WSL.L', 'VLX.L', 'VIO.BR', 'WTW-A.ST', 'VZLA.L', 'WDP.BR', 'WWIB.OL', 'VIRP.PA', 'WFR.L', 'VOW.OL', 'WKL.AS', 'VITR.ST', 'WIZZ.L', 'WMA.CO', 'VOD.L', 'WML.L', 'VSURE.ST', 'YIT.HE', 'WLN.PA', 'VLG.L', 'WIRTEK.CO', 'VIV.PA', 'WTB.L', 'VUXEN.ST', 'WEST.OL', 'VTAS.L', 'VRCI.L', 'VOIM.OL', 'XER.ST', 'VPK.AS', 'VOLV-B.ST', 'VSSAB-B.ST', 'VOF.L', 'XINT.ST', 'VIP.L', 'VOT.WA', 'WWI.OL', 'W5.ST', 'WEHB.BR', 'VPLAY-A.ST', 'XPC.ST', 'VSD-B.ST', 'VMX.PA', 'VTA.L', 'YIELD.ST', 'XANO-B.ST', 'XSPRAY.ST', 'WVIA.L', 'XPLRA.OL', 'YCA.L', 'XAR.L', 'VOLO.ST', 'VP.L', 'WNX.L', 'WJG.L', 'WSBN.L', 'XPP.L', 'XMR.ST', 'WEIR.L']: TypeError("'NoneType' object is not subscriptable")
['YAR.OL', 'WEB.BR', 'WPM.L', 'VLK.AS', 'VSVS.L', 'VIRO.CO', 'WIX.L', 'WISE.L', 'VTURA.OL', 'VLTSA.PA', 'XPF.L', 'VNET.L', 'WINK.L', 'VNH.L', 'VO2.ST', 'WKP.L', 'VISC.ST', 'VIT-B.ST', 'WIL.L', 'WISE.ST', 'WRT1V.HE']: OperationalError('unable to open database file')

35 Failed downloads:
['ZAP.OL', 'YOUNI.PA', 'ZENA-SDR.ST', 'ZENZIP-B.ST', 'ZOYO.L', 'ZEN.L', 'YOU.L', 'YU.L', '^OSEAX', 'ZTF.L', '^FTSE', 'ZEAL.CO', 'ZOOM.ST', 'ZZ-B.ST', 'ZAM.L', '^KQ11', 'ZED.L', 'ZIG.L', 'ZAPLOX.ST', '^STOXX', 'ZENB.L', 'ZENI.ST', '^OMXH25', 'YTT.L', 'ZLNA.OL', 'ZPHR.L', '^OMXC25']: TypeError("'NoneType' object is not subscriptable")
['ZIOC.L', 'ZAIM.L', '^KS11', 'YUBICO.ST', 'ZOO.L', 'ZCC.L', '^OMX', 'ZENA.OL']: OperationalError('unable to open database file')
Failed to get ticker '002297.KS' reason: Failed to perform, curl: (6) getaddrinfo() thread failed to start. See https://curl.se/libcurl/c/libcurl-errors.html first for more details.
Failed to get ticker '008250.KQ' reason: Failed to perform, curl: (6) getaddrinfo() thread failed to start. See https://curl.se/libcurl/c/libcurl-errors.html first for more details.
Failed to get ticker '004495.KQ' reason: Failed to perform, curl: (6) getaddrinfo() thread failed to start. See https://curl.se/libcurl/c/libcurl-errors.html first for more details.
Failed to get ticker '009689.KQ' reason: Failed to perform, curl: (6) Could not resolve host: query2.finance.yahoo.com. See https://curl.se/libcurl/c/libcurl-errors.html first for more details.
Failed to get ticker '005999.KS' reason: Failed to perform, curl: (6) getaddrinfo() thread failed to start. See https://curl.se/libcurl/c/libcurl-errors.html first for more details.
Failed to get ticker '009320.KQ' reason: Failed to perform, curl: (6) getaddrinfo() thread failed to start. See https://curl.se/libcurl/c/libcurl-errors.html first for more details.
Failed to get ticker '002177.KQ' reason: Failed to perform, curl: (6) getaddrinfo() thread failed to start. See https://curl.se/libcurl/c/libcurl-errors.html first for more details.
Failed to get ticker '007547.KQ' reason: Failed to perform, curl: (6) getaddrinfo() thread failed to start. See https://curl.se/libcurl/c/libcurl-errors.html first for more details.
Failed to get ticker '009180.KQ' reason: Failed to perform, curl: (6) getaddrinfo() thread failed to start. See https://curl.se/libcurl/c/libcurl-errors.html first for more details.
Failed to get ticker '009580.KQ' reason: Failed to perform, curl: (6) getaddrinfo() thread failed to start. See https://curl.se/libcurl/c/libcurl-errors.html first for more details.
Failed to get ticker '0082N0.KS' reason: Failed to perform, curl: (6) getaddrinfo() thread failed to start. See https://curl.se/libcurl/c/libcurl-errors.html first for more details.
Failed to get ticker '003125.KQ' reason: Failed to perform, curl: (6) getaddrinfo() thread failed to start. See https://curl.se/libcurl/c/libcurl-errors.html first for more details.
Failed to get ticker '010140.KQ' reason: Failed to perform, curl: (6) getaddrinfo() thread failed to start. See https://curl.se/libcurl/c/libcurl-errors.html first for more details.
Failed to get ticker '008470.KS' reason: Failed to perform, curl: (6) getaddrinfo() thread failed to start. See https://curl.se/libcurl/c/libcurl-errors.html first for more details.
Failed to get ticker '009777.KQ' reason: Failed to perform, curl: (6) getaddrinfo() thread failed to start. See https://curl.se/libcurl/c/libcurl-errors.html first for more details.
Failed to get ticker '007549.KQ' reason: Failed to perform, curl: (6) Could not resolve host: query2.finance.yahoo.com. See https://curl.se/libcurl/c/libcurl-errors.html first for more details.
Failed to get ticker '000595.KQ' reason: Failed to perform, curl: (6) getaddrinfo() thread failed to start. See https://curl.se/libcurl/c/libcurl-errors.html first for more details.
Failed to get ticker '007690.KQ' reason: Failed to perform, curl: (6) Could not resolve host: query2.finance.yahoo.com. See https://curl.se/libcurl/c/libcurl-errors.html first for more details.
Failed to get ticker '001269.KQ' reason: unable to open database file
Failed to get ticker '007707.KQ' reason: Failed to perform, curl: (6) getaddrinfo() thread failed to start. See https://curl.se/libcurl/c/libcurl-errors.html first for more details.
Failed to get ticker '004499.KQ' reason: Failed to perform, curl: (6) getaddrinfo() thread failed to start. See https://curl.se/libcurl/c/libcurl-errors.html first for more details.
Failed to get ticker '007597.KQ' reason: Failed to perform, curl: (6) getaddrinfo() thread failed to start. See https://curl.se/libcurl/c/libcurl-errors.html first for more details.
Failed to get ticker '010969.KQ' reason: Failed to perform, curl: (6) getaddrinfo() thread failed to start. See https://curl.se/libcurl/c/libcurl-errors.html first for more details.
Failed to get ticker '002295.KS' reason: Failed to perform, curl: (6) getaddrinfo() thread failed to start. See https://curl.se/libcurl/c/libcurl-errors.html first for more details.
Failed to get ticker '000705.KQ' reason: Failed to perform, curl: (6) getaddrinfo() thread failed to start. See https://curl.se/libcurl/c/libcurl-errors.html first for more details.
Failed to get ticker '009305.KS' reason: Failed to perform, curl: (6) getaddrinfo() thread failed to start. See https://curl.se/libcurl/c/libcurl-errors.html first for more details.
Failed to get ticker '005995.KS' reason: Failed to perform, curl: (6) Could not resolve host: query2.finance.yahoo.com. See https://curl.se/libcurl/c/libcurl-errors.html first for more details.
Failed to get ticker '007310.KQ' reason: Failed to perform, curl: (6) getaddrinfo() thread failed to start. See https://curl.se/libcurl/c/libcurl-errors.html first for more details.
Failed to get ticker '0088M0.KS' reason: Failed to perform, curl: (6) Could not resolve host: query2.finance.yahoo.com. See https://curl.se/libcurl/c/libcurl-errors.html first for more details.
Failed to get ticker '006110.KQ' reason: Failed to perform, curl: (6) getaddrinfo() thread failed to start. See https://curl.se/libcurl/c/libcurl-errors.html first for more details.
Failed to get ticker '010967.KQ' reason: Failed to perform, curl: (6) Could not resolve host: query2.finance.yahoo.com. See https://curl.se/libcurl/c/libcurl-errors.html first for more details.
Failed to get ticker '006360.KQ' reason: Failed to perform, curl: (6) getaddrinfo() thread failed to start. See https://curl.se/libcurl/c/libcurl-errors.html first for more details.
Failed to get ticker '006380.KQ' reason: Failed to perform, curl: (6) getaddrinfo() thread failed to start. See https://curl.se/libcurl/c/libcurl-errors.html first for more details.
Failed to get ticker '005997.KS' reason: Failed to perform, curl: (6) getaddrinfo() thread failed to start. See https://curl.se/libcurl/c/libcurl-errors.html first for more details.
Failed to get ticker '009307.KS' reason: Failed to perform, curl: (6) Could not resolve host: query2.finance.yahoo.com. See https://curl.se/libcurl/c/libcurl-errors.html first for more details.
Failed to get ticker '009730.KS' reason: Failed to perform, curl: (6) getaddrinfo() thread failed to start. See https://curl.se/libcurl/c/libcurl-errors.html first for more details.
Failed to get ticker '003129.KQ' reason: Failed to perform, curl: (6) getaddrinfo() thread failed to start. See https://curl.se/libcurl/c/libcurl-errors.html first for more details.
Failed to get ticker '005687.KQ' reason: Failed to perform, curl: (6) Could not resolve host: query2.finance.yahoo.com. See https://curl.se/libcurl/c/libcurl-errors.html first for more details.
Failed to get ticker '007705.KQ' reason: Failed to perform, curl: (6) getaddrinfo() thread failed to start. See https://curl.se/libcurl/c/libcurl-errors.html first for more details.
Failed to get ticker '002235.KS' reason: Failed to perform, curl: (6) getaddrinfo() thread failed to start. See https://curl.se/libcurl/c/libcurl-errors.html first for more details.
Failed to get ticker '010965.KQ' reason: Failed to perform, curl: (6) getaddrinfo() thread failed to start. See https://curl.se/libcurl/c/libcurl-errors.html first for more details.
Failed to get ticker '004569.KQ' reason: Failed to perform, curl: (77) error setting certificate verify locations:  CAfile: /Users/ajay/Library/Python/3.9/lib/python/site-packages/certifi/cacert.pem CApath: none. See https://curl.se/libcurl/c/libcurl-errors.html first for more details.
Failed to get ticker '011000.KQ' reason: Failed to perform, curl: (6) getaddrinfo() thread failed to start. See https://curl.se/libcurl/c/libcurl-errors.html first for more details.
Failed to get ticker '007599.KQ' reason: Failed to perform, curl: (6) getaddrinfo() thread failed to start. See https://curl.se/libcurl/c/libcurl-errors.html first for more details.
Failed to get ticker '005689.KQ' reason: Failed to perform, curl: (6) getaddrinfo() thread failed to start. See https://curl.se/libcurl/c/libcurl-errors.html first for more details.
Failed to get ticker '010245.KS' reason: Failed to perform, curl: (6) getaddrinfo() thread failed to start. See https://curl.se/libcurl/c/libcurl-errors.html first for more details.
Failed to get ticker '004565.KQ' reason: Failed to perform, curl: (6) getaddrinfo() thread failed to start. See https://curl.se/libcurl/c/libcurl-errors.html first for more details.
Failed to get ticker '009685.KQ' reason: Failed to perform, curl: (6) getaddrinfo() thread failed to start. See https://curl.se/libcurl/c/libcurl-errors.html first for more details.
Failed to get ticker '009687.KQ' reason: Failed to perform, curl: (6) getaddrinfo() thread failed to start. See https://curl.se/libcurl/c/libcurl-errors.html first for more details.
Failed to get ticker '009900.KQ' reason: Failed to perform, curl: (77) error setting certificate verify locations:  CAfile: /Users/ajay/Library/Python/3.9/lib/python/site-packages/certifi/cacert.pem CApath: none. See https://curl.se/libcurl/c/libcurl-errors.html first for more details.
Failed to get ticker '003127.KQ' reason: Failed to perform, curl: (6) getaddrinfo() thread failed to start. See https://curl.se/libcurl/c/libcurl-errors.html first for more details.
Failed to get ticker '009540.KQ' reason: Failed to perform, curl: (6) getaddrinfo() thread failed to start. See https://curl.se/libcurl/c/libcurl-errors.html first for more details.
Failed to get ticker '009770.KQ' reason: Failed to perform, curl: (6) getaddrinfo() thread failed to start. See https://curl.se/libcurl/c/libcurl-errors.html first for more details.
Failed to get ticker '009779.KQ' reason: Failed to perform, curl: (6) Could not resolve host: query2.finance.yahoo.com. See https://curl.se/libcurl/c/libcurl-errors.html first for more details.
Failed to get ticker '007595.KQ' reason: Failed to perform, curl: (6) getaddrinfo() thread failed to start. See https://curl.se/libcurl/c/libcurl-errors.html first for more details.
Failed to get ticker '005719.KS' reason: Failed to perform, curl: (6) Could not resolve host: query2.finance.yahoo.com. See https://curl.se/libcurl/c/libcurl-errors.html first for more details.
Failed to get ticker '009905.KQ' reason: Failed to perform, curl: (6) Could not resolve host: query2.finance.yahoo.com. See https://curl.se/libcurl/c/libcurl-errors.html first for more details.
Failed to get ticker '009309.KS' reason: Failed to perform, curl: (6) getaddrinfo() thread failed to start. See https://curl.se/libcurl/c/libcurl-errors.html first for more details.
Failed to get ticker '008377.KS' reason: Failed to perform, curl: (77) error setting certificate verify locations:  CAfile: /Users/ajay/Library/Python/3.9/lib/python/site-packages/certifi/cacert.pem CApath: none. See https://curl.se/libcurl/c/libcurl-errors.html first for more details.
Failed to get ticker '010477.KS' reason: Failed to perform, curl: (6) getaddrinfo() thread failed to start. See https://curl.se/libcurl/c/libcurl-errors.html first for more details.
Failed to get ticker '008060.KQ' reason: Failed to perform, curl: (6) getaddrinfo() thread failed to start. See https://curl.se/libcurl/c/libcurl-errors.html first for more details.
Failed to get ticker '002237.KS' reason: Failed to perform, curl: (6) Could not resolve host: query2.finance.yahoo.com. See https://curl.se/libcurl/c/libcurl-errors.html first for more details.
Failed to get ticker '000707.KQ' reason: Failed to perform, curl: (6) getaddrinfo() thread failed to start. See https://curl.se/libcurl/c/libcurl-errors.html first for more details.
Failed to get ticker '009907.KQ' reason: Failed to perform, curl: (6) getaddrinfo() thread failed to start. See https://curl.se/libcurl/c/libcurl-errors.html first for more details.
Failed to get ticker '007280.KQ' reason: Failed to perform, curl: (6) getaddrinfo() thread failed to start. See https://curl.se/libcurl/c/libcurl-errors.html first for more details.
Failed to get ticker '008375.KS' reason: Failed to perform, curl: (6) getaddrinfo() thread failed to start. See https://curl.se/libcurl/c/libcurl-errors.html first for more details.
Failed to get ticker '008379.KS' reason: Failed to perform, curl: (6) getaddrinfo() thread failed to start. See https://curl.se/libcurl/c/libcurl-errors.html first for more details.
Failed to get ticker '009909.KQ' reason: Failed to perform, curl: (6) getaddrinfo() thread failed to start. See https://curl.se/libcurl/c/libcurl-errors.html first for more details.
$004497.KQ: possibly delisted; no price data found  (period=3mo) (Yahoo error = "No data found, symbol may be delisted")
Failed to get ticker '010120.KQ' reason: Failed to perform, curl: (6) getaddrinfo() thread failed to start. See https://curl.se/libcurl/c/libcurl-errors.html first for more details.
Failed to get ticker '009520.KS' reason: Failed to perform, curl: (6) Could not resolve host: query2.finance.yahoo.com. See https://curl.se/libcurl/c/libcurl-errors.html first for more details.
Failed to get ticker '009775.KQ' reason: Failed to perform, curl: (6) getaddrinfo() thread failed to start. See https://curl.se/libcurl/c/libcurl-errors.html first for more details.
Failed to get ticker '000977.KQ' reason: Failed to perform, curl: (6) getaddrinfo() thread failed to start. See https://curl.se/libcurl/c/libcurl-errors.html first for more details.
Failed to get ticker '003015.KQ' reason: Failed to perform, curl: (77) error setting certificate verify locations:  CAfile: /Users/ajay/Library/Python/3.9/lib/python/site-packages/certifi/cacert.pem CApath: none. See https://curl.se/libcurl/c/libcurl-errors.html first for more details.
Failed to get ticker '007545.KQ' reason: Failed to perform, curl: (6) getaddrinfo() thread failed to start. See https://curl.se/libcurl/c/libcurl-errors.html first for more details.
Failed to get ticker '001267.KQ' reason: Failed to perform, curl: (6) getaddrinfo() thread failed to start. See https://curl.se/libcurl/c/libcurl-errors.html first for more details.
Failed to get ticker '002299.KS' reason: unable to open database file
Failed to get ticker '006650.KQ' reason: Failed to perform, curl: (6) getaddrinfo() thread failed to start. See https://curl.se/libcurl/c/libcurl-errors.html first for more details.
Failed to get ticker '010475.KS' reason: Failed to perform, curl: (6) getaddrinfo() thread failed to start. See https://curl.se/libcurl/c/libcurl-errors.html first for more details.
Failed to get ticker '001265.KQ' reason: Failed to perform, curl: (6) getaddrinfo() thread failed to start. See https://curl.se/libcurl/c/libcurl-errors.html first for more details.
Failed to get ticker '000709.KQ' reason: Failed to perform, curl: (6) Could not resolve host: query2.finance.yahoo.com. See https://curl.se/libcurl/c/libcurl-errors.html first for more details.
Failed to get ticker '004567.KQ' reason: Failed to perform, curl: (6) getaddrinfo() thread failed to start. See https://curl.se/libcurl/c/libcurl-errors.html first for more details.
Failed to get ticker '003019.KQ' reason: Failed to perform, curl: (6) getaddrinfo() thread failed to start. See https://curl.se/libcurl/c/libcurl-errors.html first for more details.
Failed to get ticker '000327.KQ' reason: Failed to perform, curl: (6) Could not resolve host: query2.finance.yahoo.com. See https://curl.se/libcurl/c/libcurl-errors.html first for more details.
Failed to get ticker '002925.KQ' reason: Failed to perform, curl: (6) Could not resolve host: query2.finance.yahoo.com. See https://curl.se/libcurl/c/libcurl-errors.html first for more details.
Failed to get ticker '000597.KQ' reason: Failed to perform, curl: (6) getaddrinfo() thread failed to start. See https://curl.se/libcurl/c/libcurl-errors.html first for more details.
Failed to get ticker '000329.KQ' reason: Failed to perform, curl: (6) getaddrinfo() thread failed to start. See https://curl.se/libcurl/c/libcurl-errors.html first for more details.
Failed to get ticker '010960.KQ' reason: Failed to perform, curl: (6) getaddrinfo() thread failed to start. See https://curl.se/libcurl/c/libcurl-errors.html first for more details.
Failed to get ticker '007210.KQ' reason: Failed to perform, curl: (6) getaddrinfo() thread failed to start. See https://curl.se/libcurl/c/libcurl-errors.html first for more details.
Failed to get ticker '005685.KQ' reason: Failed to perform, curl: (6) getaddrinfo() thread failed to start. See https://curl.se/libcurl/c/libcurl-errors.html first for more details.
Failed to get ticker '009240.KQ' reason: Failed to perform, curl: (6) getaddrinfo() thread failed to start. See https://curl.se/libcurl/c/libcurl-errors.html first for more details.
Failed to get ticker '007709.KQ' reason: Failed to perform, curl: (6) Could not resolve host: query2.finance.yahoo.com. See https://curl.se/libcurl/c/libcurl-errors.html first for more details.
Failed to get ticker '008970.KQ' reason: Failed to perform, curl: (6) getaddrinfo() thread failed to start. See https://curl.se/libcurl/c/libcurl-errors.html first for more details.
Failed to get ticker '000599.KQ' reason: Failed to perform, curl: (6) getaddrinfo() thread failed to start. See https://curl.se/libcurl/c/libcurl-errors.html first for more details.
Failed to get ticker '010479.KS' reason: Failed to perform, curl: (6) getaddrinfo() thread failed to start. See https://curl.se/libcurl/c/libcurl-errors.html first for more details.
Failed to get ticker '002927.KQ' reason: Failed to perform, curl: (6) getaddrinfo() thread failed to start. See https://curl.se/libcurl/c/libcurl-errors.html first for more details.
$002239.KS: possibly delisted; no price data found  (period=3mo) (Yahoo error = "No data found, symbol may be delisted")
$009779.KQ: possibly delisted; no price data found  (period=3mo) (Yahoo error = "No data found, symbol may be delisted")
Failed to get ticker '005715.KS' reason: unable to open database file
Failed to get ticker '000979.KQ' reason: Failed to perform, curl: (6) getaddrinfo() thread failed to start. See https://curl.se/libcurl/c/libcurl-errors.html first for more details.
$000977.KQ: possibly delisted; no price data found  (period=3mo) (Yahoo error = "No data found, symbol may be delisted")
Failed to get ticker '011040.KS' reason: Failed to perform, curl: (6) Could not resolve host: query1.finance.yahoo.com. See https://curl.se/libcurl/c/libcurl-errors.html first for more details.
$002925.KQ: possibly delisted; no price data found  (period=3mo) (Yahoo error = "No data found, symbol may be delisted")

144 Failed downloads:
['010660.KQ', '002297.KS', '008250.KQ', '008110.KQ', '009200.KQ', '010060.KQ', '004495.KQ', '006570.KQ', '005999.KS', '009689.KQ', '009320.KQ', '002177.KQ', '007547.KQ', '009180.KQ', '009580.KQ', '003125.KQ', '0082N0.KS', '010140.KQ', '008470.KS', '008700.KQ', '000595.KQ', '007549.KQ', '009777.KQ', '007590.KQ', '007690.KQ', '001269.KQ', '007707.KQ', '004499.KQ', '010240.KS', '010969.KQ', '002295.KS', '000705.KQ', '007597.KQ', '007680.KS', '009305.KS', '007310.KQ', '005995.KS', '006110.KQ', '0088M0.KS', '006980.KQ', '010967.KQ', '006360.KQ', '006380.KQ', '005997.KS', '009307.KS', '009730.KS', '003129.KQ', '007705.KQ', '005687.KQ', '010965.KQ', '011000.KQ', '007599.KQ', '002235.KS', '004569.KQ', '006340.KQ', '010245.KS', '005689.KQ', '006880.KQ', '005390.KQ', '009685.KQ', '011080.KS', '004565.KQ', '006060.KQ', '010690.KQ', '010247.KS', '009900.KQ', '003127.KQ', '008420.KQ', '009770.KQ', '009540.KQ', '005719.KS', '007595.KQ', '009190.KQ', '009309.KS', '009905.KQ', '006200.KQ', '010477.KS', '008377.KS', '008060.KQ', '002237.KS', '008870.KQ', '000707.KQ', '009907.KQ', '010820.KQ', '007280.KQ', '008375.KS', '008379.KS', '009909.KQ', '006140.KS', '010120.KQ', '009520.KS', '009775.KQ', '009687.KQ', '001267.KQ', '007545.KQ', '003015.KQ', '006650.KQ', '010475.KS', '001265.KQ', '004567.KQ', '000709.KQ', '003019.KQ', '000327.KQ', '000597.KQ', '009070.KQ', '007110.KQ', '000329.KQ', '010960.KQ', '009440.KQ', '006840.KQ', '007210.KQ', '006890.KQ', '005685.KQ', '009240.KQ', '007709.KQ', '008970.KQ', '000599.KQ', '010479.KS', '002299.KS', '002927.KQ', '005715.KS', '000979.KQ']: TypeError("'NoneType' object is not subscriptable")
['002179.KQ', '003017.KQ', '007160.KQ', '002929.KQ', '011070.KQ', '009620.KS', '010780.KQ', '011090.KQ', '010770.KQ', '010249.KS', '007700.KQ', '008730.KQ', '006120.KQ', '009410.KQ', '005717.KS', '002175.KQ', '000975.KQ']: OperationalError('unable to open database file')
['004497.KQ', '002239.KS', '009779.KQ', '000977.KQ', '002925.KQ']: possibly delisted; no price data found  (period=3mo) (Yahoo error = "No data found, symbol may be delisted")
Failed to get ticker '014197.KS' reason: Failed to perform, curl: (6) getaddrinfo() thread failed to start. See https://curl.se/libcurl/c/libcurl-errors.html first for more details.
Failed to get ticker '011300.KQ' reason: Failed to perform, curl: (77) error setting certificate verify locations:  CAfile: /Users/ajay/Library/Python/3.9/lib/python/site-packages/certifi/cacert.pem CApath: none. See https://curl.se/libcurl/c/libcurl-errors.html first for more details.
Failed to get ticker '012750.KQ' reason: Failed to perform, curl: (6) getaddrinfo() thread failed to start. See https://curl.se/libcurl/c/libcurl-errors.html first for more details.
Failed to get ticker '014620.KS' reason: Failed to perform, curl: (6) Could not resolve host: query2.finance.yahoo.com. See https://curl.se/libcurl/c/libcurl-errors.html first for more details.
Failed to get ticker '017370.KQ' reason: Failed to perform, curl: (6) getaddrinfo() thread failed to start. See https://curl.se/libcurl/c/libcurl-errors.html first for more details.
Failed to get ticker '017489.KS' reason: Failed to perform, curl: (77) error setting certificate verify locations:  CAfile: /Users/ajay/Library/Python/3.9/lib/python/site-packages/certifi/cacert.pem CApath: none. See https://curl.se/libcurl/c/libcurl-errors.html first for more details.
Failed to get ticker '011565.KS' reason: Failed to perform, curl: (6) getaddrinfo() thread failed to start. See https://curl.se/libcurl/c/libcurl-errors.html first for more details.
Failed to get ticker '014580.KQ' reason: Failed to perform, curl: (6) Could not resolve host: query2.finance.yahoo.com. See https://curl.se/libcurl/c/libcurl-errors.html first for more details.
Failed to get ticker '013570.KQ' reason: Failed to perform, curl: (6) Could not resolve host: query2.finance.yahoo.com. See https://curl.se/libcurl/c/libcurl-errors.html first for more details.
Failed to get ticker '012799.KS' reason: Failed to perform, curl: (6) getaddrinfo() thread failed to start. See https://curl.se/libcurl/c/libcurl-errors.html first for more details.
Failed to get ticker '012797.KS' reason: unable to open database file
Failed to get ticker '012327.KQ' reason: Failed to perform, curl: (77) error setting certificate verify locations:  CAfile: /Users/ajay/Library/Python/3.9/lib/python/site-packages/certifi/cacert.pem CApath: none. See https://curl.se/libcurl/c/libcurl-errors.html first for more details.
Failed to get ticker '011390.KQ' reason: Failed to perform, curl: (6) getaddrinfo() thread failed to start. See https://curl.se/libcurl/c/libcurl-errors.html first for more details.
Failed to get ticker '012325.KQ' reason: Failed to perform, curl: (6) getaddrinfo() thread failed to start. See https://curl.se/libcurl/c/libcurl-errors.html first for more details.
Failed to get ticker '0120G0.KQ' reason: Failed to perform, curl: (6) Could not resolve host: query2.finance.yahoo.com. See https://curl.se/libcurl/c/libcurl-errors.html first for more details.
Failed to get ticker '011150.KQ' reason: Failed to perform, curl: (6) getaddrinfo() thread failed to start. See https://curl.se/libcurl/c/libcurl-errors.html first for more details.
Failed to get ticker '016800.KQ' reason: Failed to perform, curl: (6) getaddrinfo() thread failed to start. See https://curl.se/libcurl/c/libcurl-errors.html first for more details.
Failed to get ticker '013897.KQ' reason: Failed to perform, curl: (6) Could not resolve host: query2.finance.yahoo.com. See https://curl.se/libcurl/c/libcurl-errors.html first for more details.
Failed to get ticker '014970.KS' reason: Failed to perform, curl: (6) getaddrinfo() thread failed to start. See https://curl.se/libcurl/c/libcurl-errors.html first for more details.
Failed to get ticker '013720.KS' reason: Failed to perform, curl: (6) getaddrinfo() thread failed to start. See https://curl.se/libcurl/c/libcurl-errors.html first for more details.
Failed to get ticker '016097.KQ' reason: Failed to perform, curl: (6) getaddrinfo() thread failed to start. See https://curl.se/libcurl/c/libcurl-errors.html first for more details.
Failed to get ticker '015710.KS' reason: Failed to perform, curl: (6) getaddrinfo() thread failed to start. See https://curl.se/libcurl/c/libcurl-errors.html first for more details.
Failed to get ticker '017250.KS' reason: Failed to perform, curl: (6) getaddrinfo() thread failed to start. See https://curl.se/libcurl/c/libcurl-errors.html first for more details.
Failed to get ticker '017487.KS' reason: Failed to perform, curl: (6) getaddrinfo() thread failed to start. See https://curl.se/libcurl/c/libcurl-errors.html first for more details.
Failed to get ticker '015360.KQ' reason: Failed to perform, curl: (6) getaddrinfo() thread failed to start. See https://curl.se/libcurl/c/libcurl-errors.html first for more details.
Failed to get ticker '011230.KQ' reason: Failed to perform, curl: (6) getaddrinfo() thread failed to start. See https://curl.se/libcurl/c/libcurl-errors.html first for more details.
Failed to get ticker '0126Z0.KQ' reason: Failed to perform, curl: (6) getaddrinfo() thread failed to start. See https://curl.se/libcurl/c/libcurl-errors.html first for more details.
Failed to get ticker '017485.KS' reason: Failed to perform, curl: (6) getaddrinfo() thread failed to start. See https://curl.se/libcurl/c/libcurl-errors.html first for more details.
Failed to get ticker '017860.KQ' reason: Failed to perform, curl: (6) getaddrinfo() thread failed to start. See https://curl.se/libcurl/c/libcurl-errors.html first for more details.
Failed to get ticker '015715.KS' reason: Failed to perform, curl: (6) getaddrinfo() thread failed to start. See https://curl.se/libcurl/c/libcurl-errors.html first for more details.
Failed to get ticker '012320.KQ' reason: Failed to perform, curl: (6) Could not resolve host: query1.finance.yahoo.com. See https://curl.se/libcurl/c/libcurl-errors.html first for more details.
Failed to get ticker '016380.KQ' reason: Failed to perform, curl: (6) Could not resolve host: query1.finance.yahoo.com. See https://curl.se/libcurl/c/libcurl-errors.html first for more details.
Failed to get ticker '012620.KS' reason: Failed to perform, curl: (6) getaddrinfo() thread failed to start. See https://curl.se/libcurl/c/libcurl-errors.html first for more details.
Failed to get ticker '013899.KQ' reason: Failed to perform, curl: (6) Could not resolve host: query2.finance.yahoo.com. See https://curl.se/libcurl/c/libcurl-errors.html first for more details.
Failed to get ticker '012329.KQ' reason: Failed to perform, curl: (6) Could not resolve host: query2.finance.yahoo.com. See https://curl.se/libcurl/c/libcurl-errors.html first for more details.
Failed to get ticker '014940.KS' reason: Failed to perform, curl: (6) getaddrinfo() thread failed to start. See https://curl.se/libcurl/c/libcurl-errors.html first for more details.
Failed to get ticker '011567.KS' reason: Failed to perform, curl: (6) Could not resolve host: query2.finance.yahoo.com. See https://curl.se/libcurl/c/libcurl-errors.html first for more details.
Failed to get ticker '014160.KQ' reason: Failed to perform, curl: (77) error setting certificate verify locations:  CAfile: /Users/ajay/Library/Python/3.9/lib/python/site-packages/certifi/cacert.pem CApath: none. See https://curl.se/libcurl/c/libcurl-errors.html first for more details.
Failed to get ticker '017659.KS' reason: Failed to perform, curl: (6) getaddrinfo() thread failed to start. See https://curl.se/libcurl/c/libcurl-errors.html first for more details.
Failed to get ticker '015719.KS' reason: Failed to perform, curl: (6) Could not resolve host: query2.finance.yahoo.com. See https://curl.se/libcurl/c/libcurl-errors.html first for more details.
Failed to get ticker '014130.KQ' reason: Failed to perform, curl: (6) getaddrinfo() thread failed to start. See https://curl.se/libcurl/c/libcurl-errors.html first for more details.
Failed to get ticker '012340.KS' reason: Failed to perform, curl: (6) Could not resolve host: query2.finance.yahoo.com. See https://curl.se/libcurl/c/libcurl-errors.html first for more details.
Failed to get ticker '014710.KQ' reason: Failed to perform, curl: (6) getaddrinfo() thread failed to start. See https://curl.se/libcurl/c/libcurl-errors.html first for more details.
Failed to get ticker '012210.KS' reason: Failed to perform, curl: (6) getaddrinfo() thread failed to start. See https://curl.se/libcurl/c/libcurl-errors.html first for more details.
$012329.KQ: possibly delisted; no price data found  (period=3mo) (Yahoo error = "No data found, symbol may be delisted")
$012795.KS: possibly delisted; no price data found  (period=3mo) (Yahoo error = "No data found, symbol may be delisted")
$016099.KQ: possibly delisted; no price data found  (period=3mo) (Yahoo error = "No data found, symbol may be delisted")

141 Failed downloads:
['014197.KS', '012700.KS', '012690.KQ', '011300.KQ', '015890.KQ', '014620.KS', '016880.KQ', '014680.KQ', '017370.KQ', '017489.KS', '014580.KQ', '013870.KQ', '013570.KQ', '011565.KS', '011280.KQ', '013520.KQ', '012799.KS', '011690.KQ', '012797.KS', '012327.KQ', '017510.KS', '017890.KS', '013580.KQ', '012610.KQ', '014190.KS', '018120.KS', '012325.KQ', '015020.KQ', '012510.KQ', '018000.KS', '016250.KS', '016580.KQ', '012330.KQ', '011760.KQ', '011210.KQ', '011330.KQ', '011150.KQ', '018680.KS', '013897.KQ', '015230.KQ', '014910.KQ', '017670.KQ', '014970.KS', '013000.KQ', '015260.KQ', '013810.KS', '018260.KQ', '013720.KS', '016097.KQ', '018500.KQ', '015710.KS', '017250.KS', '017487.KS', '018880.KQ', '015360.KQ', '016450.KQ', '011230.KQ', '017650.KS', '0126Z0.KQ', '017485.KS', '018470.KQ', '013360.KQ', '016920.KS', '0120G0.KQ', '011810.KQ', '017860.KQ', '015715.KS', '012160.KQ', '012320.KQ', '011569.KS', '016380.KQ', '011700.KQ', '014830.KQ', '014470.KS', '016090.KQ', '017810.KQ', '018290.KS', '016670.KS', '013899.KQ', '018310.KS', '017940.KQ', '011320.KS', '011780.KQ', '014940.KS', '014160.KQ', '011567.KS', '011930.KQ', '016790.KS', '016590.KQ', '017659.KS', '014820.KQ', '016740.KQ', '017550.KQ', '014990.KQ', '015719.KS', '016100.KS', '014130.KQ', '017390.KQ', '012340.KS', '013030.KS', '017800.KQ', '014710.KQ', '011500.KQ', '012210.KS', '015760.KQ', '012620.KS']: TypeError("'NoneType' object is not subscriptable")
['012170.KQ', '015717.KS', '014100.KS', '014199.KS', '011560.KS', '013700.KQ', '017480.KS', '014440.KQ', '014530.KQ', '013890.KQ', '012790.KS', '017000.KS', '012200.KQ', '012860.KS', '011420.KQ', '017180.KQ', '016095.KQ', '017655.KS', '013895.KQ', '012630.KQ', '013990.KS', '011370.KS', '015590.KQ', '012280.KQ', '017960.KQ', '015860.KQ', '012450.KQ', '013120.KS', '014195.KS', '017900.KQ', '011170.KQ', '017657.KS']: OperationalError('unable to open database file')
['012329.KQ', '012795.KS', '016099.KQ']: possibly delisted; no price data found  (period=3mo) (Yahoo error = "No data found, symbol may be delisted")
Failed to get ticker '020717.KS' reason: Failed to perform, curl: (6) getaddrinfo() thread failed to start. See https://curl.se/libcurl/c/libcurl-errors.html first for more details.
Failed to get ticker '025320.KS' reason: Failed to perform, curl: (6) getaddrinfo() thread failed to start. See https://curl.se/libcurl/c/libcurl-errors.html first for more details.
Failed to get ticker '025777.KS' reason: Failed to perform, curl: (6) getaddrinfo() thread failed to start. See https://curl.se/libcurl/c/libcurl-errors.html first for more details.
Failed to get ticker '024957.KS' reason: Failed to perform, curl: (6) getaddrinfo() thread failed to start. See https://curl.se/libcurl/c/libcurl-errors.html first for more details.
Failed to get ticker '024837.KS' reason: Failed to perform, curl: (6) getaddrinfo() thread failed to start. See https://curl.se/libcurl/c/libcurl-errors.html first for more details.
Failed to get ticker '030967.KS' reason: Failed to perform, curl: (6) Could not resolve host: query2.finance.yahoo.com. See https://curl.se/libcurl/c/libcurl-errors.html first for more details.
Failed to get ticker '025539.KQ' reason: Failed to perform, curl: (6) getaddrinfo() thread failed to start. See https://curl.se/libcurl/c/libcurl-errors.html first for more details.
Failed to get ticker '024955.KS' reason: Failed to perform, curl: (6) getaddrinfo() thread failed to start. See https://curl.se/libcurl/c/libcurl-errors.html first for more details.
Failed to get ticker '031827.KQ' reason: Failed to perform, curl: (6) getaddrinfo() thread failed to start. See https://curl.se/libcurl/c/libcurl-errors.html first for more details.
Failed to get ticker '025779.KS' reason: Failed to perform, curl: (6) getaddrinfo() thread failed to start. See https://curl.se/libcurl/c/libcurl-errors.html first for more details.
Failed to get ticker '031829.KQ' reason: unable to open database file
Failed to get ticker '024959.KS' reason: Failed to perform, curl: (6) getaddrinfo() thread failed to start. See https://curl.se/libcurl/c/libcurl-errors.html first for more details.
Failed to get ticker '024095.KQ' reason: Failed to perform, curl: (6) getaddrinfo() thread failed to start. See https://curl.se/libcurl/c/libcurl-errors.html first for more details.
Failed to get ticker '025775.KS' reason: Failed to perform, curl: (6) Could not resolve host: query2.finance.yahoo.com. See https://curl.se/libcurl/c/libcurl-errors.html first for more details.
Failed to get ticker '029539.KQ' reason: Failed to perform, curl: (6) getaddrinfo() thread failed to start. See https://curl.se/libcurl/c/libcurl-errors.html first for more details.
Failed to get ticker '024097.KQ' reason: Failed to perform, curl: (6) Could not resolve host: query1.finance.yahoo.com. See https://curl.se/libcurl/c/libcurl-errors.html first for more details.
Failed to get ticker '023790.KS' reason: Failed to perform, curl: (6) Could not resolve host: query1.finance.yahoo.com. See https://curl.se/libcurl/c/libcurl-errors.html first for more details.
Failed to get ticker '030965.KS' reason: Failed to perform, curl: (6) Could not resolve host: query1.finance.yahoo.com. See https://curl.se/libcurl/c/libcurl-errors.html first for more details.
Failed to get ticker '031825.KQ' reason: Failed to perform, curl: (6) getaddrinfo() thread failed to start. See https://curl.se/libcurl/c/libcurl-errors.html first for more details.
Failed to get ticker '028109.KQ' reason: Failed to perform, curl: (6) getaddrinfo() thread failed to start. See https://curl.se/libcurl/c/libcurl-errors.html first for more details.
Failed to get ticker '029537.KQ' reason: Failed to perform, curl: (6) Could not resolve host: query2.finance.yahoo.com. See https://curl.se/libcurl/c/libcurl-errors.html first for more details.
Failed to get ticker '021825.KQ' reason: Failed to perform, curl: (6) Could not resolve host: query2.finance.yahoo.com. See https://curl.se/libcurl/c/libcurl-errors.html first for more details.
Failed to get ticker '025005.KQ' reason: Failed to perform, curl: (6) getaddrinfo() thread failed to start. See https://curl.se/libcurl/c/libcurl-errors.html first for more details.
Failed to get ticker '024839.KS' reason: Failed to perform, curl: (6) getaddrinfo() thread failed to start. See https://curl.se/libcurl/c/libcurl-errors.html first for more details.
Failed to get ticker '020715.KS' reason: Failed to perform, curl: (6) getaddrinfo() thread failed to start. See https://curl.se/libcurl/c/libcurl-errors.html first for more details.
Failed to get ticker '021827.KQ' reason: Failed to perform, curl: (6) Could not resolve host: query2.finance.yahoo.com. See https://curl.se/libcurl/c/libcurl-errors.html first for more details.
Failed to get ticker '021829.KQ' reason: Failed to perform, curl: (6) getaddrinfo() thread failed to start. See https://curl.se/libcurl/c/libcurl-errors.html first for more details.
$024959.KS: possibly delisted; no price data found  (period=3mo) (Yahoo error = "No data found, symbol may be delisted")
$024095.KQ: possibly delisted; no price data found  (period=3mo) (Yahoo error = "No data found, symbol may be delisted")
Failed to get ticker '028107.KQ' reason: Failed to perform, curl: (6) getaddrinfo() thread failed to start. See https://curl.se/libcurl/c/libcurl-errors.html first for more details.
Failed to get ticker '032567.KQ' reason: Failed to perform, curl: (6) Could not resolve host: query2.finance.yahoo.com. See https://curl.se/libcurl/c/libcurl-errors.html first for more details.
Failed to get ticker '024835.KS' reason: Failed to perform, curl: (6) getaddrinfo() thread failed to start. See https://curl.se/libcurl/c/libcurl-errors.html first for more details.
Failed to get ticker '020719.KS' reason: Failed to perform, curl: (6) getaddrinfo() thread failed to start. See https://curl.se/libcurl/c/libcurl-errors.html first for more details.
Failed to get ticker '030190.KQ' reason: Failed to perform, curl: (6) getaddrinfo() thread failed to start. See https://curl.se/libcurl/c/libcurl-errors.html first for more details.
Failed to get ticker '022100.KQ' reason: Failed to perform, curl: (6) getaddrinfo() thread failed to start. See https://curl.se/libcurl/c/libcurl-errors.html first for more details.
Failed to get ticker '025009.KQ' reason: Failed to perform, curl: (6) Could not resolve host: query2.finance.yahoo.com. See https://curl.se/libcurl/c/libcurl-errors.html first for more details.
$024839.KS: possibly delisted; no price data found  (period=3mo) (Yahoo error = "No data found, symbol may be delisted")
$025007.KQ: possibly delisted; no price data found  (period=3mo) (Yahoo error = "No data found, symbol may be delisted")
$025537.KQ: possibly delisted; no price data found  (period=3mo) (Yahoo error = "No data found, symbol may be delisted")
$032565.KQ: possibly delisted; no price data found  (period=3mo) (Yahoo error = "No data found, symbol may be delisted")

141 Failed downloads:
['020717.KS', '019680.KQ', '023440.KS', '023000.KQ', '024740.KS', '024830.KS', '027040.KS', '020120.KQ', '023530.KQ', '031330.KS', '024880.KS', '027970.KQ', '025320.KS', '024950.KS', '029480.KS', '025777.KS', '023600.KS', '030960.KS', '028100.KQ', '021650.KS', '024957.KS', '024837.KS', '025539.KQ', '024955.KS', '030967.KS', '020150.KQ', '024890.KQ', '025440.KS', '031827.KQ', '025779.KS', '024910.KS', '024090.KQ', '023960.KQ', '032540.KS', '032080.KS', '021240.KQ', '025620.KQ', '019210.KS', '023910.KS', '025890.KQ', '028050.KQ', '031860.KS', '019180.KQ', '028260.KQ', '031310.KS', '032560.KQ', '023800.KQ', '030200.KQ', '025775.KS', '030000.KQ', '020560.KQ', '026940.KQ', '027740.KQ', '025980.KS', '028080.KS', '031510.KS', '030720.KQ', '024720.KQ', '024900.KQ', '031829.KQ', '029539.KQ', '023410.KS', '024097.KQ', '023790.KS', '028105.KQ', '030965.KS', '030350.KS', '025950.KS', '024850.KS', '021040.KS', '028109.KQ', '019170.KQ', '025550.KS', '021825.KQ', '020000.KQ', '019770.KS', '023150.KQ', '029537.KQ', '025005.KQ', '027710.KS', '025000.KQ', '030530.KS', '026910.KS', '032500.KS', '028670.KQ', '020715.KS', '025860.KQ', '021827.KQ', '023450.KQ', '021829.KQ', '027580.KS', '025530.KQ', '026150.KS', '026960.KQ', '025870.KS', '028107.KQ', '031825.KQ', '032567.KQ', '024835.KS', '021050.KQ', '032300.KS', '019540.KS', '024070.KQ', '030190.KQ', '022100.KQ', '020719.KS', '023900.KS', '020400.KS', '025009.KQ']: TypeError("'NoneType' object is not subscriptable")
['030520.KS', '025880.KS', '023350.KQ', '032350.KQ', '030969.KS', '024840.KS', '021320.KS', '025535.KQ', '024120.KS', '024060.KS', '025560.KQ', '025900.KS', '023810.KQ', '029530.KQ', '031430.KQ', '025770.KS', '026040.KS', '027050.KS', '024099.KQ', '022220.KS', '032280.KS', '023590.KQ', '032190.KS', '019490.KQ', '023160.KS', '029535.KQ']: OperationalError('unable to open database file')
['024959.KS', '024095.KQ', '024839.KS', '025007.KQ', '025537.KQ', '032565.KQ']: possibly delisted; no price data found  (period=3mo) (Yahoo error = "No data found, symbol may be delisted")
Failed to get ticker '033239.KS' reason: Failed to perform, curl: (6) getaddrinfo() thread failed to start. See https://curl.se/libcurl/c/libcurl-errors.html first for more details.
Failed to get ticker '036807.KS' reason: Failed to perform, curl: (6) Could not resolve host: query2.finance.yahoo.com. See https://curl.se/libcurl/c/libcurl-errors.html first for more details.
Failed to get ticker '038685.KS' reason: Failed to perform, curl: (6) Could not resolve host: query2.finance.yahoo.com. See https://curl.se/libcurl/c/libcurl-errors.html first for more details.
Failed to get ticker '038065.KS' reason: Failed to perform, curl: (6) getaddrinfo() thread failed to start. See https://curl.se/libcurl/c/libcurl-errors.html first for more details.
Failed to get ticker '036805.KS' reason: Failed to perform, curl: (6) getaddrinfo() thread failed to start. See https://curl.se/libcurl/c/libcurl-errors.html first for more details.
Failed to get ticker '035617.KS' reason: Failed to perform, curl: (6) getaddrinfo() thread failed to start. See https://curl.se/libcurl/c/libcurl-errors.html first for more details.
Failed to get ticker '038069.KS' reason: Failed to perform, curl: (6) getaddrinfo() thread failed to start. See https://curl.se/libcurl/c/libcurl-errors.html first for more details.
Failed to get ticker '035515.KQ' reason: Failed to perform, curl: (6) getaddrinfo() thread failed to start. See https://curl.se/libcurl/c/libcurl-errors.html first for more details.
Failed to get ticker '033235.KS' reason: Failed to perform, curl: (6) Could not resolve host: query1.finance.yahoo.com. See https://curl.se/libcurl/c/libcurl-errors.html first for more details.
Failed to get ticker '036039.KS' reason: Failed to perform, curl: (6) getaddrinfo() thread failed to start. See https://curl.se/libcurl/c/libcurl-errors.html first for more details.
Failed to get ticker '038017.KS' reason: Failed to perform, curl: (6) getaddrinfo() thread failed to start. See https://curl.se/libcurl/c/libcurl-errors.html first for more details.
Failed to get ticker '032569.KQ' reason: Failed to perform, curl: (6) getaddrinfo() thread failed to start. See https://curl.se/libcurl/c/libcurl-errors.html first for more details.
Failed to get ticker '036537.KQ' reason: Failed to perform, curl: (6) getaddrinfo() thread failed to start. See https://curl.se/libcurl/c/libcurl-errors.html first for more details.
Failed to get ticker '036005.KS' reason: Failed to perform, curl: (6) getaddrinfo() thread failed to start. See https://curl.se/libcurl/c/libcurl-errors.html first for more details.
Failed to get ticker '033327.KS' reason: Failed to perform, curl: (6) getaddrinfo() thread failed to start. See https://curl.se/libcurl/c/libcurl-errors.html first for more details.
Failed to get ticker '036009.KS' reason: Failed to perform, curl: (6) Could not resolve host: query2.finance.yahoo.com. See https://curl.se/libcurl/c/libcurl-errors.html first for more details.
Failed to get ticker '033329.KS' reason: Failed to perform, curl: (6) getaddrinfo() thread failed to start. See https://curl.se/libcurl/c/libcurl-errors.html first for more details.
Failed to get ticker '034230.KQ' reason: Failed to perform, curl: (6) getaddrinfo() thread failed to start. See https://curl.se/libcurl/c/libcurl-errors.html first for more details.
Failed to get ticker '038687.KS' reason: Failed to perform, curl: (77) error setting certificate verify locations:  CAfile: /Users/ajay/Library/Python/3.9/lib/python/site-packages/certifi/cacert.pem CApath: none. See https://curl.se/libcurl/c/libcurl-errors.html first for more details.
$033235.KS: possibly delisted; no price data found  (period=3mo) (Yahoo error = "No data found, symbol may be delisted")
$036539.KQ: possibly delisted; no price data found  (period=3mo) (Yahoo error = "No data found, symbol may be delisted")
Failed to get ticker '038015.KS' reason: Failed to perform, curl: (6) getaddrinfo() thread failed to start. See https://curl.se/libcurl/c/libcurl-errors.html first for more details.
Failed to get ticker '038689.KS' reason: Failed to perform, curl: (6) Could not resolve host: query2.finance.yahoo.com. See https://curl.se/libcurl/c/libcurl-errors.html first for more details.
$036809.KS: possibly delisted; no price data found  (period=3mo) (Yahoo error = "No data found, symbol may be delisted")
$038019.KS: possibly delisted; no price data found  (period=3mo) (Yahoo error = "No data found, symbol may be delisted")

140 Failed downloads:
['032750.KS', '032790.KS', '035510.KQ', '033290.KS', '033239.KS', '033240.KQ', '036420.KQ', '033530.KQ', '033830.KS', '036090.KS', '034020.KQ', '036630.KS', '037070.KS', '036807.KS', '032680.KS', '034310.KQ', '035460.KS', '036010.KS', '033340.KS', '034220.KQ', '038680.KS', '038685.KS', '035600.KS', '038065.KS', '037030.KS', '033160.KS', '033310.KS', '036805.KS', '036000.KS', '033250.KQ', '036690.KS', '033200.KS', '035617.KS', '037950.KS', '038069.KS', '035515.KQ', '033780.KQ', '036120.KS', '034950.KS', '033270.KQ', '033540.KS', '038017.KS', '032569.KQ', '037460.KS', '036537.KQ', '036930.KS', '036039.KS', '035000.KQ', '036540.KS', '033790.KS', '037330.KS', '037230.KS', '033230.KS', '036005.KS', '033327.KS', '037370.KS', '035290.KS', '036560.KS', '034590.KQ', '036009.KS', '035420.KQ', '038390.KS', '038540.KS', '036810.KS', '033329.KS', '032850.KS', '036460.KQ', '038070.KS', '036220.KS', '032960.KS', '038620.KS', '033920.KQ', '033560.KS', '034230.KQ', '038500.KS', '033500.KS', '036670.KS', '035080.KS', '035900.KS', '038060.KS', '036190.KS', '035720.KQ', '033050.KS', '038110.KS', '035760.KS', '035150.KQ', '036640.KS', '037560.KQ', '038010.KS', '037270.KQ', '034810.KS', '032940.KS', '037710.KQ', '032820.KS', '038530.KS', '038689.KS', '038015.KS', '036570.KQ', '035620.KS', '037440.KS', '033170.KS', '035890.KS', '038687.KS', '033100.KS']: TypeError("'NoneType' object is not subscriptable")
['036170.KS', '038067.KS', '032860.KS', '037400.KS', '036037.KS', '036035.KS', '033325.KS', '036830.KS', '035610.KS', '036480.KS', '036580.KQ', '035810.KS', '036710.KS', '037350.KS', '036007.KS', '035519.KQ', '038460.KS', '034120.KQ', '032640.KQ', '036535.KQ', '034940.KS', '035619.KS', '036200.KS', '032980.KS', '032800.KS', '035517.KQ', '036800.KS', '036030.KS', '035615.KS', '033237.KS', '037760.KS', '033130.KS']: OperationalError('unable to open database file')
['033235.KS', '036539.KQ', '036809.KS', '038019.KS']: possibly delisted; no price data found  (period=3mo) (Yahoo error = "No data found, symbol may be delisted")
Failed to get ticker '046210.KS' reason: Failed to perform, curl: (6) getaddrinfo() thread failed to start. See https://curl.se/libcurl/c/libcurl-errors.html first for more details.
Failed to get ticker '048530.KS' reason: Failed to perform, curl: (6) getaddrinfo() thread failed to start. See https://curl.se/libcurl/c/libcurl-errors.html first for more details.
Failed to get ticker '042375.KS' reason: Failed to perform, curl: (6) getaddrinfo() thread failed to start. See https://curl.se/libcurl/c/libcurl-errors.html first for more details.
Failed to get ticker '043379.KS' reason: Failed to perform, curl: (6) getaddrinfo() thread failed to start. See https://curl.se/libcurl/c/libcurl-errors.html first for more details.
Failed to get ticker '047825.KS' reason: Failed to perform, curl: (6) getaddrinfo() thread failed to start. See https://curl.se/libcurl/c/libcurl-errors.html first for more details.
Failed to get ticker '049529.KS' reason: Failed to perform, curl: (6) getaddrinfo() thread failed to start. See https://curl.se/libcurl/c/libcurl-errors.html first for more details.
Failed to get ticker '047829.KS' reason: Failed to perform, curl: (6) getaddrinfo() thread failed to start. See https://curl.se/libcurl/c/libcurl-errors.html first for more details.
Failed to get ticker '042117.KS' reason: Failed to perform, curl: (6) getaddrinfo() thread failed to start. See https://curl.se/libcurl/c/libcurl-errors.html first for more details.
Failed to get ticker '039245.KS' reason: Failed to perform, curl: (6) getaddrinfo() thread failed to start. See https://curl.se/libcurl/c/libcurl-errors.html first for more details.
Failed to get ticker '048430.KS' reason: Failed to perform, curl: (6) getaddrinfo() thread failed to start. See https://curl.se/libcurl/c/libcurl-errors.html first for more details.
Failed to get ticker '049527.KS' reason: Failed to perform, curl: (6) getaddrinfo() thread failed to start. See https://curl.se/libcurl/c/libcurl-errors.html first for more details.
Failed to get ticker '039130.KQ' reason: Failed to perform, curl: (6) getaddrinfo() thread failed to start. See https://curl.se/libcurl/c/libcurl-errors.html first for more details.
Failed to get ticker '046947.KS' reason: Failed to perform, curl: (6) getaddrinfo() thread failed to start. See https://curl.se/libcurl/c/libcurl-errors.html first for more details.
Failed to get ticker '047827.KS' reason: Failed to perform, curl: (6) getaddrinfo() thread failed to start. See https://curl.se/libcurl/c/libcurl-errors.html first for more details.
Failed to get ticker '044960.KS' reason: Failed to perform, curl: (77) error setting certificate verify locations:  CAfile: /Users/ajay/Library/Python/3.9/lib/python/site-packages/certifi/cacert.pem CApath: none. See https://curl.se/libcurl/c/libcurl-errors.html first for more details.
Failed to get ticker '043155.KS' reason: Failed to perform, curl: (6) getaddrinfo() thread failed to start. See https://curl.se/libcurl/c/libcurl-errors.html first for more details.
Failed to get ticker '043910.KS' reason: Failed to perform, curl: (6) getaddrinfo() thread failed to start. See https://curl.se/libcurl/c/libcurl-errors.html first for more details.
Failed to get ticker '047310.KS' reason: Failed to perform, curl: (6) getaddrinfo() thread failed to start. See https://curl.se/libcurl/c/libcurl-errors.html first for more details.
Failed to get ticker '048910.KS' reason: Failed to perform, curl: (6) getaddrinfo() thread failed to start. See https://curl.se/libcurl/c/libcurl-errors.html first for more details.
Failed to get ticker '046945.KS' reason: Failed to perform, curl: (6) getaddrinfo() thread failed to start. See https://curl.se/libcurl/c/libcurl-errors.html first for more details.
Failed to get ticker '049470.KS' reason: Failed to perform, curl: (6) Could not resolve host: query2.finance.yahoo.com. See https://curl.se/libcurl/c/libcurl-errors.html first for more details.
Failed to get ticker '042115.KS' reason: Failed to perform, curl: (6) getaddrinfo() thread failed to start. See https://curl.se/libcurl/c/libcurl-errors.html first for more details.
Failed to get ticker '047050.KQ' reason: Failed to perform, curl: (6) getaddrinfo() thread failed to start. See https://curl.se/libcurl/c/libcurl-errors.html first for more details.
Failed to get ticker '047770.KS' reason: Failed to perform, curl: (6) getaddrinfo() thread failed to start. See https://curl.se/libcurl/c/libcurl-errors.html first for more details.
Failed to get ticker '049525.KS' reason: Failed to perform, curl: (6) Could not resolve host: query2.finance.yahoo.com. See https://curl.se/libcurl/c/libcurl-errors.html first for more details.
Failed to get ticker '046310.KS' reason: Failed to perform, curl: (6) getaddrinfo() thread failed to start. See https://curl.se/libcurl/c/libcurl-errors.html first for more details.
Failed to get ticker '041939.KS' reason: Failed to perform, curl: (6) getaddrinfo() thread failed to start. See https://curl.se/libcurl/c/libcurl-errors.html first for more details.
Failed to get ticker '039247.KS' reason: Failed to perform, curl: (6) getaddrinfo() thread failed to start. See https://curl.se/libcurl/c/libcurl-errors.html first for more details.
Failed to get ticker '039425.KS' reason: Failed to perform, curl: (6) getaddrinfo() thread failed to start. See https://curl.se/libcurl/c/libcurl-errors.html first for more details.
Failed to get ticker '046120.KS' reason: Failed to perform, curl: (6) getaddrinfo() thread failed to start. See https://curl.se/libcurl/c/libcurl-errors.html first for more details.
Failed to get ticker '041937.KS' reason: Failed to perform, curl: (6) Could not resolve host: query2.finance.yahoo.com. See https://curl.se/libcurl/c/libcurl-errors.html first for more details.
Failed to get ticker '049960.KS' reason: Failed to perform, curl: (6) getaddrinfo() thread failed to start. See https://curl.se/libcurl/c/libcurl-errors.html first for more details.
Failed to get ticker '045970.KS' reason: Failed to perform, curl: (6) Could not resolve host: query2.finance.yahoo.com. See https://curl.se/libcurl/c/libcurl-errors.html first for more details.
Failed to get ticker '042119.KS' reason: Failed to perform, curl: (6) getaddrinfo() thread failed to start. See https://curl.se/libcurl/c/libcurl-errors.html first for more details.
Failed to get ticker '049630.KS' reason: Failed to perform, curl: (6) getaddrinfo() thread failed to start. See https://curl.se/libcurl/c/libcurl-errors.html first for more details.
Failed to get ticker '048410.KS' reason: Failed to perform, curl: (6) Could not resolve host: query2.finance.yahoo.com. See https://curl.se/libcurl/c/libcurl-errors.html first for more details.
Failed to get ticker '042379.KS' reason: Failed to perform, curl: (6) getaddrinfo() thread failed to start. See https://curl.se/libcurl/c/libcurl-errors.html first for more details.
Failed to get ticker '043375.KS' reason: Failed to perform, curl: (6) getaddrinfo() thread failed to start. See https://curl.se/libcurl/c/libcurl-errors.html first for more details.
Failed to get ticker '049430.KS' reason: Failed to perform, curl: (6) getaddrinfo() thread failed to start. See https://curl.se/libcurl/c/libcurl-errors.html first for more details.
Failed to get ticker '049830.KS' reason: Failed to perform, curl: (6) getaddrinfo() thread failed to start. See https://curl.se/libcurl/c/libcurl-errors.html first for more details.
Failed to get ticker '049080.KS' reason: Failed to perform, curl: (6) getaddrinfo() thread failed to start. See https://curl.se/libcurl/c/libcurl-errors.html first for more details.
Failed to get ticker '039249.KS' reason: Failed to perform, curl: (6) getaddrinfo() thread failed to start. See https://curl.se/libcurl/c/libcurl-errors.html first for more details.
Failed to get ticker '043159.KS' reason: Failed to perform, curl: (6) Could not resolve host: query2.finance.yahoo.com. See https://curl.se/libcurl/c/libcurl-errors.html first for more details.
$043159.KS: possibly delisted; no price data found  (period=3mo) (Yahoo error = "No data found, symbol may be delisted")
$046949.KS: possibly delisted; no price data found  (period=3mo) (Yahoo error = "No data found, symbol may be delisted")

133 Failed downloads:
['048470.KS', '049550.KS', '042510.KS', '044990.KS', '044380.KQ', '038950.KS', '046210.KS', '042660.KQ', '040350.KS', '044820.KQ', '046890.KS', '048530.KS', '039740.KS', '042375.KS', '043379.KS', '047825.KS', '042000.KS', '045390.KS', '045100.KS', '049529.KS', '045520.KS', '047829.KS', '041650.KQ', '042117.KS', '042700.KQ', '039030.KS', '039245.KS', '044340.KS', '040420.KS', '048430.KS', '049527.KS', '039020.KS', '039610.KS', '039130.KQ', '046947.KS', '047827.KS', '039200.KS', '039980.KS', '039440.KS', '047040.KQ', '042520.KS', '041510.KS', '043155.KS', '039310.KS', '043910.KS', '048830.KS', '047310.KS', '042940.KS', '048910.KS', '046945.KS', '044180.KS', '042115.KS', '040910.KS', '049470.KS', '047050.KQ', '042600.KS', '047770.KS', '043360.KS', '046310.KS', '049525.KS', '039560.KS', '043220.KS', '039247.KS', '039840.KS', '046070.KS', '046440.KS', '039425.KS', '043710.KS', '049960.KS', '041937.KS', '041520.KS', '041460.KS', '041930.KS', '043100.KS', '041920.KS', '041590.KS', '044490.KS', '041939.KS', '045970.KS', '042370.KS', '049630.KS', '042119.KS', '042379.KS', '048410.KS', '044780.KS', '043090.KS', '045060.KS', '039830.KS', '039010.KS', '045660.KS', '040160.KS', '039570.KQ', '042420.KS', '041440.KS', '042040.KS', '043375.KS', '043260.KS', '043650.KS', '047400.KQ', '049430.KS', '039860.KS', '047810.KQ', '049080.KS', '039249.KS', '049120.KS', '043200.KS', '050090.KS', '043340.KS']: TypeError("'NoneType' object is not subscriptable")
['043590.KS', '038870.KS', '039429.KS', '039240.KS', '039420.KS', '047820.KS', '042377.KS', '041960.KS', '043150.KS', '048550.KS', '045300.KS', '039427.KS', '039290.KS', '049950.KS', '041935.KS', '043377.KS', '047080.KS', '043610.KS', '047560.KS', '046940.KS', '049180.KS', '043157.KS', '048770.KS']: OperationalError('unable to open database file')
['043159.KS', '046949.KS']: possibly delisted; no price data found  (period=3mo) (Yahoo error = "No data found, symbol may be delisted")
Failed to get ticker '050110.KS' reason: Failed to perform, curl: (6) Could not resolve host: query2.finance.yahoo.com. See https://curl.se/libcurl/c/libcurl-errors.html first for more details.
Failed to get ticker '053980.KS' reason: Failed to perform, curl: (6) getaddrinfo() thread failed to start. See https://curl.se/libcurl/c/libcurl-errors.html first for more details.
Failed to get ticker '054935.KS' reason: Failed to perform, curl: (77) error setting certificate verify locations:  CAfile: /Users/ajay/Library/Python/3.9/lib/python/site-packages/certifi/cacert.pem CApath: none. See https://curl.se/libcurl/c/libcurl-errors.html first for more details.
Failed to get ticker '053280.KS' reason: Failed to perform, curl: (77) error setting certificate verify locations:  CAfile: /Users/ajay/Library/Python/3.9/lib/python/site-packages/certifi/cacert.pem CApath: none. See https://curl.se/libcurl/c/libcurl-errors.html first for more details.
Failed to get ticker '053350.KS' reason: Failed to perform, curl: (6) Could not resolve host: query2.finance.yahoo.com. See https://curl.se/libcurl/c/libcurl-errors.html first for more details.
Failed to get ticker '052900.KS' reason: Failed to perform, curl: (6) getaddrinfo() thread failed to start. See https://curl.se/libcurl/c/libcurl-errors.html first for more details.
Failed to get ticker '054410.KS' reason: Failed to perform, curl: (6) getaddrinfo() thread failed to start. See https://curl.se/libcurl/c/libcurl-errors.html first for more details.
Failed to get ticker '058405.KS' reason: Failed to perform, curl: (6) getaddrinfo() thread failed to start. See https://curl.se/libcurl/c/libcurl-errors.html first for more details.
Failed to get ticker '054950.KS' reason: Failed to perform, curl: (6) getaddrinfo() thread failed to start. See https://curl.se/libcurl/c/libcurl-errors.html first for more details.
Failed to get ticker '052690.KQ' reason: Failed to perform, curl: (6) getaddrinfo() thread failed to start. See https://curl.se/libcurl/c/libcurl-errors.html first for more details.
Failed to get ticker '060230.KS' reason: Failed to perform, curl: (6) Could not resolve host: query2.finance.yahoo.com. See https://curl.se/libcurl/c/libcurl-errors.html first for more details.
Failed to get ticker '058430.KQ' reason: Failed to perform, curl: (6) getaddrinfo() thread failed to start. See https://curl.se/libcurl/c/libcurl-errors.html first for more details.
Failed to get ticker '058110.KS' reason: Failed to perform, curl: (6) getaddrinfo() thread failed to start. See https://curl.se/libcurl/c/libcurl-errors.html first for more details.
Failed to get ticker '053627.KS' reason: Failed to perform, curl: (6) getaddrinfo() thread failed to start. See https://curl.se/libcurl/c/libcurl-errors.html first for more details.
Failed to get ticker '053260.KS' reason: Failed to perform, curl: (6) getaddrinfo() thread failed to start. See https://curl.se/libcurl/c/libcurl-errors.html first for more details.
Failed to get ticker '056700.KS' reason: Failed to perform, curl: (6) getaddrinfo() thread failed to start. See https://curl.se/libcurl/c/libcurl-errors.html first for more details.
Failed to get ticker '054057.KS' reason: Failed to perform, curl: (6) getaddrinfo() thread failed to start. See https://curl.se/libcurl/c/libcurl-errors.html first for more details.
Failed to get ticker '052770.KS' reason: Failed to perform, curl: (6) getaddrinfo() thread failed to start. See https://curl.se/libcurl/c/libcurl-errors.html first for more details.
Failed to get ticker '058820.KS' reason: Failed to perform, curl: (6) getaddrinfo() thread failed to start. See https://curl.se/libcurl/c/libcurl-errors.html first for more details.
Failed to get ticker '053030.KS' reason: Failed to perform, curl: (6) getaddrinfo() thread failed to start. See https://curl.se/libcurl/c/libcurl-errors.html first for more details.
Failed to get ticker '054055.KS' reason: Failed to perform, curl: (6) getaddrinfo() thread failed to start. See https://curl.se/libcurl/c/libcurl-errors.html first for more details.
Failed to get ticker '057050.KQ' reason: Failed to perform, curl: (6) getaddrinfo() thread failed to start. See https://curl.se/libcurl/c/libcurl-errors.html first for more details.
Failed to get ticker '058409.KS' reason: unable to open database file
Failed to get ticker '058857.KQ' reason: unable to open database file
Failed to get ticker '051490.KS' reason: unable to open database file
Failed to get ticker '058970.KS' reason: Failed to perform, curl: (6) getaddrinfo() thread failed to start. See https://curl.se/libcurl/c/libcurl-errors.html first for more details.
Failed to get ticker '054920.KS' reason: Failed to perform, curl: (6) getaddrinfo() thread failed to start. See https://curl.se/libcurl/c/libcurl-errors.html first for more details.
Failed to get ticker '060570.KS' reason: Failed to perform, curl: (6) getaddrinfo() thread failed to start. See https://curl.se/libcurl/c/libcurl-errors.html first for more details.
Failed to get ticker '058855.KQ' reason: Failed to perform, curl: (6) getaddrinfo() thread failed to start. See https://curl.se/libcurl/c/libcurl-errors.html first for more details.
Failed to get ticker '052460.KS' reason: Failed to perform, curl: (6) getaddrinfo() thread failed to start. See https://curl.se/libcurl/c/libcurl-errors.html first for more details.
Failed to get ticker '058450.KS' reason: Failed to perform, curl: (6) Could not resolve host: query2.finance.yahoo.com. See https://curl.se/libcurl/c/libcurl-errors.html first for more details.
Failed to get ticker '060590.KS' reason: Failed to perform, curl: (6) Could not resolve host: query2.finance.yahoo.com. See https://curl.se/libcurl/c/libcurl-errors.html first for more details.
Failed to get ticker '053989.KS' reason: Failed to perform, curl: (6) getaddrinfo() thread failed to start. See https://curl.se/libcurl/c/libcurl-errors.html first for more details.
Failed to get ticker '051600.KQ' reason: Failed to perform, curl: (6) Could not resolve host: query2.finance.yahoo.com. See https://curl.se/libcurl/c/libcurl-errors.html first for more details.
Failed to get ticker '061255.KS' reason: Failed to perform, curl: (6) getaddrinfo() thread failed to start. See https://curl.se/libcurl/c/libcurl-errors.html first for more details.
Failed to get ticker '052860.KS' reason: Failed to perform, curl: (6) getaddrinfo() thread failed to start. See https://curl.se/libcurl/c/libcurl-errors.html first for more details.
Failed to get ticker '056369.KS' reason: Failed to perform, curl: (6) Could not resolve host: query2.finance.yahoo.com. See https://curl.se/libcurl/c/libcurl-errors.html first for more details.
Failed to get ticker '051165.KS' reason: Failed to perform, curl: (6) getaddrinfo() thread failed to start. See https://curl.se/libcurl/c/libcurl-errors.html first for more details.
Failed to get ticker '060150.KS' reason: Failed to perform, curl: (6) Could not resolve host: query2.finance.yahoo.com. See https://curl.se/libcurl/c/libcurl-errors.html first for more details.
Failed to get ticker '060560.KS' reason: Failed to perform, curl: (6) getaddrinfo() thread failed to start. See https://curl.se/libcurl/c/libcurl-errors.html first for more details.
Failed to get ticker '050960.KS' reason: Failed to perform, curl: (6) getaddrinfo() thread failed to start. See https://curl.se/libcurl/c/libcurl-errors.html first for more details.
Failed to get ticker '052710.KS' reason: Failed to perform, curl: (6) getaddrinfo() thread failed to start. See https://curl.se/libcurl/c/libcurl-errors.html first for more details.
Failed to get ticker '056080.KS' reason: Failed to perform, curl: (6) getaddrinfo() thread failed to start. See https://curl.se/libcurl/c/libcurl-errors.html first for more details.
Failed to get ticker '059120.KS' reason: Failed to perform, curl: (6) getaddrinfo() thread failed to start. See https://curl.se/libcurl/c/libcurl-errors.html first for more details.
Failed to get ticker '053985.KS' reason: Failed to perform, curl: (6) getaddrinfo() thread failed to start. See https://curl.se/libcurl/c/libcurl-errors.html first for more details.
Failed to get ticker '053580.KS' reason: Failed to perform, curl: (6) getaddrinfo() thread failed to start. See https://curl.se/libcurl/c/libcurl-errors.html first for more details.
Failed to get ticker '061970.KS' reason: Failed to perform, curl: (6) getaddrinfo() thread failed to start. See https://curl.se/libcurl/c/libcurl-errors.html first for more details.
$054935.KS: possibly delisted; no price data found  (period=3mo) (Yahoo error = "No data found, symbol may be delisted")
Failed to get ticker '052427.KS' reason: Failed to perform, curl: (6) getaddrinfo() thread failed to start. See https://curl.se/libcurl/c/libcurl-errors.html first for more details.
Failed to get ticker '054939.KS' reason: Failed to perform, curl: (6) getaddrinfo() thread failed to start. See https://curl.se/libcurl/c/libcurl-errors.html first for more details.
Failed to get ticker '054300.KS' reason: Failed to perform, curl: (6) Could not resolve host: query2.finance.yahoo.com. See https://curl.se/libcurl/c/libcurl-errors.html first for more details.
Failed to get ticker '053210.KQ' reason: Failed to perform, curl: (6) Could not resolve host: query2.finance.yahoo.com. See https://curl.se/libcurl/c/libcurl-errors.html first for more details.
Failed to get ticker '054540.KS' reason: Failed to perform, curl: (6) getaddrinfo() thread failed to start. See https://curl.se/libcurl/c/libcurl-errors.html first for more details.
Failed to get ticker '056365.KS' reason: Failed to perform, curl: (6) Could not resolve host: query1.finance.yahoo.com. See https://curl.se/libcurl/c/libcurl-errors.html first for more details.
Failed to get ticker '054059.KS' reason: Failed to perform, curl: (6) getaddrinfo() thread failed to start. See https://curl.se/libcurl/c/libcurl-errors.html first for more details.
Failed to get ticker '053987.KS' reason: Failed to perform, curl: (6) getaddrinfo() thread failed to start. See https://curl.se/libcurl/c/libcurl-errors.html first for more details.
Failed to get ticker '055490.KQ' reason: Failed to perform, curl: (6) Could not resolve host: query2.finance.yahoo.com. See https://curl.se/libcurl/c/libcurl-errors.html first for more details.
Failed to get ticker '052330.KS' reason: Failed to perform, curl: (6) getaddrinfo() thread failed to start. See https://curl.se/libcurl/c/libcurl-errors.html first for more details.
Failed to get ticker '059270.KS' reason: Failed to perform, curl: (6) getaddrinfo() thread failed to start. See https://curl.se/libcurl/c/libcurl-errors.html first for more details.
Failed to get ticker '053050.KS' reason: Failed to perform, curl: (6) getaddrinfo() thread failed to start. See https://curl.se/libcurl/c/libcurl-errors.html first for more details.
Failed to get ticker '058860.KQ' reason: Failed to perform, curl: (6) getaddrinfo() thread failed to start. See https://curl.se/libcurl/c/libcurl-errors.html first for more details.
Failed to get ticker '059210.KS' reason: Failed to perform, curl: (6) Could not resolve host: query2.finance.yahoo.com. See https://curl.se/libcurl/c/libcurl-errors.html first for more details.
Failed to get ticker '052799.KS' reason: Failed to perform, curl: (6) Could not resolve host: query2.finance.yahoo.com. See https://curl.se/libcurl/c/libcurl-errors.html first for more details.
Failed to get ticker '053060.KS' reason: Failed to perform, curl: (6) getaddrinfo() thread failed to start. See https://curl.se/libcurl/c/libcurl-errors.html first for more details.
Failed to get ticker '060260.KS' reason: Failed to perform, curl: (6) getaddrinfo() thread failed to start. See https://curl.se/libcurl/c/libcurl-errors.html first for more details.
Failed to get ticker '058470.KS' reason: Failed to perform, curl: (6) getaddrinfo() thread failed to start. See https://curl.se/libcurl/c/libcurl-errors.html first for more details.
Failed to get ticker '062040.KQ' reason: Failed to perform, curl: (6) getaddrinfo() thread failed to start. See https://curl.se/libcurl/c/libcurl-errors.html first for more details.
Failed to get ticker '053270.KS' reason: Failed to perform, curl: (6) getaddrinfo() thread failed to start. See https://curl.se/libcurl/c/libcurl-errors.html first for more details.
Failed to get ticker '052400.KS' reason: Failed to perform, curl: (6) getaddrinfo() thread failed to start. See https://curl.se/libcurl/c/libcurl-errors.html first for more details.
Failed to get ticker '051169.KS' reason: Failed to perform, curl: (6) getaddrinfo() thread failed to start. See https://curl.se/libcurl/c/libcurl-errors.html first for more details.
Failed to get ticker '052420.KS' reason: Failed to perform, curl: (6) getaddrinfo() thread failed to start. See https://curl.se/libcurl/c/libcurl-errors.html first for more details.
Failed to get ticker '051630.KQ' reason: Failed to perform, curl: (6) getaddrinfo() thread failed to start. See https://curl.se/libcurl/c/libcurl-errors.html first for more details.
Failed to get ticker '058630.KS' reason: Failed to perform, curl: (6) getaddrinfo() thread failed to start. See https://curl.se/libcurl/c/libcurl-errors.html first for more details.
Failed to get ticker '054800.KS' reason: Failed to perform, curl: (6) getaddrinfo() thread failed to start. See https://curl.se/libcurl/c/libcurl-errors.html first for more details.
Failed to get ticker '051980.KS' reason: Failed to perform, curl: (6) Could not resolve host: query2.finance.yahoo.com. See https://curl.se/libcurl/c/libcurl-errors.html first for more details.
Failed to get ticker '054940.KS' reason: Failed to perform, curl: (6) getaddrinfo() thread failed to start. See https://curl.se/libcurl/c/libcurl-errors.html first for more details.
Failed to get ticker '061257.KS' reason: Failed to perform, curl: (6) getaddrinfo() thread failed to start. See https://curl.se/libcurl/c/libcurl-errors.html first for more details.
Failed to get ticker '058610.KS' reason: Failed to perform, curl: (6) getaddrinfo() thread failed to start. See https://curl.se/libcurl/c/libcurl-errors.html first for more details.
Failed to get ticker '060240.KS' reason: Failed to perform, curl: (6) Could not resolve host: query2.finance.yahoo.com. See https://curl.se/libcurl/c/libcurl-errors.html first for more details.
Failed to get ticker '054930.KS' reason: Failed to perform, curl: (6) getaddrinfo() thread failed to start. See https://curl.se/libcurl/c/libcurl-errors.html first for more details.
Failed to get ticker '056360.KS' reason: Failed to perform, curl: (6) getaddrinfo() thread failed to start. See https://curl.se/libcurl/c/libcurl-errors.html first for more details.
Failed to get ticker '062970.KS' reason: Failed to perform, curl: (6) getaddrinfo() thread failed to start. See https://curl.se/libcurl/c/libcurl-errors.html first for more details.
Failed to get ticker '054937.KS' reason: Failed to perform, curl: (6) getaddrinfo() thread failed to start. See https://curl.se/libcurl/c/libcurl-errors.html first for more details.
Failed to get ticker '053629.KS' reason: Failed to perform, curl: (6) Could not resolve host: query2.finance.yahoo.com. See https://curl.se/libcurl/c/libcurl-errors.html first for more details.
Failed to get ticker '054180.KS' reason: Failed to perform, curl: (6) Could not resolve host: query2.finance.yahoo.com. See https://curl.se/libcurl/c/libcurl-errors.html first for more details.
$052427.KS: possibly delisted; no price data found  (period=3mo) (Yahoo error = "No data found, symbol may be delisted")
Failed to get ticker '057540.KS' reason: Failed to perform, curl: (6) getaddrinfo() thread failed to start. See https://curl.se/libcurl/c/libcurl-errors.html first for more details.
Failed to get ticker '052795.KS' reason: Failed to perform, curl: (6) getaddrinfo() thread failed to start. See https://curl.se/libcurl/c/libcurl-errors.html first for more details.
Failed to get ticker '058407.KS' reason: Failed to perform, curl: (6) Could not resolve host: query2.finance.yahoo.com. See https://curl.se/libcurl/c/libcurl-errors.html first for more details.
Failed to get ticker '053950.KS' reason: Failed to perform, curl: (6) getaddrinfo() thread failed to start. See https://curl.se/libcurl/c/libcurl-errors.html first for more details.
Failed to get ticker '051900.KQ' reason: Failed to perform, curl: (6) Could not resolve host: query2.finance.yahoo.com. See https://curl.se/libcurl/c/libcurl-errors.html first for more details.
Failed to get ticker '056367.KS' reason: Failed to perform, curl: (6) getaddrinfo() thread failed to start. See https://curl.se/libcurl/c/libcurl-errors.html first for more details.
Failed to get ticker '053160.KS' reason: Failed to perform, curl: (6) getaddrinfo() thread failed to start. See https://curl.se/libcurl/c/libcurl-errors.html first for more details.
Failed to get ticker '058650.KQ' reason: Failed to perform, curl: (6) getaddrinfo() thread failed to start. See https://curl.se/libcurl/c/libcurl-errors.html first for more details.
Failed to get ticker '052790.KS' reason: Failed to perform, curl: (6) getaddrinfo() thread failed to start. See https://curl.se/libcurl/c/libcurl-errors.html first for more details.
Failed to get ticker '056730.KS' reason: Failed to perform, curl: (6) getaddrinfo() thread failed to start. See https://curl.se/libcurl/c/libcurl-errors.html first for more details.
Failed to get ticker '051167.KS' reason: Failed to perform, curl: (6) Could not resolve host: query2.finance.yahoo.com. See https://curl.se/libcurl/c/libcurl-errors.html first for more details.
Failed to get ticker '052797.KS' reason: Failed to perform, curl: (6) getaddrinfo() thread failed to start. See https://curl.se/libcurl/c/libcurl-errors.html first for more details.
Failed to get ticker '061259.KS' reason: Failed to perform, curl: (6) Could not resolve host: query2.finance.yahoo.com. See https://curl.se/libcurl/c/libcurl-errors.html first for more details.
Failed to get ticker '053620.KS' reason: Failed to perform, curl: (6) getaddrinfo() thread failed to start. See https://curl.se/libcurl/c/libcurl-errors.html first for more details.
Failed to get ticker '052260.KS' reason: Failed to perform, curl: (6) Could not resolve host: query2.finance.yahoo.com. See https://curl.se/libcurl/c/libcurl-errors.html first for more details.
Failed to get ticker '050890.KS' reason: Failed to perform, curl: (6) getaddrinfo() thread failed to start. See https://curl.se/libcurl/c/libcurl-errors.html first for more details.
Failed to get ticker '054210.KS' reason: Failed to perform, curl: (6) getaddrinfo() thread failed to start. See https://curl.se/libcurl/c/libcurl-errors.html first for more details.
Failed to get ticker '053300.KS' reason: Failed to perform, curl: (6) getaddrinfo() thread failed to start. See https://curl.se/libcurl/c/libcurl-errors.html first for more details.
$054937.KS: possibly delisted; no price data found  (period=3mo) (Yahoo error = "No data found, symbol may be delisted")
$053625.KS: possibly delisted; no price data found  (period=3mo) (Yahoo error = "No data found, symbol may be delisted")

130 Failed downloads:
['050120.KS', '051500.KS', '056190.KS', '058859.KQ', '053800.KS', '060280.KS', '059100.KS', '061250.KS', '060850.KS', '053690.KQ', '054450.KS', '061040.KS', '052429.KS', '053610.KS', '050860.KS', '054040.KS', '053700.KS', '054090.KS', '052425.KS']: OperationalError('unable to open database file')
['050110.KS', '053980.KS', '053350.KS', '052900.KS', '054410.KS', '054950.KS', '058405.KS', '052690.KQ', '060230.KS', '058430.KQ', '058110.KS', '053627.KS', '056700.KS', '053260.KS', '054057.KS', '060380.KS', '052770.KS', '058820.KS', '053030.KS', '054055.KS', '057050.KQ', '058409.KS', '058857.KQ', '051490.KS', '058970.KS', '057030.KS', '054920.KS', '054220.KS', '060570.KS', '052460.KS', '058450.KS', '060590.KS', '058855.KQ', '056369.KS', '052860.KS', '056090.KS', '060560.KS', '051165.KS', '050960.KS', '052710.KS', '059120.KS', '053985.KS', '052600.KS', '053580.KS', '061970.KS', '060720.KS', '060540.KS', '054939.KS', '054300.KS', '053210.KQ', '054540.KS', '061255.KS', '053989.KS', '051380.KS', '054059.KS', '056365.KS', '052330.KS', '052220.KS', '053987.KS', '063080.KS', '058860.KQ', '052020.KS', '059210.KS', '053050.KS', '052799.KS', '053060.KS', '060260.KS', '058470.KS', '051390.KS', '062040.KQ', '053270.KS', '052400.KS', '051169.KS', '052420.KS', '051630.KQ', '058630.KS', '054800.KS', '051980.KS', '054940.KS', '061257.KS', '058610.KS', '054930.KS', '056360.KS', '062970.KS', '053629.KS', '060370.KS', '057540.KS', '054620.KS', '052795.KS', '058407.KS', '053950.KS', '051900.KQ', '056367.KS', '058400.KS', '058650.KQ', '053290.KS', '052790.KS', '056730.KS', '051167.KS', '052797.KS', '061259.KS', '053620.KS', '052260.KS', '050890.KS', '058850.KQ', '054210.KS', '053300.KS']: TypeError("'NoneType' object is not subscriptable")
['054935.KS', '052427.KS', '054937.KS', '053625.KS']: possibly delisted; no price data found  (period=3mo) (Yahoo error = "No data found, symbol may be delisted")
Failed to get ticker '066570.KQ' reason: Failed to perform, curl: (6) Could not resolve host: query2.finance.yahoo.com. See https://curl.se/libcurl/c/libcurl-errors.html first for more details.
Failed to get ticker '073565.KS' reason: Failed to perform, curl: (6) getaddrinfo() thread failed to start. See https://curl.se/libcurl/c/libcurl-errors.html first for more details.
Failed to get ticker '065350.KS' reason: Failed to perform, curl: (77) error setting certificate verify locations:  CAfile: /Users/ajay/Library/Python/3.9/lib/python/site-packages/certifi/cacert.pem CApath: none. See https://curl.se/libcurl/c/libcurl-errors.html first for more details.
Failed to get ticker '073240.KQ' reason: Failed to perform, curl: (77) error setting certificate verify locations:  CAfile: /Users/ajay/Library/Python/3.9/lib/python/site-packages/certifi/cacert.pem CApath: none. See https://curl.se/libcurl/c/libcurl-errors.html first for more details.
Failed to get ticker '066629.KS' reason: Failed to perform, curl: (6) Could not resolve host: query2.finance.yahoo.com. See https://curl.se/libcurl/c/libcurl-errors.html first for more details.
Failed to get ticker '064520.KS' reason: Failed to perform, curl: (6) getaddrinfo() thread failed to start. See https://curl.se/libcurl/c/libcurl-errors.html first for more details.
Failed to get ticker '071280.KS' reason: Failed to perform, curl: (6) getaddrinfo() thread failed to start. See https://curl.se/libcurl/c/libcurl-errors.html first for more details.
Failed to get ticker '072477.KS' reason: Failed to perform, curl: (6) getaddrinfo() thread failed to start. See https://curl.se/libcurl/c/libcurl-errors.html first for more details.
Failed to get ticker '063570.KS' reason: Failed to perform, curl: (6) getaddrinfo() thread failed to start. See https://curl.se/libcurl/c/libcurl-errors.html first for more details.
Failed to get ticker '068270.KQ' reason: Failed to perform, curl: (6) getaddrinfo() thread failed to start. See https://curl.se/libcurl/c/libcurl-errors.html first for more details.
Failed to get ticker '068760.KS' reason: Failed to perform, curl: (6) getaddrinfo() thread failed to start. See https://curl.se/libcurl/c/libcurl-errors.html first for more details.
Failed to get ticker '072130.KQ' reason: Failed to perform, curl: (6) getaddrinfo() thread failed to start. See https://curl.se/libcurl/c/libcurl-errors.html first for more details.
Failed to get ticker '069260.KQ' reason: Failed to perform, curl: (6) getaddrinfo() thread failed to start. See https://curl.se/libcurl/c/libcurl-errors.html first for more details.
Failed to get ticker '069620.KQ' reason: Failed to perform, curl: (6) getaddrinfo() thread failed to start. See https://curl.se/libcurl/c/libcurl-errors.html first for more details.
Failed to get ticker '071090.KQ' reason: Failed to perform, curl: (6) getaddrinfo() thread failed to start. See https://curl.se/libcurl/c/libcurl-errors.html first for more details.
Failed to get ticker '071970.KQ' reason: Failed to perform, curl: (6) getaddrinfo() thread failed to start. See https://curl.se/libcurl/c/libcurl-errors.html first for more details.
Failed to get ticker '066679.KS' reason: Failed to perform, curl: (6) getaddrinfo() thread failed to start. See https://curl.se/libcurl/c/libcurl-errors.html first for more details.
Failed to get ticker '069735.KQ' reason: Failed to perform, curl: (6) getaddrinfo() thread failed to start. See https://curl.se/libcurl/c/libcurl-errors.html first for more details.
Failed to get ticker '070590.KS' reason: Failed to perform, curl: (6) getaddrinfo() thread failed to start. See https://curl.se/libcurl/c/libcurl-errors.html first for more details.
Failed to get ticker '072990.KS' reason: Failed to perform, curl: (6) getaddrinfo() thread failed to start. See https://curl.se/libcurl/c/libcurl-errors.html first for more details.
Failed to get ticker '066790.KS' reason: Failed to perform, curl: (6) Could not resolve host: query2.finance.yahoo.com. See https://curl.se/libcurl/c/libcurl-errors.html first for more details.
Failed to get ticker '066675.KS' reason: unable to open database file
Failed to get ticker '072950.KS' reason: Failed to perform, curl: (6) getaddrinfo() thread failed to start. See https://curl.se/libcurl/c/libcurl-errors.html first for more details.
Failed to get ticker '067990.KS' reason: Failed to perform, curl: (6) getaddrinfo() thread failed to start. See https://curl.se/libcurl/c/libcurl-errors.html first for more details.
Failed to get ticker '066980.KS' reason: Failed to perform, curl: (6) getaddrinfo() thread failed to start. See https://curl.se/libcurl/c/libcurl-errors.html first for more details.
Failed to get ticker '067770.KS' reason: Failed to perform, curl: (6) getaddrinfo() thread failed to start. See https://curl.se/libcurl/c/libcurl-errors.html first for more details.
Failed to get ticker '066677.KS' reason: Failed to perform, curl: (6) getaddrinfo() thread failed to start. See https://curl.se/libcurl/c/libcurl-errors.html first for more details.
Failed to get ticker '069739.KQ' reason: Failed to perform, curl: (6) getaddrinfo() thread failed to start. See https://curl.se/libcurl/c/libcurl-errors.html first for more details.
Failed to get ticker '066910.KS' reason: Failed to perform, curl: (6) Could not resolve host: query2.finance.yahoo.com. See https://curl.se/libcurl/c/libcurl-errors.html first for more details.
Failed to get ticker '072020.KS' reason: Failed to perform, curl: (6) getaddrinfo() thread failed to start. See https://curl.se/libcurl/c/libcurl-errors.html first for more details.
Failed to get ticker '068240.KS' reason: Failed to perform, curl: (6) getaddrinfo() thread failed to start. See https://curl.se/libcurl/c/libcurl-errors.html first for more details.
Failed to get ticker '071287.KS' reason: Failed to perform, curl: (6) getaddrinfo() thread failed to start. See https://curl.se/libcurl/c/libcurl-errors.html first for more details.
Failed to get ticker '073540.KS' reason: Failed to perform, curl: (6) getaddrinfo() thread failed to start. See https://curl.se/libcurl/c/libcurl-errors.html first for more details.
Failed to get ticker '064850.KS' reason: Failed to perform, curl: (6) getaddrinfo() thread failed to start. See https://curl.se/libcurl/c/libcurl-errors.html first for more details.
Failed to get ticker '065500.KS' reason: Failed to perform, curl: (6) getaddrinfo() thread failed to start. See https://curl.se/libcurl/c/libcurl-errors.html first for more details.
Failed to get ticker '065650.KS' reason: Failed to perform, curl: (6) getaddrinfo() thread failed to start. See https://curl.se/libcurl/c/libcurl-errors.html first for more details.
Failed to get ticker '069540.KS' reason: Failed to perform, curl: (6) getaddrinfo() thread failed to start. See https://curl.se/libcurl/c/libcurl-errors.html first for more details.
Failed to get ticker '067730.KS' reason: Failed to perform, curl: (6) Could not resolve host: query1.finance.yahoo.com. See https://curl.se/libcurl/c/libcurl-errors.html first for more details.
Failed to get ticker '065130.KS' reason: Failed to perform, curl: (6) getaddrinfo() thread failed to start. See https://curl.se/libcurl/c/libcurl-errors.html first for more details.
Failed to get ticker '066310.KS' reason: Failed to perform, curl: (6) getaddrinfo() thread failed to start. See https://curl.se/libcurl/c/libcurl-errors.html first for more details.
Failed to get ticker '066130.KS' reason: Failed to perform, curl: (6) getaddrinfo() thread failed to start. See https://curl.se/libcurl/c/libcurl-errors.html first for more details.
Failed to get ticker '064820.KS' reason: Failed to perform, curl: (6) Could not resolve host: query2.finance.yahoo.com. See https://curl.se/libcurl/c/libcurl-errors.html first for more details.
Failed to get ticker '071200.KS' reason: Failed to perform, curl: (6) getaddrinfo() thread failed to start. See https://curl.se/libcurl/c/libcurl-errors.html first for more details.
Failed to get ticker '069640.KQ' reason: Failed to perform, curl: (6) getaddrinfo() thread failed to start. See https://curl.se/libcurl/c/libcurl-errors.html first for more details.
Failed to get ticker '073640.KS' reason: Failed to perform, curl: (6) getaddrinfo() thread failed to start. See https://curl.se/libcurl/c/libcurl-errors.html first for more details.
Failed to get ticker '075130.KS' reason: Failed to perform, curl: (6) Could not resolve host: query2.finance.yahoo.com. See https://curl.se/libcurl/c/libcurl-errors.html first for more details.
Failed to get ticker '065770.KS' reason: Failed to perform, curl: (6) getaddrinfo() thread failed to start. See https://curl.se/libcurl/c/libcurl-errors.html first for more details.
Failed to get ticker '063170.KS' reason: Failed to perform, curl: (6) Could not resolve host: query2.finance.yahoo.com. See https://curl.se/libcurl/c/libcurl-errors.html first for more details.
Failed to get ticker '064960.KQ' reason: Failed to perform, curl: (6) getaddrinfo() thread failed to start. See https://curl.se/libcurl/c/libcurl-errors.html first for more details.
Failed to get ticker '067630.KS' reason: Failed to perform, curl: (6) getaddrinfo() thread failed to start. See https://curl.se/libcurl/c/libcurl-errors.html first for more details.
Failed to get ticker '066670.KS' reason: Failed to perform, curl: (6) getaddrinfo() thread failed to start. See https://curl.se/libcurl/c/libcurl-errors.html first for more details.
Failed to get ticker '064240.KS' reason: Failed to perform, curl: (6) getaddrinfo() thread failed to start. See https://curl.se/libcurl/c/libcurl-errors.html first for more details.
Failed to get ticker '067160.KS' reason: Failed to perform, curl: (6) getaddrinfo() thread failed to start. See https://curl.se/libcurl/c/libcurl-errors.html first for more details.
Failed to get ticker '067170.KS' reason: Failed to perform, curl: (6) getaddrinfo() thread failed to start. See https://curl.se/libcurl/c/libcurl-errors.html first for more details.
Failed to get ticker '067010.KS' reason: Failed to perform, curl: (6) getaddrinfo() thread failed to start. See https://curl.se/libcurl/c/libcurl-errors.html first for more details.
Failed to get ticker '065570.KS' reason: Failed to perform, curl: (6) getaddrinfo() thread failed to start. See https://curl.se/libcurl/c/libcurl-errors.html first for more details.
Failed to get ticker '073567.KS' reason: Failed to perform, curl: (6) Could not resolve host: query2.finance.yahoo.com. See https://curl.se/libcurl/c/libcurl-errors.html first for more details.
Failed to get ticker '067285.KS' reason: Failed to perform, curl: (6) Could not resolve host: query2.finance.yahoo.com. See https://curl.se/libcurl/c/libcurl-errors.html first for more details.
Failed to get ticker '072770.KS' reason: Failed to perform, curl: (6) Could not resolve host: query2.finance.yahoo.com. See https://curl.se/libcurl/c/libcurl-errors.html first for more details.
Failed to get ticker '069960.KQ' reason: Failed to perform, curl: (6) getaddrinfo() thread failed to start. See https://curl.se/libcurl/c/libcurl-errors.html first for more details.
Failed to get ticker '068330.KS' reason: Failed to perform, curl: (6) Could not resolve host: query2.finance.yahoo.com. See https://curl.se/libcurl/c/libcurl-errors.html first for more details.
Failed to get ticker '068050.KS' reason: Failed to perform, curl: (6) Could not resolve host: query2.finance.yahoo.com. See https://curl.se/libcurl/c/libcurl-errors.html first for more details.
Failed to get ticker '065450.KS' reason: Failed to perform, curl: (6) getaddrinfo() thread failed to start. See https://curl.se/libcurl/c/libcurl-errors.html first for more details.
Failed to get ticker '065660.KS' reason: Failed to perform, curl: (6) getaddrinfo() thread failed to start. See https://curl.se/libcurl/c/libcurl-errors.html first for more details.
Failed to get ticker '067289.KS' reason: Failed to perform, curl: (6) Could not resolve host: query2.finance.yahoo.com. See https://curl.se/libcurl/c/libcurl-errors.html first for more details.
Failed to get ticker '064350.KQ' reason: Failed to perform, curl: (6) getaddrinfo() thread failed to start. See https://curl.se/libcurl/c/libcurl-errors.html first for more details.
Failed to get ticker '071840.KQ' reason: Failed to perform, curl: (6) getaddrinfo() thread failed to start. See https://curl.se/libcurl/c/libcurl-errors.html first for more details.
Failed to get ticker '071285.KS' reason: Failed to perform, curl: (6) getaddrinfo() thread failed to start. See https://curl.se/libcurl/c/libcurl-errors.html first for more details.
Failed to get ticker '069920.KS' reason: Failed to perform, curl: (6) getaddrinfo() thread failed to start. See https://curl.se/libcurl/c/libcurl-errors.html first for more details.
Failed to get ticker '069410.KS' reason: Failed to perform, curl: (6) Could not resolve host: query2.finance.yahoo.com. See https://curl.se/libcurl/c/libcurl-errors.html first for more details.
Failed to get ticker '072479.KS' reason: Failed to perform, curl: (6) getaddrinfo() thread failed to start. See https://curl.se/libcurl/c/libcurl-errors.html first for more details.
Failed to get ticker '066410.KS' reason: Failed to perform, curl: (6) getaddrinfo() thread failed to start. See https://curl.se/libcurl/c/libcurl-errors.html first for more details.
Failed to get ticker '069140.KS' reason: Failed to perform, curl: (6) getaddrinfo() thread failed to start. See https://curl.se/libcurl/c/libcurl-errors.html first for more details.
Failed to get ticker '063440.KS' reason: Failed to perform, curl: (6) getaddrinfo() thread failed to start. See https://curl.se/libcurl/c/libcurl-errors.html first for more details.
Failed to get ticker '068790.KS' reason: Failed to perform, curl: (6) getaddrinfo() thread failed to start. See https://curl.se/libcurl/c/libcurl-errors.html first for more details.
$069515.KS: possibly delisted; no price data found  (period=3mo) (Yahoo error = "No data found, symbol may be delisted")
$072475.KS: possibly delisted; no price data found  (period=3mo) (Yahoo error = "No data found, symbol may be delisted")
Failed to get ticker '066700.KS' reason: Failed to perform, curl: (6) Could not resolve host: query2.finance.yahoo.com. See https://curl.se/libcurl/c/libcurl-errors.html first for more details.
Failed to get ticker '071670.KS' reason: Failed to perform, curl: (6) getaddrinfo() thread failed to start. See https://curl.se/libcurl/c/libcurl-errors.html first for more details.
Failed to get ticker '069737.KQ' reason: Failed to perform, curl: (6) getaddrinfo() thread failed to start. See https://curl.se/libcurl/c/libcurl-errors.html first for more details.
Failed to get ticker '066900.KS' reason: Failed to perform, curl: (6) getaddrinfo() thread failed to start. See https://curl.se/libcurl/c/libcurl-errors.html first for more details.
Failed to get ticker '067920.KS' reason: Failed to perform, curl: (6) Could not resolve host: query2.finance.yahoo.com. See https://curl.se/libcurl/c/libcurl-errors.html first for more details.
Failed to get ticker '073569.KS' reason: Failed to perform, curl: (6) Could not resolve host: query2.finance.yahoo.com. See https://curl.se/libcurl/c/libcurl-errors.html first for more details.
Failed to get ticker '063160.KQ' reason: Failed to perform, curl: (6) Could not resolve host: query2.finance.yahoo.com. See https://curl.se/libcurl/c/libcurl-errors.html first for more details.
Failed to get ticker '065420.KS' reason: Failed to perform, curl: (6) getaddrinfo() thread failed to start. See https://curl.se/libcurl/c/libcurl-errors.html first for more details.
Failed to get ticker '069080.KS' reason: Failed to perform, curl: (6) Could not resolve host: query2.finance.yahoo.com. See https://curl.se/libcurl/c/libcurl-errors.html first for more details.
Failed to get ticker '068100.KS' reason: Failed to perform, curl: (6) getaddrinfo() thread failed to start. See https://curl.se/libcurl/c/libcurl-errors.html first for more details.
Failed to get ticker '066627.KS' reason: Failed to perform, curl: (6) getaddrinfo() thread failed to start. See https://curl.se/libcurl/c/libcurl-errors.html first for more details.
Failed to get ticker '064760.KS' reason: Failed to perform, curl: (6) getaddrinfo() thread failed to start. See https://curl.se/libcurl/c/libcurl-errors.html first for more details.
Failed to get ticker '069330.KS' reason: Failed to perform, curl: (6) getaddrinfo() thread failed to start. See https://curl.se/libcurl/c/libcurl-errors.html first for more details.
Failed to get ticker '072710.KQ' reason: Failed to perform, curl: (6) getaddrinfo() thread failed to start. See https://curl.se/libcurl/c/libcurl-errors.html first for more details.
Failed to get ticker '067287.KS' reason: Failed to perform, curl: (6) getaddrinfo() thread failed to start. See https://curl.se/libcurl/c/libcurl-errors.html first for more details.
Failed to get ticker '067290.KS' reason: Failed to perform, curl: (6) Could not resolve host: query2.finance.yahoo.com. See https://curl.se/libcurl/c/libcurl-errors.html first for more details.
Failed to get ticker '064800.KS' reason: Failed to perform, curl: (6) getaddrinfo() thread failed to start. See https://curl.se/libcurl/c/libcurl-errors.html first for more details.
Failed to get ticker '067080.KS' reason: Failed to perform, curl: (6) getaddrinfo() thread failed to start. See https://curl.se/libcurl/c/libcurl-errors.html first for more details.
Failed to get ticker '073010.KS' reason: Failed to perform, curl: (6) Could not resolve host: query2.finance.yahoo.com. See https://curl.se/libcurl/c/libcurl-errors.html first for more details.
Failed to get ticker '068930.KS' reason: Failed to perform, curl: (6) getaddrinfo() thread failed to start. See https://curl.se/libcurl/c/libcurl-errors.html first for more details.
Failed to get ticker '070300.KS' reason: Failed to perform, curl: (6) getaddrinfo() thread failed to start. See https://curl.se/libcurl/c/libcurl-errors.html first for more details.
Failed to get ticker '065440.KS' reason: Failed to perform, curl: (6) getaddrinfo() thread failed to start. See https://curl.se/libcurl/c/libcurl-errors.html first for more details.
$069517.KS: possibly delisted; no price data found  (period=3mo) (Yahoo error = "No data found, symbol may be delisted")

138 Failed downloads:
['065710.KS', '066570.KQ', '073565.KS', '066629.KS', '071280.KS', '065350.KS', '064520.KS', '072477.KS', '063570.KS', '072870.KS', '068270.KQ', '068760.KS', '072130.KQ', '069620.KQ', '069260.KQ', '071090.KQ', '072470.KS', '066679.KS', '071970.KQ', '070590.KS', '072990.KS', '066790.KS', '069735.KQ', '072950.KS', '066980.KS', '067770.KS', '066677.KS', '067990.KS', '069739.KQ', '066360.KS', '066910.KS', '068240.KS', '074600.KS', '071287.KS', '073540.KS', '064850.KS', '066590.KS', '065060.KS', '065500.KS', '065170.KS', '065650.KS', '069540.KS', '066675.KS', '071200.KS', '066130.KS', '064820.KS', '066310.KS', '069640.KQ', '068290.KQ', '065130.KS', '073640.KS', '075130.KS', '065770.KS', '063170.KS', '067630.KS', '066670.KS', '064480.KS', '064240.KS', '064960.KQ', '067160.KS', '067170.KS', '067010.KS', '065570.KS', '064290.KS', '073567.KS', '067285.KS', '072770.KS', '063760.KS', '068330.KS', '068050.KS', '065660.KS', '069960.KQ', '067289.KS', '069510.KS', '065450.KS', '064350.KQ', '071840.KQ', '071285.KS', '065530.KS', '069920.KS', '072479.KS', '066410.KS', '069410.KS', '069140.KS', '068790.KS', '063440.KS', '065680.KS', '064550.KS', '066700.KS', '069737.KQ', '071670.KS', '066900.KS', '067920.KS', '073569.KS', '065420.KS', '069080.KS', '066627.KS', '068100.KS', '069330.KS', '072710.KQ', '067290.KS', '067287.KS', '064800.KS', '067080.KS', '067280.KS', '070960.KQ', '068930.KS', '065440.KS', '070300.KS', '065950.KS', '064400.KQ', '072020.KS']: TypeError("'NoneType' object is not subscriptable")
['073490.KS', '067370.KS', '066625.KS', '067830.KQ', '069730.KQ', '071289.KS', '073560.KS', '065370.KS', '069460.KQ', '073570.KS', '065690.KS', '069519.KS', '064260.KS', '067390.KS', '074430.KS', '071950.KQ', '067000.KS', '065510.KS', '075180.KQ', '065150.KS', '068940.KS', '067570.KS', '073110.KS']: OperationalError('unable to open database file')
['069515.KS', '072475.KS', '069517.KS']: possibly delisted; no price data found  (period=3mo) (Yahoo error = "No data found, symbol may be delisted")
Error 200, reqId 48: No security definition has been found for the request, contract: Contract(conId=866451334, exchange='KRX')
Error 200, reqId 53: No security definition has been found for the request, contract: Contract(conId=839404010, exchange='KRX')
Error 200, reqId 116: No security definition has been found for the request, contract: Contract(conId=839403468, exchange='KRX')
