
===== 2026-06-30 18:30 (desk) =====
=== ANTI-BOOK PERFORMANCE  (2026-06-30, 0 new baselines) ===
  26 calls | 11 directional | hit-rate 36% (hi-conv 29%) | avg signed -0.4% | avg vs SPY -0.4%
  ticker    dir          P      base        px    ret  signed  vsSPY
  S         BULLISH    63%     16.73     16.97   +1.4    +1.4   +0.7
  FOUR      BULLISH    62%     48.23     48.64   +0.9    +0.9   +0.1
  INSP      BEARISH    22%     44.93     44.61   -0.7    +0.7   -1.5
  BODI      BEARISH    33%     10.25     10.22   -0.3    +0.3   -1.1
  SSRM      BULLISH    97%     28.38     28.28   -0.4    -0.4   -1.1
  HUBS      BULLISH    70%    184.47    182.51   -1.1    -1.1   -1.8
  MNDY      BULLISH    60%      73.6     72.39   -1.6    -1.6   -2.4
  PATH      BEARISH    22%     10.68     10.87   +1.8    -1.8   +1.0
  CPRI      BULLISH    57%      19.0     18.57   -2.3    -2.3   -3.0
  BRBY.L    BULLISH    63%    1095.0    1095.0   +0.0    +0.0   -0.8
  TBCG.L    LONG       60%    4460.0    4460.0   +0.0    +0.0   -0.8
  BAH       NEUTRAL    37%     62.03     60.67   -2.2       –   -3.0
  COSMECCA  WAIT       56%     66500     74500  +12.0       –  +12.0
  TPB       NEUTRAL    45%     84.56     84.81   +0.3       –   -0.5
  WEN       NEUTRAL    45%      8.26      8.29   +0.4       –   -0.4
  CRM       NEUTRAL    67%    157.93    156.66   -0.8       –   -1.6
  TTD       NEUTRAL    55%     18.65     18.08   -3.1       –   -3.8
  GAP       NEUTRAL    42%     18.73     18.68   -0.3       –   -1.0
  INTU      NEUTRAL    46%     266.4     261.0   -2.0       –   -2.8
  RH        NEUTRAL    45%     163.2    164.73   +0.9       –   +0.2
  EOLS      NEUTRAL    80%      7.13      6.94   -2.7       –   -3.4
  WING      NEUTRAL    42%    165.47    173.41   +4.8       –   +4.0
  KER.PA    NEUTRAL    20%    265.65    265.65   +0.0       –   -0.8
  GO        NEUTRAL    32%      9.72      9.98   +2.7       –   +1.9
  RBLX      NEUTRAL    35%     54.34     54.38   +0.1       –   -0.7
  LULU      NEUTRAL    43%    114.29    114.18   -0.1       –   -0.9

/Users/ajay/Library/Python/3.9/lib/python/site-packages/urllib3/__init__.py:35: NotOpenSSLWarning: urllib3 v2 only supports OpenSSL 1.1.1+, currently the 'ssl' module is compiled with 'LibreSSL 2.8.3'. See: https://github.com/urllib3/urllib3/issues/3020
  warnings.warn(

===== 2026-07-01 18:30 (desk) =====
=== ANTI-BOOK PERFORMANCE  (2026-07-01, 0 new baselines) ===
  26 calls | 11 directional | hit-rate 55% (hi-conv 71%) | avg signed 0.0% | avg vs SPY 1.2%
  ticker    dir          P      base        px    ret  signed  vsSPY
  S         BULLISH    63%     16.73     17.59   +5.1    +5.1   +4.5
  MNDY      BULLISH    60%      73.6     76.26   +3.6    +3.6   +3.0
  FOUR      BULLISH    62%     48.23      49.2   +2.0    +2.0   +1.4
  HUBS      BULLISH    70%    184.47    187.72   +1.8    +1.8   +1.1
  SSRM      BULLISH    97%     28.38     28.83   +1.6    +1.6   +0.9
  BODI      BEARISH    33%     10.25     10.11   -1.4    +1.4   -2.0
  TBCG.L    LONG       60%    4460.0    4432.0   -0.6    -0.6   -1.3
  INSP      BEARISH    22%     44.93     45.46   +1.2    -1.2   +0.5
  CPRI      BULLISH    57%      19.0     18.54   -2.4    -2.4   -3.1
  BRBY.L    BULLISH    63%    1095.0    1062.0   -3.0    -3.0   -3.7
  PATH      BEARISH    22%     10.68     11.55   +8.1    -8.1   +7.5
  BAH       NEUTRAL    37%     62.03     60.01   -3.3       –   -3.9
  COSMECCA  WAIT       56%     66500     74500  +12.0       –  +12.2
  TPB       NEUTRAL    45%     84.56     87.37   +3.3       –   +2.7
  WEN       NEUTRAL    45%      8.26      8.94   +8.2       –   +7.6
  CRM       NEUTRAL    67%    157.93    163.23   +3.4       –   +2.7
  TTD       NEUTRAL    55%     18.65     19.15   +2.7       –   +2.0
  GAP       NEUTRAL    42%     18.73     18.82   +0.5       –   -0.2
  INTU      NEUTRAL    46%     266.4    267.08   +0.3       –   -0.4
  RH        NEUTRAL    45%     163.2    164.05   +0.5       –   -0.1
  EOLS      NEUTRAL    80%      7.13      6.74   -5.5       –   -6.1
  WING      NEUTRAL    42%    165.47    174.97   +5.7       –   +5.1
  KER.PA    NEUTRAL    20%    265.65    245.75   -7.5       –   -8.1
  GO        NEUTRAL    32%      9.72      9.98   +2.7       –   +2.0
  RBLX      NEUTRAL    35%     54.34     57.95   +6.6       –   +6.0
  LULU      NEUTRAL    43%    114.29     116.4   +1.8       –   +1.2

/Users/ajay/Library/Python/3.9/lib/python/site-packages/urllib3/__init__.py:35: NotOpenSSLWarning: urllib3 v2 only supports OpenSSL 1.1.1+, currently the 'ssl' module is compiled with 'LibreSSL 2.8.3'. See: https://github.com/urllib3/urllib3/issues/3020
  warnings.warn(

===== 2026-07-02 18:30 (desk) =====
=== ANTI-BOOK PERFORMANCE  (2026-07-02, 11 new baselines) ===
  37 calls | 16 directional | hit-rate 38% (hi-conv 55%) | avg signed 0.7% | avg vs SPY 2.3%
  ticker    dir          P      base        px    ret  signed  vsSPY
  MNDY      BULLISH    60%      73.6     79.77   +8.4    +8.4   +7.9
  SSRM      BULLISH    97%     28.38     30.62   +7.9    +7.9   +7.4
  FOUR      BULLISH    62%     48.23     51.35   +6.5    +6.5   +6.0
  S         BULLISH    63%     16.73     17.51   +4.7    +4.7   +4.2
  HUBS      BULLISH    70%    184.47    192.12   +4.1    +4.1   +3.6
  TBCG.L    LONG       60%    4460.0    4552.0   +2.1    +2.1   +1.6
  CPRI      BULLISH    57%      19.0     18.96   -0.2    -0.2   -0.7
  BRBY.L    BULLISH    63%    1095.0    1057.0   -3.5    -3.5   -4.0
  INSP      BEARISH    22%     44.93     46.95   +4.5    -4.5   +4.0
  BODI      BEARISH    33%     10.25     10.79   +5.3    -5.3   +4.8
  PATH      BEARISH    22%     10.68     11.71   +9.6    -9.6   +9.1
  FUTU      BULLISH    60%     95.04     95.04   +0.0    +0.0   +0.0
  PODD      BULLISH    70%    164.48    164.48   +0.0    +0.0   +0.0
  BBD       BULLISH    55%      3.45      3.45   +0.0    +0.0   +0.0
  DFIN      BULLISH    65%     46.21     46.21   +0.0    +0.0   +0.0
  EG        BULLISH    65%    371.35    371.35   +0.0    +0.0   +0.0
  BAH       NEUTRAL    37%     62.03     62.45   +0.7       –   +0.2
  COSMECCA  WAIT       56%     66500     74500  +12.0       –  +12.3
  TPB       NEUTRAL    45%     84.56     85.94   +1.6       –   +1.1
  WEN       NEUTRAL    45%      8.26       8.6   +4.1       –   +3.6
  CRM       NEUTRAL    67%    157.93    166.11   +5.2       –   +4.7
  TTD       NEUTRAL    55%     18.65      19.1   +2.4       –   +1.9
  GAP       NEUTRAL    42%     18.73     19.25   +2.8       –   +2.3
  INTU      NEUTRAL    46%     266.4    275.35   +3.4       –   +2.8
  RH        NEUTRAL    45%     163.2    169.08   +3.6       –   +3.1
  EOLS      NEUTRAL    80%      7.13       6.9   -3.2       –   -3.7
  WING      NEUTRAL    42%    165.47    177.99   +7.6       –   +7.1
  KER.PA    NEUTRAL    20%    265.65    252.55   -4.9       –   -5.4
  GO        NEUTRAL    32%      9.72     10.39   +6.9       –   +6.4
  RBLX      NEUTRAL    35%     54.34     55.41   +2.0       –   +1.5
  LULU      NEUTRAL    43%    114.29    118.43   +3.6       –   +3.1
  MMS       NEUTRAL    40%     55.75     55.75   +0.0       –   +0.0
  MRVI      NEUTRAL    45%      6.04      6.04   +0.0       –   +0.0
  GTM       NEUTRAL    11%      2.99      2.99   +0.0       –   +0.0
  FCT.MI    NEUTRAL    70%      9.95      9.95   +0.0       –   +0.0
  GCT       NEUTRAL    55%     33.21     33.21   +0.0       –   +0.0
  8750.T    NEUTRAL    65%    1830.5    1830.5   +0.0       –   +0.0

/Users/ajay/Library/Python/3.9/lib/python/site-packages/urllib3/__init__.py:35: NotOpenSSLWarning: urllib3 v2 only supports OpenSSL 1.1.1+, currently the 'ssl' module is compiled with 'LibreSSL 2.8.3'. See: https://github.com/urllib3/urllib3/issues/3020
  warnings.warn(
$IVN: possibly delisted; no price data found  (period=5d)

1 Failed download:
['IVN']: possibly delisted; no price data found  (period=5d)

===== 2026-07-03 18:30 (desk) =====
=== ANTI-BOOK PERFORMANCE  (2026-07-03, 0 new baselines) ===
  37 calls | 16 directional | hit-rate 38% (hi-conv 55%) | avg signed 0.9% | avg vs SPY 2.6%
  ticker    dir          P      base        px    ret  signed  vsSPY
  MNDY      BULLISH    60%      73.6     79.77   +8.4    +8.4   +7.9
  SSRM      BULLISH    97%     28.38     30.62   +7.9    +7.9   +7.4
  FOUR      BULLISH    62%     48.23     51.35   +6.5    +6.5   +6.0
  S         BULLISH    63%     16.73     17.51   +4.7    +4.7   +4.2
  HUBS      BULLISH    70%    184.47    192.12   +4.1    +4.1   +3.6
  TBCG.L    LONG       60%    4460.0    4644.0   +4.1    +4.1   +3.6
  CPRI      BULLISH    57%      19.0     18.96   -0.2    -0.2   -0.7
  BRBY.L    BULLISH    63%    1095.0    1070.0   -2.3    -2.3   -2.8
  INSP      BEARISH    22%     44.93     46.95   +4.5    -4.5   +4.0
  BODI      BEARISH    33%     10.25     10.79   +5.3    -5.3   +4.8
  PATH      BEARISH    22%     10.68     11.71   +9.6    -9.6   +9.1
  FUTU      BULLISH    60%     95.04     95.04   +0.0    +0.0   +0.0
  PODD      BULLISH    70%    164.48    164.48   +0.0    +0.0   +0.0
  BBD       BULLISH    55%      3.45      3.45   +0.0    +0.0   +0.0
  DFIN      BULLISH    65%     46.21     46.21   +0.0    +0.0   +0.0
  EG        BULLISH    65%    371.35    371.35   +0.0    +0.0   +0.0
  BAH       NEUTRAL    37%     62.03     62.45   +0.7       –   +0.2
  COSMECCA  WAIT       56%     66500     74500  +12.0       –  +12.3
  TPB       NEUTRAL    45%     84.56     85.94   +1.6       –   +1.1
  WEN       NEUTRAL    45%      8.26       8.6   +4.1       –   +3.6
  CRM       NEUTRAL    67%    157.93    166.11   +5.2       –   +4.7
  TTD       NEUTRAL    55%     18.65      19.1   +2.4       –   +1.9
  GAP       NEUTRAL    42%     18.73     19.25   +2.8       –   +2.3
  INTU      NEUTRAL    46%     266.4    275.35   +3.4       –   +2.8
  RH        NEUTRAL    45%     163.2    169.08   +3.6       –   +3.1
  EOLS      NEUTRAL    80%      7.13       6.9   -3.2       –   -3.7
  WING      NEUTRAL    42%    165.47    177.99   +7.6       –   +7.1
  KER.PA    NEUTRAL    20%    265.65    248.45   -6.5       –   -7.0
  GO        NEUTRAL    32%      9.72     10.39   +6.9       –   +6.4
  RBLX      NEUTRAL    35%     54.34     55.41   +2.0       –   +1.5
  LULU      NEUTRAL    43%    114.29    118.43   +3.6       –   +3.1
  MMS       NEUTRAL    40%     55.75     55.75   +0.0       –   +0.0
  MRVI      NEUTRAL    45%      6.04      6.04   +0.0       –   +0.0
  GTM       NEUTRAL    11%      2.99      2.99   +0.0       –   +0.0
  FCT.MI    NEUTRAL    70%      9.95      10.9   +9.5       –   +9.5
  GCT       NEUTRAL    55%     33.21     33.21   +0.0       –   +0.0
  8750.T    NEUTRAL    65%    1830.5    1843.0   +0.7       –   +0.7

/Users/ajay/Library/Python/3.9/lib/python/site-packages/urllib3/__init__.py:35: NotOpenSSLWarning: urllib3 v2 only supports OpenSSL 1.1.1+, currently the 'ssl' module is compiled with 'LibreSSL 2.8.3'. See: https://github.com/urllib3/urllib3/issues/3020
  warnings.warn(
$IVN: possibly delisted; no price data found  (period=5d)

1 Failed download:
['IVN']: possibly delisted; no price data found  (period=5d)

===== 2026-07-06 00:45 (desk) =====
=== ANTI-BOOK PERFORMANCE  (2026-07-06, 0 new baselines) ===
  37 calls | 16 directional | hit-rate 38% (hi-conv 55%) | avg signed 1.0% | avg vs SPY 3.1%
  ticker    dir          P      base        px    ret  signed  vsSPY
  MNDY      BULLISH    60%      73.6     79.77   +8.4    +8.4   +7.9
  SSRM      BULLISH    97%     28.38     30.62   +7.9    +7.9   +7.4
  FOUR      BULLISH    62%     48.23     51.35   +6.5    +6.5   +6.0
  S         BULLISH    63%     16.73     17.51   +4.7    +4.7   +4.2
  HUBS      BULLISH    70%    184.47    192.12   +4.1    +4.1   +3.6
  TBCG.L    LONG       60%    4460.0    4606.0   +3.3    +3.3   +2.8
  CPRI      BULLISH    57%      19.0     18.96   -0.2    -0.2   -0.7
  INSP      BEARISH    22%     44.93     46.95   +4.5    -4.5   +4.0
  BODI      BEARISH    33%     10.25     10.79   +5.3    -5.3   +4.8
  PATH      BEARISH    22%     10.68     11.71   +9.6    -9.6   +9.1
  BRBY.L    BULLISH    63%    1095.0    1095.0   +0.0    +0.0   -0.5
  FUTU      BULLISH    60%     95.04     95.04   +0.0    +0.0   +0.0
  PODD      BULLISH    70%    164.48    164.48   +0.0    +0.0   +0.0
  BBD       BULLISH    55%      3.45      3.45   +0.0    +0.0   +0.0
  DFIN      BULLISH    65%     46.21     46.21   +0.0    +0.0   +0.0
  EG        BULLISH    65%    371.35    371.35   +0.0    +0.0   +0.0
  BAH       NEUTRAL    37%     62.03     62.45   +0.7       –   +0.2
  COSMECCA  WAIT       56%     66500     74500  +12.0       –  +12.3
  TPB       NEUTRAL    45%     84.56     85.94   +1.6       –   +1.1
  WEN       NEUTRAL    45%      8.26       8.6   +4.1       –   +3.6
  CRM       NEUTRAL    67%    157.93    166.11   +5.2       –   +4.7
  TTD       NEUTRAL    55%     18.65      19.1   +2.4       –   +1.9
  GAP       NEUTRAL    42%     18.73     19.25   +2.8       –   +2.3
  INTU      NEUTRAL    46%     266.4    275.35   +3.4       –   +2.8
  RH        NEUTRAL    45%     163.2    169.08   +3.6       –   +3.1
  EOLS      NEUTRAL    80%      7.13       6.9   -3.2       –   -3.7
  WING      NEUTRAL    42%    165.47    177.99   +7.6       –   +7.1
  KER.PA    NEUTRAL    20%    265.65    252.25   -5.0       –   -5.6
  GO        NEUTRAL    32%      9.72     10.39   +6.9       –   +6.4
  RBLX      NEUTRAL    35%     54.34     55.41   +2.0       –   +1.5
  LULU      NEUTRAL    43%    114.29    118.43   +3.6       –   +3.1
  MMS       NEUTRAL    40%     55.75     55.75   +0.0       –   +0.0
  MRVI      NEUTRAL    45%      6.04      6.04   +0.0       –   +0.0
  GTM       NEUTRAL    11%      2.99      2.99   +0.0       –   +0.0
  FCT.MI    NEUTRAL    70%      9.95    12.185  +22.5       –  +22.5
  GCT       NEUTRAL    55%     33.21     33.21   +0.0       –   +0.0
  8750.T    NEUTRAL    65%    1830.5    1875.5   +2.5       –   +2.5

/Users/ajay/Library/Python/3.9/lib/python/site-packages/urllib3/__init__.py:35: NotOpenSSLWarning: urllib3 v2 only supports OpenSSL 1.1.1+, currently the 'ssl' module is compiled with 'LibreSSL 2.8.3'. See: https://github.com/urllib3/urllib3/issues/3020
  warnings.warn(
$IVN: possibly delisted; no price data found  (period=5d)

1 Failed download:
['IVN']: possibly delisted; no price data found  (period=5d)

===== 2026-07-07 07:45 (desk) =====
=== ANTI-BOOK PERFORMANCE  (2026-07-07, 0 new baselines) ===
  37 calls | 16 directional | hit-rate 75% (hi-conv 91%) | avg signed 2.1% | avg vs SPY 3.4%
  ticker    dir          P      base        px    ret  signed  vsSPY
  MNDY      BULLISH    60%      73.6      84.5  +14.8   +14.8  +14.2
  HUBS      BULLISH    70%    184.47   203.045  +10.1   +10.1   +9.4
  FOUR      BULLISH    62%     48.23     51.76   +7.3    +7.3   +6.7
  S         BULLISH    63%     16.73      17.8   +6.4    +6.4   +5.7
  SSRM      BULLISH    97%     28.38    29.645   +4.5    +4.5   +3.8
  TBCG.L    LONG       60%    4460.0    4612.0   +3.4    +3.4   +2.8
  BODI      BEARISH    33%     10.25     9.995   -2.5    +2.5   -3.1
  BRBY.L    BULLISH    63%    1095.0    1117.5   +2.1    +2.1   +1.4
  EG        BULLISH    65%    371.35     378.6   +2.0    +2.0   +1.8
  FUTU      BULLISH    60%     95.04     96.06   +1.1    +1.1   +0.9
  BBD       BULLISH    55%      3.45     3.475   +0.7    +0.7   +0.6
  DFIN      BULLISH    65%     46.21     46.54   +0.7    +0.7   +0.6
  CPRI      BULLISH    57%      19.0    18.965   -0.2    -0.2   -0.8
  PODD      BULLISH    70%    164.48   161.655   -1.7    -1.7   -1.9
  INSP      BEARISH    22%     44.93     49.28   +9.7    -9.7   +9.0
  PATH      BEARISH    22%     10.68    11.779  +10.3   -10.3   +9.6
  BAH       NEUTRAL    37%     62.03    62.995   +1.6       –   +0.9
  COSMECCA  WAIT       56%     66500     74500  +12.0       –  +12.2
  TPB       NEUTRAL    45%     84.56    85.771   +1.4       –   +0.8
  WEN       NEUTRAL    45%      8.26     7.925   -4.1       –   -4.7
  CRM       NEUTRAL    67%    157.93    170.54   +8.0       –   +7.3
  TTD       NEUTRAL    55%     18.65     19.46   +4.3       –   +3.7
  GAP       NEUTRAL    42%     18.73     19.27   +2.9       –   +2.2
  INTU      NEUTRAL    46%     266.4    282.12   +5.9       –   +5.2
  RH        NEUTRAL    45%     163.2    164.35   +0.7       –   +0.1
  EOLS      NEUTRAL    80%      7.13     6.905   -3.2       –   -3.8
  WING      NEUTRAL    42%    165.47    172.69   +4.4       –   +3.7
  KER.PA    NEUTRAL    20%    265.65    254.15   -4.3       –   -5.0
  GO        NEUTRAL    32%      9.72    10.465   +7.7       –   +7.0
  RBLX      NEUTRAL    35%     54.34    56.815   +4.6       –   +3.9
  LULU      NEUTRAL    43%    114.29    116.26   +1.7       –   +1.1
  MMS       NEUTRAL    40%     55.75     57.06   +2.3       –   +2.2
  MRVI      NEUTRAL    45%      6.04      5.76   -4.6       –   -4.8
  GTM       NEUTRAL    11%      2.99      3.01   +0.7       –   +0.5
  FCT.MI    NEUTRAL    70%      9.95     12.76  +28.2       –  +28.1
  GCT       NEUTRAL    55%     33.21     33.76   +1.7       –   +1.5
  8750.T    NEUTRAL    65%    1830.5    1859.5   +1.6       –   +1.4

/Users/ajay/Library/Python/3.9/lib/python/site-packages/urllib3/__init__.py:35: NotOpenSSLWarning: urllib3 v2 only supports OpenSSL 1.1.1+, currently the 'ssl' module is compiled with 'LibreSSL 2.8.3'. See: https://github.com/urllib3/urllib3/issues/3020
  warnings.warn(
$IVN: possibly delisted; no price data found  (period=5d)

1 Failed download:
['IVN']: possibly delisted; no price data found  (period=5d)

===== 2026-07-08 08:43 (desk) =====
=== ANTI-BOOK PERFORMANCE  (2026-07-08, 0 new baselines) ===
  37 calls | 16 directional | hit-rate 31% (hi-conv 45%) | avg signed -0.9% | avg vs SPY 0.7%
  ticker    dir          P      base        px    ret  signed  vsSPY
  MNDY      BULLISH    60%      73.6     81.31  +10.5   +10.5  +10.5
  HUBS      BULLISH    70%    184.47    195.38   +5.9    +5.9   +6.0
  S         BULLISH    63%     16.73    17.575   +5.1    +5.1   +5.1
  TBCG.L    LONG       60%    4460.0    4564.0   +2.3    +2.3   +2.4
  EG        BULLISH    65%    371.35     375.7   +1.2    +1.2   +1.7
  FUTU      BULLISH    60%     95.04      94.9   -0.1    -0.1   +0.4
  BODI      BEARISH    33%     10.25     10.41   +1.6    -1.6   +1.6
  FOUR      BULLISH    62%     48.23     47.43   -1.7    -1.7   -1.6
  BBD       BULLISH    55%      3.45     3.392   -1.7    -1.7   -1.1
  PODD      BULLISH    70%    164.48    158.81   -3.4    -3.4   -2.9
  SSRM      BULLISH    97%     28.38     27.37   -3.6    -3.6   -3.5
  BRBY.L    BULLISH    63%    1095.0    1050.0   -4.1    -4.1   -4.1
  DFIN      BULLISH    65%     46.21    43.945   -4.9    -4.9   -4.4
  CPRI      BULLISH    57%      19.0    17.885   -5.9    -5.9   -5.8
  INSP      BEARISH    22%     44.93     47.57   +5.9    -5.9   +5.9
  PATH      BEARISH    22%     10.68     11.32   +6.0    -6.0   +6.0
  BAH       NEUTRAL    37%     62.03     62.69   +1.1       –   +1.1
  COSMECCA  WAIT       56%     66500     74500  +12.0       –  +12.8
  TPB       NEUTRAL    45%     84.56    88.595   +4.8       –   +4.8
  WEN       NEUTRAL    45%      8.26    7.3899  -10.5       –  -10.5
  CRM       NEUTRAL    67%    157.93    165.62   +4.9       –   +4.9
  TTD       NEUTRAL    55%     18.65   18.9214   +1.5       –   +1.5
  GAP       NEUTRAL    42%     18.73      18.4   -1.8       –   -1.7
  INTU      NEUTRAL    46%     266.4    271.09   +1.8       –   +1.8
  RH        NEUTRAL    45%     163.2   154.845   -5.1       –   -5.1
  EOLS      NEUTRAL    80%      7.13      6.89   -3.4       –   -3.3
  WING      NEUTRAL    42%    165.47    153.82   -7.0       –   -7.0
  KER.PA    NEUTRAL    20%    265.65    239.05  -10.0       –  -10.0
  GO        NEUTRAL    32%      9.72     10.15   +4.4       –   +4.5
  RBLX      NEUTRAL    35%     54.34    53.875   -0.9       –   -0.8
  LULU      NEUTRAL    43%    114.29    111.86   -2.1       –   -2.1
  MMS       NEUTRAL    40%     55.75     57.07   +2.4       –   +2.9
  MRVI      NEUTRAL    45%      6.04     5.705   -5.5       –   -5.0
  GTM       NEUTRAL    11%      2.99     2.895   -3.2       –   -2.6
  FCT.MI    NEUTRAL    70%      9.95     12.06  +21.2       –  +21.8
  GCT       NEUTRAL    55%     33.21     32.87   -1.0       –   -0.5
  8750.T    NEUTRAL    65%    1830.5    1859.5   +1.6       –   +2.1

/Users/ajay/Library/Python/3.9/lib/python/site-packages/urllib3/__init__.py:35: NotOpenSSLWarning: urllib3 v2 only supports OpenSSL 1.1.1+, currently the 'ssl' module is compiled with 'LibreSSL 2.8.3'. See: https://github.com/urllib3/urllib3/issues/3020
  warnings.warn(
$IVN: possibly delisted; no price data found  (period=5d)

1 Failed download:
['IVN']: possibly delisted; no price data found  (period=5d)

===== 2026-07-09 09:45 (desk) =====
=== ANTI-BOOK PERFORMANCE  (2026-07-09, 0 new baselines) ===
  37 calls | 16 directional | hit-rate 50% (hi-conv 64%) | avg signed -0.1% | avg vs SPY 1.5%
  ticker    dir          P      base        px    ret  signed  vsSPY
  MNDY      BULLISH    60%      73.6    82.535  +12.1   +12.1  +10.8
  HUBS      BULLISH    70%    184.47   203.975  +10.6   +10.6   +9.3
  S         BULLISH    63%     16.73    18.455  +10.3   +10.3   +9.0
  TBCG.L    LONG       60%    4460.0    4640.0   +4.0    +4.0   +2.7
  SSRM      BULLISH    97%     28.38    29.295   +3.2    +3.2   +1.9
  FUTU      BULLISH    60%     95.04    96.945   +2.0    +2.0   +1.2
  FOUR      BULLISH    62%     48.23   48.7675   +1.1    +1.1   -0.2
  BBD       BULLISH    55%      3.45     3.475   +0.7    +0.7   -0.1
  BRBY.L    BULLISH    63%    1095.0    1075.5   -1.8    -1.8   -3.1
  CPRI      BULLISH    57%      19.0     18.35   -3.4    -3.4   -4.7
  PODD      BULLISH    70%    164.48    156.76   -4.7    -4.7   -5.5
  DFIN      BULLISH    65%     46.21    43.895   -5.0    -5.0   -5.8
  BODI      BEARISH    33%     10.25     11.07   +8.0    -8.0   +6.7
  PATH      BEARISH    22%     10.68      11.8  +10.5   -10.5   +9.2
  INSP      BEARISH    22%     44.93    50.095  +11.5   -11.5  +10.2
  EG        BULLISH    65%    371.35    371.23   -0.0    -0.0   -0.8
  BAH       NEUTRAL    37%     62.03     61.89   -0.2       –   -1.5
  COSMECCA  WAIT       56%     66500     74500  +12.0       –  +11.5
  TPB       NEUTRAL    45%     84.56     87.85   +3.9       –   +2.6
  WEN       NEUTRAL    45%      8.26     7.505   -9.1       –  -10.4
  CRM       NEUTRAL    67%    157.93    163.29   +3.4       –   +2.1
  TTD       NEUTRAL    55%     18.65    19.615   +5.2       –   +3.9
  GAP       NEUTRAL    42%     18.73     19.03   +1.6       –   +0.3
  INTU      NEUTRAL    46%     266.4   273.145   +2.5       –   +1.2
  RH        NEUTRAL    45%     163.2     169.0   +3.6       –   +2.2
  EOLS      NEUTRAL    80%      7.13     6.805   -4.6       –   -5.9
  WING      NEUTRAL    42%    165.47    160.95   -2.7       –   -4.0
  KER.PA    NEUTRAL    20%    265.65     245.8   -7.5       –   -8.8
  GO        NEUTRAL    32%      9.72    10.235   +5.3       –   +4.0
  RBLX      NEUTRAL    35%     54.34     55.73   +2.6       –   +1.2
  LULU      NEUTRAL    43%    114.29  116.0651   +1.6       –   +0.2
  MMS       NEUTRAL    40%     55.75     56.28   +1.0       –   +0.2
  MRVI      NEUTRAL    45%      6.04     5.955   -1.4       –   -2.2
  GTM       NEUTRAL    11%      2.99      2.93   -2.0       –   -2.8
  FCT.MI    NEUTRAL    70%      9.95     11.68  +17.4       –  +16.6
  GCT       NEUTRAL    55%     33.21     34.74   +4.6       –   +3.8
  8750.T    NEUTRAL    65%    1830.5    1864.0   +1.8       –   +1.0

/Users/ajay/Library/Python/3.9/lib/python/site-packages/urllib3/__init__.py:35: NotOpenSSLWarning: urllib3 v2 only supports OpenSSL 1.1.1+, currently the 'ssl' module is compiled with 'LibreSSL 2.8.3'. See: https://github.com/urllib3/urllib3/issues/3020
  warnings.warn(
$IVN: possibly delisted; no price data found  (period=5d)

1 Failed download:
['IVN']: possibly delisted; no price data found  (period=5d)

===== 2026-07-10 10:47 (desk) =====
=== ANTI-BOOK PERFORMANCE  (2026-07-10, 0 new baselines) ===
  37 calls | 16 directional | hit-rate 50% (hi-conv 64%) | avg signed 0.0% | avg vs SPY 1.0%
  ticker    dir          P      base        px    ret  signed  vsSPY
  MNDY      BULLISH    60%      73.6     82.06  +11.5   +11.5   +9.7
  HUBS      BULLISH    70%    184.47     202.5   +9.8    +9.8   +8.0
  S         BULLISH    63%     16.73    17.835   +6.6    +6.6   +4.8
  BBD       BULLISH    55%      3.45     3.645   +5.7    +5.7   +4.4
  TBCG.L    LONG       60%    4460.0    4662.0   +4.5    +4.5   +2.7
  FOUR      BULLISH    62%     48.23     50.02   +3.7    +3.7   +1.9
  FUTU      BULLISH    60%     95.04      96.6   +1.6    +1.6   +0.4
  SSRM      BULLISH    97%     28.38     28.77   +1.4    +1.4   -0.4
  EG        BULLISH    65%    371.35   369.715   -0.4    -0.4   -1.7
  BRBY.L    BULLISH    63%    1095.0    1069.5   -2.3    -2.3   -4.1
  PODD      BULLISH    70%    164.48    160.48   -2.4    -2.4   -3.7
  DFIN      BULLISH    65%     46.21      44.9   -2.8    -2.8   -4.1
  CPRI      BULLISH    57%      19.0    18.105   -4.7    -4.7   -6.5
  PATH      BEARISH    22%     10.68   11.5734   +8.4    -8.4   +6.6
  BODI      BEARISH    33%     10.25   11.1501   +8.8    -8.8   +7.0
  INSP      BEARISH    22%     44.93     51.64  +14.9   -14.9  +13.1
  BAH       NEUTRAL    37%     62.03     62.63   +1.0       –   -0.8
  COSMECCA  WAIT       56%     66500     74500  +12.0       –  +11.0
  TPB       NEUTRAL    45%     84.56     87.44   +3.4       –   +1.6
  WEN       NEUTRAL    45%      8.26     7.645   -7.4       –   -9.2
  CRM       NEUTRAL    67%    157.93   162.675   +3.0       –   +1.2
  TTD       NEUTRAL    55%     18.65     19.53   +4.7       –   +2.9
  GAP       NEUTRAL    42%     18.73    19.295   +3.0       –   +1.2
  INTU      NEUTRAL    46%     266.4    272.55   +2.3       –   +0.5
  RH        NEUTRAL    45%     163.2   166.685   +2.1       –   +0.3
  EOLS      NEUTRAL    80%      7.13      6.51   -8.7       –  -10.5
  WING      NEUTRAL    42%    165.47    156.59   -5.4       –   -7.2
  KER.PA    NEUTRAL    20%    265.65     248.5   -6.5       –   -8.3
  GO        NEUTRAL    32%      9.72    10.255   +5.5       –   +3.7
  RBLX      NEUTRAL    35%     54.34     55.32   +1.8       –   +0.0
  LULU      NEUTRAL    43%    114.29    119.81   +4.8       –   +3.0
  MMS       NEUTRAL    40%     55.75     56.64   +1.6       –   +0.3
  MRVI      NEUTRAL    45%      6.04     5.885   -2.6       –   -3.8
  GTM       NEUTRAL    11%      2.99    2.8311   -5.3       –   -6.6
  FCT.MI    NEUTRAL    70%      9.95    11.575  +16.3       –  +15.1
  GCT       NEUTRAL    55%     33.21     34.81   +4.8       –   +3.5
  8750.T    NEUTRAL    65%    1830.5    1877.0   +2.5       –   +1.3

/Users/ajay/Library/Python/3.9/lib/python/site-packages/urllib3/__init__.py:35: NotOpenSSLWarning: urllib3 v2 only supports OpenSSL 1.1.1+, currently the 'ssl' module is compiled with 'LibreSSL 2.8.3'. See: https://github.com/urllib3/urllib3/issues/3020
  warnings.warn(
$IVN: possibly delisted; no price data found  (period=5d)

1 Failed download:
['IVN']: possibly delisted; no price data found  (period=5d)

===== 2026-07-13 00:40 (desk) =====
=== ANTI-BOOK PERFORMANCE  (2026-07-13, 1 new baselines) ===
  38 calls | 16 directional | hit-rate 50% (hi-conv 64%) | avg signed 0.1% | avg vs SPY 1.0%
  ticker    dir          P      base        px    ret  signed  vsSPY
  HUBS      BULLISH    70%    184.47    207.48  +12.5   +12.5  +10.6
  MNDY      BULLISH    60%      73.6     82.47  +12.1   +12.1  +10.2
  S         BULLISH    63%     16.73     17.88   +6.9    +6.9   +5.0
  BBD       BULLISH    55%      3.45      3.65   +5.8    +5.8   +4.4
  FOUR      BULLISH    62%     48.23     50.81   +5.3    +5.3   +3.5
  TBCG.L    LONG       60%    4460.0    4626.0   +3.7    +3.7   +1.8
  FUTU      BULLISH    60%     95.04     96.33   +1.4    +1.4   -0.0
  SSRM      BULLISH    97%     28.38     28.58   +0.7    +0.7   -1.2
  EG        BULLISH    65%    371.35    370.58   -0.2    -0.2   -1.6
  PODD      BULLISH    70%    164.48    161.28   -1.9    -1.9   -3.3
  BRBY.L    BULLISH    63%    1095.0    1065.5   -2.7    -2.7   -4.6
  DFIN      BULLISH    65%     46.21     44.66   -3.4    -3.4   -4.7
  CPRI      BULLISH    57%      19.0     18.04   -5.1    -5.1   -6.9
  BODI      BEARISH    33%     10.25     11.16   +8.9    -8.9   +7.0
  PATH      BEARISH    22%     10.68     11.68   +9.4    -9.4   +7.5
  INSP      BEARISH    22%     44.93     51.76  +15.2   -15.2  +13.3
  CVLT      NEUTRAL    42%    150.57    150.57   +0.0       –   +0.0
  BAH       NEUTRAL    37%     62.03     62.76   +1.2       –   -0.7
  COSMECCA  WAIT       56%     66500     74500  +12.0       –  +10.9
  TPB       NEUTRAL    45%     84.56     87.65   +3.7       –   +1.8
  WEN       NEUTRAL    45%      8.26      7.55   -8.6       –  -10.5
  CRM       NEUTRAL    67%    157.93    163.32   +3.4       –   +1.5
  TTD       NEUTRAL    55%     18.65     19.53   +4.7       –   +2.8
  GAP       NEUTRAL    42%     18.73     19.46   +3.9       –   +2.0
  INTU      NEUTRAL    46%     266.4    274.96   +3.2       –   +1.3
  RH        NEUTRAL    45%     163.2    165.35   +1.3       –   -0.6
  EOLS      NEUTRAL    80%      7.13      6.61   -7.3       –   -9.2
  WING      NEUTRAL    42%    165.47    153.29   -7.4       –   -9.2
  KER.PA    NEUTRAL    20%    265.65     248.5   -6.5       –   -8.3
  GO        NEUTRAL    32%      9.72      9.98   +2.7       –   +0.8
  RBLX      NEUTRAL    35%     54.34     55.35   +1.9       –   -0.0
  LULU      NEUTRAL    43%    114.29    119.26   +4.3       –   +2.5
  MMS       NEUTRAL    40%     55.75     56.63   +1.6       –   +0.2
  MRVI      NEUTRAL    45%      6.04      6.09   +0.8       –   -0.5
  GTM       NEUTRAL    11%      2.99      2.92   -2.3       –   -3.7
  FCT.MI    NEUTRAL    70%      9.95     11.57  +16.3       –  +14.9
  GCT       NEUTRAL    55%     33.21     34.41   +3.6       –   +2.2
  8750.T    NEUTRAL    65%    1830.5    1828.0   -0.1       –   -1.5

/Users/ajay/Library/Python/3.9/lib/python/site-packages/urllib3/__init__.py:35: NotOpenSSLWarning: urllib3 v2 only supports OpenSSL 1.1.1+, currently the 'ssl' module is compiled with 'LibreSSL 2.8.3'. See: https://github.com/urllib3/urllib3/issues/3020
  warnings.warn(
$IVN: possibly delisted; no price data found  (period=5d)
HTTP Error 404: {"quoteSummary":{"result":null,"error":{"code":"Not Found","description":"Quote not found for symbol: CVLT-RAISE"}}}
$CVLT-RAISE: possibly delisted; no price data found  (period=5d) (Yahoo error = "No data found, symbol may be delisted")

2 Failed downloads:
['IVN']: possibly delisted; no price data found  (period=5d)
['CVLT-RAISE']: possibly delisted; no price data found  (period=5d) (Yahoo error = "No data found, symbol may be delisted")

===== 2026-07-14 01:38 (desk) =====
=== ANTI-BOOK PERFORMANCE  (2026-07-14, 0 new baselines) ===
  38 calls | 16 directional | hit-rate 50% (hi-conv 64%) | avg signed 0.5% | avg vs SPY 2.5%
  ticker    dir          P      base        px    ret  signed  vsSPY
  HUBS      BULLISH    70%    184.47    217.59  +18.0   +18.0  +16.9
  MNDY      BULLISH    60%      73.6     86.84  +18.0   +18.0  +16.9
  S         BULLISH    63%     16.73     18.55  +10.9   +10.9   +9.8
  BBD       BULLISH    55%      3.45      3.61   +4.6    +4.6   +4.0
  TBCG.L    LONG       60%    4460.0    4566.0   +2.4    +2.4   +1.3
  FOUR      BULLISH    62%     48.23     49.23   +2.1    +2.1   +1.0
  EG        BULLISH    65%    371.35    377.89   +1.8    +1.8   +1.2
  FUTU      BULLISH    60%     95.04     96.35   +1.4    +1.4   +0.8
  PODD      BULLISH    70%    164.48    162.06   -1.5    -1.5   -2.1
  SSRM      BULLISH    97%     28.38     27.89   -1.7    -1.7   -2.8
  DFIN      BULLISH    65%     46.21     45.25   -2.1    -2.1   -2.7
  BRBY.L    BULLISH    63%    1095.0    1057.5   -3.4    -3.4   -4.5
  CPRI      BULLISH    57%      19.0     17.47   -8.1    -8.1   -9.2
  BODI      BEARISH    33%     10.25    11.165   +8.9    -8.9   +7.8
  PATH      BEARISH    22%     10.68     11.85  +11.0   -11.0   +9.9
  INSP      BEARISH    22%     44.93     51.36  +14.3   -14.3  +13.2
  CVLT      NEUTRAL    42%    150.57    148.65   -1.3       –   -0.5
  BAH       NEUTRAL    37%     62.03      64.8   +4.5       –   +3.4
  COSMECCA  WAIT       56%     66500     74500  +12.0       –  +11.7
  TPB       NEUTRAL    45%     84.56     80.92   -4.3       –   -5.4
  WEN       NEUTRAL    45%      8.26       7.5   -9.2       –  -10.3
  CRM       NEUTRAL    67%    157.93    171.22   +8.4       –   +7.3
  TTD       NEUTRAL    55%     18.65     19.79   +6.1       –   +5.0
  GAP       NEUTRAL    42%     18.73      19.8   +5.7       –   +4.6
  INTU      NEUTRAL    46%     266.4    289.76   +8.8       –   +7.7
  RH        NEUTRAL    45%     163.2    161.82   -0.8       –   -1.9
  EOLS      NEUTRAL    80%      7.13      6.52   -8.6       –   -9.7
  WING      NEUTRAL    42%    165.47    154.06   -6.9       –   -8.0
  KER.PA    NEUTRAL    20%    265.65     243.0   -8.5       –   -9.6
  GO        NEUTRAL    32%      9.72      9.91   +2.0       –   +0.9
  RBLX      NEUTRAL    35%     54.34     55.03   +1.3       –   +0.2
  LULU      NEUTRAL    43%    114.29     120.3   +5.3       –   +4.2
  MMS       NEUTRAL    40%     55.75     58.36   +4.7       –   +4.1
  MRVI      NEUTRAL    45%      6.04      6.36   +5.3       –   +4.7
  GTM       NEUTRAL    11%      2.99      3.08   +3.0       –   +2.4
  FCT.MI    NEUTRAL    70%      9.95     11.62  +16.8       –  +16.2
  GCT       NEUTRAL    55%     33.21      35.4   +6.6       –   +6.0
  8750.T    NEUTRAL    65%    1830.5    1856.0   +1.4       –   +0.8

/Users/ajay/Library/Python/3.9/lib/python/site-packages/urllib3/__init__.py:35: NotOpenSSLWarning: urllib3 v2 only supports OpenSSL 1.1.1+, currently the 'ssl' module is compiled with 'LibreSSL 2.8.3'. See: https://github.com/urllib3/urllib3/issues/3020
  warnings.warn(
$IVN: possibly delisted; no price data found  (period=5d)
HTTP Error 404: {"quoteSummary":{"result":null,"error":{"code":"Not Found","description":"Quote not found for symbol: CVLT-RAISE"}}}
$CVLT-RAISE: possibly delisted; no price data found  (period=5d) (Yahoo error = "No data found, symbol may be delisted")

2 Failed downloads:
['IVN']: possibly delisted; no price data found  (period=5d)
['CVLT-RAISE']: possibly delisted; no price data found  (period=5d) (Yahoo error = "No data found, symbol may be delisted")

===== 2026-07-15 02:42 (desk) =====
=== ANTI-BOOK PERFORMANCE  (2026-07-15, 0 new baselines) ===
  38 calls | 16 directional | hit-rate 56% (hi-conv 73%) | avg signed 1.3% | avg vs SPY 2.7%
  ticker    dir          P      base        px    ret  signed  vsSPY
  S         BULLISH    63%     16.73     19.92  +19.1   +19.1  +18.0
  HUBS      BULLISH    70%    184.47    209.68  +13.7   +13.7  +12.6
  MNDY      BULLISH    60%      73.6     81.84  +11.2   +11.2  +10.1
  BBD       BULLISH    55%      3.45      3.61   +4.6    +4.6   +4.0
  FOUR      BULLISH    62%     48.23     50.01   +3.7    +3.7   +2.6
  TBCG.L    LONG       60%    4460.0    4622.0   +3.6    +3.6   +2.5
  FUTU      BULLISH    60%     95.04     98.13   +3.3    +3.3   +2.7
  EG        BULLISH    65%    371.35    377.89   +1.8    +1.8   +1.2
  DFIN      BULLISH    65%     46.21     46.65   +1.0    +1.0   +0.4
  BRBY.L    BULLISH    63%    1095.0    1091.0   -0.4    -0.4   -1.5
  PODD      BULLISH    70%    164.48    162.06   -1.5    -1.5   -2.1
  SSRM      BULLISH    97%     28.38     27.89   -1.7    -1.7   -2.8
  CPRI      BULLISH    57%      19.0     17.47   -8.1    -8.1   -9.2
  BODI      BEARISH    33%     10.25     11.16   +8.9    -8.9   +7.8
  INSP      BEARISH    22%     44.93     49.15   +9.4    -9.4   +8.3
  PATH      BEARISH    22%     10.68     11.94  +11.8   -11.8  +10.7
  CVLT      NEUTRAL    42%    150.57    148.65   -1.3       –   -0.5
  BAH       NEUTRAL    37%     62.03      64.8   +4.5       –   +3.4
  COSMECCA  WAIT       56%     66500     74500  +12.0       –  +11.7
  TPB       NEUTRAL    45%     84.56     79.99   -5.4       –   -6.5
  WEN       NEUTRAL    45%      8.26       7.5   -9.2       –  -10.3
  CRM       NEUTRAL    67%    157.93    171.22   +8.4       –   +7.3
  TTD       NEUTRAL    55%     18.65     18.94   +1.6       –   +0.5
  GAP       NEUTRAL    42%     18.73      19.8   +5.7       –   +4.6
  INTU      NEUTRAL    46%     266.4    289.76   +8.8       –   +7.7
  RH        NEUTRAL    45%     163.2    174.55   +7.0       –   +5.9
  EOLS      NEUTRAL    80%      7.13      6.27  -12.1       –  -13.2
  WING      NEUTRAL    42%    165.47    148.41  -10.3       –  -11.4
  KER.PA    NEUTRAL    20%    265.65     251.4   -5.4       –   -6.5
  GO        NEUTRAL    32%      9.72      9.83   +1.1       –   +0.0
  RBLX      NEUTRAL    35%     54.34     54.47   +0.2       –   -0.9
  LULU      NEUTRAL    43%    114.29     120.3   +5.3       –   +4.2
  MMS       NEUTRAL    40%     55.75     58.36   +4.7       –   +4.1
  MRVI      NEUTRAL    45%      6.04      6.51   +7.8       –   +7.2
  GTM       NEUTRAL    11%      2.99      3.02   +1.0       –   +0.4
  FCT.MI    NEUTRAL    70%      9.95    11.995  +20.6       –  +20.0
  GCT       NEUTRAL    55%     33.21      35.4   +6.6       –   +6.0
  8750.T    NEUTRAL    65%    1830.5    1884.0   +2.9       –   +2.3

/Users/ajay/Library/Python/3.9/lib/python/site-packages/urllib3/__init__.py:35: NotOpenSSLWarning: urllib3 v2 only supports OpenSSL 1.1.1+, currently the 'ssl' module is compiled with 'LibreSSL 2.8.3'. See: https://github.com/urllib3/urllib3/issues/3020
  warnings.warn(
$IVN: possibly delisted; no price data found  (period=5d)
HTTP Error 404: {"quoteSummary":{"result":null,"error":{"code":"Not Found","description":"Quote not found for symbol: CVLT-RAISE"}}}
$CVLT-RAISE: possibly delisted; no price data found  (period=5d) (Yahoo error = "No data found, symbol may be delisted")

2 Failed downloads:
['IVN']: possibly delisted; no price data found  (period=5d)
['CVLT-RAISE']: possibly delisted; no price data found  (period=5d) (Yahoo error = "No data found, symbol may be delisted")

===== 2026-07-16 03:42 (desk) =====
=== ANTI-BOOK PERFORMANCE  (2026-07-16, 0 new baselines) ===
  38 calls | 16 directional | hit-rate 50% (hi-conv 64%) | avg signed 0.9% | avg vs SPY 2.3%
  ticker    dir          P      base        px    ret  signed  vsSPY
  S         BULLISH    63%     16.73     19.58  +17.0   +17.0  +15.2
  HUBS      BULLISH    70%    184.47    215.33  +16.7   +16.7  +14.9
  MNDY      BULLISH    60%      73.6     80.71   +9.7    +9.7   +7.8
  TBCG.L    LONG       60%    4460.0    4722.0   +5.9    +5.9   +4.0
  FOUR      BULLISH    62%     48.23     51.01   +5.8    +5.8   +3.9
  DFIN      BULLISH    65%     46.21     48.65   +5.3    +5.3   +3.9
  BBD       BULLISH    55%      3.45      3.62   +4.9    +4.9   +3.6
  FUTU      BULLISH    60%     95.04     99.37   +4.6    +4.6   +3.2
  BRBY.L    BULLISH    63%    1095.0    1087.5   -0.7    -0.7   -2.5
  EG        BULLISH    65%    371.35    364.13   -1.9    -1.9   -3.3
  PODD      BULLISH    70%    164.48    159.28   -3.2    -3.2   -4.5
  SSRM      BULLISH    97%     28.38     27.25   -4.0    -4.0   -5.8
  BODI      BEARISH    33%     10.25      11.1   +8.3    -8.3   +6.4
  PATH      BEARISH    22%     10.68     11.95  +11.9   -11.9  +10.0
  INSP      BEARISH    22%     44.93      50.5  +12.4   -12.4  +10.5
  CPRI      BULLISH    57%      19.0     16.51  -13.1   -13.1  -15.0
  CVLT      NEUTRAL    42%    150.57    146.13   -2.9       –   -2.9
  BAH       NEUTRAL    37%     62.03     63.94   +3.1       –   +1.2
  COSMECCA  WAIT       56%     66500     74500  +12.0       –  +11.0
  TPB       NEUTRAL    45%     84.56     79.92   -5.5       –   -7.4
  WEN       NEUTRAL    45%      8.26      7.45   -9.8       –  -11.7
  CRM       NEUTRAL    67%    157.93     167.0   +5.7       –   +3.9
  TTD       NEUTRAL    55%     18.65     19.37   +3.9       –   +2.0
  GAP       NEUTRAL    42%     18.73     20.28   +8.3       –   +6.4
  INTU      NEUTRAL    46%     266.4     279.7   +5.0       –   +3.1
  RH        NEUTRAL    45%     163.2    190.26  +16.6       –  +14.7
  EOLS      NEUTRAL    80%      7.13      5.96  -16.4       –  -18.3
  WING      NEUTRAL    42%    165.47     145.7  -11.9       –  -13.8
  KER.PA    NEUTRAL    20%    265.65     249.5   -6.1       –   -7.9
  GO        NEUTRAL    32%      9.72     9.685   -0.4       –   -2.2
  RBLX      NEUTRAL    35%     54.34     57.07   +5.0       –   +3.2
  LULU      NEUTRAL    43%    114.29    117.42   +2.7       –   +0.9
  MMS       NEUTRAL    40%     55.75     57.97   +4.0       –   +2.6
  MRVI      NEUTRAL    45%      6.04      7.04  +16.6       –  +15.2
  GTM       NEUTRAL    11%      2.99      3.08   +3.0       –   +1.7
  FCT.MI    NEUTRAL    70%      9.95    12.185  +22.5       –  +21.1
  GCT       NEUTRAL    55%     33.21     37.44  +12.7       –  +11.4
  8750.T    NEUTRAL    65%    1830.5    1836.5   +0.3       –   -1.0

/Users/ajay/Library/Python/3.9/lib/python/site-packages/urllib3/__init__.py:35: NotOpenSSLWarning: urllib3 v2 only supports OpenSSL 1.1.1+, currently the 'ssl' module is compiled with 'LibreSSL 2.8.3'. See: https://github.com/urllib3/urllib3/issues/3020
  warnings.warn(
$IVN: possibly delisted; no price data found  (period=5d)
HTTP Error 404: {"quoteSummary":{"result":null,"error":{"code":"Not Found","description":"Quote not found for symbol: CVLT-RAISE"}}}
$CVLT-RAISE: possibly delisted; no price data found  (period=5d) (Yahoo error = "No data found, symbol may be delisted")

2 Failed downloads:
['IVN']: possibly delisted; no price data found  (period=5d)
['CVLT-RAISE']: possibly delisted; no price data found  (period=5d) (Yahoo error = "No data found, symbol may be delisted")

===== 2026-07-17 10:59 (desk) =====
=== ANTI-BOOK PERFORMANCE  (2026-07-17, 0 new baselines) ===
  38 calls | 16 directional | hit-rate 56% (hi-conv 73%) | avg signed 0.6% | avg vs SPY 3.6%
  ticker    dir          P      base        px    ret  signed  vsSPY
  HUBS      BULLISH    70%    184.47   223.935  +21.4   +21.4  +20.9
  S         BULLISH    63%     16.73    19.478  +16.4   +16.4  +16.0
  MNDY      BULLISH    60%      73.6      79.2   +7.6    +7.6   +7.1
  TBCG.L    LONG       60%    4460.0    4736.0   +6.2    +6.2   +5.7
  DFIN      BULLISH    65%     46.21     48.99   +6.0    +6.0   +6.1
  FOUR      BULLISH    62%     48.23      50.6   +4.9    +4.9   +4.4
  BBD       BULLISH    55%      3.45     3.555   +3.0    +3.0   +3.1
  EG        BULLISH    65%    371.35    379.33   +2.1    +2.1   +2.2
  FUTU      BULLISH    60%     95.04     96.15   +1.2    +1.2   +1.2
  PODD      BULLISH    70%    164.48    162.85   -1.0    -1.0   -1.0
  BRBY.L    BULLISH    63%    1095.0    1049.0   -4.2    -4.2   -4.7
  BODI      BEARISH    33%     10.25     10.99   +7.2    -7.2   +6.7
  SSRM      BULLISH    97%     28.38    25.825   -9.0    -9.0   -9.5
  INSP      BEARISH    22%     44.93    50.055  +11.4   -11.4  +10.9
  CPRI      BULLISH    57%      19.0     16.59  -12.7   -12.7  -13.2
  PATH      BEARISH    22%     10.68   12.2102  +14.3   -14.3  +13.9
  CVLT      NEUTRAL    42%    150.57    148.39   -1.4       –   -0.1
  BAH       NEUTRAL    37%     62.03    65.135   +5.0       –   +4.5
  COSMECCA  WAIT       56%     66500     74500  +12.0       –  +12.3
  TPB       NEUTRAL    45%     84.56     82.75   -2.1       –   -2.6
  WEN       NEUTRAL    45%      8.26     7.725   -6.5       –   -7.0
  CRM       NEUTRAL    67%    157.93    171.58   +8.6       –   +8.2
  TTD       NEUTRAL    55%     18.65   18.6999   +0.3       –   -0.2
  GAP       NEUTRAL    42%     18.73    20.305   +8.4       –   +7.9
  INTU      NEUTRAL    46%     266.4    292.74   +9.9       –   +9.4
  RH        NEUTRAL    45%     163.2    185.41  +13.6       –  +13.1
  EOLS      NEUTRAL    80%      7.13     5.755  -19.3       –  -19.8
  WING      NEUTRAL    42%    165.47    140.85  -14.9       –  -15.4
  KER.PA    NEUTRAL    20%    265.65     252.3   -5.0       –   -5.5
  GO        NEUTRAL    32%      9.72     9.355   -3.8       –   -4.2
  RBLX      NEUTRAL    35%     54.34     52.37   -3.6       –   -4.1
  LULU      NEUTRAL    43%    114.29    116.84   +2.2       –   +1.8
  MMS       NEUTRAL    40%     55.75     58.16   +4.3       –   +4.4
  MRVI      NEUTRAL    45%      6.04      7.17  +18.7       –  +18.7
  GTM       NEUTRAL    11%      2.99     3.115   +4.2       –   +4.2
  FCT.MI    NEUTRAL    70%      9.95    12.585  +26.5       –  +26.5
  GCT       NEUTRAL    55%     33.21     38.42  +15.7       –  +15.7
  8750.T    NEUTRAL    65%    1830.5    1836.5   +0.3       –   +0.4

/Users/ajay/Library/Python/3.9/lib/python/site-packages/urllib3/__init__.py:35: NotOpenSSLWarning: urllib3 v2 only supports OpenSSL 1.1.1+, currently the 'ssl' module is compiled with 'LibreSSL 2.8.3'. See: https://github.com/urllib3/urllib3/issues/3020
  warnings.warn(
HTTP Error 404: {"quoteSummary":{"result":null,"error":{"code":"Not Found","description":"Quote not found for symbol: CVLT-RAISE"}}}
$IVN: possibly delisted; no price data found  (period=5d)
$CVLT-RAISE: possibly delisted; no price data found  (period=5d) (Yahoo error = "No data found, symbol may be delisted")

2 Failed downloads:
['IVN']: possibly delisted; no price data found  (period=5d)
['CVLT-RAISE']: possibly delisted; no price data found  (period=5d) (Yahoo error = "No data found, symbol may be delisted")

===== 2026-07-20 17:00 (desk) =====
=== ANTI-BOOK PERFORMANCE  (2026-07-20, 0 new baselines) ===
  38 calls | 16 directional | hit-rate 62% (hi-conv 82%) | avg signed 0.4% | avg vs SPY 3.8%
  ticker    dir          P      base        px    ret  signed  vsSPY
  HUBS      BULLISH    70%    184.47    231.21  +25.3   +25.3  +25.2
  S         BULLISH    63%     16.73     19.46  +16.3   +16.3  +16.2
  TBCG.L    LONG       60%    4460.0    4736.0   +6.2    +6.2   +6.0
  DFIN      BULLISH    65%     46.21     49.03   +6.1    +6.1   +6.5
  FOUR      BULLISH    62%     48.23     50.87   +5.5    +5.5   +5.3
  MNDY      BULLISH    60%      73.6     76.75   +4.3    +4.3   +4.1
  BBD       BULLISH    55%      3.45      3.59   +4.1    +4.1   +4.4
  FUTU      BULLISH    60%     95.04     98.28   +3.4    +3.4   +3.8
  EG        BULLISH    65%    371.35    378.99   +2.1    +2.1   +2.4
  PODD      BULLISH    70%    164.48    167.37   +1.8    +1.8   +2.1
  BODI      BEARISH    33%     10.25     10.66   +4.0    -4.0   +3.9
  BRBY.L    BULLISH    63%    1095.0    1049.0   -4.2    -4.2   -4.3
  SSRM      BULLISH    97%     28.38     25.05  -11.7   -11.7  -11.9
  PATH      BEARISH    22%     10.68     12.16  +13.9   -13.9  +13.7
  CPRI      BULLISH    57%      19.0     15.94  -16.1   -16.1  -16.3
  INSP      BEARISH    22%     44.93     53.27  +18.6   -18.6  +18.4
  CVLT      NEUTRAL    42%    150.57    146.72   -2.6       –   -0.9
  BAH       NEUTRAL    37%     62.03     64.52   +4.0       –   +3.9
  COSMECCA  WAIT       56%     66500     74500  +12.0       –  +12.7
  TPB       NEUTRAL    45%     84.56     80.62   -4.7       –   -4.8
  WEN       NEUTRAL    45%      8.26      7.85   -5.0       –   -5.1
  CRM       NEUTRAL    67%    157.93    173.79  +10.0       –   +9.9
  TTD       NEUTRAL    55%     18.65     18.64   -0.1       –   -0.2
  GAP       NEUTRAL    42%     18.73     19.88   +6.1       –   +6.0
  INTU      NEUTRAL    46%     266.4    293.82  +10.3       –  +10.1
  RH        NEUTRAL    45%     163.2    183.95  +12.7       –  +12.6
  EOLS      NEUTRAL    80%      7.13     5.545  -22.2       –  -22.4
  WING      NEUTRAL    42%    165.47     141.1  -14.7       –  -14.9
  KER.PA    NEUTRAL    20%    265.65     252.3   -5.0       –   -5.2
  GO        NEUTRAL    32%      9.72      9.28   -4.5       –   -4.7
  RBLX      NEUTRAL    35%     54.34     53.25   -2.0       –   -2.2
  LULU      NEUTRAL    43%    114.29    116.67   +2.1       –   +1.9
  MMS       NEUTRAL    40%     55.75     57.93   +3.9       –   +4.3
  MRVI      NEUTRAL    45%      6.04      6.99  +15.7       –  +16.1
  GTM       NEUTRAL    11%      2.99      3.13   +4.7       –   +5.0
  FCT.MI    NEUTRAL    70%      9.95    12.585  +26.5       –  +26.8
  GCT       NEUTRAL    55%     33.21     38.37  +15.5       –  +15.9
  8750.T    NEUTRAL    65%    1830.5    1799.0   -1.7       –   -1.4

/Users/ajay/Library/Python/3.9/lib/python/site-packages/urllib3/__init__.py:35: NotOpenSSLWarning: urllib3 v2 only supports OpenSSL 1.1.1+, currently the 'ssl' module is compiled with 'LibreSSL 2.8.3'. See: https://github.com/urllib3/urllib3/issues/3020
  warnings.warn(
HTTP Error 404: {"quoteSummary":{"result":null,"error":{"code":"Not Found","description":"Quote not found for symbol: CVLT-RAISE"}}}
$IVN: possibly delisted; no price data found  (period=5d)
$CVLT-RAISE: possibly delisted; no price data found  (period=5d) (Yahoo error = "No data found, symbol may be delisted")

2 Failed downloads:
['IVN']: possibly delisted; no price data found  (period=5d)
['CVLT-RAISE']: possibly delisted; no price data found  (period=5d) (Yahoo error = "No data found, symbol may be delisted")

===== 2026-07-22 07:47 (desk) =====
=== ANTI-BOOK PERFORMANCE  (2026-07-22, 0 new baselines) ===
  38 calls | 16 directional | hit-rate 56% (hi-conv 73%) | avg signed 0.3% | avg vs SPY 1.2%
  ticker    dir          P      base        px    ret  signed  vsSPY
  FUTU      BULLISH    60%     95.04    105.95  +11.5   +11.5  +11.2
  HUBS      BULLISH    70%    184.47    203.94  +10.6   +10.6   +9.7
  S         BULLISH    63%     16.73     18.25   +9.1    +9.1   +8.2
  TBCG.L    LONG       60%    4460.0    4860.0   +9.0    +9.0   +8.1
  BBD       BULLISH    55%      3.45      3.64   +5.5    +5.5   +5.2
  DFIN      BULLISH    65%     46.21     48.59   +5.2    +5.2   +4.8
  EG        BULLISH    65%    371.35    374.31   +0.8    +0.8   +0.5
  FOUR      BULLISH    62%     48.23     48.42   +0.4    +0.4   -0.4
  SSRM      BULLISH    97%     28.38     28.48   +0.4    +0.4   -0.5
  PATH      BEARISH    22%     10.68   10.7001   +0.2    -0.2   -0.6
  PODD      BULLISH    70%    164.48    160.13   -2.6    -2.6   -3.0
  MNDY      BULLISH    60%      73.6     71.56   -2.8    -2.8   -3.6
  BRBY.L    BULLISH    63%    1095.0    1054.0   -3.7    -3.7   -4.6
  BODI      BEARISH    33%     10.25     11.01   +7.4    -7.4   +6.6
  INSP      BEARISH    22%     44.93     51.49  +14.6   -14.6  +13.8
  CPRI      BULLISH    57%      19.0     15.96  -16.0   -16.0  -16.8
  CVLT      NEUTRAL    42%    150.57    141.19   -6.2       –   -5.2
  BAH       NEUTRAL    37%     62.03     65.36   +5.4       –   +4.5
  COSMECCA  WAIT       56%     66500     74500  +12.0       –  +12.0
  TPB       NEUTRAL    45%     84.56     79.41   -6.1       –   -6.9
  WEN       NEUTRAL    45%      8.26    7.5799   -8.2       –   -9.1
  CRM       NEUTRAL    67%    157.93     165.0   +4.5       –   +3.6
  TTD       NEUTRAL    55%     18.65    17.851   -4.3       –   -5.1
  GAP       NEUTRAL    42%     18.73    19.645   +4.9       –   +4.0
  INTU      NEUTRAL    46%     266.4    289.92   +8.8       –   +8.0
  RH        NEUTRAL    45%     163.2  173.9114   +6.6       –   +5.7
  EOLS      NEUTRAL    80%      7.13      5.74  -19.5       –  -20.3
  WING      NEUTRAL    42%    165.47    135.58  -18.1       –  -18.9
  KER.PA    NEUTRAL    20%    265.65     250.5   -5.7       –   -6.5
  GO        NEUTRAL    32%      9.72     9.175   -5.6       –   -6.4
  RBLX      NEUTRAL    35%     54.34    50.555   -7.0       –   -7.8
  LULU      NEUTRAL    43%    114.29    112.99   -1.1       –   -2.0
  MMS       NEUTRAL    40%     55.75    56.915   +2.1       –   +1.8
  MRVI      NEUTRAL    45%      6.04      6.99  +15.7       –  +15.4
  GTM       NEUTRAL    11%      2.99     2.925   -2.2       –   -2.5
  FCT.MI    NEUTRAL    70%      9.95     13.01  +30.8       –  +30.4
  GCT       NEUTRAL    55%     33.21     36.74  +10.6       –  +10.3
  8750.T    NEUTRAL    65%    1830.5    1897.0   +3.6       –   +3.3

/Users/ajay/Library/Python/3.9/lib/python/site-packages/urllib3/__init__.py:35: NotOpenSSLWarning: urllib3 v2 only supports OpenSSL 1.1.1+, currently the 'ssl' module is compiled with 'LibreSSL 2.8.3'. See: https://github.com/urllib3/urllib3/issues/3020
  warnings.warn(
HTTP Error 404: {"quoteSummary":{"result":null,"error":{"code":"Not Found","description":"Quote not found for symbol: CVLT-RAISE"}}}
$IVN: possibly delisted; no price data found  (period=5d)
$CVLT-RAISE: possibly delisted; no price data found  (period=5d) (Yahoo error = "No data found, symbol may be delisted")

2 Failed downloads:
['IVN']: possibly delisted; no price data found  (period=5d)
['CVLT-RAISE']: possibly delisted; no price data found  (period=5d) (Yahoo error = "No data found, symbol may be delisted")

===== 2026-08-05 09:30 (desk) =====
=== ANTI-BOOK PERFORMANCE  (2026-08-05, 3 new baselines) ===
  41 calls | 16 directional | hit-rate 69% (hi-conv 91%) | avg signed 2.1% | avg vs SPY 4.1%
  ticker    dir          P      base        px    ret  signed  vsSPY
  HUBS      BULLISH    70%    184.47    241.99  +31.2   +31.2  +27.0
  S         BULLISH    63%     16.73     21.07  +25.9   +25.9  +21.7
  MNDY      BULLISH    60%      73.6     90.41  +22.8   +22.8  +18.6
  FUTU      BULLISH    60%     95.04  111.5206  +17.3   +17.3  +13.7
  FOUR      BULLISH    62%     48.23     53.73  +11.4   +11.4   +7.2
  BRBY.L    BULLISH    63%    1095.0    1209.0  +10.4   +10.4   +6.2
  TBCG.L    LONG       60%    4460.0    4858.0   +8.9    +8.9   +4.7
  DFIN      BULLISH    65%     46.21     48.79   +5.6    +5.6   +1.9
  SSRM      BULLISH    97%     28.38     29.13   +2.6    +2.6   -1.6
  BBD       BULLISH    55%      3.45      3.52   +2.0    +2.0   -1.6
  EG        BULLISH    65%    371.35    373.24   +0.5    +0.5   -3.2
  BODI      BEARISH    33%     10.25     11.01   +7.4    -7.4   +3.2
  CPRI      BULLISH    57%      19.0     16.24  -14.5   -14.5  -18.7
  PODD      BULLISH    70%    164.48    133.27  -19.0   -19.0  -22.6
  PATH      BEARISH    22%     10.68    13.845  +29.6   -29.6  +25.4
  INSP      BEARISH    22%     44.93     60.39  +34.4   -34.4  +30.2
  CVLT      NEUTRAL    42%    150.57    132.96  -11.7       –  -14.0
  BAH       NEUTRAL    37%     62.03    72.175  +16.4       –  +12.2
  COSMECCA  WAIT       56%     66500     74500  +12.0       –   +8.6
  TPB       NEUTRAL    45%     84.56     82.88   -2.0       –   -6.2
  WEN       NEUTRAL    45%      8.26    7.8677   -4.7       –   -8.9
  CRM       NEUTRAL    67%    157.93    191.26  +21.1       –  +16.9
  TTD       NEUTRAL    55%     18.65     18.81   +0.9       –   -3.3
  GAP       NEUTRAL    42%     18.73    20.595  +10.0       –   +5.8
  INTU      NEUTRAL    46%     266.4    322.49  +21.1       –  +16.9
  RH        NEUTRAL    45%     163.2   196.165  +20.2       –  +16.0
  EOLS      NEUTRAL    80%      7.13      6.08  -14.7       –  -18.9
  WING      NEUTRAL    42%    165.47    121.66  -26.5       –  -30.7
  KER.PA    NEUTRAL    20%    265.65     284.3   +7.0       –   +2.8
  GO        NEUTRAL    32%      9.72      9.87   +1.5       –   -2.7
  RBLX      NEUTRAL    35%     54.34    35.745  -34.2       –  -38.4
  LULU      NEUTRAL    43%    114.29    123.19   +7.8       –   +3.6
  MMS       NEUTRAL    40%     55.75      62.8  +12.6       –   +9.0
  MRVI      NEUTRAL    45%      6.04     6.435   +6.5       –   +2.9
  GTM       NEUTRAL    11%      2.99     3.725  +24.6       –  +20.9
  FCT.MI    NEUTRAL    70%      9.95     13.32  +33.9       –  +30.2
  GCT       NEUTRAL    55%     33.21     45.91  +38.2       –  +34.6
  8750.T    NEUTRAL    65%    1830.5    1881.0   +2.8       –   -0.9
  MRSH      NEUTRAL    30%    191.09    191.09   +0.0       –   +0.0
  PFSI      NEUTRAL    25%     74.93     74.93   +0.0       –   +0.0
  PAYX      NEUTRAL    65%    116.64    116.64   +0.0       –   +0.0

/Users/ajay/Library/Python/3.9/lib/python/site-packages/urllib3/__init__.py:35: NotOpenSSLWarning: urllib3 v2 only supports OpenSSL 1.1.1+, currently the 'ssl' module is compiled with 'LibreSSL 2.8.3'. See: https://github.com/urllib3/urllib3/issues/3020
  warnings.warn(
HTTP Error 404: {"quoteSummary":{"result":null,"error":{"code":"Not Found","description":"Quote not found for symbol: CVLT-RAISE"}}}
$IVN: possibly delisted; no price data found  (period=5d)
HTTP Error 404: {"quoteSummary":{"result":null,"error":{"code":"Not Found","description":"Quote not found for symbol: PFSI-10Q"}}}
$CVLT-RAISE: possibly delisted; no price data found  (period=5d) (Yahoo error = "No data found, symbol may be delisted")
$PFSI-10Q: possibly delisted; no price data found  (period=5d) (Yahoo error = "No data found, symbol may be delisted")

3 Failed downloads:
['IVN']: possibly delisted; no price data found  (period=5d)
['CVLT-RAISE', 'PFSI-10Q']: possibly delisted; no price data found  (period=5d) (Yahoo error = "No data found, symbol may be delisted")

===== 2026-08-06 09:30 (desk) =====
=== ANTI-BOOK PERFORMANCE  (2026-08-06, 0 new baselines) ===
  41 calls | 16 directional | hit-rate 56% (hi-conv 82%) | avg signed -2.0% | avg vs SPY 3.8%
  ticker    dir          P      base        px    ret  signed  vsSPY
  S         BULLISH    63%     16.73    20.545  +22.8   +22.8  +19.1
  MNDY      BULLISH    60%      73.6    87.075  +18.3   +18.3  +14.6
  FUTU      BULLISH    60%     95.04  104.9795  +10.5   +10.5   +7.3
  TBCG.L    LONG       60%    4460.0    4890.0   +9.6    +9.6   +5.9
  BRBY.L    BULLISH    63%    1095.0    1195.0   +9.1    +9.1   +5.4
  HUBS      BULLISH    70%    184.47   196.915   +6.7    +6.7   +3.0
  DFIN      BULLISH    65%     46.21      47.6   +3.0    +3.0   -0.2
  SSRM      BULLISH    97%     28.38    28.635   +0.9    +0.9   -2.8
  EG        BULLISH    65%    371.35    372.53   +0.3    +0.3   -2.9
  BBD       BULLISH    55%      3.45      3.44   -0.3    -0.3   -3.5
  BODI      BEARISH    33%     10.25    10.795   +5.3    -5.3   +1.6
  FOUR      BULLISH    62%     48.23     43.55   -9.7    -9.7  -13.4
  PODD      BULLISH    70%    164.48    137.98  -16.1   -16.1  -19.3
  CPRI      BULLISH    57%      19.0     15.48  -18.5   -18.5  -22.2
  PATH      BEARISH    22%     10.68    13.885  +30.0   -30.0  +26.3
  INSP      BEARISH    22%     44.93     59.81  +33.1   -33.1  +29.4
  CVLT      NEUTRAL    42%    150.57    132.03  -12.3       –  -14.1
  BAH       NEUTRAL    37%     62.03     74.44  +20.0       –  +16.3
  COSMECCA  WAIT       56%     66500     74500  +12.0       –   +9.1
  TPB       NEUTRAL    45%     84.56    85.485   +1.1       –   -2.6
  WEN       NEUTRAL    45%      8.26     7.655   -7.3       –  -11.0
  CRM       NEUTRAL    67%    157.93    184.72  +17.0       –  +13.3
  TTD       NEUTRAL    55%     18.65     17.61   -5.6       –   -9.3
  GAP       NEUTRAL    42%     18.73     20.62  +10.1       –   +6.4
  INTU      NEUTRAL    46%     266.4    319.69  +20.0       –  +16.3
  RH        NEUTRAL    45%     163.2    188.06  +15.2       –  +11.5
  EOLS      NEUTRAL    80%      7.13     7.455   +4.6       –   +0.8
  WING      NEUTRAL    42%    165.47    119.19  -28.0       –  -31.7
  KER.PA    NEUTRAL    20%    265.65    289.75   +9.1       –   +5.4
  GO        NEUTRAL    32%      9.72      9.85   +1.3       –   -2.4
  RBLX      NEUTRAL    35%     54.34     36.91  -32.1       –  -35.8
  LULU      NEUTRAL    43%    114.29    125.28   +9.6       –   +5.9
  MMS       NEUTRAL    40%     55.75    57.265   +2.7       –   -0.5
  MRVI      NEUTRAL    45%      6.04     6.185   +2.4       –   -0.8
  GTM       NEUTRAL    11%      2.99    4.1553  +39.0       –  +35.8
  FCT.MI    NEUTRAL    70%      9.95     13.22  +32.9       –  +29.7
  GCT       NEUTRAL    55%     33.21   54.4905  +64.1       –  +60.9
  8750.T    NEUTRAL    65%    1830.5    1913.5   +4.5       –   +1.4
  MRSH      NEUTRAL    30%    191.09    192.38   +0.7       –   +1.1
  PFSI      NEUTRAL    25%     74.93     75.01   +0.1       –   +0.6
  PAYX      NEUTRAL    65%    116.64   119.505   +2.5       –   +2.9

/Users/ajay/Library/Python/3.9/lib/python/site-packages/urllib3/__init__.py:35: NotOpenSSLWarning: urllib3 v2 only supports OpenSSL 1.1.1+, currently the 'ssl' module is compiled with 'LibreSSL 2.8.3'. See: https://github.com/urllib3/urllib3/issues/3020
  warnings.warn(
$IVN: possibly delisted; no price data found  (period=5d)
HTTP Error 404: {"quoteSummary":{"result":null,"error":{"code":"Not Found","description":"Quote not found for symbol: CVLT-RAISE"}}}
HTTP Error 404: {"quoteSummary":{"result":null,"error":{"code":"Not Found","description":"Quote not found for symbol: PFSI-10Q"}}}
$CVLT-RAISE: possibly delisted; no price data found  (period=5d) (Yahoo error = "No data found, symbol may be delisted")
$PFSI-10Q: possibly delisted; no price data found  (period=5d) (Yahoo error = "No data found, symbol may be delisted")

3 Failed downloads:
['IVN']: possibly delisted; no price data found  (period=5d)
['CVLT-RAISE', 'PFSI-10Q']: possibly delisted; no price data found  (period=5d) (Yahoo error = "No data found, symbol may be delisted")

===== 2026-08-07 09:30 (desk) =====
=== ANTI-BOOK PERFORMANCE  (2026-08-07, 0 new baselines) ===
  41 calls | 16 directional | hit-rate 56% (hi-conv 82%) | avg signed -1.2% | avg vs SPY 3.6%
  ticker    dir          P      base        px    ret  signed  vsSPY
  S         BULLISH    63%     16.73     21.31  +27.4   +27.4  +23.3
  MNDY      BULLISH    60%      73.6      92.2  +25.3   +25.3  +21.1
  FUTU      BULLISH    60%     95.04   107.975  +13.6   +13.6  +10.0
  HUBS      BULLISH    70%    184.47   205.885  +11.6   +11.6   +7.5
  TBCG.L    LONG       60%    4460.0    4936.0  +10.7   +10.7   +6.5
  SSRM      BULLISH    97%     28.38     31.02   +9.3    +9.3   +5.2
  BRBY.L    BULLISH    63%    1095.0    1164.5   +6.3    +6.3   +2.2
  DFIN      BULLISH    65%     46.21     47.73   +3.3    +3.3   -0.3
  EG        BULLISH    65%    371.35    374.32   +0.8    +0.8   -2.8
  BBD       BULLISH    55%      3.45     3.405   -1.3    -1.3   -4.9
  BODI      BEARISH    33%     10.25     10.43   +1.8    -1.8   -2.4
  PODD      BULLISH    70%    164.48     140.0  -14.9   -14.9  -18.5
  FOUR      BULLISH    62%     48.23      40.3  -16.4   -16.4  -20.6
  CPRI      BULLISH    57%      19.0     14.92  -21.5   -21.5  -25.6
  INSP      BEARISH    22%     44.93    59.615  +32.7   -32.7  +28.6
  PATH      BEARISH    22%     10.68    14.845  +39.0   -39.0  +34.9
  CVLT      NEUTRAL    42%    150.57   135.905   -9.7       –  -11.9
  BAH       NEUTRAL    37%     62.03    75.865  +22.3       –  +18.2
  COSMECCA  WAIT       56%     66500     74500  +12.0       –   +8.7
  TPB       NEUTRAL    45%     84.56     86.22   +2.0       –   -2.2
  WEN       NEUTRAL    45%      8.26     7.505   -9.1       –  -13.3
  CRM       NEUTRAL    67%    157.93   191.255  +21.1       –  +17.0
  TTD       NEUTRAL    55%     18.65   13.9211  -25.4       –  -29.5
  GAP       NEUTRAL    42%     18.73    20.515   +9.5       –   +5.4
  INTU      NEUTRAL    46%     266.4    330.11  +23.9       –  +19.8
  RH        NEUTRAL    45%     163.2    193.69  +18.7       –  +14.6
  EOLS      NEUTRAL    80%      7.13     7.285   +2.2       –   -2.0
  WING      NEUTRAL    42%    165.47     116.9  -29.4       –  -33.5
  KER.PA    NEUTRAL    20%    265.65    286.65   +7.9       –   +3.8
  GO        NEUTRAL    32%      9.72     9.801   +0.8       –   -3.3
  RBLX      NEUTRAL    35%     54.34     36.92  -32.1       –  -36.2
  LULU      NEUTRAL    43%    114.29    126.25  +10.5       –   +6.3
  MMS       NEUTRAL    40%     55.75   60.6775   +8.8       –   +5.2
  MRVI      NEUTRAL    45%      6.04     6.045   +0.1       –   -3.5
  GTM       NEUTRAL    11%      2.99      4.06  +35.8       –  +32.2
  FCT.MI    NEUTRAL    70%      9.95     12.88  +29.4       –  +25.9
  GCT       NEUTRAL    55%     33.21    52.295  +57.5       –  +53.9
  8750.T    NEUTRAL    65%    1830.5    1921.0   +4.9       –   +1.3
  MRSH      NEUTRAL    30%    191.09    191.83   +0.4       –   +0.5
  PFSI      NEUTRAL    25%     74.93     77.27   +3.1       –   +3.2
  PAYX      NEUTRAL    65%    116.64   120.165   +3.0       –   +3.1

/Users/ajay/Library/Python/3.9/lib/python/site-packages/urllib3/__init__.py:35: NotOpenSSLWarning: urllib3 v2 only supports OpenSSL 1.1.1+, currently the 'ssl' module is compiled with 'LibreSSL 2.8.3'. See: https://github.com/urllib3/urllib3/issues/3020
  warnings.warn(
$IVN: possibly delisted; no price data found  (period=5d)
HTTP Error 404: {"quoteSummary":{"result":null,"error":{"code":"Not Found","description":"Quote not found for symbol: PFSI-10Q"}}}
HTTP Error 404: {"quoteSummary":{"result":null,"error":{"code":"Not Found","description":"Quote not found for symbol: CVLT-RAISE"}}}
$PFSI-10Q: possibly delisted; no price data found  (period=5d) (Yahoo error = "No data found, symbol may be delisted")
$CVLT-RAISE: possibly delisted; no price data found  (period=5d) (Yahoo error = "No data found, symbol may be delisted")

3 Failed downloads:
['IVN']: possibly delisted; no price data found  (period=5d)
['PFSI-10Q', 'CVLT-RAISE']: possibly delisted; no price data found  (period=5d) (Yahoo error = "No data found, symbol may be delisted")

===== 2026-08-10 00:58 (desk) =====
=== ANTI-BOOK PERFORMANCE  (2026-08-10, 0 new baselines) ===
  41 calls | 16 directional | hit-rate 56% (hi-conv 82%) | avg signed -0.7% | avg vs SPY 4.1%
  ticker    dir          P      base        px    ret  signed  vsSPY
  S         BULLISH    63%     16.73      21.4  +27.9   +27.9  +23.6
  MNDY      BULLISH    60%      73.6     93.13  +26.5   +26.5  +22.2
  FUTU      BULLISH    60%     95.04    109.02  +14.7   +14.7  +10.9
  HUBS      BULLISH    70%    184.47    210.45  +14.1   +14.1   +9.7
  SSRM      BULLISH    97%     28.38     31.78  +12.0   +12.0   +7.6
  TBCG.L    LONG       60%    4460.0    4902.0   +9.9    +9.9   +5.6
  BRBY.L    BULLISH    63%    1095.0    1170.0   +6.8    +6.8   +2.5
  DFIN      BULLISH    65%     46.21     47.38   +2.5    +2.5   -1.3
  EG        BULLISH    65%    371.35    374.96   +1.0    +1.0   -2.9
  BODI      BEARISH    33%     10.25     10.33   +0.8    -0.8   -3.6
  BBD       BULLISH    55%      3.45      3.37   -2.3    -2.3   -6.1
  PODD      BULLISH    70%    164.48    141.17  -14.2   -14.2  -18.0
  FOUR      BULLISH    62%     48.23     41.26  -14.5   -14.5  -18.8
  CPRI      BULLISH    57%      19.0     15.31  -19.4   -19.4  -23.8
  INSP      BEARISH    22%     44.93     60.16  +33.9   -33.9  +29.5
  PATH      BEARISH    22%     10.68     15.05  +40.9   -40.9  +36.6
  CVLT      NEUTRAL    42%    150.57    135.27  -10.2       –  -12.6
  BAH       NEUTRAL    37%     62.03     76.05  +22.6       –  +18.2
  COSMECCA  WAIT       56%     66500     74500  +12.0       –   +8.5
  TPB       NEUTRAL    45%     84.56     86.86   +2.7       –   -1.6
  WEN       NEUTRAL    45%      8.26      7.69   -6.9       –  -11.3
  CRM       NEUTRAL    67%    157.93    192.74  +22.0       –  +17.7
  TTD       NEUTRAL    55%     18.65      13.8  -26.0       –  -30.4
  GAP       NEUTRAL    42%     18.73     20.47   +9.3       –   +4.9
  INTU      NEUTRAL    46%     266.4    325.25  +22.1       –  +17.7
  RH        NEUTRAL    45%     163.2    196.15  +20.2       –  +15.8
  EOLS      NEUTRAL    80%      7.13      7.59   +6.5       –   +2.1
  WING      NEUTRAL    42%    165.47   116.815  -29.4       –  -33.8
  KER.PA    NEUTRAL    20%    265.65     289.5   +9.0       –   +4.6
  GO        NEUTRAL    32%      9.72      9.91   +2.0       –   -2.4
  RBLX      NEUTRAL    35%     54.34     37.79  -30.5       –  -34.8
  LULU      NEUTRAL    43%    114.29    128.58  +12.5       –   +8.1
  MMS       NEUTRAL    40%     55.75     59.19   +6.2       –   +2.3
  MRVI      NEUTRAL    45%      6.04      6.23   +3.1       –   -0.7
  GTM       NEUTRAL    11%      2.99      4.18  +39.8       –  +36.0
  FCT.MI    NEUTRAL    70%      9.95      12.9  +29.6       –  +25.8
  GCT       NEUTRAL    55%     33.21     53.25  +60.3       –  +56.5
  8750.T    NEUTRAL    65%    1830.5    1839.5   +0.5       –   -3.3
  MRSH      NEUTRAL    30%    191.09    191.65   +0.3       –   +0.1
  PFSI      NEUTRAL    25%     74.93     77.41   +3.3       –   +3.2
  PAYX      NEUTRAL    65%    116.64    120.04   +2.9       –   +2.8

/Users/ajay/Library/Python/3.9/lib/python/site-packages/urllib3/__init__.py:35: NotOpenSSLWarning: urllib3 v2 only supports OpenSSL 1.1.1+, currently the 'ssl' module is compiled with 'LibreSSL 2.8.3'. See: https://github.com/urllib3/urllib3/issues/3020
  warnings.warn(
$IVN: possibly delisted; no price data found  (period=5d)
HTTP Error 404: {"quoteSummary":{"result":null,"error":{"code":"Not Found","description":"Quote not found for symbol: CVLT-RAISE"}}}
HTTP Error 404: {"quoteSummary":{"result":null,"error":{"code":"Not Found","description":"Quote not found for symbol: PFSI-10Q"}}}
$CVLT-RAISE: possibly delisted; no price data found  (period=5d) (Yahoo error = "No data found, symbol may be delisted")
$PFSI-10Q: possibly delisted; no price data found  (period=5d) (Yahoo error = "No data found, symbol may be delisted")

3 Failed downloads:
['IVN']: possibly delisted; no price data found  (period=5d)
['CVLT-RAISE', 'PFSI-10Q']: possibly delisted; no price data found  (period=5d) (Yahoo error = "No data found, symbol may be delisted")

===== 2026-08-11 02:04 (desk) =====
=== ANTI-BOOK PERFORMANCE  (2026-08-11, 0 new baselines) ===
  41 calls | 16 directional | hit-rate 56% (hi-conv 73%) | avg signed -0.7% | avg vs SPY 3.9%
  ticker    dir          P      base        px    ret  signed  vsSPY
  S         BULLISH    63%     16.73     22.23  +32.9   +32.9  +28.6
  MNDY      BULLISH    60%      73.6     88.62  +20.4   +20.4  +16.1
  HUBS      BULLISH    70%    184.47    215.91  +17.0   +17.0  +12.7
  FUTU      BULLISH    60%     95.04     108.7  +14.4   +14.4  +10.6
  SSRM      BULLISH    97%     28.38      31.4  +10.6   +10.6   +6.3
  TBCG.L    LONG       60%    4460.0    4872.0   +9.2    +9.2   +4.9
  BRBY.L    BULLISH    63%    1095.0    1160.0   +5.9    +5.9   +1.6
  DFIN      BULLISH    65%     46.21     47.41   +2.6    +2.6   -1.2
  BODI      BEARISH    33%     10.25     10.22   -0.3    +0.3   -4.6
  EG        BULLISH    65%    371.35     369.9   -0.4    -0.4   -4.2
  BBD       BULLISH    55%      3.45      3.33   -3.5    -3.5   -7.3
  FOUR      BULLISH    62%     48.23     43.16  -10.5   -10.5  -14.8
  PODD      BULLISH    70%    164.48    142.85  -13.2   -13.2  -16.9
  CPRI      BULLISH    57%      19.0     15.43  -18.8   -18.8  -23.1
  INSP      BEARISH    22%     44.93     59.72  +32.9   -32.9  +28.6
  PATH      BEARISH    22%     10.68     15.59  +46.0   -46.0  +41.7
  CVLT      NEUTRAL    42%    150.57    139.43   -7.4       –   -9.8
  BAH       NEUTRAL    37%     62.03      77.9  +25.6       –  +21.3
  COSMECCA  WAIT       56%     66500     74500  +12.0       –   +8.5
  TPB       NEUTRAL    45%     84.56     89.38   +5.7       –   +1.4
  WEN       NEUTRAL    45%      8.26       7.3  -11.6       –  -15.9
  CRM       NEUTRAL    67%    157.93    197.51  +25.1       –  +20.7
  TTD       NEUTRAL    55%     18.65     13.39  -28.2       –  -32.5
  GAP       NEUTRAL    42%     18.73     21.51  +14.8       –  +10.5
  INTU      NEUTRAL    46%     266.4    334.43  +25.5       –  +21.2
  RH        NEUTRAL    45%     163.2    183.57  +12.5       –   +8.2
  EOLS      NEUTRAL    80%      7.13      7.57   +6.2       –   +1.8
  WING      NEUTRAL    42%    165.47    117.52  -29.0       –  -33.3
  KER.PA    NEUTRAL    20%    265.65     285.7   +7.5       –   +3.2
  GO        NEUTRAL    32%      9.72      9.83   +1.1       –   -3.2
  RBLX      NEUTRAL    35%     54.34     37.05  -31.8       –  -36.1
  LULU      NEUTRAL    43%    114.29     127.8  +11.8       –   +7.5
  MMS       NEUTRAL    40%     55.75      55.3   -0.8       –   -4.6
  MRVI      NEUTRAL    45%      6.04      6.07   +0.5       –   -3.3
  GTM       NEUTRAL    11%      2.99      4.23  +41.5       –  +37.7
  FCT.MI    NEUTRAL    70%      9.95     12.78  +28.4       –  +24.6
  GCT       NEUTRAL    55%     33.21     51.65  +55.5       –  +51.7
  8750.T    NEUTRAL    65%    1830.5    1839.5   +0.5       –   -3.3
  MRSH      NEUTRAL    30%    191.09    190.79   -0.2       –   -0.3
  PFSI      NEUTRAL    25%     74.93     75.85   +1.2       –   +1.1
  PAYX      NEUTRAL    65%    116.64    121.18   +3.9       –   +3.8

/Users/ajay/Library/Python/3.9/lib/python/site-packages/urllib3/__init__.py:35: NotOpenSSLWarning: urllib3 v2 only supports OpenSSL 1.1.1+, currently the 'ssl' module is compiled with 'LibreSSL 2.8.3'. See: https://github.com/urllib3/urllib3/issues/3020
  warnings.warn(
$IVN: possibly delisted; no price data found  (period=5d)
HTTP Error 404: {"quoteSummary":{"result":null,"error":{"code":"Not Found","description":"Quote not found for symbol: PFSI-10Q"}}}
$PFSI-10Q: possibly delisted; no price data found  (period=5d) (Yahoo error = "No data found, symbol may be delisted")
HTTP Error 404: {"quoteSummary":{"result":null,"error":{"code":"Not Found","description":"Quote not found for symbol: CVLT-RAISE"}}}
$CVLT-RAISE: possibly delisted; no price data found  (period=5d) (Yahoo error = "No data found, symbol may be delisted")

3 Failed downloads:
['IVN']: possibly delisted; no price data found  (period=5d)
['PFSI-10Q', 'CVLT-RAISE']: possibly delisted; no price data found  (period=5d) (Yahoo error = "No data found, symbol may be delisted")

===== 2026-08-12 08:03 (desk) =====
=== ANTI-BOOK PERFORMANCE  (2026-08-12, 0 new baselines) ===
  41 calls | 16 directional | hit-rate 56% (hi-conv 73%) | avg signed 0.6% | avg vs SPY 1.4%
  ticker    dir          P      base        px    ret  signed  vsSPY
  BODI      BEARISH    33%     10.25      6.52  -36.4   +36.4  -40.6
  S         BULLISH    63%     16.73    22.185  +32.6   +32.6  +28.4
  SSRM      BULLISH    97%     28.38     32.52  +14.6   +14.6  +10.4
  MNDY      BULLISH    60%      73.6     84.18  +14.4   +14.4  +10.2
  HUBS      BULLISH    70%    184.47    210.94  +14.3   +14.3  +10.2
  FUTU      BULLISH    60%     95.04    104.98  +10.5   +10.5   +6.8
  TBCG.L    LONG       60%    4460.0    4818.0   +8.0    +8.0   +3.9
  BRBY.L    BULLISH    63%    1095.0    1118.0   +2.1    +2.1   -2.1
  DFIN      BULLISH    65%     46.21     46.92   +1.5    +1.5   -2.1
  EG        BULLISH    65%    371.35    364.32   -1.9    -1.9   -5.5
  BBD       BULLISH    55%      3.45    3.2105   -6.9    -6.9  -10.6
  PODD      BULLISH    70%    164.48    142.71  -13.2   -13.2  -16.9
  FOUR      BULLISH    62%     48.23     41.33  -14.3   -14.3  -18.5
  CPRI      BULLISH    57%      19.0    15.315  -19.4   -19.4  -23.6
  INSP      BEARISH    22%     44.93     57.75  +28.5   -28.5  +24.4
  PATH      BEARISH    22%     10.68   15.0352  +40.8   -40.8  +36.6
  CVLT      NEUTRAL    42%    150.57    138.97   -7.7       –  -10.0
  BAH       NEUTRAL    37%     62.03      76.9  +24.0       –  +19.8
  COSMECCA  WAIT       56%     66500     74500  +12.0       –   +8.7
  TPB       NEUTRAL    45%     84.56     87.53   +3.5       –   -0.7
  WEN       NEUTRAL    45%      8.26      8.38   +1.5       –   -2.7
  CRM       NEUTRAL    67%    157.93    192.81  +22.1       –  +17.9
  TTD       NEUTRAL    55%     18.65   13.2066  -29.2       –  -33.4
  GAP       NEUTRAL    42%     18.73      20.4   +8.9       –   +4.7
  INTU      NEUTRAL    46%     266.4    330.34  +24.0       –  +19.8
  RH        NEUTRAL    45%     163.2    179.85  +10.2       –   +6.0
  EOLS      NEUTRAL    80%      7.13       8.3  +16.4       –  +12.2
  WING      NEUTRAL    42%    165.47   111.425  -32.7       –  -36.8
  KER.PA    NEUTRAL    20%    265.65     271.7   +2.3       –   -1.9
  GO        NEUTRAL    32%      9.72       9.9   +1.9       –   -2.3
  RBLX      NEUTRAL    35%     54.34    35.575  -34.5       –  -38.7
  LULU      NEUTRAL    43%    114.29   122.175   +6.9       –   +2.7
  MMS       NEUTRAL    40%     55.75    53.605   -3.8       –   -7.5
  MRVI      NEUTRAL    45%      6.04     5.785   -4.2       –   -7.9
  GTM       NEUTRAL    11%      2.99     3.785  +26.6       –  +22.9
  FCT.MI    NEUTRAL    70%      9.95      12.6  +26.6       –  +23.0
  GCT       NEUTRAL    55%     33.21     51.14  +54.0       –  +50.3
  8750.T    NEUTRAL    65%    1830.5    1839.5   +0.5       –   -3.2
  MRSH      NEUTRAL    30%    191.09     188.6   -1.3       –   -1.3
  PFSI      NEUTRAL    25%     74.93     76.19   +1.7       –   +1.7
  PAYX      NEUTRAL    65%    116.64    119.01   +2.0       –   +2.1

/Users/ajay/Library/Python/3.9/lib/python/site-packages/urllib3/__init__.py:35: NotOpenSSLWarning: urllib3 v2 only supports OpenSSL 1.1.1+, currently the 'ssl' module is compiled with 'LibreSSL 2.8.3'. See: https://github.com/urllib3/urllib3/issues/3020
  warnings.warn(
$IVN: possibly delisted; no price data found  (period=5d)
HTTP Error 404: {"quoteSummary":{"result":null,"error":{"code":"Not Found","description":"Quote not found for symbol: PFSI-10Q"}}}
HTTP Error 404: {"quoteSummary":{"result":null,"error":{"code":"Not Found","description":"Quote not found for symbol: CVLT-RAISE"}}}
$PFSI-10Q: possibly delisted; no price data found  (period=5d) (Yahoo error = "No data found, symbol may be delisted")
$CVLT-RAISE: possibly delisted; no price data found  (period=5d) (Yahoo error = "No data found, symbol may be delisted")

3 Failed downloads:
['IVN']: possibly delisted; no price data found  (period=5d)
['PFSI-10Q', 'CVLT-RAISE']: possibly delisted; no price data found  (period=5d) (Yahoo error = "No data found, symbol may be delisted")

===== 2026-08-13 09:20 (desk) =====
=== ANTI-BOOK PERFORMANCE  (2026-08-13, 0 new baselines) ===
  41 calls | 16 directional | hit-rate 56% (hi-conv 73%) | avg signed 1.3% | avg vs SPY 1.9%
  ticker    dir          P      base        px    ret  signed  vsSPY
  BODI      BEARISH    33%     10.25      6.38  -37.8   +37.8  -42.5
  S         BULLISH    63%     16.73    22.675  +35.5   +35.5  +30.8
  MNDY      BULLISH    60%      73.6     84.82  +15.2   +15.2  +10.5
  HUBS      BULLISH    70%    184.47     212.2  +15.0   +15.0  +10.3
  SSRM      BULLISH    97%     28.38     31.68  +11.6   +11.6   +6.9
  FUTU      BULLISH    60%     95.04  103.2776   +8.7    +8.7   +4.5
  TBCG.L    LONG       60%    4460.0    4842.0   +8.6    +8.6   +3.9
  DFIN      BULLISH    65%     46.21      47.4   +2.6    +2.6   -1.6
  BRBY.L    BULLISH    63%    1095.0    1098.0   +0.3    +0.3   -4.4
  EG        BULLISH    65%    371.35    363.68   -2.1    -2.1   -6.2
  FOUR      BULLISH    62%     48.23     45.67   -5.3    -5.3  -10.0
  BBD       BULLISH    55%      3.45     3.165   -8.3    -8.3  -12.4
  PODD      BULLISH    70%    164.48    143.94  -12.5   -12.5  -16.7
  CPRI      BULLISH    57%      19.0    15.735  -17.2   -17.2  -21.9
  INSP      BEARISH    22%     44.93      57.5  +28.0   -28.0  +23.3
  PATH      BEARISH    22%     10.68    15.095  +41.3   -41.3  +36.6
  CVLT      NEUTRAL    42%    150.57   145.165   -3.6       –   -6.4
  BAH       NEUTRAL    37%     62.03      77.1  +24.3       –  +19.6
  COSMECCA  WAIT       56%     66500     74500  +12.0       –   +8.1
  TPB       NEUTRAL    45%     84.56     87.33   +3.3       –   -1.4
  WEN       NEUTRAL    45%      8.26     8.555   +3.6       –   -1.1
  CRM       NEUTRAL    67%    157.93    191.89  +21.5       –  +16.8
  TTD       NEUTRAL    55%     18.65    13.765  -26.2       –  -30.9
  GAP       NEUTRAL    42%     18.73    20.195   +7.8       –   +3.1
  INTU      NEUTRAL    46%     266.4     338.2  +27.0       –  +22.3
  RH        NEUTRAL    45%     163.2    182.04  +11.5       –   +6.8
  EOLS      NEUTRAL    80%      7.13       8.2  +15.0       –  +10.3
  WING      NEUTRAL    42%    165.47   112.805  -31.8       –  -36.5
  KER.PA    NEUTRAL    20%    265.65     270.6   +1.9       –   -2.8
  GO        NEUTRAL    32%      9.72    10.655   +9.6       –   +4.9
  RBLX      NEUTRAL    35%     54.34     36.18  -33.4       –  -38.1
  LULU      NEUTRAL    43%    114.29    119.64   +4.7       –   -0.0
  MMS       NEUTRAL    40%     55.75     54.61   -2.0       –   -6.2
  MRVI      NEUTRAL    45%      6.04     5.815   -3.7       –   -7.9
  GTM       NEUTRAL    11%      2.99     3.825  +27.9       –  +23.8
  FCT.MI    NEUTRAL    70%      9.95    12.825  +28.9       –  +24.7
  GCT       NEUTRAL    55%     33.21   51.9503  +56.4       –  +52.3
  8750.T    NEUTRAL    65%    1830.5    1877.0   +2.5       –   -1.6
  MRSH      NEUTRAL    30%    191.09    187.53   -1.9       –   -2.3
  PFSI      NEUTRAL    25%     74.93     79.37   +5.9       –   +5.4
  PAYX      NEUTRAL    65%    116.64    121.33   +4.0       –   +3.5

/Users/ajay/Library/Python/3.9/lib/python/site-packages/urllib3/__init__.py:35: NotOpenSSLWarning: urllib3 v2 only supports OpenSSL 1.1.1+, currently the 'ssl' module is compiled with 'LibreSSL 2.8.3'. See: https://github.com/urllib3/urllib3/issues/3020
  warnings.warn(
$IVN: possibly delisted; no price data found  (period=5d)
HTTP Error 404: {"quoteSummary":{"result":null,"error":{"code":"Not Found","description":"Quote not found for symbol: PFSI-10Q"}}}
HTTP Error 404: {"quoteSummary":{"result":null,"error":{"code":"Not Found","description":"Quote not found for symbol: CVLT-RAISE"}}}
$CVLT-RAISE: possibly delisted; no price data found  (period=5d) (Yahoo error = "No data found, symbol may be delisted")
$PFSI-10Q: possibly delisted; no price data found  (period=5d) (Yahoo error = "No data found, symbol may be delisted")

3 Failed downloads:
['IVN']: possibly delisted; no price data found  (period=5d)
['CVLT-RAISE', 'PFSI-10Q']: possibly delisted; no price data found  (period=5d) (Yahoo error = "No data found, symbol may be delisted")

===== 2026-08-14 10:09 (desk) =====
=== ANTI-BOOK PERFORMANCE  (2026-08-14, 0 new baselines) ===
  41 calls | 16 directional | hit-rate 50% (hi-conv 64%) | avg signed 1.7% | avg vs SPY 3.7%
  ticker    dir          P      base        px    ret  signed  vsSPY
  S         BULLISH    63%     16.73     23.23  +38.9   +38.9  +34.1
  BODI      BEARISH    33%     10.25      6.96  -32.1   +32.1  -36.8
  HUBS      BULLISH    70%    184.47   227.155  +23.1   +23.1  +18.4
  MNDY      BULLISH    60%      73.6    88.445  +20.2   +20.2  +15.5
  SSRM      BULLISH    97%     28.38     32.31  +13.8   +13.8   +9.1
  TBCG.L    LONG       60%    4460.0    4932.0  +10.6   +10.6   +5.9
  FUTU      BULLISH    60%     95.04    104.57  +10.0   +10.0   +5.8
  DFIN      BULLISH    65%     46.21    48.905   +5.8    +5.8   +1.7
  EG        BULLISH    65%    371.35     369.6   -0.5    -0.5   -4.6
  BRBY.L    BULLISH    63%    1095.0    1079.5   -1.4    -1.4   -6.1
  FOUR      BULLISH    62%     48.23      45.7   -5.2    -5.2  -10.0
  BBD       BULLISH    55%      3.45    3.0895  -10.4   -10.4  -14.6
  PODD      BULLISH    70%    164.48     144.4  -12.2   -12.2  -16.4
  CPRI      BULLISH    57%      19.0     15.43  -18.8   -18.8  -23.5
  INSP      BEARISH    22%     44.93    57.535  +28.1   -28.1  +23.3
  PATH      BEARISH    22%     10.68   16.1427  +51.1   -51.1  +46.4
  CVLT      NEUTRAL    42%    150.57   146.425   -2.8       –   -5.5
  BAH       NEUTRAL    37%     62.03     77.82  +25.5       –  +20.7
  COSMECCA  WAIT       56%     66500     74500  +12.0       –   +8.1
  TPB       NEUTRAL    45%     84.56    86.675   +2.5       –   -2.2
  WEN       NEUTRAL    45%      8.26     8.555   +3.6       –   -1.1
  CRM       NEUTRAL    67%    157.93    196.72  +24.6       –  +19.9
  TTD       NEUTRAL    55%     18.65    14.135  -24.2       –  -28.9
  GAP       NEUTRAL    42%     18.73     20.59   +9.9       –   +5.2
  INTU      NEUTRAL    46%     266.4   346.155  +29.9       –  +25.2
  RH        NEUTRAL    45%     163.2    181.26  +11.1       –   +6.4
  EOLS      NEUTRAL    80%      7.13       8.1  +13.6       –   +8.9
  WING      NEUTRAL    42%    165.47    122.55  -25.9       –  -30.6
  KER.PA    NEUTRAL    20%    265.65    268.55   +1.1       –   -3.6
  GO        NEUTRAL    32%      9.72     10.89  +12.0       –   +7.3
  RBLX      NEUTRAL    35%     54.34     38.49  -29.2       –  -33.9
  LULU      NEUTRAL    43%    114.29    118.66   +3.8       –   -0.9
  MMS       NEUTRAL    40%     55.75     55.31   -0.8       –   -5.0
  MRVI      NEUTRAL    45%      6.04     5.655   -6.4       –  -10.6
  GTM       NEUTRAL    11%      2.99     4.129  +38.1       –  +33.9
  FCT.MI    NEUTRAL    70%      9.95    13.235  +33.0       –  +28.8
  GCT       NEUTRAL    55%     33.21     52.59  +58.4       –  +54.2
  8750.T    NEUTRAL    65%    1830.5    1884.0   +2.9       –   -1.3
  MRSH      NEUTRAL    30%    191.09   188.445   -1.4       –   -1.9
  PFSI      NEUTRAL    25%     74.93     78.82   +5.2       –   +4.7
  PAYX      NEUTRAL    65%    116.64  122.1901   +4.8       –   +4.3

/Users/ajay/Library/Python/3.9/lib/python/site-packages/urllib3/__init__.py:35: NotOpenSSLWarning: urllib3 v2 only supports OpenSSL 1.1.1+, currently the 'ssl' module is compiled with 'LibreSSL 2.8.3'. See: https://github.com/urllib3/urllib3/issues/3020
  warnings.warn(
$IVN: possibly delisted; no price data found  (period=5d)
HTTP Error 404: {"quoteSummary":{"result":null,"error":{"code":"Not Found","description":"Quote not found for symbol: CVLT-RAISE"}}}
HTTP Error 404: {"quoteSummary":{"result":null,"error":{"code":"Not Found","description":"Quote not found for symbol: PFSI-10Q"}}}
$CVLT-RAISE: possibly delisted; no price data found  (period=5d) (Yahoo error = "No data found, symbol may be delisted")
$PFSI-10Q: possibly delisted; no price data found  (period=5d) (Yahoo error = "No data found, symbol may be delisted")

3 Failed downloads:
['IVN']: possibly delisted; no price data found  (period=5d)
['CVLT-RAISE', 'PFSI-10Q']: possibly delisted; no price data found  (period=5d) (Yahoo error = "No data found, symbol may be delisted")

===== 2026-08-17 09:11 (desk) =====
=== ANTI-BOOK PERFORMANCE  (2026-08-17, 0 new baselines) ===
  41 calls | 16 directional | hit-rate 50% (hi-conv 64%) | avg signed 0.5% | avg vs SPY 1.4%
  ticker    dir          P      base        px    ret  signed  vsSPY
  BODI      BEARISH    33%     10.25      6.73  -34.3   +34.3  -39.0
  S         BULLISH    63%     16.73    22.085  +32.0   +32.0  +27.4
  HUBS      BULLISH    70%    184.47   215.565  +16.9   +16.9  +12.2
  SSRM      BULLISH    97%     28.38     33.12  +16.7   +16.7  +12.1
  FUTU      BULLISH    60%     95.04     109.4  +15.1   +15.1  +11.0
  MNDY      BULLISH    60%      73.6     83.19  +13.0   +13.0   +8.4
  TBCG.L    LONG       60%    4460.0    4900.0   +9.9    +9.9   +5.3
  DFIN      BULLISH    65%     46.21     47.76   +3.4    +3.4   -0.7
  EG        BULLISH    65%    371.35   368.025   -0.9    -0.9   -5.0
  BRBY.L    BULLISH    63%    1095.0    1050.0   -4.1    -4.1   -8.7
  FOUR      BULLISH    62%     48.23     44.13   -8.5    -8.5  -13.1
  BBD       BULLISH    55%      3.45    3.1189   -9.6    -9.6  -13.7
  PODD      BULLISH    70%    164.48    140.86  -14.4   -14.4  -18.4
  CPRI      BULLISH    57%      19.0    14.835  -21.9   -21.9  -26.5
  INSP      BEARISH    22%     44.93     56.38  +25.5   -25.5  +20.9
  PATH      BEARISH    22%     10.68   15.8692  +48.6   -48.6  +44.0
  CVLT      NEUTRAL    42%    150.57    142.15   -5.6       –   -8.3
  BAH       NEUTRAL    37%     62.03   76.1891  +22.8       –  +18.2
  COSMECCA  WAIT       56%     66500     74500  +12.0       –   +8.2
  TPB       NEUTRAL    45%     84.56     86.07   +1.8       –   -2.8
  WEN       NEUTRAL    45%      8.26    8.5601   +3.6       –   -1.0
  CRM       NEUTRAL    67%    157.93    190.59  +20.7       –  +16.1
  TTD       NEUTRAL    55%     18.65    13.505  -27.6       –  -32.2
  GAP       NEUTRAL    42%     18.73    20.235   +8.0       –   +3.4
  INTU      NEUTRAL    46%     266.4    333.82  +25.3       –  +20.7
  RH        NEUTRAL    45%     163.2   174.875   +7.2       –   +2.5
  EOLS      NEUTRAL    80%      7.13       8.2  +15.0       –  +10.4
  WING      NEUTRAL    42%    165.47   115.295  -30.3       –  -34.9
  KER.PA    NEUTRAL    20%    265.65     257.1   -3.2       –   -7.8
  GO        NEUTRAL    32%      9.72    11.075  +13.9       –   +9.3
  RBLX      NEUTRAL    35%     54.34     37.94  -30.2       –  -34.8
  LULU      NEUTRAL    43%    114.29    116.35   +1.8       –   -2.8
  MMS       NEUTRAL    40%     55.75     54.22   -2.7       –   -6.8
  MRVI      NEUTRAL    45%      6.04     5.695   -5.7       –   -9.8
  GTM       NEUTRAL    11%      2.99     3.775  +26.3       –  +22.2
  FCT.MI    NEUTRAL    70%      9.95     12.75  +28.1       –  +24.1
  GCT       NEUTRAL    55%     33.21     51.12  +53.9       –  +49.8
  8750.T    NEUTRAL    65%    1830.5    1874.0   +2.4       –   -1.7
  MRSH      NEUTRAL    30%    191.09   185.495   -2.9       –   -3.3
  PFSI      NEUTRAL    25%     74.93      77.1   +2.9       –   +2.5
  PAYX      NEUTRAL    65%    116.64   118.815   +1.9       –   +1.5

/Users/ajay/Library/Python/3.9/lib/python/site-packages/urllib3/__init__.py:35: NotOpenSSLWarning: urllib3 v2 only supports OpenSSL 1.1.1+, currently the 'ssl' module is compiled with 'LibreSSL 2.8.3'. See: https://github.com/urllib3/urllib3/issues/3020
  warnings.warn(
$IVN: possibly delisted; no price data found  (period=5d)
HTTP Error 404: {"quoteSummary":{"result":null,"error":{"code":"Not Found","description":"Quote not found for symbol: PFSI-10Q"}}}
HTTP Error 404: {"quoteSummary":{"result":null,"error":{"code":"Not Found","description":"Quote not found for symbol: CVLT-RAISE"}}}
$PFSI-10Q: possibly delisted; no price data found  (period=5d) (Yahoo error = "No data found, symbol may be delisted")
$CVLT-RAISE: possibly delisted; no price data found  (period=5d) (Yahoo error = "No data found, symbol may be delisted")

3 Failed downloads:
['IVN']: possibly delisted; no price data found  (period=5d)
['PFSI-10Q', 'CVLT-RAISE']: possibly delisted; no price data found  (period=5d) (Yahoo error = "No data found, symbol may be delisted")

===== 2026-08-18 10:05 (desk) =====
=== ANTI-BOOK PERFORMANCE  (2026-08-18, 0 new baselines) ===
  41 calls | 16 directional | hit-rate 50% (hi-conv 64%) | avg signed 2.3% | avg vs SPY 3.2%
  ticker    dir          P      base        px    ret  signed  vsSPY
  BODI      BEARISH    33%     10.25       6.2  -39.5   +39.5  -43.2
  S         BULLISH    63%     16.73    22.285  +33.2   +33.2  +29.5
  HUBS      BULLISH    70%    184.47    225.77  +22.4   +22.4  +18.7
  MNDY      BULLISH    60%      73.6     89.14  +21.1   +21.1  +17.4
  FUTU      BULLISH    60%     95.04    109.09  +14.8   +14.8  +11.6
  SSRM      BULLISH    97%     28.38     31.86  +12.3   +12.3   +8.5
  TBCG.L    LONG       60%    4460.0    4808.0   +7.8    +7.8   +4.1
  DFIN      BULLISH    65%     46.21     49.13   +6.3    +6.3   +3.1
  EG        BULLISH    65%    371.35    369.84   -0.4    -0.4   -3.6
  FOUR      BULLISH    62%     48.23      47.8   -0.9    -0.9   -4.6
  BRBY.L    BULLISH    63%    1095.0    1074.5   -1.9    -1.9   -5.6
  BBD       BULLISH    55%      3.45     3.075  -10.9   -10.9  -14.1
  PODD      BULLISH    70%    164.48    145.79  -11.4   -11.4  -14.6
  CPRI      BULLISH    57%      19.0     14.88  -21.7   -21.7  -25.4
  INSP      BEARISH    22%     44.93    57.325  +27.6   -27.6  +23.9
  PATH      BEARISH    22%     10.68     15.62  +46.3   -46.3  +42.5
  CVLT      NEUTRAL    42%    150.57   142.755   -5.2       –   -7.0
  BAH       NEUTRAL    37%     62.03    76.345  +23.1       –  +19.4
  COSMECCA  WAIT       56%     66500     74500  +12.0       –   +9.1
  TPB       NEUTRAL    45%     84.56    86.175   +1.9       –   -1.8
  WEN       NEUTRAL    45%      8.26    8.4877   +2.8       –   -1.0
  CRM       NEUTRAL    67%    157.93    197.86  +25.3       –  +21.6
  TTD       NEUTRAL    55%     18.65    13.645  -26.8       –  -30.6
  GAP       NEUTRAL    42%     18.73    20.315   +8.5       –   +4.7
  INTU      NEUTRAL    46%     266.4    352.68  +32.4       –  +28.7
  RH        NEUTRAL    45%     163.2   173.355   +6.2       –   +2.5
  EOLS      NEUTRAL    80%      7.13      8.12  +13.9       –  +10.2
  WING      NEUTRAL    42%    165.47    117.83  -28.8       –  -32.5
  KER.PA    NEUTRAL    20%    265.65     255.7   -3.7       –   -7.5
  GO        NEUTRAL    32%      9.72    11.211  +15.3       –  +11.6
  RBLX      NEUTRAL    35%     54.34    38.515  -29.1       –  -32.8
  LULU      NEUTRAL    43%    114.29    120.74   +5.6       –   +1.9
  MMS       NEUTRAL    40%     55.75    56.865   +2.0       –   -1.2
  MRVI      NEUTRAL    45%      6.04     5.635   -6.7       –   -9.9
  GTM       NEUTRAL    11%      2.99     3.895  +30.3       –  +27.1
  FCT.MI    NEUTRAL    70%      9.95     12.62  +26.8       –  +23.6
  GCT       NEUTRAL    55%     33.21      49.4  +48.8       –  +45.5
  8750.T    NEUTRAL    65%    1830.5    1847.0   +0.9       –   -2.3
  MRSH      NEUTRAL    30%    191.09    187.22   -2.0       –   -1.6
  PFSI      NEUTRAL    25%     74.93     76.03   +1.5       –   +1.9
  PAYX      NEUTRAL    65%    116.64    121.35   +4.0       –   +4.5

/Users/ajay/Library/Python/3.9/lib/python/site-packages/urllib3/__init__.py:35: NotOpenSSLWarning: urllib3 v2 only supports OpenSSL 1.1.1+, currently the 'ssl' module is compiled with 'LibreSSL 2.8.3'. See: https://github.com/urllib3/urllib3/issues/3020
  warnings.warn(
$IVN: possibly delisted; no price data found  (period=5d)
HTTP Error 404: {"quoteSummary":{"result":null,"error":{"code":"Not Found","description":"Quote not found for symbol: PFSI-10Q"}}}
HTTP Error 404: {"quoteSummary":{"result":null,"error":{"code":"Not Found","description":"Quote not found for symbol: CVLT-RAISE"}}}
$PFSI-10Q: possibly delisted; no price data found  (period=5d) (Yahoo error = "No data found, symbol may be delisted")
$CVLT-RAISE: possibly delisted; no price data found  (period=5d) (Yahoo error = "No data found, symbol may be delisted")

3 Failed downloads:
['IVN']: possibly delisted; no price data found  (period=5d)
['PFSI-10Q', 'CVLT-RAISE']: possibly delisted; no price data found  (period=5d) (Yahoo error = "No data found, symbol may be delisted")

===== 2026-08-19 11:04 (desk) =====
=== ANTI-BOOK PERFORMANCE  (2026-08-19, 0 new baselines) ===
  41 calls | 16 directional | hit-rate 50% (hi-conv 64%) | avg signed 2.6% | avg vs SPY 5.3%
  ticker    dir          P      base        px    ret  signed  vsSPY
  BODI      BEARISH    33%     10.25     6.475  -36.8   +36.8  -40.8
  HUBS      BULLISH    70%    184.47    240.98  +30.6   +30.6  +26.7
  S         BULLISH    63%     16.73    21.435  +28.1   +28.1  +24.2
  MNDY      BULLISH    60%      73.6     91.55  +24.4   +24.4  +20.4
  SSRM      BULLISH    97%     28.38     34.53  +21.7   +21.7  +17.7
  FUTU      BULLISH    60%     95.04   110.655  +16.4   +16.4  +13.0
  DFIN      BULLISH    65%     46.21     49.36   +6.8    +6.8   +3.4
  TBCG.L    LONG       60%    4460.0    4732.0   +6.1    +6.1   +2.2
  BRBY.L    BULLISH    63%    1095.0    1083.0   -1.1    -1.1   -5.0
  EG        BULLISH    65%    371.35   367.035   -1.2    -1.2   -4.6
  FOUR      BULLISH    62%     48.23     47.61   -1.3    -1.3   -5.2
  PODD      BULLISH    70%    164.48   152.145   -7.5    -7.5  -10.9
  BBD       BULLISH    55%      3.45      3.07  -11.0   -11.0  -14.4
  CPRI      BULLISH    57%      19.0     14.23  -25.1   -25.1  -29.1
  INSP      BEARISH    22%     44.93     60.57  +34.8   -34.8  +30.9
  PATH      BEARISH    22%     10.68    15.785  +47.8   -47.8  +43.9
  CVLT      NEUTRAL    42%    150.57    138.61   -7.9       –  -10.0
  BAH       NEUTRAL    37%     62.03     79.86  +28.7       –  +24.8
  COSMECCA  WAIT       56%     66500     74500  +12.0       –   +8.9
  TPB       NEUTRAL    45%     84.56     88.53   +4.7       –   +0.7
  WEN       NEUTRAL    45%      8.26      8.97   +8.6       –   +4.6
  CRM       NEUTRAL    67%    157.93    206.18  +30.6       –  +26.6
  TTD       NEUTRAL    55%     18.65    13.605  -27.1       –  -31.0
  GAP       NEUTRAL    42%     18.73    20.085   +7.2       –   +3.3
  INTU      NEUTRAL    46%     266.4   363.655  +36.5       –  +32.6
  RH        NEUTRAL    45%     163.2    174.26   +6.8       –   +2.8
  EOLS      NEUTRAL    80%      7.13      8.36  +17.3       –  +13.3
  WING      NEUTRAL    42%    165.47    121.51  -26.6       –  -30.5
  KER.PA    NEUTRAL    20%    265.65    260.05   -2.1       –   -6.1
  GO        NEUTRAL    32%      9.72    11.225  +15.5       –  +11.5
  RBLX      NEUTRAL    35%     54.34    39.285  -27.7       –  -31.7
  LULU      NEUTRAL    43%    114.29   119.485   +4.5       –   +0.6
  MMS       NEUTRAL    40%     55.75     58.81   +5.5       –   +2.1
  MRVI      NEUTRAL    45%      6.04     7.045  +16.6       –  +13.2
  GTM       NEUTRAL    11%      2.99     3.895  +30.3       –  +26.8
  FCT.MI    NEUTRAL    70%      9.95     12.41  +24.7       –  +21.3
  GCT       NEUTRAL    55%     33.21     51.89  +56.2       –  +52.8
  8750.T    NEUTRAL    65%    1830.5    1841.5   +0.6       –   -2.8
  MRSH      NEUTRAL    30%    191.09     190.2   -0.5       –   -0.2
  PFSI      NEUTRAL    25%     74.93     78.09   +4.2       –   +4.5
  PAYX      NEUTRAL    65%    116.64   122.665   +5.2       –   +5.4

/Users/ajay/Library/Python/3.9/lib/python/site-packages/urllib3/__init__.py:35: NotOpenSSLWarning: urllib3 v2 only supports OpenSSL 1.1.1+, currently the 'ssl' module is compiled with 'LibreSSL 2.8.3'. See: https://github.com/urllib3/urllib3/issues/3020
  warnings.warn(
HTTP Error 404: {"quoteSummary":{"result":null,"error":{"code":"Not Found","description":"Quote not found for symbol: PFSI-10Q"}}}
HTTP Error 404: {"quoteSummary":{"result":null,"error":{"code":"Not Found","description":"Quote not found for symbol: CVLT-RAISE"}}}
$IVN: possibly delisted; no price data found  (period=5d)
$CVLT-RAISE: possibly delisted; no price data found  (period=5d) (Yahoo error = "No data found, symbol may be delisted")
$PFSI-10Q: possibly delisted; no price data found  (period=5d) (Yahoo error = "No data found, symbol may be delisted")

3 Failed downloads:
['IVN']: possibly delisted; no price data found  (period=5d)
['CVLT-RAISE', 'PFSI-10Q']: possibly delisted; no price data found  (period=5d) (Yahoo error = "No data found, symbol may be delisted")

===== 2026-08-20 12:14 (desk) =====
=== ANTI-BOOK PERFORMANCE  (2026-08-20, 0 new baselines) ===
  41 calls | 16 directional | hit-rate 50% (hi-conv 64%) | avg signed 2.2% | avg vs SPY 5.1%
  ticker    dir          P      base        px    ret  signed  vsSPY
  BODI      BEARISH    33%     10.25     6.435  -37.2   +37.2  -40.3
  HUBS      BULLISH    70%    184.47   240.235  +30.2   +30.2  +27.2
  SSRM      BULLISH    97%     28.38     36.63  +29.1   +29.1  +26.0
  S         BULLISH    63%     16.73     20.83  +24.5   +24.5  +21.5
  MNDY      BULLISH    60%      73.6    91.245  +24.0   +24.0  +20.9
  FUTU      BULLISH    60%     95.04    112.35  +18.2   +18.2  +15.7
  TBCG.L    LONG       60%    4460.0    4734.0   +6.1    +6.1   +3.1
  DFIN      BULLISH    65%     46.21   48.8399   +5.7    +5.7   +3.2
  EG        BULLISH    65%    371.35    368.77   -0.7    -0.7   -3.2
  FOUR      BULLISH    62%     48.23    47.685   -1.1    -1.1   -4.2
  BRBY.L    BULLISH    63%    1095.0    1056.5   -3.5    -3.5   -6.6
  PODD      BULLISH    70%    164.48    148.09  -10.0   -10.0  -12.5
  BBD       BULLISH    55%      3.45      2.99  -13.3   -13.3  -15.9
  CPRI      BULLISH    57%      19.0    13.755  -27.6   -27.6  -30.7
  INSP      BEARISH    22%     44.93    60.555  +34.8   -34.8  +31.7
  PATH      BEARISH    22%     10.68   15.8998  +48.9   -48.9  +45.8
  CVLT      NEUTRAL    42%    150.57    131.89  -12.4       –  -13.6
  BAH       NEUTRAL    37%     62.03    76.025  +22.6       –  +19.5
  COSMECCA  WAIT       56%     66500     74500  +12.0       –   +9.8
  TPB       NEUTRAL    45%     84.56     86.76   +2.6       –   -0.5
  WEN       NEUTRAL    45%      8.26    8.7444   +5.9       –   +2.8
  CRM       NEUTRAL    67%    157.93     207.2  +31.2       –  +28.1
  TTD       NEUTRAL    55%     18.65    13.225  -29.1       –  -32.1
  GAP       NEUTRAL    42%     18.73    19.615   +4.7       –   +1.7
  INTU      NEUTRAL    46%     266.4    363.69  +36.5       –  +33.5
  RH        NEUTRAL    45%     163.2    156.34   -4.2       –   -7.3
  EOLS      NEUTRAL    80%      7.13     8.365  +17.3       –  +14.3
  WING      NEUTRAL    42%    165.47   114.385  -30.9       –  -33.9
  KER.PA    NEUTRAL    20%    265.65     250.6   -5.7       –   -8.7
  GO        NEUTRAL    32%      9.72    11.095  +14.1       –  +11.1
  RBLX      NEUTRAL    35%     54.34    38.615  -28.9       –  -32.0
  LULU      NEUTRAL    43%    114.29    115.43   +1.0       –   -2.1
  MMS       NEUTRAL    40%     55.75     57.78   +3.6       –   +1.1
  MRVI      NEUTRAL    45%      6.04     8.285  +37.2       –  +34.6
  GTM       NEUTRAL    11%      2.99      3.86  +29.1       –  +26.6
  FCT.MI    NEUTRAL    70%      9.95     12.42  +24.8       –  +22.3
  GCT       NEUTRAL    55%     33.21      49.4  +48.8       –  +46.2
  8750.T    NEUTRAL    65%    1830.5    1776.0   -3.0       –   -5.5
  MRSH      NEUTRAL    30%    191.09    190.69   -0.2       –   +0.9
  PFSI      NEUTRAL    25%     74.93      76.1   +1.6       –   +2.7
  PAYX      NEUTRAL    65%    116.64    123.23   +5.6       –   +6.7

/Users/ajay/Library/Python/3.9/lib/python/site-packages/urllib3/__init__.py:35: NotOpenSSLWarning: urllib3 v2 only supports OpenSSL 1.1.1+, currently the 'ssl' module is compiled with 'LibreSSL 2.8.3'. See: https://github.com/urllib3/urllib3/issues/3020
  warnings.warn(
HTTP Error 404: {"quoteSummary":{"result":null,"error":{"code":"Not Found","description":"Quote not found for symbol: CVLT-RAISE"}}}
$IVN: possibly delisted; no price data found  (period=5d)
$CVLT-RAISE: possibly delisted; no price data found  (period=5d) (Yahoo error = "No data found, symbol may be delisted")
HTTP Error 404: {"quoteSummary":{"result":null,"error":{"code":"Not Found","description":"Quote not found for symbol: PFSI-10Q"}}}
$PFSI-10Q: possibly delisted; no price data found  (period=5d) (Yahoo error = "No data found, symbol may be delisted")

3 Failed downloads:
['IVN']: possibly delisted; no price data found  (period=5d)
['CVLT-RAISE', 'PFSI-10Q']: possibly delisted; no price data found  (period=5d) (Yahoo error = "No data found, symbol may be delisted")

===== 2026-08-21 13:10 (desk) =====
=== ANTI-BOOK PERFORMANCE  (2026-08-21, 0 new baselines) ===
  41 calls | 16 directional | hit-rate 50% (hi-conv 64%) | avg signed 3.1% | avg vs SPY 6.2%
  ticker    dir          P      base        px    ret  signed  vsSPY
  BODI      BEARISH    33%     10.25     6.405  -37.5   +37.5  -40.8
  SSRM      BULLISH    97%     28.38     37.77  +33.1   +33.1  +29.8
  HUBS      BULLISH    70%    184.47     240.0  +30.1   +30.1  +26.8
  FUTU      BULLISH    60%     95.04    123.64  +30.1   +30.1  +27.3
  S         BULLISH    63%     16.73    21.185  +26.6   +26.6  +23.3
  MNDY      BULLISH    60%      73.6     90.73  +23.3   +23.3  +20.0
  TBCG.L    LONG       60%    4460.0    4770.0   +7.0    +7.0   +3.6
  DFIN      BULLISH    65%     46.21     48.21   +4.3    +4.3   +1.5
  EG        BULLISH    65%    371.35    369.94   -0.4    -0.4   -3.2
  FOUR      BULLISH    62%     48.23     47.89   -0.7    -0.7   -4.0
  BRBY.L    BULLISH    63%    1095.0    1069.5   -2.3    -2.3   -5.7
  BBD       BULLISH    55%      3.45     3.115   -9.7    -9.7  -12.5
  PODD      BULLISH    70%    164.48    148.16   -9.9    -9.9  -12.7
  CPRI      BULLISH    57%      19.0    13.655  -28.1   -28.1  -31.5
  INSP      BEARISH    22%     44.93     62.33  +38.7   -38.7  +35.4
  PATH      BEARISH    22%     10.68     16.38  +53.4   -53.4  +50.0
  CVLT      NEUTRAL    42%    150.57    133.81  -11.1       –  -12.5
  BAH       NEUTRAL    37%     62.03     77.03  +24.2       –  +20.9
  COSMECCA  WAIT       56%     66500     74500  +12.0       –   +9.5
  TPB       NEUTRAL    45%     84.56     83.48   -1.3       –   -4.6
  WEN       NEUTRAL    45%      8.26      9.01   +9.1       –   +5.8
  CRM       NEUTRAL    67%    157.93    209.16  +32.4       –  +29.1
  TTD       NEUTRAL    55%     18.65     13.18  -29.3       –  -32.7
  GAP       NEUTRAL    42%     18.73    19.795   +5.7       –   +2.4
  INTU      NEUTRAL    46%     266.4     367.0  +37.8       –  +34.4
  RH        NEUTRAL    45%     163.2   153.195   -6.1       –   -9.5
  EOLS      NEUTRAL    80%      7.13      8.39  +17.7       –  +14.3
  WING      NEUTRAL    42%    165.47    115.43  -30.2       –  -33.6
  KER.PA    NEUTRAL    20%    265.65     254.3   -4.3       –   -7.6
  GO        NEUTRAL    32%      9.72      11.6  +19.3       –  +16.0
  RBLX      NEUTRAL    35%     54.34    38.398  -29.3       –  -32.7
  LULU      NEUTRAL    43%    114.29    121.07   +5.9       –   +2.6
  MMS       NEUTRAL    40%     55.75      58.2   +4.4       –   +1.6
  MRVI      NEUTRAL    45%      6.04      8.64  +43.0       –  +40.2
  GTM       NEUTRAL    11%      2.99      3.97  +32.8       –  +30.0
  FCT.MI    NEUTRAL    70%      9.95    12.495  +25.6       –  +22.8
  GCT       NEUTRAL    55%     33.21     49.65  +49.5       –  +46.7
  8750.T    NEUTRAL    65%    1830.5    1767.5   -3.4       –   -6.2
  MRSH      NEUTRAL    30%    191.09    191.99   +0.5       –   +1.3
  PFSI      NEUTRAL    25%     74.93     75.09   +0.2       –   +1.1
  PAYX      NEUTRAL    65%    116.64   124.475   +6.7       –   +7.6

/Users/ajay/Library/Python/3.9/lib/python/site-packages/urllib3/__init__.py:35: NotOpenSSLWarning: urllib3 v2 only supports OpenSSL 1.1.1+, currently the 'ssl' module is compiled with 'LibreSSL 2.8.3'. See: https://github.com/urllib3/urllib3/issues/3020
  warnings.warn(
HTTP Error 404: {"quoteSummary":{"result":null,"error":{"code":"Not Found","description":"Quote not found for symbol: CVLT-RAISE"}}}
$IVN: possibly delisted; no price data found  (period=5d)
$CVLT-RAISE: possibly delisted; no price data found  (period=5d) (Yahoo error = "No data found, symbol may be delisted")
HTTP Error 404: {"quoteSummary":{"result":null,"error":{"code":"Not Found","description":"Quote not found for symbol: PFSI-10Q"}}}
$PFSI-10Q: possibly delisted; no price data found  (period=5d) (Yahoo error = "No data found, symbol may be delisted")

3 Failed downloads:
['IVN']: possibly delisted; no price data found  (period=5d)
['CVLT-RAISE', 'PFSI-10Q']: possibly delisted; no price data found  (period=5d) (Yahoo error = "No data found, symbol may be delisted")

===== 2026-08-24 02:14 (desk) =====
=== ANTI-BOOK PERFORMANCE  (2026-08-24, 0 new baselines) ===
  41 calls | 16 directional | hit-rate 50% (hi-conv 64%) | avg signed 3.2% | avg vs SPY 6.2%
  ticker    dir          P      base        px    ret  signed  vsSPY
  BODI      BEARISH    33%     10.25      6.37  -37.9   +37.9  -41.2
  SSRM      BULLISH    97%     28.38     37.77  +33.1   +33.1  +29.8
  HUBS      BULLISH    70%    184.47    240.01  +30.1   +30.1  +26.8
  FUTU      BULLISH    60%     95.04    123.64  +30.1   +30.1  +27.3
  S         BULLISH    63%     16.73     21.19  +26.7   +26.7  +23.3
  MNDY      BULLISH    60%      73.6     90.73  +23.3   +23.3  +19.9
  TBCG.L    LONG       60%    4460.0    4830.0   +8.3    +8.3   +5.0
  DFIN      BULLISH    65%     46.21     48.23   +4.4    +4.4   +1.6
  EG        BULLISH    65%    371.35    370.06   -0.3    -0.3   -3.2
  FOUR      BULLISH    62%     48.23     47.93   -0.6    -0.6   -4.0
  BRBY.L    BULLISH    63%    1095.0    1074.0   -1.9    -1.9   -5.3
  PODD      BULLISH    70%    164.48    148.16   -9.9    -9.9  -12.7
  BBD       BULLISH    55%      3.45      3.11   -9.9    -9.9  -12.7
  CPRI      BULLISH    57%      19.0     13.65  -28.2   -28.2  -31.5
  INSP      BEARISH    22%     44.93     62.36  +38.8   -38.8  +35.5
  PATH      BEARISH    22%     10.68     16.39  +53.5   -53.5  +50.1
  CVLT      NEUTRAL    42%    150.57    133.81  -11.1       –  -12.6
  BAH       NEUTRAL    37%     62.03     77.05  +24.2       –  +20.9
  COSMECCA  WAIT       56%     66500     74500  +12.0       –   +9.5
  TPB       NEUTRAL    45%     84.56     83.41   -1.4       –   -4.7
  WEN       NEUTRAL    45%      8.26      9.01   +9.1       –   +5.7
  CRM       NEUTRAL    67%    157.93    209.17  +32.4       –  +29.1
  TTD       NEUTRAL    55%     18.65     13.18  -29.3       –  -32.7
  GAP       NEUTRAL    42%     18.73      19.8   +5.7       –   +2.4
  INTU      NEUTRAL    46%     266.4     367.0  +37.8       –  +34.4
  RH        NEUTRAL    45%     163.2    153.21   -6.1       –   -9.5
  EOLS      NEUTRAL    80%      7.13      8.39  +17.7       –  +14.3
  WING      NEUTRAL    42%    165.47    115.43  -30.2       –  -33.6
  KER.PA    NEUTRAL    20%    265.65     255.8   -3.7       –   -7.0
  GO        NEUTRAL    32%      9.72      11.6  +19.3       –  +16.0
  RBLX      NEUTRAL    35%     54.34     38.37  -29.4       –  -32.7
  LULU      NEUTRAL    43%    114.29    121.07   +5.9       –   +2.6
  MMS       NEUTRAL    40%     55.75     58.22   +4.4       –   +1.6
  MRVI      NEUTRAL    45%      6.04      8.64  +43.0       –  +40.2
  GTM       NEUTRAL    11%      2.99      3.97  +32.8       –  +30.0
  FCT.MI    NEUTRAL    70%      9.95      12.5  +25.6       –  +22.8
  GCT       NEUTRAL    55%     33.21     49.65  +49.5       –  +46.7
  8750.T    NEUTRAL    65%    1830.5    1777.0   -2.9       –   -5.7
  MRSH      NEUTRAL    30%    191.09    192.01   +0.5       –   +1.3
  PFSI      NEUTRAL    25%     74.93     75.09   +0.2       –   +1.0
  PAYX      NEUTRAL    65%    116.64    124.48   +6.7       –   +7.5

/Users/ajay/Library/Python/3.9/lib/python/site-packages/urllib3/__init__.py:35: NotOpenSSLWarning: urllib3 v2 only supports OpenSSL 1.1.1+, currently the 'ssl' module is compiled with 'LibreSSL 2.8.3'. See: https://github.com/urllib3/urllib3/issues/3020
  warnings.warn(
$IVN: possibly delisted; no price data found  (period=5d)
HTTP Error 404: {"quoteSummary":{"result":null,"error":{"code":"Not Found","description":"Quote not found for symbol: CVLT-RAISE"}}}
HTTP Error 404: {"quoteSummary":{"result":null,"error":{"code":"Not Found","description":"Quote not found for symbol: PFSI-10Q"}}}
$CVLT-RAISE: possibly delisted; no price data found  (period=5d) (Yahoo error = "No data found, symbol may be delisted")
$PFSI-10Q: possibly delisted; no price data found  (period=5d) (Yahoo error = "No data found, symbol may be delisted")

3 Failed downloads:
['IVN']: possibly delisted; no price data found  (period=5d)
['CVLT-RAISE', 'PFSI-10Q']: possibly delisted; no price data found  (period=5d) (Yahoo error = "No data found, symbol may be delisted")

===== 2026-08-25 03:07 (desk) =====
=== ANTI-BOOK PERFORMANCE  (2026-08-25, 0 new baselines) ===
  41 calls | 16 directional | hit-rate 56% (hi-conv 73%) | avg signed 3.6% | avg vs SPY 6.7%
  ticker    dir          P      base        px    ret  signed  vsSPY
  BODI      BEARISH    33%     10.25      6.09  -40.6   +40.6  -43.6
  SSRM      BULLISH    97%     28.38     38.61  +36.0   +36.0  +33.0
  HUBS      BULLISH    70%    184.47    244.17  +32.4   +32.4  +29.3
  MNDY      BULLISH    60%      73.6     94.25  +28.1   +28.1  +25.0
  S         BULLISH    63%     16.73     20.82  +24.4   +24.4  +21.4
  FUTU      BULLISH    60%     95.04    115.81  +21.9   +21.9  +19.3
  TBCG.L    LONG       60%    4460.0    4982.0  +11.7   +11.7   +8.7
  DFIN      BULLISH    65%     46.21     47.39   +2.6    +2.6   +0.0
  EG        BULLISH    65%    371.35    376.79   +1.5    +1.5   -1.0
  FOUR      BULLISH    62%     48.23      48.0   -0.5    -0.5   -3.5
  BRBY.L    BULLISH    63%    1095.0    1082.0   -1.2    -1.2   -4.2
  BBD       BULLISH    55%      3.45      3.15   -8.7    -8.7  -11.2
  PODD      BULLISH    70%    164.48    145.42  -11.6   -11.6  -14.1
  CPRI      BULLISH    57%      19.0     13.68  -28.0   -28.0  -31.0
  INSP      BEARISH    22%     44.93     61.47  +36.8   -36.8  +33.8
  PATH      BEARISH    22%     10.68     16.57  +55.1   -55.1  +52.1
  CVLT      NEUTRAL    42%    150.57    131.13  -12.9       –  -14.0
  BAH       NEUTRAL    37%     62.03     75.22  +21.3       –  +18.2
  COSMECCA  WAIT       56%     66500     74500  +12.0       –   +9.8
  TPB       NEUTRAL    45%     84.56     83.46   -1.3       –   -4.3
  WEN       NEUTRAL    45%      8.26      8.84   +7.0       –   +4.0
  CRM       NEUTRAL    67%    157.93    209.06  +32.4       –  +29.3
  TTD       NEUTRAL    55%     18.65     13.27  -28.8       –  -31.9
  GAP       NEUTRAL    42%     18.73     20.36   +8.7       –   +5.7
  INTU      NEUTRAL    46%     266.4    369.92  +38.9       –  +35.8
  RH        NEUTRAL    45%     163.2    143.34  -12.2       –  -15.2
  EOLS      NEUTRAL    80%      7.13      8.78  +23.1       –  +20.1
  WING      NEUTRAL    42%    165.47    116.84  -29.4       –  -32.4
  KER.PA    NEUTRAL    20%    265.65     251.8   -5.2       –   -8.2
  GO        NEUTRAL    32%      9.72     12.04  +23.9       –  +20.8
  RBLX      NEUTRAL    35%     54.34     38.76  -28.7       –  -31.7
  LULU      NEUTRAL    43%    114.29    122.78   +7.4       –   +4.4
  MMS       NEUTRAL    40%     55.75     58.24   +4.5       –   +2.0
  MRVI      NEUTRAL    45%      6.04      8.43  +39.6       –  +37.1
  GTM       NEUTRAL    11%      2.99       3.9  +30.4       –  +27.9
  FCT.MI    NEUTRAL    70%      9.95    12.535  +26.0       –  +23.5
  GCT       NEUTRAL    55%     33.21     50.51  +52.1       –  +49.6
  8750.T    NEUTRAL    65%    1830.5    1802.0   -1.6       –   -4.1
  MRSH      NEUTRAL    30%    191.09    194.67   +1.9       –   +3.0
  PFSI      NEUTRAL    25%     74.93     75.18   +0.3       –   +1.5
  PAYX      NEUTRAL    65%    116.64    126.01   +8.0       –   +9.2

/Users/ajay/Library/Python/3.9/lib/python/site-packages/urllib3/__init__.py:35: NotOpenSSLWarning: urllib3 v2 only supports OpenSSL 1.1.1+, currently the 'ssl' module is compiled with 'LibreSSL 2.8.3'. See: https://github.com/urllib3/urllib3/issues/3020
  warnings.warn(
$IVN: possibly delisted; no price data found  (period=5d)
HTTP Error 404: {"quoteSummary":{"result":null,"error":{"code":"Not Found","description":"Quote not found for symbol: PFSI-10Q"}}}
$PFSI-10Q: possibly delisted; no price data found  (period=5d) (Yahoo error = "No data found, symbol may be delisted")
HTTP Error 404: {"quoteSummary":{"result":null,"error":{"code":"Not Found","description":"Quote not found for symbol: CVLT-RAISE"}}}
$CVLT-RAISE: possibly delisted; no price data found  (period=5d) (Yahoo error = "No data found, symbol may be delisted")

3 Failed downloads:
['IVN']: possibly delisted; no price data found  (period=5d)
['PFSI-10Q', 'CVLT-RAISE']: possibly delisted; no price data found  (period=5d) (Yahoo error = "No data found, symbol may be delisted")

===== 2026-08-26 04:17 (desk) =====
=== ANTI-BOOK PERFORMANCE  (2026-08-26, 0 new baselines) ===
  41 calls | 16 directional | hit-rate 56% (hi-conv 73%) | avg signed 4.0% | avg vs SPY 6.7%
  ticker    dir          P      base        px    ret  signed  vsSPY
  BODI      BEARISH    33%     10.25      6.15  -40.0   +40.0  -43.4
  SSRM      BULLISH    97%     28.38     39.21  +38.2   +38.2  +34.8
  FUTU      BULLISH    60%     95.04    125.63  +32.2   +32.2  +29.3
  HUBS      BULLISH    70%    184.47    237.69  +28.9   +28.9  +25.5
  MNDY      BULLISH    60%      73.6     93.23  +26.7   +26.7  +23.3
  S         BULLISH    63%     16.73     20.31  +21.4   +21.4  +18.0
  TBCG.L    LONG       60%    4460.0    5040.0  +13.0   +13.0   +9.6
  DFIN      BULLISH    65%     46.21     47.75   +3.3    +3.3   +0.5
  EG        BULLISH    65%    371.35    375.39   +1.1    +1.1   -1.7
  BRBY.L    BULLISH    63%    1095.0    1091.0   -0.4    -0.4   -3.7
  FOUR      BULLISH    62%     48.23      48.0   -0.5    -0.5   -3.8
  BBD       BULLISH    55%      3.45      3.25   -5.8    -5.8   -8.6
  PODD      BULLISH    70%    164.48    143.05  -13.0   -13.0  -15.9
  CPRI      BULLISH    57%      19.0      13.3  -30.0   -30.0  -33.4
  INSP      BEARISH    22%     44.93     61.07  +35.9   -35.9  +32.6
  PATH      BEARISH    22%     10.68     16.66  +56.0   -56.0  +52.6
  CVLT      NEUTRAL    42%    150.57    131.16  -12.9       –  -14.3
  BAH       NEUTRAL    37%     62.03     73.83  +19.0       –  +15.7
  COSMECCA  WAIT       56%     66500     74500  +12.0       –   +9.5
  TPB       NEUTRAL    45%     84.56      85.8   +1.5       –   -1.9
  WEN       NEUTRAL    45%      8.26      9.12  +10.4       –   +7.0
  CRM       NEUTRAL    67%    157.93    205.69  +30.2       –  +26.9
  TTD       NEUTRAL    55%     18.65     13.25  -29.0       –  -32.3
  GAP       NEUTRAL    42%     18.73     20.15   +7.6       –   +4.2
  INTU      NEUTRAL    46%     266.4    357.46  +34.2       –  +30.8
  RH        NEUTRAL    45%     163.2     141.3  -13.4       –  -16.8
  EOLS      NEUTRAL    80%      7.13     8.975  +25.9       –  +22.5
  WING      NEUTRAL    42%    165.47    113.85  -31.2       –  -34.6
  KER.PA    NEUTRAL    20%    265.65    251.45   -5.3       –   -8.7
  GO        NEUTRAL    32%      9.72     12.12  +24.7       –  +21.3
  RBLX      NEUTRAL    35%     54.34     39.12  -28.0       –  -31.4
  LULU      NEUTRAL    43%    114.29    118.33   +3.5       –   +0.2
  MMS       NEUTRAL    40%     55.75     58.53   +5.0       –   +2.1
  MRVI      NEUTRAL    45%      6.04       9.0  +49.0       –  +46.2
  GTM       NEUTRAL    11%      2.99      3.86  +29.1       –  +26.3
  FCT.MI    NEUTRAL    70%      9.95    12.765  +28.3       –  +25.5
  GCT       NEUTRAL    55%     33.21     52.22  +57.2       –  +54.4
  8750.T    NEUTRAL    65%    1830.5    1824.5   -0.3       –   -3.2
  MRSH      NEUTRAL    30%    191.09     193.4   +1.2       –   +2.0
  PFSI      NEUTRAL    25%     74.93     74.16   -1.0       –   -0.2
  PAYX      NEUTRAL    65%    116.64    124.99   +7.2       –   +8.0

/Users/ajay/Library/Python/3.9/lib/python/site-packages/urllib3/__init__.py:35: NotOpenSSLWarning: urllib3 v2 only supports OpenSSL 1.1.1+, currently the 'ssl' module is compiled with 'LibreSSL 2.8.3'. See: https://github.com/urllib3/urllib3/issues/3020
  warnings.warn(
$IVN: possibly delisted; no price data found  (period=5d)
HTTP Error 404: {"quoteSummary":{"result":null,"error":{"code":"Not Found","description":"Quote not found for symbol: CVLT-RAISE"}}}
HTTP Error 404: {"quoteSummary":{"result":null,"error":{"code":"Not Found","description":"Quote not found for symbol: PFSI-10Q"}}}
$CVLT-RAISE: possibly delisted; no price data found  (period=5d) (Yahoo error = "No data found, symbol may be delisted")
$PFSI-10Q: possibly delisted; no price data found  (period=5d) (Yahoo error = "No data found, symbol may be delisted")

3 Failed downloads:
['IVN']: possibly delisted; no price data found  (period=5d)
['CVLT-RAISE', 'PFSI-10Q']: possibly delisted; no price data found  (period=5d) (Yahoo error = "No data found, symbol may be delisted")

===== 2026-08-27 05:10 (desk) =====
=== ANTI-BOOK PERFORMANCE  (2026-08-27, 0 new baselines) ===
  41 calls | 16 directional | hit-rate 56% (hi-conv 73%) | avg signed 3.6% | avg vs SPY 6.6%
  ticker    dir          P      base        px    ret  signed  vsSPY
  BODI      BEARISH    33%     10.25      6.14  -40.1   +40.1  -43.5
  SSRM      BULLISH    97%     28.38     38.09  +34.2   +34.2  +30.8
  FUTU      BULLISH    60%     95.04    127.34  +34.0   +34.0  +31.1
  HUBS      BULLISH    70%    184.47    237.08  +28.5   +28.5  +25.1
  MNDY      BULLISH    60%      73.6     92.55  +25.7   +25.7  +22.4
  S         BULLISH    63%     16.73     20.51  +22.6   +22.6  +19.2
  TBCG.L    LONG       60%    4460.0    5060.0  +13.5   +13.5  +10.1
  DFIN      BULLISH    65%     46.21     47.64   +3.1    +3.1   +0.2
  EG        BULLISH    65%    371.35    379.78   +2.3    +2.3   -0.6
  BRBY.L    BULLISH    63%    1095.0    1081.5   -1.2    -1.2   -4.6
  FOUR      BULLISH    62%     48.23     46.25   -4.1    -4.1   -7.5
  BBD       BULLISH    55%      3.45      3.26   -5.5    -5.5   -8.4
  PODD      BULLISH    70%    164.48    143.38  -12.8   -12.8  -15.7
  CPRI      BULLISH    57%      19.0      13.6  -28.4   -28.4  -31.8
  INSP      BEARISH    22%     44.93      61.8  +37.5   -37.5  +34.2
  PATH      BEARISH    22%     10.68     16.76  +56.9   -56.9  +53.5
  CVLT      NEUTRAL    42%    150.57    134.31  -10.8       –  -12.3
  BAH       NEUTRAL    37%     62.03     74.24  +19.7       –  +16.3
  COSMECCA  WAIT       56%     66500     74500  +12.0       –   +9.4
  TPB       NEUTRAL    45%     84.56     88.06   +4.1       –   +0.8
  WEN       NEUTRAL    45%      8.26      9.04   +9.4       –   +6.1
  CRM       NEUTRAL    67%    157.93    205.62  +30.2       –  +26.8
  TTD       NEUTRAL    55%     18.65     13.03  -30.1       –  -33.5
  GAP       NEUTRAL    42%     18.73     21.15  +12.9       –   +9.5
  INTU      NEUTRAL    46%     266.4    345.88  +29.8       –  +26.5
  RH        NEUTRAL    45%     163.2    148.57   -9.0       –  -12.3
  EOLS      NEUTRAL    80%      7.13      8.78  +23.1       –  +19.8
  WING      NEUTRAL    42%    165.47    112.24  -32.2       –  -35.6
  KER.PA    NEUTRAL    20%    265.65    250.65   -5.6       –   -9.0
  GO        NEUTRAL    32%      9.72     12.21  +25.6       –  +22.2
  RBLX      NEUTRAL    35%     54.34     37.56  -30.9       –  -34.3
  LULU      NEUTRAL    43%    114.29    116.35   +1.8       –   -1.6
  MMS       NEUTRAL    40%     55.75     58.97   +5.8       –   +2.9
  MRVI      NEUTRAL    45%      6.04       8.9  +47.4       –  +44.5
  GTM       NEUTRAL    11%      2.99       3.8  +27.1       –  +24.2
  FCT.MI    NEUTRAL    70%      9.95    12.935  +30.0       –  +27.1
  GCT       NEUTRAL    55%     33.21     52.08  +56.8       –  +54.0
  8750.T    NEUTRAL    65%    1830.5    1816.5   -0.8       –   -3.6
  MRSH      NEUTRAL    30%    191.09    193.26   +1.1       –   +1.9
  PFSI      NEUTRAL    25%     74.93      72.9   -2.7       –   -1.9
  PAYX      NEUTRAL    65%    116.64    124.88   +7.1       –   +7.8

/Users/ajay/Library/Python/3.9/lib/python/site-packages/urllib3/__init__.py:35: NotOpenSSLWarning: urllib3 v2 only supports OpenSSL 1.1.1+, currently the 'ssl' module is compiled with 'LibreSSL 2.8.3'. See: https://github.com/urllib3/urllib3/issues/3020
  warnings.warn(
$IVN: possibly delisted; no price data found  (period=5d)
HTTP Error 404: {"quoteSummary":{"result":null,"error":{"code":"Not Found","description":"Quote not found for symbol: PFSI-10Q"}}}
HTTP Error 404: {"quoteSummary":{"result":null,"error":{"code":"Not Found","description":"Quote not found for symbol: CVLT-RAISE"}}}
$PFSI-10Q: possibly delisted; no price data found  (period=5d) (Yahoo error = "No data found, symbol may be delisted")
$CVLT-RAISE: possibly delisted; no price data found  (period=5d) (Yahoo error = "No data found, symbol may be delisted")

3 Failed downloads:
['IVN']: possibly delisted; no price data found  (period=5d)
['PFSI-10Q', 'CVLT-RAISE']: possibly delisted; no price data found  (period=5d) (Yahoo error = "No data found, symbol may be delisted")

===== 2026-08-28 06:09 (desk) =====
=== ANTI-BOOK PERFORMANCE  (2026-08-28, 0 new baselines) ===
  41 calls | 16 directional | hit-rate 56% (hi-conv 73%) | avg signed 4.5% | avg vs SPY 7.1%
  ticker    dir          P      base        px    ret  signed  vsSPY
  BODI      BEARISH    33%     10.25      5.99  -41.6   +41.6  -45.6
  HUBS      BULLISH    70%    184.47    255.83  +38.7   +38.7  +34.6
  SSRM      BULLISH    97%     28.38     39.01  +37.5   +37.5  +33.4
  S         BULLISH    63%     16.73     22.71  +35.7   +35.7  +31.7
  MNDY      BULLISH    60%      73.6    99.505  +35.2   +35.2  +31.1
  FUTU      BULLISH    60%     95.04    124.57  +31.1   +31.1  +27.5
  TBCG.L    LONG       60%    4460.0    5075.0  +13.8   +13.8   +9.7
  DFIN      BULLISH    65%     46.21     47.96   +3.8    +3.8   +0.3
  EG        BULLISH    65%    371.35    377.66   +1.7    +1.7   -1.8
  BRBY.L    BULLISH    63%    1095.0    1082.0   -1.2    -1.2   -5.2
  BBD       BULLISH    55%      3.45      3.23   -6.4    -6.4   -9.9
  FOUR      BULLISH    62%     48.23     43.94   -8.9    -8.9  -13.0
  PODD      BULLISH    70%    164.48    143.41  -12.8   -12.8  -16.3
  CPRI      BULLISH    57%      19.0     13.18  -30.6   -30.6  -34.7
  INSP      BEARISH    22%     44.93     60.82  +35.4   -35.4  +31.3
  PATH      BEARISH    22%     10.68     18.33  +71.6   -71.6  +67.6
  CVLT      NEUTRAL    42%    150.57    140.36   -6.8       –   -8.9
  BAH       NEUTRAL    37%     62.03     74.88  +20.7       –  +16.7
  COSMECCA  WAIT       56%     66500     74500  +12.0       –   +8.8
  TPB       NEUTRAL    45%     84.56     84.24   -0.4       –   -4.4
  WEN       NEUTRAL    45%      8.26      7.82   -5.3       –   -9.4
  CRM       NEUTRAL    67%    157.93    252.05  +59.6       –  +55.5
  TTD       NEUTRAL    55%     18.65     13.42  -28.0       –  -32.1
  GAP       NEUTRAL    42%     18.73     20.79  +11.0       –   +6.9
  INTU      NEUTRAL    46%     266.4     348.0  +30.6       –  +26.6
  RH        NEUTRAL    45%     163.2     144.8  -11.3       –  -15.3
  EOLS      NEUTRAL    80%      7.13      8.88  +24.5       –  +20.5
  WING      NEUTRAL    42%    165.47    109.95  -33.6       –  -37.6
  KER.PA    NEUTRAL    20%    265.65    255.95   -3.7       –   -7.7
  GO        NEUTRAL    32%      9.72      11.7  +20.4       –  +16.3
  RBLX      NEUTRAL    35%     54.34     38.15  -29.8       –  -33.9
  LULU      NEUTRAL    43%    114.29     115.0   +0.6       –   -3.4
  MMS       NEUTRAL    40%     55.75     59.54   +6.8       –   +3.3
  MRVI      NEUTRAL    45%      6.04      8.37  +38.6       –  +35.0
  GTM       NEUTRAL    11%      2.99      4.08  +36.5       –  +32.9
  FCT.MI    NEUTRAL    70%      9.95     12.64  +27.0       –  +23.5
  GCT       NEUTRAL    55%     33.21     51.58  +55.3       –  +51.8
  8750.T    NEUTRAL    65%    1830.5    1843.0   +0.7       –   -2.9
  MRSH      NEUTRAL    30%    191.09     190.0   -0.6       –   -0.4
  PFSI      NEUTRAL    25%     74.93     73.59   -1.8       –   -1.7
  PAYX      NEUTRAL    65%    116.64    126.48   +8.4       –   +8.6

/Users/ajay/Library/Python/3.9/lib/python/site-packages/urllib3/__init__.py:35: NotOpenSSLWarning: urllib3 v2 only supports OpenSSL 1.1.1+, currently the 'ssl' module is compiled with 'LibreSSL 2.8.3'. See: https://github.com/urllib3/urllib3/issues/3020
  warnings.warn(
$IVN: possibly delisted; no price data found  (period=5d)
HTTP Error 404: {"quoteSummary":{"result":null,"error":{"code":"Not Found","description":"Quote not found for symbol: CVLT-RAISE"}}}
HTTP Error 404: {"quoteSummary":{"result":null,"error":{"code":"Not Found","description":"Quote not found for symbol: PFSI-10Q"}}}
$CVLT-RAISE: possibly delisted; no price data found  (period=5d) (Yahoo error = "No data found, symbol may be delisted")
$PFSI-10Q: possibly delisted; no price data found  (period=5d) (Yahoo error = "No data found, symbol may be delisted")

3 Failed downloads:
['IVN']: possibly delisted; no price data found  (period=5d)
['CVLT-RAISE', 'PFSI-10Q']: possibly delisted; no price data found  (period=5d) (Yahoo error = "No data found, symbol may be delisted")

===== 2026-08-31 01:08 (desk) =====
=== ANTI-BOOK PERFORMANCE  (2026-08-31, 0 new baselines) ===
  41 calls | 16 directional | hit-rate 56% (hi-conv 73%) | avg signed 4.3% | avg vs SPY 8.0%
  ticker    dir          P      base        px    ret  signed  vsSPY
  BODI      BEARISH    33%     10.25      5.84  -43.0   +43.0  -46.9
  HUBS      BULLISH    70%    184.47    260.68  +41.3   +41.3  +37.5
  MNDY      BULLISH    60%      73.6    100.71  +36.8   +36.8  +33.0
  SSRM      BULLISH    97%     28.38     37.29  +31.4   +31.4  +27.6
  FUTU      BULLISH    60%     95.04    124.26  +30.7   +30.7  +27.4
  S         BULLISH    63%     16.73     21.54  +28.8   +28.8  +24.9
  TBCG.L    LONG       60%    4460.0    5050.0  +13.2   +13.2   +9.4
  DFIN      BULLISH    65%     46.21     48.32   +4.6    +4.6   +1.3
  EG        BULLISH    65%    371.35    377.61   +1.7    +1.7   -1.6
  BRBY.L    BULLISH    63%    1095.0    1084.0   -1.0    -1.0   -4.8
  BBD       BULLISH    55%      3.45      3.25   -5.8    -5.8   -9.1
  FOUR      BULLISH    62%     48.23     43.96   -8.9    -8.9  -12.7
  PODD      BULLISH    70%    164.48    145.13  -11.8   -11.8  -15.1
  CPRI      BULLISH    57%      19.0      13.5  -28.9   -28.9  -32.8
  INSP      BEARISH    22%     44.93     61.44  +36.7   -36.7  +32.9
  PATH      BEARISH    22%     10.68     18.15  +69.9   -69.9  +66.1
  CVLT      NEUTRAL    42%    150.57     136.4   -9.4       –  -11.3
  BAH       NEUTRAL    37%     62.03     75.24  +21.3       –  +17.5
  COSMECCA  WAIT       56%     66500     74500  +12.0       –   +9.0
  TPB       NEUTRAL    45%     84.56     83.93   -0.7       –   -4.6
  WEN       NEUTRAL    45%      8.26      8.27   +0.1       –   -3.7
  CRM       NEUTRAL    67%    157.93     256.0  +62.1       –  +58.3
  TTD       NEUTRAL    55%     18.65     13.57  -27.2       –  -31.1
  GAP       NEUTRAL    42%     18.73     23.48  +25.4       –  +21.5
  INTU      NEUTRAL    46%     266.4    358.06  +34.4       –  +30.6
  RH        NEUTRAL    45%     163.2    149.49   -8.4       –  -12.2
  EOLS      NEUTRAL    80%      7.13      8.88  +24.5       –  +20.7
  WING      NEUTRAL    42%    165.47    113.58  -31.4       –  -35.2
  KER.PA    NEUTRAL    20%    265.65    253.55   -4.6       –   -8.4
  GO        NEUTRAL    32%      9.72     12.17  +25.2       –  +21.4
  RBLX      NEUTRAL    35%     54.34     38.53  -29.1       –  -32.9
  LULU      NEUTRAL    43%    114.29    120.81   +5.7       –   +1.9
  MMS       NEUTRAL    40%     55.75     59.75   +7.2       –   +3.9
  MRVI      NEUTRAL    45%      6.04      7.68  +27.2       –  +23.9
  GTM       NEUTRAL    11%      2.99       4.2  +40.5       –  +37.2
  FCT.MI    NEUTRAL    70%      9.95     12.37  +24.3       –  +21.0
  GCT       NEUTRAL    55%     33.21     52.95  +59.4       –  +56.1
  8750.T    NEUTRAL    65%    1830.5    1838.5   +0.4       –   -2.9
  MRSH      NEUTRAL    30%    191.09    192.64   +0.8       –   +1.2
  PFSI      NEUTRAL    25%     74.93     73.38   -2.1       –   -1.7
  PAYX      NEUTRAL    65%    116.64    127.04   +8.9       –   +9.3

/Users/ajay/Library/Python/3.9/lib/python/site-packages/urllib3/__init__.py:35: NotOpenSSLWarning: urllib3 v2 only supports OpenSSL 1.1.1+, currently the 'ssl' module is compiled with 'LibreSSL 2.8.3'. See: https://github.com/urllib3/urllib3/issues/3020
  warnings.warn(
$IVN: possibly delisted; no price data found  (period=5d)
HTTP Error 404: {"quoteSummary":{"result":null,"error":{"code":"Not Found","description":"Quote not found for symbol: CVLT-RAISE"}}}
HTTP Error 404: {"quoteSummary":{"result":null,"error":{"code":"Not Found","description":"Quote not found for symbol: PFSI-10Q"}}}
$PFSI-10Q: possibly delisted; no price data found  (period=5d) (Yahoo error = "No data found, symbol may be delisted")
$CVLT-RAISE: possibly delisted; no price data found  (period=5d) (Yahoo error = "No data found, symbol may be delisted")

3 Failed downloads:
['IVN']: possibly delisted; no price data found  (period=5d)
['PFSI-10Q', 'CVLT-RAISE']: possibly delisted; no price data found  (period=5d) (Yahoo error = "No data found, symbol may be delisted")

===== 2026-09-01 02:02 (desk) =====
=== ANTI-BOOK PERFORMANCE  (2026-09-01, 0 new baselines) ===
  41 calls | 16 directional | hit-rate 56% (hi-conv 73%) | avg signed 3.5% | avg vs SPY 7.8%
  ticker    dir          P      base        px    ret  signed  vsSPY
  BODI      BEARISH    33%     10.25      5.85  -42.9   +42.9  -46.4
  HUBS      BULLISH    70%    184.47    261.36  +41.7   +41.7  +38.2
  MNDY      BULLISH    60%      73.6    101.14  +37.4   +37.4  +33.9
  SSRM      BULLISH    97%     28.38     37.61  +32.5   +32.5  +29.0
  S         BULLISH    63%     16.73      22.1  +32.1   +32.1  +28.6
  FUTU      BULLISH    60%     95.04    122.14  +28.5   +28.5  +25.5
  TBCG.L    LONG       60%    4460.0    4900.0   +9.9    +9.9   +6.3
  DFIN      BULLISH    65%     46.21      48.3   +4.5    +4.5   +1.5
  EG        BULLISH    65%    371.35    374.65   +0.9    +0.9   -2.1
  BRBY.L    BULLISH    63%    1095.0    1065.0   -2.7    -2.7   -6.3
  BBD       BULLISH    55%      3.45      3.28   -4.9    -4.9   -7.9
  PODD      BULLISH    70%    164.48    148.66   -9.6    -9.6  -12.6
  FOUR      BULLISH    62%     48.23     42.28  -12.3   -12.3  -15.9
  CPRI      BULLISH    57%      19.0     13.25  -30.3   -30.3  -33.8
  INSP      BEARISH    22%     44.93     62.99  +40.2   -40.2  +36.7
  PATH      BEARISH    22%     10.68     18.67  +74.8   -74.8  +71.3
  CVLT      NEUTRAL    42%    150.57    137.52   -8.7       –  -10.3
  BAH       NEUTRAL    37%     62.03     75.65  +22.0       –  +18.4
  COSMECCA  WAIT       56%     66500     74500  +12.0       –   +9.3
  TPB       NEUTRAL    45%     84.56     80.97   -4.2       –   -7.8
  WEN       NEUTRAL    45%      8.26       8.3   +0.5       –   -3.0
  CRM       NEUTRAL    67%    157.93    257.54  +63.1       –  +59.6
  TTD       NEUTRAL    55%     18.65     13.72  -26.4       –  -29.9
  GAP       NEUTRAL    42%     18.73     22.31  +19.1       –  +15.6
  INTU      NEUTRAL    46%     266.4     359.3  +34.9       –  +31.4
  RH        NEUTRAL    45%     163.2    149.15   -8.6       –  -12.1
  EOLS      NEUTRAL    80%      7.13      9.09  +27.5       –  +24.0
  WING      NEUTRAL    42%    165.47    109.48  -33.8       –  -37.4
  KER.PA    NEUTRAL    20%    265.65    248.25   -6.5       –  -10.1
  GO        NEUTRAL    32%      9.72     11.95  +22.9       –  +19.4
  RBLX      NEUTRAL    35%     54.34     41.29  -24.0       –  -27.5
  LULU      NEUTRAL    43%    114.29    120.26   +5.2       –   +1.7
  MMS       NEUTRAL    40%     55.75     57.77   +3.6       –   +0.6
  MRVI      NEUTRAL    45%      6.04      7.64  +26.5       –  +23.5
  GTM       NEUTRAL    11%      2.99      4.24  +41.8       –  +38.8
  FCT.MI    NEUTRAL    70%      9.95    12.335  +24.0       –  +21.0
  GCT       NEUTRAL    55%     33.21     48.53  +46.1       –  +43.1
  8750.T    NEUTRAL    65%    1830.5    1868.5   +2.1       –   -0.9
  MRSH      NEUTRAL    30%    191.09     189.8   -0.7       –   -0.0
  PFSI      NEUTRAL    25%     74.93     73.11   -2.4       –   -1.8
  PAYX      NEUTRAL    65%    116.64    127.34   +9.2       –   +9.8

/Users/ajay/Library/Python/3.9/lib/python/site-packages/urllib3/__init__.py:35: NotOpenSSLWarning: urllib3 v2 only supports OpenSSL 1.1.1+, currently the 'ssl' module is compiled with 'LibreSSL 2.8.3'. See: https://github.com/urllib3/urllib3/issues/3020
  warnings.warn(
$IVN: possibly delisted; no price data found  (period=5d)
HTTP Error 404: {"quoteSummary":{"result":null,"error":{"code":"Not Found","description":"Quote not found for symbol: PFSI-10Q"}}}
$PFSI-10Q: possibly delisted; no price data found  (period=5d) (Yahoo error = "No data found, symbol may be delisted")
HTTP Error 404: {"quoteSummary":{"result":null,"error":{"code":"Not Found","description":"Quote not found for symbol: CVLT-RAISE"}}}
$CVLT-RAISE: possibly delisted; no price data found  (period=5d) (Yahoo error = "No data found, symbol may be delisted")

3 Failed downloads:
['IVN']: possibly delisted; no price data found  (period=5d)
['PFSI-10Q', 'CVLT-RAISE']: possibly delisted; no price data found  (period=5d) (Yahoo error = "No data found, symbol may be delisted")

===== 2026-09-02 03:06 (desk) =====
=== ANTI-BOOK PERFORMANCE  (2026-09-02, 0 new baselines) ===
  41 calls | 16 directional | hit-rate 56% (hi-conv 73%) | avg signed 2.0% | avg vs SPY 6.4%
  ticker    dir          P      base        px    ret  signed  vsSPY
  BODI      BEARISH    33%     10.25      5.69  -44.5   +44.5  -47.3
  HUBS      BULLISH    70%    184.47    251.11  +36.1   +36.1  +33.3
  MNDY      BULLISH    60%      73.6     96.51  +31.1   +31.1  +28.3
  SSRM      BULLISH    97%     28.38     35.83  +26.3   +26.3  +23.4
  FUTU      BULLISH    60%     95.04    119.28  +25.5   +25.5  +23.2
  S         BULLISH    63%     16.73     20.63  +23.3   +23.3  +20.5
  TBCG.L    LONG       60%    4460.0    4978.0  +11.6   +11.6   +8.8
  DFIN      BULLISH    65%     46.21     48.16   +4.2    +4.2   +1.9
  EG        BULLISH    65%    371.35    378.61   +2.0    +2.0   -0.3
  BBD       BULLISH    55%      3.45      3.32   -3.8    -3.8   -6.1
  BRBY.L    BULLISH    63%    1095.0    1046.5   -4.4    -4.4   -7.2
  PODD      BULLISH    70%    164.48    148.38   -9.8    -9.8  -12.1
  FOUR      BULLISH    62%     48.23     41.08  -14.8   -14.8  -17.6
  CPRI      BULLISH    57%      19.0     12.79  -32.7   -32.7  -35.5
  INSP      BEARISH    22%     44.93     61.52  +36.9   -36.9  +34.1
  PATH      BEARISH    22%     10.68     18.14  +69.9   -69.9  +67.0
  CVLT      NEUTRAL    42%    150.57     129.2  -14.2       –  -15.1
  BAH       NEUTRAL    37%     62.03     75.38  +21.5       –  +18.7
  COSMECCA  WAIT       56%     66500     74500  +12.0       –  +10.0
  TPB       NEUTRAL    45%     84.56     77.72   -8.1       –  -10.9
  WEN       NEUTRAL    45%      8.26      8.27   +0.1       –   -2.7
  CRM       NEUTRAL    67%    157.93    258.11  +63.4       –  +60.6
  TTD       NEUTRAL    55%     18.65     13.78  -26.1       –  -28.9
  GAP       NEUTRAL    42%     18.73      22.0  +17.5       –  +14.7
  INTU      NEUTRAL    46%     266.4    344.93  +29.5       –  +26.7
  RH        NEUTRAL    45%     163.2    144.48  -11.5       –  -14.3
  EOLS      NEUTRAL    80%      7.13      9.08  +27.3       –  +24.5
  WING      NEUTRAL    42%    165.47     109.6  -33.8       –  -36.6
  KER.PA    NEUTRAL    20%    265.65     242.9   -8.6       –  -11.4
  GO        NEUTRAL    32%      9.72     12.11  +24.6       –  +21.8
  RBLX      NEUTRAL    35%     54.34     40.67  -25.2       –  -28.0
  LULU      NEUTRAL    43%    114.29     118.0   +3.2       –   +0.4
  MMS       NEUTRAL    40%     55.75     57.64   +3.4       –   +1.1
  MRVI      NEUTRAL    45%      6.04       7.3  +20.9       –  +18.6
  GTM       NEUTRAL    11%      2.99      4.12  +37.8       –  +35.5
  FCT.MI    NEUTRAL    70%      9.95     12.01  +20.7       –  +18.4
  GCT       NEUTRAL    55%     33.21     47.37  +42.6       –  +40.4
  8750.T    NEUTRAL    65%    1830.5    1846.0   +0.8       –   -1.4
  MRSH      NEUTRAL    30%    191.09    187.58   -1.8       –   -0.5
  PFSI      NEUTRAL    25%     74.93     70.78   -5.5       –   -4.2
  PAYX      NEUTRAL    65%    116.64    125.64   +7.7       –   +9.1

/Users/ajay/Library/Python/3.9/lib/python/site-packages/urllib3/__init__.py:35: NotOpenSSLWarning: urllib3 v2 only supports OpenSSL 1.1.1+, currently the 'ssl' module is compiled with 'LibreSSL 2.8.3'. See: https://github.com/urllib3/urllib3/issues/3020
  warnings.warn(
$IVN: possibly delisted; no price data found  (period=5d)
HTTP Error 404: {"quoteSummary":{"result":null,"error":{"code":"Not Found","description":"Quote not found for symbol: PFSI-10Q"}}}
HTTP Error 404: {"quoteSummary":{"result":null,"error":{"code":"Not Found","description":"Quote not found for symbol: CVLT-RAISE"}}}
$PFSI-10Q: possibly delisted; no price data found  (period=5d) (Yahoo error = "No data found, symbol may be delisted")
$CVLT-RAISE: possibly delisted; no price data found  (period=5d) (Yahoo error = "No data found, symbol may be delisted")

3 Failed downloads:
['IVN']: possibly delisted; no price data found  (period=5d)
['PFSI-10Q', 'CVLT-RAISE']: possibly delisted; no price data found  (period=5d) (Yahoo error = "No data found, symbol may be delisted")

===== 2026-09-03 04:11 (desk) =====
=== ANTI-BOOK PERFORMANCE  (2026-09-03, 0 new baselines) ===
  41 calls | 16 directional | hit-rate 56% (hi-conv 73%) | avg signed 2.4% | avg vs SPY 6.7%
  ticker    dir          P      base        px    ret  signed  vsSPY
  BODI      BEARISH    33%     10.25      5.83  -43.1   +43.1  -46.4
  HUBS      BULLISH    70%    184.47    245.51  +33.1   +33.1  +29.8
  SSRM      BULLISH    97%     28.38     37.75  +33.0   +33.0  +29.8
  MNDY      BULLISH    60%      73.6     94.44  +28.3   +28.3  +25.1
  FUTU      BULLISH    60%     95.04    118.08  +24.2   +24.2  +21.5
  S         BULLISH    63%     16.73     19.68  +17.6   +17.6  +14.4
  TBCG.L    LONG       60%    4460.0    5120.0  +14.8   +14.8  +11.5
  DFIN      BULLISH    65%     46.21     47.87   +3.6    +3.6   +0.9
  EG        BULLISH    65%    371.35    378.28   +1.9    +1.9   -0.9
  BRBY.L    BULLISH    63%    1095.0    1077.5   -1.6    -1.6   -4.9
  FOUR      BULLISH    62%     48.23     44.23   -8.3    -8.3  -11.6
  PODD      BULLISH    70%    164.48    148.14   -9.9    -9.9  -12.7
  CPRI      BULLISH    57%      19.0     12.71  -33.1   -33.1  -36.4
  INSP      BEARISH    22%     44.93     63.07  +40.4   -40.4  +37.1
  PATH      BEARISH    22%     10.68     17.99  +68.4   -68.4  +65.2
  BBD       BULLISH    55%      3.45      3.45   +0.0    +0.0   -2.7
  CVLT      NEUTRAL    42%    150.57    131.56  -12.6       –  -14.0
  BAH       NEUTRAL    37%     62.03     73.17  +18.0       –  +14.7
  COSMECCA  WAIT       56%     66500     74500  +12.0       –   +9.6
  TPB       NEUTRAL    45%     84.56     76.84   -9.1       –  -12.4
  WEN       NEUTRAL    45%      8.26      8.24   -0.2       –   -3.5
  CRM       NEUTRAL    67%    157.93    256.93  +62.7       –  +59.4
  TTD       NEUTRAL    55%     18.65     14.55  -22.0       –  -25.2
  GAP       NEUTRAL    42%     18.73     22.06  +17.8       –  +14.5
  INTU      NEUTRAL    46%     266.4    342.94  +28.7       –  +25.5
  RH        NEUTRAL    45%     163.2    147.68   -9.5       –  -12.8
  EOLS      NEUTRAL    80%      7.13      9.06  +27.1       –  +23.8
  WING      NEUTRAL    42%    165.47   113.155  -31.6       –  -34.9
  KER.PA    NEUTRAL    20%    265.65    243.25   -8.4       –  -11.7
  GO        NEUTRAL    32%      9.72     12.01  +23.6       –  +20.3
  RBLX      NEUTRAL    35%     54.34     41.21  -24.2       –  -27.4
  LULU      NEUTRAL    43%    114.29    120.07   +5.1       –   +1.8
  MMS       NEUTRAL    40%     55.75     57.59   +3.3       –   +0.6
  MRVI      NEUTRAL    45%      6.04      7.38  +22.2       –  +19.4
  GTM       NEUTRAL    11%      2.99      4.09  +36.8       –  +34.1
  FCT.MI    NEUTRAL    70%      9.95     12.34  +24.0       –  +21.3
  GCT       NEUTRAL    55%     33.21      50.5  +52.1       –  +49.3
  8750.T    NEUTRAL    65%    1830.5    1883.5   +2.9       –   +0.2
  MRSH      NEUTRAL    30%    191.09    187.84   -1.7       –   -0.8
  PFSI      NEUTRAL    25%     74.93     72.18   -3.7       –   -2.8
  PAYX      NEUTRAL    65%    116.64     124.0   +6.3       –   +7.2

/Users/ajay/Library/Python/3.9/lib/python/site-packages/urllib3/__init__.py:35: NotOpenSSLWarning: urllib3 v2 only supports OpenSSL 1.1.1+, currently the 'ssl' module is compiled with 'LibreSSL 2.8.3'. See: https://github.com/urllib3/urllib3/issues/3020
  warnings.warn(
$IVN: possibly delisted; no price data found  (period=5d)
HTTP Error 404: {"quoteSummary":{"result":null,"error":{"code":"Not Found","description":"Quote not found for symbol: CVLT-RAISE"}}}
HTTP Error 404: {"quoteSummary":{"result":null,"error":{"code":"Not Found","description":"Quote not found for symbol: PFSI-10Q"}}}
$CVLT-RAISE: possibly delisted; no price data found  (period=5d) (Yahoo error = "No data found, symbol may be delisted")
$PFSI-10Q: possibly delisted; no price data found  (period=5d) (Yahoo error = "No data found, symbol may be delisted")

3 Failed downloads:
['IVN']: possibly delisted; no price data found  (period=5d)
['CVLT-RAISE', 'PFSI-10Q']: possibly delisted; no price data found  (period=5d) (Yahoo error = "No data found, symbol may be delisted")

===== 2026-09-04 05:05 (desk) =====
=== ANTI-BOOK PERFORMANCE  (2026-09-04, 0 new baselines) ===
  41 calls | 16 directional | hit-rate 69% (hi-conv 82%) | avg signed 4.2% | avg vs SPY 6.8%
  ticker    dir          P      base        px    ret  signed  vsSPY
  BODI      BEARISH    33%     10.25      5.77  -43.7   +43.7  -48.0
  HUBS      BULLISH    70%    184.47    255.12  +38.3   +38.3  +34.0
  SSRM      BULLISH    97%     28.38     38.89  +37.0   +37.0  +32.7
  MNDY      BULLISH    60%      73.6     97.33  +32.2   +32.2  +27.9
  FUTU      BULLISH    60%     95.04    122.01  +28.4   +28.4  +24.6
  S         BULLISH    63%     16.73      19.8  +18.4   +18.4  +14.0
  TBCG.L    LONG       60%    4460.0    5100.0  +14.3   +14.3  +10.0
  DFIN      BULLISH    65%     46.21     49.07   +6.2    +6.2   +2.4
  EG        BULLISH    65%    371.35    386.25   +4.0    +4.0   +0.2
  BRBY.L    BULLISH    63%    1095.0    1107.5   +1.1    +1.1   -3.2
  BBD       BULLISH    55%      3.45      3.46   +0.3    +0.3   -3.5
  FOUR      BULLISH    62%     48.23     44.19   -8.4    -8.4  -12.7
  PODD      BULLISH    70%    164.48    150.58   -8.5    -8.5  -12.3
  CPRI      BULLISH    57%      19.0     13.24  -30.3   -30.3  -34.7
  INSP      BEARISH    22%     44.93     62.14  +38.3   -38.3  +34.0
  PATH      BEARISH    22%     10.68     18.22  +70.6   -70.6  +66.3
  CVLT      NEUTRAL    42%    150.57    137.12   -8.9       –  -11.3
  BAH       NEUTRAL    37%     62.03     73.88  +19.1       –  +14.8
  COSMECCA  WAIT       56%     66500     74500  +12.0       –   +8.5
  TPB       NEUTRAL    45%     84.56     76.94   -9.0       –  -13.4
  WEN       NEUTRAL    45%      8.26      7.88   -4.6       –   -8.9
  CRM       NEUTRAL    67%    157.93    264.43  +67.4       –  +63.1
  TTD       NEUTRAL    55%     18.65     15.09  -19.1       –  -23.4
  GAP       NEUTRAL    42%     18.73     22.32  +19.2       –  +14.8
  INTU      NEUTRAL    46%     266.4     344.3  +29.2       –  +24.9
  RH        NEUTRAL    45%     163.2    146.61  -10.2       –  -14.5
  EOLS      NEUTRAL    80%      7.13      9.05  +26.9       –  +22.6
  WING      NEUTRAL    42%    165.47    110.28  -33.4       –  -37.7
  KER.PA    NEUTRAL    20%    265.65     245.5   -7.6       –  -11.9
  GO        NEUTRAL    32%      9.72      12.3  +26.5       –  +22.2
  RBLX      NEUTRAL    35%     54.34     41.51  -23.6       –  -28.0
  LULU      NEUTRAL    43%    114.29    121.77   +6.5       –   +2.2
  MMS       NEUTRAL    40%     55.75     58.43   +4.8       –   +1.0
  MRVI      NEUTRAL    45%      6.04      7.37  +22.0       –  +18.2
  GTM       NEUTRAL    11%      2.99      4.12  +37.8       –  +34.0
  FCT.MI    NEUTRAL    70%      9.95    12.175  +22.4       –  +18.5
  GCT       NEUTRAL    55%     33.21     50.87  +53.2       –  +49.4
  8750.T    NEUTRAL    65%    1830.5    1877.5   +2.6       –   -1.2
  MRSH      NEUTRAL    30%    191.09    188.46   -1.4       –   -1.5
  PFSI      NEUTRAL    25%     74.93     73.23   -2.3       –   -2.4
  PAYX      NEUTRAL    65%    116.64    125.08   +7.2       –   +7.1

/Users/ajay/Library/Python/3.9/lib/python/site-packages/urllib3/__init__.py:35: NotOpenSSLWarning: urllib3 v2 only supports OpenSSL 1.1.1+, currently the 'ssl' module is compiled with 'LibreSSL 2.8.3'. See: https://github.com/urllib3/urllib3/issues/3020
  warnings.warn(
HTTP Error 404: {"quoteSummary":{"result":null,"error":{"code":"Not Found","description":"Quote not found for symbol: PFSI-10Q"}}}
HTTP Error 404: {"quoteSummary":{"result":null,"error":{"code":"Not Found","description":"Quote not found for symbol: CVLT-RAISE"}}}
$IVN: possibly delisted; no price data found  (period=5d)
$PFSI-10Q: possibly delisted; no price data found  (period=5d) (Yahoo error = "No data found, symbol may be delisted")
$CVLT-RAISE: possibly delisted; no price data found  (period=5d) (Yahoo error = "No data found, symbol may be delisted")

3 Failed downloads:
['IVN']: possibly delisted; no price data found  (period=5d)
['PFSI-10Q', 'CVLT-RAISE']: possibly delisted; no price data found  (period=5d) (Yahoo error = "No data found, symbol may be delisted")

===== 2026-09-07 01:23 (desk) =====
=== ANTI-BOOK PERFORMANCE  (2026-09-07, 0 new baselines) ===
  41 calls | 16 directional | hit-rate 62% (hi-conv 73%) | avg signed 5.1% | avg vs SPY 5.5%
  ticker    dir          P      base        px    ret  signed  vsSPY
  BODI      BEARISH    33%     10.25     5.745  -44.0   +44.0  -47.9
  HUBS      BULLISH    70%    184.47     247.6  +34.2   +34.2  +30.3
  SSRM      BULLISH    97%     28.38     37.15  +30.9   +30.9  +27.0
  FUTU      BULLISH    60%     95.04    121.75  +28.1   +28.1  +24.7
  MNDY      BULLISH    60%      73.6     91.07  +23.7   +23.7  +19.8
  S         BULLISH    63%     16.73     19.88  +18.8   +18.8  +14.9
  TBCG.L    LONG       60%    4460.0    5085.0  +14.0   +14.0  +10.1
  DFIN      BULLISH    65%     46.21     50.92  +10.2   +10.2   +6.8
  EG        BULLISH    65%    371.35    380.87   +2.6    +2.6   -0.8
  BBD       BULLISH    55%      3.45      3.47   +0.6    +0.6   -2.8
  FOUR      BULLISH    62%     48.23     45.94   -4.7    -4.7   -8.7
  PODD      BULLISH    70%    164.48    147.48  -10.3   -10.3  -13.7
  CPRI      BULLISH    57%      19.0     13.56  -28.6   -28.6  -32.6
  INSP      BEARISH    22%     44.93     63.08  +40.4   -40.4  +36.5
  PATH      BEARISH    22%     10.68     15.19  +42.2   -42.2  +38.3
  BRBY.L    BULLISH    63%    1095.0    1095.5   +0.0    +0.0   -3.9
  CVLT      NEUTRAL    42%    150.57    136.41   -9.4       –  -11.4
  BAH       NEUTRAL    37%     62.03      72.8  +17.4       –  +13.4
  COSMECCA  WAIT       56%     66500     74500  +12.0       –   +8.9
  TPB       NEUTRAL    45%     84.56     75.22  -11.0       –  -15.0
  WEN       NEUTRAL    45%      8.26      8.03   -2.8       –   -6.7
  CRM       NEUTRAL    67%    157.93    259.23  +64.1       –  +60.2
  TTD       NEUTRAL    55%     18.65     14.43  -22.6       –  -26.6
  GAP       NEUTRAL    42%     18.73     22.43  +19.8       –  +15.8
  INTU      NEUTRAL    46%     266.4     332.7  +24.9       –  +20.9
  RH        NEUTRAL    45%     163.2    147.99   -9.3       –  -13.3
  EOLS      NEUTRAL    80%      7.13       9.3  +30.4       –  +26.5
  WING      NEUTRAL    42%    165.47   109.205  -34.0       –  -37.9
  KER.PA    NEUTRAL    20%    265.65    241.85   -9.0       –  -12.9
  GO        NEUTRAL    32%      9.72     12.38  +27.4       –  +23.4
  RBLX      NEUTRAL    35%     54.34     43.31  -20.3       –  -24.2
  LULU      NEUTRAL    43%    114.29    100.61  -12.0       –  -15.9
  MMS       NEUTRAL    40%     55.75     57.66   +3.4       –   +0.0
  MRVI      NEUTRAL    45%      6.04      7.32  +21.2       –  +17.8
  GTM       NEUTRAL    11%      2.99      4.13  +38.1       –  +34.7
  FCT.MI    NEUTRAL    70%      9.95    12.275  +23.4       –  +20.0
  GCT       NEUTRAL    55%     33.21     51.75  +55.8       –  +52.4
  8750.T    NEUTRAL    65%    1830.5    1868.0   +2.0       –   -1.4
  MRSH      NEUTRAL    30%    191.09    185.74   -2.8       –   -2.6
  PFSI      NEUTRAL    25%     74.93     73.29   -2.2       –   -1.9
  PAYX      NEUTRAL    65%    116.64    121.71   +4.3       –   +4.6

/Users/ajay/Library/Python/3.9/lib/python/site-packages/urllib3/__init__.py:35: NotOpenSSLWarning: urllib3 v2 only supports OpenSSL 1.1.1+, currently the 'ssl' module is compiled with 'LibreSSL 2.8.3'. See: https://github.com/urllib3/urllib3/issues/3020
  warnings.warn(
HTTP Error 404: {"quoteSummary":{"result":null,"error":{"code":"Not Found","description":"Quote not found for symbol: PFSI-10Q"}}}
$IVN: possibly delisted; no price data found  (period=5d)
$PFSI-10Q: possibly delisted; no price data found  (period=5d) (Yahoo error = "No data found, symbol may be delisted")
HTTP Error 404: {"quoteSummary":{"result":null,"error":{"code":"Not Found","description":"Quote not found for symbol: CVLT-RAISE"}}}
$CVLT-RAISE: possibly delisted; no price data found  (period=5d) (Yahoo error = "No data found, symbol may be delisted")

3 Failed downloads:
['IVN']: possibly delisted; no price data found  (period=5d)
['PFSI-10Q', 'CVLT-RAISE']: possibly delisted; no price data found  (period=5d) (Yahoo error = "No data found, symbol may be delisted")

===== 2026-09-11 01:52 (desk) =====
=== ANTI-BOOK PERFORMANCE  (2026-09-11, 0 new baselines) ===
  41 calls | 16 directional | hit-rate 56% (hi-conv 64%) | avg signed 1.4% | avg vs SPY 2.8%
  ticker    dir          P      base        px    ret  signed  vsSPY
  BODI      BEARISH    33%     10.25      5.55  -45.9   +45.9  -48.1
  SSRM      BULLISH    97%     28.38     36.21  +27.6   +27.6  +25.3
  HUBS      BULLISH    70%    184.47    223.55  +21.2   +21.2  +18.9
  FUTU      BULLISH    60%     95.04    113.51  +19.4   +19.4  +17.7
  S         BULLISH    63%     16.73     19.81  +18.4   +18.4  +16.1
  MNDY      BULLISH    60%      73.6     85.17  +15.7   +15.7  +13.4
  TBCG.L    LONG       60%    4460.0    5105.0  +14.5   +14.5  +12.2
  DFIN      BULLISH    65%     46.21     48.37   +4.7    +4.7   +2.9
  BBD       BULLISH    55%      3.45      3.58   +3.8    +3.8   +2.0
  EG        BULLISH    65%    371.35    371.03   -0.1    -0.1   -1.8
  BRBY.L    BULLISH    63%    1095.0  1026.026   -6.3    -6.3   -8.6
  FOUR      BULLISH    62%     48.23     43.03  -10.8   -10.8  -13.1
  PODD      BULLISH    70%    164.48    134.68  -18.1   -18.1  -19.9
  PATH      BEARISH    22%     10.68     13.87  +29.9   -29.9  +27.6
  CPRI      BULLISH    57%      19.0     12.88  -32.2   -32.2  -34.5
  INSP      BEARISH    22%     44.93     68.12  +51.6   -51.6  +49.3
  CVLT      NEUTRAL    42%    150.57    131.55  -12.6       –  -13.0
  BAH       NEUTRAL    37%     62.03     75.68  +22.0       –  +19.7
  COSMECCA  WAIT       56%     66500     74500  +12.0       –  +10.5
  TPB       NEUTRAL    45%     84.56     71.95  -14.9       –  -17.2
  WEN       NEUTRAL    45%      8.26      7.44   -9.9       –  -12.2
  CRM       NEUTRAL    67%    157.93     243.0  +53.9       –  +51.6
  TTD       NEUTRAL    55%     18.65     13.97  -25.1       –  -27.4
  GAP       NEUTRAL    42%     18.73     20.91  +11.6       –   +9.4
  INTU      NEUTRAL    46%     266.4    312.77  +17.4       –  +15.1
  RH        NEUTRAL    45%     163.2    134.02  -17.9       –  -20.2
  EOLS      NEUTRAL    80%      7.13      7.91  +10.9       –   +8.7
  WING      NEUTRAL    42%    165.47    110.52  -33.2       –  -35.5
  KER.PA    NEUTRAL    20%    265.65     237.9  -10.4       –  -12.7
  GO        NEUTRAL    32%      9.72     11.08  +14.0       –  +11.7
  RBLX      NEUTRAL    35%     54.34     44.88  -17.4       –  -19.7
  LULU      NEUTRAL    43%    114.29     96.88  -15.2       –  -17.5
  MMS       NEUTRAL    40%     55.75     56.53   +1.4       –   -0.4
  MRVI      NEUTRAL    45%      6.04      6.73  +11.4       –   +9.7
  GTM       NEUTRAL    11%      2.99       3.8  +27.1       –  +25.3
  FCT.MI    NEUTRAL    70%      9.95     12.34  +24.0       –  +22.3
  GCT       NEUTRAL    55%     33.21      51.8  +56.0       –  +54.2
  8750.T    NEUTRAL    65%    1830.5    1883.0   +2.9       –   +1.1
  MRSH      NEUTRAL    30%    191.09    177.29   -7.2       –   -5.4
  PFSI      NEUTRAL    25%     74.93     69.81   -6.8       –   -5.0
  PAYX      NEUTRAL    65%    116.64    115.18   -1.3       –   +0.6

/Users/ajay/Library/Python/3.9/lib/python/site-packages/urllib3/__init__.py:35: NotOpenSSLWarning: urllib3 v2 only supports OpenSSL 1.1.1+, currently the 'ssl' module is compiled with 'LibreSSL 2.8.3'. See: https://github.com/urllib3/urllib3/issues/3020
  warnings.warn(
$IVN: possibly delisted; no price data found  (period=5d)
HTTP Error 404: {"quoteSummary":{"result":null,"error":{"code":"Not Found","description":"Quote not found for symbol: PFSI-10Q"}}}
HTTP Error 404: {"quoteSummary":{"result":null,"error":{"code":"Not Found","description":"Quote not found for symbol: CVLT-RAISE"}}}
$PFSI-10Q: possibly delisted; no price data found  (period=5d) (Yahoo error = "No data found, symbol may be delisted")
$CVLT-RAISE: possibly delisted; no price data found  (period=5d) (Yahoo error = "No data found, symbol may be delisted")

3 Failed downloads:
['IVN']: possibly delisted; no price data found  (period=5d)
['PFSI-10Q', 'CVLT-RAISE']: possibly delisted; no price data found  (period=5d) (Yahoo error = "No data found, symbol may be delisted")

===== 2026-09-11 01:58 (desk) =====
=== ANTI-BOOK PERFORMANCE  (2026-09-11, 0 new baselines) ===
  41 calls | 16 directional | hit-rate 56% (hi-conv 64%) | avg signed 1.4% | avg vs SPY 2.8%
  ticker    dir          P      base        px    ret  signed  vsSPY
  BODI      BEARISH    33%     10.25      5.55  -45.9   +45.9  -48.1
  SSRM      BULLISH    97%     28.38     36.21  +27.6   +27.6  +25.3
  HUBS      BULLISH    70%    184.47    223.55  +21.2   +21.2  +18.9
  FUTU      BULLISH    60%     95.04    113.51  +19.4   +19.4  +17.7
  S         BULLISH    63%     16.73     19.81  +18.4   +18.4  +16.1
  MNDY      BULLISH    60%      73.6     85.17  +15.7   +15.7  +13.4
  TBCG.L    LONG       60%    4460.0    5105.0  +14.5   +14.5  +12.2
  DFIN      BULLISH    65%     46.21     48.37   +4.7    +4.7   +2.9
  BBD       BULLISH    55%      3.45      3.58   +3.8    +3.8   +2.0
  EG        BULLISH    65%    371.35    371.03   -0.1    -0.1   -1.8
  BRBY.L    BULLISH    63%    1095.0    1025.0   -6.4    -6.4   -8.7
  FOUR      BULLISH    62%     48.23     43.03  -10.8   -10.8  -13.1
  PODD      BULLISH    70%    164.48    134.68  -18.1   -18.1  -19.9
  PATH      BEARISH    22%     10.68     13.87  +29.9   -29.9  +27.6
  CPRI      BULLISH    57%      19.0     12.88  -32.2   -32.2  -34.5
  INSP      BEARISH    22%     44.93     68.12  +51.6   -51.6  +49.3
  CVLT      NEUTRAL    42%    150.57    131.55  -12.6       –  -13.0
  BAH       NEUTRAL    37%     62.03     75.68  +22.0       –  +19.7
  COSMECCA  WAIT       56%     66500     74500  +12.0       –  +10.5
  TPB       NEUTRAL    45%     84.56     71.95  -14.9       –  -17.2
  WEN       NEUTRAL    45%      8.26      7.44   -9.9       –  -12.2
  CRM       NEUTRAL    67%    157.93     243.0  +53.9       –  +51.6
  TTD       NEUTRAL    55%     18.65     13.97  -25.1       –  -27.4
  GAP       NEUTRAL    42%     18.73     20.91  +11.6       –   +9.4
  INTU      NEUTRAL    46%     266.4    312.77  +17.4       –  +15.1
  RH        NEUTRAL    45%     163.2    134.02  -17.9       –  -20.2
  EOLS      NEUTRAL    80%      7.13      7.91  +10.9       –   +8.7
  WING      NEUTRAL    42%    165.47    110.52  -33.2       –  -35.5
  KER.PA    NEUTRAL    20%    265.65    237.65  -10.5       –  -12.8
  GO        NEUTRAL    32%      9.72     11.08  +14.0       –  +11.7
  RBLX      NEUTRAL    35%     54.34     44.88  -17.4       –  -19.7
  LULU      NEUTRAL    43%    114.29     96.88  -15.2       –  -17.5
  MMS       NEUTRAL    40%     55.75     56.53   +1.4       –   -0.4
  MRVI      NEUTRAL    45%      6.04      6.73  +11.4       –   +9.7
  GTM       NEUTRAL    11%      2.99       3.8  +27.1       –  +25.3
  FCT.MI    NEUTRAL    70%      9.95     12.35  +24.1       –  +22.4
  GCT       NEUTRAL    55%     33.21      51.8  +56.0       –  +54.2
  8750.T    NEUTRAL    65%    1830.5    1883.0   +2.9       –   +1.1
  MRSH      NEUTRAL    30%    191.09    177.29   -7.2       –   -5.4
  PFSI      NEUTRAL    25%     74.93     69.81   -6.8       –   -5.0
  PAYX      NEUTRAL    65%    116.64    115.18   -1.3       –   +0.6

/Users/ajay/Library/Python/3.9/lib/python/site-packages/urllib3/__init__.py:35: NotOpenSSLWarning: urllib3 v2 only supports OpenSSL 1.1.1+, currently the 'ssl' module is compiled with 'LibreSSL 2.8.3'. See: https://github.com/urllib3/urllib3/issues/3020
  warnings.warn(
$IVN: possibly delisted; no price data found  (period=5d)
HTTP Error 404: {"quoteSummary":{"result":null,"error":{"code":"Not Found","description":"Quote not found for symbol: CVLT-RAISE"}}}
HTTP Error 404: {"quoteSummary":{"result":null,"error":{"code":"Not Found","description":"Quote not found for symbol: PFSI-10Q"}}}
$CVLT-RAISE: possibly delisted; no price data found  (period=5d) (Yahoo error = "No data found, symbol may be delisted")
$PFSI-10Q: possibly delisted; no price data found  (period=5d) (Yahoo error = "No data found, symbol may be delisted")

3 Failed downloads:
['IVN']: possibly delisted; no price data found  (period=5d)
['CVLT-RAISE', 'PFSI-10Q']: possibly delisted; no price data found  (period=5d) (Yahoo error = "No data found, symbol may be delisted")
