
===== 2026-08-17 09:11 (desk) =====
[IBKR] vel=0.53/d cohort=2.44 1star=0.5 exact=BASELINE_ONLY
[RDDT] vel=16.67/d cohort=2.3 1star=0.598 exact=BASELINE_ONLY
[HOOD] vel=10.37/d cohort=3.06 1star=0.408 exact=BASELINE_ONLY
[SOFI] vel=1.6/d cohort=2.06 1star=0.646 exact=BASELINE_ONLY
[LMND] vel=0.93/d cohort=1.75 1star=0.786 exact=BASELINE_ONLY
[ETOR] vel=0.3/d cohort=3.89 1star=0.222 exact=BASELINE_ONLY
{
 "IBKR": {
  "ticker": "IBKR",
  "asof": "2026-08-17T16:11:08Z",
  "country": "us",
  "resolution": {
   "status": "RESOLVED",
   "itunes_id": 454558592,
   "trackName": "IBKR Mobile - Invest Worldwide",
   "sellerName": "Interactive Brokers LLC",
   "score": 3.0,
   "cached": "2026-08-16T16:06:41Z",
   "via": "cache"
  },
  "itunes_lookup": {
   "status": "OK",
   "trackName": "IBKR Mobile - Invest Worldwide",
   "sellerName": "Interactive Brokers LLC",
   "lifetime_rating": 4.49903,
   "lifetime_count": 11366,
   "current_version": "10.16",
   "current_version_date": "2026-08-13T14:29:40Z"
  },
  "velocity": {
   "status": "OK",
   "reviews_7d": 4,
   "reviews_30d": 16,
   "per_day_7d": 0.57,
   "per_day_30d": 0.53,
   "window_covered": true,
   "floor_note": null,
   "visible_cohort_avg": 2.44,
   "visible_cohort_n": 16,
   "one_star_share": 0.5,
   "version_release_recent": true,
   "caveat": "US storefront only; velocity measures PROMPTING as much as sentiment (MAUDE lesson) \u2014 a spike coincident with version_release_recent=True is an artifact candidate until the cohort rating confirms; a COLLAPSE has no prompt excuse and is the cleaner signal. POPULATION WARNING (calibrated 2026-08-16, first 6-name cross-section): visible_cohort_avg is WRITTEN reviews only, a structurally angrier population than the prompted-ratings-dominated lifetime mean \u2014 every tracked name reads 1.8-3.9 recent vs ~4.5+ lifetime. NEVER read visible-vs-lifetime as deterioration. Valid comparisons: this cohort vs ITS OWN history (velocity + rating over snapshots), name vs name within this channel, and the EXACT cohort delta below (same-population arithmetic)."
  },
  "play": {
   "status": "OK",
   "rating": 4.5423197746276855,
   "count": 74227,
   "app_name": "IBKR Mobile",
   "parse": "ld+json",
   "pkg": "atws.app"
  },
  "exact_cohort": {
   "status": "BASELINE_ONLY",
   "note": "2 snapshot(s) stored; exact cohort delta needs a second \u22653d out \u2014 RSS visible cohort above is the run-1 signal"
  }
 },
 "RDDT": {
  "ticker": "RDDT",
  "asof": "2026-08-17T16:11:09Z",
  "country": "us",
  "resolution": {
   "status": "RESOLVED",
   "itunes_id": 1064216828,
   "trackName": "Reddit",
   "sellerName": "REDDIT, INC.",
   "score": 3.0,
   "cached": "2026-08-16T16:06:53Z",
   "via": "cache"
  },
  "itunes_lookup": {
   "status": "OK",
   "trackName": "Reddit",
   "sellerName": "REDDIT, INC.",
   "lifetime_rating": 4.75624,
   "lifetime_count": 3478986,
   "current_version": "2026.32.2",
   "current_version_date": "2026-08-15T13:17:31Z"
  },
  "velocity": {
   "status": "OK",
   "reviews_7d": 202,
   "reviews_30d": 500,
   "per_day_7d": 28.86,
   "per_day_30d": 16.67,
   "window_covered": false,
   "floor_note": "RSS pagination exhausted at 10 pages spanning 16.1d \u2014 windowed counts are FLOORS; span rate 31.0/day is the honest velocity",
   "visible_cohort_avg": 2.3,
   "visible_cohort_n": 500,
   "one_star_share": 0.598,
   "version_release_recent": true,
   "caveat": "US storefront only; velocity measures PROMPTING as much as sentiment (MAUDE lesson) \u2014 a spike coincident with version_release_recent=True is an artifact candidate until the cohort rating confirms; a COLLAPSE has no prompt excuse and is the cleaner signal. POPULATION WARNING (calibrated 2026-08-16, first 6-name cross-section): visible_cohort_avg is WRITTEN reviews only, a structurally angrier population than the prompted-ratings-dominated lifetime mean \u2014 every tracked name reads 1.8-3.9 recent vs ~4.5+ lifetime. NEVER read visible-vs-lifetime as deterioration. Valid comparisons: this cohort vs ITS OWN history (velocity + rating over snapshots), name vs name within this channel, and the EXACT cohort delta below (same-population arithmetic)."
  },
  "play": {
   "status": "OK",
   "rating": 4.575454235076904,
   "count": 4769121,
   "app_name": "Reddit",
   "parse": "ld+json",
   "pkg": "com.reddit.frontpage"
  },
  "exact_cohort": {
   "status": "BASELINE_ONLY",
   "note": "2 snapshot(s) stored; exact cohort delta needs a second \u22653d out \u2014 RSS visible cohort above is the run-1 signal"
  }
 },
 "HOOD": {
  "ticker": "HOOD",
  "asof": "2026-08-17T16:11:17Z",
  "country": "us",
  "resolution": {
   "status": "RESOLVED",
   "itunes_id": 938003185,
   "trackName": "Robinhood: Trading & Investing",
   "sellerName": "Robinhood Markets Inc",
   "score": 3.0,
   "cached": "2026-08-16T16:07:02Z",
   "via": "cache"
  },
  "itunes_lookup": {
   "status": "OK",
   "trackName": "Robinhood: Trading & Investing",
   "sellerName": "Robinhood Markets Inc",
   "lifetime_rating": 4.28644,
   "lifetime_count": 4802027,
   "current_version": "2026.32.0",
   "current_version_date": "2026-08-11T16:05:00Z"
  },
  "velocity": {
   "status": "OK",
   "reviews_7d": 84,
   "reviews_30d": 311,
   "per_day_7d": 12.0,
   "per_day_30d": 10.37,
   "window_covered": true,
   "floor_note": null,
   "visible_cohort_avg": 3.06,
   "visible_cohort_n": 311,
   "one_star_share": 0.408,
   "version_release_recent": true,
   "caveat": "US storefront only; velocity measures PROMPTING as much as sentiment (MAUDE lesson) \u2014 a spike coincident with version_release_recent=True is an artifact candidate until the cohort rating confirms; a COLLAPSE has no prompt excuse and is the cleaner signal. POPULATION WARNING (calibrated 2026-08-16, first 6-name cross-section): visible_cohort_avg is WRITTEN reviews only, a structurally angrier population than the prompted-ratings-dominated lifetime mean \u2014 every tracked name reads 1.8-3.9 recent vs ~4.5+ lifetime. NEVER read visible-vs-lifetime as deterioration. Valid comparisons: this cohort vs ITS OWN history (velocity + rating over snapshots), name vs name within this channel, and the EXACT cohort delta below (same-population arithmetic)."
  },
  "play": {
   "status": "OK",
   "rating": 4.15753698348999,
   "count": 531847,
   "app_name": "Robinhood: Trading \\u0026 Investing",
   "parse": "ld+json",
   "pkg": "com.robinhood.android"
  },
  "exact_cohort": {
   "status": "BASELINE_ONLY",
   "note": "2 snapshot(s) stored; exact cohort delta needs a second \u22653d out \u2014 RSS visible cohort above is the run-1 signal"
  }
 },
 "SOFI": {
  "ticker": "SOFI",
  "asof": "2026-08-17T16:11:23Z",
  "country": "us",
  "resolution": {
   "status": "RESOLVED",
   "itunes_id": 1191985736,
   "trackName": "SoFi: Bank, Invest & Crypto",
   "sellerName": "Social Finance, LLC",
   "score": 1.0,
   "cached": "2026-08-16T16:07:01Z",
   "via": "cache"
  },
  "seller_drift_flag": "lookup seller 'Social Finance, LLC' no longer matches hint 'SoFi' \u2014 verify before trusting",
  "itunes_lookup": {
   "status": "OK",
   "trackName": "SoFi: Bank, Invest & Crypto",
   "sellerName": "Social Finance, LLC",
   "lifetime_rating": 4.74425,
   "lifetime_count": 385514,
   "current_version": "3.109.0",
   "current_version_date": "2026-08-14T14:00:45Z"
  },
  "velocity": {
   "status": "OK",
   "reviews_7d": 10,
   "reviews_30d": 48,
   "per_day_7d": 1.43,
   "per_day_30d": 1.6,
   "window_covered": true,
   "floor_note": null,
   "visible_cohort_avg": 2.06,
   "visible_cohort_n": 48,
   "one_star_share": 0.646,
   "version_release_recent": true,
   "caveat": "US storefront only; velocity measures PROMPTING as much as sentiment (MAUDE lesson) \u2014 a spike coincident with version_release_recent=True is an artifact candidate until the cohort rating confirms; a COLLAPSE has no prompt excuse and is the cleaner signal. POPULATION WARNING (calibrated 2026-08-16, first 6-name cross-section): visible_cohort_avg is WRITTEN reviews only, a structurally angrier population than the prompted-ratings-dominated lifetime mean \u2014 every tracked name reads 1.8-3.9 recent vs ~4.5+ lifetime. NEVER read visible-vs-lifetime as deterioration. Valid comparisons: this cohort vs ITS OWN history (velocity + rating over snapshots), name vs name within this channel, and the EXACT cohort delta below (same-population arithmetic)."
  },
  "play": {
   "status": "NO_PKG",
   "detail": "no play package known \u2014 pass extra.play_pkg"
  },
  "exact_cohort": {
   "status": "BASELINE_ONLY",
   "note": "2 snapshot(s) stored; exact cohort delta needs a second \u22653d out \u2014 RSS visible cohort above is the run-1 signal"
  }
 },
 "LMND": {
  "ticker": "LMND",
  "asof": "2026-08-17T16:11:25Z",
  "country": "us",
  "resolution": {
   "status": "RESOLVED",
   "itunes_id": 1055653645,
   "trackName": "Lemonade Insurance",
   "sellerName": "Lemonade Inc.",
   "score": 3.0,
   "cached": "2026-08-16T16:07:08Z",
   "via": "cache"
  },
  "itunes_lookup": {
   "status": "OK",
   "trackName": "Lemonade Insurance",
   "sellerName": "Lemonade Inc.",
   "lifetime_rating": 4.84638,
   "lifetime_count": 85972,
   "current_version": "9.51",
   "current_version_date": "2026-08-02T07:23:31Z"
  },
  "velocity": {
   "status": "OK",
   "reviews_7d": 5,
   "reviews_30d": 28,
   "per_day_7d": 0.71,
   "per_day_30d": 0.93,
   "window_covered": true,
   "floor_note": null,
   "visible_cohort_avg": 1.75,
   "visible_cohort_n": 28,
   "one_star_share": 0.786,
   "version_release_recent": true,
   "caveat": "US storefront only; velocity measures PROMPTING as much as sentiment (MAUDE lesson) \u2014 a spike coincident with version_release_recent=True is an artifact candidate until the cohort rating confirms; a COLLAPSE has no prompt excuse and is the cleaner signal. POPULATION WARNING (calibrated 2026-08-16, first 6-name cross-section): visible_cohort_avg is WRITTEN reviews only, a structurally angrier population than the prompted-ratings-dominated lifetime mean \u2014 every tracked name reads 1.8-3.9 recent vs ~4.5+ lifetime. NEVER read visible-vs-lifetime as deterioration. Valid comparisons: this cohort vs ITS OWN history (velocity + rating over snapshots), name vs name within this channel, and the EXACT cohort delta below (same-population arithmetic)."
  },
  "play": {
   "status": "NO_PKG",
   "detail": "no play package known \u2014 pass extra.play_pkg"
  },
  "exact_cohort": {
   "status": "BASELINE_ONLY",
   "note": "2 snapshot(s) stored; exact cohort delta needs a second \u22653d out \u2014 RSS visible cohort above is the run-1 signal"
  }
 },
 "ETOR": {
  "ticker": "ETOR",
  "asof": "2026-08-17T16:11:26Z",
  "country": "us",
  "resolution": {
   "status": "RESOLVED",
   "itunes_id": 674984916,
   "trackName": "etoro: Trade & Invest",
   "sellerName": "eToro Group Ltd.",
   "score": 3.0,
   "cached": "2026-08-16T16:07:10Z",
   "via": "cache"
  },
  "itunes_lookup": {
   "status": "OK",
   "trackName": "etoro: Trade & Invest",
   "sellerName": "eToro Group Ltd.",
   "lifetime_rating": 4.38936,
   "lifetime_count": 9834,
   "current_version": "v651.1317.1",
   "current_version_date": "2026-08-15T13:28:05Z"
  },
  "velocity": {
   "status": "OK",
   "reviews_7d": 0,
   "reviews_30d": 9,
   "per_day_7d": 0.0,
   "per_day_30d": 0.3,
   "window_covered": true,
   "floor_note": null,
   "visible_cohort_avg": 3.89,
   "visible_cohort_n": 9,
   "one_star_share": 0.222,
   "version_release_recent": true,
   "caveat": "US storefront only; velocity measures PROMPTING as much as sentiment (MAUDE lesson) \u2014 a spike coincident with version_release_recent=True is an artifact candidate until the cohort rating confirms; a COLLAPSE has no prompt excuse and is the cleaner signal. POPULATION WARNING (calibrated 2026-08-16, first 6-name cross-section): visible_cohort_avg is WRITTEN reviews only, a structurally angrier population than the prompted-ratings-dominated lifetime mean \u2014 every tracked name reads 1.8-3.9 recent vs ~4.5+ lifetime. NEVER read visible-vs-lifetime as deterioration. Valid comparisons: this cohort vs ITS OWN history (velocity + rating over snapshots), name vs name within this channel, and the EXACT cohort delta below (same-population arithmetic)."
  },
  "play": {
   "status": "NO_PKG",
   "detail": "no play package known \u2014 pass extra.play_pkg"
  },
  "exact_cohort": {
   "status": "BASELINE_ONLY",
   "note": "2 snapshot(s) stored; exact cohort delta needs a second \u22653d out \u2014 RSS visible cohort above is the run-1 signal"
  }
 }
}

/Users/ajay/Library/Python/3.9/lib/python/site-packages/urllib3/__init__.py:35: NotOpenSSLWarning: urllib3 v2 only supports OpenSSL 1.1.1+, currently the 'ssl' module is compiled with 'LibreSSL 2.8.3'. See: https://github.com/urllib3/urllib3/issues/3020
  warnings.warn(

===== 2026-08-18 10:05 (desk) =====
[IBKR] vel=0.53/d cohort=2.44 1star=0.5 exact=BASELINE_ONLY
[RDDT] vel=13.33/d cohort=2.17 1star=0.63 exact=BASELINE_ONLY
[HOOD] vel=10.5/d cohort=3.09 1star=0.4 exact=BASELINE_ONLY
[SOFI] vel=1.6/d cohort=2.06 1star=0.646 exact=BASELINE_ONLY
[LMND] vel=0.97/d cohort=1.72 1star=0.793 exact=BASELINE_ONLY
[ETOR] vel=0.3/d cohort=3.89 1star=0.222 exact=BASELINE_ONLY
{
 "IBKR": {
  "ticker": "IBKR",
  "asof": "2026-08-18T17:04:48Z",
  "country": "us",
  "resolution": {
   "status": "RESOLVED",
   "itunes_id": 454558592,
   "trackName": "IBKR Mobile - Invest Worldwide",
   "sellerName": "Interactive Brokers LLC",
   "score": 3.0,
   "cached": "2026-08-16T16:06:41Z",
   "via": "cache"
  },
  "itunes_lookup": {
   "status": "OK",
   "trackName": "IBKR Mobile - Invest Worldwide",
   "sellerName": "Interactive Brokers LLC",
   "lifetime_rating": 4.49903,
   "lifetime_count": 11366,
   "current_version": "10.16",
   "current_version_date": "2026-08-13T14:29:40Z"
  },
  "velocity": {
   "status": "OK",
   "reviews_7d": 3,
   "reviews_30d": 16,
   "per_day_7d": 0.43,
   "per_day_30d": 0.53,
   "window_covered": true,
   "floor_note": null,
   "visible_cohort_avg": 2.44,
   "visible_cohort_n": 16,
   "one_star_share": 0.5,
   "version_release_recent": true,
   "caveat": "US storefront only; velocity measures PROMPTING as much as sentiment (MAUDE lesson) \u2014 a spike coincident with version_release_recent=True is an artifact candidate until the cohort rating confirms; a COLLAPSE has no prompt excuse and is the cleaner signal. POPULATION WARNING (calibrated 2026-08-16, first 6-name cross-section): visible_cohort_avg is WRITTEN reviews only, a structurally angrier population than the prompted-ratings-dominated lifetime mean \u2014 every tracked name reads 1.8-3.9 recent vs ~4.5+ lifetime. NEVER read visible-vs-lifetime as deterioration. Valid comparisons: this cohort vs ITS OWN history (velocity + rating over snapshots), name vs name within this channel, and the EXACT cohort delta below (same-population arithmetic)."
  },
  "play": {
   "status": "OK",
   "rating": 4.546972751617432,
   "count": 74273,
   "app_name": "IBKR Mobile",
   "parse": "ld+json",
   "pkg": "atws.app"
  },
  "exact_cohort": {
   "status": "BASELINE_ONLY",
   "note": "4 snapshot(s) stored; exact cohort delta needs a second \u22653d out \u2014 RSS visible cohort above is the run-1 signal"
  }
 },
 "RDDT": {
  "ticker": "RDDT",
  "asof": "2026-08-18T17:04:50Z",
  "country": "us",
  "resolution": {
   "status": "RESOLVED",
   "itunes_id": 1064216828,
   "trackName": "Reddit",
   "sellerName": "REDDIT, INC.",
   "score": 3.0,
   "cached": "2026-08-16T16:06:53Z",
   "via": "cache"
  },
  "itunes_lookup": {
   "status": "OK",
   "trackName": "Reddit",
   "sellerName": "REDDIT, INC.",
   "lifetime_rating": 4.75623,
   "lifetime_count": 3479373,
   "current_version": "2026.33.0",
   "current_version_date": "2026-08-17T19:58:20Z"
  },
  "velocity": {
   "status": "OK",
   "reviews_7d": 203,
   "reviews_30d": 400,
   "per_day_7d": 29.0,
   "per_day_30d": 13.33,
   "window_covered": false,
   "floor_note": "RSS pagination exhausted at 9 pages spanning 12.7d \u2014 windowed counts are FLOORS; span rate 31.5/day is the honest velocity",
   "visible_cohort_avg": 2.17,
   "visible_cohort_n": 400,
   "one_star_share": 0.63,
   "version_release_recent": true,
   "caveat": "US storefront only; velocity measures PROMPTING as much as sentiment (MAUDE lesson) \u2014 a spike coincident with version_release_recent=True is an artifact candidate until the cohort rating confirms; a COLLAPSE has no prompt excuse and is the cleaner signal. POPULATION WARNING (calibrated 2026-08-16, first 6-name cross-section): visible_cohort_avg is WRITTEN reviews only, a structurally angrier population than the prompted-ratings-dominated lifetime mean \u2014 every tracked name reads 1.8-3.9 recent vs ~4.5+ lifetime. NEVER read visible-vs-lifetime as deterioration. Valid comparisons: this cohort vs ITS OWN history (velocity + rating over snapshots), name vs name within this channel, and the EXACT cohort delta below (same-population arithmetic)."
  },
  "play": {
   "status": "OK",
   "rating": 4.574669361114502,
   "count": 4769846,
   "app_name": "Reddit",
   "parse": "ld+json",
   "pkg": "com.reddit.frontpage"
  },
  "exact_cohort": {
   "status": "BASELINE_ONLY",
   "note": "4 snapshot(s) stored; exact cohort delta needs a second \u22653d out \u2014 RSS visible cohort above is the run-1 signal"
  }
 },
 "HOOD": {
  "ticker": "HOOD",
  "asof": "2026-08-18T17:04:57Z",
  "country": "us",
  "resolution": {
   "status": "RESOLVED",
   "itunes_id": 938003185,
   "trackName": "Robinhood: Trading & Investing",
   "sellerName": "Robinhood Markets Inc",
   "score": 3.0,
   "cached": "2026-08-16T16:07:02Z",
   "via": "cache"
  },
  "itunes_lookup": {
   "status": "OK",
   "trackName": "Robinhood: Trading & Investing",
   "sellerName": "Robinhood Markets Inc",
   "lifetime_rating": 4.28646,
   "lifetime_count": 4802134,
   "current_version": "2026.33.0",
   "current_version_date": "2026-08-17T19:04:13Z"
  },
  "velocity": {
   "status": "OK",
   "reviews_7d": 84,
   "reviews_30d": 315,
   "per_day_7d": 12.0,
   "per_day_30d": 10.5,
   "window_covered": true,
   "floor_note": null,
   "visible_cohort_avg": 3.09,
   "visible_cohort_n": 315,
   "one_star_share": 0.4,
   "version_release_recent": true,
   "caveat": "US storefront only; velocity measures PROMPTING as much as sentiment (MAUDE lesson) \u2014 a spike coincident with version_release_recent=True is an artifact candidate until the cohort rating confirms; a COLLAPSE has no prompt excuse and is the cleaner signal. POPULATION WARNING (calibrated 2026-08-16, first 6-name cross-section): visible_cohort_avg is WRITTEN reviews only, a structurally angrier population than the prompted-ratings-dominated lifetime mean \u2014 every tracked name reads 1.8-3.9 recent vs ~4.5+ lifetime. NEVER read visible-vs-lifetime as deterioration. Valid comparisons: this cohort vs ITS OWN history (velocity + rating over snapshots), name vs name within this channel, and the EXACT cohort delta below (same-population arithmetic)."
  },
  "play": {
   "status": "OK",
   "rating": 4.162168025970459,
   "count": 532277,
   "app_name": "Robinhood: Trading \\u0026 Investing",
   "parse": "ld+json",
   "pkg": "com.robinhood.android"
  },
  "exact_cohort": {
   "status": "BASELINE_ONLY",
   "note": "3 snapshot(s) stored; exact cohort delta needs a second \u22653d out \u2014 RSS visible cohort above is the run-1 signal"
  }
 },
 "SOFI": {
  "ticker": "SOFI",
  "asof": "2026-08-18T17:05:04Z",
  "country": "us",
  "resolution": {
   "status": "RESOLVED",
   "itunes_id": 1191985736,
   "trackName": "SoFi: Bank, Invest & Crypto",
   "sellerName": "Social Finance, LLC",
   "score": 1.0,
   "cached": "2026-08-16T16:07:01Z",
   "via": "cache"
  },
  "seller_drift_flag": "lookup seller 'Social Finance, LLC' no longer matches hint 'SoFi' \u2014 verify before trusting",
  "itunes_lookup": {
   "status": "OK",
   "trackName": "SoFi: Bank, Invest & Crypto",
   "sellerName": "Social Finance, LLC",
   "lifetime_rating": 4.74425,
   "lifetime_count": 385447,
   "current_version": "3.109.0",
   "current_version_date": "2026-08-14T14:00:45Z"
  },
  "velocity": {
   "status": "OK",
   "reviews_7d": 9,
   "reviews_30d": 48,
   "per_day_7d": 1.29,
   "per_day_30d": 1.6,
   "window_covered": true,
   "floor_note": null,
   "visible_cohort_avg": 2.06,
   "visible_cohort_n": 48,
   "one_star_share": 0.646,
   "version_release_recent": true,
   "caveat": "US storefront only; velocity measures PROMPTING as much as sentiment (MAUDE lesson) \u2014 a spike coincident with version_release_recent=True is an artifact candidate until the cohort rating confirms; a COLLAPSE has no prompt excuse and is the cleaner signal. POPULATION WARNING (calibrated 2026-08-16, first 6-name cross-section): visible_cohort_avg is WRITTEN reviews only, a structurally angrier population than the prompted-ratings-dominated lifetime mean \u2014 every tracked name reads 1.8-3.9 recent vs ~4.5+ lifetime. NEVER read visible-vs-lifetime as deterioration. Valid comparisons: this cohort vs ITS OWN history (velocity + rating over snapshots), name vs name within this channel, and the EXACT cohort delta below (same-population arithmetic)."
  },
  "play": {
   "status": "NO_PKG",
   "detail": "no play package known \u2014 pass extra.play_pkg"
  },
  "exact_cohort": {
   "status": "BASELINE_ONLY",
   "note": "3 snapshot(s) stored; exact cohort delta needs a second \u22653d out \u2014 RSS visible cohort above is the run-1 signal"
  }
 },
 "LMND": {
  "ticker": "LMND",
  "asof": "2026-08-18T17:05:05Z",
  "country": "us",
  "resolution": {
   "status": "RESOLVED",
   "itunes_id": 1055653645,
   "trackName": "Lemonade Insurance",
   "sellerName": "Lemonade Inc.",
   "score": 3.0,
   "cached": "2026-08-16T16:07:08Z",
   "via": "cache"
  },
  "itunes_lookup": {
   "status": "OK",
   "trackName": "Lemonade Insurance",
   "sellerName": "Lemonade Inc.",
   "lifetime_rating": 4.84637,
   "lifetime_count": 85962,
   "current_version": "9.51",
   "current_version_date": "2026-08-02T07:23:31Z"
  },
  "velocity": {
   "status": "OK",
   "reviews_7d": 5,
   "reviews_30d": 29,
   "per_day_7d": 0.71,
   "per_day_30d": 0.97,
   "window_covered": true,
   "floor_note": null,
   "visible_cohort_avg": 1.72,
   "visible_cohort_n": 29,
   "one_star_share": 0.793,
   "version_release_recent": true,
   "caveat": "US storefront only; velocity measures PROMPTING as much as sentiment (MAUDE lesson) \u2014 a spike coincident with version_release_recent=True is an artifact candidate until the cohort rating confirms; a COLLAPSE has no prompt excuse and is the cleaner signal. POPULATION WARNING (calibrated 2026-08-16, first 6-name cross-section): visible_cohort_avg is WRITTEN reviews only, a structurally angrier population than the prompted-ratings-dominated lifetime mean \u2014 every tracked name reads 1.8-3.9 recent vs ~4.5+ lifetime. NEVER read visible-vs-lifetime as deterioration. Valid comparisons: this cohort vs ITS OWN history (velocity + rating over snapshots), name vs name within this channel, and the EXACT cohort delta below (same-population arithmetic)."
  },
  "play": {
   "status": "NO_PKG",
   "detail": "no play package known \u2014 pass extra.play_pkg"
  },
  "exact_cohort": {
   "status": "BASELINE_ONLY",
   "note": "3 snapshot(s) stored; exact cohort delta needs a second \u22653d out \u2014 RSS visible cohort above is the run-1 signal"
  }
 },
 "ETOR": {
  "ticker": "ETOR",
  "asof": "2026-08-18T17:05:07Z",
  "country": "us",
  "resolution": {
   "status": "RESOLVED",
   "itunes_id": 674984916,
   "trackName": "etoro: Trade & Invest",
   "sellerName": "eToro Group Ltd.",
   "score": 3.0,
   "cached": "2026-08-16T16:07:10Z",
   "via": "cache"
  },
  "itunes_lookup": {
   "status": "OK",
   "trackName": "etoro: Trade & Invest",
   "sellerName": "eToro Group Ltd.",
   "lifetime_rating": 4.38949,
   "lifetime_count": 9836,
   "current_version": "v651.1317.1",
   "current_version_date": "2026-08-15T13:28:05Z"
  },
  "velocity": {
   "status": "OK",
   "reviews_7d": 0,
   "reviews_30d": 9,
   "per_day_7d": 0.0,
   "per_day_30d": 0.3,
   "window_covered": true,
   "floor_note": null,
   "visible_cohort_avg": 3.89,
   "visible_cohort_n": 9,
   "one_star_share": 0.222,
   "version_release_recent": true,
   "caveat": "US storefront only; velocity measures PROMPTING as much as sentiment (MAUDE lesson) \u2014 a spike coincident with version_release_recent=True is an artifact candidate until the cohort rating confirms; a COLLAPSE has no prompt excuse and is the cleaner signal. POPULATION WARNING (calibrated 2026-08-16, first 6-name cross-section): visible_cohort_avg is WRITTEN reviews only, a structurally angrier population than the prompted-ratings-dominated lifetime mean \u2014 every tracked name reads 1.8-3.9 recent vs ~4.5+ lifetime. NEVER read visible-vs-lifetime as deterioration. Valid comparisons: this cohort vs ITS OWN history (velocity + rating over snapshots), name vs name within this channel, and the EXACT cohort delta below (same-population arithmetic)."
  },
  "play": {
   "status": "NO_PKG",
   "detail": "no play package known \u2014 pass extra.play_pkg"
  },
  "exact_cohort": {
   "status": "BASELINE_ONLY",
   "note": "3 snapshot(s) stored; exact cohort delta needs a second \u22653d out \u2014 RSS visible cohort above is the run-1 signal"
  }
 }
}

/Users/ajay/Library/Python/3.9/lib/python/site-packages/urllib3/__init__.py:35: NotOpenSSLWarning: urllib3 v2 only supports OpenSSL 1.1.1+, currently the 'ssl' module is compiled with 'LibreSSL 2.8.3'. See: https://github.com/urllib3/urllib3/issues/3020
  warnings.warn(

===== 2026-08-19 11:04 (desk) =====
[IBKR] vel=—/d cohort=— 1star=— exact=OK
[RDDT] vel=16.67/d cohort=2.24 1star=0.616 exact=OK
[HOOD] vel=10.73/d cohort=3.16 1star=0.382 exact=OK
[SOFI] vel=1.63/d cohort=2.08 1star=0.653 exact=OK
[LMND] vel=1.0/d cohort=1.7 1star=0.8 exact=OK
[ETOR] vel=0.3/d cohort=3.89 1star=0.222 exact=OK
{
 "IBKR": {
  "ticker": "IBKR",
  "asof": "2026-08-19T18:04:00Z",
  "country": "us",
  "resolution": {
   "status": "RESOLVED",
   "itunes_id": 454558592,
   "trackName": "IBKR Mobile - Invest Worldwide",
   "sellerName": "Interactive Brokers LLC",
   "score": 3.0,
   "cached": "2026-08-16T16:06:41Z",
   "via": "cache"
  },
  "itunes_lookup": {
   "status": "OK",
   "trackName": "IBKR Mobile - Invest Worldwide",
   "sellerName": "Interactive Brokers LLC",
   "lifetime_rating": 4.49864,
   "lifetime_count": 11373,
   "current_version": "10.16",
   "current_version_date": "2026-08-13T14:29:40Z"
  },
  "velocity": {
   "status": "EMPTY",
   "detail": "no dated RSS reviews (empty feed)"
  },
  "play": {
   "status": "OK",
   "rating": 4.546113967895508,
   "count": 74298,
   "app_name": "IBKR Mobile",
   "parse": "ld+json",
   "pkg": "atws.app"
  },
  "exact_cohort": {
   "status": "OK",
   "baseline_asof": "2026-08-16T16:06:42Z",
   "days": 3.1,
   "new_raters": 8,
   "raters_per_day": 2.6,
   "cohort_rating": null,
   "delta_vs_lifetime": null,
   "note": "only 8 new raters since baseline \u2014 below MIN_COHORT_N=15, cohort mean withheld as noise",
   "play_raters_per_day": 25.6
  }
 },
 "RDDT": {
  "ticker": "RDDT",
  "asof": "2026-08-19T18:04:01Z",
  "country": "us",
  "resolution": {
   "status": "RESOLVED",
   "itunes_id": 1064216828,
   "trackName": "Reddit",
   "sellerName": "REDDIT, INC.",
   "score": 3.0,
   "cached": "2026-08-16T16:06:53Z",
   "via": "cache"
  },
  "itunes_lookup": {
   "status": "OK",
   "trackName": "Reddit",
   "sellerName": "REDDIT, INC.",
   "lifetime_rating": 4.75622,
   "lifetime_count": 3480425,
   "current_version": "2026.33.0",
   "current_version_date": "2026-08-17T19:58:20Z"
  },
  "velocity": {
   "status": "OK",
   "reviews_7d": 197,
   "reviews_30d": 500,
   "per_day_7d": 28.14,
   "per_day_30d": 16.67,
   "window_covered": false,
   "floor_note": "RSS pagination exhausted at 10 pages spanning 16.6d \u2014 windowed counts are FLOORS; span rate 30.2/day is the honest velocity",
   "visible_cohort_avg": 2.24,
   "visible_cohort_n": 500,
   "one_star_share": 0.616,
   "version_release_recent": true,
   "caveat": "US storefront only; velocity measures PROMPTING as much as sentiment (MAUDE lesson) \u2014 a spike coincident with version_release_recent=True is an artifact candidate until the cohort rating confirms; a COLLAPSE has no prompt excuse and is the cleaner signal. POPULATION WARNING (calibrated 2026-08-16, first 6-name cross-section): visible_cohort_avg is WRITTEN reviews only, a structurally angrier population than the prompted-ratings-dominated lifetime mean \u2014 every tracked name reads 1.8-3.9 recent vs ~4.5+ lifetime. NEVER read visible-vs-lifetime as deterioration. Valid comparisons: this cohort vs ITS OWN history (velocity + rating over snapshots), name vs name within this channel, and the EXACT cohort delta below (same-population arithmetic)."
  },
  "play": {
   "status": "OK",
   "rating": 4.574418067932129,
   "count": 4772141,
   "app_name": "Reddit",
   "parse": "ld+json",
   "pkg": "com.reddit.frontpage"
  },
  "exact_cohort": {
   "status": "OK",
   "baseline_asof": "2026-08-16T16:06:59Z",
   "days": 3.1,
   "new_raters": 2066,
   "raters_per_day": 670.5,
   "cohort_rating": 4.72,
   "delta_vs_lifetime": -0.04,
   "note": null,
   "play_raters_per_day": 1613.6
  }
 },
 "HOOD": {
  "ticker": "HOOD",
  "asof": "2026-08-19T18:04:09Z",
  "country": "us",
  "resolution": {
   "status": "RESOLVED",
   "itunes_id": 938003185,
   "trackName": "Robinhood: Trading & Investing",
   "sellerName": "Robinhood Markets Inc",
   "score": 3.0,
   "cached": "2026-08-16T16:07:02Z",
   "via": "cache"
  },
  "itunes_lookup": {
   "status": "OK",
   "trackName": "Robinhood: Trading & Investing",
   "sellerName": "Robinhood Markets Inc",
   "lifetime_rating": 4.28663,
   "lifetime_count": 4803060,
   "current_version": "2026.33.0",
   "current_version_date": "2026-08-17T19:04:13Z"
  },
  "velocity": {
   "status": "OK",
   "reviews_7d": 82,
   "reviews_30d": 322,
   "per_day_7d": 11.71,
   "per_day_30d": 10.73,
   "window_covered": true,
   "floor_note": null,
   "visible_cohort_avg": 3.16,
   "visible_cohort_n": 322,
   "one_star_share": 0.382,
   "version_release_recent": true,
   "caveat": "US storefront only; velocity measures PROMPTING as much as sentiment (MAUDE lesson) \u2014 a spike coincident with version_release_recent=True is an artifact candidate until the cohort rating confirms; a COLLAPSE has no prompt excuse and is the cleaner signal. POPULATION WARNING (calibrated 2026-08-16, first 6-name cross-section): visible_cohort_avg is WRITTEN reviews only, a structurally angrier population than the prompted-ratings-dominated lifetime mean \u2014 every tracked name reads 1.8-3.9 recent vs ~4.5+ lifetime. NEVER read visible-vs-lifetime as deterioration. Valid comparisons: this cohort vs ITS OWN history (velocity + rating over snapshots), name vs name within this channel, and the EXACT cohort delta below (same-population arithmetic)."
  },
  "play": {
   "status": "OK",
   "rating": 4.1966633796691895,
   "count": 534955,
   "app_name": "Robinhood: Trading \\u0026 Investing",
   "parse": "ld+json",
   "pkg": "com.robinhood.android"
  },
  "exact_cohort": {
   "status": "OK",
   "baseline_asof": "2026-08-16T16:07:06Z",
   "days": 3.1,
   "new_raters": 1190,
   "raters_per_day": 386.2,
   "cohort_rating": 5.17,
   "delta_vs_lifetime": 0.88,
   "note": null,
   "play_raters_per_day": 1050.8
  }
 },
 "SOFI": {
  "ticker": "SOFI",
  "asof": "2026-08-19T18:04:15Z",
  "country": "us",
  "resolution": {
   "status": "RESOLVED",
   "itunes_id": 1191985736,
   "trackName": "SoFi: Bank, Invest & Crypto",
   "sellerName": "Social Finance, LLC",
   "score": 1.0,
   "cached": "2026-08-16T16:07:01Z",
   "via": "cache"
  },
  "seller_drift_flag": "lookup seller 'Social Finance, LLC' no longer matches hint 'SoFi' \u2014 verify before trusting",
  "itunes_lookup": {
   "status": "OK",
   "trackName": "SoFi: Bank, Invest & Crypto",
   "sellerName": "Social Finance, LLC",
   "lifetime_rating": 4.74423,
   "lifetime_count": 385453,
   "current_version": "3.109.0",
   "current_version_date": "2026-08-14T14:00:45Z"
  },
  "velocity": {
   "status": "OK",
   "reviews_7d": 8,
   "reviews_30d": 49,
   "per_day_7d": 1.14,
   "per_day_30d": 1.63,
   "window_covered": true,
   "floor_note": null,
   "visible_cohort_avg": 2.08,
   "visible_cohort_n": 49,
   "one_star_share": 0.653,
   "version_release_recent": true,
   "caveat": "US storefront only; velocity measures PROMPTING as much as sentiment (MAUDE lesson) \u2014 a spike coincident with version_release_recent=True is an artifact candidate until the cohort rating confirms; a COLLAPSE has no prompt excuse and is the cleaner signal. POPULATION WARNING (calibrated 2026-08-16, first 6-name cross-section): visible_cohort_avg is WRITTEN reviews only, a structurally angrier population than the prompted-ratings-dominated lifetime mean \u2014 every tracked name reads 1.8-3.9 recent vs ~4.5+ lifetime. NEVER read visible-vs-lifetime as deterioration. Valid comparisons: this cohort vs ITS OWN history (velocity + rating over snapshots), name vs name within this channel, and the EXACT cohort delta below (same-population arithmetic)."
  },
  "play": {
   "status": "NO_PKG",
   "detail": "no play package known \u2014 pass extra.play_pkg"
  },
  "exact_cohort": {
   "status": "OK",
   "baseline_asof": "2026-08-16T16:07:01Z",
   "days": 3.1,
   "new_raters": -63,
   "raters_per_day": -20.4,
   "cohort_rating": null,
   "delta_vs_lifetime": null,
   "note": "only -63 new raters since baseline \u2014 below MIN_COHORT_N=15, cohort mean withheld as noise"
  }
 },
 "LMND": {
  "ticker": "LMND",
  "asof": "2026-08-19T18:04:16Z",
  "country": "us",
  "resolution": {
   "status": "RESOLVED",
   "itunes_id": 1055653645,
   "trackName": "Lemonade Insurance",
   "sellerName": "Lemonade Inc.",
   "score": 3.0,
   "cached": "2026-08-16T16:07:08Z",
   "via": "cache"
  },
  "itunes_lookup": {
   "status": "OK",
   "trackName": "Lemonade Insurance",
   "sellerName": "Lemonade Inc.",
   "lifetime_rating": 4.84633,
   "lifetime_count": 85964,
   "current_version": "9.51",
   "current_version_date": "2026-08-02T07:23:31Z"
  },
  "velocity": {
   "status": "OK",
   "reviews_7d": 4,
   "reviews_30d": 30,
   "per_day_7d": 0.57,
   "per_day_30d": 1.0,
   "window_covered": true,
   "floor_note": null,
   "visible_cohort_avg": 1.7,
   "visible_cohort_n": 30,
   "one_star_share": 0.8,
   "version_release_recent": true,
   "caveat": "US storefront only; velocity measures PROMPTING as much as sentiment (MAUDE lesson) \u2014 a spike coincident with version_release_recent=True is an artifact candidate until the cohort rating confirms; a COLLAPSE has no prompt excuse and is the cleaner signal. POPULATION WARNING (calibrated 2026-08-16, first 6-name cross-section): visible_cohort_avg is WRITTEN reviews only, a structurally angrier population than the prompted-ratings-dominated lifetime mean \u2014 every tracked name reads 1.8-3.9 recent vs ~4.5+ lifetime. NEVER read visible-vs-lifetime as deterioration. Valid comparisons: this cohort vs ITS OWN history (velocity + rating over snapshots), name vs name within this channel, and the EXACT cohort delta below (same-population arithmetic)."
  },
  "play": {
   "status": "NO_PKG",
   "detail": "no play package known \u2014 pass extra.play_pkg"
  },
  "exact_cohort": {
   "status": "OK",
   "baseline_asof": "2026-08-16T16:07:08Z",
   "days": 3.1,
   "new_raters": -7,
   "raters_per_day": -2.3,
   "cohort_rating": null,
   "delta_vs_lifetime": null,
   "note": "only -7 new raters since baseline \u2014 below MIN_COHORT_N=15, cohort mean withheld as noise"
  }
 },
 "ETOR": {
  "ticker": "ETOR",
  "asof": "2026-08-19T18:04:18Z",
  "country": "us",
  "resolution": {
   "status": "RESOLVED",
   "itunes_id": 674984916,
   "trackName": "etoro: Trade & Invest",
   "sellerName": "eToro Group Ltd.",
   "score": 3.0,
   "cached": "2026-08-16T16:07:10Z",
   "via": "cache"
  },
  "itunes_lookup": {
   "status": "OK",
   "trackName": "etoro: Trade & Invest",
   "sellerName": "eToro Group Ltd.",
   "lifetime_rating": 4.38985,
   "lifetime_count": 9842,
   "current_version": "v651.1317.1",
   "current_version_date": "2026-08-15T13:28:05Z"
  },
  "velocity": {
   "status": "OK",
   "reviews_7d": 1,
   "reviews_30d": 9,
   "per_day_7d": 0.14,
   "per_day_30d": 0.3,
   "window_covered": true,
   "floor_note": null,
   "visible_cohort_avg": 3.89,
   "visible_cohort_n": 9,
   "one_star_share": 0.222,
   "version_release_recent": true,
   "caveat": "US storefront only; velocity measures PROMPTING as much as sentiment (MAUDE lesson) \u2014 a spike coincident with version_release_recent=True is an artifact candidate until the cohort rating confirms; a COLLAPSE has no prompt excuse and is the cleaner signal. POPULATION WARNING (calibrated 2026-08-16, first 6-name cross-section): visible_cohort_avg is WRITTEN reviews only, a structurally angrier population than the prompted-ratings-dominated lifetime mean \u2014 every tracked name reads 1.8-3.9 recent vs ~4.5+ lifetime. NEVER read visible-vs-lifetime as deterioration. Valid comparisons: this cohort vs ITS OWN history (velocity + rating over snapshots), name vs name within this channel, and the EXACT cohort delta below (same-population arithmetic)."
  },
  "play": {
   "status": "NO_PKG",
   "detail": "no play package known \u2014 pass extra.play_pkg"
  },
  "exact_cohort": {
   "status": "OK",
   "baseline_asof": "2026-08-16T16:07:10Z",
   "days": 3.1,
   "new_raters": 9,
   "raters_per_day": 2.9,
   "cohort_rating": null,
   "delta_vs_lifetime": null,
   "note": "only 9 new raters since baseline \u2014 below MIN_COHORT_N=15, cohort mean withheld as noise"
  }
 }
}

/Users/ajay/Library/Python/3.9/lib/python/site-packages/urllib3/__init__.py:35: NotOpenSSLWarning: urllib3 v2 only supports OpenSSL 1.1.1+, currently the 'ssl' module is compiled with 'LibreSSL 2.8.3'. See: https://github.com/urllib3/urllib3/issues/3020
  warnings.warn(

===== 2026-08-20 12:14 (desk) =====
[IBKR] vel=0.53/d cohort=2.44 1star=0.5 exact=OK
[RDDT] vel=16.67/d cohort=2.22 1star=0.62 exact=OK
[HOOD] vel=11.23/d cohort=3.24 1star=0.359 exact=OK
[SOFI] vel=1.63/d cohort=2.18 1star=0.612 exact=OK
[LMND] vel=1.07/d cohort=1.66 1star=0.812 exact=OK
[ETOR] vel=0.27/d cohort=4.25 1star=0.125 exact=OK
{
 "IBKR": {
  "ticker": "IBKR",
  "asof": "2026-08-20T19:13:55Z",
  "country": "us",
  "resolution": {
   "status": "RESOLVED",
   "itunes_id": 454558592,
   "trackName": "IBKR Mobile - Invest Worldwide",
   "sellerName": "Interactive Brokers LLC",
   "score": 3.0,
   "cached": "2026-08-16T16:06:41Z",
   "via": "cache"
  },
  "itunes_lookup": {
   "status": "OK",
   "trackName": "IBKR Mobile - Invest Worldwide",
   "sellerName": "Interactive Brokers LLC",
   "lifetime_rating": 4.49864,
   "lifetime_count": 11377,
   "current_version": "10.17",
   "current_version_date": "2026-08-20T14:01:07Z"
  },
  "velocity": {
   "status": "OK",
   "reviews_7d": 3,
   "reviews_30d": 16,
   "per_day_7d": 0.43,
   "per_day_30d": 0.53,
   "window_covered": true,
   "floor_note": null,
   "visible_cohort_avg": 2.44,
   "visible_cohort_n": 16,
   "one_star_share": 0.5,
   "version_release_recent": true,
   "caveat": "US storefront only; velocity measures PROMPTING as much as sentiment (MAUDE lesson) \u2014 a spike coincident with version_release_recent=True is an artifact candidate until the cohort rating confirms; a COLLAPSE has no prompt excuse and is the cleaner signal. POPULATION WARNING (calibrated 2026-08-16, first 6-name cross-section): visible_cohort_avg is WRITTEN reviews only, a structurally angrier population than the prompted-ratings-dominated lifetime mean \u2014 every tracked name reads 1.8-3.9 recent vs ~4.5+ lifetime. NEVER read visible-vs-lifetime as deterioration. Valid comparisons: this cohort vs ITS OWN history (velocity + rating over snapshots), name vs name within this channel, and the EXACT cohort delta below (same-population arithmetic)."
  },
  "play": {
   "status": "OK",
   "rating": 4.555787086486816,
   "count": 74408,
   "app_name": "IBKR Mobile",
   "parse": "ld+json",
   "pkg": "atws.app"
  },
  "exact_cohort": {
   "status": "OK",
   "baseline_asof": "2026-08-17T16:11:08Z",
   "days": 3.1,
   "new_raters": 11,
   "raters_per_day": 3.5,
   "cohort_rating": null,
   "delta_vs_lifetime": null,
   "note": "only 11 new raters since baseline \u2014 below MIN_COHORT_N=15, cohort mean withheld as noise",
   "play_raters_per_day": 57.9
  }
 },
 "RDDT": {
  "ticker": "RDDT",
  "asof": "2026-08-20T19:13:57Z",
  "country": "us",
  "resolution": {
   "status": "RESOLVED",
   "itunes_id": 1064216828,
   "trackName": "Reddit",
   "sellerName": "REDDIT, INC.",
   "score": 3.0,
   "cached": "2026-08-16T16:06:53Z",
   "via": "cache"
  },
  "itunes_lookup": {
   "status": "OK",
   "trackName": "Reddit",
   "sellerName": "REDDIT, INC.",
   "lifetime_rating": 4.75623,
   "lifetime_count": 3481375,
   "current_version": "2026.33.0",
   "current_version_date": "2026-08-17T19:58:20Z"
  },
  "velocity": {
   "status": "OK",
   "reviews_7d": 163,
   "reviews_30d": 500,
   "per_day_7d": 23.29,
   "per_day_30d": 16.67,
   "window_covered": false,
   "floor_note": "RSS pagination exhausted at 10 pages spanning 16.9d \u2014 windowed counts are FLOORS; span rate 29.5/day is the honest velocity",
   "visible_cohort_avg": 2.22,
   "visible_cohort_n": 500,
   "one_star_share": 0.62,
   "version_release_recent": true,
   "caveat": "US storefront only; velocity measures PROMPTING as much as sentiment (MAUDE lesson) \u2014 a spike coincident with version_release_recent=True is an artifact candidate until the cohort rating confirms; a COLLAPSE has no prompt excuse and is the cleaner signal. POPULATION WARNING (calibrated 2026-08-16, first 6-name cross-section): visible_cohort_avg is WRITTEN reviews only, a structurally angrier population than the prompted-ratings-dominated lifetime mean \u2014 every tracked name reads 1.8-3.9 recent vs ~4.5+ lifetime. NEVER read visible-vs-lifetime as deterioration. Valid comparisons: this cohort vs ITS OWN history (velocity + rating over snapshots), name vs name within this channel, and the EXACT cohort delta below (same-population arithmetic)."
  },
  "play": {
   "status": "OK",
   "rating": 4.574542999267578,
   "count": 4774756,
   "app_name": "Reddit",
   "parse": "ld+json",
   "pkg": "com.reddit.frontpage"
  },
  "exact_cohort": {
   "status": "OK",
   "baseline_asof": "2026-08-17T18:53:33Z",
   "days": 3.0,
   "new_raters": 2389,
   "raters_per_day": 792.6,
   "cohort_rating": 4.74,
   "delta_vs_lifetime": -0.02,
   "note": null,
   "play_raters_per_day": 1769.6
  }
 },
 "HOOD": {
  "ticker": "HOOD",
  "asof": "2026-08-20T19:14:06Z",
  "country": "us",
  "resolution": {
   "status": "RESOLVED",
   "itunes_id": 938003185,
   "trackName": "Robinhood: Trading & Investing",
   "sellerName": "Robinhood Markets Inc",
   "score": 3.0,
   "cached": "2026-08-16T16:07:02Z",
   "via": "cache"
  },
  "itunes_lookup": {
   "status": "OK",
   "trackName": "Robinhood: Trading & Investing",
   "sellerName": "Robinhood Markets Inc",
   "lifetime_rating": 4.2868,
   "lifetime_count": 4804469,
   "current_version": "2026.33.0",
   "current_version_date": "2026-08-17T19:04:13Z"
  },
  "velocity": {
   "status": "OK",
   "reviews_7d": 86,
   "reviews_30d": 337,
   "per_day_7d": 12.29,
   "per_day_30d": 11.23,
   "window_covered": true,
   "floor_note": null,
   "visible_cohort_avg": 3.24,
   "visible_cohort_n": 337,
   "one_star_share": 0.359,
   "version_release_recent": true,
   "caveat": "US storefront only; velocity measures PROMPTING as much as sentiment (MAUDE lesson) \u2014 a spike coincident with version_release_recent=True is an artifact candidate until the cohort rating confirms; a COLLAPSE has no prompt excuse and is the cleaner signal. POPULATION WARNING (calibrated 2026-08-16, first 6-name cross-section): visible_cohort_avg is WRITTEN reviews only, a structurally angrier population than the prompted-ratings-dominated lifetime mean \u2014 every tracked name reads 1.8-3.9 recent vs ~4.5+ lifetime. NEVER read visible-vs-lifetime as deterioration. Valid comparisons: this cohort vs ITS OWN history (velocity + rating over snapshots), name vs name within this channel, and the EXACT cohort delta below (same-population arithmetic)."
  },
  "play": {
   "status": "OK",
   "rating": 4.21995735168457,
   "count": 536751,
   "app_name": "Robinhood: Trading \\u0026 Investing",
   "parse": "ld+json",
   "pkg": "com.robinhood.android"
  },
  "exact_cohort": {
   "status": "OK",
   "baseline_asof": "2026-08-17T16:11:22Z",
   "days": 3.1,
   "new_raters": 2442,
   "raters_per_day": 781.0,
   "cohort_rating": 4.99,
   "delta_vs_lifetime": 0.7,
   "note": null,
   "play_raters_per_day": 1568.3
  }
 },
 "SOFI": {
  "ticker": "SOFI",
  "asof": "2026-08-20T19:14:11Z",
  "country": "us",
  "resolution": {
   "status": "RESOLVED",
   "itunes_id": 1191985736,
   "trackName": "SoFi: Bank, Invest & Crypto",
   "sellerName": "Social Finance, LLC",
   "score": 1.0,
   "cached": "2026-08-16T16:07:01Z",
   "via": "cache"
  },
  "seller_drift_flag": "lookup seller 'Social Finance, LLC' no longer matches hint 'SoFi' \u2014 verify before trusting",
  "itunes_lookup": {
   "status": "OK",
   "trackName": "SoFi: Bank, Invest & Crypto",
   "sellerName": "Social Finance, LLC",
   "lifetime_rating": 4.74425,
   "lifetime_count": 385451,
   "current_version": "3.109.0",
   "current_version_date": "2026-08-14T14:00:45Z"
  },
  "velocity": {
   "status": "OK",
   "reviews_7d": 9,
   "reviews_30d": 49,
   "per_day_7d": 1.29,
   "per_day_30d": 1.63,
   "window_covered": true,
   "floor_note": null,
   "visible_cohort_avg": 2.18,
   "visible_cohort_n": 49,
   "one_star_share": 0.612,
   "version_release_recent": true,
   "caveat": "US storefront only; velocity measures PROMPTING as much as sentiment (MAUDE lesson) \u2014 a spike coincident with version_release_recent=True is an artifact candidate until the cohort rating confirms; a COLLAPSE has no prompt excuse and is the cleaner signal. POPULATION WARNING (calibrated 2026-08-16, first 6-name cross-section): visible_cohort_avg is WRITTEN reviews only, a structurally angrier population than the prompted-ratings-dominated lifetime mean \u2014 every tracked name reads 1.8-3.9 recent vs ~4.5+ lifetime. NEVER read visible-vs-lifetime as deterioration. Valid comparisons: this cohort vs ITS OWN history (velocity + rating over snapshots), name vs name within this channel, and the EXACT cohort delta below (same-population arithmetic)."
  },
  "play": {
   "status": "NO_PKG",
   "detail": "no play package known \u2014 pass extra.play_pkg"
  },
  "exact_cohort": {
   "status": "OK",
   "baseline_asof": "2026-08-17T16:11:24Z",
   "days": 3.1,
   "new_raters": -63,
   "raters_per_day": -20.1,
   "cohort_rating": null,
   "delta_vs_lifetime": null,
   "note": "only -63 new raters since baseline \u2014 below MIN_COHORT_N=15, cohort mean withheld as noise"
  }
 },
 "LMND": {
  "ticker": "LMND",
  "asof": "2026-08-20T19:14:13Z",
  "country": "us",
  "resolution": {
   "status": "RESOLVED",
   "itunes_id": 1055653645,
   "trackName": "Lemonade Insurance",
   "sellerName": "Lemonade Inc.",
   "score": 3.0,
   "cached": "2026-08-16T16:07:08Z",
   "via": "cache"
  },
  "itunes_lookup": {
   "status": "OK",
   "trackName": "Lemonade Insurance",
   "sellerName": "Lemonade Inc.",
   "lifetime_rating": 4.84619,
   "lifetime_count": 85967,
   "current_version": "9.52",
   "current_version_date": "2026-08-20T04:25:55Z"
  },
  "velocity": {
   "status": "OK",
   "reviews_7d": 6,
   "reviews_30d": 32,
   "per_day_7d": 0.86,
   "per_day_30d": 1.07,
   "window_covered": true,
   "floor_note": null,
   "visible_cohort_avg": 1.66,
   "visible_cohort_n": 32,
   "one_star_share": 0.812,
   "version_release_recent": true,
   "caveat": "US storefront only; velocity measures PROMPTING as much as sentiment (MAUDE lesson) \u2014 a spike coincident with version_release_recent=True is an artifact candidate until the cohort rating confirms; a COLLAPSE has no prompt excuse and is the cleaner signal. POPULATION WARNING (calibrated 2026-08-16, first 6-name cross-section): visible_cohort_avg is WRITTEN reviews only, a structurally angrier population than the prompted-ratings-dominated lifetime mean \u2014 every tracked name reads 1.8-3.9 recent vs ~4.5+ lifetime. NEVER read visible-vs-lifetime as deterioration. Valid comparisons: this cohort vs ITS OWN history (velocity + rating over snapshots), name vs name within this channel, and the EXACT cohort delta below (same-population arithmetic)."
  },
  "play": {
   "status": "NO_PKG",
   "detail": "no play package known \u2014 pass extra.play_pkg"
  },
  "exact_cohort": {
   "status": "OK",
   "baseline_asof": "2026-08-17T16:11:25Z",
   "days": 3.1,
   "new_raters": -5,
   "raters_per_day": -1.6,
   "cohort_rating": null,
   "delta_vs_lifetime": null,
   "note": "only -5 new raters since baseline \u2014 below MIN_COHORT_N=15, cohort mean withheld as noise"
  }
 },
 "ETOR": {
  "ticker": "ETOR",
  "asof": "2026-08-20T19:14:14Z",
  "country": "us",
  "resolution": {
   "status": "RESOLVED",
   "itunes_id": 674984916,
   "trackName": "etoro: Trade & Invest",
   "sellerName": "eToro Group Ltd.",
   "score": 3.0,
   "cached": "2026-08-16T16:07:10Z",
   "via": "cache"
  },
  "itunes_lookup": {
   "status": "OK",
   "trackName": "etoro: Trade & Invest",
   "sellerName": "eToro Group Ltd.",
   "lifetime_rating": 4.3898,
   "lifetime_count": 9841,
   "current_version": "v651.1317.1",
   "current_version_date": "2026-08-15T13:28:05Z"
  },
  "velocity": {
   "status": "OK",
   "reviews_7d": 1,
   "reviews_30d": 8,
   "per_day_7d": 0.14,
   "per_day_30d": 0.27,
   "window_covered": true,
   "floor_note": null,
   "visible_cohort_avg": 4.25,
   "visible_cohort_n": 8,
   "one_star_share": 0.125,
   "version_release_recent": true,
   "caveat": "US storefront only; velocity measures PROMPTING as much as sentiment (MAUDE lesson) \u2014 a spike coincident with version_release_recent=True is an artifact candidate until the cohort rating confirms; a COLLAPSE has no prompt excuse and is the cleaner signal. POPULATION WARNING (calibrated 2026-08-16, first 6-name cross-section): visible_cohort_avg is WRITTEN reviews only, a structurally angrier population than the prompted-ratings-dominated lifetime mean \u2014 every tracked name reads 1.8-3.9 recent vs ~4.5+ lifetime. NEVER read visible-vs-lifetime as deterioration. Valid comparisons: this cohort vs ITS OWN history (velocity + rating over snapshots), name vs name within this channel, and the EXACT cohort delta below (same-population arithmetic)."
  },
  "play": {
   "status": "NO_PKG",
   "detail": "no play package known \u2014 pass extra.play_pkg"
  },
  "exact_cohort": {
   "status": "OK",
   "baseline_asof": "2026-08-17T16:11:26Z",
   "days": 3.1,
   "new_raters": 7,
   "raters_per_day": 2.2,
   "cohort_rating": null,
   "delta_vs_lifetime": null,
   "note": "only 7 new raters since baseline \u2014 below MIN_COHORT_N=15, cohort mean withheld as noise"
  }
 }
}

/Users/ajay/Library/Python/3.9/lib/python/site-packages/urllib3/__init__.py:35: NotOpenSSLWarning: urllib3 v2 only supports OpenSSL 1.1.1+, currently the 'ssl' module is compiled with 'LibreSSL 2.8.3'. See: https://github.com/urllib3/urllib3/issues/3020
  warnings.warn(

===== 2026-08-21 13:10 (desk) =====
[IBKR] vel=0.5/d cohort=2.53 1star=0.467 exact=OK
[RDDT] vel=15.0/d cohort=2.18 1star=0.631 exact=OK
[HOOD] vel=5.0/d cohort=3.84 1star=0.213 exact=OK
[SOFI] vel=1.7/d cohort=2.02 1star=0.647 exact=OK
[LMND] vel=1.07/d cohort=1.78 1star=0.781 exact=OK
[ETOR] vel=0.23/d cohort=4.14 1star=0.143 exact=OK
{
 "IBKR": {
  "ticker": "IBKR",
  "asof": "2026-08-21T20:10:10Z",
  "country": "us",
  "resolution": {
   "status": "RESOLVED",
   "itunes_id": 454558592,
   "trackName": "IBKR Mobile - Invest Worldwide",
   "sellerName": "Interactive Brokers LLC",
   "score": 3.0,
   "cached": "2026-08-16T16:06:41Z",
   "via": "cache"
  },
  "itunes_lookup": {
   "status": "OK",
   "trackName": "IBKR Mobile - Invest Worldwide",
   "sellerName": "Interactive Brokers LLC",
   "lifetime_rating": 4.49855,
   "lifetime_count": 11381,
   "current_version": "10.17",
   "current_version_date": "2026-08-20T14:01:07Z"
  },
  "velocity": {
   "status": "OK",
   "reviews_7d": 1,
   "reviews_30d": 15,
   "per_day_7d": 0.14,
   "per_day_30d": 0.5,
   "window_covered": true,
   "floor_note": null,
   "visible_cohort_avg": 2.53,
   "visible_cohort_n": 15,
   "one_star_share": 0.467,
   "version_release_recent": true,
   "caveat": "US storefront only; velocity measures PROMPTING as much as sentiment (MAUDE lesson) \u2014 a spike coincident with version_release_recent=True is an artifact candidate until the cohort rating confirms; a COLLAPSE has no prompt excuse and is the cleaner signal. POPULATION WARNING (calibrated 2026-08-16, first 6-name cross-section): visible_cohort_avg is WRITTEN reviews only, a structurally angrier population than the prompted-ratings-dominated lifetime mean \u2014 every tracked name reads 1.8-3.9 recent vs ~4.5+ lifetime. NEVER read visible-vs-lifetime as deterioration. Valid comparisons: this cohort vs ITS OWN history (velocity + rating over snapshots), name vs name within this channel, and the EXACT cohort delta below (same-population arithmetic)."
  },
  "play": {
   "status": "OK",
   "rating": 4.559374809265137,
   "count": 74462,
   "app_name": "IBKR Mobile",
   "parse": "ld+json",
   "pkg": "atws.app"
  },
  "exact_cohort": {
   "status": "OK",
   "baseline_asof": "2026-08-18T17:04:48Z",
   "days": 3.1,
   "new_raters": 15,
   "raters_per_day": 4.8,
   "cohort_rating": 4.13,
   "delta_vs_lifetime": -0.37,
   "note": null,
   "play_raters_per_day": 60.4
  }
 },
 "RDDT": {
  "ticker": "RDDT",
  "asof": "2026-08-21T20:10:12Z",
  "country": "us",
  "resolution": {
   "status": "RESOLVED",
   "itunes_id": 1064216828,
   "trackName": "Reddit",
   "sellerName": "REDDIT, INC.",
   "score": 3.0,
   "cached": "2026-08-16T16:06:53Z",
   "via": "cache"
  },
  "itunes_lookup": {
   "status": "OK",
   "trackName": "Reddit",
   "sellerName": "REDDIT, INC.",
   "lifetime_rating": 4.75621,
   "lifetime_count": 3482149,
   "current_version": "2026.33.0",
   "current_version_date": "2026-08-17T19:58:20Z"
  },
  "velocity": {
   "status": "OK",
   "reviews_7d": 161,
   "reviews_30d": 450,
   "per_day_7d": 23.0,
   "per_day_30d": 15.0,
   "window_covered": false,
   "floor_note": "RSS pagination exhausted at 10 pages spanning 15.0d \u2014 windowed counts are FLOORS; span rate 30.0/day is the honest velocity",
   "visible_cohort_avg": 2.18,
   "visible_cohort_n": 450,
   "one_star_share": 0.631,
   "version_release_recent": true,
   "caveat": "US storefront only; velocity measures PROMPTING as much as sentiment (MAUDE lesson) \u2014 a spike coincident with version_release_recent=True is an artifact candidate until the cohort rating confirms; a COLLAPSE has no prompt excuse and is the cleaner signal. POPULATION WARNING (calibrated 2026-08-16, first 6-name cross-section): visible_cohort_avg is WRITTEN reviews only, a structurally angrier population than the prompted-ratings-dominated lifetime mean \u2014 every tracked name reads 1.8-3.9 recent vs ~4.5+ lifetime. NEVER read visible-vs-lifetime as deterioration. Valid comparisons: this cohort vs ITS OWN history (velocity + rating over snapshots), name vs name within this channel, and the EXACT cohort delta below (same-population arithmetic)."
  },
  "play": {
   "status": "OK",
   "rating": 4.57403039932251,
   "count": 4777259,
   "app_name": "Reddit",
   "parse": "ld+json",
   "pkg": "com.reddit.frontpage"
  },
  "exact_cohort": {
   "status": "OK",
   "baseline_asof": "2026-08-18T17:04:56Z",
   "days": 3.1,
   "new_raters": 2776,
   "raters_per_day": 887.3,
   "cohort_rating": 4.73,
   "delta_vs_lifetime": -0.03,
   "note": null,
   "play_raters_per_day": 2369.3
  }
 },
 "HOOD": {
  "ticker": "HOOD",
  "asof": "2026-08-21T20:10:21Z",
  "country": "us",
  "resolution": {
   "status": "RESOLVED",
   "itunes_id": 938003185,
   "trackName": "Robinhood: Trading & Investing",
   "sellerName": "Robinhood Markets Inc",
   "score": 3.0,
   "cached": "2026-08-16T16:07:02Z",
   "via": "cache"
  },
  "itunes_lookup": {
   "status": "OK",
   "trackName": "Robinhood: Trading & Investing",
   "sellerName": "Robinhood Markets Inc",
   "lifetime_rating": 4.28714,
   "lifetime_count": 4807126,
   "current_version": "2026.33.1",
   "current_version_date": "2026-08-20T14:32:00Z"
  },
  "velocity": {
   "status": "OK",
   "reviews_7d": 100,
   "reviews_30d": 150,
   "per_day_7d": 14.29,
   "per_day_30d": 5.0,
   "window_covered": false,
   "floor_note": "RSS pagination exhausted at 4 pages spanning 9.2d \u2014 windowed counts are FLOORS; span rate 16.2/day is the honest velocity",
   "visible_cohort_avg": 3.84,
   "visible_cohort_n": 150,
   "one_star_share": 0.213,
   "version_release_recent": true,
   "caveat": "US storefront only; velocity measures PROMPTING as much as sentiment (MAUDE lesson) \u2014 a spike coincident with version_release_recent=True is an artifact candidate until the cohort rating confirms; a COLLAPSE has no prompt excuse and is the cleaner signal. POPULATION WARNING (calibrated 2026-08-16, first 6-name cross-section): visible_cohort_avg is WRITTEN reviews only, a structurally angrier population than the prompted-ratings-dominated lifetime mean \u2014 every tracked name reads 1.8-3.9 recent vs ~4.5+ lifetime. NEVER read visible-vs-lifetime as deterioration. Valid comparisons: this cohort vs ITS OWN history (velocity + rating over snapshots), name vs name within this channel, and the EXACT cohort delta below (same-population arithmetic)."
  },
  "play": {
   "status": "OK",
   "rating": 4.245172500610352,
   "count": 538604,
   "app_name": "Robinhood: Trading \\u0026 Investing",
   "parse": "ld+json",
   "pkg": "com.robinhood.android"
  },
  "exact_cohort": {
   "status": "OK",
   "baseline_asof": "2026-08-18T17:05:03Z",
   "days": 3.1,
   "new_raters": 4992,
   "raters_per_day": 1595.5,
   "cohort_rating": 4.94,
   "delta_vs_lifetime": 0.65,
   "note": null,
   "play_raters_per_day": 2022.2
  }
 },
 "SOFI": {
  "ticker": "SOFI",
  "asof": "2026-08-21T20:10:25Z",
  "country": "us",
  "resolution": {
   "status": "RESOLVED",
   "itunes_id": 1191985736,
   "trackName": "SoFi: Bank, Invest & Crypto",
   "sellerName": "Social Finance, LLC",
   "score": 1.0,
   "cached": "2026-08-16T16:07:01Z",
   "via": "cache"
  },
  "seller_drift_flag": "lookup seller 'Social Finance, LLC' no longer matches hint 'SoFi' \u2014 verify before trusting",
  "itunes_lookup": {
   "status": "OK",
   "trackName": "SoFi: Bank, Invest & Crypto",
   "sellerName": "Social Finance, LLC",
   "lifetime_rating": 4.74422,
   "lifetime_count": 385469,
   "current_version": "3.109.0",
   "current_version_date": "2026-08-14T14:00:45Z"
  },
  "velocity": {
   "status": "OK",
   "reviews_7d": 12,
   "reviews_30d": 51,
   "per_day_7d": 1.71,
   "per_day_30d": 1.7,
   "window_covered": true,
   "floor_note": null,
   "visible_cohort_avg": 2.02,
   "visible_cohort_n": 51,
   "one_star_share": 0.647,
   "version_release_recent": true,
   "caveat": "US storefront only; velocity measures PROMPTING as much as sentiment (MAUDE lesson) \u2014 a spike coincident with version_release_recent=True is an artifact candidate until the cohort rating confirms; a COLLAPSE has no prompt excuse and is the cleaner signal. POPULATION WARNING (calibrated 2026-08-16, first 6-name cross-section): visible_cohort_avg is WRITTEN reviews only, a structurally angrier population than the prompted-ratings-dominated lifetime mean \u2014 every tracked name reads 1.8-3.9 recent vs ~4.5+ lifetime. NEVER read visible-vs-lifetime as deterioration. Valid comparisons: this cohort vs ITS OWN history (velocity + rating over snapshots), name vs name within this channel, and the EXACT cohort delta below (same-population arithmetic)."
  },
  "play": {
   "status": "NO_PKG",
   "detail": "no play package known \u2014 pass extra.play_pkg"
  },
  "exact_cohort": {
   "status": "OK",
   "baseline_asof": "2026-08-18T17:05:04Z",
   "days": 3.1,
   "new_raters": 22,
   "raters_per_day": 7.0,
   "cohort_rating": 4.22,
   "delta_vs_lifetime": -0.52,
   "note": null
  }
 },
 "LMND": {
  "ticker": "LMND",
  "asof": "2026-08-21T20:10:27Z",
  "country": "us",
  "resolution": {
   "status": "RESOLVED",
   "itunes_id": 1055653645,
   "trackName": "Lemonade Insurance",
   "sellerName": "Lemonade Inc.",
   "score": 3.0,
   "cached": "2026-08-16T16:07:08Z",
   "via": "cache"
  },
  "itunes_lookup": {
   "status": "OK",
   "trackName": "Lemonade Insurance",
   "sellerName": "Lemonade Inc.",
   "lifetime_rating": 4.84619,
   "lifetime_count": 85969,
   "current_version": "9.52",
   "current_version_date": "2026-08-20T04:25:55Z"
  },
  "velocity": {
   "status": "OK",
   "reviews_7d": 7,
   "reviews_30d": 32,
   "per_day_7d": 1.0,
   "per_day_30d": 1.07,
   "window_covered": true,
   "floor_note": null,
   "visible_cohort_avg": 1.78,
   "visible_cohort_n": 32,
   "one_star_share": 0.781,
   "version_release_recent": true,
   "caveat": "US storefront only; velocity measures PROMPTING as much as sentiment (MAUDE lesson) \u2014 a spike coincident with version_release_recent=True is an artifact candidate until the cohort rating confirms; a COLLAPSE has no prompt excuse and is the cleaner signal. POPULATION WARNING (calibrated 2026-08-16, first 6-name cross-section): visible_cohort_avg is WRITTEN reviews only, a structurally angrier population than the prompted-ratings-dominated lifetime mean \u2014 every tracked name reads 1.8-3.9 recent vs ~4.5+ lifetime. NEVER read visible-vs-lifetime as deterioration. Valid comparisons: this cohort vs ITS OWN history (velocity + rating over snapshots), name vs name within this channel, and the EXACT cohort delta below (same-population arithmetic)."
  },
  "play": {
   "status": "NO_PKG",
   "detail": "no play package known \u2014 pass extra.play_pkg"
  },
  "exact_cohort": {
   "status": "OK",
   "baseline_asof": "2026-08-18T17:05:06Z",
   "days": 3.1,
   "new_raters": 7,
   "raters_per_day": 2.2,
   "cohort_rating": null,
   "delta_vs_lifetime": null,
   "note": "only 7 new raters since baseline \u2014 below MIN_COHORT_N=15, cohort mean withheld as noise"
  }
 },
 "ETOR": {
  "ticker": "ETOR",
  "asof": "2026-08-21T20:10:29Z",
  "country": "us",
  "resolution": {
   "status": "RESOLVED",
   "itunes_id": 674984916,
   "trackName": "etoro: Trade & Invest",
   "sellerName": "eToro Group Ltd.",
   "score": 3.0,
   "cached": "2026-08-16T16:07:10Z",
   "via": "cache"
  },
  "itunes_lookup": {
   "status": "OK",
   "trackName": "etoro: Trade & Invest",
   "sellerName": "eToro Group Ltd.",
   "lifetime_rating": 4.39018,
   "lifetime_count": 9844,
   "current_version": "v651.1317.1",
   "current_version_date": "2026-08-15T13:28:05Z"
  },
  "velocity": {
   "status": "OK",
   "reviews_7d": 1,
   "reviews_30d": 7,
   "per_day_7d": 0.14,
   "per_day_30d": 0.23,
   "window_covered": true,
   "floor_note": null,
   "visible_cohort_avg": 4.14,
   "visible_cohort_n": 7,
   "one_star_share": 0.143,
   "version_release_recent": true,
   "caveat": "US storefront only; velocity measures PROMPTING as much as sentiment (MAUDE lesson) \u2014 a spike coincident with version_release_recent=True is an artifact candidate until the cohort rating confirms; a COLLAPSE has no prompt excuse and is the cleaner signal. POPULATION WARNING (calibrated 2026-08-16, first 6-name cross-section): visible_cohort_avg is WRITTEN reviews only, a structurally angrier population than the prompted-ratings-dominated lifetime mean \u2014 every tracked name reads 1.8-3.9 recent vs ~4.5+ lifetime. NEVER read visible-vs-lifetime as deterioration. Valid comparisons: this cohort vs ITS OWN history (velocity + rating over snapshots), name vs name within this channel, and the EXACT cohort delta below (same-population arithmetic)."
  },
  "play": {
   "status": "NO_PKG",
   "detail": "no play package known \u2014 pass extra.play_pkg"
  },
  "exact_cohort": {
   "status": "OK",
   "baseline_asof": "2026-08-18T17:05:07Z",
   "days": 3.1,
   "new_raters": 8,
   "raters_per_day": 2.6,
   "cohort_rating": null,
   "delta_vs_lifetime": null,
   "note": "only 8 new raters since baseline \u2014 below MIN_COHORT_N=15, cohort mean withheld as noise"
  }
 }
}

/Users/ajay/Library/Python/3.9/lib/python/site-packages/urllib3/__init__.py:35: NotOpenSSLWarning: urllib3 v2 only supports OpenSSL 1.1.1+, currently the 'ssl' module is compiled with 'LibreSSL 2.8.3'. See: https://github.com/urllib3/urllib3/issues/3020
  warnings.warn(

===== 2026-08-24 02:14 (desk) =====
[IBKR] vel=—/d cohort=— 1star=— exact=OK
[RDDT] vel=—/d cohort=— 1star=— exact=OK
[HOOD] vel=—/d cohort=— 1star=— exact=OK
[SOFI] vel=—/d cohort=— 1star=— exact=OK
[LMND] vel=—/d cohort=— 1star=— exact=OK
[ETOR] vel=—/d cohort=— 1star=— exact=OK
{
 "IBKR": {
  "ticker": "IBKR",
  "asof": "2026-08-24T09:13:52Z",
  "country": "us",
  "resolution": {
   "status": "RESOLVED",
   "itunes_id": 454558592,
   "trackName": "IBKR Mobile - Invest Worldwide",
   "sellerName": "Interactive Brokers LLC",
   "score": 3.0,
   "cached": "2026-08-16T16:06:41Z",
   "via": "cache"
  },
  "itunes_lookup": {
   "status": "OK",
   "trackName": "IBKR Mobile - Invest Worldwide",
   "sellerName": "Interactive Brokers LLC",
   "lifetime_rating": 4.49895,
   "lifetime_count": 11394,
   "current_version": "10.17",
   "current_version_date": "2026-08-20T14:01:07Z"
  },
  "velocity": {
   "status": "EMPTY",
   "detail": "no dated RSS reviews (empty feed)"
  },
  "play": {
   "status": "OK",
   "rating": 4.563654899597168,
   "count": 74551,
   "app_name": "IBKR Mobile",
   "parse": "ld+json",
   "pkg": "atws.app"
  },
  "exact_cohort": {
   "status": "OK",
   "baseline_asof": "2026-08-20T19:13:56Z",
   "days": 3.6,
   "new_raters": 17,
   "raters_per_day": 4.7,
   "cohort_rating": 4.71,
   "delta_vs_lifetime": 0.21,
   "note": null,
   "play_raters_per_day": 39.9
  }
 },
 "RDDT": {
  "ticker": "RDDT",
  "asof": "2026-08-24T09:13:53Z",
  "country": "us",
  "resolution": {
   "status": "RESOLVED",
   "itunes_id": 1064216828,
   "trackName": "Reddit",
   "sellerName": "REDDIT, INC.",
   "score": 3.0,
   "cached": "2026-08-16T16:06:53Z",
   "via": "cache"
  },
  "itunes_lookup": {
   "status": "OK",
   "trackName": "Reddit",
   "sellerName": "REDDIT, INC.",
   "lifetime_rating": 4.75615,
   "lifetime_count": 3483928,
   "current_version": "2026.33.0",
   "current_version_date": "2026-08-17T19:58:20Z"
  },
  "velocity": {
   "status": "EMPTY",
   "detail": "no dated RSS reviews (empty feed)"
  },
  "play": {
   "status": "OK",
   "rating": 4.572730541229248,
   "count": 4781737,
   "app_name": "Reddit",
   "parse": "ld+json",
   "pkg": "com.reddit.frontpage"
  },
  "exact_cohort": {
   "status": "OK",
   "baseline_asof": "2026-08-20T19:14:05Z",
   "days": 3.6,
   "new_raters": 2553,
   "raters_per_day": 712.5,
   "cohort_rating": 4.65,
   "delta_vs_lifetime": -0.11,
   "note": null,
   "play_raters_per_day": 1948.3
  }
 },
 "HOOD": {
  "ticker": "HOOD",
  "asof": "2026-08-24T09:13:55Z",
  "country": "us",
  "resolution": {
   "status": "RESOLVED",
   "itunes_id": 938003185,
   "trackName": "Robinhood: Trading & Investing",
   "sellerName": "Robinhood Markets Inc",
   "score": 3.0,
   "cached": "2026-08-16T16:07:02Z",
   "via": "cache"
  },
  "itunes_lookup": {
   "status": "OK",
   "trackName": "Robinhood: Trading & Investing",
   "sellerName": "Robinhood Markets Inc",
   "lifetime_rating": 4.28752,
   "lifetime_count": 4810186,
   "current_version": "2026.33.1",
   "current_version_date": "2026-08-20T14:32:00Z"
  },
  "velocity": {
   "status": "EMPTY",
   "detail": "no dated RSS reviews (empty feed)"
  },
  "play": {
   "status": "OK",
   "rating": 4.277768135070801,
   "count": 541184,
   "app_name": "Robinhood: Trading \\u0026 Investing",
   "parse": "ld+json",
   "pkg": "com.robinhood.android"
  },
  "exact_cohort": {
   "status": "OK",
   "baseline_asof": "2026-08-20T19:14:10Z",
   "days": 3.6,
   "new_raters": 5717,
   "raters_per_day": 1595.5,
   "cohort_rating": 4.89,
   "delta_vs_lifetime": 0.6,
   "note": null,
   "play_raters_per_day": 1237.2
  }
 },
 "SOFI": {
  "ticker": "SOFI",
  "asof": "2026-08-24T09:13:56Z",
  "country": "us",
  "resolution": {
   "status": "RESOLVED",
   "itunes_id": 1191985736,
   "trackName": "SoFi: Bank, Invest & Crypto",
   "sellerName": "Social Finance, LLC",
   "score": 1.0,
   "cached": "2026-08-16T16:07:01Z",
   "via": "cache"
  },
  "seller_drift_flag": "lookup seller 'Social Finance, LLC' no longer matches hint 'SoFi' \u2014 verify before trusting",
  "itunes_lookup": {
   "status": "OK",
   "trackName": "SoFi: Bank, Invest & Crypto",
   "sellerName": "Social Finance, LLC",
   "lifetime_rating": 4.74422,
   "lifetime_count": 385485,
   "current_version": "3.110.0",
   "current_version_date": "2026-08-21T16:43:18Z"
  },
  "velocity": {
   "status": "EMPTY",
   "detail": "no dated RSS reviews (empty feed)"
  },
  "play": {
   "status": "NO_PKG",
   "detail": "no play package known \u2014 pass extra.play_pkg"
  },
  "exact_cohort": {
   "status": "OK",
   "baseline_asof": "2026-08-20T19:14:12Z",
   "days": 3.6,
   "new_raters": 34,
   "raters_per_day": 9.5,
   "cohort_rating": 4.4,
   "delta_vs_lifetime": -0.34,
   "note": null
  }
 },
 "LMND": {
  "ticker": "LMND",
  "asof": "2026-08-24T09:13:57Z",
  "country": "us",
  "resolution": {
   "status": "RESOLVED",
   "itunes_id": 1055653645,
   "trackName": "Lemonade Insurance",
   "sellerName": "Lemonade Inc.",
   "score": 3.0,
   "cached": "2026-08-16T16:07:08Z",
   "via": "cache"
  },
  "itunes_lookup": {
   "status": "OK",
   "trackName": "Lemonade Insurance",
   "sellerName": "Lemonade Inc.",
   "lifetime_rating": 4.84618,
   "lifetime_count": 85983,
   "current_version": "9.52",
   "current_version_date": "2026-08-20T04:25:55Z"
  },
  "velocity": {
   "status": "EMPTY",
   "detail": "no dated RSS reviews (empty feed)"
  },
  "play": {
   "status": "NO_PKG",
   "detail": "no play package known \u2014 pass extra.play_pkg"
  },
  "exact_cohort": {
   "status": "OK",
   "baseline_asof": "2026-08-20T19:14:13Z",
   "days": 3.6,
   "new_raters": 16,
   "raters_per_day": 4.5,
   "cohort_rating": 4.79,
   "delta_vs_lifetime": -0.06,
   "note": null
  }
 },
 "ETOR": {
  "ticker": "ETOR",
  "asof": "2026-08-24T09:13:59Z",
  "country": "us",
  "resolution": {
   "status": "RESOLVED",
   "itunes_id": 674984916,
   "trackName": "etoro: Trade & Invest",
   "sellerName": "eToro Group Ltd.",
   "score": 3.0,
   "cached": "2026-08-16T16:07:10Z",
   "via": "cache"
  },
  "itunes_lookup": {
   "status": "OK",
   "trackName": "etoro: Trade & Invest",
   "sellerName": "eToro Group Ltd.",
   "lifetime_rating": 4.3906,
   "lifetime_count": 9859,
   "current_version": "v651.1317.1",
   "current_version_date": "2026-08-15T13:28:05Z"
  },
  "velocity": {
   "status": "EMPTY",
   "detail": "no dated RSS reviews (empty feed)"
  },
  "play": {
   "status": "NO_PKG",
   "detail": "no play package known \u2014 pass extra.play_pkg"
  },
  "exact_cohort": {
   "status": "OK",
   "baseline_asof": "2026-08-20T19:14:15Z",
   "days": 3.6,
   "new_raters": 18,
   "raters_per_day": 5.0,
   "cohort_rating": 4.83,
   "delta_vs_lifetime": 0.44,
   "note": null
  }
 }
}

/Users/ajay/Library/Python/3.9/lib/python/site-packages/urllib3/__init__.py:35: NotOpenSSLWarning: urllib3 v2 only supports OpenSSL 1.1.1+, currently the 'ssl' module is compiled with 'LibreSSL 2.8.3'. See: https://github.com/urllib3/urllib3/issues/3020
  warnings.warn(

===== 2026-08-25 03:07 (desk) =====
[IBKR] vel=0.5/d cohort=2.53 1star=0.467 exact=OK
[RDDT] vel=—/d cohort=— 1star=— exact=OK
[HOOD] vel=1.67/d cohort=3.66 1star=0.24 exact=OK
[SOFI] vel=1.67/d cohort=2.08 1star=0.62 exact=OK
[LMND] vel=—/d cohort=— 1star=— exact=OK
[ETOR] vel=—/d cohort=— 1star=— exact=OK
{
 "IBKR": {
  "ticker": "IBKR",
  "asof": "2026-08-25T10:07:26Z",
  "country": "us",
  "resolution": {
   "status": "RESOLVED",
   "itunes_id": 454558592,
   "trackName": "IBKR Mobile - Invest Worldwide",
   "sellerName": "Interactive Brokers LLC",
   "score": 3.0,
   "cached": "2026-08-16T16:06:41Z",
   "via": "cache"
  },
  "itunes_lookup": {
   "status": "OK",
   "trackName": "IBKR Mobile - Invest Worldwide",
   "sellerName": "Interactive Brokers LLC",
   "lifetime_rating": 4.4989,
   "lifetime_count": 11395,
   "current_version": "10.17",
   "current_version_date": "2026-08-20T14:01:07Z"
  },
  "velocity": {
   "status": "OK",
   "reviews_7d": 0,
   "reviews_30d": 15,
   "per_day_7d": 0.0,
   "per_day_30d": 0.5,
   "window_covered": true,
   "floor_note": null,
   "visible_cohort_avg": 2.53,
   "visible_cohort_n": 15,
   "one_star_share": 0.467,
   "version_release_recent": true,
   "caveat": "US storefront only; velocity measures PROMPTING as much as sentiment (MAUDE lesson) \u2014 a spike coincident with version_release_recent=True is an artifact candidate until the cohort rating confirms; a COLLAPSE has no prompt excuse and is the cleaner signal. POPULATION WARNING (calibrated 2026-08-16, first 6-name cross-section): visible_cohort_avg is WRITTEN reviews only, a structurally angrier population than the prompted-ratings-dominated lifetime mean \u2014 every tracked name reads 1.8-3.9 recent vs ~4.5+ lifetime. NEVER read visible-vs-lifetime as deterioration. Valid comparisons: this cohort vs ITS OWN history (velocity + rating over snapshots), name vs name within this channel, and the EXACT cohort delta below (same-population arithmetic)."
  },
  "play": {
   "status": "OK",
   "rating": 4.563206672668457,
   "count": 74561,
   "app_name": "IBKR Mobile",
   "parse": "ld+json",
   "pkg": "atws.app"
  },
  "exact_cohort": {
   "status": "OK",
   "baseline_asof": "2026-08-21T20:10:11Z",
   "days": 3.6,
   "new_raters": 14,
   "raters_per_day": 3.9,
   "cohort_rating": null,
   "delta_vs_lifetime": null,
   "note": "only 14 new raters since baseline \u2014 below MIN_COHORT_N=15, cohort mean withheld as noise",
   "play_raters_per_day": 27.6
  }
 },
 "RDDT": {
  "ticker": "RDDT",
  "asof": "2026-08-25T10:07:28Z",
  "country": "us",
  "resolution": {
   "status": "RESOLVED",
   "itunes_id": 1064216828,
   "trackName": "Reddit",
   "sellerName": "REDDIT, INC.",
   "score": 3.0,
   "cached": "2026-08-16T16:06:53Z",
   "via": "cache"
  },
  "itunes_lookup": {
   "status": "OK",
   "trackName": "Reddit",
   "sellerName": "REDDIT, INC.",
   "lifetime_rating": 4.75615,
   "lifetime_count": 3484785,
   "current_version": "2026.33.0",
   "current_version_date": "2026-08-17T19:58:20Z"
  },
  "velocity": {
   "status": "EMPTY",
   "detail": "no dated RSS reviews (empty feed)"
  },
  "play": {
   "status": "OK",
   "rating": 4.572475910186768,
   "count": 4783584,
   "app_name": "Reddit",
   "parse": "ld+json",
   "pkg": "com.reddit.frontpage"
  },
  "exact_cohort": {
   "status": "OK",
   "baseline_asof": "2026-08-21T20:10:20Z",
   "days": 3.6,
   "new_raters": 2636,
   "raters_per_day": 736.0,
   "cohort_rating": 4.68,
   "delta_vs_lifetime": -0.08,
   "note": null,
   "play_raters_per_day": 1766.1
  }
 },
 "HOOD": {
  "ticker": "HOOD",
  "asof": "2026-08-25T10:07:29Z",
  "country": "us",
  "resolution": {
   "status": "RESOLVED",
   "itunes_id": 938003185,
   "trackName": "Robinhood: Trading & Investing",
   "sellerName": "Robinhood Markets Inc",
   "score": 3.0,
   "cached": "2026-08-16T16:07:02Z",
   "via": "cache"
  },
  "itunes_lookup": {
   "status": "OK",
   "trackName": "Robinhood: Trading & Investing",
   "sellerName": "Robinhood Markets Inc",
   "lifetime_rating": 4.28763,
   "lifetime_count": 4811114,
   "current_version": "2026.34.0",
   "current_version_date": "2026-08-24T20:31:49Z"
  },
  "velocity": {
   "status": "OK",
   "reviews_7d": 50,
   "reviews_30d": 50,
   "per_day_7d": 7.14,
   "per_day_30d": 1.67,
   "window_covered": false,
   "floor_note": "RSS pagination exhausted at 2 pages spanning 4.2d \u2014 windowed counts are FLOORS; span rate 11.8/day is the honest velocity",
   "visible_cohort_avg": 3.66,
   "visible_cohort_n": 50,
   "one_star_share": 0.24,
   "version_release_recent": true,
   "caveat": "US storefront only; velocity measures PROMPTING as much as sentiment (MAUDE lesson) \u2014 a spike coincident with version_release_recent=True is an artifact candidate until the cohort rating confirms; a COLLAPSE has no prompt excuse and is the cleaner signal. POPULATION WARNING (calibrated 2026-08-16, first 6-name cross-section): visible_cohort_avg is WRITTEN reviews only, a structurally angrier population than the prompted-ratings-dominated lifetime mean \u2014 every tracked name reads 1.8-3.9 recent vs ~4.5+ lifetime. NEVER read visible-vs-lifetime as deterioration. Valid comparisons: this cohort vs ITS OWN history (velocity + rating over snapshots), name vs name within this channel, and the EXACT cohort delta below (same-population arithmetic)."
  },
  "play": {
   "status": "OK",
   "rating": 4.28427267074585,
   "count": 541671,
   "app_name": "Robinhood: Trading \\u0026 Investing",
   "parse": "ld+json",
   "pkg": "com.robinhood.android"
  },
  "exact_cohort": {
   "status": "OK",
   "baseline_asof": "2026-08-21T20:10:24Z",
   "days": 3.6,
   "new_raters": 3988,
   "raters_per_day": 1113.6,
   "cohort_rating": 4.88,
   "delta_vs_lifetime": 0.59,
   "note": null,
   "play_raters_per_day": 856.4
  }
 },
 "SOFI": {
  "ticker": "SOFI",
  "asof": "2026-08-25T10:07:31Z",
  "country": "us",
  "resolution": {
   "status": "RESOLVED",
   "itunes_id": 1191985736,
   "trackName": "SoFi: Bank, Invest & Crypto",
   "sellerName": "Social Finance, LLC",
   "score": 1.0,
   "cached": "2026-08-16T16:07:01Z",
   "via": "cache"
  },
  "seller_drift_flag": "lookup seller 'Social Finance, LLC' no longer matches hint 'SoFi' \u2014 verify before trusting",
  "itunes_lookup": {
   "status": "OK",
   "trackName": "SoFi: Bank, Invest & Crypto",
   "sellerName": "Social Finance, LLC",
   "lifetime_rating": 4.74423,
   "lifetime_count": 385478,
   "current_version": "3.110.0",
   "current_version_date": "2026-08-21T16:43:18Z"
  },
  "velocity": {
   "status": "OK",
   "reviews_7d": 13,
   "reviews_30d": 50,
   "per_day_7d": 1.86,
   "per_day_30d": 1.67,
   "window_covered": true,
   "floor_note": null,
   "visible_cohort_avg": 2.08,
   "visible_cohort_n": 50,
   "one_star_share": 0.62,
   "version_release_recent": true,
   "caveat": "US storefront only; velocity measures PROMPTING as much as sentiment (MAUDE lesson) \u2014 a spike coincident with version_release_recent=True is an artifact candidate until the cohort rating confirms; a COLLAPSE has no prompt excuse and is the cleaner signal. POPULATION WARNING (calibrated 2026-08-16, first 6-name cross-section): visible_cohort_avg is WRITTEN reviews only, a structurally angrier population than the prompted-ratings-dominated lifetime mean \u2014 every tracked name reads 1.8-3.9 recent vs ~4.5+ lifetime. NEVER read visible-vs-lifetime as deterioration. Valid comparisons: this cohort vs ITS OWN history (velocity + rating over snapshots), name vs name within this channel, and the EXACT cohort delta below (same-population arithmetic)."
  },
  "play": {
   "status": "NO_PKG",
   "detail": "no play package known \u2014 pass extra.play_pkg"
  },
  "exact_cohort": {
   "status": "OK",
   "baseline_asof": "2026-08-21T20:10:26Z",
   "days": 3.6,
   "new_raters": 9,
   "raters_per_day": 2.5,
   "cohort_rating": null,
   "delta_vs_lifetime": null,
   "note": "only 9 new raters since baseline \u2014 below MIN_COHORT_N=15, cohort mean withheld as noise"
  }
 },
 "LMND": {
  "ticker": "LMND",
  "asof": "2026-08-25T10:07:33Z",
  "country": "us",
  "resolution": {
   "status": "RESOLVED",
   "itunes_id": 1055653645,
   "trackName": "Lemonade Insurance",
   "sellerName": "Lemonade Inc.",
   "score": 3.0,
   "cached": "2026-08-16T16:07:08Z",
   "via": "cache"
  },
  "itunes_lookup": {
   "status": "OK",
   "trackName": "Lemonade Insurance",
   "sellerName": "Lemonade Inc.",
   "lifetime_rating": 4.84612,
   "lifetime_count": 85987,
   "current_version": "9.52",
   "current_version_date": "2026-08-20T04:25:55Z"
  },
  "velocity": {
   "status": "EMPTY",
   "detail": "no dated RSS reviews (empty feed)"
  },
  "play": {
   "status": "NO_PKG",
   "detail": "no play package known \u2014 pass extra.play_pkg"
  },
  "exact_cohort": {
   "status": "OK",
   "baseline_asof": "2026-08-21T20:10:28Z",
   "days": 3.6,
   "new_raters": 18,
   "raters_per_day": 5.0,
   "cohort_rating": 4.51,
   "delta_vs_lifetime": -0.34,
   "note": null
  }
 },
 "ETOR": {
  "ticker": "ETOR",
  "asof": "2026-08-25T10:07:35Z",
  "country": "us",
  "resolution": {
   "status": "RESOLVED",
   "itunes_id": 674984916,
   "trackName": "etoro: Trade & Invest",
   "sellerName": "eToro Group Ltd.",
   "score": 3.0,
   "cached": "2026-08-16T16:07:10Z",
   "via": "cache"
  },
  "itunes_lookup": {
   "status": "OK",
   "trackName": "etoro: Trade & Invest",
   "sellerName": "eToro Group Ltd.",
   "lifetime_rating": 4.39074,
   "lifetime_count": 9858,
   "current_version": "v651.1317.1",
   "current_version_date": "2026-08-15T13:28:05Z"
  },
  "velocity": {
   "status": "EMPTY",
   "detail": "no dated RSS reviews (empty feed)"
  },
  "play": {
   "status": "NO_PKG",
   "detail": "no play package known \u2014 pass extra.play_pkg"
  },
  "exact_cohort": {
   "status": "OK",
   "baseline_asof": "2026-08-21T20:10:29Z",
   "days": 3.6,
   "new_raters": 14,
   "raters_per_day": 3.9,
   "cohort_rating": null,
   "delta_vs_lifetime": null,
   "note": "only 14 new raters since baseline \u2014 below MIN_COHORT_N=15, cohort mean withheld as noise"
  }
 }
}

/Users/ajay/Library/Python/3.9/lib/python/site-packages/urllib3/__init__.py:35: NotOpenSSLWarning: urllib3 v2 only supports OpenSSL 1.1.1+, currently the 'ssl' module is compiled with 'LibreSSL 2.8.3'. See: https://github.com/urllib3/urllib3/issues/3020
  warnings.warn(

===== 2026-08-26 04:17 (desk) =====
[IBKR] vel=—/d cohort=— 1star=— exact=OK
[RDDT] vel=—/d cohort=— 1star=— exact=OK
[HOOD] vel=—/d cohort=— 1star=— exact=OK
[SOFI] vel=—/d cohort=— 1star=— exact=OK
[LMND] vel=—/d cohort=— 1star=— exact=OK
[ETOR] vel=—/d cohort=— 1star=— exact=OK
{
 "IBKR": {
  "ticker": "IBKR",
  "asof": "2026-08-26T11:16:53Z",
  "country": "us",
  "resolution": {
   "status": "RESOLVED",
   "itunes_id": 454558592,
   "trackName": "IBKR Mobile - Invest Worldwide",
   "sellerName": "Interactive Brokers LLC",
   "score": 3.0,
   "cached": "2026-08-16T16:06:41Z",
   "via": "cache"
  },
  "itunes_lookup": {
   "status": "OK",
   "trackName": "IBKR Mobile - Invest Worldwide",
   "sellerName": "Interactive Brokers LLC",
   "lifetime_rating": 4.49885,
   "lifetime_count": 11396,
   "current_version": "10.17",
   "current_version_date": "2026-08-20T14:01:07Z"
  },
  "velocity": {
   "status": "EMPTY",
   "detail": "no dated RSS reviews (empty feed)"
  },
  "play": {
   "status": "OK",
   "rating": 4.558974266052246,
   "count": 74589,
   "app_name": "IBKR Mobile",
   "parse": "ld+json",
   "pkg": "atws.app"
  },
  "exact_cohort": {
   "status": "OK",
   "baseline_asof": "2026-08-21T20:10:11Z",
   "days": 4.6,
   "new_raters": 15,
   "raters_per_day": 3.2,
   "cohort_rating": 4.73,
   "delta_vs_lifetime": 0.23,
   "note": null,
   "play_raters_per_day": 27.4
  }
 },
 "RDDT": {
  "ticker": "RDDT",
  "asof": "2026-08-26T11:16:55Z",
  "country": "us",
  "resolution": {
   "status": "RESOLVED",
   "itunes_id": 1064216828,
   "trackName": "Reddit",
   "sellerName": "REDDIT, INC.",
   "score": 3.0,
   "cached": "2026-08-16T16:06:53Z",
   "via": "cache"
  },
  "itunes_lookup": {
   "status": "OK",
   "trackName": "Reddit",
   "sellerName": "REDDIT, INC.",
   "lifetime_rating": 4.75614,
   "lifetime_count": 3485647,
   "current_version": "2026.33.0",
   "current_version_date": "2026-08-17T19:58:20Z"
  },
  "velocity": {
   "status": "EMPTY",
   "detail": "no dated RSS reviews (empty feed)"
  },
  "play": {
   "status": "OK",
   "rating": 4.57165002822876,
   "count": 4785067,
   "app_name": "Reddit",
   "parse": "ld+json",
   "pkg": "com.reddit.frontpage"
  },
  "exact_cohort": {
   "status": "OK",
   "baseline_asof": "2026-08-21T20:10:20Z",
   "days": 4.6,
   "new_raters": 3498,
   "raters_per_day": 755.6,
   "cohort_rating": 4.69,
   "delta_vs_lifetime": -0.07,
   "note": null,
   "play_raters_per_day": 1686.5
  }
 },
 "HOOD": {
  "ticker": "HOOD",
  "asof": "2026-08-26T11:16:56Z",
  "country": "us",
  "resolution": {
   "status": "RESOLVED",
   "itunes_id": 938003185,
   "trackName": "Robinhood: Trading & Investing",
   "sellerName": "Robinhood Markets Inc",
   "score": 3.0,
   "cached": "2026-08-16T16:07:02Z",
   "via": "cache"
  },
  "itunes_lookup": {
   "status": "OK",
   "trackName": "Robinhood: Trading & Investing",
   "sellerName": "Robinhood Markets Inc",
   "lifetime_rating": 4.28784,
   "lifetime_count": 4812698,
   "current_version": "2026.34.0",
   "current_version_date": "2026-08-24T20:31:49Z"
  },
  "velocity": {
   "status": "EMPTY",
   "detail": "no dated RSS reviews (empty feed)"
  },
  "play": {
   "status": "OK",
   "rating": 4.295971393585205,
   "count": 542697,
   "app_name": "Robinhood: Trading \\u0026 Investing",
   "parse": "ld+json",
   "pkg": "com.robinhood.android"
  },
  "exact_cohort": {
   "status": "OK",
   "baseline_asof": "2026-08-21T20:10:24Z",
   "days": 4.6,
   "new_raters": 5572,
   "raters_per_day": 1203.6,
   "cohort_rating": 4.89,
   "delta_vs_lifetime": 0.6,
   "note": null,
   "play_raters_per_day": 884.1
  }
 },
 "SOFI": {
  "ticker": "SOFI",
  "asof": "2026-08-26T11:16:58Z",
  "country": "us",
  "resolution": {
   "status": "RESOLVED",
   "itunes_id": 1191985736,
   "trackName": "SoFi: Bank, Invest & Crypto",
   "sellerName": "Social Finance, LLC",
   "score": 1.0,
   "cached": "2026-08-16T16:07:01Z",
   "via": "cache"
  },
  "seller_drift_flag": "lookup seller 'Social Finance, LLC' no longer matches hint 'SoFi' \u2014 verify before trusting",
  "itunes_lookup": {
   "status": "OK",
   "trackName": "SoFi: Bank, Invest & Crypto",
   "sellerName": "Social Finance, LLC",
   "lifetime_rating": 4.74421,
   "lifetime_count": 385471,
   "current_version": "3.110.1",
   "current_version_date": "2026-08-25T16:54:47Z"
  },
  "velocity": {
   "status": "EMPTY",
   "detail": "no dated RSS reviews (empty feed)"
  },
  "play": {
   "status": "NO_PKG",
   "detail": "no play package known \u2014 pass extra.play_pkg"
  },
  "exact_cohort": {
   "status": "OK",
   "baseline_asof": "2026-08-21T20:10:26Z",
   "days": 4.6,
   "new_raters": 2,
   "raters_per_day": 0.4,
   "cohort_rating": null,
   "delta_vs_lifetime": null,
   "note": "only 2 new raters since baseline \u2014 below MIN_COHORT_N=15, cohort mean withheld as noise"
  }
 },
 "LMND": {
  "ticker": "LMND",
  "asof": "2026-08-26T11:16:59Z",
  "country": "us",
  "resolution": {
   "status": "RESOLVED",
   "itunes_id": 1055653645,
   "trackName": "Lemonade Insurance",
   "sellerName": "Lemonade Inc.",
   "score": 3.0,
   "cached": "2026-08-16T16:07:08Z",
   "via": "cache"
  },
  "itunes_lookup": {
   "status": "OK",
   "trackName": "Lemonade Insurance",
   "sellerName": "Lemonade Inc.",
   "lifetime_rating": 4.84608,
   "lifetime_count": 85990,
   "current_version": "9.52",
   "current_version_date": "2026-08-20T04:25:55Z"
  },
  "velocity": {
   "status": "EMPTY",
   "detail": "no dated RSS reviews (empty feed)"
  },
  "play": {
   "status": "NO_PKG",
   "detail": "no play package known \u2014 pass extra.play_pkg"
  },
  "exact_cohort": {
   "status": "OK",
   "baseline_asof": "2026-08-21T20:10:28Z",
   "days": 4.6,
   "new_raters": 21,
   "raters_per_day": 4.5,
   "cohort_rating": 4.4,
   "delta_vs_lifetime": -0.45,
   "note": null
  }
 },
 "ETOR": {
  "ticker": "ETOR",
  "asof": "2026-08-26T11:17:00Z",
  "country": "us",
  "resolution": {
   "status": "RESOLVED",
   "itunes_id": 674984916,
   "trackName": "etoro: Trade & Invest",
   "sellerName": "eToro Group Ltd.",
   "score": 3.0,
   "cached": "2026-08-16T16:07:10Z",
   "via": "cache"
  },
  "itunes_lookup": {
   "status": "OK",
   "trackName": "etoro: Trade & Invest",
   "sellerName": "eToro Group Ltd.",
   "lifetime_rating": 4.39106,
   "lifetime_count": 9863,
   "current_version": "v651.1317.1",
   "current_version_date": "2026-08-15T13:28:05Z"
  },
  "velocity": {
   "status": "EMPTY",
   "detail": "no dated RSS reviews (empty feed)"
  },
  "play": {
   "status": "NO_PKG",
   "detail": "no play package known \u2014 pass extra.play_pkg"
  },
  "exact_cohort": {
   "status": "OK",
   "baseline_asof": "2026-08-21T20:10:29Z",
   "days": 4.6,
   "new_raters": 19,
   "raters_per_day": 4.1,
   "cohort_rating": 4.85,
   "delta_vs_lifetime": 0.46,
   "note": null
  }
 }
}

/Users/ajay/Library/Python/3.9/lib/python/site-packages/urllib3/__init__.py:35: NotOpenSSLWarning: urllib3 v2 only supports OpenSSL 1.1.1+, currently the 'ssl' module is compiled with 'LibreSSL 2.8.3'. See: https://github.com/urllib3/urllib3/issues/3020
  warnings.warn(

===== 2026-08-27 05:09 (desk) =====
[IBKR] vel=—/d cohort=— 1star=— exact=OK
[RDDT] vel=—/d cohort=— 1star=— exact=OK
[HOOD] vel=—/d cohort=— 1star=— exact=OK
[SOFI] vel=1.6/d cohort=2.0 1star=0.646 exact=OK
[LMND] vel=—/d cohort=— 1star=— exact=OK
[ETOR] vel=—/d cohort=— 1star=— exact=OK
{
 "IBKR": {
  "ticker": "IBKR",
  "asof": "2026-08-27T12:09:31Z",
  "country": "us",
  "resolution": {
   "status": "RESOLVED",
   "itunes_id": 454558592,
   "trackName": "IBKR Mobile - Invest Worldwide",
   "sellerName": "Interactive Brokers LLC",
   "score": 3.0,
   "cached": "2026-08-16T16:06:41Z",
   "via": "cache"
  },
  "itunes_lookup": {
   "status": "OK",
   "trackName": "IBKR Mobile - Invest Worldwide",
   "sellerName": "Interactive Brokers LLC",
   "lifetime_rating": 4.49855,
   "lifetime_count": 11405,
   "current_version": "10.17",
   "current_version_date": "2026-08-20T14:01:07Z"
  },
  "velocity": {
   "status": "EMPTY",
   "detail": "no dated RSS reviews (empty feed)"
  },
  "play": {
   "status": "OK",
   "rating": 4.55623722076416,
   "count": 74638,
   "app_name": "IBKR Mobile",
   "parse": "ld+json",
   "pkg": "atws.app"
  },
  "exact_cohort": {
   "status": "OK",
   "baseline_asof": "2026-08-24T09:13:52Z",
   "days": 3.1,
   "new_raters": 11,
   "raters_per_day": 3.5,
   "cohort_rating": null,
   "delta_vs_lifetime": null,
   "note": "only 11 new raters since baseline \u2014 below MIN_COHORT_N=15, cohort mean withheld as noise",
   "play_raters_per_day": 27.9
  }
 },
 "RDDT": {
  "ticker": "RDDT",
  "asof": "2026-08-27T12:09:33Z",
  "country": "us",
  "resolution": {
   "status": "RESOLVED",
   "itunes_id": 1064216828,
   "trackName": "Reddit",
   "sellerName": "REDDIT, INC.",
   "score": 3.0,
   "cached": "2026-08-16T16:06:53Z",
   "via": "cache"
  },
  "itunes_lookup": {
   "status": "OK",
   "trackName": "Reddit",
   "sellerName": "REDDIT, INC.",
   "lifetime_rating": 4.75612,
   "lifetime_count": 3486607,
   "current_version": "2026.33.0",
   "current_version_date": "2026-08-17T19:58:20Z"
  },
  "velocity": {
   "status": "EMPTY",
   "detail": "no dated RSS reviews (empty feed)"
  },
  "play": {
   "status": "OK",
   "rating": 4.571631908416748,
   "count": 4787101,
   "app_name": "Reddit",
   "parse": "ld+json",
   "pkg": "com.reddit.frontpage"
  },
  "exact_cohort": {
   "status": "OK",
   "baseline_asof": "2026-08-24T09:13:54Z",
   "days": 3.1,
   "new_raters": 2679,
   "raters_per_day": 858.1,
   "cohort_rating": 4.72,
   "delta_vs_lifetime": -0.04,
   "note": null,
   "play_raters_per_day": 1718.1
  }
 },
 "HOOD": {
  "ticker": "HOOD",
  "asof": "2026-08-27T12:09:34Z",
  "country": "us",
  "resolution": {
   "status": "RESOLVED",
   "itunes_id": 938003185,
   "trackName": "Robinhood: Trading & Investing",
   "sellerName": "Robinhood Markets Inc",
   "score": 3.0,
   "cached": "2026-08-16T16:07:02Z",
   "via": "cache"
  },
  "itunes_lookup": {
   "status": "OK",
   "trackName": "Robinhood: Trading & Investing",
   "sellerName": "Robinhood Markets Inc",
   "lifetime_rating": 4.28793,
   "lifetime_count": 4813562,
   "current_version": "2026.34.0",
   "current_version_date": "2026-08-24T20:31:49Z"
  },
  "velocity": {
   "status": "EMPTY",
   "detail": "no dated RSS reviews (empty feed)"
  },
  "play": {
   "status": "OK",
   "rating": 4.305846214294434,
   "count": 543548,
   "app_name": "Robinhood: Trading \\u0026 Investing",
   "parse": "ld+json",
   "pkg": "com.robinhood.android"
  },
  "exact_cohort": {
   "status": "OK",
   "baseline_asof": "2026-08-24T09:13:55Z",
   "days": 3.1,
   "new_raters": 3376,
   "raters_per_day": 1081.4,
   "cohort_rating": 4.87,
   "delta_vs_lifetime": 0.58,
   "note": null,
   "play_raters_per_day": 757.2
  }
 },
 "SOFI": {
  "ticker": "SOFI",
  "asof": "2026-08-27T12:09:36Z",
  "country": "us",
  "resolution": {
   "status": "RESOLVED",
   "itunes_id": 1191985736,
   "trackName": "SoFi: Bank, Invest & Crypto",
   "sellerName": "Social Finance, LLC",
   "score": 1.0,
   "cached": "2026-08-16T16:07:01Z",
   "via": "cache"
  },
  "seller_drift_flag": "lookup seller 'Social Finance, LLC' no longer matches hint 'SoFi' \u2014 verify before trusting",
  "itunes_lookup": {
   "status": "OK",
   "trackName": "SoFi: Bank, Invest & Crypto",
   "sellerName": "Social Finance, LLC",
   "lifetime_rating": 4.74421,
   "lifetime_count": 385468,
   "current_version": "3.110.1",
   "current_version_date": "2026-08-25T16:54:47Z"
  },
  "velocity": {
   "status": "OK",
   "reviews_7d": 8,
   "reviews_30d": 48,
   "per_day_7d": 1.14,
   "per_day_30d": 1.6,
   "window_covered": true,
   "floor_note": null,
   "visible_cohort_avg": 2.0,
   "visible_cohort_n": 48,
   "one_star_share": 0.646,
   "version_release_recent": true,
   "caveat": "US storefront only; velocity measures PROMPTING as much as sentiment (MAUDE lesson) \u2014 a spike coincident with version_release_recent=True is an artifact candidate until the cohort rating confirms; a COLLAPSE has no prompt excuse and is the cleaner signal. POPULATION WARNING (calibrated 2026-08-16, first 6-name cross-section): visible_cohort_avg is WRITTEN reviews only, a structurally angrier population than the prompted-ratings-dominated lifetime mean \u2014 every tracked name reads 1.8-3.9 recent vs ~4.5+ lifetime. NEVER read visible-vs-lifetime as deterioration. Valid comparisons: this cohort vs ITS OWN history (velocity + rating over snapshots), name vs name within this channel, and the EXACT cohort delta below (same-population arithmetic)."
  },
  "play": {
   "status": "NO_PKG",
   "detail": "no play package known \u2014 pass extra.play_pkg"
  },
  "exact_cohort": {
   "status": "OK",
   "baseline_asof": "2026-08-24T09:13:56Z",
   "days": 3.1,
   "new_raters": -17,
   "raters_per_day": -5.4,
   "cohort_rating": null,
   "delta_vs_lifetime": null,
   "note": "only -17 new raters since baseline \u2014 below MIN_COHORT_N=15, cohort mean withheld as noise"
  }
 },
 "LMND": {
  "ticker": "LMND",
  "asof": "2026-08-27T12:09:37Z",
  "country": "us",
  "resolution": {
   "status": "RESOLVED",
   "itunes_id": 1055653645,
   "trackName": "Lemonade Insurance",
   "sellerName": "Lemonade Inc.",
   "score": 3.0,
   "cached": "2026-08-16T16:07:08Z",
   "via": "cache"
  },
  "itunes_lookup": {
   "status": "OK",
   "trackName": "Lemonade Insurance",
   "sellerName": "Lemonade Inc.",
   "lifetime_rating": 4.84602,
   "lifetime_count": 85993,
   "current_version": "9.53",
   "current_version_date": "2026-08-27T06:35:44Z"
  },
  "velocity": {
   "status": "EMPTY",
   "detail": "no dated RSS reviews (empty feed)"
  },
  "play": {
   "status": "NO_PKG",
   "detail": "no play package known \u2014 pass extra.play_pkg"
  },
  "exact_cohort": {
   "status": "OK",
   "baseline_asof": "2026-08-24T09:13:58Z",
   "days": 3.1,
   "new_raters": 10,
   "raters_per_day": 3.2,
   "cohort_rating": null,
   "delta_vs_lifetime": null,
   "note": "only 10 new raters since baseline \u2014 below MIN_COHORT_N=15, cohort mean withheld as noise"
  }
 },
 "ETOR": {
  "ticker": "ETOR",
  "asof": "2026-08-27T12:09:38Z",
  "country": "us",
  "resolution": {
   "status": "RESOLVED",
   "itunes_id": 674984916,
   "trackName": "etoro: Trade & Invest",
   "sellerName": "eToro Group Ltd.",
   "score": 3.0,
   "cached": "2026-08-16T16:07:10Z",
   "via": "cache"
  },
  "itunes_lookup": {
   "status": "OK",
   "trackName": "etoro: Trade & Invest",
   "sellerName": "eToro Group Ltd.",
   "lifetime_rating": 4.39085,
   "lifetime_count": 9863,
   "current_version": "v651.1317.1",
   "current_version_date": "2026-08-15T13:28:05Z"
  },
  "velocity": {
   "status": "EMPTY",
   "detail": "no dated RSS reviews (empty feed)"
  },
  "play": {
   "status": "NO_PKG",
   "detail": "no play package known \u2014 pass extra.play_pkg"
  },
  "exact_cohort": {
   "status": "OK",
   "baseline_asof": "2026-08-24T09:13:59Z",
   "days": 3.1,
   "new_raters": 4,
   "raters_per_day": 1.3,
   "cohort_rating": null,
   "delta_vs_lifetime": null,
   "note": "only 4 new raters since baseline \u2014 below MIN_COHORT_N=15, cohort mean withheld as noise"
  }
 }
}

/Users/ajay/Library/Python/3.9/lib/python/site-packages/urllib3/__init__.py:35: NotOpenSSLWarning: urllib3 v2 only supports OpenSSL 1.1.1+, currently the 'ssl' module is compiled with 'LibreSSL 2.8.3'. See: https://github.com/urllib3/urllib3/issues/3020
  warnings.warn(

===== 2026-08-28 06:09 (desk) =====
[IBKR] vel=—/d cohort=— 1star=— exact=OK
[RDDT] vel=—/d cohort=— 1star=— exact=OK
[HOOD] vel=—/d cohort=— 1star=— exact=OK
[SOFI] vel=—/d cohort=— 1star=— exact=OK
[LMND] vel=—/d cohort=— 1star=— exact=OK
[ETOR] vel=0.27/d cohort=4.5 1star=0.125 exact=OK
{
 "IBKR": {
  "ticker": "IBKR",
  "asof": "2026-08-28T13:09:33Z",
  "country": "us",
  "resolution": {
   "status": "RESOLVED",
   "itunes_id": 454558592,
   "trackName": "IBKR Mobile - Invest Worldwide",
   "sellerName": "Interactive Brokers LLC",
   "score": 3.0,
   "cached": "2026-08-16T16:06:41Z",
   "via": "cache"
  },
  "itunes_lookup": {
   "status": "OK",
   "trackName": "IBKR Mobile - Invest Worldwide",
   "sellerName": "Interactive Brokers LLC",
   "lifetime_rating": 4.49869,
   "lifetime_count": 11408,
   "current_version": "10.17",
   "current_version_date": "2026-08-20T14:01:07Z"
  },
  "velocity": {
   "status": "EMPTY",
   "detail": "no dated RSS reviews (empty feed)"
  },
  "play": {
   "status": "OK",
   "rating": 4.556008338928223,
   "count": 74693,
   "app_name": "IBKR Mobile",
   "parse": "ld+json",
   "pkg": "atws.app"
  },
  "exact_cohort": {
   "status": "OK",
   "baseline_asof": "2026-08-25T10:07:27Z",
   "days": 3.1,
   "new_raters": 13,
   "raters_per_day": 4.2,
   "cohort_rating": null,
   "delta_vs_lifetime": null,
   "note": "only 13 new raters since baseline \u2014 below MIN_COHORT_N=15, cohort mean withheld as noise",
   "play_raters_per_day": 42.2
  }
 },
 "RDDT": {
  "ticker": "RDDT",
  "asof": "2026-08-28T13:09:35Z",
  "country": "us",
  "resolution": {
   "status": "RESOLVED",
   "itunes_id": 1064216828,
   "trackName": "Reddit",
   "sellerName": "REDDIT, INC.",
   "score": 3.0,
   "cached": "2026-08-16T16:06:53Z",
   "via": "cache"
  },
  "itunes_lookup": {
   "status": "OK",
   "trackName": "Reddit",
   "sellerName": "REDDIT, INC.",
   "lifetime_rating": 4.75613,
   "lifetime_count": 3487456,
   "current_version": "2026.33.0",
   "current_version_date": "2026-08-17T19:58:20Z"
  },
  "velocity": {
   "status": "EMPTY",
   "detail": "no dated RSS reviews (empty feed)"
  },
  "play": {
   "status": "OK",
   "rating": 4.571101665496826,
   "count": 4789520,
   "app_name": "Reddit",
   "parse": "ld+json",
   "pkg": "com.reddit.frontpage"
  },
  "exact_cohort": {
   "status": "OK",
   "baseline_asof": "2026-08-25T10:07:28Z",
   "days": 3.1,
   "new_raters": 2671,
   "raters_per_day": 854.3,
   "cohort_rating": 4.73,
   "delta_vs_lifetime": -0.03,
   "note": null,
   "play_raters_per_day": 1898.6
  }
 },
 "HOOD": {
  "ticker": "HOOD",
  "asof": "2026-08-28T13:09:36Z",
  "country": "us",
  "resolution": {
   "status": "RESOLVED",
   "itunes_id": 938003185,
   "trackName": "Robinhood: Trading & Investing",
   "sellerName": "Robinhood Markets Inc",
   "score": 3.0,
   "cached": "2026-08-16T16:07:02Z",
   "via": "cache"
  },
  "itunes_lookup": {
   "status": "OK",
   "trackName": "Robinhood: Trading & Investing",
   "sellerName": "Robinhood Markets Inc",
   "lifetime_rating": 4.28808,
   "lifetime_count": 4814758,
   "current_version": "2026.34.0",
   "current_version_date": "2026-08-24T20:31:49Z"
  },
  "velocity": {
   "status": "EMPTY",
   "detail": "no dated RSS reviews (empty feed)"
  },
  "play": {
   "status": "OK",
   "rating": 4.315670013427734,
   "count": 544341,
   "app_name": "Robinhood: Trading \\u0026 Investing",
   "parse": "ld+json",
   "pkg": "com.robinhood.android"
  },
  "exact_cohort": {
   "status": "OK",
   "baseline_asof": "2026-08-25T10:07:30Z",
   "days": 3.1,
   "new_raters": 3644,
   "raters_per_day": 1165.5,
   "cohort_rating": 4.88,
   "delta_vs_lifetime": 0.59,
   "note": null,
   "play_raters_per_day": 854.0
  }
 },
 "SOFI": {
  "ticker": "SOFI",
  "asof": "2026-08-28T13:09:38Z",
  "country": "us",
  "resolution": {
   "status": "RESOLVED",
   "itunes_id": 1191985736,
   "trackName": "SoFi: Bank, Invest & Crypto",
   "sellerName": "Social Finance, LLC",
   "score": 1.0,
   "cached": "2026-08-16T16:07:01Z",
   "via": "cache"
  },
  "seller_drift_flag": "lookup seller 'Social Finance, LLC' no longer matches hint 'SoFi' \u2014 verify before trusting",
  "itunes_lookup": {
   "status": "OK",
   "trackName": "SoFi: Bank, Invest & Crypto",
   "sellerName": "Social Finance, LLC",
   "lifetime_rating": 4.74418,
   "lifetime_count": 385470,
   "current_version": "3.110.1",
   "current_version_date": "2026-08-25T16:54:47Z"
  },
  "velocity": {
   "status": "EMPTY",
   "detail": "no dated RSS reviews (empty feed)"
  },
  "play": {
   "status": "NO_PKG",
   "detail": "no play package known \u2014 pass extra.play_pkg"
  },
  "exact_cohort": {
   "status": "OK",
   "baseline_asof": "2026-08-25T10:07:32Z",
   "days": 3.1,
   "new_raters": -8,
   "raters_per_day": -2.6,
   "cohort_rating": null,
   "delta_vs_lifetime": null,
   "note": "only -8 new raters since baseline \u2014 below MIN_COHORT_N=15, cohort mean withheld as noise"
  }
 },
 "LMND": {
  "ticker": "LMND",
  "asof": "2026-08-28T13:09:39Z",
  "country": "us",
  "resolution": {
   "status": "RESOLVED",
   "itunes_id": 1055653645,
   "trackName": "Lemonade Insurance",
   "sellerName": "Lemonade Inc.",
   "score": 3.0,
   "cached": "2026-08-16T16:07:08Z",
   "via": "cache"
  },
  "itunes_lookup": {
   "status": "OK",
   "trackName": "Lemonade Insurance",
   "sellerName": "Lemonade Inc.",
   "lifetime_rating": 4.84593,
   "lifetime_count": 85997,
   "current_version": "9.53",
   "current_version_date": "2026-08-27T06:35:44Z"
  },
  "velocity": {
   "status": "EMPTY",
   "detail": "no dated RSS reviews (empty feed)"
  },
  "play": {
   "status": "NO_PKG",
   "detail": "no play package known \u2014 pass extra.play_pkg"
  },
  "exact_cohort": {
   "status": "OK",
   "baseline_asof": "2026-08-25T10:07:34Z",
   "days": 3.1,
   "new_raters": 10,
   "raters_per_day": 3.2,
   "cohort_rating": null,
   "delta_vs_lifetime": null,
   "note": "only 10 new raters since baseline \u2014 below MIN_COHORT_N=15, cohort mean withheld as noise"
  }
 },
 "ETOR": {
  "ticker": "ETOR",
  "asof": "2026-08-28T13:09:40Z",
  "country": "us",
  "resolution": {
   "status": "RESOLVED",
   "itunes_id": 674984916,
   "trackName": "etoro: Trade & Invest",
   "sellerName": "eToro Group Ltd.",
   "score": 3.0,
   "cached": "2026-08-16T16:07:10Z",
   "via": "cache"
  },
  "itunes_lookup": {
   "status": "OK",
   "trackName": "etoro: Trade & Invest",
   "sellerName": "eToro Group Ltd.",
   "lifetime_rating": 4.391,
   "lifetime_count": 9867,
   "current_version": "v651.1320.2",
   "current_version_date": "2026-08-28T11:36:01Z"
  },
  "velocity": {
   "status": "OK",
   "reviews_7d": 2,
   "reviews_30d": 8,
   "per_day_7d": 0.29,
   "per_day_30d": 0.27,
   "window_covered": true,
   "floor_note": null,
   "visible_cohort_avg": 4.5,
   "visible_cohort_n": 8,
   "one_star_share": 0.125,
   "version_release_recent": true,
   "caveat": "US storefront only; velocity measures PROMPTING as much as sentiment (MAUDE lesson) \u2014 a spike coincident with version_release_recent=True is an artifact candidate until the cohort rating confirms; a COLLAPSE has no prompt excuse and is the cleaner signal. POPULATION WARNING (calibrated 2026-08-16, first 6-name cross-section): visible_cohort_avg is WRITTEN reviews only, a structurally angrier population than the prompted-ratings-dominated lifetime mean \u2014 every tracked name reads 1.8-3.9 recent vs ~4.5+ lifetime. NEVER read visible-vs-lifetime as deterioration. Valid comparisons: this cohort vs ITS OWN history (velocity + rating over snapshots), name vs name within this channel, and the EXACT cohort delta below (same-population arithmetic)."
  },
  "play": {
   "status": "NO_PKG",
   "detail": "no play package known \u2014 pass extra.play_pkg"
  },
  "exact_cohort": {
   "status": "OK",
   "baseline_asof": "2026-08-25T10:07:35Z",
   "days": 3.1,
   "new_raters": 9,
   "raters_per_day": 2.9,
   "cohort_rating": null,
   "delta_vs_lifetime": null,
   "note": "only 9 new raters since baseline \u2014 below MIN_COHORT_N=15, cohort mean withheld as noise"
  }
 }
}

/Users/ajay/Library/Python/3.9/lib/python/site-packages/urllib3/__init__.py:35: NotOpenSSLWarning: urllib3 v2 only supports OpenSSL 1.1.1+, currently the 'ssl' module is compiled with 'LibreSSL 2.8.3'. See: https://github.com/urllib3/urllib3/issues/3020
  warnings.warn(

===== 2026-08-31 01:08 (desk) =====
[IBKR] vel=—/d cohort=— 1star=— exact=OK
[RDDT] vel=—/d cohort=— 1star=— exact=OK
[HOOD] vel=—/d cohort=— 1star=— exact=OK
[SOFI] vel=—/d cohort=— 1star=— exact=OK
[LMND] vel=—/d cohort=— 1star=— exact=OK
[ETOR] vel=—/d cohort=— 1star=— exact=OK
{
 "IBKR": {
  "ticker": "IBKR",
  "asof": "2026-08-31T08:08:31Z",
  "country": "us",
  "resolution": {
   "status": "RESOLVED",
   "itunes_id": 454558592,
   "trackName": "IBKR Mobile - Invest Worldwide",
   "sellerName": "Interactive Brokers LLC",
   "score": 3.0,
   "cached": "2026-08-16T16:06:41Z",
   "via": "cache"
  },
  "itunes_lookup": {
   "status": "OK",
   "trackName": "IBKR Mobile - Invest Worldwide",
   "sellerName": "Interactive Brokers LLC",
   "lifetime_rating": 4.49885,
   "lifetime_count": 11420,
   "current_version": "10.17",
   "current_version_date": "2026-08-20T14:01:07Z"
  },
  "velocity": {
   "status": "EMPTY",
   "detail": "no dated RSS reviews (empty feed)"
  },
  "play": {
   "status": "OK",
   "rating": 4.556224822998047,
   "count": 74808,
   "app_name": "IBKR Mobile",
   "parse": "ld+json",
   "pkg": "atws.app"
  },
  "exact_cohort": {
   "status": "OK",
   "baseline_asof": "2026-08-27T12:09:31Z",
   "days": 3.8,
   "new_raters": 15,
   "raters_per_day": 3.9,
   "cohort_rating": 4.73,
   "delta_vs_lifetime": 0.23,
   "note": null,
   "play_raters_per_day": 44.4
  }
 },
 "RDDT": {
  "ticker": "RDDT",
  "asof": "2026-08-31T08:08:33Z",
  "country": "us",
  "resolution": {
   "status": "RESOLVED",
   "itunes_id": 1064216828,
   "trackName": "Reddit",
   "sellerName": "REDDIT, INC.",
   "score": 3.0,
   "cached": "2026-08-16T16:06:53Z",
   "via": "cache"
  },
  "itunes_lookup": {
   "status": "OK",
   "trackName": "Reddit",
   "sellerName": "REDDIT, INC.",
   "lifetime_rating": 4.75614,
   "lifetime_count": 3489810,
   "current_version": "2026.33.0",
   "current_version_date": "2026-08-17T19:58:20Z"
  },
  "velocity": {
   "status": "EMPTY",
   "detail": "no dated RSS reviews (empty feed)"
  },
  "play": {
   "status": "OK",
   "rating": 4.570412635803223,
   "count": 4794624,
   "app_name": "Reddit",
   "parse": "ld+json",
   "pkg": "com.reddit.frontpage"
  },
  "exact_cohort": {
   "status": "OK",
   "baseline_asof": "2026-08-27T12:09:33Z",
   "days": 3.8,
   "new_raters": 3203,
   "raters_per_day": 835.7,
   "cohort_rating": 4.78,
   "delta_vs_lifetime": 0.02,
   "note": null,
   "play_raters_per_day": 1962.9
  }
 },
 "HOOD": {
  "ticker": "HOOD",
  "asof": "2026-08-31T08:08:34Z",
  "country": "us",
  "resolution": {
   "status": "RESOLVED",
   "itunes_id": 938003185,
   "trackName": "Robinhood: Trading & Investing",
   "sellerName": "Robinhood Markets Inc",
   "score": 3.0,
   "cached": "2026-08-16T16:07:02Z",
   "via": "cache"
  },
  "itunes_lookup": {
   "status": "OK",
   "trackName": "Robinhood: Trading & Investing",
   "sellerName": "Robinhood Markets Inc",
   "lifetime_rating": 4.2884,
   "lifetime_count": 4817333,
   "current_version": "2026.34.1",
   "current_version_date": "2026-08-28T17:36:34Z"
  },
  "velocity": {
   "status": "EMPTY",
   "detail": "no dated RSS reviews (empty feed)"
  },
  "play": {
   "status": "OK",
   "rating": 4.331057071685791,
   "count": 546021,
   "app_name": "Robinhood: Trading \\u0026 Investing",
   "parse": "ld+json",
   "pkg": "com.robinhood.android"
  },
  "exact_cohort": {
   "status": "OK",
   "baseline_asof": "2026-08-27T12:09:35Z",
   "days": 3.8,
   "new_raters": 3771,
   "raters_per_day": 983.9,
   "cohort_rating": 4.89,
   "delta_vs_lifetime": 0.6,
   "note": null,
   "play_raters_per_day": 645.2
  }
 },
 "SOFI": {
  "ticker": "SOFI",
  "asof": "2026-08-31T08:08:36Z",
  "country": "us",
  "resolution": {
   "status": "RESOLVED",
   "itunes_id": 1191985736,
   "trackName": "SoFi: Bank, Invest & Crypto",
   "sellerName": "Social Finance, LLC",
   "score": 1.0,
   "cached": "2026-08-16T16:07:01Z",
   "via": "cache"
  },
  "seller_drift_flag": "lookup seller 'Social Finance, LLC' no longer matches hint 'SoFi' \u2014 verify before trusting",
  "itunes_lookup": {
   "status": "OK",
   "trackName": "SoFi: Bank, Invest & Crypto",
   "sellerName": "Social Finance, LLC",
   "lifetime_rating": 4.74414,
   "lifetime_count": 385485,
   "current_version": "3.111.0",
   "current_version_date": "2026-08-29T08:23:47Z"
  },
  "velocity": {
   "status": "EMPTY",
   "detail": "no dated RSS reviews (empty feed)"
  },
  "play": {
   "status": "NO_PKG",
   "detail": "no play package known \u2014 pass extra.play_pkg"
  },
  "exact_cohort": {
   "status": "OK",
   "baseline_asof": "2026-08-27T12:09:36Z",
   "days": 3.8,
   "new_raters": 17,
   "raters_per_day": 4.4,
   "cohort_rating": 3.16,
   "delta_vs_lifetime": -1.58,
   "note": null
  }
 },
 "LMND": {
  "ticker": "LMND",
  "asof": "2026-08-31T08:08:37Z",
  "country": "us",
  "resolution": {
   "status": "RESOLVED",
   "itunes_id": 1055653645,
   "trackName": "Lemonade Insurance",
   "sellerName": "Lemonade Inc.",
   "score": 3.0,
   "cached": "2026-08-16T16:07:08Z",
   "via": "cache"
  },
  "itunes_lookup": {
   "status": "OK",
   "trackName": "Lemonade Insurance",
   "sellerName": "Lemonade Inc.",
   "lifetime_rating": 4.84588,
   "lifetime_count": 86010,
   "current_version": "9.53",
   "current_version_date": "2026-08-27T06:35:44Z"
  },
  "velocity": {
   "status": "EMPTY",
   "detail": "no dated RSS reviews (empty feed)"
  },
  "play": {
   "status": "NO_PKG",
   "detail": "no play package known \u2014 pass extra.play_pkg"
  },
  "exact_cohort": {
   "status": "OK",
   "baseline_asof": "2026-08-27T12:09:37Z",
   "days": 3.8,
   "new_raters": 17,
   "raters_per_day": 4.4,
   "cohort_rating": 4.14,
   "delta_vs_lifetime": -0.71,
   "note": null
  }
 },
 "ETOR": {
  "ticker": "ETOR",
  "asof": "2026-08-31T08:08:39Z",
  "country": "us",
  "resolution": {
   "status": "RESOLVED",
   "itunes_id": 674984916,
   "trackName": "etoro: Trade & Invest",
   "sellerName": "eToro Group Ltd.",
   "score": 3.0,
   "cached": "2026-08-16T16:07:10Z",
   "via": "cache"
  },
  "itunes_lookup": {
   "status": "OK",
   "trackName": "etoro: Trade & Invest",
   "sellerName": "eToro Group Ltd.",
   "lifetime_rating": 4.39107,
   "lifetime_count": 9873,
   "current_version": "v651.1320.2",
   "current_version_date": "2026-08-28T11:36:01Z"
  },
  "velocity": {
   "status": "EMPTY",
   "detail": "no dated RSS reviews (empty feed)"
  },
  "play": {
   "status": "NO_PKG",
   "detail": "no play package known \u2014 pass extra.play_pkg"
  },
  "exact_cohort": {
   "status": "OK",
   "baseline_asof": "2026-08-27T12:09:39Z",
   "days": 3.8,
   "new_raters": 10,
   "raters_per_day": 2.6,
   "cohort_rating": null,
   "delta_vs_lifetime": null,
   "note": "only 10 new raters since baseline \u2014 below MIN_COHORT_N=15, cohort mean withheld as noise"
  }
 }
}

/Users/ajay/Library/Python/3.9/lib/python/site-packages/urllib3/__init__.py:35: NotOpenSSLWarning: urllib3 v2 only supports OpenSSL 1.1.1+, currently the 'ssl' module is compiled with 'LibreSSL 2.8.3'. See: https://github.com/urllib3/urllib3/issues/3020
  warnings.warn(

===== 2026-09-01 02:02 (desk) =====
[IBKR] vel=—/d cohort=— 1star=— exact=OK
[RDDT] vel=—/d cohort=— 1star=— exact=OK
[HOOD] vel=—/d cohort=— 1star=— exact=OK
[SOFI] vel=—/d cohort=— 1star=— exact=OK
[LMND] vel=—/d cohort=— 1star=— exact=OK
[ETOR] vel=—/d cohort=— 1star=— exact=OK
{
 "IBKR": {
  "ticker": "IBKR",
  "asof": "2026-09-01T09:02:32Z",
  "country": "us",
  "resolution": {
   "status": "RESOLVED",
   "itunes_id": 454558592,
   "trackName": "IBKR Mobile - Invest Worldwide",
   "sellerName": "Interactive Brokers LLC",
   "score": 3.0,
   "cached": "2026-08-16T16:06:41Z",
   "via": "cache"
  },
  "itunes_lookup": {
   "status": "OK",
   "trackName": "IBKR Mobile - Invest Worldwide",
   "sellerName": "Interactive Brokers LLC",
   "lifetime_rating": 4.49911,
   "lifetime_count": 11418,
   "current_version": "10.17",
   "current_version_date": "2026-08-20T14:01:07Z"
  },
  "velocity": {
   "status": "EMPTY",
   "detail": "no dated RSS reviews (empty feed)"
  },
  "play": {
   "status": "OK",
   "rating": 4.556670188903809,
   "count": 74811,
   "app_name": "IBKR Mobile",
   "parse": "ld+json",
   "pkg": "atws.app"
  },
  "exact_cohort": {
   "status": "OK",
   "baseline_asof": "2026-08-28T13:09:33Z",
   "days": 3.8,
   "new_raters": 10,
   "raters_per_day": 2.6,
   "cohort_rating": null,
   "delta_vs_lifetime": null,
   "note": "only 10 new raters since baseline \u2014 below MIN_COHORT_N=15, cohort mean withheld as noise",
   "play_raters_per_day": 30.8
  }
 },
 "RDDT": {
  "ticker": "RDDT",
  "asof": "2026-09-01T09:02:33Z",
  "country": "us",
  "resolution": {
   "status": "RESOLVED",
   "itunes_id": 1064216828,
   "trackName": "Reddit",
   "sellerName": "REDDIT, INC.",
   "score": 3.0,
   "cached": "2026-08-16T16:06:53Z",
   "via": "cache"
  },
  "itunes_lookup": {
   "status": "OK",
   "trackName": "Reddit",
   "sellerName": "REDDIT, INC.",
   "lifetime_rating": 4.75615,
   "lifetime_count": 3490718,
   "current_version": "2026.33.0",
   "current_version_date": "2026-08-17T19:58:20Z"
  },
  "velocity": {
   "status": "EMPTY",
   "detail": "no dated RSS reviews (empty feed)"
  },
  "play": {
   "status": "OK",
   "rating": 4.57019567489624,
   "count": 4795949,
   "app_name": "Reddit",
   "parse": "ld+json",
   "pkg": "com.reddit.frontpage"
  },
  "exact_cohort": {
   "status": "OK",
   "baseline_asof": "2026-08-28T13:09:35Z",
   "days": 3.8,
   "new_raters": 3262,
   "raters_per_day": 852.0,
   "cohort_rating": 4.78,
   "delta_vs_lifetime": 0.02,
   "note": null,
   "play_raters_per_day": 1679.3
  }
 },
 "HOOD": {
  "ticker": "HOOD",
  "asof": "2026-09-01T09:02:35Z",
  "country": "us",
  "resolution": {
   "status": "RESOLVED",
   "itunes_id": 938003185,
   "trackName": "Robinhood: Trading & Investing",
   "sellerName": "Robinhood Markets Inc",
   "score": 3.0,
   "cached": "2026-08-16T16:07:02Z",
   "via": "cache"
  },
  "itunes_lookup": {
   "status": "OK",
   "trackName": "Robinhood: Trading & Investing",
   "sellerName": "Robinhood Markets Inc",
   "lifetime_rating": 4.28845,
   "lifetime_count": 4817714,
   "current_version": "2026.35.0",
   "current_version_date": "2026-08-31T21:55:14Z"
  },
  "velocity": {
   "status": "EMPTY",
   "detail": "no dated RSS reviews (empty feed)"
  },
  "play": {
   "status": "OK",
   "rating": 4.332554817199707,
   "count": 546308,
   "app_name": "Robinhood: Trading \\u0026 Investing",
   "parse": "ld+json",
   "pkg": "com.robinhood.android"
  },
  "exact_cohort": {
   "status": "OK",
   "baseline_asof": "2026-08-28T13:09:37Z",
   "days": 3.8,
   "new_raters": 2956,
   "raters_per_day": 772.1,
   "cohort_rating": 4.89,
   "delta_vs_lifetime": 0.6,
   "note": null,
   "play_raters_per_day": 513.8
  }
 },
 "SOFI": {
  "ticker": "SOFI",
  "asof": "2026-09-01T09:02:37Z",
  "country": "us",
  "resolution": {
   "status": "RESOLVED",
   "itunes_id": 1191985736,
   "trackName": "SoFi: Bank, Invest & Crypto",
   "sellerName": "Social Finance, LLC",
   "score": 1.0,
   "cached": "2026-08-16T16:07:01Z",
   "via": "cache"
  },
  "seller_drift_flag": "lookup seller 'Social Finance, LLC' no longer matches hint 'SoFi' \u2014 verify before trusting",
  "itunes_lookup": {
   "status": "OK",
   "trackName": "SoFi: Bank, Invest & Crypto",
   "sellerName": "Social Finance, LLC",
   "lifetime_rating": 4.74414,
   "lifetime_count": 385486,
   "current_version": "3.111.0",
   "current_version_date": "2026-08-29T08:23:47Z"
  },
  "velocity": {
   "status": "EMPTY",
   "detail": "no dated RSS reviews (empty feed)"
  },
  "play": {
   "status": "NO_PKG",
   "detail": "no play package known \u2014 pass extra.play_pkg"
  },
  "exact_cohort": {
   "status": "OK",
   "baseline_asof": "2026-08-28T13:09:38Z",
   "days": 3.8,
   "new_raters": 16,
   "raters_per_day": 4.2,
   "cohort_rating": 3.78,
   "delta_vs_lifetime": -0.96,
   "note": null
  }
 },
 "LMND": {
  "ticker": "LMND",
  "asof": "2026-09-01T09:02:38Z",
  "country": "us",
  "resolution": {
   "status": "RESOLVED",
   "itunes_id": 1055653645,
   "trackName": "Lemonade Insurance",
   "sellerName": "Lemonade Inc.",
   "score": 3.0,
   "cached": "2026-08-16T16:07:08Z",
   "via": "cache"
  },
  "itunes_lookup": {
   "status": "OK",
   "trackName": "Lemonade Insurance",
   "sellerName": "Lemonade Inc.",
   "lifetime_rating": 4.84588,
   "lifetime_count": 86009,
   "current_version": "9.53",
   "current_version_date": "2026-08-27T06:35:44Z"
  },
  "velocity": {
   "status": "EMPTY",
   "detail": "no dated RSS reviews (empty feed)"
  },
  "play": {
   "status": "NO_PKG",
   "detail": "no play package known \u2014 pass extra.play_pkg"
  },
  "exact_cohort": {
   "status": "OK",
   "baseline_asof": "2026-08-28T13:09:39Z",
   "days": 3.8,
   "new_raters": 12,
   "raters_per_day": 3.1,
   "cohort_rating": null,
   "delta_vs_lifetime": null,
   "note": "only 12 new raters since baseline \u2014 below MIN_COHORT_N=15, cohort mean withheld as noise"
  }
 },
 "ETOR": {
  "ticker": "ETOR",
  "asof": "2026-09-01T09:02:39Z",
  "country": "us",
  "resolution": {
   "status": "RESOLVED",
   "itunes_id": 674984916,
   "trackName": "etoro: Trade & Invest",
   "sellerName": "eToro Group Ltd.",
   "score": 3.0,
   "cached": "2026-08-16T16:07:10Z",
   "via": "cache"
  },
  "itunes_lookup": {
   "status": "OK",
   "trackName": "etoro: Trade & Invest",
   "sellerName": "eToro Group Ltd.",
   "lifetime_rating": 4.39093,
   "lifetime_count": 9871,
   "current_version": "v651.1320.2",
   "current_version_date": "2026-08-28T11:36:01Z"
  },
  "velocity": {
   "status": "EMPTY",
   "detail": "no dated RSS reviews (empty feed)"
  },
  "play": {
   "status": "NO_PKG",
   "detail": "no play package known \u2014 pass extra.play_pkg"
  },
  "exact_cohort": {
   "status": "OK",
   "baseline_asof": "2026-08-28T13:09:41Z",
   "days": 3.8,
   "new_raters": 4,
   "raters_per_day": 1.0,
   "cohort_rating": null,
   "delta_vs_lifetime": null,
   "note": "only 4 new raters since baseline \u2014 below MIN_COHORT_N=15, cohort mean withheld as noise"
  }
 }
}

/Users/ajay/Library/Python/3.9/lib/python/site-packages/urllib3/__init__.py:35: NotOpenSSLWarning: urllib3 v2 only supports OpenSSL 1.1.1+, currently the 'ssl' module is compiled with 'LibreSSL 2.8.3'. See: https://github.com/urllib3/urllib3/issues/3020
  warnings.warn(

===== 2026-09-02 03:05 (desk) =====
[IBKR] vel=—/d cohort=— 1star=— exact=OK
[RDDT] vel=1.67/d cohort=2.28 1star=0.62 exact=OK
[HOOD] vel=—/d cohort=— 1star=— exact=OK
[SOFI] vel=—/d cohort=— 1star=— exact=OK
[LMND] vel=—/d cohort=— 1star=— exact=OK
[ETOR] vel=0.17/d cohort=5.0 1star=0.0 exact=OK
{
 "IBKR": {
  "ticker": "IBKR",
  "asof": "2026-09-02T10:05:47Z",
  "country": "us",
  "resolution": {
   "status": "RESOLVED",
   "itunes_id": 454558592,
   "trackName": "IBKR Mobile - Invest Worldwide",
   "sellerName": "Interactive Brokers LLC",
   "score": 3.0,
   "cached": "2026-08-16T16:06:41Z",
   "via": "cache"
  },
  "itunes_lookup": {
   "status": "OK",
   "trackName": "IBKR Mobile - Invest Worldwide",
   "sellerName": "Interactive Brokers LLC",
   "lifetime_rating": 4.49885,
   "lifetime_count": 11422,
   "current_version": "10.17",
   "current_version_date": "2026-08-20T14:01:07Z"
  },
  "velocity": {
   "status": "EMPTY",
   "detail": "no dated RSS reviews (empty feed)"
  },
  "play": {
   "status": "OK",
   "rating": 4.553339958190918,
   "count": 74849,
   "app_name": "IBKR Mobile",
   "parse": "ld+json",
   "pkg": "atws.app"
  },
  "exact_cohort": {
   "status": "OK",
   "baseline_asof": "2026-08-28T13:09:33Z",
   "days": 4.9,
   "new_raters": 14,
   "raters_per_day": 2.9,
   "cohort_rating": null,
   "delta_vs_lifetime": null,
   "note": "only 14 new raters since baseline \u2014 below MIN_COHORT_N=15, cohort mean withheld as noise",
   "play_raters_per_day": 32.0
  }
 },
 "RDDT": {
  "ticker": "RDDT",
  "asof": "2026-09-02T10:05:49Z",
  "country": "us",
  "resolution": {
   "status": "RESOLVED",
   "itunes_id": 1064216828,
   "trackName": "Reddit",
   "sellerName": "REDDIT, INC.",
   "score": 3.0,
   "cached": "2026-08-16T16:06:53Z",
   "via": "cache"
  },
  "itunes_lookup": {
   "status": "OK",
   "trackName": "Reddit",
   "sellerName": "REDDIT, INC.",
   "lifetime_rating": 4.75614,
   "lifetime_count": 3491518,
   "current_version": "2026.35.0",
   "current_version_date": "2026-09-01T18:37:45Z"
  },
  "velocity": {
   "status": "OK",
   "reviews_7d": 50,
   "reviews_30d": 50,
   "per_day_7d": 7.14,
   "per_day_30d": 1.67,
   "window_covered": false,
   "floor_note": "RSS pagination exhausted at 2 pages spanning 3.5d \u2014 windowed counts are FLOORS; span rate 14.2/day is the honest velocity",
   "visible_cohort_avg": 2.28,
   "visible_cohort_n": 50,
   "one_star_share": 0.62,
   "version_release_recent": true,
   "caveat": "US storefront only; velocity measures PROMPTING as much as sentiment (MAUDE lesson) \u2014 a spike coincident with version_release_recent=True is an artifact candidate until the cohort rating confirms; a COLLAPSE has no prompt excuse and is the cleaner signal. POPULATION WARNING (calibrated 2026-08-16, first 6-name cross-section): visible_cohort_avg is WRITTEN reviews only, a structurally angrier population than the prompted-ratings-dominated lifetime mean \u2014 every tracked name reads 1.8-3.9 recent vs ~4.5+ lifetime. NEVER read visible-vs-lifetime as deterioration. Valid comparisons: this cohort vs ITS OWN history (velocity + rating over snapshots), name vs name within this channel, and the EXACT cohort delta below (same-population arithmetic)."
  },
  "play": {
   "status": "OK",
   "rating": 4.569786071777344,
   "count": 4797680,
   "app_name": "Reddit",
   "parse": "ld+json",
   "pkg": "com.reddit.frontpage"
  },
  "exact_cohort": {
   "status": "OK",
   "baseline_asof": "2026-08-28T13:09:35Z",
   "days": 4.9,
   "new_raters": 4062,
   "raters_per_day": 833.7,
   "cohort_rating": 4.76,
   "delta_vs_lifetime": 0.0,
   "note": null,
   "play_raters_per_day": 1674.7
  }
 },
 "HOOD": {
  "ticker": "HOOD",
  "asof": "2026-09-02T10:05:51Z",
  "country": "us",
  "resolution": {
   "status": "RESOLVED",
   "itunes_id": 938003185,
   "trackName": "Robinhood: Trading & Investing",
   "sellerName": "Robinhood Markets Inc",
   "score": 3.0,
   "cached": "2026-08-16T16:07:02Z",
   "via": "cache"
  },
  "itunes_lookup": {
   "status": "OK",
   "trackName": "Robinhood: Trading & Investing",
   "sellerName": "Robinhood Markets Inc",
   "lifetime_rating": 4.28859,
   "lifetime_count": 4818871,
   "current_version": "2026.35.0",
   "current_version_date": "2026-08-31T21:55:14Z"
  },
  "velocity": {
   "status": "EMPTY",
   "detail": "no dated RSS reviews (empty feed)"
  },
  "play": {
   "status": "OK",
   "rating": 4.335718154907227,
   "count": 546957,
   "app_name": "Robinhood: Trading \\u0026 Investing",
   "parse": "ld+json",
   "pkg": "com.robinhood.android"
  },
  "exact_cohort": {
   "status": "OK",
   "baseline_asof": "2026-08-28T13:09:37Z",
   "days": 4.9,
   "new_raters": 4113,
   "raters_per_day": 844.1,
   "cohort_rating": 4.89,
   "delta_vs_lifetime": 0.6,
   "note": null,
   "play_raters_per_day": 536.9
  }
 },
 "SOFI": {
  "ticker": "SOFI",
  "asof": "2026-09-02T10:05:52Z",
  "country": "us",
  "resolution": {
   "status": "RESOLVED",
   "itunes_id": 1191985736,
   "trackName": "SoFi: Bank, Invest & Crypto",
   "sellerName": "Social Finance, LLC",
   "score": 1.0,
   "cached": "2026-08-16T16:07:01Z",
   "via": "cache"
  },
  "seller_drift_flag": "lookup seller 'Social Finance, LLC' no longer matches hint 'SoFi' \u2014 verify before trusting",
  "itunes_lookup": {
   "status": "OK",
   "trackName": "SoFi: Bank, Invest & Crypto",
   "sellerName": "Social Finance, LLC",
   "lifetime_rating": 4.74414,
   "lifetime_count": 385476,
   "current_version": "3.111.0",
   "current_version_date": "2026-08-29T08:23:47Z"
  },
  "velocity": {
   "status": "EMPTY",
   "detail": "no dated RSS reviews (empty feed)"
  },
  "play": {
   "status": "NO_PKG",
   "detail": "no play package known \u2014 pass extra.play_pkg"
  },
  "exact_cohort": {
   "status": "OK",
   "baseline_asof": "2026-08-28T13:09:38Z",
   "days": 4.9,
   "new_raters": 6,
   "raters_per_day": 1.2,
   "cohort_rating": null,
   "delta_vs_lifetime": null,
   "note": "only 6 new raters since baseline \u2014 below MIN_COHORT_N=15, cohort mean withheld as noise"
  }
 },
 "LMND": {
  "ticker": "LMND",
  "asof": "2026-09-02T10:05:54Z",
  "country": "us",
  "resolution": {
   "status": "RESOLVED",
   "itunes_id": 1055653645,
   "trackName": "Lemonade Insurance",
   "sellerName": "Lemonade Inc.",
   "score": 3.0,
   "cached": "2026-08-16T16:07:08Z",
   "via": "cache"
  },
  "itunes_lookup": {
   "status": "OK",
   "trackName": "Lemonade Insurance",
   "sellerName": "Lemonade Inc.",
   "lifetime_rating": 4.84579,
   "lifetime_count": 86013,
   "current_version": "9.53",
   "current_version_date": "2026-08-27T06:35:44Z"
  },
  "velocity": {
   "status": "EMPTY",
   "detail": "no dated RSS reviews (empty feed)"
  },
  "play": {
   "status": "NO_PKG",
   "detail": "no play package known \u2014 pass extra.play_pkg"
  },
  "exact_cohort": {
   "status": "OK",
   "baseline_asof": "2026-08-28T13:09:39Z",
   "days": 4.9,
   "new_raters": 16,
   "raters_per_day": 3.3,
   "cohort_rating": 4.09,
   "delta_vs_lifetime": -0.76,
   "note": null
  }
 },
 "ETOR": {
  "ticker": "ETOR",
  "asof": "2026-09-02T10:05:55Z",
  "country": "us",
  "resolution": {
   "status": "RESOLVED",
   "itunes_id": 674984916,
   "trackName": "etoro: Trade & Invest",
   "sellerName": "eToro Group Ltd.",
   "score": 3.0,
   "cached": "2026-08-16T16:07:10Z",
   "via": "cache"
  },
  "itunes_lookup": {
   "status": "OK",
   "trackName": "etoro: Trade & Invest",
   "sellerName": "eToro Group Ltd.",
   "lifetime_rating": 4.39107,
   "lifetime_count": 9873,
   "current_version": "v651.1320.2",
   "current_version_date": "2026-08-28T11:36:01Z"
  },
  "velocity": {
   "status": "OK",
   "reviews_7d": 1,
   "reviews_30d": 5,
   "per_day_7d": 0.14,
   "per_day_30d": 0.17,
   "window_covered": true,
   "floor_note": null,
   "visible_cohort_avg": 5.0,
   "visible_cohort_n": 5,
   "one_star_share": 0.0,
   "version_release_recent": true,
   "caveat": "US storefront only; velocity measures PROMPTING as much as sentiment (MAUDE lesson) \u2014 a spike coincident with version_release_recent=True is an artifact candidate until the cohort rating confirms; a COLLAPSE has no prompt excuse and is the cleaner signal. POPULATION WARNING (calibrated 2026-08-16, first 6-name cross-section): visible_cohort_avg is WRITTEN reviews only, a structurally angrier population than the prompted-ratings-dominated lifetime mean \u2014 every tracked name reads 1.8-3.9 recent vs ~4.5+ lifetime. NEVER read visible-vs-lifetime as deterioration. Valid comparisons: this cohort vs ITS OWN history (velocity + rating over snapshots), name vs name within this channel, and the EXACT cohort delta below (same-population arithmetic)."
  },
  "play": {
   "status": "NO_PKG",
   "detail": "no play package known \u2014 pass extra.play_pkg"
  },
  "exact_cohort": {
   "status": "OK",
   "baseline_asof": "2026-08-28T13:09:41Z",
   "days": 4.9,
   "new_raters": 6,
   "raters_per_day": 1.2,
   "cohort_rating": null,
   "delta_vs_lifetime": null,
   "note": "only 6 new raters since baseline \u2014 below MIN_COHORT_N=15, cohort mean withheld as noise"
  }
 }
}

/Users/ajay/Library/Python/3.9/lib/python/site-packages/urllib3/__init__.py:35: NotOpenSSLWarning: urllib3 v2 only supports OpenSSL 1.1.1+, currently the 'ssl' module is compiled with 'LibreSSL 2.8.3'. See: https://github.com/urllib3/urllib3/issues/3020
  warnings.warn(

===== 2026-09-03 04:10 (desk) =====
[IBKR] vel=—/d cohort=— 1star=— exact=OK
[RDDT] vel=1.67/d cohort=1.78 1star=0.76 exact=OK
[HOOD] vel=—/d cohort=— 1star=— exact=OK
[SOFI] vel=—/d cohort=— 1star=— exact=OK
[LMND] vel=0.83/d cohort=1.8 1star=0.8 exact=OK
[ETOR] vel=0.2/d cohort=4.33 1star=0.167 exact=OK
{
 "IBKR": {
  "ticker": "IBKR",
  "asof": "2026-09-03T11:10:39Z",
  "country": "us",
  "resolution": {
   "status": "RESOLVED",
   "itunes_id": 454558592,
   "trackName": "IBKR Mobile - Invest Worldwide",
   "sellerName": "Interactive Brokers LLC",
   "score": 3.0,
   "cached": "2026-08-16T16:06:41Z",
   "via": "cache"
  },
  "itunes_lookup": {
   "status": "OK",
   "trackName": "IBKR Mobile - Invest Worldwide",
   "sellerName": "Interactive Brokers LLC",
   "lifetime_rating": 4.4985,
   "lifetime_count": 11426,
   "current_version": "10.17",
   "current_version_date": "2026-08-20T14:01:07Z"
  },
  "velocity": {
   "status": "EMPTY",
   "detail": "no dated RSS reviews (empty feed)"
  },
  "play": {
   "status": "OK",
   "rating": 4.5537848472595215,
   "count": 74879,
   "app_name": "IBKR Mobile",
   "parse": "ld+json",
   "pkg": "atws.app"
  },
  "exact_cohort": {
   "status": "OK",
   "baseline_asof": "2026-08-31T08:08:32Z",
   "days": 3.1,
   "new_raters": 6,
   "raters_per_day": 1.9,
   "cohort_rating": null,
   "delta_vs_lifetime": null,
   "note": "only 6 new raters since baseline \u2014 below MIN_COHORT_N=15, cohort mean withheld as noise",
   "play_raters_per_day": 22.7
  }
 },
 "RDDT": {
  "ticker": "RDDT",
  "asof": "2026-09-03T11:10:41Z",
  "country": "us",
  "resolution": {
   "status": "RESOLVED",
   "itunes_id": 1064216828,
   "trackName": "Reddit",
   "sellerName": "REDDIT, INC.",
   "score": 3.0,
   "cached": "2026-08-16T16:06:53Z",
   "via": "cache"
  },
  "itunes_lookup": {
   "status": "OK",
   "trackName": "Reddit",
   "sellerName": "REDDIT, INC.",
   "lifetime_rating": 4.75613,
   "lifetime_count": 3492511,
   "current_version": "2026.35.0",
   "current_version_date": "2026-09-01T18:37:45Z"
  },
  "velocity": {
   "status": "OK",
   "reviews_7d": 50,
   "reviews_30d": 50,
   "per_day_7d": 7.14,
   "per_day_30d": 1.67,
   "window_covered": false,
   "floor_note": "RSS pagination exhausted at 2 pages spanning 3.6d \u2014 windowed counts are FLOORS; span rate 13.7/day is the honest velocity",
   "visible_cohort_avg": 1.78,
   "visible_cohort_n": 50,
   "one_star_share": 0.76,
   "version_release_recent": true,
   "caveat": "US storefront only; velocity measures PROMPTING as much as sentiment (MAUDE lesson) \u2014 a spike coincident with version_release_recent=True is an artifact candidate until the cohort rating confirms; a COLLAPSE has no prompt excuse and is the cleaner signal. POPULATION WARNING (calibrated 2026-08-16, first 6-name cross-section): visible_cohort_avg is WRITTEN reviews only, a structurally angrier population than the prompted-ratings-dominated lifetime mean \u2014 every tracked name reads 1.8-3.9 recent vs ~4.5+ lifetime. NEVER read visible-vs-lifetime as deterioration. Valid comparisons: this cohort vs ITS OWN history (velocity + rating over snapshots), name vs name within this channel, and the EXACT cohort delta below (same-population arithmetic)."
  },
  "play": {
   "status": "OK",
   "rating": 4.569308757781982,
   "count": 4799024,
   "app_name": "Reddit",
   "parse": "ld+json",
   "pkg": "com.reddit.frontpage"
  },
  "exact_cohort": {
   "status": "OK",
   "baseline_asof": "2026-08-31T08:08:33Z",
   "days": 3.1,
   "new_raters": 2701,
   "raters_per_day": 863.9,
   "cohort_rating": 4.74,
   "delta_vs_lifetime": -0.02,
   "note": null,
   "play_raters_per_day": 1407.3
  }
 },
 "HOOD": {
  "ticker": "HOOD",
  "asof": "2026-09-03T11:10:43Z",
  "country": "us",
  "resolution": {
   "status": "RESOLVED",
   "itunes_id": 938003185,
   "trackName": "Robinhood: Trading & Investing",
   "sellerName": "Robinhood Markets Inc",
   "score": 3.0,
   "cached": "2026-08-16T16:07:02Z",
   "via": "cache"
  },
  "itunes_lookup": {
   "status": "OK",
   "trackName": "Robinhood: Trading & Investing",
   "sellerName": "Robinhood Markets Inc",
   "lifetime_rating": 4.28871,
   "lifetime_count": 4819977,
   "current_version": "2026.35.0",
   "current_version_date": "2026-08-31T21:55:14Z"
  },
  "velocity": {
   "status": "EMPTY",
   "detail": "no dated RSS reviews (empty feed)"
  },
  "play": {
   "status": "OK",
   "rating": 4.342958450317383,
   "count": 547648,
   "app_name": "Robinhood: Trading \\u0026 Investing",
   "parse": "ld+json",
   "pkg": "com.robinhood.android"
  },
  "exact_cohort": {
   "status": "OK",
   "baseline_asof": "2026-08-31T08:08:35Z",
   "days": 3.1,
   "new_raters": 2644,
   "raters_per_day": 845.7,
   "cohort_rating": 4.85,
   "delta_vs_lifetime": 0.56,
   "note": null,
   "play_raters_per_day": 520.4
  }
 },
 "SOFI": {
  "ticker": "SOFI",
  "asof": "2026-09-03T11:10:45Z",
  "country": "us",
  "resolution": {
   "status": "RESOLVED",
   "itunes_id": 1191985736,
   "trackName": "SoFi: Bank, Invest & Crypto",
   "sellerName": "Social Finance, LLC",
   "score": 1.0,
   "cached": "2026-08-16T16:07:01Z",
   "via": "cache"
  },
  "seller_drift_flag": "lookup seller 'Social Finance, LLC' no longer matches hint 'SoFi' \u2014 verify before trusting",
  "itunes_lookup": {
   "status": "OK",
   "trackName": "SoFi: Bank, Invest & Crypto",
   "sellerName": "Social Finance, LLC",
   "lifetime_rating": 4.74411,
   "lifetime_count": 385469,
   "current_version": "3.111.0",
   "current_version_date": "2026-08-29T08:23:47Z"
  },
  "velocity": {
   "status": "EMPTY",
   "detail": "no dated RSS reviews (empty feed)"
  },
  "play": {
   "status": "NO_PKG",
   "detail": "no play package known \u2014 pass extra.play_pkg"
  },
  "exact_cohort": {
   "status": "OK",
   "baseline_asof": "2026-08-31T08:08:36Z",
   "days": 3.1,
   "new_raters": -16,
   "raters_per_day": -5.1,
   "cohort_rating": null,
   "delta_vs_lifetime": null,
   "note": "only -16 new raters since baseline \u2014 below MIN_COHORT_N=15, cohort mean withheld as noise"
  }
 },
 "LMND": {
  "ticker": "LMND",
  "asof": "2026-09-03T11:10:46Z",
  "country": "us",
  "resolution": {
   "status": "RESOLVED",
   "itunes_id": 1055653645,
   "trackName": "Lemonade Insurance",
   "sellerName": "Lemonade Inc.",
   "score": 3.0,
   "cached": "2026-08-16T16:07:08Z",
   "via": "cache"
  },
  "itunes_lookup": {
   "status": "OK",
   "trackName": "Lemonade Insurance",
   "sellerName": "Lemonade Inc.",
   "lifetime_rating": 4.8457,
   "lifetime_count": 86015,
   "current_version": "9.53",
   "current_version_date": "2026-08-27T06:35:44Z"
  },
  "velocity": {
   "status": "OK",
   "reviews_7d": 3,
   "reviews_30d": 25,
   "per_day_7d": 0.43,
   "per_day_30d": 0.83,
   "window_covered": true,
   "floor_note": null,
   "visible_cohort_avg": 1.8,
   "visible_cohort_n": 25,
   "one_star_share": 0.8,
   "version_release_recent": true,
   "caveat": "US storefront only; velocity measures PROMPTING as much as sentiment (MAUDE lesson) \u2014 a spike coincident with version_release_recent=True is an artifact candidate until the cohort rating confirms; a COLLAPSE has no prompt excuse and is the cleaner signal. POPULATION WARNING (calibrated 2026-08-16, first 6-name cross-section): visible_cohort_avg is WRITTEN reviews only, a structurally angrier population than the prompted-ratings-dominated lifetime mean \u2014 every tracked name reads 1.8-3.9 recent vs ~4.5+ lifetime. NEVER read visible-vs-lifetime as deterioration. Valid comparisons: this cohort vs ITS OWN history (velocity + rating over snapshots), name vs name within this channel, and the EXACT cohort delta below (same-population arithmetic)."
  },
  "play": {
   "status": "NO_PKG",
   "detail": "no play package known \u2014 pass extra.play_pkg"
  },
  "exact_cohort": {
   "status": "OK",
   "baseline_asof": "2026-08-31T08:08:38Z",
   "days": 3.1,
   "new_raters": 5,
   "raters_per_day": 1.6,
   "cohort_rating": null,
   "delta_vs_lifetime": null,
   "note": "only 5 new raters since baseline \u2014 below MIN_COHORT_N=15, cohort mean withheld as noise"
  }
 },
 "ETOR": {
  "ticker": "ETOR",
  "asof": "2026-09-03T11:10:47Z",
  "country": "us",
  "resolution": {
   "status": "RESOLVED",
   "itunes_id": 674984916,
   "trackName": "etoro: Trade & Invest",
   "sellerName": "eToro Group Ltd.",
   "score": 3.0,
   "cached": "2026-08-16T16:07:10Z",
   "via": "cache"
  },
  "itunes_lookup": {
   "status": "OK",
   "trackName": "etoro: Trade & Invest",
   "sellerName": "eToro Group Ltd.",
   "lifetime_rating": 4.39114,
   "lifetime_count": 9876,
   "current_version": "v651.1320.2",
   "current_version_date": "2026-08-28T11:36:01Z"
  },
  "velocity": {
   "status": "OK",
   "reviews_7d": 1,
   "reviews_30d": 6,
   "per_day_7d": 0.14,
   "per_day_30d": 0.2,
   "window_covered": true,
   "floor_note": null,
   "visible_cohort_avg": 4.33,
   "visible_cohort_n": 6,
   "one_star_share": 0.167,
   "version_release_recent": true,
   "caveat": "US storefront only; velocity measures PROMPTING as much as sentiment (MAUDE lesson) \u2014 a spike coincident with version_release_recent=True is an artifact candidate until the cohort rating confirms; a COLLAPSE has no prompt excuse and is the cleaner signal. POPULATION WARNING (calibrated 2026-08-16, first 6-name cross-section): visible_cohort_avg is WRITTEN reviews only, a structurally angrier population than the prompted-ratings-dominated lifetime mean \u2014 every tracked name reads 1.8-3.9 recent vs ~4.5+ lifetime. NEVER read visible-vs-lifetime as deterioration. Valid comparisons: this cohort vs ITS OWN history (velocity + rating over snapshots), name vs name within this channel, and the EXACT cohort delta below (same-population arithmetic)."
  },
  "play": {
   "status": "NO_PKG",
   "detail": "no play package known \u2014 pass extra.play_pkg"
  },
  "exact_cohort": {
   "status": "OK",
   "baseline_asof": "2026-08-31T08:08:39Z",
   "days": 3.1,
   "new_raters": 3,
   "raters_per_day": 1.0,
   "cohort_rating": null,
   "delta_vs_lifetime": null,
   "note": "only 3 new raters since baseline \u2014 below MIN_COHORT_N=15, cohort mean withheld as noise"
  }
 }
}

/Users/ajay/Library/Python/3.9/lib/python/site-packages/urllib3/__init__.py:35: NotOpenSSLWarning: urllib3 v2 only supports OpenSSL 1.1.1+, currently the 'ssl' module is compiled with 'LibreSSL 2.8.3'. See: https://github.com/urllib3/urllib3/issues/3020
  warnings.warn(

===== 2026-09-04 05:04 (desk) =====
[IBKR] vel=0.47/d cohort=2.86 1star=0.5 exact=OK
[RDDT] vel=16.67/d cohort=2.1 1star=0.654 exact=OK
[HOOD] vel=13.87/d cohort=3.51 1star=0.288 exact=OK
[SOFI] vel=1.4/d cohort=2.21 1star=0.524 exact=OK
[LMND] vel=0.83/d cohort=1.8 1star=0.8 exact=OK
[ETOR] vel=0.2/d cohort=4.33 1star=0.167 exact=OK
{
 "IBKR": {
  "ticker": "IBKR",
  "asof": "2026-09-04T12:04:25Z",
  "country": "us",
  "resolution": {
   "status": "RESOLVED",
   "itunes_id": 454558592,
   "trackName": "IBKR Mobile - Invest Worldwide",
   "sellerName": "Interactive Brokers LLC",
   "score": 3.0,
   "cached": "2026-08-16T16:06:41Z",
   "via": "cache"
  },
  "itunes_lookup": {
   "status": "OK",
   "trackName": "IBKR Mobile - Invest Worldwide",
   "sellerName": "Interactive Brokers LLC",
   "lifetime_rating": 4.49869,
   "lifetime_count": 11430,
   "current_version": "10.17",
   "current_version_date": "2026-08-20T14:01:07Z"
  },
  "velocity": {
   "status": "OK",
   "reviews_7d": 4,
   "reviews_30d": 14,
   "per_day_7d": 0.57,
   "per_day_30d": 0.47,
   "window_covered": true,
   "floor_note": null,
   "visible_cohort_avg": 2.86,
   "visible_cohort_n": 14,
   "one_star_share": 0.5,
   "version_release_recent": true,
   "caveat": "US storefront only; velocity measures PROMPTING as much as sentiment (MAUDE lesson) \u2014 a spike coincident with version_release_recent=True is an artifact candidate until the cohort rating confirms; a COLLAPSE has no prompt excuse and is the cleaner signal. POPULATION WARNING (calibrated 2026-08-16, first 6-name cross-section): visible_cohort_avg is WRITTEN reviews only, a structurally angrier population than the prompted-ratings-dominated lifetime mean \u2014 every tracked name reads 1.8-3.9 recent vs ~4.5+ lifetime. NEVER read visible-vs-lifetime as deterioration. Valid comparisons: this cohort vs ITS OWN history (velocity + rating over snapshots), name vs name within this channel, and the EXACT cohort delta below (same-population arithmetic)."
  },
  "play": {
   "status": "OK",
   "rating": 4.55555534362793,
   "count": 74917,
   "app_name": "IBKR Mobile",
   "parse": "ld+json",
   "pkg": "atws.app"
  },
  "exact_cohort": {
   "status": "OK",
   "baseline_asof": "2026-09-01T09:02:32Z",
   "days": 3.1,
   "new_raters": 12,
   "raters_per_day": 3.8,
   "cohort_rating": null,
   "delta_vs_lifetime": null,
   "note": "only 12 new raters since baseline \u2014 below MIN_COHORT_N=15, cohort mean withheld as noise",
   "play_raters_per_day": 33.9
  }
 },
 "RDDT": {
  "ticker": "RDDT",
  "asof": "2026-09-04T12:04:27Z",
  "country": "us",
  "resolution": {
   "status": "RESOLVED",
   "itunes_id": 1064216828,
   "trackName": "Reddit",
   "sellerName": "REDDIT, INC.",
   "score": 3.0,
   "cached": "2026-08-16T16:06:53Z",
   "via": "cache"
  },
  "itunes_lookup": {
   "status": "OK",
   "trackName": "Reddit",
   "sellerName": "REDDIT, INC.",
   "lifetime_rating": 4.75613,
   "lifetime_count": 3492802,
   "current_version": "2026.35.1",
   "current_version_date": "2026-09-04T00:37:15Z"
  },
  "velocity": {
   "status": "OK",
   "reviews_7d": 131,
   "reviews_30d": 500,
   "per_day_7d": 18.71,
   "per_day_30d": 16.67,
   "window_covered": false,
   "floor_note": "RSS pagination exhausted at 10 pages spanning 20.4d \u2014 windowed counts are FLOORS; span rate 24.5/day is the honest velocity",
   "visible_cohort_avg": 2.1,
   "visible_cohort_n": 500,
   "one_star_share": 0.654,
   "version_release_recent": true,
   "caveat": "US storefront only; velocity measures PROMPTING as much as sentiment (MAUDE lesson) \u2014 a spike coincident with version_release_recent=True is an artifact candidate until the cohort rating confirms; a COLLAPSE has no prompt excuse and is the cleaner signal. POPULATION WARNING (calibrated 2026-08-16, first 6-name cross-section): visible_cohort_avg is WRITTEN reviews only, a structurally angrier population than the prompted-ratings-dominated lifetime mean \u2014 every tracked name reads 1.8-3.9 recent vs ~4.5+ lifetime. NEVER read visible-vs-lifetime as deterioration. Valid comparisons: this cohort vs ITS OWN history (velocity + rating over snapshots), name vs name within this channel, and the EXACT cohort delta below (same-population arithmetic)."
  },
  "play": {
   "status": "OK",
   "rating": 4.568764686584473,
   "count": 4800483,
   "app_name": "Reddit",
   "parse": "ld+json",
   "pkg": "com.reddit.frontpage"
  },
  "exact_cohort": {
   "status": "OK",
   "baseline_asof": "2026-09-01T09:02:34Z",
   "days": 3.1,
   "new_raters": 2084,
   "raters_per_day": 666.6,
   "cohort_rating": 4.72,
   "delta_vs_lifetime": -0.04,
   "note": null,
   "play_raters_per_day": 1450.2
  }
 },
 "HOOD": {
  "ticker": "HOOD",
  "asof": "2026-09-04T12:04:36Z",
  "country": "us",
  "resolution": {
   "status": "RESOLVED",
   "itunes_id": 938003185,
   "trackName": "Robinhood: Trading & Investing",
   "sellerName": "Robinhood Markets Inc",
   "score": 3.0,
   "cached": "2026-08-16T16:07:02Z",
   "via": "cache"
  },
  "itunes_lookup": {
   "status": "OK",
   "trackName": "Robinhood: Trading & Investing",
   "sellerName": "Robinhood Markets Inc",
   "lifetime_rating": 4.28882,
   "lifetime_count": 4820666,
   "current_version": "2026.35.0",
   "current_version_date": "2026-08-31T21:55:14Z"
  },
  "velocity": {
   "status": "OK",
   "reviews_7d": 63,
   "reviews_30d": 416,
   "per_day_7d": 9.0,
   "per_day_30d": 13.87,
   "window_covered": true,
   "floor_note": null,
   "visible_cohort_avg": 3.51,
   "visible_cohort_n": 416,
   "one_star_share": 0.288,
   "version_release_recent": true,
   "caveat": "US storefront only; velocity measures PROMPTING as much as sentiment (MAUDE lesson) \u2014 a spike coincident with version_release_recent=True is an artifact candidate until the cohort rating confirms; a COLLAPSE has no prompt excuse and is the cleaner signal. POPULATION WARNING (calibrated 2026-08-16, first 6-name cross-section): visible_cohort_avg is WRITTEN reviews only, a structurally angrier population than the prompted-ratings-dominated lifetime mean \u2014 every tracked name reads 1.8-3.9 recent vs ~4.5+ lifetime. NEVER read visible-vs-lifetime as deterioration. Valid comparisons: this cohort vs ITS OWN history (velocity + rating over snapshots), name vs name within this channel, and the EXACT cohort delta below (same-population arithmetic)."
  },
  "play": {
   "status": "OK",
   "rating": 4.349881649017334,
   "count": 548302,
   "app_name": "Robinhood: Trading \\u0026 Investing",
   "parse": "ld+json",
   "pkg": "com.robinhood.android"
  },
  "exact_cohort": {
   "status": "OK",
   "baseline_asof": "2026-09-01T09:02:36Z",
   "days": 3.1,
   "new_raters": 2952,
   "raters_per_day": 944.2,
   "cohort_rating": 4.89,
   "delta_vs_lifetime": 0.6,
   "note": null,
   "play_raters_per_day": 637.8
  }
 },
 "SOFI": {
  "ticker": "SOFI",
  "asof": "2026-09-04T12:04:43Z",
  "country": "us",
  "resolution": {
   "status": "RESOLVED",
   "itunes_id": 1191985736,
   "trackName": "SoFi: Bank, Invest & Crypto",
   "sellerName": "Social Finance, LLC",
   "score": 1.0,
   "cached": "2026-08-16T16:07:01Z",
   "via": "cache"
  },
  "seller_drift_flag": "lookup seller 'Social Finance, LLC' no longer matches hint 'SoFi' \u2014 verify before trusting",
  "itunes_lookup": {
   "status": "OK",
   "trackName": "SoFi: Bank, Invest & Crypto",
   "sellerName": "Social Finance, LLC",
   "lifetime_rating": 4.74411,
   "lifetime_count": 385476,
   "current_version": "3.111.0",
   "current_version_date": "2026-08-29T08:23:47Z"
  },
  "velocity": {
   "status": "OK",
   "reviews_7d": 8,
   "reviews_30d": 42,
   "per_day_7d": 1.14,
   "per_day_30d": 1.4,
   "window_covered": true,
   "floor_note": null,
   "visible_cohort_avg": 2.21,
   "visible_cohort_n": 42,
   "one_star_share": 0.524,
   "version_release_recent": true,
   "caveat": "US storefront only; velocity measures PROMPTING as much as sentiment (MAUDE lesson) \u2014 a spike coincident with version_release_recent=True is an artifact candidate until the cohort rating confirms; a COLLAPSE has no prompt excuse and is the cleaner signal. POPULATION WARNING (calibrated 2026-08-16, first 6-name cross-section): visible_cohort_avg is WRITTEN reviews only, a structurally angrier population than the prompted-ratings-dominated lifetime mean \u2014 every tracked name reads 1.8-3.9 recent vs ~4.5+ lifetime. NEVER read visible-vs-lifetime as deterioration. Valid comparisons: this cohort vs ITS OWN history (velocity + rating over snapshots), name vs name within this channel, and the EXACT cohort delta below (same-population arithmetic)."
  },
  "play": {
   "status": "NO_PKG",
   "detail": "no play package known \u2014 pass extra.play_pkg"
  },
  "exact_cohort": {
   "status": "OK",
   "baseline_asof": "2026-09-01T09:02:37Z",
   "days": 3.1,
   "new_raters": -10,
   "raters_per_day": -3.2,
   "cohort_rating": null,
   "delta_vs_lifetime": null,
   "note": "only -10 new raters since baseline \u2014 below MIN_COHORT_N=15, cohort mean withheld as noise"
  }
 },
 "LMND": {
  "ticker": "LMND",
  "asof": "2026-09-04T12:04:45Z",
  "country": "us",
  "resolution": {
   "status": "RESOLVED",
   "itunes_id": 1055653645,
   "trackName": "Lemonade Insurance",
   "sellerName": "Lemonade Inc.",
   "score": 3.0,
   "cached": "2026-08-16T16:07:08Z",
   "via": "cache"
  },
  "itunes_lookup": {
   "status": "OK",
   "trackName": "Lemonade Insurance",
   "sellerName": "Lemonade Inc.",
   "lifetime_rating": 4.84562,
   "lifetime_count": 86021,
   "current_version": "9.53",
   "current_version_date": "2026-08-27T06:35:44Z"
  },
  "velocity": {
   "status": "OK",
   "reviews_7d": 3,
   "reviews_30d": 25,
   "per_day_7d": 0.43,
   "per_day_30d": 0.83,
   "window_covered": true,
   "floor_note": null,
   "visible_cohort_avg": 1.8,
   "visible_cohort_n": 25,
   "one_star_share": 0.8,
   "version_release_recent": true,
   "caveat": "US storefront only; velocity measures PROMPTING as much as sentiment (MAUDE lesson) \u2014 a spike coincident with version_release_recent=True is an artifact candidate until the cohort rating confirms; a COLLAPSE has no prompt excuse and is the cleaner signal. POPULATION WARNING (calibrated 2026-08-16, first 6-name cross-section): visible_cohort_avg is WRITTEN reviews only, a structurally angrier population than the prompted-ratings-dominated lifetime mean \u2014 every tracked name reads 1.8-3.9 recent vs ~4.5+ lifetime. NEVER read visible-vs-lifetime as deterioration. Valid comparisons: this cohort vs ITS OWN history (velocity + rating over snapshots), name vs name within this channel, and the EXACT cohort delta below (same-population arithmetic)."
  },
  "play": {
   "status": "NO_PKG",
   "detail": "no play package known \u2014 pass extra.play_pkg"
  },
  "exact_cohort": {
   "status": "OK",
   "baseline_asof": "2026-09-01T09:02:38Z",
   "days": 3.1,
   "new_raters": 12,
   "raters_per_day": 3.8,
   "cohort_rating": null,
   "delta_vs_lifetime": null,
   "note": "only 12 new raters since baseline \u2014 below MIN_COHORT_N=15, cohort mean withheld as noise"
  }
 },
 "ETOR": {
  "ticker": "ETOR",
  "asof": "2026-09-04T12:04:46Z",
  "country": "us",
  "resolution": {
   "status": "RESOLVED",
   "itunes_id": 674984916,
   "trackName": "etoro: Trade & Invest",
   "sellerName": "eToro Group Ltd.",
   "score": 3.0,
   "cached": "2026-08-16T16:07:10Z",
   "via": "cache"
  },
  "itunes_lookup": {
   "status": "OK",
   "trackName": "etoro: Trade & Invest",
   "sellerName": "eToro Group Ltd.",
   "lifetime_rating": 4.39086,
   "lifetime_count": 9878,
   "current_version": "v651.1320.2",
   "current_version_date": "2026-08-28T11:36:01Z"
  },
  "velocity": {
   "status": "OK",
   "reviews_7d": 1,
   "reviews_30d": 6,
   "per_day_7d": 0.14,
   "per_day_30d": 0.2,
   "window_covered": true,
   "floor_note": null,
   "visible_cohort_avg": 4.33,
   "visible_cohort_n": 6,
   "one_star_share": 0.167,
   "version_release_recent": true,
   "caveat": "US storefront only; velocity measures PROMPTING as much as sentiment (MAUDE lesson) \u2014 a spike coincident with version_release_recent=True is an artifact candidate until the cohort rating confirms; a COLLAPSE has no prompt excuse and is the cleaner signal. POPULATION WARNING (calibrated 2026-08-16, first 6-name cross-section): visible_cohort_avg is WRITTEN reviews only, a structurally angrier population than the prompted-ratings-dominated lifetime mean \u2014 every tracked name reads 1.8-3.9 recent vs ~4.5+ lifetime. NEVER read visible-vs-lifetime as deterioration. Valid comparisons: this cohort vs ITS OWN history (velocity + rating over snapshots), name vs name within this channel, and the EXACT cohort delta below (same-population arithmetic)."
  },
  "play": {
   "status": "NO_PKG",
   "detail": "no play package known \u2014 pass extra.play_pkg"
  },
  "exact_cohort": {
   "status": "OK",
   "baseline_asof": "2026-09-01T09:02:40Z",
   "days": 3.1,
   "new_raters": 7,
   "raters_per_day": 2.2,
   "cohort_rating": null,
   "delta_vs_lifetime": null,
   "note": "only 7 new raters since baseline \u2014 below MIN_COHORT_N=15, cohort mean withheld as noise"
  }
 }
}

/Users/ajay/Library/Python/3.9/lib/python/site-packages/urllib3/__init__.py:35: NotOpenSSLWarning: urllib3 v2 only supports OpenSSL 1.1.1+, currently the 'ssl' module is compiled with 'LibreSSL 2.8.3'. See: https://github.com/urllib3/urllib3/issues/3020
  warnings.warn(

===== 2026-09-07 01:23 (desk) =====
[IBKR] vel=—/d cohort=— 1star=— exact=OK
[RDDT] vel=—/d cohort=— 1star=— exact=OK
[HOOD] vel=—/d cohort=— 1star=— exact=OK
[SOFI] vel=—/d cohort=— 1star=— exact=OK
[LMND] vel=—/d cohort=— 1star=— exact=OK
[ETOR] vel=—/d cohort=— 1star=— exact=OK
{
 "IBKR": {
  "ticker": "IBKR",
  "asof": "2026-09-07T08:23:25Z",
  "country": "us",
  "resolution": {
   "status": "RESOLVED",
   "itunes_id": 454558592,
   "trackName": "IBKR Mobile - Invest Worldwide",
   "sellerName": "Interactive Brokers LLC",
   "score": 3.0,
   "cached": "2026-08-16T16:06:41Z",
   "via": "cache"
  },
  "itunes_lookup": {
   "status": "OK",
   "trackName": "IBKR Mobile - Invest Worldwide",
   "sellerName": "Interactive Brokers LLC",
   "lifetime_rating": 4.49948,
   "lifetime_count": 11442,
   "current_version": "10.17",
   "current_version_date": "2026-08-20T14:01:07Z"
  },
  "velocity": {
   "status": "EMPTY",
   "detail": "no dated RSS reviews (empty feed)"
  },
  "play": {
   "status": "OK",
   "rating": 4.53250789642334,
   "count": 75077,
   "app_name": "IBKR Mobile",
   "parse": "ld+json",
   "pkg": "atws.app"
  },
  "exact_cohort": {
   "status": "OK",
   "baseline_asof": "2026-09-03T11:10:40Z",
   "days": 3.9,
   "new_raters": 16,
   "raters_per_day": 4.1,
   "cohort_rating": 5.2,
   "delta_vs_lifetime": 0.7,
   "note": null,
   "play_raters_per_day": 51.0
  }
 },
 "RDDT": {
  "ticker": "RDDT",
  "asof": "2026-09-07T08:23:27Z",
  "country": "us",
  "resolution": {
   "status": "RESOLVED",
   "itunes_id": 1064216828,
   "trackName": "Reddit",
   "sellerName": "REDDIT, INC.",
   "score": 3.0,
   "cached": "2026-08-16T16:06:53Z",
   "via": "cache"
  },
  "itunes_lookup": {
   "status": "OK",
   "trackName": "Reddit",
   "sellerName": "REDDIT, INC.",
   "lifetime_rating": 4.75608,
   "lifetime_count": 3495525,
   "current_version": "2026.35.1",
   "current_version_date": "2026-09-04T00:37:15Z"
  },
  "velocity": {
   "status": "EMPTY",
   "detail": "no dated RSS reviews (empty feed)"
  },
  "play": {
   "status": "OK",
   "rating": 4.566591739654541,
   "count": 4804588,
   "app_name": "Reddit",
   "parse": "ld+json",
   "pkg": "com.reddit.frontpage"
  },
  "exact_cohort": {
   "status": "OK",
   "baseline_asof": "2026-09-03T11:10:42Z",
   "days": 3.9,
   "new_raters": 3014,
   "raters_per_day": 776.0,
   "cohort_rating": 4.7,
   "delta_vs_lifetime": -0.06,
   "note": null,
   "play_raters_per_day": 1432.6
  }
 },
 "HOOD": {
  "ticker": "HOOD",
  "asof": "2026-09-07T08:23:28Z",
  "country": "us",
  "resolution": {
   "status": "RESOLVED",
   "itunes_id": 938003185,
   "trackName": "Robinhood: Trading & Investing",
   "sellerName": "Robinhood Markets Inc",
   "score": 3.0,
   "cached": "2026-08-16T16:07:02Z",
   "via": "cache"
  },
  "itunes_lookup": {
   "status": "OK",
   "trackName": "Robinhood: Trading & Investing",
   "sellerName": "Robinhood Markets Inc",
   "lifetime_rating": 4.28955,
   "lifetime_count": 4825991,
   "current_version": "2026.35.0",
   "current_version_date": "2026-08-31T21:55:14Z"
  },
  "velocity": {
   "status": "EMPTY",
   "detail": "no dated RSS reviews (empty feed)"
  },
  "play": {
   "status": "OK",
   "rating": 4.4087982177734375,
   "count": 555273,
   "app_name": "Robinhood: Trading \\u0026 Investing",
   "parse": "ld+json",
   "pkg": "com.robinhood.android"
  },
  "exact_cohort": {
   "status": "OK",
   "baseline_asof": "2026-09-03T11:10:43Z",
   "days": 3.9,
   "new_raters": 6014,
   "raters_per_day": 1548.5,
   "cohort_rating": 4.96,
   "delta_vs_lifetime": 0.67,
   "note": null,
   "play_raters_per_day": 1963.3
  }
 },
 "SOFI": {
  "ticker": "SOFI",
  "asof": "2026-09-07T08:23:30Z",
  "country": "us",
  "resolution": {
   "status": "RESOLVED",
   "itunes_id": 1191985736,
   "trackName": "SoFi: Bank, Invest & Crypto",
   "sellerName": "Social Finance, LLC",
   "score": 1.0,
   "cached": "2026-08-16T16:07:01Z",
   "via": "cache"
  },
  "seller_drift_flag": "lookup seller 'Social Finance, LLC' no longer matches hint 'SoFi' \u2014 verify before trusting",
  "itunes_lookup": {
   "status": "OK",
   "trackName": "SoFi: Bank, Invest & Crypto",
   "sellerName": "Social Finance, LLC",
   "lifetime_rating": 4.74406,
   "lifetime_count": 385472,
   "current_version": "3.112.0",
   "current_version_date": "2026-09-05T01:18:03Z"
  },
  "velocity": {
   "status": "EMPTY",
   "detail": "no dated RSS reviews (empty feed)"
  },
  "play": {
   "status": "NO_PKG",
   "detail": "no play package known \u2014 pass extra.play_pkg"
  },
  "exact_cohort": {
   "status": "OK",
   "baseline_asof": "2026-09-03T11:10:45Z",
   "days": 3.9,
   "new_raters": 3,
   "raters_per_day": 0.8,
   "cohort_rating": null,
   "delta_vs_lifetime": null,
   "note": "only 3 new raters since baseline \u2014 below MIN_COHORT_N=15, cohort mean withheld as noise"
  }
 },
 "LMND": {
  "ticker": "LMND",
  "asof": "2026-09-07T08:23:31Z",
  "country": "us",
  "resolution": {
   "status": "RESOLVED",
   "itunes_id": 1055653645,
   "trackName": "Lemonade Insurance",
   "sellerName": "Lemonade Inc.",
   "score": 3.0,
   "cached": "2026-08-16T16:07:08Z",
   "via": "cache"
  },
  "itunes_lookup": {
   "status": "OK",
   "trackName": "Lemonade Insurance",
   "sellerName": "Lemonade Inc.",
   "lifetime_rating": 4.84555,
   "lifetime_count": 86027,
   "current_version": "9.53",
   "current_version_date": "2026-08-27T06:35:44Z"
  },
  "velocity": {
   "status": "EMPTY",
   "detail": "no dated RSS reviews (empty feed)"
  },
  "play": {
   "status": "NO_PKG",
   "detail": "no play package known \u2014 pass extra.play_pkg"
  },
  "exact_cohort": {
   "status": "OK",
   "baseline_asof": "2026-09-03T11:10:46Z",
   "days": 3.9,
   "new_raters": 12,
   "raters_per_day": 3.1,
   "cohort_rating": null,
   "delta_vs_lifetime": null,
   "note": "only 12 new raters since baseline \u2014 below MIN_COHORT_N=15, cohort mean withheld as noise"
  }
 },
 "ETOR": {
  "ticker": "ETOR",
  "asof": "2026-09-07T08:23:33Z",
  "country": "us",
  "resolution": {
   "status": "RESOLVED",
   "itunes_id": 674984916,
   "trackName": "etoro: Trade & Invest",
   "sellerName": "eToro Group Ltd.",
   "score": 3.0,
   "cached": "2026-08-16T16:07:10Z",
   "via": "cache"
  },
  "itunes_lookup": {
   "status": "OK",
   "trackName": "etoro: Trade & Invest",
   "sellerName": "eToro Group Ltd.",
   "lifetime_rating": 4.39138,
   "lifetime_count": 9888,
   "current_version": "v651.1320.2",
   "current_version_date": "2026-08-28T11:36:01Z"
  },
  "velocity": {
   "status": "EMPTY",
   "detail": "no dated RSS reviews (empty feed)"
  },
  "play": {
   "status": "NO_PKG",
   "detail": "no play package known \u2014 pass extra.play_pkg"
  },
  "exact_cohort": {
   "status": "OK",
   "baseline_asof": "2026-09-03T11:10:47Z",
   "days": 3.9,
   "new_raters": 12,
   "raters_per_day": 3.1,
   "cohort_rating": null,
   "delta_vs_lifetime": null,
   "note": "only 12 new raters since baseline \u2014 below MIN_COHORT_N=15, cohort mean withheld as noise"
  }
 }
}

/Users/ajay/Library/Python/3.9/lib/python/site-packages/urllib3/__init__.py:35: NotOpenSSLWarning: urllib3 v2 only supports OpenSSL 1.1.1+, currently the 'ssl' module is compiled with 'LibreSSL 2.8.3'. See: https://github.com/urllib3/urllib3/issues/3020
  warnings.warn(

===== 2026-09-11 01:52 (desk) =====
[IBKR] vel=—/d cohort=— 1star=— exact=OK
[RDDT] vel=—/d cohort=— 1star=— exact=OK
[HOOD] vel=—/d cohort=— 1star=— exact=OK
[SOFI] vel=—/d cohort=— 1star=— exact=OK
[LMND] vel=—/d cohort=— 1star=— exact=OK
[ETOR] vel=—/d cohort=— 1star=— exact=OK
{
 "IBKR": {
  "ticker": "IBKR",
  "asof": "2026-09-11T08:52:29Z",
  "country": "us",
  "resolution": {
   "status": "RESOLVED",
   "itunes_id": 454558592,
   "trackName": "IBKR Mobile - Invest Worldwide",
   "sellerName": "Interactive Brokers LLC",
   "score": 3.0,
   "cached": "2026-08-16T16:06:41Z",
   "via": "cache"
  },
  "itunes_lookup": {
   "status": "OK",
   "trackName": "IBKR Mobile - Invest Worldwide",
   "sellerName": "Interactive Brokers LLC",
   "lifetime_rating": 4.4993,
   "lifetime_count": 11446,
   "current_version": "10.17",
   "current_version_date": "2026-08-20T14:01:07Z"
  },
  "velocity": {
   "status": "EMPTY",
   "detail": "no dated RSS reviews (empty feed)"
  },
  "play": {
   "status": "OK",
   "rating": 4.524844646453857,
   "count": 75198,
   "app_name": "IBKR Mobile",
   "parse": "ld+json",
   "pkg": "atws.app"
  },
  "exact_cohort": {
   "status": "OK",
   "baseline_asof": "2026-08-18T00:24:29Z",
   "days": 24.4,
   "new_raters": 80,
   "raters_per_day": 3.3,
   "cohort_rating": 4.54,
   "delta_vs_lifetime": 0.04,
   "note": null,
   "play_raters_per_day": 39.7
  }
 },
 "RDDT": {
  "ticker": "RDDT",
  "asof": "2026-09-11T08:52:30Z",
  "country": "us",
  "resolution": {
   "status": "RESOLVED",
   "itunes_id": 1064216828,
   "trackName": "Reddit",
   "sellerName": "REDDIT, INC.",
   "score": 3.0,
   "cached": "2026-08-16T16:06:53Z",
   "via": "cache"
  },
  "itunes_lookup": {
   "status": "OK",
   "trackName": "Reddit",
   "sellerName": "REDDIT, INC.",
   "lifetime_rating": 4.75602,
   "lifetime_count": 3496992,
   "current_version": "2026.36.0",
   "current_version_date": "2026-09-09T14:03:08Z"
  },
  "velocity": {
   "status": "EMPTY",
   "detail": "no dated RSS reviews (empty feed)"
  },
  "play": {
   "status": "OK",
   "rating": 4.566565990447998,
   "count": 4812863,
   "app_name": "Reddit",
   "parse": "ld+json",
   "pkg": "com.reddit.frontpage"
  },
  "exact_cohort": {
   "status": "OK",
   "baseline_asof": "2026-08-17T18:53:33Z",
   "days": 24.6,
   "new_raters": 18006,
   "raters_per_day": 732.5,
   "cohort_rating": 4.71,
   "delta_vs_lifetime": -0.05,
   "note": null,
   "play_raters_per_day": 1767.1
  }
 },
 "HOOD": {
  "ticker": "HOOD",
  "asof": "2026-09-11T08:52:31Z",
  "country": "us",
  "resolution": {
   "status": "RESOLVED",
   "itunes_id": 938003185,
   "trackName": "Robinhood: Trading & Investing",
   "sellerName": "Robinhood Markets Inc",
   "score": 3.0,
   "cached": "2026-08-16T16:07:02Z",
   "via": "cache"
  },
  "itunes_lookup": {
   "status": "OK",
   "trackName": "Robinhood: Trading & Investing",
   "sellerName": "Robinhood Markets Inc",
   "lifetime_rating": 4.29042,
   "lifetime_count": 4832108,
   "current_version": "2026.36.0",
   "current_version_date": "2026-09-08T19:04:41Z"
  },
  "velocity": {
   "status": "EMPTY",
   "detail": "no dated RSS reviews (empty feed)"
  },
  "play": {
   "status": "OK",
   "rating": 4.4704718589782715,
   "count": 561366,
   "app_name": "Robinhood: Trading \\u0026 Investing",
   "parse": "ld+json",
   "pkg": "com.robinhood.android"
  },
  "exact_cohort": {
   "status": "OK",
   "baseline_asof": "2026-08-17T16:11:22Z",
   "days": 24.7,
   "new_raters": 30081,
   "raters_per_day": 1218.1,
   "cohort_rating": 4.93,
   "delta_vs_lifetime": 0.64,
   "note": null,
   "play_raters_per_day": 1195.3
  }
 },
 "SOFI": {
  "ticker": "SOFI",
  "asof": "2026-09-11T08:52:33Z",
  "country": "us",
  "resolution": {
   "status": "RESOLVED",
   "itunes_id": 1191985736,
   "trackName": "SoFi: Bank, Invest & Crypto",
   "sellerName": "Social Finance, LLC",
   "score": 1.0,
   "cached": "2026-08-16T16:07:01Z",
   "via": "cache"
  },
  "seller_drift_flag": "lookup seller 'Social Finance, LLC' no longer matches hint 'SoFi' \u2014 verify before trusting",
  "itunes_lookup": {
   "status": "OK",
   "trackName": "SoFi: Bank, Invest & Crypto",
   "sellerName": "Social Finance, LLC",
   "lifetime_rating": 4.744,
   "lifetime_count": 385469,
   "current_version": "3.112.0",
   "current_version_date": "2026-09-05T01:18:03Z"
  },
  "velocity": {
   "status": "EMPTY",
   "detail": "no dated RSS reviews (empty feed)"
  },
  "play": {
   "status": "NO_PKG",
   "detail": "no play package known \u2014 pass extra.play_pkg"
  },
  "exact_cohort": {
   "status": "OK",
   "baseline_asof": "2026-08-17T16:11:24Z",
   "days": 24.7,
   "new_raters": -45,
   "raters_per_day": -1.8,
   "cohort_rating": null,
   "delta_vs_lifetime": null,
   "note": "only -45 new raters since baseline \u2014 below MIN_COHORT_N=15, cohort mean withheld as noise"
  }
 },
 "LMND": {
  "ticker": "LMND",
  "asof": "2026-09-11T08:52:34Z",
  "country": "us",
  "resolution": {
   "status": "RESOLVED",
   "itunes_id": 1055653645,
   "trackName": "Lemonade Insurance",
   "sellerName": "Lemonade Inc.",
   "score": 3.0,
   "cached": "2026-08-16T16:07:08Z",
   "via": "cache"
  },
  "itunes_lookup": {
   "status": "OK",
   "trackName": "Lemonade Insurance",
   "sellerName": "Lemonade Inc.",
   "lifetime_rating": 4.84551,
   "lifetime_count": 86024,
   "current_version": "9.54",
   "current_version_date": "2026-09-08T06:12:51Z"
  },
  "velocity": {
   "status": "EMPTY",
   "detail": "no dated RSS reviews (empty feed)"
  },
  "play": {
   "status": "NO_PKG",
   "detail": "no play package known \u2014 pass extra.play_pkg"
  },
  "exact_cohort": {
   "status": "OK",
   "baseline_asof": "2026-08-17T16:11:25Z",
   "days": 24.7,
   "new_raters": 52,
   "raters_per_day": 2.1,
   "cohort_rating": 3.41,
   "delta_vs_lifetime": -1.44,
   "note": null
  }
 },
 "ETOR": {
  "ticker": "ETOR",
  "asof": "2026-09-11T08:52:36Z",
  "country": "us",
  "resolution": {
   "status": "RESOLVED",
   "itunes_id": 674984916,
   "trackName": "etoro: Trade & Invest",
   "sellerName": "eToro Group Ltd.",
   "score": 3.0,
   "cached": "2026-08-16T16:07:10Z",
   "via": "cache"
  },
  "itunes_lookup": {
   "status": "OK",
   "trackName": "etoro: Trade & Invest",
   "sellerName": "eToro Group Ltd.",
   "lifetime_rating": 4.39165,
   "lifetime_count": 9889,
   "current_version": "v651.1323.6",
   "current_version_date": "2026-09-08T08:42:07Z"
  },
  "velocity": {
   "status": "EMPTY",
   "detail": "no dated RSS reviews (empty feed)"
  },
  "play": {
   "status": "NO_PKG",
   "detail": "no play package known \u2014 pass extra.play_pkg"
  },
  "exact_cohort": {
   "status": "OK",
   "baseline_asof": "2026-08-17T16:11:26Z",
   "days": 24.7,
   "new_raters": 55,
   "raters_per_day": 2.2,
   "cohort_rating": 4.8,
   "delta_vs_lifetime": 0.41,
   "note": null
  }
 }
}

/Users/ajay/Library/Python/3.9/lib/python/site-packages/urllib3/__init__.py:35: NotOpenSSLWarning: urllib3 v2 only supports OpenSSL 1.1.1+, currently the 'ssl' module is compiled with 'LibreSSL 2.8.3'. See: https://github.com/urllib3/urllib3/issues/3020
  warnings.warn(

===== 2026-09-11 01:58 (desk) =====
[IBKR] vel=—/d cohort=— 1star=— exact=OK
[RDDT] vel=1.67/d cohort=2.28 1star=0.54 exact=OK
[HOOD] vel=—/d cohort=— 1star=— exact=OK
[SOFI] vel=—/d cohort=— 1star=— exact=OK
[LMND] vel=—/d cohort=— 1star=— exact=OK
[ETOR] vel=—/d cohort=— 1star=— exact=OK
{
 "IBKR": {
  "ticker": "IBKR",
  "asof": "2026-09-11T08:58:17Z",
  "country": "us",
  "resolution": {
   "status": "RESOLVED",
   "itunes_id": 454558592,
   "trackName": "IBKR Mobile - Invest Worldwide",
   "sellerName": "Interactive Brokers LLC",
   "score": 3.0,
   "cached": "2026-08-16T16:06:41Z",
   "via": "cache"
  },
  "itunes_lookup": {
   "status": "OK",
   "trackName": "IBKR Mobile - Invest Worldwide",
   "sellerName": "Interactive Brokers LLC",
   "lifetime_rating": 4.4993,
   "lifetime_count": 11446,
   "current_version": "10.17",
   "current_version_date": "2026-08-20T14:01:07Z"
  },
  "velocity": {
   "status": "EMPTY",
   "detail": "no dated RSS reviews (empty feed)"
  },
  "play": {
   "status": "OK",
   "rating": 4.524844646453857,
   "count": 75198,
   "app_name": "IBKR Mobile",
   "parse": "ld+json",
   "pkg": "atws.app"
  },
  "exact_cohort": {
   "status": "OK",
   "baseline_asof": "2026-08-18T00:24:29Z",
   "days": 24.4,
   "new_raters": 80,
   "raters_per_day": 3.3,
   "cohort_rating": 4.54,
   "delta_vs_lifetime": 0.04,
   "note": null,
   "play_raters_per_day": 39.7
  }
 },
 "RDDT": {
  "ticker": "RDDT",
  "asof": "2026-09-11T08:58:18Z",
  "country": "us",
  "resolution": {
   "status": "RESOLVED",
   "itunes_id": 1064216828,
   "trackName": "Reddit",
   "sellerName": "REDDIT, INC.",
   "score": 3.0,
   "cached": "2026-08-16T16:06:53Z",
   "via": "cache"
  },
  "itunes_lookup": {
   "status": "OK",
   "trackName": "Reddit",
   "sellerName": "REDDIT, INC.",
   "lifetime_rating": 4.75602,
   "lifetime_count": 3496992,
   "current_version": "2026.36.0",
   "current_version_date": "2026-09-09T14:03:08Z"
  },
  "velocity": {
   "status": "OK",
   "reviews_7d": 50,
   "reviews_30d": 50,
   "per_day_7d": 7.14,
   "per_day_30d": 1.67,
   "window_covered": false,
   "floor_note": "RSS pagination exhausted at 2 pages spanning 2.7d \u2014 windowed counts are FLOORS; span rate 18.9/day is the honest velocity",
   "visible_cohort_avg": 2.28,
   "visible_cohort_n": 50,
   "one_star_share": 0.54,
   "version_release_recent": true,
   "caveat": "US storefront only; velocity measures PROMPTING as much as sentiment (MAUDE lesson) \u2014 a spike coincident with version_release_recent=True is an artifact candidate until the cohort rating confirms; a COLLAPSE has no prompt excuse and is the cleaner signal. POPULATION WARNING (calibrated 2026-08-16, first 6-name cross-section): visible_cohort_avg is WRITTEN reviews only, a structurally angrier population than the prompted-ratings-dominated lifetime mean \u2014 every tracked name reads 1.8-3.9 recent vs ~4.5+ lifetime. NEVER read visible-vs-lifetime as deterioration. Valid comparisons: this cohort vs ITS OWN history (velocity + rating over snapshots), name vs name within this channel, and the EXACT cohort delta below (same-population arithmetic)."
  },
  "play": {
   "status": "OK",
   "rating": 4.566565990447998,
   "count": 4812863,
   "app_name": "Reddit",
   "parse": "ld+json",
   "pkg": "com.reddit.frontpage"
  },
  "exact_cohort": {
   "status": "OK",
   "baseline_asof": "2026-08-17T18:53:33Z",
   "days": 24.6,
   "new_raters": 18006,
   "raters_per_day": 732.3,
   "cohort_rating": 4.71,
   "delta_vs_lifetime": -0.05,
   "note": null,
   "play_raters_per_day": 1766.9
  }
 },
 "HOOD": {
  "ticker": "HOOD",
  "asof": "2026-09-11T08:58:21Z",
  "country": "us",
  "resolution": {
   "status": "RESOLVED",
   "itunes_id": 938003185,
   "trackName": "Robinhood: Trading & Investing",
   "sellerName": "Robinhood Markets Inc",
   "score": 3.0,
   "cached": "2026-08-16T16:07:02Z",
   "via": "cache"
  },
  "itunes_lookup": {
   "status": "OK",
   "trackName": "Robinhood: Trading & Investing",
   "sellerName": "Robinhood Markets Inc",
   "lifetime_rating": 4.29042,
   "lifetime_count": 4832108,
   "current_version": "2026.36.0",
   "current_version_date": "2026-09-08T19:04:41Z"
  },
  "velocity": {
   "status": "EMPTY",
   "detail": "no dated RSS reviews (empty feed)"
  },
  "play": {
   "status": "OK",
   "rating": 4.4704718589782715,
   "count": 561366,
   "app_name": "Robinhood: Trading \\u0026 Investing",
   "parse": "ld+json",
   "pkg": "com.robinhood.android"
  },
  "exact_cohort": {
   "status": "OK",
   "baseline_asof": "2026-08-17T16:11:22Z",
   "days": 24.7,
   "new_raters": 30081,
   "raters_per_day": 1217.9,
   "cohort_rating": 4.93,
   "delta_vs_lifetime": 0.64,
   "note": null,
   "play_raters_per_day": 1195.1
  }
 },
 "SOFI": {
  "ticker": "SOFI",
  "asof": "2026-09-11T08:58:22Z",
  "country": "us",
  "resolution": {
   "status": "RESOLVED",
   "itunes_id": 1191985736,
   "trackName": "SoFi: Bank, Invest & Crypto",
   "sellerName": "Social Finance, LLC",
   "score": 1.0,
   "cached": "2026-08-16T16:07:01Z",
   "via": "cache"
  },
  "seller_drift_flag": "lookup seller 'Social Finance, LLC' no longer matches hint 'SoFi' \u2014 verify before trusting",
  "itunes_lookup": {
   "status": "OK",
   "trackName": "SoFi: Bank, Invest & Crypto",
   "sellerName": "Social Finance, LLC",
   "lifetime_rating": 4.744,
   "lifetime_count": 385469,
   "current_version": "3.112.0",
   "current_version_date": "2026-09-05T01:18:03Z"
  },
  "velocity": {
   "status": "EMPTY",
   "detail": "no dated RSS reviews (empty feed)"
  },
  "play": {
   "status": "NO_PKG",
   "detail": "no play package known \u2014 pass extra.play_pkg"
  },
  "exact_cohort": {
   "status": "OK",
   "baseline_asof": "2026-08-17T16:11:24Z",
   "days": 24.7,
   "new_raters": -45,
   "raters_per_day": -1.8,
   "cohort_rating": null,
   "delta_vs_lifetime": null,
   "note": "only -45 new raters since baseline \u2014 below MIN_COHORT_N=15, cohort mean withheld as noise"
  }
 },
 "LMND": {
  "ticker": "LMND",
  "asof": "2026-09-11T08:58:24Z",
  "country": "us",
  "resolution": {
   "status": "RESOLVED",
   "itunes_id": 1055653645,
   "trackName": "Lemonade Insurance",
   "sellerName": "Lemonade Inc.",
   "score": 3.0,
   "cached": "2026-08-16T16:07:08Z",
   "via": "cache"
  },
  "itunes_lookup": {
   "status": "OK",
   "trackName": "Lemonade Insurance",
   "sellerName": "Lemonade Inc.",
   "lifetime_rating": 4.84551,
   "lifetime_count": 86024,
   "current_version": "9.54",
   "current_version_date": "2026-09-08T06:12:51Z"
  },
  "velocity": {
   "status": "EMPTY",
   "detail": "no dated RSS reviews (empty feed)"
  },
  "play": {
   "status": "NO_PKG",
   "detail": "no play package known \u2014 pass extra.play_pkg"
  },
  "exact_cohort": {
   "status": "OK",
   "baseline_asof": "2026-08-17T16:11:25Z",
   "days": 24.7,
   "new_raters": 52,
   "raters_per_day": 2.1,
   "cohort_rating": 3.41,
   "delta_vs_lifetime": -1.44,
   "note": null
  }
 },
 "ETOR": {
  "ticker": "ETOR",
  "asof": "2026-09-11T08:58:25Z",
  "country": "us",
  "resolution": {
   "status": "RESOLVED",
   "itunes_id": 674984916,
   "trackName": "etoro: Trade & Invest",
   "sellerName": "eToro Group Ltd.",
   "score": 3.0,
   "cached": "2026-08-16T16:07:10Z",
   "via": "cache"
  },
  "itunes_lookup": {
   "status": "OK",
   "trackName": "etoro: Trade & Invest",
   "sellerName": "eToro Group Ltd.",
   "lifetime_rating": 4.39165,
   "lifetime_count": 9889,
   "current_version": "v651.1323.6",
   "current_version_date": "2026-09-08T08:42:07Z"
  },
  "velocity": {
   "status": "EMPTY",
   "detail": "no dated RSS reviews (empty feed)"
  },
  "play": {
   "status": "NO_PKG",
   "detail": "no play package known \u2014 pass extra.play_pkg"
  },
  "exact_cohort": {
   "status": "OK",
   "baseline_asof": "2026-08-17T16:11:26Z",
   "days": 24.7,
   "new_raters": 55,
   "raters_per_day": 2.2,
   "cohort_rating": 4.8,
   "delta_vs_lifetime": 0.41,
   "note": null
  }
 }
}

/Users/ajay/Library/Python/3.9/lib/python/site-packages/urllib3/__init__.py:35: NotOpenSSLWarning: urllib3 v2 only supports OpenSSL 1.1.1+, currently the 'ssl' module is compiled with 'LibreSSL 2.8.3'. See: https://github.com/urllib3/urllib3/issues/3020
  warnings.warn(
