
===== 2026-07-29 11:30 (desk) =====
[band_watch] 190/193 bands priced, none touched

/Users/ajay/Library/Python/3.9/lib/python/site-packages/urllib3/__init__.py:35: NotOpenSSLWarning: urllib3 v2 only supports OpenSSL 1.1.1+, currently the 'ssl' module is compiled with 'LibreSSL 2.8.3'. See: https://github.com/urllib3/urllib3/issues/3020
  warnings.warn(
HTTP Error 404: {"quoteSummary":{"result":null,"error":{"code":"Not Found","description":"Quote not found for symbol: 5595.T"}}}
$5595.T: possibly delisted; no price data found  (period=5d) (Yahoo error = "No data found, symbol may be delisted")
$JMKE: possibly delisted; no price data found  (period=5d) (Yahoo error = "No data found, symbol may be delisted")

===== 2026-07-29 12:37 (desk) =====
[band_watch] FIRE: PL 19.92 <= band 20.00 — WATCH band touched; review the record before staging

/Users/ajay/Library/Python/3.9/lib/python/site-packages/urllib3/__init__.py:35: NotOpenSSLWarning: urllib3 v2 only supports OpenSSL 1.1.1+, currently the 'ssl' module is compiled with 'LibreSSL 2.8.3'. See: https://github.com/urllib3/urllib3/issues/3020
  warnings.warn(
HTTP Error 404: {"quoteSummary":{"result":null,"error":{"code":"Not Found","description":"Quote not found for symbol: 5595.T"}}}
$5595.T: possibly delisted; no price data found  (period=5d) (Yahoo error = "No data found, symbol may be delisted")
$JMKE: possibly delisted; no price data found  (period=5d) (Yahoo error = "No data found, symbol may be delisted")

===== 2026-07-29 14:35 (desk) =====
[band_watch] FIRE: 034730 489,000.00 <= band 500,000.00 — WATCH band touched; review the record before staging
[band_watch] FIRE: QCOM 155.68 <= band 157.00 — WATCH band touched; review the record before staging

/Users/ajay/Library/Python/3.9/lib/python/site-packages/urllib3/__init__.py:35: NotOpenSSLWarning: urllib3 v2 only supports OpenSSL 1.1.1+, currently the 'ssl' module is compiled with 'LibreSSL 2.8.3'. See: https://github.com/urllib3/urllib3/issues/3020
  warnings.warn(
HTTP Error 404: {"quoteSummary":{"result":null,"error":{"code":"Not Found","description":"Quote not found for symbol: 5595.T"}}}
$5595.T: possibly delisted; no price data found  (period=5d) (Yahoo error = "No data found, symbol may be delisted")
$JMKE: possibly delisted; no price data found  (period=5d) (Yahoo error = "No data found, symbol may be delisted")

===== 2026-07-29 16:34 (desk) =====
[band_watch] 194/197 bands priced, none touched

/Users/ajay/Library/Python/3.9/lib/python/site-packages/urllib3/__init__.py:35: NotOpenSSLWarning: urllib3 v2 only supports OpenSSL 1.1.1+, currently the 'ssl' module is compiled with 'LibreSSL 2.8.3'. See: https://github.com/urllib3/urllib3/issues/3020
  warnings.warn(
HTTP Error 404: {"quoteSummary":{"result":null,"error":{"code":"Not Found","description":"Quote not found for symbol: 5595.T"}}}
$5595.T: possibly delisted; no price data found  (period=5d) (Yahoo error = "No data found, symbol may be delisted")
$JMKE: possibly delisted; no price data found  (period=5d) (Yahoo error = "No data found, symbol may be delisted")

===== 2026-07-29 18:35 (desk) =====
[band_watch] 198/201 bands priced, none touched

/Users/ajay/Library/Python/3.9/lib/python/site-packages/urllib3/__init__.py:35: NotOpenSSLWarning: urllib3 v2 only supports OpenSSL 1.1.1+, currently the 'ssl' module is compiled with 'LibreSSL 2.8.3'. See: https://github.com/urllib3/urllib3/issues/3020
  warnings.warn(
HTTP Error 404: {"quoteSummary":{"result":null,"error":{"code":"Not Found","description":"Quote not found for symbol: 5595.T"}}}
$5595.T: possibly delisted; no price data found  (period=5d) (Yahoo error = "No data found, symbol may be delisted")
$JMKE: possibly delisted; no price data found  (period=5d) (Yahoo error = "No data found, symbol may be delisted")

===== 2026-07-29 20:35 (desk) =====
[band_watch] 198/201 bands priced, none touched

/Users/ajay/Library/Python/3.9/lib/python/site-packages/urllib3/__init__.py:35: NotOpenSSLWarning: urllib3 v2 only supports OpenSSL 1.1.1+, currently the 'ssl' module is compiled with 'LibreSSL 2.8.3'. See: https://github.com/urllib3/urllib3/issues/3020
  warnings.warn(
HTTP Error 404: {"quoteSummary":{"result":null,"error":{"code":"Not Found","description":"Quote not found for symbol: 5595.T"}}}
$5595.T: possibly delisted; no price data found  (period=5d) (Yahoo error = "No data found, symbol may be delisted")
$JMKE: possibly delisted; no price data found  (period=5d) (Yahoo error = "No data found, symbol may be delisted")

===== 2026-07-29 22:35 (desk) =====
[band_watch] 198/201 bands priced, none touched

/Users/ajay/Library/Python/3.9/lib/python/site-packages/urllib3/__init__.py:35: NotOpenSSLWarning: urllib3 v2 only supports OpenSSL 1.1.1+, currently the 'ssl' module is compiled with 'LibreSSL 2.8.3'. See: https://github.com/urllib3/urllib3/issues/3020
  warnings.warn(
HTTP Error 404: {"quoteSummary":{"result":null,"error":{"code":"Not Found","description":"Quote not found for symbol: 5595.T"}}}
$5595.T: possibly delisted; no price data found  (period=5d) (Yahoo error = "No data found, symbol may be delisted")
$JMKE: possibly delisted; no price data found  (period=5d) (Yahoo error = "No data found, symbol may be delisted")

===== 2026-07-30 00:35 (desk) =====
[band_watch] 198/201 bands priced, none touched

/Users/ajay/Library/Python/3.9/lib/python/site-packages/urllib3/__init__.py:35: NotOpenSSLWarning: urllib3 v2 only supports OpenSSL 1.1.1+, currently the 'ssl' module is compiled with 'LibreSSL 2.8.3'. See: https://github.com/urllib3/urllib3/issues/3020
  warnings.warn(
HTTP Error 404: {"quoteSummary":{"result":null,"error":{"code":"Not Found","description":"Quote not found for symbol: 5595.T"}}}
$5595.T: possibly delisted; no price data found  (period=5d) (Yahoo error = "No data found, symbol may be delisted")
$JMKE: possibly delisted; no price data found  (period=5d) (Yahoo error = "No data found, symbol may be delisted")

===== 2026-07-30 02:35 (desk) =====
[band_watch] 198/201 bands priced, none touched

/Users/ajay/Library/Python/3.9/lib/python/site-packages/urllib3/__init__.py:35: NotOpenSSLWarning: urllib3 v2 only supports OpenSSL 1.1.1+, currently the 'ssl' module is compiled with 'LibreSSL 2.8.3'. See: https://github.com/urllib3/urllib3/issues/3020
  warnings.warn(
HTTP Error 404: {"quoteSummary":{"result":null,"error":{"code":"Not Found","description":"Quote not found for symbol: 5595.T"}}}
$5595.T: possibly delisted; no price data found  (period=5d) (Yahoo error = "No data found, symbol may be delisted")
$JMKE: possibly delisted; no price data found  (period=5d) (Yahoo error = "No data found, symbol may be delisted")

===== 2026-07-30 04:35 (desk) =====
[band_watch] 198/201 bands priced, none touched

/Users/ajay/Library/Python/3.9/lib/python/site-packages/urllib3/__init__.py:35: NotOpenSSLWarning: urllib3 v2 only supports OpenSSL 1.1.1+, currently the 'ssl' module is compiled with 'LibreSSL 2.8.3'. See: https://github.com/urllib3/urllib3/issues/3020
  warnings.warn(
HTTP Error 404: {"quoteSummary":{"result":null,"error":{"code":"Not Found","description":"Quote not found for symbol: 5595.T"}}}
$5595.T: possibly delisted; no price data found  (period=5d) (Yahoo error = "No data found, symbol may be delisted")
$JMKE: possibly delisted; no price data found  (period=5d) (Yahoo error = "No data found, symbol may be delisted")

===== 2026-07-30 06:35 (desk) =====
[band_watch] FIRE: CROX 117.05 <= band 120.00 — WATCH band touched; review the record before staging

/Users/ajay/Library/Python/3.9/lib/python/site-packages/urllib3/__init__.py:35: NotOpenSSLWarning: urllib3 v2 only supports OpenSSL 1.1.1+, currently the 'ssl' module is compiled with 'LibreSSL 2.8.3'. See: https://github.com/urllib3/urllib3/issues/3020
  warnings.warn(
HTTP Error 404: {"quoteSummary":{"result":null,"error":{"code":"Not Found","description":"Quote not found for symbol: 5595.T"}}}
$5595.T: possibly delisted; no price data found  (period=5d) (Yahoo error = "No data found, symbol may be delisted")
$JMKE: possibly delisted; no price data found  (period=5d) (Yahoo error = "No data found, symbol may be delisted")

===== 2026-07-30 08:36 (desk) =====
[band_watch] 199/201 bands priced, none touched

/Users/ajay/Library/Python/3.9/lib/python/site-packages/urllib3/__init__.py:35: NotOpenSSLWarning: urllib3 v2 only supports OpenSSL 1.1.1+, currently the 'ssl' module is compiled with 'LibreSSL 2.8.3'. See: https://github.com/urllib3/urllib3/issues/3020
  warnings.warn(
HTTP Error 404: {"quoteSummary":{"result":null,"error":{"code":"Not Found","description":"Quote not found for symbol: 5595.T"}}}
$5595.T: possibly delisted; no price data found  (period=5d) (Yahoo error = "No data found, symbol may be delisted")

===== 2026-07-30 10:35 (desk) =====
[band_watch] 199/201 bands priced, none touched

/Users/ajay/Library/Python/3.9/lib/python/site-packages/urllib3/__init__.py:35: NotOpenSSLWarning: urllib3 v2 only supports OpenSSL 1.1.1+, currently the 'ssl' module is compiled with 'LibreSSL 2.8.3'. See: https://github.com/urllib3/urllib3/issues/3020
  warnings.warn(
HTTP Error 404: {"quoteSummary":{"result":null,"error":{"code":"Not Found","description":"Quote not found for symbol: 5595.T"}}}
$5595.T: possibly delisted; no price data found  (period=5d) (Yahoo error = "No data found, symbol may be delisted")

===== 2026-07-30 12:35 (desk) =====
[band_watch] 201/203 bands priced, none touched

/Users/ajay/Library/Python/3.9/lib/python/site-packages/urllib3/__init__.py:35: NotOpenSSLWarning: urllib3 v2 only supports OpenSSL 1.1.1+, currently the 'ssl' module is compiled with 'LibreSSL 2.8.3'. See: https://github.com/urllib3/urllib3/issues/3020
  warnings.warn(
HTTP Error 404: {"quoteSummary":{"result":null,"error":{"code":"Not Found","description":"Quote not found for symbol: 5595.T"}}}
$5595.T: possibly delisted; no price data found  (period=5d) (Yahoo error = "No data found, symbol may be delisted")

===== 2026-07-30 14:35 (desk) =====
[band_watch] 202/204 bands priced, none touched

/Users/ajay/Library/Python/3.9/lib/python/site-packages/urllib3/__init__.py:35: NotOpenSSLWarning: urllib3 v2 only supports OpenSSL 1.1.1+, currently the 'ssl' module is compiled with 'LibreSSL 2.8.3'. See: https://github.com/urllib3/urllib3/issues/3020
  warnings.warn(
HTTP Error 404: {"quoteSummary":{"result":null,"error":{"code":"Not Found","description":"Quote not found for symbol: 5595.T"}}}
$5595.T: possibly delisted; no price data found  (period=5d) (Yahoo error = "No data found, symbol may be delisted")

===== 2026-07-30 16:35 (desk) =====
[band_watch] 202/204 bands priced, none touched

/Users/ajay/Library/Python/3.9/lib/python/site-packages/urllib3/__init__.py:35: NotOpenSSLWarning: urllib3 v2 only supports OpenSSL 1.1.1+, currently the 'ssl' module is compiled with 'LibreSSL 2.8.3'. See: https://github.com/urllib3/urllib3/issues/3020
  warnings.warn(
HTTP Error 404: {"quoteSummary":{"result":null,"error":{"code":"Not Found","description":"Quote not found for symbol: 5595.T"}}}
$5595.T: possibly delisted; no price data found  (period=5d) (Yahoo error = "No data found, symbol may be delisted")

===== 2026-07-30 18:34 (desk) =====
[band_watch] 0/207 bands priced, none touched

/Users/ajay/Library/Python/3.9/lib/python/site-packages/urllib3/__init__.py:35: NotOpenSSLWarning: urllib3 v2 only supports OpenSSL 1.1.1+, currently the 'ssl' module is compiled with 'LibreSSL 2.8.3'. See: https://github.com/urllib3/urllib3/issues/3020
  warnings.warn(

===== 2026-07-30 20:35 (desk) =====
[band_watch] 205/207 bands priced, none touched

/Users/ajay/Library/Python/3.9/lib/python/site-packages/urllib3/__init__.py:35: NotOpenSSLWarning: urllib3 v2 only supports OpenSSL 1.1.1+, currently the 'ssl' module is compiled with 'LibreSSL 2.8.3'. See: https://github.com/urllib3/urllib3/issues/3020
  warnings.warn(
HTTP Error 404: {"quoteSummary":{"result":null,"error":{"code":"Not Found","description":"Quote not found for symbol: 5595.T"}}}
$5595.T: possibly delisted; no price data found  (period=5d) (Yahoo error = "No data found, symbol may be delisted")

===== 2026-07-30 22:35 (desk) =====
[band_watch] 205/207 bands priced, none touched

/Users/ajay/Library/Python/3.9/lib/python/site-packages/urllib3/__init__.py:35: NotOpenSSLWarning: urllib3 v2 only supports OpenSSL 1.1.1+, currently the 'ssl' module is compiled with 'LibreSSL 2.8.3'. See: https://github.com/urllib3/urllib3/issues/3020
  warnings.warn(
HTTP Error 404: {"quoteSummary":{"result":null,"error":{"code":"Not Found","description":"Quote not found for symbol: 5595.T"}}}
$5595.T: possibly delisted; no price data found  (period=5d) (Yahoo error = "No data found, symbol may be delisted")

===== 2026-07-31 00:34 (desk) =====
[band_watch] 0/207 bands priced, none touched

/Users/ajay/Library/Python/3.9/lib/python/site-packages/urllib3/__init__.py:35: NotOpenSSLWarning: urllib3 v2 only supports OpenSSL 1.1.1+, currently the 'ssl' module is compiled with 'LibreSSL 2.8.3'. See: https://github.com/urllib3/urllib3/issues/3020
  warnings.warn(

===== 2026-07-31 02:34 (desk) =====
[band_watch] 0/207 bands priced, none touched

/Users/ajay/Library/Python/3.9/lib/python/site-packages/urllib3/__init__.py:35: NotOpenSSLWarning: urllib3 v2 only supports OpenSSL 1.1.1+, currently the 'ssl' module is compiled with 'LibreSSL 2.8.3'. See: https://github.com/urllib3/urllib3/issues/3020
  warnings.warn(

===== 2026-07-31 04:34 (desk) =====
[band_watch] 0/207 bands priced, none touched

/Users/ajay/Library/Python/3.9/lib/python/site-packages/urllib3/__init__.py:35: NotOpenSSLWarning: urllib3 v2 only supports OpenSSL 1.1.1+, currently the 'ssl' module is compiled with 'LibreSSL 2.8.3'. See: https://github.com/urllib3/urllib3/issues/3020
  warnings.warn(

===== 2026-07-31 06:35 (desk) =====
[band_watch] 205/207 bands priced, none touched

/Users/ajay/Library/Python/3.9/lib/python/site-packages/urllib3/__init__.py:35: NotOpenSSLWarning: urllib3 v2 only supports OpenSSL 1.1.1+, currently the 'ssl' module is compiled with 'LibreSSL 2.8.3'. See: https://github.com/urllib3/urllib3/issues/3020
  warnings.warn(
HTTP Error 404: {"quoteSummary":{"result":null,"error":{"code":"Not Found","description":"Quote not found for symbol: 5595.T"}}}
$5595.T: possibly delisted; no price data found  (period=5d) (Yahoo error = "No data found, symbol may be delisted")

===== 2026-07-31 08:35 (desk) =====
[band_watch] 205/207 bands priced, none touched

/Users/ajay/Library/Python/3.9/lib/python/site-packages/urllib3/__init__.py:35: NotOpenSSLWarning: urllib3 v2 only supports OpenSSL 1.1.1+, currently the 'ssl' module is compiled with 'LibreSSL 2.8.3'. See: https://github.com/urllib3/urllib3/issues/3020
  warnings.warn(
HTTP Error 404: {"quoteSummary":{"result":null,"error":{"code":"Not Found","description":"Quote not found for symbol: 5595.T"}}}
$5595.T: possibly delisted; no price data found  (period=5d) (Yahoo error = "No data found, symbol may be delisted")

===== 2026-07-31 10:48 (desk) =====
[band_watch] 205/207 bands priced, none touched

/Users/ajay/Library/Python/3.9/lib/python/site-packages/urllib3/__init__.py:35: NotOpenSSLWarning: urllib3 v2 only supports OpenSSL 1.1.1+, currently the 'ssl' module is compiled with 'LibreSSL 2.8.3'. See: https://github.com/urllib3/urllib3/issues/3020
  warnings.warn(
HTTP Error 404: {"quoteSummary":{"result":null,"error":{"code":"Not Found","description":"Quote not found for symbol: 5595.T"}}}
$5595.T: possibly delisted; no price data found  (period=5d) (Yahoo error = "No data found, symbol may be delisted")

===== 2026-07-31 12:35 (desk) =====
[band_watch] 210/212 bands priced, none touched

/Users/ajay/Library/Python/3.9/lib/python/site-packages/urllib3/__init__.py:35: NotOpenSSLWarning: urllib3 v2 only supports OpenSSL 1.1.1+, currently the 'ssl' module is compiled with 'LibreSSL 2.8.3'. See: https://github.com/urllib3/urllib3/issues/3020
  warnings.warn(
HTTP Error 404: {"quoteSummary":{"result":null,"error":{"code":"Not Found","description":"Quote not found for symbol: 5595.T"}}}
$5595.T: possibly delisted; no price data found  (period=5d) (Yahoo error = "No data found, symbol may be delisted")

===== 2026-07-31 14:35 (desk) =====
[band_watch] 210/212 bands priced, none touched

/Users/ajay/Library/Python/3.9/lib/python/site-packages/urllib3/__init__.py:35: NotOpenSSLWarning: urllib3 v2 only supports OpenSSL 1.1.1+, currently the 'ssl' module is compiled with 'LibreSSL 2.8.3'. See: https://github.com/urllib3/urllib3/issues/3020
  warnings.warn(
HTTP Error 404: {"quoteSummary":{"result":null,"error":{"code":"Not Found","description":"Quote not found for symbol: 5595.T"}}}
$5595.T: possibly delisted; no price data found  (period=5d) (Yahoo error = "No data found, symbol may be delisted")

===== 2026-07-31 16:35 (desk) =====
[band_watch] 210/212 bands priced, none touched

/Users/ajay/Library/Python/3.9/lib/python/site-packages/urllib3/__init__.py:35: NotOpenSSLWarning: urllib3 v2 only supports OpenSSL 1.1.1+, currently the 'ssl' module is compiled with 'LibreSSL 2.8.3'. See: https://github.com/urllib3/urllib3/issues/3020
  warnings.warn(
HTTP Error 404: {"quoteSummary":{"result":null,"error":{"code":"Not Found","description":"Quote not found for symbol: 5595.T"}}}
$5595.T: possibly delisted; no price data found  (period=5d) (Yahoo error = "No data found, symbol may be delisted")

===== 2026-07-31 18:34 (desk) =====
[band_watch] 210/212 bands priced, none touched

/Users/ajay/Library/Python/3.9/lib/python/site-packages/urllib3/__init__.py:35: NotOpenSSLWarning: urllib3 v2 only supports OpenSSL 1.1.1+, currently the 'ssl' module is compiled with 'LibreSSL 2.8.3'. See: https://github.com/urllib3/urllib3/issues/3020
  warnings.warn(
HTTP Error 404: {"quoteSummary":{"result":null,"error":{"code":"Not Found","description":"Quote not found for symbol: 5595.T"}}}
$5595.T: possibly delisted; no price data found  (period=5d) (Yahoo error = "No data found, symbol may be delisted")

===== 2026-07-31 20:34 (desk) =====
[band_watch] 210/212 bands priced, none touched

/Users/ajay/Library/Python/3.9/lib/python/site-packages/urllib3/__init__.py:35: NotOpenSSLWarning: urllib3 v2 only supports OpenSSL 1.1.1+, currently the 'ssl' module is compiled with 'LibreSSL 2.8.3'. See: https://github.com/urllib3/urllib3/issues/3020
  warnings.warn(
HTTP Error 404: {"quoteSummary":{"result":null,"error":{"code":"Not Found","description":"Quote not found for symbol: 5595.T"}}}
$5595.T: possibly delisted; no price data found  (period=5d) (Yahoo error = "No data found, symbol may be delisted")

===== 2026-07-31 22:35 (desk) =====
[band_watch] 0/212 bands priced, none touched

/Users/ajay/Library/Python/3.9/lib/python/site-packages/urllib3/__init__.py:35: NotOpenSSLWarning: urllib3 v2 only supports OpenSSL 1.1.1+, currently the 'ssl' module is compiled with 'LibreSSL 2.8.3'. See: https://github.com/urllib3/urllib3/issues/3020
  warnings.warn(

===== 2026-08-03 00:55 (desk) =====
[band_watch] 211/213 bands priced, none touched

/Users/ajay/Library/Python/3.9/lib/python/site-packages/urllib3/__init__.py:35: NotOpenSSLWarning: urllib3 v2 only supports OpenSSL 1.1.1+, currently the 'ssl' module is compiled with 'LibreSSL 2.8.3'. See: https://github.com/urllib3/urllib3/issues/3020
  warnings.warn(
HTTP Error 404: {"quoteSummary":{"result":null,"error":{"code":"Not Found","description":"Quote not found for symbol: 5595.T"}}}
$5595.T: possibly delisted; no price data found  (period=5d) (Yahoo error = "No data found, symbol may be delisted")

===== 2026-08-03 02:34 (desk) =====
[band_watch] 0/218 bands priced, none touched

/Users/ajay/Library/Python/3.9/lib/python/site-packages/urllib3/__init__.py:35: NotOpenSSLWarning: urllib3 v2 only supports OpenSSL 1.1.1+, currently the 'ssl' module is compiled with 'LibreSSL 2.8.3'. See: https://github.com/urllib3/urllib3/issues/3020
  warnings.warn(

===== 2026-08-03 04:34 (desk) =====
[band_watch] 0/218 bands priced, none touched

/Users/ajay/Library/Python/3.9/lib/python/site-packages/urllib3/__init__.py:35: NotOpenSSLWarning: urllib3 v2 only supports OpenSSL 1.1.1+, currently the 'ssl' module is compiled with 'LibreSSL 2.8.3'. See: https://github.com/urllib3/urllib3/issues/3020
  warnings.warn(

===== 2026-08-03 06:35 (desk) =====
[band_watch] FIRE: PL 19.98 <= band 20.00 — WATCH band touched; review the record before staging

/Users/ajay/Library/Python/3.9/lib/python/site-packages/urllib3/__init__.py:35: NotOpenSSLWarning: urllib3 v2 only supports OpenSSL 1.1.1+, currently the 'ssl' module is compiled with 'LibreSSL 2.8.3'. See: https://github.com/urllib3/urllib3/issues/3020
  warnings.warn(
HTTP Error 404: {"quoteSummary":{"result":null,"error":{"code":"Not Found","description":"Quote not found for symbol: 5595.T"}}}
$5595.T: possibly delisted; no price data found  (period=5d) (Yahoo error = "No data found, symbol may be delisted")

===== 2026-08-03 08:35 (desk) =====
[band_watch] 0/218 bands priced, none touched

/Users/ajay/Library/Python/3.9/lib/python/site-packages/urllib3/__init__.py:35: NotOpenSSLWarning: urllib3 v2 only supports OpenSSL 1.1.1+, currently the 'ssl' module is compiled with 'LibreSSL 2.8.3'. See: https://github.com/urllib3/urllib3/issues/3020
  warnings.warn(

===== 2026-08-03 10:35 (desk) =====
[band_watch] 216/218 bands priced, none touched

/Users/ajay/Library/Python/3.9/lib/python/site-packages/urllib3/__init__.py:35: NotOpenSSLWarning: urllib3 v2 only supports OpenSSL 1.1.1+, currently the 'ssl' module is compiled with 'LibreSSL 2.8.3'. See: https://github.com/urllib3/urllib3/issues/3020
  warnings.warn(
HTTP Error 404: {"quoteSummary":{"result":null,"error":{"code":"Not Found","description":"Quote not found for symbol: 5595.T"}}}
$5595.T: possibly delisted; no price data found  (period=5d) (Yahoo error = "No data found, symbol may be delisted")

===== 2026-08-03 12:36 (desk) =====
[band_watch] 216/218 bands priced, none touched

/Users/ajay/Library/Python/3.9/lib/python/site-packages/urllib3/__init__.py:35: NotOpenSSLWarning: urllib3 v2 only supports OpenSSL 1.1.1+, currently the 'ssl' module is compiled with 'LibreSSL 2.8.3'. See: https://github.com/urllib3/urllib3/issues/3020
  warnings.warn(
HTTP Error 404: {"quoteSummary":{"result":null,"error":{"code":"Not Found","description":"Quote not found for symbol: 5595.T"}}}
$5595.T: possibly delisted; no price data found  (period=5d) (Yahoo error = "No data found, symbol may be delisted")

===== 2026-08-03 14:36 (desk) =====
[band_watch] 216/218 bands priced, none touched

/Users/ajay/Library/Python/3.9/lib/python/site-packages/urllib3/__init__.py:35: NotOpenSSLWarning: urllib3 v2 only supports OpenSSL 1.1.1+, currently the 'ssl' module is compiled with 'LibreSSL 2.8.3'. See: https://github.com/urllib3/urllib3/issues/3020
  warnings.warn(
HTTP Error 404: {"quoteSummary":{"result":null,"error":{"code":"Not Found","description":"Quote not found for symbol: 5595.T"}}}
$5595.T: possibly delisted; no price data found  (period=5d) (Yahoo error = "No data found, symbol may be delisted")

===== 2026-08-03 16:35 (desk) =====
[band_watch] 0/227 bands priced, none touched

/Users/ajay/Library/Python/3.9/lib/python/site-packages/urllib3/__init__.py:35: NotOpenSSLWarning: urllib3 v2 only supports OpenSSL 1.1.1+, currently the 'ssl' module is compiled with 'LibreSSL 2.8.3'. See: https://github.com/urllib3/urllib3/issues/3020
  warnings.warn(

===== 2026-08-03 18:35 (desk) =====
[band_watch] 0/227 bands priced, none touched

/Users/ajay/Library/Python/3.9/lib/python/site-packages/urllib3/__init__.py:35: NotOpenSSLWarning: urllib3 v2 only supports OpenSSL 1.1.1+, currently the 'ssl' module is compiled with 'LibreSSL 2.8.3'. See: https://github.com/urllib3/urllib3/issues/3020
  warnings.warn(

===== 2026-08-03 20:35 (desk) =====
[band_watch] 0/227 bands priced, none touched

/Users/ajay/Library/Python/3.9/lib/python/site-packages/urllib3/__init__.py:35: NotOpenSSLWarning: urllib3 v2 only supports OpenSSL 1.1.1+, currently the 'ssl' module is compiled with 'LibreSSL 2.8.3'. See: https://github.com/urllib3/urllib3/issues/3020
  warnings.warn(

===== 2026-08-03 22:35 (desk) =====
[band_watch] 0/227 bands priced, none touched

/Users/ajay/Library/Python/3.9/lib/python/site-packages/urllib3/__init__.py:35: NotOpenSSLWarning: urllib3 v2 only supports OpenSSL 1.1.1+, currently the 'ssl' module is compiled with 'LibreSSL 2.8.3'. See: https://github.com/urllib3/urllib3/issues/3020
  warnings.warn(

===== 2026-08-04 00:37 (desk) =====
[band_watch] FIRE: KER.PA 281.45 <= band 282.00 — WATCH band touched; review the record before staging

/Users/ajay/Library/Python/3.9/lib/python/site-packages/urllib3/__init__.py:35: NotOpenSSLWarning: urllib3 v2 only supports OpenSSL 1.1.1+, currently the 'ssl' module is compiled with 'LibreSSL 2.8.3'. See: https://github.com/urllib3/urllib3/issues/3020
  warnings.warn(
HTTP Error 404: {"quoteSummary":{"result":null,"error":{"code":"Not Found","description":"Quote not found for symbol: 5595.T"}}}
$5595.T: possibly delisted; no price data found  (period=5d) (Yahoo error = "No data found, symbol may be delisted")

===== 2026-08-04 02:34 (desk) =====
[band_watch] 0/227 bands priced, none touched

/Users/ajay/Library/Python/3.9/lib/python/site-packages/urllib3/__init__.py:35: NotOpenSSLWarning: urllib3 v2 only supports OpenSSL 1.1.1+, currently the 'ssl' module is compiled with 'LibreSSL 2.8.3'. See: https://github.com/urllib3/urllib3/issues/3020
  warnings.warn(

===== 2026-08-04 04:34 (desk) =====
[band_watch] 0/227 bands priced, none touched

/Users/ajay/Library/Python/3.9/lib/python/site-packages/urllib3/__init__.py:35: NotOpenSSLWarning: urllib3 v2 only supports OpenSSL 1.1.1+, currently the 'ssl' module is compiled with 'LibreSSL 2.8.3'. See: https://github.com/urllib3/urllib3/issues/3020
  warnings.warn(

===== 2026-08-04 06:35 (desk) =====
[band_watch] 0/227 bands priced, none touched

/Users/ajay/Library/Python/3.9/lib/python/site-packages/urllib3/__init__.py:35: NotOpenSSLWarning: urllib3 v2 only supports OpenSSL 1.1.1+, currently the 'ssl' module is compiled with 'LibreSSL 2.8.3'. See: https://github.com/urllib3/urllib3/issues/3020
  warnings.warn(

===== 2026-08-04 08:35 (desk) =====
[band_watch] 0/227 bands priced, none touched

/Users/ajay/Library/Python/3.9/lib/python/site-packages/urllib3/__init__.py:35: NotOpenSSLWarning: urllib3 v2 only supports OpenSSL 1.1.1+, currently the 'ssl' module is compiled with 'LibreSSL 2.8.3'. See: https://github.com/urllib3/urllib3/issues/3020
  warnings.warn(

===== 2026-08-04 10:44 (desk) =====
[band_watch] 225/227 bands priced, none touched

/Users/ajay/Library/Python/3.9/lib/python/site-packages/urllib3/__init__.py:35: NotOpenSSLWarning: urllib3 v2 only supports OpenSSL 1.1.1+, currently the 'ssl' module is compiled with 'LibreSSL 2.8.3'. See: https://github.com/urllib3/urllib3/issues/3020
  warnings.warn(
HTTP Error 404: {"quoteSummary":{"result":null,"error":{"code":"Not Found","description":"Quote not found for symbol: 5595.T"}}}
$5595.T: possibly delisted; no price data found  (period=5d) (Yahoo error = "No data found, symbol may be delisted")

===== 2026-08-04 12:36 (desk) =====
[band_watch] 0/230 bands priced, none touched

/Users/ajay/Library/Python/3.9/lib/python/site-packages/urllib3/__init__.py:35: NotOpenSSLWarning: urllib3 v2 only supports OpenSSL 1.1.1+, currently the 'ssl' module is compiled with 'LibreSSL 2.8.3'. See: https://github.com/urllib3/urllib3/issues/3020
  warnings.warn(

===== 2026-08-04 14:36 (desk) =====
[band_watch] 0/230 bands priced, none touched

/Users/ajay/Library/Python/3.9/lib/python/site-packages/urllib3/__init__.py:35: NotOpenSSLWarning: urllib3 v2 only supports OpenSSL 1.1.1+, currently the 'ssl' module is compiled with 'LibreSSL 2.8.3'. See: https://github.com/urllib3/urllib3/issues/3020
  warnings.warn(

===== 2026-08-04 16:35 (desk) =====
[band_watch] 0/230 bands priced, none touched

/Users/ajay/Library/Python/3.9/lib/python/site-packages/urllib3/__init__.py:35: NotOpenSSLWarning: urllib3 v2 only supports OpenSSL 1.1.1+, currently the 'ssl' module is compiled with 'LibreSSL 2.8.3'. See: https://github.com/urllib3/urllib3/issues/3020
  warnings.warn(

===== 2026-08-04 18:34 (desk) =====
[band_watch] 0/230 bands priced, none touched

/Users/ajay/Library/Python/3.9/lib/python/site-packages/urllib3/__init__.py:35: NotOpenSSLWarning: urllib3 v2 only supports OpenSSL 1.1.1+, currently the 'ssl' module is compiled with 'LibreSSL 2.8.3'. See: https://github.com/urllib3/urllib3/issues/3020
  warnings.warn(

===== 2026-08-04 20:35 (desk) =====
[band_watch] 0/230 bands priced, none touched

/Users/ajay/Library/Python/3.9/lib/python/site-packages/urllib3/__init__.py:35: NotOpenSSLWarning: urllib3 v2 only supports OpenSSL 1.1.1+, currently the 'ssl' module is compiled with 'LibreSSL 2.8.3'. See: https://github.com/urllib3/urllib3/issues/3020
  warnings.warn(

===== 2026-08-04 22:35 (desk) =====
[band_watch] 0/230 bands priced, none touched

/Users/ajay/Library/Python/3.9/lib/python/site-packages/urllib3/__init__.py:35: NotOpenSSLWarning: urllib3 v2 only supports OpenSSL 1.1.1+, currently the 'ssl' module is compiled with 'LibreSSL 2.8.3'. See: https://github.com/urllib3/urllib3/issues/3020
  warnings.warn(

===== 2026-08-05 00:35 (desk) =====
[band_watch] 0/230 bands priced, none touched

/Users/ajay/Library/Python/3.9/lib/python/site-packages/urllib3/__init__.py:35: NotOpenSSLWarning: urllib3 v2 only supports OpenSSL 1.1.1+, currently the 'ssl' module is compiled with 'LibreSSL 2.8.3'. See: https://github.com/urllib3/urllib3/issues/3020
  warnings.warn(

===== 2026-08-05 02:50 (desk) =====
[band_watch] 228/230 bands priced, none touched

/Users/ajay/Library/Python/3.9/lib/python/site-packages/urllib3/__init__.py:35: NotOpenSSLWarning: urllib3 v2 only supports OpenSSL 1.1.1+, currently the 'ssl' module is compiled with 'LibreSSL 2.8.3'. See: https://github.com/urllib3/urllib3/issues/3020
  warnings.warn(
HTTP Error 404: {"quoteSummary":{"result":null,"error":{"code":"Not Found","description":"Quote not found for symbol: 5595.T"}}}
$5595.T: possibly delisted; no price data found  (period=5d) (Yahoo error = "No data found, symbol may be delisted")

===== 2026-08-05 04:35 (desk) =====
[band_watch] 0/230 bands priced, none touched

/Users/ajay/Library/Python/3.9/lib/python/site-packages/urllib3/__init__.py:35: NotOpenSSLWarning: urllib3 v2 only supports OpenSSL 1.1.1+, currently the 'ssl' module is compiled with 'LibreSSL 2.8.3'. See: https://github.com/urllib3/urllib3/issues/3020
  warnings.warn(

===== 2026-08-05 06:36 (desk) =====
[band_watch] 0/230 bands priced, none touched

/Users/ajay/Library/Python/3.9/lib/python/site-packages/urllib3/__init__.py:35: NotOpenSSLWarning: urllib3 v2 only supports OpenSSL 1.1.1+, currently the 'ssl' module is compiled with 'LibreSSL 2.8.3'. See: https://github.com/urllib3/urllib3/issues/3020
  warnings.warn(

===== 2026-08-05 08:34 (desk) =====
[band_watch] 0/229 bands priced, none touched

/Users/ajay/Library/Python/3.9/lib/python/site-packages/urllib3/__init__.py:35: NotOpenSSLWarning: urllib3 v2 only supports OpenSSL 1.1.1+, currently the 'ssl' module is compiled with 'LibreSSL 2.8.3'. See: https://github.com/urllib3/urllib3/issues/3020
  warnings.warn(

===== 2026-08-05 10:35 (desk) =====
[band_watch] 0/229 bands priced, none touched

/Users/ajay/Library/Python/3.9/lib/python/site-packages/urllib3/__init__.py:35: NotOpenSSLWarning: urllib3 v2 only supports OpenSSL 1.1.1+, currently the 'ssl' module is compiled with 'LibreSSL 2.8.3'. See: https://github.com/urllib3/urllib3/issues/3020
  warnings.warn(

===== 2026-08-05 12:35 (desk) =====
[band_watch] 0/229 bands priced, none touched

/Users/ajay/Library/Python/3.9/lib/python/site-packages/urllib3/__init__.py:35: NotOpenSSLWarning: urllib3 v2 only supports OpenSSL 1.1.1+, currently the 'ssl' module is compiled with 'LibreSSL 2.8.3'. See: https://github.com/urllib3/urllib3/issues/3020
  warnings.warn(

===== 2026-08-05 14:35 (desk) =====
[band_watch] 0/229 bands priced, none touched

/Users/ajay/Library/Python/3.9/lib/python/site-packages/urllib3/__init__.py:35: NotOpenSSLWarning: urllib3 v2 only supports OpenSSL 1.1.1+, currently the 'ssl' module is compiled with 'LibreSSL 2.8.3'. See: https://github.com/urllib3/urllib3/issues/3020
  warnings.warn(

===== 2026-08-05 16:35 (desk) =====
[band_watch] 0/229 bands priced, none touched

/Users/ajay/Library/Python/3.9/lib/python/site-packages/urllib3/__init__.py:35: NotOpenSSLWarning: urllib3 v2 only supports OpenSSL 1.1.1+, currently the 'ssl' module is compiled with 'LibreSSL 2.8.3'. See: https://github.com/urllib3/urllib3/issues/3020
  warnings.warn(

===== 2026-08-05 18:35 (desk) =====
[band_watch] 0/229 bands priced, none touched

/Users/ajay/Library/Python/3.9/lib/python/site-packages/urllib3/__init__.py:35: NotOpenSSLWarning: urllib3 v2 only supports OpenSSL 1.1.1+, currently the 'ssl' module is compiled with 'LibreSSL 2.8.3'. See: https://github.com/urllib3/urllib3/issues/3020
  warnings.warn(

===== 2026-08-05 20:35 (desk) =====
[band_watch] 0/229 bands priced, none touched

/Users/ajay/Library/Python/3.9/lib/python/site-packages/urllib3/__init__.py:35: NotOpenSSLWarning: urllib3 v2 only supports OpenSSL 1.1.1+, currently the 'ssl' module is compiled with 'LibreSSL 2.8.3'. See: https://github.com/urllib3/urllib3/issues/3020
  warnings.warn(

===== 2026-08-05 22:35 (desk) =====
[band_watch] 0/229 bands priced, none touched

/Users/ajay/Library/Python/3.9/lib/python/site-packages/urllib3/__init__.py:35: NotOpenSSLWarning: urllib3 v2 only supports OpenSSL 1.1.1+, currently the 'ssl' module is compiled with 'LibreSSL 2.8.3'. See: https://github.com/urllib3/urllib3/issues/3020
  warnings.warn(

===== 2026-08-06 00:34 (desk) =====
[band_watch] 0/229 bands priced, none touched

/Users/ajay/Library/Python/3.9/lib/python/site-packages/urllib3/__init__.py:35: NotOpenSSLWarning: urllib3 v2 only supports OpenSSL 1.1.1+, currently the 'ssl' module is compiled with 'LibreSSL 2.8.3'. See: https://github.com/urllib3/urllib3/issues/3020
  warnings.warn(

===== 2026-08-06 02:34 (desk) =====
[band_watch] 0/229 bands priced, none touched

/Users/ajay/Library/Python/3.9/lib/python/site-packages/urllib3/__init__.py:35: NotOpenSSLWarning: urllib3 v2 only supports OpenSSL 1.1.1+, currently the 'ssl' module is compiled with 'LibreSSL 2.8.3'. See: https://github.com/urllib3/urllib3/issues/3020
  warnings.warn(

===== 2026-08-06 04:36 (desk) =====
[band_watch] 227/229 bands priced, none touched

/Users/ajay/Library/Python/3.9/lib/python/site-packages/urllib3/__init__.py:35: NotOpenSSLWarning: urllib3 v2 only supports OpenSSL 1.1.1+, currently the 'ssl' module is compiled with 'LibreSSL 2.8.3'. See: https://github.com/urllib3/urllib3/issues/3020
  warnings.warn(
HTTP Error 404: {"quoteSummary":{"result":null,"error":{"code":"Not Found","description":"Quote not found for symbol: 5595.T"}}}
$5595.T: possibly delisted; no price data found  (period=5d) (Yahoo error = "No data found, symbol may be delisted")

===== 2026-08-06 06:35 (desk) =====
[band_watch] 0/229 bands priced, none touched

/Users/ajay/Library/Python/3.9/lib/python/site-packages/urllib3/__init__.py:35: NotOpenSSLWarning: urllib3 v2 only supports OpenSSL 1.1.1+, currently the 'ssl' module is compiled with 'LibreSSL 2.8.3'. See: https://github.com/urllib3/urllib3/issues/3020
  warnings.warn(

===== 2026-08-06 08:40 (desk) =====
[band_watch] FIRE: FOUR 44.03 <= band 49.00 — WATCH band touched; review the record before staging

/Users/ajay/Library/Python/3.9/lib/python/site-packages/urllib3/__init__.py:35: NotOpenSSLWarning: urllib3 v2 only supports OpenSSL 1.1.1+, currently the 'ssl' module is compiled with 'LibreSSL 2.8.3'. See: https://github.com/urllib3/urllib3/issues/3020
  warnings.warn(
HTTP Error 404: {"quoteSummary":{"result":null,"error":{"code":"Not Found","description":"Quote not found for symbol: 5595.T"}}}
$5595.T: possibly delisted; no price data found  (period=5d) (Yahoo error = "No data found, symbol may be delisted")

===== 2026-08-06 10:40 (desk) =====
[band_watch] 227/229 bands priced, none touched

/Users/ajay/Library/Python/3.9/lib/python/site-packages/urllib3/__init__.py:35: NotOpenSSLWarning: urllib3 v2 only supports OpenSSL 1.1.1+, currently the 'ssl' module is compiled with 'LibreSSL 2.8.3'. See: https://github.com/urllib3/urllib3/issues/3020
  warnings.warn(
HTTP Error 404: {"quoteSummary":{"result":null,"error":{"code":"Not Found","description":"Quote not found for symbol: 5595.T"}}}
$5595.T: possibly delisted; no price data found  (period=5d) (Yahoo error = "No data found, symbol may be delisted")

===== 2026-08-06 12:35 (desk) =====
[band_watch] 0/229 bands priced, none touched

/Users/ajay/Library/Python/3.9/lib/python/site-packages/urllib3/__init__.py:35: NotOpenSSLWarning: urllib3 v2 only supports OpenSSL 1.1.1+, currently the 'ssl' module is compiled with 'LibreSSL 2.8.3'. See: https://github.com/urllib3/urllib3/issues/3020
  warnings.warn(

===== 2026-08-06 14:35 (desk) =====
[band_watch] 0/229 bands priced, none touched

/Users/ajay/Library/Python/3.9/lib/python/site-packages/urllib3/__init__.py:35: NotOpenSSLWarning: urllib3 v2 only supports OpenSSL 1.1.1+, currently the 'ssl' module is compiled with 'LibreSSL 2.8.3'. See: https://github.com/urllib3/urllib3/issues/3020
  warnings.warn(

===== 2026-08-06 16:34 (desk) =====
[band_watch] 0/229 bands priced, none touched

/Users/ajay/Library/Python/3.9/lib/python/site-packages/urllib3/__init__.py:35: NotOpenSSLWarning: urllib3 v2 only supports OpenSSL 1.1.1+, currently the 'ssl' module is compiled with 'LibreSSL 2.8.3'. See: https://github.com/urllib3/urllib3/issues/3020
  warnings.warn(

===== 2026-08-06 18:34 (desk) =====
[band_watch] 0/229 bands priced, none touched

/Users/ajay/Library/Python/3.9/lib/python/site-packages/urllib3/__init__.py:35: NotOpenSSLWarning: urllib3 v2 only supports OpenSSL 1.1.1+, currently the 'ssl' module is compiled with 'LibreSSL 2.8.3'. See: https://github.com/urllib3/urllib3/issues/3020
  warnings.warn(

===== 2026-08-06 20:34 (desk) =====
[band_watch] 0/229 bands priced, none touched

/Users/ajay/Library/Python/3.9/lib/python/site-packages/urllib3/__init__.py:35: NotOpenSSLWarning: urllib3 v2 only supports OpenSSL 1.1.1+, currently the 'ssl' module is compiled with 'LibreSSL 2.8.3'. See: https://github.com/urllib3/urllib3/issues/3020
  warnings.warn(

===== 2026-08-06 22:34 (desk) =====
[band_watch] 0/229 bands priced, none touched

/Users/ajay/Library/Python/3.9/lib/python/site-packages/urllib3/__init__.py:35: NotOpenSSLWarning: urllib3 v2 only supports OpenSSL 1.1.1+, currently the 'ssl' module is compiled with 'LibreSSL 2.8.3'. See: https://github.com/urllib3/urllib3/issues/3020
  warnings.warn(

===== 2026-08-07 00:35 (desk) =====
[band_watch] 0/229 bands priced, none touched

/Users/ajay/Library/Python/3.9/lib/python/site-packages/urllib3/__init__.py:35: NotOpenSSLWarning: urllib3 v2 only supports OpenSSL 1.1.1+, currently the 'ssl' module is compiled with 'LibreSSL 2.8.3'. See: https://github.com/urllib3/urllib3/issues/3020
  warnings.warn(

===== 2026-08-07 02:35 (desk) =====
[band_watch] 0/229 bands priced, none touched

/Users/ajay/Library/Python/3.9/lib/python/site-packages/urllib3/__init__.py:35: NotOpenSSLWarning: urllib3 v2 only supports OpenSSL 1.1.1+, currently the 'ssl' module is compiled with 'LibreSSL 2.8.3'. See: https://github.com/urllib3/urllib3/issues/3020
  warnings.warn(

===== 2026-08-07 04:48 (desk) =====
[band_watch] FIRE: ETL.PA 1.97 <= band 2.10 — WATCH band touched; review the record before staging

/Users/ajay/Library/Python/3.9/lib/python/site-packages/urllib3/__init__.py:35: NotOpenSSLWarning: urllib3 v2 only supports OpenSSL 1.1.1+, currently the 'ssl' module is compiled with 'LibreSSL 2.8.3'. See: https://github.com/urllib3/urllib3/issues/3020
  warnings.warn(
HTTP Error 404: {"quoteSummary":{"result":null,"error":{"code":"Not Found","description":"Quote not found for symbol: 5595.T"}}}
$5595.T: possibly delisted; no price data found  (period=5d) (Yahoo error = "No data found, symbol may be delisted")

===== 2026-08-07 06:35 (desk) =====
[band_watch] 0/229 bands priced, none touched

/Users/ajay/Library/Python/3.9/lib/python/site-packages/urllib3/__init__.py:35: NotOpenSSLWarning: urllib3 v2 only supports OpenSSL 1.1.1+, currently the 'ssl' module is compiled with 'LibreSSL 2.8.3'. See: https://github.com/urllib3/urllib3/issues/3020
  warnings.warn(

===== 2026-08-07 08:35 (desk) =====
[band_watch] 0/229 bands priced, none touched

/Users/ajay/Library/Python/3.9/lib/python/site-packages/urllib3/__init__.py:35: NotOpenSSLWarning: urllib3 v2 only supports OpenSSL 1.1.1+, currently the 'ssl' module is compiled with 'LibreSSL 2.8.3'. See: https://github.com/urllib3/urllib3/issues/3020
  warnings.warn(

===== 2026-08-07 10:36 (desk) =====
[band_watch] 0/229 bands priced, none touched

/Users/ajay/Library/Python/3.9/lib/python/site-packages/urllib3/__init__.py:35: NotOpenSSLWarning: urllib3 v2 only supports OpenSSL 1.1.1+, currently the 'ssl' module is compiled with 'LibreSSL 2.8.3'. See: https://github.com/urllib3/urllib3/issues/3020
  warnings.warn(

===== 2026-08-07 12:37 (desk) =====
[band_watch] 227/229 bands priced, none touched

/Users/ajay/Library/Python/3.9/lib/python/site-packages/urllib3/__init__.py:35: NotOpenSSLWarning: urllib3 v2 only supports OpenSSL 1.1.1+, currently the 'ssl' module is compiled with 'LibreSSL 2.8.3'. See: https://github.com/urllib3/urllib3/issues/3020
  warnings.warn(
HTTP Error 404: {"quoteSummary":{"result":null,"error":{"code":"Not Found","description":"Quote not found for symbol: 5595.T"}}}
$5595.T: possibly delisted; no price data found  (period=5d) (Yahoo error = "No data found, symbol may be delisted")

===== 2026-08-07 20:37 (desk) =====
[band_watch] 226/229 bands priced, none touched

/Users/ajay/Library/Python/3.9/lib/python/site-packages/urllib3/__init__.py:35: NotOpenSSLWarning: urllib3 v2 only supports OpenSSL 1.1.1+, currently the 'ssl' module is compiled with 'LibreSSL 2.8.3'. See: https://github.com/urllib3/urllib3/issues/3020
  warnings.warn(
HTTP Error 404: {"quoteSummary":{"result":null,"error":{"code":"Not Found","description":"Quote not found for symbol: 5595.T"}}}
$5595.T: possibly delisted; no price data found  (period=5d) (Yahoo error = "No data found, symbol may be delisted")

===== 2026-08-10 00:53 (desk) =====
[band_watch] FIRE: NNE 18.85 <= band 19.00 — WATCH band touched; review the record before staging
[band_watch] FIRE: REAX 2.14 <= band 21.40 — WATCH band touched; review the record before staging

/Users/ajay/Library/Python/3.9/lib/python/site-packages/urllib3/__init__.py:35: NotOpenSSLWarning: urllib3 v2 only supports OpenSSL 1.1.1+, currently the 'ssl' module is compiled with 'LibreSSL 2.8.3'. See: https://github.com/urllib3/urllib3/issues/3020
  warnings.warn(
HTTP Error 404: {"quoteSummary":{"result":null,"error":{"code":"Not Found","description":"Quote not found for symbol: 5595.T"}}}
$5595.T: possibly delisted; no price data found  (period=5d) (Yahoo error = "No data found, symbol may be delisted")

===== 2026-08-10 02:34 (desk) =====
[band_watch] 0/271 bands priced, none touched

/Users/ajay/Library/Python/3.9/lib/python/site-packages/urllib3/__init__.py:35: NotOpenSSLWarning: urllib3 v2 only supports OpenSSL 1.1.1+, currently the 'ssl' module is compiled with 'LibreSSL 2.8.3'. See: https://github.com/urllib3/urllib3/issues/3020
  warnings.warn(

===== 2026-08-10 11:38 (desk) =====
[band_watch] FIRE: NPB 16.90 <= band 17.00 — WATCH band touched; review the record before staging

/Users/ajay/Library/Python/3.9/lib/python/site-packages/urllib3/__init__.py:35: NotOpenSSLWarning: urllib3 v2 only supports OpenSSL 1.1.1+, currently the 'ssl' module is compiled with 'LibreSSL 2.8.3'. See: https://github.com/urllib3/urllib3/issues/3020
  warnings.warn(
HTTP Error 404: {"quoteSummary":{"result":null,"error":{"code":"Not Found","description":"Quote not found for symbol: 5595.T"}}}
$5595.T: possibly delisted; no price data found  (period=5d) (Yahoo error = "No data found, symbol may be delisted")

===== 2026-08-10 13:34 (desk) =====
[band_watch] 0/273 bands priced, none touched

/Users/ajay/Library/Python/3.9/lib/python/site-packages/urllib3/__init__.py:35: NotOpenSSLWarning: urllib3 v2 only supports OpenSSL 1.1.1+, currently the 'ssl' module is compiled with 'LibreSSL 2.8.3'. See: https://github.com/urllib3/urllib3/issues/3020
  warnings.warn(

===== 2026-08-10 15:35 (desk) =====
[band_watch] 0/275 bands priced, none touched

/Users/ajay/Library/Python/3.9/lib/python/site-packages/urllib3/__init__.py:35: NotOpenSSLWarning: urllib3 v2 only supports OpenSSL 1.1.1+, currently the 'ssl' module is compiled with 'LibreSSL 2.8.3'. See: https://github.com/urllib3/urllib3/issues/3020
  warnings.warn(

===== 2026-08-10 17:34 (desk) =====
[band_watch] 277/279 bands priced, none touched

/Users/ajay/Library/Python/3.9/lib/python/site-packages/urllib3/__init__.py:35: NotOpenSSLWarning: urllib3 v2 only supports OpenSSL 1.1.1+, currently the 'ssl' module is compiled with 'LibreSSL 2.8.3'. See: https://github.com/urllib3/urllib3/issues/3020
  warnings.warn(
HTTP Error 404: {"quoteSummary":{"result":null,"error":{"code":"Not Found","description":"Quote not found for symbol: 5595.T"}}}
$5595.T: possibly delisted; no price data found  (period=5d) (Yahoo error = "No data found, symbol may be delisted")

===== 2026-08-10 19:34 (desk) =====
[band_watch] 0/280 bands priced, none touched

/Users/ajay/Library/Python/3.9/lib/python/site-packages/urllib3/__init__.py:35: NotOpenSSLWarning: urllib3 v2 only supports OpenSSL 1.1.1+, currently the 'ssl' module is compiled with 'LibreSSL 2.8.3'. See: https://github.com/urllib3/urllib3/issues/3020
  warnings.warn(

===== 2026-08-10 21:36 (desk) =====
[band_watch] 0/280 bands priced, none touched

/Users/ajay/Library/Python/3.9/lib/python/site-packages/urllib3/__init__.py:35: NotOpenSSLWarning: urllib3 v2 only supports OpenSSL 1.1.1+, currently the 'ssl' module is compiled with 'LibreSSL 2.8.3'. See: https://github.com/urllib3/urllib3/issues/3020
  warnings.warn(

===== 2026-08-10 23:35 (desk) =====
[band_watch] 0/283 bands priced, none touched

/Users/ajay/Library/Python/3.9/lib/python/site-packages/urllib3/__init__.py:35: NotOpenSSLWarning: urllib3 v2 only supports OpenSSL 1.1.1+, currently the 'ssl' module is compiled with 'LibreSSL 2.8.3'. See: https://github.com/urllib3/urllib3/issues/3020
  warnings.warn(

===== 2026-08-11 01:56 (desk) =====
[band_watch] FIRE: WIE.VIE 20.96 <= band 21.00 — WATCH band touched; review the record before staging

/Users/ajay/Library/Python/3.9/lib/python/site-packages/urllib3/__init__.py:35: NotOpenSSLWarning: urllib3 v2 only supports OpenSSL 1.1.1+, currently the 'ssl' module is compiled with 'LibreSSL 2.8.3'. See: https://github.com/urllib3/urllib3/issues/3020
  warnings.warn(
HTTP Error 404: {"quoteSummary":{"result":null,"error":{"code":"Not Found","description":"Quote not found for symbol: 5595.T"}}}
$5595.T: possibly delisted; no price data found  (period=5d) (Yahoo error = "No data found, symbol may be delisted")

===== 2026-08-11 03:30 (desk) =====
[band_watch] 0/285 bands priced, none touched

/Users/ajay/Library/Python/3.9/lib/python/site-packages/urllib3/__init__.py:35: NotOpenSSLWarning: urllib3 v2 only supports OpenSSL 1.1.1+, currently the 'ssl' module is compiled with 'LibreSSL 2.8.3'. See: https://github.com/urllib3/urllib3/issues/3020
  warnings.warn(
Failed to get ticker '5595.T' reason: Failed to perform, curl: (6) Could not resolve host: query1.finance.yahoo.com. See https://curl.se/libcurl/c/libcurl-errors.html first for more details.

===== 2026-08-11 04:30 (desk) =====
[band_watch] 0/285 bands priced, none touched

/Users/ajay/Library/Python/3.9/lib/python/site-packages/urllib3/__init__.py:35: NotOpenSSLWarning: urllib3 v2 only supports OpenSSL 1.1.1+, currently the 'ssl' module is compiled with 'LibreSSL 2.8.3'. See: https://github.com/urllib3/urllib3/issues/3020
  warnings.warn(
Failed to get ticker '5595.T' reason: Failed to perform, curl: (6) Could not resolve host: query1.finance.yahoo.com. See https://curl.se/libcurl/c/libcurl-errors.html first for more details.

===== 2026-08-11 05:30 (desk) =====
[band_watch] 0/285 bands priced, none touched

/Users/ajay/Library/Python/3.9/lib/python/site-packages/urllib3/__init__.py:35: NotOpenSSLWarning: urllib3 v2 only supports OpenSSL 1.1.1+, currently the 'ssl' module is compiled with 'LibreSSL 2.8.3'. See: https://github.com/urllib3/urllib3/issues/3020
  warnings.warn(
Failed to get ticker '5595.T' reason: Failed to perform, curl: (6) Could not resolve host: query1.finance.yahoo.com. See https://curl.se/libcurl/c/libcurl-errors.html first for more details.

===== 2026-08-11 06:34 (desk) =====
[band_watch] 0/286 bands priced, none touched

/Users/ajay/Library/Python/3.9/lib/python/site-packages/urllib3/__init__.py:35: NotOpenSSLWarning: urllib3 v2 only supports OpenSSL 1.1.1+, currently the 'ssl' module is compiled with 'LibreSSL 2.8.3'. See: https://github.com/urllib3/urllib3/issues/3020
  warnings.warn(

===== 2026-08-11 08:40 (desk) =====
[band_watch] FIRE: APP 324.61 <= band 325.00 — WATCH band touched; review the record before staging
[band_watch] FIRE: GILT 11.00 <= band 11.00 — WATCH band touched; review the record before staging
[band_watch] FIRE: APC 18.23 <= band 18.50 — WATCH band touched; review the record before staging

/Users/ajay/Library/Python/3.9/lib/python/site-packages/urllib3/__init__.py:35: NotOpenSSLWarning: urllib3 v2 only supports OpenSSL 1.1.1+, currently the 'ssl' module is compiled with 'LibreSSL 2.8.3'. See: https://github.com/urllib3/urllib3/issues/3020
  warnings.warn(
HTTP Error 404: {"quoteSummary":{"result":null,"error":{"code":"Not Found","description":"Quote not found for symbol: 5595.T"}}}
$5595.T: possibly delisted; no price data found  (period=5d) (Yahoo error = "No data found, symbol may be delisted")

===== 2026-08-11 12:54 (desk) =====
[band_watch] 286/288 bands priced, none touched

/Users/ajay/Library/Python/3.9/lib/python/site-packages/urllib3/__init__.py:35: NotOpenSSLWarning: urllib3 v2 only supports OpenSSL 1.1.1+, currently the 'ssl' module is compiled with 'LibreSSL 2.8.3'. See: https://github.com/urllib3/urllib3/issues/3020
  warnings.warn(
HTTP Error 404: {"quoteSummary":{"result":null,"error":{"code":"Not Found","description":"Quote not found for symbol: 5595.T"}}}
$5595.T: possibly delisted; no price data found  (period=5d) (Yahoo error = "No data found, symbol may be delisted")

===== 2026-08-11 14:34 (desk) =====
[band_watch] 286/288 bands priced, none touched

/Users/ajay/Library/Python/3.9/lib/python/site-packages/urllib3/__init__.py:35: NotOpenSSLWarning: urllib3 v2 only supports OpenSSL 1.1.1+, currently the 'ssl' module is compiled with 'LibreSSL 2.8.3'. See: https://github.com/urllib3/urllib3/issues/3020
  warnings.warn(
HTTP Error 404: {"quoteSummary":{"result":null,"error":{"code":"Not Found","description":"Quote not found for symbol: 5595.T"}}}
$5595.T: possibly delisted; no price data found  (period=5d) (Yahoo error = "No data found, symbol may be delisted")

===== 2026-08-11 16:35 (desk) =====
[band_watch] 289/291 bands priced, none touched

/Users/ajay/Library/Python/3.9/lib/python/site-packages/urllib3/__init__.py:35: NotOpenSSLWarning: urllib3 v2 only supports OpenSSL 1.1.1+, currently the 'ssl' module is compiled with 'LibreSSL 2.8.3'. See: https://github.com/urllib3/urllib3/issues/3020
  warnings.warn(
HTTP Error 404: {"quoteSummary":{"result":null,"error":{"code":"Not Found","description":"Quote not found for symbol: 5595.T"}}}
$5595.T: possibly delisted; no price data found  (period=5d) (Yahoo error = "No data found, symbol may be delisted")

===== 2026-08-11 18:34 (desk) =====
[band_watch] 0/291 bands priced, none touched

/Users/ajay/Library/Python/3.9/lib/python/site-packages/urllib3/__init__.py:35: NotOpenSSLWarning: urllib3 v2 only supports OpenSSL 1.1.1+, currently the 'ssl' module is compiled with 'LibreSSL 2.8.3'. See: https://github.com/urllib3/urllib3/issues/3020
  warnings.warn(

===== 2026-08-11 20:34 (desk) =====
[band_watch] 0/294 bands priced, none touched

/Users/ajay/Library/Python/3.9/lib/python/site-packages/urllib3/__init__.py:35: NotOpenSSLWarning: urllib3 v2 only supports OpenSSL 1.1.1+, currently the 'ssl' module is compiled with 'LibreSSL 2.8.3'. See: https://github.com/urllib3/urllib3/issues/3020
  warnings.warn(

===== 2026-08-11 22:34 (desk) =====
[band_watch] 293/295 bands priced, none touched

/Users/ajay/Library/Python/3.9/lib/python/site-packages/urllib3/__init__.py:35: NotOpenSSLWarning: urllib3 v2 only supports OpenSSL 1.1.1+, currently the 'ssl' module is compiled with 'LibreSSL 2.8.3'. See: https://github.com/urllib3/urllib3/issues/3020
  warnings.warn(
HTTP Error 404: {"quoteSummary":{"result":null,"error":{"code":"Not Found","description":"Quote not found for symbol: 5595.T"}}}
$5595.T: possibly delisted; no price data found  (period=5d) (Yahoo error = "No data found, symbol may be delisted")

===== 2026-08-12 07:57 (desk) =====
[band_watch] 294/296 bands priced, none touched

/Users/ajay/Library/Python/3.9/lib/python/site-packages/urllib3/__init__.py:35: NotOpenSSLWarning: urllib3 v2 only supports OpenSSL 1.1.1+, currently the 'ssl' module is compiled with 'LibreSSL 2.8.3'. See: https://github.com/urllib3/urllib3/issues/3020
  warnings.warn(
HTTP Error 404: {"quoteSummary":{"result":null,"error":{"code":"Not Found","description":"Quote not found for symbol: 5595.T"}}}
$5595.T: possibly delisted; no price data found  (period=5d) (Yahoo error = "No data found, symbol may be delisted")

===== 2026-08-12 09:34 (desk) =====
[band_watch] 294/296 bands priced, none touched

/Users/ajay/Library/Python/3.9/lib/python/site-packages/urllib3/__init__.py:35: NotOpenSSLWarning: urllib3 v2 only supports OpenSSL 1.1.1+, currently the 'ssl' module is compiled with 'LibreSSL 2.8.3'. See: https://github.com/urllib3/urllib3/issues/3020
  warnings.warn(
HTTP Error 404: {"quoteSummary":{"result":null,"error":{"code":"Not Found","description":"Quote not found for symbol: 5595.T"}}}
$5595.T: possibly delisted; no price data found  (period=5d) (Yahoo error = "No data found, symbol may be delisted")

===== 2026-08-12 11:33 (desk) =====
[band_watch] 0/296 bands priced, none touched

/Users/ajay/Library/Python/3.9/lib/python/site-packages/urllib3/__init__.py:35: NotOpenSSLWarning: urllib3 v2 only supports OpenSSL 1.1.1+, currently the 'ssl' module is compiled with 'LibreSSL 2.8.3'. See: https://github.com/urllib3/urllib3/issues/3020
  warnings.warn(

===== 2026-08-12 13:33 (desk) =====
[band_watch] 294/296 bands priced, none touched

/Users/ajay/Library/Python/3.9/lib/python/site-packages/urllib3/__init__.py:35: NotOpenSSLWarning: urllib3 v2 only supports OpenSSL 1.1.1+, currently the 'ssl' module is compiled with 'LibreSSL 2.8.3'. See: https://github.com/urllib3/urllib3/issues/3020
  warnings.warn(
HTTP Error 404: {"quoteSummary":{"result":null,"error":{"code":"Not Found","description":"Quote not found for symbol: 5595.T"}}}
$5595.T: possibly delisted; no price data found  (period=5d) (Yahoo error = "No data found, symbol may be delisted")

===== 2026-08-12 15:35 (desk) =====
[band_watch] 294/296 bands priced, none touched

/Users/ajay/Library/Python/3.9/lib/python/site-packages/urllib3/__init__.py:35: NotOpenSSLWarning: urllib3 v2 only supports OpenSSL 1.1.1+, currently the 'ssl' module is compiled with 'LibreSSL 2.8.3'. See: https://github.com/urllib3/urllib3/issues/3020
  warnings.warn(
HTTP Error 404: {"quoteSummary":{"result":null,"error":{"code":"Not Found","description":"Quote not found for symbol: 5595.T"}}}
$5595.T: possibly delisted; no price data found  (period=5d) (Yahoo error = "No data found, symbol may be delisted")

===== 2026-08-12 17:34 (desk) =====
[band_watch] 294/296 bands priced, none touched

/Users/ajay/Library/Python/3.9/lib/python/site-packages/urllib3/__init__.py:35: NotOpenSSLWarning: urllib3 v2 only supports OpenSSL 1.1.1+, currently the 'ssl' module is compiled with 'LibreSSL 2.8.3'. See: https://github.com/urllib3/urllib3/issues/3020
  warnings.warn(
HTTP Error 404: {"quoteSummary":{"result":null,"error":{"code":"Not Found","description":"Quote not found for symbol: 5595.T"}}}
$5595.T: possibly delisted; no price data found  (period=5d) (Yahoo error = "No data found, symbol may be delisted")

===== 2026-08-12 19:33 (desk) =====
[band_watch] 0/296 bands priced, none touched

/Users/ajay/Library/Python/3.9/lib/python/site-packages/urllib3/__init__.py:35: NotOpenSSLWarning: urllib3 v2 only supports OpenSSL 1.1.1+, currently the 'ssl' module is compiled with 'LibreSSL 2.8.3'. See: https://github.com/urllib3/urllib3/issues/3020
  warnings.warn(

===== 2026-08-12 21:34 (desk) =====
[band_watch] 0/296 bands priced, none touched

/Users/ajay/Library/Python/3.9/lib/python/site-packages/urllib3/__init__.py:35: NotOpenSSLWarning: urllib3 v2 only supports OpenSSL 1.1.1+, currently the 'ssl' module is compiled with 'LibreSSL 2.8.3'. See: https://github.com/urllib3/urllib3/issues/3020
  warnings.warn(

===== 2026-08-12 23:35 (desk) =====
[band_watch] 0/296 bands priced, none touched

/Users/ajay/Library/Python/3.9/lib/python/site-packages/urllib3/__init__.py:35: NotOpenSSLWarning: urllib3 v2 only supports OpenSSL 1.1.1+, currently the 'ssl' module is compiled with 'LibreSSL 2.8.3'. See: https://github.com/urllib3/urllib3/issues/3020
  warnings.warn(

===== 2026-08-13 03:03 (desk) =====
[band_watch] 0/296 bands priced, none touched

/Users/ajay/Library/Python/3.9/lib/python/site-packages/urllib3/__init__.py:35: NotOpenSSLWarning: urllib3 v2 only supports OpenSSL 1.1.1+, currently the 'ssl' module is compiled with 'LibreSSL 2.8.3'. See: https://github.com/urllib3/urllib3/issues/3020
  warnings.warn(

===== 2026-08-13 09:14 (desk) =====
[band_watch] 294/296 bands priced, none touched

/Users/ajay/Library/Python/3.9/lib/python/site-packages/urllib3/__init__.py:35: NotOpenSSLWarning: urllib3 v2 only supports OpenSSL 1.1.1+, currently the 'ssl' module is compiled with 'LibreSSL 2.8.3'. See: https://github.com/urllib3/urllib3/issues/3020
  warnings.warn(
HTTP Error 404: {"quoteSummary":{"result":null,"error":{"code":"Not Found","description":"Quote not found for symbol: 5595.T"}}}
$5595.T: possibly delisted; no price data found  (period=5d) (Yahoo error = "No data found, symbol may be delisted")

===== 2026-08-13 10:43 (desk) =====
[band_watch] 0/296 bands priced, none touched

/Users/ajay/Library/Python/3.9/lib/python/site-packages/urllib3/__init__.py:35: NotOpenSSLWarning: urllib3 v2 only supports OpenSSL 1.1.1+, currently the 'ssl' module is compiled with 'LibreSSL 2.8.3'. See: https://github.com/urllib3/urllib3/issues/3020
  warnings.warn(

===== 2026-08-13 20:35 (desk) =====
[band_watch] 291/296 bands priced, none touched

/Users/ajay/Library/Python/3.9/lib/python/site-packages/urllib3/__init__.py:35: NotOpenSSLWarning: urllib3 v2 only supports OpenSSL 1.1.1+, currently the 'ssl' module is compiled with 'LibreSSL 2.8.3'. See: https://github.com/urllib3/urllib3/issues/3020
  warnings.warn(
HTTP Error 404: {"quoteSummary":{"result":null,"error":{"code":"Not Found","description":"Quote not found for symbol: 5595.T"}}}
$5595.T: possibly delisted; no price data found  (period=5d) (Yahoo error = "No data found, symbol may be delisted")

===== 2026-08-13 22:12 (desk) =====
[band_watch] 294/296 bands priced, none touched

/Users/ajay/Library/Python/3.9/lib/python/site-packages/urllib3/__init__.py:35: NotOpenSSLWarning: urllib3 v2 only supports OpenSSL 1.1.1+, currently the 'ssl' module is compiled with 'LibreSSL 2.8.3'. See: https://github.com/urllib3/urllib3/issues/3020
  warnings.warn(
HTTP Error 404: {"quoteSummary":{"result":null,"error":{"code":"Not Found","description":"Quote not found for symbol: 5595.T"}}}
$5595.T: possibly delisted; no price data found  (period=5d) (Yahoo error = "No data found, symbol may be delisted")

===== 2026-08-14 00:33 (desk) =====
[band_watch] 0/300 bands priced, none touched

/Users/ajay/Library/Python/3.9/lib/python/site-packages/urllib3/__init__.py:35: NotOpenSSLWarning: urllib3 v2 only supports OpenSSL 1.1.1+, currently the 'ssl' module is compiled with 'LibreSSL 2.8.3'. See: https://github.com/urllib3/urllib3/issues/3020
  warnings.warn(

===== 2026-08-14 02:33 (desk) =====
[band_watch] 298/300 bands priced, none touched

/Users/ajay/Library/Python/3.9/lib/python/site-packages/urllib3/__init__.py:35: NotOpenSSLWarning: urllib3 v2 only supports OpenSSL 1.1.1+, currently the 'ssl' module is compiled with 'LibreSSL 2.8.3'. See: https://github.com/urllib3/urllib3/issues/3020
  warnings.warn(
HTTP Error 404: {"quoteSummary":{"result":null,"error":{"code":"Not Found","description":"Quote not found for symbol: 5595.T"}}}
$5595.T: possibly delisted; no price data found  (period=5d) (Yahoo error = "No data found, symbol may be delisted")

===== 2026-08-14 04:33 (desk) =====
[band_watch] 0/301 bands priced, none touched

/Users/ajay/Library/Python/3.9/lib/python/site-packages/urllib3/__init__.py:35: NotOpenSSLWarning: urllib3 v2 only supports OpenSSL 1.1.1+, currently the 'ssl' module is compiled with 'LibreSSL 2.8.3'. See: https://github.com/urllib3/urllib3/issues/3020
  warnings.warn(

===== 2026-08-14 06:33 (desk) =====
[band_watch] FIRE: SBS 4.56 <= band 4.60 — WATCH band touched; review the record before staging

/Users/ajay/Library/Python/3.9/lib/python/site-packages/urllib3/__init__.py:35: NotOpenSSLWarning: urllib3 v2 only supports OpenSSL 1.1.1+, currently the 'ssl' module is compiled with 'LibreSSL 2.8.3'. See: https://github.com/urllib3/urllib3/issues/3020
  warnings.warn(
HTTP Error 404: {"quoteSummary":{"result":null,"error":{"code":"Not Found","description":"Quote not found for symbol: 5595.T"}}}
$5595.T: possibly delisted; no price data found  (period=5d) (Yahoo error = "No data found, symbol may be delisted")

===== 2026-08-14 08:34 (desk) =====
[band_watch] 300/302 bands priced, none touched

/Users/ajay/Library/Python/3.9/lib/python/site-packages/urllib3/__init__.py:35: NotOpenSSLWarning: urllib3 v2 only supports OpenSSL 1.1.1+, currently the 'ssl' module is compiled with 'LibreSSL 2.8.3'. See: https://github.com/urllib3/urllib3/issues/3020
  warnings.warn(
HTTP Error 404: {"quoteSummary":{"result":null,"error":{"code":"Not Found","description":"Quote not found for symbol: 5595.T"}}}
$5595.T: possibly delisted; no price data found  (period=5d) (Yahoo error = "No data found, symbol may be delisted")

===== 2026-08-14 10:02 (desk) =====
[band_watch] 301/303 bands priced, none touched

/Users/ajay/Library/Python/3.9/lib/python/site-packages/urllib3/__init__.py:35: NotOpenSSLWarning: urllib3 v2 only supports OpenSSL 1.1.1+, currently the 'ssl' module is compiled with 'LibreSSL 2.8.3'. See: https://github.com/urllib3/urllib3/issues/3020
  warnings.warn(
HTTP Error 404: {"quoteSummary":{"result":null,"error":{"code":"Not Found","description":"Quote not found for symbol: 5595.T"}}}
$5595.T: possibly delisted; no price data found  (period=5d) (Yahoo error = "No data found, symbol may be delisted")

===== 2026-08-14 12:55 (desk) =====
[runner] band_watch failed: Command '['python3', '-m', 'desk.band_watch']' timed out after 600 seconds
===== 2026-08-17 08:58 (desk) =====
[band_watch] FIRE: ARE 46.29 <= band 46.50 — WATCH band touched; review the record before staging

/Users/ajay/Library/Python/3.9/lib/python/site-packages/urllib3/__init__.py:35: NotOpenSSLWarning: urllib3 v2 only supports OpenSSL 1.1.1+, currently the 'ssl' module is compiled with 'LibreSSL 2.8.3'. See: https://github.com/urllib3/urllib3/issues/3020
  warnings.warn(
HTTP Error 404: {"quoteSummary":{"result":null,"error":{"code":"Not Found","description":"Quote not found for symbol: 5595.T"}}}
$5595.T: possibly delisted; no price data found  (period=5d) (Yahoo error = "No data found, symbol may be delisted")

===== 2026-08-17 10:41 (desk) =====
[band_watch] FIRE: PHR 11.45 <= band 11.60 — WATCH band touched; review the record before staging

/Users/ajay/Library/Python/3.9/lib/python/site-packages/urllib3/__init__.py:35: NotOpenSSLWarning: urllib3 v2 only supports OpenSSL 1.1.1+, currently the 'ssl' module is compiled with 'LibreSSL 2.8.3'. See: https://github.com/urllib3/urllib3/issues/3020
  warnings.warn(
HTTP Error 404: {"quoteSummary":{"result":null,"error":{"code":"Not Found","description":"Quote not found for symbol: 5595.T"}}}
$5595.T: possibly delisted; no price data found  (period=5d) (Yahoo error = "No data found, symbol may be delisted")

===== 2026-08-17 12:40 (desk) =====
[band_watch] 329/331 bands priced, none touched

/Users/ajay/Library/Python/3.9/lib/python/site-packages/urllib3/__init__.py:35: NotOpenSSLWarning: urllib3 v2 only supports OpenSSL 1.1.1+, currently the 'ssl' module is compiled with 'LibreSSL 2.8.3'. See: https://github.com/urllib3/urllib3/issues/3020
  warnings.warn(
HTTP Error 404: {"quoteSummary":{"result":null,"error":{"code":"Not Found","description":"Quote not found for symbol: 5595.T"}}}
$5595.T: possibly delisted; no price data found  (period=5d) (Yahoo error = "No data found, symbol may be delisted")

===== 2026-08-17 14:39 (desk) =====
[band_watch] 0/332 bands priced, none touched

/Users/ajay/Library/Python/3.9/lib/python/site-packages/urllib3/__init__.py:35: NotOpenSSLWarning: urllib3 v2 only supports OpenSSL 1.1.1+, currently the 'ssl' module is compiled with 'LibreSSL 2.8.3'. See: https://github.com/urllib3/urllib3/issues/3020
  warnings.warn(

===== 2026-08-17 16:39 (desk) =====
[band_watch] 331/333 bands priced, none touched

/Users/ajay/Library/Python/3.9/lib/python/site-packages/urllib3/__init__.py:35: NotOpenSSLWarning: urllib3 v2 only supports OpenSSL 1.1.1+, currently the 'ssl' module is compiled with 'LibreSSL 2.8.3'. See: https://github.com/urllib3/urllib3/issues/3020
  warnings.warn(
HTTP Error 404: {"quoteSummary":{"result":null,"error":{"code":"Not Found","description":"Quote not found for symbol: 5595.T"}}}
$5595.T: possibly delisted; no price data found  (period=5d) (Yahoo error = "No data found, symbol may be delisted")

===== 2026-08-17 18:37 (desk) =====
[band_watch] 0/339 bands priced, none touched

/Users/ajay/Library/Python/3.9/lib/python/site-packages/urllib3/__init__.py:35: NotOpenSSLWarning: urllib3 v2 only supports OpenSSL 1.1.1+, currently the 'ssl' module is compiled with 'LibreSSL 2.8.3'. See: https://github.com/urllib3/urllib3/issues/3020
  warnings.warn(

===== 2026-08-17 20:37 (desk) =====
[band_watch] 0/346 bands priced, none touched

/Users/ajay/Library/Python/3.9/lib/python/site-packages/urllib3/__init__.py:35: NotOpenSSLWarning: urllib3 v2 only supports OpenSSL 1.1.1+, currently the 'ssl' module is compiled with 'LibreSSL 2.8.3'. See: https://github.com/urllib3/urllib3/issues/3020
  warnings.warn(

===== 2026-08-17 22:40 (desk) =====
[band_watch] 345/348 bands priced, none touched

/Users/ajay/Library/Python/3.9/lib/python/site-packages/urllib3/__init__.py:35: NotOpenSSLWarning: urllib3 v2 only supports OpenSSL 1.1.1+, currently the 'ssl' module is compiled with 'LibreSSL 2.8.3'. See: https://github.com/urllib3/urllib3/issues/3020
  warnings.warn(
HTTP Error 404: {"quoteSummary":{"result":null,"error":{"code":"Not Found","description":"Quote not found for symbol: 5595.T"}}}
$5595.T: possibly delisted; no price data found  (period=5d) (Yahoo error = "No data found, symbol may be delisted")
HTTP Error 404: {"quoteSummary":{"result":null,"error":{"code":"Not Found","description":"Quote not found for symbol: W5_ST"}}}
$W5_ST: possibly delisted; no price data found  (period=5d) (Yahoo error = "No data found, symbol may be delisted")

===== 2026-08-18 00:34 (desk) =====
[band_watch] 0/350 bands priced, none touched

/Users/ajay/Library/Python/3.9/lib/python/site-packages/urllib3/__init__.py:35: NotOpenSSLWarning: urllib3 v2 only supports OpenSSL 1.1.1+, currently the 'ssl' module is compiled with 'LibreSSL 2.8.3'. See: https://github.com/urllib3/urllib3/issues/3020
  warnings.warn(

===== 2026-08-18 02:39 (desk) =====
[band_watch] FIRE: ETL.PA 2.07 <= band 2.10 — WATCH band touched; review the record before staging

/Users/ajay/Library/Python/3.9/lib/python/site-packages/urllib3/__init__.py:35: NotOpenSSLWarning: urllib3 v2 only supports OpenSSL 1.1.1+, currently the 'ssl' module is compiled with 'LibreSSL 2.8.3'. See: https://github.com/urllib3/urllib3/issues/3020
  warnings.warn(
HTTP Error 404: {"quoteSummary":{"result":null,"error":{"code":"Not Found","description":"Quote not found for symbol: 5595.T"}}}
$5595.T: possibly delisted; no price data found  (period=5d) (Yahoo error = "No data found, symbol may be delisted")
HTTP Error 404: {"quoteSummary":{"result":null,"error":{"code":"Not Found","description":"Quote not found for symbol: W5_ST"}}}
$W5_ST: possibly delisted; no price data found  (period=5d) (Yahoo error = "No data found, symbol may be delisted")

===== 2026-08-18 04:35 (desk) =====
[band_watch] 0/354 bands priced, none touched

/Users/ajay/Library/Python/3.9/lib/python/site-packages/urllib3/__init__.py:35: NotOpenSSLWarning: urllib3 v2 only supports OpenSSL 1.1.1+, currently the 'ssl' module is compiled with 'LibreSSL 2.8.3'. See: https://github.com/urllib3/urllib3/issues/3020
  warnings.warn(

===== 2026-08-18 06:36 (desk) =====
[band_watch] 0/355 bands priced, none touched

/Users/ajay/Library/Python/3.9/lib/python/site-packages/urllib3/__init__.py:35: NotOpenSSLWarning: urllib3 v2 only supports OpenSSL 1.1.1+, currently the 'ssl' module is compiled with 'LibreSSL 2.8.3'. See: https://github.com/urllib3/urllib3/issues/3020
  warnings.warn(

===== 2026-08-18 08:36 (desk) =====
[band_watch] 0/357 bands priced, none touched

/Users/ajay/Library/Python/3.9/lib/python/site-packages/urllib3/__init__.py:35: NotOpenSSLWarning: urllib3 v2 only supports OpenSSL 1.1.1+, currently the 'ssl' module is compiled with 'LibreSSL 2.8.3'. See: https://github.com/urllib3/urllib3/issues/3020
  warnings.warn(

===== 2026-08-18 10:37 (desk) =====
[band_watch] 0/358 bands priced, none touched

/Users/ajay/Library/Python/3.9/lib/python/site-packages/urllib3/__init__.py:35: NotOpenSSLWarning: urllib3 v2 only supports OpenSSL 1.1.1+, currently the 'ssl' module is compiled with 'LibreSSL 2.8.3'. See: https://github.com/urllib3/urllib3/issues/3020
  warnings.warn(

===== 2026-08-18 12:36 (desk) =====
[band_watch] 0/358 bands priced, none touched

/Users/ajay/Library/Python/3.9/lib/python/site-packages/urllib3/__init__.py:35: NotOpenSSLWarning: urllib3 v2 only supports OpenSSL 1.1.1+, currently the 'ssl' module is compiled with 'LibreSSL 2.8.3'. See: https://github.com/urllib3/urllib3/issues/3020
  warnings.warn(

===== 2026-08-18 14:36 (desk) =====
[band_watch] 0/359 bands priced, none touched

/Users/ajay/Library/Python/3.9/lib/python/site-packages/urllib3/__init__.py:35: NotOpenSSLWarning: urllib3 v2 only supports OpenSSL 1.1.1+, currently the 'ssl' module is compiled with 'LibreSSL 2.8.3'. See: https://github.com/urllib3/urllib3/issues/3020
  warnings.warn(

===== 2026-08-18 16:37 (desk) =====
[band_watch] 0/360 bands priced, none touched

/Users/ajay/Library/Python/3.9/lib/python/site-packages/urllib3/__init__.py:35: NotOpenSSLWarning: urllib3 v2 only supports OpenSSL 1.1.1+, currently the 'ssl' module is compiled with 'LibreSSL 2.8.3'. See: https://github.com/urllib3/urllib3/issues/3020
  warnings.warn(

===== 2026-08-18 18:36 (desk) =====
[band_watch] 0/361 bands priced, none touched

/Users/ajay/Library/Python/3.9/lib/python/site-packages/urllib3/__init__.py:35: NotOpenSSLWarning: urllib3 v2 only supports OpenSSL 1.1.1+, currently the 'ssl' module is compiled with 'LibreSSL 2.8.3'. See: https://github.com/urllib3/urllib3/issues/3020
  warnings.warn(

===== 2026-08-18 20:35 (desk) =====
[band_watch] 0/364 bands priced, none touched

/Users/ajay/Library/Python/3.9/lib/python/site-packages/urllib3/__init__.py:35: NotOpenSSLWarning: urllib3 v2 only supports OpenSSL 1.1.1+, currently the 'ssl' module is compiled with 'LibreSSL 2.8.3'. See: https://github.com/urllib3/urllib3/issues/3020
  warnings.warn(

===== 2026-08-18 22:36 (desk) =====
[band_watch] 0/367 bands priced, none touched

/Users/ajay/Library/Python/3.9/lib/python/site-packages/urllib3/__init__.py:35: NotOpenSSLWarning: urllib3 v2 only supports OpenSSL 1.1.1+, currently the 'ssl' module is compiled with 'LibreSSL 2.8.3'. See: https://github.com/urllib3/urllib3/issues/3020
  warnings.warn(

===== 2026-08-19 00:31 (desk) =====
[band_watch] 0/368 bands priced, none touched

/Users/ajay/Library/Python/3.9/lib/python/site-packages/urllib3/__init__.py:35: NotOpenSSLWarning: urllib3 v2 only supports OpenSSL 1.1.1+, currently the 'ssl' module is compiled with 'LibreSSL 2.8.3'. See: https://github.com/urllib3/urllib3/issues/3020
  warnings.warn(

===== 2026-08-19 02:30 (desk) =====
[band_watch] FIRE: AMV0.DE 35.60 <= band 36.00 — WATCH band touched; review the record before staging
[band_watch] FIRE: FLL 2.09 <= band 2.10 — WATCH band touched; review the record before staging
[band_watch] FIRE: 5282.T 399.00 <= band 400.00 — WATCH band touched; review the record before staging
[band_watch] FIRE: BW 9.14 <= band 9.50 — WATCH band touched; review the record before staging

/Users/ajay/Library/Python/3.9/lib/python/site-packages/urllib3/__init__.py:35: NotOpenSSLWarning: urllib3 v2 only supports OpenSSL 1.1.1+, currently the 'ssl' module is compiled with 'LibreSSL 2.8.3'. See: https://github.com/urllib3/urllib3/issues/3020
  warnings.warn(
HTTP Error 404: {"quoteSummary":{"result":null,"error":{"code":"Not Found","description":"Quote not found for symbol: 5595.T"}}}
$5595.T: possibly delisted; no price data found  (period=5d) (Yahoo error = "No data found, symbol may be delisted")
HTTP Error 404: {"quoteSummary":{"result":null,"error":{"code":"Not Found","description":"Quote not found for symbol: W5_ST"}}}
$W5_ST: possibly delisted; no price data found  (period=5d) (Yahoo error = "No data found, symbol may be delisted")

===== 2026-08-19 03:34 (desk) =====
[band_watch] 0/369 bands priced, none touched

/Users/ajay/Library/Python/3.9/lib/python/site-packages/urllib3/__init__.py:35: NotOpenSSLWarning: urllib3 v2 only supports OpenSSL 1.1.1+, currently the 'ssl' module is compiled with 'LibreSSL 2.8.3'. See: https://github.com/urllib3/urllib3/issues/3020
  warnings.warn(

===== 2026-08-19 05:34 (desk) =====
[band_watch] 0/369 bands priced, none touched

/Users/ajay/Library/Python/3.9/lib/python/site-packages/urllib3/__init__.py:35: NotOpenSSLWarning: urllib3 v2 only supports OpenSSL 1.1.1+, currently the 'ssl' module is compiled with 'LibreSSL 2.8.3'. See: https://github.com/urllib3/urllib3/issues/3020
  warnings.warn(

===== 2026-08-19 07:37 (desk) =====
[band_watch] 0/369 bands priced, none touched

/Users/ajay/Library/Python/3.9/lib/python/site-packages/urllib3/__init__.py:35: NotOpenSSLWarning: urllib3 v2 only supports OpenSSL 1.1.1+, currently the 'ssl' module is compiled with 'LibreSSL 2.8.3'. See: https://github.com/urllib3/urllib3/issues/3020
  warnings.warn(

===== 2026-08-19 09:36 (desk) =====
[band_watch] 0/369 bands priced, none touched

/Users/ajay/Library/Python/3.9/lib/python/site-packages/urllib3/__init__.py:35: NotOpenSSLWarning: urllib3 v2 only supports OpenSSL 1.1.1+, currently the 'ssl' module is compiled with 'LibreSSL 2.8.3'. See: https://github.com/urllib3/urllib3/issues/3020
  warnings.warn(

===== 2026-08-19 11:36 (desk) =====
[band_watch] 0/369 bands priced, none touched

/Users/ajay/Library/Python/3.9/lib/python/site-packages/urllib3/__init__.py:35: NotOpenSSLWarning: urllib3 v2 only supports OpenSSL 1.1.1+, currently the 'ssl' module is compiled with 'LibreSSL 2.8.3'. See: https://github.com/urllib3/urllib3/issues/3020
  warnings.warn(

===== 2026-08-19 13:36 (desk) =====
[band_watch] 0/369 bands priced, none touched

/Users/ajay/Library/Python/3.9/lib/python/site-packages/urllib3/__init__.py:35: NotOpenSSLWarning: urllib3 v2 only supports OpenSSL 1.1.1+, currently the 'ssl' module is compiled with 'LibreSSL 2.8.3'. See: https://github.com/urllib3/urllib3/issues/3020
  warnings.warn(

===== 2026-08-19 15:36 (desk) =====
[band_watch] 0/369 bands priced, none touched

/Users/ajay/Library/Python/3.9/lib/python/site-packages/urllib3/__init__.py:35: NotOpenSSLWarning: urllib3 v2 only supports OpenSSL 1.1.1+, currently the 'ssl' module is compiled with 'LibreSSL 2.8.3'. See: https://github.com/urllib3/urllib3/issues/3020
  warnings.warn(

===== 2026-08-19 17:36 (desk) =====
[band_watch] 0/369 bands priced, none touched

/Users/ajay/Library/Python/3.9/lib/python/site-packages/urllib3/__init__.py:35: NotOpenSSLWarning: urllib3 v2 only supports OpenSSL 1.1.1+, currently the 'ssl' module is compiled with 'LibreSSL 2.8.3'. See: https://github.com/urllib3/urllib3/issues/3020
  warnings.warn(

===== 2026-08-19 19:36 (desk) =====
[band_watch] 0/369 bands priced, none touched

/Users/ajay/Library/Python/3.9/lib/python/site-packages/urllib3/__init__.py:35: NotOpenSSLWarning: urllib3 v2 only supports OpenSSL 1.1.1+, currently the 'ssl' module is compiled with 'LibreSSL 2.8.3'. See: https://github.com/urllib3/urllib3/issues/3020
  warnings.warn(

===== 2026-08-19 21:41 (desk) =====
[band_watch] 366/369 bands priced, none touched

/Users/ajay/Library/Python/3.9/lib/python/site-packages/urllib3/__init__.py:35: NotOpenSSLWarning: urllib3 v2 only supports OpenSSL 1.1.1+, currently the 'ssl' module is compiled with 'LibreSSL 2.8.3'. See: https://github.com/urllib3/urllib3/issues/3020
  warnings.warn(
HTTP Error 404: {"quoteSummary":{"result":null,"error":{"code":"Not Found","description":"Quote not found for symbol: 5595.T"}}}
$5595.T: possibly delisted; no price data found  (period=5d) (Yahoo error = "No data found, symbol may be delisted")
HTTP Error 404: {"quoteSummary":{"result":null,"error":{"code":"Not Found","description":"Quote not found for symbol: W5_ST"}}}
$W5_ST: possibly delisted; no price data found  (period=5d) (Yahoo error = "No data found, symbol may be delisted")

===== 2026-08-19 23:35 (desk) =====
[band_watch] 0/369 bands priced, none touched

/Users/ajay/Library/Python/3.9/lib/python/site-packages/urllib3/__init__.py:35: NotOpenSSLWarning: urllib3 v2 only supports OpenSSL 1.1.1+, currently the 'ssl' module is compiled with 'LibreSSL 2.8.3'. See: https://github.com/urllib3/urllib3/issues/3020
  warnings.warn(

===== 2026-08-20 01:34 (desk) =====
[band_watch] 0/369 bands priced, none touched

/Users/ajay/Library/Python/3.9/lib/python/site-packages/urllib3/__init__.py:35: NotOpenSSLWarning: urllib3 v2 only supports OpenSSL 1.1.1+, currently the 'ssl' module is compiled with 'LibreSSL 2.8.3'. See: https://github.com/urllib3/urllib3/issues/3020
  warnings.warn(

===== 2026-08-20 03:35 (desk) =====
[band_watch] 0/369 bands priced, none touched

/Users/ajay/Library/Python/3.9/lib/python/site-packages/urllib3/__init__.py:35: NotOpenSSLWarning: urllib3 v2 only supports OpenSSL 1.1.1+, currently the 'ssl' module is compiled with 'LibreSSL 2.8.3'. See: https://github.com/urllib3/urllib3/issues/3020
  warnings.warn(

===== 2026-08-20 05:35 (desk) =====
[band_watch] 0/369 bands priced, none touched

/Users/ajay/Library/Python/3.9/lib/python/site-packages/urllib3/__init__.py:35: NotOpenSSLWarning: urllib3 v2 only supports OpenSSL 1.1.1+, currently the 'ssl' module is compiled with 'LibreSSL 2.8.3'. See: https://github.com/urllib3/urllib3/issues/3020
  warnings.warn(

===== 2026-08-20 07:36 (desk) =====
[band_watch] 0/369 bands priced, none touched

/Users/ajay/Library/Python/3.9/lib/python/site-packages/urllib3/__init__.py:35: NotOpenSSLWarning: urllib3 v2 only supports OpenSSL 1.1.1+, currently the 'ssl' module is compiled with 'LibreSSL 2.8.3'. See: https://github.com/urllib3/urllib3/issues/3020
  warnings.warn(

===== 2026-08-20 09:40 (desk) =====
[band_watch] FIRE: LFTO 18.63 <= band 19.33 — WATCH band touched; review the record before staging

/Users/ajay/Library/Python/3.9/lib/python/site-packages/urllib3/__init__.py:35: NotOpenSSLWarning: urllib3 v2 only supports OpenSSL 1.1.1+, currently the 'ssl' module is compiled with 'LibreSSL 2.8.3'. See: https://github.com/urllib3/urllib3/issues/3020
  warnings.warn(
HTTP Error 404: {"quoteSummary":{"result":null,"error":{"code":"Not Found","description":"Quote not found for symbol: 5595.T"}}}
$5595.T: possibly delisted; no price data found  (period=5d) (Yahoo error = "No data found, symbol may be delisted")
HTTP Error 404: {"quoteSummary":{"result":null,"error":{"code":"Not Found","description":"Quote not found for symbol: W5_ST"}}}
$W5_ST: possibly delisted; no price data found  (period=5d) (Yahoo error = "No data found, symbol may be delisted")

===== 2026-08-20 11:57 (desk) =====
[band_watch] 366/369 bands priced, none touched

/Users/ajay/Library/Python/3.9/lib/python/site-packages/urllib3/__init__.py:35: NotOpenSSLWarning: urllib3 v2 only supports OpenSSL 1.1.1+, currently the 'ssl' module is compiled with 'LibreSSL 2.8.3'. See: https://github.com/urllib3/urllib3/issues/3020
  warnings.warn(
HTTP Error 404: {"quoteSummary":{"result":null,"error":{"code":"Not Found","description":"Quote not found for symbol: 5595.T"}}}
$5595.T: possibly delisted; no price data found  (period=5d) (Yahoo error = "No data found, symbol may be delisted")
HTTP Error 404: {"quoteSummary":{"result":null,"error":{"code":"Not Found","description":"Quote not found for symbol: W5_ST"}}}
$W5_ST: possibly delisted; no price data found  (period=5d) (Yahoo error = "No data found, symbol may be delisted")

===== 2026-08-20 13:35 (desk) =====
[band_watch] 0/369 bands priced, none touched

/Users/ajay/Library/Python/3.9/lib/python/site-packages/urllib3/__init__.py:35: NotOpenSSLWarning: urllib3 v2 only supports OpenSSL 1.1.1+, currently the 'ssl' module is compiled with 'LibreSSL 2.8.3'. See: https://github.com/urllib3/urllib3/issues/3020
  warnings.warn(

===== 2026-08-20 15:35 (desk) =====
[band_watch] 0/369 bands priced, none touched

/Users/ajay/Library/Python/3.9/lib/python/site-packages/urllib3/__init__.py:35: NotOpenSSLWarning: urllib3 v2 only supports OpenSSL 1.1.1+, currently the 'ssl' module is compiled with 'LibreSSL 2.8.3'. See: https://github.com/urllib3/urllib3/issues/3020
  warnings.warn(

===== 2026-08-20 17:35 (desk) =====
[band_watch] 0/369 bands priced, none touched

/Users/ajay/Library/Python/3.9/lib/python/site-packages/urllib3/__init__.py:35: NotOpenSSLWarning: urllib3 v2 only supports OpenSSL 1.1.1+, currently the 'ssl' module is compiled with 'LibreSSL 2.8.3'. See: https://github.com/urllib3/urllib3/issues/3020
  warnings.warn(

===== 2026-08-20 19:35 (desk) =====
[band_watch] 0/372 bands priced, none touched

/Users/ajay/Library/Python/3.9/lib/python/site-packages/urllib3/__init__.py:35: NotOpenSSLWarning: urllib3 v2 only supports OpenSSL 1.1.1+, currently the 'ssl' module is compiled with 'LibreSSL 2.8.3'. See: https://github.com/urllib3/urllib3/issues/3020
  warnings.warn(

===== 2026-08-20 21:35 (desk) =====
[band_watch] 0/377 bands priced, none touched

/Users/ajay/Library/Python/3.9/lib/python/site-packages/urllib3/__init__.py:35: NotOpenSSLWarning: urllib3 v2 only supports OpenSSL 1.1.1+, currently the 'ssl' module is compiled with 'LibreSSL 2.8.3'. See: https://github.com/urllib3/urllib3/issues/3020
  warnings.warn(

===== 2026-08-20 23:35 (desk) =====
[band_watch] 0/378 bands priced, none touched

/Users/ajay/Library/Python/3.9/lib/python/site-packages/urllib3/__init__.py:35: NotOpenSSLWarning: urllib3 v2 only supports OpenSSL 1.1.1+, currently the 'ssl' module is compiled with 'LibreSSL 2.8.3'. See: https://github.com/urllib3/urllib3/issues/3020
  warnings.warn(

===== 2026-08-21 01:35 (desk) =====
[band_watch] 0/379 bands priced, none touched

/Users/ajay/Library/Python/3.9/lib/python/site-packages/urllib3/__init__.py:35: NotOpenSSLWarning: urllib3 v2 only supports OpenSSL 1.1.1+, currently the 'ssl' module is compiled with 'LibreSSL 2.8.3'. See: https://github.com/urllib3/urllib3/issues/3020
  warnings.warn(

===== 2026-08-21 03:34 (desk) =====
[band_watch] 0/382 bands priced, none touched

/Users/ajay/Library/Python/3.9/lib/python/site-packages/urllib3/__init__.py:35: NotOpenSSLWarning: urllib3 v2 only supports OpenSSL 1.1.1+, currently the 'ssl' module is compiled with 'LibreSSL 2.8.3'. See: https://github.com/urllib3/urllib3/issues/3020
  warnings.warn(

===== 2026-08-21 05:34 (desk) =====
[band_watch] 0/384 bands priced, none touched

/Users/ajay/Library/Python/3.9/lib/python/site-packages/urllib3/__init__.py:35: NotOpenSSLWarning: urllib3 v2 only supports OpenSSL 1.1.1+, currently the 'ssl' module is compiled with 'LibreSSL 2.8.3'. See: https://github.com/urllib3/urllib3/issues/3020
  warnings.warn(

===== 2026-08-21 07:35 (desk) =====
[band_watch] 0/388 bands priced, none touched

/Users/ajay/Library/Python/3.9/lib/python/site-packages/urllib3/__init__.py:35: NotOpenSSLWarning: urllib3 v2 only supports OpenSSL 1.1.1+, currently the 'ssl' module is compiled with 'LibreSSL 2.8.3'. See: https://github.com/urllib3/urllib3/issues/3020
  warnings.warn(

===== 2026-08-21 09:36 (desk) =====
[band_watch] 0/387 bands priced, none touched

/Users/ajay/Library/Python/3.9/lib/python/site-packages/urllib3/__init__.py:35: NotOpenSSLWarning: urllib3 v2 only supports OpenSSL 1.1.1+, currently the 'ssl' module is compiled with 'LibreSSL 2.8.3'. See: https://github.com/urllib3/urllib3/issues/3020
  warnings.warn(

===== 2026-08-21 11:36 (desk) =====
[band_watch] 0/389 bands priced, none touched

/Users/ajay/Library/Python/3.9/lib/python/site-packages/urllib3/__init__.py:35: NotOpenSSLWarning: urllib3 v2 only supports OpenSSL 1.1.1+, currently the 'ssl' module is compiled with 'LibreSSL 2.8.3'. See: https://github.com/urllib3/urllib3/issues/3020
  warnings.warn(

===== 2026-08-21 13:35 (desk) =====
[band_watch] 0/390 bands priced, none touched

/Users/ajay/Library/Python/3.9/lib/python/site-packages/urllib3/__init__.py:35: NotOpenSSLWarning: urllib3 v2 only supports OpenSSL 1.1.1+, currently the 'ssl' module is compiled with 'LibreSSL 2.8.3'. See: https://github.com/urllib3/urllib3/issues/3020
  warnings.warn(

===== 2026-08-21 15:36 (desk) =====
[band_watch] 0/391 bands priced, none touched

/Users/ajay/Library/Python/3.9/lib/python/site-packages/urllib3/__init__.py:35: NotOpenSSLWarning: urllib3 v2 only supports OpenSSL 1.1.1+, currently the 'ssl' module is compiled with 'LibreSSL 2.8.3'. See: https://github.com/urllib3/urllib3/issues/3020
  warnings.warn(

===== 2026-08-21 17:35 (desk) =====
[band_watch] 0/392 bands priced, none touched

/Users/ajay/Library/Python/3.9/lib/python/site-packages/urllib3/__init__.py:35: NotOpenSSLWarning: urllib3 v2 only supports OpenSSL 1.1.1+, currently the 'ssl' module is compiled with 'LibreSSL 2.8.3'. See: https://github.com/urllib3/urllib3/issues/3020
  warnings.warn(

===== 2026-08-21 19:36 (desk) =====
[band_watch] 0/394 bands priced, none touched

/Users/ajay/Library/Python/3.9/lib/python/site-packages/urllib3/__init__.py:35: NotOpenSSLWarning: urllib3 v2 only supports OpenSSL 1.1.1+, currently the 'ssl' module is compiled with 'LibreSSL 2.8.3'. See: https://github.com/urllib3/urllib3/issues/3020
  warnings.warn(

===== 2026-08-21 21:36 (desk) =====
[band_watch] 0/395 bands priced, none touched

/Users/ajay/Library/Python/3.9/lib/python/site-packages/urllib3/__init__.py:35: NotOpenSSLWarning: urllib3 v2 only supports OpenSSL 1.1.1+, currently the 'ssl' module is compiled with 'LibreSSL 2.8.3'. See: https://github.com/urllib3/urllib3/issues/3020
  warnings.warn(

===== 2026-08-21 23:34 (desk) =====
[band_watch] 0/397 bands priced, none touched

/Users/ajay/Library/Python/3.9/lib/python/site-packages/urllib3/__init__.py:35: NotOpenSSLWarning: urllib3 v2 only supports OpenSSL 1.1.1+, currently the 'ssl' module is compiled with 'LibreSSL 2.8.3'. See: https://github.com/urllib3/urllib3/issues/3020
  warnings.warn(

===== 2026-08-24 01:57 (desk) =====
[band_watch] FIRE: APC 18.40 <= band 18.50 — WATCH band touched; review the record before staging

/Users/ajay/Library/Python/3.9/lib/python/site-packages/urllib3/__init__.py:35: NotOpenSSLWarning: urllib3 v2 only supports OpenSSL 1.1.1+, currently the 'ssl' module is compiled with 'LibreSSL 2.8.3'. See: https://github.com/urllib3/urllib3/issues/3020
  warnings.warn(
HTTP Error 404: {"quoteSummary":{"result":null,"error":{"code":"Not Found","description":"Quote not found for symbol: 5595.T"}}}
$5595.T: possibly delisted; no price data found  (period=5d) (Yahoo error = "No data found, symbol may be delisted")
HTTP Error 404: {"quoteSummary":{"result":null,"error":{"code":"Not Found","description":"Quote not found for symbol: W5_ST"}}}
$W5_ST: possibly delisted; no price data found  (period=5d) (Yahoo error = "No data found, symbol may be delisted")

===== 2026-08-24 03:34 (desk) =====
[band_watch] 0/417 bands priced, none touched

/Users/ajay/Library/Python/3.9/lib/python/site-packages/urllib3/__init__.py:35: NotOpenSSLWarning: urllib3 v2 only supports OpenSSL 1.1.1+, currently the 'ssl' module is compiled with 'LibreSSL 2.8.3'. See: https://github.com/urllib3/urllib3/issues/3020
  warnings.warn(

===== 2026-08-24 05:34 (desk) =====
[band_watch] 0/417 bands priced, none touched

/Users/ajay/Library/Python/3.9/lib/python/site-packages/urllib3/__init__.py:35: NotOpenSSLWarning: urllib3 v2 only supports OpenSSL 1.1.1+, currently the 'ssl' module is compiled with 'LibreSSL 2.8.3'. See: https://github.com/urllib3/urllib3/issues/3020
  warnings.warn(

===== 2026-08-24 07:35 (desk) =====
[band_watch] 0/418 bands priced, none touched

/Users/ajay/Library/Python/3.9/lib/python/site-packages/urllib3/__init__.py:35: NotOpenSSLWarning: urllib3 v2 only supports OpenSSL 1.1.1+, currently the 'ssl' module is compiled with 'LibreSSL 2.8.3'. See: https://github.com/urllib3/urllib3/issues/3020
  warnings.warn(

===== 2026-08-24 09:36 (desk) =====
[band_watch] 0/420 bands priced, none touched

/Users/ajay/Library/Python/3.9/lib/python/site-packages/urllib3/__init__.py:35: NotOpenSSLWarning: urllib3 v2 only supports OpenSSL 1.1.1+, currently the 'ssl' module is compiled with 'LibreSSL 2.8.3'. See: https://github.com/urllib3/urllib3/issues/3020
  warnings.warn(

===== 2026-08-24 11:36 (desk) =====
[band_watch] 0/421 bands priced, none touched

/Users/ajay/Library/Python/3.9/lib/python/site-packages/urllib3/__init__.py:35: NotOpenSSLWarning: urllib3 v2 only supports OpenSSL 1.1.1+, currently the 'ssl' module is compiled with 'LibreSSL 2.8.3'. See: https://github.com/urllib3/urllib3/issues/3020
  warnings.warn(

===== 2026-08-24 13:39 (desk) =====
[band_watch] 0/423 bands priced, none touched

/Users/ajay/Library/Python/3.9/lib/python/site-packages/urllib3/__init__.py:35: NotOpenSSLWarning: urllib3 v2 only supports OpenSSL 1.1.1+, currently the 'ssl' module is compiled with 'LibreSSL 2.8.3'. See: https://github.com/urllib3/urllib3/issues/3020
  warnings.warn(

===== 2026-08-24 15:35 (desk) =====
[band_watch] 0/424 bands priced, none touched

/Users/ajay/Library/Python/3.9/lib/python/site-packages/urllib3/__init__.py:35: NotOpenSSLWarning: urllib3 v2 only supports OpenSSL 1.1.1+, currently the 'ssl' module is compiled with 'LibreSSL 2.8.3'. See: https://github.com/urllib3/urllib3/issues/3020
  warnings.warn(

===== 2026-08-24 17:41 (desk) =====
[band_watch] FIRE: BGSI 86.86 <= band 87.00 — WATCH band touched; review the record before staging

/Users/ajay/Library/Python/3.9/lib/python/site-packages/urllib3/__init__.py:35: NotOpenSSLWarning: urllib3 v2 only supports OpenSSL 1.1.1+, currently the 'ssl' module is compiled with 'LibreSSL 2.8.3'. See: https://github.com/urllib3/urllib3/issues/3020
  warnings.warn(
HTTP Error 404: {"quoteSummary":{"result":null,"error":{"code":"Not Found","description":"Quote not found for symbol: 5595.T"}}}
$5595.T: possibly delisted; no price data found  (period=5d) (Yahoo error = "No data found, symbol may be delisted")
HTTP Error 404: {"quoteSummary":{"result":null,"error":{"code":"Not Found","description":"Quote not found for symbol: W5_ST"}}}
$W5_ST: possibly delisted; no price data found  (period=5d) (Yahoo error = "No data found, symbol may be delisted")

===== 2026-08-24 19:42 (desk) =====
[band_watch] FIRE: 6804.T 2,698.00 <= band 2,700.00 — WATCH band touched; review the record before staging

/Users/ajay/Library/Python/3.9/lib/python/site-packages/urllib3/__init__.py:35: NotOpenSSLWarning: urllib3 v2 only supports OpenSSL 1.1.1+, currently the 'ssl' module is compiled with 'LibreSSL 2.8.3'. See: https://github.com/urllib3/urllib3/issues/3020
  warnings.warn(
HTTP Error 404: {"quoteSummary":{"result":null,"error":{"code":"Not Found","description":"Quote not found for symbol: 5595.T"}}}
$5595.T: possibly delisted; no price data found  (period=5d) (Yahoo error = "No data found, symbol may be delisted")
HTTP Error 404: {"quoteSummary":{"result":null,"error":{"code":"Not Found","description":"Quote not found for symbol: W5_ST"}}}
$W5_ST: possibly delisted; no price data found  (period=5d) (Yahoo error = "No data found, symbol may be delisted")

===== 2026-08-24 21:42 (desk) =====
[band_watch] 424/427 bands priced, none touched

/Users/ajay/Library/Python/3.9/lib/python/site-packages/urllib3/__init__.py:35: NotOpenSSLWarning: urllib3 v2 only supports OpenSSL 1.1.1+, currently the 'ssl' module is compiled with 'LibreSSL 2.8.3'. See: https://github.com/urllib3/urllib3/issues/3020
  warnings.warn(
HTTP Error 404: {"quoteSummary":{"result":null,"error":{"code":"Not Found","description":"Quote not found for symbol: 5595.T"}}}
$5595.T: possibly delisted; no price data found  (period=5d) (Yahoo error = "No data found, symbol may be delisted")
HTTP Error 404: {"quoteSummary":{"result":null,"error":{"code":"Not Found","description":"Quote not found for symbol: W5_ST"}}}
$W5_ST: possibly delisted; no price data found  (period=5d) (Yahoo error = "No data found, symbol may be delisted")

===== 2026-08-24 23:41 (desk) =====
[band_watch] 427/430 bands priced, none touched

/Users/ajay/Library/Python/3.9/lib/python/site-packages/urllib3/__init__.py:35: NotOpenSSLWarning: urllib3 v2 only supports OpenSSL 1.1.1+, currently the 'ssl' module is compiled with 'LibreSSL 2.8.3'. See: https://github.com/urllib3/urllib3/issues/3020
  warnings.warn(
HTTP Error 404: {"quoteSummary":{"result":null,"error":{"code":"Not Found","description":"Quote not found for symbol: 5595.T"}}}
$5595.T: possibly delisted; no price data found  (period=5d) (Yahoo error = "No data found, symbol may be delisted")
HTTP Error 404: {"quoteSummary":{"result":null,"error":{"code":"Not Found","description":"Quote not found for symbol: W5_ST"}}}
$W5_ST: possibly delisted; no price data found  (period=5d) (Yahoo error = "No data found, symbol may be delisted")

===== 2026-08-25 01:41 (desk) =====
[band_watch] 431/434 bands priced, none touched

/Users/ajay/Library/Python/3.9/lib/python/site-packages/urllib3/__init__.py:35: NotOpenSSLWarning: urllib3 v2 only supports OpenSSL 1.1.1+, currently the 'ssl' module is compiled with 'LibreSSL 2.8.3'. See: https://github.com/urllib3/urllib3/issues/3020
  warnings.warn(
HTTP Error 404: {"quoteSummary":{"result":null,"error":{"code":"Not Found","description":"Quote not found for symbol: 5595.T"}}}
$5595.T: possibly delisted; no price data found  (period=5d) (Yahoo error = "No data found, symbol may be delisted")
HTTP Error 404: {"quoteSummary":{"result":null,"error":{"code":"Not Found","description":"Quote not found for symbol: W5_ST"}}}
$W5_ST: possibly delisted; no price data found  (period=5d) (Yahoo error = "No data found, symbol may be delisted")

===== 2026-08-25 03:45 (desk) =====
[band_watch] 431/434 bands priced, none touched

/Users/ajay/Library/Python/3.9/lib/python/site-packages/urllib3/__init__.py:35: NotOpenSSLWarning: urllib3 v2 only supports OpenSSL 1.1.1+, currently the 'ssl' module is compiled with 'LibreSSL 2.8.3'. See: https://github.com/urllib3/urllib3/issues/3020
  warnings.warn(
HTTP Error 404: {"quoteSummary":{"result":null,"error":{"code":"Not Found","description":"Quote not found for symbol: 5595.T"}}}
$5595.T: possibly delisted; no price data found  (period=5d) (Yahoo error = "No data found, symbol may be delisted")
HTTP Error 404: {"quoteSummary":{"result":null,"error":{"code":"Not Found","description":"Quote not found for symbol: W5_ST"}}}
$W5_ST: possibly delisted; no price data found  (period=5d) (Yahoo error = "No data found, symbol may be delisted")

===== 2026-08-25 05:41 (desk) =====
[band_watch] FIRE: RDW 11.38 <= band 12.00 — WATCH band touched; review the record before staging

/Users/ajay/Library/Python/3.9/lib/python/site-packages/urllib3/__init__.py:35: NotOpenSSLWarning: urllib3 v2 only supports OpenSSL 1.1.1+, currently the 'ssl' module is compiled with 'LibreSSL 2.8.3'. See: https://github.com/urllib3/urllib3/issues/3020
  warnings.warn(
HTTP Error 404: {"quoteSummary":{"result":null,"error":{"code":"Not Found","description":"Quote not found for symbol: 5595.T"}}}
$5595.T: possibly delisted; no price data found  (period=5d) (Yahoo error = "No data found, symbol may be delisted")
HTTP Error 404: {"quoteSummary":{"result":null,"error":{"code":"Not Found","description":"Quote not found for symbol: W5_ST"}}}
$W5_ST: possibly delisted; no price data found  (period=5d) (Yahoo error = "No data found, symbol may be delisted")

===== 2026-08-25 07:41 (desk) =====
[band_watch] FIRE: ISRG 368.84 <= band 370.00 — WATCH band touched; review the record before staging
[band_watch] FIRE: ACDC 4.84 <= band 15.00 — WATCH band touched; review the record before staging

/Users/ajay/Library/Python/3.9/lib/python/site-packages/urllib3/__init__.py:35: NotOpenSSLWarning: urllib3 v2 only supports OpenSSL 1.1.1+, currently the 'ssl' module is compiled with 'LibreSSL 2.8.3'. See: https://github.com/urllib3/urllib3/issues/3020
  warnings.warn(
HTTP Error 404: {"quoteSummary":{"result":null,"error":{"code":"Not Found","description":"Quote not found for symbol: 5595.T"}}}
$5595.T: possibly delisted; no price data found  (period=5d) (Yahoo error = "No data found, symbol may be delisted")
HTTP Error 404: {"quoteSummary":{"result":null,"error":{"code":"Not Found","description":"Quote not found for symbol: W5_ST"}}}
$W5_ST: possibly delisted; no price data found  (period=5d) (Yahoo error = "No data found, symbol may be delisted")

===== 2026-08-25 09:42 (desk) =====
[band_watch] FIRE: ONON 29.01 <= band 32.00 — WATCH band touched; review the record before staging

/Users/ajay/Library/Python/3.9/lib/python/site-packages/urllib3/__init__.py:35: NotOpenSSLWarning: urllib3 v2 only supports OpenSSL 1.1.1+, currently the 'ssl' module is compiled with 'LibreSSL 2.8.3'. See: https://github.com/urllib3/urllib3/issues/3020
  warnings.warn(
HTTP Error 404: {"quoteSummary":{"result":null,"error":{"code":"Not Found","description":"Quote not found for symbol: 5595.T"}}}
$5595.T: possibly delisted; no price data found  (period=5d) (Yahoo error = "No data found, symbol may be delisted")
HTTP Error 404: {"quoteSummary":{"result":null,"error":{"code":"Not Found","description":"Quote not found for symbol: W5_ST"}}}
$W5_ST: possibly delisted; no price data found  (period=5d) (Yahoo error = "No data found, symbol may be delisted")

===== 2026-08-25 11:41 (desk) =====
[band_watch] FIRE: BBWI 17.79 <= band 18.00 — WATCH band touched; review the record before staging

/Users/ajay/Library/Python/3.9/lib/python/site-packages/urllib3/__init__.py:35: NotOpenSSLWarning: urllib3 v2 only supports OpenSSL 1.1.1+, currently the 'ssl' module is compiled with 'LibreSSL 2.8.3'. See: https://github.com/urllib3/urllib3/issues/3020
  warnings.warn(
HTTP Error 404: {"quoteSummary":{"result":null,"error":{"code":"Not Found","description":"Quote not found for symbol: 5595.T"}}}
$5595.T: possibly delisted; no price data found  (period=5d) (Yahoo error = "No data found, symbol may be delisted")
HTTP Error 404: {"quoteSummary":{"result":null,"error":{"code":"Not Found","description":"Quote not found for symbol: W5_ST"}}}
$W5_ST: possibly delisted; no price data found  (period=5d) (Yahoo error = "No data found, symbol may be delisted")

===== 2026-08-25 13:41 (desk) =====
[band_watch] 447/450 bands priced, none touched

/Users/ajay/Library/Python/3.9/lib/python/site-packages/urllib3/__init__.py:35: NotOpenSSLWarning: urllib3 v2 only supports OpenSSL 1.1.1+, currently the 'ssl' module is compiled with 'LibreSSL 2.8.3'. See: https://github.com/urllib3/urllib3/issues/3020
  warnings.warn(
HTTP Error 404: {"quoteSummary":{"result":null,"error":{"code":"Not Found","description":"Quote not found for symbol: 5595.T"}}}
$5595.T: possibly delisted; no price data found  (period=5d) (Yahoo error = "No data found, symbol may be delisted")
HTTP Error 404: {"quoteSummary":{"result":null,"error":{"code":"Not Found","description":"Quote not found for symbol: W5_ST"}}}
$W5_ST: possibly delisted; no price data found  (period=5d) (Yahoo error = "No data found, symbol may be delisted")

===== 2026-08-25 15:41 (desk) =====
[band_watch] 450/453 bands priced, none touched

/Users/ajay/Library/Python/3.9/lib/python/site-packages/urllib3/__init__.py:35: NotOpenSSLWarning: urllib3 v2 only supports OpenSSL 1.1.1+, currently the 'ssl' module is compiled with 'LibreSSL 2.8.3'. See: https://github.com/urllib3/urllib3/issues/3020
  warnings.warn(
HTTP Error 404: {"quoteSummary":{"result":null,"error":{"code":"Not Found","description":"Quote not found for symbol: 5595.T"}}}
$5595.T: possibly delisted; no price data found  (period=5d) (Yahoo error = "No data found, symbol may be delisted")
HTTP Error 404: {"quoteSummary":{"result":null,"error":{"code":"Not Found","description":"Quote not found for symbol: W5_ST"}}}
$W5_ST: possibly delisted; no price data found  (period=5d) (Yahoo error = "No data found, symbol may be delisted")

===== 2026-08-25 17:41 (desk) =====
[band_watch] 450/453 bands priced, none touched

/Users/ajay/Library/Python/3.9/lib/python/site-packages/urllib3/__init__.py:35: NotOpenSSLWarning: urllib3 v2 only supports OpenSSL 1.1.1+, currently the 'ssl' module is compiled with 'LibreSSL 2.8.3'. See: https://github.com/urllib3/urllib3/issues/3020
  warnings.warn(
HTTP Error 404: {"quoteSummary":{"result":null,"error":{"code":"Not Found","description":"Quote not found for symbol: 5595.T"}}}
$5595.T: possibly delisted; no price data found  (period=5d) (Yahoo error = "No data found, symbol may be delisted")
HTTP Error 404: {"quoteSummary":{"result":null,"error":{"code":"Not Found","description":"Quote not found for symbol: W5_ST"}}}
$W5_ST: possibly delisted; no price data found  (period=5d) (Yahoo error = "No data found, symbol may be delisted")

===== 2026-08-25 19:41 (desk) =====
[band_watch] 451/454 bands priced, none touched

/Users/ajay/Library/Python/3.9/lib/python/site-packages/urllib3/__init__.py:35: NotOpenSSLWarning: urllib3 v2 only supports OpenSSL 1.1.1+, currently the 'ssl' module is compiled with 'LibreSSL 2.8.3'. See: https://github.com/urllib3/urllib3/issues/3020
  warnings.warn(
HTTP Error 404: {"quoteSummary":{"result":null,"error":{"code":"Not Found","description":"Quote not found for symbol: 5595.T"}}}
$5595.T: possibly delisted; no price data found  (period=5d) (Yahoo error = "No data found, symbol may be delisted")
HTTP Error 404: {"quoteSummary":{"result":null,"error":{"code":"Not Found","description":"Quote not found for symbol: W5_ST"}}}
$W5_ST: possibly delisted; no price data found  (period=5d) (Yahoo error = "No data found, symbol may be delisted")

===== 2026-08-25 21:38 (desk) =====
[band_watch] order-coverage LIVE from blotter: 46 names
[band_watch] 0/432 bands priced, none touched

/Users/ajay/Library/Python/3.9/lib/python/site-packages/urllib3/__init__.py:35: NotOpenSSLWarning: urllib3 v2 only supports OpenSSL 1.1.1+, currently the 'ssl' module is compiled with 'LibreSSL 2.8.3'. See: https://github.com/urllib3/urllib3/issues/3020
  warnings.warn(

===== 2026-08-25 23:39 (desk) =====
[band_watch] blotter unreachable (Failed to connect to IB Gateway on 127.0.0.1:4001 (ClientId=94): ) — STATIC fallback (3 names); coverage may be stale
[band_watch] FIRE: TTI 6.77 <= band 7.00 — WATCH band touched; review the record before staging

positions request timed out
open orders request timed out
completed orders request timed out
account updates for ACCOUNT_ALPHA request timed out
account updates for ACCOUNT_BETA request timed out
/Users/ajay/Library/Python/3.9/lib/python/site-packages/urllib3/__init__.py:35: NotOpenSSLWarning: urllib3 v2 only supports OpenSSL 1.1.1+, currently the 'ssl' module is compiled with 'LibreSSL 2.8.3'. See: https://github.com/urllib3/urllib3/issues/3020
  warnings.warn(
HTTP Error 404: {"quoteSummary":{"result":null,"error":{"code":"Not Found","description":"Quote not found for symbol: 5595.T"}}}
$5595.T: possibly delisted; no price data found  (period=5d) (Yahoo error = "No data found, symbol may be delisted")
HTTP Error 404: {"quoteSummary":{"result":null,"error":{"code":"Not Found","description":"Quote not found for symbol: W5_ST"}}}
$W5_ST: possibly delisted; no price data found  (period=5d) (Yahoo error = "No data found, symbol may be delisted")

===== 2026-08-26 01:38 (desk) =====
[band_watch] order-coverage LIVE from blotter: 47 names
[band_watch] 431/434 bands priced, none touched

/Users/ajay/Library/Python/3.9/lib/python/site-packages/urllib3/__init__.py:35: NotOpenSSLWarning: urllib3 v2 only supports OpenSSL 1.1.1+, currently the 'ssl' module is compiled with 'LibreSSL 2.8.3'. See: https://github.com/urllib3/urllib3/issues/3020
  warnings.warn(
HTTP Error 404: {"quoteSummary":{"result":null,"error":{"code":"Not Found","description":"Quote not found for symbol: 5595.T"}}}
$5595.T: possibly delisted; no price data found  (period=5d) (Yahoo error = "No data found, symbol may be delisted")
HTTP Error 404: {"quoteSummary":{"result":null,"error":{"code":"Not Found","description":"Quote not found for symbol: W5_ST"}}}
$W5_ST: possibly delisted; no price data found  (period=5d) (Yahoo error = "No data found, symbol may be delisted")

===== 2026-08-26 03:59 (desk) =====
[band_watch] order-coverage LIVE from blotter: 47 names
[band_watch] 431/434 bands priced, none touched

/Users/ajay/Library/Python/3.9/lib/python/site-packages/urllib3/__init__.py:35: NotOpenSSLWarning: urllib3 v2 only supports OpenSSL 1.1.1+, currently the 'ssl' module is compiled with 'LibreSSL 2.8.3'. See: https://github.com/urllib3/urllib3/issues/3020
  warnings.warn(
HTTP Error 404: {"quoteSummary":{"result":null,"error":{"code":"Not Found","description":"Quote not found for symbol: 5595.T"}}}
$5595.T: possibly delisted; no price data found  (period=5d) (Yahoo error = "No data found, symbol may be delisted")
HTTP Error 404: {"quoteSummary":{"result":null,"error":{"code":"Not Found","description":"Quote not found for symbol: W5_ST"}}}
$W5_ST: possibly delisted; no price data found  (period=5d) (Yahoo error = "No data found, symbol may be delisted")

===== 2026-08-26 05:38 (desk) =====
[band_watch] order-coverage LIVE from blotter: 47 names
[band_watch] 433/436 bands priced, none touched

/Users/ajay/Library/Python/3.9/lib/python/site-packages/urllib3/__init__.py:35: NotOpenSSLWarning: urllib3 v2 only supports OpenSSL 1.1.1+, currently the 'ssl' module is compiled with 'LibreSSL 2.8.3'. See: https://github.com/urllib3/urllib3/issues/3020
  warnings.warn(
HTTP Error 404: {"quoteSummary":{"result":null,"error":{"code":"Not Found","description":"Quote not found for symbol: 5595.T"}}}
$5595.T: possibly delisted; no price data found  (period=5d) (Yahoo error = "No data found, symbol may be delisted")
HTTP Error 404: {"quoteSummary":{"result":null,"error":{"code":"Not Found","description":"Quote not found for symbol: W5_ST"}}}
$W5_ST: possibly delisted; no price data found  (period=5d) (Yahoo error = "No data found, symbol may be delisted")

===== 2026-08-26 07:38 (desk) =====
[band_watch] order-coverage LIVE from blotter: 47 names
[band_watch] FIRE: DOCU 59.80 <= band 60.00 — WATCH band touched; review the record before staging

/Users/ajay/Library/Python/3.9/lib/python/site-packages/urllib3/__init__.py:35: NotOpenSSLWarning: urllib3 v2 only supports OpenSSL 1.1.1+, currently the 'ssl' module is compiled with 'LibreSSL 2.8.3'. See: https://github.com/urllib3/urllib3/issues/3020
  warnings.warn(
HTTP Error 404: {"quoteSummary":{"result":null,"error":{"code":"Not Found","description":"Quote not found for symbol: 5595.T"}}}
$5595.T: possibly delisted; no price data found  (period=5d) (Yahoo error = "No data found, symbol may be delisted")
HTTP Error 404: {"quoteSummary":{"result":null,"error":{"code":"Not Found","description":"Quote not found for symbol: W5_ST"}}}
$W5_ST: possibly delisted; no price data found  (period=5d) (Yahoo error = "No data found, symbol may be delisted")

===== 2026-08-26 09:38 (desk) =====
[band_watch] order-coverage LIVE from blotter: 47 names
[band_watch] 435/438 bands priced, none touched

/Users/ajay/Library/Python/3.9/lib/python/site-packages/urllib3/__init__.py:35: NotOpenSSLWarning: urllib3 v2 only supports OpenSSL 1.1.1+, currently the 'ssl' module is compiled with 'LibreSSL 2.8.3'. See: https://github.com/urllib3/urllib3/issues/3020
  warnings.warn(
HTTP Error 404: {"quoteSummary":{"result":null,"error":{"code":"Not Found","description":"Quote not found for symbol: 5595.T"}}}
$5595.T: possibly delisted; no price data found  (period=5d) (Yahoo error = "No data found, symbol may be delisted")
HTTP Error 404: {"quoteSummary":{"result":null,"error":{"code":"Not Found","description":"Quote not found for symbol: W5_ST"}}}
$W5_ST: possibly delisted; no price data found  (period=5d) (Yahoo error = "No data found, symbol may be delisted")

===== 2026-08-26 11:38 (desk) =====
[band_watch] order-coverage LIVE from blotter: 47 names
[band_watch] 435/438 bands priced, none touched

/Users/ajay/Library/Python/3.9/lib/python/site-packages/urllib3/__init__.py:35: NotOpenSSLWarning: urllib3 v2 only supports OpenSSL 1.1.1+, currently the 'ssl' module is compiled with 'LibreSSL 2.8.3'. See: https://github.com/urllib3/urllib3/issues/3020
  warnings.warn(
HTTP Error 404: {"quoteSummary":{"result":null,"error":{"code":"Not Found","description":"Quote not found for symbol: 5595.T"}}}
$5595.T: possibly delisted; no price data found  (period=5d) (Yahoo error = "No data found, symbol may be delisted")
HTTP Error 404: {"quoteSummary":{"result":null,"error":{"code":"Not Found","description":"Quote not found for symbol: W5_ST"}}}
$W5_ST: possibly delisted; no price data found  (period=5d) (Yahoo error = "No data found, symbol may be delisted")

===== 2026-08-26 13:39 (desk) =====
[band_watch] order-coverage LIVE from blotter: 47 names
[band_watch] 438/441 bands priced, none touched

/Users/ajay/Library/Python/3.9/lib/python/site-packages/urllib3/__init__.py:35: NotOpenSSLWarning: urllib3 v2 only supports OpenSSL 1.1.1+, currently the 'ssl' module is compiled with 'LibreSSL 2.8.3'. See: https://github.com/urllib3/urllib3/issues/3020
  warnings.warn(
HTTP Error 404: {"quoteSummary":{"result":null,"error":{"code":"Not Found","description":"Quote not found for symbol: 5595.T"}}}
$5595.T: possibly delisted; no price data found  (period=5d) (Yahoo error = "No data found, symbol may be delisted")
HTTP Error 404: {"quoteSummary":{"result":null,"error":{"code":"Not Found","description":"Quote not found for symbol: W5_ST"}}}
$W5_ST: possibly delisted; no price data found  (period=5d) (Yahoo error = "No data found, symbol may be delisted")

===== 2026-08-26 15:39 (desk) =====
[band_watch] order-coverage LIVE from blotter: 47 names
[band_watch] 440/443 bands priced, none touched

/Users/ajay/Library/Python/3.9/lib/python/site-packages/urllib3/__init__.py:35: NotOpenSSLWarning: urllib3 v2 only supports OpenSSL 1.1.1+, currently the 'ssl' module is compiled with 'LibreSSL 2.8.3'. See: https://github.com/urllib3/urllib3/issues/3020
  warnings.warn(
HTTP Error 404: {"quoteSummary":{"result":null,"error":{"code":"Not Found","description":"Quote not found for symbol: 5595.T"}}}
$5595.T: possibly delisted; no price data found  (period=5d) (Yahoo error = "No data found, symbol may be delisted")
HTTP Error 404: {"quoteSummary":{"result":null,"error":{"code":"Not Found","description":"Quote not found for symbol: W5_ST"}}}
$W5_ST: possibly delisted; no price data found  (period=5d) (Yahoo error = "No data found, symbol may be delisted")

===== 2026-08-26 17:39 (desk) =====
[band_watch] order-coverage LIVE from blotter: 47 names
[band_watch] 441/444 bands priced, none touched

/Users/ajay/Library/Python/3.9/lib/python/site-packages/urllib3/__init__.py:35: NotOpenSSLWarning: urllib3 v2 only supports OpenSSL 1.1.1+, currently the 'ssl' module is compiled with 'LibreSSL 2.8.3'. See: https://github.com/urllib3/urllib3/issues/3020
  warnings.warn(
HTTP Error 404: {"quoteSummary":{"result":null,"error":{"code":"Not Found","description":"Quote not found for symbol: 5595.T"}}}
$5595.T: possibly delisted; no price data found  (period=5d) (Yahoo error = "No data found, symbol may be delisted")
HTTP Error 404: {"quoteSummary":{"result":null,"error":{"code":"Not Found","description":"Quote not found for symbol: W5_ST"}}}
$W5_ST: possibly delisted; no price data found  (period=5d) (Yahoo error = "No data found, symbol may be delisted")

===== 2026-08-26 19:39 (desk) =====
[band_watch] blotter unreachable (Failed to connect to IB Gateway on 127.0.0.1:4001 (ClientId=94): ) — STATIC fallback (3 names); coverage may be stale
[band_watch] 466/469 bands priced, none touched

positions request timed out
open orders request timed out
completed orders request timed out
account updates for ACCOUNT_ALPHA request timed out
account updates for ACCOUNT_BETA request timed out
Error 1100, reqId -1: Connectivity between IBKR and Trader Workstation has been lost.
/Users/ajay/Library/Python/3.9/lib/python/site-packages/urllib3/__init__.py:35: NotOpenSSLWarning: urllib3 v2 only supports OpenSSL 1.1.1+, currently the 'ssl' module is compiled with 'LibreSSL 2.8.3'. See: https://github.com/urllib3/urllib3/issues/3020
  warnings.warn(
HTTP Error 404: {"quoteSummary":{"result":null,"error":{"code":"Not Found","description":"Quote not found for symbol: 5595.T"}}}
$5595.T: possibly delisted; no price data found  (period=5d) (Yahoo error = "No data found, symbol may be delisted")
HTTP Error 404: {"quoteSummary":{"result":null,"error":{"code":"Not Found","description":"Quote not found for symbol: W5_ST"}}}
$W5_ST: possibly delisted; no price data found  (period=5d) (Yahoo error = "No data found, symbol may be delisted")

===== 2026-08-26 21:39 (desk) =====
[band_watch] blotter unreachable (Failed to connect to IB Gateway on 127.0.0.1:4001 (ClientId=94): ) — STATIC fallback (3 names); coverage may be stale
[band_watch] 466/469 bands priced, none touched

positions request timed out
open orders request timed out
completed orders request timed out
account updates for ACCOUNT_ALPHA request timed out
account updates for ACCOUNT_BETA request timed out
/Users/ajay/Library/Python/3.9/lib/python/site-packages/urllib3/__init__.py:35: NotOpenSSLWarning: urllib3 v2 only supports OpenSSL 1.1.1+, currently the 'ssl' module is compiled with 'LibreSSL 2.8.3'. See: https://github.com/urllib3/urllib3/issues/3020
  warnings.warn(
HTTP Error 404: {"quoteSummary":{"result":null,"error":{"code":"Not Found","description":"Quote not found for symbol: 5595.T"}}}
$5595.T: possibly delisted; no price data found  (period=5d) (Yahoo error = "No data found, symbol may be delisted")
HTTP Error 404: {"quoteSummary":{"result":null,"error":{"code":"Not Found","description":"Quote not found for symbol: W5_ST"}}}
$W5_ST: possibly delisted; no price data found  (period=5d) (Yahoo error = "No data found, symbol may be delisted")

===== 2026-08-26 23:38 (desk) =====
[band_watch] order-coverage LIVE from blotter: 46 names
[band_watch] 441/444 bands priced, none touched

/Users/ajay/Library/Python/3.9/lib/python/site-packages/urllib3/__init__.py:35: NotOpenSSLWarning: urllib3 v2 only supports OpenSSL 1.1.1+, currently the 'ssl' module is compiled with 'LibreSSL 2.8.3'. See: https://github.com/urllib3/urllib3/issues/3020
  warnings.warn(
HTTP Error 404: {"quoteSummary":{"result":null,"error":{"code":"Not Found","description":"Quote not found for symbol: 5595.T"}}}
$5595.T: possibly delisted; no price data found  (period=5d) (Yahoo error = "No data found, symbol may be delisted")
HTTP Error 404: {"quoteSummary":{"result":null,"error":{"code":"Not Found","description":"Quote not found for symbol: W5_ST"}}}
$W5_ST: possibly delisted; no price data found  (period=5d) (Yahoo error = "No data found, symbol may be delisted")

===== 2026-08-27 01:41 (desk) =====
[band_watch] blotter unreachable (Failed to connect to IB Gateway on 127.0.0.1:4001 (ClientId=94): ) — STATIC fallback (3 names); coverage may be stale
[band_watch] 466/469 bands priced, none touched

positions request timed out
open orders request timed out
completed orders request timed out
account updates for ACCOUNT_ALPHA request timed out
account updates for ACCOUNT_BETA request timed out
/Users/ajay/Library/Python/3.9/lib/python/site-packages/urllib3/__init__.py:35: NotOpenSSLWarning: urllib3 v2 only supports OpenSSL 1.1.1+, currently the 'ssl' module is compiled with 'LibreSSL 2.8.3'. See: https://github.com/urllib3/urllib3/issues/3020
  warnings.warn(
HTTP Error 404: {"quoteSummary":{"result":null,"error":{"code":"Not Found","description":"Quote not found for symbol: 5595.T"}}}
$5595.T: possibly delisted; no price data found  (period=5d) (Yahoo error = "No data found, symbol may be delisted")
HTTP Error 404: {"quoteSummary":{"result":null,"error":{"code":"Not Found","description":"Quote not found for symbol: W5_ST"}}}
$W5_ST: possibly delisted; no price data found  (period=5d) (Yahoo error = "No data found, symbol may be delisted")

===== 2026-08-27 03:41 (desk) =====
[band_watch] blotter unreachable (Failed to connect to IB Gateway on 127.0.0.1:4001 (ClientId=94): ) — STATIC fallback (3 names); coverage may be stale
[band_watch] 466/469 bands priced, none touched

positions request timed out
open orders request timed out
completed orders request timed out
account updates for ACCOUNT_ALPHA request timed out
account updates for ACCOUNT_BETA request timed out
/Users/ajay/Library/Python/3.9/lib/python/site-packages/urllib3/__init__.py:35: NotOpenSSLWarning: urllib3 v2 only supports OpenSSL 1.1.1+, currently the 'ssl' module is compiled with 'LibreSSL 2.8.3'. See: https://github.com/urllib3/urllib3/issues/3020
  warnings.warn(
HTTP Error 404: {"quoteSummary":{"result":null,"error":{"code":"Not Found","description":"Quote not found for symbol: 5595.T"}}}
$5595.T: possibly delisted; no price data found  (period=5d) (Yahoo error = "No data found, symbol may be delisted")
HTTP Error 404: {"quoteSummary":{"result":null,"error":{"code":"Not Found","description":"Quote not found for symbol: W5_ST"}}}
$W5_ST: possibly delisted; no price data found  (period=5d) (Yahoo error = "No data found, symbol may be delisted")

===== 2026-08-27 05:41 (desk) =====
[band_watch] blotter unreachable (Failed to connect to IB Gateway on 127.0.0.1:4001 (ClientId=94): ) — STATIC fallback (3 names); coverage may be stale
[band_watch] 466/469 bands priced, none touched

positions request timed out
open orders request timed out
completed orders request timed out
account updates for ACCOUNT_ALPHA request timed out
account updates for ACCOUNT_BETA request timed out
/Users/ajay/Library/Python/3.9/lib/python/site-packages/urllib3/__init__.py:35: NotOpenSSLWarning: urllib3 v2 only supports OpenSSL 1.1.1+, currently the 'ssl' module is compiled with 'LibreSSL 2.8.3'. See: https://github.com/urllib3/urllib3/issues/3020
  warnings.warn(
HTTP Error 404: {"quoteSummary":{"result":null,"error":{"code":"Not Found","description":"Quote not found for symbol: 5595.T"}}}
$5595.T: possibly delisted; no price data found  (period=5d) (Yahoo error = "No data found, symbol may be delisted")
HTTP Error 404: {"quoteSummary":{"result":null,"error":{"code":"Not Found","description":"Quote not found for symbol: W5_ST"}}}
$W5_ST: possibly delisted; no price data found  (period=5d) (Yahoo error = "No data found, symbol may be delisted")

===== 2026-08-27 07:40 (desk) =====
[band_watch] blotter unreachable (Failed to connect to IB Gateway on 127.0.0.1:4001 (ClientId=94): ) — STATIC fallback (3 names); coverage may be stale
[band_watch] 466/469 bands priced, none touched

positions request timed out
open orders request timed out
completed orders request timed out
account updates for ACCOUNT_ALPHA request timed out
account updates for ACCOUNT_BETA request timed out
/Users/ajay/Library/Python/3.9/lib/python/site-packages/urllib3/__init__.py:35: NotOpenSSLWarning: urllib3 v2 only supports OpenSSL 1.1.1+, currently the 'ssl' module is compiled with 'LibreSSL 2.8.3'. See: https://github.com/urllib3/urllib3/issues/3020
  warnings.warn(
HTTP Error 404: {"quoteSummary":{"result":null,"error":{"code":"Not Found","description":"Quote not found for symbol: 5595.T"}}}
$5595.T: possibly delisted; no price data found  (period=5d) (Yahoo error = "No data found, symbol may be delisted")
HTTP Error 404: {"quoteSummary":{"result":null,"error":{"code":"Not Found","description":"Quote not found for symbol: W5_ST"}}}
$W5_ST: possibly delisted; no price data found  (period=5d) (Yahoo error = "No data found, symbol may be delisted")

===== 2026-08-27 09:39 (desk) =====
[band_watch] order-coverage LIVE from blotter: 46 names
[band_watch] FIRE: FLL 2.08 <= band 2.10 — WATCH band touched; review the record before staging

completed orders request timed out
/Users/ajay/Library/Python/3.9/lib/python/site-packages/urllib3/__init__.py:35: NotOpenSSLWarning: urllib3 v2 only supports OpenSSL 1.1.1+, currently the 'ssl' module is compiled with 'LibreSSL 2.8.3'. See: https://github.com/urllib3/urllib3/issues/3020
  warnings.warn(
HTTP Error 404: {"quoteSummary":{"result":null,"error":{"code":"Not Found","description":"Quote not found for symbol: 5595.T"}}}
$5595.T: possibly delisted; no price data found  (period=5d) (Yahoo error = "No data found, symbol may be delisted")
HTTP Error 404: {"quoteSummary":{"result":null,"error":{"code":"Not Found","description":"Quote not found for symbol: W5_ST"}}}
$W5_ST: possibly delisted; no price data found  (period=5d) (Yahoo error = "No data found, symbol may be delisted")

===== 2026-08-27 11:39 (desk) =====
[band_watch] order-coverage LIVE from blotter: 46 names
[band_watch] FIRE: CMTG 1.65 <= band 1.66 — WATCH band touched; review the record before staging

completed orders request timed out
/Users/ajay/Library/Python/3.9/lib/python/site-packages/urllib3/__init__.py:35: NotOpenSSLWarning: urllib3 v2 only supports OpenSSL 1.1.1+, currently the 'ssl' module is compiled with 'LibreSSL 2.8.3'. See: https://github.com/urllib3/urllib3/issues/3020
  warnings.warn(
HTTP Error 404: {"quoteSummary":{"result":null,"error":{"code":"Not Found","description":"Quote not found for symbol: 5595.T"}}}
$5595.T: possibly delisted; no price data found  (period=5d) (Yahoo error = "No data found, symbol may be delisted")
HTTP Error 404: {"quoteSummary":{"result":null,"error":{"code":"Not Found","description":"Quote not found for symbol: W5_ST"}}}
$W5_ST: possibly delisted; no price data found  (period=5d) (Yahoo error = "No data found, symbol may be delisted")

===== 2026-08-27 13:38 (desk) =====
[band_watch] order-coverage LIVE from blotter: 46 names
[band_watch] 441/444 bands priced, none touched

completed orders request timed out
/Users/ajay/Library/Python/3.9/lib/python/site-packages/urllib3/__init__.py:35: NotOpenSSLWarning: urllib3 v2 only supports OpenSSL 1.1.1+, currently the 'ssl' module is compiled with 'LibreSSL 2.8.3'. See: https://github.com/urllib3/urllib3/issues/3020
  warnings.warn(
HTTP Error 404: {"quoteSummary":{"result":null,"error":{"code":"Not Found","description":"Quote not found for symbol: 5595.T"}}}
$5595.T: possibly delisted; no price data found  (period=5d) (Yahoo error = "No data found, symbol may be delisted")
HTTP Error 404: {"quoteSummary":{"result":null,"error":{"code":"Not Found","description":"Quote not found for symbol: W5_ST"}}}
$W5_ST: possibly delisted; no price data found  (period=5d) (Yahoo error = "No data found, symbol may be delisted")

===== 2026-08-27 15:35 (desk) =====
[band_watch] order-coverage LIVE from blotter: 46 names
[band_watch] 441/444 bands priced, none touched

completed orders request timed out
/Users/ajay/Library/Python/3.9/lib/python/site-packages/urllib3/__init__.py:35: NotOpenSSLWarning: urllib3 v2 only supports OpenSSL 1.1.1+, currently the 'ssl' module is compiled with 'LibreSSL 2.8.3'. See: https://github.com/urllib3/urllib3/issues/3020
  warnings.warn(
HTTP Error 404: {"quoteSummary":{"result":null,"error":{"code":"Not Found","description":"Quote not found for symbol: 5595.T"}}}
$5595.T: possibly delisted; no price data found  (period=5d) (Yahoo error = "No data found, symbol may be delisted")
HTTP Error 404: {"quoteSummary":{"result":null,"error":{"code":"Not Found","description":"Quote not found for symbol: W5_ST"}}}
$W5_ST: possibly delisted; no price data found  (period=5d) (Yahoo error = "No data found, symbol may be delisted")

===== 2026-08-27 17:35 (desk) =====
[band_watch] order-coverage LIVE from blotter: 47 names
[band_watch] 441/444 bands priced, none touched

completed orders request timed out
/Users/ajay/Library/Python/3.9/lib/python/site-packages/urllib3/__init__.py:35: NotOpenSSLWarning: urllib3 v2 only supports OpenSSL 1.1.1+, currently the 'ssl' module is compiled with 'LibreSSL 2.8.3'. See: https://github.com/urllib3/urllib3/issues/3020
  warnings.warn(
HTTP Error 404: {"quoteSummary":{"result":null,"error":{"code":"Not Found","description":"Quote not found for symbol: 5595.T"}}}
$5595.T: possibly delisted; no price data found  (period=5d) (Yahoo error = "No data found, symbol may be delisted")
HTTP Error 404: {"quoteSummary":{"result":null,"error":{"code":"Not Found","description":"Quote not found for symbol: W5_ST"}}}
$W5_ST: possibly delisted; no price data found  (period=5d) (Yahoo error = "No data found, symbol may be delisted")

===== 2026-08-27 19:35 (desk) =====
[band_watch] order-coverage LIVE from blotter: 47 names
[band_watch] 441/444 bands priced, none touched

completed orders request timed out
/Users/ajay/Library/Python/3.9/lib/python/site-packages/urllib3/__init__.py:35: NotOpenSSLWarning: urllib3 v2 only supports OpenSSL 1.1.1+, currently the 'ssl' module is compiled with 'LibreSSL 2.8.3'. See: https://github.com/urllib3/urllib3/issues/3020
  warnings.warn(
HTTP Error 404: {"quoteSummary":{"result":null,"error":{"code":"Not Found","description":"Quote not found for symbol: 5595.T"}}}
$5595.T: possibly delisted; no price data found  (period=5d) (Yahoo error = "No data found, symbol may be delisted")
HTTP Error 404: {"quoteSummary":{"result":null,"error":{"code":"Not Found","description":"Quote not found for symbol: W5_ST"}}}
$W5_ST: possibly delisted; no price data found  (period=5d) (Yahoo error = "No data found, symbol may be delisted")

===== 2026-08-27 21:35 (desk) =====
[band_watch] blotter unreachable (Failed to connect to IB Gateway on 127.0.0.1:4001 (ClientId=94): ) — STATIC fallback (3 names); coverage may be stale
[band_watch] 469/472 bands priced, none touched

positions request timed out
open orders request timed out
completed orders request timed out
account updates for ACCOUNT_ALPHA request timed out
account updates for ACCOUNT_BETA request timed out
/Users/ajay/Library/Python/3.9/lib/python/site-packages/urllib3/__init__.py:35: NotOpenSSLWarning: urllib3 v2 only supports OpenSSL 1.1.1+, currently the 'ssl' module is compiled with 'LibreSSL 2.8.3'. See: https://github.com/urllib3/urllib3/issues/3020
  warnings.warn(
HTTP Error 404: {"quoteSummary":{"result":null,"error":{"code":"Not Found","description":"Quote not found for symbol: 5595.T"}}}
$5595.T: possibly delisted; no price data found  (period=5d) (Yahoo error = "No data found, symbol may be delisted")
HTTP Error 404: {"quoteSummary":{"result":null,"error":{"code":"Not Found","description":"Quote not found for symbol: W5_ST"}}}
$W5_ST: possibly delisted; no price data found  (period=5d) (Yahoo error = "No data found, symbol may be delisted")

===== 2026-08-27 23:39 (desk) =====
[band_watch] blotter unreachable (Failed to connect to IB Gateway on 127.0.0.1:4001 (ClientId=94): ) — STATIC fallback (3 names); coverage may be stale
[band_watch] 469/472 bands priced, none touched

positions request timed out
open orders request timed out
completed orders request timed out
account updates for ACCOUNT_ALPHA request timed out
account updates for ACCOUNT_BETA request timed out
/Users/ajay/Library/Python/3.9/lib/python/site-packages/urllib3/__init__.py:35: NotOpenSSLWarning: urllib3 v2 only supports OpenSSL 1.1.1+, currently the 'ssl' module is compiled with 'LibreSSL 2.8.3'. See: https://github.com/urllib3/urllib3/issues/3020
  warnings.warn(
HTTP Error 404: {"quoteSummary":{"result":null,"error":{"code":"Not Found","description":"Quote not found for symbol: 5595.T"}}}
$5595.T: possibly delisted; no price data found  (period=5d) (Yahoo error = "No data found, symbol may be delisted")
HTTP Error 404: {"quoteSummary":{"result":null,"error":{"code":"Not Found","description":"Quote not found for symbol: W5_ST"}}}
$W5_ST: possibly delisted; no price data found  (period=5d) (Yahoo error = "No data found, symbol may be delisted")

===== 2026-08-28 01:34 (desk) =====
[band_watch] order-coverage LIVE from blotter: 46 names
[band_watch] 443/446 bands priced, none touched

/Users/ajay/Library/Python/3.9/lib/python/site-packages/urllib3/__init__.py:35: NotOpenSSLWarning: urllib3 v2 only supports OpenSSL 1.1.1+, currently the 'ssl' module is compiled with 'LibreSSL 2.8.3'. See: https://github.com/urllib3/urllib3/issues/3020
  warnings.warn(
HTTP Error 404: {"quoteSummary":{"result":null,"error":{"code":"Not Found","description":"Quote not found for symbol: 5595.T"}}}
$5595.T: possibly delisted; no price data found  (period=5d) (Yahoo error = "No data found, symbol may be delisted")
HTTP Error 404: {"quoteSummary":{"result":null,"error":{"code":"Not Found","description":"Quote not found for symbol: W5_ST"}}}
$W5_ST: possibly delisted; no price data found  (period=5d) (Yahoo error = "No data found, symbol may be delisted")

===== 2026-08-28 03:34 (desk) =====
[band_watch] order-coverage LIVE from blotter: 46 names
[band_watch] 445/448 bands priced, none touched

/Users/ajay/Library/Python/3.9/lib/python/site-packages/urllib3/__init__.py:35: NotOpenSSLWarning: urllib3 v2 only supports OpenSSL 1.1.1+, currently the 'ssl' module is compiled with 'LibreSSL 2.8.3'. See: https://github.com/urllib3/urllib3/issues/3020
  warnings.warn(
HTTP Error 404: {"quoteSummary":{"result":null,"error":{"code":"Not Found","description":"Quote not found for symbol: 5595.T"}}}
$5595.T: possibly delisted; no price data found  (period=5d) (Yahoo error = "No data found, symbol may be delisted")
HTTP Error 404: {"quoteSummary":{"result":null,"error":{"code":"Not Found","description":"Quote not found for symbol: W5_ST"}}}
$W5_ST: possibly delisted; no price data found  (period=5d) (Yahoo error = "No data found, symbol may be delisted")

===== 2026-08-28 05:56 (desk) =====
[band_watch] order-coverage LIVE from blotter: 46 names
[band_watch] 445/448 bands priced, none touched

/Users/ajay/Library/Python/3.9/lib/python/site-packages/urllib3/__init__.py:35: NotOpenSSLWarning: urllib3 v2 only supports OpenSSL 1.1.1+, currently the 'ssl' module is compiled with 'LibreSSL 2.8.3'. See: https://github.com/urllib3/urllib3/issues/3020
  warnings.warn(
HTTP Error 404: {"quoteSummary":{"result":null,"error":{"code":"Not Found","description":"Quote not found for symbol: 5595.T"}}}
$5595.T: possibly delisted; no price data found  (period=5d) (Yahoo error = "No data found, symbol may be delisted")
HTTP Error 404: {"quoteSummary":{"result":null,"error":{"code":"Not Found","description":"Quote not found for symbol: W5_ST"}}}
$W5_ST: possibly delisted; no price data found  (period=5d) (Yahoo error = "No data found, symbol may be delisted")

===== 2026-08-28 07:35 (desk) =====
[band_watch] order-coverage LIVE from blotter: 46 names
[band_watch] FIRE: IREN 37.28 <= band 38.70 — WATCH band touched; review the record before staging
[band_watch] FIRE: MNSO 10.11 <= band 10.64 — WATCH band touched; review the record before staging

/Users/ajay/Library/Python/3.9/lib/python/site-packages/urllib3/__init__.py:35: NotOpenSSLWarning: urllib3 v2 only supports OpenSSL 1.1.1+, currently the 'ssl' module is compiled with 'LibreSSL 2.8.3'. See: https://github.com/urllib3/urllib3/issues/3020
  warnings.warn(
HTTP Error 404: {"quoteSummary":{"result":null,"error":{"code":"Not Found","description":"Quote not found for symbol: 5595.T"}}}
$5595.T: possibly delisted; no price data found  (period=5d) (Yahoo error = "No data found, symbol may be delisted")
HTTP Error 404: {"quoteSummary":{"result":null,"error":{"code":"Not Found","description":"Quote not found for symbol: W5_ST"}}}
$W5_ST: possibly delisted; no price data found  (period=5d) (Yahoo error = "No data found, symbol may be delisted")

===== 2026-08-28 09:35 (desk) =====
[band_watch] order-coverage LIVE from blotter: 46 names
[band_watch] FIRE: EVGO 1.38 <= band 1.41 — WATCH band touched; review the record before staging

/Users/ajay/Library/Python/3.9/lib/python/site-packages/urllib3/__init__.py:35: NotOpenSSLWarning: urllib3 v2 only supports OpenSSL 1.1.1+, currently the 'ssl' module is compiled with 'LibreSSL 2.8.3'. See: https://github.com/urllib3/urllib3/issues/3020
  warnings.warn(
HTTP Error 404: {"quoteSummary":{"result":null,"error":{"code":"Not Found","description":"Quote not found for symbol: 5595.T"}}}
$5595.T: possibly delisted; no price data found  (period=5d) (Yahoo error = "No data found, symbol may be delisted")
HTTP Error 404: {"quoteSummary":{"result":null,"error":{"code":"Not Found","description":"Quote not found for symbol: W5_ST"}}}
$W5_ST: possibly delisted; no price data found  (period=5d) (Yahoo error = "No data found, symbol may be delisted")

===== 2026-08-28 11:35 (desk) =====
[band_watch] order-coverage LIVE from blotter: 46 names
[band_watch] FIRE: PL 19.98 <= band 20.00 — WATCH band touched; review the record before staging
[band_watch] FIRE: QUBT 8.10 <= band 8.14 — WATCH band touched; review the record before staging

/Users/ajay/Library/Python/3.9/lib/python/site-packages/urllib3/__init__.py:35: NotOpenSSLWarning: urllib3 v2 only supports OpenSSL 1.1.1+, currently the 'ssl' module is compiled with 'LibreSSL 2.8.3'. See: https://github.com/urllib3/urllib3/issues/3020
  warnings.warn(
HTTP Error 404: {"quoteSummary":{"result":null,"error":{"code":"Not Found","description":"Quote not found for symbol: 5595.T"}}}
$5595.T: possibly delisted; no price data found  (period=5d) (Yahoo error = "No data found, symbol may be delisted")
HTTP Error 404: {"quoteSummary":{"result":null,"error":{"code":"Not Found","description":"Quote not found for symbol: W5_ST"}}}
$W5_ST: possibly delisted; no price data found  (period=5d) (Yahoo error = "No data found, symbol may be delisted")

===== 2026-08-28 13:35 (desk) =====
[band_watch] order-coverage LIVE from blotter: 45 names
[band_watch] FIRE: ESRT 4.59 <= band 4.61 — WATCH band touched; review the record before staging

/Users/ajay/Library/Python/3.9/lib/python/site-packages/urllib3/__init__.py:35: NotOpenSSLWarning: urllib3 v2 only supports OpenSSL 1.1.1+, currently the 'ssl' module is compiled with 'LibreSSL 2.8.3'. See: https://github.com/urllib3/urllib3/issues/3020
  warnings.warn(
HTTP Error 404: {"quoteSummary":{"result":null,"error":{"code":"Not Found","description":"Quote not found for symbol: 5595.T"}}}
$5595.T: possibly delisted; no price data found  (period=5d) (Yahoo error = "No data found, symbol may be delisted")
HTTP Error 404: {"quoteSummary":{"result":null,"error":{"code":"Not Found","description":"Quote not found for symbol: W5_ST"}}}
$W5_ST: possibly delisted; no price data found  (period=5d) (Yahoo error = "No data found, symbol may be delisted")

===== 2026-08-28 15:35 (desk) =====
[band_watch] order-coverage LIVE from blotter: 45 names
[band_watch] 448/451 bands priced, none touched

/Users/ajay/Library/Python/3.9/lib/python/site-packages/urllib3/__init__.py:35: NotOpenSSLWarning: urllib3 v2 only supports OpenSSL 1.1.1+, currently the 'ssl' module is compiled with 'LibreSSL 2.8.3'. See: https://github.com/urllib3/urllib3/issues/3020
  warnings.warn(
HTTP Error 404: {"quoteSummary":{"result":null,"error":{"code":"Not Found","description":"Quote not found for symbol: 5595.T"}}}
$5595.T: possibly delisted; no price data found  (period=5d) (Yahoo error = "No data found, symbol may be delisted")
HTTP Error 404: {"quoteSummary":{"result":null,"error":{"code":"Not Found","description":"Quote not found for symbol: W5_ST"}}}
$W5_ST: possibly delisted; no price data found  (period=5d) (Yahoo error = "No data found, symbol may be delisted")

===== 2026-08-28 17:35 (desk) =====
[band_watch] order-coverage LIVE from blotter: 45 names
[band_watch] 448/451 bands priced, none touched

/Users/ajay/Library/Python/3.9/lib/python/site-packages/urllib3/__init__.py:35: NotOpenSSLWarning: urllib3 v2 only supports OpenSSL 1.1.1+, currently the 'ssl' module is compiled with 'LibreSSL 2.8.3'. See: https://github.com/urllib3/urllib3/issues/3020
  warnings.warn(
HTTP Error 404: {"quoteSummary":{"result":null,"error":{"code":"Not Found","description":"Quote not found for symbol: 5595.T"}}}
$5595.T: possibly delisted; no price data found  (period=5d) (Yahoo error = "No data found, symbol may be delisted")
HTTP Error 404: {"quoteSummary":{"result":null,"error":{"code":"Not Found","description":"Quote not found for symbol: W5_ST"}}}
$W5_ST: possibly delisted; no price data found  (period=5d) (Yahoo error = "No data found, symbol may be delisted")

===== 2026-08-28 19:35 (desk) =====
[band_watch] blotter unreachable (Failed to connect to IB Gateway on 127.0.0.1:4001 (ClientId=94): ) — STATIC fallback (3 names); coverage may be stale
[band_watch] 472/475 bands priced, none touched

positions request timed out
open orders request timed out
completed orders request timed out
account updates for ACCOUNT_ALPHA request timed out
account updates for ACCOUNT_BETA request timed out
/Users/ajay/Library/Python/3.9/lib/python/site-packages/urllib3/__init__.py:35: NotOpenSSLWarning: urllib3 v2 only supports OpenSSL 1.1.1+, currently the 'ssl' module is compiled with 'LibreSSL 2.8.3'. See: https://github.com/urllib3/urllib3/issues/3020
  warnings.warn(
HTTP Error 404: {"quoteSummary":{"result":null,"error":{"code":"Not Found","description":"Quote not found for symbol: 5595.T"}}}
$5595.T: possibly delisted; no price data found  (period=5d) (Yahoo error = "No data found, symbol may be delisted")
HTTP Error 404: {"quoteSummary":{"result":null,"error":{"code":"Not Found","description":"Quote not found for symbol: W5_ST"}}}
$W5_ST: possibly delisted; no price data found  (period=5d) (Yahoo error = "No data found, symbol may be delisted")

===== 2026-08-28 21:35 (desk) =====
[band_watch] blotter unreachable (Failed to connect to IB Gateway on 127.0.0.1:4001 (ClientId=94): ) — STATIC fallback (3 names); coverage may be stale
[band_watch] 472/475 bands priced, none touched

positions request timed out
open orders request timed out
completed orders request timed out
account updates for ACCOUNT_ALPHA request timed out
account updates for ACCOUNT_BETA request timed out
/Users/ajay/Library/Python/3.9/lib/python/site-packages/urllib3/__init__.py:35: NotOpenSSLWarning: urllib3 v2 only supports OpenSSL 1.1.1+, currently the 'ssl' module is compiled with 'LibreSSL 2.8.3'. See: https://github.com/urllib3/urllib3/issues/3020
  warnings.warn(
HTTP Error 404: {"quoteSummary":{"result":null,"error":{"code":"Not Found","description":"Quote not found for symbol: 5595.T"}}}
$5595.T: possibly delisted; no price data found  (period=5d) (Yahoo error = "No data found, symbol may be delisted")
HTTP Error 404: {"quoteSummary":{"result":null,"error":{"code":"Not Found","description":"Quote not found for symbol: W5_ST"}}}
$W5_ST: possibly delisted; no price data found  (period=5d) (Yahoo error = "No data found, symbol may be delisted")

===== 2026-08-28 23:35 (desk) =====
[band_watch] blotter unreachable (Failed to connect to IB Gateway on 127.0.0.1:4001 (ClientId=94): ) — STATIC fallback (3 names); coverage may be stale
[band_watch] 472/475 bands priced, none touched

positions request timed out
open orders request timed out
completed orders request timed out
account updates for ACCOUNT_ALPHA request timed out
account updates for ACCOUNT_BETA request timed out
/Users/ajay/Library/Python/3.9/lib/python/site-packages/urllib3/__init__.py:35: NotOpenSSLWarning: urllib3 v2 only supports OpenSSL 1.1.1+, currently the 'ssl' module is compiled with 'LibreSSL 2.8.3'. See: https://github.com/urllib3/urllib3/issues/3020
  warnings.warn(
HTTP Error 404: {"quoteSummary":{"result":null,"error":{"code":"Not Found","description":"Quote not found for symbol: 5595.T"}}}
$5595.T: possibly delisted; no price data found  (period=5d) (Yahoo error = "No data found, symbol may be delisted")
HTTP Error 404: {"quoteSummary":{"result":null,"error":{"code":"Not Found","description":"Quote not found for symbol: W5_ST"}}}
$W5_ST: possibly delisted; no price data found  (period=5d) (Yahoo error = "No data found, symbol may be delisted")

===== 2026-08-31 00:55 (desk) =====
[band_watch] order-coverage LIVE from blotter: 44 names
[band_watch] 449/452 bands priced, none touched

/Users/ajay/Library/Python/3.9/lib/python/site-packages/urllib3/__init__.py:35: NotOpenSSLWarning: urllib3 v2 only supports OpenSSL 1.1.1+, currently the 'ssl' module is compiled with 'LibreSSL 2.8.3'. See: https://github.com/urllib3/urllib3/issues/3020
  warnings.warn(
HTTP Error 404: {"quoteSummary":{"result":null,"error":{"code":"Not Found","description":"Quote not found for symbol: 5595.T"}}}
$5595.T: possibly delisted; no price data found  (period=5d) (Yahoo error = "No data found, symbol may be delisted")
HTTP Error 404: {"quoteSummary":{"result":null,"error":{"code":"Not Found","description":"Quote not found for symbol: W5_ST"}}}
$W5_ST: possibly delisted; no price data found  (period=5d) (Yahoo error = "No data found, symbol may be delisted")

===== 2026-08-31 02:34 (desk) =====
[band_watch] order-coverage LIVE from blotter: 44 names
[band_watch] 449/452 bands priced, none touched

/Users/ajay/Library/Python/3.9/lib/python/site-packages/urllib3/__init__.py:35: NotOpenSSLWarning: urllib3 v2 only supports OpenSSL 1.1.1+, currently the 'ssl' module is compiled with 'LibreSSL 2.8.3'. See: https://github.com/urllib3/urllib3/issues/3020
  warnings.warn(
HTTP Error 404: {"quoteSummary":{"result":null,"error":{"code":"Not Found","description":"Quote not found for symbol: 5595.T"}}}
$5595.T: possibly delisted; no price data found  (period=5d) (Yahoo error = "No data found, symbol may be delisted")
HTTP Error 404: {"quoteSummary":{"result":null,"error":{"code":"Not Found","description":"Quote not found for symbol: W5_ST"}}}
$W5_ST: possibly delisted; no price data found  (period=5d) (Yahoo error = "No data found, symbol may be delisted")

===== 2026-08-31 04:35 (desk) =====
[band_watch] order-coverage LIVE from blotter: 44 names
[band_watch] 454/457 bands priced, none touched

/Users/ajay/Library/Python/3.9/lib/python/site-packages/urllib3/__init__.py:35: NotOpenSSLWarning: urllib3 v2 only supports OpenSSL 1.1.1+, currently the 'ssl' module is compiled with 'LibreSSL 2.8.3'. See: https://github.com/urllib3/urllib3/issues/3020
  warnings.warn(
HTTP Error 404: {"quoteSummary":{"result":null,"error":{"code":"Not Found","description":"Quote not found for symbol: 5595.T"}}}
$5595.T: possibly delisted; no price data found  (period=5d) (Yahoo error = "No data found, symbol may be delisted")
HTTP Error 404: {"quoteSummary":{"result":null,"error":{"code":"Not Found","description":"Quote not found for symbol: W5_ST"}}}
$W5_ST: possibly delisted; no price data found  (period=5d) (Yahoo error = "No data found, symbol may be delisted")

===== 2026-08-31 06:35 (desk) =====
[band_watch] order-coverage LIVE from blotter: 44 names
[band_watch] FIRE: CROX 119.25 <= band 120.00 — WATCH band touched; review the record before staging

/Users/ajay/Library/Python/3.9/lib/python/site-packages/urllib3/__init__.py:35: NotOpenSSLWarning: urllib3 v2 only supports OpenSSL 1.1.1+, currently the 'ssl' module is compiled with 'LibreSSL 2.8.3'. See: https://github.com/urllib3/urllib3/issues/3020
  warnings.warn(
HTTP Error 404: {"quoteSummary":{"result":null,"error":{"code":"Not Found","description":"Quote not found for symbol: 5595.T"}}}
$5595.T: possibly delisted; no price data found  (period=5d) (Yahoo error = "No data found, symbol may be delisted")
HTTP Error 404: {"quoteSummary":{"result":null,"error":{"code":"Not Found","description":"Quote not found for symbol: W5_ST"}}}
$W5_ST: possibly delisted; no price data found  (period=5d) (Yahoo error = "No data found, symbol may be delisted")

===== 2026-08-31 08:33 (desk) =====
[band_watch] blotter unreachable (Failed to connect to IB Gateway on 127.0.0.1:4001 (ClientId=94): ) — STATIC fallback (3 names); coverage may be stale
[band_watch] 0/478 bands priced, none touched

positions request timed out
open orders request timed out
completed orders request timed out
account updates for ACCOUNT_ALPHA request timed out
account updates for ACCOUNT_BETA request timed out
/Users/ajay/Library/Python/3.9/lib/python/site-packages/urllib3/__init__.py:35: NotOpenSSLWarning: urllib3 v2 only supports OpenSSL 1.1.1+, currently the 'ssl' module is compiled with 'LibreSSL 2.8.3'. See: https://github.com/urllib3/urllib3/issues/3020
  warnings.warn(

===== 2026-08-31 10:35 (desk) =====
[band_watch] order-coverage LIVE from blotter: 43 names
[band_watch] FIRE: UTI 20.92 <= band 21.00 — WATCH band touched; review the record before staging

/Users/ajay/Library/Python/3.9/lib/python/site-packages/urllib3/__init__.py:35: NotOpenSSLWarning: urllib3 v2 only supports OpenSSL 1.1.1+, currently the 'ssl' module is compiled with 'LibreSSL 2.8.3'. See: https://github.com/urllib3/urllib3/issues/3020
  warnings.warn(
HTTP Error 404: {"quoteSummary":{"result":null,"error":{"code":"Not Found","description":"Quote not found for symbol: 5595.T"}}}
$5595.T: possibly delisted; no price data found  (period=5d) (Yahoo error = "No data found, symbol may be delisted")
HTTP Error 404: {"quoteSummary":{"result":null,"error":{"code":"Not Found","description":"Quote not found for symbol: W5_ST"}}}
$W5_ST: possibly delisted; no price data found  (period=5d) (Yahoo error = "No data found, symbol may be delisted")

===== 2026-08-31 12:35 (desk) =====
[band_watch] order-coverage LIVE from blotter: 43 names
[band_watch] 454/457 bands priced, none touched

/Users/ajay/Library/Python/3.9/lib/python/site-packages/urllib3/__init__.py:35: NotOpenSSLWarning: urllib3 v2 only supports OpenSSL 1.1.1+, currently the 'ssl' module is compiled with 'LibreSSL 2.8.3'. See: https://github.com/urllib3/urllib3/issues/3020
  warnings.warn(
HTTP Error 404: {"quoteSummary":{"result":null,"error":{"code":"Not Found","description":"Quote not found for symbol: 5595.T"}}}
$5595.T: possibly delisted; no price data found  (period=5d) (Yahoo error = "No data found, symbol may be delisted")
HTTP Error 404: {"quoteSummary":{"result":null,"error":{"code":"Not Found","description":"Quote not found for symbol: W5_ST"}}}
$W5_ST: possibly delisted; no price data found  (period=5d) (Yahoo error = "No data found, symbol may be delisted")

===== 2026-08-31 14:36 (desk) =====
[band_watch] order-coverage LIVE from blotter: 43 names
[band_watch] 454/457 bands priced, none touched

/Users/ajay/Library/Python/3.9/lib/python/site-packages/urllib3/__init__.py:35: NotOpenSSLWarning: urllib3 v2 only supports OpenSSL 1.1.1+, currently the 'ssl' module is compiled with 'LibreSSL 2.8.3'. See: https://github.com/urllib3/urllib3/issues/3020
  warnings.warn(
HTTP Error 404: {"quoteSummary":{"result":null,"error":{"code":"Not Found","description":"Quote not found for symbol: 5595.T"}}}
$5595.T: possibly delisted; no price data found  (period=5d) (Yahoo error = "No data found, symbol may be delisted")
HTTP Error 404: {"quoteSummary":{"result":null,"error":{"code":"Not Found","description":"Quote not found for symbol: W5_ST"}}}
$W5_ST: possibly delisted; no price data found  (period=5d) (Yahoo error = "No data found, symbol may be delisted")

===== 2026-08-31 16:35 (desk) =====
[band_watch] order-coverage LIVE from blotter: 43 names
[band_watch] 453/456 bands priced, none touched

/Users/ajay/Library/Python/3.9/lib/python/site-packages/urllib3/__init__.py:35: NotOpenSSLWarning: urllib3 v2 only supports OpenSSL 1.1.1+, currently the 'ssl' module is compiled with 'LibreSSL 2.8.3'. See: https://github.com/urllib3/urllib3/issues/3020
  warnings.warn(
HTTP Error 404: {"quoteSummary":{"result":null,"error":{"code":"Not Found","description":"Quote not found for symbol: 5595.T"}}}
$5595.T: possibly delisted; no price data found  (period=5d) (Yahoo error = "No data found, symbol may be delisted")
HTTP Error 404: {"quoteSummary":{"result":null,"error":{"code":"Not Found","description":"Quote not found for symbol: W5_ST"}}}
$W5_ST: possibly delisted; no price data found  (period=5d) (Yahoo error = "No data found, symbol may be delisted")

===== 2026-08-31 18:36 (desk) =====
[band_watch] blotter unreachable (Failed to connect to IB Gateway on 127.0.0.1:4001 (ClientId=94): ) — STATIC fallback (3 names); coverage may be stale
[band_watch] 475/478 bands priced, none touched

positions request timed out
open orders request timed out
completed orders request timed out
account updates for ACCOUNT_ALPHA request timed out
account updates for ACCOUNT_BETA request timed out
/Users/ajay/Library/Python/3.9/lib/python/site-packages/urllib3/__init__.py:35: NotOpenSSLWarning: urllib3 v2 only supports OpenSSL 1.1.1+, currently the 'ssl' module is compiled with 'LibreSSL 2.8.3'. See: https://github.com/urllib3/urllib3/issues/3020
  warnings.warn(
HTTP Error 404: {"quoteSummary":{"result":null,"error":{"code":"Not Found","description":"Quote not found for symbol: 5595.T"}}}
$5595.T: possibly delisted; no price data found  (period=5d) (Yahoo error = "No data found, symbol may be delisted")
HTTP Error 404: {"quoteSummary":{"result":null,"error":{"code":"Not Found","description":"Quote not found for symbol: W5_ST"}}}
$W5_ST: possibly delisted; no price data found  (period=5d) (Yahoo error = "No data found, symbol may be delisted")

===== 2026-08-31 20:40 (desk) =====
[band_watch] order-coverage LIVE from blotter: 43 names
[band_watch] 454/457 bands priced, none touched

/Users/ajay/Library/Python/3.9/lib/python/site-packages/urllib3/__init__.py:35: NotOpenSSLWarning: urllib3 v2 only supports OpenSSL 1.1.1+, currently the 'ssl' module is compiled with 'LibreSSL 2.8.3'. See: https://github.com/urllib3/urllib3/issues/3020
  warnings.warn(
HTTP Error 404: {"quoteSummary":{"result":null,"error":{"code":"Not Found","description":"Quote not found for symbol: 5595.T"}}}
$5595.T: possibly delisted; no price data found  (period=5d) (Yahoo error = "No data found, symbol may be delisted")
HTTP Error 404: {"quoteSummary":{"result":null,"error":{"code":"Not Found","description":"Quote not found for symbol: W5_ST"}}}
$W5_ST: possibly delisted; no price data found  (period=5d) (Yahoo error = "No data found, symbol may be delisted")

===== 2026-08-31 22:40 (desk) =====
[band_watch] order-coverage LIVE from blotter: 43 names
[band_watch] 457/460 bands priced, none touched

/Users/ajay/Library/Python/3.9/lib/python/site-packages/urllib3/__init__.py:35: NotOpenSSLWarning: urllib3 v2 only supports OpenSSL 1.1.1+, currently the 'ssl' module is compiled with 'LibreSSL 2.8.3'. See: https://github.com/urllib3/urllib3/issues/3020
  warnings.warn(
HTTP Error 404: {"quoteSummary":{"result":null,"error":{"code":"Not Found","description":"Quote not found for symbol: 5595.T"}}}
$5595.T: possibly delisted; no price data found  (period=5d) (Yahoo error = "No data found, symbol may be delisted")
HTTP Error 404: {"quoteSummary":{"result":null,"error":{"code":"Not Found","description":"Quote not found for symbol: W5_ST"}}}
$W5_ST: possibly delisted; no price data found  (period=5d) (Yahoo error = "No data found, symbol may be delisted")

===== 2026-09-01 00:34 (desk) =====
[band_watch] order-coverage LIVE from blotter: 43 names
[band_watch] 457/460 bands priced, none touched

/Users/ajay/Library/Python/3.9/lib/python/site-packages/urllib3/__init__.py:35: NotOpenSSLWarning: urllib3 v2 only supports OpenSSL 1.1.1+, currently the 'ssl' module is compiled with 'LibreSSL 2.8.3'. See: https://github.com/urllib3/urllib3/issues/3020
  warnings.warn(
HTTP Error 404: {"quoteSummary":{"result":null,"error":{"code":"Not Found","description":"Quote not found for symbol: 5595.T"}}}
$5595.T: possibly delisted; no price data found  (period=5d) (Yahoo error = "No data found, symbol may be delisted")
HTTP Error 404: {"quoteSummary":{"result":null,"error":{"code":"Not Found","description":"Quote not found for symbol: W5_ST"}}}
$W5_ST: possibly delisted; no price data found  (period=5d) (Yahoo error = "No data found, symbol may be delisted")

===== 2026-09-01 02:35 (desk) =====
[band_watch] order-coverage LIVE from blotter: 43 names
[band_watch] 457/460 bands priced, none touched

/Users/ajay/Library/Python/3.9/lib/python/site-packages/urllib3/__init__.py:35: NotOpenSSLWarning: urllib3 v2 only supports OpenSSL 1.1.1+, currently the 'ssl' module is compiled with 'LibreSSL 2.8.3'. See: https://github.com/urllib3/urllib3/issues/3020
  warnings.warn(
HTTP Error 404: {"quoteSummary":{"result":null,"error":{"code":"Not Found","description":"Quote not found for symbol: 5595.T"}}}
$5595.T: possibly delisted; no price data found  (period=5d) (Yahoo error = "No data found, symbol may be delisted")
HTTP Error 404: {"quoteSummary":{"result":null,"error":{"code":"Not Found","description":"Quote not found for symbol: W5_ST"}}}
$W5_ST: possibly delisted; no price data found  (period=5d) (Yahoo error = "No data found, symbol may be delisted")

===== 2026-09-01 04:37 (desk) =====
[band_watch] order-coverage LIVE from blotter: 43 names
[band_watch] 458/461 bands priced, none touched

/Users/ajay/Library/Python/3.9/lib/python/site-packages/urllib3/__init__.py:35: NotOpenSSLWarning: urllib3 v2 only supports OpenSSL 1.1.1+, currently the 'ssl' module is compiled with 'LibreSSL 2.8.3'. See: https://github.com/urllib3/urllib3/issues/3020
  warnings.warn(
HTTP Error 404: {"quoteSummary":{"result":null,"error":{"code":"Not Found","description":"Quote not found for symbol: 5595.T"}}}
$5595.T: possibly delisted; no price data found  (period=5d) (Yahoo error = "No data found, symbol may be delisted")
HTTP Error 404: {"quoteSummary":{"result":null,"error":{"code":"Not Found","description":"Quote not found for symbol: W5_ST"}}}
$W5_ST: possibly delisted; no price data found  (period=5d) (Yahoo error = "No data found, symbol may be delisted")

===== 2026-09-01 06:35 (desk) =====
[band_watch] order-coverage LIVE from blotter: 44 names
[band_watch] FIRE: BLDR 64.94 <= band 65.10 — WATCH band touched; review the record before staging

/Users/ajay/Library/Python/3.9/lib/python/site-packages/urllib3/__init__.py:35: NotOpenSSLWarning: urllib3 v2 only supports OpenSSL 1.1.1+, currently the 'ssl' module is compiled with 'LibreSSL 2.8.3'. See: https://github.com/urllib3/urllib3/issues/3020
  warnings.warn(
HTTP Error 404: {"quoteSummary":{"result":null,"error":{"code":"Not Found","description":"Quote not found for symbol: 5595.T"}}}
$5595.T: possibly delisted; no price data found  (period=5d) (Yahoo error = "No data found, symbol may be delisted")
HTTP Error 404: {"quoteSummary":{"result":null,"error":{"code":"Not Found","description":"Quote not found for symbol: W5_ST"}}}
$W5_ST: possibly delisted; no price data found  (period=5d) (Yahoo error = "No data found, symbol may be delisted")

===== 2026-09-01 08:35 (desk) =====
[band_watch] order-coverage LIVE from blotter: 43 names
[band_watch] FIRE: FA 20.25 <= band 20.30 — WATCH band touched; review the record before staging

/Users/ajay/Library/Python/3.9/lib/python/site-packages/urllib3/__init__.py:35: NotOpenSSLWarning: urllib3 v2 only supports OpenSSL 1.1.1+, currently the 'ssl' module is compiled with 'LibreSSL 2.8.3'. See: https://github.com/urllib3/urllib3/issues/3020
  warnings.warn(
HTTP Error 404: {"quoteSummary":{"result":null,"error":{"code":"Not Found","description":"Quote not found for symbol: 5595.T"}}}
$5595.T: possibly delisted; no price data found  (period=5d) (Yahoo error = "No data found, symbol may be delisted")
HTTP Error 404: {"quoteSummary":{"result":null,"error":{"code":"Not Found","description":"Quote not found for symbol: W5_ST"}}}
$W5_ST: possibly delisted; no price data found  (period=5d) (Yahoo error = "No data found, symbol may be delisted")

===== 2026-09-01 10:35 (desk) =====
[band_watch] order-coverage LIVE from blotter: 43 names
[band_watch] 457/460 bands priced, none touched

/Users/ajay/Library/Python/3.9/lib/python/site-packages/urllib3/__init__.py:35: NotOpenSSLWarning: urllib3 v2 only supports OpenSSL 1.1.1+, currently the 'ssl' module is compiled with 'LibreSSL 2.8.3'. See: https://github.com/urllib3/urllib3/issues/3020
  warnings.warn(
HTTP Error 404: {"quoteSummary":{"result":null,"error":{"code":"Not Found","description":"Quote not found for symbol: 5595.T"}}}
$5595.T: possibly delisted; no price data found  (period=5d) (Yahoo error = "No data found, symbol may be delisted")
HTTP Error 404: {"quoteSummary":{"result":null,"error":{"code":"Not Found","description":"Quote not found for symbol: W5_ST"}}}
$W5_ST: possibly delisted; no price data found  (period=5d) (Yahoo error = "No data found, symbol may be delisted")

===== 2026-09-01 12:35 (desk) =====
[band_watch] order-coverage LIVE from blotter: 43 names
[band_watch] FIRE: ASR 249.75 <= band 250.00 — WATCH band touched; review the record before staging
[band_watch] FIRE: UPST 27.33 <= band 27.44 — WATCH band touched; review the record before staging

/Users/ajay/Library/Python/3.9/lib/python/site-packages/urllib3/__init__.py:35: NotOpenSSLWarning: urllib3 v2 only supports OpenSSL 1.1.1+, currently the 'ssl' module is compiled with 'LibreSSL 2.8.3'. See: https://github.com/urllib3/urllib3/issues/3020
  warnings.warn(
HTTP Error 404: {"quoteSummary":{"result":null,"error":{"code":"Not Found","description":"Quote not found for symbol: 5595.T"}}}
$5595.T: possibly delisted; no price data found  (period=5d) (Yahoo error = "No data found, symbol may be delisted")
HTTP Error 404: {"quoteSummary":{"result":null,"error":{"code":"Not Found","description":"Quote not found for symbol: W5_ST"}}}
$W5_ST: possibly delisted; no price data found  (period=5d) (Yahoo error = "No data found, symbol may be delisted")

===== 2026-09-01 14:35 (desk) =====
[band_watch] order-coverage LIVE from blotter: 43 names
[band_watch] 456/459 bands priced, none touched

/Users/ajay/Library/Python/3.9/lib/python/site-packages/urllib3/__init__.py:35: NotOpenSSLWarning: urllib3 v2 only supports OpenSSL 1.1.1+, currently the 'ssl' module is compiled with 'LibreSSL 2.8.3'. See: https://github.com/urllib3/urllib3/issues/3020
  warnings.warn(
HTTP Error 404: {"quoteSummary":{"result":null,"error":{"code":"Not Found","description":"Quote not found for symbol: 5595.T"}}}
$5595.T: possibly delisted; no price data found  (period=5d) (Yahoo error = "No data found, symbol may be delisted")
HTTP Error 404: {"quoteSummary":{"result":null,"error":{"code":"Not Found","description":"Quote not found for symbol: W5_ST"}}}
$W5_ST: possibly delisted; no price data found  (period=5d) (Yahoo error = "No data found, symbol may be delisted")

===== 2026-09-01 16:35 (desk) =====
[band_watch] order-coverage LIVE from blotter: 43 names
[band_watch] 456/459 bands priced, none touched

/Users/ajay/Library/Python/3.9/lib/python/site-packages/urllib3/__init__.py:35: NotOpenSSLWarning: urllib3 v2 only supports OpenSSL 1.1.1+, currently the 'ssl' module is compiled with 'LibreSSL 2.8.3'. See: https://github.com/urllib3/urllib3/issues/3020
  warnings.warn(
HTTP Error 404: {"quoteSummary":{"result":null,"error":{"code":"Not Found","description":"Quote not found for symbol: 5595.T"}}}
$5595.T: possibly delisted; no price data found  (period=5d) (Yahoo error = "No data found, symbol may be delisted")
HTTP Error 404: {"quoteSummary":{"result":null,"error":{"code":"Not Found","description":"Quote not found for symbol: W5_ST"}}}
$W5_ST: possibly delisted; no price data found  (period=5d) (Yahoo error = "No data found, symbol may be delisted")

===== 2026-09-01 18:35 (desk) =====
[band_watch] blotter unreachable (Failed to connect to IB Gateway on 127.0.0.1:4001 (ClientId=94): ) — STATIC fallback (3 names); coverage may be stale
[band_watch] 478/481 bands priced, none touched

positions request timed out
open orders request timed out
completed orders request timed out
account updates for ACCOUNT_ALPHA request timed out
account updates for ACCOUNT_BETA request timed out
/Users/ajay/Library/Python/3.9/lib/python/site-packages/urllib3/__init__.py:35: NotOpenSSLWarning: urllib3 v2 only supports OpenSSL 1.1.1+, currently the 'ssl' module is compiled with 'LibreSSL 2.8.3'. See: https://github.com/urllib3/urllib3/issues/3020
  warnings.warn(
HTTP Error 404: {"quoteSummary":{"result":null,"error":{"code":"Not Found","description":"Quote not found for symbol: 5595.T"}}}
$5595.T: possibly delisted; no price data found  (period=5d) (Yahoo error = "No data found, symbol may be delisted")
HTTP Error 404: {"quoteSummary":{"result":null,"error":{"code":"Not Found","description":"Quote not found for symbol: W5_ST"}}}
$W5_ST: possibly delisted; no price data found  (period=5d) (Yahoo error = "No data found, symbol may be delisted")

===== 2026-09-01 20:35 (desk) =====
[band_watch] blotter unreachable (Failed to connect to IB Gateway on 127.0.0.1:4001 (ClientId=94): ) — STATIC fallback (3 names); coverage may be stale
[band_watch] 478/481 bands priced, none touched

positions request timed out
open orders request timed out
completed orders request timed out
account updates for ACCOUNT_ALPHA request timed out
account updates for ACCOUNT_BETA request timed out
/Users/ajay/Library/Python/3.9/lib/python/site-packages/urllib3/__init__.py:35: NotOpenSSLWarning: urllib3 v2 only supports OpenSSL 1.1.1+, currently the 'ssl' module is compiled with 'LibreSSL 2.8.3'. See: https://github.com/urllib3/urllib3/issues/3020
  warnings.warn(
HTTP Error 404: {"quoteSummary":{"result":null,"error":{"code":"Not Found","description":"Quote not found for symbol: 5595.T"}}}
$5595.T: possibly delisted; no price data found  (period=5d) (Yahoo error = "No data found, symbol may be delisted")
HTTP Error 404: {"quoteSummary":{"result":null,"error":{"code":"Not Found","description":"Quote not found for symbol: W5_ST"}}}
$W5_ST: possibly delisted; no price data found  (period=5d) (Yahoo error = "No data found, symbol may be delisted")

===== 2026-09-01 22:30 (desk) =====
[band_watch] order-coverage LIVE from blotter: 44 names
[band_watch] 0/458 bands priced, none touched

/Users/ajay/Library/Python/3.9/lib/python/site-packages/urllib3/__init__.py:35: NotOpenSSLWarning: urllib3 v2 only supports OpenSSL 1.1.1+, currently the 'ssl' module is compiled with 'LibreSSL 2.8.3'. See: https://github.com/urllib3/urllib3/issues/3020
  warnings.warn(

===== 2026-09-01 23:34 (desk) =====
[band_watch] order-coverage LIVE from blotter: 44 names
[band_watch] 455/458 bands priced, none touched

/Users/ajay/Library/Python/3.9/lib/python/site-packages/urllib3/__init__.py:35: NotOpenSSLWarning: urllib3 v2 only supports OpenSSL 1.1.1+, currently the 'ssl' module is compiled with 'LibreSSL 2.8.3'. See: https://github.com/urllib3/urllib3/issues/3020
  warnings.warn(
HTTP Error 404: {"quoteSummary":{"result":null,"error":{"code":"Not Found","description":"Quote not found for symbol: 5595.T"}}}
$5595.T: possibly delisted; no price data found  (period=5d) (Yahoo error = "No data found, symbol may be delisted")
HTTP Error 404: {"quoteSummary":{"result":null,"error":{"code":"Not Found","description":"Quote not found for symbol: W5_ST"}}}
$W5_ST: possibly delisted; no price data found  (period=5d) (Yahoo error = "No data found, symbol may be delisted")

===== 2026-09-02 01:34 (desk) =====
[band_watch] order-coverage LIVE from blotter: 44 names
[band_watch] 0/460 bands priced, none touched

/Users/ajay/Library/Python/3.9/lib/python/site-packages/urllib3/__init__.py:35: NotOpenSSLWarning: urllib3 v2 only supports OpenSSL 1.1.1+, currently the 'ssl' module is compiled with 'LibreSSL 2.8.3'. See: https://github.com/urllib3/urllib3/issues/3020
  warnings.warn(

===== 2026-09-02 03:34 (desk) =====
[band_watch] order-coverage LIVE from blotter: 44 names
[band_watch] 0/462 bands priced, none touched

/Users/ajay/Library/Python/3.9/lib/python/site-packages/urllib3/__init__.py:35: NotOpenSSLWarning: urllib3 v2 only supports OpenSSL 1.1.1+, currently the 'ssl' module is compiled with 'LibreSSL 2.8.3'. See: https://github.com/urllib3/urllib3/issues/3020
  warnings.warn(

===== 2026-09-02 05:34 (desk) =====
[band_watch] order-coverage LIVE from blotter: 44 names
[band_watch] 0/466 bands priced, none touched

/Users/ajay/Library/Python/3.9/lib/python/site-packages/urllib3/__init__.py:35: NotOpenSSLWarning: urllib3 v2 only supports OpenSSL 1.1.1+, currently the 'ssl' module is compiled with 'LibreSSL 2.8.3'. See: https://github.com/urllib3/urllib3/issues/3020
  warnings.warn(

===== 2026-09-02 07:35 (desk) =====
[band_watch] blotter unreachable (Failed to connect to IB Gateway on 127.0.0.1:4001 (ClientId=94): ) — STATIC fallback (3 names); coverage may be stale
[band_watch] 487/490 bands priced, none touched

positions request timed out
open orders request timed out
completed orders request timed out
account updates for ACCOUNT_ALPHA request timed out
account updates for ACCOUNT_BETA request timed out
/Users/ajay/Library/Python/3.9/lib/python/site-packages/urllib3/__init__.py:35: NotOpenSSLWarning: urllib3 v2 only supports OpenSSL 1.1.1+, currently the 'ssl' module is compiled with 'LibreSSL 2.8.3'. See: https://github.com/urllib3/urllib3/issues/3020
  warnings.warn(
HTTP Error 404: {"quoteSummary":{"result":null,"error":{"code":"Not Found","description":"Quote not found for symbol: 5595.T"}}}
$5595.T: possibly delisted; no price data found  (period=5d) (Yahoo error = "No data found, symbol may be delisted")
HTTP Error 404: {"quoteSummary":{"result":null,"error":{"code":"Not Found","description":"Quote not found for symbol: W5_ST"}}}
$W5_ST: possibly delisted; no price data found  (period=5d) (Yahoo error = "No data found, symbol may be delisted")

===== 2026-09-02 09:35 (desk) =====
[band_watch] order-coverage LIVE from blotter: 31 names
[band_watch] 470/473 bands priced, none touched

/Users/ajay/Library/Python/3.9/lib/python/site-packages/urllib3/__init__.py:35: NotOpenSSLWarning: urllib3 v2 only supports OpenSSL 1.1.1+, currently the 'ssl' module is compiled with 'LibreSSL 2.8.3'. See: https://github.com/urllib3/urllib3/issues/3020
  warnings.warn(
HTTP Error 404: {"quoteSummary":{"result":null,"error":{"code":"Not Found","description":"Quote not found for symbol: 5595.T"}}}
$5595.T: possibly delisted; no price data found  (period=5d) (Yahoo error = "No data found, symbol may be delisted")
HTTP Error 404: {"quoteSummary":{"result":null,"error":{"code":"Not Found","description":"Quote not found for symbol: W5_ST"}}}
$W5_ST: possibly delisted; no price data found  (period=5d) (Yahoo error = "No data found, symbol may be delisted")

===== 2026-09-02 11:35 (desk) =====
[band_watch] order-coverage LIVE from blotter: 31 names
[band_watch] 470/473 bands priced, none touched

/Users/ajay/Library/Python/3.9/lib/python/site-packages/urllib3/__init__.py:35: NotOpenSSLWarning: urllib3 v2 only supports OpenSSL 1.1.1+, currently the 'ssl' module is compiled with 'LibreSSL 2.8.3'. See: https://github.com/urllib3/urllib3/issues/3020
  warnings.warn(
HTTP Error 404: {"quoteSummary":{"result":null,"error":{"code":"Not Found","description":"Quote not found for symbol: 5595.T"}}}
$5595.T: possibly delisted; no price data found  (period=5d) (Yahoo error = "No data found, symbol may be delisted")
HTTP Error 404: {"quoteSummary":{"result":null,"error":{"code":"Not Found","description":"Quote not found for symbol: W5_ST"}}}
$W5_ST: possibly delisted; no price data found  (period=5d) (Yahoo error = "No data found, symbol may be delisted")

===== 2026-09-02 13:35 (desk) =====
[band_watch] order-coverage LIVE from blotter: 31 names
[band_watch] 472/475 bands priced, none touched

/Users/ajay/Library/Python/3.9/lib/python/site-packages/urllib3/__init__.py:35: NotOpenSSLWarning: urllib3 v2 only supports OpenSSL 1.1.1+, currently the 'ssl' module is compiled with 'LibreSSL 2.8.3'. See: https://github.com/urllib3/urllib3/issues/3020
  warnings.warn(
HTTP Error 404: {"quoteSummary":{"result":null,"error":{"code":"Not Found","description":"Quote not found for symbol: 5595.T"}}}
$5595.T: possibly delisted; no price data found  (period=5d) (Yahoo error = "No data found, symbol may be delisted")
HTTP Error 404: {"quoteSummary":{"result":null,"error":{"code":"Not Found","description":"Quote not found for symbol: W5_ST"}}}
$W5_ST: possibly delisted; no price data found  (period=5d) (Yahoo error = "No data found, symbol may be delisted")

===== 2026-09-02 15:35 (desk) =====
[band_watch] order-coverage LIVE from blotter: 31 names
[band_watch] 472/475 bands priced, none touched

/Users/ajay/Library/Python/3.9/lib/python/site-packages/urllib3/__init__.py:35: NotOpenSSLWarning: urllib3 v2 only supports OpenSSL 1.1.1+, currently the 'ssl' module is compiled with 'LibreSSL 2.8.3'. See: https://github.com/urllib3/urllib3/issues/3020
  warnings.warn(
HTTP Error 404: {"quoteSummary":{"result":null,"error":{"code":"Not Found","description":"Quote not found for symbol: 5595.T"}}}
$5595.T: possibly delisted; no price data found  (period=5d) (Yahoo error = "No data found, symbol may be delisted")
HTTP Error 404: {"quoteSummary":{"result":null,"error":{"code":"Not Found","description":"Quote not found for symbol: W5_ST"}}}
$W5_ST: possibly delisted; no price data found  (period=5d) (Yahoo error = "No data found, symbol may be delisted")

===== 2026-09-02 17:35 (desk) =====
[band_watch] order-coverage LIVE from blotter: 31 names
[band_watch] 472/475 bands priced, none touched

/Users/ajay/Library/Python/3.9/lib/python/site-packages/urllib3/__init__.py:35: NotOpenSSLWarning: urllib3 v2 only supports OpenSSL 1.1.1+, currently the 'ssl' module is compiled with 'LibreSSL 2.8.3'. See: https://github.com/urllib3/urllib3/issues/3020
  warnings.warn(
HTTP Error 404: {"quoteSummary":{"result":null,"error":{"code":"Not Found","description":"Quote not found for symbol: 5595.T"}}}
$5595.T: possibly delisted; no price data found  (period=5d) (Yahoo error = "No data found, symbol may be delisted")
HTTP Error 404: {"quoteSummary":{"result":null,"error":{"code":"Not Found","description":"Quote not found for symbol: W5_ST"}}}
$W5_ST: possibly delisted; no price data found  (period=5d) (Yahoo error = "No data found, symbol may be delisted")

===== 2026-09-02 19:36 (desk) =====
[band_watch] blotter unreachable (Failed to connect to IB Gateway on 127.0.0.1:4001 (ClientId=94): ) — STATIC fallback (3 names); coverage may be stale
[band_watch] 483/486 bands priced, none touched

positions request timed out
open orders request timed out
completed orders request timed out
account updates for ACCOUNT_ALPHA request timed out
account updates for ACCOUNT_BETA request timed out
/Users/ajay/Library/Python/3.9/lib/python/site-packages/urllib3/__init__.py:35: NotOpenSSLWarning: urllib3 v2 only supports OpenSSL 1.1.1+, currently the 'ssl' module is compiled with 'LibreSSL 2.8.3'. See: https://github.com/urllib3/urllib3/issues/3020
  warnings.warn(
HTTP Error 404: {"quoteSummary":{"result":null,"error":{"code":"Not Found","description":"Quote not found for symbol: 5595.T"}}}
$5595.T: possibly delisted; no price data found  (period=5d) (Yahoo error = "No data found, symbol may be delisted")
HTTP Error 404: {"quoteSummary":{"result":null,"error":{"code":"Not Found","description":"Quote not found for symbol: W5_ST"}}}
$W5_ST: possibly delisted; no price data found  (period=5d) (Yahoo error = "No data found, symbol may be delisted")

===== 2026-09-02 21:35 (desk) =====
[band_watch] order-coverage LIVE from blotter: 31 names
[band_watch] 472/475 bands priced, none touched

/Users/ajay/Library/Python/3.9/lib/python/site-packages/urllib3/__init__.py:35: NotOpenSSLWarning: urllib3 v2 only supports OpenSSL 1.1.1+, currently the 'ssl' module is compiled with 'LibreSSL 2.8.3'. See: https://github.com/urllib3/urllib3/issues/3020
  warnings.warn(
HTTP Error 404: {"quoteSummary":{"result":null,"error":{"code":"Not Found","description":"Quote not found for symbol: 5595.T"}}}
$5595.T: possibly delisted; no price data found  (period=5d) (Yahoo error = "No data found, symbol may be delisted")
HTTP Error 404: {"quoteSummary":{"result":null,"error":{"code":"Not Found","description":"Quote not found for symbol: W5_ST"}}}
$W5_ST: possibly delisted; no price data found  (period=5d) (Yahoo error = "No data found, symbol may be delisted")

===== 2026-09-02 23:35 (desk) =====
[band_watch] order-coverage LIVE from blotter: 31 names
[band_watch] 473/476 bands priced, none touched

/Users/ajay/Library/Python/3.9/lib/python/site-packages/urllib3/__init__.py:35: NotOpenSSLWarning: urllib3 v2 only supports OpenSSL 1.1.1+, currently the 'ssl' module is compiled with 'LibreSSL 2.8.3'. See: https://github.com/urllib3/urllib3/issues/3020
  warnings.warn(
HTTP Error 404: {"quoteSummary":{"result":null,"error":{"code":"Not Found","description":"Quote not found for symbol: 5595.T"}}}
$5595.T: possibly delisted; no price data found  (period=5d) (Yahoo error = "No data found, symbol may be delisted")
HTTP Error 404: {"quoteSummary":{"result":null,"error":{"code":"Not Found","description":"Quote not found for symbol: W5_ST"}}}
$W5_ST: possibly delisted; no price data found  (period=5d) (Yahoo error = "No data found, symbol may be delisted")

===== 2026-09-03 01:33 (desk) =====
[band_watch] order-coverage LIVE from blotter: 31 names
[band_watch] 0/476 bands priced, none touched

/Users/ajay/Library/Python/3.9/lib/python/site-packages/urllib3/__init__.py:35: NotOpenSSLWarning: urllib3 v2 only supports OpenSSL 1.1.1+, currently the 'ssl' module is compiled with 'LibreSSL 2.8.3'. See: https://github.com/urllib3/urllib3/issues/3020
  warnings.warn(

===== 2026-09-03 03:56 (desk) =====
[band_watch] order-coverage LIVE from blotter: 31 names
[band_watch] 473/476 bands priced, none touched

/Users/ajay/Library/Python/3.9/lib/python/site-packages/urllib3/__init__.py:35: NotOpenSSLWarning: urllib3 v2 only supports OpenSSL 1.1.1+, currently the 'ssl' module is compiled with 'LibreSSL 2.8.3'. See: https://github.com/urllib3/urllib3/issues/3020
  warnings.warn(
HTTP Error 404: {"quoteSummary":{"result":null,"error":{"code":"Not Found","description":"Quote not found for symbol: 5595.T"}}}
$5595.T: possibly delisted; no price data found  (period=5d) (Yahoo error = "No data found, symbol may be delisted")
HTTP Error 404: {"quoteSummary":{"result":null,"error":{"code":"Not Found","description":"Quote not found for symbol: W5_ST"}}}
$W5_ST: possibly delisted; no price data found  (period=5d) (Yahoo error = "No data found, symbol may be delisted")

===== 2026-09-03 05:34 (desk) =====
[band_watch] order-coverage LIVE from blotter: 31 names
[band_watch] 0/476 bands priced, none touched

/Users/ajay/Library/Python/3.9/lib/python/site-packages/urllib3/__init__.py:35: NotOpenSSLWarning: urllib3 v2 only supports OpenSSL 1.1.1+, currently the 'ssl' module is compiled with 'LibreSSL 2.8.3'. See: https://github.com/urllib3/urllib3/issues/3020
  warnings.warn(

===== 2026-09-03 07:35 (desk) =====
[band_watch] order-coverage LIVE from blotter: 31 names
[band_watch] FIRE: HOFT 12.50 <= band 12.50 — WATCH band touched; review the record before staging
[band_watch] FIRE: TCOM 41.38 <= band 43.50 — WATCH band touched; review the record before staging
[band_watch] FIRE: PHR 10.84 <= band 11.60 — WATCH band touched; review the record before staging

/Users/ajay/Library/Python/3.9/lib/python/site-packages/urllib3/__init__.py:35: NotOpenSSLWarning: urllib3 v2 only supports OpenSSL 1.1.1+, currently the 'ssl' module is compiled with 'LibreSSL 2.8.3'. See: https://github.com/urllib3/urllib3/issues/3020
  warnings.warn(
HTTP Error 404: {"quoteSummary":{"result":null,"error":{"code":"Not Found","description":"Quote not found for symbol: 5595.T"}}}
$5595.T: possibly delisted; no price data found  (period=5d) (Yahoo error = "No data found, symbol may be delisted")
HTTP Error 404: {"quoteSummary":{"result":null,"error":{"code":"Not Found","description":"Quote not found for symbol: W5_ST"}}}
$W5_ST: possibly delisted; no price data found  (period=5d) (Yahoo error = "No data found, symbol may be delisted")

===== 2026-09-03 09:34 (desk) =====
[band_watch] order-coverage LIVE from blotter: 31 names
[band_watch] 0/477 bands priced, none touched

/Users/ajay/Library/Python/3.9/lib/python/site-packages/urllib3/__init__.py:35: NotOpenSSLWarning: urllib3 v2 only supports OpenSSL 1.1.1+, currently the 'ssl' module is compiled with 'LibreSSL 2.8.3'. See: https://github.com/urllib3/urllib3/issues/3020
  warnings.warn(

===== 2026-09-03 11:37 (desk) =====
[band_watch] order-coverage LIVE from blotter: 31 names
[band_watch] 475/478 bands priced, none touched

/Users/ajay/Library/Python/3.9/lib/python/site-packages/urllib3/__init__.py:35: NotOpenSSLWarning: urllib3 v2 only supports OpenSSL 1.1.1+, currently the 'ssl' module is compiled with 'LibreSSL 2.8.3'. See: https://github.com/urllib3/urllib3/issues/3020
  warnings.warn(
HTTP Error 404: {"quoteSummary":{"result":null,"error":{"code":"Not Found","description":"Quote not found for symbol: 5595.T"}}}
$5595.T: possibly delisted; no price data found  (period=5d) (Yahoo error = "No data found, symbol may be delisted")
HTTP Error 404: {"quoteSummary":{"result":null,"error":{"code":"Not Found","description":"Quote not found for symbol: W5_ST"}}}
$W5_ST: possibly delisted; no price data found  (period=5d) (Yahoo error = "No data found, symbol may be delisted")

===== 2026-09-03 13:35 (desk) =====
[band_watch] order-coverage LIVE from blotter: 31 names
[band_watch] 475/478 bands priced, none touched

/Users/ajay/Library/Python/3.9/lib/python/site-packages/urllib3/__init__.py:35: NotOpenSSLWarning: urllib3 v2 only supports OpenSSL 1.1.1+, currently the 'ssl' module is compiled with 'LibreSSL 2.8.3'. See: https://github.com/urllib3/urllib3/issues/3020
  warnings.warn(
HTTP Error 404: {"quoteSummary":{"result":null,"error":{"code":"Not Found","description":"Quote not found for symbol: 5595.T"}}}
$5595.T: possibly delisted; no price data found  (period=5d) (Yahoo error = "No data found, symbol may be delisted")
HTTP Error 404: {"quoteSummary":{"result":null,"error":{"code":"Not Found","description":"Quote not found for symbol: W5_ST"}}}
$W5_ST: possibly delisted; no price data found  (period=5d) (Yahoo error = "No data found, symbol may be delisted")

===== 2026-09-03 15:35 (desk) =====
[band_watch] order-coverage LIVE from blotter: 31 names
[band_watch] 475/478 bands priced, none touched

/Users/ajay/Library/Python/3.9/lib/python/site-packages/urllib3/__init__.py:35: NotOpenSSLWarning: urllib3 v2 only supports OpenSSL 1.1.1+, currently the 'ssl' module is compiled with 'LibreSSL 2.8.3'. See: https://github.com/urllib3/urllib3/issues/3020
  warnings.warn(
HTTP Error 404: {"quoteSummary":{"result":null,"error":{"code":"Not Found","description":"Quote not found for symbol: 5595.T"}}}
$5595.T: possibly delisted; no price data found  (period=5d) (Yahoo error = "No data found, symbol may be delisted")
HTTP Error 404: {"quoteSummary":{"result":null,"error":{"code":"Not Found","description":"Quote not found for symbol: W5_ST"}}}
$W5_ST: possibly delisted; no price data found  (period=5d) (Yahoo error = "No data found, symbol may be delisted")

===== 2026-09-03 17:35 (desk) =====
[band_watch] order-coverage LIVE from blotter: 31 names
[band_watch] 475/478 bands priced, none touched

/Users/ajay/Library/Python/3.9/lib/python/site-packages/urllib3/__init__.py:35: NotOpenSSLWarning: urllib3 v2 only supports OpenSSL 1.1.1+, currently the 'ssl' module is compiled with 'LibreSSL 2.8.3'. See: https://github.com/urllib3/urllib3/issues/3020
  warnings.warn(
HTTP Error 404: {"quoteSummary":{"result":null,"error":{"code":"Not Found","description":"Quote not found for symbol: 5595.T"}}}
$5595.T: possibly delisted; no price data found  (period=5d) (Yahoo error = "No data found, symbol may be delisted")
HTTP Error 404: {"quoteSummary":{"result":null,"error":{"code":"Not Found","description":"Quote not found for symbol: W5_ST"}}}
$W5_ST: possibly delisted; no price data found  (period=5d) (Yahoo error = "No data found, symbol may be delisted")

===== 2026-09-03 19:35 (desk) =====
[band_watch] order-coverage LIVE from blotter: 31 names
[band_watch] 475/478 bands priced, none touched

/Users/ajay/Library/Python/3.9/lib/python/site-packages/urllib3/__init__.py:35: NotOpenSSLWarning: urllib3 v2 only supports OpenSSL 1.1.1+, currently the 'ssl' module is compiled with 'LibreSSL 2.8.3'. See: https://github.com/urllib3/urllib3/issues/3020
  warnings.warn(
HTTP Error 404: {"quoteSummary":{"result":null,"error":{"code":"Not Found","description":"Quote not found for symbol: 5595.T"}}}
$5595.T: possibly delisted; no price data found  (period=5d) (Yahoo error = "No data found, symbol may be delisted")
HTTP Error 404: {"quoteSummary":{"result":null,"error":{"code":"Not Found","description":"Quote not found for symbol: W5_ST"}}}
$W5_ST: possibly delisted; no price data found  (period=5d) (Yahoo error = "No data found, symbol may be delisted")

===== 2026-09-03 21:35 (desk) =====
[band_watch] order-coverage LIVE from blotter: 31 names
[band_watch] 477/481 bands priced, none touched

/Users/ajay/Library/Python/3.9/lib/python/site-packages/urllib3/__init__.py:35: NotOpenSSLWarning: urllib3 v2 only supports OpenSSL 1.1.1+, currently the 'ssl' module is compiled with 'LibreSSL 2.8.3'. See: https://github.com/urllib3/urllib3/issues/3020
  warnings.warn(
HTTP Error 404: {"quoteSummary":{"result":null,"error":{"code":"Not Found","description":"Quote not found for symbol: 5595.T"}}}
$5595.T: possibly delisted; no price data found  (period=5d) (Yahoo error = "No data found, symbol may be delisted")
HTTP Error 404: {"quoteSummary":{"result":null,"error":{"code":"Not Found","description":"Quote not found for symbol: W5_ST"}}}
$W5_ST: possibly delisted; no price data found  (period=5d) (Yahoo error = "No data found, symbol may be delisted")

===== 2026-09-03 23:35 (desk) =====
[band_watch] order-coverage LIVE from blotter: 31 names
[band_watch] 481/487 bands priced, none touched

/Users/ajay/Library/Python/3.9/lib/python/site-packages/urllib3/__init__.py:35: NotOpenSSLWarning: urllib3 v2 only supports OpenSSL 1.1.1+, currently the 'ssl' module is compiled with 'LibreSSL 2.8.3'. See: https://github.com/urllib3/urllib3/issues/3020
  warnings.warn(
HTTP Error 404: {"quoteSummary":{"result":null,"error":{"code":"Not Found","description":"Quote not found for symbol: 5595.T"}}}
$5595.T: possibly delisted; no price data found  (period=5d) (Yahoo error = "No data found, symbol may be delisted")
HTTP Error 404: {"quoteSummary":{"result":null,"error":{"code":"Not Found","description":"Quote not found for symbol: W5_ST"}}}
$W5_ST: possibly delisted; no price data found  (period=5d) (Yahoo error = "No data found, symbol may be delisted")

===== 2026-09-04 01:34 (desk) =====
[band_watch] order-coverage LIVE from blotter: 33 names
[band_watch] 0/488 bands priced, none touched

completed orders request timed out
/Users/ajay/Library/Python/3.9/lib/python/site-packages/urllib3/__init__.py:35: NotOpenSSLWarning: urllib3 v2 only supports OpenSSL 1.1.1+, currently the 'ssl' module is compiled with 'LibreSSL 2.8.3'. See: https://github.com/urllib3/urllib3/issues/3020
  warnings.warn(

===== 2026-09-04 03:34 (desk) =====
[band_watch] order-coverage LIVE from blotter: 33 names
[band_watch] 0/488 bands priced, none touched

completed orders request timed out
/Users/ajay/Library/Python/3.9/lib/python/site-packages/urllib3/__init__.py:35: NotOpenSSLWarning: urllib3 v2 only supports OpenSSL 1.1.1+, currently the 'ssl' module is compiled with 'LibreSSL 2.8.3'. See: https://github.com/urllib3/urllib3/issues/3020
  warnings.warn(

===== 2026-09-04 05:34 (desk) =====
[band_watch] order-coverage LIVE from blotter: 33 names
[band_watch] 0/488 bands priced, none touched

completed orders request timed out
/Users/ajay/Library/Python/3.9/lib/python/site-packages/urllib3/__init__.py:35: NotOpenSSLWarning: urllib3 v2 only supports OpenSSL 1.1.1+, currently the 'ssl' module is compiled with 'LibreSSL 2.8.3'. See: https://github.com/urllib3/urllib3/issues/3020
  warnings.warn(

===== 2026-09-04 07:35 (desk) =====
[band_watch] order-coverage LIVE from blotter: 32 names
[band_watch] FIRE: LULU 99.77 <= band 104.00 — WATCH band touched; review the record before staging

completed orders request timed out
/Users/ajay/Library/Python/3.9/lib/python/site-packages/urllib3/__init__.py:35: NotOpenSSLWarning: urllib3 v2 only supports OpenSSL 1.1.1+, currently the 'ssl' module is compiled with 'LibreSSL 2.8.3'. See: https://github.com/urllib3/urllib3/issues/3020
  warnings.warn(
HTTP Error 404: {"quoteSummary":{"result":null,"error":{"code":"Not Found","description":"Quote not found for symbol: 5595.T"}}}
$5595.T: possibly delisted; no price data found  (period=5d) (Yahoo error = "No data found, symbol may be delisted")
HTTP Error 404: {"quoteSummary":{"result":null,"error":{"code":"Not Found","description":"Quote not found for symbol: W5_ST"}}}
$W5_ST: possibly delisted; no price data found  (period=5d) (Yahoo error = "No data found, symbol may be delisted")

===== 2026-09-04 09:35 (desk) =====
[band_watch] order-coverage LIVE from blotter: 32 names
[band_watch] 486/492 bands priced, none touched

/Users/ajay/Library/Python/3.9/lib/python/site-packages/urllib3/__init__.py:35: NotOpenSSLWarning: urllib3 v2 only supports OpenSSL 1.1.1+, currently the 'ssl' module is compiled with 'LibreSSL 2.8.3'. See: https://github.com/urllib3/urllib3/issues/3020
  warnings.warn(
HTTP Error 404: {"quoteSummary":{"result":null,"error":{"code":"Not Found","description":"Quote not found for symbol: 5595.T"}}}
$5595.T: possibly delisted; no price data found  (period=5d) (Yahoo error = "No data found, symbol may be delisted")
HTTP Error 404: {"quoteSummary":{"result":null,"error":{"code":"Not Found","description":"Quote not found for symbol: W5_ST"}}}
$W5_ST: possibly delisted; no price data found  (period=5d) (Yahoo error = "No data found, symbol may be delisted")

===== 2026-09-04 11:35 (desk) =====
[band_watch] order-coverage LIVE from blotter: 32 names
[band_watch] 486/492 bands priced, none touched

/Users/ajay/Library/Python/3.9/lib/python/site-packages/urllib3/__init__.py:35: NotOpenSSLWarning: urllib3 v2 only supports OpenSSL 1.1.1+, currently the 'ssl' module is compiled with 'LibreSSL 2.8.3'. See: https://github.com/urllib3/urllib3/issues/3020
  warnings.warn(
HTTP Error 404: {"quoteSummary":{"result":null,"error":{"code":"Not Found","description":"Quote not found for symbol: 5595.T"}}}
$5595.T: possibly delisted; no price data found  (period=5d) (Yahoo error = "No data found, symbol may be delisted")
HTTP Error 404: {"quoteSummary":{"result":null,"error":{"code":"Not Found","description":"Quote not found for symbol: W5_ST"}}}
$W5_ST: possibly delisted; no price data found  (period=5d) (Yahoo error = "No data found, symbol may be delisted")

===== 2026-09-04 13:36 (desk) =====
[band_watch] blotter unreachable (Failed to connect to IB Gateway on 127.0.0.1:4001 (ClientId=94): ) — STATIC fallback (3 names); coverage may be stale
[band_watch] FIRE: STZ low 127.78 <= band 128.00 (last 128.18, intraday touch) — WATCH band touched; review the record before staging
[band_watch] FIRE: HOFT low 12.50 <= band 12.50 (last 13.12, intraday touch) — WATCH band touched; review the record before staging
[band_watch] FIRE: TPG low 51.99 <= band 52.00 (last 52.65, intraday touch) — WATCH band touched; review the record before staging

positions request timed out
open orders request timed out
completed orders request timed out
account updates for ACCOUNT_ALPHA request timed out
account updates for ACCOUNT_BETA request timed out
/Users/ajay/Library/Python/3.9/lib/python/site-packages/urllib3/__init__.py:35: NotOpenSSLWarning: urllib3 v2 only supports OpenSSL 1.1.1+, currently the 'ssl' module is compiled with 'LibreSSL 2.8.3'. See: https://github.com/urllib3/urllib3/issues/3020
  warnings.warn(
HTTP Error 404: {"quoteSummary":{"result":null,"error":{"code":"Not Found","description":"Quote not found for symbol: 5595.T"}}}
$5595.T: possibly delisted; no price data found  (period=5d) (Yahoo error = "No data found, symbol may be delisted")
HTTP Error 404: {"quoteSummary":{"result":null,"error":{"code":"Not Found","description":"Quote not found for symbol: W5_ST"}}}
$W5_ST: possibly delisted; no price data found  (period=5d) (Yahoo error = "No data found, symbol may be delisted")

===== 2026-09-04 15:35 (desk) =====
[band_watch] order-coverage LIVE from blotter: 31 names
[band_watch] 488/494 bands priced, none touched

/Users/ajay/Library/Python/3.9/lib/python/site-packages/urllib3/__init__.py:35: NotOpenSSLWarning: urllib3 v2 only supports OpenSSL 1.1.1+, currently the 'ssl' module is compiled with 'LibreSSL 2.8.3'. See: https://github.com/urllib3/urllib3/issues/3020
  warnings.warn(
HTTP Error 404: {"quoteSummary":{"result":null,"error":{"code":"Not Found","description":"Quote not found for symbol: 5595.T"}}}
$5595.T: possibly delisted; no price data found  (period=5d) (Yahoo error = "No data found, symbol may be delisted")
HTTP Error 404: {"quoteSummary":{"result":null,"error":{"code":"Not Found","description":"Quote not found for symbol: W5_ST"}}}
$W5_ST: possibly delisted; no price data found  (period=5d) (Yahoo error = "No data found, symbol may be delisted")

===== 2026-09-04 17:34 (desk) =====
[band_watch] order-coverage LIVE from blotter: 31 names
[band_watch] 0/494 bands priced, none touched

/Users/ajay/Library/Python/3.9/lib/python/site-packages/urllib3/__init__.py:35: NotOpenSSLWarning: urllib3 v2 only supports OpenSSL 1.1.1+, currently the 'ssl' module is compiled with 'LibreSSL 2.8.3'. See: https://github.com/urllib3/urllib3/issues/3020
  warnings.warn(

===== 2026-09-04 19:34 (desk) =====
[band_watch] order-coverage LIVE from blotter: 31 names
[band_watch] 0/494 bands priced, none touched

/Users/ajay/Library/Python/3.9/lib/python/site-packages/urllib3/__init__.py:35: NotOpenSSLWarning: urllib3 v2 only supports OpenSSL 1.1.1+, currently the 'ssl' module is compiled with 'LibreSSL 2.8.3'. See: https://github.com/urllib3/urllib3/issues/3020
  warnings.warn(

===== 2026-09-04 21:35 (desk) =====
[band_watch] blotter unreachable (Failed to connect to IB Gateway on 127.0.0.1:4001 (ClientId=94): ) — STATIC fallback (3 names); coverage may be stale
[band_watch] 0/505 bands priced, none touched

positions request timed out
open orders request timed out
completed orders request timed out
account updates for ACCOUNT_ALPHA request timed out
account updates for ACCOUNT_BETA request timed out
/Users/ajay/Library/Python/3.9/lib/python/site-packages/urllib3/__init__.py:35: NotOpenSSLWarning: urllib3 v2 only supports OpenSSL 1.1.1+, currently the 'ssl' module is compiled with 'LibreSSL 2.8.3'. See: https://github.com/urllib3/urllib3/issues/3020
  warnings.warn(

===== 2026-09-04 23:35 (desk) =====
[band_watch] blotter unreachable (Failed to connect to IB Gateway on 127.0.0.1:4001 (ClientId=94): ) — STATIC fallback (3 names); coverage may be stale
[band_watch] 0/505 bands priced, none touched

positions request timed out
open orders request timed out
completed orders request timed out
account updates for ACCOUNT_ALPHA request timed out
account updates for ACCOUNT_BETA request timed out
/Users/ajay/Library/Python/3.9/lib/python/site-packages/urllib3/__init__.py:35: NotOpenSSLWarning: urllib3 v2 only supports OpenSSL 1.1.1+, currently the 'ssl' module is compiled with 'LibreSSL 2.8.3'. See: https://github.com/urllib3/urllib3/issues/3020
  warnings.warn(

===== 2026-09-07 01:06 (desk) =====
[band_watch] order-coverage LIVE from blotter: 31 names
[band_watch] 488/494 bands priced, none touched

/Users/ajay/Library/Python/3.9/lib/python/site-packages/urllib3/__init__.py:35: NotOpenSSLWarning: urllib3 v2 only supports OpenSSL 1.1.1+, currently the 'ssl' module is compiled with 'LibreSSL 2.8.3'. See: https://github.com/urllib3/urllib3/issues/3020
  warnings.warn(
HTTP Error 404: {"quoteSummary":{"result":null,"error":{"code":"Not Found","description":"Quote not found for symbol: 5595.T"}}}
$5595.T: possibly delisted; no price data found  (period=5d) (Yahoo error = "No data found, symbol may be delisted")
HTTP Error 404: {"quoteSummary":{"result":null,"error":{"code":"Not Found","description":"Quote not found for symbol: W5_ST"}}}
$W5_ST: possibly delisted; no price data found  (period=5d) (Yahoo error = "No data found, symbol may be delisted")

===== 2026-09-07 02:43 (desk) =====
[band_watch] order-coverage LIVE from blotter: 31 names
[band_watch] 491/497 bands priced, none touched

/Users/ajay/Library/Python/3.9/lib/python/site-packages/urllib3/__init__.py:35: NotOpenSSLWarning: urllib3 v2 only supports OpenSSL 1.1.1+, currently the 'ssl' module is compiled with 'LibreSSL 2.8.3'. See: https://github.com/urllib3/urllib3/issues/3020
  warnings.warn(
HTTP Error 404: {"quoteSummary":{"result":null,"error":{"code":"Not Found","description":"Quote not found for symbol: 5595.T"}}}
$5595.T: possibly delisted; no price data found  (period=5d) (Yahoo error = "No data found, symbol may be delisted")
HTTP Error 404: {"quoteSummary":{"result":null,"error":{"code":"Not Found","description":"Quote not found for symbol: W5_ST"}}}
$W5_ST: possibly delisted; no price data found  (period=5d) (Yahoo error = "No data found, symbol may be delisted")

===== 2026-09-07 04:34 (desk) =====
[band_watch] order-coverage LIVE from blotter: 31 names
[band_watch] 0/497 bands priced, none touched

/Users/ajay/Library/Python/3.9/lib/python/site-packages/urllib3/__init__.py:35: NotOpenSSLWarning: urllib3 v2 only supports OpenSSL 1.1.1+, currently the 'ssl' module is compiled with 'LibreSSL 2.8.3'. See: https://github.com/urllib3/urllib3/issues/3020
  warnings.warn(

===== 2026-09-07 06:34 (desk) =====
[band_watch] order-coverage LIVE from blotter: 31 names
[band_watch] 0/497 bands priced, none touched

/Users/ajay/Library/Python/3.9/lib/python/site-packages/urllib3/__init__.py:35: NotOpenSSLWarning: urllib3 v2 only supports OpenSSL 1.1.1+, currently the 'ssl' module is compiled with 'LibreSSL 2.8.3'. See: https://github.com/urllib3/urllib3/issues/3020
  warnings.warn(

===== 2026-09-07 08:35 (desk) =====
[band_watch] order-coverage LIVE from blotter: 31 names
[band_watch] 0/499 bands priced, none touched

/Users/ajay/Library/Python/3.9/lib/python/site-packages/urllib3/__init__.py:35: NotOpenSSLWarning: urllib3 v2 only supports OpenSSL 1.1.1+, currently the 'ssl' module is compiled with 'LibreSSL 2.8.3'. See: https://github.com/urllib3/urllib3/issues/3020
  warnings.warn(

===== 2026-09-07 10:35 (desk) =====
[band_watch] order-coverage LIVE from blotter: 31 names
[band_watch] 493/499 bands priced, none touched

/Users/ajay/Library/Python/3.9/lib/python/site-packages/urllib3/__init__.py:35: NotOpenSSLWarning: urllib3 v2 only supports OpenSSL 1.1.1+, currently the 'ssl' module is compiled with 'LibreSSL 2.8.3'. See: https://github.com/urllib3/urllib3/issues/3020
  warnings.warn(
HTTP Error 404: {"quoteSummary":{"result":null,"error":{"code":"Not Found","description":"Quote not found for symbol: 5595.T"}}}
$5595.T: possibly delisted; no price data found  (period=5d) (Yahoo error = "No data found, symbol may be delisted")
HTTP Error 404: {"quoteSummary":{"result":null,"error":{"code":"Not Found","description":"Quote not found for symbol: W5_ST"}}}
$W5_ST: possibly delisted; no price data found  (period=5d) (Yahoo error = "No data found, symbol may be delisted")

===== 2026-09-07 12:34 (desk) =====
[band_watch] order-coverage LIVE from blotter: 31 names
[band_watch] 0/499 bands priced, none touched

/Users/ajay/Library/Python/3.9/lib/python/site-packages/urllib3/__init__.py:35: NotOpenSSLWarning: urllib3 v2 only supports OpenSSL 1.1.1+, currently the 'ssl' module is compiled with 'LibreSSL 2.8.3'. See: https://github.com/urllib3/urllib3/issues/3020
  warnings.warn(

===== 2026-09-07 14:34 (desk) =====
[band_watch] order-coverage LIVE from blotter: 31 names
[band_watch] 0/499 bands priced, none touched

/Users/ajay/Library/Python/3.9/lib/python/site-packages/urllib3/__init__.py:35: NotOpenSSLWarning: urllib3 v2 only supports OpenSSL 1.1.1+, currently the 'ssl' module is compiled with 'LibreSSL 2.8.3'. See: https://github.com/urllib3/urllib3/issues/3020
  warnings.warn(

===== 2026-09-07 16:34 (desk) =====
[band_watch] order-coverage LIVE from blotter: 31 names
[band_watch] 0/499 bands priced, none touched

/Users/ajay/Library/Python/3.9/lib/python/site-packages/urllib3/__init__.py:35: NotOpenSSLWarning: urllib3 v2 only supports OpenSSL 1.1.1+, currently the 'ssl' module is compiled with 'LibreSSL 2.8.3'. See: https://github.com/urllib3/urllib3/issues/3020
  warnings.warn(

===== 2026-09-07 18:35 (desk) =====
[band_watch] order-coverage LIVE from blotter: 31 names
[band_watch] 493/499 bands priced, none touched

/Users/ajay/Library/Python/3.9/lib/python/site-packages/urllib3/__init__.py:35: NotOpenSSLWarning: urllib3 v2 only supports OpenSSL 1.1.1+, currently the 'ssl' module is compiled with 'LibreSSL 2.8.3'. See: https://github.com/urllib3/urllib3/issues/3020
  warnings.warn(
HTTP Error 404: {"quoteSummary":{"result":null,"error":{"code":"Not Found","description":"Quote not found for symbol: 5595.T"}}}
$5595.T: possibly delisted; no price data found  (period=5d) (Yahoo error = "No data found, symbol may be delisted")
HTTP Error 404: {"quoteSummary":{"result":null,"error":{"code":"Not Found","description":"Quote not found for symbol: W5_ST"}}}
$W5_ST: possibly delisted; no price data found  (period=5d) (Yahoo error = "No data found, symbol may be delisted")

===== 2026-09-07 20:40 (desk) =====
[band_watch] order-coverage LIVE from blotter: 31 names
[band_watch] 493/499 bands priced, none touched

/Users/ajay/Library/Python/3.9/lib/python/site-packages/urllib3/__init__.py:35: NotOpenSSLWarning: urllib3 v2 only supports OpenSSL 1.1.1+, currently the 'ssl' module is compiled with 'LibreSSL 2.8.3'. See: https://github.com/urllib3/urllib3/issues/3020
  warnings.warn(
HTTP Error 404: {"quoteSummary":{"result":null,"error":{"code":"Not Found","description":"Quote not found for symbol: 5595.T"}}}
$5595.T: possibly delisted; no price data found  (period=5d) (Yahoo error = "No data found, symbol may be delisted")
HTTP Error 404: {"quoteSummary":{"result":null,"error":{"code":"Not Found","description":"Quote not found for symbol: W5_ST"}}}
$W5_ST: possibly delisted; no price data found  (period=5d) (Yahoo error = "No data found, symbol may be delisted")

===== 2026-09-07 22:36 (desk) =====
[band_watch] blotter unreachable (Failed to connect to IB Gateway on 127.0.0.1:4001 (ClientId=94): ) — STATIC fallback (3 names); coverage may be stale
[band_watch] 504/510 bands priced, none touched

positions request timed out
open orders request timed out
completed orders request timed out
account updates for ACCOUNT_ALPHA request timed out
account updates for ACCOUNT_BETA request timed out
/Users/ajay/Library/Python/3.9/lib/python/site-packages/urllib3/__init__.py:35: NotOpenSSLWarning: urllib3 v2 only supports OpenSSL 1.1.1+, currently the 'ssl' module is compiled with 'LibreSSL 2.8.3'. See: https://github.com/urllib3/urllib3/issues/3020
  warnings.warn(
HTTP Error 404: {"quoteSummary":{"result":null,"error":{"code":"Not Found","description":"Quote not found for symbol: 5595.T"}}}
$5595.T: possibly delisted; no price data found  (period=5d) (Yahoo error = "No data found, symbol may be delisted")
HTTP Error 404: {"quoteSummary":{"result":null,"error":{"code":"Not Found","description":"Quote not found for symbol: W5_ST"}}}
$W5_ST: possibly delisted; no price data found  (period=5d) (Yahoo error = "No data found, symbol may be delisted")

===== 2026-09-11 01:36 (desk) =====
[band_watch] order-coverage LIVE from blotter: 30 names
[band_watch] court-on-touch enqueued: 3
[band_watch] FIRE: APP low 300.09 <= band 303.17 (last 314.49, intraday touch) — WATCH band touched; review the record before staging
[band_watch] FIRE: FNF low 43.59 <= band 44.00 (last 43.95, touch) — WATCH band touched; review the record before staging
[band_watch] FIRE: AZUL low 7.00 <= band 7.00 (last 7.06, intraday touch) — WATCH band touched; review the record before staging
[band_watch] FIRE: CROX low 108.54 <= band 115.00 (last 108.83, touch) — WATCH band touched; review the record before staging
[band_watch] FIRE: 5282.T low 400.00 <= band 400.00 (last 402.00, intraday touch) — WATCH band touched; review the record before staging
[band_watch] FIRE: BOBS low 15.16 <= band 15.50 (last 15.20, touch) — WATCH band touched; review the record before staging
[band_watch] FIRE: HONA low 149.19 <= band 152.00 (last 153.75, intraday touch) — WATCH band touched; review the record before staging
[band_watch] FIRE: UPB low 5.67 <= band 5.85 (last 5.75, touch) — WATCH band touched; review the record before staging
[band_watch] FIRE: TREE low 26.29 <= band 26.30 (last 26.89, intraday touch) — WATCH band touched; review the record before staging
[band_watch] FIRE: MLTX low 13.12 <= band 14.00 (last 13.18, touch) — WATCH band touched; review the record before staging
[band_watch] FIRE: W5.ST low 32.90 <= band 33.00 (last 32.90, touch) — WATCH band touched; review the record before staging
[band_watch] FIRE: TME low 7.77 <= band 7.94 (last 7.90, touch) — WATCH band touched; review the record before staging
[band_watch] FIRE: MFIC low 9.01 <= band 9.19 (last 9.05, touch) — WATCH band touched; review the record before staging
[band_watch] FIRE: PLNT low 49.08 <= band 49.20 (last 49.98, intraday touch) — WATCH band touched; review the record before staging
[band_watch] FIRE: TRIP low 8.41 <= band 9.01 (last 8.83, touch) — WATCH band touched; review the record before staging
[band_watch] FIRE: BLZE low 12.25 <= band 12.60 (last 12.31, touch) — WATCH band touched; review the record before staging
[band_watch] FIRE: KRMN low 34.21 <= band 35.90 (last 34.39, touch) — WATCH band touched; review the record before staging
[band_watch] FIRE: COO low 51.01 <= band 66.00 (last 54.17, touch) — WATCH band touched; review the record before staging
[band_watch] FIRE: LZ low 5.79 <= band 6.00 (last 5.91, touch) — WATCH band touched; review the record before staging
[band_watch] FIRE: GPCR low 39.29 <= band 40.00 (last 39.55, touch) — WATCH band touched; review the record before staging
[band_watch] FIRE: RARE low 13.95 <= band 14.00 (last 14.40, intraday touch) — WATCH band touched; review the record before staging
[band_watch] FIRE: RKT low 12.96 <= band 15.00 (last 13.19, touch) — WATCH band touched; review the record before staging

/Users/ajay/Library/Python/3.9/lib/python/site-packages/urllib3/__init__.py:35: NotOpenSSLWarning: urllib3 v2 only supports OpenSSL 1.1.1+, currently the 'ssl' module is compiled with 'LibreSSL 2.8.3'. See: https://github.com/urllib3/urllib3/issues/3020
  warnings.warn(
HTTP Error 404: {"quoteSummary":{"result":null,"error":{"code":"Not Found","description":"Quote not found for symbol: 5595.T"}}}
$5595.T: possibly delisted; no price data found  (period=5d) (Yahoo error = "No data found, symbol may be delisted")
HTTP Error 404: {"quoteSummary":{"result":null,"error":{"code":"Not Found","description":"Quote not found for symbol: W5_ST"}}}
$W5_ST: possibly delisted; no price data found  (period=5d) (Yahoo error = "No data found, symbol may be delisted")

===== 2026-09-11 01:42 (desk) =====
[band_watch] order-coverage LIVE from blotter: 30 names
[band_watch] 514/520 bands priced, none touched

/Users/ajay/Library/Python/3.9/lib/python/site-packages/urllib3/__init__.py:35: NotOpenSSLWarning: urllib3 v2 only supports OpenSSL 1.1.1+, currently the 'ssl' module is compiled with 'LibreSSL 2.8.3'. See: https://github.com/urllib3/urllib3/issues/3020
  warnings.warn(
HTTP Error 404: {"quoteSummary":{"result":null,"error":{"code":"Not Found","description":"Quote not found for symbol: 5595.T"}}}
$5595.T: possibly delisted; no price data found  (period=5d) (Yahoo error = "No data found, symbol may be delisted")
HTTP Error 404: {"quoteSummary":{"result":null,"error":{"code":"Not Found","description":"Quote not found for symbol: W5_ST"}}}
$W5_ST: possibly delisted; no price data found  (period=5d) (Yahoo error = "No data found, symbol may be delisted")

===== 2026-09-11 03:30 (desk) =====
[band_watch] order-coverage LIVE from blotter: 30 names
[band_watch] court-on-touch enqueued: 0
[band_watch] FIRE: CIM-PA low 20.74 <= band 24.00 (last 20.75, touch) — WATCH band touched; review the record before staging

/Users/ajay/Library/Python/3.9/lib/python/site-packages/urllib3/__init__.py:35: NotOpenSSLWarning: urllib3 v2 only supports OpenSSL 1.1.1+, currently the 'ssl' module is compiled with 'LibreSSL 2.8.3'. See: https://github.com/urllib3/urllib3/issues/3020
  warnings.warn(
HTTP Error 404: {"quoteSummary":{"result":null,"error":{"code":"Not Found","description":"Quote not found for symbol: 5595.T"}}}
$5595.T: possibly delisted; no price data found  (period=5d) (Yahoo error = "No data found, symbol may be delisted")
HTTP Error 404: {"quoteSummary":{"result":null,"error":{"code":"Not Found","description":"Quote not found for symbol: W5_ST"}}}
$W5_ST: possibly delisted; no price data found  (period=5d) (Yahoo error = "No data found, symbol may be delisted")

===== 2026-09-11 04:44 (desk) =====
[band_watch] order-coverage LIVE from blotter: 30 names
[band_watch] 518/524 bands priced, none touched

/Users/ajay/Library/Python/3.9/lib/python/site-packages/urllib3/__init__.py:35: NotOpenSSLWarning: urllib3 v2 only supports OpenSSL 1.1.1+, currently the 'ssl' module is compiled with 'LibreSSL 2.8.3'. See: https://github.com/urllib3/urllib3/issues/3020
  warnings.warn(
HTTP Error 404: {"quoteSummary":{"result":null,"error":{"code":"Not Found","description":"Quote not found for symbol: 5595.T"}}}
$5595.T: possibly delisted; no price data found  (period=5d) (Yahoo error = "No data found, symbol may be delisted")
HTTP Error 404: {"quoteSummary":{"result":null,"error":{"code":"Not Found","description":"Quote not found for symbol: W5_ST"}}}
$W5_ST: possibly delisted; no price data found  (period=5d) (Yahoo error = "No data found, symbol may be delisted")

===== 2026-09-11 06:34 (desk) =====
[band_watch] order-coverage LIVE from blotter: 30 names
[band_watch] 0/528 bands priced, none touched

/Users/ajay/Library/Python/3.9/lib/python/site-packages/urllib3/__init__.py:35: NotOpenSSLWarning: urllib3 v2 only supports OpenSSL 1.1.1+, currently the 'ssl' module is compiled with 'LibreSSL 2.8.3'. See: https://github.com/urllib3/urllib3/issues/3020
  warnings.warn(

===== 2026-09-11 08:35 (desk) =====
[band_watch] order-coverage LIVE from blotter: 30 names
[band_watch] 0/528 bands priced, none touched

/Users/ajay/Library/Python/3.9/lib/python/site-packages/urllib3/__init__.py:35: NotOpenSSLWarning: urllib3 v2 only supports OpenSSL 1.1.1+, currently the 'ssl' module is compiled with 'LibreSSL 2.8.3'. See: https://github.com/urllib3/urllib3/issues/3020
  warnings.warn(

===== 2026-09-11 10:36 (desk) =====
[band_watch] order-coverage LIVE from blotter: 30 names
[band_watch] 0/530 bands priced, none touched

/Users/ajay/Library/Python/3.9/lib/python/site-packages/urllib3/__init__.py:35: NotOpenSSLWarning: urllib3 v2 only supports OpenSSL 1.1.1+, currently the 'ssl' module is compiled with 'LibreSSL 2.8.3'. See: https://github.com/urllib3/urllib3/issues/3020
  warnings.warn(

===== 2026-09-11 12:46 (desk) =====
[band_watch] order-coverage LIVE from blotter: 30 names
[band_watch] court-on-touch enqueued: 1
[band_watch] FIRE: RMS.PA low 1,395.00 <= band 1,400.00 (last 1,399.50, touch) — WATCH band touched; review the record before staging
[band_watch] FIRE: ABR low 4.72 <= band 4.73 (last 4.75, intraday touch) — WATCH band touched; review the record before staging
[band_watch] FIRE: SPRY low 4.76 <= band 4.91 (last 4.78, touch) — WATCH band touched; review the record before staging
[band_watch] FIRE: FOA low 15.17 <= band 15.40 (last 15.23, touch) — WATCH band touched; review the record before staging

/Users/ajay/Library/Python/3.9/lib/python/site-packages/urllib3/__init__.py:35: NotOpenSSLWarning: urllib3 v2 only supports OpenSSL 1.1.1+, currently the 'ssl' module is compiled with 'LibreSSL 2.8.3'. See: https://github.com/urllib3/urllib3/issues/3020
  warnings.warn(
HTTP Error 404: {"quoteSummary":{"result":null,"error":{"code":"Not Found","description":"Quote not found for symbol: 5595.T"}}}
$5595.T: possibly delisted; no price data found  (period=5d) (Yahoo error = "No data found, symbol may be delisted")
HTTP Error 404: {"quoteSummary":{"result":null,"error":{"code":"Not Found","description":"Quote not found for symbol: W5_ST"}}}
$W5_ST: possibly delisted; no price data found  (period=5d) (Yahoo error = "No data found, symbol may be delisted")

===== 2026-09-11 14:35 (desk) =====
[band_watch] order-coverage LIVE from blotter: 30 names
[band_watch] 0/541 bands priced, none touched

/Users/ajay/Library/Python/3.9/lib/python/site-packages/urllib3/__init__.py:35: NotOpenSSLWarning: urllib3 v2 only supports OpenSSL 1.1.1+, currently the 'ssl' module is compiled with 'LibreSSL 2.8.3'. See: https://github.com/urllib3/urllib3/issues/3020
  warnings.warn(

===== 2026-09-11 16:34 (desk) =====
[band_watch] order-coverage LIVE from blotter: 30 names
[band_watch] 0/541 bands priced, none touched

/Users/ajay/Library/Python/3.9/lib/python/site-packages/urllib3/__init__.py:35: NotOpenSSLWarning: urllib3 v2 only supports OpenSSL 1.1.1+, currently the 'ssl' module is compiled with 'LibreSSL 2.8.3'. See: https://github.com/urllib3/urllib3/issues/3020
  warnings.warn(

===== 2026-09-11 18:34 (desk) =====
[band_watch] order-coverage LIVE from blotter: 30 names
[band_watch] 0/541 bands priced, none touched

/Users/ajay/Library/Python/3.9/lib/python/site-packages/urllib3/__init__.py:35: NotOpenSSLWarning: urllib3 v2 only supports OpenSSL 1.1.1+, currently the 'ssl' module is compiled with 'LibreSSL 2.8.3'. See: https://github.com/urllib3/urllib3/issues/3020
  warnings.warn(

===== 2026-09-11 20:34 (desk) =====
[band_watch] order-coverage LIVE from blotter: 30 names
[band_watch] 0/541 bands priced, none touched

/Users/ajay/Library/Python/3.9/lib/python/site-packages/urllib3/__init__.py:35: NotOpenSSLWarning: urllib3 v2 only supports OpenSSL 1.1.1+, currently the 'ssl' module is compiled with 'LibreSSL 2.8.3'. See: https://github.com/urllib3/urllib3/issues/3020
  warnings.warn(

===== 2026-09-11 22:35 (desk) =====
[band_watch] blotter unreachable (Failed to connect to IB Gateway on 127.0.0.1:4001 (ClientId=94): ) — STATIC fallback (3 names); coverage may be stale
[band_watch] 0/552 bands priced, none touched

positions request timed out
open orders request timed out
completed orders request timed out
account updates for ACCOUNT_ALPHA request timed out
account updates for ACCOUNT_BETA request timed out
/Users/ajay/Library/Python/3.9/lib/python/site-packages/urllib3/__init__.py:35: NotOpenSSLWarning: urllib3 v2 only supports OpenSSL 1.1.1+, currently the 'ssl' module is compiled with 'LibreSSL 2.8.3'. See: https://github.com/urllib3/urllib3/issues/3020
  warnings.warn(
