
===== 2026-06-29 00:34 (desk) =====
=== CATALYST WATCH 2026-06-29 (window 60d) ===
DETFIRE|catalyst|BAH|MED|FY27 Q1 print (quarter ended Jun-2026) (in 29d) — funded backlog + quarterly book-to-bill turning positive = troughing confirmed
  BAH       2026-07-28  ( +29d)  FY27 Q1 print (quarter ended Jun-2026)
DETFIRE|catalyst|COSMECCA|MED|Q2 print (in 47d) — OPM + segment mix; RPT note + clean FCF (both were UNVERIFIABLE pre-size)
  COSMECCA  2026-08-15  ( +47d)  Q2 print
DETFIRE|catalyst|CPRI|MED|Q1 FY2027 earnings — first test of management's FY2027 guidance (return to low-single-digit revenue growth to ~$3.525B a (in 47d) — Michael Kors prints a flat-to-positive constant-currency comp (currently -8.4%) — i.e., the guided FY2027 revenue inflection becomes realized rather than promised. That converts a margin-recovery-only
  CPRI      2026-08-15  ( +47d)  Q1 FY2027 earnings — first test of management's FY2027 guidance (return to low-single-digit revenue growth to ~$3.525B a
DETFIRE|catalyst|FOUR|MED|Q2 2026 earnings — first fully-clean quarter with Global Blue integrated: proof the acquisition is gross-profit/EPS accr (in 47d) — Q2 print shows Global Blue is GAAP-EPS/FCF accretive AND net leverage starts declining toward ~3x while organic end-to-end volume growth holds >=20% — i.e., the EPS/FCF inflection materializes. If lev
  FOUR      2026-08-15  ( +47d)  Q2 2026 earnings — first fully-clean quarter with Global Blue integrated: proof the acquisition is gross-profit/EPS accr
DETFIRE|catalyst|TPB|MED|Modern-oral (FRE nicotine pouch) margin inflection — the guided 2026 ramp to $180-190M net revenue / $220-240M gross con (in 47d) — Q2/Q3 2026 prints showing consolidated adjusted EBITDA margin troughing and re-inflecting WHILE modern-oral tracks the $180-190M net-revenue trajectory (proof the SG&A investment converts to profit/op
  TPB       2026-08-15  ( +47d)  Modern-oral (FRE nicotine pouch) margin inflection — the guided 2026 ramp to $180-190M net revenue / $220-240M gross con
DETFIRE|catalyst|WEN|MED|Q2 2026 earnings — first full quarter under newly installed CEO Bob Wright (5/21/26) and CFO Steve Cirulis (6/23/26), th (in 47d) — US same-store sales sequentially inflect — the −7.8% comp turning materially less negative toward flat with TRAFFIC (not just price/mix) stabilizing — confirming Project Fresh is working, while adj. E
  WEN       2026-08-15  ( +47d)  Q2 2026 earnings — first full quarter under newly installed CEO Bob Wright (5/21/26) and CFO Steve Cirulis (6/23/26), th
DETFIRE|catalyst|CRM|MED|Q2 FY2027 earnings print — the test of whether Agentforce/Data Cloud + Informatica re-accelerate total subscription and  (in 47d) — cRPO / total subscription revenue growth re-accelerates back into double digits driven by Agentforce converting to net-new ARR, refuting the 'AI agents replace seats' bear thesis — at ~10x non-GAAP ea
  CRM       2026-08-15  ( +47d)  Q2 FY2027 earnings print — the test of whether Agentforce/Data Cloud + Informatica re-accelerate total subscription and 
DETFIRE|catalyst|HUBS|MED|Q2 FY2026 earnings — proof that AI/Breeze is a monetization tailwind (revenue growth holding, net revenue retention infl (in 47d) — Q2 2026 print confirming (a) revenue growth sustained at ~20%+ YoY, (b) net revenue retention inflecting back toward/above 100%, and (c) tangible Breeze AI monetization — i.e., AI demonstrably additiv
  HUBS      2026-08-15  ( +47d)  Q2 FY2026 earnings — proof that AI/Breeze is a monetization tailwind (revenue growth holding, net revenue retention infl
DETFIRE|catalyst|MNDY|MED|Q2 2026 earnings as the first hard read on the consumption-based pricing model + rearchitected AI Work Platform (One AI) (in 47d) — NDR stops declining and inflects up (110% turning higher) WITH consumption pricing demonstrably lifting ARPU / net-new ARR — i.e., evidence AI is net-accretive to monday's model, not eroding seats. Th
  MNDY      2026-08-15  ( +47d)  Q2 2026 earnings as the first hard read on the consumption-based pricing model + rearchitected AI Work Platform (One AI)
DETFIRE|catalyst|TTD|MED|Q2 2026 earnings — first clean print after the Kokai platform migration and late-2024 sales reorg complete; management s (in 47d) — Revenue-growth deceleration ENDS: Q2/Q3 2026 YoY growth stops the 25->19->18->14->12 slide and stabilizes/re-accelerates to mid-teens, with spend-per-existing-client / net retention re-expanding — i.e
  TTD       2026-08-15  ( +47d)  Q2 2026 earnings — first clean print after the Kokai platform migration and late-2024 sales reorg complete; management s
DETFIRE|catalyst|GAP|MED|Q2 FY2026 earnings — Section-122 tariff relief (~$80M, ~50bps margin) lands in Q2/Q3 and the test of whether Old Navy's  (in 47d) — Old Navy comparable sales re-accelerate above ~3-4% (core >50%-of-revenue engine reaccelerating), confirming the turnaround is top-line AND margin rather than margin-only
  GAP       2026-08-15  ( +47d)  Q2 FY2026 earnings — Section-122 tariff relief (~$80M, ~50bps margin) lands in Q2/Q3 and the test of whether Old Navy's 
DETFIRE|catalyst|INTU|MED|Q4/full-year FY2026 earnings with initial FY2027 guidance — first management read on whether AI is eroding TurboTax/Cons (in 52d) — FY2027 guidance / next tax-season data showing TurboTax + Consumer-segment growth holding double-digit with stable-or-growing filer counts (no AI-driven filer defection), falsifying the structural-ero
  INTU      2026-08-20  ( +52d)  Q4/full-year FY2026 earnings with initial FY2027 guidance — first management read on whether AI is eroding TurboTax/Cons
  INSP      2026-09-15  ( +78d)  AMA CPT panel (Cat-I code decision)
  RH        2026-09-15  ( +78d)  Margin inflection from the international gallery ramp (currently a quantified -270bps drag) turning to contribution plus
  PATH      2026-09-15  ( +78d)  Q2 FY2027 earnings print — proof that agentic automation (Maestro/agent orchestration) converts pilot-to-production into
  S         2026-09-15  ( +78d)  Q2 FY27 earnings — confirmation that the Q1 net-new-ARR reacceleration (+55% YoY) is durable rather than an easy-comp ar
  SSRM      2026-09-15  ( +78d)  Sale of the 80% Copler (Turkey) stake for $1.5B cash — definitive SPA signed 2026-03-24 — which removes the post-disaste
  EOLS      2026-09-29  ( +92d)  Section 232 Korea tariff EFFECTIVE (15% Jeuveau)
  WING      2026-10-15  (+108d)  Return to positive US same-store sales — management guides an inflection back to growth in 2H 2026, first confirmable in
  KER.PA    2026-10-21  (+114d)  Q3-2026 print: Gucci comp inflection under Demna (H2 sell-through)
  BRBY.L    2026-11-15  (+139d)  H1 FY2027 interim results — the proof the FY26 inflection is durable: continued positive comps (China/Americas not relap
  GO        2026-11-15  (+139d)  Comparable-store-sales inflection to positive in 2H FY2026 under new CEO Jason Potter's operational reset (36 underperfo
  RBLX      2026-11-15  (+139d)  Q3 2026 earnings print confirming DAU re-acceleration as the Jan-2026 age-check (facial-age-estimation for chat) frictio
  LULU      2026-12-15  (+169d)  Activist cooperation agreement (founder Chip Wilson) installing new directors Marc Maurer (ex-On Running co-CEO) and Lau
  BODI      2026-12-15  (+169d)  National retail-nutrition distribution rollout: Shakeology into 80+ Sprouts and 640+ Vitamin Shoppe stores (plus P90X su
  BOOK      2026-12-31  (+185d)  Tax-loss-harvest deadline (2026 gain needs 2026 losses)
  LVS       2027-12-15  (+534d)  Completion of The Venetian Macau renovation, gating management's $700M/quarter Macau EBITDA target (vs $633M now)


===== 2026-06-30 16:30 (desk) =====
=== CATALYST WATCH 2026-06-30 (window 60d) ===
DETFIRE|catalyst|BAH|MED|FY27 Q1 print (quarter ended Jun-2026) (in 28d) — funded backlog + quarterly book-to-bill turning positive = troughing confirmed
  BAH       2026-07-28  ( +28d)  FY27 Q1 print (quarter ended Jun-2026)
DETFIRE|catalyst|SILICON2|MED|2Q26 print — the AVOID/short INVERT-trigger (in 38d) — INVERT to LONG only if YoY re-accel >45% + Europe inflects + OM recovers >17%; else AVOID holds. Reaching ₩18-22k band = 2nd-leg-down target reached (cover/informational, NOT a buy). Own COSMECCA (the ODM) not SILICON2 (the reseller) for K-beauty
  SILICON2  2026-08-07  ( +38d)  2Q26 print — the AVOID/short INVERT-trigger
DETFIRE|catalyst|COSMECCA|MED|Q2 print (in 46d) — OPM + segment mix; RPT note + clean FCF (both were UNVERIFIABLE pre-size)
  COSMECCA  2026-08-15  ( +46d)  Q2 print
DETFIRE|catalyst|TBCG.L|MED|Q2 print + geopol de-risk watch (MEGOBARI Senate / Moody's outlook / EU-US thaw) (in 46d) — add toward ~3% on: MEGOBARI dies in Senate | Moody's NEG->STABLE | EU-US thaw | non-tail dislocation <=GBp4000. TAIL-KILL (EXIT not add): any Georgian bank named OFAC / USD-correspondent curtailment
  TBCG.L    2026-08-15  ( +46d)  Q2 print + geopol de-risk watch (MEGOBARI Senate / Moody's outlook / EU-US thaw)
DETFIRE|catalyst|CPRI|MED|Q1 FY2027 earnings — first test of management's FY2027 guidance (return to low-single-digit revenue growth to ~$3.525B a (in 46d) — Michael Kors prints a flat-to-positive constant-currency comp (currently -8.4%) — i.e., the guided FY2027 revenue inflection becomes realized rather than promised. That converts a margin-recovery-only
  CPRI      2026-08-15  ( +46d)  Q1 FY2027 earnings — first test of management's FY2027 guidance (return to low-single-digit revenue growth to ~$3.525B a
DETFIRE|catalyst|FOUR|MED|Q2 2026 earnings — first fully-clean quarter with Global Blue integrated: proof the acquisition is gross-profit/EPS accr (in 46d) — Q2 print shows Global Blue is GAAP-EPS/FCF accretive AND net leverage starts declining toward ~3x while organic end-to-end volume growth holds >=20% — i.e., the EPS/FCF inflection materializes. If lev
  FOUR      2026-08-15  ( +46d)  Q2 2026 earnings — first fully-clean quarter with Global Blue integrated: proof the acquisition is gross-profit/EPS accr
DETFIRE|catalyst|TPB|MED|Modern-oral (FRE nicotine pouch) margin inflection — the guided 2026 ramp to $180-190M net revenue / $220-240M gross con (in 46d) — Q2/Q3 2026 prints showing consolidated adjusted EBITDA margin troughing and re-inflecting WHILE modern-oral tracks the $180-190M net-revenue trajectory (proof the SG&A investment converts to profit/op
  TPB       2026-08-15  ( +46d)  Modern-oral (FRE nicotine pouch) margin inflection — the guided 2026 ramp to $180-190M net revenue / $220-240M gross con
DETFIRE|catalyst|WEN|MED|Q2 2026 earnings — first full quarter under newly installed CEO Bob Wright (5/21/26) and CFO Steve Cirulis (6/23/26), th (in 46d) — US same-store sales sequentially inflect — the −7.8% comp turning materially less negative toward flat with TRAFFIC (not just price/mix) stabilizing — confirming Project Fresh is working, while adj. E
  WEN       2026-08-15  ( +46d)  Q2 2026 earnings — first full quarter under newly installed CEO Bob Wright (5/21/26) and CFO Steve Cirulis (6/23/26), th
DETFIRE|catalyst|CRM|MED|Q2 FY2027 earnings print — the test of whether Agentforce/Data Cloud + Informatica re-accelerate total subscription and  (in 46d) — cRPO / total subscription revenue growth re-accelerates back into double digits driven by Agentforce converting to net-new ARR, refuting the 'AI agents replace seats' bear thesis — at ~10x non-GAAP ea
  CRM       2026-08-15  ( +46d)  Q2 FY2027 earnings print — the test of whether Agentforce/Data Cloud + Informatica re-accelerate total subscription and 
DETFIRE|catalyst|HUBS|MED|Q2 FY2026 earnings — proof that AI/Breeze is a monetization tailwind (revenue growth holding, net revenue retention infl (in 46d) — Q2 2026 print confirming (a) revenue growth sustained at ~20%+ YoY, (b) net revenue retention inflecting back toward/above 100%, and (c) tangible Breeze AI monetization — i.e., AI demonstrably additiv
  HUBS      2026-08-15  ( +46d)  Q2 FY2026 earnings — proof that AI/Breeze is a monetization tailwind (revenue growth holding, net revenue retention infl
DETFIRE|catalyst|MNDY|MED|Q2 2026 earnings as the first hard read on the consumption-based pricing model + rearchitected AI Work Platform (One AI) (in 46d) — NDR stops declining and inflects up (110% turning higher) WITH consumption pricing demonstrably lifting ARPU / net-new ARR — i.e., evidence AI is net-accretive to monday's model, not eroding seats. Th
  MNDY      2026-08-15  ( +46d)  Q2 2026 earnings as the first hard read on the consumption-based pricing model + rearchitected AI Work Platform (One AI)
DETFIRE|catalyst|TTD|MED|Q2 2026 earnings — first clean print after the Kokai platform migration and late-2024 sales reorg complete; management s (in 46d) — Revenue-growth deceleration ENDS: Q2/Q3 2026 YoY growth stops the 25->19->18->14->12 slide and stabilizes/re-accelerates to mid-teens, with spend-per-existing-client / net retention re-expanding — i.e
  TTD       2026-08-15  ( +46d)  Q2 2026 earnings — first clean print after the Kokai platform migration and late-2024 sales reorg complete; management s
DETFIRE|catalyst|GAP|MED|Q2 FY2026 earnings — Section-122 tariff relief (~$80M, ~50bps margin) lands in Q2/Q3 and the test of whether Old Navy's  (in 46d) — Old Navy comparable sales re-accelerate above ~3-4% (core >50%-of-revenue engine reaccelerating), confirming the turnaround is top-line AND margin rather than margin-only
  GAP       2026-08-15  ( +46d)  Q2 FY2026 earnings — Section-122 tariff relief (~$80M, ~50bps margin) lands in Q2/Q3 and the test of whether Old Navy's 
DETFIRE|catalyst|INTU|MED|Q4/full-year FY2026 earnings with initial FY2027 guidance — first management read on whether AI is eroding TurboTax/Cons (in 51d) — FY2027 guidance / next tax-season data showing TurboTax + Consumer-segment growth holding double-digit with stable-or-growing filer counts (no AI-driven filer defection), falsifying the structural-ero
  INTU      2026-08-20  ( +51d)  Q4/full-year FY2026 earnings with initial FY2027 guidance — first management read on whether AI is eroding TurboTax/Cons
  INSP      2026-09-15  ( +77d)  AMA CPT panel (Cat-I code decision)
  RH        2026-09-15  ( +77d)  Margin inflection from the international gallery ramp (currently a quantified -270bps drag) turning to contribution plus
  PATH      2026-09-15  ( +77d)  Q2 FY2027 earnings print — proof that agentic automation (Maestro/agent orchestration) converts pilot-to-production into
  S         2026-09-15  ( +77d)  Q2 FY27 earnings — confirmation that the Q1 net-new-ARR reacceleration (+55% YoY) is durable rather than an easy-comp ar
  SSRM      2026-09-15  ( +77d)  Sale of the 80% Copler (Turkey) stake for $1.5B cash — definitive SPA signed 2026-03-24 — which removes the post-disaste
  EOLS      2026-09-29  ( +91d)  Section 232 Korea tariff EFFECTIVE (15% Jeuveau)
  WING      2026-10-15  (+107d)  Return to positive US same-store sales — management guides an inflection back to growth in 2H 2026, first confirmable in
  KER.PA    2026-10-21  (+113d)  Q3-2026 print: Gucci comp inflection under Demna (H2 sell-through)
  BRBY.L    2026-11-15  (+138d)  H1 FY2027 interim results — the proof the FY26 inflection is durable: continued positive comps (China/Americas not relap
  GO        2026-11-15  (+138d)  Comparable-store-sales inflection to positive in 2H FY2026 under new CEO Jason Potter's operational reset (36 underperfo
  RBLX      2026-11-15  (+138d)  Q3 2026 earnings print confirming DAU re-acceleration as the Jan-2026 age-check (facial-age-estimation for chat) frictio
  LULU      2026-12-15  (+168d)  Activist cooperation agreement (founder Chip Wilson) installing new directors Marc Maurer (ex-On Running co-CEO) and Lau
  BODI      2026-12-15  (+168d)  National retail-nutrition distribution rollout: Shakeology into 80+ Sprouts and 640+ Vitamin Shoppe stores (plus P90X su
  BOOK      2026-12-31  (+184d)  Tax-loss-harvest deadline (2026 gain needs 2026 losses)
  UKRAIN-StepUp-B 2026-12-31  (+184d)  Ukraine ceasefire-durability / security-guarantee watch (upsize variable)
  LVS       2027-12-15  (+533d)  Completion of The Venetian Macau renovation, gating management's $700M/quarter Macau EBITDA target (vs $633M now)


===== 2026-07-01 16:30 (desk) =====
=== CATALYST WATCH 2026-07-01 (window 60d) ===
DETFIRE|catalyst|BAH|MED|FY27 Q1 print (quarter ended Jun-2026) (in 27d) — funded backlog + quarterly book-to-bill turning positive = troughing confirmed
  BAH       2026-07-28  ( +27d)  FY27 Q1 print (quarter ended Jun-2026)
DETFIRE|catalyst|SILICON2|MED|2Q26 print — the AVOID/short INVERT-trigger (in 37d) — INVERT to LONG only if YoY re-accel >45% + Europe inflects + OM recovers >17%; else AVOID holds. Reaching ₩18-22k band = 2nd-leg-down target reached (cover/informational, NOT a buy). Own COSMECCA (the ODM) not SILICON2 (the reseller) for K-beauty
  SILICON2  2026-08-07  ( +37d)  2Q26 print — the AVOID/short INVERT-trigger
DETFIRE|catalyst|COSMECCA|MED|Q2 print (in 45d) — OPM + segment mix; RPT note + clean FCF (both were UNVERIFIABLE pre-size)
  COSMECCA  2026-08-15  ( +45d)  Q2 print
DETFIRE|catalyst|TBCG.L|MED|Q2 print + geopol de-risk watch (MEGOBARI Senate / Moody's outlook / EU-US thaw) (in 45d) — add toward ~3% on: MEGOBARI dies in Senate | Moody's NEG->STABLE | EU-US thaw | non-tail dislocation <=GBp4000. TAIL-KILL (EXIT not add): any Georgian bank named OFAC / USD-correspondent curtailment
  TBCG.L    2026-08-15  ( +45d)  Q2 print + geopol de-risk watch (MEGOBARI Senate / Moody's outlook / EU-US thaw)
DETFIRE|catalyst|CPRI|MED|Q1 FY2027 earnings — first test of management's FY2027 guidance (return to low-single-digit revenue growth to ~$3.525B a (in 45d) — Michael Kors prints a flat-to-positive constant-currency comp (currently -8.4%) — i.e., the guided FY2027 revenue inflection becomes realized rather than promised. That converts a margin-recovery-only
  CPRI      2026-08-15  ( +45d)  Q1 FY2027 earnings — first test of management's FY2027 guidance (return to low-single-digit revenue growth to ~$3.525B a
DETFIRE|catalyst|FOUR|MED|Q2 2026 earnings — first fully-clean quarter with Global Blue integrated: proof the acquisition is gross-profit/EPS accr (in 45d) — Q2 print shows Global Blue is GAAP-EPS/FCF accretive AND net leverage starts declining toward ~3x while organic end-to-end volume growth holds >=20% — i.e., the EPS/FCF inflection materializes. If lev
  FOUR      2026-08-15  ( +45d)  Q2 2026 earnings — first fully-clean quarter with Global Blue integrated: proof the acquisition is gross-profit/EPS accr
DETFIRE|catalyst|TPB|MED|Modern-oral (FRE nicotine pouch) margin inflection — the guided 2026 ramp to $180-190M net revenue / $220-240M gross con (in 45d) — Q2/Q3 2026 prints showing consolidated adjusted EBITDA margin troughing and re-inflecting WHILE modern-oral tracks the $180-190M net-revenue trajectory (proof the SG&A investment converts to profit/op
  TPB       2026-08-15  ( +45d)  Modern-oral (FRE nicotine pouch) margin inflection — the guided 2026 ramp to $180-190M net revenue / $220-240M gross con
DETFIRE|catalyst|WEN|MED|Q2 2026 earnings — first full quarter under newly installed CEO Bob Wright (5/21/26) and CFO Steve Cirulis (6/23/26), th (in 45d) — US same-store sales sequentially inflect — the −7.8% comp turning materially less negative toward flat with TRAFFIC (not just price/mix) stabilizing — confirming Project Fresh is working, while adj. E
  WEN       2026-08-15  ( +45d)  Q2 2026 earnings — first full quarter under newly installed CEO Bob Wright (5/21/26) and CFO Steve Cirulis (6/23/26), th
DETFIRE|catalyst|CRM|MED|Q2 FY2027 earnings print — the test of whether Agentforce/Data Cloud + Informatica re-accelerate total subscription and  (in 45d) — cRPO / total subscription revenue growth re-accelerates back into double digits driven by Agentforce converting to net-new ARR, refuting the 'AI agents replace seats' bear thesis — at ~10x non-GAAP ea
  CRM       2026-08-15  ( +45d)  Q2 FY2027 earnings print — the test of whether Agentforce/Data Cloud + Informatica re-accelerate total subscription and 
DETFIRE|catalyst|HUBS|MED|Q2 FY2026 earnings — proof that AI/Breeze is a monetization tailwind (revenue growth holding, net revenue retention infl (in 45d) — Q2 2026 print confirming (a) revenue growth sustained at ~20%+ YoY, (b) net revenue retention inflecting back toward/above 100%, and (c) tangible Breeze AI monetization — i.e., AI demonstrably additiv
  HUBS      2026-08-15  ( +45d)  Q2 FY2026 earnings — proof that AI/Breeze is a monetization tailwind (revenue growth holding, net revenue retention infl
DETFIRE|catalyst|MNDY|MED|Q2 2026 earnings as the first hard read on the consumption-based pricing model + rearchitected AI Work Platform (One AI) (in 45d) — NDR stops declining and inflects up (110% turning higher) WITH consumption pricing demonstrably lifting ARPU / net-new ARR — i.e., evidence AI is net-accretive to monday's model, not eroding seats. Th
  MNDY      2026-08-15  ( +45d)  Q2 2026 earnings as the first hard read on the consumption-based pricing model + rearchitected AI Work Platform (One AI)
DETFIRE|catalyst|TTD|MED|Q2 2026 earnings — first clean print after the Kokai platform migration and late-2024 sales reorg complete; management s (in 45d) — Revenue-growth deceleration ENDS: Q2/Q3 2026 YoY growth stops the 25->19->18->14->12 slide and stabilizes/re-accelerates to mid-teens, with spend-per-existing-client / net retention re-expanding — i.e
  TTD       2026-08-15  ( +45d)  Q2 2026 earnings — first clean print after the Kokai platform migration and late-2024 sales reorg complete; management s
DETFIRE|catalyst|GAP|MED|Q2 FY2026 earnings — Section-122 tariff relief (~$80M, ~50bps margin) lands in Q2/Q3 and the test of whether Old Navy's  (in 45d) — Old Navy comparable sales re-accelerate above ~3-4% (core >50%-of-revenue engine reaccelerating), confirming the turnaround is top-line AND margin rather than margin-only
  GAP       2026-08-15  ( +45d)  Q2 FY2026 earnings — Section-122 tariff relief (~$80M, ~50bps margin) lands in Q2/Q3 and the test of whether Old Navy's 
DETFIRE|catalyst|INTU|MED|Q4/full-year FY2026 earnings with initial FY2027 guidance — first management read on whether AI is eroding TurboTax/Cons (in 50d) — FY2027 guidance / next tax-season data showing TurboTax + Consumer-segment growth holding double-digit with stable-or-growing filer counts (no AI-driven filer defection), falsifying the structural-ero
  INTU      2026-08-20  ( +50d)  Q4/full-year FY2026 earnings with initial FY2027 guidance — first management read on whether AI is eroding TurboTax/Cons
  INSP      2026-09-15  ( +76d)  AMA CPT panel (Cat-I code decision)
  RH        2026-09-15  ( +76d)  Margin inflection from the international gallery ramp (currently a quantified -270bps drag) turning to contribution plus
  PATH      2026-09-15  ( +76d)  Q2 FY2027 earnings print — proof that agentic automation (Maestro/agent orchestration) converts pilot-to-production into
  S         2026-09-15  ( +76d)  Q2 FY27 earnings — confirmation that the Q1 net-new-ARR reacceleration (+55% YoY) is durable rather than an easy-comp ar
  SSRM      2026-09-15  ( +76d)  Sale of the 80% Copler (Turkey) stake for $1.5B cash — definitive SPA signed 2026-03-24 — which removes the post-disaste
  EOLS      2026-09-29  ( +90d)  Section 232 Korea tariff EFFECTIVE (15% Jeuveau)
  WING      2026-10-15  (+106d)  Return to positive US same-store sales — management guides an inflection back to growth in 2H 2026, first confirmable in
  KER.PA    2026-10-21  (+112d)  Q3-2026 print: Gucci comp inflection under Demna (H2 sell-through)
  BRBY.L    2026-11-15  (+137d)  H1 FY2027 interim results — the proof the FY26 inflection is durable: continued positive comps (China/Americas not relap
  GO        2026-11-15  (+137d)  Comparable-store-sales inflection to positive in 2H FY2026 under new CEO Jason Potter's operational reset (36 underperfo
  RBLX      2026-11-15  (+137d)  Q3 2026 earnings print confirming DAU re-acceleration as the Jan-2026 age-check (facial-age-estimation for chat) frictio
  LULU      2026-12-15  (+167d)  Activist cooperation agreement (founder Chip Wilson) installing new directors Marc Maurer (ex-On Running co-CEO) and Lau
  BODI      2026-12-15  (+167d)  National retail-nutrition distribution rollout: Shakeology into 80+ Sprouts and 640+ Vitamin Shoppe stores (plus P90X su
  BOOK      2026-12-31  (+183d)  Tax-loss-harvest deadline (2026 gain needs 2026 losses)
  UKRAIN-StepUp-B 2026-12-31  (+183d)  Ukraine ceasefire-durability / security-guarantee watch (upsize variable)
  LVS       2027-12-15  (+532d)  Completion of The Venetian Macau renovation, gating management's $700M/quarter Macau EBITDA target (vs $633M now)


===== 2026-07-02 16:30 (desk) =====
=== CATALYST WATCH 2026-07-02 (window 60d) ===
DETFIRE|catalyst|BAH|MED|FY27 Q1 print (quarter ended Jun-2026) (in 26d) — funded backlog + quarterly book-to-bill turning positive = troughing confirmed
  BAH       2026-07-28  ( +26d)  FY27 Q1 print (quarter ended Jun-2026)
DETFIRE|catalyst|SILICON2|MED|2Q26 print — the AVOID/short INVERT-trigger (in 36d) — INVERT to LONG only if YoY re-accel >45% + Europe inflects + OM recovers >17%; else AVOID holds. Reaching ₩18-22k band = 2nd-leg-down target reached (cover/informational, NOT a buy). Own COSMECCA (the ODM) not SILICON2 (the reseller) for K-beauty
  SILICON2  2026-08-07  ( +36d)  2Q26 print — the AVOID/short INVERT-trigger
DETFIRE|catalyst|COSMECCA|MED|Q2 print (in 44d) — OPM + segment mix; RPT note + clean FCF (both were UNVERIFIABLE pre-size)
  COSMECCA  2026-08-15  ( +44d)  Q2 print
DETFIRE|catalyst|TBCG.L|MED|Q2 print + geopol de-risk watch (MEGOBARI Senate / Moody's outlook / EU-US thaw) (in 44d) — add toward ~3% on: MEGOBARI dies in Senate | Moody's NEG->STABLE | EU-US thaw | non-tail dislocation <=GBp4000. TAIL-KILL (EXIT not add): any Georgian bank named OFAC / USD-correspondent curtailment
  TBCG.L    2026-08-15  ( +44d)  Q2 print + geopol de-risk watch (MEGOBARI Senate / Moody's outlook / EU-US thaw)
DETFIRE|catalyst|CPRI|MED|Q1 FY2027 earnings — first test of management's FY2027 guidance (return to low-single-digit revenue growth to ~$3.525B a (in 44d) — Michael Kors prints a flat-to-positive constant-currency comp (currently -8.4%) — i.e., the guided FY2027 revenue inflection becomes realized rather than promised. That converts a margin-recovery-only
  CPRI      2026-08-15  ( +44d)  Q1 FY2027 earnings — first test of management's FY2027 guidance (return to low-single-digit revenue growth to ~$3.525B a
DETFIRE|catalyst|FOUR|MED|Q2 2026 earnings — first fully-clean quarter with Global Blue integrated: proof the acquisition is gross-profit/EPS accr (in 44d) — Q2 print shows Global Blue is GAAP-EPS/FCF accretive AND net leverage starts declining toward ~3x while organic end-to-end volume growth holds >=20% — i.e., the EPS/FCF inflection materializes. If lev
  FOUR      2026-08-15  ( +44d)  Q2 2026 earnings — first fully-clean quarter with Global Blue integrated: proof the acquisition is gross-profit/EPS accr
DETFIRE|catalyst|TPB|MED|Modern-oral (FRE nicotine pouch) margin inflection — the guided 2026 ramp to $180-190M net revenue / $220-240M gross con (in 44d) — Q2/Q3 2026 prints showing consolidated adjusted EBITDA margin troughing and re-inflecting WHILE modern-oral tracks the $180-190M net-revenue trajectory (proof the SG&A investment converts to profit/op
  TPB       2026-08-15  ( +44d)  Modern-oral (FRE nicotine pouch) margin inflection — the guided 2026 ramp to $180-190M net revenue / $220-240M gross con
DETFIRE|catalyst|WEN|MED|Q2 2026 earnings — first full quarter under newly installed CEO Bob Wright (5/21/26) and CFO Steve Cirulis (6/23/26), th (in 44d) — US same-store sales sequentially inflect — the −7.8% comp turning materially less negative toward flat with TRAFFIC (not just price/mix) stabilizing — confirming Project Fresh is working, while adj. E
  WEN       2026-08-15  ( +44d)  Q2 2026 earnings — first full quarter under newly installed CEO Bob Wright (5/21/26) and CFO Steve Cirulis (6/23/26), th
DETFIRE|catalyst|CRM|MED|Q2 FY2027 earnings print — the test of whether Agentforce/Data Cloud + Informatica re-accelerate total subscription and  (in 44d) — cRPO / total subscription revenue growth re-accelerates back into double digits driven by Agentforce converting to net-new ARR, refuting the 'AI agents replace seats' bear thesis — at ~10x non-GAAP ea
  CRM       2026-08-15  ( +44d)  Q2 FY2027 earnings print — the test of whether Agentforce/Data Cloud + Informatica re-accelerate total subscription and 
DETFIRE|catalyst|HUBS|MED|Q2 FY2026 earnings — proof that AI/Breeze is a monetization tailwind (revenue growth holding, net revenue retention infl (in 44d) — Q2 2026 print confirming (a) revenue growth sustained at ~20%+ YoY, (b) net revenue retention inflecting back toward/above 100%, and (c) tangible Breeze AI monetization — i.e., AI demonstrably additiv
  HUBS      2026-08-15  ( +44d)  Q2 FY2026 earnings — proof that AI/Breeze is a monetization tailwind (revenue growth holding, net revenue retention infl
DETFIRE|catalyst|MNDY|MED|Q2 2026 earnings as the first hard read on the consumption-based pricing model + rearchitected AI Work Platform (One AI) (in 44d) — NDR stops declining and inflects up (110% turning higher) WITH consumption pricing demonstrably lifting ARPU / net-new ARR — i.e., evidence AI is net-accretive to monday's model, not eroding seats. Th
  MNDY      2026-08-15  ( +44d)  Q2 2026 earnings as the first hard read on the consumption-based pricing model + rearchitected AI Work Platform (One AI)
DETFIRE|catalyst|TTD|MED|Q2 2026 earnings — first clean print after the Kokai platform migration and late-2024 sales reorg complete; management s (in 44d) — Revenue-growth deceleration ENDS: Q2/Q3 2026 YoY growth stops the 25->19->18->14->12 slide and stabilizes/re-accelerates to mid-teens, with spend-per-existing-client / net retention re-expanding — i.e
  TTD       2026-08-15  ( +44d)  Q2 2026 earnings — first clean print after the Kokai platform migration and late-2024 sales reorg complete; management s
DETFIRE|catalyst|GAP|MED|Q2 FY2026 earnings — Section-122 tariff relief (~$80M, ~50bps margin) lands in Q2/Q3 and the test of whether Old Navy's  (in 44d) — Old Navy comparable sales re-accelerate above ~3-4% (core >50%-of-revenue engine reaccelerating), confirming the turnaround is top-line AND margin rather than margin-only
  GAP       2026-08-15  ( +44d)  Q2 FY2026 earnings — Section-122 tariff relief (~$80M, ~50bps margin) lands in Q2/Q3 and the test of whether Old Navy's 
DETFIRE|catalyst|INTU|MED|Q4/full-year FY2026 earnings with initial FY2027 guidance — first management read on whether AI is eroding TurboTax/Cons (in 49d) — FY2027 guidance / next tax-season data showing TurboTax + Consumer-segment growth holding double-digit with stable-or-growing filer counts (no AI-driven filer defection), falsifying the structural-ero
  INTU      2026-08-20  ( +49d)  Q4/full-year FY2026 earnings with initial FY2027 guidance — first management read on whether AI is eroding TurboTax/Cons
  INSP      2026-09-15  ( +75d)  AMA CPT panel (Cat-I code decision)
  RH        2026-09-15  ( +75d)  Margin inflection from the international gallery ramp (currently a quantified -270bps drag) turning to contribution plus
  PATH      2026-09-15  ( +75d)  Q2 FY2027 earnings print — proof that agentic automation (Maestro/agent orchestration) converts pilot-to-production into
  S         2026-09-15  ( +75d)  Q2 FY27 earnings — confirmation that the Q1 net-new-ARR reacceleration (+55% YoY) is durable rather than an easy-comp ar
  SSRM      2026-09-15  ( +75d)  Sale of the 80% Copler (Turkey) stake for $1.5B cash — definitive SPA signed 2026-03-24 — which removes the post-disaste
  EOLS      2026-09-29  ( +89d)  Section 232 Korea tariff EFFECTIVE (15% Jeuveau)
  WING      2026-10-15  (+105d)  Return to positive US same-store sales — management guides an inflection back to growth in 2H 2026, first confirmable in
  KER.PA    2026-10-21  (+111d)  Q3-2026 print: Gucci comp inflection under Demna (H2 sell-through)
  BRBY.L    2026-11-15  (+136d)  H1 FY2027 interim results — the proof the FY26 inflection is durable: continued positive comps (China/Americas not relap
  GO        2026-11-15  (+136d)  Comparable-store-sales inflection to positive in 2H FY2026 under new CEO Jason Potter's operational reset (36 underperfo
  RBLX      2026-11-15  (+136d)  Q3 2026 earnings print confirming DAU re-acceleration as the Jan-2026 age-check (facial-age-estimation for chat) frictio
  LULU      2026-12-15  (+166d)  Activist cooperation agreement (founder Chip Wilson) installing new directors Marc Maurer (ex-On Running co-CEO) and Lau
  BODI      2026-12-15  (+166d)  National retail-nutrition distribution rollout: Shakeology into 80+ Sprouts and 640+ Vitamin Shoppe stores (plus P90X su
  BOOK      2026-12-31  (+182d)  Tax-loss-harvest deadline (2026 gain needs 2026 losses)
  UKRAIN-StepUp-B 2026-12-31  (+182d)  Ukraine ceasefire-durability / security-guarantee watch (upsize variable)
  LVS       2027-12-15  (+531d)  Completion of The Venetian Macau renovation, gating management's $700M/quarter Macau EBITDA target (vs $633M now)


===== 2026-07-03 16:30 (desk) =====
=== CATALYST WATCH 2026-07-03 (window 60d) ===
DETFIRE|catalyst|BAH|MED|FY27 Q1 print (quarter ended Jun-2026) (in 25d) — funded backlog + quarterly book-to-bill turning positive = troughing confirmed
  BAH       2026-07-28  ( +25d)  FY27 Q1 print (quarter ended Jun-2026)
DETFIRE|catalyst|SILICON2|MED|2Q26 print — the AVOID/short INVERT-trigger (in 35d) — INVERT to LONG only if YoY re-accel >45% + Europe inflects + OM recovers >17%; else AVOID holds. Reaching ₩18-22k band = 2nd-leg-down target reached (cover/informational, NOT a buy). Own COSMECCA (the ODM) not SILICON2 (the reseller) for K-beauty
  SILICON2  2026-08-07  ( +35d)  2Q26 print — the AVOID/short INVERT-trigger
DETFIRE|catalyst|COSMECCA|MED|Q2 print (in 43d) — OPM + segment mix; RPT note + clean FCF (both were UNVERIFIABLE pre-size)
  COSMECCA  2026-08-15  ( +43d)  Q2 print
DETFIRE|catalyst|TBCG.L|MED|Q2 print + geopol de-risk watch (MEGOBARI Senate / Moody's outlook / EU-US thaw) (in 43d) — add toward ~3% on: MEGOBARI dies in Senate | Moody's NEG->STABLE | EU-US thaw | non-tail dislocation <=GBp4000. TAIL-KILL (EXIT not add): any Georgian bank named OFAC / USD-correspondent curtailment
  TBCG.L    2026-08-15  ( +43d)  Q2 print + geopol de-risk watch (MEGOBARI Senate / Moody's outlook / EU-US thaw)
DETFIRE|catalyst|CPRI|MED|Q1 FY2027 earnings — first test of management's FY2027 guidance (return to low-single-digit revenue growth to ~$3.525B a (in 43d) — Michael Kors prints a flat-to-positive constant-currency comp (currently -8.4%) — i.e., the guided FY2027 revenue inflection becomes realized rather than promised. That converts a margin-recovery-only
  CPRI      2026-08-15  ( +43d)  Q1 FY2027 earnings — first test of management's FY2027 guidance (return to low-single-digit revenue growth to ~$3.525B a
DETFIRE|catalyst|FOUR|MED|Q2 2026 earnings — first fully-clean quarter with Global Blue integrated: proof the acquisition is gross-profit/EPS accr (in 43d) — Q2 print shows Global Blue is GAAP-EPS/FCF accretive AND net leverage starts declining toward ~3x while organic end-to-end volume growth holds >=20% — i.e., the EPS/FCF inflection materializes. If lev
  FOUR      2026-08-15  ( +43d)  Q2 2026 earnings — first fully-clean quarter with Global Blue integrated: proof the acquisition is gross-profit/EPS accr
DETFIRE|catalyst|TPB|MED|Modern-oral (FRE nicotine pouch) margin inflection — the guided 2026 ramp to $180-190M net revenue / $220-240M gross con (in 43d) — Q2/Q3 2026 prints showing consolidated adjusted EBITDA margin troughing and re-inflecting WHILE modern-oral tracks the $180-190M net-revenue trajectory (proof the SG&A investment converts to profit/op
  TPB       2026-08-15  ( +43d)  Modern-oral (FRE nicotine pouch) margin inflection — the guided 2026 ramp to $180-190M net revenue / $220-240M gross con
DETFIRE|catalyst|WEN|MED|Q2 2026 earnings — first full quarter under newly installed CEO Bob Wright (5/21/26) and CFO Steve Cirulis (6/23/26), th (in 43d) — US same-store sales sequentially inflect — the −7.8% comp turning materially less negative toward flat with TRAFFIC (not just price/mix) stabilizing — confirming Project Fresh is working, while adj. E
  WEN       2026-08-15  ( +43d)  Q2 2026 earnings — first full quarter under newly installed CEO Bob Wright (5/21/26) and CFO Steve Cirulis (6/23/26), th
DETFIRE|catalyst|CRM|MED|Q2 FY2027 earnings print — the test of whether Agentforce/Data Cloud + Informatica re-accelerate total subscription and  (in 43d) — cRPO / total subscription revenue growth re-accelerates back into double digits driven by Agentforce converting to net-new ARR, refuting the 'AI agents replace seats' bear thesis — at ~10x non-GAAP ea
  CRM       2026-08-15  ( +43d)  Q2 FY2027 earnings print — the test of whether Agentforce/Data Cloud + Informatica re-accelerate total subscription and 
DETFIRE|catalyst|HUBS|MED|Q2 FY2026 earnings — proof that AI/Breeze is a monetization tailwind (revenue growth holding, net revenue retention infl (in 43d) — Q2 2026 print confirming (a) revenue growth sustained at ~20%+ YoY, (b) net revenue retention inflecting back toward/above 100%, and (c) tangible Breeze AI monetization — i.e., AI demonstrably additiv
  HUBS      2026-08-15  ( +43d)  Q2 FY2026 earnings — proof that AI/Breeze is a monetization tailwind (revenue growth holding, net revenue retention infl
DETFIRE|catalyst|MNDY|MED|Q2 2026 earnings as the first hard read on the consumption-based pricing model + rearchitected AI Work Platform (One AI) (in 43d) — NDR stops declining and inflects up (110% turning higher) WITH consumption pricing demonstrably lifting ARPU / net-new ARR — i.e., evidence AI is net-accretive to monday's model, not eroding seats. Th
  MNDY      2026-08-15  ( +43d)  Q2 2026 earnings as the first hard read on the consumption-based pricing model + rearchitected AI Work Platform (One AI)
DETFIRE|catalyst|TTD|MED|Q2 2026 earnings — first clean print after the Kokai platform migration and late-2024 sales reorg complete; management s (in 43d) — Revenue-growth deceleration ENDS: Q2/Q3 2026 YoY growth stops the 25->19->18->14->12 slide and stabilizes/re-accelerates to mid-teens, with spend-per-existing-client / net retention re-expanding — i.e
  TTD       2026-08-15  ( +43d)  Q2 2026 earnings — first clean print after the Kokai platform migration and late-2024 sales reorg complete; management s
DETFIRE|catalyst|GAP|MED|Q2 FY2026 earnings — Section-122 tariff relief (~$80M, ~50bps margin) lands in Q2/Q3 and the test of whether Old Navy's  (in 43d) — Old Navy comparable sales re-accelerate above ~3-4% (core >50%-of-revenue engine reaccelerating), confirming the turnaround is top-line AND margin rather than margin-only
  GAP       2026-08-15  ( +43d)  Q2 FY2026 earnings — Section-122 tariff relief (~$80M, ~50bps margin) lands in Q2/Q3 and the test of whether Old Navy's 
DETFIRE|catalyst|INTU|MED|Q4/full-year FY2026 earnings with initial FY2027 guidance — first management read on whether AI is eroding TurboTax/Cons (in 48d) — FY2027 guidance / next tax-season data showing TurboTax + Consumer-segment growth holding double-digit with stable-or-growing filer counts (no AI-driven filer defection), falsifying the structural-ero
  INTU      2026-08-20  ( +48d)  Q4/full-year FY2026 earnings with initial FY2027 guidance — first management read on whether AI is eroding TurboTax/Cons
  INSP      2026-09-15  ( +74d)  AMA CPT panel (Cat-I code decision)
  RH        2026-09-15  ( +74d)  Margin inflection from the international gallery ramp (currently a quantified -270bps drag) turning to contribution plus
  PATH      2026-09-15  ( +74d)  Q2 FY2027 earnings print — proof that agentic automation (Maestro/agent orchestration) converts pilot-to-production into
  S         2026-09-15  ( +74d)  Q2 FY27 earnings — confirmation that the Q1 net-new-ARR reacceleration (+55% YoY) is durable rather than an easy-comp ar
  SSRM      2026-09-15  ( +74d)  Sale of the 80% Copler (Turkey) stake for $1.5B cash — definitive SPA signed 2026-03-24 — which removes the post-disaste
  EOLS      2026-09-29  ( +88d)  Section 232 Korea tariff EFFECTIVE (15% Jeuveau)
  WING      2026-10-15  (+104d)  Return to positive US same-store sales — management guides an inflection back to growth in 2H 2026, first confirmable in
  KER.PA    2026-10-21  (+110d)  Q3-2026 print: Gucci comp inflection under Demna (H2 sell-through)
  BRBY.L    2026-11-15  (+135d)  H1 FY2027 interim results — the proof the FY26 inflection is durable: continued positive comps (China/Americas not relap
  GO        2026-11-15  (+135d)  Comparable-store-sales inflection to positive in 2H FY2026 under new CEO Jason Potter's operational reset (36 underperfo
  RBLX      2026-11-15  (+135d)  Q3 2026 earnings print confirming DAU re-acceleration as the Jan-2026 age-check (facial-age-estimation for chat) frictio
  LULU      2026-12-15  (+165d)  Activist cooperation agreement (founder Chip Wilson) installing new directors Marc Maurer (ex-On Running co-CEO) and Lau
  BODI      2026-12-15  (+165d)  National retail-nutrition distribution rollout: Shakeology into 80+ Sprouts and 640+ Vitamin Shoppe stores (plus P90X su
  BOOK      2026-12-31  (+181d)  Tax-loss-harvest deadline (2026 gain needs 2026 losses)
  UKRAIN-StepUp-B 2026-12-31  (+181d)  Ukraine ceasefire-durability / security-guarantee watch (upsize variable)
  LVS       2027-12-15  (+530d)  Completion of The Venetian Macau renovation, gating management's $700M/quarter Macau EBITDA target (vs $633M now)


===== 2026-07-06 00:35 (desk) =====
=== CATALYST WATCH 2026-07-06 (window 60d) ===
DETFIRE|catalyst|BAH|MED|FY27 Q1 print (quarter ended Jun-2026) (in 22d) — funded backlog + quarterly book-to-bill turning positive = troughing confirmed
  BAH       2026-07-28  ( +22d)  FY27 Q1 print (quarter ended Jun-2026)
DETFIRE|catalyst|SILICON2|MED|2Q26 print — the AVOID/short INVERT-trigger (in 32d) — INVERT to LONG only if YoY re-accel >45% + Europe inflects + OM recovers >17%; else AVOID holds. Reaching ₩18-22k band = 2nd-leg-down target reached (cover/informational, NOT a buy). Own COSMECCA (the ODM) not SILICON2 (the reseller) for K-beauty
  SILICON2  2026-08-07  ( +32d)  2Q26 print — the AVOID/short INVERT-trigger
DETFIRE|catalyst|COSMECCA|MED|Q2 print (in 40d) — OPM + segment mix; RPT note + clean FCF (both were UNVERIFIABLE pre-size)
  COSMECCA  2026-08-15  ( +40d)  Q2 print
DETFIRE|catalyst|TBCG.L|MED|Q2 print + geopol de-risk watch (MEGOBARI Senate / Moody's outlook / EU-US thaw) (in 40d) — add toward ~3% on: MEGOBARI dies in Senate | Moody's NEG->STABLE | EU-US thaw | non-tail dislocation <=GBp4000. TAIL-KILL (EXIT not add): any Georgian bank named OFAC / USD-correspondent curtailment
  TBCG.L    2026-08-15  ( +40d)  Q2 print + geopol de-risk watch (MEGOBARI Senate / Moody's outlook / EU-US thaw)
DETFIRE|catalyst|CPRI|MED|Q1 FY2027 earnings — first test of management's FY2027 guidance (return to low-single-digit revenue growth to ~$3.525B a (in 40d) — Michael Kors prints a flat-to-positive constant-currency comp (currently -8.4%) — i.e., the guided FY2027 revenue inflection becomes realized rather than promised. That converts a margin-recovery-only
  CPRI      2026-08-15  ( +40d)  Q1 FY2027 earnings — first test of management's FY2027 guidance (return to low-single-digit revenue growth to ~$3.525B a
DETFIRE|catalyst|FOUR|MED|Q2 2026 earnings — first fully-clean quarter with Global Blue integrated: proof the acquisition is gross-profit/EPS accr (in 40d) — Q2 print shows Global Blue is GAAP-EPS/FCF accretive AND net leverage starts declining toward ~3x while organic end-to-end volume growth holds >=20% — i.e., the EPS/FCF inflection materializes. If lev
  FOUR      2026-08-15  ( +40d)  Q2 2026 earnings — first fully-clean quarter with Global Blue integrated: proof the acquisition is gross-profit/EPS accr
DETFIRE|catalyst|TPB|MED|Modern-oral (FRE nicotine pouch) margin inflection — the guided 2026 ramp to $180-190M net revenue / $220-240M gross con (in 40d) — Q2/Q3 2026 prints showing consolidated adjusted EBITDA margin troughing and re-inflecting WHILE modern-oral tracks the $180-190M net-revenue trajectory (proof the SG&A investment converts to profit/op
  TPB       2026-08-15  ( +40d)  Modern-oral (FRE nicotine pouch) margin inflection — the guided 2026 ramp to $180-190M net revenue / $220-240M gross con
DETFIRE|catalyst|WEN|MED|Q2 2026 earnings — first full quarter under newly installed CEO Bob Wright (5/21/26) and CFO Steve Cirulis (6/23/26), th (in 40d) — US same-store sales sequentially inflect — the −7.8% comp turning materially less negative toward flat with TRAFFIC (not just price/mix) stabilizing — confirming Project Fresh is working, while adj. E
  WEN       2026-08-15  ( +40d)  Q2 2026 earnings — first full quarter under newly installed CEO Bob Wright (5/21/26) and CFO Steve Cirulis (6/23/26), th
DETFIRE|catalyst|CRM|MED|Q2 FY2027 earnings print — the test of whether Agentforce/Data Cloud + Informatica re-accelerate total subscription and  (in 40d) — cRPO / total subscription revenue growth re-accelerates back into double digits driven by Agentforce converting to net-new ARR, refuting the 'AI agents replace seats' bear thesis — at ~10x non-GAAP ea
  CRM       2026-08-15  ( +40d)  Q2 FY2027 earnings print — the test of whether Agentforce/Data Cloud + Informatica re-accelerate total subscription and 
DETFIRE|catalyst|HUBS|MED|Q2 FY2026 earnings — proof that AI/Breeze is a monetization tailwind (revenue growth holding, net revenue retention infl (in 40d) — Q2 2026 print confirming (a) revenue growth sustained at ~20%+ YoY, (b) net revenue retention inflecting back toward/above 100%, and (c) tangible Breeze AI monetization — i.e., AI demonstrably additiv
  HUBS      2026-08-15  ( +40d)  Q2 FY2026 earnings — proof that AI/Breeze is a monetization tailwind (revenue growth holding, net revenue retention infl
DETFIRE|catalyst|MNDY|MED|Q2 2026 earnings as the first hard read on the consumption-based pricing model + rearchitected AI Work Platform (One AI) (in 40d) — NDR stops declining and inflects up (110% turning higher) WITH consumption pricing demonstrably lifting ARPU / net-new ARR — i.e., evidence AI is net-accretive to monday's model, not eroding seats. Th
  MNDY      2026-08-15  ( +40d)  Q2 2026 earnings as the first hard read on the consumption-based pricing model + rearchitected AI Work Platform (One AI)
DETFIRE|catalyst|TTD|MED|Q2 2026 earnings — first clean print after the Kokai platform migration and late-2024 sales reorg complete; management s (in 40d) — Revenue-growth deceleration ENDS: Q2/Q3 2026 YoY growth stops the 25->19->18->14->12 slide and stabilizes/re-accelerates to mid-teens, with spend-per-existing-client / net retention re-expanding — i.e
  TTD       2026-08-15  ( +40d)  Q2 2026 earnings — first clean print after the Kokai platform migration and late-2024 sales reorg complete; management s
DETFIRE|catalyst|GAP|MED|Q2 FY2026 earnings — Section-122 tariff relief (~$80M, ~50bps margin) lands in Q2/Q3 and the test of whether Old Navy's  (in 40d) — Old Navy comparable sales re-accelerate above ~3-4% (core >50%-of-revenue engine reaccelerating), confirming the turnaround is top-line AND margin rather than margin-only
  GAP       2026-08-15  ( +40d)  Q2 FY2026 earnings — Section-122 tariff relief (~$80M, ~50bps margin) lands in Q2/Q3 and the test of whether Old Navy's 
DETFIRE|catalyst|INTU|MED|Q4/full-year FY2026 earnings with initial FY2027 guidance — first management read on whether AI is eroding TurboTax/Cons (in 45d) — FY2027 guidance / next tax-season data showing TurboTax + Consumer-segment growth holding double-digit with stable-or-growing filer counts (no AI-driven filer defection), falsifying the structural-ero
  INTU      2026-08-20  ( +45d)  Q4/full-year FY2026 earnings with initial FY2027 guidance — first management read on whether AI is eroding TurboTax/Cons
  INSP      2026-09-15  ( +71d)  AMA CPT panel (Cat-I code decision)
  RH        2026-09-15  ( +71d)  Margin inflection from the international gallery ramp (currently a quantified -270bps drag) turning to contribution plus
  PATH      2026-09-15  ( +71d)  Q2 FY2027 earnings print — proof that agentic automation (Maestro/agent orchestration) converts pilot-to-production into
  S         2026-09-15  ( +71d)  Q2 FY27 earnings — confirmation that the Q1 net-new-ARR reacceleration (+55% YoY) is durable rather than an easy-comp ar
  SSRM      2026-09-15  ( +71d)  Sale of the 80% Copler (Turkey) stake for $1.5B cash — definitive SPA signed 2026-03-24 — which removes the post-disaste
  EOLS      2026-09-29  ( +85d)  Section 232 Korea tariff EFFECTIVE (15% Jeuveau)
  WING      2026-10-15  (+101d)  Return to positive US same-store sales — management guides an inflection back to growth in 2H 2026, first confirmable in
  KER.PA    2026-10-21  (+107d)  Q3-2026 print: Gucci comp inflection under Demna (H2 sell-through)
  BRBY.L    2026-11-15  (+132d)  H1 FY2027 interim results — the proof the FY26 inflection is durable: continued positive comps (China/Americas not relap
  GO        2026-11-15  (+132d)  Comparable-store-sales inflection to positive in 2H FY2026 under new CEO Jason Potter's operational reset (36 underperfo
  RBLX      2026-11-15  (+132d)  Q3 2026 earnings print confirming DAU re-acceleration as the Jan-2026 age-check (facial-age-estimation for chat) frictio
  LULU      2026-12-15  (+162d)  Activist cooperation agreement (founder Chip Wilson) installing new directors Marc Maurer (ex-On Running co-CEO) and Lau
  BODI      2026-12-15  (+162d)  National retail-nutrition distribution rollout: Shakeology into 80+ Sprouts and 640+ Vitamin Shoppe stores (plus P90X su
  BOOK      2026-12-31  (+178d)  Tax-loss-harvest deadline (2026 gain needs 2026 losses)
  UKRAIN-StepUp-B 2026-12-31  (+178d)  Ukraine ceasefire-durability / security-guarantee watch (upsize variable)
  LVS       2027-12-15  (+527d)  Completion of The Venetian Macau renovation, gating management's $700M/quarter Macau EBITDA target (vs $633M now)


===== 2026-07-07 07:35 (desk) =====
=== CATALYST WATCH 2026-07-07 (window 60d) ===
DETFIRE|catalyst|BAH|HIGH|FY27 Q1 print (quarter ended Jun-2026) (in 21d) — funded backlog + quarterly book-to-bill turning positive = troughing confirmed
  BAH       2026-07-28  ( +21d)  FY27 Q1 print (quarter ended Jun-2026)
DETFIRE|catalyst|SILICON2|MED|2Q26 print — the AVOID/short INVERT-trigger (in 31d) — INVERT to LONG only if YoY re-accel >45% + Europe inflects + OM recovers >17%; else AVOID holds. Reaching ₩18-22k band = 2nd-leg-down target reached (cover/informational, NOT a buy). Own COSMECCA (the ODM) not SILICON2 (the reseller) for K-beauty
  SILICON2  2026-08-07  ( +31d)  2Q26 print — the AVOID/short INVERT-trigger
DETFIRE|catalyst|COSMECCA|MED|Q2 print (in 39d) — OPM + segment mix; RPT note + clean FCF (both were UNVERIFIABLE pre-size)
  COSMECCA  2026-08-15  ( +39d)  Q2 print
DETFIRE|catalyst|TBCG.L|MED|Q2 print + geopol de-risk watch (MEGOBARI Senate / Moody's outlook / EU-US thaw) (in 39d) — add toward ~3% on: MEGOBARI dies in Senate | Moody's NEG->STABLE | EU-US thaw | non-tail dislocation <=GBp4000. TAIL-KILL (EXIT not add): any Georgian bank named OFAC / USD-correspondent curtailment
  TBCG.L    2026-08-15  ( +39d)  Q2 print + geopol de-risk watch (MEGOBARI Senate / Moody's outlook / EU-US thaw)
DETFIRE|catalyst|CPRI|MED|Q1 FY2027 earnings — first test of management's FY2027 guidance (return to low-single-digit revenue growth to ~$3.525B a (in 39d) — Michael Kors prints a flat-to-positive constant-currency comp (currently -8.4%) — i.e., the guided FY2027 revenue inflection becomes realized rather than promised. That converts a margin-recovery-only
  CPRI      2026-08-15  ( +39d)  Q1 FY2027 earnings — first test of management's FY2027 guidance (return to low-single-digit revenue growth to ~$3.525B a
DETFIRE|catalyst|FOUR|MED|Q2 2026 earnings — first fully-clean quarter with Global Blue integrated: proof the acquisition is gross-profit/EPS accr (in 39d) — Q2 print shows Global Blue is GAAP-EPS/FCF accretive AND net leverage starts declining toward ~3x while organic end-to-end volume growth holds >=20% — i.e., the EPS/FCF inflection materializes. If lev
  FOUR      2026-08-15  ( +39d)  Q2 2026 earnings — first fully-clean quarter with Global Blue integrated: proof the acquisition is gross-profit/EPS accr
DETFIRE|catalyst|TPB|MED|Modern-oral (FRE nicotine pouch) margin inflection — the guided 2026 ramp to $180-190M net revenue / $220-240M gross con (in 39d) — Q2/Q3 2026 prints showing consolidated adjusted EBITDA margin troughing and re-inflecting WHILE modern-oral tracks the $180-190M net-revenue trajectory (proof the SG&A investment converts to profit/op
  TPB       2026-08-15  ( +39d)  Modern-oral (FRE nicotine pouch) margin inflection — the guided 2026 ramp to $180-190M net revenue / $220-240M gross con
DETFIRE|catalyst|WEN|MED|Q2 2026 earnings — first full quarter under newly installed CEO Bob Wright (5/21/26) and CFO Steve Cirulis (6/23/26), th (in 39d) — US same-store sales sequentially inflect — the −7.8% comp turning materially less negative toward flat with TRAFFIC (not just price/mix) stabilizing — confirming Project Fresh is working, while adj. E
  WEN       2026-08-15  ( +39d)  Q2 2026 earnings — first full quarter under newly installed CEO Bob Wright (5/21/26) and CFO Steve Cirulis (6/23/26), th
DETFIRE|catalyst|CRM|MED|Q2 FY2027 earnings print — the test of whether Agentforce/Data Cloud + Informatica re-accelerate total subscription and  (in 39d) — cRPO / total subscription revenue growth re-accelerates back into double digits driven by Agentforce converting to net-new ARR, refuting the 'AI agents replace seats' bear thesis — at ~10x non-GAAP ea
  CRM       2026-08-15  ( +39d)  Q2 FY2027 earnings print — the test of whether Agentforce/Data Cloud + Informatica re-accelerate total subscription and 
DETFIRE|catalyst|HUBS|MED|Q2 FY2026 earnings — proof that AI/Breeze is a monetization tailwind (revenue growth holding, net revenue retention infl (in 39d) — Q2 2026 print confirming (a) revenue growth sustained at ~20%+ YoY, (b) net revenue retention inflecting back toward/above 100%, and (c) tangible Breeze AI monetization — i.e., AI demonstrably additiv
  HUBS      2026-08-15  ( +39d)  Q2 FY2026 earnings — proof that AI/Breeze is a monetization tailwind (revenue growth holding, net revenue retention infl
DETFIRE|catalyst|MNDY|MED|Q2 2026 earnings as the first hard read on the consumption-based pricing model + rearchitected AI Work Platform (One AI) (in 39d) — NDR stops declining and inflects up (110% turning higher) WITH consumption pricing demonstrably lifting ARPU / net-new ARR — i.e., evidence AI is net-accretive to monday's model, not eroding seats. Th
  MNDY      2026-08-15  ( +39d)  Q2 2026 earnings as the first hard read on the consumption-based pricing model + rearchitected AI Work Platform (One AI)
DETFIRE|catalyst|TTD|MED|Q2 2026 earnings — first clean print after the Kokai platform migration and late-2024 sales reorg complete; management s (in 39d) — Revenue-growth deceleration ENDS: Q2/Q3 2026 YoY growth stops the 25->19->18->14->12 slide and stabilizes/re-accelerates to mid-teens, with spend-per-existing-client / net retention re-expanding — i.e
  TTD       2026-08-15  ( +39d)  Q2 2026 earnings — first clean print after the Kokai platform migration and late-2024 sales reorg complete; management s
DETFIRE|catalyst|GAP|MED|Q2 FY2026 earnings — Section-122 tariff relief (~$80M, ~50bps margin) lands in Q2/Q3 and the test of whether Old Navy's  (in 39d) — Old Navy comparable sales re-accelerate above ~3-4% (core >50%-of-revenue engine reaccelerating), confirming the turnaround is top-line AND margin rather than margin-only
  GAP       2026-08-15  ( +39d)  Q2 FY2026 earnings — Section-122 tariff relief (~$80M, ~50bps margin) lands in Q2/Q3 and the test of whether Old Navy's 
DETFIRE|catalyst|INTU|MED|Q4/full-year FY2026 earnings with initial FY2027 guidance — first management read on whether AI is eroding TurboTax/Cons (in 44d) — FY2027 guidance / next tax-season data showing TurboTax + Consumer-segment growth holding double-digit with stable-or-growing filer counts (no AI-driven filer defection), falsifying the structural-ero
  INTU      2026-08-20  ( +44d)  Q4/full-year FY2026 earnings with initial FY2027 guidance — first management read on whether AI is eroding TurboTax/Cons
  INSP      2026-09-15  ( +70d)  AMA CPT panel (Cat-I code decision)
  RH        2026-09-15  ( +70d)  Margin inflection from the international gallery ramp (currently a quantified -270bps drag) turning to contribution plus
  PATH      2026-09-15  ( +70d)  Q2 FY2027 earnings print — proof that agentic automation (Maestro/agent orchestration) converts pilot-to-production into
  S         2026-09-15  ( +70d)  Q2 FY27 earnings — confirmation that the Q1 net-new-ARR reacceleration (+55% YoY) is durable rather than an easy-comp ar
  SSRM      2026-09-15  ( +70d)  Sale of the 80% Copler (Turkey) stake for $1.5B cash — definitive SPA signed 2026-03-24 — which removes the post-disaste
  EOLS      2026-09-29  ( +84d)  Section 232 Korea tariff EFFECTIVE (15% Jeuveau)
  WING      2026-10-15  (+100d)  Return to positive US same-store sales — management guides an inflection back to growth in 2H 2026, first confirmable in
  KER.PA    2026-10-21  (+106d)  Q3-2026 print: Gucci comp inflection under Demna (H2 sell-through)
  BRBY.L    2026-11-15  (+131d)  H1 FY2027 interim results — the proof the FY26 inflection is durable: continued positive comps (China/Americas not relap
  GO        2026-11-15  (+131d)  Comparable-store-sales inflection to positive in 2H FY2026 under new CEO Jason Potter's operational reset (36 underperfo
  RBLX      2026-11-15  (+131d)  Q3 2026 earnings print confirming DAU re-acceleration as the Jan-2026 age-check (facial-age-estimation for chat) frictio
  LULU      2026-12-15  (+161d)  Activist cooperation agreement (founder Chip Wilson) installing new directors Marc Maurer (ex-On Running co-CEO) and Lau
  BODI      2026-12-15  (+161d)  National retail-nutrition distribution rollout: Shakeology into 80+ Sprouts and 640+ Vitamin Shoppe stores (plus P90X su
  BOOK      2026-12-31  (+177d)  Tax-loss-harvest deadline (2026 gain needs 2026 losses)
  UKRAIN-StepUp-B 2026-12-31  (+177d)  Ukraine ceasefire-durability / security-guarantee watch (upsize variable)
  LVS       2027-12-15  (+526d)  Completion of The Venetian Macau renovation, gating management's $700M/quarter Macau EBITDA target (vs $633M now)


===== 2026-07-08 08:33 (desk) =====
=== CATALYST WATCH 2026-07-08 (window 60d) ===
DETFIRE|catalyst|BAH|HIGH|FY27 Q1 print (quarter ended Jun-2026) (in 20d) — funded backlog + quarterly book-to-bill turning positive = troughing confirmed
  BAH       2026-07-28  ( +20d)  FY27 Q1 print (quarter ended Jun-2026)
DETFIRE|catalyst|SILICON2|MED|2Q26 print — the AVOID/short INVERT-trigger (in 30d) — INVERT to LONG only if YoY re-accel >45% + Europe inflects + OM recovers >17%; else AVOID holds. Reaching ₩18-22k band = 2nd-leg-down target reached (cover/informational, NOT a buy). Own COSMECCA (the ODM) not SILICON2 (the reseller) for K-beauty
  SILICON2  2026-08-07  ( +30d)  2Q26 print — the AVOID/short INVERT-trigger
DETFIRE|catalyst|COSMECCA|MED|Q2 print (in 38d) — OPM + segment mix; RPT note + clean FCF (both were UNVERIFIABLE pre-size)
  COSMECCA  2026-08-15  ( +38d)  Q2 print
DETFIRE|catalyst|TBCG.L|MED|Q2 print + geopol de-risk watch (MEGOBARI Senate / Moody's outlook / EU-US thaw) (in 38d) — add toward ~3% on: MEGOBARI dies in Senate | Moody's NEG->STABLE | EU-US thaw | non-tail dislocation <=GBp4000. TAIL-KILL (EXIT not add): any Georgian bank named OFAC / USD-correspondent curtailment
  TBCG.L    2026-08-15  ( +38d)  Q2 print + geopol de-risk watch (MEGOBARI Senate / Moody's outlook / EU-US thaw)
DETFIRE|catalyst|CPRI|MED|Q1 FY2027 earnings — first test of management's FY2027 guidance (return to low-single-digit revenue growth to ~$3.525B a (in 38d) — Michael Kors prints a flat-to-positive constant-currency comp (currently -8.4%) — i.e., the guided FY2027 revenue inflection becomes realized rather than promised. That converts a margin-recovery-only
  CPRI      2026-08-15  ( +38d)  Q1 FY2027 earnings — first test of management's FY2027 guidance (return to low-single-digit revenue growth to ~$3.525B a
DETFIRE|catalyst|FOUR|MED|Q2 2026 earnings — first fully-clean quarter with Global Blue integrated: proof the acquisition is gross-profit/EPS accr (in 38d) — Q2 print shows Global Blue is GAAP-EPS/FCF accretive AND net leverage starts declining toward ~3x while organic end-to-end volume growth holds >=20% — i.e., the EPS/FCF inflection materializes. If lev
  FOUR      2026-08-15  ( +38d)  Q2 2026 earnings — first fully-clean quarter with Global Blue integrated: proof the acquisition is gross-profit/EPS accr
DETFIRE|catalyst|TPB|MED|Modern-oral (FRE nicotine pouch) margin inflection — the guided 2026 ramp to $180-190M net revenue / $220-240M gross con (in 38d) — Q2/Q3 2026 prints showing consolidated adjusted EBITDA margin troughing and re-inflecting WHILE modern-oral tracks the $180-190M net-revenue trajectory (proof the SG&A investment converts to profit/op
  TPB       2026-08-15  ( +38d)  Modern-oral (FRE nicotine pouch) margin inflection — the guided 2026 ramp to $180-190M net revenue / $220-240M gross con
DETFIRE|catalyst|WEN|MED|Q2 2026 earnings — first full quarter under newly installed CEO Bob Wright (5/21/26) and CFO Steve Cirulis (6/23/26), th (in 38d) — US same-store sales sequentially inflect — the −7.8% comp turning materially less negative toward flat with TRAFFIC (not just price/mix) stabilizing — confirming Project Fresh is working, while adj. E
  WEN       2026-08-15  ( +38d)  Q2 2026 earnings — first full quarter under newly installed CEO Bob Wright (5/21/26) and CFO Steve Cirulis (6/23/26), th
DETFIRE|catalyst|CRM|MED|Q2 FY2027 earnings print — the test of whether Agentforce/Data Cloud + Informatica re-accelerate total subscription and  (in 38d) — cRPO / total subscription revenue growth re-accelerates back into double digits driven by Agentforce converting to net-new ARR, refuting the 'AI agents replace seats' bear thesis — at ~10x non-GAAP ea
  CRM       2026-08-15  ( +38d)  Q2 FY2027 earnings print — the test of whether Agentforce/Data Cloud + Informatica re-accelerate total subscription and 
DETFIRE|catalyst|HUBS|MED|Q2 FY2026 earnings — proof that AI/Breeze is a monetization tailwind (revenue growth holding, net revenue retention infl (in 38d) — Q2 2026 print confirming (a) revenue growth sustained at ~20%+ YoY, (b) net revenue retention inflecting back toward/above 100%, and (c) tangible Breeze AI monetization — i.e., AI demonstrably additiv
  HUBS      2026-08-15  ( +38d)  Q2 FY2026 earnings — proof that AI/Breeze is a monetization tailwind (revenue growth holding, net revenue retention infl
DETFIRE|catalyst|MNDY|MED|Q2 2026 earnings as the first hard read on the consumption-based pricing model + rearchitected AI Work Platform (One AI) (in 38d) — NDR stops declining and inflects up (110% turning higher) WITH consumption pricing demonstrably lifting ARPU / net-new ARR — i.e., evidence AI is net-accretive to monday's model, not eroding seats. Th
  MNDY      2026-08-15  ( +38d)  Q2 2026 earnings as the first hard read on the consumption-based pricing model + rearchitected AI Work Platform (One AI)
DETFIRE|catalyst|TTD|MED|Q2 2026 earnings — first clean print after the Kokai platform migration and late-2024 sales reorg complete; management s (in 38d) — Revenue-growth deceleration ENDS: Q2/Q3 2026 YoY growth stops the 25->19->18->14->12 slide and stabilizes/re-accelerates to mid-teens, with spend-per-existing-client / net retention re-expanding — i.e
  TTD       2026-08-15  ( +38d)  Q2 2026 earnings — first clean print after the Kokai platform migration and late-2024 sales reorg complete; management s
DETFIRE|catalyst|GAP|MED|Q2 FY2026 earnings — Section-122 tariff relief (~$80M, ~50bps margin) lands in Q2/Q3 and the test of whether Old Navy's  (in 38d) — Old Navy comparable sales re-accelerate above ~3-4% (core >50%-of-revenue engine reaccelerating), confirming the turnaround is top-line AND margin rather than margin-only
  GAP       2026-08-15  ( +38d)  Q2 FY2026 earnings — Section-122 tariff relief (~$80M, ~50bps margin) lands in Q2/Q3 and the test of whether Old Navy's 
DETFIRE|catalyst|INTU|MED|Q4/full-year FY2026 earnings with initial FY2027 guidance — first management read on whether AI is eroding TurboTax/Cons (in 43d) — FY2027 guidance / next tax-season data showing TurboTax + Consumer-segment growth holding double-digit with stable-or-growing filer counts (no AI-driven filer defection), falsifying the structural-ero
  INTU      2026-08-20  ( +43d)  Q4/full-year FY2026 earnings with initial FY2027 guidance — first management read on whether AI is eroding TurboTax/Cons
  INSP      2026-09-15  ( +69d)  AMA CPT panel (Cat-I code decision)
  RH        2026-09-15  ( +69d)  Margin inflection from the international gallery ramp (currently a quantified -270bps drag) turning to contribution plus
  PATH      2026-09-15  ( +69d)  Q2 FY2027 earnings print — proof that agentic automation (Maestro/agent orchestration) converts pilot-to-production into
  S         2026-09-15  ( +69d)  Q2 FY27 earnings — confirmation that the Q1 net-new-ARR reacceleration (+55% YoY) is durable rather than an easy-comp ar
  SSRM      2026-09-15  ( +69d)  Sale of the 80% Copler (Turkey) stake for $1.5B cash — definitive SPA signed 2026-03-24 — which removes the post-disaste
  EOLS      2026-09-29  ( +83d)  Section 232 Korea tariff EFFECTIVE (15% Jeuveau)
  WING      2026-10-15  ( +99d)  Return to positive US same-store sales — management guides an inflection back to growth in 2H 2026, first confirmable in
  KER.PA    2026-10-21  (+105d)  Q3-2026 print: Gucci comp inflection under Demna (H2 sell-through)
  BRBY.L    2026-11-15  (+130d)  H1 FY2027 interim results — the proof the FY26 inflection is durable: continued positive comps (China/Americas not relap
  GO        2026-11-15  (+130d)  Comparable-store-sales inflection to positive in 2H FY2026 under new CEO Jason Potter's operational reset (36 underperfo
  RBLX      2026-11-15  (+130d)  Q3 2026 earnings print confirming DAU re-acceleration as the Jan-2026 age-check (facial-age-estimation for chat) frictio
  LULU      2026-12-15  (+160d)  Activist cooperation agreement (founder Chip Wilson) installing new directors Marc Maurer (ex-On Running co-CEO) and Lau
  BODI      2026-12-15  (+160d)  National retail-nutrition distribution rollout: Shakeology into 80+ Sprouts and 640+ Vitamin Shoppe stores (plus P90X su
  BOOK      2026-12-31  (+176d)  Tax-loss-harvest deadline (2026 gain needs 2026 losses)
  UKRAIN-StepUp-B 2026-12-31  (+176d)  Ukraine ceasefire-durability / security-guarantee watch (upsize variable)
  LVS       2027-12-15  (+525d)  Completion of The Venetian Macau renovation, gating management's $700M/quarter Macau EBITDA target (vs $633M now)


===== 2026-07-09 09:35 (desk) =====
=== CATALYST WATCH 2026-07-09 (window 60d) ===
DETFIRE|catalyst|BAH|HIGH|FY27 Q1 print (quarter ended Jun-2026) (in 19d) — funded backlog + quarterly book-to-bill turning positive = troughing confirmed
  BAH       2026-07-28  ( +19d)  FY27 Q1 print (quarter ended Jun-2026)
DETFIRE|catalyst|SILICON2|MED|2Q26 print — the AVOID/short INVERT-trigger (in 29d) — INVERT to LONG only if YoY re-accel >45% + Europe inflects + OM recovers >17%; else AVOID holds. Reaching ₩18-22k band = 2nd-leg-down target reached (cover/informational, NOT a buy). Own COSMECCA (the ODM) not SILICON2 (the reseller) for K-beauty
  SILICON2  2026-08-07  ( +29d)  2Q26 print — the AVOID/short INVERT-trigger
DETFIRE|catalyst|COSMECCA|MED|Q2 print (in 37d) — OPM + segment mix; RPT note + clean FCF (both were UNVERIFIABLE pre-size)
  COSMECCA  2026-08-15  ( +37d)  Q2 print
DETFIRE|catalyst|TBCG.L|MED|Q2 print + geopol de-risk watch (MEGOBARI Senate / Moody's outlook / EU-US thaw) (in 37d) — add toward ~3% on: MEGOBARI dies in Senate | Moody's NEG->STABLE | EU-US thaw | non-tail dislocation <=GBp4000. TAIL-KILL (EXIT not add): any Georgian bank named OFAC / USD-correspondent curtailment
  TBCG.L    2026-08-15  ( +37d)  Q2 print + geopol de-risk watch (MEGOBARI Senate / Moody's outlook / EU-US thaw)
DETFIRE|catalyst|CPRI|MED|Q1 FY2027 earnings — first test of management's FY2027 guidance (return to low-single-digit revenue growth to ~$3.525B a (in 37d) — Michael Kors prints a flat-to-positive constant-currency comp (currently -8.4%) — i.e., the guided FY2027 revenue inflection becomes realized rather than promised. That converts a margin-recovery-only
  CPRI      2026-08-15  ( +37d)  Q1 FY2027 earnings — first test of management's FY2027 guidance (return to low-single-digit revenue growth to ~$3.525B a
DETFIRE|catalyst|FOUR|MED|Q2 2026 earnings — first fully-clean quarter with Global Blue integrated: proof the acquisition is gross-profit/EPS accr (in 37d) — Q2 print shows Global Blue is GAAP-EPS/FCF accretive AND net leverage starts declining toward ~3x while organic end-to-end volume growth holds >=20% — i.e., the EPS/FCF inflection materializes. If lev
  FOUR      2026-08-15  ( +37d)  Q2 2026 earnings — first fully-clean quarter with Global Blue integrated: proof the acquisition is gross-profit/EPS accr
DETFIRE|catalyst|TPB|MED|Modern-oral (FRE nicotine pouch) margin inflection — the guided 2026 ramp to $180-190M net revenue / $220-240M gross con (in 37d) — Q2/Q3 2026 prints showing consolidated adjusted EBITDA margin troughing and re-inflecting WHILE modern-oral tracks the $180-190M net-revenue trajectory (proof the SG&A investment converts to profit/op
  TPB       2026-08-15  ( +37d)  Modern-oral (FRE nicotine pouch) margin inflection — the guided 2026 ramp to $180-190M net revenue / $220-240M gross con
DETFIRE|catalyst|WEN|MED|Q2 2026 earnings — first full quarter under newly installed CEO Bob Wright (5/21/26) and CFO Steve Cirulis (6/23/26), th (in 37d) — US same-store sales sequentially inflect — the −7.8% comp turning materially less negative toward flat with TRAFFIC (not just price/mix) stabilizing — confirming Project Fresh is working, while adj. E
  WEN       2026-08-15  ( +37d)  Q2 2026 earnings — first full quarter under newly installed CEO Bob Wright (5/21/26) and CFO Steve Cirulis (6/23/26), th
DETFIRE|catalyst|CRM|MED|Q2 FY2027 earnings print — the test of whether Agentforce/Data Cloud + Informatica re-accelerate total subscription and  (in 37d) — cRPO / total subscription revenue growth re-accelerates back into double digits driven by Agentforce converting to net-new ARR, refuting the 'AI agents replace seats' bear thesis — at ~10x non-GAAP ea
  CRM       2026-08-15  ( +37d)  Q2 FY2027 earnings print — the test of whether Agentforce/Data Cloud + Informatica re-accelerate total subscription and 
DETFIRE|catalyst|HUBS|MED|Q2 FY2026 earnings — proof that AI/Breeze is a monetization tailwind (revenue growth holding, net revenue retention infl (in 37d) — Q2 2026 print confirming (a) revenue growth sustained at ~20%+ YoY, (b) net revenue retention inflecting back toward/above 100%, and (c) tangible Breeze AI monetization — i.e., AI demonstrably additiv
  HUBS      2026-08-15  ( +37d)  Q2 FY2026 earnings — proof that AI/Breeze is a monetization tailwind (revenue growth holding, net revenue retention infl
DETFIRE|catalyst|MNDY|MED|Q2 2026 earnings as the first hard read on the consumption-based pricing model + rearchitected AI Work Platform (One AI) (in 37d) — NDR stops declining and inflects up (110% turning higher) WITH consumption pricing demonstrably lifting ARPU / net-new ARR — i.e., evidence AI is net-accretive to monday's model, not eroding seats. Th
  MNDY      2026-08-15  ( +37d)  Q2 2026 earnings as the first hard read on the consumption-based pricing model + rearchitected AI Work Platform (One AI)
DETFIRE|catalyst|TTD|MED|Q2 2026 earnings — first clean print after the Kokai platform migration and late-2024 sales reorg complete; management s (in 37d) — Revenue-growth deceleration ENDS: Q2/Q3 2026 YoY growth stops the 25->19->18->14->12 slide and stabilizes/re-accelerates to mid-teens, with spend-per-existing-client / net retention re-expanding — i.e
  TTD       2026-08-15  ( +37d)  Q2 2026 earnings — first clean print after the Kokai platform migration and late-2024 sales reorg complete; management s
DETFIRE|catalyst|GAP|MED|Q2 FY2026 earnings — Section-122 tariff relief (~$80M, ~50bps margin) lands in Q2/Q3 and the test of whether Old Navy's  (in 37d) — Old Navy comparable sales re-accelerate above ~3-4% (core >50%-of-revenue engine reaccelerating), confirming the turnaround is top-line AND margin rather than margin-only
  GAP       2026-08-15  ( +37d)  Q2 FY2026 earnings — Section-122 tariff relief (~$80M, ~50bps margin) lands in Q2/Q3 and the test of whether Old Navy's 
DETFIRE|catalyst|INTU|MED|Q4/full-year FY2026 earnings with initial FY2027 guidance — first management read on whether AI is eroding TurboTax/Cons (in 42d) — FY2027 guidance / next tax-season data showing TurboTax + Consumer-segment growth holding double-digit with stable-or-growing filer counts (no AI-driven filer defection), falsifying the structural-ero
  INTU      2026-08-20  ( +42d)  Q4/full-year FY2026 earnings with initial FY2027 guidance — first management read on whether AI is eroding TurboTax/Cons
  INSP      2026-09-15  ( +68d)  AMA CPT panel (Cat-I code decision)
  RH        2026-09-15  ( +68d)  Margin inflection from the international gallery ramp (currently a quantified -270bps drag) turning to contribution plus
  PATH      2026-09-15  ( +68d)  Q2 FY2027 earnings print — proof that agentic automation (Maestro/agent orchestration) converts pilot-to-production into
  S         2026-09-15  ( +68d)  Q2 FY27 earnings — confirmation that the Q1 net-new-ARR reacceleration (+55% YoY) is durable rather than an easy-comp ar
  SSRM      2026-09-15  ( +68d)  Sale of the 80% Copler (Turkey) stake for $1.5B cash — definitive SPA signed 2026-03-24 — which removes the post-disaste
  EOLS      2026-09-29  ( +82d)  Section 232 Korea tariff EFFECTIVE (15% Jeuveau)
  WING      2026-10-15  ( +98d)  Return to positive US same-store sales — management guides an inflection back to growth in 2H 2026, first confirmable in
  KER.PA    2026-10-21  (+104d)  Q3-2026 print: Gucci comp inflection under Demna (H2 sell-through)
  BRBY.L    2026-11-15  (+129d)  H1 FY2027 interim results — the proof the FY26 inflection is durable: continued positive comps (China/Americas not relap
  GO        2026-11-15  (+129d)  Comparable-store-sales inflection to positive in 2H FY2026 under new CEO Jason Potter's operational reset (36 underperfo
  RBLX      2026-11-15  (+129d)  Q3 2026 earnings print confirming DAU re-acceleration as the Jan-2026 age-check (facial-age-estimation for chat) frictio
  LULU      2026-12-15  (+159d)  Activist cooperation agreement (founder Chip Wilson) installing new directors Marc Maurer (ex-On Running co-CEO) and Lau
  BODI      2026-12-15  (+159d)  National retail-nutrition distribution rollout: Shakeology into 80+ Sprouts and 640+ Vitamin Shoppe stores (plus P90X su
  BOOK      2026-12-31  (+175d)  Tax-loss-harvest deadline (2026 gain needs 2026 losses)
  UKRAIN-StepUp-B 2026-12-31  (+175d)  Ukraine ceasefire-durability / security-guarantee watch (upsize variable)
  LVS       2027-12-15  (+524d)  Completion of The Venetian Macau renovation, gating management's $700M/quarter Macau EBITDA target (vs $633M now)


===== 2026-07-10 10:37 (desk) =====
=== CATALYST WATCH 2026-07-10 (window 60d) ===
DETFIRE|catalyst|BAH|HIGH|FY27 Q1 print (quarter ended Jun-2026) (in 18d) — funded backlog + quarterly book-to-bill turning positive = troughing confirmed
  BAH       2026-07-28  ( +18d)  FY27 Q1 print (quarter ended Jun-2026)
DETFIRE|catalyst|SILICON2|MED|2Q26 print — the AVOID/short INVERT-trigger (in 28d) — INVERT to LONG only if YoY re-accel >45% + Europe inflects + OM recovers >17%; else AVOID holds. Reaching ₩18-22k band = 2nd-leg-down target reached (cover/informational, NOT a buy). Own COSMECCA (the ODM) not SILICON2 (the reseller) for K-beauty
  SILICON2  2026-08-07  ( +28d)  2Q26 print — the AVOID/short INVERT-trigger
DETFIRE|catalyst|COSMECCA|MED|Q2 print (in 36d) — OPM + segment mix; RPT note + clean FCF (both were UNVERIFIABLE pre-size)
  COSMECCA  2026-08-15  ( +36d)  Q2 print
DETFIRE|catalyst|TBCG.L|MED|Q2 print + geopol de-risk watch (MEGOBARI Senate / Moody's outlook / EU-US thaw) (in 36d) — add toward ~3% on: MEGOBARI dies in Senate | Moody's NEG->STABLE | EU-US thaw | non-tail dislocation <=GBp4000. TAIL-KILL (EXIT not add): any Georgian bank named OFAC / USD-correspondent curtailment
  TBCG.L    2026-08-15  ( +36d)  Q2 print + geopol de-risk watch (MEGOBARI Senate / Moody's outlook / EU-US thaw)
DETFIRE|catalyst|CPRI|MED|Q1 FY2027 earnings — first test of management's FY2027 guidance (return to low-single-digit revenue growth to ~$3.525B a (in 36d) — Michael Kors prints a flat-to-positive constant-currency comp (currently -8.4%) — i.e., the guided FY2027 revenue inflection becomes realized rather than promised. That converts a margin-recovery-only
  CPRI      2026-08-15  ( +36d)  Q1 FY2027 earnings — first test of management's FY2027 guidance (return to low-single-digit revenue growth to ~$3.525B a
DETFIRE|catalyst|FOUR|MED|Q2 2026 earnings — first fully-clean quarter with Global Blue integrated: proof the acquisition is gross-profit/EPS accr (in 36d) — Q2 print shows Global Blue is GAAP-EPS/FCF accretive AND net leverage starts declining toward ~3x while organic end-to-end volume growth holds >=20% — i.e., the EPS/FCF inflection materializes. If lev
  FOUR      2026-08-15  ( +36d)  Q2 2026 earnings — first fully-clean quarter with Global Blue integrated: proof the acquisition is gross-profit/EPS accr
DETFIRE|catalyst|TPB|MED|Modern-oral (FRE nicotine pouch) margin inflection — the guided 2026 ramp to $180-190M net revenue / $220-240M gross con (in 36d) — Q2/Q3 2026 prints showing consolidated adjusted EBITDA margin troughing and re-inflecting WHILE modern-oral tracks the $180-190M net-revenue trajectory (proof the SG&A investment converts to profit/op
  TPB       2026-08-15  ( +36d)  Modern-oral (FRE nicotine pouch) margin inflection — the guided 2026 ramp to $180-190M net revenue / $220-240M gross con
DETFIRE|catalyst|WEN|MED|Q2 2026 earnings — first full quarter under newly installed CEO Bob Wright (5/21/26) and CFO Steve Cirulis (6/23/26), th (in 36d) — US same-store sales sequentially inflect — the −7.8% comp turning materially less negative toward flat with TRAFFIC (not just price/mix) stabilizing — confirming Project Fresh is working, while adj. E
  WEN       2026-08-15  ( +36d)  Q2 2026 earnings — first full quarter under newly installed CEO Bob Wright (5/21/26) and CFO Steve Cirulis (6/23/26), th
DETFIRE|catalyst|CRM|MED|Q2 FY2027 earnings print — the test of whether Agentforce/Data Cloud + Informatica re-accelerate total subscription and  (in 36d) — cRPO / total subscription revenue growth re-accelerates back into double digits driven by Agentforce converting to net-new ARR, refuting the 'AI agents replace seats' bear thesis — at ~10x non-GAAP ea
  CRM       2026-08-15  ( +36d)  Q2 FY2027 earnings print — the test of whether Agentforce/Data Cloud + Informatica re-accelerate total subscription and 
DETFIRE|catalyst|HUBS|MED|Q2 FY2026 earnings — proof that AI/Breeze is a monetization tailwind (revenue growth holding, net revenue retention infl (in 36d) — Q2 2026 print confirming (a) revenue growth sustained at ~20%+ YoY, (b) net revenue retention inflecting back toward/above 100%, and (c) tangible Breeze AI monetization — i.e., AI demonstrably additiv
  HUBS      2026-08-15  ( +36d)  Q2 FY2026 earnings — proof that AI/Breeze is a monetization tailwind (revenue growth holding, net revenue retention infl
DETFIRE|catalyst|MNDY|MED|Q2 2026 earnings as the first hard read on the consumption-based pricing model + rearchitected AI Work Platform (One AI) (in 36d) — NDR stops declining and inflects up (110% turning higher) WITH consumption pricing demonstrably lifting ARPU / net-new ARR — i.e., evidence AI is net-accretive to monday's model, not eroding seats. Th
  MNDY      2026-08-15  ( +36d)  Q2 2026 earnings as the first hard read on the consumption-based pricing model + rearchitected AI Work Platform (One AI)
DETFIRE|catalyst|TTD|MED|Q2 2026 earnings — first clean print after the Kokai platform migration and late-2024 sales reorg complete; management s (in 36d) — Revenue-growth deceleration ENDS: Q2/Q3 2026 YoY growth stops the 25->19->18->14->12 slide and stabilizes/re-accelerates to mid-teens, with spend-per-existing-client / net retention re-expanding — i.e
  TTD       2026-08-15  ( +36d)  Q2 2026 earnings — first clean print after the Kokai platform migration and late-2024 sales reorg complete; management s
DETFIRE|catalyst|GAP|MED|Q2 FY2026 earnings — Section-122 tariff relief (~$80M, ~50bps margin) lands in Q2/Q3 and the test of whether Old Navy's  (in 36d) — Old Navy comparable sales re-accelerate above ~3-4% (core >50%-of-revenue engine reaccelerating), confirming the turnaround is top-line AND margin rather than margin-only
  GAP       2026-08-15  ( +36d)  Q2 FY2026 earnings — Section-122 tariff relief (~$80M, ~50bps margin) lands in Q2/Q3 and the test of whether Old Navy's 
DETFIRE|catalyst|INTU|MED|Q4/full-year FY2026 earnings with initial FY2027 guidance — first management read on whether AI is eroding TurboTax/Cons (in 41d) — FY2027 guidance / next tax-season data showing TurboTax + Consumer-segment growth holding double-digit with stable-or-growing filer counts (no AI-driven filer defection), falsifying the structural-ero
  INTU      2026-08-20  ( +41d)  Q4/full-year FY2026 earnings with initial FY2027 guidance — first management read on whether AI is eroding TurboTax/Cons
  INSP      2026-09-15  ( +67d)  AMA CPT panel (Cat-I code decision)
  RH        2026-09-15  ( +67d)  Margin inflection from the international gallery ramp (currently a quantified -270bps drag) turning to contribution plus
  PATH      2026-09-15  ( +67d)  Q2 FY2027 earnings print — proof that agentic automation (Maestro/agent orchestration) converts pilot-to-production into
  S         2026-09-15  ( +67d)  Q2 FY27 earnings — confirmation that the Q1 net-new-ARR reacceleration (+55% YoY) is durable rather than an easy-comp ar
  SSRM      2026-09-15  ( +67d)  Sale of the 80% Copler (Turkey) stake for $1.5B cash — definitive SPA signed 2026-03-24 — which removes the post-disaste
  EOLS      2026-09-29  ( +81d)  Section 232 Korea tariff EFFECTIVE (15% Jeuveau)
  WING      2026-10-15  ( +97d)  Return to positive US same-store sales — management guides an inflection back to growth in 2H 2026, first confirmable in
  KER.PA    2026-10-21  (+103d)  Q3-2026 print: Gucci comp inflection under Demna (H2 sell-through)
  BRBY.L    2026-11-15  (+128d)  H1 FY2027 interim results — the proof the FY26 inflection is durable: continued positive comps (China/Americas not relap
  GO        2026-11-15  (+128d)  Comparable-store-sales inflection to positive in 2H FY2026 under new CEO Jason Potter's operational reset (36 underperfo
  RBLX      2026-11-15  (+128d)  Q3 2026 earnings print confirming DAU re-acceleration as the Jan-2026 age-check (facial-age-estimation for chat) frictio
  LULU      2026-12-15  (+158d)  Activist cooperation agreement (founder Chip Wilson) installing new directors Marc Maurer (ex-On Running co-CEO) and Lau
  BODI      2026-12-15  (+158d)  National retail-nutrition distribution rollout: Shakeology into 80+ Sprouts and 640+ Vitamin Shoppe stores (plus P90X su
  BOOK      2026-12-31  (+174d)  Tax-loss-harvest deadline (2026 gain needs 2026 losses)
  UKRAIN-StepUp-B 2026-12-31  (+174d)  Ukraine ceasefire-durability / security-guarantee watch (upsize variable)
  LVS       2027-12-15  (+523d)  Completion of The Venetian Macau renovation, gating management's $700M/quarter Macau EBITDA target (vs $633M now)


===== 2026-07-13 00:35 (desk) =====
=== CATALYST WATCH 2026-07-13 (window 60d) ===
DETFIRE|catalyst|BAH|HIGH|FY27 Q1 print (quarter ended Jun-2026) (in 15d) — funded backlog + quarterly book-to-bill turning positive = troughing confirmed
  BAH       2026-07-28  ( +15d)  FY27 Q1 print (quarter ended Jun-2026)
DETFIRE|catalyst|SILICON2|MED|2Q26 print — the AVOID/short INVERT-trigger (in 25d) — INVERT to LONG only if YoY re-accel >45% + Europe inflects + OM recovers >17%; else AVOID holds. Reaching ₩18-22k band = 2nd-leg-down target reached (cover/informational, NOT a buy). Own COSMECCA (the ODM) not SILICON2 (the reseller) for K-beauty
  SILICON2  2026-08-07  ( +25d)  2Q26 print — the AVOID/short INVERT-trigger
DETFIRE|catalyst|COSMECCA|MED|Q2 print (in 33d) — OPM + segment mix; RPT note + clean FCF (both were UNVERIFIABLE pre-size)
  COSMECCA  2026-08-15  ( +33d)  Q2 print
DETFIRE|catalyst|TBCG.L|MED|Q2 print + geopol de-risk watch (MEGOBARI Senate / Moody's outlook / EU-US thaw) (in 33d) — add toward ~3% on: MEGOBARI dies in Senate | Moody's NEG->STABLE | EU-US thaw | non-tail dislocation <=GBp4000. TAIL-KILL (EXIT not add): any Georgian bank named OFAC / USD-correspondent curtailment
  TBCG.L    2026-08-15  ( +33d)  Q2 print + geopol de-risk watch (MEGOBARI Senate / Moody's outlook / EU-US thaw)
DETFIRE|catalyst|CPRI|MED|Q1 FY2027 earnings — first test of management's FY2027 guidance (return to low-single-digit revenue growth to ~$3.525B a (in 33d) — Michael Kors prints a flat-to-positive constant-currency comp (currently -8.4%) — i.e., the guided FY2027 revenue inflection becomes realized rather than promised. That converts a margin-recovery-only
  CPRI      2026-08-15  ( +33d)  Q1 FY2027 earnings — first test of management's FY2027 guidance (return to low-single-digit revenue growth to ~$3.525B a
DETFIRE|catalyst|FOUR|MED|Q2 2026 earnings — first fully-clean quarter with Global Blue integrated: proof the acquisition is gross-profit/EPS accr (in 33d) — Q2 print shows Global Blue is GAAP-EPS/FCF accretive AND net leverage starts declining toward ~3x while organic end-to-end volume growth holds >=20% — i.e., the EPS/FCF inflection materializes. If lev
  FOUR      2026-08-15  ( +33d)  Q2 2026 earnings — first fully-clean quarter with Global Blue integrated: proof the acquisition is gross-profit/EPS accr
DETFIRE|catalyst|TPB|MED|Modern-oral (FRE nicotine pouch) margin inflection — the guided 2026 ramp to $180-190M net revenue / $220-240M gross con (in 33d) — Q2/Q3 2026 prints showing consolidated adjusted EBITDA margin troughing and re-inflecting WHILE modern-oral tracks the $180-190M net-revenue trajectory (proof the SG&A investment converts to profit/op
  TPB       2026-08-15  ( +33d)  Modern-oral (FRE nicotine pouch) margin inflection — the guided 2026 ramp to $180-190M net revenue / $220-240M gross con
DETFIRE|catalyst|WEN|MED|Q2 2026 earnings — first full quarter under newly installed CEO Bob Wright (5/21/26) and CFO Steve Cirulis (6/23/26), th (in 33d) — US same-store sales sequentially inflect — the −7.8% comp turning materially less negative toward flat with TRAFFIC (not just price/mix) stabilizing — confirming Project Fresh is working, while adj. E
  WEN       2026-08-15  ( +33d)  Q2 2026 earnings — first full quarter under newly installed CEO Bob Wright (5/21/26) and CFO Steve Cirulis (6/23/26), th
DETFIRE|catalyst|CRM|MED|Q2 FY2027 earnings print — the test of whether Agentforce/Data Cloud + Informatica re-accelerate total subscription and  (in 33d) — cRPO / total subscription revenue growth re-accelerates back into double digits driven by Agentforce converting to net-new ARR, refuting the 'AI agents replace seats' bear thesis — at ~10x non-GAAP ea
  CRM       2026-08-15  ( +33d)  Q2 FY2027 earnings print — the test of whether Agentforce/Data Cloud + Informatica re-accelerate total subscription and 
DETFIRE|catalyst|HUBS|MED|Q2 FY2026 earnings — proof that AI/Breeze is a monetization tailwind (revenue growth holding, net revenue retention infl (in 33d) — Q2 2026 print confirming (a) revenue growth sustained at ~20%+ YoY, (b) net revenue retention inflecting back toward/above 100%, and (c) tangible Breeze AI monetization — i.e., AI demonstrably additiv
  HUBS      2026-08-15  ( +33d)  Q2 FY2026 earnings — proof that AI/Breeze is a monetization tailwind (revenue growth holding, net revenue retention infl
DETFIRE|catalyst|MNDY|MED|Q2 2026 earnings as the first hard read on the consumption-based pricing model + rearchitected AI Work Platform (One AI) (in 33d) — NDR stops declining and inflects up (110% turning higher) WITH consumption pricing demonstrably lifting ARPU / net-new ARR — i.e., evidence AI is net-accretive to monday's model, not eroding seats. Th
  MNDY      2026-08-15  ( +33d)  Q2 2026 earnings as the first hard read on the consumption-based pricing model + rearchitected AI Work Platform (One AI)
DETFIRE|catalyst|TTD|MED|Q2 2026 earnings — first clean print after the Kokai platform migration and late-2024 sales reorg complete; management s (in 33d) — Revenue-growth deceleration ENDS: Q2/Q3 2026 YoY growth stops the 25->19->18->14->12 slide and stabilizes/re-accelerates to mid-teens, with spend-per-existing-client / net retention re-expanding — i.e
  TTD       2026-08-15  ( +33d)  Q2 2026 earnings — first clean print after the Kokai platform migration and late-2024 sales reorg complete; management s
DETFIRE|catalyst|GAP|MED|Q2 FY2026 earnings — Section-122 tariff relief (~$80M, ~50bps margin) lands in Q2/Q3 and the test of whether Old Navy's  (in 33d) — Old Navy comparable sales re-accelerate above ~3-4% (core >50%-of-revenue engine reaccelerating), confirming the turnaround is top-line AND margin rather than margin-only
  GAP       2026-08-15  ( +33d)  Q2 FY2026 earnings — Section-122 tariff relief (~$80M, ~50bps margin) lands in Q2/Q3 and the test of whether Old Navy's 
DETFIRE|catalyst|INTU|MED|Q4/full-year FY2026 earnings with initial FY2027 guidance — first management read on whether AI is eroding TurboTax/Cons (in 38d) — FY2027 guidance / next tax-season data showing TurboTax + Consumer-segment growth holding double-digit with stable-or-growing filer counts (no AI-driven filer defection), falsifying the structural-ero
  INTU      2026-08-20  ( +38d)  Q4/full-year FY2026 earnings with initial FY2027 guidance — first management read on whether AI is eroding TurboTax/Cons
  INSP      2026-09-15  ( +64d)  AMA CPT panel (Cat-I code decision)
  RH        2026-09-15  ( +64d)  Margin inflection from the international gallery ramp (currently a quantified -270bps drag) turning to contribution plus
  PATH      2026-09-15  ( +64d)  Q2 FY2027 earnings print — proof that agentic automation (Maestro/agent orchestration) converts pilot-to-production into
  S         2026-09-15  ( +64d)  Q2 FY27 earnings — confirmation that the Q1 net-new-ARR reacceleration (+55% YoY) is durable rather than an easy-comp ar
  SSRM      2026-09-15  ( +64d)  Sale of the 80% Copler (Turkey) stake for $1.5B cash — definitive SPA signed 2026-03-24 — which removes the post-disaste
  EOLS      2026-09-29  ( +78d)  Section 232 Korea tariff EFFECTIVE (15% Jeuveau)
  WING      2026-10-15  ( +94d)  Return to positive US same-store sales — management guides an inflection back to growth in 2H 2026, first confirmable in
  KER.PA    2026-10-21  (+100d)  Q3-2026 print: Gucci comp inflection under Demna (H2 sell-through)
  BRBY.L    2026-11-15  (+125d)  H1 FY2027 interim results — the proof the FY26 inflection is durable: continued positive comps (China/Americas not relap
  GO        2026-11-15  (+125d)  Comparable-store-sales inflection to positive in 2H FY2026 under new CEO Jason Potter's operational reset (36 underperfo
  RBLX      2026-11-15  (+125d)  Q3 2026 earnings print confirming DAU re-acceleration as the Jan-2026 age-check (facial-age-estimation for chat) frictio
  LULU      2026-12-15  (+155d)  Activist cooperation agreement (founder Chip Wilson) installing new directors Marc Maurer (ex-On Running co-CEO) and Lau
  BODI      2026-12-15  (+155d)  National retail-nutrition distribution rollout: Shakeology into 80+ Sprouts and 640+ Vitamin Shoppe stores (plus P90X su
  BOOK      2026-12-31  (+171d)  Tax-loss-harvest deadline (2026 gain needs 2026 losses)
  UKRAIN-StepUp-B 2026-12-31  (+171d)  Ukraine ceasefire-durability / security-guarantee watch (upsize variable)
  LVS       2027-12-15  (+520d)  Completion of The Venetian Macau renovation, gating management's $700M/quarter Macau EBITDA target (vs $633M now)


===== 2026-07-14 01:33 (desk) =====
=== CATALYST WATCH 2026-07-14 (window 60d) ===
DETFIRE|catalyst|BAH|HIGH|FY27 Q1 print (quarter ended Jun-2026) (in 14d) — funded backlog + quarterly book-to-bill turning positive = troughing confirmed
  BAH       2026-07-28  ( +14d)  FY27 Q1 print (quarter ended Jun-2026)
DETFIRE|catalyst|SILICON2|MED|2Q26 print — the AVOID/short INVERT-trigger (in 24d) — INVERT to LONG only if YoY re-accel >45% + Europe inflects + OM recovers >17%; else AVOID holds. Reaching ₩18-22k band = 2nd-leg-down target reached (cover/informational, NOT a buy). Own COSMECCA (the ODM) not SILICON2 (the reseller) for K-beauty
  SILICON2  2026-08-07  ( +24d)  2Q26 print — the AVOID/short INVERT-trigger
DETFIRE|catalyst|COSMECCA|MED|Q2 print (in 32d) — OPM + segment mix; RPT note + clean FCF (both were UNVERIFIABLE pre-size)
  COSMECCA  2026-08-15  ( +32d)  Q2 print
DETFIRE|catalyst|TBCG.L|MED|Q2 print + geopol de-risk watch (MEGOBARI Senate / Moody's outlook / EU-US thaw) (in 32d) — add toward ~3% on: MEGOBARI dies in Senate | Moody's NEG->STABLE | EU-US thaw | non-tail dislocation <=GBp4000. TAIL-KILL (EXIT not add): any Georgian bank named OFAC / USD-correspondent curtailment
  TBCG.L    2026-08-15  ( +32d)  Q2 print + geopol de-risk watch (MEGOBARI Senate / Moody's outlook / EU-US thaw)
DETFIRE|catalyst|CPRI|MED|Q1 FY2027 earnings — first test of management's FY2027 guidance (return to low-single-digit revenue growth to ~$3.525B a (in 32d) — Michael Kors prints a flat-to-positive constant-currency comp (currently -8.4%) — i.e., the guided FY2027 revenue inflection becomes realized rather than promised. That converts a margin-recovery-only
  CPRI      2026-08-15  ( +32d)  Q1 FY2027 earnings — first test of management's FY2027 guidance (return to low-single-digit revenue growth to ~$3.525B a
DETFIRE|catalyst|FOUR|MED|Q2 2026 earnings — first fully-clean quarter with Global Blue integrated: proof the acquisition is gross-profit/EPS accr (in 32d) — Q2 print shows Global Blue is GAAP-EPS/FCF accretive AND net leverage starts declining toward ~3x while organic end-to-end volume growth holds >=20% — i.e., the EPS/FCF inflection materializes. If lev
  FOUR      2026-08-15  ( +32d)  Q2 2026 earnings — first fully-clean quarter with Global Blue integrated: proof the acquisition is gross-profit/EPS accr
DETFIRE|catalyst|TPB|MED|Modern-oral (FRE nicotine pouch) margin inflection — the guided 2026 ramp to $180-190M net revenue / $220-240M gross con (in 32d) — Q2/Q3 2026 prints showing consolidated adjusted EBITDA margin troughing and re-inflecting WHILE modern-oral tracks the $180-190M net-revenue trajectory (proof the SG&A investment converts to profit/op
  TPB       2026-08-15  ( +32d)  Modern-oral (FRE nicotine pouch) margin inflection — the guided 2026 ramp to $180-190M net revenue / $220-240M gross con
DETFIRE|catalyst|WEN|MED|Q2 2026 earnings — first full quarter under newly installed CEO Bob Wright (5/21/26) and CFO Steve Cirulis (6/23/26), th (in 32d) — US same-store sales sequentially inflect — the −7.8% comp turning materially less negative toward flat with TRAFFIC (not just price/mix) stabilizing — confirming Project Fresh is working, while adj. E
  WEN       2026-08-15  ( +32d)  Q2 2026 earnings — first full quarter under newly installed CEO Bob Wright (5/21/26) and CFO Steve Cirulis (6/23/26), th
DETFIRE|catalyst|CRM|MED|Q2 FY2027 earnings print — the test of whether Agentforce/Data Cloud + Informatica re-accelerate total subscription and  (in 32d) — cRPO / total subscription revenue growth re-accelerates back into double digits driven by Agentforce converting to net-new ARR, refuting the 'AI agents replace seats' bear thesis — at ~10x non-GAAP ea
  CRM       2026-08-15  ( +32d)  Q2 FY2027 earnings print — the test of whether Agentforce/Data Cloud + Informatica re-accelerate total subscription and 
DETFIRE|catalyst|HUBS|MED|Q2 FY2026 earnings — proof that AI/Breeze is a monetization tailwind (revenue growth holding, net revenue retention infl (in 32d) — Q2 2026 print confirming (a) revenue growth sustained at ~20%+ YoY, (b) net revenue retention inflecting back toward/above 100%, and (c) tangible Breeze AI monetization — i.e., AI demonstrably additiv
  HUBS      2026-08-15  ( +32d)  Q2 FY2026 earnings — proof that AI/Breeze is a monetization tailwind (revenue growth holding, net revenue retention infl
DETFIRE|catalyst|MNDY|MED|Q2 2026 earnings as the first hard read on the consumption-based pricing model + rearchitected AI Work Platform (One AI) (in 32d) — NDR stops declining and inflects up (110% turning higher) WITH consumption pricing demonstrably lifting ARPU / net-new ARR — i.e., evidence AI is net-accretive to monday's model, not eroding seats. Th
  MNDY      2026-08-15  ( +32d)  Q2 2026 earnings as the first hard read on the consumption-based pricing model + rearchitected AI Work Platform (One AI)
DETFIRE|catalyst|TTD|MED|Q2 2026 earnings — first clean print after the Kokai platform migration and late-2024 sales reorg complete; management s (in 32d) — Revenue-growth deceleration ENDS: Q2/Q3 2026 YoY growth stops the 25->19->18->14->12 slide and stabilizes/re-accelerates to mid-teens, with spend-per-existing-client / net retention re-expanding — i.e
  TTD       2026-08-15  ( +32d)  Q2 2026 earnings — first clean print after the Kokai platform migration and late-2024 sales reorg complete; management s
DETFIRE|catalyst|GAP|MED|Q2 FY2026 earnings — Section-122 tariff relief (~$80M, ~50bps margin) lands in Q2/Q3 and the test of whether Old Navy's  (in 32d) — Old Navy comparable sales re-accelerate above ~3-4% (core >50%-of-revenue engine reaccelerating), confirming the turnaround is top-line AND margin rather than margin-only
  GAP       2026-08-15  ( +32d)  Q2 FY2026 earnings — Section-122 tariff relief (~$80M, ~50bps margin) lands in Q2/Q3 and the test of whether Old Navy's 
DETFIRE|catalyst|INTU|MED|Q4/full-year FY2026 earnings with initial FY2027 guidance — first management read on whether AI is eroding TurboTax/Cons (in 37d) — FY2027 guidance / next tax-season data showing TurboTax + Consumer-segment growth holding double-digit with stable-or-growing filer counts (no AI-driven filer defection), falsifying the structural-ero
  INTU      2026-08-20  ( +37d)  Q4/full-year FY2026 earnings with initial FY2027 guidance — first management read on whether AI is eroding TurboTax/Cons
  INSP      2026-09-15  ( +63d)  AMA CPT panel (Cat-I code decision)
  RH        2026-09-15  ( +63d)  Margin inflection from the international gallery ramp (currently a quantified -270bps drag) turning to contribution plus
  PATH      2026-09-15  ( +63d)  Q2 FY2027 earnings print — proof that agentic automation (Maestro/agent orchestration) converts pilot-to-production into
  S         2026-09-15  ( +63d)  Q2 FY27 earnings — confirmation that the Q1 net-new-ARR reacceleration (+55% YoY) is durable rather than an easy-comp ar
  SSRM      2026-09-15  ( +63d)  Sale of the 80% Copler (Turkey) stake for $1.5B cash — definitive SPA signed 2026-03-24 — which removes the post-disaste
  EOLS      2026-09-29  ( +77d)  Section 232 Korea tariff EFFECTIVE (15% Jeuveau)
  WING      2026-10-15  ( +93d)  Return to positive US same-store sales — management guides an inflection back to growth in 2H 2026, first confirmable in
  KER.PA    2026-10-21  ( +99d)  Q3-2026 print: Gucci comp inflection under Demna (H2 sell-through)
  BRBY.L    2026-11-15  (+124d)  H1 FY2027 interim results — the proof the FY26 inflection is durable: continued positive comps (China/Americas not relap
  GO        2026-11-15  (+124d)  Comparable-store-sales inflection to positive in 2H FY2026 under new CEO Jason Potter's operational reset (36 underperfo
  RBLX      2026-11-15  (+124d)  Q3 2026 earnings print confirming DAU re-acceleration as the Jan-2026 age-check (facial-age-estimation for chat) frictio
  LULU      2026-12-15  (+154d)  Activist cooperation agreement (founder Chip Wilson) installing new directors Marc Maurer (ex-On Running co-CEO) and Lau
  BODI      2026-12-15  (+154d)  National retail-nutrition distribution rollout: Shakeology into 80+ Sprouts and 640+ Vitamin Shoppe stores (plus P90X su
  BOOK      2026-12-31  (+170d)  Tax-loss-harvest deadline (2026 gain needs 2026 losses)
  UKRAIN-StepUp-B 2026-12-31  (+170d)  Ukraine ceasefire-durability / security-guarantee watch (upsize variable)
  LVS       2027-12-15  (+519d)  Completion of The Venetian Macau renovation, gating management's $700M/quarter Macau EBITDA target (vs $633M now)


===== 2026-07-15 02:39 (desk) =====
=== CATALYST WATCH 2026-07-15 (window 60d) ===
DETFIRE|catalyst|BAH|HIGH|FY27 Q1 print (quarter ended Jun-2026) (in 13d) — funded backlog + quarterly book-to-bill turning positive = troughing confirmed
  BAH       2026-07-28  ( +13d)  FY27 Q1 print (quarter ended Jun-2026)
DETFIRE|catalyst|SILICON2|MED|2Q26 print — the AVOID/short INVERT-trigger (in 23d) — INVERT to LONG only if YoY re-accel >45% + Europe inflects + OM recovers >17%; else AVOID holds. Reaching ₩18-22k band = 2nd-leg-down target reached (cover/informational, NOT a buy). Own COSMECCA (the ODM) not SILICON2 (the reseller) for K-beauty
  SILICON2  2026-08-07  ( +23d)  2Q26 print — the AVOID/short INVERT-trigger
DETFIRE|catalyst|COSMECCA|MED|Q2 print (in 31d) — OPM + segment mix; RPT note + clean FCF (both were UNVERIFIABLE pre-size)
  COSMECCA  2026-08-15  ( +31d)  Q2 print
DETFIRE|catalyst|TBCG.L|MED|Q2 print + geopol de-risk watch (MEGOBARI Senate / Moody's outlook / EU-US thaw) (in 31d) — add toward ~3% on: MEGOBARI dies in Senate | Moody's NEG->STABLE | EU-US thaw | non-tail dislocation <=GBp4000. TAIL-KILL (EXIT not add): any Georgian bank named OFAC / USD-correspondent curtailment
  TBCG.L    2026-08-15  ( +31d)  Q2 print + geopol de-risk watch (MEGOBARI Senate / Moody's outlook / EU-US thaw)
DETFIRE|catalyst|CPRI|MED|Q1 FY2027 earnings — first test of management's FY2027 guidance (return to low-single-digit revenue growth to ~$3.525B a (in 31d) — Michael Kors prints a flat-to-positive constant-currency comp (currently -8.4%) — i.e., the guided FY2027 revenue inflection becomes realized rather than promised. That converts a margin-recovery-only
  CPRI      2026-08-15  ( +31d)  Q1 FY2027 earnings — first test of management's FY2027 guidance (return to low-single-digit revenue growth to ~$3.525B a
DETFIRE|catalyst|FOUR|MED|Q2 2026 earnings — first fully-clean quarter with Global Blue integrated: proof the acquisition is gross-profit/EPS accr (in 31d) — Q2 print shows Global Blue is GAAP-EPS/FCF accretive AND net leverage starts declining toward ~3x while organic end-to-end volume growth holds >=20% — i.e., the EPS/FCF inflection materializes. If lev
  FOUR      2026-08-15  ( +31d)  Q2 2026 earnings — first fully-clean quarter with Global Blue integrated: proof the acquisition is gross-profit/EPS accr
DETFIRE|catalyst|TPB|MED|Modern-oral (FRE nicotine pouch) margin inflection — the guided 2026 ramp to $180-190M net revenue / $220-240M gross con (in 31d) — Q2/Q3 2026 prints showing consolidated adjusted EBITDA margin troughing and re-inflecting WHILE modern-oral tracks the $180-190M net-revenue trajectory (proof the SG&A investment converts to profit/op
  TPB       2026-08-15  ( +31d)  Modern-oral (FRE nicotine pouch) margin inflection — the guided 2026 ramp to $180-190M net revenue / $220-240M gross con
DETFIRE|catalyst|WEN|MED|Q2 2026 earnings — first full quarter under newly installed CEO Bob Wright (5/21/26) and CFO Steve Cirulis (6/23/26), th (in 31d) — US same-store sales sequentially inflect — the −7.8% comp turning materially less negative toward flat with TRAFFIC (not just price/mix) stabilizing — confirming Project Fresh is working, while adj. E
  WEN       2026-08-15  ( +31d)  Q2 2026 earnings — first full quarter under newly installed CEO Bob Wright (5/21/26) and CFO Steve Cirulis (6/23/26), th
DETFIRE|catalyst|CRM|MED|Q2 FY2027 earnings print — the test of whether Agentforce/Data Cloud + Informatica re-accelerate total subscription and  (in 31d) — cRPO / total subscription revenue growth re-accelerates back into double digits driven by Agentforce converting to net-new ARR, refuting the 'AI agents replace seats' bear thesis — at ~10x non-GAAP ea
  CRM       2026-08-15  ( +31d)  Q2 FY2027 earnings print — the test of whether Agentforce/Data Cloud + Informatica re-accelerate total subscription and 
DETFIRE|catalyst|HUBS|MED|Q2 FY2026 earnings — proof that AI/Breeze is a monetization tailwind (revenue growth holding, net revenue retention infl (in 31d) — Q2 2026 print confirming (a) revenue growth sustained at ~20%+ YoY, (b) net revenue retention inflecting back toward/above 100%, and (c) tangible Breeze AI monetization — i.e., AI demonstrably additiv
  HUBS      2026-08-15  ( +31d)  Q2 FY2026 earnings — proof that AI/Breeze is a monetization tailwind (revenue growth holding, net revenue retention infl
DETFIRE|catalyst|MNDY|MED|Q2 2026 earnings as the first hard read on the consumption-based pricing model + rearchitected AI Work Platform (One AI) (in 31d) — NDR stops declining and inflects up (110% turning higher) WITH consumption pricing demonstrably lifting ARPU / net-new ARR — i.e., evidence AI is net-accretive to monday's model, not eroding seats. Th
  MNDY      2026-08-15  ( +31d)  Q2 2026 earnings as the first hard read on the consumption-based pricing model + rearchitected AI Work Platform (One AI)
DETFIRE|catalyst|TTD|MED|Q2 2026 earnings — first clean print after the Kokai platform migration and late-2024 sales reorg complete; management s (in 31d) — Revenue-growth deceleration ENDS: Q2/Q3 2026 YoY growth stops the 25->19->18->14->12 slide and stabilizes/re-accelerates to mid-teens, with spend-per-existing-client / net retention re-expanding — i.e
  TTD       2026-08-15  ( +31d)  Q2 2026 earnings — first clean print after the Kokai platform migration and late-2024 sales reorg complete; management s
DETFIRE|catalyst|GAP|MED|Q2 FY2026 earnings — Section-122 tariff relief (~$80M, ~50bps margin) lands in Q2/Q3 and the test of whether Old Navy's  (in 31d) — Old Navy comparable sales re-accelerate above ~3-4% (core >50%-of-revenue engine reaccelerating), confirming the turnaround is top-line AND margin rather than margin-only
  GAP       2026-08-15  ( +31d)  Q2 FY2026 earnings — Section-122 tariff relief (~$80M, ~50bps margin) lands in Q2/Q3 and the test of whether Old Navy's 
DETFIRE|catalyst|INTU|MED|Q4/full-year FY2026 earnings with initial FY2027 guidance — first management read on whether AI is eroding TurboTax/Cons (in 36d) — FY2027 guidance / next tax-season data showing TurboTax + Consumer-segment growth holding double-digit with stable-or-growing filer counts (no AI-driven filer defection), falsifying the structural-ero
  INTU      2026-08-20  ( +36d)  Q4/full-year FY2026 earnings with initial FY2027 guidance — first management read on whether AI is eroding TurboTax/Cons
  INSP      2026-09-15  ( +62d)  AMA CPT panel (Cat-I code decision)
  RH        2026-09-15  ( +62d)  Margin inflection from the international gallery ramp (currently a quantified -270bps drag) turning to contribution plus
  PATH      2026-09-15  ( +62d)  Q2 FY2027 earnings print — proof that agentic automation (Maestro/agent orchestration) converts pilot-to-production into
  S         2026-09-15  ( +62d)  Q2 FY27 earnings — confirmation that the Q1 net-new-ARR reacceleration (+55% YoY) is durable rather than an easy-comp ar
  SSRM      2026-09-15  ( +62d)  Sale of the 80% Copler (Turkey) stake for $1.5B cash — definitive SPA signed 2026-03-24 — which removes the post-disaste
  EOLS      2026-09-29  ( +76d)  Section 232 Korea tariff EFFECTIVE (15% Jeuveau)
  WING      2026-10-15  ( +92d)  Return to positive US same-store sales — management guides an inflection back to growth in 2H 2026, first confirmable in
  KER.PA    2026-10-21  ( +98d)  Q3-2026 print: Gucci comp inflection under Demna (H2 sell-through)
  BRBY.L    2026-11-15  (+123d)  H1 FY2027 interim results — the proof the FY26 inflection is durable: continued positive comps (China/Americas not relap
  GO        2026-11-15  (+123d)  Comparable-store-sales inflection to positive in 2H FY2026 under new CEO Jason Potter's operational reset (36 underperfo
  RBLX      2026-11-15  (+123d)  Q3 2026 earnings print confirming DAU re-acceleration as the Jan-2026 age-check (facial-age-estimation for chat) frictio
  LULU      2026-12-15  (+153d)  Activist cooperation agreement (founder Chip Wilson) installing new directors Marc Maurer (ex-On Running co-CEO) and Lau
  BODI      2026-12-15  (+153d)  National retail-nutrition distribution rollout: Shakeology into 80+ Sprouts and 640+ Vitamin Shoppe stores (plus P90X su
  BOOK      2026-12-31  (+169d)  Tax-loss-harvest deadline (2026 gain needs 2026 losses)
  UKRAIN-StepUp-B 2026-12-31  (+169d)  Ukraine ceasefire-durability / security-guarantee watch (upsize variable)
  LVS       2027-12-15  (+518d)  Completion of The Venetian Macau renovation, gating management's $700M/quarter Macau EBITDA target (vs $633M now)


===== 2026-07-16 03:39 (desk) =====
=== CATALYST WATCH 2026-07-16 (window 60d) ===
DETFIRE|catalyst|BAH|HIGH|FY27 Q1 print (quarter ended Jun-2026) (in 12d) — funded backlog + quarterly book-to-bill turning positive = troughing confirmed
  BAH       2026-07-28  ( +12d)  FY27 Q1 print (quarter ended Jun-2026)
DETFIRE|catalyst|SILICON2|MED|2Q26 print — the AVOID/short INVERT-trigger (in 22d) — INVERT to LONG only if YoY re-accel >45% + Europe inflects + OM recovers >17%; else AVOID holds. Reaching ₩18-22k band = 2nd-leg-down target reached (cover/informational, NOT a buy). Own COSMECCA (the ODM) not SILICON2 (the reseller) for K-beauty
  SILICON2  2026-08-07  ( +22d)  2Q26 print — the AVOID/short INVERT-trigger
DETFIRE|catalyst|COSMECCA|MED|Q2 print (in 30d) — OPM + segment mix; RPT note + clean FCF (both were UNVERIFIABLE pre-size)
  COSMECCA  2026-08-15  ( +30d)  Q2 print
DETFIRE|catalyst|TBCG.L|MED|Q2 print + geopol de-risk watch (MEGOBARI Senate / Moody's outlook / EU-US thaw) (in 30d) — add toward ~3% on: MEGOBARI dies in Senate | Moody's NEG->STABLE | EU-US thaw | non-tail dislocation <=GBp4000. TAIL-KILL (EXIT not add): any Georgian bank named OFAC / USD-correspondent curtailment
  TBCG.L    2026-08-15  ( +30d)  Q2 print + geopol de-risk watch (MEGOBARI Senate / Moody's outlook / EU-US thaw)
DETFIRE|catalyst|CPRI|MED|Q1 FY2027 earnings — first test of management's FY2027 guidance (return to low-single-digit revenue growth to ~$3.525B a (in 30d) — Michael Kors prints a flat-to-positive constant-currency comp (currently -8.4%) — i.e., the guided FY2027 revenue inflection becomes realized rather than promised. That converts a margin-recovery-only
  CPRI      2026-08-15  ( +30d)  Q1 FY2027 earnings — first test of management's FY2027 guidance (return to low-single-digit revenue growth to ~$3.525B a
DETFIRE|catalyst|FOUR|MED|Q2 2026 earnings — first fully-clean quarter with Global Blue integrated: proof the acquisition is gross-profit/EPS accr (in 30d) — Q2 print shows Global Blue is GAAP-EPS/FCF accretive AND net leverage starts declining toward ~3x while organic end-to-end volume growth holds >=20% — i.e., the EPS/FCF inflection materializes. If lev
  FOUR      2026-08-15  ( +30d)  Q2 2026 earnings — first fully-clean quarter with Global Blue integrated: proof the acquisition is gross-profit/EPS accr
DETFIRE|catalyst|TPB|MED|Modern-oral (FRE nicotine pouch) margin inflection — the guided 2026 ramp to $180-190M net revenue / $220-240M gross con (in 30d) — Q2/Q3 2026 prints showing consolidated adjusted EBITDA margin troughing and re-inflecting WHILE modern-oral tracks the $180-190M net-revenue trajectory (proof the SG&A investment converts to profit/op
  TPB       2026-08-15  ( +30d)  Modern-oral (FRE nicotine pouch) margin inflection — the guided 2026 ramp to $180-190M net revenue / $220-240M gross con
DETFIRE|catalyst|WEN|MED|Q2 2026 earnings — first full quarter under newly installed CEO Bob Wright (5/21/26) and CFO Steve Cirulis (6/23/26), th (in 30d) — US same-store sales sequentially inflect — the −7.8% comp turning materially less negative toward flat with TRAFFIC (not just price/mix) stabilizing — confirming Project Fresh is working, while adj. E
  WEN       2026-08-15  ( +30d)  Q2 2026 earnings — first full quarter under newly installed CEO Bob Wright (5/21/26) and CFO Steve Cirulis (6/23/26), th
DETFIRE|catalyst|CRM|MED|Q2 FY2027 earnings print — the test of whether Agentforce/Data Cloud + Informatica re-accelerate total subscription and  (in 30d) — cRPO / total subscription revenue growth re-accelerates back into double digits driven by Agentforce converting to net-new ARR, refuting the 'AI agents replace seats' bear thesis — at ~10x non-GAAP ea
  CRM       2026-08-15  ( +30d)  Q2 FY2027 earnings print — the test of whether Agentforce/Data Cloud + Informatica re-accelerate total subscription and 
DETFIRE|catalyst|HUBS|MED|Q2 FY2026 earnings — proof that AI/Breeze is a monetization tailwind (revenue growth holding, net revenue retention infl (in 30d) — Q2 2026 print confirming (a) revenue growth sustained at ~20%+ YoY, (b) net revenue retention inflecting back toward/above 100%, and (c) tangible Breeze AI monetization — i.e., AI demonstrably additiv
  HUBS      2026-08-15  ( +30d)  Q2 FY2026 earnings — proof that AI/Breeze is a monetization tailwind (revenue growth holding, net revenue retention infl
DETFIRE|catalyst|MNDY|MED|Q2 2026 earnings as the first hard read on the consumption-based pricing model + rearchitected AI Work Platform (One AI) (in 30d) — NDR stops declining and inflects up (110% turning higher) WITH consumption pricing demonstrably lifting ARPU / net-new ARR — i.e., evidence AI is net-accretive to monday's model, not eroding seats. Th
  MNDY      2026-08-15  ( +30d)  Q2 2026 earnings as the first hard read on the consumption-based pricing model + rearchitected AI Work Platform (One AI)
DETFIRE|catalyst|TTD|MED|Q2 2026 earnings — first clean print after the Kokai platform migration and late-2024 sales reorg complete; management s (in 30d) — Revenue-growth deceleration ENDS: Q2/Q3 2026 YoY growth stops the 25->19->18->14->12 slide and stabilizes/re-accelerates to mid-teens, with spend-per-existing-client / net retention re-expanding — i.e
  TTD       2026-08-15  ( +30d)  Q2 2026 earnings — first clean print after the Kokai platform migration and late-2024 sales reorg complete; management s
DETFIRE|catalyst|GAP|MED|Q2 FY2026 earnings — Section-122 tariff relief (~$80M, ~50bps margin) lands in Q2/Q3 and the test of whether Old Navy's  (in 30d) — Old Navy comparable sales re-accelerate above ~3-4% (core >50%-of-revenue engine reaccelerating), confirming the turnaround is top-line AND margin rather than margin-only
  GAP       2026-08-15  ( +30d)  Q2 FY2026 earnings — Section-122 tariff relief (~$80M, ~50bps margin) lands in Q2/Q3 and the test of whether Old Navy's 
DETFIRE|catalyst|INTU|MED|Q4/full-year FY2026 earnings with initial FY2027 guidance — first management read on whether AI is eroding TurboTax/Cons (in 35d) — FY2027 guidance / next tax-season data showing TurboTax + Consumer-segment growth holding double-digit with stable-or-growing filer counts (no AI-driven filer defection), falsifying the structural-ero
  INTU      2026-08-20  ( +35d)  Q4/full-year FY2026 earnings with initial FY2027 guidance — first management read on whether AI is eroding TurboTax/Cons
  INSP      2026-09-15  ( +61d)  AMA CPT panel (Cat-I code decision)
  RH        2026-09-15  ( +61d)  Margin inflection from the international gallery ramp (currently a quantified -270bps drag) turning to contribution plus
  PATH      2026-09-15  ( +61d)  Q2 FY2027 earnings print — proof that agentic automation (Maestro/agent orchestration) converts pilot-to-production into
  S         2026-09-15  ( +61d)  Q2 FY27 earnings — confirmation that the Q1 net-new-ARR reacceleration (+55% YoY) is durable rather than an easy-comp ar
  SSRM      2026-09-15  ( +61d)  Sale of the 80% Copler (Turkey) stake for $1.5B cash — definitive SPA signed 2026-03-24 — which removes the post-disaste
  EOLS      2026-09-29  ( +75d)  Section 232 Korea tariff EFFECTIVE (15% Jeuveau)
  WING      2026-10-15  ( +91d)  Return to positive US same-store sales — management guides an inflection back to growth in 2H 2026, first confirmable in
  KER.PA    2026-10-21  ( +97d)  Q3-2026 print: Gucci comp inflection under Demna (H2 sell-through)
  BRBY.L    2026-11-15  (+122d)  H1 FY2027 interim results — the proof the FY26 inflection is durable: continued positive comps (China/Americas not relap
  GO        2026-11-15  (+122d)  Comparable-store-sales inflection to positive in 2H FY2026 under new CEO Jason Potter's operational reset (36 underperfo
  RBLX      2026-11-15  (+122d)  Q3 2026 earnings print confirming DAU re-acceleration as the Jan-2026 age-check (facial-age-estimation for chat) frictio
  LULU      2026-12-15  (+152d)  Activist cooperation agreement (founder Chip Wilson) installing new directors Marc Maurer (ex-On Running co-CEO) and Lau
  BODI      2026-12-15  (+152d)  National retail-nutrition distribution rollout: Shakeology into 80+ Sprouts and 640+ Vitamin Shoppe stores (plus P90X su
  BOOK      2026-12-31  (+168d)  Tax-loss-harvest deadline (2026 gain needs 2026 losses)
  UKRAIN-StepUp-B 2026-12-31  (+168d)  Ukraine ceasefire-durability / security-guarantee watch (upsize variable)
  LVS       2027-12-15  (+517d)  Completion of The Venetian Macau renovation, gating management's $700M/quarter Macau EBITDA target (vs $633M now)


===== 2026-07-17 10:55 (desk) =====
=== CATALYST WATCH 2026-07-17 (window 60d) ===
DETFIRE|catalyst|BAH|HIGH|FY27 Q1 print (quarter ended Jun-2026) (in 11d) — funded backlog + quarterly book-to-bill turning positive = troughing confirmed
  BAH       2026-07-28  ( +11d)  FY27 Q1 print (quarter ended Jun-2026)
DETFIRE|catalyst|SILICON2|HIGH|2Q26 print — the AVOID/short INVERT-trigger (in 21d) — INVERT to LONG only if YoY re-accel >45% + Europe inflects + OM recovers >17%; else AVOID holds. Reaching ₩18-22k band = 2nd-leg-down target reached (cover/informational, NOT a buy). Own COSMECCA (the ODM) not SILICON2 (the reseller) for K-beauty
  SILICON2  2026-08-07  ( +21d)  2Q26 print — the AVOID/short INVERT-trigger
DETFIRE|catalyst|COSMECCA|MED|Q2 print (in 29d) — OPM + segment mix; RPT note + clean FCF (both were UNVERIFIABLE pre-size)
  COSMECCA  2026-08-15  ( +29d)  Q2 print
DETFIRE|catalyst|TBCG.L|MED|Q2 print + geopol de-risk watch (MEGOBARI Senate / Moody's outlook / EU-US thaw) (in 29d) — add toward ~3% on: MEGOBARI dies in Senate | Moody's NEG->STABLE | EU-US thaw | non-tail dislocation <=GBp4000. TAIL-KILL (EXIT not add): any Georgian bank named OFAC / USD-correspondent curtailment
  TBCG.L    2026-08-15  ( +29d)  Q2 print + geopol de-risk watch (MEGOBARI Senate / Moody's outlook / EU-US thaw)
DETFIRE|catalyst|CPRI|MED|Q1 FY2027 earnings — first test of management's FY2027 guidance (return to low-single-digit revenue growth to ~$3.525B a (in 29d) — Michael Kors prints a flat-to-positive constant-currency comp (currently -8.4%) — i.e., the guided FY2027 revenue inflection becomes realized rather than promised. That converts a margin-recovery-only
  CPRI      2026-08-15  ( +29d)  Q1 FY2027 earnings — first test of management's FY2027 guidance (return to low-single-digit revenue growth to ~$3.525B a
DETFIRE|catalyst|FOUR|MED|Q2 2026 earnings — first fully-clean quarter with Global Blue integrated: proof the acquisition is gross-profit/EPS accr (in 29d) — Q2 print shows Global Blue is GAAP-EPS/FCF accretive AND net leverage starts declining toward ~3x while organic end-to-end volume growth holds >=20% — i.e., the EPS/FCF inflection materializes. If lev
  FOUR      2026-08-15  ( +29d)  Q2 2026 earnings — first fully-clean quarter with Global Blue integrated: proof the acquisition is gross-profit/EPS accr
DETFIRE|catalyst|TPB|MED|Modern-oral (FRE nicotine pouch) margin inflection — the guided 2026 ramp to $180-190M net revenue / $220-240M gross con (in 29d) — Q2/Q3 2026 prints showing consolidated adjusted EBITDA margin troughing and re-inflecting WHILE modern-oral tracks the $180-190M net-revenue trajectory (proof the SG&A investment converts to profit/op
  TPB       2026-08-15  ( +29d)  Modern-oral (FRE nicotine pouch) margin inflection — the guided 2026 ramp to $180-190M net revenue / $220-240M gross con
DETFIRE|catalyst|WEN|MED|Q2 2026 earnings — first full quarter under newly installed CEO Bob Wright (5/21/26) and CFO Steve Cirulis (6/23/26), th (in 29d) — US same-store sales sequentially inflect — the −7.8% comp turning materially less negative toward flat with TRAFFIC (not just price/mix) stabilizing — confirming Project Fresh is working, while adj. E
  WEN       2026-08-15  ( +29d)  Q2 2026 earnings — first full quarter under newly installed CEO Bob Wright (5/21/26) and CFO Steve Cirulis (6/23/26), th
DETFIRE|catalyst|CRM|MED|Q2 FY2027 earnings print — the test of whether Agentforce/Data Cloud + Informatica re-accelerate total subscription and  (in 29d) — cRPO / total subscription revenue growth re-accelerates back into double digits driven by Agentforce converting to net-new ARR, refuting the 'AI agents replace seats' bear thesis — at ~10x non-GAAP ea
  CRM       2026-08-15  ( +29d)  Q2 FY2027 earnings print — the test of whether Agentforce/Data Cloud + Informatica re-accelerate total subscription and 
DETFIRE|catalyst|HUBS|MED|Q2 FY2026 earnings — proof that AI/Breeze is a monetization tailwind (revenue growth holding, net revenue retention infl (in 29d) — Q2 2026 print confirming (a) revenue growth sustained at ~20%+ YoY, (b) net revenue retention inflecting back toward/above 100%, and (c) tangible Breeze AI monetization — i.e., AI demonstrably additiv
  HUBS      2026-08-15  ( +29d)  Q2 FY2026 earnings — proof that AI/Breeze is a monetization tailwind (revenue growth holding, net revenue retention infl
DETFIRE|catalyst|MNDY|MED|Q2 2026 earnings as the first hard read on the consumption-based pricing model + rearchitected AI Work Platform (One AI) (in 29d) — NDR stops declining and inflects up (110% turning higher) WITH consumption pricing demonstrably lifting ARPU / net-new ARR — i.e., evidence AI is net-accretive to monday's model, not eroding seats. Th
  MNDY      2026-08-15  ( +29d)  Q2 2026 earnings as the first hard read on the consumption-based pricing model + rearchitected AI Work Platform (One AI)
DETFIRE|catalyst|TTD|MED|Q2 2026 earnings — first clean print after the Kokai platform migration and late-2024 sales reorg complete; management s (in 29d) — Revenue-growth deceleration ENDS: Q2/Q3 2026 YoY growth stops the 25->19->18->14->12 slide and stabilizes/re-accelerates to mid-teens, with spend-per-existing-client / net retention re-expanding — i.e
  TTD       2026-08-15  ( +29d)  Q2 2026 earnings — first clean print after the Kokai platform migration and late-2024 sales reorg complete; management s
DETFIRE|catalyst|GAP|MED|Q2 FY2026 earnings — Section-122 tariff relief (~$80M, ~50bps margin) lands in Q2/Q3 and the test of whether Old Navy's  (in 29d) — Old Navy comparable sales re-accelerate above ~3-4% (core >50%-of-revenue engine reaccelerating), confirming the turnaround is top-line AND margin rather than margin-only
  GAP       2026-08-15  ( +29d)  Q2 FY2026 earnings — Section-122 tariff relief (~$80M, ~50bps margin) lands in Q2/Q3 and the test of whether Old Navy's 
DETFIRE|catalyst|INTU|MED|Q4/full-year FY2026 earnings with initial FY2027 guidance — first management read on whether AI is eroding TurboTax/Cons (in 34d) — FY2027 guidance / next tax-season data showing TurboTax + Consumer-segment growth holding double-digit with stable-or-growing filer counts (no AI-driven filer defection), falsifying the structural-ero
  INTU      2026-08-20  ( +34d)  Q4/full-year FY2026 earnings with initial FY2027 guidance — first management read on whether AI is eroding TurboTax/Cons
DETFIRE|catalyst|INSP|MED|AMA CPT panel (Cat-I code decision) (in 60d) — panel outcome; Cat-I = re-rate, status-quo = bear extends
  INSP      2026-09-15  ( +60d)  AMA CPT panel (Cat-I code decision)
DETFIRE|catalyst|RH|MED|Margin inflection from the international gallery ramp (currently a quantified -270bps drag) turning to contribution plus (in 60d) — Q2/H2 FY2026 prints confirm adjusted EBITDA margin re-expanding into the 14-16% guide with FCF tracking $300-400M AND net debt stepping down — i.e., the margin recovery is real operating leverage, not
  RH        2026-09-15  ( +60d)  Margin inflection from the international gallery ramp (currently a quantified -270bps drag) turning to contribution plus
DETFIRE|catalyst|PATH|MED|Q2 FY2027 earnings print — proof that agentic automation (Maestro/agent orchestration) converts pilot-to-production into (in 60d) — Net-new ARR re-accelerates and net-retention inflects up (NRR back above ~112% with ARR growth re-accelerating toward mid-to-high teens), evidencing agentic seats converting to paid production and OFF
  PATH      2026-09-15  ( +60d)  Q2 FY2027 earnings print — proof that agentic automation (Maestro/agent orchestration) converts pilot-to-production into
DETFIRE|catalyst|S|MED|Q2 FY27 earnings — confirmation that the Q1 net-new-ARR reacceleration (+55% YoY) is durable rather than an easy-comp ar (in 60d) — A second consecutive quarter of accelerating net-new ARR that pulls reported revenue growth back ABOVE the ~20% guide, accompanied by an upward FY27 revenue-guide revision and a narrowing GAAP operati
  S         2026-09-15  ( +60d)  Q2 FY27 earnings — confirmation that the Q1 net-new-ARR reacceleration (+55% YoY) is durable rather than an easy-comp ar
DETFIRE|catalyst|SSRM|MED|Sale of the 80% Copler (Turkey) stake for $1.5B cash — definitive SPA signed 2026-03-24 — which removes the post-disaste (in 60d) — Copler $1.5B sale closes clean in Q3 2026 (full cash, no price cut) AND the market hands a pullback from the current near-52-week-high (~$28.5; 52w high $36.5) back toward the low-$20s, so you enter a
  SSRM      2026-09-15  ( +60d)  Sale of the 80% Copler (Turkey) stake for $1.5B cash — definitive SPA signed 2026-03-24 — which removes the post-disaste
  EOLS      2026-09-29  ( +74d)  Section 232 Korea tariff EFFECTIVE (15% Jeuveau)
  WING      2026-10-15  ( +90d)  Return to positive US same-store sales — management guides an inflection back to growth in 2H 2026, first confirmable in
  KER.PA    2026-10-21  ( +96d)  Q3-2026 print: Gucci comp inflection under Demna (H2 sell-through)
  BRBY.L    2026-11-15  (+121d)  H1 FY2027 interim results — the proof the FY26 inflection is durable: continued positive comps (China/Americas not relap
  GO        2026-11-15  (+121d)  Comparable-store-sales inflection to positive in 2H FY2026 under new CEO Jason Potter's operational reset (36 underperfo
  RBLX      2026-11-15  (+121d)  Q3 2026 earnings print confirming DAU re-acceleration as the Jan-2026 age-check (facial-age-estimation for chat) frictio
  LULU      2026-12-15  (+151d)  Activist cooperation agreement (founder Chip Wilson) installing new directors Marc Maurer (ex-On Running co-CEO) and Lau
  BODI      2026-12-15  (+151d)  National retail-nutrition distribution rollout: Shakeology into 80+ Sprouts and 640+ Vitamin Shoppe stores (plus P90X su
  BOOK      2026-12-31  (+167d)  Tax-loss-harvest deadline (2026 gain needs 2026 losses)
  UKRAIN-StepUp-B 2026-12-31  (+167d)  Ukraine ceasefire-durability / security-guarantee watch (upsize variable)
  LVS       2027-12-15  (+516d)  Completion of The Venetian Macau renovation, gating management's $700M/quarter Macau EBITDA target (vs $633M now)


===== 2026-07-20 16:48 (desk) =====
=== CATALYST WATCH 2026-07-20 (window 60d) ===
DETFIRE|catalyst|BAH|HIGH|FY27 Q1 print (quarter ended Jun-2026) (in 8d) — funded backlog + quarterly book-to-bill turning positive = troughing confirmed
  BAH       2026-07-28  (  +8d)  FY27 Q1 print (quarter ended Jun-2026)
DETFIRE|catalyst|SILICON2|HIGH|2Q26 print — the AVOID/short INVERT-trigger (in 18d) — INVERT to LONG only if YoY re-accel >45% + Europe inflects + OM recovers >17%; else AVOID holds. Reaching ₩18-22k band = 2nd-leg-down target reached (cover/informational, NOT a buy). Own COSMECCA (the ODM) not SILICON2 (the reseller) for K-beauty
  SILICON2  2026-08-07  ( +18d)  2Q26 print — the AVOID/short INVERT-trigger
DETFIRE|catalyst|COSMECCA|MED|Q2 print (in 26d) — OPM + segment mix; RPT note + clean FCF (both were UNVERIFIABLE pre-size)
  COSMECCA  2026-08-15  ( +26d)  Q2 print
DETFIRE|catalyst|TBCG.L|MED|Q2 print + geopol de-risk watch (MEGOBARI Senate / Moody's outlook / EU-US thaw) (in 26d) — add toward ~3% on: MEGOBARI dies in Senate | Moody's NEG->STABLE | EU-US thaw | non-tail dislocation <=GBp4000. TAIL-KILL (EXIT not add): any Georgian bank named OFAC / USD-correspondent curtailment
  TBCG.L    2026-08-15  ( +26d)  Q2 print + geopol de-risk watch (MEGOBARI Senate / Moody's outlook / EU-US thaw)
DETFIRE|catalyst|CPRI|MED|Q1 FY2027 earnings — first test of management's FY2027 guidance (return to low-single-digit revenue growth to ~$3.525B a (in 26d) — Michael Kors prints a flat-to-positive constant-currency comp (currently -8.4%) — i.e., the guided FY2027 revenue inflection becomes realized rather than promised. That converts a margin-recovery-only
  CPRI      2026-08-15  ( +26d)  Q1 FY2027 earnings — first test of management's FY2027 guidance (return to low-single-digit revenue growth to ~$3.525B a
DETFIRE|catalyst|FOUR|MED|Q2 2026 earnings — first fully-clean quarter with Global Blue integrated: proof the acquisition is gross-profit/EPS accr (in 26d) — Q2 print shows Global Blue is GAAP-EPS/FCF accretive AND net leverage starts declining toward ~3x while organic end-to-end volume growth holds >=20% — i.e., the EPS/FCF inflection materializes. If lev
  FOUR      2026-08-15  ( +26d)  Q2 2026 earnings — first fully-clean quarter with Global Blue integrated: proof the acquisition is gross-profit/EPS accr
DETFIRE|catalyst|TPB|MED|Modern-oral (FRE nicotine pouch) margin inflection — the guided 2026 ramp to $180-190M net revenue / $220-240M gross con (in 26d) — Q2/Q3 2026 prints showing consolidated adjusted EBITDA margin troughing and re-inflecting WHILE modern-oral tracks the $180-190M net-revenue trajectory (proof the SG&A investment converts to profit/op
  TPB       2026-08-15  ( +26d)  Modern-oral (FRE nicotine pouch) margin inflection — the guided 2026 ramp to $180-190M net revenue / $220-240M gross con
DETFIRE|catalyst|WEN|MED|Q2 2026 earnings — first full quarter under newly installed CEO Bob Wright (5/21/26) and CFO Steve Cirulis (6/23/26), th (in 26d) — US same-store sales sequentially inflect — the −7.8% comp turning materially less negative toward flat with TRAFFIC (not just price/mix) stabilizing — confirming Project Fresh is working, while adj. E
  WEN       2026-08-15  ( +26d)  Q2 2026 earnings — first full quarter under newly installed CEO Bob Wright (5/21/26) and CFO Steve Cirulis (6/23/26), th
DETFIRE|catalyst|CRM|MED|Q2 FY2027 earnings print — the test of whether Agentforce/Data Cloud + Informatica re-accelerate total subscription and  (in 26d) — cRPO / total subscription revenue growth re-accelerates back into double digits driven by Agentforce converting to net-new ARR, refuting the 'AI agents replace seats' bear thesis — at ~10x non-GAAP ea
  CRM       2026-08-15  ( +26d)  Q2 FY2027 earnings print — the test of whether Agentforce/Data Cloud + Informatica re-accelerate total subscription and 
DETFIRE|catalyst|HUBS|MED|Q2 FY2026 earnings — proof that AI/Breeze is a monetization tailwind (revenue growth holding, net revenue retention infl (in 26d) — Q2 2026 print confirming (a) revenue growth sustained at ~20%+ YoY, (b) net revenue retention inflecting back toward/above 100%, and (c) tangible Breeze AI monetization — i.e., AI demonstrably additiv
  HUBS      2026-08-15  ( +26d)  Q2 FY2026 earnings — proof that AI/Breeze is a monetization tailwind (revenue growth holding, net revenue retention infl
DETFIRE|catalyst|MNDY|MED|Q2 2026 earnings as the first hard read on the consumption-based pricing model + rearchitected AI Work Platform (One AI) (in 26d) — NDR stops declining and inflects up (110% turning higher) WITH consumption pricing demonstrably lifting ARPU / net-new ARR — i.e., evidence AI is net-accretive to monday's model, not eroding seats. Th
  MNDY      2026-08-15  ( +26d)  Q2 2026 earnings as the first hard read on the consumption-based pricing model + rearchitected AI Work Platform (One AI)
DETFIRE|catalyst|TTD|MED|Q2 2026 earnings — first clean print after the Kokai platform migration and late-2024 sales reorg complete; management s (in 26d) — Revenue-growth deceleration ENDS: Q2/Q3 2026 YoY growth stops the 25->19->18->14->12 slide and stabilizes/re-accelerates to mid-teens, with spend-per-existing-client / net retention re-expanding — i.e
  TTD       2026-08-15  ( +26d)  Q2 2026 earnings — first clean print after the Kokai platform migration and late-2024 sales reorg complete; management s
DETFIRE|catalyst|GAP|MED|Q2 FY2026 earnings — Section-122 tariff relief (~$80M, ~50bps margin) lands in Q2/Q3 and the test of whether Old Navy's  (in 26d) — Old Navy comparable sales re-accelerate above ~3-4% (core >50%-of-revenue engine reaccelerating), confirming the turnaround is top-line AND margin rather than margin-only
  GAP       2026-08-15  ( +26d)  Q2 FY2026 earnings — Section-122 tariff relief (~$80M, ~50bps margin) lands in Q2/Q3 and the test of whether Old Navy's 
DETFIRE|catalyst|INTU|MED|Q4/full-year FY2026 earnings with initial FY2027 guidance — first management read on whether AI is eroding TurboTax/Cons (in 31d) — FY2027 guidance / next tax-season data showing TurboTax + Consumer-segment growth holding double-digit with stable-or-growing filer counts (no AI-driven filer defection), falsifying the structural-ero
  INTU      2026-08-20  ( +31d)  Q4/full-year FY2026 earnings with initial FY2027 guidance — first management read on whether AI is eroding TurboTax/Cons
DETFIRE|catalyst|INSP|MED|AMA CPT panel (Cat-I code decision) (in 57d) — panel outcome; Cat-I = re-rate, status-quo = bear extends
  INSP      2026-09-15  ( +57d)  AMA CPT panel (Cat-I code decision)
DETFIRE|catalyst|RH|MED|Margin inflection from the international gallery ramp (currently a quantified -270bps drag) turning to contribution plus (in 57d) — Q2/H2 FY2026 prints confirm adjusted EBITDA margin re-expanding into the 14-16% guide with FCF tracking $300-400M AND net debt stepping down — i.e., the margin recovery is real operating leverage, not
  RH        2026-09-15  ( +57d)  Margin inflection from the international gallery ramp (currently a quantified -270bps drag) turning to contribution plus
DETFIRE|catalyst|PATH|MED|Q2 FY2027 earnings print — proof that agentic automation (Maestro/agent orchestration) converts pilot-to-production into (in 57d) — Net-new ARR re-accelerates and net-retention inflects up (NRR back above ~112% with ARR growth re-accelerating toward mid-to-high teens), evidencing agentic seats converting to paid production and OFF
  PATH      2026-09-15  ( +57d)  Q2 FY2027 earnings print — proof that agentic automation (Maestro/agent orchestration) converts pilot-to-production into
DETFIRE|catalyst|S|MED|Q2 FY27 earnings — confirmation that the Q1 net-new-ARR reacceleration (+55% YoY) is durable rather than an easy-comp ar (in 57d) — A second consecutive quarter of accelerating net-new ARR that pulls reported revenue growth back ABOVE the ~20% guide, accompanied by an upward FY27 revenue-guide revision and a narrowing GAAP operati
  S         2026-09-15  ( +57d)  Q2 FY27 earnings — confirmation that the Q1 net-new-ARR reacceleration (+55% YoY) is durable rather than an easy-comp ar
DETFIRE|catalyst|SSRM|MED|Sale of the 80% Copler (Turkey) stake for $1.5B cash — definitive SPA signed 2026-03-24 — which removes the post-disaste (in 57d) — Copler $1.5B sale closes clean in Q3 2026 (full cash, no price cut) AND the market hands a pullback from the current near-52-week-high (~$28.5; 52w high $36.5) back toward the low-$20s, so you enter a
  SSRM      2026-09-15  ( +57d)  Sale of the 80% Copler (Turkey) stake for $1.5B cash — definitive SPA signed 2026-03-24 — which removes the post-disaste
  EOLS      2026-09-29  ( +71d)  Section 232 Korea tariff EFFECTIVE (15% Jeuveau)
  WING      2026-10-15  ( +87d)  Return to positive US same-store sales — management guides an inflection back to growth in 2H 2026, first confirmable in
  KER.PA    2026-10-21  ( +93d)  Q3-2026 print: Gucci comp inflection under Demna (H2 sell-through)
  BRBY.L    2026-11-15  (+118d)  H1 FY2027 interim results — the proof the FY26 inflection is durable: continued positive comps (China/Americas not relap
  GO        2026-11-15  (+118d)  Comparable-store-sales inflection to positive in 2H FY2026 under new CEO Jason Potter's operational reset (36 underperfo
  RBLX      2026-11-15  (+118d)  Q3 2026 earnings print confirming DAU re-acceleration as the Jan-2026 age-check (facial-age-estimation for chat) frictio
  LULU      2026-12-15  (+148d)  Activist cooperation agreement (founder Chip Wilson) installing new directors Marc Maurer (ex-On Running co-CEO) and Lau
  BODI      2026-12-15  (+148d)  National retail-nutrition distribution rollout: Shakeology into 80+ Sprouts and 640+ Vitamin Shoppe stores (plus P90X su
  BOOK      2026-12-31  (+164d)  Tax-loss-harvest deadline (2026 gain needs 2026 losses)
  UKRAIN-StepUp-B 2026-12-31  (+164d)  Ukraine ceasefire-durability / security-guarantee watch (upsize variable)
  LVS       2027-12-15  (+513d)  Completion of The Venetian Macau renovation, gating management's $700M/quarter Macau EBITDA target (vs $633M now)


===== 2026-07-22 07:43 (desk) =====
=== CATALYST WATCH 2026-07-22 (window 60d) ===
DETFIRE|catalyst|BAH|HIGH|FY27 Q1 print (quarter ended Jun-2026) (in 6d) — funded backlog + quarterly book-to-bill turning positive = troughing confirmed
  BAH       2026-07-28  (  +6d)  FY27 Q1 print (quarter ended Jun-2026)
DETFIRE|catalyst|SILICON2|HIGH|2Q26 print — the AVOID/short INVERT-trigger (in 16d) — INVERT to LONG only if YoY re-accel >45% + Europe inflects + OM recovers >17%; else AVOID holds. Reaching ₩18-22k band = 2nd-leg-down target reached (cover/informational, NOT a buy). Own COSMECCA (the ODM) not SILICON2 (the reseller) for K-beauty
  SILICON2  2026-08-07  ( +16d)  2Q26 print — the AVOID/short INVERT-trigger
DETFIRE|catalyst|COSMECCA|MED|Q2 print (in 24d) — OPM + segment mix; RPT note + clean FCF (both were UNVERIFIABLE pre-size)
  COSMECCA  2026-08-15  ( +24d)  Q2 print
DETFIRE|catalyst|TBCG.L|MED|Q2 print + geopol de-risk watch (MEGOBARI Senate / Moody's outlook / EU-US thaw) (in 24d) — add toward ~3% on: MEGOBARI dies in Senate | Moody's NEG->STABLE | EU-US thaw | non-tail dislocation <=GBp4000. TAIL-KILL (EXIT not add): any Georgian bank named OFAC / USD-correspondent curtailment
  TBCG.L    2026-08-15  ( +24d)  Q2 print + geopol de-risk watch (MEGOBARI Senate / Moody's outlook / EU-US thaw)
DETFIRE|catalyst|CPRI|MED|Q1 FY2027 earnings — first test of management's FY2027 guidance (return to low-single-digit revenue growth to ~$3.525B a (in 24d) — Michael Kors prints a flat-to-positive constant-currency comp (currently -8.4%) — i.e., the guided FY2027 revenue inflection becomes realized rather than promised. That converts a margin-recovery-only
  CPRI      2026-08-15  ( +24d)  Q1 FY2027 earnings — first test of management's FY2027 guidance (return to low-single-digit revenue growth to ~$3.525B a
DETFIRE|catalyst|FOUR|MED|Q2 2026 earnings — first fully-clean quarter with Global Blue integrated: proof the acquisition is gross-profit/EPS accr (in 24d) — Q2 print shows Global Blue is GAAP-EPS/FCF accretive AND net leverage starts declining toward ~3x while organic end-to-end volume growth holds >=20% — i.e., the EPS/FCF inflection materializes. If lev
  FOUR      2026-08-15  ( +24d)  Q2 2026 earnings — first fully-clean quarter with Global Blue integrated: proof the acquisition is gross-profit/EPS accr
DETFIRE|catalyst|TPB|MED|Modern-oral (FRE nicotine pouch) margin inflection — the guided 2026 ramp to $180-190M net revenue / $220-240M gross con (in 24d) — Q2/Q3 2026 prints showing consolidated adjusted EBITDA margin troughing and re-inflecting WHILE modern-oral tracks the $180-190M net-revenue trajectory (proof the SG&A investment converts to profit/op
  TPB       2026-08-15  ( +24d)  Modern-oral (FRE nicotine pouch) margin inflection — the guided 2026 ramp to $180-190M net revenue / $220-240M gross con
DETFIRE|catalyst|WEN|MED|Q2 2026 earnings — first full quarter under newly installed CEO Bob Wright (5/21/26) and CFO Steve Cirulis (6/23/26), th (in 24d) — US same-store sales sequentially inflect — the −7.8% comp turning materially less negative toward flat with TRAFFIC (not just price/mix) stabilizing — confirming Project Fresh is working, while adj. E
  WEN       2026-08-15  ( +24d)  Q2 2026 earnings — first full quarter under newly installed CEO Bob Wright (5/21/26) and CFO Steve Cirulis (6/23/26), th
DETFIRE|catalyst|CRM|MED|Q2 FY2027 earnings print — the test of whether Agentforce/Data Cloud + Informatica re-accelerate total subscription and  (in 24d) — cRPO / total subscription revenue growth re-accelerates back into double digits driven by Agentforce converting to net-new ARR, refuting the 'AI agents replace seats' bear thesis — at ~10x non-GAAP ea
  CRM       2026-08-15  ( +24d)  Q2 FY2027 earnings print — the test of whether Agentforce/Data Cloud + Informatica re-accelerate total subscription and 
DETFIRE|catalyst|HUBS|MED|Q2 FY2026 earnings — proof that AI/Breeze is a monetization tailwind (revenue growth holding, net revenue retention infl (in 24d) — Q2 2026 print confirming (a) revenue growth sustained at ~20%+ YoY, (b) net revenue retention inflecting back toward/above 100%, and (c) tangible Breeze AI monetization — i.e., AI demonstrably additiv
  HUBS      2026-08-15  ( +24d)  Q2 FY2026 earnings — proof that AI/Breeze is a monetization tailwind (revenue growth holding, net revenue retention infl
DETFIRE|catalyst|MNDY|MED|Q2 2026 earnings as the first hard read on the consumption-based pricing model + rearchitected AI Work Platform (One AI) (in 24d) — NDR stops declining and inflects up (110% turning higher) WITH consumption pricing demonstrably lifting ARPU / net-new ARR — i.e., evidence AI is net-accretive to monday's model, not eroding seats. Th
  MNDY      2026-08-15  ( +24d)  Q2 2026 earnings as the first hard read on the consumption-based pricing model + rearchitected AI Work Platform (One AI)
DETFIRE|catalyst|TTD|MED|Q2 2026 earnings — first clean print after the Kokai platform migration and late-2024 sales reorg complete; management s (in 24d) — Revenue-growth deceleration ENDS: Q2/Q3 2026 YoY growth stops the 25->19->18->14->12 slide and stabilizes/re-accelerates to mid-teens, with spend-per-existing-client / net retention re-expanding — i.e
  TTD       2026-08-15  ( +24d)  Q2 2026 earnings — first clean print after the Kokai platform migration and late-2024 sales reorg complete; management s
DETFIRE|catalyst|GAP|MED|Q2 FY2026 earnings — Section-122 tariff relief (~$80M, ~50bps margin) lands in Q2/Q3 and the test of whether Old Navy's  (in 24d) — Old Navy comparable sales re-accelerate above ~3-4% (core >50%-of-revenue engine reaccelerating), confirming the turnaround is top-line AND margin rather than margin-only
  GAP       2026-08-15  ( +24d)  Q2 FY2026 earnings — Section-122 tariff relief (~$80M, ~50bps margin) lands in Q2/Q3 and the test of whether Old Navy's 
DETFIRE|catalyst|INTU|MED|Q4/full-year FY2026 earnings with initial FY2027 guidance — first management read on whether AI is eroding TurboTax/Cons (in 29d) — FY2027 guidance / next tax-season data showing TurboTax + Consumer-segment growth holding double-digit with stable-or-growing filer counts (no AI-driven filer defection), falsifying the structural-ero
  INTU      2026-08-20  ( +29d)  Q4/full-year FY2026 earnings with initial FY2027 guidance — first management read on whether AI is eroding TurboTax/Cons
DETFIRE|catalyst|INSP|MED|AMA CPT panel (Cat-I code decision) (in 55d) — panel outcome; Cat-I = re-rate, status-quo = bear extends
  INSP      2026-09-15  ( +55d)  AMA CPT panel (Cat-I code decision)
DETFIRE|catalyst|RH|MED|Margin inflection from the international gallery ramp (currently a quantified -270bps drag) turning to contribution plus (in 55d) — Q2/H2 FY2026 prints confirm adjusted EBITDA margin re-expanding into the 14-16% guide with FCF tracking $300-400M AND net debt stepping down — i.e., the margin recovery is real operating leverage, not
  RH        2026-09-15  ( +55d)  Margin inflection from the international gallery ramp (currently a quantified -270bps drag) turning to contribution plus
DETFIRE|catalyst|PATH|MED|Q2 FY2027 earnings print — proof that agentic automation (Maestro/agent orchestration) converts pilot-to-production into (in 55d) — Net-new ARR re-accelerates and net-retention inflects up (NRR back above ~112% with ARR growth re-accelerating toward mid-to-high teens), evidencing agentic seats converting to paid production and OFF
  PATH      2026-09-15  ( +55d)  Q2 FY2027 earnings print — proof that agentic automation (Maestro/agent orchestration) converts pilot-to-production into
DETFIRE|catalyst|S|MED|Q2 FY27 earnings — confirmation that the Q1 net-new-ARR reacceleration (+55% YoY) is durable rather than an easy-comp ar (in 55d) — A second consecutive quarter of accelerating net-new ARR that pulls reported revenue growth back ABOVE the ~20% guide, accompanied by an upward FY27 revenue-guide revision and a narrowing GAAP operati
  S         2026-09-15  ( +55d)  Q2 FY27 earnings — confirmation that the Q1 net-new-ARR reacceleration (+55% YoY) is durable rather than an easy-comp ar
DETFIRE|catalyst|SSRM|MED|Sale of the 80% Copler (Turkey) stake for $1.5B cash — definitive SPA signed 2026-03-24 — which removes the post-disaste (in 55d) — Copler $1.5B sale closes clean in Q3 2026 (full cash, no price cut) AND the market hands a pullback from the current near-52-week-high (~$28.5; 52w high $36.5) back toward the low-$20s, so you enter a
  SSRM      2026-09-15  ( +55d)  Sale of the 80% Copler (Turkey) stake for $1.5B cash — definitive SPA signed 2026-03-24 — which removes the post-disaste
  EOLS      2026-09-29  ( +69d)  Section 232 Korea tariff EFFECTIVE (15% Jeuveau)
  WING      2026-10-15  ( +85d)  Return to positive US same-store sales — management guides an inflection back to growth in 2H 2026, first confirmable in
  KER.PA    2026-10-21  ( +91d)  Q3-2026 print: Gucci comp inflection under Demna (H2 sell-through)
  BRBY.L    2026-11-15  (+116d)  H1 FY2027 interim results — the proof the FY26 inflection is durable: continued positive comps (China/Americas not relap
  GO        2026-11-15  (+116d)  Comparable-store-sales inflection to positive in 2H FY2026 under new CEO Jason Potter's operational reset (36 underperfo
  RBLX      2026-11-15  (+116d)  Q3 2026 earnings print confirming DAU re-acceleration as the Jan-2026 age-check (facial-age-estimation for chat) frictio
  LULU      2026-12-15  (+146d)  Activist cooperation agreement (founder Chip Wilson) installing new directors Marc Maurer (ex-On Running co-CEO) and Lau
  BODI      2026-12-15  (+146d)  National retail-nutrition distribution rollout: Shakeology into 80+ Sprouts and 640+ Vitamin Shoppe stores (plus P90X su
  BOOK      2026-12-31  (+162d)  Tax-loss-harvest deadline (2026 gain needs 2026 losses)
  UKRAIN-StepUp-B 2026-12-31  (+162d)  Ukraine ceasefire-durability / security-guarantee watch (upsize variable)
  LVS       2027-12-15  (+511d)  Completion of The Venetian Macau renovation, gating management's $700M/quarter Macau EBITDA target (vs $633M now)


===== 2026-07-23 08:30 (desk) =====
=== CATALYST WATCH 2026-07-23 (window 60d) ===
DETFIRE|catalyst|BAH|HIGH|FY27 Q1 print (quarter ended Jun-2026) (in 5d) — funded backlog + quarterly book-to-bill turning positive = troughing confirmed
  BAH       2026-07-28  (  +5d)  FY27 Q1 print (quarter ended Jun-2026)
DETFIRE|catalyst|SILICON2|HIGH|2Q26 print — the AVOID/short INVERT-trigger (in 15d) — INVERT to LONG only if YoY re-accel >45% + Europe inflects + OM recovers >17%; else AVOID holds. Reaching ₩18-22k band = 2nd-leg-down target reached (cover/informational, NOT a buy). Own COSMECCA (the ODM) not SILICON2 (the reseller) for K-beauty
  SILICON2  2026-08-07  ( +15d)  2Q26 print — the AVOID/short INVERT-trigger
DETFIRE|catalyst|COSMECCA|MED|Q2 print (in 23d) — OPM + segment mix; RPT note + clean FCF (both were UNVERIFIABLE pre-size)
  COSMECCA  2026-08-15  ( +23d)  Q2 print
DETFIRE|catalyst|TBCG.L|MED|Q2 print + geopol de-risk watch (MEGOBARI Senate / Moody's outlook / EU-US thaw) (in 23d) — add toward ~3% on: MEGOBARI dies in Senate | Moody's NEG->STABLE | EU-US thaw | non-tail dislocation <=GBp4000. TAIL-KILL (EXIT not add): any Georgian bank named OFAC / USD-correspondent curtailment
  TBCG.L    2026-08-15  ( +23d)  Q2 print + geopol de-risk watch (MEGOBARI Senate / Moody's outlook / EU-US thaw)
DETFIRE|catalyst|CPRI|MED|Q1 FY2027 earnings — first test of management's FY2027 guidance (return to low-single-digit revenue growth to ~$3.525B a (in 23d) — Michael Kors prints a flat-to-positive constant-currency comp (currently -8.4%) — i.e., the guided FY2027 revenue inflection becomes realized rather than promised. That converts a margin-recovery-only
  CPRI      2026-08-15  ( +23d)  Q1 FY2027 earnings — first test of management's FY2027 guidance (return to low-single-digit revenue growth to ~$3.525B a
DETFIRE|catalyst|FOUR|MED|Q2 2026 earnings — first fully-clean quarter with Global Blue integrated: proof the acquisition is gross-profit/EPS accr (in 23d) — Q2 print shows Global Blue is GAAP-EPS/FCF accretive AND net leverage starts declining toward ~3x while organic end-to-end volume growth holds >=20% — i.e., the EPS/FCF inflection materializes. If lev
  FOUR      2026-08-15  ( +23d)  Q2 2026 earnings — first fully-clean quarter with Global Blue integrated: proof the acquisition is gross-profit/EPS accr
DETFIRE|catalyst|TPB|MED|Modern-oral (FRE nicotine pouch) margin inflection — the guided 2026 ramp to $180-190M net revenue / $220-240M gross con (in 23d) — Q2/Q3 2026 prints showing consolidated adjusted EBITDA margin troughing and re-inflecting WHILE modern-oral tracks the $180-190M net-revenue trajectory (proof the SG&A investment converts to profit/op
  TPB       2026-08-15  ( +23d)  Modern-oral (FRE nicotine pouch) margin inflection — the guided 2026 ramp to $180-190M net revenue / $220-240M gross con
DETFIRE|catalyst|WEN|MED|Q2 2026 earnings — first full quarter under newly installed CEO Bob Wright (5/21/26) and CFO Steve Cirulis (6/23/26), th (in 23d) — US same-store sales sequentially inflect — the −7.8% comp turning materially less negative toward flat with TRAFFIC (not just price/mix) stabilizing — confirming Project Fresh is working, while adj. E
  WEN       2026-08-15  ( +23d)  Q2 2026 earnings — first full quarter under newly installed CEO Bob Wright (5/21/26) and CFO Steve Cirulis (6/23/26), th
DETFIRE|catalyst|CRM|MED|Q2 FY2027 earnings print — the test of whether Agentforce/Data Cloud + Informatica re-accelerate total subscription and  (in 23d) — cRPO / total subscription revenue growth re-accelerates back into double digits driven by Agentforce converting to net-new ARR, refuting the 'AI agents replace seats' bear thesis — at ~10x non-GAAP ea
  CRM       2026-08-15  ( +23d)  Q2 FY2027 earnings print — the test of whether Agentforce/Data Cloud + Informatica re-accelerate total subscription and 
DETFIRE|catalyst|HUBS|MED|Q2 FY2026 earnings — proof that AI/Breeze is a monetization tailwind (revenue growth holding, net revenue retention infl (in 23d) — Q2 2026 print confirming (a) revenue growth sustained at ~20%+ YoY, (b) net revenue retention inflecting back toward/above 100%, and (c) tangible Breeze AI monetization — i.e., AI demonstrably additiv
  HUBS      2026-08-15  ( +23d)  Q2 FY2026 earnings — proof that AI/Breeze is a monetization tailwind (revenue growth holding, net revenue retention infl
DETFIRE|catalyst|MNDY|MED|Q2 2026 earnings as the first hard read on the consumption-based pricing model + rearchitected AI Work Platform (One AI) (in 23d) — NDR stops declining and inflects up (110% turning higher) WITH consumption pricing demonstrably lifting ARPU / net-new ARR — i.e., evidence AI is net-accretive to monday's model, not eroding seats. Th
  MNDY      2026-08-15  ( +23d)  Q2 2026 earnings as the first hard read on the consumption-based pricing model + rearchitected AI Work Platform (One AI)
DETFIRE|catalyst|TTD|MED|Q2 2026 earnings — first clean print after the Kokai platform migration and late-2024 sales reorg complete; management s (in 23d) — Revenue-growth deceleration ENDS: Q2/Q3 2026 YoY growth stops the 25->19->18->14->12 slide and stabilizes/re-accelerates to mid-teens, with spend-per-existing-client / net retention re-expanding — i.e
  TTD       2026-08-15  ( +23d)  Q2 2026 earnings — first clean print after the Kokai platform migration and late-2024 sales reorg complete; management s
DETFIRE|catalyst|GAP|MED|Q2 FY2026 earnings — Section-122 tariff relief (~$80M, ~50bps margin) lands in Q2/Q3 and the test of whether Old Navy's  (in 23d) — Old Navy comparable sales re-accelerate above ~3-4% (core >50%-of-revenue engine reaccelerating), confirming the turnaround is top-line AND margin rather than margin-only
  GAP       2026-08-15  ( +23d)  Q2 FY2026 earnings — Section-122 tariff relief (~$80M, ~50bps margin) lands in Q2/Q3 and the test of whether Old Navy's 
DETFIRE|catalyst|INTU|MED|Q4/full-year FY2026 earnings with initial FY2027 guidance — first management read on whether AI is eroding TurboTax/Cons (in 28d) — FY2027 guidance / next tax-season data showing TurboTax + Consumer-segment growth holding double-digit with stable-or-growing filer counts (no AI-driven filer defection), falsifying the structural-ero
  INTU      2026-08-20  ( +28d)  Q4/full-year FY2026 earnings with initial FY2027 guidance — first management read on whether AI is eroding TurboTax/Cons
DETFIRE|catalyst|INSP|MED|AMA CPT panel (Cat-I code decision) (in 54d) — panel outcome; Cat-I = re-rate, status-quo = bear extends
  INSP      2026-09-15  ( +54d)  AMA CPT panel (Cat-I code decision)
DETFIRE|catalyst|RH|MED|Margin inflection from the international gallery ramp (currently a quantified -270bps drag) turning to contribution plus (in 54d) — Q2/H2 FY2026 prints confirm adjusted EBITDA margin re-expanding into the 14-16% guide with FCF tracking $300-400M AND net debt stepping down — i.e., the margin recovery is real operating leverage, not
  RH        2026-09-15  ( +54d)  Margin inflection from the international gallery ramp (currently a quantified -270bps drag) turning to contribution plus
DETFIRE|catalyst|PATH|MED|Q2 FY2027 earnings print — proof that agentic automation (Maestro/agent orchestration) converts pilot-to-production into (in 54d) — Net-new ARR re-accelerates and net-retention inflects up (NRR back above ~112% with ARR growth re-accelerating toward mid-to-high teens), evidencing agentic seats converting to paid production and OFF
  PATH      2026-09-15  ( +54d)  Q2 FY2027 earnings print — proof that agentic automation (Maestro/agent orchestration) converts pilot-to-production into
DETFIRE|catalyst|S|MED|Q2 FY27 earnings — confirmation that the Q1 net-new-ARR reacceleration (+55% YoY) is durable rather than an easy-comp ar (in 54d) — A second consecutive quarter of accelerating net-new ARR that pulls reported revenue growth back ABOVE the ~20% guide, accompanied by an upward FY27 revenue-guide revision and a narrowing GAAP operati
  S         2026-09-15  ( +54d)  Q2 FY27 earnings — confirmation that the Q1 net-new-ARR reacceleration (+55% YoY) is durable rather than an easy-comp ar
DETFIRE|catalyst|SSRM|MED|Sale of the 80% Copler (Turkey) stake for $1.5B cash — definitive SPA signed 2026-03-24 — which removes the post-disaste (in 54d) — Copler $1.5B sale closes clean in Q3 2026 (full cash, no price cut) AND the market hands a pullback from the current near-52-week-high (~$28.5; 52w high $36.5) back toward the low-$20s, so you enter a
  SSRM      2026-09-15  ( +54d)  Sale of the 80% Copler (Turkey) stake for $1.5B cash — definitive SPA signed 2026-03-24 — which removes the post-disaste
  EOLS      2026-09-29  ( +68d)  Section 232 Korea tariff EFFECTIVE (15% Jeuveau)
  WING      2026-10-15  ( +84d)  Return to positive US same-store sales — management guides an inflection back to growth in 2H 2026, first confirmable in
  KER.PA    2026-10-21  ( +90d)  Q3-2026 print: Gucci comp inflection under Demna (H2 sell-through)
  BRBY.L    2026-11-15  (+115d)  H1 FY2027 interim results — the proof the FY26 inflection is durable: continued positive comps (China/Americas not relap
  GO        2026-11-15  (+115d)  Comparable-store-sales inflection to positive in 2H FY2026 under new CEO Jason Potter's operational reset (36 underperfo
  RBLX      2026-11-15  (+115d)  Q3 2026 earnings print confirming DAU re-acceleration as the Jan-2026 age-check (facial-age-estimation for chat) frictio
  LULU      2026-12-15  (+145d)  Activist cooperation agreement (founder Chip Wilson) installing new directors Marc Maurer (ex-On Running co-CEO) and Lau
  BODI      2026-12-15  (+145d)  National retail-nutrition distribution rollout: Shakeology into 80+ Sprouts and 640+ Vitamin Shoppe stores (plus P90X su
  BOOK      2026-12-31  (+161d)  Tax-loss-harvest deadline (2026 gain needs 2026 losses)
  UKRAIN-StepUp-B 2026-12-31  (+161d)  Ukraine ceasefire-durability / security-guarantee watch (upsize variable)
  LVS       2027-12-15  (+510d)  Completion of The Venetian Macau renovation, gating management's $700M/quarter Macau EBITDA target (vs $633M now)


===== 2026-07-24 08:30 (desk) =====
=== CATALYST WATCH 2026-07-24 (window 60d) ===
DETFIRE|catalyst|BAH|HIGH|FY27 Q1 print (quarter ended Jun-2026) (in 4d) — funded backlog + quarterly book-to-bill turning positive = troughing confirmed
  BAH       2026-07-28  (  +4d)  FY27 Q1 print (quarter ended Jun-2026)
DETFIRE|catalyst|SILICON2|HIGH|2Q26 print — the AVOID/short INVERT-trigger (in 14d) — INVERT to LONG only if YoY re-accel >45% + Europe inflects + OM recovers >17%; else AVOID holds. Reaching ₩18-22k band = 2nd-leg-down target reached (cover/informational, NOT a buy). Own COSMECCA (the ODM) not SILICON2 (the reseller) for K-beauty
  SILICON2  2026-08-07  ( +14d)  2Q26 print — the AVOID/short INVERT-trigger
DETFIRE|catalyst|COSMECCA|MED|Q2 print (in 22d) — OPM + segment mix; RPT note + clean FCF (both were UNVERIFIABLE pre-size)
  COSMECCA  2026-08-15  ( +22d)  Q2 print
DETFIRE|catalyst|TBCG.L|MED|Q2 print + geopol de-risk watch (MEGOBARI Senate / Moody's outlook / EU-US thaw) (in 22d) — add toward ~3% on: MEGOBARI dies in Senate | Moody's NEG->STABLE | EU-US thaw | non-tail dislocation <=GBp4000. TAIL-KILL (EXIT not add): any Georgian bank named OFAC / USD-correspondent curtailment
  TBCG.L    2026-08-15  ( +22d)  Q2 print + geopol de-risk watch (MEGOBARI Senate / Moody's outlook / EU-US thaw)
DETFIRE|catalyst|CPRI|MED|Q1 FY2027 earnings — first test of management's FY2027 guidance (return to low-single-digit revenue growth to ~$3.525B a (in 22d) — Michael Kors prints a flat-to-positive constant-currency comp (currently -8.4%) — i.e., the guided FY2027 revenue inflection becomes realized rather than promised. That converts a margin-recovery-only
  CPRI      2026-08-15  ( +22d)  Q1 FY2027 earnings — first test of management's FY2027 guidance (return to low-single-digit revenue growth to ~$3.525B a
DETFIRE|catalyst|FOUR|MED|Q2 2026 earnings — first fully-clean quarter with Global Blue integrated: proof the acquisition is gross-profit/EPS accr (in 22d) — Q2 print shows Global Blue is GAAP-EPS/FCF accretive AND net leverage starts declining toward ~3x while organic end-to-end volume growth holds >=20% — i.e., the EPS/FCF inflection materializes. If lev
  FOUR      2026-08-15  ( +22d)  Q2 2026 earnings — first fully-clean quarter with Global Blue integrated: proof the acquisition is gross-profit/EPS accr
DETFIRE|catalyst|TPB|MED|Modern-oral (FRE nicotine pouch) margin inflection — the guided 2026 ramp to $180-190M net revenue / $220-240M gross con (in 22d) — Q2/Q3 2026 prints showing consolidated adjusted EBITDA margin troughing and re-inflecting WHILE modern-oral tracks the $180-190M net-revenue trajectory (proof the SG&A investment converts to profit/op
  TPB       2026-08-15  ( +22d)  Modern-oral (FRE nicotine pouch) margin inflection — the guided 2026 ramp to $180-190M net revenue / $220-240M gross con
DETFIRE|catalyst|WEN|MED|Q2 2026 earnings — first full quarter under newly installed CEO Bob Wright (5/21/26) and CFO Steve Cirulis (6/23/26), th (in 22d) — US same-store sales sequentially inflect — the −7.8% comp turning materially less negative toward flat with TRAFFIC (not just price/mix) stabilizing — confirming Project Fresh is working, while adj. E
  WEN       2026-08-15  ( +22d)  Q2 2026 earnings — first full quarter under newly installed CEO Bob Wright (5/21/26) and CFO Steve Cirulis (6/23/26), th
DETFIRE|catalyst|CRM|MED|Q2 FY2027 earnings print — the test of whether Agentforce/Data Cloud + Informatica re-accelerate total subscription and  (in 22d) — cRPO / total subscription revenue growth re-accelerates back into double digits driven by Agentforce converting to net-new ARR, refuting the 'AI agents replace seats' bear thesis — at ~10x non-GAAP ea
  CRM       2026-08-15  ( +22d)  Q2 FY2027 earnings print — the test of whether Agentforce/Data Cloud + Informatica re-accelerate total subscription and 
DETFIRE|catalyst|HUBS|MED|Q2 FY2026 earnings — proof that AI/Breeze is a monetization tailwind (revenue growth holding, net revenue retention infl (in 22d) — Q2 2026 print confirming (a) revenue growth sustained at ~20%+ YoY, (b) net revenue retention inflecting back toward/above 100%, and (c) tangible Breeze AI monetization — i.e., AI demonstrably additiv
  HUBS      2026-08-15  ( +22d)  Q2 FY2026 earnings — proof that AI/Breeze is a monetization tailwind (revenue growth holding, net revenue retention infl
DETFIRE|catalyst|MNDY|MED|Q2 2026 earnings as the first hard read on the consumption-based pricing model + rearchitected AI Work Platform (One AI) (in 22d) — NDR stops declining and inflects up (110% turning higher) WITH consumption pricing demonstrably lifting ARPU / net-new ARR — i.e., evidence AI is net-accretive to monday's model, not eroding seats. Th
  MNDY      2026-08-15  ( +22d)  Q2 2026 earnings as the first hard read on the consumption-based pricing model + rearchitected AI Work Platform (One AI)
DETFIRE|catalyst|TTD|MED|Q2 2026 earnings — first clean print after the Kokai platform migration and late-2024 sales reorg complete; management s (in 22d) — Revenue-growth deceleration ENDS: Q2/Q3 2026 YoY growth stops the 25->19->18->14->12 slide and stabilizes/re-accelerates to mid-teens, with spend-per-existing-client / net retention re-expanding — i.e
  TTD       2026-08-15  ( +22d)  Q2 2026 earnings — first clean print after the Kokai platform migration and late-2024 sales reorg complete; management s
DETFIRE|catalyst|GAP|MED|Q2 FY2026 earnings — Section-122 tariff relief (~$80M, ~50bps margin) lands in Q2/Q3 and the test of whether Old Navy's  (in 22d) — Old Navy comparable sales re-accelerate above ~3-4% (core >50%-of-revenue engine reaccelerating), confirming the turnaround is top-line AND margin rather than margin-only
  GAP       2026-08-15  ( +22d)  Q2 FY2026 earnings — Section-122 tariff relief (~$80M, ~50bps margin) lands in Q2/Q3 and the test of whether Old Navy's 
DETFIRE|catalyst|INTU|MED|Q4/full-year FY2026 earnings with initial FY2027 guidance — first management read on whether AI is eroding TurboTax/Cons (in 27d) — FY2027 guidance / next tax-season data showing TurboTax + Consumer-segment growth holding double-digit with stable-or-growing filer counts (no AI-driven filer defection), falsifying the structural-ero
  INTU      2026-08-20  ( +27d)  Q4/full-year FY2026 earnings with initial FY2027 guidance — first management read on whether AI is eroding TurboTax/Cons
DETFIRE|catalyst|INSP|MED|AMA CPT panel (Cat-I code decision) (in 53d) — panel outcome; Cat-I = re-rate, status-quo = bear extends
  INSP      2026-09-15  ( +53d)  AMA CPT panel (Cat-I code decision)
DETFIRE|catalyst|RH|MED|Margin inflection from the international gallery ramp (currently a quantified -270bps drag) turning to contribution plus (in 53d) — Q2/H2 FY2026 prints confirm adjusted EBITDA margin re-expanding into the 14-16% guide with FCF tracking $300-400M AND net debt stepping down — i.e., the margin recovery is real operating leverage, not
  RH        2026-09-15  ( +53d)  Margin inflection from the international gallery ramp (currently a quantified -270bps drag) turning to contribution plus
DETFIRE|catalyst|PATH|MED|Q2 FY2027 earnings print — proof that agentic automation (Maestro/agent orchestration) converts pilot-to-production into (in 53d) — Net-new ARR re-accelerates and net-retention inflects up (NRR back above ~112% with ARR growth re-accelerating toward mid-to-high teens), evidencing agentic seats converting to paid production and OFF
  PATH      2026-09-15  ( +53d)  Q2 FY2027 earnings print — proof that agentic automation (Maestro/agent orchestration) converts pilot-to-production into
DETFIRE|catalyst|S|MED|Q2 FY27 earnings — confirmation that the Q1 net-new-ARR reacceleration (+55% YoY) is durable rather than an easy-comp ar (in 53d) — A second consecutive quarter of accelerating net-new ARR that pulls reported revenue growth back ABOVE the ~20% guide, accompanied by an upward FY27 revenue-guide revision and a narrowing GAAP operati
  S         2026-09-15  ( +53d)  Q2 FY27 earnings — confirmation that the Q1 net-new-ARR reacceleration (+55% YoY) is durable rather than an easy-comp ar
DETFIRE|catalyst|SSRM|MED|Sale of the 80% Copler (Turkey) stake for $1.5B cash — definitive SPA signed 2026-03-24 — which removes the post-disaste (in 53d) — Copler $1.5B sale closes clean in Q3 2026 (full cash, no price cut) AND the market hands a pullback from the current near-52-week-high (~$28.5; 52w high $36.5) back toward the low-$20s, so you enter a
  SSRM      2026-09-15  ( +53d)  Sale of the 80% Copler (Turkey) stake for $1.5B cash — definitive SPA signed 2026-03-24 — which removes the post-disaste
  EOLS      2026-09-29  ( +67d)  Section 232 Korea tariff EFFECTIVE (15% Jeuveau)
  WING      2026-10-15  ( +83d)  Return to positive US same-store sales — management guides an inflection back to growth in 2H 2026, first confirmable in
  KER.PA    2026-10-21  ( +89d)  Q3-2026 print: Gucci comp inflection under Demna (H2 sell-through)
  BRBY.L    2026-11-15  (+114d)  H1 FY2027 interim results — the proof the FY26 inflection is durable: continued positive comps (China/Americas not relap
  GO        2026-11-15  (+114d)  Comparable-store-sales inflection to positive in 2H FY2026 under new CEO Jason Potter's operational reset (36 underperfo
  RBLX      2026-11-15  (+114d)  Q3 2026 earnings print confirming DAU re-acceleration as the Jan-2026 age-check (facial-age-estimation for chat) frictio
  LULU      2026-12-15  (+144d)  Activist cooperation agreement (founder Chip Wilson) installing new directors Marc Maurer (ex-On Running co-CEO) and Lau
  BODI      2026-12-15  (+144d)  National retail-nutrition distribution rollout: Shakeology into 80+ Sprouts and 640+ Vitamin Shoppe stores (plus P90X su
  BOOK      2026-12-31  (+160d)  Tax-loss-harvest deadline (2026 gain needs 2026 losses)
  UKRAIN-StepUp-B 2026-12-31  (+160d)  Ukraine ceasefire-durability / security-guarantee watch (upsize variable)
  LVS       2027-12-15  (+509d)  Completion of The Venetian Macau renovation, gating management's $700M/quarter Macau EBITDA target (vs $633M now)


===== 2026-07-27 09:56 (desk) =====
=== CATALYST WATCH 2026-07-27 (window 60d) ===
DETFIRE|catalyst|BAH|HIGH|FY27 Q1 print (quarter ended Jun-2026) (in 1d) — funded backlog + quarterly book-to-bill turning positive = troughing confirmed
  BAH       2026-07-28  (  +1d)  FY27 Q1 print (quarter ended Jun-2026)
DETFIRE|catalyst|REPL|HIGH|FDA ODAC advisory vote (late-July, exact date UNVERIFIED) -> PDUFA goal Aug-2; RP1+nivolumab accelerated approval, advanced melanoma (in 3d) — LEADING TRIPWIRE = FDA briefing documents posted ~2 biz days pre-AdCom (agency's own read, moves stock before the vote). Branch YES(approve): don't chase the gap, re-diligence ramp for a lower re-entry. Branch NO(CRL#3): don't catch the knife, ~$1.5-3 floor + distressed raise (observed Apr-2026 crash $5.90->$1.70). Verify exact ODAC date + voting question when Fed Register posts
  REPL      2026-07-30  (  +3d)  FDA ODAC advisory vote (late-July, exact date UNVERIFIED) -> PDUFA goal Aug-2; RP1+nivolumab accelerated approval, advanced melanoma
DETFIRE|catalyst|SILICON2|HIGH|2Q26 print — the AVOID/short INVERT-trigger (in 11d) — INVERT to LONG only if YoY re-accel >45% + Europe inflects + OM recovers >17%; else AVOID holds. Reaching ₩18-22k band = 2nd-leg-down target reached (cover/informational, NOT a buy). Own COSMECCA (the ODM) not SILICON2 (the reseller) for K-beauty
  SILICON2  2026-08-07  ( +11d)  2Q26 print — the AVOID/short INVERT-trigger
DETFIRE|catalyst|COSMECCA|HIGH|Q2 print (in 19d) — OPM + segment mix; RPT note + clean FCF (both were UNVERIFIABLE pre-size)
  COSMECCA  2026-08-15  ( +19d)  Q2 print
DETFIRE|catalyst|TBCG.L|HIGH|Q2 print + geopol de-risk watch (MEGOBARI Senate / Moody's outlook / EU-US thaw) (in 19d) — add toward ~3% on: MEGOBARI dies in Senate | Moody's NEG->STABLE | EU-US thaw | non-tail dislocation <=GBp4000. TAIL-KILL (EXIT not add): any Georgian bank named OFAC / USD-correspondent curtailment
  TBCG.L    2026-08-15  ( +19d)  Q2 print + geopol de-risk watch (MEGOBARI Senate / Moody's outlook / EU-US thaw)
DETFIRE|catalyst|CPRI|HIGH|Q1 FY2027 earnings — first test of management's FY2027 guidance (return to low-single-digit revenue growth to ~$3.525B a (in 19d) — Michael Kors prints a flat-to-positive constant-currency comp (currently -8.4%) — i.e., the guided FY2027 revenue inflection becomes realized rather than promised. That converts a margin-recovery-only
  CPRI      2026-08-15  ( +19d)  Q1 FY2027 earnings — first test of management's FY2027 guidance (return to low-single-digit revenue growth to ~$3.525B a
DETFIRE|catalyst|FOUR|HIGH|Q2 2026 earnings — first fully-clean quarter with Global Blue integrated: proof the acquisition is gross-profit/EPS accr (in 19d) — Q2 print shows Global Blue is GAAP-EPS/FCF accretive AND net leverage starts declining toward ~3x while organic end-to-end volume growth holds >=20% — i.e., the EPS/FCF inflection materializes. If lev
  FOUR      2026-08-15  ( +19d)  Q2 2026 earnings — first fully-clean quarter with Global Blue integrated: proof the acquisition is gross-profit/EPS accr
DETFIRE|catalyst|TPB|HIGH|Modern-oral (FRE nicotine pouch) margin inflection — the guided 2026 ramp to $180-190M net revenue / $220-240M gross con (in 19d) — Q2/Q3 2026 prints showing consolidated adjusted EBITDA margin troughing and re-inflecting WHILE modern-oral tracks the $180-190M net-revenue trajectory (proof the SG&A investment converts to profit/op
  TPB       2026-08-15  ( +19d)  Modern-oral (FRE nicotine pouch) margin inflection — the guided 2026 ramp to $180-190M net revenue / $220-240M gross con
DETFIRE|catalyst|WEN|HIGH|Q2 2026 earnings — first full quarter under newly installed CEO Bob Wright (5/21/26) and CFO Steve Cirulis (6/23/26), th (in 19d) — US same-store sales sequentially inflect — the −7.8% comp turning materially less negative toward flat with TRAFFIC (not just price/mix) stabilizing — confirming Project Fresh is working, while adj. E
  WEN       2026-08-15  ( +19d)  Q2 2026 earnings — first full quarter under newly installed CEO Bob Wright (5/21/26) and CFO Steve Cirulis (6/23/26), th
DETFIRE|catalyst|CRM|HIGH|Q2 FY2027 earnings print — the test of whether Agentforce/Data Cloud + Informatica re-accelerate total subscription and  (in 19d) — cRPO / total subscription revenue growth re-accelerates back into double digits driven by Agentforce converting to net-new ARR, refuting the 'AI agents replace seats' bear thesis — at ~10x non-GAAP ea
  CRM       2026-08-15  ( +19d)  Q2 FY2027 earnings print — the test of whether Agentforce/Data Cloud + Informatica re-accelerate total subscription and 
DETFIRE|catalyst|HUBS|HIGH|Q2 FY2026 earnings — proof that AI/Breeze is a monetization tailwind (revenue growth holding, net revenue retention infl (in 19d) — Q2 2026 print confirming (a) revenue growth sustained at ~20%+ YoY, (b) net revenue retention inflecting back toward/above 100%, and (c) tangible Breeze AI monetization — i.e., AI demonstrably additiv
  HUBS      2026-08-15  ( +19d)  Q2 FY2026 earnings — proof that AI/Breeze is a monetization tailwind (revenue growth holding, net revenue retention infl
DETFIRE|catalyst|MNDY|HIGH|Q2 2026 earnings as the first hard read on the consumption-based pricing model + rearchitected AI Work Platform (One AI) (in 19d) — NDR stops declining and inflects up (110% turning higher) WITH consumption pricing demonstrably lifting ARPU / net-new ARR — i.e., evidence AI is net-accretive to monday's model, not eroding seats. Th
  MNDY      2026-08-15  ( +19d)  Q2 2026 earnings as the first hard read on the consumption-based pricing model + rearchitected AI Work Platform (One AI)
DETFIRE|catalyst|TTD|HIGH|Q2 2026 earnings — first clean print after the Kokai platform migration and late-2024 sales reorg complete; management s (in 19d) — Revenue-growth deceleration ENDS: Q2/Q3 2026 YoY growth stops the 25->19->18->14->12 slide and stabilizes/re-accelerates to mid-teens, with spend-per-existing-client / net retention re-expanding — i.e
  TTD       2026-08-15  ( +19d)  Q2 2026 earnings — first clean print after the Kokai platform migration and late-2024 sales reorg complete; management s
DETFIRE|catalyst|GAP|HIGH|Q2 FY2026 earnings — Section-122 tariff relief (~$80M, ~50bps margin) lands in Q2/Q3 and the test of whether Old Navy's  (in 19d) — Old Navy comparable sales re-accelerate above ~3-4% (core >50%-of-revenue engine reaccelerating), confirming the turnaround is top-line AND margin rather than margin-only
  GAP       2026-08-15  ( +19d)  Q2 FY2026 earnings — Section-122 tariff relief (~$80M, ~50bps margin) lands in Q2/Q3 and the test of whether Old Navy's 
DETFIRE|catalyst|INTU|MED|Q4/full-year FY2026 earnings with initial FY2027 guidance — first management read on whether AI is eroding TurboTax/Cons (in 24d) — FY2027 guidance / next tax-season data showing TurboTax + Consumer-segment growth holding double-digit with stable-or-growing filer counts (no AI-driven filer defection), falsifying the structural-ero
  INTU      2026-08-20  ( +24d)  Q4/full-year FY2026 earnings with initial FY2027 guidance — first management read on whether AI is eroding TurboTax/Cons
DETFIRE|catalyst|INSP|MED|AMA CPT panel (Cat-I code decision) (in 50d) — panel outcome; Cat-I = re-rate, status-quo = bear extends
  INSP      2026-09-15  ( +50d)  AMA CPT panel (Cat-I code decision)
DETFIRE|catalyst|RH|MED|Margin inflection from the international gallery ramp (currently a quantified -270bps drag) turning to contribution plus (in 50d) — Q2/H2 FY2026 prints confirm adjusted EBITDA margin re-expanding into the 14-16% guide with FCF tracking $300-400M AND net debt stepping down — i.e., the margin recovery is real operating leverage, not
  RH        2026-09-15  ( +50d)  Margin inflection from the international gallery ramp (currently a quantified -270bps drag) turning to contribution plus
DETFIRE|catalyst|PATH|MED|Q2 FY2027 earnings print — proof that agentic automation (Maestro/agent orchestration) converts pilot-to-production into (in 50d) — Net-new ARR re-accelerates and net-retention inflects up (NRR back above ~112% with ARR growth re-accelerating toward mid-to-high teens), evidencing agentic seats converting to paid production and OFF
  PATH      2026-09-15  ( +50d)  Q2 FY2027 earnings print — proof that agentic automation (Maestro/agent orchestration) converts pilot-to-production into
DETFIRE|catalyst|S|MED|Q2 FY27 earnings — confirmation that the Q1 net-new-ARR reacceleration (+55% YoY) is durable rather than an easy-comp ar (in 50d) — A second consecutive quarter of accelerating net-new ARR that pulls reported revenue growth back ABOVE the ~20% guide, accompanied by an upward FY27 revenue-guide revision and a narrowing GAAP operati
  S         2026-09-15  ( +50d)  Q2 FY27 earnings — confirmation that the Q1 net-new-ARR reacceleration (+55% YoY) is durable rather than an easy-comp ar
DETFIRE|catalyst|SSRM|MED|Sale of the 80% Copler (Turkey) stake for $1.5B cash — definitive SPA signed 2026-03-24 — which removes the post-disaste (in 50d) — Copler $1.5B sale closes clean in Q3 2026 (full cash, no price cut) AND the market hands a pullback from the current near-52-week-high (~$28.5; 52w high $36.5) back toward the low-$20s, so you enter a
  SSRM      2026-09-15  ( +50d)  Sale of the 80% Copler (Turkey) stake for $1.5B cash — definitive SPA signed 2026-03-24 — which removes the post-disaste
  EOLS      2026-09-29  ( +64d)  Section 232 Korea tariff EFFECTIVE (15% Jeuveau)
  WING      2026-10-15  ( +80d)  Return to positive US same-store sales — management guides an inflection back to growth in 2H 2026, first confirmable in
  KER.PA    2026-10-21  ( +86d)  Q3-2026 print: Gucci comp inflection under Demna (H2 sell-through)
  BRBY.L    2026-11-15  (+111d)  H1 FY2027 interim results — the proof the FY26 inflection is durable: continued positive comps (China/Americas not relap
  GO        2026-11-15  (+111d)  Comparable-store-sales inflection to positive in 2H FY2026 under new CEO Jason Potter's operational reset (36 underperfo
  RBLX      2026-11-15  (+111d)  Q3 2026 earnings print confirming DAU re-acceleration as the Jan-2026 age-check (facial-age-estimation for chat) frictio
  LULU      2026-12-15  (+141d)  Activist cooperation agreement (founder Chip Wilson) installing new directors Marc Maurer (ex-On Running co-CEO) and Lau
  BODI      2026-12-15  (+141d)  National retail-nutrition distribution rollout: Shakeology into 80+ Sprouts and 640+ Vitamin Shoppe stores (plus P90X su
  BOOK      2026-12-31  (+157d)  Tax-loss-harvest deadline (2026 gain needs 2026 losses)
  UKRAIN-StepUp-B 2026-12-31  (+157d)  Ukraine ceasefire-durability / security-guarantee watch (upsize variable)
  LVS       2027-12-15  (+506d)  Completion of The Venetian Macau renovation, gating management's $700M/quarter Macau EBITDA target (vs $633M now)


===== 2026-07-28 07:45 (desk) =====
=== CATALYST WATCH 2026-07-28 (window 60d) ===
DETFIRE|catalyst|BAH|HIGH|FY27 Q1 print (quarter ended Jun-2026) (in 0d) — funded backlog + quarterly book-to-bill turning positive = troughing confirmed
  BAH       2026-07-28  (  +0d)  FY27 Q1 print (quarter ended Jun-2026)
DETFIRE|catalyst|REPL|HIGH|FDA ODAC advisory vote (late-July, exact date UNVERIFIED) -> PDUFA goal Aug-2; RP1+nivolumab accelerated approval, advanced melanoma (in 2d) — LEADING TRIPWIRE = FDA briefing documents posted ~2 biz days pre-AdCom (agency's own read, moves stock before the vote). Branch YES(approve): don't chase the gap, re-diligence ramp for a lower re-entry. Branch NO(CRL#3): don't catch the knife, ~$1.5-3 floor + distressed raise (observed Apr-2026 crash $5.90->$1.70). Verify exact ODAC date + voting question when Fed Register posts
  REPL      2026-07-30  (  +2d)  FDA ODAC advisory vote (late-July, exact date UNVERIFIED) -> PDUFA goal Aug-2; RP1+nivolumab accelerated approval, advanced melanoma
DETFIRE|catalyst|SILICON2|HIGH|2Q26 print — the AVOID/short INVERT-trigger (in 10d) — INVERT to LONG only if YoY re-accel >45% + Europe inflects + OM recovers >17%; else AVOID holds. Reaching ₩18-22k band = 2nd-leg-down target reached (cover/informational, NOT a buy). Own COSMECCA (the ODM) not SILICON2 (the reseller) for K-beauty
  SILICON2  2026-08-07  ( +10d)  2Q26 print — the AVOID/short INVERT-trigger
DETFIRE|catalyst|COSMECCA|HIGH|Q2 print (in 18d) — OPM + segment mix; RPT note + clean FCF (both were UNVERIFIABLE pre-size)
  COSMECCA  2026-08-15  ( +18d)  Q2 print
DETFIRE|catalyst|TBCG.L|HIGH|Q2 print + geopol de-risk watch (MEGOBARI Senate / Moody's outlook / EU-US thaw) (in 18d) — add toward ~3% on: MEGOBARI dies in Senate | Moody's NEG->STABLE | EU-US thaw | non-tail dislocation <=GBp4000. TAIL-KILL (EXIT not add): any Georgian bank named OFAC / USD-correspondent curtailment
  TBCG.L    2026-08-15  ( +18d)  Q2 print + geopol de-risk watch (MEGOBARI Senate / Moody's outlook / EU-US thaw)
DETFIRE|catalyst|CPRI|HIGH|Q1 FY2027 earnings — first test of management's FY2027 guidance (return to low-single-digit revenue growth to ~$3.525B a (in 18d) — Michael Kors prints a flat-to-positive constant-currency comp (currently -8.4%) — i.e., the guided FY2027 revenue inflection becomes realized rather than promised. That converts a margin-recovery-only
  CPRI      2026-08-15  ( +18d)  Q1 FY2027 earnings — first test of management's FY2027 guidance (return to low-single-digit revenue growth to ~$3.525B a
DETFIRE|catalyst|FOUR|HIGH|Q2 2026 earnings — first fully-clean quarter with Global Blue integrated: proof the acquisition is gross-profit/EPS accr (in 18d) — Q2 print shows Global Blue is GAAP-EPS/FCF accretive AND net leverage starts declining toward ~3x while organic end-to-end volume growth holds >=20% — i.e., the EPS/FCF inflection materializes. If lev
  FOUR      2026-08-15  ( +18d)  Q2 2026 earnings — first fully-clean quarter with Global Blue integrated: proof the acquisition is gross-profit/EPS accr
DETFIRE|catalyst|TPB|HIGH|Modern-oral (FRE nicotine pouch) margin inflection — the guided 2026 ramp to $180-190M net revenue / $220-240M gross con (in 18d) — Q2/Q3 2026 prints showing consolidated adjusted EBITDA margin troughing and re-inflecting WHILE modern-oral tracks the $180-190M net-revenue trajectory (proof the SG&A investment converts to profit/op
  TPB       2026-08-15  ( +18d)  Modern-oral (FRE nicotine pouch) margin inflection — the guided 2026 ramp to $180-190M net revenue / $220-240M gross con
DETFIRE|catalyst|WEN|HIGH|Q2 2026 earnings — first full quarter under newly installed CEO Bob Wright (5/21/26) and CFO Steve Cirulis (6/23/26), th (in 18d) — US same-store sales sequentially inflect — the −7.8% comp turning materially less negative toward flat with TRAFFIC (not just price/mix) stabilizing — confirming Project Fresh is working, while adj. E
  WEN       2026-08-15  ( +18d)  Q2 2026 earnings — first full quarter under newly installed CEO Bob Wright (5/21/26) and CFO Steve Cirulis (6/23/26), th
DETFIRE|catalyst|CRM|HIGH|Q2 FY2027 earnings print — the test of whether Agentforce/Data Cloud + Informatica re-accelerate total subscription and  (in 18d) — cRPO / total subscription revenue growth re-accelerates back into double digits driven by Agentforce converting to net-new ARR, refuting the 'AI agents replace seats' bear thesis — at ~10x non-GAAP ea
  CRM       2026-08-15  ( +18d)  Q2 FY2027 earnings print — the test of whether Agentforce/Data Cloud + Informatica re-accelerate total subscription and 
DETFIRE|catalyst|HUBS|HIGH|Q2 FY2026 earnings — proof that AI/Breeze is a monetization tailwind (revenue growth holding, net revenue retention infl (in 18d) — Q2 2026 print confirming (a) revenue growth sustained at ~20%+ YoY, (b) net revenue retention inflecting back toward/above 100%, and (c) tangible Breeze AI monetization — i.e., AI demonstrably additiv
  HUBS      2026-08-15  ( +18d)  Q2 FY2026 earnings — proof that AI/Breeze is a monetization tailwind (revenue growth holding, net revenue retention infl
DETFIRE|catalyst|MNDY|HIGH|Q2 2026 earnings as the first hard read on the consumption-based pricing model + rearchitected AI Work Platform (One AI) (in 18d) — NDR stops declining and inflects up (110% turning higher) WITH consumption pricing demonstrably lifting ARPU / net-new ARR — i.e., evidence AI is net-accretive to monday's model, not eroding seats. Th
  MNDY      2026-08-15  ( +18d)  Q2 2026 earnings as the first hard read on the consumption-based pricing model + rearchitected AI Work Platform (One AI)
DETFIRE|catalyst|TTD|HIGH|Q2 2026 earnings — first clean print after the Kokai platform migration and late-2024 sales reorg complete; management s (in 18d) — Revenue-growth deceleration ENDS: Q2/Q3 2026 YoY growth stops the 25->19->18->14->12 slide and stabilizes/re-accelerates to mid-teens, with spend-per-existing-client / net retention re-expanding — i.e
  TTD       2026-08-15  ( +18d)  Q2 2026 earnings — first clean print after the Kokai platform migration and late-2024 sales reorg complete; management s
DETFIRE|catalyst|GAP|HIGH|Q2 FY2026 earnings — Section-122 tariff relief (~$80M, ~50bps margin) lands in Q2/Q3 and the test of whether Old Navy's  (in 18d) — Old Navy comparable sales re-accelerate above ~3-4% (core >50%-of-revenue engine reaccelerating), confirming the turnaround is top-line AND margin rather than margin-only
  GAP       2026-08-15  ( +18d)  Q2 FY2026 earnings — Section-122 tariff relief (~$80M, ~50bps margin) lands in Q2/Q3 and the test of whether Old Navy's 
DETFIRE|catalyst|INTU|MED|Q4/full-year FY2026 earnings with initial FY2027 guidance — first management read on whether AI is eroding TurboTax/Cons (in 23d) — FY2027 guidance / next tax-season data showing TurboTax + Consumer-segment growth holding double-digit with stable-or-growing filer counts (no AI-driven filer defection), falsifying the structural-ero
  INTU      2026-08-20  ( +23d)  Q4/full-year FY2026 earnings with initial FY2027 guidance — first management read on whether AI is eroding TurboTax/Cons
DETFIRE|catalyst|INSP|MED|AMA CPT panel (Cat-I code decision) (in 49d) — panel outcome; Cat-I = re-rate, status-quo = bear extends
  INSP      2026-09-15  ( +49d)  AMA CPT panel (Cat-I code decision)
DETFIRE|catalyst|RH|MED|Margin inflection from the international gallery ramp (currently a quantified -270bps drag) turning to contribution plus (in 49d) — Q2/H2 FY2026 prints confirm adjusted EBITDA margin re-expanding into the 14-16% guide with FCF tracking $300-400M AND net debt stepping down — i.e., the margin recovery is real operating leverage, not
  RH        2026-09-15  ( +49d)  Margin inflection from the international gallery ramp (currently a quantified -270bps drag) turning to contribution plus
DETFIRE|catalyst|PATH|MED|Q2 FY2027 earnings print — proof that agentic automation (Maestro/agent orchestration) converts pilot-to-production into (in 49d) — Net-new ARR re-accelerates and net-retention inflects up (NRR back above ~112% with ARR growth re-accelerating toward mid-to-high teens), evidencing agentic seats converting to paid production and OFF
  PATH      2026-09-15  ( +49d)  Q2 FY2027 earnings print — proof that agentic automation (Maestro/agent orchestration) converts pilot-to-production into
DETFIRE|catalyst|S|MED|Q2 FY27 earnings — confirmation that the Q1 net-new-ARR reacceleration (+55% YoY) is durable rather than an easy-comp ar (in 49d) — A second consecutive quarter of accelerating net-new ARR that pulls reported revenue growth back ABOVE the ~20% guide, accompanied by an upward FY27 revenue-guide revision and a narrowing GAAP operati
  S         2026-09-15  ( +49d)  Q2 FY27 earnings — confirmation that the Q1 net-new-ARR reacceleration (+55% YoY) is durable rather than an easy-comp ar
DETFIRE|catalyst|SSRM|MED|Sale of the 80% Copler (Turkey) stake for $1.5B cash — definitive SPA signed 2026-03-24 — which removes the post-disaste (in 49d) — Copler $1.5B sale closes clean in Q3 2026 (full cash, no price cut) AND the market hands a pullback from the current near-52-week-high (~$28.5; 52w high $36.5) back toward the low-$20s, so you enter a
  SSRM      2026-09-15  ( +49d)  Sale of the 80% Copler (Turkey) stake for $1.5B cash — definitive SPA signed 2026-03-24 — which removes the post-disaste
  EOLS      2026-09-29  ( +63d)  Section 232 Korea tariff EFFECTIVE (15% Jeuveau)
  WING      2026-10-15  ( +79d)  Return to positive US same-store sales — management guides an inflection back to growth in 2H 2026, first confirmable in
  KER.PA    2026-10-21  ( +85d)  Q3-2026 print: Gucci comp inflection under Demna (H2 sell-through)
  BRBY.L    2026-11-15  (+110d)  H1 FY2027 interim results — the proof the FY26 inflection is durable: continued positive comps (China/Americas not relap
  GO        2026-11-15  (+110d)  Comparable-store-sales inflection to positive in 2H FY2026 under new CEO Jason Potter's operational reset (36 underperfo
  RBLX      2026-11-15  (+110d)  Q3 2026 earnings print confirming DAU re-acceleration as the Jan-2026 age-check (facial-age-estimation for chat) frictio
  LULU      2026-12-15  (+140d)  Activist cooperation agreement (founder Chip Wilson) installing new directors Marc Maurer (ex-On Running co-CEO) and Lau
  BODI      2026-12-15  (+140d)  National retail-nutrition distribution rollout: Shakeology into 80+ Sprouts and 640+ Vitamin Shoppe stores (plus P90X su
  BOOK      2026-12-31  (+156d)  Tax-loss-harvest deadline (2026 gain needs 2026 losses)
  UKRAIN-StepUp-B 2026-12-31  (+156d)  Ukraine ceasefire-durability / security-guarantee watch (upsize variable)
  LVS       2027-12-15  (+505d)  Completion of The Venetian Macau renovation, gating management's $700M/quarter Macau EBITDA target (vs $633M now)


===== 2026-07-29 08:44 (desk) =====
=== CATALYST WATCH 2026-07-29 (window 60d) ===
DETFIRE|catalyst|BAH|HIGH|FY27 Q1 print (quarter ended Jun-2026) (1d AGO (resolve)) — funded backlog + quarterly book-to-bill turning positive = troughing confirmed
  BAH       2026-07-28  (  -1d)  FY27 Q1 print (quarter ended Jun-2026)
DETFIRE|catalyst|REPL|HIGH|FDA ODAC advisory vote (late-July, exact date UNVERIFIED) -> PDUFA goal Aug-2; RP1+nivolumab accelerated approval, advanced melanoma (in 1d) — LEADING TRIPWIRE = FDA briefing documents posted ~2 biz days pre-AdCom (agency's own read, moves stock before the vote). Branch YES(approve): don't chase the gap, re-diligence ramp for a lower re-entry. Branch NO(CRL#3): don't catch the knife, ~$1.5-3 floor + distressed raise (observed Apr-2026 crash $5.90->$1.70). Verify exact ODAC date + voting question when Fed Register posts
  REPL      2026-07-30  (  +1d)  FDA ODAC advisory vote (late-July, exact date UNVERIFIED) -> PDUFA goal Aug-2; RP1+nivolumab accelerated approval, advanced melanoma
DETFIRE|catalyst|SILICON2|HIGH|2Q26 print — the AVOID/short INVERT-trigger (in 9d) — INVERT to LONG only if YoY re-accel >45% + Europe inflects + OM recovers >17%; else AVOID holds. Reaching ₩18-22k band = 2nd-leg-down target reached (cover/informational, NOT a buy). Own COSMECCA (the ODM) not SILICON2 (the reseller) for K-beauty
  SILICON2  2026-08-07  (  +9d)  2Q26 print — the AVOID/short INVERT-trigger
DETFIRE|catalyst|COSMECCA|HIGH|Q2 print (in 17d) — OPM + segment mix; RPT note + clean FCF (both were UNVERIFIABLE pre-size)
  COSMECCA  2026-08-15  ( +17d)  Q2 print
DETFIRE|catalyst|TBCG.L|HIGH|Q2 print + geopol de-risk watch (MEGOBARI Senate / Moody's outlook / EU-US thaw) (in 17d) — add toward ~3% on: MEGOBARI dies in Senate | Moody's NEG->STABLE | EU-US thaw | non-tail dislocation <=GBp4000. TAIL-KILL (EXIT not add): any Georgian bank named OFAC / USD-correspondent curtailment
  TBCG.L    2026-08-15  ( +17d)  Q2 print + geopol de-risk watch (MEGOBARI Senate / Moody's outlook / EU-US thaw)
DETFIRE|catalyst|CPRI|HIGH|Q1 FY2027 earnings — first test of management's FY2027 guidance (return to low-single-digit revenue growth to ~$3.525B a (in 17d) — Michael Kors prints a flat-to-positive constant-currency comp (currently -8.4%) — i.e., the guided FY2027 revenue inflection becomes realized rather than promised. That converts a margin-recovery-only
  CPRI      2026-08-15  ( +17d)  Q1 FY2027 earnings — first test of management's FY2027 guidance (return to low-single-digit revenue growth to ~$3.525B a
DETFIRE|catalyst|FOUR|HIGH|Q2 2026 earnings — first fully-clean quarter with Global Blue integrated: proof the acquisition is gross-profit/EPS accr (in 17d) — Q2 print shows Global Blue is GAAP-EPS/FCF accretive AND net leverage starts declining toward ~3x while organic end-to-end volume growth holds >=20% — i.e., the EPS/FCF inflection materializes. If lev
  FOUR      2026-08-15  ( +17d)  Q2 2026 earnings — first fully-clean quarter with Global Blue integrated: proof the acquisition is gross-profit/EPS accr
DETFIRE|catalyst|TPB|HIGH|Modern-oral (FRE nicotine pouch) margin inflection — the guided 2026 ramp to $180-190M net revenue / $220-240M gross con (in 17d) — Q2/Q3 2026 prints showing consolidated adjusted EBITDA margin troughing and re-inflecting WHILE modern-oral tracks the $180-190M net-revenue trajectory (proof the SG&A investment converts to profit/op
  TPB       2026-08-15  ( +17d)  Modern-oral (FRE nicotine pouch) margin inflection — the guided 2026 ramp to $180-190M net revenue / $220-240M gross con
DETFIRE|catalyst|WEN|HIGH|Q2 2026 earnings — first full quarter under newly installed CEO Bob Wright (5/21/26) and CFO Steve Cirulis (6/23/26), th (in 17d) — US same-store sales sequentially inflect — the −7.8% comp turning materially less negative toward flat with TRAFFIC (not just price/mix) stabilizing — confirming Project Fresh is working, while adj. E
  WEN       2026-08-15  ( +17d)  Q2 2026 earnings — first full quarter under newly installed CEO Bob Wright (5/21/26) and CFO Steve Cirulis (6/23/26), th
DETFIRE|catalyst|CRM|HIGH|Q2 FY2027 earnings print — the test of whether Agentforce/Data Cloud + Informatica re-accelerate total subscription and  (in 17d) — cRPO / total subscription revenue growth re-accelerates back into double digits driven by Agentforce converting to net-new ARR, refuting the 'AI agents replace seats' bear thesis — at ~10x non-GAAP ea
  CRM       2026-08-15  ( +17d)  Q2 FY2027 earnings print — the test of whether Agentforce/Data Cloud + Informatica re-accelerate total subscription and 
DETFIRE|catalyst|HUBS|HIGH|Q2 FY2026 earnings — proof that AI/Breeze is a monetization tailwind (revenue growth holding, net revenue retention infl (in 17d) — Q2 2026 print confirming (a) revenue growth sustained at ~20%+ YoY, (b) net revenue retention inflecting back toward/above 100%, and (c) tangible Breeze AI monetization — i.e., AI demonstrably additiv
  HUBS      2026-08-15  ( +17d)  Q2 FY2026 earnings — proof that AI/Breeze is a monetization tailwind (revenue growth holding, net revenue retention infl
DETFIRE|catalyst|MNDY|HIGH|Q2 2026 earnings as the first hard read on the consumption-based pricing model + rearchitected AI Work Platform (One AI) (in 17d) — NDR stops declining and inflects up (110% turning higher) WITH consumption pricing demonstrably lifting ARPU / net-new ARR — i.e., evidence AI is net-accretive to monday's model, not eroding seats. Th
  MNDY      2026-08-15  ( +17d)  Q2 2026 earnings as the first hard read on the consumption-based pricing model + rearchitected AI Work Platform (One AI)
DETFIRE|catalyst|TTD|HIGH|Q2 2026 earnings — first clean print after the Kokai platform migration and late-2024 sales reorg complete; management s (in 17d) — Revenue-growth deceleration ENDS: Q2/Q3 2026 YoY growth stops the 25->19->18->14->12 slide and stabilizes/re-accelerates to mid-teens, with spend-per-existing-client / net retention re-expanding — i.e
  TTD       2026-08-15  ( +17d)  Q2 2026 earnings — first clean print after the Kokai platform migration and late-2024 sales reorg complete; management s
DETFIRE|catalyst|GAP|HIGH|Q2 FY2026 earnings — Section-122 tariff relief (~$80M, ~50bps margin) lands in Q2/Q3 and the test of whether Old Navy's  (in 17d) — Old Navy comparable sales re-accelerate above ~3-4% (core >50%-of-revenue engine reaccelerating), confirming the turnaround is top-line AND margin rather than margin-only
  GAP       2026-08-15  ( +17d)  Q2 FY2026 earnings — Section-122 tariff relief (~$80M, ~50bps margin) lands in Q2/Q3 and the test of whether Old Navy's 
DETFIRE|catalyst|INTU|MED|Q4/full-year FY2026 earnings with initial FY2027 guidance — first management read on whether AI is eroding TurboTax/Cons (in 22d) — FY2027 guidance / next tax-season data showing TurboTax + Consumer-segment growth holding double-digit with stable-or-growing filer counts (no AI-driven filer defection), falsifying the structural-ero
  INTU      2026-08-20  ( +22d)  Q4/full-year FY2026 earnings with initial FY2027 guidance — first management read on whether AI is eroding TurboTax/Cons
DETFIRE|catalyst|INSP|MED|AMA CPT panel (Cat-I code decision) (in 48d) — panel outcome; Cat-I = re-rate, status-quo = bear extends
  INSP      2026-09-15  ( +48d)  AMA CPT panel (Cat-I code decision)
DETFIRE|catalyst|RH|MED|Margin inflection from the international gallery ramp (currently a quantified -270bps drag) turning to contribution plus (in 48d) — Q2/H2 FY2026 prints confirm adjusted EBITDA margin re-expanding into the 14-16% guide with FCF tracking $300-400M AND net debt stepping down — i.e., the margin recovery is real operating leverage, not
  RH        2026-09-15  ( +48d)  Margin inflection from the international gallery ramp (currently a quantified -270bps drag) turning to contribution plus
DETFIRE|catalyst|PATH|MED|Q2 FY2027 earnings print — proof that agentic automation (Maestro/agent orchestration) converts pilot-to-production into (in 48d) — Net-new ARR re-accelerates and net-retention inflects up (NRR back above ~112% with ARR growth re-accelerating toward mid-to-high teens), evidencing agentic seats converting to paid production and OFF
  PATH      2026-09-15  ( +48d)  Q2 FY2027 earnings print — proof that agentic automation (Maestro/agent orchestration) converts pilot-to-production into
DETFIRE|catalyst|S|MED|Q2 FY27 earnings — confirmation that the Q1 net-new-ARR reacceleration (+55% YoY) is durable rather than an easy-comp ar (in 48d) — A second consecutive quarter of accelerating net-new ARR that pulls reported revenue growth back ABOVE the ~20% guide, accompanied by an upward FY27 revenue-guide revision and a narrowing GAAP operati
  S         2026-09-15  ( +48d)  Q2 FY27 earnings — confirmation that the Q1 net-new-ARR reacceleration (+55% YoY) is durable rather than an easy-comp ar
DETFIRE|catalyst|SSRM|MED|Sale of the 80% Copler (Turkey) stake for $1.5B cash — definitive SPA signed 2026-03-24 — which removes the post-disaste (in 48d) — Copler $1.5B sale closes clean in Q3 2026 (full cash, no price cut) AND the market hands a pullback from the current near-52-week-high (~$28.5; 52w high $36.5) back toward the low-$20s, so you enter a
  SSRM      2026-09-15  ( +48d)  Sale of the 80% Copler (Turkey) stake for $1.5B cash — definitive SPA signed 2026-03-24 — which removes the post-disaste
  EOLS      2026-09-29  ( +62d)  Section 232 Korea tariff EFFECTIVE (15% Jeuveau)
  WING      2026-10-15  ( +78d)  Return to positive US same-store sales — management guides an inflection back to growth in 2H 2026, first confirmable in
  KER.PA    2026-10-21  ( +84d)  Q3-2026 print: Gucci comp inflection under Demna (H2 sell-through)
  BRBY.L    2026-11-15  (+109d)  H1 FY2027 interim results — the proof the FY26 inflection is durable: continued positive comps (China/Americas not relap
  GO        2026-11-15  (+109d)  Comparable-store-sales inflection to positive in 2H FY2026 under new CEO Jason Potter's operational reset (36 underperfo
  RBLX      2026-11-15  (+109d)  Q3 2026 earnings print confirming DAU re-acceleration as the Jan-2026 age-check (facial-age-estimation for chat) frictio
  LULU      2026-12-15  (+139d)  Activist cooperation agreement (founder Chip Wilson) installing new directors Marc Maurer (ex-On Running co-CEO) and Lau
  BODI      2026-12-15  (+139d)  National retail-nutrition distribution rollout: Shakeology into 80+ Sprouts and 640+ Vitamin Shoppe stores (plus P90X su
  BOOK      2026-12-31  (+155d)  Tax-loss-harvest deadline (2026 gain needs 2026 losses)
  UKRAIN-StepUp-B 2026-12-31  (+155d)  Ukraine ceasefire-durability / security-guarantee watch (upsize variable)
  LVS       2027-12-15  (+504d)  Completion of The Venetian Macau renovation, gating management's $700M/quarter Macau EBITDA target (vs $633M now)


===== 2026-07-30 09:44 (desk) =====
=== CATALYST WATCH 2026-07-30 (window 60d) ===
DETFIRE|catalyst|BAH|HIGH|FY27 Q1 print (quarter ended Jun-2026) (2d AGO (resolve)) — funded backlog + quarterly book-to-bill turning positive = troughing confirmed
  BAH       2026-07-28  (  -2d)  FY27 Q1 print (quarter ended Jun-2026)
DETFIRE|catalyst|REPL|HIGH|FDA ODAC advisory vote (late-July, exact date UNVERIFIED) -> PDUFA goal Aug-2; RP1+nivolumab accelerated approval, advanced melanoma (in 0d) — LEADING TRIPWIRE = FDA briefing documents posted ~2 biz days pre-AdCom (agency's own read, moves stock before the vote). Branch YES(approve): don't chase the gap, re-diligence ramp for a lower re-entry. Branch NO(CRL#3): don't catch the knife, ~$1.5-3 floor + distressed raise (observed Apr-2026 crash $5.90->$1.70). Verify exact ODAC date + voting question when Fed Register posts
  REPL      2026-07-30  (  +0d)  FDA ODAC advisory vote (late-July, exact date UNVERIFIED) -> PDUFA goal Aug-2; RP1+nivolumab accelerated approval, advanced melanoma
DETFIRE|catalyst|SILICON2|HIGH|2Q26 print — the AVOID/short INVERT-trigger (in 8d) — INVERT to LONG only if YoY re-accel >45% + Europe inflects + OM recovers >17%; else AVOID holds. Reaching ₩18-22k band = 2nd-leg-down target reached (cover/informational, NOT a buy). Own COSMECCA (the ODM) not SILICON2 (the reseller) for K-beauty
  SILICON2  2026-08-07  (  +8d)  2Q26 print — the AVOID/short INVERT-trigger
DETFIRE|catalyst|COSMECCA|HIGH|Q2 print (in 16d) — OPM + segment mix; RPT note + clean FCF (both were UNVERIFIABLE pre-size)
  COSMECCA  2026-08-15  ( +16d)  Q2 print
DETFIRE|catalyst|TBCG.L|HIGH|Q2 print + geopol de-risk watch (MEGOBARI Senate / Moody's outlook / EU-US thaw) (in 16d) — add toward ~3% on: MEGOBARI dies in Senate | Moody's NEG->STABLE | EU-US thaw | non-tail dislocation <=GBp4000. TAIL-KILL (EXIT not add): any Georgian bank named OFAC / USD-correspondent curtailment
  TBCG.L    2026-08-15  ( +16d)  Q2 print + geopol de-risk watch (MEGOBARI Senate / Moody's outlook / EU-US thaw)
DETFIRE|catalyst|CPRI|HIGH|Q1 FY2027 earnings — first test of management's FY2027 guidance (return to low-single-digit revenue growth to ~$3.525B a (in 16d) — Michael Kors prints a flat-to-positive constant-currency comp (currently -8.4%) — i.e., the guided FY2027 revenue inflection becomes realized rather than promised. That converts a margin-recovery-only
  CPRI      2026-08-15  ( +16d)  Q1 FY2027 earnings — first test of management's FY2027 guidance (return to low-single-digit revenue growth to ~$3.525B a
DETFIRE|catalyst|FOUR|HIGH|Q2 2026 earnings — first fully-clean quarter with Global Blue integrated: proof the acquisition is gross-profit/EPS accr (in 16d) — Q2 print shows Global Blue is GAAP-EPS/FCF accretive AND net leverage starts declining toward ~3x while organic end-to-end volume growth holds >=20% — i.e., the EPS/FCF inflection materializes. If lev
  FOUR      2026-08-15  ( +16d)  Q2 2026 earnings — first fully-clean quarter with Global Blue integrated: proof the acquisition is gross-profit/EPS accr
DETFIRE|catalyst|TPB|HIGH|Modern-oral (FRE nicotine pouch) margin inflection — the guided 2026 ramp to $180-190M net revenue / $220-240M gross con (in 16d) — Q2/Q3 2026 prints showing consolidated adjusted EBITDA margin troughing and re-inflecting WHILE modern-oral tracks the $180-190M net-revenue trajectory (proof the SG&A investment converts to profit/op
  TPB       2026-08-15  ( +16d)  Modern-oral (FRE nicotine pouch) margin inflection — the guided 2026 ramp to $180-190M net revenue / $220-240M gross con
DETFIRE|catalyst|WEN|HIGH|Q2 2026 earnings — first full quarter under newly installed CEO Bob Wright (5/21/26) and CFO Steve Cirulis (6/23/26), th (in 16d) — US same-store sales sequentially inflect — the −7.8% comp turning materially less negative toward flat with TRAFFIC (not just price/mix) stabilizing — confirming Project Fresh is working, while adj. E
  WEN       2026-08-15  ( +16d)  Q2 2026 earnings — first full quarter under newly installed CEO Bob Wright (5/21/26) and CFO Steve Cirulis (6/23/26), th
DETFIRE|catalyst|CRM|HIGH|Q2 FY2027 earnings print — the test of whether Agentforce/Data Cloud + Informatica re-accelerate total subscription and  (in 16d) — cRPO / total subscription revenue growth re-accelerates back into double digits driven by Agentforce converting to net-new ARR, refuting the 'AI agents replace seats' bear thesis — at ~10x non-GAAP ea
  CRM       2026-08-15  ( +16d)  Q2 FY2027 earnings print — the test of whether Agentforce/Data Cloud + Informatica re-accelerate total subscription and 
DETFIRE|catalyst|HUBS|HIGH|Q2 FY2026 earnings — proof that AI/Breeze is a monetization tailwind (revenue growth holding, net revenue retention infl (in 16d) — Q2 2026 print confirming (a) revenue growth sustained at ~20%+ YoY, (b) net revenue retention inflecting back toward/above 100%, and (c) tangible Breeze AI monetization — i.e., AI demonstrably additiv
  HUBS      2026-08-15  ( +16d)  Q2 FY2026 earnings — proof that AI/Breeze is a monetization tailwind (revenue growth holding, net revenue retention infl
DETFIRE|catalyst|MNDY|HIGH|Q2 2026 earnings as the first hard read on the consumption-based pricing model + rearchitected AI Work Platform (One AI) (in 16d) — NDR stops declining and inflects up (110% turning higher) WITH consumption pricing demonstrably lifting ARPU / net-new ARR — i.e., evidence AI is net-accretive to monday's model, not eroding seats. Th
  MNDY      2026-08-15  ( +16d)  Q2 2026 earnings as the first hard read on the consumption-based pricing model + rearchitected AI Work Platform (One AI)
DETFIRE|catalyst|TTD|HIGH|Q2 2026 earnings — first clean print after the Kokai platform migration and late-2024 sales reorg complete; management s (in 16d) — Revenue-growth deceleration ENDS: Q2/Q3 2026 YoY growth stops the 25->19->18->14->12 slide and stabilizes/re-accelerates to mid-teens, with spend-per-existing-client / net retention re-expanding — i.e
  TTD       2026-08-15  ( +16d)  Q2 2026 earnings — first clean print after the Kokai platform migration and late-2024 sales reorg complete; management s
DETFIRE|catalyst|GAP|HIGH|Q2 FY2026 earnings — Section-122 tariff relief (~$80M, ~50bps margin) lands in Q2/Q3 and the test of whether Old Navy's  (in 16d) — Old Navy comparable sales re-accelerate above ~3-4% (core >50%-of-revenue engine reaccelerating), confirming the turnaround is top-line AND margin rather than margin-only
  GAP       2026-08-15  ( +16d)  Q2 FY2026 earnings — Section-122 tariff relief (~$80M, ~50bps margin) lands in Q2/Q3 and the test of whether Old Navy's 
DETFIRE|catalyst|INTU|HIGH|Q4/full-year FY2026 earnings with initial FY2027 guidance — first management read on whether AI is eroding TurboTax/Cons (in 21d) — FY2027 guidance / next tax-season data showing TurboTax + Consumer-segment growth holding double-digit with stable-or-growing filer counts (no AI-driven filer defection), falsifying the structural-ero
  INTU      2026-08-20  ( +21d)  Q4/full-year FY2026 earnings with initial FY2027 guidance — first management read on whether AI is eroding TurboTax/Cons
DETFIRE|catalyst|INSP|MED|AMA CPT panel (Cat-I code decision) (in 47d) — panel outcome; Cat-I = re-rate, status-quo = bear extends
  INSP      2026-09-15  ( +47d)  AMA CPT panel (Cat-I code decision)
DETFIRE|catalyst|RH|MED|Margin inflection from the international gallery ramp (currently a quantified -270bps drag) turning to contribution plus (in 47d) — Q2/H2 FY2026 prints confirm adjusted EBITDA margin re-expanding into the 14-16% guide with FCF tracking $300-400M AND net debt stepping down — i.e., the margin recovery is real operating leverage, not
  RH        2026-09-15  ( +47d)  Margin inflection from the international gallery ramp (currently a quantified -270bps drag) turning to contribution plus
DETFIRE|catalyst|PATH|MED|Q2 FY2027 earnings print — proof that agentic automation (Maestro/agent orchestration) converts pilot-to-production into (in 47d) — Net-new ARR re-accelerates and net-retention inflects up (NRR back above ~112% with ARR growth re-accelerating toward mid-to-high teens), evidencing agentic seats converting to paid production and OFF
  PATH      2026-09-15  ( +47d)  Q2 FY2027 earnings print — proof that agentic automation (Maestro/agent orchestration) converts pilot-to-production into
DETFIRE|catalyst|S|MED|Q2 FY27 earnings — confirmation that the Q1 net-new-ARR reacceleration (+55% YoY) is durable rather than an easy-comp ar (in 47d) — A second consecutive quarter of accelerating net-new ARR that pulls reported revenue growth back ABOVE the ~20% guide, accompanied by an upward FY27 revenue-guide revision and a narrowing GAAP operati
  S         2026-09-15  ( +47d)  Q2 FY27 earnings — confirmation that the Q1 net-new-ARR reacceleration (+55% YoY) is durable rather than an easy-comp ar
DETFIRE|catalyst|SSRM|MED|Sale of the 80% Copler (Turkey) stake for $1.5B cash — definitive SPA signed 2026-03-24 — which removes the post-disaste (in 47d) — Copler $1.5B sale closes clean in Q3 2026 (full cash, no price cut) AND the market hands a pullback from the current near-52-week-high (~$28.5; 52w high $36.5) back toward the low-$20s, so you enter a
  SSRM      2026-09-15  ( +47d)  Sale of the 80% Copler (Turkey) stake for $1.5B cash — definitive SPA signed 2026-03-24 — which removes the post-disaste
  EOLS      2026-09-29  ( +61d)  Section 232 Korea tariff EFFECTIVE (15% Jeuveau)
  WING      2026-10-15  ( +77d)  Return to positive US same-store sales — management guides an inflection back to growth in 2H 2026, first confirmable in
  KER.PA    2026-10-21  ( +83d)  Q3-2026 print: Gucci comp inflection under Demna (H2 sell-through)
  BRBY.L    2026-11-15  (+108d)  H1 FY2027 interim results — the proof the FY26 inflection is durable: continued positive comps (China/Americas not relap
  GO        2026-11-15  (+108d)  Comparable-store-sales inflection to positive in 2H FY2026 under new CEO Jason Potter's operational reset (36 underperfo
  RBLX      2026-11-15  (+108d)  Q3 2026 earnings print confirming DAU re-acceleration as the Jan-2026 age-check (facial-age-estimation for chat) frictio
  LULU      2026-12-15  (+138d)  Activist cooperation agreement (founder Chip Wilson) installing new directors Marc Maurer (ex-On Running co-CEO) and Lau
  BODI      2026-12-15  (+138d)  National retail-nutrition distribution rollout: Shakeology into 80+ Sprouts and 640+ Vitamin Shoppe stores (plus P90X su
  BOOK      2026-12-31  (+154d)  Tax-loss-harvest deadline (2026 gain needs 2026 losses)
  UKRAIN-StepUp-B 2026-12-31  (+154d)  Ukraine ceasefire-durability / security-guarantee watch (upsize variable)
  LVS       2027-12-15  (+503d)  Completion of The Venetian Macau renovation, gating management's $700M/quarter Macau EBITDA target (vs $633M now)


===== 2026-07-31 10:50 (desk) =====
=== CATALYST WATCH 2026-07-31 (window 60d) ===
DETFIRE|catalyst|BAH|HIGH|FY27 Q1 print (quarter ended Jun-2026) (3d AGO (resolve)) — funded backlog + quarterly book-to-bill turning positive = troughing confirmed
  BAH       2026-07-28  (  -3d)  FY27 Q1 print (quarter ended Jun-2026)
DETFIRE|catalyst|REPL|HIGH|FDA ODAC advisory vote (late-July, exact date UNVERIFIED) -> PDUFA goal Aug-2; RP1+nivolumab accelerated approval, advanced melanoma (1d AGO (resolve)) — LEADING TRIPWIRE = FDA briefing documents posted ~2 biz days pre-AdCom (agency's own read, moves stock before the vote). Branch YES(approve): don't chase the gap, re-diligence ramp for a lower re-entry. Branch NO(CRL#3): don't catch the knife, ~$1.5-3 floor + distressed raise (observed Apr-2026 crash $5.90->$1.70). Verify exact ODAC date + voting question when Fed Register posts
  REPL      2026-07-30  (  -1d)  FDA ODAC advisory vote (late-July, exact date UNVERIFIED) -> PDUFA goal Aug-2; RP1+nivolumab accelerated approval, advanced melanoma
DETFIRE|catalyst|SILICON2|HIGH|2Q26 print — the AVOID/short INVERT-trigger (in 7d) — INVERT to LONG only if YoY re-accel >45% + Europe inflects + OM recovers >17%; else AVOID holds. Reaching ₩18-22k band = 2nd-leg-down target reached (cover/informational, NOT a buy). Own COSMECCA (the ODM) not SILICON2 (the reseller) for K-beauty
  SILICON2  2026-08-07  (  +7d)  2Q26 print — the AVOID/short INVERT-trigger
DETFIRE|catalyst|COSMECCA|HIGH|Q2 print (in 15d) — OPM + segment mix; RPT note + clean FCF (both were UNVERIFIABLE pre-size)
  COSMECCA  2026-08-15  ( +15d)  Q2 print
DETFIRE|catalyst|TBCG.L|HIGH|Q2 print + geopol de-risk watch (MEGOBARI Senate / Moody's outlook / EU-US thaw) (in 15d) — add toward ~3% on: MEGOBARI dies in Senate | Moody's NEG->STABLE | EU-US thaw | non-tail dislocation <=GBp4000. TAIL-KILL (EXIT not add): any Georgian bank named OFAC / USD-correspondent curtailment
  TBCG.L    2026-08-15  ( +15d)  Q2 print + geopol de-risk watch (MEGOBARI Senate / Moody's outlook / EU-US thaw)
DETFIRE|catalyst|CPRI|HIGH|Q1 FY2027 earnings — first test of management's FY2027 guidance (return to low-single-digit revenue growth to ~$3.525B a (in 15d) — Michael Kors prints a flat-to-positive constant-currency comp (currently -8.4%) — i.e., the guided FY2027 revenue inflection becomes realized rather than promised. That converts a margin-recovery-only
  CPRI      2026-08-15  ( +15d)  Q1 FY2027 earnings — first test of management's FY2027 guidance (return to low-single-digit revenue growth to ~$3.525B a
DETFIRE|catalyst|FOUR|HIGH|Q2 2026 earnings — first fully-clean quarter with Global Blue integrated: proof the acquisition is gross-profit/EPS accr (in 15d) — Q2 print shows Global Blue is GAAP-EPS/FCF accretive AND net leverage starts declining toward ~3x while organic end-to-end volume growth holds >=20% — i.e., the EPS/FCF inflection materializes. If lev
  FOUR      2026-08-15  ( +15d)  Q2 2026 earnings — first fully-clean quarter with Global Blue integrated: proof the acquisition is gross-profit/EPS accr
DETFIRE|catalyst|TPB|HIGH|Modern-oral (FRE nicotine pouch) margin inflection — the guided 2026 ramp to $180-190M net revenue / $220-240M gross con (in 15d) — Q2/Q3 2026 prints showing consolidated adjusted EBITDA margin troughing and re-inflecting WHILE modern-oral tracks the $180-190M net-revenue trajectory (proof the SG&A investment converts to profit/op
  TPB       2026-08-15  ( +15d)  Modern-oral (FRE nicotine pouch) margin inflection — the guided 2026 ramp to $180-190M net revenue / $220-240M gross con
DETFIRE|catalyst|WEN|HIGH|Q2 2026 earnings — first full quarter under newly installed CEO Bob Wright (5/21/26) and CFO Steve Cirulis (6/23/26), th (in 15d) — US same-store sales sequentially inflect — the −7.8% comp turning materially less negative toward flat with TRAFFIC (not just price/mix) stabilizing — confirming Project Fresh is working, while adj. E
  WEN       2026-08-15  ( +15d)  Q2 2026 earnings — first full quarter under newly installed CEO Bob Wright (5/21/26) and CFO Steve Cirulis (6/23/26), th
DETFIRE|catalyst|CRM|HIGH|Q2 FY2027 earnings print — the test of whether Agentforce/Data Cloud + Informatica re-accelerate total subscription and  (in 15d) — cRPO / total subscription revenue growth re-accelerates back into double digits driven by Agentforce converting to net-new ARR, refuting the 'AI agents replace seats' bear thesis — at ~10x non-GAAP ea
  CRM       2026-08-15  ( +15d)  Q2 FY2027 earnings print — the test of whether Agentforce/Data Cloud + Informatica re-accelerate total subscription and 
DETFIRE|catalyst|HUBS|HIGH|Q2 FY2026 earnings — proof that AI/Breeze is a monetization tailwind (revenue growth holding, net revenue retention infl (in 15d) — Q2 2026 print confirming (a) revenue growth sustained at ~20%+ YoY, (b) net revenue retention inflecting back toward/above 100%, and (c) tangible Breeze AI monetization — i.e., AI demonstrably additiv
  HUBS      2026-08-15  ( +15d)  Q2 FY2026 earnings — proof that AI/Breeze is a monetization tailwind (revenue growth holding, net revenue retention infl
DETFIRE|catalyst|MNDY|HIGH|Q2 2026 earnings as the first hard read on the consumption-based pricing model + rearchitected AI Work Platform (One AI) (in 15d) — NDR stops declining and inflects up (110% turning higher) WITH consumption pricing demonstrably lifting ARPU / net-new ARR — i.e., evidence AI is net-accretive to monday's model, not eroding seats. Th
  MNDY      2026-08-15  ( +15d)  Q2 2026 earnings as the first hard read on the consumption-based pricing model + rearchitected AI Work Platform (One AI)
DETFIRE|catalyst|TTD|HIGH|Q2 2026 earnings — first clean print after the Kokai platform migration and late-2024 sales reorg complete; management s (in 15d) — Revenue-growth deceleration ENDS: Q2/Q3 2026 YoY growth stops the 25->19->18->14->12 slide and stabilizes/re-accelerates to mid-teens, with spend-per-existing-client / net retention re-expanding — i.e
  TTD       2026-08-15  ( +15d)  Q2 2026 earnings — first clean print after the Kokai platform migration and late-2024 sales reorg complete; management s
DETFIRE|catalyst|GAP|HIGH|Q2 FY2026 earnings — Section-122 tariff relief (~$80M, ~50bps margin) lands in Q2/Q3 and the test of whether Old Navy's  (in 15d) — Old Navy comparable sales re-accelerate above ~3-4% (core >50%-of-revenue engine reaccelerating), confirming the turnaround is top-line AND margin rather than margin-only
  GAP       2026-08-15  ( +15d)  Q2 FY2026 earnings — Section-122 tariff relief (~$80M, ~50bps margin) lands in Q2/Q3 and the test of whether Old Navy's 
DETFIRE|catalyst|INTU|HIGH|Q4/full-year FY2026 earnings with initial FY2027 guidance — first management read on whether AI is eroding TurboTax/Cons (in 20d) — FY2027 guidance / next tax-season data showing TurboTax + Consumer-segment growth holding double-digit with stable-or-growing filer counts (no AI-driven filer defection), falsifying the structural-ero
  INTU      2026-08-20  ( +20d)  Q4/full-year FY2026 earnings with initial FY2027 guidance — first management read on whether AI is eroding TurboTax/Cons
DETFIRE|catalyst|INSP|MED|AMA CPT panel (Cat-I code decision) (in 46d) — panel outcome; Cat-I = re-rate, status-quo = bear extends
  INSP      2026-09-15  ( +46d)  AMA CPT panel (Cat-I code decision)
DETFIRE|catalyst|RH|MED|Margin inflection from the international gallery ramp (currently a quantified -270bps drag) turning to contribution plus (in 46d) — Q2/H2 FY2026 prints confirm adjusted EBITDA margin re-expanding into the 14-16% guide with FCF tracking $300-400M AND net debt stepping down — i.e., the margin recovery is real operating leverage, not
  RH        2026-09-15  ( +46d)  Margin inflection from the international gallery ramp (currently a quantified -270bps drag) turning to contribution plus
DETFIRE|catalyst|PATH|MED|Q2 FY2027 earnings print — proof that agentic automation (Maestro/agent orchestration) converts pilot-to-production into (in 46d) — Net-new ARR re-accelerates and net-retention inflects up (NRR back above ~112% with ARR growth re-accelerating toward mid-to-high teens), evidencing agentic seats converting to paid production and OFF
  PATH      2026-09-15  ( +46d)  Q2 FY2027 earnings print — proof that agentic automation (Maestro/agent orchestration) converts pilot-to-production into
DETFIRE|catalyst|S|MED|Q2 FY27 earnings — confirmation that the Q1 net-new-ARR reacceleration (+55% YoY) is durable rather than an easy-comp ar (in 46d) — A second consecutive quarter of accelerating net-new ARR that pulls reported revenue growth back ABOVE the ~20% guide, accompanied by an upward FY27 revenue-guide revision and a narrowing GAAP operati
  S         2026-09-15  ( +46d)  Q2 FY27 earnings — confirmation that the Q1 net-new-ARR reacceleration (+55% YoY) is durable rather than an easy-comp ar
DETFIRE|catalyst|SSRM|MED|Sale of the 80% Copler (Turkey) stake for $1.5B cash — definitive SPA signed 2026-03-24 — which removes the post-disaste (in 46d) — Copler $1.5B sale closes clean in Q3 2026 (full cash, no price cut) AND the market hands a pullback from the current near-52-week-high (~$28.5; 52w high $36.5) back toward the low-$20s, so you enter a
  SSRM      2026-09-15  ( +46d)  Sale of the 80% Copler (Turkey) stake for $1.5B cash — definitive SPA signed 2026-03-24 — which removes the post-disaste
DETFIRE|catalyst|EOLS|MED|Section 232 Korea tariff EFFECTIVE (15% Jeuveau) (in 60d) — Q3 inventory (Sept-30) for pre-buy; does the 'longer-term solution' get a noun
  EOLS      2026-09-29  ( +60d)  Section 232 Korea tariff EFFECTIVE (15% Jeuveau)
  WING      2026-10-15  ( +76d)  Return to positive US same-store sales — management guides an inflection back to growth in 2H 2026, first confirmable in
  KER.PA    2026-10-21  ( +82d)  Q3-2026 print: Gucci comp inflection under Demna (H2 sell-through)
  BRBY.L    2026-11-15  (+107d)  H1 FY2027 interim results — the proof the FY26 inflection is durable: continued positive comps (China/Americas not relap
  GO        2026-11-15  (+107d)  Comparable-store-sales inflection to positive in 2H FY2026 under new CEO Jason Potter's operational reset (36 underperfo
  RBLX      2026-11-15  (+107d)  Q3 2026 earnings print confirming DAU re-acceleration as the Jan-2026 age-check (facial-age-estimation for chat) frictio
  LULU      2026-12-15  (+137d)  Activist cooperation agreement (founder Chip Wilson) installing new directors Marc Maurer (ex-On Running co-CEO) and Lau
  BODI      2026-12-15  (+137d)  National retail-nutrition distribution rollout: Shakeology into 80+ Sprouts and 640+ Vitamin Shoppe stores (plus P90X su
  BOOK      2026-12-31  (+153d)  Tax-loss-harvest deadline (2026 gain needs 2026 losses)
  UKRAIN-StepUp-B 2026-12-31  (+153d)  Ukraine ceasefire-durability / security-guarantee watch (upsize variable)
  LVS       2027-12-15  (+502d)  Completion of The Venetian Macau renovation, gating management's $700M/quarter Macau EBITDA target (vs $633M now)


===== 2026-08-03 00:57 (desk) =====
=== CATALYST WATCH 2026-08-03 (window 60d) ===
DETFIRE|catalyst|BAH|MED|FY27 Q1 print (quarter ended Jun-2026) (6d AGO (resolve)) — funded backlog + quarterly book-to-bill turning positive = troughing confirmed
  BAH       2026-07-28  (  -6d)  FY27 Q1 print (quarter ended Jun-2026)
DETFIRE|catalyst|REPL|MED|FDA ODAC advisory vote (late-July, exact date UNVERIFIED) -> PDUFA goal Aug-2; RP1+nivolumab accelerated approval, advanced melanoma (4d AGO (resolve)) — LEADING TRIPWIRE = FDA briefing documents posted ~2 biz days pre-AdCom (agency's own read, moves stock before the vote). Branch YES(approve): don't chase the gap, re-diligence ramp for a lower re-entry. Branch NO(CRL#3): don't catch the knife, ~$1.5-3 floor + distressed raise (observed Apr-2026 crash $5.90->$1.70). Verify exact ODAC date + voting question when Fed Register posts
  REPL      2026-07-30  (  -4d)  FDA ODAC advisory vote (late-July, exact date UNVERIFIED) -> PDUFA goal Aug-2; RP1+nivolumab accelerated approval, advanced melanoma
DETFIRE|catalyst|SILICON2|HIGH|2Q26 print — the AVOID/short INVERT-trigger (in 4d) — INVERT to LONG only if YoY re-accel >45% + Europe inflects + OM recovers >17%; else AVOID holds. Reaching ₩18-22k band = 2nd-leg-down target reached (cover/informational, NOT a buy). Own COSMECCA (the ODM) not SILICON2 (the reseller) for K-beauty
  SILICON2  2026-08-07  (  +4d)  2Q26 print — the AVOID/short INVERT-trigger
DETFIRE|catalyst|COSMECCA|HIGH|Q2 print (in 12d) — OPM + segment mix; RPT note + clean FCF (both were UNVERIFIABLE pre-size)
  COSMECCA  2026-08-15  ( +12d)  Q2 print
DETFIRE|catalyst|TBCG.L|HIGH|Q2 print + geopol de-risk watch (MEGOBARI Senate / Moody's outlook / EU-US thaw) (in 12d) — add toward ~3% on: MEGOBARI dies in Senate | Moody's NEG->STABLE | EU-US thaw | non-tail dislocation <=GBp4000. TAIL-KILL (EXIT not add): any Georgian bank named OFAC / USD-correspondent curtailment
  TBCG.L    2026-08-15  ( +12d)  Q2 print + geopol de-risk watch (MEGOBARI Senate / Moody's outlook / EU-US thaw)
DETFIRE|catalyst|CPRI|HIGH|Q1 FY2027 earnings — first test of management's FY2027 guidance (return to low-single-digit revenue growth to ~$3.525B a (in 12d) — Michael Kors prints a flat-to-positive constant-currency comp (currently -8.4%) — i.e., the guided FY2027 revenue inflection becomes realized rather than promised. That converts a margin-recovery-only
  CPRI      2026-08-15  ( +12d)  Q1 FY2027 earnings — first test of management's FY2027 guidance (return to low-single-digit revenue growth to ~$3.525B a
DETFIRE|catalyst|FOUR|HIGH|Q2 2026 earnings — first fully-clean quarter with Global Blue integrated: proof the acquisition is gross-profit/EPS accr (in 12d) — Q2 print shows Global Blue is GAAP-EPS/FCF accretive AND net leverage starts declining toward ~3x while organic end-to-end volume growth holds >=20% — i.e., the EPS/FCF inflection materializes. If lev
  FOUR      2026-08-15  ( +12d)  Q2 2026 earnings — first fully-clean quarter with Global Blue integrated: proof the acquisition is gross-profit/EPS accr
DETFIRE|catalyst|TPB|HIGH|Modern-oral (FRE nicotine pouch) margin inflection — the guided 2026 ramp to $180-190M net revenue / $220-240M gross con (in 12d) — Q2/Q3 2026 prints showing consolidated adjusted EBITDA margin troughing and re-inflecting WHILE modern-oral tracks the $180-190M net-revenue trajectory (proof the SG&A investment converts to profit/op
  TPB       2026-08-15  ( +12d)  Modern-oral (FRE nicotine pouch) margin inflection — the guided 2026 ramp to $180-190M net revenue / $220-240M gross con
DETFIRE|catalyst|WEN|HIGH|Q2 2026 earnings — first full quarter under newly installed CEO Bob Wright (5/21/26) and CFO Steve Cirulis (6/23/26), th (in 12d) — US same-store sales sequentially inflect — the −7.8% comp turning materially less negative toward flat with TRAFFIC (not just price/mix) stabilizing — confirming Project Fresh is working, while adj. E
  WEN       2026-08-15  ( +12d)  Q2 2026 earnings — first full quarter under newly installed CEO Bob Wright (5/21/26) and CFO Steve Cirulis (6/23/26), th
DETFIRE|catalyst|CRM|HIGH|Q2 FY2027 earnings print — the test of whether Agentforce/Data Cloud + Informatica re-accelerate total subscription and  (in 12d) — cRPO / total subscription revenue growth re-accelerates back into double digits driven by Agentforce converting to net-new ARR, refuting the 'AI agents replace seats' bear thesis — at ~10x non-GAAP ea
  CRM       2026-08-15  ( +12d)  Q2 FY2027 earnings print — the test of whether Agentforce/Data Cloud + Informatica re-accelerate total subscription and 
DETFIRE|catalyst|HUBS|HIGH|Q2 FY2026 earnings — proof that AI/Breeze is a monetization tailwind (revenue growth holding, net revenue retention infl (in 12d) — Q2 2026 print confirming (a) revenue growth sustained at ~20%+ YoY, (b) net revenue retention inflecting back toward/above 100%, and (c) tangible Breeze AI monetization — i.e., AI demonstrably additiv
  HUBS      2026-08-15  ( +12d)  Q2 FY2026 earnings — proof that AI/Breeze is a monetization tailwind (revenue growth holding, net revenue retention infl
DETFIRE|catalyst|MNDY|HIGH|Q2 2026 earnings as the first hard read on the consumption-based pricing model + rearchitected AI Work Platform (One AI) (in 12d) — NDR stops declining and inflects up (110% turning higher) WITH consumption pricing demonstrably lifting ARPU / net-new ARR — i.e., evidence AI is net-accretive to monday's model, not eroding seats. Th
  MNDY      2026-08-15  ( +12d)  Q2 2026 earnings as the first hard read on the consumption-based pricing model + rearchitected AI Work Platform (One AI)
DETFIRE|catalyst|TTD|HIGH|Q2 2026 earnings — first clean print after the Kokai platform migration and late-2024 sales reorg complete; management s (in 12d) — Revenue-growth deceleration ENDS: Q2/Q3 2026 YoY growth stops the 25->19->18->14->12 slide and stabilizes/re-accelerates to mid-teens, with spend-per-existing-client / net retention re-expanding — i.e
  TTD       2026-08-15  ( +12d)  Q2 2026 earnings — first clean print after the Kokai platform migration and late-2024 sales reorg complete; management s
DETFIRE|catalyst|GAP|HIGH|Q2 FY2026 earnings — Section-122 tariff relief (~$80M, ~50bps margin) lands in Q2/Q3 and the test of whether Old Navy's  (in 12d) — Old Navy comparable sales re-accelerate above ~3-4% (core >50%-of-revenue engine reaccelerating), confirming the turnaround is top-line AND margin rather than margin-only
  GAP       2026-08-15  ( +12d)  Q2 FY2026 earnings — Section-122 tariff relief (~$80M, ~50bps margin) lands in Q2/Q3 and the test of whether Old Navy's 
DETFIRE|catalyst|INTU|HIGH|Q4/full-year FY2026 earnings with initial FY2027 guidance — first management read on whether AI is eroding TurboTax/Cons (in 17d) — FY2027 guidance / next tax-season data showing TurboTax + Consumer-segment growth holding double-digit with stable-or-growing filer counts (no AI-driven filer defection), falsifying the structural-ero
  INTU      2026-08-20  ( +17d)  Q4/full-year FY2026 earnings with initial FY2027 guidance — first management read on whether AI is eroding TurboTax/Cons
DETFIRE|catalyst|INSP|MED|AMA CPT panel (Cat-I code decision) (in 43d) — panel outcome; Cat-I = re-rate, status-quo = bear extends
  INSP      2026-09-15  ( +43d)  AMA CPT panel (Cat-I code decision)
DETFIRE|catalyst|RH|MED|Margin inflection from the international gallery ramp (currently a quantified -270bps drag) turning to contribution plus (in 43d) — Q2/H2 FY2026 prints confirm adjusted EBITDA margin re-expanding into the 14-16% guide with FCF tracking $300-400M AND net debt stepping down — i.e., the margin recovery is real operating leverage, not
  RH        2026-09-15  ( +43d)  Margin inflection from the international gallery ramp (currently a quantified -270bps drag) turning to contribution plus
DETFIRE|catalyst|PATH|MED|Q2 FY2027 earnings print — proof that agentic automation (Maestro/agent orchestration) converts pilot-to-production into (in 43d) — Net-new ARR re-accelerates and net-retention inflects up (NRR back above ~112% with ARR growth re-accelerating toward mid-to-high teens), evidencing agentic seats converting to paid production and OFF
  PATH      2026-09-15  ( +43d)  Q2 FY2027 earnings print — proof that agentic automation (Maestro/agent orchestration) converts pilot-to-production into
DETFIRE|catalyst|S|MED|Q2 FY27 earnings — confirmation that the Q1 net-new-ARR reacceleration (+55% YoY) is durable rather than an easy-comp ar (in 43d) — A second consecutive quarter of accelerating net-new ARR that pulls reported revenue growth back ABOVE the ~20% guide, accompanied by an upward FY27 revenue-guide revision and a narrowing GAAP operati
  S         2026-09-15  ( +43d)  Q2 FY27 earnings — confirmation that the Q1 net-new-ARR reacceleration (+55% YoY) is durable rather than an easy-comp ar
DETFIRE|catalyst|SSRM|MED|Sale of the 80% Copler (Turkey) stake for $1.5B cash — definitive SPA signed 2026-03-24 — which removes the post-disaste (in 43d) — Copler $1.5B sale closes clean in Q3 2026 (full cash, no price cut) AND the market hands a pullback from the current near-52-week-high (~$28.5; 52w high $36.5) back toward the low-$20s, so you enter a
  SSRM      2026-09-15  ( +43d)  Sale of the 80% Copler (Turkey) stake for $1.5B cash — definitive SPA signed 2026-03-24 — which removes the post-disaste
DETFIRE|catalyst|EOLS|MED|Section 232 Korea tariff EFFECTIVE (15% Jeuveau) (in 57d) — Q3 inventory (Sept-30) for pre-buy; does the 'longer-term solution' get a noun
  EOLS      2026-09-29  ( +57d)  Section 232 Korea tariff EFFECTIVE (15% Jeuveau)
  WING      2026-10-15  ( +73d)  Return to positive US same-store sales — management guides an inflection back to growth in 2H 2026, first confirmable in
  KER.PA    2026-10-21  ( +79d)  Q3-2026 print: Gucci comp inflection under Demna (H2 sell-through)
  BRBY.L    2026-11-15  (+104d)  H1 FY2027 interim results — the proof the FY26 inflection is durable: continued positive comps (China/Americas not relap
  GO        2026-11-15  (+104d)  Comparable-store-sales inflection to positive in 2H FY2026 under new CEO Jason Potter's operational reset (36 underperfo
  RBLX      2026-11-15  (+104d)  Q3 2026 earnings print confirming DAU re-acceleration as the Jan-2026 age-check (facial-age-estimation for chat) frictio
  LULU      2026-12-15  (+134d)  Activist cooperation agreement (founder Chip Wilson) installing new directors Marc Maurer (ex-On Running co-CEO) and Lau
  BODI      2026-12-15  (+134d)  National retail-nutrition distribution rollout: Shakeology into 80+ Sprouts and 640+ Vitamin Shoppe stores (plus P90X su
  BOOK      2026-12-31  (+150d)  Tax-loss-harvest deadline (2026 gain needs 2026 losses)
  UKRAIN-StepUp-B 2026-12-31  (+150d)  Ukraine ceasefire-durability / security-guarantee watch (upsize variable)
  LVS       2027-12-15  (+499d)  Completion of The Venetian Macau renovation, gating management's $700M/quarter Macau EBITDA target (vs $633M now)


===== 2026-08-04 01:46 (desk) =====
=== CATALYST WATCH 2026-08-04 (window 60d) ===
DETFIRE|catalyst|BAH|MED|FY27 Q1 print (quarter ended Jun-2026) (7d AGO (resolve)) — funded backlog + quarterly book-to-bill turning positive = troughing confirmed
  BAH       2026-07-28  (  -7d)  FY27 Q1 print (quarter ended Jun-2026)
DETFIRE|catalyst|REPL|MED|FDA ODAC advisory vote (late-July, exact date UNVERIFIED) -> PDUFA goal Aug-2; RP1+nivolumab accelerated approval, advanced melanoma (5d AGO (resolve)) — LEADING TRIPWIRE = FDA briefing documents posted ~2 biz days pre-AdCom (agency's own read, moves stock before the vote). Branch YES(approve): don't chase the gap, re-diligence ramp for a lower re-entry. Branch NO(CRL#3): don't catch the knife, ~$1.5-3 floor + distressed raise (observed Apr-2026 crash $5.90->$1.70). Verify exact ODAC date + voting question when Fed Register posts
  REPL      2026-07-30  (  -5d)  FDA ODAC advisory vote (late-July, exact date UNVERIFIED) -> PDUFA goal Aug-2; RP1+nivolumab accelerated approval, advanced melanoma
DETFIRE|catalyst|SILICON2|HIGH|2Q26 print — the AVOID/short INVERT-trigger (in 3d) — INVERT to LONG only if YoY re-accel >45% + Europe inflects + OM recovers >17%; else AVOID holds. Reaching ₩18-22k band = 2nd-leg-down target reached (cover/informational, NOT a buy). Own COSMECCA (the ODM) not SILICON2 (the reseller) for K-beauty
  SILICON2  2026-08-07  (  +3d)  2Q26 print — the AVOID/short INVERT-trigger
DETFIRE|catalyst|COSMECCA|HIGH|Q2 print (in 11d) — OPM + segment mix; RPT note + clean FCF (both were UNVERIFIABLE pre-size)
  COSMECCA  2026-08-15  ( +11d)  Q2 print
DETFIRE|catalyst|TBCG.L|HIGH|Q2 print + geopol de-risk watch (MEGOBARI Senate / Moody's outlook / EU-US thaw) (in 11d) — add toward ~3% on: MEGOBARI dies in Senate | Moody's NEG->STABLE | EU-US thaw | non-tail dislocation <=GBp4000. TAIL-KILL (EXIT not add): any Georgian bank named OFAC / USD-correspondent curtailment
  TBCG.L    2026-08-15  ( +11d)  Q2 print + geopol de-risk watch (MEGOBARI Senate / Moody's outlook / EU-US thaw)
DETFIRE|catalyst|CPRI|HIGH|Q1 FY2027 earnings — first test of management's FY2027 guidance (return to low-single-digit revenue growth to ~$3.525B a (in 11d) — Michael Kors prints a flat-to-positive constant-currency comp (currently -8.4%) — i.e., the guided FY2027 revenue inflection becomes realized rather than promised. That converts a margin-recovery-only
  CPRI      2026-08-15  ( +11d)  Q1 FY2027 earnings — first test of management's FY2027 guidance (return to low-single-digit revenue growth to ~$3.525B a
DETFIRE|catalyst|FOUR|HIGH|Q2 2026 earnings — first fully-clean quarter with Global Blue integrated: proof the acquisition is gross-profit/EPS accr (in 11d) — Q2 print shows Global Blue is GAAP-EPS/FCF accretive AND net leverage starts declining toward ~3x while organic end-to-end volume growth holds >=20% — i.e., the EPS/FCF inflection materializes. If lev
  FOUR      2026-08-15  ( +11d)  Q2 2026 earnings — first fully-clean quarter with Global Blue integrated: proof the acquisition is gross-profit/EPS accr
DETFIRE|catalyst|TPB|HIGH|Modern-oral (FRE nicotine pouch) margin inflection — the guided 2026 ramp to $180-190M net revenue / $220-240M gross con (in 11d) — Q2/Q3 2026 prints showing consolidated adjusted EBITDA margin troughing and re-inflecting WHILE modern-oral tracks the $180-190M net-revenue trajectory (proof the SG&A investment converts to profit/op
  TPB       2026-08-15  ( +11d)  Modern-oral (FRE nicotine pouch) margin inflection — the guided 2026 ramp to $180-190M net revenue / $220-240M gross con
DETFIRE|catalyst|WEN|HIGH|Q2 2026 earnings — first full quarter under newly installed CEO Bob Wright (5/21/26) and CFO Steve Cirulis (6/23/26), th (in 11d) — US same-store sales sequentially inflect — the −7.8% comp turning materially less negative toward flat with TRAFFIC (not just price/mix) stabilizing — confirming Project Fresh is working, while adj. E
  WEN       2026-08-15  ( +11d)  Q2 2026 earnings — first full quarter under newly installed CEO Bob Wright (5/21/26) and CFO Steve Cirulis (6/23/26), th
DETFIRE|catalyst|CRM|HIGH|Q2 FY2027 earnings print — the test of whether Agentforce/Data Cloud + Informatica re-accelerate total subscription and  (in 11d) — cRPO / total subscription revenue growth re-accelerates back into double digits driven by Agentforce converting to net-new ARR, refuting the 'AI agents replace seats' bear thesis — at ~10x non-GAAP ea
  CRM       2026-08-15  ( +11d)  Q2 FY2027 earnings print — the test of whether Agentforce/Data Cloud + Informatica re-accelerate total subscription and 
DETFIRE|catalyst|HUBS|HIGH|Q2 FY2026 earnings — proof that AI/Breeze is a monetization tailwind (revenue growth holding, net revenue retention infl (in 11d) — Q2 2026 print confirming (a) revenue growth sustained at ~20%+ YoY, (b) net revenue retention inflecting back toward/above 100%, and (c) tangible Breeze AI monetization — i.e., AI demonstrably additiv
  HUBS      2026-08-15  ( +11d)  Q2 FY2026 earnings — proof that AI/Breeze is a monetization tailwind (revenue growth holding, net revenue retention infl
DETFIRE|catalyst|MNDY|HIGH|Q2 2026 earnings as the first hard read on the consumption-based pricing model + rearchitected AI Work Platform (One AI) (in 11d) — NDR stops declining and inflects up (110% turning higher) WITH consumption pricing demonstrably lifting ARPU / net-new ARR — i.e., evidence AI is net-accretive to monday's model, not eroding seats. Th
  MNDY      2026-08-15  ( +11d)  Q2 2026 earnings as the first hard read on the consumption-based pricing model + rearchitected AI Work Platform (One AI)
DETFIRE|catalyst|TTD|HIGH|Q2 2026 earnings — first clean print after the Kokai platform migration and late-2024 sales reorg complete; management s (in 11d) — Revenue-growth deceleration ENDS: Q2/Q3 2026 YoY growth stops the 25->19->18->14->12 slide and stabilizes/re-accelerates to mid-teens, with spend-per-existing-client / net retention re-expanding — i.e
  TTD       2026-08-15  ( +11d)  Q2 2026 earnings — first clean print after the Kokai platform migration and late-2024 sales reorg complete; management s
DETFIRE|catalyst|GAP|HIGH|Q2 FY2026 earnings — Section-122 tariff relief (~$80M, ~50bps margin) lands in Q2/Q3 and the test of whether Old Navy's  (in 11d) — Old Navy comparable sales re-accelerate above ~3-4% (core >50%-of-revenue engine reaccelerating), confirming the turnaround is top-line AND margin rather than margin-only
  GAP       2026-08-15  ( +11d)  Q2 FY2026 earnings — Section-122 tariff relief (~$80M, ~50bps margin) lands in Q2/Q3 and the test of whether Old Navy's 
DETFIRE|catalyst|INTU|HIGH|Q4/full-year FY2026 earnings with initial FY2027 guidance — first management read on whether AI is eroding TurboTax/Cons (in 16d) — FY2027 guidance / next tax-season data showing TurboTax + Consumer-segment growth holding double-digit with stable-or-growing filer counts (no AI-driven filer defection), falsifying the structural-ero
  INTU      2026-08-20  ( +16d)  Q4/full-year FY2026 earnings with initial FY2027 guidance — first management read on whether AI is eroding TurboTax/Cons
DETFIRE|catalyst|INSP|MED|AMA CPT panel (Cat-I code decision) (in 42d) — panel outcome; Cat-I = re-rate, status-quo = bear extends
  INSP      2026-09-15  ( +42d)  AMA CPT panel (Cat-I code decision)
DETFIRE|catalyst|RH|MED|Margin inflection from the international gallery ramp (currently a quantified -270bps drag) turning to contribution plus (in 42d) — Q2/H2 FY2026 prints confirm adjusted EBITDA margin re-expanding into the 14-16% guide with FCF tracking $300-400M AND net debt stepping down — i.e., the margin recovery is real operating leverage, not
  RH        2026-09-15  ( +42d)  Margin inflection from the international gallery ramp (currently a quantified -270bps drag) turning to contribution plus
DETFIRE|catalyst|PATH|MED|Q2 FY2027 earnings print — proof that agentic automation (Maestro/agent orchestration) converts pilot-to-production into (in 42d) — Net-new ARR re-accelerates and net-retention inflects up (NRR back above ~112% with ARR growth re-accelerating toward mid-to-high teens), evidencing agentic seats converting to paid production and OFF
  PATH      2026-09-15  ( +42d)  Q2 FY2027 earnings print — proof that agentic automation (Maestro/agent orchestration) converts pilot-to-production into
DETFIRE|catalyst|S|MED|Q2 FY27 earnings — confirmation that the Q1 net-new-ARR reacceleration (+55% YoY) is durable rather than an easy-comp ar (in 42d) — A second consecutive quarter of accelerating net-new ARR that pulls reported revenue growth back ABOVE the ~20% guide, accompanied by an upward FY27 revenue-guide revision and a narrowing GAAP operati
  S         2026-09-15  ( +42d)  Q2 FY27 earnings — confirmation that the Q1 net-new-ARR reacceleration (+55% YoY) is durable rather than an easy-comp ar
DETFIRE|catalyst|SSRM|MED|Sale of the 80% Copler (Turkey) stake for $1.5B cash — definitive SPA signed 2026-03-24 — which removes the post-disaste (in 42d) — Copler $1.5B sale closes clean in Q3 2026 (full cash, no price cut) AND the market hands a pullback from the current near-52-week-high (~$28.5; 52w high $36.5) back toward the low-$20s, so you enter a
  SSRM      2026-09-15  ( +42d)  Sale of the 80% Copler (Turkey) stake for $1.5B cash — definitive SPA signed 2026-03-24 — which removes the post-disaste
DETFIRE|catalyst|EOLS|MED|Section 232 Korea tariff EFFECTIVE (15% Jeuveau) (in 56d) — Q3 inventory (Sept-30) for pre-buy; does the 'longer-term solution' get a noun
  EOLS      2026-09-29  ( +56d)  Section 232 Korea tariff EFFECTIVE (15% Jeuveau)
  WING      2026-10-15  ( +72d)  Return to positive US same-store sales — management guides an inflection back to growth in 2H 2026, first confirmable in
  KER.PA    2026-10-21  ( +78d)  Q3-2026 print: Gucci comp inflection under Demna (H2 sell-through)
  BRBY.L    2026-11-15  (+103d)  H1 FY2027 interim results — the proof the FY26 inflection is durable: continued positive comps (China/Americas not relap
  GO        2026-11-15  (+103d)  Comparable-store-sales inflection to positive in 2H FY2026 under new CEO Jason Potter's operational reset (36 underperfo
  RBLX      2026-11-15  (+103d)  Q3 2026 earnings print confirming DAU re-acceleration as the Jan-2026 age-check (facial-age-estimation for chat) frictio
  LULU      2026-12-15  (+133d)  Activist cooperation agreement (founder Chip Wilson) installing new directors Marc Maurer (ex-On Running co-CEO) and Lau
  BODI      2026-12-15  (+133d)  National retail-nutrition distribution rollout: Shakeology into 80+ Sprouts and 640+ Vitamin Shoppe stores (plus P90X su
  BOOK      2026-12-31  (+149d)  Tax-loss-harvest deadline (2026 gain needs 2026 losses)
  UKRAIN-StepUp-B 2026-12-31  (+149d)  Ukraine ceasefire-durability / security-guarantee watch (upsize variable)
  LVS       2027-12-15  (+498d)  Completion of The Venetian Macau renovation, gating management's $700M/quarter Macau EBITDA target (vs $633M now)


===== 2026-08-05 02:52 (desk) =====
=== CATALYST WATCH 2026-08-05 (window 60d) ===
DETFIRE|catalyst|BAH|MED|FY27 Q1 print (quarter ended Jun-2026) (8d AGO (resolve)) — funded backlog + quarterly book-to-bill turning positive = troughing confirmed
  BAH       2026-07-28  (  -8d)  FY27 Q1 print (quarter ended Jun-2026)
DETFIRE|catalyst|REPL|MED|FDA ODAC advisory vote (late-July, exact date UNVERIFIED) -> PDUFA goal Aug-2; RP1+nivolumab accelerated approval, advanced melanoma (6d AGO (resolve)) — LEADING TRIPWIRE = FDA briefing documents posted ~2 biz days pre-AdCom (agency's own read, moves stock before the vote). Branch YES(approve): don't chase the gap, re-diligence ramp for a lower re-entry. Branch NO(CRL#3): don't catch the knife, ~$1.5-3 floor + distressed raise (observed Apr-2026 crash $5.90->$1.70). Verify exact ODAC date + voting question when Fed Register posts
  REPL      2026-07-30  (  -6d)  FDA ODAC advisory vote (late-July, exact date UNVERIFIED) -> PDUFA goal Aug-2; RP1+nivolumab accelerated approval, advanced melanoma
DETFIRE|catalyst|SILICON2|HIGH|2Q26 print — the AVOID/short INVERT-trigger (in 2d) — INVERT to LONG only if YoY re-accel >45% + Europe inflects + OM recovers >17%; else AVOID holds. Reaching ₩18-22k band = 2nd-leg-down target reached (cover/informational, NOT a buy). Own COSMECCA (the ODM) not SILICON2 (the reseller) for K-beauty
  SILICON2  2026-08-07  (  +2d)  2Q26 print — the AVOID/short INVERT-trigger
DETFIRE|catalyst|COSMECCA|HIGH|Q2 print (in 10d) — OPM + segment mix; RPT note + clean FCF (both were UNVERIFIABLE pre-size)
  COSMECCA  2026-08-15  ( +10d)  Q2 print
DETFIRE|catalyst|TBCG.L|HIGH|Q2 print + geopol de-risk watch (MEGOBARI Senate / Moody's outlook / EU-US thaw) (in 10d) — add toward ~3% on: MEGOBARI dies in Senate | Moody's NEG->STABLE | EU-US thaw | non-tail dislocation <=GBp4000. TAIL-KILL (EXIT not add): any Georgian bank named OFAC / USD-correspondent curtailment
  TBCG.L    2026-08-15  ( +10d)  Q2 print + geopol de-risk watch (MEGOBARI Senate / Moody's outlook / EU-US thaw)
DETFIRE|catalyst|CPRI|HIGH|Q1 FY2027 earnings — first test of management's FY2027 guidance (return to low-single-digit revenue growth to ~$3.525B a (in 10d) — Michael Kors prints a flat-to-positive constant-currency comp (currently -8.4%) — i.e., the guided FY2027 revenue inflection becomes realized rather than promised. That converts a margin-recovery-only
  CPRI      2026-08-15  ( +10d)  Q1 FY2027 earnings — first test of management's FY2027 guidance (return to low-single-digit revenue growth to ~$3.525B a
DETFIRE|catalyst|FOUR|HIGH|Q2 2026 earnings — first fully-clean quarter with Global Blue integrated: proof the acquisition is gross-profit/EPS accr (in 10d) — Q2 print shows Global Blue is GAAP-EPS/FCF accretive AND net leverage starts declining toward ~3x while organic end-to-end volume growth holds >=20% — i.e., the EPS/FCF inflection materializes. If lev
  FOUR      2026-08-15  ( +10d)  Q2 2026 earnings — first fully-clean quarter with Global Blue integrated: proof the acquisition is gross-profit/EPS accr
DETFIRE|catalyst|TPB|HIGH|Modern-oral (FRE nicotine pouch) margin inflection — the guided 2026 ramp to $180-190M net revenue / $220-240M gross con (in 10d) — Q2/Q3 2026 prints showing consolidated adjusted EBITDA margin troughing and re-inflecting WHILE modern-oral tracks the $180-190M net-revenue trajectory (proof the SG&A investment converts to profit/op
  TPB       2026-08-15  ( +10d)  Modern-oral (FRE nicotine pouch) margin inflection — the guided 2026 ramp to $180-190M net revenue / $220-240M gross con
DETFIRE|catalyst|WEN|HIGH|Q2 2026 earnings — first full quarter under newly installed CEO Bob Wright (5/21/26) and CFO Steve Cirulis (6/23/26), th (in 10d) — US same-store sales sequentially inflect — the −7.8% comp turning materially less negative toward flat with TRAFFIC (not just price/mix) stabilizing — confirming Project Fresh is working, while adj. E
  WEN       2026-08-15  ( +10d)  Q2 2026 earnings — first full quarter under newly installed CEO Bob Wright (5/21/26) and CFO Steve Cirulis (6/23/26), th
DETFIRE|catalyst|CRM|HIGH|Q2 FY2027 earnings print — the test of whether Agentforce/Data Cloud + Informatica re-accelerate total subscription and  (in 10d) — cRPO / total subscription revenue growth re-accelerates back into double digits driven by Agentforce converting to net-new ARR, refuting the 'AI agents replace seats' bear thesis — at ~10x non-GAAP ea
  CRM       2026-08-15  ( +10d)  Q2 FY2027 earnings print — the test of whether Agentforce/Data Cloud + Informatica re-accelerate total subscription and 
DETFIRE|catalyst|HUBS|HIGH|Q2 FY2026 earnings — proof that AI/Breeze is a monetization tailwind (revenue growth holding, net revenue retention infl (in 10d) — Q2 2026 print confirming (a) revenue growth sustained at ~20%+ YoY, (b) net revenue retention inflecting back toward/above 100%, and (c) tangible Breeze AI monetization — i.e., AI demonstrably additiv
  HUBS      2026-08-15  ( +10d)  Q2 FY2026 earnings — proof that AI/Breeze is a monetization tailwind (revenue growth holding, net revenue retention infl
DETFIRE|catalyst|MNDY|HIGH|Q2 2026 earnings as the first hard read on the consumption-based pricing model + rearchitected AI Work Platform (One AI) (in 10d) — NDR stops declining and inflects up (110% turning higher) WITH consumption pricing demonstrably lifting ARPU / net-new ARR — i.e., evidence AI is net-accretive to monday's model, not eroding seats. Th
  MNDY      2026-08-15  ( +10d)  Q2 2026 earnings as the first hard read on the consumption-based pricing model + rearchitected AI Work Platform (One AI)
DETFIRE|catalyst|TTD|HIGH|Q2 2026 earnings — first clean print after the Kokai platform migration and late-2024 sales reorg complete; management s (in 10d) — Revenue-growth deceleration ENDS: Q2/Q3 2026 YoY growth stops the 25->19->18->14->12 slide and stabilizes/re-accelerates to mid-teens, with spend-per-existing-client / net retention re-expanding — i.e
  TTD       2026-08-15  ( +10d)  Q2 2026 earnings — first clean print after the Kokai platform migration and late-2024 sales reorg complete; management s
DETFIRE|catalyst|GAP|HIGH|Q2 FY2026 earnings — Section-122 tariff relief (~$80M, ~50bps margin) lands in Q2/Q3 and the test of whether Old Navy's  (in 10d) — Old Navy comparable sales re-accelerate above ~3-4% (core >50%-of-revenue engine reaccelerating), confirming the turnaround is top-line AND margin rather than margin-only
  GAP       2026-08-15  ( +10d)  Q2 FY2026 earnings — Section-122 tariff relief (~$80M, ~50bps margin) lands in Q2/Q3 and the test of whether Old Navy's 
DETFIRE|catalyst|INTU|HIGH|Q4/full-year FY2026 earnings with initial FY2027 guidance — first management read on whether AI is eroding TurboTax/Cons (in 15d) — FY2027 guidance / next tax-season data showing TurboTax + Consumer-segment growth holding double-digit with stable-or-growing filer counts (no AI-driven filer defection), falsifying the structural-ero
  INTU      2026-08-20  ( +15d)  Q4/full-year FY2026 earnings with initial FY2027 guidance — first management read on whether AI is eroding TurboTax/Cons
DETFIRE|catalyst|INSP|MED|AMA CPT panel (Cat-I code decision) (in 41d) — panel outcome; Cat-I = re-rate, status-quo = bear extends
  INSP      2026-09-15  ( +41d)  AMA CPT panel (Cat-I code decision)
DETFIRE|catalyst|RH|MED|Margin inflection from the international gallery ramp (currently a quantified -270bps drag) turning to contribution plus (in 41d) — Q2/H2 FY2026 prints confirm adjusted EBITDA margin re-expanding into the 14-16% guide with FCF tracking $300-400M AND net debt stepping down — i.e., the margin recovery is real operating leverage, not
  RH        2026-09-15  ( +41d)  Margin inflection from the international gallery ramp (currently a quantified -270bps drag) turning to contribution plus
DETFIRE|catalyst|PATH|MED|Q2 FY2027 earnings print — proof that agentic automation (Maestro/agent orchestration) converts pilot-to-production into (in 41d) — Net-new ARR re-accelerates and net-retention inflects up (NRR back above ~112% with ARR growth re-accelerating toward mid-to-high teens), evidencing agentic seats converting to paid production and OFF
  PATH      2026-09-15  ( +41d)  Q2 FY2027 earnings print — proof that agentic automation (Maestro/agent orchestration) converts pilot-to-production into
DETFIRE|catalyst|S|MED|Q2 FY27 earnings — confirmation that the Q1 net-new-ARR reacceleration (+55% YoY) is durable rather than an easy-comp ar (in 41d) — A second consecutive quarter of accelerating net-new ARR that pulls reported revenue growth back ABOVE the ~20% guide, accompanied by an upward FY27 revenue-guide revision and a narrowing GAAP operati
  S         2026-09-15  ( +41d)  Q2 FY27 earnings — confirmation that the Q1 net-new-ARR reacceleration (+55% YoY) is durable rather than an easy-comp ar
DETFIRE|catalyst|SSRM|MED|Sale of the 80% Copler (Turkey) stake for $1.5B cash — definitive SPA signed 2026-03-24 — which removes the post-disaste (in 41d) — Copler $1.5B sale closes clean in Q3 2026 (full cash, no price cut) AND the market hands a pullback from the current near-52-week-high (~$28.5; 52w high $36.5) back toward the low-$20s, so you enter a
  SSRM      2026-09-15  ( +41d)  Sale of the 80% Copler (Turkey) stake for $1.5B cash — definitive SPA signed 2026-03-24 — which removes the post-disaste
DETFIRE|catalyst|EOLS|MED|Section 232 Korea tariff EFFECTIVE (15% Jeuveau) (in 55d) — Q3 inventory (Sept-30) for pre-buy; does the 'longer-term solution' get a noun
  EOLS      2026-09-29  ( +55d)  Section 232 Korea tariff EFFECTIVE (15% Jeuveau)
  WING      2026-10-15  ( +71d)  Return to positive US same-store sales — management guides an inflection back to growth in 2H 2026, first confirmable in
  KER.PA    2026-10-21  ( +77d)  Q3-2026 print: Gucci comp inflection under Demna (H2 sell-through)
  BRBY.L    2026-11-15  (+102d)  H1 FY2027 interim results — the proof the FY26 inflection is durable: continued positive comps (China/Americas not relap
  GO        2026-11-15  (+102d)  Comparable-store-sales inflection to positive in 2H FY2026 under new CEO Jason Potter's operational reset (36 underperfo
  RBLX      2026-11-15  (+102d)  Q3 2026 earnings print confirming DAU re-acceleration as the Jan-2026 age-check (facial-age-estimation for chat) frictio
  LULU      2026-12-15  (+132d)  Activist cooperation agreement (founder Chip Wilson) installing new directors Marc Maurer (ex-On Running co-CEO) and Lau
  BODI      2026-12-15  (+132d)  National retail-nutrition distribution rollout: Shakeology into 80+ Sprouts and 640+ Vitamin Shoppe stores (plus P90X su
  BOOK      2026-12-31  (+148d)  Tax-loss-harvest deadline (2026 gain needs 2026 losses)
  UKRAIN-StepUp-B 2026-12-31  (+148d)  Ukraine ceasefire-durability / security-guarantee watch (upsize variable)
  LVS       2027-12-15  (+497d)  Completion of The Venetian Macau renovation, gating management's $700M/quarter Macau EBITDA target (vs $633M now)


===== 2026-08-06 03:46 (desk) =====
=== CATALYST WATCH 2026-08-06 (window 60d) ===
DETFIRE|catalyst|BAH|MED|FY27 Q1 print (quarter ended Jun-2026) (9d AGO (resolve)) — funded backlog + quarterly book-to-bill turning positive = troughing confirmed
  BAH       2026-07-28  (  -9d)  FY27 Q1 print (quarter ended Jun-2026)
DETFIRE|catalyst|REPL|MED|FDA ODAC advisory vote (late-July, exact date UNVERIFIED) -> PDUFA goal Aug-2; RP1+nivolumab accelerated approval, advanced melanoma (7d AGO (resolve)) — LEADING TRIPWIRE = FDA briefing documents posted ~2 biz days pre-AdCom (agency's own read, moves stock before the vote). Branch YES(approve): don't chase the gap, re-diligence ramp for a lower re-entry. Branch NO(CRL#3): don't catch the knife, ~$1.5-3 floor + distressed raise (observed Apr-2026 crash $5.90->$1.70). Verify exact ODAC date + voting question when Fed Register posts
  REPL      2026-07-30  (  -7d)  FDA ODAC advisory vote (late-July, exact date UNVERIFIED) -> PDUFA goal Aug-2; RP1+nivolumab accelerated approval, advanced melanoma
DETFIRE|catalyst|SILICON2|HIGH|2Q26 print — the AVOID/short INVERT-trigger (in 1d) — INVERT to LONG only if YoY re-accel >45% + Europe inflects + OM recovers >17%; else AVOID holds. Reaching ₩18-22k band = 2nd-leg-down target reached (cover/informational, NOT a buy). Own COSMECCA (the ODM) not SILICON2 (the reseller) for K-beauty
  SILICON2  2026-08-07  (  +1d)  2Q26 print — the AVOID/short INVERT-trigger
DETFIRE|catalyst|COSMECCA|HIGH|Q2 print (in 9d) — OPM + segment mix; RPT note + clean FCF (both were UNVERIFIABLE pre-size)
  COSMECCA  2026-08-15  (  +9d)  Q2 print
DETFIRE|catalyst|TBCG.L|HIGH|Q2 print + geopol de-risk watch (MEGOBARI Senate / Moody's outlook / EU-US thaw) (in 9d) — add toward ~3% on: MEGOBARI dies in Senate | Moody's NEG->STABLE | EU-US thaw | non-tail dislocation <=GBp4000. TAIL-KILL (EXIT not add): any Georgian bank named OFAC / USD-correspondent curtailment
  TBCG.L    2026-08-15  (  +9d)  Q2 print + geopol de-risk watch (MEGOBARI Senate / Moody's outlook / EU-US thaw)
DETFIRE|catalyst|CPRI|HIGH|Q1 FY2027 earnings — first test of management's FY2027 guidance (return to low-single-digit revenue growth to ~$3.525B a (in 9d) — Michael Kors prints a flat-to-positive constant-currency comp (currently -8.4%) — i.e., the guided FY2027 revenue inflection becomes realized rather than promised. That converts a margin-recovery-only
  CPRI      2026-08-15  (  +9d)  Q1 FY2027 earnings — first test of management's FY2027 guidance (return to low-single-digit revenue growth to ~$3.525B a
DETFIRE|catalyst|FOUR|HIGH|Q2 2026 earnings — first fully-clean quarter with Global Blue integrated: proof the acquisition is gross-profit/EPS accr (in 9d) — Q2 print shows Global Blue is GAAP-EPS/FCF accretive AND net leverage starts declining toward ~3x while organic end-to-end volume growth holds >=20% — i.e., the EPS/FCF inflection materializes. If lev
  FOUR      2026-08-15  (  +9d)  Q2 2026 earnings — first fully-clean quarter with Global Blue integrated: proof the acquisition is gross-profit/EPS accr
DETFIRE|catalyst|TPB|HIGH|Modern-oral (FRE nicotine pouch) margin inflection — the guided 2026 ramp to $180-190M net revenue / $220-240M gross con (in 9d) — Q2/Q3 2026 prints showing consolidated adjusted EBITDA margin troughing and re-inflecting WHILE modern-oral tracks the $180-190M net-revenue trajectory (proof the SG&A investment converts to profit/op
  TPB       2026-08-15  (  +9d)  Modern-oral (FRE nicotine pouch) margin inflection — the guided 2026 ramp to $180-190M net revenue / $220-240M gross con
DETFIRE|catalyst|WEN|HIGH|Q2 2026 earnings — first full quarter under newly installed CEO Bob Wright (5/21/26) and CFO Steve Cirulis (6/23/26), th (in 9d) — US same-store sales sequentially inflect — the −7.8% comp turning materially less negative toward flat with TRAFFIC (not just price/mix) stabilizing — confirming Project Fresh is working, while adj. E
  WEN       2026-08-15  (  +9d)  Q2 2026 earnings — first full quarter under newly installed CEO Bob Wright (5/21/26) and CFO Steve Cirulis (6/23/26), th
DETFIRE|catalyst|CRM|HIGH|Q2 FY2027 earnings print — the test of whether Agentforce/Data Cloud + Informatica re-accelerate total subscription and  (in 9d) — cRPO / total subscription revenue growth re-accelerates back into double digits driven by Agentforce converting to net-new ARR, refuting the 'AI agents replace seats' bear thesis — at ~10x non-GAAP ea
  CRM       2026-08-15  (  +9d)  Q2 FY2027 earnings print — the test of whether Agentforce/Data Cloud + Informatica re-accelerate total subscription and 
DETFIRE|catalyst|HUBS|HIGH|Q2 FY2026 earnings — proof that AI/Breeze is a monetization tailwind (revenue growth holding, net revenue retention infl (in 9d) — Q2 2026 print confirming (a) revenue growth sustained at ~20%+ YoY, (b) net revenue retention inflecting back toward/above 100%, and (c) tangible Breeze AI monetization — i.e., AI demonstrably additiv
  HUBS      2026-08-15  (  +9d)  Q2 FY2026 earnings — proof that AI/Breeze is a monetization tailwind (revenue growth holding, net revenue retention infl
DETFIRE|catalyst|MNDY|HIGH|Q2 2026 earnings as the first hard read on the consumption-based pricing model + rearchitected AI Work Platform (One AI) (in 9d) — NDR stops declining and inflects up (110% turning higher) WITH consumption pricing demonstrably lifting ARPU / net-new ARR — i.e., evidence AI is net-accretive to monday's model, not eroding seats. Th
  MNDY      2026-08-15  (  +9d)  Q2 2026 earnings as the first hard read on the consumption-based pricing model + rearchitected AI Work Platform (One AI)
DETFIRE|catalyst|TTD|HIGH|Q2 2026 earnings — first clean print after the Kokai platform migration and late-2024 sales reorg complete; management s (in 9d) — Revenue-growth deceleration ENDS: Q2/Q3 2026 YoY growth stops the 25->19->18->14->12 slide and stabilizes/re-accelerates to mid-teens, with spend-per-existing-client / net retention re-expanding — i.e
  TTD       2026-08-15  (  +9d)  Q2 2026 earnings — first clean print after the Kokai platform migration and late-2024 sales reorg complete; management s
DETFIRE|catalyst|GAP|HIGH|Q2 FY2026 earnings — Section-122 tariff relief (~$80M, ~50bps margin) lands in Q2/Q3 and the test of whether Old Navy's  (in 9d) — Old Navy comparable sales re-accelerate above ~3-4% (core >50%-of-revenue engine reaccelerating), confirming the turnaround is top-line AND margin rather than margin-only
  GAP       2026-08-15  (  +9d)  Q2 FY2026 earnings — Section-122 tariff relief (~$80M, ~50bps margin) lands in Q2/Q3 and the test of whether Old Navy's 
DETFIRE|catalyst|INTU|HIGH|Q4/full-year FY2026 earnings with initial FY2027 guidance — first management read on whether AI is eroding TurboTax/Cons (in 14d) — FY2027 guidance / next tax-season data showing TurboTax + Consumer-segment growth holding double-digit with stable-or-growing filer counts (no AI-driven filer defection), falsifying the structural-ero
  INTU      2026-08-20  ( +14d)  Q4/full-year FY2026 earnings with initial FY2027 guidance — first management read on whether AI is eroding TurboTax/Cons
DETFIRE|catalyst|INSP|MED|AMA CPT panel (Cat-I code decision) (in 40d) — panel outcome; Cat-I = re-rate, status-quo = bear extends
  INSP      2026-09-15  ( +40d)  AMA CPT panel (Cat-I code decision)
DETFIRE|catalyst|RH|MED|Margin inflection from the international gallery ramp (currently a quantified -270bps drag) turning to contribution plus (in 40d) — Q2/H2 FY2026 prints confirm adjusted EBITDA margin re-expanding into the 14-16% guide with FCF tracking $300-400M AND net debt stepping down — i.e., the margin recovery is real operating leverage, not
  RH        2026-09-15  ( +40d)  Margin inflection from the international gallery ramp (currently a quantified -270bps drag) turning to contribution plus
DETFIRE|catalyst|PATH|MED|Q2 FY2027 earnings print — proof that agentic automation (Maestro/agent orchestration) converts pilot-to-production into (in 40d) — Net-new ARR re-accelerates and net-retention inflects up (NRR back above ~112% with ARR growth re-accelerating toward mid-to-high teens), evidencing agentic seats converting to paid production and OFF
  PATH      2026-09-15  ( +40d)  Q2 FY2027 earnings print — proof that agentic automation (Maestro/agent orchestration) converts pilot-to-production into
DETFIRE|catalyst|S|MED|Q2 FY27 earnings — confirmation that the Q1 net-new-ARR reacceleration (+55% YoY) is durable rather than an easy-comp ar (in 40d) — A second consecutive quarter of accelerating net-new ARR that pulls reported revenue growth back ABOVE the ~20% guide, accompanied by an upward FY27 revenue-guide revision and a narrowing GAAP operati
  S         2026-09-15  ( +40d)  Q2 FY27 earnings — confirmation that the Q1 net-new-ARR reacceleration (+55% YoY) is durable rather than an easy-comp ar
DETFIRE|catalyst|SSRM|MED|Sale of the 80% Copler (Turkey) stake for $1.5B cash — definitive SPA signed 2026-03-24 — which removes the post-disaste (in 40d) — Copler $1.5B sale closes clean in Q3 2026 (full cash, no price cut) AND the market hands a pullback from the current near-52-week-high (~$28.5; 52w high $36.5) back toward the low-$20s, so you enter a
  SSRM      2026-09-15  ( +40d)  Sale of the 80% Copler (Turkey) stake for $1.5B cash — definitive SPA signed 2026-03-24 — which removes the post-disaste
DETFIRE|catalyst|EOLS|MED|Section 232 Korea tariff EFFECTIVE (15% Jeuveau) (in 54d) — Q3 inventory (Sept-30) for pre-buy; does the 'longer-term solution' get a noun
  EOLS      2026-09-29  ( +54d)  Section 232 Korea tariff EFFECTIVE (15% Jeuveau)
  WING      2026-10-15  ( +70d)  Return to positive US same-store sales — management guides an inflection back to growth in 2H 2026, first confirmable in
  KER.PA    2026-10-21  ( +76d)  Q3-2026 print: Gucci comp inflection under Demna (H2 sell-through)
  BRBY.L    2026-11-15  (+101d)  H1 FY2027 interim results — the proof the FY26 inflection is durable: continued positive comps (China/Americas not relap
  GO        2026-11-15  (+101d)  Comparable-store-sales inflection to positive in 2H FY2026 under new CEO Jason Potter's operational reset (36 underperfo
  RBLX      2026-11-15  (+101d)  Q3 2026 earnings print confirming DAU re-acceleration as the Jan-2026 age-check (facial-age-estimation for chat) frictio
  LULU      2026-12-15  (+131d)  Activist cooperation agreement (founder Chip Wilson) installing new directors Marc Maurer (ex-On Running co-CEO) and Lau
  BODI      2026-12-15  (+131d)  National retail-nutrition distribution rollout: Shakeology into 80+ Sprouts and 640+ Vitamin Shoppe stores (plus P90X su
  BOOK      2026-12-31  (+147d)  Tax-loss-harvest deadline (2026 gain needs 2026 losses)
  UKRAIN-StepUp-B 2026-12-31  (+147d)  Ukraine ceasefire-durability / security-guarantee watch (upsize variable)
  LVS       2027-12-15  (+496d)  Completion of The Venetian Macau renovation, gating management's $700M/quarter Macau EBITDA target (vs $633M now)


===== 2026-08-07 04:50 (desk) =====
=== CATALYST WATCH 2026-08-07 (window 60d) ===
DETFIRE|catalyst|BAH|MED|FY27 Q1 print (quarter ended Jun-2026) (10d AGO (resolve)) — funded backlog + quarterly book-to-bill turning positive = troughing confirmed
  BAH       2026-07-28  ( -10d)  FY27 Q1 print (quarter ended Jun-2026)
DETFIRE|catalyst|REPL|MED|FDA ODAC advisory vote (late-July, exact date UNVERIFIED) -> PDUFA goal Aug-2; RP1+nivolumab accelerated approval, advanced melanoma (8d AGO (resolve)) — LEADING TRIPWIRE = FDA briefing documents posted ~2 biz days pre-AdCom (agency's own read, moves stock before the vote). Branch YES(approve): don't chase the gap, re-diligence ramp for a lower re-entry. Branch NO(CRL#3): don't catch the knife, ~$1.5-3 floor + distressed raise (observed Apr-2026 crash $5.90->$1.70). Verify exact ODAC date + voting question when Fed Register posts
  REPL      2026-07-30  (  -8d)  FDA ODAC advisory vote (late-July, exact date UNVERIFIED) -> PDUFA goal Aug-2; RP1+nivolumab accelerated approval, advanced melanoma
DETFIRE|catalyst|SILICON2|HIGH|2Q26 print — the AVOID/short INVERT-trigger (in 0d) — INVERT to LONG only if YoY re-accel >45% + Europe inflects + OM recovers >17%; else AVOID holds. Reaching ₩18-22k band = 2nd-leg-down target reached (cover/informational, NOT a buy). Own COSMECCA (the ODM) not SILICON2 (the reseller) for K-beauty
  SILICON2  2026-08-07  (  +0d)  2Q26 print — the AVOID/short INVERT-trigger
DETFIRE|catalyst|COSMECCA|HIGH|Q2 print (in 8d) — OPM + segment mix; RPT note + clean FCF (both were UNVERIFIABLE pre-size)
  COSMECCA  2026-08-15  (  +8d)  Q2 print
DETFIRE|catalyst|TBCG.L|HIGH|Q2 print + geopol de-risk watch (MEGOBARI Senate / Moody's outlook / EU-US thaw) (in 8d) — add toward ~3% on: MEGOBARI dies in Senate | Moody's NEG->STABLE | EU-US thaw | non-tail dislocation <=GBp4000. TAIL-KILL (EXIT not add): any Georgian bank named OFAC / USD-correspondent curtailment
  TBCG.L    2026-08-15  (  +8d)  Q2 print + geopol de-risk watch (MEGOBARI Senate / Moody's outlook / EU-US thaw)
DETFIRE|catalyst|CPRI|HIGH|Q1 FY2027 earnings — first test of management's FY2027 guidance (return to low-single-digit revenue growth to ~$3.525B a (in 8d) — Michael Kors prints a flat-to-positive constant-currency comp (currently -8.4%) — i.e., the guided FY2027 revenue inflection becomes realized rather than promised. That converts a margin-recovery-only
  CPRI      2026-08-15  (  +8d)  Q1 FY2027 earnings — first test of management's FY2027 guidance (return to low-single-digit revenue growth to ~$3.525B a
DETFIRE|catalyst|FOUR|HIGH|Q2 2026 earnings — first fully-clean quarter with Global Blue integrated: proof the acquisition is gross-profit/EPS accr (in 8d) — Q2 print shows Global Blue is GAAP-EPS/FCF accretive AND net leverage starts declining toward ~3x while organic end-to-end volume growth holds >=20% — i.e., the EPS/FCF inflection materializes. If lev
  FOUR      2026-08-15  (  +8d)  Q2 2026 earnings — first fully-clean quarter with Global Blue integrated: proof the acquisition is gross-profit/EPS accr
DETFIRE|catalyst|TPB|HIGH|Modern-oral (FRE nicotine pouch) margin inflection — the guided 2026 ramp to $180-190M net revenue / $220-240M gross con (in 8d) — Q2/Q3 2026 prints showing consolidated adjusted EBITDA margin troughing and re-inflecting WHILE modern-oral tracks the $180-190M net-revenue trajectory (proof the SG&A investment converts to profit/op
  TPB       2026-08-15  (  +8d)  Modern-oral (FRE nicotine pouch) margin inflection — the guided 2026 ramp to $180-190M net revenue / $220-240M gross con
DETFIRE|catalyst|WEN|HIGH|Q2 2026 earnings — first full quarter under newly installed CEO Bob Wright (5/21/26) and CFO Steve Cirulis (6/23/26), th (in 8d) — US same-store sales sequentially inflect — the −7.8% comp turning materially less negative toward flat with TRAFFIC (not just price/mix) stabilizing — confirming Project Fresh is working, while adj. E
  WEN       2026-08-15  (  +8d)  Q2 2026 earnings — first full quarter under newly installed CEO Bob Wright (5/21/26) and CFO Steve Cirulis (6/23/26), th
DETFIRE|catalyst|CRM|HIGH|Q2 FY2027 earnings print — the test of whether Agentforce/Data Cloud + Informatica re-accelerate total subscription and  (in 8d) — cRPO / total subscription revenue growth re-accelerates back into double digits driven by Agentforce converting to net-new ARR, refuting the 'AI agents replace seats' bear thesis — at ~10x non-GAAP ea
  CRM       2026-08-15  (  +8d)  Q2 FY2027 earnings print — the test of whether Agentforce/Data Cloud + Informatica re-accelerate total subscription and 
DETFIRE|catalyst|HUBS|HIGH|Q2 FY2026 earnings — proof that AI/Breeze is a monetization tailwind (revenue growth holding, net revenue retention infl (in 8d) — Q2 2026 print confirming (a) revenue growth sustained at ~20%+ YoY, (b) net revenue retention inflecting back toward/above 100%, and (c) tangible Breeze AI monetization — i.e., AI demonstrably additiv
  HUBS      2026-08-15  (  +8d)  Q2 FY2026 earnings — proof that AI/Breeze is a monetization tailwind (revenue growth holding, net revenue retention infl
DETFIRE|catalyst|MNDY|HIGH|Q2 2026 earnings as the first hard read on the consumption-based pricing model + rearchitected AI Work Platform (One AI) (in 8d) — NDR stops declining and inflects up (110% turning higher) WITH consumption pricing demonstrably lifting ARPU / net-new ARR — i.e., evidence AI is net-accretive to monday's model, not eroding seats. Th
  MNDY      2026-08-15  (  +8d)  Q2 2026 earnings as the first hard read on the consumption-based pricing model + rearchitected AI Work Platform (One AI)
DETFIRE|catalyst|TTD|HIGH|Q2 2026 earnings — first clean print after the Kokai platform migration and late-2024 sales reorg complete; management s (in 8d) — Revenue-growth deceleration ENDS: Q2/Q3 2026 YoY growth stops the 25->19->18->14->12 slide and stabilizes/re-accelerates to mid-teens, with spend-per-existing-client / net retention re-expanding — i.e
  TTD       2026-08-15  (  +8d)  Q2 2026 earnings — first clean print after the Kokai platform migration and late-2024 sales reorg complete; management s
DETFIRE|catalyst|GAP|HIGH|Q2 FY2026 earnings — Section-122 tariff relief (~$80M, ~50bps margin) lands in Q2/Q3 and the test of whether Old Navy's  (in 8d) — Old Navy comparable sales re-accelerate above ~3-4% (core >50%-of-revenue engine reaccelerating), confirming the turnaround is top-line AND margin rather than margin-only
  GAP       2026-08-15  (  +8d)  Q2 FY2026 earnings — Section-122 tariff relief (~$80M, ~50bps margin) lands in Q2/Q3 and the test of whether Old Navy's 
DETFIRE|catalyst|INTU|HIGH|Q4/full-year FY2026 earnings with initial FY2027 guidance — first management read on whether AI is eroding TurboTax/Cons (in 13d) — FY2027 guidance / next tax-season data showing TurboTax + Consumer-segment growth holding double-digit with stable-or-growing filer counts (no AI-driven filer defection), falsifying the structural-ero
  INTU      2026-08-20  ( +13d)  Q4/full-year FY2026 earnings with initial FY2027 guidance — first management read on whether AI is eroding TurboTax/Cons
DETFIRE|catalyst|INSP|MED|AMA CPT panel (Cat-I code decision) (in 39d) — panel outcome; Cat-I = re-rate, status-quo = bear extends
  INSP      2026-09-15  ( +39d)  AMA CPT panel (Cat-I code decision)
DETFIRE|catalyst|RH|MED|Margin inflection from the international gallery ramp (currently a quantified -270bps drag) turning to contribution plus (in 39d) — Q2/H2 FY2026 prints confirm adjusted EBITDA margin re-expanding into the 14-16% guide with FCF tracking $300-400M AND net debt stepping down — i.e., the margin recovery is real operating leverage, not
  RH        2026-09-15  ( +39d)  Margin inflection from the international gallery ramp (currently a quantified -270bps drag) turning to contribution plus
DETFIRE|catalyst|PATH|MED|Q2 FY2027 earnings print — proof that agentic automation (Maestro/agent orchestration) converts pilot-to-production into (in 39d) — Net-new ARR re-accelerates and net-retention inflects up (NRR back above ~112% with ARR growth re-accelerating toward mid-to-high teens), evidencing agentic seats converting to paid production and OFF
  PATH      2026-09-15  ( +39d)  Q2 FY2027 earnings print — proof that agentic automation (Maestro/agent orchestration) converts pilot-to-production into
DETFIRE|catalyst|S|MED|Q2 FY27 earnings — confirmation that the Q1 net-new-ARR reacceleration (+55% YoY) is durable rather than an easy-comp ar (in 39d) — A second consecutive quarter of accelerating net-new ARR that pulls reported revenue growth back ABOVE the ~20% guide, accompanied by an upward FY27 revenue-guide revision and a narrowing GAAP operati
  S         2026-09-15  ( +39d)  Q2 FY27 earnings — confirmation that the Q1 net-new-ARR reacceleration (+55% YoY) is durable rather than an easy-comp ar
DETFIRE|catalyst|SSRM|MED|Sale of the 80% Copler (Turkey) stake for $1.5B cash — definitive SPA signed 2026-03-24 — which removes the post-disaste (in 39d) — Copler $1.5B sale closes clean in Q3 2026 (full cash, no price cut) AND the market hands a pullback from the current near-52-week-high (~$28.5; 52w high $36.5) back toward the low-$20s, so you enter a
  SSRM      2026-09-15  ( +39d)  Sale of the 80% Copler (Turkey) stake for $1.5B cash — definitive SPA signed 2026-03-24 — which removes the post-disaste
DETFIRE|catalyst|EOLS|MED|Section 232 Korea tariff EFFECTIVE (15% Jeuveau) (in 53d) — Q3 inventory (Sept-30) for pre-buy; does the 'longer-term solution' get a noun
  EOLS      2026-09-29  ( +53d)  Section 232 Korea tariff EFFECTIVE (15% Jeuveau)
  WING      2026-10-15  ( +69d)  Return to positive US same-store sales — management guides an inflection back to growth in 2H 2026, first confirmable in
  KER.PA    2026-10-21  ( +75d)  Q3-2026 print: Gucci comp inflection under Demna (H2 sell-through)
  BRBY.L    2026-11-15  (+100d)  H1 FY2027 interim results — the proof the FY26 inflection is durable: continued positive comps (China/Americas not relap
  GO        2026-11-15  (+100d)  Comparable-store-sales inflection to positive in 2H FY2026 under new CEO Jason Potter's operational reset (36 underperfo
  RBLX      2026-11-15  (+100d)  Q3 2026 earnings print confirming DAU re-acceleration as the Jan-2026 age-check (facial-age-estimation for chat) frictio
  LULU      2026-12-15  (+130d)  Activist cooperation agreement (founder Chip Wilson) installing new directors Marc Maurer (ex-On Running co-CEO) and Lau
  BODI      2026-12-15  (+130d)  National retail-nutrition distribution rollout: Shakeology into 80+ Sprouts and 640+ Vitamin Shoppe stores (plus P90X su
  BOOK      2026-12-31  (+146d)  Tax-loss-harvest deadline (2026 gain needs 2026 losses)
  UKRAIN-StepUp-B 2026-12-31  (+146d)  Ukraine ceasefire-durability / security-guarantee watch (upsize variable)
  LVS       2027-12-15  (+495d)  Completion of The Venetian Macau renovation, gating management's $700M/quarter Macau EBITDA target (vs $633M now)


===== 2026-08-10 00:55 (desk) =====
=== CATALYST WATCH 2026-08-10 (window 60d) ===
  BAH       2026-07-28  ( -13d)  FY27 Q1 print (quarter ended Jun-2026)
  REPL      2026-07-30  ( -11d)  FDA ODAC advisory vote (late-July, exact date UNVERIFIED) -> PDUFA goal Aug-2; RP1+nivolumab accelerated approval, advanced melanoma
DETFIRE|catalyst|SILICON2|HIGH|2Q26 print — the AVOID/short INVERT-trigger (3d AGO (resolve)) — INVERT to LONG only if YoY re-accel >45% + Europe inflects + OM recovers >17%; else AVOID holds. Reaching ₩18-22k band = 2nd-leg-down target reached (cover/informational, NOT a buy). Own COSMECCA (the ODM) not SILICON2 (the reseller) for K-beauty
  SILICON2  2026-08-07  (  -3d)  2Q26 print — the AVOID/short INVERT-trigger
DETFIRE|catalyst|COSMECCA|HIGH|Q2 print (in 5d) — OPM + segment mix; RPT note + clean FCF (both were UNVERIFIABLE pre-size)
  COSMECCA  2026-08-15  (  +5d)  Q2 print
DETFIRE|catalyst|TBCG.L|HIGH|Q2 print + geopol de-risk watch (MEGOBARI Senate / Moody's outlook / EU-US thaw) (in 5d) — add toward ~3% on: MEGOBARI dies in Senate | Moody's NEG->STABLE | EU-US thaw | non-tail dislocation <=GBp4000. TAIL-KILL (EXIT not add): any Georgian bank named OFAC / USD-correspondent curtailment
  TBCG.L    2026-08-15  (  +5d)  Q2 print + geopol de-risk watch (MEGOBARI Senate / Moody's outlook / EU-US thaw)
DETFIRE|catalyst|CPRI|HIGH|Q1 FY2027 earnings — first test of management's FY2027 guidance (return to low-single-digit revenue growth to ~$3.525B a (in 5d) — Michael Kors prints a flat-to-positive constant-currency comp (currently -8.4%) — i.e., the guided FY2027 revenue inflection becomes realized rather than promised. That converts a margin-recovery-only
  CPRI      2026-08-15  (  +5d)  Q1 FY2027 earnings — first test of management's FY2027 guidance (return to low-single-digit revenue growth to ~$3.525B a
DETFIRE|catalyst|FOUR|HIGH|Q2 2026 earnings — first fully-clean quarter with Global Blue integrated: proof the acquisition is gross-profit/EPS accr (in 5d) — Q2 print shows Global Blue is GAAP-EPS/FCF accretive AND net leverage starts declining toward ~3x while organic end-to-end volume growth holds >=20% — i.e., the EPS/FCF inflection materializes. If lev
  FOUR      2026-08-15  (  +5d)  Q2 2026 earnings — first fully-clean quarter with Global Blue integrated: proof the acquisition is gross-profit/EPS accr
DETFIRE|catalyst|TPB|HIGH|Modern-oral (FRE nicotine pouch) margin inflection — the guided 2026 ramp to $180-190M net revenue / $220-240M gross con (in 5d) — Q2/Q3 2026 prints showing consolidated adjusted EBITDA margin troughing and re-inflecting WHILE modern-oral tracks the $180-190M net-revenue trajectory (proof the SG&A investment converts to profit/op
  TPB       2026-08-15  (  +5d)  Modern-oral (FRE nicotine pouch) margin inflection — the guided 2026 ramp to $180-190M net revenue / $220-240M gross con
DETFIRE|catalyst|WEN|HIGH|Q2 2026 earnings — first full quarter under newly installed CEO Bob Wright (5/21/26) and CFO Steve Cirulis (6/23/26), th (in 5d) — US same-store sales sequentially inflect — the −7.8% comp turning materially less negative toward flat with TRAFFIC (not just price/mix) stabilizing — confirming Project Fresh is working, while adj. E
  WEN       2026-08-15  (  +5d)  Q2 2026 earnings — first full quarter under newly installed CEO Bob Wright (5/21/26) and CFO Steve Cirulis (6/23/26), th
DETFIRE|catalyst|CRM|HIGH|Q2 FY2027 earnings print — the test of whether Agentforce/Data Cloud + Informatica re-accelerate total subscription and  (in 5d) — cRPO / total subscription revenue growth re-accelerates back into double digits driven by Agentforce converting to net-new ARR, refuting the 'AI agents replace seats' bear thesis — at ~10x non-GAAP ea
  CRM       2026-08-15  (  +5d)  Q2 FY2027 earnings print — the test of whether Agentforce/Data Cloud + Informatica re-accelerate total subscription and 
DETFIRE|catalyst|HUBS|HIGH|Q2 FY2026 earnings — proof that AI/Breeze is a monetization tailwind (revenue growth holding, net revenue retention infl (in 5d) — Q2 2026 print confirming (a) revenue growth sustained at ~20%+ YoY, (b) net revenue retention inflecting back toward/above 100%, and (c) tangible Breeze AI monetization — i.e., AI demonstrably additiv
  HUBS      2026-08-15  (  +5d)  Q2 FY2026 earnings — proof that AI/Breeze is a monetization tailwind (revenue growth holding, net revenue retention infl
DETFIRE|catalyst|MNDY|HIGH|Q2 2026 earnings as the first hard read on the consumption-based pricing model + rearchitected AI Work Platform (One AI) (in 5d) — NDR stops declining and inflects up (110% turning higher) WITH consumption pricing demonstrably lifting ARPU / net-new ARR — i.e., evidence AI is net-accretive to monday's model, not eroding seats. Th
  MNDY      2026-08-15  (  +5d)  Q2 2026 earnings as the first hard read on the consumption-based pricing model + rearchitected AI Work Platform (One AI)
DETFIRE|catalyst|TTD|HIGH|Q2 2026 earnings — first clean print after the Kokai platform migration and late-2024 sales reorg complete; management s (in 5d) — Revenue-growth deceleration ENDS: Q2/Q3 2026 YoY growth stops the 25->19->18->14->12 slide and stabilizes/re-accelerates to mid-teens, with spend-per-existing-client / net retention re-expanding — i.e
  TTD       2026-08-15  (  +5d)  Q2 2026 earnings — first clean print after the Kokai platform migration and late-2024 sales reorg complete; management s
DETFIRE|catalyst|GAP|HIGH|Q2 FY2026 earnings — Section-122 tariff relief (~$80M, ~50bps margin) lands in Q2/Q3 and the test of whether Old Navy's  (in 5d) — Old Navy comparable sales re-accelerate above ~3-4% (core >50%-of-revenue engine reaccelerating), confirming the turnaround is top-line AND margin rather than margin-only
  GAP       2026-08-15  (  +5d)  Q2 FY2026 earnings — Section-122 tariff relief (~$80M, ~50bps margin) lands in Q2/Q3 and the test of whether Old Navy's 
DETFIRE|catalyst|INTU|HIGH|Q4/full-year FY2026 earnings with initial FY2027 guidance — first management read on whether AI is eroding TurboTax/Cons (in 10d) — FY2027 guidance / next tax-season data showing TurboTax + Consumer-segment growth holding double-digit with stable-or-growing filer counts (no AI-driven filer defection), falsifying the structural-ero
  INTU      2026-08-20  ( +10d)  Q4/full-year FY2026 earnings with initial FY2027 guidance — first management read on whether AI is eroding TurboTax/Cons
DETFIRE|catalyst|INSP|MED|AMA CPT panel (Cat-I code decision) (in 36d) — panel outcome; Cat-I = re-rate, status-quo = bear extends
  INSP      2026-09-15  ( +36d)  AMA CPT panel (Cat-I code decision)
DETFIRE|catalyst|RH|MED|Margin inflection from the international gallery ramp (currently a quantified -270bps drag) turning to contribution plus (in 36d) — Q2/H2 FY2026 prints confirm adjusted EBITDA margin re-expanding into the 14-16% guide with FCF tracking $300-400M AND net debt stepping down — i.e., the margin recovery is real operating leverage, not
  RH        2026-09-15  ( +36d)  Margin inflection from the international gallery ramp (currently a quantified -270bps drag) turning to contribution plus
DETFIRE|catalyst|PATH|MED|Q2 FY2027 earnings print — proof that agentic automation (Maestro/agent orchestration) converts pilot-to-production into (in 36d) — Net-new ARR re-accelerates and net-retention inflects up (NRR back above ~112% with ARR growth re-accelerating toward mid-to-high teens), evidencing agentic seats converting to paid production and OFF
  PATH      2026-09-15  ( +36d)  Q2 FY2027 earnings print — proof that agentic automation (Maestro/agent orchestration) converts pilot-to-production into
DETFIRE|catalyst|S|MED|Q2 FY27 earnings — confirmation that the Q1 net-new-ARR reacceleration (+55% YoY) is durable rather than an easy-comp ar (in 36d) — A second consecutive quarter of accelerating net-new ARR that pulls reported revenue growth back ABOVE the ~20% guide, accompanied by an upward FY27 revenue-guide revision and a narrowing GAAP operati
  S         2026-09-15  ( +36d)  Q2 FY27 earnings — confirmation that the Q1 net-new-ARR reacceleration (+55% YoY) is durable rather than an easy-comp ar
DETFIRE|catalyst|SSRM|MED|Sale of the 80% Copler (Turkey) stake for $1.5B cash — definitive SPA signed 2026-03-24 — which removes the post-disaste (in 36d) — Copler $1.5B sale closes clean in Q3 2026 (full cash, no price cut) AND the market hands a pullback from the current near-52-week-high (~$28.5; 52w high $36.5) back toward the low-$20s, so you enter a
  SSRM      2026-09-15  ( +36d)  Sale of the 80% Copler (Turkey) stake for $1.5B cash — definitive SPA signed 2026-03-24 — which removes the post-disaste
DETFIRE|catalyst|EOLS|MED|Section 232 Korea tariff EFFECTIVE (15% Jeuveau) (in 50d) — Q3 inventory (Sept-30) for pre-buy; does the 'longer-term solution' get a noun
  EOLS      2026-09-29  ( +50d)  Section 232 Korea tariff EFFECTIVE (15% Jeuveau)
  WING      2026-10-15  ( +66d)  Return to positive US same-store sales — management guides an inflection back to growth in 2H 2026, first confirmable in
  KER.PA    2026-10-21  ( +72d)  Q3-2026 print: Gucci comp inflection under Demna (H2 sell-through)
  BRBY.L    2026-11-15  ( +97d)  H1 FY2027 interim results — the proof the FY26 inflection is durable: continued positive comps (China/Americas not relap
  GO        2026-11-15  ( +97d)  Comparable-store-sales inflection to positive in 2H FY2026 under new CEO Jason Potter's operational reset (36 underperfo
  RBLX      2026-11-15  ( +97d)  Q3 2026 earnings print confirming DAU re-acceleration as the Jan-2026 age-check (facial-age-estimation for chat) frictio
  LULU      2026-12-15  (+127d)  Activist cooperation agreement (founder Chip Wilson) installing new directors Marc Maurer (ex-On Running co-CEO) and Lau
  BODI      2026-12-15  (+127d)  National retail-nutrition distribution rollout: Shakeology into 80+ Sprouts and 640+ Vitamin Shoppe stores (plus P90X su
  BOOK      2026-12-31  (+143d)  Tax-loss-harvest deadline (2026 gain needs 2026 losses)
  UKRAIN-StepUp-B 2026-12-31  (+143d)  Ukraine ceasefire-durability / security-guarantee watch (upsize variable)
  LVS       2027-12-15  (+492d)  Completion of The Venetian Macau renovation, gating management's $700M/quarter Macau EBITDA target (vs $633M now)


===== 2026-08-11 02:01 (desk) =====
=== CATALYST WATCH 2026-08-11 (window 60d) ===
  BAH       2026-07-28  ( -14d)  FY27 Q1 print (quarter ended Jun-2026)
  REPL      2026-07-30  ( -12d)  FDA ODAC advisory vote (late-July, exact date UNVERIFIED) -> PDUFA goal Aug-2; RP1+nivolumab accelerated approval, advanced melanoma
DETFIRE|catalyst|SILICON2|MED|2Q26 print — the AVOID/short INVERT-trigger (4d AGO (resolve)) — INVERT to LONG only if YoY re-accel >45% + Europe inflects + OM recovers >17%; else AVOID holds. Reaching ₩18-22k band = 2nd-leg-down target reached (cover/informational, NOT a buy). Own COSMECCA (the ODM) not SILICON2 (the reseller) for K-beauty
  SILICON2  2026-08-07  (  -4d)  2Q26 print — the AVOID/short INVERT-trigger
DETFIRE|catalyst|COSMECCA|HIGH|Q2 print (in 4d) — OPM + segment mix; RPT note + clean FCF (both were UNVERIFIABLE pre-size)
  COSMECCA  2026-08-15  (  +4d)  Q2 print
DETFIRE|catalyst|TBCG.L|HIGH|Q2 print + geopol de-risk watch (MEGOBARI Senate / Moody's outlook / EU-US thaw) (in 4d) — add toward ~3% on: MEGOBARI dies in Senate | Moody's NEG->STABLE | EU-US thaw | non-tail dislocation <=GBp4000. TAIL-KILL (EXIT not add): any Georgian bank named OFAC / USD-correspondent curtailment
  TBCG.L    2026-08-15  (  +4d)  Q2 print + geopol de-risk watch (MEGOBARI Senate / Moody's outlook / EU-US thaw)
DETFIRE|catalyst|CPRI|HIGH|Q1 FY2027 earnings — first test of management's FY2027 guidance (return to low-single-digit revenue growth to ~$3.525B a (in 4d) — Michael Kors prints a flat-to-positive constant-currency comp (currently -8.4%) — i.e., the guided FY2027 revenue inflection becomes realized rather than promised. That converts a margin-recovery-only
  CPRI      2026-08-15  (  +4d)  Q1 FY2027 earnings — first test of management's FY2027 guidance (return to low-single-digit revenue growth to ~$3.525B a
DETFIRE|catalyst|FOUR|HIGH|Q2 2026 earnings — first fully-clean quarter with Global Blue integrated: proof the acquisition is gross-profit/EPS accr (in 4d) — Q2 print shows Global Blue is GAAP-EPS/FCF accretive AND net leverage starts declining toward ~3x while organic end-to-end volume growth holds >=20% — i.e., the EPS/FCF inflection materializes. If lev
  FOUR      2026-08-15  (  +4d)  Q2 2026 earnings — first fully-clean quarter with Global Blue integrated: proof the acquisition is gross-profit/EPS accr
DETFIRE|catalyst|TPB|HIGH|Modern-oral (FRE nicotine pouch) margin inflection — the guided 2026 ramp to $180-190M net revenue / $220-240M gross con (in 4d) — Q2/Q3 2026 prints showing consolidated adjusted EBITDA margin troughing and re-inflecting WHILE modern-oral tracks the $180-190M net-revenue trajectory (proof the SG&A investment converts to profit/op
  TPB       2026-08-15  (  +4d)  Modern-oral (FRE nicotine pouch) margin inflection — the guided 2026 ramp to $180-190M net revenue / $220-240M gross con
DETFIRE|catalyst|WEN|HIGH|Q2 2026 earnings — first full quarter under newly installed CEO Bob Wright (5/21/26) and CFO Steve Cirulis (6/23/26), th (in 4d) — US same-store sales sequentially inflect — the −7.8% comp turning materially less negative toward flat with TRAFFIC (not just price/mix) stabilizing — confirming Project Fresh is working, while adj. E
  WEN       2026-08-15  (  +4d)  Q2 2026 earnings — first full quarter under newly installed CEO Bob Wright (5/21/26) and CFO Steve Cirulis (6/23/26), th
DETFIRE|catalyst|CRM|HIGH|Q2 FY2027 earnings print — the test of whether Agentforce/Data Cloud + Informatica re-accelerate total subscription and  (in 4d) — cRPO / total subscription revenue growth re-accelerates back into double digits driven by Agentforce converting to net-new ARR, refuting the 'AI agents replace seats' bear thesis — at ~10x non-GAAP ea
  CRM       2026-08-15  (  +4d)  Q2 FY2027 earnings print — the test of whether Agentforce/Data Cloud + Informatica re-accelerate total subscription and 
DETFIRE|catalyst|HUBS|HIGH|Q2 FY2026 earnings — proof that AI/Breeze is a monetization tailwind (revenue growth holding, net revenue retention infl (in 4d) — Q2 2026 print confirming (a) revenue growth sustained at ~20%+ YoY, (b) net revenue retention inflecting back toward/above 100%, and (c) tangible Breeze AI monetization — i.e., AI demonstrably additiv
  HUBS      2026-08-15  (  +4d)  Q2 FY2026 earnings — proof that AI/Breeze is a monetization tailwind (revenue growth holding, net revenue retention infl
DETFIRE|catalyst|MNDY|HIGH|Q2 2026 earnings as the first hard read on the consumption-based pricing model + rearchitected AI Work Platform (One AI) (in 4d) — NDR stops declining and inflects up (110% turning higher) WITH consumption pricing demonstrably lifting ARPU / net-new ARR — i.e., evidence AI is net-accretive to monday's model, not eroding seats. Th
  MNDY      2026-08-15  (  +4d)  Q2 2026 earnings as the first hard read on the consumption-based pricing model + rearchitected AI Work Platform (One AI)
DETFIRE|catalyst|TTD|HIGH|Q2 2026 earnings — first clean print after the Kokai platform migration and late-2024 sales reorg complete; management s (in 4d) — Revenue-growth deceleration ENDS: Q2/Q3 2026 YoY growth stops the 25->19->18->14->12 slide and stabilizes/re-accelerates to mid-teens, with spend-per-existing-client / net retention re-expanding — i.e
  TTD       2026-08-15  (  +4d)  Q2 2026 earnings — first clean print after the Kokai platform migration and late-2024 sales reorg complete; management s
DETFIRE|catalyst|GAP|HIGH|Q2 FY2026 earnings — Section-122 tariff relief (~$80M, ~50bps margin) lands in Q2/Q3 and the test of whether Old Navy's  (in 4d) — Old Navy comparable sales re-accelerate above ~3-4% (core >50%-of-revenue engine reaccelerating), confirming the turnaround is top-line AND margin rather than margin-only
  GAP       2026-08-15  (  +4d)  Q2 FY2026 earnings — Section-122 tariff relief (~$80M, ~50bps margin) lands in Q2/Q3 and the test of whether Old Navy's 
DETFIRE|catalyst|INTU|HIGH|Q4/full-year FY2026 earnings with initial FY2027 guidance — first management read on whether AI is eroding TurboTax/Cons (in 9d) — FY2027 guidance / next tax-season data showing TurboTax + Consumer-segment growth holding double-digit with stable-or-growing filer counts (no AI-driven filer defection), falsifying the structural-ero
  INTU      2026-08-20  (  +9d)  Q4/full-year FY2026 earnings with initial FY2027 guidance — first management read on whether AI is eroding TurboTax/Cons
DETFIRE|catalyst|INSP|MED|AMA CPT panel (Cat-I code decision) (in 35d) — panel outcome; Cat-I = re-rate, status-quo = bear extends
  INSP      2026-09-15  ( +35d)  AMA CPT panel (Cat-I code decision)
DETFIRE|catalyst|RH|MED|Margin inflection from the international gallery ramp (currently a quantified -270bps drag) turning to contribution plus (in 35d) — Q2/H2 FY2026 prints confirm adjusted EBITDA margin re-expanding into the 14-16% guide with FCF tracking $300-400M AND net debt stepping down — i.e., the margin recovery is real operating leverage, not
  RH        2026-09-15  ( +35d)  Margin inflection from the international gallery ramp (currently a quantified -270bps drag) turning to contribution plus
DETFIRE|catalyst|PATH|MED|Q2 FY2027 earnings print — proof that agentic automation (Maestro/agent orchestration) converts pilot-to-production into (in 35d) — Net-new ARR re-accelerates and net-retention inflects up (NRR back above ~112% with ARR growth re-accelerating toward mid-to-high teens), evidencing agentic seats converting to paid production and OFF
  PATH      2026-09-15  ( +35d)  Q2 FY2027 earnings print — proof that agentic automation (Maestro/agent orchestration) converts pilot-to-production into
DETFIRE|catalyst|S|MED|Q2 FY27 earnings — confirmation that the Q1 net-new-ARR reacceleration (+55% YoY) is durable rather than an easy-comp ar (in 35d) — A second consecutive quarter of accelerating net-new ARR that pulls reported revenue growth back ABOVE the ~20% guide, accompanied by an upward FY27 revenue-guide revision and a narrowing GAAP operati
  S         2026-09-15  ( +35d)  Q2 FY27 earnings — confirmation that the Q1 net-new-ARR reacceleration (+55% YoY) is durable rather than an easy-comp ar
DETFIRE|catalyst|SSRM|MED|Sale of the 80% Copler (Turkey) stake for $1.5B cash — definitive SPA signed 2026-03-24 — which removes the post-disaste (in 35d) — Copler $1.5B sale closes clean in Q3 2026 (full cash, no price cut) AND the market hands a pullback from the current near-52-week-high (~$28.5; 52w high $36.5) back toward the low-$20s, so you enter a
  SSRM      2026-09-15  ( +35d)  Sale of the 80% Copler (Turkey) stake for $1.5B cash — definitive SPA signed 2026-03-24 — which removes the post-disaste
DETFIRE|catalyst|EOLS|MED|Section 232 Korea tariff EFFECTIVE (15% Jeuveau) (in 49d) — Q3 inventory (Sept-30) for pre-buy; does the 'longer-term solution' get a noun
  EOLS      2026-09-29  ( +49d)  Section 232 Korea tariff EFFECTIVE (15% Jeuveau)
  WING      2026-10-15  ( +65d)  Return to positive US same-store sales — management guides an inflection back to growth in 2H 2026, first confirmable in
  KER.PA    2026-10-21  ( +71d)  Q3-2026 print: Gucci comp inflection under Demna (H2 sell-through)
  BRBY.L    2026-11-15  ( +96d)  H1 FY2027 interim results — the proof the FY26 inflection is durable: continued positive comps (China/Americas not relap
  GO        2026-11-15  ( +96d)  Comparable-store-sales inflection to positive in 2H FY2026 under new CEO Jason Potter's operational reset (36 underperfo
  RBLX      2026-11-15  ( +96d)  Q3 2026 earnings print confirming DAU re-acceleration as the Jan-2026 age-check (facial-age-estimation for chat) frictio
  LULU      2026-12-15  (+126d)  Activist cooperation agreement (founder Chip Wilson) installing new directors Marc Maurer (ex-On Running co-CEO) and Lau
  BODI      2026-12-15  (+126d)  National retail-nutrition distribution rollout: Shakeology into 80+ Sprouts and 640+ Vitamin Shoppe stores (plus P90X su
  BOOK      2026-12-31  (+142d)  Tax-loss-harvest deadline (2026 gain needs 2026 losses)
  UKRAIN-StepUp-B 2026-12-31  (+142d)  Ukraine ceasefire-durability / security-guarantee watch (upsize variable)
  LVS       2027-12-15  (+491d)  Completion of The Venetian Macau renovation, gating management's $700M/quarter Macau EBITDA target (vs $633M now)


===== 2026-08-12 07:59 (desk) =====
=== CATALYST WATCH 2026-08-12 (window 60d) ===
  BAH       2026-07-28  ( -15d)  FY27 Q1 print (quarter ended Jun-2026)
  REPL      2026-07-30  ( -13d)  FDA ODAC advisory vote (late-July, exact date UNVERIFIED) -> PDUFA goal Aug-2; RP1+nivolumab accelerated approval, advanced melanoma
DETFIRE|catalyst|SILICON2|MED|2Q26 print — the AVOID/short INVERT-trigger (5d AGO (resolve)) — INVERT to LONG only if YoY re-accel >45% + Europe inflects + OM recovers >17%; else AVOID holds. Reaching ₩18-22k band = 2nd-leg-down target reached (cover/informational, NOT a buy). Own COSMECCA (the ODM) not SILICON2 (the reseller) for K-beauty
  SILICON2  2026-08-07  (  -5d)  2Q26 print — the AVOID/short INVERT-trigger
DETFIRE|catalyst|COSMECCA|HIGH|Q2 print (in 3d) — OPM + segment mix; RPT note + clean FCF (both were UNVERIFIABLE pre-size)
  COSMECCA  2026-08-15  (  +3d)  Q2 print
DETFIRE|catalyst|TBCG.L|HIGH|Q2 print + geopol de-risk watch (MEGOBARI Senate / Moody's outlook / EU-US thaw) (in 3d) — add toward ~3% on: MEGOBARI dies in Senate | Moody's NEG->STABLE | EU-US thaw | non-tail dislocation <=GBp4000. TAIL-KILL (EXIT not add): any Georgian bank named OFAC / USD-correspondent curtailment
  TBCG.L    2026-08-15  (  +3d)  Q2 print + geopol de-risk watch (MEGOBARI Senate / Moody's outlook / EU-US thaw)
DETFIRE|catalyst|CPRI|HIGH|Q1 FY2027 earnings — first test of management's FY2027 guidance (return to low-single-digit revenue growth to ~$3.525B a (in 3d) — Michael Kors prints a flat-to-positive constant-currency comp (currently -8.4%) — i.e., the guided FY2027 revenue inflection becomes realized rather than promised. That converts a margin-recovery-only
  CPRI      2026-08-15  (  +3d)  Q1 FY2027 earnings — first test of management's FY2027 guidance (return to low-single-digit revenue growth to ~$3.525B a
DETFIRE|catalyst|FOUR|HIGH|Q2 2026 earnings — first fully-clean quarter with Global Blue integrated: proof the acquisition is gross-profit/EPS accr (in 3d) — Q2 print shows Global Blue is GAAP-EPS/FCF accretive AND net leverage starts declining toward ~3x while organic end-to-end volume growth holds >=20% — i.e., the EPS/FCF inflection materializes. If lev
  FOUR      2026-08-15  (  +3d)  Q2 2026 earnings — first fully-clean quarter with Global Blue integrated: proof the acquisition is gross-profit/EPS accr
DETFIRE|catalyst|TPB|HIGH|Modern-oral (FRE nicotine pouch) margin inflection — the guided 2026 ramp to $180-190M net revenue / $220-240M gross con (in 3d) — Q2/Q3 2026 prints showing consolidated adjusted EBITDA margin troughing and re-inflecting WHILE modern-oral tracks the $180-190M net-revenue trajectory (proof the SG&A investment converts to profit/op
  TPB       2026-08-15  (  +3d)  Modern-oral (FRE nicotine pouch) margin inflection — the guided 2026 ramp to $180-190M net revenue / $220-240M gross con
DETFIRE|catalyst|WEN|HIGH|Q2 2026 earnings — first full quarter under newly installed CEO Bob Wright (5/21/26) and CFO Steve Cirulis (6/23/26), th (in 3d) — US same-store sales sequentially inflect — the −7.8% comp turning materially less negative toward flat with TRAFFIC (not just price/mix) stabilizing — confirming Project Fresh is working, while adj. E
  WEN       2026-08-15  (  +3d)  Q2 2026 earnings — first full quarter under newly installed CEO Bob Wright (5/21/26) and CFO Steve Cirulis (6/23/26), th
DETFIRE|catalyst|CRM|HIGH|Q2 FY2027 earnings print — the test of whether Agentforce/Data Cloud + Informatica re-accelerate total subscription and  (in 3d) — cRPO / total subscription revenue growth re-accelerates back into double digits driven by Agentforce converting to net-new ARR, refuting the 'AI agents replace seats' bear thesis — at ~10x non-GAAP ea
  CRM       2026-08-15  (  +3d)  Q2 FY2027 earnings print — the test of whether Agentforce/Data Cloud + Informatica re-accelerate total subscription and 
DETFIRE|catalyst|HUBS|HIGH|Q2 FY2026 earnings — proof that AI/Breeze is a monetization tailwind (revenue growth holding, net revenue retention infl (in 3d) — Q2 2026 print confirming (a) revenue growth sustained at ~20%+ YoY, (b) net revenue retention inflecting back toward/above 100%, and (c) tangible Breeze AI monetization — i.e., AI demonstrably additiv
  HUBS      2026-08-15  (  +3d)  Q2 FY2026 earnings — proof that AI/Breeze is a monetization tailwind (revenue growth holding, net revenue retention infl
DETFIRE|catalyst|MNDY|HIGH|Q2 2026 earnings as the first hard read on the consumption-based pricing model + rearchitected AI Work Platform (One AI) (in 3d) — NDR stops declining and inflects up (110% turning higher) WITH consumption pricing demonstrably lifting ARPU / net-new ARR — i.e., evidence AI is net-accretive to monday's model, not eroding seats. Th
  MNDY      2026-08-15  (  +3d)  Q2 2026 earnings as the first hard read on the consumption-based pricing model + rearchitected AI Work Platform (One AI)
DETFIRE|catalyst|TTD|HIGH|Q2 2026 earnings — first clean print after the Kokai platform migration and late-2024 sales reorg complete; management s (in 3d) — Revenue-growth deceleration ENDS: Q2/Q3 2026 YoY growth stops the 25->19->18->14->12 slide and stabilizes/re-accelerates to mid-teens, with spend-per-existing-client / net retention re-expanding — i.e
  TTD       2026-08-15  (  +3d)  Q2 2026 earnings — first clean print after the Kokai platform migration and late-2024 sales reorg complete; management s
DETFIRE|catalyst|GAP|HIGH|Q2 FY2026 earnings — Section-122 tariff relief (~$80M, ~50bps margin) lands in Q2/Q3 and the test of whether Old Navy's  (in 3d) — Old Navy comparable sales re-accelerate above ~3-4% (core >50%-of-revenue engine reaccelerating), confirming the turnaround is top-line AND margin rather than margin-only
  GAP       2026-08-15  (  +3d)  Q2 FY2026 earnings — Section-122 tariff relief (~$80M, ~50bps margin) lands in Q2/Q3 and the test of whether Old Navy's 
DETFIRE|catalyst|INTU|HIGH|Q4/full-year FY2026 earnings with initial FY2027 guidance — first management read on whether AI is eroding TurboTax/Cons (in 8d) — FY2027 guidance / next tax-season data showing TurboTax + Consumer-segment growth holding double-digit with stable-or-growing filer counts (no AI-driven filer defection), falsifying the structural-ero
  INTU      2026-08-20  (  +8d)  Q4/full-year FY2026 earnings with initial FY2027 guidance — first management read on whether AI is eroding TurboTax/Cons
DETFIRE|catalyst|INSP|MED|AMA CPT panel (Cat-I code decision) (in 34d) — panel outcome; Cat-I = re-rate, status-quo = bear extends
  INSP      2026-09-15  ( +34d)  AMA CPT panel (Cat-I code decision)
DETFIRE|catalyst|RH|MED|Margin inflection from the international gallery ramp (currently a quantified -270bps drag) turning to contribution plus (in 34d) — Q2/H2 FY2026 prints confirm adjusted EBITDA margin re-expanding into the 14-16% guide with FCF tracking $300-400M AND net debt stepping down — i.e., the margin recovery is real operating leverage, not
  RH        2026-09-15  ( +34d)  Margin inflection from the international gallery ramp (currently a quantified -270bps drag) turning to contribution plus
DETFIRE|catalyst|PATH|MED|Q2 FY2027 earnings print — proof that agentic automation (Maestro/agent orchestration) converts pilot-to-production into (in 34d) — Net-new ARR re-accelerates and net-retention inflects up (NRR back above ~112% with ARR growth re-accelerating toward mid-to-high teens), evidencing agentic seats converting to paid production and OFF
  PATH      2026-09-15  ( +34d)  Q2 FY2027 earnings print — proof that agentic automation (Maestro/agent orchestration) converts pilot-to-production into
DETFIRE|catalyst|S|MED|Q2 FY27 earnings — confirmation that the Q1 net-new-ARR reacceleration (+55% YoY) is durable rather than an easy-comp ar (in 34d) — A second consecutive quarter of accelerating net-new ARR that pulls reported revenue growth back ABOVE the ~20% guide, accompanied by an upward FY27 revenue-guide revision and a narrowing GAAP operati
  S         2026-09-15  ( +34d)  Q2 FY27 earnings — confirmation that the Q1 net-new-ARR reacceleration (+55% YoY) is durable rather than an easy-comp ar
DETFIRE|catalyst|SSRM|MED|Sale of the 80% Copler (Turkey) stake for $1.5B cash — definitive SPA signed 2026-03-24 — which removes the post-disaste (in 34d) — Copler $1.5B sale closes clean in Q3 2026 (full cash, no price cut) AND the market hands a pullback from the current near-52-week-high (~$28.5; 52w high $36.5) back toward the low-$20s, so you enter a
  SSRM      2026-09-15  ( +34d)  Sale of the 80% Copler (Turkey) stake for $1.5B cash — definitive SPA signed 2026-03-24 — which removes the post-disaste
DETFIRE|catalyst|EOLS|MED|Section 232 Korea tariff EFFECTIVE (15% Jeuveau) (in 48d) — Q3 inventory (Sept-30) for pre-buy; does the 'longer-term solution' get a noun
  EOLS      2026-09-29  ( +48d)  Section 232 Korea tariff EFFECTIVE (15% Jeuveau)
  WING      2026-10-15  ( +64d)  Return to positive US same-store sales — management guides an inflection back to growth in 2H 2026, first confirmable in
  KER.PA    2026-10-21  ( +70d)  Q3-2026 print: Gucci comp inflection under Demna (H2 sell-through)
  BRBY.L    2026-11-15  ( +95d)  H1 FY2027 interim results — the proof the FY26 inflection is durable: continued positive comps (China/Americas not relap
  GO        2026-11-15  ( +95d)  Comparable-store-sales inflection to positive in 2H FY2026 under new CEO Jason Potter's operational reset (36 underperfo
  RBLX      2026-11-15  ( +95d)  Q3 2026 earnings print confirming DAU re-acceleration as the Jan-2026 age-check (facial-age-estimation for chat) frictio
  LULU      2026-12-15  (+125d)  Activist cooperation agreement (founder Chip Wilson) installing new directors Marc Maurer (ex-On Running co-CEO) and Lau
  BODI      2026-12-15  (+125d)  National retail-nutrition distribution rollout: Shakeology into 80+ Sprouts and 640+ Vitamin Shoppe stores (plus P90X su
  BOOK      2026-12-31  (+141d)  Tax-loss-harvest deadline (2026 gain needs 2026 losses)
  UKRAIN-StepUp-B 2026-12-31  (+141d)  Ukraine ceasefire-durability / security-guarantee watch (upsize variable)
  LVS       2027-12-15  (+490d)  Completion of The Venetian Macau renovation, gating management's $700M/quarter Macau EBITDA target (vs $633M now)


===== 2026-08-13 09:16 (desk) =====
=== CATALYST WATCH 2026-08-13 (window 60d) ===
  BAH       2026-07-28  ( -16d)  FY27 Q1 print (quarter ended Jun-2026)
  REPL      2026-07-30  ( -14d)  FDA ODAC advisory vote (late-July, exact date UNVERIFIED) -> PDUFA goal Aug-2; RP1+nivolumab accelerated approval, advanced melanoma
DETFIRE|catalyst|SILICON2|MED|2Q26 print — the AVOID/short INVERT-trigger (6d AGO (resolve)) — INVERT to LONG only if YoY re-accel >45% + Europe inflects + OM recovers >17%; else AVOID holds. Reaching ₩18-22k band = 2nd-leg-down target reached (cover/informational, NOT a buy). Own COSMECCA (the ODM) not SILICON2 (the reseller) for K-beauty
  SILICON2  2026-08-07  (  -6d)  2Q26 print — the AVOID/short INVERT-trigger
DETFIRE|catalyst|COSMECCA|HIGH|Q2 print (in 2d) — OPM + segment mix; RPT note + clean FCF (both were UNVERIFIABLE pre-size)
  COSMECCA  2026-08-15  (  +2d)  Q2 print
DETFIRE|catalyst|TBCG.L|HIGH|Q2 print + geopol de-risk watch (MEGOBARI Senate / Moody's outlook / EU-US thaw) (in 2d) — add toward ~3% on: MEGOBARI dies in Senate | Moody's NEG->STABLE | EU-US thaw | non-tail dislocation <=GBp4000. TAIL-KILL (EXIT not add): any Georgian bank named OFAC / USD-correspondent curtailment
  TBCG.L    2026-08-15  (  +2d)  Q2 print + geopol de-risk watch (MEGOBARI Senate / Moody's outlook / EU-US thaw)
DETFIRE|catalyst|CPRI|HIGH|Q1 FY2027 earnings — first test of management's FY2027 guidance (return to low-single-digit revenue growth to ~$3.525B a (in 2d) — Michael Kors prints a flat-to-positive constant-currency comp (currently -8.4%) — i.e., the guided FY2027 revenue inflection becomes realized rather than promised. That converts a margin-recovery-only
  CPRI      2026-08-15  (  +2d)  Q1 FY2027 earnings — first test of management's FY2027 guidance (return to low-single-digit revenue growth to ~$3.525B a
DETFIRE|catalyst|FOUR|HIGH|Q2 2026 earnings — first fully-clean quarter with Global Blue integrated: proof the acquisition is gross-profit/EPS accr (in 2d) — Q2 print shows Global Blue is GAAP-EPS/FCF accretive AND net leverage starts declining toward ~3x while organic end-to-end volume growth holds >=20% — i.e., the EPS/FCF inflection materializes. If lev
  FOUR      2026-08-15  (  +2d)  Q2 2026 earnings — first fully-clean quarter with Global Blue integrated: proof the acquisition is gross-profit/EPS accr
DETFIRE|catalyst|TPB|HIGH|Modern-oral (FRE nicotine pouch) margin inflection — the guided 2026 ramp to $180-190M net revenue / $220-240M gross con (in 2d) — Q2/Q3 2026 prints showing consolidated adjusted EBITDA margin troughing and re-inflecting WHILE modern-oral tracks the $180-190M net-revenue trajectory (proof the SG&A investment converts to profit/op
  TPB       2026-08-15  (  +2d)  Modern-oral (FRE nicotine pouch) margin inflection — the guided 2026 ramp to $180-190M net revenue / $220-240M gross con
DETFIRE|catalyst|WEN|HIGH|Q2 2026 earnings — first full quarter under newly installed CEO Bob Wright (5/21/26) and CFO Steve Cirulis (6/23/26), th (in 2d) — US same-store sales sequentially inflect — the −7.8% comp turning materially less negative toward flat with TRAFFIC (not just price/mix) stabilizing — confirming Project Fresh is working, while adj. E
  WEN       2026-08-15  (  +2d)  Q2 2026 earnings — first full quarter under newly installed CEO Bob Wright (5/21/26) and CFO Steve Cirulis (6/23/26), th
DETFIRE|catalyst|CRM|HIGH|Q2 FY2027 earnings print — the test of whether Agentforce/Data Cloud + Informatica re-accelerate total subscription and  (in 2d) — cRPO / total subscription revenue growth re-accelerates back into double digits driven by Agentforce converting to net-new ARR, refuting the 'AI agents replace seats' bear thesis — at ~10x non-GAAP ea
  CRM       2026-08-15  (  +2d)  Q2 FY2027 earnings print — the test of whether Agentforce/Data Cloud + Informatica re-accelerate total subscription and 
DETFIRE|catalyst|HUBS|HIGH|Q2 FY2026 earnings — proof that AI/Breeze is a monetization tailwind (revenue growth holding, net revenue retention infl (in 2d) — Q2 2026 print confirming (a) revenue growth sustained at ~20%+ YoY, (b) net revenue retention inflecting back toward/above 100%, and (c) tangible Breeze AI monetization — i.e., AI demonstrably additiv
  HUBS      2026-08-15  (  +2d)  Q2 FY2026 earnings — proof that AI/Breeze is a monetization tailwind (revenue growth holding, net revenue retention infl
DETFIRE|catalyst|MNDY|HIGH|Q2 2026 earnings as the first hard read on the consumption-based pricing model + rearchitected AI Work Platform (One AI) (in 2d) — NDR stops declining and inflects up (110% turning higher) WITH consumption pricing demonstrably lifting ARPU / net-new ARR — i.e., evidence AI is net-accretive to monday's model, not eroding seats. Th
  MNDY      2026-08-15  (  +2d)  Q2 2026 earnings as the first hard read on the consumption-based pricing model + rearchitected AI Work Platform (One AI)
DETFIRE|catalyst|TTD|HIGH|Q2 2026 earnings — first clean print after the Kokai platform migration and late-2024 sales reorg complete; management s (in 2d) — Revenue-growth deceleration ENDS: Q2/Q3 2026 YoY growth stops the 25->19->18->14->12 slide and stabilizes/re-accelerates to mid-teens, with spend-per-existing-client / net retention re-expanding — i.e
  TTD       2026-08-15  (  +2d)  Q2 2026 earnings — first clean print after the Kokai platform migration and late-2024 sales reorg complete; management s
DETFIRE|catalyst|GAP|HIGH|Q2 FY2026 earnings — Section-122 tariff relief (~$80M, ~50bps margin) lands in Q2/Q3 and the test of whether Old Navy's  (in 2d) — Old Navy comparable sales re-accelerate above ~3-4% (core >50%-of-revenue engine reaccelerating), confirming the turnaround is top-line AND margin rather than margin-only
  GAP       2026-08-15  (  +2d)  Q2 FY2026 earnings — Section-122 tariff relief (~$80M, ~50bps margin) lands in Q2/Q3 and the test of whether Old Navy's 
DETFIRE|catalyst|INTU|HIGH|Q4/full-year FY2026 earnings with initial FY2027 guidance — first management read on whether AI is eroding TurboTax/Cons (in 7d) — FY2027 guidance / next tax-season data showing TurboTax + Consumer-segment growth holding double-digit with stable-or-growing filer counts (no AI-driven filer defection), falsifying the structural-ero
  INTU      2026-08-20  (  +7d)  Q4/full-year FY2026 earnings with initial FY2027 guidance — first management read on whether AI is eroding TurboTax/Cons
DETFIRE|catalyst|INSP|MED|AMA CPT panel (Cat-I code decision) (in 33d) — panel outcome; Cat-I = re-rate, status-quo = bear extends
  INSP      2026-09-15  ( +33d)  AMA CPT panel (Cat-I code decision)
DETFIRE|catalyst|RH|MED|Margin inflection from the international gallery ramp (currently a quantified -270bps drag) turning to contribution plus (in 33d) — Q2/H2 FY2026 prints confirm adjusted EBITDA margin re-expanding into the 14-16% guide with FCF tracking $300-400M AND net debt stepping down — i.e., the margin recovery is real operating leverage, not
  RH        2026-09-15  ( +33d)  Margin inflection from the international gallery ramp (currently a quantified -270bps drag) turning to contribution plus
DETFIRE|catalyst|PATH|MED|Q2 FY2027 earnings print — proof that agentic automation (Maestro/agent orchestration) converts pilot-to-production into (in 33d) — Net-new ARR re-accelerates and net-retention inflects up (NRR back above ~112% with ARR growth re-accelerating toward mid-to-high teens), evidencing agentic seats converting to paid production and OFF
  PATH      2026-09-15  ( +33d)  Q2 FY2027 earnings print — proof that agentic automation (Maestro/agent orchestration) converts pilot-to-production into
DETFIRE|catalyst|S|MED|Q2 FY27 earnings — confirmation that the Q1 net-new-ARR reacceleration (+55% YoY) is durable rather than an easy-comp ar (in 33d) — A second consecutive quarter of accelerating net-new ARR that pulls reported revenue growth back ABOVE the ~20% guide, accompanied by an upward FY27 revenue-guide revision and a narrowing GAAP operati
  S         2026-09-15  ( +33d)  Q2 FY27 earnings — confirmation that the Q1 net-new-ARR reacceleration (+55% YoY) is durable rather than an easy-comp ar
DETFIRE|catalyst|SSRM|MED|Sale of the 80% Copler (Turkey) stake for $1.5B cash — definitive SPA signed 2026-03-24 — which removes the post-disaste (in 33d) — Copler $1.5B sale closes clean in Q3 2026 (full cash, no price cut) AND the market hands a pullback from the current near-52-week-high (~$28.5; 52w high $36.5) back toward the low-$20s, so you enter a
  SSRM      2026-09-15  ( +33d)  Sale of the 80% Copler (Turkey) stake for $1.5B cash — definitive SPA signed 2026-03-24 — which removes the post-disaste
DETFIRE|catalyst|EOLS|MED|Section 232 Korea tariff EFFECTIVE (15% Jeuveau) (in 47d) — Q3 inventory (Sept-30) for pre-buy; does the 'longer-term solution' get a noun
  EOLS      2026-09-29  ( +47d)  Section 232 Korea tariff EFFECTIVE (15% Jeuveau)
  WING      2026-10-15  ( +63d)  Return to positive US same-store sales — management guides an inflection back to growth in 2H 2026, first confirmable in
  KER.PA    2026-10-21  ( +69d)  Q3-2026 print: Gucci comp inflection under Demna (H2 sell-through)
  BRBY.L    2026-11-15  ( +94d)  H1 FY2027 interim results — the proof the FY26 inflection is durable: continued positive comps (China/Americas not relap
  GO        2026-11-15  ( +94d)  Comparable-store-sales inflection to positive in 2H FY2026 under new CEO Jason Potter's operational reset (36 underperfo
  RBLX      2026-11-15  ( +94d)  Q3 2026 earnings print confirming DAU re-acceleration as the Jan-2026 age-check (facial-age-estimation for chat) frictio
  LULU      2026-12-15  (+124d)  Activist cooperation agreement (founder Chip Wilson) installing new directors Marc Maurer (ex-On Running co-CEO) and Lau
  BODI      2026-12-15  (+124d)  National retail-nutrition distribution rollout: Shakeology into 80+ Sprouts and 640+ Vitamin Shoppe stores (plus P90X su
  BOOK      2026-12-31  (+140d)  Tax-loss-harvest deadline (2026 gain needs 2026 losses)
  UKRAIN-StepUp-B 2026-12-31  (+140d)  Ukraine ceasefire-durability / security-guarantee watch (upsize variable)
  LVS       2027-12-15  (+489d)  Completion of The Venetian Macau renovation, gating management's $700M/quarter Macau EBITDA target (vs $633M now)


===== 2026-08-14 10:05 (desk) =====
=== CATALYST WATCH 2026-08-14 (window 60d) ===
  BAH       2026-07-28  ( -17d)  FY27 Q1 print (quarter ended Jun-2026)
  REPL      2026-07-30  ( -15d)  FDA ODAC advisory vote (late-July, exact date UNVERIFIED) -> PDUFA goal Aug-2; RP1+nivolumab accelerated approval, advanced melanoma
DETFIRE|catalyst|SILICON2|MED|2Q26 print — the AVOID/short INVERT-trigger (7d AGO (resolve)) — INVERT to LONG only if YoY re-accel >45% + Europe inflects + OM recovers >17%; else AVOID holds. Reaching ₩18-22k band = 2nd-leg-down target reached (cover/informational, NOT a buy). Own COSMECCA (the ODM) not SILICON2 (the reseller) for K-beauty
  SILICON2  2026-08-07  (  -7d)  2Q26 print — the AVOID/short INVERT-trigger
DETFIRE|catalyst|COSMECCA|HIGH|Q2 print (in 1d) — OPM + segment mix; RPT note + clean FCF (both were UNVERIFIABLE pre-size)
  COSMECCA  2026-08-15  (  +1d)  Q2 print
DETFIRE|catalyst|TBCG.L|HIGH|Q2 print + geopol de-risk watch (MEGOBARI Senate / Moody's outlook / EU-US thaw) (in 1d) — add toward ~3% on: MEGOBARI dies in Senate | Moody's NEG->STABLE | EU-US thaw | non-tail dislocation <=GBp4000. TAIL-KILL (EXIT not add): any Georgian bank named OFAC / USD-correspondent curtailment
  TBCG.L    2026-08-15  (  +1d)  Q2 print + geopol de-risk watch (MEGOBARI Senate / Moody's outlook / EU-US thaw)
DETFIRE|catalyst|CPRI|HIGH|Q1 FY2027 earnings — first test of management's FY2027 guidance (return to low-single-digit revenue growth to ~$3.525B a (in 1d) — Michael Kors prints a flat-to-positive constant-currency comp (currently -8.4%) — i.e., the guided FY2027 revenue inflection becomes realized rather than promised. That converts a margin-recovery-only
  CPRI      2026-08-15  (  +1d)  Q1 FY2027 earnings — first test of management's FY2027 guidance (return to low-single-digit revenue growth to ~$3.525B a
DETFIRE|catalyst|FOUR|HIGH|Q2 2026 earnings — first fully-clean quarter with Global Blue integrated: proof the acquisition is gross-profit/EPS accr (in 1d) — Q2 print shows Global Blue is GAAP-EPS/FCF accretive AND net leverage starts declining toward ~3x while organic end-to-end volume growth holds >=20% — i.e., the EPS/FCF inflection materializes. If lev
  FOUR      2026-08-15  (  +1d)  Q2 2026 earnings — first fully-clean quarter with Global Blue integrated: proof the acquisition is gross-profit/EPS accr
DETFIRE|catalyst|TPB|HIGH|Modern-oral (FRE nicotine pouch) margin inflection — the guided 2026 ramp to $180-190M net revenue / $220-240M gross con (in 1d) — Q2/Q3 2026 prints showing consolidated adjusted EBITDA margin troughing and re-inflecting WHILE modern-oral tracks the $180-190M net-revenue trajectory (proof the SG&A investment converts to profit/op
  TPB       2026-08-15  (  +1d)  Modern-oral (FRE nicotine pouch) margin inflection — the guided 2026 ramp to $180-190M net revenue / $220-240M gross con
DETFIRE|catalyst|WEN|HIGH|Q2 2026 earnings — first full quarter under newly installed CEO Bob Wright (5/21/26) and CFO Steve Cirulis (6/23/26), th (in 1d) — US same-store sales sequentially inflect — the −7.8% comp turning materially less negative toward flat with TRAFFIC (not just price/mix) stabilizing — confirming Project Fresh is working, while adj. E
  WEN       2026-08-15  (  +1d)  Q2 2026 earnings — first full quarter under newly installed CEO Bob Wright (5/21/26) and CFO Steve Cirulis (6/23/26), th
DETFIRE|catalyst|CRM|HIGH|Q2 FY2027 earnings print — the test of whether Agentforce/Data Cloud + Informatica re-accelerate total subscription and  (in 1d) — cRPO / total subscription revenue growth re-accelerates back into double digits driven by Agentforce converting to net-new ARR, refuting the 'AI agents replace seats' bear thesis — at ~10x non-GAAP ea
  CRM       2026-08-15  (  +1d)  Q2 FY2027 earnings print — the test of whether Agentforce/Data Cloud + Informatica re-accelerate total subscription and 
DETFIRE|catalyst|HUBS|HIGH|Q2 FY2026 earnings — proof that AI/Breeze is a monetization tailwind (revenue growth holding, net revenue retention infl (in 1d) — Q2 2026 print confirming (a) revenue growth sustained at ~20%+ YoY, (b) net revenue retention inflecting back toward/above 100%, and (c) tangible Breeze AI monetization — i.e., AI demonstrably additiv
  HUBS      2026-08-15  (  +1d)  Q2 FY2026 earnings — proof that AI/Breeze is a monetization tailwind (revenue growth holding, net revenue retention infl
DETFIRE|catalyst|MNDY|HIGH|Q2 2026 earnings as the first hard read on the consumption-based pricing model + rearchitected AI Work Platform (One AI) (in 1d) — NDR stops declining and inflects up (110% turning higher) WITH consumption pricing demonstrably lifting ARPU / net-new ARR — i.e., evidence AI is net-accretive to monday's model, not eroding seats. Th
  MNDY      2026-08-15  (  +1d)  Q2 2026 earnings as the first hard read on the consumption-based pricing model + rearchitected AI Work Platform (One AI)
DETFIRE|catalyst|TTD|HIGH|Q2 2026 earnings — first clean print after the Kokai platform migration and late-2024 sales reorg complete; management s (in 1d) — Revenue-growth deceleration ENDS: Q2/Q3 2026 YoY growth stops the 25->19->18->14->12 slide and stabilizes/re-accelerates to mid-teens, with spend-per-existing-client / net retention re-expanding — i.e
  TTD       2026-08-15  (  +1d)  Q2 2026 earnings — first clean print after the Kokai platform migration and late-2024 sales reorg complete; management s
DETFIRE|catalyst|GAP|HIGH|Q2 FY2026 earnings — Section-122 tariff relief (~$80M, ~50bps margin) lands in Q2/Q3 and the test of whether Old Navy's  (in 1d) — Old Navy comparable sales re-accelerate above ~3-4% (core >50%-of-revenue engine reaccelerating), confirming the turnaround is top-line AND margin rather than margin-only
  GAP       2026-08-15  (  +1d)  Q2 FY2026 earnings — Section-122 tariff relief (~$80M, ~50bps margin) lands in Q2/Q3 and the test of whether Old Navy's 
DETFIRE|catalyst|INTU|HIGH|Q4/full-year FY2026 earnings with initial FY2027 guidance — first management read on whether AI is eroding TurboTax/Cons (in 6d) — FY2027 guidance / next tax-season data showing TurboTax + Consumer-segment growth holding double-digit with stable-or-growing filer counts (no AI-driven filer defection), falsifying the structural-ero
  INTU      2026-08-20  (  +6d)  Q4/full-year FY2026 earnings with initial FY2027 guidance — first management read on whether AI is eroding TurboTax/Cons
DETFIRE|catalyst|INSP|MED|AMA CPT panel (Cat-I code decision) (in 32d) — panel outcome; Cat-I = re-rate, status-quo = bear extends
  INSP      2026-09-15  ( +32d)  AMA CPT panel (Cat-I code decision)
DETFIRE|catalyst|RH|MED|Margin inflection from the international gallery ramp (currently a quantified -270bps drag) turning to contribution plus (in 32d) — Q2/H2 FY2026 prints confirm adjusted EBITDA margin re-expanding into the 14-16% guide with FCF tracking $300-400M AND net debt stepping down — i.e., the margin recovery is real operating leverage, not
  RH        2026-09-15  ( +32d)  Margin inflection from the international gallery ramp (currently a quantified -270bps drag) turning to contribution plus
DETFIRE|catalyst|PATH|MED|Q2 FY2027 earnings print — proof that agentic automation (Maestro/agent orchestration) converts pilot-to-production into (in 32d) — Net-new ARR re-accelerates and net-retention inflects up (NRR back above ~112% with ARR growth re-accelerating toward mid-to-high teens), evidencing agentic seats converting to paid production and OFF
  PATH      2026-09-15  ( +32d)  Q2 FY2027 earnings print — proof that agentic automation (Maestro/agent orchestration) converts pilot-to-production into
DETFIRE|catalyst|S|MED|Q2 FY27 earnings — confirmation that the Q1 net-new-ARR reacceleration (+55% YoY) is durable rather than an easy-comp ar (in 32d) — A second consecutive quarter of accelerating net-new ARR that pulls reported revenue growth back ABOVE the ~20% guide, accompanied by an upward FY27 revenue-guide revision and a narrowing GAAP operati
  S         2026-09-15  ( +32d)  Q2 FY27 earnings — confirmation that the Q1 net-new-ARR reacceleration (+55% YoY) is durable rather than an easy-comp ar
DETFIRE|catalyst|SSRM|MED|Sale of the 80% Copler (Turkey) stake for $1.5B cash — definitive SPA signed 2026-03-24 — which removes the post-disaste (in 32d) — Copler $1.5B sale closes clean in Q3 2026 (full cash, no price cut) AND the market hands a pullback from the current near-52-week-high (~$28.5; 52w high $36.5) back toward the low-$20s, so you enter a
  SSRM      2026-09-15  ( +32d)  Sale of the 80% Copler (Turkey) stake for $1.5B cash — definitive SPA signed 2026-03-24 — which removes the post-disaste
DETFIRE|catalyst|EOLS|MED|Section 232 Korea tariff EFFECTIVE (15% Jeuveau) (in 46d) — Q3 inventory (Sept-30) for pre-buy; does the 'longer-term solution' get a noun
  EOLS      2026-09-29  ( +46d)  Section 232 Korea tariff EFFECTIVE (15% Jeuveau)
  WING      2026-10-15  ( +62d)  Return to positive US same-store sales — management guides an inflection back to growth in 2H 2026, first confirmable in
  KER.PA    2026-10-21  ( +68d)  Q3-2026 print: Gucci comp inflection under Demna (H2 sell-through)
  BRBY.L    2026-11-15  ( +93d)  H1 FY2027 interim results — the proof the FY26 inflection is durable: continued positive comps (China/Americas not relap
  GO        2026-11-15  ( +93d)  Comparable-store-sales inflection to positive in 2H FY2026 under new CEO Jason Potter's operational reset (36 underperfo
  RBLX      2026-11-15  ( +93d)  Q3 2026 earnings print confirming DAU re-acceleration as the Jan-2026 age-check (facial-age-estimation for chat) frictio
  LULU      2026-12-15  (+123d)  Activist cooperation agreement (founder Chip Wilson) installing new directors Marc Maurer (ex-On Running co-CEO) and Lau
  BODI      2026-12-15  (+123d)  National retail-nutrition distribution rollout: Shakeology into 80+ Sprouts and 640+ Vitamin Shoppe stores (plus P90X su
  BOOK      2026-12-31  (+139d)  Tax-loss-harvest deadline (2026 gain needs 2026 losses)
  UKRAIN-StepUp-B 2026-12-31  (+139d)  Ukraine ceasefire-durability / security-guarantee watch (upsize variable)
  LVS       2027-12-15  (+488d)  Completion of The Venetian Macau renovation, gating management's $700M/quarter Macau EBITDA target (vs $633M now)


===== 2026-08-17 09:00 (desk) =====
=== CATALYST WATCH 2026-08-17 (window 60d) ===
  BAH       2026-07-28  ( -20d)  FY27 Q1 print (quarter ended Jun-2026)
  REPL      2026-07-30  ( -18d)  FDA ODAC advisory vote (late-July, exact date UNVERIFIED) -> PDUFA goal Aug-2; RP1+nivolumab accelerated approval, advanced melanoma
DETFIRE|catalyst|SILICON2|MED|2Q26 print — the AVOID/short INVERT-trigger (10d AGO (resolve)) — INVERT to LONG only if YoY re-accel >45% + Europe inflects + OM recovers >17%; else AVOID holds. Reaching ₩18-22k band = 2nd-leg-down target reached (cover/informational, NOT a buy). Own COSMECCA (the ODM) not SILICON2 (the reseller) for K-beauty
  SILICON2  2026-08-07  ( -10d)  2Q26 print — the AVOID/short INVERT-trigger
DETFIRE|catalyst|COSMECCA|HIGH|Q2 print (2d AGO (resolve)) — OPM + segment mix; RPT note + clean FCF (both were UNVERIFIABLE pre-size)
  COSMECCA  2026-08-15  (  -2d)  Q2 print
DETFIRE|catalyst|TBCG.L|HIGH|Q2 print + geopol de-risk watch (MEGOBARI Senate / Moody's outlook / EU-US thaw) (2d AGO (resolve)) — add toward ~3% on: MEGOBARI dies in Senate | Moody's NEG->STABLE | EU-US thaw | non-tail dislocation <=GBp4000. TAIL-KILL (EXIT not add): any Georgian bank named OFAC / USD-correspondent curtailment
  TBCG.L    2026-08-15  (  -2d)  Q2 print + geopol de-risk watch (MEGOBARI Senate / Moody's outlook / EU-US thaw)
DETFIRE|catalyst|CPRI|HIGH|Q1 FY2027 earnings — first test of management's FY2027 guidance (return to low-single-digit revenue growth to ~$3.525B a (2d AGO (resolve)) — Michael Kors prints a flat-to-positive constant-currency comp (currently -8.4%) — i.e., the guided FY2027 revenue inflection becomes realized rather than promised. That converts a margin-recovery-only
  CPRI      2026-08-15  (  -2d)  Q1 FY2027 earnings — first test of management's FY2027 guidance (return to low-single-digit revenue growth to ~$3.525B a
DETFIRE|catalyst|FOUR|HIGH|Q2 2026 earnings — first fully-clean quarter with Global Blue integrated: proof the acquisition is gross-profit/EPS accr (2d AGO (resolve)) — Q2 print shows Global Blue is GAAP-EPS/FCF accretive AND net leverage starts declining toward ~3x while organic end-to-end volume growth holds >=20% — i.e., the EPS/FCF inflection materializes. If lev
  FOUR      2026-08-15  (  -2d)  Q2 2026 earnings — first fully-clean quarter with Global Blue integrated: proof the acquisition is gross-profit/EPS accr
DETFIRE|catalyst|TPB|HIGH|Modern-oral (FRE nicotine pouch) margin inflection — the guided 2026 ramp to $180-190M net revenue / $220-240M gross con (2d AGO (resolve)) — Q2/Q3 2026 prints showing consolidated adjusted EBITDA margin troughing and re-inflecting WHILE modern-oral tracks the $180-190M net-revenue trajectory (proof the SG&A investment converts to profit/op
  TPB       2026-08-15  (  -2d)  Modern-oral (FRE nicotine pouch) margin inflection — the guided 2026 ramp to $180-190M net revenue / $220-240M gross con
DETFIRE|catalyst|WEN|HIGH|Q2 2026 earnings — first full quarter under newly installed CEO Bob Wright (5/21/26) and CFO Steve Cirulis (6/23/26), th (2d AGO (resolve)) — US same-store sales sequentially inflect — the −7.8% comp turning materially less negative toward flat with TRAFFIC (not just price/mix) stabilizing — confirming Project Fresh is working, while adj. E
  WEN       2026-08-15  (  -2d)  Q2 2026 earnings — first full quarter under newly installed CEO Bob Wright (5/21/26) and CFO Steve Cirulis (6/23/26), th
DETFIRE|catalyst|CRM|HIGH|Q2 FY2027 earnings print — the test of whether Agentforce/Data Cloud + Informatica re-accelerate total subscription and  (2d AGO (resolve)) — cRPO / total subscription revenue growth re-accelerates back into double digits driven by Agentforce converting to net-new ARR, refuting the 'AI agents replace seats' bear thesis — at ~10x non-GAAP ea
  CRM       2026-08-15  (  -2d)  Q2 FY2027 earnings print — the test of whether Agentforce/Data Cloud + Informatica re-accelerate total subscription and 
DETFIRE|catalyst|HUBS|HIGH|Q2 FY2026 earnings — proof that AI/Breeze is a monetization tailwind (revenue growth holding, net revenue retention infl (2d AGO (resolve)) — Q2 2026 print confirming (a) revenue growth sustained at ~20%+ YoY, (b) net revenue retention inflecting back toward/above 100%, and (c) tangible Breeze AI monetization — i.e., AI demonstrably additiv
  HUBS      2026-08-15  (  -2d)  Q2 FY2026 earnings — proof that AI/Breeze is a monetization tailwind (revenue growth holding, net revenue retention infl
DETFIRE|catalyst|MNDY|HIGH|Q2 2026 earnings as the first hard read on the consumption-based pricing model + rearchitected AI Work Platform (One AI) (2d AGO (resolve)) — NDR stops declining and inflects up (110% turning higher) WITH consumption pricing demonstrably lifting ARPU / net-new ARR — i.e., evidence AI is net-accretive to monday's model, not eroding seats. Th
  MNDY      2026-08-15  (  -2d)  Q2 2026 earnings as the first hard read on the consumption-based pricing model + rearchitected AI Work Platform (One AI)
DETFIRE|catalyst|TTD|HIGH|Q2 2026 earnings — first clean print after the Kokai platform migration and late-2024 sales reorg complete; management s (2d AGO (resolve)) — Revenue-growth deceleration ENDS: Q2/Q3 2026 YoY growth stops the 25->19->18->14->12 slide and stabilizes/re-accelerates to mid-teens, with spend-per-existing-client / net retention re-expanding — i.e
  TTD       2026-08-15  (  -2d)  Q2 2026 earnings — first clean print after the Kokai platform migration and late-2024 sales reorg complete; management s
DETFIRE|catalyst|GAP|HIGH|Q2 FY2026 earnings — Section-122 tariff relief (~$80M, ~50bps margin) lands in Q2/Q3 and the test of whether Old Navy's  (2d AGO (resolve)) — Old Navy comparable sales re-accelerate above ~3-4% (core >50%-of-revenue engine reaccelerating), confirming the turnaround is top-line AND margin rather than margin-only
  GAP       2026-08-15  (  -2d)  Q2 FY2026 earnings — Section-122 tariff relief (~$80M, ~50bps margin) lands in Q2/Q3 and the test of whether Old Navy's 
DETFIRE|catalyst|INTU|HIGH|Q4/full-year FY2026 earnings with initial FY2027 guidance — first management read on whether AI is eroding TurboTax/Cons (in 3d) — FY2027 guidance / next tax-season data showing TurboTax + Consumer-segment growth holding double-digit with stable-or-growing filer counts (no AI-driven filer defection), falsifying the structural-ero
  INTU      2026-08-20  (  +3d)  Q4/full-year FY2026 earnings with initial FY2027 guidance — first management read on whether AI is eroding TurboTax/Cons
DETFIRE|catalyst|INSP|MED|AMA CPT panel (Cat-I code decision) (in 29d) — panel outcome; Cat-I = re-rate, status-quo = bear extends
  INSP      2026-09-15  ( +29d)  AMA CPT panel (Cat-I code decision)
DETFIRE|catalyst|RH|MED|Margin inflection from the international gallery ramp (currently a quantified -270bps drag) turning to contribution plus (in 29d) — Q2/H2 FY2026 prints confirm adjusted EBITDA margin re-expanding into the 14-16% guide with FCF tracking $300-400M AND net debt stepping down — i.e., the margin recovery is real operating leverage, not
  RH        2026-09-15  ( +29d)  Margin inflection from the international gallery ramp (currently a quantified -270bps drag) turning to contribution plus
DETFIRE|catalyst|PATH|MED|Q2 FY2027 earnings print — proof that agentic automation (Maestro/agent orchestration) converts pilot-to-production into (in 29d) — Net-new ARR re-accelerates and net-retention inflects up (NRR back above ~112% with ARR growth re-accelerating toward mid-to-high teens), evidencing agentic seats converting to paid production and OFF
  PATH      2026-09-15  ( +29d)  Q2 FY2027 earnings print — proof that agentic automation (Maestro/agent orchestration) converts pilot-to-production into
DETFIRE|catalyst|S|MED|Q2 FY27 earnings — confirmation that the Q1 net-new-ARR reacceleration (+55% YoY) is durable rather than an easy-comp ar (in 29d) — A second consecutive quarter of accelerating net-new ARR that pulls reported revenue growth back ABOVE the ~20% guide, accompanied by an upward FY27 revenue-guide revision and a narrowing GAAP operati
  S         2026-09-15  ( +29d)  Q2 FY27 earnings — confirmation that the Q1 net-new-ARR reacceleration (+55% YoY) is durable rather than an easy-comp ar
DETFIRE|catalyst|SSRM|MED|Sale of the 80% Copler (Turkey) stake for $1.5B cash — definitive SPA signed 2026-03-24 — which removes the post-disaste (in 29d) — Copler $1.5B sale closes clean in Q3 2026 (full cash, no price cut) AND the market hands a pullback from the current near-52-week-high (~$28.5; 52w high $36.5) back toward the low-$20s, so you enter a
  SSRM      2026-09-15  ( +29d)  Sale of the 80% Copler (Turkey) stake for $1.5B cash — definitive SPA signed 2026-03-24 — which removes the post-disaste
DETFIRE|catalyst|EOLS|MED|Section 232 Korea tariff EFFECTIVE (15% Jeuveau) (in 43d) — Q3 inventory (Sept-30) for pre-buy; does the 'longer-term solution' get a noun
  EOLS      2026-09-29  ( +43d)  Section 232 Korea tariff EFFECTIVE (15% Jeuveau)
DETFIRE|catalyst|WING|MED|Return to positive US same-store sales — management guides an inflection back to growth in 2H 2026, first confirmable in (in 59d) — A Q3/Q4 FY2026 print showing US same-store sales sequentially inflecting back toward positive — confirming the demand weakness was cyclical (weather + tough laps + macro), not secular saturation. That
  WING      2026-10-15  ( +59d)  Return to positive US same-store sales — management guides an inflection back to growth in 2H 2026, first confirmable in
  KER.PA    2026-10-21  ( +65d)  Q3-2026 print: Gucci comp inflection under Demna (H2 sell-through)
  BRBY.L    2026-11-15  ( +90d)  H1 FY2027 interim results — the proof the FY26 inflection is durable: continued positive comps (China/Americas not relap
  GO        2026-11-15  ( +90d)  Comparable-store-sales inflection to positive in 2H FY2026 under new CEO Jason Potter's operational reset (36 underperfo
  RBLX      2026-11-15  ( +90d)  Q3 2026 earnings print confirming DAU re-acceleration as the Jan-2026 age-check (facial-age-estimation for chat) frictio
  LULU      2026-12-15  (+120d)  Activist cooperation agreement (founder Chip Wilson) installing new directors Marc Maurer (ex-On Running co-CEO) and Lau
  BODI      2026-12-15  (+120d)  National retail-nutrition distribution rollout: Shakeology into 80+ Sprouts and 640+ Vitamin Shoppe stores (plus P90X su
  BOOK      2026-12-31  (+136d)  Tax-loss-harvest deadline (2026 gain needs 2026 losses)
  UKRAIN-StepUp-B 2026-12-31  (+136d)  Ukraine ceasefire-durability / security-guarantee watch (upsize variable)
  LVS       2027-12-15  (+485d)  Completion of The Venetian Macau renovation, gating management's $700M/quarter Macau EBITDA target (vs $633M now)


===== 2026-08-18 09:53 (desk) =====
=== CATALYST WATCH 2026-08-18 (window 60d) ===
  BAH       2026-07-28  ( -21d)  FY27 Q1 print (quarter ended Jun-2026)
  REPL      2026-07-30  ( -19d)  FDA ODAC advisory vote (late-July, exact date UNVERIFIED) -> PDUFA goal Aug-2; RP1+nivolumab accelerated approval, advanced melanoma
  SILICON2  2026-08-07  ( -11d)  2Q26 print — the AVOID/short INVERT-trigger
DETFIRE|catalyst|COSMECCA|HIGH|Q2 print (3d AGO (resolve)) — OPM + segment mix; RPT note + clean FCF (both were UNVERIFIABLE pre-size)
  COSMECCA  2026-08-15  (  -3d)  Q2 print
DETFIRE|catalyst|TBCG.L|HIGH|Q2 print + geopol de-risk watch (MEGOBARI Senate / Moody's outlook / EU-US thaw) (3d AGO (resolve)) — add toward ~3% on: MEGOBARI dies in Senate | Moody's NEG->STABLE | EU-US thaw | non-tail dislocation <=GBp4000. TAIL-KILL (EXIT not add): any Georgian bank named OFAC / USD-correspondent curtailment
  TBCG.L    2026-08-15  (  -3d)  Q2 print + geopol de-risk watch (MEGOBARI Senate / Moody's outlook / EU-US thaw)
DETFIRE|catalyst|CPRI|HIGH|Q1 FY2027 earnings — first test of management's FY2027 guidance (return to low-single-digit revenue growth to ~$3.525B a (3d AGO (resolve)) — Michael Kors prints a flat-to-positive constant-currency comp (currently -8.4%) — i.e., the guided FY2027 revenue inflection becomes realized rather than promised. That converts a margin-recovery-only
  CPRI      2026-08-15  (  -3d)  Q1 FY2027 earnings — first test of management's FY2027 guidance (return to low-single-digit revenue growth to ~$3.525B a
DETFIRE|catalyst|FOUR|HIGH|Q2 2026 earnings — first fully-clean quarter with Global Blue integrated: proof the acquisition is gross-profit/EPS accr (3d AGO (resolve)) — Q2 print shows Global Blue is GAAP-EPS/FCF accretive AND net leverage starts declining toward ~3x while organic end-to-end volume growth holds >=20% — i.e., the EPS/FCF inflection materializes. If lev
  FOUR      2026-08-15  (  -3d)  Q2 2026 earnings — first fully-clean quarter with Global Blue integrated: proof the acquisition is gross-profit/EPS accr
DETFIRE|catalyst|TPB|HIGH|Modern-oral (FRE nicotine pouch) margin inflection — the guided 2026 ramp to $180-190M net revenue / $220-240M gross con (3d AGO (resolve)) — Q2/Q3 2026 prints showing consolidated adjusted EBITDA margin troughing and re-inflecting WHILE modern-oral tracks the $180-190M net-revenue trajectory (proof the SG&A investment converts to profit/op
  TPB       2026-08-15  (  -3d)  Modern-oral (FRE nicotine pouch) margin inflection — the guided 2026 ramp to $180-190M net revenue / $220-240M gross con
DETFIRE|catalyst|WEN|HIGH|Q2 2026 earnings — first full quarter under newly installed CEO Bob Wright (5/21/26) and CFO Steve Cirulis (6/23/26), th (3d AGO (resolve)) — US same-store sales sequentially inflect — the −7.8% comp turning materially less negative toward flat with TRAFFIC (not just price/mix) stabilizing — confirming Project Fresh is working, while adj. E
  WEN       2026-08-15  (  -3d)  Q2 2026 earnings — first full quarter under newly installed CEO Bob Wright (5/21/26) and CFO Steve Cirulis (6/23/26), th
DETFIRE|catalyst|CRM|HIGH|Q2 FY2027 earnings print — the test of whether Agentforce/Data Cloud + Informatica re-accelerate total subscription and  (3d AGO (resolve)) — cRPO / total subscription revenue growth re-accelerates back into double digits driven by Agentforce converting to net-new ARR, refuting the 'AI agents replace seats' bear thesis — at ~10x non-GAAP ea
  CRM       2026-08-15  (  -3d)  Q2 FY2027 earnings print — the test of whether Agentforce/Data Cloud + Informatica re-accelerate total subscription and 
DETFIRE|catalyst|HUBS|HIGH|Q2 FY2026 earnings — proof that AI/Breeze is a monetization tailwind (revenue growth holding, net revenue retention infl (3d AGO (resolve)) — Q2 2026 print confirming (a) revenue growth sustained at ~20%+ YoY, (b) net revenue retention inflecting back toward/above 100%, and (c) tangible Breeze AI monetization — i.e., AI demonstrably additiv
  HUBS      2026-08-15  (  -3d)  Q2 FY2026 earnings — proof that AI/Breeze is a monetization tailwind (revenue growth holding, net revenue retention infl
DETFIRE|catalyst|MNDY|HIGH|Q2 2026 earnings as the first hard read on the consumption-based pricing model + rearchitected AI Work Platform (One AI) (3d AGO (resolve)) — NDR stops declining and inflects up (110% turning higher) WITH consumption pricing demonstrably lifting ARPU / net-new ARR — i.e., evidence AI is net-accretive to monday's model, not eroding seats. Th
  MNDY      2026-08-15  (  -3d)  Q2 2026 earnings as the first hard read on the consumption-based pricing model + rearchitected AI Work Platform (One AI)
DETFIRE|catalyst|TTD|HIGH|Q2 2026 earnings — first clean print after the Kokai platform migration and late-2024 sales reorg complete; management s (3d AGO (resolve)) — Revenue-growth deceleration ENDS: Q2/Q3 2026 YoY growth stops the 25->19->18->14->12 slide and stabilizes/re-accelerates to mid-teens, with spend-per-existing-client / net retention re-expanding — i.e
  TTD       2026-08-15  (  -3d)  Q2 2026 earnings — first clean print after the Kokai platform migration and late-2024 sales reorg complete; management s
DETFIRE|catalyst|GAP|HIGH|Q2 FY2026 earnings — Section-122 tariff relief (~$80M, ~50bps margin) lands in Q2/Q3 and the test of whether Old Navy's  (3d AGO (resolve)) — Old Navy comparable sales re-accelerate above ~3-4% (core >50%-of-revenue engine reaccelerating), confirming the turnaround is top-line AND margin rather than margin-only
  GAP       2026-08-15  (  -3d)  Q2 FY2026 earnings — Section-122 tariff relief (~$80M, ~50bps margin) lands in Q2/Q3 and the test of whether Old Navy's 
DETFIRE|catalyst|INTU|HIGH|Q4/full-year FY2026 earnings with initial FY2027 guidance — first management read on whether AI is eroding TurboTax/Cons (in 2d) — FY2027 guidance / next tax-season data showing TurboTax + Consumer-segment growth holding double-digit with stable-or-growing filer counts (no AI-driven filer defection), falsifying the structural-ero
  INTU      2026-08-20  (  +2d)  Q4/full-year FY2026 earnings with initial FY2027 guidance — first management read on whether AI is eroding TurboTax/Cons
DETFIRE|catalyst|INSP|MED|AMA CPT panel (Cat-I code decision) (in 28d) — panel outcome; Cat-I = re-rate, status-quo = bear extends
  INSP      2026-09-15  ( +28d)  AMA CPT panel (Cat-I code decision)
DETFIRE|catalyst|RH|MED|Margin inflection from the international gallery ramp (currently a quantified -270bps drag) turning to contribution plus (in 28d) — Q2/H2 FY2026 prints confirm adjusted EBITDA margin re-expanding into the 14-16% guide with FCF tracking $300-400M AND net debt stepping down — i.e., the margin recovery is real operating leverage, not
  RH        2026-09-15  ( +28d)  Margin inflection from the international gallery ramp (currently a quantified -270bps drag) turning to contribution plus
DETFIRE|catalyst|PATH|MED|Q2 FY2027 earnings print — proof that agentic automation (Maestro/agent orchestration) converts pilot-to-production into (in 28d) — Net-new ARR re-accelerates and net-retention inflects up (NRR back above ~112% with ARR growth re-accelerating toward mid-to-high teens), evidencing agentic seats converting to paid production and OFF
  PATH      2026-09-15  ( +28d)  Q2 FY2027 earnings print — proof that agentic automation (Maestro/agent orchestration) converts pilot-to-production into
DETFIRE|catalyst|S|MED|Q2 FY27 earnings — confirmation that the Q1 net-new-ARR reacceleration (+55% YoY) is durable rather than an easy-comp ar (in 28d) — A second consecutive quarter of accelerating net-new ARR that pulls reported revenue growth back ABOVE the ~20% guide, accompanied by an upward FY27 revenue-guide revision and a narrowing GAAP operati
  S         2026-09-15  ( +28d)  Q2 FY27 earnings — confirmation that the Q1 net-new-ARR reacceleration (+55% YoY) is durable rather than an easy-comp ar
DETFIRE|catalyst|SSRM|MED|Sale of the 80% Copler (Turkey) stake for $1.5B cash — definitive SPA signed 2026-03-24 — which removes the post-disaste (in 28d) — Copler $1.5B sale closes clean in Q3 2026 (full cash, no price cut) AND the market hands a pullback from the current near-52-week-high (~$28.5; 52w high $36.5) back toward the low-$20s, so you enter a
  SSRM      2026-09-15  ( +28d)  Sale of the 80% Copler (Turkey) stake for $1.5B cash — definitive SPA signed 2026-03-24 — which removes the post-disaste
DETFIRE|catalyst|EOLS|MED|Section 232 Korea tariff EFFECTIVE (15% Jeuveau) (in 42d) — Q3 inventory (Sept-30) for pre-buy; does the 'longer-term solution' get a noun
  EOLS      2026-09-29  ( +42d)  Section 232 Korea tariff EFFECTIVE (15% Jeuveau)
DETFIRE|catalyst|WING|MED|Return to positive US same-store sales — management guides an inflection back to growth in 2H 2026, first confirmable in (in 58d) — A Q3/Q4 FY2026 print showing US same-store sales sequentially inflecting back toward positive — confirming the demand weakness was cyclical (weather + tough laps + macro), not secular saturation. That
  WING      2026-10-15  ( +58d)  Return to positive US same-store sales — management guides an inflection back to growth in 2H 2026, first confirmable in
  KER.PA    2026-10-21  ( +64d)  Q3-2026 print: Gucci comp inflection under Demna (H2 sell-through)
  BRBY.L    2026-11-15  ( +89d)  H1 FY2027 interim results — the proof the FY26 inflection is durable: continued positive comps (China/Americas not relap
  GO        2026-11-15  ( +89d)  Comparable-store-sales inflection to positive in 2H FY2026 under new CEO Jason Potter's operational reset (36 underperfo
  RBLX      2026-11-15  ( +89d)  Q3 2026 earnings print confirming DAU re-acceleration as the Jan-2026 age-check (facial-age-estimation for chat) frictio
  LULU      2026-12-15  (+119d)  Activist cooperation agreement (founder Chip Wilson) installing new directors Marc Maurer (ex-On Running co-CEO) and Lau
  BODI      2026-12-15  (+119d)  National retail-nutrition distribution rollout: Shakeology into 80+ Sprouts and 640+ Vitamin Shoppe stores (plus P90X su
  BOOK      2026-12-31  (+135d)  Tax-loss-harvest deadline (2026 gain needs 2026 losses)
  UKRAIN-StepUp-B 2026-12-31  (+135d)  Ukraine ceasefire-durability / security-guarantee watch (upsize variable)
  LVS       2027-12-15  (+484d)  Completion of The Venetian Macau renovation, gating management's $700M/quarter Macau EBITDA target (vs $633M now)


===== 2026-08-19 10:51 (desk) =====
=== CATALYST WATCH 2026-08-19 (window 60d) ===
  BAH       2026-07-28  ( -22d)  FY27 Q1 print (quarter ended Jun-2026)
  REPL      2026-07-30  ( -20d)  FDA ODAC advisory vote (late-July, exact date UNVERIFIED) -> PDUFA goal Aug-2; RP1+nivolumab accelerated approval, advanced melanoma
  SILICON2  2026-08-07  ( -12d)  2Q26 print — the AVOID/short INVERT-trigger
DETFIRE|catalyst|COSMECCA|MED|Q2 print (4d AGO (resolve)) — OPM + segment mix; RPT note + clean FCF (both were UNVERIFIABLE pre-size)
  COSMECCA  2026-08-15  (  -4d)  Q2 print
DETFIRE|catalyst|TBCG.L|MED|Q2 print + geopol de-risk watch (MEGOBARI Senate / Moody's outlook / EU-US thaw) (4d AGO (resolve)) — add toward ~3% on: MEGOBARI dies in Senate | Moody's NEG->STABLE | EU-US thaw | non-tail dislocation <=GBp4000. TAIL-KILL (EXIT not add): any Georgian bank named OFAC / USD-correspondent curtailment
  TBCG.L    2026-08-15  (  -4d)  Q2 print + geopol de-risk watch (MEGOBARI Senate / Moody's outlook / EU-US thaw)
DETFIRE|catalyst|CPRI|MED|Q1 FY2027 earnings — first test of management's FY2027 guidance (return to low-single-digit revenue growth to ~$3.525B a (4d AGO (resolve)) — Michael Kors prints a flat-to-positive constant-currency comp (currently -8.4%) — i.e., the guided FY2027 revenue inflection becomes realized rather than promised. That converts a margin-recovery-only
  CPRI      2026-08-15  (  -4d)  Q1 FY2027 earnings — first test of management's FY2027 guidance (return to low-single-digit revenue growth to ~$3.525B a
DETFIRE|catalyst|FOUR|MED|Q2 2026 earnings — first fully-clean quarter with Global Blue integrated: proof the acquisition is gross-profit/EPS accr (4d AGO (resolve)) — Q2 print shows Global Blue is GAAP-EPS/FCF accretive AND net leverage starts declining toward ~3x while organic end-to-end volume growth holds >=20% — i.e., the EPS/FCF inflection materializes. If lev
  FOUR      2026-08-15  (  -4d)  Q2 2026 earnings — first fully-clean quarter with Global Blue integrated: proof the acquisition is gross-profit/EPS accr
DETFIRE|catalyst|TPB|MED|Modern-oral (FRE nicotine pouch) margin inflection — the guided 2026 ramp to $180-190M net revenue / $220-240M gross con (4d AGO (resolve)) — Q2/Q3 2026 prints showing consolidated adjusted EBITDA margin troughing and re-inflecting WHILE modern-oral tracks the $180-190M net-revenue trajectory (proof the SG&A investment converts to profit/op
  TPB       2026-08-15  (  -4d)  Modern-oral (FRE nicotine pouch) margin inflection — the guided 2026 ramp to $180-190M net revenue / $220-240M gross con
DETFIRE|catalyst|WEN|MED|Q2 2026 earnings — first full quarter under newly installed CEO Bob Wright (5/21/26) and CFO Steve Cirulis (6/23/26), th (4d AGO (resolve)) — US same-store sales sequentially inflect — the −7.8% comp turning materially less negative toward flat with TRAFFIC (not just price/mix) stabilizing — confirming Project Fresh is working, while adj. E
  WEN       2026-08-15  (  -4d)  Q2 2026 earnings — first full quarter under newly installed CEO Bob Wright (5/21/26) and CFO Steve Cirulis (6/23/26), th
DETFIRE|catalyst|CRM|MED|Q2 FY2027 earnings print — the test of whether Agentforce/Data Cloud + Informatica re-accelerate total subscription and  (4d AGO (resolve)) — cRPO / total subscription revenue growth re-accelerates back into double digits driven by Agentforce converting to net-new ARR, refuting the 'AI agents replace seats' bear thesis — at ~10x non-GAAP ea
  CRM       2026-08-15  (  -4d)  Q2 FY2027 earnings print — the test of whether Agentforce/Data Cloud + Informatica re-accelerate total subscription and 
DETFIRE|catalyst|HUBS|MED|Q2 FY2026 earnings — proof that AI/Breeze is a monetization tailwind (revenue growth holding, net revenue retention infl (4d AGO (resolve)) — Q2 2026 print confirming (a) revenue growth sustained at ~20%+ YoY, (b) net revenue retention inflecting back toward/above 100%, and (c) tangible Breeze AI monetization — i.e., AI demonstrably additiv
  HUBS      2026-08-15  (  -4d)  Q2 FY2026 earnings — proof that AI/Breeze is a monetization tailwind (revenue growth holding, net revenue retention infl
DETFIRE|catalyst|MNDY|MED|Q2 2026 earnings as the first hard read on the consumption-based pricing model + rearchitected AI Work Platform (One AI) (4d AGO (resolve)) — NDR stops declining and inflects up (110% turning higher) WITH consumption pricing demonstrably lifting ARPU / net-new ARR — i.e., evidence AI is net-accretive to monday's model, not eroding seats. Th
  MNDY      2026-08-15  (  -4d)  Q2 2026 earnings as the first hard read on the consumption-based pricing model + rearchitected AI Work Platform (One AI)
DETFIRE|catalyst|TTD|MED|Q2 2026 earnings — first clean print after the Kokai platform migration and late-2024 sales reorg complete; management s (4d AGO (resolve)) — Revenue-growth deceleration ENDS: Q2/Q3 2026 YoY growth stops the 25->19->18->14->12 slide and stabilizes/re-accelerates to mid-teens, with spend-per-existing-client / net retention re-expanding — i.e
  TTD       2026-08-15  (  -4d)  Q2 2026 earnings — first clean print after the Kokai platform migration and late-2024 sales reorg complete; management s
DETFIRE|catalyst|GAP|MED|Q2 FY2026 earnings — Section-122 tariff relief (~$80M, ~50bps margin) lands in Q2/Q3 and the test of whether Old Navy's  (4d AGO (resolve)) — Old Navy comparable sales re-accelerate above ~3-4% (core >50%-of-revenue engine reaccelerating), confirming the turnaround is top-line AND margin rather than margin-only
  GAP       2026-08-15  (  -4d)  Q2 FY2026 earnings — Section-122 tariff relief (~$80M, ~50bps margin) lands in Q2/Q3 and the test of whether Old Navy's 
DETFIRE|catalyst|INTU|HIGH|Q4/full-year FY2026 earnings with initial FY2027 guidance — first management read on whether AI is eroding TurboTax/Cons (in 1d) — FY2027 guidance / next tax-season data showing TurboTax + Consumer-segment growth holding double-digit with stable-or-growing filer counts (no AI-driven filer defection), falsifying the structural-ero
  INTU      2026-08-20  (  +1d)  Q4/full-year FY2026 earnings with initial FY2027 guidance — first management read on whether AI is eroding TurboTax/Cons
DETFIRE|catalyst|INSP|MED|AMA CPT panel (Cat-I code decision) (in 27d) — panel outcome; Cat-I = re-rate, status-quo = bear extends
  INSP      2026-09-15  ( +27d)  AMA CPT panel (Cat-I code decision)
DETFIRE|catalyst|RH|MED|Margin inflection from the international gallery ramp (currently a quantified -270bps drag) turning to contribution plus (in 27d) — Q2/H2 FY2026 prints confirm adjusted EBITDA margin re-expanding into the 14-16% guide with FCF tracking $300-400M AND net debt stepping down — i.e., the margin recovery is real operating leverage, not
  RH        2026-09-15  ( +27d)  Margin inflection from the international gallery ramp (currently a quantified -270bps drag) turning to contribution plus
DETFIRE|catalyst|PATH|MED|Q2 FY2027 earnings print — proof that agentic automation (Maestro/agent orchestration) converts pilot-to-production into (in 27d) — Net-new ARR re-accelerates and net-retention inflects up (NRR back above ~112% with ARR growth re-accelerating toward mid-to-high teens), evidencing agentic seats converting to paid production and OFF
  PATH      2026-09-15  ( +27d)  Q2 FY2027 earnings print — proof that agentic automation (Maestro/agent orchestration) converts pilot-to-production into
DETFIRE|catalyst|S|MED|Q2 FY27 earnings — confirmation that the Q1 net-new-ARR reacceleration (+55% YoY) is durable rather than an easy-comp ar (in 27d) — A second consecutive quarter of accelerating net-new ARR that pulls reported revenue growth back ABOVE the ~20% guide, accompanied by an upward FY27 revenue-guide revision and a narrowing GAAP operati
  S         2026-09-15  ( +27d)  Q2 FY27 earnings — confirmation that the Q1 net-new-ARR reacceleration (+55% YoY) is durable rather than an easy-comp ar
DETFIRE|catalyst|SSRM|MED|Sale of the 80% Copler (Turkey) stake for $1.5B cash — definitive SPA signed 2026-03-24 — which removes the post-disaste (in 27d) — Copler $1.5B sale closes clean in Q3 2026 (full cash, no price cut) AND the market hands a pullback from the current near-52-week-high (~$28.5; 52w high $36.5) back toward the low-$20s, so you enter a
  SSRM      2026-09-15  ( +27d)  Sale of the 80% Copler (Turkey) stake for $1.5B cash — definitive SPA signed 2026-03-24 — which removes the post-disaste
DETFIRE|catalyst|EOLS|MED|Section 232 Korea tariff EFFECTIVE (15% Jeuveau) (in 41d) — Q3 inventory (Sept-30) for pre-buy; does the 'longer-term solution' get a noun
  EOLS      2026-09-29  ( +41d)  Section 232 Korea tariff EFFECTIVE (15% Jeuveau)
DETFIRE|catalyst|WING|MED|Return to positive US same-store sales — management guides an inflection back to growth in 2H 2026, first confirmable in (in 57d) — A Q3/Q4 FY2026 print showing US same-store sales sequentially inflecting back toward positive — confirming the demand weakness was cyclical (weather + tough laps + macro), not secular saturation. That
  WING      2026-10-15  ( +57d)  Return to positive US same-store sales — management guides an inflection back to growth in 2H 2026, first confirmable in
  KER.PA    2026-10-21  ( +63d)  Q3-2026 print: Gucci comp inflection under Demna (H2 sell-through)
  BRBY.L    2026-11-15  ( +88d)  H1 FY2027 interim results — the proof the FY26 inflection is durable: continued positive comps (China/Americas not relap
  GO        2026-11-15  ( +88d)  Comparable-store-sales inflection to positive in 2H FY2026 under new CEO Jason Potter's operational reset (36 underperfo
  RBLX      2026-11-15  ( +88d)  Q3 2026 earnings print confirming DAU re-acceleration as the Jan-2026 age-check (facial-age-estimation for chat) frictio
  LULU      2026-12-15  (+118d)  Activist cooperation agreement (founder Chip Wilson) installing new directors Marc Maurer (ex-On Running co-CEO) and Lau
  BODI      2026-12-15  (+118d)  National retail-nutrition distribution rollout: Shakeology into 80+ Sprouts and 640+ Vitamin Shoppe stores (plus P90X su
  BOOK      2026-12-31  (+134d)  Tax-loss-harvest deadline (2026 gain needs 2026 losses)
  UKRAIN-StepUp-B 2026-12-31  (+134d)  Ukraine ceasefire-durability / security-guarantee watch (upsize variable)
  LVS       2027-12-15  (+483d)  Completion of The Venetian Macau renovation, gating management's $700M/quarter Macau EBITDA target (vs $633M now)


===== 2026-08-20 11:59 (desk) =====
=== CATALYST WATCH 2026-08-20 (window 60d) ===
  BAH       2026-07-28  ( -23d)  FY27 Q1 print (quarter ended Jun-2026)
  REPL      2026-07-30  ( -21d)  FDA ODAC advisory vote (late-July, exact date UNVERIFIED) -> PDUFA goal Aug-2; RP1+nivolumab accelerated approval, advanced melanoma
  SILICON2  2026-08-07  ( -13d)  2Q26 print — the AVOID/short INVERT-trigger
DETFIRE|catalyst|COSMECCA|MED|Q2 print (5d AGO (resolve)) — OPM + segment mix; RPT note + clean FCF (both were UNVERIFIABLE pre-size)
  COSMECCA  2026-08-15  (  -5d)  Q2 print
DETFIRE|catalyst|TBCG.L|MED|Q2 print + geopol de-risk watch (MEGOBARI Senate / Moody's outlook / EU-US thaw) (5d AGO (resolve)) — add toward ~3% on: MEGOBARI dies in Senate | Moody's NEG->STABLE | EU-US thaw | non-tail dislocation <=GBp4000. TAIL-KILL (EXIT not add): any Georgian bank named OFAC / USD-correspondent curtailment
  TBCG.L    2026-08-15  (  -5d)  Q2 print + geopol de-risk watch (MEGOBARI Senate / Moody's outlook / EU-US thaw)
DETFIRE|catalyst|CPRI|MED|Q1 FY2027 earnings — first test of management's FY2027 guidance (return to low-single-digit revenue growth to ~$3.525B a (5d AGO (resolve)) — Michael Kors prints a flat-to-positive constant-currency comp (currently -8.4%) — i.e., the guided FY2027 revenue inflection becomes realized rather than promised. That converts a margin-recovery-only
  CPRI      2026-08-15  (  -5d)  Q1 FY2027 earnings — first test of management's FY2027 guidance (return to low-single-digit revenue growth to ~$3.525B a
DETFIRE|catalyst|FOUR|MED|Q2 2026 earnings — first fully-clean quarter with Global Blue integrated: proof the acquisition is gross-profit/EPS accr (5d AGO (resolve)) — Q2 print shows Global Blue is GAAP-EPS/FCF accretive AND net leverage starts declining toward ~3x while organic end-to-end volume growth holds >=20% — i.e., the EPS/FCF inflection materializes. If lev
  FOUR      2026-08-15  (  -5d)  Q2 2026 earnings — first fully-clean quarter with Global Blue integrated: proof the acquisition is gross-profit/EPS accr
DETFIRE|catalyst|TPB|MED|Modern-oral (FRE nicotine pouch) margin inflection — the guided 2026 ramp to $180-190M net revenue / $220-240M gross con (5d AGO (resolve)) — Q2/Q3 2026 prints showing consolidated adjusted EBITDA margin troughing and re-inflecting WHILE modern-oral tracks the $180-190M net-revenue trajectory (proof the SG&A investment converts to profit/op
  TPB       2026-08-15  (  -5d)  Modern-oral (FRE nicotine pouch) margin inflection — the guided 2026 ramp to $180-190M net revenue / $220-240M gross con
DETFIRE|catalyst|WEN|MED|Q2 2026 earnings — first full quarter under newly installed CEO Bob Wright (5/21/26) and CFO Steve Cirulis (6/23/26), th (5d AGO (resolve)) — US same-store sales sequentially inflect — the −7.8% comp turning materially less negative toward flat with TRAFFIC (not just price/mix) stabilizing — confirming Project Fresh is working, while adj. E
  WEN       2026-08-15  (  -5d)  Q2 2026 earnings — first full quarter under newly installed CEO Bob Wright (5/21/26) and CFO Steve Cirulis (6/23/26), th
DETFIRE|catalyst|CRM|MED|Q2 FY2027 earnings print — the test of whether Agentforce/Data Cloud + Informatica re-accelerate total subscription and  (5d AGO (resolve)) — cRPO / total subscription revenue growth re-accelerates back into double digits driven by Agentforce converting to net-new ARR, refuting the 'AI agents replace seats' bear thesis — at ~10x non-GAAP ea
  CRM       2026-08-15  (  -5d)  Q2 FY2027 earnings print — the test of whether Agentforce/Data Cloud + Informatica re-accelerate total subscription and 
DETFIRE|catalyst|HUBS|MED|Q2 FY2026 earnings — proof that AI/Breeze is a monetization tailwind (revenue growth holding, net revenue retention infl (5d AGO (resolve)) — Q2 2026 print confirming (a) revenue growth sustained at ~20%+ YoY, (b) net revenue retention inflecting back toward/above 100%, and (c) tangible Breeze AI monetization — i.e., AI demonstrably additiv
  HUBS      2026-08-15  (  -5d)  Q2 FY2026 earnings — proof that AI/Breeze is a monetization tailwind (revenue growth holding, net revenue retention infl
DETFIRE|catalyst|MNDY|MED|Q2 2026 earnings as the first hard read on the consumption-based pricing model + rearchitected AI Work Platform (One AI) (5d AGO (resolve)) — NDR stops declining and inflects up (110% turning higher) WITH consumption pricing demonstrably lifting ARPU / net-new ARR — i.e., evidence AI is net-accretive to monday's model, not eroding seats. Th
  MNDY      2026-08-15  (  -5d)  Q2 2026 earnings as the first hard read on the consumption-based pricing model + rearchitected AI Work Platform (One AI)
DETFIRE|catalyst|TTD|MED|Q2 2026 earnings — first clean print after the Kokai platform migration and late-2024 sales reorg complete; management s (5d AGO (resolve)) — Revenue-growth deceleration ENDS: Q2/Q3 2026 YoY growth stops the 25->19->18->14->12 slide and stabilizes/re-accelerates to mid-teens, with spend-per-existing-client / net retention re-expanding — i.e
  TTD       2026-08-15  (  -5d)  Q2 2026 earnings — first clean print after the Kokai platform migration and late-2024 sales reorg complete; management s
DETFIRE|catalyst|GAP|MED|Q2 FY2026 earnings — Section-122 tariff relief (~$80M, ~50bps margin) lands in Q2/Q3 and the test of whether Old Navy's  (5d AGO (resolve)) — Old Navy comparable sales re-accelerate above ~3-4% (core >50%-of-revenue engine reaccelerating), confirming the turnaround is top-line AND margin rather than margin-only
  GAP       2026-08-15  (  -5d)  Q2 FY2026 earnings — Section-122 tariff relief (~$80M, ~50bps margin) lands in Q2/Q3 and the test of whether Old Navy's 
DETFIRE|catalyst|INTU|HIGH|Q4/full-year FY2026 earnings with initial FY2027 guidance — first management read on whether AI is eroding TurboTax/Cons (in 0d) — FY2027 guidance / next tax-season data showing TurboTax + Consumer-segment growth holding double-digit with stable-or-growing filer counts (no AI-driven filer defection), falsifying the structural-ero
  INTU      2026-08-20  (  +0d)  Q4/full-year FY2026 earnings with initial FY2027 guidance — first management read on whether AI is eroding TurboTax/Cons
DETFIRE|catalyst|INSP|MED|AMA CPT panel (Cat-I code decision) (in 26d) — panel outcome; Cat-I = re-rate, status-quo = bear extends
  INSP      2026-09-15  ( +26d)  AMA CPT panel (Cat-I code decision)
DETFIRE|catalyst|RH|MED|Margin inflection from the international gallery ramp (currently a quantified -270bps drag) turning to contribution plus (in 26d) — Q2/H2 FY2026 prints confirm adjusted EBITDA margin re-expanding into the 14-16% guide with FCF tracking $300-400M AND net debt stepping down — i.e., the margin recovery is real operating leverage, not
  RH        2026-09-15  ( +26d)  Margin inflection from the international gallery ramp (currently a quantified -270bps drag) turning to contribution plus
DETFIRE|catalyst|PATH|MED|Q2 FY2027 earnings print — proof that agentic automation (Maestro/agent orchestration) converts pilot-to-production into (in 26d) — Net-new ARR re-accelerates and net-retention inflects up (NRR back above ~112% with ARR growth re-accelerating toward mid-to-high teens), evidencing agentic seats converting to paid production and OFF
  PATH      2026-09-15  ( +26d)  Q2 FY2027 earnings print — proof that agentic automation (Maestro/agent orchestration) converts pilot-to-production into
DETFIRE|catalyst|S|MED|Q2 FY27 earnings — confirmation that the Q1 net-new-ARR reacceleration (+55% YoY) is durable rather than an easy-comp ar (in 26d) — A second consecutive quarter of accelerating net-new ARR that pulls reported revenue growth back ABOVE the ~20% guide, accompanied by an upward FY27 revenue-guide revision and a narrowing GAAP operati
  S         2026-09-15  ( +26d)  Q2 FY27 earnings — confirmation that the Q1 net-new-ARR reacceleration (+55% YoY) is durable rather than an easy-comp ar
DETFIRE|catalyst|SSRM|MED|Sale of the 80% Copler (Turkey) stake for $1.5B cash — definitive SPA signed 2026-03-24 — which removes the post-disaste (in 26d) — Copler $1.5B sale closes clean in Q3 2026 (full cash, no price cut) AND the market hands a pullback from the current near-52-week-high (~$28.5; 52w high $36.5) back toward the low-$20s, so you enter a
  SSRM      2026-09-15  ( +26d)  Sale of the 80% Copler (Turkey) stake for $1.5B cash — definitive SPA signed 2026-03-24 — which removes the post-disaste
DETFIRE|catalyst|EOLS|MED|Section 232 Korea tariff EFFECTIVE (15% Jeuveau) (in 40d) — Q3 inventory (Sept-30) for pre-buy; does the 'longer-term solution' get a noun
  EOLS      2026-09-29  ( +40d)  Section 232 Korea tariff EFFECTIVE (15% Jeuveau)
DETFIRE|catalyst|WING|MED|Return to positive US same-store sales — management guides an inflection back to growth in 2H 2026, first confirmable in (in 56d) — A Q3/Q4 FY2026 print showing US same-store sales sequentially inflecting back toward positive — confirming the demand weakness was cyclical (weather + tough laps + macro), not secular saturation. That
  WING      2026-10-15  ( +56d)  Return to positive US same-store sales — management guides an inflection back to growth in 2H 2026, first confirmable in
  KER.PA    2026-10-21  ( +62d)  Q3-2026 print: Gucci comp inflection under Demna (H2 sell-through)
  BRBY.L    2026-11-15  ( +87d)  H1 FY2027 interim results — the proof the FY26 inflection is durable: continued positive comps (China/Americas not relap
  GO        2026-11-15  ( +87d)  Comparable-store-sales inflection to positive in 2H FY2026 under new CEO Jason Potter's operational reset (36 underperfo
  RBLX      2026-11-15  ( +87d)  Q3 2026 earnings print confirming DAU re-acceleration as the Jan-2026 age-check (facial-age-estimation for chat) frictio
  LULU      2026-12-15  (+117d)  Activist cooperation agreement (founder Chip Wilson) installing new directors Marc Maurer (ex-On Running co-CEO) and Lau
  BODI      2026-12-15  (+117d)  National retail-nutrition distribution rollout: Shakeology into 80+ Sprouts and 640+ Vitamin Shoppe stores (plus P90X su
  BOOK      2026-12-31  (+133d)  Tax-loss-harvest deadline (2026 gain needs 2026 losses)
  UKRAIN-StepUp-B 2026-12-31  (+133d)  Ukraine ceasefire-durability / security-guarantee watch (upsize variable)
  LVS       2027-12-15  (+482d)  Completion of The Venetian Macau renovation, gating management's $700M/quarter Macau EBITDA target (vs $633M now)


===== 2026-08-21 12:56 (desk) =====
=== CATALYST WATCH 2026-08-21 (window 60d) ===
  BAH       2026-07-28  ( -24d)  FY27 Q1 print (quarter ended Jun-2026)
  REPL      2026-07-30  ( -22d)  FDA ODAC advisory vote (late-July, exact date UNVERIFIED) -> PDUFA goal Aug-2; RP1+nivolumab accelerated approval, advanced melanoma
  SILICON2  2026-08-07  ( -14d)  2Q26 print — the AVOID/short INVERT-trigger
DETFIRE|catalyst|COSMECCA|MED|Q2 print (6d AGO (resolve)) — OPM + segment mix; RPT note + clean FCF (both were UNVERIFIABLE pre-size)
  COSMECCA  2026-08-15  (  -6d)  Q2 print
DETFIRE|catalyst|TBCG.L|MED|Q2 print + geopol de-risk watch (MEGOBARI Senate / Moody's outlook / EU-US thaw) (6d AGO (resolve)) — add toward ~3% on: MEGOBARI dies in Senate | Moody's NEG->STABLE | EU-US thaw | non-tail dislocation <=GBp4000. TAIL-KILL (EXIT not add): any Georgian bank named OFAC / USD-correspondent curtailment
  TBCG.L    2026-08-15  (  -6d)  Q2 print + geopol de-risk watch (MEGOBARI Senate / Moody's outlook / EU-US thaw)
DETFIRE|catalyst|CPRI|MED|Q1 FY2027 earnings — first test of management's FY2027 guidance (return to low-single-digit revenue growth to ~$3.525B a (6d AGO (resolve)) — Michael Kors prints a flat-to-positive constant-currency comp (currently -8.4%) — i.e., the guided FY2027 revenue inflection becomes realized rather than promised. That converts a margin-recovery-only
  CPRI      2026-08-15  (  -6d)  Q1 FY2027 earnings — first test of management's FY2027 guidance (return to low-single-digit revenue growth to ~$3.525B a
DETFIRE|catalyst|FOUR|MED|Q2 2026 earnings — first fully-clean quarter with Global Blue integrated: proof the acquisition is gross-profit/EPS accr (6d AGO (resolve)) — Q2 print shows Global Blue is GAAP-EPS/FCF accretive AND net leverage starts declining toward ~3x while organic end-to-end volume growth holds >=20% — i.e., the EPS/FCF inflection materializes. If lev
  FOUR      2026-08-15  (  -6d)  Q2 2026 earnings — first fully-clean quarter with Global Blue integrated: proof the acquisition is gross-profit/EPS accr
DETFIRE|catalyst|TPB|MED|Modern-oral (FRE nicotine pouch) margin inflection — the guided 2026 ramp to $180-190M net revenue / $220-240M gross con (6d AGO (resolve)) — Q2/Q3 2026 prints showing consolidated adjusted EBITDA margin troughing and re-inflecting WHILE modern-oral tracks the $180-190M net-revenue trajectory (proof the SG&A investment converts to profit/op
  TPB       2026-08-15  (  -6d)  Modern-oral (FRE nicotine pouch) margin inflection — the guided 2026 ramp to $180-190M net revenue / $220-240M gross con
DETFIRE|catalyst|WEN|MED|Q2 2026 earnings — first full quarter under newly installed CEO Bob Wright (5/21/26) and CFO Steve Cirulis (6/23/26), th (6d AGO (resolve)) — US same-store sales sequentially inflect — the −7.8% comp turning materially less negative toward flat with TRAFFIC (not just price/mix) stabilizing — confirming Project Fresh is working, while adj. E
  WEN       2026-08-15  (  -6d)  Q2 2026 earnings — first full quarter under newly installed CEO Bob Wright (5/21/26) and CFO Steve Cirulis (6/23/26), th
DETFIRE|catalyst|CRM|MED|Q2 FY2027 earnings print — the test of whether Agentforce/Data Cloud + Informatica re-accelerate total subscription and  (6d AGO (resolve)) — cRPO / total subscription revenue growth re-accelerates back into double digits driven by Agentforce converting to net-new ARR, refuting the 'AI agents replace seats' bear thesis — at ~10x non-GAAP ea
  CRM       2026-08-15  (  -6d)  Q2 FY2027 earnings print — the test of whether Agentforce/Data Cloud + Informatica re-accelerate total subscription and 
DETFIRE|catalyst|HUBS|MED|Q2 FY2026 earnings — proof that AI/Breeze is a monetization tailwind (revenue growth holding, net revenue retention infl (6d AGO (resolve)) — Q2 2026 print confirming (a) revenue growth sustained at ~20%+ YoY, (b) net revenue retention inflecting back toward/above 100%, and (c) tangible Breeze AI monetization — i.e., AI demonstrably additiv
  HUBS      2026-08-15  (  -6d)  Q2 FY2026 earnings — proof that AI/Breeze is a monetization tailwind (revenue growth holding, net revenue retention infl
DETFIRE|catalyst|MNDY|MED|Q2 2026 earnings as the first hard read on the consumption-based pricing model + rearchitected AI Work Platform (One AI) (6d AGO (resolve)) — NDR stops declining and inflects up (110% turning higher) WITH consumption pricing demonstrably lifting ARPU / net-new ARR — i.e., evidence AI is net-accretive to monday's model, not eroding seats. Th
  MNDY      2026-08-15  (  -6d)  Q2 2026 earnings as the first hard read on the consumption-based pricing model + rearchitected AI Work Platform (One AI)
DETFIRE|catalyst|TTD|MED|Q2 2026 earnings — first clean print after the Kokai platform migration and late-2024 sales reorg complete; management s (6d AGO (resolve)) — Revenue-growth deceleration ENDS: Q2/Q3 2026 YoY growth stops the 25->19->18->14->12 slide and stabilizes/re-accelerates to mid-teens, with spend-per-existing-client / net retention re-expanding — i.e
  TTD       2026-08-15  (  -6d)  Q2 2026 earnings — first clean print after the Kokai platform migration and late-2024 sales reorg complete; management s
DETFIRE|catalyst|GAP|MED|Q2 FY2026 earnings — Section-122 tariff relief (~$80M, ~50bps margin) lands in Q2/Q3 and the test of whether Old Navy's  (6d AGO (resolve)) — Old Navy comparable sales re-accelerate above ~3-4% (core >50%-of-revenue engine reaccelerating), confirming the turnaround is top-line AND margin rather than margin-only
  GAP       2026-08-15  (  -6d)  Q2 FY2026 earnings — Section-122 tariff relief (~$80M, ~50bps margin) lands in Q2/Q3 and the test of whether Old Navy's 
DETFIRE|catalyst|INTU|HIGH|Q4/full-year FY2026 earnings with initial FY2027 guidance — first management read on whether AI is eroding TurboTax/Cons (1d AGO (resolve)) — FY2027 guidance / next tax-season data showing TurboTax + Consumer-segment growth holding double-digit with stable-or-growing filer counts (no AI-driven filer defection), falsifying the structural-ero
  INTU      2026-08-20  (  -1d)  Q4/full-year FY2026 earnings with initial FY2027 guidance — first management read on whether AI is eroding TurboTax/Cons
DETFIRE|catalyst|INSP|MED|AMA CPT panel (Cat-I code decision) (in 25d) — panel outcome; Cat-I = re-rate, status-quo = bear extends
  INSP      2026-09-15  ( +25d)  AMA CPT panel (Cat-I code decision)
DETFIRE|catalyst|RH|MED|Margin inflection from the international gallery ramp (currently a quantified -270bps drag) turning to contribution plus (in 25d) — Q2/H2 FY2026 prints confirm adjusted EBITDA margin re-expanding into the 14-16% guide with FCF tracking $300-400M AND net debt stepping down — i.e., the margin recovery is real operating leverage, not
  RH        2026-09-15  ( +25d)  Margin inflection from the international gallery ramp (currently a quantified -270bps drag) turning to contribution plus
DETFIRE|catalyst|PATH|MED|Q2 FY2027 earnings print — proof that agentic automation (Maestro/agent orchestration) converts pilot-to-production into (in 25d) — Net-new ARR re-accelerates and net-retention inflects up (NRR back above ~112% with ARR growth re-accelerating toward mid-to-high teens), evidencing agentic seats converting to paid production and OFF
  PATH      2026-09-15  ( +25d)  Q2 FY2027 earnings print — proof that agentic automation (Maestro/agent orchestration) converts pilot-to-production into
DETFIRE|catalyst|S|MED|Q2 FY27 earnings — confirmation that the Q1 net-new-ARR reacceleration (+55% YoY) is durable rather than an easy-comp ar (in 25d) — A second consecutive quarter of accelerating net-new ARR that pulls reported revenue growth back ABOVE the ~20% guide, accompanied by an upward FY27 revenue-guide revision and a narrowing GAAP operati
  S         2026-09-15  ( +25d)  Q2 FY27 earnings — confirmation that the Q1 net-new-ARR reacceleration (+55% YoY) is durable rather than an easy-comp ar
DETFIRE|catalyst|SSRM|MED|Sale of the 80% Copler (Turkey) stake for $1.5B cash — definitive SPA signed 2026-03-24 — which removes the post-disaste (in 25d) — Copler $1.5B sale closes clean in Q3 2026 (full cash, no price cut) AND the market hands a pullback from the current near-52-week-high (~$28.5; 52w high $36.5) back toward the low-$20s, so you enter a
  SSRM      2026-09-15  ( +25d)  Sale of the 80% Copler (Turkey) stake for $1.5B cash — definitive SPA signed 2026-03-24 — which removes the post-disaste
DETFIRE|catalyst|EOLS|MED|Section 232 Korea tariff EFFECTIVE (15% Jeuveau) (in 39d) — Q3 inventory (Sept-30) for pre-buy; does the 'longer-term solution' get a noun
  EOLS      2026-09-29  ( +39d)  Section 232 Korea tariff EFFECTIVE (15% Jeuveau)
DETFIRE|catalyst|WING|MED|Return to positive US same-store sales — management guides an inflection back to growth in 2H 2026, first confirmable in (in 55d) — A Q3/Q4 FY2026 print showing US same-store sales sequentially inflecting back toward positive — confirming the demand weakness was cyclical (weather + tough laps + macro), not secular saturation. That
  WING      2026-10-15  ( +55d)  Return to positive US same-store sales — management guides an inflection back to growth in 2H 2026, first confirmable in
  KER.PA    2026-10-21  ( +61d)  Q3-2026 print: Gucci comp inflection under Demna (H2 sell-through)
  BRBY.L    2026-11-15  ( +86d)  H1 FY2027 interim results — the proof the FY26 inflection is durable: continued positive comps (China/Americas not relap
  GO        2026-11-15  ( +86d)  Comparable-store-sales inflection to positive in 2H FY2026 under new CEO Jason Potter's operational reset (36 underperfo
  RBLX      2026-11-15  ( +86d)  Q3 2026 earnings print confirming DAU re-acceleration as the Jan-2026 age-check (facial-age-estimation for chat) frictio
  LULU      2026-12-15  (+116d)  Activist cooperation agreement (founder Chip Wilson) installing new directors Marc Maurer (ex-On Running co-CEO) and Lau
  BODI      2026-12-15  (+116d)  National retail-nutrition distribution rollout: Shakeology into 80+ Sprouts and 640+ Vitamin Shoppe stores (plus P90X su
  BOOK      2026-12-31  (+132d)  Tax-loss-harvest deadline (2026 gain needs 2026 losses)
  UKRAIN-StepUp-B 2026-12-31  (+132d)  Ukraine ceasefire-durability / security-guarantee watch (upsize variable)
  LVS       2027-12-15  (+481d)  Completion of The Venetian Macau renovation, gating management's $700M/quarter Macau EBITDA target (vs $633M now)


===== 2026-08-24 01:59 (desk) =====
=== CATALYST WATCH 2026-08-24 (window 60d) ===
  BAH       2026-07-28  ( -27d)  FY27 Q1 print (quarter ended Jun-2026)
  REPL      2026-07-30  ( -25d)  FDA ODAC advisory vote (late-July, exact date UNVERIFIED) -> PDUFA goal Aug-2; RP1+nivolumab accelerated approval, advanced melanoma
  SILICON2  2026-08-07  ( -17d)  2Q26 print — the AVOID/short INVERT-trigger
DETFIRE|catalyst|COSMECCA|MED|Q2 print (9d AGO (resolve)) — OPM + segment mix; RPT note + clean FCF (both were UNVERIFIABLE pre-size)
  COSMECCA  2026-08-15  (  -9d)  Q2 print
DETFIRE|catalyst|TBCG.L|MED|Q2 print + geopol de-risk watch (MEGOBARI Senate / Moody's outlook / EU-US thaw) (9d AGO (resolve)) — add toward ~3% on: MEGOBARI dies in Senate | Moody's NEG->STABLE | EU-US thaw | non-tail dislocation <=GBp4000. TAIL-KILL (EXIT not add): any Georgian bank named OFAC / USD-correspondent curtailment
  TBCG.L    2026-08-15  (  -9d)  Q2 print + geopol de-risk watch (MEGOBARI Senate / Moody's outlook / EU-US thaw)
DETFIRE|catalyst|CPRI|MED|Q1 FY2027 earnings — first test of management's FY2027 guidance (return to low-single-digit revenue growth to ~$3.525B a (9d AGO (resolve)) — Michael Kors prints a flat-to-positive constant-currency comp (currently -8.4%) — i.e., the guided FY2027 revenue inflection becomes realized rather than promised. That converts a margin-recovery-only
  CPRI      2026-08-15  (  -9d)  Q1 FY2027 earnings — first test of management's FY2027 guidance (return to low-single-digit revenue growth to ~$3.525B a
DETFIRE|catalyst|FOUR|MED|Q2 2026 earnings — first fully-clean quarter with Global Blue integrated: proof the acquisition is gross-profit/EPS accr (9d AGO (resolve)) — Q2 print shows Global Blue is GAAP-EPS/FCF accretive AND net leverage starts declining toward ~3x while organic end-to-end volume growth holds >=20% — i.e., the EPS/FCF inflection materializes. If lev
  FOUR      2026-08-15  (  -9d)  Q2 2026 earnings — first fully-clean quarter with Global Blue integrated: proof the acquisition is gross-profit/EPS accr
DETFIRE|catalyst|TPB|MED|Modern-oral (FRE nicotine pouch) margin inflection — the guided 2026 ramp to $180-190M net revenue / $220-240M gross con (9d AGO (resolve)) — Q2/Q3 2026 prints showing consolidated adjusted EBITDA margin troughing and re-inflecting WHILE modern-oral tracks the $180-190M net-revenue trajectory (proof the SG&A investment converts to profit/op
  TPB       2026-08-15  (  -9d)  Modern-oral (FRE nicotine pouch) margin inflection — the guided 2026 ramp to $180-190M net revenue / $220-240M gross con
DETFIRE|catalyst|WEN|MED|Q2 2026 earnings — first full quarter under newly installed CEO Bob Wright (5/21/26) and CFO Steve Cirulis (6/23/26), th (9d AGO (resolve)) — US same-store sales sequentially inflect — the −7.8% comp turning materially less negative toward flat with TRAFFIC (not just price/mix) stabilizing — confirming Project Fresh is working, while adj. E
  WEN       2026-08-15  (  -9d)  Q2 2026 earnings — first full quarter under newly installed CEO Bob Wright (5/21/26) and CFO Steve Cirulis (6/23/26), th
DETFIRE|catalyst|CRM|MED|Q2 FY2027 earnings print — the test of whether Agentforce/Data Cloud + Informatica re-accelerate total subscription and  (9d AGO (resolve)) — cRPO / total subscription revenue growth re-accelerates back into double digits driven by Agentforce converting to net-new ARR, refuting the 'AI agents replace seats' bear thesis — at ~10x non-GAAP ea
  CRM       2026-08-15  (  -9d)  Q2 FY2027 earnings print — the test of whether Agentforce/Data Cloud + Informatica re-accelerate total subscription and 
DETFIRE|catalyst|HUBS|MED|Q2 FY2026 earnings — proof that AI/Breeze is a monetization tailwind (revenue growth holding, net revenue retention infl (9d AGO (resolve)) — Q2 2026 print confirming (a) revenue growth sustained at ~20%+ YoY, (b) net revenue retention inflecting back toward/above 100%, and (c) tangible Breeze AI monetization — i.e., AI demonstrably additiv
  HUBS      2026-08-15  (  -9d)  Q2 FY2026 earnings — proof that AI/Breeze is a monetization tailwind (revenue growth holding, net revenue retention infl
DETFIRE|catalyst|MNDY|MED|Q2 2026 earnings as the first hard read on the consumption-based pricing model + rearchitected AI Work Platform (One AI) (9d AGO (resolve)) — NDR stops declining and inflects up (110% turning higher) WITH consumption pricing demonstrably lifting ARPU / net-new ARR — i.e., evidence AI is net-accretive to monday's model, not eroding seats. Th
  MNDY      2026-08-15  (  -9d)  Q2 2026 earnings as the first hard read on the consumption-based pricing model + rearchitected AI Work Platform (One AI)
DETFIRE|catalyst|TTD|MED|Q2 2026 earnings — first clean print after the Kokai platform migration and late-2024 sales reorg complete; management s (9d AGO (resolve)) — Revenue-growth deceleration ENDS: Q2/Q3 2026 YoY growth stops the 25->19->18->14->12 slide and stabilizes/re-accelerates to mid-teens, with spend-per-existing-client / net retention re-expanding — i.e
  TTD       2026-08-15  (  -9d)  Q2 2026 earnings — first clean print after the Kokai platform migration and late-2024 sales reorg complete; management s
DETFIRE|catalyst|GAP|MED|Q2 FY2026 earnings — Section-122 tariff relief (~$80M, ~50bps margin) lands in Q2/Q3 and the test of whether Old Navy's  (9d AGO (resolve)) — Old Navy comparable sales re-accelerate above ~3-4% (core >50%-of-revenue engine reaccelerating), confirming the turnaround is top-line AND margin rather than margin-only
  GAP       2026-08-15  (  -9d)  Q2 FY2026 earnings — Section-122 tariff relief (~$80M, ~50bps margin) lands in Q2/Q3 and the test of whether Old Navy's 
DETFIRE|catalyst|INTU|MED|Q4/full-year FY2026 earnings with initial FY2027 guidance — first management read on whether AI is eroding TurboTax/Cons (4d AGO (resolve)) — FY2027 guidance / next tax-season data showing TurboTax + Consumer-segment growth holding double-digit with stable-or-growing filer counts (no AI-driven filer defection), falsifying the structural-ero
  INTU      2026-08-20  (  -4d)  Q4/full-year FY2026 earnings with initial FY2027 guidance — first management read on whether AI is eroding TurboTax/Cons
DETFIRE|catalyst|INSP|MED|AMA CPT panel (Cat-I code decision) (in 22d) — panel outcome; Cat-I = re-rate, status-quo = bear extends
  INSP      2026-09-15  ( +22d)  AMA CPT panel (Cat-I code decision)
DETFIRE|catalyst|RH|MED|Margin inflection from the international gallery ramp (currently a quantified -270bps drag) turning to contribution plus (in 22d) — Q2/H2 FY2026 prints confirm adjusted EBITDA margin re-expanding into the 14-16% guide with FCF tracking $300-400M AND net debt stepping down — i.e., the margin recovery is real operating leverage, not
  RH        2026-09-15  ( +22d)  Margin inflection from the international gallery ramp (currently a quantified -270bps drag) turning to contribution plus
DETFIRE|catalyst|PATH|MED|Q2 FY2027 earnings print — proof that agentic automation (Maestro/agent orchestration) converts pilot-to-production into (in 22d) — Net-new ARR re-accelerates and net-retention inflects up (NRR back above ~112% with ARR growth re-accelerating toward mid-to-high teens), evidencing agentic seats converting to paid production and OFF
  PATH      2026-09-15  ( +22d)  Q2 FY2027 earnings print — proof that agentic automation (Maestro/agent orchestration) converts pilot-to-production into
DETFIRE|catalyst|S|MED|Q2 FY27 earnings — confirmation that the Q1 net-new-ARR reacceleration (+55% YoY) is durable rather than an easy-comp ar (in 22d) — A second consecutive quarter of accelerating net-new ARR that pulls reported revenue growth back ABOVE the ~20% guide, accompanied by an upward FY27 revenue-guide revision and a narrowing GAAP operati
  S         2026-09-15  ( +22d)  Q2 FY27 earnings — confirmation that the Q1 net-new-ARR reacceleration (+55% YoY) is durable rather than an easy-comp ar
DETFIRE|catalyst|SSRM|MED|Sale of the 80% Copler (Turkey) stake for $1.5B cash — definitive SPA signed 2026-03-24 — which removes the post-disaste (in 22d) — Copler $1.5B sale closes clean in Q3 2026 (full cash, no price cut) AND the market hands a pullback from the current near-52-week-high (~$28.5; 52w high $36.5) back toward the low-$20s, so you enter a
  SSRM      2026-09-15  ( +22d)  Sale of the 80% Copler (Turkey) stake for $1.5B cash — definitive SPA signed 2026-03-24 — which removes the post-disaste
DETFIRE|catalyst|EOLS|MED|Section 232 Korea tariff EFFECTIVE (15% Jeuveau) (in 36d) — Q3 inventory (Sept-30) for pre-buy; does the 'longer-term solution' get a noun
  EOLS      2026-09-29  ( +36d)  Section 232 Korea tariff EFFECTIVE (15% Jeuveau)
DETFIRE|catalyst|WING|MED|Return to positive US same-store sales — management guides an inflection back to growth in 2H 2026, first confirmable in (in 52d) — A Q3/Q4 FY2026 print showing US same-store sales sequentially inflecting back toward positive — confirming the demand weakness was cyclical (weather + tough laps + macro), not secular saturation. That
  WING      2026-10-15  ( +52d)  Return to positive US same-store sales — management guides an inflection back to growth in 2H 2026, first confirmable in
DETFIRE|catalyst|KER.PA|MED|Q3-2026 print: Gucci comp inflection under Demna (H2 sell-through) (in 58d) — Gucci comparable revenue (does Q1 NA +8% generalize to comp-flat?) + EUR1bn inventory cut / store closures in FCF-margin; entry only sub-268
  KER.PA    2026-10-21  ( +58d)  Q3-2026 print: Gucci comp inflection under Demna (H2 sell-through)
  BRBY.L    2026-11-15  ( +83d)  H1 FY2027 interim results — the proof the FY26 inflection is durable: continued positive comps (China/Americas not relap
  GO        2026-11-15  ( +83d)  Comparable-store-sales inflection to positive in 2H FY2026 under new CEO Jason Potter's operational reset (36 underperfo
  RBLX      2026-11-15  ( +83d)  Q3 2026 earnings print confirming DAU re-acceleration as the Jan-2026 age-check (facial-age-estimation for chat) frictio
  LULU      2026-12-15  (+113d)  Activist cooperation agreement (founder Chip Wilson) installing new directors Marc Maurer (ex-On Running co-CEO) and Lau
  BODI      2026-12-15  (+113d)  National retail-nutrition distribution rollout: Shakeology into 80+ Sprouts and 640+ Vitamin Shoppe stores (plus P90X su
  BOOK      2026-12-31  (+129d)  Tax-loss-harvest deadline (2026 gain needs 2026 losses)
  UKRAIN-StepUp-B 2026-12-31  (+129d)  Ukraine ceasefire-durability / security-guarantee watch (upsize variable)
  LVS       2027-12-15  (+478d)  Completion of The Venetian Macau renovation, gating management's $700M/quarter Macau EBITDA target (vs $633M now)


===== 2026-08-25 02:53 (desk) =====
=== CATALYST WATCH 2026-08-25 (window 60d) ===
  BAH       2026-07-28  ( -28d)  FY27 Q1 print (quarter ended Jun-2026)
  REPL      2026-07-30  ( -26d)  FDA ODAC advisory vote (late-July, exact date UNVERIFIED) -> PDUFA goal Aug-2; RP1+nivolumab accelerated approval, advanced melanoma
  SILICON2  2026-08-07  ( -18d)  2Q26 print — the AVOID/short INVERT-trigger
DETFIRE|catalyst|COSMECCA|MED|Q2 print (10d AGO (resolve)) — OPM + segment mix; RPT note + clean FCF (both were UNVERIFIABLE pre-size)
  COSMECCA  2026-08-15  ( -10d)  Q2 print
DETFIRE|catalyst|TBCG.L|MED|Q2 print + geopol de-risk watch (MEGOBARI Senate / Moody's outlook / EU-US thaw) (10d AGO (resolve)) — add toward ~3% on: MEGOBARI dies in Senate | Moody's NEG->STABLE | EU-US thaw | non-tail dislocation <=GBp4000. TAIL-KILL (EXIT not add): any Georgian bank named OFAC / USD-correspondent curtailment
  TBCG.L    2026-08-15  ( -10d)  Q2 print + geopol de-risk watch (MEGOBARI Senate / Moody's outlook / EU-US thaw)
DETFIRE|catalyst|CPRI|MED|Q1 FY2027 earnings — first test of management's FY2027 guidance (return to low-single-digit revenue growth to ~$3.525B a (10d AGO (resolve)) — Michael Kors prints a flat-to-positive constant-currency comp (currently -8.4%) — i.e., the guided FY2027 revenue inflection becomes realized rather than promised. That converts a margin-recovery-only
  CPRI      2026-08-15  ( -10d)  Q1 FY2027 earnings — first test of management's FY2027 guidance (return to low-single-digit revenue growth to ~$3.525B a
DETFIRE|catalyst|FOUR|MED|Q2 2026 earnings — first fully-clean quarter with Global Blue integrated: proof the acquisition is gross-profit/EPS accr (10d AGO (resolve)) — Q2 print shows Global Blue is GAAP-EPS/FCF accretive AND net leverage starts declining toward ~3x while organic end-to-end volume growth holds >=20% — i.e., the EPS/FCF inflection materializes. If lev
  FOUR      2026-08-15  ( -10d)  Q2 2026 earnings — first fully-clean quarter with Global Blue integrated: proof the acquisition is gross-profit/EPS accr
DETFIRE|catalyst|TPB|MED|Modern-oral (FRE nicotine pouch) margin inflection — the guided 2026 ramp to $180-190M net revenue / $220-240M gross con (10d AGO (resolve)) — Q2/Q3 2026 prints showing consolidated adjusted EBITDA margin troughing and re-inflecting WHILE modern-oral tracks the $180-190M net-revenue trajectory (proof the SG&A investment converts to profit/op
  TPB       2026-08-15  ( -10d)  Modern-oral (FRE nicotine pouch) margin inflection — the guided 2026 ramp to $180-190M net revenue / $220-240M gross con
DETFIRE|catalyst|WEN|MED|Q2 2026 earnings — first full quarter under newly installed CEO Bob Wright (5/21/26) and CFO Steve Cirulis (6/23/26), th (10d AGO (resolve)) — US same-store sales sequentially inflect — the −7.8% comp turning materially less negative toward flat with TRAFFIC (not just price/mix) stabilizing — confirming Project Fresh is working, while adj. E
  WEN       2026-08-15  ( -10d)  Q2 2026 earnings — first full quarter under newly installed CEO Bob Wright (5/21/26) and CFO Steve Cirulis (6/23/26), th
DETFIRE|catalyst|CRM|MED|Q2 FY2027 earnings print — the test of whether Agentforce/Data Cloud + Informatica re-accelerate total subscription and  (10d AGO (resolve)) — cRPO / total subscription revenue growth re-accelerates back into double digits driven by Agentforce converting to net-new ARR, refuting the 'AI agents replace seats' bear thesis — at ~10x non-GAAP ea
  CRM       2026-08-15  ( -10d)  Q2 FY2027 earnings print — the test of whether Agentforce/Data Cloud + Informatica re-accelerate total subscription and 
DETFIRE|catalyst|HUBS|MED|Q2 FY2026 earnings — proof that AI/Breeze is a monetization tailwind (revenue growth holding, net revenue retention infl (10d AGO (resolve)) — Q2 2026 print confirming (a) revenue growth sustained at ~20%+ YoY, (b) net revenue retention inflecting back toward/above 100%, and (c) tangible Breeze AI monetization — i.e., AI demonstrably additiv
  HUBS      2026-08-15  ( -10d)  Q2 FY2026 earnings — proof that AI/Breeze is a monetization tailwind (revenue growth holding, net revenue retention infl
DETFIRE|catalyst|MNDY|MED|Q2 2026 earnings as the first hard read on the consumption-based pricing model + rearchitected AI Work Platform (One AI) (10d AGO (resolve)) — NDR stops declining and inflects up (110% turning higher) WITH consumption pricing demonstrably lifting ARPU / net-new ARR — i.e., evidence AI is net-accretive to monday's model, not eroding seats. Th
  MNDY      2026-08-15  ( -10d)  Q2 2026 earnings as the first hard read on the consumption-based pricing model + rearchitected AI Work Platform (One AI)
DETFIRE|catalyst|TTD|MED|Q2 2026 earnings — first clean print after the Kokai platform migration and late-2024 sales reorg complete; management s (10d AGO (resolve)) — Revenue-growth deceleration ENDS: Q2/Q3 2026 YoY growth stops the 25->19->18->14->12 slide and stabilizes/re-accelerates to mid-teens, with spend-per-existing-client / net retention re-expanding — i.e
  TTD       2026-08-15  ( -10d)  Q2 2026 earnings — first clean print after the Kokai platform migration and late-2024 sales reorg complete; management s
DETFIRE|catalyst|GAP|MED|Q2 FY2026 earnings — Section-122 tariff relief (~$80M, ~50bps margin) lands in Q2/Q3 and the test of whether Old Navy's  (10d AGO (resolve)) — Old Navy comparable sales re-accelerate above ~3-4% (core >50%-of-revenue engine reaccelerating), confirming the turnaround is top-line AND margin rather than margin-only
  GAP       2026-08-15  ( -10d)  Q2 FY2026 earnings — Section-122 tariff relief (~$80M, ~50bps margin) lands in Q2/Q3 and the test of whether Old Navy's 
DETFIRE|catalyst|INTU|MED|Q4/full-year FY2026 earnings with initial FY2027 guidance — first management read on whether AI is eroding TurboTax/Cons (5d AGO (resolve)) — FY2027 guidance / next tax-season data showing TurboTax + Consumer-segment growth holding double-digit with stable-or-growing filer counts (no AI-driven filer defection), falsifying the structural-ero
  INTU      2026-08-20  (  -5d)  Q4/full-year FY2026 earnings with initial FY2027 guidance — first management read on whether AI is eroding TurboTax/Cons
DETFIRE|catalyst|INSP|HIGH|AMA CPT panel (Cat-I code decision) (in 21d) — panel outcome; Cat-I = re-rate, status-quo = bear extends
  INSP      2026-09-15  ( +21d)  AMA CPT panel (Cat-I code decision)
DETFIRE|catalyst|RH|HIGH|Margin inflection from the international gallery ramp (currently a quantified -270bps drag) turning to contribution plus (in 21d) — Q2/H2 FY2026 prints confirm adjusted EBITDA margin re-expanding into the 14-16% guide with FCF tracking $300-400M AND net debt stepping down — i.e., the margin recovery is real operating leverage, not
  RH        2026-09-15  ( +21d)  Margin inflection from the international gallery ramp (currently a quantified -270bps drag) turning to contribution plus
DETFIRE|catalyst|PATH|HIGH|Q2 FY2027 earnings print — proof that agentic automation (Maestro/agent orchestration) converts pilot-to-production into (in 21d) — Net-new ARR re-accelerates and net-retention inflects up (NRR back above ~112% with ARR growth re-accelerating toward mid-to-high teens), evidencing agentic seats converting to paid production and OFF
  PATH      2026-09-15  ( +21d)  Q2 FY2027 earnings print — proof that agentic automation (Maestro/agent orchestration) converts pilot-to-production into
DETFIRE|catalyst|S|HIGH|Q2 FY27 earnings — confirmation that the Q1 net-new-ARR reacceleration (+55% YoY) is durable rather than an easy-comp ar (in 21d) — A second consecutive quarter of accelerating net-new ARR that pulls reported revenue growth back ABOVE the ~20% guide, accompanied by an upward FY27 revenue-guide revision and a narrowing GAAP operati
  S         2026-09-15  ( +21d)  Q2 FY27 earnings — confirmation that the Q1 net-new-ARR reacceleration (+55% YoY) is durable rather than an easy-comp ar
DETFIRE|catalyst|SSRM|HIGH|Sale of the 80% Copler (Turkey) stake for $1.5B cash — definitive SPA signed 2026-03-24 — which removes the post-disaste (in 21d) — Copler $1.5B sale closes clean in Q3 2026 (full cash, no price cut) AND the market hands a pullback from the current near-52-week-high (~$28.5; 52w high $36.5) back toward the low-$20s, so you enter a
  SSRM      2026-09-15  ( +21d)  Sale of the 80% Copler (Turkey) stake for $1.5B cash — definitive SPA signed 2026-03-24 — which removes the post-disaste
DETFIRE|catalyst|EOLS|MED|Section 232 Korea tariff EFFECTIVE (15% Jeuveau) (in 35d) — Q3 inventory (Sept-30) for pre-buy; does the 'longer-term solution' get a noun
  EOLS      2026-09-29  ( +35d)  Section 232 Korea tariff EFFECTIVE (15% Jeuveau)
DETFIRE|catalyst|WING|MED|Return to positive US same-store sales — management guides an inflection back to growth in 2H 2026, first confirmable in (in 51d) — A Q3/Q4 FY2026 print showing US same-store sales sequentially inflecting back toward positive — confirming the demand weakness was cyclical (weather + tough laps + macro), not secular saturation. That
  WING      2026-10-15  ( +51d)  Return to positive US same-store sales — management guides an inflection back to growth in 2H 2026, first confirmable in
DETFIRE|catalyst|KER.PA|MED|Q3-2026 print: Gucci comp inflection under Demna (H2 sell-through) (in 57d) — Gucci comparable revenue (does Q1 NA +8% generalize to comp-flat?) + EUR1bn inventory cut / store closures in FCF-margin; entry only sub-268
  KER.PA    2026-10-21  ( +57d)  Q3-2026 print: Gucci comp inflection under Demna (H2 sell-through)
  BRBY.L    2026-11-15  ( +82d)  H1 FY2027 interim results — the proof the FY26 inflection is durable: continued positive comps (China/Americas not relap
  GO        2026-11-15  ( +82d)  Comparable-store-sales inflection to positive in 2H FY2026 under new CEO Jason Potter's operational reset (36 underperfo
  RBLX      2026-11-15  ( +82d)  Q3 2026 earnings print confirming DAU re-acceleration as the Jan-2026 age-check (facial-age-estimation for chat) frictio
  LULU      2026-12-15  (+112d)  Activist cooperation agreement (founder Chip Wilson) installing new directors Marc Maurer (ex-On Running co-CEO) and Lau
  BODI      2026-12-15  (+112d)  National retail-nutrition distribution rollout: Shakeology into 80+ Sprouts and 640+ Vitamin Shoppe stores (plus P90X su
  BOOK      2026-12-31  (+128d)  Tax-loss-harvest deadline (2026 gain needs 2026 losses)
  UKRAIN-StepUp-B 2026-12-31  (+128d)  Ukraine ceasefire-durability / security-guarantee watch (upsize variable)
  LVS       2027-12-15  (+477d)  Completion of The Venetian Macau renovation, gating management's $700M/quarter Macau EBITDA target (vs $633M now)


===== 2026-08-26 04:02 (desk) =====
=== CATALYST WATCH 2026-08-26 (window 60d) ===
  BAH       2026-07-28  ( -29d)  FY27 Q1 print (quarter ended Jun-2026)
  REPL      2026-07-30  ( -27d)  FDA ODAC advisory vote (late-July, exact date UNVERIFIED) -> PDUFA goal Aug-2; RP1+nivolumab accelerated approval, advanced melanoma
  SILICON2  2026-08-07  ( -19d)  2Q26 print — the AVOID/short INVERT-trigger
  COSMECCA  2026-08-15  ( -11d)  Q2 print
  TBCG.L    2026-08-15  ( -11d)  Q2 print + geopol de-risk watch (MEGOBARI Senate / Moody's outlook / EU-US thaw)
  CPRI      2026-08-15  ( -11d)  Q1 FY2027 earnings — first test of management's FY2027 guidance (return to low-single-digit revenue growth to ~$3.525B a
  FOUR      2026-08-15  ( -11d)  Q2 2026 earnings — first fully-clean quarter with Global Blue integrated: proof the acquisition is gross-profit/EPS accr
  TPB       2026-08-15  ( -11d)  Modern-oral (FRE nicotine pouch) margin inflection — the guided 2026 ramp to $180-190M net revenue / $220-240M gross con
  WEN       2026-08-15  ( -11d)  Q2 2026 earnings — first full quarter under newly installed CEO Bob Wright (5/21/26) and CFO Steve Cirulis (6/23/26), th
  CRM       2026-08-15  ( -11d)  Q2 FY2027 earnings print — the test of whether Agentforce/Data Cloud + Informatica re-accelerate total subscription and 
  HUBS      2026-08-15  ( -11d)  Q2 FY2026 earnings — proof that AI/Breeze is a monetization tailwind (revenue growth holding, net revenue retention infl
  MNDY      2026-08-15  ( -11d)  Q2 2026 earnings as the first hard read on the consumption-based pricing model + rearchitected AI Work Platform (One AI)
  TTD       2026-08-15  ( -11d)  Q2 2026 earnings — first clean print after the Kokai platform migration and late-2024 sales reorg complete; management s
  GAP       2026-08-15  ( -11d)  Q2 FY2026 earnings — Section-122 tariff relief (~$80M, ~50bps margin) lands in Q2/Q3 and the test of whether Old Navy's 
DETFIRE|catalyst|INTU|MED|Q4/full-year FY2026 earnings with initial FY2027 guidance — first management read on whether AI is eroding TurboTax/Cons (6d AGO (resolve)) — FY2027 guidance / next tax-season data showing TurboTax + Consumer-segment growth holding double-digit with stable-or-growing filer counts (no AI-driven filer defection), falsifying the structural-ero
  INTU      2026-08-20  (  -6d)  Q4/full-year FY2026 earnings with initial FY2027 guidance — first management read on whether AI is eroding TurboTax/Cons
DETFIRE|catalyst|INSP|HIGH|AMA CPT panel (Cat-I code decision) (in 20d) — panel outcome; Cat-I = re-rate, status-quo = bear extends
  INSP      2026-09-15  ( +20d)  AMA CPT panel (Cat-I code decision)
DETFIRE|catalyst|RH|HIGH|Margin inflection from the international gallery ramp (currently a quantified -270bps drag) turning to contribution plus (in 20d) — Q2/H2 FY2026 prints confirm adjusted EBITDA margin re-expanding into the 14-16% guide with FCF tracking $300-400M AND net debt stepping down — i.e., the margin recovery is real operating leverage, not
  RH        2026-09-15  ( +20d)  Margin inflection from the international gallery ramp (currently a quantified -270bps drag) turning to contribution plus
DETFIRE|catalyst|PATH|HIGH|Q2 FY2027 earnings print — proof that agentic automation (Maestro/agent orchestration) converts pilot-to-production into (in 20d) — Net-new ARR re-accelerates and net-retention inflects up (NRR back above ~112% with ARR growth re-accelerating toward mid-to-high teens), evidencing agentic seats converting to paid production and OFF
  PATH      2026-09-15  ( +20d)  Q2 FY2027 earnings print — proof that agentic automation (Maestro/agent orchestration) converts pilot-to-production into
DETFIRE|catalyst|S|HIGH|Q2 FY27 earnings — confirmation that the Q1 net-new-ARR reacceleration (+55% YoY) is durable rather than an easy-comp ar (in 20d) — A second consecutive quarter of accelerating net-new ARR that pulls reported revenue growth back ABOVE the ~20% guide, accompanied by an upward FY27 revenue-guide revision and a narrowing GAAP operati
  S         2026-09-15  ( +20d)  Q2 FY27 earnings — confirmation that the Q1 net-new-ARR reacceleration (+55% YoY) is durable rather than an easy-comp ar
DETFIRE|catalyst|SSRM|HIGH|Sale of the 80% Copler (Turkey) stake for $1.5B cash — definitive SPA signed 2026-03-24 — which removes the post-disaste (in 20d) — Copler $1.5B sale closes clean in Q3 2026 (full cash, no price cut) AND the market hands a pullback from the current near-52-week-high (~$28.5; 52w high $36.5) back toward the low-$20s, so you enter a
  SSRM      2026-09-15  ( +20d)  Sale of the 80% Copler (Turkey) stake for $1.5B cash — definitive SPA signed 2026-03-24 — which removes the post-disaste
DETFIRE|catalyst|EOLS|MED|Section 232 Korea tariff EFFECTIVE (15% Jeuveau) (in 34d) — Q3 inventory (Sept-30) for pre-buy; does the 'longer-term solution' get a noun
  EOLS      2026-09-29  ( +34d)  Section 232 Korea tariff EFFECTIVE (15% Jeuveau)
DETFIRE|catalyst|WING|MED|Return to positive US same-store sales — management guides an inflection back to growth in 2H 2026, first confirmable in (in 50d) — A Q3/Q4 FY2026 print showing US same-store sales sequentially inflecting back toward positive — confirming the demand weakness was cyclical (weather + tough laps + macro), not secular saturation. That
  WING      2026-10-15  ( +50d)  Return to positive US same-store sales — management guides an inflection back to growth in 2H 2026, first confirmable in
DETFIRE|catalyst|KER.PA|MED|Q3-2026 print: Gucci comp inflection under Demna (H2 sell-through) (in 56d) — Gucci comparable revenue (does Q1 NA +8% generalize to comp-flat?) + EUR1bn inventory cut / store closures in FCF-margin; entry only sub-268
  KER.PA    2026-10-21  ( +56d)  Q3-2026 print: Gucci comp inflection under Demna (H2 sell-through)
  BRBY.L    2026-11-15  ( +81d)  H1 FY2027 interim results — the proof the FY26 inflection is durable: continued positive comps (China/Americas not relap
  GO        2026-11-15  ( +81d)  Comparable-store-sales inflection to positive in 2H FY2026 under new CEO Jason Potter's operational reset (36 underperfo
  RBLX      2026-11-15  ( +81d)  Q3 2026 earnings print confirming DAU re-acceleration as the Jan-2026 age-check (facial-age-estimation for chat) frictio
  LULU      2026-12-15  (+111d)  Activist cooperation agreement (founder Chip Wilson) installing new directors Marc Maurer (ex-On Running co-CEO) and Lau
  BODI      2026-12-15  (+111d)  National retail-nutrition distribution rollout: Shakeology into 80+ Sprouts and 640+ Vitamin Shoppe stores (plus P90X su
  BOOK      2026-12-31  (+127d)  Tax-loss-harvest deadline (2026 gain needs 2026 losses)
  UKRAIN-StepUp-B 2026-12-31  (+127d)  Ukraine ceasefire-durability / security-guarantee watch (upsize variable)
  LVS       2027-12-15  (+476d)  Completion of The Venetian Macau renovation, gating management's $700M/quarter Macau EBITDA target (vs $633M now)


===== 2026-08-27 04:54 (desk) =====
=== CATALYST WATCH 2026-08-27 (window 60d) ===
  BAH       2026-07-28  ( -30d)  FY27 Q1 print (quarter ended Jun-2026)
  REPL      2026-07-30  ( -28d)  FDA ODAC advisory vote (late-July, exact date UNVERIFIED) -> PDUFA goal Aug-2; RP1+nivolumab accelerated approval, advanced melanoma
  SILICON2  2026-08-07  ( -20d)  2Q26 print — the AVOID/short INVERT-trigger
  COSMECCA  2026-08-15  ( -12d)  Q2 print
  TBCG.L    2026-08-15  ( -12d)  Q2 print + geopol de-risk watch (MEGOBARI Senate / Moody's outlook / EU-US thaw)
  CPRI      2026-08-15  ( -12d)  Q1 FY2027 earnings — first test of management's FY2027 guidance (return to low-single-digit revenue growth to ~$3.525B a
  FOUR      2026-08-15  ( -12d)  Q2 2026 earnings — first fully-clean quarter with Global Blue integrated: proof the acquisition is gross-profit/EPS accr
  TPB       2026-08-15  ( -12d)  Modern-oral (FRE nicotine pouch) margin inflection — the guided 2026 ramp to $180-190M net revenue / $220-240M gross con
  WEN       2026-08-15  ( -12d)  Q2 2026 earnings — first full quarter under newly installed CEO Bob Wright (5/21/26) and CFO Steve Cirulis (6/23/26), th
  CRM       2026-08-15  ( -12d)  Q2 FY2027 earnings print — the test of whether Agentforce/Data Cloud + Informatica re-accelerate total subscription and 
  HUBS      2026-08-15  ( -12d)  Q2 FY2026 earnings — proof that AI/Breeze is a monetization tailwind (revenue growth holding, net revenue retention infl
  MNDY      2026-08-15  ( -12d)  Q2 2026 earnings as the first hard read on the consumption-based pricing model + rearchitected AI Work Platform (One AI)
  TTD       2026-08-15  ( -12d)  Q2 2026 earnings — first clean print after the Kokai platform migration and late-2024 sales reorg complete; management s
  GAP       2026-08-15  ( -12d)  Q2 FY2026 earnings — Section-122 tariff relief (~$80M, ~50bps margin) lands in Q2/Q3 and the test of whether Old Navy's 
DETFIRE|catalyst|INTU|MED|Q4/full-year FY2026 earnings with initial FY2027 guidance — first management read on whether AI is eroding TurboTax/Cons (7d AGO (resolve)) — FY2027 guidance / next tax-season data showing TurboTax + Consumer-segment growth holding double-digit with stable-or-growing filer counts (no AI-driven filer defection), falsifying the structural-ero
  INTU      2026-08-20  (  -7d)  Q4/full-year FY2026 earnings with initial FY2027 guidance — first management read on whether AI is eroding TurboTax/Cons
DETFIRE|catalyst|INSP|HIGH|AMA CPT panel (Cat-I code decision) (in 19d) — panel outcome; Cat-I = re-rate, status-quo = bear extends
  INSP      2026-09-15  ( +19d)  AMA CPT panel (Cat-I code decision)
DETFIRE|catalyst|RH|HIGH|Margin inflection from the international gallery ramp (currently a quantified -270bps drag) turning to contribution plus (in 19d) — Q2/H2 FY2026 prints confirm adjusted EBITDA margin re-expanding into the 14-16% guide with FCF tracking $300-400M AND net debt stepping down — i.e., the margin recovery is real operating leverage, not
  RH        2026-09-15  ( +19d)  Margin inflection from the international gallery ramp (currently a quantified -270bps drag) turning to contribution plus
DETFIRE|catalyst|PATH|HIGH|Q2 FY2027 earnings print — proof that agentic automation (Maestro/agent orchestration) converts pilot-to-production into (in 19d) — Net-new ARR re-accelerates and net-retention inflects up (NRR back above ~112% with ARR growth re-accelerating toward mid-to-high teens), evidencing agentic seats converting to paid production and OFF
  PATH      2026-09-15  ( +19d)  Q2 FY2027 earnings print — proof that agentic automation (Maestro/agent orchestration) converts pilot-to-production into
DETFIRE|catalyst|S|HIGH|Q2 FY27 earnings — confirmation that the Q1 net-new-ARR reacceleration (+55% YoY) is durable rather than an easy-comp ar (in 19d) — A second consecutive quarter of accelerating net-new ARR that pulls reported revenue growth back ABOVE the ~20% guide, accompanied by an upward FY27 revenue-guide revision and a narrowing GAAP operati
  S         2026-09-15  ( +19d)  Q2 FY27 earnings — confirmation that the Q1 net-new-ARR reacceleration (+55% YoY) is durable rather than an easy-comp ar
DETFIRE|catalyst|SSRM|HIGH|Sale of the 80% Copler (Turkey) stake for $1.5B cash — definitive SPA signed 2026-03-24 — which removes the post-disaste (in 19d) — Copler $1.5B sale closes clean in Q3 2026 (full cash, no price cut) AND the market hands a pullback from the current near-52-week-high (~$28.5; 52w high $36.5) back toward the low-$20s, so you enter a
  SSRM      2026-09-15  ( +19d)  Sale of the 80% Copler (Turkey) stake for $1.5B cash — definitive SPA signed 2026-03-24 — which removes the post-disaste
DETFIRE|catalyst|EOLS|MED|Section 232 Korea tariff EFFECTIVE (15% Jeuveau) (in 33d) — Q3 inventory (Sept-30) for pre-buy; does the 'longer-term solution' get a noun
  EOLS      2026-09-29  ( +33d)  Section 232 Korea tariff EFFECTIVE (15% Jeuveau)
DETFIRE|catalyst|WING|MED|Return to positive US same-store sales — management guides an inflection back to growth in 2H 2026, first confirmable in (in 49d) — A Q3/Q4 FY2026 print showing US same-store sales sequentially inflecting back toward positive — confirming the demand weakness was cyclical (weather + tough laps + macro), not secular saturation. That
  WING      2026-10-15  ( +49d)  Return to positive US same-store sales — management guides an inflection back to growth in 2H 2026, first confirmable in
DETFIRE|catalyst|KER.PA|MED|Q3-2026 print: Gucci comp inflection under Demna (H2 sell-through) (in 55d) — Gucci comparable revenue (does Q1 NA +8% generalize to comp-flat?) + EUR1bn inventory cut / store closures in FCF-margin; entry only sub-268
  KER.PA    2026-10-21  ( +55d)  Q3-2026 print: Gucci comp inflection under Demna (H2 sell-through)
  BRBY.L    2026-11-15  ( +80d)  H1 FY2027 interim results — the proof the FY26 inflection is durable: continued positive comps (China/Americas not relap
  GO        2026-11-15  ( +80d)  Comparable-store-sales inflection to positive in 2H FY2026 under new CEO Jason Potter's operational reset (36 underperfo
  RBLX      2026-11-15  ( +80d)  Q3 2026 earnings print confirming DAU re-acceleration as the Jan-2026 age-check (facial-age-estimation for chat) frictio
  LULU      2026-12-15  (+110d)  Activist cooperation agreement (founder Chip Wilson) installing new directors Marc Maurer (ex-On Running co-CEO) and Lau
  BODI      2026-12-15  (+110d)  National retail-nutrition distribution rollout: Shakeology into 80+ Sprouts and 640+ Vitamin Shoppe stores (plus P90X su
  BOOK      2026-12-31  (+126d)  Tax-loss-harvest deadline (2026 gain needs 2026 losses)
  UKRAIN-StepUp-B 2026-12-31  (+126d)  Ukraine ceasefire-durability / security-guarantee watch (upsize variable)
  LVS       2027-12-15  (+475d)  Completion of The Venetian Macau renovation, gating management's $700M/quarter Macau EBITDA target (vs $633M now)


===== 2026-08-28 05:58 (desk) =====
=== CATALYST WATCH 2026-08-28 (window 60d) ===
  BAH       2026-07-28  ( -31d)  FY27 Q1 print (quarter ended Jun-2026)
  REPL      2026-07-30  ( -29d)  FDA ODAC advisory vote (late-July, exact date UNVERIFIED) -> PDUFA goal Aug-2; RP1+nivolumab accelerated approval, advanced melanoma
  SILICON2  2026-08-07  ( -21d)  2Q26 print — the AVOID/short INVERT-trigger
  COSMECCA  2026-08-15  ( -13d)  Q2 print
  TBCG.L    2026-08-15  ( -13d)  Q2 print + geopol de-risk watch (MEGOBARI Senate / Moody's outlook / EU-US thaw)
  CPRI      2026-08-15  ( -13d)  Q1 FY2027 earnings — first test of management's FY2027 guidance (return to low-single-digit revenue growth to ~$3.525B a
  FOUR      2026-08-15  ( -13d)  Q2 2026 earnings — first fully-clean quarter with Global Blue integrated: proof the acquisition is gross-profit/EPS accr
  TPB       2026-08-15  ( -13d)  Modern-oral (FRE nicotine pouch) margin inflection — the guided 2026 ramp to $180-190M net revenue / $220-240M gross con
  WEN       2026-08-15  ( -13d)  Q2 2026 earnings — first full quarter under newly installed CEO Bob Wright (5/21/26) and CFO Steve Cirulis (6/23/26), th
  CRM       2026-08-15  ( -13d)  Q2 FY2027 earnings print — the test of whether Agentforce/Data Cloud + Informatica re-accelerate total subscription and 
  HUBS      2026-08-15  ( -13d)  Q2 FY2026 earnings — proof that AI/Breeze is a monetization tailwind (revenue growth holding, net revenue retention infl
  MNDY      2026-08-15  ( -13d)  Q2 2026 earnings as the first hard read on the consumption-based pricing model + rearchitected AI Work Platform (One AI)
  TTD       2026-08-15  ( -13d)  Q2 2026 earnings — first clean print after the Kokai platform migration and late-2024 sales reorg complete; management s
  GAP       2026-08-15  ( -13d)  Q2 FY2026 earnings — Section-122 tariff relief (~$80M, ~50bps margin) lands in Q2/Q3 and the test of whether Old Navy's 
DETFIRE|catalyst|INTU|MED|Q4/full-year FY2026 earnings with initial FY2027 guidance — first management read on whether AI is eroding TurboTax/Cons (8d AGO (resolve)) — FY2027 guidance / next tax-season data showing TurboTax + Consumer-segment growth holding double-digit with stable-or-growing filer counts (no AI-driven filer defection), falsifying the structural-ero
  INTU      2026-08-20  (  -8d)  Q4/full-year FY2026 earnings with initial FY2027 guidance — first management read on whether AI is eroding TurboTax/Cons
DETFIRE|catalyst|INSP|HIGH|AMA CPT panel (Cat-I code decision) (in 18d) — panel outcome; Cat-I = re-rate, status-quo = bear extends
  INSP      2026-09-15  ( +18d)  AMA CPT panel (Cat-I code decision)
DETFIRE|catalyst|RH|HIGH|Margin inflection from the international gallery ramp (currently a quantified -270bps drag) turning to contribution plus (in 18d) — Q2/H2 FY2026 prints confirm adjusted EBITDA margin re-expanding into the 14-16% guide with FCF tracking $300-400M AND net debt stepping down — i.e., the margin recovery is real operating leverage, not
  RH        2026-09-15  ( +18d)  Margin inflection from the international gallery ramp (currently a quantified -270bps drag) turning to contribution plus
DETFIRE|catalyst|PATH|HIGH|Q2 FY2027 earnings print — proof that agentic automation (Maestro/agent orchestration) converts pilot-to-production into (in 18d) — Net-new ARR re-accelerates and net-retention inflects up (NRR back above ~112% with ARR growth re-accelerating toward mid-to-high teens), evidencing agentic seats converting to paid production and OFF
  PATH      2026-09-15  ( +18d)  Q2 FY2027 earnings print — proof that agentic automation (Maestro/agent orchestration) converts pilot-to-production into
DETFIRE|catalyst|S|HIGH|Q2 FY27 earnings — confirmation that the Q1 net-new-ARR reacceleration (+55% YoY) is durable rather than an easy-comp ar (in 18d) — A second consecutive quarter of accelerating net-new ARR that pulls reported revenue growth back ABOVE the ~20% guide, accompanied by an upward FY27 revenue-guide revision and a narrowing GAAP operati
  S         2026-09-15  ( +18d)  Q2 FY27 earnings — confirmation that the Q1 net-new-ARR reacceleration (+55% YoY) is durable rather than an easy-comp ar
DETFIRE|catalyst|SSRM|HIGH|Sale of the 80% Copler (Turkey) stake for $1.5B cash — definitive SPA signed 2026-03-24 — which removes the post-disaste (in 18d) — Copler $1.5B sale closes clean in Q3 2026 (full cash, no price cut) AND the market hands a pullback from the current near-52-week-high (~$28.5; 52w high $36.5) back toward the low-$20s, so you enter a
  SSRM      2026-09-15  ( +18d)  Sale of the 80% Copler (Turkey) stake for $1.5B cash — definitive SPA signed 2026-03-24 — which removes the post-disaste
DETFIRE|catalyst|EOLS|MED|Section 232 Korea tariff EFFECTIVE (15% Jeuveau) (in 32d) — Q3 inventory (Sept-30) for pre-buy; does the 'longer-term solution' get a noun
  EOLS      2026-09-29  ( +32d)  Section 232 Korea tariff EFFECTIVE (15% Jeuveau)
DETFIRE|catalyst|WING|MED|Return to positive US same-store sales — management guides an inflection back to growth in 2H 2026, first confirmable in (in 48d) — A Q3/Q4 FY2026 print showing US same-store sales sequentially inflecting back toward positive — confirming the demand weakness was cyclical (weather + tough laps + macro), not secular saturation. That
  WING      2026-10-15  ( +48d)  Return to positive US same-store sales — management guides an inflection back to growth in 2H 2026, first confirmable in
DETFIRE|catalyst|KER.PA|MED|Q3-2026 print: Gucci comp inflection under Demna (H2 sell-through) (in 54d) — Gucci comparable revenue (does Q1 NA +8% generalize to comp-flat?) + EUR1bn inventory cut / store closures in FCF-margin; entry only sub-268
  KER.PA    2026-10-21  ( +54d)  Q3-2026 print: Gucci comp inflection under Demna (H2 sell-through)
  BRBY.L    2026-11-15  ( +79d)  H1 FY2027 interim results — the proof the FY26 inflection is durable: continued positive comps (China/Americas not relap
  GO        2026-11-15  ( +79d)  Comparable-store-sales inflection to positive in 2H FY2026 under new CEO Jason Potter's operational reset (36 underperfo
  RBLX      2026-11-15  ( +79d)  Q3 2026 earnings print confirming DAU re-acceleration as the Jan-2026 age-check (facial-age-estimation for chat) frictio
  LULU      2026-12-15  (+109d)  Activist cooperation agreement (founder Chip Wilson) installing new directors Marc Maurer (ex-On Running co-CEO) and Lau
  BODI      2026-12-15  (+109d)  National retail-nutrition distribution rollout: Shakeology into 80+ Sprouts and 640+ Vitamin Shoppe stores (plus P90X su
  BOOK      2026-12-31  (+125d)  Tax-loss-harvest deadline (2026 gain needs 2026 losses)
  UKRAIN-StepUp-B 2026-12-31  (+125d)  Ukraine ceasefire-durability / security-guarantee watch (upsize variable)
  LVS       2027-12-15  (+474d)  Completion of The Venetian Macau renovation, gating management's $700M/quarter Macau EBITDA target (vs $633M now)


===== 2026-08-31 00:58 (desk) =====
=== CATALYST WATCH 2026-08-31 (window 60d) ===
  BAH       2026-07-28  ( -34d)  FY27 Q1 print (quarter ended Jun-2026)
  REPL      2026-07-30  ( -32d)  FDA ODAC advisory vote (late-July, exact date UNVERIFIED) -> PDUFA goal Aug-2; RP1+nivolumab accelerated approval, advanced melanoma
  SILICON2  2026-08-07  ( -24d)  2Q26 print — the AVOID/short INVERT-trigger
  COSMECCA  2026-08-15  ( -16d)  Q2 print
  TBCG.L    2026-08-15  ( -16d)  Q2 print + geopol de-risk watch (MEGOBARI Senate / Moody's outlook / EU-US thaw)
  CPRI      2026-08-15  ( -16d)  Q1 FY2027 earnings — first test of management's FY2027 guidance (return to low-single-digit revenue growth to ~$3.525B a
  FOUR      2026-08-15  ( -16d)  Q2 2026 earnings — first fully-clean quarter with Global Blue integrated: proof the acquisition is gross-profit/EPS accr
  TPB       2026-08-15  ( -16d)  Modern-oral (FRE nicotine pouch) margin inflection — the guided 2026 ramp to $180-190M net revenue / $220-240M gross con
  WEN       2026-08-15  ( -16d)  Q2 2026 earnings — first full quarter under newly installed CEO Bob Wright (5/21/26) and CFO Steve Cirulis (6/23/26), th
  CRM       2026-08-15  ( -16d)  Q2 FY2027 earnings print — the test of whether Agentforce/Data Cloud + Informatica re-accelerate total subscription and 
  HUBS      2026-08-15  ( -16d)  Q2 FY2026 earnings — proof that AI/Breeze is a monetization tailwind (revenue growth holding, net revenue retention infl
  MNDY      2026-08-15  ( -16d)  Q2 2026 earnings as the first hard read on the consumption-based pricing model + rearchitected AI Work Platform (One AI)
  TTD       2026-08-15  ( -16d)  Q2 2026 earnings — first clean print after the Kokai platform migration and late-2024 sales reorg complete; management s
  GAP       2026-08-15  ( -16d)  Q2 FY2026 earnings — Section-122 tariff relief (~$80M, ~50bps margin) lands in Q2/Q3 and the test of whether Old Navy's 
  INTU      2026-08-20  ( -11d)  Q4/full-year FY2026 earnings with initial FY2027 guidance — first management read on whether AI is eroding TurboTax/Cons
DETFIRE|catalyst|INSP|HIGH|AMA CPT panel (Cat-I code decision) (in 15d) — panel outcome; Cat-I = re-rate, status-quo = bear extends
  INSP      2026-09-15  ( +15d)  AMA CPT panel (Cat-I code decision)
DETFIRE|catalyst|RH|HIGH|Margin inflection from the international gallery ramp (currently a quantified -270bps drag) turning to contribution plus (in 15d) — Q2/H2 FY2026 prints confirm adjusted EBITDA margin re-expanding into the 14-16% guide with FCF tracking $300-400M AND net debt stepping down — i.e., the margin recovery is real operating leverage, not
  RH        2026-09-15  ( +15d)  Margin inflection from the international gallery ramp (currently a quantified -270bps drag) turning to contribution plus
DETFIRE|catalyst|PATH|HIGH|Q2 FY2027 earnings print — proof that agentic automation (Maestro/agent orchestration) converts pilot-to-production into (in 15d) — Net-new ARR re-accelerates and net-retention inflects up (NRR back above ~112% with ARR growth re-accelerating toward mid-to-high teens), evidencing agentic seats converting to paid production and OFF
  PATH      2026-09-15  ( +15d)  Q2 FY2027 earnings print — proof that agentic automation (Maestro/agent orchestration) converts pilot-to-production into
DETFIRE|catalyst|S|HIGH|Q2 FY27 earnings — confirmation that the Q1 net-new-ARR reacceleration (+55% YoY) is durable rather than an easy-comp ar (in 15d) — A second consecutive quarter of accelerating net-new ARR that pulls reported revenue growth back ABOVE the ~20% guide, accompanied by an upward FY27 revenue-guide revision and a narrowing GAAP operati
  S         2026-09-15  ( +15d)  Q2 FY27 earnings — confirmation that the Q1 net-new-ARR reacceleration (+55% YoY) is durable rather than an easy-comp ar
DETFIRE|catalyst|SSRM|HIGH|Sale of the 80% Copler (Turkey) stake for $1.5B cash — definitive SPA signed 2026-03-24 — which removes the post-disaste (in 15d) — Copler $1.5B sale closes clean in Q3 2026 (full cash, no price cut) AND the market hands a pullback from the current near-52-week-high (~$28.5; 52w high $36.5) back toward the low-$20s, so you enter a
  SSRM      2026-09-15  ( +15d)  Sale of the 80% Copler (Turkey) stake for $1.5B cash — definitive SPA signed 2026-03-24 — which removes the post-disaste
DETFIRE|catalyst|EOLS|MED|Section 232 Korea tariff EFFECTIVE (15% Jeuveau) (in 29d) — Q3 inventory (Sept-30) for pre-buy; does the 'longer-term solution' get a noun
  EOLS      2026-09-29  ( +29d)  Section 232 Korea tariff EFFECTIVE (15% Jeuveau)
DETFIRE|catalyst|WING|MED|Return to positive US same-store sales — management guides an inflection back to growth in 2H 2026, first confirmable in (in 45d) — A Q3/Q4 FY2026 print showing US same-store sales sequentially inflecting back toward positive — confirming the demand weakness was cyclical (weather + tough laps + macro), not secular saturation. That
  WING      2026-10-15  ( +45d)  Return to positive US same-store sales — management guides an inflection back to growth in 2H 2026, first confirmable in
DETFIRE|catalyst|KER.PA|MED|Q3-2026 print: Gucci comp inflection under Demna (H2 sell-through) (in 51d) — Gucci comparable revenue (does Q1 NA +8% generalize to comp-flat?) + EUR1bn inventory cut / store closures in FCF-margin; entry only sub-268
  KER.PA    2026-10-21  ( +51d)  Q3-2026 print: Gucci comp inflection under Demna (H2 sell-through)
  BRBY.L    2026-11-15  ( +76d)  H1 FY2027 interim results — the proof the FY26 inflection is durable: continued positive comps (China/Americas not relap
  GO        2026-11-15  ( +76d)  Comparable-store-sales inflection to positive in 2H FY2026 under new CEO Jason Potter's operational reset (36 underperfo
  RBLX      2026-11-15  ( +76d)  Q3 2026 earnings print confirming DAU re-acceleration as the Jan-2026 age-check (facial-age-estimation for chat) frictio
  LULU      2026-12-15  (+106d)  Activist cooperation agreement (founder Chip Wilson) installing new directors Marc Maurer (ex-On Running co-CEO) and Lau
  BODI      2026-12-15  (+106d)  National retail-nutrition distribution rollout: Shakeology into 80+ Sprouts and 640+ Vitamin Shoppe stores (plus P90X su
  BOOK      2026-12-31  (+122d)  Tax-loss-harvest deadline (2026 gain needs 2026 losses)
  UKRAIN-StepUp-B 2026-12-31  (+122d)  Ukraine ceasefire-durability / security-guarantee watch (upsize variable)
  LVS       2027-12-15  (+471d)  Completion of The Venetian Macau renovation, gating management's $700M/quarter Macau EBITDA target (vs $633M now)


===== 2026-09-01 01:52 (desk) =====
=== CATALYST WATCH 2026-09-01 (window 60d) ===
  BAH       2026-07-28  ( -35d)  FY27 Q1 print (quarter ended Jun-2026)
  REPL      2026-07-30  ( -33d)  FDA ODAC advisory vote (late-July, exact date UNVERIFIED) -> PDUFA goal Aug-2; RP1+nivolumab accelerated approval, advanced melanoma
  SILICON2  2026-08-07  ( -25d)  2Q26 print — the AVOID/short INVERT-trigger
  COSMECCA  2026-08-15  ( -17d)  Q2 print
  TBCG.L    2026-08-15  ( -17d)  Q2 print + geopol de-risk watch (MEGOBARI Senate / Moody's outlook / EU-US thaw)
  CPRI      2026-08-15  ( -17d)  Q1 FY2027 earnings — first test of management's FY2027 guidance (return to low-single-digit revenue growth to ~$3.525B a
  FOUR      2026-08-15  ( -17d)  Q2 2026 earnings — first fully-clean quarter with Global Blue integrated: proof the acquisition is gross-profit/EPS accr
  TPB       2026-08-15  ( -17d)  Modern-oral (FRE nicotine pouch) margin inflection — the guided 2026 ramp to $180-190M net revenue / $220-240M gross con
  WEN       2026-08-15  ( -17d)  Q2 2026 earnings — first full quarter under newly installed CEO Bob Wright (5/21/26) and CFO Steve Cirulis (6/23/26), th
  CRM       2026-08-15  ( -17d)  Q2 FY2027 earnings print — the test of whether Agentforce/Data Cloud + Informatica re-accelerate total subscription and 
  HUBS      2026-08-15  ( -17d)  Q2 FY2026 earnings — proof that AI/Breeze is a monetization tailwind (revenue growth holding, net revenue retention infl
  MNDY      2026-08-15  ( -17d)  Q2 2026 earnings as the first hard read on the consumption-based pricing model + rearchitected AI Work Platform (One AI)
  TTD       2026-08-15  ( -17d)  Q2 2026 earnings — first clean print after the Kokai platform migration and late-2024 sales reorg complete; management s
  GAP       2026-08-15  ( -17d)  Q2 FY2026 earnings — Section-122 tariff relief (~$80M, ~50bps margin) lands in Q2/Q3 and the test of whether Old Navy's 
  INTU      2026-08-20  ( -12d)  Q4/full-year FY2026 earnings with initial FY2027 guidance — first management read on whether AI is eroding TurboTax/Cons
DETFIRE|catalyst|INSP|HIGH|AMA CPT panel (Cat-I code decision) (in 14d) — panel outcome; Cat-I = re-rate, status-quo = bear extends
  INSP      2026-09-15  ( +14d)  AMA CPT panel (Cat-I code decision)
DETFIRE|catalyst|RH|HIGH|Margin inflection from the international gallery ramp (currently a quantified -270bps drag) turning to contribution plus (in 14d) — Q2/H2 FY2026 prints confirm adjusted EBITDA margin re-expanding into the 14-16% guide with FCF tracking $300-400M AND net debt stepping down — i.e., the margin recovery is real operating leverage, not
  RH        2026-09-15  ( +14d)  Margin inflection from the international gallery ramp (currently a quantified -270bps drag) turning to contribution plus
DETFIRE|catalyst|PATH|HIGH|Q2 FY2027 earnings print — proof that agentic automation (Maestro/agent orchestration) converts pilot-to-production into (in 14d) — Net-new ARR re-accelerates and net-retention inflects up (NRR back above ~112% with ARR growth re-accelerating toward mid-to-high teens), evidencing agentic seats converting to paid production and OFF
  PATH      2026-09-15  ( +14d)  Q2 FY2027 earnings print — proof that agentic automation (Maestro/agent orchestration) converts pilot-to-production into
DETFIRE|catalyst|S|HIGH|Q2 FY27 earnings — confirmation that the Q1 net-new-ARR reacceleration (+55% YoY) is durable rather than an easy-comp ar (in 14d) — A second consecutive quarter of accelerating net-new ARR that pulls reported revenue growth back ABOVE the ~20% guide, accompanied by an upward FY27 revenue-guide revision and a narrowing GAAP operati
  S         2026-09-15  ( +14d)  Q2 FY27 earnings — confirmation that the Q1 net-new-ARR reacceleration (+55% YoY) is durable rather than an easy-comp ar
DETFIRE|catalyst|SSRM|HIGH|Sale of the 80% Copler (Turkey) stake for $1.5B cash — definitive SPA signed 2026-03-24 — which removes the post-disaste (in 14d) — Copler $1.5B sale closes clean in Q3 2026 (full cash, no price cut) AND the market hands a pullback from the current near-52-week-high (~$28.5; 52w high $36.5) back toward the low-$20s, so you enter a
  SSRM      2026-09-15  ( +14d)  Sale of the 80% Copler (Turkey) stake for $1.5B cash — definitive SPA signed 2026-03-24 — which removes the post-disaste
DETFIRE|catalyst|EOLS|MED|Section 232 Korea tariff EFFECTIVE (15% Jeuveau) (in 28d) — Q3 inventory (Sept-30) for pre-buy; does the 'longer-term solution' get a noun
  EOLS      2026-09-29  ( +28d)  Section 232 Korea tariff EFFECTIVE (15% Jeuveau)
DETFIRE|catalyst|WING|MED|Return to positive US same-store sales — management guides an inflection back to growth in 2H 2026, first confirmable in (in 44d) — A Q3/Q4 FY2026 print showing US same-store sales sequentially inflecting back toward positive — confirming the demand weakness was cyclical (weather + tough laps + macro), not secular saturation. That
  WING      2026-10-15  ( +44d)  Return to positive US same-store sales — management guides an inflection back to growth in 2H 2026, first confirmable in
DETFIRE|catalyst|KER.PA|MED|Q3-2026 print: Gucci comp inflection under Demna (H2 sell-through) (in 50d) — Gucci comparable revenue (does Q1 NA +8% generalize to comp-flat?) + EUR1bn inventory cut / store closures in FCF-margin; entry only sub-268
  KER.PA    2026-10-21  ( +50d)  Q3-2026 print: Gucci comp inflection under Demna (H2 sell-through)
  BRBY.L    2026-11-15  ( +75d)  H1 FY2027 interim results — the proof the FY26 inflection is durable: continued positive comps (China/Americas not relap
  GO        2026-11-15  ( +75d)  Comparable-store-sales inflection to positive in 2H FY2026 under new CEO Jason Potter's operational reset (36 underperfo
  RBLX      2026-11-15  ( +75d)  Q3 2026 earnings print confirming DAU re-acceleration as the Jan-2026 age-check (facial-age-estimation for chat) frictio
  LULU      2026-12-15  (+105d)  Activist cooperation agreement (founder Chip Wilson) installing new directors Marc Maurer (ex-On Running co-CEO) and Lau
  BODI      2026-12-15  (+105d)  National retail-nutrition distribution rollout: Shakeology into 80+ Sprouts and 640+ Vitamin Shoppe stores (plus P90X su
  BOOK      2026-12-31  (+121d)  Tax-loss-harvest deadline (2026 gain needs 2026 losses)
  UKRAIN-StepUp-B 2026-12-31  (+121d)  Ukraine ceasefire-durability / security-guarantee watch (upsize variable)
  LVS       2027-12-15  (+470d)  Completion of The Venetian Macau renovation, gating management's $700M/quarter Macau EBITDA target (vs $633M now)


===== 2026-09-02 02:55 (desk) =====
=== CATALYST WATCH 2026-09-02 (window 60d) ===
  BAH       2026-07-28  ( -36d)  FY27 Q1 print (quarter ended Jun-2026)
  REPL      2026-07-30  ( -34d)  FDA ODAC advisory vote (late-July, exact date UNVERIFIED) -> PDUFA goal Aug-2; RP1+nivolumab accelerated approval, advanced melanoma
  SILICON2  2026-08-07  ( -26d)  2Q26 print — the AVOID/short INVERT-trigger
  COSMECCA  2026-08-15  ( -18d)  Q2 print
  TBCG.L    2026-08-15  ( -18d)  Q2 print + geopol de-risk watch (MEGOBARI Senate / Moody's outlook / EU-US thaw)
  CPRI      2026-08-15  ( -18d)  Q1 FY2027 earnings — first test of management's FY2027 guidance (return to low-single-digit revenue growth to ~$3.525B a
  FOUR      2026-08-15  ( -18d)  Q2 2026 earnings — first fully-clean quarter with Global Blue integrated: proof the acquisition is gross-profit/EPS accr
  TPB       2026-08-15  ( -18d)  Modern-oral (FRE nicotine pouch) margin inflection — the guided 2026 ramp to $180-190M net revenue / $220-240M gross con
  WEN       2026-08-15  ( -18d)  Q2 2026 earnings — first full quarter under newly installed CEO Bob Wright (5/21/26) and CFO Steve Cirulis (6/23/26), th
  CRM       2026-08-15  ( -18d)  Q2 FY2027 earnings print — the test of whether Agentforce/Data Cloud + Informatica re-accelerate total subscription and 
  HUBS      2026-08-15  ( -18d)  Q2 FY2026 earnings — proof that AI/Breeze is a monetization tailwind (revenue growth holding, net revenue retention infl
  MNDY      2026-08-15  ( -18d)  Q2 2026 earnings as the first hard read on the consumption-based pricing model + rearchitected AI Work Platform (One AI)
  TTD       2026-08-15  ( -18d)  Q2 2026 earnings — first clean print after the Kokai platform migration and late-2024 sales reorg complete; management s
  GAP       2026-08-15  ( -18d)  Q2 FY2026 earnings — Section-122 tariff relief (~$80M, ~50bps margin) lands in Q2/Q3 and the test of whether Old Navy's 
  INTU      2026-08-20  ( -13d)  Q4/full-year FY2026 earnings with initial FY2027 guidance — first management read on whether AI is eroding TurboTax/Cons
DETFIRE|catalyst|INSP|HIGH|AMA CPT panel (Cat-I code decision) (in 13d) — panel outcome; Cat-I = re-rate, status-quo = bear extends
  INSP      2026-09-15  ( +13d)  AMA CPT panel (Cat-I code decision)
DETFIRE|catalyst|RH|HIGH|Margin inflection from the international gallery ramp (currently a quantified -270bps drag) turning to contribution plus (in 13d) — Q2/H2 FY2026 prints confirm adjusted EBITDA margin re-expanding into the 14-16% guide with FCF tracking $300-400M AND net debt stepping down — i.e., the margin recovery is real operating leverage, not
  RH        2026-09-15  ( +13d)  Margin inflection from the international gallery ramp (currently a quantified -270bps drag) turning to contribution plus
DETFIRE|catalyst|PATH|HIGH|Q2 FY2027 earnings print — proof that agentic automation (Maestro/agent orchestration) converts pilot-to-production into (in 13d) — Net-new ARR re-accelerates and net-retention inflects up (NRR back above ~112% with ARR growth re-accelerating toward mid-to-high teens), evidencing agentic seats converting to paid production and OFF
  PATH      2026-09-15  ( +13d)  Q2 FY2027 earnings print — proof that agentic automation (Maestro/agent orchestration) converts pilot-to-production into
DETFIRE|catalyst|S|HIGH|Q2 FY27 earnings — confirmation that the Q1 net-new-ARR reacceleration (+55% YoY) is durable rather than an easy-comp ar (in 13d) — A second consecutive quarter of accelerating net-new ARR that pulls reported revenue growth back ABOVE the ~20% guide, accompanied by an upward FY27 revenue-guide revision and a narrowing GAAP operati
  S         2026-09-15  ( +13d)  Q2 FY27 earnings — confirmation that the Q1 net-new-ARR reacceleration (+55% YoY) is durable rather than an easy-comp ar
DETFIRE|catalyst|SSRM|HIGH|Sale of the 80% Copler (Turkey) stake for $1.5B cash — definitive SPA signed 2026-03-24 — which removes the post-disaste (in 13d) — Copler $1.5B sale closes clean in Q3 2026 (full cash, no price cut) AND the market hands a pullback from the current near-52-week-high (~$28.5; 52w high $36.5) back toward the low-$20s, so you enter a
  SSRM      2026-09-15  ( +13d)  Sale of the 80% Copler (Turkey) stake for $1.5B cash — definitive SPA signed 2026-03-24 — which removes the post-disaste
DETFIRE|catalyst|EOLS|MED|Section 232 Korea tariff EFFECTIVE (15% Jeuveau) (in 27d) — Q3 inventory (Sept-30) for pre-buy; does the 'longer-term solution' get a noun
  EOLS      2026-09-29  ( +27d)  Section 232 Korea tariff EFFECTIVE (15% Jeuveau)
DETFIRE|catalyst|WING|MED|Return to positive US same-store sales — management guides an inflection back to growth in 2H 2026, first confirmable in (in 43d) — A Q3/Q4 FY2026 print showing US same-store sales sequentially inflecting back toward positive — confirming the demand weakness was cyclical (weather + tough laps + macro), not secular saturation. That
  WING      2026-10-15  ( +43d)  Return to positive US same-store sales — management guides an inflection back to growth in 2H 2026, first confirmable in
DETFIRE|catalyst|KER.PA|MED|Q3-2026 print: Gucci comp inflection under Demna (H2 sell-through) (in 49d) — Gucci comparable revenue (does Q1 NA +8% generalize to comp-flat?) + EUR1bn inventory cut / store closures in FCF-margin; entry only sub-268
  KER.PA    2026-10-21  ( +49d)  Q3-2026 print: Gucci comp inflection under Demna (H2 sell-through)
  BRBY.L    2026-11-15  ( +74d)  H1 FY2027 interim results — the proof the FY26 inflection is durable: continued positive comps (China/Americas not relap
  GO        2026-11-15  ( +74d)  Comparable-store-sales inflection to positive in 2H FY2026 under new CEO Jason Potter's operational reset (36 underperfo
  RBLX      2026-11-15  ( +74d)  Q3 2026 earnings print confirming DAU re-acceleration as the Jan-2026 age-check (facial-age-estimation for chat) frictio
  LULU      2026-12-15  (+104d)  Activist cooperation agreement (founder Chip Wilson) installing new directors Marc Maurer (ex-On Running co-CEO) and Lau
  BODI      2026-12-15  (+104d)  National retail-nutrition distribution rollout: Shakeology into 80+ Sprouts and 640+ Vitamin Shoppe stores (plus P90X su
  BOOK      2026-12-31  (+120d)  Tax-loss-harvest deadline (2026 gain needs 2026 losses)
  UKRAIN-StepUp-B 2026-12-31  (+120d)  Ukraine ceasefire-durability / security-guarantee watch (upsize variable)
  LVS       2027-12-15  (+469d)  Completion of The Venetian Macau renovation, gating management's $700M/quarter Macau EBITDA target (vs $633M now)


===== 2026-09-03 03:59 (desk) =====
=== CATALYST WATCH 2026-09-03 (window 60d) ===
  BAH       2026-07-28  ( -37d)  FY27 Q1 print (quarter ended Jun-2026)
  REPL      2026-07-30  ( -35d)  FDA ODAC advisory vote (late-July, exact date UNVERIFIED) -> PDUFA goal Aug-2; RP1+nivolumab accelerated approval, advanced melanoma
  SILICON2  2026-08-07  ( -27d)  2Q26 print — the AVOID/short INVERT-trigger
  COSMECCA  2026-08-15  ( -19d)  Q2 print
  TBCG.L    2026-08-15  ( -19d)  Q2 print + geopol de-risk watch (MEGOBARI Senate / Moody's outlook / EU-US thaw)
  CPRI      2026-08-15  ( -19d)  Q1 FY2027 earnings — first test of management's FY2027 guidance (return to low-single-digit revenue growth to ~$3.525B a
  FOUR      2026-08-15  ( -19d)  Q2 2026 earnings — first fully-clean quarter with Global Blue integrated: proof the acquisition is gross-profit/EPS accr
  TPB       2026-08-15  ( -19d)  Modern-oral (FRE nicotine pouch) margin inflection — the guided 2026 ramp to $180-190M net revenue / $220-240M gross con
  WEN       2026-08-15  ( -19d)  Q2 2026 earnings — first full quarter under newly installed CEO Bob Wright (5/21/26) and CFO Steve Cirulis (6/23/26), th
  CRM       2026-08-15  ( -19d)  Q2 FY2027 earnings print — the test of whether Agentforce/Data Cloud + Informatica re-accelerate total subscription and 
  HUBS      2026-08-15  ( -19d)  Q2 FY2026 earnings — proof that AI/Breeze is a monetization tailwind (revenue growth holding, net revenue retention infl
  MNDY      2026-08-15  ( -19d)  Q2 2026 earnings as the first hard read on the consumption-based pricing model + rearchitected AI Work Platform (One AI)
  TTD       2026-08-15  ( -19d)  Q2 2026 earnings — first clean print after the Kokai platform migration and late-2024 sales reorg complete; management s
  GAP       2026-08-15  ( -19d)  Q2 FY2026 earnings — Section-122 tariff relief (~$80M, ~50bps margin) lands in Q2/Q3 and the test of whether Old Navy's 
  INTU      2026-08-20  ( -14d)  Q4/full-year FY2026 earnings with initial FY2027 guidance — first management read on whether AI is eroding TurboTax/Cons
DETFIRE|catalyst|INSP|HIGH|AMA CPT panel (Cat-I code decision) (in 12d) — panel outcome; Cat-I = re-rate, status-quo = bear extends
  INSP      2026-09-15  ( +12d)  AMA CPT panel (Cat-I code decision)
DETFIRE|catalyst|RH|HIGH|Margin inflection from the international gallery ramp (currently a quantified -270bps drag) turning to contribution plus (in 12d) — Q2/H2 FY2026 prints confirm adjusted EBITDA margin re-expanding into the 14-16% guide with FCF tracking $300-400M AND net debt stepping down — i.e., the margin recovery is real operating leverage, not
  RH        2026-09-15  ( +12d)  Margin inflection from the international gallery ramp (currently a quantified -270bps drag) turning to contribution plus
DETFIRE|catalyst|PATH|HIGH|Q2 FY2027 earnings print — proof that agentic automation (Maestro/agent orchestration) converts pilot-to-production into (in 12d) — Net-new ARR re-accelerates and net-retention inflects up (NRR back above ~112% with ARR growth re-accelerating toward mid-to-high teens), evidencing agentic seats converting to paid production and OFF
  PATH      2026-09-15  ( +12d)  Q2 FY2027 earnings print — proof that agentic automation (Maestro/agent orchestration) converts pilot-to-production into
DETFIRE|catalyst|S|HIGH|Q2 FY27 earnings — confirmation that the Q1 net-new-ARR reacceleration (+55% YoY) is durable rather than an easy-comp ar (in 12d) — A second consecutive quarter of accelerating net-new ARR that pulls reported revenue growth back ABOVE the ~20% guide, accompanied by an upward FY27 revenue-guide revision and a narrowing GAAP operati
  S         2026-09-15  ( +12d)  Q2 FY27 earnings — confirmation that the Q1 net-new-ARR reacceleration (+55% YoY) is durable rather than an easy-comp ar
DETFIRE|catalyst|SSRM|HIGH|Sale of the 80% Copler (Turkey) stake for $1.5B cash — definitive SPA signed 2026-03-24 — which removes the post-disaste (in 12d) — Copler $1.5B sale closes clean in Q3 2026 (full cash, no price cut) AND the market hands a pullback from the current near-52-week-high (~$28.5; 52w high $36.5) back toward the low-$20s, so you enter a
  SSRM      2026-09-15  ( +12d)  Sale of the 80% Copler (Turkey) stake for $1.5B cash — definitive SPA signed 2026-03-24 — which removes the post-disaste
DETFIRE|catalyst|EOLS|MED|Section 232 Korea tariff EFFECTIVE (15% Jeuveau) (in 26d) — Q3 inventory (Sept-30) for pre-buy; does the 'longer-term solution' get a noun
  EOLS      2026-09-29  ( +26d)  Section 232 Korea tariff EFFECTIVE (15% Jeuveau)
DETFIRE|catalyst|WING|MED|Return to positive US same-store sales — management guides an inflection back to growth in 2H 2026, first confirmable in (in 42d) — A Q3/Q4 FY2026 print showing US same-store sales sequentially inflecting back toward positive — confirming the demand weakness was cyclical (weather + tough laps + macro), not secular saturation. That
  WING      2026-10-15  ( +42d)  Return to positive US same-store sales — management guides an inflection back to growth in 2H 2026, first confirmable in
DETFIRE|catalyst|KER.PA|MED|Q3-2026 print: Gucci comp inflection under Demna (H2 sell-through) (in 48d) — Gucci comparable revenue (does Q1 NA +8% generalize to comp-flat?) + EUR1bn inventory cut / store closures in FCF-margin; entry only sub-268
  KER.PA    2026-10-21  ( +48d)  Q3-2026 print: Gucci comp inflection under Demna (H2 sell-through)
  BRBY.L    2026-11-15  ( +73d)  H1 FY2027 interim results — the proof the FY26 inflection is durable: continued positive comps (China/Americas not relap
  GO        2026-11-15  ( +73d)  Comparable-store-sales inflection to positive in 2H FY2026 under new CEO Jason Potter's operational reset (36 underperfo
  RBLX      2026-11-15  ( +73d)  Q3 2026 earnings print confirming DAU re-acceleration as the Jan-2026 age-check (facial-age-estimation for chat) frictio
  LULU      2026-12-15  (+103d)  Activist cooperation agreement (founder Chip Wilson) installing new directors Marc Maurer (ex-On Running co-CEO) and Lau
  BODI      2026-12-15  (+103d)  National retail-nutrition distribution rollout: Shakeology into 80+ Sprouts and 640+ Vitamin Shoppe stores (plus P90X su
  BOOK      2026-12-31  (+119d)  Tax-loss-harvest deadline (2026 gain needs 2026 losses)
  UKRAIN-StepUp-B 2026-12-31  (+119d)  Ukraine ceasefire-durability / security-guarantee watch (upsize variable)
  LVS       2027-12-15  (+468d)  Completion of The Venetian Macau renovation, gating management's $700M/quarter Macau EBITDA target (vs $633M now)


===== 2026-09-04 04:53 (desk) =====
=== CATALYST WATCH 2026-09-04 (window 60d) ===
  BAH       2026-07-28  ( -38d)  FY27 Q1 print (quarter ended Jun-2026)
  REPL      2026-07-30  ( -36d)  FDA ODAC advisory vote (late-July, exact date UNVERIFIED) -> PDUFA goal Aug-2; RP1+nivolumab accelerated approval, advanced melanoma
  SILICON2  2026-08-07  ( -28d)  2Q26 print — the AVOID/short INVERT-trigger
  COSMECCA  2026-08-15  ( -20d)  Q2 print
  TBCG.L    2026-08-15  ( -20d)  Q2 print + geopol de-risk watch (MEGOBARI Senate / Moody's outlook / EU-US thaw)
  CPRI      2026-08-15  ( -20d)  Q1 FY2027 earnings — first test of management's FY2027 guidance (return to low-single-digit revenue growth to ~$3.525B a
  FOUR      2026-08-15  ( -20d)  Q2 2026 earnings — first fully-clean quarter with Global Blue integrated: proof the acquisition is gross-profit/EPS accr
  TPB       2026-08-15  ( -20d)  Modern-oral (FRE nicotine pouch) margin inflection — the guided 2026 ramp to $180-190M net revenue / $220-240M gross con
  WEN       2026-08-15  ( -20d)  Q2 2026 earnings — first full quarter under newly installed CEO Bob Wright (5/21/26) and CFO Steve Cirulis (6/23/26), th
  CRM       2026-08-15  ( -20d)  Q2 FY2027 earnings print — the test of whether Agentforce/Data Cloud + Informatica re-accelerate total subscription and 
  HUBS      2026-08-15  ( -20d)  Q2 FY2026 earnings — proof that AI/Breeze is a monetization tailwind (revenue growth holding, net revenue retention infl
  MNDY      2026-08-15  ( -20d)  Q2 2026 earnings as the first hard read on the consumption-based pricing model + rearchitected AI Work Platform (One AI)
  TTD       2026-08-15  ( -20d)  Q2 2026 earnings — first clean print after the Kokai platform migration and late-2024 sales reorg complete; management s
  GAP       2026-08-15  ( -20d)  Q2 FY2026 earnings — Section-122 tariff relief (~$80M, ~50bps margin) lands in Q2/Q3 and the test of whether Old Navy's 
  INTU      2026-08-20  ( -15d)  Q4/full-year FY2026 earnings with initial FY2027 guidance — first management read on whether AI is eroding TurboTax/Cons
DETFIRE|catalyst|INSP|HIGH|AMA CPT panel (Cat-I code decision) (in 11d) — panel outcome; Cat-I = re-rate, status-quo = bear extends
  INSP      2026-09-15  ( +11d)  AMA CPT panel (Cat-I code decision)
DETFIRE|catalyst|RH|HIGH|Margin inflection from the international gallery ramp (currently a quantified -270bps drag) turning to contribution plus (in 11d) — Q2/H2 FY2026 prints confirm adjusted EBITDA margin re-expanding into the 14-16% guide with FCF tracking $300-400M AND net debt stepping down — i.e., the margin recovery is real operating leverage, not
  RH        2026-09-15  ( +11d)  Margin inflection from the international gallery ramp (currently a quantified -270bps drag) turning to contribution plus
DETFIRE|catalyst|PATH|HIGH|Q2 FY2027 earnings print — proof that agentic automation (Maestro/agent orchestration) converts pilot-to-production into (in 11d) — Net-new ARR re-accelerates and net-retention inflects up (NRR back above ~112% with ARR growth re-accelerating toward mid-to-high teens), evidencing agentic seats converting to paid production and OFF
  PATH      2026-09-15  ( +11d)  Q2 FY2027 earnings print — proof that agentic automation (Maestro/agent orchestration) converts pilot-to-production into
DETFIRE|catalyst|S|HIGH|Q2 FY27 earnings — confirmation that the Q1 net-new-ARR reacceleration (+55% YoY) is durable rather than an easy-comp ar (in 11d) — A second consecutive quarter of accelerating net-new ARR that pulls reported revenue growth back ABOVE the ~20% guide, accompanied by an upward FY27 revenue-guide revision and a narrowing GAAP operati
  S         2026-09-15  ( +11d)  Q2 FY27 earnings — confirmation that the Q1 net-new-ARR reacceleration (+55% YoY) is durable rather than an easy-comp ar
DETFIRE|catalyst|SSRM|HIGH|Sale of the 80% Copler (Turkey) stake for $1.5B cash — definitive SPA signed 2026-03-24 — which removes the post-disaste (in 11d) — Copler $1.5B sale closes clean in Q3 2026 (full cash, no price cut) AND the market hands a pullback from the current near-52-week-high (~$28.5; 52w high $36.5) back toward the low-$20s, so you enter a
  SSRM      2026-09-15  ( +11d)  Sale of the 80% Copler (Turkey) stake for $1.5B cash — definitive SPA signed 2026-03-24 — which removes the post-disaste
DETFIRE|catalyst|EOLS|MED|Section 232 Korea tariff EFFECTIVE (15% Jeuveau) (in 25d) — Q3 inventory (Sept-30) for pre-buy; does the 'longer-term solution' get a noun
  EOLS      2026-09-29  ( +25d)  Section 232 Korea tariff EFFECTIVE (15% Jeuveau)
DETFIRE|catalyst|WING|MED|Return to positive US same-store sales — management guides an inflection back to growth in 2H 2026, first confirmable in (in 41d) — A Q3/Q4 FY2026 print showing US same-store sales sequentially inflecting back toward positive — confirming the demand weakness was cyclical (weather + tough laps + macro), not secular saturation. That
  WING      2026-10-15  ( +41d)  Return to positive US same-store sales — management guides an inflection back to growth in 2H 2026, first confirmable in
DETFIRE|catalyst|KER.PA|MED|Q3-2026 print: Gucci comp inflection under Demna (H2 sell-through) (in 47d) — Gucci comparable revenue (does Q1 NA +8% generalize to comp-flat?) + EUR1bn inventory cut / store closures in FCF-margin; entry only sub-268
  KER.PA    2026-10-21  ( +47d)  Q3-2026 print: Gucci comp inflection under Demna (H2 sell-through)
  BRBY.L    2026-11-15  ( +72d)  H1 FY2027 interim results — the proof the FY26 inflection is durable: continued positive comps (China/Americas not relap
  GO        2026-11-15  ( +72d)  Comparable-store-sales inflection to positive in 2H FY2026 under new CEO Jason Potter's operational reset (36 underperfo
  RBLX      2026-11-15  ( +72d)  Q3 2026 earnings print confirming DAU re-acceleration as the Jan-2026 age-check (facial-age-estimation for chat) frictio
  LULU      2026-12-15  (+102d)  Activist cooperation agreement (founder Chip Wilson) installing new directors Marc Maurer (ex-On Running co-CEO) and Lau
  BODI      2026-12-15  (+102d)  National retail-nutrition distribution rollout: Shakeology into 80+ Sprouts and 640+ Vitamin Shoppe stores (plus P90X su
  BOOK      2026-12-31  (+118d)  Tax-loss-harvest deadline (2026 gain needs 2026 losses)
  UKRAIN-StepUp-B 2026-12-31  (+118d)  Ukraine ceasefire-durability / security-guarantee watch (upsize variable)
  LVS       2027-12-15  (+467d)  Completion of The Venetian Macau renovation, gating management's $700M/quarter Macau EBITDA target (vs $633M now)


===== 2026-09-07 01:08 (desk) =====
=== CATALYST WATCH 2026-09-07 (window 60d) ===
  BAH       2026-07-28  ( -41d)  FY27 Q1 print (quarter ended Jun-2026)
  REPL      2026-07-30  ( -39d)  FDA ODAC advisory vote (late-July, exact date UNVERIFIED) -> PDUFA goal Aug-2; RP1+nivolumab accelerated approval, advanced melanoma
  SILICON2  2026-08-07  ( -31d)  2Q26 print — the AVOID/short INVERT-trigger
  COSMECCA  2026-08-15  ( -23d)  Q2 print
  TBCG.L    2026-08-15  ( -23d)  Q2 print + geopol de-risk watch (MEGOBARI Senate / Moody's outlook / EU-US thaw)
  CPRI      2026-08-15  ( -23d)  Q1 FY2027 earnings — first test of management's FY2027 guidance (return to low-single-digit revenue growth to ~$3.525B a
  FOUR      2026-08-15  ( -23d)  Q2 2026 earnings — first fully-clean quarter with Global Blue integrated: proof the acquisition is gross-profit/EPS accr
  TPB       2026-08-15  ( -23d)  Modern-oral (FRE nicotine pouch) margin inflection — the guided 2026 ramp to $180-190M net revenue / $220-240M gross con
  WEN       2026-08-15  ( -23d)  Q2 2026 earnings — first full quarter under newly installed CEO Bob Wright (5/21/26) and CFO Steve Cirulis (6/23/26), th
  CRM       2026-08-15  ( -23d)  Q2 FY2027 earnings print — the test of whether Agentforce/Data Cloud + Informatica re-accelerate total subscription and 
  HUBS      2026-08-15  ( -23d)  Q2 FY2026 earnings — proof that AI/Breeze is a monetization tailwind (revenue growth holding, net revenue retention infl
  MNDY      2026-08-15  ( -23d)  Q2 2026 earnings as the first hard read on the consumption-based pricing model + rearchitected AI Work Platform (One AI)
  TTD       2026-08-15  ( -23d)  Q2 2026 earnings — first clean print after the Kokai platform migration and late-2024 sales reorg complete; management s
  GAP       2026-08-15  ( -23d)  Q2 FY2026 earnings — Section-122 tariff relief (~$80M, ~50bps margin) lands in Q2/Q3 and the test of whether Old Navy's 
  INTU      2026-08-20  ( -18d)  Q4/full-year FY2026 earnings with initial FY2027 guidance — first management read on whether AI is eroding TurboTax/Cons
DETFIRE|catalyst|INSP|HIGH|AMA CPT panel (Cat-I code decision) (in 8d) — panel outcome; Cat-I = re-rate, status-quo = bear extends
  INSP      2026-09-15  (  +8d)  AMA CPT panel (Cat-I code decision)
DETFIRE|catalyst|RH|HIGH|Margin inflection from the international gallery ramp (currently a quantified -270bps drag) turning to contribution plus (in 8d) — Q2/H2 FY2026 prints confirm adjusted EBITDA margin re-expanding into the 14-16% guide with FCF tracking $300-400M AND net debt stepping down — i.e., the margin recovery is real operating leverage, not
  RH        2026-09-15  (  +8d)  Margin inflection from the international gallery ramp (currently a quantified -270bps drag) turning to contribution plus
DETFIRE|catalyst|PATH|HIGH|Q2 FY2027 earnings print — proof that agentic automation (Maestro/agent orchestration) converts pilot-to-production into (in 8d) — Net-new ARR re-accelerates and net-retention inflects up (NRR back above ~112% with ARR growth re-accelerating toward mid-to-high teens), evidencing agentic seats converting to paid production and OFF
  PATH      2026-09-15  (  +8d)  Q2 FY2027 earnings print — proof that agentic automation (Maestro/agent orchestration) converts pilot-to-production into
DETFIRE|catalyst|S|HIGH|Q2 FY27 earnings — confirmation that the Q1 net-new-ARR reacceleration (+55% YoY) is durable rather than an easy-comp ar (in 8d) — A second consecutive quarter of accelerating net-new ARR that pulls reported revenue growth back ABOVE the ~20% guide, accompanied by an upward FY27 revenue-guide revision and a narrowing GAAP operati
  S         2026-09-15  (  +8d)  Q2 FY27 earnings — confirmation that the Q1 net-new-ARR reacceleration (+55% YoY) is durable rather than an easy-comp ar
DETFIRE|catalyst|SSRM|HIGH|Sale of the 80% Copler (Turkey) stake for $1.5B cash — definitive SPA signed 2026-03-24 — which removes the post-disaste (in 8d) — Copler $1.5B sale closes clean in Q3 2026 (full cash, no price cut) AND the market hands a pullback from the current near-52-week-high (~$28.5; 52w high $36.5) back toward the low-$20s, so you enter a
  SSRM      2026-09-15  (  +8d)  Sale of the 80% Copler (Turkey) stake for $1.5B cash — definitive SPA signed 2026-03-24 — which removes the post-disaste
DETFIRE|catalyst|EOLS|MED|Section 232 Korea tariff EFFECTIVE (15% Jeuveau) (in 22d) — Q3 inventory (Sept-30) for pre-buy; does the 'longer-term solution' get a noun
  EOLS      2026-09-29  ( +22d)  Section 232 Korea tariff EFFECTIVE (15% Jeuveau)
DETFIRE|catalyst|WING|MED|Return to positive US same-store sales — management guides an inflection back to growth in 2H 2026, first confirmable in (in 38d) — A Q3/Q4 FY2026 print showing US same-store sales sequentially inflecting back toward positive — confirming the demand weakness was cyclical (weather + tough laps + macro), not secular saturation. That
  WING      2026-10-15  ( +38d)  Return to positive US same-store sales — management guides an inflection back to growth in 2H 2026, first confirmable in
DETFIRE|catalyst|KER.PA|MED|Q3-2026 print: Gucci comp inflection under Demna (H2 sell-through) (in 44d) — Gucci comparable revenue (does Q1 NA +8% generalize to comp-flat?) + EUR1bn inventory cut / store closures in FCF-margin; entry only sub-268
  KER.PA    2026-10-21  ( +44d)  Q3-2026 print: Gucci comp inflection under Demna (H2 sell-through)
  BRBY.L    2026-11-15  ( +69d)  H1 FY2027 interim results — the proof the FY26 inflection is durable: continued positive comps (China/Americas not relap
  GO        2026-11-15  ( +69d)  Comparable-store-sales inflection to positive in 2H FY2026 under new CEO Jason Potter's operational reset (36 underperfo
  RBLX      2026-11-15  ( +69d)  Q3 2026 earnings print confirming DAU re-acceleration as the Jan-2026 age-check (facial-age-estimation for chat) frictio
  LULU      2026-12-15  ( +99d)  Activist cooperation agreement (founder Chip Wilson) installing new directors Marc Maurer (ex-On Running co-CEO) and Lau
  BODI      2026-12-15  ( +99d)  National retail-nutrition distribution rollout: Shakeology into 80+ Sprouts and 640+ Vitamin Shoppe stores (plus P90X su
  BOOK      2026-12-31  (+115d)  Tax-loss-harvest deadline (2026 gain needs 2026 losses)
  UKRAIN-StepUp-B 2026-12-31  (+115d)  Ukraine ceasefire-durability / security-guarantee watch (upsize variable)
  LVS       2027-12-15  (+464d)  Completion of The Venetian Macau renovation, gating management's $700M/quarter Macau EBITDA target (vs $633M now)


===== 2026-09-11 01:41 (desk) =====
=== CATALYST WATCH 2026-09-11 (window 60d) ===
  BAH       2026-07-28  ( -45d)  FY27 Q1 print (quarter ended Jun-2026)
  REPL      2026-07-30  ( -43d)  FDA ODAC advisory vote (late-July, exact date UNVERIFIED) -> PDUFA goal Aug-2; RP1+nivolumab accelerated approval, advanced melanoma
  SILICON2  2026-08-07  ( -35d)  2Q26 print — the AVOID/short INVERT-trigger
  COSMECCA  2026-08-15  ( -27d)  Q2 print
  TBCG.L    2026-08-15  ( -27d)  Q2 print + geopol de-risk watch (MEGOBARI Senate / Moody's outlook / EU-US thaw)
  CPRI      2026-08-15  ( -27d)  Q1 FY2027 earnings — first test of management's FY2027 guidance (return to low-single-digit revenue growth to ~$3.525B a
  FOUR      2026-08-15  ( -27d)  Q2 2026 earnings — first fully-clean quarter with Global Blue integrated: proof the acquisition is gross-profit/EPS accr
  TPB       2026-08-15  ( -27d)  Modern-oral (FRE nicotine pouch) margin inflection — the guided 2026 ramp to $180-190M net revenue / $220-240M gross con
  WEN       2026-08-15  ( -27d)  Q2 2026 earnings — first full quarter under newly installed CEO Bob Wright (5/21/26) and CFO Steve Cirulis (6/23/26), th
  CRM       2026-08-15  ( -27d)  Q2 FY2027 earnings print — the test of whether Agentforce/Data Cloud + Informatica re-accelerate total subscription and 
  HUBS      2026-08-15  ( -27d)  Q2 FY2026 earnings — proof that AI/Breeze is a monetization tailwind (revenue growth holding, net revenue retention infl
  MNDY      2026-08-15  ( -27d)  Q2 2026 earnings as the first hard read on the consumption-based pricing model + rearchitected AI Work Platform (One AI)
  TTD       2026-08-15  ( -27d)  Q2 2026 earnings — first clean print after the Kokai platform migration and late-2024 sales reorg complete; management s
  GAP       2026-08-15  ( -27d)  Q2 FY2026 earnings — Section-122 tariff relief (~$80M, ~50bps margin) lands in Q2/Q3 and the test of whether Old Navy's 
  INTU      2026-08-20  ( -22d)  Q4/full-year FY2026 earnings with initial FY2027 guidance — first management read on whether AI is eroding TurboTax/Cons
DETFIRE|catalyst|INSP|HIGH|AMA CPT panel (Cat-I code decision) (in 4d) — panel outcome; Cat-I = re-rate, status-quo = bear extends
  INSP      2026-09-15  (  +4d)  AMA CPT panel (Cat-I code decision)
DETFIRE|catalyst|RH|HIGH|Margin inflection from the international gallery ramp (currently a quantified -270bps drag) turning to contribution plus (in 4d) — Q2/H2 FY2026 prints confirm adjusted EBITDA margin re-expanding into the 14-16% guide with FCF tracking $300-400M AND net debt stepping down — i.e., the margin recovery is real operating leverage, not
  RH        2026-09-15  (  +4d)  Margin inflection from the international gallery ramp (currently a quantified -270bps drag) turning to contribution plus
DETFIRE|catalyst|PATH|HIGH|Q2 FY2027 earnings print — proof that agentic automation (Maestro/agent orchestration) converts pilot-to-production into (in 4d) — Net-new ARR re-accelerates and net-retention inflects up (NRR back above ~112% with ARR growth re-accelerating toward mid-to-high teens), evidencing agentic seats converting to paid production and OFF
  PATH      2026-09-15  (  +4d)  Q2 FY2027 earnings print — proof that agentic automation (Maestro/agent orchestration) converts pilot-to-production into
DETFIRE|catalyst|S|HIGH|Q2 FY27 earnings — confirmation that the Q1 net-new-ARR reacceleration (+55% YoY) is durable rather than an easy-comp ar (in 4d) — A second consecutive quarter of accelerating net-new ARR that pulls reported revenue growth back ABOVE the ~20% guide, accompanied by an upward FY27 revenue-guide revision and a narrowing GAAP operati
  S         2026-09-15  (  +4d)  Q2 FY27 earnings — confirmation that the Q1 net-new-ARR reacceleration (+55% YoY) is durable rather than an easy-comp ar
DETFIRE|catalyst|SSRM|HIGH|Sale of the 80% Copler (Turkey) stake for $1.5B cash — definitive SPA signed 2026-03-24 — which removes the post-disaste (in 4d) — Copler $1.5B sale closes clean in Q3 2026 (full cash, no price cut) AND the market hands a pullback from the current near-52-week-high (~$28.5; 52w high $36.5) back toward the low-$20s, so you enter a
  SSRM      2026-09-15  (  +4d)  Sale of the 80% Copler (Turkey) stake for $1.5B cash — definitive SPA signed 2026-03-24 — which removes the post-disaste
DETFIRE|catalyst|EOLS|HIGH|Section 232 Korea tariff EFFECTIVE (15% Jeuveau) (in 18d) — Q3 inventory (Sept-30) for pre-buy; does the 'longer-term solution' get a noun
  EOLS      2026-09-29  ( +18d)  Section 232 Korea tariff EFFECTIVE (15% Jeuveau)
DETFIRE|catalyst|WING|MED|Return to positive US same-store sales — management guides an inflection back to growth in 2H 2026, first confirmable in (in 34d) — A Q3/Q4 FY2026 print showing US same-store sales sequentially inflecting back toward positive — confirming the demand weakness was cyclical (weather + tough laps + macro), not secular saturation. That
  WING      2026-10-15  ( +34d)  Return to positive US same-store sales — management guides an inflection back to growth in 2H 2026, first confirmable in
DETFIRE|catalyst|KER.PA|MED|Q3-2026 print: Gucci comp inflection under Demna (H2 sell-through) (in 40d) — Gucci comparable revenue (does Q1 NA +8% generalize to comp-flat?) + EUR1bn inventory cut / store closures in FCF-margin; entry only sub-268
  KER.PA    2026-10-21  ( +40d)  Q3-2026 print: Gucci comp inflection under Demna (H2 sell-through)
  BRBY.L    2026-11-15  ( +65d)  H1 FY2027 interim results — the proof the FY26 inflection is durable: continued positive comps (China/Americas not relap
  GO        2026-11-15  ( +65d)  Comparable-store-sales inflection to positive in 2H FY2026 under new CEO Jason Potter's operational reset (36 underperfo
  RBLX      2026-11-15  ( +65d)  Q3 2026 earnings print confirming DAU re-acceleration as the Jan-2026 age-check (facial-age-estimation for chat) frictio
  LULU      2026-12-15  ( +95d)  Activist cooperation agreement (founder Chip Wilson) installing new directors Marc Maurer (ex-On Running co-CEO) and Lau
  BODI      2026-12-15  ( +95d)  National retail-nutrition distribution rollout: Shakeology into 80+ Sprouts and 640+ Vitamin Shoppe stores (plus P90X su
  BOOK      2026-12-31  (+111d)  Tax-loss-harvest deadline (2026 gain needs 2026 losses)
  UKRAIN-StepUp-B 2026-12-31  (+111d)  Ukraine ceasefire-durability / security-guarantee watch (upsize variable)
  LVS       2027-12-15  (+460d)  Completion of The Venetian Macau renovation, gating management's $700M/quarter Macau EBITDA target (vs $633M now)


===== 2026-09-11 01:47 (desk) =====
=== CATALYST WATCH 2026-09-11 (window 60d) ===
  BAH       2026-07-28  ( -45d)  FY27 Q1 print (quarter ended Jun-2026)
  REPL      2026-07-30  ( -43d)  FDA ODAC advisory vote (late-July, exact date UNVERIFIED) -> PDUFA goal Aug-2; RP1+nivolumab accelerated approval, advanced melanoma
  SILICON2  2026-08-07  ( -35d)  2Q26 print — the AVOID/short INVERT-trigger
  COSMECCA  2026-08-15  ( -27d)  Q2 print
  TBCG.L    2026-08-15  ( -27d)  Q2 print + geopol de-risk watch (MEGOBARI Senate / Moody's outlook / EU-US thaw)
  CPRI      2026-08-15  ( -27d)  Q1 FY2027 earnings — first test of management's FY2027 guidance (return to low-single-digit revenue growth to ~$3.525B a
  FOUR      2026-08-15  ( -27d)  Q2 2026 earnings — first fully-clean quarter with Global Blue integrated: proof the acquisition is gross-profit/EPS accr
  TPB       2026-08-15  ( -27d)  Modern-oral (FRE nicotine pouch) margin inflection — the guided 2026 ramp to $180-190M net revenue / $220-240M gross con
  WEN       2026-08-15  ( -27d)  Q2 2026 earnings — first full quarter under newly installed CEO Bob Wright (5/21/26) and CFO Steve Cirulis (6/23/26), th
  CRM       2026-08-15  ( -27d)  Q2 FY2027 earnings print — the test of whether Agentforce/Data Cloud + Informatica re-accelerate total subscription and 
  HUBS      2026-08-15  ( -27d)  Q2 FY2026 earnings — proof that AI/Breeze is a monetization tailwind (revenue growth holding, net revenue retention infl
  MNDY      2026-08-15  ( -27d)  Q2 2026 earnings as the first hard read on the consumption-based pricing model + rearchitected AI Work Platform (One AI)
  TTD       2026-08-15  ( -27d)  Q2 2026 earnings — first clean print after the Kokai platform migration and late-2024 sales reorg complete; management s
  GAP       2026-08-15  ( -27d)  Q2 FY2026 earnings — Section-122 tariff relief (~$80M, ~50bps margin) lands in Q2/Q3 and the test of whether Old Navy's 
  INTU      2026-08-20  ( -22d)  Q4/full-year FY2026 earnings with initial FY2027 guidance — first management read on whether AI is eroding TurboTax/Cons
DETFIRE|catalyst|INSP|HIGH|AMA CPT panel (Cat-I code decision) (in 4d) — panel outcome; Cat-I = re-rate, status-quo = bear extends
  INSP      2026-09-15  (  +4d)  AMA CPT panel (Cat-I code decision)
DETFIRE|catalyst|RH|HIGH|Margin inflection from the international gallery ramp (currently a quantified -270bps drag) turning to contribution plus (in 4d) — Q2/H2 FY2026 prints confirm adjusted EBITDA margin re-expanding into the 14-16% guide with FCF tracking $300-400M AND net debt stepping down — i.e., the margin recovery is real operating leverage, not
  RH        2026-09-15  (  +4d)  Margin inflection from the international gallery ramp (currently a quantified -270bps drag) turning to contribution plus
DETFIRE|catalyst|PATH|HIGH|Q2 FY2027 earnings print — proof that agentic automation (Maestro/agent orchestration) converts pilot-to-production into (in 4d) — Net-new ARR re-accelerates and net-retention inflects up (NRR back above ~112% with ARR growth re-accelerating toward mid-to-high teens), evidencing agentic seats converting to paid production and OFF
  PATH      2026-09-15  (  +4d)  Q2 FY2027 earnings print — proof that agentic automation (Maestro/agent orchestration) converts pilot-to-production into
DETFIRE|catalyst|S|HIGH|Q2 FY27 earnings — confirmation that the Q1 net-new-ARR reacceleration (+55% YoY) is durable rather than an easy-comp ar (in 4d) — A second consecutive quarter of accelerating net-new ARR that pulls reported revenue growth back ABOVE the ~20% guide, accompanied by an upward FY27 revenue-guide revision and a narrowing GAAP operati
  S         2026-09-15  (  +4d)  Q2 FY27 earnings — confirmation that the Q1 net-new-ARR reacceleration (+55% YoY) is durable rather than an easy-comp ar
DETFIRE|catalyst|SSRM|HIGH|Sale of the 80% Copler (Turkey) stake for $1.5B cash — definitive SPA signed 2026-03-24 — which removes the post-disaste (in 4d) — Copler $1.5B sale closes clean in Q3 2026 (full cash, no price cut) AND the market hands a pullback from the current near-52-week-high (~$28.5; 52w high $36.5) back toward the low-$20s, so you enter a
  SSRM      2026-09-15  (  +4d)  Sale of the 80% Copler (Turkey) stake for $1.5B cash — definitive SPA signed 2026-03-24 — which removes the post-disaste
DETFIRE|catalyst|EOLS|HIGH|Section 232 Korea tariff EFFECTIVE (15% Jeuveau) (in 18d) — Q3 inventory (Sept-30) for pre-buy; does the 'longer-term solution' get a noun
  EOLS      2026-09-29  ( +18d)  Section 232 Korea tariff EFFECTIVE (15% Jeuveau)
DETFIRE|catalyst|WING|MED|Return to positive US same-store sales — management guides an inflection back to growth in 2H 2026, first confirmable in (in 34d) — A Q3/Q4 FY2026 print showing US same-store sales sequentially inflecting back toward positive — confirming the demand weakness was cyclical (weather + tough laps + macro), not secular saturation. That
  WING      2026-10-15  ( +34d)  Return to positive US same-store sales — management guides an inflection back to growth in 2H 2026, first confirmable in
DETFIRE|catalyst|KER.PA|MED|Q3-2026 print: Gucci comp inflection under Demna (H2 sell-through) (in 40d) — Gucci comparable revenue (does Q1 NA +8% generalize to comp-flat?) + EUR1bn inventory cut / store closures in FCF-margin; entry only sub-268
  KER.PA    2026-10-21  ( +40d)  Q3-2026 print: Gucci comp inflection under Demna (H2 sell-through)
  BRBY.L    2026-11-15  ( +65d)  H1 FY2027 interim results — the proof the FY26 inflection is durable: continued positive comps (China/Americas not relap
  GO        2026-11-15  ( +65d)  Comparable-store-sales inflection to positive in 2H FY2026 under new CEO Jason Potter's operational reset (36 underperfo
  RBLX      2026-11-15  ( +65d)  Q3 2026 earnings print confirming DAU re-acceleration as the Jan-2026 age-check (facial-age-estimation for chat) frictio
  LULU      2026-12-15  ( +95d)  Activist cooperation agreement (founder Chip Wilson) installing new directors Marc Maurer (ex-On Running co-CEO) and Lau
  BODI      2026-12-15  ( +95d)  National retail-nutrition distribution rollout: Shakeology into 80+ Sprouts and 640+ Vitamin Shoppe stores (plus P90X su
  BOOK      2026-12-31  (+111d)  Tax-loss-harvest deadline (2026 gain needs 2026 losses)
  UKRAIN-StepUp-B 2026-12-31  (+111d)  Ukraine ceasefire-durability / security-guarantee watch (upsize variable)
  LVS       2027-12-15  (+460d)  Completion of The Venetian Macau renovation, gating management's $700M/quarter Macau EBITDA target (vs $633M now)

