
===== 2026-08-06 12:35 (desk) =====
[court_runner] 2026-08-06T19:35:35Z
  queue empty


===== 2026-08-06 14:35 (desk) =====
[court_runner] 2026-08-06T21:35:10Z
  AUTH FAILURE — aborting the whole drain (every dispatch would fail)


===== 2026-08-06 16:34 (desk) =====
[court_runner] 2026-08-06T23:34:37Z
  AUTH FAILURE — aborting the whole drain (every dispatch would fail)


===== 2026-08-06 18:34 (desk) =====
[court_runner] 2026-08-07T01:34:43Z
  AUTH FAILURE — aborting the whole drain (every dispatch would fail)


===== 2026-08-06 20:34 (desk) =====
[court_runner] 2026-08-07T03:34:34Z
  AUTH FAILURE — aborting the whole drain (every dispatch would fail)


===== 2026-08-06 22:34 (desk) =====
[court_runner] 2026-08-07T05:34:31Z
  AUTH FAILURE — aborting the whole drain (every dispatch would fail)


===== 2026-08-07 00:35 (desk) =====
[court_runner] 2026-08-07T07:35:10Z
  AUTH FAILURE — aborting the whole drain (every dispatch would fail)


===== 2026-08-07 02:34 (desk) =====
[court_runner] 2026-08-07T09:34:50Z
  AUTH FAILURE — aborting the whole drain (every dispatch would fail)


===== 2026-08-07 04:34 (desk) =====
[court_runner] 2026-08-07T11:34:44Z
  AUTH FAILURE — aborting the whole drain (every dispatch would fail)


===== 2026-08-07 06:35 (desk) =====
[court_runner] 2026-08-07T13:35:21Z
  AUTH FAILURE — aborting the whole drain (every dispatch would fail)


===== 2026-08-07 08:35 (desk) =====
[court_runner] 2026-08-07T15:35:26Z
  AUTH FAILURE — aborting the whole drain (every dispatch would fail)


===== 2026-08-07 10:36 (desk) =====
[court_runner] 2026-08-07T17:36:11Z
  AUTH FAILURE — aborting the whole drain (every dispatch would fail)


===== 2026-08-07 12:35 (desk) =====
[court_runner] 2026-08-07T19:35:51Z
  AUTH FAILURE — aborting the whole drain (every dispatch would fail)


===== 2026-08-07 20:36 (desk) =====
[court_runner] 2026-08-08T03:36:41Z
  AUTH FAILURE — aborting the whole drain (every dispatch would fail)

positions request timed out
account updates for ACCOUNT_ALPHA request timed out
/Users/ajay/Library/Python/3.9/lib/python/site-packages/urllib3/__init__.py:35: NotOpenSSLWarning: urllib3 v2 only supports OpenSSL 1.1.1+, currently the 'ssl' module is compiled with 'LibreSSL 2.8.3'. See: https://github.com/urllib3/urllib3/issues/3020
  warnings.warn(
positions request timed out
account updates for ACCOUNT_ALPHA request timed out
/Users/ajay/Library/Python/3.9/lib/python/site-packages/urllib3/__init__.py:35: NotOpenSSLWarning: urllib3 v2 only supports OpenSSL 1.1.1+, currently the 'ssl' module is compiled with 'LibreSSL 2.8.3'. See: https://github.com/urllib3/urllib3/issues/3020
  warnings.warn(
positions request timed out
account updates for ACCOUNT_ALPHA request timed out
positions request timed out
account updates for ACCOUNT_ALPHA request timed out
positions request timed out
account updates for ACCOUNT_ALPHA request timed out
positions request timed out
account updates for ACCOUNT_ALPHA request timed out
[court_runner] 2026-08-08T05:15:15Z
  TRIP COURT_BLUE: VALIDATOR REJECTED (no primary citation (http) anywhere in the output) — output not persisted to queue
  HONA COURT_BLUE -> ADJUDICATE (HONA_COURT_BLUE_202608080503.md)
  FUBO COURT_BLUE -> ADJUDICATE (FUBO_COURT_BLUE_202608080508.md)
  VRRM COURT_BLUE -> ADJUDICATE (VRRM_COURT_BLUE_202608080511.md)
  ABAT COURT_BLUE -> ADJUDICATE (ABAT_COURT_BLUE_202608080515.md)
  AWAITING ADJUDICATION (session job — pitch doc + verdict + wiring): ['HONA', 'FUBO', 'VRRM', 'ABAT']
positions request timed out
account updates for ACCOUNT_ALPHA request timed out
/Users/ajay/Library/Python/3.9/lib/python/site-packages/urllib3/__init__.py:35: NotOpenSSLWarning: urllib3 v2 only supports OpenSSL 1.1.1+, currently the 'ssl' module is compiled with 'LibreSSL 2.8.3'. See: https://github.com/urllib3/urllib3/issues/3020
  warnings.warn(
positions request timed out
account updates for ACCOUNT_ALPHA request timed out
positions request timed out
account updates for ACCOUNT_ALPHA request timed out
positions request timed out
account updates for ACCOUNT_ALPHA request timed out
positions request timed out
account updates for ACCOUNT_ALPHA request timed out
positions request timed out
account updates for ACCOUNT_ALPHA request timed out
[court_runner] 2026-08-08T07:46:16Z
  TRIP COURT_BLUE -> ADJUDICATE (TRIP_COURT_BLUE_202608080730.md)
  CRCL COURT_BLUE -> ADJUDICATE (CRCL_COURT_BLUE_202608080733.md)
  LDI COURT_RED: VALIDATOR REJECTED (no primary citation (http) anywhere in the output) — output not persisted to queue
  BUR COURT_RED: VALIDATOR REJECTED (no primary citation (http) anywhere in the output) — output not persisted to queue
  AGNT COURT_RED -> COURT_BLUE (AGNT_COURT_RED_202608080742.md)
  NNE COURT_RED -> COURT_BLUE (NNE_COURT_RED_202608080746.md)
  AWAITING ADJUDICATION (session job — pitch doc + verdict + wiring): ['TRIP', 'HONA', 'FUBO', 'VRRM', 'ABAT', 'CRCL']
/Users/ajay/Library/Python/3.9/lib/python/site-packages/urllib3/__init__.py:35: NotOpenSSLWarning: urllib3 v2 only supports OpenSSL 1.1.1+, currently the 'ssl' module is compiled with 'LibreSSL 2.8.3'. See: https://github.com/urllib3/urllib3/issues/3020
  warnings.warn(
[deck_writer] AGNT: deck emailed (AGNT_PITCH_DECK_20260808.pdf)
[deck_writer] NNE: deck emailed (NNE_PITCH_DECK_20260808.pdf)
[court_runner] 2026-08-08T09:03:10Z
  AGNT COURT_BLUE -> ADJUDICATE (AGNT_COURT_BLUE_202608080849.md)
  NNE COURT_BLUE -> ADJUDICATE (NNE_COURT_BLUE_202608080855.md)
  LDI COURT_RED -> COURT_BLUE (LDI_COURT_RED_202608080900.md)
  BUR COURT_RED -> COURT_BLUE (BUR_COURT_RED_202608080903.md)
  AWAITING ADJUDICATION (session job — pitch doc + verdict + wiring): ['AGNT', 'NNE']
/Users/ajay/Library/Python/3.9/lib/python/site-packages/urllib3/__init__.py:35: NotOpenSSLWarning: urllib3 v2 only supports OpenSSL 1.1.1+, currently the 'ssl' module is compiled with 'LibreSSL 2.8.3'. See: https://github.com/urllib3/urllib3/issues/3020
  warnings.warn(
[deck_writer] LDI: deck emailed (LDI_PITCH_DECK_20260808.pdf)
[deck_writer] BUR: deck emailed (BUR_PITCH_DECK_20260808.pdf)
[court_runner] 2026-08-08T10:23:01Z
  LDI COURT_BLUE -> ADJUDICATE (LDI_COURT_BLUE_202608081007.md)
  BUR COURT_BLUE -> ADJUDICATE (BUR_COURT_BLUE_202608081012.md)
  TIGR COURT_RED -> COURT_BLUE (TIGR_COURT_RED_202608081019.md)
  HIVE COURT_RED -> COURT_BLUE (HIVE_COURT_RED_202608081023.md)
  AWAITING ADJUDICATION (session job — pitch doc + verdict + wiring): ['LDI', 'BUR', 'AGNT', 'NNE']
/Users/ajay/Library/Python/3.9/lib/python/site-packages/urllib3/__init__.py:35: NotOpenSSLWarning: urllib3 v2 only supports OpenSSL 1.1.1+, currently the 'ssl' module is compiled with 'LibreSSL 2.8.3'. See: https://github.com/urllib3/urllib3/issues/3020
  warnings.warn(
[deck_writer] TIGR: deck emailed (TIGR_PITCH_DECK_20260808.pdf)
[deck_writer] HIVE: deck emailed (HIVE_PITCH_DECK_20260808.pdf)
[court_runner] 2026-08-08T11:46:32Z
  TIGR COURT_BLUE -> ADJUDICATE (TIGR_COURT_BLUE_202608081126.md)
  HIVE COURT_BLUE -> ADJUDICATE (HIVE_COURT_BLUE_202608081132.md)
  CCOI REFUTABILITY -> COURT_RED (CCOI_REFUTABILITY_202608081140.md)
  CCB REFUTABILITY -> COURT_RED (CCB_REFUTABILITY_202608081146.md)
  AWAITING ADJUDICATION (session job — pitch doc + verdict + wiring): ['LDI', 'BUR', 'AGNT', 'NNE', 'TIGR', 'HIVE']
/Users/ajay/Library/Python/3.9/lib/python/site-packages/urllib3/__init__.py:35: NotOpenSSLWarning: urllib3 v2 only supports OpenSSL 1.1.1+, currently the 'ssl' module is compiled with 'LibreSSL 2.8.3'. See: https://github.com/urllib3/urllib3/issues/3020
  warnings.warn(
[court_runner] 2026-08-08T13:08:34Z
  CCOI COURT_RED -> COURT_BLUE (CCOI_COURT_RED_202608081250.md)
  CCB COURT_RED -> COURT_BLUE (CCB_COURT_RED_202608081254.md)
  FIGR REFUTABILITY -> COURT_RED (FIGR_REFUTABILITY_202608081302.md)
  REAX REFUTABILITY -> COURT_RED (REAX_REFUTABILITY_202608081308.md)
  AWAITING ADJUDICATION (session job — pitch doc + verdict + wiring): ['LDI', 'BUR', 'AGNT', 'NNE', 'TIGR', 'HIVE']
/Users/ajay/Library/Python/3.9/lib/python/site-packages/urllib3/__init__.py:35: NotOpenSSLWarning: urllib3 v2 only supports OpenSSL 1.1.1+, currently the 'ssl' module is compiled with 'LibreSSL 2.8.3'. See: https://github.com/urllib3/urllib3/issues/3020
  warnings.warn(
SLBT: No earnings dates found, symbol may be delisted
[deck_writer] CCOI: deck emailed (CCOI_PITCH_DECK_20260808.pdf)
[court_runner] 2026-08-08T14:33:02Z
  CCOI COURT_BLUE -> ADJUDICATE (CCOI_COURT_BLUE_202608081412.md)
  CCB COURT_BLUE: VALIDATOR REJECTED (no primary citation (http) anywhere in the output) — output not persisted to queue
  FIGR COURT_RED -> COURT_BLUE (FIGR_COURT_RED_202608081420.md)
  REAX COURT_RED: VALIDATOR REJECTED (no primary citation (http) anywhere in the output) — output not persisted to queue
  SLBT REFUTABILITY -> KILLED (SLBT_REFUTABILITY_202608081427.md)
  TLRY REFUTABILITY -> KILLED (TLRY_REFUTABILITY_202608081433.md)
  AWAITING ADJUDICATION (session job — pitch doc + verdict + wiring): ['LDI', 'BUR', 'AGNT', 'NNE', 'TIGR', 'HIVE', 'CCOI']
/Users/ajay/Library/Python/3.9/lib/python/site-packages/urllib3/__init__.py:35: NotOpenSSLWarning: urllib3 v2 only supports OpenSSL 1.1.1+, currently the 'ssl' module is compiled with 'LibreSSL 2.8.3'. See: https://github.com/urllib3/urllib3/issues/3020
  warnings.warn(
[deck_writer] CCB: deck emailed (CCB_PITCH_DECK_20260808.pdf)
[deck_writer] FIGR: deck emailed (FIGR_PITCH_DECK_20260808.pdf)
[court_runner] 2026-08-08T15:51:03Z
  CCB COURT_BLUE -> ADJUDICATE (CCB_COURT_BLUE_202608081527.md)
  FIGR COURT_BLUE -> ADJUDICATE (FIGR_COURT_BLUE_202608081533.md)
  REAX COURT_RED: VALIDATOR REJECTED (no primary citation (http) anywhere in the output) — output not persisted to queue
  BRCB REFUTABILITY -> COURT_RED (BRCB_REFUTABILITY_202608081546.md)
  HTZ REFUTABILITY -> ADJUDICATE (HTZ_REFUTABILITY_202608081551.md)
  AWAITING ADJUDICATION (session job — pitch doc + verdict + wiring): ['CCB', 'HTZ']
/Users/ajay/Library/Python/3.9/lib/python/site-packages/urllib3/__init__.py:35: NotOpenSSLWarning: urllib3 v2 only supports OpenSSL 1.1.1+, currently the 'ssl' module is compiled with 'LibreSSL 2.8.3'. See: https://github.com/urllib3/urllib3/issues/3020
  warnings.warn(
positions request timed out
account updates for ACCOUNT_ALPHA request timed out
positions request timed out
account updates for ACCOUNT_ALPHA request timed out
[court_runner] 2026-08-08T17:07:59Z
  REAX COURT_RED -> COURT_BLUE (REAX_COURT_RED_202608081654.md)
  BRCB COURT_RED -> COURT_BLUE (BRCB_COURT_RED_202608081657.md)
  QFIN REFUTABILITY -> COURT_RED (QFIN_REFUTABILITY_202608081704.md)
  RC REFUTABILITY -> COURT_RED (RC_REFUTABILITY_202608081707.md)
positions request timed out
account updates for ACCOUNT_ALPHA request timed out
/Users/ajay/Library/Python/3.9/lib/python/site-packages/urllib3/__init__.py:35: NotOpenSSLWarning: urllib3 v2 only supports OpenSSL 1.1.1+, currently the 'ssl' module is compiled with 'LibreSSL 2.8.3'. See: https://github.com/urllib3/urllib3/issues/3020
  warnings.warn(
positions request timed out
account updates for ACCOUNT_ALPHA request timed out
positions request timed out
account updates for ACCOUNT_ALPHA request timed out
positions request timed out
account updates for ACCOUNT_ALPHA request timed out
positions request timed out
account updates for ACCOUNT_ALPHA request timed out
positions request timed out
account updates for ACCOUNT_ALPHA request timed out
[deck_writer] REAX: deck emailed (REAX_PITCH_DECK_20260808.pdf)
[deck_writer] BRCB: deck emailed (BRCB_PITCH_DECK_20260808.pdf)
[court_runner] 2026-08-08T18:29:11Z
  REAX COURT_BLUE -> ADJUDICATE (REAX_COURT_BLUE_202608081813.md)
  BRCB COURT_BLUE -> ADJUDICATE (BRCB_COURT_BLUE_202608081819.md)
  QFIN COURT_RED -> COURT_BLUE (QFIN_COURT_RED_202608081825.md)
  RC COURT_RED -> COURT_BLUE (RC_COURT_RED_202608081829.md)
  AWAITING ADJUDICATION (session job — pitch doc + verdict + wiring): ['REAX', 'BRCB']
positions request timed out
account updates for ACCOUNT_ALPHA request timed out
/Users/ajay/Library/Python/3.9/lib/python/site-packages/urllib3/__init__.py:35: NotOpenSSLWarning: urllib3 v2 only supports OpenSSL 1.1.1+, currently the 'ssl' module is compiled with 'LibreSSL 2.8.3'. See: https://github.com/urllib3/urllib3/issues/3020
  warnings.warn(
positions request timed out
account updates for ACCOUNT_ALPHA request timed out
positions request timed out
account updates for ACCOUNT_ALPHA request timed out
positions request timed out
account updates for ACCOUNT_ALPHA request timed out
positions request timed out
account updates for ACCOUNT_ALPHA request timed out
positions request timed out
account updates for ACCOUNT_ALPHA request timed out
[deck_writer] QFIN: deck emailed (QFIN_PITCH_DECK_20260808.pdf)
[deck_writer] RC: deck emailed (RC_PITCH_DECK_20260808.pdf)
[court_runner] 2026-08-08T20:00:15Z
  QFIN COURT_BLUE: 1 kg_candidate(s) harvested
  QFIN COURT_BLUE -> ADJUDICATE (QFIN_COURT_BLUE_202608081932.md)
  RC COURT_BLUE: 1 kg_candidate(s) harvested
  RC COURT_BLUE -> ADJUDICATE (RC_COURT_BLUE_202608081940.md)
  BTDR REFUTABILITY -> COURT_RED (BTDR_REFUTABILITY_202608081952.md)
  TDUP REFUTABILITY -> COURT_RED (TDUP_REFUTABILITY_202608082000.md)
  AWAITING ADJUDICATION (session job — pitch doc + verdict + wiring): ['REAX', 'BRCB', 'QFIN', 'RC']
positions request timed out
account updates for ACCOUNT_ALPHA request timed out
/Users/ajay/Library/Python/3.9/lib/python/site-packages/urllib3/__init__.py:35: NotOpenSSLWarning: urllib3 v2 only supports OpenSSL 1.1.1+, currently the 'ssl' module is compiled with 'LibreSSL 2.8.3'. See: https://github.com/urllib3/urllib3/issues/3020
  warnings.warn(
positions request timed out
account updates for ACCOUNT_ALPHA request timed out
positions request timed out
account updates for ACCOUNT_ALPHA request timed out
positions request timed out
account updates for ACCOUNT_ALPHA request timed out
[court_runner] 2026-08-08T22:33:50Z
  BTDR COURT_RED: 1 kg_candidate(s) harvested
  BTDR COURT_RED -> COURT_BLUE (BTDR_COURT_RED_202608082219.md)
  TDUP COURT_RED: 2 kg_candidate(s) harvested
  TDUP COURT_RED -> COURT_BLUE (TDUP_COURT_RED_202608082224.md)
  CABO REFUTABILITY -> KILLED (CABO_REFUTABILITY_202608082229.md)
  FMC REFUTABILITY -> COURT_RED (FMC_REFUTABILITY_202608082233.md)
positions request timed out
account updates for ACCOUNT_ALPHA request timed out
/Users/ajay/Library/Python/3.9/lib/python/site-packages/urllib3/__init__.py:35: NotOpenSSLWarning: urllib3 v2 only supports OpenSSL 1.1.1+, currently the 'ssl' module is compiled with 'LibreSSL 2.8.3'. See: https://github.com/urllib3/urllib3/issues/3020
  warnings.warn(
positions request timed out
account updates for ACCOUNT_ALPHA request timed out
positions request timed out
account updates for ACCOUNT_ALPHA request timed out
positions request timed out
account updates for ACCOUNT_ALPHA request timed out
positions request timed out
account updates for ACCOUNT_ALPHA request timed out
positions request timed out
account updates for ACCOUNT_ALPHA request timed out
positions request timed out
account updates for ACCOUNT_ALPHA request timed out
positions request timed out
account updates for ACCOUNT_ALPHA request timed out
positions request timed out
account updates for ACCOUNT_ALPHA request timed out
positions request timed out
account updates for ACCOUNT_ALPHA request timed out
MFI: No earnings dates found, symbol may be delisted
positions request timed out
account updates for ACCOUNT_ALPHA request timed out
positions request timed out
account updates for ACCOUNT_ALPHA request timed out
positions request timed out
account updates for ACCOUNT_ALPHA request timed out
positions request timed out
account updates for ACCOUNT_ALPHA request timed out
positions request timed out
account updates for ACCOUNT_ALPHA request timed out
positions request timed out
account updates for ACCOUNT_ALPHA request timed out
positions request timed out
account updates for ACCOUNT_ALPHA request timed out
positions request timed out
account updates for ACCOUNT_ALPHA request timed out
positions request timed out
account updates for ACCOUNT_ALPHA request timed out
positions request timed out
account updates for ACCOUNT_ALPHA request timed out
PHOE: No earnings dates found, symbol may be delisted
positions request timed out
account updates for ACCOUNT_ALPHA request timed out
positions request timed out
account updates for ACCOUNT_ALPHA request timed out
positions request timed out
account updates for ACCOUNT_ALPHA request timed out
positions request timed out
account updates for ACCOUNT_ALPHA request timed out
positions request timed out
account updates for ACCOUNT_ALPHA request timed out
positions request timed out
account updates for ACCOUNT_ALPHA request timed out
positions request timed out
account updates for ACCOUNT_ALPHA request timed out
positions request timed out
account updates for ACCOUNT_ALPHA request timed out
positions request timed out
account updates for ACCOUNT_ALPHA request timed out
positions request timed out
account updates for ACCOUNT_ALPHA request timed out
METCB: No earnings dates found, symbol may be delisted
positions request timed out
account updates for ACCOUNT_ALPHA request timed out
positions request timed out
account updates for ACCOUNT_ALPHA request timed out
positions request timed out
account updates for ACCOUNT_ALPHA request timed out
positions request timed out
account updates for ACCOUNT_ALPHA request timed out
positions request timed out
account updates for ACCOUNT_ALPHA request timed out
BRAI: No earnings dates found, symbol may be delisted
positions request timed out
account updates for ACCOUNT_ALPHA request timed out
positions request timed out
account updates for ACCOUNT_ALPHA request timed out
positions request timed out
account updates for ACCOUNT_ALPHA request timed out
positions request timed out
account updates for ACCOUNT_ALPHA request timed out
positions request timed out
account updates for ACCOUNT_ALPHA request timed out
positions request timed out
account updates for ACCOUNT_ALPHA request timed out
positions request timed out
account updates for ACCOUNT_ALPHA request timed out
positions request timed out
account updates for ACCOUNT_ALPHA request timed out
positions request timed out
account updates for ACCOUNT_ALPHA request timed out
positions request timed out
account updates for ACCOUNT_ALPHA request timed out
positions request timed out
account updates for ACCOUNT_ALPHA request timed out
positions request timed out
account updates for ACCOUNT_ALPHA request timed out
positions request timed out
account updates for ACCOUNT_ALPHA request timed out
positions request timed out
account updates for ACCOUNT_ALPHA request timed out
positions request timed out
account updates for ACCOUNT_ALPHA request timed out
positions request timed out
account updates for ACCOUNT_ALPHA request timed out
positions request timed out
account updates for ACCOUNT_ALPHA request timed out
positions request timed out
account updates for ACCOUNT_ALPHA request timed out
positions request timed out
account updates for ACCOUNT_ALPHA request timed out
positions request timed out
account updates for ACCOUNT_ALPHA request timed out
positions request timed out
account updates for ACCOUNT_ALPHA request timed out
positions request timed out
account updates for ACCOUNT_ALPHA request timed out
positions request timed out
account updates for ACCOUNT_ALPHA request timed out
positions request timed out
account updates for ACCOUNT_ALPHA request timed out
positions request timed out
account updates for ACCOUNT_ALPHA request timed out
positions request timed out
account updates for ACCOUNT_ALPHA request timed out
positions request timed out
account updates for ACCOUNT_ALPHA request timed out
positions request timed out
account updates for ACCOUNT_ALPHA request timed out
positions request timed out
account updates for ACCOUNT_ALPHA request timed out
CRML: No earnings dates found, symbol may be delisted
positions request timed out
account updates for ACCOUNT_ALPHA request timed out
positions request timed out
account updates for ACCOUNT_ALPHA request timed out
positions request timed out
account updates for ACCOUNT_ALPHA request timed out
positions request timed out
account updates for ACCOUNT_ALPHA request timed out
positions request timed out
account updates for ACCOUNT_ALPHA request timed out
positions request timed out
account updates for ACCOUNT_ALPHA request timed out
positions request timed out
account updates for ACCOUNT_ALPHA request timed out
positions request timed out
account updates for ACCOUNT_ALPHA request timed out
positions request timed out
account updates for ACCOUNT_ALPHA request timed out
positions request timed out
account updates for ACCOUNT_ALPHA request timed out
positions request timed out
account updates for ACCOUNT_ALPHA request timed out
positions request timed out
account updates for ACCOUNT_ALPHA request timed out
positions request timed out
account updates for ACCOUNT_ALPHA request timed out
positions request timed out
account updates for ACCOUNT_ALPHA request timed out
positions request timed out
account updates for ACCOUNT_ALPHA request timed out
positions request timed out
account updates for ACCOUNT_ALPHA request timed out
positions request timed out
account updates for ACCOUNT_ALPHA request timed out
positions request timed out
account updates for ACCOUNT_ALPHA request timed out
positions request timed out
account updates for ACCOUNT_ALPHA request timed out
positions request timed out
account updates for ACCOUNT_ALPHA request timed out
positions request timed out
account updates for ACCOUNT_ALPHA request timed out
[court_runner] 2026-08-09T00:14:59Z
  BTDR COURT_BLUE: VALIDATOR REJECTED (output too short) — output not persisted to queue
  TDUP COURT_BLUE: VALIDATOR REJECTED (output too short) — output not persisted to queue
  FMC COURT_RED: VALIDATOR REJECTED (output too short) — output not persisted to queue
  ENHA REFUTABILITY: VALIDATOR REJECTED (output too short) — output not persisted to queue
  NKLR REFUTABILITY: VALIDATOR REJECTED (output too short) — output not persisted to queue
  UPB REFUTABILITY: VALIDATOR REJECTED (output too short) — output not persisted to queue
  UPST REFUTABILITY: VALIDATOR REJECTED (output too short) — output not persisted to queue
  EH REFUTABILITY: VALIDATOR REJECTED (output too short) — output not persisted to queue
  PSIX REFUTABILITY: VALIDATOR REJECTED (output too short) — output not persisted to queue
  MFI REFUTABILITY: VALIDATOR REJECTED (output too short) — output not persisted to queue
  LCID REFUTABILITY: VALIDATOR REJECTED (output too short) — output not persisted to queue
  GOGO REFUTABILITY: VALIDATOR REJECTED (output too short) — output not persisted to queue
  ARX REFUTABILITY: VALIDATOR REJECTED (output too short) — output not persisted to queue
  ASPI REFUTABILITY: VALIDATOR REJECTED (output too short) — output not persisted to queue
  SEZL REFUTABILITY: VALIDATOR REJECTED (output too short) — output not persisted to queue
  LASR REFUTABILITY: VALIDATOR REJECTED (output too short) — output not persisted to queue
  TTD REFUTABILITY: VALIDATOR REJECTED (output too short) — output not persisted to queue
  JUNS REFUTABILITY: VALIDATOR REJECTED (output too short) — output not persisted to queue
  NEGG REFUTABILITY: VALIDATOR REJECTED (output too short) — output not persisted to queue
  PHOE REFUTABILITY: VALIDATOR REJECTED (output too short) — output not persisted to queue
  MSC REFUTABILITY: VALIDATOR REJECTED (output too short) — output not persisted to queue
  SERV REFUTABILITY: VALIDATOR REJECTED (output too short) — output not persisted to queue
  OPTU REFUTABILITY: VALIDATOR REJECTED (output too short) — output not persisted to queue
  UXIN REFUTABILITY: VALIDATOR REJECTED (output too short) — output not persisted to queue
  NPWR REFUTABILITY: VALIDATOR REJECTED (output too short) — output not persisted to queue
  TREE REFUTABILITY: VALIDATOR REJECTED (output too short) — output not persisted to queue
  ENRD REFUTABILITY: VALIDATOR REJECTED (output too short) — output not persisted to queue
  KLAR REFUTABILITY: VALIDATOR REJECTED (output too short) — output not persisted to queue
  FULC REFUTABILITY: VALIDATOR REJECTED (output too short) — output not persisted to queue
  METCB REFUTABILITY: VALIDATOR REJECTED (output too short) — output not persisted to queue
  DGXX REFUTABILITY: VALIDATOR REJECTED (output too short) — output not persisted to queue
  BULL REFUTABILITY: VALIDATOR REJECTED (output too short) — output not persisted to queue
  MARA REFUTABILITY: VALIDATOR REJECTED (output too short) — output not persisted to queue
  QNC REFUTABILITY: VALIDATOR REJECTED (output too short) — output not persisted to queue
  BRAI REFUTABILITY: VALIDATOR REJECTED (output too short) — output not persisted to queue
  EVGO REFUTABILITY: VALIDATOR REJECTED (output too short) — output not persisted to queue
  INV REFUTABILITY: VALIDATOR REJECTED (output too short) — output not persisted to queue
  AKBA REFUTABILITY: VALIDATOR REJECTED (output too short) — output not persisted to queue
  GLXY REFUTABILITY: VALIDATOR REJECTED (output too short) — output not persisted to queue
  YSG REFUTABILITY: VALIDATOR REJECTED (output too short) — output not persisted to queue
  STUB REFUTABILITY: VALIDATOR REJECTED (output too short) — output not persisted to queue
  ABR REFUTABILITY: VALIDATOR REJECTED (output too short) — output not persisted to queue
  AIRO REFUTABILITY: VALIDATOR REJECTED (output too short) — output not persisted to queue
  WVE REFUTABILITY: VALIDATOR REJECTED (output too short) — output not persisted to queue
  YB REFUTABILITY: VALIDATOR REJECTED (output too short) — output not persisted to queue
  FVRR REFUTABILITY: VALIDATOR REJECTED (output too short) — output not persisted to queue
  AVXL REFUTABILITY: VALIDATOR REJECTED (output too short) — output not persisted to queue
  PSNY REFUTABILITY: VALIDATOR REJECTED (output too short) — output not persisted to queue
  WDH REFUTABILITY: VALIDATOR REJECTED (output too short) — output not persisted to queue
  WING REFUTABILITY: VALIDATOR REJECTED (output too short) — output not persisted to queue
  MLTX REFUTABILITY: VALIDATOR REJECTED (output too short) — output not persisted to queue
  CSHR REFUTABILITY: VALIDATOR REJECTED (output too short) — output not persisted to queue
  CWH REFUTABILITY: VALIDATOR REJECTED (output too short) — output not persisted to queue
  GOTU REFUTABILITY: VALIDATOR REJECTED (output too short) — output not persisted to queue
  FBYD REFUTABILITY: VALIDATOR REJECTED (output too short) — output not persisted to queue
  SPCE REFUTABILITY: VALIDATOR REJECTED (output too short) — output not persisted to queue
  UAMY REFUTABILITY: VALIDATOR REJECTED (output too short) — output not persisted to queue
  PGY REFUTABILITY: VALIDATOR REJECTED (output too short) — output not persisted to queue
  LUNR REFUTABILITY: VALIDATOR REJECTED (output too short) — output not persisted to queue
  TMS REFUTABILITY: VALIDATOR REJECTED (output too short) — output not persisted to queue
  TME REFUTABILITY: VALIDATOR REJECTED (output too short) — output not persisted to queue
  Z REFUTABILITY: VALIDATOR REJECTED (output too short) — output not persisted to queue
  OXLC REFUTABILITY: VALIDATOR REJECTED (output too short) — output not persisted to queue
  CRML REFUTABILITY: VALIDATOR REJECTED (output too short) — output not persisted to queue
  NMG REFUTABILITY: VALIDATOR REJECTED (output too short) — output not persisted to queue
  CMPX REFUTABILITY: VALIDATOR REJECTED (output too short) — output not persisted to queue
  CMTG REFUTABILITY: VALIDATOR REJECTED (output too short) — output not persisted to queue
  BGSI REFUTABILITY: VALIDATOR REJECTED (output too short) — output not persisted to queue
  BBBY REFUTABILITY: VALIDATOR REJECTED (output too short) — output not persisted to queue
  SBET REFUTABILITY: VALIDATOR REJECTED (output too short) — output not persisted to queue
  ROOT REFUTABILITY: VALIDATOR REJECTED (output too short) — output not persisted to queue
  GBFH REFUTABILITY: VALIDATOR REJECTED (output too short) — output not persisted to queue
  WD REFUTABILITY: VALIDATOR REJECTED (output too short) — output not persisted to queue
  SLI REFUTABILITY: VALIDATOR REJECTED (output too short) — output not persisted to queue
  FISV REFUTABILITY: VALIDATOR REJECTED (output too short) — output not persisted to queue
  HTT REFUTABILITY: VALIDATOR REJECTED (output too short) — output not persisted to queue
  ZG REFUTABILITY: VALIDATOR REJECTED (output too short) — output not persisted to queue
  LYEL REFUTABILITY: VALIDATOR REJECTED (output too short) — output not persisted to queue
  LMB REFUTABILITY: VALIDATOR REJECTED (output too short) — output not persisted to queue
  MSTR REFUTABILITY: VALIDATOR REJECTED (output too short) — output not persisted to queue
  PHR REFUTABILITY: VALIDATOR REJECTED (output too short) — output not persisted to queue
  LRN REFUTABILITY: VALIDATOR REJECTED (output too short) — output not persisted to queue
  OLMA REFUTABILITY: VALIDATOR REJECTED (output too short) — output not persisted to queue
  FLNG TRAP_VERIFY: VALIDATOR REJECTED (output too short) — output not persisted to queue
  PAR TRAP_VERIFY: VALIDATOR REJECTED (output too short) — output not persisted to queue
positions request timed out
account updates for ACCOUNT_ALPHA request timed out
/Users/ajay/Library/Python/3.9/lib/python/site-packages/urllib3/__init__.py:35: NotOpenSSLWarning: urllib3 v2 only supports OpenSSL 1.1.1+, currently the 'ssl' module is compiled with 'LibreSSL 2.8.3'. See: https://github.com/urllib3/urllib3/issues/3020
  warnings.warn(
positions request timed out
account updates for ACCOUNT_ALPHA request timed out
positions request timed out
account updates for ACCOUNT_ALPHA request timed out
positions request timed out
account updates for ACCOUNT_ALPHA request timed out
positions request timed out
account updates for ACCOUNT_ALPHA request timed out
positions request timed out
account updates for ACCOUNT_ALPHA request timed out
positions request timed out
account updates for ACCOUNT_ALPHA request timed out
positions request timed out
account updates for ACCOUNT_ALPHA request timed out
positions request timed out
account updates for ACCOUNT_ALPHA request timed out
positions request timed out
account updates for ACCOUNT_ALPHA request timed out
MFI: No earnings dates found, symbol may be delisted
positions request timed out
account updates for ACCOUNT_ALPHA request timed out
positions request timed out
account updates for ACCOUNT_ALPHA request timed out
positions request timed out
account updates for ACCOUNT_ALPHA request timed out
positions request timed out
account updates for ACCOUNT_ALPHA request timed out
positions request timed out
account updates for ACCOUNT_ALPHA request timed out
positions request timed out
account updates for ACCOUNT_ALPHA request timed out
positions request timed out
account updates for ACCOUNT_ALPHA request timed out
positions request timed out
account updates for ACCOUNT_ALPHA request timed out
positions request timed out
account updates for ACCOUNT_ALPHA request timed out
positions request timed out
account updates for ACCOUNT_ALPHA request timed out
PHOE: No earnings dates found, symbol may be delisted
positions request timed out
account updates for ACCOUNT_ALPHA request timed out
positions request timed out
account updates for ACCOUNT_ALPHA request timed out
positions request timed out
account updates for ACCOUNT_ALPHA request timed out
positions request timed out
account updates for ACCOUNT_ALPHA request timed out
positions request timed out
account updates for ACCOUNT_ALPHA request timed out
positions request timed out
account updates for ACCOUNT_ALPHA request timed out
positions request timed out
account updates for ACCOUNT_ALPHA request timed out
positions request timed out
account updates for ACCOUNT_ALPHA request timed out
positions request timed out
account updates for ACCOUNT_ALPHA request timed out
positions request timed out
account updates for ACCOUNT_ALPHA request timed out
METCB: No earnings dates found, symbol may be delisted
positions request timed out
account updates for ACCOUNT_ALPHA request timed out
positions request timed out
account updates for ACCOUNT_ALPHA request timed out
positions request timed out
account updates for ACCOUNT_ALPHA request timed out
positions request timed out
account updates for ACCOUNT_ALPHA request timed out
positions request timed out
account updates for ACCOUNT_ALPHA request timed out
BRAI: No earnings dates found, symbol may be delisted
positions request timed out
account updates for ACCOUNT_ALPHA request timed out
positions request timed out
account updates for ACCOUNT_ALPHA request timed out
positions request timed out
account updates for ACCOUNT_ALPHA request timed out
positions request timed out
account updates for ACCOUNT_ALPHA request timed out
positions request timed out
account updates for ACCOUNT_ALPHA request timed out
positions request timed out
account updates for ACCOUNT_ALPHA request timed out
positions request timed out
account updates for ACCOUNT_ALPHA request timed out
positions request timed out
account updates for ACCOUNT_ALPHA request timed out
positions request timed out
account updates for ACCOUNT_ALPHA request timed out
positions request timed out
account updates for ACCOUNT_ALPHA request timed out
positions request timed out
account updates for ACCOUNT_ALPHA request timed out
positions request timed out
account updates for ACCOUNT_ALPHA request timed out
positions request timed out
account updates for ACCOUNT_ALPHA request timed out
positions request timed out
account updates for ACCOUNT_ALPHA request timed out
positions request timed out
account updates for ACCOUNT_ALPHA request timed out
positions request timed out
account updates for ACCOUNT_ALPHA request timed out
positions request timed out
account updates for ACCOUNT_ALPHA request timed out
positions request timed out
account updates for ACCOUNT_ALPHA request timed out
positions request timed out
account updates for ACCOUNT_ALPHA request timed out
positions request timed out
account updates for ACCOUNT_ALPHA request timed out
positions request timed out
account updates for ACCOUNT_ALPHA request timed out
positions request timed out
account updates for ACCOUNT_ALPHA request timed out
positions request timed out
account updates for ACCOUNT_ALPHA request timed out
positions request timed out
account updates for ACCOUNT_ALPHA request timed out
positions request timed out
account updates for ACCOUNT_ALPHA request timed out
positions request timed out
account updates for ACCOUNT_ALPHA request timed out
positions request timed out
account updates for ACCOUNT_ALPHA request timed out
positions request timed out
account updates for ACCOUNT_ALPHA request timed out
positions request timed out
account updates for ACCOUNT_ALPHA request timed out
CRML: No earnings dates found, symbol may be delisted
positions request timed out
account updates for ACCOUNT_ALPHA request timed out
positions request timed out
account updates for ACCOUNT_ALPHA request timed out
positions request timed out
account updates for ACCOUNT_ALPHA request timed out
positions request timed out
account updates for ACCOUNT_ALPHA request timed out
positions request timed out
account updates for ACCOUNT_ALPHA request timed out
positions request timed out
account updates for ACCOUNT_ALPHA request timed out
positions request timed out
account updates for ACCOUNT_ALPHA request timed out
positions request timed out
account updates for ACCOUNT_ALPHA request timed out
positions request timed out
account updates for ACCOUNT_ALPHA request timed out
positions request timed out
account updates for ACCOUNT_ALPHA request timed out
positions request timed out
account updates for ACCOUNT_ALPHA request timed out
positions request timed out
account updates for ACCOUNT_ALPHA request timed out
positions request timed out
account updates for ACCOUNT_ALPHA request timed out
positions request timed out
account updates for ACCOUNT_ALPHA request timed out
positions request timed out
account updates for ACCOUNT_ALPHA request timed out
positions request timed out
account updates for ACCOUNT_ALPHA request timed out
positions request timed out
account updates for ACCOUNT_ALPHA request timed out
positions request timed out
account updates for ACCOUNT_ALPHA request timed out
positions request timed out
account updates for ACCOUNT_ALPHA request timed out
positions request timed out
account updates for ACCOUNT_ALPHA request timed out
positions request timed out
account updates for ACCOUNT_ALPHA request timed out
[court_runner] 2026-08-09T01:49:44Z
  BTDR COURT_BLUE: VALIDATOR REJECTED (output too short) — output not persisted to queue
  TDUP COURT_BLUE: VALIDATOR REJECTED (output too short) — output not persisted to queue
  FMC COURT_RED: VALIDATOR REJECTED (output too short) — output not persisted to queue
  ENHA REFUTABILITY: VALIDATOR REJECTED (output too short) — output not persisted to queue
  NKLR REFUTABILITY: VALIDATOR REJECTED (output too short) — output not persisted to queue
  UPB REFUTABILITY: VALIDATOR REJECTED (output too short) — output not persisted to queue
  UPST REFUTABILITY: VALIDATOR REJECTED (output too short) — output not persisted to queue
  EH REFUTABILITY: VALIDATOR REJECTED (output too short) — output not persisted to queue
  PSIX REFUTABILITY: VALIDATOR REJECTED (output too short) — output not persisted to queue
  MFI REFUTABILITY: VALIDATOR REJECTED (output too short) — output not persisted to queue
  LCID REFUTABILITY: VALIDATOR REJECTED (output too short) — output not persisted to queue
  GOGO REFUTABILITY: VALIDATOR REJECTED (output too short) — output not persisted to queue
  ARX REFUTABILITY: VALIDATOR REJECTED (output too short) — output not persisted to queue
  ASPI REFUTABILITY: VALIDATOR REJECTED (output too short) — output not persisted to queue
  SEZL REFUTABILITY: VALIDATOR REJECTED (output too short) — output not persisted to queue
  LASR REFUTABILITY: VALIDATOR REJECTED (output too short) — output not persisted to queue
  TTD REFUTABILITY: VALIDATOR REJECTED (output too short) — output not persisted to queue
  JUNS REFUTABILITY: VALIDATOR REJECTED (output too short) — output not persisted to queue
  NEGG REFUTABILITY: VALIDATOR REJECTED (output too short) — output not persisted to queue
  PHOE REFUTABILITY: VALIDATOR REJECTED (output too short) — output not persisted to queue
  MSC REFUTABILITY: VALIDATOR REJECTED (output too short) — output not persisted to queue
  SERV REFUTABILITY: VALIDATOR REJECTED (output too short) — output not persisted to queue
  OPTU REFUTABILITY: VALIDATOR REJECTED (output too short) — output not persisted to queue
  UXIN REFUTABILITY: VALIDATOR REJECTED (output too short) — output not persisted to queue
  NPWR REFUTABILITY: VALIDATOR REJECTED (output too short) — output not persisted to queue
  TREE REFUTABILITY: VALIDATOR REJECTED (output too short) — output not persisted to queue
  ENRD REFUTABILITY: VALIDATOR REJECTED (output too short) — output not persisted to queue
  KLAR REFUTABILITY: VALIDATOR REJECTED (output too short) — output not persisted to queue
  FULC REFUTABILITY: VALIDATOR REJECTED (output too short) — output not persisted to queue
  METCB REFUTABILITY: VALIDATOR REJECTED (output too short) — output not persisted to queue
  DGXX REFUTABILITY: VALIDATOR REJECTED (output too short) — output not persisted to queue
  BULL REFUTABILITY: VALIDATOR REJECTED (output too short) — output not persisted to queue
  MARA REFUTABILITY: VALIDATOR REJECTED (output too short) — output not persisted to queue
  QNC REFUTABILITY: VALIDATOR REJECTED (output too short) — output not persisted to queue
  BRAI REFUTABILITY: VALIDATOR REJECTED (output too short) — output not persisted to queue
  EVGO REFUTABILITY: VALIDATOR REJECTED (output too short) — output not persisted to queue
  INV REFUTABILITY: VALIDATOR REJECTED (output too short) — output not persisted to queue
  AKBA REFUTABILITY: VALIDATOR REJECTED (output too short) — output not persisted to queue
  GLXY REFUTABILITY: VALIDATOR REJECTED (output too short) — output not persisted to queue
  YSG REFUTABILITY: VALIDATOR REJECTED (output too short) — output not persisted to queue
  STUB REFUTABILITY: VALIDATOR REJECTED (output too short) — output not persisted to queue
  ABR REFUTABILITY: VALIDATOR REJECTED (output too short) — output not persisted to queue
  AIRO REFUTABILITY: VALIDATOR REJECTED (output too short) — output not persisted to queue
  WVE REFUTABILITY: VALIDATOR REJECTED (output too short) — output not persisted to queue
  YB REFUTABILITY: VALIDATOR REJECTED (output too short) — output not persisted to queue
  FVRR REFUTABILITY: VALIDATOR REJECTED (output too short) — output not persisted to queue
  AVXL REFUTABILITY: VALIDATOR REJECTED (output too short) — output not persisted to queue
  PSNY REFUTABILITY: VALIDATOR REJECTED (output too short) — output not persisted to queue
  WDH REFUTABILITY: VALIDATOR REJECTED (output too short) — output not persisted to queue
  WING REFUTABILITY: VALIDATOR REJECTED (output too short) — output not persisted to queue
  MLTX REFUTABILITY: VALIDATOR REJECTED (output too short) — output not persisted to queue
  CSHR REFUTABILITY: VALIDATOR REJECTED (output too short) — output not persisted to queue
  CWH REFUTABILITY: VALIDATOR REJECTED (output too short) — output not persisted to queue
  GOTU REFUTABILITY: VALIDATOR REJECTED (output too short) — output not persisted to queue
  FBYD REFUTABILITY: VALIDATOR REJECTED (output too short) — output not persisted to queue
  SPCE REFUTABILITY: VALIDATOR REJECTED (output too short) — output not persisted to queue
  UAMY REFUTABILITY: VALIDATOR REJECTED (output too short) — output not persisted to queue
  PGY REFUTABILITY: VALIDATOR REJECTED (output too short) — output not persisted to queue
  LUNR REFUTABILITY: VALIDATOR REJECTED (output too short) — output not persisted to queue
  TMS REFUTABILITY: VALIDATOR REJECTED (output too short) — output not persisted to queue
  TME REFUTABILITY: VALIDATOR REJECTED (output too short) — output not persisted to queue
  Z REFUTABILITY: VALIDATOR REJECTED (output too short) — output not persisted to queue
  OXLC REFUTABILITY: VALIDATOR REJECTED (output too short) — output not persisted to queue
  CRML REFUTABILITY: VALIDATOR REJECTED (output too short) — output not persisted to queue
  NMG REFUTABILITY: VALIDATOR REJECTED (output too short) — output not persisted to queue
  CMPX REFUTABILITY: VALIDATOR REJECTED (output too short) — output not persisted to queue
  CMTG REFUTABILITY: VALIDATOR REJECTED (output too short) — output not persisted to queue
  BGSI REFUTABILITY: VALIDATOR REJECTED (output too short) — output not persisted to queue
  BBBY REFUTABILITY: VALIDATOR REJECTED (output too short) — output not persisted to queue
  SBET REFUTABILITY: VALIDATOR REJECTED (output too short) — output not persisted to queue
  ROOT REFUTABILITY: VALIDATOR REJECTED (output too short) — output not persisted to queue
  GBFH REFUTABILITY: VALIDATOR REJECTED (output too short) — output not persisted to queue
  WD REFUTABILITY: VALIDATOR REJECTED (output too short) — output not persisted to queue
  SLI REFUTABILITY: VALIDATOR REJECTED (output too short) — output not persisted to queue
  FISV REFUTABILITY: VALIDATOR REJECTED (output too short) — output not persisted to queue
  HTT REFUTABILITY: VALIDATOR REJECTED (output too short) — output not persisted to queue
  ZG REFUTABILITY: VALIDATOR REJECTED (output too short) — output not persisted to queue
  LYEL REFUTABILITY: VALIDATOR REJECTED (output too short) — output not persisted to queue
  LMB REFUTABILITY: VALIDATOR REJECTED (output too short) — output not persisted to queue
  MSTR REFUTABILITY: VALIDATOR REJECTED (output too short) — output not persisted to queue
  PHR REFUTABILITY: VALIDATOR REJECTED (output too short) — output not persisted to queue
  LRN REFUTABILITY: VALIDATOR REJECTED (output too short) — output not persisted to queue
  OLMA REFUTABILITY: VALIDATOR REJECTED (output too short) — output not persisted to queue
  FLNG TRAP_VERIFY: VALIDATOR REJECTED (output too short) — output not persisted to queue
  PAR TRAP_VERIFY: VALIDATOR REJECTED (output too short) — output not persisted to queue
positions request timed out
account updates for ACCOUNT_ALPHA request timed out
/Users/ajay/Library/Python/3.9/lib/python/site-packages/urllib3/__init__.py:35: NotOpenSSLWarning: urllib3 v2 only supports OpenSSL 1.1.1+, currently the 'ssl' module is compiled with 'LibreSSL 2.8.3'. See: https://github.com/urllib3/urllib3/issues/3020
  warnings.warn(
positions request timed out
account updates for ACCOUNT_ALPHA request timed out
positions request timed out
account updates for ACCOUNT_ALPHA request timed out
positions request timed out
account updates for ACCOUNT_ALPHA request timed out
positions request timed out
account updates for ACCOUNT_ALPHA request timed out
positions request timed out
account updates for ACCOUNT_ALPHA request timed out
positions request timed out
account updates for ACCOUNT_ALPHA request timed out
positions request timed out
account updates for ACCOUNT_ALPHA request timed out
positions request timed out
account updates for ACCOUNT_ALPHA request timed out
positions request timed out
account updates for ACCOUNT_ALPHA request timed out
MFI: No earnings dates found, symbol may be delisted
positions request timed out
account updates for ACCOUNT_ALPHA request timed out
positions request timed out
account updates for ACCOUNT_ALPHA request timed out
positions request timed out
account updates for ACCOUNT_ALPHA request timed out
positions request timed out
account updates for ACCOUNT_ALPHA request timed out
positions request timed out
account updates for ACCOUNT_ALPHA request timed out
positions request timed out
account updates for ACCOUNT_ALPHA request timed out
positions request timed out
account updates for ACCOUNT_ALPHA request timed out
positions request timed out
account updates for ACCOUNT_ALPHA request timed out
positions request timed out
account updates for ACCOUNT_ALPHA request timed out
positions request timed out
account updates for ACCOUNT_ALPHA request timed out
PHOE: No earnings dates found, symbol may be delisted
positions request timed out
account updates for ACCOUNT_ALPHA request timed out
positions request timed out
account updates for ACCOUNT_ALPHA request timed out
positions request timed out
account updates for ACCOUNT_ALPHA request timed out
positions request timed out
account updates for ACCOUNT_ALPHA request timed out
positions request timed out
account updates for ACCOUNT_ALPHA request timed out
positions request timed out
account updates for ACCOUNT_ALPHA request timed out
positions request timed out
account updates for ACCOUNT_ALPHA request timed out
positions request timed out
account updates for ACCOUNT_ALPHA request timed out
positions request timed out
account updates for ACCOUNT_ALPHA request timed out
positions request timed out
account updates for ACCOUNT_ALPHA request timed out
METCB: No earnings dates found, symbol may be delisted
positions request timed out
account updates for ACCOUNT_ALPHA request timed out
positions request timed out
account updates for ACCOUNT_ALPHA request timed out
positions request timed out
account updates for ACCOUNT_ALPHA request timed out
positions request timed out
account updates for ACCOUNT_ALPHA request timed out
positions request timed out
account updates for ACCOUNT_ALPHA request timed out
BRAI: No earnings dates found, symbol may be delisted
positions request timed out
account updates for ACCOUNT_ALPHA request timed out
positions request timed out
account updates for ACCOUNT_ALPHA request timed out
positions request timed out
account updates for ACCOUNT_ALPHA request timed out
positions request timed out
account updates for ACCOUNT_ALPHA request timed out
positions request timed out
account updates for ACCOUNT_ALPHA request timed out
positions request timed out
account updates for ACCOUNT_ALPHA request timed out
positions request timed out
account updates for ACCOUNT_ALPHA request timed out
positions request timed out
account updates for ACCOUNT_ALPHA request timed out
positions request timed out
account updates for ACCOUNT_ALPHA request timed out
positions request timed out
account updates for ACCOUNT_ALPHA request timed out
positions request timed out
account updates for ACCOUNT_ALPHA request timed out
positions request timed out
account updates for ACCOUNT_ALPHA request timed out
positions request timed out
account updates for ACCOUNT_ALPHA request timed out
positions request timed out
account updates for ACCOUNT_ALPHA request timed out
positions request timed out
account updates for ACCOUNT_ALPHA request timed out
positions request timed out
account updates for ACCOUNT_ALPHA request timed out
positions request timed out
account updates for ACCOUNT_ALPHA request timed out
positions request timed out
account updates for ACCOUNT_ALPHA request timed out
positions request timed out
account updates for ACCOUNT_ALPHA request timed out
positions request timed out
account updates for ACCOUNT_ALPHA request timed out
positions request timed out
account updates for ACCOUNT_ALPHA request timed out
positions request timed out
account updates for ACCOUNT_ALPHA request timed out
positions request timed out
account updates for ACCOUNT_ALPHA request timed out
positions request timed out
account updates for ACCOUNT_ALPHA request timed out
positions request timed out
account updates for ACCOUNT_ALPHA request timed out
positions request timed out
account updates for ACCOUNT_ALPHA request timed out
positions request timed out
account updates for ACCOUNT_ALPHA request timed out
positions request timed out
account updates for ACCOUNT_ALPHA request timed out
positions request timed out
account updates for ACCOUNT_ALPHA request timed out
CRML: No earnings dates found, symbol may be delisted
positions request timed out
account updates for ACCOUNT_ALPHA request timed out
positions request timed out
account updates for ACCOUNT_ALPHA request timed out
positions request timed out
account updates for ACCOUNT_ALPHA request timed out
positions request timed out
account updates for ACCOUNT_ALPHA request timed out
positions request timed out
account updates for ACCOUNT_ALPHA request timed out
positions request timed out
account updates for ACCOUNT_ALPHA request timed out
positions request timed out
account updates for ACCOUNT_ALPHA request timed out
positions request timed out
account updates for ACCOUNT_ALPHA request timed out
positions request timed out
account updates for ACCOUNT_ALPHA request timed out
positions request timed out
account updates for ACCOUNT_ALPHA request timed out
positions request timed out
account updates for ACCOUNT_ALPHA request timed out
positions request timed out
account updates for ACCOUNT_ALPHA request timed out
positions request timed out
account updates for ACCOUNT_ALPHA request timed out
positions request timed out
account updates for ACCOUNT_ALPHA request timed out
positions request timed out
account updates for ACCOUNT_ALPHA request timed out
positions request timed out
account updates for ACCOUNT_ALPHA request timed out
positions request timed out
account updates for ACCOUNT_ALPHA request timed out
positions request timed out
account updates for ACCOUNT_ALPHA request timed out
positions request timed out
account updates for ACCOUNT_ALPHA request timed out
positions request timed out
account updates for ACCOUNT_ALPHA request timed out
positions request timed out
account updates for ACCOUNT_ALPHA request timed out
[court_runner] 2026-08-09T03:24:31Z
  BTDR COURT_BLUE: VALIDATOR REJECTED (output too short) — output not persisted to queue
  TDUP COURT_BLUE: VALIDATOR REJECTED (output too short) — output not persisted to queue
  FMC COURT_RED: VALIDATOR REJECTED (output too short) — output not persisted to queue
  ENHA REFUTABILITY: VALIDATOR REJECTED (output too short) — output not persisted to queue
  NKLR REFUTABILITY: VALIDATOR REJECTED (output too short) — output not persisted to queue
  UPB REFUTABILITY: VALIDATOR REJECTED (output too short) — output not persisted to queue
  UPST REFUTABILITY: VALIDATOR REJECTED (output too short) — output not persisted to queue
  EH REFUTABILITY: VALIDATOR REJECTED (output too short) — output not persisted to queue
  PSIX REFUTABILITY: VALIDATOR REJECTED (output too short) — output not persisted to queue
  MFI REFUTABILITY: VALIDATOR REJECTED (output too short) — output not persisted to queue
  LCID REFUTABILITY: VALIDATOR REJECTED (output too short) — output not persisted to queue
  GOGO REFUTABILITY: VALIDATOR REJECTED (output too short) — output not persisted to queue
  ARX REFUTABILITY: VALIDATOR REJECTED (output too short) — output not persisted to queue
  ASPI REFUTABILITY: VALIDATOR REJECTED (output too short) — output not persisted to queue
  SEZL REFUTABILITY: VALIDATOR REJECTED (output too short) — output not persisted to queue
  LASR REFUTABILITY: VALIDATOR REJECTED (output too short) — output not persisted to queue
  TTD REFUTABILITY: VALIDATOR REJECTED (output too short) — output not persisted to queue
  JUNS REFUTABILITY: VALIDATOR REJECTED (output too short) — output not persisted to queue
  NEGG REFUTABILITY: VALIDATOR REJECTED (output too short) — output not persisted to queue
  PHOE REFUTABILITY: VALIDATOR REJECTED (output too short) — output not persisted to queue
  MSC REFUTABILITY: VALIDATOR REJECTED (output too short) — output not persisted to queue
  SERV REFUTABILITY: VALIDATOR REJECTED (output too short) — output not persisted to queue
  OPTU REFUTABILITY: VALIDATOR REJECTED (output too short) — output not persisted to queue
  UXIN REFUTABILITY: VALIDATOR REJECTED (output too short) — output not persisted to queue
  NPWR REFUTABILITY: VALIDATOR REJECTED (output too short) — output not persisted to queue
  TREE REFUTABILITY: VALIDATOR REJECTED (output too short) — output not persisted to queue
  ENRD REFUTABILITY: VALIDATOR REJECTED (output too short) — output not persisted to queue
  KLAR REFUTABILITY: VALIDATOR REJECTED (output too short) — output not persisted to queue
  FULC REFUTABILITY: VALIDATOR REJECTED (output too short) — output not persisted to queue
  METCB REFUTABILITY: VALIDATOR REJECTED (output too short) — output not persisted to queue
  DGXX REFUTABILITY: VALIDATOR REJECTED (output too short) — output not persisted to queue
  BULL REFUTABILITY: VALIDATOR REJECTED (output too short) — output not persisted to queue
  MARA REFUTABILITY: VALIDATOR REJECTED (output too short) — output not persisted to queue
  QNC REFUTABILITY: VALIDATOR REJECTED (output too short) — output not persisted to queue
  BRAI REFUTABILITY: VALIDATOR REJECTED (output too short) — output not persisted to queue
  EVGO REFUTABILITY: VALIDATOR REJECTED (output too short) — output not persisted to queue
  INV REFUTABILITY: VALIDATOR REJECTED (output too short) — output not persisted to queue
  AKBA REFUTABILITY: VALIDATOR REJECTED (output too short) — output not persisted to queue
  GLXY REFUTABILITY: VALIDATOR REJECTED (output too short) — output not persisted to queue
  YSG REFUTABILITY: VALIDATOR REJECTED (output too short) — output not persisted to queue
  STUB REFUTABILITY: VALIDATOR REJECTED (output too short) — output not persisted to queue
  ABR REFUTABILITY: VALIDATOR REJECTED (output too short) — output not persisted to queue
  AIRO REFUTABILITY: VALIDATOR REJECTED (output too short) — output not persisted to queue
  WVE REFUTABILITY: VALIDATOR REJECTED (output too short) — output not persisted to queue
  YB REFUTABILITY: VALIDATOR REJECTED (output too short) — output not persisted to queue
  FVRR REFUTABILITY: VALIDATOR REJECTED (output too short) — output not persisted to queue
  AVXL REFUTABILITY: VALIDATOR REJECTED (output too short) — output not persisted to queue
  PSNY REFUTABILITY: VALIDATOR REJECTED (output too short) — output not persisted to queue
  WDH REFUTABILITY: VALIDATOR REJECTED (output too short) — output not persisted to queue
  WING REFUTABILITY: VALIDATOR REJECTED (output too short) — output not persisted to queue
  MLTX REFUTABILITY: VALIDATOR REJECTED (output too short) — output not persisted to queue
  CSHR REFUTABILITY: VALIDATOR REJECTED (output too short) — output not persisted to queue
  CWH REFUTABILITY: VALIDATOR REJECTED (output too short) — output not persisted to queue
  GOTU REFUTABILITY: VALIDATOR REJECTED (output too short) — output not persisted to queue
  FBYD REFUTABILITY: VALIDATOR REJECTED (output too short) — output not persisted to queue
  SPCE REFUTABILITY: VALIDATOR REJECTED (output too short) — output not persisted to queue
  UAMY REFUTABILITY: VALIDATOR REJECTED (output too short) — output not persisted to queue
  PGY REFUTABILITY: VALIDATOR REJECTED (output too short) — output not persisted to queue
  LUNR REFUTABILITY: VALIDATOR REJECTED (output too short) — output not persisted to queue
  TMS REFUTABILITY: VALIDATOR REJECTED (output too short) — output not persisted to queue
  TME REFUTABILITY: VALIDATOR REJECTED (output too short) — output not persisted to queue
  Z REFUTABILITY: VALIDATOR REJECTED (output too short) — output not persisted to queue
  OXLC REFUTABILITY: VALIDATOR REJECTED (output too short) — output not persisted to queue
  CRML REFUTABILITY: VALIDATOR REJECTED (output too short) — output not persisted to queue
  NMG REFUTABILITY: VALIDATOR REJECTED (output too short) — output not persisted to queue
  CMPX REFUTABILITY: VALIDATOR REJECTED (output too short) — output not persisted to queue
  CMTG REFUTABILITY: VALIDATOR REJECTED (output too short) — output not persisted to queue
  BGSI REFUTABILITY: VALIDATOR REJECTED (output too short) — output not persisted to queue
  BBBY REFUTABILITY: VALIDATOR REJECTED (output too short) — output not persisted to queue
  SBET REFUTABILITY: VALIDATOR REJECTED (output too short) — output not persisted to queue
  ROOT REFUTABILITY: VALIDATOR REJECTED (output too short) — output not persisted to queue
  GBFH REFUTABILITY: VALIDATOR REJECTED (output too short) — output not persisted to queue
  WD REFUTABILITY: VALIDATOR REJECTED (output too short) — output not persisted to queue
  SLI REFUTABILITY: VALIDATOR REJECTED (output too short) — output not persisted to queue
  FISV REFUTABILITY: VALIDATOR REJECTED (output too short) — output not persisted to queue
  HTT REFUTABILITY: VALIDATOR REJECTED (output too short) — output not persisted to queue
  ZG REFUTABILITY: VALIDATOR REJECTED (output too short) — output not persisted to queue
  LYEL REFUTABILITY: VALIDATOR REJECTED (output too short) — output not persisted to queue
  LMB REFUTABILITY: VALIDATOR REJECTED (output too short) — output not persisted to queue
  MSTR REFUTABILITY: VALIDATOR REJECTED (output too short) — output not persisted to queue
  PHR REFUTABILITY: VALIDATOR REJECTED (output too short) — output not persisted to queue
  LRN REFUTABILITY: VALIDATOR REJECTED (output too short) — output not persisted to queue
  OLMA REFUTABILITY: VALIDATOR REJECTED (output too short) — output not persisted to queue
  FLNG TRAP_VERIFY: VALIDATOR REJECTED (output too short) — output not persisted to queue
  PAR TRAP_VERIFY: VALIDATOR REJECTED (output too short) — output not persisted to queue
positions request timed out
account updates for ACCOUNT_ALPHA request timed out
/Users/ajay/Library/Python/3.9/lib/python/site-packages/urllib3/__init__.py:35: NotOpenSSLWarning: urllib3 v2 only supports OpenSSL 1.1.1+, currently the 'ssl' module is compiled with 'LibreSSL 2.8.3'. See: https://github.com/urllib3/urllib3/issues/3020
  warnings.warn(
positions request timed out
account updates for ACCOUNT_ALPHA request timed out
positions request timed out
account updates for ACCOUNT_ALPHA request timed out
positions request timed out
account updates for ACCOUNT_ALPHA request timed out
positions request timed out
account updates for ACCOUNT_ALPHA request timed out
positions request timed out
account updates for ACCOUNT_ALPHA request timed out
positions request timed out
account updates for ACCOUNT_ALPHA request timed out
positions request timed out
account updates for ACCOUNT_ALPHA request timed out
positions request timed out
account updates for ACCOUNT_ALPHA request timed out
positions request timed out
account updates for ACCOUNT_ALPHA request timed out
MFI: No earnings dates found, symbol may be delisted
positions request timed out
account updates for ACCOUNT_ALPHA request timed out
positions request timed out
account updates for ACCOUNT_ALPHA request timed out
positions request timed out
account updates for ACCOUNT_ALPHA request timed out
positions request timed out
account updates for ACCOUNT_ALPHA request timed out
positions request timed out
account updates for ACCOUNT_ALPHA request timed out
positions request timed out
account updates for ACCOUNT_ALPHA request timed out
positions request timed out
account updates for ACCOUNT_ALPHA request timed out
positions request timed out
account updates for ACCOUNT_ALPHA request timed out
positions request timed out
account updates for ACCOUNT_ALPHA request timed out
positions request timed out
account updates for ACCOUNT_ALPHA request timed out
PHOE: No earnings dates found, symbol may be delisted
positions request timed out
account updates for ACCOUNT_ALPHA request timed out
positions request timed out
account updates for ACCOUNT_ALPHA request timed out
positions request timed out
account updates for ACCOUNT_ALPHA request timed out
positions request timed out
account updates for ACCOUNT_ALPHA request timed out
positions request timed out
account updates for ACCOUNT_ALPHA request timed out
positions request timed out
account updates for ACCOUNT_ALPHA request timed out
positions request timed out
account updates for ACCOUNT_ALPHA request timed out
positions request timed out
account updates for ACCOUNT_ALPHA request timed out
positions request timed out
account updates for ACCOUNT_ALPHA request timed out
positions request timed out
account updates for ACCOUNT_ALPHA request timed out
METCB: No earnings dates found, symbol may be delisted
positions request timed out
account updates for ACCOUNT_ALPHA request timed out
positions request timed out
account updates for ACCOUNT_ALPHA request timed out
positions request timed out
account updates for ACCOUNT_ALPHA request timed out
positions request timed out
account updates for ACCOUNT_ALPHA request timed out
positions request timed out
account updates for ACCOUNT_ALPHA request timed out
BRAI: No earnings dates found, symbol may be delisted
positions request timed out
account updates for ACCOUNT_ALPHA request timed out
positions request timed out
account updates for ACCOUNT_ALPHA request timed out
positions request timed out
account updates for ACCOUNT_ALPHA request timed out
positions request timed out
account updates for ACCOUNT_ALPHA request timed out
positions request timed out
account updates for ACCOUNT_ALPHA request timed out
positions request timed out
account updates for ACCOUNT_ALPHA request timed out
positions request timed out
account updates for ACCOUNT_ALPHA request timed out
positions request timed out
account updates for ACCOUNT_ALPHA request timed out
positions request timed out
account updates for ACCOUNT_ALPHA request timed out
positions request timed out
account updates for ACCOUNT_ALPHA request timed out
positions request timed out
account updates for ACCOUNT_ALPHA request timed out
positions request timed out
account updates for ACCOUNT_ALPHA request timed out
positions request timed out
account updates for ACCOUNT_ALPHA request timed out
positions request timed out
account updates for ACCOUNT_ALPHA request timed out
positions request timed out
account updates for ACCOUNT_ALPHA request timed out
positions request timed out
account updates for ACCOUNT_ALPHA request timed out
positions request timed out
account updates for ACCOUNT_ALPHA request timed out
positions request timed out
account updates for ACCOUNT_ALPHA request timed out
positions request timed out
account updates for ACCOUNT_ALPHA request timed out
positions request timed out
account updates for ACCOUNT_ALPHA request timed out
positions request timed out
account updates for ACCOUNT_ALPHA request timed out
positions request timed out
account updates for ACCOUNT_ALPHA request timed out
positions request timed out
account updates for ACCOUNT_ALPHA request timed out
positions request timed out
account updates for ACCOUNT_ALPHA request timed out
positions request timed out
account updates for ACCOUNT_ALPHA request timed out
positions request timed out
account updates for ACCOUNT_ALPHA request timed out
positions request timed out
account updates for ACCOUNT_ALPHA request timed out
positions request timed out
account updates for ACCOUNT_ALPHA request timed out
positions request timed out
account updates for ACCOUNT_ALPHA request timed out
CRML: No earnings dates found, symbol may be delisted
positions request timed out
account updates for ACCOUNT_ALPHA request timed out
positions request timed out
account updates for ACCOUNT_ALPHA request timed out
positions request timed out
account updates for ACCOUNT_ALPHA request timed out
positions request timed out
account updates for ACCOUNT_ALPHA request timed out
positions request timed out
account updates for ACCOUNT_ALPHA request timed out
positions request timed out
account updates for ACCOUNT_ALPHA request timed out
positions request timed out
account updates for ACCOUNT_ALPHA request timed out
positions request timed out
account updates for ACCOUNT_ALPHA request timed out
positions request timed out
account updates for ACCOUNT_ALPHA request timed out
positions request timed out
account updates for ACCOUNT_ALPHA request timed out
positions request timed out
account updates for ACCOUNT_ALPHA request timed out
positions request timed out
account updates for ACCOUNT_ALPHA request timed out
positions request timed out
account updates for ACCOUNT_ALPHA request timed out
positions request timed out
account updates for ACCOUNT_ALPHA request timed out
positions request timed out
account updates for ACCOUNT_ALPHA request timed out
positions request timed out
account updates for ACCOUNT_ALPHA request timed out
positions request timed out
account updates for ACCOUNT_ALPHA request timed out
positions request timed out
account updates for ACCOUNT_ALPHA request timed out
positions request timed out
account updates for ACCOUNT_ALPHA request timed out
positions request timed out
account updates for ACCOUNT_ALPHA request timed out
positions request timed out
account updates for ACCOUNT_ALPHA request timed out
[court_runner] 2026-08-09T04:59:04Z
  BTDR COURT_BLUE: VALIDATOR REJECTED (output too short) — output not persisted to queue
  TDUP COURT_BLUE: VALIDATOR REJECTED (output too short) — output not persisted to queue
  FMC COURT_RED: VALIDATOR REJECTED (output too short) — output not persisted to queue
  ENHA REFUTABILITY: VALIDATOR REJECTED (output too short) — output not persisted to queue
  NKLR REFUTABILITY: VALIDATOR REJECTED (output too short) — output not persisted to queue
  UPB REFUTABILITY: VALIDATOR REJECTED (output too short) — output not persisted to queue
  UPST REFUTABILITY: VALIDATOR REJECTED (output too short) — output not persisted to queue
  EH REFUTABILITY: VALIDATOR REJECTED (output too short) — output not persisted to queue
  PSIX REFUTABILITY: VALIDATOR REJECTED (output too short) — output not persisted to queue
  MFI REFUTABILITY: VALIDATOR REJECTED (output too short) — output not persisted to queue
  LCID REFUTABILITY: VALIDATOR REJECTED (output too short) — output not persisted to queue
  GOGO REFUTABILITY: VALIDATOR REJECTED (output too short) — output not persisted to queue
  ARX REFUTABILITY: VALIDATOR REJECTED (output too short) — output not persisted to queue
  ASPI REFUTABILITY: VALIDATOR REJECTED (output too short) — output not persisted to queue
  SEZL REFUTABILITY: VALIDATOR REJECTED (output too short) — output not persisted to queue
  LASR REFUTABILITY: VALIDATOR REJECTED (output too short) — output not persisted to queue
  TTD REFUTABILITY: VALIDATOR REJECTED (output too short) — output not persisted to queue
  JUNS REFUTABILITY: VALIDATOR REJECTED (output too short) — output not persisted to queue
  NEGG REFUTABILITY: VALIDATOR REJECTED (output too short) — output not persisted to queue
  PHOE REFUTABILITY: VALIDATOR REJECTED (output too short) — output not persisted to queue
  MSC REFUTABILITY: VALIDATOR REJECTED (output too short) — output not persisted to queue
  SERV REFUTABILITY: VALIDATOR REJECTED (output too short) — output not persisted to queue
  OPTU REFUTABILITY: VALIDATOR REJECTED (output too short) — output not persisted to queue
  UXIN REFUTABILITY: VALIDATOR REJECTED (output too short) — output not persisted to queue
  NPWR REFUTABILITY: VALIDATOR REJECTED (output too short) — output not persisted to queue
  TREE REFUTABILITY: VALIDATOR REJECTED (output too short) — output not persisted to queue
  ENRD REFUTABILITY: VALIDATOR REJECTED (output too short) — output not persisted to queue
  KLAR REFUTABILITY: VALIDATOR REJECTED (output too short) — output not persisted to queue
  FULC REFUTABILITY: VALIDATOR REJECTED (output too short) — output not persisted to queue
  METCB REFUTABILITY: VALIDATOR REJECTED (output too short) — output not persisted to queue
  DGXX REFUTABILITY: VALIDATOR REJECTED (output too short) — output not persisted to queue
  BULL REFUTABILITY: VALIDATOR REJECTED (output too short) — output not persisted to queue
  MARA REFUTABILITY: VALIDATOR REJECTED (output too short) — output not persisted to queue
  QNC REFUTABILITY: VALIDATOR REJECTED (output too short) — output not persisted to queue
  BRAI REFUTABILITY: VALIDATOR REJECTED (output too short) — output not persisted to queue
  EVGO REFUTABILITY: VALIDATOR REJECTED (output too short) — output not persisted to queue
  INV REFUTABILITY: VALIDATOR REJECTED (output too short) — output not persisted to queue
  AKBA REFUTABILITY: VALIDATOR REJECTED (output too short) — output not persisted to queue
  GLXY REFUTABILITY: VALIDATOR REJECTED (output too short) — output not persisted to queue
  YSG REFUTABILITY: VALIDATOR REJECTED (output too short) — output not persisted to queue
  STUB REFUTABILITY: VALIDATOR REJECTED (output too short) — output not persisted to queue
  ABR REFUTABILITY: VALIDATOR REJECTED (output too short) — output not persisted to queue
  AIRO REFUTABILITY: VALIDATOR REJECTED (output too short) — output not persisted to queue
  WVE REFUTABILITY: VALIDATOR REJECTED (output too short) — output not persisted to queue
  YB REFUTABILITY: VALIDATOR REJECTED (output too short) — output not persisted to queue
  FVRR REFUTABILITY: VALIDATOR REJECTED (output too short) — output not persisted to queue
  AVXL REFUTABILITY: VALIDATOR REJECTED (output too short) — output not persisted to queue
  PSNY REFUTABILITY: VALIDATOR REJECTED (output too short) — output not persisted to queue
  WDH REFUTABILITY: VALIDATOR REJECTED (output too short) — output not persisted to queue
  WING REFUTABILITY: VALIDATOR REJECTED (output too short) — output not persisted to queue
  MLTX REFUTABILITY: VALIDATOR REJECTED (output too short) — output not persisted to queue
  CSHR REFUTABILITY: VALIDATOR REJECTED (output too short) — output not persisted to queue
  CWH REFUTABILITY: VALIDATOR REJECTED (output too short) — output not persisted to queue
  GOTU REFUTABILITY: VALIDATOR REJECTED (output too short) — output not persisted to queue
  FBYD REFUTABILITY: VALIDATOR REJECTED (output too short) — output not persisted to queue
  SPCE REFUTABILITY: VALIDATOR REJECTED (output too short) — output not persisted to queue
  UAMY REFUTABILITY: VALIDATOR REJECTED (output too short) — output not persisted to queue
  PGY REFUTABILITY: VALIDATOR REJECTED (output too short) — output not persisted to queue
  LUNR REFUTABILITY: VALIDATOR REJECTED (output too short) — output not persisted to queue
  TMS REFUTABILITY: VALIDATOR REJECTED (output too short) — output not persisted to queue
  TME REFUTABILITY: VALIDATOR REJECTED (output too short) — output not persisted to queue
  Z REFUTABILITY: VALIDATOR REJECTED (output too short) — output not persisted to queue
  OXLC REFUTABILITY: VALIDATOR REJECTED (output too short) — output not persisted to queue
  CRML REFUTABILITY: VALIDATOR REJECTED (output too short) — output not persisted to queue
  NMG REFUTABILITY: VALIDATOR REJECTED (output too short) — output not persisted to queue
  CMPX REFUTABILITY: VALIDATOR REJECTED (output too short) — output not persisted to queue
  CMTG REFUTABILITY: VALIDATOR REJECTED (output too short) — output not persisted to queue
  BGSI REFUTABILITY: VALIDATOR REJECTED (output too short) — output not persisted to queue
  BBBY REFUTABILITY: VALIDATOR REJECTED (output too short) — output not persisted to queue
  SBET REFUTABILITY: VALIDATOR REJECTED (output too short) — output not persisted to queue
  ROOT REFUTABILITY: VALIDATOR REJECTED (output too short) — output not persisted to queue
  GBFH REFUTABILITY: VALIDATOR REJECTED (output too short) — output not persisted to queue
  WD REFUTABILITY: VALIDATOR REJECTED (output too short) — output not persisted to queue
  SLI REFUTABILITY: VALIDATOR REJECTED (output too short) — output not persisted to queue
  FISV REFUTABILITY: VALIDATOR REJECTED (output too short) — output not persisted to queue
  HTT REFUTABILITY: VALIDATOR REJECTED (output too short) — output not persisted to queue
  ZG REFUTABILITY: VALIDATOR REJECTED (output too short) — output not persisted to queue
  LYEL REFUTABILITY: VALIDATOR REJECTED (output too short) — output not persisted to queue
  LMB REFUTABILITY: VALIDATOR REJECTED (output too short) — output not persisted to queue
  MSTR REFUTABILITY: VALIDATOR REJECTED (output too short) — output not persisted to queue
  PHR REFUTABILITY: VALIDATOR REJECTED (output too short) — output not persisted to queue
  LRN REFUTABILITY: VALIDATOR REJECTED (output too short) — output not persisted to queue
  OLMA REFUTABILITY: VALIDATOR REJECTED (output too short) — output not persisted to queue
  FLNG TRAP_VERIFY: VALIDATOR REJECTED (output too short) — output not persisted to queue
  PAR TRAP_VERIFY: VALIDATOR REJECTED (output too short) — output not persisted to queue
positions request timed out
account updates for ACCOUNT_ALPHA request timed out
/Users/ajay/Library/Python/3.9/lib/python/site-packages/urllib3/__init__.py:35: NotOpenSSLWarning: urllib3 v2 only supports OpenSSL 1.1.1+, currently the 'ssl' module is compiled with 'LibreSSL 2.8.3'. See: https://github.com/urllib3/urllib3/issues/3020
  warnings.warn(
positions request timed out
account updates for ACCOUNT_ALPHA request timed out
positions request timed out
account updates for ACCOUNT_ALPHA request timed out
positions request timed out
account updates for ACCOUNT_ALPHA request timed out
positions request timed out
account updates for ACCOUNT_ALPHA request timed out
positions request timed out
account updates for ACCOUNT_ALPHA request timed out
positions request timed out
account updates for ACCOUNT_ALPHA request timed out
positions request timed out
account updates for ACCOUNT_ALPHA request timed out
positions request timed out
account updates for ACCOUNT_ALPHA request timed out
positions request timed out
account updates for ACCOUNT_ALPHA request timed out
MFI: No earnings dates found, symbol may be delisted
positions request timed out
account updates for ACCOUNT_ALPHA request timed out
positions request timed out
account updates for ACCOUNT_ALPHA request timed out
positions request timed out
account updates for ACCOUNT_ALPHA request timed out
positions request timed out
account updates for ACCOUNT_ALPHA request timed out
positions request timed out
account updates for ACCOUNT_ALPHA request timed out
positions request timed out
account updates for ACCOUNT_ALPHA request timed out
positions request timed out
account updates for ACCOUNT_ALPHA request timed out
positions request timed out
account updates for ACCOUNT_ALPHA request timed out
positions request timed out
account updates for ACCOUNT_ALPHA request timed out
positions request timed out
account updates for ACCOUNT_ALPHA request timed out
PHOE: No earnings dates found, symbol may be delisted
positions request timed out
account updates for ACCOUNT_ALPHA request timed out
positions request timed out
account updates for ACCOUNT_ALPHA request timed out
positions request timed out
account updates for ACCOUNT_ALPHA request timed out
positions request timed out
account updates for ACCOUNT_ALPHA request timed out
positions request timed out
account updates for ACCOUNT_ALPHA request timed out
positions request timed out
account updates for ACCOUNT_ALPHA request timed out
positions request timed out
account updates for ACCOUNT_ALPHA request timed out
positions request timed out
account updates for ACCOUNT_ALPHA request timed out
positions request timed out
account updates for ACCOUNT_ALPHA request timed out
positions request timed out
account updates for ACCOUNT_ALPHA request timed out
METCB: No earnings dates found, symbol may be delisted
positions request timed out
account updates for ACCOUNT_ALPHA request timed out
positions request timed out
account updates for ACCOUNT_ALPHA request timed out
positions request timed out
account updates for ACCOUNT_ALPHA request timed out
positions request timed out
account updates for ACCOUNT_ALPHA request timed out
positions request timed out
account updates for ACCOUNT_ALPHA request timed out
BRAI: No earnings dates found, symbol may be delisted
positions request timed out
account updates for ACCOUNT_ALPHA request timed out
positions request timed out
account updates for ACCOUNT_ALPHA request timed out
positions request timed out
account updates for ACCOUNT_ALPHA request timed out
positions request timed out
account updates for ACCOUNT_ALPHA request timed out
positions request timed out
account updates for ACCOUNT_ALPHA request timed out
positions request timed out
account updates for ACCOUNT_ALPHA request timed out
positions request timed out
account updates for ACCOUNT_ALPHA request timed out
positions request timed out
account updates for ACCOUNT_ALPHA request timed out
positions request timed out
account updates for ACCOUNT_ALPHA request timed out
positions request timed out
account updates for ACCOUNT_ALPHA request timed out
positions request timed out
account updates for ACCOUNT_ALPHA request timed out
positions request timed out
account updates for ACCOUNT_ALPHA request timed out
positions request timed out
account updates for ACCOUNT_ALPHA request timed out
positions request timed out
account updates for ACCOUNT_ALPHA request timed out
positions request timed out
account updates for ACCOUNT_ALPHA request timed out
positions request timed out
account updates for ACCOUNT_ALPHA request timed out
positions request timed out
account updates for ACCOUNT_ALPHA request timed out
positions request timed out
account updates for ACCOUNT_ALPHA request timed out
positions request timed out
account updates for ACCOUNT_ALPHA request timed out
positions request timed out
account updates for ACCOUNT_ALPHA request timed out
positions request timed out
account updates for ACCOUNT_ALPHA request timed out
positions request timed out
account updates for ACCOUNT_ALPHA request timed out
positions request timed out
account updates for ACCOUNT_ALPHA request timed out
positions request timed out
account updates for ACCOUNT_ALPHA request timed out
positions request timed out
account updates for ACCOUNT_ALPHA request timed out
positions request timed out
account updates for ACCOUNT_ALPHA request timed out
positions request timed out
account updates for ACCOUNT_ALPHA request timed out
positions request timed out
account updates for ACCOUNT_ALPHA request timed out
positions request timed out
account updates for ACCOUNT_ALPHA request timed out
CRML: No earnings dates found, symbol may be delisted
positions request timed out
account updates for ACCOUNT_ALPHA request timed out
positions request timed out
account updates for ACCOUNT_ALPHA request timed out
positions request timed out
account updates for ACCOUNT_ALPHA request timed out
positions request timed out
account updates for ACCOUNT_ALPHA request timed out
[court_runner] 2026-08-09T06:53:10Z
  BTDR COURT_BLUE: VALIDATOR REJECTED (output too short) — output not persisted to queue
  TDUP COURT_BLUE: VALIDATOR REJECTED (output too short) — output not persisted to queue
  FMC COURT_RED: VALIDATOR REJECTED (output too short) — output not persisted to queue
  ENHA REFUTABILITY: VALIDATOR REJECTED (output too short) — output not persisted to queue
  NKLR REFUTABILITY: VALIDATOR REJECTED (output too short) — output not persisted to queue
  UPB REFUTABILITY: VALIDATOR REJECTED (output too short) — output not persisted to queue
  UPST REFUTABILITY: VALIDATOR REJECTED (output too short) — output not persisted to queue
  EH REFUTABILITY: VALIDATOR REJECTED (output too short) — output not persisted to queue
  PSIX REFUTABILITY: VALIDATOR REJECTED (output too short) — output not persisted to queue
  MFI REFUTABILITY: VALIDATOR REJECTED (output too short) — output not persisted to queue
  LCID REFUTABILITY: VALIDATOR REJECTED (output too short) — output not persisted to queue
  GOGO REFUTABILITY: VALIDATOR REJECTED (output too short) — output not persisted to queue
  ARX REFUTABILITY: VALIDATOR REJECTED (output too short) — output not persisted to queue
  ASPI REFUTABILITY: VALIDATOR REJECTED (output too short) — output not persisted to queue
  SEZL REFUTABILITY: VALIDATOR REJECTED (output too short) — output not persisted to queue
  LASR REFUTABILITY: VALIDATOR REJECTED (output too short) — output not persisted to queue
  TTD REFUTABILITY: VALIDATOR REJECTED (output too short) — output not persisted to queue
  JUNS REFUTABILITY: VALIDATOR REJECTED (output too short) — output not persisted to queue
  NEGG REFUTABILITY: VALIDATOR REJECTED (output too short) — output not persisted to queue
  PHOE REFUTABILITY: VALIDATOR REJECTED (output too short) — output not persisted to queue
  MSC REFUTABILITY: VALIDATOR REJECTED (output too short) — output not persisted to queue
  SERV REFUTABILITY: VALIDATOR REJECTED (output too short) — output not persisted to queue
  OPTU REFUTABILITY: VALIDATOR REJECTED (output too short) — output not persisted to queue
  UXIN REFUTABILITY: VALIDATOR REJECTED (output too short) — output not persisted to queue
  NPWR REFUTABILITY: VALIDATOR REJECTED (output too short) — output not persisted to queue
  TREE REFUTABILITY: VALIDATOR REJECTED (output too short) — output not persisted to queue
  ENRD REFUTABILITY: VALIDATOR REJECTED (output too short) — output not persisted to queue
  KLAR REFUTABILITY: VALIDATOR REJECTED (output too short) — output not persisted to queue
  FULC REFUTABILITY: VALIDATOR REJECTED (output too short) — output not persisted to queue
  METCB REFUTABILITY: VALIDATOR REJECTED (output too short) — output not persisted to queue
  DGXX REFUTABILITY: VALIDATOR REJECTED (output too short) — output not persisted to queue
  BULL REFUTABILITY: VALIDATOR REJECTED (output too short) — output not persisted to queue
  MARA REFUTABILITY: VALIDATOR REJECTED (output too short) — output not persisted to queue
  QNC REFUTABILITY: VALIDATOR REJECTED (output too short) — output not persisted to queue
  BRAI REFUTABILITY: VALIDATOR REJECTED (output too short) — output not persisted to queue
  EVGO REFUTABILITY: VALIDATOR REJECTED (output too short) — output not persisted to queue
  INV REFUTABILITY: VALIDATOR REJECTED (output too short) — output not persisted to queue
  AKBA REFUTABILITY: VALIDATOR REJECTED (output too short) — output not persisted to queue
  GLXY REFUTABILITY: VALIDATOR REJECTED (output too short) — output not persisted to queue
  YSG REFUTABILITY: VALIDATOR REJECTED (output too short) — output not persisted to queue
  STUB REFUTABILITY: VALIDATOR REJECTED (output too short) — output not persisted to queue
  ABR REFUTABILITY: VALIDATOR REJECTED (output too short) — output not persisted to queue
  AIRO REFUTABILITY: VALIDATOR REJECTED (output too short) — output not persisted to queue
  WVE REFUTABILITY: VALIDATOR REJECTED (output too short) — output not persisted to queue
  YB REFUTABILITY: VALIDATOR REJECTED (output too short) — output not persisted to queue
  FVRR REFUTABILITY: VALIDATOR REJECTED (output too short) — output not persisted to queue
  AVXL REFUTABILITY: VALIDATOR REJECTED (output too short) — output not persisted to queue
  PSNY REFUTABILITY: VALIDATOR REJECTED (output too short) — output not persisted to queue
  WDH REFUTABILITY: VALIDATOR REJECTED (output too short) — output not persisted to queue
  WING REFUTABILITY: VALIDATOR REJECTED (output too short) — output not persisted to queue
  MLTX REFUTABILITY: VALIDATOR REJECTED (output too short) — output not persisted to queue
  CSHR REFUTABILITY: VALIDATOR REJECTED (output too short) — output not persisted to queue
  CWH REFUTABILITY: VALIDATOR REJECTED (output too short) — output not persisted to queue
  GOTU REFUTABILITY: VALIDATOR REJECTED (output too short) — output not persisted to queue
  FBYD REFUTABILITY: VALIDATOR REJECTED (output too short) — output not persisted to queue
  SPCE REFUTABILITY: VALIDATOR REJECTED (output too short) — output not persisted to queue
  UAMY REFUTABILITY: VALIDATOR REJECTED (output too short) — output not persisted to queue
  PGY REFUTABILITY: VALIDATOR REJECTED (output too short) — output not persisted to queue
  LUNR REFUTABILITY: VALIDATOR REJECTED (output too short) — output not persisted to queue
  TMS REFUTABILITY: VALIDATOR REJECTED (output too short) — output not persisted to queue
  TME REFUTABILITY: VALIDATOR REJECTED (output too short) — output not persisted to queue
  Z REFUTABILITY: VALIDATOR REJECTED (output too short) — output not persisted to queue
  OXLC REFUTABILITY: VALIDATOR REJECTED (output too short) — output not persisted to queue
  CRML REFUTABILITY: VALIDATOR REJECTED (output too short) — output not persisted to queue
  NMG REFUTABILITY -> COURT_RED (NMG_REFUTABILITY_202608090637.md)
  CMPX REFUTABILITY -> COURT_RED (CMPX_REFUTABILITY_202608090643.md)
  CMTG REFUTABILITY -> COURT_RED (CMTG_REFUTABILITY_202608090647.md)
  BGSI REFUTABILITY -> COURT_RED (BGSI_REFUTABILITY_202608090653.md)
positions request timed out
account updates for ACCOUNT_ALPHA request timed out
/Users/ajay/Library/Python/3.9/lib/python/site-packages/urllib3/__init__.py:35: NotOpenSSLWarning: urllib3 v2 only supports OpenSSL 1.1.1+, currently the 'ssl' module is compiled with 'LibreSSL 2.8.3'. See: https://github.com/urllib3/urllib3/issues/3020
  warnings.warn(
positions request timed out
account updates for ACCOUNT_ALPHA request timed out
positions request timed out
account updates for ACCOUNT_ALPHA request timed out
positions request timed out
account updates for ACCOUNT_ALPHA request timed out
positions request timed out
account updates for ACCOUNT_ALPHA request timed out
positions request timed out
account updates for ACCOUNT_ALPHA request timed out
positions request timed out
account updates for ACCOUNT_ALPHA request timed out
[deck_writer] BTDR: deck emailed (BTDR_PITCH_DECK_20260809.pdf)
[deck_writer] TDUP: deck emailed (TDUP_PITCH_DECK_20260809.pdf)
[deck_writer] FMC: deck emailed (FMC_PITCH_DECK_20260809.pdf)
[court_runner] 2026-08-09T16:48:36Z
  BTDR COURT_BLUE -> ADJUDICATE (BTDR_COURT_BLUE_202608090828.md)
  TDUP COURT_BLUE -> ADJUDICATE (TDUP_COURT_BLUE_202608090835.md)
  FMC COURT_BLUE: 1 kg_candidate(s) harvested
  FMC COURT_BLUE -> ADJUDICATE (FMC_COURT_BLUE_202608091641.md)
  UPB COURT_RED: 1 kg_candidate(s) harvested
  UPB COURT_RED -> COURT_BLUE (UPB_COURT_RED_202608091648.md)
  AWAITING ADJUDICATION (session job — pitch doc + verdict + wiring): ['BTDR', 'TDUP', 'FMC']
positions request timed out
account updates for ACCOUNT_ALPHA request timed out
/Users/ajay/Library/Python/3.9/lib/python/site-packages/urllib3/__init__.py:35: NotOpenSSLWarning: urllib3 v2 only supports OpenSSL 1.1.1+, currently the 'ssl' module is compiled with 'LibreSSL 2.8.3'. See: https://github.com/urllib3/urllib3/issues/3020
  warnings.warn(
positions request timed out
account updates for ACCOUNT_ALPHA request timed out
positions request timed out
account updates for ACCOUNT_ALPHA request timed out
positions request timed out
account updates for ACCOUNT_ALPHA request timed out
positions request timed out
account updates for ACCOUNT_ALPHA request timed out
positions request timed out
account updates for ACCOUNT_ALPHA request timed out
[court_runner] 2026-08-09T18:14:29Z
  UPB COURT_BLUE: VALIDATOR REJECTED (no DETECTORS CONSULTED section (R1.11 — every dispatch-matched atlas entry needs a FIRED/NOT-FIRED/UNCHECKABLE disposition)) — output not persisted to queue
  UPST COURT_RED: 1 kg_candidate(s) harvested
  UPST COURT_RED -> COURT_BLUE (UPST_COURT_RED_202608091755.md)
  NMG COURT_RED: 1 kg_candidate(s) harvested
  NMG COURT_RED -> COURT_BLUE (NMG_COURT_RED_202608091800.md)
  CMPX COURT_RED: 1 kg_candidate(s) harvested
  CMPX COURT_RED -> COURT_BLUE (CMPX_COURT_RED_202608091805.md)
  CMTG COURT_RED: VALIDATOR REJECTED (no primary citation (http) anywhere in the output) — output not persisted to queue
  BGSI COURT_RED: 2 kg_candidate(s) harvested
  BGSI COURT_RED -> COURT_BLUE (BGSI_COURT_RED_202608091814.md)
  AWAITING ADJUDICATION (session job — pitch doc + verdict + wiring): ['BTDR', 'TDUP', 'FMC']
positions request timed out
account updates for ACCOUNT_ALPHA request timed out
/Users/ajay/Library/Python/3.9/lib/python/site-packages/urllib3/__init__.py:35: NotOpenSSLWarning: urllib3 v2 only supports OpenSSL 1.1.1+, currently the 'ssl' module is compiled with 'LibreSSL 2.8.3'. See: https://github.com/urllib3/urllib3/issues/3020
  warnings.warn(
positions request timed out
account updates for ACCOUNT_ALPHA request timed out
positions request timed out
account updates for ACCOUNT_ALPHA request timed out
positions request timed out
account updates for ACCOUNT_ALPHA request timed out
positions request timed out
account updates for ACCOUNT_ALPHA request timed out
positions request timed out
account updates for ACCOUNT_ALPHA request timed out
positions request timed out
account updates for ACCOUNT_ALPHA request timed out
positions request timed out
account updates for ACCOUNT_ALPHA request timed out
positions request timed out
account updates for ACCOUNT_ALPHA request timed out
[deck_writer] UPB: deck emailed (UPB_PITCH_DECK_20260809.pdf)
[deck_writer] UPST: deck emailed (UPST_PITCH_DECK_20260809.pdf)
[deck_writer] CMPX: deck emailed (CMPX_PITCH_DECK_20260809.pdf)
[deck_writer] BGSI: deck emailed (BGSI_PITCH_DECK_20260809.pdf)
[court_runner] 2026-08-09T19:41:36Z
  UPB COURT_BLUE -> ADJUDICATE (UPB_COURT_BLUE_202608091917.md)
  UPST COURT_BLUE -> ADJUDICATE (UPST_COURT_BLUE_202608091923.md)
  NMG COURT_BLUE: VALIDATOR REJECTED (no DETECTORS CONSULTED section (R1.11 — every dispatch-matched atlas entry needs a FIRED/NOT-FIRED/UNCHECKABLE disposition)) — output not persisted to queue
  CMPX COURT_BLUE -> ADJUDICATE (CMPX_COURT_BLUE_202608091933.md)
  BGSI COURT_BLUE: 1 kg_candidate(s) harvested
  BGSI COURT_BLUE -> ADJUDICATE (BGSI_COURT_BLUE_202608091939.md)
  AWAITING ADJUDICATION (session job — pitch doc + verdict + wiring): ['BTDR', 'TDUP', 'FMC', 'UPB', 'UPST', 'CMPX', 'BGSI']
positions request timed out
account updates for ACCOUNT_ALPHA request timed out
/Users/ajay/Library/Python/3.9/lib/python/site-packages/urllib3/__init__.py:35: NotOpenSSLWarning: urllib3 v2 only supports OpenSSL 1.1.1+, currently the 'ssl' module is compiled with 'LibreSSL 2.8.3'. See: https://github.com/urllib3/urllib3/issues/3020
  warnings.warn(
positions request timed out
account updates for ACCOUNT_ALPHA request timed out
positions request timed out
account updates for ACCOUNT_ALPHA request timed out
positions request timed out
account updates for ACCOUNT_ALPHA request timed out
positions request timed out
account updates for ACCOUNT_ALPHA request timed out
[deck_writer] NMG: deck emailed (NMG_PITCH_DECK_20260809.pdf)
[court_runner] 2026-08-09T21:04:32Z
  NMG COURT_BLUE: 1 kg_candidate(s) harvested
  NMG COURT_BLUE -> ADJUDICATE (NMG_COURT_BLUE_202608092044.md)
  CMTG COURT_RED: 2 kg_candidate(s) harvested
  CMTG COURT_RED -> COURT_BLUE (CMTG_COURT_RED_202608092052.md)
  NKLR REFUTABILITY -> KILLED (NKLR_REFUTABILITY_202608092057.md)
  EH REFUTABILITY -> KILLED (EH_REFUTABILITY_202608092104.md)
  AWAITING ADJUDICATION (session job — pitch doc + verdict + wiring): ['BTDR', 'TDUP', 'FMC', 'UPB', 'UPST', 'NMG', 'CMPX', 'BGSI']
positions request timed out
account updates for ACCOUNT_ALPHA request timed out
/Users/ajay/Library/Python/3.9/lib/python/site-packages/urllib3/__init__.py:35: NotOpenSSLWarning: urllib3 v2 only supports OpenSSL 1.1.1+, currently the 'ssl' module is compiled with 'LibreSSL 2.8.3'. See: https://github.com/urllib3/urllib3/issues/3020
  warnings.warn(
positions request timed out
account updates for ACCOUNT_ALPHA request timed out
positions request timed out
account updates for ACCOUNT_ALPHA request timed out
positions request timed out
account updates for ACCOUNT_ALPHA request timed out
MFI: No earnings dates found, symbol may be delisted
positions request timed out
account updates for ACCOUNT_ALPHA request timed out
[deck_writer] CMTG: deck emailed (CMTG_PITCH_DECK_20260809.pdf)
[court_runner] 2026-08-09T22:32:35Z
  CMTG COURT_BLUE: 1 kg_candidate(s) harvested
  CMTG COURT_BLUE -> ADJUDICATE (CMTG_COURT_BLUE_202608092209.md)
  PSIX REFUTABILITY -> COURT_RED (PSIX_REFUTABILITY_202608092218.md)
  MFI REFUTABILITY -> KILLED (MFI_REFUTABILITY_202608092227.md)
  LCID REFUTABILITY -> KILLED (LCID_REFUTABILITY_202608092232.md)
  AWAITING ADJUDICATION (session job — pitch doc + verdict + wiring): ['BTDR', 'TDUP', 'FMC', 'UPB', 'UPST', 'NMG', 'CMPX', 'CMTG', 'BGSI']
positions request timed out
account updates for ACCOUNT_ALPHA request timed out
/Users/ajay/Library/Python/3.9/lib/python/site-packages/urllib3/__init__.py:35: NotOpenSSLWarning: urllib3 v2 only supports OpenSSL 1.1.1+, currently the 'ssl' module is compiled with 'LibreSSL 2.8.3'. See: https://github.com/urllib3/urllib3/issues/3020
  warnings.warn(
positions request timed out
account updates for ACCOUNT_ALPHA request timed out
positions request timed out
account updates for ACCOUNT_ALPHA request timed out
positions request timed out
account updates for ACCOUNT_ALPHA request timed out
[court_runner] 2026-08-09T23:59:38Z
  PSIX COURT_RED: 1 kg_candidate(s) harvested
  PSIX COURT_RED -> COURT_BLUE (PSIX_COURT_RED_202608092338.md)
  GOGO REFUTABILITY -> COURT_RED (GOGO_REFUTABILITY_202608092344.md)
  ARX REFUTABILITY -> COURT_RED (ARX_REFUTABILITY_202608092352.md)
  ASPI REFUTABILITY -> COURT_RED (ASPI_REFUTABILITY_202608092359.md)
  AWAITING ADJUDICATION (session job — pitch doc + verdict + wiring): ['BTDR', 'TDUP', 'FMC', 'UPB', 'UPST', 'NMG', 'CMPX', 'CMTG', 'BGSI']
positions request timed out
account updates for ACCOUNT_ALPHA request timed out
/Users/ajay/Library/Python/3.9/lib/python/site-packages/urllib3/__init__.py:35: NotOpenSSLWarning: urllib3 v2 only supports OpenSSL 1.1.1+, currently the 'ssl' module is compiled with 'LibreSSL 2.8.3'. See: https://github.com/urllib3/urllib3/issues/3020
  warnings.warn(
positions request timed out
account updates for ACCOUNT_ALPHA request timed out
positions request timed out
account updates for ACCOUNT_ALPHA request timed out
positions request timed out
account updates for ACCOUNT_ALPHA request timed out
positions request timed out
account updates for ACCOUNT_ALPHA request timed out
[deck_writer] PSIX: deck emailed (PSIX_PITCH_DECK_20260809.pdf)
[court_runner] 2026-08-10T01:18:51Z
  PSIX COURT_BLUE -> ADJUDICATE (PSIX_COURT_BLUE_202608100102.md)
  GOGO COURT_RED: 1 kg_candidate(s) harvested
  GOGO COURT_RED -> COURT_BLUE (GOGO_COURT_RED_202608100109.md)
  ARX COURT_RED: 1 kg_candidate(s) harvested
  ARX COURT_RED -> COURT_BLUE (ARX_COURT_RED_202608100113.md)
  ASPI COURT_RED: 1 kg_candidate(s) harvested
  ASPI COURT_RED -> COURT_BLUE (ASPI_COURT_RED_202608100118.md)
  AWAITING ADJUDICATION (session job — pitch doc + verdict + wiring): ['BTDR', 'TDUP', 'FMC', 'UPB', 'UPST', 'PSIX', 'NMG', 'CMPX', 'CMTG', 'BGSI']
positions request timed out
account updates for ACCOUNT_ALPHA request timed out
/Users/ajay/Library/Python/3.9/lib/python/site-packages/urllib3/__init__.py:35: NotOpenSSLWarning: urllib3 v2 only supports OpenSSL 1.1.1+, currently the 'ssl' module is compiled with 'LibreSSL 2.8.3'. See: https://github.com/urllib3/urllib3/issues/3020
  warnings.warn(
positions request timed out
account updates for ACCOUNT_ALPHA request timed out
positions request timed out
account updates for ACCOUNT_ALPHA request timed out
positions request timed out
account updates for ACCOUNT_ALPHA request timed out
positions request timed out
account updates for ACCOUNT_ALPHA request timed out
positions request timed out
account updates for ACCOUNT_ALPHA request timed out
positions request timed out
account updates for ACCOUNT_ALPHA request timed out
[deck_writer] ARX: deck emailed (ARX_PITCH_DECK_20260809.pdf)
[deck_writer] ASPI: deck emailed (ASPI_PITCH_DECK_20260809.pdf)
[court_runner] 2026-08-10T02:44:59Z
  GOGO COURT_BLUE: VALIDATOR REJECTED (no DETECTORS CONSULTED section (R1.11 — every dispatch-matched atlas entry needs a FIRED/NOT-FIRED/UNCHECKABLE disposition)) — output not persisted to queue
  ARX COURT_BLUE: 1 kg_candidate(s) harvested
  ARX COURT_BLUE -> ADJUDICATE (ARX_COURT_BLUE_202608100226.md)
  ASPI COURT_BLUE -> ADJUDICATE (ASPI_COURT_BLUE_202608100232.md)
  SEZL REFUTABILITY -> COURT_RED (SEZL_REFUTABILITY_202608100240.md)
  LASR REFUTABILITY -> COURT_RED (LASR_REFUTABILITY_202608100244.md)
  AWAITING ADJUDICATION (session job — pitch doc + verdict + wiring): ['BTDR', 'TDUP', 'FMC', 'UPB', 'UPST', 'PSIX', 'ARX', 'ASPI', 'NMG', 'CMPX', 'CMTG', 'BGSI']
positions request timed out
account updates for ACCOUNT_ALPHA request timed out
/Users/ajay/Library/Python/3.9/lib/python/site-packages/urllib3/__init__.py:35: NotOpenSSLWarning: urllib3 v2 only supports OpenSSL 1.1.1+, currently the 'ssl' module is compiled with 'LibreSSL 2.8.3'. See: https://github.com/urllib3/urllib3/issues/3020
  warnings.warn(
positions request timed out
account updates for ACCOUNT_ALPHA request timed out
positions request timed out
account updates for ACCOUNT_ALPHA request timed out
positions request timed out
account updates for ACCOUNT_ALPHA request timed out
positions request timed out
account updates for ACCOUNT_ALPHA request timed out
[deck_writer] GOGO: deck emailed (GOGO_PITCH_DECK_20260809.pdf)
[court_runner] 2026-08-10T04:05:13Z
  GOGO COURT_BLUE -> ADJUDICATE (GOGO_COURT_BLUE_202608100347.md)
  SEZL COURT_RED: 2 kg_candidate(s) harvested
  SEZL COURT_RED -> COURT_BLUE (SEZL_COURT_RED_202608100355.md)
  LASR COURT_RED: 1 kg_candidate(s) harvested
  LASR COURT_RED -> COURT_BLUE (LASR_COURT_RED_202608100359.md)
  TTD REFUTABILITY -> COURT_RED (TTD_REFUTABILITY_202608100405.md)
  AWAITING ADJUDICATION (session job — pitch doc + verdict + wiring): ['BTDR', 'TDUP', 'FMC', 'UPB', 'UPST', 'PSIX', 'GOGO', 'ARX', 'ASPI', 'NMG', 'CMPX', 'CMTG', 'BGSI']
positions request timed out
account updates for ACCOUNT_ALPHA request timed out
/Users/ajay/Library/Python/3.9/lib/python/site-packages/urllib3/__init__.py:35: NotOpenSSLWarning: urllib3 v2 only supports OpenSSL 1.1.1+, currently the 'ssl' module is compiled with 'LibreSSL 2.8.3'. See: https://github.com/urllib3/urllib3/issues/3020
  warnings.warn(
positions request timed out
account updates for ACCOUNT_ALPHA request timed out
positions request timed out
account updates for ACCOUNT_ALPHA request timed out
positions request timed out
account updates for ACCOUNT_ALPHA request timed out
positions request timed out
account updates for ACCOUNT_ALPHA request timed out
positions request timed out
account updates for ACCOUNT_ALPHA request timed out
API connection failed: ConnectionRefusedError(61, "Connect call failed ('127.0.0.1', 4001)")
Make sure API port on TWS/IBG is open
/Users/ajay/Library/Python/3.9/lib/python/site-packages/urllib3/__init__.py:35: NotOpenSSLWarning: urllib3 v2 only supports OpenSSL 1.1.1+, currently the 'ssl' module is compiled with 'LibreSSL 2.8.3'. See: https://github.com/urllib3/urllib3/issues/3020
  warnings.warn(
API connection failed: ConnectionRefusedError(61, "Connect call failed ('127.0.0.1', 4001)")
Make sure API port on TWS/IBG is open
API connection failed: ConnectionRefusedError(61, "Connect call failed ('127.0.0.1', 4001)")
Make sure API port on TWS/IBG is open
API connection failed: ConnectionRefusedError(61, "Connect call failed ('127.0.0.1', 4001)")
Make sure API port on TWS/IBG is open
PHOE: No earnings dates found, symbol may be delisted
API connection failed: ConnectionRefusedError(61, "Connect call failed ('127.0.0.1', 4001)")
Make sure API port on TWS/IBG is open
[court_runner] 2026-08-10T05:52:31Z
  TTD COURT_BLUE: VALIDATOR REJECTED (no DETECTORS CONSULTED section (R1.11 — every dispatch-matched atlas entry needs a FIRED/NOT-FIRED/UNCHECKABLE disposition)) — output not persisted to queue
  JUNS REFUTABILITY -> KILLED (JUNS_REFUTABILITY_202608100532.md)
  NEGG REFUTABILITY -> KILLED (NEGG_REFUTABILITY_202608100539.md)
  PHOE REFUTABILITY -> KILLED (PHOE_REFUTABILITY_202608100544.md)
  MSC REFUTABILITY -> COURT_RED (MSC_REFUTABILITY_202608100552.md)
  AWAITING ADJUDICATION (session job — pitch doc + verdict + wiring): ['BTDR', 'TDUP', 'FMC', 'UPB', 'UPST', 'PSIX', 'GOGO']
API connection failed: ConnectionRefusedError(61, "Connect call failed ('127.0.0.1', 4001)")
Make sure API port on TWS/IBG is open
/Users/ajay/Library/Python/3.9/lib/python/site-packages/urllib3/__init__.py:35: NotOpenSSLWarning: urllib3 v2 only supports OpenSSL 1.1.1+, currently the 'ssl' module is compiled with 'LibreSSL 2.8.3'. See: https://github.com/urllib3/urllib3/issues/3020
  warnings.warn(
API connection failed: ConnectionRefusedError(61, "Connect call failed ('127.0.0.1', 4001)")
Make sure API port on TWS/IBG is open
API connection failed: ConnectionRefusedError(61, "Connect call failed ('127.0.0.1', 4001)")
Make sure API port on TWS/IBG is open
API connection failed: ConnectionRefusedError(61, "Connect call failed ('127.0.0.1', 4001)")
Make sure API port on TWS/IBG is open
API connection failed: ConnectionRefusedError(61, "Connect call failed ('127.0.0.1', 4001)")
Make sure API port on TWS/IBG is open
[court_runner] 2026-08-10T07:17:41Z
  TTD COURT_BLUE: VALIDATOR REJECTED (no DETECTORS CONSULTED section (R1.11 — every dispatch-matched atlas entry needs a FIRED/NOT-FIRED/UNCHECKABLE disposition)) — output not persisted to queue
  MSC COURT_RED: 3 kg_candidate(s) harvested
  MSC COURT_RED -> COURT_BLUE (MSC_COURT_RED_202608100701.md)
  SERV REFUTABILITY -> KILLED (SERV_REFUTABILITY_202608100706.md)
  OPTU REFUTABILITY -> KILLED (OPTU_REFUTABILITY_202608100711.md)
  UXIN REFUTABILITY -> ADJUDICATE (UXIN_REFUTABILITY_202608100717.md)
  AWAITING ADJUDICATION (session job — pitch doc + verdict + wiring): ['UXIN']

===== 2026-08-10 00:35 (desk) =====
[court_runner] 2026-08-10T07:35:01Z
  INFRA FAILURE (not-logged-in) — aborting the whole drain (every dispatch would fail; no validator-reject rows written)

API connection failed: ConnectionRefusedError(61, "Connect call failed ('127.0.0.1', 4001)")
Make sure API port on TWS/IBG is open
/Users/ajay/Library/Python/3.9/lib/python/site-packages/urllib3/__init__.py:35: NotOpenSSLWarning: urllib3 v2 only supports OpenSSL 1.1.1+, currently the 'ssl' module is compiled with 'LibreSSL 2.8.3'. See: https://github.com/urllib3/urllib3/issues/3020
  warnings.warn(
API connection failed: ConnectionRefusedError(61, "Connect call failed ('127.0.0.1', 4001)")
Make sure API port on TWS/IBG is open
/Users/ajay/Library/Python/3.9/lib/python/site-packages/urllib3/__init__.py:35: NotOpenSSLWarning: urllib3 v2 only supports OpenSSL 1.1.1+, currently the 'ssl' module is compiled with 'LibreSSL 2.8.3'. See: https://github.com/urllib3/urllib3/issues/3020
  warnings.warn(
API connection failed: ConnectionRefusedError(61, "Connect call failed ('127.0.0.1', 4001)")
Make sure API port on TWS/IBG is open
API connection failed: ConnectionRefusedError(61, "Connect call failed ('127.0.0.1', 4001)")
Make sure API port on TWS/IBG is open
API connection failed: ConnectionRefusedError(61, "Connect call failed ('127.0.0.1', 4001)")
Make sure API port on TWS/IBG is open
API connection failed: ConnectionRefusedError(61, "Connect call failed ('127.0.0.1', 4001)")
Make sure API port on TWS/IBG is open
API connection failed: ConnectionRefusedError(61, "Connect call failed ('127.0.0.1', 4001)")
Make sure API port on TWS/IBG is open
API connection failed: ConnectionRefusedError(61, "Connect call failed ('127.0.0.1', 4001)")
Make sure API port on TWS/IBG is open
[deck_writer] TTD: deck emailed (TTD_PITCH_DECK_20260810.pdf)
[deck_writer] 005387.KS: deck emailed (005387_KS_PITCH_DECK_20260810.pdf)
[court_runner] 2026-08-10T08:43:19Z
  TTD COURT_BLUE: 1 kg_candidate(s) harvested
  TTD COURT_BLUE -> ADJUDICATE (TTD_COURT_BLUE_202608100820.md)
  MSC COURT_BLUE: VALIDATOR REJECTED (no primary citation (http) anywhere in the output) — output not persisted to queue
  005387.KS COURT_BLUE -> ADJUDICATE (005387_KS_COURT_BLUE_202608100830.md)
  NPWR REFUTABILITY -> KILLED (NPWR_REFUTABILITY_202608100838.md)
  TREE REFUTABILITY -> COURT_RED (TREE_REFUTABILITY_202608100843.md)
  AWAITING ADJUDICATION (session job — pitch doc + verdict + wiring): ['TTD', 'UXIN', '005387.KS']

===== 2026-08-10 02:34 (desk) =====
[court_runner] 2026-08-10T09:34:17Z
  INFRA FAILURE (not-logged-in) — aborting the whole drain (every dispatch would fail; no validator-reject rows written)

API connection failed: ConnectionRefusedError(61, "Connect call failed ('127.0.0.1', 4001)")
Make sure API port on TWS/IBG is open
/Users/ajay/Library/Python/3.9/lib/python/site-packages/urllib3/__init__.py:35: NotOpenSSLWarning: urllib3 v2 only supports OpenSSL 1.1.1+, currently the 'ssl' module is compiled with 'LibreSSL 2.8.3'. See: https://github.com/urllib3/urllib3/issues/3020
  warnings.warn(
API connection failed: ConnectionRefusedError(61, "Connect call failed ('127.0.0.1', 4001)")
Make sure API port on TWS/IBG is open
/Users/ajay/Library/Python/3.9/lib/python/site-packages/urllib3/__init__.py:35: NotOpenSSLWarning: urllib3 v2 only supports OpenSSL 1.1.1+, currently the 'ssl' module is compiled with 'LibreSSL 2.8.3'. See: https://github.com/urllib3/urllib3/issues/3020
  warnings.warn(
API connection failed: ConnectionRefusedError(61, "Connect call failed ('127.0.0.1', 4001)")
Make sure API port on TWS/IBG is open
API connection failed: ConnectionRefusedError(61, "Connect call failed ('127.0.0.1', 4001)")
Make sure API port on TWS/IBG is open
API connection failed: ConnectionRefusedError(61, "Connect call failed ('127.0.0.1', 4001)")
Make sure API port on TWS/IBG is open
API connection failed: ConnectionRefusedError(61, "Connect call failed ('127.0.0.1', 4001)")
Make sure API port on TWS/IBG is open
[court_runner] 2026-08-10T10:08:59Z
  MSC COURT_BLUE: VALIDATOR REJECTED (no DETECTORS CONSULTED section (R1.11 — every dispatch-matched atlas entry needs a FIRED/NOT-FIRED/UNCHECKABLE disposition)) — output not persisted to queue
  TREE COURT_RED: 1 kg_candidate(s) harvested
  TREE COURT_RED -> COURT_BLUE (TREE_COURT_RED_202608100951.md)
  ENRD REFUTABILITY -> KILLED (ENRD_REFUTABILITY_202608100957.md)
  KLAR REFUTABILITY -> COURT_RED (KLAR_REFUTABILITY_202608101003.md)
  FULC REFUTABILITY -> KILLED (FULC_REFUTABILITY_202608101008.md)
  AWAITING ADJUDICATION (session job — pitch doc + verdict + wiring): ['TTD', 'UXIN', '005387.KS']
API connection failed: ConnectionRefusedError(61, "Connect call failed ('127.0.0.1', 4001)")
Make sure API port on TWS/IBG is open
/Users/ajay/Library/Python/3.9/lib/python/site-packages/urllib3/__init__.py:35: NotOpenSSLWarning: urllib3 v2 only supports OpenSSL 1.1.1+, currently the 'ssl' module is compiled with 'LibreSSL 2.8.3'. See: https://github.com/urllib3/urllib3/issues/3020
  warnings.warn(
API connection failed: ConnectionRefusedError(61, "Connect call failed ('127.0.0.1', 4001)")
Make sure API port on TWS/IBG is open
API connection failed: ConnectionRefusedError(61, "Connect call failed ('127.0.0.1', 4001)")
Make sure API port on TWS/IBG is open
API connection failed: ConnectionRefusedError(61, "Connect call failed ('127.0.0.1', 4001)")
Make sure API port on TWS/IBG is open
API connection failed: ConnectionRefusedError(61, "Connect call failed ('127.0.0.1', 4001)")
Make sure API port on TWS/IBG is open
API connection failed: ConnectionRefusedError(61, "Connect call failed ('127.0.0.1', 4001)")
Make sure API port on TWS/IBG is open
METCB: No earnings dates found, symbol may be delisted
[deck_writer] MSC: deck emailed (MSC_PITCH_DECK_20260810.pdf)
[deck_writer] TREE: deck emailed (TREE_PITCH_DECK_20260810.pdf)
[court_runner] 2026-08-10T12:42:59Z
  MSC COURT_BLUE: 1 kg_candidate(s) harvested
  MSC COURT_BLUE -> ADJUDICATE (MSC_COURT_BLUE_202608101113.md)
  TREE COURT_BLUE -> ADJUDICATE (TREE_COURT_BLUE_202608101119.md)
  KLAR COURT_RED: 1 kg_candidate(s) harvested
  KLAR COURT_RED -> COURT_BLUE (KLAR_COURT_RED_202608101125.md)
  METCB REFUTABILITY -> KILLED (METCB_REFUTABILITY_202608101242.md)
  AWAITING ADJUDICATION (session job — pitch doc + verdict + wiring): ['TTD', 'UXIN', 'TREE', '005387.KS']
API connection failed: ConnectionRefusedError(61, "Connect call failed ('127.0.0.1', 4001)")
Make sure API port on TWS/IBG is open
/Users/ajay/Library/Python/3.9/lib/python/site-packages/urllib3/__init__.py:35: NotOpenSSLWarning: urllib3 v2 only supports OpenSSL 1.1.1+, currently the 'ssl' module is compiled with 'LibreSSL 2.8.3'. See: https://github.com/urllib3/urllib3/issues/3020
  warnings.warn(
API connection failed: ConnectionRefusedError(61, "Connect call failed ('127.0.0.1', 4001)")
Make sure API port on TWS/IBG is open
API connection failed: ConnectionRefusedError(61, "Connect call failed ('127.0.0.1', 4001)")
Make sure API port on TWS/IBG is open
API connection failed: ConnectionRefusedError(61, "Connect call failed ('127.0.0.1', 4001)")
Make sure API port on TWS/IBG is open
[court_runner] 2026-08-10T18:26:15Z
  KLAR COURT_BLUE: VALIDATOR REJECTED (missing BLUE BENCH header / RED CASE ruling) — output not persisted to queue
  0027.HK COURT_RED: VALIDATOR REJECTED (no primary citation (http) anywhere in the output) — output not persisted to queue
  1928.HK COURT_RED: 1 kg_candidate(s) harvested
  1928.HK COURT_RED -> COURT_BLUE (1928_HK_COURT_RED_202608101808.md)
  DGXX REFUTABILITY -> ADJUDICATE (DGXX_REFUTABILITY_202608101814.md)
  BULL REFUTABILITY -> COURT_RED (BULL_REFUTABILITY_202608101821.md)
  MARA REFUTABILITY -> KILLED (MARA_REFUTABILITY_202608101826.md)
  AWAITING ADJUDICATION (session job — pitch doc + verdict + wiring): ['UXIN', 'DGXX']

===== 2026-08-10 11:35 (desk) =====
[court_runner] 2026-08-10T18:35:27Z
  INFRA FAILURE (not-logged-in) — aborting the whole drain (every dispatch would fail; no validator-reject rows written)

positions request timed out
account updates for ACCOUNT_ALPHA request timed out
/Users/ajay/Library/Python/3.9/lib/python/site-packages/urllib3/__init__.py:35: NotOpenSSLWarning: urllib3 v2 only supports OpenSSL 1.1.1+, currently the 'ssl' module is compiled with 'LibreSSL 2.8.3'. See: https://github.com/urllib3/urllib3/issues/3020
  warnings.warn(
positions request timed out
account updates for ACCOUNT_ALPHA request timed out
/Users/ajay/Library/Python/3.9/lib/python/site-packages/urllib3/__init__.py:35: NotOpenSSLWarning: urllib3 v2 only supports OpenSSL 1.1.1+, currently the 'ssl' module is compiled with 'LibreSSL 2.8.3'. See: https://github.com/urllib3/urllib3/issues/3020
  warnings.warn(
positions request timed out
account updates for ACCOUNT_ALPHA request timed out
positions request timed out
account updates for ACCOUNT_ALPHA request timed out
positions request timed out
account updates for ACCOUNT_ALPHA request timed out
positions request timed out
account updates for ACCOUNT_ALPHA request timed out
positions request timed out
account updates for ACCOUNT_ALPHA request timed out
positions request timed out
account updates for ACCOUNT_ALPHA request timed out
[deck_writer] KLAR: deck emailed (KLAR_PITCH_DECK_20260810.pdf)
[court_runner] 2026-08-10T19:53:15Z
  KLAR COURT_BLUE -> ADJUDICATE (KLAR_COURT_BLUE_202608101930.md)
  1928.HK COURT_BLUE: VALIDATOR REJECTED (no primary citation (http) anywhere in the output) — output not persisted to queue
  BULL COURT_RED: VALIDATOR REJECTED (no primary citation (http) anywhere in the output) — output not persisted to queue
  0027.HK COURT_RED: 1 kg_candidate(s) harvested
  0027.HK COURT_RED -> COURT_BLUE (0027_HK_COURT_RED_202608101943.md)
  WYNN COURT_RED: 1 kg_candidate(s) harvested
  WYNN COURT_RED -> COURT_BLUE (WYNN_COURT_RED_202608101948.md)
  1128.HK COURT_RED: 1 kg_candidate(s) harvested
  1128.HK COURT_RED -> COURT_BLUE (1128_HK_COURT_RED_202608101953.md)
  AWAITING ADJUDICATION (session job — pitch doc + verdict + wiring): ['UXIN', 'KLAR', 'DGXX']

===== 2026-08-10 13:34 (desk) =====
[court_runner] 2026-08-10T20:34:22Z
  INFRA FAILURE (not-logged-in) — aborting the whole drain (every dispatch would fail; no validator-reject rows written)

positions request timed out
account updates for ACCOUNT_ALPHA request timed out
/Users/ajay/Library/Python/3.9/lib/python/site-packages/urllib3/__init__.py:35: NotOpenSSLWarning: urllib3 v2 only supports OpenSSL 1.1.1+, currently the 'ssl' module is compiled with 'LibreSSL 2.8.3'. See: https://github.com/urllib3/urllib3/issues/3020
  warnings.warn(
positions request timed out
account updates for ACCOUNT_ALPHA request timed out
/Users/ajay/Library/Python/3.9/lib/python/site-packages/urllib3/__init__.py:35: NotOpenSSLWarning: urllib3 v2 only supports OpenSSL 1.1.1+, currently the 'ssl' module is compiled with 'LibreSSL 2.8.3'. See: https://github.com/urllib3/urllib3/issues/3020
  warnings.warn(
positions request timed out
account updates for ACCOUNT_ALPHA request timed out
positions request timed out
account updates for ACCOUNT_ALPHA request timed out
positions request timed out
account updates for ACCOUNT_ALPHA request timed out
positions request timed out
account updates for ACCOUNT_ALPHA request timed out
positions request timed out
account updates for ACCOUNT_ALPHA request timed out
positions request timed out
account updates for ACCOUNT_ALPHA request timed out
positions request timed out
account updates for ACCOUNT_ALPHA request timed out
[deck_writer] WYNN: deck emailed (WYNN_PITCH_DECK_20260810.pdf)
[court_runner] 2026-08-10T21:23:17Z
  0027.HK COURT_BLUE: VALIDATOR REJECTED (no primary citation (http) anywhere in the output) — output not persisted to queue
  1928.HK COURT_BLUE: VALIDATOR REJECTED (no DETECTORS CONSULTED section (R1.11 — every dispatch-matched atlas entry needs a FIRED/NOT-FIRED/UNCHECKABLE disposition)) — output not persisted to queue
  WYNN COURT_BLUE -> ADJUDICATE (WYNN_COURT_BLUE_202608102103.md)
  1128.HK COURT_BLUE: VALIDATOR REJECTED (no DETECTORS CONSULTED section (R1.11 — every dispatch-matched atlas entry needs a FIRED/NOT-FIRED/UNCHECKABLE disposition)) — output not persisted to queue
  BULL COURT_RED: 1 kg_candidate(s) harvested
  BULL COURT_RED -> COURT_BLUE (BULL_COURT_RED_202608102113.md)
  LVS COURT_RED: 2 kg_candidate(s) harvested
  LVS COURT_RED -> COURT_BLUE (LVS_COURT_RED_202608102118.md)
  QNC REFUTABILITY -> KILLED (QNC_REFUTABILITY_202608102123.md)
  AWAITING ADJUDICATION (session job — pitch doc + verdict + wiring): ['UXIN', 'KLAR', 'DGXX', 'WYNN']
positions request timed out
account updates for ACCOUNT_ALPHA request timed out
/Users/ajay/Library/Python/3.9/lib/python/site-packages/urllib3/__init__.py:35: NotOpenSSLWarning: urllib3 v2 only supports OpenSSL 1.1.1+, currently the 'ssl' module is compiled with 'LibreSSL 2.8.3'. See: https://github.com/urllib3/urllib3/issues/3020
  warnings.warn(
positions request timed out
account updates for ACCOUNT_ALPHA request timed out
positions request timed out
account updates for ACCOUNT_ALPHA request timed out
positions request timed out
account updates for ACCOUNT_ALPHA request timed out

===== 2026-08-10 15:34 (desk) =====
[court_runner] 2026-08-10T22:34:41Z
  INFRA FAILURE (not-logged-in) — aborting the whole drain (every dispatch would fail; no validator-reject rows written)

positions request timed out
account updates for ACCOUNT_ALPHA request timed out
/Users/ajay/Library/Python/3.9/lib/python/site-packages/urllib3/__init__.py:35: NotOpenSSLWarning: urllib3 v2 only supports OpenSSL 1.1.1+, currently the 'ssl' module is compiled with 'LibreSSL 2.8.3'. See: https://github.com/urllib3/urllib3/issues/3020
  warnings.warn(
positions request timed out
account updates for ACCOUNT_ALPHA request timed out
positions request timed out
account updates for ACCOUNT_ALPHA request timed out
positions request timed out
account updates for ACCOUNT_ALPHA request timed out
positions request timed out
account updates for ACCOUNT_ALPHA request timed out
BRAI: No earnings dates found, symbol may be delisted
positions request timed out
account updates for ACCOUNT_ALPHA request timed out
[deck_writer] 0027.HK: deck emailed (0027_HK_PITCH_DECK_20260810.pdf)
[deck_writer] LVS: deck emailed (LVS_PITCH_DECK_20260810.pdf)
[court_runner] 2026-08-10T23:00:16Z
  BULL COURT_BLUE: VALIDATOR REJECTED (no DETECTORS CONSULTED section (R1.11 — every dispatch-matched atlas entry needs a FIRED/NOT-FIRED/UNCHECKABLE disposition)) — output not persisted to queue
  0027.HK COURT_BLUE -> ADJUDICATE (0027_HK_COURT_BLUE_202608102231.md)
  1928.HK COURT_BLUE: VALIDATOR REJECTED (no DETECTORS CONSULTED section (R1.11 — every dispatch-matched atlas entry needs a FIRED/NOT-FIRED/UNCHECKABLE disposition)) — output not persisted to queue
  LVS COURT_BLUE: 1 kg_candidate(s) harvested
  LVS COURT_BLUE -> ADJUDICATE (LVS_COURT_BLUE_202608102240.md)
  1128.HK COURT_BLUE: VALIDATOR REJECTED (no DETECTORS CONSULTED section (R1.11 — every dispatch-matched atlas entry needs a FIRED/NOT-FIRED/UNCHECKABLE disposition)) — output not persisted to queue
  BRAI REFUTABILITY -> KILLED (BRAI_REFUTABILITY_202608102253.md)
  EVGO REFUTABILITY -> COURT_RED (EVGO_REFUTABILITY_202608102300.md)
  AWAITING ADJUDICATION (session job — pitch doc + verdict + wiring): ['UXIN', 'KLAR', 'DGXX', '0027.HK', 'LVS', 'WYNN']
positions request timed out
account updates for ACCOUNT_ALPHA request timed out
/Users/ajay/Library/Python/3.9/lib/python/site-packages/urllib3/__init__.py:35: NotOpenSSLWarning: urllib3 v2 only supports OpenSSL 1.1.1+, currently the 'ssl' module is compiled with 'LibreSSL 2.8.3'. See: https://github.com/urllib3/urllib3/issues/3020
  warnings.warn(
positions request timed out
account updates for ACCOUNT_ALPHA request timed out
positions request timed out
account updates for ACCOUNT_ALPHA request timed out
positions request timed out
account updates for ACCOUNT_ALPHA request timed out
positions request timed out
account updates for ACCOUNT_ALPHA request timed out
positions request timed out
account updates for ACCOUNT_ALPHA request timed out
positions request timed out
account updates for ACCOUNT_ALPHA request timed out
[deck_writer] BULL: deck emailed (BULL_PITCH_DECK_20260810.pdf)
[deck_writer] 1928.HK: deck emailed (1928_HK_PITCH_DECK_20260810.pdf)
[deck_writer] 1128.HK: deck emailed (1128_HK_PITCH_DECK_20260810.pdf)
[court_runner] 2026-08-11T00:23:06Z
  BULL COURT_BLUE -> ADJUDICATE (BULL_COURT_BLUE_202608110003.md)
  1928.HK COURT_BLUE -> ADJUDICATE (1928_HK_COURT_BLUE_202608110008.md)
  1128.HK COURT_BLUE: 1 kg_candidate(s) harvested
  1128.HK COURT_BLUE -> ADJUDICATE (1128_HK_COURT_BLUE_202608110014.md)
  EVGO COURT_RED: 1 kg_candidate(s) harvested
  EVGO COURT_RED -> COURT_BLUE (EVGO_COURT_RED_202608110023.md)
  AWAITING ADJUDICATION (session job — pitch doc + verdict + wiring): ['UXIN', 'KLAR', 'DGXX', 'BULL', '0027.HK', '1928.HK', 'LVS', 'WYNN', '1128.HK']

===== 2026-08-10 17:34 (desk) =====
[court_runner] 2026-08-11T00:34:04Z
  INFRA FAILURE (not-logged-in) — aborting the whole drain (every dispatch would fail; no validator-reject rows written)

/Users/ajay/Library/Python/3.9/lib/python/site-packages/urllib3/__init__.py:35: NotOpenSSLWarning: urllib3 v2 only supports OpenSSL 1.1.1+, currently the 'ssl' module is compiled with 'LibreSSL 2.8.3'. See: https://github.com/urllib3/urllib3/issues/3020
  warnings.warn(
positions request timed out
account updates for ACCOUNT_ALPHA request timed out
/Users/ajay/Library/Python/3.9/lib/python/site-packages/urllib3/__init__.py:35: NotOpenSSLWarning: urllib3 v2 only supports OpenSSL 1.1.1+, currently the 'ssl' module is compiled with 'LibreSSL 2.8.3'. See: https://github.com/urllib3/urllib3/issues/3020
  warnings.warn(
positions request timed out
account updates for ACCOUNT_ALPHA request timed out
positions request timed out
account updates for ACCOUNT_ALPHA request timed out
positions request timed out
account updates for ACCOUNT_ALPHA request timed out
positions request timed out
account updates for ACCOUNT_ALPHA request timed out
positions request timed out
account updates for ACCOUNT_ALPHA request timed out
[deck_writer] EVGO: deck emailed (EVGO_PITCH_DECK_20260810.pdf)
[court_runner] 2026-08-11T01:55:27Z
  EVGO COURT_BLUE: 1 kg_candidate(s) harvested
  EVGO COURT_BLUE -> ADJUDICATE (EVGO_COURT_BLUE_202608110127.md)
  INV REFUTABILITY -> ADJUDICATE (INV_REFUTABILITY_202608110135.md)
  AKBA REFUTABILITY -> COURT_RED (AKBA_REFUTABILITY_202608110144.md)
  GLXY REFUTABILITY: VALIDATOR REJECTED (no COURT-WORTHINESS N/10 line (required for the automated 6/10 gate, v2 template)) — output not persisted to queue
  YSG REFUTABILITY -> ADJUDICATE (YSG_REFUTABILITY_202608110155.md)
  AWAITING ADJUDICATION (session job — pitch doc + verdict + wiring): ['UXIN', 'KLAR', 'DGXX', 'BULL', 'EVGO', 'INV', 'YSG', '0027.HK', '1928.HK', 'LVS', 'WYNN', '1128.HK']

===== 2026-08-10 19:34 (desk) =====
[court_runner] 2026-08-11T02:34:22Z
  INFRA FAILURE (not-logged-in) — aborting the whole drain (every dispatch would fail; no validator-reject rows written)

/Users/ajay/Library/Python/3.9/lib/python/site-packages/urllib3/__init__.py:35: NotOpenSSLWarning: urllib3 v2 only supports OpenSSL 1.1.1+, currently the 'ssl' module is compiled with 'LibreSSL 2.8.3'. See: https://github.com/urllib3/urllib3/issues/3020
  warnings.warn(
/Users/ajay/Library/Python/3.9/lib/python/site-packages/urllib3/__init__.py:35: NotOpenSSLWarning: urllib3 v2 only supports OpenSSL 1.1.1+, currently the 'ssl' module is compiled with 'LibreSSL 2.8.3'. See: https://github.com/urllib3/urllib3/issues/3020
  warnings.warn(
[court_runner] 2026-08-11T03:17:32Z
  AKBA COURT_RED: 1 kg_candidate(s) harvested
  AKBA COURT_RED -> COURT_BLUE (AKBA_COURT_RED_202608110259.md)
  MLCO COURT_RED: 1 kg_candidate(s) harvested
  MLCO COURT_RED -> COURT_BLUE (MLCO_COURT_RED_202608110305.md)
  GLXY REFUTABILITY -> COURT_RED (GLXY_REFUTABILITY_202608110310.md)
  STUB REFUTABILITY -> COURT_RED (STUB_REFUTABILITY_202608110317.md)
  AWAITING ADJUDICATION (session job — pitch doc + verdict + wiring): ['UXIN', 'KLAR', 'DGXX', 'BULL', 'EVGO', 'INV', 'YSG']
positions request timed out
account updates for ACCOUNT_ALPHA request timed out
/Users/ajay/Library/Python/3.9/lib/python/site-packages/urllib3/__init__.py:35: NotOpenSSLWarning: urllib3 v2 only supports OpenSSL 1.1.1+, currently the 'ssl' module is compiled with 'LibreSSL 2.8.3'. See: https://github.com/urllib3/urllib3/issues/3020
  warnings.warn(

===== 2026-08-10 21:35 (desk) =====
[court_runner] 2026-08-11T04:35:45Z
  INFRA FAILURE (not-logged-in) — aborting the whole drain (every dispatch would fail; no validator-reject rows written)

positions request timed out
account updates for ACCOUNT_ALPHA request timed out
/Users/ajay/Library/Python/3.9/lib/python/site-packages/urllib3/__init__.py:35: NotOpenSSLWarning: urllib3 v2 only supports OpenSSL 1.1.1+, currently the 'ssl' module is compiled with 'LibreSSL 2.8.3'. See: https://github.com/urllib3/urllib3/issues/3020
  warnings.warn(
positions request timed out
account updates for ACCOUNT_ALPHA request timed out
positions request timed out
account updates for ACCOUNT_ALPHA request timed out
[court_runner] 2026-08-11T04:49:34Z
  AKBA COURT_BLUE: VALIDATOR REJECTED (no primary citation (http) anywhere in the output) — output not persisted to queue
  MLCO COURT_BLUE: VALIDATOR REJECTED (no DETECTORS CONSULTED section (R1.11 — every dispatch-matched atlas entry needs a FIRED/NOT-FIRED/UNCHECKABLE disposition)) — output not persisted to queue
  GLXY COURT_RED: 1 kg_candidate(s) harvested
  GLXY COURT_RED -> COURT_BLUE (GLXY_COURT_RED_202608110431.md)
  STUB COURT_RED: 2 kg_candidate(s) harvested
  STUB COURT_RED -> COURT_BLUE (STUB_COURT_RED_202608110436.md)
  ABR REFUTABILITY -> COURT_RED (ABR_REFUTABILITY_202608110443.md)
  AIRO REFUTABILITY -> COURT_RED (AIRO_REFUTABILITY_202608110449.md)
  AWAITING ADJUDICATION (session job — pitch doc + verdict + wiring): ['UXIN', 'KLAR', 'DGXX', 'BULL', 'EVGO', 'INV', 'YSG']
positions request timed out
account updates for ACCOUNT_ALPHA request timed out
/Users/ajay/Library/Python/3.9/lib/python/site-packages/urllib3/__init__.py:35: NotOpenSSLWarning: urllib3 v2 only supports OpenSSL 1.1.1+, currently the 'ssl' module is compiled with 'LibreSSL 2.8.3'. See: https://github.com/urllib3/urllib3/issues/3020
  warnings.warn(
positions request timed out
account updates for ACCOUNT_ALPHA request timed out
positions request timed out
account updates for ACCOUNT_ALPHA request timed out
positions request timed out
account updates for ACCOUNT_ALPHA request timed out
positions request timed out
account updates for ACCOUNT_ALPHA request timed out
positions request timed out
account updates for ACCOUNT_ALPHA request timed out
positions request timed out
account updates for ACCOUNT_ALPHA request timed out
positions request timed out
account updates for ACCOUNT_ALPHA request timed out
[deck_writer] AKBA: deck emailed (AKBA_PITCH_DECK_20260810.pdf)
[deck_writer] GLXY: deck emailed (GLXY_PITCH_DECK_20260810.pdf)
[deck_writer] MLCO: deck emailed (MLCO_PITCH_DECK_20260810.pdf)
[court_runner] 2026-08-11T06:15:24Z
  AKBA COURT_BLUE -> ADJUDICATE (AKBA_COURT_BLUE_202608110553.md)
  GLXY COURT_BLUE: 1 kg_candidate(s) harvested
  GLXY COURT_BLUE -> ADJUDICATE (GLXY_COURT_BLUE_202608110600.md)
  STUB COURT_BLUE: VALIDATOR REJECTED (no DETECTORS CONSULTED section (R1.11 — every dispatch-matched atlas entry needs a FIRED/NOT-FIRED/UNCHECKABLE disposition)) — output not persisted to queue
  MLCO COURT_BLUE -> ADJUDICATE (MLCO_COURT_BLUE_202608110609.md)
  ABR COURT_RED: 1 kg_candidate(s) harvested
  ABR COURT_RED -> COURT_BLUE (ABR_COURT_RED_202608110615.md)
  AWAITING ADJUDICATION (session job — pitch doc + verdict + wiring): ['UXIN', 'KLAR', 'DGXX', 'BULL', 'EVGO', 'INV', 'AKBA', 'GLXY', 'YSG', 'MLCO']

===== 2026-08-10 23:34 (desk) =====
[court_runner] 2026-08-11T06:34:39Z
  INFRA FAILURE (not-logged-in) — aborting the whole drain (every dispatch would fail; no validator-reject rows written)

positions request timed out
account updates for ACCOUNT_ALPHA request timed out
/Users/ajay/Library/Python/3.9/lib/python/site-packages/urllib3/__init__.py:35: NotOpenSSLWarning: urllib3 v2 only supports OpenSSL 1.1.1+, currently the 'ssl' module is compiled with 'LibreSSL 2.8.3'. See: https://github.com/urllib3/urllib3/issues/3020
  warnings.warn(
API connection failed: ConnectionRefusedError(61, "Connect call failed ('127.0.0.1', 4001)")
Make sure API port on TWS/IBG is open
/Users/ajay/Library/Python/3.9/lib/python/site-packages/urllib3/__init__.py:35: NotOpenSSLWarning: urllib3 v2 only supports OpenSSL 1.1.1+, currently the 'ssl' module is compiled with 'LibreSSL 2.8.3'. See: https://github.com/urllib3/urllib3/issues/3020
  warnings.warn(
API connection failed: ConnectionRefusedError(61, "Connect call failed ('127.0.0.1', 4001)")
Make sure API port on TWS/IBG is open
API connection failed: ConnectionRefusedError(61, "Connect call failed ('127.0.0.1', 4001)")
Make sure API port on TWS/IBG is open
API connection failed: ConnectionRefusedError(61, "Connect call failed ('127.0.0.1', 4001)")
Make sure API port on TWS/IBG is open
API connection failed: ConnectionRefusedError(61, "Connect call failed ('127.0.0.1', 4001)")
Make sure API port on TWS/IBG is open
API connection failed: ConnectionRefusedError(61, "Connect call failed ('127.0.0.1', 4001)")
Make sure API port on TWS/IBG is open
API connection failed: ConnectionRefusedError(61, "Connect call failed ('127.0.0.1', 4001)")
Make sure API port on TWS/IBG is open
[deck_writer] STUB: deck emailed (STUB_PITCH_DECK_20260811.pdf)
[court_runner] 2026-08-11T07:51:33Z
  STUB COURT_BLUE: 1 kg_candidate(s) harvested
  STUB COURT_BLUE -> ADJUDICATE (STUB_COURT_BLUE_202608110719.md)
  ABR COURT_BLUE: VALIDATOR REJECTED (no DETECTORS CONSULTED section (R1.11 — every dispatch-matched atlas entry needs a FIRED/NOT-FIRED/UNCHECKABLE disposition)) — output not persisted to queue
  AIRO COURT_RED: 1 kg_candidate(s) harvested
  AIRO COURT_RED -> COURT_BLUE (AIRO_COURT_RED_202608110730.md)
  FNF COURT_RED: VALIDATOR REJECTED (no primary citation (http) anywhere in the output) — output not persisted to queue
  WVE REFUTABILITY -> COURT_RED (WVE_REFUTABILITY_202608110740.md)
  YB REFUTABILITY -> COURT_RED (YB_REFUTABILITY_202608110751.md)
  AWAITING ADJUDICATION (session job — pitch doc + verdict + wiring): ['UXIN', 'KLAR', 'DGXX', 'BULL', 'EVGO', 'INV', 'AKBA', 'GLXY', 'YSG', 'STUB', 'MLCO']

===== 2026-08-11 01:34 (desk) =====
[court_runner] 2026-08-11T08:34:41Z
  INFRA FAILURE (not-logged-in) — aborting the whole drain (every dispatch would fail; no validator-reject rows written)

API connection failed: ConnectionRefusedError(61, "Connect call failed ('127.0.0.1', 4001)")
Make sure API port on TWS/IBG is open
/Users/ajay/Library/Python/3.9/lib/python/site-packages/urllib3/__init__.py:35: NotOpenSSLWarning: urllib3 v2 only supports OpenSSL 1.1.1+, currently the 'ssl' module is compiled with 'LibreSSL 2.8.3'. See: https://github.com/urllib3/urllib3/issues/3020
  warnings.warn(
API connection failed: ConnectionRefusedError(61, "Connect call failed ('127.0.0.1', 4001)")
Make sure API port on TWS/IBG is open
/Users/ajay/Library/Python/3.9/lib/python/site-packages/urllib3/__init__.py:35: NotOpenSSLWarning: urllib3 v2 only supports OpenSSL 1.1.1+, currently the 'ssl' module is compiled with 'LibreSSL 2.8.3'. See: https://github.com/urllib3/urllib3/issues/3020
  warnings.warn(
API connection failed: ConnectionRefusedError(61, "Connect call failed ('127.0.0.1', 4001)")
Make sure API port on TWS/IBG is open
API connection failed: ConnectionRefusedError(61, "Connect call failed ('127.0.0.1', 4001)")
Make sure API port on TWS/IBG is open
API connection failed: ConnectionRefusedError(61, "Connect call failed ('127.0.0.1', 4001)")
Make sure API port on TWS/IBG is open
API connection failed: ConnectionRefusedError(61, "Connect call failed ('127.0.0.1', 4001)")
Make sure API port on TWS/IBG is open
API connection failed: ConnectionRefusedError(61, "Connect call failed ('127.0.0.1', 4001)")
Make sure API port on TWS/IBG is open
[deck_writer] ABR: deck emailed (ABR_PITCH_DECK_20260811.pdf)
[court_runner] 2026-08-11T09:13:47Z
  ABR COURT_BLUE -> ADJUDICATE (ABR_COURT_BLUE_202608110855.md)
  AIRO COURT_BLUE: VALIDATOR REJECTED (missing BLUE BENCH header / RED CASE ruling) — output not persisted to queue
  WVE COURT_RED: 2 kg_candidate(s) harvested
  WVE COURT_RED -> COURT_BLUE (WVE_COURT_RED_202608110905.md)
  YB COURT_RED: 2 kg_candidate(s) harvested
  YB COURT_RED -> COURT_BLUE (YB_COURT_RED_202608110909.md)
  FNF COURT_RED: 1 kg_candidate(s) harvested
  FNF COURT_RED -> COURT_BLUE (FNF_COURT_RED_202608110913.md)
  AWAITING ADJUDICATION (session job — pitch doc + verdict + wiring): ['UXIN', 'KLAR', 'DGXX', 'BULL', 'EVGO', 'INV', 'AKBA', 'GLXY', 'YSG', 'STUB', 'ABR', 'MLCO']
API connection failed: ConnectionRefusedError(61, "Connect call failed ('127.0.0.1', 4001)")
Make sure API port on TWS/IBG is open
/Users/ajay/Library/Python/3.9/lib/python/site-packages/urllib3/__init__.py:35: NotOpenSSLWarning: urllib3 v2 only supports OpenSSL 1.1.1+, currently the 'ssl' module is compiled with 'LibreSSL 2.8.3'. See: https://github.com/urllib3/urllib3/issues/3020
  warnings.warn(
[court_runner] 2026-08-11T10:16:48Z
  INFRA FAILURE (infra:empty-result) — aborting the whole drain (every dispatch would fail; no validator-reject rows written)

===== 2026-08-11 03:30 (desk) =====
[court_runner] 2026-08-11T10:30:06Z
  INFRA FAILURE (not-logged-in) — aborting the whole drain (every dispatch would fail; no validator-reject rows written)

API connection failed: ConnectionRefusedError(61, "Connect call failed ('127.0.0.1', 4001)")
Make sure API port on TWS/IBG is open
/Users/ajay/Library/Python/3.9/lib/python/site-packages/urllib3/__init__.py:35: NotOpenSSLWarning: urllib3 v2 only supports OpenSSL 1.1.1+, currently the 'ssl' module is compiled with 'LibreSSL 2.8.3'. See: https://github.com/urllib3/urllib3/issues/3020
  warnings.warn(
API connection failed: ConnectionRefusedError(61, "Connect call failed ('127.0.0.1', 4001)")
Make sure API port on TWS/IBG is open
/Users/ajay/Library/Python/3.9/lib/python/site-packages/urllib3/__init__.py:35: NotOpenSSLWarning: urllib3 v2 only supports OpenSSL 1.1.1+, currently the 'ssl' module is compiled with 'LibreSSL 2.8.3'. See: https://github.com/urllib3/urllib3/issues/3020
  warnings.warn(
[court_runner] 2026-08-11T11:19:50Z
  INFRA FAILURE (infra:empty-result) — aborting the whole drain (every dispatch would fail; no validator-reject rows written)

===== 2026-08-11 04:30 (desk) =====
[court_runner] 2026-08-11T11:30:06Z
  INFRA FAILURE (not-logged-in) — aborting the whole drain (every dispatch would fail; no validator-reject rows written)

API connection failed: ConnectionRefusedError(61, "Connect call failed ('127.0.0.1', 4001)")
Make sure API port on TWS/IBG is open
/Users/ajay/Library/Python/3.9/lib/python/site-packages/urllib3/__init__.py:35: NotOpenSSLWarning: urllib3 v2 only supports OpenSSL 1.1.1+, currently the 'ssl' module is compiled with 'LibreSSL 2.8.3'. See: https://github.com/urllib3/urllib3/issues/3020
  warnings.warn(
API connection failed: ConnectionRefusedError(61, "Connect call failed ('127.0.0.1', 4001)")
Make sure API port on TWS/IBG is open
/Users/ajay/Library/Python/3.9/lib/python/site-packages/urllib3/__init__.py:35: NotOpenSSLWarning: urllib3 v2 only supports OpenSSL 1.1.1+, currently the 'ssl' module is compiled with 'LibreSSL 2.8.3'. See: https://github.com/urllib3/urllib3/issues/3020
  warnings.warn(
[court_runner] 2026-08-11T12:22:56Z
  INFRA FAILURE (infra:empty-result) — aborting the whole drain (every dispatch would fail; no validator-reject rows written)

===== 2026-08-11 05:30 (desk) =====
[court_runner] 2026-08-11T12:30:06Z
  INFRA FAILURE (not-logged-in) — aborting the whole drain (every dispatch would fail; no validator-reject rows written)

API connection failed: ConnectionRefusedError(61, "Connect call failed ('127.0.0.1', 4001)")
Make sure API port on TWS/IBG is open
/Users/ajay/Library/Python/3.9/lib/python/site-packages/urllib3/__init__.py:35: NotOpenSSLWarning: urllib3 v2 only supports OpenSSL 1.1.1+, currently the 'ssl' module is compiled with 'LibreSSL 2.8.3'. See: https://github.com/urllib3/urllib3/issues/3020
  warnings.warn(
API connection failed: ConnectionRefusedError(61, "Connect call failed ('127.0.0.1', 4001)")
Make sure API port on TWS/IBG is open
/Users/ajay/Library/Python/3.9/lib/python/site-packages/urllib3/__init__.py:35: NotOpenSSLWarning: urllib3 v2 only supports OpenSSL 1.1.1+, currently the 'ssl' module is compiled with 'LibreSSL 2.8.3'. See: https://github.com/urllib3/urllib3/issues/3020
  warnings.warn(
API connection failed: ConnectionRefusedError(61, "Connect call failed ('127.0.0.1', 4001)")
Make sure API port on TWS/IBG is open
API connection failed: ConnectionRefusedError(61, "Connect call failed ('127.0.0.1', 4001)")
Make sure API port on TWS/IBG is open
API connection failed: ConnectionRefusedError(61, "Connect call failed ('127.0.0.1', 4001)")
Make sure API port on TWS/IBG is open

===== 2026-08-11 06:33 (desk) =====
[court_runner] 2026-08-11T13:33:44Z
  INFRA FAILURE (not-logged-in) — aborting the whole drain (every dispatch would fail; no validator-reject rows written)

API connection failed: ConnectionRefusedError(61, "Connect call failed ('127.0.0.1', 4001)")
Make sure API port on TWS/IBG is open
/Users/ajay/Library/Python/3.9/lib/python/site-packages/urllib3/__init__.py:35: NotOpenSSLWarning: urllib3 v2 only supports OpenSSL 1.1.1+, currently the 'ssl' module is compiled with 'LibreSSL 2.8.3'. See: https://github.com/urllib3/urllib3/issues/3020
  warnings.warn(
API connection failed: ConnectionRefusedError(61, "Connect call failed ('127.0.0.1', 4001)")
Make sure API port on TWS/IBG is open
API connection failed: ConnectionRefusedError(61, "Connect call failed ('127.0.0.1', 4001)")
Make sure API port on TWS/IBG is open
[deck_writer] AIRO: deck emailed (AIRO_PITCH_DECK_20260811.pdf)
[deck_writer] YB: deck emailed (YB_PITCH_DECK_20260811.pdf)
[court_runner] 2026-08-11T13:56:25Z
  AIRO COURT_BLUE -> ADJUDICATE (AIRO_COURT_BLUE_202608111326.md)
  WVE COURT_BLUE: VALIDATOR REJECTED (no DETECTORS CONSULTED section (R1.11 — every dispatch-matched atlas entry needs a FIRED/NOT-FIRED/UNCHECKABLE disposition)) — output not persisted to queue
  YB COURT_BLUE -> ADJUDICATE (YB_COURT_BLUE_202608111336.md)
  INFRA FAILURE (infra:empty-result) — aborting the whole drain (every dispatch would fail; no validator-reject rows written)

===== 2026-08-11 08:39 (desk) =====
[court_runner] 2026-08-11T15:39:32Z
  INFRA FAILURE (not-logged-in) — aborting the whole drain (every dispatch would fail; no validator-reject rows written)

API connection failed: ConnectionRefusedError(61, "Connect call failed ('127.0.0.1', 4001)")
Make sure API port on TWS/IBG is open
/Users/ajay/Library/Python/3.9/lib/python/site-packages/urllib3/__init__.py:35: NotOpenSSLWarning: urllib3 v2 only supports OpenSSL 1.1.1+, currently the 'ssl' module is compiled with 'LibreSSL 2.8.3'. See: https://github.com/urllib3/urllib3/issues/3020
  warnings.warn(
/Users/ajay/Library/Python/3.9/lib/python/site-packages/urllib3/__init__.py:35: NotOpenSSLWarning: urllib3 v2 only supports OpenSSL 1.1.1+, currently the 'ssl' module is compiled with 'LibreSSL 2.8.3'. See: https://github.com/urllib3/urllib3/issues/3020
  warnings.warn(
Error 200, reqId 3: No security definition has been found for the request, contract: Contract(conId=212212833, exchange='SMART')
Error 200, reqId 3: No security definition has been found for the request, contract: Stock(symbol='WIE.VIE', exchange='SMART', currency='USD')
Unknown contract: Stock(symbol='WIE.VIE', exchange='SMART', currency='USD')
[deck_writer] APP: deck emailed (APP_PITCH_DECK_20260811.pdf)
[deck_writer] FNF: deck emailed (FNF_PITCH_DECK_20260811.pdf)
[court_runner] 2026-08-11T16:46:35Z
  APP COURT_BLUE -> ADJUDICATE (APP_COURT_BLUE_202608111622.md)
  WVE COURT_BLUE: VALIDATOR REJECTED (no DETECTORS CONSULTED section (R1.11 — every dispatch-matched atlas entry needs a FIRED/NOT-FIRED/UNCHECKABLE disposition)) — output not persisted to queue
  FNF COURT_BLUE -> ADJUDICATE (FNF_COURT_BLUE_202608111631.md)
  WIE.VIE COURT_RED: 1 kg_candidate(s) harvested
  WIE.VIE COURT_RED -> COURT_BLUE (WIE_VIE_COURT_RED_202608111637.md)
  FVRR REFUTABILITY -> COURT_RED (FVRR_REFUTABILITY_202608111646.md)
  AWAITING ADJUDICATION (session job — pitch doc + verdict + wiring): ['APP', 'UXIN', 'KLAR', 'DGXX', 'BULL', 'EVGO', 'INV', 'AKBA', 'GLXY', 'YSG', 'STUB', 'ABR', 'AIRO', 'YB', 'MLCO', 'FNF']
positions request timed out
account updates for ACCOUNT_ALPHA request timed out
/Users/ajay/Library/Python/3.9/lib/python/site-packages/urllib3/__init__.py:35: NotOpenSSLWarning: urllib3 v2 only supports OpenSSL 1.1.1+, currently the 'ssl' module is compiled with 'LibreSSL 2.8.3'. See: https://github.com/urllib3/urllib3/issues/3020
  warnings.warn(

===== 2026-08-11 12:33 (desk) =====
[court_runner] 2026-08-11T19:33:55Z
  INFRA FAILURE (not-logged-in) — aborting the whole drain (every dispatch would fail; no validator-reject rows written)

positions request timed out
account updates for ACCOUNT_ALPHA request timed out
/Users/ajay/Library/Python/3.9/lib/python/site-packages/urllib3/__init__.py:35: NotOpenSSLWarning: urllib3 v2 only supports OpenSSL 1.1.1+, currently the 'ssl' module is compiled with 'LibreSSL 2.8.3'. See: https://github.com/urllib3/urllib3/issues/3020
  warnings.warn(
positions request timed out
account updates for ACCOUNT_ALPHA request timed out
positions request timed out
account updates for ACCOUNT_ALPHA request timed out
positions request timed out
account updates for ACCOUNT_ALPHA request timed out
positions request timed out
account updates for ACCOUNT_ALPHA request timed out
positions request timed out
account updates for ACCOUNT_ALPHA request timed out
[court_runner] 2026-08-11T20:03:20Z
  WVE COURT_BLUE: VALIDATOR REJECTED (no DETECTORS CONSULTED section (R1.11 — every dispatch-matched atlas entry needs a FIRED/NOT-FIRED/UNCHECKABLE disposition)) — output not persisted to queue
  WIE.VIE COURT_BLUE: VALIDATOR REJECTED (no DETECTORS CONSULTED section (R1.11 — every dispatch-matched atlas entry needs a FIRED/NOT-FIRED/UNCHECKABLE disposition)) — output not persisted to queue
  FVRR COURT_RED: 1 kg_candidate(s) harvested
  FVRR COURT_RED -> COURT_BLUE (FVRR_COURT_RED_202608111946.md)
  AVXL REFUTABILITY -> KILLED (AVXL_REFUTABILITY_202608111951.md)
  PSNY REFUTABILITY -> KILLED (PSNY_REFUTABILITY_202608111958.md)
  WDH REFUTABILITY -> COURT_RED (WDH_REFUTABILITY_202608112003.md)
  AWAITING ADJUDICATION (session job — pitch doc + verdict + wiring): ['WVE']
positions request timed out
account updates for ACCOUNT_ALPHA request timed out
/Users/ajay/Library/Python/3.9/lib/python/site-packages/urllib3/__init__.py:35: NotOpenSSLWarning: urllib3 v2 only supports OpenSSL 1.1.1+, currently the 'ssl' module is compiled with 'LibreSSL 2.8.3'. See: https://github.com/urllib3/urllib3/issues/3020
  warnings.warn(
positions request timed out
account updates for ACCOUNT_ALPHA request timed out
positions request timed out
account updates for ACCOUNT_ALPHA request timed out
positions request timed out
account updates for ACCOUNT_ALPHA request timed out
positions request timed out
account updates for ACCOUNT_ALPHA request timed out
positions request timed out
account updates for ACCOUNT_ALPHA request timed out
positions request timed out
account updates for ACCOUNT_ALPHA request timed out

===== 2026-08-11 14:33 (desk) =====
[court_runner] 2026-08-11T21:33:56Z
  INFRA FAILURE (not-logged-in) — aborting the whole drain (every dispatch would fail; no validator-reject rows written)

positions request timed out
account updates for ACCOUNT_ALPHA request timed out
/Users/ajay/Library/Python/3.9/lib/python/site-packages/urllib3/__init__.py:35: NotOpenSSLWarning: urllib3 v2 only supports OpenSSL 1.1.1+, currently the 'ssl' module is compiled with 'LibreSSL 2.8.3'. See: https://github.com/urllib3/urllib3/issues/3020
  warnings.warn(
[deck_writer] WIE.VIE: deck emailed (WIE_VIE_PITCH_DECK_20260811.pdf)
[court_runner] 2026-08-11T21:35:09Z
  FVRR COURT_BLUE: VALIDATOR REJECTED (no DETECTORS CONSULTED section (R1.11 — every dispatch-matched atlas entry needs a FIRED/NOT-FIRED/UNCHECKABLE disposition)) — output not persisted to queue
  WIE.VIE COURT_BLUE -> ADJUDICATE (WIE_VIE_COURT_BLUE_202608112109.md)
  WDH COURT_RED: VALIDATOR REJECTED (no primary citation (http) anywhere in the output) — output not persisted to queue
  WING REFUTABILITY -> COURT_RED (WING_REFUTABILITY_202608112120.md)
  MLTX REFUTABILITY -> COURT_RED (MLTX_REFUTABILITY_202608112128.md)
  CSHR REFUTABILITY -> COURT_RED (CSHR_REFUTABILITY_202608112135.md)
  AWAITING ADJUDICATION (session job — pitch doc + verdict + wiring): ['WIE.VIE']
positions request timed out
account updates for ACCOUNT_ALPHA request timed out
/Users/ajay/Library/Python/3.9/lib/python/site-packages/urllib3/__init__.py:35: NotOpenSSLWarning: urllib3 v2 only supports OpenSSL 1.1.1+, currently the 'ssl' module is compiled with 'LibreSSL 2.8.3'. See: https://github.com/urllib3/urllib3/issues/3020
  warnings.warn(
positions request timed out
account updates for ACCOUNT_ALPHA request timed out
positions request timed out
account updates for ACCOUNT_ALPHA request timed out
JEN.BR: No earnings dates found, symbol may be delisted
positions request timed out
account updates for ACCOUNT_ALPHA request timed out
JEN.BR: No earnings dates found, symbol may be delisted
positions request timed out
account updates for ACCOUNT_ALPHA request timed out
7722.T: No earnings dates found, symbol may be delisted
positions request timed out
account updates for ACCOUNT_ALPHA request timed out
7722.T: No earnings dates found, symbol may be delisted
positions request timed out
account updates for ACCOUNT_ALPHA request timed out
[deck_writer] FVRR: deck emailed (FVRR_PITCH_DECK_20260811.pdf)
[deck_writer] JEN.BR: deck emailed (JEN_BR_PITCH_DECK_20260811.pdf)
[deck_writer] 7722.T: deck emailed (7722_T_PITCH_DECK_20260811.pdf)
[court_runner] 2026-08-11T22:58:03Z
  FVRR COURT_BLUE: PACK-MISQUOTE WARN (dd52: bench quotes +68.8 vs pack -68.8)
  FVRR COURT_BLUE -> ADJUDICATE (FVRR_COURT_BLUE_202608112238.md)
  JEN.BR COURT_BLUE: PACK-MISQUOTE WARN (dd52: bench quotes +28.9 vs pack -19.6)
  JEN.BR COURT_BLUE -> ADJUDICATE (JEN_BR_COURT_BLUE_202608112245.md)
  7722.T COURT_BLUE -> ADJUDICATE (7722_T_COURT_BLUE_202608112251.md)
  WDH COURT_RED: PACK-MISQUOTE WARN (dd52: bench quotes +54.1 vs pack -54.1)
  WDH COURT_RED -> COURT_BLUE (WDH_COURT_RED_202608112258.md)
  AWAITING ADJUDICATION (session job — pitch doc + verdict + wiring): ['FVRR', 'W5.ST', 'JEN.BR', '7722.T']

===== 2026-08-11 16:34 (desk) =====
[court_runner] 2026-08-11T23:34:50Z
  INFRA FAILURE (not-logged-in) — aborting the whole drain (every dispatch would fail; no validator-reject rows written)

positions request timed out
account updates for ACCOUNT_ALPHA request timed out
/Users/ajay/Library/Python/3.9/lib/python/site-packages/urllib3/__init__.py:35: NotOpenSSLWarning: urllib3 v2 only supports OpenSSL 1.1.1+, currently the 'ssl' module is compiled with 'LibreSSL 2.8.3'. See: https://github.com/urllib3/urllib3/issues/3020
  warnings.warn(
positions request timed out
account updates for ACCOUNT_ALPHA request timed out
/Users/ajay/Library/Python/3.9/lib/python/site-packages/urllib3/__init__.py:35: NotOpenSSLWarning: urllib3 v2 only supports OpenSSL 1.1.1+, currently the 'ssl' module is compiled with 'LibreSSL 2.8.3'. See: https://github.com/urllib3/urllib3/issues/3020
  warnings.warn(
positions request timed out
account updates for ACCOUNT_ALPHA request timed out
positions request timed out
account updates for ACCOUNT_ALPHA request timed out
positions request timed out
account updates for ACCOUNT_ALPHA request timed out
positions request timed out
account updates for ACCOUNT_ALPHA request timed out
[court_runner] 2026-08-12T00:22:23Z
  WDH COURT_BLUE: VALIDATOR REJECTED (no primary citation (http) anywhere in the output) — output not persisted to queue
  WING COURT_RED: PACK-MISQUOTE WARN (dd52: bench quotes +67.8 vs pack -67.8)
  WING COURT_RED: 1 kg_candidate(s) harvested
  WING COURT_RED -> COURT_BLUE (WING_COURT_RED_202608120006.md)
  MLTX COURT_RED: PACK-MISQUOTE WARN (dd52: bench quotes +73.6 vs pack -73.6)
  MLTX COURT_RED: 1 kg_candidate(s) harvested
  MLTX COURT_RED -> COURT_BLUE (MLTX_COURT_RED_202608120012.md)
  CSHR COURT_RED: PACK-MISQUOTE WARN (dd52: bench quotes +53.2 vs pack -53.2)
  CSHR COURT_RED: 1 kg_candidate(s) harvested
  CSHR COURT_RED -> COURT_BLUE (CSHR_COURT_RED_202608120017.md)
  CWH REFUTABILITY -> COURT_RED (CWH_REFUTABILITY_202608120022.md)
  AWAITING ADJUDICATION (session job — pitch doc + verdict + wiring): ['FVRR', 'W5.ST', 'JEN.BR', '7722.T']
positions request timed out
account updates for ACCOUNT_ALPHA request timed out
/Users/ajay/Library/Python/3.9/lib/python/site-packages/urllib3/__init__.py:35: NotOpenSSLWarning: urllib3 v2 only supports OpenSSL 1.1.1+, currently the 'ssl' module is compiled with 'LibreSSL 2.8.3'. See: https://github.com/urllib3/urllib3/issues/3020
  warnings.warn(
positions request timed out
account updates for ACCOUNT_ALPHA request timed out
positions request timed out
account updates for ACCOUNT_ALPHA request timed out
positions request timed out
account updates for ACCOUNT_ALPHA request timed out

===== 2026-08-11 18:33 (desk) =====
[court_runner] 2026-08-12T01:33:57Z
  INFRA FAILURE (not-logged-in) — aborting the whole drain (every dispatch would fail; no validator-reject rows written)

Error 326, reqId -1: Unable to connect as the client id is already in use. Retry with a unique client id.
Peer closed connection. clientId 43 already in use?
API connection failed: TimeoutError()
/Users/ajay/Library/Python/3.9/lib/python/site-packages/urllib3/__init__.py:35: NotOpenSSLWarning: urllib3 v2 only supports OpenSSL 1.1.1+, currently the 'ssl' module is compiled with 'LibreSSL 2.8.3'. See: https://github.com/urllib3/urllib3/issues/3020
  warnings.warn(
positions request timed out
account updates for ACCOUNT_ALPHA request timed out
positions request timed out
account updates for ACCOUNT_ALPHA request timed out
positions request timed out
account updates for ACCOUNT_ALPHA request timed out
positions request timed out
account updates for ACCOUNT_ALPHA request timed out
[deck_writer] MLTX: deck emailed (MLTX_PITCH_DECK_20260811.pdf)
[court_runner] 2026-08-12T01:56:28Z
  WDH COURT_BLUE: VALIDATOR REJECTED (no DETECTORS CONSULTED section (R1.11 — every dispatch-matched atlas entry needs a FIRED/NOT-FIRED/UNCHECKABLE disposition)) — output not persisted to queue
  WING COURT_BLUE: VALIDATOR REJECTED (no primary citation (http) anywhere in the output) — output not persisted to queue
  MLTX COURT_BLUE: PACK-MISQUOTE WARN (dd52: bench quotes +73.6 vs pack -73.6)
  MLTX COURT_BLUE -> ADJUDICATE (MLTX_COURT_BLUE_202608120133.md)
  CSHR COURT_BLUE: VALIDATOR REJECTED (no DETECTORS CONSULTED section (R1.11 — every dispatch-matched atlas entry needs a FIRED/NOT-FIRED/UNCHECKABLE disposition)) — output not persisted to queue
  CWH COURT_RED: PACK-MISQUOTE WARN (dd52: bench quotes +65.4 vs pack -65.4)
  CWH COURT_RED: 1 kg_candidate(s) harvested
  CWH COURT_RED -> COURT_BLUE (CWH_COURT_RED_202608120143.md)
  GOTU REFUTABILITY -> COURT_RED (GOTU_REFUTABILITY_202608120151.md)
  FBYD REFUTABILITY -> KILLED (FBYD_REFUTABILITY_202608120156.md)
  AWAITING ADJUDICATION (session job — pitch doc + verdict + wiring): ['FVRR', 'MLTX', 'W5.ST', 'JEN.BR', '7722.T']
positions request timed out
account updates for ACCOUNT_ALPHA request timed out
/Users/ajay/Library/Python/3.9/lib/python/site-packages/urllib3/__init__.py:35: NotOpenSSLWarning: urllib3 v2 only supports OpenSSL 1.1.1+, currently the 'ssl' module is compiled with 'LibreSSL 2.8.3'. See: https://github.com/urllib3/urllib3/issues/3020
  warnings.warn(
positions request timed out
account updates for ACCOUNT_ALPHA request timed out
positions request timed out
account updates for ACCOUNT_ALPHA request timed out
positions request timed out
account updates for ACCOUNT_ALPHA request timed out
positions request timed out
account updates for ACCOUNT_ALPHA request timed out
positions request timed out
account updates for ACCOUNT_ALPHA request timed out
positions request timed out
account updates for ACCOUNT_ALPHA request timed out
positions request timed out
account updates for ACCOUNT_ALPHA request timed out
[deck_writer] WING: deck emailed (WING_PITCH_DECK_20260811.pdf)
[deck_writer] CWH: deck emailed (CWH_PITCH_DECK_20260811.pdf)
[court_runner] 2026-08-12T03:26:22Z
  WDH COURT_BLUE: VALIDATOR REJECTED (no DETECTORS CONSULTED section (R1.11 — every dispatch-matched atlas entry needs a FIRED/NOT-FIRED/UNCHECKABLE disposition)) — output not persisted to queue
  WING COURT_BLUE: PACK-MISQUOTE WARN (dd52: bench quotes +67.8 vs pack -67.8)
  WING COURT_BLUE -> ADJUDICATE (WING_COURT_BLUE_202608120302.md)
  CSHR COURT_BLUE: VALIDATOR REJECTED (no DETECTORS CONSULTED section (R1.11 — every dispatch-matched atlas entry needs a FIRED/NOT-FIRED/UNCHECKABLE disposition)) — output not persisted to queue
  CWH COURT_BLUE: PACK-MISQUOTE WARN (dd52: bench quotes +65.4 vs pack -65.4)
  CWH COURT_BLUE -> ADJUDICATE (CWH_COURT_BLUE_202608120313.md)
  GOTU COURT_RED: PACK-MISQUOTE WARN (dd52: bench quotes +56.3 vs pack -56.3)
  GOTU COURT_RED: 2 kg_candidate(s) harvested
  GOTU COURT_RED -> COURT_BLUE (GOTU_COURT_RED_202608120319.md)
  SPCE REFUTABILITY -> KILLED (SPCE_REFUTABILITY_202608120326.md)
  AWAITING ADJUDICATION (session job — pitch doc + verdict + wiring): ['FVRR', 'WING', 'MLTX', 'CWH', 'W5.ST', 'JEN.BR', '7722.T']

===== 2026-08-11 20:33 (desk) =====
[court_runner] 2026-08-12T03:33:52Z
  INFRA FAILURE (not-logged-in) — aborting the whole drain (every dispatch would fail; no validator-reject rows written)

positions request timed out
account updates for ACCOUNT_ALPHA request timed out
/Users/ajay/Library/Python/3.9/lib/python/site-packages/urllib3/__init__.py:35: NotOpenSSLWarning: urllib3 v2 only supports OpenSSL 1.1.1+, currently the 'ssl' module is compiled with 'LibreSSL 2.8.3'. See: https://github.com/urllib3/urllib3/issues/3020
  warnings.warn(
positions request timed out
account updates for ACCOUNT_ALPHA request timed out
/Users/ajay/Library/Python/3.9/lib/python/site-packages/urllib3/__init__.py:35: NotOpenSSLWarning: urllib3 v2 only supports OpenSSL 1.1.1+, currently the 'ssl' module is compiled with 'LibreSSL 2.8.3'. See: https://github.com/urllib3/urllib3/issues/3020
  warnings.warn(
positions request timed out
account updates for ACCOUNT_ALPHA request timed out
positions request timed out
account updates for ACCOUNT_ALPHA request timed out
positions request timed out
account updates for ACCOUNT_ALPHA request timed out
positions request timed out
account updates for ACCOUNT_ALPHA request timed out
positions request timed out
account updates for ACCOUNT_ALPHA request timed out
positions request timed out
account updates for ACCOUNT_ALPHA request timed out
[deck_writer] WDH: deck emailed (WDH_PITCH_DECK_20260811.pdf)
[court_runner] 2026-08-12T04:57:25Z
  WDH COURT_BLUE -> ADJUDICATE (WDH_COURT_BLUE_202608120429.md)
  CSHR COURT_BLUE: VALIDATOR REJECTED (no DETECTORS CONSULTED section (R1.11 — every dispatch-matched atlas entry needs a FIRED/NOT-FIRED/UNCHECKABLE disposition)) — output not persisted to queue
  GOTU COURT_BLUE: VALIDATOR REJECTED (no DETECTORS CONSULTED section (R1.11 — every dispatch-matched atlas entry needs a FIRED/NOT-FIRED/UNCHECKABLE disposition)) — output not persisted to queue
  UAMY REFUTABILITY -> COURT_RED (UAMY_REFUTABILITY_202608120442.md)
  PGY REFUTABILITY -> COURT_RED (PGY_REFUTABILITY_202608120448.md)
  LUNR REFUTABILITY -> ADJUDICATE (LUNR_REFUTABILITY_202608120457.md)
  AWAITING ADJUDICATION (session job — pitch doc + verdict + wiring): ['FVRR', 'WDH', 'WING', 'MLTX', 'CWH', 'LUNR', 'W5.ST', 'JEN.BR', '7722.T']

===== 2026-08-11 22:34 (desk) =====
[court_runner] 2026-08-12T05:34:08Z
  INFRA FAILURE (not-logged-in) — aborting the whole drain (every dispatch would fail; no validator-reject rows written)

positions request timed out
account updates for ACCOUNT_ALPHA request timed out
/Users/ajay/Library/Python/3.9/lib/python/site-packages/urllib3/__init__.py:35: NotOpenSSLWarning: urllib3 v2 only supports OpenSSL 1.1.1+, currently the 'ssl' module is compiled with 'LibreSSL 2.8.3'. See: https://github.com/urllib3/urllib3/issues/3020
  warnings.warn(
positions request timed out
account updates for ACCOUNT_ALPHA request timed out
/Users/ajay/Library/Python/3.9/lib/python/site-packages/urllib3/__init__.py:35: NotOpenSSLWarning: urllib3 v2 only supports OpenSSL 1.1.1+, currently the 'ssl' module is compiled with 'LibreSSL 2.8.3'. See: https://github.com/urllib3/urllib3/issues/3020
  warnings.warn(
positions request timed out
account updates for ACCOUNT_ALPHA request timed out
positions request timed out
account updates for ACCOUNT_ALPHA request timed out
positions request timed out
account updates for ACCOUNT_ALPHA request timed out
positions request timed out
account updates for ACCOUNT_ALPHA request timed out
Error 326, reqId -1: Unable to connect as the client id is already in use. Retry with a unique client id.
Peer closed connection. clientId 43 already in use?
API connection failed: TimeoutError()
positions request timed out
account updates for ACCOUNT_ALPHA request timed out
[deck_writer] CSHR: deck emailed (CSHR_PITCH_DECK_20260811.pdf)
[court_runner] 2026-08-12T06:25:25Z
  CSHR COURT_BLUE -> ADJUDICATE (CSHR_COURT_BLUE_202608120600.md)
  GOTU COURT_BLUE: VALIDATOR REJECTED (no DETECTORS CONSULTED section (R1.11 — every dispatch-matched atlas entry needs a FIRED/NOT-FIRED/UNCHECKABLE disposition)) — output not persisted to queue
  UAMY COURT_RED: VALIDATOR REJECTED (no primary citation (http) anywhere in the output) — output not persisted to queue
  PGY COURT_RED: 1 kg_candidate(s) harvested
  PGY COURT_RED -> COURT_BLUE (PGY_COURT_RED_202608120613.md)
  TMS REFUTABILITY -> KILLED (TMS_REFUTABILITY_202608120620.md)
  TME REFUTABILITY -> COURT_RED (TME_REFUTABILITY_202608120625.md)
  AWAITING ADJUDICATION (session job — pitch doc + verdict + wiring): ['WDH', 'WING', 'MLTX', 'CSHR', 'CWH', 'LUNR', 'W5.ST', 'JEN.BR', '7722.T']
/Users/ajay/Library/Python/3.9/lib/python/site-packages/urllib3/__init__.py:35: NotOpenSSLWarning: urllib3 v2 only supports OpenSSL 1.1.1+, currently the 'ssl' module is compiled with 'LibreSSL 2.8.3'. See: https://github.com/urllib3/urllib3/issues/3020
  warnings.warn(
[court_runner] 2026-08-12T14:38:11Z
  INFRA FAILURE (infra:limit) — aborting the whole drain (every dispatch would fail; no validator-reject rows written)

===== 2026-08-12 07:38 (desk) =====
[court_runner] 2026-08-12T14:38:17Z
  INFRA FAILURE (not-logged-in) — aborting the whole drain (every dispatch would fail; no validator-reject rows written)

/Users/ajay/Library/Python/3.9/lib/python/site-packages/urllib3/__init__.py:35: NotOpenSSLWarning: urllib3 v2 only supports OpenSSL 1.1.1+, currently the 'ssl' module is compiled with 'LibreSSL 2.8.3'. See: https://github.com/urllib3/urllib3/issues/3020
  warnings.warn(
API connection failed: ConnectionRefusedError(61, "Connect call failed ('127.0.0.1', 4001)")
Make sure API port on TWS/IBG is open
/Users/ajay/Library/Python/3.9/lib/python/site-packages/urllib3/__init__.py:35: NotOpenSSLWarning: urllib3 v2 only supports OpenSSL 1.1.1+, currently the 'ssl' module is compiled with 'LibreSSL 2.8.3'. See: https://github.com/urllib3/urllib3/issues/3020
  warnings.warn(
[court_runner] 2026-08-12T15:41:28Z
  INFRA FAILURE (infra:limit) — aborting the whole drain (every dispatch would fail; no validator-reject rows written)

===== 2026-08-12 09:33 (desk) =====
[court_runner] 2026-08-12T16:33:05Z
  INFRA FAILURE (not-logged-in) — aborting the whole drain (every dispatch would fail; no validator-reject rows written)

API connection failed: ConnectionRefusedError(61, "Connect call failed ('127.0.0.1', 4001)")
Make sure API port on TWS/IBG is open
/Users/ajay/Library/Python/3.9/lib/python/site-packages/urllib3/__init__.py:35: NotOpenSSLWarning: urllib3 v2 only supports OpenSSL 1.1.1+, currently the 'ssl' module is compiled with 'LibreSSL 2.8.3'. See: https://github.com/urllib3/urllib3/issues/3020
  warnings.warn(
API connection failed: ConnectionRefusedError(61, "Connect call failed ('127.0.0.1', 4001)")
Make sure API port on TWS/IBG is open
/Users/ajay/Library/Python/3.9/lib/python/site-packages/urllib3/__init__.py:35: NotOpenSSLWarning: urllib3 v2 only supports OpenSSL 1.1.1+, currently the 'ssl' module is compiled with 'LibreSSL 2.8.3'. See: https://github.com/urllib3/urllib3/issues/3020
  warnings.warn(
[court_runner] 2026-08-12T16:41:39Z
  INFRA FAILURE (infra:limit) — aborting the whole drain (every dispatch would fail; no validator-reject rows written)
API connection failed: ConnectionRefusedError(61, "Connect call failed ('127.0.0.1', 4001)")
Make sure API port on TWS/IBG is open
/Users/ajay/Library/Python/3.9/lib/python/site-packages/urllib3/__init__.py:35: NotOpenSSLWarning: urllib3 v2 only supports OpenSSL 1.1.1+, currently the 'ssl' module is compiled with 'LibreSSL 2.8.3'. See: https://github.com/urllib3/urllib3/issues/3020
  warnings.warn(
[court_runner] 2026-08-12T17:41:51Z
  INFRA FAILURE (infra:limit) — aborting the whole drain (every dispatch would fail; no validator-reject rows written)

===== 2026-08-12 11:33 (desk) =====
[court_runner] 2026-08-12T18:33:08Z
  INFRA FAILURE (not-logged-in) — aborting the whole drain (every dispatch would fail; no validator-reject rows written)

API connection failed: ConnectionRefusedError(61, "Connect call failed ('127.0.0.1', 4001)")
Make sure API port on TWS/IBG is open
/Users/ajay/Library/Python/3.9/lib/python/site-packages/urllib3/__init__.py:35: NotOpenSSLWarning: urllib3 v2 only supports OpenSSL 1.1.1+, currently the 'ssl' module is compiled with 'LibreSSL 2.8.3'. See: https://github.com/urllib3/urllib3/issues/3020
  warnings.warn(
API connection failed: ConnectionRefusedError(61, "Connect call failed ('127.0.0.1', 4001)")
Make sure API port on TWS/IBG is open
/Users/ajay/Library/Python/3.9/lib/python/site-packages/urllib3/__init__.py:35: NotOpenSSLWarning: urllib3 v2 only supports OpenSSL 1.1.1+, currently the 'ssl' module is compiled with 'LibreSSL 2.8.3'. See: https://github.com/urllib3/urllib3/issues/3020
  warnings.warn(
[court_runner] 2026-08-12T18:42:00Z
  INFRA FAILURE (infra:limit) — aborting the whole drain (every dispatch would fail; no validator-reject rows written)
API connection failed: ConnectionRefusedError(61, "Connect call failed ('127.0.0.1', 4001)")
Make sure API port on TWS/IBG is open
/Users/ajay/Library/Python/3.9/lib/python/site-packages/urllib3/__init__.py:35: NotOpenSSLWarning: urllib3 v2 only supports OpenSSL 1.1.1+, currently the 'ssl' module is compiled with 'LibreSSL 2.8.3'. See: https://github.com/urllib3/urllib3/issues/3020
  warnings.warn(
[court_runner] 2026-08-12T19:42:09Z
  INFRA FAILURE (infra:limit) — aborting the whole drain (every dispatch would fail; no validator-reject rows written)

===== 2026-08-12 13:33 (desk) =====
[court_runner] 2026-08-12T20:33:03Z
  INFRA FAILURE (not-logged-in) — aborting the whole drain (every dispatch would fail; no validator-reject rows written)

API connection failed: ConnectionRefusedError(61, "Connect call failed ('127.0.0.1', 4001)")
Make sure API port on TWS/IBG is open
/Users/ajay/Library/Python/3.9/lib/python/site-packages/urllib3/__init__.py:35: NotOpenSSLWarning: urllib3 v2 only supports OpenSSL 1.1.1+, currently the 'ssl' module is compiled with 'LibreSSL 2.8.3'. See: https://github.com/urllib3/urllib3/issues/3020
  warnings.warn(
API connection failed: ConnectionRefusedError(61, "Connect call failed ('127.0.0.1', 4001)")
Make sure API port on TWS/IBG is open
/Users/ajay/Library/Python/3.9/lib/python/site-packages/urllib3/__init__.py:35: NotOpenSSLWarning: urllib3 v2 only supports OpenSSL 1.1.1+, currently the 'ssl' module is compiled with 'LibreSSL 2.8.3'. See: https://github.com/urllib3/urllib3/issues/3020
  warnings.warn(
[court_runner] 2026-08-12T20:42:18Z
  INFRA FAILURE (infra:limit) — aborting the whole drain (every dispatch would fail; no validator-reject rows written)
API connection failed: ConnectionRefusedError(61, "Connect call failed ('127.0.0.1', 4001)")
Make sure API port on TWS/IBG is open
/Users/ajay/Library/Python/3.9/lib/python/site-packages/urllib3/__init__.py:35: NotOpenSSLWarning: urllib3 v2 only supports OpenSSL 1.1.1+, currently the 'ssl' module is compiled with 'LibreSSL 2.8.3'. See: https://github.com/urllib3/urllib3/issues/3020
  warnings.warn(
[court_runner] 2026-08-12T21:42:28Z
  INFRA FAILURE (infra:limit) — aborting the whole drain (every dispatch would fail; no validator-reject rows written)

===== 2026-08-12 15:33 (desk) =====
[court_runner] 2026-08-12T22:33:01Z
  INFRA FAILURE (not-logged-in) — aborting the whole drain (every dispatch would fail; no validator-reject rows written)

API connection failed: ConnectionRefusedError(61, "Connect call failed ('127.0.0.1', 4001)")
Make sure API port on TWS/IBG is open
/Users/ajay/Library/Python/3.9/lib/python/site-packages/urllib3/__init__.py:35: NotOpenSSLWarning: urllib3 v2 only supports OpenSSL 1.1.1+, currently the 'ssl' module is compiled with 'LibreSSL 2.8.3'. See: https://github.com/urllib3/urllib3/issues/3020
  warnings.warn(
API connection failed: ConnectionRefusedError(61, "Connect call failed ('127.0.0.1', 4001)")
Make sure API port on TWS/IBG is open
/Users/ajay/Library/Python/3.9/lib/python/site-packages/urllib3/__init__.py:35: NotOpenSSLWarning: urllib3 v2 only supports OpenSSL 1.1.1+, currently the 'ssl' module is compiled with 'LibreSSL 2.8.3'. See: https://github.com/urllib3/urllib3/issues/3020
  warnings.warn(
[court_runner] 2026-08-12T22:42:38Z
  INFRA FAILURE (infra:limit) — aborting the whole drain (every dispatch would fail; no validator-reject rows written)
API connection failed: ConnectionRefusedError(61, "Connect call failed ('127.0.0.1', 4001)")
Make sure API port on TWS/IBG is open
/Users/ajay/Library/Python/3.9/lib/python/site-packages/urllib3/__init__.py:35: NotOpenSSLWarning: urllib3 v2 only supports OpenSSL 1.1.1+, currently the 'ssl' module is compiled with 'LibreSSL 2.8.3'. See: https://github.com/urllib3/urllib3/issues/3020
  warnings.warn(
[court_runner] 2026-08-13T00:06:57Z
  INFRA FAILURE (infra:limit) — aborting the whole drain (every dispatch would fail; no validator-reject rows written)

===== 2026-08-12 17:33 (desk) =====
[court_runner] 2026-08-13T00:33:47Z
  INFRA FAILURE (not-logged-in) — aborting the whole drain (every dispatch would fail; no validator-reject rows written)

API connection failed: ConnectionRefusedError(61, "Connect call failed ('127.0.0.1', 4001)")
Make sure API port on TWS/IBG is open
/Users/ajay/Library/Python/3.9/lib/python/site-packages/urllib3/__init__.py:35: NotOpenSSLWarning: urllib3 v2 only supports OpenSSL 1.1.1+, currently the 'ssl' module is compiled with 'LibreSSL 2.8.3'. See: https://github.com/urllib3/urllib3/issues/3020
  warnings.warn(
API connection failed: ConnectionRefusedError(61, "Connect call failed ('127.0.0.1', 4001)")
Make sure API port on TWS/IBG is open
/Users/ajay/Library/Python/3.9/lib/python/site-packages/urllib3/__init__.py:35: NotOpenSSLWarning: urllib3 v2 only supports OpenSSL 1.1.1+, currently the 'ssl' module is compiled with 'LibreSSL 2.8.3'. See: https://github.com/urllib3/urllib3/issues/3020
  warnings.warn(
[court_runner] 2026-08-13T01:07:07Z
  INFRA FAILURE (infra:limit) — aborting the whole drain (every dispatch would fail; no validator-reject rows written)
API connection failed: ConnectionRefusedError(61, "Connect call failed ('127.0.0.1', 4001)")
Make sure API port on TWS/IBG is open
/Users/ajay/Library/Python/3.9/lib/python/site-packages/urllib3/__init__.py:35: NotOpenSSLWarning: urllib3 v2 only supports OpenSSL 1.1.1+, currently the 'ssl' module is compiled with 'LibreSSL 2.8.3'. See: https://github.com/urllib3/urllib3/issues/3020
  warnings.warn(
[court_runner] 2026-08-13T02:07:17Z
  INFRA FAILURE (infra:limit) — aborting the whole drain (every dispatch would fail; no validator-reject rows written)

===== 2026-08-12 19:32 (desk) =====
[court_runner] 2026-08-13T02:32:57Z
  INFRA FAILURE (not-logged-in) — aborting the whole drain (every dispatch would fail; no validator-reject rows written)

API connection failed: ConnectionRefusedError(61, "Connect call failed ('127.0.0.1', 4001)")
Make sure API port on TWS/IBG is open
/Users/ajay/Library/Python/3.9/lib/python/site-packages/urllib3/__init__.py:35: NotOpenSSLWarning: urllib3 v2 only supports OpenSSL 1.1.1+, currently the 'ssl' module is compiled with 'LibreSSL 2.8.3'. See: https://github.com/urllib3/urllib3/issues/3020
  warnings.warn(
API connection failed: ConnectionRefusedError(61, "Connect call failed ('127.0.0.1', 4001)")
Make sure API port on TWS/IBG is open
/Users/ajay/Library/Python/3.9/lib/python/site-packages/urllib3/__init__.py:35: NotOpenSSLWarning: urllib3 v2 only supports OpenSSL 1.1.1+, currently the 'ssl' module is compiled with 'LibreSSL 2.8.3'. See: https://github.com/urllib3/urllib3/issues/3020
  warnings.warn(
[court_runner] 2026-08-13T03:07:28Z
  INFRA FAILURE (infra:limit) — aborting the whole drain (every dispatch would fail; no validator-reject rows written)
API connection failed: ConnectionRefusedError(61, "Connect call failed ('127.0.0.1', 4001)")
Make sure API port on TWS/IBG is open
/Users/ajay/Library/Python/3.9/lib/python/site-packages/urllib3/__init__.py:35: NotOpenSSLWarning: urllib3 v2 only supports OpenSSL 1.1.1+, currently the 'ssl' module is compiled with 'LibreSSL 2.8.3'. See: https://github.com/urllib3/urllib3/issues/3020
  warnings.warn(
[court_runner] 2026-08-13T04:07:38Z
  INFRA FAILURE (infra:limit) — aborting the whole drain (every dispatch would fail; no validator-reject rows written)

===== 2026-08-12 21:33 (desk) =====
[court_runner] 2026-08-13T04:33:42Z
  INFRA FAILURE (not-logged-in) — aborting the whole drain (every dispatch would fail; no validator-reject rows written)

API connection failed: ConnectionRefusedError(61, "Connect call failed ('127.0.0.1', 4001)")
Make sure API port on TWS/IBG is open
/Users/ajay/Library/Python/3.9/lib/python/site-packages/urllib3/__init__.py:35: NotOpenSSLWarning: urllib3 v2 only supports OpenSSL 1.1.1+, currently the 'ssl' module is compiled with 'LibreSSL 2.8.3'. See: https://github.com/urllib3/urllib3/issues/3020
  warnings.warn(
API connection failed: ConnectionRefusedError(61, "Connect call failed ('127.0.0.1', 4001)")
Make sure API port on TWS/IBG is open
/Users/ajay/Library/Python/3.9/lib/python/site-packages/urllib3/__init__.py:35: NotOpenSSLWarning: urllib3 v2 only supports OpenSSL 1.1.1+, currently the 'ssl' module is compiled with 'LibreSSL 2.8.3'. See: https://github.com/urllib3/urllib3/issues/3020
  warnings.warn(
[court_runner] 2026-08-13T05:07:48Z
  INFRA FAILURE (infra:limit) — aborting the whole drain (every dispatch would fail; no validator-reject rows written)
API connection failed: ConnectionRefusedError(61, "Connect call failed ('127.0.0.1', 4001)")
Make sure API port on TWS/IBG is open
/Users/ajay/Library/Python/3.9/lib/python/site-packages/urllib3/__init__.py:35: NotOpenSSLWarning: urllib3 v2 only supports OpenSSL 1.1.1+, currently the 'ssl' module is compiled with 'LibreSSL 2.8.3'. See: https://github.com/urllib3/urllib3/issues/3020
  warnings.warn(
[court_runner] 2026-08-13T06:14:37Z
  INFRA FAILURE (infra:limit) — aborting the whole drain (every dispatch would fail; no validator-reject rows written)

===== 2026-08-12 23:35 (desk) =====
[court_runner] 2026-08-13T06:35:07Z
  INFRA FAILURE (not-logged-in) — aborting the whole drain (every dispatch would fail; no validator-reject rows written)

API connection failed: ConnectionRefusedError(61, "Connect call failed ('127.0.0.1', 4001)")
Make sure API port on TWS/IBG is open
/Users/ajay/Library/Python/3.9/lib/python/site-packages/urllib3/__init__.py:35: NotOpenSSLWarning: urllib3 v2 only supports OpenSSL 1.1.1+, currently the 'ssl' module is compiled with 'LibreSSL 2.8.3'. See: https://github.com/urllib3/urllib3/issues/3020
  warnings.warn(

===== 2026-08-13 03:02 (desk) =====
[court_runner] 2026-08-13T10:02:53Z
  INFRA FAILURE (not-logged-in) — aborting the whole drain (every dispatch would fail; no validator-reject rows written)

API connection failed: ConnectionRefusedError(61, "Connect call failed ('127.0.0.1', 4001)")
Make sure API port on TWS/IBG is open
/Users/ajay/Library/Python/3.9/lib/python/site-packages/urllib3/__init__.py:35: NotOpenSSLWarning: urllib3 v2 only supports OpenSSL 1.1.1+, currently the 'ssl' module is compiled with 'LibreSSL 2.8.3'. See: https://github.com/urllib3/urllib3/issues/3020
  warnings.warn(
API connection failed: ConnectionRefusedError(61, "Connect call failed ('127.0.0.1', 4001)")
Make sure API port on TWS/IBG is open
/Users/ajay/Library/Python/3.9/lib/python/site-packages/urllib3/__init__.py:35: NotOpenSSLWarning: urllib3 v2 only supports OpenSSL 1.1.1+, currently the 'ssl' module is compiled with 'LibreSSL 2.8.3'. See: https://github.com/urllib3/urllib3/issues/3020
  warnings.warn(
[court_runner] 2026-08-13T11:16:07Z
  INFRA FAILURE (infra:limit) — aborting the whole drain (every dispatch would fail; no validator-reject rows written)

===== 2026-08-13 08:47 (desk) =====
[court_runner] 2026-08-13T15:47:12Z
  INFRA FAILURE (not-logged-in) — aborting the whole drain (every dispatch would fail; no validator-reject rows written)

API connection failed: ConnectionRefusedError(61, "Connect call failed ('127.0.0.1', 4001)")
Make sure API port on TWS/IBG is open
/Users/ajay/Library/Python/3.9/lib/python/site-packages/urllib3/__init__.py:35: NotOpenSSLWarning: urllib3 v2 only supports OpenSSL 1.1.1+, currently the 'ssl' module is compiled with 'LibreSSL 2.8.3'. See: https://github.com/urllib3/urllib3/issues/3020
  warnings.warn(
API connection failed: ConnectionRefusedError(61, "Connect call failed ('127.0.0.1', 4001)")
Make sure API port on TWS/IBG is open
/Users/ajay/Library/Python/3.9/lib/python/site-packages/urllib3/__init__.py:35: NotOpenSSLWarning: urllib3 v2 only supports OpenSSL 1.1.1+, currently the 'ssl' module is compiled with 'LibreSSL 2.8.3'. See: https://github.com/urllib3/urllib3/issues/3020
  warnings.warn(
[court_runner] 2026-08-13T16:08:43Z
  INFRA FAILURE (infra:limit) — aborting the whole drain (every dispatch would fail; no validator-reject rows written)
API connection failed: ConnectionRefusedError(61, "Connect call failed ('127.0.0.1', 4001)")
Make sure API port on TWS/IBG is open
/Users/ajay/Library/Python/3.9/lib/python/site-packages/urllib3/__init__.py:35: NotOpenSSLWarning: urllib3 v2 only supports OpenSSL 1.1.1+, currently the 'ssl' module is compiled with 'LibreSSL 2.8.3'. See: https://github.com/urllib3/urllib3/issues/3020
  warnings.warn(
[court_runner] 2026-08-13T17:08:52Z
  INFRA FAILURE (infra:limit) — aborting the whole drain (every dispatch would fail; no validator-reject rows written)

===== 2026-08-13 10:42 (desk) =====
[court_runner] 2026-08-13T17:42:32Z
  INFRA FAILURE (not-logged-in) — aborting the whole drain (every dispatch would fail; no validator-reject rows written)

API connection failed: ConnectionRefusedError(61, "Connect call failed ('127.0.0.1', 4001)")
Make sure API port on TWS/IBG is open
/Users/ajay/Library/Python/3.9/lib/python/site-packages/urllib3/__init__.py:35: NotOpenSSLWarning: urllib3 v2 only supports OpenSSL 1.1.1+, currently the 'ssl' module is compiled with 'LibreSSL 2.8.3'. See: https://github.com/urllib3/urllib3/issues/3020
  warnings.warn(

===== 2026-08-13 19:34 (desk) =====
[court_runner] 2026-08-14T02:34:54Z
  INFRA FAILURE (not-logged-in) — aborting the whole drain (every dispatch would fail; no validator-reject rows written)

API connection failed: ConnectionRefusedError(61, "Connect call failed ('127.0.0.1', 4001)")
Make sure API port on TWS/IBG is open
/Users/ajay/Library/Python/3.9/lib/python/site-packages/urllib3/__init__.py:35: NotOpenSSLWarning: urllib3 v2 only supports OpenSSL 1.1.1+, currently the 'ssl' module is compiled with 'LibreSSL 2.8.3'. See: https://github.com/urllib3/urllib3/issues/3020
  warnings.warn(
API connection failed: ConnectionRefusedError(61, "Connect call failed ('127.0.0.1', 4001)")
Make sure API port on TWS/IBG is open
/Users/ajay/Library/Python/3.9/lib/python/site-packages/urllib3/__init__.py:35: NotOpenSSLWarning: urllib3 v2 only supports OpenSSL 1.1.1+, currently the 'ssl' module is compiled with 'LibreSSL 2.8.3'. See: https://github.com/urllib3/urllib3/issues/3020
  warnings.warn(

===== 2026-08-13 22:12 (desk) =====
[court_runner] 2026-08-14T05:12:01Z
  INFRA FAILURE (not-logged-in) — aborting the whole drain (every dispatch would fail; no validator-reject rows written)

API connection failed: ConnectionRefusedError(61, "Connect call failed ('127.0.0.1', 4001)")
Make sure API port on TWS/IBG is open
/Users/ajay/Library/Python/3.9/lib/python/site-packages/urllib3/__init__.py:35: NotOpenSSLWarning: urllib3 v2 only supports OpenSSL 1.1.1+, currently the 'ssl' module is compiled with 'LibreSSL 2.8.3'. See: https://github.com/urllib3/urllib3/issues/3020
  warnings.warn(
API connection failed: ConnectionRefusedError(61, "Connect call failed ('127.0.0.1', 4001)")
Make sure API port on TWS/IBG is open
API connection failed: ConnectionRefusedError(61, "Connect call failed ('127.0.0.1', 4001)")
Make sure API port on TWS/IBG is open
API connection failed: ConnectionRefusedError(61, "Connect call failed ('127.0.0.1', 4001)")
Make sure API port on TWS/IBG is open
API connection failed: ConnectionRefusedError(61, "Connect call failed ('127.0.0.1', 4001)")
Make sure API port on TWS/IBG is open
API connection failed: ConnectionRefusedError(61, "Connect call failed ('127.0.0.1', 4001)")
Make sure API port on TWS/IBG is open
[deck_writer] GOTU: deck emailed (GOTU_PITCH_DECK_20260813.pdf)
[deck_writer] PGY: deck emailed (PGY_PITCH_DECK_20260813.pdf)
[court_runner] 2026-08-14T05:28:31Z
  GOTU COURT_BLUE: PACK-MISQUOTE WARN (dd52: bench quotes +59.2 vs pack -59.2)
  GOTU COURT_BLUE: 1 kg_candidate(s) harvested
  GOTU COURT_BLUE -> ADJUDICATE (GOTU_COURT_BLUE_202608140513.md)
  PGY COURT_BLUE -> ADJUDICATE (PGY_COURT_BLUE_202608140519.md)
  UAMY COURT_RED: 1 kg_candidate(s) harvested
  UAMY COURT_RED -> COURT_BLUE (UAMY_COURT_RED_202608140524.md)
  TME COURT_RED: PACK-MISQUOTE WARN (dd52: bench quotes +67.6 vs pack -67.6)
  TME COURT_RED: 1 kg_candidate(s) harvested
  TME COURT_RED -> COURT_BLUE (TME_COURT_RED_202608140528.md)
  AWAITING ADJUDICATION (session job — pitch doc + verdict + wiring): ['WDH', 'WING', 'MLTX', 'CSHR', 'CWH', 'GOTU', 'PGY', 'LUNR']
API connection failed: ConnectionRefusedError(61, "Connect call failed ('127.0.0.1', 4001)")
Make sure API port on TWS/IBG is open
/Users/ajay/Library/Python/3.9/lib/python/site-packages/urllib3/__init__.py:35: NotOpenSSLWarning: urllib3 v2 only supports OpenSSL 1.1.1+, currently the 'ssl' module is compiled with 'LibreSSL 2.8.3'. See: https://github.com/urllib3/urllib3/issues/3020
  warnings.warn(
API connection failed: ConnectionRefusedError(61, "Connect call failed ('127.0.0.1', 4001)")
Make sure API port on TWS/IBG is open
API connection failed: ConnectionRefusedError(61, "Connect call failed ('127.0.0.1', 4001)")
Make sure API port on TWS/IBG is open
API connection failed: ConnectionRefusedError(61, "Connect call failed ('127.0.0.1', 4001)")
Make sure API port on TWS/IBG is open

===== 2026-08-14 00:31 (desk) =====
[court_runner] 2026-08-14T07:31:25Z
  INFRA FAILURE (not-logged-in) — aborting the whole drain (every dispatch would fail; no validator-reject rows written)

API connection failed: ConnectionRefusedError(61, "Connect call failed ('127.0.0.1', 4001)")
Make sure API port on TWS/IBG is open
/Users/ajay/Library/Python/3.9/lib/python/site-packages/urllib3/__init__.py:35: NotOpenSSLWarning: urllib3 v2 only supports OpenSSL 1.1.1+, currently the 'ssl' module is compiled with 'LibreSSL 2.8.3'. See: https://github.com/urllib3/urllib3/issues/3020
  warnings.warn(
API connection failed: ConnectionRefusedError(61, "Connect call failed ('127.0.0.1', 4001)")
Make sure API port on TWS/IBG is open
API connection failed: ConnectionRefusedError(61, "Connect call failed ('127.0.0.1', 4001)")
Make sure API port on TWS/IBG is open
[deck_writer] UAMY: deck emailed (UAMY_PITCH_DECK_20260814.pdf)
[deck_writer] TME: deck emailed (TME_PITCH_DECK_20260814.pdf)
[court_runner] 2026-08-14T07:41:32Z
  UAMY COURT_BLUE -> ADJUDICATE (UAMY_COURT_BLUE_202608140725.md)
  TME COURT_BLUE -> ADJUDICATE (TME_COURT_BLUE_202608140730.md)
  Z REFUTABILITY -> COURT_RED (Z_REFUTABILITY_202608140737.md)
  INFRA FAILURE (infra:limit) — aborting the whole drain (every dispatch would fail; no validator-reject rows written)
API connection failed: ConnectionRefusedError(61, "Connect call failed ('127.0.0.1', 4001)")
Make sure API port on TWS/IBG is open
/Users/ajay/Library/Python/3.9/lib/python/site-packages/urllib3/__init__.py:35: NotOpenSSLWarning: urllib3 v2 only supports OpenSSL 1.1.1+, currently the 'ssl' module is compiled with 'LibreSSL 2.8.3'. See: https://github.com/urllib3/urllib3/issues/3020
  warnings.warn(
API connection failed: ConnectionRefusedError(61, "Connect call failed ('127.0.0.1', 4001)")
Make sure API port on TWS/IBG is open
API connection failed: ConnectionRefusedError(61, "Connect call failed ('127.0.0.1', 4001)")
Make sure API port on TWS/IBG is open
CRML: No earnings dates found, symbol may be delisted
API connection failed: ConnectionRefusedError(61, "Connect call failed ('127.0.0.1', 4001)")
Make sure API port on TWS/IBG is open
[court_runner] 2026-08-14T09:08:06Z
  Z COURT_RED: 1 kg_candidate(s) harvested
  Z COURT_RED -> COURT_BLUE (Z_COURT_RED_202608140847.md)
  OXLC REFUTABILITY -> ADJUDICATE (OXLC_REFUTABILITY_202608140854.md)
  CRML REFUTABILITY -> KILLED (CRML_REFUTABILITY_202608140900.md)
  BBBY REFUTABILITY -> KILLED (BBBY_REFUTABILITY_202608140908.md)
  AWAITING ADJUDICATION (session job — pitch doc + verdict + wiring): ['OXLC']

===== 2026-08-14 02:32 (desk) =====
[court_runner] 2026-08-14T09:32:59Z
  INFRA FAILURE (not-logged-in) — aborting the whole drain (every dispatch would fail; no validator-reject rows written)

API connection failed: ConnectionRefusedError(61, "Connect call failed ('127.0.0.1', 4001)")
Make sure API port on TWS/IBG is open
/Users/ajay/Library/Python/3.9/lib/python/site-packages/urllib3/__init__.py:35: NotOpenSSLWarning: urllib3 v2 only supports OpenSSL 1.1.1+, currently the 'ssl' module is compiled with 'LibreSSL 2.8.3'. See: https://github.com/urllib3/urllib3/issues/3020
  warnings.warn(
API connection failed: ConnectionRefusedError(61, "Connect call failed ('127.0.0.1', 4001)")
Make sure API port on TWS/IBG is open
/Users/ajay/Library/Python/3.9/lib/python/site-packages/urllib3/__init__.py:35: NotOpenSSLWarning: urllib3 v2 only supports OpenSSL 1.1.1+, currently the 'ssl' module is compiled with 'LibreSSL 2.8.3'. See: https://github.com/urllib3/urllib3/issues/3020
  warnings.warn(
API connection failed: ConnectionRefusedError(61, "Connect call failed ('127.0.0.1', 4001)")
Make sure API port on TWS/IBG is open
API connection failed: ConnectionRefusedError(61, "Connect call failed ('127.0.0.1', 4001)")
Make sure API port on TWS/IBG is open
API connection failed: ConnectionRefusedError(61, "Connect call failed ('127.0.0.1', 4001)")
Make sure API port on TWS/IBG is open
API connection failed: ConnectionRefusedError(61, "Connect call failed ('127.0.0.1', 4001)")
Make sure API port on TWS/IBG is open
[deck_writer] Z: deck emailed (Z_PITCH_DECK_20260814.pdf)
[court_runner] 2026-08-14T10:31:06Z
  Z COURT_BLUE: 1 kg_candidate(s) harvested
  Z COURT_BLUE -> ADJUDICATE (Z_COURT_BLUE_202608141011.md)
  SBET REFUTABILITY -> COURT_RED (SBET_REFUTABILITY_202608141021.md)
  ROOT REFUTABILITY -> COURT_RED (ROOT_REFUTABILITY_202608141025.md)
  GBFH REFUTABILITY -> KILLED (GBFH_REFUTABILITY_202608141031.md)
  AWAITING ADJUDICATION (session job — pitch doc + verdict + wiring): ['Z', 'OXLC']
API connection failed: ConnectionRefusedError(61, "Connect call failed ('127.0.0.1', 4001)")
Make sure API port on TWS/IBG is open
/Users/ajay/Library/Python/3.9/lib/python/site-packages/urllib3/__init__.py:35: NotOpenSSLWarning: urllib3 v2 only supports OpenSSL 1.1.1+, currently the 'ssl' module is compiled with 'LibreSSL 2.8.3'. See: https://github.com/urllib3/urllib3/issues/3020
  warnings.warn(

===== 2026-08-14 04:33 (desk) =====
[court_runner] 2026-08-14T11:33:05Z
  INFRA FAILURE (not-logged-in) — aborting the whole drain (every dispatch would fail; no validator-reject rows written)

API connection failed: ConnectionRefusedError(61, "Connect call failed ('127.0.0.1', 4001)")
Make sure API port on TWS/IBG is open
/Users/ajay/Library/Python/3.9/lib/python/site-packages/urllib3/__init__.py:35: NotOpenSSLWarning: urllib3 v2 only supports OpenSSL 1.1.1+, currently the 'ssl' module is compiled with 'LibreSSL 2.8.3'. See: https://github.com/urllib3/urllib3/issues/3020
  warnings.warn(
API connection failed: ConnectionRefusedError(61, "Connect call failed ('127.0.0.1', 4001)")
Make sure API port on TWS/IBG is open
API connection failed: ConnectionRefusedError(61, "Connect call failed ('127.0.0.1', 4001)")
Make sure API port on TWS/IBG is open
API connection failed: ConnectionRefusedError(61, "Connect call failed ('127.0.0.1', 4001)")
Make sure API port on TWS/IBG is open
API connection failed: ConnectionRefusedError(61, "Connect call failed ('127.0.0.1', 4001)")
Make sure API port on TWS/IBG is open
API connection failed: ConnectionRefusedError(61, "Connect call failed ('127.0.0.1', 4001)")
Make sure API port on TWS/IBG is open
[court_runner] 2026-08-14T12:04:51Z
  SBET COURT_RED: VALIDATOR REJECTED (no primary citation (http) anywhere in the output) — output not persisted to queue
  ROOT COURT_RED: VALIDATOR REJECTED (no primary citation (http) anywhere in the output) — output not persisted to queue
  WD REFUTABILITY -> COURT_RED (WD_REFUTABILITY_202608141144.md)
  SLI REFUTABILITY -> COURT_RED (SLI_REFUTABILITY_202608141150.md)
  FISV REFUTABILITY -> COURT_RED (FISV_REFUTABILITY_202608141156.md)
  HTT REFUTABILITY -> COURT_RED (HTT_REFUTABILITY_202608141204.md)
  AWAITING ADJUDICATION (session job — pitch doc + verdict + wiring): ['Z', 'OXLC']
API connection failed: ConnectionRefusedError(61, "Connect call failed ('127.0.0.1', 4001)")
Make sure API port on TWS/IBG is open
/Users/ajay/Library/Python/3.9/lib/python/site-packages/urllib3/__init__.py:35: NotOpenSSLWarning: urllib3 v2 only supports OpenSSL 1.1.1+, currently the 'ssl' module is compiled with 'LibreSSL 2.8.3'. See: https://github.com/urllib3/urllib3/issues/3020
  warnings.warn(
API connection failed: ConnectionRefusedError(61, "Connect call failed ('127.0.0.1', 4001)")
Make sure API port on TWS/IBG is open
API connection failed: ConnectionRefusedError(61, "Connect call failed ('127.0.0.1', 4001)")
Make sure API port on TWS/IBG is open
API connection failed: ConnectionRefusedError(61, "Connect call failed ('127.0.0.1', 4001)")
Make sure API port on TWS/IBG is open
[court_runner] 2026-08-14T13:22:24Z
  SBET COURT_RED: 1 kg_candidate(s) harvested
  SBET COURT_RED -> COURT_BLUE (SBET_COURT_RED_202608141309.md)
  ROOT COURT_RED: 1 kg_candidate(s) harvested
  ROOT COURT_RED -> COURT_BLUE (ROOT_COURT_RED_202608141312.md)
  WD COURT_RED: 1 kg_candidate(s) harvested
  WD COURT_RED -> COURT_BLUE (WD_COURT_RED_202608141317.md)
  SLI COURT_RED: 1 kg_candidate(s) harvested
  SLI COURT_RED -> COURT_BLUE (SLI_COURT_RED_202608141322.md)
  AWAITING ADJUDICATION (session job — pitch doc + verdict + wiring): ['Z', 'OXLC']

===== 2026-08-14 06:33 (desk) =====
[court_runner] 2026-08-14T13:33:17Z
  INFRA FAILURE (not-logged-in) — aborting the whole drain (every dispatch would fail; no validator-reject rows written)

API connection failed: ConnectionRefusedError(61, "Connect call failed ('127.0.0.1', 4001)")
Make sure API port on TWS/IBG is open
/Users/ajay/Library/Python/3.9/lib/python/site-packages/urllib3/__init__.py:35: NotOpenSSLWarning: urllib3 v2 only supports OpenSSL 1.1.1+, currently the 'ssl' module is compiled with 'LibreSSL 2.8.3'. See: https://github.com/urllib3/urllib3/issues/3020
  warnings.warn(
API connection failed: ConnectionRefusedError(61, "Connect call failed ('127.0.0.1', 4001)")
Make sure API port on TWS/IBG is open
/Users/ajay/Library/Python/3.9/lib/python/site-packages/urllib3/__init__.py:35: NotOpenSSLWarning: urllib3 v2 only supports OpenSSL 1.1.1+, currently the 'ssl' module is compiled with 'LibreSSL 2.8.3'. See: https://github.com/urllib3/urllib3/issues/3020
  warnings.warn(
API connection failed: ConnectionRefusedError(61, "Connect call failed ('127.0.0.1', 4001)")
Make sure API port on TWS/IBG is open
API connection failed: ConnectionRefusedError(61, "Connect call failed ('127.0.0.1', 4001)")
Make sure API port on TWS/IBG is open
API connection failed: ConnectionRefusedError(61, "Connect call failed ('127.0.0.1', 4001)")
Make sure API port on TWS/IBG is open
API connection failed: ConnectionRefusedError(61, "Connect call failed ('127.0.0.1', 4001)")
Make sure API port on TWS/IBG is open
API connection failed: ConnectionRefusedError(61, "Connect call failed ('127.0.0.1', 4001)")
Make sure API port on TWS/IBG is open
API connection failed: ConnectionRefusedError(61, "Connect call failed ('127.0.0.1', 4001)")
Make sure API port on TWS/IBG is open
API connection failed: ConnectionRefusedError(61, "Connect call failed ('127.0.0.1', 4001)")
Make sure API port on TWS/IBG is open
API connection failed: ConnectionRefusedError(61, "Connect call failed ('127.0.0.1', 4001)")
Make sure API port on TWS/IBG is open
API connection failed: ConnectionRefusedError(61, "Connect call failed ('127.0.0.1', 4001)")
Make sure API port on TWS/IBG is open
[deck_writer] SBET: deck emailed (SBET_PITCH_DECK_20260814.pdf)
[court_runner] 2026-08-14T15:12:03Z
  SBET COURT_BLUE -> ADJUDICATE (SBET_COURT_BLUE_202608141426.md)
  ROOT COURT_BLUE: VALIDATOR REJECTED (no DETECTORS CONSULTED section (R1.11 — every dispatch-matched atlas entry needs a FIRED/NOT-FIRED/UNCHECKABLE disposition)) — output not persisted to queue
  WD COURT_BLUE: VALIDATOR REJECTED (no DETECTORS CONSULTED section (R1.11 — every dispatch-matched atlas entry needs a FIRED/NOT-FIRED/UNCHECKABLE disposition)) — output not persisted to queue
  SLI COURT_BLUE: VALIDATOR REJECTED (no primary citation (http) anywhere in the output) — output not persisted to queue
  FISV COURT_RED: VALIDATOR REJECTED (no primary citation (http) anywhere in the output) — output not persisted to queue
  HTT COURT_RED: VALIDATOR REJECTED (no primary citation (http) anywhere in the output) — output not persisted to queue
  ZG REFUTABILITY -> COURT_RED (ZG_REFUTABILITY_202608141455.md)
  LYEL REFUTABILITY -> COURT_RED (LYEL_REFUTABILITY_202608141506.md)
  LMB REFUTABILITY -> COURT_RED (LMB_REFUTABILITY_202608141512.md)
  AWAITING ADJUDICATION (session job — pitch doc + verdict + wiring): ['Z', 'OXLC', 'SBET']

===== 2026-08-14 08:34 (desk) =====
[court_runner] 2026-08-14T15:34:26Z
  INFRA FAILURE (not-logged-in) — aborting the whole drain (every dispatch would fail; no validator-reject rows written)

API connection failed: ConnectionRefusedError(61, "Connect call failed ('127.0.0.1', 4001)")
Make sure API port on TWS/IBG is open
/Users/ajay/Library/Python/3.9/lib/python/site-packages/urllib3/__init__.py:35: NotOpenSSLWarning: urllib3 v2 only supports OpenSSL 1.1.1+, currently the 'ssl' module is compiled with 'LibreSSL 2.8.3'. See: https://github.com/urllib3/urllib3/issues/3020
  warnings.warn(

===== 2026-08-14 09:40 (desk) =====
[court_runner] 2026-08-14T16:40:07Z
  INFRA FAILURE (not-logged-in) — aborting the whole drain (every dispatch would fail; no validator-reject rows written)

API connection failed: ConnectionRefusedError(61, "Connect call failed ('127.0.0.1', 4001)")
Make sure API port on TWS/IBG is open
/Users/ajay/Library/Python/3.9/lib/python/site-packages/urllib3/__init__.py:35: NotOpenSSLWarning: urllib3 v2 only supports OpenSSL 1.1.1+, currently the 'ssl' module is compiled with 'LibreSSL 2.8.3'. See: https://github.com/urllib3/urllib3/issues/3020
  warnings.warn(
API connection failed: ConnectionRefusedError(61, "Connect call failed ('127.0.0.1', 4001)")
Make sure API port on TWS/IBG is open
/Users/ajay/Library/Python/3.9/lib/python/site-packages/urllib3/__init__.py:35: NotOpenSSLWarning: urllib3 v2 only supports OpenSSL 1.1.1+, currently the 'ssl' module is compiled with 'LibreSSL 2.8.3'. See: https://github.com/urllib3/urllib3/issues/3020
  warnings.warn(
API connection failed: ConnectionRefusedError(61, "Connect call failed ('127.0.0.1', 4001)")
Make sure API port on TWS/IBG is open
API connection failed: ConnectionRefusedError(61, "Connect call failed ('127.0.0.1', 4001)")
Make sure API port on TWS/IBG is open
[deck_writer] ROOT: deck emailed (ROOT_PITCH_DECK_20260814.pdf)
[deck_writer] WD: deck emailed (WD_PITCH_DECK_20260814.pdf)
[court_runner] 2026-08-14T19:07:44Z
  ROOT COURT_BLUE -> ADJUDICATE (ROOT_COURT_BLUE_202608141656.md)
  WD COURT_BLUE -> ADJUDICATE (WD_COURT_BLUE_202608141700.md)
  SLI COURT_BLUE: VALIDATOR REJECTED (no DETECTORS CONSULTED section (R1.11 — every dispatch-matched atlas entry needs a FIRED/NOT-FIRED/UNCHECKABLE disposition)) — output not persisted to queue
  FISV COURT_RED: 2 kg_candidate(s) harvested
  FISV COURT_RED -> COURT_BLUE (FISV_COURT_RED_202608141710.md)
  INFRA FAILURE (infra:empty-result) — aborting the whole drain (every dispatch would fail; no validator-reject rows written)

===== 2026-08-14 12:43 (desk) =====
[court_runner] 2026-08-14T19:43:41Z
  INFRA FAILURE (not-logged-in) — aborting the whole drain (every dispatch would fail; no validator-reject rows written)

positions request timed out
account updates for ACCOUNT_ALPHA request timed out
/Users/ajay/Library/Python/3.9/lib/python/site-packages/urllib3/__init__.py:35: NotOpenSSLWarning: urllib3 v2 only supports OpenSSL 1.1.1+, currently the 'ssl' module is compiled with 'LibreSSL 2.8.3'. See: https://github.com/urllib3/urllib3/issues/3020
  warnings.warn(
positions request timed out
account updates for ACCOUNT_ALPHA request timed out
/Users/ajay/Library/Python/3.9/lib/python/site-packages/urllib3/__init__.py:35: NotOpenSSLWarning: urllib3 v2 only supports OpenSSL 1.1.1+, currently the 'ssl' module is compiled with 'LibreSSL 2.8.3'. See: https://github.com/urllib3/urllib3/issues/3020
  warnings.warn(
[court_runner] 2026-08-14T22:28:03Z
  INFRA FAILURE (infra:empty-result) — aborting the whole drain (every dispatch would fail; no validator-reject rows written)
positions request timed out
account updates for ACCOUNT_ALPHA request timed out
/Users/ajay/Library/Python/3.9/lib/python/site-packages/urllib3/__init__.py:35: NotOpenSSLWarning: urllib3 v2 only supports OpenSSL 1.1.1+, currently the 'ssl' module is compiled with 'LibreSSL 2.8.3'. See: https://github.com/urllib3/urllib3/issues/3020
  warnings.warn(
positions request timed out
account updates for ACCOUNT_ALPHA request timed out
positions request timed out
account updates for ACCOUNT_ALPHA request timed out
positions request timed out
account updates for ACCOUNT_ALPHA request timed out
positions request timed out
account updates for ACCOUNT_ALPHA request timed out
positions request timed out
account updates for ACCOUNT_ALPHA request timed out
positions request timed out
account updates for ACCOUNT_ALPHA request timed out
positions request timed out
account updates for ACCOUNT_ALPHA request timed out
[deck_writer] FISV: deck emailed (FISV_PITCH_DECK_20260815.pdf)
[court_runner] 2026-08-15T08:22:13Z
  FISV COURT_BLUE -> ADJUDICATE (FISV_COURT_BLUE_202608150746.md)
  HTT COURT_BLUE: VALIDATOR REJECTED (no primary citation (http) anywhere in the output) — output not persisted to queue
  ZG COURT_BLUE: VALIDATOR REJECTED (no primary citation (http) anywhere in the output) — output not persisted to queue
  SBS COURT_BLUE: VALIDATOR REJECTED (no primary citation (http) anywhere in the output) — output not persisted to queue
  LMB COURT_RED: 1 kg_candidate(s) harvested
  LMB COURT_RED -> COURT_BLUE (LMB_COURT_RED_202608150805.md)
  PHR COURT_RED: 1 kg_candidate(s) harvested
  PHR COURT_RED -> COURT_BLUE (PHR_COURT_RED_202608150812.md)
  OLMA REFUTABILITY -> ADJUDICATE (OLMA_REFUTABILITY_202608150822.md)
  AWAITING ADJUDICATION (session job — pitch doc + verdict + wiring): ['OLMA']
positions request timed out
account updates for ACCOUNT_ALPHA request timed out
/Users/ajay/Library/Python/3.9/lib/python/site-packages/urllib3/__init__.py:35: NotOpenSSLWarning: urllib3 v2 only supports OpenSSL 1.1.1+, currently the 'ssl' module is compiled with 'LibreSSL 2.8.3'. See: https://github.com/urllib3/urllib3/issues/3020
  warnings.warn(
positions request timed out
account updates for ACCOUNT_ALPHA request timed out
positions request timed out
account updates for ACCOUNT_ALPHA request timed out
positions request timed out
account updates for ACCOUNT_ALPHA request timed out
positions request timed out
account updates for ACCOUNT_ALPHA request timed out
positions request timed out
account updates for ACCOUNT_ALPHA request timed out
positions request timed out
account updates for ACCOUNT_ALPHA request timed out
positions request timed out
account updates for ACCOUNT_ALPHA request timed out
positions request timed out
account updates for ACCOUNT_ALPHA request timed out
[deck_writer] HTT: deck emailed (HTT_PITCH_DECK_20260815.pdf)
[deck_writer] ZG: deck emailed (ZG_PITCH_DECK_20260815.pdf)
[deck_writer] LMB: deck emailed (LMB_PITCH_DECK_20260815.pdf)
[court_runner] 2026-08-15T09:52:39Z
  HTT COURT_BLUE: 2 kg_candidate(s) harvested
  HTT COURT_BLUE -> ADJUDICATE (HTT_COURT_BLUE_202608150926.md)
  ZG COURT_BLUE: 1 kg_candidate(s) harvested
  ZG COURT_BLUE -> ADJUDICATE (ZG_COURT_BLUE_202608150932.md)
  LYEL COURT_BLUE: VALIDATOR REJECTED (no primary citation (http) anywhere in the output) — output not persisted to queue
  LMB COURT_BLUE -> ADJUDICATE (LMB_COURT_BLUE_202608150941.md)
  PHR COURT_BLUE: VALIDATOR REJECTED (no DETECTORS CONSULTED section (R1.11 — every dispatch-matched atlas entry needs a FIRED/NOT-FIRED/UNCHECKABLE disposition)) — output not persisted to queue
  LRN COURT_RED: 1 kg_candidate(s) harvested
  LRN COURT_RED -> COURT_BLUE (LRN_COURT_RED_202608150952.md)
  AWAITING ADJUDICATION (session job — pitch doc + verdict + wiring): ['HTT', 'ZG', 'LMB', 'OLMA', 'SPGI']
positions request timed out
account updates for ACCOUNT_ALPHA request timed out
/Users/ajay/Library/Python/3.9/lib/python/site-packages/urllib3/__init__.py:35: NotOpenSSLWarning: urllib3 v2 only supports OpenSSL 1.1.1+, currently the 'ssl' module is compiled with 'LibreSSL 2.8.3'. See: https://github.com/urllib3/urllib3/issues/3020
  warnings.warn(
positions request timed out
account updates for ACCOUNT_ALPHA request timed out
positions request timed out
account updates for ACCOUNT_ALPHA request timed out
positions request timed out
account updates for ACCOUNT_ALPHA request timed out
positions request timed out
account updates for ACCOUNT_ALPHA request timed out
positions request timed out
account updates for ACCOUNT_ALPHA request timed out
positions request timed out
account updates for ACCOUNT_ALPHA request timed out
OIO: No earnings dates found, symbol may be delisted
[deck_writer] LYEL: deck emailed (LYEL_PITCH_DECK_20260815.pdf)
[deck_writer] PHR: deck emailed (PHR_PITCH_DECK_20260815.pdf)
[court_runner] 2026-08-15T11:18:39Z
  LYEL COURT_BLUE -> ADJUDICATE (LYEL_COURT_BLUE_202608151055.md)
  PHR COURT_BLUE -> ADJUDICATE (PHR_COURT_BLUE_202608151101.md)
  LRN COURT_BLUE: VALIDATOR REJECTED (no DETECTORS CONSULTED section (R1.11 — every dispatch-matched atlas entry needs a FIRED/NOT-FIRED/UNCHECKABLE disposition)) — output not persisted to queue
  AXTI REFUTABILITY -> COURT_RED (AXTI_REFUTABILITY_202608151114.md)
  OIO REFUTABILITY -> KILLED (OIO_REFUTABILITY_202608151118.md)
  AWAITING ADJUDICATION (session job — pitch doc + verdict + wiring): ['HTT', 'ZG', 'LYEL', 'LMB', 'PHR', 'OLMA', 'SPGI']
positions request timed out
account updates for ACCOUNT_ALPHA request timed out
/Users/ajay/Library/Python/3.9/lib/python/site-packages/urllib3/__init__.py:35: NotOpenSSLWarning: urllib3 v2 only supports OpenSSL 1.1.1+, currently the 'ssl' module is compiled with 'LibreSSL 2.8.3'. See: https://github.com/urllib3/urllib3/issues/3020
  warnings.warn(
positions request timed out
account updates for ACCOUNT_ALPHA request timed out
positions request timed out
account updates for ACCOUNT_ALPHA request timed out
positions request timed out
account updates for ACCOUNT_ALPHA request timed out
positions request timed out
account updates for ACCOUNT_ALPHA request timed out
BXBL: No earnings dates found, symbol may be delisted
positions request timed out
account updates for ACCOUNT_ALPHA request timed out
[deck_writer] LRN: deck emailed (LRN_PITCH_DECK_20260815.pdf)
[court_runner] 2026-08-15T12:49:16Z
  LRN COURT_BLUE -> ADJUDICATE (LRN_COURT_BLUE_202608151224.md)
  AXTI COURT_RED: VALIDATOR REJECTED (no primary citation (http) anywhere in the output) — output not persisted to queue
  ADTN REFUTABILITY -> ADJUDICATE (ADTN_REFUTABILITY_202608151239.md)
  BXBL REFUTABILITY -> KILLED (BXBL_REFUTABILITY_202608151244.md)
  KEEL REFUTABILITY -> COURT_RED (KEEL_REFUTABILITY_202608151249.md)
  AWAITING ADJUDICATION (session job — pitch doc + verdict + wiring): ['HTT', 'ZG', 'LYEL', 'LMB', 'PHR', 'LRN', 'OLMA', 'ADTN', 'SPGI']
positions request timed out
account updates for ACCOUNT_ALPHA request timed out
/Users/ajay/Library/Python/3.9/lib/python/site-packages/urllib3/__init__.py:35: NotOpenSSLWarning: urllib3 v2 only supports OpenSSL 1.1.1+, currently the 'ssl' module is compiled with 'LibreSSL 2.8.3'. See: https://github.com/urllib3/urllib3/issues/3020
  warnings.warn(
positions request timed out
account updates for ACCOUNT_ALPHA request timed out
positions request timed out
account updates for ACCOUNT_ALPHA request timed out
positions request timed out
account updates for ACCOUNT_ALPHA request timed out
positions request timed out
account updates for ACCOUNT_ALPHA request timed out
[court_runner] 2026-08-15T14:21:17Z
  AXTI COURT_RED: 1 kg_candidate(s) harvested
  AXTI COURT_RED -> COURT_BLUE (AXTI_COURT_RED_202608151355.md)
  KEEL COURT_RED: VALIDATOR REJECTED (no primary citation (http) anywhere in the output) — output not persisted to queue
  FISN REFUTABILITY -> KILLED (FISN_REFUTABILITY_202608151407.md)
  MVST REFUTABILITY -> ADJUDICATE (MVST_REFUTABILITY_202608151414.md)
  BLDP REFUTABILITY -> ADJUDICATE (BLDP_REFUTABILITY_202608151421.md)
  AWAITING ADJUDICATION (session job — pitch doc + verdict + wiring): ['HTT', 'ZG', 'LYEL', 'LMB', 'PHR', 'LRN', 'OLMA', 'ADTN', 'MVST', 'BLDP', 'SPGI']
positions request timed out
account updates for ACCOUNT_ALPHA request timed out
/Users/ajay/Library/Python/3.9/lib/python/site-packages/urllib3/__init__.py:35: NotOpenSSLWarning: urllib3 v2 only supports OpenSSL 1.1.1+, currently the 'ssl' module is compiled with 'LibreSSL 2.8.3'. See: https://github.com/urllib3/urllib3/issues/3020
  warnings.warn(
positions request timed out
account updates for ACCOUNT_ALPHA request timed out
positions request timed out
account updates for ACCOUNT_ALPHA request timed out
positions request timed out
account updates for ACCOUNT_ALPHA request timed out
positions request timed out
account updates for ACCOUNT_ALPHA request timed out
[court_runner] 2026-08-15T15:46:02Z
  AXTI COURT_BLUE: VALIDATOR REJECTED (no primary citation (http) anywhere in the output) — output not persisted to queue
  KEEL COURT_RED: 1 kg_candidate(s) harvested
  KEEL COURT_RED -> COURT_BLUE (KEEL_COURT_RED_202608151533.md)
  KMPR REFUTABILITY -> ADJUDICATE (KMPR_REFUTABILITY_202608151537.md)
  CLSK REFUTABILITY -> COURT_RED (CLSK_REFUTABILITY_202608151541.md)
  JBGS REFUTABILITY -> COURT_RED (JBGS_REFUTABILITY_202608151546.md)
  AWAITING ADJUDICATION (session job — pitch doc + verdict + wiring): ['HTT', 'ZG', 'LYEL', 'LMB', 'PHR', 'LRN', 'OLMA', 'ADTN', 'MVST', 'BLDP', 'KMPR', 'SPGI']
/Users/ajay/Library/Python/3.9/lib/python/site-packages/urllib3/__init__.py:35: NotOpenSSLWarning: urllib3 v2 only supports OpenSSL 1.1.1+, currently the 'ssl' module is compiled with 'LibreSSL 2.8.3'. See: https://github.com/urllib3/urllib3/issues/3020
  warnings.warn(
[deck_writer] AXTI: deck emailed (AXTI_PITCH_DECK_20260815.pdf)
[court_runner] 2026-08-15T17:18:59Z
  AXTI COURT_BLUE -> ADJUDICATE (AXTI_COURT_BLUE_202608151649.md)
  KEEL COURT_BLUE: VALIDATOR REJECTED (no primary citation (http) anywhere in the output) — output not persisted to queue
  CLSK COURT_RED: VALIDATOR REJECTED (no primary citation (http) anywhere in the output) — output not persisted to queue
  JBGS COURT_RED: 1 kg_candidate(s) harvested
  JBGS COURT_RED -> COURT_BLUE (JBGS_COURT_RED_202608151704.md)
  PLAY REFUTABILITY -> ADJUDICATE (PLAY_REFUTABILITY_202608151712.md)
  SUJA REFUTABILITY -> COURT_RED (SUJA_REFUTABILITY_202608151718.md)
  AWAITING ADJUDICATION (session job — pitch doc + verdict + wiring): ['HTT', 'ZG', 'LYEL', 'LMB', 'PHR', 'LRN', 'OLMA', 'AXTI', 'ADTN', 'MVST', 'BLDP', 'KMPR', 'PLAY', 'CBOE']
/Users/ajay/Library/Python/3.9/lib/python/site-packages/urllib3/__init__.py:35: NotOpenSSLWarning: urllib3 v2 only supports OpenSSL 1.1.1+, currently the 'ssl' module is compiled with 'LibreSSL 2.8.3'. See: https://github.com/urllib3/urllib3/issues/3020
  warnings.warn(
[deck_writer] KEEL: deck emailed (KEEL_PITCH_DECK_20260815.pdf)
[deck_writer] JBGS: deck emailed (JBGS_PITCH_DECK_20260815.pdf)
[court_runner] 2026-08-15T18:38:45Z
  KEEL COURT_BLUE: 1 kg_candidate(s) harvested
  KEEL COURT_BLUE -> ADJUDICATE (KEEL_COURT_BLUE_202608151822.md)
  JBGS COURT_BLUE: 1 kg_candidate(s) harvested
  JBGS COURT_BLUE -> ADJUDICATE (JBGS_COURT_BLUE_202608151827.md)
  CLSK COURT_RED: 1 kg_candidate(s) harvested
  CLSK COURT_RED -> COURT_BLUE (CLSK_COURT_RED_202608151832.md)
  SUJA COURT_RED: 1 kg_candidate(s) harvested
  SUJA COURT_RED -> COURT_BLUE (SUJA_COURT_RED_202608151838.md)
  AWAITING ADJUDICATION (session job — pitch doc + verdict + wiring): ['HTT', 'ZG', 'LYEL', 'LMB', 'PHR', 'LRN', 'OLMA', 'AXTI', 'ADTN', 'KEEL', 'MVST', 'BLDP', 'KMPR', 'JBGS', 'PLAY', 'IBKR']
/Users/ajay/Library/Python/3.9/lib/python/site-packages/urllib3/__init__.py:35: NotOpenSSLWarning: urllib3 v2 only supports OpenSSL 1.1.1+, currently the 'ssl' module is compiled with 'LibreSSL 2.8.3'. See: https://github.com/urllib3/urllib3/issues/3020
  warnings.warn(
[deck_writer] CLSK: deck emailed (CLSK_PITCH_DECK_20260815.pdf)
[deck_writer] SUJA: deck emailed (SUJA_PITCH_DECK_20260815.pdf)
[court_runner] 2026-08-15T20:03:51Z
  CLSK COURT_BLUE: 1 kg_candidate(s) harvested
  CLSK COURT_BLUE -> ADJUDICATE (CLSK_COURT_BLUE_202608151943.md)
  SUJA COURT_BLUE: 1 kg_candidate(s) harvested
  SUJA COURT_BLUE -> ADJUDICATE (SUJA_COURT_BLUE_202608151949.md)
  SPRY REFUTABILITY -> COURT_RED (SPRY_REFUTABILITY_202608151958.md)
  IREN REFUTABILITY -> COURT_RED (IREN_REFUTABILITY_202608152003.md)
  AWAITING ADJUDICATION (session job — pitch doc + verdict + wiring): ['CLSK', 'JBGS', 'SUJA', 'IBKR']
/Users/ajay/Library/Python/3.9/lib/python/site-packages/urllib3/__init__.py:35: NotOpenSSLWarning: urllib3 v2 only supports OpenSSL 1.1.1+, currently the 'ssl' module is compiled with 'LibreSSL 2.8.3'. See: https://github.com/urllib3/urllib3/issues/3020
  warnings.warn(
[court_runner] 2026-08-15T21:31:50Z
  SPRY COURT_RED: PACK-MISQUOTE WARN (dd52: bench quotes -62.6 vs pack -59.6; pct_off_low: bench quotes +15.1 vs pack +24.2)
  SPRY COURT_RED: 1 kg_candidate(s) harvested
  SPRY COURT_RED -> COURT_BLUE (SPRY_COURT_RED_202608152109.md)
  IREN COURT_RED: 2 kg_candidate(s) harvested
  IREN COURT_RED -> COURT_BLUE (IREN_COURT_RED_202608152117.md)
  WYFI REFUTABILITY -> COURT_RED (WYFI_REFUTABILITY_202608152123.md)
  AXG REFUTABILITY -> KILLED (AXG_REFUTABILITY_202608152131.md)
  AWAITING ADJUDICATION (session job — pitch doc + verdict + wiring): ['CLSK', 'JBGS', 'SUJA', 'IBKR']
positions request timed out
account updates for ACCOUNT_ALPHA request timed out
/Users/ajay/Library/Python/3.9/lib/python/site-packages/urllib3/__init__.py:35: NotOpenSSLWarning: urllib3 v2 only supports OpenSSL 1.1.1+, currently the 'ssl' module is compiled with 'LibreSSL 2.8.3'. See: https://github.com/urllib3/urllib3/issues/3020
  warnings.warn(
positions request timed out
account updates for ACCOUNT_ALPHA request timed out
positions request timed out
account updates for ACCOUNT_ALPHA request timed out
positions request timed out
account updates for ACCOUNT_ALPHA request timed out
positions request timed out
account updates for ACCOUNT_ALPHA request timed out
positions request timed out
account updates for ACCOUNT_ALPHA request timed out
[deck_writer] SPRY: deck emailed (SPRY_PITCH_DECK_20260815.pdf)
[deck_writer] IREN: deck emailed (IREN_PITCH_DECK_20260815.pdf)
[court_runner] 2026-08-15T23:01:24Z
  SPRY COURT_BLUE: 1 kg_candidate(s) harvested
  SPRY COURT_BLUE -> ADJUDICATE (SPRY_COURT_BLUE_202608152237.md)
  IREN COURT_BLUE: 1 kg_candidate(s) harvested
  IREN COURT_BLUE -> ADJUDICATE (IREN_COURT_BLUE_202608152244.md)
  WYFI COURT_RED: PACK-MISQUOTE WARN (pct_off_low: bench quotes +181.0 vs pack +1.8)
  WYFI COURT_RED: 2 kg_candidate(s) harvested
  WYFI COURT_RED -> COURT_BLUE (WYFI_COURT_RED_202608152255.md)
  SECZ REFUTABILITY -> ADJUDICATE (SECZ_REFUTABILITY_202608152301.md)
  AWAITING ADJUDICATION (session job — pitch doc + verdict + wiring): ['CLSK', 'JBGS', 'SPRY', 'IREN', 'SECZ', 'IBKR']
positions request timed out
account updates for ACCOUNT_ALPHA request timed out
/Users/ajay/Library/Python/3.9/lib/python/site-packages/urllib3/__init__.py:35: NotOpenSSLWarning: urllib3 v2 only supports OpenSSL 1.1.1+, currently the 'ssl' module is compiled with 'LibreSSL 2.8.3'. See: https://github.com/urllib3/urllib3/issues/3020
  warnings.warn(
positions request timed out
account updates for ACCOUNT_ALPHA request timed out
positions request timed out
account updates for ACCOUNT_ALPHA request timed out
positions request timed out
account updates for ACCOUNT_ALPHA request timed out
positions request timed out
account updates for ACCOUNT_ALPHA request timed out
[deck_writer] WYFI: deck emailed (WYFI_PITCH_DECK_20260815.pdf)
[court_runner] 2026-08-16T00:24:51Z
  WYFI COURT_BLUE: 1 kg_candidate(s) harvested
  WYFI COURT_BLUE -> ADJUDICATE (WYFI_COURT_BLUE_202608160004.md)
  LTBR REFUTABILITY -> ADJUDICATE (LTBR_REFUTABILITY_202608160010.md)
  AGBK REFUTABILITY -> COURT_RED (AGBK_REFUTABILITY_202608160017.md)
  LOT REFUTABILITY -> KILLED (LOT_REFUTABILITY_202608160024.md)
  AWAITING ADJUDICATION (session job — pitch doc + verdict + wiring): ['LTBR']
positions request timed out
account updates for ACCOUNT_ALPHA request timed out
/Users/ajay/Library/Python/3.9/lib/python/site-packages/urllib3/__init__.py:35: NotOpenSSLWarning: urllib3 v2 only supports OpenSSL 1.1.1+, currently the 'ssl' module is compiled with 'LibreSSL 2.8.3'. See: https://github.com/urllib3/urllib3/issues/3020
  warnings.warn(
positions request timed out
account updates for ACCOUNT_ALPHA request timed out
positions request timed out
account updates for ACCOUNT_ALPHA request timed out
positions request timed out
account updates for ACCOUNT_ALPHA request timed out
[court_runner] 2026-08-16T01:47:33Z
  AGBK COURT_RED: 1 kg_candidate(s) harvested
  AGBK COURT_RED -> COURT_BLUE (AGBK_COURT_RED_202608160131.md)
  TMCR REFUTABILITY -> KILLED (TMCR_REFUTABILITY_202608160135.md)
  XNDU REFUTABILITY -> KILLED (XNDU_REFUTABILITY_202608160141.md)
  EVH REFUTABILITY -> ADJUDICATE (EVH_REFUTABILITY_202608160147.md)
  AWAITING ADJUDICATION (session job — pitch doc + verdict + wiring): ['LTBR', 'EVH']
positions request timed out
account updates for ACCOUNT_ALPHA request timed out
/Users/ajay/Library/Python/3.9/lib/python/site-packages/urllib3/__init__.py:35: NotOpenSSLWarning: urllib3 v2 only supports OpenSSL 1.1.1+, currently the 'ssl' module is compiled with 'LibreSSL 2.8.3'. See: https://github.com/urllib3/urllib3/issues/3020
  warnings.warn(
positions request timed out
account updates for ACCOUNT_ALPHA request timed out
positions request timed out
account updates for ACCOUNT_ALPHA request timed out
positions request timed out
account updates for ACCOUNT_ALPHA request timed out
positions request timed out
account updates for ACCOUNT_ALPHA request timed out
[deck_writer] AGBK: deck emailed (AGBK_PITCH_DECK_20260815.pdf)
[court_runner] 2026-08-16T03:08:00Z
  AGBK COURT_BLUE -> ADJUDICATE (AGBK_COURT_BLUE_202608160252.md)
  INTR REFUTABILITY -> COURT_RED (INTR_REFUTABILITY_202608160259.md)
  LMND REFUTABILITY -> COURT_RED (LMND_REFUTABILITY_202608160302.md)
  RBLX REFUTABILITY -> COURT_RED (RBLX_REFUTABILITY_202608160308.md)
  AWAITING ADJUDICATION (session job — pitch doc + verdict + wiring): ['LTBR', 'AGBK', 'EVH']
positions request timed out
account updates for ACCOUNT_ALPHA request timed out
/Users/ajay/Library/Python/3.9/lib/python/site-packages/urllib3/__init__.py:35: NotOpenSSLWarning: urllib3 v2 only supports OpenSSL 1.1.1+, currently the 'ssl' module is compiled with 'LibreSSL 2.8.3'. See: https://github.com/urllib3/urllib3/issues/3020
  warnings.warn(
positions request timed out
account updates for ACCOUNT_ALPHA request timed out
positions request timed out
account updates for ACCOUNT_ALPHA request timed out
positions request timed out
account updates for ACCOUNT_ALPHA request timed out
[court_runner] 2026-08-16T04:28:53Z
  INTR COURT_RED: 1 kg_candidate(s) harvested
  INTR COURT_RED -> COURT_BLUE (INTR_COURT_RED_202608160413.md)
  LMND COURT_RED: 1 kg_candidate(s) harvested
  LMND COURT_RED -> COURT_BLUE (LMND_COURT_RED_202608160418.md)
  RBLX COURT_RED: 1 kg_candidate(s) harvested
  RBLX COURT_RED -> COURT_BLUE (RBLX_COURT_RED_202608160424.md)
  MRLN REFUTABILITY -> KILLED (MRLN_REFUTABILITY_202608160428.md)
  AWAITING ADJUDICATION (session job — pitch doc + verdict + wiring): ['LTBR', 'AGBK', 'EVH']
positions request timed out
account updates for ACCOUNT_ALPHA request timed out
/Users/ajay/Library/Python/3.9/lib/python/site-packages/urllib3/__init__.py:35: NotOpenSSLWarning: urllib3 v2 only supports OpenSSL 1.1.1+, currently the 'ssl' module is compiled with 'LibreSSL 2.8.3'. See: https://github.com/urllib3/urllib3/issues/3020
  warnings.warn(
positions request timed out
account updates for ACCOUNT_ALPHA request timed out
positions request timed out
account updates for ACCOUNT_ALPHA request timed out
positions request timed out
account updates for ACCOUNT_ALPHA request timed out
positions request timed out
account updates for ACCOUNT_ALPHA request timed out
positions request timed out
account updates for ACCOUNT_ALPHA request timed out
positions request timed out
account updates for ACCOUNT_ALPHA request timed out
[deck_writer] INTR: deck emailed (INTR_PITCH_DECK_20260815.pdf)
[deck_writer] LMND: deck emailed (LMND_PITCH_DECK_20260815.pdf)
[deck_writer] RBLX: deck emailed (RBLX_PITCH_DECK_20260815.pdf)
[court_runner] 2026-08-16T05:53:57Z
  INTR COURT_BLUE -> ADJUDICATE (INTR_COURT_BLUE_202608160532.md)
  LMND COURT_BLUE -> ADJUDICATE (LMND_COURT_BLUE_202608160538.md)
  RBLX COURT_BLUE: PACK-MISQUOTE WARN (SUPERSESSION-DECLARED (verify, not a fabrication flag) — dd52: bench quotes +2024.0 vs pack -73.1)
  RBLX COURT_BLUE: 1 kg_candidate(s) harvested
  RBLX COURT_BLUE -> ADJUDICATE (RBLX_COURT_BLUE_202608160544.md)
  CDZI REFUTABILITY -> ADJUDICATE (CDZI_REFUTABILITY_202608160553.md)
  AWAITING ADJUDICATION (session job — pitch doc + verdict + wiring): ['LTBR', 'AGBK', 'EVH', 'INTR', 'LMND', 'RBLX', 'CDZI']
API connection failed: ConnectionRefusedError(61, "Connect call failed ('127.0.0.1', 4001)")
Make sure API port on TWS/IBG is open
/Users/ajay/Library/Python/3.9/lib/python/site-packages/urllib3/__init__.py:35: NotOpenSSLWarning: urllib3 v2 only supports OpenSSL 1.1.1+, currently the 'ssl' module is compiled with 'LibreSSL 2.8.3'. See: https://github.com/urllib3/urllib3/issues/3020
  warnings.warn(
API connection failed: ConnectionRefusedError(61, "Connect call failed ('127.0.0.1', 4001)")
Make sure API port on TWS/IBG is open
API connection failed: ConnectionRefusedError(61, "Connect call failed ('127.0.0.1', 4001)")
Make sure API port on TWS/IBG is open
API connection failed: ConnectionRefusedError(61, "Connect call failed ('127.0.0.1', 4001)")
Make sure API port on TWS/IBG is open
CD: No earnings dates found, symbol may be delisted
[court_runner] 2026-08-16T07:17:40Z
  PRIM REFUTABILITY -> COURT_RED (PRIM_REFUTABILITY_202608160700.md)
  LAC REFUTABILITY -> ADJUDICATE (LAC_REFUTABILITY_202608160705.md)
  JMIA REFUTABILITY -> COURT_RED (JMIA_REFUTABILITY_202608160709.md)
  CD REFUTABILITY -> KILLED (CD_REFUTABILITY_202608160717.md)
  AWAITING ADJUDICATION (session job — pitch doc + verdict + wiring): ['LTBR', 'AGBK', 'EVH', 'INTR', 'LMND', 'RBLX', 'CDZI', 'LAC']
API connection failed: ConnectionRefusedError(61, "Connect call failed ('127.0.0.1', 4001)")
Make sure API port on TWS/IBG is open
/Users/ajay/Library/Python/3.9/lib/python/site-packages/urllib3/__init__.py:35: NotOpenSSLWarning: urllib3 v2 only supports OpenSSL 1.1.1+, currently the 'ssl' module is compiled with 'LibreSSL 2.8.3'. See: https://github.com/urllib3/urllib3/issues/3020
  warnings.warn(
API connection failed: ConnectionRefusedError(61, "Connect call failed ('127.0.0.1', 4001)")
Make sure API port on TWS/IBG is open
API connection failed: ConnectionRefusedError(61, "Connect call failed ('127.0.0.1', 4001)")
Make sure API port on TWS/IBG is open
FXHO: No earnings dates found, symbol may be delisted
API connection failed: ConnectionRefusedError(61, "Connect call failed ('127.0.0.1', 4001)")
Make sure API port on TWS/IBG is open
[court_runner] 2026-08-16T08:36:36Z
  PRIM COURT_RED: 1 kg_candidate(s) harvested
  PRIM COURT_RED -> COURT_BLUE (PRIM_COURT_RED_202608160822.md)
  JMIA COURT_RED: 1 kg_candidate(s) harvested
  JMIA COURT_RED -> COURT_BLUE (JMIA_COURT_RED_202608160827.md)
  FXHO REFUTABILITY -> KILLED (FXHO_REFUTABILITY_202608160831.md)
  ANGX REFUTABILITY -> COURT_RED (ANGX_REFUTABILITY_202608160836.md)
  AWAITING ADJUDICATION (session job — pitch doc + verdict + wiring): ['LTBR', 'AGBK', 'EVH', 'INTR', 'LMND', 'RBLX', 'CDZI', 'LAC']
API connection failed: ConnectionRefusedError(61, "Connect call failed ('127.0.0.1', 4001)")
Make sure API port on TWS/IBG is open
/Users/ajay/Library/Python/3.9/lib/python/site-packages/urllib3/__init__.py:35: NotOpenSSLWarning: urllib3 v2 only supports OpenSSL 1.1.1+, currently the 'ssl' module is compiled with 'LibreSSL 2.8.3'. See: https://github.com/urllib3/urllib3/issues/3020
  warnings.warn(
API connection failed: ConnectionRefusedError(61, "Connect call failed ('127.0.0.1', 4001)")
Make sure API port on TWS/IBG is open
API connection failed: ConnectionRefusedError(61, "Connect call failed ('127.0.0.1', 4001)")
Make sure API port on TWS/IBG is open
API connection failed: ConnectionRefusedError(61, "Connect call failed ('127.0.0.1', 4001)")
Make sure API port on TWS/IBG is open
API connection failed: ConnectionRefusedError(61, "Connect call failed ('127.0.0.1', 4001)")
Make sure API port on TWS/IBG is open
API connection failed: ConnectionRefusedError(61, "Connect call failed ('127.0.0.1', 4001)")
Make sure API port on TWS/IBG is open
[deck_writer] PRIM: deck emailed (PRIM_PITCH_DECK_20260816.pdf)
[deck_writer] JMIA: deck emailed (JMIA_PITCH_DECK_20260816.pdf)
[court_runner] 2026-08-16T16:41:49Z
  PRIM COURT_BLUE: 1 kg_candidate(s) harvested
  PRIM COURT_BLUE -> ADJUDICATE (PRIM_COURT_BLUE_202608161622.md)
  JMIA COURT_BLUE -> ADJUDICATE (JMIA_COURT_BLUE_202608161627.md)
  ANGX COURT_RED: 1 kg_candidate(s) harvested
  ANGX COURT_RED -> COURT_BLUE (ANGX_COURT_RED_202608161635.md)
  FIG REFUTABILITY -> COURT_RED (FIG_REFUTABILITY_202608161641.md)
  AWAITING ADJUDICATION (session job — pitch doc + verdict + wiring): ['LTBR', 'AGBK', 'EVH', 'INTR', 'LMND', 'RBLX', 'CDZI', 'PRIM', 'LAC', 'JMIA']
API connection failed: ConnectionRefusedError(61, "Connect call failed ('127.0.0.1', 4001)")
Make sure API port on TWS/IBG is open
/Users/ajay/Library/Python/3.9/lib/python/site-packages/urllib3/__init__.py:35: NotOpenSSLWarning: urllib3 v2 only supports OpenSSL 1.1.1+, currently the 'ssl' module is compiled with 'LibreSSL 2.8.3'. See: https://github.com/urllib3/urllib3/issues/3020
  warnings.warn(
API connection failed: ConnectionRefusedError(61, "Connect call failed ('127.0.0.1', 4001)")
Make sure API port on TWS/IBG is open
API connection failed: ConnectionRefusedError(61, "Connect call failed ('127.0.0.1', 4001)")
Make sure API port on TWS/IBG is open
API connection failed: ConnectionRefusedError(61, "Connect call failed ('127.0.0.1', 4001)")
Make sure API port on TWS/IBG is open
API connection failed: ConnectionRefusedError(61, "Connect call failed ('127.0.0.1', 4001)")
Make sure API port on TWS/IBG is open
[deck_writer] ANGX: deck emailed (ANGX_PITCH_DECK_20260816.pdf)
[court_runner] 2026-08-16T18:05:56Z
  ANGX COURT_BLUE: 1 kg_candidate(s) harvested
  ANGX COURT_BLUE -> ADJUDICATE (ANGX_COURT_BLUE_202608161744.md)
  FIG COURT_RED: 2 kg_candidate(s) harvested
  FIG COURT_RED -> COURT_BLUE (FIG_COURT_RED_202608161753.md)
  GPGI REFUTABILITY -> KILLED (GPGI_REFUTABILITY_202608161800.md)
  WBTN REFUTABILITY -> COURT_RED (WBTN_REFUTABILITY_202608161805.md)
  AWAITING ADJUDICATION (session job — pitch doc + verdict + wiring): ['LTBR', 'AGBK', 'EVH', 'INTR', 'LMND', 'RBLX', 'CDZI', 'PRIM', 'LAC', 'JMIA', 'ANGX']
API connection failed: ConnectionRefusedError(61, "Connect call failed ('127.0.0.1', 4001)")
Make sure API port on TWS/IBG is open
/Users/ajay/Library/Python/3.9/lib/python/site-packages/urllib3/__init__.py:35: NotOpenSSLWarning: urllib3 v2 only supports OpenSSL 1.1.1+, currently the 'ssl' module is compiled with 'LibreSSL 2.8.3'. See: https://github.com/urllib3/urllib3/issues/3020
  warnings.warn(
API connection failed: ConnectionRefusedError(61, "Connect call failed ('127.0.0.1', 4001)")
Make sure API port on TWS/IBG is open
API connection failed: ConnectionRefusedError(61, "Connect call failed ('127.0.0.1', 4001)")
Make sure API port on TWS/IBG is open
API connection failed: ConnectionRefusedError(61, "Connect call failed ('127.0.0.1', 4001)")
Make sure API port on TWS/IBG is open
VFSWW: No earnings dates found, symbol may be delisted
API connection failed: ConnectionRefusedError(61, "Connect call failed ('127.0.0.1', 4001)")
Make sure API port on TWS/IBG is open
[deck_writer] FIG: deck emailed (FIG_PITCH_DECK_20260816.pdf)
[court_runner] 2026-08-16T23:38:12Z
  FIG COURT_BLUE: 1 kg_candidate(s) harvested
  FIG COURT_BLUE -> ADJUDICATE (FIG_COURT_BLUE_202608162314.md)
  WBTN COURT_RED: 1 kg_candidate(s) harvested
  WBTN COURT_RED -> COURT_BLUE (WBTN_COURT_RED_202608162322.md)
  VFSWW REFUTABILITY -> KILLED (VFSWW_REFUTABILITY_202608162331.md)
  BMM REFUTABILITY -> COURT_RED (BMM_REFUTABILITY_202608162338.md)
  AWAITING ADJUDICATION (session job — pitch doc + verdict + wiring): ['LTBR', 'AGBK', 'EVH', 'INTR', 'LMND', 'RBLX', 'CDZI', 'PRIM', 'LAC', 'JMIA', 'ANGX', 'FIG']
API connection failed: ConnectionRefusedError(61, "Connect call failed ('127.0.0.1', 4001)")
Make sure API port on TWS/IBG is open
/Users/ajay/Library/Python/3.9/lib/python/site-packages/urllib3/__init__.py:35: NotOpenSSLWarning: urllib3 v2 only supports OpenSSL 1.1.1+, currently the 'ssl' module is compiled with 'LibreSSL 2.8.3'. See: https://github.com/urllib3/urllib3/issues/3020
  warnings.warn(
API connection failed: ConnectionRefusedError(61, "Connect call failed ('127.0.0.1', 4001)")
Make sure API port on TWS/IBG is open
API connection failed: ConnectionRefusedError(61, "Connect call failed ('127.0.0.1', 4001)")
Make sure API port on TWS/IBG is open
ALBLD.PA: No earnings dates found, symbol may be delisted
API connection failed: ConnectionRefusedError(61, "Connect call failed ('127.0.0.1', 4001)")
Make sure API port on TWS/IBG is open
API connection failed: ConnectionRefusedError(61, "Connect call failed ('127.0.0.1', 4001)")
Make sure API port on TWS/IBG is open
[deck_writer] BMM: deck emailed (BMM_PITCH_DECK_20260816.pdf)
[court_runner] 2026-08-17T03:33:52Z
  BMM COURT_BLUE: 1 kg_candidate(s) harvested
  BMM COURT_BLUE -> ADJUDICATE (BMM_COURT_BLUE_202608170103.md)
  ALBLD.PA COURT_RED: 1 kg_candidate(s) harvested
  ALBLD.PA COURT_RED -> COURT_BLUE (ALBLD_PA_COURT_RED_202608170108.md)
  PICS REFUTABILITY -> COURT_RED (PICS_REFUTABILITY_202608170326.md)
  TCPC REFUTABILITY -> COURT_RED (TCPC_REFUTABILITY_202608170333.md)
  AWAITING ADJUDICATION (session job — pitch doc + verdict + wiring): ['LTBR', 'AGBK', 'EVH', 'INTR', 'LMND', 'RBLX', 'CDZI', 'PRIM', 'LAC', 'JMIA', 'ALBLD.PA', 'ANGX', 'FIG', 'WBTN', 'BMM']
API connection failed: ConnectionRefusedError(61, "Connect call failed ('127.0.0.1', 4001)")
Make sure API port on TWS/IBG is open
/Users/ajay/Library/Python/3.9/lib/python/site-packages/urllib3/__init__.py:35: NotOpenSSLWarning: urllib3 v2 only supports OpenSSL 1.1.1+, currently the 'ssl' module is compiled with 'LibreSSL 2.8.3'. See: https://github.com/urllib3/urllib3/issues/3020
  warnings.warn(
[court_runner] 2026-08-17T04:42:47Z
  INFRA FAILURE (infra:limit) — aborting the whole drain (every dispatch would fail; no validator-reject rows written)
API connection failed: ConnectionRefusedError(61, "Connect call failed ('127.0.0.1', 4001)")
Make sure API port on TWS/IBG is open
/Users/ajay/Library/Python/3.9/lib/python/site-packages/urllib3/__init__.py:35: NotOpenSSLWarning: urllib3 v2 only supports OpenSSL 1.1.1+, currently the 'ssl' module is compiled with 'LibreSSL 2.8.3'. See: https://github.com/urllib3/urllib3/issues/3020
  warnings.warn(
[court_runner] 2026-08-17T05:42:57Z
  INFRA FAILURE (infra:limit) — aborting the whole drain (every dispatch would fail; no validator-reject rows written)
/Users/ajay/Library/Python/3.9/lib/python/site-packages/urllib3/__init__.py:35: NotOpenSSLWarning: urllib3 v2 only supports OpenSSL 1.1.1+, currently the 'ssl' module is compiled with 'LibreSSL 2.8.3'. See: https://github.com/urllib3/urllib3/issues/3020
  warnings.warn(
API connection failed: ConnectionRefusedError(61, "Connect call failed ('127.0.0.1', 4001)")
Make sure API port on TWS/IBG is open
[court_runner] 2026-08-17T16:01:12Z
  HYGIENE evicted=['OWL', 'CG', 'KKR', 'ARES', 'BX', 'BAM', 'STLA', 'KEP', 'XPEV', 'SOFI'] flagged=0
  INFRA FAILURE (infra:limit) — aborting the whole drain (every dispatch would fail; no validator-reject rows written)

===== 2026-08-17 09:30 (desk) =====
[court_runner] 2026-08-17T16:30:05Z
  INFRA FAILURE (not-logged-in) — aborting the whole drain (every dispatch would fail; no validator-reject rows written)

/Users/ajay/Library/Python/3.9/lib/python/site-packages/urllib3/__init__.py:35: NotOpenSSLWarning: urllib3 v2 only supports OpenSSL 1.1.1+, currently the 'ssl' module is compiled with 'LibreSSL 2.8.3'. See: https://github.com/urllib3/urllib3/issues/3020
  warnings.warn(
Error 200, reqId 3: No security definition has been found for the request, contract: Stock(symbol='BRBY.L', exchange='SMART', currency='USD')
Unknown contract: Stock(symbol='BRBY.L', exchange='SMART', currency='USD')
/Users/ajay/Library/Python/3.9/lib/python/site-packages/urllib3/__init__.py:35: NotOpenSSLWarning: urllib3 v2 only supports OpenSSL 1.1.1+, currently the 'ssl' module is compiled with 'LibreSSL 2.8.3'. See: https://github.com/urllib3/urllib3/issues/3020
  warnings.warn(
[deck_writer] BRBY.L: pdf render failed (Command '['/Applications/Google Chrome.app/Contents/MacOS/Google Chrome', '--headless', '--disable-gpu', '--no-pdf-header-footer', '--print-to-pdf=/Users/ajay/exalted/signalos/desk/reports/BRBY_L_PITCH_DECK_20260817.pdf', 'file:///tmp/deck.html']' timed out after 90 seconds) — md only
[deck_writer] BRBY.L: deck emailed (md only)
[deck_writer] AVPT: deck emailed (AVPT_PITCH_DECK_20260817.pdf)
[deck_writer] CELH: deck emailed (CELH_PITCH_DECK_20260817.pdf)
[deck_writer] TNC: deck emailed (TNC_PITCH_DECK_20260817.pdf)
[court_runner] 2026-08-17T17:37:41Z
  BRBY.L COURT_BLUE: reject (missing BLUE BENCH header / RED CASE ruling) — immediate retry
  BRBY.L COURT_BLUE: 1 kg_candidate(s) harvested
  BRBY.L COURT_BLUE -> ADJUDICATE (BRBY_L_COURT_BLUE_202608171706.md)
  AVPT COURT_BLUE: 2 kg_candidate(s) harvested
  AVPT COURT_BLUE -> ADJUDICATE (AVPT_COURT_BLUE_202608171715.md)
  CELH COURT_BLUE: 1 kg_candidate(s) harvested
  CELH COURT_BLUE -> ADJUDICATE (CELH_COURT_BLUE_202608171722.md)
  TNC COURT_BLUE: reject (missing BLUE BENCH header / RED CASE ruling) — immediate retry
  TNC COURT_BLUE: 2 kg_candidate(s) harvested
  TNC COURT_BLUE -> ADJUDICATE (TNC_COURT_BLUE_202608171734.md)
  AWAITING ADJUDICATION (session job — pitch doc + verdict + wiring): ['ALBLD.PA', 'WBTN', 'BMM', 'BRBY.L', 'AVPT', 'CELH', 'TNC']

===== 2026-08-17 10:40 (desk) =====
[court_runner] 2026-08-17T17:40:19Z
  INFRA FAILURE (not-logged-in) — aborting the whole drain (every dispatch would fail; no validator-reject rows written)

/Users/ajay/Library/Python/3.9/lib/python/site-packages/urllib3/__init__.py:35: NotOpenSSLWarning: urllib3 v2 only supports OpenSSL 1.1.1+, currently the 'ssl' module is compiled with 'LibreSSL 2.8.3'. See: https://github.com/urllib3/urllib3/issues/3020
  warnings.warn(
positions request timed out
account updates for ACCOUNT_ALPHA request timed out
/Users/ajay/Library/Python/3.9/lib/python/site-packages/urllib3/__init__.py:35: NotOpenSSLWarning: urllib3 v2 only supports OpenSSL 1.1.1+, currently the 'ssl' module is compiled with 'LibreSSL 2.8.3'. See: https://github.com/urllib3/urllib3/issues/3020
  warnings.warn(
positions request timed out
account updates for ACCOUNT_ALPHA request timed out
positions request timed out
account updates for ACCOUNT_ALPHA request timed out
positions request timed out
account updates for ACCOUNT_ALPHA request timed out
positions request timed out
account updates for ACCOUNT_ALPHA request timed out
[court_runner] 2026-08-17T19:12:10Z
  PICS COURT_RED: reject (missing RED BENCH header / RECOMMEND enum) — immediate retry
  PICS COURT_RED: VALIDATOR REJECTED (missing RED BENCH header / RECOMMEND enum) — output not persisted to queue
  TCPC COURT_RED: 2 kg_candidate(s) harvested
  TCPC COURT_RED -> COURT_BLUE (TCPC_COURT_RED_202608171852.md)
  RDDT COURT_RED: reject (missing RED BENCH header / RECOMMEND enum) — immediate retry
  RDDT COURT_RED: 1 kg_candidate(s) harvested
  RDDT COURT_RED -> COURT_BLUE (RDDT_COURT_RED_202608171901.md)
  SID REFUTABILITY -> ADJUDICATE (SID_REFUTABILITY_202608171907.md)
  MYGN REFUTABILITY -> KILLED (MYGN_REFUTABILITY_202608171912.md)
  AWAITING ADJUDICATION (session job — pitch doc + verdict + wiring): ['ALBLD.PA', 'WBTN', 'BMM', 'SID', 'BRBY.L', 'AVPT', 'CELH', 'TNC']

===== 2026-08-17 12:37 (desk) =====
[court_runner] 2026-08-17T19:37:14Z
  INFRA FAILURE (not-logged-in) — aborting the whole drain (every dispatch would fail; no validator-reject rows written)

positions request timed out
account updates for ACCOUNT_ALPHA request timed out
/Users/ajay/Library/Python/3.9/lib/python/site-packages/urllib3/__init__.py:35: NotOpenSSLWarning: urllib3 v2 only supports OpenSSL 1.1.1+, currently the 'ssl' module is compiled with 'LibreSSL 2.8.3'. See: https://github.com/urllib3/urllib3/issues/3020
  warnings.warn(
positions request timed out
account updates for ACCOUNT_ALPHA request timed out
/Users/ajay/Library/Python/3.9/lib/python/site-packages/urllib3/__init__.py:35: NotOpenSSLWarning: urllib3 v2 only supports OpenSSL 1.1.1+, currently the 'ssl' module is compiled with 'LibreSSL 2.8.3'. See: https://github.com/urllib3/urllib3/issues/3020
  warnings.warn(
positions request timed out
account updates for ACCOUNT_ALPHA request timed out
positions request timed out
account updates for ACCOUNT_ALPHA request timed out
positions request timed out
account updates for ACCOUNT_ALPHA request timed out
positions request timed out
account updates for ACCOUNT_ALPHA request timed out
[deck_writer] RDDT: deck emailed (RDDT_PITCH_DECK_20260817.pdf)
[court_runner] 2026-08-17T20:36:27Z
  RDDT COURT_BLUE: reject (missing BLUE BENCH header / RED CASE ruling) — immediate retry
  RDDT COURT_BLUE: 1 kg_candidate(s) harvested
  RDDT COURT_BLUE -> ADJUDICATE (RDDT_COURT_BLUE_202608172017.md)
  PICS COURT_RED: 1 kg_candidate(s) harvested
  PICS COURT_RED -> COURT_BLUE (PICS_COURT_RED_202608172026.md)
  PACB REFUTABILITY -> KILLED (PACB_REFUTABILITY_202608172029.md)
  SSII REFUTABILITY -> KILLED (SSII_REFUTABILITY_202608172036.md)
  AWAITING ADJUDICATION (session job — pitch doc + verdict + wiring): ['ALBLD.PA', 'WBTN', 'BMM', 'SID', 'BRBY.L', 'RDDT', 'AVPT', 'CELH', 'TNC']
positions request timed out
account updates for ACCOUNT_ALPHA request timed out
/Users/ajay/Library/Python/3.9/lib/python/site-packages/urllib3/__init__.py:35: NotOpenSSLWarning: urllib3 v2 only supports OpenSSL 1.1.1+, currently the 'ssl' module is compiled with 'LibreSSL 2.8.3'. See: https://github.com/urllib3/urllib3/issues/3020
  warnings.warn(

===== 2026-08-17 14:38 (desk) =====
[court_runner] 2026-08-17T21:38:53Z
  INFRA FAILURE (not-logged-in) — aborting the whole drain (every dispatch would fail; no validator-reject rows written)

positions request timed out
account updates for ACCOUNT_ALPHA request timed out
/Users/ajay/Library/Python/3.9/lib/python/site-packages/urllib3/__init__.py:35: NotOpenSSLWarning: urllib3 v2 only supports OpenSSL 1.1.1+, currently the 'ssl' module is compiled with 'LibreSSL 2.8.3'. See: https://github.com/urllib3/urllib3/issues/3020
  warnings.warn(
positions request timed out
account updates for ACCOUNT_ALPHA request timed out
positions request timed out
account updates for ACCOUNT_ALPHA request timed out
positions request timed out
account updates for ACCOUNT_ALPHA request timed out
positions request timed out
account updates for ACCOUNT_ALPHA request timed out
[deck_writer] PICS: deck emailed (PICS_PITCH_DECK_20260817.pdf)
[court_runner] 2026-08-17T22:04:04Z
  PICS COURT_BLUE: reject (missing BLUE BENCH header / RED CASE ruling) — immediate retry
  PICS COURT_BLUE: 1 kg_candidate(s) harvested
  PICS COURT_BLUE -> ADJUDICATE (PICS_COURT_BLUE_202608172141.md)
  LEU REFUTABILITY -> COURT_RED (LEU_REFUTABILITY_202608172151.md)
  ETOR REFUTABILITY -> COURT_RED (ETOR_REFUTABILITY_202608172159.md)
  OI REFUTABILITY -> COURT_RED (OI_REFUTABILITY_202608172204.md)
  AWAITING ADJUDICATION (session job — pitch doc + verdict + wiring): ['ALBLD.PA', 'WBTN', 'BMM', 'PICS', 'SID', 'BRBY.L', 'RDDT', 'AVPT', 'CELH', 'TNC']
/Users/ajay/Library/Python/3.9/lib/python/site-packages/urllib3/__init__.py:35: NotOpenSSLWarning: urllib3 v2 only supports OpenSSL 1.1.1+, currently the 'ssl' module is compiled with 'LibreSSL 2.8.3'. See: https://github.com/urllib3/urllib3/issues/3020
  warnings.warn(
[court_runner] 2026-08-17T23:27:00Z
  LEU COURT_RED: PACK-MISQUOTE WARN (SUPERSESSION-DECLARED (verify, not a fabrication flag) — pct_off_low: bench quotes +31.4 vs pack +52.0)
  LEU COURT_RED: 1 kg_candidate(s) harvested
  LEU COURT_RED -> COURT_BLUE (LEU_COURT_RED_202608172311.md)
  ETOR COURT_RED: 1 kg_candidate(s) harvested
  ETOR COURT_RED -> COURT_BLUE (ETOR_COURT_RED_202608172317.md)
  OI COURT_RED: 2 kg_candidate(s) harvested
  OI COURT_RED -> COURT_BLUE (OI_COURT_RED_202608172323.md)
  JOBY REFUTABILITY -> KILLED (JOBY_REFUTABILITY_202608172327.md)
  AWAITING ADJUDICATION (session job — pitch doc + verdict + wiring): ['ALBLD.PA', 'WBTN', 'BMM', 'PICS', 'SID', 'BRBY.L', 'RDDT', 'AVPT', 'CELH', 'TNC']
positions request timed out
account updates for ACCOUNT_ALPHA request timed out
/Users/ajay/Library/Python/3.9/lib/python/site-packages/urllib3/__init__.py:35: NotOpenSSLWarning: urllib3 v2 only supports OpenSSL 1.1.1+, currently the 'ssl' module is compiled with 'LibreSSL 2.8.3'. See: https://github.com/urllib3/urllib3/issues/3020
  warnings.warn(
positions request timed out
account updates for ACCOUNT_ALPHA request timed out

===== 2026-08-17 17:31 (desk) =====
[court_runner] 2026-08-18T00:31:39Z
  INFRA FAILURE (not-logged-in) — aborting the whole drain (every dispatch would fail; no validator-reject rows written)

positions request timed out
account updates for ACCOUNT_ALPHA request timed out
/Users/ajay/Library/Python/3.9/lib/python/site-packages/urllib3/__init__.py:35: NotOpenSSLWarning: urllib3 v2 only supports OpenSSL 1.1.1+, currently the 'ssl' module is compiled with 'LibreSSL 2.8.3'. See: https://github.com/urllib3/urllib3/issues/3020
  warnings.warn(
positions request timed out
account updates for ACCOUNT_ALPHA request timed out
positions request timed out
account updates for ACCOUNT_ALPHA request timed out
positions request timed out
account updates for ACCOUNT_ALPHA request timed out
positions request timed out
account updates for ACCOUNT_ALPHA request timed out
positions request timed out
account updates for ACCOUNT_ALPHA request timed out
[deck_writer] LEU: deck emailed (LEU_PITCH_DECK_20260817.pdf)
[deck_writer] ETOR: deck emailed (ETOR_PITCH_DECK_20260817.pdf)
[court_runner] 2026-08-18T01:16:50Z
  LEU COURT_BLUE: PACK-MISQUOTE WARN (SUPERSESSION-DECLARED (verify, not a fabrication flag) — pct_off_low: bench quotes +31.4 vs pack +29.5)
  LEU COURT_BLUE: 1 kg_candidate(s) harvested
  LEU COURT_BLUE -> ADJUDICATE (LEU_COURT_BLUE_202608180030.md)
  ETOR COURT_BLUE: 2 kg_candidate(s) harvested
  ETOR COURT_BLUE -> ADJUDICATE (ETOR_COURT_BLUE_202608180041.md)
  OI COURT_BLUE: reject (missing BLUE BENCH header / RED CASE ruling) — immediate retry
  OI COURT_BLUE: VALIDATOR REJECTED (missing BLUE BENCH header / RED CASE ruling) — output not persisted to queue
  EOSE REFUTABILITY -> KILLED (EOSE_REFUTABILITY_202608180059.md)
  OCS REFUTABILITY: reject (no COURT-WORTHINESS N/10 line (required for the automated 6/10 gate, v2 template)) — immediate retry
  OCS REFUTABILITY -> COURT_RED (OCS_REFUTABILITY_202608180116.md)
  AWAITING ADJUDICATION (session job — pitch doc + verdict + wiring): ['ALBLD.PA', 'WBTN', 'BMM', 'PICS', 'SID', 'LEU', 'ETOR', 'BRBY.L', 'RDDT', 'AVPT', 'CELH', 'TNC', 'OTF', 'OBDC']
positions request timed out
account updates for ACCOUNT_ALPHA request timed out
/Users/ajay/Library/Python/3.9/lib/python/site-packages/urllib3/__init__.py:35: NotOpenSSLWarning: urllib3 v2 only supports OpenSSL 1.1.1+, currently the 'ssl' module is compiled with 'LibreSSL 2.8.3'. See: https://github.com/urllib3/urllib3/issues/3020
  warnings.warn(
positions request timed out
account updates for ACCOUNT_ALPHA request timed out
positions request timed out
account updates for ACCOUNT_ALPHA request timed out

===== 2026-08-17 19:30 (desk) =====
[deck_writer] MNDY: dispatch failed (not-logged-in)
[deck_writer] backfill: 29 still owed (limit 1) — ['ALBLD_PA', 'W5_ST', 'CRCL', 'FUBO', 'VRRM', 'ASAN', 'CRM', 'GTLB', 'TEAM', 'BMS_L', 'THS_L', 'WBTN', 'SBS', 'ABAT', 'BLLN', 'BTBT', 'CSGP', 'FWDI', 'OPEN', 'TRIP', 'AGL', 'DDOG', 'DOCU', 'FLUT', 'PATH', 'SRAD', 'UTI', 'WDAY', 'AVAP_L']
[court_runner] 2026-08-18T02:30:49Z
  INFRA FAILURE (not-logged-in) — aborting the whole drain (every dispatch would fail; no validator-reject rows written)

positions request timed out
account updates for ACCOUNT_ALPHA request timed out
/Users/ajay/Library/Python/3.9/lib/python/site-packages/urllib3/__init__.py:35: NotOpenSSLWarning: urllib3 v2 only supports OpenSSL 1.1.1+, currently the 'ssl' module is compiled with 'LibreSSL 2.8.3'. See: https://github.com/urllib3/urllib3/issues/3020
  warnings.warn(
positions request timed out
account updates for ACCOUNT_ALPHA request timed out
positions request timed out
account updates for ACCOUNT_ALPHA request timed out
positions request timed out
account updates for ACCOUNT_ALPHA request timed out
IONR: No earnings dates found, symbol may be delisted
[deck_writer] OI: deck emailed (OI_PITCH_DECK_20260817.pdf)
[court_runner] 2026-08-18T02:42:54Z
  OI COURT_BLUE: 2 kg_candidate(s) harvested
  OI COURT_BLUE -> ADJUDICATE (OI_COURT_BLUE_202608180221.md)
  OCS COURT_RED: 2 kg_candidate(s) harvested
  OCS COURT_RED -> COURT_BLUE (OCS_COURT_RED_202608180233.md)
  BAK REFUTABILITY -> KILLED (BAK_REFUTABILITY_202608180238.md)
  IONR REFUTABILITY -> ADJUDICATE (IONR_REFUTABILITY_202608180242.md)
  AWAITING ADJUDICATION (session job — pitch doc + verdict + wiring): ['SID', 'OI', 'IONR']

===== 2026-08-17 20:37 (desk) =====
[deck_writer] ALBLD.PA: dispatch failed (not-logged-in)
[deck_writer] backfill: 24 still owed (limit 1) — ['ASAN', 'CRM', 'GTLB', 'TEAM', 'BMS_L', 'THS_L', 'WBTN', 'SBS', 'ABAT', 'BLLN', 'BTBT', 'CSGP', 'FWDI', 'OPEN', 'TRIP', 'AGL', 'DDOG', 'DOCU', 'FLUT', 'PATH', 'SRAD', 'UTI', 'WDAY', 'AVAP_L']
[court_runner] 2026-08-18T03:37:10Z
  INFRA FAILURE (not-logged-in) — aborting the whole drain (every dispatch would fail; no validator-reject rows written)

positions request timed out
account updates for ACCOUNT_ALPHA request timed out
/Users/ajay/Library/Python/3.9/lib/python/site-packages/urllib3/__init__.py:35: NotOpenSSLWarning: urllib3 v2 only supports OpenSSL 1.1.1+, currently the 'ssl' module is compiled with 'LibreSSL 2.8.3'. See: https://github.com/urllib3/urllib3/issues/3020
  warnings.warn(
positions request timed out
account updates for ACCOUNT_ALPHA request timed out
/Users/ajay/Library/Python/3.9/lib/python/site-packages/urllib3/__init__.py:35: NotOpenSSLWarning: urllib3 v2 only supports OpenSSL 1.1.1+, currently the 'ssl' module is compiled with 'LibreSSL 2.8.3'. See: https://github.com/urllib3/urllib3/issues/3020
  warnings.warn(
Error 200, reqId 3: No security definition has been found for the request, contract: Stock(symbol='ALBLD.PA', exchange='SMART', currency='USD')
Unknown contract: Stock(symbol='ALBLD.PA', exchange='SMART', currency='USD')
ALBLD.PA: No earnings dates found, symbol may be delisted
[deck_writer] OCS: deck emailed (OCS_PITCH_DECK_20260817.pdf)
[deck_writer] ALBLD.PA: deck emailed (ALBLD_PA_PITCH_DECK_20260817.pdf)
[deck_writer] backfill: 24 still owed (limit 1) — ['ASAN', 'CRM', 'GTLB', 'TEAM', 'BMS_L', 'THS_L', 'WBTN', 'SBS', 'ABAT', 'BLLN', 'BTBT', 'CSGP', 'FWDI', 'OPEN', 'TRIP', 'AGL', 'DDOG', 'DOCU', 'FLUT', 'PATH', 'SRAD', 'UTI', 'WDAY', 'AVAP_L']
[court_runner] 2026-08-18T04:09:31Z
  OCS COURT_BLUE: 1 kg_candidate(s) harvested
  OCS COURT_BLUE -> ADJUDICATE (OCS_COURT_BLUE_202608180347.md)
  HQ REFUTABILITY -> KILLED (HQ_REFUTABILITY_202608180355.md)
  LAES REFUTABILITY -> COURT_RED (LAES_REFUTABILITY_202608180401.md)
  OPFI REFUTABILITY -> ADJUDICATE (OPFI_REFUTABILITY_202608180406.md)
  DECK BACKFILL built ['ALBLD_PA']
  AWAITING ADJUDICATION (session job — pitch doc + verdict + wiring): ['OCS', 'OPFI']
/Users/ajay/Library/Python/3.9/lib/python/site-packages/urllib3/__init__.py:35: NotOpenSSLWarning: urllib3 v2 only supports OpenSSL 1.1.1+, currently the 'ssl' module is compiled with 'LibreSSL 2.8.3'. See: https://github.com/urllib3/urllib3/issues/3020
  warnings.warn(
OBX: No earnings dates found, symbol may be delisted
[deck_writer] ASAN: deck emailed (ASAN_PITCH_DECK_20260817.pdf)
[deck_writer] backfill: 23 still owed (limit 1) — ['CRM', 'GTLB', 'TEAM', 'BMS_L', 'THS_L', 'WBTN', 'SBS', 'ABAT', 'BLLN', 'BTBT', 'CSGP', 'FWDI', 'OPEN', 'TRIP', 'AGL', 'DDOG', 'DOCU', 'FLUT', 'PATH', 'SRAD', 'UTI', 'WDAY', 'AVAP_L']
[court_runner] 2026-08-18T05:36:20Z
  LAES COURT_RED: 1 kg_candidate(s) harvested
  LAES COURT_RED -> COURT_BLUE (LAES_COURT_RED_202608180516.md)
  AAPG REFUTABILITY -> ADJUDICATE (AAPG_REFUTABILITY_202608180523.md)
  SUZ REFUTABILITY -> COURT_RED (SUZ_REFUTABILITY_202608180528.md)
  OBX REFUTABILITY -> KILLED (OBX_REFUTABILITY_202608180533.md)
  DECK BACKFILL built ['ASAN']
  AWAITING ADJUDICATION (session job — pitch doc + verdict + wiring): ['OCS', 'OPFI', 'AAPG']

===== 2026-08-17 22:40 (desk) =====
[court_runner] 2026-08-18T05:40:10Z
  INFRA FAILURE (not-logged-in) — aborting the whole drain (every dispatch would fail; no validator-reject rows written)

/Users/ajay/Library/Python/3.9/lib/python/site-packages/urllib3/__init__.py:35: NotOpenSSLWarning: urllib3 v2 only supports OpenSSL 1.1.1+, currently the 'ssl' module is compiled with 'LibreSSL 2.8.3'. See: https://github.com/urllib3/urllib3/issues/3020
  warnings.warn(
/Users/ajay/Library/Python/3.9/lib/python/site-packages/urllib3/__init__.py:35: NotOpenSSLWarning: urllib3 v2 only supports OpenSSL 1.1.1+, currently the 'ssl' module is compiled with 'LibreSSL 2.8.3'. See: https://github.com/urllib3/urllib3/issues/3020
  warnings.warn(
API connection failed: ConnectionRefusedError(61, "Connect call failed ('127.0.0.1', 4001)")
Make sure API port on TWS/IBG is open
API connection failed: ConnectionRefusedError(61, "Connect call failed ('127.0.0.1', 4001)")
Make sure API port on TWS/IBG is open
API connection failed: ConnectionRefusedError(61, "Connect call failed ('127.0.0.1', 4001)")
Make sure API port on TWS/IBG is open
[deck_writer] LAES: deck emailed (LAES_PITCH_DECK_20260817.pdf)
[deck_writer] CRM: deck emailed (CRM_PITCH_DECK_20260818.pdf)
[deck_writer] backfill: 22 still owed (limit 1) — ['GTLB', 'TEAM', 'BMS_L', 'THS_L', 'WBTN', 'SBS', 'ABAT', 'BLLN', 'BTBT', 'CSGP', 'FWDI', 'OPEN', 'TRIP', 'AGL', 'DDOG', 'DOCU', 'FLUT', 'PATH', 'SRAD', 'UTI', 'WDAY', 'AVAP_L']
[court_runner] 2026-08-18T07:05:58Z
  LAES COURT_BLUE: 1 kg_candidate(s) harvested
  LAES COURT_BLUE -> ADJUDICATE (LAES_COURT_BLUE_202608180640.md)
  SUZ COURT_RED: 1 kg_candidate(s) harvested
  SUZ COURT_RED -> COURT_BLUE (SUZ_COURT_RED_202608180651.md)
  CLBT REFUTABILITY -> COURT_RED (CLBT_REFUTABILITY_202608180656.md)
  LFTO REFUTABILITY -> COURT_RED (LFTO_REFUTABILITY_202608180703.md)
  DECK BACKFILL built ['CRM']
  AWAITING ADJUDICATION (session job — pitch doc + verdict + wiring): ['OCS', 'LAES', 'OPFI', 'AAPG']

===== 2026-08-18 00:34 (desk) =====
[court_runner] 2026-08-18T07:34:30Z
  INFRA FAILURE (not-logged-in) — aborting the whole drain (every dispatch would fail; no validator-reject rows written)

API connection failed: ConnectionRefusedError(61, "Connect call failed ('127.0.0.1', 4001)")
Make sure API port on TWS/IBG is open
/Users/ajay/Library/Python/3.9/lib/python/site-packages/urllib3/__init__.py:35: NotOpenSSLWarning: urllib3 v2 only supports OpenSSL 1.1.1+, currently the 'ssl' module is compiled with 'LibreSSL 2.8.3'. See: https://github.com/urllib3/urllib3/issues/3020
  warnings.warn(
API connection failed: ConnectionRefusedError(61, "Connect call failed ('127.0.0.1', 4001)")
Make sure API port on TWS/IBG is open
/Users/ajay/Library/Python/3.9/lib/python/site-packages/urllib3/__init__.py:35: NotOpenSSLWarning: urllib3 v2 only supports OpenSSL 1.1.1+, currently the 'ssl' module is compiled with 'LibreSSL 2.8.3'. See: https://github.com/urllib3/urllib3/issues/3020
  warnings.warn(
API connection failed: ConnectionRefusedError(61, "Connect call failed ('127.0.0.1', 4001)")
Make sure API port on TWS/IBG is open
API connection failed: ConnectionRefusedError(61, "Connect call failed ('127.0.0.1', 4001)")
Make sure API port on TWS/IBG is open
API connection failed: ConnectionRefusedError(61, "Connect call failed ('127.0.0.1', 4001)")
Make sure API port on TWS/IBG is open
positions request timed out
account updates for ACCOUNT_ALPHA request timed out
positions request timed out
account updates for ACCOUNT_ALPHA request timed out
[deck_writer] SUZ: deck emailed (SUZ_PITCH_DECK_20260818.pdf)
[deck_writer] GTLB: deck emailed (GTLB_PITCH_DECK_20260818.pdf)
[deck_writer] backfill: 21 still owed (limit 1) — ['TEAM', 'BMS_L', 'THS_L', 'WBTN', 'SBS', 'ABAT', 'BLLN', 'BTBT', 'CSGP', 'FWDI', 'OPEN', 'TRIP', 'AGL', 'DDOG', 'DOCU', 'FLUT', 'PATH', 'SRAD', 'UTI', 'WDAY', 'AVAP_L']
[court_runner] 2026-08-18T08:35:05Z
  SUZ COURT_BLUE: 1 kg_candidate(s) harvested
  SUZ COURT_BLUE -> ADJUDICATE (SUZ_COURT_BLUE_202608180809.md)
  CLBT COURT_RED: 2 kg_candidate(s) harvested
  CLBT COURT_RED -> COURT_BLUE (CLBT_COURT_RED_202608180819.md)
  LFTO COURT_RED: 2 kg_candidate(s) harvested
  LFTO COURT_RED -> COURT_BLUE (LFTO_COURT_RED_202608180825.md)
  LVWR REFUTABILITY -> KILLED (LVWR_REFUTABILITY_202608180832.md)
  DECK BACKFILL built ['GTLB']
  AWAITING ADJUDICATION (session job — pitch doc + verdict + wiring): ['OCS', 'LAES', 'OPFI', 'AAPG', 'SUZ']
Error 326, reqId -1: Unable to connect as the client id is already in use. Retry with a unique client id.
Peer closed connection. clientId 43 already in use?
API connection failed: TimeoutError()
/Users/ajay/Library/Python/3.9/lib/python/site-packages/urllib3/__init__.py:35: NotOpenSSLWarning: urllib3 v2 only supports OpenSSL 1.1.1+, currently the 'ssl' module is compiled with 'LibreSSL 2.8.3'. See: https://github.com/urllib3/urllib3/issues/3020
  warnings.warn(

===== 2026-08-18 02:35 (desk) =====
[court_runner] 2026-08-18T09:35:22Z
  INFRA FAILURE (not-logged-in) — aborting the whole drain (every dispatch would fail; no validator-reject rows written)

positions request timed out
account updates for ACCOUNT_ALPHA request timed out
/Users/ajay/Library/Python/3.9/lib/python/site-packages/urllib3/__init__.py:35: NotOpenSSLWarning: urllib3 v2 only supports OpenSSL 1.1.1+, currently the 'ssl' module is compiled with 'LibreSSL 2.8.3'. See: https://github.com/urllib3/urllib3/issues/3020
  warnings.warn(
positions request timed out
account updates for ACCOUNT_ALPHA request timed out
positions request timed out
account updates for ACCOUNT_ALPHA request timed out
positions request timed out
account updates for ACCOUNT_ALPHA request timed out
positions request timed out
account updates for ACCOUNT_ALPHA request timed out
positions request timed out
account updates for ACCOUNT_ALPHA request timed out
positions request timed out
account updates for ACCOUNT_ALPHA request timed out
[deck_writer] CLBT: deck emailed (CLBT_PITCH_DECK_20260818.pdf)
[deck_writer] LFTO: deck emailed (LFTO_PITCH_DECK_20260818.pdf)
[deck_writer] TEAM: deck emailed (TEAM_PITCH_DECK_20260818.pdf)
[deck_writer] backfill: 20 still owed (limit 1) — ['BMS_L', 'THS_L', 'WBTN', 'SBS', 'ABAT', 'BLLN', 'BTBT', 'CSGP', 'FWDI', 'OPEN', 'TRIP', 'AGL', 'DDOG', 'DOCU', 'FLUT', 'PATH', 'SRAD', 'UTI', 'WDAY', 'AVAP_L']
[court_runner] 2026-08-18T10:07:12Z
  CLBT COURT_BLUE: 2 kg_candidate(s) harvested
  CLBT COURT_BLUE -> ADJUDICATE (CLBT_COURT_BLUE_202608180939.md)
  LFTO COURT_BLUE -> ADJUDICATE (LFTO_COURT_BLUE_202608180948.md)
  TII REFUTABILITY -> ADJUDICATE (TII_REFUTABILITY_202608180956.md)
  FRVO REFUTABILITY -> ADJUDICATE (FRVO_REFUTABILITY_202608181003.md)
  DECK BACKFILL built ['TEAM']
  AWAITING ADJUDICATION (session job — pitch doc + verdict + wiring): ['OCS', 'LAES', 'OPFI', 'AAPG', 'SUZ', 'CLBT', 'LFTO', 'TII', 'FRVO']
positions request timed out
account updates for ACCOUNT_ALPHA request timed out
/Users/ajay/Library/Python/3.9/lib/python/site-packages/urllib3/__init__.py:35: NotOpenSSLWarning: urllib3 v2 only supports OpenSSL 1.1.1+, currently the 'ssl' module is compiled with 'LibreSSL 2.8.3'. See: https://github.com/urllib3/urllib3/issues/3020
  warnings.warn(
AIAI: No earnings dates found, symbol may be delisted
positions request timed out
account updates for ACCOUNT_ALPHA request timed out
positions request timed out
account updates for ACCOUNT_ALPHA request timed out
positions request timed out
account updates for ACCOUNT_ALPHA request timed out
positions request timed out
account updates for ACCOUNT_ALPHA request timed out
BMS.L: No earnings dates found, symbol may be delisted
[deck_writer] BMS.L: deck emailed (BMS_L_PITCH_DECK_20260818.pdf)
[deck_writer] backfill: 19 still owed (limit 1) — ['THS_L', 'WBTN', 'SBS', 'ABAT', 'BLLN', 'BTBT', 'CSGP', 'FWDI', 'OPEN', 'TRIP', 'AGL', 'DDOG', 'DOCU', 'FLUT', 'PATH', 'SRAD', 'UTI', 'WDAY', 'AVAP_L']
[court_runner] 2026-08-18T11:33:02Z
  AIAI REFUTABILITY -> KILLED (AIAI_REFUTABILITY_202608181112.md)
  LBTYB REFUTABILITY -> KILLED (LBTYB_REFUTABILITY_202608181117.md)
  WULF REFUTABILITY -> KILLED (WULF_REFUTABILITY_202608181123.md)
  CIFR REFUTABILITY -> COURT_RED (CIFR_REFUTABILITY_202608181129.md)
  DECK BACKFILL built ['BMS_L']
  AWAITING ADJUDICATION (session job — pitch doc + verdict + wiring): ['OCS', 'LAES', 'OPFI', 'AAPG', 'SUZ', 'CLBT', 'LFTO', 'TII', 'FRVO']

===== 2026-08-18 04:35 (desk) =====
[court_runner] 2026-08-18T11:35:19Z
  INFRA FAILURE (not-logged-in) — aborting the whole drain (every dispatch would fail; no validator-reject rows written)

positions request timed out
account updates for ACCOUNT_ALPHA request timed out
/Users/ajay/Library/Python/3.9/lib/python/site-packages/urllib3/__init__.py:35: NotOpenSSLWarning: urllib3 v2 only supports OpenSSL 1.1.1+, currently the 'ssl' module is compiled with 'LibreSSL 2.8.3'. See: https://github.com/urllib3/urllib3/issues/3020
  warnings.warn(
/Users/ajay/Library/Python/3.9/lib/python/site-packages/urllib3/__init__.py:35: NotOpenSSLWarning: urllib3 v2 only supports OpenSSL 1.1.1+, currently the 'ssl' module is compiled with 'LibreSSL 2.8.3'. See: https://github.com/urllib3/urllib3/issues/3020
  warnings.warn(
positions request timed out
account updates for ACCOUNT_ALPHA request timed out
positions request timed out
account updates for ACCOUNT_ALPHA request timed out
positions request timed out
account updates for ACCOUNT_ALPHA request timed out
positions request timed out
account updates for ACCOUNT_ALPHA request timed out
positions request timed out
account updates for ACCOUNT_ALPHA request timed out
[deck_writer] THS.L: deck emailed (THS_L_PITCH_DECK_20260818.pdf)
[deck_writer] backfill: 18 still owed (limit 1) — ['WBTN', 'SBS', 'ABAT', 'BLLN', 'BTBT', 'CSGP', 'FWDI', 'OPEN', 'TRIP', 'AGL', 'DDOG', 'DOCU', 'FLUT', 'PATH', 'SRAD', 'UTI', 'WDAY', 'AVAP_L']
[court_runner] 2026-08-18T13:04:47Z
  HYGIENE evicted=['OWL', 'CG', 'KKR', 'BX', 'ARES', 'BAM', 'STLA', 'KEP', 'SOFI', 'XPEV', 'LI', 'CPNG', 'RKT'] flagged=0
  CIFR COURT_RED: 1 kg_candidate(s) harvested
  CIFR COURT_RED -> COURT_BLUE (CIFR_COURT_RED_202608181239.md)
  RHLD REFUTABILITY -> KILLED (RHLD_REFUTABILITY_202608181247.md)
  CHA REFUTABILITY -> COURT_RED (CHA_REFUTABILITY_202608181255.md)
  BW REFUTABILITY -> COURT_RED (BW_REFUTABILITY_202608181300.md)
  DECK BACKFILL built ['THS_L']
  AWAITING ADJUDICATION (session job — pitch doc + verdict + wiring): ['OCS', 'LAES', 'OPFI', 'AAPG', 'SUZ', 'CLBT', 'LFTO', 'TII', 'FRVO']

===== 2026-08-18 06:36 (desk) =====
[court_runner] 2026-08-18T13:36:00Z
  INFRA FAILURE (not-logged-in) — aborting the whole drain (every dispatch would fail; no validator-reject rows written)

positions request timed out
account updates for ACCOUNT_ALPHA request timed out
/Users/ajay/Library/Python/3.9/lib/python/site-packages/urllib3/__init__.py:35: NotOpenSSLWarning: urllib3 v2 only supports OpenSSL 1.1.1+, currently the 'ssl' module is compiled with 'LibreSSL 2.8.3'. See: https://github.com/urllib3/urllib3/issues/3020
  warnings.warn(
positions request timed out
account updates for ACCOUNT_ALPHA request timed out
/Users/ajay/Library/Python/3.9/lib/python/site-packages/urllib3/__init__.py:35: NotOpenSSLWarning: urllib3 v2 only supports OpenSSL 1.1.1+, currently the 'ssl' module is compiled with 'LibreSSL 2.8.3'. See: https://github.com/urllib3/urllib3/issues/3020
  warnings.warn(
positions request timed out
account updates for ACCOUNT_ALPHA request timed out
positions request timed out
account updates for ACCOUNT_ALPHA request timed out
positions request timed out
account updates for ACCOUNT_ALPHA request timed out
positions request timed out
account updates for ACCOUNT_ALPHA request timed out
positions request timed out
account updates for ACCOUNT_ALPHA request timed out
[deck_writer] CIFR: deck emailed (CIFR_PITCH_DECK_20260818.pdf)
[deck_writer] WBTN: deck emailed (WBTN_PITCH_DECK_20260818.pdf)
[deck_writer] backfill: 17 still owed (limit 1) — ['SBS', 'ABAT', 'BLLN', 'BTBT', 'CSGP', 'FWDI', 'OPEN', 'TRIP', 'AGL', 'DDOG', 'DOCU', 'FLUT', 'PATH', 'SRAD', 'UTI', 'WDAY', 'AVAP_L']
[court_runner] 2026-08-18T14:44:22Z
  CIFR COURT_BLUE: reject (missing BLUE BENCH header / RED CASE ruling) — immediate retry
  CIFR COURT_BLUE: 1 kg_candidate(s) harvested
  CIFR COURT_BLUE -> ADJUDICATE (CIFR_COURT_BLUE_202608181412.md)
  CHA COURT_RED: 2 kg_candidate(s) harvested
  CHA COURT_RED -> COURT_BLUE (CHA_COURT_RED_202608181425.md)
  BW COURT_RED: 2 kg_candidate(s) harvested
  BW COURT_RED -> COURT_BLUE (BW_COURT_RED_202608181436.md)
  PLNT REFUTABILITY -> COURT_RED (PLNT_REFUTABILITY_202608181441.md)
  DECK BACKFILL built ['WBTN']
  AWAITING ADJUDICATION (session job — pitch doc + verdict + wiring): ['OCS', 'LAES', 'OPFI', 'AAPG', 'SUZ', 'CLBT', 'LFTO', 'TII', 'FRVO', 'CIFR']

===== 2026-08-18 08:36 (desk) =====
[court_runner] 2026-08-18T15:36:17Z
  INFRA FAILURE (not-logged-in) — aborting the whole drain (every dispatch would fail; no validator-reject rows written)

positions request timed out
account updates for ACCOUNT_ALPHA request timed out
/Users/ajay/Library/Python/3.9/lib/python/site-packages/urllib3/__init__.py:35: NotOpenSSLWarning: urllib3 v2 only supports OpenSSL 1.1.1+, currently the 'ssl' module is compiled with 'LibreSSL 2.8.3'. See: https://github.com/urllib3/urllib3/issues/3020
  warnings.warn(
positions request timed out
account updates for ACCOUNT_ALPHA request timed out
/Users/ajay/Library/Python/3.9/lib/python/site-packages/urllib3/__init__.py:35: NotOpenSSLWarning: urllib3 v2 only supports OpenSSL 1.1.1+, currently the 'ssl' module is compiled with 'LibreSSL 2.8.3'. See: https://github.com/urllib3/urllib3/issues/3020
  warnings.warn(
positions request timed out
account updates for ACCOUNT_ALPHA request timed out
positions request timed out
account updates for ACCOUNT_ALPHA request timed out
positions request timed out
account updates for ACCOUNT_ALPHA request timed out
positions request timed out
account updates for ACCOUNT_ALPHA request timed out
[deck_writer] BW: deck emailed (BW_PITCH_DECK_20260818.pdf)
[court_runner] 2026-08-18T16:18:39Z
  CHA COURT_BLUE: reject (missing BLUE BENCH header / RED CASE ruling) — immediate retry
  CHA COURT_BLUE: VALIDATOR REJECTED (missing BLUE BENCH header / RED CASE ruling) — output not persisted to queue
  BW COURT_BLUE: 1 kg_candidate(s) harvested
  BW COURT_BLUE -> ADJUDICATE (BW_COURT_BLUE_202608181559.md)
  PLNT COURT_RED: 1 kg_candidate(s) harvested
  PLNT COURT_RED -> COURT_BLUE (PLNT_COURT_RED_202608181611.md)
  INFRA FAILURE (infra:limit) — aborting the whole drain (every dispatch would fail; no validator-reject rows written)
/Users/ajay/Library/Python/3.9/lib/python/site-packages/urllib3/__init__.py:35: NotOpenSSLWarning: urllib3 v2 only supports OpenSSL 1.1.1+, currently the 'ssl' module is compiled with 'LibreSSL 2.8.3'. See: https://github.com/urllib3/urllib3/issues/3020
  warnings.warn(
positions request timed out
account updates for ACCOUNT_ALPHA request timed out
[court_runner] 2026-08-18T17:22:39Z
  HYGIENE evicted=['OWL', 'CG', 'KKR', 'BX', 'ARES', 'BAM', 'FN', 'BIDU', 'COHR', 'KEP', 'SOFI', 'STLA', 'XPEV', 'RKT', 'LI'] flagged=0
  INFRA FAILURE (infra:limit) — aborting the whole drain (every dispatch would fail; no validator-reject rows written)

===== 2026-08-18 10:37 (desk) =====
[court_runner] 2026-08-18T17:37:12Z
  INFRA FAILURE (not-logged-in) — aborting the whole drain (every dispatch would fail; no validator-reject rows written)

positions request timed out
account updates for ACCOUNT_ALPHA request timed out
/Users/ajay/Library/Python/3.9/lib/python/site-packages/urllib3/__init__.py:35: NotOpenSSLWarning: urllib3 v2 only supports OpenSSL 1.1.1+, currently the 'ssl' module is compiled with 'LibreSSL 2.8.3'. See: https://github.com/urllib3/urllib3/issues/3020
  warnings.warn(
positions request timed out
account updates for ACCOUNT_ALPHA request timed out
/Users/ajay/Library/Python/3.9/lib/python/site-packages/urllib3/__init__.py:35: NotOpenSSLWarning: urllib3 v2 only supports OpenSSL 1.1.1+, currently the 'ssl' module is compiled with 'LibreSSL 2.8.3'. See: https://github.com/urllib3/urllib3/issues/3020
  warnings.warn(
positions request timed out
account updates for ACCOUNT_ALPHA request timed out
positions request timed out
account updates for ACCOUNT_ALPHA request timed out
positions request timed out
account updates for ACCOUNT_ALPHA request timed out
positions request timed out
account updates for ACCOUNT_ALPHA request timed out
positions request timed out
account updates for ACCOUNT_ALPHA request timed out
positions request timed out
account updates for ACCOUNT_ALPHA request timed out
[deck_writer] CHA: deck emailed (CHA_PITCH_DECK_20260818.pdf)
[deck_writer] PLNT: deck emailed (PLNT_PITCH_DECK_20260818.pdf)
[deck_writer] SBS: deck emailed (SBS_PITCH_DECK_20260818.pdf)
[deck_writer] backfill: 16 still owed (limit 1) — ['ABAT', 'BLLN', 'BTBT', 'CSGP', 'FWDI', 'OPEN', 'TRIP', 'AGL', 'DDOG', 'DOCU', 'FLUT', 'PATH', 'SRAD', 'UTI', 'WDAY', 'AVAP_L']
[court_runner] 2026-08-18T18:56:46Z
  CHA COURT_BLUE: 1 kg_candidate(s) harvested
  CHA COURT_BLUE -> ADJUDICATE (CHA_COURT_BLUE_202608181830.md)
  PLNT COURT_BLUE: 1 kg_candidate(s) harvested
  PLNT COURT_BLUE -> ADJUDICATE (PLNT_COURT_BLUE_202608181839.md)
  FAC REFUTABILITY -> KILLED (FAC_REFUTABILITY_202608181847.md)
  RZLV REFUTABILITY -> KILLED (RZLV_REFUTABILITY_202608181853.md)
  DECK BACKFILL built ['SBS']
  AWAITING ADJUDICATION (session job — pitch doc + verdict + wiring): ['OCS', 'LAES', 'OPFI', 'AAPG', 'SUZ', 'CLBT', 'LFTO', 'TII', 'FRVO', 'CIFR', 'CHA', 'BW', 'PLNT']

===== 2026-08-18 12:36 (desk) =====
[court_runner] 2026-08-18T19:36:28Z
  INFRA FAILURE (not-logged-in) — aborting the whole drain (every dispatch would fail; no validator-reject rows written)

positions request timed out
account updates for ACCOUNT_ALPHA request timed out
/Users/ajay/Library/Python/3.9/lib/python/site-packages/urllib3/__init__.py:35: NotOpenSSLWarning: urllib3 v2 only supports OpenSSL 1.1.1+, currently the 'ssl' module is compiled with 'LibreSSL 2.8.3'. See: https://github.com/urllib3/urllib3/issues/3020
  warnings.warn(
positions request timed out
account updates for ACCOUNT_ALPHA request timed out
/Users/ajay/Library/Python/3.9/lib/python/site-packages/urllib3/__init__.py:35: NotOpenSSLWarning: urllib3 v2 only supports OpenSSL 1.1.1+, currently the 'ssl' module is compiled with 'LibreSSL 2.8.3'. See: https://github.com/urllib3/urllib3/issues/3020
  warnings.warn(
positions request timed out
account updates for ACCOUNT_ALPHA request timed out
positions request timed out
account updates for ACCOUNT_ALPHA request timed out
positions request timed out
account updates for ACCOUNT_ALPHA request timed out
positions request timed out
account updates for ACCOUNT_ALPHA request timed out
[deck_writer] ABAT: deck emailed (ABAT_PITCH_DECK_20260818.pdf)
[deck_writer] backfill: 15 still owed (limit 1) — ['BLLN', 'BTBT', 'CSGP', 'FWDI', 'OPEN', 'TRIP', 'AGL', 'DDOG', 'DOCU', 'FLUT', 'PATH', 'SRAD', 'UTI', 'WDAY', 'AVAP_L']
[court_runner] 2026-08-18T20:19:52Z
  CSAN REFUTABILITY -> KILLED (CSAN_REFUTABILITY_202608182002.md)
  FLY REFUTABILITY -> COURT_RED (FLY_REFUTABILITY_202608182007.md)
  PZZA REFUTABILITY -> KILLED (PZZA_REFUTABILITY_202608182011.md)
  AMSF REFUTABILITY -> ADJUDICATE (AMSF_REFUTABILITY_202608182016.md)
  DECK BACKFILL built ['ABAT']
  AWAITING ADJUDICATION (session job — pitch doc + verdict + wiring): ['OCS', 'LAES', 'OPFI', 'AAPG', 'SUZ', 'CLBT', 'LFTO', 'TII', 'FRVO', 'CIFR', 'CHA', 'BW', 'PLNT', 'AMSF']
positions request timed out
account updates for ACCOUNT_ALPHA request timed out
/Users/ajay/Library/Python/3.9/lib/python/site-packages/urllib3/__init__.py:35: NotOpenSSLWarning: urllib3 v2 only supports OpenSSL 1.1.1+, currently the 'ssl' module is compiled with 'LibreSSL 2.8.3'. See: https://github.com/urllib3/urllib3/issues/3020
  warnings.warn(
positions request timed out
account updates for ACCOUNT_ALPHA request timed out
positions request timed out
account updates for ACCOUNT_ALPHA request timed out

===== 2026-08-18 14:36 (desk) =====
[court_runner] 2026-08-18T21:36:11Z
  INFRA FAILURE (not-logged-in) — aborting the whole drain (every dispatch would fail; no validator-reject rows written)

positions request timed out
account updates for ACCOUNT_ALPHA request timed out
/Users/ajay/Library/Python/3.9/lib/python/site-packages/urllib3/__init__.py:35: NotOpenSSLWarning: urllib3 v2 only supports OpenSSL 1.1.1+, currently the 'ssl' module is compiled with 'LibreSSL 2.8.3'. See: https://github.com/urllib3/urllib3/issues/3020
  warnings.warn(
positions request timed out
account updates for ACCOUNT_ALPHA request timed out
positions request timed out
account updates for ACCOUNT_ALPHA request timed out
[deck_writer] BLLN: deck emailed (BLLN_PITCH_DECK_20260818.pdf)
[deck_writer] backfill: 14 still owed (limit 1) — ['BTBT', 'CSGP', 'FWDI', 'OPEN', 'TRIP', 'AGL', 'DDOG', 'DOCU', 'FLUT', 'PATH', 'SRAD', 'UTI', 'WDAY', 'AVAP_L']
[court_runner] 2026-08-18T21:47:42Z
  FLY COURT_RED: 2 kg_candidate(s) harvested
  FLY COURT_RED -> COURT_BLUE (FLY_COURT_RED_202608182125.md)
  RGTI REFUTABILITY -> KILLED (RGTI_REFUTABILITY_202608182130.md)
  LINC REFUTABILITY -> ADJUDICATE (LINC_REFUTABILITY_202608182136.md)
  LAB REFUTABILITY -> COURT_RED (LAB_REFUTABILITY_202608182144.md)
  DECK BACKFILL built ['BLLN']
  AWAITING ADJUDICATION (session job — pitch doc + verdict + wiring): ['OCS', 'LAES', 'OPFI', 'AAPG', 'SUZ', 'CLBT', 'LFTO', 'TII', 'FRVO', 'CIFR', 'CHA', 'BW', 'PLNT', 'AMSF', 'LINC']
positions request timed out
account updates for ACCOUNT_ALPHA request timed out
/Users/ajay/Library/Python/3.9/lib/python/site-packages/urllib3/__init__.py:35: NotOpenSSLWarning: urllib3 v2 only supports OpenSSL 1.1.1+, currently the 'ssl' module is compiled with 'LibreSSL 2.8.3'. See: https://github.com/urllib3/urllib3/issues/3020
  warnings.warn(
positions request timed out
account updates for ACCOUNT_ALPHA request timed out
positions request timed out
account updates for ACCOUNT_ALPHA request timed out
positions request timed out
account updates for ACCOUNT_ALPHA request timed out
positions request timed out
account updates for ACCOUNT_ALPHA request timed out
NVA: No earnings dates found, symbol may be delisted
positions request timed out
account updates for ACCOUNT_ALPHA request timed out
[deck_writer] FLY: deck emailed (FLY_PITCH_DECK_20260818.pdf)
[deck_writer] BTBT: deck emailed (BTBT_PITCH_DECK_20260818.pdf)
[deck_writer] backfill: 13 still owed (limit 1) — ['CSGP', 'FWDI', 'OPEN', 'TRIP', 'AGL', 'DDOG', 'DOCU', 'FLUT', 'PATH', 'SRAD', 'UTI', 'WDAY', 'AVAP_L']
[court_runner] 2026-08-18T23:17:56Z
  FLY COURT_BLUE: reject (missing BLUE BENCH header / RED CASE ruling) — immediate retry
  FLY COURT_BLUE: 2 kg_candidate(s) harvested
  FLY COURT_BLUE -> ADJUDICATE (FLY_COURT_BLUE_202608182252.md)
  LAB COURT_RED: 1 kg_candidate(s) harvested
  LAB COURT_RED -> COURT_BLUE (LAB_COURT_RED_202608182301.md)
  MNSO REFUTABILITY -> COURT_RED (MNSO_REFUTABILITY_202608182308.md)
  NVA REFUTABILITY -> ADJUDICATE (NVA_REFUTABILITY_202608182315.md)
  DECK BACKFILL built ['BTBT']
  AWAITING ADJUDICATION (session job — pitch doc + verdict + wiring): ['OCS', 'LAES', 'OPFI', 'AAPG', 'SUZ', 'CLBT', 'LFTO', 'TII', 'FRVO', 'CIFR', 'CHA', 'BW', 'PLNT', 'FLY', 'AMSF', 'LINC', 'NVA']

===== 2026-08-18 16:37 (desk) =====
[court_runner] 2026-08-18T23:37:32Z
  INFRA FAILURE (not-logged-in) — aborting the whole drain (every dispatch would fail; no validator-reject rows written)

positions request timed out
account updates for ACCOUNT_ALPHA request timed out
/Users/ajay/Library/Python/3.9/lib/python/site-packages/urllib3/__init__.py:35: NotOpenSSLWarning: urllib3 v2 only supports OpenSSL 1.1.1+, currently the 'ssl' module is compiled with 'LibreSSL 2.8.3'. See: https://github.com/urllib3/urllib3/issues/3020
  warnings.warn(
positions request timed out
account updates for ACCOUNT_ALPHA request timed out
/Users/ajay/Library/Python/3.9/lib/python/site-packages/urllib3/__init__.py:35: NotOpenSSLWarning: urllib3 v2 only supports OpenSSL 1.1.1+, currently the 'ssl' module is compiled with 'LibreSSL 2.8.3'. See: https://github.com/urllib3/urllib3/issues/3020
  warnings.warn(
positions request timed out
account updates for ACCOUNT_ALPHA request timed out
positions request timed out
account updates for ACCOUNT_ALPHA request timed out
positions request timed out
account updates for ACCOUNT_ALPHA request timed out
positions request timed out
account updates for ACCOUNT_ALPHA request timed out
positions request timed out
account updates for ACCOUNT_ALPHA request timed out
[deck_writer] LAB: deck emailed (LAB_PITCH_DECK_20260818.pdf)
[deck_writer] CSGP: deck emailed (CSGP_PITCH_DECK_20260818.pdf)
[deck_writer] backfill: 12 still owed (limit 1) — ['FWDI', 'OPEN', 'TRIP', 'AGL', 'DDOG', 'DOCU', 'FLUT', 'PATH', 'SRAD', 'UTI', 'WDAY', 'AVAP_L']
[court_runner] 2026-08-19T00:47:00Z
  LAB COURT_BLUE -> ADJUDICATE (LAB_COURT_BLUE_202608190022.md)
  MNSO COURT_RED: 2 kg_candidate(s) harvested
  MNSO COURT_RED -> COURT_BLUE (MNSO_COURT_RED_202608190033.md)
  WHR REFUTABILITY -> ADJUDICATE (WHR_REFUTABILITY_202608190038.md)
  MRAM REFUTABILITY -> COURT_RED (MRAM_REFUTABILITY_202608190044.md)
  DECK BACKFILL built ['CSGP']
  AWAITING ADJUDICATION (session job — pitch doc + verdict + wiring): ['OCS', 'LAES', 'OPFI', 'AAPG', 'SUZ', 'CLBT', 'LFTO', 'TII', 'FRVO', 'CIFR', 'CHA', 'BW', 'PLNT', 'FLY', 'AMSF', 'LINC', 'LAB', 'NVA', 'WHR']

===== 2026-08-18 18:35 (desk) =====
[court_runner] 2026-08-19T01:35:57Z
  INFRA FAILURE (not-logged-in) — aborting the whole drain (every dispatch would fail; no validator-reject rows written)

positions request timed out
account updates for ACCOUNT_ALPHA request timed out
/Users/ajay/Library/Python/3.9/lib/python/site-packages/urllib3/__init__.py:35: NotOpenSSLWarning: urllib3 v2 only supports OpenSSL 1.1.1+, currently the 'ssl' module is compiled with 'LibreSSL 2.8.3'. See: https://github.com/urllib3/urllib3/issues/3020
  warnings.warn(
positions request timed out
account updates for ACCOUNT_ALPHA request timed out
/Users/ajay/Library/Python/3.9/lib/python/site-packages/urllib3/__init__.py:35: NotOpenSSLWarning: urllib3 v2 only supports OpenSSL 1.1.1+, currently the 'ssl' module is compiled with 'LibreSSL 2.8.3'. See: https://github.com/urllib3/urllib3/issues/3020
  warnings.warn(
positions request timed out
account updates for ACCOUNT_ALPHA request timed out
positions request timed out
account updates for ACCOUNT_ALPHA request timed out
positions request timed out
account updates for ACCOUNT_ALPHA request timed out
positions request timed out
account updates for ACCOUNT_ALPHA request timed out
MTC: No earnings dates found, symbol may be delisted
positions request timed out
account updates for ACCOUNT_ALPHA request timed out
[deck_writer] MNSO: deck emailed (MNSO_PITCH_DECK_20260818.pdf)
[deck_writer] FWDI: deck emailed (FWDI_PITCH_DECK_20260818.pdf)
[deck_writer] backfill: 11 still owed (limit 1) — ['OPEN', 'TRIP', 'AGL', 'DDOG', 'DOCU', 'FLUT', 'PATH', 'SRAD', 'UTI', 'WDAY', 'AVAP_L']
[court_runner] 2026-08-19T02:15:12Z
  MNSO COURT_BLUE: 1 kg_candidate(s) harvested
  MNSO COURT_BLUE -> ADJUDICATE (MNSO_COURT_BLUE_202608190151.md)
  MRAM COURT_RED: 1 kg_candidate(s) harvested
  MRAM COURT_RED -> COURT_BLUE (MRAM_COURT_RED_202608190200.md)
  AMSC REFUTABILITY -> KILLED (AMSC_REFUTABILITY_202608190208.md)
  MTC REFUTABILITY -> KILLED (MTC_REFUTABILITY_202608190212.md)
  DECK BACKFILL built ['FWDI']
  AWAITING ADJUDICATION (session job — pitch doc + verdict + wiring): ['OCS', 'LAES', 'OPFI', 'AAPG', 'SUZ', 'CLBT', 'LFTO', 'TII', 'FRVO', 'CIFR', 'CHA', 'BW', 'PLNT', 'FLY', 'AMSF', 'LINC', 'LAB', 'MNSO', 'NVA', 'WHR']
positions request timed out
account updates for ACCOUNT_ALPHA request timed out
/Users/ajay/Library/Python/3.9/lib/python/site-packages/urllib3/__init__.py:35: NotOpenSSLWarning: urllib3 v2 only supports OpenSSL 1.1.1+, currently the 'ssl' module is compiled with 'LibreSSL 2.8.3'. See: https://github.com/urllib3/urllib3/issues/3020
  warnings.warn(
positions request timed out
account updates for ACCOUNT_ALPHA request timed out
positions request timed out
account updates for ACCOUNT_ALPHA request timed out
positions request timed out
account updates for ACCOUNT_ALPHA request timed out
positions request timed out
account updates for ACCOUNT_ALPHA request timed out

===== 2026-08-18 20:35 (desk) =====
[court_runner] 2026-08-19T03:35:36Z
  INFRA FAILURE (not-logged-in) — aborting the whole drain (every dispatch would fail; no validator-reject rows written)

positions request timed out
account updates for ACCOUNT_ALPHA request timed out
/Users/ajay/Library/Python/3.9/lib/python/site-packages/urllib3/__init__.py:35: NotOpenSSLWarning: urllib3 v2 only supports OpenSSL 1.1.1+, currently the 'ssl' module is compiled with 'LibreSSL 2.8.3'. See: https://github.com/urllib3/urllib3/issues/3020
  warnings.warn(
positions request timed out
account updates for ACCOUNT_ALPHA request timed out
[deck_writer] MRAM: deck emailed (MRAM_PITCH_DECK_20260818.pdf)
[deck_writer] OPEN: deck emailed (OPEN_PITCH_DECK_20260818.pdf)
[deck_writer] backfill: 10 still owed (limit 1) — ['TRIP', 'AGL', 'DDOG', 'DOCU', 'FLUT', 'PATH', 'SRAD', 'UTI', 'WDAY', 'AVAP_L']
[court_runner] 2026-08-19T03:42:26Z
  MRAM COURT_BLUE: 1 kg_candidate(s) harvested
  MRAM COURT_BLUE -> ADJUDICATE (MRAM_COURT_BLUE_202608190319.md)
  CRDO COURT_RED: 2 kg_candidate(s) harvested
  CRDO COURT_RED -> COURT_BLUE (CRDO_COURT_RED_202608190328.md)
  ALAB COURT_RED: 2 kg_candidate(s) harvested
  ALAB COURT_RED -> COURT_BLUE (ALAB_COURT_RED_202608190334.md)
  SVC REFUTABILITY -> KILLED (SVC_REFUTABILITY_202608190339.md)
  DECK BACKFILL built ['OPEN']
  AWAITING ADJUDICATION (session job — pitch doc + verdict + wiring): ['OCS', 'LAES', 'OPFI', 'AAPG', 'SUZ', 'CLBT', 'LFTO', 'TII', 'FRVO', 'CIFR', 'CHA', 'BW', 'PLNT', 'FLY', 'AMSF', 'LINC', 'LAB', 'MNSO', 'NVA', 'WHR', 'MRAM']
positions request timed out
account updates for ACCOUNT_ALPHA request timed out
/Users/ajay/Library/Python/3.9/lib/python/site-packages/urllib3/__init__.py:35: NotOpenSSLWarning: urllib3 v2 only supports OpenSSL 1.1.1+, currently the 'ssl' module is compiled with 'LibreSSL 2.8.3'. See: https://github.com/urllib3/urllib3/issues/3020
  warnings.warn(
positions request timed out
account updates for ACCOUNT_ALPHA request timed out
positions request timed out
account updates for ACCOUNT_ALPHA request timed out
positions request timed out
account updates for ACCOUNT_ALPHA request timed out
positions request timed out
account updates for ACCOUNT_ALPHA request timed out
positions request timed out
account updates for ACCOUNT_ALPHA request timed out
GENVR: No earnings dates found, symbol may be delisted
positions request timed out
account updates for ACCOUNT_ALPHA request timed out
[deck_writer] CRDO: deck emailed (CRDO_PITCH_DECK_20260818.pdf)
[deck_writer] ALAB: deck emailed (ALAB_PITCH_DECK_20260818.pdf)
[deck_writer] TRIP: deck emailed (TRIP_PITCH_DECK_20260818.pdf)
[deck_writer] backfill: 9 still owed (limit 1) — ['AGL', 'DDOG', 'DOCU', 'FLUT', 'PATH', 'SRAD', 'UTI', 'WDAY', 'AVAP_L']
[court_runner] 2026-08-19T05:11:32Z
  CRDO COURT_BLUE: 2 kg_candidate(s) harvested
  CRDO COURT_BLUE -> ADJUDICATE (CRDO_COURT_BLUE_202608190446.md)
  ALAB COURT_BLUE: 2 kg_candidate(s) harvested
  ALAB COURT_BLUE -> ADJUDICATE (ALAB_COURT_BLUE_202608190453.md)
  TPG REFUTABILITY -> COURT_RED (TPG_REFUTABILITY_202608190502.md)
  GENVR REFUTABILITY -> KILLED (GENVR_REFUTABILITY_202608190508.md)
  DECK BACKFILL built ['TRIP']
  AWAITING ADJUDICATION (session job — pitch doc + verdict + wiring): ['OCS', 'LAES', 'OPFI', 'AAPG', 'SUZ', 'CLBT', 'LFTO', 'TII', 'FRVO', 'CIFR', 'CHA', 'BW', 'PLNT', 'FLY', 'AMSF', 'LINC', 'LAB', 'MNSO', 'NVA', 'WHR', 'MRAM', 'CRDO', 'ALAB']

===== 2026-08-18 22:35 (desk) =====
[court_runner] 2026-08-19T05:35:41Z
  INFRA FAILURE (not-logged-in) — aborting the whole drain (every dispatch would fail; no validator-reject rows written)

positions request timed out
account updates for ACCOUNT_ALPHA request timed out
/Users/ajay/Library/Python/3.9/lib/python/site-packages/urllib3/__init__.py:35: NotOpenSSLWarning: urllib3 v2 only supports OpenSSL 1.1.1+, currently the 'ssl' module is compiled with 'LibreSSL 2.8.3'. See: https://github.com/urllib3/urllib3/issues/3020
  warnings.warn(
positions request timed out
account updates for ACCOUNT_ALPHA request timed out
/Users/ajay/Library/Python/3.9/lib/python/site-packages/urllib3/__init__.py:35: NotOpenSSLWarning: urllib3 v2 only supports OpenSSL 1.1.1+, currently the 'ssl' module is compiled with 'LibreSSL 2.8.3'. See: https://github.com/urllib3/urllib3/issues/3020
  warnings.warn(
positions request timed out
account updates for ACCOUNT_ALPHA request timed out
positions request timed out
account updates for ACCOUNT_ALPHA request timed out
BGIN: No earnings dates found, symbol may be delisted
positions request timed out
account updates for ACCOUNT_ALPHA request timed out
positions request timed out
account updates for ACCOUNT_ALPHA request timed out
[deck_writer] AGL: deck emailed (AGL_PITCH_DECK_20260818.pdf)
[deck_writer] backfill: 8 still owed (limit 1) — ['DDOG', 'DOCU', 'FLUT', 'PATH', 'SRAD', 'UTI', 'WDAY', 'AVAP_L']
[court_runner] 2026-08-19T06:35:41Z
  TPG COURT_RED: 1 kg_candidate(s) harvested
  TPG COURT_RED -> COURT_BLUE (TPG_COURT_RED_202608190617.md)
  FA REFUTABILITY -> COURT_RED (FA_REFUTABILITY_202608190622.md)
  BGIN REFUTABILITY -> KILLED (BGIN_REFUTABILITY_202608190628.md)
  SLNH REFUTABILITY -> KILLED (SLNH_REFUTABILITY_202608190632.md)
  DECK BACKFILL built ['AGL']
  AWAITING ADJUDICATION (session job — pitch doc + verdict + wiring): ['OCS', 'LAES', 'OPFI', 'AAPG', 'SUZ', 'CLBT', 'LFTO', 'TII', 'FRVO', 'CIFR', 'CHA', 'BW', 'PLNT', 'FLY', 'AMSF', 'LINC', 'LAB', 'MNSO', 'NVA', 'WHR', 'MRAM', 'CRDO', 'ALAB']

===== 2026-08-19 00:30 (desk) =====
[court_runner] 2026-08-19T07:30:56Z
  INFRA FAILURE (not-logged-in) — aborting the whole drain (every dispatch would fail; no validator-reject rows written)

/Users/ajay/Library/Python/3.9/lib/python/site-packages/urllib3/__init__.py:35: NotOpenSSLWarning: urllib3 v2 only supports OpenSSL 1.1.1+, currently the 'ssl' module is compiled with 'LibreSSL 2.8.3'. See: https://github.com/urllib3/urllib3/issues/3020
  warnings.warn(
/Users/ajay/Library/Python/3.9/lib/python/site-packages/urllib3/__init__.py:35: NotOpenSSLWarning: urllib3 v2 only supports OpenSSL 1.1.1+, currently the 'ssl' module is compiled with 'LibreSSL 2.8.3'. See: https://github.com/urllib3/urllib3/issues/3020
  warnings.warn(
[deck_writer] TPG: deck emailed (TPG_PITCH_DECK_20260819.pdf)
[deck_writer] DDOG: deck emailed (DDOG_PITCH_DECK_20260819.pdf)
[deck_writer] backfill: 7 still owed (limit 1) — ['DOCU', 'FLUT', 'PATH', 'SRAD', 'UTI', 'WDAY', 'AVAP_L']
[court_runner] 2026-08-19T08:01:37Z
  TPG COURT_BLUE: 1 kg_candidate(s) harvested
  TPG COURT_BLUE -> ADJUDICATE (TPG_COURT_BLUE_202608190742.md)
  FA COURT_RED: 1 kg_candidate(s) harvested
  FA COURT_RED -> COURT_BLUE (FA_COURT_RED_202608190749.md)
  SIDU REFUTABILITY -> KILLED (SIDU_REFUTABILITY_202608190754.md)
  TSSI REFUTABILITY -> COURT_RED (TSSI_REFUTABILITY_202608190759.md)
  DECK BACKFILL built ['DDOG']
  AWAITING ADJUDICATION (session job — pitch doc + verdict + wiring): ['OCS', 'LAES', 'OPFI', 'AAPG', 'SUZ', 'CLBT', 'LFTO', 'TII', 'FRVO', 'CIFR', 'CHA', 'BW', 'PLNT', 'FLY', 'AMSF', 'LINC', 'LAB', 'MNSO', 'NVA', 'WHR', 'MRAM', 'TPG', 'CRDO', 'ALAB']

===== 2026-08-19 01:34 (desk) =====
[court_runner] 2026-08-19T08:34:37Z
  INFRA FAILURE (not-logged-in) — aborting the whole drain (every dispatch would fail; no validator-reject rows written)

/Users/ajay/Library/Python/3.9/lib/python/site-packages/urllib3/__init__.py:35: NotOpenSSLWarning: urllib3 v2 only supports OpenSSL 1.1.1+, currently the 'ssl' module is compiled with 'LibreSSL 2.8.3'. See: https://github.com/urllib3/urllib3/issues/3020
  warnings.warn(
/Users/ajay/Library/Python/3.9/lib/python/site-packages/urllib3/__init__.py:35: NotOpenSSLWarning: urllib3 v2 only supports OpenSSL 1.1.1+, currently the 'ssl' module is compiled with 'LibreSSL 2.8.3'. See: https://github.com/urllib3/urllib3/issues/3020
  warnings.warn(
[deck_writer] FA: dispatch failed (infra:limit)
[court_runner] 2026-08-19T09:07:36Z
  FA COURT_BLUE: reject (missing BLUE BENCH header / RED CASE ruling) — immediate retry
  FA COURT_BLUE: 1 kg_candidate(s) harvested
  FA COURT_BLUE -> ADJUDICATE (FA_COURT_BLUE_202608190907.md)
  INFRA FAILURE (infra:limit) — aborting the whole drain (every dispatch would fail; no validator-reject rows written)
/Users/ajay/Library/Python/3.9/lib/python/site-packages/urllib3/__init__.py:35: NotOpenSSLWarning: urllib3 v2 only supports OpenSSL 1.1.1+, currently the 'ssl' module is compiled with 'LibreSSL 2.8.3'. See: https://github.com/urllib3/urllib3/issues/3020
  warnings.warn(
[court_runner] 2026-08-19T10:07:48Z
  INFRA FAILURE (infra:limit) — aborting the whole drain (every dispatch would fail; no validator-reject rows written)

===== 2026-08-19 03:34 (desk) =====
[court_runner] 2026-08-19T10:34:30Z
  INFRA FAILURE (not-logged-in) — aborting the whole drain (every dispatch would fail; no validator-reject rows written)

/Users/ajay/Library/Python/3.9/lib/python/site-packages/urllib3/__init__.py:35: NotOpenSSLWarning: urllib3 v2 only supports OpenSSL 1.1.1+, currently the 'ssl' module is compiled with 'LibreSSL 2.8.3'. See: https://github.com/urllib3/urllib3/issues/3020
  warnings.warn(
/Users/ajay/Library/Python/3.9/lib/python/site-packages/urllib3/__init__.py:35: NotOpenSSLWarning: urllib3 v2 only supports OpenSSL 1.1.1+, currently the 'ssl' module is compiled with 'LibreSSL 2.8.3'. See: https://github.com/urllib3/urllib3/issues/3020
  warnings.warn(
[court_runner] 2026-08-19T11:08:00Z
  INFRA FAILURE (infra:limit) — aborting the whole drain (every dispatch would fail; no validator-reject rows written)
/Users/ajay/Library/Python/3.9/lib/python/site-packages/urllib3/__init__.py:35: NotOpenSSLWarning: urllib3 v2 only supports OpenSSL 1.1.1+, currently the 'ssl' module is compiled with 'LibreSSL 2.8.3'. See: https://github.com/urllib3/urllib3/issues/3020
  warnings.warn(
[court_runner] 2026-08-19T12:08:13Z
  INFRA FAILURE (infra:limit) — aborting the whole drain (every dispatch would fail; no validator-reject rows written)

===== 2026-08-19 05:34 (desk) =====
[court_runner] 2026-08-19T12:34:17Z
  HYGIENE evicted=['FN', 'AAOI', 'BIDU', 'KEP', 'SOFI', 'STLA', 'XPEV', 'RKT', 'SMMT', 'LI', 'CPNG', 'SYM', 'KTOS'] flagged=0
  INFRA FAILURE (not-logged-in) — aborting the whole drain (every dispatch would fail; no validator-reject rows written)

/Users/ajay/Library/Python/3.9/lib/python/site-packages/urllib3/__init__.py:35: NotOpenSSLWarning: urllib3 v2 only supports OpenSSL 1.1.1+, currently the 'ssl' module is compiled with 'LibreSSL 2.8.3'. See: https://github.com/urllib3/urllib3/issues/3020
  warnings.warn(
/Users/ajay/Library/Python/3.9/lib/python/site-packages/urllib3/__init__.py:35: NotOpenSSLWarning: urllib3 v2 only supports OpenSSL 1.1.1+, currently the 'ssl' module is compiled with 'LibreSSL 2.8.3'. See: https://github.com/urllib3/urllib3/issues/3020
  warnings.warn(
[court_runner] 2026-08-19T13:08:25Z
  INFRA FAILURE (infra:limit) — aborting the whole drain (every dispatch would fail; no validator-reject rows written)
/Users/ajay/Library/Python/3.9/lib/python/site-packages/urllib3/__init__.py:35: NotOpenSSLWarning: urllib3 v2 only supports OpenSSL 1.1.1+, currently the 'ssl' module is compiled with 'LibreSSL 2.8.3'. See: https://github.com/urllib3/urllib3/issues/3020
  warnings.warn(
[court_runner] 2026-08-19T14:08:38Z
  INFRA FAILURE (infra:limit) — aborting the whole drain (every dispatch would fail; no validator-reject rows written)

===== 2026-08-19 07:35 (desk) =====
[court_runner] 2026-08-19T14:35:22Z
  INFRA FAILURE (not-logged-in) — aborting the whole drain (every dispatch would fail; no validator-reject rows written)

/Users/ajay/Library/Python/3.9/lib/python/site-packages/urllib3/__init__.py:35: NotOpenSSLWarning: urllib3 v2 only supports OpenSSL 1.1.1+, currently the 'ssl' module is compiled with 'LibreSSL 2.8.3'. See: https://github.com/urllib3/urllib3/issues/3020
  warnings.warn(
/Users/ajay/Library/Python/3.9/lib/python/site-packages/urllib3/__init__.py:35: NotOpenSSLWarning: urllib3 v2 only supports OpenSSL 1.1.1+, currently the 'ssl' module is compiled with 'LibreSSL 2.8.3'. See: https://github.com/urllib3/urllib3/issues/3020
  warnings.warn(
[court_runner] 2026-08-19T15:08:50Z
  INFRA FAILURE (infra:limit) — aborting the whole drain (every dispatch would fail; no validator-reject rows written)
/Users/ajay/Library/Python/3.9/lib/python/site-packages/urllib3/__init__.py:35: NotOpenSSLWarning: urllib3 v2 only supports OpenSSL 1.1.1+, currently the 'ssl' module is compiled with 'LibreSSL 2.8.3'. See: https://github.com/urllib3/urllib3/issues/3020
  warnings.warn(
[court_runner] 2026-08-19T16:09:05Z
  INFRA FAILURE (infra:limit) — aborting the whole drain (every dispatch would fail; no validator-reject rows written)

===== 2026-08-19 09:35 (desk) =====
[court_runner] 2026-08-19T16:35:38Z
  INFRA FAILURE (not-logged-in) — aborting the whole drain (every dispatch would fail; no validator-reject rows written)

/Users/ajay/Library/Python/3.9/lib/python/site-packages/urllib3/__init__.py:35: NotOpenSSLWarning: urllib3 v2 only supports OpenSSL 1.1.1+, currently the 'ssl' module is compiled with 'LibreSSL 2.8.3'. See: https://github.com/urllib3/urllib3/issues/3020
  warnings.warn(
/Users/ajay/Library/Python/3.9/lib/python/site-packages/urllib3/__init__.py:35: NotOpenSSLWarning: urllib3 v2 only supports OpenSSL 1.1.1+, currently the 'ssl' module is compiled with 'LibreSSL 2.8.3'. See: https://github.com/urllib3/urllib3/issues/3020
  warnings.warn(
[court_runner] 2026-08-19T17:09:19Z
  INFRA FAILURE (infra:limit) — aborting the whole drain (every dispatch would fail; no validator-reject rows written)
/Users/ajay/Library/Python/3.9/lib/python/site-packages/urllib3/__init__.py:35: NotOpenSSLWarning: urllib3 v2 only supports OpenSSL 1.1.1+, currently the 'ssl' module is compiled with 'LibreSSL 2.8.3'. See: https://github.com/urllib3/urllib3/issues/3020
  warnings.warn(
[court_runner] 2026-08-19T18:09:34Z
  HYGIENE evicted=['KEP', 'SOFI', 'XPEV', 'SMMT', 'STLA', 'FPS', 'KTOS', 'RKT'] flagged=0
  INFRA FAILURE (infra:limit) — aborting the whole drain (every dispatch would fail; no validator-reject rows written)

===== 2026-08-19 11:35 (desk) =====
[court_runner] 2026-08-19T18:35:30Z
  INFRA FAILURE (not-logged-in) — aborting the whole drain (every dispatch would fail; no validator-reject rows written)

/Users/ajay/Library/Python/3.9/lib/python/site-packages/urllib3/__init__.py:35: NotOpenSSLWarning: urllib3 v2 only supports OpenSSL 1.1.1+, currently the 'ssl' module is compiled with 'LibreSSL 2.8.3'. See: https://github.com/urllib3/urllib3/issues/3020
  warnings.warn(
positions request timed out
account updates for ACCOUNT_ALPHA request timed out
/Users/ajay/Library/Python/3.9/lib/python/site-packages/urllib3/__init__.py:35: NotOpenSSLWarning: urllib3 v2 only supports OpenSSL 1.1.1+, currently the 'ssl' module is compiled with 'LibreSSL 2.8.3'. See: https://github.com/urllib3/urllib3/issues/3020
  warnings.warn(
[court_runner] 2026-08-19T20:17:08Z
  INFRA FAILURE (infra:limit) — aborting the whole drain (every dispatch would fail; no validator-reject rows written)

===== 2026-08-19 13:36 (desk) =====
[court_runner] 2026-08-19T20:36:24Z
  INFRA FAILURE (not-logged-in) — aborting the whole drain (every dispatch would fail; no validator-reject rows written)

positions request timed out
account updates for ACCOUNT_ALPHA request timed out
/Users/ajay/Library/Python/3.9/lib/python/site-packages/urllib3/__init__.py:35: NotOpenSSLWarning: urllib3 v2 only supports OpenSSL 1.1.1+, currently the 'ssl' module is compiled with 'LibreSSL 2.8.3'. See: https://github.com/urllib3/urllib3/issues/3020
  warnings.warn(
positions request timed out
account updates for ACCOUNT_ALPHA request timed out
/Users/ajay/Library/Python/3.9/lib/python/site-packages/urllib3/__init__.py:35: NotOpenSSLWarning: urllib3 v2 only supports OpenSSL 1.1.1+, currently the 'ssl' module is compiled with 'LibreSSL 2.8.3'. See: https://github.com/urllib3/urllib3/issues/3020
  warnings.warn(
[court_runner] 2026-08-19T21:17:40Z
  INFRA FAILURE (infra:limit) — aborting the whole drain (every dispatch would fail; no validator-reject rows written)
positions request timed out
account updates for ACCOUNT_ALPHA request timed out
/Users/ajay/Library/Python/3.9/lib/python/site-packages/urllib3/__init__.py:35: NotOpenSSLWarning: urllib3 v2 only supports OpenSSL 1.1.1+, currently the 'ssl' module is compiled with 'LibreSSL 2.8.3'. See: https://github.com/urllib3/urllib3/issues/3020
  warnings.warn(
[court_runner] 2026-08-19T22:31:10Z
  INFRA FAILURE (infra:limit) — aborting the whole drain (every dispatch would fail; no validator-reject rows written)

===== 2026-08-19 15:36 (desk) =====
[court_runner] 2026-08-19T22:36:02Z
  INFRA FAILURE (not-logged-in) — aborting the whole drain (every dispatch would fail; no validator-reject rows written)

positions request timed out
account updates for ACCOUNT_ALPHA request timed out
/Users/ajay/Library/Python/3.9/lib/python/site-packages/urllib3/__init__.py:35: NotOpenSSLWarning: urllib3 v2 only supports OpenSSL 1.1.1+, currently the 'ssl' module is compiled with 'LibreSSL 2.8.3'. See: https://github.com/urllib3/urllib3/issues/3020
  warnings.warn(
positions request timed out
account updates for ACCOUNT_ALPHA request timed out
/Users/ajay/Library/Python/3.9/lib/python/site-packages/urllib3/__init__.py:35: NotOpenSSLWarning: urllib3 v2 only supports OpenSSL 1.1.1+, currently the 'ssl' module is compiled with 'LibreSSL 2.8.3'. See: https://github.com/urllib3/urllib3/issues/3020
  warnings.warn(
[court_runner] 2026-08-19T23:39:22Z
  INFRA FAILURE (infra:limit) — aborting the whole drain (every dispatch would fail; no validator-reject rows written)

===== 2026-08-19 17:35 (desk) =====
[court_runner] 2026-08-20T00:35:49Z
  INFRA FAILURE (not-logged-in) — aborting the whole drain (every dispatch would fail; no validator-reject rows written)

positions request timed out
account updates for ACCOUNT_ALPHA request timed out
/Users/ajay/Library/Python/3.9/lib/python/site-packages/urllib3/__init__.py:35: NotOpenSSLWarning: urllib3 v2 only supports OpenSSL 1.1.1+, currently the 'ssl' module is compiled with 'LibreSSL 2.8.3'. See: https://github.com/urllib3/urllib3/issues/3020
  warnings.warn(
positions request timed out
account updates for ACCOUNT_ALPHA request timed out
/Users/ajay/Library/Python/3.9/lib/python/site-packages/urllib3/__init__.py:35: NotOpenSSLWarning: urllib3 v2 only supports OpenSSL 1.1.1+, currently the 'ssl' module is compiled with 'LibreSSL 2.8.3'. See: https://github.com/urllib3/urllib3/issues/3020
  warnings.warn(
[court_runner] 2026-08-20T00:39:53Z
  INFRA FAILURE (infra:limit) — aborting the whole drain (every dispatch would fail; no validator-reject rows written)
positions request timed out
account updates for ACCOUNT_ALPHA request timed out
/Users/ajay/Library/Python/3.9/lib/python/site-packages/urllib3/__init__.py:35: NotOpenSSLWarning: urllib3 v2 only supports OpenSSL 1.1.1+, currently the 'ssl' module is compiled with 'LibreSSL 2.8.3'. See: https://github.com/urllib3/urllib3/issues/3020
  warnings.warn(
[court_runner] 2026-08-20T01:40:23Z
  INFRA FAILURE (infra:limit) — aborting the whole drain (every dispatch would fail; no validator-reject rows written)

===== 2026-08-19 19:35 (desk) =====
[court_runner] 2026-08-20T02:35:41Z
  INFRA FAILURE (not-logged-in) — aborting the whole drain (every dispatch would fail; no validator-reject rows written)

positions request timed out
account updates for ACCOUNT_ALPHA request timed out
/Users/ajay/Library/Python/3.9/lib/python/site-packages/urllib3/__init__.py:35: NotOpenSSLWarning: urllib3 v2 only supports OpenSSL 1.1.1+, currently the 'ssl' module is compiled with 'LibreSSL 2.8.3'. See: https://github.com/urllib3/urllib3/issues/3020
  warnings.warn(
positions request timed out
account updates for ACCOUNT_ALPHA request timed out
/Users/ajay/Library/Python/3.9/lib/python/site-packages/urllib3/__init__.py:35: NotOpenSSLWarning: urllib3 v2 only supports OpenSSL 1.1.1+, currently the 'ssl' module is compiled with 'LibreSSL 2.8.3'. See: https://github.com/urllib3/urllib3/issues/3020
  warnings.warn(
[court_runner] 2026-08-20T02:40:55Z
  INFRA FAILURE (infra:limit) — aborting the whole drain (every dispatch would fail; no validator-reject rows written)
positions request timed out
account updates for ACCOUNT_ALPHA request timed out
/Users/ajay/Library/Python/3.9/lib/python/site-packages/urllib3/__init__.py:35: NotOpenSSLWarning: urllib3 v2 only supports OpenSSL 1.1.1+, currently the 'ssl' module is compiled with 'LibreSSL 2.8.3'. See: https://github.com/urllib3/urllib3/issues/3020
  warnings.warn(
[court_runner] 2026-08-20T03:41:26Z
  INFRA FAILURE (infra:limit) — aborting the whole drain (every dispatch would fail; no validator-reject rows written)

===== 2026-08-19 21:40 (desk) =====
[court_runner] 2026-08-20T04:40:34Z
  INFRA FAILURE (not-logged-in) — aborting the whole drain (every dispatch would fail; no validator-reject rows written)

positions request timed out
account updates for ACCOUNT_ALPHA request timed out
/Users/ajay/Library/Python/3.9/lib/python/site-packages/urllib3/__init__.py:35: NotOpenSSLWarning: urllib3 v2 only supports OpenSSL 1.1.1+, currently the 'ssl' module is compiled with 'LibreSSL 2.8.3'. See: https://github.com/urllib3/urllib3/issues/3020
  warnings.warn(
positions request timed out
account updates for ACCOUNT_ALPHA request timed out
/Users/ajay/Library/Python/3.9/lib/python/site-packages/urllib3/__init__.py:35: NotOpenSSLWarning: urllib3 v2 only supports OpenSSL 1.1.1+, currently the 'ssl' module is compiled with 'LibreSSL 2.8.3'. See: https://github.com/urllib3/urllib3/issues/3020
  warnings.warn(
[court_runner] 2026-08-20T04:41:56Z
  INFRA FAILURE (infra:limit) — aborting the whole drain (every dispatch would fail; no validator-reject rows written)
positions request timed out
account updates for ACCOUNT_ALPHA request timed out
/Users/ajay/Library/Python/3.9/lib/python/site-packages/urllib3/__init__.py:35: NotOpenSSLWarning: urllib3 v2 only supports OpenSSL 1.1.1+, currently the 'ssl' module is compiled with 'LibreSSL 2.8.3'. See: https://github.com/urllib3/urllib3/issues/3020
  warnings.warn(
[court_runner] 2026-08-20T05:42:26Z
  INFRA FAILURE (infra:limit) — aborting the whole drain (every dispatch would fail; no validator-reject rows written)

===== 2026-08-19 23:35 (desk) =====
[court_runner] 2026-08-20T06:35:13Z
  INFRA FAILURE (not-logged-in) — aborting the whole drain (every dispatch would fail; no validator-reject rows written)

positions request timed out
account updates for ACCOUNT_ALPHA request timed out
/Users/ajay/Library/Python/3.9/lib/python/site-packages/urllib3/__init__.py:35: NotOpenSSLWarning: urllib3 v2 only supports OpenSSL 1.1.1+, currently the 'ssl' module is compiled with 'LibreSSL 2.8.3'. See: https://github.com/urllib3/urllib3/issues/3020
  warnings.warn(
positions request timed out
account updates for ACCOUNT_ALPHA request timed out
/Users/ajay/Library/Python/3.9/lib/python/site-packages/urllib3/__init__.py:35: NotOpenSSLWarning: urllib3 v2 only supports OpenSSL 1.1.1+, currently the 'ssl' module is compiled with 'LibreSSL 2.8.3'. See: https://github.com/urllib3/urllib3/issues/3020
  warnings.warn(
[court_runner] 2026-08-20T06:42:56Z
  INFRA FAILURE (infra:limit) — aborting the whole drain (every dispatch would fail; no validator-reject rows written)
/Users/ajay/Library/Python/3.9/lib/python/site-packages/urllib3/__init__.py:35: NotOpenSSLWarning: urllib3 v2 only supports OpenSSL 1.1.1+, currently the 'ssl' module is compiled with 'LibreSSL 2.8.3'. See: https://github.com/urllib3/urllib3/issues/3020
  warnings.warn(
[court_runner] 2026-08-20T07:43:16Z
  INFRA FAILURE (infra:limit) — aborting the whole drain (every dispatch would fail; no validator-reject rows written)

===== 2026-08-20 01:34 (desk) =====
[court_runner] 2026-08-20T08:34:36Z
  INFRA FAILURE (not-logged-in) — aborting the whole drain (every dispatch would fail; no validator-reject rows written)

/Users/ajay/Library/Python/3.9/lib/python/site-packages/urllib3/__init__.py:35: NotOpenSSLWarning: urllib3 v2 only supports OpenSSL 1.1.1+, currently the 'ssl' module is compiled with 'LibreSSL 2.8.3'. See: https://github.com/urllib3/urllib3/issues/3020
  warnings.warn(
positions request timed out
account updates for ACCOUNT_ALPHA request timed out
/Users/ajay/Library/Python/3.9/lib/python/site-packages/urllib3/__init__.py:35: NotOpenSSLWarning: urllib3 v2 only supports OpenSSL 1.1.1+, currently the 'ssl' module is compiled with 'LibreSSL 2.8.3'. See: https://github.com/urllib3/urllib3/issues/3020
  warnings.warn(
[court_runner] 2026-08-20T08:43:48Z
  INFRA FAILURE (infra:limit) — aborting the whole drain (every dispatch would fail; no validator-reject rows written)
positions request timed out
account updates for ACCOUNT_ALPHA request timed out
/Users/ajay/Library/Python/3.9/lib/python/site-packages/urllib3/__init__.py:35: NotOpenSSLWarning: urllib3 v2 only supports OpenSSL 1.1.1+, currently the 'ssl' module is compiled with 'LibreSSL 2.8.3'. See: https://github.com/urllib3/urllib3/issues/3020
  warnings.warn(
[court_runner] 2026-08-20T09:44:18Z
  INFRA FAILURE (infra:limit) — aborting the whole drain (every dispatch would fail; no validator-reject rows written)

===== 2026-08-20 03:35 (desk) =====
[court_runner] 2026-08-20T10:35:08Z
  INFRA FAILURE (not-logged-in) — aborting the whole drain (every dispatch would fail; no validator-reject rows written)

positions request timed out
account updates for ACCOUNT_ALPHA request timed out
/Users/ajay/Library/Python/3.9/lib/python/site-packages/urllib3/__init__.py:35: NotOpenSSLWarning: urllib3 v2 only supports OpenSSL 1.1.1+, currently the 'ssl' module is compiled with 'LibreSSL 2.8.3'. See: https://github.com/urllib3/urllib3/issues/3020
  warnings.warn(
positions request timed out
account updates for ACCOUNT_ALPHA request timed out
/Users/ajay/Library/Python/3.9/lib/python/site-packages/urllib3/__init__.py:35: NotOpenSSLWarning: urllib3 v2 only supports OpenSSL 1.1.1+, currently the 'ssl' module is compiled with 'LibreSSL 2.8.3'. See: https://github.com/urllib3/urllib3/issues/3020
  warnings.warn(
[court_runner] 2026-08-20T10:44:48Z
  INFRA FAILURE (infra:limit) — aborting the whole drain (every dispatch would fail; no validator-reject rows written)
positions request timed out
account updates for ACCOUNT_ALPHA request timed out
/Users/ajay/Library/Python/3.9/lib/python/site-packages/urllib3/__init__.py:35: NotOpenSSLWarning: urllib3 v2 only supports OpenSSL 1.1.1+, currently the 'ssl' module is compiled with 'LibreSSL 2.8.3'. See: https://github.com/urllib3/urllib3/issues/3020
  warnings.warn(
[court_runner] 2026-08-20T11:45:18Z
  INFRA FAILURE (infra:limit) — aborting the whole drain (every dispatch would fail; no validator-reject rows written)

===== 2026-08-20 05:34 (desk) =====
[court_runner] 2026-08-20T12:34:57Z
  HYGIENE evicted=['TTMI', 'KEP', 'SOFI', 'XPEV', 'SMMT', 'STLA', 'FPS', 'KTOS', 'RKT', 'LI', 'CPNG', 'HDB'] flagged=0
  INFRA FAILURE (not-logged-in) — aborting the whole drain (every dispatch would fail; no validator-reject rows written)

positions request timed out
account updates for ACCOUNT_ALPHA request timed out
/Users/ajay/Library/Python/3.9/lib/python/site-packages/urllib3/__init__.py:35: NotOpenSSLWarning: urllib3 v2 only supports OpenSSL 1.1.1+, currently the 'ssl' module is compiled with 'LibreSSL 2.8.3'. See: https://github.com/urllib3/urllib3/issues/3020
  warnings.warn(
positions request timed out
account updates for ACCOUNT_ALPHA request timed out
/Users/ajay/Library/Python/3.9/lib/python/site-packages/urllib3/__init__.py:35: NotOpenSSLWarning: urllib3 v2 only supports OpenSSL 1.1.1+, currently the 'ssl' module is compiled with 'LibreSSL 2.8.3'. See: https://github.com/urllib3/urllib3/issues/3020
  warnings.warn(
[court_runner] 2026-08-20T12:45:48Z
  INFRA FAILURE (infra:limit) — aborting the whole drain (every dispatch would fail; no validator-reject rows written)
positions request timed out
account updates for ACCOUNT_ALPHA request timed out
/Users/ajay/Library/Python/3.9/lib/python/site-packages/urllib3/__init__.py:35: NotOpenSSLWarning: urllib3 v2 only supports OpenSSL 1.1.1+, currently the 'ssl' module is compiled with 'LibreSSL 2.8.3'. See: https://github.com/urllib3/urllib3/issues/3020
  warnings.warn(
[court_runner] 2026-08-20T13:46:18Z
  INFRA FAILURE (infra:limit) — aborting the whole drain (every dispatch would fail; no validator-reject rows written)

===== 2026-08-20 07:36 (desk) =====
[court_runner] 2026-08-20T14:36:10Z
  INFRA FAILURE (not-logged-in) — aborting the whole drain (every dispatch would fail; no validator-reject rows written)

positions request timed out
account updates for ACCOUNT_ALPHA request timed out
/Users/ajay/Library/Python/3.9/lib/python/site-packages/urllib3/__init__.py:35: NotOpenSSLWarning: urllib3 v2 only supports OpenSSL 1.1.1+, currently the 'ssl' module is compiled with 'LibreSSL 2.8.3'. See: https://github.com/urllib3/urllib3/issues/3020
  warnings.warn(
positions request timed out
account updates for ACCOUNT_ALPHA request timed out
/Users/ajay/Library/Python/3.9/lib/python/site-packages/urllib3/__init__.py:35: NotOpenSSLWarning: urllib3 v2 only supports OpenSSL 1.1.1+, currently the 'ssl' module is compiled with 'LibreSSL 2.8.3'. See: https://github.com/urllib3/urllib3/issues/3020
  warnings.warn(
[court_runner] 2026-08-20T14:46:46Z
  INFRA FAILURE (infra:limit) — aborting the whole drain (every dispatch would fail; no validator-reject rows written)
positions request timed out
account updates for ACCOUNT_ALPHA request timed out
/Users/ajay/Library/Python/3.9/lib/python/site-packages/urllib3/__init__.py:35: NotOpenSSLWarning: urllib3 v2 only supports OpenSSL 1.1.1+, currently the 'ssl' module is compiled with 'LibreSSL 2.8.3'. See: https://github.com/urllib3/urllib3/issues/3020
  warnings.warn(
[court_runner] 2026-08-20T15:47:17Z
  INFRA FAILURE (infra:limit) — aborting the whole drain (every dispatch would fail; no validator-reject rows written)

===== 2026-08-20 09:36 (desk) =====
[court_runner] 2026-08-20T16:36:37Z
  INFRA FAILURE (not-logged-in) — aborting the whole drain (every dispatch would fail; no validator-reject rows written)

positions request timed out
account updates for ACCOUNT_ALPHA request timed out
/Users/ajay/Library/Python/3.9/lib/python/site-packages/urllib3/__init__.py:35: NotOpenSSLWarning: urllib3 v2 only supports OpenSSL 1.1.1+, currently the 'ssl' module is compiled with 'LibreSSL 2.8.3'. See: https://github.com/urllib3/urllib3/issues/3020
  warnings.warn(
positions request timed out
account updates for ACCOUNT_ALPHA request timed out
/Users/ajay/Library/Python/3.9/lib/python/site-packages/urllib3/__init__.py:35: NotOpenSSLWarning: urllib3 v2 only supports OpenSSL 1.1.1+, currently the 'ssl' module is compiled with 'LibreSSL 2.8.3'. See: https://github.com/urllib3/urllib3/issues/3020
  warnings.warn(
[court_runner] 2026-08-20T16:47:48Z
  INFRA FAILURE (infra:limit) — aborting the whole drain (every dispatch would fail; no validator-reject rows written)
/Users/ajay/Library/Python/3.9/lib/python/site-packages/urllib3/__init__.py:35: NotOpenSSLWarning: urllib3 v2 only supports OpenSSL 1.1.1+, currently the 'ssl' module is compiled with 'LibreSSL 2.8.3'. See: https://github.com/urllib3/urllib3/issues/3020
  warnings.warn(
[court_runner] 2026-08-20T17:48:03Z
  INFRA FAILURE (infra:limit) — aborting the whole drain (every dispatch would fail; no validator-reject rows written)

===== 2026-08-20 11:39 (desk) =====
[court_runner] 2026-08-20T18:39:25Z
  HYGIENE evicted=['MRNA', 'INIO', 'KEP', 'SOFI', 'FPS', 'KTOS', 'XPEV', 'RKT', 'STLA', 'CPNG'] flagged=0
  INFRA FAILURE (not-logged-in) — aborting the whole drain (every dispatch would fail; no validator-reject rows written)

/Users/ajay/Library/Python/3.9/lib/python/site-packages/urllib3/__init__.py:35: NotOpenSSLWarning: urllib3 v2 only supports OpenSSL 1.1.1+, currently the 'ssl' module is compiled with 'LibreSSL 2.8.3'. See: https://github.com/urllib3/urllib3/issues/3020
  warnings.warn(
/Users/ajay/Library/Python/3.9/lib/python/site-packages/urllib3/__init__.py:35: NotOpenSSLWarning: urllib3 v2 only supports OpenSSL 1.1.1+, currently the 'ssl' module is compiled with 'LibreSSL 2.8.3'. See: https://github.com/urllib3/urllib3/issues/3020
  warnings.warn(
[court_runner] 2026-08-20T18:48:18Z
  INFRA FAILURE (infra:limit) — aborting the whole drain (every dispatch would fail; no validator-reject rows written)
/Users/ajay/Library/Python/3.9/lib/python/site-packages/urllib3/__init__.py:35: NotOpenSSLWarning: urllib3 v2 only supports OpenSSL 1.1.1+, currently the 'ssl' module is compiled with 'LibreSSL 2.8.3'. See: https://github.com/urllib3/urllib3/issues/3020
  warnings.warn(
[court_runner] 2026-08-20T19:48:35Z
  INFRA FAILURE (infra:limit) — aborting the whole drain (every dispatch would fail; no validator-reject rows written)

===== 2026-08-20 13:35 (desk) =====
[court_runner] 2026-08-20T20:35:16Z
  INFRA FAILURE (not-logged-in) — aborting the whole drain (every dispatch would fail; no validator-reject rows written)

/Users/ajay/Library/Python/3.9/lib/python/site-packages/urllib3/__init__.py:35: NotOpenSSLWarning: urllib3 v2 only supports OpenSSL 1.1.1+, currently the 'ssl' module is compiled with 'LibreSSL 2.8.3'. See: https://github.com/urllib3/urllib3/issues/3020
  warnings.warn(
/Users/ajay/Library/Python/3.9/lib/python/site-packages/urllib3/__init__.py:35: NotOpenSSLWarning: urllib3 v2 only supports OpenSSL 1.1.1+, currently the 'ssl' module is compiled with 'LibreSSL 2.8.3'. See: https://github.com/urllib3/urllib3/issues/3020
  warnings.warn(
[court_runner] 2026-08-20T20:48:49Z
  INFRA FAILURE (infra:limit) — aborting the whole drain (every dispatch would fail; no validator-reject rows written)
/Users/ajay/Library/Python/3.9/lib/python/site-packages/urllib3/__init__.py:35: NotOpenSSLWarning: urllib3 v2 only supports OpenSSL 1.1.1+, currently the 'ssl' module is compiled with 'LibreSSL 2.8.3'. See: https://github.com/urllib3/urllib3/issues/3020
  warnings.warn(
[court_runner] 2026-08-20T21:49:05Z
  INFRA FAILURE (infra:limit) — aborting the whole drain (every dispatch would fail; no validator-reject rows written)

===== 2026-08-20 15:35 (desk) =====
[court_runner] 2026-08-20T22:35:05Z
  INFRA FAILURE (not-logged-in) — aborting the whole drain (every dispatch would fail; no validator-reject rows written)

/Users/ajay/Library/Python/3.9/lib/python/site-packages/urllib3/__init__.py:35: NotOpenSSLWarning: urllib3 v2 only supports OpenSSL 1.1.1+, currently the 'ssl' module is compiled with 'LibreSSL 2.8.3'. See: https://github.com/urllib3/urllib3/issues/3020
  warnings.warn(
/Users/ajay/Library/Python/3.9/lib/python/site-packages/urllib3/__init__.py:35: NotOpenSSLWarning: urllib3 v2 only supports OpenSSL 1.1.1+, currently the 'ssl' module is compiled with 'LibreSSL 2.8.3'. See: https://github.com/urllib3/urllib3/issues/3020
  warnings.warn(
[court_runner] 2026-08-20T22:49:17Z
  INFRA FAILURE (infra:limit) — aborting the whole drain (every dispatch would fail; no validator-reject rows written)
/Users/ajay/Library/Python/3.9/lib/python/site-packages/urllib3/__init__.py:35: NotOpenSSLWarning: urllib3 v2 only supports OpenSSL 1.1.1+, currently the 'ssl' module is compiled with 'LibreSSL 2.8.3'. See: https://github.com/urllib3/urllib3/issues/3020
  warnings.warn(
[court_runner] 2026-08-20T23:49:34Z
  INFRA FAILURE (infra:limit) — aborting the whole drain (every dispatch would fail; no validator-reject rows written)

===== 2026-08-20 17:35 (desk) =====
[court_runner] 2026-08-21T00:35:15Z
  INFRA FAILURE (not-logged-in) — aborting the whole drain (every dispatch would fail; no validator-reject rows written)

/Users/ajay/Library/Python/3.9/lib/python/site-packages/urllib3/__init__.py:35: NotOpenSSLWarning: urllib3 v2 only supports OpenSSL 1.1.1+, currently the 'ssl' module is compiled with 'LibreSSL 2.8.3'. See: https://github.com/urllib3/urllib3/issues/3020
  warnings.warn(
/Users/ajay/Library/Python/3.9/lib/python/site-packages/urllib3/__init__.py:35: NotOpenSSLWarning: urllib3 v2 only supports OpenSSL 1.1.1+, currently the 'ssl' module is compiled with 'LibreSSL 2.8.3'. See: https://github.com/urllib3/urllib3/issues/3020
  warnings.warn(
[court_runner] 2026-08-21T00:49:49Z
  INFRA FAILURE (infra:limit) — aborting the whole drain (every dispatch would fail; no validator-reject rows written)
/Users/ajay/Library/Python/3.9/lib/python/site-packages/urllib3/__init__.py:35: NotOpenSSLWarning: urllib3 v2 only supports OpenSSL 1.1.1+, currently the 'ssl' module is compiled with 'LibreSSL 2.8.3'. See: https://github.com/urllib3/urllib3/issues/3020
  warnings.warn(
positions request timed out
account updates for ACCOUNT_ALPHA request timed out
positions request timed out
account updates for ACCOUNT_ALPHA request timed out
positions request timed out
account updates for ACCOUNT_ALPHA request timed out
positions request timed out
account updates for ACCOUNT_ALPHA request timed out
[deck_writer] DOCU: deck emailed (DOCU_PITCH_DECK_20260820.pdf)
[deck_writer] backfill: 7 still owed (limit 1) — ['FLUT', 'PATH', 'SRAD', 'UTI', 'WDAY', 'AVAP_L', 'FA']
[court_runner] 2026-08-21T02:16:50Z
  TSSI COURT_RED: reject (no primary citation (http) anywhere in the output) — immediate retry
  TSSI COURT_RED: 2 kg_candidate(s) harvested
  TSSI COURT_RED -> COURT_BLUE (TSSI_COURT_RED_202608210157.md)
  TMQ REFUTABILITY -> KILLED (TMQ_REFUTABILITY_202608210201.md)
  SOUN REFUTABILITY -> COURT_RED (SOUN_REFUTABILITY_202608210209.md)
  ACHR REFUTABILITY -> KILLED (ACHR_REFUTABILITY_202608210213.md)
  DECK BACKFILL built ['DOCU']
  AWAITING ADJUDICATION (session job — pitch doc + verdict + wiring): ['OCS', 'LAES', 'OPFI', 'AAPG', 'SUZ', 'CLBT', 'LFTO', 'TII', 'FRVO', 'CIFR', 'CHA', 'BW', 'PLNT', 'FLY', 'AMSF', 'LINC', 'LAB', 'MNSO', 'NVA', 'WHR', 'MRAM', 'TPG', 'FA', 'CRDO', 'ALAB']

===== 2026-08-20 19:35 (desk) =====
[court_runner] 2026-08-21T02:35:07Z
  INFRA FAILURE (not-logged-in) — aborting the whole drain (every dispatch would fail; no validator-reject rows written)

/Users/ajay/Library/Python/3.9/lib/python/site-packages/urllib3/__init__.py:35: NotOpenSSLWarning: urllib3 v2 only supports OpenSSL 1.1.1+, currently the 'ssl' module is compiled with 'LibreSSL 2.8.3'. See: https://github.com/urllib3/urllib3/issues/3020
  warnings.warn(
/Users/ajay/Library/Python/3.9/lib/python/site-packages/urllib3/__init__.py:35: NotOpenSSLWarning: urllib3 v2 only supports OpenSSL 1.1.1+, currently the 'ssl' module is compiled with 'LibreSSL 2.8.3'. See: https://github.com/urllib3/urllib3/issues/3020
  warnings.warn(
[deck_writer] TSSI: deck emailed (TSSI_PITCH_DECK_20260820.pdf)
[deck_writer] FLUT: deck emailed (FLUT_PITCH_DECK_20260820.pdf)
[deck_writer] backfill: 6 still owed (limit 1) — ['PATH', 'SRAD', 'UTI', 'WDAY', 'AVAP_L', 'FA']
[court_runner] 2026-08-21T03:47:11Z
  TSSI COURT_BLUE: 2 kg_candidate(s) harvested
  TSSI COURT_BLUE -> ADJUDICATE (TSSI_COURT_BLUE_202608210320.md)
  SOUN COURT_RED: 1 kg_candidate(s) harvested
  SOUN COURT_RED -> COURT_BLUE (SOUN_COURT_RED_202608210329.md)
  TMC REFUTABILITY -> KILLED (TMC_REFUTABILITY_202608210334.md)
  CRK REFUTABILITY -> ADJUDICATE (CRK_REFUTABILITY_202608210343.md)
  DECK BACKFILL built ['FLUT']
  AWAITING ADJUDICATION (session job — pitch doc + verdict + wiring): ['OCS', 'LAES', 'OPFI', 'AAPG', 'SUZ', 'CLBT', 'LFTO', 'TII', 'FRVO', 'CIFR', 'CHA', 'BW', 'PLNT', 'FLY', 'AMSF', 'LINC', 'LAB', 'MNSO', 'NVA', 'WHR', 'MRAM', 'TPG', 'FA', 'TSSI', 'CRK', 'CRDO', 'ALAB']

===== 2026-08-20 21:35 (desk) =====
[court_runner] 2026-08-21T04:35:39Z
  INFRA FAILURE (not-logged-in) — aborting the whole drain (every dispatch would fail; no validator-reject rows written)

positions request timed out
account updates for ACCOUNT_ALPHA request timed out
/Users/ajay/Library/Python/3.9/lib/python/site-packages/urllib3/__init__.py:35: NotOpenSSLWarning: urllib3 v2 only supports OpenSSL 1.1.1+, currently the 'ssl' module is compiled with 'LibreSSL 2.8.3'. See: https://github.com/urllib3/urllib3/issues/3020
  warnings.warn(
positions request timed out
account updates for ACCOUNT_ALPHA request timed out
/Users/ajay/Library/Python/3.9/lib/python/site-packages/urllib3/__init__.py:35: NotOpenSSLWarning: urllib3 v2 only supports OpenSSL 1.1.1+, currently the 'ssl' module is compiled with 'LibreSSL 2.8.3'. See: https://github.com/urllib3/urllib3/issues/3020
  warnings.warn(
positions request timed out
account updates for ACCOUNT_ALPHA request timed out
positions request timed out
account updates for ACCOUNT_ALPHA request timed out
positions request timed out
account updates for ACCOUNT_ALPHA request timed out
positions request timed out
account updates for ACCOUNT_ALPHA request timed out
GFUZ: No earnings dates found, symbol may be delisted
positions request timed out
account updates for ACCOUNT_ALPHA request timed out
[deck_writer] SOUN: deck emailed (SOUN_PITCH_DECK_20260820.pdf)
[deck_writer] PATH: deck emailed (PATH_PITCH_DECK_20260820.pdf)
[deck_writer] backfill: 5 still owed (limit 1) — ['SRAD', 'UTI', 'WDAY', 'AVAP_L', 'FA']
[court_runner] 2026-08-21T05:16:37Z
  SOUN COURT_BLUE: reject (missing BLUE BENCH header / RED CASE ruling) — immediate retry
  SOUN COURT_BLUE: 1 kg_candidate(s) harvested
  SOUN COURT_BLUE -> ADJUDICATE (SOUN_COURT_BLUE_202608210454.md)
  SIGA COURT_RED: 2 kg_candidate(s) harvested
  SIGA COURT_RED -> COURT_BLUE (SIGA_COURT_RED_202608210503.md)
  DNA REFUTABILITY -> COURT_RED (DNA_REFUTABILITY_202608210507.md)
  GFUZ REFUTABILITY -> KILLED (GFUZ_REFUTABILITY_202608210512.md)
  DECK BACKFILL built ['PATH']
  AWAITING ADJUDICATION (session job — pitch doc + verdict + wiring): ['OCS', 'LAES', 'OPFI', 'AAPG', 'SUZ', 'CLBT', 'TII', 'FRVO', 'CIFR', 'CHA', 'BW', 'PLNT', 'FLY', 'AMSF', 'LINC', 'LAB', 'MNSO', 'NVA', 'WHR', 'MRAM', 'TPG', 'FA', 'TSSI', 'SOUN', 'CRK', 'CRDO', 'ALAB']
positions request timed out
account updates for ACCOUNT_ALPHA request timed out
/Users/ajay/Library/Python/3.9/lib/python/site-packages/urllib3/__init__.py:35: NotOpenSSLWarning: urllib3 v2 only supports OpenSSL 1.1.1+, currently the 'ssl' module is compiled with 'LibreSSL 2.8.3'. See: https://github.com/urllib3/urllib3/issues/3020
  warnings.warn(
positions request timed out
account updates for ACCOUNT_ALPHA request timed out

===== 2026-08-20 23:34 (desk) =====
[court_runner] 2026-08-21T06:34:49Z
  INFRA FAILURE (not-logged-in) — aborting the whole drain (every dispatch would fail; no validator-reject rows written)

/Users/ajay/Library/Python/3.9/lib/python/site-packages/urllib3/__init__.py:35: NotOpenSSLWarning: urllib3 v2 only supports OpenSSL 1.1.1+, currently the 'ssl' module is compiled with 'LibreSSL 2.8.3'. See: https://github.com/urllib3/urllib3/issues/3020
  warnings.warn(
[deck_writer] SRAD: deck emailed (SRAD_PITCH_DECK_20260820.pdf)
[deck_writer] backfill: 4 still owed (limit 1) — ['UTI', 'WDAY', 'AVAP_L', 'FA']
[court_runner] 2026-08-21T06:44:56Z
  DNA COURT_RED: PACK-MISQUOTE WARN (SUPERSESSION-DECLARED (verify, not a fabrication flag) — dd52: bench quotes +7.0 vs pack -60.4)
  DNA COURT_RED: 1 kg_candidate(s) harvested
  DNA COURT_RED -> COURT_BLUE (DNA_COURT_RED_202608210622.md)
  PLUG REFUTABILITY -> KILLED (PLUG_REFUTABILITY_202608210627.md)
  PONY REFUTABILITY -> COURT_RED (PONY_REFUTABILITY_202608210635.md)
  DOCS REFUTABILITY -> COURT_RED (DOCS_REFUTABILITY_202608210640.md)
  DECK BACKFILL built ['SRAD']
  AWAITING ADJUDICATION (session job — pitch doc + verdict + wiring): ['OCS', 'LAES', 'OPFI', 'AAPG', 'SUZ', 'CLBT', 'TII', 'FRVO', 'CIFR', 'CHA', 'BW', 'PLNT', 'FLY', 'AMSF', 'LINC', 'LAB', 'MNSO', 'NVA', 'WHR', 'MRAM', 'TPG', 'FA', 'TSSI', 'SOUN', 'CRK', 'CRDO', 'ALAB']
/Users/ajay/Library/Python/3.9/lib/python/site-packages/urllib3/__init__.py:35: NotOpenSSLWarning: urllib3 v2 only supports OpenSSL 1.1.1+, currently the 'ssl' module is compiled with 'LibreSSL 2.8.3'. See: https://github.com/urllib3/urllib3/issues/3020
  warnings.warn(
Error 200, reqId 3: No security definition has been found for the request, contract: Stock(symbol='1904.T', exchange='SMART', currency='USD')
Unknown contract: Stock(symbol='1904.T', exchange='SMART', currency='USD')
1904.T: No earnings dates found, symbol may be delisted
[deck_writer] DNA: deck emailed (DNA_PITCH_DECK_20260821.pdf)
[deck_writer] UTI: deck emailed (UTI_PITCH_DECK_20260821.pdf)
[deck_writer] backfill: 3 still owed (limit 1) — ['WDAY', 'AVAP_L', 'FA']
[court_runner] 2026-08-21T08:18:23Z
  DNA COURT_BLUE: reject (no primary citation (http) anywhere in the output) — immediate retry
  DNA COURT_BLUE: 1 kg_candidate(s) harvested
  DNA COURT_BLUE -> ADJUDICATE (DNA_COURT_BLUE_202608210752.md)
  PONY COURT_RED: 1 kg_candidate(s) harvested
  PONY COURT_RED -> COURT_BLUE (PONY_COURT_RED_202608210803.md)
  DOCS COURT_RED: 1 kg_candidate(s) harvested
  DOCS COURT_RED -> COURT_BLUE (DOCS_COURT_RED_202608210809.md)
  1904.T COURT_RED: 1 kg_candidate(s) harvested
  1904.T COURT_RED -> COURT_BLUE (1904_T_COURT_RED_202608210815.md)
  DECK BACKFILL built ['UTI']
  AWAITING ADJUDICATION (session job — pitch doc + verdict + wiring): ['OCS', 'LAES', 'OPFI', 'AAPG', 'SUZ', 'CLBT', 'TII', 'FRVO', 'CIFR', 'CHA', 'BW', 'PLNT', 'FLY', 'AMSF', 'LINC', 'LAB', 'MNSO', 'NVA', 'WHR', 'MRAM', 'TPG', 'FA', 'TSSI', 'SOUN', 'CRK', 'DNA', 'CRDO', 'ALAB']

===== 2026-08-21 01:34 (desk) =====
[court_runner] 2026-08-21T08:34:48Z
  INFRA FAILURE (not-logged-in) — aborting the whole drain (every dispatch would fail; no validator-reject rows written)

/Users/ajay/Library/Python/3.9/lib/python/site-packages/urllib3/__init__.py:35: NotOpenSSLWarning: urllib3 v2 only supports OpenSSL 1.1.1+, currently the 'ssl' module is compiled with 'LibreSSL 2.8.3'. See: https://github.com/urllib3/urllib3/issues/3020
  warnings.warn(
/Users/ajay/Library/Python/3.9/lib/python/site-packages/urllib3/__init__.py:35: NotOpenSSLWarning: urllib3 v2 only supports OpenSSL 1.1.1+, currently the 'ssl' module is compiled with 'LibreSSL 2.8.3'. See: https://github.com/urllib3/urllib3/issues/3020
  warnings.warn(
1904.T: No earnings dates found, symbol may be delisted
1904.T: No earnings dates found, symbol may be delisted
Error 200, reqId 3: No security definition has been found for the request, contract: Stock(symbol='7235.T', exchange='SMART', currency='USD')
Unknown contract: Stock(symbol='7235.T', exchange='SMART', currency='USD')
7235.T: No earnings dates found, symbol may be delisted
[deck_writer] PONY: deck emailed (PONY_PITCH_DECK_20260821.pdf)
[deck_writer] DOCS: deck emailed (DOCS_PITCH_DECK_20260821.pdf)
[deck_writer] 1904.T: deck emailed (1904_T_PITCH_DECK_20260821.pdf)
[deck_writer] WDAY: deck emailed (WDAY_PITCH_DECK_20260821.pdf)
[deck_writer] backfill: 2 still owed (limit 1) — ['AVAP_L', 'FA']
[court_runner] 2026-08-21T09:56:57Z
  PONY COURT_BLUE: 1 kg_candidate(s) harvested
  PONY COURT_BLUE -> ADJUDICATE (PONY_COURT_BLUE_202608210922.md)
  DOCS COURT_BLUE: reject (missing BLUE BENCH header / RED CASE ruling) — immediate retry
  DOCS COURT_BLUE: 1 kg_candidate(s) harvested
  DOCS COURT_BLUE -> ADJUDICATE (DOCS_COURT_BLUE_202608210933.md)
  1904.T COURT_BLUE: 1 kg_candidate(s) harvested
  1904.T COURT_BLUE -> ADJUDICATE (1904_T_COURT_BLUE_202608210943.md)
  7235.T COURT_RED: 2 kg_candidate(s) harvested
  7235.T COURT_RED -> COURT_BLUE (7235_T_COURT_RED_202608210953.md)
  DECK BACKFILL built ['WDAY']
  AWAITING ADJUDICATION (session job — pitch doc + verdict + wiring): ['OCS', 'LAES', 'OPFI', 'AAPG', 'SUZ', 'CLBT', 'TII', 'FRVO', 'CIFR', 'CHA', 'BW', 'PLNT', 'FLY', 'AMSF', 'LINC', 'LAB', 'MNSO', 'NVA', 'WHR', 'MRAM', 'TPG', 'FA', 'TSSI', 'SOUN', 'CRK', 'DNA', 'PONY', 'DOCS', 'CRDO', 'ALAB', '1904.T']

===== 2026-08-21 03:34 (desk) =====
[court_runner] 2026-08-21T10:34:14Z
  INFRA FAILURE (not-logged-in) — aborting the whole drain (every dispatch would fail; no validator-reject rows written)

/Users/ajay/Library/Python/3.9/lib/python/site-packages/urllib3/__init__.py:35: NotOpenSSLWarning: urllib3 v2 only supports OpenSSL 1.1.1+, currently the 'ssl' module is compiled with 'LibreSSL 2.8.3'. See: https://github.com/urllib3/urllib3/issues/3020
  warnings.warn(
/Users/ajay/Library/Python/3.9/lib/python/site-packages/urllib3/__init__.py:35: NotOpenSSLWarning: urllib3 v2 only supports OpenSSL 1.1.1+, currently the 'ssl' module is compiled with 'LibreSSL 2.8.3'. See: https://github.com/urllib3/urllib3/issues/3020
  warnings.warn(
7235.T: No earnings dates found, symbol may be delisted
7235.T: No earnings dates found, symbol may be delisted
Error 200, reqId 3: No security definition has been found for the request, contract: Stock(symbol='CARD.L', exchange='SMART', currency='USD')
Unknown contract: Stock(symbol='CARD.L', exchange='SMART', currency='USD')
Error 200, reqId 3: No security definition has been found for the request, contract: Stock(symbol='058850.KS', exchange='SMART', currency='USD')
Unknown contract: Stock(symbol='058850.KS', exchange='SMART', currency='USD')
058850.KS: No earnings dates found, symbol may be delisted
HTTP Error 404: {"quoteSummary":{"result":null,"error":{"code":"Not Found","description":"Quote not found for symbol: KTCS CORPORATION"}}}
HTTP Error 404: {"quoteSummary":{"result":null,"error":{"code":"Not Found","description":"Quote not found for symbol: KTCS CORPORATION"}}}
Error 200, reqId 3: No security definition has been found for the request, contract: Stock(symbol='AVAP.L', exchange='SMART', currency='USD')
Unknown contract: Stock(symbol='AVAP.L', exchange='SMART', currency='USD')
AVAP.L: No earnings dates found, symbol may be delisted
[deck_writer] 7235.T: deck emailed (7235_T_PITCH_DECK_20260821.pdf)
[deck_writer] AVAP.L: deck emailed (AVAP_L_PITCH_DECK_20260821.pdf)
[deck_writer] backfill: 1 still owed (limit 1) — ['FA']
[court_runner] 2026-08-21T11:29:11Z
  7235.T COURT_BLUE: 1 kg_candidate(s) harvested
  7235.T COURT_BLUE -> ADJUDICATE (7235_T_COURT_BLUE_202608211101.md)
  CARD.L COURT_RED: 1 kg_candidate(s) harvested
  CARD.L COURT_RED -> COURT_BLUE (CARD_L_COURT_RED_202608211111.md)
  058850.KS COURT_RED: 1 kg_candidate(s) harvested
  058850.KS COURT_RED -> COURT_BLUE (058850_KS_COURT_RED_202608211119.md)
  PROK REFUTABILITY -> COURT_RED (PROK_REFUTABILITY_202608211124.md)
  DECK BACKFILL built ['AVAP_L']
  AWAITING ADJUDICATION (session job — pitch doc + verdict + wiring): ['OCS', 'LAES', 'OPFI', 'AAPG', 'SUZ', 'CLBT', 'TII', 'FRVO', 'CIFR', 'CHA', 'BW', 'PLNT', 'FLY', 'AMSF', 'LINC', 'LAB', 'MNSO', 'NVA', 'WHR', 'MRAM', 'TPG', 'FA', 'TSSI', 'SOUN', 'CRK', 'DNA', 'PONY', 'DOCS', 'CRDO', 'ALAB', '1904.T', '7235.T']
/Users/ajay/Library/Python/3.9/lib/python/site-packages/urllib3/__init__.py:35: NotOpenSSLWarning: urllib3 v2 only supports OpenSSL 1.1.1+, currently the 'ssl' module is compiled with 'LibreSSL 2.8.3'. See: https://github.com/urllib3/urllib3/issues/3020
  warnings.warn(

===== 2026-08-21 05:34 (desk) =====
[court_runner] 2026-08-21T12:34:11Z
  HYGIENE evicted=['MRNA', 'INIO', 'KEP', 'SOFI', 'FPS', 'KTOS', 'XPEV', 'STLA', 'RKT', 'CPNG', 'QXO', 'SYM', 'HDB', 'LI'] flagged=0
  INFRA FAILURE (not-logged-in) — aborting the whole drain (every dispatch would fail; no validator-reject rows written)

/Users/ajay/Library/Python/3.9/lib/python/site-packages/urllib3/__init__.py:35: NotOpenSSLWarning: urllib3 v2 only supports OpenSSL 1.1.1+, currently the 'ssl' module is compiled with 'LibreSSL 2.8.3'. See: https://github.com/urllib3/urllib3/issues/3020
  warnings.warn(
058850.KS: No earnings dates found, symbol may be delisted
058850.KS: No earnings dates found, symbol may be delisted
[deck_writer] CARD.L: deck emailed (CARD_L_PITCH_DECK_20260821.pdf)
[deck_writer] 058850.KS: deck emailed (058850_KS_PITCH_DECK_20260821.pdf)
[deck_writer] FA: deck emailed (FA_PITCH_DECK_20260821.pdf)
[court_runner] 2026-08-21T13:04:31Z
  CARD.L COURT_BLUE: 1 kg_candidate(s) harvested
  CARD.L COURT_BLUE -> ADJUDICATE (CARD_L_COURT_BLUE_202608211233.md)
  058850.KS COURT_BLUE: 2 kg_candidate(s) harvested
  058850.KS COURT_BLUE -> ADJUDICATE (058850_KS_COURT_BLUE_202608211242.md)
  PROK COURT_RED: 2 kg_candidate(s) harvested
  PROK COURT_RED -> COURT_BLUE (PROK_COURT_RED_202608211253.md)
  AVAV REFUTABILITY -> ADJUDICATE (AVAV_REFUTABILITY_202608211302.md)
  DECK BACKFILL built ['FA']
  AWAITING ADJUDICATION (session job — pitch doc + verdict + wiring): ['OCS', 'LAES', 'OPFI', 'AAPG', 'SUZ', 'CLBT', 'TII', 'FRVO', 'CIFR', 'CHA', 'BW', 'PLNT', 'FLY', 'AMSF', 'LINC', 'LAB', 'MNSO', 'NVA', 'WHR', 'MRAM', 'TPG', 'FA', 'TSSI', 'SOUN', 'CRK', 'DNA', 'PONY', 'DOCS', 'AVAV', 'CRDO', 'ALAB', '1904.T', '7235.T', 'CARD.L', '058850.KS']
/Users/ajay/Library/Python/3.9/lib/python/site-packages/urllib3/__init__.py:35: NotOpenSSLWarning: urllib3 v2 only supports OpenSSL 1.1.1+, currently the 'ssl' module is compiled with 'LibreSSL 2.8.3'. See: https://github.com/urllib3/urllib3/issues/3020
  warnings.warn(
[deck_writer] PROK: deck emailed (PROK_PITCH_DECK_20260821.pdf)
[court_runner] 2026-08-21T14:25:17Z
  PROK COURT_BLUE: 2 kg_candidate(s) harvested
  PROK COURT_BLUE -> ADJUDICATE (PROK_COURT_BLUE_202608211412.md)
  BLND REFUTABILITY -> KILLED (BLND_REFUTABILITY_202608211421.md)
  INFRA FAILURE (infra:limit) — aborting the whole drain (every dispatch would fail; no validator-reject rows written)

===== 2026-08-21 07:34 (desk) =====
[court_runner] 2026-08-21T14:34:59Z
  INFRA FAILURE (not-logged-in) — aborting the whole drain (every dispatch would fail; no validator-reject rows written)

/Users/ajay/Library/Python/3.9/lib/python/site-packages/urllib3/__init__.py:35: NotOpenSSLWarning: urllib3 v2 only supports OpenSSL 1.1.1+, currently the 'ssl' module is compiled with 'LibreSSL 2.8.3'. See: https://github.com/urllib3/urllib3/issues/3020
  warnings.warn(
/Users/ajay/Library/Python/3.9/lib/python/site-packages/urllib3/__init__.py:35: NotOpenSSLWarning: urllib3 v2 only supports OpenSSL 1.1.1+, currently the 'ssl' module is compiled with 'LibreSSL 2.8.3'. See: https://github.com/urllib3/urllib3/issues/3020
  warnings.warn(
positions request timed out
account updates for ACCOUNT_ALPHA request timed out
positions request timed out
account updates for ACCOUNT_ALPHA request timed out
positions request timed out
account updates for ACCOUNT_ALPHA request timed out
[deck_writer] backfill: 0 courted name(s) without a deck: []
[court_runner] 2026-08-21T15:45:35Z
  IHRT REFUTABILITY -> KILLED (IHRT_REFUTABILITY_202608211531.md)
  PCT REFUTABILITY -> ADJUDICATE (PCT_REFUTABILITY_202608211536.md)
  ATEC REFUTABILITY -> COURT_RED (ATEC_REFUTABILITY_202608211540.md)
  NMRA REFUTABILITY -> KILLED (NMRA_REFUTABILITY_202608211545.md)
  AWAITING ADJUDICATION (session job — pitch doc + verdict + wiring): ['OCS', 'LAES', 'OPFI', 'AAPG', 'SUZ', 'CLBT', 'TII', 'FRVO', 'CIFR', 'CHA', 'BW', 'PLNT', 'FLY', 'AMSF', 'LINC', 'LAB', 'MNSO', 'NVA', 'WHR', 'MRAM', 'TPG', 'FA', 'TSSI', 'SOUN', 'CRK', 'DNA', 'PONY', 'DOCS', 'PROK', 'AVAV', 'PCT', 'CRDO', 'ALAB', '1904.T', '7235.T', 'CARD.L', '058850.KS']

===== 2026-08-21 09:35 (desk) =====
[court_runner] 2026-08-21T16:35:41Z
  INFRA FAILURE (not-logged-in) — aborting the whole drain (every dispatch would fail; no validator-reject rows written)

/Users/ajay/Library/Python/3.9/lib/python/site-packages/urllib3/__init__.py:35: NotOpenSSLWarning: urllib3 v2 only supports OpenSSL 1.1.1+, currently the 'ssl' module is compiled with 'LibreSSL 2.8.3'. See: https://github.com/urllib3/urllib3/issues/3020
  warnings.warn(
/Users/ajay/Library/Python/3.9/lib/python/site-packages/urllib3/__init__.py:35: NotOpenSSLWarning: urllib3 v2 only supports OpenSSL 1.1.1+, currently the 'ssl' module is compiled with 'LibreSSL 2.8.3'. See: https://github.com/urllib3/urllib3/issues/3020
  warnings.warn(
[deck_writer] backfill: 0 courted name(s) without a deck: []
[court_runner] 2026-08-21T17:08:19Z
  ATEC COURT_RED: 2 kg_candidate(s) harvested
  ATEC COURT_RED -> COURT_BLUE (ATEC_COURT_RED_202608211651.md)
  RZLT REFUTABILITY -> COURT_RED (RZLT_REFUTABILITY_202608211655.md)
  FTK REFUTABILITY -> COURT_RED (FTK_REFUTABILITY_202608211700.md)
  RXT REFUTABILITY -> KILLED (RXT_REFUTABILITY_202608211708.md)
  AWAITING ADJUDICATION (session job — pitch doc + verdict + wiring): ['OCS', 'LAES', 'OPFI', 'AAPG', 'SUZ', 'CLBT', 'TII', 'FRVO', 'CHA', 'BW', 'PLNT', 'FLY', 'AMSF', 'LINC', 'LAB', 'MNSO', 'NVA', 'WHR', 'MRAM', 'TPG', 'FA', 'TSSI', 'SOUN', 'CRK', 'DNA', 'PONY', 'DOCS', 'PROK', 'AVAV', 'PCT', 'CRDO', 'ALAB', '1904.T', '7235.T', 'CARD.L', '058850.KS']
positions request timed out
account updates for ACCOUNT_ALPHA request timed out
/Users/ajay/Library/Python/3.9/lib/python/site-packages/urllib3/__init__.py:35: NotOpenSSLWarning: urllib3 v2 only supports OpenSSL 1.1.1+, currently the 'ssl' module is compiled with 'LibreSSL 2.8.3'. See: https://github.com/urllib3/urllib3/issues/3020
  warnings.warn(
[deck_writer] ATEC: deck emailed (ATEC_PITCH_DECK_20260821.pdf)
[deck_writer] backfill: 0 courted name(s) without a deck: []
[court_runner] 2026-08-21T18:30:17Z
  ATEC COURT_BLUE: 1 kg_candidate(s) harvested
  ATEC COURT_BLUE -> ADJUDICATE (ATEC_COURT_BLUE_202608211813.md)
  RZLT COURT_RED: 1 kg_candidate(s) harvested
  RZLT COURT_RED -> COURT_BLUE (RZLT_COURT_RED_202608211821.md)
  FTK COURT_RED: 2 kg_candidate(s) harvested
  FTK COURT_RED -> COURT_BLUE (FTK_COURT_RED_202608211825.md)
  EMAT REFUTABILITY -> KILLED (EMAT_REFUTABILITY_202608211830.md)
  AWAITING ADJUDICATION (session job — pitch doc + verdict + wiring): ['OCS', 'LAES', 'OPFI', 'AAPG', 'SUZ', 'CLBT', 'TII', 'FRVO', 'CHA', 'BW', 'PLNT', 'FLY', 'AMSF', 'LINC', 'LAB', 'MNSO', 'NVA', 'WHR', 'MRAM', 'TPG', 'FA', 'TSSI', 'SOUN', 'CRK', 'DNA', 'PONY', 'DOCS', 'PROK', 'AVAV', 'PCT', 'ATEC', 'CRDO', 'ALAB', '1904.T', '7235.T', 'CARD.L', '058850.KS']

===== 2026-08-21 11:35 (desk) =====
[court_runner] 2026-08-21T18:35:38Z
  INFRA FAILURE (not-logged-in) — aborting the whole drain (every dispatch would fail; no validator-reject rows written)

/Users/ajay/Library/Python/3.9/lib/python/site-packages/urllib3/__init__.py:35: NotOpenSSLWarning: urllib3 v2 only supports OpenSSL 1.1.1+, currently the 'ssl' module is compiled with 'LibreSSL 2.8.3'. See: https://github.com/urllib3/urllib3/issues/3020
  warnings.warn(
Error 326, reqId -1: Unable to connect as the client id is already in use. Retry with a unique client id.
Peer closed connection. clientId 43 already in use?
API connection failed: TimeoutError()
/Users/ajay/Library/Python/3.9/lib/python/site-packages/urllib3/__init__.py:35: NotOpenSSLWarning: urllib3 v2 only supports OpenSSL 1.1.1+, currently the 'ssl' module is compiled with 'LibreSSL 2.8.3'. See: https://github.com/urllib3/urllib3/issues/3020
  warnings.warn(
[deck_writer] FTK: deck emailed (FTK_PITCH_DECK_20260821.pdf)
[deck_writer] backfill: 0 courted name(s) without a deck: []
[court_runner] 2026-08-21T20:02:43Z
  RZLT COURT_BLUE: reject (missing BLUE BENCH header / RED CASE ruling) — immediate retry
  RZLT COURT_BLUE: VALIDATOR REJECTED (missing BLUE BENCH header / RED CASE ruling) — output not persisted to queue
  FTK COURT_BLUE: reject (missing BLUE BENCH header / RED CASE ruling) — immediate retry
  FTK COURT_BLUE: 2 kg_candidate(s) harvested
  FTK COURT_BLUE -> ADJUDICATE (FTK_COURT_BLUE_202608211945.md)
  CDNL REFUTABILITY -> COURT_RED (CDNL_REFUTABILITY_202608211953.md)
  GLOO REFUTABILITY -> ADJUDICATE (GLOO_REFUTABILITY_202608211958.md)
  CNL REFUTABILITY -> KILLED (CNL_REFUTABILITY_202608212002.md)
  AWAITING ADJUDICATION (session job — pitch doc + verdict + wiring): ['OCS', 'LAES', 'OPFI', 'AAPG', 'SUZ', 'CLBT', 'TII', 'FRVO', 'CHA', 'BW', 'PLNT', 'FLY', 'AMSF', 'LINC', 'LAB', 'MNSO', 'NVA', 'WHR', 'MRAM', 'TPG', 'FA', 'TSSI', 'SOUN', 'CRK', 'DNA', 'PONY', 'DOCS', 'PROK', 'AVAV', 'PCT', 'ATEC', 'FTK', 'GLOO', 'CRDO', 'ALAB', '1904.T', '7235.T', 'CARD.L', '058850.KS']

===== 2026-08-21 13:34 (desk) =====
[court_runner] 2026-08-21T20:34:58Z
  HYGIENE evicted=['TTMI', 'FN', 'NXT', 'KEP', 'FPS', 'RKT', 'KTOS', 'XPEV', 'SOFI', 'STLA', 'CPNG', 'BE', 'SYM', 'QXO', 'LI'] flagged=0
  INFRA FAILURE (not-logged-in) — aborting the whole drain (every dispatch would fail; no validator-reject rows written)

/Users/ajay/Library/Python/3.9/lib/python/site-packages/urllib3/__init__.py:35: NotOpenSSLWarning: urllib3 v2 only supports OpenSSL 1.1.1+, currently the 'ssl' module is compiled with 'LibreSSL 2.8.3'. See: https://github.com/urllib3/urllib3/issues/3020
  warnings.warn(
/Users/ajay/Library/Python/3.9/lib/python/site-packages/urllib3/__init__.py:35: NotOpenSSLWarning: urllib3 v2 only supports OpenSSL 1.1.1+, currently the 'ssl' module is compiled with 'LibreSSL 2.8.3'. See: https://github.com/urllib3/urllib3/issues/3020
  warnings.warn(
[deck_writer] RZLT: deck emailed (RZLT_PITCH_DECK_20260821.pdf)
[deck_writer] backfill: 0 courted name(s) without a deck: []
[court_runner] 2026-08-21T21:26:53Z
  RZLT COURT_BLUE: 1 kg_candidate(s) harvested
  RZLT COURT_BLUE -> ADJUDICATE (RZLT_COURT_BLUE_202608212107.md)
  CDNL COURT_RED: 2 kg_candidate(s) harvested
  CDNL COURT_RED -> COURT_BLUE (CDNL_COURT_RED_202608212117.md)
  PSFE REFUTABILITY -> COURT_RED (PSFE_REFUTABILITY_202608212122.md)
  CLNE REFUTABILITY -> KILLED (CLNE_REFUTABILITY_202608212126.md)
  AWAITING ADJUDICATION (session job — pitch doc + verdict + wiring): ['OCS', 'LAES', 'OPFI', 'AAPG', 'SUZ', 'CLBT', 'TII', 'FRVO', 'CHA', 'BW', 'PLNT', 'FLY', 'AMSF', 'LINC', 'LAB', 'MNSO', 'NVA', 'WHR', 'MRAM', 'TPG', 'FA', 'TSSI', 'SOUN', 'CRK', 'DNA', 'PONY', 'DOCS', 'PROK', 'AVAV', 'PCT', 'ATEC', 'RZLT', 'FTK', 'GLOO', 'CRDO', 'ALAB', '1904.T', '7235.T', 'CARD.L', '058850.KS']
positions request timed out
account updates for ACCOUNT_ALPHA request timed out
/Users/ajay/Library/Python/3.9/lib/python/site-packages/urllib3/__init__.py:35: NotOpenSSLWarning: urllib3 v2 only supports OpenSSL 1.1.1+, currently the 'ssl' module is compiled with 'LibreSSL 2.8.3'. See: https://github.com/urllib3/urllib3/issues/3020
  warnings.warn(
positions request timed out
account updates for ACCOUNT_ALPHA request timed out

===== 2026-08-21 15:36 (desk) =====
[court_runner] 2026-08-21T22:36:09Z
  INFRA FAILURE (not-logged-in) — aborting the whole drain (every dispatch would fail; no validator-reject rows written)

positions request timed out
account updates for ACCOUNT_ALPHA request timed out
/Users/ajay/Library/Python/3.9/lib/python/site-packages/urllib3/__init__.py:35: NotOpenSSLWarning: urllib3 v2 only supports OpenSSL 1.1.1+, currently the 'ssl' module is compiled with 'LibreSSL 2.8.3'. See: https://github.com/urllib3/urllib3/issues/3020
  warnings.warn(
positions request timed out
account updates for ACCOUNT_ALPHA request timed out
positions request timed out
account updates for ACCOUNT_ALPHA request timed out
positions request timed out
account updates for ACCOUNT_ALPHA request timed out
[deck_writer] backfill: 0 courted name(s) without a deck: []
[court_runner] 2026-08-21T22:55:52Z
  CDNL COURT_BLUE: reject (missing BLUE BENCH header / RED CASE ruling) — immediate retry
  CDNL COURT_BLUE: VALIDATOR REJECTED (missing BLUE BENCH header / RED CASE ruling) — output not persisted to queue
  PSFE COURT_RED: 1 kg_candidate(s) harvested
  PSFE COURT_RED -> COURT_BLUE (PSFE_COURT_RED_202608212240.md)
  QDEL REFUTABILITY -> ADJUDICATE (QDEL_REFUTABILITY_202608212245.md)
  PPHC REFUTABILITY -> COURT_RED (PPHC_REFUTABILITY_202608212251.md)
  ENVX REFUTABILITY -> KILLED (ENVX_REFUTABILITY_202608212255.md)
  AWAITING ADJUDICATION (session job — pitch doc + verdict + wiring): ['OCS', 'LAES', 'OPFI', 'AAPG', 'SUZ', 'CLBT', 'TII', 'FRVO', 'CHA', 'BW', 'PLNT', 'FLY', 'AMSF', 'LINC', 'LAB', 'MNSO', 'NVA', 'WHR', 'MRAM', 'TPG', 'FA', 'TSSI', 'SOUN', 'CRK', 'DNA', 'PONY', 'DOCS', 'PROK', 'AVAV', 'PCT', 'ATEC', 'RZLT', 'FTK', 'GLOO', 'QDEL', 'CRDO', 'ALAB', '1904.T', '7235.T', 'CARD.L', '058850.KS']
positions request timed out
account updates for ACCOUNT_ALPHA request timed out
/Users/ajay/Library/Python/3.9/lib/python/site-packages/urllib3/__init__.py:35: NotOpenSSLWarning: urllib3 v2 only supports OpenSSL 1.1.1+, currently the 'ssl' module is compiled with 'LibreSSL 2.8.3'. See: https://github.com/urllib3/urllib3/issues/3020
  warnings.warn(
Error 200, reqId 3: No security definition has been found for the request, contract: Stock(symbol='BAVA.CO', exchange='SMART', currency='USD')
Unknown contract: Stock(symbol='BAVA.CO', exchange='SMART', currency='USD')
[deck_writer] CDNL: deck emailed (CDNL_PITCH_DECK_20260821.pdf)
[deck_writer] PSFE: deck emailed (PSFE_PITCH_DECK_20260821.pdf)
[deck_writer] backfill: 0 courted name(s) without a deck: []
[court_runner] 2026-08-22T00:22:06Z
  CDNL COURT_BLUE: 1 kg_candidate(s) harvested
  CDNL COURT_BLUE -> ADJUDICATE (CDNL_COURT_BLUE_202608212359.md)
  PSFE COURT_BLUE -> ADJUDICATE (PSFE_COURT_BLUE_202608220006.md)
  PPHC COURT_RED: 1 kg_candidate(s) harvested
  PPHC COURT_RED -> COURT_BLUE (PPHC_COURT_RED_202608220014.md)
  BAVA.CO COURT_RED: 2 kg_candidate(s) harvested
  BAVA.CO COURT_RED -> COURT_BLUE (BAVA_CO_COURT_RED_202608220022.md)
  AWAITING ADJUDICATION (session job — pitch doc + verdict + wiring): ['OCS', 'LAES', 'OPFI', 'AAPG', 'SUZ', 'CLBT', 'TII', 'FRVO', 'CHA', 'BW', 'PLNT', 'FLY', 'AMSF', 'LINC', 'LAB', 'MNSO', 'NVA', 'WHR', 'MRAM', 'TPG', 'FA', 'TSSI', 'SOUN', 'CRK', 'DNA', 'PONY', 'DOCS', 'PROK', 'AVAV', 'PCT', 'ATEC', 'RZLT', 'FTK', 'CDNL', 'GLOO', 'PSFE', 'QDEL', 'CRDO', 'ALAB', '1904.T', '7235.T', 'CARD.L', '058850.KS']

===== 2026-08-21 17:34 (desk) =====
[court_runner] 2026-08-22T00:34:49Z
  INFRA FAILURE (not-logged-in) — aborting the whole drain (every dispatch would fail; no validator-reject rows written)

/Users/ajay/Library/Python/3.9/lib/python/site-packages/urllib3/__init__.py:35: NotOpenSSLWarning: urllib3 v2 only supports OpenSSL 1.1.1+, currently the 'ssl' module is compiled with 'LibreSSL 2.8.3'. See: https://github.com/urllib3/urllib3/issues/3020
  warnings.warn(
/Users/ajay/Library/Python/3.9/lib/python/site-packages/urllib3/__init__.py:35: NotOpenSSLWarning: urllib3 v2 only supports OpenSSL 1.1.1+, currently the 'ssl' module is compiled with 'LibreSSL 2.8.3'. See: https://github.com/urllib3/urllib3/issues/3020
  warnings.warn(
[deck_writer] PPHC: deck emailed (PPHC_PITCH_DECK_20260821.pdf)
[deck_writer] BAVA.CO: deck emailed (BAVA_CO_PITCH_DECK_20260821.pdf)
[deck_writer] backfill: 0 courted name(s) without a deck: []
[court_runner] 2026-08-22T01:50:54Z
  PPHC COURT_BLUE: reject (missing BLUE BENCH header / RED CASE ruling) — immediate retry
  PPHC COURT_BLUE -> ADJUDICATE (PPHC_COURT_BLUE_202608220128.md)
  BAVA.CO COURT_BLUE: 2 kg_candidate(s) harvested
  BAVA.CO COURT_BLUE -> ADJUDICATE (BAVA_CO_COURT_BLUE_202608220137.md)
  SUPV REFUTABILITY -> COURT_RED (SUPV_REFUTABILITY_202608220143.md)
  RWAY REFUTABILITY -> COURT_RED (RWAY_REFUTABILITY_202608220150.md)
  AWAITING ADJUDICATION (session job — pitch doc + verdict + wiring): ['OCS', 'LAES', 'OPFI', 'AAPG', 'SUZ', 'CLBT', 'TII', 'FRVO', 'CHA', 'BW', 'PLNT', 'FLY', 'AMSF', 'LINC', 'LAB', 'MNSO', 'NVA', 'WHR', 'MRAM', 'TPG', 'FA', 'TSSI', 'SOUN', 'CRK', 'DNA', 'PONY', 'DOCS', 'PROK', 'AVAV', 'PCT', 'ATEC', 'RZLT', 'FTK', 'CDNL', 'GLOO', 'PSFE', 'QDEL', 'PPHC', 'CRDO', 'ALAB', '1904.T', '7235.T', 'CARD.L', '058850.KS', 'BAVA.CO']

===== 2026-08-21 19:35 (desk) =====
[court_runner] 2026-08-22T02:35:32Z
  INFRA FAILURE (not-logged-in) — aborting the whole drain (every dispatch would fail; no validator-reject rows written)

/Users/ajay/Library/Python/3.9/lib/python/site-packages/urllib3/__init__.py:35: NotOpenSSLWarning: urllib3 v2 only supports OpenSSL 1.1.1+, currently the 'ssl' module is compiled with 'LibreSSL 2.8.3'. See: https://github.com/urllib3/urllib3/issues/3020
  warnings.warn(
/Users/ajay/Library/Python/3.9/lib/python/site-packages/urllib3/__init__.py:35: NotOpenSSLWarning: urllib3 v2 only supports OpenSSL 1.1.1+, currently the 'ssl' module is compiled with 'LibreSSL 2.8.3'. See: https://github.com/urllib3/urllib3/issues/3020
  warnings.warn(
[deck_writer] backfill: 0 courted name(s) without a deck: []
[court_runner] 2026-08-22T03:10:56Z
  SUPV COURT_RED: PACK-MISQUOTE WARN (SUPERSESSION-DECLARED (verify, not a fabrication flag) — pct_off_low: bench quotes +74.0 vs pack +76.5)
  SUPV COURT_RED: 1 kg_candidate(s) harvested
  SUPV COURT_RED -> COURT_BLUE (SUPV_COURT_RED_202608220254.md)
  RWAY COURT_RED: 2 kg_candidate(s) harvested
  RWAY COURT_RED -> COURT_BLUE (RWAY_COURT_RED_202608220301.md)
  ALVO REFUTABILITY -> COURT_RED (ALVO_REFUTABILITY_202608220307.md)
  BBAI REFUTABILITY -> KILLED (BBAI_REFUTABILITY_202608220310.md)
  AWAITING ADJUDICATION (session job — pitch doc + verdict + wiring): ['OCS', 'LAES', 'OPFI', 'AAPG', 'SUZ', 'CLBT', 'TII', 'FRVO', 'CHA', 'BW', 'PLNT', 'FLY', 'AMSF', 'LINC', 'LAB', 'MNSO', 'NVA', 'WHR', 'MRAM', 'TPG', 'FA', 'TSSI', 'SOUN', 'CRK', 'DNA', 'PONY', 'DOCS', 'PROK', 'AVAV', 'PCT', 'ATEC', 'RZLT', 'FTK', 'CDNL', 'GLOO', 'PSFE', 'QDEL', 'PPHC', 'CRDO', 'ALAB', '1904.T', '7235.T', 'CARD.L', '058850.KS', 'BAVA.CO']
/Users/ajay/Library/Python/3.9/lib/python/site-packages/urllib3/__init__.py:35: NotOpenSSLWarning: urllib3 v2 only supports OpenSSL 1.1.1+, currently the 'ssl' module is compiled with 'LibreSSL 2.8.3'. See: https://github.com/urllib3/urllib3/issues/3020
  warnings.warn(
positions request timed out
account updates for ACCOUNT_ALPHA request timed out

===== 2026-08-21 21:35 (desk) =====
[court_runner] 2026-08-22T04:35:40Z
  INFRA FAILURE (not-logged-in) — aborting the whole drain (every dispatch would fail; no validator-reject rows written)

positions request timed out
account updates for ACCOUNT_ALPHA request timed out
/Users/ajay/Library/Python/3.9/lib/python/site-packages/urllib3/__init__.py:35: NotOpenSSLWarning: urllib3 v2 only supports OpenSSL 1.1.1+, currently the 'ssl' module is compiled with 'LibreSSL 2.8.3'. See: https://github.com/urllib3/urllib3/issues/3020
  warnings.warn(
[deck_writer] RWAY: deck emailed (RWAY_PITCH_DECK_20260821.pdf)
[deck_writer] backfill: 0 courted name(s) without a deck: []
[court_runner] 2026-08-22T04:39:32Z
  SUPV COURT_BLUE: reject (no primary citation (http) anywhere in the output) — immediate retry
  SUPV COURT_BLUE: VALIDATOR REJECTED (no primary citation (http) anywhere in the output) — output not persisted to queue
  RWAY COURT_BLUE: 1 kg_candidate(s) harvested
  RWAY COURT_BLUE -> ADJUDICATE (RWAY_COURT_BLUE_202608220422.md)
  ALVO COURT_RED: 1 kg_candidate(s) harvested
  ALVO COURT_RED -> COURT_BLUE (ALVO_COURT_RED_202608220431.md)
  CV REFUTABILITY -> KILLED (CV_REFUTABILITY_202608220434.md)
  HLI REFUTABILITY -> COURT_RED (HLI_REFUTABILITY_202608220439.md)
  AWAITING ADJUDICATION (session job — pitch doc + verdict + wiring): ['OCS', 'LAES', 'OPFI', 'AAPG', 'SUZ', 'CLBT', 'TII', 'FRVO', 'CHA', 'BW', 'PLNT', 'FLY', 'AMSF', 'LINC', 'LAB', 'MNSO', 'NVA', 'WHR', 'MRAM', 'TPG', 'FA', 'TSSI', 'SOUN', 'CRK', 'DNA', 'PONY', 'DOCS', 'PROK', 'AVAV', 'PCT', 'ATEC', 'RZLT', 'FTK', 'CDNL', 'GLOO', 'PSFE', 'QDEL', 'PPHC', 'RWAY', 'CRDO', 'ALAB', '1904.T', '7235.T', 'CARD.L', '058850.KS', 'BAVA.CO']
/Users/ajay/Library/Python/3.9/lib/python/site-packages/urllib3/__init__.py:35: NotOpenSSLWarning: urllib3 v2 only supports OpenSSL 1.1.1+, currently the 'ssl' module is compiled with 'LibreSSL 2.8.3'. See: https://github.com/urllib3/urllib3/issues/3020
  warnings.warn(
[deck_writer] SUPV: deck emailed (SUPV_PITCH_DECK_20260821.pdf)
[deck_writer] ALVO: deck emailed (ALVO_PITCH_DECK_20260821.pdf)
[deck_writer] backfill: 0 courted name(s) without a deck: []
[court_runner] 2026-08-22T06:07:26Z
  SUPV COURT_BLUE -> ADJUDICATE (SUPV_COURT_BLUE_202608220543.md)
  ALVO COURT_BLUE: 1 kg_candidate(s) harvested
  ALVO COURT_BLUE -> ADJUDICATE (ALVO_COURT_BLUE_202608220550.md)
  HLI COURT_RED: 1 kg_candidate(s) harvested
  HLI COURT_RED -> COURT_BLUE (HLI_COURT_RED_202608220600.md)
  CTMX REFUTABILITY -> COURT_RED (CTMX_REFUTABILITY_202608220607.md)
  AWAITING ADJUDICATION (session job — pitch doc + verdict + wiring): ['OCS', 'LAES', 'OPFI', 'AAPG', 'SUZ', 'CLBT', 'TII', 'FRVO', 'CHA', 'BW', 'PLNT', 'FLY', 'AMSF', 'LINC', 'LAB', 'MNSO', 'NVA', 'WHR', 'MRAM', 'TPG', 'FA', 'TSSI', 'SOUN', 'CRK', 'DNA', 'PONY', 'DOCS', 'PROK', 'AVAV', 'PCT', 'ATEC', 'RZLT', 'FTK', 'CDNL', 'GLOO', 'PSFE', 'QDEL', 'PPHC', 'SUPV', 'RWAY', 'ALVO', 'CRDO', 'ALAB', '1904.T', '7235.T', 'CARD.L', '058850.KS', 'BAVA.CO']

===== 2026-08-21 23:34 (desk) =====
[court_runner] 2026-08-22T06:34:28Z
  INFRA FAILURE (not-logged-in) — aborting the whole drain (every dispatch would fail; no validator-reject rows written)

/Users/ajay/Library/Python/3.9/lib/python/site-packages/urllib3/__init__.py:35: NotOpenSSLWarning: urllib3 v2 only supports OpenSSL 1.1.1+, currently the 'ssl' module is compiled with 'LibreSSL 2.8.3'. See: https://github.com/urllib3/urllib3/issues/3020
  warnings.warn(
Error 10275, reqId -1: Positions info is not available for account(s): ACCOUNT_BETA until the application is finished and approved.
/Users/ajay/Library/Python/3.9/lib/python/site-packages/urllib3/__init__.py:35: NotOpenSSLWarning: urllib3 v2 only supports OpenSSL 1.1.1+, currently the 'ssl' module is compiled with 'LibreSSL 2.8.3'. See: https://github.com/urllib3/urllib3/issues/3020
  warnings.warn(
Error 10275, reqId -1: Positions info is not available for account(s): ACCOUNT_BETA until the application is finished and approved.
Error 10275, reqId -1: Positions info is not available for account(s): ACCOUNT_BETA until the application is finished and approved.
Error 10275, reqId -1: Positions info is not available for account(s): ACCOUNT_BETA until the application is finished and approved.
Error 10275, reqId -1: Positions info is not available for account(s): ACCOUNT_BETA until the application is finished and approved.
[deck_writer] HLI: deck emailed (HLI_PITCH_DECK_20260822.pdf)
[deck_writer] backfill: 0 courted name(s) without a deck: []
[court_runner] 2026-08-22T07:30:22Z
  HLI COURT_BLUE: 1 kg_candidate(s) harvested
  HLI COURT_BLUE -> ADJUDICATE (HLI_COURT_BLUE_202608220712.md)
  CTMX COURT_RED: 2 kg_candidate(s) harvested
  CTMX COURT_RED -> COURT_BLUE (CTMX_COURT_RED_202608220721.md)
  ACM REFUTABILITY -> COURT_RED (ACM_REFUTABILITY_202608220727.md)
  CGC REFUTABILITY -> KILLED (CGC_REFUTABILITY_202608220730.md)
  AWAITING ADJUDICATION (session job — pitch doc + verdict + wiring): ['OCS', 'LAES', 'OPFI', 'AAPG', 'SUZ', 'CLBT', 'TII', 'FRVO', 'CHA', 'BW', 'PLNT', 'FLY', 'AMSF', 'LINC', 'LAB', 'MNSO', 'NVA', 'WHR', 'MRAM', 'TPG', 'FA', 'TSSI', 'SOUN', 'CRK', 'DNA', 'PONY', 'DOCS', 'PROK', 'AVAV', 'PCT', 'ATEC', 'RZLT', 'FTK', 'CDNL', 'GLOO', 'PSFE', 'QDEL', 'PPHC', 'SUPV', 'RWAY', 'ALVO', 'HLI', 'CRDO', 'ALAB', '1904.T', '7235.T', 'CARD.L', '058850.KS', 'BAVA.CO']
Error 10275, reqId -1: Positions info is not available for account(s): ACCOUNT_BETA until the application is finished and approved.
/Users/ajay/Library/Python/3.9/lib/python/site-packages/urllib3/__init__.py:35: NotOpenSSLWarning: urllib3 v2 only supports OpenSSL 1.1.1+, currently the 'ssl' module is compiled with 'LibreSSL 2.8.3'. See: https://github.com/urllib3/urllib3/issues/3020
  warnings.warn(
Error 10275, reqId -1: Positions info is not available for account(s): ACCOUNT_BETA until the application is finished and approved.
Error 10275, reqId -1: Positions info is not available for account(s): ACCOUNT_BETA until the application is finished and approved.
Error 10275, reqId -1: Positions info is not available for account(s): ACCOUNT_BETA until the application is finished and approved.
Error 10275, reqId -1: Positions info is not available for account(s): ACCOUNT_BETA until the application is finished and approved.
[deck_writer] CTMX: deck emailed (CTMX_PITCH_DECK_20260822.pdf)
[deck_writer] backfill: 0 courted name(s) without a deck: []
[court_runner] 2026-08-22T08:53:42Z
  CTMX COURT_BLUE: 2 kg_candidate(s) harvested
  CTMX COURT_BLUE -> ADJUDICATE (CTMX_COURT_BLUE_202608220835.md)
  ACM COURT_RED: 2 kg_candidate(s) harvested
  ACM COURT_RED -> COURT_BLUE (ACM_COURT_RED_202608220845.md)
  KWY REFUTABILITY -> KILLED (KWY_REFUTABILITY_202608220849.md)
  QBTS REFUTABILITY -> KILLED (QBTS_REFUTABILITY_202608220853.md)
  AWAITING ADJUDICATION (session job — pitch doc + verdict + wiring): ['OCS', 'LAES', 'OPFI', 'AAPG', 'SUZ', 'CLBT', 'TII', 'FRVO', 'CHA', 'BW', 'PLNT', 'FLY', 'AMSF', 'LINC', 'LAB', 'MNSO', 'NVA', 'WHR', 'MRAM', 'TPG', 'FA', 'TSSI', 'SOUN', 'CRK', 'DNA', 'PONY', 'DOCS', 'PROK', 'AVAV', 'PCT', 'ATEC', 'RZLT', 'FTK', 'CDNL', 'GLOO', 'PSFE', 'QDEL', 'PPHC', 'SUPV', 'RWAY', 'ALVO', 'HLI', 'CTMX', 'CRDO', 'ALAB', '1904.T', '7235.T', 'CARD.L', '058850.KS', 'BAVA.CO']
Error 10275, reqId -1: Positions info is not available for account(s): ACCOUNT_BETA until the application is finished and approved.
/Users/ajay/Library/Python/3.9/lib/python/site-packages/urllib3/__init__.py:35: NotOpenSSLWarning: urllib3 v2 only supports OpenSSL 1.1.1+, currently the 'ssl' module is compiled with 'LibreSSL 2.8.3'. See: https://github.com/urllib3/urllib3/issues/3020
  warnings.warn(
Error 10275, reqId -1: Positions info is not available for account(s): ACCOUNT_BETA until the application is finished and approved.
Error 10275, reqId -1: Positions info is not available for account(s): ACCOUNT_BETA until the application is finished and approved.
EOSEW: No earnings dates found, symbol may be delisted
Error 10275, reqId -1: Positions info is not available for account(s): ACCOUNT_BETA until the application is finished and approved.
Error 10275, reqId -1: Positions info is not available for account(s): ACCOUNT_BETA until the application is finished and approved.
[deck_writer] ACM: deck emailed (ACM_PITCH_DECK_20260822.pdf)
[deck_writer] backfill: 0 courted name(s) without a deck: []
[court_runner] 2026-08-22T10:19:37Z
  ACM COURT_BLUE: 2 kg_candidate(s) harvested
  ACM COURT_BLUE -> ADJUDICATE (ACM_COURT_BLUE_202608220958.md)
  EOSEW REFUTABILITY -> KILLED (EOSEW_REFUTABILITY_202608221008.md)
  AEVA REFUTABILITY -> KILLED (AEVA_REFUTABILITY_202608221015.md)
  LWLG REFUTABILITY -> KILLED (LWLG_REFUTABILITY_202608221019.md)
  AWAITING ADJUDICATION (session job — pitch doc + verdict + wiring): ['OCS', 'LAES', 'OPFI', 'AAPG', 'SUZ', 'CLBT', 'TII', 'FRVO', 'CHA', 'BW', 'PLNT', 'FLY', 'AMSF', 'LINC', 'LAB', 'MNSO', 'NVA', 'WHR', 'MRAM', 'TPG', 'FA', 'TSSI', 'SOUN', 'CRK', 'DNA', 'PONY', 'DOCS', 'PROK', 'AVAV', 'PCT', 'ATEC', 'RZLT', 'FTK', 'CDNL', 'GLOO', 'PSFE', 'QDEL', 'PPHC', 'SUPV', 'RWAY', 'ALVO', 'HLI', 'CTMX', 'ACM', 'CRDO', 'ALAB', '1904.T', '7235.T', 'CARD.L', '058850.KS', 'BAVA.CO']
Error 10275, reqId -1: Positions info is not available for account(s): ACCOUNT_BETA until the application is finished and approved.
/Users/ajay/Library/Python/3.9/lib/python/site-packages/urllib3/__init__.py:35: NotOpenSSLWarning: urllib3 v2 only supports OpenSSL 1.1.1+, currently the 'ssl' module is compiled with 'LibreSSL 2.8.3'. See: https://github.com/urllib3/urllib3/issues/3020
  warnings.warn(
Error 10275, reqId -1: Positions info is not available for account(s): ACCOUNT_BETA until the application is finished and approved.
VRXA: No earnings dates found, symbol may be delisted
Error 10275, reqId -1: Positions info is not available for account(s): ACCOUNT_BETA until the application is finished and approved.
Error 200, reqId 4: No security definition has been found for the request, contract: Contract(conId=617462335, exchange='SMART')
Error 10275, reqId -1: Positions info is not available for account(s): ACCOUNT_BETA until the application is finished and approved.
[deck_writer] backfill: 0 courted name(s) without a deck: []
[court_runner] 2026-08-22T11:36:00Z
  TSAT REFUTABILITY -> COURT_RED (TSAT_REFUTABILITY_202608221124.md)
  VRXA REFUTABILITY -> KILLED (VRXA_REFUTABILITY_202608221127.md)
  CXAI REFUTABILITY -> KILLED (CXAI_REFUTABILITY_202608221132.md)
  CAPR REFUTABILITY -> KILLED (CAPR_REFUTABILITY_202608221136.md)
  AWAITING ADJUDICATION (session job — pitch doc + verdict + wiring): ['OCS', 'LAES', 'OPFI', 'AAPG', 'SUZ', 'CLBT', 'TII', 'FRVO', 'CHA', 'BW', 'PLNT', 'FLY', 'AMSF', 'LINC', 'LAB', 'MNSO', 'NVA', 'WHR', 'MRAM', 'TPG', 'FA', 'TSSI', 'SOUN', 'CRK', 'DNA', 'PONY', 'DOCS', 'PROK', 'AVAV', 'PCT', 'ATEC', 'RZLT', 'FTK', 'CDNL', 'GLOO', 'PSFE', 'QDEL', 'PPHC', 'SUPV', 'RWAY', 'ALVO', 'HLI', 'CTMX', 'ACM', 'CRDO', 'ALAB', '1904.T', '7235.T', 'CARD.L', '058850.KS', 'BAVA.CO']
Error 10275, reqId -1: Positions info is not available for account(s): ACCOUNT_BETA until the application is finished and approved.
/Users/ajay/Library/Python/3.9/lib/python/site-packages/urllib3/__init__.py:35: NotOpenSSLWarning: urllib3 v2 only supports OpenSSL 1.1.1+, currently the 'ssl' module is compiled with 'LibreSSL 2.8.3'. See: https://github.com/urllib3/urllib3/issues/3020
  warnings.warn(
Error 10275, reqId -1: Positions info is not available for account(s): ACCOUNT_BETA until the application is finished and approved.
Error 10275, reqId -1: Positions info is not available for account(s): ACCOUNT_BETA until the application is finished and approved.
Error 10275, reqId -1: Positions info is not available for account(s): ACCOUNT_BETA until the application is finished and approved.
[deck_writer] backfill: 0 courted name(s) without a deck: []
[court_runner] 2026-08-22T13:00:39Z
  TSAT COURT_RED: 1 kg_candidate(s) harvested
  TSAT COURT_RED -> COURT_BLUE (TSAT_COURT_RED_202608221241.md)
  MPLT REFUTABILITY -> ADJUDICATE (MPLT_REFUTABILITY_202608221248.md)
  KLC REFUTABILITY -> KILLED (KLC_REFUTABILITY_202608221253.md)
  IQ REFUTABILITY -> ADJUDICATE (IQ_REFUTABILITY_202608221300.md)
  AWAITING ADJUDICATION (session job — pitch doc + verdict + wiring): ['OCS', 'LAES', 'OPFI', 'AAPG', 'SUZ', 'CLBT', 'TII', 'FRVO', 'CHA', 'BW', 'PLNT', 'FLY', 'AMSF', 'LINC', 'LAB', 'MNSO', 'NVA', 'WHR', 'MRAM', 'TPG', 'FA', 'TSSI', 'SOUN', 'CRK', 'DNA', 'PONY', 'DOCS', 'PROK', 'AVAV', 'PCT', 'ATEC', 'RZLT', 'FTK', 'CDNL', 'GLOO', 'PSFE', 'QDEL', 'PPHC', 'SUPV', 'RWAY', 'ALVO', 'HLI', 'CTMX', 'ACM', 'MPLT', 'IQ', 'CRDO', 'ALAB', '1904.T', '7235.T', 'CARD.L', '058850.KS', 'BAVA.CO']
Error 10275, reqId -1: Positions info is not available for account(s): ACCOUNT_BETA until the application is finished and approved.
/Users/ajay/Library/Python/3.9/lib/python/site-packages/urllib3/__init__.py:35: NotOpenSSLWarning: urllib3 v2 only supports OpenSSL 1.1.1+, currently the 'ssl' module is compiled with 'LibreSSL 2.8.3'. See: https://github.com/urllib3/urllib3/issues/3020
  warnings.warn(
Error 10275, reqId -1: Positions info is not available for account(s): ACCOUNT_BETA until the application is finished and approved.
Error 10275, reqId -1: Positions info is not available for account(s): ACCOUNT_BETA until the application is finished and approved.
Error 10275, reqId -1: Positions info is not available for account(s): ACCOUNT_BETA until the application is finished and approved.
Error 10275, reqId -1: Positions info is not available for account(s): ACCOUNT_BETA until the application is finished and approved.
[deck_writer] TSAT: deck emailed (TSAT_PITCH_DECK_20260822.pdf)
[deck_writer] backfill: 0 courted name(s) without a deck: []
[court_runner] 2026-08-22T14:23:51Z
  TSAT COURT_BLUE -> ADJUDICATE (TSAT_COURT_BLUE_202608221404.md)
  OGC REFUTABILITY -> ADJUDICATE (OGC_REFUTABILITY_202608221412.md)
  BIOA REFUTABILITY -> COURT_RED (BIOA_REFUTABILITY_202608221419.md)
  CLFD REFUTABILITY -> COURT_RED (CLFD_REFUTABILITY_202608221423.md)
  AWAITING ADJUDICATION (session job — pitch doc + verdict + wiring): ['OCS', 'LAES', 'OPFI', 'AAPG', 'SUZ', 'CLBT', 'TII', 'FRVO', 'CHA', 'BW', 'PLNT', 'FLY', 'AMSF', 'LINC', 'LAB', 'MNSO', 'NVA', 'WHR', 'MRAM', 'TPG', 'FA', 'TSSI', 'SOUN', 'CRK', 'DNA', 'PONY', 'DOCS', 'PROK', 'AVAV', 'PCT', 'ATEC', 'RZLT', 'FTK', 'CDNL', 'GLOO', 'PSFE', 'QDEL', 'PPHC', 'SUPV', 'RWAY', 'ALVO', 'HLI', 'CTMX', 'ACM', 'TSAT', 'MPLT', 'IQ', 'OGC', 'CRDO', 'ALAB', '1904.T', '7235.T', 'CARD.L', '058850.KS', 'BAVA.CO']
Error 10275, reqId -1: Positions info is not available for account(s): ACCOUNT_BETA until the application is finished and approved.
/Users/ajay/Library/Python/3.9/lib/python/site-packages/urllib3/__init__.py:35: NotOpenSSLWarning: urllib3 v2 only supports OpenSSL 1.1.1+, currently the 'ssl' module is compiled with 'LibreSSL 2.8.3'. See: https://github.com/urllib3/urllib3/issues/3020
  warnings.warn(
Error 10275, reqId -1: Positions info is not available for account(s): ACCOUNT_BETA until the application is finished and approved.
Error 10275, reqId -1: Positions info is not available for account(s): ACCOUNT_BETA until the application is finished and approved.
Error 10275, reqId -1: Positions info is not available for account(s): ACCOUNT_BETA until the application is finished and approved.
[deck_writer] backfill: 0 courted name(s) without a deck: []
[court_runner] 2026-08-22T15:53:26Z
  BIOA COURT_RED: 1 kg_candidate(s) harvested
  BIOA COURT_RED -> COURT_BLUE (BIOA_COURT_RED_202608221533.md)
  CLFD COURT_RED: 2 kg_candidate(s) harvested
  CLFD COURT_RED -> COURT_BLUE (CLFD_COURT_RED_202608221539.md)
  AAUC REFUTABILITY -> COURT_RED (AAUC_REFUTABILITY_202608221544.md)
  RXRX REFUTABILITY -> ADJUDICATE (RXRX_REFUTABILITY_202608221553.md)
  AWAITING ADJUDICATION (session job — pitch doc + verdict + wiring): ['OCS', 'LAES', 'OPFI', 'AAPG', 'SUZ', 'CLBT', 'TII', 'FRVO', 'CHA', 'BW', 'PLNT', 'FLY', 'AMSF', 'LINC', 'LAB', 'MNSO', 'NVA', 'WHR', 'MRAM', 'TPG', 'FA', 'TSSI', 'SOUN', 'CRK', 'DNA', 'PONY', 'DOCS', 'PROK', 'AVAV', 'PCT', 'ALVO', 'HLI', 'CTMX', 'ACM', 'TSAT', 'MPLT', 'IQ', 'OGC', 'RXRX', 'CRDO', 'ALAB', '1904.T', '7235.T', 'CARD.L', '058850.KS']
Error 10275, reqId -1: Positions info is not available for account(s): ACCOUNT_BETA until the application is finished and approved.
/Users/ajay/Library/Python/3.9/lib/python/site-packages/urllib3/__init__.py:35: NotOpenSSLWarning: urllib3 v2 only supports OpenSSL 1.1.1+, currently the 'ssl' module is compiled with 'LibreSSL 2.8.3'. See: https://github.com/urllib3/urllib3/issues/3020
  warnings.warn(
Error 10275, reqId -1: Positions info is not available for account(s): ACCOUNT_BETA until the application is finished and approved.
/Users/ajay/Library/Python/3.9/lib/python/site-packages/urllib3/__init__.py:35: NotOpenSSLWarning: urllib3 v2 only supports OpenSSL 1.1.1+, currently the 'ssl' module is compiled with 'LibreSSL 2.8.3'. See: https://github.com/urllib3/urllib3/issues/3020
  warnings.warn(
Error 10275, reqId -1: Positions info is not available for account(s): ACCOUNT_BETA until the application is finished and approved.
Error 10275, reqId -1: Positions info is not available for account(s): ACCOUNT_BETA until the application is finished and approved.
Error 10275, reqId -1: Positions info is not available for account(s): ACCOUNT_BETA until the application is finished and approved.
Error 10275, reqId -1: Positions info is not available for account(s): ACCOUNT_BETA until the application is finished and approved.
Error 10275, reqId -1: Positions info is not available for account(s): ACCOUNT_BETA until the application is finished and approved.
positions request timed out
account updates for ACCOUNT_ALPHA request timed out
account updates for ACCOUNT_BETA request timed out
[deck_writer] BIOA: deck emailed (BIOA_PITCH_DECK_20260822.pdf)
[deck_writer] CLFD: deck emailed (CLFD_PITCH_DECK_20260822.pdf)
[deck_writer] backfill: 0 courted name(s) without a deck: []
[court_runner] 2026-08-22T17:16:03Z
  BIOA COURT_BLUE: 1 kg_candidate(s) harvested
  BIOA COURT_BLUE -> ADJUDICATE (BIOA_COURT_BLUE_202608221650.md)
  CLFD COURT_BLUE: reject (missing BLUE BENCH header / RED CASE ruling) — immediate retry
  CLFD COURT_BLUE: 2 kg_candidate(s) harvested
  CLFD COURT_BLUE -> ADJUDICATE (CLFD_COURT_BLUE_202608221659.md)
  AAUC COURT_RED: 2 kg_candidate(s) harvested
  AAUC COURT_RED -> COURT_BLUE (AAUC_COURT_RED_202608221709.md)
  NTLA REFUTABILITY -> COURT_RED (NTLA_REFUTABILITY_202608221716.md)
  AWAITING ADJUDICATION (session job — pitch doc + verdict + wiring): ['BIOA', 'CLFD']
Error 10275, reqId -1: Positions info is not available for account(s): ACCOUNT_BETA until the application is finished and approved.
positions request timed out
account updates for ACCOUNT_ALPHA request timed out
account updates for ACCOUNT_BETA request timed out
/Users/ajay/Library/Python/3.9/lib/python/site-packages/urllib3/__init__.py:35: NotOpenSSLWarning: urllib3 v2 only supports OpenSSL 1.1.1+, currently the 'ssl' module is compiled with 'LibreSSL 2.8.3'. See: https://github.com/urllib3/urllib3/issues/3020
  warnings.warn(
Error 10275, reqId -1: Positions info is not available for account(s): ACCOUNT_BETA until the application is finished and approved.
positions request timed out
account updates for ACCOUNT_ALPHA request timed out
account updates for ACCOUNT_BETA request timed out
Error 10275, reqId -1: Positions info is not available for account(s): ACCOUNT_BETA until the application is finished and approved.
positions request timed out
account updates for ACCOUNT_ALPHA request timed out
account updates for ACCOUNT_BETA request timed out
Error 10275, reqId -1: Positions info is not available for account(s): ACCOUNT_BETA until the application is finished and approved.
positions request timed out
account updates for ACCOUNT_ALPHA request timed out
account updates for ACCOUNT_BETA request timed out
PLBL: No earnings dates found, symbol may be delisted
Error 10275, reqId -1: Positions info is not available for account(s): ACCOUNT_BETA until the application is finished and approved.
positions request timed out
account updates for ACCOUNT_ALPHA request timed out
account updates for ACCOUNT_BETA request timed out
[deck_writer] AAUC: deck emailed (AAUC_PITCH_DECK_20260822.pdf)
[deck_writer] backfill: 0 courted name(s) without a deck: []
[court_runner] 2026-08-22T18:40:19Z
  AAUC COURT_BLUE -> ADJUDICATE (AAUC_COURT_BLUE_202608221821.md)
  NTLA COURT_RED: 1 kg_candidate(s) harvested
  NTLA COURT_RED -> COURT_BLUE (NTLA_COURT_RED_202608221830.md)
  PLBL REFUTABILITY -> KILLED (PLBL_REFUTABILITY_202608221835.md)
  BLDR REFUTABILITY -> COURT_RED (BLDR_REFUTABILITY_202608221840.md)
  AWAITING ADJUDICATION (session job — pitch doc + verdict + wiring): ['BIOA', 'CLFD', 'AAUC']
Error 10275, reqId -1: Positions info is not available for account(s): ACCOUNT_BETA until the application is finished and approved.
positions request timed out
account updates for ACCOUNT_ALPHA request timed out
account updates for ACCOUNT_BETA request timed out
/Users/ajay/Library/Python/3.9/lib/python/site-packages/urllib3/__init__.py:35: NotOpenSSLWarning: urllib3 v2 only supports OpenSSL 1.1.1+, currently the 'ssl' module is compiled with 'LibreSSL 2.8.3'. See: https://github.com/urllib3/urllib3/issues/3020
  warnings.warn(
Error 10275, reqId -1: Positions info is not available for account(s): ACCOUNT_BETA until the application is finished and approved.
positions request timed out
account updates for ACCOUNT_ALPHA request timed out
account updates for ACCOUNT_BETA request timed out
Error 10275, reqId -1: Positions info is not available for account(s): ACCOUNT_BETA until the application is finished and approved.
positions request timed out
account updates for ACCOUNT_ALPHA request timed out
account updates for ACCOUNT_BETA request timed out
Error 10275, reqId -1: Positions info is not available for account(s): ACCOUNT_BETA until the application is finished and approved.
positions request timed out
account updates for ACCOUNT_ALPHA request timed out
account updates for ACCOUNT_BETA request timed out
Error 10275, reqId -1: Positions info is not available for account(s): ACCOUNT_BETA until the application is finished and approved.
positions request timed out
account updates for ACCOUNT_ALPHA request timed out
account updates for ACCOUNT_BETA request timed out
[deck_writer] NTLA: deck emailed (NTLA_PITCH_DECK_20260822.pdf)
[deck_writer] backfill: 0 courted name(s) without a deck: []
[court_runner] 2026-08-22T20:01:44Z
  NTLA COURT_BLUE: 1 kg_candidate(s) harvested
  NTLA COURT_BLUE -> ADJUDICATE (NTLA_COURT_BLUE_202608221945.md)
  BLDR COURT_RED: 1 kg_candidate(s) harvested
  BLDR COURT_RED -> COURT_BLUE (BLDR_COURT_RED_202608221953.md)
  AHG REFUTABILITY -> KILLED (AHG_REFUTABILITY_202608221957.md)
  QUBT REFUTABILITY -> COURT_RED (QUBT_REFUTABILITY_202608222001.md)
  AWAITING ADJUDICATION (session job — pitch doc + verdict + wiring): ['BIOA', 'CLFD', 'AAUC', 'NTLA']
Error 10275, reqId -1: Positions info is not available for account(s): ACCOUNT_BETA until the application is finished and approved.
positions request timed out
account updates for ACCOUNT_ALPHA request timed out
account updates for ACCOUNT_BETA request timed out
/Users/ajay/Library/Python/3.9/lib/python/site-packages/urllib3/__init__.py:35: NotOpenSSLWarning: urllib3 v2 only supports OpenSSL 1.1.1+, currently the 'ssl' module is compiled with 'LibreSSL 2.8.3'. See: https://github.com/urllib3/urllib3/issues/3020
  warnings.warn(
Error 10275, reqId -1: Positions info is not available for account(s): ACCOUNT_BETA until the application is finished and approved.
positions request timed out
account updates for ACCOUNT_ALPHA request timed out
account updates for ACCOUNT_BETA request timed out
Error 10275, reqId -1: Positions info is not available for account(s): ACCOUNT_BETA until the application is finished and approved.
positions request timed out
account updates for ACCOUNT_ALPHA request timed out
account updates for ACCOUNT_BETA request timed out
Error 10275, reqId -1: Positions info is not available for account(s): ACCOUNT_BETA until the application is finished and approved.
positions request timed out
account updates for ACCOUNT_ALPHA request timed out
account updates for ACCOUNT_BETA request timed out
Error 10275, reqId -1: Positions info is not available for account(s): ACCOUNT_BETA until the application is finished and approved.
positions request timed out
account updates for ACCOUNT_ALPHA request timed out
account updates for ACCOUNT_BETA request timed out
[deck_writer] BLDR: deck emailed (BLDR_PITCH_DECK_20260822.pdf)
[deck_writer] backfill: 0 courted name(s) without a deck: []
[court_runner] 2026-08-22T21:27:11Z
  BLDR COURT_BLUE: 1 kg_candidate(s) harvested
  BLDR COURT_BLUE -> ADJUDICATE (BLDR_COURT_BLUE_202608222106.md)
  QUBT COURT_RED: 2 kg_candidate(s) harvested
  QUBT COURT_RED -> COURT_BLUE (QUBT_COURT_RED_202608222116.md)
  HYLN REFUTABILITY -> KILLED (HYLN_REFUTABILITY_202608222121.md)
  MBI REFUTABILITY -> COURT_RED (MBI_REFUTABILITY_202608222127.md)
  AWAITING ADJUDICATION (session job — pitch doc + verdict + wiring): ['BLDR']
Error 10275, reqId -1: Positions info is not available for account(s): ACCOUNT_BETA until the application is finished and approved.
positions request timed out
account updates for ACCOUNT_ALPHA request timed out
account updates for ACCOUNT_BETA request timed out
/Users/ajay/Library/Python/3.9/lib/python/site-packages/urllib3/__init__.py:35: NotOpenSSLWarning: urllib3 v2 only supports OpenSSL 1.1.1+, currently the 'ssl' module is compiled with 'LibreSSL 2.8.3'. See: https://github.com/urllib3/urllib3/issues/3020
  warnings.warn(
Error 10275, reqId -1: Positions info is not available for account(s): ACCOUNT_BETA until the application is finished and approved.
positions request timed out
account updates for ACCOUNT_ALPHA request timed out
account updates for ACCOUNT_BETA request timed out
Error 10275, reqId -1: Positions info is not available for account(s): ACCOUNT_BETA until the application is finished and approved.
positions request timed out
account updates for ACCOUNT_ALPHA request timed out
account updates for ACCOUNT_BETA request timed out
Error 10275, reqId -1: Positions info is not available for account(s): ACCOUNT_BETA until the application is finished and approved.
positions request timed out
account updates for ACCOUNT_ALPHA request timed out
account updates for ACCOUNT_BETA request timed out
Error 10275, reqId -1: Positions info is not available for account(s): ACCOUNT_BETA until the application is finished and approved.
positions request timed out
account updates for ACCOUNT_ALPHA request timed out
account updates for ACCOUNT_BETA request timed out
4419.T: No earnings dates found, symbol may be delisted
[deck_writer] QUBT: deck emailed (QUBT_PITCH_DECK_20260822.pdf)
[deck_writer] backfill: 0 courted name(s) without a deck: []
[court_runner] 2026-08-22T22:54:26Z
  QUBT COURT_BLUE: 2 kg_candidate(s) harvested
  QUBT COURT_BLUE -> ADJUDICATE (QUBT_COURT_BLUE_202608222231.md)
  MBI COURT_RED: 1 kg_candidate(s) harvested
  MBI COURT_RED -> COURT_BLUE (MBI_COURT_RED_202608222243.md)
  6254.T REFUTABILITY -> ADJUDICATE (6254_T_REFUTABILITY_202608222248.md)
  4419.T REFUTABILITY -> ADJUDICATE (4419_T_REFUTABILITY_202608222254.md)
  AWAITING ADJUDICATION (session job — pitch doc + verdict + wiring): ['BLDR', 'QUBT', '6254.T', '4419.T']
Error 10275, reqId -1: Positions info is not available for account(s): ACCOUNT_BETA until the application is finished and approved.
positions request timed out
account updates for ACCOUNT_ALPHA request timed out
account updates for ACCOUNT_BETA request timed out
/Users/ajay/Library/Python/3.9/lib/python/site-packages/urllib3/__init__.py:35: NotOpenSSLWarning: urllib3 v2 only supports OpenSSL 1.1.1+, currently the 'ssl' module is compiled with 'LibreSSL 2.8.3'. See: https://github.com/urllib3/urllib3/issues/3020
  warnings.warn(
Error 10275, reqId -1: Positions info is not available for account(s): ACCOUNT_BETA until the application is finished and approved.
positions request timed out
account updates for ACCOUNT_ALPHA request timed out
account updates for ACCOUNT_BETA request timed out
Error 10275, reqId -1: Positions info is not available for account(s): ACCOUNT_BETA until the application is finished and approved.
positions request timed out
account updates for ACCOUNT_ALPHA request timed out
account updates for ACCOUNT_BETA request timed out
4425.T: No earnings dates found, symbol may be delisted
Error 10275, reqId -1: Positions info is not available for account(s): ACCOUNT_BETA until the application is finished and approved.
positions request timed out
account updates for ACCOUNT_ALPHA request timed out
account updates for ACCOUNT_BETA request timed out
3133.T: No earnings dates found, symbol may be delisted
Error 10275, reqId -1: Positions info is not available for account(s): ACCOUNT_BETA until the application is finished and approved.
positions request timed out
account updates for ACCOUNT_ALPHA request timed out
account updates for ACCOUNT_BETA request timed out
2586.T: No earnings dates found, symbol may be delisted
[deck_writer] MBI: deck emailed (MBI_PITCH_DECK_20260822.pdf)
[deck_writer] backfill: 0 courted name(s) without a deck: []
[court_runner] 2026-08-23T00:17:38Z
  MBI COURT_BLUE: 1 kg_candidate(s) harvested
  MBI COURT_BLUE -> ADJUDICATE (MBI_COURT_BLUE_202608222358.md)
  4425.T REFUTABILITY -> KILLED (4425_T_REFUTABILITY_202608230007.md)
  3133.T REFUTABILITY -> KILLED (3133_T_REFUTABILITY_202608230013.md)
  2586.T REFUTABILITY -> KILLED (2586_T_REFUTABILITY_202608230017.md)
  AWAITING ADJUDICATION (session job — pitch doc + verdict + wiring): ['BLDR', 'QUBT', 'MBI', '6254.T', '4419.T']
Error 10275, reqId -1: Positions info is not available for account(s): ACCOUNT_BETA until the application is finished and approved.
positions request timed out
account updates for ACCOUNT_ALPHA request timed out
account updates for ACCOUNT_BETA request timed out
/Users/ajay/Library/Python/3.9/lib/python/site-packages/urllib3/__init__.py:35: NotOpenSSLWarning: urllib3 v2 only supports OpenSSL 1.1.1+, currently the 'ssl' module is compiled with 'LibreSSL 2.8.3'. See: https://github.com/urllib3/urllib3/issues/3020
  warnings.warn(
4179.T: No earnings dates found, symbol may be delisted
Error 10275, reqId -1: Positions info is not available for account(s): ACCOUNT_BETA until the application is finished and approved.
positions request timed out
account updates for ACCOUNT_ALPHA request timed out
account updates for ACCOUNT_BETA request timed out
6824.T: No earnings dates found, symbol may be delisted
Error 10275, reqId -1: Positions info is not available for account(s): ACCOUNT_BETA until the application is finished and approved.
positions request timed out
account updates for ACCOUNT_ALPHA request timed out
account updates for ACCOUNT_BETA request timed out
7271.T: No earnings dates found, symbol may be delisted
Error 10275, reqId -1: Positions info is not available for account(s): ACCOUNT_BETA until the application is finished and approved.
positions request timed out
account updates for ACCOUNT_ALPHA request timed out
account updates for ACCOUNT_BETA request timed out
1491.T: No earnings dates found, symbol may be delisted
[deck_writer] backfill: 0 courted name(s) without a deck: []
[court_runner] 2026-08-23T01:44:53Z
  4179.T REFUTABILITY: reject (no COURT-WORTHINESS N/10 line (required for the automated 6/10 gate, v2 template)) — immediate retry
  4179.T REFUTABILITY -> KILLED (4179_T_REFUTABILITY_202608230127.md)
  6824.T REFUTABILITY -> COURT_RED (6824_T_REFUTABILITY_202608230134.md)
  7271.T REFUTABILITY -> COURT_RED (7271_T_REFUTABILITY_202608230139.md)
  1491.T REFUTABILITY -> KILLED (1491_T_REFUTABILITY_202608230144.md)
  AWAITING ADJUDICATION (session job — pitch doc + verdict + wiring): ['BLDR', 'QUBT', 'MBI', '6254.T', '4419.T']
Error 10275, reqId -1: Positions info is not available for account(s): ACCOUNT_BETA until the application is finished and approved.
positions request timed out
account updates for ACCOUNT_ALPHA request timed out
account updates for ACCOUNT_BETA request timed out
/Users/ajay/Library/Python/3.9/lib/python/site-packages/urllib3/__init__.py:35: NotOpenSSLWarning: urllib3 v2 only supports OpenSSL 1.1.1+, currently the 'ssl' module is compiled with 'LibreSSL 2.8.3'. See: https://github.com/urllib3/urllib3/issues/3020
  warnings.warn(
6824.T: No earnings dates found, symbol may be delisted
Error 10275, reqId -1: Positions info is not available for account(s): ACCOUNT_BETA until the application is finished and approved.
positions request timed out
account updates for ACCOUNT_ALPHA request timed out
account updates for ACCOUNT_BETA request timed out
7271.T: No earnings dates found, symbol may be delisted
Error 10275, reqId -1: Positions info is not available for account(s): ACCOUNT_BETA until the application is finished and approved.
positions request timed out
account updates for ACCOUNT_ALPHA request timed out
account updates for ACCOUNT_BETA request timed out
4265.T: No earnings dates found, symbol may be delisted
Error 10275, reqId -1: Positions info is not available for account(s): ACCOUNT_BETA until the application is finished and approved.
positions request timed out
account updates for ACCOUNT_ALPHA request timed out
account updates for ACCOUNT_BETA request timed out
4598.T: No earnings dates found, symbol may be delisted
[deck_writer] backfill: 0 courted name(s) without a deck: []
[court_runner] 2026-08-23T03:09:15Z
  6824.T COURT_RED: 1 kg_candidate(s) harvested
  6824.T COURT_RED -> COURT_BLUE (6824_T_COURT_RED_202608230251.md)
  7271.T COURT_RED: reject (no primary citation (http) anywhere in the output) — immediate retry
  7271.T COURT_RED: 1 kg_candidate(s) harvested
  7271.T COURT_RED -> COURT_BLUE (7271_T_COURT_RED_202608230300.md)
  4265.T REFUTABILITY -> KILLED (4265_T_REFUTABILITY_202608230305.md)
  4598.T REFUTABILITY -> KILLED (4598_T_REFUTABILITY_202608230309.md)
  AWAITING ADJUDICATION (session job — pitch doc + verdict + wiring): ['BLDR', 'QUBT', 'MBI', '6254.T', '4419.T']
Error 10275, reqId -1: Positions info is not available for account(s): ACCOUNT_BETA until the application is finished and approved.
positions request timed out
account updates for ACCOUNT_ALPHA request timed out
account updates for ACCOUNT_BETA request timed out
/Users/ajay/Library/Python/3.9/lib/python/site-packages/urllib3/__init__.py:35: NotOpenSSLWarning: urllib3 v2 only supports OpenSSL 1.1.1+, currently the 'ssl' module is compiled with 'LibreSSL 2.8.3'. See: https://github.com/urllib3/urllib3/issues/3020
  warnings.warn(
6824.T: No earnings dates found, symbol may be delisted
Error 10275, reqId -1: Positions info is not available for account(s): ACCOUNT_BETA until the application is finished and approved.
positions request timed out
account updates for ACCOUNT_ALPHA request timed out
account updates for ACCOUNT_BETA request timed out
7271.T: No earnings dates found, symbol may be delisted
Error 10275, reqId -1: Positions info is not available for account(s): ACCOUNT_BETA until the application is finished and approved.
positions request timed out
account updates for ACCOUNT_ALPHA request timed out
account updates for ACCOUNT_BETA request timed out
7271.T: No earnings dates found, symbol may be delisted
Error 10275, reqId -1: Positions info is not available for account(s): ACCOUNT_BETA until the application is finished and approved.
positions request timed out
account updates for ACCOUNT_ALPHA request timed out
account updates for ACCOUNT_BETA request timed out
3686.T: No earnings dates found, symbol may be delisted
Error 10275, reqId -1: Positions info is not available for account(s): ACCOUNT_BETA until the application is finished and approved.
positions request timed out
account updates for ACCOUNT_ALPHA request timed out
account updates for ACCOUNT_BETA request timed out
Error 10275, reqId -1: Positions info is not available for account(s): ACCOUNT_BETA until the application is finished and approved.
positions request timed out
account updates for ACCOUNT_ALPHA request timed out
account updates for ACCOUNT_BETA request timed out
[deck_writer] 7271.T: deck emailed (7271_T_PITCH_DECK_20260822.pdf)
[deck_writer] backfill: 0 courted name(s) without a deck: []
[court_runner] 2026-08-23T04:45:39Z
  6824.T COURT_BLUE: reject (missing BLUE BENCH header / RED CASE ruling) — immediate retry
  6824.T COURT_BLUE: VALIDATOR REJECTED (missing BLUE BENCH header / RED CASE ruling) — output not persisted to queue
  7271.T COURT_BLUE: reject (missing BLUE BENCH header / RED CASE ruling) — immediate retry
  7271.T COURT_BLUE: 1 kg_candidate(s) harvested
  7271.T COURT_BLUE -> ADJUDICATE (7271_T_COURT_BLUE_202608230424.md)
  3686.T REFUTABILITY -> KILLED (3686_T_REFUTABILITY_202608230435.md)
  VNET REFUTABILITY -> ADJUDICATE (VNET_REFUTABILITY_202608230440.md)
  AEHR REFUTABILITY -> ADJUDICATE (AEHR_REFUTABILITY_202608230445.md)
  AWAITING ADJUDICATION (session job — pitch doc + verdict + wiring): ['BLDR', 'QUBT', 'MBI', '6254.T', '4419.T', '7271.T', 'VNET', 'AEHR']
Error 10275, reqId -1: Positions info is not available for account(s): ACCOUNT_BETA until the application is finished and approved.
positions request timed out
account updates for ACCOUNT_ALPHA request timed out
account updates for ACCOUNT_BETA request timed out
/Users/ajay/Library/Python/3.9/lib/python/site-packages/urllib3/__init__.py:35: NotOpenSSLWarning: urllib3 v2 only supports OpenSSL 1.1.1+, currently the 'ssl' module is compiled with 'LibreSSL 2.8.3'. See: https://github.com/urllib3/urllib3/issues/3020
  warnings.warn(
6824.T: No earnings dates found, symbol may be delisted
Error 10275, reqId -1: Positions info is not available for account(s): ACCOUNT_BETA until the application is finished and approved.
positions request timed out
account updates for ACCOUNT_ALPHA request timed out
account updates for ACCOUNT_BETA request timed out
6824.T: No earnings dates found, symbol may be delisted
Error 10275, reqId -1: Positions info is not available for account(s): ACCOUNT_BETA until the application is finished and approved.
positions request timed out
account updates for ACCOUNT_ALPHA request timed out
account updates for ACCOUNT_BETA request timed out
Error 10275, reqId -1: Positions info is not available for account(s): ACCOUNT_BETA until the application is finished and approved.
positions request timed out
account updates for ACCOUNT_ALPHA request timed out
account updates for ACCOUNT_BETA request timed out
DCX: No earnings dates found, symbol may be delisted
Error 10275, reqId -1: Positions info is not available for account(s): ACCOUNT_BETA until the application is finished and approved.
positions request timed out
account updates for ACCOUNT_ALPHA request timed out
account updates for ACCOUNT_BETA request timed out
[deck_writer] 6824.T: deck emailed (6824_T_PITCH_DECK_20260822.pdf)
[deck_writer] backfill: 0 courted name(s) without a deck: []
[court_runner] 2026-08-23T06:11:45Z
  6824.T COURT_BLUE -> ADJUDICATE (6824_T_COURT_BLUE_202608230550.md)
  LIF REFUTABILITY -> COURT_RED (LIF_REFUTABILITY_202608230602.md)
  DCX REFUTABILITY -> KILLED (DCX_REFUTABILITY_202608230607.md)
  BALY REFUTABILITY -> KILLED (BALY_REFUTABILITY_202608230611.md)
  AWAITING ADJUDICATION (session job — pitch doc + verdict + wiring): ['BLDR', 'QUBT', 'MBI', '6254.T', '4419.T', '6824.T', '7271.T', 'VNET', 'AEHR']
API connection failed: ConnectionRefusedError(61, "Connect call failed ('127.0.0.1', 4001)")
Make sure API port on TWS/IBG is open
/Users/ajay/Library/Python/3.9/lib/python/site-packages/urllib3/__init__.py:35: NotOpenSSLWarning: urllib3 v2 only supports OpenSSL 1.1.1+, currently the 'ssl' module is compiled with 'LibreSSL 2.8.3'. See: https://github.com/urllib3/urllib3/issues/3020
  warnings.warn(
API connection failed: ConnectionRefusedError(61, "Connect call failed ('127.0.0.1', 4001)")
Make sure API port on TWS/IBG is open
API connection failed: ConnectionRefusedError(61, "Connect call failed ('127.0.0.1', 4001)")
Make sure API port on TWS/IBG is open
API connection failed: ConnectionRefusedError(61, "Connect call failed ('127.0.0.1', 4001)")
Make sure API port on TWS/IBG is open
[deck_writer] backfill: 0 courted name(s) without a deck: []
[court_runner] 2026-08-23T13:09:17Z
  LIF COURT_RED: 1 kg_candidate(s) harvested
  LIF COURT_RED -> COURT_BLUE (LIF_COURT_RED_202608230717.md)
  HUT REFUTABILITY -> COURT_RED (HUT_REFUTABILITY_202608230722.md)
  SNDL REFUTABILITY -> COURT_RED (SNDL_REFUTABILITY_202608230727.md)
  EVMN REFUTABILITY -> ADJUDICATE (EVMN_REFUTABILITY_202608231309.md)
  AWAITING ADJUDICATION (session job — pitch doc + verdict + wiring): ['BLDR', 'QUBT', 'MBI', '6254.T', '4419.T', '6824.T', '7271.T', 'VNET', 'AEHR', 'EVMN']
/Users/ajay/Library/Python/3.9/lib/python/site-packages/urllib3/__init__.py:35: NotOpenSSLWarning: urllib3 v2 only supports OpenSSL 1.1.1+, currently the 'ssl' module is compiled with 'LibreSSL 2.8.3'. See: https://github.com/urllib3/urllib3/issues/3020
  warnings.warn(
[deck_writer] LIF: deck emailed (LIF_PITCH_DECK_20260823.pdf)
[deck_writer] backfill: 0 courted name(s) without a deck: []
[court_runner] 2026-08-23T15:27:17Z
  LIF COURT_BLUE: PACK-MISQUOTE WARN (SUPERSESSION-DECLARED (verify, not a fabrication flag) — pct_off_low: bench quotes +20.7 vs pack +23.8)
  LIF COURT_BLUE: 1 kg_candidate(s) harvested
  LIF COURT_BLUE -> ADJUDICATE (LIF_COURT_BLUE_202608231454.md)
  HUT COURT_RED: reject (no primary citation (http) anywhere in the output) — immediate retry
  HUT COURT_RED: 2 kg_candidate(s) harvested
  HUT COURT_RED -> COURT_BLUE (HUT_COURT_RED_202608231507.md)
  SNDL COURT_RED: reject (no primary citation (http) anywhere in the output) — immediate retry
  SNDL COURT_RED: 2 kg_candidate(s) harvested
  SNDL COURT_RED -> COURT_BLUE (SNDL_COURT_RED_202608231519.md)
  DFH REFUTABILITY -> COURT_RED (DFH_REFUTABILITY_202608231527.md)
/Users/ajay/Library/Python/3.9/lib/python/site-packages/urllib3/__init__.py:35: NotOpenSSLWarning: urllib3 v2 only supports OpenSSL 1.1.1+, currently the 'ssl' module is compiled with 'LibreSSL 2.8.3'. See: https://github.com/urllib3/urllib3/issues/3020
  warnings.warn(
[deck_writer] HUT: deck emailed (HUT_PITCH_DECK_20260823.pdf)
[deck_writer] SNDL: deck emailed (SNDL_PITCH_DECK_20260823.pdf)
[deck_writer] backfill: 0 courted name(s) without a deck: []
[court_runner] 2026-08-23T17:00:49Z
  HUT COURT_BLUE: 1 kg_candidate(s) harvested
  HUT COURT_BLUE -> ADJUDICATE (HUT_COURT_BLUE_202608231631.md)
  SNDL COURT_BLUE: 2 kg_candidate(s) harvested
  SNDL COURT_BLUE -> ADJUDICATE (SNDL_COURT_BLUE_202608231640.md)
  DFH COURT_RED: reject (no primary citation (http) anywhere in the output) — immediate retry
  DFH COURT_RED: 2 kg_candidate(s) harvested
  DFH COURT_RED -> COURT_BLUE (DFH_COURT_RED_202608231654.md)
  BCYC REFUTABILITY -> COURT_RED (BCYC_REFUTABILITY_202608231700.md)
  AWAITING ADJUDICATION (session job — pitch doc + verdict + wiring): ['HUT', 'SNDL']
/Users/ajay/Library/Python/3.9/lib/python/site-packages/urllib3/__init__.py:35: NotOpenSSLWarning: urllib3 v2 only supports OpenSSL 1.1.1+, currently the 'ssl' module is compiled with 'LibreSSL 2.8.3'. See: https://github.com/urllib3/urllib3/issues/3020
  warnings.warn(
[deck_writer] DFH: deck emailed (DFH_PITCH_DECK_20260823.pdf)
[deck_writer] backfill: 0 courted name(s) without a deck: []
[court_runner] 2026-08-23T18:30:17Z
  DFH COURT_BLUE: 1 kg_candidate(s) harvested
  DFH COURT_BLUE -> ADJUDICATE (DFH_COURT_BLUE_202608231805.md)
  BCYC COURT_RED: reject (no KILL-CLASS tags (§CONSENSUS-KILL, 2026-08-21 — every surviving kill must be tagged NOVEL or CONSENSUS; an all-consensus kill set on a fair-priced name is a minimum starter, not a FLAT)) — immediate retry
  BCYC COURT_RED: 1 kg_candidate(s) harvested
  BCYC COURT_RED -> COURT_BLUE (BCYC_COURT_RED_202608231819.md)
  PRME REFUTABILITY -> KILLED (PRME_REFUTABILITY_202608231824.md)
  NB REFUTABILITY -> COURT_RED (NB_REFUTABILITY_202608231830.md)
  AWAITING ADJUDICATION (session job — pitch doc + verdict + wiring): ['HUT', 'SNDL', 'DFH']
/Users/ajay/Library/Python/3.9/lib/python/site-packages/urllib3/__init__.py:35: NotOpenSSLWarning: urllib3 v2 only supports OpenSSL 1.1.1+, currently the 'ssl' module is compiled with 'LibreSSL 2.8.3'. See: https://github.com/urllib3/urllib3/issues/3020
  warnings.warn(
[deck_writer] BCYC: deck emailed (BCYC_PITCH_DECK_20260823.pdf)
[deck_writer] backfill: 0 courted name(s) without a deck: []
[court_runner] 2026-08-23T19:58:17Z
  BCYC COURT_BLUE -> ADJUDICATE (BCYC_COURT_BLUE_202608231934.md)
  NB COURT_RED: PACK-MISQUOTE WARN (SUPERSESSION-DECLARED (verify, not a fabrication flag) — dd52: bench quotes -63.1 vs pack -65.9; SUPERSESSION-DECLARED (verify, not a fabrication flag) — pct_off_low: bench quotes +21.5 vs pack +12.3)
  NB COURT_RED: 2 kg_candidate(s) harvested
  NB COURT_RED -> COURT_BLUE (NB_COURT_RED_202608231943.md)
  TRDA REFUTABILITY: reject (no COURT-WORTHINESS N/10 line (required for the automated 6/10 gate, v2 template)) — immediate retry
  TRDA REFUTABILITY -> ADJUDICATE (TRDA_REFUTABILITY_202608231953.md)
  GPK REFUTABILITY -> ADJUDICATE (GPK_REFUTABILITY_202608231958.md)
  AWAITING ADJUDICATION (session job — pitch doc + verdict + wiring): ['HUT', 'SNDL', 'DFH', 'BCYC', 'TRDA', 'GPK']
/Users/ajay/Library/Python/3.9/lib/python/site-packages/urllib3/__init__.py:35: NotOpenSSLWarning: urllib3 v2 only supports OpenSSL 1.1.1+, currently the 'ssl' module is compiled with 'LibreSSL 2.8.3'. See: https://github.com/urllib3/urllib3/issues/3020
  warnings.warn(
[deck_writer] NB: deck emailed (NB_PITCH_DECK_20260823.pdf)
[deck_writer] backfill: 0 courted name(s) without a deck: []
[court_runner] 2026-08-23T21:26:26Z
  NB COURT_BLUE: reject (no primary citation (http) anywhere in the output) — immediate retry
  NB COURT_BLUE -> ADJUDICATE (NB_COURT_BLUE_202608232106.md)
  LZB REFUTABILITY -> COURT_RED (LZB_REFUTABILITY_202608232116.md)
  CRSR REFUTABILITY -> COURT_RED (CRSR_REFUTABILITY_202608232122.md)
  APPS REFUTABILITY -> KILLED (APPS_REFUTABILITY_202608232126.md)
  AWAITING ADJUDICATION (session job — pitch doc + verdict + wiring): ['HUT', 'SNDL', 'DFH', 'BCYC', 'NB', 'TRDA', 'GPK']
account updates for ACCOUNT_ALPHA request timed out
account updates for ACCOUNT_BETA request timed out
Error 1102, reqId -1: Connectivity between IBKR and Trader Workstation has been restored - data maintained. The following farms are connected: usfarm; secdefnj. The following farms are not connected: ushmds.
/Users/ajay/Library/Python/3.9/lib/python/site-packages/urllib3/__init__.py:35: NotOpenSSLWarning: urllib3 v2 only supports OpenSSL 1.1.1+, currently the 'ssl' module is compiled with 'LibreSSL 2.8.3'. See: https://github.com/urllib3/urllib3/issues/3020
  warnings.warn(
[deck_writer] backfill: 0 courted name(s) without a deck: []
[court_runner] 2026-08-24T07:52:21Z
  LZB COURT_RED: 1 kg_candidate(s) harvested
  LZB COURT_RED -> COURT_BLUE (LZB_COURT_RED_202608240737.md)
  CRSR COURT_RED: 1 kg_candidate(s) harvested
  CRSR COURT_RED -> COURT_BLUE (CRSR_COURT_RED_202608240744.md)
  ORGO REFUTABILITY -> KILLED (ORGO_REFUTABILITY_202608240748.md)
  AREC REFUTABILITY -> KILLED (AREC_REFUTABILITY_202608240752.md)
  AWAITING ADJUDICATION (session job — pitch doc + verdict + wiring): ['HUT', 'SNDL', 'DFH', 'BCYC', 'NB', 'TRDA', 'GPK']

===== 2026-08-24 01:39 (desk) =====
[court_runner] 2026-08-24T08:39:06Z
  HYGIENE evicted=['OWL', 'CG', 'KKR', 'BX', 'ARES', 'BAM', 'CBRS', 'TTMI', 'AAOI', 'KEP', 'FPS', 'KTOS', 'RKT', 'XPEV', 'SOFI', 'STLA', 'CPNG', 'SYM', 'BE', 'QXO', 'LI', 'HDB'] flagged=0
  INFRA FAILURE (not-logged-in) — aborting the whole drain (every dispatch would fail; no validator-reject rows written)

/Users/ajay/Library/Python/3.9/lib/python/site-packages/urllib3/__init__.py:35: NotOpenSSLWarning: urllib3 v2 only supports OpenSSL 1.1.1+, currently the 'ssl' module is compiled with 'LibreSSL 2.8.3'. See: https://github.com/urllib3/urllib3/issues/3020
  warnings.warn(
/Users/ajay/Library/Python/3.9/lib/python/site-packages/urllib3/__init__.py:35: NotOpenSSLWarning: urllib3 v2 only supports OpenSSL 1.1.1+, currently the 'ssl' module is compiled with 'LibreSSL 2.8.3'. See: https://github.com/urllib3/urllib3/issues/3020
  warnings.warn(
[deck_writer] LZB: deck emailed (LZB_PITCH_DECK_20260824.pdf)
[deck_writer] CRSR: deck emailed (CRSR_PITCH_DECK_20260824.pdf)
[deck_writer] backfill: 0 courted name(s) without a deck: []
[court_runner] 2026-08-24T09:21:50Z
  LZB COURT_BLUE -> ADJUDICATE (LZB_COURT_BLUE_202608240855.md)
  CRSR COURT_BLUE: reject (missing BLUE BENCH header / RED CASE ruling) — immediate retry
  CRSR COURT_BLUE: 1 kg_candidate(s) harvested
  CRSR COURT_BLUE -> ADJUDICATE (CRSR_COURT_BLUE_202608240907.md)
  NAGE REFUTABILITY -> ADJUDICATE (NAGE_REFUTABILITY_202608240916.md)
  EYPT REFUTABILITY -> ADJUDICATE (EYPT_REFUTABILITY_202608240921.md)
  AWAITING ADJUDICATION (session job — pitch doc + verdict + wiring): ['HUT', 'SNDL', 'DFH', 'BCYC', 'NB', 'TRDA', 'GPK', 'LZB', 'CRSR', 'NAGE', 'EYPT']
/Users/ajay/Library/Python/3.9/lib/python/site-packages/urllib3/__init__.py:35: NotOpenSSLWarning: urllib3 v2 only supports OpenSSL 1.1.1+, currently the 'ssl' module is compiled with 'LibreSSL 2.8.3'. See: https://github.com/urllib3/urllib3/issues/3020
  warnings.warn(

===== 2026-08-24 03:34 (desk) =====
[court_runner] 2026-08-24T10:34:22Z
  INFRA FAILURE (not-logged-in) — aborting the whole drain (every dispatch would fail; no validator-reject rows written)

/Users/ajay/Library/Python/3.9/lib/python/site-packages/urllib3/__init__.py:35: NotOpenSSLWarning: urllib3 v2 only supports OpenSSL 1.1.1+, currently the 'ssl' module is compiled with 'LibreSSL 2.8.3'. See: https://github.com/urllib3/urllib3/issues/3020
  warnings.warn(
[deck_writer] backfill: 0 courted name(s) without a deck: []
[court_runner] 2026-08-24T10:44:23Z
  NRDY REFUTABILITY -> ADJUDICATE (NRDY_REFUTABILITY_202608241027.md)
  AVEX REFUTABILITY -> KILLED (AVEX_REFUTABILITY_202608241035.md)
  FLO REFUTABILITY -> KILLED (FLO_REFUTABILITY_202608241040.md)
  FCEL REFUTABILITY -> KILLED (FCEL_REFUTABILITY_202608241044.md)
  AWAITING ADJUDICATION (session job — pitch doc + verdict + wiring): ['HUT', 'SNDL', 'DFH', 'BCYC', 'NB', 'TRDA', 'GPK', 'LZB', 'CRSR', 'NAGE', 'EYPT', 'NRDY']
/Users/ajay/Library/Python/3.9/lib/python/site-packages/urllib3/__init__.py:35: NotOpenSSLWarning: urllib3 v2 only supports OpenSSL 1.1.1+, currently the 'ssl' module is compiled with 'LibreSSL 2.8.3'. See: https://github.com/urllib3/urllib3/issues/3020
  warnings.warn(
[deck_writer] backfill: 0 courted name(s) without a deck: []
[court_runner] 2026-08-24T12:02:33Z
  ARQQ REFUTABILITY -> KILLED (ARQQ_REFUTABILITY_202608241147.md)
  KDK REFUTABILITY -> KILLED (KDK_REFUTABILITY_202608241152.md)
  SLDP REFUTABILITY -> COURT_RED (SLDP_REFUTABILITY_202608241156.md)
  TRX REFUTABILITY -> COURT_RED (TRX_REFUTABILITY_202608241202.md)
  AWAITING ADJUDICATION (session job — pitch doc + verdict + wiring): ['HUT', 'SNDL', 'DFH', 'BCYC', 'NB', 'TRDA', 'GPK', 'LZB', 'CRSR', 'NAGE', 'EYPT', 'NRDY']

===== 2026-08-24 05:34 (desk) =====
[court_runner] 2026-08-24T12:34:38Z
  HYGIENE evicted=['CBRS', 'TTMI', 'AAOI', 'KEP', 'FPS', 'KTOS', 'RKT', 'CPNG', 'LI', 'QXO', 'BE', 'IESC', 'HDB', 'NKE', 'PSKY'] flagged=0
  INFRA FAILURE (not-logged-in) — aborting the whole drain (every dispatch would fail; no validator-reject rows written)

/Users/ajay/Library/Python/3.9/lib/python/site-packages/urllib3/__init__.py:35: NotOpenSSLWarning: urllib3 v2 only supports OpenSSL 1.1.1+, currently the 'ssl' module is compiled with 'LibreSSL 2.8.3'. See: https://github.com/urllib3/urllib3/issues/3020
  warnings.warn(
/Users/ajay/Library/Python/3.9/lib/python/site-packages/urllib3/__init__.py:35: NotOpenSSLWarning: urllib3 v2 only supports OpenSSL 1.1.1+, currently the 'ssl' module is compiled with 'LibreSSL 2.8.3'. See: https://github.com/urllib3/urllib3/issues/3020
  warnings.warn(
[deck_writer] backfill: 0 courted name(s) without a deck: []
[court_runner] 2026-08-24T13:23:15Z
  HYGIENE evicted=['OWL', 'CG', 'KKR', 'BX', 'ARES', 'BAM'] flagged=0
  SLDP COURT_RED: 1 kg_candidate(s) harvested
  SLDP COURT_RED -> COURT_BLUE (SLDP_COURT_RED_202608241306.md)
  TRX COURT_RED: 1 kg_candidate(s) harvested
  TRX COURT_RED -> COURT_BLUE (TRX_COURT_RED_202608241311.md)
  WGS REFUTABILITY -> KILLED (WGS_REFUTABILITY_202608241317.md)
  BLZE REFUTABILITY -> COURT_RED (BLZE_REFUTABILITY_202608241323.md)
  AWAITING ADJUDICATION (session job — pitch doc + verdict + wiring): ['HUT', 'SNDL', 'DFH', 'BCYC', 'NB', 'TRDA', 'GPK', 'LZB', 'CRSR', 'NAGE', 'EYPT', 'NRDY']
/Users/ajay/Library/Python/3.9/lib/python/site-packages/urllib3/__init__.py:35: NotOpenSSLWarning: urllib3 v2 only supports OpenSSL 1.1.1+, currently the 'ssl' module is compiled with 'LibreSSL 2.8.3'. See: https://github.com/urllib3/urllib3/issues/3020
  warnings.warn(

===== 2026-08-24 07:35 (desk) =====
[court_runner] 2026-08-24T14:35:11Z
  INFRA FAILURE (not-logged-in) — aborting the whole drain (every dispatch would fail; no validator-reject rows written)

/Users/ajay/Library/Python/3.9/lib/python/site-packages/urllib3/__init__.py:35: NotOpenSSLWarning: urllib3 v2 only supports OpenSSL 1.1.1+, currently the 'ssl' module is compiled with 'LibreSSL 2.8.3'. See: https://github.com/urllib3/urllib3/issues/3020
  warnings.warn(
[deck_writer] SLDP: deck emailed (SLDP_PITCH_DECK_20260824.pdf)
[deck_writer] TRX: deck emailed (TRX_PITCH_DECK_20260824.pdf)
[deck_writer] backfill: 0 courted name(s) without a deck: []
[court_runner] 2026-08-24T14:57:42Z
  SLDP COURT_BLUE: 1 kg_candidate(s) harvested
  SLDP COURT_BLUE -> ADJUDICATE (SLDP_COURT_BLUE_202608241427.md)
  TRX COURT_BLUE: reject (missing BLUE BENCH header / RED CASE ruling) — immediate retry
  TRX COURT_BLUE: 1 kg_candidate(s) harvested
  TRX COURT_BLUE -> ADJUDICATE (TRX_COURT_BLUE_202608241439.md)
  BLZE COURT_RED: reject (no primary citation (http) anywhere in the output) — immediate retry
  BLZE COURT_RED: 1 kg_candidate(s) harvested
  BLZE COURT_RED -> COURT_BLUE (BLZE_COURT_RED_202608241451.md)
  FSLY REFUTABILITY -> COURT_RED (FSLY_REFUTABILITY_202608241457.md)
  AWAITING ADJUDICATION (session job — pitch doc + verdict + wiring): ['HUT', 'SNDL', 'DFH', 'BCYC', 'NB', 'TRDA', 'GPK', 'LZB', 'CRSR', 'NAGE', 'EYPT', 'NRDY', 'SLDP', 'TRX']
positions request timed out
account updates for ACCOUNT_ALPHA request timed out
account updates for ACCOUNT_BETA request timed out
/Users/ajay/Library/Python/3.9/lib/python/site-packages/urllib3/__init__.py:35: NotOpenSSLWarning: urllib3 v2 only supports OpenSSL 1.1.1+, currently the 'ssl' module is compiled with 'LibreSSL 2.8.3'. See: https://github.com/urllib3/urllib3/issues/3020
  warnings.warn(
positions request timed out
account updates for ACCOUNT_ALPHA request timed out
account updates for ACCOUNT_BETA request timed out
positions request timed out
account updates for ACCOUNT_ALPHA request timed out
account updates for ACCOUNT_BETA request timed out
[deck_writer] BLZE: deck emailed (BLZE_PITCH_DECK_20260824.pdf)
[deck_writer] backfill: 0 courted name(s) without a deck: []
[court_runner] 2026-08-24T16:22:47Z
  BLZE COURT_BLUE: 1 kg_candidate(s) harvested
  BLZE COURT_BLUE -> ADJUDICATE (BLZE_COURT_BLUE_202608241601.md)
  FSLY COURT_RED: 1 kg_candidate(s) harvested
  FSLY COURT_RED -> COURT_BLUE (FSLY_COURT_RED_202608241612.md)
  UCTT REFUTABILITY -> COURT_RED (UCTT_REFUTABILITY_202608241618.md)
  TROO REFUTABILITY -> KILLED (TROO_REFUTABILITY_202608241622.md)
  AWAITING ADJUDICATION (session job — pitch doc + verdict + wiring): ['HUT', 'SNDL', 'DFH', 'BCYC', 'NB', 'TRDA', 'GPK', 'LZB', 'CRSR', 'NAGE', 'EYPT', 'NRDY', 'SLDP', 'TRX', 'BLZE']

===== 2026-08-24 09:35 (desk) =====
[court_runner] 2026-08-24T16:35:35Z
  INFRA FAILURE (not-logged-in) — aborting the whole drain (every dispatch would fail; no validator-reject rows written)

/Users/ajay/Library/Python/3.9/lib/python/site-packages/urllib3/__init__.py:35: NotOpenSSLWarning: urllib3 v2 only supports OpenSSL 1.1.1+, currently the 'ssl' module is compiled with 'LibreSSL 2.8.3'. See: https://github.com/urllib3/urllib3/issues/3020
  warnings.warn(
/Users/ajay/Library/Python/3.9/lib/python/site-packages/urllib3/__init__.py:35: NotOpenSSLWarning: urllib3 v2 only supports OpenSSL 1.1.1+, currently the 'ssl' module is compiled with 'LibreSSL 2.8.3'. See: https://github.com/urllib3/urllib3/issues/3020
  warnings.warn(
[deck_writer] FSLY: deck emailed (FSLY_PITCH_DECK_20260824.pdf)
[deck_writer] backfill: 0 courted name(s) without a deck: []
[court_runner] 2026-08-24T17:45:33Z
  FSLY COURT_BLUE: 1 kg_candidate(s) harvested
  FSLY COURT_BLUE -> ADJUDICATE (FSLY_COURT_BLUE_202608241726.md)
  UCTT COURT_RED: 1 kg_candidate(s) harvested
  UCTT COURT_RED -> COURT_BLUE (UCTT_COURT_RED_202608241735.md)
  EBS REFUTABILITY -> COURT_RED (EBS_REFUTABILITY_202608241740.md)
  CTEV REFUTABILITY -> ADJUDICATE (CTEV_REFUTABILITY_202608241745.md)
  AWAITING ADJUDICATION (session job — pitch doc + verdict + wiring): ['CTEV']

===== 2026-08-24 11:35 (desk) =====
[court_runner] 2026-08-24T18:35:38Z
  INFRA FAILURE (not-logged-in) — aborting the whole drain (every dispatch would fail; no validator-reject rows written)

/Users/ajay/Library/Python/3.9/lib/python/site-packages/urllib3/__init__.py:35: NotOpenSSLWarning: urllib3 v2 only supports OpenSSL 1.1.1+, currently the 'ssl' module is compiled with 'LibreSSL 2.8.3'. See: https://github.com/urllib3/urllib3/issues/3020
  warnings.warn(
/Users/ajay/Library/Python/3.9/lib/python/site-packages/urllib3/__init__.py:35: NotOpenSSLWarning: urllib3 v2 only supports OpenSSL 1.1.1+, currently the 'ssl' module is compiled with 'LibreSSL 2.8.3'. See: https://github.com/urllib3/urllib3/issues/3020
  warnings.warn(
[deck_writer] UCTT: deck emailed (UCTT_PITCH_DECK_20260824.pdf)
[deck_writer] backfill: 0 courted name(s) without a deck: []
[court_runner] 2026-08-24T19:13:20Z
  UCTT COURT_BLUE: reject (missing BLUE BENCH header / RED CASE ruling) — immediate retry
  UCTT COURT_BLUE: 1 kg_candidate(s) harvested
  UCTT COURT_BLUE -> ADJUDICATE (UCTT_COURT_BLUE_202608241850.md)
  EBS COURT_RED: 1 kg_candidate(s) harvested
  EBS COURT_RED -> COURT_BLUE (EBS_COURT_RED_202608241902.md)
  RDW REFUTABILITY -> ADJUDICATE (RDW_REFUTABILITY_202608241909.md)
  RXST REFUTABILITY -> COURT_RED (RXST_REFUTABILITY_202608241913.md)
  AWAITING ADJUDICATION (session job — pitch doc + verdict + wiring): ['UCTT', 'CTEV', 'RDW']
/Users/ajay/Library/Python/3.9/lib/python/site-packages/urllib3/__init__.py:35: NotOpenSSLWarning: urllib3 v2 only supports OpenSSL 1.1.1+, currently the 'ssl' module is compiled with 'LibreSSL 2.8.3'. See: https://github.com/urllib3/urllib3/issues/3020
  warnings.warn(

===== 2026-08-24 13:38 (desk) =====
[court_runner] 2026-08-24T20:38:37Z
  INFRA FAILURE (not-logged-in) — aborting the whole drain (every dispatch would fail; no validator-reject rows written)

/Users/ajay/Library/Python/3.9/lib/python/site-packages/urllib3/__init__.py:35: NotOpenSSLWarning: urllib3 v2 only supports OpenSSL 1.1.1+, currently the 'ssl' module is compiled with 'LibreSSL 2.8.3'. See: https://github.com/urllib3/urllib3/issues/3020
  warnings.warn(
[deck_writer] EBS: deck emailed (EBS_PITCH_DECK_20260824.pdf)
[deck_writer] backfill: 0 courted name(s) without a deck: []
[court_runner] 2026-08-24T20:43:28Z
  EBS COURT_BLUE: 1 kg_candidate(s) harvested
  EBS COURT_BLUE -> ADJUDICATE (EBS_COURT_BLUE_202608242017.md)
  RXST COURT_RED: reject (no primary citation (http) anywhere in the output) — immediate retry
  RXST COURT_RED: 1 kg_candidate(s) harvested
  RXST COURT_RED -> COURT_BLUE (RXST_COURT_RED_202608242031.md)
  USAR REFUTABILITY -> COURT_RED (USAR_REFUTABILITY_202608242037.md)
  SLSR REFUTABILITY -> COURT_RED (SLSR_REFUTABILITY_202608242043.md)
  AWAITING ADJUDICATION (session job — pitch doc + verdict + wiring): ['UCTT', 'EBS', 'CTEV', 'RDW']
/Users/ajay/Library/Python/3.9/lib/python/site-packages/urllib3/__init__.py:35: NotOpenSSLWarning: urllib3 v2 only supports OpenSSL 1.1.1+, currently the 'ssl' module is compiled with 'LibreSSL 2.8.3'. See: https://github.com/urllib3/urllib3/issues/3020
  warnings.warn(
[deck_writer] RXST: deck emailed (RXST_PITCH_DECK_20260824.pdf)
[deck_writer] backfill: 0 courted name(s) without a deck: []
[court_runner] 2026-08-24T22:09:55Z
  RXST COURT_BLUE -> ADJUDICATE (RXST_COURT_BLUE_202608242147.md)
  USAR COURT_RED: 1 kg_candidate(s) harvested
  USAR COURT_RED -> COURT_BLUE (USAR_COURT_RED_202608242201.md)
  SLSR COURT_RED: 1 kg_candidate(s) harvested
  SLSR COURT_RED -> COURT_BLUE (SLSR_COURT_RED_202608242205.md)
  JBI REFUTABILITY -> ADJUDICATE (JBI_REFUTABILITY_202608242209.md)
  AWAITING ADJUDICATION (session job — pitch doc + verdict + wiring): ['UCTT', 'EBS', 'CTEV', 'RDW', 'RXST', 'JBI']

===== 2026-08-24 15:35 (desk) =====
[court_runner] 2026-08-24T22:35:15Z
  INFRA FAILURE (not-logged-in) — aborting the whole drain (every dispatch would fail; no validator-reject rows written)

/Users/ajay/Library/Python/3.9/lib/python/site-packages/urllib3/__init__.py:35: NotOpenSSLWarning: urllib3 v2 only supports OpenSSL 1.1.1+, currently the 'ssl' module is compiled with 'LibreSSL 2.8.3'. See: https://github.com/urllib3/urllib3/issues/3020
  warnings.warn(
/Users/ajay/Library/Python/3.9/lib/python/site-packages/urllib3/__init__.py:35: NotOpenSSLWarning: urllib3 v2 only supports OpenSSL 1.1.1+, currently the 'ssl' module is compiled with 'LibreSSL 2.8.3'. See: https://github.com/urllib3/urllib3/issues/3020
  warnings.warn(
[deck_writer] USAR: deck emailed (USAR_PITCH_DECK_20260824.pdf)
[deck_writer] SLSR: deck emailed (SLSR_PITCH_DECK_20260824.pdf)
[deck_writer] backfill: 0 courted name(s) without a deck: []
[court_runner] 2026-08-24T23:36:10Z
  USAR COURT_BLUE: 1 kg_candidate(s) harvested
  USAR COURT_BLUE -> ADJUDICATE (USAR_COURT_BLUE_202608242314.md)
  SLSR COURT_BLUE: 1 kg_candidate(s) harvested
  SLSR COURT_BLUE -> ADJUDICATE (SLSR_COURT_BLUE_202608242323.md)
  PXED REFUTABILITY -> ADJUDICATE (PXED_REFUTABILITY_202608242332.md)
  AAP REFUTABILITY -> ADJUDICATE (AAP_REFUTABILITY_202608242336.md)
  AWAITING ADJUDICATION (session job — pitch doc + verdict + wiring): ['UCTT', 'EBS', 'CTEV', 'RDW', 'RXST', 'USAR', 'SLSR', 'JBI', 'PXED', 'AAP']
/Users/ajay/Library/Python/3.9/lib/python/site-packages/urllib3/__init__.py:35: NotOpenSSLWarning: urllib3 v2 only supports OpenSSL 1.1.1+, currently the 'ssl' module is compiled with 'LibreSSL 2.8.3'. See: https://github.com/urllib3/urllib3/issues/3020
  warnings.warn(

===== 2026-08-24 17:40 (desk) =====
[court_runner] 2026-08-25T00:40:10Z
  INFRA FAILURE (not-logged-in) — aborting the whole drain (every dispatch would fail; no validator-reject rows written)

/Users/ajay/Library/Python/3.9/lib/python/site-packages/urllib3/__init__.py:35: NotOpenSSLWarning: urllib3 v2 only supports OpenSSL 1.1.1+, currently the 'ssl' module is compiled with 'LibreSSL 2.8.3'. See: https://github.com/urllib3/urllib3/issues/3020
  warnings.warn(
Error 1102, reqId -1: Connectivity between IBKR and Trader Workstation has been restored - data maintained. All data farms are connected: usfarm; ushmds; secdefnj.
RGTIW: No earnings dates found, symbol may be delisted
[deck_writer] backfill: 0 courted name(s) without a deck: []
[court_runner] 2026-08-25T01:06:00Z
  CYD REFUTABILITY -> COURT_RED (CYD_REFUTABILITY_202608250042.md)
  WOLF REFUTABILITY: reject (no COURT-WORTHINESS N/10 line (required for the automated 6/10 gate, v2 template)) — immediate retry
  WOLF REFUTABILITY -> KILLED (WOLF_REFUTABILITY_202608250053.md)
  YSS REFUTABILITY -> COURT_RED (YSS_REFUTABILITY_202608250057.md)
  RGTIW REFUTABILITY -> KILLED (RGTIW_REFUTABILITY_202608250105.md)
  AWAITING ADJUDICATION (session job — pitch doc + verdict + wiring): ['UCTT', 'EBS', 'CTEV', 'RDW', 'RXST', 'USAR', 'SLSR', 'JBI', 'PXED', 'AAP']
positions request timed out
account updates for ACCOUNT_ALPHA request timed out
account updates for ACCOUNT_BETA request timed out
/Users/ajay/Library/Python/3.9/lib/python/site-packages/urllib3/__init__.py:35: NotOpenSSLWarning: urllib3 v2 only supports OpenSSL 1.1.1+, currently the 'ssl' module is compiled with 'LibreSSL 2.8.3'. See: https://github.com/urllib3/urllib3/issues/3020
  warnings.warn(
positions request timed out
account updates for ACCOUNT_ALPHA request timed out
account updates for ACCOUNT_BETA request timed out
positions request timed out
account updates for ACCOUNT_ALPHA request timed out
account updates for ACCOUNT_BETA request timed out
HTTP Error 404: {"quoteSummary":{"result":null,"error":{"code":"Not Found","description":"Quote not found for symbol: FIGURE TECHNOLOGY SOLUTIONS, INC."}}}
HTTP Error 404: {"quoteSummary":{"result":null,"error":{"code":"Not Found","description":"Quote not found for symbol: FIGURE TECHNOLOGY SOLUTIONS, INC."}}}
positions request timed out
account updates for ACCOUNT_ALPHA request timed out
account updates for ACCOUNT_BETA request timed out
[deck_writer] backfill: 0 courted name(s) without a deck: []
[court_runner] 2026-08-25T02:33:16Z
  CYD COURT_RED: 1 kg_candidate(s) harvested
  CYD COURT_RED -> COURT_BLUE (CYD_COURT_RED_202608250210.md)
  YSS COURT_RED: 1 kg_candidate(s) harvested
  YSS COURT_RED -> COURT_BLUE (YSS_COURT_RED_202608250217.md)
  FIGR COURT_RED: 2 kg_candidate(s) harvested
  FIGR COURT_RED -> COURT_BLUE (FIGR_COURT_RED_202608250226.md)
  AMRC REFUTABILITY -> COURT_RED (AMRC_REFUTABILITY_202608250233.md)
  AWAITING ADJUDICATION (session job — pitch doc + verdict + wiring): ['UCTT', 'EBS', 'CTEV', 'RDW', 'RXST', 'USAR', 'SLSR', 'JBI', 'PXED', 'AAP']

===== 2026-08-24 19:40 (desk) =====
[court_runner] 2026-08-25T02:40:57Z
  INFRA FAILURE (not-logged-in) — aborting the whole drain (every dispatch would fail; no validator-reject rows written)

positions request timed out
account updates for ACCOUNT_ALPHA request timed out
account updates for ACCOUNT_BETA request timed out
/Users/ajay/Library/Python/3.9/lib/python/site-packages/urllib3/__init__.py:35: NotOpenSSLWarning: urllib3 v2 only supports OpenSSL 1.1.1+, currently the 'ssl' module is compiled with 'LibreSSL 2.8.3'. See: https://github.com/urllib3/urllib3/issues/3020
  warnings.warn(
/Users/ajay/Library/Python/3.9/lib/python/site-packages/urllib3/__init__.py:35: NotOpenSSLWarning: urllib3 v2 only supports OpenSSL 1.1.1+, currently the 'ssl' module is compiled with 'LibreSSL 2.8.3'. See: https://github.com/urllib3/urllib3/issues/3020
  warnings.warn(
[deck_writer] CYD: deck emailed (CYD_PITCH_DECK_20260824.pdf)
[deck_writer] YSS: deck emailed (YSS_PITCH_DECK_20260824.pdf)
[deck_writer] FIGR: deck emailed (FIGR_PITCH_DECK_20260824.pdf)
[deck_writer] backfill: 0 courted name(s) without a deck: []
[court_runner] 2026-08-25T04:08:44Z
  CYD COURT_BLUE: reject (missing BLUE BENCH header / RED CASE ruling) — immediate retry
  CYD COURT_BLUE: 1 kg_candidate(s) harvested
  CYD COURT_BLUE -> ADJUDICATE (CYD_COURT_BLUE_202608250342.md)
  YSS COURT_BLUE -> ADJUDICATE (YSS_COURT_BLUE_202608250351.md)
  FIGR COURT_BLUE: PACK-MISQUOTE WARN (SUPERSESSION-DECLARED (verify, not a fabrication flag) — pct_off_low: bench quotes +18.6 vs pack +60.3)
  FIGR COURT_BLUE: 1 kg_candidate(s) harvested
  FIGR COURT_BLUE -> ADJUDICATE (FIGR_COURT_BLUE_202608250358.md)
  AMRC COURT_RED: 2 kg_candidate(s) harvested
  AMRC COURT_RED -> COURT_BLUE (AMRC_COURT_RED_202608250408.md)
  AWAITING ADJUDICATION (session job — pitch doc + verdict + wiring): ['UCTT', 'EBS', 'CTEV', 'RDW', 'RXST', 'USAR', 'SLSR', 'JBI', 'PXED', 'AAP', 'CYD', 'YSS', 'FIGR']

===== 2026-08-24 21:40 (desk) =====
[court_runner] 2026-08-25T04:40:56Z
  INFRA FAILURE (not-logged-in) — aborting the whole drain (every dispatch would fail; no validator-reject rows written)

positions request timed out
account updates for ACCOUNT_ALPHA request timed out
account updates for ACCOUNT_BETA request timed out
/Users/ajay/Library/Python/3.9/lib/python/site-packages/urllib3/__init__.py:35: NotOpenSSLWarning: urllib3 v2 only supports OpenSSL 1.1.1+, currently the 'ssl' module is compiled with 'LibreSSL 2.8.3'. See: https://github.com/urllib3/urllib3/issues/3020
  warnings.warn(
positions request timed out
account updates for ACCOUNT_ALPHA request timed out
account updates for ACCOUNT_BETA request timed out
/Users/ajay/Library/Python/3.9/lib/python/site-packages/urllib3/__init__.py:35: NotOpenSSLWarning: urllib3 v2 only supports OpenSSL 1.1.1+, currently the 'ssl' module is compiled with 'LibreSSL 2.8.3'. See: https://github.com/urllib3/urllib3/issues/3020
  warnings.warn(
positions request timed out
account updates for ACCOUNT_ALPHA request timed out
account updates for ACCOUNT_BETA request timed out
positions request timed out
account updates for ACCOUNT_ALPHA request timed out
account updates for ACCOUNT_BETA request timed out
[deck_writer] AMRC: deck emailed (AMRC_PITCH_DECK_20260824.pdf)
[deck_writer] backfill: 0 courted name(s) without a deck: []
[court_runner] 2026-08-25T05:33:20Z
  AMRC COURT_BLUE: 2 kg_candidate(s) harvested
  AMRC COURT_BLUE -> ADJUDICATE (AMRC_COURT_BLUE_202608250513.md)
  SMMT REFUTABILITY -> COURT_RED (SMMT_REFUTABILITY_202608250521.md)
  ACDC REFUTABILITY -> ADJUDICATE (ACDC_REFUTABILITY_202608250527.md)
  NTGR REFUTABILITY -> COURT_RED (NTGR_REFUTABILITY_202608250533.md)
  AWAITING ADJUDICATION (session job — pitch doc + verdict + wiring): ['UCTT', 'EBS', 'CTEV', 'RDW', 'RXST', 'USAR', 'SLSR', 'JBI', 'PXED', 'AAP', 'CYD', 'YSS', 'AMRC', 'ACDC', 'FIGR']
/Users/ajay/Library/Python/3.9/lib/python/site-packages/urllib3/__init__.py:35: NotOpenSSLWarning: urllib3 v2 only supports OpenSSL 1.1.1+, currently the 'ssl' module is compiled with 'LibreSSL 2.8.3'. See: https://github.com/urllib3/urllib3/issues/3020
  warnings.warn(

===== 2026-08-24 23:40 (desk) =====
[court_runner] 2026-08-25T06:40:15Z
  INFRA FAILURE (not-logged-in) — aborting the whole drain (every dispatch would fail; no validator-reject rows written)

/Users/ajay/Library/Python/3.9/lib/python/site-packages/urllib3/__init__.py:35: NotOpenSSLWarning: urllib3 v2 only supports OpenSSL 1.1.1+, currently the 'ssl' module is compiled with 'LibreSSL 2.8.3'. See: https://github.com/urllib3/urllib3/issues/3020
  warnings.warn(
[deck_writer] CUV.AX: deck emailed (CUV_AX_PITCH_DECK_20260824.pdf)
[deck_writer] backfill: 0 courted name(s) without a deck: []
[court_runner] 2026-08-25T06:57:48Z
  CUV.AX COURT_BLUE: 2 kg_candidate(s) harvested
  CUV.AX COURT_BLUE -> ADJUDICATE (CUV_AX_COURT_BLUE_202608250638.md)
  CORZ COURT_RED: 2 kg_candidate(s) harvested
  CORZ COURT_RED -> COURT_BLUE (CORZ_COURT_RED_202608250645.md)
  KRMN COURT_RED: 2 kg_candidate(s) harvested
  KRMN COURT_RED -> COURT_BLUE (KRMN_COURT_RED_202608250652.md)
  ONT COURT_RED: 1 kg_candidate(s) harvested
  ONT COURT_RED -> COURT_BLUE (ONT_COURT_RED_202608250657.md)
  AWAITING ADJUDICATION (session job — pitch doc + verdict + wiring): ['UCTT', 'EBS', 'CTEV', 'RDW', 'RXST', 'USAR', 'SLSR', 'JBI', 'PXED', 'AAP', 'CYD', 'YSS', 'AMRC', 'SMMT', 'ACDC', 'NTGR', 'FIGR', 'CUV.AX']
/Users/ajay/Library/Python/3.9/lib/python/site-packages/urllib3/__init__.py:35: NotOpenSSLWarning: urllib3 v2 only supports OpenSSL 1.1.1+, currently the 'ssl' module is compiled with 'LibreSSL 2.8.3'. See: https://github.com/urllib3/urllib3/issues/3020
  warnings.warn(
[deck_writer] CORZ: deck emailed (CORZ_PITCH_DECK_20260825.pdf)
[deck_writer] KRMN: deck emailed (KRMN_PITCH_DECK_20260825.pdf)
[deck_writer] ONT: deck emailed (ONT_PITCH_DECK_20260825.pdf)
[deck_writer] backfill: 0 courted name(s) without a deck: []
[court_runner] 2026-08-25T08:38:02Z
  CORZ COURT_BLUE: 2 kg_candidate(s) harvested
  CORZ COURT_BLUE -> ADJUDICATE (CORZ_COURT_BLUE_202608250803.md)
  KRMN COURT_BLUE: reject (missing BLUE BENCH header / RED CASE ruling) — immediate retry
  KRMN COURT_BLUE: 2 kg_candidate(s) harvested
  KRMN COURT_BLUE -> ADJUDICATE (KRMN_COURT_BLUE_202608250813.md)
  ONT COURT_BLUE: reject (missing BLUE BENCH header / RED CASE ruling) — immediate retry
  ONT COURT_BLUE: 1 kg_candidate(s) harvested
  ONT COURT_BLUE -> ADJUDICATE (ONT_COURT_BLUE_202608250825.md)
  CTEV COURT_RED: 2 kg_candidate(s) harvested
  CTEV COURT_RED -> COURT_BLUE (CTEV_COURT_RED_202608250838.md)
  AWAITING ADJUDICATION (session job — pitch doc + verdict + wiring): ['CORZ', 'KRMN', 'ONT']

===== 2026-08-25 01:40 (desk) =====
[court_runner] 2026-08-25T08:40:12Z
  INFRA FAILURE (not-logged-in) — aborting the whole drain (every dispatch would fail; no validator-reject rows written)

/Users/ajay/Library/Python/3.9/lib/python/site-packages/urllib3/__init__.py:35: NotOpenSSLWarning: urllib3 v2 only supports OpenSSL 1.1.1+, currently the 'ssl' module is compiled with 'LibreSSL 2.8.3'. See: https://github.com/urllib3/urllib3/issues/3020
  warnings.warn(
/Users/ajay/Library/Python/3.9/lib/python/site-packages/urllib3/__init__.py:35: NotOpenSSLWarning: urllib3 v2 only supports OpenSSL 1.1.1+, currently the 'ssl' module is compiled with 'LibreSSL 2.8.3'. See: https://github.com/urllib3/urllib3/issues/3020
  warnings.warn(
[deck_writer] backfill: 0 courted name(s) without a deck: []
[court_runner] 2026-08-25T10:13:13Z
  HYGIENE evicted=['KEP', 'XPEV', 'SOFI', 'RKT', 'STLA', 'FN', 'SYM', 'CPNG', 'LI', 'QXO', 'HDB'] flagged=0
  CTEV COURT_BLUE: reject (missing BLUE BENCH header / RED CASE ruling) — immediate retry
  CTEV COURT_BLUE: VALIDATOR REJECTED (missing BLUE BENCH header / RED CASE ruling) — output not persisted to queue
  RDW COURT_RED: 1 kg_candidate(s) harvested
  RDW COURT_RED -> COURT_BLUE (RDW_COURT_RED_202608250951.md)
  JBI COURT_RED: 1 kg_candidate(s) harvested
  JBI COURT_RED -> COURT_BLUE (JBI_COURT_RED_202608250959.md)
  PXED COURT_RED: 1 kg_candidate(s) harvested
  PXED COURT_RED -> COURT_BLUE (PXED_COURT_RED_202608251007.md)
  AAP COURT_RED: 2 kg_candidate(s) harvested
  AAP COURT_RED -> COURT_BLUE (AAP_COURT_RED_202608251013.md)
  AWAITING ADJUDICATION (session job — pitch doc + verdict + wiring): ['CORZ', 'KRMN', 'ONT']

===== 2026-08-25 03:40 (desk) =====
[court_runner] 2026-08-25T10:40:10Z
  INFRA FAILURE (not-logged-in) — aborting the whole drain (every dispatch would fail; no validator-reject rows written)

/Users/ajay/Library/Python/3.9/lib/python/site-packages/urllib3/__init__.py:35: NotOpenSSLWarning: urllib3 v2 only supports OpenSSL 1.1.1+, currently the 'ssl' module is compiled with 'LibreSSL 2.8.3'. See: https://github.com/urllib3/urllib3/issues/3020
  warnings.warn(
/Users/ajay/Library/Python/3.9/lib/python/site-packages/urllib3/__init__.py:35: NotOpenSSLWarning: urllib3 v2 only supports OpenSSL 1.1.1+, currently the 'ssl' module is compiled with 'LibreSSL 2.8.3'. See: https://github.com/urllib3/urllib3/issues/3020
  warnings.warn(
[deck_writer] CTEV: deck emailed (CTEV_PITCH_DECK_20260825.pdf)
[deck_writer] RDW: deck emailed (RDW_PITCH_DECK_20260825.pdf)
[deck_writer] JBI: deck emailed (JBI_PITCH_DECK_20260825.pdf)
[deck_writer] PXED: deck emailed (PXED_PITCH_DECK_20260825.pdf)
[deck_writer] backfill: 0 courted name(s) without a deck: []
[court_runner] 2026-08-25T11:46:53Z
  CTEV COURT_BLUE: 1 kg_candidate(s) harvested
  CTEV COURT_BLUE -> ADJUDICATE (CTEV_COURT_BLUE_202608251116.md)
  RDW COURT_BLUE: 1 kg_candidate(s) harvested
  RDW COURT_BLUE -> ADJUDICATE (RDW_COURT_BLUE_202608251124.md)
  JBI COURT_BLUE: 1 kg_candidate(s) harvested
  JBI COURT_BLUE -> ADJUDICATE (JBI_COURT_BLUE_202608251134.md)
  PXED COURT_BLUE: 2 kg_candidate(s) harvested
  PXED COURT_BLUE -> ADJUDICATE (PXED_COURT_BLUE_202608251143.md)
  AWAITING ADJUDICATION (session job — pitch doc + verdict + wiring): ['CTEV', 'RDW', 'JBI', 'PXED', 'CORZ', 'KRMN', 'ONT']

===== 2026-08-25 05:40 (desk) =====
[court_runner] 2026-08-25T12:40:11Z
  HYGIENE evicted=['QNT', 'KEP', 'XPEV', 'SOFI', 'RKT', 'STLA', 'FN', 'SYM', 'CPNG', 'LI', 'QXO', 'HDB', 'CIEN'] flagged=0
  INFRA FAILURE (not-logged-in) — aborting the whole drain (every dispatch would fail; no validator-reject rows written)

/Users/ajay/Library/Python/3.9/lib/python/site-packages/urllib3/__init__.py:35: NotOpenSSLWarning: urllib3 v2 only supports OpenSSL 1.1.1+, currently the 'ssl' module is compiled with 'LibreSSL 2.8.3'. See: https://github.com/urllib3/urllib3/issues/3020
  warnings.warn(
/Users/ajay/Library/Python/3.9/lib/python/site-packages/urllib3/__init__.py:35: NotOpenSSLWarning: urllib3 v2 only supports OpenSSL 1.1.1+, currently the 'ssl' module is compiled with 'LibreSSL 2.8.3'. See: https://github.com/urllib3/urllib3/issues/3020
  warnings.warn(
[deck_writer] AAP: deck emailed (AAP_PITCH_DECK_20260825.pdf)
[deck_writer] backfill: 0 courted name(s) without a deck: []
[court_runner] 2026-08-25T13:16:10Z
  AAP COURT_BLUE: reject (missing BLUE BENCH header / RED CASE ruling) — immediate retry
  AAP COURT_BLUE: 1 kg_candidate(s) harvested
  AAP COURT_BLUE -> ADJUDICATE (AAP_COURT_BLUE_202608251254.md)
  ACDC COURT_RED: 2 kg_candidate(s) harvested
  ACDC COURT_RED -> COURT_BLUE (ACDC_COURT_RED_202608251304.md)
  TE REFUTABILITY -> KILLED (TE_REFUTABILITY_202608251311.md)
  ELA REFUTABILITY -> ADJUDICATE (ELA_REFUTABILITY_202608251316.md)
  AWAITING ADJUDICATION (session job — pitch doc + verdict + wiring): ['CTEV', 'RDW', 'JBI', 'PXED', 'AAP', 'CORZ', 'KRMN', 'ONT', 'ELA']
/Users/ajay/Library/Python/3.9/lib/python/site-packages/urllib3/__init__.py:35: NotOpenSSLWarning: urllib3 v2 only supports OpenSSL 1.1.1+, currently the 'ssl' module is compiled with 'LibreSSL 2.8.3'. See: https://github.com/urllib3/urllib3/issues/3020
  warnings.warn(

===== 2026-08-25 07:40 (desk) =====
[court_runner] 2026-08-25T14:40:14Z
  INFRA FAILURE (not-logged-in) — aborting the whole drain (every dispatch would fail; no validator-reject rows written)

/Users/ajay/Library/Python/3.9/lib/python/site-packages/urllib3/__init__.py:35: NotOpenSSLWarning: urllib3 v2 only supports OpenSSL 1.1.1+, currently the 'ssl' module is compiled with 'LibreSSL 2.8.3'. See: https://github.com/urllib3/urllib3/issues/3020
  warnings.warn(
[deck_writer] ACDC: deck emailed (ACDC_PITCH_DECK_20260825.pdf)
[deck_writer] backfill: 0 courted name(s) without a deck: []
[court_runner] 2026-08-25T14:41:18Z
  ACDC COURT_BLUE: 1 kg_candidate(s) harvested
  ACDC COURT_BLUE -> ADJUDICATE (ACDC_COURT_BLUE_202608251419.md)
  ALOY REFUTABILITY -> KILLED (ALOY_REFUTABILITY_202608251428.md)
  ALT REFUTABILITY -> COURT_RED (ALT_REFUTABILITY_202608251435.md)
  LBRT REFUTABILITY -> COURT_RED (LBRT_REFUTABILITY_202608251441.md)
  AWAITING ADJUDICATION (session job — pitch doc + verdict + wiring): ['CTEV', 'RDW', 'JBI', 'PXED', 'AAP', 'ACDC', 'CORZ', 'KRMN', 'ONT', 'ELA']
/Users/ajay/Library/Python/3.9/lib/python/site-packages/urllib3/__init__.py:35: NotOpenSSLWarning: urllib3 v2 only supports OpenSSL 1.1.1+, currently the 'ssl' module is compiled with 'LibreSSL 2.8.3'. See: https://github.com/urllib3/urllib3/issues/3020
  warnings.warn(
[deck_writer] backfill: 0 courted name(s) without a deck: []
[court_runner] 2026-08-25T16:08:08Z
  ALT COURT_RED: 1 kg_candidate(s) harvested
  ALT COURT_RED -> COURT_BLUE (ALT_COURT_RED_202608251549.md)
  LBRT COURT_RED: 2 kg_candidate(s) harvested
  LBRT COURT_RED -> COURT_BLUE (LBRT_COURT_RED_202608251555.md)
  AADX REFUTABILITY -> ADJUDICATE (AADX_REFUTABILITY_202608251600.md)
  EROC REFUTABILITY -> COURT_RED (EROC_REFUTABILITY_202608251608.md)
  AWAITING ADJUDICATION (session job — pitch doc + verdict + wiring): ['CTEV', 'RDW', 'JBI', 'PXED', 'AAP', 'ACDC', 'CORZ', 'KRMN', 'ONT', 'ELA', 'AADX']

===== 2026-08-25 09:40 (desk) =====
[court_runner] 2026-08-25T16:40:57Z
  INFRA FAILURE (not-logged-in) — aborting the whole drain (every dispatch would fail; no validator-reject rows written)

positions request timed out
account updates for ACCOUNT_ALPHA request timed out
account updates for ACCOUNT_BETA request timed out
/Users/ajay/Library/Python/3.9/lib/python/site-packages/urllib3/__init__.py:35: NotOpenSSLWarning: urllib3 v2 only supports OpenSSL 1.1.1+, currently the 'ssl' module is compiled with 'LibreSSL 2.8.3'. See: https://github.com/urllib3/urllib3/issues/3020
  warnings.warn(
positions request timed out
account updates for ACCOUNT_ALPHA request timed out
account updates for ACCOUNT_BETA request timed out
/Users/ajay/Library/Python/3.9/lib/python/site-packages/urllib3/__init__.py:35: NotOpenSSLWarning: urllib3 v2 only supports OpenSSL 1.1.1+, currently the 'ssl' module is compiled with 'LibreSSL 2.8.3'. See: https://github.com/urllib3/urllib3/issues/3020
  warnings.warn(
positions request timed out
account updates for ACCOUNT_ALPHA request timed out
account updates for ACCOUNT_BETA request timed out
positions request timed out
account updates for ACCOUNT_ALPHA request timed out
account updates for ACCOUNT_BETA request timed out
positions request timed out
account updates for ACCOUNT_ALPHA request timed out
account updates for ACCOUNT_BETA request timed out
positions request timed out
account updates for ACCOUNT_ALPHA request timed out
account updates for ACCOUNT_BETA request timed out
positions request timed out
account updates for ACCOUNT_ALPHA request timed out
account updates for ACCOUNT_BETA request timed out
[deck_writer] ALT: deck emailed (ALT_PITCH_DECK_20260825.pdf)
[deck_writer] LBRT: deck emailed (LBRT_PITCH_DECK_20260825.pdf)
[deck_writer] backfill: 0 courted name(s) without a deck: []
[court_runner] 2026-08-25T17:39:23Z
  ALT COURT_BLUE: reject (missing BLUE BENCH header / RED CASE ruling) — immediate retry
  ALT COURT_BLUE: 1 kg_candidate(s) harvested
  ALT COURT_BLUE -> ADJUDICATE (ALT_COURT_BLUE_202608251715.md)
  LBRT COURT_BLUE: 1 kg_candidate(s) harvested
  LBRT COURT_BLUE -> ADJUDICATE (LBRT_COURT_BLUE_202608251723.md)
  EROC COURT_RED: 1 kg_candidate(s) harvested
  EROC COURT_RED -> COURT_BLUE (EROC_COURT_RED_202608251734.md)
  MOVE REFUTABILITY -> ADJUDICATE (MOVE_REFUTABILITY_202608251739.md)
  AWAITING ADJUDICATION (session job — pitch doc + verdict + wiring): ['CTEV', 'RDW', 'JBI', 'PXED', 'AAP', 'ACDC', 'CORZ', 'KRMN', 'ONT', 'ELA', 'ALT', 'LBRT', 'AADX', 'MOVE']
/Users/ajay/Library/Python/3.9/lib/python/site-packages/urllib3/__init__.py:35: NotOpenSSLWarning: urllib3 v2 only supports OpenSSL 1.1.1+, currently the 'ssl' module is compiled with 'LibreSSL 2.8.3'. See: https://github.com/urllib3/urllib3/issues/3020
  warnings.warn(

===== 2026-08-25 11:40 (desk) =====
[court_runner] 2026-08-25T18:40:10Z
  INFRA FAILURE (not-logged-in) — aborting the whole drain (every dispatch would fail; no validator-reject rows written)

/Users/ajay/Library/Python/3.9/lib/python/site-packages/urllib3/__init__.py:35: NotOpenSSLWarning: urllib3 v2 only supports OpenSSL 1.1.1+, currently the 'ssl' module is compiled with 'LibreSSL 2.8.3'. See: https://github.com/urllib3/urllib3/issues/3020
  warnings.warn(
[deck_writer] EROC: deck emailed (EROC_PITCH_DECK_20260825.pdf)
[deck_writer] backfill: 0 courted name(s) without a deck: []
[court_runner] 2026-08-25T19:06:30Z
  EROC COURT_BLUE: 1 kg_candidate(s) harvested
  EROC COURT_BLUE -> ADJUDICATE (EROC_COURT_BLUE_202608251844.md)
  LXEO REFUTABILITY -> COURT_RED (LXEO_REFUTABILITY_202608251854.md)
  PWP REFUTABILITY -> COURT_RED (PWP_REFUTABILITY_202608251901.md)
  ESRT REFUTABILITY -> COURT_RED (ESRT_REFUTABILITY_202608251906.md)
  AWAITING ADJUDICATION (session job — pitch doc + verdict + wiring): ['CTEV', 'RDW', 'JBI', 'PXED', 'AAP', 'ACDC', 'CORZ', 'KRMN', 'ONT', 'ELA', 'ALT', 'LBRT', 'AADX', 'EROC', 'MOVE']
/Users/ajay/Library/Python/3.9/lib/python/site-packages/urllib3/__init__.py:35: NotOpenSSLWarning: urllib3 v2 only supports OpenSSL 1.1.1+, currently the 'ssl' module is compiled with 'LibreSSL 2.8.3'. See: https://github.com/urllib3/urllib3/issues/3020
  warnings.warn(
[deck_writer] backfill: 0 courted name(s) without a deck: []
[court_runner] 2026-08-25T20:39:56Z
  LXEO COURT_RED: reject (no primary citation (http) anywhere in the output) — immediate retry
  LXEO COURT_RED: 1 kg_candidate(s) harvested
  LXEO COURT_RED -> COURT_BLUE (LXEO_COURT_RED_202608252017.md)
  PWP COURT_RED: 2 kg_candidate(s) harvested
  PWP COURT_RED -> COURT_BLUE (PWP_COURT_RED_202608252022.md)
  ESRT COURT_RED: 1 kg_candidate(s) harvested
  ESRT COURT_RED -> COURT_BLUE (ESRT_COURT_RED_202608252028.md)
  WLTH REFUTABILITY -> ADJUDICATE (WLTH_REFUTABILITY_202608252039.md)
  AWAITING ADJUDICATION (session job — pitch doc + verdict + wiring): ['CTEV', 'RDW', 'JBI', 'PXED', 'AAP', 'ACDC', 'CORZ', 'KRMN', 'ONT', 'ELA', 'ALT', 'LBRT', 'AADX', 'EROC', 'MOVE', 'WLTH']

===== 2026-08-25 13:40 (desk) =====
[court_runner] 2026-08-25T20:40:11Z
  INFRA FAILURE (not-logged-in) — aborting the whole drain (every dispatch would fail; no validator-reject rows written)

/Users/ajay/Library/Python/3.9/lib/python/site-packages/urllib3/__init__.py:35: NotOpenSSLWarning: urllib3 v2 only supports OpenSSL 1.1.1+, currently the 'ssl' module is compiled with 'LibreSSL 2.8.3'. See: https://github.com/urllib3/urllib3/issues/3020
  warnings.warn(
/Users/ajay/Library/Python/3.9/lib/python/site-packages/urllib3/__init__.py:35: NotOpenSSLWarning: urllib3 v2 only supports OpenSSL 1.1.1+, currently the 'ssl' module is compiled with 'LibreSSL 2.8.3'. See: https://github.com/urllib3/urllib3/issues/3020
  warnings.warn(
[deck_writer] LXEO: deck emailed (LXEO_PITCH_DECK_20260825.pdf)
[deck_writer] PWP: deck emailed (PWP_PITCH_DECK_20260825.pdf)
[deck_writer] ESRT: deck emailed (ESRT_PITCH_DECK_20260825.pdf)
[deck_writer] backfill: 0 courted name(s) without a deck: []
[court_runner] 2026-08-25T22:18:30Z
  LXEO COURT_BLUE: reject (missing BLUE BENCH header / RED CASE ruling) — immediate retry
  LXEO COURT_BLUE: 1 kg_candidate(s) harvested
  LXEO COURT_BLUE -> ADJUDICATE (LXEO_COURT_BLUE_202608252148.md)
  PWP COURT_BLUE: reject (no primary citation (http) anywhere in the output) — immediate retry
  PWP COURT_BLUE: 1 kg_candidate(s) harvested
  PWP COURT_BLUE -> ADJUDICATE (PWP_COURT_BLUE_202608252200.md)
  ESRT COURT_BLUE: 1 kg_candidate(s) harvested
  ESRT COURT_BLUE -> ADJUDICATE (ESRT_COURT_BLUE_202608252210.md)
  CIGI REFUTABILITY -> COURT_RED (CIGI_REFUTABILITY_202608252218.md)
  AWAITING ADJUDICATION (session job — pitch doc + verdict + wiring): ['CTEV', 'RDW', 'JBI', 'PXED', 'AAP', 'ACDC', 'CORZ', 'KRMN', 'ONT', 'ELA', 'ALT', 'LBRT', 'AADX', 'EROC', 'MOVE', 'LXEO', 'PWP', 'ESRT', 'WLTH']

===== 2026-08-25 15:40 (desk) =====
[court_runner] 2026-08-25T22:40:20Z
  INFRA FAILURE (not-logged-in) — aborting the whole drain (every dispatch would fail; no validator-reject rows written)

/Users/ajay/Library/Python/3.9/lib/python/site-packages/urllib3/__init__.py:35: NotOpenSSLWarning: urllib3 v2 only supports OpenSSL 1.1.1+, currently the 'ssl' module is compiled with 'LibreSSL 2.8.3'. See: https://github.com/urllib3/urllib3/issues/3020
  warnings.warn(
/Users/ajay/Library/Python/3.9/lib/python/site-packages/urllib3/__init__.py:35: NotOpenSSLWarning: urllib3 v2 only supports OpenSSL 1.1.1+, currently the 'ssl' module is compiled with 'LibreSSL 2.8.3'. See: https://github.com/urllib3/urllib3/issues/3020
  warnings.warn(
LIMN: No earnings dates found, symbol may be delisted
[deck_writer] backfill: 0 courted name(s) without a deck: []
[court_runner] 2026-08-25T23:46:52Z
  CIGI COURT_RED: reject (no primary citation (http) anywhere in the output) — immediate retry
  CIGI COURT_RED: 2 kg_candidate(s) harvested
  CIGI COURT_RED -> COURT_BLUE (CIGI_COURT_RED_202608252326.md)
  SHAZ REFUTABILITY -> ADJUDICATE (SHAZ_REFUTABILITY_202608252334.md)
  CAN REFUTABILITY -> ADJUDICATE (CAN_REFUTABILITY_202608252341.md)
  LIMN REFUTABILITY -> KILLED (LIMN_REFUTABILITY_202608252346.md)
  AWAITING ADJUDICATION (session job — pitch doc + verdict + wiring): ['CTEV', 'RDW', 'JBI', 'PXED', 'AAP', 'ACDC', 'CORZ', 'KRMN', 'ONT', 'ELA', 'ALT', 'LBRT', 'AADX', 'EROC', 'MOVE', 'LXEO', 'PWP', 'ESRT', 'WLTH', 'SHAZ', 'CAN']

===== 2026-08-25 17:40 (desk) =====
[court_runner] 2026-08-26T00:40:13Z
  INFRA FAILURE (not-logged-in) — aborting the whole drain (every dispatch would fail; no validator-reject rows written)

/Users/ajay/Library/Python/3.9/lib/python/site-packages/urllib3/__init__.py:35: NotOpenSSLWarning: urllib3 v2 only supports OpenSSL 1.1.1+, currently the 'ssl' module is compiled with 'LibreSSL 2.8.3'. See: https://github.com/urllib3/urllib3/issues/3020
  warnings.warn(
/Users/ajay/Library/Python/3.9/lib/python/site-packages/urllib3/__init__.py:35: NotOpenSSLWarning: urllib3 v2 only supports OpenSSL 1.1.1+, currently the 'ssl' module is compiled with 'LibreSSL 2.8.3'. See: https://github.com/urllib3/urllib3/issues/3020
  warnings.warn(
[deck_writer] CIGI: deck emailed (CIGI_PITCH_DECK_20260825.pdf)
[deck_writer] backfill: 0 courted name(s) without a deck: []
[court_runner] 2026-08-26T01:09:37Z
  CIGI COURT_BLUE: 2 kg_candidate(s) harvested
  CIGI COURT_BLUE -> ADJUDICATE (CIGI_COURT_BLUE_202608260051.md)
  FUFU REFUTABILITY -> KILLED (FUFU_REFUTABILITY_202608260100.md)
  NUAI REFUTABILITY -> KILLED (NUAI_REFUTABILITY_202608260105.md)
  ALLO REFUTABILITY -> KILLED (ALLO_REFUTABILITY_202608260109.md)
  AWAITING ADJUDICATION (session job — pitch doc + verdict + wiring): ['CTEV', 'RDW', 'JBI', 'PXED', 'AAP', 'ACDC', 'CORZ', 'KRMN', 'ONT', 'ELA', 'ALT', 'LBRT', 'AADX', 'EROC', 'MOVE', 'LXEO', 'PWP', 'ESRT', 'WLTH', 'CIGI', 'SHAZ', 'CAN']
/Users/ajay/Library/Python/3.9/lib/python/site-packages/urllib3/__init__.py:35: NotOpenSSLWarning: urllib3 v2 only supports OpenSSL 1.1.1+, currently the 'ssl' module is compiled with 'LibreSSL 2.8.3'. See: https://github.com/urllib3/urllib3/issues/3020
  warnings.warn(
[deck_writer] backfill: 0 courted name(s) without a deck: []
[court_runner] 2026-08-26T02:29:50Z
  TTI REFUTABILITY -> COURT_RED (TTI_REFUTABILITY_202608260214.md)
  LUMN REFUTABILITY -> COURT_RED (LUMN_REFUTABILITY_202608260218.md)
  VICR REFUTABILITY -> COURT_RED (VICR_REFUTABILITY_202608260223.md)
  XCH REFUTABILITY -> KILLED (XCH_REFUTABILITY_202608260229.md)
  AWAITING ADJUDICATION (session job — pitch doc + verdict + wiring): ['CTEV', 'RDW', 'JBI', 'PXED', 'AAP', 'ACDC', 'CORZ', 'KRMN', 'ONT', 'ELA', 'ALT', 'LBRT', 'AADX', 'EROC', 'MOVE', 'LXEO', 'PWP', 'ESRT', 'WLTH', 'CIGI', 'SHAZ', 'CAN']

===== 2026-08-25 19:40 (desk) =====
[court_runner] 2026-08-26T02:40:16Z
  INFRA FAILURE (not-logged-in) — aborting the whole drain (every dispatch would fail; no validator-reject rows written)

/Users/ajay/Library/Python/3.9/lib/python/site-packages/urllib3/__init__.py:35: NotOpenSSLWarning: urllib3 v2 only supports OpenSSL 1.1.1+, currently the 'ssl' module is compiled with 'LibreSSL 2.8.3'. See: https://github.com/urllib3/urllib3/issues/3020
  warnings.warn(
/Users/ajay/Library/Python/3.9/lib/python/site-packages/urllib3/__init__.py:35: NotOpenSSLWarning: urllib3 v2 only supports OpenSSL 1.1.1+, currently the 'ssl' module is compiled with 'LibreSSL 2.8.3'. See: https://github.com/urllib3/urllib3/issues/3020
  warnings.warn(
[deck_writer] backfill: 0 courted name(s) without a deck: []
[court_runner] 2026-08-26T03:54:57Z
  TTI COURT_RED: 2 kg_candidate(s) harvested
  TTI COURT_RED -> COURT_BLUE (TTI_COURT_RED_202608260334.md)
  LUMN COURT_RED: 1 kg_candidate(s) harvested
  LUMN COURT_RED -> COURT_BLUE (LUMN_COURT_RED_202608260340.md)
  VICR COURT_RED: 1 kg_candidate(s) harvested
  VICR COURT_RED -> COURT_BLUE (VICR_COURT_RED_202608260349.md)
  USNA REFUTABILITY -> COURT_RED (USNA_REFUTABILITY_202608260354.md)
  AWAITING ADJUDICATION (session job — pitch doc + verdict + wiring): ['CTEV', 'RDW', 'JBI', 'PXED', 'AAP', 'ACDC', 'CORZ', 'KRMN', 'ONT', 'ELA', 'ALT', 'LBRT', 'AADX', 'EROC', 'MOVE', 'LXEO', 'PWP', 'ESRT', 'WLTH', 'CIGI', 'SHAZ', 'CAN']

===== 2026-08-25 21:37 (desk) =====
[court_runner] 2026-08-26T04:37:43Z
  INFRA FAILURE (not-logged-in) — aborting the whole drain (every dispatch would fail; no validator-reject rows written)

/Users/ajay/Library/Python/3.9/lib/python/site-packages/urllib3/__init__.py:35: NotOpenSSLWarning: urllib3 v2 only supports OpenSSL 1.1.1+, currently the 'ssl' module is compiled with 'LibreSSL 2.8.3'. See: https://github.com/urllib3/urllib3/issues/3020
  warnings.warn(
/Users/ajay/Library/Python/3.9/lib/python/site-packages/urllib3/__init__.py:35: NotOpenSSLWarning: urllib3 v2 only supports OpenSSL 1.1.1+, currently the 'ssl' module is compiled with 'LibreSSL 2.8.3'. See: https://github.com/urllib3/urllib3/issues/3020
  warnings.warn(
[deck_writer] TTI: deck emailed (TTI_PITCH_DECK_20260825.pdf)
[deck_writer] LUMN: deck emailed (LUMN_PITCH_DECK_20260825.pdf)
[deck_writer] backfill: 0 courted name(s) without a deck: []
[court_runner] 2026-08-26T05:34:10Z
  TTI COURT_BLUE: 1 kg_candidate(s) harvested
  TTI COURT_BLUE -> ADJUDICATE (TTI_COURT_BLUE_202608260459.md)
  LUMN COURT_BLUE: reject (missing BLUE BENCH header / RED CASE ruling) — immediate retry
  LUMN COURT_BLUE -> ADJUDICATE (LUMN_COURT_BLUE_202608260511.md)
  VICR COURT_BLUE: reject (missing BLUE BENCH header / RED CASE ruling) — immediate retry
  VICR COURT_BLUE: VALIDATOR REJECTED (missing BLUE BENCH header / RED CASE ruling) — output not persisted to queue
  USNA COURT_RED: 3 kg_candidate(s) harvested
  USNA COURT_RED -> COURT_BLUE (USNA_COURT_RED_202608260527.md)
  BBAR REFUTABILITY -> COURT_RED (BBAR_REFUTABILITY_202608260534.md)
  AWAITING ADJUDICATION (session job — pitch doc + verdict + wiring): ['CTEV', 'RDW', 'JBI', 'PXED', 'AAP', 'ACDC', 'LBRT', 'EROC', 'LXEO', 'PWP', 'ESRT', 'CIGI', 'TTI', 'LUMN']
positions request timed out
account updates for ACCOUNT_ALPHA request timed out
account updates for ACCOUNT_BETA request timed out
/Users/ajay/Library/Python/3.9/lib/python/site-packages/urllib3/__init__.py:35: NotOpenSSLWarning: urllib3 v2 only supports OpenSSL 1.1.1+, currently the 'ssl' module is compiled with 'LibreSSL 2.8.3'. See: https://github.com/urllib3/urllib3/issues/3020
  warnings.warn(

===== 2026-08-25 23:37 (desk) =====
[court_runner] 2026-08-26T06:37:51Z
  INFRA FAILURE (not-logged-in) — aborting the whole drain (every dispatch would fail; no validator-reject rows written)

positions request timed out
account updates for ACCOUNT_ALPHA request timed out
account updates for ACCOUNT_BETA request timed out
/Users/ajay/Library/Python/3.9/lib/python/site-packages/urllib3/__init__.py:35: NotOpenSSLWarning: urllib3 v2 only supports OpenSSL 1.1.1+, currently the 'ssl' module is compiled with 'LibreSSL 2.8.3'. See: https://github.com/urllib3/urllib3/issues/3020
  warnings.warn(
positions request timed out
account updates for ACCOUNT_ALPHA request timed out
account updates for ACCOUNT_BETA request timed out
[deck_writer] VICR: deck emailed (VICR_PITCH_DECK_20260825.pdf)
[deck_writer] USNA: deck emailed (USNA_PITCH_DECK_20260825.pdf)
[deck_writer] backfill: 0 courted name(s) without a deck: []
[court_runner] 2026-08-26T07:01:34Z
  VICR COURT_BLUE: 1 kg_candidate(s) harvested
  VICR COURT_BLUE -> ADJUDICATE (VICR_COURT_BLUE_202608260639.md)
  USNA COURT_BLUE: 2 kg_candidate(s) harvested
  USNA COURT_BLUE -> ADJUDICATE (USNA_COURT_BLUE_202608260647.md)
  BBAR COURT_RED: 1 kg_candidate(s) harvested
  BBAR COURT_RED -> COURT_BLUE (BBAR_COURT_RED_202608260656.md)
  KD REFUTABILITY -> KILLED (KD_REFUTABILITY_202608260701.md)
  AWAITING ADJUDICATION (session job — pitch doc + verdict + wiring): ['VICR', 'USNA']
/Users/ajay/Library/Python/3.9/lib/python/site-packages/urllib3/__init__.py:35: NotOpenSSLWarning: urllib3 v2 only supports OpenSSL 1.1.1+, currently the 'ssl' module is compiled with 'LibreSSL 2.8.3'. See: https://github.com/urllib3/urllib3/issues/3020
  warnings.warn(
[deck_writer] BBAR: deck emailed (BBAR_PITCH_DECK_20260826.pdf)
[deck_writer] backfill: 0 courted name(s) without a deck: []
[court_runner] 2026-08-26T08:27:54Z
  BBAR COURT_BLUE: reject (missing BLUE BENCH header / RED CASE ruling) — immediate retry
  BBAR COURT_BLUE: 1 kg_candidate(s) harvested
  BBAR COURT_BLUE -> ADJUDICATE (BBAR_COURT_BLUE_202608260810.md)
  DQ REFUTABILITY -> ADJUDICATE (DQ_REFUTABILITY_202608260818.md)
  MIR REFUTABILITY -> COURT_RED (MIR_REFUTABILITY_202608260824.md)
  QS REFUTABILITY -> KILLED (QS_REFUTABILITY_202608260827.md)
  AWAITING ADJUDICATION (session job — pitch doc + verdict + wiring): ['VICR', 'BBAR', 'DQ']

===== 2026-08-26 01:37 (desk) =====
[court_runner] 2026-08-26T08:37:10Z
  INFRA FAILURE (not-logged-in) — aborting the whole drain (every dispatch would fail; no validator-reject rows written)

/Users/ajay/Library/Python/3.9/lib/python/site-packages/urllib3/__init__.py:35: NotOpenSSLWarning: urllib3 v2 only supports OpenSSL 1.1.1+, currently the 'ssl' module is compiled with 'LibreSSL 2.8.3'. See: https://github.com/urllib3/urllib3/issues/3020
  warnings.warn(
/Users/ajay/Library/Python/3.9/lib/python/site-packages/urllib3/__init__.py:35: NotOpenSSLWarning: urllib3 v2 only supports OpenSSL 1.1.1+, currently the 'ssl' module is compiled with 'LibreSSL 2.8.3'. See: https://github.com/urllib3/urllib3/issues/3020
  warnings.warn(
[deck_writer] backfill: 0 courted name(s) without a deck: []
[court_runner] 2026-08-26T09:52:07Z
  MIR COURT_RED: 1 kg_candidate(s) harvested
  MIR COURT_RED -> COURT_BLUE (MIR_COURT_RED_202608260934.md)
  FLNC REFUTABILITY -> COURT_RED (FLNC_REFUTABILITY_202608260943.md)
  HYMC REFUTABILITY -> KILLED (HYMC_REFUTABILITY_202608260947.md)
  NVTS REFUTABILITY -> KILLED (NVTS_REFUTABILITY_202608260952.md)
  AWAITING ADJUDICATION (session job — pitch doc + verdict + wiring): ['VICR', 'BBAR', 'DQ']

===== 2026-08-26 03:40 (desk) =====
[court_runner] 2026-08-26T10:40:54Z
  HYGIENE evicted=['DKS', 'KEP', 'XPEV', 'SOFI', 'STLA', 'RKT', 'LI', 'SYM', 'FN', 'CPNG', 'NKE'] flagged=0
  INFRA FAILURE (not-logged-in) — aborting the whole drain (every dispatch would fail; no validator-reject rows written)

/Users/ajay/Library/Python/3.9/lib/python/site-packages/urllib3/__init__.py:35: NotOpenSSLWarning: urllib3 v2 only supports OpenSSL 1.1.1+, currently the 'ssl' module is compiled with 'LibreSSL 2.8.3'. See: https://github.com/urllib3/urllib3/issues/3020
  warnings.warn(
/Users/ajay/Library/Python/3.9/lib/python/site-packages/urllib3/__init__.py:35: NotOpenSSLWarning: urllib3 v2 only supports OpenSSL 1.1.1+, currently the 'ssl' module is compiled with 'LibreSSL 2.8.3'. See: https://github.com/urllib3/urllib3/issues/3020
  warnings.warn(
[deck_writer] MIR: deck emailed (MIR_PITCH_DECK_20260826.pdf)
[deck_writer] backfill: 0 courted name(s) without a deck: []
[court_runner] 2026-08-26T11:16:13Z
  MIR COURT_BLUE: 1 kg_candidate(s) harvested
  MIR COURT_BLUE -> ADJUDICATE (MIR_COURT_BLUE_202608261056.md)
  FLNC COURT_RED: 1 kg_candidate(s) harvested
  FLNC COURT_RED -> COURT_BLUE (FLNC_COURT_RED_202608261105.md)
  AMPX REFUTABILITY -> COURT_RED (AMPX_REFUTABILITY_202608261110.md)
  ARRY REFUTABILITY -> COURT_RED (ARRY_REFUTABILITY_202608261116.md)
  AWAITING ADJUDICATION (session job — pitch doc + verdict + wiring): ['VICR', 'BBAR', 'DQ', 'MIR']
/Users/ajay/Library/Python/3.9/lib/python/site-packages/urllib3/__init__.py:35: NotOpenSSLWarning: urllib3 v2 only supports OpenSSL 1.1.1+, currently the 'ssl' module is compiled with 'LibreSSL 2.8.3'. See: https://github.com/urllib3/urllib3/issues/3020
  warnings.warn(

===== 2026-08-26 05:37 (desk) =====
[court_runner] 2026-08-26T12:37:04Z
  HYGIENE evicted=['DKS', 'KEP', 'XPEV', 'SOFI', 'STLA', 'RKT', 'LI', 'SYM', 'FN', 'CPNG', 'HDB', 'NKE', 'QXO'] flagged=0
  INFRA FAILURE (not-logged-in) — aborting the whole drain (every dispatch would fail; no validator-reject rows written)

/Users/ajay/Library/Python/3.9/lib/python/site-packages/urllib3/__init__.py:35: NotOpenSSLWarning: urllib3 v2 only supports OpenSSL 1.1.1+, currently the 'ssl' module is compiled with 'LibreSSL 2.8.3'. See: https://github.com/urllib3/urllib3/issues/3020
  warnings.warn(
[deck_writer] FLNC: deck emailed (FLNC_PITCH_DECK_20260826.pdf)
[deck_writer] backfill: 0 courted name(s) without a deck: []
[court_runner] 2026-08-26T12:44:43Z
  FLNC COURT_BLUE: reject (missing BLUE BENCH header / RED CASE ruling) — immediate retry
  FLNC COURT_BLUE: 1 kg_candidate(s) harvested
  FLNC COURT_BLUE -> ADJUDICATE (FLNC_COURT_BLUE_202608261223.md)
  AMPX COURT_RED: 2 kg_candidate(s) harvested
  AMPX COURT_RED -> COURT_BLUE (AMPX_COURT_RED_202608261234.md)
  ARRY COURT_RED: 1 kg_candidate(s) harvested
  ARRY COURT_RED -> COURT_BLUE (ARRY_COURT_RED_202608261239.md)
  BMBL REFUTABILITY -> COURT_RED (BMBL_REFUTABILITY_202608261244.md)
  AWAITING ADJUDICATION (session job — pitch doc + verdict + wiring): ['VICR', 'BBAR', 'DQ', 'MIR', 'FLNC']
/Users/ajay/Library/Python/3.9/lib/python/site-packages/urllib3/__init__.py:35: NotOpenSSLWarning: urllib3 v2 only supports OpenSSL 1.1.1+, currently the 'ssl' module is compiled with 'LibreSSL 2.8.3'. See: https://github.com/urllib3/urllib3/issues/3020
  warnings.warn(
Error 200, reqId 4: No security definition has been found for the request, contract: Contract(conId=729193737, exchange='SMART')
GRML: No earnings dates found, symbol may be delisted
[deck_writer] AMPX: deck emailed (AMPX_PITCH_DECK_20260826.pdf)
[deck_writer] ARRY: deck emailed (ARRY_PITCH_DECK_20260826.pdf)
[deck_writer] backfill: 0 courted name(s) without a deck: []
[court_runner] 2026-08-26T14:20:15Z
  AMPX COURT_BLUE -> ADJUDICATE (AMPX_COURT_BLUE_202608261349.md)
  ARRY COURT_BLUE -> ADJUDICATE (ARRY_COURT_BLUE_202608261356.md)
  BMBL COURT_RED: 2 kg_candidate(s) harvested
  BMBL COURT_RED -> COURT_BLUE (BMBL_COURT_RED_202608261407.md)
  GRML REFUTABILITY: reject (no COURT-WORTHINESS N/10 line (required for the automated 6/10 gate, v2 template)) — immediate retry
  GRML REFUTABILITY -> ADJUDICATE (GRML_REFUTABILITY_202608261420.md)
  AWAITING ADJUDICATION (session job — pitch doc + verdict + wiring): ['VICR', 'BBAR', 'DQ', 'MIR', 'FLNC', 'AMPX', 'ARRY', 'GRML']

===== 2026-08-26 07:37 (desk) =====
[court_runner] 2026-08-26T14:37:25Z
  INFRA FAILURE (not-logged-in) — aborting the whole drain (every dispatch would fail; no validator-reject rows written)

/Users/ajay/Library/Python/3.9/lib/python/site-packages/urllib3/__init__.py:35: NotOpenSSLWarning: urllib3 v2 only supports OpenSSL 1.1.1+, currently the 'ssl' module is compiled with 'LibreSSL 2.8.3'. See: https://github.com/urllib3/urllib3/issues/3020
  warnings.warn(
/Users/ajay/Library/Python/3.9/lib/python/site-packages/urllib3/__init__.py:35: NotOpenSSLWarning: urllib3 v2 only supports OpenSSL 1.1.1+, currently the 'ssl' module is compiled with 'LibreSSL 2.8.3'. See: https://github.com/urllib3/urllib3/issues/3020
  warnings.warn(
[deck_writer] BMBL: deck emailed (BMBL_PITCH_DECK_20260826.pdf)
[deck_writer] backfill: 0 courted name(s) without a deck: []
[court_runner] 2026-08-26T15:43:16Z
  BMBL COURT_BLUE: 1 kg_candidate(s) harvested
  BMBL COURT_BLUE -> ADJUDICATE (BMBL_COURT_BLUE_202608261524.md)
  AAOI REFUTABILITY -> KILLED (AAOI_REFUTABILITY_202608261533.md)
  UMAC REFUTABILITY -> ADJUDICATE (UMAC_REFUTABILITY_202608261537.md)
  NN REFUTABILITY -> KILLED (NN_REFUTABILITY_202608261543.md)
  AWAITING ADJUDICATION (session job — pitch doc + verdict + wiring): ['VICR', 'BBAR', 'DQ', 'MIR', 'FLNC', 'AMPX', 'ARRY', 'BMBL', 'GRML', 'UMAC']

===== 2026-08-26 09:37 (desk) =====
[court_runner] 2026-08-26T16:37:41Z
  INFRA FAILURE (not-logged-in) — aborting the whole drain (every dispatch would fail; no validator-reject rows written)

/Users/ajay/Library/Python/3.9/lib/python/site-packages/urllib3/__init__.py:35: NotOpenSSLWarning: urllib3 v2 only supports OpenSSL 1.1.1+, currently the 'ssl' module is compiled with 'LibreSSL 2.8.3'. See: https://github.com/urllib3/urllib3/issues/3020
  warnings.warn(
/Users/ajay/Library/Python/3.9/lib/python/site-packages/urllib3/__init__.py:35: NotOpenSSLWarning: urllib3 v2 only supports OpenSSL 1.1.1+, currently the 'ssl' module is compiled with 'LibreSSL 2.8.3'. See: https://github.com/urllib3/urllib3/issues/3020
  warnings.warn(
Error 200, reqId 4: No security definition has been found for the request, contract: Contract(conId=689982377, exchange='SMART')
[deck_writer] backfill: 0 courted name(s) without a deck: []
[court_runner] 2026-08-26T17:06:05Z
  KTOS REFUTABILITY -> ADJUDICATE (KTOS_REFUTABILITY_202608261648.md)
  FPS REFUTABILITY -> COURT_RED (FPS_REFUTABILITY_202608261654.md)
  GAME REFUTABILITY -> COURT_RED (GAME_REFUTABILITY_202608261701.md)
  SCM REFUTABILITY -> COURT_RED (SCM_REFUTABILITY_202608261706.md)
  AWAITING ADJUDICATION (session job — pitch doc + verdict + wiring): ['VICR', 'BBAR', 'DQ', 'MIR', 'FLNC', 'AMPX', 'ARRY', 'BMBL', 'GRML', 'UMAC', 'KTOS']
/Users/ajay/Library/Python/3.9/lib/python/site-packages/urllib3/__init__.py:35: NotOpenSSLWarning: urllib3 v2 only supports OpenSSL 1.1.1+, currently the 'ssl' module is compiled with 'LibreSSL 2.8.3'. See: https://github.com/urllib3/urllib3/issues/3020
  warnings.warn(
Error 200, reqId 4: No security definition has been found for the request, contract: Contract(conId=689982377, exchange='SMART')
[deck_writer] backfill: 0 courted name(s) without a deck: []
[court_runner] 2026-08-26T18:36:56Z
  HYGIENE evicted=['DOCU'] flagged=0
  FPS COURT_RED: 1 kg_candidate(s) harvested
  FPS COURT_RED -> COURT_BLUE (FPS_COURT_RED_202608261815.md)
  GAME COURT_RED: reject (no primary citation (http) anywhere in the output) — immediate retry
  GAME COURT_RED: 1 kg_candidate(s) harvested
  GAME COURT_RED -> COURT_BLUE (GAME_COURT_RED_202608261826.md)
  SCM COURT_RED: 2 kg_candidate(s) harvested
  SCM COURT_RED -> COURT_BLUE (SCM_COURT_RED_202608261831.md)
  BELFA REFUTABILITY -> COURT_RED (BELFA_REFUTABILITY_202608261836.md)
  AWAITING ADJUDICATION (session job — pitch doc + verdict + wiring): ['VICR', 'BBAR', 'DQ', 'MIR', 'FLNC', 'AMPX', 'ARRY', 'BMBL', 'GRML', 'UMAC', 'KTOS']

===== 2026-08-26 11:37 (desk) =====
[court_runner] 2026-08-26T18:37:35Z
  INFRA FAILURE (not-logged-in) — aborting the whole drain (every dispatch would fail; no validator-reject rows written)

/Users/ajay/Library/Python/3.9/lib/python/site-packages/urllib3/__init__.py:35: NotOpenSSLWarning: urllib3 v2 only supports OpenSSL 1.1.1+, currently the 'ssl' module is compiled with 'LibreSSL 2.8.3'. See: https://github.com/urllib3/urllib3/issues/3020
  warnings.warn(
positions request timed out
account updates for ACCOUNT_ALPHA request timed out
account updates for ACCOUNT_BETA request timed out
/Users/ajay/Library/Python/3.9/lib/python/site-packages/urllib3/__init__.py:35: NotOpenSSLWarning: urllib3 v2 only supports OpenSSL 1.1.1+, currently the 'ssl' module is compiled with 'LibreSSL 2.8.3'. See: https://github.com/urllib3/urllib3/issues/3020
  warnings.warn(
positions request timed out
account updates for ACCOUNT_ALPHA request timed out
account updates for ACCOUNT_BETA request timed out
positions request timed out
account updates for ACCOUNT_ALPHA request timed out
account updates for ACCOUNT_BETA request timed out
positions request timed out
account updates for ACCOUNT_ALPHA request timed out
account updates for ACCOUNT_BETA request timed out
positions request timed out
account updates for ACCOUNT_ALPHA request timed out
account updates for ACCOUNT_BETA request timed out
[deck_writer] GAME: deck emailed (GAME_PITCH_DECK_20260826.pdf)
[deck_writer] SCM: deck emailed (SCM_PITCH_DECK_20260826.pdf)
[deck_writer] backfill: 0 courted name(s) without a deck: []
[court_runner] 2026-08-26T20:23:40Z
  FPS COURT_BLUE: reject (missing BLUE BENCH header / RED CASE ruling) — immediate retry
  FPS COURT_BLUE: VALIDATOR REJECTED (missing BLUE BENCH header / RED CASE ruling) — output not persisted to queue
  GAME COURT_BLUE: reject (missing BLUE BENCH header / RED CASE ruling) — immediate retry
  GAME COURT_BLUE: 1 kg_candidate(s) harvested
  GAME COURT_BLUE -> ADJUDICATE (GAME_COURT_BLUE_202608261954.md)
  SCM COURT_BLUE -> ADJUDICATE (SCM_COURT_BLUE_202608262002.md)
  BELFA COURT_RED: reject (no primary citation (http) anywhere in the output) — immediate retry
  BELFA COURT_RED: 1 kg_candidate(s) harvested
  BELFA COURT_RED -> COURT_BLUE (BELFA_COURT_RED_202608262018.md)
  STRO REFUTABILITY -> KILLED (STRO_REFUTABILITY_202608262023.md)
  AWAITING ADJUDICATION (session job — pitch doc + verdict + wiring): ['SCM']

===== 2026-08-26 13:37 (desk) =====
[court_runner] 2026-08-26T20:37:46Z
  INFRA FAILURE (not-logged-in) — aborting the whole drain (every dispatch would fail; no validator-reject rows written)

/Users/ajay/Library/Python/3.9/lib/python/site-packages/urllib3/__init__.py:35: NotOpenSSLWarning: urllib3 v2 only supports OpenSSL 1.1.1+, currently the 'ssl' module is compiled with 'LibreSSL 2.8.3'. See: https://github.com/urllib3/urllib3/issues/3020
  warnings.warn(
/Users/ajay/Library/Python/3.9/lib/python/site-packages/urllib3/__init__.py:35: NotOpenSSLWarning: urllib3 v2 only supports OpenSSL 1.1.1+, currently the 'ssl' module is compiled with 'LibreSSL 2.8.3'. See: https://github.com/urllib3/urllib3/issues/3020
  warnings.warn(
[deck_writer] FPS: deck emailed (FPS_PITCH_DECK_20260826.pdf)
[deck_writer] BELFA: deck emailed (BELFA_PITCH_DECK_20260826.pdf)
[deck_writer] backfill: 0 courted name(s) without a deck: []
[court_runner] 2026-08-26T21:55:59Z
  FPS COURT_BLUE: 1 kg_candidate(s) harvested
  FPS COURT_BLUE -> ADJUDICATE (FPS_COURT_BLUE_202608262128.md)
  BELFA COURT_BLUE: 1 kg_candidate(s) harvested
  BELFA COURT_BLUE -> ADJUDICATE (BELFA_COURT_BLUE_202608262138.md)
  ARI REFUTABILITY -> COURT_RED (ARI_REFUTABILITY_202608262149.md)
  STEP REFUTABILITY -> COURT_RED (STEP_REFUTABILITY_202608262155.md)
  AWAITING ADJUDICATION (session job — pitch doc + verdict + wiring): ['FPS', 'SCM', 'BELFA']

===== 2026-08-26 15:37 (desk) =====
[court_runner] 2026-08-26T22:37:47Z
  INFRA FAILURE (not-logged-in) — aborting the whole drain (every dispatch would fail; no validator-reject rows written)

/Users/ajay/Library/Python/3.9/lib/python/site-packages/urllib3/__init__.py:35: NotOpenSSLWarning: urllib3 v2 only supports OpenSSL 1.1.1+, currently the 'ssl' module is compiled with 'LibreSSL 2.8.3'. See: https://github.com/urllib3/urllib3/issues/3020
  warnings.warn(
/Users/ajay/Library/Python/3.9/lib/python/site-packages/urllib3/__init__.py:35: NotOpenSSLWarning: urllib3 v2 only supports OpenSSL 1.1.1+, currently the 'ssl' module is compiled with 'LibreSSL 2.8.3'. See: https://github.com/urllib3/urllib3/issues/3020
  warnings.warn(
[deck_writer] backfill: 0 courted name(s) without a deck: []
[court_runner] 2026-08-26T23:21:46Z
  ARI COURT_RED: 2 kg_candidate(s) harvested
  ARI COURT_RED -> COURT_BLUE (ARI_COURT_RED_202608262304.md)
  STEP COURT_RED: 1 kg_candidate(s) harvested
  STEP COURT_RED -> COURT_BLUE (STEP_COURT_RED_202608262310.md)
  PHAT REFUTABILITY -> COURT_RED (PHAT_REFUTABILITY_202608262317.md)
  EVEX REFUTABILITY -> KILLED (EVEX_REFUTABILITY_202608262321.md)
  AWAITING ADJUDICATION (session job — pitch doc + verdict + wiring): ['FPS', 'SCM', 'BELFA']
/Users/ajay/Library/Python/3.9/lib/python/site-packages/urllib3/__init__.py:35: NotOpenSSLWarning: urllib3 v2 only supports OpenSSL 1.1.1+, currently the 'ssl' module is compiled with 'LibreSSL 2.8.3'. See: https://github.com/urllib3/urllib3/issues/3020
  warnings.warn(
/Users/ajay/Library/Python/3.9/lib/python/site-packages/urllib3/__init__.py:35: NotOpenSSLWarning: urllib3 v2 only supports OpenSSL 1.1.1+, currently the 'ssl' module is compiled with 'LibreSSL 2.8.3'. See: https://github.com/urllib3/urllib3/issues/3020
  warnings.warn(
CBKD.IL: No earnings dates found, symbol may be delisted
Error 200, reqId 4: No security definition has been found for the request, contract: Stock(symbol='MTN.JO', exchange='SMART', currency='USD')
Unknown contract: Stock(symbol='MTN.JO', exchange='SMART', currency='USD')
Error 200, reqId 4: No security definition has been found for the request, contract: Stock(symbol='PRX.AS', exchange='SMART', currency='USD')
Unknown contract: Stock(symbol='PRX.AS', exchange='SMART', currency='USD')

===== 2026-08-26 17:37 (desk) =====
[court_runner] 2026-08-27T00:37:25Z another drain in progress — exiting (lock held)

ADBT: No earnings dates found, symbol may be delisted
Error 200, reqId 4: No security definition has been found for the request, contract: Contract(conId=741203871, exchange='SMART')
[deck_writer] ARI: deck emailed (ARI_PITCH_DECK_20260826.pdf)
[court_runner] 2026-08-27T01:05:28Z
  ARI COURT_BLUE: reject (missing BLUE BENCH header / RED CASE ruling) — immediate retry
  ARI COURT_BLUE: 2 kg_candidate(s) harvested
  ARI COURT_BLUE -> ADJUDICATE (ARI_COURT_BLUE_202608262359.md)
  STEP COURT_BLUE: reject (missing BLUE BENCH header / RED CASE ruling) — immediate retry
  STEP COURT_BLUE: VALIDATOR REJECTED (missing BLUE BENCH header / RED CASE ruling) — output not persisted to queue
  PHAT COURT_RED: 2 kg_candidate(s) harvested
  PHAT COURT_RED -> COURT_BLUE (PHAT_COURT_RED_202608270015.md)
  CBKD REFUTABILITY -> COURT_RED (CBKD_REFUTABILITY_202608270019.md)
  IHS REFUTABILITY -> KILLED (IHS_REFUTABILITY_202608270023.md)
  MTN.JO REFUTABILITY -> COURT_RED (MTN_JO_REFUTABILITY_202608270029.md)
  PRX.AS REFUTABILITY -> COURT_RED (PRX_AS_REFUTABILITY_202608270037.md)
  ADBT REFUTABILITY -> KILLED (ADBT_REFUTABILITY_202608270041.md)
  BETA REFUTABILITY -> COURT_RED (BETA_REFUTABILITY_202608270048.md)
  IESC REFUTABILITY -> KILLED (IESC_REFUTABILITY_202608270053.md)
  SFBS REFUTABILITY -> KILLED (SFBS_REFUTABILITY_202608270057.md)
  RH REFUTABILITY -> COURT_RED (RH_REFUTABILITY_202608270104.md)
  INFRA FAILURE (infra:limit) — aborting the whole drain (every dispatch would fail; no validator-reject rows written)
/Users/ajay/Library/Python/3.9/lib/python/site-packages/urllib3/__init__.py:35: NotOpenSSLWarning: urllib3 v2 only supports OpenSSL 1.1.1+, currently the 'ssl' module is compiled with 'LibreSSL 2.8.3'. See: https://github.com/urllib3/urllib3/issues/3020
  warnings.warn(
[court_runner] 2026-08-27T01:35:44Z
  INFRA FAILURE (infra:limit) — aborting the whole drain (every dispatch would fail; no validator-reject rows written)
/Users/ajay/Library/Python/3.9/lib/python/site-packages/urllib3/__init__.py:35: NotOpenSSLWarning: urllib3 v2 only supports OpenSSL 1.1.1+, currently the 'ssl' module is compiled with 'LibreSSL 2.8.3'. See: https://github.com/urllib3/urllib3/issues/3020
  warnings.warn(
[court_runner] 2026-08-27T02:06:00Z
  INFRA FAILURE (infra:limit) — aborting the whole drain (every dispatch would fail; no validator-reject rows written)
/Users/ajay/Library/Python/3.9/lib/python/site-packages/urllib3/__init__.py:35: NotOpenSSLWarning: urllib3 v2 only supports OpenSSL 1.1.1+, currently the 'ssl' module is compiled with 'LibreSSL 2.8.3'. See: https://github.com/urllib3/urllib3/issues/3020
  warnings.warn(
[court_runner] 2026-08-27T02:36:16Z
  INFRA FAILURE (infra:limit) — aborting the whole drain (every dispatch would fail; no validator-reject rows written)

===== 2026-08-26 19:37 (desk) =====
[court_runner] 2026-08-27T02:37:31Z
  INFRA FAILURE (not-logged-in) — aborting the whole drain (every dispatch would fail; no validator-reject rows written)

Error 1100, reqId -1: Connectivity between IBKR and Trader Workstation has been lost.
/Users/ajay/Library/Python/3.9/lib/python/site-packages/urllib3/__init__.py:35: NotOpenSSLWarning: urllib3 v2 only supports OpenSSL 1.1.1+, currently the 'ssl' module is compiled with 'LibreSSL 2.8.3'. See: https://github.com/urllib3/urllib3/issues/3020
  warnings.warn(
positions request timed out
account updates for ACCOUNT_ALPHA request timed out
account updates for ACCOUNT_BETA request timed out
/Users/ajay/Library/Python/3.9/lib/python/site-packages/urllib3/__init__.py:35: NotOpenSSLWarning: urllib3 v2 only supports OpenSSL 1.1.1+, currently the 'ssl' module is compiled with 'LibreSSL 2.8.3'. See: https://github.com/urllib3/urllib3/issues/3020
  warnings.warn(
CBKD.IL: No earnings dates found, symbol may be delisted
[court_runner] 2026-08-27T03:06:47Z
  INFRA FAILURE (infra:limit) — aborting the whole drain (every dispatch would fail; no validator-reject rows written)
positions request timed out
account updates for ACCOUNT_ALPHA request timed out
account updates for ACCOUNT_BETA request timed out
/Users/ajay/Library/Python/3.9/lib/python/site-packages/urllib3/__init__.py:35: NotOpenSSLWarning: urllib3 v2 only supports OpenSSL 1.1.1+, currently the 'ssl' module is compiled with 'LibreSSL 2.8.3'. See: https://github.com/urllib3/urllib3/issues/3020
  warnings.warn(
CBKD.IL: No earnings dates found, symbol may be delisted
[court_runner] 2026-08-27T03:37:14Z
  INFRA FAILURE (infra:limit) — aborting the whole drain (every dispatch would fail; no validator-reject rows written)
positions request timed out
account updates for ACCOUNT_ALPHA request timed out
account updates for ACCOUNT_BETA request timed out
/Users/ajay/Library/Python/3.9/lib/python/site-packages/urllib3/__init__.py:35: NotOpenSSLWarning: urllib3 v2 only supports OpenSSL 1.1.1+, currently the 'ssl' module is compiled with 'LibreSSL 2.8.3'. See: https://github.com/urllib3/urllib3/issues/3020
  warnings.warn(
CBKD.IL: No earnings dates found, symbol may be delisted
[court_runner] 2026-08-27T04:07:43Z
  INFRA FAILURE (infra:limit) — aborting the whole drain (every dispatch would fail; no validator-reject rows written)

===== 2026-08-26 21:37 (desk) =====
[court_runner] 2026-08-27T04:37:44Z another drain in progress — exiting (lock held)

positions request timed out
account updates for ACCOUNT_ALPHA request timed out
account updates for ACCOUNT_BETA request timed out
/Users/ajay/Library/Python/3.9/lib/python/site-packages/urllib3/__init__.py:35: NotOpenSSLWarning: urllib3 v2 only supports OpenSSL 1.1.1+, currently the 'ssl' module is compiled with 'LibreSSL 2.8.3'. See: https://github.com/urllib3/urllib3/issues/3020
  warnings.warn(
CBKD.IL: No earnings dates found, symbol may be delisted
[court_runner] 2026-08-27T04:38:12Z
  INFRA FAILURE (infra:limit) — aborting the whole drain (every dispatch would fail; no validator-reject rows written)
positions request timed out
account updates for ACCOUNT_ALPHA request timed out
account updates for ACCOUNT_BETA request timed out
/Users/ajay/Library/Python/3.9/lib/python/site-packages/urllib3/__init__.py:35: NotOpenSSLWarning: urllib3 v2 only supports OpenSSL 1.1.1+, currently the 'ssl' module is compiled with 'LibreSSL 2.8.3'. See: https://github.com/urllib3/urllib3/issues/3020
  warnings.warn(
CBKD.IL: No earnings dates found, symbol may be delisted
[court_runner] 2026-08-27T05:08:40Z
  INFRA FAILURE (infra:limit) — aborting the whole drain (every dispatch would fail; no validator-reject rows written)
positions request timed out
account updates for ACCOUNT_ALPHA request timed out
account updates for ACCOUNT_BETA request timed out
/Users/ajay/Library/Python/3.9/lib/python/site-packages/urllib3/__init__.py:35: NotOpenSSLWarning: urllib3 v2 only supports OpenSSL 1.1.1+, currently the 'ssl' module is compiled with 'LibreSSL 2.8.3'. See: https://github.com/urllib3/urllib3/issues/3020
  warnings.warn(
CBKD.IL: No earnings dates found, symbol may be delisted
[court_runner] 2026-08-27T05:39:08Z
  INFRA FAILURE (infra:limit) — aborting the whole drain (every dispatch would fail; no validator-reject rows written)
[deck_writer] backfill: 0 courted name(s) without a deck: []
[court_runner] 2026-08-27T06:09:09Z
  queue empty

===== 2026-08-26 23:37 (desk) =====
[deck_writer] backfill: 0 courted name(s) without a deck: []
[court_runner] 2026-08-27T06:37:07Z
  queue empty

[deck_writer] backfill: 0 courted name(s) without a deck: []
[court_runner] 2026-08-27T06:39:09Z
  queue empty
[deck_writer] backfill: 0 courted name(s) without a deck: []
[court_runner] 2026-08-27T07:09:09Z
  queue empty
[deck_writer] backfill: 0 courted name(s) without a deck: []
[court_runner] 2026-08-27T07:39:09Z
  queue empty
[deck_writer] backfill: 0 courted name(s) without a deck: []
[court_runner] 2026-08-27T08:09:10Z
  queue empty
[deck_writer] backfill: 0 courted name(s) without a deck: []
[court_runner] 2026-08-27T08:39:10Z
  queue empty

===== 2026-08-27 01:39 (desk) =====
[deck_writer] backfill: 0 courted name(s) without a deck: []
[court_runner] 2026-08-27T08:39:26Z
  queue empty

[deck_writer] backfill: 0 courted name(s) without a deck: []
[court_runner] 2026-08-27T09:09:10Z
  queue empty
[deck_writer] backfill: 0 courted name(s) without a deck: []
[court_runner] 2026-08-27T09:39:10Z
  queue empty
[deck_writer] backfill: 0 courted name(s) without a deck: []
[court_runner] 2026-08-27T10:09:11Z
  queue empty
[deck_writer] backfill: 0 courted name(s) without a deck: []
[court_runner] 2026-08-27T10:39:11Z
  queue empty

===== 2026-08-27 03:39 (desk) =====
[deck_writer] backfill: 0 courted name(s) without a deck: []
[court_runner] 2026-08-27T10:39:13Z
  queue empty

[deck_writer] backfill: 0 courted name(s) without a deck: []
[court_runner] 2026-08-27T11:09:11Z
  queue empty
positions request timed out
account updates for ACCOUNT_ALPHA request timed out
account updates for ACCOUNT_BETA request timed out
/Users/ajay/Library/Python/3.9/lib/python/site-packages/urllib3/__init__.py:35: NotOpenSSLWarning: urllib3 v2 only supports OpenSSL 1.1.1+, currently the 'ssl' module is compiled with 'LibreSSL 2.8.3'. See: https://github.com/urllib3/urllib3/issues/3020
  warnings.warn(
[court_runner] 2026-08-27T11:39:41Z
  HYGIENE evicted=['DKS', 'KEP', 'XPEV', 'RKT', 'STLA', 'SOFI', 'LI', 'SYM', 'HDB', 'NKE', 'CPNG', 'FN'] flagged=0
  INFRA FAILURE (infra:limit) — aborting the whole drain (every dispatch would fail; no validator-reject rows written)
positions request timed out
account updates for ACCOUNT_ALPHA request timed out
account updates for ACCOUNT_BETA request timed out
/Users/ajay/Library/Python/3.9/lib/python/site-packages/urllib3/__init__.py:35: NotOpenSSLWarning: urllib3 v2 only supports OpenSSL 1.1.1+, currently the 'ssl' module is compiled with 'LibreSSL 2.8.3'. See: https://github.com/urllib3/urllib3/issues/3020
  warnings.warn(
[court_runner] 2026-08-27T12:10:09Z
  INFRA FAILURE (infra:limit) — aborting the whole drain (every dispatch would fail; no validator-reject rows written)

===== 2026-08-27 05:39 (desk) =====
[court_runner] 2026-08-27T12:39:46Z
  HYGIENE evicted=['DKS', 'KEP', 'XPEV', 'RKT', 'STLA', 'SOFI', 'LI', 'SYM', 'HDB', 'CPNG', 'FN', 'NKE'] flagged=0
  INFRA FAILURE (not-logged-in) — aborting the whole drain (every dispatch would fail; no validator-reject rows written)

positions request timed out
account updates for ACCOUNT_ALPHA request timed out
account updates for ACCOUNT_BETA request timed out
/Users/ajay/Library/Python/3.9/lib/python/site-packages/urllib3/__init__.py:35: NotOpenSSLWarning: urllib3 v2 only supports OpenSSL 1.1.1+, currently the 'ssl' module is compiled with 'LibreSSL 2.8.3'. See: https://github.com/urllib3/urllib3/issues/3020
  warnings.warn(
positions request timed out
account updates for ACCOUNT_ALPHA request timed out
account updates for ACCOUNT_BETA request timed out
/Users/ajay/Library/Python/3.9/lib/python/site-packages/urllib3/__init__.py:35: NotOpenSSLWarning: urllib3 v2 only supports OpenSSL 1.1.1+, currently the 'ssl' module is compiled with 'LibreSSL 2.8.3'. See: https://github.com/urllib3/urllib3/issues/3020
  warnings.warn(
[court_runner] 2026-08-27T12:40:39Z
  INFRA FAILURE (infra:limit) — aborting the whole drain (every dispatch would fail; no validator-reject rows written)
positions request timed out
account updates for ACCOUNT_ALPHA request timed out
account updates for ACCOUNT_BETA request timed out
/Users/ajay/Library/Python/3.9/lib/python/site-packages/urllib3/__init__.py:35: NotOpenSSLWarning: urllib3 v2 only supports OpenSSL 1.1.1+, currently the 'ssl' module is compiled with 'LibreSSL 2.8.3'. See: https://github.com/urllib3/urllib3/issues/3020
  warnings.warn(
[court_runner] 2026-08-27T13:11:09Z
  INFRA FAILURE (infra:limit) — aborting the whole drain (every dispatch would fail; no validator-reject rows written)
positions request timed out
account updates for ACCOUNT_ALPHA request timed out
account updates for ACCOUNT_BETA request timed out
/Users/ajay/Library/Python/3.9/lib/python/site-packages/urllib3/__init__.py:35: NotOpenSSLWarning: urllib3 v2 only supports OpenSSL 1.1.1+, currently the 'ssl' module is compiled with 'LibreSSL 2.8.3'. See: https://github.com/urllib3/urllib3/issues/3020
  warnings.warn(
[court_runner] 2026-08-27T13:41:39Z
  INFRA FAILURE (infra:limit) — aborting the whole drain (every dispatch would fail; no validator-reject rows written)
positions request timed out
account updates for ACCOUNT_ALPHA request timed out
account updates for ACCOUNT_BETA request timed out
/Users/ajay/Library/Python/3.9/lib/python/site-packages/urllib3/__init__.py:35: NotOpenSSLWarning: urllib3 v2 only supports OpenSSL 1.1.1+, currently the 'ssl' module is compiled with 'LibreSSL 2.8.3'. See: https://github.com/urllib3/urllib3/issues/3020
  warnings.warn(
[court_runner] 2026-08-27T14:12:07Z
  INFRA FAILURE (infra:limit) — aborting the whole drain (every dispatch would fail; no validator-reject rows written)

===== 2026-08-27 07:38 (desk) =====
[court_runner] 2026-08-27T14:38:25Z
  INFRA FAILURE (not-logged-in) — aborting the whole drain (every dispatch would fail; no validator-reject rows written)

positions request timed out
account updates for ACCOUNT_ALPHA request timed out
account updates for ACCOUNT_BETA request timed out
/Users/ajay/Library/Python/3.9/lib/python/site-packages/urllib3/__init__.py:35: NotOpenSSLWarning: urllib3 v2 only supports OpenSSL 1.1.1+, currently the 'ssl' module is compiled with 'LibreSSL 2.8.3'. See: https://github.com/urllib3/urllib3/issues/3020
  warnings.warn(
positions request timed out
account updates for ACCOUNT_ALPHA request timed out
account updates for ACCOUNT_BETA request timed out
/Users/ajay/Library/Python/3.9/lib/python/site-packages/urllib3/__init__.py:35: NotOpenSSLWarning: urllib3 v2 only supports OpenSSL 1.1.1+, currently the 'ssl' module is compiled with 'LibreSSL 2.8.3'. See: https://github.com/urllib3/urllib3/issues/3020
  warnings.warn(
[court_runner] 2026-08-27T14:42:37Z
  INFRA FAILURE (infra:limit) — aborting the whole drain (every dispatch would fail; no validator-reject rows written)
/Users/ajay/Library/Python/3.9/lib/python/site-packages/urllib3/__init__.py:35: NotOpenSSLWarning: urllib3 v2 only supports OpenSSL 1.1.1+, currently the 'ssl' module is compiled with 'LibreSSL 2.8.3'. See: https://github.com/urllib3/urllib3/issues/3020
  warnings.warn(
[court_runner] 2026-08-27T15:12:51Z
  INFRA FAILURE (infra:limit) — aborting the whole drain (every dispatch would fail; no validator-reject rows written)
/Users/ajay/Library/Python/3.9/lib/python/site-packages/urllib3/__init__.py:35: NotOpenSSLWarning: urllib3 v2 only supports OpenSSL 1.1.1+, currently the 'ssl' module is compiled with 'LibreSSL 2.8.3'. See: https://github.com/urllib3/urllib3/issues/3020
  warnings.warn(
[court_runner] 2026-08-27T15:43:04Z
  INFRA FAILURE (infra:limit) — aborting the whole drain (every dispatch would fail; no validator-reject rows written)
/Users/ajay/Library/Python/3.9/lib/python/site-packages/urllib3/__init__.py:35: NotOpenSSLWarning: urllib3 v2 only supports OpenSSL 1.1.1+, currently the 'ssl' module is compiled with 'LibreSSL 2.8.3'. See: https://github.com/urllib3/urllib3/issues/3020
  warnings.warn(
[court_runner] 2026-08-27T16:13:16Z
  INFRA FAILURE (infra:limit) — aborting the whole drain (every dispatch would fail; no validator-reject rows written)

===== 2026-08-27 09:37 (desk) =====
[court_runner] 2026-08-27T16:37:48Z
  INFRA FAILURE (not-logged-in) — aborting the whole drain (every dispatch would fail; no validator-reject rows written)

/Users/ajay/Library/Python/3.9/lib/python/site-packages/urllib3/__init__.py:35: NotOpenSSLWarning: urllib3 v2 only supports OpenSSL 1.1.1+, currently the 'ssl' module is compiled with 'LibreSSL 2.8.3'. See: https://github.com/urllib3/urllib3/issues/3020
  warnings.warn(
/Users/ajay/Library/Python/3.9/lib/python/site-packages/urllib3/__init__.py:35: NotOpenSSLWarning: urllib3 v2 only supports OpenSSL 1.1.1+, currently the 'ssl' module is compiled with 'LibreSSL 2.8.3'. See: https://github.com/urllib3/urllib3/issues/3020
  warnings.warn(
[court_runner] 2026-08-27T16:43:30Z
  INFRA FAILURE (infra:limit) — aborting the whole drain (every dispatch would fail; no validator-reject rows written)
/Users/ajay/Library/Python/3.9/lib/python/site-packages/urllib3/__init__.py:35: NotOpenSSLWarning: urllib3 v2 only supports OpenSSL 1.1.1+, currently the 'ssl' module is compiled with 'LibreSSL 2.8.3'. See: https://github.com/urllib3/urllib3/issues/3020
  warnings.warn(
[court_runner] 2026-08-27T17:13:44Z
  INFRA FAILURE (infra:limit) — aborting the whole drain (every dispatch would fail; no validator-reject rows written)
/Users/ajay/Library/Python/3.9/lib/python/site-packages/urllib3/__init__.py:35: NotOpenSSLWarning: urllib3 v2 only supports OpenSSL 1.1.1+, currently the 'ssl' module is compiled with 'LibreSSL 2.8.3'. See: https://github.com/urllib3/urllib3/issues/3020
  warnings.warn(
[court_runner] 2026-08-27T17:43:59Z
  INFRA FAILURE (infra:limit) — aborting the whole drain (every dispatch would fail; no validator-reject rows written)
/Users/ajay/Library/Python/3.9/lib/python/site-packages/urllib3/__init__.py:35: NotOpenSSLWarning: urllib3 v2 only supports OpenSSL 1.1.1+, currently the 'ssl' module is compiled with 'LibreSSL 2.8.3'. See: https://github.com/urllib3/urllib3/issues/3020
  warnings.warn(
[court_runner] 2026-08-27T18:14:13Z
  INFRA FAILURE (infra:limit) — aborting the whole drain (every dispatch would fail; no validator-reject rows written)

===== 2026-08-27 11:37 (desk) =====
[court_runner] 2026-08-27T18:37:45Z
  INFRA FAILURE (not-logged-in) — aborting the whole drain (every dispatch would fail; no validator-reject rows written)

/Users/ajay/Library/Python/3.9/lib/python/site-packages/urllib3/__init__.py:35: NotOpenSSLWarning: urllib3 v2 only supports OpenSSL 1.1.1+, currently the 'ssl' module is compiled with 'LibreSSL 2.8.3'. See: https://github.com/urllib3/urllib3/issues/3020
  warnings.warn(
/Users/ajay/Library/Python/3.9/lib/python/site-packages/urllib3/__init__.py:35: NotOpenSSLWarning: urllib3 v2 only supports OpenSSL 1.1.1+, currently the 'ssl' module is compiled with 'LibreSSL 2.8.3'. See: https://github.com/urllib3/urllib3/issues/3020
  warnings.warn(
[court_runner] 2026-08-27T18:44:28Z
  INFRA FAILURE (infra:limit) — aborting the whole drain (every dispatch would fail; no validator-reject rows written)
/Users/ajay/Library/Python/3.9/lib/python/site-packages/urllib3/__init__.py:35: NotOpenSSLWarning: urllib3 v2 only supports OpenSSL 1.1.1+, currently the 'ssl' module is compiled with 'LibreSSL 2.8.3'. See: https://github.com/urllib3/urllib3/issues/3020
  warnings.warn(
[court_runner] 2026-08-27T19:14:43Z
  INFRA FAILURE (infra:limit) — aborting the whole drain (every dispatch would fail; no validator-reject rows written)
/Users/ajay/Library/Python/3.9/lib/python/site-packages/urllib3/__init__.py:35: NotOpenSSLWarning: urllib3 v2 only supports OpenSSL 1.1.1+, currently the 'ssl' module is compiled with 'LibreSSL 2.8.3'. See: https://github.com/urllib3/urllib3/issues/3020
  warnings.warn(
[court_runner] 2026-08-27T19:44:57Z
  INFRA FAILURE (infra:limit) — aborting the whole drain (every dispatch would fail; no validator-reject rows written)
/Users/ajay/Library/Python/3.9/lib/python/site-packages/urllib3/__init__.py:35: NotOpenSSLWarning: urllib3 v2 only supports OpenSSL 1.1.1+, currently the 'ssl' module is compiled with 'LibreSSL 2.8.3'. See: https://github.com/urllib3/urllib3/issues/3020
  warnings.warn(
[court_runner] 2026-08-27T20:15:13Z
  INFRA FAILURE (infra:limit) — aborting the whole drain (every dispatch would fail; no validator-reject rows written)

===== 2026-08-27 13:37 (desk) =====
[court_runner] 2026-08-27T20:37:14Z
  INFRA FAILURE (not-logged-in) — aborting the whole drain (every dispatch would fail; no validator-reject rows written)

/Users/ajay/Library/Python/3.9/lib/python/site-packages/urllib3/__init__.py:35: NotOpenSSLWarning: urllib3 v2 only supports OpenSSL 1.1.1+, currently the 'ssl' module is compiled with 'LibreSSL 2.8.3'. See: https://github.com/urllib3/urllib3/issues/3020
  warnings.warn(
/Users/ajay/Library/Python/3.9/lib/python/site-packages/urllib3/__init__.py:35: NotOpenSSLWarning: urllib3 v2 only supports OpenSSL 1.1.1+, currently the 'ssl' module is compiled with 'LibreSSL 2.8.3'. See: https://github.com/urllib3/urllib3/issues/3020
  warnings.warn(
[court_runner] 2026-08-27T20:45:26Z
  INFRA FAILURE (infra:limit) — aborting the whole drain (every dispatch would fail; no validator-reject rows written)
/Users/ajay/Library/Python/3.9/lib/python/site-packages/urllib3/__init__.py:35: NotOpenSSLWarning: urllib3 v2 only supports OpenSSL 1.1.1+, currently the 'ssl' module is compiled with 'LibreSSL 2.8.3'. See: https://github.com/urllib3/urllib3/issues/3020
  warnings.warn(
[court_runner] 2026-08-27T21:15:44Z
  INFRA FAILURE (infra:limit) — aborting the whole drain (every dispatch would fail; no validator-reject rows written)
/Users/ajay/Library/Python/3.9/lib/python/site-packages/urllib3/__init__.py:35: NotOpenSSLWarning: urllib3 v2 only supports OpenSSL 1.1.1+, currently the 'ssl' module is compiled with 'LibreSSL 2.8.3'. See: https://github.com/urllib3/urllib3/issues/3020
  warnings.warn(
[court_runner] 2026-08-27T21:45:58Z
  INFRA FAILURE (infra:limit) — aborting the whole drain (every dispatch would fail; no validator-reject rows written)
/Users/ajay/Library/Python/3.9/lib/python/site-packages/urllib3/__init__.py:35: NotOpenSSLWarning: urllib3 v2 only supports OpenSSL 1.1.1+, currently the 'ssl' module is compiled with 'LibreSSL 2.8.3'. See: https://github.com/urllib3/urllib3/issues/3020
  warnings.warn(
[court_runner] 2026-08-27T22:16:12Z
  INFRA FAILURE (infra:limit) — aborting the whole drain (every dispatch would fail; no validator-reject rows written)

===== 2026-08-27 15:34 (desk) =====
[court_runner] 2026-08-27T22:34:30Z
  INFRA FAILURE (not-logged-in) — aborting the whole drain (every dispatch would fail; no validator-reject rows written)

/Users/ajay/Library/Python/3.9/lib/python/site-packages/urllib3/__init__.py:35: NotOpenSSLWarning: urllib3 v2 only supports OpenSSL 1.1.1+, currently the 'ssl' module is compiled with 'LibreSSL 2.8.3'. See: https://github.com/urllib3/urllib3/issues/3020
  warnings.warn(
/Users/ajay/Library/Python/3.9/lib/python/site-packages/urllib3/__init__.py:35: NotOpenSSLWarning: urllib3 v2 only supports OpenSSL 1.1.1+, currently the 'ssl' module is compiled with 'LibreSSL 2.8.3'. See: https://github.com/urllib3/urllib3/issues/3020
  warnings.warn(
[court_runner] 2026-08-27T22:46:26Z
  INFRA FAILURE (infra:limit) — aborting the whole drain (every dispatch would fail; no validator-reject rows written)
/Users/ajay/Library/Python/3.9/lib/python/site-packages/urllib3/__init__.py:35: NotOpenSSLWarning: urllib3 v2 only supports OpenSSL 1.1.1+, currently the 'ssl' module is compiled with 'LibreSSL 2.8.3'. See: https://github.com/urllib3/urllib3/issues/3020
  warnings.warn(
[court_runner] 2026-08-27T23:16:39Z
  INFRA FAILURE (infra:limit) — aborting the whole drain (every dispatch would fail; no validator-reject rows written)
/Users/ajay/Library/Python/3.9/lib/python/site-packages/urllib3/__init__.py:35: NotOpenSSLWarning: urllib3 v2 only supports OpenSSL 1.1.1+, currently the 'ssl' module is compiled with 'LibreSSL 2.8.3'. See: https://github.com/urllib3/urllib3/issues/3020
  warnings.warn(
[court_runner] 2026-08-27T23:46:53Z
  INFRA FAILURE (infra:limit) — aborting the whole drain (every dispatch would fail; no validator-reject rows written)
/Users/ajay/Library/Python/3.9/lib/python/site-packages/urllib3/__init__.py:35: NotOpenSSLWarning: urllib3 v2 only supports OpenSSL 1.1.1+, currently the 'ssl' module is compiled with 'LibreSSL 2.8.3'. See: https://github.com/urllib3/urllib3/issues/3020
  warnings.warn(
[court_runner] 2026-08-28T00:17:06Z
  INFRA FAILURE (infra:limit) — aborting the whole drain (every dispatch would fail; no validator-reject rows written)

===== 2026-08-27 17:34 (desk) =====
[court_runner] 2026-08-28T00:34:26Z
  INFRA FAILURE (not-logged-in) — aborting the whole drain (every dispatch would fail; no validator-reject rows written)

/Users/ajay/Library/Python/3.9/lib/python/site-packages/urllib3/__init__.py:35: NotOpenSSLWarning: urllib3 v2 only supports OpenSSL 1.1.1+, currently the 'ssl' module is compiled with 'LibreSSL 2.8.3'. See: https://github.com/urllib3/urllib3/issues/3020
  warnings.warn(
/Users/ajay/Library/Python/3.9/lib/python/site-packages/urllib3/__init__.py:35: NotOpenSSLWarning: urllib3 v2 only supports OpenSSL 1.1.1+, currently the 'ssl' module is compiled with 'LibreSSL 2.8.3'. See: https://github.com/urllib3/urllib3/issues/3020
  warnings.warn(
[court_runner] 2026-08-28T00:47:20Z
  INFRA FAILURE (infra:limit) — aborting the whole drain (every dispatch would fail; no validator-reject rows written)
/Users/ajay/Library/Python/3.9/lib/python/site-packages/urllib3/__init__.py:35: NotOpenSSLWarning: urllib3 v2 only supports OpenSSL 1.1.1+, currently the 'ssl' module is compiled with 'LibreSSL 2.8.3'. See: https://github.com/urllib3/urllib3/issues/3020
  warnings.warn(
BVC: No earnings dates found, symbol may be delisted
RUMBW: No earnings dates found, symbol may be delisted
[deck_writer] backfill: 0 courted name(s) without a deck: []
[court_runner] 2026-08-28T02:00:28Z
  GENB REFUTABILITY -> KILLED (GENB_REFUTABILITY_202608280122.md)
  BVC REFUTABILITY -> KILLED (BVC_REFUTABILITY_202608280125.md)
  RUMBW REFUTABILITY -> KILLED (RUMBW_REFUTABILITY_202608280131.md)
  DY REFUTABILITY -> COURT_RED (DY_REFUTABILITY_202608280137.md)
  NERV REFUTABILITY -> KILLED (NERV_REFUTABILITY_202608280143.md)
  FOA REFUTABILITY -> COURT_RED (FOA_REFUTABILITY_202608280150.md)
  ONIT REFUTABILITY -> COURT_RED (ONIT_REFUTABILITY_202608280154.md)
  PUMP REFUTABILITY -> ADJUDICATE (PUMP_REFUTABILITY_202608280200.md)
  AWAITING ADJUDICATION (session job — pitch doc + verdict + wiring): ['PUMP']
/Users/ajay/Library/Python/3.9/lib/python/site-packages/urllib3/__init__.py:35: NotOpenSSLWarning: urllib3 v2 only supports OpenSSL 1.1.1+, currently the 'ssl' module is compiled with 'LibreSSL 2.8.3'. See: https://github.com/urllib3/urllib3/issues/3020
  warnings.warn(

===== 2026-08-27 19:34 (desk) =====
[court_runner] 2026-08-28T02:34:12Z another drain in progress — exiting (lock held)

[deck_writer] backfill: 0 courted name(s) without a deck: []
[court_runner] 2026-08-28T02:53:07Z
  DY COURT_RED: reject (no primary citation (http) anywhere in the output) — immediate retry
  DY COURT_RED: 1 kg_candidate(s) harvested
  DY COURT_RED -> COURT_BLUE (DY_COURT_RED_202608280238.md)
  FOA COURT_RED: 2 kg_candidate(s) harvested
  FOA COURT_RED -> COURT_BLUE (FOA_COURT_RED_202608280245.md)
  ONIT COURT_RED: reject (no primary citation (http) anywhere in the output) — immediate retry
  ONIT COURT_RED: 1 kg_candidate(s) harvested
  ONIT COURT_RED -> COURT_BLUE (ONIT_COURT_RED_202608280253.md)
  AWAITING ADJUDICATION (session job — pitch doc + verdict + wiring): ['PUMP']
/Users/ajay/Library/Python/3.9/lib/python/site-packages/urllib3/__init__.py:35: NotOpenSSLWarning: urllib3 v2 only supports OpenSSL 1.1.1+, currently the 'ssl' module is compiled with 'LibreSSL 2.8.3'. See: https://github.com/urllib3/urllib3/issues/3020
  warnings.warn(
[deck_writer] DY: deck emailed (DY_PITCH_DECK_20260827.pdf)
[deck_writer] FOA: deck emailed (FOA_PITCH_DECK_20260827.pdf)
[deck_writer] ONIT: deck emailed (ONIT_PITCH_DECK_20260827.pdf)
[deck_writer] backfill: 0 courted name(s) without a deck: []
[court_runner] 2026-08-28T03:53:55Z
  DY COURT_BLUE: reject (missing BLUE BENCH header / RED CASE ruling) — immediate retry
  DY COURT_BLUE: 1 kg_candidate(s) harvested
  DY COURT_BLUE -> ADJUDICATE (DY_COURT_BLUE_202608280329.md)
  FOA COURT_BLUE: reject (missing BLUE BENCH header / RED CASE ruling) — immediate retry
  FOA COURT_BLUE: 1 kg_candidate(s) harvested
  FOA COURT_BLUE -> ADJUDICATE (FOA_COURT_BLUE_202608280340.md)
  ONIT COURT_BLUE: 1 kg_candidate(s) harvested
  ONIT COURT_BLUE -> ADJUDICATE (ONIT_COURT_BLUE_202608280349.md)
  AWAITING ADJUDICATION (session job — pitch doc + verdict + wiring): ['DY', 'FOA', 'ONIT', 'PUMP']
[deck_writer] backfill: 0 courted name(s) without a deck: []
[court_runner] 2026-08-28T04:23:56Z
  AWAITING ADJUDICATION (session job — pitch doc + verdict + wiring): ['DY', 'FOA', 'ONIT', 'PUMP']

===== 2026-08-27 21:34 (desk) =====
[deck_writer] backfill: 0 courted name(s) without a deck: []
[court_runner] 2026-08-28T04:34:42Z
  AWAITING ADJUDICATION (session job — pitch doc + verdict + wiring): ['DY', 'FOA', 'ONIT', 'PUMP']

[deck_writer] backfill: 0 courted name(s) without a deck: []
[court_runner] 2026-08-28T04:53:56Z
  AWAITING ADJUDICATION (session job — pitch doc + verdict + wiring): ['DY', 'FOA', 'ONIT', 'PUMP']
[deck_writer] backfill: 0 courted name(s) without a deck: []
[court_runner] 2026-08-28T05:23:56Z
  AWAITING ADJUDICATION (session job — pitch doc + verdict + wiring): ['DY', 'FOA', 'ONIT', 'PUMP']
[deck_writer] backfill: 0 courted name(s) without a deck: []
[court_runner] 2026-08-28T05:53:57Z
  AWAITING ADJUDICATION (session job — pitch doc + verdict + wiring): ['DY', 'FOA', 'ONIT', 'PUMP']
[deck_writer] backfill: 0 courted name(s) without a deck: []
[court_runner] 2026-08-28T06:23:57Z
  AWAITING ADJUDICATION (session job — pitch doc + verdict + wiring): ['DY', 'FOA', 'ONIT', 'PUMP']

===== 2026-08-27 23:37 (desk) =====
[court_runner] 2026-08-28T06:37:51Z
  INFRA FAILURE (not-logged-in) — aborting the whole drain (every dispatch would fail; no validator-reject rows written)

positions request timed out
account updates for ACCOUNT_ALPHA request timed out
account updates for ACCOUNT_BETA request timed out
/Users/ajay/Library/Python/3.9/lib/python/site-packages/urllib3/__init__.py:35: NotOpenSSLWarning: urllib3 v2 only supports OpenSSL 1.1.1+, currently the 'ssl' module is compiled with 'LibreSSL 2.8.3'. See: https://github.com/urllib3/urllib3/issues/3020
  warnings.warn(
/Users/ajay/Library/Python/3.9/lib/python/site-packages/urllib3/__init__.py:35: NotOpenSSLWarning: urllib3 v2 only supports OpenSSL 1.1.1+, currently the 'ssl' module is compiled with 'LibreSSL 2.8.3'. See: https://github.com/urllib3/urllib3/issues/3020
  warnings.warn(
CHTRP: No earnings dates found, symbol may be delisted
[deck_writer] backfill: 0 courted name(s) without a deck: []
[court_runner] 2026-08-28T07:02:23Z
  KYNB TRAP_VERIFY -> KILLED (KYNB_TRAP_VERIFY_202608280657.md)
  CHTRP TRAP_VERIFY -> KILLED (CHTRP_TRAP_VERIFY_202608280702.md)
  AWAITING ADJUDICATION (session job — pitch doc + verdict + wiring): ['DY', 'FOA', 'ONIT', 'PUMP']
positions request timed out
account updates for ACCOUNT_ALPHA request timed out
account updates for ACCOUNT_BETA request timed out
/Users/ajay/Library/Python/3.9/lib/python/site-packages/urllib3/__init__.py:35: NotOpenSSLWarning: urllib3 v2 only supports OpenSSL 1.1.1+, currently the 'ssl' module is compiled with 'LibreSSL 2.8.3'. See: https://github.com/urllib3/urllib3/issues/3020
  warnings.warn(
CBKD.IL: No earnings dates found, symbol may be delisted
[deck_writer] backfill: 0 courted name(s) without a deck: []
[court_runner] 2026-08-28T07:48:05Z
  CBKD COURT_RED: PACK-MISQUOTE WARN (SUPERSESSION-DECLARED (verify, not a fabrication flag) — pct_off_low: bench quotes +64.6 vs pack +52.0)
  CBKD COURT_RED: 2 kg_candidate(s) harvested
  CBKD COURT_RED -> COURT_BLUE (CBKD_COURT_RED_202608280738.md)
  MTN.JO COURT_RED: 2 kg_candidate(s) harvested
  MTN.JO COURT_RED -> COURT_BLUE (MTN_JO_COURT_RED_202608280743.md)
  PRX.AS COURT_RED: 1 kg_candidate(s) harvested
  PRX.AS COURT_RED -> COURT_BLUE (PRX_AS_COURT_RED_202608280748.md)
/Users/ajay/Library/Python/3.9/lib/python/site-packages/urllib3/__init__.py:35: NotOpenSSLWarning: urllib3 v2 only supports OpenSSL 1.1.1+, currently the 'ssl' module is compiled with 'LibreSSL 2.8.3'. See: https://github.com/urllib3/urllib3/issues/3020
  warnings.warn(
CBKD.IL: No earnings dates found, symbol may be delisted
CBKD.IL: No earnings dates found, symbol may be delisted

===== 2026-08-28 01:34 (desk) =====
[court_runner] 2026-08-28T08:34:00Z another drain in progress — exiting (lock held)

[deck_writer] CBKD: deck emailed (CBKD_PITCH_DECK_20260828.pdf)
[deck_writer] MTN.JO: deck emailed (MTN_JO_PITCH_DECK_20260828.pdf)
[deck_writer] PRX.AS: deck emailed (PRX_AS_PITCH_DECK_20260828.pdf)
[deck_writer] backfill: 0 courted name(s) without a deck: []
[court_runner] 2026-08-28T08:45:10Z
  CBKD COURT_BLUE: reject (missing BLUE BENCH header / RED CASE ruling) — immediate retry
  CBKD COURT_BLUE: PACK-MISQUOTE WARN (SUPERSESSION-DECLARED (verify, not a fabrication flag) — pct_off_low: bench quotes +52.0 vs pack +64.6)
  CBKD COURT_BLUE: 1 kg_candidate(s) harvested
  CBKD COURT_BLUE -> ADJUDICATE (CBKD_COURT_BLUE_202608280824.md)
  MTN.JO COURT_BLUE: reject (missing BLUE BENCH header / RED CASE ruling) — immediate retry
  MTN.JO COURT_BLUE: 3 kg_candidate(s) harvested
  MTN.JO COURT_BLUE -> ADJUDICATE (MTN_JO_COURT_BLUE_202608280835.md)
  PRX.AS COURT_BLUE: 1 kg_candidate(s) harvested
  PRX.AS COURT_BLUE -> ADJUDICATE (PRX_AS_COURT_BLUE_202608280841.md)
  AWAITING ADJUDICATION (session job — pitch doc + verdict + wiring): ['CBKD', 'MTN.JO', 'PRX.AS']
[deck_writer] backfill: 0 courted name(s) without a deck: []
[court_runner] 2026-08-28T09:15:10Z
  AWAITING ADJUDICATION (session job — pitch doc + verdict + wiring): ['CBKD', 'MTN.JO', 'PRX.AS']
[deck_writer] backfill: 0 courted name(s) without a deck: []
[court_runner] 2026-08-28T09:45:11Z
  AWAITING ADJUDICATION (session job — pitch doc + verdict + wiring): ['CBKD', 'MTN.JO', 'PRX.AS']
[deck_writer] backfill: 0 courted name(s) without a deck: []
[court_runner] 2026-08-28T10:15:11Z
  AWAITING ADJUDICATION (session job — pitch doc + verdict + wiring): ['CBKD', 'MTN.JO', 'PRX.AS']

===== 2026-08-28 03:33 (desk) =====
[deck_writer] backfill: 0 courted name(s) without a deck: []
[court_runner] 2026-08-28T10:33:54Z
  AWAITING ADJUDICATION (session job — pitch doc + verdict + wiring): ['CBKD', 'MTN.JO', 'PRX.AS']

[deck_writer] backfill: 0 courted name(s) without a deck: []
[court_runner] 2026-08-28T10:45:11Z
  AWAITING ADJUDICATION (session job — pitch doc + verdict + wiring): ['CBKD', 'MTN.JO', 'PRX.AS']
[deck_writer] backfill: 0 courted name(s) without a deck: []
[court_runner] 2026-08-28T11:15:11Z
  AWAITING ADJUDICATION (session job — pitch doc + verdict + wiring): ['CBKD', 'MTN.JO', 'PRX.AS']
[deck_writer] backfill: 0 courted name(s) without a deck: []
[court_runner] 2026-08-28T11:45:12Z
  AWAITING ADJUDICATION (session job — pitch doc + verdict + wiring): ['CBKD', 'MTN.JO', 'PRX.AS']
[deck_writer] backfill: 0 courted name(s) without a deck: []
[court_runner] 2026-08-28T12:15:12Z
  AWAITING ADJUDICATION (session job — pitch doc + verdict + wiring): ['CBKD', 'MTN.JO', 'PRX.AS']

===== 2026-08-28 05:38 (desk) =====
[court_runner] 2026-08-28T12:38:03Z
  HYGIENE evicted=['DKS', 'XPEV', 'KEP', 'STLA', 'RKT', 'SOFI', 'LI', 'HDB', 'SYM', 'CPNG', 'FN', 'NKE', 'QXO', 'INFY', 'CHTR'] flagged=0
  INFRA FAILURE (not-logged-in) — aborting the whole drain (every dispatch would fail; no validator-reject rows written)

/Users/ajay/Library/Python/3.9/lib/python/site-packages/urllib3/__init__.py:35: NotOpenSSLWarning: urllib3 v2 only supports OpenSSL 1.1.1+, currently the 'ssl' module is compiled with 'LibreSSL 2.8.3'. See: https://github.com/urllib3/urllib3/issues/3020
  warnings.warn(
/Users/ajay/Library/Python/3.9/lib/python/site-packages/urllib3/__init__.py:35: NotOpenSSLWarning: urllib3 v2 only supports OpenSSL 1.1.1+, currently the 'ssl' module is compiled with 'LibreSSL 2.8.3'. See: https://github.com/urllib3/urllib3/issues/3020
  warnings.warn(
[deck_writer] backfill: 0 courted name(s) without a deck: []
[court_runner] 2026-08-28T13:24:53Z
  HPP REFUTABILITY -> COURT_RED (HPP_REFUTABILITY_202608281251.md)
  ARKO REFUTABILITY -> COURT_RED (ARKO_REFUTABILITY_202608281257.md)
  POET REFUTABILITY -> KILLED (POET_REFUTABILITY_202608281303.md)
  ECX REFUTABILITY -> KILLED (ECX_REFUTABILITY_202608281310.md)
  XE REFUTABILITY -> COURT_RED (XE_REFUTABILITY_202608281316.md)
  RUN REFUTABILITY -> KILLED (RUN_REFUTABILITY_202608281319.md)
  OCGN REFUTABILITY -> COURT_RED (OCGN_REFUTABILITY_202608281324.md)
  AWAITING ADJUDICATION (session job — pitch doc + verdict + wiring): ['CBKD', 'MTN.JO', 'PRX.AS']
/Users/ajay/Library/Python/3.9/lib/python/site-packages/urllib3/__init__.py:35: NotOpenSSLWarning: urllib3 v2 only supports OpenSSL 1.1.1+, currently the 'ssl' module is compiled with 'LibreSSL 2.8.3'. See: https://github.com/urllib3/urllib3/issues/3020
  warnings.warn(
[deck_writer] backfill: 0 courted name(s) without a deck: []
[court_runner] 2026-08-28T14:18:37Z
  HPP COURT_RED: 2 kg_candidate(s) harvested
  HPP COURT_RED -> COURT_BLUE (HPP_COURT_RED_202608281401.md)
  ARKO COURT_RED: 2 kg_candidate(s) harvested
  ARKO COURT_RED -> COURT_BLUE (ARKO_COURT_RED_202608281408.md)
  XE COURT_RED: 2 kg_candidate(s) harvested
  XE COURT_RED -> COURT_BLUE (XE_COURT_RED_202608281413.md)
  OCGN COURT_RED: 2 kg_candidate(s) harvested
  OCGN COURT_RED -> COURT_BLUE (OCGN_COURT_RED_202608281418.md)
  AWAITING ADJUDICATION (session job — pitch doc + verdict + wiring): ['CBKD', 'MTN.JO', 'PRX.AS']

===== 2026-08-28 07:34 (desk) =====
[court_runner] 2026-08-28T14:34:26Z
  INFRA FAILURE (not-logged-in) — aborting the whole drain (every dispatch would fail; no validator-reject rows written)

/Users/ajay/Library/Python/3.9/lib/python/site-packages/urllib3/__init__.py:35: NotOpenSSLWarning: urllib3 v2 only supports OpenSSL 1.1.1+, currently the 'ssl' module is compiled with 'LibreSSL 2.8.3'. See: https://github.com/urllib3/urllib3/issues/3020
  warnings.warn(
positions request timed out
account updates for ACCOUNT_ALPHA request timed out
account updates for ACCOUNT_BETA request timed out
/Users/ajay/Library/Python/3.9/lib/python/site-packages/urllib3/__init__.py:35: NotOpenSSLWarning: urllib3 v2 only supports OpenSSL 1.1.1+, currently the 'ssl' module is compiled with 'LibreSSL 2.8.3'. See: https://github.com/urllib3/urllib3/issues/3020
  warnings.warn(
positions request timed out
account updates for ACCOUNT_ALPHA request timed out
account updates for ACCOUNT_BETA request timed out
positions request timed out
account updates for ACCOUNT_ALPHA request timed out
account updates for ACCOUNT_BETA request timed out
positions request timed out
account updates for ACCOUNT_ALPHA request timed out
account updates for ACCOUNT_BETA request timed out
positions request timed out
account updates for ACCOUNT_ALPHA request timed out
account updates for ACCOUNT_BETA request timed out
[deck_writer] HPP: deck emailed (HPP_PITCH_DECK_20260828.pdf)
[deck_writer] ARKO: deck emailed (ARKO_PITCH_DECK_20260828.pdf)
[deck_writer] XE: deck emailed (XE_PITCH_DECK_20260828.pdf)
[deck_writer] OCGN: deck emailed (OCGN_PITCH_DECK_20260828.pdf)
[deck_writer] backfill: 0 courted name(s) without a deck: []
[court_runner] 2026-08-28T15:41:28Z
  HPP COURT_BLUE: reject (missing BLUE BENCH header / RED CASE ruling) — immediate retry
  HPP COURT_BLUE: 2 kg_candidate(s) harvested
  HPP COURT_BLUE -> ADJUDICATE (HPP_COURT_BLUE_202608281457.md)
  ARKO COURT_BLUE: reject (missing BLUE BENCH header / RED CASE ruling) — immediate retry
  ARKO COURT_BLUE: 2 kg_candidate(s) harvested
  ARKO COURT_BLUE -> ADJUDICATE (ARKO_COURT_BLUE_202608281511.md)
  XE COURT_BLUE: reject (missing BLUE BENCH header / RED CASE ruling) — immediate retry
  XE COURT_BLUE: 2 kg_candidate(s) harvested
  XE COURT_BLUE -> ADJUDICATE (XE_COURT_BLUE_202608281524.md)
  OCGN COURT_BLUE: reject (missing BLUE BENCH header / RED CASE ruling) — immediate retry
  OCGN COURT_BLUE: 1 kg_candidate(s) harvested
  OCGN COURT_BLUE -> ADJUDICATE (OCGN_COURT_BLUE_202608281536.md)
  AWAITING ADJUDICATION (session job — pitch doc + verdict + wiring): ['CBKD', 'MTN.JO', 'PRX.AS', 'HPP', 'ARKO', 'XE', 'OCGN']
[deck_writer] backfill: 0 courted name(s) without a deck: []
[court_runner] 2026-08-28T16:11:28Z
  queue empty

===== 2026-08-28 09:34 (desk) =====
[deck_writer] backfill: 0 courted name(s) without a deck: []
[court_runner] 2026-08-28T16:34:28Z
  queue empty

[deck_writer] backfill: 0 courted name(s) without a deck: []
[court_runner] 2026-08-28T16:41:28Z
  queue empty
[deck_writer] backfill: 0 courted name(s) without a deck: []
[court_runner] 2026-08-28T17:11:29Z
  queue empty
[deck_writer] backfill: 0 courted name(s) without a deck: []
[court_runner] 2026-08-28T17:41:29Z
  queue empty
[deck_writer] backfill: 0 courted name(s) without a deck: []
[court_runner] 2026-08-28T18:11:29Z
  queue empty

===== 2026-08-28 11:34 (desk) =====
[deck_writer] backfill: 0 courted name(s) without a deck: []
[court_runner] 2026-08-28T18:34:26Z
  queue empty

[deck_writer] backfill: 0 courted name(s) without a deck: []
[court_runner] 2026-08-28T18:41:29Z
  queue empty
[deck_writer] backfill: 0 courted name(s) without a deck: []
[court_runner] 2026-08-28T19:11:30Z
  queue empty
[deck_writer] backfill: 0 courted name(s) without a deck: []
[court_runner] 2026-08-28T19:41:30Z
  queue empty
[deck_writer] backfill: 0 courted name(s) without a deck: []
[court_runner] 2026-08-28T20:11:30Z
  queue empty

===== 2026-08-28 13:34 (desk) =====
[deck_writer] backfill: 0 courted name(s) without a deck: []
[court_runner] 2026-08-28T20:34:31Z
  queue empty

[deck_writer] backfill: 0 courted name(s) without a deck: []
[court_runner] 2026-08-28T20:41:31Z
  queue empty
[deck_writer] backfill: 0 courted name(s) without a deck: []
[court_runner] 2026-08-28T21:11:31Z
  queue empty
[deck_writer] backfill: 0 courted name(s) without a deck: []
[court_runner] 2026-08-28T21:41:31Z
  queue empty
[deck_writer] backfill: 0 courted name(s) without a deck: []
[court_runner] 2026-08-28T22:11:31Z
  queue empty

===== 2026-08-28 15:34 (desk) =====
[deck_writer] backfill: 0 courted name(s) without a deck: []
[court_runner] 2026-08-28T22:34:13Z
  queue empty

[deck_writer] backfill: 0 courted name(s) without a deck: []
[court_runner] 2026-08-28T22:41:32Z
  queue empty
[deck_writer] backfill: 0 courted name(s) without a deck: []
[court_runner] 2026-08-28T23:11:32Z
  queue empty
[deck_writer] backfill: 0 courted name(s) without a deck: []
[court_runner] 2026-08-28T23:41:32Z
  queue empty
[deck_writer] backfill: 0 courted name(s) without a deck: []
[court_runner] 2026-08-29T00:11:32Z
  queue empty

===== 2026-08-28 17:34 (desk) =====
[deck_writer] backfill: 0 courted name(s) without a deck: []
[court_runner] 2026-08-29T00:34:19Z
  queue empty

[deck_writer] backfill: 0 courted name(s) without a deck: []
[court_runner] 2026-08-29T00:41:33Z
  queue empty
[deck_writer] backfill: 0 courted name(s) without a deck: []
[court_runner] 2026-08-29T01:11:33Z
  queue empty
[deck_writer] backfill: 0 courted name(s) without a deck: []
[court_runner] 2026-08-29T01:41:33Z
  queue empty
[deck_writer] backfill: 0 courted name(s) without a deck: []
[court_runner] 2026-08-29T02:11:34Z
  queue empty

===== 2026-08-28 19:34 (desk) =====
[deck_writer] backfill: 0 courted name(s) without a deck: []
[court_runner] 2026-08-29T02:34:36Z
  queue empty

[deck_writer] backfill: 0 courted name(s) without a deck: []
[court_runner] 2026-08-29T02:41:34Z
  queue empty
[deck_writer] backfill: 0 courted name(s) without a deck: []
[court_runner] 2026-08-29T03:11:34Z
  queue empty
[deck_writer] backfill: 0 courted name(s) without a deck: []
[court_runner] 2026-08-29T03:41:34Z
  queue empty
[deck_writer] backfill: 0 courted name(s) without a deck: []
[court_runner] 2026-08-29T04:11:35Z
  queue empty

===== 2026-08-28 21:34 (desk) =====
[deck_writer] backfill: 0 courted name(s) without a deck: []
[court_runner] 2026-08-29T04:34:41Z
  queue empty

[deck_writer] backfill: 0 courted name(s) without a deck: []
[court_runner] 2026-08-29T04:41:35Z
  queue empty
[deck_writer] backfill: 0 courted name(s) without a deck: []
[court_runner] 2026-08-29T05:11:35Z
  queue empty
[deck_writer] backfill: 0 courted name(s) without a deck: []
[court_runner] 2026-08-29T05:41:36Z
  queue empty
[deck_writer] backfill: 0 courted name(s) without a deck: []
[court_runner] 2026-08-29T06:11:36Z
  queue empty

===== 2026-08-28 23:34 (desk) =====
[deck_writer] backfill: 0 courted name(s) without a deck: []
[court_runner] 2026-08-29T06:34:31Z
  queue empty

[deck_writer] backfill: 0 courted name(s) without a deck: []
[court_runner] 2026-08-29T06:41:36Z
  queue empty
[deck_writer] backfill: 0 courted name(s) without a deck: []
[court_runner] 2026-08-29T07:11:36Z
  queue empty
[deck_writer] backfill: 0 courted name(s) without a deck: []
[court_runner] 2026-08-29T07:41:37Z
  queue empty
[deck_writer] backfill: 0 courted name(s) without a deck: []
[court_runner] 2026-08-29T08:11:37Z
  queue empty
[deck_writer] backfill: 0 courted name(s) without a deck: []
[court_runner] 2026-08-29T08:41:37Z
  queue empty
[deck_writer] backfill: 0 courted name(s) without a deck: []
[court_runner] 2026-08-29T09:11:38Z
  queue empty
[deck_writer] backfill: 0 courted name(s) without a deck: []
[court_runner] 2026-08-29T09:41:38Z
  queue empty
[deck_writer] backfill: 0 courted name(s) without a deck: []
[court_runner] 2026-08-29T10:11:38Z
  queue empty
[deck_writer] backfill: 0 courted name(s) without a deck: []
[court_runner] 2026-08-29T10:41:38Z
  queue empty
[deck_writer] backfill: 0 courted name(s) without a deck: []
[court_runner] 2026-08-29T11:11:39Z
  queue empty
[deck_writer] backfill: 0 courted name(s) without a deck: []
[court_runner] 2026-08-29T11:41:39Z
  queue empty
[deck_writer] backfill: 0 courted name(s) without a deck: []
[court_runner] 2026-08-29T12:11:39Z
  queue empty
[deck_writer] backfill: 0 courted name(s) without a deck: []
[court_runner] 2026-08-29T12:41:39Z
  queue empty
[deck_writer] backfill: 0 courted name(s) without a deck: []
[court_runner] 2026-08-29T13:11:40Z
  queue empty
[deck_writer] backfill: 0 courted name(s) without a deck: []
[court_runner] 2026-08-29T13:41:40Z
  queue empty
[deck_writer] backfill: 0 courted name(s) without a deck: []
[court_runner] 2026-08-29T14:11:40Z
  queue empty
[deck_writer] backfill: 0 courted name(s) without a deck: []
[court_runner] 2026-08-29T14:41:40Z
  queue empty
[deck_writer] backfill: 0 courted name(s) without a deck: []
[court_runner] 2026-08-29T15:11:41Z
  queue empty
[deck_writer] backfill: 0 courted name(s) without a deck: []
[court_runner] 2026-08-29T15:41:41Z
  queue empty
[deck_writer] backfill: 0 courted name(s) without a deck: []
[court_runner] 2026-08-29T16:11:41Z
  queue empty
[deck_writer] backfill: 0 courted name(s) without a deck: []
[court_runner] 2026-08-29T16:41:42Z
  queue empty
[deck_writer] backfill: 0 courted name(s) without a deck: []
[court_runner] 2026-08-29T17:11:42Z
  queue empty
[deck_writer] backfill: 0 courted name(s) without a deck: []
[court_runner] 2026-08-29T17:41:42Z
  queue empty
[deck_writer] backfill: 0 courted name(s) without a deck: []
[court_runner] 2026-08-29T18:11:42Z
  queue empty
[deck_writer] backfill: 0 courted name(s) without a deck: []
[court_runner] 2026-08-29T18:41:43Z
  queue empty
[deck_writer] backfill: 0 courted name(s) without a deck: []
[court_runner] 2026-08-29T19:11:43Z
  queue empty
[deck_writer] backfill: 0 courted name(s) without a deck: []
[court_runner] 2026-08-29T19:41:43Z
  queue empty
[deck_writer] backfill: 0 courted name(s) without a deck: []
[court_runner] 2026-08-29T20:11:44Z
  queue empty
[deck_writer] backfill: 0 courted name(s) without a deck: []
[court_runner] 2026-08-29T20:41:44Z
  queue empty
[deck_writer] backfill: 0 courted name(s) without a deck: []
[court_runner] 2026-08-29T21:11:44Z
  queue empty
[deck_writer] backfill: 0 courted name(s) without a deck: []
[court_runner] 2026-08-29T21:41:45Z
  queue empty
[deck_writer] backfill: 0 courted name(s) without a deck: []
[court_runner] 2026-08-29T22:11:45Z
  queue empty
[deck_writer] backfill: 0 courted name(s) without a deck: []
[court_runner] 2026-08-29T22:41:45Z
  queue empty
[deck_writer] backfill: 0 courted name(s) without a deck: []
[court_runner] 2026-08-29T23:11:45Z
  queue empty
[deck_writer] backfill: 0 courted name(s) without a deck: []
[court_runner] 2026-08-29T23:41:46Z
  queue empty
[deck_writer] backfill: 0 courted name(s) without a deck: []
[court_runner] 2026-08-30T00:11:46Z
  queue empty
[deck_writer] backfill: 0 courted name(s) without a deck: []
[court_runner] 2026-08-30T00:41:46Z
  queue empty
[deck_writer] backfill: 0 courted name(s) without a deck: []
[court_runner] 2026-08-30T01:11:46Z
  queue empty
[deck_writer] backfill: 0 courted name(s) without a deck: []
[court_runner] 2026-08-30T01:41:47Z
  queue empty
[deck_writer] backfill: 0 courted name(s) without a deck: []
[court_runner] 2026-08-30T02:11:47Z
  queue empty
[deck_writer] backfill: 0 courted name(s) without a deck: []
[court_runner] 2026-08-30T02:41:47Z
  queue empty
[deck_writer] backfill: 0 courted name(s) without a deck: []
[court_runner] 2026-08-30T03:11:48Z
  queue empty
[deck_writer] backfill: 0 courted name(s) without a deck: []
[court_runner] 2026-08-30T03:41:48Z
  queue empty
[deck_writer] backfill: 0 courted name(s) without a deck: []
[court_runner] 2026-08-30T04:11:48Z
  queue empty
[deck_writer] backfill: 0 courted name(s) without a deck: []
[court_runner] 2026-08-30T04:41:48Z
  queue empty
[deck_writer] backfill: 0 courted name(s) without a deck: []
[court_runner] 2026-08-30T05:11:49Z
  queue empty
[deck_writer] backfill: 0 courted name(s) without a deck: []
[court_runner] 2026-08-30T05:41:49Z
  queue empty
[deck_writer] backfill: 0 courted name(s) without a deck: []
[court_runner] 2026-08-30T06:11:49Z
  queue empty
[deck_writer] backfill: 0 courted name(s) without a deck: []
[court_runner] 2026-08-30T06:41:49Z
  queue empty
[deck_writer] backfill: 0 courted name(s) without a deck: []
[court_runner] 2026-08-30T07:11:50Z
  queue empty
[deck_writer] backfill: 0 courted name(s) without a deck: []
[court_runner] 2026-08-30T07:41:50Z
  queue empty
[deck_writer] backfill: 0 courted name(s) without a deck: []
[court_runner] 2026-08-30T08:11:50Z
  queue empty
[deck_writer] backfill: 0 courted name(s) without a deck: []
[court_runner] 2026-08-30T08:41:51Z
  queue empty
[deck_writer] backfill: 0 courted name(s) without a deck: []
[court_runner] 2026-08-30T09:11:51Z
  queue empty
[deck_writer] backfill: 0 courted name(s) without a deck: []
[court_runner] 2026-08-30T09:41:51Z
  queue empty
[deck_writer] backfill: 0 courted name(s) without a deck: []
[court_runner] 2026-08-30T10:11:51Z
  queue empty
[deck_writer] backfill: 0 courted name(s) without a deck: []
[court_runner] 2026-08-30T10:41:52Z
  queue empty
[deck_writer] backfill: 0 courted name(s) without a deck: []
[court_runner] 2026-08-30T11:11:52Z
  queue empty
[deck_writer] backfill: 0 courted name(s) without a deck: []
[court_runner] 2026-08-30T11:41:52Z
  queue empty
[deck_writer] backfill: 0 courted name(s) without a deck: []
[court_runner] 2026-08-30T12:11:52Z
  queue empty
[deck_writer] backfill: 0 courted name(s) without a deck: []
[court_runner] 2026-08-30T12:41:53Z
  queue empty
[deck_writer] backfill: 0 courted name(s) without a deck: []
[court_runner] 2026-08-30T13:11:53Z
  queue empty
[deck_writer] backfill: 0 courted name(s) without a deck: []
[court_runner] 2026-08-30T13:41:53Z
  queue empty
[deck_writer] backfill: 0 courted name(s) without a deck: []
[court_runner] 2026-08-30T14:11:53Z
  queue empty
[deck_writer] backfill: 0 courted name(s) without a deck: []
[court_runner] 2026-08-30T14:41:54Z
  queue empty
[deck_writer] backfill: 0 courted name(s) without a deck: []
[court_runner] 2026-08-30T15:11:54Z
  queue empty
[deck_writer] backfill: 0 courted name(s) without a deck: []
[court_runner] 2026-08-30T15:41:54Z
  queue empty
[deck_writer] backfill: 0 courted name(s) without a deck: []
[court_runner] 2026-08-30T16:11:54Z
  queue empty
/Users/ajay/Library/Python/3.9/lib/python/site-packages/urllib3/__init__.py:35: NotOpenSSLWarning: urllib3 v2 only supports OpenSSL 1.1.1+, currently the 'ssl' module is compiled with 'LibreSSL 2.8.3'. See: https://github.com/urllib3/urllib3/issues/3020
  warnings.warn(
HTTP Error 404: {"quoteSummary":{"result":null,"error":{"code":"Not Found","description":"Quote not found for symbol: NORTHPOINTE BANCSHARES, INC."}}}
HTTP Error 404: {"quoteSummary":{"result":null,"error":{"code":"Not Found","description":"Quote not found for symbol: NORTHPOINTE BANCSHARES, INC."}}}
Error 200, reqId 4: No security definition has been found for the request, contract: Stock(symbol='MC.PA', exchange='SMART', currency='USD')
Unknown contract: Stock(symbol='MC.PA', exchange='SMART', currency='USD')
[deck_writer] backfill: 0 courted name(s) without a deck: []
[court_runner] 2026-08-30T16:59:51Z
  NPB COURT_RED: 1 kg_candidate(s) harvested
  NPB COURT_RED -> COURT_BLUE (NPB_COURT_RED_202608301651.md)
  MC.PA REFUTABILITY -> COURT_RED (MC_PA_REFUTABILITY_202608301659.md)
/Users/ajay/Library/Python/3.9/lib/python/site-packages/urllib3/__init__.py:35: NotOpenSSLWarning: urllib3 v2 only supports OpenSSL 1.1.1+, currently the 'ssl' module is compiled with 'LibreSSL 2.8.3'. See: https://github.com/urllib3/urllib3/issues/3020
  warnings.warn(
[deck_writer] NPB: deck emailed (NPB_PITCH_DECK_20260830.pdf)
[deck_writer] backfill: 0 courted name(s) without a deck: []
[court_runner] 2026-08-30T17:49:16Z
  NPB COURT_BLUE: 1 kg_candidate(s) harvested
  NPB COURT_BLUE -> ADJUDICATE (NPB_COURT_BLUE_202608301734.md)
  MC.PA COURT_RED: reject (no primary citation (http) anywhere in the output) — immediate retry
  MC.PA COURT_RED: 1 kg_candidate(s) harvested
  MC.PA COURT_RED -> COURT_BLUE (MC_PA_COURT_RED_202608301749.md)
  AWAITING ADJUDICATION (session job — pitch doc + verdict + wiring): ['NPB']
/Users/ajay/Library/Python/3.9/lib/python/site-packages/urllib3/__init__.py:35: NotOpenSSLWarning: urllib3 v2 only supports OpenSSL 1.1.1+, currently the 'ssl' module is compiled with 'LibreSSL 2.8.3'. See: https://github.com/urllib3/urllib3/issues/3020
  warnings.warn(
[deck_writer] MC.PA: deck emailed (MC_PA_PITCH_DECK_20260830.pdf)
[deck_writer] backfill: 0 courted name(s) without a deck: []
[court_runner] 2026-08-30T18:26:29Z
  MC.PA COURT_BLUE -> ADJUDICATE (MC_PA_COURT_BLUE_202608301822.md)
  AWAITING ADJUDICATION (session job — pitch doc + verdict + wiring): ['NPB', 'MC.PA']
[deck_writer] backfill: 0 courted name(s) without a deck: []
[court_runner] 2026-08-30T18:56:30Z
  AWAITING ADJUDICATION (session job — pitch doc + verdict + wiring): ['NPB', 'MC.PA']
[deck_writer] backfill: 0 courted name(s) without a deck: []
[court_runner] 2026-08-30T19:26:30Z
  AWAITING ADJUDICATION (session job — pitch doc + verdict + wiring): ['NPB', 'MC.PA']
[deck_writer] backfill: 0 courted name(s) without a deck: []
[court_runner] 2026-08-30T19:56:30Z
  AWAITING ADJUDICATION (session job — pitch doc + verdict + wiring): ['NPB', 'MC.PA']
[deck_writer] backfill: 0 courted name(s) without a deck: []
[court_runner] 2026-08-30T20:26:31Z
  AWAITING ADJUDICATION (session job — pitch doc + verdict + wiring): ['NPB', 'MC.PA']
[deck_writer] backfill: 0 courted name(s) without a deck: []
[court_runner] 2026-08-30T20:56:31Z
  AWAITING ADJUDICATION (session job — pitch doc + verdict + wiring): ['NPB', 'MC.PA']
[deck_writer] backfill: 0 courted name(s) without a deck: []
[court_runner] 2026-08-30T21:26:31Z
  AWAITING ADJUDICATION (session job — pitch doc + verdict + wiring): ['NPB', 'MC.PA']
[deck_writer] backfill: 0 courted name(s) without a deck: []
[court_runner] 2026-08-30T21:56:31Z
  queue empty
[deck_writer] backfill: 0 courted name(s) without a deck: []
[court_runner] 2026-08-30T22:26:32Z
  queue empty
[deck_writer] backfill: 0 courted name(s) without a deck: []
[court_runner] 2026-08-30T22:56:32Z
  queue empty
[deck_writer] backfill: 0 courted name(s) without a deck: []
[court_runner] 2026-08-30T23:26:32Z
  queue empty
[deck_writer] backfill: 0 courted name(s) without a deck: []
[court_runner] 2026-08-30T23:56:33Z
  queue empty
[deck_writer] backfill: 0 courted name(s) without a deck: []
[court_runner] 2026-08-31T00:26:33Z
  queue empty
[deck_writer] backfill: 0 courted name(s) without a deck: []
[court_runner] 2026-08-31T00:56:33Z
  queue empty
[deck_writer] backfill: 0 courted name(s) without a deck: []
[court_runner] 2026-08-31T01:26:34Z
  queue empty
[deck_writer] backfill: 0 courted name(s) without a deck: []
[court_runner] 2026-08-31T01:56:34Z
  queue empty
[deck_writer] backfill: 0 courted name(s) without a deck: []
[court_runner] 2026-08-31T02:26:34Z
  queue empty
[deck_writer] backfill: 0 courted name(s) without a deck: []
[court_runner] 2026-08-31T02:56:35Z
  queue empty
[deck_writer] backfill: 0 courted name(s) without a deck: []
[court_runner] 2026-08-31T03:26:35Z
  queue empty
[deck_writer] backfill: 0 courted name(s) without a deck: []
[court_runner] 2026-08-31T03:56:35Z
  queue empty
[deck_writer] backfill: 0 courted name(s) without a deck: []
[court_runner] 2026-08-31T04:26:35Z
  queue empty
[deck_writer] backfill: 0 courted name(s) without a deck: []
[court_runner] 2026-08-31T04:56:36Z
  queue empty
[deck_writer] backfill: 0 courted name(s) without a deck: []
[court_runner] 2026-08-31T05:26:36Z
  queue empty
[deck_writer] backfill: 0 courted name(s) without a deck: []
[court_runner] 2026-08-31T05:56:36Z
  queue empty
/Users/ajay/Library/Python/3.9/lib/python/site-packages/urllib3/__init__.py:35: NotOpenSSLWarning: urllib3 v2 only supports OpenSSL 1.1.1+, currently the 'ssl' module is compiled with 'LibreSSL 2.8.3'. See: https://github.com/urllib3/urllib3/issues/3020
  warnings.warn(
[deck_writer] backfill: 0 courted name(s) without a deck: []
[court_runner] 2026-08-31T06:44:57Z
  LEN REFUTABILITY -> KILLED (LEN_REFUTABILITY_202608310632.md)
  GEF REFUTABILITY -> ADJUDICATE (GEF_REFUTABILITY_202608310644.md)
  AWAITING ADJUDICATION (session job — pitch doc + verdict + wiring): ['GEF']
/Users/ajay/Library/Python/3.9/lib/python/site-packages/urllib3/__init__.py:35: NotOpenSSLWarning: urllib3 v2 only supports OpenSSL 1.1.1+, currently the 'ssl' module is compiled with 'LibreSSL 2.8.3'. See: https://github.com/urllib3/urllib3/issues/3020
  warnings.warn(
Error 326, reqId -1: Unable to connect as the client id is already in use. Retry with a unique client id.
Peer closed connection. clientId 43 already in use?
API connection failed: TimeoutError()

===== 2026-08-31 00:38 (desk) =====
[court_runner] 2026-08-31T07:38:02Z another drain in progress — exiting (lock held)

[deck_writer] backfill: 0 courted name(s) without a deck: []
[court_runner] 2026-08-31T07:58:35Z
  RGLD REFUTABILITY -> COURT_RED (RGLD_REFUTABILITY_202608310721.md)
  VOXR REFUTABILITY -> COURT_RED (VOXR_REFUTABILITY_202608310726.md)
  MTA REFUTABILITY -> COURT_RED (MTA_REFUTABILITY_202608310730.md)
  DRD REFUTABILITY -> COURT_RED (DRD_REFUTABILITY_202608310736.md)
  IDR REFUTABILITY -> ADJUDICATE (IDR_REFUTABILITY_202608310740.md)
  CWCO REFUTABILITY -> COURT_RED (CWCO_REFUTABILITY_202608310745.md)
  PLPC REFUTABILITY -> ADJUDICATE (PLPC_REFUTABILITY_202608310749.md)
  OPXS REFUTABILITY -> ADJUDICATE (OPXS_REFUTABILITY_202608310754.md)
  CDRE REFUTABILITY -> COURT_RED (CDRE_REFUTABILITY_202608310758.md)
  AWAITING ADJUDICATION (session job — pitch doc + verdict + wiring): ['GEF', 'IDR', 'PLPC', 'OPXS']
/Users/ajay/Library/Python/3.9/lib/python/site-packages/urllib3/__init__.py:35: NotOpenSSLWarning: urllib3 v2 only supports OpenSSL 1.1.1+, currently the 'ssl' module is compiled with 'LibreSSL 2.8.3'. See: https://github.com/urllib3/urllib3/issues/3020
  warnings.warn(

===== 2026-08-31 02:34 (desk) =====
[court_runner] 2026-08-31T09:34:02Z another drain in progress — exiting (lock held)

[deck_writer] backfill: 0 courted name(s) without a deck: []
[court_runner] 2026-08-31T09:41:58Z
  HYGIENE evicted=['KEP', 'SOFI', 'XPEV', 'RKT', 'STLA', 'FN', 'LI', 'SYM', 'HDB', 'STRL', 'INIO', 'CPNG', 'QXO'] flagged=0
  RGLD COURT_RED: 2 kg_candidate(s) harvested
  RGLD COURT_RED -> COURT_BLUE (RGLD_COURT_RED_202608310834.md)
  VOXR COURT_RED: 2 kg_candidate(s) harvested
  VOXR COURT_RED -> COURT_BLUE (VOXR_COURT_RED_202608310839.md)
  MTA COURT_RED: reject (missing RED BENCH header / RECOMMEND enum) — immediate retry
  MTA COURT_RED: 1 kg_candidate(s) harvested
  MTA COURT_RED -> COURT_BLUE (MTA_COURT_RED_202608310850.md)
  DRD COURT_RED: 2 kg_candidate(s) harvested
  DRD COURT_RED -> COURT_BLUE (DRD_COURT_RED_202608310857.md)
  CWCO COURT_RED: 2 kg_candidate(s) harvested
  CWCO COURT_RED -> COURT_BLUE (CWCO_COURT_RED_202608310904.md)
  CDRE COURT_RED: 1 kg_candidate(s) harvested
  CDRE COURT_RED -> COURT_BLUE (CDRE_COURT_RED_202608310912.md)
  BRUN REFUTABILITY -> COURT_RED (BRUN_REFUTABILITY_202608310917.md)
  CHRN REFUTABILITY -> KILLED (CHRN_REFUTABILITY_202608310922.md)
  AGX REFUTABILITY -> COURT_RED (AGX_REFUTABILITY_202608310928.md)
  VISN REFUTABILITY -> COURT_RED (VISN_REFUTABILITY_202608310936.md)
  RIOT REFUTABILITY -> ADJUDICATE (RIOT_REFUTABILITY_202608310941.md)
  AWAITING ADJUDICATION (session job — pitch doc + verdict + wiring): ['GEF', 'IDR', 'PLPC', 'OPXS', 'RIOT']
/Users/ajay/Library/Python/3.9/lib/python/site-packages/urllib3/__init__.py:35: NotOpenSSLWarning: urllib3 v2 only supports OpenSSL 1.1.1+, currently the 'ssl' module is compiled with 'LibreSSL 2.8.3'. See: https://github.com/urllib3/urllib3/issues/3020
  warnings.warn(
[deck_writer] RGLD: deck emailed (RGLD_PITCH_DECK_20260831.pdf)
[deck_writer] VOXR: deck emailed (VOXR_PITCH_DECK_20260831.pdf)
[deck_writer] MTA: deck emailed (MTA_PITCH_DECK_20260831.pdf)
[deck_writer] CWCO: deck emailed (CWCO_PITCH_DECK_20260831.pdf)
[deck_writer] CDRE: deck emailed (CDRE_PITCH_DECK_20260831.pdf)
[deck_writer] backfill: 0 courted name(s) without a deck: []
[court_runner] 2026-08-31T11:23:26Z
  RGLD COURT_BLUE -> ADJUDICATE (RGLD_COURT_BLUE_202608311015.md)
  VOXR COURT_BLUE: 2 kg_candidate(s) harvested
  VOXR COURT_BLUE -> ADJUDICATE (VOXR_COURT_BLUE_202608311022.md)
  MTA COURT_BLUE: 1 kg_candidate(s) harvested
  MTA COURT_BLUE -> ADJUDICATE (MTA_COURT_BLUE_202608311029.md)
  DRD COURT_BLUE: reject (missing BLUE BENCH header / RED CASE ruling) — immediate retry
  DRD COURT_BLUE: VALIDATOR REJECTED (missing BLUE BENCH header / RED CASE ruling) — output not persisted to queue
  CWCO COURT_BLUE: 2 kg_candidate(s) harvested
  CWCO COURT_BLUE -> ADJUDICATE (CWCO_COURT_BLUE_202608311046.md)
  CDRE COURT_BLUE: reject (missing BLUE BENCH header / RED CASE ruling) — immediate retry
  CDRE COURT_BLUE: 1 kg_candidate(s) harvested
  CDRE COURT_BLUE -> ADJUDICATE (CDRE_COURT_BLUE_202608311057.md)
  BRUN COURT_RED: 2 kg_candidate(s) harvested
  BRUN COURT_RED -> COURT_BLUE (BRUN_COURT_RED_202608311106.md)
  AGX COURT_RED: reject (no KILL-CLASS tags (§CONSENSUS-KILL, 2026-08-21 — every surviving kill must be tagged NOVEL or CONSENSUS; an all-consensus kill set on a fair-priced name is a minimum starter, not a FLAT)) — immediate retry
  AGX COURT_RED: 1 kg_candidate(s) harvested
  AGX COURT_RED -> COURT_BLUE (AGX_COURT_RED_202608311117.md)
  VISN COURT_RED: 2 kg_candidate(s) harvested
  VISN COURT_RED -> COURT_BLUE (VISN_COURT_RED_202608311123.md)
  AWAITING ADJUDICATION (session job — pitch doc + verdict + wiring): ['GEF', 'RGLD', 'VOXR', 'MTA', 'IDR', 'CWCO', 'PLPC', 'OPXS', 'CDRE', 'RIOT']

===== 2026-08-31 04:34 (desk) =====
[court_runner] 2026-08-31T11:34:12Z
  INFRA FAILURE (not-logged-in) — aborting the whole drain (every dispatch would fail; no validator-reject rows written)

/Users/ajay/Library/Python/3.9/lib/python/site-packages/urllib3/__init__.py:35: NotOpenSSLWarning: urllib3 v2 only supports OpenSSL 1.1.1+, currently the 'ssl' module is compiled with 'LibreSSL 2.8.3'. See: https://github.com/urllib3/urllib3/issues/3020
  warnings.warn(
/Users/ajay/Library/Python/3.9/lib/python/site-packages/urllib3/__init__.py:35: NotOpenSSLWarning: urllib3 v2 only supports OpenSSL 1.1.1+, currently the 'ssl' module is compiled with 'LibreSSL 2.8.3'. See: https://github.com/urllib3/urllib3/issues/3020
  warnings.warn(
[deck_writer] BRUN: deck emailed (BRUN_PITCH_DECK_20260831.pdf)
[deck_writer] VISN: deck emailed (VISN_PITCH_DECK_20260831.pdf)
[deck_writer] backfill: 0 courted name(s) without a deck: []
[court_runner] 2026-08-31T12:27:49Z
  DRD COURT_BLUE: reject (missing BLUE BENCH header / RED CASE ruling) — immediate retry
  DRD COURT_BLUE: VALIDATOR REJECTED (missing BLUE BENCH header / RED CASE ruling) — output not persisted to queue
  BRUN COURT_BLUE: 2 kg_candidate(s) harvested
  BRUN COURT_BLUE -> ADJUDICATE (BRUN_COURT_BLUE_202608311207.md)
  AGX COURT_BLUE: reject (missing BLUE BENCH header / RED CASE ruling) — immediate retry
  AGX COURT_BLUE: VALIDATOR REJECTED (missing BLUE BENCH header / RED CASE ruling) — output not persisted to queue
  VISN COURT_BLUE: 2 kg_candidate(s) harvested
  VISN COURT_BLUE -> ADJUDICATE (VISN_COURT_BLUE_202608311224.md)
  AWAITING ADJUDICATION (session job — pitch doc + verdict + wiring): ['GEF', 'RGLD', 'VOXR', 'MTA', 'IDR', 'CWCO', 'PLPC', 'OPXS', 'CDRE', 'BRUN', 'VISN', 'RIOT']
/Users/ajay/Library/Python/3.9/lib/python/site-packages/urllib3/__init__.py:35: NotOpenSSLWarning: urllib3 v2 only supports OpenSSL 1.1.1+, currently the 'ssl' module is compiled with 'LibreSSL 2.8.3'. See: https://github.com/urllib3/urllib3/issues/3020
  warnings.warn(
[deck_writer] DRD: deck emailed (DRD_PITCH_DECK_20260831.pdf)
[deck_writer] AGX: deck emailed (AGX_PITCH_DECK_20260831.pdf)
[deck_writer] backfill: 0 courted name(s) without a deck: []
[court_runner] 2026-08-31T13:16:53Z
  HYGIENE evicted=['KEP', 'SOFI', 'XPEV', 'RKT', 'STLA', 'FN', 'LI', 'SYM', 'HDB', 'STRL', 'INIO', 'CPNG', 'QXO'] flagged=0
  DRD COURT_BLUE: 1 kg_candidate(s) harvested
  DRD COURT_BLUE -> ADJUDICATE (DRD_COURT_BLUE_202608311302.md)
  AGX COURT_BLUE: reject (missing BLUE BENCH header / RED CASE ruling) — immediate retry
  AGX COURT_BLUE: 1 kg_candidate(s) harvested
  AGX COURT_BLUE -> ADJUDICATE (AGX_COURT_BLUE_202608311313.md)
  AWAITING ADJUDICATION (session job — pitch doc + verdict + wiring): ['GEF', 'RGLD', 'VOXR', 'MTA', 'DRD', 'IDR', 'CWCO', 'PLPC', 'OPXS', 'CDRE', 'BRUN', 'AGX', 'VISN', 'RIOT']

===== 2026-08-31 06:34 (desk) =====
[deck_writer] backfill: 0 courted name(s) without a deck: []
[court_runner] 2026-08-31T13:34:22Z
  AWAITING ADJUDICATION (session job — pitch doc + verdict + wiring): ['GEF', 'RGLD', 'VOXR', 'MTA', 'DRD', 'IDR', 'CWCO', 'PLPC', 'OPXS', 'CDRE', 'BRUN', 'AGX', 'VISN', 'RIOT']

[deck_writer] backfill: 0 courted name(s) without a deck: []
[court_runner] 2026-08-31T13:46:53Z
  AWAITING ADJUDICATION (session job — pitch doc + verdict + wiring): ['GEF', 'RGLD', 'VOXR', 'MTA', 'DRD', 'IDR', 'CWCO', 'PLPC', 'OPXS', 'CDRE', 'BRUN', 'AGX', 'VISN', 'RIOT']
[deck_writer] backfill: 0 courted name(s) without a deck: []
[court_runner] 2026-08-31T14:16:53Z
  AWAITING ADJUDICATION (session job — pitch doc + verdict + wiring): ['GEF', 'RGLD', 'VOXR', 'MTA', 'DRD', 'IDR', 'CWCO', 'PLPC', 'OPXS', 'CDRE', 'BRUN', 'AGX', 'VISN', 'RIOT']
[deck_writer] backfill: 0 courted name(s) without a deck: []
[court_runner] 2026-08-31T14:46:54Z
  AWAITING ADJUDICATION (session job — pitch doc + verdict + wiring): ['GEF', 'RGLD', 'VOXR', 'MTA', 'DRD', 'IDR', 'CWCO', 'PLPC', 'OPXS', 'CDRE', 'BRUN', 'AGX', 'VISN', 'RIOT']
/Users/ajay/Library/Python/3.9/lib/python/site-packages/urllib3/__init__.py:35: NotOpenSSLWarning: urllib3 v2 only supports OpenSSL 1.1.1+, currently the 'ssl' module is compiled with 'LibreSSL 2.8.3'. See: https://github.com/urllib3/urllib3/issues/3020
  warnings.warn(
[deck_writer] backfill: 0 courted name(s) without a deck: []
[court_runner] 2026-08-31T15:31:36Z
  CROX REFUTABILITY -> COURT_RED (CROX_REFUTABILITY_202608311522.md)
  GEF REFUTABILITY -> ADJUDICATE (GEF_REFUTABILITY_202608311531.md)
  AWAITING ADJUDICATION (session job — pitch doc + verdict + wiring): ['GEF']

===== 2026-08-31 08:32 (desk) =====
[court_runner] 2026-08-31T15:32:28Z
  INFRA FAILURE (not-logged-in) — aborting the whole drain (every dispatch would fail; no validator-reject rows written)

positions request timed out
account updates for ACCOUNT_ALPHA request timed out
account updates for ACCOUNT_BETA request timed out
/Users/ajay/Library/Python/3.9/lib/python/site-packages/urllib3/__init__.py:35: NotOpenSSLWarning: urllib3 v2 only supports OpenSSL 1.1.1+, currently the 'ssl' module is compiled with 'LibreSSL 2.8.3'. See: https://github.com/urllib3/urllib3/issues/3020
  warnings.warn(
positions request timed out
account updates for ACCOUNT_ALPHA request timed out
account updates for ACCOUNT_BETA request timed out
/Users/ajay/Library/Python/3.9/lib/python/site-packages/urllib3/__init__.py:35: NotOpenSSLWarning: urllib3 v2 only supports OpenSSL 1.1.1+, currently the 'ssl' module is compiled with 'LibreSSL 2.8.3'. See: https://github.com/urllib3/urllib3/issues/3020
  warnings.warn(
[deck_writer] backfill: 0 courted name(s) without a deck: []
[court_runner] 2026-08-31T16:08:25Z
  CROX COURT_RED: 1 kg_candidate(s) harvested
  CROX COURT_RED -> COURT_BLUE (CROX_COURT_RED_202608311608.md)
  AWAITING ADJUDICATION (session job — pitch doc + verdict + wiring): ['GEF']
/Users/ajay/Library/Python/3.9/lib/python/site-packages/urllib3/__init__.py:35: NotOpenSSLWarning: urllib3 v2 only supports OpenSSL 1.1.1+, currently the 'ssl' module is compiled with 'LibreSSL 2.8.3'. See: https://github.com/urllib3/urllib3/issues/3020
  warnings.warn(
[deck_writer] CROX: deck emailed (CROX_PITCH_DECK_20260831.pdf)
[deck_writer] backfill: 0 courted name(s) without a deck: []
[court_runner] 2026-08-31T16:49:10Z
  CROX COURT_BLUE: reject (missing BLUE BENCH header / RED CASE ruling) — immediate retry
  CROX COURT_BLUE: 1 kg_candidate(s) harvested
  CROX COURT_BLUE -> ADJUDICATE (CROX_COURT_BLUE_202608311645.md)
  AWAITING ADJUDICATION (session job — pitch doc + verdict + wiring): ['CROX', 'GEF']
[deck_writer] backfill: 0 courted name(s) without a deck: []
[court_runner] 2026-08-31T17:19:10Z
  AWAITING ADJUDICATION (session job — pitch doc + verdict + wiring): ['CROX', 'GEF']

===== 2026-08-31 10:34 (desk) =====
[court_runner] 2026-08-31T17:34:53Z
  INFRA FAILURE (not-logged-in) — aborting the whole drain (every dispatch would fail; no validator-reject rows written)

/Users/ajay/Library/Python/3.9/lib/python/site-packages/urllib3/__init__.py:35: NotOpenSSLWarning: urllib3 v2 only supports OpenSSL 1.1.1+, currently the 'ssl' module is compiled with 'LibreSSL 2.8.3'. See: https://github.com/urllib3/urllib3/issues/3020
  warnings.warn(
/Users/ajay/Library/Python/3.9/lib/python/site-packages/urllib3/__init__.py:35: NotOpenSSLWarning: urllib3 v2 only supports OpenSSL 1.1.1+, currently the 'ssl' module is compiled with 'LibreSSL 2.8.3'. See: https://github.com/urllib3/urllib3/issues/3020
  warnings.warn(
[deck_writer] backfill: 0 courted name(s) without a deck: []
[court_runner] 2026-08-31T17:52:56Z
  NTRS TRAP_VERIFY -> KILLED (NTRS_TRAP_VERIFY_202608311752.md)
  AWAITING ADJUDICATION (session job — pitch doc + verdict + wiring): ['CROX', 'GEF']
[deck_writer] backfill: 0 courted name(s) without a deck: []
[court_runner] 2026-08-31T18:22:56Z
  AWAITING ADJUDICATION (session job — pitch doc + verdict + wiring): ['CROX', 'GEF']
[deck_writer] backfill: 0 courted name(s) without a deck: []
[court_runner] 2026-08-31T18:52:57Z
  queue empty
[deck_writer] backfill: 0 courted name(s) without a deck: []
[court_runner] 2026-08-31T19:22:57Z
  queue empty

===== 2026-08-31 12:34 (desk) =====
[deck_writer] backfill: 0 courted name(s) without a deck: []
[court_runner] 2026-08-31T19:34:39Z
  queue empty

[deck_writer] backfill: 0 courted name(s) without a deck: []
[court_runner] 2026-08-31T19:52:57Z
  queue empty
/Users/ajay/Library/Python/3.9/lib/python/site-packages/urllib3/__init__.py:35: NotOpenSSLWarning: urllib3 v2 only supports OpenSSL 1.1.1+, currently the 'ssl' module is compiled with 'LibreSSL 2.8.3'. See: https://github.com/urllib3/urllib3/issues/3020
  warnings.warn(
9713.T: No earnings dates found, symbol may be delisted
[deck_writer] backfill: 0 courted name(s) without a deck: []
[court_runner] 2026-08-31T20:37:41Z
  UTI REFUTABILITY -> COURT_RED (UTI_REFUTABILITY_202608312029.md)
  9713.T REFUTABILITY -> COURT_RED (9713_T_REFUTABILITY_202608312037.md)
/Users/ajay/Library/Python/3.9/lib/python/site-packages/urllib3/__init__.py:35: NotOpenSSLWarning: urllib3 v2 only supports OpenSSL 1.1.1+, currently the 'ssl' module is compiled with 'LibreSSL 2.8.3'. See: https://github.com/urllib3/urllib3/issues/3020
  warnings.warn(
9713.T: No earnings dates found, symbol may be delisted
[deck_writer] backfill: 0 courted name(s) without a deck: []
[court_runner] 2026-08-31T21:19:21Z
  UTI COURT_RED: 2 kg_candidate(s) harvested
  UTI COURT_RED -> COURT_BLUE (UTI_COURT_RED_202608312113.md)
  9713.T COURT_RED: 2 kg_candidate(s) harvested
  9713.T COURT_RED -> COURT_BLUE (9713_T_COURT_RED_202608312119.md)

===== 2026-08-31 14:34 (desk) =====
[court_runner] 2026-08-31T21:34:37Z
  INFRA FAILURE (not-logged-in) — aborting the whole drain (every dispatch would fail; no validator-reject rows written)

/Users/ajay/Library/Python/3.9/lib/python/site-packages/urllib3/__init__.py:35: NotOpenSSLWarning: urllib3 v2 only supports OpenSSL 1.1.1+, currently the 'ssl' module is compiled with 'LibreSSL 2.8.3'. See: https://github.com/urllib3/urllib3/issues/3020
  warnings.warn(
/Users/ajay/Library/Python/3.9/lib/python/site-packages/urllib3/__init__.py:35: NotOpenSSLWarning: urllib3 v2 only supports OpenSSL 1.1.1+, currently the 'ssl' module is compiled with 'LibreSSL 2.8.3'. See: https://github.com/urllib3/urllib3/issues/3020
  warnings.warn(
9713.T: No earnings dates found, symbol may be delisted
positions request timed out
account updates for ACCOUNT_ALPHA request timed out
account updates for ACCOUNT_BETA request timed out
Error 1100, reqId -1: Connectivity between IBKR and Trader Workstation has been lost.
9713.T: No earnings dates found, symbol may be delisted
[deck_writer] 9713.T: deck emailed (9713_T_PITCH_DECK_20260831.pdf)
[deck_writer] backfill: 0 courted name(s) without a deck: []
[court_runner] 2026-08-31T22:06:15Z
  UTI COURT_BLUE: reject (missing BLUE BENCH header / RED CASE ruling) — immediate retry
  UTI COURT_BLUE: VALIDATOR REJECTED (missing BLUE BENCH header / RED CASE ruling) — output not persisted to queue
  9713.T COURT_BLUE: reject (missing BLUE BENCH header / RED CASE ruling) — immediate retry
  9713.T COURT_BLUE: 2 kg_candidate(s) harvested
  9713.T COURT_BLUE -> ADJUDICATE (9713_T_COURT_BLUE_202608312203.md)
  AWAITING ADJUDICATION (session job — pitch doc + verdict + wiring): ['9713.T']
/Users/ajay/Library/Python/3.9/lib/python/site-packages/urllib3/__init__.py:35: NotOpenSSLWarning: urllib3 v2 only supports OpenSSL 1.1.1+, currently the 'ssl' module is compiled with 'LibreSSL 2.8.3'. See: https://github.com/urllib3/urllib3/issues/3020
  warnings.warn(
[deck_writer] UTI: deck emailed (UTI_PITCH_DECK_20260831.pdf)
[deck_writer] backfill: 0 courted name(s) without a deck: []
[court_runner] 2026-08-31T22:43:58Z
  UTI COURT_BLUE: 1 kg_candidate(s) harvested
  UTI COURT_BLUE -> ADJUDICATE (UTI_COURT_BLUE_202608312239.md)
  AWAITING ADJUDICATION (session job — pitch doc + verdict + wiring): ['UTI', '9713.T']
[deck_writer] backfill: 0 courted name(s) without a deck: []
[court_runner] 2026-08-31T23:13:58Z
  queue empty

===== 2026-08-31 16:34 (desk) =====
[deck_writer] backfill: 0 courted name(s) without a deck: []
[court_runner] 2026-08-31T23:34:22Z
  queue empty

[deck_writer] backfill: 0 courted name(s) without a deck: []
[court_runner] 2026-08-31T23:43:59Z
  queue empty
[deck_writer] backfill: 0 courted name(s) without a deck: []
[court_runner] 2026-09-01T00:13:59Z
  queue empty
[deck_writer] backfill: 0 courted name(s) without a deck: []
[court_runner] 2026-09-01T00:43:59Z
  queue empty
[deck_writer] backfill: 0 courted name(s) without a deck: []
[court_runner] 2026-09-01T01:13:59Z
  queue empty

===== 2026-08-31 18:35 (desk) =====
[court_runner] 2026-09-01T01:35:16Z
  INFRA FAILURE (not-logged-in) — aborting the whole drain (every dispatch would fail; no validator-reject rows written)

positions request timed out
account updates for ACCOUNT_ALPHA request timed out
account updates for ACCOUNT_BETA request timed out
/Users/ajay/Library/Python/3.9/lib/python/site-packages/urllib3/__init__.py:35: NotOpenSSLWarning: urllib3 v2 only supports OpenSSL 1.1.1+, currently the 'ssl' module is compiled with 'LibreSSL 2.8.3'. See: https://github.com/urllib3/urllib3/issues/3020
  warnings.warn(
positions request timed out
account updates for ACCOUNT_ALPHA request timed out
account updates for ACCOUNT_BETA request timed out
/Users/ajay/Library/Python/3.9/lib/python/site-packages/urllib3/__init__.py:35: NotOpenSSLWarning: urllib3 v2 only supports OpenSSL 1.1.1+, currently the 'ssl' module is compiled with 'LibreSSL 2.8.3'. See: https://github.com/urllib3/urllib3/issues/3020
  warnings.warn(
[deck_writer] backfill: 0 courted name(s) without a deck: []
[court_runner] 2026-09-01T01:49:44Z
  MNSO REFUTABILITY -> ADJUDICATE (MNSO_REFUTABILITY_202609010149.md)
  AWAITING ADJUDICATION (session job — pitch doc + verdict + wiring): ['MNSO']
[deck_writer] backfill: 0 courted name(s) without a deck: []
[court_runner] 2026-09-01T02:19:44Z
  AWAITING ADJUDICATION (session job — pitch doc + verdict + wiring): ['MNSO']
/Users/ajay/Library/Python/3.9/lib/python/site-packages/urllib3/__init__.py:35: NotOpenSSLWarning: urllib3 v2 only supports OpenSSL 1.1.1+, currently the 'ssl' module is compiled with 'LibreSSL 2.8.3'. See: https://github.com/urllib3/urllib3/issues/3020
  warnings.warn(
[deck_writer] backfill: 0 courted name(s) without a deck: []
[court_runner] 2026-09-01T03:09:21Z
  NICE TRAP_VERIFY -> COURT_RED (NICE_TRAP_VERIFY_202609010253.md)
  LZ TRAP_VERIFY -> COURT_RED (LZ_TRAP_VERIFY_202609010258.md)
  COO TRAP_VERIFY: reject (no primary citation (http) anywhere in the output) — immediate retry
  COO TRAP_VERIFY -> COURT_RED (COO_TRAP_VERIFY_202609010309.md)

===== 2026-08-31 20:39 (desk) =====
[court_runner] 2026-09-01T03:39:04Z
  INFRA FAILURE (not-logged-in) — aborting the whole drain (every dispatch would fail; no validator-reject rows written)

/Users/ajay/Library/Python/3.9/lib/python/site-packages/urllib3/__init__.py:35: NotOpenSSLWarning: urllib3 v2 only supports OpenSSL 1.1.1+, currently the 'ssl' module is compiled with 'LibreSSL 2.8.3'. See: https://github.com/urllib3/urllib3/issues/3020
  warnings.warn(
/Users/ajay/Library/Python/3.9/lib/python/site-packages/urllib3/__init__.py:35: NotOpenSSLWarning: urllib3 v2 only supports OpenSSL 1.1.1+, currently the 'ssl' module is compiled with 'LibreSSL 2.8.3'. See: https://github.com/urllib3/urllib3/issues/3020
  warnings.warn(
[deck_writer] backfill: 0 courted name(s) without a deck: []
[court_runner] 2026-09-01T03:58:43Z
  NICE COURT_RED: 2 kg_candidate(s) harvested
  NICE COURT_RED -> COURT_BLUE (NICE_COURT_RED_202609010344.md)
  LZ COURT_RED: 1 kg_candidate(s) harvested
  LZ COURT_RED -> COURT_BLUE (LZ_COURT_RED_202609010351.md)
  COO COURT_RED: 2 kg_candidate(s) harvested
  COO COURT_RED -> COURT_BLUE (COO_COURT_RED_202609010358.md)
/Users/ajay/Library/Python/3.9/lib/python/site-packages/urllib3/__init__.py:35: NotOpenSSLWarning: urllib3 v2 only supports OpenSSL 1.1.1+, currently the 'ssl' module is compiled with 'LibreSSL 2.8.3'. See: https://github.com/urllib3/urllib3/issues/3020
  warnings.warn(
[deck_writer] NICE: deck emailed (NICE_PITCH_DECK_20260831.pdf)
[deck_writer] COO: deck emailed (COO_PITCH_DECK_20260831.pdf)
[deck_writer] backfill: 0 courted name(s) without a deck: []
[court_runner] 2026-09-01T05:00:27Z
  NICE COURT_BLUE: reject (missing BLUE BENCH header / RED CASE ruling) — immediate retry
  NICE COURT_BLUE: 2 kg_candidate(s) harvested
  NICE COURT_BLUE -> ADJUDICATE (NICE_COURT_BLUE_202609010435.md)
  LZ COURT_BLUE: reject (missing BLUE BENCH header / RED CASE ruling) — immediate retry
  LZ COURT_BLUE: VALIDATOR REJECTED (missing BLUE BENCH header / RED CASE ruling) — output not persisted to queue
  COO COURT_BLUE: reject (missing BLUE BENCH header / RED CASE ruling) — immediate retry
  COO COURT_BLUE: 1 kg_candidate(s) harvested
  COO COURT_BLUE -> ADJUDICATE (COO_COURT_BLUE_202609010457.md)
  AWAITING ADJUDICATION (session job — pitch doc + verdict + wiring): ['NICE', 'COO']
/Users/ajay/Library/Python/3.9/lib/python/site-packages/urllib3/__init__.py:35: NotOpenSSLWarning: urllib3 v2 only supports OpenSSL 1.1.1+, currently the 'ssl' module is compiled with 'LibreSSL 2.8.3'. See: https://github.com/urllib3/urllib3/issues/3020
  warnings.warn(
[deck_writer] LZ: deck emailed (LZ_PITCH_DECK_20260831.pdf)
[deck_writer] backfill: 0 courted name(s) without a deck: []
[court_runner] 2026-09-01T05:38:12Z
  LZ COURT_BLUE: PACK-MISQUOTE WARN (SUPERSESSION-DECLARED (verify, not a fabrication flag) — pct_off_low: bench quotes +19.9 vs pack +14.8)
  LZ COURT_BLUE: 1 kg_candidate(s) harvested
  LZ COURT_BLUE -> ADJUDICATE (LZ_COURT_BLUE_202609010534.md)
  AWAITING ADJUDICATION (session job — pitch doc + verdict + wiring): ['NICE', 'LZ', 'COO']

===== 2026-08-31 22:38 (desk) =====
[deck_writer] backfill: 0 courted name(s) without a deck: []
[court_runner] 2026-09-01T05:38:37Z
  AWAITING ADJUDICATION (session job — pitch doc + verdict + wiring): ['NICE', 'LZ', 'COO']

[deck_writer] backfill: 0 courted name(s) without a deck: []
[court_runner] 2026-09-01T06:08:12Z
  AWAITING ADJUDICATION (session job — pitch doc + verdict + wiring): ['NICE', 'LZ', 'COO']
[deck_writer] backfill: 0 courted name(s) without a deck: []
[court_runner] 2026-09-01T06:38:13Z
  AWAITING ADJUDICATION (session job — pitch doc + verdict + wiring): ['NICE', 'LZ', 'COO']
[deck_writer] backfill: 0 courted name(s) without a deck: []
[court_runner] 2026-09-01T07:08:13Z
  AWAITING ADJUDICATION (session job — pitch doc + verdict + wiring): ['NICE', 'LZ', 'COO']

===== 2026-09-01 00:34 (desk) =====
[deck_writer] backfill: 0 courted name(s) without a deck: []
[court_runner] 2026-09-01T07:34:08Z
  AWAITING ADJUDICATION (session job — pitch doc + verdict + wiring): ['NICE', 'LZ', 'COO']

[deck_writer] backfill: 0 courted name(s) without a deck: []
[court_runner] 2026-09-01T07:38:13Z
  AWAITING ADJUDICATION (session job — pitch doc + verdict + wiring): ['NICE', 'LZ', 'COO']
[deck_writer] backfill: 0 courted name(s) without a deck: []
[court_runner] 2026-09-01T08:08:14Z
  AWAITING ADJUDICATION (session job — pitch doc + verdict + wiring): ['NICE', 'LZ', 'COO']
Error 200, reqId 4: No security definition has been found for the request, contract: Contract(conId=728773180, exchange='SMART')
/Users/ajay/Library/Python/3.9/lib/python/site-packages/urllib3/__init__.py:35: NotOpenSSLWarning: urllib3 v2 only supports OpenSSL 1.1.1+, currently the 'ssl' module is compiled with 'LibreSSL 2.8.3'. See: https://github.com/urllib3/urllib3/issues/3020
  warnings.warn(
[deck_writer] backfill: 0 courted name(s) without a deck: []
[court_runner] 2026-09-01T08:49:45Z
  HYGIENE evicted=['EIX', 'PCG', 'BURL', 'KEP', 'SOFI', 'RKT', 'XPEV', 'FN', 'LI', 'STLA', 'SYM', 'HDB', 'INIO', 'CPNG', 'STRL', 'BE'] flagged=0
  HCWC REFUTABILITY -> KILLED (HCWC_REFUTABILITY_202609010844.md)
  CSIQ REFUTABILITY -> COURT_RED (CSIQ_REFUTABILITY_202609010849.md)
  AWAITING ADJUDICATION (session job — pitch doc + verdict + wiring): ['NICE', 'LZ', 'COO']
/Users/ajay/Library/Python/3.9/lib/python/site-packages/urllib3/__init__.py:35: NotOpenSSLWarning: urllib3 v2 only supports OpenSSL 1.1.1+, currently the 'ssl' module is compiled with 'LibreSSL 2.8.3'. See: https://github.com/urllib3/urllib3/issues/3020
  warnings.warn(
[deck_writer] backfill: 0 courted name(s) without a deck: []
[court_runner] 2026-09-01T09:26:57Z
  CSIQ COURT_RED: 1 kg_candidate(s) harvested
  CSIQ COURT_RED -> COURT_BLUE (CSIQ_COURT_RED_202609010926.md)
  AWAITING ADJUDICATION (session job — pitch doc + verdict + wiring): ['NICE', 'LZ', 'COO']

===== 2026-09-01 02:34 (desk) =====
[court_runner] 2026-09-01T09:34:10Z
  INFRA FAILURE (not-logged-in) — aborting the whole drain (every dispatch would fail; no validator-reject rows written)

/Users/ajay/Library/Python/3.9/lib/python/site-packages/urllib3/__init__.py:35: NotOpenSSLWarning: urllib3 v2 only supports OpenSSL 1.1.1+, currently the 'ssl' module is compiled with 'LibreSSL 2.8.3'. See: https://github.com/urllib3/urllib3/issues/3020
  warnings.warn(
/Users/ajay/Library/Python/3.9/lib/python/site-packages/urllib3/__init__.py:35: NotOpenSSLWarning: urllib3 v2 only supports OpenSSL 1.1.1+, currently the 'ssl' module is compiled with 'LibreSSL 2.8.3'. See: https://github.com/urllib3/urllib3/issues/3020
  warnings.warn(
[deck_writer] CSIQ: deck emailed (CSIQ_PITCH_DECK_20260901.pdf)
[deck_writer] backfill: 0 courted name(s) without a deck: []
[court_runner] 2026-09-01T10:04:11Z
  CSIQ COURT_BLUE: 1 kg_candidate(s) harvested
  CSIQ COURT_BLUE -> ADJUDICATE (CSIQ_COURT_BLUE_202609011000.md)
  AWAITING ADJUDICATION (session job — pitch doc + verdict + wiring): ['NICE', 'LZ', 'COO', 'CSIQ']
[deck_writer] backfill: 0 courted name(s) without a deck: []
[court_runner] 2026-09-01T10:34:12Z
  AWAITING ADJUDICATION (session job — pitch doc + verdict + wiring): ['NICE', 'LZ', 'COO', 'CSIQ']
[deck_writer] backfill: 0 courted name(s) without a deck: []
[court_runner] 2026-09-01T11:04:12Z
  AWAITING ADJUDICATION (session job — pitch doc + verdict + wiring): ['NICE', 'LZ', 'COO', 'CSIQ']

===== 2026-09-01 04:34 (desk) =====
[deck_writer] backfill: 0 courted name(s) without a deck: []
[court_runner] 2026-09-01T11:34:07Z
  AWAITING ADJUDICATION (session job — pitch doc + verdict + wiring): ['NICE', 'LZ', 'COO', 'CSIQ']

[deck_writer] backfill: 0 courted name(s) without a deck: []
[court_runner] 2026-09-01T11:34:12Z
  AWAITING ADJUDICATION (session job — pitch doc + verdict + wiring): ['NICE', 'LZ', 'COO', 'CSIQ']
[deck_writer] backfill: 0 courted name(s) without a deck: []
[court_runner] 2026-09-01T12:04:13Z
  AWAITING ADJUDICATION (session job — pitch doc + verdict + wiring): ['NICE', 'LZ', 'COO', 'CSIQ']
positions request timed out
account updates for ACCOUNT_ALPHA request timed out
account updates for ACCOUNT_BETA request timed out
/Users/ajay/Library/Python/3.9/lib/python/site-packages/urllib3/__init__.py:35: NotOpenSSLWarning: urllib3 v2 only supports OpenSSL 1.1.1+, currently the 'ssl' module is compiled with 'LibreSSL 2.8.3'. See: https://github.com/urllib3/urllib3/issues/3020
  warnings.warn(
Error 200, reqId 4: No security definition has been found for the request, contract: Stock(symbol='8750.T', exchange='SMART', currency='USD')
Unknown contract: Stock(symbol='8750.T', exchange='SMART', currency='USD')
[court_runner] 2026-09-01T12:34:13Z another drain in progress — exiting (lock held)
[deck_writer] backfill: 0 courted name(s) without a deck: []
[court_runner] 2026-09-01T12:34:54Z
  SCM REFUTABILITY -> ADJUDICATE (SCM_REFUTABILITY_202609011228.md)
  8750.T REFUTABILITY -> COURT_RED (8750_T_REFUTABILITY_202609011234.md)
/Users/ajay/Library/Python/3.9/lib/python/site-packages/urllib3/__init__.py:35: NotOpenSSLWarning: urllib3 v2 only supports OpenSSL 1.1.1+, currently the 'ssl' module is compiled with 'LibreSSL 2.8.3'. See: https://github.com/urllib3/urllib3/issues/3020
  warnings.warn(
[deck_writer] backfill: 0 courted name(s) without a deck: []
[court_runner] 2026-09-01T12:42:18Z
  HYGIENE evicted=['EIX', 'PCG', 'BURL', 'KEP', 'SOFI', 'RKT', 'XPEV', 'FN', 'LI', 'STLA', 'SYM', 'HDB', 'INIO', 'CPNG', 'STRL', 'BE'] flagged=0
  8750.T COURT_RED: 2 kg_candidate(s) harvested
  8750.T COURT_RED -> COURT_BLUE (8750_T_COURT_RED_202609011242.md)
/Users/ajay/Library/Python/3.9/lib/python/site-packages/urllib3/__init__.py:35: NotOpenSSLWarning: urllib3 v2 only supports OpenSSL 1.1.1+, currently the 'ssl' module is compiled with 'LibreSSL 2.8.3'. See: https://github.com/urllib3/urllib3/issues/3020
  warnings.warn(
[deck_writer] 8750.T: deck emailed (8750_T_PITCH_DECK_20260901.pdf)
[deck_writer] backfill: 0 courted name(s) without a deck: []
[court_runner] 2026-09-01T12:50:15Z
  8750.T COURT_BLUE: 2 kg_candidate(s) harvested
  8750.T COURT_BLUE -> ADJUDICATE (8750_T_COURT_BLUE_202609011246.md)
  AWAITING ADJUDICATION (session job — pitch doc + verdict + wiring): ['8750.T']
/Users/ajay/Library/Python/3.9/lib/python/site-packages/urllib3/__init__.py:35: NotOpenSSLWarning: urllib3 v2 only supports OpenSSL 1.1.1+, currently the 'ssl' module is compiled with 'LibreSSL 2.8.3'. See: https://github.com/urllib3/urllib3/issues/3020
  warnings.warn(
Error 200, reqId 4: No security definition has been found for the request, contract: Stock(symbol='SEMR', exchange='SMART', currency='USD')
Unknown contract: Stock(symbol='SEMR', exchange='SMART', currency='USD')
SEMR: No earnings dates found, symbol may be delisted
HTTP Error 404: {"quoteSummary":{"result":null,"error":{"code":"Not Found","description":"Quote not found for symbol: SEMR"}}}
[deck_writer] backfill: 0 courted name(s) without a deck: []
[court_runner] 2026-09-01T13:02:36Z
  QNST REFUTABILITY -> COURT_RED (QNST_REFUTABILITY_202609011257.md)
  SEMR REFUTABILITY -> KILLED (SEMR_REFUTABILITY_202609011259.md)
  SHOP REFUTABILITY -> ADJUDICATE (SHOP_REFUTABILITY_202609011302.md)
  AWAITING ADJUDICATION (session job — pitch doc + verdict + wiring): ['8750.T', 'SHOP']
/Users/ajay/Library/Python/3.9/lib/python/site-packages/urllib3/__init__.py:35: NotOpenSSLWarning: urllib3 v2 only supports OpenSSL 1.1.1+, currently the 'ssl' module is compiled with 'LibreSSL 2.8.3'. See: https://github.com/urllib3/urllib3/issues/3020
  warnings.warn(
[court_runner] 2026-09-01T13:04:13Z another drain in progress — exiting (lock held)
[deck_writer] backfill: 0 courted name(s) without a deck: []
[court_runner] 2026-09-01T13:08:43Z
  QNST COURT_RED: 2 kg_candidate(s) harvested
  QNST COURT_RED -> COURT_BLUE (QNST_COURT_RED_202609011308.md)
  AWAITING ADJUDICATION (session job — pitch doc + verdict + wiring): ['8750.T', 'SHOP']
/Users/ajay/Library/Python/3.9/lib/python/site-packages/urllib3/__init__.py:35: NotOpenSSLWarning: urllib3 v2 only supports OpenSSL 1.1.1+, currently the 'ssl' module is compiled with 'LibreSSL 2.8.3'. See: https://github.com/urllib3/urllib3/issues/3020
  warnings.warn(
[deck_writer] QNST: deck emailed (QNST_PITCH_DECK_20260901.pdf)
[deck_writer] backfill: 0 courted name(s) without a deck: []
[court_runner] 2026-09-01T13:17:22Z
  QNST COURT_BLUE -> ADJUDICATE (QNST_COURT_BLUE_202609011314.md)
  AWAITING ADJUDICATION (session job — pitch doc + verdict + wiring): ['8750.T', 'QNST', 'SHOP']
[deck_writer] backfill: 0 courted name(s) without a deck: []
[court_runner] 2026-09-01T13:34:13Z
  AWAITING ADJUDICATION (session job — pitch doc + verdict + wiring): ['8750.T', 'QNST', 'SHOP']

===== 2026-09-01 06:34 (desk) =====
[deck_writer] backfill: 0 courted name(s) without a deck: []
[court_runner] 2026-09-01T13:34:15Z
  AWAITING ADJUDICATION (session job — pitch doc + verdict + wiring): ['8750.T', 'QNST', 'SHOP']

[deck_writer] backfill: 0 courted name(s) without a deck: []
[court_runner] 2026-09-01T14:04:13Z
  AWAITING ADJUDICATION (session job — pitch doc + verdict + wiring): ['8750.T', 'QNST', 'SHOP']
/Users/ajay/Library/Python/3.9/lib/python/site-packages/urllib3/__init__.py:35: NotOpenSSLWarning: urllib3 v2 only supports OpenSSL 1.1.1+, currently the 'ssl' module is compiled with 'LibreSSL 2.8.3'. See: https://github.com/urllib3/urllib3/issues/3020
  warnings.warn(
[deck_writer] backfill: 0 courted name(s) without a deck: []
[court_runner] 2026-09-01T14:34:01Z
  SHOP COURT_RED: 1 kg_candidate(s) harvested
  SHOP COURT_RED -> COURT_BLUE (SHOP_COURT_RED_202609011434.md)
/Users/ajay/Library/Python/3.9/lib/python/site-packages/urllib3/__init__.py:35: NotOpenSSLWarning: urllib3 v2 only supports OpenSSL 1.1.1+, currently the 'ssl' module is compiled with 'LibreSSL 2.8.3'. See: https://github.com/urllib3/urllib3/issues/3020
  warnings.warn(
[court_runner] 2026-09-01T14:35:32Z another drain in progress — exiting (lock held)
[court_runner] 2026-09-01T14:37:02Z another drain in progress — exiting (lock held)
[court_runner] 2026-09-01T14:38:32Z another drain in progress — exiting (lock held)
[deck_writer] SHOP: deck emailed (SHOP_PITCH_DECK_20260901.pdf)
[deck_writer] backfill: 0 courted name(s) without a deck: []
[court_runner] 2026-09-01T14:40:42Z
  SHOP COURT_BLUE: 1 kg_candidate(s) harvested
  SHOP COURT_BLUE -> ADJUDICATE (SHOP_COURT_BLUE_202609011437.md)
  AWAITING ADJUDICATION (session job — pitch doc + verdict + wiring): ['SHOP']
[deck_writer] backfill: 0 courted name(s) without a deck: []
[court_runner] 2026-09-01T15:10:42Z
  AWAITING ADJUDICATION (session job — pitch doc + verdict + wiring): ['SHOP']
/Users/ajay/Library/Python/3.9/lib/python/site-packages/urllib3/__init__.py:35: NotOpenSSLWarning: urllib3 v2 only supports OpenSSL 1.1.1+, currently the 'ssl' module is compiled with 'LibreSSL 2.8.3'. See: https://github.com/urllib3/urllib3/issues/3020
  warnings.warn(

===== 2026-09-01 08:34 (desk) =====
[court_runner] 2026-09-01T15:34:41Z another drain in progress — exiting (lock held)

[deck_writer] backfill: 0 courted name(s) without a deck: []
[court_runner] 2026-09-01T15:38:34Z
  BLDR REFUTABILITY -> ADJUDICATE (BLDR_REFUTABILITY_202609011538.md)
  AWAITING ADJUDICATION (session job — pitch doc + verdict + wiring): ['BLDR']
[deck_writer] backfill: 0 courted name(s) without a deck: []
[court_runner] 2026-09-01T15:40:05Z
  AWAITING ADJUDICATION (session job — pitch doc + verdict + wiring): ['BLDR']
[deck_writer] backfill: 0 courted name(s) without a deck: []
[court_runner] 2026-09-01T15:40:43Z
  AWAITING ADJUDICATION (session job — pitch doc + verdict + wiring): ['BLDR']
[deck_writer] backfill: 0 courted name(s) without a deck: []
[court_runner] 2026-09-01T15:41:35Z
  AWAITING ADJUDICATION (session job — pitch doc + verdict + wiring): ['BLDR']
positions request timed out
account updates for ACCOUNT_ALPHA request timed out
account updates for ACCOUNT_BETA request timed out
/Users/ajay/Library/Python/3.9/lib/python/site-packages/urllib3/__init__.py:35: NotOpenSSLWarning: urllib3 v2 only supports OpenSSL 1.1.1+, currently the 'ssl' module is compiled with 'LibreSSL 2.8.3'. See: https://github.com/urllib3/urllib3/issues/3020
  warnings.warn(
positions request timed out
account updates for ACCOUNT_ALPHA request timed out
account updates for ACCOUNT_BETA request timed out
[court_runner] 2026-09-01T15:56:24Z another drain in progress — exiting (lock held)
[court_runner] 2026-09-01T15:57:54Z another drain in progress — exiting (lock held)
[court_runner] 2026-09-01T15:59:24Z another drain in progress — exiting (lock held)
positions request timed out
account updates for ACCOUNT_ALPHA request timed out
account updates for ACCOUNT_BETA request timed out
[court_runner] 2026-09-01T16:00:55Z another drain in progress — exiting (lock held)
positions request timed out
account updates for ACCOUNT_ALPHA request timed out
account updates for ACCOUNT_BETA request timed out
[court_runner] 2026-09-01T16:10:43Z another drain in progress — exiting (lock held)
positions request timed out
account updates for ACCOUNT_ALPHA request timed out
account updates for ACCOUNT_BETA request timed out
[deck_writer] backfill: 0 courted name(s) without a deck: []
[court_runner] 2026-09-01T16:19:44Z
  LVS REFUTABILITY -> COURT_RED (LVS_REFUTABILITY_202609011551.md)
  CMTG REFUTABILITY -> ADJUDICATE (CMTG_REFUTABILITY_202609011600.md)
  IREN REFUTABILITY -> COURT_RED (IREN_REFUTABILITY_202609011607.md)
  AXTI REFUTABILITY -> COURT_RED (AXTI_REFUTABILITY_202609011613.md)
  EVGO REFUTABILITY -> ADJUDICATE (EVGO_REFUTABILITY_202609011619.md)
  AWAITING ADJUDICATION (session job — pitch doc + verdict + wiring): ['BLDR', 'CMTG', 'EVGO']
/Users/ajay/Library/Python/3.9/lib/python/site-packages/urllib3/__init__.py:35: NotOpenSSLWarning: urllib3 v2 only supports OpenSSL 1.1.1+, currently the 'ssl' module is compiled with 'LibreSSL 2.8.3'. See: https://github.com/urllib3/urllib3/issues/3020
  warnings.warn(
[court_runner] 2026-09-01T16:40:43Z another drain in progress — exiting (lock held)
[deck_writer] backfill: 0 courted name(s) without a deck: []
[court_runner] 2026-09-01T16:55:16Z
  LVS COURT_RED: 2 kg_candidate(s) harvested
  LVS COURT_RED -> COURT_BLUE (LVS_COURT_RED_202609011627.md)
  IREN COURT_RED: 2 kg_candidate(s) harvested
  IREN COURT_RED -> COURT_BLUE (IREN_COURT_RED_202609011633.md)
  AXTI COURT_RED: PACK-MISQUOTE WARN (SUPERSESSION-DECLARED (verify, not a fabrication flag) — pct_off_low: bench quotes +100.0 vs pack +18.8)
  AXTI COURT_RED: 2 kg_candidate(s) harvested
  AXTI COURT_RED -> COURT_BLUE (AXTI_COURT_RED_202609011642.md)
  TTWO REFUTABILITY -> COURT_RED (TTWO_REFUTABILITY_202609011648.md)
  FWRG REFUTABILITY -> COURT_RED (FWRG_REFUTABILITY_202609011655.md)
  AWAITING ADJUDICATION (session job — pitch doc + verdict + wiring): ['BLDR', 'CMTG', 'EVGO']
/Users/ajay/Library/Python/3.9/lib/python/site-packages/urllib3/__init__.py:35: NotOpenSSLWarning: urllib3 v2 only supports OpenSSL 1.1.1+, currently the 'ssl' module is compiled with 'LibreSSL 2.8.3'. See: https://github.com/urllib3/urllib3/issues/3020
  warnings.warn(
[court_runner] 2026-09-01T17:10:43Z another drain in progress — exiting (lock held)

===== 2026-09-01 10:34 (desk) =====
[court_runner] 2026-09-01T17:34:32Z another drain in progress — exiting (lock held)

[deck_writer] LVS: deck emailed (LVS_PITCH_DECK_20260901.pdf)
[deck_writer] AXTI: deck emailed (AXTI_PITCH_DECK_20260901.pdf)
[deck_writer] backfill: 0 courted name(s) without a deck: []
[court_runner] 2026-09-01T17:35:27Z
  LVS COURT_BLUE: 2 kg_candidate(s) harvested
  LVS COURT_BLUE -> ADJUDICATE (LVS_COURT_BLUE_202609011701.md)
  IREN COURT_BLUE: reject (missing BLUE BENCH header / RED CASE ruling) — immediate retry
  IREN COURT_BLUE: VALIDATOR REJECTED (missing BLUE BENCH header / RED CASE ruling) — output not persisted to queue
  AXTI COURT_BLUE: reject (missing BLUE BENCH header / RED CASE ruling) — immediate retry
  AXTI COURT_BLUE -> ADJUDICATE (AXTI_COURT_BLUE_202609011718.md)
  TTWO COURT_RED: 1 kg_candidate(s) harvested
  TTWO COURT_RED -> COURT_BLUE (TTWO_COURT_RED_202609011728.md)
  FWRG COURT_RED: 2 kg_candidate(s) harvested
  FWRG COURT_RED -> COURT_BLUE (FWRG_COURT_RED_202609011735.md)
  AWAITING ADJUDICATION (session job — pitch doc + verdict + wiring): ['BLDR', 'LVS', 'CMTG', 'AXTI', 'EVGO']
/Users/ajay/Library/Python/3.9/lib/python/site-packages/urllib3/__init__.py:35: NotOpenSSLWarning: urllib3 v2 only supports OpenSSL 1.1.1+, currently the 'ssl' module is compiled with 'LibreSSL 2.8.3'. See: https://github.com/urllib3/urllib3/issues/3020
  warnings.warn(
[court_runner] 2026-09-01T17:40:43Z another drain in progress — exiting (lock held)
[deck_writer] TTWO: deck emailed (TTWO_PITCH_DECK_20260901.pdf)
[deck_writer] FWRG: deck emailed (FWRG_PITCH_DECK_20260901.pdf)
[deck_writer] backfill: 0 courted name(s) without a deck: []
[court_runner] 2026-09-01T17:59:21Z
  IREN COURT_BLUE: reject (missing BLUE BENCH header / RED CASE ruling) — immediate retry
  IREN COURT_BLUE: VALIDATOR REJECTED (missing BLUE BENCH header / RED CASE ruling) — output not persisted to queue
  TTWO COURT_BLUE: 1 kg_candidate(s) harvested
  TTWO COURT_BLUE -> ADJUDICATE (TTWO_COURT_BLUE_202609011747.md)
  FWRG COURT_BLUE -> ADJUDICATE (FWRG_COURT_BLUE_202609011755.md)
  AWAITING ADJUDICATION (session job — pitch doc + verdict + wiring): ['BLDR', 'LVS', 'CMTG', 'AXTI', 'EVGO', 'TTWO', 'FWRG']
/Users/ajay/Library/Python/3.9/lib/python/site-packages/urllib3/__init__.py:35: NotOpenSSLWarning: urllib3 v2 only supports OpenSSL 1.1.1+, currently the 'ssl' module is compiled with 'LibreSSL 2.8.3'. See: https://github.com/urllib3/urllib3/issues/3020
  warnings.warn(
[deck_writer] IREN: deck emailed (IREN_PITCH_DECK_20260901.pdf)
[deck_writer] backfill: 0 courted name(s) without a deck: []
[court_runner] 2026-09-01T18:08:55Z
  IREN COURT_BLUE: 2 kg_candidate(s) harvested
  IREN COURT_BLUE -> ADJUDICATE (IREN_COURT_BLUE_202609011804.md)
  AWAITING ADJUDICATION (session job — pitch doc + verdict + wiring): ['IREN']
[deck_writer] backfill: 0 courted name(s) without a deck: []
[court_runner] 2026-09-01T18:10:43Z
  AWAITING ADJUDICATION (session job — pitch doc + verdict + wiring): ['IREN']
[deck_writer] backfill: 0 courted name(s) without a deck: []
[court_runner] 2026-09-01T18:40:44Z
  AWAITING ADJUDICATION (session job — pitch doc + verdict + wiring): ['IREN']
[deck_writer] backfill: 0 courted name(s) without a deck: []
[court_runner] 2026-09-01T19:10:44Z
  AWAITING ADJUDICATION (session job — pitch doc + verdict + wiring): ['IREN']

===== 2026-09-01 12:34 (desk) =====
[deck_writer] backfill: 0 courted name(s) without a deck: []
[court_runner] 2026-09-01T19:34:39Z
  AWAITING ADJUDICATION (session job — pitch doc + verdict + wiring): ['IREN']

[deck_writer] backfill: 0 courted name(s) without a deck: []
[court_runner] 2026-09-01T19:40:44Z
  AWAITING ADJUDICATION (session job — pitch doc + verdict + wiring): ['IREN']
[deck_writer] backfill: 0 courted name(s) without a deck: []
[court_runner] 2026-09-01T20:10:45Z
  AWAITING ADJUDICATION (session job — pitch doc + verdict + wiring): ['IREN']
[deck_writer] backfill: 0 courted name(s) without a deck: []
[court_runner] 2026-09-01T20:40:45Z
  AWAITING ADJUDICATION (session job — pitch doc + verdict + wiring): ['IREN']
[deck_writer] backfill: 0 courted name(s) without a deck: []
[court_runner] 2026-09-01T21:10:45Z
  AWAITING ADJUDICATION (session job — pitch doc + verdict + wiring): ['IREN']

===== 2026-09-01 14:34 (desk) =====
[deck_writer] backfill: 0 courted name(s) without a deck: []
[court_runner] 2026-09-01T21:34:38Z
  AWAITING ADJUDICATION (session job — pitch doc + verdict + wiring): ['IREN']

[deck_writer] backfill: 0 courted name(s) without a deck: []
[court_runner] 2026-09-01T21:40:46Z
  AWAITING ADJUDICATION (session job — pitch doc + verdict + wiring): ['IREN']
[deck_writer] backfill: 0 courted name(s) without a deck: []
[court_runner] 2026-09-01T22:10:46Z
  AWAITING ADJUDICATION (session job — pitch doc + verdict + wiring): ['IREN']
[deck_writer] backfill: 0 courted name(s) without a deck: []
[court_runner] 2026-09-01T22:40:46Z
  AWAITING ADJUDICATION (session job — pitch doc + verdict + wiring): ['IREN']
[deck_writer] backfill: 0 courted name(s) without a deck: []
[court_runner] 2026-09-01T23:10:46Z
  AWAITING ADJUDICATION (session job — pitch doc + verdict + wiring): ['IREN']

===== 2026-09-01 16:34 (desk) =====
[deck_writer] backfill: 0 courted name(s) without a deck: []
[court_runner] 2026-09-01T23:34:26Z
  AWAITING ADJUDICATION (session job — pitch doc + verdict + wiring): ['IREN']

[deck_writer] backfill: 0 courted name(s) without a deck: []
[court_runner] 2026-09-01T23:40:47Z
  AWAITING ADJUDICATION (session job — pitch doc + verdict + wiring): ['IREN']
[deck_writer] backfill: 0 courted name(s) without a deck: []
[court_runner] 2026-09-02T00:10:47Z
  AWAITING ADJUDICATION (session job — pitch doc + verdict + wiring): ['IREN']
[deck_writer] backfill: 0 courted name(s) without a deck: []
[court_runner] 2026-09-02T00:40:47Z
  AWAITING ADJUDICATION (session job — pitch doc + verdict + wiring): ['IREN']
[deck_writer] backfill: 0 courted name(s) without a deck: []
[court_runner] 2026-09-02T01:10:48Z
  AWAITING ADJUDICATION (session job — pitch doc + verdict + wiring): ['IREN']

===== 2026-09-01 18:34 (desk) =====
[deck_writer] backfill: 0 courted name(s) without a deck: []
[court_runner] 2026-09-02T01:34:48Z
  AWAITING ADJUDICATION (session job — pitch doc + verdict + wiring): ['IREN']

[deck_writer] backfill: 0 courted name(s) without a deck: []
[court_runner] 2026-09-02T01:40:48Z
  AWAITING ADJUDICATION (session job — pitch doc + verdict + wiring): ['IREN']
[deck_writer] backfill: 0 courted name(s) without a deck: []
[court_runner] 2026-09-02T02:10:48Z
  AWAITING ADJUDICATION (session job — pitch doc + verdict + wiring): ['IREN']
[deck_writer] backfill: 0 courted name(s) without a deck: []
[court_runner] 2026-09-02T02:40:48Z
  AWAITING ADJUDICATION (session job — pitch doc + verdict + wiring): ['IREN']
[deck_writer] backfill: 0 courted name(s) without a deck: []
[court_runner] 2026-09-02T03:10:49Z
  AWAITING ADJUDICATION (session job — pitch doc + verdict + wiring): ['IREN']

===== 2026-09-01 20:34 (desk) =====
[deck_writer] backfill: 0 courted name(s) without a deck: []
[court_runner] 2026-09-02T03:34:42Z
  AWAITING ADJUDICATION (session job — pitch doc + verdict + wiring): ['IREN']

[deck_writer] backfill: 0 courted name(s) without a deck: []
[court_runner] 2026-09-02T03:40:49Z
  AWAITING ADJUDICATION (session job — pitch doc + verdict + wiring): ['IREN']
[deck_writer] backfill: 0 courted name(s) without a deck: []
[court_runner] 2026-09-02T04:10:49Z
  AWAITING ADJUDICATION (session job — pitch doc + verdict + wiring): ['IREN']
[deck_writer] backfill: 0 courted name(s) without a deck: []
[court_runner] 2026-09-02T04:40:50Z
  AWAITING ADJUDICATION (session job — pitch doc + verdict + wiring): ['IREN']
[deck_writer] backfill: 0 courted name(s) without a deck: []
[court_runner] 2026-09-02T05:10:50Z
  AWAITING ADJUDICATION (session job — pitch doc + verdict + wiring): ['IREN']

===== 2026-09-01 22:30 (desk) =====
[deck_writer] backfill: 0 courted name(s) without a deck: []
[court_runner] 2026-09-02T05:30:25Z
  AWAITING ADJUDICATION (session job — pitch doc + verdict + wiring): ['IREN']

[deck_writer] backfill: 0 courted name(s) without a deck: []
[court_runner] 2026-09-02T05:40:50Z
  AWAITING ADJUDICATION (session job — pitch doc + verdict + wiring): ['IREN']
[deck_writer] backfill: 0 courted name(s) without a deck: []
[court_runner] 2026-09-02T06:10:51Z
  AWAITING ADJUDICATION (session job — pitch doc + verdict + wiring): ['IREN']

===== 2026-09-01 23:34 (desk) =====
[deck_writer] backfill: 0 courted name(s) without a deck: []
[court_runner] 2026-09-02T06:34:04Z
  AWAITING ADJUDICATION (session job — pitch doc + verdict + wiring): ['IREN']

[deck_writer] backfill: 0 courted name(s) without a deck: []
[court_runner] 2026-09-02T06:40:51Z
  AWAITING ADJUDICATION (session job — pitch doc + verdict + wiring): ['IREN']
Error 200, reqId 4: No security definition has been found for the request, contract: Stock(symbol='8135.T', exchange='SMART', currency='USD')
Unknown contract: Stock(symbol='8135.T', exchange='SMART', currency='USD')
/Users/ajay/Library/Python/3.9/lib/python/site-packages/urllib3/__init__.py:35: NotOpenSSLWarning: urllib3 v2 only supports OpenSSL 1.1.1+, currently the 'ssl' module is compiled with 'LibreSSL 2.8.3'. See: https://github.com/urllib3/urllib3/issues/3020
  warnings.warn(
Error 200, reqId 4: No security definition has been found for the request, contract: Stock(symbol='1810.T', exchange='SMART', currency='USD')
Unknown contract: Stock(symbol='1810.T', exchange='SMART', currency='USD')
1810.T: No earnings dates found, symbol may be delisted
[court_runner] 2026-09-02T07:10:51Z another drain in progress — exiting (lock held)
Error 200, reqId 4: No security definition has been found for the request, contract: Stock(symbol='6118.T', exchange='SMART', currency='USD')
Unknown contract: Stock(symbol='6118.T', exchange='SMART', currency='USD')
Error 200, reqId 4: No security definition has been found for the request, contract: Stock(symbol='8795.T', exchange='SMART', currency='USD')
Unknown contract: Stock(symbol='8795.T', exchange='SMART', currency='USD')
[deck_writer] backfill: 0 courted name(s) without a deck: []
[court_runner] 2026-09-02T07:29:16Z
  8135.T TRAP_VERIFY -> COURT_RED (8135_T_TRAP_VERIFY_202609020709.md)
  1810.T TRAP_VERIFY -> COURT_RED (1810_T_TRAP_VERIFY_202609020715.md)
  6118.T TRAP_VERIFY -> COURT_RED (6118_T_TRAP_VERIFY_202609020723.md)
  8795.T TRAP_VERIFY -> COURT_RED (8795_T_TRAP_VERIFY_202609020729.md)
  AWAITING ADJUDICATION (session job — pitch doc + verdict + wiring): ['IREN']
/Users/ajay/Library/Python/3.9/lib/python/site-packages/urllib3/__init__.py:35: NotOpenSSLWarning: urllib3 v2 only supports OpenSSL 1.1.1+, currently the 'ssl' module is compiled with 'LibreSSL 2.8.3'. See: https://github.com/urllib3/urllib3/issues/3020
  warnings.warn(
1810.T: No earnings dates found, symbol may be delisted
[court_runner] 2026-09-02T07:40:51Z another drain in progress — exiting (lock held)
[deck_writer] backfill: 0 courted name(s) without a deck: []
[court_runner] 2026-09-02T07:57:40Z
  8135.T COURT_RED: 2 kg_candidate(s) harvested
  8135.T COURT_RED -> COURT_BLUE (8135_T_COURT_RED_202609020738.md)
  1810.T COURT_RED: 2 kg_candidate(s) harvested
  1810.T COURT_RED -> COURT_BLUE (1810_T_COURT_RED_202609020744.md)
  6118.T COURT_RED: 2 kg_candidate(s) harvested
  6118.T COURT_RED -> COURT_BLUE (6118_T_COURT_RED_202609020751.md)
  8795.T COURT_RED: 1 kg_candidate(s) harvested
  8795.T COURT_RED -> COURT_BLUE (8795_T_COURT_RED_202609020757.md)
  AWAITING ADJUDICATION (session job — pitch doc + verdict + wiring): ['IREN']
/Users/ajay/Library/Python/3.9/lib/python/site-packages/urllib3/__init__.py:35: NotOpenSSLWarning: urllib3 v2 only supports OpenSSL 1.1.1+, currently the 'ssl' module is compiled with 'LibreSSL 2.8.3'. See: https://github.com/urllib3/urllib3/issues/3020
  warnings.warn(
8135.T: No earnings dates found, symbol may be delisted
8135.T: No earnings dates found, symbol may be delisted
[court_runner] 2026-09-02T08:10:51Z another drain in progress — exiting (lock held)
1810.T: No earnings dates found, symbol may be delisted

===== 2026-09-02 01:33 (desk) =====
[court_runner] 2026-09-02T08:33:52Z another drain in progress — exiting (lock held)

[court_runner] 2026-09-02T08:40:51Z another drain in progress — exiting (lock held)
[deck_writer] 8135.T: deck emailed (8135_T_PITCH_DECK_20260902.pdf)
[deck_writer] 6118.T: deck emailed (6118_T_PITCH_DECK_20260902.pdf)
[deck_writer] 8795.T: deck emailed (8795_T_PITCH_DECK_20260902.pdf)
[deck_writer] backfill: 0 courted name(s) without a deck: []
[court_runner] 2026-09-02T08:42:54Z
  8135.T COURT_BLUE: reject (missing BLUE BENCH header / RED CASE ruling) — immediate retry
  8135.T COURT_BLUE: 1 kg_candidate(s) harvested
  8135.T COURT_BLUE -> ADJUDICATE (8135_T_COURT_BLUE_202609020808.md)
  1810.T COURT_BLUE: reject (missing BLUE BENCH header / RED CASE ruling) — immediate retry
  1810.T COURT_BLUE: VALIDATOR REJECTED (missing BLUE BENCH header / RED CASE ruling) — output not persisted to queue
  6118.T COURT_BLUE -> ADJUDICATE (6118_T_COURT_BLUE_202609020826.md)
  8795.T COURT_BLUE: reject (missing BLUE BENCH header / RED CASE ruling) — immediate retry
  8795.T COURT_BLUE -> ADJUDICATE (8795_T_COURT_BLUE_202609020839.md)
  AWAITING ADJUDICATION (session job — pitch doc + verdict + wiring): ['IREN', '8135.T', '6118.T', '8795.T']
/Users/ajay/Library/Python/3.9/lib/python/site-packages/urllib3/__init__.py:35: NotOpenSSLWarning: urllib3 v2 only supports OpenSSL 1.1.1+, currently the 'ssl' module is compiled with 'LibreSSL 2.8.3'. See: https://github.com/urllib3/urllib3/issues/3020
  warnings.warn(
1810.T: No earnings dates found, symbol may be delisted
1810.T: No earnings dates found, symbol may be delisted
[deck_writer] 1810.T: deck emailed (1810_T_PITCH_DECK_20260902.pdf)
[deck_writer] backfill: 0 courted name(s) without a deck: []
[court_runner] 2026-09-02T08:55:55Z
  1810.T COURT_BLUE: reject (missing BLUE BENCH header / RED CASE ruling) — immediate retry
  1810.T COURT_BLUE: 2 kg_candidate(s) harvested
  1810.T COURT_BLUE -> ADJUDICATE (1810_T_COURT_BLUE_202609020851.md)
  AWAITING ADJUDICATION (session job — pitch doc + verdict + wiring): ['IREN', '8135.T', '1810.T', '6118.T', '8795.T']
[deck_writer] backfill: 0 courted name(s) without a deck: []
[court_runner] 2026-09-02T08:57:25Z
  AWAITING ADJUDICATION (session job — pitch doc + verdict + wiring): ['IREN', '8135.T', '1810.T', '6118.T', '8795.T']
[deck_writer] backfill: 0 courted name(s) without a deck: []
[court_runner] 2026-09-02T09:10:52Z
  AWAITING ADJUDICATION (session job — pitch doc + verdict + wiring): ['IREN', '8135.T', '1810.T', '6118.T', '8795.T']
/Users/ajay/Library/Python/3.9/lib/python/site-packages/urllib3/__init__.py:35: NotOpenSSLWarning: urllib3 v2 only supports OpenSSL 1.1.1+, currently the 'ssl' module is compiled with 'LibreSSL 2.8.3'. See: https://github.com/urllib3/urllib3/issues/3020
  warnings.warn(
[deck_writer] backfill: 0 courted name(s) without a deck: []
[court_runner] 2026-09-02T10:07:20Z
  HYGIENE evicted=['AXON', 'SOFI', 'KEP', 'RKT', 'XPEV', 'FN', 'SYM', 'CIEN', 'STLA', 'LI', 'INIO', 'CPNG'] flagged=0
  ALMS REFUTABILITY -> COURT_RED (ALMS_REFUTABILITY_202609020948.md)
  ENOV REFUTABILITY -> COURT_RED (ENOV_REFUTABILITY_202609020954.md)
  IE REFUTABILITY -> COURT_RED (IE_REFUTABILITY_202609021000.md)
  SPIR REFUTABILITY -> COURT_RED (SPIR_REFUTABILITY_202609021007.md)
  AWAITING ADJUDICATION (session job — pitch doc + verdict + wiring): ['IREN', '8135.T', '1810.T', '6118.T', '8795.T']

===== 2026-09-02 03:34 (desk) =====
[court_runner] 2026-09-02T10:34:11Z
  INFRA FAILURE (not-logged-in) — aborting the whole drain (every dispatch would fail; no validator-reject rows written)

/Users/ajay/Library/Python/3.9/lib/python/site-packages/urllib3/__init__.py:35: NotOpenSSLWarning: urllib3 v2 only supports OpenSSL 1.1.1+, currently the 'ssl' module is compiled with 'LibreSSL 2.8.3'. See: https://github.com/urllib3/urllib3/issues/3020
  warnings.warn(
/Users/ajay/Library/Python/3.9/lib/python/site-packages/urllib3/__init__.py:35: NotOpenSSLWarning: urllib3 v2 only supports OpenSSL 1.1.1+, currently the 'ssl' module is compiled with 'LibreSSL 2.8.3'. See: https://github.com/urllib3/urllib3/issues/3020
  warnings.warn(
[deck_writer] backfill: 0 courted name(s) without a deck: []
[court_runner] 2026-09-02T11:05:53Z
  ALMS COURT_RED: 1 kg_candidate(s) harvested
  ALMS COURT_RED -> COURT_BLUE (ALMS_COURT_RED_202609021044.md)
  ENOV COURT_RED: 2 kg_candidate(s) harvested
  ENOV COURT_RED -> COURT_BLUE (ENOV_COURT_RED_202609021052.md)
  IE COURT_RED: 1 kg_candidate(s) harvested
  IE COURT_RED -> COURT_BLUE (IE_COURT_RED_202609021059.md)
  SPIR COURT_RED: 1 kg_candidate(s) harvested
  SPIR COURT_RED -> COURT_BLUE (SPIR_COURT_RED_202609021105.md)
  AWAITING ADJUDICATION (session job — pitch doc + verdict + wiring): ['IREN', '8135.T', '1810.T', '6118.T', '8795.T']
/Users/ajay/Library/Python/3.9/lib/python/site-packages/urllib3/__init__.py:35: NotOpenSSLWarning: urllib3 v2 only supports OpenSSL 1.1.1+, currently the 'ssl' module is compiled with 'LibreSSL 2.8.3'. See: https://github.com/urllib3/urllib3/issues/3020
  warnings.warn(
[deck_writer] ALMS: deck emailed (ALMS_PITCH_DECK_20260902.pdf)
[deck_writer] ENOV: deck emailed (ENOV_PITCH_DECK_20260902.pdf)
[deck_writer] IE: deck emailed (IE_PITCH_DECK_20260902.pdf)
[deck_writer] SPIR: deck emailed (SPIR_PITCH_DECK_20260902.pdf)
[deck_writer] backfill: 0 courted name(s) without a deck: []
[court_runner] 2026-09-02T12:17:38Z
  ALMS COURT_BLUE: 1 kg_candidate(s) harvested
  ALMS COURT_BLUE -> ADJUDICATE (ALMS_COURT_BLUE_202609021142.md)
  ENOV COURT_BLUE: 2 kg_candidate(s) harvested
  ENOV COURT_BLUE -> ADJUDICATE (ENOV_COURT_BLUE_202609021151.md)
  IE COURT_BLUE: 1 kg_candidate(s) harvested
  IE COURT_BLUE -> ADJUDICATE (IE_COURT_BLUE_202609021159.md)
  SPIR COURT_BLUE: 1 kg_candidate(s) harvested
  SPIR COURT_BLUE -> ADJUDICATE (SPIR_COURT_BLUE_202609021210.md)
  AWAITING ADJUDICATION (session job — pitch doc + verdict + wiring): ['IREN', '8135.T', '1810.T', '6118.T', '8795.T', 'ALMS', 'ENOV', 'IE', 'SPIR']

===== 2026-09-02 05:34 (desk) =====
[court_runner] 2026-09-02T12:34:01Z
  HYGIENE evicted=['AXON', 'SOFI', 'KEP', 'RKT', 'XPEV', 'FN', 'SYM', 'CIEN', 'STLA', 'LI', 'INIO', 'CPNG'] flagged=0
  INFRA FAILURE (not-logged-in) — aborting the whole drain (every dispatch would fail; no validator-reject rows written)

/Users/ajay/Library/Python/3.9/lib/python/site-packages/urllib3/__init__.py:35: NotOpenSSLWarning: urllib3 v2 only supports OpenSSL 1.1.1+, currently the 'ssl' module is compiled with 'LibreSSL 2.8.3'. See: https://github.com/urllib3/urllib3/issues/3020
  warnings.warn(
/Users/ajay/Library/Python/3.9/lib/python/site-packages/urllib3/__init__.py:35: NotOpenSSLWarning: urllib3 v2 only supports OpenSSL 1.1.1+, currently the 'ssl' module is compiled with 'LibreSSL 2.8.3'. See: https://github.com/urllib3/urllib3/issues/3020
  warnings.warn(
[deck_writer] backfill: 0 courted name(s) without a deck: []
[court_runner] 2026-09-02T12:52:09Z
  EMBC REFUTABILITY -> COURT_RED (EMBC_REFUTABILITY_202609021252.md)
  AWAITING ADJUDICATION (session job — pitch doc + verdict + wiring): ['IREN', '8135.T', '1810.T', '6118.T', '8795.T', 'ALMS', 'ENOV', 'IE', 'SPIR']
/Users/ajay/Library/Python/3.9/lib/python/site-packages/urllib3/__init__.py:35: NotOpenSSLWarning: urllib3 v2 only supports OpenSSL 1.1.1+, currently the 'ssl' module is compiled with 'LibreSSL 2.8.3'. See: https://github.com/urllib3/urllib3/issues/3020
  warnings.warn(
[deck_writer] backfill: 0 courted name(s) without a deck: []
[court_runner] 2026-09-02T13:30:05Z
  EMBC COURT_RED: 1 kg_candidate(s) harvested
  EMBC COURT_RED -> COURT_BLUE (EMBC_COURT_RED_202609021330.md)
  AWAITING ADJUDICATION (session job — pitch doc + verdict + wiring): ['IREN', '8135.T', '1810.T', '6118.T', '8795.T', 'ALMS', 'ENOV', 'IE', 'SPIR']
/Users/ajay/Library/Python/3.9/lib/python/site-packages/urllib3/__init__.py:35: NotOpenSSLWarning: urllib3 v2 only supports OpenSSL 1.1.1+, currently the 'ssl' module is compiled with 'LibreSSL 2.8.3'. See: https://github.com/urllib3/urllib3/issues/3020
  warnings.warn(
[deck_writer] EMBC: deck emailed (EMBC_PITCH_DECK_20260902.pdf)
[deck_writer] backfill: 0 courted name(s) without a deck: []
[court_runner] 2026-09-02T14:07:28Z
  EMBC COURT_BLUE: 1 kg_candidate(s) harvested
  EMBC COURT_BLUE -> ADJUDICATE (EMBC_COURT_BLUE_202609021404.md)
  AWAITING ADJUDICATION (session job — pitch doc + verdict + wiring): ['IREN', '8135.T', '1810.T', '6118.T', '8795.T', 'ALMS', 'ENOV', 'IE', 'SPIR', 'EMBC']

===== 2026-09-02 07:34 (desk) =====
[deck_writer] backfill: 0 courted name(s) without a deck: []
[court_runner] 2026-09-02T14:34:31Z
  AWAITING ADJUDICATION (session job — pitch doc + verdict + wiring): ['IREN', '8135.T', '1810.T', '6118.T', '8795.T', 'ALMS', 'ENOV', 'IE', 'SPIR', 'EMBC']

[deck_writer] backfill: 0 courted name(s) without a deck: []
[court_runner] 2026-09-02T14:37:28Z
  AWAITING ADJUDICATION (session job — pitch doc + verdict + wiring): ['IREN', '8135.T', '1810.T', '6118.T', '8795.T', 'ALMS', 'ENOV', 'IE', 'SPIR', 'EMBC']
[deck_writer] backfill: 0 courted name(s) without a deck: []
[court_runner] 2026-09-02T15:07:29Z
  queue empty
[deck_writer] backfill: 0 courted name(s) without a deck: []
[court_runner] 2026-09-02T15:37:29Z
  queue empty
[deck_writer] backfill: 0 courted name(s) without a deck: []
[court_runner] 2026-09-02T16:07:29Z
  queue empty

===== 2026-09-02 09:34 (desk) =====
[deck_writer] backfill: 0 courted name(s) without a deck: []
[court_runner] 2026-09-02T16:34:45Z
  queue empty

[deck_writer] backfill: 0 courted name(s) without a deck: []
[court_runner] 2026-09-02T16:37:30Z
  queue empty
[deck_writer] backfill: 0 courted name(s) without a deck: []
[court_runner] 2026-09-02T17:07:30Z
  queue empty
[deck_writer] backfill: 0 courted name(s) without a deck: []
[court_runner] 2026-09-02T17:37:30Z
  queue empty
[deck_writer] backfill: 0 courted name(s) without a deck: []
[court_runner] 2026-09-02T18:07:30Z
  queue empty

===== 2026-09-02 11:34 (desk) =====
[deck_writer] backfill: 0 courted name(s) without a deck: []
[court_runner] 2026-09-02T18:34:33Z
  queue empty

[deck_writer] backfill: 0 courted name(s) without a deck: []
[court_runner] 2026-09-02T18:37:31Z
  queue empty
/Users/ajay/Library/Python/3.9/lib/python/site-packages/urllib3/__init__.py:35: NotOpenSSLWarning: urllib3 v2 only supports OpenSSL 1.1.1+, currently the 'ssl' module is compiled with 'LibreSSL 2.8.3'. See: https://github.com/urllib3/urllib3/issues/3020
  warnings.warn(
[court_runner] 2026-09-02T19:07:31Z another drain in progress — exiting (lock held)
[deck_writer] backfill: 0 courted name(s) without a deck: []
[court_runner] 2026-09-02T19:26:06Z
  PBF COURT_RED: 2 kg_candidate(s) harvested
  PBF COURT_RED -> COURT_BLUE (PBF_COURT_RED_202609021918.md)
  DK COURT_RED: 2 kg_candidate(s) harvested
  DK COURT_RED -> COURT_BLUE (DK_COURT_RED_202609021926.md)
/Users/ajay/Library/Python/3.9/lib/python/site-packages/urllib3/__init__.py:35: NotOpenSSLWarning: urllib3 v2 only supports OpenSSL 1.1.1+, currently the 'ssl' module is compiled with 'LibreSSL 2.8.3'. See: https://github.com/urllib3/urllib3/issues/3020
  warnings.warn(
[court_runner] 2026-09-02T19:37:31Z another drain in progress — exiting (lock held)
[deck_writer] PBF: deck emailed (PBF_PITCH_DECK_20260902.pdf)
[deck_writer] DK: deck emailed (DK_PITCH_DECK_20260902.pdf)
[deck_writer] backfill: 0 courted name(s) without a deck: []
[court_runner] 2026-09-02T19:44:59Z
  PBF COURT_BLUE: 2 kg_candidate(s) harvested
  PBF COURT_BLUE -> ADJUDICATE (PBF_COURT_BLUE_202609021932.md)
  DK COURT_BLUE: 2 kg_candidate(s) harvested
  DK COURT_BLUE -> ADJUDICATE (DK_COURT_BLUE_202609021941.md)
  AWAITING ADJUDICATION (session job — pitch doc + verdict + wiring): ['PBF', 'DK']
[deck_writer] backfill: 0 courted name(s) without a deck: []
[court_runner] 2026-09-02T19:46:29Z
  AWAITING ADJUDICATION (session job — pitch doc + verdict + wiring): ['PBF', 'DK']
[deck_writer] backfill: 0 courted name(s) without a deck: []
[court_runner] 2026-09-02T19:47:59Z
  AWAITING ADJUDICATION (session job — pitch doc + verdict + wiring): ['PBF', 'DK']
[deck_writer] backfill: 0 courted name(s) without a deck: []
[court_runner] 2026-09-02T20:07:31Z
  AWAITING ADJUDICATION (session job — pitch doc + verdict + wiring): ['PBF', 'DK']

===== 2026-09-02 13:34 (desk) =====
[court_runner] 2026-09-02T20:34:46Z
  INFRA FAILURE (not-logged-in) — aborting the whole drain (every dispatch would fail; no validator-reject rows written)

/Users/ajay/Library/Python/3.9/lib/python/site-packages/urllib3/__init__.py:35: NotOpenSSLWarning: urllib3 v2 only supports OpenSSL 1.1.1+, currently the 'ssl' module is compiled with 'LibreSSL 2.8.3'. See: https://github.com/urllib3/urllib3/issues/3020
  warnings.warn(
/Users/ajay/Library/Python/3.9/lib/python/site-packages/urllib3/__init__.py:35: NotOpenSSLWarning: urllib3 v2 only supports OpenSSL 1.1.1+, currently the 'ssl' module is compiled with 'LibreSSL 2.8.3'. See: https://github.com/urllib3/urllib3/issues/3020
  warnings.warn(
[deck_writer] backfill: 0 courted name(s) without a deck: []
[court_runner] 2026-09-02T20:44:35Z
  AGX REFUTABILITY -> ADJUDICATE (AGX_REFUTABILITY_202609022044.md)
  AWAITING ADJUDICATION (session job — pitch doc + verdict + wiring): ['PBF', 'DK', 'AGX']
[deck_writer] backfill: 0 courted name(s) without a deck: []
[court_runner] 2026-09-02T21:14:35Z
  AWAITING ADJUDICATION (session job — pitch doc + verdict + wiring): ['PBF', 'DK', 'AGX']
[deck_writer] backfill: 0 courted name(s) without a deck: []
[court_runner] 2026-09-02T21:44:36Z
  AWAITING ADJUDICATION (session job — pitch doc + verdict + wiring): ['PBF', 'DK', 'AGX']
[deck_writer] backfill: 0 courted name(s) without a deck: []
[court_runner] 2026-09-02T22:14:36Z
  AWAITING ADJUDICATION (session job — pitch doc + verdict + wiring): ['PBF', 'DK', 'AGX']

===== 2026-09-02 15:34 (desk) =====
[deck_writer] backfill: 0 courted name(s) without a deck: []
[court_runner] 2026-09-02T22:34:28Z
  AWAITING ADJUDICATION (session job — pitch doc + verdict + wiring): ['PBF', 'DK', 'AGX']

[deck_writer] backfill: 0 courted name(s) without a deck: []
[court_runner] 2026-09-02T22:44:36Z
  AWAITING ADJUDICATION (session job — pitch doc + verdict + wiring): ['PBF', 'DK', 'AGX']
[deck_writer] backfill: 0 courted name(s) without a deck: []
[court_runner] 2026-09-02T23:14:37Z
  AWAITING ADJUDICATION (session job — pitch doc + verdict + wiring): ['PBF', 'DK', 'AGX']
[deck_writer] backfill: 0 courted name(s) without a deck: []
[court_runner] 2026-09-02T23:44:37Z
  AWAITING ADJUDICATION (session job — pitch doc + verdict + wiring): ['PBF', 'DK', 'AGX']
[deck_writer] backfill: 0 courted name(s) without a deck: []
[court_runner] 2026-09-03T00:14:37Z
  AWAITING ADJUDICATION (session job — pitch doc + verdict + wiring): ['PBF', 'DK', 'AGX']

===== 2026-09-02 17:34 (desk) =====
[deck_writer] backfill: 0 courted name(s) without a deck: []
[court_runner] 2026-09-03T00:34:31Z
  AWAITING ADJUDICATION (session job — pitch doc + verdict + wiring): ['PBF', 'DK', 'AGX']

[deck_writer] backfill: 0 courted name(s) without a deck: []
[court_runner] 2026-09-03T00:44:38Z
  AWAITING ADJUDICATION (session job — pitch doc + verdict + wiring): ['PBF', 'DK', 'AGX']
[deck_writer] backfill: 0 courted name(s) without a deck: []
[court_runner] 2026-09-03T01:14:38Z
  AWAITING ADJUDICATION (session job — pitch doc + verdict + wiring): ['PBF', 'DK', 'AGX']
[deck_writer] backfill: 0 courted name(s) without a deck: []
[court_runner] 2026-09-03T01:44:38Z
  AWAITING ADJUDICATION (session job — pitch doc + verdict + wiring): ['PBF', 'DK', 'AGX']
[deck_writer] backfill: 0 courted name(s) without a deck: []
[court_runner] 2026-09-03T02:14:39Z
  AWAITING ADJUDICATION (session job — pitch doc + verdict + wiring): ['PBF', 'DK', 'AGX']

===== 2026-09-02 19:35 (desk) =====
[deck_writer] backfill: 0 courted name(s) without a deck: []
[court_runner] 2026-09-03T02:35:00Z
  AWAITING ADJUDICATION (session job — pitch doc + verdict + wiring): ['PBF', 'DK', 'AGX']

[deck_writer] backfill: 0 courted name(s) without a deck: []
[court_runner] 2026-09-03T02:44:39Z
  AWAITING ADJUDICATION (session job — pitch doc + verdict + wiring): ['PBF', 'DK', 'AGX']
[deck_writer] backfill: 0 courted name(s) without a deck: []
[court_runner] 2026-09-03T03:14:39Z
  AWAITING ADJUDICATION (session job — pitch doc + verdict + wiring): ['PBF', 'DK', 'AGX']
[deck_writer] backfill: 0 courted name(s) without a deck: []
[court_runner] 2026-09-03T03:44:39Z
  AWAITING ADJUDICATION (session job — pitch doc + verdict + wiring): ['PBF', 'DK', 'AGX']
[deck_writer] backfill: 0 courted name(s) without a deck: []
[court_runner] 2026-09-03T04:14:40Z
  AWAITING ADJUDICATION (session job — pitch doc + verdict + wiring): ['PBF', 'DK', 'AGX']

===== 2026-09-02 21:34 (desk) =====
[deck_writer] backfill: 0 courted name(s) without a deck: []
[court_runner] 2026-09-03T04:34:25Z
  AWAITING ADJUDICATION (session job — pitch doc + verdict + wiring): ['PBF', 'DK', 'AGX']

[deck_writer] backfill: 0 courted name(s) without a deck: []
[court_runner] 2026-09-03T04:44:40Z
  AWAITING ADJUDICATION (session job — pitch doc + verdict + wiring): ['PBF', 'DK', 'AGX']
[court_runner] 2026-09-03T05:14:40Z another drain in progress — exiting (lock held)
[deck_writer] backfill: 0 courted name(s) without a deck: []
[court_runner] 2026-09-03T05:44:41Z
  AWAITING ADJUDICATION (session job — pitch doc + verdict + wiring): ['PBF', 'DK', 'AGX']
[deck_writer] backfill: 0 courted name(s) without a deck: []
[court_runner] 2026-09-03T06:14:41Z
  AWAITING ADJUDICATION (session job — pitch doc + verdict + wiring): ['PBF', 'DK', 'AGX']

===== 2026-09-02 23:34 (desk) =====
[deck_writer] backfill: 0 courted name(s) without a deck: []
[court_runner] 2026-09-03T06:34:20Z
  AWAITING ADJUDICATION (session job — pitch doc + verdict + wiring): ['PBF', 'DK', 'AGX']

[deck_writer] backfill: 0 courted name(s) without a deck: []
[court_runner] 2026-09-03T06:44:41Z
  AWAITING ADJUDICATION (session job — pitch doc + verdict + wiring): ['PBF', 'DK', 'AGX']
[deck_writer] backfill: 0 courted name(s) without a deck: []
[court_runner] 2026-09-03T07:14:41Z
  AWAITING ADJUDICATION (session job — pitch doc + verdict + wiring): ['PBF', 'DK', 'AGX']
[deck_writer] backfill: 0 courted name(s) without a deck: []
[court_runner] 2026-09-03T07:44:42Z
  AWAITING ADJUDICATION (session job — pitch doc + verdict + wiring): ['PBF', 'DK', 'AGX']
[deck_writer] backfill: 0 courted name(s) without a deck: []
[court_runner] 2026-09-03T08:14:42Z
  AWAITING ADJUDICATION (session job — pitch doc + verdict + wiring): ['PBF', 'DK', 'AGX']

===== 2026-09-03 01:33 (desk) =====
[deck_writer] backfill: 0 courted name(s) without a deck: []
[court_runner] 2026-09-03T08:33:13Z
  AWAITING ADJUDICATION (session job — pitch doc + verdict + wiring): ['PBF', 'DK', 'AGX']

[deck_writer] backfill: 0 courted name(s) without a deck: []
[court_runner] 2026-09-03T08:44:42Z
  AWAITING ADJUDICATION (session job — pitch doc + verdict + wiring): ['PBF', 'DK', 'AGX']
[deck_writer] backfill: 0 courted name(s) without a deck: []
[court_runner] 2026-09-03T09:14:43Z
  AWAITING ADJUDICATION (session job — pitch doc + verdict + wiring): ['PBF', 'DK', 'AGX']
[deck_writer] backfill: 0 courted name(s) without a deck: []
[court_runner] 2026-09-03T09:44:43Z
  AWAITING ADJUDICATION (session job — pitch doc + verdict + wiring): ['PBF', 'DK', 'AGX']
[deck_writer] backfill: 0 courted name(s) without a deck: []
[court_runner] 2026-09-03T10:14:43Z
  AWAITING ADJUDICATION (session job — pitch doc + verdict + wiring): ['PBF', 'DK', 'AGX']

===== 2026-09-03 03:38 (desk) =====
[court_runner] 2026-09-03T10:38:04Z
  HYGIENE evicted=['EIX', 'PCG', 'AXON', 'BURL', 'KEP', 'SOFI', 'XPEV', 'RKT', 'FN', 'STLA', 'CIEN', 'LI', 'INIO', 'CPNG', 'SYM', 'STRL'] flagged=0
  INFRA FAILURE (not-logged-in) — aborting the whole drain (every dispatch would fail; no validator-reject rows written)

/Users/ajay/Library/Python/3.9/lib/python/site-packages/urllib3/__init__.py:35: NotOpenSSLWarning: urllib3 v2 only supports OpenSSL 1.1.1+, currently the 'ssl' module is compiled with 'LibreSSL 2.8.3'. See: https://github.com/urllib3/urllib3/issues/3020
  warnings.warn(
PSQL: No earnings dates found, symbol may be delisted
/Users/ajay/Library/Python/3.9/lib/python/site-packages/urllib3/__init__.py:35: NotOpenSSLWarning: urllib3 v2 only supports OpenSSL 1.1.1+, currently the 'ssl' module is compiled with 'LibreSSL 2.8.3'. See: https://github.com/urllib3/urllib3/issues/3020
  warnings.warn(
PSQL: No earnings dates found, symbol may be delisted
AIBZ: No earnings dates found, symbol may be delisted
[deck_writer] backfill: 0 courted name(s) without a deck: []
[court_runner] 2026-09-03T11:05:25Z
  PSQL REFUTABILITY -> KILLED (PSQL_REFUTABILITY_202609031051.md)
  HAWK REFUTABILITY -> ADJUDICATE (HAWK_REFUTABILITY_202609031055.md)
  AIBZ REFUTABILITY -> KILLED (AIBZ_REFUTABILITY_202609031059.md)
  SDHC REFUTABILITY -> KILLED (SDHC_REFUTABILITY_202609031105.md)
  AWAITING ADJUDICATION (session job — pitch doc + verdict + wiring): ['PBF', 'DK', 'AGX', 'HAWK']
[deck_writer] backfill: 0 courted name(s) without a deck: []
[court_runner] 2026-09-03T11:35:26Z
  AWAITING ADJUDICATION (session job — pitch doc + verdict + wiring): ['PBF', 'DK', 'AGX', 'HAWK']
[deck_writer] backfill: 0 courted name(s) without a deck: []
[court_runner] 2026-09-03T12:05:26Z
  AWAITING ADJUDICATION (session job — pitch doc + verdict + wiring): ['PBF', 'DK', 'AGX', 'HAWK']

===== 2026-09-03 05:34 (desk) =====
[court_runner] 2026-09-03T12:34:00Z
  HYGIENE evicted=['EIX', 'PCG', 'AXON', 'KEP', 'SOFI', 'XPEV', 'RKT', 'FN', 'STLA', 'CIEN', 'LI', 'INIO', 'CPNG', 'SYM', 'STRL', 'HDB', 'QXO'] flagged=0
  INFRA FAILURE (not-logged-in) — aborting the whole drain (every dispatch would fail; no validator-reject rows written)

/Users/ajay/Library/Python/3.9/lib/python/site-packages/urllib3/__init__.py:35: NotOpenSSLWarning: urllib3 v2 only supports OpenSSL 1.1.1+, currently the 'ssl' module is compiled with 'LibreSSL 2.8.3'. See: https://github.com/urllib3/urllib3/issues/3020
  warnings.warn(
/Users/ajay/Library/Python/3.9/lib/python/site-packages/urllib3/__init__.py:35: NotOpenSSLWarning: urllib3 v2 only supports OpenSSL 1.1.1+, currently the 'ssl' module is compiled with 'LibreSSL 2.8.3'. See: https://github.com/urllib3/urllib3/issues/3020
  warnings.warn(
[deck_writer] backfill: 0 courted name(s) without a deck: []
[court_runner] 2026-09-03T12:48:12Z
  GIII REFUTABILITY -> COURT_RED (GIII_REFUTABILITY_202609031240.md)
  LGN REFUTABILITY -> COURT_RED (LGN_REFUTABILITY_202609031248.md)
  AWAITING ADJUDICATION (session job — pitch doc + verdict + wiring): ['PBF', 'DK', 'AGX', 'HAWK']
/Users/ajay/Library/Python/3.9/lib/python/site-packages/urllib3/__init__.py:35: NotOpenSSLWarning: urllib3 v2 only supports OpenSSL 1.1.1+, currently the 'ssl' module is compiled with 'LibreSSL 2.8.3'. See: https://github.com/urllib3/urllib3/issues/3020
  warnings.warn(
[court_runner] 2026-09-03T13:29:29Z
  INFRA FAILURE (infra:limit) — aborting the whole drain (every dispatch would fail; no validator-reject rows written)
/Users/ajay/Library/Python/3.9/lib/python/site-packages/urllib3/__init__.py:35: NotOpenSSLWarning: urllib3 v2 only supports OpenSSL 1.1.1+, currently the 'ssl' module is compiled with 'LibreSSL 2.8.3'. See: https://github.com/urllib3/urllib3/issues/3020
  warnings.warn(
[court_runner] 2026-09-03T14:03:07Z
  INFRA FAILURE (infra:limit) — aborting the whole drain (every dispatch would fail; no validator-reject rows written)
/Users/ajay/Library/Python/3.9/lib/python/site-packages/urllib3/__init__.py:35: NotOpenSSLWarning: urllib3 v2 only supports OpenSSL 1.1.1+, currently the 'ssl' module is compiled with 'LibreSSL 2.8.3'. See: https://github.com/urllib3/urllib3/issues/3020
  warnings.warn(

===== 2026-09-03 07:34 (desk) =====
[court_runner] 2026-09-03T14:34:31Z another drain in progress — exiting (lock held)

[court_runner] 2026-09-03T14:36:37Z
  INFRA FAILURE (infra:limit) — aborting the whole drain (every dispatch would fail; no validator-reject rows written)
/Users/ajay/Library/Python/3.9/lib/python/site-packages/urllib3/__init__.py:35: NotOpenSSLWarning: urllib3 v2 only supports OpenSSL 1.1.1+, currently the 'ssl' module is compiled with 'LibreSSL 2.8.3'. See: https://github.com/urllib3/urllib3/issues/3020
  warnings.warn(
[deck_writer] backfill: 0 courted name(s) without a deck: []
[court_runner] 2026-09-03T15:23:45Z
  GIII COURT_RED: 1 kg_candidate(s) harvested
  GIII COURT_RED -> COURT_BLUE (GIII_COURT_RED_202609031512.md)
  LGN COURT_RED: 2 kg_candidate(s) harvested
  LGN COURT_RED -> COURT_BLUE (LGN_COURT_RED_202609031523.md)
  AWAITING ADJUDICATION (session job — pitch doc + verdict + wiring): ['PBF', 'DK', 'AGX', 'HAWK']
/Users/ajay/Library/Python/3.9/lib/python/site-packages/urllib3/__init__.py:35: NotOpenSSLWarning: urllib3 v2 only supports OpenSSL 1.1.1+, currently the 'ssl' module is compiled with 'LibreSSL 2.8.3'. See: https://github.com/urllib3/urllib3/issues/3020
  warnings.warn(
positions request timed out
account updates for ACCOUNT_ALPHA request timed out
account updates for ACCOUNT_BETA request timed out
[deck_writer] LGN: deck emailed (LGN_PITCH_DECK_20260903.pdf)
[deck_writer] backfill: 0 courted name(s) without a deck: []
[court_runner] 2026-09-03T16:12:05Z
  GIII COURT_BLUE: reject (missing BLUE BENCH header / RED CASE ruling) — immediate retry
  GIII COURT_BLUE: VALIDATOR REJECTED (missing BLUE BENCH header / RED CASE ruling) — output not persisted to queue
  LGN COURT_BLUE: 1 kg_candidate(s) harvested
  LGN COURT_BLUE -> ADJUDICATE (LGN_COURT_BLUE_202609031606.md)
  AWAITING ADJUDICATION (session job — pitch doc + verdict + wiring): ['PBF', 'DK', 'AGX', 'HAWK', 'LGN']

===== 2026-09-03 09:34 (desk) =====
[court_runner] 2026-09-03T16:34:18Z
  INFRA FAILURE (not-logged-in) — aborting the whole drain (every dispatch would fail; no validator-reject rows written)

/Users/ajay/Library/Python/3.9/lib/python/site-packages/urllib3/__init__.py:35: NotOpenSSLWarning: urllib3 v2 only supports OpenSSL 1.1.1+, currently the 'ssl' module is compiled with 'LibreSSL 2.8.3'. See: https://github.com/urllib3/urllib3/issues/3020
  warnings.warn(
/Users/ajay/Library/Python/3.9/lib/python/site-packages/urllib3/__init__.py:35: NotOpenSSLWarning: urllib3 v2 only supports OpenSSL 1.1.1+, currently the 'ssl' module is compiled with 'LibreSSL 2.8.3'. See: https://github.com/urllib3/urllib3/issues/3020
  warnings.warn(
[deck_writer] GIII: deck emailed (GIII_PITCH_DECK_20260903.pdf)
[deck_writer] backfill: 0 courted name(s) without a deck: []
[court_runner] 2026-09-03T16:52:57Z
  GIII COURT_BLUE: 1 kg_candidate(s) harvested
  GIII COURT_BLUE -> ADJUDICATE (GIII_COURT_BLUE_202609031648.md)
  AWAITING ADJUDICATION (session job — pitch doc + verdict + wiring): ['PBF', 'DK', 'AGX', 'HAWK', 'GIII', 'LGN']
[deck_writer] backfill: 0 courted name(s) without a deck: []
[court_runner] 2026-09-03T17:22:57Z
  AWAITING ADJUDICATION (session job — pitch doc + verdict + wiring): ['PBF', 'DK', 'AGX', 'HAWK', 'GIII', 'LGN']
[deck_writer] backfill: 0 courted name(s) without a deck: []
[court_runner] 2026-09-03T17:52:57Z
  AWAITING ADJUDICATION (session job — pitch doc + verdict + wiring): ['PBF', 'DK', 'AGX', 'HAWK', 'GIII', 'LGN']
[deck_writer] backfill: 0 courted name(s) without a deck: []
[court_runner] 2026-09-03T18:22:58Z
  AWAITING ADJUDICATION (session job — pitch doc + verdict + wiring): ['PBF', 'DK', 'AGX', 'HAWK', 'LGN']

===== 2026-09-03 11:34 (desk) =====
[deck_writer] backfill: 0 courted name(s) without a deck: []
[court_runner] 2026-09-03T18:34:36Z
  AWAITING ADJUDICATION (session job — pitch doc + verdict + wiring): ['PBF', 'DK', 'AGX', 'HAWK', 'LGN']

[deck_writer] backfill: 0 courted name(s) without a deck: []
[court_runner] 2026-09-03T18:52:58Z
  AWAITING ADJUDICATION (session job — pitch doc + verdict + wiring): ['PBF', 'DK', 'AGX', 'HAWK', 'LGN']
[deck_writer] backfill: 0 courted name(s) without a deck: []
[court_runner] 2026-09-03T19:22:58Z
  AWAITING ADJUDICATION (session job — pitch doc + verdict + wiring): ['PBF', 'DK', 'AGX', 'HAWK', 'LGN']
[deck_writer] backfill: 0 courted name(s) without a deck: []
[court_runner] 2026-09-03T19:52:59Z
  AWAITING ADJUDICATION (session job — pitch doc + verdict + wiring): ['PBF', 'DK', 'AGX', 'HAWK', 'LGN']
[deck_writer] backfill: 0 courted name(s) without a deck: []
[court_runner] 2026-09-03T20:22:59Z
  AWAITING ADJUDICATION (session job — pitch doc + verdict + wiring): ['PBF', 'DK', 'AGX', 'HAWK', 'LGN']

===== 2026-09-03 13:34 (desk) =====
[deck_writer] backfill: 0 courted name(s) without a deck: []
[court_runner] 2026-09-03T20:34:36Z
  AWAITING ADJUDICATION (session job — pitch doc + verdict + wiring): ['PBF', 'DK', 'AGX', 'HAWK', 'LGN']

[deck_writer] backfill: 0 courted name(s) without a deck: []
[court_runner] 2026-09-03T20:52:59Z
  AWAITING ADJUDICATION (session job — pitch doc + verdict + wiring): ['PBF', 'DK', 'AGX', 'HAWK', 'LGN']
[deck_writer] backfill: 0 courted name(s) without a deck: []
[court_runner] 2026-09-03T21:22:59Z
  AWAITING ADJUDICATION (session job — pitch doc + verdict + wiring): ['PBF', 'DK', 'AGX', 'HAWK', 'LGN']
[deck_writer] backfill: 0 courted name(s) without a deck: []
[court_runner] 2026-09-03T21:53:00Z
  AWAITING ADJUDICATION (session job — pitch doc + verdict + wiring): ['PBF', 'DK', 'AGX', 'HAWK', 'LGN']
[deck_writer] backfill: 0 courted name(s) without a deck: []
[court_runner] 2026-09-03T22:23:00Z
  AWAITING ADJUDICATION (session job — pitch doc + verdict + wiring): ['PBF', 'DK', 'AGX', 'HAWK', 'LGN']

===== 2026-09-03 15:34 (desk) =====
[deck_writer] backfill: 0 courted name(s) without a deck: []
[court_runner] 2026-09-03T22:34:46Z
  AWAITING ADJUDICATION (session job — pitch doc + verdict + wiring): ['PBF', 'DK', 'AGX', 'HAWK', 'LGN']

[deck_writer] backfill: 0 courted name(s) without a deck: []
[court_runner] 2026-09-03T22:53:00Z
  AWAITING ADJUDICATION (session job — pitch doc + verdict + wiring): ['PBF', 'DK', 'AGX', 'HAWK', 'LGN']
[deck_writer] backfill: 0 courted name(s) without a deck: []
[court_runner] 2026-09-03T23:23:01Z
  AWAITING ADJUDICATION (session job — pitch doc + verdict + wiring): ['PBF', 'DK', 'AGX', 'HAWK', 'LGN']
[deck_writer] backfill: 0 courted name(s) without a deck: []
[court_runner] 2026-09-03T23:53:01Z
  AWAITING ADJUDICATION (session job — pitch doc + verdict + wiring): ['PBF', 'DK', 'AGX', 'HAWK', 'LGN']
[deck_writer] backfill: 0 courted name(s) without a deck: []
[court_runner] 2026-09-04T00:23:01Z
  AWAITING ADJUDICATION (session job — pitch doc + verdict + wiring): ['PBF', 'DK', 'AGX', 'HAWK', 'LGN']

===== 2026-09-03 17:34 (desk) =====
[deck_writer] backfill: 0 courted name(s) without a deck: []
[court_runner] 2026-09-04T00:34:32Z
  AWAITING ADJUDICATION (session job — pitch doc + verdict + wiring): ['PBF', 'DK', 'AGX', 'HAWK', 'LGN']

[deck_writer] backfill: 0 courted name(s) without a deck: []
[court_runner] 2026-09-04T00:53:02Z
  AWAITING ADJUDICATION (session job — pitch doc + verdict + wiring): ['PBF', 'DK', 'AGX', 'HAWK', 'LGN']
[deck_writer] backfill: 0 courted name(s) without a deck: []
[court_runner] 2026-09-04T01:23:02Z
  AWAITING ADJUDICATION (session job — pitch doc + verdict + wiring): ['PBF', 'DK', 'AGX', 'HAWK', 'LGN']
[deck_writer] backfill: 0 courted name(s) without a deck: []
[court_runner] 2026-09-04T01:53:02Z
  AWAITING ADJUDICATION (session job — pitch doc + verdict + wiring): ['PBF', 'DK', 'AGX', 'HAWK', 'LGN']
[deck_writer] backfill: 0 courted name(s) without a deck: []
[court_runner] 2026-09-04T02:23:02Z
  AWAITING ADJUDICATION (session job — pitch doc + verdict + wiring): ['PBF', 'DK', 'AGX', 'HAWK', 'LGN']

===== 2026-09-03 19:34 (desk) =====
[deck_writer] backfill: 0 courted name(s) without a deck: []
[court_runner] 2026-09-04T02:34:28Z
  AWAITING ADJUDICATION (session job — pitch doc + verdict + wiring): ['PBF', 'DK', 'AGX', 'HAWK', 'LGN']

[court_runner] 2026-09-04T02:53:03Z another drain in progress — exiting (lock held)
[deck_writer] backfill: 0 courted name(s) without a deck: []
[court_runner] 2026-09-04T03:23:03Z
  AWAITING ADJUDICATION (session job — pitch doc + verdict + wiring): ['PBF', 'DK', 'AGX', 'HAWK', 'LGN']
[deck_writer] backfill: 0 courted name(s) without a deck: []
[court_runner] 2026-09-04T03:53:03Z
  AWAITING ADJUDICATION (session job — pitch doc + verdict + wiring): ['PBF', 'DK', 'AGX', 'HAWK', 'LGN']
[court_runner] 2026-09-04T04:23:03Z another drain in progress — exiting (lock held)

===== 2026-09-03 21:34 (desk) =====
[court_runner] 2026-09-04T04:34:19Z another drain in progress — exiting (lock held)

[court_runner] 2026-09-04T04:53:04Z another drain in progress — exiting (lock held)
[court_runner] 2026-09-04T05:23:04Z another drain in progress — exiting (lock held)
[court_runner] 2026-09-04T05:53:04Z another drain in progress — exiting (lock held)
[court_runner] 2026-09-04T06:23:04Z another drain in progress — exiting (lock held)

===== 2026-09-03 23:34 (desk) =====
[court_runner] 2026-09-04T06:34:30Z another drain in progress — exiting (lock held)

[deck_writer] backfill: 0 courted name(s) without a deck: []
[court_runner] 2026-09-04T06:53:04Z
  AWAITING ADJUDICATION (session job — pitch doc + verdict + wiring): ['PBF', 'DK', 'AGX', 'HAWK', 'LGN']
[deck_writer] backfill: 0 courted name(s) without a deck: []
[court_runner] 2026-09-04T07:23:05Z
  queue empty
/Users/ajay/Library/Python/3.9/lib/python/site-packages/urllib3/__init__.py:35: NotOpenSSLWarning: urllib3 v2 only supports OpenSSL 1.1.1+, currently the 'ssl' module is compiled with 'LibreSSL 2.8.3'. See: https://github.com/urllib3/urllib3/issues/3020
  warnings.warn(
[deck_writer] backfill: 0 courted name(s) without a deck: []
[court_runner] 2026-09-04T07:59:12Z
  PAAI TRAP_VERIFY: reject (no primary citation (http) anywhere in the output) — immediate retry
  PAAI TRAP_VERIFY -> KILLED (PAAI_TRAP_VERIFY_202609040759.md)
[deck_writer] backfill: 0 courted name(s) without a deck: []
[court_runner] 2026-09-04T08:29:12Z
  queue empty

===== 2026-09-04 01:34 (desk) =====
[deck_writer] backfill: 0 courted name(s) without a deck: []
[court_runner] 2026-09-04T08:34:04Z
  queue empty

[deck_writer] backfill: 0 courted name(s) without a deck: []
[court_runner] 2026-09-04T08:59:13Z
  queue empty
[deck_writer] backfill: 0 courted name(s) without a deck: []
[court_runner] 2026-09-04T09:29:13Z
  queue empty
[deck_writer] backfill: 0 courted name(s) without a deck: []
[court_runner] 2026-09-04T09:59:13Z
  queue empty
[deck_writer] backfill: 0 courted name(s) without a deck: []
[court_runner] 2026-09-04T10:29:13Z
  queue empty

===== 2026-09-04 03:33 (desk) =====
[deck_writer] backfill: 0 courted name(s) without a deck: []
[court_runner] 2026-09-04T10:33:53Z
  queue empty

[deck_writer] backfill: 0 courted name(s) without a deck: []
[court_runner] 2026-09-04T10:59:14Z
  queue empty
[deck_writer] backfill: 0 courted name(s) without a deck: []
[court_runner] 2026-09-04T11:29:14Z
  queue empty
/Users/ajay/Library/Python/3.9/lib/python/site-packages/urllib3/__init__.py:35: NotOpenSSLWarning: urllib3 v2 only supports OpenSSL 1.1.1+, currently the 'ssl' module is compiled with 'LibreSSL 2.8.3'. See: https://github.com/urllib3/urllib3/issues/3020
  warnings.warn(
[deck_writer] backfill: 0 courted name(s) without a deck: []
[court_runner] 2026-09-04T12:31:42Z
  HYGIENE evicted=['CIEN', 'KEP', 'XPEV', 'SOFI', 'FN', 'RKT', 'LI', 'CPNG', 'STLA', 'STRL', 'HDB', 'INIO', 'SYM'] flagged=0
  RARE REFUTABILITY -> COURT_RED (RARE_REFUTABILITY_202609041206.md)
  VSXY REFUTABILITY -> COURT_RED (VSXY_REFUTABILITY_202609041211.md)
  CXM REFUTABILITY -> ADJUDICATE (CXM_REFUTABILITY_202609041217.md)
  NXH REFUTABILITY -> KILLED (NXH_REFUTABILITY_202609041223.md)
  BELFB REFUTABILITY -> COURT_RED (BELFB_REFUTABILITY_202609041231.md)
  AWAITING ADJUDICATION (session job — pitch doc + verdict + wiring): ['CXM']

===== 2026-09-04 05:34 (desk) =====
[court_runner] 2026-09-04T12:34:07Z
  HYGIENE evicted=['CIEN', 'KEP', 'XPEV', 'SOFI', 'FN', 'RKT', 'LI', 'CPNG', 'STLA', 'STRL', 'HDB', 'INIO', 'SYM'] flagged=0
  INFRA FAILURE (not-logged-in) — aborting the whole drain (every dispatch would fail; no validator-reject rows written)

/Users/ajay/Library/Python/3.9/lib/python/site-packages/urllib3/__init__.py:35: NotOpenSSLWarning: urllib3 v2 only supports OpenSSL 1.1.1+, currently the 'ssl' module is compiled with 'LibreSSL 2.8.3'. See: https://github.com/urllib3/urllib3/issues/3020
  warnings.warn(
/Users/ajay/Library/Python/3.9/lib/python/site-packages/urllib3/__init__.py:35: NotOpenSSLWarning: urllib3 v2 only supports OpenSSL 1.1.1+, currently the 'ssl' module is compiled with 'LibreSSL 2.8.3'. See: https://github.com/urllib3/urllib3/issues/3020
  warnings.warn(
TRBG: No earnings dates found, symbol may be delisted
[deck_writer] backfill: 0 courted name(s) without a deck: []
[court_runner] 2026-09-04T13:31:30Z
  RARE COURT_RED: 2 kg_candidate(s) harvested
  RARE COURT_RED -> COURT_BLUE (RARE_COURT_RED_202609041308.md)
  VSXY COURT_RED: 1 kg_candidate(s) harvested
  VSXY COURT_RED -> COURT_BLUE (VSXY_COURT_RED_202609041315.md)
  BELFB COURT_RED: 2 kg_candidate(s) harvested
  BELFB COURT_RED -> COURT_BLUE (BELFB_COURT_RED_202609041322.md)
  TRBG REFUTABILITY -> KILLED (TRBG_REFUTABILITY_202609041325.md)
  PAX REFUTABILITY -> COURT_RED (PAX_REFUTABILITY_202609041331.md)
  AWAITING ADJUDICATION (session job — pitch doc + verdict + wiring): ['CXM']
/Users/ajay/Library/Python/3.9/lib/python/site-packages/urllib3/__init__.py:35: NotOpenSSLWarning: urllib3 v2 only supports OpenSSL 1.1.1+, currently the 'ssl' module is compiled with 'LibreSSL 2.8.3'. See: https://github.com/urllib3/urllib3/issues/3020
  warnings.warn(

===== 2026-09-04 07:34 (desk) =====
[court_runner] 2026-09-04T14:34:35Z another drain in progress — exiting (lock held)

[deck_writer] RARE: deck emailed (RARE_PITCH_DECK_20260904.pdf)
[deck_writer] VSXY: deck emailed (VSXY_PITCH_DECK_20260904.pdf)
[deck_writer] BELFB: deck emailed (BELFB_PITCH_DECK_20260904.pdf)
[deck_writer] backfill: 0 courted name(s) without a deck: []
[court_runner] 2026-09-04T14:43:21Z
  RARE COURT_BLUE: 2 kg_candidate(s) harvested
  RARE COURT_BLUE -> ADJUDICATE (RARE_COURT_BLUE_202609041405.md)
  VSXY COURT_BLUE: 1 kg_candidate(s) harvested
  VSXY COURT_BLUE -> ADJUDICATE (VSXY_COURT_BLUE_202609041416.md)
  BELFB COURT_BLUE: 2 kg_candidate(s) harvested
  BELFB COURT_BLUE -> ADJUDICATE (BELFB_COURT_BLUE_202609041426.md)
  PAX COURT_RED: 1 kg_candidate(s) harvested
  PAX COURT_RED -> COURT_BLUE (PAX_COURT_RED_202609041443.md)
  AWAITING ADJUDICATION (session job — pitch doc + verdict + wiring): ['RARE', 'VSXY', 'CXM', 'BELFB']
/Users/ajay/Library/Python/3.9/lib/python/site-packages/urllib3/__init__.py:35: NotOpenSSLWarning: urllib3 v2 only supports OpenSSL 1.1.1+, currently the 'ssl' module is compiled with 'LibreSSL 2.8.3'. See: https://github.com/urllib3/urllib3/issues/3020
  warnings.warn(
[deck_writer] PAX: deck emailed (PAX_PITCH_DECK_20260904.pdf)
[deck_writer] backfill: 0 courted name(s) without a deck: []
[court_runner] 2026-09-04T15:25:06Z
  PAX COURT_BLUE: 1 kg_candidate(s) harvested
  PAX COURT_BLUE -> ADJUDICATE (PAX_COURT_BLUE_202609041518.md)
  AWAITING ADJUDICATION (session job — pitch doc + verdict + wiring): ['RARE', 'VSXY', 'CXM', 'BELFB', 'PAX']
[deck_writer] backfill: 0 courted name(s) without a deck: []
[court_runner] 2026-09-04T15:55:07Z
  AWAITING ADJUDICATION (session job — pitch doc + verdict + wiring): ['RARE', 'VSXY', 'CXM', 'BELFB', 'PAX']
[deck_writer] backfill: 0 courted name(s) without a deck: []
[court_runner] 2026-09-04T16:25:07Z
  AWAITING ADJUDICATION (session job — pitch doc + verdict + wiring): ['RARE', 'VSXY', 'CXM', 'BELFB', 'PAX']

===== 2026-09-04 09:34 (desk) =====
[deck_writer] backfill: 0 courted name(s) without a deck: []
[court_runner] 2026-09-04T16:34:40Z
  AWAITING ADJUDICATION (session job — pitch doc + verdict + wiring): ['RARE', 'VSXY', 'CXM', 'BELFB', 'PAX']

[deck_writer] backfill: 0 courted name(s) without a deck: []
[court_runner] 2026-09-04T16:55:07Z
  AWAITING ADJUDICATION (session job — pitch doc + verdict + wiring): ['RARE', 'VSXY', 'CXM', 'BELFB', 'PAX']
[court_runner] 2026-09-04T17:25:08Z another drain in progress — exiting (lock held)
[court_runner] 2026-09-04T17:55:08Z another drain in progress — exiting (lock held)
[court_runner] 2026-09-04T18:25:08Z another drain in progress — exiting (lock held)

===== 2026-09-04 11:34 (desk) =====
[court_runner] 2026-09-04T18:34:40Z another drain in progress — exiting (lock held)

[court_runner] 2026-09-04T18:55:08Z another drain in progress — exiting (lock held)
[court_runner] 2026-09-04T19:25:08Z another drain in progress — exiting (lock held)
[deck_writer] backfill: 0 courted name(s) without a deck: []
[court_runner] 2026-09-04T19:55:09Z
  queue empty
[deck_writer] backfill: 0 courted name(s) without a deck: []
[court_runner] 2026-09-04T20:25:09Z
  queue empty

===== 2026-09-04 13:35 (desk) =====
[deck_writer] backfill: 0 courted name(s) without a deck: []
[court_runner] 2026-09-04T20:35:05Z
  queue empty

[deck_writer] backfill: 0 courted name(s) without a deck: []
[court_runner] 2026-09-04T20:55:09Z
  queue empty
[court_runner] 2026-09-04T21:25:09Z another drain in progress — exiting (lock held)
[court_runner] 2026-09-04T21:55:10Z another drain in progress — exiting (lock held)
[deck_writer] backfill: 0 courted name(s) without a deck: []
[court_runner] 2026-09-04T22:25:10Z
  queue empty

===== 2026-09-04 15:34 (desk) =====
[deck_writer] backfill: 0 courted name(s) without a deck: []
[court_runner] 2026-09-04T22:34:36Z
  queue empty

[deck_writer] backfill: 0 courted name(s) without a deck: []
[court_runner] 2026-09-04T22:55:10Z
  queue empty
[deck_writer] backfill: 0 courted name(s) without a deck: []
[court_runner] 2026-09-04T23:25:11Z
  queue empty
[deck_writer] backfill: 0 courted name(s) without a deck: []
[court_runner] 2026-09-04T23:55:11Z
  queue empty
[deck_writer] backfill: 0 courted name(s) without a deck: []
[court_runner] 2026-09-05T00:25:11Z
  queue empty

===== 2026-09-04 17:34 (desk) =====
[deck_writer] backfill: 0 courted name(s) without a deck: []
[court_runner] 2026-09-05T00:34:18Z
  queue empty

[deck_writer] backfill: 0 courted name(s) without a deck: []
[court_runner] 2026-09-05T00:55:12Z
  queue empty
[deck_writer] backfill: 0 courted name(s) without a deck: []
[court_runner] 2026-09-05T01:25:12Z
  queue empty
[deck_writer] backfill: 0 courted name(s) without a deck: []
[court_runner] 2026-09-05T01:55:12Z
  queue empty
[deck_writer] backfill: 0 courted name(s) without a deck: []
[court_runner] 2026-09-05T02:25:13Z
  queue empty

===== 2026-09-04 19:34 (desk) =====
[deck_writer] backfill: 0 courted name(s) without a deck: []
[court_runner] 2026-09-05T02:34:17Z
  queue empty

[deck_writer] backfill: 0 courted name(s) without a deck: []
[court_runner] 2026-09-05T02:55:13Z
  queue empty
[deck_writer] backfill: 0 courted name(s) without a deck: []
[court_runner] 2026-09-05T03:25:14Z
  queue empty
[deck_writer] backfill: 0 courted name(s) without a deck: []
[court_runner] 2026-09-05T03:55:14Z
  queue empty
[deck_writer] backfill: 0 courted name(s) without a deck: []
[court_runner] 2026-09-05T04:25:14Z
  queue empty

===== 2026-09-04 21:34 (desk) =====
[deck_writer] backfill: 0 courted name(s) without a deck: []
[court_runner] 2026-09-05T04:34:48Z
  queue empty

[deck_writer] backfill: 0 courted name(s) without a deck: []
[court_runner] 2026-09-05T04:55:15Z
  queue empty
[deck_writer] backfill: 0 courted name(s) without a deck: []
[court_runner] 2026-09-05T05:25:15Z
  queue empty
[deck_writer] backfill: 0 courted name(s) without a deck: []
[court_runner] 2026-09-05T05:55:15Z
  queue empty
[deck_writer] backfill: 0 courted name(s) without a deck: []
[court_runner] 2026-09-05T06:25:16Z
  queue empty

===== 2026-09-04 23:34 (desk) =====
[deck_writer] backfill: 0 courted name(s) without a deck: []
[court_runner] 2026-09-05T06:34:37Z
  queue empty

[deck_writer] backfill: 0 courted name(s) without a deck: []
[court_runner] 2026-09-05T06:55:16Z
  queue empty
[deck_writer] backfill: 0 courted name(s) without a deck: []
[court_runner] 2026-09-05T07:25:16Z
  queue empty
[deck_writer] backfill: 0 courted name(s) without a deck: []
[court_runner] 2026-09-05T07:55:17Z
  queue empty
[deck_writer] backfill: 0 courted name(s) without a deck: []
[court_runner] 2026-09-05T08:25:17Z
  queue empty
[deck_writer] backfill: 0 courted name(s) without a deck: []
[court_runner] 2026-09-05T08:55:17Z
  queue empty
[deck_writer] backfill: 0 courted name(s) without a deck: []
[court_runner] 2026-09-05T09:25:18Z
  queue empty
[deck_writer] backfill: 0 courted name(s) without a deck: []
[court_runner] 2026-09-05T09:55:18Z
  queue empty
[deck_writer] backfill: 0 courted name(s) without a deck: []
[court_runner] 2026-09-05T10:25:18Z
  queue empty
[deck_writer] backfill: 0 courted name(s) without a deck: []
[court_runner] 2026-09-05T10:55:19Z
  queue empty
[deck_writer] backfill: 0 courted name(s) without a deck: []
[court_runner] 2026-09-05T11:25:19Z
  queue empty
[deck_writer] backfill: 0 courted name(s) without a deck: []
[court_runner] 2026-09-05T11:55:19Z
  queue empty
[deck_writer] backfill: 0 courted name(s) without a deck: []
[court_runner] 2026-09-05T12:25:20Z
  queue empty
[deck_writer] backfill: 0 courted name(s) without a deck: []
[court_runner] 2026-09-05T12:55:20Z
  queue empty
[deck_writer] backfill: 0 courted name(s) without a deck: []
[court_runner] 2026-09-05T13:25:20Z
  queue empty
[deck_writer] backfill: 0 courted name(s) without a deck: []
[court_runner] 2026-09-05T13:55:21Z
  queue empty
[deck_writer] backfill: 0 courted name(s) without a deck: []
[court_runner] 2026-09-05T14:25:21Z
  queue empty
[deck_writer] backfill: 0 courted name(s) without a deck: []
[court_runner] 2026-09-05T14:55:21Z
  queue empty
[deck_writer] backfill: 0 courted name(s) without a deck: []
[court_runner] 2026-09-05T15:25:22Z
  queue empty
[deck_writer] backfill: 0 courted name(s) without a deck: []
[court_runner] 2026-09-05T15:55:22Z
  queue empty
[deck_writer] backfill: 0 courted name(s) without a deck: []
[court_runner] 2026-09-05T16:25:22Z
  queue empty
[deck_writer] backfill: 0 courted name(s) without a deck: []
[court_runner] 2026-09-05T16:55:23Z
  queue empty
[deck_writer] backfill: 0 courted name(s) without a deck: []
[court_runner] 2026-09-05T17:25:23Z
  queue empty
[deck_writer] backfill: 0 courted name(s) without a deck: []
[court_runner] 2026-09-05T17:55:23Z
  queue empty
[deck_writer] backfill: 0 courted name(s) without a deck: []
[court_runner] 2026-09-05T18:25:24Z
  queue empty
[deck_writer] backfill: 0 courted name(s) without a deck: []
[court_runner] 2026-09-05T18:55:24Z
  queue empty
[deck_writer] backfill: 0 courted name(s) without a deck: []
[court_runner] 2026-09-05T19:25:24Z
  queue empty
[deck_writer] backfill: 0 courted name(s) without a deck: []
[court_runner] 2026-09-05T19:55:25Z
  queue empty
[deck_writer] backfill: 0 courted name(s) without a deck: []
[court_runner] 2026-09-05T20:25:25Z
  queue empty
[deck_writer] backfill: 0 courted name(s) without a deck: []
[court_runner] 2026-09-05T20:55:25Z
  queue empty
[deck_writer] backfill: 0 courted name(s) without a deck: []
[court_runner] 2026-09-05T21:25:26Z
  queue empty
[deck_writer] backfill: 0 courted name(s) without a deck: []
[court_runner] 2026-09-05T21:55:26Z
  queue empty
[deck_writer] backfill: 0 courted name(s) without a deck: []
[court_runner] 2026-09-05T22:25:27Z
  queue empty
[deck_writer] backfill: 0 courted name(s) without a deck: []
[court_runner] 2026-09-05T22:55:27Z
  queue empty
[deck_writer] backfill: 0 courted name(s) without a deck: []
[court_runner] 2026-09-05T23:25:27Z
  queue empty
[deck_writer] backfill: 0 courted name(s) without a deck: []
[court_runner] 2026-09-05T23:55:28Z
  queue empty
[deck_writer] backfill: 0 courted name(s) without a deck: []
[court_runner] 2026-09-06T00:25:28Z
  queue empty
[deck_writer] backfill: 0 courted name(s) without a deck: []
[court_runner] 2026-09-06T00:55:28Z
  queue empty
[deck_writer] backfill: 0 courted name(s) without a deck: []
[court_runner] 2026-09-06T01:25:28Z
  queue empty
[deck_writer] backfill: 0 courted name(s) without a deck: []
[court_runner] 2026-09-06T01:55:29Z
  queue empty
[deck_writer] backfill: 0 courted name(s) without a deck: []
[court_runner] 2026-09-06T02:25:29Z
  queue empty
[deck_writer] backfill: 0 courted name(s) without a deck: []
[court_runner] 2026-09-06T02:55:29Z
  queue empty
[deck_writer] backfill: 0 courted name(s) without a deck: []
[court_runner] 2026-09-06T03:25:30Z
  queue empty
[deck_writer] backfill: 0 courted name(s) without a deck: []
[court_runner] 2026-09-06T03:55:30Z
  queue empty
[deck_writer] backfill: 0 courted name(s) without a deck: []
[court_runner] 2026-09-06T04:25:31Z
  queue empty
[deck_writer] backfill: 0 courted name(s) without a deck: []
[court_runner] 2026-09-06T04:55:31Z
  queue empty
[deck_writer] backfill: 0 courted name(s) without a deck: []
[court_runner] 2026-09-06T05:25:31Z
  queue empty
[deck_writer] backfill: 0 courted name(s) without a deck: []
[court_runner] 2026-09-06T05:55:32Z
  queue empty
[deck_writer] backfill: 0 courted name(s) without a deck: []
[court_runner] 2026-09-06T06:25:32Z
  queue empty
[deck_writer] backfill: 0 courted name(s) without a deck: []
[court_runner] 2026-09-06T06:55:32Z
  queue empty
[deck_writer] backfill: 0 courted name(s) without a deck: []
[court_runner] 2026-09-06T07:25:33Z
  queue empty
[deck_writer] backfill: 0 courted name(s) without a deck: []
[court_runner] 2026-09-06T07:55:33Z
  queue empty
[deck_writer] backfill: 0 courted name(s) without a deck: []
[court_runner] 2026-09-06T08:25:33Z
  queue empty
[deck_writer] backfill: 0 courted name(s) without a deck: []
[court_runner] 2026-09-06T08:55:34Z
  queue empty
[deck_writer] backfill: 0 courted name(s) without a deck: []
[court_runner] 2026-09-06T09:25:34Z
  queue empty
[deck_writer] backfill: 0 courted name(s) without a deck: []
[court_runner] 2026-09-06T09:55:34Z
  queue empty
[deck_writer] backfill: 0 courted name(s) without a deck: []
[court_runner] 2026-09-06T10:25:35Z
  queue empty
[deck_writer] backfill: 0 courted name(s) without a deck: []
[court_runner] 2026-09-06T10:55:35Z
  queue empty
[deck_writer] backfill: 0 courted name(s) without a deck: []
[court_runner] 2026-09-06T11:25:35Z
  queue empty
[deck_writer] backfill: 0 courted name(s) without a deck: []
[court_runner] 2026-09-06T11:55:36Z
  queue empty
[deck_writer] backfill: 0 courted name(s) without a deck: []
[court_runner] 2026-09-06T12:25:36Z
  queue empty
[deck_writer] backfill: 0 courted name(s) without a deck: []
[court_runner] 2026-09-06T12:55:36Z
  queue empty
[deck_writer] backfill: 0 courted name(s) without a deck: []
[court_runner] 2026-09-06T13:25:37Z
  queue empty
[deck_writer] backfill: 0 courted name(s) without a deck: []
[court_runner] 2026-09-06T13:55:37Z
  queue empty
[deck_writer] backfill: 0 courted name(s) without a deck: []
[court_runner] 2026-09-06T14:25:37Z
  queue empty
[deck_writer] backfill: 0 courted name(s) without a deck: []
[court_runner] 2026-09-06T14:55:38Z
  queue empty
[deck_writer] backfill: 0 courted name(s) without a deck: []
[court_runner] 2026-09-06T15:25:38Z
  queue empty
[deck_writer] backfill: 0 courted name(s) without a deck: []
[court_runner] 2026-09-06T15:55:38Z
  queue empty
[deck_writer] backfill: 0 courted name(s) without a deck: []
[court_runner] 2026-09-06T16:25:39Z
  queue empty
[deck_writer] backfill: 0 courted name(s) without a deck: []
[court_runner] 2026-09-06T16:55:39Z
  queue empty
[deck_writer] backfill: 0 courted name(s) without a deck: []
[court_runner] 2026-09-06T17:25:39Z
  queue empty
[deck_writer] backfill: 0 courted name(s) without a deck: []
[court_runner] 2026-09-06T17:55:40Z
  queue empty
[deck_writer] backfill: 0 courted name(s) without a deck: []
[court_runner] 2026-09-06T18:25:40Z
  queue empty
[deck_writer] backfill: 0 courted name(s) without a deck: []
[court_runner] 2026-09-06T18:55:40Z
  queue empty
[deck_writer] backfill: 0 courted name(s) without a deck: []
[court_runner] 2026-09-06T19:25:41Z
  queue empty
[deck_writer] backfill: 0 courted name(s) without a deck: []
[court_runner] 2026-09-06T19:55:41Z
  queue empty
[deck_writer] backfill: 0 courted name(s) without a deck: []
[court_runner] 2026-09-06T20:25:41Z
  queue empty
[deck_writer] backfill: 0 courted name(s) without a deck: []
[court_runner] 2026-09-06T20:55:42Z
  queue empty
[deck_writer] backfill: 0 courted name(s) without a deck: []
[court_runner] 2026-09-06T21:25:42Z
  queue empty
[deck_writer] backfill: 0 courted name(s) without a deck: []
[court_runner] 2026-09-06T21:55:43Z
  queue empty
[deck_writer] backfill: 0 courted name(s) without a deck: []
[court_runner] 2026-09-06T22:25:43Z
  queue empty
[deck_writer] backfill: 0 courted name(s) without a deck: []
[court_runner] 2026-09-06T22:55:43Z
  queue empty
[deck_writer] backfill: 0 courted name(s) without a deck: []
[court_runner] 2026-09-06T23:25:44Z
  queue empty
[deck_writer] backfill: 0 courted name(s) without a deck: []
[court_runner] 2026-09-06T23:55:44Z
  queue empty
[deck_writer] backfill: 0 courted name(s) without a deck: []
[court_runner] 2026-09-07T00:25:44Z
  queue empty
[deck_writer] backfill: 0 courted name(s) without a deck: []
[court_runner] 2026-09-07T00:55:45Z
  queue empty
[deck_writer] backfill: 0 courted name(s) without a deck: []
[court_runner] 2026-09-07T01:25:45Z
  queue empty
[deck_writer] backfill: 0 courted name(s) without a deck: []
[court_runner] 2026-09-07T01:55:45Z
  queue empty
[deck_writer] backfill: 0 courted name(s) without a deck: []
[court_runner] 2026-09-07T02:25:46Z
  queue empty
[deck_writer] backfill: 0 courted name(s) without a deck: []
[court_runner] 2026-09-07T02:55:46Z
  queue empty
[deck_writer] backfill: 0 courted name(s) without a deck: []
[court_runner] 2026-09-07T03:25:46Z
  queue empty
[deck_writer] backfill: 0 courted name(s) without a deck: []
[court_runner] 2026-09-07T03:55:47Z
  queue empty
[deck_writer] backfill: 0 courted name(s) without a deck: []
[court_runner] 2026-09-07T04:25:47Z
  queue empty
[deck_writer] backfill: 0 courted name(s) without a deck: []
[court_runner] 2026-09-07T04:55:47Z
  queue empty
[deck_writer] backfill: 0 courted name(s) without a deck: []
[court_runner] 2026-09-07T05:25:48Z
  queue empty
[deck_writer] backfill: 0 courted name(s) without a deck: []
[court_runner] 2026-09-07T05:55:48Z
  queue empty
[deck_writer] backfill: 0 courted name(s) without a deck: []
[court_runner] 2026-09-07T06:25:49Z
  queue empty
[deck_writer] backfill: 0 courted name(s) without a deck: []
[court_runner] 2026-09-07T06:55:49Z
  queue empty
[deck_writer] backfill: 0 courted name(s) without a deck: []
[court_runner] 2026-09-07T07:25:49Z
  queue empty

===== 2026-09-07 00:48 (desk) =====
[runner] court_runner failed: Command '['python3', '-m', 'desk.court_runner']' timed out after 600 seconds/Users/ajay/Library/Python/3.9/lib/python/site-packages/urllib3/__init__.py:35: NotOpenSSLWarning: urllib3 v2 only supports OpenSSL 1.1.1+, currently the 'ssl' module is compiled with 'LibreSSL 2.8.3'. See: https://github.com/urllib3/urllib3/issues/3020
  warnings.warn(
NAMSW: No earnings dates found, symbol may be delisted
[deck_writer] backfill: 0 courted name(s) without a deck: []
[court_runner] 2026-09-07T08:14:48Z
  OWL COURT_RED: 1 kg_candidate(s) harvested
  OWL COURT_RED -> COURT_BLUE (OWL_COURT_RED_202609070803.md)
  CLPT COURT_RED: 1 kg_candidate(s) harvested
  CLPT COURT_RED -> COURT_BLUE (CLPT_COURT_RED_202609070807.md)
  NIO REFUTABILITY -> COURT_RED (NIO_REFUTABILITY_202609070810.md)
  NAMSW REFUTABILITY -> ADJUDICATE (NAMSW_REFUTABILITY_202609070814.md)
  AWAITING ADJUDICATION (session job — pitch doc + verdict + wiring): ['ALTI', 'NAMSW']
/Users/ajay/Library/Python/3.9/lib/python/site-packages/urllib3/__init__.py:35: NotOpenSSLWarning: urllib3 v2 only supports OpenSSL 1.1.1+, currently the 'ssl' module is compiled with 'LibreSSL 2.8.3'. See: https://github.com/urllib3/urllib3/issues/3020
  warnings.warn(
[deck_writer] OWL: deck emailed (OWL_PITCH_DECK_20260907.pdf)
[deck_writer] CLPT: deck emailed (CLPT_PITCH_DECK_20260907.pdf)
[deck_writer] backfill: 0 courted name(s) without a deck: []
[court_runner] 2026-09-07T09:13:17Z
  OWL COURT_BLUE: reject (no primary citation (http) anywhere in the output) — immediate retry
  OWL COURT_BLUE: 1 kg_candidate(s) harvested
  OWL COURT_BLUE -> ADJUDICATE (OWL_COURT_BLUE_202609070851.md)
  CLPT COURT_BLUE: 1 kg_candidate(s) harvested
  CLPT COURT_BLUE -> ADJUDICATE (CLPT_COURT_BLUE_202609070902.md)
  NIO COURT_RED: 2 kg_candidate(s) harvested
  NIO COURT_RED -> COURT_BLUE (NIO_COURT_RED_202609070913.md)
  AWAITING ADJUDICATION (session job — pitch doc + verdict + wiring): ['OWL', 'ALTI', 'CLPT', 'NAMSW']

===== 2026-09-07 02:42 (desk) =====
[deck_writer] NIO: pdf render failed ([Errno 2] No such file or directory: 'pandoc') — md only
[deck_writer] NIO: deck emailed (md only)
[deck_writer] backfill: 0 courted name(s) without a deck: []
[court_runner] 2026-09-07T09:42:20Z
  NIO COURT_BLUE: 2 kg_candidate(s) harvested
  NIO COURT_BLUE -> ADJUDICATE (NIO_COURT_BLUE_202609070937.md)
  AWAITING ADJUDICATION (session job — pitch doc + verdict + wiring): ['OWL', 'ALTI', 'CLPT', 'NIO', 'NAMSW']

/Users/ajay/Library/Python/3.9/lib/python/site-packages/urllib3/__init__.py:35: NotOpenSSLWarning: urllib3 v2 only supports OpenSSL 1.1.1+, currently the 'ssl' module is compiled with 'LibreSSL 2.8.3'. See: https://github.com/urllib3/urllib3/issues/3020
  warnings.warn(
[deck_writer] backfill: 0 courted name(s) without a deck: []
[court_runner] 2026-09-07T09:43:18Z
  AWAITING ADJUDICATION (session job — pitch doc + verdict + wiring): ['OWL', 'ALTI', 'CLPT', 'NIO', 'NAMSW']
[deck_writer] backfill: 0 courted name(s) without a deck: []
[court_runner] 2026-09-07T10:13:19Z
  AWAITING ADJUDICATION (session job — pitch doc + verdict + wiring): ['OWL', 'ALTI', 'CLPT', 'NIO', 'NAMSW']
[deck_writer] backfill: 0 courted name(s) without a deck: []
[court_runner] 2026-09-07T10:43:19Z
  AWAITING ADJUDICATION (session job — pitch doc + verdict + wiring): ['OWL', 'ALTI', 'CLPT', 'NIO', 'NAMSW']
[deck_writer] backfill: 0 courted name(s) without a deck: []
[court_runner] 2026-09-07T11:13:19Z
  AWAITING ADJUDICATION (session job — pitch doc + verdict + wiring): ['OWL', 'ALTI', 'CLPT', 'NIO', 'NAMSW']

===== 2026-09-07 04:33 (desk) =====
[deck_writer] backfill: 0 courted name(s) without a deck: []
[court_runner] 2026-09-07T11:33:59Z
  AWAITING ADJUDICATION (session job — pitch doc + verdict + wiring): ['OWL', 'ALTI', 'CLPT', 'NIO', 'NAMSW']

[deck_writer] backfill: 0 courted name(s) without a deck: []
[court_runner] 2026-09-07T11:43:20Z
  AWAITING ADJUDICATION (session job — pitch doc + verdict + wiring): ['OWL', 'ALTI', 'CLPT', 'NIO', 'NAMSW']
[deck_writer] backfill: 0 courted name(s) without a deck: []
[court_runner] 2026-09-07T12:13:20Z
  AWAITING ADJUDICATION (session job — pitch doc + verdict + wiring): ['OWL', 'ALTI', 'CLPT', 'NIO', 'NAMSW']
/Users/ajay/Library/Python/3.9/lib/python/site-packages/urllib3/__init__.py:35: NotOpenSSLWarning: urllib3 v2 only supports OpenSSL 1.1.1+, currently the 'ssl' module is compiled with 'LibreSSL 2.8.3'. See: https://github.com/urllib3/urllib3/issues/3020
  warnings.warn(
[deck_writer] backfill: 0 courted name(s) without a deck: []
[court_runner] 2026-09-07T12:53:36Z
  HYGIENE evicted=['CG', 'KKR', 'BX', 'ARES', 'BAM', 'GWRE', 'FICO', 'ADSK', 'XPEV', 'CIEN', 'KEP', 'SOFI', 'RKT', 'FN', 'CPNG', 'STLA', 'LI', 'HDB', 'INIO', 'QXO', 'STRL'] flagged=0
  VELO REFUTABILITY -> COURT_RED (VELO_REFUTABILITY_202609071246.md)
  ARL REFUTABILITY -> ADJUDICATE (ARL_REFUTABILITY_202609071249.md)
  IMRX REFUTABILITY -> COURT_RED (IMRX_REFUTABILITY_202609071253.md)
  AWAITING ADJUDICATION (session job — pitch doc + verdict + wiring): ['OWL', 'ALTI', 'CLPT', 'NIO', 'NAMSW', 'ARL']
/Users/ajay/Library/Python/3.9/lib/python/site-packages/urllib3/__init__.py:35: NotOpenSSLWarning: urllib3 v2 only supports OpenSSL 1.1.1+, currently the 'ssl' module is compiled with 'LibreSSL 2.8.3'. See: https://github.com/urllib3/urllib3/issues/3020
  warnings.warn(

===== 2026-09-07 06:34 (desk) =====
[court_runner] 2026-09-07T13:34:35Z another drain in progress — exiting (lock held)

[deck_writer] backfill: 0 courted name(s) without a deck: []
[court_runner] 2026-09-07T13:40:33Z
  VELO COURT_RED: reject (no primary citation (http) anywhere in the output) — immediate retry
  VELO COURT_RED: 1 kg_candidate(s) harvested
  VELO COURT_RED -> COURT_BLUE (VELO_COURT_RED_202609071332.md)
  IMRX COURT_RED: reject (no primary citation (http) anywhere in the output) — immediate retry
  IMRX COURT_RED: 1 kg_candidate(s) harvested
  IMRX COURT_RED -> COURT_BLUE (IMRX_COURT_RED_202609071340.md)
  AWAITING ADJUDICATION (session job — pitch doc + verdict + wiring): ['OWL', 'ALTI', 'CLPT', 'NIO', 'NAMSW', 'ARL']
/Users/ajay/Library/Python/3.9/lib/python/site-packages/urllib3/__init__.py:35: NotOpenSSLWarning: urllib3 v2 only supports OpenSSL 1.1.1+, currently the 'ssl' module is compiled with 'LibreSSL 2.8.3'. See: https://github.com/urllib3/urllib3/issues/3020
  warnings.warn(
Error 200, reqId 4: No security definition has been found for the request, contract: Stock(symbol='BOOK-WIDE', exchange='SMART', currency='USD')
Unknown contract: Stock(symbol='BOOK-WIDE', exchange='SMART', currency='USD')
BOOK-WIDE: No earnings dates found, symbol may be delisted
HTTP Error 404: {"quoteSummary":{"result":null,"error":{"code":"Not Found","description":"Quote not found for symbol: BOOK-WIDE"}}}
[deck_writer] VELO: deck emailed (VELO_PITCH_DECK_20260907.pdf)
[deck_writer] IMRX: deck emailed (IMRX_PITCH_DECK_20260907.pdf)
[deck_writer] backfill: 0 courted name(s) without a deck: []
[court_runner] 2026-09-07T14:43:51Z
  VELO COURT_BLUE: 1 kg_candidate(s) harvested
  VELO COURT_BLUE -> ADJUDICATE (VELO_COURT_BLUE_202609071413.md)
  IMRX COURT_BLUE: reject (no primary citation (http) anywhere in the output) — immediate retry
  IMRX COURT_BLUE: 1 kg_candidate(s) harvested
  IMRX COURT_BLUE -> ADJUDICATE (IMRX_COURT_BLUE_202609071426.md)
  DAL TRAP_VERIFY: reject (no primary citation (http) anywhere in the output) — immediate retry
  DAL TRAP_VERIFY -> KILLED (DAL_TRAP_VERIFY_202609071439.md)
  BOOK-WIDE TRAP_VERIFY: reject (no primary citation (http) anywhere in the output) — immediate retry
  BOOK-WIDE TRAP_VERIFY -> KILLED (BOOK-WIDE_TRAP_VERIFY_202609071443.md)
  AWAITING ADJUDICATION (session job — pitch doc + verdict + wiring): ['OWL', 'ALTI', 'CLPT', 'NIO', 'NAMSW', 'VELO', 'ARL', 'IMRX']
[deck_writer] backfill: 0 courted name(s) without a deck: []
[court_runner] 2026-09-07T15:13:52Z
  AWAITING ADJUDICATION (session job — pitch doc + verdict + wiring): ['OWL', 'ALTI', 'CLPT', 'NIO', 'NAMSW', 'VELO', 'ARL', 'IMRX']

===== 2026-09-07 08:35 (desk) =====
[deck_writer] backfill: 0 courted name(s) without a deck: []
[court_runner] 2026-09-07T15:35:07Z
  AWAITING ADJUDICATION (session job — pitch doc + verdict + wiring): ['OWL', 'ALTI', 'CLPT', 'NIO', 'NAMSW', 'VELO', 'ARL', 'IMRX']

[deck_writer] backfill: 0 courted name(s) without a deck: []
[court_runner] 2026-09-07T15:43:53Z
  AWAITING ADJUDICATION (session job — pitch doc + verdict + wiring): ['OWL', 'ALTI', 'CLPT', 'NIO', 'NAMSW', 'VELO', 'ARL', 'IMRX']
[deck_writer] backfill: 0 courted name(s) without a deck: []
[court_runner] 2026-09-07T16:13:53Z
  AWAITING ADJUDICATION (session job — pitch doc + verdict + wiring): ['OWL', 'ALTI', 'CLPT', 'NIO', 'NAMSW', 'VELO', 'ARL', 'IMRX']
[deck_writer] backfill: 0 courted name(s) without a deck: []
[court_runner] 2026-09-07T16:43:53Z
  AWAITING ADJUDICATION (session job — pitch doc + verdict + wiring): ['OWL', 'ALTI', 'CLPT', 'NIO', 'NAMSW', 'VELO', 'ARL', 'IMRX']
[deck_writer] backfill: 0 courted name(s) without a deck: []
[court_runner] 2026-09-07T17:13:54Z
  AWAITING ADJUDICATION (session job — pitch doc + verdict + wiring): ['OWL', 'ALTI', 'CLPT', 'NIO', 'NAMSW', 'VELO', 'ARL', 'IMRX']

===== 2026-09-07 10:34 (desk) =====
[deck_writer] backfill: 0 courted name(s) without a deck: []
[court_runner] 2026-09-07T17:34:45Z
  AWAITING ADJUDICATION (session job — pitch doc + verdict + wiring): ['OWL', 'ALTI', 'CLPT', 'NIO', 'NAMSW', 'VELO', 'ARL', 'IMRX']

[deck_writer] backfill: 0 courted name(s) without a deck: []
[court_runner] 2026-09-07T17:43:54Z
  AWAITING ADJUDICATION (session job — pitch doc + verdict + wiring): ['OWL', 'ALTI', 'CLPT', 'NIO', 'NAMSW', 'VELO', 'ARL', 'IMRX']
[deck_writer] backfill: 0 courted name(s) without a deck: []
[court_runner] 2026-09-07T18:13:54Z
  AWAITING ADJUDICATION (session job — pitch doc + verdict + wiring): ['OWL', 'ALTI', 'CLPT', 'NIO', 'NAMSW', 'VELO', 'ARL', 'IMRX']
[deck_writer] backfill: 0 courted name(s) without a deck: []
[court_runner] 2026-09-07T18:43:55Z
  AWAITING ADJUDICATION (session job — pitch doc + verdict + wiring): ['OWL', 'ALTI', 'CLPT', 'NIO', 'NAMSW', 'VELO', 'ARL', 'IMRX']
[deck_writer] backfill: 0 courted name(s) without a deck: []
[court_runner] 2026-09-07T19:13:55Z
  AWAITING ADJUDICATION (session job — pitch doc + verdict + wiring): ['OWL', 'ALTI', 'CLPT', 'NIO', 'NAMSW', 'VELO', 'ARL', 'IMRX']

===== 2026-09-07 12:34 (desk) =====
[deck_writer] backfill: 0 courted name(s) without a deck: []
[court_runner] 2026-09-07T19:34:23Z
  AWAITING ADJUDICATION (session job — pitch doc + verdict + wiring): ['OWL', 'ALTI', 'CLPT', 'NIO', 'NAMSW', 'VELO', 'ARL', 'IMRX']

[deck_writer] backfill: 0 courted name(s) without a deck: []
[court_runner] 2026-09-07T19:43:55Z
  AWAITING ADJUDICATION (session job — pitch doc + verdict + wiring): ['OWL', 'ALTI', 'CLPT', 'NIO', 'NAMSW', 'VELO', 'ARL', 'IMRX']
[deck_writer] backfill: 0 courted name(s) without a deck: []
[court_runner] 2026-09-07T20:13:56Z
  AWAITING ADJUDICATION (session job — pitch doc + verdict + wiring): ['OWL', 'ALTI', 'CLPT', 'NIO', 'NAMSW', 'VELO', 'ARL', 'IMRX']
[deck_writer] backfill: 0 courted name(s) without a deck: []
[court_runner] 2026-09-07T20:43:56Z
  AWAITING ADJUDICATION (session job — pitch doc + verdict + wiring): ['OWL', 'ALTI', 'CLPT', 'NIO', 'NAMSW', 'VELO', 'ARL', 'IMRX']
[deck_writer] backfill: 0 courted name(s) without a deck: []
[court_runner] 2026-09-07T21:13:56Z
  AWAITING ADJUDICATION (session job — pitch doc + verdict + wiring): ['OWL', 'ALTI', 'CLPT', 'NIO', 'NAMSW', 'VELO', 'ARL', 'IMRX']

===== 2026-09-07 14:34 (desk) =====
[deck_writer] backfill: 0 courted name(s) without a deck: []
[court_runner] 2026-09-07T21:34:21Z
  AWAITING ADJUDICATION (session job — pitch doc + verdict + wiring): ['OWL', 'ALTI', 'CLPT', 'NIO', 'NAMSW', 'VELO', 'ARL', 'IMRX']

[deck_writer] backfill: 0 courted name(s) without a deck: []
[court_runner] 2026-09-07T21:43:57Z
  AWAITING ADJUDICATION (session job — pitch doc + verdict + wiring): ['OWL', 'ALTI', 'CLPT', 'NIO', 'NAMSW', 'VELO', 'ARL', 'IMRX']
[deck_writer] backfill: 0 courted name(s) without a deck: []
[court_runner] 2026-09-07T22:13:57Z
  AWAITING ADJUDICATION (session job — pitch doc + verdict + wiring): ['OWL', 'ALTI', 'CLPT', 'NIO', 'NAMSW', 'VELO', 'ARL', 'IMRX']
[deck_writer] backfill: 0 courted name(s) without a deck: []
[court_runner] 2026-09-07T22:43:57Z
  AWAITING ADJUDICATION (session job — pitch doc + verdict + wiring): ['OWL', 'ALTI', 'CLPT', 'NIO', 'NAMSW', 'VELO', 'ARL', 'IMRX']
[deck_writer] backfill: 0 courted name(s) without a deck: []
[court_runner] 2026-09-07T23:13:58Z
  AWAITING ADJUDICATION (session job — pitch doc + verdict + wiring): ['OWL', 'ALTI', 'CLPT', 'NIO', 'NAMSW', 'VELO', 'ARL', 'IMRX']

===== 2026-09-07 16:34 (desk) =====
[deck_writer] backfill: 0 courted name(s) without a deck: []
[court_runner] 2026-09-07T23:34:31Z
  AWAITING ADJUDICATION (session job — pitch doc + verdict + wiring): ['OWL', 'ALTI', 'CLPT', 'NIO', 'NAMSW', 'VELO', 'ARL', 'IMRX']

[deck_writer] backfill: 0 courted name(s) without a deck: []
[court_runner] 2026-09-07T23:43:58Z
  AWAITING ADJUDICATION (session job — pitch doc + verdict + wiring): ['OWL', 'ALTI', 'CLPT', 'NIO', 'NAMSW', 'VELO', 'ARL', 'IMRX']
[deck_writer] backfill: 0 courted name(s) without a deck: []
[court_runner] 2026-09-08T00:13:58Z
  AWAITING ADJUDICATION (session job — pitch doc + verdict + wiring): ['OWL', 'ALTI', 'CLPT', 'NIO', 'NAMSW', 'VELO', 'ARL', 'IMRX']
[deck_writer] backfill: 0 courted name(s) without a deck: []
[court_runner] 2026-09-08T00:43:59Z
  AWAITING ADJUDICATION (session job — pitch doc + verdict + wiring): ['OWL', 'ALTI', 'CLPT', 'NIO', 'NAMSW', 'VELO', 'ARL', 'IMRX']
[deck_writer] backfill: 0 courted name(s) without a deck: []
[court_runner] 2026-09-08T01:13:59Z
  AWAITING ADJUDICATION (session job — pitch doc + verdict + wiring): ['OWL', 'ALTI', 'CLPT', 'NIO', 'NAMSW', 'VELO', 'ARL', 'IMRX']

===== 2026-09-07 18:34 (desk) =====
[deck_writer] backfill: 0 courted name(s) without a deck: []
[court_runner] 2026-09-08T01:34:30Z
  AWAITING ADJUDICATION (session job — pitch doc + verdict + wiring): ['OWL', 'ALTI', 'CLPT', 'NIO', 'NAMSW', 'VELO', 'ARL', 'IMRX']

[deck_writer] backfill: 0 courted name(s) without a deck: []
[court_runner] 2026-09-08T01:43:59Z
  AWAITING ADJUDICATION (session job — pitch doc + verdict + wiring): ['OWL', 'ALTI', 'CLPT', 'NIO', 'NAMSW', 'VELO', 'ARL', 'IMRX']
[deck_writer] backfill: 0 courted name(s) without a deck: []
[court_runner] 2026-09-08T02:14:00Z
  AWAITING ADJUDICATION (session job — pitch doc + verdict + wiring): ['OWL', 'ALTI', 'CLPT', 'NIO', 'NAMSW', 'VELO', 'ARL', 'IMRX']
[deck_writer] backfill: 0 courted name(s) without a deck: []
[court_runner] 2026-09-08T02:44:00Z
  AWAITING ADJUDICATION (session job — pitch doc + verdict + wiring): ['OWL', 'ALTI', 'CLPT', 'NIO', 'NAMSW', 'VELO', 'ARL', 'IMRX']
[deck_writer] backfill: 0 courted name(s) without a deck: []
[court_runner] 2026-09-08T03:14:00Z
  AWAITING ADJUDICATION (session job — pitch doc + verdict + wiring): ['OWL', 'ALTI', 'CLPT', 'NIO', 'NAMSW', 'VELO', 'ARL', 'IMRX']

===== 2026-09-07 20:34 (desk) =====
[deck_writer] backfill: 0 courted name(s) without a deck: []
[court_runner] 2026-09-08T03:34:35Z
  AWAITING ADJUDICATION (session job — pitch doc + verdict + wiring): ['OWL', 'ALTI', 'CLPT', 'NIO', 'NAMSW', 'VELO', 'ARL', 'IMRX']

/Users/ajay/Library/Python/3.9/lib/python/site-packages/urllib3/__init__.py:35: NotOpenSSLWarning: urllib3 v2 only supports OpenSSL 1.1.1+, currently the 'ssl' module is compiled with 'LibreSSL 2.8.3'. See: https://github.com/urllib3/urllib3/issues/3020
  warnings.warn(
[deck_writer] backfill: 0 courted name(s) without a deck: []
[court_runner] 2026-09-08T04:18:35Z
  PSEC TRAP_VERIFY: reject (no primary citation (http) anywhere in the output) — immediate retry
  PSEC TRAP_VERIFY -> KILLED (PSEC_TRAP_VERIFY_202609080355.md)
  BABA TRAP_VERIFY: reject (no primary citation (http) anywhere in the output) — immediate retry
  BABA TRAP_VERIFY -> KILLED (BABA_TRAP_VERIFY_202609080401.md)
  WINA TRAP_VERIFY: reject (no primary citation (http) anywhere in the output) — immediate retry
  WINA TRAP_VERIFY -> KILLED (WINA_TRAP_VERIFY_202609080405.md)
  BILI TRAP_VERIFY: reject (no primary citation (http) anywhere in the output) — immediate retry
  BILI TRAP_VERIFY -> COURT_RED (BILI_TRAP_VERIFY_202609080411.md)
  BIDU TRAP_VERIFY: reject (no primary citation (http) anywhere in the output) — immediate retry
  BIDU TRAP_VERIFY -> COURT_RED (BIDU_TRAP_VERIFY_202609080418.md)
  AWAITING ADJUDICATION (session job — pitch doc + verdict + wiring): ['OWL', 'ALTI', 'CLPT', 'NIO', 'NAMSW', 'VELO', 'ARL', 'IMRX']
positions request timed out
account updates for ACCOUNT_ALPHA request timed out
account updates for ACCOUNT_BETA request timed out
/Users/ajay/Library/Python/3.9/lib/python/site-packages/urllib3/__init__.py:35: NotOpenSSLWarning: urllib3 v2 only supports OpenSSL 1.1.1+, currently the 'ssl' module is compiled with 'LibreSSL 2.8.3'. See: https://github.com/urllib3/urllib3/issues/3020
  warnings.warn(
positions request timed out
account updates for ACCOUNT_ALPHA request timed out
account updates for ACCOUNT_BETA request timed out
[deck_writer] backfill: 0 courted name(s) without a deck: []
[court_runner] 2026-09-08T05:03:00Z
  BILI COURT_RED: reject (no primary citation (http) anywhere in the output) — immediate retry
  BILI COURT_RED: 2 kg_candidate(s) harvested
  BILI COURT_RED -> COURT_BLUE (BILI_COURT_RED_202609080458.md)
  BIDU COURT_RED: 2 kg_candidate(s) harvested
  BIDU COURT_RED -> COURT_BLUE (BIDU_COURT_RED_202609080503.md)
  AWAITING ADJUDICATION (session job — pitch doc + verdict + wiring): ['OWL', 'ALTI', 'CLPT', 'NIO', 'NAMSW', 'VELO', 'ARL', 'IMRX']
positions request timed out
account updates for ACCOUNT_ALPHA request timed out
account updates for ACCOUNT_BETA request timed out
/Users/ajay/Library/Python/3.9/lib/python/site-packages/urllib3/__init__.py:35: NotOpenSSLWarning: urllib3 v2 only supports OpenSSL 1.1.1+, currently the 'ssl' module is compiled with 'LibreSSL 2.8.3'. See: https://github.com/urllib3/urllib3/issues/3020
  warnings.warn(

===== 2026-09-07 22:34 (desk) =====
[court_runner] 2026-09-08T05:34:59Z another drain in progress — exiting (lock held)

positions request timed out
account updates for ACCOUNT_ALPHA request timed out
account updates for ACCOUNT_BETA request timed out
positions request timed out
account updates for ACCOUNT_ALPHA request timed out
account updates for ACCOUNT_BETA request timed out
positions request timed out
account updates for ACCOUNT_ALPHA request timed out
account updates for ACCOUNT_BETA request timed out
[deck_writer] BILI: deck emailed (BILI_PITCH_DECK_20260907.pdf)
[deck_writer] BIDU: deck emailed (BIDU_PITCH_DECK_20260907.pdf)
[deck_writer] backfill: 0 courted name(s) without a deck: []
[court_runner] 2026-09-08T05:59:13Z
  BILI COURT_BLUE: reject (missing BLUE BENCH header / RED CASE ruling) — immediate retry
  BILI COURT_BLUE: 2 kg_candidate(s) harvested
  BILI COURT_BLUE -> ADJUDICATE (BILI_COURT_BLUE_202609080541.md)
  BIDU COURT_BLUE: 1 kg_candidate(s) harvested
  BIDU COURT_BLUE -> ADJUDICATE (BIDU_COURT_BLUE_202609080552.md)
  AWAITING ADJUDICATION (session job — pitch doc + verdict + wiring): ['OWL', 'ALTI', 'CLPT', 'NIO', 'NAMSW', 'VELO', 'ARL', 'IMRX', 'BILI', 'BIDU']
[deck_writer] backfill: 0 courted name(s) without a deck: []
[court_runner] 2026-09-08T06:29:14Z
  AWAITING ADJUDICATION (session job — pitch doc + verdict + wiring): ['OWL', 'ALTI', 'CLPT', 'NIO', 'NAMSW', 'VELO', 'ARL', 'IMRX', 'BIDU']
[court_runner] 2026-09-11T07:44:54Z another drain in progress — exiting (lock held)

===== 2026-09-11 00:47 (desk) =====
[runner] court_runner failed: Command '['python3', '-m', 'desk.court_runner']' timed out after 600 seconds/Users/ajay/Library/Python/3.9/lib/python/site-packages/urllib3/__init__.py:35: NotOpenSSLWarning: urllib3 v2 only supports OpenSSL 1.1.1+, currently the 'ssl' module is compiled with 'LibreSSL 2.8.3'. See: https://github.com/urllib3/urllib3/issues/3020
  warnings.warn(
VSECU: No earnings dates found, symbol may be delisted
XLAB: No earnings dates found, symbol may be delisted
Error 200, reqId 4: No security definition has been found for the request, contract: Stock(symbol='5282.T', exchange='SMART', currency='USD')
Unknown contract: Stock(symbol='5282.T', exchange='SMART', currency='USD')
5282.T: No earnings dates found, symbol may be delisted
CHSCN: No earnings dates found, symbol may be delisted
CHSCO: No earnings dates found, symbol may be delisted

===== 2026-09-11 02:34 (desk) =====
[court_runner] 2026-09-11T09:34:01Z another drain in progress — exiting (lock held)

[deck_writer] backfill: 0 courted name(s) without a deck: []
[court_runner] 2026-09-11T09:39:08Z
  NAVN COURT_RED: 1 kg_candidate(s) harvested
  NAVN COURT_RED -> COURT_BLUE (NAVN_COURT_RED_202609110820.md)
  BHVN COURT_RED: reject (no primary citation (http) anywhere in the output) — immediate retry
  BHVN COURT_RED: 1 kg_candidate(s) harvested
  BHVN COURT_RED -> COURT_BLUE (BHVN_COURT_RED_202609110828.md)
  RELY COURT_RED: 1 kg_candidate(s) harvested
  RELY COURT_RED -> COURT_BLUE (RELY_COURT_RED_202609110833.md)
  BBOT REFUTABILITY -> COURT_RED (BBOT_REFUTABILITY_202609110836.md)
  RWT REFUTABILITY -> COURT_RED (RWT_REFUTABILITY_202609110841.md)
  MPT REFUTABILITY -> COURT_RED (MPT_REFUTABILITY_202609110844.md)
  HLNE REFUTABILITY -> COURT_RED (HLNE_REFUTABILITY_202609110849.md)
  CCAP REFUTABILITY: reject (no COURT-WORTHINESS N/10 line (required for the automated 6/10 gate, v2 template)) — immediate retry
  CCAP REFUTABILITY -> ADJUDICATE (CCAP_REFUTABILITY_202609110855.md)
  VSECU REFUTABILITY -> KILLED (VSECU_REFUTABILITY_202609110900.md)
  XLAB REFUTABILITY -> KILLED (XLAB_REFUTABILITY_202609110904.md)
  FTW REFUTABILITY -> COURT_RED (FTW_REFUTABILITY_202609110908.md)
  CLB REFUTABILITY -> COURT_RED (CLB_REFUTABILITY_202609110913.md)
  AZUL TRAP_VERIFY: reject (no primary citation (http) anywhere in the output) — immediate retry
  AZUL TRAP_VERIFY -> KILLED (AZUL_TRAP_VERIFY_202609110918.md)
  5282.T TRAP_VERIFY: reject (no primary citation (http) anywhere in the output) — immediate retry
  5282.T TRAP_VERIFY -> COURT_RED (5282_T_TRAP_VERIFY_202609110924.md)
  BOBS TRAP_VERIFY: reject (no primary citation (http) anywhere in the output) — immediate retry
  BOBS TRAP_VERIFY -> KILLED (BOBS_TRAP_VERIFY_202609110928.md)
  CHSCN TRAP_VERIFY: reject (no primary citation (http) anywhere in the output) — immediate retry
  CHSCN TRAP_VERIFY -> KILLED (CHSCN_TRAP_VERIFY_202609110932.md)
  CHSCO TRAP_VERIFY: reject (no primary citation (http) anywhere in the output) — immediate retry
  CHSCO TRAP_VERIFY -> KILLED (CHSCO_TRAP_VERIFY_202609110939.md)
  AWAITING ADJUDICATION (session job — pitch doc + verdict + wiring): ['OWL', 'ALTI', 'CLPT', 'NIO', 'NAMSW', 'VELO', 'ARL', 'IMRX', 'BIDU', 'HBNB', 'DYN', 'SGML', 'STDN', 'EVCM', 'DSGX', 'BBWI', 'CIM-PA', 'TTAN', 'TBBK', 'TYRA', 'MMYT', 'CASY', 'XPEV', 'SOFI', 'RKT', 'CIEN', 'CPNG', 'STLA', 'LI', 'HDB', 'FN', 'CHTR', 'QXO', 'CCAP']
/Users/ajay/Library/Python/3.9/lib/python/site-packages/urllib3/__init__.py:35: NotOpenSSLWarning: urllib3 v2 only supports OpenSSL 1.1.1+, currently the 'ssl' module is compiled with 'LibreSSL 2.8.3'. See: https://github.com/urllib3/urllib3/issues/3020
  warnings.warn(
5282.T: No earnings dates found, symbol may be delisted
[deck_writer] NAVN: deck emailed (NAVN_PITCH_DECK_20260911.pdf)
[deck_writer] BHVN: deck emailed (BHVN_PITCH_DECK_20260911.pdf)
[deck_writer] RELY: deck emailed (RELY_PITCH_DECK_20260911.pdf)
[deck_writer] backfill: 0 courted name(s) without a deck: []
[court_runner] 2026-09-11T11:23:00Z
  NAVN COURT_BLUE: reject (no primary citation (http) anywhere in the output) — immediate retry
  NAVN COURT_BLUE: 1 kg_candidate(s) harvested
  NAVN COURT_BLUE -> ADJUDICATE (NAVN_COURT_BLUE_202609111016.md)
  BHVN COURT_BLUE: reject (missing BLUE BENCH header / RED CASE ruling) — immediate retry
  BHVN COURT_BLUE: 1 kg_candidate(s) harvested
  BHVN COURT_BLUE -> ADJUDICATE (BHVN_COURT_BLUE_202609111029.md)
  RELY COURT_BLUE: 1 kg_candidate(s) harvested
  RELY COURT_BLUE -> ADJUDICATE (RELY_COURT_BLUE_202609111037.md)
  BBOT COURT_RED: reject (no primary citation (http) anywhere in the output) — immediate retry
  BBOT COURT_RED: 1 kg_candidate(s) harvested
  BBOT COURT_RED -> COURT_BLUE (BBOT_COURT_RED_202609111050.md)
  RWT COURT_RED: 1 kg_candidate(s) harvested
  RWT COURT_RED -> COURT_BLUE (RWT_COURT_RED_202609111054.md)
  MPT COURT_RED: 1 kg_candidate(s) harvested
  MPT COURT_RED -> COURT_BLUE (MPT_COURT_RED_202609111059.md)
  HLNE COURT_RED: reject (no primary citation (http) anywhere in the output) — immediate retry
  HLNE COURT_RED: 1 kg_candidate(s) harvested
  HLNE COURT_RED -> COURT_BLUE (HLNE_COURT_RED_202609111107.md)
  FTW COURT_RED: 1 kg_candidate(s) harvested
  FTW COURT_RED -> COURT_BLUE (FTW_COURT_RED_202609111112.md)
  CLB COURT_RED: reject (no primary citation (http) anywhere in the output) — immediate retry
  CLB COURT_RED: 1 kg_candidate(s) harvested
  CLB COURT_RED -> COURT_BLUE (CLB_COURT_RED_202609111118.md)
  5282.T COURT_RED: 2 kg_candidate(s) harvested
  5282.T COURT_RED -> COURT_BLUE (5282_T_COURT_RED_202609111122.md)
  AWAITING ADJUDICATION (session job — pitch doc + verdict + wiring): ['OWL', 'ALTI', 'CLPT', 'NIO', 'NAMSW', 'VELO', 'ARL', 'IMRX', 'BIDU', 'HBNB', 'DYN', 'SGML', 'STDN', 'EVCM', 'DSGX', 'BBWI', 'CIM-PA', 'TTAN', 'TBBK', 'TYRA', 'MMYT', 'CASY', 'XPEV', 'SOFI', 'RKT', 'CIEN', 'CPNG', 'STLA', 'LI', 'HDB', 'FN', 'CHTR', 'QXO', 'NAVN', 'BHVN', 'RELY', 'CCAP']

===== 2026-09-11 04:44 (desk) =====
[runner] court_runner failed: Command '['python3', '-m', 'desk.court_runner']' timed out after 600 seconds/Users/ajay/Library/Python/3.9/lib/python/site-packages/urllib3/__init__.py:35: NotOpenSSLWarning: urllib3 v2 only supports OpenSSL 1.1.1+, currently the 'ssl' module is compiled with 'LibreSSL 2.8.3'. See: https://github.com/urllib3/urllib3/issues/3020
  warnings.warn(
5282.T: No earnings dates found, symbol may be delisted
5282.T: No earnings dates found, symbol may be delisted

===== 2026-09-11 06:34 (desk) =====
[court_runner] 2026-09-11T13:34:34Z another drain in progress — exiting (lock held)

[deck_writer] RWT: deck emailed (RWT_PITCH_DECK_20260911.pdf)
[deck_writer] MPT: deck emailed (MPT_PITCH_DECK_20260911.pdf)
[deck_writer] HLNE: deck emailed (HLNE_PITCH_DECK_20260911.pdf)
[deck_writer] FTW: deck emailed (FTW_PITCH_DECK_20260911.pdf)
[deck_writer] CLB: deck emailed (CLB_PITCH_DECK_20260911.pdf)
[deck_writer] 5282.T: deck emailed (5282_T_PITCH_DECK_20260911.pdf)
[deck_writer] backfill: 0 courted name(s) without a deck: []
[court_runner] 2026-09-11T14:01:07Z
  RWT COURT_BLUE: reject (no primary citation (http) anywhere in the output) — immediate retry
  RWT COURT_BLUE: 1 kg_candidate(s) harvested
  RWT COURT_BLUE -> ADJUDICATE (RWT_COURT_BLUE_202609111200.md)
  MPT COURT_BLUE: 1 kg_candidate(s) harvested
  MPT COURT_BLUE -> ADJUDICATE (MPT_COURT_BLUE_202609111213.md)
  HLNE COURT_BLUE: reject (no primary citation (http) anywhere in the output) — immediate retry
  HLNE COURT_BLUE: 1 kg_candidate(s) harvested
  HLNE COURT_BLUE -> ADJUDICATE (HLNE_COURT_BLUE_202609111224.md)
  FTW COURT_BLUE: 1 kg_candidate(s) harvested
  FTW COURT_BLUE -> ADJUDICATE (FTW_COURT_BLUE_202609111234.md)
  CLB COURT_BLUE: reject (missing BLUE BENCH header / RED CASE ruling) — immediate retry
  CLB COURT_BLUE: 1 kg_candidate(s) harvested
  CLB COURT_BLUE -> ADJUDICATE (CLB_COURT_BLUE_202609111244.md)
  5282.T COURT_BLUE: 2 kg_candidate(s) harvested
  5282.T COURT_BLUE -> ADJUDICATE (5282_T_COURT_BLUE_202609111254.md)
  CG REFUTABILITY: reject (no primary citation (http) anywhere in the output) — immediate retry
  CG REFUTABILITY -> COURT_RED (CG_REFUTABILITY_202609111303.md)
  BX REFUTABILITY -> COURT_RED (BX_REFUTABILITY_202609111307.md)
  KKR REFUTABILITY -> COURT_RED (KKR_REFUTABILITY_202609111310.md)
  ARES REFUTABILITY -> COURT_RED (ARES_REFUTABILITY_202609111314.md)
  BAM REFUTABILITY -> COURT_RED (BAM_REFUTABILITY_202609111317.md)
  INIO REFUTABILITY -> COURT_RED (INIO_REFUTABILITY_202609111319.md)
  INFY REFUTABILITY -> COURT_RED (INFY_REFUTABILITY_202609111322.md)
  SYM REFUTABILITY -> COURT_RED (SYM_REFUTABILITY_202609111325.md)
  RPC REFUTABILITY -> COURT_RED (RPC_REFUTABILITY_202609111332.md)
  NKE REFUTABILITY -> COURT_RED (NKE_REFUTABILITY_202609111335.md)
  VOR REFUTABILITY -> ADJUDICATE (VOR_REFUTABILITY_202609111339.md)
  SFIX REFUTABILITY -> COURT_RED (SFIX_REFUTABILITY_202609111342.md)
  FICO REFUTABILITY -> COURT_RED (FICO_REFUTABILITY_202609111345.md)
  CATX REFUTABILITY -> COURT_RED (CATX_REFUTABILITY_202609111348.md)
  STRL REFUTABILITY -> COURT_RED (STRL_REFUTABILITY_202609111352.md)
  HE REFUTABILITY -> ADJUDICATE (HE_REFUTABILITY_202609111355.md)
  BKSY REFUTABILITY -> COURT_RED (BKSY_REFUTABILITY_202609111401.md)
  AWAITING ADJUDICATION (session job — pitch doc + verdict + wiring): ['OWL', 'ALTI', 'CLPT', 'NIO', 'NAMSW', 'VELO', 'ARL', 'IMRX', 'BIDU', 'HBNB', 'DYN', 'SGML', 'STDN', 'EVCM', 'DSGX', 'BBWI', 'CIM-PA', 'TTAN', 'TBBK', 'TYRA', 'MMYT', 'CASY', 'XPEV', 'SOFI', 'RKT', 'CIEN', 'CPNG', 'STLA', 'LI', 'HDB', 'FN', 'CHTR', 'QXO', 'NAVN', 'BHVN', 'RELY', 'BBOT', 'RWT', 'MPT', 'HLNE', 'CCAP', 'FTW', 'CLB', '5282.T', 'VOR', 'HE']
/Users/ajay/Library/Python/3.9/lib/python/site-packages/urllib3/__init__.py:35: NotOpenSSLWarning: urllib3 v2 only supports OpenSSL 1.1.1+, currently the 'ssl' module is compiled with 'LibreSSL 2.8.3'. See: https://github.com/urllib3/urllib3/issues/3020
  warnings.warn(

===== 2026-09-11 08:35 (desk) =====
[court_runner] 2026-09-11T15:35:12Z another drain in progress — exiting (lock held)

[deck_writer] backfill: 0 courted name(s) without a deck: []
[court_runner] 2026-09-11T16:19:22Z
  CG COURT_RED: 1 kg_candidate(s) harvested
  CG COURT_RED -> COURT_BLUE (CG_COURT_RED_202609111435.md)
  BX COURT_RED: 1 kg_candidate(s) harvested
  BX COURT_RED -> COURT_BLUE (BX_COURT_RED_202609111443.md)
  KKR COURT_RED: reject (no primary citation (http) anywhere in the output) — immediate retry
  KKR COURT_RED: 1 kg_candidate(s) harvested
  KKR COURT_RED -> COURT_BLUE (KKR_COURT_RED_202609111450.md)
  ARES COURT_RED: 2 kg_candidate(s) harvested
  ARES COURT_RED -> COURT_BLUE (ARES_COURT_RED_202609111455.md)
  BAM COURT_RED: 2 kg_candidate(s) harvested
  BAM COURT_RED -> COURT_BLUE (BAM_COURT_RED_202609111459.md)
  INIO COURT_RED: 1 kg_candidate(s) harvested
  INIO COURT_RED -> COURT_BLUE (INIO_COURT_RED_202609111505.md)
  INFY COURT_RED: 1 kg_candidate(s) harvested
  INFY COURT_RED -> COURT_BLUE (INFY_COURT_RED_202609111510.md)
  SYM COURT_RED: reject (no primary citation (http) anywhere in the output) — immediate retry
  SYM COURT_RED: 1 kg_candidate(s) harvested
  SYM COURT_RED -> COURT_BLUE (SYM_COURT_RED_202609111518.md)
  RPC COURT_RED: reject (no primary citation (http) anywhere in the output) — immediate retry
  RPC COURT_RED: 1 kg_candidate(s) harvested
  RPC COURT_RED -> COURT_BLUE (RPC_COURT_RED_202609111527.md)
  NKE COURT_RED: reject (no primary citation (http) anywhere in the output) — immediate retry
  NKE COURT_RED: 1 kg_candidate(s) harvested
  NKE COURT_RED -> COURT_BLUE (NKE_COURT_RED_202609111536.md)
  SFIX COURT_RED: reject (no primary citation (http) anywhere in the output) — immediate retry
  SFIX COURT_RED: 1 kg_candidate(s) harvested
  SFIX COURT_RED -> COURT_BLUE (SFIX_COURT_RED_202609111544.md)
  FICO COURT_RED: reject (no primary citation (http) anywhere in the output) — immediate retry
  FICO COURT_RED: 1 kg_candidate(s) harvested
  FICO COURT_RED -> COURT_BLUE (FICO_COURT_RED_202609111550.md)
  CATX COURT_RED: 1 kg_candidate(s) harvested
  CATX COURT_RED -> COURT_BLUE (CATX_COURT_RED_202609111555.md)
  STRL COURT_RED: 1 kg_candidate(s) harvested
  STRL COURT_RED -> COURT_BLUE (STRL_COURT_RED_202609111607.md)
  BKSY COURT_RED: reject (no primary citation (http) anywhere in the output) — immediate retry
  BKSY COURT_RED: 2 kg_candidate(s) harvested
  BKSY COURT_RED -> COURT_BLUE (BKSY_COURT_RED_202609111616.md)
  CVV TRAP_VERIFY: reject (no primary citation (http) anywhere in the output) — immediate retry
  CVV TRAP_VERIFY -> COURT_RED (CVV_TRAP_VERIFY_202609111619.md)
  AWAITING ADJUDICATION (session job — pitch doc + verdict + wiring): ['OWL', 'ALTI', 'CLPT', 'NIO', 'NAMSW', 'VELO', 'ARL', 'IMRX', 'BIDU', 'HBNB', 'DYN', 'SGML', 'STDN', 'EVCM', 'DSGX', 'BBWI', 'CIM-PA', 'TTAN', 'TBBK', 'TYRA', 'MMYT', 'CASY', 'XPEV', 'SOFI', 'RKT', 'CIEN', 'CPNG', 'STLA', 'LI', 'HDB', 'FN', 'CHTR', 'QXO', 'NAVN', 'BHVN', 'RELY', 'BBOT', 'RWT', 'MPT', 'HLNE', 'CCAP', 'FTW', 'CLB', '5282.T', 'VOR', 'HE']
/Users/ajay/Library/Python/3.9/lib/python/site-packages/urllib3/__init__.py:35: NotOpenSSLWarning: urllib3 v2 only supports OpenSSL 1.1.1+, currently the 'ssl' module is compiled with 'LibreSSL 2.8.3'. See: https://github.com/urllib3/urllib3/issues/3020
  warnings.warn(

===== 2026-09-11 10:35 (desk) =====
[court_runner] 2026-09-11T17:35:33Z another drain in progress — exiting (lock held)

[deck_writer] CG: deck emailed (CG_PITCH_DECK_20260911.pdf)
[deck_writer] BX: deck emailed (BX_PITCH_DECK_20260911.pdf)
[deck_writer] KKR: deck emailed (KKR_PITCH_DECK_20260911.pdf)
[deck_writer] INIO: deck emailed (INIO_PITCH_DECK_20260911.pdf)
[deck_writer] INFY: deck emailed (INFY_PITCH_DECK_20260911.pdf)
[deck_writer] SYM: deck emailed (SYM_PITCH_DECK_20260911.pdf)
[deck_writer] RPC: deck emailed (RPC_PITCH_DECK_20260911.pdf)
[deck_writer] NKE: deck emailed (NKE_PITCH_DECK_20260911.pdf)
[deck_writer] SFIX: deck emailed (SFIX_PITCH_DECK_20260911.pdf)
[deck_writer] FICO: deck emailed (FICO_PITCH_DECK_20260911.pdf)
[deck_writer] CATX: deck emailed (CATX_PITCH_DECK_20260911.pdf)
[deck_writer] STRL: deck emailed (STRL_PITCH_DECK_20260911.pdf)
[deck_writer] BKSY: deck emailed (BKSY_PITCH_DECK_20260911.pdf)
[deck_writer] backfill: 0 courted name(s) without a deck: []
[court_runner] 2026-09-11T19:28:44Z
  CG COURT_BLUE: 1 kg_candidate(s) harvested
  CG COURT_BLUE -> ADJUDICATE (CG_COURT_BLUE_202609111652.md)
  BX COURT_BLUE: reject (no primary citation (http) anywhere in the output) — immediate retry
  BX COURT_BLUE: PACK-MISQUOTE WARN (SUPERSESSION-DECLARED (verify, not a fabrication flag) — dd52: bench quotes +28.2 vs pack -30.0)
  BX COURT_BLUE: 1 kg_candidate(s) harvested
  BX COURT_BLUE -> ADJUDICATE (BX_COURT_BLUE_202609111709.md)
  KKR COURT_BLUE: 1 kg_candidate(s) harvested
  KKR COURT_BLUE -> ADJUDICATE (KKR_COURT_BLUE_202609111718.md)
  ARES COURT_BLUE: reject (no primary citation (http) anywhere in the output) — immediate retry
  ARES COURT_BLUE: VALIDATOR REJECTED (no primary citation (http) anywhere in the output) — output not persisted to queue
  BAM COURT_BLUE: reject (missing BLUE BENCH header / RED CASE ruling) — immediate retry
  BAM COURT_BLUE: VALIDATOR REJECTED (missing BLUE BENCH header / RED CASE ruling) — output not persisted to queue
  INIO COURT_BLUE: reject (no primary citation (http) anywhere in the output) — immediate retry
  INIO COURT_BLUE: 1 kg_candidate(s) harvested
  INIO COURT_BLUE -> ADJUDICATE (INIO_COURT_BLUE_202609111745.md)
  INFY COURT_BLUE: 1 kg_candidate(s) harvested
  INFY COURT_BLUE -> ADJUDICATE (INFY_COURT_BLUE_202609111754.md)
  SYM COURT_BLUE: 1 kg_candidate(s) harvested
  SYM COURT_BLUE -> ADJUDICATE (SYM_COURT_BLUE_202609111804.md)
  RPC COURT_BLUE: reject (no primary citation (http) anywhere in the output) — immediate retry
  RPC COURT_BLUE: 1 kg_candidate(s) harvested
  RPC COURT_BLUE -> ADJUDICATE (RPC_COURT_BLUE_202609111815.md)
  NKE COURT_BLUE: 1 kg_candidate(s) harvested
  NKE COURT_BLUE -> ADJUDICATE (NKE_COURT_BLUE_202609111824.md)
  SFIX COURT_BLUE: reject (no primary citation (http) anywhere in the output) — immediate retry
  SFIX COURT_BLUE: 1 kg_candidate(s) harvested
  SFIX COURT_BLUE -> ADJUDICATE (SFIX_COURT_BLUE_202609111836.md)
  FICO COURT_BLUE: 1 kg_candidate(s) harvested
  FICO COURT_BLUE -> ADJUDICATE (FICO_COURT_BLUE_202609111845.md)
  CATX COURT_BLUE: reject (no primary citation (http) anywhere in the output) — immediate retry
  CATX COURT_BLUE: 1 kg_candidate(s) harvested
  CATX COURT_BLUE -> ADJUDICATE (CATX_COURT_BLUE_202609111856.md)
  STRL COURT_BLUE: reject (no primary citation (http) anywhere in the output) — immediate retry
  STRL COURT_BLUE: 1 kg_candidate(s) harvested
  STRL COURT_BLUE -> ADJUDICATE (STRL_COURT_BLUE_202609111908.md)
  BKSY COURT_BLUE: 2 kg_candidate(s) harvested
  BKSY COURT_BLUE -> ADJUDICATE (BKSY_COURT_BLUE_202609111917.md)
  CVV COURT_RED: 1 kg_candidate(s) harvested
  CVV COURT_RED -> COURT_BLUE (CVV_COURT_RED_202609111928.md)
  AWAITING ADJUDICATION (session job — pitch doc + verdict + wiring): ['OWL', 'ALTI', 'CLPT', 'NIO', 'NAMSW', 'VELO', 'ARL', 'IMRX', 'BIDU', 'HBNB', 'DYN', 'SGML', 'STDN', 'EVCM', 'DSGX', 'BBWI', 'CIM-PA', 'TTAN', 'TBBK', 'TYRA', 'MMYT', 'CASY', 'XPEV', 'SOFI', 'RKT', 'CIEN', 'CPNG', 'STLA', 'LI', 'HDB', 'FN', 'CHTR', 'QXO', 'NAVN', 'BHVN', 'RELY', 'BBOT', 'RWT', 'MPT', 'HLNE', 'CCAP', 'FTW', 'CLB', '5282.T', 'CG', 'BX', 'KKR', 'INIO', 'INFY', 'SYM', 'RPC', 'NKE', 'VOR', 'SFIX', 'FICO', 'CATX', 'STRL', 'HE', 'BKSY']

===== 2026-09-11 12:45 (desk) =====
[runner] court_runner failed: Command '['python3', '-m', 'desk.court_runner']' timed out after 600 seconds/Users/ajay/Library/Python/3.9/lib/python/site-packages/urllib3/__init__.py:35: NotOpenSSLWarning: urllib3 v2 only supports OpenSSL 1.1.1+, currently the 'ssl' module is compiled with 'LibreSSL 2.8.3'. See: https://github.com/urllib3/urllib3/issues/3020
  warnings.warn(
Error 200, reqId 4: No security definition has been found for the request, contract: Stock(symbol='RMS.PA', exchange='SMART', currency='USD')
Unknown contract: Stock(symbol='RMS.PA', exchange='SMART', currency='USD')
[deck_writer] BAM: deck emailed (BAM_PITCH_DECK_20260911.pdf)
[deck_writer] CVV: deck emailed (CVV_PITCH_DECK_20260911.pdf)
[deck_writer] ARES: deck emailed (ARES_PITCH_DECK_20260911.pdf)
[court_runner] 2026-09-11T20:32:06Z
  BAM COURT_BLUE: 2 kg_candidate(s) harvested
  BAM COURT_BLUE -> ADJUDICATE (BAM_COURT_BLUE_202609112003.md)
  CVV COURT_BLUE: reject (missing BLUE BENCH header / RED CASE ruling) — immediate retry
  CVV COURT_BLUE: 1 kg_candidate(s) harvested
  CVV COURT_BLUE -> ADJUDICATE (CVV_COURT_BLUE_202609112015.md)
  RMS.PA TRAP_VERIFY: reject (no primary citation (http) anywhere in the output) — immediate retry
  RMS.PA TRAP_VERIFY -> KILLED (RMS_PA_TRAP_VERIFY_202609112025.md)
  DECK BACKFILL built ['ARES']
  AWAITING ADJUDICATION (session job — pitch doc + verdict + wiring): ['OWL', 'ALTI', 'CLPT', 'NIO', 'NAMSW', 'VELO', 'ARL', 'IMRX', 'BIDU', 'HBNB', 'DYN', 'SGML', 'STDN', 'EVCM', 'DSGX', 'BBWI', 'CIM-PA', 'TTAN', 'TBBK', 'TYRA', 'MMYT', 'CASY', 'XPEV', 'SOFI', 'RKT', 'CIEN', 'CPNG', 'STLA', 'LI', 'HDB', 'FN', 'CHTR', 'QXO', 'NAVN', 'BHVN', 'RELY', 'BBOT', 'RWT', 'MPT', 'HLNE', 'CCAP', 'FTW', 'CLB', '5282.T', 'CG', 'BX', 'KKR', 'ARES', 'BAM', 'INIO', 'INFY', 'SYM', 'RPC', 'NKE', 'VOR', 'SFIX', 'FICO', 'CATX', 'STRL', 'HE', 'BKSY', 'CVV']
[deck_writer] backfill: 0 courted name(s) without a deck: []
[court_runner] 2026-09-11T21:02:07Z
  AWAITING ADJUDICATION (session job — pitch doc + verdict + wiring): ['OWL', 'ALTI', 'CLPT', 'NIO', 'NAMSW', 'VELO', 'ARL', 'IMRX', 'BIDU', 'HBNB', 'DYN', 'SGML', 'STDN', 'EVCM', 'DSGX', 'BBWI', 'CIM-PA', 'TTAN', 'TBBK', 'TYRA', 'MMYT', 'CASY', 'XPEV', 'SOFI', 'RKT', 'CIEN', 'CPNG', 'STLA', 'LI', 'HDB', 'FN', 'CHTR', 'QXO', 'NAVN', 'BHVN', 'RELY', 'BBOT', 'RWT', 'MPT', 'HLNE', 'CCAP', 'FTW', 'CLB', '5282.T', 'CG', 'BX', 'KKR', 'ARES', 'BAM', 'INIO', 'INFY', 'SYM', 'RPC', 'NKE', 'VOR', 'SFIX', 'FICO', 'CATX', 'STRL', 'HE', 'BKSY', 'CVV']
[deck_writer] backfill: 0 courted name(s) without a deck: []
[court_runner] 2026-09-11T21:32:08Z
  AWAITING ADJUDICATION (session job — pitch doc + verdict + wiring): ['OWL', 'ALTI', 'CLPT', 'NIO', 'NAMSW', 'VELO', 'ARL', 'IMRX', 'BIDU', 'HBNB', 'DYN', 'SGML', 'STDN', 'EVCM', 'DSGX', 'BBWI', 'CIM-PA', 'TTAN', 'TBBK', 'TYRA', 'MMYT', 'CASY', 'XPEV', 'SOFI', 'RKT', 'CIEN', 'CPNG', 'STLA', 'LI', 'HDB', 'FN', 'CHTR', 'QXO', 'NAVN', 'BHVN', 'RELY', 'BBOT', 'RWT', 'MPT', 'HLNE', 'CCAP', 'FTW', 'CLB', '5282.T', 'CG', 'BX', 'KKR', 'ARES', 'BAM', 'INIO', 'INFY', 'SYM', 'RPC', 'NKE', 'VOR', 'SFIX', 'FICO', 'CATX', 'STRL', 'HE', 'BKSY', 'CVV']

===== 2026-09-11 14:34 (desk) =====
[deck_writer] backfill: 0 courted name(s) without a deck: []
[court_runner] 2026-09-11T21:34:51Z
  AWAITING ADJUDICATION (session job — pitch doc + verdict + wiring): ['OWL', 'ALTI', 'CLPT', 'NIO', 'NAMSW', 'VELO', 'ARL', 'IMRX', 'BIDU', 'HBNB', 'DYN', 'SGML', 'STDN', 'EVCM', 'DSGX', 'BBWI', 'CIM-PA', 'TTAN', 'TBBK', 'TYRA', 'MMYT', 'CASY', 'XPEV', 'SOFI', 'RKT', 'CIEN', 'CPNG', 'STLA', 'LI', 'HDB', 'FN', 'CHTR', 'QXO', 'NAVN', 'BHVN', 'RELY', 'BBOT', 'RWT', 'MPT', 'HLNE', 'CCAP', 'FTW', 'CLB', '5282.T', 'CG', 'BX', 'KKR', 'ARES', 'BAM', 'INIO', 'INFY', 'SYM', 'RPC', 'NKE', 'VOR', 'SFIX', 'FICO', 'CATX', 'STRL', 'HE', 'BKSY', 'CVV']

[deck_writer] backfill: 0 courted name(s) without a deck: []
[court_runner] 2026-09-11T22:02:08Z
  AWAITING ADJUDICATION (session job — pitch doc + verdict + wiring): ['OWL', 'ALTI', 'CLPT', 'NIO', 'NAMSW', 'VELO', 'ARL', 'IMRX', 'BIDU', 'HBNB', 'DYN', 'SGML', 'STDN', 'EVCM', 'DSGX', 'BBWI', 'CIM-PA', 'TTAN', 'TBBK', 'TYRA', 'MMYT', 'CASY', 'XPEV', 'SOFI', 'RKT', 'CIEN', 'CPNG', 'STLA', 'LI', 'HDB', 'FN', 'CHTR', 'QXO', 'NAVN', 'BHVN', 'RELY', 'BBOT', 'RWT', 'MPT', 'HLNE', 'CCAP', 'FTW', 'CLB', '5282.T', 'CG', 'BX', 'KKR', 'ARES', 'BAM', 'INIO', 'INFY', 'SYM', 'RPC', 'NKE', 'VOR', 'SFIX', 'FICO', 'CATX', 'STRL', 'HE', 'BKSY', 'CVV']
[deck_writer] backfill: 0 courted name(s) without a deck: []
[court_runner] 2026-09-11T22:32:08Z
  AWAITING ADJUDICATION (session job — pitch doc + verdict + wiring): ['OWL', 'ALTI', 'CLPT', 'NIO', 'NAMSW', 'VELO', 'ARL', 'IMRX', 'BIDU', 'HBNB', 'DYN', 'SGML', 'STDN', 'EVCM', 'DSGX', 'BBWI', 'CIM-PA', 'TTAN', 'TBBK', 'TYRA', 'MMYT', 'CASY', 'XPEV', 'SOFI', 'RKT', 'CIEN', 'CPNG', 'STLA', 'LI', 'HDB', 'FN', 'CHTR', 'QXO', 'NAVN', 'BHVN', 'RELY', 'BBOT', 'RWT', 'MPT', 'HLNE', 'CCAP', 'FTW', 'CLB', '5282.T', 'CG', 'BX', 'KKR', 'ARES', 'BAM', 'INIO', 'INFY', 'SYM', 'RPC', 'NKE', 'VOR', 'SFIX', 'FICO', 'CATX', 'STRL', 'HE', 'BKSY', 'CVV']
[deck_writer] backfill: 0 courted name(s) without a deck: []
[court_runner] 2026-09-11T23:02:09Z
  AWAITING ADJUDICATION (session job — pitch doc + verdict + wiring): ['OWL', 'ALTI', 'CLPT', 'NIO', 'NAMSW', 'VELO', 'ARL', 'IMRX', 'BIDU', 'HBNB', 'DYN', 'SGML', 'STDN', 'EVCM', 'DSGX', 'BBWI', 'CIM-PA', 'TTAN', 'TBBK', 'TYRA', 'MMYT', 'CASY', 'XPEV', 'SOFI', 'RKT', 'CIEN', 'CPNG', 'STLA', 'LI', 'HDB', 'FN', 'CHTR', 'QXO', 'NAVN', 'BHVN', 'RELY', 'BBOT', 'RWT', 'MPT', 'HLNE', 'CCAP', 'FTW', 'CLB', '5282.T', 'CG', 'BX', 'KKR', 'ARES', 'BAM', 'INIO', 'INFY', 'SYM', 'RPC', 'NKE', 'VOR', 'SFIX', 'FICO', 'CATX', 'STRL', 'HE', 'BKSY', 'CVV']
[deck_writer] backfill: 0 courted name(s) without a deck: []
[court_runner] 2026-09-11T23:32:09Z
  AWAITING ADJUDICATION (session job — pitch doc + verdict + wiring): ['OWL', 'ALTI', 'CLPT', 'NIO', 'NAMSW', 'VELO', 'ARL', 'IMRX', 'BIDU', 'HBNB', 'DYN', 'SGML', 'STDN', 'EVCM', 'DSGX', 'BBWI', 'CIM-PA', 'TTAN', 'TBBK', 'TYRA', 'MMYT', 'CASY', 'XPEV', 'SOFI', 'RKT', 'CIEN', 'CPNG', 'STLA', 'LI', 'HDB', 'FN', 'CHTR', 'QXO', 'NAVN', 'BHVN', 'RELY', 'BBOT', 'RWT', 'MPT', 'HLNE', 'CCAP', 'FTW', 'CLB', '5282.T', 'CG', 'BX', 'KKR', 'ARES', 'BAM', 'INIO', 'INFY', 'SYM', 'RPC', 'NKE', 'VOR', 'SFIX', 'FICO', 'CATX', 'STRL', 'HE', 'BKSY', 'CVV']

===== 2026-09-11 16:34 (desk) =====
[deck_writer] backfill: 0 courted name(s) without a deck: []
[court_runner] 2026-09-11T23:34:30Z
  AWAITING ADJUDICATION (session job — pitch doc + verdict + wiring): ['OWL', 'ALTI', 'CLPT', 'NIO', 'NAMSW', 'VELO', 'ARL', 'IMRX', 'BIDU', 'HBNB', 'DYN', 'SGML', 'STDN', 'EVCM', 'DSGX', 'BBWI', 'CIM-PA', 'TTAN', 'TBBK', 'TYRA', 'MMYT', 'CASY', 'XPEV', 'SOFI', 'RKT', 'CIEN', 'CPNG', 'STLA', 'LI', 'HDB', 'FN', 'CHTR', 'QXO', 'NAVN', 'BHVN', 'RELY', 'BBOT', 'RWT', 'MPT', 'HLNE', 'CCAP', 'FTW', 'CLB', '5282.T', 'CG', 'BX', 'KKR', 'ARES', 'BAM', 'INIO', 'INFY', 'SYM', 'RPC', 'NKE', 'VOR', 'SFIX', 'FICO', 'CATX', 'STRL', 'HE', 'BKSY', 'CVV']

[deck_writer] backfill: 0 courted name(s) without a deck: []
[court_runner] 2026-09-12T00:02:09Z
  AWAITING ADJUDICATION (session job — pitch doc + verdict + wiring): ['OWL', 'ALTI', 'CLPT', 'NIO', 'NAMSW', 'VELO', 'ARL', 'IMRX', 'BIDU', 'HBNB', 'DYN', 'SGML', 'STDN', 'EVCM', 'DSGX', 'BBWI', 'CIM-PA', 'TTAN', 'TBBK', 'TYRA', 'MMYT', 'CASY', 'XPEV', 'SOFI', 'RKT', 'CIEN', 'CPNG', 'STLA', 'LI', 'HDB', 'FN', 'CHTR', 'QXO', 'NAVN', 'BHVN', 'RELY', 'BBOT', 'RWT', 'MPT', 'HLNE', 'CCAP', 'FTW', 'CLB', '5282.T', 'CG', 'BX', 'KKR', 'ARES', 'BAM', 'INIO', 'INFY', 'SYM', 'RPC', 'NKE', 'VOR', 'SFIX', 'FICO', 'CATX', 'STRL', 'HE', 'BKSY', 'CVV']
[deck_writer] backfill: 0 courted name(s) without a deck: []
[court_runner] 2026-09-12T00:32:10Z
  AWAITING ADJUDICATION (session job — pitch doc + verdict + wiring): ['OWL', 'ALTI', 'CLPT', 'NIO', 'NAMSW', 'VELO', 'ARL', 'IMRX', 'BIDU', 'HBNB', 'DYN', 'SGML', 'STDN', 'EVCM', 'DSGX', 'BBWI', 'CIM-PA', 'TTAN', 'TBBK', 'TYRA', 'MMYT', 'CASY', 'XPEV', 'SOFI', 'RKT', 'CIEN', 'CPNG', 'STLA', 'LI', 'HDB', 'FN', 'CHTR', 'QXO', 'NAVN', 'BHVN', 'RELY', 'BBOT', 'RWT', 'MPT', 'HLNE', 'CCAP', 'FTW', 'CLB', '5282.T', 'CG', 'BX', 'KKR', 'ARES', 'BAM', 'INIO', 'INFY', 'SYM', 'RPC', 'NKE', 'VOR', 'SFIX', 'FICO', 'CATX', 'STRL', 'HE', 'BKSY', 'CVV']
[deck_writer] backfill: 0 courted name(s) without a deck: []
[court_runner] 2026-09-12T01:02:10Z
  AWAITING ADJUDICATION (session job — pitch doc + verdict + wiring): ['OWL', 'ALTI', 'CLPT', 'NIO', 'NAMSW', 'VELO', 'ARL', 'IMRX', 'BIDU', 'HBNB', 'DYN', 'SGML', 'STDN', 'EVCM', 'DSGX', 'BBWI', 'CIM-PA', 'TTAN', 'TBBK', 'TYRA', 'MMYT', 'CASY', 'XPEV', 'SOFI', 'RKT', 'CIEN', 'CPNG', 'STLA', 'LI', 'HDB', 'FN', 'CHTR', 'QXO', 'NAVN', 'BHVN', 'RELY', 'BBOT', 'RWT', 'MPT', 'HLNE', 'CCAP', 'FTW', 'CLB', '5282.T', 'CG', 'BX', 'KKR', 'ARES', 'BAM', 'INIO', 'INFY', 'SYM', 'RPC', 'NKE', 'VOR', 'SFIX', 'FICO', 'CATX', 'STRL', 'HE', 'BKSY', 'CVV']
[deck_writer] backfill: 0 courted name(s) without a deck: []
[court_runner] 2026-09-12T01:32:10Z
  AWAITING ADJUDICATION (session job — pitch doc + verdict + wiring): ['OWL', 'ALTI', 'CLPT', 'NIO', 'NAMSW', 'VELO', 'ARL', 'IMRX', 'BIDU', 'HBNB', 'DYN', 'SGML', 'STDN', 'EVCM', 'DSGX', 'BBWI', 'CIM-PA', 'TTAN', 'TBBK', 'TYRA', 'MMYT', 'CASY', 'XPEV', 'SOFI', 'RKT', 'CIEN', 'CPNG', 'STLA', 'LI', 'HDB', 'FN', 'CHTR', 'QXO', 'NAVN', 'BHVN', 'RELY', 'BBOT', 'RWT', 'MPT', 'HLNE', 'CCAP', 'FTW', 'CLB', '5282.T', 'CG', 'BX', 'KKR', 'ARES', 'BAM', 'INIO', 'INFY', 'SYM', 'RPC', 'NKE', 'VOR', 'SFIX', 'FICO', 'CATX', 'STRL', 'HE', 'BKSY', 'CVV']

===== 2026-09-11 18:34 (desk) =====
[deck_writer] backfill: 0 courted name(s) without a deck: []
[court_runner] 2026-09-12T01:34:30Z
  AWAITING ADJUDICATION (session job — pitch doc + verdict + wiring): ['OWL', 'ALTI', 'CLPT', 'NIO', 'NAMSW', 'VELO', 'ARL', 'IMRX', 'BIDU', 'HBNB', 'DYN', 'SGML', 'STDN', 'EVCM', 'DSGX', 'BBWI', 'CIM-PA', 'TTAN', 'TBBK', 'TYRA', 'MMYT', 'CASY', 'XPEV', 'SOFI', 'RKT', 'CIEN', 'CPNG', 'STLA', 'LI', 'HDB', 'FN', 'CHTR', 'QXO', 'NAVN', 'BHVN', 'RELY', 'BBOT', 'RWT', 'MPT', 'HLNE', 'CCAP', 'FTW', 'CLB', '5282.T', 'CG', 'BX', 'KKR', 'ARES', 'BAM', 'INIO', 'INFY', 'SYM', 'RPC', 'NKE', 'VOR', 'SFIX', 'FICO', 'CATX', 'STRL', 'HE', 'BKSY', 'CVV']

[deck_writer] backfill: 0 courted name(s) without a deck: []
[court_runner] 2026-09-12T02:02:11Z
  AWAITING ADJUDICATION (session job — pitch doc + verdict + wiring): ['OWL', 'ALTI', 'CLPT', 'NIO', 'NAMSW', 'VELO', 'ARL', 'IMRX', 'BIDU', 'HBNB', 'DYN', 'SGML', 'STDN', 'EVCM', 'DSGX', 'BBWI', 'CIM-PA', 'TTAN', 'TBBK', 'TYRA', 'MMYT', 'CASY', 'XPEV', 'SOFI', 'RKT', 'CIEN', 'CPNG', 'STLA', 'LI', 'HDB', 'FN', 'CHTR', 'QXO', 'NAVN', 'BHVN', 'RELY', 'BBOT', 'RWT', 'MPT', 'HLNE', 'CCAP', 'FTW', 'CLB', '5282.T', 'CG', 'BX', 'KKR', 'ARES', 'BAM', 'INIO', 'INFY', 'SYM', 'RPC', 'NKE', 'VOR', 'SFIX', 'FICO', 'CATX', 'STRL', 'HE', 'BKSY', 'CVV']
[deck_writer] backfill: 0 courted name(s) without a deck: []
[court_runner] 2026-09-12T02:32:11Z
  AWAITING ADJUDICATION (session job — pitch doc + verdict + wiring): ['OWL', 'ALTI', 'CLPT', 'NIO', 'NAMSW', 'VELO', 'ARL', 'IMRX', 'BIDU', 'HBNB', 'DYN', 'SGML', 'STDN', 'EVCM', 'DSGX', 'BBWI', 'CIM-PA', 'TTAN', 'TBBK', 'TYRA', 'MMYT', 'CASY', 'XPEV', 'SOFI', 'RKT', 'CIEN', 'CPNG', 'STLA', 'LI', 'HDB', 'FN', 'CHTR', 'QXO', 'NAVN', 'BHVN', 'RELY', 'BBOT', 'RWT', 'MPT', 'HLNE', 'CCAP', 'FTW', 'CLB', '5282.T', 'CG', 'BX', 'KKR', 'ARES', 'BAM', 'INIO', 'INFY', 'SYM', 'RPC', 'NKE', 'VOR', 'SFIX', 'FICO', 'CATX', 'STRL', 'HE', 'BKSY', 'CVV']
[deck_writer] backfill: 0 courted name(s) without a deck: []
[court_runner] 2026-09-12T03:02:11Z
  AWAITING ADJUDICATION (session job — pitch doc + verdict + wiring): ['OWL', 'ALTI', 'CLPT', 'NIO', 'NAMSW', 'VELO', 'ARL', 'IMRX', 'BIDU', 'HBNB', 'DYN', 'SGML', 'STDN', 'EVCM', 'DSGX', 'BBWI', 'CIM-PA', 'TTAN', 'TBBK', 'TYRA', 'MMYT', 'CASY', 'XPEV', 'SOFI', 'RKT', 'CIEN', 'CPNG', 'STLA', 'LI', 'HDB', 'FN', 'CHTR', 'QXO', 'NAVN', 'BHVN', 'RELY', 'BBOT', 'RWT', 'MPT', 'HLNE', 'CCAP', 'FTW', 'CLB', '5282.T', 'CG', 'BX', 'KKR', 'ARES', 'BAM', 'INIO', 'INFY', 'SYM', 'RPC', 'NKE', 'VOR', 'SFIX', 'FICO', 'CATX', 'STRL', 'HE', 'BKSY', 'CVV']
[deck_writer] backfill: 0 courted name(s) without a deck: []
[court_runner] 2026-09-12T03:32:12Z
  AWAITING ADJUDICATION (session job — pitch doc + verdict + wiring): ['OWL', 'ALTI', 'CLPT', 'NIO', 'NAMSW', 'VELO', 'ARL', 'IMRX', 'BIDU', 'HBNB', 'DYN', 'SGML', 'STDN', 'EVCM', 'DSGX', 'BBWI', 'CIM-PA', 'TTAN', 'TBBK', 'TYRA', 'MMYT', 'CASY', 'XPEV', 'SOFI', 'RKT', 'CIEN', 'CPNG', 'STLA', 'LI', 'HDB', 'FN', 'CHTR', 'QXO', 'NAVN', 'BHVN', 'RELY', 'BBOT', 'RWT', 'MPT', 'HLNE', 'CCAP', 'FTW', 'CLB', '5282.T', 'CG', 'BX', 'KKR', 'ARES', 'BAM', 'INIO', 'INFY', 'SYM', 'RPC', 'NKE', 'VOR', 'SFIX', 'FICO', 'CATX', 'STRL', 'HE', 'BKSY', 'CVV']

===== 2026-09-11 20:34 (desk) =====
[deck_writer] backfill: 0 courted name(s) without a deck: []
[court_runner] 2026-09-12T03:34:21Z
  AWAITING ADJUDICATION (session job — pitch doc + verdict + wiring): ['OWL', 'ALTI', 'CLPT', 'NIO', 'NAMSW', 'VELO', 'ARL', 'IMRX', 'BIDU', 'HBNB', 'DYN', 'SGML', 'STDN', 'EVCM', 'DSGX', 'BBWI', 'CIM-PA', 'TTAN', 'TBBK', 'TYRA', 'MMYT', 'CASY', 'XPEV', 'SOFI', 'RKT', 'CIEN', 'CPNG', 'STLA', 'LI', 'HDB', 'FN', 'CHTR', 'QXO', 'NAVN', 'BHVN', 'RELY', 'BBOT', 'RWT', 'MPT', 'HLNE', 'CCAP', 'FTW', 'CLB', '5282.T', 'CG', 'BX', 'KKR', 'ARES', 'BAM', 'INIO', 'INFY', 'SYM', 'RPC', 'NKE', 'VOR', 'SFIX', 'FICO', 'CATX', 'STRL', 'HE', 'BKSY', 'CVV']

[deck_writer] backfill: 0 courted name(s) without a deck: []
[court_runner] 2026-09-12T04:02:12Z
  AWAITING ADJUDICATION (session job — pitch doc + verdict + wiring): ['OWL', 'ALTI', 'CLPT', 'NIO', 'NAMSW', 'VELO', 'ARL', 'IMRX', 'BIDU', 'HBNB', 'DYN', 'SGML', 'STDN', 'EVCM', 'DSGX', 'BBWI', 'CIM-PA', 'TTAN', 'TBBK', 'TYRA', 'MMYT', 'CASY', 'XPEV', 'SOFI', 'RKT', 'CIEN', 'CPNG', 'STLA', 'LI', 'HDB', 'FN', 'CHTR', 'QXO', 'NAVN', 'BHVN', 'RELY', 'BBOT', 'RWT', 'MPT', 'HLNE', 'CCAP', 'FTW', 'CLB', '5282.T', 'CG', 'BX', 'KKR', 'ARES', 'BAM', 'INIO', 'INFY', 'SYM', 'RPC', 'NKE', 'VOR', 'SFIX', 'FICO', 'CATX', 'STRL', 'HE', 'BKSY', 'CVV']
[deck_writer] backfill: 0 courted name(s) without a deck: []
[court_runner] 2026-09-12T04:32:12Z
  AWAITING ADJUDICATION (session job — pitch doc + verdict + wiring): ['OWL', 'ALTI', 'CLPT', 'NIO', 'NAMSW', 'VELO', 'ARL', 'IMRX', 'BIDU', 'HBNB', 'DYN', 'SGML', 'STDN', 'EVCM', 'DSGX', 'BBWI', 'CIM-PA', 'TTAN', 'TBBK', 'TYRA', 'MMYT', 'CASY', 'XPEV', 'SOFI', 'RKT', 'CIEN', 'CPNG', 'STLA', 'LI', 'HDB', 'FN', 'CHTR', 'QXO', 'NAVN', 'BHVN', 'RELY', 'BBOT', 'RWT', 'MPT', 'HLNE', 'CCAP', 'FTW', 'CLB', '5282.T', 'CG', 'BX', 'KKR', 'ARES', 'BAM', 'INIO', 'INFY', 'SYM', 'RPC', 'NKE', 'VOR', 'SFIX', 'FICO', 'CATX', 'STRL', 'HE', 'BKSY', 'CVV']
[deck_writer] backfill: 0 courted name(s) without a deck: []
[court_runner] 2026-09-12T05:02:13Z
  AWAITING ADJUDICATION (session job — pitch doc + verdict + wiring): ['OWL', 'ALTI', 'CLPT', 'NIO', 'NAMSW', 'VELO', 'ARL', 'IMRX', 'BIDU', 'HBNB', 'DYN', 'SGML', 'STDN', 'EVCM', 'DSGX', 'BBWI', 'CIM-PA', 'TTAN', 'TBBK', 'TYRA', 'MMYT', 'CASY', 'XPEV', 'SOFI', 'RKT', 'CIEN', 'CPNG', 'STLA', 'LI', 'HDB', 'FN', 'CHTR', 'QXO', 'NAVN', 'BHVN', 'RELY', 'BBOT', 'RWT', 'MPT', 'HLNE', 'CCAP', 'FTW', 'CLB', '5282.T', 'CG', 'BX', 'KKR', 'ARES', 'BAM', 'INIO', 'INFY', 'SYM', 'RPC', 'NKE', 'VOR', 'SFIX', 'FICO', 'CATX', 'STRL', 'HE', 'BKSY', 'CVV']
[deck_writer] backfill: 0 courted name(s) without a deck: []
[court_runner] 2026-09-12T05:32:13Z
  AWAITING ADJUDICATION (session job — pitch doc + verdict + wiring): ['OWL', 'ALTI', 'CLPT', 'NIO', 'NAMSW', 'VELO', 'ARL', 'IMRX', 'BIDU', 'HBNB', 'DYN', 'SGML', 'STDN', 'EVCM', 'DSGX', 'BBWI', 'CIM-PA', 'TTAN', 'TBBK', 'TYRA', 'MMYT', 'CASY', 'XPEV', 'SOFI', 'RKT', 'CIEN', 'CPNG', 'STLA', 'LI', 'HDB', 'FN', 'CHTR', 'QXO', 'NAVN', 'BHVN', 'RELY', 'BBOT', 'RWT', 'MPT', 'HLNE', 'CCAP', 'FTW', 'CLB', '5282.T', 'CG', 'BX', 'KKR', 'ARES', 'BAM', 'INIO', 'INFY', 'SYM', 'RPC', 'NKE', 'VOR', 'SFIX', 'FICO', 'CATX', 'STRL', 'HE', 'BKSY', 'CVV']

===== 2026-09-11 22:34 (desk) =====
[deck_writer] backfill: 0 courted name(s) without a deck: []
[court_runner] 2026-09-12T05:34:49Z
  AWAITING ADJUDICATION (session job — pitch doc + verdict + wiring): ['OWL', 'ALTI', 'CLPT', 'NIO', 'NAMSW', 'VELO', 'ARL', 'IMRX', 'BIDU', 'HBNB', 'DYN', 'SGML', 'STDN', 'EVCM', 'DSGX', 'BBWI', 'CIM-PA', 'TTAN', 'TBBK', 'TYRA', 'MMYT', 'CASY', 'XPEV', 'SOFI', 'RKT', 'CIEN', 'CPNG', 'STLA', 'LI', 'HDB', 'FN', 'CHTR', 'QXO', 'NAVN', 'BHVN', 'RELY', 'BBOT', 'RWT', 'MPT', 'HLNE', 'CCAP', 'FTW', 'CLB', '5282.T', 'CG', 'BX', 'KKR', 'ARES', 'BAM', 'INIO', 'INFY', 'SYM', 'RPC', 'NKE', 'VOR', 'SFIX', 'FICO', 'CATX', 'STRL', 'HE', 'BKSY', 'CVV']

[deck_writer] backfill: 0 courted name(s) without a deck: []
[court_runner] 2026-09-12T06:02:13Z
  AWAITING ADJUDICATION (session job — pitch doc + verdict + wiring): ['OWL', 'ALTI', 'CLPT', 'NIO', 'NAMSW', 'VELO', 'ARL', 'IMRX', 'BIDU', 'HBNB', 'DYN', 'SGML', 'STDN', 'EVCM', 'DSGX', 'BBWI', 'CIM-PA', 'TTAN', 'TBBK', 'TYRA', 'MMYT', 'CASY', 'XPEV', 'SOFI', 'RKT', 'CIEN', 'CPNG', 'STLA', 'LI', 'HDB', 'FN', 'CHTR', 'QXO', 'NAVN', 'BHVN', 'RELY', 'BBOT', 'RWT', 'MPT', 'HLNE', 'CCAP', 'FTW', 'CLB', '5282.T', 'CG', 'BX', 'KKR', 'ARES', 'BAM', 'INIO', 'INFY', 'SYM', 'RPC', 'NKE', 'VOR', 'SFIX', 'FICO', 'CATX', 'STRL', 'HE', 'BKSY', 'CVV']
[deck_writer] backfill: 0 courted name(s) without a deck: []
[court_runner] 2026-09-12T06:32:14Z
  AWAITING ADJUDICATION (session job — pitch doc + verdict + wiring): ['OWL', 'ALTI', 'CLPT', 'NIO', 'NAMSW', 'VELO', 'ARL', 'IMRX', 'BIDU', 'HBNB', 'DYN', 'SGML', 'STDN', 'EVCM', 'DSGX', 'BBWI', 'CIM-PA', 'TTAN', 'TBBK', 'TYRA', 'MMYT', 'CASY', 'XPEV', 'SOFI', 'RKT', 'CIEN', 'CPNG', 'STLA', 'LI', 'HDB', 'FN', 'CHTR', 'QXO', 'NAVN', 'BHVN', 'RELY', 'BBOT', 'RWT', 'MPT', 'HLNE', 'CCAP', 'FTW', 'CLB', '5282.T', 'CG', 'BX', 'KKR', 'ARES', 'BAM', 'INIO', 'INFY', 'SYM', 'RPC', 'NKE', 'VOR', 'SFIX', 'FICO', 'CATX', 'STRL', 'HE', 'BKSY', 'CVV']
[deck_writer] backfill: 0 courted name(s) without a deck: []
[court_runner] 2026-09-12T07:02:14Z
  AWAITING ADJUDICATION (session job — pitch doc + verdict + wiring): ['OWL', 'ALTI', 'CLPT', 'NIO', 'NAMSW', 'VELO', 'ARL', 'IMRX', 'BIDU', 'HBNB', 'DYN', 'SGML', 'STDN', 'EVCM', 'DSGX', 'BBWI', 'CIM-PA', 'TTAN', 'TBBK', 'TYRA', 'MMYT', 'CASY', 'XPEV', 'SOFI', 'RKT', 'CIEN', 'CPNG', 'STLA', 'LI', 'HDB', 'FN', 'CHTR', 'QXO', 'NAVN', 'BHVN', 'RELY', 'BBOT', 'RWT', 'MPT', 'HLNE', 'CCAP', 'FTW', 'CLB', '5282.T', 'CG', 'BX', 'KKR', 'ARES', 'BAM', 'INIO', 'INFY', 'SYM', 'RPC', 'NKE', 'VOR', 'SFIX', 'FICO', 'CATX', 'STRL', 'HE', 'BKSY', 'CVV']
[deck_writer] backfill: 0 courted name(s) without a deck: []
[court_runner] 2026-09-12T07:32:14Z
  AWAITING ADJUDICATION (session job — pitch doc + verdict + wiring): ['OWL', 'ALTI', 'CLPT', 'NIO', 'NAMSW', 'VELO', 'ARL', 'IMRX', 'BIDU', 'HBNB', 'DYN', 'SGML', 'STDN', 'EVCM', 'DSGX', 'BBWI', 'CIM-PA', 'TTAN', 'TBBK', 'TYRA', 'MMYT', 'CASY', 'XPEV', 'SOFI', 'RKT', 'CIEN', 'CPNG', 'STLA', 'LI', 'HDB', 'FN', 'CHTR', 'QXO', 'NAVN', 'BHVN', 'RELY', 'BBOT', 'RWT', 'MPT', 'HLNE', 'CCAP', 'FTW', 'CLB', '5282.T', 'CG', 'BX', 'KKR', 'ARES', 'BAM', 'INIO', 'INFY', 'SYM', 'RPC', 'NKE', 'VOR', 'SFIX', 'FICO', 'CATX', 'STRL', 'HE', 'BKSY', 'CVV']
[deck_writer] backfill: 0 courted name(s) without a deck: []
[court_runner] 2026-09-12T08:02:15Z
  AWAITING ADJUDICATION (session job — pitch doc + verdict + wiring): ['OWL', 'ALTI', 'CLPT', 'NIO', 'NAMSW', 'VELO', 'ARL', 'IMRX', 'BIDU', 'HBNB', 'DYN', 'SGML', 'STDN', 'EVCM', 'DSGX', 'BBWI', 'CIM-PA', 'TTAN', 'TBBK', 'TYRA', 'MMYT', 'CASY', 'XPEV', 'SOFI', 'RKT', 'CIEN', 'CPNG', 'STLA', 'LI', 'HDB', 'FN', 'CHTR', 'QXO', 'NAVN', 'BHVN', 'RELY', 'BBOT', 'RWT', 'MPT', 'HLNE', 'CCAP', 'FTW', 'CLB', '5282.T', 'CG', 'BX', 'KKR', 'ARES', 'BAM', 'INIO', 'INFY', 'SYM', 'RPC', 'NKE', 'VOR', 'SFIX', 'FICO', 'CATX', 'STRL', 'HE', 'BKSY', 'CVV']
[deck_writer] backfill: 0 courted name(s) without a deck: []
[court_runner] 2026-09-12T08:32:15Z
  AWAITING ADJUDICATION (session job — pitch doc + verdict + wiring): ['OWL', 'ALTI', 'CLPT', 'NIO', 'NAMSW', 'VELO', 'ARL', 'IMRX', 'BIDU', 'HBNB', 'DYN', 'SGML', 'STDN', 'EVCM', 'DSGX', 'BBWI', 'CIM-PA', 'TTAN', 'TBBK', 'TYRA', 'MMYT', 'CASY', 'XPEV', 'SOFI', 'RKT', 'CIEN', 'CPNG', 'STLA', 'LI', 'HDB', 'FN', 'CHTR', 'QXO', 'NAVN', 'BHVN', 'RELY', 'BBOT', 'RWT', 'MPT', 'HLNE', 'CCAP', 'FTW', 'CLB', '5282.T', 'CG', 'BX', 'KKR', 'ARES', 'BAM', 'INIO', 'INFY', 'SYM', 'RPC', 'NKE', 'VOR', 'SFIX', 'FICO', 'CATX', 'STRL', 'HE', 'BKSY', 'CVV']
[deck_writer] backfill: 0 courted name(s) without a deck: []
[court_runner] 2026-09-12T09:02:15Z
  AWAITING ADJUDICATION (session job — pitch doc + verdict + wiring): ['OWL', 'ALTI', 'CLPT', 'NIO', 'NAMSW', 'VELO', 'ARL', 'IMRX', 'BIDU', 'HBNB', 'DYN', 'SGML', 'STDN', 'EVCM', 'DSGX', 'BBWI', 'CIM-PA', 'TTAN', 'TBBK', 'TYRA', 'MMYT', 'CASY', 'XPEV', 'SOFI', 'RKT', 'CIEN', 'CPNG', 'STLA', 'LI', 'HDB', 'FN', 'CHTR', 'QXO', 'NAVN', 'BHVN', 'RELY', 'BBOT', 'RWT', 'MPT', 'HLNE', 'CCAP', 'FTW', 'CLB', '5282.T', 'CG', 'BX', 'KKR', 'ARES', 'BAM', 'INIO', 'INFY', 'SYM', 'RPC', 'NKE', 'VOR', 'SFIX', 'FICO', 'CATX', 'STRL', 'HE', 'BKSY', 'CVV']
[deck_writer] backfill: 0 courted name(s) without a deck: []
[court_runner] 2026-09-12T09:32:15Z
  AWAITING ADJUDICATION (session job — pitch doc + verdict + wiring): ['OWL', 'ALTI', 'CLPT', 'NIO', 'NAMSW', 'VELO', 'ARL', 'IMRX', 'BIDU', 'HBNB', 'DYN', 'SGML', 'STDN', 'EVCM', 'DSGX', 'BBWI', 'CIM-PA', 'TTAN', 'TBBK', 'TYRA', 'MMYT', 'CASY', 'XPEV', 'SOFI', 'RKT', 'CIEN', 'CPNG', 'STLA', 'LI', 'HDB', 'FN', 'CHTR', 'QXO', 'NAVN', 'BHVN', 'RELY', 'BBOT', 'RWT', 'MPT', 'HLNE', 'CCAP', 'FTW', 'CLB', '5282.T', 'CG', 'BX', 'KKR', 'ARES', 'BAM', 'INIO', 'INFY', 'SYM', 'RPC', 'NKE', 'VOR', 'SFIX', 'FICO', 'CATX', 'STRL', 'HE', 'BKSY', 'CVV']
[deck_writer] backfill: 0 courted name(s) without a deck: []
[court_runner] 2026-09-12T10:02:16Z
  AWAITING ADJUDICATION (session job — pitch doc + verdict + wiring): ['OWL', 'ALTI', 'CLPT', 'NIO', 'NAMSW', 'VELO', 'ARL', 'IMRX', 'BIDU', 'HBNB', 'DYN', 'SGML', 'STDN', 'EVCM', 'DSGX', 'BBWI', 'CIM-PA', 'TTAN', 'TBBK', 'TYRA', 'MMYT', 'CASY', 'XPEV', 'SOFI', 'RKT', 'CIEN', 'CPNG', 'STLA', 'LI', 'HDB', 'FN', 'CHTR', 'QXO', 'NAVN', 'BHVN', 'RELY', 'BBOT', 'RWT', 'MPT', 'HLNE', 'CCAP', 'FTW', 'CLB', '5282.T', 'CG', 'BX', 'KKR', 'ARES', 'BAM', 'INIO', 'INFY', 'SYM', 'RPC', 'NKE', 'VOR', 'SFIX', 'FICO', 'CATX', 'STRL', 'HE', 'BKSY', 'CVV']
[deck_writer] backfill: 0 courted name(s) without a deck: []
[court_runner] 2026-09-12T10:32:16Z
  AWAITING ADJUDICATION (session job — pitch doc + verdict + wiring): ['OWL', 'ALTI', 'CLPT', 'NIO', 'NAMSW', 'VELO', 'ARL', 'IMRX', 'BIDU', 'HBNB', 'DYN', 'SGML', 'STDN', 'EVCM', 'DSGX', 'BBWI', 'CIM-PA', 'TTAN', 'TBBK', 'TYRA', 'MMYT', 'CASY', 'XPEV', 'SOFI', 'RKT', 'CIEN', 'CPNG', 'STLA', 'LI', 'HDB', 'FN', 'CHTR', 'QXO', 'NAVN', 'BHVN', 'RELY', 'BBOT', 'RWT', 'MPT', 'HLNE', 'CCAP', 'FTW', 'CLB', '5282.T', 'CG', 'BX', 'KKR', 'ARES', 'BAM', 'INIO', 'INFY', 'SYM', 'RPC', 'NKE', 'VOR', 'SFIX', 'FICO', 'CATX', 'STRL', 'HE', 'BKSY', 'CVV']
[deck_writer] backfill: 0 courted name(s) without a deck: []
[court_runner] 2026-09-12T11:02:16Z
  AWAITING ADJUDICATION (session job — pitch doc + verdict + wiring): ['OWL', 'ALTI', 'CLPT', 'NIO', 'NAMSW', 'VELO', 'ARL', 'IMRX', 'BIDU', 'HBNB', 'DYN', 'SGML', 'STDN', 'EVCM', 'DSGX', 'BBWI', 'CIM-PA', 'TTAN', 'TBBK', 'TYRA', 'MMYT', 'CASY', 'XPEV', 'SOFI', 'RKT', 'CIEN', 'CPNG', 'STLA', 'LI', 'HDB', 'FN', 'CHTR', 'QXO', 'NAVN', 'BHVN', 'RELY', 'BBOT', 'RWT', 'MPT', 'HLNE', 'CCAP', 'FTW', 'CLB', '5282.T', 'CG', 'BX', 'KKR', 'ARES', 'BAM', 'INIO', 'INFY', 'SYM', 'RPC', 'NKE', 'VOR', 'SFIX', 'FICO', 'CATX', 'STRL', 'HE', 'BKSY', 'CVV']
[deck_writer] backfill: 0 courted name(s) without a deck: []
[court_runner] 2026-09-12T11:32:17Z
  AWAITING ADJUDICATION (session job — pitch doc + verdict + wiring): ['OWL', 'ALTI', 'CLPT', 'NIO', 'NAMSW', 'VELO', 'ARL', 'IMRX', 'BIDU', 'HBNB', 'DYN', 'SGML', 'STDN', 'EVCM', 'DSGX', 'BBWI', 'CIM-PA', 'TTAN', 'TBBK', 'TYRA', 'MMYT', 'CASY', 'XPEV', 'SOFI', 'RKT', 'CIEN', 'CPNG', 'STLA', 'LI', 'HDB', 'FN', 'CHTR', 'QXO', 'NAVN', 'BHVN', 'RELY', 'BBOT', 'RWT', 'MPT', 'HLNE', 'CCAP', 'FTW', 'CLB', '5282.T', 'CG', 'BX', 'KKR', 'ARES', 'BAM', 'INIO', 'INFY', 'SYM', 'RPC', 'NKE', 'VOR', 'SFIX', 'FICO', 'CATX', 'STRL', 'HE', 'BKSY', 'CVV']
[deck_writer] backfill: 0 courted name(s) without a deck: []
[court_runner] 2026-09-12T12:02:17Z
  AWAITING ADJUDICATION (session job — pitch doc + verdict + wiring): ['OWL', 'ALTI', 'CLPT', 'NIO', 'NAMSW', 'VELO', 'ARL', 'IMRX', 'BIDU', 'HBNB', 'DYN', 'SGML', 'STDN', 'EVCM', 'DSGX', 'BBWI', 'CIM-PA', 'TTAN', 'TBBK', 'TYRA', 'MMYT', 'CASY', 'XPEV', 'SOFI', 'RKT', 'CIEN', 'CPNG', 'STLA', 'LI', 'HDB', 'FN', 'CHTR', 'QXO', 'NAVN', 'BHVN', 'RELY', 'BBOT', 'RWT', 'MPT', 'HLNE', 'CCAP', 'FTW', 'CLB', '5282.T', 'CG', 'BX', 'KKR', 'ARES', 'BAM', 'INIO', 'INFY', 'SYM', 'RPC', 'NKE', 'VOR', 'SFIX', 'FICO', 'CATX', 'STRL', 'HE', 'BKSY', 'CVV']
[deck_writer] backfill: 0 courted name(s) without a deck: []
[court_runner] 2026-09-12T12:32:17Z
  AWAITING ADJUDICATION (session job — pitch doc + verdict + wiring): ['OWL', 'ALTI', 'CLPT', 'NIO', 'NAMSW', 'VELO', 'ARL', 'IMRX', 'BIDU', 'HBNB', 'DYN', 'SGML', 'STDN', 'EVCM', 'DSGX', 'BBWI', 'CIM-PA', 'TTAN', 'TBBK', 'TYRA', 'MMYT', 'CASY', 'XPEV', 'SOFI', 'RKT', 'CIEN', 'CPNG', 'STLA', 'LI', 'HDB', 'FN', 'CHTR', 'QXO', 'NAVN', 'BHVN', 'RELY', 'BBOT', 'RWT', 'MPT', 'HLNE', 'CCAP', 'FTW', 'CLB', '5282.T', 'CG', 'BX', 'KKR', 'ARES', 'BAM', 'INIO', 'INFY', 'SYM', 'RPC', 'NKE', 'VOR', 'SFIX', 'FICO', 'CATX', 'STRL', 'HE', 'BKSY', 'CVV']
[deck_writer] backfill: 0 courted name(s) without a deck: []
[court_runner] 2026-09-12T13:02:18Z
  AWAITING ADJUDICATION (session job — pitch doc + verdict + wiring): ['OWL', 'ALTI', 'CLPT', 'NIO', 'NAMSW', 'VELO', 'ARL', 'IMRX', 'BIDU', 'HBNB', 'DYN', 'SGML', 'STDN', 'EVCM', 'DSGX', 'BBWI', 'CIM-PA', 'TTAN', 'TBBK', 'TYRA', 'MMYT', 'CASY', 'XPEV', 'SOFI', 'RKT', 'CIEN', 'CPNG', 'STLA', 'LI', 'HDB', 'FN', 'CHTR', 'QXO', 'NAVN', 'BHVN', 'RELY', 'BBOT', 'RWT', 'MPT', 'HLNE', 'CCAP', 'FTW', 'CLB', '5282.T', 'CG', 'BX', 'KKR', 'ARES', 'BAM', 'INIO', 'INFY', 'SYM', 'RPC', 'NKE', 'VOR', 'SFIX', 'FICO', 'CATX', 'STRL', 'HE', 'BKSY', 'CVV']
[deck_writer] backfill: 0 courted name(s) without a deck: []
[court_runner] 2026-09-12T13:32:18Z
  AWAITING ADJUDICATION (session job — pitch doc + verdict + wiring): ['OWL', 'ALTI', 'CLPT', 'NIO', 'NAMSW', 'VELO', 'ARL', 'IMRX', 'BIDU', 'HBNB', 'DYN', 'SGML', 'STDN', 'EVCM', 'DSGX', 'BBWI', 'CIM-PA', 'TTAN', 'TBBK', 'TYRA', 'MMYT', 'CASY', 'XPEV', 'SOFI', 'RKT', 'CIEN', 'CPNG', 'STLA', 'LI', 'HDB', 'FN', 'CHTR', 'QXO', 'NAVN', 'BHVN', 'RELY', 'BBOT', 'RWT', 'MPT', 'HLNE', 'CCAP', 'FTW', 'CLB', '5282.T', 'CG', 'BX', 'KKR', 'ARES', 'BAM', 'INIO', 'INFY', 'SYM', 'RPC', 'NKE', 'VOR', 'SFIX', 'FICO', 'CATX', 'STRL', 'HE', 'BKSY', 'CVV']
[deck_writer] backfill: 0 courted name(s) without a deck: []
[court_runner] 2026-09-12T14:02:18Z
  AWAITING ADJUDICATION (session job — pitch doc + verdict + wiring): ['OWL', 'ALTI', 'CLPT', 'NIO', 'NAMSW', 'VELO', 'ARL', 'IMRX', 'BIDU', 'HBNB', 'DYN', 'SGML', 'STDN', 'EVCM', 'DSGX', 'BBWI', 'CIM-PA', 'TTAN', 'TBBK', 'TYRA', 'MMYT', 'CASY', 'XPEV', 'SOFI', 'RKT', 'CIEN', 'CPNG', 'STLA', 'LI', 'HDB', 'FN', 'CHTR', 'QXO', 'NAVN', 'BHVN', 'RELY', 'BBOT', 'RWT', 'MPT', 'HLNE', 'CCAP', 'FTW', 'CLB', '5282.T', 'CG', 'BX', 'KKR', 'ARES', 'BAM', 'INIO', 'INFY', 'SYM', 'RPC', 'NKE', 'VOR', 'SFIX', 'FICO', 'CATX', 'STRL', 'HE', 'BKSY', 'CVV']
[deck_writer] backfill: 0 courted name(s) without a deck: []
[court_runner] 2026-09-12T14:32:19Z
  AWAITING ADJUDICATION (session job — pitch doc + verdict + wiring): ['OWL', 'ALTI', 'CLPT', 'NIO', 'NAMSW', 'VELO', 'ARL', 'IMRX', 'BIDU', 'HBNB', 'DYN', 'SGML', 'STDN', 'EVCM', 'DSGX', 'BBWI', 'CIM-PA', 'TTAN', 'TBBK', 'TYRA', 'MMYT', 'CASY', 'XPEV', 'SOFI', 'RKT', 'CIEN', 'CPNG', 'STLA', 'LI', 'HDB', 'FN', 'CHTR', 'QXO', 'NAVN', 'BHVN', 'RELY', 'BBOT', 'RWT', 'MPT', 'HLNE', 'CCAP', 'FTW', 'CLB', '5282.T', 'CG', 'BX', 'KKR', 'ARES', 'BAM', 'INIO', 'INFY', 'SYM', 'RPC', 'NKE', 'VOR', 'SFIX', 'FICO', 'CATX', 'STRL', 'HE', 'BKSY', 'CVV']
[deck_writer] backfill: 0 courted name(s) without a deck: []
[court_runner] 2026-09-12T15:02:19Z
  AWAITING ADJUDICATION (session job — pitch doc + verdict + wiring): ['OWL', 'ALTI', 'CLPT', 'NIO', 'NAMSW', 'VELO', 'ARL', 'IMRX', 'BIDU', 'HBNB', 'DYN', 'SGML', 'STDN', 'EVCM', 'DSGX', 'BBWI', 'CIM-PA', 'TTAN', 'TBBK', 'TYRA', 'MMYT', 'CASY', 'XPEV', 'SOFI', 'RKT', 'CIEN', 'CPNG', 'STLA', 'LI', 'HDB', 'FN', 'CHTR', 'QXO', 'NAVN', 'BHVN', 'RELY', 'BBOT', 'RWT', 'MPT', 'HLNE', 'CCAP', 'FTW', 'CLB', '5282.T', 'CG', 'BX', 'KKR', 'ARES', 'BAM', 'INIO', 'INFY', 'SYM', 'RPC', 'NKE', 'VOR', 'SFIX', 'FICO', 'CATX', 'STRL', 'HE', 'BKSY', 'CVV']
[deck_writer] backfill: 0 courted name(s) without a deck: []
[court_runner] 2026-09-12T15:32:19Z
  AWAITING ADJUDICATION (session job — pitch doc + verdict + wiring): ['OWL', 'ALTI', 'CLPT', 'NIO', 'NAMSW', 'VELO', 'ARL', 'IMRX', 'BIDU', 'HBNB', 'DYN', 'SGML', 'STDN', 'EVCM', 'DSGX', 'BBWI', 'CIM-PA', 'TTAN', 'TBBK', 'TYRA', 'MMYT', 'CASY', 'XPEV', 'SOFI', 'RKT', 'CIEN', 'CPNG', 'STLA', 'LI', 'HDB', 'FN', 'CHTR', 'QXO', 'NAVN', 'BHVN', 'RELY', 'BBOT', 'RWT', 'MPT', 'HLNE', 'CCAP', 'FTW', 'CLB', '5282.T', 'CG', 'BX', 'KKR', 'ARES', 'BAM', 'INIO', 'INFY', 'SYM', 'RPC', 'NKE', 'VOR', 'SFIX', 'FICO', 'CATX', 'STRL', 'HE', 'BKSY', 'CVV']
[deck_writer] backfill: 0 courted name(s) without a deck: []
[court_runner] 2026-09-12T16:02:20Z
  AWAITING ADJUDICATION (session job — pitch doc + verdict + wiring): ['OWL', 'ALTI', 'CLPT', 'NIO', 'NAMSW', 'VELO', 'ARL', 'IMRX', 'BIDU', 'HBNB', 'DYN', 'SGML', 'STDN', 'EVCM', 'DSGX', 'BBWI', 'CIM-PA', 'TTAN', 'TBBK', 'TYRA', 'MMYT', 'CASY', 'XPEV', 'SOFI', 'RKT', 'CIEN', 'CPNG', 'STLA', 'LI', 'HDB', 'FN', 'CHTR', 'QXO', 'NAVN', 'BHVN', 'RELY', 'BBOT', 'RWT', 'MPT', 'HLNE', 'CCAP', 'FTW', 'CLB', '5282.T', 'CG', 'BX', 'KKR', 'ARES', 'BAM', 'INIO', 'INFY', 'SYM', 'RPC', 'NKE', 'VOR', 'SFIX', 'FICO', 'CATX', 'STRL', 'HE', 'BKSY', 'CVV']
[deck_writer] backfill: 0 courted name(s) without a deck: []
[court_runner] 2026-09-12T16:32:20Z
  AWAITING ADJUDICATION (session job — pitch doc + verdict + wiring): ['OWL', 'ALTI', 'CLPT', 'NIO', 'NAMSW', 'VELO', 'ARL', 'IMRX', 'BIDU', 'HBNB', 'DYN', 'SGML', 'STDN', 'EVCM', 'DSGX', 'BBWI', 'CIM-PA', 'TTAN', 'TBBK', 'TYRA', 'MMYT', 'CASY', 'XPEV', 'SOFI', 'RKT', 'CIEN', 'CPNG', 'STLA', 'LI', 'HDB', 'FN', 'CHTR', 'QXO', 'NAVN', 'BHVN', 'RELY', 'BBOT', 'RWT', 'MPT', 'HLNE', 'CCAP', 'FTW', 'CLB', '5282.T', 'CG', 'BX', 'KKR', 'ARES', 'BAM', 'INIO', 'INFY', 'SYM', 'RPC', 'NKE', 'VOR', 'SFIX', 'FICO', 'CATX', 'STRL', 'HE', 'BKSY', 'CVV']
[deck_writer] backfill: 0 courted name(s) without a deck: []
[court_runner] 2026-09-13T01:42:24Z
  AWAITING ADJUDICATION (session job — pitch doc + verdict + wiring): ['OWL', 'ALTI', 'CLPT', 'NIO', 'NAMSW', 'VELO', 'ARL', 'IMRX', 'BIDU', 'HBNB', 'DYN', 'SGML', 'STDN', 'EVCM', 'DSGX', 'BBWI', 'CIM-PA', 'TTAN', 'TBBK', 'TYRA', 'MMYT', 'CASY', 'XPEV', 'SOFI', 'RKT', 'CIEN', 'CPNG', 'STLA', 'LI', 'HDB', 'FN', 'CHTR', 'QXO', 'NAVN', 'BHVN', 'RELY', 'BBOT', 'RWT', 'MPT', 'HLNE', 'CCAP', 'FTW', 'CLB', '5282.T', 'CG', 'BX', 'KKR', 'ARES', 'BAM', 'INIO', 'INFY', 'SYM', 'RPC', 'NKE', 'VOR', 'SFIX', 'FICO', 'CATX', 'STRL', 'HE', 'BKSY', 'CVV']
[deck_writer] backfill: 0 courted name(s) without a deck: []
[court_runner] 2026-09-13T02:12:24Z
  AWAITING ADJUDICATION (session job — pitch doc + verdict + wiring): ['OWL', 'ALTI', 'CLPT', 'NIO', 'NAMSW', 'VELO', 'ARL', 'IMRX', 'BIDU', 'HBNB', 'DYN', 'SGML', 'STDN', 'EVCM', 'DSGX', 'BBWI', 'CIM-PA', 'TTAN', 'TBBK', 'TYRA', 'MMYT', 'CASY', 'XPEV', 'SOFI', 'RKT', 'CIEN', 'CPNG', 'STLA', 'LI', 'HDB', 'FN', 'CHTR', 'QXO', 'NAVN', 'BHVN', 'RELY', 'BBOT', 'RWT', 'MPT', 'HLNE', 'CCAP', 'FTW', 'CLB', '5282.T', 'CG', 'BX', 'KKR', 'ARES', 'BAM', 'INIO', 'INFY', 'SYM', 'RPC', 'NKE', 'VOR', 'SFIX', 'FICO', 'CATX', 'STRL', 'HE', 'BKSY', 'CVV']
[deck_writer] backfill: 0 courted name(s) without a deck: []
[court_runner] 2026-09-13T02:42:24Z
  AWAITING ADJUDICATION (session job — pitch doc + verdict + wiring): ['OWL', 'ALTI', 'CLPT', 'NIO', 'NAMSW', 'VELO', 'ARL', 'IMRX', 'BIDU', 'HBNB', 'DYN', 'SGML', 'STDN', 'EVCM', 'DSGX', 'BBWI', 'CIM-PA', 'TTAN', 'TBBK', 'TYRA', 'MMYT', 'CASY', 'XPEV', 'SOFI', 'RKT', 'CIEN', 'CPNG', 'STLA', 'LI', 'HDB', 'FN', 'CHTR', 'QXO', 'NAVN', 'BHVN', 'RELY', 'BBOT', 'RWT', 'MPT', 'HLNE', 'CCAP', 'FTW', 'CLB', '5282.T', 'CG', 'BX', 'KKR', 'ARES', 'BAM', 'INIO', 'INFY', 'SYM', 'RPC', 'NKE', 'VOR', 'SFIX', 'FICO', 'CATX', 'STRL', 'HE', 'BKSY', 'CVV']
[deck_writer] backfill: 0 courted name(s) without a deck: []
[court_runner] 2026-09-13T03:12:25Z
  AWAITING ADJUDICATION (session job — pitch doc + verdict + wiring): ['OWL', 'ALTI', 'CLPT', 'NIO', 'NAMSW', 'VELO', 'ARL', 'IMRX', 'BIDU', 'HBNB', 'DYN', 'SGML', 'STDN', 'EVCM', 'DSGX', 'BBWI', 'CIM-PA', 'TTAN', 'TBBK', 'TYRA', 'MMYT', 'CASY', 'XPEV', 'SOFI', 'RKT', 'CIEN', 'CPNG', 'STLA', 'LI', 'HDB', 'FN', 'CHTR', 'QXO', 'NAVN', 'BHVN', 'RELY', 'BBOT', 'RWT', 'MPT', 'HLNE', 'CCAP', 'FTW', 'CLB', '5282.T', 'CG', 'BX', 'KKR', 'ARES', 'BAM', 'INIO', 'INFY', 'SYM', 'RPC', 'NKE', 'VOR', 'SFIX', 'FICO', 'CATX', 'STRL', 'HE', 'BKSY', 'CVV']
[deck_writer] backfill: 0 courted name(s) without a deck: []
[court_runner] 2026-09-13T03:42:25Z
  AWAITING ADJUDICATION (session job — pitch doc + verdict + wiring): ['OWL', 'ALTI', 'CLPT', 'NIO', 'NAMSW', 'VELO', 'ARL', 'IMRX', 'BIDU', 'HBNB', 'DYN', 'SGML', 'STDN', 'EVCM', 'DSGX', 'BBWI', 'CIM-PA', 'TTAN', 'TBBK', 'TYRA', 'MMYT', 'CASY', 'XPEV', 'SOFI', 'RKT', 'CIEN', 'CPNG', 'STLA', 'LI', 'HDB', 'FN', 'CHTR', 'QXO', 'NAVN', 'BHVN', 'RELY', 'BBOT', 'RWT', 'MPT', 'HLNE', 'CCAP', 'FTW', 'CLB', '5282.T', 'CG', 'BX', 'KKR', 'ARES', 'BAM', 'INIO', 'INFY', 'SYM', 'RPC', 'NKE', 'VOR', 'SFIX', 'FICO', 'CATX', 'STRL', 'HE', 'BKSY', 'CVV']
[deck_writer] backfill: 0 courted name(s) without a deck: []
[court_runner] 2026-09-13T04:12:25Z
  AWAITING ADJUDICATION (session job — pitch doc + verdict + wiring): ['OWL', 'ALTI', 'CLPT', 'NIO', 'NAMSW', 'VELO', 'ARL', 'IMRX', 'BIDU', 'HBNB', 'DYN', 'SGML', 'STDN', 'EVCM', 'DSGX', 'BBWI', 'CIM-PA', 'TTAN', 'TBBK', 'TYRA', 'MMYT', 'CASY', 'XPEV', 'SOFI', 'RKT', 'CIEN', 'CPNG', 'STLA', 'LI', 'HDB', 'FN', 'CHTR', 'QXO', 'NAVN', 'BHVN', 'RELY', 'BBOT', 'RWT', 'MPT', 'HLNE', 'CCAP', 'FTW', 'CLB', '5282.T', 'CG', 'BX', 'KKR', 'ARES', 'BAM', 'INIO', 'INFY', 'SYM', 'RPC', 'NKE', 'VOR', 'SFIX', 'FICO', 'CATX', 'STRL', 'HE', 'BKSY', 'CVV']
[deck_writer] backfill: 0 courted name(s) without a deck: []
[court_runner] 2026-09-13T04:42:26Z
  AWAITING ADJUDICATION (session job — pitch doc + verdict + wiring): ['OWL', 'ALTI', 'CLPT', 'NIO', 'NAMSW', 'VELO', 'ARL', 'IMRX', 'BIDU', 'HBNB', 'DYN', 'SGML', 'STDN', 'EVCM', 'DSGX', 'BBWI', 'CIM-PA', 'TTAN', 'TBBK', 'TYRA', 'MMYT', 'CASY', 'XPEV', 'SOFI', 'RKT', 'CIEN', 'CPNG', 'STLA', 'LI', 'HDB', 'FN', 'CHTR', 'QXO', 'NAVN', 'BHVN', 'RELY', 'BBOT', 'RWT', 'MPT', 'HLNE', 'CCAP', 'FTW', 'CLB', '5282.T', 'CG', 'BX', 'KKR', 'ARES', 'BAM', 'INIO', 'INFY', 'SYM', 'RPC', 'NKE', 'VOR', 'SFIX', 'FICO', 'CATX', 'STRL', 'HE', 'BKSY', 'CVV']
[deck_writer] backfill: 0 courted name(s) without a deck: []
[court_runner] 2026-09-13T05:12:26Z
  AWAITING ADJUDICATION (session job — pitch doc + verdict + wiring): ['OWL', 'ALTI', 'CLPT', 'NIO', 'NAMSW', 'VELO', 'ARL', 'IMRX', 'BIDU', 'HBNB', 'DYN', 'SGML', 'STDN', 'EVCM', 'DSGX', 'BBWI', 'CIM-PA', 'TTAN', 'TBBK', 'TYRA', 'MMYT', 'CASY', 'XPEV', 'SOFI', 'RKT', 'CIEN', 'CPNG', 'STLA', 'LI', 'HDB', 'FN', 'CHTR', 'QXO', 'NAVN', 'BHVN', 'RELY', 'BBOT', 'RWT', 'MPT', 'HLNE', 'CCAP', 'FTW', 'CLB', '5282.T', 'CG', 'BX', 'KKR', 'ARES', 'BAM', 'INIO', 'INFY', 'SYM', 'RPC', 'NKE', 'VOR', 'SFIX', 'FICO', 'CATX', 'STRL', 'HE', 'BKSY', 'CVV']
[deck_writer] backfill: 0 courted name(s) without a deck: []
[court_runner] 2026-09-13T05:42:26Z
  AWAITING ADJUDICATION (session job — pitch doc + verdict + wiring): ['OWL', 'ALTI', 'CLPT', 'NIO', 'NAMSW', 'VELO', 'ARL', 'IMRX', 'BIDU', 'HBNB', 'DYN', 'SGML', 'STDN', 'EVCM', 'DSGX', 'BBWI', 'CIM-PA', 'TTAN', 'TBBK', 'TYRA', 'MMYT', 'CASY', 'XPEV', 'SOFI', 'RKT', 'CIEN', 'CPNG', 'STLA', 'LI', 'HDB', 'FN', 'CHTR', 'QXO', 'NAVN', 'BHVN', 'RELY', 'BBOT', 'RWT', 'MPT', 'HLNE', 'CCAP', 'FTW', 'CLB', '5282.T', 'CG', 'BX', 'KKR', 'ARES', 'BAM', 'INIO', 'INFY', 'SYM', 'RPC', 'NKE', 'VOR', 'SFIX', 'FICO', 'CATX', 'STRL', 'HE', 'BKSY', 'CVV']
[deck_writer] backfill: 0 courted name(s) without a deck: []
[court_runner] 2026-09-13T06:12:27Z
  AWAITING ADJUDICATION (session job — pitch doc + verdict + wiring): ['OWL', 'ALTI', 'CLPT', 'NIO', 'NAMSW', 'VELO', 'ARL', 'IMRX', 'BIDU', 'HBNB', 'DYN', 'SGML', 'STDN', 'EVCM', 'DSGX', 'BBWI', 'CIM-PA', 'TTAN', 'TBBK', 'TYRA', 'MMYT', 'CASY', 'XPEV', 'SOFI', 'RKT', 'CIEN', 'CPNG', 'STLA', 'LI', 'HDB', 'FN', 'CHTR', 'QXO', 'NAVN', 'BHVN', 'RELY', 'BBOT', 'RWT', 'MPT', 'HLNE', 'CCAP', 'FTW', 'CLB', '5282.T', 'CG', 'BX', 'KKR', 'ARES', 'BAM', 'INIO', 'INFY', 'SYM', 'RPC', 'NKE', 'VOR', 'SFIX', 'FICO', 'CATX', 'STRL', 'HE', 'BKSY', 'CVV']
[deck_writer] backfill: 0 courted name(s) without a deck: []
[court_runner] 2026-09-13T06:42:27Z
  AWAITING ADJUDICATION (session job — pitch doc + verdict + wiring): ['OWL', 'ALTI', 'CLPT', 'NIO', 'NAMSW', 'VELO', 'ARL', 'IMRX', 'BIDU', 'HBNB', 'DYN', 'SGML', 'STDN', 'EVCM', 'DSGX', 'BBWI', 'CIM-PA', 'TTAN', 'TBBK', 'TYRA', 'MMYT', 'CASY', 'XPEV', 'SOFI', 'RKT', 'CIEN', 'CPNG', 'STLA', 'LI', 'HDB', 'FN', 'CHTR', 'QXO', 'NAVN', 'BHVN', 'RELY', 'BBOT', 'RWT', 'MPT', 'HLNE', 'CCAP', 'FTW', 'CLB', '5282.T', 'CG', 'BX', 'KKR', 'ARES', 'BAM', 'INIO', 'INFY', 'SYM', 'RPC', 'NKE', 'VOR', 'SFIX', 'FICO', 'CATX', 'STRL', 'HE', 'BKSY', 'CVV']
[deck_writer] backfill: 0 courted name(s) without a deck: []
[court_runner] 2026-09-13T07:12:27Z
  AWAITING ADJUDICATION (session job — pitch doc + verdict + wiring): ['OWL', 'ALTI', 'CLPT', 'NIO', 'NAMSW', 'VELO', 'ARL', 'IMRX', 'BIDU', 'HBNB', 'DYN', 'SGML', 'STDN', 'EVCM', 'DSGX', 'BBWI', 'CIM-PA', 'TTAN', 'TBBK', 'TYRA', 'MMYT', 'CASY', 'XPEV', 'SOFI', 'RKT', 'CIEN', 'CPNG', 'STLA', 'LI', 'HDB', 'FN', 'CHTR', 'QXO', 'NAVN', 'BHVN', 'RELY', 'BBOT', 'RWT', 'MPT', 'HLNE', 'CCAP', 'FTW', 'CLB', '5282.T', 'CG', 'BX', 'KKR', 'ARES', 'BAM', 'INIO', 'INFY', 'SYM', 'RPC', 'NKE', 'VOR', 'SFIX', 'FICO', 'CATX', 'STRL', 'HE', 'BKSY', 'CVV']
[deck_writer] backfill: 0 courted name(s) without a deck: []
[court_runner] 2026-09-13T07:42:28Z
  AWAITING ADJUDICATION (session job — pitch doc + verdict + wiring): ['OWL', 'ALTI', 'CLPT', 'NIO', 'NAMSW', 'VELO', 'ARL', 'IMRX', 'BIDU', 'HBNB', 'DYN', 'SGML', 'STDN', 'EVCM', 'DSGX', 'BBWI', 'CIM-PA', 'TTAN', 'TBBK', 'TYRA', 'MMYT', 'CASY', 'XPEV', 'SOFI', 'RKT', 'CIEN', 'CPNG', 'STLA', 'LI', 'HDB', 'FN', 'CHTR', 'QXO', 'NAVN', 'BHVN', 'RELY', 'BBOT', 'RWT', 'MPT', 'HLNE', 'CCAP', 'FTW', 'CLB', '5282.T', 'CG', 'BX', 'KKR', 'ARES', 'BAM', 'INIO', 'INFY', 'SYM', 'RPC', 'NKE', 'VOR', 'SFIX', 'FICO', 'CATX', 'STRL', 'HE', 'BKSY', 'CVV']
[deck_writer] backfill: 0 courted name(s) without a deck: []
[court_runner] 2026-09-13T08:12:28Z
  AWAITING ADJUDICATION (session job — pitch doc + verdict + wiring): ['OWL', 'ALTI', 'CLPT', 'NIO', 'NAMSW', 'VELO', 'ARL', 'IMRX', 'BIDU', 'HBNB', 'DYN', 'SGML', 'STDN', 'EVCM', 'DSGX', 'BBWI', 'CIM-PA', 'TTAN', 'TBBK', 'TYRA', 'MMYT', 'CASY', 'XPEV', 'SOFI', 'RKT', 'CIEN', 'CPNG', 'STLA', 'LI', 'HDB', 'FN', 'CHTR', 'QXO', 'NAVN', 'BHVN', 'RELY', 'BBOT', 'RWT', 'MPT', 'HLNE', 'CCAP', 'FTW', 'CLB', '5282.T', 'CG', 'BX', 'KKR', 'ARES', 'BAM', 'INIO', 'INFY', 'SYM', 'RPC', 'NKE', 'VOR', 'SFIX', 'FICO', 'CATX', 'STRL', 'HE', 'BKSY', 'CVV']
[deck_writer] backfill: 0 courted name(s) without a deck: []
[court_runner] 2026-09-13T08:42:28Z
  AWAITING ADJUDICATION (session job — pitch doc + verdict + wiring): ['OWL', 'ALTI', 'CLPT', 'NIO', 'NAMSW', 'VELO', 'ARL', 'IMRX', 'BIDU', 'HBNB', 'DYN', 'SGML', 'STDN', 'EVCM', 'DSGX', 'BBWI', 'CIM-PA', 'TTAN', 'TBBK', 'TYRA', 'MMYT', 'CASY', 'XPEV', 'SOFI', 'RKT', 'CIEN', 'CPNG', 'STLA', 'LI', 'HDB', 'FN', 'CHTR', 'QXO', 'NAVN', 'BHVN', 'RELY', 'BBOT', 'RWT', 'MPT', 'HLNE', 'CCAP', 'FTW', 'CLB', '5282.T', 'CG', 'BX', 'KKR', 'ARES', 'BAM', 'INIO', 'INFY', 'SYM', 'RPC', 'NKE', 'VOR', 'SFIX', 'FICO', 'CATX', 'STRL', 'HE', 'BKSY', 'CVV']
[deck_writer] backfill: 0 courted name(s) without a deck: []
[court_runner] 2026-09-13T09:12:29Z
  AWAITING ADJUDICATION (session job — pitch doc + verdict + wiring): ['OWL', 'ALTI', 'CLPT', 'NIO', 'NAMSW', 'VELO', 'ARL', 'IMRX', 'BIDU', 'HBNB', 'DYN', 'SGML', 'STDN', 'EVCM', 'DSGX', 'BBWI', 'CIM-PA', 'TTAN', 'TBBK', 'TYRA', 'MMYT', 'CASY', 'XPEV', 'SOFI', 'RKT', 'CIEN', 'CPNG', 'STLA', 'LI', 'HDB', 'FN', 'CHTR', 'QXO', 'NAVN', 'BHVN', 'RELY', 'BBOT', 'RWT', 'MPT', 'HLNE', 'CCAP', 'FTW', 'CLB', '5282.T', 'CG', 'BX', 'KKR', 'ARES', 'BAM', 'INIO', 'INFY', 'SYM', 'RPC', 'NKE', 'VOR', 'SFIX', 'FICO', 'CATX', 'STRL', 'HE', 'BKSY', 'CVV']
[deck_writer] backfill: 0 courted name(s) without a deck: []
[court_runner] 2026-09-13T09:42:29Z
  AWAITING ADJUDICATION (session job — pitch doc + verdict + wiring): ['OWL', 'ALTI', 'CLPT', 'NIO', 'NAMSW', 'VELO', 'ARL', 'IMRX', 'BIDU', 'HBNB', 'DYN', 'SGML', 'STDN', 'EVCM', 'DSGX', 'BBWI', 'CIM-PA', 'TTAN', 'TBBK', 'TYRA', 'MMYT', 'CASY', 'XPEV', 'SOFI', 'RKT', 'CIEN', 'CPNG', 'STLA', 'LI', 'HDB', 'FN', 'CHTR', 'QXO', 'NAVN', 'BHVN', 'RELY', 'BBOT', 'RWT', 'MPT', 'HLNE', 'CCAP', 'FTW', 'CLB', '5282.T', 'CG', 'BX', 'KKR', 'ARES', 'BAM', 'INIO', 'INFY', 'SYM', 'RPC', 'NKE', 'VOR', 'SFIX', 'FICO', 'CATX', 'STRL', 'HE', 'BKSY', 'CVV']
[deck_writer] backfill: 0 courted name(s) without a deck: []
[court_runner] 2026-09-13T10:12:29Z
  AWAITING ADJUDICATION (session job — pitch doc + verdict + wiring): ['OWL', 'ALTI', 'CLPT', 'NIO', 'NAMSW', 'VELO', 'ARL', 'IMRX', 'BIDU', 'HBNB', 'DYN', 'SGML', 'STDN', 'EVCM', 'DSGX', 'BBWI', 'CIM-PA', 'TTAN', 'TBBK', 'TYRA', 'MMYT', 'CASY', 'XPEV', 'SOFI', 'RKT', 'CIEN', 'CPNG', 'STLA', 'LI', 'HDB', 'FN', 'CHTR', 'QXO', 'NAVN', 'BHVN', 'RELY', 'BBOT', 'RWT', 'MPT', 'HLNE', 'CCAP', 'FTW', 'CLB', '5282.T', 'CG', 'BX', 'KKR', 'ARES', 'BAM', 'INIO', 'INFY', 'SYM', 'RPC', 'NKE', 'VOR', 'SFIX', 'FICO', 'CATX', 'STRL', 'HE', 'BKSY', 'CVV']
[deck_writer] backfill: 0 courted name(s) without a deck: []
[court_runner] 2026-09-13T10:42:30Z
  AWAITING ADJUDICATION (session job — pitch doc + verdict + wiring): ['OWL', 'ALTI', 'CLPT', 'NIO', 'NAMSW', 'VELO', 'ARL', 'IMRX', 'BIDU', 'HBNB', 'DYN', 'SGML', 'STDN', 'EVCM', 'DSGX', 'BBWI', 'CIM-PA', 'TTAN', 'TBBK', 'TYRA', 'MMYT', 'CASY', 'XPEV', 'SOFI', 'RKT', 'CIEN', 'CPNG', 'STLA', 'LI', 'HDB', 'FN', 'CHTR', 'QXO', 'NAVN', 'BHVN', 'RELY', 'BBOT', 'RWT', 'MPT', 'HLNE', 'CCAP', 'FTW', 'CLB', '5282.T', 'CG', 'BX', 'KKR', 'ARES', 'BAM', 'INIO', 'INFY', 'SYM', 'RPC', 'NKE', 'VOR', 'SFIX', 'FICO', 'CATX', 'STRL', 'HE', 'BKSY', 'CVV']
[deck_writer] backfill: 0 courted name(s) without a deck: []
[court_runner] 2026-09-13T11:12:30Z
  AWAITING ADJUDICATION (session job — pitch doc + verdict + wiring): ['OWL', 'ALTI', 'CLPT', 'NIO', 'NAMSW', 'VELO', 'ARL', 'IMRX', 'BIDU', 'HBNB', 'DYN', 'SGML', 'STDN', 'EVCM', 'DSGX', 'BBWI', 'CIM-PA', 'TTAN', 'TBBK', 'TYRA', 'MMYT', 'CASY', 'XPEV', 'SOFI', 'RKT', 'CIEN', 'CPNG', 'STLA', 'LI', 'HDB', 'FN', 'CHTR', 'QXO', 'NAVN', 'BHVN', 'RELY', 'BBOT', 'RWT', 'MPT', 'HLNE', 'CCAP', 'FTW', 'CLB', '5282.T', 'CG', 'BX', 'KKR', 'ARES', 'BAM', 'INIO', 'INFY', 'SYM', 'RPC', 'NKE', 'VOR', 'SFIX', 'FICO', 'CATX', 'STRL', 'HE', 'BKSY', 'CVV']
[deck_writer] backfill: 0 courted name(s) without a deck: []
[court_runner] 2026-09-13T11:42:30Z
  AWAITING ADJUDICATION (session job — pitch doc + verdict + wiring): ['OWL', 'ALTI', 'CLPT', 'NIO', 'NAMSW', 'VELO', 'ARL', 'IMRX', 'BIDU', 'HBNB', 'DYN', 'SGML', 'STDN', 'EVCM', 'DSGX', 'BBWI', 'CIM-PA', 'TTAN', 'TBBK', 'TYRA', 'MMYT', 'CASY', 'XPEV', 'SOFI', 'RKT', 'CIEN', 'CPNG', 'STLA', 'LI', 'HDB', 'FN', 'CHTR', 'QXO', 'NAVN', 'BHVN', 'RELY', 'BBOT', 'RWT', 'MPT', 'HLNE', 'CCAP', 'FTW', 'CLB', '5282.T', 'CG', 'BX', 'KKR', 'ARES', 'BAM', 'INIO', 'INFY', 'SYM', 'RPC', 'NKE', 'VOR', 'SFIX', 'FICO', 'CATX', 'STRL', 'HE', 'BKSY', 'CVV']
[deck_writer] backfill: 0 courted name(s) without a deck: []
[court_runner] 2026-09-13T12:12:31Z
  AWAITING ADJUDICATION (session job — pitch doc + verdict + wiring): ['OWL', 'ALTI', 'CLPT', 'NIO', 'NAMSW', 'VELO', 'ARL', 'IMRX', 'BIDU', 'HBNB', 'DYN', 'SGML', 'STDN', 'EVCM', 'DSGX', 'BBWI', 'CIM-PA', 'TTAN', 'TBBK', 'TYRA', 'MMYT', 'CASY', 'XPEV', 'SOFI', 'RKT', 'CIEN', 'CPNG', 'STLA', 'LI', 'HDB', 'FN', 'CHTR', 'QXO', 'NAVN', 'BHVN', 'RELY', 'BBOT', 'RWT', 'MPT', 'HLNE', 'CCAP', 'FTW', 'CLB', '5282.T', 'CG', 'BX', 'KKR', 'ARES', 'BAM', 'INIO', 'INFY', 'SYM', 'RPC', 'NKE', 'VOR', 'SFIX', 'FICO', 'CATX', 'STRL', 'HE', 'BKSY', 'CVV']
[deck_writer] backfill: 0 courted name(s) without a deck: []
[court_runner] 2026-09-13T12:42:31Z
  AWAITING ADJUDICATION (session job — pitch doc + verdict + wiring): ['OWL', 'ALTI', 'CLPT', 'NIO', 'NAMSW', 'VELO', 'ARL', 'IMRX', 'BIDU', 'HBNB', 'DYN', 'SGML', 'STDN', 'EVCM', 'DSGX', 'BBWI', 'CIM-PA', 'TTAN', 'TBBK', 'TYRA', 'MMYT', 'CASY', 'XPEV', 'SOFI', 'RKT', 'CIEN', 'CPNG', 'STLA', 'LI', 'HDB', 'FN', 'CHTR', 'QXO', 'NAVN', 'BHVN', 'RELY', 'BBOT', 'RWT', 'MPT', 'HLNE', 'CCAP', 'FTW', 'CLB', '5282.T', 'CG', 'BX', 'KKR', 'ARES', 'BAM', 'INIO', 'INFY', 'SYM', 'RPC', 'NKE', 'VOR', 'SFIX', 'FICO', 'CATX', 'STRL', 'HE', 'BKSY', 'CVV']
[deck_writer] backfill: 0 courted name(s) without a deck: []
[court_runner] 2026-09-13T13:12:31Z
  AWAITING ADJUDICATION (session job — pitch doc + verdict + wiring): ['OWL', 'ALTI', 'CLPT', 'NIO', 'NAMSW', 'VELO', 'ARL', 'IMRX', 'BIDU', 'HBNB', 'DYN', 'SGML', 'STDN', 'EVCM', 'DSGX', 'BBWI', 'CIM-PA', 'TTAN', 'TBBK', 'TYRA', 'MMYT', 'CASY', 'XPEV', 'SOFI', 'RKT', 'CIEN', 'CPNG', 'STLA', 'LI', 'HDB', 'FN', 'CHTR', 'QXO', 'NAVN', 'BHVN', 'RELY', 'BBOT', 'RWT', 'MPT', 'HLNE', 'CCAP', 'FTW', 'CLB', '5282.T', 'CG', 'BX', 'KKR', 'ARES', 'BAM', 'INIO', 'INFY', 'SYM', 'RPC', 'NKE', 'VOR', 'SFIX', 'FICO', 'CATX', 'STRL', 'HE', 'BKSY', 'CVV']
[deck_writer] backfill: 0 courted name(s) without a deck: []
[court_runner] 2026-09-13T13:42:31Z
  AWAITING ADJUDICATION (session job — pitch doc + verdict + wiring): ['OWL', 'ALTI', 'CLPT', 'NIO', 'NAMSW', 'VELO', 'ARL', 'IMRX', 'BIDU', 'HBNB', 'DYN', 'SGML', 'STDN', 'EVCM', 'DSGX', 'BBWI', 'CIM-PA', 'TTAN', 'TBBK', 'TYRA', 'MMYT', 'CASY', 'XPEV', 'SOFI', 'RKT', 'CIEN', 'CPNG', 'STLA', 'LI', 'HDB', 'FN', 'CHTR', 'QXO', 'NAVN', 'BHVN', 'RELY', 'BBOT', 'RWT', 'MPT', 'HLNE', 'CCAP', 'FTW', 'CLB', '5282.T', 'CG', 'BX', 'KKR', 'ARES', 'BAM', 'INIO', 'INFY', 'SYM', 'RPC', 'NKE', 'VOR', 'SFIX', 'FICO', 'CATX', 'STRL', 'HE', 'BKSY', 'CVV']
[deck_writer] backfill: 0 courted name(s) without a deck: []
[court_runner] 2026-09-13T14:12:32Z
  AWAITING ADJUDICATION (session job — pitch doc + verdict + wiring): ['OWL', 'ALTI', 'CLPT', 'NIO', 'NAMSW', 'VELO', 'ARL', 'IMRX', 'BIDU', 'HBNB', 'DYN', 'SGML', 'STDN', 'EVCM', 'DSGX', 'BBWI', 'CIM-PA', 'TTAN', 'TBBK', 'TYRA', 'MMYT', 'CASY', 'XPEV', 'SOFI', 'RKT', 'CIEN', 'CPNG', 'STLA', 'LI', 'HDB', 'FN', 'CHTR', 'QXO', 'NAVN', 'BHVN', 'RELY', 'BBOT', 'RWT', 'MPT', 'HLNE', 'CCAP', 'FTW', 'CLB', '5282.T', 'CG', 'BX', 'KKR', 'ARES', 'BAM', 'INIO', 'INFY', 'SYM', 'RPC', 'NKE', 'VOR', 'SFIX', 'FICO', 'CATX', 'STRL', 'HE', 'BKSY', 'CVV']
[deck_writer] backfill: 0 courted name(s) without a deck: []
[court_runner] 2026-09-13T14:42:32Z
  AWAITING ADJUDICATION (session job — pitch doc + verdict + wiring): ['OWL', 'ALTI', 'CLPT', 'NIO', 'NAMSW', 'VELO', 'ARL', 'IMRX', 'BIDU', 'HBNB', 'DYN', 'SGML', 'STDN', 'EVCM', 'DSGX', 'BBWI', 'CIM-PA', 'TTAN', 'TBBK', 'TYRA', 'MMYT', 'CASY', 'XPEV', 'SOFI', 'RKT', 'CIEN', 'CPNG', 'STLA', 'LI', 'HDB', 'FN', 'CHTR', 'QXO', 'NAVN', 'BHVN', 'RELY', 'BBOT', 'RWT', 'MPT', 'HLNE', 'CCAP', 'FTW', 'CLB', '5282.T', 'CG', 'BX', 'KKR', 'ARES', 'BAM', 'INIO', 'INFY', 'SYM', 'RPC', 'NKE', 'VOR', 'SFIX', 'FICO', 'CATX', 'STRL', 'HE', 'BKSY', 'CVV']
[deck_writer] backfill: 0 courted name(s) without a deck: []
[court_runner] 2026-09-13T15:12:32Z
  AWAITING ADJUDICATION (session job — pitch doc + verdict + wiring): ['OWL', 'ALTI', 'CLPT', 'NIO', 'NAMSW', 'VELO', 'ARL', 'IMRX', 'BIDU', 'HBNB', 'DYN', 'SGML', 'STDN', 'EVCM', 'DSGX', 'BBWI', 'CIM-PA', 'TTAN', 'TBBK', 'TYRA', 'MMYT', 'CASY', 'XPEV', 'SOFI', 'RKT', 'CIEN', 'CPNG', 'STLA', 'LI', 'HDB', 'FN', 'CHTR', 'QXO', 'NAVN', 'BHVN', 'RELY', 'BBOT', 'RWT', 'MPT', 'HLNE', 'CCAP', 'FTW', 'CLB', '5282.T', 'CG', 'BX', 'KKR', 'ARES', 'BAM', 'INIO', 'INFY', 'SYM', 'RPC', 'NKE', 'VOR', 'SFIX', 'FICO', 'CATX', 'STRL', 'HE', 'BKSY', 'CVV']
[deck_writer] backfill: 0 courted name(s) without a deck: []
[court_runner] 2026-09-13T15:42:33Z
  AWAITING ADJUDICATION (session job — pitch doc + verdict + wiring): ['OWL', 'ALTI', 'CLPT', 'NIO', 'NAMSW', 'VELO', 'ARL', 'IMRX', 'BIDU', 'HBNB', 'DYN', 'SGML', 'STDN', 'EVCM', 'DSGX', 'BBWI', 'CIM-PA', 'TTAN', 'TBBK', 'TYRA', 'MMYT', 'CASY', 'XPEV', 'SOFI', 'RKT', 'CIEN', 'CPNG', 'STLA', 'LI', 'HDB', 'FN', 'CHTR', 'QXO', 'NAVN', 'BHVN', 'RELY', 'BBOT', 'RWT', 'MPT', 'HLNE', 'CCAP', 'FTW', 'CLB', '5282.T', 'CG', 'BX', 'KKR', 'ARES', 'BAM', 'INIO', 'INFY', 'SYM', 'RPC', 'NKE', 'VOR', 'SFIX', 'FICO', 'CATX', 'STRL', 'HE', 'BKSY', 'CVV']
[deck_writer] backfill: 0 courted name(s) without a deck: []
[court_runner] 2026-09-13T16:12:33Z
  AWAITING ADJUDICATION (session job — pitch doc + verdict + wiring): ['OWL', 'ALTI', 'CLPT', 'NIO', 'NAMSW', 'VELO', 'ARL', 'IMRX', 'BIDU', 'HBNB', 'DYN', 'SGML', 'STDN', 'EVCM', 'DSGX', 'BBWI', 'CIM-PA', 'TTAN', 'TBBK', 'TYRA', 'MMYT', 'CASY', 'XPEV', 'SOFI', 'RKT', 'CIEN', 'CPNG', 'STLA', 'LI', 'HDB', 'FN', 'CHTR', 'QXO', 'NAVN', 'BHVN', 'RELY', 'BBOT', 'RWT', 'MPT', 'HLNE', 'CCAP', 'FTW', 'CLB', '5282.T', 'CG', 'BX', 'KKR', 'ARES', 'BAM', 'INIO', 'INFY', 'SYM', 'RPC', 'NKE', 'VOR', 'SFIX', 'FICO', 'CATX', 'STRL', 'HE', 'BKSY', 'CVV']
[deck_writer] backfill: 0 courted name(s) without a deck: []
[court_runner] 2026-09-13T16:42:33Z
  AWAITING ADJUDICATION (session job — pitch doc + verdict + wiring): ['OWL', 'ALTI', 'CLPT', 'NIO', 'NAMSW', 'VELO', 'ARL', 'IMRX', 'BIDU', 'HBNB', 'DYN', 'SGML', 'STDN', 'EVCM', 'DSGX', 'BBWI', 'CIM-PA', 'TTAN', 'TBBK', 'TYRA', 'MMYT', 'CASY', 'XPEV', 'SOFI', 'RKT', 'CIEN', 'CPNG', 'STLA', 'LI', 'HDB', 'FN', 'CHTR', 'QXO', 'NAVN', 'BHVN', 'RELY', 'BBOT', 'RWT', 'MPT', 'HLNE', 'CCAP', 'FTW', 'CLB', '5282.T', 'CG', 'BX', 'KKR', 'ARES', 'BAM', 'INIO', 'INFY', 'SYM', 'RPC', 'NKE', 'VOR', 'SFIX', 'FICO', 'CATX', 'STRL', 'HE', 'BKSY', 'CVV']
[deck_writer] backfill: 0 courted name(s) without a deck: []
[court_runner] 2026-09-13T17:12:34Z
  AWAITING ADJUDICATION (session job — pitch doc + verdict + wiring): ['OWL', 'ALTI', 'CLPT', 'NIO', 'NAMSW', 'VELO', 'ARL', 'IMRX', 'BIDU', 'HBNB', 'DYN', 'SGML', 'STDN', 'EVCM', 'DSGX', 'BBWI', 'CIM-PA', 'TTAN', 'TBBK', 'TYRA', 'MMYT', 'CASY', 'XPEV', 'SOFI', 'RKT', 'CIEN', 'CPNG', 'STLA', 'LI', 'HDB', 'FN', 'CHTR', 'QXO', 'NAVN', 'BHVN', 'RELY', 'BBOT', 'RWT', 'MPT', 'HLNE', 'CCAP', 'FTW', 'CLB', '5282.T', 'CG', 'BX', 'KKR', 'ARES', 'BAM', 'INIO', 'INFY', 'SYM', 'RPC', 'NKE', 'VOR', 'SFIX', 'FICO', 'CATX', 'STRL', 'HE', 'BKSY', 'CVV']
[deck_writer] backfill: 0 courted name(s) without a deck: []
[court_runner] 2026-09-13T17:42:34Z
  AWAITING ADJUDICATION (session job — pitch doc + verdict + wiring): ['OWL', 'ALTI', 'CLPT', 'NIO', 'NAMSW', 'VELO', 'ARL', 'IMRX', 'BIDU', 'HBNB', 'DYN', 'SGML', 'STDN', 'EVCM', 'DSGX', 'BBWI', 'CIM-PA', 'TTAN', 'TBBK', 'TYRA', 'MMYT', 'CASY', 'XPEV', 'SOFI', 'RKT', 'CIEN', 'CPNG', 'STLA', 'LI', 'HDB', 'FN', 'CHTR', 'QXO', 'NAVN', 'BHVN', 'RELY', 'BBOT', 'RWT', 'MPT', 'HLNE', 'CCAP', 'FTW', 'CLB', '5282.T', 'CG', 'BX', 'KKR', 'ARES', 'BAM', 'INIO', 'INFY', 'SYM', 'RPC', 'NKE', 'VOR', 'SFIX', 'FICO', 'CATX', 'STRL', 'HE', 'BKSY', 'CVV']
[deck_writer] backfill: 0 courted name(s) without a deck: []
[court_runner] 2026-09-13T18:12:34Z
  AWAITING ADJUDICATION (session job — pitch doc + verdict + wiring): ['OWL', 'ALTI', 'CLPT', 'NIO', 'NAMSW', 'VELO', 'ARL', 'IMRX', 'BIDU', 'HBNB', 'DYN', 'SGML', 'STDN', 'EVCM', 'DSGX', 'BBWI', 'CIM-PA', 'TTAN', 'TBBK', 'TYRA', 'MMYT', 'CASY', 'XPEV', 'SOFI', 'RKT', 'CIEN', 'CPNG', 'STLA', 'LI', 'HDB', 'FN', 'CHTR', 'QXO', 'NAVN', 'BHVN', 'RELY', 'BBOT', 'RWT', 'MPT', 'HLNE', 'CCAP', 'FTW', 'CLB', '5282.T', 'CG', 'BX', 'KKR', 'ARES', 'BAM', 'INIO', 'INFY', 'SYM', 'RPC', 'NKE', 'VOR', 'SFIX', 'FICO', 'CATX', 'STRL', 'HE', 'BKSY', 'CVV']
[deck_writer] backfill: 0 courted name(s) without a deck: []
[court_runner] 2026-09-13T18:42:35Z
  AWAITING ADJUDICATION (session job — pitch doc + verdict + wiring): ['OWL', 'ALTI', 'CLPT', 'NIO', 'NAMSW', 'VELO', 'ARL', 'IMRX', 'BIDU', 'HBNB', 'DYN', 'SGML', 'STDN', 'EVCM', 'DSGX', 'BBWI', 'CIM-PA', 'TTAN', 'TBBK', 'TYRA', 'MMYT', 'CASY', 'XPEV', 'SOFI', 'RKT', 'CIEN', 'CPNG', 'STLA', 'LI', 'HDB', 'FN', 'CHTR', 'QXO', 'NAVN', 'BHVN', 'RELY', 'BBOT', 'RWT', 'MPT', 'HLNE', 'CCAP', 'FTW', 'CLB', '5282.T', 'CG', 'BX', 'KKR', 'ARES', 'BAM', 'INIO', 'INFY', 'SYM', 'RPC', 'NKE', 'VOR', 'SFIX', 'FICO', 'CATX', 'STRL', 'HE', 'BKSY', 'CVV']
[deck_writer] backfill: 0 courted name(s) without a deck: []
[court_runner] 2026-09-13T19:12:35Z
  AWAITING ADJUDICATION (session job — pitch doc + verdict + wiring): ['OWL', 'ALTI', 'CLPT', 'NIO', 'NAMSW', 'VELO', 'ARL', 'IMRX', 'BIDU', 'HBNB', 'DYN', 'SGML', 'STDN', 'EVCM', 'DSGX', 'BBWI', 'CIM-PA', 'TTAN', 'TBBK', 'TYRA', 'MMYT', 'CASY', 'XPEV', 'SOFI', 'RKT', 'CIEN', 'CPNG', 'STLA', 'LI', 'HDB', 'FN', 'CHTR', 'QXO', 'NAVN', 'BHVN', 'RELY', 'BBOT', 'RWT', 'MPT', 'HLNE', 'CCAP', 'FTW', 'CLB', '5282.T', 'CG', 'BX', 'KKR', 'ARES', 'BAM', 'INIO', 'INFY', 'SYM', 'RPC', 'NKE', 'VOR', 'SFIX', 'FICO', 'CATX', 'STRL', 'HE', 'BKSY', 'CVV']
[deck_writer] backfill: 0 courted name(s) without a deck: []
[court_runner] 2026-09-13T19:42:35Z
  AWAITING ADJUDICATION (session job — pitch doc + verdict + wiring): ['OWL', 'ALTI', 'CLPT', 'NIO', 'NAMSW', 'VELO', 'ARL', 'IMRX', 'BIDU', 'HBNB', 'DYN', 'SGML', 'STDN', 'EVCM', 'DSGX', 'BBWI', 'CIM-PA', 'TTAN', 'TBBK', 'TYRA', 'MMYT', 'CASY', 'XPEV', 'SOFI', 'RKT', 'CIEN', 'CPNG', 'STLA', 'LI', 'HDB', 'FN', 'CHTR', 'QXO', 'NAVN', 'BHVN', 'RELY', 'BBOT', 'RWT', 'MPT', 'HLNE', 'CCAP', 'FTW', 'CLB', '5282.T', 'CG', 'BX', 'KKR', 'ARES', 'BAM', 'INIO', 'INFY', 'SYM', 'RPC', 'NKE', 'VOR', 'SFIX', 'FICO', 'CATX', 'STRL', 'HE', 'BKSY', 'CVV']
[deck_writer] backfill: 0 courted name(s) without a deck: []
[court_runner] 2026-09-13T20:12:36Z
  AWAITING ADJUDICATION (session job — pitch doc + verdict + wiring): ['OWL', 'ALTI', 'CLPT', 'NIO', 'NAMSW', 'VELO', 'ARL', 'IMRX', 'BIDU', 'HBNB', 'DYN', 'SGML', 'STDN', 'EVCM', 'DSGX', 'BBWI', 'CIM-PA', 'TTAN', 'TBBK', 'TYRA', 'MMYT', 'CASY', 'XPEV', 'SOFI', 'RKT', 'CIEN', 'CPNG', 'STLA', 'LI', 'HDB', 'FN', 'CHTR', 'QXO', 'NAVN', 'BHVN', 'RELY', 'BBOT', 'RWT', 'MPT', 'HLNE', 'CCAP', 'FTW', 'CLB', '5282.T', 'CG', 'BX', 'KKR', 'ARES', 'BAM', 'INIO', 'INFY', 'SYM', 'RPC', 'NKE', 'VOR', 'SFIX', 'FICO', 'CATX', 'STRL', 'HE', 'BKSY', 'CVV']
[deck_writer] backfill: 0 courted name(s) without a deck: []
[court_runner] 2026-09-13T20:42:36Z
  AWAITING ADJUDICATION (session job — pitch doc + verdict + wiring): ['OWL', 'ALTI', 'CLPT', 'NIO', 'NAMSW', 'VELO', 'ARL', 'IMRX', 'BIDU', 'HBNB', 'DYN', 'SGML', 'STDN', 'EVCM', 'DSGX', 'BBWI', 'CIM-PA', 'TTAN', 'TBBK', 'TYRA', 'MMYT', 'CASY', 'XPEV', 'SOFI', 'RKT', 'CIEN', 'CPNG', 'STLA', 'LI', 'HDB', 'FN', 'CHTR', 'QXO', 'NAVN', 'BHVN', 'RELY', 'BBOT', 'RWT', 'MPT', 'HLNE', 'CCAP', 'FTW', 'CLB', '5282.T', 'CG', 'BX', 'KKR', 'ARES', 'BAM', 'INIO', 'INFY', 'SYM', 'RPC', 'NKE', 'VOR', 'SFIX', 'FICO', 'CATX', 'STRL', 'HE', 'BKSY', 'CVV']
[deck_writer] backfill: 0 courted name(s) without a deck: []
[court_runner] 2026-09-13T21:12:36Z
  AWAITING ADJUDICATION (session job — pitch doc + verdict + wiring): ['OWL', 'ALTI', 'CLPT', 'NIO', 'NAMSW', 'VELO', 'ARL', 'IMRX', 'BIDU', 'HBNB', 'DYN', 'SGML', 'STDN', 'EVCM', 'DSGX', 'BBWI', 'CIM-PA', 'TTAN', 'TBBK', 'TYRA', 'MMYT', 'CASY', 'XPEV', 'SOFI', 'RKT', 'CIEN', 'CPNG', 'STLA', 'LI', 'HDB', 'FN', 'CHTR', 'QXO', 'NAVN', 'BHVN', 'RELY', 'BBOT', 'RWT', 'MPT', 'HLNE', 'CCAP', 'FTW', 'CLB', '5282.T', 'CG', 'BX', 'KKR', 'ARES', 'BAM', 'INIO', 'INFY', 'SYM', 'RPC', 'NKE', 'VOR', 'SFIX', 'FICO', 'CATX', 'STRL', 'HE', 'BKSY', 'CVV']
[deck_writer] backfill: 0 courted name(s) without a deck: []
[court_runner] 2026-09-13T21:42:37Z
  AWAITING ADJUDICATION (session job — pitch doc + verdict + wiring): ['OWL', 'ALTI', 'CLPT', 'NIO', 'NAMSW', 'VELO', 'ARL', 'IMRX', 'BIDU', 'HBNB', 'DYN', 'SGML', 'STDN', 'EVCM', 'DSGX', 'BBWI', 'CIM-PA', 'TTAN', 'TBBK', 'TYRA', 'MMYT', 'CASY', 'XPEV', 'SOFI', 'RKT', 'CIEN', 'CPNG', 'STLA', 'LI', 'HDB', 'FN', 'CHTR', 'QXO', 'NAVN', 'BHVN', 'RELY', 'BBOT', 'RWT', 'MPT', 'HLNE', 'CCAP', 'FTW', 'CLB', '5282.T', 'CG', 'BX', 'KKR', 'ARES', 'BAM', 'INIO', 'INFY', 'SYM', 'RPC', 'NKE', 'VOR', 'SFIX', 'FICO', 'CATX', 'STRL', 'HE', 'BKSY', 'CVV']
[deck_writer] backfill: 0 courted name(s) without a deck: []
[court_runner] 2026-09-13T22:12:37Z
  AWAITING ADJUDICATION (session job — pitch doc + verdict + wiring): ['OWL', 'ALTI', 'CLPT', 'NIO', 'NAMSW', 'VELO', 'ARL', 'IMRX', 'BIDU', 'HBNB', 'DYN', 'SGML', 'STDN', 'EVCM', 'DSGX', 'BBWI', 'CIM-PA', 'TTAN', 'TBBK', 'TYRA', 'MMYT', 'CASY', 'XPEV', 'SOFI', 'RKT', 'CIEN', 'CPNG', 'STLA', 'LI', 'HDB', 'FN', 'CHTR', 'QXO', 'NAVN', 'BHVN', 'RELY', 'BBOT', 'RWT', 'MPT', 'HLNE', 'CCAP', 'FTW', 'CLB', '5282.T', 'CG', 'BX', 'KKR', 'ARES', 'BAM', 'INIO', 'INFY', 'SYM', 'RPC', 'NKE', 'VOR', 'SFIX', 'FICO', 'CATX', 'STRL', 'HE', 'BKSY', 'CVV']
[deck_writer] backfill: 0 courted name(s) without a deck: []
[court_runner] 2026-09-13T22:42:37Z
  AWAITING ADJUDICATION (session job — pitch doc + verdict + wiring): ['OWL', 'ALTI', 'CLPT', 'NIO', 'NAMSW', 'VELO', 'ARL', 'IMRX', 'BIDU', 'HBNB', 'DYN', 'SGML', 'STDN', 'EVCM', 'DSGX', 'BBWI', 'CIM-PA', 'TTAN', 'TBBK', 'TYRA', 'MMYT', 'CASY', 'XPEV', 'SOFI', 'RKT', 'CIEN', 'CPNG', 'STLA', 'LI', 'HDB', 'FN', 'CHTR', 'QXO', 'NAVN', 'BHVN', 'RELY', 'BBOT', 'RWT', 'MPT', 'HLNE', 'CCAP', 'FTW', 'CLB', '5282.T', 'CG', 'BX', 'KKR', 'ARES', 'BAM', 'INIO', 'INFY', 'SYM', 'RPC', 'NKE', 'VOR', 'SFIX', 'FICO', 'CATX', 'STRL', 'HE', 'BKSY', 'CVV']
[deck_writer] backfill: 0 courted name(s) without a deck: []
[court_runner] 2026-09-13T23:12:38Z
  AWAITING ADJUDICATION (session job — pitch doc + verdict + wiring): ['OWL', 'ALTI', 'CLPT', 'NIO', 'NAMSW', 'VELO', 'ARL', 'IMRX', 'BIDU', 'HBNB', 'DYN', 'SGML', 'STDN', 'EVCM', 'DSGX', 'BBWI', 'CIM-PA', 'TTAN', 'TBBK', 'TYRA', 'MMYT', 'CASY', 'XPEV', 'SOFI', 'RKT', 'CIEN', 'CPNG', 'STLA', 'LI', 'HDB', 'FN', 'CHTR', 'QXO', 'NAVN', 'BHVN', 'RELY', 'BBOT', 'RWT', 'MPT', 'HLNE', 'CCAP', 'FTW', 'CLB', '5282.T', 'CG', 'BX', 'KKR', 'ARES', 'BAM', 'INIO', 'INFY', 'SYM', 'RPC', 'NKE', 'VOR', 'SFIX', 'FICO', 'CATX', 'STRL', 'HE', 'BKSY', 'CVV']
[deck_writer] backfill: 0 courted name(s) without a deck: []
[court_runner] 2026-09-13T23:42:38Z
  AWAITING ADJUDICATION (session job — pitch doc + verdict + wiring): ['OWL', 'ALTI', 'CLPT', 'NIO', 'NAMSW', 'VELO', 'ARL', 'IMRX', 'BIDU', 'HBNB', 'DYN', 'SGML', 'STDN', 'EVCM', 'DSGX', 'BBWI', 'CIM-PA', 'TTAN', 'TBBK', 'TYRA', 'MMYT', 'CASY', 'XPEV', 'SOFI', 'RKT', 'CIEN', 'CPNG', 'STLA', 'LI', 'HDB', 'FN', 'CHTR', 'QXO', 'NAVN', 'BHVN', 'RELY', 'BBOT', 'RWT', 'MPT', 'HLNE', 'CCAP', 'FTW', 'CLB', '5282.T', 'CG', 'BX', 'KKR', 'ARES', 'BAM', 'INIO', 'INFY', 'SYM', 'RPC', 'NKE', 'VOR', 'SFIX', 'FICO', 'CATX', 'STRL', 'HE', 'BKSY', 'CVV']
[deck_writer] backfill: 0 courted name(s) without a deck: []
[court_runner] 2026-09-14T00:12:38Z
  AWAITING ADJUDICATION (session job — pitch doc + verdict + wiring): ['OWL', 'ALTI', 'CLPT', 'NIO', 'NAMSW', 'VELO', 'ARL', 'IMRX', 'BIDU', 'HBNB', 'DYN', 'SGML', 'STDN', 'EVCM', 'DSGX', 'BBWI', 'CIM-PA', 'TTAN', 'TBBK', 'TYRA', 'MMYT', 'CASY', 'XPEV', 'SOFI', 'RKT', 'CIEN', 'CPNG', 'STLA', 'LI', 'HDB', 'FN', 'CHTR', 'QXO', 'NAVN', 'BHVN', 'RELY', 'BBOT', 'RWT', 'MPT', 'HLNE', 'CCAP', 'FTW', 'CLB', '5282.T', 'CG', 'BX', 'KKR', 'ARES', 'BAM', 'INIO', 'INFY', 'SYM', 'RPC', 'NKE', 'VOR', 'SFIX', 'FICO', 'CATX', 'STRL', 'HE', 'BKSY', 'CVV']
[deck_writer] backfill: 0 courted name(s) without a deck: []
[court_runner] 2026-09-14T00:42:39Z
  AWAITING ADJUDICATION (session job — pitch doc + verdict + wiring): ['OWL', 'ALTI', 'CLPT', 'NIO', 'NAMSW', 'VELO', 'ARL', 'IMRX', 'BIDU', 'HBNB', 'DYN', 'SGML', 'STDN', 'EVCM', 'DSGX', 'BBWI', 'CIM-PA', 'TTAN', 'TBBK', 'TYRA', 'MMYT', 'CASY', 'XPEV', 'SOFI', 'RKT', 'CIEN', 'CPNG', 'STLA', 'LI', 'HDB', 'FN', 'CHTR', 'QXO', 'NAVN', 'BHVN', 'RELY', 'BBOT', 'RWT', 'MPT', 'HLNE', 'CCAP', 'FTW', 'CLB', '5282.T', 'CG', 'BX', 'KKR', 'ARES', 'BAM', 'INIO', 'INFY', 'SYM', 'RPC', 'NKE', 'VOR', 'SFIX', 'FICO', 'CATX', 'STRL', 'HE', 'BKSY', 'CVV']
[deck_writer] backfill: 0 courted name(s) without a deck: []
[court_runner] 2026-09-14T01:12:39Z
  AWAITING ADJUDICATION (session job — pitch doc + verdict + wiring): ['OWL', 'ALTI', 'CLPT', 'NIO', 'NAMSW', 'VELO', 'ARL', 'IMRX', 'BIDU', 'HBNB', 'DYN', 'SGML', 'STDN', 'EVCM', 'DSGX', 'BBWI', 'CIM-PA', 'TTAN', 'TBBK', 'TYRA', 'MMYT', 'CASY', 'XPEV', 'SOFI', 'RKT', 'CIEN', 'CPNG', 'STLA', 'LI', 'HDB', 'FN', 'CHTR', 'QXO', 'NAVN', 'BHVN', 'RELY', 'BBOT', 'RWT', 'MPT', 'HLNE', 'CCAP', 'FTW', 'CLB', '5282.T', 'CG', 'BX', 'KKR', 'ARES', 'BAM', 'INIO', 'INFY', 'SYM', 'RPC', 'NKE', 'VOR', 'SFIX', 'FICO', 'CATX', 'STRL', 'HE', 'BKSY', 'CVV']
[deck_writer] backfill: 0 courted name(s) without a deck: []
[court_runner] 2026-09-14T01:42:39Z
  AWAITING ADJUDICATION (session job — pitch doc + verdict + wiring): ['OWL', 'ALTI', 'CLPT', 'NIO', 'NAMSW', 'VELO', 'ARL', 'IMRX', 'BIDU', 'HBNB', 'DYN', 'SGML', 'STDN', 'EVCM', 'DSGX', 'BBWI', 'CIM-PA', 'TTAN', 'TBBK', 'TYRA', 'MMYT', 'CASY', 'XPEV', 'SOFI', 'RKT', 'CIEN', 'CPNG', 'STLA', 'LI', 'HDB', 'FN', 'CHTR', 'QXO', 'NAVN', 'BHVN', 'RELY', 'BBOT', 'RWT', 'MPT', 'HLNE', 'CCAP', 'FTW', 'CLB', '5282.T', 'CG', 'BX', 'KKR', 'ARES', 'BAM', 'INIO', 'INFY', 'SYM', 'RPC', 'NKE', 'VOR', 'SFIX', 'FICO', 'CATX', 'STRL', 'HE', 'BKSY', 'CVV']
[deck_writer] backfill: 0 courted name(s) without a deck: []
[court_runner] 2026-09-14T02:12:39Z
  AWAITING ADJUDICATION (session job — pitch doc + verdict + wiring): ['OWL', 'ALTI', 'CLPT', 'NIO', 'NAMSW', 'VELO', 'ARL', 'IMRX', 'BIDU', 'HBNB', 'DYN', 'SGML', 'STDN', 'EVCM', 'DSGX', 'BBWI', 'CIM-PA', 'TTAN', 'TBBK', 'TYRA', 'MMYT', 'CASY', 'XPEV', 'SOFI', 'RKT', 'CIEN', 'CPNG', 'STLA', 'LI', 'HDB', 'FN', 'CHTR', 'QXO', 'NAVN', 'BHVN', 'RELY', 'BBOT', 'RWT', 'MPT', 'HLNE', 'CCAP', 'FTW', 'CLB', '5282.T', 'CG', 'BX', 'KKR', 'ARES', 'BAM', 'INIO', 'INFY', 'SYM', 'RPC', 'NKE', 'VOR', 'SFIX', 'FICO', 'CATX', 'STRL', 'HE', 'BKSY', 'CVV']
