[order_sentinel] clean @ 2026-08-26T04:37:30.992498+00:00
[order_sentinel] clean @ 2026-08-26T05:07:33.628553+00:00
[order_sentinel] clean @ 2026-08-26T05:37:36.388180+00:00
[order_sentinel] clean @ 2026-08-26T06:07:39.146616+00:00
positions request timed out
open orders request timed out
completed orders request timed out
account updates for ACCOUNT_ALPHA request timed out
account updates for ACCOUNT_BETA request timed out
[order_sentinel] clean @ 2026-08-26T06:37:41.838198+00:00
[order_sentinel] clean @ 2026-08-26T07:08:02.385476+00:00
[order_sentinel] clean @ 2026-08-26T07:38:05.234191+00:00
[order_sentinel] clean @ 2026-08-26T08:08:07.991772+00:00
[order_sentinel] clean @ 2026-08-26T08:38:10.737488+00:00
[order_sentinel] clean @ 2026-08-26T09:08:13.442164+00:00
[order_sentinel] clean @ 2026-08-26T09:38:16.180940+00:00
[order_sentinel] clean @ 2026-08-26T10:08:18.891158+00:00
[order_sentinel] clean @ 2026-08-26T10:38:21.583600+00:00
[order_sentinel] clean @ 2026-08-26T11:08:27.272420+00:00
[order_sentinel] clean @ 2026-08-26T11:38:29.965614+00:00
[order_sentinel] clean @ 2026-08-26T12:08:32.656222+00:00
[order_sentinel] clean @ 2026-08-26T12:38:35.337764+00:00
[order_sentinel] clean @ 2026-08-26T13:08:37.979249+00:00
[order_sentinel] clean @ 2026-08-26T13:38:40.678536+00:00
[order_sentinel] clean @ 2026-08-26T14:08:43.382697+00:00
[order_sentinel] clean @ 2026-08-26T14:38:46.079803+00:00
[order_sentinel] clean @ 2026-08-26T15:08:48.769961+00:00
[order_sentinel] clean @ 2026-08-26T15:38:51.375254+00:00
[order_sentinel] clean @ 2026-08-26T16:08:54.061094+00:00
[order_sentinel] clean @ 2026-08-26T16:38:56.672745+00:00
[order_sentinel] clean @ 2026-08-26T17:08:59.159879+00:00
[order_sentinel] clean @ 2026-08-26T17:39:01.774813+00:00
[order_sentinel] clean @ 2026-08-26T18:09:04.773755+00:00
[order_sentinel] clean @ 2026-08-26T18:39:07.467418+00:00
[order_sentinel] clean @ 2026-08-26T19:09:10.184443+00:00
positions request timed out
open orders request timed out
completed orders request timed out
account updates for ACCOUNT_ALPHA request timed out
account updates for ACCOUNT_BETA request timed out
[order_sentinel] clean @ 2026-08-26T19:39:12.906365+00:00
[order_sentinel] clean @ 2026-08-26T20:09:33.535711+00:00
[order_sentinel] clean @ 2026-08-26T20:39:36.268349+00:00
[order_sentinel] clean @ 2026-08-26T21:09:38.862749+00:00
[order_sentinel] clean @ 2026-08-26T21:39:41.615353+00:00
[order_sentinel] clean @ 2026-08-26T22:09:44.306575+00:00
[order_sentinel] clean @ 2026-08-26T22:39:47.038210+00:00
[order_sentinel] clean @ 2026-08-26T23:09:49.713601+00:00
[order_sentinel] clean @ 2026-08-26T23:39:52.363233+00:00
[order_sentinel] clean @ 2026-08-27T00:09:55.089601+00:00
[order_sentinel] clean @ 2026-08-27T00:39:57.852616+00:00
[WARN] MISSING RESTING ORDER: 6804 BUY 1000@2680.0 not on blotter — verify FILLED (check trades) or LOST, then update order_intents.json.
[WARN] MISSING RESTING ORDER: 6804 BUY 1000@2680.0 not on blotter — verify FILLED (check trades) or LOST, then update order_intents.json.
[WARN] MISSING RESTING ORDER: 6804 BUY 1000@2680.0 not on blotter — verify FILLED (check trades) or LOST, then update order_intents.json.
positions request timed out
open orders request timed out
completed orders request timed out
account updates for ACCOUNT_ALPHA request timed out
account updates for ACCOUNT_BETA request timed out
[order_sentinel] clean @ 2026-08-27T02:40:13.187475+00:00
positions request timed out
open orders request timed out
completed orders request timed out
account updates for ACCOUNT_ALPHA request timed out
account updates for ACCOUNT_BETA request timed out
[CRITICAL] GATEWAY WEDGED: 2 consecutive connect failures (Failed to connect to IB Gateway on 127.0.0.1:4001 (ClientId=93): ). Orders, cancels and tonight's envelopes are all blind until it is restarted. This is the 08-24 failure mode.
positions request timed out
open orders request timed out
completed orders request timed out
account updates for ACCOUNT_ALPHA request timed out
account updates for ACCOUNT_BETA request timed out
[CRITICAL] GATEWAY WEDGED: 3 consecutive connect failures (Failed to connect to IB Gateway on 127.0.0.1:4001 (ClientId=93): ). Orders, cancels and tonight's envelopes are all blind until it is restarted. This is the 08-24 failure mode.
positions request timed out
open orders request timed out
completed orders request timed out
account updates for ACCOUNT_ALPHA request timed out
account updates for ACCOUNT_BETA request timed out
[CRITICAL] GATEWAY WEDGED: 4 consecutive connect failures (Failed to connect to IB Gateway on 127.0.0.1:4001 (ClientId=93): ). Orders, cancels and tonight's envelopes are all blind until it is restarted. This is the 08-24 failure mode.
positions request timed out
open orders request timed out
completed orders request timed out
account updates for ACCOUNT_ALPHA request timed out
account updates for ACCOUNT_BETA request timed out
[CRITICAL] GATEWAY WEDGED: 5 consecutive connect failures (Failed to connect to IB Gateway on 127.0.0.1:4001 (ClientId=93): ). Orders, cancels and tonight's envelopes are all blind until it is restarted. This is the 08-24 failure mode.
positions request timed out
open orders request timed out
completed orders request timed out
account updates for ACCOUNT_ALPHA request timed out
account updates for ACCOUNT_BETA request timed out
[CRITICAL] GATEWAY WEDGED: 6 consecutive connect failures (Failed to connect to IB Gateway on 127.0.0.1:4001 (ClientId=93): ). Orders, cancels and tonight's envelopes are all blind until it is restarted. This is the 08-24 failure mode.
positions request timed out
open orders request timed out
completed orders request timed out
account updates for ACCOUNT_ALPHA request timed out
account updates for ACCOUNT_BETA request timed out
[CRITICAL] GATEWAY WEDGED: 7 consecutive connect failures (Failed to connect to IB Gateway on 127.0.0.1:4001 (ClientId=93): ). Orders, cancels and tonight's envelopes are all blind until it is restarted. This is the 08-24 failure mode.
[WARN] MISSING RESTING ORDER: 6804 BUY 1000@2680.0 not on blotter — verify FILLED (check trades) or LOST, then update order_intents.json.
[WARN] MISSING RESTING ORDER: 6804 BUY 1000@2680.0 not on blotter — verify FILLED (check trades) or LOST, then update order_intents.json.
[WARN] MISSING RESTING ORDER: 6804 BUY 1000@2680.0 not on blotter — verify FILLED (check trades) or LOST, then update order_intents.json.
positions request timed out
open orders request timed out
completed orders request timed out
account updates for ACCOUNT_ALPHA request timed out
account updates for ACCOUNT_BETA request timed out
[order_sentinel] clean @ 2026-08-27T07:43:00.150058+00:00
positions request timed out
open orders request timed out
completed orders request timed out
account updates for ACCOUNT_ALPHA request timed out
account updates for ACCOUNT_BETA request timed out
[CRITICAL] GATEWAY WEDGED: 2 consecutive connect failures (Failed to connect to IB Gateway on 127.0.0.1:4001 (ClientId=93): ). Orders, cancels and tonight's envelopes are all blind until it is restarted. This is the 08-24 failure mode.
positions request timed out
open orders request timed out
completed orders request timed out
account updates for ACCOUNT_ALPHA request timed out
account updates for ACCOUNT_BETA request timed out
[CRITICAL] GATEWAY WEDGED: 3 consecutive connect failures (Failed to connect to IB Gateway on 127.0.0.1:4001 (ClientId=93): ). Orders, cancels and tonight's envelopes are all blind until it is restarted. This is the 08-24 failure mode.
positions request timed out
open orders request timed out
completed orders request timed out
account updates for ACCOUNT_ALPHA request timed out
account updates for ACCOUNT_BETA request timed out
[CRITICAL] GATEWAY WEDGED: 4 consecutive connect failures (Failed to connect to IB Gateway on 127.0.0.1:4001 (ClientId=93): ). Orders, cancels and tonight's envelopes are all blind until it is restarted. This is the 08-24 failure mode.
positions request timed out
open orders request timed out
completed orders request timed out
account updates for ACCOUNT_ALPHA request timed out
account updates for ACCOUNT_BETA request timed out
[CRITICAL] GATEWAY WEDGED: 5 consecutive connect failures (Failed to connect to IB Gateway on 127.0.0.1:4001 (ClientId=93): ). Orders, cancels and tonight's envelopes are all blind until it is restarted. This is the 08-24 failure mode.
positions request timed out
open orders request timed out
completed orders request timed out
account updates for ACCOUNT_ALPHA request timed out
account updates for ACCOUNT_BETA request timed out
[CRITICAL] GATEWAY WEDGED: 6 consecutive connect failures (Failed to connect to IB Gateway on 127.0.0.1:4001 (ClientId=93): ). Orders, cancels and tonight's envelopes are all blind until it is restarted. This is the 08-24 failure mode.
positions request timed out
open orders request timed out
completed orders request timed out
account updates for ACCOUNT_ALPHA request timed out
account updates for ACCOUNT_BETA request timed out
[CRITICAL] GATEWAY WEDGED: 7 consecutive connect failures (Failed to connect to IB Gateway on 127.0.0.1:4001 (ClientId=93): ). Orders, cancels and tonight's envelopes are all blind until it is restarted. This is the 08-24 failure mode.
positions request timed out
open orders request timed out
completed orders request timed out
account updates for ACCOUNT_ALPHA request timed out
account updates for ACCOUNT_BETA request timed out
[CRITICAL] GATEWAY WEDGED: 8 consecutive connect failures (Failed to connect to IB Gateway on 127.0.0.1:4001 (ClientId=93): ). Orders, cancels and tonight's envelopes are all blind until it is restarted. This is the 08-24 failure mode.
positions request timed out
open orders request timed out
completed orders request timed out
account updates for ACCOUNT_ALPHA request timed out
account updates for ACCOUNT_BETA request timed out
[CRITICAL] GATEWAY WEDGED: 9 consecutive connect failures (Failed to connect to IB Gateway on 127.0.0.1:4001 (ClientId=93): ). Orders, cancels and tonight's envelopes are all blind until it is restarted. This is the 08-24 failure mode.
positions request timed out
open orders request timed out
completed orders request timed out
account updates for ACCOUNT_ALPHA request timed out
account updates for ACCOUNT_BETA request timed out
[CRITICAL] GATEWAY WEDGED: 10 consecutive connect failures (Failed to connect to IB Gateway on 127.0.0.1:4001 (ClientId=93): ). Orders, cancels and tonight's envelopes are all blind until it is restarted. This is the 08-24 failure mode.
positions request timed out
open orders request timed out
completed orders request timed out
account updates for ACCOUNT_ALPHA request timed out
account updates for ACCOUNT_BETA request timed out
[CRITICAL] GATEWAY WEDGED: 11 consecutive connect failures (Failed to connect to IB Gateway on 127.0.0.1:4001 (ClientId=93): ). Orders, cancels and tonight's envelopes are all blind until it is restarted. This is the 08-24 failure mode.
positions request timed out
open orders request timed out
completed orders request timed out
account updates for ACCOUNT_ALPHA request timed out
account updates for ACCOUNT_BETA request timed out
[CRITICAL] GATEWAY WEDGED: 12 consecutive connect failures (Failed to connect to IB Gateway on 127.0.0.1:4001 (ClientId=93): ). Orders, cancels and tonight's envelopes are all blind until it is restarted. This is the 08-24 failure mode.
positions request timed out
open orders request timed out
completed orders request timed out
account updates for ACCOUNT_ALPHA request timed out
account updates for ACCOUNT_BETA request timed out
[CRITICAL] GATEWAY WEDGED: 13 consecutive connect failures (Failed to connect to IB Gateway on 127.0.0.1:4001 (ClientId=93): ). Orders, cancels and tonight's envelopes are all blind until it is restarted. This is the 08-24 failure mode.
positions request timed out
open orders request timed out
completed orders request timed out
account updates for ACCOUNT_ALPHA request timed out
account updates for ACCOUNT_BETA request timed out
[CRITICAL] GATEWAY WEDGED: 14 consecutive connect failures (Failed to connect to IB Gateway on 127.0.0.1:4001 (ClientId=93): ). Orders, cancels and tonight's envelopes are all blind until it is restarted. This is the 08-24 failure mode.
positions request timed out
open orders request timed out
completed orders request timed out
account updates for ACCOUNT_ALPHA request timed out
account updates for ACCOUNT_BETA request timed out
[CRITICAL] GATEWAY WEDGED: 15 consecutive connect failures (Failed to connect to IB Gateway on 127.0.0.1:4001 (ClientId=93): ). Orders, cancels and tonight's envelopes are all blind until it is restarted. This is the 08-24 failure mode.
completed orders request timed out
[WARN] MISSING RESTING ORDER: 6804 BUY 1000@2680.0 not on blotter — verify FILLED (check trades) or LOST, then update order_intents.json.
completed orders request timed out
[WARN] MISSING RESTING ORDER: 6804 BUY 1000@2680.0 not on blotter — verify FILLED (check trades) or LOST, then update order_intents.json.
completed orders request timed out
[WARN] MISSING RESTING ORDER: 6804 BUY 1000@2680.0 not on blotter — verify FILLED (check trades) or LOST, then update order_intents.json.
completed orders request timed out
[WARN] MISSING RESTING ORDER: 6804 BUY 1000@2680.0 not on blotter — verify FILLED (check trades) or LOST, then update order_intents.json.
completed orders request timed out
[WARN] MISSING RESTING ORDER: 6804 BUY 1000@2680.0 not on blotter — verify FILLED (check trades) or LOST, then update order_intents.json.
completed orders request timed out
[WARN] MISSING RESTING ORDER: 6804 BUY 1000@2680.0 not on blotter — verify FILLED (check trades) or LOST, then update order_intents.json.
completed orders request timed out
[WARN] MISSING RESTING ORDER: 6804 BUY 1000@2680.0 not on blotter — verify FILLED (check trades) or LOST, then update order_intents.json.
completed orders request timed out
[WARN] MISSING RESTING ORDER: 6804 BUY 1000@2680.0 not on blotter — verify FILLED (check trades) or LOST, then update order_intents.json.
completed orders request timed out
[WARN] MISSING RESTING ORDER: 6804 BUY 1000@2680.0 not on blotter — verify FILLED (check trades) or LOST, then update order_intents.json.
completed orders request timed out
[WARN] MISSING RESTING ORDER: 6804 BUY 1000@2680.0 not on blotter — verify FILLED (check trades) or LOST, then update order_intents.json.
completed orders request timed out
[WARN] MISSING RESTING ORDER: 6804 BUY 1000@2680.0 not on blotter — verify FILLED (check trades) or LOST, then update order_intents.json.
completed orders request timed out
[WARN] MISSING RESTING ORDER: 6804 BUY 1000@2680.0 not on blotter — verify FILLED (check trades) or LOST, then update order_intents.json.
completed orders request timed out
[WARN] MISSING RESTING ORDER: 6804 BUY 1000@2680.0 not on blotter — verify FILLED (check trades) or LOST, then update order_intents.json.
completed orders request timed out
[WARN] MISSING RESTING ORDER: 6804 BUY 1000@2680.0 not on blotter — verify FILLED (check trades) or LOST, then update order_intents.json.
completed orders request timed out
[WARN] MISSING RESTING ORDER: 6804 BUY 1000@2680.0 not on blotter — verify FILLED (check trades) or LOST, then update order_intents.json.
completed orders request timed out
[WARN] MISSING RESTING ORDER: 6804 BUY 1000@2680.0 not on blotter — verify FILLED (check trades) or LOST, then update order_intents.json.
completed orders request timed out
[WARN] MISSING RESTING ORDER: 6804 BUY 1000@2680.0 not on blotter — verify FILLED (check trades) or LOST, then update order_intents.json.
completed orders request timed out
[WARN] MISSING RESTING ORDER: 6804 BUY 1000@2680.0 not on blotter — verify FILLED (check trades) or LOST, then update order_intents.json.
completed orders request timed out
[WARN] MISSING RESTING ORDER: 6804 BUY 1000@2680.0 not on blotter — verify FILLED (check trades) or LOST, then update order_intents.json.
completed orders request timed out
[WARN] MISSING RESTING ORDER: 6804 BUY 1000@2680.0 not on blotter — verify FILLED (check trades) or LOST, then update order_intents.json.
completed orders request timed out
[WARN] MISSING RESTING ORDER: 6804 BUY 1000@2680.0 not on blotter — verify FILLED (check trades) or LOST, then update order_intents.json.
completed orders request timed out
[WARN] MISSING RESTING ORDER: 6804 BUY 1000@2680.0 not on blotter — verify FILLED (check trades) or LOST, then update order_intents.json.
completed orders request timed out
[WARN] MISSING RESTING ORDER: 6804 BUY 1000@2680.0 not on blotter — verify FILLED (check trades) or LOST, then update order_intents.json.
completed orders request timed out
[WARN] MISSING RESTING ORDER: 6804 BUY 1000@2680.0 not on blotter — verify FILLED (check trades) or LOST, then update order_intents.json.
completed orders request timed out
[WARN] MISSING RESTING ORDER: 6804 BUY 1000@2680.0 not on blotter — verify FILLED (check trades) or LOST, then update order_intents.json.
completed orders request timed out
[WARN] MISSING RESTING ORDER: 6804 BUY 1000@2680.0 not on blotter — verify FILLED (check trades) or LOST, then update order_intents.json.
positions request timed out
open orders request timed out
completed orders request timed out
account updates for ACCOUNT_ALPHA request timed out
account updates for ACCOUNT_BETA request timed out
[order_sentinel] clean @ 2026-08-28T04:24:29.187378+00:00
positions request timed out
open orders request timed out
completed orders request timed out
account updates for ACCOUNT_ALPHA request timed out
account updates for ACCOUNT_BETA request timed out
[CRITICAL] GATEWAY WEDGED: 2 consecutive connect failures (Failed to connect to IB Gateway on 127.0.0.1:4001 (ClientId=93): ). Orders, cancels and tonight's envelopes are all blind until it is restarted. This is the 08-24 failure mode.
positions request timed out
open orders request timed out
completed orders request timed out
account updates for ACCOUNT_ALPHA request timed out
account updates for ACCOUNT_BETA request timed out
[CRITICAL] GATEWAY WEDGED: 3 consecutive connect failures (Failed to connect to IB Gateway on 127.0.0.1:4001 (ClientId=93): ). Orders, cancels and tonight's envelopes are all blind until it is restarted. This is the 08-24 failure mode.
positions request timed out
open orders request timed out
completed orders request timed out
account updates for ACCOUNT_ALPHA request timed out
account updates for ACCOUNT_BETA request timed out
[CRITICAL] GATEWAY WEDGED: 4 consecutive connect failures (Failed to connect to IB Gateway on 127.0.0.1:4001 (ClientId=93): ). Orders, cancels and tonight's envelopes are all blind until it is restarted. This is the 08-24 failure mode.
positions request timed out
open orders request timed out
completed orders request timed out
account updates for ACCOUNT_ALPHA request timed out
account updates for ACCOUNT_BETA request timed out
[CRITICAL] GATEWAY WEDGED: 5 consecutive connect failures (Failed to connect to IB Gateway on 127.0.0.1:4001 (ClientId=93): ). Orders, cancels and tonight's envelopes are all blind until it is restarted. This is the 08-24 failure mode.
[WARN] MISSING RESTING ORDER: 6804 BUY 1000@2680.0 not on blotter — verify FILLED (check trades) or LOST, then update order_intents.json.
[WARN] MISSING RESTING ORDER: 6804 BUY 1000@2680.0 not on blotter — verify FILLED (check trades) or LOST, then update order_intents.json.
[WARN] MISSING RESTING ORDER: 6804 BUY 1000@2680.0 not on blotter — verify FILLED (check trades) or LOST, then update order_intents.json.
[WARN] MISSING RESTING ORDER: 6804 BUY 1000@2680.0 not on blotter — verify FILLED (check trades) or LOST, then update order_intents.json.
[WARN] MISSING RESTING ORDER: 6804 BUY 1000@2680.0 not on blotter — verify FILLED (check trades) or LOST, then update order_intents.json.
[WARN] MISSING RESTING ORDER: 6804 BUY 1000@2680.0 not on blotter — verify FILLED (check trades) or LOST, then update order_intents.json.
[WARN] MISSING RESTING ORDER: 6804 BUY 1000@2680.0 not on blotter — verify FILLED (check trades) or LOST, then update order_intents.json.
[WARN] MISSING RESTING ORDER: 6804 BUY 1000@2680.0 not on blotter — verify FILLED (check trades) or LOST, then update order_intents.json.
[WARN] MISSING RESTING ORDER: 6804 BUY 1000@2680.0 not on blotter — verify FILLED (check trades) or LOST, then update order_intents.json.
[WARN] MISSING RESTING ORDER: 6804 BUY 1000@2680.0 not on blotter — verify FILLED (check trades) or LOST, then update order_intents.json.
[WARN] MISSING RESTING ORDER: 6804 BUY 1000@2680.0 not on blotter — verify FILLED (check trades) or LOST, then update order_intents.json.
[WARN] MISSING RESTING ORDER: 6804 BUY 1000@2680.0 not on blotter — verify FILLED (check trades) or LOST, then update order_intents.json.
[WARN] MISSING RESTING ORDER: 6804 BUY 1000@2680.0 not on blotter — verify FILLED (check trades) or LOST, then update order_intents.json.
[WARN] MISSING RESTING ORDER: 6804 BUY 1000@2680.0 not on blotter — verify FILLED (check trades) or LOST, then update order_intents.json.
[WARN] MISSING RESTING ORDER: 6804 BUY 1000@2680.0 not on blotter — verify FILLED (check trades) or LOST, then update order_intents.json.
[WARN] MISSING RESTING ORDER: 6804 BUY 1000@2680.0 not on blotter — verify FILLED (check trades) or LOST, then update order_intents.json.
positions request timed out
open orders request timed out
completed orders request timed out
account updates for ACCOUNT_ALPHA request timed out
account updates for ACCOUNT_BETA request timed out
[order_sentinel] clean @ 2026-08-28T14:57:28.657956+00:00
Error 1100, reqId -1: Connectivity between IBKR and Trader Workstation has been lost.
[WARN] MISSING RESTING ORDER: 6804 BUY 1000@2680.0 not on blotter — verify FILLED (check trades) or LOST, then update order_intents.json.
positions request timed out
open orders request timed out
completed orders request timed out
account updates for ACCOUNT_ALPHA request timed out
account updates for ACCOUNT_BETA request timed out
[order_sentinel] clean @ 2026-08-28T15:57:53.538023+00:00
[WARN] MISSING RESTING ORDER: 6804 BUY 1000@2680.0 not on blotter — verify FILLED (check trades) or LOST, then update order_intents.json.
[WARN] MISSING RESTING ORDER: 6804 BUY 1000@2680.0 not on blotter — verify FILLED (check trades) or LOST, then update order_intents.json.
[WARN] MISSING RESTING ORDER: 6804 BUY 1000@2680.0 not on blotter — verify FILLED (check trades) or LOST, then update order_intents.json.
[WARN] MISSING RESTING ORDER: 6804 BUY 1000@2680.0 not on blotter — verify FILLED (check trades) or LOST, then update order_intents.json.
[WARN] MISSING RESTING ORDER: 6804 BUY 1000@2680.0 not on blotter — verify FILLED (check trades) or LOST, then update order_intents.json.
[WARN] MISSING RESTING ORDER: UCTT BUY 37@69.5 not on blotter — verify FILLED (check trades) or LOST, then update order_intents.json.

[WARN] MISSING RESTING ORDER: 6804 BUY 1000@2680.0 not on blotter — verify FILLED (check trades) or LOST, then update order_intents.json.
[WARN] MISSING RESTING ORDER: UCTT BUY 37@69.5 not on blotter — verify FILLED (check trades) or LOST, then update order_intents.json.

[WARN] MISSING RESTING ORDER: 6804 BUY 1000@2680.0 not on blotter — verify FILLED (check trades) or LOST, then update order_intents.json.
[WARN] MISSING RESTING ORDER: UCTT BUY 37@69.5 not on blotter — verify FILLED (check trades) or LOST, then update order_intents.json.

[WARN] MISSING RESTING ORDER: 6804 BUY 1000@2680.0 not on blotter — verify FILLED (check trades) or LOST, then update order_intents.json.
[WARN] MISSING RESTING ORDER: UCTT BUY 37@69.5 not on blotter — verify FILLED (check trades) or LOST, then update order_intents.json.

[WARN] MISSING RESTING ORDER: 6804 BUY 1000@2680.0 not on blotter — verify FILLED (check trades) or LOST, then update order_intents.json.
[WARN] MISSING RESTING ORDER: UCTT BUY 37@69.5 not on blotter — verify FILLED (check trades) or LOST, then update order_intents.json.

[WARN] MISSING RESTING ORDER: 6804 BUY 1000@2680.0 not on blotter — verify FILLED (check trades) or LOST, then update order_intents.json.
[WARN] MISSING RESTING ORDER: UCTT BUY 37@69.5 not on blotter — verify FILLED (check trades) or LOST, then update order_intents.json.

[WARN] MISSING RESTING ORDER: 6804 BUY 1000@2680.0 not on blotter — verify FILLED (check trades) or LOST, then update order_intents.json.
[WARN] MISSING RESTING ORDER: UCTT BUY 37@69.5 not on blotter — verify FILLED (check trades) or LOST, then update order_intents.json.

[WARN] MISSING RESTING ORDER: 6804 BUY 1000@2680.0 not on blotter — verify FILLED (check trades) or LOST, then update order_intents.json.
[WARN] MISSING RESTING ORDER: UCTT BUY 37@69.5 not on blotter — verify FILLED (check trades) or LOST, then update order_intents.json.

[WARN] MISSING RESTING ORDER: 6804 BUY 1000@2680.0 not on blotter — verify FILLED (check trades) or LOST, then update order_intents.json.
[WARN] MISSING RESTING ORDER: UCTT BUY 37@69.5 not on blotter — verify FILLED (check trades) or LOST, then update order_intents.json.

[WARN] MISSING RESTING ORDER: 6804 BUY 1000@2680.0 not on blotter — verify FILLED (check trades) or LOST, then update order_intents.json.
[WARN] MISSING RESTING ORDER: UCTT BUY 37@69.5 not on blotter — verify FILLED (check trades) or LOST, then update order_intents.json.

[WARN] MISSING RESTING ORDER: 6804 BUY 1000@2680.0 not on blotter — verify FILLED (check trades) or LOST, then update order_intents.json.
[WARN] MISSING RESTING ORDER: UCTT BUY 37@69.5 not on blotter — verify FILLED (check trades) or LOST, then update order_intents.json.

[WARN] MISSING RESTING ORDER: 6804 BUY 1000@2680.0 not on blotter — verify FILLED (check trades) or LOST, then update order_intents.json.
[WARN] MISSING RESTING ORDER: UCTT BUY 37@69.5 not on blotter — verify FILLED (check trades) or LOST, then update order_intents.json.

[WARN] MISSING RESTING ORDER: 6804 BUY 1000@2680.0 not on blotter — verify FILLED (check trades) or LOST, then update order_intents.json.
[WARN] MISSING RESTING ORDER: UCTT BUY 37@69.5 not on blotter — verify FILLED (check trades) or LOST, then update order_intents.json.

[WARN] MISSING RESTING ORDER: 6804 BUY 1000@2680.0 not on blotter — verify FILLED (check trades) or LOST, then update order_intents.json.
[WARN] MISSING RESTING ORDER: UCTT BUY 37@69.5 not on blotter — verify FILLED (check trades) or LOST, then update order_intents.json.

[WARN] MISSING RESTING ORDER: 6804 BUY 1000@2680.0 not on blotter — verify FILLED (check trades) or LOST, then update order_intents.json.
positions request timed out
open orders request timed out
completed orders request timed out
account updates for ACCOUNT_ALPHA request timed out
account updates for ACCOUNT_BETA request timed out
[order_sentinel] clean @ 2026-08-29T01:59:38.713829+00:00
positions request timed out
open orders request timed out
completed orders request timed out
account updates for ACCOUNT_ALPHA request timed out
account updates for ACCOUNT_BETA request timed out
[CRITICAL] GATEWAY WEDGED: 2 consecutive connect failures (Failed to connect to IB Gateway on 127.0.0.1:4001 (ClientId=93): ). Orders, cancels and tonight's envelopes are all blind until it is restarted. This is the 08-24 failure mode.
positions request timed out
open orders request timed out
completed orders request timed out
account updates for ACCOUNT_ALPHA request timed out
account updates for ACCOUNT_BETA request timed out
[CRITICAL] GATEWAY WEDGED: 3 consecutive connect failures (Failed to connect to IB Gateway on 127.0.0.1:4001 (ClientId=93): ). Orders, cancels and tonight's envelopes are all blind until it is restarted. This is the 08-24 failure mode.
positions request timed out
open orders request timed out
completed orders request timed out
account updates for ACCOUNT_ALPHA request timed out
account updates for ACCOUNT_BETA request timed out
[CRITICAL] GATEWAY WEDGED: 4 consecutive connect failures (Failed to connect to IB Gateway on 127.0.0.1:4001 (ClientId=93): ). Orders, cancels and tonight's envelopes are all blind until it is restarted. This is the 08-24 failure mode.
positions request timed out
open orders request timed out
completed orders request timed out
account updates for ACCOUNT_ALPHA request timed out
account updates for ACCOUNT_BETA request timed out
[CRITICAL] GATEWAY WEDGED: 5 consecutive connect failures (Failed to connect to IB Gateway on 127.0.0.1:4001 (ClientId=93): ). Orders, cancels and tonight's envelopes are all blind until it is restarted. This is the 08-24 failure mode.
positions request timed out
open orders request timed out
completed orders request timed out
account updates for ACCOUNT_ALPHA request timed out
account updates for ACCOUNT_BETA request timed out
[CRITICAL] GATEWAY WEDGED: 6 consecutive connect failures (Failed to connect to IB Gateway on 127.0.0.1:4001 (ClientId=93): ). Orders, cancels and tonight's envelopes are all blind until it is restarted. This is the 08-24 failure mode.
positions request timed out
open orders request timed out
completed orders request timed out
account updates for ACCOUNT_ALPHA request timed out
account updates for ACCOUNT_BETA request timed out
[CRITICAL] GATEWAY WEDGED: 7 consecutive connect failures (Failed to connect to IB Gateway on 127.0.0.1:4001 (ClientId=93): ). Orders, cancels and tonight's envelopes are all blind until it is restarted. This is the 08-24 failure mode.
positions request timed out
open orders request timed out
completed orders request timed out
account updates for ACCOUNT_ALPHA request timed out
account updates for ACCOUNT_BETA request timed out
[CRITICAL] GATEWAY WEDGED: 8 consecutive connect failures (Failed to connect to IB Gateway on 127.0.0.1:4001 (ClientId=93): ). Orders, cancels and tonight's envelopes are all blind until it is restarted. This is the 08-24 failure mode.
positions request timed out
open orders request timed out
completed orders request timed out
account updates for ACCOUNT_ALPHA request timed out
account updates for ACCOUNT_BETA request timed out
[CRITICAL] GATEWAY WEDGED: 9 consecutive connect failures (Failed to connect to IB Gateway on 127.0.0.1:4001 (ClientId=93): ). Orders, cancels and tonight's envelopes are all blind until it is restarted. This is the 08-24 failure mode.
positions request timed out
open orders request timed out
completed orders request timed out
account updates for ACCOUNT_ALPHA request timed out
account updates for ACCOUNT_BETA request timed out
[CRITICAL] GATEWAY WEDGED: 10 consecutive connect failures (Failed to connect to IB Gateway on 127.0.0.1:4001 (ClientId=93): ). Orders, cancels and tonight's envelopes are all blind until it is restarted. This is the 08-24 failure mode.
[WARN] MISSING RESTING ORDER: UCTT BUY 37@69.5 not on blotter — verify FILLED (check trades) or LOST, then update order_intents.json.

[WARN] MISSING RESTING ORDER: 6804 BUY 1000@2680.0 not on blotter — verify FILLED (check trades) or LOST, then update order_intents.json.
[WARN] MISSING RESTING ORDER: UCTT BUY 37@69.5 not on blotter — verify FILLED (check trades) or LOST, then update order_intents.json.

[WARN] MISSING RESTING ORDER: 6804 BUY 1000@2680.0 not on blotter — verify FILLED (check trades) or LOST, then update order_intents.json.
[WARN] MISSING RESTING ORDER: UCTT BUY 37@69.5 not on blotter — verify FILLED (check trades) or LOST, then update order_intents.json.

[WARN] MISSING RESTING ORDER: 6804 BUY 1000@2680.0 not on blotter — verify FILLED (check trades) or LOST, then update order_intents.json.
[WARN] MISSING RESTING ORDER: UCTT BUY 37@69.5 not on blotter — verify FILLED (check trades) or LOST, then update order_intents.json.

[WARN] MISSING RESTING ORDER: 6804 BUY 1000@2680.0 not on blotter — verify FILLED (check trades) or LOST, then update order_intents.json.
[WARN] MISSING RESTING ORDER: UCTT BUY 37@69.5 not on blotter — verify FILLED (check trades) or LOST, then update order_intents.json.

[WARN] MISSING RESTING ORDER: 6804 BUY 1000@2680.0 not on blotter — verify FILLED (check trades) or LOST, then update order_intents.json.
[WARN] MISSING RESTING ORDER: UCTT BUY 37@69.5 not on blotter — verify FILLED (check trades) or LOST, then update order_intents.json.

[WARN] MISSING RESTING ORDER: 6804 BUY 1000@2680.0 not on blotter — verify FILLED (check trades) or LOST, then update order_intents.json.
[WARN] MISSING RESTING ORDER: UCTT BUY 37@69.5 not on blotter — verify FILLED (check trades) or LOST, then update order_intents.json.

[WARN] MISSING RESTING ORDER: 6804 BUY 1000@2680.0 not on blotter — verify FILLED (check trades) or LOST, then update order_intents.json.
[WARN] MISSING RESTING ORDER: UCTT BUY 37@69.5 not on blotter — verify FILLED (check trades) or LOST, then update order_intents.json.

[WARN] MISSING RESTING ORDER: 6804 BUY 1000@2680.0 not on blotter — verify FILLED (check trades) or LOST, then update order_intents.json.
[WARN] MISSING RESTING ORDER: UCTT BUY 37@69.5 not on blotter — verify FILLED (check trades) or LOST, then update order_intents.json.

[WARN] MISSING RESTING ORDER: 6804 BUY 1000@2680.0 not on blotter — verify FILLED (check trades) or LOST, then update order_intents.json.
[WARN] MISSING RESTING ORDER: UCTT BUY 37@69.5 not on blotter — verify FILLED (check trades) or LOST, then update order_intents.json.

[WARN] MISSING RESTING ORDER: 6804 BUY 1000@2680.0 not on blotter — verify FILLED (check trades) or LOST, then update order_intents.json.
[WARN] MISSING RESTING ORDER: UCTT BUY 37@69.5 not on blotter — verify FILLED (check trades) or LOST, then update order_intents.json.

[WARN] MISSING RESTING ORDER: 6804 BUY 1000@2680.0 not on blotter — verify FILLED (check trades) or LOST, then update order_intents.json.
[WARN] MISSING RESTING ORDER: UCTT BUY 37@69.5 not on blotter — verify FILLED (check trades) or LOST, then update order_intents.json.

[WARN] MISSING RESTING ORDER: 6804 BUY 1000@2680.0 not on blotter — verify FILLED (check trades) or LOST, then update order_intents.json.
[WARN] MISSING RESTING ORDER: UCTT BUY 37@69.5 not on blotter — verify FILLED (check trades) or LOST, then update order_intents.json.

[WARN] MISSING RESTING ORDER: 6804 BUY 1000@2680.0 not on blotter — verify FILLED (check trades) or LOST, then update order_intents.json.
[WARN] MISSING RESTING ORDER: UCTT BUY 37@69.5 not on blotter — verify FILLED (check trades) or LOST, then update order_intents.json.

[WARN] MISSING RESTING ORDER: 6804 BUY 1000@2680.0 not on blotter — verify FILLED (check trades) or LOST, then update order_intents.json.
[WARN] MISSING RESTING ORDER: UCTT BUY 37@69.5 not on blotter — verify FILLED (check trades) or LOST, then update order_intents.json.

[WARN] MISSING RESTING ORDER: 6804 BUY 1000@2680.0 not on blotter — verify FILLED (check trades) or LOST, then update order_intents.json.
[WARN] MISSING RESTING ORDER: UCTT BUY 37@69.5 not on blotter — verify FILLED (check trades) or LOST, then update order_intents.json.

[WARN] MISSING RESTING ORDER: 6804 BUY 1000@2680.0 not on blotter — verify FILLED (check trades) or LOST, then update order_intents.json.
[WARN] MISSING RESTING ORDER: UCTT BUY 37@69.5 not on blotter — verify FILLED (check trades) or LOST, then update order_intents.json.

[WARN] MISSING RESTING ORDER: 6804 BUY 1000@2680.0 not on blotter — verify FILLED (check trades) or LOST, then update order_intents.json.
[WARN] MISSING RESTING ORDER: UCTT BUY 37@69.5 not on blotter — verify FILLED (check trades) or LOST, then update order_intents.json.

[WARN] MISSING RESTING ORDER: 6804 BUY 1000@2680.0 not on blotter — verify FILLED (check trades) or LOST, then update order_intents.json.
[WARN] MISSING RESTING ORDER: UCTT BUY 37@69.5 not on blotter — verify FILLED (check trades) or LOST, then update order_intents.json.

[WARN] MISSING RESTING ORDER: 6804 BUY 1000@2680.0 not on blotter — verify FILLED (check trades) or LOST, then update order_intents.json.
[WARN] MISSING RESTING ORDER: UCTT BUY 37@69.5 not on blotter — verify FILLED (check trades) or LOST, then update order_intents.json.

[WARN] MISSING RESTING ORDER: 6804 BUY 1000@2680.0 not on blotter — verify FILLED (check trades) or LOST, then update order_intents.json.
[WARN] MISSING RESTING ORDER: UCTT BUY 37@69.5 not on blotter — verify FILLED (check trades) or LOST, then update order_intents.json.

[WARN] MISSING RESTING ORDER: 6804 BUY 1000@2680.0 not on blotter — verify FILLED (check trades) or LOST, then update order_intents.json.
[WARN] MISSING RESTING ORDER: UCTT BUY 37@69.5 not on blotter — verify FILLED (check trades) or LOST, then update order_intents.json.

[WARN] MISSING RESTING ORDER: 6804 BUY 1000@2680.0 not on blotter — verify FILLED (check trades) or LOST, then update order_intents.json.
[WARN] MISSING RESTING ORDER: UCTT BUY 37@69.5 not on blotter — verify FILLED (check trades) or LOST, then update order_intents.json.

[WARN] MISSING RESTING ORDER: 6804 BUY 1000@2680.0 not on blotter — verify FILLED (check trades) or LOST, then update order_intents.json.
[WARN] MISSING RESTING ORDER: UCTT BUY 37@69.5 not on blotter — verify FILLED (check trades) or LOST, then update order_intents.json.

[WARN] MISSING RESTING ORDER: 6804 BUY 1000@2680.0 not on blotter — verify FILLED (check trades) or LOST, then update order_intents.json.
[WARN] MISSING RESTING ORDER: UCTT BUY 37@69.5 not on blotter — verify FILLED (check trades) or LOST, then update order_intents.json.

[WARN] MISSING RESTING ORDER: 6804 BUY 1000@2680.0 not on blotter — verify FILLED (check trades) or LOST, then update order_intents.json.
[WARN] MISSING RESTING ORDER: UCTT BUY 37@69.5 not on blotter — verify FILLED (check trades) or LOST, then update order_intents.json.

[WARN] MISSING RESTING ORDER: 6804 BUY 1000@2680.0 not on blotter — verify FILLED (check trades) or LOST, then update order_intents.json.
[order_sentinel] clean @ 2026-08-29T20:05:10.245754+00:00
[order_sentinel] clean @ 2026-08-29T20:35:12.977451+00:00
[order_sentinel] clean @ 2026-08-29T21:05:16.161012+00:00
[order_sentinel] clean @ 2026-08-29T21:35:18.943274+00:00
[order_sentinel] clean @ 2026-08-29T22:05:21.724168+00:00
[order_sentinel] clean @ 2026-08-29T22:35:24.478630+00:00
[order_sentinel] clean @ 2026-08-29T23:05:27.096807+00:00
[order_sentinel] clean @ 2026-08-29T23:35:29.867438+00:00
[order_sentinel] clean @ 2026-08-30T00:05:32.539491+00:00
[order_sentinel] clean @ 2026-08-30T00:35:35.132374+00:00
[order_sentinel] clean @ 2026-08-30T01:05:37.819760+00:00
[order_sentinel] clean @ 2026-08-30T01:35:40.586514+00:00
[order_sentinel] clean @ 2026-08-30T02:05:43.354790+00:00
[order_sentinel] clean @ 2026-08-30T02:35:45.989242+00:00
[order_sentinel] clean @ 2026-08-30T03:05:48.779878+00:00
[order_sentinel] clean @ 2026-08-30T03:35:51.577717+00:00
[order_sentinel] clean @ 2026-08-30T04:05:54.327302+00:00
[order_sentinel] clean @ 2026-08-30T04:35:57.110743+00:00
[order_sentinel] clean @ 2026-08-30T05:05:59.884919+00:00
[order_sentinel] clean @ 2026-08-30T05:36:02.551356+00:00
[order_sentinel] clean @ 2026-08-30T06:06:05.235803+00:00
[order_sentinel] clean @ 2026-08-30T06:36:08.015498+00:00
API connection failed: ConnectionRefusedError(61, "Connect call failed ('127.0.0.1', 4001)")
Make sure API port on TWS/IBG is open
[order_sentinel] clean @ 2026-08-30T07:06:10.699708+00:00
API connection failed: ConnectionRefusedError(61, "Connect call failed ('127.0.0.1', 4001)")
Make sure API port on TWS/IBG is open
[CRITICAL] GATEWAY WEDGED: 2 consecutive connect failures (Failed to connect to IB Gateway on 127.0.0.1:4001 (ClientId=93): [Errno 61] Connect call failed ('127.0.0.1', 4001)). Orders, cancels and tonight's envelopes are all blind until it is restarted. This is the 08-24 failure mode.
API connection failed: ConnectionRefusedError(61, "Connect call failed ('127.0.0.1', 4001)")
Make sure API port on TWS/IBG is open
[CRITICAL] GATEWAY WEDGED: 3 consecutive connect failures (Failed to connect to IB Gateway on 127.0.0.1:4001 (ClientId=93): [Errno 61] Connect call failed ('127.0.0.1', 4001)). Orders, cancels and tonight's envelopes are all blind until it is restarted. This is the 08-24 failure mode.
API connection failed: ConnectionRefusedError(61, "Connect call failed ('127.0.0.1', 4001)")
Make sure API port on TWS/IBG is open
[CRITICAL] GATEWAY WEDGED: 4 consecutive connect failures (Failed to connect to IB Gateway on 127.0.0.1:4001 (ClientId=93): [Errno 61] Connect call failed ('127.0.0.1', 4001)). Orders, cancels and tonight's envelopes are all blind until it is restarted. This is the 08-24 failure mode.
API connection failed: ConnectionRefusedError(61, "Connect call failed ('127.0.0.1', 4001)")
Make sure API port on TWS/IBG is open
[CRITICAL] GATEWAY WEDGED: 5 consecutive connect failures (Failed to connect to IB Gateway on 127.0.0.1:4001 (ClientId=93): [Errno 61] Connect call failed ('127.0.0.1', 4001)). Orders, cancels and tonight's envelopes are all blind until it is restarted. This is the 08-24 failure mode.
API connection failed: ConnectionRefusedError(61, "Connect call failed ('127.0.0.1', 4001)")
Make sure API port on TWS/IBG is open
[CRITICAL] GATEWAY WEDGED: 6 consecutive connect failures (Failed to connect to IB Gateway on 127.0.0.1:4001 (ClientId=93): [Errno 61] Connect call failed ('127.0.0.1', 4001)). Orders, cancels and tonight's envelopes are all blind until it is restarted. This is the 08-24 failure mode.
API connection failed: ConnectionRefusedError(61, "Connect call failed ('127.0.0.1', 4001)")
Make sure API port on TWS/IBG is open
[CRITICAL] GATEWAY WEDGED: 7 consecutive connect failures (Failed to connect to IB Gateway on 127.0.0.1:4001 (ClientId=93): [Errno 61] Connect call failed ('127.0.0.1', 4001)). Orders, cancels and tonight's envelopes are all blind until it is restarted. This is the 08-24 failure mode.
API connection failed: ConnectionRefusedError(61, "Connect call failed ('127.0.0.1', 4001)")
Make sure API port on TWS/IBG is open
[CRITICAL] GATEWAY WEDGED: 8 consecutive connect failures (Failed to connect to IB Gateway on 127.0.0.1:4001 (ClientId=93): [Errno 61] Connect call failed ('127.0.0.1', 4001)). Orders, cancels and tonight's envelopes are all blind until it is restarted. This is the 08-24 failure mode.
API connection failed: ConnectionRefusedError(61, "Connect call failed ('127.0.0.1', 4001)")
Make sure API port on TWS/IBG is open
[CRITICAL] GATEWAY WEDGED: 9 consecutive connect failures (Failed to connect to IB Gateway on 127.0.0.1:4001 (ClientId=93): [Errno 61] Connect call failed ('127.0.0.1', 4001)). Orders, cancels and tonight's envelopes are all blind until it is restarted. This is the 08-24 failure mode.
API connection failed: ConnectionRefusedError(61, "Connect call failed ('127.0.0.1', 4001)")
Make sure API port on TWS/IBG is open
[CRITICAL] GATEWAY WEDGED: 10 consecutive connect failures (Failed to connect to IB Gateway on 127.0.0.1:4001 (ClientId=93): [Errno 61] Connect call failed ('127.0.0.1', 4001)). Orders, cancels and tonight's envelopes are all blind until it is restarted. This is the 08-24 failure mode.
API connection failed: ConnectionRefusedError(61, "Connect call failed ('127.0.0.1', 4001)")
Make sure API port on TWS/IBG is open
[CRITICAL] GATEWAY WEDGED: 11 consecutive connect failures (Failed to connect to IB Gateway on 127.0.0.1:4001 (ClientId=93): [Errno 61] Connect call failed ('127.0.0.1', 4001)). Orders, cancels and tonight's envelopes are all blind until it is restarted. This is the 08-24 failure mode.
API connection failed: ConnectionRefusedError(61, "Connect call failed ('127.0.0.1', 4001)")
Make sure API port on TWS/IBG is open
[CRITICAL] GATEWAY WEDGED: 12 consecutive connect failures (Failed to connect to IB Gateway on 127.0.0.1:4001 (ClientId=93): [Errno 61] Connect call failed ('127.0.0.1', 4001)). Orders, cancels and tonight's envelopes are all blind until it is restarted. This is the 08-24 failure mode.
API connection failed: ConnectionRefusedError(61, "Connect call failed ('127.0.0.1', 4001)")
Make sure API port on TWS/IBG is open
[CRITICAL] GATEWAY WEDGED: 13 consecutive connect failures (Failed to connect to IB Gateway on 127.0.0.1:4001 (ClientId=93): [Errno 61] Connect call failed ('127.0.0.1', 4001)). Orders, cancels and tonight's envelopes are all blind until it is restarted. This is the 08-24 failure mode.
API connection failed: ConnectionRefusedError(61, "Connect call failed ('127.0.0.1', 4001)")
Make sure API port on TWS/IBG is open
[CRITICAL] GATEWAY WEDGED: 14 consecutive connect failures (Failed to connect to IB Gateway on 127.0.0.1:4001 (ClientId=93): [Errno 61] Connect call failed ('127.0.0.1', 4001)). Orders, cancels and tonight's envelopes are all blind until it is restarted. This is the 08-24 failure mode.
API connection failed: ConnectionRefusedError(61, "Connect call failed ('127.0.0.1', 4001)")
Make sure API port on TWS/IBG is open
[CRITICAL] GATEWAY WEDGED: 15 consecutive connect failures (Failed to connect to IB Gateway on 127.0.0.1:4001 (ClientId=93): [Errno 61] Connect call failed ('127.0.0.1', 4001)). Orders, cancels and tonight's envelopes are all blind until it is restarted. This is the 08-24 failure mode.
API connection failed: ConnectionRefusedError(61, "Connect call failed ('127.0.0.1', 4001)")
Make sure API port on TWS/IBG is open
[CRITICAL] GATEWAY WEDGED: 16 consecutive connect failures (Failed to connect to IB Gateway on 127.0.0.1:4001 (ClientId=93): [Errno 61] Connect call failed ('127.0.0.1', 4001)). Orders, cancels and tonight's envelopes are all blind until it is restarted. This is the 08-24 failure mode.
API connection failed: ConnectionRefusedError(61, "Connect call failed ('127.0.0.1', 4001)")
Make sure API port on TWS/IBG is open
[CRITICAL] GATEWAY WEDGED: 17 consecutive connect failures (Failed to connect to IB Gateway on 127.0.0.1:4001 (ClientId=93): [Errno 61] Connect call failed ('127.0.0.1', 4001)). Orders, cancels and tonight's envelopes are all blind until it is restarted. This is the 08-24 failure mode.
API connection failed: ConnectionRefusedError(61, "Connect call failed ('127.0.0.1', 4001)")
Make sure API port on TWS/IBG is open
[CRITICAL] GATEWAY WEDGED: 18 consecutive connect failures (Failed to connect to IB Gateway on 127.0.0.1:4001 (ClientId=93): [Errno 61] Connect call failed ('127.0.0.1', 4001)). Orders, cancels and tonight's envelopes are all blind until it is restarted. This is the 08-24 failure mode.
API connection failed: ConnectionRefusedError(61, "Connect call failed ('127.0.0.1', 4001)")
Make sure API port on TWS/IBG is open
[CRITICAL] GATEWAY WEDGED: 19 consecutive connect failures (Failed to connect to IB Gateway on 127.0.0.1:4001 (ClientId=93): [Errno 61] Connect call failed ('127.0.0.1', 4001)). Orders, cancels and tonight's envelopes are all blind until it is restarted. This is the 08-24 failure mode.
[order_sentinel] clean @ 2026-08-30T16:36:50.149169+00:00
[order_sentinel] clean @ 2026-08-30T17:06:52.838155+00:00
[order_sentinel] clean @ 2026-08-30T17:36:55.563106+00:00
[order_sentinel] clean @ 2026-08-30T18:06:58.303263+00:00
[order_sentinel] clean @ 2026-08-30T18:37:01.038443+00:00
[order_sentinel] clean @ 2026-08-30T19:07:03.773141+00:00
[order_sentinel] clean @ 2026-08-30T19:37:06.528084+00:00
[order_sentinel] clean @ 2026-08-30T20:07:09.274872+00:00
[order_sentinel] clean @ 2026-08-30T20:37:12.048399+00:00
[order_sentinel] clean @ 2026-08-30T21:07:14.768102+00:00
[order_sentinel] clean @ 2026-08-30T21:37:17.485426+00:00
[order_sentinel] clean @ 2026-08-30T22:07:20.291030+00:00
[order_sentinel] clean @ 2026-08-30T22:37:23.030234+00:00
[order_sentinel] clean @ 2026-08-30T23:07:25.820499+00:00
[order_sentinel] clean @ 2026-08-30T23:37:28.582005+00:00
[order_sentinel] clean @ 2026-08-31T00:07:31.328701+00:00
[order_sentinel] clean @ 2026-08-31T00:37:34.128003+00:00
[order_sentinel] clean @ 2026-08-31T01:07:36.951835+00:00
[order_sentinel] clean @ 2026-08-31T01:37:39.809551+00:00
[order_sentinel] clean @ 2026-08-31T02:07:42.748819+00:00
[order_sentinel] clean @ 2026-08-31T02:37:45.623889+00:00
[order_sentinel] clean @ 2026-08-31T03:07:48.487260+00:00
[order_sentinel] clean @ 2026-08-31T03:37:51.295757+00:00
[order_sentinel] clean @ 2026-08-31T04:07:54.152635+00:00
[order_sentinel] clean @ 2026-08-31T04:37:57.007914+00:00
[order_sentinel] clean @ 2026-08-31T05:07:59.833501+00:00
[order_sentinel] clean @ 2026-08-31T05:38:02.615801+00:00
[order_sentinel] clean @ 2026-08-31T06:08:05.375254+00:00
[order_sentinel] clean @ 2026-08-31T06:38:08.143577+00:00
[order_sentinel] clean @ 2026-08-31T07:08:10.882774+00:00
[order_sentinel] clean @ 2026-08-31T07:38:13.576244+00:00
[order_sentinel] clean @ 2026-08-31T08:08:16.051987+00:00
[order_sentinel] clean @ 2026-08-31T08:38:18.612594+00:00
[order_sentinel] clean @ 2026-08-31T09:08:21.421380+00:00
[order_sentinel] clean @ 2026-08-31T09:38:24.111995+00:00
[order_sentinel] clean @ 2026-08-31T10:08:26.756495+00:00
[order_sentinel] clean @ 2026-08-31T10:38:29.499079+00:00
[order_sentinel] clean @ 2026-08-31T11:08:32.296848+00:00
[order_sentinel] clean @ 2026-08-31T11:38:35.087567+00:00
[order_sentinel] clean @ 2026-08-31T12:08:37.820735+00:00
[order_sentinel] clean @ 2026-08-31T12:38:40.550909+00:00
[order_sentinel] clean @ 2026-08-31T13:08:43.211308+00:00
[order_sentinel] clean @ 2026-08-31T13:38:45.864813+00:00
[order_sentinel] clean @ 2026-08-31T14:08:48.592326+00:00
[order_sentinel] clean @ 2026-08-31T14:38:51.207100+00:00
[order_sentinel] clean @ 2026-08-31T15:08:53.934228+00:00
positions request timed out
open orders request timed out
completed orders request timed out
account updates for ACCOUNT_ALPHA request timed out
account updates for ACCOUNT_BETA request timed out
[order_sentinel] clean @ 2026-08-31T15:38:56.579774+00:00
positions request timed out
open orders request timed out
completed orders request timed out
account updates for ACCOUNT_ALPHA request timed out
account updates for ACCOUNT_BETA request timed out
[CRITICAL] GATEWAY WEDGED: 2 consecutive connect failures (Failed to connect to IB Gateway on 127.0.0.1:4001 (ClientId=93): ). Orders, cancels and tonight's envelopes are all blind until it is restarted. This is the 08-24 failure mode.
[order_sentinel] clean @ 2026-08-31T16:39:39.478343+00:00
[order_sentinel] clean @ 2026-08-31T17:09:42.198526+00:00
[order_sentinel] clean @ 2026-08-31T17:39:44.902019+00:00
[order_sentinel] clean @ 2026-08-31T18:09:47.619640+00:00
[order_sentinel] clean @ 2026-08-31T18:39:50.357354+00:00
[order_sentinel] clean @ 2026-08-31T19:09:53.142165+00:00
[order_sentinel] clean @ 2026-08-31T19:39:55.816960+00:00
[order_sentinel] clean @ 2026-08-31T20:09:58.556771+00:00
[order_sentinel] clean @ 2026-08-31T20:40:01.147191+00:00
[order_sentinel] clean @ 2026-08-31T21:10:03.736208+00:00
[order_sentinel] clean @ 2026-08-31T21:40:06.319515+00:00
positions request timed out
open orders request timed out
completed orders request timed out
account updates for ACCOUNT_ALPHA request timed out
account updates for ACCOUNT_BETA request timed out
[order_sentinel] clean @ 2026-08-31T22:10:08.959545+00:00
[order_sentinel] clean @ 2026-08-31T22:40:29.654630+00:00
[order_sentinel] clean @ 2026-08-31T23:10:32.337180+00:00
[order_sentinel] clean @ 2026-08-31T23:40:34.945522+00:00
[order_sentinel] clean @ 2026-09-01T00:10:37.647415+00:00
positions request timed out
open orders request timed out
completed orders request timed out
account updates for ACCOUNT_ALPHA request timed out
account updates for ACCOUNT_BETA request timed out
[order_sentinel] clean @ 2026-09-01T00:40:40.335199+00:00
[order_sentinel] clean @ 2026-09-01T01:11:01.079148+00:00
positions request timed out
open orders request timed out
completed orders request timed out
account updates for ACCOUNT_ALPHA request timed out
account updates for ACCOUNT_BETA request timed out
[order_sentinel] clean @ 2026-09-01T01:41:03.977554+00:00
positions request timed out
open orders request timed out
completed orders request timed out
account updates for ACCOUNT_ALPHA request timed out
account updates for ACCOUNT_BETA request timed out
[CRITICAL] GATEWAY WEDGED: 2 consecutive connect failures (Failed to connect to IB Gateway on 127.0.0.1:4001 (ClientId=93): ). Orders, cancels and tonight's envelopes are all blind until it is restarted. This is the 08-24 failure mode.
[order_sentinel] clean @ 2026-09-01T02:41:46.779929+00:00
[order_sentinel] clean @ 2026-09-01T03:11:49.518329+00:00
[order_sentinel] clean @ 2026-09-01T03:41:52.306306+00:00
[order_sentinel] clean @ 2026-09-01T04:11:55.135250+00:00
[order_sentinel] clean @ 2026-09-01T04:41:57.994569+00:00
[order_sentinel] clean @ 2026-09-01T05:12:00.798965+00:00
[order_sentinel] clean @ 2026-09-01T05:42:03.538189+00:00
[order_sentinel] clean @ 2026-09-01T06:12:06.203752+00:00
[order_sentinel] clean @ 2026-09-01T06:42:08.933446+00:00
[order_sentinel] clean @ 2026-09-01T07:12:11.691775+00:00
[order_sentinel] clean @ 2026-09-01T07:42:14.493950+00:00
[order_sentinel] clean @ 2026-09-01T08:12:17.277026+00:00
[order_sentinel] clean @ 2026-09-01T08:42:20.062091+00:00
[order_sentinel] clean @ 2026-09-01T09:12:22.857166+00:00
[order_sentinel] clean @ 2026-09-01T09:42:25.523164+00:00
[order_sentinel] clean @ 2026-09-01T10:12:28.281952+00:00
[order_sentinel] clean @ 2026-09-01T10:42:31.001362+00:00
[order_sentinel] clean @ 2026-09-01T11:12:33.628372+00:00
[order_sentinel] clean @ 2026-09-01T11:42:36.341881+00:00
[order_sentinel] clean @ 2026-09-01T12:12:39.069158+00:00
[order_sentinel] clean @ 2026-09-01T12:42:41.792008+00:00
[order_sentinel] clean @ 2026-09-01T13:12:44.398758+00:00
[order_sentinel] clean @ 2026-09-01T13:42:47.104383+00:00
[order_sentinel] clean @ 2026-09-01T14:12:50.234356+00:00
[order_sentinel] clean @ 2026-09-01T14:42:52.811962+00:00
[order_sentinel] clean @ 2026-09-01T15:12:55.494992+00:00
[order_sentinel] clean @ 2026-09-01T15:42:58.245717+00:00
positions request timed out
open orders request timed out
completed orders request timed out
account updates for ACCOUNT_ALPHA request timed out
account updates for ACCOUNT_BETA request timed out
[order_sentinel] clean @ 2026-09-01T16:13:00.927014+00:00
[order_sentinel] clean @ 2026-09-01T16:43:21.650993+00:00
[order_sentinel] clean @ 2026-09-01T17:13:24.405842+00:00
[order_sentinel] clean @ 2026-09-01T17:43:27.118740+00:00
[order_sentinel] clean @ 2026-09-01T18:13:29.767021+00:00
[order_sentinel] clean @ 2026-09-01T18:43:32.466402+00:00
[order_sentinel] clean @ 2026-09-01T19:13:35.364388+00:00
[order_sentinel] clean @ 2026-09-01T19:43:38.192202+00:00
[order_sentinel] clean @ 2026-09-01T20:13:40.822405+00:00
[order_sentinel] clean @ 2026-09-01T20:43:43.609402+00:00
[order_sentinel] clean @ 2026-09-01T21:13:46.356592+00:00
[order_sentinel] clean @ 2026-09-01T21:43:49.144272+00:00
[order_sentinel] clean @ 2026-09-01T22:13:51.789478+00:00
[order_sentinel] clean @ 2026-09-01T22:43:54.572583+00:00
[order_sentinel] clean @ 2026-09-01T23:13:57.229341+00:00
[order_sentinel] clean @ 2026-09-01T23:43:59.897715+00:00
[order_sentinel] clean @ 2026-09-02T00:14:02.534214+00:00
[order_sentinel] clean @ 2026-09-02T00:44:05.219539+00:00
[order_sentinel] clean @ 2026-09-02T01:14:07.961934+00:00
positions request timed out
open orders request timed out
completed orders request timed out
account updates for ACCOUNT_ALPHA request timed out
account updates for ACCOUNT_BETA request timed out
[CRITICAL] GATEWAY WEDGED: 2 consecutive connect failures (Failed to connect to IB Gateway on 127.0.0.1:4001 (ClientId=93): ). Orders, cancels and tonight's envelopes are all blind until it is restarted. This is the 08-24 failure mode.
positions request timed out
open orders request timed out
completed orders request timed out
account updates for ACCOUNT_ALPHA request timed out
account updates for ACCOUNT_BETA request timed out
[CRITICAL] GATEWAY WEDGED: 3 consecutive connect failures (Failed to connect to IB Gateway on 127.0.0.1:4001 (ClientId=93): ). Orders, cancels and tonight's envelopes are all blind until it is restarted. This is the 08-24 failure mode.
positions request timed out
open orders request timed out
completed orders request timed out
account updates for ACCOUNT_ALPHA request timed out
account updates for ACCOUNT_BETA request timed out
[CRITICAL] GATEWAY WEDGED: 4 consecutive connect failures (Failed to connect to IB Gateway on 127.0.0.1:4001 (ClientId=93): ). Orders, cancels and tonight's envelopes are all blind until it is restarted. This is the 08-24 failure mode.
positions request timed out
open orders request timed out
completed orders request timed out
account updates for ACCOUNT_ALPHA request timed out
account updates for ACCOUNT_BETA request timed out
[CRITICAL] GATEWAY WEDGED: 5 consecutive connect failures (Failed to connect to IB Gateway on 127.0.0.1:4001 (ClientId=93): ). Orders, cancels and tonight's envelopes are all blind until it is restarted. This is the 08-24 failure mode.
positions request timed out
open orders request timed out
completed orders request timed out
account updates for ACCOUNT_ALPHA request timed out
account updates for ACCOUNT_BETA request timed out
[CRITICAL] GATEWAY WEDGED: 6 consecutive connect failures (Failed to connect to IB Gateway on 127.0.0.1:4001 (ClientId=93): ). Orders, cancels and tonight's envelopes are all blind until it is restarted. This is the 08-24 failure mode.
positions request timed out
open orders request timed out
completed orders request timed out
account updates for ACCOUNT_ALPHA request timed out
account updates for ACCOUNT_BETA request timed out
[CRITICAL] GATEWAY WEDGED: 7 consecutive connect failures (Failed to connect to IB Gateway on 127.0.0.1:4001 (ClientId=93): ). Orders, cancels and tonight's envelopes are all blind until it is restarted. This is the 08-24 failure mode.
[order_sentinel] clean @ 2026-09-02T04:46:24.334882+00:00
[order_sentinel] clean @ 2026-09-02T05:16:27.646913+00:00
[order_sentinel] clean @ 2026-09-02T05:46:30.916183+00:00
[order_sentinel] clean @ 2026-09-02T06:16:34.121387+00:00
[order_sentinel] clean @ 2026-09-02T06:46:37.202246+00:00
[order_sentinel] clean @ 2026-09-02T07:16:40.509603+00:00
[order_sentinel] clean @ 2026-09-02T07:46:43.723251+00:00
[order_sentinel] clean @ 2026-09-02T08:16:46.908037+00:00
[order_sentinel] clean @ 2026-09-02T08:46:50.053778+00:00
[order_sentinel] clean @ 2026-09-02T09:16:53.179531+00:00
[order_sentinel] clean @ 2026-09-02T09:46:56.349690+00:00
[order_sentinel] clean @ 2026-09-02T10:16:59.426955+00:00
[order_sentinel] clean @ 2026-09-02T10:47:02.589107+00:00
[order_sentinel] clean @ 2026-09-02T11:17:05.652317+00:00
[order_sentinel] clean @ 2026-09-02T11:47:08.726634+00:00
[order_sentinel] clean @ 2026-09-02T12:17:11.923244+00:00
[order_sentinel] clean @ 2026-09-02T12:47:15.017124+00:00
[order_sentinel] clean @ 2026-09-02T13:17:18.074578+00:00
[INFO] ORDER FILLED: FSLY 125@20.5 is off the blotter and a long position exists (125 sh) — move the intent row to filled_log and run the post-fill instrumentation from its ruling.
[order_sentinel] 1 finding(s) unchanged since last email — logged, not re-sent
  [INFO] ORDER FILLED: FSLY 125@20.5 is off the blotter and a long position exists (125 sh) — move the intent row to filled_log and run the post-fill instrumentation from its ruling.
completed orders request timed out
completed orders request timed out
[INFO] ORDER FILLED: FSLY 125@20.5 is off the blotter and a long position exists (125 sh) — move the intent row to filled_log and run the post-fill instrumentation from its ruling.
[order_sentinel] 1 finding(s) unchanged since last email — logged, not re-sent
  [INFO] ORDER FILLED: FSLY 125@20.5 is off the blotter and a long position exists (125 sh) — move the intent row to filled_log and run the post-fill instrumentation from its ruling.
[order_sentinel] 1 finding(s) unchanged since last email — logged, not re-sent
  [INFO] ORDER FILLED: FSLY 125@20.5 is off the blotter and a long position exists (125 sh) — move the intent row to filled_log and run the post-fill instrumentation from its ruling.
[order_sentinel] clean @ 2026-09-02T16:17:59.059694+00:00
[order_sentinel] clean @ 2026-09-02T16:48:02.285658+00:00
[order_sentinel] clean @ 2026-09-02T17:18:05.508399+00:00
[order_sentinel] clean @ 2026-09-02T17:48:08.679439+00:00
[order_sentinel] clean @ 2026-09-02T18:18:11.956512+00:00
[order_sentinel] clean @ 2026-09-02T18:48:15.247839+00:00
[order_sentinel] clean @ 2026-09-02T19:18:18.434677+00:00
[order_sentinel] clean @ 2026-09-02T19:48:21.817751+00:00
[order_sentinel] clean @ 2026-09-02T20:18:24.889617+00:00
[order_sentinel] clean @ 2026-09-02T20:48:28.012317+00:00
[order_sentinel] clean @ 2026-09-02T21:18:31.235505+00:00
[order_sentinel] clean @ 2026-09-02T21:48:34.378276+00:00
[order_sentinel] clean @ 2026-09-02T22:18:37.636442+00:00
[order_sentinel] clean @ 2026-09-02T22:48:40.661395+00:00
[order_sentinel] clean @ 2026-09-02T23:18:43.813086+00:00
[order_sentinel] clean @ 2026-09-02T23:48:47.117749+00:00
[order_sentinel] clean @ 2026-09-03T00:18:50.292589+00:00
[order_sentinel] clean @ 2026-09-03T00:48:53.527796+00:00
[order_sentinel] clean @ 2026-09-03T01:18:56.588938+00:00
[order_sentinel] clean @ 2026-09-03T01:48:59.671825+00:00
[order_sentinel] clean @ 2026-09-03T02:19:02.851843+00:00
[order_sentinel] clean @ 2026-09-03T02:49:05.887731+00:00
[order_sentinel] clean @ 2026-09-03T03:19:09.051740+00:00
[order_sentinel] clean @ 2026-09-03T03:49:12.184647+00:00
positions request timed out
open orders request timed out
completed orders request timed out
account updates for ACCOUNT_ALPHA request timed out
account updates for ACCOUNT_BETA request timed out
[order_sentinel] clean @ 2026-09-03T04:19:15.257292+00:00
[order_sentinel] clean @ 2026-09-03T04:49:32.579380+00:00
positions request timed out
open orders request timed out
completed orders request timed out
account updates for ACCOUNT_ALPHA request timed out
account updates for ACCOUNT_BETA request timed out
[order_sentinel] clean @ 2026-09-03T05:19:35.642871+00:00
[order_sentinel] clean @ 2026-09-03T05:49:56.615902+00:00
[order_sentinel] clean @ 2026-09-03T06:19:59.568446+00:00
[order_sentinel] clean @ 2026-09-03T06:50:02.730939+00:00
[order_sentinel] clean @ 2026-09-03T07:20:05.976863+00:00
[order_sentinel] clean @ 2026-09-03T07:50:09.220005+00:00
[order_sentinel] clean @ 2026-09-03T08:20:12.417738+00:00
[order_sentinel] clean @ 2026-09-03T08:50:15.700666+00:00
[order_sentinel] clean @ 2026-09-03T09:20:19.080062+00:00
[order_sentinel] clean @ 2026-09-03T09:50:22.377284+00:00
[order_sentinel] clean @ 2026-09-03T10:20:25.682294+00:00
[order_sentinel] clean @ 2026-09-03T10:50:29.010489+00:00
[order_sentinel] clean @ 2026-09-03T11:20:32.188006+00:00
[order_sentinel] clean @ 2026-09-03T11:50:35.331352+00:00
[order_sentinel] clean @ 2026-09-03T12:20:38.461538+00:00
[order_sentinel] clean @ 2026-09-03T12:50:41.619376+00:00
[order_sentinel] clean @ 2026-09-03T13:20:44.727799+00:00
[order_sentinel] clean @ 2026-09-03T13:50:47.854175+00:00
[order_sentinel] clean @ 2026-09-03T14:20:51.038297+00:00
[order_sentinel] clean @ 2026-09-03T14:50:54.114458+00:00
[order_sentinel] clean @ 2026-09-03T15:20:57.169911+00:00
[order_sentinel] clean @ 2026-09-03T15:51:00.357928+00:00
/Users/ajay/Library/Python/3.9/lib/python/site-packages/urllib3/__init__.py:35: NotOpenSSLWarning: urllib3 v2 only supports OpenSSL 1.1.1+, currently the 'ssl' module is compiled with 'LibreSSL 2.8.3'. See: https://github.com/urllib3/urllib3/issues/3020
  warnings.warn(
HTTP Error 404: {"quoteSummary":{"result":null,"error":{"code":"Not Found","description":"No fundamentals data found for symbol: TFW"}}}
HTTP Error 404: {"quoteSummary":{"result":null,"error":{"code":"Not Found","description":"Quote not found for symbol: SPR"}}}
HTTP Error 404: {"quoteSummary":{"result":null,"error":{"code":"Not Found","description":"No fundamentals data found for symbol: FDM"}}}
HTTP Error 404: {"quoteSummary":{"result":null,"error":{"code":"Not Found","description":"No fundamentals data found for symbol: FUTR"}}}
HTTP Error 404: {"quoteSummary":{"result":null,"error":{"code":"Not Found","description":"Quote not found for symbol: VRLA"}}}
HTTP Error 404: {"quoteSummary":{"result":null,"error":{"code":"Not Found","description":"Quote not found for symbol: KALMAR"}}}
HTTP Error 404: {"quoteSummary":{"result":null,"error":{"code":"Not Found","description":"No fundamentals data found for symbol: SFPI"}}}
[order_sentinel] clean @ 2026-09-03T16:21:03.562490+00:00
[order_sentinel] clean @ 2026-09-03T16:51:11.474565+00:00
[order_sentinel] clean @ 2026-09-03T17:21:14.601040+00:00
[order_sentinel] clean @ 2026-09-03T17:51:17.841618+00:00
Traceback (most recent call last):
  File "/Library/Developer/CommandLineTools/Library/Frameworks/Python3.framework/Versions/3.9/lib/python3.9/runpy.py", line 197, in _run_module_as_main
    return _run_code(code, main_globals, None,
  File "/Library/Developer/CommandLineTools/Library/Frameworks/Python3.framework/Versions/3.9/lib/python3.9/runpy.py", line 87, in _run_code
    exec(code, run_globals)
  File "/Users/ajay/exalted/signalos/desk/order_sentinel.py", line 308, in <module>
    sys.exit(run(dry="--dry" in sys.argv))
  File "/Users/ajay/exalted/signalos/desk/order_sentinel.py", line 128, in run
    hits = [o for o in orders if _match(o, spec)]
  File "/Users/ajay/exalted/signalos/desk/order_sentinel.py", line 128, in <listcomp>
    hits = [o for o in orders if _match(o, spec)]
  File "/Users/ajay/exalted/signalos/desk/order_sentinel.py", line 69, in _match
    order.get("localSymbol", order.get("symbol")) == spec["symbol"]
KeyError: 'symbol'
Traceback (most recent call last):
  File "/Library/Developer/CommandLineTools/Library/Frameworks/Python3.framework/Versions/3.9/lib/python3.9/runpy.py", line 197, in _run_module_as_main
    return _run_code(code, main_globals, None,
  File "/Library/Developer/CommandLineTools/Library/Frameworks/Python3.framework/Versions/3.9/lib/python3.9/runpy.py", line 87, in _run_code
    exec(code, run_globals)
  File "/Users/ajay/exalted/signalos/desk/order_sentinel.py", line 308, in <module>
    sys.exit(run(dry="--dry" in sys.argv))
  File "/Users/ajay/exalted/signalos/desk/order_sentinel.py", line 128, in run
    hits = [o for o in orders if _match(o, spec)]
  File "/Users/ajay/exalted/signalos/desk/order_sentinel.py", line 128, in <listcomp>
    hits = [o for o in orders if _match(o, spec)]
  File "/Users/ajay/exalted/signalos/desk/order_sentinel.py", line 69, in _match
    order.get("localSymbol", order.get("symbol")) == spec["symbol"]
KeyError: 'symbol'
Traceback (most recent call last):
  File "/Library/Developer/CommandLineTools/Library/Frameworks/Python3.framework/Versions/3.9/lib/python3.9/runpy.py", line 197, in _run_module_as_main
    return _run_code(code, main_globals, None,
  File "/Library/Developer/CommandLineTools/Library/Frameworks/Python3.framework/Versions/3.9/lib/python3.9/runpy.py", line 87, in _run_code
    exec(code, run_globals)
  File "/Users/ajay/exalted/signalos/desk/order_sentinel.py", line 308, in <module>
    sys.exit(run(dry="--dry" in sys.argv))
  File "/Users/ajay/exalted/signalos/desk/order_sentinel.py", line 128, in run
    hits = [o for o in orders if _match(o, spec)]
  File "/Users/ajay/exalted/signalos/desk/order_sentinel.py", line 128, in <listcomp>
    hits = [o for o in orders if _match(o, spec)]
  File "/Users/ajay/exalted/signalos/desk/order_sentinel.py", line 69, in _match
    order.get("localSymbol", order.get("symbol")) == spec["symbol"]
KeyError: 'symbol'
Traceback (most recent call last):
  File "/Library/Developer/CommandLineTools/Library/Frameworks/Python3.framework/Versions/3.9/lib/python3.9/runpy.py", line 197, in _run_module_as_main
    return _run_code(code, main_globals, None,
  File "/Library/Developer/CommandLineTools/Library/Frameworks/Python3.framework/Versions/3.9/lib/python3.9/runpy.py", line 87, in _run_code
    exec(code, run_globals)
  File "/Users/ajay/exalted/signalos/desk/order_sentinel.py", line 308, in <module>
    sys.exit(run(dry="--dry" in sys.argv))
  File "/Users/ajay/exalted/signalos/desk/order_sentinel.py", line 128, in run
    hits = [o for o in orders if _match(o, spec)]
  File "/Users/ajay/exalted/signalos/desk/order_sentinel.py", line 128, in <listcomp>
    hits = [o for o in orders if _match(o, spec)]
  File "/Users/ajay/exalted/signalos/desk/order_sentinel.py", line 69, in _match
    order.get("localSymbol", order.get("symbol")) == spec["symbol"]
KeyError: 'symbol'
Traceback (most recent call last):
  File "/Library/Developer/CommandLineTools/Library/Frameworks/Python3.framework/Versions/3.9/lib/python3.9/runpy.py", line 197, in _run_module_as_main
    return _run_code(code, main_globals, None,
  File "/Library/Developer/CommandLineTools/Library/Frameworks/Python3.framework/Versions/3.9/lib/python3.9/runpy.py", line 87, in _run_code
    exec(code, run_globals)
  File "/Users/ajay/exalted/signalos/desk/order_sentinel.py", line 308, in <module>
    sys.exit(run(dry="--dry" in sys.argv))
  File "/Users/ajay/exalted/signalos/desk/order_sentinel.py", line 128, in run
    hits = [o for o in orders if _match(o, spec)]
  File "/Users/ajay/exalted/signalos/desk/order_sentinel.py", line 128, in <listcomp>
    hits = [o for o in orders if _match(o, spec)]
  File "/Users/ajay/exalted/signalos/desk/order_sentinel.py", line 69, in _match
    order.get("localSymbol", order.get("symbol")) == spec["symbol"]
KeyError: 'symbol'
Traceback (most recent call last):
  File "/Library/Developer/CommandLineTools/Library/Frameworks/Python3.framework/Versions/3.9/lib/python3.9/runpy.py", line 197, in _run_module_as_main
    return _run_code(code, main_globals, None,
  File "/Library/Developer/CommandLineTools/Library/Frameworks/Python3.framework/Versions/3.9/lib/python3.9/runpy.py", line 87, in _run_code
    exec(code, run_globals)
  File "/Users/ajay/exalted/signalos/desk/order_sentinel.py", line 308, in <module>
    sys.exit(run(dry="--dry" in sys.argv))
  File "/Users/ajay/exalted/signalos/desk/order_sentinel.py", line 128, in run
    hits = [o for o in orders if _match(o, spec)]
  File "/Users/ajay/exalted/signalos/desk/order_sentinel.py", line 128, in <listcomp>
    hits = [o for o in orders if _match(o, spec)]
  File "/Users/ajay/exalted/signalos/desk/order_sentinel.py", line 69, in _match
    order.get("localSymbol", order.get("symbol")) == spec["symbol"]
KeyError: 'symbol'
Traceback (most recent call last):
  File "/Library/Developer/CommandLineTools/Library/Frameworks/Python3.framework/Versions/3.9/lib/python3.9/runpy.py", line 197, in _run_module_as_main
    return _run_code(code, main_globals, None,
  File "/Library/Developer/CommandLineTools/Library/Frameworks/Python3.framework/Versions/3.9/lib/python3.9/runpy.py", line 87, in _run_code
    exec(code, run_globals)
  File "/Users/ajay/exalted/signalos/desk/order_sentinel.py", line 308, in <module>
    sys.exit(run(dry="--dry" in sys.argv))
  File "/Users/ajay/exalted/signalos/desk/order_sentinel.py", line 128, in run
    hits = [o for o in orders if _match(o, spec)]
  File "/Users/ajay/exalted/signalos/desk/order_sentinel.py", line 128, in <listcomp>
    hits = [o for o in orders if _match(o, spec)]
  File "/Users/ajay/exalted/signalos/desk/order_sentinel.py", line 69, in _match
    order.get("localSymbol", order.get("symbol")) == spec["symbol"]
KeyError: 'symbol'
Traceback (most recent call last):
  File "/Library/Developer/CommandLineTools/Library/Frameworks/Python3.framework/Versions/3.9/lib/python3.9/runpy.py", line 197, in _run_module_as_main
    return _run_code(code, main_globals, None,
  File "/Library/Developer/CommandLineTools/Library/Frameworks/Python3.framework/Versions/3.9/lib/python3.9/runpy.py", line 87, in _run_code
    exec(code, run_globals)
  File "/Users/ajay/exalted/signalos/desk/order_sentinel.py", line 308, in <module>
    sys.exit(run(dry="--dry" in sys.argv))
  File "/Users/ajay/exalted/signalos/desk/order_sentinel.py", line 128, in run
    hits = [o for o in orders if _match(o, spec)]
  File "/Users/ajay/exalted/signalos/desk/order_sentinel.py", line 128, in <listcomp>
    hits = [o for o in orders if _match(o, spec)]
  File "/Users/ajay/exalted/signalos/desk/order_sentinel.py", line 69, in _match
    order.get("localSymbol", order.get("symbol")) == spec["symbol"]
KeyError: 'symbol'
Traceback (most recent call last):
  File "/Library/Developer/CommandLineTools/Library/Frameworks/Python3.framework/Versions/3.9/lib/python3.9/runpy.py", line 197, in _run_module_as_main
    return _run_code(code, main_globals, None,
  File "/Library/Developer/CommandLineTools/Library/Frameworks/Python3.framework/Versions/3.9/lib/python3.9/runpy.py", line 87, in _run_code
    exec(code, run_globals)
  File "/Users/ajay/exalted/signalos/desk/order_sentinel.py", line 308, in <module>
    sys.exit(run(dry="--dry" in sys.argv))
  File "/Users/ajay/exalted/signalos/desk/order_sentinel.py", line 128, in run
    hits = [o for o in orders if _match(o, spec)]
  File "/Users/ajay/exalted/signalos/desk/order_sentinel.py", line 128, in <listcomp>
    hits = [o for o in orders if _match(o, spec)]
  File "/Users/ajay/exalted/signalos/desk/order_sentinel.py", line 69, in _match
    order.get("localSymbol", order.get("symbol")) == spec["symbol"]
KeyError: 'symbol'
Traceback (most recent call last):
  File "/Library/Developer/CommandLineTools/Library/Frameworks/Python3.framework/Versions/3.9/lib/python3.9/runpy.py", line 197, in _run_module_as_main
    return _run_code(code, main_globals, None,
  File "/Library/Developer/CommandLineTools/Library/Frameworks/Python3.framework/Versions/3.9/lib/python3.9/runpy.py", line 87, in _run_code
    exec(code, run_globals)
  File "/Users/ajay/exalted/signalos/desk/order_sentinel.py", line 308, in <module>
    sys.exit(run(dry="--dry" in sys.argv))
  File "/Users/ajay/exalted/signalos/desk/order_sentinel.py", line 128, in run
    hits = [o for o in orders if _match(o, spec)]
  File "/Users/ajay/exalted/signalos/desk/order_sentinel.py", line 128, in <listcomp>
    hits = [o for o in orders if _match(o, spec)]
  File "/Users/ajay/exalted/signalos/desk/order_sentinel.py", line 69, in _match
    order.get("localSymbol", order.get("symbol")) == spec["symbol"]
KeyError: 'symbol'
Traceback (most recent call last):
  File "/Library/Developer/CommandLineTools/Library/Frameworks/Python3.framework/Versions/3.9/lib/python3.9/runpy.py", line 197, in _run_module_as_main
    return _run_code(code, main_globals, None,
  File "/Library/Developer/CommandLineTools/Library/Frameworks/Python3.framework/Versions/3.9/lib/python3.9/runpy.py", line 87, in _run_code
    exec(code, run_globals)
  File "/Users/ajay/exalted/signalos/desk/order_sentinel.py", line 308, in <module>
    sys.exit(run(dry="--dry" in sys.argv))
  File "/Users/ajay/exalted/signalos/desk/order_sentinel.py", line 128, in run
    hits = [o for o in orders if _match(o, spec)]
  File "/Users/ajay/exalted/signalos/desk/order_sentinel.py", line 128, in <listcomp>
    hits = [o for o in orders if _match(o, spec)]
  File "/Users/ajay/exalted/signalos/desk/order_sentinel.py", line 69, in _match
    order.get("localSymbol", order.get("symbol")) == spec["symbol"]
KeyError: 'symbol'
Traceback (most recent call last):
  File "/Library/Developer/CommandLineTools/Library/Frameworks/Python3.framework/Versions/3.9/lib/python3.9/runpy.py", line 197, in _run_module_as_main
    return _run_code(code, main_globals, None,
  File "/Library/Developer/CommandLineTools/Library/Frameworks/Python3.framework/Versions/3.9/lib/python3.9/runpy.py", line 87, in _run_code
    exec(code, run_globals)
  File "/Users/ajay/exalted/signalos/desk/order_sentinel.py", line 308, in <module>
    sys.exit(run(dry="--dry" in sys.argv))
  File "/Users/ajay/exalted/signalos/desk/order_sentinel.py", line 128, in run
    hits = [o for o in orders if _match(o, spec)]
  File "/Users/ajay/exalted/signalos/desk/order_sentinel.py", line 128, in <listcomp>
    hits = [o for o in orders if _match(o, spec)]
  File "/Users/ajay/exalted/signalos/desk/order_sentinel.py", line 69, in _match
    order.get("localSymbol", order.get("symbol")) == spec["symbol"]
KeyError: 'symbol'
Traceback (most recent call last):
  File "/Library/Developer/CommandLineTools/Library/Frameworks/Python3.framework/Versions/3.9/lib/python3.9/runpy.py", line 197, in _run_module_as_main
    return _run_code(code, main_globals, None,
  File "/Library/Developer/CommandLineTools/Library/Frameworks/Python3.framework/Versions/3.9/lib/python3.9/runpy.py", line 87, in _run_code
    exec(code, run_globals)
  File "/Users/ajay/exalted/signalos/desk/order_sentinel.py", line 308, in <module>
    sys.exit(run(dry="--dry" in sys.argv))
  File "/Users/ajay/exalted/signalos/desk/order_sentinel.py", line 128, in run
    hits = [o for o in orders if _match(o, spec)]
  File "/Users/ajay/exalted/signalos/desk/order_sentinel.py", line 128, in <listcomp>
    hits = [o for o in orders if _match(o, spec)]
  File "/Users/ajay/exalted/signalos/desk/order_sentinel.py", line 69, in _match
    order.get("localSymbol", order.get("symbol")) == spec["symbol"]
KeyError: 'symbol'
Traceback (most recent call last):
  File "/Library/Developer/CommandLineTools/Library/Frameworks/Python3.framework/Versions/3.9/lib/python3.9/runpy.py", line 197, in _run_module_as_main
    return _run_code(code, main_globals, None,
  File "/Library/Developer/CommandLineTools/Library/Frameworks/Python3.framework/Versions/3.9/lib/python3.9/runpy.py", line 87, in _run_code
    exec(code, run_globals)
  File "/Users/ajay/exalted/signalos/desk/order_sentinel.py", line 308, in <module>
    sys.exit(run(dry="--dry" in sys.argv))
  File "/Users/ajay/exalted/signalos/desk/order_sentinel.py", line 128, in run
    hits = [o for o in orders if _match(o, spec)]
  File "/Users/ajay/exalted/signalos/desk/order_sentinel.py", line 128, in <listcomp>
    hits = [o for o in orders if _match(o, spec)]
  File "/Users/ajay/exalted/signalos/desk/order_sentinel.py", line 69, in _match
    order.get("localSymbol", order.get("symbol")) == spec["symbol"]
KeyError: 'symbol'
Traceback (most recent call last):
  File "/Library/Developer/CommandLineTools/Library/Frameworks/Python3.framework/Versions/3.9/lib/python3.9/runpy.py", line 197, in _run_module_as_main
    return _run_code(code, main_globals, None,
  File "/Library/Developer/CommandLineTools/Library/Frameworks/Python3.framework/Versions/3.9/lib/python3.9/runpy.py", line 87, in _run_code
    exec(code, run_globals)
  File "/Users/ajay/exalted/signalos/desk/order_sentinel.py", line 308, in <module>
    sys.exit(run(dry="--dry" in sys.argv))
  File "/Users/ajay/exalted/signalos/desk/order_sentinel.py", line 128, in run
    hits = [o for o in orders if _match(o, spec)]
  File "/Users/ajay/exalted/signalos/desk/order_sentinel.py", line 128, in <listcomp>
    hits = [o for o in orders if _match(o, spec)]
  File "/Users/ajay/exalted/signalos/desk/order_sentinel.py", line 69, in _match
    order.get("localSymbol", order.get("symbol")) == spec["symbol"]
KeyError: 'symbol'
Traceback (most recent call last):
  File "/Library/Developer/CommandLineTools/Library/Frameworks/Python3.framework/Versions/3.9/lib/python3.9/runpy.py", line 197, in _run_module_as_main
    return _run_code(code, main_globals, None,
  File "/Library/Developer/CommandLineTools/Library/Frameworks/Python3.framework/Versions/3.9/lib/python3.9/runpy.py", line 87, in _run_code
    exec(code, run_globals)
  File "/Users/ajay/exalted/signalos/desk/order_sentinel.py", line 308, in <module>
    sys.exit(run(dry="--dry" in sys.argv))
  File "/Users/ajay/exalted/signalos/desk/order_sentinel.py", line 128, in run
    hits = [o for o in orders if _match(o, spec)]
  File "/Users/ajay/exalted/signalos/desk/order_sentinel.py", line 128, in <listcomp>
    hits = [o for o in orders if _match(o, spec)]
  File "/Users/ajay/exalted/signalos/desk/order_sentinel.py", line 69, in _match
    order.get("localSymbol", order.get("symbol")) == spec["symbol"]
KeyError: 'symbol'
Traceback (most recent call last):
  File "/Library/Developer/CommandLineTools/Library/Frameworks/Python3.framework/Versions/3.9/lib/python3.9/runpy.py", line 197, in _run_module_as_main
    return _run_code(code, main_globals, None,
  File "/Library/Developer/CommandLineTools/Library/Frameworks/Python3.framework/Versions/3.9/lib/python3.9/runpy.py", line 87, in _run_code
    exec(code, run_globals)
  File "/Users/ajay/exalted/signalos/desk/order_sentinel.py", line 308, in <module>
    sys.exit(run(dry="--dry" in sys.argv))
  File "/Users/ajay/exalted/signalos/desk/order_sentinel.py", line 128, in run
    hits = [o for o in orders if _match(o, spec)]
  File "/Users/ajay/exalted/signalos/desk/order_sentinel.py", line 128, in <listcomp>
    hits = [o for o in orders if _match(o, spec)]
  File "/Users/ajay/exalted/signalos/desk/order_sentinel.py", line 69, in _match
    order.get("localSymbol", order.get("symbol")) == spec["symbol"]
KeyError: 'symbol'
Traceback (most recent call last):
  File "/Library/Developer/CommandLineTools/Library/Frameworks/Python3.framework/Versions/3.9/lib/python3.9/runpy.py", line 197, in _run_module_as_main
    return _run_code(code, main_globals, None,
  File "/Library/Developer/CommandLineTools/Library/Frameworks/Python3.framework/Versions/3.9/lib/python3.9/runpy.py", line 87, in _run_code
    exec(code, run_globals)
  File "/Users/ajay/exalted/signalos/desk/order_sentinel.py", line 308, in <module>
    sys.exit(run(dry="--dry" in sys.argv))
  File "/Users/ajay/exalted/signalos/desk/order_sentinel.py", line 128, in run
    hits = [o for o in orders if _match(o, spec)]
  File "/Users/ajay/exalted/signalos/desk/order_sentinel.py", line 128, in <listcomp>
    hits = [o for o in orders if _match(o, spec)]
  File "/Users/ajay/exalted/signalos/desk/order_sentinel.py", line 69, in _match
    order.get("localSymbol", order.get("symbol")) == spec["symbol"]
KeyError: 'symbol'
Traceback (most recent call last):
  File "/Library/Developer/CommandLineTools/Library/Frameworks/Python3.framework/Versions/3.9/lib/python3.9/runpy.py", line 197, in _run_module_as_main
    return _run_code(code, main_globals, None,
  File "/Library/Developer/CommandLineTools/Library/Frameworks/Python3.framework/Versions/3.9/lib/python3.9/runpy.py", line 87, in _run_code
    exec(code, run_globals)
  File "/Users/ajay/exalted/signalos/desk/order_sentinel.py", line 308, in <module>
    sys.exit(run(dry="--dry" in sys.argv))
  File "/Users/ajay/exalted/signalos/desk/order_sentinel.py", line 128, in run
    hits = [o for o in orders if _match(o, spec)]
  File "/Users/ajay/exalted/signalos/desk/order_sentinel.py", line 128, in <listcomp>
    hits = [o for o in orders if _match(o, spec)]
  File "/Users/ajay/exalted/signalos/desk/order_sentinel.py", line 69, in _match
    order.get("localSymbol", order.get("symbol")) == spec["symbol"]
KeyError: 'symbol'
Traceback (most recent call last):
  File "/Library/Developer/CommandLineTools/Library/Frameworks/Python3.framework/Versions/3.9/lib/python3.9/runpy.py", line 197, in _run_module_as_main
    return _run_code(code, main_globals, None,
  File "/Library/Developer/CommandLineTools/Library/Frameworks/Python3.framework/Versions/3.9/lib/python3.9/runpy.py", line 87, in _run_code
    exec(code, run_globals)
  File "/Users/ajay/exalted/signalos/desk/order_sentinel.py", line 308, in <module>
    sys.exit(run(dry="--dry" in sys.argv))
  File "/Users/ajay/exalted/signalos/desk/order_sentinel.py", line 128, in run
    hits = [o for o in orders if _match(o, spec)]
  File "/Users/ajay/exalted/signalos/desk/order_sentinel.py", line 128, in <listcomp>
    hits = [o for o in orders if _match(o, spec)]
  File "/Users/ajay/exalted/signalos/desk/order_sentinel.py", line 69, in _match
    order.get("localSymbol", order.get("symbol")) == spec["symbol"]
KeyError: 'symbol'
Traceback (most recent call last):
  File "/Library/Developer/CommandLineTools/Library/Frameworks/Python3.framework/Versions/3.9/lib/python3.9/runpy.py", line 197, in _run_module_as_main
    return _run_code(code, main_globals, None,
  File "/Library/Developer/CommandLineTools/Library/Frameworks/Python3.framework/Versions/3.9/lib/python3.9/runpy.py", line 87, in _run_code
    exec(code, run_globals)
  File "/Users/ajay/exalted/signalos/desk/order_sentinel.py", line 308, in <module>
    sys.exit(run(dry="--dry" in sys.argv))
  File "/Users/ajay/exalted/signalos/desk/order_sentinel.py", line 128, in run
    hits = [o for o in orders if _match(o, spec)]
  File "/Users/ajay/exalted/signalos/desk/order_sentinel.py", line 128, in <listcomp>
    hits = [o for o in orders if _match(o, spec)]
  File "/Users/ajay/exalted/signalos/desk/order_sentinel.py", line 69, in _match
    order.get("localSymbol", order.get("symbol")) == spec["symbol"]
KeyError: 'symbol'
Traceback (most recent call last):
  File "/Library/Developer/CommandLineTools/Library/Frameworks/Python3.framework/Versions/3.9/lib/python3.9/runpy.py", line 197, in _run_module_as_main
    return _run_code(code, main_globals, None,
  File "/Library/Developer/CommandLineTools/Library/Frameworks/Python3.framework/Versions/3.9/lib/python3.9/runpy.py", line 87, in _run_code
    exec(code, run_globals)
  File "/Users/ajay/exalted/signalos/desk/order_sentinel.py", line 308, in <module>
    sys.exit(run(dry="--dry" in sys.argv))
  File "/Users/ajay/exalted/signalos/desk/order_sentinel.py", line 128, in run
    hits = [o for o in orders if _match(o, spec)]
  File "/Users/ajay/exalted/signalos/desk/order_sentinel.py", line 128, in <listcomp>
    hits = [o for o in orders if _match(o, spec)]
  File "/Users/ajay/exalted/signalos/desk/order_sentinel.py", line 69, in _match
    order.get("localSymbol", order.get("symbol")) == spec["symbol"]
KeyError: 'symbol'
Traceback (most recent call last):
  File "/Library/Developer/CommandLineTools/Library/Frameworks/Python3.framework/Versions/3.9/lib/python3.9/runpy.py", line 197, in _run_module_as_main
    return _run_code(code, main_globals, None,
  File "/Library/Developer/CommandLineTools/Library/Frameworks/Python3.framework/Versions/3.9/lib/python3.9/runpy.py", line 87, in _run_code
    exec(code, run_globals)
  File "/Users/ajay/exalted/signalos/desk/order_sentinel.py", line 308, in <module>
    sys.exit(run(dry="--dry" in sys.argv))
  File "/Users/ajay/exalted/signalos/desk/order_sentinel.py", line 128, in run
    hits = [o for o in orders if _match(o, spec)]
  File "/Users/ajay/exalted/signalos/desk/order_sentinel.py", line 128, in <listcomp>
    hits = [o for o in orders if _match(o, spec)]
  File "/Users/ajay/exalted/signalos/desk/order_sentinel.py", line 69, in _match
    order.get("localSymbol", order.get("symbol")) == spec["symbol"]
KeyError: 'symbol'
Traceback (most recent call last):
  File "/Library/Developer/CommandLineTools/Library/Frameworks/Python3.framework/Versions/3.9/lib/python3.9/runpy.py", line 197, in _run_module_as_main
    return _run_code(code, main_globals, None,
  File "/Library/Developer/CommandLineTools/Library/Frameworks/Python3.framework/Versions/3.9/lib/python3.9/runpy.py", line 87, in _run_code
    exec(code, run_globals)
  File "/Users/ajay/exalted/signalos/desk/order_sentinel.py", line 308, in <module>
    sys.exit(run(dry="--dry" in sys.argv))
  File "/Users/ajay/exalted/signalos/desk/order_sentinel.py", line 128, in run
    hits = [o for o in orders if _match(o, spec)]
  File "/Users/ajay/exalted/signalos/desk/order_sentinel.py", line 128, in <listcomp>
    hits = [o for o in orders if _match(o, spec)]
  File "/Users/ajay/exalted/signalos/desk/order_sentinel.py", line 69, in _match
    order.get("localSymbol", order.get("symbol")) == spec["symbol"]
KeyError: 'symbol'
Traceback (most recent call last):
  File "/Library/Developer/CommandLineTools/Library/Frameworks/Python3.framework/Versions/3.9/lib/python3.9/runpy.py", line 197, in _run_module_as_main
    return _run_code(code, main_globals, None,
  File "/Library/Developer/CommandLineTools/Library/Frameworks/Python3.framework/Versions/3.9/lib/python3.9/runpy.py", line 87, in _run_code
    exec(code, run_globals)
  File "/Users/ajay/exalted/signalos/desk/order_sentinel.py", line 308, in <module>
    sys.exit(run(dry="--dry" in sys.argv))
  File "/Users/ajay/exalted/signalos/desk/order_sentinel.py", line 128, in run
    hits = [o for o in orders if _match(o, spec)]
  File "/Users/ajay/exalted/signalos/desk/order_sentinel.py", line 128, in <listcomp>
    hits = [o for o in orders if _match(o, spec)]
  File "/Users/ajay/exalted/signalos/desk/order_sentinel.py", line 69, in _match
    order.get("localSymbol", order.get("symbol")) == spec["symbol"]
KeyError: 'symbol'
Traceback (most recent call last):
  File "/Library/Developer/CommandLineTools/Library/Frameworks/Python3.framework/Versions/3.9/lib/python3.9/runpy.py", line 197, in _run_module_as_main
    return _run_code(code, main_globals, None,
  File "/Library/Developer/CommandLineTools/Library/Frameworks/Python3.framework/Versions/3.9/lib/python3.9/runpy.py", line 87, in _run_code
    exec(code, run_globals)
  File "/Users/ajay/exalted/signalos/desk/order_sentinel.py", line 308, in <module>
    sys.exit(run(dry="--dry" in sys.argv))
  File "/Users/ajay/exalted/signalos/desk/order_sentinel.py", line 128, in run
    hits = [o for o in orders if _match(o, spec)]
  File "/Users/ajay/exalted/signalos/desk/order_sentinel.py", line 128, in <listcomp>
    hits = [o for o in orders if _match(o, spec)]
  File "/Users/ajay/exalted/signalos/desk/order_sentinel.py", line 69, in _match
    order.get("localSymbol", order.get("symbol")) == spec["symbol"]
KeyError: 'symbol'
positions request timed out
open orders request timed out
completed orders request timed out
account updates for ACCOUNT_ALPHA request timed out
account updates for ACCOUNT_BETA request timed out
[order_sentinel] clean @ 2026-09-04T07:22:30.459483+00:00
completed orders request timed out
Traceback (most recent call last):
  File "/Library/Developer/CommandLineTools/Library/Frameworks/Python3.framework/Versions/3.9/lib/python3.9/runpy.py", line 197, in _run_module_as_main
    return _run_code(code, main_globals, None,
  File "/Library/Developer/CommandLineTools/Library/Frameworks/Python3.framework/Versions/3.9/lib/python3.9/runpy.py", line 87, in _run_code
    exec(code, run_globals)
  File "/Users/ajay/exalted/signalos/desk/order_sentinel.py", line 324, in <module>
    sys.exit(run(dry="--dry" in sys.argv))
  File "/Users/ajay/exalted/signalos/desk/order_sentinel.py", line 144, in run
    hits = [o for o in orders if _match(o, spec)]
  File "/Users/ajay/exalted/signalos/desk/order_sentinel.py", line 144, in <listcomp>
    hits = [o for o in orders if _match(o, spec)]
  File "/Users/ajay/exalted/signalos/desk/order_sentinel.py", line 69, in _match
    order.get("localSymbol", order.get("symbol")) == spec["symbol"]
KeyError: 'symbol'
completed orders request timed out
Traceback (most recent call last):
  File "/Library/Developer/CommandLineTools/Library/Frameworks/Python3.framework/Versions/3.9/lib/python3.9/runpy.py", line 197, in _run_module_as_main
    return _run_code(code, main_globals, None,
  File "/Library/Developer/CommandLineTools/Library/Frameworks/Python3.framework/Versions/3.9/lib/python3.9/runpy.py", line 87, in _run_code
    exec(code, run_globals)
  File "/Users/ajay/exalted/signalos/desk/order_sentinel.py", line 324, in <module>
    sys.exit(run(dry="--dry" in sys.argv))
  File "/Users/ajay/exalted/signalos/desk/order_sentinel.py", line 144, in run
    hits = [o for o in orders if _match(o, spec)]
  File "/Users/ajay/exalted/signalos/desk/order_sentinel.py", line 144, in <listcomp>
    hits = [o for o in orders if _match(o, spec)]
  File "/Users/ajay/exalted/signalos/desk/order_sentinel.py", line 69, in _match
    order.get("localSymbol", order.get("symbol")) == spec["symbol"]
KeyError: 'symbol'
completed orders request timed out
Traceback (most recent call last):
  File "/Library/Developer/CommandLineTools/Library/Frameworks/Python3.framework/Versions/3.9/lib/python3.9/runpy.py", line 197, in _run_module_as_main
    return _run_code(code, main_globals, None,
  File "/Library/Developer/CommandLineTools/Library/Frameworks/Python3.framework/Versions/3.9/lib/python3.9/runpy.py", line 87, in _run_code
    exec(code, run_globals)
  File "/Users/ajay/exalted/signalos/desk/order_sentinel.py", line 324, in <module>
    sys.exit(run(dry="--dry" in sys.argv))
  File "/Users/ajay/exalted/signalos/desk/order_sentinel.py", line 144, in run
    hits = [o for o in orders if _match(o, spec)]
  File "/Users/ajay/exalted/signalos/desk/order_sentinel.py", line 144, in <listcomp>
    hits = [o for o in orders if _match(o, spec)]
  File "/Users/ajay/exalted/signalos/desk/order_sentinel.py", line 69, in _match
    order.get("localSymbol", order.get("symbol")) == spec["symbol"]
KeyError: 'symbol'
completed orders request timed out
Traceback (most recent call last):
  File "/Library/Developer/CommandLineTools/Library/Frameworks/Python3.framework/Versions/3.9/lib/python3.9/runpy.py", line 197, in _run_module_as_main
    return _run_code(code, main_globals, None,
  File "/Library/Developer/CommandLineTools/Library/Frameworks/Python3.framework/Versions/3.9/lib/python3.9/runpy.py", line 87, in _run_code
    exec(code, run_globals)
  File "/Users/ajay/exalted/signalos/desk/order_sentinel.py", line 324, in <module>
    sys.exit(run(dry="--dry" in sys.argv))
  File "/Users/ajay/exalted/signalos/desk/order_sentinel.py", line 144, in run
    hits = [o for o in orders if _match(o, spec)]
  File "/Users/ajay/exalted/signalos/desk/order_sentinel.py", line 144, in <listcomp>
    hits = [o for o in orders if _match(o, spec)]
  File "/Users/ajay/exalted/signalos/desk/order_sentinel.py", line 69, in _match
    order.get("localSymbol", order.get("symbol")) == spec["symbol"]
KeyError: 'symbol'
completed orders request timed out
Traceback (most recent call last):
  File "/Library/Developer/CommandLineTools/Library/Frameworks/Python3.framework/Versions/3.9/lib/python3.9/runpy.py", line 197, in _run_module_as_main
    return _run_code(code, main_globals, None,
  File "/Library/Developer/CommandLineTools/Library/Frameworks/Python3.framework/Versions/3.9/lib/python3.9/runpy.py", line 87, in _run_code
    exec(code, run_globals)
  File "/Users/ajay/exalted/signalos/desk/order_sentinel.py", line 324, in <module>
    sys.exit(run(dry="--dry" in sys.argv))
  File "/Users/ajay/exalted/signalos/desk/order_sentinel.py", line 144, in run
    hits = [o for o in orders if _match(o, spec)]
  File "/Users/ajay/exalted/signalos/desk/order_sentinel.py", line 144, in <listcomp>
    hits = [o for o in orders if _match(o, spec)]
  File "/Users/ajay/exalted/signalos/desk/order_sentinel.py", line 69, in _match
    order.get("localSymbol", order.get("symbol")) == spec["symbol"]
KeyError: 'symbol'
completed orders request timed out
Traceback (most recent call last):
  File "/Library/Developer/CommandLineTools/Library/Frameworks/Python3.framework/Versions/3.9/lib/python3.9/runpy.py", line 197, in _run_module_as_main
    return _run_code(code, main_globals, None,
  File "/Library/Developer/CommandLineTools/Library/Frameworks/Python3.framework/Versions/3.9/lib/python3.9/runpy.py", line 87, in _run_code
    exec(code, run_globals)
  File "/Users/ajay/exalted/signalos/desk/order_sentinel.py", line 324, in <module>
    sys.exit(run(dry="--dry" in sys.argv))
  File "/Users/ajay/exalted/signalos/desk/order_sentinel.py", line 144, in run
    hits = [o for o in orders if _match(o, spec)]
  File "/Users/ajay/exalted/signalos/desk/order_sentinel.py", line 144, in <listcomp>
    hits = [o for o in orders if _match(o, spec)]
  File "/Users/ajay/exalted/signalos/desk/order_sentinel.py", line 69, in _match
    order.get("localSymbol", order.get("symbol")) == spec["symbol"]
KeyError: 'symbol'
completed orders request timed out
Traceback (most recent call last):
  File "/Library/Developer/CommandLineTools/Library/Frameworks/Python3.framework/Versions/3.9/lib/python3.9/runpy.py", line 197, in _run_module_as_main
    return _run_code(code, main_globals, None,
  File "/Library/Developer/CommandLineTools/Library/Frameworks/Python3.framework/Versions/3.9/lib/python3.9/runpy.py", line 87, in _run_code
    exec(code, run_globals)
  File "/Users/ajay/exalted/signalos/desk/order_sentinel.py", line 324, in <module>
    sys.exit(run(dry="--dry" in sys.argv))
  File "/Users/ajay/exalted/signalos/desk/order_sentinel.py", line 144, in run
    hits = [o for o in orders if _match(o, spec)]
  File "/Users/ajay/exalted/signalos/desk/order_sentinel.py", line 144, in <listcomp>
    hits = [o for o in orders if _match(o, spec)]
  File "/Users/ajay/exalted/signalos/desk/order_sentinel.py", line 69, in _match
    order.get("localSymbol", order.get("symbol")) == spec["symbol"]
KeyError: 'symbol'
completed orders request timed out
Traceback (most recent call last):
  File "/Library/Developer/CommandLineTools/Library/Frameworks/Python3.framework/Versions/3.9/lib/python3.9/runpy.py", line 197, in _run_module_as_main
    return _run_code(code, main_globals, None,
  File "/Library/Developer/CommandLineTools/Library/Frameworks/Python3.framework/Versions/3.9/lib/python3.9/runpy.py", line 87, in _run_code
    exec(code, run_globals)
  File "/Users/ajay/exalted/signalos/desk/order_sentinel.py", line 324, in <module>
    sys.exit(run(dry="--dry" in sys.argv))
  File "/Users/ajay/exalted/signalos/desk/order_sentinel.py", line 144, in run
    hits = [o for o in orders if _match(o, spec)]
  File "/Users/ajay/exalted/signalos/desk/order_sentinel.py", line 144, in <listcomp>
    hits = [o for o in orders if _match(o, spec)]
  File "/Users/ajay/exalted/signalos/desk/order_sentinel.py", line 69, in _match
    order.get("localSymbol", order.get("symbol")) == spec["symbol"]
KeyError: 'symbol'
completed orders request timed out
Traceback (most recent call last):
  File "/Library/Developer/CommandLineTools/Library/Frameworks/Python3.framework/Versions/3.9/lib/python3.9/runpy.py", line 197, in _run_module_as_main
    return _run_code(code, main_globals, None,
  File "/Library/Developer/CommandLineTools/Library/Frameworks/Python3.framework/Versions/3.9/lib/python3.9/runpy.py", line 87, in _run_code
    exec(code, run_globals)
  File "/Users/ajay/exalted/signalos/desk/order_sentinel.py", line 324, in <module>
    sys.exit(run(dry="--dry" in sys.argv))
  File "/Users/ajay/exalted/signalos/desk/order_sentinel.py", line 144, in run
    hits = [o for o in orders if _match(o, spec)]
  File "/Users/ajay/exalted/signalos/desk/order_sentinel.py", line 144, in <listcomp>
    hits = [o for o in orders if _match(o, spec)]
  File "/Users/ajay/exalted/signalos/desk/order_sentinel.py", line 69, in _match
    order.get("localSymbol", order.get("symbol")) == spec["symbol"]
KeyError: 'symbol'
completed orders request timed out
Traceback (most recent call last):
  File "/Library/Developer/CommandLineTools/Library/Frameworks/Python3.framework/Versions/3.9/lib/python3.9/runpy.py", line 197, in _run_module_as_main
    return _run_code(code, main_globals, None,
  File "/Library/Developer/CommandLineTools/Library/Frameworks/Python3.framework/Versions/3.9/lib/python3.9/runpy.py", line 87, in _run_code
    exec(code, run_globals)
  File "/Users/ajay/exalted/signalos/desk/order_sentinel.py", line 324, in <module>
    sys.exit(run(dry="--dry" in sys.argv))
  File "/Users/ajay/exalted/signalos/desk/order_sentinel.py", line 144, in run
    hits = [o for o in orders if _match(o, spec)]
  File "/Users/ajay/exalted/signalos/desk/order_sentinel.py", line 144, in <listcomp>
    hits = [o for o in orders if _match(o, spec)]
  File "/Users/ajay/exalted/signalos/desk/order_sentinel.py", line 69, in _match
    order.get("localSymbol", order.get("symbol")) == spec["symbol"]
KeyError: 'symbol'
completed orders request timed out
Traceback (most recent call last):
  File "/Library/Developer/CommandLineTools/Library/Frameworks/Python3.framework/Versions/3.9/lib/python3.9/runpy.py", line 197, in _run_module_as_main
    return _run_code(code, main_globals, None,
  File "/Library/Developer/CommandLineTools/Library/Frameworks/Python3.framework/Versions/3.9/lib/python3.9/runpy.py", line 87, in _run_code
    exec(code, run_globals)
  File "/Users/ajay/exalted/signalos/desk/order_sentinel.py", line 324, in <module>
    sys.exit(run(dry="--dry" in sys.argv))
  File "/Users/ajay/exalted/signalos/desk/order_sentinel.py", line 144, in run
    hits = [o for o in orders if _match(o, spec)]
  File "/Users/ajay/exalted/signalos/desk/order_sentinel.py", line 144, in <listcomp>
    hits = [o for o in orders if _match(o, spec)]
  File "/Users/ajay/exalted/signalos/desk/order_sentinel.py", line 69, in _match
    order.get("localSymbol", order.get("symbol")) == spec["symbol"]
KeyError: 'symbol'
completed orders request timed out
Traceback (most recent call last):
  File "/Library/Developer/CommandLineTools/Library/Frameworks/Python3.framework/Versions/3.9/lib/python3.9/runpy.py", line 197, in _run_module_as_main
    return _run_code(code, main_globals, None,
  File "/Library/Developer/CommandLineTools/Library/Frameworks/Python3.framework/Versions/3.9/lib/python3.9/runpy.py", line 87, in _run_code
    exec(code, run_globals)
  File "/Users/ajay/exalted/signalos/desk/order_sentinel.py", line 324, in <module>
    sys.exit(run(dry="--dry" in sys.argv))
  File "/Users/ajay/exalted/signalos/desk/order_sentinel.py", line 144, in run
    hits = [o for o in orders if _match(o, spec)]
  File "/Users/ajay/exalted/signalos/desk/order_sentinel.py", line 144, in <listcomp>
    hits = [o for o in orders if _match(o, spec)]
  File "/Users/ajay/exalted/signalos/desk/order_sentinel.py", line 69, in _match
    order.get("localSymbol", order.get("symbol")) == spec["symbol"]
KeyError: 'symbol'
completed orders request timed out
Traceback (most recent call last):
  File "/Library/Developer/CommandLineTools/Library/Frameworks/Python3.framework/Versions/3.9/lib/python3.9/runpy.py", line 197, in _run_module_as_main
    return _run_code(code, main_globals, None,
  File "/Library/Developer/CommandLineTools/Library/Frameworks/Python3.framework/Versions/3.9/lib/python3.9/runpy.py", line 87, in _run_code
    exec(code, run_globals)
  File "/Users/ajay/exalted/signalos/desk/order_sentinel.py", line 324, in <module>
    sys.exit(run(dry="--dry" in sys.argv))
  File "/Users/ajay/exalted/signalos/desk/order_sentinel.py", line 144, in run
    hits = [o for o in orders if _match(o, spec)]
  File "/Users/ajay/exalted/signalos/desk/order_sentinel.py", line 144, in <listcomp>
    hits = [o for o in orders if _match(o, spec)]
  File "/Users/ajay/exalted/signalos/desk/order_sentinel.py", line 69, in _match
    order.get("localSymbol", order.get("symbol")) == spec["symbol"]
KeyError: 'symbol'
completed orders request timed out
Traceback (most recent call last):
  File "/Library/Developer/CommandLineTools/Library/Frameworks/Python3.framework/Versions/3.9/lib/python3.9/runpy.py", line 197, in _run_module_as_main
    return _run_code(code, main_globals, None,
  File "/Library/Developer/CommandLineTools/Library/Frameworks/Python3.framework/Versions/3.9/lib/python3.9/runpy.py", line 87, in _run_code
    exec(code, run_globals)
  File "/Users/ajay/exalted/signalos/desk/order_sentinel.py", line 324, in <module>
    sys.exit(run(dry="--dry" in sys.argv))
  File "/Users/ajay/exalted/signalos/desk/order_sentinel.py", line 144, in run
    hits = [o for o in orders if _match(o, spec)]
  File "/Users/ajay/exalted/signalos/desk/order_sentinel.py", line 144, in <listcomp>
    hits = [o for o in orders if _match(o, spec)]
  File "/Users/ajay/exalted/signalos/desk/order_sentinel.py", line 69, in _match
    order.get("localSymbol", order.get("symbol")) == spec["symbol"]
KeyError: 'symbol'
completed orders request timed out
Traceback (most recent call last):
  File "/Library/Developer/CommandLineTools/Library/Frameworks/Python3.framework/Versions/3.9/lib/python3.9/runpy.py", line 197, in _run_module_as_main
    return _run_code(code, main_globals, None,
  File "/Library/Developer/CommandLineTools/Library/Frameworks/Python3.framework/Versions/3.9/lib/python3.9/runpy.py", line 87, in _run_code
    exec(code, run_globals)
  File "/Users/ajay/exalted/signalos/desk/order_sentinel.py", line 324, in <module>
    sys.exit(run(dry="--dry" in sys.argv))
  File "/Users/ajay/exalted/signalos/desk/order_sentinel.py", line 144, in run
    hits = [o for o in orders if _match(o, spec)]
  File "/Users/ajay/exalted/signalos/desk/order_sentinel.py", line 144, in <listcomp>
    hits = [o for o in orders if _match(o, spec)]
  File "/Users/ajay/exalted/signalos/desk/order_sentinel.py", line 69, in _match
    order.get("localSymbol", order.get("symbol")) == spec["symbol"]
KeyError: 'symbol'
completed orders request timed out
Traceback (most recent call last):
  File "/Library/Developer/CommandLineTools/Library/Frameworks/Python3.framework/Versions/3.9/lib/python3.9/runpy.py", line 197, in _run_module_as_main
    return _run_code(code, main_globals, None,
  File "/Library/Developer/CommandLineTools/Library/Frameworks/Python3.framework/Versions/3.9/lib/python3.9/runpy.py", line 87, in _run_code
    exec(code, run_globals)
  File "/Users/ajay/exalted/signalos/desk/order_sentinel.py", line 324, in <module>
    sys.exit(run(dry="--dry" in sys.argv))
  File "/Users/ajay/exalted/signalos/desk/order_sentinel.py", line 144, in run
    hits = [o for o in orders if _match(o, spec)]
  File "/Users/ajay/exalted/signalos/desk/order_sentinel.py", line 144, in <listcomp>
    hits = [o for o in orders if _match(o, spec)]
  File "/Users/ajay/exalted/signalos/desk/order_sentinel.py", line 69, in _match
    order.get("localSymbol", order.get("symbol")) == spec["symbol"]
KeyError: 'symbol'
Traceback (most recent call last):
  File "/Library/Developer/CommandLineTools/Library/Frameworks/Python3.framework/Versions/3.9/lib/python3.9/runpy.py", line 197, in _run_module_as_main
    return _run_code(code, main_globals, None,
  File "/Library/Developer/CommandLineTools/Library/Frameworks/Python3.framework/Versions/3.9/lib/python3.9/runpy.py", line 87, in _run_code
    exec(code, run_globals)
  File "/Users/ajay/exalted/signalos/desk/order_sentinel.py", line 340, in <module>
    sys.exit(run(dry="--dry" in sys.argv))
  File "/Users/ajay/exalted/signalos/desk/order_sentinel.py", line 144, in run
    hits = [o for o in orders if _match(o, spec)]
  File "/Users/ajay/exalted/signalos/desk/order_sentinel.py", line 144, in <listcomp>
    hits = [o for o in orders if _match(o, spec)]
  File "/Users/ajay/exalted/signalos/desk/order_sentinel.py", line 69, in _match
    order.get("localSymbol", order.get("symbol")) == spec["symbol"]
KeyError: 'symbol'
Traceback (most recent call last):
  File "/Library/Developer/CommandLineTools/Library/Frameworks/Python3.framework/Versions/3.9/lib/python3.9/runpy.py", line 197, in _run_module_as_main
    return _run_code(code, main_globals, None,
  File "/Library/Developer/CommandLineTools/Library/Frameworks/Python3.framework/Versions/3.9/lib/python3.9/runpy.py", line 87, in _run_code
    exec(code, run_globals)
  File "/Users/ajay/exalted/signalos/desk/order_sentinel.py", line 340, in <module>
    sys.exit(run(dry="--dry" in sys.argv))
  File "/Users/ajay/exalted/signalos/desk/order_sentinel.py", line 144, in run
    hits = [o for o in orders if _match(o, spec)]
  File "/Users/ajay/exalted/signalos/desk/order_sentinel.py", line 144, in <listcomp>
    hits = [o for o in orders if _match(o, spec)]
  File "/Users/ajay/exalted/signalos/desk/order_sentinel.py", line 69, in _match
    order.get("localSymbol", order.get("symbol")) == spec["symbol"]
KeyError: 'symbol'
Traceback (most recent call last):
  File "/Library/Developer/CommandLineTools/Library/Frameworks/Python3.framework/Versions/3.9/lib/python3.9/runpy.py", line 197, in _run_module_as_main
    return _run_code(code, main_globals, None,
  File "/Library/Developer/CommandLineTools/Library/Frameworks/Python3.framework/Versions/3.9/lib/python3.9/runpy.py", line 87, in _run_code
    exec(code, run_globals)
  File "/Users/ajay/exalted/signalos/desk/order_sentinel.py", line 340, in <module>
    sys.exit(run(dry="--dry" in sys.argv))
  File "/Users/ajay/exalted/signalos/desk/order_sentinel.py", line 144, in run
    hits = [o for o in orders if _match(o, spec)]
  File "/Users/ajay/exalted/signalos/desk/order_sentinel.py", line 144, in <listcomp>
    hits = [o for o in orders if _match(o, spec)]
  File "/Users/ajay/exalted/signalos/desk/order_sentinel.py", line 69, in _match
    order.get("localSymbol", order.get("symbol")) == spec["symbol"]
KeyError: 'symbol'
Traceback (most recent call last):
  File "/Library/Developer/CommandLineTools/Library/Frameworks/Python3.framework/Versions/3.9/lib/python3.9/runpy.py", line 197, in _run_module_as_main
    return _run_code(code, main_globals, None,
  File "/Library/Developer/CommandLineTools/Library/Frameworks/Python3.framework/Versions/3.9/lib/python3.9/runpy.py", line 87, in _run_code
    exec(code, run_globals)
  File "/Users/ajay/exalted/signalos/desk/order_sentinel.py", line 340, in <module>
    sys.exit(run(dry="--dry" in sys.argv))
  File "/Users/ajay/exalted/signalos/desk/order_sentinel.py", line 144, in run
    hits = [o for o in orders if _match(o, spec)]
  File "/Users/ajay/exalted/signalos/desk/order_sentinel.py", line 144, in <listcomp>
    hits = [o for o in orders if _match(o, spec)]
  File "/Users/ajay/exalted/signalos/desk/order_sentinel.py", line 69, in _match
    order.get("localSymbol", order.get("symbol")) == spec["symbol"]
KeyError: 'symbol'
Traceback (most recent call last):
  File "/Library/Developer/CommandLineTools/Library/Frameworks/Python3.framework/Versions/3.9/lib/python3.9/runpy.py", line 197, in _run_module_as_main
    return _run_code(code, main_globals, None,
  File "/Library/Developer/CommandLineTools/Library/Frameworks/Python3.framework/Versions/3.9/lib/python3.9/runpy.py", line 87, in _run_code
    exec(code, run_globals)
  File "/Users/ajay/exalted/signalos/desk/order_sentinel.py", line 340, in <module>
    sys.exit(run(dry="--dry" in sys.argv))
  File "/Users/ajay/exalted/signalos/desk/order_sentinel.py", line 144, in run
    hits = [o for o in orders if _match(o, spec)]
  File "/Users/ajay/exalted/signalos/desk/order_sentinel.py", line 144, in <listcomp>
    hits = [o for o in orders if _match(o, spec)]
  File "/Users/ajay/exalted/signalos/desk/order_sentinel.py", line 69, in _match
    order.get("localSymbol", order.get("symbol")) == spec["symbol"]
KeyError: 'symbol'
Traceback (most recent call last):
  File "/Library/Developer/CommandLineTools/Library/Frameworks/Python3.framework/Versions/3.9/lib/python3.9/runpy.py", line 197, in _run_module_as_main
    return _run_code(code, main_globals, None,
  File "/Library/Developer/CommandLineTools/Library/Frameworks/Python3.framework/Versions/3.9/lib/python3.9/runpy.py", line 87, in _run_code
    exec(code, run_globals)
  File "/Users/ajay/exalted/signalos/desk/order_sentinel.py", line 340, in <module>
    sys.exit(run(dry="--dry" in sys.argv))
  File "/Users/ajay/exalted/signalos/desk/order_sentinel.py", line 144, in run
    hits = [o for o in orders if _match(o, spec)]
  File "/Users/ajay/exalted/signalos/desk/order_sentinel.py", line 144, in <listcomp>
    hits = [o for o in orders if _match(o, spec)]
  File "/Users/ajay/exalted/signalos/desk/order_sentinel.py", line 69, in _match
    order.get("localSymbol", order.get("symbol")) == spec["symbol"]
KeyError: 'symbol'
Traceback (most recent call last):
  File "/Library/Developer/CommandLineTools/Library/Frameworks/Python3.framework/Versions/3.9/lib/python3.9/runpy.py", line 197, in _run_module_as_main
    return _run_code(code, main_globals, None,
  File "/Library/Developer/CommandLineTools/Library/Frameworks/Python3.framework/Versions/3.9/lib/python3.9/runpy.py", line 87, in _run_code
    exec(code, run_globals)
  File "/Users/ajay/exalted/signalos/desk/order_sentinel.py", line 340, in <module>
    sys.exit(run(dry="--dry" in sys.argv))
  File "/Users/ajay/exalted/signalos/desk/order_sentinel.py", line 144, in run
    hits = [o for o in orders if _match(o, spec)]
  File "/Users/ajay/exalted/signalos/desk/order_sentinel.py", line 144, in <listcomp>
    hits = [o for o in orders if _match(o, spec)]
  File "/Users/ajay/exalted/signalos/desk/order_sentinel.py", line 69, in _match
    order.get("localSymbol", order.get("symbol")) == spec["symbol"]
KeyError: 'symbol'
positions request timed out
open orders request timed out
completed orders request timed out
account updates for ACCOUNT_ALPHA request timed out
account updates for ACCOUNT_BETA request timed out
[CRITICAL] GATEWAY WEDGED: 2 consecutive connect failures (Failed to connect to IB Gateway on 127.0.0.1:4001 (ClientId=93): ). Orders, cancels and tonight's envelopes are all blind until it is restarted. This is the 08-24 failure mode.
positions request timed out
open orders request timed out
completed orders request timed out
account updates for ACCOUNT_ALPHA request timed out
account updates for ACCOUNT_BETA request timed out
[CRITICAL] GATEWAY WEDGED: 3 consecutive connect failures (Failed to connect to IB Gateway on 127.0.0.1:4001 (ClientId=93): ). Orders, cancels and tonight's envelopes are all blind until it is restarted. This is the 08-24 failure mode.
positions request timed out
open orders request timed out
completed orders request timed out
account updates for ACCOUNT_ALPHA request timed out
account updates for ACCOUNT_BETA request timed out
[CRITICAL] GATEWAY WEDGED: 4 consecutive connect failures (Failed to connect to IB Gateway on 127.0.0.1:4001 (ClientId=93): ). Orders, cancels and tonight's envelopes are all blind until it is restarted. This is the 08-24 failure mode.
Traceback (most recent call last):
  File "/Library/Developer/CommandLineTools/Library/Frameworks/Python3.framework/Versions/3.9/lib/python3.9/runpy.py", line 197, in _run_module_as_main
    return _run_code(code, main_globals, None,
  File "/Library/Developer/CommandLineTools/Library/Frameworks/Python3.framework/Versions/3.9/lib/python3.9/runpy.py", line 87, in _run_code
    exec(code, run_globals)
  File "/Users/ajay/exalted/signalos/desk/order_sentinel.py", line 340, in <module>
    sys.exit(run(dry="--dry" in sys.argv))
  File "/Users/ajay/exalted/signalos/desk/order_sentinel.py", line 100, in run
    hits = [o for o in orders if _match(o, spec)]
  File "/Users/ajay/exalted/signalos/desk/order_sentinel.py", line 100, in <listcomp>
    hits = [o for o in orders if _match(o, spec)]
  File "/Users/ajay/exalted/signalos/desk/order_sentinel.py", line 69, in _match
    order.get("localSymbol", order.get("symbol")) == spec["symbol"]
KeyError: 'symbol'
Traceback (most recent call last):
  File "/Library/Developer/CommandLineTools/Library/Frameworks/Python3.framework/Versions/3.9/lib/python3.9/runpy.py", line 197, in _run_module_as_main
    return _run_code(code, main_globals, None,
  File "/Library/Developer/CommandLineTools/Library/Frameworks/Python3.framework/Versions/3.9/lib/python3.9/runpy.py", line 87, in _run_code
    exec(code, run_globals)
  File "/Users/ajay/exalted/signalos/desk/order_sentinel.py", line 340, in <module>
    sys.exit(run(dry="--dry" in sys.argv))
  File "/Users/ajay/exalted/signalos/desk/order_sentinel.py", line 100, in run
    hits = [o for o in orders if _match(o, spec)]
  File "/Users/ajay/exalted/signalos/desk/order_sentinel.py", line 100, in <listcomp>
    hits = [o for o in orders if _match(o, spec)]
  File "/Users/ajay/exalted/signalos/desk/order_sentinel.py", line 69, in _match
    order.get("localSymbol", order.get("symbol")) == spec["symbol"]
KeyError: 'symbol'
Traceback (most recent call last):
  File "/Library/Developer/CommandLineTools/Library/Frameworks/Python3.framework/Versions/3.9/lib/python3.9/runpy.py", line 197, in _run_module_as_main
    return _run_code(code, main_globals, None,
  File "/Library/Developer/CommandLineTools/Library/Frameworks/Python3.framework/Versions/3.9/lib/python3.9/runpy.py", line 87, in _run_code
    exec(code, run_globals)
  File "/Users/ajay/exalted/signalos/desk/order_sentinel.py", line 340, in <module>
    sys.exit(run(dry="--dry" in sys.argv))
  File "/Users/ajay/exalted/signalos/desk/order_sentinel.py", line 100, in run
    hits = [o for o in orders if _match(o, spec)]
  File "/Users/ajay/exalted/signalos/desk/order_sentinel.py", line 100, in <listcomp>
    hits = [o for o in orders if _match(o, spec)]
  File "/Users/ajay/exalted/signalos/desk/order_sentinel.py", line 69, in _match
    order.get("localSymbol", order.get("symbol")) == spec["symbol"]
KeyError: 'symbol'
Traceback (most recent call last):
  File "/Library/Developer/CommandLineTools/Library/Frameworks/Python3.framework/Versions/3.9/lib/python3.9/runpy.py", line 197, in _run_module_as_main
    return _run_code(code, main_globals, None,
  File "/Library/Developer/CommandLineTools/Library/Frameworks/Python3.framework/Versions/3.9/lib/python3.9/runpy.py", line 87, in _run_code
    exec(code, run_globals)
  File "/Users/ajay/exalted/signalos/desk/order_sentinel.py", line 340, in <module>
    sys.exit(run(dry="--dry" in sys.argv))
  File "/Users/ajay/exalted/signalos/desk/order_sentinel.py", line 100, in run
    hits = [o for o in orders if _match(o, spec)]
  File "/Users/ajay/exalted/signalos/desk/order_sentinel.py", line 100, in <listcomp>
    hits = [o for o in orders if _match(o, spec)]
  File "/Users/ajay/exalted/signalos/desk/order_sentinel.py", line 69, in _match
    order.get("localSymbol", order.get("symbol")) == spec["symbol"]
KeyError: 'symbol'
Traceback (most recent call last):
  File "/Library/Developer/CommandLineTools/Library/Frameworks/Python3.framework/Versions/3.9/lib/python3.9/runpy.py", line 197, in _run_module_as_main
    return _run_code(code, main_globals, None,
  File "/Library/Developer/CommandLineTools/Library/Frameworks/Python3.framework/Versions/3.9/lib/python3.9/runpy.py", line 87, in _run_code
    exec(code, run_globals)
  File "/Users/ajay/exalted/signalos/desk/order_sentinel.py", line 340, in <module>
    sys.exit(run(dry="--dry" in sys.argv))
  File "/Users/ajay/exalted/signalos/desk/order_sentinel.py", line 100, in run
    hits = [o for o in orders if _match(o, spec)]
  File "/Users/ajay/exalted/signalos/desk/order_sentinel.py", line 100, in <listcomp>
    hits = [o for o in orders if _match(o, spec)]
  File "/Users/ajay/exalted/signalos/desk/order_sentinel.py", line 69, in _match
    order.get("localSymbol", order.get("symbol")) == spec["symbol"]
KeyError: 'symbol'
Traceback (most recent call last):
  File "/Library/Developer/CommandLineTools/Library/Frameworks/Python3.framework/Versions/3.9/lib/python3.9/runpy.py", line 197, in _run_module_as_main
    return _run_code(code, main_globals, None,
  File "/Library/Developer/CommandLineTools/Library/Frameworks/Python3.framework/Versions/3.9/lib/python3.9/runpy.py", line 87, in _run_code
    exec(code, run_globals)
  File "/Users/ajay/exalted/signalos/desk/order_sentinel.py", line 340, in <module>
    sys.exit(run(dry="--dry" in sys.argv))
  File "/Users/ajay/exalted/signalos/desk/order_sentinel.py", line 100, in run
    hits = [o for o in orders if _match(o, spec)]
  File "/Users/ajay/exalted/signalos/desk/order_sentinel.py", line 100, in <listcomp>
    hits = [o for o in orders if _match(o, spec)]
  File "/Users/ajay/exalted/signalos/desk/order_sentinel.py", line 69, in _match
    order.get("localSymbol", order.get("symbol")) == spec["symbol"]
KeyError: 'symbol'
Traceback (most recent call last):
  File "/Library/Developer/CommandLineTools/Library/Frameworks/Python3.framework/Versions/3.9/lib/python3.9/runpy.py", line 197, in _run_module_as_main
    return _run_code(code, main_globals, None,
  File "/Library/Developer/CommandLineTools/Library/Frameworks/Python3.framework/Versions/3.9/lib/python3.9/runpy.py", line 87, in _run_code
    exec(code, run_globals)
  File "/Users/ajay/exalted/signalos/desk/order_sentinel.py", line 340, in <module>
    sys.exit(run(dry="--dry" in sys.argv))
  File "/Users/ajay/exalted/signalos/desk/order_sentinel.py", line 100, in run
    hits = [o for o in orders if _match(o, spec)]
  File "/Users/ajay/exalted/signalos/desk/order_sentinel.py", line 100, in <listcomp>
    hits = [o for o in orders if _match(o, spec)]
  File "/Users/ajay/exalted/signalos/desk/order_sentinel.py", line 69, in _match
    order.get("localSymbol", order.get("symbol")) == spec["symbol"]
KeyError: 'symbol'
Traceback (most recent call last):
  File "/Library/Developer/CommandLineTools/Library/Frameworks/Python3.framework/Versions/3.9/lib/python3.9/runpy.py", line 197, in _run_module_as_main
    return _run_code(code, main_globals, None,
  File "/Library/Developer/CommandLineTools/Library/Frameworks/Python3.framework/Versions/3.9/lib/python3.9/runpy.py", line 87, in _run_code
    exec(code, run_globals)
  File "/Users/ajay/exalted/signalos/desk/order_sentinel.py", line 340, in <module>
    sys.exit(run(dry="--dry" in sys.argv))
  File "/Users/ajay/exalted/signalos/desk/order_sentinel.py", line 100, in run
    hits = [o for o in orders if _match(o, spec)]
  File "/Users/ajay/exalted/signalos/desk/order_sentinel.py", line 100, in <listcomp>
    hits = [o for o in orders if _match(o, spec)]
  File "/Users/ajay/exalted/signalos/desk/order_sentinel.py", line 69, in _match
    order.get("localSymbol", order.get("symbol")) == spec["symbol"]
KeyError: 'symbol'
Traceback (most recent call last):
  File "/Library/Developer/CommandLineTools/Library/Frameworks/Python3.framework/Versions/3.9/lib/python3.9/runpy.py", line 197, in _run_module_as_main
    return _run_code(code, main_globals, None,
  File "/Library/Developer/CommandLineTools/Library/Frameworks/Python3.framework/Versions/3.9/lib/python3.9/runpy.py", line 87, in _run_code
    exec(code, run_globals)
  File "/Users/ajay/exalted/signalos/desk/order_sentinel.py", line 340, in <module>
    sys.exit(run(dry="--dry" in sys.argv))
  File "/Users/ajay/exalted/signalos/desk/order_sentinel.py", line 100, in run
    hits = [o for o in orders if _match(o, spec)]
  File "/Users/ajay/exalted/signalos/desk/order_sentinel.py", line 100, in <listcomp>
    hits = [o for o in orders if _match(o, spec)]
  File "/Users/ajay/exalted/signalos/desk/order_sentinel.py", line 69, in _match
    order.get("localSymbol", order.get("symbol")) == spec["symbol"]
KeyError: 'symbol'
Traceback (most recent call last):
  File "/Library/Developer/CommandLineTools/Library/Frameworks/Python3.framework/Versions/3.9/lib/python3.9/runpy.py", line 197, in _run_module_as_main
    return _run_code(code, main_globals, None,
  File "/Library/Developer/CommandLineTools/Library/Frameworks/Python3.framework/Versions/3.9/lib/python3.9/runpy.py", line 87, in _run_code
    exec(code, run_globals)
  File "/Users/ajay/exalted/signalos/desk/order_sentinel.py", line 340, in <module>
    sys.exit(run(dry="--dry" in sys.argv))
  File "/Users/ajay/exalted/signalos/desk/order_sentinel.py", line 100, in run
    hits = [o for o in orders if _match(o, spec)]
  File "/Users/ajay/exalted/signalos/desk/order_sentinel.py", line 100, in <listcomp>
    hits = [o for o in orders if _match(o, spec)]
  File "/Users/ajay/exalted/signalos/desk/order_sentinel.py", line 69, in _match
    order.get("localSymbol", order.get("symbol")) == spec["symbol"]
KeyError: 'symbol'
Traceback (most recent call last):
  File "/Library/Developer/CommandLineTools/Library/Frameworks/Python3.framework/Versions/3.9/lib/python3.9/runpy.py", line 197, in _run_module_as_main
    return _run_code(code, main_globals, None,
  File "/Library/Developer/CommandLineTools/Library/Frameworks/Python3.framework/Versions/3.9/lib/python3.9/runpy.py", line 87, in _run_code
    exec(code, run_globals)
  File "/Users/ajay/exalted/signalos/desk/order_sentinel.py", line 340, in <module>
    sys.exit(run(dry="--dry" in sys.argv))
  File "/Users/ajay/exalted/signalos/desk/order_sentinel.py", line 100, in run
    hits = [o for o in orders if _match(o, spec)]
  File "/Users/ajay/exalted/signalos/desk/order_sentinel.py", line 100, in <listcomp>
    hits = [o for o in orders if _match(o, spec)]
  File "/Users/ajay/exalted/signalos/desk/order_sentinel.py", line 69, in _match
    order.get("localSymbol", order.get("symbol")) == spec["symbol"]
KeyError: 'symbol'
Traceback (most recent call last):
  File "/Library/Developer/CommandLineTools/Library/Frameworks/Python3.framework/Versions/3.9/lib/python3.9/runpy.py", line 197, in _run_module_as_main
    return _run_code(code, main_globals, None,
  File "/Library/Developer/CommandLineTools/Library/Frameworks/Python3.framework/Versions/3.9/lib/python3.9/runpy.py", line 87, in _run_code
    exec(code, run_globals)
  File "/Users/ajay/exalted/signalos/desk/order_sentinel.py", line 340, in <module>
    sys.exit(run(dry="--dry" in sys.argv))
  File "/Users/ajay/exalted/signalos/desk/order_sentinel.py", line 100, in run
    hits = [o for o in orders if _match(o, spec)]
  File "/Users/ajay/exalted/signalos/desk/order_sentinel.py", line 100, in <listcomp>
    hits = [o for o in orders if _match(o, spec)]
  File "/Users/ajay/exalted/signalos/desk/order_sentinel.py", line 69, in _match
    order.get("localSymbol", order.get("symbol")) == spec["symbol"]
KeyError: 'symbol'
Traceback (most recent call last):
  File "/Library/Developer/CommandLineTools/Library/Frameworks/Python3.framework/Versions/3.9/lib/python3.9/runpy.py", line 197, in _run_module_as_main
    return _run_code(code, main_globals, None,
  File "/Library/Developer/CommandLineTools/Library/Frameworks/Python3.framework/Versions/3.9/lib/python3.9/runpy.py", line 87, in _run_code
    exec(code, run_globals)
  File "/Users/ajay/exalted/signalos/desk/order_sentinel.py", line 340, in <module>
    sys.exit(run(dry="--dry" in sys.argv))
  File "/Users/ajay/exalted/signalos/desk/order_sentinel.py", line 100, in run
    hits = [o for o in orders if _match(o, spec)]
  File "/Users/ajay/exalted/signalos/desk/order_sentinel.py", line 100, in <listcomp>
    hits = [o for o in orders if _match(o, spec)]
  File "/Users/ajay/exalted/signalos/desk/order_sentinel.py", line 69, in _match
    order.get("localSymbol", order.get("symbol")) == spec["symbol"]
KeyError: 'symbol'
Traceback (most recent call last):
  File "/Library/Developer/CommandLineTools/Library/Frameworks/Python3.framework/Versions/3.9/lib/python3.9/runpy.py", line 197, in _run_module_as_main
    return _run_code(code, main_globals, None,
  File "/Library/Developer/CommandLineTools/Library/Frameworks/Python3.framework/Versions/3.9/lib/python3.9/runpy.py", line 87, in _run_code
    exec(code, run_globals)
  File "/Users/ajay/exalted/signalos/desk/order_sentinel.py", line 340, in <module>
    sys.exit(run(dry="--dry" in sys.argv))
  File "/Users/ajay/exalted/signalos/desk/order_sentinel.py", line 100, in run
    hits = [o for o in orders if _match(o, spec)]
  File "/Users/ajay/exalted/signalos/desk/order_sentinel.py", line 100, in <listcomp>
    hits = [o for o in orders if _match(o, spec)]
  File "/Users/ajay/exalted/signalos/desk/order_sentinel.py", line 69, in _match
    order.get("localSymbol", order.get("symbol")) == spec["symbol"]
KeyError: 'symbol'
Traceback (most recent call last):
  File "/Library/Developer/CommandLineTools/Library/Frameworks/Python3.framework/Versions/3.9/lib/python3.9/runpy.py", line 197, in _run_module_as_main
    return _run_code(code, main_globals, None,
  File "/Library/Developer/CommandLineTools/Library/Frameworks/Python3.framework/Versions/3.9/lib/python3.9/runpy.py", line 87, in _run_code
    exec(code, run_globals)
  File "/Users/ajay/exalted/signalos/desk/order_sentinel.py", line 340, in <module>
    sys.exit(run(dry="--dry" in sys.argv))
  File "/Users/ajay/exalted/signalos/desk/order_sentinel.py", line 100, in run
    hits = [o for o in orders if _match(o, spec)]
  File "/Users/ajay/exalted/signalos/desk/order_sentinel.py", line 100, in <listcomp>
    hits = [o for o in orders if _match(o, spec)]
  File "/Users/ajay/exalted/signalos/desk/order_sentinel.py", line 69, in _match
    order.get("localSymbol", order.get("symbol")) == spec["symbol"]
KeyError: 'symbol'
positions request timed out
open orders request timed out
completed orders request timed out
account updates for ACCOUNT_ALPHA request timed out
account updates for ACCOUNT_BETA request timed out
[CRITICAL] GATEWAY WEDGED: 5 consecutive connect failures (Failed to connect to IB Gateway on 127.0.0.1:4001 (ClientId=93): ). Orders, cancels and tonight's envelopes are all blind until it is restarted. This is the 08-24 failure mode.
positions request timed out
open orders request timed out
completed orders request timed out
account updates for ACCOUNT_ALPHA request timed out
account updates for ACCOUNT_BETA request timed out
[CRITICAL] GATEWAY WEDGED: 6 consecutive connect failures (Failed to connect to IB Gateway on 127.0.0.1:4001 (ClientId=93): ). Orders, cancels and tonight's envelopes are all blind until it is restarted. This is the 08-24 failure mode.
positions request timed out
open orders request timed out
completed orders request timed out
account updates for ACCOUNT_ALPHA request timed out
account updates for ACCOUNT_BETA request timed out
[CRITICAL] GATEWAY WEDGED: 7 consecutive connect failures (Failed to connect to IB Gateway on 127.0.0.1:4001 (ClientId=93): ). Orders, cancels and tonight's envelopes are all blind until it is restarted. This is the 08-24 failure mode.
positions request timed out
open orders request timed out
completed orders request timed out
account updates for ACCOUNT_ALPHA request timed out
account updates for ACCOUNT_BETA request timed out
[CRITICAL] GATEWAY WEDGED: 8 consecutive connect failures (Failed to connect to IB Gateway on 127.0.0.1:4001 (ClientId=93): ). Orders, cancels and tonight's envelopes are all blind until it is restarted. This is the 08-24 failure mode.
positions request timed out
open orders request timed out
completed orders request timed out
account updates for ACCOUNT_ALPHA request timed out
account updates for ACCOUNT_BETA request timed out
[CRITICAL] GATEWAY WEDGED: 9 consecutive connect failures (Failed to connect to IB Gateway on 127.0.0.1:4001 (ClientId=93): ). Orders, cancels and tonight's envelopes are all blind until it is restarted. This is the 08-24 failure mode.
Traceback (most recent call last):
  File "/Library/Developer/CommandLineTools/Library/Frameworks/Python3.framework/Versions/3.9/lib/python3.9/runpy.py", line 197, in _run_module_as_main
    return _run_code(code, main_globals, None,
  File "/Library/Developer/CommandLineTools/Library/Frameworks/Python3.framework/Versions/3.9/lib/python3.9/runpy.py", line 87, in _run_code
    exec(code, run_globals)
  File "/Users/ajay/exalted/signalos/desk/order_sentinel.py", line 340, in <module>
    sys.exit(run(dry="--dry" in sys.argv))
  File "/Users/ajay/exalted/signalos/desk/order_sentinel.py", line 100, in run
    hits = [o for o in orders if _match(o, spec)]
  File "/Users/ajay/exalted/signalos/desk/order_sentinel.py", line 100, in <listcomp>
    hits = [o for o in orders if _match(o, spec)]
  File "/Users/ajay/exalted/signalos/desk/order_sentinel.py", line 69, in _match
    order.get("localSymbol", order.get("symbol")) == spec["symbol"]
KeyError: 'symbol'
Traceback (most recent call last):
  File "/Library/Developer/CommandLineTools/Library/Frameworks/Python3.framework/Versions/3.9/lib/python3.9/runpy.py", line 197, in _run_module_as_main
    return _run_code(code, main_globals, None,
  File "/Library/Developer/CommandLineTools/Library/Frameworks/Python3.framework/Versions/3.9/lib/python3.9/runpy.py", line 87, in _run_code
    exec(code, run_globals)
  File "/Users/ajay/exalted/signalos/desk/order_sentinel.py", line 340, in <module>
    sys.exit(run(dry="--dry" in sys.argv))
  File "/Users/ajay/exalted/signalos/desk/order_sentinel.py", line 100, in run
    hits = [o for o in orders if _match(o, spec)]
  File "/Users/ajay/exalted/signalos/desk/order_sentinel.py", line 100, in <listcomp>
    hits = [o for o in orders if _match(o, spec)]
  File "/Users/ajay/exalted/signalos/desk/order_sentinel.py", line 69, in _match
    order.get("localSymbol", order.get("symbol")) == spec["symbol"]
KeyError: 'symbol'
Traceback (most recent call last):
  File "/Library/Developer/CommandLineTools/Library/Frameworks/Python3.framework/Versions/3.9/lib/python3.9/runpy.py", line 197, in _run_module_as_main
    return _run_code(code, main_globals, None,
  File "/Library/Developer/CommandLineTools/Library/Frameworks/Python3.framework/Versions/3.9/lib/python3.9/runpy.py", line 87, in _run_code
    exec(code, run_globals)
  File "/Users/ajay/exalted/signalos/desk/order_sentinel.py", line 340, in <module>
    sys.exit(run(dry="--dry" in sys.argv))
  File "/Users/ajay/exalted/signalos/desk/order_sentinel.py", line 100, in run
    hits = [o for o in orders if _match(o, spec)]
  File "/Users/ajay/exalted/signalos/desk/order_sentinel.py", line 100, in <listcomp>
    hits = [o for o in orders if _match(o, spec)]
  File "/Users/ajay/exalted/signalos/desk/order_sentinel.py", line 69, in _match
    order.get("localSymbol", order.get("symbol")) == spec["symbol"]
KeyError: 'symbol'
Traceback (most recent call last):
  File "/Library/Developer/CommandLineTools/Library/Frameworks/Python3.framework/Versions/3.9/lib/python3.9/runpy.py", line 197, in _run_module_as_main
    return _run_code(code, main_globals, None,
  File "/Library/Developer/CommandLineTools/Library/Frameworks/Python3.framework/Versions/3.9/lib/python3.9/runpy.py", line 87, in _run_code
    exec(code, run_globals)
  File "/Users/ajay/exalted/signalos/desk/order_sentinel.py", line 340, in <module>
    sys.exit(run(dry="--dry" in sys.argv))
  File "/Users/ajay/exalted/signalos/desk/order_sentinel.py", line 100, in run
    hits = [o for o in orders if _match(o, spec)]
  File "/Users/ajay/exalted/signalos/desk/order_sentinel.py", line 100, in <listcomp>
    hits = [o for o in orders if _match(o, spec)]
  File "/Users/ajay/exalted/signalos/desk/order_sentinel.py", line 69, in _match
    order.get("localSymbol", order.get("symbol")) == spec["symbol"]
KeyError: 'symbol'
Traceback (most recent call last):
  File "/Library/Developer/CommandLineTools/Library/Frameworks/Python3.framework/Versions/3.9/lib/python3.9/runpy.py", line 197, in _run_module_as_main
    return _run_code(code, main_globals, None,
  File "/Library/Developer/CommandLineTools/Library/Frameworks/Python3.framework/Versions/3.9/lib/python3.9/runpy.py", line 87, in _run_code
    exec(code, run_globals)
  File "/Users/ajay/exalted/signalos/desk/order_sentinel.py", line 340, in <module>
    sys.exit(run(dry="--dry" in sys.argv))
  File "/Users/ajay/exalted/signalos/desk/order_sentinel.py", line 100, in run
    hits = [o for o in orders if _match(o, spec)]
  File "/Users/ajay/exalted/signalos/desk/order_sentinel.py", line 100, in <listcomp>
    hits = [o for o in orders if _match(o, spec)]
  File "/Users/ajay/exalted/signalos/desk/order_sentinel.py", line 69, in _match
    order.get("localSymbol", order.get("symbol")) == spec["symbol"]
KeyError: 'symbol'
Traceback (most recent call last):
  File "/Library/Developer/CommandLineTools/Library/Frameworks/Python3.framework/Versions/3.9/lib/python3.9/runpy.py", line 197, in _run_module_as_main
    return _run_code(code, main_globals, None,
  File "/Library/Developer/CommandLineTools/Library/Frameworks/Python3.framework/Versions/3.9/lib/python3.9/runpy.py", line 87, in _run_code
    exec(code, run_globals)
  File "/Users/ajay/exalted/signalos/desk/order_sentinel.py", line 340, in <module>
    sys.exit(run(dry="--dry" in sys.argv))
  File "/Users/ajay/exalted/signalos/desk/order_sentinel.py", line 100, in run
    hits = [o for o in orders if _match(o, spec)]
  File "/Users/ajay/exalted/signalos/desk/order_sentinel.py", line 100, in <listcomp>
    hits = [o for o in orders if _match(o, spec)]
  File "/Users/ajay/exalted/signalos/desk/order_sentinel.py", line 69, in _match
    order.get("localSymbol", order.get("symbol")) == spec["symbol"]
KeyError: 'symbol'
Traceback (most recent call last):
  File "/Library/Developer/CommandLineTools/Library/Frameworks/Python3.framework/Versions/3.9/lib/python3.9/runpy.py", line 197, in _run_module_as_main
    return _run_code(code, main_globals, None,
  File "/Library/Developer/CommandLineTools/Library/Frameworks/Python3.framework/Versions/3.9/lib/python3.9/runpy.py", line 87, in _run_code
    exec(code, run_globals)
  File "/Users/ajay/exalted/signalos/desk/order_sentinel.py", line 340, in <module>
    sys.exit(run(dry="--dry" in sys.argv))
  File "/Users/ajay/exalted/signalos/desk/order_sentinel.py", line 100, in run
    hits = [o for o in orders if _match(o, spec)]
  File "/Users/ajay/exalted/signalos/desk/order_sentinel.py", line 100, in <listcomp>
    hits = [o for o in orders if _match(o, spec)]
  File "/Users/ajay/exalted/signalos/desk/order_sentinel.py", line 69, in _match
    order.get("localSymbol", order.get("symbol")) == spec["symbol"]
KeyError: 'symbol'
Traceback (most recent call last):
  File "/Library/Developer/CommandLineTools/Library/Frameworks/Python3.framework/Versions/3.9/lib/python3.9/runpy.py", line 197, in _run_module_as_main
    return _run_code(code, main_globals, None,
  File "/Library/Developer/CommandLineTools/Library/Frameworks/Python3.framework/Versions/3.9/lib/python3.9/runpy.py", line 87, in _run_code
    exec(code, run_globals)
  File "/Users/ajay/exalted/signalos/desk/order_sentinel.py", line 340, in <module>
    sys.exit(run(dry="--dry" in sys.argv))
  File "/Users/ajay/exalted/signalos/desk/order_sentinel.py", line 100, in run
    hits = [o for o in orders if _match(o, spec)]
  File "/Users/ajay/exalted/signalos/desk/order_sentinel.py", line 100, in <listcomp>
    hits = [o for o in orders if _match(o, spec)]
  File "/Users/ajay/exalted/signalos/desk/order_sentinel.py", line 69, in _match
    order.get("localSymbol", order.get("symbol")) == spec["symbol"]
KeyError: 'symbol'
Traceback (most recent call last):
  File "/Library/Developer/CommandLineTools/Library/Frameworks/Python3.framework/Versions/3.9/lib/python3.9/runpy.py", line 197, in _run_module_as_main
    return _run_code(code, main_globals, None,
  File "/Library/Developer/CommandLineTools/Library/Frameworks/Python3.framework/Versions/3.9/lib/python3.9/runpy.py", line 87, in _run_code
    exec(code, run_globals)
  File "/Users/ajay/exalted/signalos/desk/order_sentinel.py", line 340, in <module>
    sys.exit(run(dry="--dry" in sys.argv))
  File "/Users/ajay/exalted/signalos/desk/order_sentinel.py", line 100, in run
    hits = [o for o in orders if _match(o, spec)]
  File "/Users/ajay/exalted/signalos/desk/order_sentinel.py", line 100, in <listcomp>
    hits = [o for o in orders if _match(o, spec)]
  File "/Users/ajay/exalted/signalos/desk/order_sentinel.py", line 69, in _match
    order.get("localSymbol", order.get("symbol")) == spec["symbol"]
KeyError: 'symbol'
Traceback (most recent call last):
  File "/Library/Developer/CommandLineTools/Library/Frameworks/Python3.framework/Versions/3.9/lib/python3.9/runpy.py", line 197, in _run_module_as_main
    return _run_code(code, main_globals, None,
  File "/Library/Developer/CommandLineTools/Library/Frameworks/Python3.framework/Versions/3.9/lib/python3.9/runpy.py", line 87, in _run_code
    exec(code, run_globals)
  File "/Users/ajay/exalted/signalos/desk/order_sentinel.py", line 340, in <module>
    sys.exit(run(dry="--dry" in sys.argv))
  File "/Users/ajay/exalted/signalos/desk/order_sentinel.py", line 100, in run
    hits = [o for o in orders if _match(o, spec)]
  File "/Users/ajay/exalted/signalos/desk/order_sentinel.py", line 100, in <listcomp>
    hits = [o for o in orders if _match(o, spec)]
  File "/Users/ajay/exalted/signalos/desk/order_sentinel.py", line 69, in _match
    order.get("localSymbol", order.get("symbol")) == spec["symbol"]
KeyError: 'symbol'
Traceback (most recent call last):
  File "/Library/Developer/CommandLineTools/Library/Frameworks/Python3.framework/Versions/3.9/lib/python3.9/runpy.py", line 197, in _run_module_as_main
    return _run_code(code, main_globals, None,
  File "/Library/Developer/CommandLineTools/Library/Frameworks/Python3.framework/Versions/3.9/lib/python3.9/runpy.py", line 87, in _run_code
    exec(code, run_globals)
  File "/Users/ajay/exalted/signalos/desk/order_sentinel.py", line 340, in <module>
    sys.exit(run(dry="--dry" in sys.argv))
  File "/Users/ajay/exalted/signalos/desk/order_sentinel.py", line 100, in run
    hits = [o for o in orders if _match(o, spec)]
  File "/Users/ajay/exalted/signalos/desk/order_sentinel.py", line 100, in <listcomp>
    hits = [o for o in orders if _match(o, spec)]
  File "/Users/ajay/exalted/signalos/desk/order_sentinel.py", line 69, in _match
    order.get("localSymbol", order.get("symbol")) == spec["symbol"]
KeyError: 'symbol'
Traceback (most recent call last):
  File "/Library/Developer/CommandLineTools/Library/Frameworks/Python3.framework/Versions/3.9/lib/python3.9/runpy.py", line 197, in _run_module_as_main
    return _run_code(code, main_globals, None,
  File "/Library/Developer/CommandLineTools/Library/Frameworks/Python3.framework/Versions/3.9/lib/python3.9/runpy.py", line 87, in _run_code
    exec(code, run_globals)
  File "/Users/ajay/exalted/signalos/desk/order_sentinel.py", line 340, in <module>
    sys.exit(run(dry="--dry" in sys.argv))
  File "/Users/ajay/exalted/signalos/desk/order_sentinel.py", line 100, in run
    hits = [o for o in orders if _match(o, spec)]
  File "/Users/ajay/exalted/signalos/desk/order_sentinel.py", line 100, in <listcomp>
    hits = [o for o in orders if _match(o, spec)]
  File "/Users/ajay/exalted/signalos/desk/order_sentinel.py", line 69, in _match
    order.get("localSymbol", order.get("symbol")) == spec["symbol"]
KeyError: 'symbol'
Traceback (most recent call last):
  File "/Library/Developer/CommandLineTools/Library/Frameworks/Python3.framework/Versions/3.9/lib/python3.9/runpy.py", line 197, in _run_module_as_main
    return _run_code(code, main_globals, None,
  File "/Library/Developer/CommandLineTools/Library/Frameworks/Python3.framework/Versions/3.9/lib/python3.9/runpy.py", line 87, in _run_code
    exec(code, run_globals)
  File "/Users/ajay/exalted/signalos/desk/order_sentinel.py", line 340, in <module>
    sys.exit(run(dry="--dry" in sys.argv))
  File "/Users/ajay/exalted/signalos/desk/order_sentinel.py", line 100, in run
    hits = [o for o in orders if _match(o, spec)]
  File "/Users/ajay/exalted/signalos/desk/order_sentinel.py", line 100, in <listcomp>
    hits = [o for o in orders if _match(o, spec)]
  File "/Users/ajay/exalted/signalos/desk/order_sentinel.py", line 69, in _match
    order.get("localSymbol", order.get("symbol")) == spec["symbol"]
KeyError: 'symbol'
Traceback (most recent call last):
  File "/Library/Developer/CommandLineTools/Library/Frameworks/Python3.framework/Versions/3.9/lib/python3.9/runpy.py", line 197, in _run_module_as_main
    return _run_code(code, main_globals, None,
  File "/Library/Developer/CommandLineTools/Library/Frameworks/Python3.framework/Versions/3.9/lib/python3.9/runpy.py", line 87, in _run_code
    exec(code, run_globals)
  File "/Users/ajay/exalted/signalos/desk/order_sentinel.py", line 340, in <module>
    sys.exit(run(dry="--dry" in sys.argv))
  File "/Users/ajay/exalted/signalos/desk/order_sentinel.py", line 100, in run
    hits = [o for o in orders if _match(o, spec)]
  File "/Users/ajay/exalted/signalos/desk/order_sentinel.py", line 100, in <listcomp>
    hits = [o for o in orders if _match(o, spec)]
  File "/Users/ajay/exalted/signalos/desk/order_sentinel.py", line 69, in _match
    order.get("localSymbol", order.get("symbol")) == spec["symbol"]
KeyError: 'symbol'
Traceback (most recent call last):
  File "/Library/Developer/CommandLineTools/Library/Frameworks/Python3.framework/Versions/3.9/lib/python3.9/runpy.py", line 197, in _run_module_as_main
    return _run_code(code, main_globals, None,
  File "/Library/Developer/CommandLineTools/Library/Frameworks/Python3.framework/Versions/3.9/lib/python3.9/runpy.py", line 87, in _run_code
    exec(code, run_globals)
  File "/Users/ajay/exalted/signalos/desk/order_sentinel.py", line 340, in <module>
    sys.exit(run(dry="--dry" in sys.argv))
  File "/Users/ajay/exalted/signalos/desk/order_sentinel.py", line 100, in run
    hits = [o for o in orders if _match(o, spec)]
  File "/Users/ajay/exalted/signalos/desk/order_sentinel.py", line 100, in <listcomp>
    hits = [o for o in orders if _match(o, spec)]
  File "/Users/ajay/exalted/signalos/desk/order_sentinel.py", line 69, in _match
    order.get("localSymbol", order.get("symbol")) == spec["symbol"]
KeyError: 'symbol'
Traceback (most recent call last):
  File "/Library/Developer/CommandLineTools/Library/Frameworks/Python3.framework/Versions/3.9/lib/python3.9/runpy.py", line 197, in _run_module_as_main
    return _run_code(code, main_globals, None,
  File "/Library/Developer/CommandLineTools/Library/Frameworks/Python3.framework/Versions/3.9/lib/python3.9/runpy.py", line 87, in _run_code
    exec(code, run_globals)
  File "/Users/ajay/exalted/signalos/desk/order_sentinel.py", line 340, in <module>
    sys.exit(run(dry="--dry" in sys.argv))
  File "/Users/ajay/exalted/signalos/desk/order_sentinel.py", line 100, in run
    hits = [o for o in orders if _match(o, spec)]
  File "/Users/ajay/exalted/signalos/desk/order_sentinel.py", line 100, in <listcomp>
    hits = [o for o in orders if _match(o, spec)]
  File "/Users/ajay/exalted/signalos/desk/order_sentinel.py", line 69, in _match
    order.get("localSymbol", order.get("symbol")) == spec["symbol"]
KeyError: 'symbol'
Traceback (most recent call last):
  File "/Library/Developer/CommandLineTools/Library/Frameworks/Python3.framework/Versions/3.9/lib/python3.9/runpy.py", line 197, in _run_module_as_main
    return _run_code(code, main_globals, None,
  File "/Library/Developer/CommandLineTools/Library/Frameworks/Python3.framework/Versions/3.9/lib/python3.9/runpy.py", line 87, in _run_code
    exec(code, run_globals)
  File "/Users/ajay/exalted/signalos/desk/order_sentinel.py", line 340, in <module>
    sys.exit(run(dry="--dry" in sys.argv))
  File "/Users/ajay/exalted/signalos/desk/order_sentinel.py", line 100, in run
    hits = [o for o in orders if _match(o, spec)]
  File "/Users/ajay/exalted/signalos/desk/order_sentinel.py", line 100, in <listcomp>
    hits = [o for o in orders if _match(o, spec)]
  File "/Users/ajay/exalted/signalos/desk/order_sentinel.py", line 69, in _match
    order.get("localSymbol", order.get("symbol")) == spec["symbol"]
KeyError: 'symbol'
Traceback (most recent call last):
  File "/Library/Developer/CommandLineTools/Library/Frameworks/Python3.framework/Versions/3.9/lib/python3.9/runpy.py", line 197, in _run_module_as_main
    return _run_code(code, main_globals, None,
  File "/Library/Developer/CommandLineTools/Library/Frameworks/Python3.framework/Versions/3.9/lib/python3.9/runpy.py", line 87, in _run_code
    exec(code, run_globals)
  File "/Users/ajay/exalted/signalos/desk/order_sentinel.py", line 340, in <module>
    sys.exit(run(dry="--dry" in sys.argv))
  File "/Users/ajay/exalted/signalos/desk/order_sentinel.py", line 100, in run
    hits = [o for o in orders if _match(o, spec)]
  File "/Users/ajay/exalted/signalos/desk/order_sentinel.py", line 100, in <listcomp>
    hits = [o for o in orders if _match(o, spec)]
  File "/Users/ajay/exalted/signalos/desk/order_sentinel.py", line 69, in _match
    order.get("localSymbol", order.get("symbol")) == spec["symbol"]
KeyError: 'symbol'
Traceback (most recent call last):
  File "/Library/Developer/CommandLineTools/Library/Frameworks/Python3.framework/Versions/3.9/lib/python3.9/runpy.py", line 197, in _run_module_as_main
    return _run_code(code, main_globals, None,
  File "/Library/Developer/CommandLineTools/Library/Frameworks/Python3.framework/Versions/3.9/lib/python3.9/runpy.py", line 87, in _run_code
    exec(code, run_globals)
  File "/Users/ajay/exalted/signalos/desk/order_sentinel.py", line 340, in <module>
    sys.exit(run(dry="--dry" in sys.argv))
  File "/Users/ajay/exalted/signalos/desk/order_sentinel.py", line 100, in run
    hits = [o for o in orders if _match(o, spec)]
  File "/Users/ajay/exalted/signalos/desk/order_sentinel.py", line 100, in <listcomp>
    hits = [o for o in orders if _match(o, spec)]
  File "/Users/ajay/exalted/signalos/desk/order_sentinel.py", line 69, in _match
    order.get("localSymbol", order.get("symbol")) == spec["symbol"]
KeyError: 'symbol'
Traceback (most recent call last):
  File "/Library/Developer/CommandLineTools/Library/Frameworks/Python3.framework/Versions/3.9/lib/python3.9/runpy.py", line 197, in _run_module_as_main
    return _run_code(code, main_globals, None,
  File "/Library/Developer/CommandLineTools/Library/Frameworks/Python3.framework/Versions/3.9/lib/python3.9/runpy.py", line 87, in _run_code
    exec(code, run_globals)
  File "/Users/ajay/exalted/signalos/desk/order_sentinel.py", line 340, in <module>
    sys.exit(run(dry="--dry" in sys.argv))
  File "/Users/ajay/exalted/signalos/desk/order_sentinel.py", line 100, in run
    hits = [o for o in orders if _match(o, spec)]
  File "/Users/ajay/exalted/signalos/desk/order_sentinel.py", line 100, in <listcomp>
    hits = [o for o in orders if _match(o, spec)]
  File "/Users/ajay/exalted/signalos/desk/order_sentinel.py", line 69, in _match
    order.get("localSymbol", order.get("symbol")) == spec["symbol"]
KeyError: 'symbol'
Traceback (most recent call last):
  File "/Library/Developer/CommandLineTools/Library/Frameworks/Python3.framework/Versions/3.9/lib/python3.9/runpy.py", line 197, in _run_module_as_main
    return _run_code(code, main_globals, None,
  File "/Library/Developer/CommandLineTools/Library/Frameworks/Python3.framework/Versions/3.9/lib/python3.9/runpy.py", line 87, in _run_code
    exec(code, run_globals)
  File "/Users/ajay/exalted/signalos/desk/order_sentinel.py", line 340, in <module>
    sys.exit(run(dry="--dry" in sys.argv))
  File "/Users/ajay/exalted/signalos/desk/order_sentinel.py", line 100, in run
    hits = [o for o in orders if _match(o, spec)]
  File "/Users/ajay/exalted/signalos/desk/order_sentinel.py", line 100, in <listcomp>
    hits = [o for o in orders if _match(o, spec)]
  File "/Users/ajay/exalted/signalos/desk/order_sentinel.py", line 69, in _match
    order.get("localSymbol", order.get("symbol")) == spec["symbol"]
KeyError: 'symbol'
Traceback (most recent call last):
  File "/Library/Developer/CommandLineTools/Library/Frameworks/Python3.framework/Versions/3.9/lib/python3.9/runpy.py", line 197, in _run_module_as_main
    return _run_code(code, main_globals, None,
  File "/Library/Developer/CommandLineTools/Library/Frameworks/Python3.framework/Versions/3.9/lib/python3.9/runpy.py", line 87, in _run_code
    exec(code, run_globals)
  File "/Users/ajay/exalted/signalos/desk/order_sentinel.py", line 340, in <module>
    sys.exit(run(dry="--dry" in sys.argv))
  File "/Users/ajay/exalted/signalos/desk/order_sentinel.py", line 100, in run
    hits = [o for o in orders if _match(o, spec)]
  File "/Users/ajay/exalted/signalos/desk/order_sentinel.py", line 100, in <listcomp>
    hits = [o for o in orders if _match(o, spec)]
  File "/Users/ajay/exalted/signalos/desk/order_sentinel.py", line 69, in _match
    order.get("localSymbol", order.get("symbol")) == spec["symbol"]
KeyError: 'symbol'
Traceback (most recent call last):
  File "/Library/Developer/CommandLineTools/Library/Frameworks/Python3.framework/Versions/3.9/lib/python3.9/runpy.py", line 197, in _run_module_as_main
    return _run_code(code, main_globals, None,
  File "/Library/Developer/CommandLineTools/Library/Frameworks/Python3.framework/Versions/3.9/lib/python3.9/runpy.py", line 87, in _run_code
    exec(code, run_globals)
  File "/Users/ajay/exalted/signalos/desk/order_sentinel.py", line 340, in <module>
    sys.exit(run(dry="--dry" in sys.argv))
  File "/Users/ajay/exalted/signalos/desk/order_sentinel.py", line 100, in run
    hits = [o for o in orders if _match(o, spec)]
  File "/Users/ajay/exalted/signalos/desk/order_sentinel.py", line 100, in <listcomp>
    hits = [o for o in orders if _match(o, spec)]
  File "/Users/ajay/exalted/signalos/desk/order_sentinel.py", line 69, in _match
    order.get("localSymbol", order.get("symbol")) == spec["symbol"]
KeyError: 'symbol'
Traceback (most recent call last):
  File "/Library/Developer/CommandLineTools/Library/Frameworks/Python3.framework/Versions/3.9/lib/python3.9/runpy.py", line 197, in _run_module_as_main
    return _run_code(code, main_globals, None,
  File "/Library/Developer/CommandLineTools/Library/Frameworks/Python3.framework/Versions/3.9/lib/python3.9/runpy.py", line 87, in _run_code
    exec(code, run_globals)
  File "/Users/ajay/exalted/signalos/desk/order_sentinel.py", line 340, in <module>
    sys.exit(run(dry="--dry" in sys.argv))
  File "/Users/ajay/exalted/signalos/desk/order_sentinel.py", line 100, in run
    hits = [o for o in orders if _match(o, spec)]
  File "/Users/ajay/exalted/signalos/desk/order_sentinel.py", line 100, in <listcomp>
    hits = [o for o in orders if _match(o, spec)]
  File "/Users/ajay/exalted/signalos/desk/order_sentinel.py", line 69, in _match
    order.get("localSymbol", order.get("symbol")) == spec["symbol"]
KeyError: 'symbol'
Traceback (most recent call last):
  File "/Library/Developer/CommandLineTools/Library/Frameworks/Python3.framework/Versions/3.9/lib/python3.9/runpy.py", line 197, in _run_module_as_main
    return _run_code(code, main_globals, None,
  File "/Library/Developer/CommandLineTools/Library/Frameworks/Python3.framework/Versions/3.9/lib/python3.9/runpy.py", line 87, in _run_code
    exec(code, run_globals)
  File "/Users/ajay/exalted/signalos/desk/order_sentinel.py", line 340, in <module>
    sys.exit(run(dry="--dry" in sys.argv))
  File "/Users/ajay/exalted/signalos/desk/order_sentinel.py", line 100, in run
    hits = [o for o in orders if _match(o, spec)]
  File "/Users/ajay/exalted/signalos/desk/order_sentinel.py", line 100, in <listcomp>
    hits = [o for o in orders if _match(o, spec)]
  File "/Users/ajay/exalted/signalos/desk/order_sentinel.py", line 69, in _match
    order.get("localSymbol", order.get("symbol")) == spec["symbol"]
KeyError: 'symbol'
Traceback (most recent call last):
  File "/Library/Developer/CommandLineTools/Library/Frameworks/Python3.framework/Versions/3.9/lib/python3.9/runpy.py", line 197, in _run_module_as_main
    return _run_code(code, main_globals, None,
  File "/Library/Developer/CommandLineTools/Library/Frameworks/Python3.framework/Versions/3.9/lib/python3.9/runpy.py", line 87, in _run_code
    exec(code, run_globals)
  File "/Users/ajay/exalted/signalos/desk/order_sentinel.py", line 340, in <module>
    sys.exit(run(dry="--dry" in sys.argv))
  File "/Users/ajay/exalted/signalos/desk/order_sentinel.py", line 100, in run
    hits = [o for o in orders if _match(o, spec)]
  File "/Users/ajay/exalted/signalos/desk/order_sentinel.py", line 100, in <listcomp>
    hits = [o for o in orders if _match(o, spec)]
  File "/Users/ajay/exalted/signalos/desk/order_sentinel.py", line 69, in _match
    order.get("localSymbol", order.get("symbol")) == spec["symbol"]
KeyError: 'symbol'
Traceback (most recent call last):
  File "/Library/Developer/CommandLineTools/Library/Frameworks/Python3.framework/Versions/3.9/lib/python3.9/runpy.py", line 197, in _run_module_as_main
    return _run_code(code, main_globals, None,
  File "/Library/Developer/CommandLineTools/Library/Frameworks/Python3.framework/Versions/3.9/lib/python3.9/runpy.py", line 87, in _run_code
    exec(code, run_globals)
  File "/Users/ajay/exalted/signalos/desk/order_sentinel.py", line 340, in <module>
    sys.exit(run(dry="--dry" in sys.argv))
  File "/Users/ajay/exalted/signalos/desk/order_sentinel.py", line 100, in run
    hits = [o for o in orders if _match(o, spec)]
  File "/Users/ajay/exalted/signalos/desk/order_sentinel.py", line 100, in <listcomp>
    hits = [o for o in orders if _match(o, spec)]
  File "/Users/ajay/exalted/signalos/desk/order_sentinel.py", line 69, in _match
    order.get("localSymbol", order.get("symbol")) == spec["symbol"]
KeyError: 'symbol'
Traceback (most recent call last):
  File "/Library/Developer/CommandLineTools/Library/Frameworks/Python3.framework/Versions/3.9/lib/python3.9/runpy.py", line 197, in _run_module_as_main
    return _run_code(code, main_globals, None,
  File "/Library/Developer/CommandLineTools/Library/Frameworks/Python3.framework/Versions/3.9/lib/python3.9/runpy.py", line 87, in _run_code
    exec(code, run_globals)
  File "/Users/ajay/exalted/signalos/desk/order_sentinel.py", line 340, in <module>
    sys.exit(run(dry="--dry" in sys.argv))
  File "/Users/ajay/exalted/signalos/desk/order_sentinel.py", line 100, in run
    hits = [o for o in orders if _match(o, spec)]
  File "/Users/ajay/exalted/signalos/desk/order_sentinel.py", line 100, in <listcomp>
    hits = [o for o in orders if _match(o, spec)]
  File "/Users/ajay/exalted/signalos/desk/order_sentinel.py", line 69, in _match
    order.get("localSymbol", order.get("symbol")) == spec["symbol"]
KeyError: 'symbol'
Traceback (most recent call last):
  File "/Library/Developer/CommandLineTools/Library/Frameworks/Python3.framework/Versions/3.9/lib/python3.9/runpy.py", line 197, in _run_module_as_main
    return _run_code(code, main_globals, None,
  File "/Library/Developer/CommandLineTools/Library/Frameworks/Python3.framework/Versions/3.9/lib/python3.9/runpy.py", line 87, in _run_code
    exec(code, run_globals)
  File "/Users/ajay/exalted/signalos/desk/order_sentinel.py", line 340, in <module>
    sys.exit(run(dry="--dry" in sys.argv))
  File "/Users/ajay/exalted/signalos/desk/order_sentinel.py", line 100, in run
    hits = [o for o in orders if _match(o, spec)]
  File "/Users/ajay/exalted/signalos/desk/order_sentinel.py", line 100, in <listcomp>
    hits = [o for o in orders if _match(o, spec)]
  File "/Users/ajay/exalted/signalos/desk/order_sentinel.py", line 69, in _match
    order.get("localSymbol", order.get("symbol")) == spec["symbol"]
KeyError: 'symbol'
Traceback (most recent call last):
  File "/Library/Developer/CommandLineTools/Library/Frameworks/Python3.framework/Versions/3.9/lib/python3.9/runpy.py", line 197, in _run_module_as_main
    return _run_code(code, main_globals, None,
  File "/Library/Developer/CommandLineTools/Library/Frameworks/Python3.framework/Versions/3.9/lib/python3.9/runpy.py", line 87, in _run_code
    exec(code, run_globals)
  File "/Users/ajay/exalted/signalos/desk/order_sentinel.py", line 340, in <module>
    sys.exit(run(dry="--dry" in sys.argv))
  File "/Users/ajay/exalted/signalos/desk/order_sentinel.py", line 100, in run
    hits = [o for o in orders if _match(o, spec)]
  File "/Users/ajay/exalted/signalos/desk/order_sentinel.py", line 100, in <listcomp>
    hits = [o for o in orders if _match(o, spec)]
  File "/Users/ajay/exalted/signalos/desk/order_sentinel.py", line 69, in _match
    order.get("localSymbol", order.get("symbol")) == spec["symbol"]
KeyError: 'symbol'
Traceback (most recent call last):
  File "/Library/Developer/CommandLineTools/Library/Frameworks/Python3.framework/Versions/3.9/lib/python3.9/runpy.py", line 197, in _run_module_as_main
    return _run_code(code, main_globals, None,
  File "/Library/Developer/CommandLineTools/Library/Frameworks/Python3.framework/Versions/3.9/lib/python3.9/runpy.py", line 87, in _run_code
    exec(code, run_globals)
  File "/Users/ajay/exalted/signalos/desk/order_sentinel.py", line 340, in <module>
    sys.exit(run(dry="--dry" in sys.argv))
  File "/Users/ajay/exalted/signalos/desk/order_sentinel.py", line 100, in run
    hits = [o for o in orders if _match(o, spec)]
  File "/Users/ajay/exalted/signalos/desk/order_sentinel.py", line 100, in <listcomp>
    hits = [o for o in orders if _match(o, spec)]
  File "/Users/ajay/exalted/signalos/desk/order_sentinel.py", line 69, in _match
    order.get("localSymbol", order.get("symbol")) == spec["symbol"]
KeyError: 'symbol'
Traceback (most recent call last):
  File "/Library/Developer/CommandLineTools/Library/Frameworks/Python3.framework/Versions/3.9/lib/python3.9/runpy.py", line 197, in _run_module_as_main
    return _run_code(code, main_globals, None,
  File "/Library/Developer/CommandLineTools/Library/Frameworks/Python3.framework/Versions/3.9/lib/python3.9/runpy.py", line 87, in _run_code
    exec(code, run_globals)
  File "/Users/ajay/exalted/signalos/desk/order_sentinel.py", line 340, in <module>
    sys.exit(run(dry="--dry" in sys.argv))
  File "/Users/ajay/exalted/signalos/desk/order_sentinel.py", line 100, in run
    hits = [o for o in orders if _match(o, spec)]
  File "/Users/ajay/exalted/signalos/desk/order_sentinel.py", line 100, in <listcomp>
    hits = [o for o in orders if _match(o, spec)]
  File "/Users/ajay/exalted/signalos/desk/order_sentinel.py", line 69, in _match
    order.get("localSymbol", order.get("symbol")) == spec["symbol"]
KeyError: 'symbol'
Traceback (most recent call last):
  File "/Library/Developer/CommandLineTools/Library/Frameworks/Python3.framework/Versions/3.9/lib/python3.9/runpy.py", line 197, in _run_module_as_main
    return _run_code(code, main_globals, None,
  File "/Library/Developer/CommandLineTools/Library/Frameworks/Python3.framework/Versions/3.9/lib/python3.9/runpy.py", line 87, in _run_code
    exec(code, run_globals)
  File "/Users/ajay/exalted/signalos/desk/order_sentinel.py", line 340, in <module>
    sys.exit(run(dry="--dry" in sys.argv))
  File "/Users/ajay/exalted/signalos/desk/order_sentinel.py", line 100, in run
    hits = [o for o in orders if _match(o, spec)]
  File "/Users/ajay/exalted/signalos/desk/order_sentinel.py", line 100, in <listcomp>
    hits = [o for o in orders if _match(o, spec)]
  File "/Users/ajay/exalted/signalos/desk/order_sentinel.py", line 69, in _match
    order.get("localSymbol", order.get("symbol")) == spec["symbol"]
KeyError: 'symbol'
Traceback (most recent call last):
  File "/Library/Developer/CommandLineTools/Library/Frameworks/Python3.framework/Versions/3.9/lib/python3.9/runpy.py", line 197, in _run_module_as_main
    return _run_code(code, main_globals, None,
  File "/Library/Developer/CommandLineTools/Library/Frameworks/Python3.framework/Versions/3.9/lib/python3.9/runpy.py", line 87, in _run_code
    exec(code, run_globals)
  File "/Users/ajay/exalted/signalos/desk/order_sentinel.py", line 340, in <module>
    sys.exit(run(dry="--dry" in sys.argv))
  File "/Users/ajay/exalted/signalos/desk/order_sentinel.py", line 100, in run
    hits = [o for o in orders if _match(o, spec)]
  File "/Users/ajay/exalted/signalos/desk/order_sentinel.py", line 100, in <listcomp>
    hits = [o for o in orders if _match(o, spec)]
  File "/Users/ajay/exalted/signalos/desk/order_sentinel.py", line 69, in _match
    order.get("localSymbol", order.get("symbol")) == spec["symbol"]
KeyError: 'symbol'
Traceback (most recent call last):
  File "/Library/Developer/CommandLineTools/Library/Frameworks/Python3.framework/Versions/3.9/lib/python3.9/runpy.py", line 197, in _run_module_as_main
    return _run_code(code, main_globals, None,
  File "/Library/Developer/CommandLineTools/Library/Frameworks/Python3.framework/Versions/3.9/lib/python3.9/runpy.py", line 87, in _run_code
    exec(code, run_globals)
  File "/Users/ajay/exalted/signalos/desk/order_sentinel.py", line 340, in <module>
    sys.exit(run(dry="--dry" in sys.argv))
  File "/Users/ajay/exalted/signalos/desk/order_sentinel.py", line 100, in run
    hits = [o for o in orders if _match(o, spec)]
  File "/Users/ajay/exalted/signalos/desk/order_sentinel.py", line 100, in <listcomp>
    hits = [o for o in orders if _match(o, spec)]
  File "/Users/ajay/exalted/signalos/desk/order_sentinel.py", line 69, in _match
    order.get("localSymbol", order.get("symbol")) == spec["symbol"]
KeyError: 'symbol'
Traceback (most recent call last):
  File "/Library/Developer/CommandLineTools/Library/Frameworks/Python3.framework/Versions/3.9/lib/python3.9/runpy.py", line 197, in _run_module_as_main
    return _run_code(code, main_globals, None,
  File "/Library/Developer/CommandLineTools/Library/Frameworks/Python3.framework/Versions/3.9/lib/python3.9/runpy.py", line 87, in _run_code
    exec(code, run_globals)
  File "/Users/ajay/exalted/signalos/desk/order_sentinel.py", line 340, in <module>
    sys.exit(run(dry="--dry" in sys.argv))
  File "/Users/ajay/exalted/signalos/desk/order_sentinel.py", line 100, in run
    hits = [o for o in orders if _match(o, spec)]
  File "/Users/ajay/exalted/signalos/desk/order_sentinel.py", line 100, in <listcomp>
    hits = [o for o in orders if _match(o, spec)]
  File "/Users/ajay/exalted/signalos/desk/order_sentinel.py", line 69, in _match
    order.get("localSymbol", order.get("symbol")) == spec["symbol"]
KeyError: 'symbol'
Traceback (most recent call last):
  File "/Library/Developer/CommandLineTools/Library/Frameworks/Python3.framework/Versions/3.9/lib/python3.9/runpy.py", line 197, in _run_module_as_main
    return _run_code(code, main_globals, None,
  File "/Library/Developer/CommandLineTools/Library/Frameworks/Python3.framework/Versions/3.9/lib/python3.9/runpy.py", line 87, in _run_code
    exec(code, run_globals)
  File "/Users/ajay/exalted/signalos/desk/order_sentinel.py", line 340, in <module>
    sys.exit(run(dry="--dry" in sys.argv))
  File "/Users/ajay/exalted/signalos/desk/order_sentinel.py", line 100, in run
    hits = [o for o in orders if _match(o, spec)]
  File "/Users/ajay/exalted/signalos/desk/order_sentinel.py", line 100, in <listcomp>
    hits = [o for o in orders if _match(o, spec)]
  File "/Users/ajay/exalted/signalos/desk/order_sentinel.py", line 69, in _match
    order.get("localSymbol", order.get("symbol")) == spec["symbol"]
KeyError: 'symbol'
Traceback (most recent call last):
  File "/Library/Developer/CommandLineTools/Library/Frameworks/Python3.framework/Versions/3.9/lib/python3.9/runpy.py", line 197, in _run_module_as_main
    return _run_code(code, main_globals, None,
  File "/Library/Developer/CommandLineTools/Library/Frameworks/Python3.framework/Versions/3.9/lib/python3.9/runpy.py", line 87, in _run_code
    exec(code, run_globals)
  File "/Users/ajay/exalted/signalos/desk/order_sentinel.py", line 340, in <module>
    sys.exit(run(dry="--dry" in sys.argv))
  File "/Users/ajay/exalted/signalos/desk/order_sentinel.py", line 100, in run
    hits = [o for o in orders if _match(o, spec)]
  File "/Users/ajay/exalted/signalos/desk/order_sentinel.py", line 100, in <listcomp>
    hits = [o for o in orders if _match(o, spec)]
  File "/Users/ajay/exalted/signalos/desk/order_sentinel.py", line 69, in _match
    order.get("localSymbol", order.get("symbol")) == spec["symbol"]
KeyError: 'symbol'
Traceback (most recent call last):
  File "/Library/Developer/CommandLineTools/Library/Frameworks/Python3.framework/Versions/3.9/lib/python3.9/runpy.py", line 197, in _run_module_as_main
    return _run_code(code, main_globals, None,
  File "/Library/Developer/CommandLineTools/Library/Frameworks/Python3.framework/Versions/3.9/lib/python3.9/runpy.py", line 87, in _run_code
    exec(code, run_globals)
  File "/Users/ajay/exalted/signalos/desk/order_sentinel.py", line 340, in <module>
    sys.exit(run(dry="--dry" in sys.argv))
  File "/Users/ajay/exalted/signalos/desk/order_sentinel.py", line 100, in run
    hits = [o for o in orders if _match(o, spec)]
  File "/Users/ajay/exalted/signalos/desk/order_sentinel.py", line 100, in <listcomp>
    hits = [o for o in orders if _match(o, spec)]
  File "/Users/ajay/exalted/signalos/desk/order_sentinel.py", line 69, in _match
    order.get("localSymbol", order.get("symbol")) == spec["symbol"]
KeyError: 'symbol'
Traceback (most recent call last):
  File "/Library/Developer/CommandLineTools/Library/Frameworks/Python3.framework/Versions/3.9/lib/python3.9/runpy.py", line 197, in _run_module_as_main
    return _run_code(code, main_globals, None,
  File "/Library/Developer/CommandLineTools/Library/Frameworks/Python3.framework/Versions/3.9/lib/python3.9/runpy.py", line 87, in _run_code
    exec(code, run_globals)
  File "/Users/ajay/exalted/signalos/desk/order_sentinel.py", line 340, in <module>
    sys.exit(run(dry="--dry" in sys.argv))
  File "/Users/ajay/exalted/signalos/desk/order_sentinel.py", line 100, in run
    hits = [o for o in orders if _match(o, spec)]
  File "/Users/ajay/exalted/signalos/desk/order_sentinel.py", line 100, in <listcomp>
    hits = [o for o in orders if _match(o, spec)]
  File "/Users/ajay/exalted/signalos/desk/order_sentinel.py", line 69, in _match
    order.get("localSymbol", order.get("symbol")) == spec["symbol"]
KeyError: 'symbol'
Traceback (most recent call last):
  File "/Library/Developer/CommandLineTools/Library/Frameworks/Python3.framework/Versions/3.9/lib/python3.9/runpy.py", line 197, in _run_module_as_main
    return _run_code(code, main_globals, None,
  File "/Library/Developer/CommandLineTools/Library/Frameworks/Python3.framework/Versions/3.9/lib/python3.9/runpy.py", line 87, in _run_code
    exec(code, run_globals)
  File "/Users/ajay/exalted/signalos/desk/order_sentinel.py", line 340, in <module>
    sys.exit(run(dry="--dry" in sys.argv))
  File "/Users/ajay/exalted/signalos/desk/order_sentinel.py", line 100, in run
    hits = [o for o in orders if _match(o, spec)]
  File "/Users/ajay/exalted/signalos/desk/order_sentinel.py", line 100, in <listcomp>
    hits = [o for o in orders if _match(o, spec)]
  File "/Users/ajay/exalted/signalos/desk/order_sentinel.py", line 69, in _match
    order.get("localSymbol", order.get("symbol")) == spec["symbol"]
KeyError: 'symbol'
Traceback (most recent call last):
  File "/Library/Developer/CommandLineTools/Library/Frameworks/Python3.framework/Versions/3.9/lib/python3.9/runpy.py", line 197, in _run_module_as_main
    return _run_code(code, main_globals, None,
  File "/Library/Developer/CommandLineTools/Library/Frameworks/Python3.framework/Versions/3.9/lib/python3.9/runpy.py", line 87, in _run_code
    exec(code, run_globals)
  File "/Users/ajay/exalted/signalos/desk/order_sentinel.py", line 340, in <module>
    sys.exit(run(dry="--dry" in sys.argv))
  File "/Users/ajay/exalted/signalos/desk/order_sentinel.py", line 100, in run
    hits = [o for o in orders if _match(o, spec)]
  File "/Users/ajay/exalted/signalos/desk/order_sentinel.py", line 100, in <listcomp>
    hits = [o for o in orders if _match(o, spec)]
  File "/Users/ajay/exalted/signalos/desk/order_sentinel.py", line 69, in _match
    order.get("localSymbol", order.get("symbol")) == spec["symbol"]
KeyError: 'symbol'
Traceback (most recent call last):
  File "/Library/Developer/CommandLineTools/Library/Frameworks/Python3.framework/Versions/3.9/lib/python3.9/runpy.py", line 197, in _run_module_as_main
    return _run_code(code, main_globals, None,
  File "/Library/Developer/CommandLineTools/Library/Frameworks/Python3.framework/Versions/3.9/lib/python3.9/runpy.py", line 87, in _run_code
    exec(code, run_globals)
  File "/Users/ajay/exalted/signalos/desk/order_sentinel.py", line 340, in <module>
    sys.exit(run(dry="--dry" in sys.argv))
  File "/Users/ajay/exalted/signalos/desk/order_sentinel.py", line 100, in run
    hits = [o for o in orders if _match(o, spec)]
  File "/Users/ajay/exalted/signalos/desk/order_sentinel.py", line 100, in <listcomp>
    hits = [o for o in orders if _match(o, spec)]
  File "/Users/ajay/exalted/signalos/desk/order_sentinel.py", line 69, in _match
    order.get("localSymbol", order.get("symbol")) == spec["symbol"]
KeyError: 'symbol'
Traceback (most recent call last):
  File "/Library/Developer/CommandLineTools/Library/Frameworks/Python3.framework/Versions/3.9/lib/python3.9/runpy.py", line 197, in _run_module_as_main
    return _run_code(code, main_globals, None,
  File "/Library/Developer/CommandLineTools/Library/Frameworks/Python3.framework/Versions/3.9/lib/python3.9/runpy.py", line 87, in _run_code
    exec(code, run_globals)
  File "/Users/ajay/exalted/signalos/desk/order_sentinel.py", line 340, in <module>
    sys.exit(run(dry="--dry" in sys.argv))
  File "/Users/ajay/exalted/signalos/desk/order_sentinel.py", line 100, in run
    hits = [o for o in orders if _match(o, spec)]
  File "/Users/ajay/exalted/signalos/desk/order_sentinel.py", line 100, in <listcomp>
    hits = [o for o in orders if _match(o, spec)]
  File "/Users/ajay/exalted/signalos/desk/order_sentinel.py", line 69, in _match
    order.get("localSymbol", order.get("symbol")) == spec["symbol"]
KeyError: 'symbol'
Traceback (most recent call last):
  File "/Library/Developer/CommandLineTools/Library/Frameworks/Python3.framework/Versions/3.9/lib/python3.9/runpy.py", line 197, in _run_module_as_main
    return _run_code(code, main_globals, None,
  File "/Library/Developer/CommandLineTools/Library/Frameworks/Python3.framework/Versions/3.9/lib/python3.9/runpy.py", line 87, in _run_code
    exec(code, run_globals)
  File "/Users/ajay/exalted/signalos/desk/order_sentinel.py", line 340, in <module>
    sys.exit(run(dry="--dry" in sys.argv))
  File "/Users/ajay/exalted/signalos/desk/order_sentinel.py", line 100, in run
    hits = [o for o in orders if _match(o, spec)]
  File "/Users/ajay/exalted/signalos/desk/order_sentinel.py", line 100, in <listcomp>
    hits = [o for o in orders if _match(o, spec)]
  File "/Users/ajay/exalted/signalos/desk/order_sentinel.py", line 69, in _match
    order.get("localSymbol", order.get("symbol")) == spec["symbol"]
KeyError: 'symbol'
Traceback (most recent call last):
  File "/Library/Developer/CommandLineTools/Library/Frameworks/Python3.framework/Versions/3.9/lib/python3.9/runpy.py", line 197, in _run_module_as_main
    return _run_code(code, main_globals, None,
  File "/Library/Developer/CommandLineTools/Library/Frameworks/Python3.framework/Versions/3.9/lib/python3.9/runpy.py", line 87, in _run_code
    exec(code, run_globals)
  File "/Users/ajay/exalted/signalos/desk/order_sentinel.py", line 340, in <module>
    sys.exit(run(dry="--dry" in sys.argv))
  File "/Users/ajay/exalted/signalos/desk/order_sentinel.py", line 100, in run
    hits = [o for o in orders if _match(o, spec)]
  File "/Users/ajay/exalted/signalos/desk/order_sentinel.py", line 100, in <listcomp>
    hits = [o for o in orders if _match(o, spec)]
  File "/Users/ajay/exalted/signalos/desk/order_sentinel.py", line 69, in _match
    order.get("localSymbol", order.get("symbol")) == spec["symbol"]
KeyError: 'symbol'
Traceback (most recent call last):
  File "/Library/Developer/CommandLineTools/Library/Frameworks/Python3.framework/Versions/3.9/lib/python3.9/runpy.py", line 197, in _run_module_as_main
    return _run_code(code, main_globals, None,
  File "/Library/Developer/CommandLineTools/Library/Frameworks/Python3.framework/Versions/3.9/lib/python3.9/runpy.py", line 87, in _run_code
    exec(code, run_globals)
  File "/Users/ajay/exalted/signalos/desk/order_sentinel.py", line 340, in <module>
    sys.exit(run(dry="--dry" in sys.argv))
  File "/Users/ajay/exalted/signalos/desk/order_sentinel.py", line 100, in run
    hits = [o for o in orders if _match(o, spec)]
  File "/Users/ajay/exalted/signalos/desk/order_sentinel.py", line 100, in <listcomp>
    hits = [o for o in orders if _match(o, spec)]
  File "/Users/ajay/exalted/signalos/desk/order_sentinel.py", line 69, in _match
    order.get("localSymbol", order.get("symbol")) == spec["symbol"]
KeyError: 'symbol'
Traceback (most recent call last):
  File "/Library/Developer/CommandLineTools/Library/Frameworks/Python3.framework/Versions/3.9/lib/python3.9/runpy.py", line 197, in _run_module_as_main
    return _run_code(code, main_globals, None,
  File "/Library/Developer/CommandLineTools/Library/Frameworks/Python3.framework/Versions/3.9/lib/python3.9/runpy.py", line 87, in _run_code
    exec(code, run_globals)
  File "/Users/ajay/exalted/signalos/desk/order_sentinel.py", line 340, in <module>
    sys.exit(run(dry="--dry" in sys.argv))
  File "/Users/ajay/exalted/signalos/desk/order_sentinel.py", line 100, in run
    hits = [o for o in orders if _match(o, spec)]
  File "/Users/ajay/exalted/signalos/desk/order_sentinel.py", line 100, in <listcomp>
    hits = [o for o in orders if _match(o, spec)]
  File "/Users/ajay/exalted/signalos/desk/order_sentinel.py", line 69, in _match
    order.get("localSymbol", order.get("symbol")) == spec["symbol"]
KeyError: 'symbol'
API connection failed: ConnectionRefusedError(61, "Connect call failed ('127.0.0.1', 4001)")
Make sure API port on TWS/IBG is open
[CRITICAL] GATEWAY WEDGED: 10 consecutive connect failures (Failed to connect to IB Gateway on 127.0.0.1:4001 (ClientId=93): [Errno 61] Connect call failed ('127.0.0.1', 4001)). Orders, cancels and tonight's envelopes are all blind until it is restarted. This is the 08-24 failure mode.
Traceback (most recent call last):
  File "/Library/Developer/CommandLineTools/Library/Frameworks/Python3.framework/Versions/3.9/lib/python3.9/runpy.py", line 197, in _run_module_as_main
    return _run_code(code, main_globals, None,
  File "/Library/Developer/CommandLineTools/Library/Frameworks/Python3.framework/Versions/3.9/lib/python3.9/runpy.py", line 87, in _run_code
    exec(code, run_globals)
  File "/Users/ajay/exalted/signalos/desk/order_sentinel.py", line 340, in <module>
    sys.exit(run(dry="--dry" in sys.argv))
  File "/Users/ajay/exalted/signalos/desk/order_sentinel.py", line 100, in run
    hits = [o for o in orders if _match(o, spec)]
  File "/Users/ajay/exalted/signalos/desk/order_sentinel.py", line 100, in <listcomp>
    hits = [o for o in orders if _match(o, spec)]
  File "/Users/ajay/exalted/signalos/desk/order_sentinel.py", line 69, in _match
    order.get("localSymbol", order.get("symbol")) == spec["symbol"]
KeyError: 'symbol'
Traceback (most recent call last):
  File "/Library/Developer/CommandLineTools/Library/Frameworks/Python3.framework/Versions/3.9/lib/python3.9/runpy.py", line 197, in _run_module_as_main
    return _run_code(code, main_globals, None,
  File "/Library/Developer/CommandLineTools/Library/Frameworks/Python3.framework/Versions/3.9/lib/python3.9/runpy.py", line 87, in _run_code
    exec(code, run_globals)
  File "/Users/ajay/exalted/signalos/desk/order_sentinel.py", line 340, in <module>
    sys.exit(run(dry="--dry" in sys.argv))
  File "/Users/ajay/exalted/signalos/desk/order_sentinel.py", line 100, in run
    hits = [o for o in orders if _match(o, spec)]
  File "/Users/ajay/exalted/signalos/desk/order_sentinel.py", line 100, in <listcomp>
    hits = [o for o in orders if _match(o, spec)]
  File "/Users/ajay/exalted/signalos/desk/order_sentinel.py", line 69, in _match
    order.get("localSymbol", order.get("symbol")) == spec["symbol"]
KeyError: 'symbol'
Traceback (most recent call last):
  File "/Library/Developer/CommandLineTools/Library/Frameworks/Python3.framework/Versions/3.9/lib/python3.9/runpy.py", line 197, in _run_module_as_main
    return _run_code(code, main_globals, None,
  File "/Library/Developer/CommandLineTools/Library/Frameworks/Python3.framework/Versions/3.9/lib/python3.9/runpy.py", line 87, in _run_code
    exec(code, run_globals)
  File "/Users/ajay/exalted/signalos/desk/order_sentinel.py", line 340, in <module>
    sys.exit(run(dry="--dry" in sys.argv))
  File "/Users/ajay/exalted/signalos/desk/order_sentinel.py", line 100, in run
    hits = [o for o in orders if _match(o, spec)]
  File "/Users/ajay/exalted/signalos/desk/order_sentinel.py", line 100, in <listcomp>
    hits = [o for o in orders if _match(o, spec)]
  File "/Users/ajay/exalted/signalos/desk/order_sentinel.py", line 69, in _match
    order.get("localSymbol", order.get("symbol")) == spec["symbol"]
KeyError: 'symbol'
Traceback (most recent call last):
  File "/Library/Developer/CommandLineTools/Library/Frameworks/Python3.framework/Versions/3.9/lib/python3.9/runpy.py", line 197, in _run_module_as_main
    return _run_code(code, main_globals, None,
  File "/Library/Developer/CommandLineTools/Library/Frameworks/Python3.framework/Versions/3.9/lib/python3.9/runpy.py", line 87, in _run_code
    exec(code, run_globals)
  File "/Users/ajay/exalted/signalos/desk/order_sentinel.py", line 340, in <module>
    sys.exit(run(dry="--dry" in sys.argv))
  File "/Users/ajay/exalted/signalos/desk/order_sentinel.py", line 100, in run
    hits = [o for o in orders if _match(o, spec)]
  File "/Users/ajay/exalted/signalos/desk/order_sentinel.py", line 100, in <listcomp>
    hits = [o for o in orders if _match(o, spec)]
  File "/Users/ajay/exalted/signalos/desk/order_sentinel.py", line 69, in _match
    order.get("localSymbol", order.get("symbol")) == spec["symbol"]
KeyError: 'symbol'
Traceback (most recent call last):
  File "/Library/Developer/CommandLineTools/Library/Frameworks/Python3.framework/Versions/3.9/lib/python3.9/runpy.py", line 197, in _run_module_as_main
    return _run_code(code, main_globals, None,
  File "/Library/Developer/CommandLineTools/Library/Frameworks/Python3.framework/Versions/3.9/lib/python3.9/runpy.py", line 87, in _run_code
    exec(code, run_globals)
  File "/Users/ajay/exalted/signalos/desk/order_sentinel.py", line 340, in <module>
    sys.exit(run(dry="--dry" in sys.argv))
  File "/Users/ajay/exalted/signalos/desk/order_sentinel.py", line 100, in run
    hits = [o for o in orders if _match(o, spec)]
  File "/Users/ajay/exalted/signalos/desk/order_sentinel.py", line 100, in <listcomp>
    hits = [o for o in orders if _match(o, spec)]
  File "/Users/ajay/exalted/signalos/desk/order_sentinel.py", line 69, in _match
    order.get("localSymbol", order.get("symbol")) == spec["symbol"]
KeyError: 'symbol'
Traceback (most recent call last):
  File "/Library/Developer/CommandLineTools/Library/Frameworks/Python3.framework/Versions/3.9/lib/python3.9/runpy.py", line 197, in _run_module_as_main
    return _run_code(code, main_globals, None,
  File "/Library/Developer/CommandLineTools/Library/Frameworks/Python3.framework/Versions/3.9/lib/python3.9/runpy.py", line 87, in _run_code
    exec(code, run_globals)
  File "/Users/ajay/exalted/signalos/desk/order_sentinel.py", line 340, in <module>
    sys.exit(run(dry="--dry" in sys.argv))
  File "/Users/ajay/exalted/signalos/desk/order_sentinel.py", line 100, in run
    hits = [o for o in orders if _match(o, spec)]
  File "/Users/ajay/exalted/signalos/desk/order_sentinel.py", line 100, in <listcomp>
    hits = [o for o in orders if _match(o, spec)]
  File "/Users/ajay/exalted/signalos/desk/order_sentinel.py", line 69, in _match
    order.get("localSymbol", order.get("symbol")) == spec["symbol"]
KeyError: 'symbol'
Traceback (most recent call last):
  File "/Library/Developer/CommandLineTools/Library/Frameworks/Python3.framework/Versions/3.9/lib/python3.9/runpy.py", line 197, in _run_module_as_main
    return _run_code(code, main_globals, None,
  File "/Library/Developer/CommandLineTools/Library/Frameworks/Python3.framework/Versions/3.9/lib/python3.9/runpy.py", line 87, in _run_code
    exec(code, run_globals)
  File "/Users/ajay/exalted/signalos/desk/order_sentinel.py", line 340, in <module>
    sys.exit(run(dry="--dry" in sys.argv))
  File "/Users/ajay/exalted/signalos/desk/order_sentinel.py", line 100, in run
    hits = [o for o in orders if _match(o, spec)]
  File "/Users/ajay/exalted/signalos/desk/order_sentinel.py", line 100, in <listcomp>
    hits = [o for o in orders if _match(o, spec)]
  File "/Users/ajay/exalted/signalos/desk/order_sentinel.py", line 69, in _match
    order.get("localSymbol", order.get("symbol")) == spec["symbol"]
KeyError: 'symbol'
Traceback (most recent call last):
  File "/Library/Developer/CommandLineTools/Library/Frameworks/Python3.framework/Versions/3.9/lib/python3.9/runpy.py", line 197, in _run_module_as_main
    return _run_code(code, main_globals, None,
  File "/Library/Developer/CommandLineTools/Library/Frameworks/Python3.framework/Versions/3.9/lib/python3.9/runpy.py", line 87, in _run_code
    exec(code, run_globals)
  File "/Users/ajay/exalted/signalos/desk/order_sentinel.py", line 340, in <module>
    sys.exit(run(dry="--dry" in sys.argv))
  File "/Users/ajay/exalted/signalos/desk/order_sentinel.py", line 100, in run
    hits = [o for o in orders if _match(o, spec)]
  File "/Users/ajay/exalted/signalos/desk/order_sentinel.py", line 100, in <listcomp>
    hits = [o for o in orders if _match(o, spec)]
  File "/Users/ajay/exalted/signalos/desk/order_sentinel.py", line 69, in _match
    order.get("localSymbol", order.get("symbol")) == spec["symbol"]
KeyError: 'symbol'
Traceback (most recent call last):
  File "/Library/Developer/CommandLineTools/Library/Frameworks/Python3.framework/Versions/3.9/lib/python3.9/runpy.py", line 197, in _run_module_as_main
    return _run_code(code, main_globals, None,
  File "/Library/Developer/CommandLineTools/Library/Frameworks/Python3.framework/Versions/3.9/lib/python3.9/runpy.py", line 87, in _run_code
    exec(code, run_globals)
  File "/Users/ajay/exalted/signalos/desk/order_sentinel.py", line 340, in <module>
    sys.exit(run(dry="--dry" in sys.argv))
  File "/Users/ajay/exalted/signalos/desk/order_sentinel.py", line 100, in run
    hits = [o for o in orders if _match(o, spec)]
  File "/Users/ajay/exalted/signalos/desk/order_sentinel.py", line 100, in <listcomp>
    hits = [o for o in orders if _match(o, spec)]
  File "/Users/ajay/exalted/signalos/desk/order_sentinel.py", line 69, in _match
    order.get("localSymbol", order.get("symbol")) == spec["symbol"]
KeyError: 'symbol'
Traceback (most recent call last):
  File "/Library/Developer/CommandLineTools/Library/Frameworks/Python3.framework/Versions/3.9/lib/python3.9/runpy.py", line 197, in _run_module_as_main
    return _run_code(code, main_globals, None,
  File "/Library/Developer/CommandLineTools/Library/Frameworks/Python3.framework/Versions/3.9/lib/python3.9/runpy.py", line 87, in _run_code
    exec(code, run_globals)
  File "/Users/ajay/exalted/signalos/desk/order_sentinel.py", line 340, in <module>
    sys.exit(run(dry="--dry" in sys.argv))
  File "/Users/ajay/exalted/signalos/desk/order_sentinel.py", line 100, in run
    hits = [o for o in orders if _match(o, spec)]
  File "/Users/ajay/exalted/signalos/desk/order_sentinel.py", line 100, in <listcomp>
    hits = [o for o in orders if _match(o, spec)]
  File "/Users/ajay/exalted/signalos/desk/order_sentinel.py", line 69, in _match
    order.get("localSymbol", order.get("symbol")) == spec["symbol"]
KeyError: 'symbol'
Traceback (most recent call last):
  File "/Library/Developer/CommandLineTools/Library/Frameworks/Python3.framework/Versions/3.9/lib/python3.9/runpy.py", line 197, in _run_module_as_main
    return _run_code(code, main_globals, None,
  File "/Library/Developer/CommandLineTools/Library/Frameworks/Python3.framework/Versions/3.9/lib/python3.9/runpy.py", line 87, in _run_code
    exec(code, run_globals)
  File "/Users/ajay/exalted/signalos/desk/order_sentinel.py", line 340, in <module>
    sys.exit(run(dry="--dry" in sys.argv))
  File "/Users/ajay/exalted/signalos/desk/order_sentinel.py", line 100, in run
    hits = [o for o in orders if _match(o, spec)]
  File "/Users/ajay/exalted/signalos/desk/order_sentinel.py", line 100, in <listcomp>
    hits = [o for o in orders if _match(o, spec)]
  File "/Users/ajay/exalted/signalos/desk/order_sentinel.py", line 69, in _match
    order.get("localSymbol", order.get("symbol")) == spec["symbol"]
KeyError: 'symbol'
Traceback (most recent call last):
  File "/Library/Developer/CommandLineTools/Library/Frameworks/Python3.framework/Versions/3.9/lib/python3.9/runpy.py", line 197, in _run_module_as_main
    return _run_code(code, main_globals, None,
  File "/Library/Developer/CommandLineTools/Library/Frameworks/Python3.framework/Versions/3.9/lib/python3.9/runpy.py", line 87, in _run_code
    exec(code, run_globals)
  File "/Users/ajay/exalted/signalos/desk/order_sentinel.py", line 340, in <module>
    sys.exit(run(dry="--dry" in sys.argv))
  File "/Users/ajay/exalted/signalos/desk/order_sentinel.py", line 100, in run
    hits = [o for o in orders if _match(o, spec)]
  File "/Users/ajay/exalted/signalos/desk/order_sentinel.py", line 100, in <listcomp>
    hits = [o for o in orders if _match(o, spec)]
  File "/Users/ajay/exalted/signalos/desk/order_sentinel.py", line 69, in _match
    order.get("localSymbol", order.get("symbol")) == spec["symbol"]
KeyError: 'symbol'
Traceback (most recent call last):
  File "/Library/Developer/CommandLineTools/Library/Frameworks/Python3.framework/Versions/3.9/lib/python3.9/runpy.py", line 197, in _run_module_as_main
    return _run_code(code, main_globals, None,
  File "/Library/Developer/CommandLineTools/Library/Frameworks/Python3.framework/Versions/3.9/lib/python3.9/runpy.py", line 87, in _run_code
    exec(code, run_globals)
  File "/Users/ajay/exalted/signalos/desk/order_sentinel.py", line 340, in <module>
    sys.exit(run(dry="--dry" in sys.argv))
  File "/Users/ajay/exalted/signalos/desk/order_sentinel.py", line 100, in run
    hits = [o for o in orders if _match(o, spec)]
  File "/Users/ajay/exalted/signalos/desk/order_sentinel.py", line 100, in <listcomp>
    hits = [o for o in orders if _match(o, spec)]
  File "/Users/ajay/exalted/signalos/desk/order_sentinel.py", line 69, in _match
    order.get("localSymbol", order.get("symbol")) == spec["symbol"]
KeyError: 'symbol'
Traceback (most recent call last):
  File "/Library/Developer/CommandLineTools/Library/Frameworks/Python3.framework/Versions/3.9/lib/python3.9/runpy.py", line 197, in _run_module_as_main
    return _run_code(code, main_globals, None,
  File "/Library/Developer/CommandLineTools/Library/Frameworks/Python3.framework/Versions/3.9/lib/python3.9/runpy.py", line 87, in _run_code
    exec(code, run_globals)
  File "/Users/ajay/exalted/signalos/desk/order_sentinel.py", line 340, in <module>
    sys.exit(run(dry="--dry" in sys.argv))
  File "/Users/ajay/exalted/signalos/desk/order_sentinel.py", line 100, in run
    hits = [o for o in orders if _match(o, spec)]
  File "/Users/ajay/exalted/signalos/desk/order_sentinel.py", line 100, in <listcomp>
    hits = [o for o in orders if _match(o, spec)]
  File "/Users/ajay/exalted/signalos/desk/order_sentinel.py", line 69, in _match
    order.get("localSymbol", order.get("symbol")) == spec["symbol"]
KeyError: 'symbol'
Traceback (most recent call last):
  File "/Library/Developer/CommandLineTools/Library/Frameworks/Python3.framework/Versions/3.9/lib/python3.9/runpy.py", line 197, in _run_module_as_main
    return _run_code(code, main_globals, None,
  File "/Library/Developer/CommandLineTools/Library/Frameworks/Python3.framework/Versions/3.9/lib/python3.9/runpy.py", line 87, in _run_code
    exec(code, run_globals)
  File "/Users/ajay/exalted/signalos/desk/order_sentinel.py", line 340, in <module>
    sys.exit(run(dry="--dry" in sys.argv))
  File "/Users/ajay/exalted/signalos/desk/order_sentinel.py", line 100, in run
    hits = [o for o in orders if _match(o, spec)]
  File "/Users/ajay/exalted/signalos/desk/order_sentinel.py", line 100, in <listcomp>
    hits = [o for o in orders if _match(o, spec)]
  File "/Users/ajay/exalted/signalos/desk/order_sentinel.py", line 69, in _match
    order.get("localSymbol", order.get("symbol")) == spec["symbol"]
KeyError: 'symbol'
Traceback (most recent call last):
  File "/Library/Developer/CommandLineTools/Library/Frameworks/Python3.framework/Versions/3.9/lib/python3.9/runpy.py", line 197, in _run_module_as_main
    return _run_code(code, main_globals, None,
  File "/Library/Developer/CommandLineTools/Library/Frameworks/Python3.framework/Versions/3.9/lib/python3.9/runpy.py", line 87, in _run_code
    exec(code, run_globals)
  File "/Users/ajay/exalted/signalos/desk/order_sentinel.py", line 340, in <module>
    sys.exit(run(dry="--dry" in sys.argv))
  File "/Users/ajay/exalted/signalos/desk/order_sentinel.py", line 100, in run
    hits = [o for o in orders if _match(o, spec)]
  File "/Users/ajay/exalted/signalos/desk/order_sentinel.py", line 100, in <listcomp>
    hits = [o for o in orders if _match(o, spec)]
  File "/Users/ajay/exalted/signalos/desk/order_sentinel.py", line 69, in _match
    order.get("localSymbol", order.get("symbol")) == spec["symbol"]
KeyError: 'symbol'
Traceback (most recent call last):
  File "/Library/Developer/CommandLineTools/Library/Frameworks/Python3.framework/Versions/3.9/lib/python3.9/runpy.py", line 197, in _run_module_as_main
    return _run_code(code, main_globals, None,
  File "/Library/Developer/CommandLineTools/Library/Frameworks/Python3.framework/Versions/3.9/lib/python3.9/runpy.py", line 87, in _run_code
    exec(code, run_globals)
  File "/Users/ajay/exalted/signalos/desk/order_sentinel.py", line 340, in <module>
    sys.exit(run(dry="--dry" in sys.argv))
  File "/Users/ajay/exalted/signalos/desk/order_sentinel.py", line 100, in run
    hits = [o for o in orders if _match(o, spec)]
  File "/Users/ajay/exalted/signalos/desk/order_sentinel.py", line 100, in <listcomp>
    hits = [o for o in orders if _match(o, spec)]
  File "/Users/ajay/exalted/signalos/desk/order_sentinel.py", line 69, in _match
    order.get("localSymbol", order.get("symbol")) == spec["symbol"]
KeyError: 'symbol'
Traceback (most recent call last):
  File "/Library/Developer/CommandLineTools/Library/Frameworks/Python3.framework/Versions/3.9/lib/python3.9/runpy.py", line 197, in _run_module_as_main
    return _run_code(code, main_globals, None,
  File "/Library/Developer/CommandLineTools/Library/Frameworks/Python3.framework/Versions/3.9/lib/python3.9/runpy.py", line 87, in _run_code
    exec(code, run_globals)
  File "/Users/ajay/exalted/signalos/desk/order_sentinel.py", line 340, in <module>
    sys.exit(run(dry="--dry" in sys.argv))
  File "/Users/ajay/exalted/signalos/desk/order_sentinel.py", line 100, in run
    hits = [o for o in orders if _match(o, spec)]
  File "/Users/ajay/exalted/signalos/desk/order_sentinel.py", line 100, in <listcomp>
    hits = [o for o in orders if _match(o, spec)]
  File "/Users/ajay/exalted/signalos/desk/order_sentinel.py", line 69, in _match
    order.get("localSymbol", order.get("symbol")) == spec["symbol"]
KeyError: 'symbol'
Traceback (most recent call last):
  File "/Library/Developer/CommandLineTools/Library/Frameworks/Python3.framework/Versions/3.9/lib/python3.9/runpy.py", line 197, in _run_module_as_main
    return _run_code(code, main_globals, None,
  File "/Library/Developer/CommandLineTools/Library/Frameworks/Python3.framework/Versions/3.9/lib/python3.9/runpy.py", line 87, in _run_code
    exec(code, run_globals)
  File "/Users/ajay/exalted/signalos/desk/order_sentinel.py", line 340, in <module>
    sys.exit(run(dry="--dry" in sys.argv))
  File "/Users/ajay/exalted/signalos/desk/order_sentinel.py", line 100, in run
    hits = [o for o in orders if _match(o, spec)]
  File "/Users/ajay/exalted/signalos/desk/order_sentinel.py", line 100, in <listcomp>
    hits = [o for o in orders if _match(o, spec)]
  File "/Users/ajay/exalted/signalos/desk/order_sentinel.py", line 69, in _match
    order.get("localSymbol", order.get("symbol")) == spec["symbol"]
KeyError: 'symbol'
API connection failed: TimeoutError()
[CRITICAL] GATEWAY WEDGED: 11 consecutive connect failures (Failed to connect to IB Gateway on 127.0.0.1:4001 (ClientId=93): ). Orders, cancels and tonight's envelopes are all blind until it is restarted. This is the 08-24 failure mode.
Traceback (most recent call last):
  File "/Library/Developer/CommandLineTools/Library/Frameworks/Python3.framework/Versions/3.9/lib/python3.9/runpy.py", line 197, in _run_module_as_main
    return _run_code(code, main_globals, None,
  File "/Library/Developer/CommandLineTools/Library/Frameworks/Python3.framework/Versions/3.9/lib/python3.9/runpy.py", line 87, in _run_code
    exec(code, run_globals)
  File "/Users/ajay/exalted/signalos/desk/order_sentinel.py", line 340, in <module>
    sys.exit(run(dry="--dry" in sys.argv))
  File "/Users/ajay/exalted/signalos/desk/order_sentinel.py", line 100, in run
    hits = [o for o in orders if _match(o, spec)]
  File "/Users/ajay/exalted/signalos/desk/order_sentinel.py", line 100, in <listcomp>
    hits = [o for o in orders if _match(o, spec)]
  File "/Users/ajay/exalted/signalos/desk/order_sentinel.py", line 69, in _match
    order.get("localSymbol", order.get("symbol")) == spec["symbol"]
KeyError: 'symbol'
Traceback (most recent call last):
  File "/Library/Developer/CommandLineTools/Library/Frameworks/Python3.framework/Versions/3.9/lib/python3.9/runpy.py", line 197, in _run_module_as_main
    return _run_code(code, main_globals, None,
  File "/Library/Developer/CommandLineTools/Library/Frameworks/Python3.framework/Versions/3.9/lib/python3.9/runpy.py", line 87, in _run_code
    exec(code, run_globals)
  File "/Users/ajay/exalted/signalos/desk/order_sentinel.py", line 340, in <module>
    sys.exit(run(dry="--dry" in sys.argv))
  File "/Users/ajay/exalted/signalos/desk/order_sentinel.py", line 100, in run
    hits = [o for o in orders if _match(o, spec)]
  File "/Users/ajay/exalted/signalos/desk/order_sentinel.py", line 100, in <listcomp>
    hits = [o for o in orders if _match(o, spec)]
  File "/Users/ajay/exalted/signalos/desk/order_sentinel.py", line 69, in _match
    order.get("localSymbol", order.get("symbol")) == spec["symbol"]
KeyError: 'symbol'
Traceback (most recent call last):
  File "/Library/Developer/CommandLineTools/Library/Frameworks/Python3.framework/Versions/3.9/lib/python3.9/runpy.py", line 197, in _run_module_as_main
    return _run_code(code, main_globals, None,
  File "/Library/Developer/CommandLineTools/Library/Frameworks/Python3.framework/Versions/3.9/lib/python3.9/runpy.py", line 87, in _run_code
    exec(code, run_globals)
  File "/Users/ajay/exalted/signalos/desk/order_sentinel.py", line 340, in <module>
    sys.exit(run(dry="--dry" in sys.argv))
  File "/Users/ajay/exalted/signalos/desk/order_sentinel.py", line 100, in run
    hits = [o for o in orders if _match(o, spec)]
  File "/Users/ajay/exalted/signalos/desk/order_sentinel.py", line 100, in <listcomp>
    hits = [o for o in orders if _match(o, spec)]
  File "/Users/ajay/exalted/signalos/desk/order_sentinel.py", line 69, in _match
    order.get("localSymbol", order.get("symbol")) == spec["symbol"]
KeyError: 'symbol'
Traceback (most recent call last):
  File "/Library/Developer/CommandLineTools/Library/Frameworks/Python3.framework/Versions/3.9/lib/python3.9/runpy.py", line 197, in _run_module_as_main
    return _run_code(code, main_globals, None,
  File "/Library/Developer/CommandLineTools/Library/Frameworks/Python3.framework/Versions/3.9/lib/python3.9/runpy.py", line 87, in _run_code
    exec(code, run_globals)
  File "/Users/ajay/exalted/signalos/desk/order_sentinel.py", line 340, in <module>
    sys.exit(run(dry="--dry" in sys.argv))
  File "/Users/ajay/exalted/signalos/desk/order_sentinel.py", line 100, in run
    hits = [o for o in orders if _match(o, spec)]
  File "/Users/ajay/exalted/signalos/desk/order_sentinel.py", line 100, in <listcomp>
    hits = [o for o in orders if _match(o, spec)]
  File "/Users/ajay/exalted/signalos/desk/order_sentinel.py", line 69, in _match
    order.get("localSymbol", order.get("symbol")) == spec["symbol"]
KeyError: 'symbol'
Traceback (most recent call last):
  File "/Library/Developer/CommandLineTools/Library/Frameworks/Python3.framework/Versions/3.9/lib/python3.9/runpy.py", line 197, in _run_module_as_main
    return _run_code(code, main_globals, None,
  File "/Library/Developer/CommandLineTools/Library/Frameworks/Python3.framework/Versions/3.9/lib/python3.9/runpy.py", line 87, in _run_code
    exec(code, run_globals)
  File "/Users/ajay/exalted/signalos/desk/order_sentinel.py", line 340, in <module>
    sys.exit(run(dry="--dry" in sys.argv))
  File "/Users/ajay/exalted/signalos/desk/order_sentinel.py", line 100, in run
    hits = [o for o in orders if _match(o, spec)]
  File "/Users/ajay/exalted/signalos/desk/order_sentinel.py", line 100, in <listcomp>
    hits = [o for o in orders if _match(o, spec)]
  File "/Users/ajay/exalted/signalos/desk/order_sentinel.py", line 69, in _match
    order.get("localSymbol", order.get("symbol")) == spec["symbol"]
KeyError: 'symbol'
Traceback (most recent call last):
  File "/Library/Developer/CommandLineTools/Library/Frameworks/Python3.framework/Versions/3.9/lib/python3.9/runpy.py", line 197, in _run_module_as_main
    return _run_code(code, main_globals, None,
  File "/Library/Developer/CommandLineTools/Library/Frameworks/Python3.framework/Versions/3.9/lib/python3.9/runpy.py", line 87, in _run_code
    exec(code, run_globals)
  File "/Users/ajay/exalted/signalos/desk/order_sentinel.py", line 340, in <module>
    sys.exit(run(dry="--dry" in sys.argv))
  File "/Users/ajay/exalted/signalos/desk/order_sentinel.py", line 100, in run
    hits = [o for o in orders if _match(o, spec)]
  File "/Users/ajay/exalted/signalos/desk/order_sentinel.py", line 100, in <listcomp>
    hits = [o for o in orders if _match(o, spec)]
  File "/Users/ajay/exalted/signalos/desk/order_sentinel.py", line 69, in _match
    order.get("localSymbol", order.get("symbol")) == spec["symbol"]
KeyError: 'symbol'
Traceback (most recent call last):
  File "/Library/Developer/CommandLineTools/Library/Frameworks/Python3.framework/Versions/3.9/lib/python3.9/runpy.py", line 197, in _run_module_as_main
    return _run_code(code, main_globals, None,
  File "/Library/Developer/CommandLineTools/Library/Frameworks/Python3.framework/Versions/3.9/lib/python3.9/runpy.py", line 87, in _run_code
    exec(code, run_globals)
  File "/Users/ajay/exalted/signalos/desk/order_sentinel.py", line 340, in <module>
    sys.exit(run(dry="--dry" in sys.argv))
  File "/Users/ajay/exalted/signalos/desk/order_sentinel.py", line 100, in run
    hits = [o for o in orders if _match(o, spec)]
  File "/Users/ajay/exalted/signalos/desk/order_sentinel.py", line 100, in <listcomp>
    hits = [o for o in orders if _match(o, spec)]
  File "/Users/ajay/exalted/signalos/desk/order_sentinel.py", line 69, in _match
    order.get("localSymbol", order.get("symbol")) == spec["symbol"]
KeyError: 'symbol'
Traceback (most recent call last):
  File "/Library/Developer/CommandLineTools/Library/Frameworks/Python3.framework/Versions/3.9/lib/python3.9/runpy.py", line 197, in _run_module_as_main
    return _run_code(code, main_globals, None,
  File "/Library/Developer/CommandLineTools/Library/Frameworks/Python3.framework/Versions/3.9/lib/python3.9/runpy.py", line 87, in _run_code
    exec(code, run_globals)
  File "/Users/ajay/exalted/signalos/desk/order_sentinel.py", line 340, in <module>
    sys.exit(run(dry="--dry" in sys.argv))
  File "/Users/ajay/exalted/signalos/desk/order_sentinel.py", line 100, in run
    hits = [o for o in orders if _match(o, spec)]
  File "/Users/ajay/exalted/signalos/desk/order_sentinel.py", line 100, in <listcomp>
    hits = [o for o in orders if _match(o, spec)]
  File "/Users/ajay/exalted/signalos/desk/order_sentinel.py", line 69, in _match
    order.get("localSymbol", order.get("symbol")) == spec["symbol"]
KeyError: 'symbol'
Traceback (most recent call last):
  File "/Library/Developer/CommandLineTools/Library/Frameworks/Python3.framework/Versions/3.9/lib/python3.9/runpy.py", line 197, in _run_module_as_main
    return _run_code(code, main_globals, None,
  File "/Library/Developer/CommandLineTools/Library/Frameworks/Python3.framework/Versions/3.9/lib/python3.9/runpy.py", line 87, in _run_code
    exec(code, run_globals)
  File "/Users/ajay/exalted/signalos/desk/order_sentinel.py", line 340, in <module>
    sys.exit(run(dry="--dry" in sys.argv))
  File "/Users/ajay/exalted/signalos/desk/order_sentinel.py", line 100, in run
    hits = [o for o in orders if _match(o, spec)]
  File "/Users/ajay/exalted/signalos/desk/order_sentinel.py", line 100, in <listcomp>
    hits = [o for o in orders if _match(o, spec)]
  File "/Users/ajay/exalted/signalos/desk/order_sentinel.py", line 69, in _match
    order.get("localSymbol", order.get("symbol")) == spec["symbol"]
KeyError: 'symbol'
Traceback (most recent call last):
  File "/Library/Developer/CommandLineTools/Library/Frameworks/Python3.framework/Versions/3.9/lib/python3.9/runpy.py", line 197, in _run_module_as_main
    return _run_code(code, main_globals, None,
  File "/Library/Developer/CommandLineTools/Library/Frameworks/Python3.framework/Versions/3.9/lib/python3.9/runpy.py", line 87, in _run_code
    exec(code, run_globals)
  File "/Users/ajay/exalted/signalos/desk/order_sentinel.py", line 340, in <module>
    sys.exit(run(dry="--dry" in sys.argv))
  File "/Users/ajay/exalted/signalos/desk/order_sentinel.py", line 100, in run
    hits = [o for o in orders if _match(o, spec)]
  File "/Users/ajay/exalted/signalos/desk/order_sentinel.py", line 100, in <listcomp>
    hits = [o for o in orders if _match(o, spec)]
  File "/Users/ajay/exalted/signalos/desk/order_sentinel.py", line 69, in _match
    order.get("localSymbol", order.get("symbol")) == spec["symbol"]
KeyError: 'symbol'
Traceback (most recent call last):
  File "/Library/Developer/CommandLineTools/Library/Frameworks/Python3.framework/Versions/3.9/lib/python3.9/runpy.py", line 197, in _run_module_as_main
    return _run_code(code, main_globals, None,
  File "/Library/Developer/CommandLineTools/Library/Frameworks/Python3.framework/Versions/3.9/lib/python3.9/runpy.py", line 87, in _run_code
    exec(code, run_globals)
  File "/Users/ajay/exalted/signalos/desk/order_sentinel.py", line 340, in <module>
    sys.exit(run(dry="--dry" in sys.argv))
  File "/Users/ajay/exalted/signalos/desk/order_sentinel.py", line 100, in run
    hits = [o for o in orders if _match(o, spec)]
  File "/Users/ajay/exalted/signalos/desk/order_sentinel.py", line 100, in <listcomp>
    hits = [o for o in orders if _match(o, spec)]
  File "/Users/ajay/exalted/signalos/desk/order_sentinel.py", line 69, in _match
    order.get("localSymbol", order.get("symbol")) == spec["symbol"]
KeyError: 'symbol'
Traceback (most recent call last):
  File "/Library/Developer/CommandLineTools/Library/Frameworks/Python3.framework/Versions/3.9/lib/python3.9/runpy.py", line 197, in _run_module_as_main
    return _run_code(code, main_globals, None,
  File "/Library/Developer/CommandLineTools/Library/Frameworks/Python3.framework/Versions/3.9/lib/python3.9/runpy.py", line 87, in _run_code
    exec(code, run_globals)
  File "/Users/ajay/exalted/signalos/desk/order_sentinel.py", line 340, in <module>
    sys.exit(run(dry="--dry" in sys.argv))
  File "/Users/ajay/exalted/signalos/desk/order_sentinel.py", line 100, in run
    hits = [o for o in orders if _match(o, spec)]
  File "/Users/ajay/exalted/signalos/desk/order_sentinel.py", line 100, in <listcomp>
    hits = [o for o in orders if _match(o, spec)]
  File "/Users/ajay/exalted/signalos/desk/order_sentinel.py", line 69, in _match
    order.get("localSymbol", order.get("symbol")) == spec["symbol"]
KeyError: 'symbol'
Traceback (most recent call last):
  File "/Library/Developer/CommandLineTools/Library/Frameworks/Python3.framework/Versions/3.9/lib/python3.9/runpy.py", line 197, in _run_module_as_main
    return _run_code(code, main_globals, None,
  File "/Library/Developer/CommandLineTools/Library/Frameworks/Python3.framework/Versions/3.9/lib/python3.9/runpy.py", line 87, in _run_code
    exec(code, run_globals)
  File "/Users/ajay/exalted/signalos/desk/order_sentinel.py", line 340, in <module>
    sys.exit(run(dry="--dry" in sys.argv))
  File "/Users/ajay/exalted/signalos/desk/order_sentinel.py", line 100, in run
    hits = [o for o in orders if _match(o, spec)]
  File "/Users/ajay/exalted/signalos/desk/order_sentinel.py", line 100, in <listcomp>
    hits = [o for o in orders if _match(o, spec)]
  File "/Users/ajay/exalted/signalos/desk/order_sentinel.py", line 69, in _match
    order.get("localSymbol", order.get("symbol")) == spec["symbol"]
KeyError: 'symbol'
Traceback (most recent call last):
  File "/Library/Developer/CommandLineTools/Library/Frameworks/Python3.framework/Versions/3.9/lib/python3.9/runpy.py", line 197, in _run_module_as_main
    return _run_code(code, main_globals, None,
  File "/Library/Developer/CommandLineTools/Library/Frameworks/Python3.framework/Versions/3.9/lib/python3.9/runpy.py", line 87, in _run_code
    exec(code, run_globals)
  File "/Users/ajay/exalted/signalos/desk/order_sentinel.py", line 340, in <module>
    sys.exit(run(dry="--dry" in sys.argv))
  File "/Users/ajay/exalted/signalos/desk/order_sentinel.py", line 100, in run
    hits = [o for o in orders if _match(o, spec)]
  File "/Users/ajay/exalted/signalos/desk/order_sentinel.py", line 100, in <listcomp>
    hits = [o for o in orders if _match(o, spec)]
  File "/Users/ajay/exalted/signalos/desk/order_sentinel.py", line 69, in _match
    order.get("localSymbol", order.get("symbol")) == spec["symbol"]
KeyError: 'symbol'
Traceback (most recent call last):
  File "/Library/Developer/CommandLineTools/Library/Frameworks/Python3.framework/Versions/3.9/lib/python3.9/runpy.py", line 197, in _run_module_as_main
    return _run_code(code, main_globals, None,
  File "/Library/Developer/CommandLineTools/Library/Frameworks/Python3.framework/Versions/3.9/lib/python3.9/runpy.py", line 87, in _run_code
    exec(code, run_globals)
  File "/Users/ajay/exalted/signalos/desk/order_sentinel.py", line 340, in <module>
    sys.exit(run(dry="--dry" in sys.argv))
  File "/Users/ajay/exalted/signalos/desk/order_sentinel.py", line 100, in run
    hits = [o for o in orders if _match(o, spec)]
  File "/Users/ajay/exalted/signalos/desk/order_sentinel.py", line 100, in <listcomp>
    hits = [o for o in orders if _match(o, spec)]
  File "/Users/ajay/exalted/signalos/desk/order_sentinel.py", line 69, in _match
    order.get("localSymbol", order.get("symbol")) == spec["symbol"]
KeyError: 'symbol'
Traceback (most recent call last):
  File "/Library/Developer/CommandLineTools/Library/Frameworks/Python3.framework/Versions/3.9/lib/python3.9/runpy.py", line 197, in _run_module_as_main
    return _run_code(code, main_globals, None,
  File "/Library/Developer/CommandLineTools/Library/Frameworks/Python3.framework/Versions/3.9/lib/python3.9/runpy.py", line 87, in _run_code
    exec(code, run_globals)
  File "/Users/ajay/exalted/signalos/desk/order_sentinel.py", line 340, in <module>
    sys.exit(run(dry="--dry" in sys.argv))
  File "/Users/ajay/exalted/signalos/desk/order_sentinel.py", line 100, in run
    hits = [o for o in orders if _match(o, spec)]
  File "/Users/ajay/exalted/signalos/desk/order_sentinel.py", line 100, in <listcomp>
    hits = [o for o in orders if _match(o, spec)]
  File "/Users/ajay/exalted/signalos/desk/order_sentinel.py", line 69, in _match
    order.get("localSymbol", order.get("symbol")) == spec["symbol"]
KeyError: 'symbol'
Traceback (most recent call last):
  File "/Library/Developer/CommandLineTools/Library/Frameworks/Python3.framework/Versions/3.9/lib/python3.9/runpy.py", line 197, in _run_module_as_main
    return _run_code(code, main_globals, None,
  File "/Library/Developer/CommandLineTools/Library/Frameworks/Python3.framework/Versions/3.9/lib/python3.9/runpy.py", line 87, in _run_code
    exec(code, run_globals)
  File "/Users/ajay/exalted/signalos/desk/order_sentinel.py", line 340, in <module>
    sys.exit(run(dry="--dry" in sys.argv))
  File "/Users/ajay/exalted/signalos/desk/order_sentinel.py", line 100, in run
    hits = [o for o in orders if _match(o, spec)]
  File "/Users/ajay/exalted/signalos/desk/order_sentinel.py", line 100, in <listcomp>
    hits = [o for o in orders if _match(o, spec)]
  File "/Users/ajay/exalted/signalos/desk/order_sentinel.py", line 69, in _match
    order.get("localSymbol", order.get("symbol")) == spec["symbol"]
KeyError: 'symbol'
Traceback (most recent call last):
  File "/Library/Developer/CommandLineTools/Library/Frameworks/Python3.framework/Versions/3.9/lib/python3.9/runpy.py", line 197, in _run_module_as_main
    return _run_code(code, main_globals, None,
  File "/Library/Developer/CommandLineTools/Library/Frameworks/Python3.framework/Versions/3.9/lib/python3.9/runpy.py", line 87, in _run_code
    exec(code, run_globals)
  File "/Users/ajay/exalted/signalos/desk/order_sentinel.py", line 340, in <module>
    sys.exit(run(dry="--dry" in sys.argv))
  File "/Users/ajay/exalted/signalos/desk/order_sentinel.py", line 100, in run
    hits = [o for o in orders if _match(o, spec)]
  File "/Users/ajay/exalted/signalos/desk/order_sentinel.py", line 100, in <listcomp>
    hits = [o for o in orders if _match(o, spec)]
  File "/Users/ajay/exalted/signalos/desk/order_sentinel.py", line 69, in _match
    order.get("localSymbol", order.get("symbol")) == spec["symbol"]
KeyError: 'symbol'
Traceback (most recent call last):
  File "/Library/Developer/CommandLineTools/Library/Frameworks/Python3.framework/Versions/3.9/lib/python3.9/runpy.py", line 197, in _run_module_as_main
    return _run_code(code, main_globals, None,
  File "/Library/Developer/CommandLineTools/Library/Frameworks/Python3.framework/Versions/3.9/lib/python3.9/runpy.py", line 87, in _run_code
    exec(code, run_globals)
  File "/Users/ajay/exalted/signalos/desk/order_sentinel.py", line 340, in <module>
    sys.exit(run(dry="--dry" in sys.argv))
  File "/Users/ajay/exalted/signalos/desk/order_sentinel.py", line 100, in run
    hits = [o for o in orders if _match(o, spec)]
  File "/Users/ajay/exalted/signalos/desk/order_sentinel.py", line 100, in <listcomp>
    hits = [o for o in orders if _match(o, spec)]
  File "/Users/ajay/exalted/signalos/desk/order_sentinel.py", line 69, in _match
    order.get("localSymbol", order.get("symbol")) == spec["symbol"]
KeyError: 'symbol'
Traceback (most recent call last):
  File "/Library/Developer/CommandLineTools/Library/Frameworks/Python3.framework/Versions/3.9/lib/python3.9/runpy.py", line 197, in _run_module_as_main
    return _run_code(code, main_globals, None,
  File "/Library/Developer/CommandLineTools/Library/Frameworks/Python3.framework/Versions/3.9/lib/python3.9/runpy.py", line 87, in _run_code
    exec(code, run_globals)
  File "/Users/ajay/exalted/signalos/desk/order_sentinel.py", line 340, in <module>
    sys.exit(run(dry="--dry" in sys.argv))
  File "/Users/ajay/exalted/signalos/desk/order_sentinel.py", line 100, in run
    hits = [o for o in orders if _match(o, spec)]
  File "/Users/ajay/exalted/signalos/desk/order_sentinel.py", line 100, in <listcomp>
    hits = [o for o in orders if _match(o, spec)]
  File "/Users/ajay/exalted/signalos/desk/order_sentinel.py", line 69, in _match
    order.get("localSymbol", order.get("symbol")) == spec["symbol"]
KeyError: 'symbol'
Traceback (most recent call last):
  File "/Library/Developer/CommandLineTools/Library/Frameworks/Python3.framework/Versions/3.9/lib/python3.9/runpy.py", line 197, in _run_module_as_main
    return _run_code(code, main_globals, None,
  File "/Library/Developer/CommandLineTools/Library/Frameworks/Python3.framework/Versions/3.9/lib/python3.9/runpy.py", line 87, in _run_code
    exec(code, run_globals)
  File "/Users/ajay/exalted/signalos/desk/order_sentinel.py", line 340, in <module>
    sys.exit(run(dry="--dry" in sys.argv))
  File "/Users/ajay/exalted/signalos/desk/order_sentinel.py", line 100, in run
    hits = [o for o in orders if _match(o, spec)]
  File "/Users/ajay/exalted/signalos/desk/order_sentinel.py", line 100, in <listcomp>
    hits = [o for o in orders if _match(o, spec)]
  File "/Users/ajay/exalted/signalos/desk/order_sentinel.py", line 69, in _match
    order.get("localSymbol", order.get("symbol")) == spec["symbol"]
KeyError: 'symbol'
Traceback (most recent call last):
  File "/Library/Developer/CommandLineTools/Library/Frameworks/Python3.framework/Versions/3.9/lib/python3.9/runpy.py", line 197, in _run_module_as_main
    return _run_code(code, main_globals, None,
  File "/Library/Developer/CommandLineTools/Library/Frameworks/Python3.framework/Versions/3.9/lib/python3.9/runpy.py", line 87, in _run_code
    exec(code, run_globals)
  File "/Users/ajay/exalted/signalos/desk/order_sentinel.py", line 340, in <module>
    sys.exit(run(dry="--dry" in sys.argv))
  File "/Users/ajay/exalted/signalos/desk/order_sentinel.py", line 100, in run
    hits = [o for o in orders if _match(o, spec)]
  File "/Users/ajay/exalted/signalos/desk/order_sentinel.py", line 100, in <listcomp>
    hits = [o for o in orders if _match(o, spec)]
  File "/Users/ajay/exalted/signalos/desk/order_sentinel.py", line 69, in _match
    order.get("localSymbol", order.get("symbol")) == spec["symbol"]
KeyError: 'symbol'
Traceback (most recent call last):
  File "/Library/Developer/CommandLineTools/Library/Frameworks/Python3.framework/Versions/3.9/lib/python3.9/runpy.py", line 197, in _run_module_as_main
    return _run_code(code, main_globals, None,
  File "/Library/Developer/CommandLineTools/Library/Frameworks/Python3.framework/Versions/3.9/lib/python3.9/runpy.py", line 87, in _run_code
    exec(code, run_globals)
  File "/Users/ajay/exalted/signalos/desk/order_sentinel.py", line 340, in <module>
    sys.exit(run(dry="--dry" in sys.argv))
  File "/Users/ajay/exalted/signalos/desk/order_sentinel.py", line 100, in run
    hits = [o for o in orders if _match(o, spec)]
  File "/Users/ajay/exalted/signalos/desk/order_sentinel.py", line 100, in <listcomp>
    hits = [o for o in orders if _match(o, spec)]
  File "/Users/ajay/exalted/signalos/desk/order_sentinel.py", line 69, in _match
    order.get("localSymbol", order.get("symbol")) == spec["symbol"]
KeyError: 'symbol'
Traceback (most recent call last):
  File "/Library/Developer/CommandLineTools/Library/Frameworks/Python3.framework/Versions/3.9/lib/python3.9/runpy.py", line 197, in _run_module_as_main
    return _run_code(code, main_globals, None,
  File "/Library/Developer/CommandLineTools/Library/Frameworks/Python3.framework/Versions/3.9/lib/python3.9/runpy.py", line 87, in _run_code
    exec(code, run_globals)
  File "/Users/ajay/exalted/signalos/desk/order_sentinel.py", line 340, in <module>
    sys.exit(run(dry="--dry" in sys.argv))
  File "/Users/ajay/exalted/signalos/desk/order_sentinel.py", line 100, in run
    hits = [o for o in orders if _match(o, spec)]
  File "/Users/ajay/exalted/signalos/desk/order_sentinel.py", line 100, in <listcomp>
    hits = [o for o in orders if _match(o, spec)]
  File "/Users/ajay/exalted/signalos/desk/order_sentinel.py", line 69, in _match
    order.get("localSymbol", order.get("symbol")) == spec["symbol"]
KeyError: 'symbol'
Traceback (most recent call last):
  File "/Library/Developer/CommandLineTools/Library/Frameworks/Python3.framework/Versions/3.9/lib/python3.9/runpy.py", line 197, in _run_module_as_main
    return _run_code(code, main_globals, None,
  File "/Library/Developer/CommandLineTools/Library/Frameworks/Python3.framework/Versions/3.9/lib/python3.9/runpy.py", line 87, in _run_code
    exec(code, run_globals)
  File "/Users/ajay/exalted/signalos/desk/order_sentinel.py", line 340, in <module>
    sys.exit(run(dry="--dry" in sys.argv))
  File "/Users/ajay/exalted/signalos/desk/order_sentinel.py", line 100, in run
    hits = [o for o in orders if _match(o, spec)]
  File "/Users/ajay/exalted/signalos/desk/order_sentinel.py", line 100, in <listcomp>
    hits = [o for o in orders if _match(o, spec)]
  File "/Users/ajay/exalted/signalos/desk/order_sentinel.py", line 69, in _match
    order.get("localSymbol", order.get("symbol")) == spec["symbol"]
KeyError: 'symbol'
Traceback (most recent call last):
  File "/Library/Developer/CommandLineTools/Library/Frameworks/Python3.framework/Versions/3.9/lib/python3.9/runpy.py", line 197, in _run_module_as_main
    return _run_code(code, main_globals, None,
  File "/Library/Developer/CommandLineTools/Library/Frameworks/Python3.framework/Versions/3.9/lib/python3.9/runpy.py", line 87, in _run_code
    exec(code, run_globals)
  File "/Users/ajay/exalted/signalos/desk/order_sentinel.py", line 340, in <module>
    sys.exit(run(dry="--dry" in sys.argv))
  File "/Users/ajay/exalted/signalos/desk/order_sentinel.py", line 100, in run
    hits = [o for o in orders if _match(o, spec)]
  File "/Users/ajay/exalted/signalos/desk/order_sentinel.py", line 100, in <listcomp>
    hits = [o for o in orders if _match(o, spec)]
  File "/Users/ajay/exalted/signalos/desk/order_sentinel.py", line 69, in _match
    order.get("localSymbol", order.get("symbol")) == spec["symbol"]
KeyError: 'symbol'
Traceback (most recent call last):
  File "/Library/Developer/CommandLineTools/Library/Frameworks/Python3.framework/Versions/3.9/lib/python3.9/runpy.py", line 197, in _run_module_as_main
    return _run_code(code, main_globals, None,
  File "/Library/Developer/CommandLineTools/Library/Frameworks/Python3.framework/Versions/3.9/lib/python3.9/runpy.py", line 87, in _run_code
    exec(code, run_globals)
  File "/Users/ajay/exalted/signalos/desk/order_sentinel.py", line 340, in <module>
    sys.exit(run(dry="--dry" in sys.argv))
  File "/Users/ajay/exalted/signalos/desk/order_sentinel.py", line 100, in run
    hits = [o for o in orders if _match(o, spec)]
  File "/Users/ajay/exalted/signalos/desk/order_sentinel.py", line 100, in <listcomp>
    hits = [o for o in orders if _match(o, spec)]
  File "/Users/ajay/exalted/signalos/desk/order_sentinel.py", line 69, in _match
    order.get("localSymbol", order.get("symbol")) == spec["symbol"]
KeyError: 'symbol'
Traceback (most recent call last):
  File "/Library/Developer/CommandLineTools/Library/Frameworks/Python3.framework/Versions/3.9/lib/python3.9/runpy.py", line 197, in _run_module_as_main
    return _run_code(code, main_globals, None,
  File "/Library/Developer/CommandLineTools/Library/Frameworks/Python3.framework/Versions/3.9/lib/python3.9/runpy.py", line 87, in _run_code
    exec(code, run_globals)
  File "/Users/ajay/exalted/signalos/desk/order_sentinel.py", line 340, in <module>
    sys.exit(run(dry="--dry" in sys.argv))
  File "/Users/ajay/exalted/signalos/desk/order_sentinel.py", line 100, in run
    hits = [o for o in orders if _match(o, spec)]
  File "/Users/ajay/exalted/signalos/desk/order_sentinel.py", line 100, in <listcomp>
    hits = [o for o in orders if _match(o, spec)]
  File "/Users/ajay/exalted/signalos/desk/order_sentinel.py", line 69, in _match
    order.get("localSymbol", order.get("symbol")) == spec["symbol"]
KeyError: 'symbol'
Traceback (most recent call last):
  File "/Library/Developer/CommandLineTools/Library/Frameworks/Python3.framework/Versions/3.9/lib/python3.9/runpy.py", line 197, in _run_module_as_main
    return _run_code(code, main_globals, None,
  File "/Library/Developer/CommandLineTools/Library/Frameworks/Python3.framework/Versions/3.9/lib/python3.9/runpy.py", line 87, in _run_code
    exec(code, run_globals)
  File "/Users/ajay/exalted/signalos/desk/order_sentinel.py", line 340, in <module>
    sys.exit(run(dry="--dry" in sys.argv))
  File "/Users/ajay/exalted/signalos/desk/order_sentinel.py", line 100, in run
    hits = [o for o in orders if _match(o, spec)]
  File "/Users/ajay/exalted/signalos/desk/order_sentinel.py", line 100, in <listcomp>
    hits = [o for o in orders if _match(o, spec)]
  File "/Users/ajay/exalted/signalos/desk/order_sentinel.py", line 69, in _match
    order.get("localSymbol", order.get("symbol")) == spec["symbol"]
KeyError: 'symbol'
Traceback (most recent call last):
  File "/Library/Developer/CommandLineTools/Library/Frameworks/Python3.framework/Versions/3.9/lib/python3.9/runpy.py", line 197, in _run_module_as_main
    return _run_code(code, main_globals, None,
  File "/Library/Developer/CommandLineTools/Library/Frameworks/Python3.framework/Versions/3.9/lib/python3.9/runpy.py", line 87, in _run_code
    exec(code, run_globals)
  File "/Users/ajay/exalted/signalos/desk/order_sentinel.py", line 340, in <module>
    sys.exit(run(dry="--dry" in sys.argv))
  File "/Users/ajay/exalted/signalos/desk/order_sentinel.py", line 100, in run
    hits = [o for o in orders if _match(o, spec)]
  File "/Users/ajay/exalted/signalos/desk/order_sentinel.py", line 100, in <listcomp>
    hits = [o for o in orders if _match(o, spec)]
  File "/Users/ajay/exalted/signalos/desk/order_sentinel.py", line 69, in _match
    order.get("localSymbol", order.get("symbol")) == spec["symbol"]
KeyError: 'symbol'
Traceback (most recent call last):
  File "/Library/Developer/CommandLineTools/Library/Frameworks/Python3.framework/Versions/3.9/lib/python3.9/runpy.py", line 197, in _run_module_as_main
    return _run_code(code, main_globals, None,
  File "/Library/Developer/CommandLineTools/Library/Frameworks/Python3.framework/Versions/3.9/lib/python3.9/runpy.py", line 87, in _run_code
    exec(code, run_globals)
  File "/Users/ajay/exalted/signalos/desk/order_sentinel.py", line 340, in <module>
    sys.exit(run(dry="--dry" in sys.argv))
  File "/Users/ajay/exalted/signalos/desk/order_sentinel.py", line 100, in run
    hits = [o for o in orders if _match(o, spec)]
  File "/Users/ajay/exalted/signalos/desk/order_sentinel.py", line 100, in <listcomp>
    hits = [o for o in orders if _match(o, spec)]
  File "/Users/ajay/exalted/signalos/desk/order_sentinel.py", line 69, in _match
    order.get("localSymbol", order.get("symbol")) == spec["symbol"]
KeyError: 'symbol'
Traceback (most recent call last):
  File "/Library/Developer/CommandLineTools/Library/Frameworks/Python3.framework/Versions/3.9/lib/python3.9/runpy.py", line 197, in _run_module_as_main
    return _run_code(code, main_globals, None,
  File "/Library/Developer/CommandLineTools/Library/Frameworks/Python3.framework/Versions/3.9/lib/python3.9/runpy.py", line 87, in _run_code
    exec(code, run_globals)
  File "/Users/ajay/exalted/signalos/desk/order_sentinel.py", line 340, in <module>
    sys.exit(run(dry="--dry" in sys.argv))
  File "/Users/ajay/exalted/signalos/desk/order_sentinel.py", line 100, in run
    hits = [o for o in orders if _match(o, spec)]
  File "/Users/ajay/exalted/signalos/desk/order_sentinel.py", line 100, in <listcomp>
    hits = [o for o in orders if _match(o, spec)]
  File "/Users/ajay/exalted/signalos/desk/order_sentinel.py", line 69, in _match
    order.get("localSymbol", order.get("symbol")) == spec["symbol"]
KeyError: 'symbol'
Traceback (most recent call last):
  File "/Library/Developer/CommandLineTools/Library/Frameworks/Python3.framework/Versions/3.9/lib/python3.9/runpy.py", line 197, in _run_module_as_main
    return _run_code(code, main_globals, None,
  File "/Library/Developer/CommandLineTools/Library/Frameworks/Python3.framework/Versions/3.9/lib/python3.9/runpy.py", line 87, in _run_code
    exec(code, run_globals)
  File "/Users/ajay/exalted/signalos/desk/order_sentinel.py", line 340, in <module>
    sys.exit(run(dry="--dry" in sys.argv))
  File "/Users/ajay/exalted/signalos/desk/order_sentinel.py", line 100, in run
    hits = [o for o in orders if _match(o, spec)]
  File "/Users/ajay/exalted/signalos/desk/order_sentinel.py", line 100, in <listcomp>
    hits = [o for o in orders if _match(o, spec)]
  File "/Users/ajay/exalted/signalos/desk/order_sentinel.py", line 69, in _match
    order.get("localSymbol", order.get("symbol")) == spec["symbol"]
KeyError: 'symbol'
Traceback (most recent call last):
  File "/Library/Developer/CommandLineTools/Library/Frameworks/Python3.framework/Versions/3.9/lib/python3.9/runpy.py", line 197, in _run_module_as_main
    return _run_code(code, main_globals, None,
  File "/Library/Developer/CommandLineTools/Library/Frameworks/Python3.framework/Versions/3.9/lib/python3.9/runpy.py", line 87, in _run_code
    exec(code, run_globals)
  File "/Users/ajay/exalted/signalos/desk/order_sentinel.py", line 340, in <module>
    sys.exit(run(dry="--dry" in sys.argv))
  File "/Users/ajay/exalted/signalos/desk/order_sentinel.py", line 100, in run
    hits = [o for o in orders if _match(o, spec)]
  File "/Users/ajay/exalted/signalos/desk/order_sentinel.py", line 100, in <listcomp>
    hits = [o for o in orders if _match(o, spec)]
  File "/Users/ajay/exalted/signalos/desk/order_sentinel.py", line 69, in _match
    order.get("localSymbol", order.get("symbol")) == spec["symbol"]
KeyError: 'symbol'
Traceback (most recent call last):
  File "/Library/Developer/CommandLineTools/Library/Frameworks/Python3.framework/Versions/3.9/lib/python3.9/runpy.py", line 197, in _run_module_as_main
    return _run_code(code, main_globals, None,
  File "/Library/Developer/CommandLineTools/Library/Frameworks/Python3.framework/Versions/3.9/lib/python3.9/runpy.py", line 87, in _run_code
    exec(code, run_globals)
  File "/Users/ajay/exalted/signalos/desk/order_sentinel.py", line 340, in <module>
    sys.exit(run(dry="--dry" in sys.argv))
  File "/Users/ajay/exalted/signalos/desk/order_sentinel.py", line 100, in run
    hits = [o for o in orders if _match(o, spec)]
  File "/Users/ajay/exalted/signalos/desk/order_sentinel.py", line 100, in <listcomp>
    hits = [o for o in orders if _match(o, spec)]
  File "/Users/ajay/exalted/signalos/desk/order_sentinel.py", line 69, in _match
    order.get("localSymbol", order.get("symbol")) == spec["symbol"]
KeyError: 'symbol'
Traceback (most recent call last):
  File "/Library/Developer/CommandLineTools/Library/Frameworks/Python3.framework/Versions/3.9/lib/python3.9/runpy.py", line 197, in _run_module_as_main
    return _run_code(code, main_globals, None,
  File "/Library/Developer/CommandLineTools/Library/Frameworks/Python3.framework/Versions/3.9/lib/python3.9/runpy.py", line 87, in _run_code
    exec(code, run_globals)
  File "/Users/ajay/exalted/signalos/desk/order_sentinel.py", line 340, in <module>
    sys.exit(run(dry="--dry" in sys.argv))
  File "/Users/ajay/exalted/signalos/desk/order_sentinel.py", line 100, in run
    hits = [o for o in orders if _match(o, spec)]
  File "/Users/ajay/exalted/signalos/desk/order_sentinel.py", line 100, in <listcomp>
    hits = [o for o in orders if _match(o, spec)]
  File "/Users/ajay/exalted/signalos/desk/order_sentinel.py", line 69, in _match
    order.get("localSymbol", order.get("symbol")) == spec["symbol"]
KeyError: 'symbol'
Traceback (most recent call last):
  File "/Library/Developer/CommandLineTools/Library/Frameworks/Python3.framework/Versions/3.9/lib/python3.9/runpy.py", line 197, in _run_module_as_main
    return _run_code(code, main_globals, None,
  File "/Library/Developer/CommandLineTools/Library/Frameworks/Python3.framework/Versions/3.9/lib/python3.9/runpy.py", line 87, in _run_code
    exec(code, run_globals)
  File "/Users/ajay/exalted/signalos/desk/order_sentinel.py", line 340, in <module>
    sys.exit(run(dry="--dry" in sys.argv))
  File "/Users/ajay/exalted/signalos/desk/order_sentinel.py", line 100, in run
    hits = [o for o in orders if _match(o, spec)]
  File "/Users/ajay/exalted/signalos/desk/order_sentinel.py", line 100, in <listcomp>
    hits = [o for o in orders if _match(o, spec)]
  File "/Users/ajay/exalted/signalos/desk/order_sentinel.py", line 69, in _match
    order.get("localSymbol", order.get("symbol")) == spec["symbol"]
KeyError: 'symbol'
Traceback (most recent call last):
  File "/Library/Developer/CommandLineTools/Library/Frameworks/Python3.framework/Versions/3.9/lib/python3.9/runpy.py", line 197, in _run_module_as_main
    return _run_code(code, main_globals, None,
  File "/Library/Developer/CommandLineTools/Library/Frameworks/Python3.framework/Versions/3.9/lib/python3.9/runpy.py", line 87, in _run_code
    exec(code, run_globals)
  File "/Users/ajay/exalted/signalos/desk/order_sentinel.py", line 340, in <module>
    sys.exit(run(dry="--dry" in sys.argv))
  File "/Users/ajay/exalted/signalos/desk/order_sentinel.py", line 100, in run
    hits = [o for o in orders if _match(o, spec)]
  File "/Users/ajay/exalted/signalos/desk/order_sentinel.py", line 100, in <listcomp>
    hits = [o for o in orders if _match(o, spec)]
  File "/Users/ajay/exalted/signalos/desk/order_sentinel.py", line 69, in _match
    order.get("localSymbol", order.get("symbol")) == spec["symbol"]
KeyError: 'symbol'
Traceback (most recent call last):
  File "/Library/Developer/CommandLineTools/Library/Frameworks/Python3.framework/Versions/3.9/lib/python3.9/runpy.py", line 197, in _run_module_as_main
    return _run_code(code, main_globals, None,
  File "/Library/Developer/CommandLineTools/Library/Frameworks/Python3.framework/Versions/3.9/lib/python3.9/runpy.py", line 87, in _run_code
    exec(code, run_globals)
  File "/Users/ajay/exalted/signalos/desk/order_sentinel.py", line 340, in <module>
    sys.exit(run(dry="--dry" in sys.argv))
  File "/Users/ajay/exalted/signalos/desk/order_sentinel.py", line 100, in run
    hits = [o for o in orders if _match(o, spec)]
  File "/Users/ajay/exalted/signalos/desk/order_sentinel.py", line 100, in <listcomp>
    hits = [o for o in orders if _match(o, spec)]
  File "/Users/ajay/exalted/signalos/desk/order_sentinel.py", line 69, in _match
    order.get("localSymbol", order.get("symbol")) == spec["symbol"]
KeyError: 'symbol'
Traceback (most recent call last):
  File "/Library/Developer/CommandLineTools/Library/Frameworks/Python3.framework/Versions/3.9/lib/python3.9/runpy.py", line 197, in _run_module_as_main
    return _run_code(code, main_globals, None,
  File "/Library/Developer/CommandLineTools/Library/Frameworks/Python3.framework/Versions/3.9/lib/python3.9/runpy.py", line 87, in _run_code
    exec(code, run_globals)
  File "/Users/ajay/exalted/signalos/desk/order_sentinel.py", line 340, in <module>
    sys.exit(run(dry="--dry" in sys.argv))
  File "/Users/ajay/exalted/signalos/desk/order_sentinel.py", line 100, in run
    hits = [o for o in orders if _match(o, spec)]
  File "/Users/ajay/exalted/signalos/desk/order_sentinel.py", line 100, in <listcomp>
    hits = [o for o in orders if _match(o, spec)]
  File "/Users/ajay/exalted/signalos/desk/order_sentinel.py", line 69, in _match
    order.get("localSymbol", order.get("symbol")) == spec["symbol"]
KeyError: 'symbol'
Traceback (most recent call last):
  File "/Library/Developer/CommandLineTools/Library/Frameworks/Python3.framework/Versions/3.9/lib/python3.9/runpy.py", line 197, in _run_module_as_main
    return _run_code(code, main_globals, None,
  File "/Library/Developer/CommandLineTools/Library/Frameworks/Python3.framework/Versions/3.9/lib/python3.9/runpy.py", line 87, in _run_code
    exec(code, run_globals)
  File "/Users/ajay/exalted/signalos/desk/order_sentinel.py", line 340, in <module>
    sys.exit(run(dry="--dry" in sys.argv))
  File "/Users/ajay/exalted/signalos/desk/order_sentinel.py", line 100, in run
    hits = [o for o in orders if _match(o, spec)]
  File "/Users/ajay/exalted/signalos/desk/order_sentinel.py", line 100, in <listcomp>
    hits = [o for o in orders if _match(o, spec)]
  File "/Users/ajay/exalted/signalos/desk/order_sentinel.py", line 69, in _match
    order.get("localSymbol", order.get("symbol")) == spec["symbol"]
KeyError: 'symbol'
Traceback (most recent call last):
  File "/Library/Developer/CommandLineTools/Library/Frameworks/Python3.framework/Versions/3.9/lib/python3.9/runpy.py", line 197, in _run_module_as_main
    return _run_code(code, main_globals, None,
  File "/Library/Developer/CommandLineTools/Library/Frameworks/Python3.framework/Versions/3.9/lib/python3.9/runpy.py", line 87, in _run_code
    exec(code, run_globals)
  File "/Users/ajay/exalted/signalos/desk/order_sentinel.py", line 340, in <module>
    sys.exit(run(dry="--dry" in sys.argv))
  File "/Users/ajay/exalted/signalos/desk/order_sentinel.py", line 100, in run
    hits = [o for o in orders if _match(o, spec)]
  File "/Users/ajay/exalted/signalos/desk/order_sentinel.py", line 100, in <listcomp>
    hits = [o for o in orders if _match(o, spec)]
  File "/Users/ajay/exalted/signalos/desk/order_sentinel.py", line 69, in _match
    order.get("localSymbol", order.get("symbol")) == spec["symbol"]
KeyError: 'symbol'
Traceback (most recent call last):
  File "/Library/Developer/CommandLineTools/Library/Frameworks/Python3.framework/Versions/3.9/lib/python3.9/runpy.py", line 197, in _run_module_as_main
    return _run_code(code, main_globals, None,
  File "/Library/Developer/CommandLineTools/Library/Frameworks/Python3.framework/Versions/3.9/lib/python3.9/runpy.py", line 87, in _run_code
    exec(code, run_globals)
  File "/Users/ajay/exalted/signalos/desk/order_sentinel.py", line 340, in <module>
    sys.exit(run(dry="--dry" in sys.argv))
  File "/Users/ajay/exalted/signalos/desk/order_sentinel.py", line 100, in run
    hits = [o for o in orders if _match(o, spec)]
  File "/Users/ajay/exalted/signalos/desk/order_sentinel.py", line 100, in <listcomp>
    hits = [o for o in orders if _match(o, spec)]
  File "/Users/ajay/exalted/signalos/desk/order_sentinel.py", line 69, in _match
    order.get("localSymbol", order.get("symbol")) == spec["symbol"]
KeyError: 'symbol'
Traceback (most recent call last):
  File "/Library/Developer/CommandLineTools/Library/Frameworks/Python3.framework/Versions/3.9/lib/python3.9/runpy.py", line 197, in _run_module_as_main
    return _run_code(code, main_globals, None,
  File "/Library/Developer/CommandLineTools/Library/Frameworks/Python3.framework/Versions/3.9/lib/python3.9/runpy.py", line 87, in _run_code
    exec(code, run_globals)
  File "/Users/ajay/exalted/signalos/desk/order_sentinel.py", line 340, in <module>
    sys.exit(run(dry="--dry" in sys.argv))
  File "/Users/ajay/exalted/signalos/desk/order_sentinel.py", line 100, in run
    hits = [o for o in orders if _match(o, spec)]
  File "/Users/ajay/exalted/signalos/desk/order_sentinel.py", line 100, in <listcomp>
    hits = [o for o in orders if _match(o, spec)]
  File "/Users/ajay/exalted/signalos/desk/order_sentinel.py", line 69, in _match
    order.get("localSymbol", order.get("symbol")) == spec["symbol"]
KeyError: 'symbol'
Traceback (most recent call last):
  File "/Library/Developer/CommandLineTools/Library/Frameworks/Python3.framework/Versions/3.9/lib/python3.9/runpy.py", line 197, in _run_module_as_main
    return _run_code(code, main_globals, None,
  File "/Library/Developer/CommandLineTools/Library/Frameworks/Python3.framework/Versions/3.9/lib/python3.9/runpy.py", line 87, in _run_code
    exec(code, run_globals)
  File "/Users/ajay/exalted/signalos/desk/order_sentinel.py", line 340, in <module>
    sys.exit(run(dry="--dry" in sys.argv))
  File "/Users/ajay/exalted/signalos/desk/order_sentinel.py", line 100, in run
    hits = [o for o in orders if _match(o, spec)]
  File "/Users/ajay/exalted/signalos/desk/order_sentinel.py", line 100, in <listcomp>
    hits = [o for o in orders if _match(o, spec)]
  File "/Users/ajay/exalted/signalos/desk/order_sentinel.py", line 69, in _match
    order.get("localSymbol", order.get("symbol")) == spec["symbol"]
KeyError: 'symbol'
Traceback (most recent call last):
  File "/Library/Developer/CommandLineTools/Library/Frameworks/Python3.framework/Versions/3.9/lib/python3.9/runpy.py", line 197, in _run_module_as_main
    return _run_code(code, main_globals, None,
  File "/Library/Developer/CommandLineTools/Library/Frameworks/Python3.framework/Versions/3.9/lib/python3.9/runpy.py", line 87, in _run_code
    exec(code, run_globals)
  File "/Users/ajay/exalted/signalos/desk/order_sentinel.py", line 340, in <module>
    sys.exit(run(dry="--dry" in sys.argv))
  File "/Users/ajay/exalted/signalos/desk/order_sentinel.py", line 100, in run
    hits = [o for o in orders if _match(o, spec)]
  File "/Users/ajay/exalted/signalos/desk/order_sentinel.py", line 100, in <listcomp>
    hits = [o for o in orders if _match(o, spec)]
  File "/Users/ajay/exalted/signalos/desk/order_sentinel.py", line 69, in _match
    order.get("localSymbol", order.get("symbol")) == spec["symbol"]
KeyError: 'symbol'
Traceback (most recent call last):
  File "/Library/Developer/CommandLineTools/Library/Frameworks/Python3.framework/Versions/3.9/lib/python3.9/runpy.py", line 197, in _run_module_as_main
    return _run_code(code, main_globals, None,
  File "/Library/Developer/CommandLineTools/Library/Frameworks/Python3.framework/Versions/3.9/lib/python3.9/runpy.py", line 87, in _run_code
    exec(code, run_globals)
  File "/Users/ajay/exalted/signalos/desk/order_sentinel.py", line 340, in <module>
    sys.exit(run(dry="--dry" in sys.argv))
  File "/Users/ajay/exalted/signalos/desk/order_sentinel.py", line 100, in run
    hits = [o for o in orders if _match(o, spec)]
  File "/Users/ajay/exalted/signalos/desk/order_sentinel.py", line 100, in <listcomp>
    hits = [o for o in orders if _match(o, spec)]
  File "/Users/ajay/exalted/signalos/desk/order_sentinel.py", line 69, in _match
    order.get("localSymbol", order.get("symbol")) == spec["symbol"]
KeyError: 'symbol'
completed orders request timed out
account updates for ACCOUNT_ALPHA request timed out
account updates for ACCOUNT_BETA request timed out
Traceback (most recent call last):
  File "/Library/Developer/CommandLineTools/Library/Frameworks/Python3.framework/Versions/3.9/lib/python3.9/runpy.py", line 197, in _run_module_as_main
    return _run_code(code, main_globals, None,
  File "/Library/Developer/CommandLineTools/Library/Frameworks/Python3.framework/Versions/3.9/lib/python3.9/runpy.py", line 87, in _run_code
    exec(code, run_globals)
  File "/Users/ajay/exalted/signalos/desk/order_sentinel.py", line 340, in <module>
    sys.exit(run(dry="--dry" in sys.argv))
  File "/Users/ajay/exalted/signalos/desk/order_sentinel.py", line 100, in run
    hits = [o for o in orders if _match(o, spec)]
  File "/Users/ajay/exalted/signalos/desk/order_sentinel.py", line 100, in <listcomp>
    hits = [o for o in orders if _match(o, spec)]
  File "/Users/ajay/exalted/signalos/desk/order_sentinel.py", line 69, in _match
    order.get("localSymbol", order.get("symbol")) == spec["symbol"]
KeyError: 'symbol'
Traceback (most recent call last):
  File "/Library/Developer/CommandLineTools/Library/Frameworks/Python3.framework/Versions/3.9/lib/python3.9/runpy.py", line 197, in _run_module_as_main
    return _run_code(code, main_globals, None,
  File "/Library/Developer/CommandLineTools/Library/Frameworks/Python3.framework/Versions/3.9/lib/python3.9/runpy.py", line 87, in _run_code
    exec(code, run_globals)
  File "/Users/ajay/exalted/signalos/desk/order_sentinel.py", line 340, in <module>
    sys.exit(run(dry="--dry" in sys.argv))
  File "/Users/ajay/exalted/signalos/desk/order_sentinel.py", line 100, in run
    hits = [o for o in orders if _match(o, spec)]
  File "/Users/ajay/exalted/signalos/desk/order_sentinel.py", line 100, in <listcomp>
    hits = [o for o in orders if _match(o, spec)]
  File "/Users/ajay/exalted/signalos/desk/order_sentinel.py", line 69, in _match
    order.get("localSymbol", order.get("symbol")) == spec["symbol"]
KeyError: 'symbol'
Traceback (most recent call last):
  File "/Library/Developer/CommandLineTools/Library/Frameworks/Python3.framework/Versions/3.9/lib/python3.9/runpy.py", line 197, in _run_module_as_main
    return _run_code(code, main_globals, None,
  File "/Library/Developer/CommandLineTools/Library/Frameworks/Python3.framework/Versions/3.9/lib/python3.9/runpy.py", line 87, in _run_code
    exec(code, run_globals)
  File "/Users/ajay/exalted/signalos/desk/order_sentinel.py", line 340, in <module>
    sys.exit(run(dry="--dry" in sys.argv))
  File "/Users/ajay/exalted/signalos/desk/order_sentinel.py", line 100, in run
    hits = [o for o in orders if _match(o, spec)]
  File "/Users/ajay/exalted/signalos/desk/order_sentinel.py", line 100, in <listcomp>
    hits = [o for o in orders if _match(o, spec)]
  File "/Users/ajay/exalted/signalos/desk/order_sentinel.py", line 69, in _match
    order.get("localSymbol", order.get("symbol")) == spec["symbol"]
KeyError: 'symbol'
Traceback (most recent call last):
  File "/Library/Developer/CommandLineTools/Library/Frameworks/Python3.framework/Versions/3.9/lib/python3.9/runpy.py", line 197, in _run_module_as_main
    return _run_code(code, main_globals, None,
  File "/Library/Developer/CommandLineTools/Library/Frameworks/Python3.framework/Versions/3.9/lib/python3.9/runpy.py", line 87, in _run_code
    exec(code, run_globals)
  File "/Users/ajay/exalted/signalos/desk/order_sentinel.py", line 340, in <module>
    sys.exit(run(dry="--dry" in sys.argv))
  File "/Users/ajay/exalted/signalos/desk/order_sentinel.py", line 100, in run
    hits = [o for o in orders if _match(o, spec)]
  File "/Users/ajay/exalted/signalos/desk/order_sentinel.py", line 100, in <listcomp>
    hits = [o for o in orders if _match(o, spec)]
  File "/Users/ajay/exalted/signalos/desk/order_sentinel.py", line 69, in _match
    order.get("localSymbol", order.get("symbol")) == spec["symbol"]
KeyError: 'symbol'
Traceback (most recent call last):
  File "/Library/Developer/CommandLineTools/Library/Frameworks/Python3.framework/Versions/3.9/lib/python3.9/runpy.py", line 197, in _run_module_as_main
    return _run_code(code, main_globals, None,
  File "/Library/Developer/CommandLineTools/Library/Frameworks/Python3.framework/Versions/3.9/lib/python3.9/runpy.py", line 87, in _run_code
    exec(code, run_globals)
  File "/Users/ajay/exalted/signalos/desk/order_sentinel.py", line 340, in <module>
    sys.exit(run(dry="--dry" in sys.argv))
  File "/Users/ajay/exalted/signalos/desk/order_sentinel.py", line 100, in run
    hits = [o for o in orders if _match(o, spec)]
  File "/Users/ajay/exalted/signalos/desk/order_sentinel.py", line 100, in <listcomp>
    hits = [o for o in orders if _match(o, spec)]
  File "/Users/ajay/exalted/signalos/desk/order_sentinel.py", line 69, in _match
    order.get("localSymbol", order.get("symbol")) == spec["symbol"]
KeyError: 'symbol'
Traceback (most recent call last):
  File "/Library/Developer/CommandLineTools/Library/Frameworks/Python3.framework/Versions/3.9/lib/python3.9/runpy.py", line 197, in _run_module_as_main
    return _run_code(code, main_globals, None,
  File "/Library/Developer/CommandLineTools/Library/Frameworks/Python3.framework/Versions/3.9/lib/python3.9/runpy.py", line 87, in _run_code
    exec(code, run_globals)
  File "/Users/ajay/exalted/signalos/desk/order_sentinel.py", line 340, in <module>
    sys.exit(run(dry="--dry" in sys.argv))
  File "/Users/ajay/exalted/signalos/desk/order_sentinel.py", line 100, in run
    hits = [o for o in orders if _match(o, spec)]
  File "/Users/ajay/exalted/signalos/desk/order_sentinel.py", line 100, in <listcomp>
    hits = [o for o in orders if _match(o, spec)]
  File "/Users/ajay/exalted/signalos/desk/order_sentinel.py", line 69, in _match
    order.get("localSymbol", order.get("symbol")) == spec["symbol"]
KeyError: 'symbol'
Traceback (most recent call last):
  File "/Library/Developer/CommandLineTools/Library/Frameworks/Python3.framework/Versions/3.9/lib/python3.9/runpy.py", line 197, in _run_module_as_main
    return _run_code(code, main_globals, None,
  File "/Library/Developer/CommandLineTools/Library/Frameworks/Python3.framework/Versions/3.9/lib/python3.9/runpy.py", line 87, in _run_code
    exec(code, run_globals)
  File "/Users/ajay/exalted/signalos/desk/order_sentinel.py", line 340, in <module>
    sys.exit(run(dry="--dry" in sys.argv))
  File "/Users/ajay/exalted/signalos/desk/order_sentinel.py", line 100, in run
    hits = [o for o in orders if _match(o, spec)]
  File "/Users/ajay/exalted/signalos/desk/order_sentinel.py", line 100, in <listcomp>
    hits = [o for o in orders if _match(o, spec)]
  File "/Users/ajay/exalted/signalos/desk/order_sentinel.py", line 69, in _match
    order.get("localSymbol", order.get("symbol")) == spec["symbol"]
KeyError: 'symbol'
Traceback (most recent call last):
  File "/Library/Developer/CommandLineTools/Library/Frameworks/Python3.framework/Versions/3.9/lib/python3.9/runpy.py", line 197, in _run_module_as_main
    return _run_code(code, main_globals, None,
  File "/Library/Developer/CommandLineTools/Library/Frameworks/Python3.framework/Versions/3.9/lib/python3.9/runpy.py", line 87, in _run_code
    exec(code, run_globals)
  File "/Users/ajay/exalted/signalos/desk/order_sentinel.py", line 340, in <module>
    sys.exit(run(dry="--dry" in sys.argv))
  File "/Users/ajay/exalted/signalos/desk/order_sentinel.py", line 100, in run
    hits = [o for o in orders if _match(o, spec)]
  File "/Users/ajay/exalted/signalos/desk/order_sentinel.py", line 100, in <listcomp>
    hits = [o for o in orders if _match(o, spec)]
  File "/Users/ajay/exalted/signalos/desk/order_sentinel.py", line 69, in _match
    order.get("localSymbol", order.get("symbol")) == spec["symbol"]
KeyError: 'symbol'
Traceback (most recent call last):
  File "/Library/Developer/CommandLineTools/Library/Frameworks/Python3.framework/Versions/3.9/lib/python3.9/runpy.py", line 197, in _run_module_as_main
    return _run_code(code, main_globals, None,
  File "/Library/Developer/CommandLineTools/Library/Frameworks/Python3.framework/Versions/3.9/lib/python3.9/runpy.py", line 87, in _run_code
    exec(code, run_globals)
  File "/Users/ajay/exalted/signalos/desk/order_sentinel.py", line 340, in <module>
    sys.exit(run(dry="--dry" in sys.argv))
  File "/Users/ajay/exalted/signalos/desk/order_sentinel.py", line 100, in run
    hits = [o for o in orders if _match(o, spec)]
  File "/Users/ajay/exalted/signalos/desk/order_sentinel.py", line 100, in <listcomp>
    hits = [o for o in orders if _match(o, spec)]
  File "/Users/ajay/exalted/signalos/desk/order_sentinel.py", line 69, in _match
    order.get("localSymbol", order.get("symbol")) == spec["symbol"]
KeyError: 'symbol'
Traceback (most recent call last):
  File "/Library/Developer/CommandLineTools/Library/Frameworks/Python3.framework/Versions/3.9/lib/python3.9/runpy.py", line 197, in _run_module_as_main
    return _run_code(code, main_globals, None,
  File "/Library/Developer/CommandLineTools/Library/Frameworks/Python3.framework/Versions/3.9/lib/python3.9/runpy.py", line 87, in _run_code
    exec(code, run_globals)
  File "/Users/ajay/exalted/signalos/desk/order_sentinel.py", line 340, in <module>
    sys.exit(run(dry="--dry" in sys.argv))
  File "/Users/ajay/exalted/signalos/desk/order_sentinel.py", line 100, in run
    hits = [o for o in orders if _match(o, spec)]
  File "/Users/ajay/exalted/signalos/desk/order_sentinel.py", line 100, in <listcomp>
    hits = [o for o in orders if _match(o, spec)]
  File "/Users/ajay/exalted/signalos/desk/order_sentinel.py", line 69, in _match
    order.get("localSymbol", order.get("symbol")) == spec["symbol"]
KeyError: 'symbol'
Traceback (most recent call last):
  File "/Library/Developer/CommandLineTools/Library/Frameworks/Python3.framework/Versions/3.9/lib/python3.9/runpy.py", line 197, in _run_module_as_main
    return _run_code(code, main_globals, None,
  File "/Library/Developer/CommandLineTools/Library/Frameworks/Python3.framework/Versions/3.9/lib/python3.9/runpy.py", line 87, in _run_code
    exec(code, run_globals)
  File "/Users/ajay/exalted/signalos/desk/order_sentinel.py", line 340, in <module>
    sys.exit(run(dry="--dry" in sys.argv))
  File "/Users/ajay/exalted/signalos/desk/order_sentinel.py", line 100, in run
    hits = [o for o in orders if _match(o, spec)]
  File "/Users/ajay/exalted/signalos/desk/order_sentinel.py", line 100, in <listcomp>
    hits = [o for o in orders if _match(o, spec)]
  File "/Users/ajay/exalted/signalos/desk/order_sentinel.py", line 69, in _match
    order.get("localSymbol", order.get("symbol")) == spec["symbol"]
KeyError: 'symbol'
Traceback (most recent call last):
  File "/Library/Developer/CommandLineTools/Library/Frameworks/Python3.framework/Versions/3.9/lib/python3.9/runpy.py", line 197, in _run_module_as_main
    return _run_code(code, main_globals, None,
  File "/Library/Developer/CommandLineTools/Library/Frameworks/Python3.framework/Versions/3.9/lib/python3.9/runpy.py", line 87, in _run_code
    exec(code, run_globals)
  File "/Users/ajay/exalted/signalos/desk/order_sentinel.py", line 340, in <module>
    sys.exit(run(dry="--dry" in sys.argv))
  File "/Users/ajay/exalted/signalos/desk/order_sentinel.py", line 100, in run
    hits = [o for o in orders if _match(o, spec)]
  File "/Users/ajay/exalted/signalos/desk/order_sentinel.py", line 100, in <listcomp>
    hits = [o for o in orders if _match(o, spec)]
  File "/Users/ajay/exalted/signalos/desk/order_sentinel.py", line 69, in _match
    order.get("localSymbol", order.get("symbol")) == spec["symbol"]
KeyError: 'symbol'
Traceback (most recent call last):
  File "/Library/Developer/CommandLineTools/Library/Frameworks/Python3.framework/Versions/3.9/lib/python3.9/runpy.py", line 197, in _run_module_as_main
    return _run_code(code, main_globals, None,
  File "/Library/Developer/CommandLineTools/Library/Frameworks/Python3.framework/Versions/3.9/lib/python3.9/runpy.py", line 87, in _run_code
    exec(code, run_globals)
  File "/Users/ajay/exalted/signalos/desk/order_sentinel.py", line 340, in <module>
    sys.exit(run(dry="--dry" in sys.argv))
  File "/Users/ajay/exalted/signalos/desk/order_sentinel.py", line 100, in run
    hits = [o for o in orders if _match(o, spec)]
  File "/Users/ajay/exalted/signalos/desk/order_sentinel.py", line 100, in <listcomp>
    hits = [o for o in orders if _match(o, spec)]
  File "/Users/ajay/exalted/signalos/desk/order_sentinel.py", line 69, in _match
    order.get("localSymbol", order.get("symbol")) == spec["symbol"]
KeyError: 'symbol'
Traceback (most recent call last):
  File "/Library/Developer/CommandLineTools/Library/Frameworks/Python3.framework/Versions/3.9/lib/python3.9/runpy.py", line 197, in _run_module_as_main
    return _run_code(code, main_globals, None,
  File "/Library/Developer/CommandLineTools/Library/Frameworks/Python3.framework/Versions/3.9/lib/python3.9/runpy.py", line 87, in _run_code
    exec(code, run_globals)
  File "/Users/ajay/exalted/signalos/desk/order_sentinel.py", line 340, in <module>
    sys.exit(run(dry="--dry" in sys.argv))
  File "/Users/ajay/exalted/signalos/desk/order_sentinel.py", line 100, in run
    hits = [o for o in orders if _match(o, spec)]
  File "/Users/ajay/exalted/signalos/desk/order_sentinel.py", line 100, in <listcomp>
    hits = [o for o in orders if _match(o, spec)]
  File "/Users/ajay/exalted/signalos/desk/order_sentinel.py", line 69, in _match
    order.get("localSymbol", order.get("symbol")) == spec["symbol"]
KeyError: 'symbol'
Traceback (most recent call last):
  File "/Library/Developer/CommandLineTools/Library/Frameworks/Python3.framework/Versions/3.9/lib/python3.9/runpy.py", line 197, in _run_module_as_main
    return _run_code(code, main_globals, None,
  File "/Library/Developer/CommandLineTools/Library/Frameworks/Python3.framework/Versions/3.9/lib/python3.9/runpy.py", line 87, in _run_code
    exec(code, run_globals)
  File "/Users/ajay/exalted/signalos/desk/order_sentinel.py", line 340, in <module>
    sys.exit(run(dry="--dry" in sys.argv))
  File "/Users/ajay/exalted/signalos/desk/order_sentinel.py", line 100, in run
    hits = [o for o in orders if _match(o, spec)]
  File "/Users/ajay/exalted/signalos/desk/order_sentinel.py", line 100, in <listcomp>
    hits = [o for o in orders if _match(o, spec)]
  File "/Users/ajay/exalted/signalos/desk/order_sentinel.py", line 69, in _match
    order.get("localSymbol", order.get("symbol")) == spec["symbol"]
KeyError: 'symbol'
Traceback (most recent call last):
  File "/Library/Developer/CommandLineTools/Library/Frameworks/Python3.framework/Versions/3.9/lib/python3.9/runpy.py", line 197, in _run_module_as_main
    return _run_code(code, main_globals, None,
  File "/Library/Developer/CommandLineTools/Library/Frameworks/Python3.framework/Versions/3.9/lib/python3.9/runpy.py", line 87, in _run_code
    exec(code, run_globals)
  File "/Users/ajay/exalted/signalos/desk/order_sentinel.py", line 340, in <module>
    sys.exit(run(dry="--dry" in sys.argv))
  File "/Users/ajay/exalted/signalos/desk/order_sentinel.py", line 100, in run
    hits = [o for o in orders if _match(o, spec)]
  File "/Users/ajay/exalted/signalos/desk/order_sentinel.py", line 100, in <listcomp>
    hits = [o for o in orders if _match(o, spec)]
  File "/Users/ajay/exalted/signalos/desk/order_sentinel.py", line 69, in _match
    order.get("localSymbol", order.get("symbol")) == spec["symbol"]
KeyError: 'symbol'
Traceback (most recent call last):
  File "/Library/Developer/CommandLineTools/Library/Frameworks/Python3.framework/Versions/3.9/lib/python3.9/runpy.py", line 197, in _run_module_as_main
    return _run_code(code, main_globals, None,
  File "/Library/Developer/CommandLineTools/Library/Frameworks/Python3.framework/Versions/3.9/lib/python3.9/runpy.py", line 87, in _run_code
    exec(code, run_globals)
  File "/Users/ajay/exalted/signalos/desk/order_sentinel.py", line 340, in <module>
    sys.exit(run(dry="--dry" in sys.argv))
  File "/Users/ajay/exalted/signalos/desk/order_sentinel.py", line 100, in run
    hits = [o for o in orders if _match(o, spec)]
  File "/Users/ajay/exalted/signalos/desk/order_sentinel.py", line 100, in <listcomp>
    hits = [o for o in orders if _match(o, spec)]
  File "/Users/ajay/exalted/signalos/desk/order_sentinel.py", line 69, in _match
    order.get("localSymbol", order.get("symbol")) == spec["symbol"]
KeyError: 'symbol'
Traceback (most recent call last):
  File "/Library/Developer/CommandLineTools/Library/Frameworks/Python3.framework/Versions/3.9/lib/python3.9/runpy.py", line 197, in _run_module_as_main
    return _run_code(code, main_globals, None,
  File "/Library/Developer/CommandLineTools/Library/Frameworks/Python3.framework/Versions/3.9/lib/python3.9/runpy.py", line 87, in _run_code
    exec(code, run_globals)
  File "/Users/ajay/exalted/signalos/desk/order_sentinel.py", line 340, in <module>
    sys.exit(run(dry="--dry" in sys.argv))
  File "/Users/ajay/exalted/signalos/desk/order_sentinel.py", line 100, in run
    hits = [o for o in orders if _match(o, spec)]
  File "/Users/ajay/exalted/signalos/desk/order_sentinel.py", line 100, in <listcomp>
    hits = [o for o in orders if _match(o, spec)]
  File "/Users/ajay/exalted/signalos/desk/order_sentinel.py", line 69, in _match
    order.get("localSymbol", order.get("symbol")) == spec["symbol"]
KeyError: 'symbol'
Traceback (most recent call last):
  File "/Library/Developer/CommandLineTools/Library/Frameworks/Python3.framework/Versions/3.9/lib/python3.9/runpy.py", line 197, in _run_module_as_main
    return _run_code(code, main_globals, None,
  File "/Library/Developer/CommandLineTools/Library/Frameworks/Python3.framework/Versions/3.9/lib/python3.9/runpy.py", line 87, in _run_code
    exec(code, run_globals)
  File "/Users/ajay/exalted/signalos/desk/order_sentinel.py", line 340, in <module>
    sys.exit(run(dry="--dry" in sys.argv))
  File "/Users/ajay/exalted/signalos/desk/order_sentinel.py", line 100, in run
    hits = [o for o in orders if _match(o, spec)]
  File "/Users/ajay/exalted/signalos/desk/order_sentinel.py", line 100, in <listcomp>
    hits = [o for o in orders if _match(o, spec)]
  File "/Users/ajay/exalted/signalos/desk/order_sentinel.py", line 69, in _match
    order.get("localSymbol", order.get("symbol")) == spec["symbol"]
KeyError: 'symbol'
Traceback (most recent call last):
  File "/Library/Developer/CommandLineTools/Library/Frameworks/Python3.framework/Versions/3.9/lib/python3.9/runpy.py", line 197, in _run_module_as_main
    return _run_code(code, main_globals, None,
  File "/Library/Developer/CommandLineTools/Library/Frameworks/Python3.framework/Versions/3.9/lib/python3.9/runpy.py", line 87, in _run_code
    exec(code, run_globals)
  File "/Users/ajay/exalted/signalos/desk/order_sentinel.py", line 340, in <module>
    sys.exit(run(dry="--dry" in sys.argv))
  File "/Users/ajay/exalted/signalos/desk/order_sentinel.py", line 100, in run
    hits = [o for o in orders if _match(o, spec)]
  File "/Users/ajay/exalted/signalos/desk/order_sentinel.py", line 100, in <listcomp>
    hits = [o for o in orders if _match(o, spec)]
  File "/Users/ajay/exalted/signalos/desk/order_sentinel.py", line 69, in _match
    order.get("localSymbol", order.get("symbol")) == spec["symbol"]
KeyError: 'symbol'
Traceback (most recent call last):
  File "/Library/Developer/CommandLineTools/Library/Frameworks/Python3.framework/Versions/3.9/lib/python3.9/runpy.py", line 197, in _run_module_as_main
    return _run_code(code, main_globals, None,
  File "/Library/Developer/CommandLineTools/Library/Frameworks/Python3.framework/Versions/3.9/lib/python3.9/runpy.py", line 87, in _run_code
    exec(code, run_globals)
  File "/Users/ajay/exalted/signalos/desk/order_sentinel.py", line 340, in <module>
    sys.exit(run(dry="--dry" in sys.argv))
  File "/Users/ajay/exalted/signalos/desk/order_sentinel.py", line 100, in run
    hits = [o for o in orders if _match(o, spec)]
  File "/Users/ajay/exalted/signalos/desk/order_sentinel.py", line 100, in <listcomp>
    hits = [o for o in orders if _match(o, spec)]
  File "/Users/ajay/exalted/signalos/desk/order_sentinel.py", line 69, in _match
    order.get("localSymbol", order.get("symbol")) == spec["symbol"]
KeyError: 'symbol'
Traceback (most recent call last):
  File "/Library/Developer/CommandLineTools/Library/Frameworks/Python3.framework/Versions/3.9/lib/python3.9/runpy.py", line 197, in _run_module_as_main
    return _run_code(code, main_globals, None,
  File "/Library/Developer/CommandLineTools/Library/Frameworks/Python3.framework/Versions/3.9/lib/python3.9/runpy.py", line 87, in _run_code
    exec(code, run_globals)
  File "/Users/ajay/exalted/signalos/desk/order_sentinel.py", line 340, in <module>
    sys.exit(run(dry="--dry" in sys.argv))
  File "/Users/ajay/exalted/signalos/desk/order_sentinel.py", line 100, in run
    hits = [o for o in orders if _match(o, spec)]
  File "/Users/ajay/exalted/signalos/desk/order_sentinel.py", line 100, in <listcomp>
    hits = [o for o in orders if _match(o, spec)]
  File "/Users/ajay/exalted/signalos/desk/order_sentinel.py", line 69, in _match
    order.get("localSymbol", order.get("symbol")) == spec["symbol"]
KeyError: 'symbol'
Traceback (most recent call last):
  File "/Library/Developer/CommandLineTools/Library/Frameworks/Python3.framework/Versions/3.9/lib/python3.9/runpy.py", line 197, in _run_module_as_main
    return _run_code(code, main_globals, None,
  File "/Library/Developer/CommandLineTools/Library/Frameworks/Python3.framework/Versions/3.9/lib/python3.9/runpy.py", line 87, in _run_code
    exec(code, run_globals)
  File "/Users/ajay/exalted/signalos/desk/order_sentinel.py", line 340, in <module>
    sys.exit(run(dry="--dry" in sys.argv))
  File "/Users/ajay/exalted/signalos/desk/order_sentinel.py", line 100, in run
    hits = [o for o in orders if _match(o, spec)]
  File "/Users/ajay/exalted/signalos/desk/order_sentinel.py", line 100, in <listcomp>
    hits = [o for o in orders if _match(o, spec)]
  File "/Users/ajay/exalted/signalos/desk/order_sentinel.py", line 69, in _match
    order.get("localSymbol", order.get("symbol")) == spec["symbol"]
KeyError: 'symbol'
positions request timed out
open orders request timed out
completed orders request timed out
account updates for ACCOUNT_ALPHA request timed out
account updates for ACCOUNT_BETA request timed out
[CRITICAL] GATEWAY WEDGED: 12 consecutive connect failures (Failed to connect to IB Gateway on 127.0.0.1:4001 (ClientId=93): ). Orders, cancels and tonight's envelopes are all blind until it is restarted. This is the 08-24 failure mode.
positions request timed out
open orders request timed out
completed orders request timed out
account updates for ACCOUNT_ALPHA request timed out
account updates for ACCOUNT_BETA request timed out
[CRITICAL] GATEWAY WEDGED: 13 consecutive connect failures (Failed to connect to IB Gateway on 127.0.0.1:4001 (ClientId=93): ). Orders, cancels and tonight's envelopes are all blind until it is restarted. This is the 08-24 failure mode.
positions request timed out
open orders request timed out
completed orders request timed out
account updates for ACCOUNT_ALPHA request timed out
account updates for ACCOUNT_BETA request timed out
[CRITICAL] GATEWAY WEDGED: 14 consecutive connect failures (Failed to connect to IB Gateway on 127.0.0.1:4001 (ClientId=93): ). Orders, cancels and tonight's envelopes are all blind until it is restarted. This is the 08-24 failure mode.
positions request timed out
open orders request timed out
completed orders request timed out
account updates for ACCOUNT_ALPHA request timed out
account updates for ACCOUNT_BETA request timed out
[CRITICAL] GATEWAY WEDGED: 15 consecutive connect failures (Failed to connect to IB Gateway on 127.0.0.1:4001 (ClientId=93): ). Orders, cancels and tonight's envelopes are all blind until it is restarted. This is the 08-24 failure mode.
positions request timed out
open orders request timed out
completed orders request timed out
account updates for ACCOUNT_ALPHA request timed out
account updates for ACCOUNT_BETA request timed out
[CRITICAL] GATEWAY WEDGED: 16 consecutive connect failures (Failed to connect to IB Gateway on 127.0.0.1:4001 (ClientId=93): ). Orders, cancels and tonight's envelopes are all blind until it is restarted. This is the 08-24 failure mode.
Traceback (most recent call last):
  File "/Library/Developer/CommandLineTools/Library/Frameworks/Python3.framework/Versions/3.9/lib/python3.9/runpy.py", line 197, in _run_module_as_main
    return _run_code(code, main_globals, None,
  File "/Library/Developer/CommandLineTools/Library/Frameworks/Python3.framework/Versions/3.9/lib/python3.9/runpy.py", line 87, in _run_code
    exec(code, run_globals)
  File "/Users/ajay/exalted/signalos/desk/order_sentinel.py", line 340, in <module>
    sys.exit(run(dry="--dry" in sys.argv))
  File "/Users/ajay/exalted/signalos/desk/order_sentinel.py", line 100, in run
    hits = [o for o in orders if _match(o, spec)]
  File "/Users/ajay/exalted/signalos/desk/order_sentinel.py", line 100, in <listcomp>
    hits = [o for o in orders if _match(o, spec)]
  File "/Users/ajay/exalted/signalos/desk/order_sentinel.py", line 69, in _match
    order.get("localSymbol", order.get("symbol")) == spec["symbol"]
KeyError: 'symbol'
Traceback (most recent call last):
  File "/Library/Developer/CommandLineTools/Library/Frameworks/Python3.framework/Versions/3.9/lib/python3.9/runpy.py", line 197, in _run_module_as_main
    return _run_code(code, main_globals, None,
  File "/Library/Developer/CommandLineTools/Library/Frameworks/Python3.framework/Versions/3.9/lib/python3.9/runpy.py", line 87, in _run_code
    exec(code, run_globals)
  File "/Users/ajay/exalted/signalos/desk/order_sentinel.py", line 340, in <module>
    sys.exit(run(dry="--dry" in sys.argv))
  File "/Users/ajay/exalted/signalos/desk/order_sentinel.py", line 100, in run
    hits = [o for o in orders if _match(o, spec)]
  File "/Users/ajay/exalted/signalos/desk/order_sentinel.py", line 100, in <listcomp>
    hits = [o for o in orders if _match(o, spec)]
  File "/Users/ajay/exalted/signalos/desk/order_sentinel.py", line 69, in _match
    order.get("localSymbol", order.get("symbol")) == spec["symbol"]
KeyError: 'symbol'
Traceback (most recent call last):
  File "/Library/Developer/CommandLineTools/Library/Frameworks/Python3.framework/Versions/3.9/lib/python3.9/runpy.py", line 197, in _run_module_as_main
    return _run_code(code, main_globals, None,
  File "/Library/Developer/CommandLineTools/Library/Frameworks/Python3.framework/Versions/3.9/lib/python3.9/runpy.py", line 87, in _run_code
    exec(code, run_globals)
  File "/Users/ajay/exalted/signalos/desk/order_sentinel.py", line 340, in <module>
    sys.exit(run(dry="--dry" in sys.argv))
  File "/Users/ajay/exalted/signalos/desk/order_sentinel.py", line 100, in run
    hits = [o for o in orders if _match(o, spec)]
  File "/Users/ajay/exalted/signalos/desk/order_sentinel.py", line 100, in <listcomp>
    hits = [o for o in orders if _match(o, spec)]
  File "/Users/ajay/exalted/signalos/desk/order_sentinel.py", line 69, in _match
    order.get("localSymbol", order.get("symbol")) == spec["symbol"]
KeyError: 'symbol'
Traceback (most recent call last):
  File "/Library/Developer/CommandLineTools/Library/Frameworks/Python3.framework/Versions/3.9/lib/python3.9/runpy.py", line 197, in _run_module_as_main
    return _run_code(code, main_globals, None,
  File "/Library/Developer/CommandLineTools/Library/Frameworks/Python3.framework/Versions/3.9/lib/python3.9/runpy.py", line 87, in _run_code
    exec(code, run_globals)
  File "/Users/ajay/exalted/signalos/desk/order_sentinel.py", line 340, in <module>
    sys.exit(run(dry="--dry" in sys.argv))
  File "/Users/ajay/exalted/signalos/desk/order_sentinel.py", line 100, in run
    hits = [o for o in orders if _match(o, spec)]
  File "/Users/ajay/exalted/signalos/desk/order_sentinel.py", line 100, in <listcomp>
    hits = [o for o in orders if _match(o, spec)]
  File "/Users/ajay/exalted/signalos/desk/order_sentinel.py", line 69, in _match
    order.get("localSymbol", order.get("symbol")) == spec["symbol"]
KeyError: 'symbol'
Traceback (most recent call last):
  File "/Library/Developer/CommandLineTools/Library/Frameworks/Python3.framework/Versions/3.9/lib/python3.9/runpy.py", line 197, in _run_module_as_main
    return _run_code(code, main_globals, None,
  File "/Library/Developer/CommandLineTools/Library/Frameworks/Python3.framework/Versions/3.9/lib/python3.9/runpy.py", line 87, in _run_code
    exec(code, run_globals)
  File "/Users/ajay/exalted/signalos/desk/order_sentinel.py", line 340, in <module>
    sys.exit(run(dry="--dry" in sys.argv))
  File "/Users/ajay/exalted/signalos/desk/order_sentinel.py", line 100, in run
    hits = [o for o in orders if _match(o, spec)]
  File "/Users/ajay/exalted/signalos/desk/order_sentinel.py", line 100, in <listcomp>
    hits = [o for o in orders if _match(o, spec)]
  File "/Users/ajay/exalted/signalos/desk/order_sentinel.py", line 69, in _match
    order.get("localSymbol", order.get("symbol")) == spec["symbol"]
KeyError: 'symbol'
Traceback (most recent call last):
  File "/Library/Developer/CommandLineTools/Library/Frameworks/Python3.framework/Versions/3.9/lib/python3.9/runpy.py", line 197, in _run_module_as_main
    return _run_code(code, main_globals, None,
  File "/Library/Developer/CommandLineTools/Library/Frameworks/Python3.framework/Versions/3.9/lib/python3.9/runpy.py", line 87, in _run_code
    exec(code, run_globals)
  File "/Users/ajay/exalted/signalos/desk/order_sentinel.py", line 340, in <module>
    sys.exit(run(dry="--dry" in sys.argv))
  File "/Users/ajay/exalted/signalos/desk/order_sentinel.py", line 100, in run
    hits = [o for o in orders if _match(o, spec)]
  File "/Users/ajay/exalted/signalos/desk/order_sentinel.py", line 100, in <listcomp>
    hits = [o for o in orders if _match(o, spec)]
  File "/Users/ajay/exalted/signalos/desk/order_sentinel.py", line 69, in _match
    order.get("localSymbol", order.get("symbol")) == spec["symbol"]
KeyError: 'symbol'
Traceback (most recent call last):
  File "/Library/Developer/CommandLineTools/Library/Frameworks/Python3.framework/Versions/3.9/lib/python3.9/runpy.py", line 197, in _run_module_as_main
    return _run_code(code, main_globals, None,
  File "/Library/Developer/CommandLineTools/Library/Frameworks/Python3.framework/Versions/3.9/lib/python3.9/runpy.py", line 87, in _run_code
    exec(code, run_globals)
  File "/Users/ajay/exalted/signalos/desk/order_sentinel.py", line 340, in <module>
    sys.exit(run(dry="--dry" in sys.argv))
  File "/Users/ajay/exalted/signalos/desk/order_sentinel.py", line 100, in run
    hits = [o for o in orders if _match(o, spec)]
  File "/Users/ajay/exalted/signalos/desk/order_sentinel.py", line 100, in <listcomp>
    hits = [o for o in orders if _match(o, spec)]
  File "/Users/ajay/exalted/signalos/desk/order_sentinel.py", line 69, in _match
    order.get("localSymbol", order.get("symbol")) == spec["symbol"]
KeyError: 'symbol'
Traceback (most recent call last):
  File "/Library/Developer/CommandLineTools/Library/Frameworks/Python3.framework/Versions/3.9/lib/python3.9/runpy.py", line 197, in _run_module_as_main
    return _run_code(code, main_globals, None,
  File "/Library/Developer/CommandLineTools/Library/Frameworks/Python3.framework/Versions/3.9/lib/python3.9/runpy.py", line 87, in _run_code
    exec(code, run_globals)
  File "/Users/ajay/exalted/signalos/desk/order_sentinel.py", line 340, in <module>
    sys.exit(run(dry="--dry" in sys.argv))
  File "/Users/ajay/exalted/signalos/desk/order_sentinel.py", line 100, in run
    hits = [o for o in orders if _match(o, spec)]
  File "/Users/ajay/exalted/signalos/desk/order_sentinel.py", line 100, in <listcomp>
    hits = [o for o in orders if _match(o, spec)]
  File "/Users/ajay/exalted/signalos/desk/order_sentinel.py", line 69, in _match
    order.get("localSymbol", order.get("symbol")) == spec["symbol"]
KeyError: 'symbol'
Traceback (most recent call last):
  File "/Library/Developer/CommandLineTools/Library/Frameworks/Python3.framework/Versions/3.9/lib/python3.9/runpy.py", line 197, in _run_module_as_main
    return _run_code(code, main_globals, None,
  File "/Library/Developer/CommandLineTools/Library/Frameworks/Python3.framework/Versions/3.9/lib/python3.9/runpy.py", line 87, in _run_code
    exec(code, run_globals)
  File "/Users/ajay/exalted/signalos/desk/order_sentinel.py", line 340, in <module>
    sys.exit(run(dry="--dry" in sys.argv))
  File "/Users/ajay/exalted/signalos/desk/order_sentinel.py", line 100, in run
    hits = [o for o in orders if _match(o, spec)]
  File "/Users/ajay/exalted/signalos/desk/order_sentinel.py", line 100, in <listcomp>
    hits = [o for o in orders if _match(o, spec)]
  File "/Users/ajay/exalted/signalos/desk/order_sentinel.py", line 69, in _match
    order.get("localSymbol", order.get("symbol")) == spec["symbol"]
KeyError: 'symbol'
Traceback (most recent call last):
  File "/Library/Developer/CommandLineTools/Library/Frameworks/Python3.framework/Versions/3.9/lib/python3.9/runpy.py", line 197, in _run_module_as_main
    return _run_code(code, main_globals, None,
  File "/Library/Developer/CommandLineTools/Library/Frameworks/Python3.framework/Versions/3.9/lib/python3.9/runpy.py", line 87, in _run_code
    exec(code, run_globals)
  File "/Users/ajay/exalted/signalos/desk/order_sentinel.py", line 340, in <module>
    sys.exit(run(dry="--dry" in sys.argv))
  File "/Users/ajay/exalted/signalos/desk/order_sentinel.py", line 100, in run
    hits = [o for o in orders if _match(o, spec)]
  File "/Users/ajay/exalted/signalos/desk/order_sentinel.py", line 100, in <listcomp>
    hits = [o for o in orders if _match(o, spec)]
  File "/Users/ajay/exalted/signalos/desk/order_sentinel.py", line 69, in _match
    order.get("localSymbol", order.get("symbol")) == spec["symbol"]
KeyError: 'symbol'
Traceback (most recent call last):
  File "/Library/Developer/CommandLineTools/Library/Frameworks/Python3.framework/Versions/3.9/lib/python3.9/runpy.py", line 197, in _run_module_as_main
    return _run_code(code, main_globals, None,
  File "/Library/Developer/CommandLineTools/Library/Frameworks/Python3.framework/Versions/3.9/lib/python3.9/runpy.py", line 87, in _run_code
    exec(code, run_globals)
  File "/Users/ajay/exalted/signalos/desk/order_sentinel.py", line 340, in <module>
    sys.exit(run(dry="--dry" in sys.argv))
  File "/Users/ajay/exalted/signalos/desk/order_sentinel.py", line 100, in run
    hits = [o for o in orders if _match(o, spec)]
  File "/Users/ajay/exalted/signalos/desk/order_sentinel.py", line 100, in <listcomp>
    hits = [o for o in orders if _match(o, spec)]
  File "/Users/ajay/exalted/signalos/desk/order_sentinel.py", line 69, in _match
    order.get("localSymbol", order.get("symbol")) == spec["symbol"]
KeyError: 'symbol'
Traceback (most recent call last):
  File "/Library/Developer/CommandLineTools/Library/Frameworks/Python3.framework/Versions/3.9/lib/python3.9/runpy.py", line 197, in _run_module_as_main
    return _run_code(code, main_globals, None,
  File "/Library/Developer/CommandLineTools/Library/Frameworks/Python3.framework/Versions/3.9/lib/python3.9/runpy.py", line 87, in _run_code
    exec(code, run_globals)
  File "/Users/ajay/exalted/signalos/desk/order_sentinel.py", line 340, in <module>
    sys.exit(run(dry="--dry" in sys.argv))
  File "/Users/ajay/exalted/signalos/desk/order_sentinel.py", line 100, in run
    hits = [o for o in orders if _match(o, spec)]
  File "/Users/ajay/exalted/signalos/desk/order_sentinel.py", line 100, in <listcomp>
    hits = [o for o in orders if _match(o, spec)]
  File "/Users/ajay/exalted/signalos/desk/order_sentinel.py", line 69, in _match
    order.get("localSymbol", order.get("symbol")) == spec["symbol"]
KeyError: 'symbol'
Traceback (most recent call last):
  File "/Library/Developer/CommandLineTools/Library/Frameworks/Python3.framework/Versions/3.9/lib/python3.9/runpy.py", line 197, in _run_module_as_main
    return _run_code(code, main_globals, None,
  File "/Library/Developer/CommandLineTools/Library/Frameworks/Python3.framework/Versions/3.9/lib/python3.9/runpy.py", line 87, in _run_code
    exec(code, run_globals)
  File "/Users/ajay/exalted/signalos/desk/order_sentinel.py", line 340, in <module>
    sys.exit(run(dry="--dry" in sys.argv))
  File "/Users/ajay/exalted/signalos/desk/order_sentinel.py", line 100, in run
    hits = [o for o in orders if _match(o, spec)]
  File "/Users/ajay/exalted/signalos/desk/order_sentinel.py", line 100, in <listcomp>
    hits = [o for o in orders if _match(o, spec)]
  File "/Users/ajay/exalted/signalos/desk/order_sentinel.py", line 69, in _match
    order.get("localSymbol", order.get("symbol")) == spec["symbol"]
KeyError: 'symbol'
Traceback (most recent call last):
  File "/Library/Developer/CommandLineTools/Library/Frameworks/Python3.framework/Versions/3.9/lib/python3.9/runpy.py", line 197, in _run_module_as_main
    return _run_code(code, main_globals, None,
  File "/Library/Developer/CommandLineTools/Library/Frameworks/Python3.framework/Versions/3.9/lib/python3.9/runpy.py", line 87, in _run_code
    exec(code, run_globals)
  File "/Users/ajay/exalted/signalos/desk/order_sentinel.py", line 340, in <module>
    sys.exit(run(dry="--dry" in sys.argv))
  File "/Users/ajay/exalted/signalos/desk/order_sentinel.py", line 100, in run
    hits = [o for o in orders if _match(o, spec)]
  File "/Users/ajay/exalted/signalos/desk/order_sentinel.py", line 100, in <listcomp>
    hits = [o for o in orders if _match(o, spec)]
  File "/Users/ajay/exalted/signalos/desk/order_sentinel.py", line 69, in _match
    order.get("localSymbol", order.get("symbol")) == spec["symbol"]
KeyError: 'symbol'
Traceback (most recent call last):
  File "/Library/Developer/CommandLineTools/Library/Frameworks/Python3.framework/Versions/3.9/lib/python3.9/runpy.py", line 197, in _run_module_as_main
    return _run_code(code, main_globals, None,
  File "/Library/Developer/CommandLineTools/Library/Frameworks/Python3.framework/Versions/3.9/lib/python3.9/runpy.py", line 87, in _run_code
    exec(code, run_globals)
  File "/Users/ajay/exalted/signalos/desk/order_sentinel.py", line 340, in <module>
    sys.exit(run(dry="--dry" in sys.argv))
  File "/Users/ajay/exalted/signalos/desk/order_sentinel.py", line 100, in run
    hits = [o for o in orders if _match(o, spec)]
  File "/Users/ajay/exalted/signalos/desk/order_sentinel.py", line 100, in <listcomp>
    hits = [o for o in orders if _match(o, spec)]
  File "/Users/ajay/exalted/signalos/desk/order_sentinel.py", line 69, in _match
    order.get("localSymbol", order.get("symbol")) == spec["symbol"]
KeyError: 'symbol'
Traceback (most recent call last):
  File "/Library/Developer/CommandLineTools/Library/Frameworks/Python3.framework/Versions/3.9/lib/python3.9/runpy.py", line 197, in _run_module_as_main
    return _run_code(code, main_globals, None,
  File "/Library/Developer/CommandLineTools/Library/Frameworks/Python3.framework/Versions/3.9/lib/python3.9/runpy.py", line 87, in _run_code
    exec(code, run_globals)
  File "/Users/ajay/exalted/signalos/desk/order_sentinel.py", line 340, in <module>
    sys.exit(run(dry="--dry" in sys.argv))
  File "/Users/ajay/exalted/signalos/desk/order_sentinel.py", line 100, in run
    hits = [o for o in orders if _match(o, spec)]
  File "/Users/ajay/exalted/signalos/desk/order_sentinel.py", line 100, in <listcomp>
    hits = [o for o in orders if _match(o, spec)]
  File "/Users/ajay/exalted/signalos/desk/order_sentinel.py", line 69, in _match
    order.get("localSymbol", order.get("symbol")) == spec["symbol"]
KeyError: 'symbol'
Traceback (most recent call last):
  File "/Library/Developer/CommandLineTools/Library/Frameworks/Python3.framework/Versions/3.9/lib/python3.9/runpy.py", line 197, in _run_module_as_main
    return _run_code(code, main_globals, None,
  File "/Library/Developer/CommandLineTools/Library/Frameworks/Python3.framework/Versions/3.9/lib/python3.9/runpy.py", line 87, in _run_code
    exec(code, run_globals)
  File "/Users/ajay/exalted/signalos/desk/order_sentinel.py", line 340, in <module>
    sys.exit(run(dry="--dry" in sys.argv))
  File "/Users/ajay/exalted/signalos/desk/order_sentinel.py", line 100, in run
    hits = [o for o in orders if _match(o, spec)]
  File "/Users/ajay/exalted/signalos/desk/order_sentinel.py", line 100, in <listcomp>
    hits = [o for o in orders if _match(o, spec)]
  File "/Users/ajay/exalted/signalos/desk/order_sentinel.py", line 69, in _match
    order.get("localSymbol", order.get("symbol")) == spec["symbol"]
KeyError: 'symbol'
Traceback (most recent call last):
  File "/Library/Developer/CommandLineTools/Library/Frameworks/Python3.framework/Versions/3.9/lib/python3.9/runpy.py", line 197, in _run_module_as_main
    return _run_code(code, main_globals, None,
  File "/Library/Developer/CommandLineTools/Library/Frameworks/Python3.framework/Versions/3.9/lib/python3.9/runpy.py", line 87, in _run_code
    exec(code, run_globals)
  File "/Users/ajay/exalted/signalos/desk/order_sentinel.py", line 340, in <module>
    sys.exit(run(dry="--dry" in sys.argv))
  File "/Users/ajay/exalted/signalos/desk/order_sentinel.py", line 100, in run
    hits = [o for o in orders if _match(o, spec)]
  File "/Users/ajay/exalted/signalos/desk/order_sentinel.py", line 100, in <listcomp>
    hits = [o for o in orders if _match(o, spec)]
  File "/Users/ajay/exalted/signalos/desk/order_sentinel.py", line 69, in _match
    order.get("localSymbol", order.get("symbol")) == spec["symbol"]
KeyError: 'symbol'
Traceback (most recent call last):
  File "/Library/Developer/CommandLineTools/Library/Frameworks/Python3.framework/Versions/3.9/lib/python3.9/runpy.py", line 197, in _run_module_as_main
    return _run_code(code, main_globals, None,
  File "/Library/Developer/CommandLineTools/Library/Frameworks/Python3.framework/Versions/3.9/lib/python3.9/runpy.py", line 87, in _run_code
    exec(code, run_globals)
  File "/Users/ajay/exalted/signalos/desk/order_sentinel.py", line 340, in <module>
    sys.exit(run(dry="--dry" in sys.argv))
  File "/Users/ajay/exalted/signalos/desk/order_sentinel.py", line 100, in run
    hits = [o for o in orders if _match(o, spec)]
  File "/Users/ajay/exalted/signalos/desk/order_sentinel.py", line 100, in <listcomp>
    hits = [o for o in orders if _match(o, spec)]
  File "/Users/ajay/exalted/signalos/desk/order_sentinel.py", line 69, in _match
    order.get("localSymbol", order.get("symbol")) == spec["symbol"]
KeyError: 'symbol'
Traceback (most recent call last):
  File "/Library/Developer/CommandLineTools/Library/Frameworks/Python3.framework/Versions/3.9/lib/python3.9/runpy.py", line 197, in _run_module_as_main
    return _run_code(code, main_globals, None,
  File "/Library/Developer/CommandLineTools/Library/Frameworks/Python3.framework/Versions/3.9/lib/python3.9/runpy.py", line 87, in _run_code
    exec(code, run_globals)
  File "/Users/ajay/exalted/signalos/desk/order_sentinel.py", line 340, in <module>
    sys.exit(run(dry="--dry" in sys.argv))
  File "/Users/ajay/exalted/signalos/desk/order_sentinel.py", line 100, in run
    hits = [o for o in orders if _match(o, spec)]
  File "/Users/ajay/exalted/signalos/desk/order_sentinel.py", line 100, in <listcomp>
    hits = [o for o in orders if _match(o, spec)]
  File "/Users/ajay/exalted/signalos/desk/order_sentinel.py", line 69, in _match
    order.get("localSymbol", order.get("symbol")) == spec["symbol"]
KeyError: 'symbol'
Traceback (most recent call last):
  File "/Library/Developer/CommandLineTools/Library/Frameworks/Python3.framework/Versions/3.9/lib/python3.9/runpy.py", line 197, in _run_module_as_main
    return _run_code(code, main_globals, None,
  File "/Library/Developer/CommandLineTools/Library/Frameworks/Python3.framework/Versions/3.9/lib/python3.9/runpy.py", line 87, in _run_code
    exec(code, run_globals)
  File "/Users/ajay/exalted/signalos/desk/order_sentinel.py", line 340, in <module>
    sys.exit(run(dry="--dry" in sys.argv))
  File "/Users/ajay/exalted/signalos/desk/order_sentinel.py", line 100, in run
    hits = [o for o in orders if _match(o, spec)]
  File "/Users/ajay/exalted/signalos/desk/order_sentinel.py", line 100, in <listcomp>
    hits = [o for o in orders if _match(o, spec)]
  File "/Users/ajay/exalted/signalos/desk/order_sentinel.py", line 69, in _match
    order.get("localSymbol", order.get("symbol")) == spec["symbol"]
KeyError: 'symbol'
Traceback (most recent call last):
  File "/Library/Developer/CommandLineTools/Library/Frameworks/Python3.framework/Versions/3.9/lib/python3.9/runpy.py", line 197, in _run_module_as_main
    return _run_code(code, main_globals, None,
  File "/Library/Developer/CommandLineTools/Library/Frameworks/Python3.framework/Versions/3.9/lib/python3.9/runpy.py", line 87, in _run_code
    exec(code, run_globals)
  File "/Users/ajay/exalted/signalos/desk/order_sentinel.py", line 340, in <module>
    sys.exit(run(dry="--dry" in sys.argv))
  File "/Users/ajay/exalted/signalos/desk/order_sentinel.py", line 100, in run
    hits = [o for o in orders if _match(o, spec)]
  File "/Users/ajay/exalted/signalos/desk/order_sentinel.py", line 100, in <listcomp>
    hits = [o for o in orders if _match(o, spec)]
  File "/Users/ajay/exalted/signalos/desk/order_sentinel.py", line 69, in _match
    order.get("localSymbol", order.get("symbol")) == spec["symbol"]
KeyError: 'symbol'
Traceback (most recent call last):
  File "/Library/Developer/CommandLineTools/Library/Frameworks/Python3.framework/Versions/3.9/lib/python3.9/runpy.py", line 197, in _run_module_as_main
    return _run_code(code, main_globals, None,
  File "/Library/Developer/CommandLineTools/Library/Frameworks/Python3.framework/Versions/3.9/lib/python3.9/runpy.py", line 87, in _run_code
    exec(code, run_globals)
  File "/Users/ajay/exalted/signalos/desk/order_sentinel.py", line 340, in <module>
    sys.exit(run(dry="--dry" in sys.argv))
  File "/Users/ajay/exalted/signalos/desk/order_sentinel.py", line 100, in run
    hits = [o for o in orders if _match(o, spec)]
  File "/Users/ajay/exalted/signalos/desk/order_sentinel.py", line 100, in <listcomp>
    hits = [o for o in orders if _match(o, spec)]
  File "/Users/ajay/exalted/signalos/desk/order_sentinel.py", line 69, in _match
    order.get("localSymbol", order.get("symbol")) == spec["symbol"]
KeyError: 'symbol'
Traceback (most recent call last):
  File "/Library/Developer/CommandLineTools/Library/Frameworks/Python3.framework/Versions/3.9/lib/python3.9/runpy.py", line 197, in _run_module_as_main
    return _run_code(code, main_globals, None,
  File "/Library/Developer/CommandLineTools/Library/Frameworks/Python3.framework/Versions/3.9/lib/python3.9/runpy.py", line 87, in _run_code
    exec(code, run_globals)
  File "/Users/ajay/exalted/signalos/desk/order_sentinel.py", line 340, in <module>
    sys.exit(run(dry="--dry" in sys.argv))
  File "/Users/ajay/exalted/signalos/desk/order_sentinel.py", line 100, in run
    hits = [o for o in orders if _match(o, spec)]
  File "/Users/ajay/exalted/signalos/desk/order_sentinel.py", line 100, in <listcomp>
    hits = [o for o in orders if _match(o, spec)]
  File "/Users/ajay/exalted/signalos/desk/order_sentinel.py", line 69, in _match
    order.get("localSymbol", order.get("symbol")) == spec["symbol"]
KeyError: 'symbol'
Traceback (most recent call last):
  File "/Library/Developer/CommandLineTools/Library/Frameworks/Python3.framework/Versions/3.9/lib/python3.9/runpy.py", line 197, in _run_module_as_main
    return _run_code(code, main_globals, None,
  File "/Library/Developer/CommandLineTools/Library/Frameworks/Python3.framework/Versions/3.9/lib/python3.9/runpy.py", line 87, in _run_code
    exec(code, run_globals)
  File "/Users/ajay/exalted/signalos/desk/order_sentinel.py", line 340, in <module>
    sys.exit(run(dry="--dry" in sys.argv))
  File "/Users/ajay/exalted/signalos/desk/order_sentinel.py", line 100, in run
    hits = [o for o in orders if _match(o, spec)]
  File "/Users/ajay/exalted/signalos/desk/order_sentinel.py", line 100, in <listcomp>
    hits = [o for o in orders if _match(o, spec)]
  File "/Users/ajay/exalted/signalos/desk/order_sentinel.py", line 69, in _match
    order.get("localSymbol", order.get("symbol")) == spec["symbol"]
KeyError: 'symbol'
Traceback (most recent call last):
  File "/Library/Developer/CommandLineTools/Library/Frameworks/Python3.framework/Versions/3.9/lib/python3.9/runpy.py", line 197, in _run_module_as_main
    return _run_code(code, main_globals, None,
  File "/Library/Developer/CommandLineTools/Library/Frameworks/Python3.framework/Versions/3.9/lib/python3.9/runpy.py", line 87, in _run_code
    exec(code, run_globals)
  File "/Users/ajay/exalted/signalos/desk/order_sentinel.py", line 340, in <module>
    sys.exit(run(dry="--dry" in sys.argv))
  File "/Users/ajay/exalted/signalos/desk/order_sentinel.py", line 100, in run
    hits = [o for o in orders if _match(o, spec)]
  File "/Users/ajay/exalted/signalos/desk/order_sentinel.py", line 100, in <listcomp>
    hits = [o for o in orders if _match(o, spec)]
  File "/Users/ajay/exalted/signalos/desk/order_sentinel.py", line 69, in _match
    order.get("localSymbol", order.get("symbol")) == spec["symbol"]
KeyError: 'symbol'
Traceback (most recent call last):
  File "/Library/Developer/CommandLineTools/Library/Frameworks/Python3.framework/Versions/3.9/lib/python3.9/runpy.py", line 197, in _run_module_as_main
    return _run_code(code, main_globals, None,
  File "/Library/Developer/CommandLineTools/Library/Frameworks/Python3.framework/Versions/3.9/lib/python3.9/runpy.py", line 87, in _run_code
    exec(code, run_globals)
  File "/Users/ajay/exalted/signalos/desk/order_sentinel.py", line 340, in <module>
    sys.exit(run(dry="--dry" in sys.argv))
  File "/Users/ajay/exalted/signalos/desk/order_sentinel.py", line 100, in run
    hits = [o for o in orders if _match(o, spec)]
  File "/Users/ajay/exalted/signalos/desk/order_sentinel.py", line 100, in <listcomp>
    hits = [o for o in orders if _match(o, spec)]
  File "/Users/ajay/exalted/signalos/desk/order_sentinel.py", line 69, in _match
    order.get("localSymbol", order.get("symbol")) == spec["symbol"]
KeyError: 'symbol'
Traceback (most recent call last):
  File "/Library/Developer/CommandLineTools/Library/Frameworks/Python3.framework/Versions/3.9/lib/python3.9/runpy.py", line 197, in _run_module_as_main
    return _run_code(code, main_globals, None,
  File "/Library/Developer/CommandLineTools/Library/Frameworks/Python3.framework/Versions/3.9/lib/python3.9/runpy.py", line 87, in _run_code
    exec(code, run_globals)
  File "/Users/ajay/exalted/signalos/desk/order_sentinel.py", line 340, in <module>
    sys.exit(run(dry="--dry" in sys.argv))
  File "/Users/ajay/exalted/signalos/desk/order_sentinel.py", line 100, in run
    hits = [o for o in orders if _match(o, spec)]
  File "/Users/ajay/exalted/signalos/desk/order_sentinel.py", line 100, in <listcomp>
    hits = [o for o in orders if _match(o, spec)]
  File "/Users/ajay/exalted/signalos/desk/order_sentinel.py", line 69, in _match
    order.get("localSymbol", order.get("symbol")) == spec["symbol"]
KeyError: 'symbol'
Traceback (most recent call last):
  File "/Library/Developer/CommandLineTools/Library/Frameworks/Python3.framework/Versions/3.9/lib/python3.9/runpy.py", line 197, in _run_module_as_main
    return _run_code(code, main_globals, None,
  File "/Library/Developer/CommandLineTools/Library/Frameworks/Python3.framework/Versions/3.9/lib/python3.9/runpy.py", line 87, in _run_code
    exec(code, run_globals)
  File "/Users/ajay/exalted/signalos/desk/order_sentinel.py", line 340, in <module>
    sys.exit(run(dry="--dry" in sys.argv))
  File "/Users/ajay/exalted/signalos/desk/order_sentinel.py", line 100, in run
    hits = [o for o in orders if _match(o, spec)]
  File "/Users/ajay/exalted/signalos/desk/order_sentinel.py", line 100, in <listcomp>
    hits = [o for o in orders if _match(o, spec)]
  File "/Users/ajay/exalted/signalos/desk/order_sentinel.py", line 69, in _match
    order.get("localSymbol", order.get("symbol")) == spec["symbol"]
KeyError: 'symbol'
Traceback (most recent call last):
  File "/Library/Developer/CommandLineTools/Library/Frameworks/Python3.framework/Versions/3.9/lib/python3.9/runpy.py", line 197, in _run_module_as_main
    return _run_code(code, main_globals, None,
  File "/Library/Developer/CommandLineTools/Library/Frameworks/Python3.framework/Versions/3.9/lib/python3.9/runpy.py", line 87, in _run_code
    exec(code, run_globals)
  File "/Users/ajay/exalted/signalos/desk/order_sentinel.py", line 340, in <module>
    sys.exit(run(dry="--dry" in sys.argv))
  File "/Users/ajay/exalted/signalos/desk/order_sentinel.py", line 100, in run
    hits = [o for o in orders if _match(o, spec)]
  File "/Users/ajay/exalted/signalos/desk/order_sentinel.py", line 100, in <listcomp>
    hits = [o for o in orders if _match(o, spec)]
  File "/Users/ajay/exalted/signalos/desk/order_sentinel.py", line 69, in _match
    order.get("localSymbol", order.get("symbol")) == spec["symbol"]
KeyError: 'symbol'
Traceback (most recent call last):
  File "/Library/Developer/CommandLineTools/Library/Frameworks/Python3.framework/Versions/3.9/lib/python3.9/runpy.py", line 197, in _run_module_as_main
    return _run_code(code, main_globals, None,
  File "/Library/Developer/CommandLineTools/Library/Frameworks/Python3.framework/Versions/3.9/lib/python3.9/runpy.py", line 87, in _run_code
    exec(code, run_globals)
  File "/Users/ajay/exalted/signalos/desk/order_sentinel.py", line 340, in <module>
    sys.exit(run(dry="--dry" in sys.argv))
  File "/Users/ajay/exalted/signalos/desk/order_sentinel.py", line 100, in run
    hits = [o for o in orders if _match(o, spec)]
  File "/Users/ajay/exalted/signalos/desk/order_sentinel.py", line 100, in <listcomp>
    hits = [o for o in orders if _match(o, spec)]
  File "/Users/ajay/exalted/signalos/desk/order_sentinel.py", line 69, in _match
    order.get("localSymbol", order.get("symbol")) == spec["symbol"]
KeyError: 'symbol'
Traceback (most recent call last):
  File "/Library/Developer/CommandLineTools/Library/Frameworks/Python3.framework/Versions/3.9/lib/python3.9/runpy.py", line 197, in _run_module_as_main
    return _run_code(code, main_globals, None,
  File "/Library/Developer/CommandLineTools/Library/Frameworks/Python3.framework/Versions/3.9/lib/python3.9/runpy.py", line 87, in _run_code
    exec(code, run_globals)
  File "/Users/ajay/exalted/signalos/desk/order_sentinel.py", line 340, in <module>
    sys.exit(run(dry="--dry" in sys.argv))
  File "/Users/ajay/exalted/signalos/desk/order_sentinel.py", line 100, in run
    hits = [o for o in orders if _match(o, spec)]
  File "/Users/ajay/exalted/signalos/desk/order_sentinel.py", line 100, in <listcomp>
    hits = [o for o in orders if _match(o, spec)]
  File "/Users/ajay/exalted/signalos/desk/order_sentinel.py", line 69, in _match
    order.get("localSymbol", order.get("symbol")) == spec["symbol"]
KeyError: 'symbol'
Traceback (most recent call last):
  File "/Library/Developer/CommandLineTools/Library/Frameworks/Python3.framework/Versions/3.9/lib/python3.9/runpy.py", line 197, in _run_module_as_main
    return _run_code(code, main_globals, None,
  File "/Library/Developer/CommandLineTools/Library/Frameworks/Python3.framework/Versions/3.9/lib/python3.9/runpy.py", line 87, in _run_code
    exec(code, run_globals)
  File "/Users/ajay/exalted/signalos/desk/order_sentinel.py", line 340, in <module>
    sys.exit(run(dry="--dry" in sys.argv))
  File "/Users/ajay/exalted/signalos/desk/order_sentinel.py", line 100, in run
    hits = [o for o in orders if _match(o, spec)]
  File "/Users/ajay/exalted/signalos/desk/order_sentinel.py", line 100, in <listcomp>
    hits = [o for o in orders if _match(o, spec)]
  File "/Users/ajay/exalted/signalos/desk/order_sentinel.py", line 69, in _match
    order.get("localSymbol", order.get("symbol")) == spec["symbol"]
KeyError: 'symbol'
Traceback (most recent call last):
  File "/Library/Developer/CommandLineTools/Library/Frameworks/Python3.framework/Versions/3.9/lib/python3.9/runpy.py", line 197, in _run_module_as_main
    return _run_code(code, main_globals, None,
  File "/Library/Developer/CommandLineTools/Library/Frameworks/Python3.framework/Versions/3.9/lib/python3.9/runpy.py", line 87, in _run_code
    exec(code, run_globals)
  File "/Users/ajay/exalted/signalos/desk/order_sentinel.py", line 340, in <module>
    sys.exit(run(dry="--dry" in sys.argv))
  File "/Users/ajay/exalted/signalos/desk/order_sentinel.py", line 100, in run
    hits = [o for o in orders if _match(o, spec)]
  File "/Users/ajay/exalted/signalos/desk/order_sentinel.py", line 100, in <listcomp>
    hits = [o for o in orders if _match(o, spec)]
  File "/Users/ajay/exalted/signalos/desk/order_sentinel.py", line 69, in _match
    order.get("localSymbol", order.get("symbol")) == spec["symbol"]
KeyError: 'symbol'
Traceback (most recent call last):
  File "/Library/Developer/CommandLineTools/Library/Frameworks/Python3.framework/Versions/3.9/lib/python3.9/runpy.py", line 197, in _run_module_as_main
    return _run_code(code, main_globals, None,
  File "/Library/Developer/CommandLineTools/Library/Frameworks/Python3.framework/Versions/3.9/lib/python3.9/runpy.py", line 87, in _run_code
    exec(code, run_globals)
  File "/Users/ajay/exalted/signalos/desk/order_sentinel.py", line 340, in <module>
    sys.exit(run(dry="--dry" in sys.argv))
  File "/Users/ajay/exalted/signalos/desk/order_sentinel.py", line 100, in run
    hits = [o for o in orders if _match(o, spec)]
  File "/Users/ajay/exalted/signalos/desk/order_sentinel.py", line 100, in <listcomp>
    hits = [o for o in orders if _match(o, spec)]
  File "/Users/ajay/exalted/signalos/desk/order_sentinel.py", line 69, in _match
    order.get("localSymbol", order.get("symbol")) == spec["symbol"]
KeyError: 'symbol'
Traceback (most recent call last):
  File "/Library/Developer/CommandLineTools/Library/Frameworks/Python3.framework/Versions/3.9/lib/python3.9/runpy.py", line 197, in _run_module_as_main
    return _run_code(code, main_globals, None,
  File "/Library/Developer/CommandLineTools/Library/Frameworks/Python3.framework/Versions/3.9/lib/python3.9/runpy.py", line 87, in _run_code
    exec(code, run_globals)
  File "/Users/ajay/exalted/signalos/desk/order_sentinel.py", line 340, in <module>
    sys.exit(run(dry="--dry" in sys.argv))
  File "/Users/ajay/exalted/signalos/desk/order_sentinel.py", line 100, in run
    hits = [o for o in orders if _match(o, spec)]
  File "/Users/ajay/exalted/signalos/desk/order_sentinel.py", line 100, in <listcomp>
    hits = [o for o in orders if _match(o, spec)]
  File "/Users/ajay/exalted/signalos/desk/order_sentinel.py", line 69, in _match
    order.get("localSymbol", order.get("symbol")) == spec["symbol"]
KeyError: 'symbol'
Traceback (most recent call last):
  File "/Library/Developer/CommandLineTools/Library/Frameworks/Python3.framework/Versions/3.9/lib/python3.9/runpy.py", line 197, in _run_module_as_main
    return _run_code(code, main_globals, None,
  File "/Library/Developer/CommandLineTools/Library/Frameworks/Python3.framework/Versions/3.9/lib/python3.9/runpy.py", line 87, in _run_code
    exec(code, run_globals)
  File "/Users/ajay/exalted/signalos/desk/order_sentinel.py", line 340, in <module>
    sys.exit(run(dry="--dry" in sys.argv))
  File "/Users/ajay/exalted/signalos/desk/order_sentinel.py", line 100, in run
    hits = [o for o in orders if _match(o, spec)]
  File "/Users/ajay/exalted/signalos/desk/order_sentinel.py", line 100, in <listcomp>
    hits = [o for o in orders if _match(o, spec)]
  File "/Users/ajay/exalted/signalos/desk/order_sentinel.py", line 69, in _match
    order.get("localSymbol", order.get("symbol")) == spec["symbol"]
KeyError: 'symbol'
Traceback (most recent call last):
  File "/Library/Developer/CommandLineTools/Library/Frameworks/Python3.framework/Versions/3.9/lib/python3.9/runpy.py", line 197, in _run_module_as_main
    return _run_code(code, main_globals, None,
  File "/Library/Developer/CommandLineTools/Library/Frameworks/Python3.framework/Versions/3.9/lib/python3.9/runpy.py", line 87, in _run_code
    exec(code, run_globals)
  File "/Users/ajay/exalted/signalos/desk/order_sentinel.py", line 340, in <module>
    sys.exit(run(dry="--dry" in sys.argv))
  File "/Users/ajay/exalted/signalos/desk/order_sentinel.py", line 100, in run
    hits = [o for o in orders if _match(o, spec)]
  File "/Users/ajay/exalted/signalos/desk/order_sentinel.py", line 100, in <listcomp>
    hits = [o for o in orders if _match(o, spec)]
  File "/Users/ajay/exalted/signalos/desk/order_sentinel.py", line 69, in _match
    order.get("localSymbol", order.get("symbol")) == spec["symbol"]
KeyError: 'symbol'
Traceback (most recent call last):
  File "/Library/Developer/CommandLineTools/Library/Frameworks/Python3.framework/Versions/3.9/lib/python3.9/runpy.py", line 197, in _run_module_as_main
    return _run_code(code, main_globals, None,
  File "/Library/Developer/CommandLineTools/Library/Frameworks/Python3.framework/Versions/3.9/lib/python3.9/runpy.py", line 87, in _run_code
    exec(code, run_globals)
  File "/Users/ajay/exalted/signalos/desk/order_sentinel.py", line 340, in <module>
    sys.exit(run(dry="--dry" in sys.argv))
  File "/Users/ajay/exalted/signalos/desk/order_sentinel.py", line 100, in run
    hits = [o for o in orders if _match(o, spec)]
  File "/Users/ajay/exalted/signalos/desk/order_sentinel.py", line 100, in <listcomp>
    hits = [o for o in orders if _match(o, spec)]
  File "/Users/ajay/exalted/signalos/desk/order_sentinel.py", line 69, in _match
    order.get("localSymbol", order.get("symbol")) == spec["symbol"]
KeyError: 'symbol'
Traceback (most recent call last):
  File "/Library/Developer/CommandLineTools/Library/Frameworks/Python3.framework/Versions/3.9/lib/python3.9/runpy.py", line 197, in _run_module_as_main
    return _run_code(code, main_globals, None,
  File "/Library/Developer/CommandLineTools/Library/Frameworks/Python3.framework/Versions/3.9/lib/python3.9/runpy.py", line 87, in _run_code
    exec(code, run_globals)
  File "/Users/ajay/exalted/signalos/desk/order_sentinel.py", line 340, in <module>
    sys.exit(run(dry="--dry" in sys.argv))
  File "/Users/ajay/exalted/signalos/desk/order_sentinel.py", line 100, in run
    hits = [o for o in orders if _match(o, spec)]
  File "/Users/ajay/exalted/signalos/desk/order_sentinel.py", line 100, in <listcomp>
    hits = [o for o in orders if _match(o, spec)]
  File "/Users/ajay/exalted/signalos/desk/order_sentinel.py", line 69, in _match
    order.get("localSymbol", order.get("symbol")) == spec["symbol"]
KeyError: 'symbol'
Traceback (most recent call last):
  File "/Library/Developer/CommandLineTools/Library/Frameworks/Python3.framework/Versions/3.9/lib/python3.9/runpy.py", line 197, in _run_module_as_main
    return _run_code(code, main_globals, None,
  File "/Library/Developer/CommandLineTools/Library/Frameworks/Python3.framework/Versions/3.9/lib/python3.9/runpy.py", line 87, in _run_code
    exec(code, run_globals)
  File "/Users/ajay/exalted/signalos/desk/order_sentinel.py", line 340, in <module>
    sys.exit(run(dry="--dry" in sys.argv))
  File "/Users/ajay/exalted/signalos/desk/order_sentinel.py", line 100, in run
    hits = [o for o in orders if _match(o, spec)]
  File "/Users/ajay/exalted/signalos/desk/order_sentinel.py", line 100, in <listcomp>
    hits = [o for o in orders if _match(o, spec)]
  File "/Users/ajay/exalted/signalos/desk/order_sentinel.py", line 69, in _match
    order.get("localSymbol", order.get("symbol")) == spec["symbol"]
KeyError: 'symbol'
Traceback (most recent call last):
  File "/Library/Developer/CommandLineTools/Library/Frameworks/Python3.framework/Versions/3.9/lib/python3.9/runpy.py", line 197, in _run_module_as_main
    return _run_code(code, main_globals, None,
  File "/Library/Developer/CommandLineTools/Library/Frameworks/Python3.framework/Versions/3.9/lib/python3.9/runpy.py", line 87, in _run_code
    exec(code, run_globals)
  File "/Users/ajay/exalted/signalos/desk/order_sentinel.py", line 340, in <module>
    sys.exit(run(dry="--dry" in sys.argv))
  File "/Users/ajay/exalted/signalos/desk/order_sentinel.py", line 100, in run
    hits = [o for o in orders if _match(o, spec)]
  File "/Users/ajay/exalted/signalos/desk/order_sentinel.py", line 100, in <listcomp>
    hits = [o for o in orders if _match(o, spec)]
  File "/Users/ajay/exalted/signalos/desk/order_sentinel.py", line 69, in _match
    order.get("localSymbol", order.get("symbol")) == spec["symbol"]
KeyError: 'symbol'
positions request timed out
open orders request timed out
completed orders request timed out
account updates for ACCOUNT_ALPHA request timed out
account updates for ACCOUNT_BETA request timed out
[CRITICAL] GATEWAY WEDGED: 17 consecutive connect failures (Failed to connect to IB Gateway on 127.0.0.1:4001 (ClientId=93): ). Orders, cancels and tonight's envelopes are all blind until it is restarted. This is the 08-24 failure mode.
positions request timed out
open orders request timed out
completed orders request timed out
account updates for ACCOUNT_ALPHA request timed out
account updates for ACCOUNT_BETA request timed out
[CRITICAL] GATEWAY WEDGED: 18 consecutive connect failures (Failed to connect to IB Gateway on 127.0.0.1:4001 (ClientId=93): ). Orders, cancels and tonight's envelopes are all blind until it is restarted. This is the 08-24 failure mode.
positions request timed out
open orders request timed out
completed orders request timed out
account updates for ACCOUNT_ALPHA request timed out
account updates for ACCOUNT_BETA request timed out
Error 1100, reqId -1: Connectivity between IBKR and Trader Workstation has been lost.
[CRITICAL] GATEWAY WEDGED: 19 consecutive connect failures (Failed to connect to IB Gateway on 127.0.0.1:4001 (ClientId=93): ). Orders, cancels and tonight's envelopes are all blind until it is restarted. This is the 08-24 failure mode.
positions request timed out
open orders request timed out
completed orders request timed out
account updates for ACCOUNT_ALPHA request timed out
account updates for ACCOUNT_BETA request timed out
Error 1100, reqId -1: Connectivity between IBKR and Trader Workstation has been lost.
[CRITICAL] GATEWAY WEDGED: 20 consecutive connect failures (Failed to connect to IB Gateway on 127.0.0.1:4001 (ClientId=93): ). Orders, cancels and tonight's envelopes are all blind until it is restarted. This is the 08-24 failure mode.
API connection failed: ConnectionRefusedError(61, "Connect call failed ('127.0.0.1', 4001)")
Make sure API port on TWS/IBG is open
[CRITICAL] GATEWAY WEDGED: 21 consecutive connect failures (Failed to connect to IB Gateway on 127.0.0.1:4001 (ClientId=93): [Errno 61] Connect call failed ('127.0.0.1', 4001)). Orders, cancels and tonight's envelopes are all blind until it is restarted. This is the 08-24 failure mode.
API connection failed: ConnectionRefusedError(61, "Connect call failed ('127.0.0.1', 4001)")
Make sure API port on TWS/IBG is open
[CRITICAL] GATEWAY WEDGED: 22 consecutive connect failures (Failed to connect to IB Gateway on 127.0.0.1:4001 (ClientId=93): [Errno 61] Connect call failed ('127.0.0.1', 4001)). Orders, cancels and tonight's envelopes are all blind until it is restarted. This is the 08-24 failure mode.
API connection failed: ConnectionRefusedError(61, "Connect call failed ('127.0.0.1', 4001)")
Make sure API port on TWS/IBG is open
[CRITICAL] GATEWAY WEDGED: 23 consecutive connect failures (Failed to connect to IB Gateway on 127.0.0.1:4001 (ClientId=93): [Errno 61] Connect call failed ('127.0.0.1', 4001)). Orders, cancels and tonight's envelopes are all blind until it is restarted. This is the 08-24 failure mode.
Traceback (most recent call last):
  File "/Library/Developer/CommandLineTools/Library/Frameworks/Python3.framework/Versions/3.9/lib/python3.9/runpy.py", line 197, in _run_module_as_main
    return _run_code(code, main_globals, None,
  File "/Library/Developer/CommandLineTools/Library/Frameworks/Python3.framework/Versions/3.9/lib/python3.9/runpy.py", line 87, in _run_code
    exec(code, run_globals)
  File "/Users/ajay/exalted/signalos/desk/order_sentinel.py", line 340, in <module>
    sys.exit(run(dry="--dry" in sys.argv))
  File "/Users/ajay/exalted/signalos/desk/order_sentinel.py", line 100, in run
    hits = [o for o in orders if _match(o, spec)]
  File "/Users/ajay/exalted/signalos/desk/order_sentinel.py", line 100, in <listcomp>
    hits = [o for o in orders if _match(o, spec)]
  File "/Users/ajay/exalted/signalos/desk/order_sentinel.py", line 69, in _match
    order.get("localSymbol", order.get("symbol")) == spec["symbol"]
KeyError: 'symbol'
Traceback (most recent call last):
  File "/Library/Developer/CommandLineTools/Library/Frameworks/Python3.framework/Versions/3.9/lib/python3.9/runpy.py", line 197, in _run_module_as_main
    return _run_code(code, main_globals, None,
  File "/Library/Developer/CommandLineTools/Library/Frameworks/Python3.framework/Versions/3.9/lib/python3.9/runpy.py", line 87, in _run_code
    exec(code, run_globals)
  File "/Users/ajay/exalted/signalos/desk/order_sentinel.py", line 340, in <module>
    sys.exit(run(dry="--dry" in sys.argv))
  File "/Users/ajay/exalted/signalos/desk/order_sentinel.py", line 100, in run
    hits = [o for o in orders if _match(o, spec)]
  File "/Users/ajay/exalted/signalos/desk/order_sentinel.py", line 100, in <listcomp>
    hits = [o for o in orders if _match(o, spec)]
  File "/Users/ajay/exalted/signalos/desk/order_sentinel.py", line 69, in _match
    order.get("localSymbol", order.get("symbol")) == spec["symbol"]
KeyError: 'symbol'
Traceback (most recent call last):
  File "/Library/Developer/CommandLineTools/Library/Frameworks/Python3.framework/Versions/3.9/lib/python3.9/runpy.py", line 197, in _run_module_as_main
    return _run_code(code, main_globals, None,
  File "/Library/Developer/CommandLineTools/Library/Frameworks/Python3.framework/Versions/3.9/lib/python3.9/runpy.py", line 87, in _run_code
    exec(code, run_globals)
  File "/Users/ajay/exalted/signalos/desk/order_sentinel.py", line 340, in <module>
    sys.exit(run(dry="--dry" in sys.argv))
  File "/Users/ajay/exalted/signalos/desk/order_sentinel.py", line 100, in run
    hits = [o for o in orders if _match(o, spec)]
  File "/Users/ajay/exalted/signalos/desk/order_sentinel.py", line 100, in <listcomp>
    hits = [o for o in orders if _match(o, spec)]
  File "/Users/ajay/exalted/signalos/desk/order_sentinel.py", line 69, in _match
    order.get("localSymbol", order.get("symbol")) == spec["symbol"]
KeyError: 'symbol'
Traceback (most recent call last):
  File "/Library/Developer/CommandLineTools/Library/Frameworks/Python3.framework/Versions/3.9/lib/python3.9/runpy.py", line 197, in _run_module_as_main
    return _run_code(code, main_globals, None,
  File "/Library/Developer/CommandLineTools/Library/Frameworks/Python3.framework/Versions/3.9/lib/python3.9/runpy.py", line 87, in _run_code
    exec(code, run_globals)
  File "/Users/ajay/exalted/signalos/desk/order_sentinel.py", line 340, in <module>
    sys.exit(run(dry="--dry" in sys.argv))
  File "/Users/ajay/exalted/signalos/desk/order_sentinel.py", line 100, in run
    hits = [o for o in orders if _match(o, spec)]
  File "/Users/ajay/exalted/signalos/desk/order_sentinel.py", line 100, in <listcomp>
    hits = [o for o in orders if _match(o, spec)]
  File "/Users/ajay/exalted/signalos/desk/order_sentinel.py", line 69, in _match
    order.get("localSymbol", order.get("symbol")) == spec["symbol"]
KeyError: 'symbol'
Traceback (most recent call last):
  File "/Library/Developer/CommandLineTools/Library/Frameworks/Python3.framework/Versions/3.9/lib/python3.9/runpy.py", line 197, in _run_module_as_main
    return _run_code(code, main_globals, None,
  File "/Library/Developer/CommandLineTools/Library/Frameworks/Python3.framework/Versions/3.9/lib/python3.9/runpy.py", line 87, in _run_code
    exec(code, run_globals)
  File "/Users/ajay/exalted/signalos/desk/order_sentinel.py", line 340, in <module>
    sys.exit(run(dry="--dry" in sys.argv))
  File "/Users/ajay/exalted/signalos/desk/order_sentinel.py", line 100, in run
    hits = [o for o in orders if _match(o, spec)]
  File "/Users/ajay/exalted/signalos/desk/order_sentinel.py", line 100, in <listcomp>
    hits = [o for o in orders if _match(o, spec)]
  File "/Users/ajay/exalted/signalos/desk/order_sentinel.py", line 69, in _match
    order.get("localSymbol", order.get("symbol")) == spec["symbol"]
KeyError: 'symbol'
Traceback (most recent call last):
  File "/Library/Developer/CommandLineTools/Library/Frameworks/Python3.framework/Versions/3.9/lib/python3.9/runpy.py", line 197, in _run_module_as_main
    return _run_code(code, main_globals, None,
  File "/Library/Developer/CommandLineTools/Library/Frameworks/Python3.framework/Versions/3.9/lib/python3.9/runpy.py", line 87, in _run_code
    exec(code, run_globals)
  File "/Users/ajay/exalted/signalos/desk/order_sentinel.py", line 340, in <module>
    sys.exit(run(dry="--dry" in sys.argv))
  File "/Users/ajay/exalted/signalos/desk/order_sentinel.py", line 100, in run
    hits = [o for o in orders if _match(o, spec)]
  File "/Users/ajay/exalted/signalos/desk/order_sentinel.py", line 100, in <listcomp>
    hits = [o for o in orders if _match(o, spec)]
  File "/Users/ajay/exalted/signalos/desk/order_sentinel.py", line 69, in _match
    order.get("localSymbol", order.get("symbol")) == spec["symbol"]
KeyError: 'symbol'
Traceback (most recent call last):
  File "/Library/Developer/CommandLineTools/Library/Frameworks/Python3.framework/Versions/3.9/lib/python3.9/runpy.py", line 197, in _run_module_as_main
    return _run_code(code, main_globals, None,
  File "/Library/Developer/CommandLineTools/Library/Frameworks/Python3.framework/Versions/3.9/lib/python3.9/runpy.py", line 87, in _run_code
    exec(code, run_globals)
  File "/Users/ajay/exalted/signalos/desk/order_sentinel.py", line 340, in <module>
    sys.exit(run(dry="--dry" in sys.argv))
  File "/Users/ajay/exalted/signalos/desk/order_sentinel.py", line 100, in run
    hits = [o for o in orders if _match(o, spec)]
  File "/Users/ajay/exalted/signalos/desk/order_sentinel.py", line 100, in <listcomp>
    hits = [o for o in orders if _match(o, spec)]
  File "/Users/ajay/exalted/signalos/desk/order_sentinel.py", line 69, in _match
    order.get("localSymbol", order.get("symbol")) == spec["symbol"]
KeyError: 'symbol'
Traceback (most recent call last):
  File "/Library/Developer/CommandLineTools/Library/Frameworks/Python3.framework/Versions/3.9/lib/python3.9/runpy.py", line 197, in _run_module_as_main
    return _run_code(code, main_globals, None,
  File "/Library/Developer/CommandLineTools/Library/Frameworks/Python3.framework/Versions/3.9/lib/python3.9/runpy.py", line 87, in _run_code
    exec(code, run_globals)
  File "/Users/ajay/exalted/signalos/desk/order_sentinel.py", line 340, in <module>
    sys.exit(run(dry="--dry" in sys.argv))
  File "/Users/ajay/exalted/signalos/desk/order_sentinel.py", line 100, in run
    hits = [o for o in orders if _match(o, spec)]
  File "/Users/ajay/exalted/signalos/desk/order_sentinel.py", line 100, in <listcomp>
    hits = [o for o in orders if _match(o, spec)]
  File "/Users/ajay/exalted/signalos/desk/order_sentinel.py", line 69, in _match
    order.get("localSymbol", order.get("symbol")) == spec["symbol"]
KeyError: 'symbol'
Traceback (most recent call last):
  File "/Library/Developer/CommandLineTools/Library/Frameworks/Python3.framework/Versions/3.9/lib/python3.9/runpy.py", line 197, in _run_module_as_main
    return _run_code(code, main_globals, None,
  File "/Library/Developer/CommandLineTools/Library/Frameworks/Python3.framework/Versions/3.9/lib/python3.9/runpy.py", line 87, in _run_code
    exec(code, run_globals)
  File "/Users/ajay/exalted/signalos/desk/order_sentinel.py", line 340, in <module>
    sys.exit(run(dry="--dry" in sys.argv))
  File "/Users/ajay/exalted/signalos/desk/order_sentinel.py", line 100, in run
    hits = [o for o in orders if _match(o, spec)]
  File "/Users/ajay/exalted/signalos/desk/order_sentinel.py", line 100, in <listcomp>
    hits = [o for o in orders if _match(o, spec)]
  File "/Users/ajay/exalted/signalos/desk/order_sentinel.py", line 69, in _match
    order.get("localSymbol", order.get("symbol")) == spec["symbol"]
KeyError: 'symbol'
Traceback (most recent call last):
  File "/Library/Developer/CommandLineTools/Library/Frameworks/Python3.framework/Versions/3.9/lib/python3.9/runpy.py", line 197, in _run_module_as_main
    return _run_code(code, main_globals, None,
  File "/Library/Developer/CommandLineTools/Library/Frameworks/Python3.framework/Versions/3.9/lib/python3.9/runpy.py", line 87, in _run_code
    exec(code, run_globals)
  File "/Users/ajay/exalted/signalos/desk/order_sentinel.py", line 340, in <module>
    sys.exit(run(dry="--dry" in sys.argv))
  File "/Users/ajay/exalted/signalos/desk/order_sentinel.py", line 100, in run
    hits = [o for o in orders if _match(o, spec)]
  File "/Users/ajay/exalted/signalos/desk/order_sentinel.py", line 100, in <listcomp>
    hits = [o for o in orders if _match(o, spec)]
  File "/Users/ajay/exalted/signalos/desk/order_sentinel.py", line 69, in _match
    order.get("localSymbol", order.get("symbol")) == spec["symbol"]
KeyError: 'symbol'
Traceback (most recent call last):
  File "/Library/Developer/CommandLineTools/Library/Frameworks/Python3.framework/Versions/3.9/lib/python3.9/runpy.py", line 197, in _run_module_as_main
    return _run_code(code, main_globals, None,
  File "/Library/Developer/CommandLineTools/Library/Frameworks/Python3.framework/Versions/3.9/lib/python3.9/runpy.py", line 87, in _run_code
    exec(code, run_globals)
  File "/Users/ajay/exalted/signalos/desk/order_sentinel.py", line 340, in <module>
    sys.exit(run(dry="--dry" in sys.argv))
  File "/Users/ajay/exalted/signalos/desk/order_sentinel.py", line 100, in run
    hits = [o for o in orders if _match(o, spec)]
  File "/Users/ajay/exalted/signalos/desk/order_sentinel.py", line 100, in <listcomp>
    hits = [o for o in orders if _match(o, spec)]
  File "/Users/ajay/exalted/signalos/desk/order_sentinel.py", line 69, in _match
    order.get("localSymbol", order.get("symbol")) == spec["symbol"]
KeyError: 'symbol'
Traceback (most recent call last):
  File "/Library/Developer/CommandLineTools/Library/Frameworks/Python3.framework/Versions/3.9/lib/python3.9/runpy.py", line 197, in _run_module_as_main
    return _run_code(code, main_globals, None,
  File "/Library/Developer/CommandLineTools/Library/Frameworks/Python3.framework/Versions/3.9/lib/python3.9/runpy.py", line 87, in _run_code
    exec(code, run_globals)
  File "/Users/ajay/exalted/signalos/desk/order_sentinel.py", line 340, in <module>
    sys.exit(run(dry="--dry" in sys.argv))
  File "/Users/ajay/exalted/signalos/desk/order_sentinel.py", line 100, in run
    hits = [o for o in orders if _match(o, spec)]
  File "/Users/ajay/exalted/signalos/desk/order_sentinel.py", line 100, in <listcomp>
    hits = [o for o in orders if _match(o, spec)]
  File "/Users/ajay/exalted/signalos/desk/order_sentinel.py", line 69, in _match
    order.get("localSymbol", order.get("symbol")) == spec["symbol"]
KeyError: 'symbol'
Traceback (most recent call last):
  File "/Library/Developer/CommandLineTools/Library/Frameworks/Python3.framework/Versions/3.9/lib/python3.9/runpy.py", line 197, in _run_module_as_main
    return _run_code(code, main_globals, None,
  File "/Library/Developer/CommandLineTools/Library/Frameworks/Python3.framework/Versions/3.9/lib/python3.9/runpy.py", line 87, in _run_code
    exec(code, run_globals)
  File "/Users/ajay/exalted/signalos/desk/order_sentinel.py", line 340, in <module>
    sys.exit(run(dry="--dry" in sys.argv))
  File "/Users/ajay/exalted/signalos/desk/order_sentinel.py", line 100, in run
    hits = [o for o in orders if _match(o, spec)]
  File "/Users/ajay/exalted/signalos/desk/order_sentinel.py", line 100, in <listcomp>
    hits = [o for o in orders if _match(o, spec)]
  File "/Users/ajay/exalted/signalos/desk/order_sentinel.py", line 69, in _match
    order.get("localSymbol", order.get("symbol")) == spec["symbol"]
KeyError: 'symbol'
Traceback (most recent call last):
  File "/Library/Developer/CommandLineTools/Library/Frameworks/Python3.framework/Versions/3.9/lib/python3.9/runpy.py", line 197, in _run_module_as_main
    return _run_code(code, main_globals, None,
  File "/Library/Developer/CommandLineTools/Library/Frameworks/Python3.framework/Versions/3.9/lib/python3.9/runpy.py", line 87, in _run_code
    exec(code, run_globals)
  File "/Users/ajay/exalted/signalos/desk/order_sentinel.py", line 340, in <module>
    sys.exit(run(dry="--dry" in sys.argv))
  File "/Users/ajay/exalted/signalos/desk/order_sentinel.py", line 100, in run
    hits = [o for o in orders if _match(o, spec)]
  File "/Users/ajay/exalted/signalos/desk/order_sentinel.py", line 100, in <listcomp>
    hits = [o for o in orders if _match(o, spec)]
  File "/Users/ajay/exalted/signalos/desk/order_sentinel.py", line 69, in _match
    order.get("localSymbol", order.get("symbol")) == spec["symbol"]
KeyError: 'symbol'
Traceback (most recent call last):
  File "/Library/Developer/CommandLineTools/Library/Frameworks/Python3.framework/Versions/3.9/lib/python3.9/runpy.py", line 197, in _run_module_as_main
    return _run_code(code, main_globals, None,
  File "/Library/Developer/CommandLineTools/Library/Frameworks/Python3.framework/Versions/3.9/lib/python3.9/runpy.py", line 87, in _run_code
    exec(code, run_globals)
  File "/Users/ajay/exalted/signalos/desk/order_sentinel.py", line 340, in <module>
    sys.exit(run(dry="--dry" in sys.argv))
  File "/Users/ajay/exalted/signalos/desk/order_sentinel.py", line 100, in run
    hits = [o for o in orders if _match(o, spec)]
  File "/Users/ajay/exalted/signalos/desk/order_sentinel.py", line 100, in <listcomp>
    hits = [o for o in orders if _match(o, spec)]
  File "/Users/ajay/exalted/signalos/desk/order_sentinel.py", line 69, in _match
    order.get("localSymbol", order.get("symbol")) == spec["symbol"]
KeyError: 'symbol'
account updates for ACCOUNT_ALPHA request timed out
account updates for ACCOUNT_BETA request timed out
Traceback (most recent call last):
  File "/Library/Developer/CommandLineTools/Library/Frameworks/Python3.framework/Versions/3.9/lib/python3.9/runpy.py", line 197, in _run_module_as_main
    return _run_code(code, main_globals, None,
  File "/Library/Developer/CommandLineTools/Library/Frameworks/Python3.framework/Versions/3.9/lib/python3.9/runpy.py", line 87, in _run_code
    exec(code, run_globals)
  File "/Users/ajay/exalted/signalos/desk/order_sentinel.py", line 340, in <module>
    sys.exit(run(dry="--dry" in sys.argv))
  File "/Users/ajay/exalted/signalos/desk/order_sentinel.py", line 100, in run
    hits = [o for o in orders if _match(o, spec)]
  File "/Users/ajay/exalted/signalos/desk/order_sentinel.py", line 100, in <listcomp>
    hits = [o for o in orders if _match(o, spec)]
  File "/Users/ajay/exalted/signalos/desk/order_sentinel.py", line 69, in _match
    order.get("localSymbol", order.get("symbol")) == spec["symbol"]
KeyError: 'symbol'
Traceback (most recent call last):
  File "/Library/Developer/CommandLineTools/Library/Frameworks/Python3.framework/Versions/3.9/lib/python3.9/runpy.py", line 197, in _run_module_as_main
    return _run_code(code, main_globals, None,
  File "/Library/Developer/CommandLineTools/Library/Frameworks/Python3.framework/Versions/3.9/lib/python3.9/runpy.py", line 87, in _run_code
    exec(code, run_globals)
  File "/Users/ajay/exalted/signalos/desk/order_sentinel.py", line 340, in <module>
    sys.exit(run(dry="--dry" in sys.argv))
  File "/Users/ajay/exalted/signalos/desk/order_sentinel.py", line 100, in run
    hits = [o for o in orders if _match(o, spec)]
  File "/Users/ajay/exalted/signalos/desk/order_sentinel.py", line 100, in <listcomp>
    hits = [o for o in orders if _match(o, spec)]
  File "/Users/ajay/exalted/signalos/desk/order_sentinel.py", line 69, in _match
    order.get("localSymbol", order.get("symbol")) == spec["symbol"]
KeyError: 'symbol'
Traceback (most recent call last):
  File "/Library/Developer/CommandLineTools/Library/Frameworks/Python3.framework/Versions/3.9/lib/python3.9/runpy.py", line 197, in _run_module_as_main
    return _run_code(code, main_globals, None,
  File "/Library/Developer/CommandLineTools/Library/Frameworks/Python3.framework/Versions/3.9/lib/python3.9/runpy.py", line 87, in _run_code
    exec(code, run_globals)
  File "/Users/ajay/exalted/signalos/desk/order_sentinel.py", line 340, in <module>
    sys.exit(run(dry="--dry" in sys.argv))
  File "/Users/ajay/exalted/signalos/desk/order_sentinel.py", line 100, in run
    hits = [o for o in orders if _match(o, spec)]
  File "/Users/ajay/exalted/signalos/desk/order_sentinel.py", line 100, in <listcomp>
    hits = [o for o in orders if _match(o, spec)]
  File "/Users/ajay/exalted/signalos/desk/order_sentinel.py", line 69, in _match
    order.get("localSymbol", order.get("symbol")) == spec["symbol"]
KeyError: 'symbol'
Traceback (most recent call last):
  File "/Library/Developer/CommandLineTools/Library/Frameworks/Python3.framework/Versions/3.9/lib/python3.9/runpy.py", line 197, in _run_module_as_main
    return _run_code(code, main_globals, None,
  File "/Library/Developer/CommandLineTools/Library/Frameworks/Python3.framework/Versions/3.9/lib/python3.9/runpy.py", line 87, in _run_code
    exec(code, run_globals)
  File "/Users/ajay/exalted/signalos/desk/order_sentinel.py", line 340, in <module>
    sys.exit(run(dry="--dry" in sys.argv))
  File "/Users/ajay/exalted/signalos/desk/order_sentinel.py", line 100, in run
    hits = [o for o in orders if _match(o, spec)]
  File "/Users/ajay/exalted/signalos/desk/order_sentinel.py", line 100, in <listcomp>
    hits = [o for o in orders if _match(o, spec)]
  File "/Users/ajay/exalted/signalos/desk/order_sentinel.py", line 69, in _match
    order.get("localSymbol", order.get("symbol")) == spec["symbol"]
KeyError: 'symbol'
Traceback (most recent call last):
  File "/Library/Developer/CommandLineTools/Library/Frameworks/Python3.framework/Versions/3.9/lib/python3.9/runpy.py", line 197, in _run_module_as_main
    return _run_code(code, main_globals, None,
  File "/Library/Developer/CommandLineTools/Library/Frameworks/Python3.framework/Versions/3.9/lib/python3.9/runpy.py", line 87, in _run_code
    exec(code, run_globals)
  File "/Users/ajay/exalted/signalos/desk/order_sentinel.py", line 340, in <module>
    sys.exit(run(dry="--dry" in sys.argv))
  File "/Users/ajay/exalted/signalos/desk/order_sentinel.py", line 100, in run
    hits = [o for o in orders if _match(o, spec)]
  File "/Users/ajay/exalted/signalos/desk/order_sentinel.py", line 100, in <listcomp>
    hits = [o for o in orders if _match(o, spec)]
  File "/Users/ajay/exalted/signalos/desk/order_sentinel.py", line 69, in _match
    order.get("localSymbol", order.get("symbol")) == spec["symbol"]
KeyError: 'symbol'
Traceback (most recent call last):
  File "/Library/Developer/CommandLineTools/Library/Frameworks/Python3.framework/Versions/3.9/lib/python3.9/runpy.py", line 197, in _run_module_as_main
    return _run_code(code, main_globals, None,
  File "/Library/Developer/CommandLineTools/Library/Frameworks/Python3.framework/Versions/3.9/lib/python3.9/runpy.py", line 87, in _run_code
    exec(code, run_globals)
  File "/Users/ajay/exalted/signalos/desk/order_sentinel.py", line 340, in <module>
    sys.exit(run(dry="--dry" in sys.argv))
  File "/Users/ajay/exalted/signalos/desk/order_sentinel.py", line 100, in run
    hits = [o for o in orders if _match(o, spec)]
  File "/Users/ajay/exalted/signalos/desk/order_sentinel.py", line 100, in <listcomp>
    hits = [o for o in orders if _match(o, spec)]
  File "/Users/ajay/exalted/signalos/desk/order_sentinel.py", line 69, in _match
    order.get("localSymbol", order.get("symbol")) == spec["symbol"]
KeyError: 'symbol'
Traceback (most recent call last):
  File "/Library/Developer/CommandLineTools/Library/Frameworks/Python3.framework/Versions/3.9/lib/python3.9/runpy.py", line 197, in _run_module_as_main
    return _run_code(code, main_globals, None,
  File "/Library/Developer/CommandLineTools/Library/Frameworks/Python3.framework/Versions/3.9/lib/python3.9/runpy.py", line 87, in _run_code
    exec(code, run_globals)
  File "/Users/ajay/exalted/signalos/desk/order_sentinel.py", line 340, in <module>
    sys.exit(run(dry="--dry" in sys.argv))
  File "/Users/ajay/exalted/signalos/desk/order_sentinel.py", line 100, in run
    hits = [o for o in orders if _match(o, spec)]
  File "/Users/ajay/exalted/signalos/desk/order_sentinel.py", line 100, in <listcomp>
    hits = [o for o in orders if _match(o, spec)]
  File "/Users/ajay/exalted/signalos/desk/order_sentinel.py", line 69, in _match
    order.get("localSymbol", order.get("symbol")) == spec["symbol"]
KeyError: 'symbol'
Traceback (most recent call last):
  File "/Library/Developer/CommandLineTools/Library/Frameworks/Python3.framework/Versions/3.9/lib/python3.9/runpy.py", line 197, in _run_module_as_main
    return _run_code(code, main_globals, None,
  File "/Library/Developer/CommandLineTools/Library/Frameworks/Python3.framework/Versions/3.9/lib/python3.9/runpy.py", line 87, in _run_code
    exec(code, run_globals)
  File "/Users/ajay/exalted/signalos/desk/order_sentinel.py", line 340, in <module>
    sys.exit(run(dry="--dry" in sys.argv))
  File "/Users/ajay/exalted/signalos/desk/order_sentinel.py", line 100, in run
    hits = [o for o in orders if _match(o, spec)]
  File "/Users/ajay/exalted/signalos/desk/order_sentinel.py", line 100, in <listcomp>
    hits = [o for o in orders if _match(o, spec)]
  File "/Users/ajay/exalted/signalos/desk/order_sentinel.py", line 69, in _match
    order.get("localSymbol", order.get("symbol")) == spec["symbol"]
KeyError: 'symbol'
Traceback (most recent call last):
  File "/Library/Developer/CommandLineTools/Library/Frameworks/Python3.framework/Versions/3.9/lib/python3.9/runpy.py", line 197, in _run_module_as_main
    return _run_code(code, main_globals, None,
  File "/Library/Developer/CommandLineTools/Library/Frameworks/Python3.framework/Versions/3.9/lib/python3.9/runpy.py", line 87, in _run_code
    exec(code, run_globals)
  File "/Users/ajay/exalted/signalos/desk/order_sentinel.py", line 340, in <module>
    sys.exit(run(dry="--dry" in sys.argv))
  File "/Users/ajay/exalted/signalos/desk/order_sentinel.py", line 100, in run
    hits = [o for o in orders if _match(o, spec)]
  File "/Users/ajay/exalted/signalos/desk/order_sentinel.py", line 100, in <listcomp>
    hits = [o for o in orders if _match(o, spec)]
  File "/Users/ajay/exalted/signalos/desk/order_sentinel.py", line 69, in _match
    order.get("localSymbol", order.get("symbol")) == spec["symbol"]
KeyError: 'symbol'
Traceback (most recent call last):
  File "/Library/Developer/CommandLineTools/Library/Frameworks/Python3.framework/Versions/3.9/lib/python3.9/runpy.py", line 197, in _run_module_as_main
    return _run_code(code, main_globals, None,
  File "/Library/Developer/CommandLineTools/Library/Frameworks/Python3.framework/Versions/3.9/lib/python3.9/runpy.py", line 87, in _run_code
    exec(code, run_globals)
  File "/Users/ajay/exalted/signalos/desk/order_sentinel.py", line 340, in <module>
    sys.exit(run(dry="--dry" in sys.argv))
  File "/Users/ajay/exalted/signalos/desk/order_sentinel.py", line 100, in run
    hits = [o for o in orders if _match(o, spec)]
  File "/Users/ajay/exalted/signalos/desk/order_sentinel.py", line 100, in <listcomp>
    hits = [o for o in orders if _match(o, spec)]
  File "/Users/ajay/exalted/signalos/desk/order_sentinel.py", line 69, in _match
    order.get("localSymbol", order.get("symbol")) == spec["symbol"]
KeyError: 'symbol'
Traceback (most recent call last):
  File "/Library/Developer/CommandLineTools/Library/Frameworks/Python3.framework/Versions/3.9/lib/python3.9/runpy.py", line 197, in _run_module_as_main
    return _run_code(code, main_globals, None,
  File "/Library/Developer/CommandLineTools/Library/Frameworks/Python3.framework/Versions/3.9/lib/python3.9/runpy.py", line 87, in _run_code
    exec(code, run_globals)
  File "/Users/ajay/exalted/signalos/desk/order_sentinel.py", line 340, in <module>
    sys.exit(run(dry="--dry" in sys.argv))
  File "/Users/ajay/exalted/signalos/desk/order_sentinel.py", line 100, in run
    hits = [o for o in orders if _match(o, spec)]
  File "/Users/ajay/exalted/signalos/desk/order_sentinel.py", line 100, in <listcomp>
    hits = [o for o in orders if _match(o, spec)]
  File "/Users/ajay/exalted/signalos/desk/order_sentinel.py", line 69, in _match
    order.get("localSymbol", order.get("symbol")) == spec["symbol"]
KeyError: 'symbol'
Traceback (most recent call last):
  File "/Library/Developer/CommandLineTools/Library/Frameworks/Python3.framework/Versions/3.9/lib/python3.9/runpy.py", line 197, in _run_module_as_main
    return _run_code(code, main_globals, None,
  File "/Library/Developer/CommandLineTools/Library/Frameworks/Python3.framework/Versions/3.9/lib/python3.9/runpy.py", line 87, in _run_code
    exec(code, run_globals)
  File "/Users/ajay/exalted/signalos/desk/order_sentinel.py", line 340, in <module>
    sys.exit(run(dry="--dry" in sys.argv))
  File "/Users/ajay/exalted/signalos/desk/order_sentinel.py", line 100, in run
    hits = [o for o in orders if _match(o, spec)]
  File "/Users/ajay/exalted/signalos/desk/order_sentinel.py", line 100, in <listcomp>
    hits = [o for o in orders if _match(o, spec)]
  File "/Users/ajay/exalted/signalos/desk/order_sentinel.py", line 69, in _match
    order.get("localSymbol", order.get("symbol")) == spec["symbol"]
KeyError: 'symbol'
Traceback (most recent call last):
  File "/Library/Developer/CommandLineTools/Library/Frameworks/Python3.framework/Versions/3.9/lib/python3.9/runpy.py", line 197, in _run_module_as_main
    return _run_code(code, main_globals, None,
  File "/Library/Developer/CommandLineTools/Library/Frameworks/Python3.framework/Versions/3.9/lib/python3.9/runpy.py", line 87, in _run_code
    exec(code, run_globals)
  File "/Users/ajay/exalted/signalos/desk/order_sentinel.py", line 340, in <module>
    sys.exit(run(dry="--dry" in sys.argv))
  File "/Users/ajay/exalted/signalos/desk/order_sentinel.py", line 100, in run
    hits = [o for o in orders if _match(o, spec)]
  File "/Users/ajay/exalted/signalos/desk/order_sentinel.py", line 100, in <listcomp>
    hits = [o for o in orders if _match(o, spec)]
  File "/Users/ajay/exalted/signalos/desk/order_sentinel.py", line 69, in _match
    order.get("localSymbol", order.get("symbol")) == spec["symbol"]
KeyError: 'symbol'
Traceback (most recent call last):
  File "/Library/Developer/CommandLineTools/Library/Frameworks/Python3.framework/Versions/3.9/lib/python3.9/runpy.py", line 197, in _run_module_as_main
    return _run_code(code, main_globals, None,
  File "/Library/Developer/CommandLineTools/Library/Frameworks/Python3.framework/Versions/3.9/lib/python3.9/runpy.py", line 87, in _run_code
    exec(code, run_globals)
  File "/Users/ajay/exalted/signalos/desk/order_sentinel.py", line 340, in <module>
    sys.exit(run(dry="--dry" in sys.argv))
  File "/Users/ajay/exalted/signalos/desk/order_sentinel.py", line 100, in run
    hits = [o for o in orders if _match(o, spec)]
  File "/Users/ajay/exalted/signalos/desk/order_sentinel.py", line 100, in <listcomp>
    hits = [o for o in orders if _match(o, spec)]
  File "/Users/ajay/exalted/signalos/desk/order_sentinel.py", line 69, in _match
    order.get("localSymbol", order.get("symbol")) == spec["symbol"]
KeyError: 'symbol'
Traceback (most recent call last):
  File "/Library/Developer/CommandLineTools/Library/Frameworks/Python3.framework/Versions/3.9/lib/python3.9/runpy.py", line 197, in _run_module_as_main
    return _run_code(code, main_globals, None,
  File "/Library/Developer/CommandLineTools/Library/Frameworks/Python3.framework/Versions/3.9/lib/python3.9/runpy.py", line 87, in _run_code
    exec(code, run_globals)
  File "/Users/ajay/exalted/signalos/desk/order_sentinel.py", line 340, in <module>
    sys.exit(run(dry="--dry" in sys.argv))
  File "/Users/ajay/exalted/signalos/desk/order_sentinel.py", line 100, in run
    hits = [o for o in orders if _match(o, spec)]
  File "/Users/ajay/exalted/signalos/desk/order_sentinel.py", line 100, in <listcomp>
    hits = [o for o in orders if _match(o, spec)]
  File "/Users/ajay/exalted/signalos/desk/order_sentinel.py", line 69, in _match
    order.get("localSymbol", order.get("symbol")) == spec["symbol"]
KeyError: 'symbol'
Traceback (most recent call last):
  File "/Library/Developer/CommandLineTools/Library/Frameworks/Python3.framework/Versions/3.9/lib/python3.9/runpy.py", line 197, in _run_module_as_main
    return _run_code(code, main_globals, None,
  File "/Library/Developer/CommandLineTools/Library/Frameworks/Python3.framework/Versions/3.9/lib/python3.9/runpy.py", line 87, in _run_code
    exec(code, run_globals)
  File "/Users/ajay/exalted/signalos/desk/order_sentinel.py", line 340, in <module>
    sys.exit(run(dry="--dry" in sys.argv))
  File "/Users/ajay/exalted/signalos/desk/order_sentinel.py", line 100, in run
    hits = [o for o in orders if _match(o, spec)]
  File "/Users/ajay/exalted/signalos/desk/order_sentinel.py", line 100, in <listcomp>
    hits = [o for o in orders if _match(o, spec)]
  File "/Users/ajay/exalted/signalos/desk/order_sentinel.py", line 69, in _match
    order.get("localSymbol", order.get("symbol")) == spec["symbol"]
KeyError: 'symbol'
Traceback (most recent call last):
  File "/Library/Developer/CommandLineTools/Library/Frameworks/Python3.framework/Versions/3.9/lib/python3.9/runpy.py", line 197, in _run_module_as_main
    return _run_code(code, main_globals, None,
  File "/Library/Developer/CommandLineTools/Library/Frameworks/Python3.framework/Versions/3.9/lib/python3.9/runpy.py", line 87, in _run_code
    exec(code, run_globals)
  File "/Users/ajay/exalted/signalos/desk/order_sentinel.py", line 340, in <module>
    sys.exit(run(dry="--dry" in sys.argv))
  File "/Users/ajay/exalted/signalos/desk/order_sentinel.py", line 100, in run
    hits = [o for o in orders if _match(o, spec)]
  File "/Users/ajay/exalted/signalos/desk/order_sentinel.py", line 100, in <listcomp>
    hits = [o for o in orders if _match(o, spec)]
  File "/Users/ajay/exalted/signalos/desk/order_sentinel.py", line 69, in _match
    order.get("localSymbol", order.get("symbol")) == spec["symbol"]
KeyError: 'symbol'
Traceback (most recent call last):
  File "/Library/Developer/CommandLineTools/Library/Frameworks/Python3.framework/Versions/3.9/lib/python3.9/runpy.py", line 197, in _run_module_as_main
    return _run_code(code, main_globals, None,
  File "/Library/Developer/CommandLineTools/Library/Frameworks/Python3.framework/Versions/3.9/lib/python3.9/runpy.py", line 87, in _run_code
    exec(code, run_globals)
  File "/Users/ajay/exalted/signalos/desk/order_sentinel.py", line 340, in <module>
    sys.exit(run(dry="--dry" in sys.argv))
  File "/Users/ajay/exalted/signalos/desk/order_sentinel.py", line 100, in run
    hits = [o for o in orders if _match(o, spec)]
  File "/Users/ajay/exalted/signalos/desk/order_sentinel.py", line 100, in <listcomp>
    hits = [o for o in orders if _match(o, spec)]
  File "/Users/ajay/exalted/signalos/desk/order_sentinel.py", line 69, in _match
    order.get("localSymbol", order.get("symbol")) == spec["symbol"]
KeyError: 'symbol'
Traceback (most recent call last):
  File "/Library/Developer/CommandLineTools/Library/Frameworks/Python3.framework/Versions/3.9/lib/python3.9/runpy.py", line 197, in _run_module_as_main
    return _run_code(code, main_globals, None,
  File "/Library/Developer/CommandLineTools/Library/Frameworks/Python3.framework/Versions/3.9/lib/python3.9/runpy.py", line 87, in _run_code
    exec(code, run_globals)
  File "/Users/ajay/exalted/signalos/desk/order_sentinel.py", line 340, in <module>
    sys.exit(run(dry="--dry" in sys.argv))
  File "/Users/ajay/exalted/signalos/desk/order_sentinel.py", line 100, in run
    hits = [o for o in orders if _match(o, spec)]
  File "/Users/ajay/exalted/signalos/desk/order_sentinel.py", line 100, in <listcomp>
    hits = [o for o in orders if _match(o, spec)]
  File "/Users/ajay/exalted/signalos/desk/order_sentinel.py", line 69, in _match
    order.get("localSymbol", order.get("symbol")) == spec["symbol"]
KeyError: 'symbol'
Traceback (most recent call last):
  File "/Library/Developer/CommandLineTools/Library/Frameworks/Python3.framework/Versions/3.9/lib/python3.9/runpy.py", line 197, in _run_module_as_main
    return _run_code(code, main_globals, None,
  File "/Library/Developer/CommandLineTools/Library/Frameworks/Python3.framework/Versions/3.9/lib/python3.9/runpy.py", line 87, in _run_code
    exec(code, run_globals)
  File "/Users/ajay/exalted/signalos/desk/order_sentinel.py", line 340, in <module>
    sys.exit(run(dry="--dry" in sys.argv))
  File "/Users/ajay/exalted/signalos/desk/order_sentinel.py", line 100, in run
    hits = [o for o in orders if _match(o, spec)]
  File "/Users/ajay/exalted/signalos/desk/order_sentinel.py", line 100, in <listcomp>
    hits = [o for o in orders if _match(o, spec)]
  File "/Users/ajay/exalted/signalos/desk/order_sentinel.py", line 69, in _match
    order.get("localSymbol", order.get("symbol")) == spec["symbol"]
KeyError: 'symbol'
Traceback (most recent call last):
  File "/Library/Developer/CommandLineTools/Library/Frameworks/Python3.framework/Versions/3.9/lib/python3.9/runpy.py", line 197, in _run_module_as_main
    return _run_code(code, main_globals, None,
  File "/Library/Developer/CommandLineTools/Library/Frameworks/Python3.framework/Versions/3.9/lib/python3.9/runpy.py", line 87, in _run_code
    exec(code, run_globals)
  File "/Users/ajay/exalted/signalos/desk/order_sentinel.py", line 340, in <module>
    sys.exit(run(dry="--dry" in sys.argv))
  File "/Users/ajay/exalted/signalos/desk/order_sentinel.py", line 100, in run
    hits = [o for o in orders if _match(o, spec)]
  File "/Users/ajay/exalted/signalos/desk/order_sentinel.py", line 100, in <listcomp>
    hits = [o for o in orders if _match(o, spec)]
  File "/Users/ajay/exalted/signalos/desk/order_sentinel.py", line 69, in _match
    order.get("localSymbol", order.get("symbol")) == spec["symbol"]
KeyError: 'symbol'
Traceback (most recent call last):
  File "/Library/Developer/CommandLineTools/Library/Frameworks/Python3.framework/Versions/3.9/lib/python3.9/runpy.py", line 197, in _run_module_as_main
    return _run_code(code, main_globals, None,
  File "/Library/Developer/CommandLineTools/Library/Frameworks/Python3.framework/Versions/3.9/lib/python3.9/runpy.py", line 87, in _run_code
    exec(code, run_globals)
  File "/Users/ajay/exalted/signalos/desk/order_sentinel.py", line 340, in <module>
    sys.exit(run(dry="--dry" in sys.argv))
  File "/Users/ajay/exalted/signalos/desk/order_sentinel.py", line 100, in run
    hits = [o for o in orders if _match(o, spec)]
  File "/Users/ajay/exalted/signalos/desk/order_sentinel.py", line 100, in <listcomp>
    hits = [o for o in orders if _match(o, spec)]
  File "/Users/ajay/exalted/signalos/desk/order_sentinel.py", line 69, in _match
    order.get("localSymbol", order.get("symbol")) == spec["symbol"]
KeyError: 'symbol'
Traceback (most recent call last):
  File "/Library/Developer/CommandLineTools/Library/Frameworks/Python3.framework/Versions/3.9/lib/python3.9/runpy.py", line 197, in _run_module_as_main
    return _run_code(code, main_globals, None,
  File "/Library/Developer/CommandLineTools/Library/Frameworks/Python3.framework/Versions/3.9/lib/python3.9/runpy.py", line 87, in _run_code
    exec(code, run_globals)
  File "/Users/ajay/exalted/signalos/desk/order_sentinel.py", line 340, in <module>
    sys.exit(run(dry="--dry" in sys.argv))
  File "/Users/ajay/exalted/signalos/desk/order_sentinel.py", line 100, in run
    hits = [o for o in orders if _match(o, spec)]
  File "/Users/ajay/exalted/signalos/desk/order_sentinel.py", line 100, in <listcomp>
    hits = [o for o in orders if _match(o, spec)]
  File "/Users/ajay/exalted/signalos/desk/order_sentinel.py", line 69, in _match
    order.get("localSymbol", order.get("symbol")) == spec["symbol"]
KeyError: 'symbol'
Traceback (most recent call last):
  File "/Library/Developer/CommandLineTools/Library/Frameworks/Python3.framework/Versions/3.9/lib/python3.9/runpy.py", line 197, in _run_module_as_main
    return _run_code(code, main_globals, None,
  File "/Library/Developer/CommandLineTools/Library/Frameworks/Python3.framework/Versions/3.9/lib/python3.9/runpy.py", line 87, in _run_code
    exec(code, run_globals)
  File "/Users/ajay/exalted/signalos/desk/order_sentinel.py", line 340, in <module>
    sys.exit(run(dry="--dry" in sys.argv))
  File "/Users/ajay/exalted/signalos/desk/order_sentinel.py", line 100, in run
    hits = [o for o in orders if _match(o, spec)]
  File "/Users/ajay/exalted/signalos/desk/order_sentinel.py", line 100, in <listcomp>
    hits = [o for o in orders if _match(o, spec)]
  File "/Users/ajay/exalted/signalos/desk/order_sentinel.py", line 69, in _match
    order.get("localSymbol", order.get("symbol")) == spec["symbol"]
KeyError: 'symbol'
Traceback (most recent call last):
  File "/Library/Developer/CommandLineTools/Library/Frameworks/Python3.framework/Versions/3.9/lib/python3.9/runpy.py", line 197, in _run_module_as_main
    return _run_code(code, main_globals, None,
  File "/Library/Developer/CommandLineTools/Library/Frameworks/Python3.framework/Versions/3.9/lib/python3.9/runpy.py", line 87, in _run_code
    exec(code, run_globals)
  File "/Users/ajay/exalted/signalos/desk/order_sentinel.py", line 340, in <module>
    sys.exit(run(dry="--dry" in sys.argv))
  File "/Users/ajay/exalted/signalos/desk/order_sentinel.py", line 100, in run
    hits = [o for o in orders if _match(o, spec)]
  File "/Users/ajay/exalted/signalos/desk/order_sentinel.py", line 100, in <listcomp>
    hits = [o for o in orders if _match(o, spec)]
  File "/Users/ajay/exalted/signalos/desk/order_sentinel.py", line 69, in _match
    order.get("localSymbol", order.get("symbol")) == spec["symbol"]
KeyError: 'symbol'
Traceback (most recent call last):
  File "/Library/Developer/CommandLineTools/Library/Frameworks/Python3.framework/Versions/3.9/lib/python3.9/runpy.py", line 197, in _run_module_as_main
    return _run_code(code, main_globals, None,
  File "/Library/Developer/CommandLineTools/Library/Frameworks/Python3.framework/Versions/3.9/lib/python3.9/runpy.py", line 87, in _run_code
    exec(code, run_globals)
  File "/Users/ajay/exalted/signalos/desk/order_sentinel.py", line 340, in <module>
    sys.exit(run(dry="--dry" in sys.argv))
  File "/Users/ajay/exalted/signalos/desk/order_sentinel.py", line 100, in run
    hits = [o for o in orders if _match(o, spec)]
  File "/Users/ajay/exalted/signalos/desk/order_sentinel.py", line 100, in <listcomp>
    hits = [o for o in orders if _match(o, spec)]
  File "/Users/ajay/exalted/signalos/desk/order_sentinel.py", line 69, in _match
    order.get("localSymbol", order.get("symbol")) == spec["symbol"]
KeyError: 'symbol'
Traceback (most recent call last):
  File "/Library/Developer/CommandLineTools/Library/Frameworks/Python3.framework/Versions/3.9/lib/python3.9/runpy.py", line 197, in _run_module_as_main
    return _run_code(code, main_globals, None,
  File "/Library/Developer/CommandLineTools/Library/Frameworks/Python3.framework/Versions/3.9/lib/python3.9/runpy.py", line 87, in _run_code
    exec(code, run_globals)
  File "/Users/ajay/exalted/signalos/desk/order_sentinel.py", line 340, in <module>
    sys.exit(run(dry="--dry" in sys.argv))
  File "/Users/ajay/exalted/signalos/desk/order_sentinel.py", line 100, in run
    hits = [o for o in orders if _match(o, spec)]
  File "/Users/ajay/exalted/signalos/desk/order_sentinel.py", line 100, in <listcomp>
    hits = [o for o in orders if _match(o, spec)]
  File "/Users/ajay/exalted/signalos/desk/order_sentinel.py", line 69, in _match
    order.get("localSymbol", order.get("symbol")) == spec["symbol"]
KeyError: 'symbol'
Traceback (most recent call last):
  File "/Library/Developer/CommandLineTools/Library/Frameworks/Python3.framework/Versions/3.9/lib/python3.9/runpy.py", line 197, in _run_module_as_main
    return _run_code(code, main_globals, None,
  File "/Library/Developer/CommandLineTools/Library/Frameworks/Python3.framework/Versions/3.9/lib/python3.9/runpy.py", line 87, in _run_code
    exec(code, run_globals)
  File "/Users/ajay/exalted/signalos/desk/order_sentinel.py", line 340, in <module>
    sys.exit(run(dry="--dry" in sys.argv))
  File "/Users/ajay/exalted/signalos/desk/order_sentinel.py", line 100, in run
    hits = [o for o in orders if _match(o, spec)]
  File "/Users/ajay/exalted/signalos/desk/order_sentinel.py", line 100, in <listcomp>
    hits = [o for o in orders if _match(o, spec)]
  File "/Users/ajay/exalted/signalos/desk/order_sentinel.py", line 69, in _match
    order.get("localSymbol", order.get("symbol")) == spec["symbol"]
KeyError: 'symbol'
Traceback (most recent call last):
  File "/Library/Developer/CommandLineTools/Library/Frameworks/Python3.framework/Versions/3.9/lib/python3.9/runpy.py", line 197, in _run_module_as_main
    return _run_code(code, main_globals, None,
  File "/Library/Developer/CommandLineTools/Library/Frameworks/Python3.framework/Versions/3.9/lib/python3.9/runpy.py", line 87, in _run_code
    exec(code, run_globals)
  File "/Users/ajay/exalted/signalos/desk/order_sentinel.py", line 340, in <module>
    sys.exit(run(dry="--dry" in sys.argv))
  File "/Users/ajay/exalted/signalos/desk/order_sentinel.py", line 100, in run
    hits = [o for o in orders if _match(o, spec)]
  File "/Users/ajay/exalted/signalos/desk/order_sentinel.py", line 100, in <listcomp>
    hits = [o for o in orders if _match(o, spec)]
  File "/Users/ajay/exalted/signalos/desk/order_sentinel.py", line 69, in _match
    order.get("localSymbol", order.get("symbol")) == spec["symbol"]
KeyError: 'symbol'
Traceback (most recent call last):
  File "/Library/Developer/CommandLineTools/Library/Frameworks/Python3.framework/Versions/3.9/lib/python3.9/runpy.py", line 197, in _run_module_as_main
    return _run_code(code, main_globals, None,
  File "/Library/Developer/CommandLineTools/Library/Frameworks/Python3.framework/Versions/3.9/lib/python3.9/runpy.py", line 87, in _run_code
    exec(code, run_globals)
  File "/Users/ajay/exalted/signalos/desk/order_sentinel.py", line 340, in <module>
    sys.exit(run(dry="--dry" in sys.argv))
  File "/Users/ajay/exalted/signalos/desk/order_sentinel.py", line 100, in run
    hits = [o for o in orders if _match(o, spec)]
  File "/Users/ajay/exalted/signalos/desk/order_sentinel.py", line 100, in <listcomp>
    hits = [o for o in orders if _match(o, spec)]
  File "/Users/ajay/exalted/signalos/desk/order_sentinel.py", line 69, in _match
    order.get("localSymbol", order.get("symbol")) == spec["symbol"]
KeyError: 'symbol'
Traceback (most recent call last):
  File "/Library/Developer/CommandLineTools/Library/Frameworks/Python3.framework/Versions/3.9/lib/python3.9/runpy.py", line 197, in _run_module_as_main
    return _run_code(code, main_globals, None,
  File "/Library/Developer/CommandLineTools/Library/Frameworks/Python3.framework/Versions/3.9/lib/python3.9/runpy.py", line 87, in _run_code
    exec(code, run_globals)
  File "/Users/ajay/exalted/signalos/desk/order_sentinel.py", line 340, in <module>
    sys.exit(run(dry="--dry" in sys.argv))
  File "/Users/ajay/exalted/signalos/desk/order_sentinel.py", line 100, in run
    hits = [o for o in orders if _match(o, spec)]
  File "/Users/ajay/exalted/signalos/desk/order_sentinel.py", line 100, in <listcomp>
    hits = [o for o in orders if _match(o, spec)]
  File "/Users/ajay/exalted/signalos/desk/order_sentinel.py", line 69, in _match
    order.get("localSymbol", order.get("symbol")) == spec["symbol"]
KeyError: 'symbol'
positions request timed out
open orders request timed out
completed orders request timed out
account updates for ACCOUNT_ALPHA request timed out
account updates for ACCOUNT_BETA request timed out
[CRITICAL] GATEWAY WEDGED: 24 consecutive connect failures (Failed to connect to IB Gateway on 127.0.0.1:4001 (ClientId=93): ). Orders, cancels and tonight's envelopes are all blind until it is restarted. This is the 08-24 failure mode.
positions request timed out
open orders request timed out
completed orders request timed out
account updates for ACCOUNT_ALPHA request timed out
account updates for ACCOUNT_BETA request timed out
[CRITICAL] GATEWAY WEDGED: 25 consecutive connect failures (Failed to connect to IB Gateway on 127.0.0.1:4001 (ClientId=93): ). Orders, cancels and tonight's envelopes are all blind until it is restarted. This is the 08-24 failure mode.
positions request timed out
open orders request timed out
completed orders request timed out
account updates for ACCOUNT_ALPHA request timed out
account updates for ACCOUNT_BETA request timed out
[CRITICAL] GATEWAY WEDGED: 26 consecutive connect failures (Failed to connect to IB Gateway on 127.0.0.1:4001 (ClientId=93): ). Orders, cancels and tonight's envelopes are all blind until it is restarted. This is the 08-24 failure mode.
positions request timed out
open orders request timed out
completed orders request timed out
account updates for ACCOUNT_ALPHA request timed out
account updates for ACCOUNT_BETA request timed out
[CRITICAL] GATEWAY WEDGED: 27 consecutive connect failures (Failed to connect to IB Gateway on 127.0.0.1:4001 (ClientId=93): ). Orders, cancels and tonight's envelopes are all blind until it is restarted. This is the 08-24 failure mode.
positions request timed out
open orders request timed out
completed orders request timed out
account updates for ACCOUNT_ALPHA request timed out
account updates for ACCOUNT_BETA request timed out
[CRITICAL] GATEWAY WEDGED: 28 consecutive connect failures (Failed to connect to IB Gateway on 127.0.0.1:4001 (ClientId=93): ). Orders, cancels and tonight's envelopes are all blind until it is restarted. This is the 08-24 failure mode.
positions request timed out
open orders request timed out
completed orders request timed out
account updates for ACCOUNT_ALPHA request timed out
account updates for ACCOUNT_BETA request timed out
[CRITICAL] GATEWAY WEDGED: 29 consecutive connect failures (Failed to connect to IB Gateway on 127.0.0.1:4001 (ClientId=93): ). Orders, cancels and tonight's envelopes are all blind until it is restarted. This is the 08-24 failure mode.
positions request timed out
open orders request timed out
completed orders request timed out
account updates for ACCOUNT_ALPHA request timed out
account updates for ACCOUNT_BETA request timed out
[CRITICAL] GATEWAY WEDGED: 30 consecutive connect failures (Failed to connect to IB Gateway on 127.0.0.1:4001 (ClientId=93): ). Orders, cancels and tonight's envelopes are all blind until it is restarted. This is the 08-24 failure mode.
positions request timed out
open orders request timed out
completed orders request timed out
account updates for ACCOUNT_ALPHA request timed out
account updates for ACCOUNT_BETA request timed out
[CRITICAL] GATEWAY WEDGED: 31 consecutive connect failures (Failed to connect to IB Gateway on 127.0.0.1:4001 (ClientId=93): ). Orders, cancels and tonight's envelopes are all blind until it is restarted. This is the 08-24 failure mode.
positions request timed out
open orders request timed out
completed orders request timed out
account updates for ACCOUNT_ALPHA request timed out
account updates for ACCOUNT_BETA request timed out
[CRITICAL] GATEWAY WEDGED: 32 consecutive connect failures (Failed to connect to IB Gateway on 127.0.0.1:4001 (ClientId=93): ). Orders, cancels and tonight's envelopes are all blind until it is restarted. This is the 08-24 failure mode.
positions request timed out
open orders request timed out
completed orders request timed out
account updates for ACCOUNT_ALPHA request timed out
account updates for ACCOUNT_BETA request timed out
[CRITICAL] GATEWAY WEDGED: 33 consecutive connect failures (Failed to connect to IB Gateway on 127.0.0.1:4001 (ClientId=93): ). Orders, cancels and tonight's envelopes are all blind until it is restarted. This is the 08-24 failure mode.
positions request timed out
open orders request timed out
completed orders request timed out
account updates for ACCOUNT_ALPHA request timed out
account updates for ACCOUNT_BETA request timed out
[CRITICAL] GATEWAY WEDGED: 34 consecutive connect failures (Failed to connect to IB Gateway on 127.0.0.1:4001 (ClientId=93): ). Orders, cancels and tonight's envelopes are all blind until it is restarted. This is the 08-24 failure mode.
positions request timed out
open orders request timed out
completed orders request timed out
account updates for ACCOUNT_ALPHA request timed out
account updates for ACCOUNT_BETA request timed out
[CRITICAL] GATEWAY WEDGED: 35 consecutive connect failures (Failed to connect to IB Gateway on 127.0.0.1:4001 (ClientId=93): ). Orders, cancels and tonight's envelopes are all blind until it is restarted. This is the 08-24 failure mode.
positions request timed out
open orders request timed out
completed orders request timed out
account updates for ACCOUNT_ALPHA request timed out
account updates for ACCOUNT_BETA request timed out
[CRITICAL] GATEWAY WEDGED: 36 consecutive connect failures (Failed to connect to IB Gateway on 127.0.0.1:4001 (ClientId=93): ). Orders, cancels and tonight's envelopes are all blind until it is restarted. This is the 08-24 failure mode.
positions request timed out
open orders request timed out
completed orders request timed out
account updates for ACCOUNT_ALPHA request timed out
account updates for ACCOUNT_BETA request timed out
[CRITICAL] GATEWAY WEDGED: 37 consecutive connect failures (Failed to connect to IB Gateway on 127.0.0.1:4001 (ClientId=93): ). Orders, cancels and tonight's envelopes are all blind until it is restarted. This is the 08-24 failure mode.
positions request timed out
open orders request timed out
completed orders request timed out
account updates for ACCOUNT_ALPHA request timed out
account updates for ACCOUNT_BETA request timed out
[CRITICAL] GATEWAY WEDGED: 38 consecutive connect failures (Failed to connect to IB Gateway on 127.0.0.1:4001 (ClientId=93): ). Orders, cancels and tonight's envelopes are all blind until it is restarted. This is the 08-24 failure mode.
positions request timed out
open orders request timed out
completed orders request timed out
account updates for ACCOUNT_ALPHA request timed out
account updates for ACCOUNT_BETA request timed out
[CRITICAL] GATEWAY WEDGED: 39 consecutive connect failures (Failed to connect to IB Gateway on 127.0.0.1:4001 (ClientId=93): ). Orders, cancels and tonight's envelopes are all blind until it is restarted. This is the 08-24 failure mode.
positions request timed out
open orders request timed out
completed orders request timed out
account updates for ACCOUNT_ALPHA request timed out
account updates for ACCOUNT_BETA request timed out
[CRITICAL] GATEWAY WEDGED: 40 consecutive connect failures (Failed to connect to IB Gateway on 127.0.0.1:4001 (ClientId=93): ). Orders, cancels and tonight's envelopes are all blind until it is restarted. This is the 08-24 failure mode.
positions request timed out
open orders request timed out
completed orders request timed out
account updates for ACCOUNT_ALPHA request timed out
account updates for ACCOUNT_BETA request timed out
[CRITICAL] GATEWAY WEDGED: 41 consecutive connect failures (Failed to connect to IB Gateway on 127.0.0.1:4001 (ClientId=93): ). Orders, cancels and tonight's envelopes are all blind until it is restarted. This is the 08-24 failure mode.
API connection failed: ConnectionRefusedError(61, "Connect call failed ('127.0.0.1', 4001)")
Make sure API port on TWS/IBG is open
[CRITICAL] GATEWAY WEDGED: 42 consecutive connect failures (Failed to connect to IB Gateway on 127.0.0.1:4001 (ClientId=93): [Errno 61] Connect call failed ('127.0.0.1', 4001)). Orders, cancels and tonight's envelopes are all blind until it is restarted. This is the 08-24 failure mode.
Traceback (most recent call last):
  File "/Library/Developer/CommandLineTools/Library/Frameworks/Python3.framework/Versions/3.9/lib/python3.9/runpy.py", line 197, in _run_module_as_main
    return _run_code(code, main_globals, None,
  File "/Library/Developer/CommandLineTools/Library/Frameworks/Python3.framework/Versions/3.9/lib/python3.9/runpy.py", line 87, in _run_code
    exec(code, run_globals)
  File "/Users/ajay/exalted/signalos/desk/order_sentinel.py", line 340, in <module>
    sys.exit(run(dry="--dry" in sys.argv))
  File "/Users/ajay/exalted/signalos/desk/order_sentinel.py", line 100, in run
    hits = [o for o in orders if _match(o, spec)]
  File "/Users/ajay/exalted/signalos/desk/order_sentinel.py", line 100, in <listcomp>
    hits = [o for o in orders if _match(o, spec)]
  File "/Users/ajay/exalted/signalos/desk/order_sentinel.py", line 69, in _match
    order.get("localSymbol", order.get("symbol")) == spec["symbol"]
KeyError: 'symbol'
Traceback (most recent call last):
  File "/Library/Developer/CommandLineTools/Library/Frameworks/Python3.framework/Versions/3.9/lib/python3.9/runpy.py", line 197, in _run_module_as_main
    return _run_code(code, main_globals, None,
  File "/Library/Developer/CommandLineTools/Library/Frameworks/Python3.framework/Versions/3.9/lib/python3.9/runpy.py", line 87, in _run_code
    exec(code, run_globals)
  File "/Users/ajay/exalted/signalos/desk/order_sentinel.py", line 340, in <module>
    sys.exit(run(dry="--dry" in sys.argv))
  File "/Users/ajay/exalted/signalos/desk/order_sentinel.py", line 100, in run
    hits = [o for o in orders if _match(o, spec)]
  File "/Users/ajay/exalted/signalos/desk/order_sentinel.py", line 100, in <listcomp>
    hits = [o for o in orders if _match(o, spec)]
  File "/Users/ajay/exalted/signalos/desk/order_sentinel.py", line 69, in _match
    order.get("localSymbol", order.get("symbol")) == spec["symbol"]
KeyError: 'symbol'
