
===== 2026-07-03 09:31 (desk) =====
=== REGISTRY AUDIT  (125 symbols, 124 ok, 6 flags) ===
  >>> FLAG REGISTRY: CFR.SW: registry ccy USD but feed reports CHF
  >>> FLAG REGISTRY: EMAAR: registry ccy USD but feed reports AED
  >>> FLAG REGISTRY: EMAARDEV: registry ccy USD but feed reports AED
  >>> FLAG REGISTRY: GALD: registry ccy USD but feed reports CHF
  >>> FLAG REGISTRY: MHPC.L: NO quote and NO sticky close — symbol drift? (MHPC.L)
  >>> FLAG REGISTRY: POLI: registry ccy USD but feed reports ILA

/Users/ajay/Library/Python/3.9/lib/python/site-packages/urllib3/__init__.py:35: NotOpenSSLWarning: urllib3 v2 only supports OpenSSL 1.1.1+, currently the 'ssl' module is compiled with 'LibreSSL 2.8.3'. See: https://github.com/urllib3/urllib3/issues/3020
  warnings.warn(
$CBKD.L: possibly delisted; no price data found  (period=5d)
$MHPC.L: possibly delisted; no price data found  (period=5d)

===== 2026-07-10 10:35 (desk) =====
=== REGISTRY AUDIT  (228 symbols, 160 ok, 77 flags) ===
  >>> FLAG REGISTRY: 003550.KS: NO quote and NO sticky close — symbol drift? (003550.KS)
  >>> FLAG REGISTRY: 005387.KS: NO quote and NO sticky close — symbol drift? (005387.KS)
  >>> FLAG REGISTRY: 005830.KS: NO quote and NO sticky close — symbol drift? (005830.KS)
  >>> FLAG REGISTRY: 006800.KS: NO quote and NO sticky close — symbol drift? (006800.KS)
  >>> FLAG REGISTRY: 028260.KS: NO quote and NO sticky close — symbol drift? (028260.KS)
  >>> FLAG REGISTRY: 051910.KS: NO quote and NO sticky close — symbol drift? (051910.KS)
  >>> FLAG REGISTRY: 214450.KQ: NO quote and NO sticky close — symbol drift? (214450.KS)
  >>> FLAG REGISTRY: 4761.T: NO quote and NO sticky close — symbol drift? (4761.T)
  >>> FLAG REGISTRY: 6279.T: NO quote and NO sticky close — symbol drift? (6279.T)
  >>> FLAG REGISTRY: 7937.T: NO quote and NO sticky close — symbol drift? (7937.T)
  >>> FLAG REGISTRY: 8737.T: NO quote and NO sticky close — symbol drift? (8737.T)
  >>> FLAG REGISTRY: 8750: NO quote and NO sticky close — symbol drift? (8750)
  >>> FLAG REGISTRY: 8750.T: NO quote and NO sticky close — symbol drift? (8750.T)
  >>> FLAG REGISTRY: ADIG: NO quote and NO sticky close — symbol drift? (ADIG)
  >>> FLAG REGISTRY: ALPHA.AT: NO quote and NO sticky close — symbol drift? (ALPHA.AT)
  >>> FLAG REGISTRY: AMV0.DE: NO quote and NO sticky close — symbol drift? (AMV0.DE)
  >>> FLAG REGISTRY: AST.WAR: NO quote and NO sticky close — symbol drift? (AST.WAR)
  >>> FLAG REGISTRY: BABYBOND-SLEEVE: NO quote and NO sticky close — symbol drift? (BABYBOND-SLEEVE)
  >>> FLAG REGISTRY: BANKPOND-SLEEVE: NO quote and NO sticky close — symbol drift? (BANKPOND-SLEEVE)
  >>> FLAG REGISTRY: BC.MI: NO quote and NO sticky close — symbol drift? (BC.MI)
  >>> FLAG REGISTRY: BEI.DE: NO quote and NO sticky close — symbol drift? (BEI.DE)
  >>> FLAG REGISTRY: BGEO.L: NO quote and NO sticky close — symbol drift? (BGEO.L)
  >>> FLAG REGISTRY: BRBY.L: NO quote and NO sticky close — symbol drift? (BRBY.L)
  >>> FLAG REGISTRY: CBKD: NO quote and NO sticky close — symbol drift? (CBKD.L)
  >>> FLAG REGISTRY: CFR.SW: registry ccy USD but feed reports CHF
  >>> FLAG REGISTRY: CFR.SW: NO quote and NO sticky close — symbol drift? (CFR.SW)
  >>> FLAG REGISTRY: CGEO.L: NO quote and NO sticky close — symbol drift? (CGEO.L)
  >>> FLAG REGISTRY: CRDA: NO quote and NO sticky close — symbol drift? (CRDA.L)
  >>> FLAG REGISTRY: DG.PA: NO quote and NO sticky close — symbol drift? (DG.PA)
  >>> FLAG REGISTRY: EMAAR: registry ccy USD but feed reports AED
  >>> FLAG REGISTRY: EMAAR: NO quote and NO sticky close — symbol drift? (EMAAR.AE)
  >>> FLAG REGISTRY: EMAARDEV: registry ccy USD but feed reports AED
  >>> FLAG REGISTRY: EMAARDEV: NO quote and NO sticky close — symbol drift? (EMAARDEV.AE)
  >>> FLAG REGISTRY: FCT.MI: NO quote and NO sticky close — symbol drift? (FCT.MI)
  >>> FLAG REGISTRY: FGR.PA: NO quote and NO sticky close — symbol drift? (FGR.PA)
  >>> FLAG REGISTRY: FM: NO quote and NO sticky close — symbol drift? (FM.TO)
  >>> FLAG REGISTRY: FXPO.L: NO quote and NO sticky close — symbol drift? (FXPO.L)
  >>> FLAG REGISTRY: GALD: registry ccy USD but feed reports CHF
  >>> FLAG REGISTRY: GALD: NO quote and NO sticky close — symbol drift? (GALD.SW)
  >>> FLAG REGISTRY: HMDPF: NO quote and NO sticky close — symbol drift? (HPS-A.TO)
  >>> FLAG REGISTRY: HOLN.SW: registry ccy USD but feed reports CHF
  >>> FLAG REGISTRY: HOLN.SW: NO quote and NO sticky close — symbol drift? (HOLN.SW)
  >>> FLAG REGISTRY: HSBK.L: NO quote and NO sticky close — symbol drift? (HSBK.IL)
  >>> FLAG REGISTRY: HSX.L: NO quote and NO sticky close — symbol drift? (HSX.L)
  >>> FLAG REGISTRY: IAG.L: NO quote and NO sticky close — symbol drift? (IAG.L)
  >>> FLAG REGISTRY: IVN: NO quote and NO sticky close — symbol drift? (IVN.TO)
  >>> FLAG REGISTRY: JAPAN-VALUEUP-SLEEVE: NO quote and NO sticky close — symbol drift? (JAPAN-VALUEUP-SLEEVE)
  >>> FLAG REGISTRY: KER.PA: NO quote and NO sticky close — symbol drift? (KER.PA)
  >>> FLAG REGISTRY: KER.WA: NO quote and NO sticky close — symbol drift? (KER.WA)
  >>> FLAG REGISTRY: KRX.IR: registry ccy USD but feed reports EUR
  >>> FLAG REGISTRY: KRX.IR: NO quote and NO sticky close — symbol drift? (KRX.IR)
  >>> FLAG REGISTRY: LUMI.TA: registry ccy USD but feed reports ILA
  >>> FLAG REGISTRY: LUMI.TA: NO quote and NO sticky close — symbol drift? (LUMI.TA)
  >>> FLAG REGISTRY: MC.PA: NO quote and NO sticky close — symbol drift? (MC.PA)
  >>> FLAG REGISTRY: MFINL: NO quote and NO sticky close — symbol drift? (MFINL)
  >>> FLAG REGISTRY: MHPC.L: NO quote and NO sticky close — symbol drift? (MHPC.L)
  >>> FLAG REGISTRY: NBG.AT: NO quote and NO sticky close — symbol drift? (NBG.AT)
  >>> FLAG REGISTRY: ORDERBOOK-ANOMALY: NO quote and NO sticky close — symbol drift? (ORDERBOOK-ANOMALY)
  >>> FLAG REGISTRY: PEO.WA: NO quote and NO sticky close — symbol drift? (PEO.WA)
  >>> FLAG REGISTRY: PKO.WA: NO quote and NO sticky close — symbol drift? (PKO.WA)
  >>> FLAG REGISTRY: POLI: registry ccy USD but feed reports ILA
  >>> FLAG REGISTRY: POLI: NO quote and NO sticky close — symbol drift? (POLI.TA)
  >>> FLAG REGISTRY: POLI.TA: registry ccy USD but feed reports ILA
  >>> FLAG REGISTRY: POLI.TA: NO quote and NO sticky close — symbol drift? (POLI.TA)
  >>> FLAG REGISTRY: PRY.MI: NO quote and NO sticky close — symbol drift? (PRY.MI)
  >>> FLAG REGISTRY: RBI.VI: NO quote and NO sticky close — symbol drift? (RBI.VI)
  >>> FLAG REGISTRY: RILY-NOTES: NO quote and NO sticky close — symbol drift? (RILY-NOTES)
  >>> FLAG REGISTRY: RMS.PA: NO quote and NO sticky close — symbol drift? (RMS.PA)
  >>> FLAG REGISTRY: SACC-NOTES: NO quote and NO sticky close — symbol drift? (SACC-NOTES)
  >>> FLAG REGISTRY: SAP.DE: NO quote and NO sticky close — symbol drift? (SAP.DE)
  >>> FLAG REGISTRY: SEPT-DEPLOY: NO quote and NO sticky close — symbol drift? (SEPT-DEPLOY)
  >>> FLAG REGISTRY: TAIL-PROGRAM: NO quote and NO sticky close — symbol drift? (TAIL-PROGRAM)
  >>> FLAG REGISTRY: TBCG.L: NO quote and NO sticky close — symbol drift? (TBCG.L)
  >>> FLAG REGISTRY: TPEIR.AT: NO quote and NO sticky close — symbol drift? (TPEIR.AT)
  >>> FLAG REGISTRY: UKRAIN-StepUp-B: NO quote and NO sticky close — symbol drift? (UKRAIN-StepUp-B)
  >>> FLAG REGISTRY: WIE.VIE: NO quote and NO sticky close — symbol drift? (WIE.VIE)
  >>> FLAG REGISTRY: WIZZ.L: NO quote and NO sticky close — symbol drift? (WIZZ.L)

/Users/ajay/Library/Python/3.9/lib/python/site-packages/urllib3/__init__.py:35: NotOpenSSLWarning: urllib3 v2 only supports OpenSSL 1.1.1+, currently the 'ssl' module is compiled with 'LibreSSL 2.8.3'. See: https://github.com/urllib3/urllib3/issues/3020
  warnings.warn(
HTTP Error 404: {"quoteSummary":{"result":null,"error":{"code":"Not Found","description":"Quote not found for symbol: 8750"}}}
$8750: possibly delisted; no price data found  (period=5d) (Yahoo error = "No data found, symbol may be delisted")
$ADIG: possibly delisted; no price data found  (period=5d) (Yahoo error = "No data found, symbol may be delisted")
$AST.WAR: possibly delisted; no price data found  (period=5d) (Yahoo error = "No data found, symbol may be delisted")
$BABYBOND-SLEEVE: possibly delisted; no price data found  (period=5d) (Yahoo error = "No data found, symbol may be delisted")
$BANKPOND-SLEEVE: possibly delisted; no price data found  (period=5d) (Yahoo error = "No data found, symbol may be delisted")
$CBKD.L: possibly delisted; no price data found  (period=5d)
$FXPO.L: possibly delisted; no price data found  (period=5d)
$JAPAN-VALUEUP-SLEEVE: possibly delisted; no price data found  (period=5d) (Yahoo error = "No data found, symbol may be delisted")
$MFINL: possibly delisted; no price data found  (period=5d) (Yahoo error = "No data found, symbol may be delisted")
$MHPC.L: possibly delisted; no price data found  (period=5d)
$NBG.AT: possibly delisted; no price data found  (period=5d) (Yahoo error = "No data found, symbol may be delisted")
$ORDERBOOK-ANOMALY: possibly delisted; no price data found  (period=5d) (Yahoo error = "No data found, symbol may be delisted")
$RILY-NOTES: possibly delisted; no price data found  (period=5d) (Yahoo error = "No data found, symbol may be delisted")
$SACC-NOTES: possibly delisted; no price data found  (period=5d) (Yahoo error = "No data found, symbol may be delisted")
$SATS: possibly delisted; no price data found  (period=5d)
$SEPT-DEPLOY: possibly delisted; no price data found  (period=5d) (Yahoo error = "No data found, symbol may be delisted")
$TAIL-PROGRAM: possibly delisted; no price data found  (period=5d) (Yahoo error = "No data found, symbol may be delisted")
$UKRAIN-STEPUP-B: possibly delisted; no price data found  (period=5d) (Yahoo error = "No data found, symbol may be delisted")
$WIE.VIE: possibly delisted; no price data found  (period=5d) (Yahoo error = "No data found, symbol may be delisted")

===== 2026-07-17 21:55 (desk) =====
=== REGISTRY AUDIT  (327 symbols, 238 ok, 98 flags) ===
  >>> FLAG REGISTRY: 000880: NO quote and NO sticky close — symbol drift? (000880.KS)
  >>> FLAG REGISTRY: 003550.KS: NO quote and NO sticky close — symbol drift? (003550.KS)
  >>> FLAG REGISTRY: 005387: NO quote and NO sticky close — symbol drift? (005387.KS)
  >>> FLAG REGISTRY: 005387.KS: NO quote and NO sticky close — symbol drift? (005387.KS)
  >>> FLAG REGISTRY: 005830.KS: NO quote and NO sticky close — symbol drift? (005830.KS)
  >>> FLAG REGISTRY: 006260: NO quote and NO sticky close — symbol drift? (006260.KS)
  >>> FLAG REGISTRY: 006800.KS: NO quote and NO sticky close — symbol drift? (006800.KS)
  >>> FLAG REGISTRY: 028260.KS: NO quote and NO sticky close — symbol drift? (028260.KS)
  >>> FLAG REGISTRY: 034730: NO quote and NO sticky close — symbol drift? (034730.KS)
  >>> FLAG REGISTRY: 051910.KS: NO quote and NO sticky close — symbol drift? (051910.KS)
  >>> FLAG REGISTRY: 214450.KQ: NO quote and NO sticky close — symbol drift? (214450.KS)
  >>> FLAG REGISTRY: 4761.T: NO quote and NO sticky close — symbol drift? (4761.T)
  >>> FLAG REGISTRY: 5595.T: NO quote and NO sticky close — symbol drift? (5595.T)
  >>> FLAG REGISTRY: 6268.T: NO quote and NO sticky close — symbol drift? (6268.T)
  >>> FLAG REGISTRY: 6279.T: NO quote and NO sticky close — symbol drift? (6279.T)
  >>> FLAG REGISTRY: 6481.T: NO quote and NO sticky close — symbol drift? (6481.T)
  >>> FLAG REGISTRY: 6758.T: NO quote and NO sticky close — symbol drift? (6758.T)
  >>> FLAG REGISTRY: 7937.T: NO quote and NO sticky close — symbol drift? (7937.T)
  >>> FLAG REGISTRY: 8737.T: NO quote and NO sticky close — symbol drift? (8737.T)
  >>> FLAG REGISTRY: 8750: NO quote and NO sticky close — symbol drift? (8750)
  >>> FLAG REGISTRY: 8750.T: NO quote and NO sticky close — symbol drift? (8750.T)
  >>> FLAG REGISTRY: ADIG: NO quote and NO sticky close — symbol drift? (ADIG)
  >>> FLAG REGISTRY: ALPHA.AT: NO quote and NO sticky close — symbol drift? (ALPHA.AT)
  >>> FLAG REGISTRY: AMV0.DE: NO quote and NO sticky close — symbol drift? (AMV0.DE)
  >>> FLAG REGISTRY: AST.WAR: NO quote and NO sticky close — symbol drift? (AST.WAR)
  >>> FLAG REGISTRY: BABYBOND-SLEEVE: NO quote and NO sticky close — symbol drift? (BABYBOND-SLEEVE)
  >>> FLAG REGISTRY: BANKPOND-SLEEVE: NO quote and NO sticky close — symbol drift? (BANKPOND-SLEEVE)
  >>> FLAG REGISTRY: BC.MI: NO quote and NO sticky close — symbol drift? (BC.MI)
  >>> FLAG REGISTRY: BEI.DE: NO quote and NO sticky close — symbol drift? (BEI.DE)
  >>> FLAG REGISTRY: BGEO.L: NO quote and NO sticky close — symbol drift? (BGEO.L)
  >>> FLAG REGISTRY: BRBY.L: NO quote and NO sticky close — symbol drift? (BRBY.L)
  >>> FLAG REGISTRY: CBKD: NO quote and NO sticky close — symbol drift? (CBKD.L)
  >>> FLAG REGISTRY: CFR.SW: registry ccy USD but feed reports CHF
  >>> FLAG REGISTRY: CFR.SW: NO quote and NO sticky close — symbol drift? (CFR.SW)
  >>> FLAG REGISTRY: CGEO.L: NO quote and NO sticky close — symbol drift? (CGEO.L)
  >>> FLAG REGISTRY: CRDA: NO quote and NO sticky close — symbol drift? (CRDA.L)
  >>> FLAG REGISTRY: CRXT: NO quote and NO sticky close — symbol drift? (CRXT)
  >>> FLAG REGISTRY: DG.PA: NO quote and NO sticky close — symbol drift? (DG.PA)
  >>> FLAG REGISTRY: EMAAR: registry ccy USD but feed reports AED
  >>> FLAG REGISTRY: EMAAR: NO quote and NO sticky close — symbol drift? (EMAAR.AE)
  >>> FLAG REGISTRY: EMAARDEV: registry ccy USD but feed reports AED
  >>> FLAG REGISTRY: EMAARDEV: NO quote and NO sticky close — symbol drift? (EMAARDEV.AE)
  >>> FLAG REGISTRY: ETL.PA: NO quote and NO sticky close — symbol drift? (ETL.PA)
  >>> FLAG REGISTRY: FCT.MI: NO quote and NO sticky close — symbol drift? (FCT.MI)
  >>> FLAG REGISTRY: FGR.PA: NO quote and NO sticky close — symbol drift? (FGR.PA)
  >>> FLAG REGISTRY: FM: NO quote and NO sticky close — symbol drift? (FM.TO)
  >>> FLAG REGISTRY: FXPO.L: NO quote and NO sticky close — symbol drift? (FXPO.L)
  >>> FLAG REGISTRY: GALD: registry ccy USD but feed reports CHF
  >>> FLAG REGISTRY: GALD: NO quote and NO sticky close — symbol drift? (GALD.SW)
  >>> FLAG REGISTRY: HARRYS-IPO: NO quote and NO sticky close — symbol drift? (HARRYS-IPO)
  >>> FLAG REGISTRY: HMDPF: NO quote and NO sticky close — symbol drift? (HPS-A.TO)
  >>> FLAG REGISTRY: HOLN.SW: registry ccy USD but feed reports CHF
  >>> FLAG REGISTRY: HOLN.SW: NO quote and NO sticky close — symbol drift? (HOLN.SW)
  >>> FLAG REGISTRY: HSBK.L: NO quote and NO sticky close — symbol drift? (HSBK.IL)
  >>> FLAG REGISTRY: HSX.L: NO quote and NO sticky close — symbol drift? (HSX.L)
  >>> FLAG REGISTRY: IAG.L: NO quote and NO sticky close — symbol drift? (IAG.L)
  >>> FLAG REGISTRY: IVN: NO quote and NO sticky close — symbol drift? (IVN.TO)
  >>> FLAG REGISTRY: JAPAN-VALUEUP-SLEEVE: NO quote and NO sticky close — symbol drift? (JAPAN-VALUEUP-SLEEVE)
  >>> FLAG REGISTRY: KALSHI-DIVERGENCE-SLEEVE: NO quote and NO sticky close — symbol drift? (KALSHI-DIVERGENCE-SLEEVE)
  >>> FLAG REGISTRY: KAP: NO quote and NO sticky close — symbol drift? (KAP)
  >>> FLAG REGISTRY: KER.PA: NO quote and NO sticky close — symbol drift? (KER.PA)
  >>> FLAG REGISTRY: KER.WA: NO quote and NO sticky close — symbol drift? (KER.WA)
  >>> FLAG REGISTRY: KRX.IR: registry ccy USD but feed reports EUR
  >>> FLAG REGISTRY: KRX.IR: NO quote and NO sticky close — symbol drift? (KRX.IR)
  >>> FLAG REGISTRY: LUMI.TA: registry ccy USD but feed reports ILA
  >>> FLAG REGISTRY: LUMI.TA: NO quote and NO sticky close — symbol drift? (LUMI.TA)
  >>> FLAG REGISTRY: MC.PA: NO quote and NO sticky close — symbol drift? (MC.PA)
  >>> FLAG REGISTRY: MFINL: NO quote and NO sticky close — symbol drift? (MFINL)
  >>> FLAG REGISTRY: MHPC.L: NO quote and NO sticky close — symbol drift? (MHPC.L)
  >>> FLAG REGISTRY: NBG.AT: NO quote and NO sticky close — symbol drift? (NBG.AT)
  >>> FLAG REGISTRY: ORDERBOOK-ANOMALY: NO quote and NO sticky close — symbol drift? (ORDERBOOK-ANOMALY)
  >>> FLAG REGISTRY: OTP: NO quote and NO sticky close — symbol drift? (OTP)
  >>> FLAG REGISTRY: PEO.WA: NO quote and NO sticky close — symbol drift? (PEO.WA)
  >>> FLAG REGISTRY: PKO.WA: NO quote and NO sticky close — symbol drift? (PKO.WA)
  >>> FLAG REGISTRY: POLI: registry ccy USD but feed reports ILA
  >>> FLAG REGISTRY: POLI: NO quote and NO sticky close — symbol drift? (POLI.TA)
  >>> FLAG REGISTRY: POLI.TA: registry ccy USD but feed reports ILA
  >>> FLAG REGISTRY: POLI.TA: NO quote and NO sticky close — symbol drift? (POLI.TA)
  >>> FLAG REGISTRY: PREFERRED-ODDLOT-SLEEVE: NO quote and NO sticky close — symbol drift? (PREFERRED-ODDLOT-SLEEVE)
  >>> FLAG REGISTRY: PRY.MI: NO quote and NO sticky close — symbol drift? (PRY.MI)
  >>> FLAG REGISTRY: RBI.VI: NO quote and NO sticky close — symbol drift? (RBI.VI)
  >>> FLAG REGISTRY: RILY-NOTES: NO quote and NO sticky close — symbol drift? (RILY-NOTES)
  >>> FLAG REGISTRY: RMS.PA: NO quote and NO sticky close — symbol drift? (RMS.PA)
  >>> FLAG REGISTRY: RO-IPO: NO quote and NO sticky close — symbol drift? (RO-IPO)
  >>> FLAG REGISTRY: RUSSELL-RECON-SLEEVE: NO quote and NO sticky close — symbol drift? (RUSSELL-RECON-SLEEVE)
  >>> FLAG REGISTRY: SACC-NOTES: NO quote and NO sticky close — symbol drift? (SACC-NOTES)
  >>> FLAG REGISTRY: SAP.DE: NO quote and NO sticky close — symbol drift? (SAP.DE)
  >>> FLAG REGISTRY: SEPT-DEPLOY: NO quote and NO sticky close — symbol drift? (SEPT-DEPLOY)
  >>> FLAG REGISTRY: SESG.PA: NO quote and NO sticky close — symbol drift? (SESG.PA)
  >>> FLAG REGISTRY: TAIL-PROGRAM: NO quote and NO sticky close — symbol drift? (TAIL-PROGRAM)
  >>> FLAG REGISTRY: TBCG.L: NO quote and NO sticky close — symbol drift? (TBCG.L)
  >>> FLAG REGISTRY: TPEIR.AT: NO quote and NO sticky close — symbol drift? (TPEIR.AT)
  >>> FLAG REGISTRY: TRU.L: NO quote and NO sticky close — symbol drift? (TRU.L)
  >>> FLAG REGISTRY: UKRAIN-StepUp-B: NO quote and NO sticky close — symbol drift? (UKRAIN-StepUp-B)
  >>> FLAG REGISTRY: VERO: NO quote and NO sticky close — symbol drift? (VERO)
  >>> FLAG REGISTRY: WIE.VIE: NO quote and NO sticky close — symbol drift? (WIE.VIE)
  >>> FLAG REGISTRY: WIZZ.L: NO quote and NO sticky close — symbol drift? (WIZZ.L)
  >>> FLAG REGISTRY: ZDPY: NO quote and NO sticky close — symbol drift? (ZDPY)

/Users/ajay/Library/Python/3.9/lib/python/site-packages/urllib3/__init__.py:35: NotOpenSSLWarning: urllib3 v2 only supports OpenSSL 1.1.1+, currently the 'ssl' module is compiled with 'LibreSSL 2.8.3'. See: https://github.com/urllib3/urllib3/issues/3020
  warnings.warn(
HTTP Error 404: {"quoteSummary":{"result":null,"error":{"code":"Not Found","description":"Quote not found for symbol: 5595.T"}}}
$5595.T: possibly delisted; no price data found  (period=5d) (Yahoo error = "No data found, symbol may be delisted")
HTTP Error 404: {"quoteSummary":{"result":null,"error":{"code":"Not Found","description":"Quote not found for symbol: 8750"}}}
$8750: possibly delisted; no price data found  (period=5d) (Yahoo error = "No data found, symbol may be delisted")
$ADIG: possibly delisted; no price data found  (period=5d) (Yahoo error = "No data found, symbol may be delisted")
$AST.WAR: possibly delisted; no price data found  (period=5d) (Yahoo error = "No data found, symbol may be delisted")
$BABYBOND-SLEEVE: possibly delisted; no price data found  (period=5d) (Yahoo error = "No data found, symbol may be delisted")
$BANKPOND-SLEEVE: possibly delisted; no price data found  (period=5d) (Yahoo error = "No data found, symbol may be delisted")
$CBKD.L: possibly delisted; no price data found  (period=5d)
$CRXT: possibly delisted; no price data found  (period=5d) (Yahoo error = "No data found, symbol may be delisted")
$FXPO.L: possibly delisted; no price data found  (period=5d)
$HARRYS-IPO: possibly delisted; no price data found  (period=5d) (Yahoo error = "No data found, symbol may be delisted")
$JAPAN-VALUEUP-SLEEVE: possibly delisted; no price data found  (period=5d) (Yahoo error = "No data found, symbol may be delisted")
$KALSHI-DIVERGENCE-SLEEVE: possibly delisted; no price data found  (period=5d) (Yahoo error = "No data found, symbol may be delisted")
$KAP: possibly delisted; no price data found  (period=5d)
$MFINL: possibly delisted; no price data found  (period=5d) (Yahoo error = "No data found, symbol may be delisted")
$MHPC.L: possibly delisted; no price data found  (period=5d)
$NBG.AT: possibly delisted; no price data found  (period=5d) (Yahoo error = "No data found, symbol may be delisted")
$ORDERBOOK-ANOMALY: possibly delisted; no price data found  (period=5d) (Yahoo error = "No data found, symbol may be delisted")
$OTP: possibly delisted; no price data found  (period=5d)
$PREFERRED-ODDLOT-SLEEVE: possibly delisted; no price data found  (period=5d) (Yahoo error = "No data found, symbol may be delisted")
$RILY-NOTES: possibly delisted; no price data found  (period=5d) (Yahoo error = "No data found, symbol may be delisted")
$RO-IPO: possibly delisted; no price data found  (period=5d) (Yahoo error = "No data found, symbol may be delisted")
$RUSSELL-RECON-SLEEVE: possibly delisted; no price data found  (period=5d) (Yahoo error = "No data found, symbol may be delisted")
$SACC-NOTES: possibly delisted; no price data found  (period=5d) (Yahoo error = "No data found, symbol may be delisted")
$SATS: possibly delisted; no price data found  (period=5d)
$SEPT-DEPLOY: possibly delisted; no price data found  (period=5d) (Yahoo error = "No data found, symbol may be delisted")
$TAIL-PROGRAM: possibly delisted; no price data found  (period=5d) (Yahoo error = "No data found, symbol may be delisted")
$UKRAIN-STEPUP-B: possibly delisted; no price data found  (period=5d) (Yahoo error = "No data found, symbol may be delisted")
$VERO: possibly delisted; no price data found  (period=5d) (Yahoo error = "No data found, symbol may be delisted")
$VSCO: possibly delisted; no price data found  (period=5d)
$WIE.VIE: possibly delisted; no price data found  (period=5d) (Yahoo error = "No data found, symbol may be delisted")

===== 2026-07-27 09:54 (desk) =====
=== REGISTRY AUDIT  (433 symbols, 287 ok, 173 flags) ===
  >>> FLAG REGISTRY: 000880: NO quote and NO sticky close — symbol drift? (000880.KS)
  >>> FLAG REGISTRY: 003550.KS: NO quote and NO sticky close — symbol drift? (003550.KS)
  >>> FLAG REGISTRY: 005387: NO quote and NO sticky close — symbol drift? (005387.KS)
  >>> FLAG REGISTRY: 005387.KS: NO quote and NO sticky close — symbol drift? (005387.KS)
  >>> FLAG REGISTRY: 005830.KS: NO quote and NO sticky close — symbol drift? (005830.KS)
  >>> FLAG REGISTRY: 006260: NO quote and NO sticky close — symbol drift? (006260.KS)
  >>> FLAG REGISTRY: 006800.KS: NO quote and NO sticky close — symbol drift? (006800.KS)
  >>> FLAG REGISTRY: 007590.KS: NO quote and NO sticky close — symbol drift? (007590.KS)
  >>> FLAG REGISTRY: 007700.KS: NO quote and NO sticky close — symbol drift? (007700.KS)
  >>> FLAG REGISTRY: 010240.KQ: registry ccy USD but feed reports KRW
  >>> FLAG REGISTRY: 010240.KQ: NO quote and NO sticky close — symbol drift? (010240.KQ)
  >>> FLAG REGISTRY: 010470.KQ: registry ccy USD but feed reports KRW
  >>> FLAG REGISTRY: 010470.KQ: NO quote and NO sticky close — symbol drift? (010470.KQ)
  >>> FLAG REGISTRY: 028100.KS: NO quote and NO sticky close — symbol drift? (028100.KS)
  >>> FLAG REGISTRY: 028260.KS: NO quote and NO sticky close — symbol drift? (028260.KS)
  >>> FLAG REGISTRY: 034730: NO quote and NO sticky close — symbol drift? (034730.KS)
  >>> FLAG REGISTRY: 035510.KS: NO quote and NO sticky close — symbol drift? (035510.KS)
  >>> FLAG REGISTRY: 038680.KQ: registry ccy USD but feed reports KRW
  >>> FLAG REGISTRY: 038680.KQ: NO quote and NO sticky close — symbol drift? (038680.KQ)
  >>> FLAG REGISTRY: 049520.KQ: registry ccy USD but feed reports KRW
  >>> FLAG REGISTRY: 049520.KQ: NO quote and NO sticky close — symbol drift? (049520.KQ)
  >>> FLAG REGISTRY: 051910.KS: NO quote and NO sticky close — symbol drift? (051910.KS)
  >>> FLAG REGISTRY: 073560.KQ: registry ccy USD but feed reports KRW
  >>> FLAG REGISTRY: 073560.KQ: NO quote and NO sticky close — symbol drift? (073560.KQ)
  >>> FLAG REGISTRY: 079960.KQ: registry ccy USD but feed reports KRW
  >>> FLAG REGISTRY: 079960.KQ: NO quote and NO sticky close — symbol drift? (079960.KQ)
  >>> FLAG REGISTRY: 1827.T: NO quote and NO sticky close — symbol drift? (1827.T)
  >>> FLAG REGISTRY: 1853.T: NO quote and NO sticky close — symbol drift? (1853.T)
  >>> FLAG REGISTRY: 2055.T: NO quote and NO sticky close — symbol drift? (2055.T)
  >>> FLAG REGISTRY: 214320.KS: NO quote and NO sticky close — symbol drift? (214320.KS)
  >>> FLAG REGISTRY: 214450.KQ: NO quote and NO sticky close — symbol drift? (214450.KS)
  >>> FLAG REGISTRY: 216050.KQ: registry ccy USD but feed reports KRW
  >>> FLAG REGISTRY: 216050.KQ: NO quote and NO sticky close — symbol drift? (216050.KQ)
  >>> FLAG REGISTRY: 241710.KS: NO quote and NO sticky close — symbol drift? (241710.KS)
  >>> FLAG REGISTRY: 3388.T: NO quote and NO sticky close — symbol drift? (3388.T)
  >>> FLAG REGISTRY: 3640.T: NO quote and NO sticky close — symbol drift? (3640.T)
  >>> FLAG REGISTRY: 4224.T: NO quote and NO sticky close — symbol drift? (4224.T)
  >>> FLAG REGISTRY: 4341.T: NO quote and NO sticky close — symbol drift? (4341.T)
  >>> FLAG REGISTRY: 4624.T: NO quote and NO sticky close — symbol drift? (4624.T)
  >>> FLAG REGISTRY: 4625.T: NO quote and NO sticky close — symbol drift? (4625.T)
  >>> FLAG REGISTRY: 4629.T: NO quote and NO sticky close — symbol drift? (4629.T)
  >>> FLAG REGISTRY: 4761.T: NO quote and NO sticky close — symbol drift? (4761.T)
  >>> FLAG REGISTRY: 5282.T: NO quote and NO sticky close — symbol drift? (5282.T)
  >>> FLAG REGISTRY: 5408.T: NO quote and NO sticky close — symbol drift? (5408.T)
  >>> FLAG REGISTRY: 5458.T: NO quote and NO sticky close — symbol drift? (5458.T)
  >>> FLAG REGISTRY: 5595.T: NO quote and NO sticky close — symbol drift? (5595.T)
  >>> FLAG REGISTRY: 5697.T: NO quote and NO sticky close — symbol drift? (5697.T)
  >>> FLAG REGISTRY: 5729.T: NO quote and NO sticky close — symbol drift? (5729.T)
  >>> FLAG REGISTRY: 6229.T: NO quote and NO sticky close — symbol drift? (6229.T)
  >>> FLAG REGISTRY: 6268.T: NO quote and NO sticky close — symbol drift? (6268.T)
  >>> FLAG REGISTRY: 6279.T: NO quote and NO sticky close — symbol drift? (6279.T)
  >>> FLAG REGISTRY: 6384.T: NO quote and NO sticky close — symbol drift? (6384.T)
  >>> FLAG REGISTRY: 6481.T: NO quote and NO sticky close — symbol drift? (6481.T)
  >>> FLAG REGISTRY: 6758.T: NO quote and NO sticky close — symbol drift? (6758.T)
  >>> FLAG REGISTRY: 6932.T: NO quote and NO sticky close — symbol drift? (6932.T)
  >>> FLAG REGISTRY: 7222.T: NO quote and NO sticky close — symbol drift? (7222.T)
  >>> FLAG REGISTRY: 7239.T: NO quote and NO sticky close — symbol drift? (7239.T)
  >>> FLAG REGISTRY: 7254.T: NO quote and NO sticky close — symbol drift? (7254.T)
  >>> FLAG REGISTRY: 7460.T: NO quote and NO sticky close — symbol drift? (7460.T)
  >>> FLAG REGISTRY: 7565.T: NO quote and NO sticky close — symbol drift? (7565.T)
  >>> FLAG REGISTRY: 7722.T: NO quote and NO sticky close — symbol drift? (7722.T)
  >>> FLAG REGISTRY: 7820.T: NO quote and NO sticky close — symbol drift? (7820.T)
  >>> FLAG REGISTRY: 7877.T: NO quote and NO sticky close — symbol drift? (7877.T)
  >>> FLAG REGISTRY: 7937.T: NO quote and NO sticky close — symbol drift? (7937.T)
  >>> FLAG REGISTRY: 8104.T: NO quote and NO sticky close — symbol drift? (8104.T)
  >>> FLAG REGISTRY: 8138.T: NO quote and NO sticky close — symbol drift? (8138.T)
  >>> FLAG REGISTRY: 8737.T: NO quote and NO sticky close — symbol drift? (8737.T)
  >>> FLAG REGISTRY: 8750: NO quote and NO sticky close — symbol drift? (8750)
  >>> FLAG REGISTRY: 8750.T: NO quote and NO sticky close — symbol drift? (8750.T)
  >>> FLAG REGISTRY: ADIG: NO quote and NO sticky close — symbol drift? (ADIG)
  >>> FLAG REGISTRY: ALPHA.AT: NO quote and NO sticky close — symbol drift? (ALPHA.AT)
  >>> FLAG REGISTRY: AMV0.DE: NO quote and NO sticky close — symbol drift? (AMV0.DE)
  >>> FLAG REGISTRY: AST.WAR: NO quote and NO sticky close — symbol drift? (AST.WAR)
  >>> FLAG REGISTRY: BABYBOND-SLEEVE: NO quote and NO sticky close — symbol drift? (BABYBOND-SLEEVE)
  >>> FLAG REGISTRY: BANKPOND-SLEEVE: NO quote and NO sticky close — symbol drift? (BANKPOND-SLEEVE)
  >>> FLAG REGISTRY: BAVA.CO: registry ccy USD but feed reports DKK
  >>> FLAG REGISTRY: BAVA.CO: NO quote and NO sticky close — symbol drift? (BAVA.CO)
  >>> FLAG REGISTRY: BC.MI: NO quote and NO sticky close — symbol drift? (BC.MI)
  >>> FLAG REGISTRY: BEI.DE: NO quote and NO sticky close — symbol drift? (BEI.DE)
  >>> FLAG REGISTRY: BGEO.L: NO quote and NO sticky close — symbol drift? (BGEO.L)
  >>> FLAG REGISTRY: BRBY.L: NO quote and NO sticky close — symbol drift? (BRBY.L)
  >>> FLAG REGISTRY: CFR.SW: registry ccy USD but feed reports CHF
  >>> FLAG REGISTRY: CFR.SW: NO quote and NO sticky close — symbol drift? (CFR.SW)
  >>> FLAG REGISTRY: CGEO.L: NO quote and NO sticky close — symbol drift? (CGEO.L)
  >>> FLAG REGISTRY: CRDA: NO quote and NO sticky close — symbol drift? (CRDA.L)
  >>> FLAG REGISTRY: CRXT: NO quote and NO sticky close — symbol drift? (CRXT)
  >>> FLAG REGISTRY: DG.PA: NO quote and NO sticky close — symbol drift? (DG.PA)
  >>> FLAG REGISTRY: DNORD.CO: registry ccy USD but feed reports DKK
  >>> FLAG REGISTRY: DNORD.CO: NO quote and NO sticky close — symbol drift? (DNORD.CO)
  >>> FLAG REGISTRY: EMAAR: registry ccy USD but feed reports AED
  >>> FLAG REGISTRY: EMAAR: NO quote and NO sticky close — symbol drift? (EMAAR.AE)
  >>> FLAG REGISTRY: EMAARDEV: registry ccy USD but feed reports AED
  >>> FLAG REGISTRY: EMAARDEV: NO quote and NO sticky close — symbol drift? (EMAARDEV.AE)
  >>> FLAG REGISTRY: ETL.PA: NO quote and NO sticky close — symbol drift? (ETL.PA)
  >>> FLAG REGISTRY: FCT.MI: NO quote and NO sticky close — symbol drift? (FCT.MI)
  >>> FLAG REGISTRY: FGR.PA: NO quote and NO sticky close — symbol drift? (FGR.PA)
  >>> FLAG REGISTRY: FM: NO quote and NO sticky close — symbol drift? (FM.TO)
  >>> FLAG REGISTRY: FUTR.L: NO quote and NO sticky close — symbol drift? (FUTR.L)
  >>> FLAG REGISTRY: FXPO.L: NO quote and NO sticky close — symbol drift? (FXPO.L)
  >>> FLAG REGISTRY: GALD: registry ccy USD but feed reports CHF
  >>> FLAG REGISTRY: GALD: NO quote and NO sticky close — symbol drift? (GALD.SW)
  >>> FLAG REGISTRY: HARRYS-IPO: NO quote and NO sticky close — symbol drift? (HARRYS-IPO)
  >>> FLAG REGISTRY: HKFOODS.HE: registry ccy USD but feed reports EUR
  >>> FLAG REGISTRY: HKFOODS.HE: NO quote and NO sticky close — symbol drift? (HKFOODS.HE)
  >>> FLAG REGISTRY: HMDPF: NO quote and NO sticky close — symbol drift? (HPS-A.TO)
  >>> FLAG REGISTRY: HOLM-B.ST: registry ccy USD but feed reports SEK
  >>> FLAG REGISTRY: HOLM-B.ST: NO quote and NO sticky close — symbol drift? (HOLM-B.ST)
  >>> FLAG REGISTRY: HOLN.SW: registry ccy USD but feed reports CHF
  >>> FLAG REGISTRY: HOLN.SW: NO quote and NO sticky close — symbol drift? (HOLN.SW)
  >>> FLAG REGISTRY: HSBK.L: NO quote and NO sticky close — symbol drift? (HSBK.IL)
  >>> FLAG REGISTRY: HSX.L: NO quote and NO sticky close — symbol drift? (HSX.L)
  >>> FLAG REGISTRY: IAG.L: NO quote and NO sticky close — symbol drift? (IAG.L)
  >>> FLAG REGISTRY: IVN: NO quote and NO sticky close — symbol drift? (IVN.TO)
  >>> FLAG REGISTRY: JAPAN-VALUEUP-SLEEVE: NO quote and NO sticky close — symbol drift? (JAPAN-VALUEUP-SLEEVE)
  >>> FLAG REGISTRY: KALSHI-DIVERGENCE-SLEEVE: NO quote and NO sticky close — symbol drift? (KALSHI-DIVERGENCE-SLEEVE)
  >>> FLAG REGISTRY: KAP: NO quote and NO sticky close — symbol drift? (KAP)
  >>> FLAG REGISTRY: KEMIRA.HE: registry ccy USD but feed reports EUR
  >>> FLAG REGISTRY: KEMIRA.HE: NO quote and NO sticky close — symbol drift? (KEMIRA.HE)
  >>> FLAG REGISTRY: KER.PA: NO quote and NO sticky close — symbol drift? (KER.PA)
  >>> FLAG REGISTRY: KER.WA: NO quote and NO sticky close — symbol drift? (KER.WA)
  >>> FLAG REGISTRY: KRX.IR: registry ccy USD but feed reports EUR
  >>> FLAG REGISTRY: KRX.IR: NO quote and NO sticky close — symbol drift? (KRX.IR)
  >>> FLAG REGISTRY: LUMI.TA: registry ccy USD but feed reports ILA
  >>> FLAG REGISTRY: LUMI.TA: NO quote and NO sticky close — symbol drift? (LUMI.TA)
  >>> FLAG REGISTRY: MC.PA: NO quote and NO sticky close — symbol drift? (MC.PA)
  >>> FLAG REGISTRY: MFINL: NO quote and NO sticky close — symbol drift? (MFINL)
  >>> FLAG REGISTRY: NBG.AT: NO quote and NO sticky close — symbol drift? (NBG.AT)
  >>> FLAG REGISTRY: ORDERBOOK-ANOMALY: NO quote and NO sticky close — symbol drift? (ORDERBOOK-ANOMALY)
  >>> FLAG REGISTRY: OTB.L: NO quote and NO sticky close — symbol drift? (OTB.L)
  >>> FLAG REGISTRY: OTP: NO quote and NO sticky close — symbol drift? (OTP)
  >>> FLAG REGISTRY: PEO.WA: NO quote and NO sticky close — symbol drift? (PEO.WA)
  >>> FLAG REGISTRY: PKO.WA: NO quote and NO sticky close — symbol drift? (PKO.WA)
  >>> FLAG REGISTRY: POLI: registry ccy USD but feed reports ILA
  >>> FLAG REGISTRY: POLI: NO quote and NO sticky close — symbol drift? (POLI.TA)
  >>> FLAG REGISTRY: POLI.TA: registry ccy USD but feed reports ILA
  >>> FLAG REGISTRY: POLI.TA: NO quote and NO sticky close — symbol drift? (POLI.TA)
  >>> FLAG REGISTRY: PREFERRED-ODDLOT-SLEEVE: NO quote and NO sticky close — symbol drift? (PREFERRED-ODDLOT-SLEEVE)
  >>> FLAG REGISTRY: PRN.L: NO quote and NO sticky close — symbol drift? (PRN.L)
  >>> FLAG REGISTRY: PRY.MI: NO quote and NO sticky close — symbol drift? (PRY.MI)
  >>> FLAG REGISTRY: PSK: NO quote and NO sticky close — symbol drift? (PSK.TO)
  >>> FLAG REGISTRY: RBI.VI: NO quote and NO sticky close — symbol drift? (RBI.VI)
  >>> FLAG REGISTRY: RILY-NOTES: NO quote and NO sticky close — symbol drift? (RILY-NOTES)
  >>> FLAG REGISTRY: RMS.PA: NO quote and NO sticky close — symbol drift? (RMS.PA)
  >>> FLAG REGISTRY: RO-IPO: NO quote and NO sticky close — symbol drift? (RO-IPO)
  >>> FLAG REGISTRY: ROCK-B.CO: registry ccy USD but feed reports DKK
  >>> FLAG REGISTRY: ROCK-B.CO: NO quote and NO sticky close — symbol drift? (ROCK-B.CO)
  >>> FLAG REGISTRY: RUSSELL-RECON-SLEEVE: NO quote and NO sticky close — symbol drift? (RUSSELL-RECON-SLEEVE)
  >>> FLAG REGISTRY: SACC-NOTES: NO quote and NO sticky close — symbol drift? (SACC-NOTES)
  >>> FLAG REGISTRY: SAP.DE: NO quote and NO sticky close — symbol drift? (SAP.DE)
  >>> FLAG REGISTRY: SCA-B.ST: registry ccy USD but feed reports SEK
  >>> FLAG REGISTRY: SCA-B.ST: NO quote and NO sticky close — symbol drift? (SCA-B.ST)
  >>> FLAG REGISTRY: SCHO.CO: registry ccy USD but feed reports DKK
  >>> FLAG REGISTRY: SCHO.CO: NO quote and NO sticky close — symbol drift? (SCHO.CO)
  >>> FLAG REGISTRY: SEPT-DEPLOY: NO quote and NO sticky close — symbol drift? (SEPT-DEPLOY)
  >>> FLAG REGISTRY: SESG.PA: NO quote and NO sticky close — symbol drift? (SESG.PA)
  >>> FLAG REGISTRY: STEM.L: NO quote and NO sticky close — symbol drift? (STEM.L)
  >>> FLAG REGISTRY: STERV.HE: registry ccy USD but feed reports EUR
  >>> FLAG REGISTRY: STERV.HE: NO quote and NO sticky close — symbol drift? (STERV.HE)
  >>> FLAG REGISTRY: TAIL-PROGRAM: NO quote and NO sticky close — symbol drift? (TAIL-PROGRAM)
  >>> FLAG REGISTRY: TBCG.L: NO quote and NO sticky close — symbol drift? (TBCG.L)
  >>> FLAG REGISTRY: TEM1V.HE: registry ccy USD but feed reports EUR
  >>> FLAG REGISTRY: TEM1V.HE: NO quote and NO sticky close — symbol drift? (TEM1V.HE)
  >>> FLAG REGISTRY: TOKMAN.HE: registry ccy USD but feed reports EUR
  >>> FLAG REGISTRY: TOKMAN.HE: NO quote and NO sticky close — symbol drift? (TOKMAN.HE)
  >>> FLAG REGISTRY: TPEIR.AT: NO quote and NO sticky close — symbol drift? (TPEIR.AT)
  >>> FLAG REGISTRY: TRU.L: NO quote and NO sticky close — symbol drift? (TRU.L)
  >>> FLAG REGISTRY: TW.L: NO quote and NO sticky close — symbol drift? (TW.L)
  >>> FLAG REGISTRY: UKRAIN-StepUp-B: NO quote and NO sticky close — symbol drift? (UKRAIN-StepUp-B)
  >>> FLAG REGISTRY: VERO: NO quote and NO sticky close — symbol drift? (VERO)
  >>> FLAG REGISTRY: VSCO: NO quote and NO sticky close — symbol drift? (VSCO)
  >>> FLAG REGISTRY: VTY.L: NO quote and NO sticky close — symbol drift? (VTY.L)
  >>> FLAG REGISTRY: WIE.VIE: NO quote and NO sticky close — symbol drift? (WIE.VIE)
  >>> FLAG REGISTRY: WIZZ.L: NO quote and NO sticky close — symbol drift? (WIZZ.L)

/Users/ajay/Library/Python/3.9/lib/python/site-packages/urllib3/__init__.py:35: NotOpenSSLWarning: urllib3 v2 only supports OpenSSL 1.1.1+, currently the 'ssl' module is compiled with 'LibreSSL 2.8.3'. See: https://github.com/urllib3/urllib3/issues/3020
  warnings.warn(
HTTP Error 404: {"quoteSummary":{"result":null,"error":{"code":"Not Found","description":"Quote not found for symbol: 5595.T"}}}
$5595.T: possibly delisted; no price data found  (period=5d) (Yahoo error = "No data found, symbol may be delisted")
HTTP Error 404: {"quoteSummary":{"result":null,"error":{"code":"Not Found","description":"Quote not found for symbol: 8750"}}}
$8750: possibly delisted; no price data found  (period=5d) (Yahoo error = "No data found, symbol may be delisted")
$ADIG: possibly delisted; no price data found  (period=5d) (Yahoo error = "No data found, symbol may be delisted")
$AST.WAR: possibly delisted; no price data found  (period=5d) (Yahoo error = "No data found, symbol may be delisted")
$BABYBOND-SLEEVE: possibly delisted; no price data found  (period=5d) (Yahoo error = "No data found, symbol may be delisted")
$BANKPOND-SLEEVE: possibly delisted; no price data found  (period=5d) (Yahoo error = "No data found, symbol may be delisted")
$CBKD.L: possibly delisted; no price data found  (period=5d)
$CRXT: possibly delisted; no price data found  (period=5d) (Yahoo error = "No data found, symbol may be delisted")
$FXPO.L: possibly delisted; no price data found  (period=5d)
$HARRYS-IPO: possibly delisted; no price data found  (period=5d) (Yahoo error = "No data found, symbol may be delisted")
$JAPAN-VALUEUP-SLEEVE: possibly delisted; no price data found  (period=5d) (Yahoo error = "No data found, symbol may be delisted")
$KALSHI-DIVERGENCE-SLEEVE: possibly delisted; no price data found  (period=5d) (Yahoo error = "No data found, symbol may be delisted")
$KAP: possibly delisted; no price data found  (period=5d)
$MFINL: possibly delisted; no price data found  (period=5d) (Yahoo error = "No data found, symbol may be delisted")
$MHPC.L: possibly delisted; no price data found  (period=5d)
$NBG.AT: possibly delisted; no price data found  (period=5d) (Yahoo error = "No data found, symbol may be delisted")
$ORDERBOOK-ANOMALY: possibly delisted; no price data found  (period=5d) (Yahoo error = "No data found, symbol may be delisted")
$OTP: possibly delisted; no price data found  (period=5d)
$PREFERRED-ODDLOT-SLEEVE: possibly delisted; no price data found  (period=5d) (Yahoo error = "No data found, symbol may be delisted")
$RILY-NOTES: possibly delisted; no price data found  (period=5d) (Yahoo error = "No data found, symbol may be delisted")
$RO-IPO: possibly delisted; no price data found  (period=5d) (Yahoo error = "No data found, symbol may be delisted")
$RUSSELL-RECON-SLEEVE: possibly delisted; no price data found  (period=5d) (Yahoo error = "No data found, symbol may be delisted")
$SACC-NOTES: possibly delisted; no price data found  (period=5d) (Yahoo error = "No data found, symbol may be delisted")
$SATS: possibly delisted; no price data found  (period=5d)
$SEPT-DEPLOY: possibly delisted; no price data found  (period=5d) (Yahoo error = "No data found, symbol may be delisted")
$TAIL-PROGRAM: possibly delisted; no price data found  (period=5d) (Yahoo error = "No data found, symbol may be delisted")
$UKRAIN-STEPUP-B: possibly delisted; no price data found  (period=5d) (Yahoo error = "No data found, symbol may be delisted")
$VERO: possibly delisted; no price data found  (period=5d) (Yahoo error = "No data found, symbol may be delisted")
$VSCO: possibly delisted; no price data found  (period=5d)
$WIE.VIE: possibly delisted; no price data found  (period=5d) (Yahoo error = "No data found, symbol may be delisted")

===== 2026-08-03 07:36 (desk) =====
=== REGISTRY AUDIT  (474 symbols, 314 ok, 189 flags) ===
  >>> FLAG REGISTRY: 000880: NO quote and NO sticky close — symbol drift? (000880.KS)
  >>> FLAG REGISTRY: 003550.KS: NO quote and NO sticky close — symbol drift? (003550.KS)
  >>> FLAG REGISTRY: 005387: NO quote and NO sticky close — symbol drift? (005387.KS)
  >>> FLAG REGISTRY: 005387.KS: NO quote and NO sticky close — symbol drift? (005387.KS)
  >>> FLAG REGISTRY: 005830.KS: NO quote and NO sticky close — symbol drift? (005830.KS)
  >>> FLAG REGISTRY: 006260: NO quote and NO sticky close — symbol drift? (006260.KS)
  >>> FLAG REGISTRY: 006800.KS: NO quote and NO sticky close — symbol drift? (006800.KS)
  >>> FLAG REGISTRY: 007590.KS: NO quote and NO sticky close — symbol drift? (007590.KS)
  >>> FLAG REGISTRY: 007700.KS: NO quote and NO sticky close — symbol drift? (007700.KS)
  >>> FLAG REGISTRY: 010240.KQ: registry ccy USD but feed reports KRW
  >>> FLAG REGISTRY: 010240.KQ: NO quote and NO sticky close — symbol drift? (010240.KQ)
  >>> FLAG REGISTRY: 010470.KQ: registry ccy USD but feed reports KRW
  >>> FLAG REGISTRY: 010470.KQ: NO quote and NO sticky close — symbol drift? (010470.KQ)
  >>> FLAG REGISTRY: 028100.KS: NO quote and NO sticky close — symbol drift? (028100.KS)
  >>> FLAG REGISTRY: 028260.KS: NO quote and NO sticky close — symbol drift? (028260.KS)
  >>> FLAG REGISTRY: 034730: NO quote and NO sticky close — symbol drift? (034730.KS)
  >>> FLAG REGISTRY: 035510.KS: NO quote and NO sticky close — symbol drift? (035510.KS)
  >>> FLAG REGISTRY: 038680.KQ: registry ccy USD but feed reports KRW
  >>> FLAG REGISTRY: 038680.KQ: NO quote and NO sticky close — symbol drift? (038680.KQ)
  >>> FLAG REGISTRY: 049520.KQ: registry ccy USD but feed reports KRW
  >>> FLAG REGISTRY: 049520.KQ: NO quote and NO sticky close — symbol drift? (049520.KQ)
  >>> FLAG REGISTRY: 051910.KS: NO quote and NO sticky close — symbol drift? (051910.KS)
  >>> FLAG REGISTRY: 073560.KQ: registry ccy USD but feed reports KRW
  >>> FLAG REGISTRY: 073560.KQ: NO quote and NO sticky close — symbol drift? (073560.KQ)
  >>> FLAG REGISTRY: 079960.KQ: registry ccy USD but feed reports KRW
  >>> FLAG REGISTRY: 079960.KQ: NO quote and NO sticky close — symbol drift? (079960.KQ)
  >>> FLAG REGISTRY: 1827.T: NO quote and NO sticky close — symbol drift? (1827.T)
  >>> FLAG REGISTRY: 1853.T: NO quote and NO sticky close — symbol drift? (1853.T)
  >>> FLAG REGISTRY: 2055.T: NO quote and NO sticky close — symbol drift? (2055.T)
  >>> FLAG REGISTRY: 214320.KS: NO quote and NO sticky close — symbol drift? (214320.KS)
  >>> FLAG REGISTRY: 214450.KQ: NO quote and NO sticky close — symbol drift? (214450.KS)
  >>> FLAG REGISTRY: 216050.KQ: registry ccy USD but feed reports KRW
  >>> FLAG REGISTRY: 216050.KQ: NO quote and NO sticky close — symbol drift? (216050.KQ)
  >>> FLAG REGISTRY: 241710.KS: NO quote and NO sticky close — symbol drift? (241710.KS)
  >>> FLAG REGISTRY: 2819.T: NO quote and NO sticky close — symbol drift? (2819.T)
  >>> FLAG REGISTRY: 3388.T: NO quote and NO sticky close — symbol drift? (3388.T)
  >>> FLAG REGISTRY: 3640.T: NO quote and NO sticky close — symbol drift? (3640.T)
  >>> FLAG REGISTRY: 4224.T: NO quote and NO sticky close — symbol drift? (4224.T)
  >>> FLAG REGISTRY: 4341.T: NO quote and NO sticky close — symbol drift? (4341.T)
  >>> FLAG REGISTRY: 4624.T: NO quote and NO sticky close — symbol drift? (4624.T)
  >>> FLAG REGISTRY: 4625.T: NO quote and NO sticky close — symbol drift? (4625.T)
  >>> FLAG REGISTRY: 4629.T: NO quote and NO sticky close — symbol drift? (4629.T)
  >>> FLAG REGISTRY: 4761.T: NO quote and NO sticky close — symbol drift? (4761.T)
  >>> FLAG REGISTRY: 5282.T: NO quote and NO sticky close — symbol drift? (5282.T)
  >>> FLAG REGISTRY: 5388.T: NO quote and NO sticky close — symbol drift? (5388.T)
  >>> FLAG REGISTRY: 5408.T: NO quote and NO sticky close — symbol drift? (5408.T)
  >>> FLAG REGISTRY: 5458.T: NO quote and NO sticky close — symbol drift? (5458.T)
  >>> FLAG REGISTRY: 5464.T: NO quote and NO sticky close — symbol drift? (5464.T)
  >>> FLAG REGISTRY: 5595.T: NO quote and NO sticky close — symbol drift? (5595.T)
  >>> FLAG REGISTRY: 5697.T: NO quote and NO sticky close — symbol drift? (5697.T)
  >>> FLAG REGISTRY: 5729.T: NO quote and NO sticky close — symbol drift? (5729.T)
  >>> FLAG REGISTRY: 6229.T: NO quote and NO sticky close — symbol drift? (6229.T)
  >>> FLAG REGISTRY: 6268.T: NO quote and NO sticky close — symbol drift? (6268.T)
  >>> FLAG REGISTRY: 6279.T: NO quote and NO sticky close — symbol drift? (6279.T)
  >>> FLAG REGISTRY: 6384.T: NO quote and NO sticky close — symbol drift? (6384.T)
  >>> FLAG REGISTRY: 6481.T: NO quote and NO sticky close — symbol drift? (6481.T)
  >>> FLAG REGISTRY: 6758.T: NO quote and NO sticky close — symbol drift? (6758.T)
  >>> FLAG REGISTRY: 6804.T: NO quote and NO sticky close — symbol drift? (6804.T)
  >>> FLAG REGISTRY: 6932.T: NO quote and NO sticky close — symbol drift? (6932.T)
  >>> FLAG REGISTRY: 7222.T: NO quote and NO sticky close — symbol drift? (7222.T)
  >>> FLAG REGISTRY: 7239.T: NO quote and NO sticky close — symbol drift? (7239.T)
  >>> FLAG REGISTRY: 7254.T: NO quote and NO sticky close — symbol drift? (7254.T)
  >>> FLAG REGISTRY: 7460.T: NO quote and NO sticky close — symbol drift? (7460.T)
  >>> FLAG REGISTRY: 7565.T: NO quote and NO sticky close — symbol drift? (7565.T)
  >>> FLAG REGISTRY: 7722.T: NO quote and NO sticky close — symbol drift? (7722.T)
  >>> FLAG REGISTRY: 7820.T: NO quote and NO sticky close — symbol drift? (7820.T)
  >>> FLAG REGISTRY: 7877.T: NO quote and NO sticky close — symbol drift? (7877.T)
  >>> FLAG REGISTRY: 7937.T: NO quote and NO sticky close — symbol drift? (7937.T)
  >>> FLAG REGISTRY: 8104.T: NO quote and NO sticky close — symbol drift? (8104.T)
  >>> FLAG REGISTRY: 8138.T: NO quote and NO sticky close — symbol drift? (8138.T)
  >>> FLAG REGISTRY: 8737.T: NO quote and NO sticky close — symbol drift? (8737.T)
  >>> FLAG REGISTRY: 8750: NO quote and NO sticky close — symbol drift? (8750)
  >>> FLAG REGISTRY: 8750.T: NO quote and NO sticky close — symbol drift? (8750.T)
  >>> FLAG REGISTRY: 9845.T: NO quote and NO sticky close — symbol drift? (9845.T)
  >>> FLAG REGISTRY: ADIG: NO quote and NO sticky close — symbol drift? (ADIG)
  >>> FLAG REGISTRY: ALPHA.AT: NO quote and NO sticky close — symbol drift? (ALPHA.AT)
  >>> FLAG REGISTRY: AMV0.DE: NO quote and NO sticky close — symbol drift? (AMV0.DE)
  >>> FLAG REGISTRY: AST.WAR: NO quote and NO sticky close — symbol drift? (AST.WAR)
  >>> FLAG REGISTRY: BABYBOND-SLEEVE: NO quote and NO sticky close — symbol drift? (BABYBOND-SLEEVE)
  >>> FLAG REGISTRY: BANKPOND-SLEEVE: NO quote and NO sticky close — symbol drift? (BANKPOND-SLEEVE)
  >>> FLAG REGISTRY: BAVA.CO: registry ccy USD but feed reports DKK
  >>> FLAG REGISTRY: BAVA.CO: NO quote and NO sticky close — symbol drift? (BAVA.CO)
  >>> FLAG REGISTRY: BC.MI: NO quote and NO sticky close — symbol drift? (BC.MI)
  >>> FLAG REGISTRY: BEI.DE: NO quote and NO sticky close — symbol drift? (BEI.DE)
  >>> FLAG REGISTRY: BGEO.L: NO quote and NO sticky close — symbol drift? (BGEO.L)
  >>> FLAG REGISTRY: BRBY.L: NO quote and NO sticky close — symbol drift? (BRBY.L)
  >>> FLAG REGISTRY: CBKD: NO quote and NO sticky close — symbol drift? (CBKD.L)
  >>> FLAG REGISTRY: CFR.SW: registry ccy USD but feed reports CHF
  >>> FLAG REGISTRY: CFR.SW: NO quote and NO sticky close — symbol drift? (CFR.SW)
  >>> FLAG REGISTRY: CGEO.L: NO quote and NO sticky close — symbol drift? (CGEO.L)
  >>> FLAG REGISTRY: CRDA: NO quote and NO sticky close — symbol drift? (CRDA.L)
  >>> FLAG REGISTRY: CRXT: NO quote and NO sticky close — symbol drift? (CRXT)
  >>> FLAG REGISTRY: DG.PA: NO quote and NO sticky close — symbol drift? (DG.PA)
  >>> FLAG REGISTRY: DGE.L: NO quote and NO sticky close — symbol drift? (DGE.L)
  >>> FLAG REGISTRY: DNORD.CO: registry ccy USD but feed reports DKK
  >>> FLAG REGISTRY: DNORD.CO: NO quote and NO sticky close — symbol drift? (DNORD.CO)
  >>> FLAG REGISTRY: EMAAR: registry ccy USD but feed reports AED
  >>> FLAG REGISTRY: EMAAR: NO quote and NO sticky close — symbol drift? (EMAAR.AE)
  >>> FLAG REGISTRY: EMAARDEV: registry ccy USD but feed reports AED
  >>> FLAG REGISTRY: EMAARDEV: NO quote and NO sticky close — symbol drift? (EMAARDEV.AE)
  >>> FLAG REGISTRY: ETL.PA: NO quote and NO sticky close — symbol drift? (ETL.PA)
  >>> FLAG REGISTRY: EVO.ST: registry ccy USD but feed reports SEK
  >>> FLAG REGISTRY: EVO.ST: NO quote and NO sticky close — symbol drift? (EVO.ST)
  >>> FLAG REGISTRY: FCT.MI: NO quote and NO sticky close — symbol drift? (FCT.MI)
  >>> FLAG REGISTRY: FGR.PA: NO quote and NO sticky close — symbol drift? (FGR.PA)
  >>> FLAG REGISTRY: FM: NO quote and NO sticky close — symbol drift? (FM.TO)
  >>> FLAG REGISTRY: FUTR.L: NO quote and NO sticky close — symbol drift? (FUTR.L)
  >>> FLAG REGISTRY: FXPO.L: NO quote and NO sticky close — symbol drift? (FXPO.L)
  >>> FLAG REGISTRY: GALD: registry ccy USD but feed reports CHF
  >>> FLAG REGISTRY: GALD: NO quote and NO sticky close — symbol drift? (GALD.SW)
  >>> FLAG REGISTRY: GXI.DE: NO quote and NO sticky close — symbol drift? (GXI.DE)
  >>> FLAG REGISTRY: HARRYS-IPO: NO quote and NO sticky close — symbol drift? (HARRYS-IPO)
  >>> FLAG REGISTRY: HKFOODS.HE: registry ccy USD but feed reports EUR
  >>> FLAG REGISTRY: HKFOODS.HE: NO quote and NO sticky close — symbol drift? (HKFOODS.HE)
  >>> FLAG REGISTRY: HMDPF: NO quote and NO sticky close — symbol drift? (HPS-A.TO)
  >>> FLAG REGISTRY: HOLM-B.ST: registry ccy USD but feed reports SEK
  >>> FLAG REGISTRY: HOLM-B.ST: NO quote and NO sticky close — symbol drift? (HOLM-B.ST)
  >>> FLAG REGISTRY: HOLN.SW: registry ccy USD but feed reports CHF
  >>> FLAG REGISTRY: HOLN.SW: NO quote and NO sticky close — symbol drift? (HOLN.SW)
  >>> FLAG REGISTRY: HSBK.L: NO quote and NO sticky close — symbol drift? (HSBK.IL)
  >>> FLAG REGISTRY: HSX.L: NO quote and NO sticky close — symbol drift? (HSX.L)
  >>> FLAG REGISTRY: IAG.L: NO quote and NO sticky close — symbol drift? (IAG.L)
  >>> FLAG REGISTRY: IVN: NO quote and NO sticky close — symbol drift? (IVN.TO)
  >>> FLAG REGISTRY: JAPAN-VALUEUP-SLEEVE: NO quote and NO sticky close — symbol drift? (JAPAN-VALUEUP-SLEEVE)
  >>> FLAG REGISTRY: JUN3.DE: NO quote and NO sticky close — symbol drift? (JUN3.DE)
  >>> FLAG REGISTRY: KALSHI-DIVERGENCE-SLEEVE: NO quote and NO sticky close — symbol drift? (KALSHI-DIVERGENCE-SLEEVE)
  >>> FLAG REGISTRY: KAP: NO quote and NO sticky close — symbol drift? (KAP)
  >>> FLAG REGISTRY: KEMIRA.HE: registry ccy USD but feed reports EUR
  >>> FLAG REGISTRY: KEMIRA.HE: NO quote and NO sticky close — symbol drift? (KEMIRA.HE)
  >>> FLAG REGISTRY: KER.PA: NO quote and NO sticky close — symbol drift? (KER.PA)
  >>> FLAG REGISTRY: KER.WA: NO quote and NO sticky close — symbol drift? (KER.WA)
  >>> FLAG REGISTRY: KRX.IR: registry ccy USD but feed reports EUR
  >>> FLAG REGISTRY: KRX.IR: NO quote and NO sticky close — symbol drift? (KRX.IR)
  >>> FLAG REGISTRY: LUMI.TA: registry ccy USD but feed reports ILA
  >>> FLAG REGISTRY: LUMI.TA: NO quote and NO sticky close — symbol drift? (LUMI.TA)
  >>> FLAG REGISTRY: MC.PA: NO quote and NO sticky close — symbol drift? (MC.PA)
  >>> FLAG REGISTRY: MFINL: NO quote and NO sticky close — symbol drift? (MFINL)
  >>> FLAG REGISTRY: MHPC.L: NO quote and NO sticky close — symbol drift? (MHPC.L)
  >>> FLAG REGISTRY: MMB.PA: NO quote and NO sticky close — symbol drift? (MMB.PA)
  >>> FLAG REGISTRY: NBG.AT: NO quote and NO sticky close — symbol drift? (NBG.AT)
  >>> FLAG REGISTRY: ORDERBOOK-ANOMALY: NO quote and NO sticky close — symbol drift? (ORDERBOOK-ANOMALY)
  >>> FLAG REGISTRY: OTB.L: NO quote and NO sticky close — symbol drift? (OTB.L)
  >>> FLAG REGISTRY: OTP: NO quote and NO sticky close — symbol drift? (OTP)
  >>> FLAG REGISTRY: PEO.WA: NO quote and NO sticky close — symbol drift? (PEO.WA)
  >>> FLAG REGISTRY: PKO.WA: NO quote and NO sticky close — symbol drift? (PKO.WA)
  >>> FLAG REGISTRY: POLI: registry ccy USD but feed reports ILA
  >>> FLAG REGISTRY: POLI: NO quote and NO sticky close — symbol drift? (POLI.TA)
  >>> FLAG REGISTRY: POLI.TA: registry ccy USD but feed reports ILA
  >>> FLAG REGISTRY: POLI.TA: NO quote and NO sticky close — symbol drift? (POLI.TA)
  >>> FLAG REGISTRY: PREFERRED-ODDLOT-SLEEVE: NO quote and NO sticky close — symbol drift? (PREFERRED-ODDLOT-SLEEVE)
  >>> FLAG REGISTRY: PRIC-B.ST: registry ccy USD but feed reports SEK
  >>> FLAG REGISTRY: PRIC-B.ST: NO quote and NO sticky close — symbol drift? (PRIC-B.ST)
  >>> FLAG REGISTRY: PRN.L: NO quote and NO sticky close — symbol drift? (PRN.L)
  >>> FLAG REGISTRY: PRY.MI: NO quote and NO sticky close — symbol drift? (PRY.MI)
  >>> FLAG REGISTRY: PSK: NO quote and NO sticky close — symbol drift? (PSK.TO)
  >>> FLAG REGISTRY: RBI.VI: NO quote and NO sticky close — symbol drift? (RBI.VI)
  >>> FLAG REGISTRY: RILY-NOTES: NO quote and NO sticky close — symbol drift? (RILY-NOTES)
  >>> FLAG REGISTRY: RMS.PA: NO quote and NO sticky close — symbol drift? (RMS.PA)
  >>> FLAG REGISTRY: RO-IPO: NO quote and NO sticky close — symbol drift? (RO-IPO)
  >>> FLAG REGISTRY: ROCK-B.CO: registry ccy USD but feed reports DKK
  >>> FLAG REGISTRY: ROCK-B.CO: NO quote and NO sticky close — symbol drift? (ROCK-B.CO)
  >>> FLAG REGISTRY: RUSSELL-RECON-SLEEVE: NO quote and NO sticky close — symbol drift? (RUSSELL-RECON-SLEEVE)
  >>> FLAG REGISTRY: SACC-NOTES: NO quote and NO sticky close — symbol drift? (SACC-NOTES)
  >>> FLAG REGISTRY: SAP.DE: NO quote and NO sticky close — symbol drift? (SAP.DE)
  >>> FLAG REGISTRY: SCA-B.ST: registry ccy USD but feed reports SEK
  >>> FLAG REGISTRY: SCA-B.ST: NO quote and NO sticky close — symbol drift? (SCA-B.ST)
  >>> FLAG REGISTRY: SCHO.CO: registry ccy USD but feed reports DKK
  >>> FLAG REGISTRY: SCHO.CO: NO quote and NO sticky close — symbol drift? (SCHO.CO)
  >>> FLAG REGISTRY: SEPT-DEPLOY: NO quote and NO sticky close — symbol drift? (SEPT-DEPLOY)
  >>> FLAG REGISTRY: SESG.PA: NO quote and NO sticky close — symbol drift? (SESG.PA)
  >>> FLAG REGISTRY: SFPI.PA: NO quote and NO sticky close — symbol drift? (SFPI.PA)
  >>> FLAG REGISTRY: STEM.L: NO quote and NO sticky close — symbol drift? (STEM.L)
  >>> FLAG REGISTRY: STERV.HE: registry ccy USD but feed reports EUR
  >>> FLAG REGISTRY: STERV.HE: NO quote and NO sticky close — symbol drift? (STERV.HE)
  >>> FLAG REGISTRY: TAIL-PROGRAM: NO quote and NO sticky close — symbol drift? (TAIL-PROGRAM)
  >>> FLAG REGISTRY: TBCG.L: NO quote and NO sticky close — symbol drift? (TBCG.L)
  >>> FLAG REGISTRY: TEM1V.HE: registry ccy USD but feed reports EUR
  >>> FLAG REGISTRY: TEM1V.HE: NO quote and NO sticky close — symbol drift? (TEM1V.HE)
  >>> FLAG REGISTRY: TOKMAN.HE: registry ccy USD but feed reports EUR
  >>> FLAG REGISTRY: TOKMAN.HE: NO quote and NO sticky close — symbol drift? (TOKMAN.HE)
  >>> FLAG REGISTRY: TPEIR.AT: NO quote and NO sticky close — symbol drift? (TPEIR.AT)
  >>> FLAG REGISTRY: TRU.L: NO quote and NO sticky close — symbol drift? (TRU.L)
  >>> FLAG REGISTRY: TW.L: NO quote and NO sticky close — symbol drift? (TW.L)
  >>> FLAG REGISTRY: UKRAIN-StepUp-B: NO quote and NO sticky close — symbol drift? (UKRAIN-StepUp-B)
  >>> FLAG REGISTRY: VERO: NO quote and NO sticky close — symbol drift? (VERO)
  >>> FLAG REGISTRY: VSCO: NO quote and NO sticky close — symbol drift? (VSCO)
  >>> FLAG REGISTRY: VTY.L: NO quote and NO sticky close — symbol drift? (VTY.L)
  >>> FLAG REGISTRY: WIE.VIE: NO quote and NO sticky close — symbol drift? (WIE.VIE)
  >>> FLAG REGISTRY: WIZZ.L: NO quote and NO sticky close — symbol drift? (WIZZ.L)

/Users/ajay/Library/Python/3.9/lib/python/site-packages/urllib3/__init__.py:35: NotOpenSSLWarning: urllib3 v2 only supports OpenSSL 1.1.1+, currently the 'ssl' module is compiled with 'LibreSSL 2.8.3'. See: https://github.com/urllib3/urllib3/issues/3020
  warnings.warn(
HTTP Error 404: {"quoteSummary":{"result":null,"error":{"code":"Not Found","description":"Quote not found for symbol: 5595.T"}}}
$5595.T: possibly delisted; no price data found  (period=5d) (Yahoo error = "No data found, symbol may be delisted")
HTTP Error 404: {"quoteSummary":{"result":null,"error":{"code":"Not Found","description":"Quote not found for symbol: 8750"}}}
$8750: possibly delisted; no price data found  (period=5d) (Yahoo error = "No data found, symbol may be delisted")
$ADIG: possibly delisted; no price data found  (period=5d) (Yahoo error = "No data found, symbol may be delisted")
$AST.WAR: possibly delisted; no price data found  (period=5d) (Yahoo error = "No data found, symbol may be delisted")
$BABYBOND-SLEEVE: possibly delisted; no price data found  (period=5d) (Yahoo error = "No data found, symbol may be delisted")
$BANKPOND-SLEEVE: possibly delisted; no price data found  (period=5d) (Yahoo error = "No data found, symbol may be delisted")
$CBKD.L: possibly delisted; no price data found  (period=5d)
$CRXT: possibly delisted; no price data found  (period=5d)
$FXPO.L: possibly delisted; no price data found  (period=5d)
$HARRYS-IPO: possibly delisted; no price data found  (period=5d) (Yahoo error = "No data found, symbol may be delisted")
$JAPAN-VALUEUP-SLEEVE: possibly delisted; no price data found  (period=5d) (Yahoo error = "No data found, symbol may be delisted")
$KALSHI-DIVERGENCE-SLEEVE: possibly delisted; no price data found  (period=5d) (Yahoo error = "No data found, symbol may be delisted")
$KAP: possibly delisted; no price data found  (period=5d)
$MFINL: possibly delisted; no price data found  (period=5d) (Yahoo error = "No data found, symbol may be delisted")
$MHPC.L: possibly delisted; no price data found  (period=5d)
$NBG.AT: possibly delisted; no price data found  (period=5d) (Yahoo error = "No data found, symbol may be delisted")
$ORDERBOOK-ANOMALY: possibly delisted; no price data found  (period=5d) (Yahoo error = "No data found, symbol may be delisted")
$OTP: possibly delisted; no price data found  (period=5d)
$PREFERRED-ODDLOT-SLEEVE: possibly delisted; no price data found  (period=5d) (Yahoo error = "No data found, symbol may be delisted")
$RILY-NOTES: possibly delisted; no price data found  (period=5d) (Yahoo error = "No data found, symbol may be delisted")
$RO-IPO: possibly delisted; no price data found  (period=5d) (Yahoo error = "No data found, symbol may be delisted")
$RUSSELL-RECON-SLEEVE: possibly delisted; no price data found  (period=5d) (Yahoo error = "No data found, symbol may be delisted")
$SACC-NOTES: possibly delisted; no price data found  (period=5d) (Yahoo error = "No data found, symbol may be delisted")
$SATS: possibly delisted; no price data found  (period=5d)
$SEPT-DEPLOY: possibly delisted; no price data found  (period=5d) (Yahoo error = "No data found, symbol may be delisted")
$TAIL-PROGRAM: possibly delisted; no price data found  (period=5d) (Yahoo error = "No data found, symbol may be delisted")
$TRINZ: possibly delisted; no price data found  (period=5d)
$UKRAIN-STEPUP-B: possibly delisted; no price data found  (period=5d) (Yahoo error = "No data found, symbol may be delisted")
$VERO: possibly delisted; no price data found  (period=5d) (Yahoo error = "No data found, symbol may be delisted")
$VSCO: possibly delisted; no price data found  (period=5d)
$WIE.VIE: possibly delisted; no price data found  (period=5d) (Yahoo error = "No data found, symbol may be delisted")

===== 2026-08-10 11:44 (desk) =====
=== REGISTRY AUDIT  (649 symbols, 431 ok, 255 flags) ===
  >>> FLAG REGISTRY: 000880: NO quote and NO sticky close — symbol drift? (000880.KS)
  >>> FLAG REGISTRY: 0027.HK: registry ccy USD but feed reports HKD
  >>> FLAG REGISTRY: 0027.HK: NO quote and NO sticky close — symbol drift? (0027.HK)
  >>> FLAG REGISTRY: 003550.KS: NO quote and NO sticky close — symbol drift? (003550.KS)
  >>> FLAG REGISTRY: 005380.KS: NO quote and NO sticky close — symbol drift? (005380.KS)
  >>> FLAG REGISTRY: 005387.KS: NO quote and NO sticky close — symbol drift? (005387.KS)
  >>> FLAG REGISTRY: 005830.KS: NO quote and NO sticky close — symbol drift? (005830.KS)
  >>> FLAG REGISTRY: 006260: NO quote and NO sticky close — symbol drift? (006260.KS)
  >>> FLAG REGISTRY: 006800.KS: NO quote and NO sticky close — symbol drift? (006800.KS)
  >>> FLAG REGISTRY: 007590.KS: NO quote and NO sticky close — symbol drift? (007590.KS)
  >>> FLAG REGISTRY: 007700.KS: NO quote and NO sticky close — symbol drift? (007700.KS)
  >>> FLAG REGISTRY: 010240.KQ: registry ccy USD but feed reports KRW
  >>> FLAG REGISTRY: 010240.KQ: NO quote and NO sticky close — symbol drift? (010240.KQ)
  >>> FLAG REGISTRY: 010470.KQ: registry ccy USD but feed reports KRW
  >>> FLAG REGISTRY: 010470.KQ: NO quote and NO sticky close — symbol drift? (010470.KQ)
  >>> FLAG REGISTRY: 028100.KS: NO quote and NO sticky close — symbol drift? (028100.KS)
  >>> FLAG REGISTRY: 028260.KS: NO quote and NO sticky close — symbol drift? (028260.KS)
  >>> FLAG REGISTRY: 031820.KS: NO quote and NO sticky close — symbol drift? (031820.KS)
  >>> FLAG REGISTRY: 034730: NO quote and NO sticky close — symbol drift? (034730.KS)
  >>> FLAG REGISTRY: 035510.KS: NO quote and NO sticky close — symbol drift? (035510.KS)
  >>> FLAG REGISTRY: 038680.KQ: registry ccy USD but feed reports KRW
  >>> FLAG REGISTRY: 038680.KQ: NO quote and NO sticky close — symbol drift? (038680.KQ)
  >>> FLAG REGISTRY: 043370.KQ: registry ccy USD but feed reports KRW
  >>> FLAG REGISTRY: 043370.KQ: NO quote and NO sticky close — symbol drift? (043370.KQ)
  >>> FLAG REGISTRY: 049520.KQ: registry ccy USD but feed reports KRW
  >>> FLAG REGISTRY: 049520.KQ: NO quote and NO sticky close — symbol drift? (049520.KQ)
  >>> FLAG REGISTRY: 051910.KS: NO quote and NO sticky close — symbol drift? (051910.KS)
  >>> FLAG REGISTRY: 058850.KS: NO quote and NO sticky close — symbol drift? (058850.KS)
  >>> FLAG REGISTRY: 073560.KQ: registry ccy USD but feed reports KRW
  >>> FLAG REGISTRY: 073560.KQ: NO quote and NO sticky close — symbol drift? (073560.KQ)
  >>> FLAG REGISTRY: 079960.KQ: registry ccy USD but feed reports KRW
  >>> FLAG REGISTRY: 079960.KQ: NO quote and NO sticky close — symbol drift? (079960.KQ)
  >>> FLAG REGISTRY: 092300.KQ: registry ccy USD but feed reports KRW
  >>> FLAG REGISTRY: 092300.KQ: NO quote and NO sticky close — symbol drift? (092300.KQ)
  >>> FLAG REGISTRY: 1827.T: NO quote and NO sticky close — symbol drift? (1827.T)
  >>> FLAG REGISTRY: 1853.T: NO quote and NO sticky close — symbol drift? (1853.T)
  >>> FLAG REGISTRY: 1904.T: NO quote and NO sticky close — symbol drift? (1904.T)
  >>> FLAG REGISTRY: 1928.HK: registry ccy USD but feed reports HKD
  >>> FLAG REGISTRY: 1928.HK: NO quote and NO sticky close — symbol drift? (1928.HK)
  >>> FLAG REGISTRY: 2055.T: NO quote and NO sticky close — symbol drift? (2055.T)
  >>> FLAG REGISTRY: 210540.KS: NO quote and NO sticky close — symbol drift? (210540.KS)
  >>> FLAG REGISTRY: 214320.KS: NO quote and NO sticky close — symbol drift? (214320.KS)
  >>> FLAG REGISTRY: 214450.KQ: NO quote and NO sticky close — symbol drift? (214450.KS)
  >>> FLAG REGISTRY: 216050.KQ: registry ccy USD but feed reports KRW
  >>> FLAG REGISTRY: 216050.KQ: NO quote and NO sticky close — symbol drift? (216050.KQ)
  >>> FLAG REGISTRY: 241710.KS: NO quote and NO sticky close — symbol drift? (241710.KS)
  >>> FLAG REGISTRY: 241790.KQ: registry ccy USD but feed reports KRW
  >>> FLAG REGISTRY: 241790.KQ: NO quote and NO sticky close — symbol drift? (241790.KQ)
  >>> FLAG REGISTRY: 267980.KQ: registry ccy USD but feed reports KRW
  >>> FLAG REGISTRY: 267980.KQ: NO quote and NO sticky close — symbol drift? (267980.KQ)
  >>> FLAG REGISTRY: 2819.T: NO quote and NO sticky close — symbol drift? (2819.T)
  >>> FLAG REGISTRY: 3374.T: NO quote and NO sticky close — symbol drift? (3374.T)
  >>> FLAG REGISTRY: 3388.T: NO quote and NO sticky close — symbol drift? (3388.T)
  >>> FLAG REGISTRY: 3640.T: NO quote and NO sticky close — symbol drift? (3640.T)
  >>> FLAG REGISTRY: 372910.KS: NO quote and NO sticky close — symbol drift? (372910.KS)
  >>> FLAG REGISTRY: 4224.T: NO quote and NO sticky close — symbol drift? (4224.T)
  >>> FLAG REGISTRY: 4341.T: NO quote and NO sticky close — symbol drift? (4341.T)
  >>> FLAG REGISTRY: 4624.T: NO quote and NO sticky close — symbol drift? (4624.T)
  >>> FLAG REGISTRY: 4625.T: NO quote and NO sticky close — symbol drift? (4625.T)
  >>> FLAG REGISTRY: 4629.T: NO quote and NO sticky close — symbol drift? (4629.T)
  >>> FLAG REGISTRY: 4761.T: NO quote and NO sticky close — symbol drift? (4761.T)
  >>> FLAG REGISTRY: 5282.T: NO quote and NO sticky close — symbol drift? (5282.T)
  >>> FLAG REGISTRY: 5388.T: NO quote and NO sticky close — symbol drift? (5388.T)
  >>> FLAG REGISTRY: 5408.T: NO quote and NO sticky close — symbol drift? (5408.T)
  >>> FLAG REGISTRY: 5446.T: NO quote and NO sticky close — symbol drift? (5446.T)
  >>> FLAG REGISTRY: 5458.T: NO quote and NO sticky close — symbol drift? (5458.T)
  >>> FLAG REGISTRY: 5464.T: NO quote and NO sticky close — symbol drift? (5464.T)
  >>> FLAG REGISTRY: 5595.T: NO quote and NO sticky close — symbol drift? (5595.T)
  >>> FLAG REGISTRY: 5697.T: NO quote and NO sticky close — symbol drift? (5697.T)
  >>> FLAG REGISTRY: 5729.T: NO quote and NO sticky close — symbol drift? (5729.T)
  >>> FLAG REGISTRY: 6185.T: NO quote and NO sticky close — symbol drift? (6185.T)
  >>> FLAG REGISTRY: 6229.T: NO quote and NO sticky close — symbol drift? (6229.T)
  >>> FLAG REGISTRY: 6268.T: NO quote and NO sticky close — symbol drift? (6268.T)
  >>> FLAG REGISTRY: 6279.T: NO quote and NO sticky close — symbol drift? (6279.T)
  >>> FLAG REGISTRY: 6286.T: NO quote and NO sticky close — symbol drift? (6286.T)
  >>> FLAG REGISTRY: 6384.T: NO quote and NO sticky close — symbol drift? (6384.T)
  >>> FLAG REGISTRY: 6481.T: NO quote and NO sticky close — symbol drift? (6481.T)
  >>> FLAG REGISTRY: 6626.T: NO quote and NO sticky close — symbol drift? (6626.T)
  >>> FLAG REGISTRY: 6758.T: NO quote and NO sticky close — symbol drift? (6758.T)
  >>> FLAG REGISTRY: 6804.T: NO quote and NO sticky close — symbol drift? (6804.T)
  >>> FLAG REGISTRY: 6932.T: NO quote and NO sticky close — symbol drift? (6932.T)
  >>> FLAG REGISTRY: 7122.T: NO quote and NO sticky close — symbol drift? (7122.T)
  >>> FLAG REGISTRY: 7162.T: NO quote and NO sticky close — symbol drift? (7162.T)
  >>> FLAG REGISTRY: 7222.T: NO quote and NO sticky close — symbol drift? (7222.T)
  >>> FLAG REGISTRY: 7235.T: NO quote and NO sticky close — symbol drift? (7235.T)
  >>> FLAG REGISTRY: 7239.T: NO quote and NO sticky close — symbol drift? (7239.T)
  >>> FLAG REGISTRY: 7254.T: NO quote and NO sticky close — symbol drift? (7254.T)
  >>> FLAG REGISTRY: 7460.T: NO quote and NO sticky close — symbol drift? (7460.T)
  >>> FLAG REGISTRY: 7565.T: NO quote and NO sticky close — symbol drift? (7565.T)
  >>> FLAG REGISTRY: 7722.T: NO quote and NO sticky close — symbol drift? (7722.T)
  >>> FLAG REGISTRY: 7820.T: NO quote and NO sticky close — symbol drift? (7820.T)
  >>> FLAG REGISTRY: 7877.T: NO quote and NO sticky close — symbol drift? (7877.T)
  >>> FLAG REGISTRY: 7937.T: NO quote and NO sticky close — symbol drift? (7937.T)
  >>> FLAG REGISTRY: 7955.T: NO quote and NO sticky close — symbol drift? (7955.T)
  >>> FLAG REGISTRY: 8104.T: NO quote and NO sticky close — symbol drift? (8104.T)
  >>> FLAG REGISTRY: 8138.T: NO quote and NO sticky close — symbol drift? (8138.T)
  >>> FLAG REGISTRY: 8226.T: NO quote and NO sticky close — symbol drift? (8226.T)
  >>> FLAG REGISTRY: 8737.T: NO quote and NO sticky close — symbol drift? (8737.T)
  >>> FLAG REGISTRY: 8750: NO quote and NO sticky close — symbol drift? (8750)
  >>> FLAG REGISTRY: 8750.T: NO quote and NO sticky close — symbol drift? (8750.T)
  >>> FLAG REGISTRY: 9845.T: NO quote and NO sticky close — symbol drift? (9845.T)
  >>> FLAG REGISTRY: 9994.T: NO quote and NO sticky close — symbol drift? (9994.T)
  >>> FLAG REGISTRY: ACSO: NO quote and NO sticky close — symbol drift? (ACSO.L)
  >>> FLAG REGISTRY: AEP: NO quote and NO sticky close — symbol drift? (AEP.L)
  >>> FLAG REGISTRY: ALPHA.AT: NO quote and NO sticky close — symbol drift? (ALPHA.AT)
  >>> FLAG REGISTRY: AMV0.DE: NO quote and NO sticky close — symbol drift? (AMV0.DE)
  >>> FLAG REGISTRY: AST.WAR: NO quote and NO sticky close — symbol drift? (AST.WAR)
  >>> FLAG REGISTRY: AVAP.L: NO quote and NO sticky close — symbol drift? (AVAP.L)
  >>> FLAG REGISTRY: BA.L: NO quote and NO sticky close — symbol drift? (BA.L)
  >>> FLAG REGISTRY: BABYBOND-SLEEVE: NO quote and NO sticky close — symbol drift? (BABYBOND-SLEEVE)
  >>> FLAG REGISTRY: BANKPOND-SLEEVE: NO quote and NO sticky close — symbol drift? (BANKPOND-SLEEVE)
  >>> FLAG REGISTRY: BAVA.CO: registry ccy USD but feed reports DKK
  >>> FLAG REGISTRY: BAVA.CO: NO quote and NO sticky close — symbol drift? (BAVA.CO)
  >>> FLAG REGISTRY: BC.MI: NO quote and NO sticky close — symbol drift? (BC.MI)
  >>> FLAG REGISTRY: BEI.DE: NO quote and NO sticky close — symbol drift? (BEI.DE)
  >>> FLAG REGISTRY: BGEO.L: NO quote and NO sticky close — symbol drift? (BGEO.L)
  >>> FLAG REGISTRY: BMS.L: NO quote and NO sticky close — symbol drift? (BMS.L)
  >>> FLAG REGISTRY: BRBY.L: NO quote and NO sticky close — symbol drift? (BRBY.L)
  >>> FLAG REGISTRY: CAML: NO quote and NO sticky close — symbol drift? (CAML.L)
  >>> FLAG REGISTRY: CAPD: NO quote and NO sticky close — symbol drift? (CAPD.L)
  >>> FLAG REGISTRY: CARD.L: NO quote and NO sticky close — symbol drift? (CARD.L)
  >>> FLAG REGISTRY: CFR.SW: registry ccy USD but feed reports CHF
  >>> FLAG REGISTRY: CFR.SW: NO quote and NO sticky close — symbol drift? (CFR.SW)
  >>> FLAG REGISTRY: CGEO.L: NO quote and NO sticky close — symbol drift? (CGEO.L)
  >>> FLAG REGISTRY: CGS: NO quote and NO sticky close — symbol drift? (CGS.L)
  >>> FLAG REGISTRY: CHH: NO quote and NO sticky close — symbol drift? (CHH.L)
  >>> FLAG REGISTRY: CLBS: NO quote and NO sticky close — symbol drift? (CLBS.L)
  >>> FLAG REGISTRY: COST: NO quote and NO sticky close — symbol drift? (COST.L)
  >>> FLAG REGISTRY: CRDA: NO quote and NO sticky close — symbol drift? (CRDA.L)
  >>> FLAG REGISTRY: CRXT: NO quote and NO sticky close — symbol drift? (CRXT)
  >>> FLAG REGISTRY: DG.PA: NO quote and NO sticky close — symbol drift? (DG.PA)
  >>> FLAG REGISTRY: DGE.L: NO quote and NO sticky close — symbol drift? (DGE.L)
  >>> FLAG REGISTRY: DNORD.CO: registry ccy USD but feed reports DKK
  >>> FLAG REGISTRY: DNORD.CO: NO quote and NO sticky close — symbol drift? (DNORD.CO)
  >>> FLAG REGISTRY: EAH: NO quote and NO sticky close — symbol drift? (EAH.L)
  >>> FLAG REGISTRY: EMAAR: registry ccy USD but feed reports AED
  >>> FLAG REGISTRY: EMAAR: NO quote and NO sticky close — symbol drift? (EMAAR.AE)
  >>> FLAG REGISTRY: EMAARDEV: registry ccy USD but feed reports AED
  >>> FLAG REGISTRY: EMAARDEV: NO quote and NO sticky close — symbol drift? (EMAARDEV.AE)
  >>> FLAG REGISTRY: ETL.PA: NO quote and NO sticky close — symbol drift? (ETL.PA)
  >>> FLAG REGISTRY: EVO.ST: registry ccy USD but feed reports SEK
  >>> FLAG REGISTRY: EVO.ST: NO quote and NO sticky close — symbol drift? (EVO.ST)
  >>> FLAG REGISTRY: FCT.MI: NO quote and NO sticky close — symbol drift? (FCT.MI)
  >>> FLAG REGISTRY: FDEV: NO quote and NO sticky close — symbol drift? (FDEV.L)
  >>> FLAG REGISTRY: FDM: NO quote and NO sticky close — symbol drift? (FDM.L)
  >>> FLAG REGISTRY: FGR.PA: NO quote and NO sticky close — symbol drift? (FGR.PA)
  >>> FLAG REGISTRY: FM: NO quote and NO sticky close — symbol drift? (FM.TO)
  >>> FLAG REGISTRY: FUTR.L: NO quote and NO sticky close — symbol drift? (FUTR.L)
  >>> FLAG REGISTRY: FXPO.L: NO quote and NO sticky close — symbol drift? (FXPO.L)
  >>> FLAG REGISTRY: GALD: registry ccy USD but feed reports CHF
  >>> FLAG REGISTRY: GALD: NO quote and NO sticky close — symbol drift? (GALD.SW)
  >>> FLAG REGISTRY: GAW: NO quote and NO sticky close — symbol drift? (GAW.L)
  >>> FLAG REGISTRY: GENL: NO quote and NO sticky close — symbol drift? (GENL.L)
  >>> FLAG REGISTRY: GMS.L: NO quote and NO sticky close — symbol drift? (GMS.L)
  >>> FLAG REGISTRY: GXI.DE: NO quote and NO sticky close — symbol drift? (GXI.DE)
  >>> FLAG REGISTRY: HARRYS-IPO: NO quote and NO sticky close — symbol drift? (HARRYS-IPO)
  >>> FLAG REGISTRY: HKFOODS.HE: registry ccy USD but feed reports EUR
  >>> FLAG REGISTRY: HKFOODS.HE: NO quote and NO sticky close — symbol drift? (HKFOODS.HE)
  >>> FLAG REGISTRY: HMDPF: NO quote and NO sticky close — symbol drift? (HPS-A.TO)
  >>> FLAG REGISTRY: HOLM-B.ST: registry ccy USD but feed reports SEK
  >>> FLAG REGISTRY: HOLM-B.ST: NO quote and NO sticky close — symbol drift? (HOLM-B.ST)
  >>> FLAG REGISTRY: HOLN.SW: registry ccy USD but feed reports CHF
  >>> FLAG REGISTRY: HOLN.SW: NO quote and NO sticky close — symbol drift? (HOLN.SW)
  >>> FLAG REGISTRY: HSBK.L: NO quote and NO sticky close — symbol drift? (HSBK.IL)
  >>> FLAG REGISTRY: HSX.L: NO quote and NO sticky close — symbol drift? (HSX.L)
  >>> FLAG REGISTRY: HTG: NO quote and NO sticky close — symbol drift? (HTG.L)
  >>> FLAG REGISTRY: IAG.L: NO quote and NO sticky close — symbol drift? (IAG.L)
  >>> FLAG REGISTRY: IVN: NO quote and NO sticky close — symbol drift? (IVN.TO)
  >>> FLAG REGISTRY: JAPAN-VALUEUP-SLEEVE: NO quote and NO sticky close — symbol drift? (JAPAN-VALUEUP-SLEEVE)
  >>> FLAG REGISTRY: JUN3.DE: NO quote and NO sticky close — symbol drift? (JUN3.DE)
  >>> FLAG REGISTRY: KALSHI-DIVERGENCE-SLEEVE: NO quote and NO sticky close — symbol drift? (KALSHI-DIVERGENCE-SLEEVE)
  >>> FLAG REGISTRY: KAP: NO quote and NO sticky close — symbol drift? (KAP)
  >>> FLAG REGISTRY: KEMIRA.HE: registry ccy USD but feed reports EUR
  >>> FLAG REGISTRY: KEMIRA.HE: NO quote and NO sticky close — symbol drift? (KEMIRA.HE)
  >>> FLAG REGISTRY: KER.PA: NO quote and NO sticky close — symbol drift? (KER.PA)
  >>> FLAG REGISTRY: KER.WA: NO quote and NO sticky close — symbol drift? (KER.WA)
  >>> FLAG REGISTRY: KMK: NO quote and NO sticky close — symbol drift? (KMK.L)
  >>> FLAG REGISTRY: KOO: NO quote and NO sticky close — symbol drift? (KOO.L)
  >>> FLAG REGISTRY: KRX.IR: registry ccy USD but feed reports EUR
  >>> FLAG REGISTRY: KRX.IR: NO quote and NO sticky close — symbol drift? (KRX.IR)
  >>> FLAG REGISTRY: KSL.HE: registry ccy USD but feed reports EUR
  >>> FLAG REGISTRY: KSL.HE: NO quote and NO sticky close — symbol drift? (KSL.HE)
  >>> FLAG REGISTRY: LBG: NO quote and NO sticky close — symbol drift? (LBG.L)
  >>> FLAG REGISTRY: LTHM: NO quote and NO sticky close — symbol drift? (LTHM.L)
  >>> FLAG REGISTRY: LUMI.TA: registry ccy USD but feed reports ILA
  >>> FLAG REGISTRY: LUMI.TA: NO quote and NO sticky close — symbol drift? (LUMI.TA)
  >>> FLAG REGISTRY: MC.PA: NO quote and NO sticky close — symbol drift? (MC.PA)
  >>> FLAG REGISTRY: MFINL: NO quote and NO sticky close — symbol drift? (MFINL)
  >>> FLAG REGISTRY: MMB.PA: NO quote and NO sticky close — symbol drift? (MMB.PA)
  >>> FLAG REGISTRY: NBG.AT: NO quote and NO sticky close — symbol drift? (NBG.AT)
  >>> FLAG REGISTRY: OMG: NO quote and NO sticky close — symbol drift? (OMG.L)
  >>> FLAG REGISTRY: ORDERBOOK-ANOMALY: NO quote and NO sticky close — symbol drift? (ORDERBOOK-ANOMALY)
  >>> FLAG REGISTRY: OTB.L: NO quote and NO sticky close — symbol drift? (OTB.L)
  >>> FLAG REGISTRY: OTP: NO quote and NO sticky close — symbol drift? (OTP)
  >>> FLAG REGISTRY: PEBB: NO quote and NO sticky close — symbol drift? (PEBB.L)
  >>> FLAG REGISTRY: PEO.WA: NO quote and NO sticky close — symbol drift? (PEO.WA)
  >>> FLAG REGISTRY: PKO.WA: NO quote and NO sticky close — symbol drift? (PKO.WA)
  >>> FLAG REGISTRY: POLI: registry ccy USD but feed reports ILA
  >>> FLAG REGISTRY: POLI: NO quote and NO sticky close — symbol drift? (POLI.TA)
  >>> FLAG REGISTRY: POLI.TA: registry ccy USD but feed reports ILA
  >>> FLAG REGISTRY: POLI.TA: NO quote and NO sticky close — symbol drift? (POLI.TA)
  >>> FLAG REGISTRY: PREFERRED-ODDLOT-SLEEVE: NO quote and NO sticky close — symbol drift? (PREFERRED-ODDLOT-SLEEVE)
  >>> FLAG REGISTRY: PRIC-B.ST: registry ccy USD but feed reports SEK
  >>> FLAG REGISTRY: PRIC-B.ST: NO quote and NO sticky close — symbol drift? (PRIC-B.ST)
  >>> FLAG REGISTRY: PRN.L: NO quote and NO sticky close — symbol drift? (PRN.L)
  >>> FLAG REGISTRY: PRY.MI: NO quote and NO sticky close — symbol drift? (PRY.MI)
  >>> FLAG REGISTRY: PSK: NO quote and NO sticky close — symbol drift? (PSK.TO)
  >>> FLAG REGISTRY: RBI.VI: NO quote and NO sticky close — symbol drift? (RBI.VI)
  >>> FLAG REGISTRY: RILY-NOTES: NO quote and NO sticky close — symbol drift? (RILY-NOTES)
  >>> FLAG REGISTRY: RMS.PA: NO quote and NO sticky close — symbol drift? (RMS.PA)
  >>> FLAG REGISTRY: RO-IPO: NO quote and NO sticky close — symbol drift? (RO-IPO)
  >>> FLAG REGISTRY: ROCK-B.CO: registry ccy USD but feed reports DKK
  >>> FLAG REGISTRY: ROCK-B.CO: NO quote and NO sticky close — symbol drift? (ROCK-B.CO)
  >>> FLAG REGISTRY: RUSSELL-RECON-SLEEVE: NO quote and NO sticky close — symbol drift? (RUSSELL-RECON-SLEEVE)
  >>> FLAG REGISTRY: SACC-NOTES: NO quote and NO sticky close — symbol drift? (SACC-NOTES)
  >>> FLAG REGISTRY: SAP.DE: NO quote and NO sticky close — symbol drift? (SAP.DE)
  >>> FLAG REGISTRY: SCA-B.ST: registry ccy USD but feed reports SEK
  >>> FLAG REGISTRY: SCA-B.ST: NO quote and NO sticky close — symbol drift? (SCA-B.ST)
  >>> FLAG REGISTRY: SCHO.CO: registry ccy USD but feed reports DKK
  >>> FLAG REGISTRY: SCHO.CO: NO quote and NO sticky close — symbol drift? (SCHO.CO)
  >>> FLAG REGISTRY: SEPT-DEPLOY: NO quote and NO sticky close — symbol drift? (SEPT-DEPLOY)
  >>> FLAG REGISTRY: SESG.PA: NO quote and NO sticky close — symbol drift? (SESG.PA)
  >>> FLAG REGISTRY: SFPI.PA: NO quote and NO sticky close — symbol drift? (SFPI.PA)
  >>> FLAG REGISTRY: SLP: NO quote and NO sticky close — symbol drift? (SLP.L)
  >>> FLAG REGISTRY: SOM: NO quote and NO sticky close — symbol drift? (SOM.L)
  >>> FLAG REGISTRY: SPR: NO quote and NO sticky close — symbol drift? (SPR.L)
  >>> FLAG REGISTRY: SRB: NO quote and NO sticky close — symbol drift? (SRB.L)
  >>> FLAG REGISTRY: STEM: NO quote and NO sticky close — symbol drift? (STEM.L)
  >>> FLAG REGISTRY: STEM.L: NO quote and NO sticky close — symbol drift? (STEM.L)
  >>> FLAG REGISTRY: STERV.HE: registry ccy USD but feed reports EUR
  >>> FLAG REGISTRY: STERV.HE: NO quote and NO sticky close — symbol drift? (STERV.HE)
  >>> FLAG REGISTRY: TAIL-PROGRAM: NO quote and NO sticky close — symbol drift? (TAIL-PROGRAM)
  >>> FLAG REGISTRY: TBCG.L: NO quote and NO sticky close — symbol drift? (TBCG.L)
  >>> FLAG REGISTRY: TEM1V.HE: registry ccy USD but feed reports EUR
  >>> FLAG REGISTRY: TEM1V.HE: NO quote and NO sticky close — symbol drift? (TEM1V.HE)
  >>> FLAG REGISTRY: TFW: NO quote and NO sticky close — symbol drift? (TFW.L)
  >>> FLAG REGISTRY: THS.L: NO quote and NO sticky close — symbol drift? (THS.L)
  >>> FLAG REGISTRY: THX: NO quote and NO sticky close — symbol drift? (THX.L)
  >>> FLAG REGISTRY: TOKMAN.HE: registry ccy USD but feed reports EUR
  >>> FLAG REGISTRY: TOKMAN.HE: NO quote and NO sticky close — symbol drift? (TOKMAN.HE)
  >>> FLAG REGISTRY: TPEIR.AT: NO quote and NO sticky close — symbol drift? (TPEIR.AT)
  >>> FLAG REGISTRY: TRU.L: NO quote and NO sticky close — symbol drift? (TRU.L)
  >>> FLAG REGISTRY: TW.L: NO quote and NO sticky close — symbol drift? (TW.L)
  >>> FLAG REGISTRY: UKRAIN-StepUp-B: NO quote and NO sticky close — symbol drift? (UKRAIN-StepUp-B)
  >>> FLAG REGISTRY: ULTP.L: NO quote and NO sticky close — symbol drift? (ULTP.L)
  >>> FLAG REGISTRY: VERK.HE: registry ccy USD but feed reports EUR
  >>> FLAG REGISTRY: VERK.HE: NO quote and NO sticky close — symbol drift? (VERK.HE)
  >>> FLAG REGISTRY: VERO: NO quote and NO sticky close — symbol drift? (VERO)
  >>> FLAG REGISTRY: VSCO: NO quote and NO sticky close — symbol drift? (VSCO)
  >>> FLAG REGISTRY: VTY: NO quote and NO sticky close — symbol drift? (VTY.L)
  >>> FLAG REGISTRY: VTY.L: NO quote and NO sticky close — symbol drift? (VTY.L)
  >>> FLAG REGISTRY: WIE.VIE: NO quote and NO sticky close — symbol drift? (WIE.VIE)
  >>> FLAG REGISTRY: WIZZ.L: NO quote and NO sticky close — symbol drift? (WIZZ.L)
  >>> FLAG REGISTRY: WYN: NO quote and NO sticky close — symbol drift? (WYN.L)
  >>> FLAG REGISTRY: YU.: NO quote and NO sticky close — symbol drift? (YU..L)

/Users/ajay/Library/Python/3.9/lib/python/site-packages/urllib3/__init__.py:35: NotOpenSSLWarning: urllib3 v2 only supports OpenSSL 1.1.1+, currently the 'ssl' module is compiled with 'LibreSSL 2.8.3'. See: https://github.com/urllib3/urllib3/issues/3020
  warnings.warn(
$000880.KS: possibly delisted; no price data found  (period=5d)
HTTP Error 404: {"quoteSummary":{"result":null,"error":{"code":"Not Found","description":"Quote not found for symbol: 5595.T"}}}
$5595.T: possibly delisted; no price data found  (period=5d) (Yahoo error = "No data found, symbol may be delisted")
HTTP Error 404: {"quoteSummary":{"result":null,"error":{"code":"Not Found","description":"Quote not found for symbol: 8750"}}}
$8750: possibly delisted; no price data found  (period=5d) (Yahoo error = "No data found, symbol may be delisted")
$AST.WAR: possibly delisted; no price data found  (period=5d) (Yahoo error = "No data found, symbol may be delisted")
$BABYBOND-SLEEVE: possibly delisted; no price data found  (period=5d) (Yahoo error = "No data found, symbol may be delisted")
$BANKPOND-SLEEVE: possibly delisted; no price data found  (period=5d) (Yahoo error = "No data found, symbol may be delisted")
$CBKD.L: possibly delisted; no price data found  (period=5d)
$CRXT: possibly delisted; no price data found  (period=5d)
$FXPO.L: possibly delisted; no price data found  (period=5d)
$HARRYS-IPO: possibly delisted; no price data found  (period=5d) (Yahoo error = "No data found, symbol may be delisted")
$JAPAN-VALUEUP-SLEEVE: possibly delisted; no price data found  (period=5d) (Yahoo error = "No data found, symbol may be delisted")
$KALSHI-DIVERGENCE-SLEEVE: possibly delisted; no price data found  (period=5d) (Yahoo error = "No data found, symbol may be delisted")
$KAP: possibly delisted; no price data found  (period=5d)
$MFINL: possibly delisted; no price data found  (period=5d) (Yahoo error = "No data found, symbol may be delisted")
$MHPC.L: possibly delisted; no price data found  (period=5d)
$NBG.AT: possibly delisted; no price data found  (period=5d) (Yahoo error = "No data found, symbol may be delisted")
$ORDERBOOK-ANOMALY: possibly delisted; no price data found  (period=5d) (Yahoo error = "No data found, symbol may be delisted")
$OTP: possibly delisted; no price data found  (period=5d)
$PREFERRED-ODDLOT-SLEEVE: possibly delisted; no price data found  (period=5d) (Yahoo error = "No data found, symbol may be delisted")
$RILY-NOTES: possibly delisted; no price data found  (period=5d) (Yahoo error = "No data found, symbol may be delisted")
$RO-IPO: possibly delisted; no price data found  (period=5d) (Yahoo error = "No data found, symbol may be delisted")
$RUSSELL-RECON-SLEEVE: possibly delisted; no price data found  (period=5d) (Yahoo error = "No data found, symbol may be delisted")
$SACC-NOTES: possibly delisted; no price data found  (period=5d) (Yahoo error = "No data found, symbol may be delisted")
$SATS: possibly delisted; no price data found  (period=5d)
$SEPT-DEPLOY: possibly delisted; no price data found  (period=5d) (Yahoo error = "No data found, symbol may be delisted")
$TAIL-PROGRAM: possibly delisted; no price data found  (period=5d) (Yahoo error = "No data found, symbol may be delisted")
$TRINZ: possibly delisted; no price data found  (period=5d)
$UKRAIN-STEPUP-B: possibly delisted; no price data found  (period=5d) (Yahoo error = "No data found, symbol may be delisted")
$VERO: possibly delisted; no price data found  (period=5d) (Yahoo error = "No data found, symbol may be delisted")
$VSCO: possibly delisted; no price data found  (period=5d) (Yahoo error = "No data found, symbol may be delisted")
$WIE.VIE: possibly delisted; no price data found  (period=5d) (Yahoo error = "No data found, symbol may be delisted")
$YU..L: possibly delisted; no price data found  (period=5d) (Yahoo error = "No data found, symbol may be delisted")

===== 2026-08-17 12:50 (desk) =====
[runner] registry_audit failed: Command '['python3', '-m', 'desk.registry_audit']' timed out after 600 seconds
===== 2026-08-24 13:47 (desk) =====
=== REGISTRY AUDIT  (816 symbols, 586 ok, 249 flags) ===
  >>> FLAG REGISTRY: 000880: NO quote and NO sticky close — symbol drift? (000880.KS)
  >>> FLAG REGISTRY: 0027.HK: NO quote and NO sticky close — symbol drift? (0027.HK)
  >>> FLAG REGISTRY: 003550.KS: NO quote and NO sticky close — symbol drift? (003550.KS)
  >>> FLAG REGISTRY: 005380.KS: NO quote and NO sticky close — symbol drift? (005380.KS)
  >>> FLAG REGISTRY: 005387.KS: NO quote and NO sticky close — symbol drift? (005387.KS)
  >>> FLAG REGISTRY: 005830.KS: NO quote and NO sticky close — symbol drift? (005830.KS)
  >>> FLAG REGISTRY: 006260: NO quote and NO sticky close — symbol drift? (006260.KS)
  >>> FLAG REGISTRY: 006800.KS: NO quote and NO sticky close — symbol drift? (006800.KS)
  >>> FLAG REGISTRY: 007590.KS: NO quote and NO sticky close — symbol drift? (007590.KS)
  >>> FLAG REGISTRY: 007700.KS: NO quote and NO sticky close — symbol drift? (007700.KS)
  >>> FLAG REGISTRY: 010240.KQ: NO quote and NO sticky close — symbol drift? (010240.KQ)
  >>> FLAG REGISTRY: 010470.KQ: NO quote and NO sticky close — symbol drift? (010470.KQ)
  >>> FLAG REGISTRY: 028100.KS: NO quote and NO sticky close — symbol drift? (028100.KS)
  >>> FLAG REGISTRY: 028260.KS: NO quote and NO sticky close — symbol drift? (028260.KS)
  >>> FLAG REGISTRY: 031820.KS: NO quote and NO sticky close — symbol drift? (031820.KS)
  >>> FLAG REGISTRY: 034730: NO quote and NO sticky close — symbol drift? (034730.KS)
  >>> FLAG REGISTRY: 035510.KS: NO quote and NO sticky close — symbol drift? (035510.KS)
  >>> FLAG REGISTRY: 038680.KQ: NO quote and NO sticky close — symbol drift? (038680.KQ)
  >>> FLAG REGISTRY: 043370.KQ: NO quote and NO sticky close — symbol drift? (043370.KQ)
  >>> FLAG REGISTRY: 049520.KQ: NO quote and NO sticky close — symbol drift? (049520.KQ)
  >>> FLAG REGISTRY: 051910.KS: NO quote and NO sticky close — symbol drift? (051910.KS)
  >>> FLAG REGISTRY: 058850.KS: NO quote and NO sticky close — symbol drift? (058850.KS)
  >>> FLAG REGISTRY: 073560.KQ: NO quote and NO sticky close — symbol drift? (073560.KQ)
  >>> FLAG REGISTRY: 079960.KQ: NO quote and NO sticky close — symbol drift? (079960.KQ)
  >>> FLAG REGISTRY: 092300.KQ: NO quote and NO sticky close — symbol drift? (092300.KQ)
  >>> FLAG REGISTRY: 1128.HK: NO quote and NO sticky close — symbol drift? (1128.HK)
  >>> FLAG REGISTRY: 1827.T: NO quote and NO sticky close — symbol drift? (1827.T)
  >>> FLAG REGISTRY: 1853.T: NO quote and NO sticky close — symbol drift? (1853.T)
  >>> FLAG REGISTRY: 1904.T: NO quote and NO sticky close — symbol drift? (1904.T)
  >>> FLAG REGISTRY: 1928.HK: NO quote and NO sticky close — symbol drift? (1928.HK)
  >>> FLAG REGISTRY: 2055.T: NO quote and NO sticky close — symbol drift? (2055.T)
  >>> FLAG REGISTRY: 210540.KS: NO quote and NO sticky close — symbol drift? (210540.KS)
  >>> FLAG REGISTRY: 214320.KS: NO quote and NO sticky close — symbol drift? (214320.KS)
  >>> FLAG REGISTRY: 214450.KQ: NO quote and NO sticky close — symbol drift? (214450.KS)
  >>> FLAG REGISTRY: 216050.KQ: NO quote and NO sticky close — symbol drift? (216050.KQ)
  >>> FLAG REGISTRY: 241710.KS: NO quote and NO sticky close — symbol drift? (241710.KS)
  >>> FLAG REGISTRY: 241790.KQ: NO quote and NO sticky close — symbol drift? (241790.KQ)
  >>> FLAG REGISTRY: 267980.KQ: NO quote and NO sticky close — symbol drift? (267980.KQ)
  >>> FLAG REGISTRY: 2819.T: NO quote and NO sticky close — symbol drift? (2819.T)
  >>> FLAG REGISTRY: 3374.T: NO quote and NO sticky close — symbol drift? (3374.T)
  >>> FLAG REGISTRY: 3388.T: NO quote and NO sticky close — symbol drift? (3388.T)
  >>> FLAG REGISTRY: 3640.T: NO quote and NO sticky close — symbol drift? (3640.T)
  >>> FLAG REGISTRY: 372910.KS: NO quote and NO sticky close — symbol drift? (372910.KS)
  >>> FLAG REGISTRY: 4224.T: NO quote and NO sticky close — symbol drift? (4224.T)
  >>> FLAG REGISTRY: 4341.T: NO quote and NO sticky close — symbol drift? (4341.T)
  >>> FLAG REGISTRY: 4624.T: NO quote and NO sticky close — symbol drift? (4624.T)
  >>> FLAG REGISTRY: 4625.T: NO quote and NO sticky close — symbol drift? (4625.T)
  >>> FLAG REGISTRY: 4629.T: NO quote and NO sticky close — symbol drift? (4629.T)
  >>> FLAG REGISTRY: 4761.T: NO quote and NO sticky close — symbol drift? (4761.T)
  >>> FLAG REGISTRY: 5282.T: NO quote and NO sticky close — symbol drift? (5282.T)
  >>> FLAG REGISTRY: 5388.T: NO quote and NO sticky close — symbol drift? (5388.T)
  >>> FLAG REGISTRY: 5408.T: NO quote and NO sticky close — symbol drift? (5408.T)
  >>> FLAG REGISTRY: 5446.T: NO quote and NO sticky close — symbol drift? (5446.T)
  >>> FLAG REGISTRY: 5458.T: NO quote and NO sticky close — symbol drift? (5458.T)
  >>> FLAG REGISTRY: 5464.T: NO quote and NO sticky close — symbol drift? (5464.T)
  >>> FLAG REGISTRY: 5595.T: NO quote and NO sticky close — symbol drift? (5595.T)
  >>> FLAG REGISTRY: 5697.T: NO quote and NO sticky close — symbol drift? (5697.T)
  >>> FLAG REGISTRY: 5729.T: NO quote and NO sticky close — symbol drift? (5729.T)
  >>> FLAG REGISTRY: 5802.T: NO quote and NO sticky close — symbol drift? (5802.T)
  >>> FLAG REGISTRY: 6185.T: NO quote and NO sticky close — symbol drift? (6185.T)
  >>> FLAG REGISTRY: 6229.T: NO quote and NO sticky close — symbol drift? (6229.T)
  >>> FLAG REGISTRY: 6268.T: NO quote and NO sticky close — symbol drift? (6268.T)
  >>> FLAG REGISTRY: 6279.T: NO quote and NO sticky close — symbol drift? (6279.T)
  >>> FLAG REGISTRY: 6286.T: NO quote and NO sticky close — symbol drift? (6286.T)
  >>> FLAG REGISTRY: 6384.T: NO quote and NO sticky close — symbol drift? (6384.T)
  >>> FLAG REGISTRY: 6481.T: NO quote and NO sticky close — symbol drift? (6481.T)
  >>> FLAG REGISTRY: 6626.T: NO quote and NO sticky close — symbol drift? (6626.T)
  >>> FLAG REGISTRY: 6758.T: NO quote and NO sticky close — symbol drift? (6758.T)
  >>> FLAG REGISTRY: 6804.T: NO quote and NO sticky close — symbol drift? (6804.T)
  >>> FLAG REGISTRY: 6824.T: NO quote and NO sticky close — symbol drift? (6824.T)
  >>> FLAG REGISTRY: 6932.T: NO quote and NO sticky close — symbol drift? (6932.T)
  >>> FLAG REGISTRY: 7122.T: NO quote and NO sticky close — symbol drift? (7122.T)
  >>> FLAG REGISTRY: 7162.T: NO quote and NO sticky close — symbol drift? (7162.T)
  >>> FLAG REGISTRY: 7222.T: NO quote and NO sticky close — symbol drift? (7222.T)
  >>> FLAG REGISTRY: 7235.T: NO quote and NO sticky close — symbol drift? (7235.T)
  >>> FLAG REGISTRY: 7239.T: NO quote and NO sticky close — symbol drift? (7239.T)
  >>> FLAG REGISTRY: 7254.T: NO quote and NO sticky close — symbol drift? (7254.T)
  >>> FLAG REGISTRY: 7271.T: NO quote and NO sticky close — symbol drift? (7271.T)
  >>> FLAG REGISTRY: 7460.T: NO quote and NO sticky close — symbol drift? (7460.T)
  >>> FLAG REGISTRY: 7565.T: NO quote and NO sticky close — symbol drift? (7565.T)
  >>> FLAG REGISTRY: 7722.T: NO quote and NO sticky close — symbol drift? (7722.T)
  >>> FLAG REGISTRY: 7820.T: NO quote and NO sticky close — symbol drift? (7820.T)
  >>> FLAG REGISTRY: 7877.T: NO quote and NO sticky close — symbol drift? (7877.T)
  >>> FLAG REGISTRY: 7937.T: NO quote and NO sticky close — symbol drift? (7937.T)
  >>> FLAG REGISTRY: 7955.T: NO quote and NO sticky close — symbol drift? (7955.T)
  >>> FLAG REGISTRY: 8104.T: NO quote and NO sticky close — symbol drift? (8104.T)
  >>> FLAG REGISTRY: 8138.T: NO quote and NO sticky close — symbol drift? (8138.T)
  >>> FLAG REGISTRY: 8226.T: NO quote and NO sticky close — symbol drift? (8226.T)
  >>> FLAG REGISTRY: 8737.T: NO quote and NO sticky close — symbol drift? (8737.T)
  >>> FLAG REGISTRY: 8750: NO quote and NO sticky close — symbol drift? (8750)
  >>> FLAG REGISTRY: 8750.T: NO quote and NO sticky close — symbol drift? (8750.T)
  >>> FLAG REGISTRY: 9713.T: NO quote and NO sticky close — symbol drift? (9713.T)
  >>> FLAG REGISTRY: 9845.T: NO quote and NO sticky close — symbol drift? (9845.T)
  >>> FLAG REGISTRY: 9994.T: NO quote and NO sticky close — symbol drift? (9994.T)
  >>> FLAG REGISTRY: ACSO: NO quote and NO sticky close — symbol drift? (ACSO.L)
  >>> FLAG REGISTRY: AEP: NO quote and NO sticky close — symbol drift? (AEP.L)
  >>> FLAG REGISTRY: ALPHA.AT: NO quote and NO sticky close — symbol drift? (ALPHA.AT)
  >>> FLAG REGISTRY: ALVO: NO quote and NO sticky close — symbol drift? (ALVO)
  >>> FLAG REGISTRY: AMV0.DE: NO quote and NO sticky close — symbol drift? (AMV0.DE)
  >>> FLAG REGISTRY: AST.WAR: NO quote and NO sticky close — symbol drift? (AST.WAR)
  >>> FLAG REGISTRY: AVAP.L: NO quote and NO sticky close — symbol drift? (AVAP.L)
  >>> FLAG REGISTRY: BA.L: NO quote and NO sticky close — symbol drift? (BA.L)
  >>> FLAG REGISTRY: BABYBOND-SLEEVE: NO quote and NO sticky close — symbol drift? (BABYBOND-SLEEVE)
  >>> FLAG REGISTRY: BANKPOND-SLEEVE: NO quote and NO sticky close — symbol drift? (BANKPOND-SLEEVE)
  >>> FLAG REGISTRY: BAVA.CO: NO quote and NO sticky close — symbol drift? (BAVA.CO)
  >>> FLAG REGISTRY: BC.MI: NO quote and NO sticky close — symbol drift? (BC.MI)
  >>> FLAG REGISTRY: BEI.DE: NO quote and NO sticky close — symbol drift? (BEI.DE)
  >>> FLAG REGISTRY: BGEO.L: NO quote and NO sticky close — symbol drift? (BGEO.L)
  >>> FLAG REGISTRY: BMS.L: NO quote and NO sticky close — symbol drift? (BMS.L)
  >>> FLAG REGISTRY: BRBY.L: NO quote and NO sticky close — symbol drift? (BRBY.L)
  >>> FLAG REGISTRY: CAML: NO quote and NO sticky close — symbol drift? (CAML.L)
  >>> FLAG REGISTRY: CAPD: NO quote and NO sticky close — symbol drift? (CAPD.L)
  >>> FLAG REGISTRY: CARD.L: NO quote and NO sticky close — symbol drift? (CARD.L)
  >>> FLAG REGISTRY: CBKD: NO quote and NO sticky close — symbol drift? (CBKD.L)
  >>> FLAG REGISTRY: CFR.SW: NO quote and NO sticky close — symbol drift? (CFR.SW)
  >>> FLAG REGISTRY: CGEO.L: NO quote and NO sticky close — symbol drift? (CGEO.L)
  >>> FLAG REGISTRY: CGS: NO quote and NO sticky close — symbol drift? (CGS.L)
  >>> FLAG REGISTRY: CHH: NO quote and NO sticky close — symbol drift? (CHH.L)
  >>> FLAG REGISTRY: CLBS: NO quote and NO sticky close — symbol drift? (CLBS.L)
  >>> FLAG REGISTRY: COST: NO quote and NO sticky close — symbol drift? (COST.L)
  >>> FLAG REGISTRY: CRDA: NO quote and NO sticky close — symbol drift? (CRDA.L)
  >>> FLAG REGISTRY: CRXT: NO quote and NO sticky close — symbol drift? (CRXT)
  >>> FLAG REGISTRY: DG.PA: NO quote and NO sticky close — symbol drift? (DG.PA)
  >>> FLAG REGISTRY: DGE.L: NO quote and NO sticky close — symbol drift? (DGE.L)
  >>> FLAG REGISTRY: DNORD.CO: NO quote and NO sticky close — symbol drift? (DNORD.CO)
  >>> FLAG REGISTRY: EAH: NO quote and NO sticky close — symbol drift? (EAH.L)
  >>> FLAG REGISTRY: EMAAR: NO quote and NO sticky close — symbol drift? (EMAAR.AE)
  >>> FLAG REGISTRY: EMAARDEV: NO quote and NO sticky close — symbol drift? (EMAARDEV.AE)
  >>> FLAG REGISTRY: ETL.PA: NO quote and NO sticky close — symbol drift? (ETL.PA)
  >>> FLAG REGISTRY: EVO.ST: NO quote and NO sticky close — symbol drift? (EVO.ST)
  >>> FLAG REGISTRY: FCT.MI: NO quote and NO sticky close — symbol drift? (FCT.MI)
  >>> FLAG REGISTRY: FDEV: NO quote and NO sticky close — symbol drift? (FDEV.L)
  >>> FLAG REGISTRY: FDM: NO quote and NO sticky close — symbol drift? (FDM.L)
  >>> FLAG REGISTRY: FGR.PA: NO quote and NO sticky close — symbol drift? (FGR.PA)
  >>> FLAG REGISTRY: FM: NO quote and NO sticky close — symbol drift? (FM.TO)
  >>> FLAG REGISTRY: FUTR.L: NO quote and NO sticky close — symbol drift? (FUTR.L)
  >>> FLAG REGISTRY: FXPO.L: NO quote and NO sticky close — symbol drift? (FXPO.L)
  >>> FLAG REGISTRY: GALD: NO quote and NO sticky close — symbol drift? (GALD.SW)
  >>> FLAG REGISTRY: GAW: NO quote and NO sticky close — symbol drift? (GAW.L)
  >>> FLAG REGISTRY: GENL: NO quote and NO sticky close — symbol drift? (GENL.L)
  >>> FLAG REGISTRY: GMS.L: NO quote and NO sticky close — symbol drift? (GMS.L)
  >>> FLAG REGISTRY: GXI.DE: NO quote and NO sticky close — symbol drift? (GXI.DE)
  >>> FLAG REGISTRY: HARRYS-IPO: NO quote and NO sticky close — symbol drift? (HARRYS-IPO)
  >>> FLAG REGISTRY: HKFOODS.HE: registry ccy USD but feed reports EUR
  >>> FLAG REGISTRY: HKFOODS.HE: NO quote and NO sticky close — symbol drift? (HKFOODS.HE)
  >>> FLAG REGISTRY: HMDPF: NO quote and NO sticky close — symbol drift? (HPS-A.TO)
  >>> FLAG REGISTRY: HOLM-B.ST: registry ccy USD but feed reports SEK
  >>> FLAG REGISTRY: HOLM-B.ST: NO quote and NO sticky close — symbol drift? (HOLM-B.ST)
  >>> FLAG REGISTRY: HOLN.SW: registry ccy USD but feed reports CHF
  >>> FLAG REGISTRY: HOLN.SW: NO quote and NO sticky close — symbol drift? (HOLN.SW)
  >>> FLAG REGISTRY: HSBK.L: NO quote and NO sticky close — symbol drift? (HSBK.IL)
  >>> FLAG REGISTRY: HSX.L: NO quote and NO sticky close — symbol drift? (HSX.L)
  >>> FLAG REGISTRY: HTG: NO quote and NO sticky close — symbol drift? (HTG.L)
  >>> FLAG REGISTRY: IAG.L: NO quote and NO sticky close — symbol drift? (IAG.L)
  >>> FLAG REGISTRY: IVN: NO quote and NO sticky close — symbol drift? (IVN.TO)
  >>> FLAG REGISTRY: JAPAN-VALUEUP-SLEEVE: NO quote and NO sticky close — symbol drift? (JAPAN-VALUEUP-SLEEVE)
  >>> FLAG REGISTRY: JEN.BR: registry ccy USD but feed reports EUR
  >>> FLAG REGISTRY: JEN.BR: NO quote and NO sticky close — symbol drift? (JEN.BR)
  >>> FLAG REGISTRY: JUN3.DE: NO quote and NO sticky close — symbol drift? (JUN3.DE)
  >>> FLAG REGISTRY: KALSHI-DIVERGENCE-SLEEVE: NO quote and NO sticky close — symbol drift? (KALSHI-DIVERGENCE-SLEEVE)
  >>> FLAG REGISTRY: KAP: NO quote and NO sticky close — symbol drift? (KAP)
  >>> FLAG REGISTRY: KEMIRA.HE: registry ccy USD but feed reports EUR
  >>> FLAG REGISTRY: KEMIRA.HE: NO quote and NO sticky close — symbol drift? (KEMIRA.HE)
  >>> FLAG REGISTRY: KER.PA: NO quote and NO sticky close — symbol drift? (KER.PA)
  >>> FLAG REGISTRY: KER.WA: NO quote and NO sticky close — symbol drift? (KER.WA)
  >>> FLAG REGISTRY: KMK: NO quote and NO sticky close — symbol drift? (KMK.L)
  >>> FLAG REGISTRY: KOO: NO quote and NO sticky close — symbol drift? (KOO.L)
  >>> FLAG REGISTRY: KRX.IR: registry ccy USD but feed reports EUR
  >>> FLAG REGISTRY: KRX.IR: NO quote and NO sticky close — symbol drift? (KRX.IR)
  >>> FLAG REGISTRY: KSL.HE: registry ccy USD but feed reports EUR
  >>> FLAG REGISTRY: KSL.HE: NO quote and NO sticky close — symbol drift? (KSL.HE)
  >>> FLAG REGISTRY: LBG: NO quote and NO sticky close — symbol drift? (LBG.L)
  >>> FLAG REGISTRY: LTHM: NO quote and NO sticky close — symbol drift? (LTHM.L)
  >>> FLAG REGISTRY: LUMI.TA: registry ccy USD but feed reports ILA
  >>> FLAG REGISTRY: LUMI.TA: NO quote and NO sticky close — symbol drift? (LUMI.TA)
  >>> FLAG REGISTRY: MC.PA: NO quote and NO sticky close — symbol drift? (MC.PA)
  >>> FLAG REGISTRY: MFINL: NO quote and NO sticky close — symbol drift? (MFINL)
  >>> FLAG REGISTRY: MHPC.L: NO quote and NO sticky close — symbol drift? (MHPC.L)
  >>> FLAG REGISTRY: MMB.PA: NO quote and NO sticky close — symbol drift? (MMB.PA)
  >>> FLAG REGISTRY: NBG.AT: NO quote and NO sticky close — symbol drift? (NBG.AT)
  >>> FLAG REGISTRY: NEX.PA: NO quote and NO sticky close — symbol drift? (NEX.PA)
  >>> FLAG REGISTRY: OMG: NO quote and NO sticky close — symbol drift? (OMG.L)
  >>> FLAG REGISTRY: ORDERBOOK-ANOMALY: NO quote and NO sticky close — symbol drift? (ORDERBOOK-ANOMALY)
  >>> FLAG REGISTRY: OTB.L: NO quote and NO sticky close — symbol drift? (OTB.L)
  >>> FLAG REGISTRY: OTP: NO quote and NO sticky close — symbol drift? (OTP)
  >>> FLAG REGISTRY: PEBB: NO quote and NO sticky close — symbol drift? (PEBB.L)
  >>> FLAG REGISTRY: PEO.WA: NO quote and NO sticky close — symbol drift? (PEO.WA)
  >>> FLAG REGISTRY: PKO.WA: NO quote and NO sticky close — symbol drift? (PKO.WA)
  >>> FLAG REGISTRY: POLI: registry ccy USD but feed reports ILA
  >>> FLAG REGISTRY: POLI: NO quote and NO sticky close — symbol drift? (POLI.TA)
  >>> FLAG REGISTRY: POLI.TA: registry ccy USD but feed reports ILA
  >>> FLAG REGISTRY: POLI.TA: NO quote and NO sticky close — symbol drift? (POLI.TA)
  >>> FLAG REGISTRY: PREFERRED-ODDLOT-SLEEVE: NO quote and NO sticky close — symbol drift? (PREFERRED-ODDLOT-SLEEVE)
  >>> FLAG REGISTRY: PRIC-B.ST: registry ccy USD but feed reports SEK
  >>> FLAG REGISTRY: PRIC-B.ST: NO quote and NO sticky close — symbol drift? (PRIC-B.ST)
  >>> FLAG REGISTRY: PRN.L: NO quote and NO sticky close — symbol drift? (PRN.L)
  >>> FLAG REGISTRY: PRY.MI: NO quote and NO sticky close — symbol drift? (PRY.MI)
  >>> FLAG REGISTRY: PSK: NO quote and NO sticky close — symbol drift? (PSK.TO)
  >>> FLAG REGISTRY: RBI.VI: NO quote and NO sticky close — symbol drift? (RBI.VI)
  >>> FLAG REGISTRY: RILY-NOTES: NO quote and NO sticky close — symbol drift? (RILY-NOTES)
  >>> FLAG REGISTRY: RMS.PA: NO quote and NO sticky close — symbol drift? (RMS.PA)
  >>> FLAG REGISTRY: RO-IPO: NO quote and NO sticky close — symbol drift? (RO-IPO)
  >>> FLAG REGISTRY: ROCK-B.CO: registry ccy USD but feed reports DKK
  >>> FLAG REGISTRY: ROCK-B.CO: NO quote and NO sticky close — symbol drift? (ROCK-B.CO)
  >>> FLAG REGISTRY: RUSSELL-RECON-SLEEVE: NO quote and NO sticky close — symbol drift? (RUSSELL-RECON-SLEEVE)
  >>> FLAG REGISTRY: SACC-NOTES: NO quote and NO sticky close — symbol drift? (SACC-NOTES)
  >>> FLAG REGISTRY: SAP.DE: NO quote and NO sticky close — symbol drift? (SAP.DE)
  >>> FLAG REGISTRY: SCA-B.ST: registry ccy USD but feed reports SEK
  >>> FLAG REGISTRY: SCA-B.ST: NO quote and NO sticky close — symbol drift? (SCA-B.ST)
  >>> FLAG REGISTRY: SCHO.CO: registry ccy USD but feed reports DKK
  >>> FLAG REGISTRY: SCHO.CO: NO quote and NO sticky close — symbol drift? (SCHO.CO)
  >>> FLAG REGISTRY: SEPT-DEPLOY: NO quote and NO sticky close — symbol drift? (SEPT-DEPLOY)
  >>> FLAG REGISTRY: SESG.PA: NO quote and NO sticky close — symbol drift? (SESG.PA)
  >>> FLAG REGISTRY: SFPI.PA: NO quote and NO sticky close — symbol drift? (SFPI.PA)
  >>> FLAG REGISTRY: SLP: NO quote and NO sticky close — symbol drift? (SLP.L)
  >>> FLAG REGISTRY: SOM: NO quote and NO sticky close — symbol drift? (SOM.L)
  >>> FLAG REGISTRY: SPR: NO quote and NO sticky close — symbol drift? (SPR.L)
  >>> FLAG REGISTRY: SRB: NO quote and NO sticky close — symbol drift? (SRB.L)
  >>> FLAG REGISTRY: STEM: NO quote and NO sticky close — symbol drift? (STEM.L)
  >>> FLAG REGISTRY: STEM.L: NO quote and NO sticky close — symbol drift? (STEM.L)
  >>> FLAG REGISTRY: STERV.HE: registry ccy USD but feed reports EUR
  >>> FLAG REGISTRY: STERV.HE: NO quote and NO sticky close — symbol drift? (STERV.HE)
  >>> FLAG REGISTRY: TAIL-PROGRAM: NO quote and NO sticky close — symbol drift? (TAIL-PROGRAM)
  >>> FLAG REGISTRY: TBCG.L: NO quote and NO sticky close — symbol drift? (TBCG.L)
  >>> FLAG REGISTRY: TEM1V.HE: registry ccy USD but feed reports EUR
  >>> FLAG REGISTRY: TEM1V.HE: NO quote and NO sticky close — symbol drift? (TEM1V.HE)
  >>> FLAG REGISTRY: TFW: NO quote and NO sticky close — symbol drift? (TFW.L)
  >>> FLAG REGISTRY: THS.L: NO quote and NO sticky close — symbol drift? (THS.L)
  >>> FLAG REGISTRY: THX: NO quote and NO sticky close — symbol drift? (THX.L)
  >>> FLAG REGISTRY: TOKMAN.HE: registry ccy USD but feed reports EUR
  >>> FLAG REGISTRY: TOKMAN.HE: NO quote and NO sticky close — symbol drift? (TOKMAN.HE)
  >>> FLAG REGISTRY: TPEIR.AT: NO quote and NO sticky close — symbol drift? (TPEIR.AT)
  >>> FLAG REGISTRY: TRU.L: NO quote and NO sticky close — symbol drift? (TRU.L)
  >>> FLAG REGISTRY: TW.L: NO quote and NO sticky close — symbol drift? (TW.L)
  >>> FLAG REGISTRY: UKRAIN-StepUp-B: NO quote and NO sticky close — symbol drift? (UKRAIN-StepUp-B)
  >>> FLAG REGISTRY: ULTP.L: NO quote and NO sticky close — symbol drift? (ULTP.L)
  >>> FLAG REGISTRY: VERK.HE: registry ccy USD but feed reports EUR
  >>> FLAG REGISTRY: VERK.HE: NO quote and NO sticky close — symbol drift? (VERK.HE)
  >>> FLAG REGISTRY: VERO: NO quote and NO sticky close — symbol drift? (VERO)
  >>> FLAG REGISTRY: VSCO: NO quote and NO sticky close — symbol drift? (VSCO)
  >>> FLAG REGISTRY: VTY: NO quote and NO sticky close — symbol drift? (VTY.L)
  >>> FLAG REGISTRY: VTY.L: NO quote and NO sticky close — symbol drift? (VTY.L)
  >>> FLAG REGISTRY: W5.ST: registry ccy USD but feed reports SEK
  >>> FLAG REGISTRY: W5.ST: NO quote and NO sticky close — symbol drift? (W5.ST)
  >>> FLAG REGISTRY: W5_ST: NO quote and NO sticky close — symbol drift? (W5_ST)
  >>> FLAG REGISTRY: WIE.VIE: NO quote and NO sticky close — symbol drift? (WIE.VIE)
  >>> FLAG REGISTRY: WIZZ.L: NO quote and NO sticky close — symbol drift? (WIZZ.L)
  >>> FLAG REGISTRY: WYN: NO quote and NO sticky close — symbol drift? (WYN.L)
  >>> FLAG REGISTRY: YU.: NO quote and NO sticky close — symbol drift? (YU..L)

/Users/ajay/Library/Python/3.9/lib/python/site-packages/urllib3/__init__.py:35: NotOpenSSLWarning: urllib3 v2 only supports OpenSSL 1.1.1+, currently the 'ssl' module is compiled with 'LibreSSL 2.8.3'. See: https://github.com/urllib3/urllib3/issues/3020
  warnings.warn(
HTTP Error 404: {"quoteSummary":{"result":null,"error":{"code":"Not Found","description":"Quote not found for symbol: JAPAN-VALUEUP-SLEEVE"}}}
$JAPAN-VALUEUP-SLEEVE: possibly delisted; no price data found  (period=5d) (Yahoo error = "No data found, symbol may be delisted")
HTTP Error 404: {"quoteSummary":{"result":null,"error":{"code":"Not Found","description":"Quote not found for symbol: KALSHI-DIVERGENCE-SLEEVE"}}}
$KALSHI-DIVERGENCE-SLEEVE: possibly delisted; no price data found  (period=5d) (Yahoo error = "No data found, symbol may be delisted")
$KAP: possibly delisted; no price data found  (period=5d)
$MFINL: possibly delisted; no price data found  (period=5d) (Yahoo error = "No data found, symbol may be delisted")
$MHPC.L: possibly delisted; no price data found  (period=5d)
$NBG.AT: possibly delisted; no price data found  (period=5d) (Yahoo error = "No data found, symbol may be delisted")
$ORDERBOOK-ANOMALY: possibly delisted; no price data found  (period=5d) (Yahoo error = "No data found, symbol may be delisted")
$OTP: possibly delisted; no price data found  (period=5d)
$PREFERRED-ODDLOT-SLEEVE: possibly delisted; no price data found  (period=5d) (Yahoo error = "No data found, symbol may be delisted")
$RILY-NOTES: possibly delisted; no price data found  (period=5d) (Yahoo error = "No data found, symbol may be delisted")
$RO-IPO: possibly delisted; no price data found  (period=5d) (Yahoo error = "No data found, symbol may be delisted")
$RUSSELL-RECON-SLEEVE: possibly delisted; no price data found  (period=5d) (Yahoo error = "No data found, symbol may be delisted")
$SACC-NOTES: possibly delisted; no price data found  (period=5d) (Yahoo error = "No data found, symbol may be delisted")
$SATS: possibly delisted; no price data found  (period=5d)
$SEPT-DEPLOY: possibly delisted; no price data found  (period=5d) (Yahoo error = "No data found, symbol may be delisted")
$TAIL-PROGRAM: possibly delisted; no price data found  (period=5d) (Yahoo error = "No data found, symbol may be delisted")
$TRINZ: possibly delisted; no price data found  (period=5d)
$UKRAIN-STEPUP-B: possibly delisted; no price data found  (period=5d) (Yahoo error = "No data found, symbol may be delisted")
$VERO: possibly delisted; no price data found  (period=5d) (Yahoo error = "No data found, symbol may be delisted")
$VSCO: possibly delisted; no price data found  (period=5d) (Yahoo error = "No data found, symbol may be delisted")
$W5_ST: possibly delisted; no price data found  (period=5d) (Yahoo error = "No data found, symbol may be delisted")
$WIE.VIE: possibly delisted; no price data found  (period=5d) (Yahoo error = "No data found, symbol may be delisted")
$YU..L: possibly delisted; no price data found  (period=5d) (Yahoo error = "No data found, symbol may be delisted")

===== 2026-08-31 14:47 (desk) =====
=== REGISTRY AUDIT  (876 symbols, 645 ok, 273 flags) ===
  >>> FLAG REGISTRY: 000880: NO quote and NO sticky close — symbol drift? (000880.KS)
  >>> FLAG REGISTRY: 0027.HK: registry ccy USD but feed reports HKD
  >>> FLAG REGISTRY: 0027.HK: NO quote and NO sticky close — symbol drift? (0027.HK)
  >>> FLAG REGISTRY: 003550.KS: NO quote and NO sticky close — symbol drift? (003550.KS)
  >>> FLAG REGISTRY: 005380.KS: NO quote and NO sticky close — symbol drift? (005380.KS)
  >>> FLAG REGISTRY: 005387.KS: NO quote and NO sticky close — symbol drift? (005387.KS)
  >>> FLAG REGISTRY: 005830.KS: NO quote and NO sticky close — symbol drift? (005830.KS)
  >>> FLAG REGISTRY: 006260: NO quote and NO sticky close — symbol drift? (006260.KS)
  >>> FLAG REGISTRY: 006800.KS: NO quote and NO sticky close — symbol drift? (006800.KS)
  >>> FLAG REGISTRY: 007590.KS: NO quote and NO sticky close — symbol drift? (007590.KS)
  >>> FLAG REGISTRY: 007700.KS: NO quote and NO sticky close — symbol drift? (007700.KS)
  >>> FLAG REGISTRY: 010240.KQ: registry ccy USD but feed reports KRW
  >>> FLAG REGISTRY: 010240.KQ: NO quote and NO sticky close — symbol drift? (010240.KQ)
  >>> FLAG REGISTRY: 010470.KQ: registry ccy USD but feed reports KRW
  >>> FLAG REGISTRY: 010470.KQ: NO quote and NO sticky close — symbol drift? (010470.KQ)
  >>> FLAG REGISTRY: 028100.KS: NO quote and NO sticky close — symbol drift? (028100.KS)
  >>> FLAG REGISTRY: 028260.KS: NO quote and NO sticky close — symbol drift? (028260.KS)
  >>> FLAG REGISTRY: 031820.KS: NO quote and NO sticky close — symbol drift? (031820.KS)
  >>> FLAG REGISTRY: 034730: NO quote and NO sticky close — symbol drift? (034730.KS)
  >>> FLAG REGISTRY: 035510.KS: NO quote and NO sticky close — symbol drift? (035510.KS)
  >>> FLAG REGISTRY: 038680.KQ: registry ccy USD but feed reports KRW
  >>> FLAG REGISTRY: 038680.KQ: NO quote and NO sticky close — symbol drift? (038680.KQ)
  >>> FLAG REGISTRY: 043370.KQ: registry ccy USD but feed reports KRW
  >>> FLAG REGISTRY: 043370.KQ: NO quote and NO sticky close — symbol drift? (043370.KQ)
  >>> FLAG REGISTRY: 049520.KQ: registry ccy USD but feed reports KRW
  >>> FLAG REGISTRY: 049520.KQ: NO quote and NO sticky close — symbol drift? (049520.KQ)
  >>> FLAG REGISTRY: 051910.KS: NO quote and NO sticky close — symbol drift? (051910.KS)
  >>> FLAG REGISTRY: 058850.KS: NO quote and NO sticky close — symbol drift? (058850.KS)
  >>> FLAG REGISTRY: 073560.KQ: registry ccy USD but feed reports KRW
  >>> FLAG REGISTRY: 073560.KQ: NO quote and NO sticky close — symbol drift? (073560.KQ)
  >>> FLAG REGISTRY: 079960.KQ: registry ccy USD but feed reports KRW
  >>> FLAG REGISTRY: 079960.KQ: NO quote and NO sticky close — symbol drift? (079960.KQ)
  >>> FLAG REGISTRY: 092300.KQ: registry ccy USD but feed reports KRW
  >>> FLAG REGISTRY: 092300.KQ: NO quote and NO sticky close — symbol drift? (092300.KQ)
  >>> FLAG REGISTRY: 1128.HK: registry ccy USD but feed reports HKD
  >>> FLAG REGISTRY: 1128.HK: NO quote and NO sticky close — symbol drift? (1128.HK)
  >>> FLAG REGISTRY: 1827.T: NO quote and NO sticky close — symbol drift? (1827.T)
  >>> FLAG REGISTRY: 1853.T: NO quote and NO sticky close — symbol drift? (1853.T)
  >>> FLAG REGISTRY: 1904.T: NO quote and NO sticky close — symbol drift? (1904.T)
  >>> FLAG REGISTRY: 1928.HK: registry ccy USD but feed reports HKD
  >>> FLAG REGISTRY: 1928.HK: NO quote and NO sticky close — symbol drift? (1928.HK)
  >>> FLAG REGISTRY: 2055.T: NO quote and NO sticky close — symbol drift? (2055.T)
  >>> FLAG REGISTRY: 210540.KS: NO quote and NO sticky close — symbol drift? (210540.KS)
  >>> FLAG REGISTRY: 214320.KS: NO quote and NO sticky close — symbol drift? (214320.KS)
  >>> FLAG REGISTRY: 214450.KQ: NO quote and NO sticky close — symbol drift? (214450.KS)
  >>> FLAG REGISTRY: 216050.KQ: registry ccy USD but feed reports KRW
  >>> FLAG REGISTRY: 216050.KQ: NO quote and NO sticky close — symbol drift? (216050.KQ)
  >>> FLAG REGISTRY: 241710.KS: NO quote and NO sticky close — symbol drift? (241710.KS)
  >>> FLAG REGISTRY: 241790.KQ: registry ccy USD but feed reports KRW
  >>> FLAG REGISTRY: 241790.KQ: NO quote and NO sticky close — symbol drift? (241790.KQ)
  >>> FLAG REGISTRY: 267980.KQ: registry ccy USD but feed reports KRW
  >>> FLAG REGISTRY: 267980.KQ: NO quote and NO sticky close — symbol drift? (267980.KQ)
  >>> FLAG REGISTRY: 2819.T: NO quote and NO sticky close — symbol drift? (2819.T)
  >>> FLAG REGISTRY: 3374.T: NO quote and NO sticky close — symbol drift? (3374.T)
  >>> FLAG REGISTRY: 3388.T: NO quote and NO sticky close — symbol drift? (3388.T)
  >>> FLAG REGISTRY: 3640.T: NO quote and NO sticky close — symbol drift? (3640.T)
  >>> FLAG REGISTRY: 372910.KS: NO quote and NO sticky close — symbol drift? (372910.KS)
  >>> FLAG REGISTRY: 4224.T: NO quote and NO sticky close — symbol drift? (4224.T)
  >>> FLAG REGISTRY: 4341.T: NO quote and NO sticky close — symbol drift? (4341.T)
  >>> FLAG REGISTRY: 4624.T: NO quote and NO sticky close — symbol drift? (4624.T)
  >>> FLAG REGISTRY: 4625.T: NO quote and NO sticky close — symbol drift? (4625.T)
  >>> FLAG REGISTRY: 4629.T: NO quote and NO sticky close — symbol drift? (4629.T)
  >>> FLAG REGISTRY: 4761.T: NO quote and NO sticky close — symbol drift? (4761.T)
  >>> FLAG REGISTRY: 5282.T: NO quote and NO sticky close — symbol drift? (5282.T)
  >>> FLAG REGISTRY: 5388.T: NO quote and NO sticky close — symbol drift? (5388.T)
  >>> FLAG REGISTRY: 5408.T: NO quote and NO sticky close — symbol drift? (5408.T)
  >>> FLAG REGISTRY: 5446.T: NO quote and NO sticky close — symbol drift? (5446.T)
  >>> FLAG REGISTRY: 5458.T: NO quote and NO sticky close — symbol drift? (5458.T)
  >>> FLAG REGISTRY: 5464.T: NO quote and NO sticky close — symbol drift? (5464.T)
  >>> FLAG REGISTRY: 5595.T: NO quote and NO sticky close — symbol drift? (5595.T)
  >>> FLAG REGISTRY: 5697.T: NO quote and NO sticky close — symbol drift? (5697.T)
  >>> FLAG REGISTRY: 5729.T: NO quote and NO sticky close — symbol drift? (5729.T)
  >>> FLAG REGISTRY: 5802.T: NO quote and NO sticky close — symbol drift? (5802.T)
  >>> FLAG REGISTRY: 6185.T: NO quote and NO sticky close — symbol drift? (6185.T)
  >>> FLAG REGISTRY: 6229.T: NO quote and NO sticky close — symbol drift? (6229.T)
  >>> FLAG REGISTRY: 6268.T: NO quote and NO sticky close — symbol drift? (6268.T)
  >>> FLAG REGISTRY: 6279.T: NO quote and NO sticky close — symbol drift? (6279.T)
  >>> FLAG REGISTRY: 6286.T: NO quote and NO sticky close — symbol drift? (6286.T)
  >>> FLAG REGISTRY: 6384.T: NO quote and NO sticky close — symbol drift? (6384.T)
  >>> FLAG REGISTRY: 6481.T: NO quote and NO sticky close — symbol drift? (6481.T)
  >>> FLAG REGISTRY: 6626.T: NO quote and NO sticky close — symbol drift? (6626.T)
  >>> FLAG REGISTRY: 6758.T: NO quote and NO sticky close — symbol drift? (6758.T)
  >>> FLAG REGISTRY: 6804.T: NO quote and NO sticky close — symbol drift? (6804.T)
  >>> FLAG REGISTRY: 6824.T: NO quote and NO sticky close — symbol drift? (6824.T)
  >>> FLAG REGISTRY: 6932.T: NO quote and NO sticky close — symbol drift? (6932.T)
  >>> FLAG REGISTRY: 7122.T: NO quote and NO sticky close — symbol drift? (7122.T)
  >>> FLAG REGISTRY: 7162.T: NO quote and NO sticky close — symbol drift? (7162.T)
  >>> FLAG REGISTRY: 7222.T: NO quote and NO sticky close — symbol drift? (7222.T)
  >>> FLAG REGISTRY: 7235.T: NO quote and NO sticky close — symbol drift? (7235.T)
  >>> FLAG REGISTRY: 7239.T: NO quote and NO sticky close — symbol drift? (7239.T)
  >>> FLAG REGISTRY: 7254.T: NO quote and NO sticky close — symbol drift? (7254.T)
  >>> FLAG REGISTRY: 7271.T: NO quote and NO sticky close — symbol drift? (7271.T)
  >>> FLAG REGISTRY: 7460.T: NO quote and NO sticky close — symbol drift? (7460.T)
  >>> FLAG REGISTRY: 7565.T: NO quote and NO sticky close — symbol drift? (7565.T)
  >>> FLAG REGISTRY: 7722.T: NO quote and NO sticky close — symbol drift? (7722.T)
  >>> FLAG REGISTRY: 7820.T: NO quote and NO sticky close — symbol drift? (7820.T)
  >>> FLAG REGISTRY: 7877.T: NO quote and NO sticky close — symbol drift? (7877.T)
  >>> FLAG REGISTRY: 7937.T: NO quote and NO sticky close — symbol drift? (7937.T)
  >>> FLAG REGISTRY: 7955.T: NO quote and NO sticky close — symbol drift? (7955.T)
  >>> FLAG REGISTRY: 8104.T: NO quote and NO sticky close — symbol drift? (8104.T)
  >>> FLAG REGISTRY: 8138.T: NO quote and NO sticky close — symbol drift? (8138.T)
  >>> FLAG REGISTRY: 8226.T: NO quote and NO sticky close — symbol drift? (8226.T)
  >>> FLAG REGISTRY: 8737.T: NO quote and NO sticky close — symbol drift? (8737.T)
  >>> FLAG REGISTRY: 8750: NO quote and NO sticky close — symbol drift? (8750)
  >>> FLAG REGISTRY: 8750.T: NO quote and NO sticky close — symbol drift? (8750.T)
  >>> FLAG REGISTRY: 9713.T: NO quote and NO sticky close — symbol drift? (9713.T)
  >>> FLAG REGISTRY: 9845.T: NO quote and NO sticky close — symbol drift? (9845.T)
  >>> FLAG REGISTRY: 9994.T: NO quote and NO sticky close — symbol drift? (9994.T)
  >>> FLAG REGISTRY: ACSO: NO quote and NO sticky close — symbol drift? (ACSO.L)
  >>> FLAG REGISTRY: AEP: NO quote and NO sticky close — symbol drift? (AEP.L)
  >>> FLAG REGISTRY: ALPHA.AT: NO quote and NO sticky close — symbol drift? (ALPHA.AT)
  >>> FLAG REGISTRY: AMV0.DE: NO quote and NO sticky close — symbol drift? (AMV0.DE)
  >>> FLAG REGISTRY: AST.WAR: NO quote and NO sticky close — symbol drift? (AST.WAR)
  >>> FLAG REGISTRY: AVAP.L: NO quote and NO sticky close — symbol drift? (AVAP.L)
  >>> FLAG REGISTRY: BA.L: NO quote and NO sticky close — symbol drift? (BA.L)
  >>> FLAG REGISTRY: BABYBOND-SLEEVE: NO quote and NO sticky close — symbol drift? (BABYBOND-SLEEVE)
  >>> FLAG REGISTRY: BANKPOND-SLEEVE: NO quote and NO sticky close — symbol drift? (BANKPOND-SLEEVE)
  >>> FLAG REGISTRY: BAVA.CO: registry ccy USD but feed reports DKK
  >>> FLAG REGISTRY: BAVA.CO: NO quote and NO sticky close — symbol drift? (BAVA.CO)
  >>> FLAG REGISTRY: BC.MI: NO quote and NO sticky close — symbol drift? (BC.MI)
  >>> FLAG REGISTRY: BEI.DE: NO quote and NO sticky close — symbol drift? (BEI.DE)
  >>> FLAG REGISTRY: BGEO.L: NO quote and NO sticky close — symbol drift? (BGEO.L)
  >>> FLAG REGISTRY: BMS.L: NO quote and NO sticky close — symbol drift? (BMS.L)
  >>> FLAG REGISTRY: BRBY.L: NO quote and NO sticky close — symbol drift? (BRBY.L)
  >>> FLAG REGISTRY: CAML: NO quote and NO sticky close — symbol drift? (CAML.L)
  >>> FLAG REGISTRY: CAPD: NO quote and NO sticky close — symbol drift? (CAPD.L)
  >>> FLAG REGISTRY: CARD.L: NO quote and NO sticky close — symbol drift? (CARD.L)
  >>> FLAG REGISTRY: CFR.SW: registry ccy USD but feed reports CHF
  >>> FLAG REGISTRY: CFR.SW: NO quote and NO sticky close — symbol drift? (CFR.SW)
  >>> FLAG REGISTRY: CGEO.L: NO quote and NO sticky close — symbol drift? (CGEO.L)
  >>> FLAG REGISTRY: CGS: NO quote and NO sticky close — symbol drift? (CGS.L)
  >>> FLAG REGISTRY: CHH: NO quote and NO sticky close — symbol drift? (CHH.L)
  >>> FLAG REGISTRY: CLBS: NO quote and NO sticky close — symbol drift? (CLBS.L)
  >>> FLAG REGISTRY: COST: NO quote and NO sticky close — symbol drift? (COST.L)
  >>> FLAG REGISTRY: CRDA: NO quote and NO sticky close — symbol drift? (CRDA.L)
  >>> FLAG REGISTRY: CRXT: NO quote and NO sticky close — symbol drift? (CRXT)
  >>> FLAG REGISTRY: CUV.AX: NO quote and NO sticky close — symbol drift? (CUV.AX)
  >>> FLAG REGISTRY: DG.PA: NO quote and NO sticky close — symbol drift? (DG.PA)
  >>> FLAG REGISTRY: DGE.L: NO quote and NO sticky close — symbol drift? (DGE.L)
  >>> FLAG REGISTRY: DNORD.CO: registry ccy USD but feed reports DKK
  >>> FLAG REGISTRY: DNORD.CO: NO quote and NO sticky close — symbol drift? (DNORD.CO)
  >>> FLAG REGISTRY: EAH: NO quote and NO sticky close — symbol drift? (EAH.L)
  >>> FLAG REGISTRY: EMAAR: registry ccy USD but feed reports AED
  >>> FLAG REGISTRY: EMAAR: NO quote and NO sticky close — symbol drift? (EMAAR.AE)
  >>> FLAG REGISTRY: EMAARDEV: registry ccy USD but feed reports AED
  >>> FLAG REGISTRY: EMAARDEV: NO quote and NO sticky close — symbol drift? (EMAARDEV.AE)
  >>> FLAG REGISTRY: ETL.PA: NO quote and NO sticky close — symbol drift? (ETL.PA)
  >>> FLAG REGISTRY: EVO.ST: registry ccy USD but feed reports SEK
  >>> FLAG REGISTRY: EVO.ST: NO quote and NO sticky close — symbol drift? (EVO.ST)
  >>> FLAG REGISTRY: FCT.MI: NO quote and NO sticky close — symbol drift? (FCT.MI)
  >>> FLAG REGISTRY: FDEV: NO quote and NO sticky close — symbol drift? (FDEV.L)
  >>> FLAG REGISTRY: FDM: NO quote and NO sticky close — symbol drift? (FDM.L)
  >>> FLAG REGISTRY: FGR.PA: NO quote and NO sticky close — symbol drift? (FGR.PA)
  >>> FLAG REGISTRY: FM: NO quote and NO sticky close — symbol drift? (FM.TO)
  >>> FLAG REGISTRY: FUTR.L: NO quote and NO sticky close — symbol drift? (FUTR.L)
  >>> FLAG REGISTRY: FXPO.L: NO quote and NO sticky close — symbol drift? (FXPO.L)
  >>> FLAG REGISTRY: GALD: registry ccy USD but feed reports CHF
  >>> FLAG REGISTRY: GALD: NO quote and NO sticky close — symbol drift? (GALD.SW)
  >>> FLAG REGISTRY: GAW: NO quote and NO sticky close — symbol drift? (GAW.L)
  >>> FLAG REGISTRY: GENL: NO quote and NO sticky close — symbol drift? (GENL.L)
  >>> FLAG REGISTRY: GMS.L: NO quote and NO sticky close — symbol drift? (GMS.L)
  >>> FLAG REGISTRY: GXI.DE: NO quote and NO sticky close — symbol drift? (GXI.DE)
  >>> FLAG REGISTRY: HARRYS-IPO: NO quote and NO sticky close — symbol drift? (HARRYS-IPO)
  >>> FLAG REGISTRY: HKFOODS.HE: registry ccy USD but feed reports EUR
  >>> FLAG REGISTRY: HKFOODS.HE: NO quote and NO sticky close — symbol drift? (HKFOODS.HE)
  >>> FLAG REGISTRY: HMDPF: NO quote and NO sticky close — symbol drift? (HPS-A.TO)
  >>> FLAG REGISTRY: HOLM-B.ST: registry ccy USD but feed reports SEK
  >>> FLAG REGISTRY: HOLM-B.ST: NO quote and NO sticky close — symbol drift? (HOLM-B.ST)
  >>> FLAG REGISTRY: HOLN.SW: registry ccy USD but feed reports CHF
  >>> FLAG REGISTRY: HOLN.SW: NO quote and NO sticky close — symbol drift? (HOLN.SW)
  >>> FLAG REGISTRY: HSBK.L: NO quote and NO sticky close — symbol drift? (HSBK.IL)
  >>> FLAG REGISTRY: HSX.L: NO quote and NO sticky close — symbol drift? (HSX.L)
  >>> FLAG REGISTRY: HTG: NO quote and NO sticky close — symbol drift? (HTG.L)
  >>> FLAG REGISTRY: IAG.L: NO quote and NO sticky close — symbol drift? (IAG.L)
  >>> FLAG REGISTRY: IVN: NO quote and NO sticky close — symbol drift? (IVN.TO)
  >>> FLAG REGISTRY: JAPAN-VALUEUP-SLEEVE: NO quote and NO sticky close — symbol drift? (JAPAN-VALUEUP-SLEEVE)
  >>> FLAG REGISTRY: JEN.BR: registry ccy USD but feed reports EUR
  >>> FLAG REGISTRY: JEN.BR: NO quote and NO sticky close — symbol drift? (JEN.BR)
  >>> FLAG REGISTRY: JUN3.DE: NO quote and NO sticky close — symbol drift? (JUN3.DE)
  >>> FLAG REGISTRY: KALSHI-DIVERGENCE-SLEEVE: NO quote and NO sticky close — symbol drift? (KALSHI-DIVERGENCE-SLEEVE)
  >>> FLAG REGISTRY: KAP: NO quote and NO sticky close — symbol drift? (KAP)
  >>> FLAG REGISTRY: KEMIRA.HE: registry ccy USD but feed reports EUR
  >>> FLAG REGISTRY: KEMIRA.HE: NO quote and NO sticky close — symbol drift? (KEMIRA.HE)
  >>> FLAG REGISTRY: KER.PA: NO quote and NO sticky close — symbol drift? (KER.PA)
  >>> FLAG REGISTRY: KER.WA: NO quote and NO sticky close — symbol drift? (KER.WA)
  >>> FLAG REGISTRY: KMK: NO quote and NO sticky close — symbol drift? (KMK.L)
  >>> FLAG REGISTRY: KOO: NO quote and NO sticky close — symbol drift? (KOO.L)
  >>> FLAG REGISTRY: KRX.IR: registry ccy USD but feed reports EUR
  >>> FLAG REGISTRY: KRX.IR: NO quote and NO sticky close — symbol drift? (KRX.IR)
  >>> FLAG REGISTRY: KSL.HE: registry ccy USD but feed reports EUR
  >>> FLAG REGISTRY: KSL.HE: NO quote and NO sticky close — symbol drift? (KSL.HE)
  >>> FLAG REGISTRY: LBG: NO quote and NO sticky close — symbol drift? (LBG.L)
  >>> FLAG REGISTRY: LTHM: NO quote and NO sticky close — symbol drift? (LTHM.L)
  >>> FLAG REGISTRY: LUMI.TA: registry ccy USD but feed reports ILA
  >>> FLAG REGISTRY: LUMI.TA: NO quote and NO sticky close — symbol drift? (LUMI.TA)
  >>> FLAG REGISTRY: MC.PA: NO quote and NO sticky close — symbol drift? (MC.PA)
  >>> FLAG REGISTRY: MFINL: NO quote and NO sticky close — symbol drift? (MFINL)
  >>> FLAG REGISTRY: MMB.PA: NO quote and NO sticky close — symbol drift? (MMB.PA)
  >>> FLAG REGISTRY: MTN.JO: registry ccy USD but feed reports ZAc
  >>> FLAG REGISTRY: MTN.JO: NO quote and NO sticky close — symbol drift? (MTN.JO)
  >>> FLAG REGISTRY: NBG.AT: NO quote and NO sticky close — symbol drift? (NBG.AT)
  >>> FLAG REGISTRY: NEX.PA: NO quote and NO sticky close — symbol drift? (NEX.PA)
  >>> FLAG REGISTRY: OMG: NO quote and NO sticky close — symbol drift? (OMG.L)
  >>> FLAG REGISTRY: ORDERBOOK-ANOMALY: NO quote and NO sticky close — symbol drift? (ORDERBOOK-ANOMALY)
  >>> FLAG REGISTRY: OTB.L: NO quote and NO sticky close — symbol drift? (OTB.L)
  >>> FLAG REGISTRY: OTP: NO quote and NO sticky close — symbol drift? (OTP)
  >>> FLAG REGISTRY: PEBB: NO quote and NO sticky close — symbol drift? (PEBB.L)
  >>> FLAG REGISTRY: PEO.WA: NO quote and NO sticky close — symbol drift? (PEO.WA)
  >>> FLAG REGISTRY: PKO.WA: NO quote and NO sticky close — symbol drift? (PKO.WA)
  >>> FLAG REGISTRY: POLI: registry ccy USD but feed reports ILA
  >>> FLAG REGISTRY: POLI: NO quote and NO sticky close — symbol drift? (POLI.TA)
  >>> FLAG REGISTRY: POLI.TA: registry ccy USD but feed reports ILA
  >>> FLAG REGISTRY: POLI.TA: NO quote and NO sticky close — symbol drift? (POLI.TA)
  >>> FLAG REGISTRY: PREFERRED-ODDLOT-SLEEVE: NO quote and NO sticky close — symbol drift? (PREFERRED-ODDLOT-SLEEVE)
  >>> FLAG REGISTRY: PRIC-B.ST: registry ccy USD but feed reports SEK
  >>> FLAG REGISTRY: PRIC-B.ST: NO quote and NO sticky close — symbol drift? (PRIC-B.ST)
  >>> FLAG REGISTRY: PRN.L: NO quote and NO sticky close — symbol drift? (PRN.L)
  >>> FLAG REGISTRY: PRX.AS: registry ccy USD but feed reports EUR
  >>> FLAG REGISTRY: PRX.AS: NO quote and NO sticky close — symbol drift? (PRX.AS)
  >>> FLAG REGISTRY: PRY.MI: NO quote and NO sticky close — symbol drift? (PRY.MI)
  >>> FLAG REGISTRY: PSK: NO quote and NO sticky close — symbol drift? (PSK.TO)
  >>> FLAG REGISTRY: RBI.VI: NO quote and NO sticky close — symbol drift? (RBI.VI)
  >>> FLAG REGISTRY: RILY-NOTES: NO quote and NO sticky close — symbol drift? (RILY-NOTES)
  >>> FLAG REGISTRY: RMS.PA: NO quote and NO sticky close — symbol drift? (RMS.PA)
  >>> FLAG REGISTRY: RO-IPO: NO quote and NO sticky close — symbol drift? (RO-IPO)
  >>> FLAG REGISTRY: ROCK-B.CO: registry ccy USD but feed reports DKK
  >>> FLAG REGISTRY: ROCK-B.CO: NO quote and NO sticky close — symbol drift? (ROCK-B.CO)
  >>> FLAG REGISTRY: RUSSELL-RECON-SLEEVE: NO quote and NO sticky close — symbol drift? (RUSSELL-RECON-SLEEVE)
  >>> FLAG REGISTRY: SACC-NOTES: NO quote and NO sticky close — symbol drift? (SACC-NOTES)
  >>> FLAG REGISTRY: SAP.DE: NO quote and NO sticky close — symbol drift? (SAP.DE)
  >>> FLAG REGISTRY: SATS: NO quote and NO sticky close — symbol drift? (SATS)
  >>> FLAG REGISTRY: SCA-B.ST: registry ccy USD but feed reports SEK
  >>> FLAG REGISTRY: SCA-B.ST: NO quote and NO sticky close — symbol drift? (SCA-B.ST)
  >>> FLAG REGISTRY: SCHO.CO: registry ccy USD but feed reports DKK
  >>> FLAG REGISTRY: SCHO.CO: NO quote and NO sticky close — symbol drift? (SCHO.CO)
  >>> FLAG REGISTRY: SEPT-DEPLOY: NO quote and NO sticky close — symbol drift? (SEPT-DEPLOY)
  >>> FLAG REGISTRY: SESG.PA: NO quote and NO sticky close — symbol drift? (SESG.PA)
  >>> FLAG REGISTRY: SFPI.PA: NO quote and NO sticky close — symbol drift? (SFPI.PA)
  >>> FLAG REGISTRY: SLP: NO quote and NO sticky close — symbol drift? (SLP.L)
  >>> FLAG REGISTRY: SOM: NO quote and NO sticky close — symbol drift? (SOM.L)
  >>> FLAG REGISTRY: SPR: NO quote and NO sticky close — symbol drift? (SPR.L)
  >>> FLAG REGISTRY: SRB: NO quote and NO sticky close — symbol drift? (SRB.L)
  >>> FLAG REGISTRY: STEM: NO quote and NO sticky close — symbol drift? (STEM.L)
  >>> FLAG REGISTRY: STEM.L: NO quote and NO sticky close — symbol drift? (STEM.L)
  >>> FLAG REGISTRY: STERV.HE: registry ccy USD but feed reports EUR
  >>> FLAG REGISTRY: STERV.HE: NO quote and NO sticky close — symbol drift? (STERV.HE)
  >>> FLAG REGISTRY: TAIL-PROGRAM: NO quote and NO sticky close — symbol drift? (TAIL-PROGRAM)
  >>> FLAG REGISTRY: TBCG.L: NO quote and NO sticky close — symbol drift? (TBCG.L)
  >>> FLAG REGISTRY: TEM1V.HE: registry ccy USD but feed reports EUR
  >>> FLAG REGISTRY: TEM1V.HE: NO quote and NO sticky close — symbol drift? (TEM1V.HE)
  >>> FLAG REGISTRY: TFW: NO quote and NO sticky close — symbol drift? (TFW.L)
  >>> FLAG REGISTRY: THS.L: NO quote and NO sticky close — symbol drift? (THS.L)
  >>> FLAG REGISTRY: THX: NO quote and NO sticky close — symbol drift? (THX.L)
  >>> FLAG REGISTRY: TOKMAN.HE: registry ccy USD but feed reports EUR
  >>> FLAG REGISTRY: TOKMAN.HE: NO quote and NO sticky close — symbol drift? (TOKMAN.HE)
  >>> FLAG REGISTRY: TPEIR.AT: NO quote and NO sticky close — symbol drift? (TPEIR.AT)
  >>> FLAG REGISTRY: TRU.L: NO quote and NO sticky close — symbol drift? (TRU.L)
  >>> FLAG REGISTRY: TW.L: NO quote and NO sticky close — symbol drift? (TW.L)
  >>> FLAG REGISTRY: UKRAIN-StepUp-B: NO quote and NO sticky close — symbol drift? (UKRAIN-StepUp-B)
  >>> FLAG REGISTRY: ULTP.L: NO quote and NO sticky close — symbol drift? (ULTP.L)
  >>> FLAG REGISTRY: VERK.HE: registry ccy USD but feed reports EUR
  >>> FLAG REGISTRY: VERK.HE: NO quote and NO sticky close — symbol drift? (VERK.HE)
  >>> FLAG REGISTRY: VERO: NO quote and NO sticky close — symbol drift? (VERO)
  >>> FLAG REGISTRY: VSCO: NO quote and NO sticky close — symbol drift? (VSCO)
  >>> FLAG REGISTRY: VTY: NO quote and NO sticky close — symbol drift? (VTY.L)
  >>> FLAG REGISTRY: VTY.L: NO quote and NO sticky close — symbol drift? (VTY.L)
  >>> FLAG REGISTRY: W5.ST: registry ccy USD but feed reports SEK
  >>> FLAG REGISTRY: W5.ST: NO quote and NO sticky close — symbol drift? (W5.ST)
  >>> FLAG REGISTRY: W5_ST: NO quote and NO sticky close — symbol drift? (W5_ST)
  >>> FLAG REGISTRY: WIE.VIE: NO quote and NO sticky close — symbol drift? (WIE.VIE)
  >>> FLAG REGISTRY: WIZZ.L: NO quote and NO sticky close — symbol drift? (WIZZ.L)
  >>> FLAG REGISTRY: WYN: NO quote and NO sticky close — symbol drift? (WYN.L)
  >>> FLAG REGISTRY: YU.: NO quote and NO sticky close — symbol drift? (YU..L)

/Users/ajay/Library/Python/3.9/lib/python/site-packages/urllib3/__init__.py:35: NotOpenSSLWarning: urllib3 v2 only supports OpenSSL 1.1.1+, currently the 'ssl' module is compiled with 'LibreSSL 2.8.3'. See: https://github.com/urllib3/urllib3/issues/3020
  warnings.warn(
HTTP Error 404: {"quoteSummary":{"result":null,"error":{"code":"Not Found","description":"Quote not found for symbol: 5595.T"}}}
$5595.T: possibly delisted; no price data found  (period=5d) (Yahoo error = "No data found, symbol may be delisted")
HTTP Error 404: {"quoteSummary":{"result":null,"error":{"code":"Not Found","description":"Quote not found for symbol: 8750"}}}
$8750: possibly delisted; no price data found  (period=5d) (Yahoo error = "No data found, symbol may be delisted")
$AST.WAR: possibly delisted; no price data found  (period=5d) (Yahoo error = "No data found, symbol may be delisted")
$BABYBOND-SLEEVE: possibly delisted; no price data found  (period=5d) (Yahoo error = "No data found, symbol may be delisted")
$BANKPOND-SLEEVE: possibly delisted; no price data found  (period=5d) (Yahoo error = "No data found, symbol may be delisted")
$CBKD.L: possibly delisted; no price data found  (period=5d)
$CRXT: possibly delisted; no price data found  (period=5d)
$FXPO.L: possibly delisted; no price data found  (period=5d)
$HARRYS-IPO: possibly delisted; no price data found  (period=5d) (Yahoo error = "No data found, symbol may be delisted")
$JAPAN-VALUEUP-SLEEVE: possibly delisted; no price data found  (period=5d) (Yahoo error = "No data found, symbol may be delisted")
$KALSHI-DIVERGENCE-SLEEVE: possibly delisted; no price data found  (period=5d) (Yahoo error = "No data found, symbol may be delisted")
$KAP: possibly delisted; no price data found  (period=5d)
$MFINL: possibly delisted; no price data found  (period=5d) (Yahoo error = "No data found, symbol may be delisted")
$MHPC.L: possibly delisted; no price data found  (period=5d)
$NBG.AT: possibly delisted; no price data found  (period=5d) (Yahoo error = "No data found, symbol may be delisted")
$ORDERBOOK-ANOMALY: possibly delisted; no price data found  (period=5d) (Yahoo error = "No data found, symbol may be delisted")
$OTP: possibly delisted; no price data found  (period=5d)
$PREFERRED-ODDLOT-SLEEVE: possibly delisted; no price data found  (period=5d) (Yahoo error = "No data found, symbol may be delisted")
$RILY-NOTES: possibly delisted; no price data found  (period=5d) (Yahoo error = "No data found, symbol may be delisted")
$RO-IPO: possibly delisted; no price data found  (period=5d) (Yahoo error = "No data found, symbol may be delisted")
$RUSSELL-RECON-SLEEVE: possibly delisted; no price data found  (period=5d) (Yahoo error = "No data found, symbol may be delisted")
$SACC-NOTES: possibly delisted; no price data found  (period=5d) (Yahoo error = "No data found, symbol may be delisted")
$SATS: possibly delisted; no price data found  (period=5d) (Yahoo error = "No data found, symbol may be delisted")
$SEPT-DEPLOY: possibly delisted; no price data found  (period=5d) (Yahoo error = "No data found, symbol may be delisted")
$TAIL-PROGRAM: possibly delisted; no price data found  (period=5d) (Yahoo error = "No data found, symbol may be delisted")
$TRINZ: possibly delisted; no price data found  (period=5d)
$UKRAIN-STEPUP-B: possibly delisted; no price data found  (period=5d) (Yahoo error = "No data found, symbol may be delisted")
$VERO: possibly delisted; no price data found  (period=5d) (Yahoo error = "No data found, symbol may be delisted")
$VSCO: possibly delisted; no price data found  (period=5d) (Yahoo error = "No data found, symbol may be delisted")
$W5_ST: possibly delisted; no price data found  (period=5d) (Yahoo error = "No data found, symbol may be delisted")
$WIE.VIE: possibly delisted; no price data found  (period=5d) (Yahoo error = "No data found, symbol may be delisted")
$YU..L: possibly delisted; no price data found  (period=5d) (Yahoo error = "No data found, symbol may be delisted")

===== 2026-09-07 15:40 (desk) =====
=== REGISTRY AUDIT  (917 symbols, 676 ok, 284 flags) ===
  >>> FLAG REGISTRY: 000880: NO quote and NO sticky close — symbol drift? (000880.KS)
  >>> FLAG REGISTRY: 0027.HK: registry ccy USD but feed reports HKD
  >>> FLAG REGISTRY: 0027.HK: NO quote and NO sticky close — symbol drift? (0027.HK)
  >>> FLAG REGISTRY: 003550.KS: NO quote and NO sticky close — symbol drift? (003550.KS)
  >>> FLAG REGISTRY: 005380.KS: NO quote and NO sticky close — symbol drift? (005380.KS)
  >>> FLAG REGISTRY: 005387.KS: NO quote and NO sticky close — symbol drift? (005387.KS)
  >>> FLAG REGISTRY: 005830.KS: NO quote and NO sticky close — symbol drift? (005830.KS)
  >>> FLAG REGISTRY: 006260: NO quote and NO sticky close — symbol drift? (006260.KS)
  >>> FLAG REGISTRY: 006800.KS: NO quote and NO sticky close — symbol drift? (006800.KS)
  >>> FLAG REGISTRY: 007590.KS: NO quote and NO sticky close — symbol drift? (007590.KS)
  >>> FLAG REGISTRY: 007700.KS: NO quote and NO sticky close — symbol drift? (007700.KS)
  >>> FLAG REGISTRY: 010240.KQ: registry ccy USD but feed reports KRW
  >>> FLAG REGISTRY: 010240.KQ: NO quote and NO sticky close — symbol drift? (010240.KQ)
  >>> FLAG REGISTRY: 010470.KQ: registry ccy USD but feed reports KRW
  >>> FLAG REGISTRY: 010470.KQ: NO quote and NO sticky close — symbol drift? (010470.KQ)
  >>> FLAG REGISTRY: 028100.KS: NO quote and NO sticky close — symbol drift? (028100.KS)
  >>> FLAG REGISTRY: 028260.KS: NO quote and NO sticky close — symbol drift? (028260.KS)
  >>> FLAG REGISTRY: 031820.KS: NO quote and NO sticky close — symbol drift? (031820.KS)
  >>> FLAG REGISTRY: 034730: NO quote and NO sticky close — symbol drift? (034730.KS)
  >>> FLAG REGISTRY: 035510.KS: NO quote and NO sticky close — symbol drift? (035510.KS)
  >>> FLAG REGISTRY: 038680.KQ: registry ccy USD but feed reports KRW
  >>> FLAG REGISTRY: 038680.KQ: NO quote and NO sticky close — symbol drift? (038680.KQ)
  >>> FLAG REGISTRY: 043370.KQ: registry ccy USD but feed reports KRW
  >>> FLAG REGISTRY: 043370.KQ: NO quote and NO sticky close — symbol drift? (043370.KQ)
  >>> FLAG REGISTRY: 049520.KQ: registry ccy USD but feed reports KRW
  >>> FLAG REGISTRY: 049520.KQ: NO quote and NO sticky close — symbol drift? (049520.KQ)
  >>> FLAG REGISTRY: 051910.KS: NO quote and NO sticky close — symbol drift? (051910.KS)
  >>> FLAG REGISTRY: 058850.KS: NO quote and NO sticky close — symbol drift? (058850.KS)
  >>> FLAG REGISTRY: 073560.KQ: registry ccy USD but feed reports KRW
  >>> FLAG REGISTRY: 073560.KQ: NO quote and NO sticky close — symbol drift? (073560.KQ)
  >>> FLAG REGISTRY: 079960.KQ: registry ccy USD but feed reports KRW
  >>> FLAG REGISTRY: 079960.KQ: NO quote and NO sticky close — symbol drift? (079960.KQ)
  >>> FLAG REGISTRY: 092300.KQ: registry ccy USD but feed reports KRW
  >>> FLAG REGISTRY: 092300.KQ: NO quote and NO sticky close — symbol drift? (092300.KQ)
  >>> FLAG REGISTRY: 1128.HK: registry ccy USD but feed reports HKD
  >>> FLAG REGISTRY: 1128.HK: NO quote and NO sticky close — symbol drift? (1128.HK)
  >>> FLAG REGISTRY: 1810.T: NO quote and NO sticky close — symbol drift? (1810.T)
  >>> FLAG REGISTRY: 1827.T: NO quote and NO sticky close — symbol drift? (1827.T)
  >>> FLAG REGISTRY: 1853.T: NO quote and NO sticky close — symbol drift? (1853.T)
  >>> FLAG REGISTRY: 1904.T: NO quote and NO sticky close — symbol drift? (1904.T)
  >>> FLAG REGISTRY: 1928.HK: registry ccy USD but feed reports HKD
  >>> FLAG REGISTRY: 1928.HK: NO quote and NO sticky close — symbol drift? (1928.HK)
  >>> FLAG REGISTRY: 2055.T: NO quote and NO sticky close — symbol drift? (2055.T)
  >>> FLAG REGISTRY: 210540.KS: NO quote and NO sticky close — symbol drift? (210540.KS)
  >>> FLAG REGISTRY: 214320.KS: NO quote and NO sticky close — symbol drift? (214320.KS)
  >>> FLAG REGISTRY: 214450.KQ: NO quote and NO sticky close — symbol drift? (214450.KS)
  >>> FLAG REGISTRY: 216050.KQ: registry ccy USD but feed reports KRW
  >>> FLAG REGISTRY: 216050.KQ: NO quote and NO sticky close — symbol drift? (216050.KQ)
  >>> FLAG REGISTRY: 241710.KS: NO quote and NO sticky close — symbol drift? (241710.KS)
  >>> FLAG REGISTRY: 241790.KQ: registry ccy USD but feed reports KRW
  >>> FLAG REGISTRY: 241790.KQ: NO quote and NO sticky close — symbol drift? (241790.KQ)
  >>> FLAG REGISTRY: 2502.T: NO quote and NO sticky close — symbol drift? (2502.T)
  >>> FLAG REGISTRY: 2587.T: NO quote and NO sticky close — symbol drift? (2587.T)
  >>> FLAG REGISTRY: 267980.KQ: registry ccy USD but feed reports KRW
  >>> FLAG REGISTRY: 267980.KQ: NO quote and NO sticky close — symbol drift? (267980.KQ)
  >>> FLAG REGISTRY: 2819.T: NO quote and NO sticky close — symbol drift? (2819.T)
  >>> FLAG REGISTRY: 3374.T: NO quote and NO sticky close — symbol drift? (3374.T)
  >>> FLAG REGISTRY: 3388.T: NO quote and NO sticky close — symbol drift? (3388.T)
  >>> FLAG REGISTRY: 3640.T: NO quote and NO sticky close — symbol drift? (3640.T)
  >>> FLAG REGISTRY: 372910.KS: NO quote and NO sticky close — symbol drift? (372910.KS)
  >>> FLAG REGISTRY: 4224.T: NO quote and NO sticky close — symbol drift? (4224.T)
  >>> FLAG REGISTRY: 4341.T: NO quote and NO sticky close — symbol drift? (4341.T)
  >>> FLAG REGISTRY: 4624.T: NO quote and NO sticky close — symbol drift? (4624.T)
  >>> FLAG REGISTRY: 4625.T: NO quote and NO sticky close — symbol drift? (4625.T)
  >>> FLAG REGISTRY: 4629.T: NO quote and NO sticky close — symbol drift? (4629.T)
  >>> FLAG REGISTRY: 4761.T: NO quote and NO sticky close — symbol drift? (4761.T)
  >>> FLAG REGISTRY: 5282.T: NO quote and NO sticky close — symbol drift? (5282.T)
  >>> FLAG REGISTRY: 5388.T: NO quote and NO sticky close — symbol drift? (5388.T)
  >>> FLAG REGISTRY: 5408.T: NO quote and NO sticky close — symbol drift? (5408.T)
  >>> FLAG REGISTRY: 5446.T: NO quote and NO sticky close — symbol drift? (5446.T)
  >>> FLAG REGISTRY: 5458.T: NO quote and NO sticky close — symbol drift? (5458.T)
  >>> FLAG REGISTRY: 5464.T: NO quote and NO sticky close — symbol drift? (5464.T)
  >>> FLAG REGISTRY: 5595.T: NO quote and NO sticky close — symbol drift? (5595.T)
  >>> FLAG REGISTRY: 5697.T: NO quote and NO sticky close — symbol drift? (5697.T)
  >>> FLAG REGISTRY: 5729.T: NO quote and NO sticky close — symbol drift? (5729.T)
  >>> FLAG REGISTRY: 5802.T: NO quote and NO sticky close — symbol drift? (5802.T)
  >>> FLAG REGISTRY: 6118.T: NO quote and NO sticky close — symbol drift? (6118.T)
  >>> FLAG REGISTRY: 6185.T: NO quote and NO sticky close — symbol drift? (6185.T)
  >>> FLAG REGISTRY: 6229.T: NO quote and NO sticky close — symbol drift? (6229.T)
  >>> FLAG REGISTRY: 6268.T: NO quote and NO sticky close — symbol drift? (6268.T)
  >>> FLAG REGISTRY: 6279.T: NO quote and NO sticky close — symbol drift? (6279.T)
  >>> FLAG REGISTRY: 6286.T: NO quote and NO sticky close — symbol drift? (6286.T)
  >>> FLAG REGISTRY: 6384.T: NO quote and NO sticky close — symbol drift? (6384.T)
  >>> FLAG REGISTRY: 6481.T: NO quote and NO sticky close — symbol drift? (6481.T)
  >>> FLAG REGISTRY: 6626.T: NO quote and NO sticky close — symbol drift? (6626.T)
  >>> FLAG REGISTRY: 6758.T: NO quote and NO sticky close — symbol drift? (6758.T)
  >>> FLAG REGISTRY: 6804.T: NO quote and NO sticky close — symbol drift? (6804.T)
  >>> FLAG REGISTRY: 6824.T: NO quote and NO sticky close — symbol drift? (6824.T)
  >>> FLAG REGISTRY: 6932.T: NO quote and NO sticky close — symbol drift? (6932.T)
  >>> FLAG REGISTRY: 7122.T: NO quote and NO sticky close — symbol drift? (7122.T)
  >>> FLAG REGISTRY: 7162.T: NO quote and NO sticky close — symbol drift? (7162.T)
  >>> FLAG REGISTRY: 7222.T: NO quote and NO sticky close — symbol drift? (7222.T)
  >>> FLAG REGISTRY: 7235.T: NO quote and NO sticky close — symbol drift? (7235.T)
  >>> FLAG REGISTRY: 7239.T: NO quote and NO sticky close — symbol drift? (7239.T)
  >>> FLAG REGISTRY: 7254.T: NO quote and NO sticky close — symbol drift? (7254.T)
  >>> FLAG REGISTRY: 7271.T: NO quote and NO sticky close — symbol drift? (7271.T)
  >>> FLAG REGISTRY: 7460.T: NO quote and NO sticky close — symbol drift? (7460.T)
  >>> FLAG REGISTRY: 7565.T: NO quote and NO sticky close — symbol drift? (7565.T)
  >>> FLAG REGISTRY: 7722.T: NO quote and NO sticky close — symbol drift? (7722.T)
  >>> FLAG REGISTRY: 7820.T: NO quote and NO sticky close — symbol drift? (7820.T)
  >>> FLAG REGISTRY: 7877.T: NO quote and NO sticky close — symbol drift? (7877.T)
  >>> FLAG REGISTRY: 7937.T: NO quote and NO sticky close — symbol drift? (7937.T)
  >>> FLAG REGISTRY: 7955.T: NO quote and NO sticky close — symbol drift? (7955.T)
  >>> FLAG REGISTRY: 8104.T: NO quote and NO sticky close — symbol drift? (8104.T)
  >>> FLAG REGISTRY: 8135.T: NO quote and NO sticky close — symbol drift? (8135.T)
  >>> FLAG REGISTRY: 8138.T: NO quote and NO sticky close — symbol drift? (8138.T)
  >>> FLAG REGISTRY: 8226.T: NO quote and NO sticky close — symbol drift? (8226.T)
  >>> FLAG REGISTRY: 8737.T: NO quote and NO sticky close — symbol drift? (8737.T)
  >>> FLAG REGISTRY: 8750: NO quote and NO sticky close — symbol drift? (8750)
  >>> FLAG REGISTRY: 8750.T: NO quote and NO sticky close — symbol drift? (8750.T)
  >>> FLAG REGISTRY: 8795.T: NO quote and NO sticky close — symbol drift? (8795.T)
  >>> FLAG REGISTRY: 9713.T: NO quote and NO sticky close — symbol drift? (9713.T)
  >>> FLAG REGISTRY: 9845.T: NO quote and NO sticky close — symbol drift? (9845.T)
  >>> FLAG REGISTRY: 9994.T: NO quote and NO sticky close — symbol drift? (9994.T)
  >>> FLAG REGISTRY: ACSO: NO quote and NO sticky close — symbol drift? (ACSO.L)
  >>> FLAG REGISTRY: AEP: NO quote and NO sticky close — symbol drift? (AEP.L)
  >>> FLAG REGISTRY: ALPHA.AT: NO quote and NO sticky close — symbol drift? (ALPHA.AT)
  >>> FLAG REGISTRY: AMV0.DE: NO quote and NO sticky close — symbol drift? (AMV0.DE)
  >>> FLAG REGISTRY: AST.WAR: NO quote and NO sticky close — symbol drift? (AST.WAR)
  >>> FLAG REGISTRY: AVAP.L: NO quote and NO sticky close — symbol drift? (AVAP.L)
  >>> FLAG REGISTRY: BA.L: NO quote and NO sticky close — symbol drift? (BA.L)
  >>> FLAG REGISTRY: BABYBOND-SLEEVE: NO quote and NO sticky close — symbol drift? (BABYBOND-SLEEVE)
  >>> FLAG REGISTRY: BANKPOND-SLEEVE: NO quote and NO sticky close — symbol drift? (BANKPOND-SLEEVE)
  >>> FLAG REGISTRY: BAVA.CO: registry ccy USD but feed reports DKK
  >>> FLAG REGISTRY: BAVA.CO: NO quote and NO sticky close — symbol drift? (BAVA.CO)
  >>> FLAG REGISTRY: BC.MI: NO quote and NO sticky close — symbol drift? (BC.MI)
  >>> FLAG REGISTRY: BEI.DE: NO quote and NO sticky close — symbol drift? (BEI.DE)
  >>> FLAG REGISTRY: BGEO.L: NO quote and NO sticky close — symbol drift? (BGEO.L)
  >>> FLAG REGISTRY: BMS.L: NO quote and NO sticky close — symbol drift? (BMS.L)
  >>> FLAG REGISTRY: BRBY.L: NO quote and NO sticky close — symbol drift? (BRBY.L)
  >>> FLAG REGISTRY: CAML: NO quote and NO sticky close — symbol drift? (CAML.L)
  >>> FLAG REGISTRY: CAPD: NO quote and NO sticky close — symbol drift? (CAPD.L)
  >>> FLAG REGISTRY: CARD.L: NO quote and NO sticky close — symbol drift? (CARD.L)
  >>> FLAG REGISTRY: CFR.SW: registry ccy USD but feed reports CHF
  >>> FLAG REGISTRY: CFR.SW: NO quote and NO sticky close — symbol drift? (CFR.SW)
  >>> FLAG REGISTRY: CGEO.L: NO quote and NO sticky close — symbol drift? (CGEO.L)
  >>> FLAG REGISTRY: CGS: NO quote and NO sticky close — symbol drift? (CGS.L)
  >>> FLAG REGISTRY: CHH: NO quote and NO sticky close — symbol drift? (CHH.L)
  >>> FLAG REGISTRY: CLBS: NO quote and NO sticky close — symbol drift? (CLBS.L)
  >>> FLAG REGISTRY: COST: NO quote and NO sticky close — symbol drift? (COST.L)
  >>> FLAG REGISTRY: CRDA: NO quote and NO sticky close — symbol drift? (CRDA.L)
  >>> FLAG REGISTRY: CRXT: NO quote and NO sticky close — symbol drift? (CRXT)
  >>> FLAG REGISTRY: CUV.AX: NO quote and NO sticky close — symbol drift? (CUV.AX)
  >>> FLAG REGISTRY: DG.PA: NO quote and NO sticky close — symbol drift? (DG.PA)
  >>> FLAG REGISTRY: DGE.L: NO quote and NO sticky close — symbol drift? (DGE.L)
  >>> FLAG REGISTRY: DNORD.CO: registry ccy USD but feed reports DKK
  >>> FLAG REGISTRY: DNORD.CO: NO quote and NO sticky close — symbol drift? (DNORD.CO)
  >>> FLAG REGISTRY: EAH: NO quote and NO sticky close — symbol drift? (EAH.L)
  >>> FLAG REGISTRY: EMAAR: registry ccy USD but feed reports AED
  >>> FLAG REGISTRY: EMAAR: NO quote and NO sticky close — symbol drift? (EMAAR.AE)
  >>> FLAG REGISTRY: EMAARDEV: registry ccy USD but feed reports AED
  >>> FLAG REGISTRY: EMAARDEV: NO quote and NO sticky close — symbol drift? (EMAARDEV.AE)
  >>> FLAG REGISTRY: ETL.PA: NO quote and NO sticky close — symbol drift? (ETL.PA)
  >>> FLAG REGISTRY: EVO.ST: registry ccy USD but feed reports SEK
  >>> FLAG REGISTRY: EVO.ST: NO quote and NO sticky close — symbol drift? (EVO.ST)
  >>> FLAG REGISTRY: FCT.MI: NO quote and NO sticky close — symbol drift? (FCT.MI)
  >>> FLAG REGISTRY: FDEV: NO quote and NO sticky close — symbol drift? (FDEV.L)
  >>> FLAG REGISTRY: FDM: NO quote and NO sticky close — symbol drift? (FDM.L)
  >>> FLAG REGISTRY: FGR.PA: NO quote and NO sticky close — symbol drift? (FGR.PA)
  >>> FLAG REGISTRY: FM: NO quote and NO sticky close — symbol drift? (FM.TO)
  >>> FLAG REGISTRY: FUTR.L: NO quote and NO sticky close — symbol drift? (FUTR.L)
  >>> FLAG REGISTRY: FXPO.L: NO quote and NO sticky close — symbol drift? (FXPO.L)
  >>> FLAG REGISTRY: G1A.DE: NO quote and NO sticky close — symbol drift? (G1A.DE)
  >>> FLAG REGISTRY: GALD: registry ccy USD but feed reports CHF
  >>> FLAG REGISTRY: GALD: NO quote and NO sticky close — symbol drift? (GALD.SW)
  >>> FLAG REGISTRY: GAW: NO quote and NO sticky close — symbol drift? (GAW.L)
  >>> FLAG REGISTRY: GENL: NO quote and NO sticky close — symbol drift? (GENL.L)
  >>> FLAG REGISTRY: GIVN.SW: registry ccy USD but feed reports CHF
  >>> FLAG REGISTRY: GIVN.SW: NO quote and NO sticky close — symbol drift? (GIVN.SW)
  >>> FLAG REGISTRY: GMS.L: NO quote and NO sticky close — symbol drift? (GMS.L)
  >>> FLAG REGISTRY: GXI.DE: NO quote and NO sticky close — symbol drift? (GXI.DE)
  >>> FLAG REGISTRY: HARRYS-IPO: NO quote and NO sticky close — symbol drift? (HARRYS-IPO)
  >>> FLAG REGISTRY: HKFOODS.HE: registry ccy USD but feed reports EUR
  >>> FLAG REGISTRY: HKFOODS.HE: NO quote and NO sticky close — symbol drift? (HKFOODS.HE)
  >>> FLAG REGISTRY: HMDPF: NO quote and NO sticky close — symbol drift? (HPS-A.TO)
  >>> FLAG REGISTRY: HOLM-B.ST: registry ccy USD but feed reports SEK
  >>> FLAG REGISTRY: HOLM-B.ST: NO quote and NO sticky close — symbol drift? (HOLM-B.ST)
  >>> FLAG REGISTRY: HOLN.SW: registry ccy USD but feed reports CHF
  >>> FLAG REGISTRY: HOLN.SW: NO quote and NO sticky close — symbol drift? (HOLN.SW)
  >>> FLAG REGISTRY: HSBK.L: NO quote and NO sticky close — symbol drift? (HSBK.IL)
  >>> FLAG REGISTRY: HSX.L: NO quote and NO sticky close — symbol drift? (HSX.L)
  >>> FLAG REGISTRY: HTG: NO quote and NO sticky close — symbol drift? (HTG.L)
  >>> FLAG REGISTRY: IAG.L: NO quote and NO sticky close — symbol drift? (IAG.L)
  >>> FLAG REGISTRY: IVN: NO quote and NO sticky close — symbol drift? (IVN.TO)
  >>> FLAG REGISTRY: JAPAN-VALUEUP-SLEEVE: NO quote and NO sticky close — symbol drift? (JAPAN-VALUEUP-SLEEVE)
  >>> FLAG REGISTRY: JEN.BR: registry ccy USD but feed reports EUR
  >>> FLAG REGISTRY: JEN.BR: NO quote and NO sticky close — symbol drift? (JEN.BR)
  >>> FLAG REGISTRY: JUN3.DE: NO quote and NO sticky close — symbol drift? (JUN3.DE)
  >>> FLAG REGISTRY: KALSHI-DIVERGENCE-SLEEVE: NO quote and NO sticky close — symbol drift? (KALSHI-DIVERGENCE-SLEEVE)
  >>> FLAG REGISTRY: KAP: NO quote and NO sticky close — symbol drift? (KAP)
  >>> FLAG REGISTRY: KEMIRA.HE: registry ccy USD but feed reports EUR
  >>> FLAG REGISTRY: KEMIRA.HE: NO quote and NO sticky close — symbol drift? (KEMIRA.HE)
  >>> FLAG REGISTRY: KER.PA: NO quote and NO sticky close — symbol drift? (KER.PA)
  >>> FLAG REGISTRY: KER.WA: NO quote and NO sticky close — symbol drift? (KER.WA)
  >>> FLAG REGISTRY: KMK: NO quote and NO sticky close — symbol drift? (KMK.L)
  >>> FLAG REGISTRY: KOO: NO quote and NO sticky close — symbol drift? (KOO.L)
  >>> FLAG REGISTRY: KRX.IR: registry ccy USD but feed reports EUR
  >>> FLAG REGISTRY: KRX.IR: NO quote and NO sticky close — symbol drift? (KRX.IR)
  >>> FLAG REGISTRY: KRZ.ID: NO quote and NO sticky close — symbol drift? (KRZ.ID)
  >>> FLAG REGISTRY: KSL.HE: registry ccy USD but feed reports EUR
  >>> FLAG REGISTRY: KSL.HE: NO quote and NO sticky close — symbol drift? (KSL.HE)
  >>> FLAG REGISTRY: LBG: NO quote and NO sticky close — symbol drift? (LBG.L)
  >>> FLAG REGISTRY: LTHM: NO quote and NO sticky close — symbol drift? (LTHM.L)
  >>> FLAG REGISTRY: LUMI.TA: registry ccy USD but feed reports ILA
  >>> FLAG REGISTRY: LUMI.TA: NO quote and NO sticky close — symbol drift? (LUMI.TA)
  >>> FLAG REGISTRY: MC.PA: NO quote and NO sticky close — symbol drift? (MC.PA)
  >>> FLAG REGISTRY: MFINL: NO quote and NO sticky close — symbol drift? (MFINL)
  >>> FLAG REGISTRY: MMB.PA: NO quote and NO sticky close — symbol drift? (MMB.PA)
  >>> FLAG REGISTRY: MTN.JO: registry ccy USD but feed reports ZAc
  >>> FLAG REGISTRY: MTN.JO: NO quote and NO sticky close — symbol drift? (MTN.JO)
  >>> FLAG REGISTRY: NBG.AT: NO quote and NO sticky close — symbol drift? (NBG.AT)
  >>> FLAG REGISTRY: NEX.PA: NO quote and NO sticky close — symbol drift? (NEX.PA)
  >>> FLAG REGISTRY: OMG: NO quote and NO sticky close — symbol drift? (OMG.L)
  >>> FLAG REGISTRY: ORDERBOOK-ANOMALY: NO quote and NO sticky close — symbol drift? (ORDERBOOK-ANOMALY)
  >>> FLAG REGISTRY: OTB.L: NO quote and NO sticky close — symbol drift? (OTB.L)
  >>> FLAG REGISTRY: OTP: NO quote and NO sticky close — symbol drift? (OTP)
  >>> FLAG REGISTRY: PEBB: NO quote and NO sticky close — symbol drift? (PEBB.L)
  >>> FLAG REGISTRY: PEO.WA: NO quote and NO sticky close — symbol drift? (PEO.WA)
  >>> FLAG REGISTRY: PKO.WA: NO quote and NO sticky close — symbol drift? (PKO.WA)
  >>> FLAG REGISTRY: POLI: registry ccy USD but feed reports ILA
  >>> FLAG REGISTRY: POLI: NO quote and NO sticky close — symbol drift? (POLI.TA)
  >>> FLAG REGISTRY: POLI.TA: registry ccy USD but feed reports ILA
  >>> FLAG REGISTRY: POLI.TA: NO quote and NO sticky close — symbol drift? (POLI.TA)
  >>> FLAG REGISTRY: PREFERRED-ODDLOT-SLEEVE: NO quote and NO sticky close — symbol drift? (PREFERRED-ODDLOT-SLEEVE)
  >>> FLAG REGISTRY: PRIC-B.ST: registry ccy USD but feed reports SEK
  >>> FLAG REGISTRY: PRIC-B.ST: NO quote and NO sticky close — symbol drift? (PRIC-B.ST)
  >>> FLAG REGISTRY: PRN.L: NO quote and NO sticky close — symbol drift? (PRN.L)
  >>> FLAG REGISTRY: PRX.AS: registry ccy USD but feed reports EUR
  >>> FLAG REGISTRY: PRX.AS: NO quote and NO sticky close — symbol drift? (PRX.AS)
  >>> FLAG REGISTRY: PRY.MI: NO quote and NO sticky close — symbol drift? (PRY.MI)
  >>> FLAG REGISTRY: PSK: NO quote and NO sticky close — symbol drift? (PSK.TO)
  >>> FLAG REGISTRY: RBI.VI: NO quote and NO sticky close — symbol drift? (RBI.VI)
  >>> FLAG REGISTRY: RILY-NOTES: NO quote and NO sticky close — symbol drift? (RILY-NOTES)
  >>> FLAG REGISTRY: RMS.PA: NO quote and NO sticky close — symbol drift? (RMS.PA)
  >>> FLAG REGISTRY: RO-IPO: NO quote and NO sticky close — symbol drift? (RO-IPO)
  >>> FLAG REGISTRY: ROCK-B.CO: registry ccy USD but feed reports DKK
  >>> FLAG REGISTRY: ROCK-B.CO: NO quote and NO sticky close — symbol drift? (ROCK-B.CO)
  >>> FLAG REGISTRY: RUSSELL-RECON-SLEEVE: NO quote and NO sticky close — symbol drift? (RUSSELL-RECON-SLEEVE)
  >>> FLAG REGISTRY: SACC-NOTES: NO quote and NO sticky close — symbol drift? (SACC-NOTES)
  >>> FLAG REGISTRY: SAP.DE: NO quote and NO sticky close — symbol drift? (SAP.DE)
  >>> FLAG REGISTRY: SATS: NO quote and NO sticky close — symbol drift? (SATS)
  >>> FLAG REGISTRY: SCA-B.ST: registry ccy USD but feed reports SEK
  >>> FLAG REGISTRY: SCA-B.ST: NO quote and NO sticky close — symbol drift? (SCA-B.ST)
  >>> FLAG REGISTRY: SCHO.CO: registry ccy USD but feed reports DKK
  >>> FLAG REGISTRY: SCHO.CO: NO quote and NO sticky close — symbol drift? (SCHO.CO)
  >>> FLAG REGISTRY: SEPT-DEPLOY: NO quote and NO sticky close — symbol drift? (SEPT-DEPLOY)
  >>> FLAG REGISTRY: SESG.PA: NO quote and NO sticky close — symbol drift? (SESG.PA)
  >>> FLAG REGISTRY: SFPI.PA: NO quote and NO sticky close — symbol drift? (SFPI.PA)
  >>> FLAG REGISTRY: SLP: NO quote and NO sticky close — symbol drift? (SLP.L)
  >>> FLAG REGISTRY: SOM: NO quote and NO sticky close — symbol drift? (SOM.L)
  >>> FLAG REGISTRY: SPR: NO quote and NO sticky close — symbol drift? (SPR.L)
  >>> FLAG REGISTRY: SRB: NO quote and NO sticky close — symbol drift? (SRB.L)
  >>> FLAG REGISTRY: STEM: NO quote and NO sticky close — symbol drift? (STEM.L)
  >>> FLAG REGISTRY: STEM.L: NO quote and NO sticky close — symbol drift? (STEM.L)
  >>> FLAG REGISTRY: STERV.HE: registry ccy USD but feed reports EUR
  >>> FLAG REGISTRY: STERV.HE: NO quote and NO sticky close — symbol drift? (STERV.HE)
  >>> FLAG REGISTRY: SY1.DE: NO quote and NO sticky close — symbol drift? (SY1.DE)
  >>> FLAG REGISTRY: TAIL-PROGRAM: NO quote and NO sticky close — symbol drift? (TAIL-PROGRAM)
  >>> FLAG REGISTRY: TBCG.L: NO quote and NO sticky close — symbol drift? (TBCG.L)
  >>> FLAG REGISTRY: TEM1V.HE: registry ccy USD but feed reports EUR
  >>> FLAG REGISTRY: TEM1V.HE: NO quote and NO sticky close — symbol drift? (TEM1V.HE)
  >>> FLAG REGISTRY: TFW: NO quote and NO sticky close — symbol drift? (TFW.L)
  >>> FLAG REGISTRY: THS.L: NO quote and NO sticky close — symbol drift? (THS.L)
  >>> FLAG REGISTRY: THX: NO quote and NO sticky close — symbol drift? (THX.L)
  >>> FLAG REGISTRY: TOKMAN.HE: registry ccy USD but feed reports EUR
  >>> FLAG REGISTRY: TOKMAN.HE: NO quote and NO sticky close — symbol drift? (TOKMAN.HE)
  >>> FLAG REGISTRY: TPEIR.AT: NO quote and NO sticky close — symbol drift? (TPEIR.AT)
  >>> FLAG REGISTRY: TRU.L: NO quote and NO sticky close — symbol drift? (TRU.L)
  >>> FLAG REGISTRY: TW.L: NO quote and NO sticky close — symbol drift? (TW.L)
  >>> FLAG REGISTRY: UKRAIN-StepUp-B: NO quote and NO sticky close — symbol drift? (UKRAIN-StepUp-B)
  >>> FLAG REGISTRY: ULTP.L: NO quote and NO sticky close — symbol drift? (ULTP.L)
  >>> FLAG REGISTRY: VERK.HE: registry ccy USD but feed reports EUR
  >>> FLAG REGISTRY: VERK.HE: NO quote and NO sticky close — symbol drift? (VERK.HE)
  >>> FLAG REGISTRY: VERO: NO quote and NO sticky close — symbol drift? (VERO)
  >>> FLAG REGISTRY: VSCO: NO quote and NO sticky close — symbol drift? (VSCO)
  >>> FLAG REGISTRY: VTY: NO quote and NO sticky close — symbol drift? (VTY.L)
  >>> FLAG REGISTRY: VTY.L: NO quote and NO sticky close — symbol drift? (VTY.L)
  >>> FLAG REGISTRY: W5.ST: registry ccy USD but feed reports SEK
  >>> FLAG REGISTRY: W5.ST: NO quote and NO sticky close — symbol drift? (W5.ST)
  >>> FLAG REGISTRY: W5_ST: NO quote and NO sticky close — symbol drift? (W5_ST)
  >>> FLAG REGISTRY: WIE.VIE: NO quote and NO sticky close — symbol drift? (WIE.VIE)
  >>> FLAG REGISTRY: WIZZ.L: NO quote and NO sticky close — symbol drift? (WIZZ.L)
  >>> FLAG REGISTRY: WYN: NO quote and NO sticky close — symbol drift? (WYN.L)
  >>> FLAG REGISTRY: YU.: NO quote and NO sticky close — symbol drift? (YU..L)

/Users/ajay/Library/Python/3.9/lib/python/site-packages/urllib3/__init__.py:35: NotOpenSSLWarning: urllib3 v2 only supports OpenSSL 1.1.1+, currently the 'ssl' module is compiled with 'LibreSSL 2.8.3'. See: https://github.com/urllib3/urllib3/issues/3020
  warnings.warn(
HTTP Error 404: {"quoteSummary":{"result":null,"error":{"code":"Not Found","description":"Quote not found for symbol: 5595.T"}}}
$5595.T: possibly delisted; no price data found  (period=5d) (Yahoo error = "No data found, symbol may be delisted")
HTTP Error 404: {"quoteSummary":{"result":null,"error":{"code":"Not Found","description":"Quote not found for symbol: 8750"}}}
$8750: possibly delisted; no price data found  (period=5d) (Yahoo error = "No data found, symbol may be delisted")
$AST.WAR: possibly delisted; no price data found  (period=5d) (Yahoo error = "No data found, symbol may be delisted")
$BABYBOND-SLEEVE: possibly delisted; no price data found  (period=5d) (Yahoo error = "No data found, symbol may be delisted")
$BANKPOND-SLEEVE: possibly delisted; no price data found  (period=5d) (Yahoo error = "No data found, symbol may be delisted")
$CBKD.L: possibly delisted; no price data found  (period=5d)
$CRXT: possibly delisted; no price data found  (period=5d)
$HARRYS-IPO: possibly delisted; no price data found  (period=5d) (Yahoo error = "No data found, symbol may be delisted")
$JAPAN-VALUEUP-SLEEVE: possibly delisted; no price data found  (period=5d) (Yahoo error = "No data found, symbol may be delisted")
$KALSHI-DIVERGENCE-SLEEVE: possibly delisted; no price data found  (period=5d) (Yahoo error = "No data found, symbol may be delisted")
$KAP: possibly delisted; no price data found  (period=5d)
$KRZ.ID: possibly delisted; no price data found  (period=5d) (Yahoo error = "No data found, symbol may be delisted")
$MFINL: possibly delisted; no price data found  (period=5d) (Yahoo error = "No data found, symbol may be delisted")
$MHPC.L: possibly delisted; no price data found  (period=5d)
$NBG.AT: possibly delisted; no price data found  (period=5d) (Yahoo error = "No data found, symbol may be delisted")
$ORDERBOOK-ANOMALY: possibly delisted; no price data found  (period=5d) (Yahoo error = "No data found, symbol may be delisted")
$OTP: possibly delisted; no price data found  (period=5d)
$PREFERRED-ODDLOT-SLEEVE: possibly delisted; no price data found  (period=5d) (Yahoo error = "No data found, symbol may be delisted")
$RILY-NOTES: possibly delisted; no price data found  (period=5d) (Yahoo error = "No data found, symbol may be delisted")
$RO-IPO: possibly delisted; no price data found  (period=5d) (Yahoo error = "No data found, symbol may be delisted")
$RUSSELL-RECON-SLEEVE: possibly delisted; no price data found  (period=5d) (Yahoo error = "No data found, symbol may be delisted")
$SACC-NOTES: possibly delisted; no price data found  (period=5d) (Yahoo error = "No data found, symbol may be delisted")
$SATS: possibly delisted; no price data found  (period=5d) (Yahoo error = "No data found, symbol may be delisted")
$SEPT-DEPLOY: possibly delisted; no price data found  (period=5d) (Yahoo error = "No data found, symbol may be delisted")
$TAIL-PROGRAM: possibly delisted; no price data found  (period=5d) (Yahoo error = "No data found, symbol may be delisted")
$TRINZ: possibly delisted; no price data found  (period=5d)
$UKRAIN-STEPUP-B: possibly delisted; no price data found  (period=5d) (Yahoo error = "No data found, symbol may be delisted")
$VERO: possibly delisted; no price data found  (period=5d) (Yahoo error = "No data found, symbol may be delisted")
$VSCO: possibly delisted; no price data found  (period=5d) (Yahoo error = "No data found, symbol may be delisted")
$W5_ST: possibly delisted; no price data found  (period=5d) (Yahoo error = "No data found, symbol may be delisted")
$WIE.VIE: possibly delisted; no price data found  (period=5d) (Yahoo error = "No data found, symbol may be delisted")
$YU..L: possibly delisted; no price data found  (period=5d) (Yahoo error = "No data found, symbol may be delisted")
