
===== 2026-07-02 11:30 (desk) =====
tax_fit: 108 names cached (tau 0.45yr)
  VERU      vol 189%  tax-opt 25.5%  STRONG
  EVER      vol 138%  tax-opt 18.7%  STRONG
  SLS       vol 122%  tax-opt 16.4%  STRONG
  NRGV      vol 106%  tax-opt 14.4%  STRONG
  BRBR      vol 100%  tax-opt 13.5%  STRONG
  ODD       vol 100%  tax-opt 13.5%  STRONG
  GTM       vol 96%  tax-opt 12.9%  STRONG  cat 2026-08-03
  ZS        vol 91%  tax-opt 12.3%  STRONG
  HIMS      vol 88%  tax-opt 11.9%  STRONG
  HUBS      vol 85%  tax-opt 11.5%  STRONG  cat 2026-08-05

/Users/ajay/Library/Python/3.9/lib/python/site-packages/urllib3/__init__.py:35: NotOpenSSLWarning: urllib3 v2 only supports OpenSSL 1.1.1+, currently the 'ssl' module is compiled with 'LibreSSL 2.8.3'. See: https://github.com/urllib3/urllib3/issues/3020
  warnings.warn(
HTTP Error 404: {"quoteSummary":{"result":null,"error":{"code":"Not Found","description":"Quote not found for symbol: AST.WAR"}}}
HTTP Error 404: {"quoteSummary":{"result":null,"error":{"code":"Not Found","description":"Quote not found for symbol: UKRAIN-STEPUP-B"}}}
$UKRAIN-STEPUP-B: possibly delisted; no price data found  (period=6mo) (Yahoo error = "No data found, symbol may be delisted")
$AST.WAR: possibly delisted; no price data found  (period=6mo) (Yahoo error = "No data found, symbol may be delisted")
$WIE.VIE: possibly delisted; no price data found  (period=6mo) (Yahoo error = "No data found, symbol may be delisted")

3 Failed downloads:
['UKRAIN-STEPUP-B', 'AST.WAR', 'WIE.VIE']: possibly delisted; no price data found  (period=6mo) (Yahoo error = "No data found, symbol may be delisted")

===== 2026-07-03 11:31 (desk) =====
tax_fit: 138 names cached (tau 0.45yr)
  FXPO.L    vol 19810%  tax-opt 2663.8%  STRONG
  VERU      vol 189%  tax-opt 25.4%  STRONG
  EVER      vol 138%  tax-opt 18.6%  STRONG
  SLS       vol 123%  tax-opt 16.5%  STRONG
  NRGV      vol 107%  tax-opt 14.4%  STRONG
  BRBR      vol 100%  tax-opt 13.5%  STRONG
  ODD       vol 100%  tax-opt 13.5%  STRONG
  003550.KS vol 99%  tax-opt 13.3%  STRONG
  028260.KS vol 99%  tax-opt 13.3%  STRONG
  GTM       vol 96%  tax-opt 12.9%  STRONG  cat 2026-08-03

/Users/ajay/Library/Python/3.9/lib/python/site-packages/urllib3/__init__.py:35: NotOpenSSLWarning: urllib3 v2 only supports OpenSSL 1.1.1+, currently the 'ssl' module is compiled with 'LibreSSL 2.8.3'. See: https://github.com/urllib3/urllib3/issues/3020
  warnings.warn(
HTTP Error 404: {"quoteSummary":{"result":null,"error":{"code":"Not Found","description":"Quote not found for symbol: UKRAIN-STEPUP-B"}}}
$UKRAIN-STEPUP-B: possibly delisted; no price data found  (period=6mo) (Yahoo error = "No data found, symbol may be delisted")
HTTP Error 404: {"quoteSummary":{"result":null,"error":{"code":"Not Found","description":"Quote not found for symbol: WIE.VIE"}}}
$WIE.VIE: possibly delisted; no price data found  (period=6mo) (Yahoo error = "No data found, symbol may be delisted")
$AST.WAR: possibly delisted; no price data found  (period=6mo) (Yahoo error = "No data found, symbol may be delisted")
$SPL.WA: possibly delisted; no price data found  (period=6mo) (Yahoo error = "No data found, symbol may be delisted")

4 Failed downloads:
['UKRAIN-STEPUP-B', 'WIE.VIE', 'AST.WAR', 'SPL.WA']: possibly delisted; no price data found  (period=6mo) (Yahoo error = "No data found, symbol may be delisted")

===== 2026-07-06 00:33 (desk) =====
tax_fit: 176 names cached (tau 0.44yr)
  FXPO.L    vol 19810%  tax-opt 2639.5%  STRONG
  VERU      vol 189%  tax-opt 25.2%  STRONG
  EVER      vol 138%  tax-opt 18.4%  STRONG
  SLS       vol 123%  tax-opt 16.4%  STRONG
  VRM       vol 117%  tax-opt 15.5%  STRONG
  NRGV      vol 107%  tax-opt 14.2%  STRONG
  VSAT      vol 101%  tax-opt 13.5%  STRONG
  BRBR      vol 100%  tax-opt 13.4%  STRONG
  ODD       vol 100%  tax-opt 13.4%  STRONG
  003550.KS vol 98%  tax-opt 13.1%  STRONG

/Users/ajay/Library/Python/3.9/lib/python/site-packages/urllib3/__init__.py:35: NotOpenSSLWarning: urllib3 v2 only supports OpenSSL 1.1.1+, currently the 'ssl' module is compiled with 'LibreSSL 2.8.3'. See: https://github.com/urllib3/urllib3/issues/3020
  warnings.warn(
HTTP Error 404: {"quoteSummary":{"result":null,"error":{"code":"Not Found","description":"Quote not found for symbol: UKRAIN-STEPUP-B"}}}
$UKRAIN-STEPUP-B: possibly delisted; no price data found  (period=6mo) (Yahoo error = "No data found, symbol may be delisted")
HTTP Error 404: {"quoteSummary":{"result":null,"error":{"code":"Not Found","description":"Quote not found for symbol: SPL.WA"}}}
$AST.WAR: possibly delisted; no price data found  (period=6mo) (Yahoo error = "No data found, symbol may be delisted")
$SPL.WA: possibly delisted; no price data found  (period=6mo) (Yahoo error = "No data found, symbol may be delisted")
$NBG.AT: possibly delisted; no price data found  (period=6mo) (Yahoo error = "No data found, symbol may be delisted")
$WIE.VIE: possibly delisted; no price data found  (period=6mo) (Yahoo error = "No data found, symbol may be delisted")

5 Failed downloads:
['UKRAIN-STEPUP-B', 'AST.WAR', 'SPL.WA', 'NBG.AT', 'WIE.VIE']: possibly delisted; no price data found  (period=6mo) (Yahoo error = "No data found, symbol may be delisted")

===== 2026-07-07 07:33 (desk) =====
tax_fit: 192 names cached (tau 0.44yr)
  FXPO.L    vol 19809%  tax-opt 2631.2%  STRONG
  MITI      vol 213%  tax-opt 28.3%  STRONG
  VERU      vol 190%  tax-opt 25.2%  STRONG
  VRSSF     vol 185%  tax-opt 24.6%  STRONG
  EVER      vol 139%  tax-opt 18.4%  STRONG
  SLS       vol 124%  tax-opt 16.5%  STRONG
  JTAI      vol 124%  tax-opt 16.5%  STRONG
  IPW       vol 120%  tax-opt 15.9%  STRONG
  VRM       vol 116%  tax-opt 15.4%  STRONG
  IVVD      vol 111%  tax-opt 14.8%  STRONG

/Users/ajay/Library/Python/3.9/lib/python/site-packages/urllib3/__init__.py:35: NotOpenSSLWarning: urllib3 v2 only supports OpenSSL 1.1.1+, currently the 'ssl' module is compiled with 'LibreSSL 2.8.3'. See: https://github.com/urllib3/urllib3/issues/3020
  warnings.warn(
HTTP Error 404: {"quoteSummary":{"result":null,"error":{"code":"Not Found","description":"Quote not found for symbol: WIE.VIE"}}}
HTTP Error 404: {"quoteSummary":{"result":null,"error":{"code":"Not Found","description":"Quote not found for symbol: AST.WAR"}}}
$WIE.VIE: possibly delisted; no price data found  (period=6mo) (Yahoo error = "No data found, symbol may be delisted")
$TAIL-PROGRAM: possibly delisted; no price data found  (period=6mo) (Yahoo error = "No data found, symbol may be delisted")
$AST.WAR: possibly delisted; no price data found  (period=6mo) (Yahoo error = "No data found, symbol may be delisted")
$UKRAIN-STEPUP-B: possibly delisted; no price data found  (period=6mo) (Yahoo error = "No data found, symbol may be delisted")
$NBG.AT: possibly delisted; no price data found  (period=6mo) (Yahoo error = "No data found, symbol may be delisted")
$SEPT-DEPLOY: possibly delisted; no price data found  (period=6mo) (Yahoo error = "No data found, symbol may be delisted")
$SPL.WA: possibly delisted; no price data found  (period=6mo) (Yahoo error = "No data found, symbol may be delisted")

7 Failed downloads:
['WIE.VIE', 'TAIL-PROGRAM', 'AST.WAR', 'UKRAIN-STEPUP-B', 'NBG.AT', 'SEPT-DEPLOY', 'SPL.WA']: possibly delisted; no price data found  (period=6mo) (Yahoo error = "No data found, symbol may be delisted")

===== 2026-07-08 08:32 (desk) =====
tax_fit: 202 names cached (tau 0.44yr)
  FXPO.L    vol 19809%  tax-opt 2623.0%  STRONG
  MITI      vol 213%  tax-opt 28.2%  STRONG
  VERU      vol 190%  tax-opt 25.2%  STRONG
  VRSSF     vol 185%  tax-opt 24.5%  STRONG
  EVER      vol 139%  tax-opt 18.4%  STRONG
  JTAI      vol 125%  tax-opt 16.6%  STRONG
  SLS       vol 124%  tax-opt 16.4%  STRONG
  IPW       vol 121%  tax-opt 16.0%  STRONG
  VRM       vol 115%  tax-opt 15.3%  STRONG
  IVVD      vol 112%  tax-opt 14.8%  STRONG

/Users/ajay/Library/Python/3.9/lib/python/site-packages/urllib3/__init__.py:35: NotOpenSSLWarning: urllib3 v2 only supports OpenSSL 1.1.1+, currently the 'ssl' module is compiled with 'LibreSSL 2.8.3'. See: https://github.com/urllib3/urllib3/issues/3020
  warnings.warn(
HTTP Error 404: {"quoteSummary":{"result":null,"error":{"code":"Not Found","description":"Quote not found for symbol: SEPT-DEPLOY"}}}
$WIE.VIE: possibly delisted; no price data found  (period=6mo) (Yahoo error = "No data found, symbol may be delisted")
HTTP Error 404: {"quoteSummary":{"result":null,"error":{"code":"Not Found","description":"Quote not found for symbol: BANKPOND-SLEEVE"}}}
$SEPT-DEPLOY: possibly delisted; no price data found  (period=6mo) (Yahoo error = "No data found, symbol may be delisted")
$BANKPOND-SLEEVE: possibly delisted; no price data found  (period=6mo) (Yahoo error = "No data found, symbol may be delisted")
$8750: possibly delisted; no price data found  (period=6mo) (Yahoo error = "No data found, symbol may be delisted")
$ORDERBOOK-ANOMALY: possibly delisted; no price data found  (period=6mo) (Yahoo error = "No data found, symbol may be delisted")
$RILY-NOTES: possibly delisted; no price data found  (period=6mo) (Yahoo error = "No data found, symbol may be delisted")
$NBG.AT: possibly delisted; no price data found  (period=6mo) (Yahoo error = "No data found, symbol may be delisted")
$SPL.WA: possibly delisted; no price data found  (period=6mo) (Yahoo error = "No data found, symbol may be delisted")
$TAIL-PROGRAM: possibly delisted; no price data found  (period=6mo) (Yahoo error = "No data found, symbol may be delisted")
$JAPAN-VALUEUP-SLEEVE: possibly delisted; no price data found  (period=6mo) (Yahoo error = "No data found, symbol may be delisted")
$AST.WAR: possibly delisted; no price data found  (period=6mo) (Yahoo error = "No data found, symbol may be delisted")
$MFINL: possibly delisted; no price data found  (period=6mo) (Yahoo error = "No data found, symbol may be delisted")
$UKRAIN-STEPUP-B: possibly delisted; no price data found  (period=6mo) (Yahoo error = "No data found, symbol may be delisted")
$BABYBOND-SLEEVE: possibly delisted; no price data found  (period=6mo) (Yahoo error = "No data found, symbol may be delisted")
$SACC-NOTES: possibly delisted; no price data found  (period=6mo) (Yahoo error = "No data found, symbol may be delisted")
$ADIG: possibly delisted; no price data found  (period=6mo) (Yahoo error = "No data found, symbol may be delisted")

16 Failed downloads:
['WIE.VIE', 'SEPT-DEPLOY', 'BANKPOND-SLEEVE', '8750', 'ORDERBOOK-ANOMALY', 'RILY-NOTES', 'NBG.AT', 'SPL.WA', 'TAIL-PROGRAM', 'JAPAN-VALUEUP-SLEEVE', 'AST.WAR', 'MFINL', 'UKRAIN-STEPUP-B', 'BABYBOND-SLEEVE', 'SACC-NOTES', 'ADIG']: possibly delisted; no price data found  (period=6mo) (Yahoo error = "No data found, symbol may be delisted")

===== 2026-07-09 09:33 (desk) =====
tax_fit: 208 names cached (tau 0.44yr)
  FXPO.L    vol 19809%  tax-opt 2614.9%  STRONG
  MITI      vol 210%  tax-opt 27.8%  STRONG
  VERU      vol 190%  tax-opt 25.1%  STRONG
  VRSSF     vol 185%  tax-opt 24.4%  STRONG
  EVER      vol 139%  tax-opt 18.3%  STRONG
  SLS       vol 123%  tax-opt 16.2%  STRONG
  IPW       vol 123%  tax-opt 16.2%  STRONG
  LCUT      vol 116%  tax-opt 15.3%  STRONG
  JTAI      vol 114%  tax-opt 15.1%  STRONG
  IVVD      vol 112%  tax-opt 14.9%  STRONG

/Users/ajay/Library/Python/3.9/lib/python/site-packages/urllib3/__init__.py:35: NotOpenSSLWarning: urllib3 v2 only supports OpenSSL 1.1.1+, currently the 'ssl' module is compiled with 'LibreSSL 2.8.3'. See: https://github.com/urllib3/urllib3/issues/3020
  warnings.warn(
HTTP Error 404: {"quoteSummary":{"result":null,"error":{"code":"Not Found","description":"Quote not found for symbol: ORDERBOOK-ANOMALY"}}}
HTTP Error 404: {"quoteSummary":{"result":null,"error":{"code":"Not Found","description":"Quote not found for symbol: SPL.WA"}}}
$ORDERBOOK-ANOMALY: possibly delisted; no price data found  (period=6mo) (Yahoo error = "No data found, symbol may be delisted")
$BANKPOND-SLEEVE: possibly delisted; no price data found  (period=6mo) (Yahoo error = "No data found, symbol may be delisted")
$RILY-NOTES: possibly delisted; no price data found  (period=6mo) (Yahoo error = "No data found, symbol may be delisted")
$SPL.WA: possibly delisted; no price data found  (period=6mo) (Yahoo error = "No data found, symbol may be delisted")
$8750: possibly delisted; no price data found  (period=6mo) (Yahoo error = "No data found, symbol may be delisted")
$JAPAN-VALUEUP-SLEEVE: possibly delisted; no price data found  (period=6mo) (Yahoo error = "No data found, symbol may be delisted")
$UKRAIN-STEPUP-B: possibly delisted; no price data found  (period=6mo) (Yahoo error = "No data found, symbol may be delisted")
$AST.WAR: possibly delisted; no price data found  (period=6mo) (Yahoo error = "No data found, symbol may be delisted")
$BABYBOND-SLEEVE: possibly delisted; no price data found  (period=6mo) (Yahoo error = "No data found, symbol may be delisted")
$MFINL: possibly delisted; no price data found  (period=6mo) (Yahoo error = "No data found, symbol may be delisted")
$SEPT-DEPLOY: possibly delisted; no price data found  (period=6mo) (Yahoo error = "No data found, symbol may be delisted")
$ADIG: possibly delisted; no price data found  (period=6mo) (Yahoo error = "No data found, symbol may be delisted")
$NBG.AT: possibly delisted; no price data found  (period=6mo) (Yahoo error = "No data found, symbol may be delisted")
$WIE.VIE: possibly delisted; no price data found  (period=6mo) (Yahoo error = "No data found, symbol may be delisted")
$TAIL-PROGRAM: possibly delisted; no price data found  (period=6mo) (Yahoo error = "No data found, symbol may be delisted")
$SACC-NOTES: possibly delisted; no price data found  (period=6mo) (Yahoo error = "No data found, symbol may be delisted")

16 Failed downloads:
['ORDERBOOK-ANOMALY', 'BANKPOND-SLEEVE', 'RILY-NOTES', 'SPL.WA', '8750', 'JAPAN-VALUEUP-SLEEVE', 'UKRAIN-STEPUP-B', 'AST.WAR', 'BABYBOND-SLEEVE', 'MFINL', 'SEPT-DEPLOY', 'ADIG', 'NBG.AT', 'WIE.VIE', 'TAIL-PROGRAM', 'SACC-NOTES']: possibly delisted; no price data found  (period=6mo) (Yahoo error = "No data found, symbol may be delisted")

===== 2026-07-10 10:36 (desk) =====
tax_fit: 207 names cached (tau 0.43yr)
  FXPO.L    vol 19809%  tax-opt 2606.7%  STRONG
  MFP       vol 396%  tax-opt 52.0%  STRONG
  MITI      vol 206%  tax-opt 27.1%  STRONG
  VERU      vol 190%  tax-opt 25.0%  STRONG
  VRSSF     vol 183%  tax-opt 24.1%  STRONG
  EVER      vol 139%  tax-opt 18.3%  STRONG
  SLS       vol 124%  tax-opt 16.3%  STRONG
  IPW       vol 121%  tax-opt 15.9%  STRONG
  CVV       vol 115%  tax-opt 15.2%  STRONG
  LCUT      vol 113%  tax-opt 14.9%  STRONG

/Users/ajay/Library/Python/3.9/lib/python/site-packages/urllib3/__init__.py:35: NotOpenSSLWarning: urllib3 v2 only supports OpenSSL 1.1.1+, currently the 'ssl' module is compiled with 'LibreSSL 2.8.3'. See: https://github.com/urllib3/urllib3/issues/3020
  warnings.warn(
HTTP Error 404: {"quoteSummary":{"result":null,"error":{"code":"Not Found","description":"Quote not found for symbol: AST.WAR"}}}
$ADIG: possibly delisted; no price data found  (period=6mo) (Yahoo error = "No data found, symbol may be delisted")
HTTP Error 404: {"quoteSummary":{"result":null,"error":{"code":"Not Found","description":"Quote not found for symbol: TAIL-PROGRAM"}}}
$UKRAIN-STEPUP-B: possibly delisted; no price data found  (period=6mo) (Yahoo error = "No data found, symbol may be delisted")
$AST.WAR: possibly delisted; no price data found  (period=6mo) (Yahoo error = "No data found, symbol may be delisted")
$SATS: possibly delisted; no price data found  (period=6mo)
$TAIL-PROGRAM: possibly delisted; no price data found  (period=6mo) (Yahoo error = "No data found, symbol may be delisted")
$BABYBOND-SLEEVE: possibly delisted; no price data found  (period=6mo) (Yahoo error = "No data found, symbol may be delisted")
$SACC-NOTES: possibly delisted; no price data found  (period=6mo) (Yahoo error = "No data found, symbol may be delisted")
$WIE.VIE: possibly delisted; no price data found  (period=6mo) (Yahoo error = "No data found, symbol may be delisted")
$NBG.AT: possibly delisted; no price data found  (period=6mo) (Yahoo error = "No data found, symbol may be delisted")
$SEPT-DEPLOY: possibly delisted; no price data found  (period=6mo) (Yahoo error = "No data found, symbol may be delisted")
$RILY-NOTES: possibly delisted; no price data found  (period=6mo) (Yahoo error = "No data found, symbol may be delisted")
$SPL.WA: possibly delisted; no price data found  (period=6mo) (Yahoo error = "No data found, symbol may be delisted")
$BANKPOND-SLEEVE: possibly delisted; no price data found  (period=6mo) (Yahoo error = "No data found, symbol may be delisted")
$ORDERBOOK-ANOMALY: possibly delisted; no price data found  (period=6mo) (Yahoo error = "No data found, symbol may be delisted")
$JAPAN-VALUEUP-SLEEVE: possibly delisted; no price data found  (period=6mo) (Yahoo error = "No data found, symbol may be delisted")
$8750: possibly delisted; no price data found  (period=6mo) (Yahoo error = "No data found, symbol may be delisted")
$MFINL: possibly delisted; no price data found  (period=6mo) (Yahoo error = "No data found, symbol may be delisted")

17 Failed downloads:
['ADIG', 'UKRAIN-STEPUP-B', 'AST.WAR', 'TAIL-PROGRAM', 'BABYBOND-SLEEVE', 'SACC-NOTES', 'WIE.VIE', 'NBG.AT', 'SEPT-DEPLOY', 'RILY-NOTES', 'SPL.WA', 'BANKPOND-SLEEVE', 'ORDERBOOK-ANOMALY', 'JAPAN-VALUEUP-SLEEVE', '8750', 'MFINL']: possibly delisted; no price data found  (period=6mo) (Yahoo error = "No data found, symbol may be delisted")
['SATS']: possibly delisted; no price data found  (period=6mo)

===== 2026-07-13 00:34 (desk) =====
tax_fit: 227 names cached (tau 0.42yr)
  FXPO.L    vol 19810%  tax-opt 2581.8%  STRONG
  MFP       vol 394%  tax-opt 51.4%  STRONG
  MITI      vol 206%  tax-opt 26.8%  STRONG
  VERU      vol 190%  tax-opt 24.8%  STRONG
  VRSSF     vol 183%  tax-opt 23.8%  STRONG
  EVER      vol 139%  tax-opt 18.1%  STRONG
  SLS       vol 124%  tax-opt 16.1%  STRONG
  IPW       vol 120%  tax-opt 15.7%  STRONG
  CVV       vol 117%  tax-opt 15.2%  STRONG
  LCUT      vol 113%  tax-opt 14.7%  STRONG

/Users/ajay/Library/Python/3.9/lib/python/site-packages/urllib3/__init__.py:35: NotOpenSSLWarning: urllib3 v2 only supports OpenSSL 1.1.1+, currently the 'ssl' module is compiled with 'LibreSSL 2.8.3'. See: https://github.com/urllib3/urllib3/issues/3020
  warnings.warn(
HTTP Error 404: {"quoteSummary":{"result":null,"error":{"code":"Not Found","description":"Quote not found for symbol: HARRYS-IPO"}}}
$CRXT: possibly delisted; no price data found  (period=6mo)
HTTP Error 404: {"quoteSummary":{"result":null,"error":{"code":"Not Found","description":"Quote not found for symbol: BABYBOND-SLEEVE"}}}
$HARRYS-IPO: possibly delisted; no price data found  (period=6mo) (Yahoo error = "No data found, symbol may be delisted")
$OTP: possibly delisted; no price data found  (period=6mo)
$BABYBOND-SLEEVE: possibly delisted; no price data found  (period=6mo) (Yahoo error = "No data found, symbol may be delisted")
$AST.WAR: possibly delisted; no price data found  (period=6mo) (Yahoo error = "No data found, symbol may be delisted")
$PREFERRED-ODDLOT-SLEEVE: possibly delisted; no price data found  (period=6mo) (Yahoo error = "No data found, symbol may be delisted")
$UKRAIN-STEPUP-B: possibly delisted; no price data found  (period=6mo) (Yahoo error = "No data found, symbol may be delisted")
$SPL.WA: possibly delisted; no price data found  (period=6mo) (Yahoo error = "No data found, symbol may be delisted")
$SEPT-DEPLOY: possibly delisted; no price data found  (period=6mo) (Yahoo error = "No data found, symbol may be delisted")
$RO-IPO: possibly delisted; no price data found  (period=6mo) (Yahoo error = "No data found, symbol may be delisted")
$TAIL-PROGRAM: possibly delisted; no price data found  (period=6mo) (Yahoo error = "No data found, symbol may be delisted")
$RUSSELL-RECON-SLEEVE: possibly delisted; no price data found  (period=6mo) (Yahoo error = "No data found, symbol may be delisted")
$ORDERBOOK-ANOMALY: possibly delisted; no price data found  (period=6mo) (Yahoo error = "No data found, symbol may be delisted")
$VERO: possibly delisted; no price data found  (period=6mo) (Yahoo error = "No data found, symbol may be delisted")
$KALSHI-DIVERGENCE-SLEEVE: possibly delisted; no price data found  (period=6mo) (Yahoo error = "No data found, symbol may be delisted")
$MFINL: possibly delisted; no price data found  (period=6mo) (Yahoo error = "No data found, symbol may be delisted")
$KAP: possibly delisted; no price data found  (period=6mo)
$SACC-NOTES: possibly delisted; no price data found  (period=6mo) (Yahoo error = "No data found, symbol may be delisted")
$BANKPOND-SLEEVE: possibly delisted; no price data found  (period=6mo) (Yahoo error = "No data found, symbol may be delisted")
$RILY-NOTES: possibly delisted; no price data found  (period=6mo) (Yahoo error = "No data found, symbol may be delisted")
$NBG.AT: possibly delisted; no price data found  (period=6mo) (Yahoo error = "No data found, symbol may be delisted")
$JAPAN-VALUEUP-SLEEVE: possibly delisted; no price data found  (period=6mo) (Yahoo error = "No data found, symbol may be delisted")
$WIE.VIE: possibly delisted; no price data found  (period=6mo) (Yahoo error = "No data found, symbol may be delisted")
$8750: possibly delisted; no price data found  (period=6mo) (Yahoo error = "No data found, symbol may be delisted")
$ADIG: possibly delisted; no price data found  (period=6mo) (Yahoo error = "No data found, symbol may be delisted")

26 Failed downloads:
['CRXT', 'OTP', 'KAP']: possibly delisted; no price data found  (period=6mo)
['HARRYS-IPO', 'BABYBOND-SLEEVE', 'AST.WAR', 'PREFERRED-ODDLOT-SLEEVE', 'UKRAIN-STEPUP-B', 'SPL.WA', 'SEPT-DEPLOY', 'RO-IPO', 'TAIL-PROGRAM', 'RUSSELL-RECON-SLEEVE', 'ORDERBOOK-ANOMALY', 'VERO', 'KALSHI-DIVERGENCE-SLEEVE', 'MFINL', 'SACC-NOTES', 'BANKPOND-SLEEVE', 'RILY-NOTES', 'NBG.AT', 'JAPAN-VALUEUP-SLEEVE', 'WIE.VIE', '8750', 'ADIG']: possibly delisted; no price data found  (period=6mo) (Yahoo error = "No data found, symbol may be delisted")
['BCH']: TypeError("'NoneType' object is not subscriptable")

===== 2026-07-14 01:32 (desk) =====
tax_fit: 247 names cached (tau 0.42yr)
  FXPO.L    vol 19810%  tax-opt 2573.5%  STRONG
  MFP       vol 374%  tax-opt 48.6%  STRONG
  OPI       vol 221%  tax-opt 28.8%  STRONG
  MITI      vol 208%  tax-opt 27.0%  STRONG
  VERU      vol 191%  tax-opt 24.8%  STRONG
  VRSSF     vol 181%  tax-opt 23.6%  STRONG
  WOLF      vol 150%  tax-opt 19.4%  STRONG
  EVER      vol 138%  tax-opt 18.0%  STRONG
  YSS       vol 131%  tax-opt 17.0%  STRONG
  IPW       vol 126%  tax-opt 16.4%  STRONG

/Users/ajay/Library/Python/3.9/lib/python/site-packages/urllib3/__init__.py:35: NotOpenSSLWarning: urllib3 v2 only supports OpenSSL 1.1.1+, currently the 'ssl' module is compiled with 'LibreSSL 2.8.3'. See: https://github.com/urllib3/urllib3/issues/3020
  warnings.warn(
HTTP Error 404: {"quoteSummary":{"result":null,"error":{"code":"Not Found","description":"Quote not found for symbol: BANKPOND-SLEEVE"}}}
$AST.WAR: possibly delisted; no price data found  (period=6mo) (Yahoo error = "No data found, symbol may be delisted")
$BANKPOND-SLEEVE: possibly delisted; no price data found  (period=6mo) (Yahoo error = "No data found, symbol may be delisted")
$MFINL: possibly delisted; no price data found  (period=6mo) (Yahoo error = "No data found, symbol may be delisted")
$TAIL-PROGRAM: possibly delisted; no price data found  (period=6mo) (Yahoo error = "No data found, symbol may be delisted")
$RUSSELL-RECON-SLEEVE: possibly delisted; no price data found  (period=6mo) (Yahoo error = "No data found, symbol may be delisted")
$KAP: possibly delisted; no price data found  (period=6mo)
$BABYBOND-SLEEVE: possibly delisted; no price data found  (period=6mo) (Yahoo error = "No data found, symbol may be delisted")
$UKRAIN-STEPUP-B: possibly delisted; no price data found  (period=6mo) (Yahoo error = "No data found, symbol may be delisted")
$VERO: possibly delisted; no price data found  (period=6mo) (Yahoo error = "No data found, symbol may be delisted")
$RILY-NOTES: possibly delisted; no price data found  (period=6mo) (Yahoo error = "No data found, symbol may be delisted")
$JAPAN-VALUEUP-SLEEVE: possibly delisted; no price data found  (period=6mo) (Yahoo error = "No data found, symbol may be delisted")
$SEPT-DEPLOY: possibly delisted; no price data found  (period=6mo) (Yahoo error = "No data found, symbol may be delisted")
$NBG.AT: possibly delisted; no price data found  (period=6mo) (Yahoo error = "No data found, symbol may be delisted")
$SACC-NOTES: possibly delisted; no price data found  (period=6mo) (Yahoo error = "No data found, symbol may be delisted")
$RO-IPO: possibly delisted; no price data found  (period=6mo) (Yahoo error = "No data found, symbol may be delisted")
$ADIG: possibly delisted; no price data found  (period=6mo) (Yahoo error = "No data found, symbol may be delisted")
$HARRYS-IPO: possibly delisted; no price data found  (period=6mo) (Yahoo error = "No data found, symbol may be delisted")
$PREFERRED-ODDLOT-SLEEVE: possibly delisted; no price data found  (period=6mo) (Yahoo error = "No data found, symbol may be delisted")
$CRXT: possibly delisted; no price data found  (period=6mo)
$SPL.WA: possibly delisted; no price data found  (period=6mo) (Yahoo error = "No data found, symbol may be delisted")
$8750: possibly delisted; no price data found  (period=6mo) (Yahoo error = "No data found, symbol may be delisted")
$OTP: possibly delisted; no price data found  (period=6mo)
$KALSHI-DIVERGENCE-SLEEVE: possibly delisted; no price data found  (period=6mo) (Yahoo error = "No data found, symbol may be delisted")
$WIE.VIE: possibly delisted; no price data found  (period=6mo) (Yahoo error = "No data found, symbol may be delisted")
$ORDERBOOK-ANOMALY: possibly delisted; no price data found  (period=6mo) (Yahoo error = "No data found, symbol may be delisted")

25 Failed downloads:
['AST.WAR', 'BANKPOND-SLEEVE', 'MFINL', 'TAIL-PROGRAM', 'RUSSELL-RECON-SLEEVE', 'BABYBOND-SLEEVE', 'UKRAIN-STEPUP-B', 'VERO', 'RILY-NOTES', 'JAPAN-VALUEUP-SLEEVE', 'SEPT-DEPLOY', 'NBG.AT', 'SACC-NOTES', 'RO-IPO', 'ADIG', 'HARRYS-IPO', 'PREFERRED-ODDLOT-SLEEVE', 'SPL.WA', '8750', 'KALSHI-DIVERGENCE-SLEEVE', 'WIE.VIE', 'ORDERBOOK-ANOMALY']: possibly delisted; no price data found  (period=6mo) (Yahoo error = "No data found, symbol may be delisted")
['KAP', 'CRXT', 'OTP']: possibly delisted; no price data found  (period=6mo)

===== 2026-07-15 02:37 (desk) =====
tax_fit: 259 names cached (tau 0.42yr)
  FXPO.L    vol 19810%  tax-opt 2565.1%  STRONG
  MFP       vol 356%  tax-opt 46.2%  STRONG
  MITI      vol 220%  tax-opt 28.4%  STRONG
  OPI       vol 216%  tax-opt 28.0%  STRONG
  VERU      vol 191%  tax-opt 24.7%  STRONG
  VRSSF     vol 181%  tax-opt 23.5%  STRONG
  WOLF      vol 149%  tax-opt 19.3%  STRONG
  EVER      vol 138%  tax-opt 17.9%  STRONG
  YSS       vol 133%  tax-opt 17.2%  STRONG
  IPW       vol 127%  tax-opt 16.4%  STRONG

/Users/ajay/Library/Python/3.9/lib/python/site-packages/urllib3/__init__.py:35: NotOpenSSLWarning: urllib3 v2 only supports OpenSSL 1.1.1+, currently the 'ssl' module is compiled with 'LibreSSL 2.8.3'. See: https://github.com/urllib3/urllib3/issues/3020
  warnings.warn(
$VSCO: possibly delisted; no price data found  (period=6mo)
HTTP Error 404: {"quoteSummary":{"result":null,"error":{"code":"Not Found","description":"Quote not found for symbol: PREFERRED-ODDLOT-SLEEVE"}}}
HTTP Error 404: {"quoteSummary":{"result":null,"error":{"code":"Not Found","description":"Quote not found for symbol: SPL.WA"}}}
$SPL.WA: possibly delisted; no price data found  (period=6mo) (Yahoo error = "No data found, symbol may be delisted")
$PREFERRED-ODDLOT-SLEEVE: possibly delisted; no price data found  (period=6mo) (Yahoo error = "No data found, symbol may be delisted")
$KAP: possibly delisted; no price data found  (period=6mo)
$SATS: possibly delisted; no price data found  (period=6mo)
$WIE.VIE: possibly delisted; no price data found  (period=6mo) (Yahoo error = "No data found, symbol may be delisted")
$MFINL: possibly delisted; no price data found  (period=6mo) (Yahoo error = "No data found, symbol may be delisted")
$UKRAIN-STEPUP-B: possibly delisted; no price data found  (period=6mo) (Yahoo error = "No data found, symbol may be delisted")
$RUSSELL-RECON-SLEEVE: possibly delisted; no price data found  (period=6mo) (Yahoo error = "No data found, symbol may be delisted")
$ADIG: possibly delisted; no price data found  (period=6mo) (Yahoo error = "No data found, symbol may be delisted")
$SEPT-DEPLOY: possibly delisted; no price data found  (period=6mo) (Yahoo error = "No data found, symbol may be delisted")
$OTP: possibly delisted; no price data found  (period=6mo)
$TAIL-PROGRAM: possibly delisted; no price data found  (period=6mo) (Yahoo error = "No data found, symbol may be delisted")
$VERO: possibly delisted; no price data found  (period=6mo) (Yahoo error = "No data found, symbol may be delisted")
$RO-IPO: possibly delisted; no price data found  (period=6mo) (Yahoo error = "No data found, symbol may be delisted")
$BANKPOND-SLEEVE: possibly delisted; no price data found  (period=6mo) (Yahoo error = "No data found, symbol may be delisted")
$CRXT: possibly delisted; no price data found  (period=6mo) (Yahoo error = "No data found, symbol may be delisted")
$RILY-NOTES: possibly delisted; no price data found  (period=6mo) (Yahoo error = "No data found, symbol may be delisted")
$8750: possibly delisted; no price data found  (period=6mo) (Yahoo error = "No data found, symbol may be delisted")
$HARRYS-IPO: possibly delisted; no price data found  (period=6mo) (Yahoo error = "No data found, symbol may be delisted")
$AST.WAR: possibly delisted; no price data found  (period=6mo) (Yahoo error = "No data found, symbol may be delisted")
$BABYBOND-SLEEVE: possibly delisted; no price data found  (period=6mo) (Yahoo error = "No data found, symbol may be delisted")
$SACC-NOTES: possibly delisted; no price data found  (period=6mo) (Yahoo error = "No data found, symbol may be delisted")
$JAPAN-VALUEUP-SLEEVE: possibly delisted; no price data found  (period=6mo) (Yahoo error = "No data found, symbol may be delisted")
$ORDERBOOK-ANOMALY: possibly delisted; no price data found  (period=6mo) (Yahoo error = "No data found, symbol may be delisted")
$NBG.AT: possibly delisted; no price data found  (period=6mo) (Yahoo error = "No data found, symbol may be delisted")
$KALSHI-DIVERGENCE-SLEEVE: possibly delisted; no price data found  (period=6mo) (Yahoo error = "No data found, symbol may be delisted")

27 Failed downloads:
['VSCO', 'KAP', 'SATS', 'OTP']: possibly delisted; no price data found  (period=6mo)
['SPL.WA', 'PREFERRED-ODDLOT-SLEEVE', 'WIE.VIE', 'MFINL', 'UKRAIN-STEPUP-B', 'RUSSELL-RECON-SLEEVE', 'ADIG', 'SEPT-DEPLOY', 'TAIL-PROGRAM', 'VERO', 'RO-IPO', 'BANKPOND-SLEEVE', 'CRXT', 'RILY-NOTES', '8750', 'HARRYS-IPO', 'AST.WAR', 'BABYBOND-SLEEVE', 'SACC-NOTES', 'JAPAN-VALUEUP-SLEEVE', 'ORDERBOOK-ANOMALY', 'NBG.AT', 'KALSHI-DIVERGENCE-SLEEVE']: possibly delisted; no price data found  (period=6mo) (Yahoo error = "No data found, symbol may be delisted")

===== 2026-07-16 03:37 (desk) =====
tax_fit: 272 names cached (tau 0.42yr)
  FXPO.L    vol 19810%  tax-opt 2556.7%  STRONG
  MFP       vol 340%  tax-opt 43.9%  STRONG
  MITI      vol 223%  tax-opt 28.8%  STRONG
  OPI       vol 211%  tax-opt 27.2%  STRONG
  VERU      vol 192%  tax-opt 24.8%  STRONG
  VRSSF     vol 181%  tax-opt 23.4%  STRONG
  WOLF      vol 149%  tax-opt 19.2%  STRONG
  EVER      vol 138%  tax-opt 17.9%  STRONG
  YSS       vol 134%  tax-opt 17.3%  STRONG
  IPW       vol 131%  tax-opt 16.9%  STRONG

/Users/ajay/Library/Python/3.9/lib/python/site-packages/urllib3/__init__.py:35: NotOpenSSLWarning: urllib3 v2 only supports OpenSSL 1.1.1+, currently the 'ssl' module is compiled with 'LibreSSL 2.8.3'. See: https://github.com/urllib3/urllib3/issues/3020
  warnings.warn(
$KAP: possibly delisted; no price data found  (period=6mo)
HTTP Error 404: {"quoteSummary":{"result":null,"error":{"code":"Not Found","description":"Quote not found for symbol: RUSSELL-RECON-SLEEVE"}}}
HTTP Error 404: {"quoteSummary":{"result":null,"error":{"code":"Not Found","description":"Quote not found for symbol: PREFERRED-ODDLOT-SLEEVE"}}}
$PREFERRED-ODDLOT-SLEEVE: possibly delisted; no price data found  (period=6mo) (Yahoo error = "No data found, symbol may be delisted")
$RUSSELL-RECON-SLEEVE: possibly delisted; no price data found  (period=6mo) (Yahoo error = "No data found, symbol may be delisted")
$KALSHI-DIVERGENCE-SLEEVE: possibly delisted; no price data found  (period=6mo) (Yahoo error = "No data found, symbol may be delisted")
$8750: possibly delisted; no price data found  (period=6mo) (Yahoo error = "No data found, symbol may be delisted")
$JAPAN-VALUEUP-SLEEVE: possibly delisted; no price data found  (period=6mo) (Yahoo error = "No data found, symbol may be delisted")
$OTP: possibly delisted; no price data found  (period=6mo)
$SEPT-DEPLOY: possibly delisted; no price data found  (period=6mo) (Yahoo error = "No data found, symbol may be delisted")
$ORDERBOOK-ANOMALY: possibly delisted; no price data found  (period=6mo) (Yahoo error = "No data found, symbol may be delisted")
$BABYBOND-SLEEVE: possibly delisted; no price data found  (period=6mo) (Yahoo error = "No data found, symbol may be delisted")
$ADIG: possibly delisted; no price data found  (period=6mo) (Yahoo error = "No data found, symbol may be delisted")
$RILY-NOTES: possibly delisted; no price data found  (period=6mo) (Yahoo error = "No data found, symbol may be delisted")
$SPL.WA: possibly delisted; no price data found  (period=6mo) (Yahoo error = "No data found, symbol may be delisted")
$TAIL-PROGRAM: possibly delisted; no price data found  (period=6mo) (Yahoo error = "No data found, symbol may be delisted")
$SACC-NOTES: possibly delisted; no price data found  (period=6mo) (Yahoo error = "No data found, symbol may be delisted")
$VSCO: possibly delisted; no price data found  (period=6mo)
$VERO: possibly delisted; no price data found  (period=6mo) (Yahoo error = "No data found, symbol may be delisted")
$NBG.AT: possibly delisted; no price data found  (period=6mo) (Yahoo error = "No data found, symbol may be delisted")
$HARRYS-IPO: possibly delisted; no price data found  (period=6mo) (Yahoo error = "No data found, symbol may be delisted")
$CRXT: possibly delisted; no price data found  (period=6mo) (Yahoo error = "No data found, symbol may be delisted")
$BANKPOND-SLEEVE: possibly delisted; no price data found  (period=6mo) (Yahoo error = "No data found, symbol may be delisted")
$WIE.VIE: possibly delisted; no price data found  (period=6mo) (Yahoo error = "No data found, symbol may be delisted")
$AST.WAR: possibly delisted; no price data found  (period=6mo) (Yahoo error = "No data found, symbol may be delisted")
$RO-IPO: possibly delisted; no price data found  (period=6mo) (Yahoo error = "No data found, symbol may be delisted")
$UKRAIN-STEPUP-B: possibly delisted; no price data found  (period=6mo) (Yahoo error = "No data found, symbol may be delisted")
$SATS: possibly delisted; no price data found  (period=6mo)
$MFINL: possibly delisted; no price data found  (period=6mo) (Yahoo error = "No data found, symbol may be delisted")

27 Failed downloads:
['KAP', 'OTP', 'VSCO', 'SATS']: possibly delisted; no price data found  (period=6mo)
['PREFERRED-ODDLOT-SLEEVE', 'RUSSELL-RECON-SLEEVE', 'KALSHI-DIVERGENCE-SLEEVE', '8750', 'JAPAN-VALUEUP-SLEEVE', 'SEPT-DEPLOY', 'ORDERBOOK-ANOMALY', 'BABYBOND-SLEEVE', 'ADIG', 'RILY-NOTES', 'SPL.WA', 'TAIL-PROGRAM', 'SACC-NOTES', 'VERO', 'NBG.AT', 'HARRYS-IPO', 'CRXT', 'BANKPOND-SLEEVE', 'WIE.VIE', 'AST.WAR', 'RO-IPO', 'UKRAIN-STEPUP-B', 'MFINL']: possibly delisted; no price data found  (period=6mo) (Yahoo error = "No data found, symbol may be delisted")

===== 2026-07-17 10:53 (desk) =====
tax_fit: 296 names cached (tau 0.41yr)
  FXPO.L    vol 19810%  tax-opt 2548.3%  STRONG
  JTAI      vol 1167%  tax-opt 150.2%  STRONG
  MFP       vol 315%  tax-opt 40.5%  STRONG
  MITI      vol 223%  tax-opt 28.7%  STRONG
  OPI       vol 199%  tax-opt 25.6%  STRONG
  VERU      vol 192%  tax-opt 24.8%  STRONG
  VRSSF     vol 181%  tax-opt 23.3%  STRONG
  WOLF      vol 150%  tax-opt 19.2%  STRONG
  EVER      vol 138%  tax-opt 17.8%  STRONG
  IPW       vol 131%  tax-opt 16.9%  STRONG

/Users/ajay/Library/Python/3.9/lib/python/site-packages/urllib3/__init__.py:35: NotOpenSSLWarning: urllib3 v2 only supports OpenSSL 1.1.1+, currently the 'ssl' module is compiled with 'LibreSSL 2.8.3'. See: https://github.com/urllib3/urllib3/issues/3020
  warnings.warn(
$OTP: possibly delisted; no price data found  (period=6mo)
HTTP Error 404: {"quoteSummary":{"result":null,"error":{"code":"Not Found","description":"Quote not found for symbol: 8750"}}}
$8750: possibly delisted; no price data found  (period=6mo) (Yahoo error = "No data found, symbol may be delisted")
$VSCO: possibly delisted; no price data found  (period=6mo)
HTTP Error 404: {"quoteSummary":{"result":null,"error":{"code":"Not Found","description":"Quote not found for symbol: RUSSELL-RECON-SLEEVE"}}}
$SEPT-DEPLOY: possibly delisted; no price data found  (period=6mo) (Yahoo error = "No data found, symbol may be delisted")
$KAP: possibly delisted; no price data found  (period=6mo)
$RUSSELL-RECON-SLEEVE: possibly delisted; no price data found  (period=6mo) (Yahoo error = "No data found, symbol may be delisted")
$RO-IPO: possibly delisted; no price data found  (period=6mo) (Yahoo error = "No data found, symbol may be delisted")
$RILY-NOTES: possibly delisted; no price data found  (period=6mo) (Yahoo error = "No data found, symbol may be delisted")
$NBG.AT: possibly delisted; no price data found  (period=6mo) (Yahoo error = "No data found, symbol may be delisted")
$ADIG: possibly delisted; no price data found  (period=6mo) (Yahoo error = "No data found, symbol may be delisted")
$VERO: possibly delisted; no price data found  (period=6mo) (Yahoo error = "No data found, symbol may be delisted")
$TAIL-PROGRAM: possibly delisted; no price data found  (period=6mo) (Yahoo error = "No data found, symbol may be delisted")
$SPL.WA: possibly delisted; no price data found  (period=6mo) (Yahoo error = "No data found, symbol may be delisted")
$BABYBOND-SLEEVE: possibly delisted; no price data found  (period=6mo) (Yahoo error = "No data found, symbol may be delisted")
$HARRYS-IPO: possibly delisted; no price data found  (period=6mo) (Yahoo error = "No data found, symbol may be delisted")
$CRXT: possibly delisted; no price data found  (period=6mo) (Yahoo error = "No data found, symbol may be delisted")
$JAPAN-VALUEUP-SLEEVE: possibly delisted; no price data found  (period=6mo) (Yahoo error = "No data found, symbol may be delisted")
$PREFERRED-ODDLOT-SLEEVE: possibly delisted; no price data found  (period=6mo) (Yahoo error = "No data found, symbol may be delisted")
$KALSHI-DIVERGENCE-SLEEVE: possibly delisted; no price data found  (period=6mo) (Yahoo error = "No data found, symbol may be delisted")
$5595.T: possibly delisted; no price data found  (period=6mo) (Yahoo error = "No data found, symbol may be delisted")
$BANKPOND-SLEEVE: possibly delisted; no price data found  (period=6mo) (Yahoo error = "No data found, symbol may be delisted")
$ORDERBOOK-ANOMALY: possibly delisted; no price data found  (period=6mo) (Yahoo error = "No data found, symbol may be delisted")
$SATS: possibly delisted; no price data found  (period=6mo)
$UKRAIN-STEPUP-B: possibly delisted; no price data found  (period=6mo) (Yahoo error = "No data found, symbol may be delisted")
$AST.WAR: possibly delisted; no price data found  (period=6mo) (Yahoo error = "No data found, symbol may be delisted")
$MFINL: possibly delisted; no price data found  (period=6mo) (Yahoo error = "No data found, symbol may be delisted")
$WIE.VIE: possibly delisted; no price data found  (period=6mo) (Yahoo error = "No data found, symbol may be delisted")
$SACC-NOTES: possibly delisted; no price data found  (period=6mo) (Yahoo error = "No data found, symbol may be delisted")

28 Failed downloads:
['OTP', 'VSCO', 'KAP', 'SATS']: possibly delisted; no price data found  (period=6mo)
['8750', 'SEPT-DEPLOY', 'RUSSELL-RECON-SLEEVE', 'RO-IPO', 'RILY-NOTES', 'NBG.AT', 'ADIG', 'VERO', 'TAIL-PROGRAM', 'SPL.WA', 'BABYBOND-SLEEVE', 'HARRYS-IPO', 'CRXT', 'JAPAN-VALUEUP-SLEEVE', 'PREFERRED-ODDLOT-SLEEVE', 'KALSHI-DIVERGENCE-SLEEVE', '5595.T', 'BANKPOND-SLEEVE', 'ORDERBOOK-ANOMALY', 'UKRAIN-STEPUP-B', 'AST.WAR', 'MFINL', 'WIE.VIE', 'SACC-NOTES']: possibly delisted; no price data found  (period=6mo) (Yahoo error = "No data found, symbol may be delisted")

===== 2026-07-20 10:52 (desk) =====
tax_fit: 0 names cached (tau 0.41yr)

/Users/ajay/Library/Python/3.9/lib/python/site-packages/urllib3/__init__.py:35: NotOpenSSLWarning: urllib3 v2 only supports OpenSSL 1.1.1+, currently the 'ssl' module is compiled with 'LibreSSL 2.8.3'. See: https://github.com/urllib3/urllib3/issues/3020
  warnings.warn(
Failed to get ticker 'UKRAIN-STEPUP-B' reason: Failed to perform, curl: (6) Could not resolve host: query1.finance.yahoo.com. See https://curl.se/libcurl/c/libcurl-errors.html first for more details.
Failed to get ticker 'NBG.AT' reason: Failed to perform, curl: (6) Could not resolve host: query1.finance.yahoo.com. See https://curl.se/libcurl/c/libcurl-errors.html first for more details.
Failed to get ticker 'ADIG' reason: Failed to perform, curl: (6) Could not resolve host: query1.finance.yahoo.com. See https://curl.se/libcurl/c/libcurl-errors.html first for more details.
Failed to get ticker 'JAPAN-VALUEUP-SLEEVE' reason: Failed to perform, curl: (6) Could not resolve host: query1.finance.yahoo.com. See https://curl.se/libcurl/c/libcurl-errors.html first for more details.
Failed to get ticker 'WIE.VIE' reason: Failed to perform, curl: (6) Could not resolve host: query1.finance.yahoo.com. See https://curl.se/libcurl/c/libcurl-errors.html first for more details.
Failed to get ticker 'BABYBOND-SLEEVE' reason: Failed to perform, curl: (6) Could not resolve host: query1.finance.yahoo.com. See https://curl.se/libcurl/c/libcurl-errors.html first for more details.
Failed to get ticker 'RILY-NOTES' reason: Failed to perform, curl: (6) Could not resolve host: query1.finance.yahoo.com. See https://curl.se/libcurl/c/libcurl-errors.html first for more details.
Failed to get ticker 'ORDERBOOK-ANOMALY' reason: Failed to perform, curl: (6) Could not resolve host: query1.finance.yahoo.com. See https://curl.se/libcurl/c/libcurl-errors.html first for more details.
Failed to get ticker 'PREFERRED-ODDLOT-SLEEVE' reason: Failed to perform, curl: (6) Could not resolve host: query1.finance.yahoo.com. See https://curl.se/libcurl/c/libcurl-errors.html first for more details.
Failed to get ticker '5595.T' reason: Failed to perform, curl: (6) Could not resolve host: query1.finance.yahoo.com. See https://curl.se/libcurl/c/libcurl-errors.html first for more details.
Failed to get ticker 'MFINL' reason: Failed to perform, curl: (6) Could not resolve host: query1.finance.yahoo.com. See https://curl.se/libcurl/c/libcurl-errors.html first for more details.
Failed to get ticker 'AST.WAR' reason: Failed to perform, curl: (6) Could not resolve host: query1.finance.yahoo.com. See https://curl.se/libcurl/c/libcurl-errors.html first for more details.
Failed to get ticker 'SPL.WA' reason: Failed to perform, curl: (6) Could not resolve host: query1.finance.yahoo.com. See https://curl.se/libcurl/c/libcurl-errors.html first for more details.
Failed to get ticker 'SACC-NOTES' reason: Failed to perform, curl: (6) Could not resolve host: query1.finance.yahoo.com. See https://curl.se/libcurl/c/libcurl-errors.html first for more details.
Failed to get ticker 'BANKPOND-SLEEVE' reason: Failed to perform, curl: (6) Could not resolve host: query1.finance.yahoo.com. See https://curl.se/libcurl/c/libcurl-errors.html first for more details.
Failed to get ticker 'VERO' reason: Failed to perform, curl: (6) Could not resolve host: query1.finance.yahoo.com. See https://curl.se/libcurl/c/libcurl-errors.html first for more details.
Failed to get ticker 'RUSSELL-RECON-SLEEVE' reason: Failed to perform, curl: (6) Could not resolve host: query1.finance.yahoo.com. See https://curl.se/libcurl/c/libcurl-errors.html first for more details.
Failed to get ticker 'TAIL-PROGRAM' reason: Failed to perform, curl: (6) Could not resolve host: query1.finance.yahoo.com. See https://curl.se/libcurl/c/libcurl-errors.html first for more details.
Failed to get ticker 'SEPT-DEPLOY' reason: Failed to perform, curl: (6) Could not resolve host: query1.finance.yahoo.com. See https://curl.se/libcurl/c/libcurl-errors.html first for more details.
Failed to get ticker 'KALSHI-DIVERGENCE-SLEEVE' reason: Failed to perform, curl: (6) Could not resolve host: query1.finance.yahoo.com. See https://curl.se/libcurl/c/libcurl-errors.html first for more details.
Failed to get ticker 'RO-IPO' reason: Failed to perform, curl: (6) Could not resolve host: query1.finance.yahoo.com. See https://curl.se/libcurl/c/libcurl-errors.html first for more details.
Failed to get ticker 'HARRYS-IPO' reason: Failed to perform, curl: (6) Could not resolve host: query1.finance.yahoo.com. See https://curl.se/libcurl/c/libcurl-errors.html first for more details.
Failed to get ticker '8750' reason: Failed to perform, curl: (6) Could not resolve host: query1.finance.yahoo.com. See https://curl.se/libcurl/c/libcurl-errors.html first for more details.

328 Failed downloads:
['EMAAR.AE', 'RACE', 'PHYS', 'RYAN', 'SGU', 'FUTU', 'SAIC', 'STVN', 'IVN.TO', 'HSY', 'GCT', 'VRM', 'TUR', 'OPHC', 'TILE', 'ALNT', 'TASK', 'KB', 'SLG', 'HOLN.SW', 'TRINZ', 'HOFT', 'LCUT', 'BX', 'CBKD.L', 'VERU', '6268.T', 'SPG', 'RGS', 'HBB', 'EC', 'TLN', 'VITL', 'OXLCL', 'CGEO.L', 'PGNY', 'KSS', 'QCOM', 'FCT.MI', 'ADIG', 'JAPAN-VALUEUP-SLEEVE', 'POWW', 'SVRA', 'WIE.VIE', 'COTY', 'THRY', 'BBD', 'LPG', 'ASX', 'LIFE', 'KNX', 'VSCO', 'GTM', 'CNXC', 'PODD', 'TEM', 'SPCX', '6279.T', 'CTSH', 'FXPO.L', 'YELP', 'PRCT', 'TRLV', 'BSBR', 'SESG.PA', 'NTRS', 'OLLI', 'FOUR', '6481.T', 'HII', 'IPI', '8737.T', 'BABYBOND-SLEEVE', 'RILY-NOTES', 'GALD.SW', 'ASTS', 'VRSSF', 'OPBK', 'HSX.L', 'AMBA', 'PKO.WA', 'ORDERBOOK-ANOMALY', 'OWL', 'KMX', 'PHI', 'SPYM', 'NDLS', 'OLN', 'NOW', 'GBX', 'PEGA', 'SBS', 'MLR', 'ONON', 'SHG', 'CIB', '005387.KS', 'BODI', 'BEI.DE', 'MNDY', 'PREFERRED-ODDLOT-SLEEVE', 'CIX', 'HSBK.L', 'JTAI', 'LFMD', 'MNTN', 'UHS', 'FLXS', '5595.T', 'BGB', 'PSLV', 'INSP', 'TGB', 'LDOS', 'ZBH', 'BAP', 'NECB', 'VNCE', 'DFIN', 'CAG', 'CFR.SW', 'HAIN', 'BBWI', 'MDLZ', 'CRCT', 'TBCG.L', 'IT', 'NET', 'MFINL', 'CROX', 'FIVE', '214450.KS', 'GTLB', 'EQT', 'SJM', 'AST.WAR', 'STNG', 'SAP.DE', 'ODD', '003550.KS', 'APO', 'THC', 'SPPP', 'EOLS', 'G', 'BYRN', 'SBH', 'CRXT', 'OTP', 'AZUL', 'IPW', '005830.KS', 'SLS', 'URBN', 'UAE', 'DVA', 'RMS.PA', 'TTEK', 'BGEO.L', 'AMV0.DE', 'PLRX', 'POWL', 'SATS', 'STZ', 'INTU', 'J', 'PLAB', 'EG', 'WF', 'DG.PA', 'CVLT', 'EMAARDEV.AE', '8750.T', 'ACEL', 'HTFC', 'CRDA.L', 'WLKP', 'FROG', 'VSAT', 'QUAD', 'AMR', 'SPL.WA', 'SACC-NOTES', 'WOLF', 'EPAM', 'SMPL', 'ESTC', 'OSPN', 'CERT', 'TRV', 'OXLCZ', 'ELV', 'GSHD', 'HRTG', 'CIM-PA', '006260.KS', 'CGNX', 'SFM', 'FRO', 'CACI', 'MMS', 'IVVD', 'VST', 'KAP', 'BC.MI', 'PRY.MI', 'SCHW', 'CAI', 'BANKPOND-SLEEVE', 'BLKB', 'FNF', 'MFP', 'LUMI.TA', 'ERIE', 'MRVI', 'BWIN', 'NUS', 'BSY', 'FM.TO', 'ZS', 'SLG-PI', 'RBI.VI', 'EVER', 'ALPHA.AT', '028260.KS', 'LEGO', 'PL', 'VERO', 'NNDM', 'RUSSELL-RECON-SLEEVE', 'BAH', 'YSS', 'ELE', 'CVV', 'III', 'SSTK', 'CAMT', 'OPI', 'RBC', 'BRBY.L', 'IDR', 'LRLCY', 'TAIL-PROGRAM', 'IPX', 'UMC', 'ETL.PA', 'HUBS', 'ASR', '051910.KS', 'PAC', 'BKE', 'ELF', 'IAG.L', 'NUTX', 'BBW', 'LSTA', 'CCLD', 'KER.WA', 'VNM', 'EIS', 'HPS-A.TO', '7937.T', 'ONTO', 'STX', 'S', 'ATKR', 'BRBR', 'ICFI', 'NRGV', 'MITI', 'JJSF', 'SEPT-DEPLOY', 'CURV', 'HLLY', 'POLI.TA', 'CEG', '006800.KS', 'KALSHI-DIVERGENCE-SLEEVE', 'EQH', 'APP', 'BCH', 'CCS', 'FSEA', 'IBEX', 'INMD', 'MHPC.L', 'GIS', 'PSN', 'CI', 'TRU.L', 'CHRW', 'PLPC', 'CB', 'RO-IPO', 'FGR.PA', 'ESTA', 'HIMS', 'HARRYS-IPO', 'PCB', '4761.T', 'KRX.IR', 'HZO', 'OMER', 'ARE', 'WST', 'TPEIR.AT', 'CPRI', 'ZDPY', 'DT', 'FLL', 'GNL-PB', 'CRH', 'HRMY', 'KER.PA', 'HCA', 'WIZZ.L', 'MBGL', '6758.T', 'GILT', 'LULU', 'PEO.WA', '000880.KS', '034730.KS', 'MC.PA', 'RKLB', '8750']: TypeError("'NoneType' object is not subscriptable")
['UKRAIN-STEPUP-B', 'NBG.AT']: DNSError('Failed to perform, curl: (6) Could not resolve host: query1.finance.yahoo.com. See https://curl.se/libcurl/c/libcurl-errors.html first for more details.')

===== 2026-07-21 11:47 (desk) =====
tax_fit: 3 names cached (tau 0.40yr)
  JJSF      vol 36%  tax-opt 4.5%  WEAK
  SBS       vol 29%  tax-opt 3.7%  WEAK
  CB        vol 23%  tax-opt 2.9%  WEAK

/Users/ajay/Library/Python/3.9/lib/python/site-packages/urllib3/__init__.py:35: NotOpenSSLWarning: urllib3 v2 only supports OpenSSL 1.1.1+, currently the 'ssl' module is compiled with 'LibreSSL 2.8.3'. See: https://github.com/urllib3/urllib3/issues/3020
  warnings.warn(

385 Failed downloads:
['RBI.VI', 'ESTA', 'CBKD.L', '8104.T', 'KB', 'OMSE', '4624.T', '006260.KS', 'STX', 'SATS', 'BAH', 'SAP.DE', 'BABYBOND-SLEEVE', 'IVVD', 'STEM.L', 'PAC', 'AST.WAR', 'THC', 'CRMD', 'STVN', 'CTSH', 'BYRN', 'ALPHA.AT', 'MITI', 'CIX', 'MNTN', 'CEG', 'PEGA', 'BC.MI', 'TBCG.L', 'LCUT', 'HSY', 'SPCX', 'VRSSF', 'G', 'BAVA.CO', 'APP', 'PLRX', 'ASTS', 'FSEA', 'VTY.L', 'SPL.WA', 'TOKMAN.HE', 'CCLD', 'J', 'BBW', 'RGS', 'RYAN', 'BCH', 'HIMS', 'BRBR', 'VITL', 'OSPN', 'FOUR', '3388.T', 'HAIN', 'BBWI', 'CROX', 'URBN', 'RIGL', 'HKFOODS.HE', 'OPBK', '034730.KS', 'SLG', 'CACI', 'SVRA', 'TRLV', '010470.KQ', '7460.T', 'SLS', 'BEI.DE', 'MBGL', 'TUR', 'RMS.PA', 'HUBS', 'CERT', '7820.T', 'ODD', 'HRTG', 'BWIN', 'LDOS', 'UAE', 'TTEK', 'RILY-NOTES', 'GALD.SW', '7937.T', '4629.T', 'TILE', '6481.T', '4224.T', 'EMAAR.AE', 'WIE.VIE', 'CCS', 'BANKPOND-SLEEVE', '051910.KS', 'FXPO.L', 'IPW', 'HLLY', '005387.KS', 'IPI', 'GIII', 'TGB', 'CHRW', 'MHPC.L', 'ELF', 'BLKB', 'CPRI', 'PKO.WA', 'SLG-PI', 'NRDS', 'DFIN', 'HPS-A.TO', 'HRMY', 'LPG', 'FNF', 'III', 'FUTU', '6279.T', 'GSHD', 'MFINL', '005830.KS', 'PLPC', 'IVN.TO', 'AZUL', 'DVA', 'CRDA.L', 'OLN', 'GCT', 'MC.PA', 'UKRAIN-STEPUP-B', 'ASR', '5458.T', 'ERIE', 'NUS', 'OTB.L', 'SIGA', '035510.KS', 'INVA', 'HCA', 'IDR', 'BODI', '6384.T', '241710.KS', 'ESTC', 'TPEIR.AT', 'GTLB', 'NUTX', 'LEGO', 'ATKR', 'CGEO.L', 'NBG.AT', 'PRY.MI', '7877.T', 'SJM', 'AMBA', 'PRN.L', 'ZS', '7254.T', 'RBC', 'SESG.PA', 'CNXC', 'RUSSELL-RECON-SLEEVE', 'BGB', 'IT', 'CAI', 'ICFI', 'CRH', '2055.T', 'EQT', 'TASK', 'KALSHI-DIVERGENCE-SLEEVE', 'DG.PA', 'ELV', 'HII', 'VSCO', 'MMS', 'HSBK.L', 'TRV', '028260.KS', 'HMR', 'LULU', 'UHS', 'AMPY', 'BSY', 'ETD', 'AMR', '6229.T', 'INTU', '8750', 'MFP', 'GILT', 'FM.TO', '5697.T', 'POLI.TA', '7722.T', '8750.T', '079960.KQ', 'SPG', 'WST', 'S', 'WOLF', 'APO', 'VSAT', '5408.T', '006800.KS', 'NOW', 'PSN', 'VERU', '4625.T', 'LUMI.TA', 'LFMD', '010240.KQ', 'OMER', 'OPI', '6758.T', 'FROG', 'DRD', 'KSS', 'ALNT', '007590.KS', 'CIM-PA', 'ETL.PA', 'BAP', 'TRINZ', 'VST', '214320.KS', '216050.KQ', '5595.T', 'ASX', 'SAIC', '8138.T', '073560.KQ', 'NDLS', 'PL', 'FCT.MI', 'KRX.IR', '214450.KS', 'BGEO.L', 'FGR.PA', 'TAIL-PROGRAM', 'LIFE', '7239.T', '7565.T', 'SPYM', 'OWL', 'PHI', 'MDLZ', 'GTM', 'SHG', 'FLXS', 'HOFT', 'SPRO', 'NET', 'INMD', 'WIZZ.L', 'PODD', 'VRM', 'CVV', 'PRCT', 'EG', 'NTRS', 'OXLCZ', 'BKE', 'TLN', 'EOLS', 'PSLV', 'STZ', '7222.T', 'QUAD', 'HZO', 'LRLCY', 'ADIG', 'VNCE', 'ZDPY', 'SGU', 'EMAARDEV.AE', 'HOLN.SW', 'SACC-NOTES', 'ORDERBOOK-ANOMALY', 'ONTO', '6932.T', 'CRXT', 'CVLT', 'IBEX', '038680.KQ', 'THRY', 'PEO.WA', 'UPBD', 'CURV', 'KMX', 'CFR.SW', 'YSS', 'IAG.L', 'POWL', 'JTAI', '8737.T', 'OPHC', 'MRVI', 'NRGV', 'CI', 'BBD', 'VNM', 'CRCT', 'TRU.L', 'BSBR', '003550.KS', 'BRBY.L', 'YELP', 'ONON', 'LSTA', 'POWW', 'NNDM', 'UMC', 'VERO', '049520.KQ', 'KER.WA', 'GIS', 'OLLI', 'DT', 'EQH', 'IPX', 'PGNY', 'RKLB', 'HBB', '000880.KS', 'NECB', 'INSP', 'SPPP', 'SMPL', 'SBH', '1827.T', 'SHOE', 'PHYS', 'JAPAN-VALUEUP-SLEEVE', 'TEM', 'QCOM', 'MNDY', 'OPRX', 'EC', 'CGNX', 'KAP', 'ARE', 'BX', 'SBC', 'SCHW', 'KER.PA', 'SFM', 'PCB', 'HARRYS-IPO', 'RO-IPO', 'PLAB', 'TEM1V.HE', 'STNG', 'AMV0.DE', 'HSX.L', 'COTY', 'CAMT', 'MLR', 'KNX', 'FLL', '6268.T', '007700.KS', 'OXLCL', 'SEPT-DEPLOY', 'ZBH', 'EPAM', 'EVER', 'FIVE', 'FRO', 'SSTK', 'EIS', '028100.KS', 'HTFC', 'OTP', 'ACEL', 'WF', '4761.T', 'CAG', 'ELE', 'GBX', 'CIB', 'WLKP', 'PREFERRED-ODDLOT-SLEEVE', 'RACE', 'GNL-PB']: YFRateLimitError('Too Many Requests. Rate limited. Try after a while.')

===== 2026-07-22 13:51 (desk) =====
tax_fit: 362 names cached (tau 0.40yr)
  FXPO.L    vol 19810%  tax-opt 2505.7%  STRONG
  JTAI      vol 1168%  tax-opt 147.7%  STRONG
  MFP       vol 287%  tax-opt 36.3%  STRONG
  MITI      vol 229%  tax-opt 29.0%  STRONG
  VERU      vol 192%  tax-opt 24.4%  STRONG
  OPI       vol 186%  tax-opt 23.6%  STRONG
  WOLF      vol 150%  tax-opt 19.0%  STRONG
  VRSSF     vol 148%  tax-opt 18.7%  STRONG
  EVER      vol 139%  tax-opt 17.6%  STRONG
  IPW       vol 130%  tax-opt 16.4%  STRONG

/Users/ajay/Library/Python/3.9/lib/python/site-packages/urllib3/__init__.py:35: NotOpenSSLWarning: urllib3 v2 only supports OpenSSL 1.1.1+, currently the 'ssl' module is compiled with 'LibreSSL 2.8.3'. See: https://github.com/urllib3/urllib3/issues/3020
  warnings.warn(
HTTP Error 404: {"quoteSummary":{"result":null,"error":{"code":"Not Found","description":"Quote not found for symbol: BABYBOND-SLEEVE"}}}
$BABYBOND-SLEEVE: possibly delisted; no price data found  (period=6mo) (Yahoo error = "No data found, symbol may be delisted")
$CRXT: possibly delisted; no price data found  (period=6mo) (Yahoo error = "No data found, symbol may be delisted")
HTTP Error 404: {"quoteSummary":{"result":null,"error":{"code":"Not Found","description":"Quote not found for symbol: RO-IPO"}}}
$RO-IPO: possibly delisted; no price data found  (period=6mo) (Yahoo error = "No data found, symbol may be delisted")
$RUSSELL-RECON-SLEEVE: possibly delisted; no price data found  (period=6mo) (Yahoo error = "No data found, symbol may be delisted")
$WIE.VIE: possibly delisted; no price data found  (period=6mo) (Yahoo error = "No data found, symbol may be delisted")
$RILY-NOTES: possibly delisted; no price data found  (period=6mo) (Yahoo error = "No data found, symbol may be delisted")
$MFINL: possibly delisted; no price data found  (period=6mo) (Yahoo error = "No data found, symbol may be delisted")
$TAIL-PROGRAM: possibly delisted; no price data found  (period=6mo) (Yahoo error = "No data found, symbol may be delisted")
$SACC-NOTES: possibly delisted; no price data found  (period=6mo) (Yahoo error = "No data found, symbol may be delisted")
$5595.T: possibly delisted; no price data found  (period=6mo) (Yahoo error = "No data found, symbol may be delisted")
$OTP: possibly delisted; no price data found  (period=6mo)
$UKRAIN-STEPUP-B: possibly delisted; no price data found  (period=6mo) (Yahoo error = "No data found, symbol may be delisted")
$KAP: possibly delisted; no price data found  (period=6mo)
$8750: possibly delisted; no price data found  (period=6mo) (Yahoo error = "No data found, symbol may be delisted")
$ORDERBOOK-ANOMALY: possibly delisted; no price data found  (period=6mo) (Yahoo error = "No data found, symbol may be delisted")
$SPL.WA: possibly delisted; no price data found  (period=6mo) (Yahoo error = "No data found, symbol may be delisted")
$KALSHI-DIVERGENCE-SLEEVE: possibly delisted; no price data found  (period=6mo) (Yahoo error = "No data found, symbol may be delisted")
$NBG.AT: possibly delisted; no price data found  (period=6mo) (Yahoo error = "No data found, symbol may be delisted")
$VERO: possibly delisted; no price data found  (period=6mo) (Yahoo error = "No data found, symbol may be delisted")
$ADIG: possibly delisted; no price data found  (period=6mo) (Yahoo error = "No data found, symbol may be delisted")
$PREFERRED-ODDLOT-SLEEVE: possibly delisted; no price data found  (period=6mo) (Yahoo error = "No data found, symbol may be delisted")
$BANKPOND-SLEEVE: possibly delisted; no price data found  (period=6mo) (Yahoo error = "No data found, symbol may be delisted")
$JAPAN-VALUEUP-SLEEVE: possibly delisted; no price data found  (period=6mo) (Yahoo error = "No data found, symbol may be delisted")
$HARRYS-IPO: possibly delisted; no price data found  (period=6mo) (Yahoo error = "No data found, symbol may be delisted")
$AST.WAR: possibly delisted; no price data found  (period=6mo) (Yahoo error = "No data found, symbol may be delisted")
$SEPT-DEPLOY: possibly delisted; no price data found  (period=6mo) (Yahoo error = "No data found, symbol may be delisted")

26 Failed downloads:
['BABYBOND-SLEEVE', 'CRXT', 'RO-IPO', 'RUSSELL-RECON-SLEEVE', 'WIE.VIE', 'RILY-NOTES', 'MFINL', 'TAIL-PROGRAM', 'SACC-NOTES', '5595.T', 'UKRAIN-STEPUP-B', '8750', 'ORDERBOOK-ANOMALY', 'SPL.WA', 'KALSHI-DIVERGENCE-SLEEVE', 'NBG.AT', 'VERO', 'ADIG', 'PREFERRED-ODDLOT-SLEEVE', 'BANKPOND-SLEEVE', 'JAPAN-VALUEUP-SLEEVE', 'HARRYS-IPO', 'AST.WAR', 'SEPT-DEPLOY']: possibly delisted; no price data found  (period=6mo) (Yahoo error = "No data found, symbol may be delisted")
['OTP', 'KAP']: possibly delisted; no price data found  (period=6mo)

===== 2026-07-23 14:40 (desk) =====
tax_fit: 389 names cached (tau 0.40yr)
  FXPO.L    vol 19809%  tax-opt 2497.0%  STRONG
  JTAI      vol 1168%  tax-opt 147.3%  STRONG
  MFP       vol 280%  tax-opt 35.3%  STRONG
  MITI      vol 228%  tax-opt 28.8%  STRONG
  VERU      vol 192%  tax-opt 24.3%  STRONG
  OPI       vol 182%  tax-opt 23.0%  STRONG
  WOLF      vol 150%  tax-opt 19.0%  STRONG
  VRSSF     vol 145%  tax-opt 18.3%  STRONG
  EVER      vol 139%  tax-opt 17.6%  STRONG
  SLS       vol 127%  tax-opt 16.1%  STRONG

/Users/ajay/Library/Python/3.9/lib/python/site-packages/urllib3/__init__.py:35: NotOpenSSLWarning: urllib3 v2 only supports OpenSSL 1.1.1+, currently the 'ssl' module is compiled with 'LibreSSL 2.8.3'. See: https://github.com/urllib3/urllib3/issues/3020
  warnings.warn(
HTTP Error 404: {"quoteSummary":{"result":null,"error":{"code":"Not Found","description":"Quote not found for symbol: KALSHI-DIVERGENCE-SLEEVE"}}}
$KALSHI-DIVERGENCE-SLEEVE: possibly delisted; no price data found  (period=6mo) (Yahoo error = "No data found, symbol may be delisted")
HTTP Error 404: {"quoteSummary":{"result":null,"error":{"code":"Not Found","description":"Quote not found for symbol: AST.WAR"}}}
$HARRYS-IPO: possibly delisted; no price data found  (period=6mo) (Yahoo error = "No data found, symbol may be delisted")
$AST.WAR: possibly delisted; no price data found  (period=6mo) (Yahoo error = "No data found, symbol may be delisted")
$5595.T: possibly delisted; no price data found  (period=6mo) (Yahoo error = "No data found, symbol may be delisted")
$CRXT: possibly delisted; no price data found  (period=6mo) (Yahoo error = "No data found, symbol may be delisted")
$ADIG: possibly delisted; no price data found  (period=6mo) (Yahoo error = "No data found, symbol may be delisted")
$BABYBOND-SLEEVE: possibly delisted; no price data found  (period=6mo) (Yahoo error = "No data found, symbol may be delisted")
$JAPAN-VALUEUP-SLEEVE: possibly delisted; no price data found  (period=6mo) (Yahoo error = "No data found, symbol may be delisted")
$OTP: possibly delisted; no price data found  (period=6mo)
$SACC-NOTES: possibly delisted; no price data found  (period=6mo) (Yahoo error = "No data found, symbol may be delisted")
$PREFERRED-ODDLOT-SLEEVE: possibly delisted; no price data found  (period=6mo) (Yahoo error = "No data found, symbol may be delisted")
$NBG.AT: possibly delisted; no price data found  (period=6mo) (Yahoo error = "No data found, symbol may be delisted")
$RUSSELL-RECON-SLEEVE: possibly delisted; no price data found  (period=6mo) (Yahoo error = "No data found, symbol may be delisted")
$8750: possibly delisted; no price data found  (period=6mo) (Yahoo error = "No data found, symbol may be delisted")
$MFINL: possibly delisted; no price data found  (period=6mo) (Yahoo error = "No data found, symbol may be delisted")
$RILY-NOTES: possibly delisted; no price data found  (period=6mo) (Yahoo error = "No data found, symbol may be delisted")
$UKRAIN-STEPUP-B: possibly delisted; no price data found  (period=6mo) (Yahoo error = "No data found, symbol may be delisted")
$SEPT-DEPLOY: possibly delisted; no price data found  (period=6mo) (Yahoo error = "No data found, symbol may be delisted")
$SPL.WA: possibly delisted; no price data found  (period=6mo) (Yahoo error = "No data found, symbol may be delisted")
$BANKPOND-SLEEVE: possibly delisted; no price data found  (period=6mo) (Yahoo error = "No data found, symbol may be delisted")
$RO-IPO: possibly delisted; no price data found  (period=6mo) (Yahoo error = "No data found, symbol may be delisted")
$TAIL-PROGRAM: possibly delisted; no price data found  (period=6mo) (Yahoo error = "No data found, symbol may be delisted")
$KAP: possibly delisted; no price data found  (period=6mo)
$ORDERBOOK-ANOMALY: possibly delisted; no price data found  (period=6mo) (Yahoo error = "No data found, symbol may be delisted")
$WIE.VIE: possibly delisted; no price data found  (period=6mo) (Yahoo error = "No data found, symbol may be delisted")
$VERO: possibly delisted; no price data found  (period=6mo) (Yahoo error = "No data found, symbol may be delisted")

26 Failed downloads:
['KALSHI-DIVERGENCE-SLEEVE', 'HARRYS-IPO', 'AST.WAR', '5595.T', 'CRXT', 'ADIG', 'BABYBOND-SLEEVE', 'JAPAN-VALUEUP-SLEEVE', 'SACC-NOTES', 'PREFERRED-ODDLOT-SLEEVE', 'NBG.AT', 'RUSSELL-RECON-SLEEVE', '8750', 'MFINL', 'RILY-NOTES', 'UKRAIN-STEPUP-B', 'SEPT-DEPLOY', 'SPL.WA', 'BANKPOND-SLEEVE', 'RO-IPO', 'TAIL-PROGRAM', 'ORDERBOOK-ANOMALY', 'WIE.VIE', 'VERO']: possibly delisted; no price data found  (period=6mo) (Yahoo error = "No data found, symbol may be delisted")
['OTP', 'KAP']: possibly delisted; no price data found  (period=6mo)

===== 2026-07-27 09:54 (desk) =====
tax_fit: 406 names cached (tau 0.39yr)
  FXPO.L    vol 19809%  tax-opt 2462.3%  STRONG
  JTAI      vol 1168%  tax-opt 145.2%  STRONG
  MFP       vol 265%  tax-opt 33.0%  STRONG
  MITI      vol 223%  tax-opt 27.7%  STRONG
  REPL      vol 212%  tax-opt 26.3%  STRONG
  VERU      vol 192%  tax-opt 23.9%  STRONG
  OPI       vol 175%  tax-opt 21.7%  STRONG
  WOLF      vol 150%  tax-opt 18.6%  STRONG
  VRSSF     vol 144%  tax-opt 17.9%  STRONG
  EVER      vol 138%  tax-opt 17.2%  STRONG

/Users/ajay/Library/Python/3.9/lib/python/site-packages/urllib3/__init__.py:35: NotOpenSSLWarning: urllib3 v2 only supports OpenSSL 1.1.1+, currently the 'ssl' module is compiled with 'LibreSSL 2.8.3'. See: https://github.com/urllib3/urllib3/issues/3020
  warnings.warn(
$CRXT: possibly delisted; no price data found  (period=6mo) (Yahoo error = "No data found, symbol may be delisted")
HTTP Error 404: {"quoteSummary":{"result":null,"error":{"code":"Not Found","description":"Quote not found for symbol: UKRAIN-STEPUP-B"}}}
$UKRAIN-STEPUP-B: possibly delisted; no price data found  (period=6mo) (Yahoo error = "No data found, symbol may be delisted")
$BABYBOND-SLEEVE: possibly delisted; no price data found  (period=6mo) (Yahoo error = "No data found, symbol may be delisted")
HTTP Error 404: {"quoteSummary":{"result":null,"error":{"code":"Not Found","description":"Quote not found for symbol: KALSHI-DIVERGENCE-SLEEVE"}}}
$HARRYS-IPO: possibly delisted; no price data found  (period=6mo) (Yahoo error = "No data found, symbol may be delisted")
$KALSHI-DIVERGENCE-SLEEVE: possibly delisted; no price data found  (period=6mo) (Yahoo error = "No data found, symbol may be delisted")
$SPL.WA: possibly delisted; no price data found  (period=6mo) (Yahoo error = "No data found, symbol may be delisted")
$5595.T: possibly delisted; no price data found  (period=6mo) (Yahoo error = "No data found, symbol may be delisted")
$PREFERRED-ODDLOT-SLEEVE: possibly delisted; no price data found  (period=6mo) (Yahoo error = "No data found, symbol may be delisted")
$SEPT-DEPLOY: possibly delisted; no price data found  (period=6mo) (Yahoo error = "No data found, symbol may be delisted")
$MFINL: possibly delisted; no price data found  (period=6mo) (Yahoo error = "No data found, symbol may be delisted")
$ORDERBOOK-ANOMALY: possibly delisted; no price data found  (period=6mo) (Yahoo error = "No data found, symbol may be delisted")
$JAPAN-VALUEUP-SLEEVE: possibly delisted; no price data found  (period=6mo) (Yahoo error = "No data found, symbol may be delisted")
$KAP: possibly delisted; no price data found  (period=6mo)
$VERO: possibly delisted; no price data found  (period=6mo) (Yahoo error = "No data found, symbol may be delisted")
$BANKPOND-SLEEVE: possibly delisted; no price data found  (period=6mo) (Yahoo error = "No data found, symbol may be delisted")
$SACC-NOTES: possibly delisted; no price data found  (period=6mo) (Yahoo error = "No data found, symbol may be delisted")
$TAIL-PROGRAM: possibly delisted; no price data found  (period=6mo) (Yahoo error = "No data found, symbol may be delisted")
$ADIG: possibly delisted; no price data found  (period=6mo) (Yahoo error = "No data found, symbol may be delisted")
$NBG.AT: possibly delisted; no price data found  (period=6mo) (Yahoo error = "No data found, symbol may be delisted")
$AST.WAR: possibly delisted; no price data found  (period=6mo) (Yahoo error = "No data found, symbol may be delisted")
$WIE.VIE: possibly delisted; no price data found  (period=6mo) (Yahoo error = "No data found, symbol may be delisted")
$OTP: possibly delisted; no price data found  (period=6mo)
$RO-IPO: possibly delisted; no price data found  (period=6mo) (Yahoo error = "No data found, symbol may be delisted")
$RUSSELL-RECON-SLEEVE: possibly delisted; no price data found  (period=6mo) (Yahoo error = "No data found, symbol may be delisted")
$BDC-CLUSTER: possibly delisted; no price data found  (period=6mo) (Yahoo error = "No data found, symbol may be delisted")
$RILY-NOTES: possibly delisted; no price data found  (period=6mo) (Yahoo error = "No data found, symbol may be delisted")
$8750: possibly delisted; no price data found  (period=6mo) (Yahoo error = "No data found, symbol may be delisted")

27 Failed downloads:
['CRXT', 'UKRAIN-STEPUP-B', 'BABYBOND-SLEEVE', 'HARRYS-IPO', 'KALSHI-DIVERGENCE-SLEEVE', 'SPL.WA', '5595.T', 'PREFERRED-ODDLOT-SLEEVE', 'SEPT-DEPLOY', 'MFINL', 'ORDERBOOK-ANOMALY', 'JAPAN-VALUEUP-SLEEVE', 'VERO', 'BANKPOND-SLEEVE', 'SACC-NOTES', 'TAIL-PROGRAM', 'ADIG', 'NBG.AT', 'AST.WAR', 'WIE.VIE', 'RO-IPO', 'RUSSELL-RECON-SLEEVE', 'BDC-CLUSTER', 'RILY-NOTES', '8750']: possibly delisted; no price data found  (period=6mo) (Yahoo error = "No data found, symbol may be delisted")
['KAP', 'OTP']: possibly delisted; no price data found  (period=6mo)

===== 2026-07-28 07:43 (desk) =====
tax_fit: 406 names cached (tau 0.38yr)
  FXPO.L    vol 19809%  tax-opt 2453.6%  STRONG
  JTAI      vol 1168%  tax-opt 144.7%  STRONG
  MFP       vol 265%  tax-opt 32.9%  STRONG
  MITI      vol 225%  tax-opt 27.9%  STRONG
  REPL      vol 222%  tax-opt 27.5%  STRONG
  VERU      vol 192%  tax-opt 23.8%  STRONG
  OPI       vol 175%  tax-opt 21.6%  STRONG
  WOLF      vol 151%  tax-opt 18.7%  STRONG
  VRSSF     vol 144%  tax-opt 17.8%  STRONG
  EVER      vol 139%  tax-opt 17.2%  STRONG

/Users/ajay/Library/Python/3.9/lib/python/site-packages/urllib3/__init__.py:35: NotOpenSSLWarning: urllib3 v2 only supports OpenSSL 1.1.1+, currently the 'ssl' module is compiled with 'LibreSSL 2.8.3'. See: https://github.com/urllib3/urllib3/issues/3020
  warnings.warn(
HTTP Error 404: {"quoteSummary":{"result":null,"error":{"code":"Not Found","description":"Quote not found for symbol: KALSHI-DIVERGENCE-SLEEVE"}}}
$KALSHI-DIVERGENCE-SLEEVE: possibly delisted; no price data found  (period=6mo) (Yahoo error = "No data found, symbol may be delisted")
$RILY-NOTES: possibly delisted; no price data found  (period=6mo) (Yahoo error = "No data found, symbol may be delisted")
$VERO: possibly delisted; no price data found  (period=6mo) (Yahoo error = "No data found, symbol may be delisted")
$MFINL: possibly delisted; no price data found  (period=6mo) (Yahoo error = "No data found, symbol may be delisted")
$JAPAN-VALUEUP-SLEEVE: possibly delisted; no price data found  (period=6mo) (Yahoo error = "No data found, symbol may be delisted")
$UKRAIN-STEPUP-B: possibly delisted; no price data found  (period=6mo) (Yahoo error = "No data found, symbol may be delisted")
$ADIG: possibly delisted; no price data found  (period=6mo) (Yahoo error = "No data found, symbol may be delisted")
$5595.T: possibly delisted; no price data found  (period=6mo) (Yahoo error = "No data found, symbol may be delisted")
$ORDERBOOK-ANOMALY: possibly delisted; no price data found  (period=6mo) (Yahoo error = "No data found, symbol may be delisted")
$RUSSELL-RECON-SLEEVE: possibly delisted; no price data found  (period=6mo) (Yahoo error = "No data found, symbol may be delisted")
$SACC-NOTES: possibly delisted; no price data found  (period=6mo) (Yahoo error = "No data found, symbol may be delisted")
$HARRYS-IPO: possibly delisted; no price data found  (period=6mo) (Yahoo error = "No data found, symbol may be delisted")
$WIE.VIE: possibly delisted; no price data found  (period=6mo) (Yahoo error = "No data found, symbol may be delisted")
$BABYBOND-SLEEVE: possibly delisted; no price data found  (period=6mo) (Yahoo error = "No data found, symbol may be delisted")
$BDC-CLUSTER: possibly delisted; no price data found  (period=6mo) (Yahoo error = "No data found, symbol may be delisted")
$BANKPOND-SLEEVE: possibly delisted; no price data found  (period=6mo) (Yahoo error = "No data found, symbol may be delisted")
$CRXT: possibly delisted; no price data found  (period=6mo)
$OTP: possibly delisted; no price data found  (period=6mo)
$AST.WAR: possibly delisted; no price data found  (period=6mo) (Yahoo error = "No data found, symbol may be delisted")
$8750: possibly delisted; no price data found  (period=6mo) (Yahoo error = "No data found, symbol may be delisted")
$PREFERRED-ODDLOT-SLEEVE: possibly delisted; no price data found  (period=6mo) (Yahoo error = "No data found, symbol may be delisted")
$KAP: possibly delisted; no price data found  (period=6mo)
$SEPT-DEPLOY: possibly delisted; no price data found  (period=6mo) (Yahoo error = "No data found, symbol may be delisted")
$TAIL-PROGRAM: possibly delisted; no price data found  (period=6mo) (Yahoo error = "No data found, symbol may be delisted")
$NBG.AT: possibly delisted; no price data found  (period=6mo) (Yahoo error = "No data found, symbol may be delisted")
$SPL.WA: possibly delisted; no price data found  (period=6mo) (Yahoo error = "No data found, symbol may be delisted")
$RO-IPO: possibly delisted; no price data found  (period=6mo) (Yahoo error = "No data found, symbol may be delisted")

27 Failed downloads:
['KALSHI-DIVERGENCE-SLEEVE', 'RILY-NOTES', 'VERO', 'MFINL', 'JAPAN-VALUEUP-SLEEVE', 'UKRAIN-STEPUP-B', 'ADIG', '5595.T', 'ORDERBOOK-ANOMALY', 'RUSSELL-RECON-SLEEVE', 'SACC-NOTES', 'HARRYS-IPO', 'WIE.VIE', 'BABYBOND-SLEEVE', 'BDC-CLUSTER', 'BANKPOND-SLEEVE', 'AST.WAR', '8750', 'PREFERRED-ODDLOT-SLEEVE', 'SEPT-DEPLOY', 'TAIL-PROGRAM', 'NBG.AT', 'SPL.WA', 'RO-IPO']: possibly delisted; no price data found  (period=6mo) (Yahoo error = "No data found, symbol may be delisted")
['CRXT', 'OTP', 'KAP']: possibly delisted; no price data found  (period=6mo)

===== 2026-07-29 08:43 (desk) =====
tax_fit: 418 names cached (tau 0.38yr)
  FXPO.L    vol 19809%  tax-opt 2444.8%  STRONG
  JTAI      vol 1168%  tax-opt 144.2%  STRONG
  MFP       vol 265%  tax-opt 32.7%  STRONG
  REPL      vol 228%  tax-opt 28.2%  STRONG
  MITI      vol 226%  tax-opt 27.9%  STRONG
  VERU      vol 192%  tax-opt 23.7%  STRONG
  OPI       vol 175%  tax-opt 21.6%  STRONG
  WOLF      vol 153%  tax-opt 18.8%  STRONG
  VRSSF     vol 144%  tax-opt 17.8%  STRONG
  EVER      vol 139%  tax-opt 17.1%  STRONG

/Users/ajay/Library/Python/3.9/lib/python/site-packages/urllib3/__init__.py:35: NotOpenSSLWarning: urllib3 v2 only supports OpenSSL 1.1.1+, currently the 'ssl' module is compiled with 'LibreSSL 2.8.3'. See: https://github.com/urllib3/urllib3/issues/3020
  warnings.warn(
$CRXT: possibly delisted; no price data found  (period=6mo)
HTTP Error 404: {"quoteSummary":{"result":null,"error":{"code":"Not Found","description":"Quote not found for symbol: UKRAIN-STEPUP-B"}}}
$NBG.AT: possibly delisted; no price data found  (period=6mo) (Yahoo error = "No data found, symbol may be delisted")
$UKRAIN-STEPUP-B: possibly delisted; no price data found  (period=6mo) (Yahoo error = "No data found, symbol may be delisted")
HTTP Error 404: {"quoteSummary":{"result":null,"error":{"code":"Not Found","description":"Quote not found for symbol: RO-IPO"}}}
$RO-IPO: possibly delisted; no price data found  (period=6mo) (Yahoo error = "No data found, symbol may be delisted")
$BANKPOND-SLEEVE: possibly delisted; no price data found  (period=6mo) (Yahoo error = "No data found, symbol may be delisted")
$KALSHI-DIVERGENCE-SLEEVE: possibly delisted; no price data found  (period=6mo) (Yahoo error = "No data found, symbol may be delisted")
$VERO: possibly delisted; no price data found  (period=6mo) (Yahoo error = "No data found, symbol may be delisted")
$JAPAN-VALUEUP-SLEEVE: possibly delisted; no price data found  (period=6mo) (Yahoo error = "No data found, symbol may be delisted")
$RILY-NOTES: possibly delisted; no price data found  (period=6mo) (Yahoo error = "No data found, symbol may be delisted")
$AST.WAR: possibly delisted; no price data found  (period=6mo) (Yahoo error = "No data found, symbol may be delisted")
$PREFERRED-ODDLOT-SLEEVE: possibly delisted; no price data found  (period=6mo) (Yahoo error = "No data found, symbol may be delisted")
$BABYBOND-SLEEVE: possibly delisted; no price data found  (period=6mo) (Yahoo error = "No data found, symbol may be delisted")
$8750: possibly delisted; no price data found  (period=6mo) (Yahoo error = "No data found, symbol may be delisted")
$HARRYS-IPO: possibly delisted; no price data found  (period=6mo) (Yahoo error = "No data found, symbol may be delisted")
$MFINL: possibly delisted; no price data found  (period=6mo) (Yahoo error = "No data found, symbol may be delisted")
$KAP: possibly delisted; no price data found  (period=6mo)
$RUSSELL-RECON-SLEEVE: possibly delisted; no price data found  (period=6mo) (Yahoo error = "No data found, symbol may be delisted")
$SEPT-DEPLOY: possibly delisted; no price data found  (period=6mo) (Yahoo error = "No data found, symbol may be delisted")
$TAIL-PROGRAM: possibly delisted; no price data found  (period=6mo) (Yahoo error = "No data found, symbol may be delisted")
$OTP: possibly delisted; no price data found  (period=6mo)
$WIE.VIE: possibly delisted; no price data found  (period=6mo) (Yahoo error = "No data found, symbol may be delisted")
$ADIG: possibly delisted; no price data found  (period=6mo) (Yahoo error = "No data found, symbol may be delisted")
$SPL.WA: possibly delisted; no price data found  (period=6mo) (Yahoo error = "No data found, symbol may be delisted")
$5595.T: possibly delisted; no price data found  (period=6mo) (Yahoo error = "No data found, symbol may be delisted")
$BDC-CLUSTER: possibly delisted; no price data found  (period=6mo) (Yahoo error = "No data found, symbol may be delisted")
$SACC-NOTES: possibly delisted; no price data found  (period=6mo) (Yahoo error = "No data found, symbol may be delisted")
$ORDERBOOK-ANOMALY: possibly delisted; no price data found  (period=6mo) (Yahoo error = "No data found, symbol may be delisted")

27 Failed downloads:
['CRXT', 'KAP', 'OTP']: possibly delisted; no price data found  (period=6mo)
['NBG.AT', 'UKRAIN-STEPUP-B', 'RO-IPO', 'BANKPOND-SLEEVE', 'KALSHI-DIVERGENCE-SLEEVE', 'VERO', 'JAPAN-VALUEUP-SLEEVE', 'RILY-NOTES', 'AST.WAR', 'PREFERRED-ODDLOT-SLEEVE', 'BABYBOND-SLEEVE', '8750', 'HARRYS-IPO', 'MFINL', 'RUSSELL-RECON-SLEEVE', 'SEPT-DEPLOY', 'TAIL-PROGRAM', 'WIE.VIE', 'ADIG', 'SPL.WA', '5595.T', 'BDC-CLUSTER', 'SACC-NOTES', 'ORDERBOOK-ANOMALY']: possibly delisted; no price data found  (period=6mo) (Yahoo error = "No data found, symbol may be delisted")

===== 2026-07-30 09:43 (desk) =====
tax_fit: 433 names cached (tau 0.38yr)
  FXPO.L    vol 19809%  tax-opt 2436.0%  STRONG
  JTAI      vol 1168%  tax-opt 143.6%  STRONG
  MFP       vol 247%  tax-opt 30.3%  STRONG
  REPL      vol 225%  tax-opt 27.6%  STRONG
  MITI      vol 210%  tax-opt 25.9%  STRONG
  VERU      vol 192%  tax-opt 23.6%  STRONG
  OPI       vol 166%  tax-opt 20.4%  STRONG
  WOLF      vol 152%  tax-opt 18.7%  STRONG
  EVER      vol 139%  tax-opt 17.1%  STRONG
  IPW       vol 129%  tax-opt 15.9%  STRONG

/Users/ajay/Library/Python/3.9/lib/python/site-packages/urllib3/__init__.py:35: NotOpenSSLWarning: urllib3 v2 only supports OpenSSL 1.1.1+, currently the 'ssl' module is compiled with 'LibreSSL 2.8.3'. See: https://github.com/urllib3/urllib3/issues/3020
  warnings.warn(
HTTP Error 404: {"quoteSummary":{"result":null,"error":{"code":"Not Found","description":"Quote not found for symbol: SEPT-DEPLOY"}}}
HTTP Error 404: {"quoteSummary":{"result":null,"error":{"code":"Not Found","description":"Quote not found for symbol: PREFERRED-ODDLOT-SLEEVE"}}}
$SEPT-DEPLOY: possibly delisted; no price data found  (period=6mo) (Yahoo error = "No data found, symbol may be delisted")
$KAP: possibly delisted; no price data found  (period=6mo)
$MFINL: possibly delisted; no price data found  (period=6mo) (Yahoo error = "No data found, symbol may be delisted")
$PREFERRED-ODDLOT-SLEEVE: possibly delisted; no price data found  (period=6mo) (Yahoo error = "No data found, symbol may be delisted")
$ADIG: possibly delisted; no price data found  (period=6mo) (Yahoo error = "No data found, symbol may be delisted")
$JAPAN-VALUEUP-SLEEVE: possibly delisted; no price data found  (period=6mo) (Yahoo error = "No data found, symbol may be delisted")
$RILY-NOTES: possibly delisted; no price data found  (period=6mo) (Yahoo error = "No data found, symbol may be delisted")
$SACC-NOTES: possibly delisted; no price data found  (period=6mo) (Yahoo error = "No data found, symbol may be delisted")
$NBG.AT: possibly delisted; no price data found  (period=6mo) (Yahoo error = "No data found, symbol may be delisted")
$CRXT: possibly delisted; no price data found  (period=6mo)
$ORDERBOOK-ANOMALY: possibly delisted; no price data found  (period=6mo) (Yahoo error = "No data found, symbol may be delisted")
$OTP: possibly delisted; no price data found  (period=6mo)
$BANKPOND-SLEEVE: possibly delisted; no price data found  (period=6mo) (Yahoo error = "No data found, symbol may be delisted")
$5595.T: possibly delisted; no price data found  (period=6mo) (Yahoo error = "No data found, symbol may be delisted")
$RO-IPO: possibly delisted; no price data found  (period=6mo) (Yahoo error = "No data found, symbol may be delisted")
$BDC-CLUSTER: possibly delisted; no price data found  (period=6mo) (Yahoo error = "No data found, symbol may be delisted")
$RUSSELL-RECON-SLEEVE: possibly delisted; no price data found  (period=6mo) (Yahoo error = "No data found, symbol may be delisted")
$WIE.VIE: possibly delisted; no price data found  (period=6mo) (Yahoo error = "No data found, symbol may be delisted")
$BABYBOND-SLEEVE: possibly delisted; no price data found  (period=6mo) (Yahoo error = "No data found, symbol may be delisted")
$KALSHI-DIVERGENCE-SLEEVE: possibly delisted; no price data found  (period=6mo) (Yahoo error = "No data found, symbol may be delisted")
$TAIL-PROGRAM: possibly delisted; no price data found  (period=6mo) (Yahoo error = "No data found, symbol may be delisted")
$VERO: possibly delisted; no price data found  (period=6mo) (Yahoo error = "No data found, symbol may be delisted")
$UKRAIN-STEPUP-B: possibly delisted; no price data found  (period=6mo) (Yahoo error = "No data found, symbol may be delisted")
$8750: possibly delisted; no price data found  (period=6mo) (Yahoo error = "No data found, symbol may be delisted")
$HARRYS-IPO: possibly delisted; no price data found  (period=6mo) (Yahoo error = "No data found, symbol may be delisted")
$AST.WAR: possibly delisted; no price data found  (period=6mo) (Yahoo error = "No data found, symbol may be delisted")
$SPL.WA: possibly delisted; no price data found  (period=6mo) (Yahoo error = "No data found, symbol may be delisted")

27 Failed downloads:
['SEPT-DEPLOY', 'MFINL', 'PREFERRED-ODDLOT-SLEEVE', 'ADIG', 'JAPAN-VALUEUP-SLEEVE', 'RILY-NOTES', 'SACC-NOTES', 'NBG.AT', 'ORDERBOOK-ANOMALY', 'BANKPOND-SLEEVE', '5595.T', 'RO-IPO', 'BDC-CLUSTER', 'RUSSELL-RECON-SLEEVE', 'WIE.VIE', 'BABYBOND-SLEEVE', 'KALSHI-DIVERGENCE-SLEEVE', 'TAIL-PROGRAM', 'VERO', 'UKRAIN-STEPUP-B', '8750', 'HARRYS-IPO', 'AST.WAR', 'SPL.WA']: possibly delisted; no price data found  (period=6mo) (Yahoo error = "No data found, symbol may be delisted")
['KAP', 'CRXT', 'OTP']: possibly delisted; no price data found  (period=6mo)

===== 2026-07-31 10:48 (desk) =====
tax_fit: 440 names cached (tau 0.38yr)
  FXPO.L    vol 19808%  tax-opt 2427.1%  STRONG
  JTAI      vol 1168%  tax-opt 143.1%  STRONG
  REPL      vol 296%  tax-opt 36.2%  STRONG
  MFP       vol 242%  tax-opt 29.7%  STRONG
  MITI      vol 212%  tax-opt 25.9%  STRONG
  VERU      vol 192%  tax-opt 23.6%  STRONG
  OPI       vol 164%  tax-opt 20.1%  STRONG
  WOLF      vol 151%  tax-opt 18.5%  STRONG
  EVER      vol 138%  tax-opt 16.9%  STRONG
  IPW       vol 129%  tax-opt 15.8%  STRONG

/Users/ajay/Library/Python/3.9/lib/python/site-packages/urllib3/__init__.py:35: NotOpenSSLWarning: urllib3 v2 only supports OpenSSL 1.1.1+, currently the 'ssl' module is compiled with 'LibreSSL 2.8.3'. See: https://github.com/urllib3/urllib3/issues/3020
  warnings.warn(
HTTP Error 404: {"quoteSummary":{"result":null,"error":{"code":"Not Found","description":"Quote not found for symbol: VERO"}}}
HTTP Error 404: {"quoteSummary":{"result":null,"error":{"code":"Not Found","description":"Quote not found for symbol: SACC-NOTES"}}}
$AST.WAR: possibly delisted; no price data found  (period=6mo) (Yahoo error = "No data found, symbol may be delisted")
$VERO: possibly delisted; no price data found  (period=6mo) (Yahoo error = "No data found, symbol may be delisted")
$SACC-NOTES: possibly delisted; no price data found  (period=6mo) (Yahoo error = "No data found, symbol may be delisted")
$8750: possibly delisted; no price data found  (period=6mo) (Yahoo error = "No data found, symbol may be delisted")
$WIE.VIE: possibly delisted; no price data found  (period=6mo) (Yahoo error = "No data found, symbol may be delisted")
$BABYBOND-SLEEVE: possibly delisted; no price data found  (period=6mo) (Yahoo error = "No data found, symbol may be delisted")
$HARRYS-IPO: possibly delisted; no price data found  (period=6mo) (Yahoo error = "No data found, symbol may be delisted")
$OTP: possibly delisted; no price data found  (period=6mo)
$ADIG: possibly delisted; no price data found  (period=6mo) (Yahoo error = "No data found, symbol may be delisted")
$KALSHI-DIVERGENCE-SLEEVE: possibly delisted; no price data found  (period=6mo) (Yahoo error = "No data found, symbol may be delisted")
$BDC-CLUSTER: possibly delisted; no price data found  (period=6mo) (Yahoo error = "No data found, symbol may be delisted")
$5595.T: possibly delisted; no price data found  (period=6mo) (Yahoo error = "No data found, symbol may be delisted")
$JAPAN-VALUEUP-SLEEVE: possibly delisted; no price data found  (period=6mo) (Yahoo error = "No data found, symbol may be delisted")
$RILY-NOTES: possibly delisted; no price data found  (period=6mo) (Yahoo error = "No data found, symbol may be delisted")
$SEPT-DEPLOY: possibly delisted; no price data found  (period=6mo) (Yahoo error = "No data found, symbol may be delisted")
$MFINL: possibly delisted; no price data found  (period=6mo) (Yahoo error = "No data found, symbol may be delisted")
$NBG.AT: possibly delisted; no price data found  (period=6mo) (Yahoo error = "No data found, symbol may be delisted")
$TAIL-PROGRAM: possibly delisted; no price data found  (period=6mo) (Yahoo error = "No data found, symbol may be delisted")
$KAP: possibly delisted; no price data found  (period=6mo)
$PREFERRED-ODDLOT-SLEEVE: possibly delisted; no price data found  (period=6mo) (Yahoo error = "No data found, symbol may be delisted")
$CRXT: possibly delisted; no price data found  (period=6mo)
$SPL.WA: possibly delisted; no price data found  (period=6mo) (Yahoo error = "No data found, symbol may be delisted")
$BANKPOND-SLEEVE: possibly delisted; no price data found  (period=6mo) (Yahoo error = "No data found, symbol may be delisted")
$RUSSELL-RECON-SLEEVE: possibly delisted; no price data found  (period=6mo) (Yahoo error = "No data found, symbol may be delisted")
$RO-IPO: possibly delisted; no price data found  (period=6mo) (Yahoo error = "No data found, symbol may be delisted")
$UKRAIN-STEPUP-B: possibly delisted; no price data found  (period=6mo) (Yahoo error = "No data found, symbol may be delisted")
$ORDERBOOK-ANOMALY: possibly delisted; no price data found  (period=6mo) (Yahoo error = "No data found, symbol may be delisted")

27 Failed downloads:
['AST.WAR', 'VERO', 'SACC-NOTES', '8750', 'WIE.VIE', 'BABYBOND-SLEEVE', 'HARRYS-IPO', 'ADIG', 'KALSHI-DIVERGENCE-SLEEVE', 'BDC-CLUSTER', '5595.T', 'JAPAN-VALUEUP-SLEEVE', 'RILY-NOTES', 'SEPT-DEPLOY', 'MFINL', 'NBG.AT', 'TAIL-PROGRAM', 'PREFERRED-ODDLOT-SLEEVE', 'SPL.WA', 'BANKPOND-SLEEVE', 'RUSSELL-RECON-SLEEVE', 'RO-IPO', 'UKRAIN-STEPUP-B', 'ORDERBOOK-ANOMALY']: possibly delisted; no price data found  (period=6mo) (Yahoo error = "No data found, symbol may be delisted")
['OTP', 'KAP', 'CRXT']: possibly delisted; no price data found  (period=6mo)

===== 2026-08-03 00:55 (desk) =====
tax_fit: 458 names cached (tau 0.37yr)
  FXPO.L    vol 19808%  tax-opt 2400.4%  STRONG
  JTAI      vol 1168%  tax-opt 141.5%  STRONG
  REPL      vol 307%  tax-opt 37.2%  STRONG
  MFP       vol 242%  tax-opt 29.3%  STRONG
  MITI      vol 209%  tax-opt 25.3%  STRONG
  VERU      vol 192%  tax-opt 23.3%  STRONG
  OPI       vol 164%  tax-opt 19.9%  STRONG
  WOLF      vol 151%  tax-opt 18.3%  STRONG
  EVER      vol 138%  tax-opt 16.7%  STRONG
  IPW       vol 130%  tax-opt 15.8%  STRONG

/Users/ajay/Library/Python/3.9/lib/python/site-packages/urllib3/__init__.py:35: NotOpenSSLWarning: urllib3 v2 only supports OpenSSL 1.1.1+, currently the 'ssl' module is compiled with 'LibreSSL 2.8.3'. See: https://github.com/urllib3/urllib3/issues/3020
  warnings.warn(
HTTP Error 404: {"quoteSummary":{"result":null,"error":{"code":"Not Found","description":"Quote not found for symbol: ORDERBOOK-ANOMALY"}}}
HTTP Error 404: {"quoteSummary":{"result":null,"error":{"code":"Not Found","description":"Quote not found for symbol: BDC-CLUSTER"}}}
$KALSHI-DIVERGENCE-SLEEVE: possibly delisted; no price data found  (period=6mo) (Yahoo error = "No data found, symbol may be delisted")
$BDC-CLUSTER: possibly delisted; no price data found  (period=6mo) (Yahoo error = "No data found, symbol may be delisted")
$ORDERBOOK-ANOMALY: possibly delisted; no price data found  (period=6mo) (Yahoo error = "No data found, symbol may be delisted")
$BANKPOND-SLEEVE: possibly delisted; no price data found  (period=6mo) (Yahoo error = "No data found, symbol may be delisted")
$SPL.WA: possibly delisted; no price data found  (period=6mo) (Yahoo error = "No data found, symbol may be delisted")
$RILY-NOTES: possibly delisted; no price data found  (period=6mo) (Yahoo error = "No data found, symbol may be delisted")
$KAP: possibly delisted; no price data found  (period=6mo)
$NBG.AT: possibly delisted; no price data found  (period=6mo) (Yahoo error = "No data found, symbol may be delisted")
$UKRAIN-STEPUP-B: possibly delisted; no price data found  (period=6mo) (Yahoo error = "No data found, symbol may be delisted")
$CRXT: possibly delisted; no price data found  (period=6mo)
$5595.T: possibly delisted; no price data found  (period=6mo) (Yahoo error = "No data found, symbol may be delisted")
$JAPAN-VALUEUP-SLEEVE: possibly delisted; no price data found  (period=6mo) (Yahoo error = "No data found, symbol may be delisted")
$SACC-NOTES: possibly delisted; no price data found  (period=6mo) (Yahoo error = "No data found, symbol may be delisted")
$8750: possibly delisted; no price data found  (period=6mo) (Yahoo error = "No data found, symbol may be delisted")
$ADIG: possibly delisted; no price data found  (period=6mo) (Yahoo error = "No data found, symbol may be delisted")
$PREFERRED-ODDLOT-SLEEVE: possibly delisted; no price data found  (period=6mo) (Yahoo error = "No data found, symbol may be delisted")
$AI-CREDIT-CHAIN-TAIL: possibly delisted; no price data found  (period=6mo) (Yahoo error = "No data found, symbol may be delisted")
$HARRYS-IPO: possibly delisted; no price data found  (period=6mo) (Yahoo error = "No data found, symbol may be delisted")
$BABYBOND-SLEEVE: possibly delisted; no price data found  (period=6mo) (Yahoo error = "No data found, symbol may be delisted")
$SEPT-DEPLOY: possibly delisted; no price data found  (period=6mo) (Yahoo error = "No data found, symbol may be delisted")
$MFINL: possibly delisted; no price data found  (period=6mo) (Yahoo error = "No data found, symbol may be delisted")
$WIE.VIE: possibly delisted; no price data found  (period=6mo) (Yahoo error = "No data found, symbol may be delisted")
$AST.WAR: possibly delisted; no price data found  (period=6mo) (Yahoo error = "No data found, symbol may be delisted")
$AI-CONTAGION-BACKSPREAD: possibly delisted; no price data found  (period=6mo) (Yahoo error = "No data found, symbol may be delisted")
$VERO: possibly delisted; no price data found  (period=6mo) (Yahoo error = "No data found, symbol may be delisted")
$RUSSELL-RECON-SLEEVE: possibly delisted; no price data found  (period=6mo) (Yahoo error = "No data found, symbol may be delisted")
$OTP: possibly delisted; no price data found  (period=6mo)
$TAIL-PROGRAM: possibly delisted; no price data found  (period=6mo) (Yahoo error = "No data found, symbol may be delisted")
$RO-IPO: possibly delisted; no price data found  (period=6mo) (Yahoo error = "No data found, symbol may be delisted")

29 Failed downloads:
['KALSHI-DIVERGENCE-SLEEVE', 'BDC-CLUSTER', 'ORDERBOOK-ANOMALY', 'BANKPOND-SLEEVE', 'SPL.WA', 'RILY-NOTES', 'NBG.AT', 'UKRAIN-STEPUP-B', '5595.T', 'JAPAN-VALUEUP-SLEEVE', 'SACC-NOTES', '8750', 'ADIG', 'PREFERRED-ODDLOT-SLEEVE', 'AI-CREDIT-CHAIN-TAIL', 'HARRYS-IPO', 'BABYBOND-SLEEVE', 'SEPT-DEPLOY', 'MFINL', 'WIE.VIE', 'AST.WAR', 'AI-CONTAGION-BACKSPREAD', 'VERO', 'RUSSELL-RECON-SLEEVE', 'TAIL-PROGRAM', 'RO-IPO']: possibly delisted; no price data found  (period=6mo) (Yahoo error = "No data found, symbol may be delisted")
['KAP', 'CRXT', 'OTP']: possibly delisted; no price data found  (period=6mo)

===== 2026-08-04 01:45 (desk) =====
tax_fit: 537 names cached (tau 0.36yr)
  FXPO.L    vol 19808%  tax-opt 2391.4%  STRONG
  JTAI      vol 1168%  tax-opt 141.0%  STRONG
  REPL      vol 307%  tax-opt 37.0%  STRONG
  MFP       vol 242%  tax-opt 29.2%  STRONG
  MITI      vol 209%  tax-opt 25.2%  STRONG
  VERU      vol 192%  tax-opt 23.2%  STRONG
  UMAC      vol 173%  tax-opt 20.9%  STRONG
  OPI       vol 164%  tax-opt 19.8%  STRONG
  TRAX      vol 154%  tax-opt 18.6%  STRONG
  WOLF      vol 151%  tax-opt 18.2%  STRONG

/Users/ajay/Library/Python/3.9/lib/python/site-packages/urllib3/__init__.py:35: NotOpenSSLWarning: urllib3 v2 only supports OpenSSL 1.1.1+, currently the 'ssl' module is compiled with 'LibreSSL 2.8.3'. See: https://github.com/urllib3/urllib3/issues/3020
  warnings.warn(
HTTP Error 404: {"quoteSummary":{"result":null,"error":{"code":"Not Found","description":"Quote not found for symbol: WIE.VIE"}}}
$WIE.VIE: possibly delisted; no price data found  (period=6mo) (Yahoo error = "No data found, symbol may be delisted")
$SPL.WA: possibly delisted; no price data found  (period=6mo) (Yahoo error = "No data found, symbol may be delisted")
$MFINL: possibly delisted; no price data found  (period=6mo) (Yahoo error = "No data found, symbol may be delisted")
$KALSHI-DIVERGENCE-SLEEVE: possibly delisted; no price data found  (period=6mo) (Yahoo error = "No data found, symbol may be delisted")
$CRXT: possibly delisted; no price data found  (period=6mo)
$RUSSELL-RECON-SLEEVE: possibly delisted; no price data found  (period=6mo) (Yahoo error = "No data found, symbol may be delisted")
$8750: possibly delisted; no price data found  (period=6mo) (Yahoo error = "No data found, symbol may be delisted")
$KAP: possibly delisted; no price data found  (period=6mo)
$RILY-NOTES: possibly delisted; no price data found  (period=6mo) (Yahoo error = "No data found, symbol may be delisted")
$AI-CREDIT-CHAIN-TAIL: possibly delisted; no price data found  (period=6mo) (Yahoo error = "No data found, symbol may be delisted")
$SACC-NOTES: possibly delisted; no price data found  (period=6mo) (Yahoo error = "No data found, symbol may be delisted")
$BDC-CLUSTER: possibly delisted; no price data found  (period=6mo) (Yahoo error = "No data found, symbol may be delisted")
$ORDERBOOK-ANOMALY: possibly delisted; no price data found  (period=6mo) (Yahoo error = "No data found, symbol may be delisted")
$UKRAIN-STEPUP-B: possibly delisted; no price data found  (period=6mo) (Yahoo error = "No data found, symbol may be delisted")
$AST.WAR: possibly delisted; no price data found  (period=6mo) (Yahoo error = "No data found, symbol may be delisted")
$BABYBOND-SLEEVE: possibly delisted; no price data found  (period=6mo) (Yahoo error = "No data found, symbol may be delisted")
$VERO: possibly delisted; no price data found  (period=6mo) (Yahoo error = "No data found, symbol may be delisted")
$SEPT-DEPLOY: possibly delisted; no price data found  (period=6mo) (Yahoo error = "No data found, symbol may be delisted")
$BANKPOND-SLEEVE: possibly delisted; no price data found  (period=6mo) (Yahoo error = "No data found, symbol may be delisted")
$NBG.AT: possibly delisted; no price data found  (period=6mo) (Yahoo error = "No data found, symbol may be delisted")
$AI-CONTAGION-BACKSPREAD: possibly delisted; no price data found  (period=6mo) (Yahoo error = "No data found, symbol may be delisted")
$HARRYS-IPO: possibly delisted; no price data found  (period=6mo) (Yahoo error = "No data found, symbol may be delisted")
$5595.T: possibly delisted; no price data found  (period=6mo) (Yahoo error = "No data found, symbol may be delisted")
$OTP: possibly delisted; no price data found  (period=6mo)
$RO-IPO: possibly delisted; no price data found  (period=6mo) (Yahoo error = "No data found, symbol may be delisted")
$TAIL-PROGRAM: possibly delisted; no price data found  (period=6mo) (Yahoo error = "No data found, symbol may be delisted")
$JAPAN-VALUEUP-SLEEVE: possibly delisted; no price data found  (period=6mo) (Yahoo error = "No data found, symbol may be delisted")
$ADIG: possibly delisted; no price data found  (period=6mo) (Yahoo error = "No data found, symbol may be delisted")
$PREFERRED-ODDLOT-SLEEVE: possibly delisted; no price data found  (period=6mo) (Yahoo error = "No data found, symbol may be delisted")

29 Failed downloads:
['WIE.VIE', 'SPL.WA', 'MFINL', 'KALSHI-DIVERGENCE-SLEEVE', 'RUSSELL-RECON-SLEEVE', '8750', 'RILY-NOTES', 'AI-CREDIT-CHAIN-TAIL', 'SACC-NOTES', 'BDC-CLUSTER', 'ORDERBOOK-ANOMALY', 'UKRAIN-STEPUP-B', 'AST.WAR', 'BABYBOND-SLEEVE', 'VERO', 'SEPT-DEPLOY', 'BANKPOND-SLEEVE', 'NBG.AT', 'AI-CONTAGION-BACKSPREAD', 'HARRYS-IPO', '5595.T', 'RO-IPO', 'TAIL-PROGRAM', 'JAPAN-VALUEUP-SLEEVE', 'ADIG', 'PREFERRED-ODDLOT-SLEEVE']: possibly delisted; no price data found  (period=6mo) (Yahoo error = "No data found, symbol may be delisted")
['CRXT', 'KAP', 'OTP']: possibly delisted; no price data found  (period=6mo)

===== 2026-08-05 02:51 (desk) =====
tax_fit: 574 names cached (tau 0.36yr)
  FXPO.L    vol 19808%  tax-opt 2382.4%  STRONG
  JTAI      vol 1168%  tax-opt 140.5%  STRONG
  REPL      vol 304%  tax-opt 36.6%  STRONG
  MFP       vol 232%  tax-opt 27.9%  STRONG
  MITI      vol 225%  tax-opt 27.1%  STRONG
  VERU      vol 192%  tax-opt 23.1%  STRONG
  UMAC      vol 176%  tax-opt 21.1%  STRONG
  OPI       vol 159%  tax-opt 19.1%  STRONG
  TRAX      vol 153%  tax-opt 18.4%  STRONG
  OUST      vol 151%  tax-opt 18.1%  STRONG

/Users/ajay/Library/Python/3.9/lib/python/site-packages/urllib3/__init__.py:35: NotOpenSSLWarning: urllib3 v2 only supports OpenSSL 1.1.1+, currently the 'ssl' module is compiled with 'LibreSSL 2.8.3'. See: https://github.com/urllib3/urllib3/issues/3020
  warnings.warn(
HTTP Error 404: {"quoteSummary":{"result":null,"error":{"code":"Not Found","description":"Quote not found for symbol: AI-CONTAGION-BACKSPREAD"}}}
HTTP Error 404: {"quoteSummary":{"result":null,"error":{"code":"Not Found","description":"Quote not found for symbol: HARRYS-IPO"}}}
$AI-CONTAGION-BACKSPREAD: possibly delisted; no price data found  (period=6mo) (Yahoo error = "No data found, symbol may be delisted")
$SEPT-DEPLOY: possibly delisted; no price data found  (period=6mo) (Yahoo error = "No data found, symbol may be delisted")
$RILY-NOTES: possibly delisted; no price data found  (period=6mo) (Yahoo error = "No data found, symbol may be delisted")
$HARRYS-IPO: possibly delisted; no price data found  (period=6mo) (Yahoo error = "No data found, symbol may be delisted")
$AST.WAR: possibly delisted; no price data found  (period=6mo) (Yahoo error = "No data found, symbol may be delisted")
$MFINL: possibly delisted; no price data found  (period=6mo) (Yahoo error = "No data found, symbol may be delisted")
$OTP: possibly delisted; no price data found  (period=6mo)
$AI-CREDIT-CHAIN-TAIL: possibly delisted; no price data found  (period=6mo) (Yahoo error = "No data found, symbol may be delisted")
$VSCO: possibly delisted; no price data found  (period=6mo) (Yahoo error = "No data found, symbol may be delisted")
$SACC-NOTES: possibly delisted; no price data found  (period=6mo) (Yahoo error = "No data found, symbol may be delisted")
$ORDERBOOK-ANOMALY: possibly delisted; no price data found  (period=6mo) (Yahoo error = "No data found, symbol may be delisted")
$KALSHI-DIVERGENCE-SLEEVE: possibly delisted; no price data found  (period=6mo) (Yahoo error = "No data found, symbol may be delisted")
$RUSSELL-RECON-SLEEVE: possibly delisted; no price data found  (period=6mo) (Yahoo error = "No data found, symbol may be delisted")
$8750: possibly delisted; no price data found  (period=6mo) (Yahoo error = "No data found, symbol may be delisted")
$JAPAN-VALUEUP-SLEEVE: possibly delisted; no price data found  (period=6mo) (Yahoo error = "No data found, symbol may be delisted")
$WIE.VIE: possibly delisted; no price data found  (period=6mo) (Yahoo error = "No data found, symbol may be delisted")
$KAP: possibly delisted; no price data found  (period=6mo)
$TAIL-PROGRAM: possibly delisted; no price data found  (period=6mo) (Yahoo error = "No data found, symbol may be delisted")
$UKRAIN-STEPUP-B: possibly delisted; no price data found  (period=6mo) (Yahoo error = "No data found, symbol may be delisted")
$CRXT: possibly delisted; no price data found  (period=6mo)
$BABYBOND-SLEEVE: possibly delisted; no price data found  (period=6mo) (Yahoo error = "No data found, symbol may be delisted")
$PREFERRED-ODDLOT-SLEEVE: possibly delisted; no price data found  (period=6mo) (Yahoo error = "No data found, symbol may be delisted")
$YU..L: possibly delisted; no price data found  (period=6mo) (Yahoo error = "No data found, symbol may be delisted")
$NBG.AT: possibly delisted; no price data found  (period=6mo) (Yahoo error = "No data found, symbol may be delisted")
$BANKPOND-SLEEVE: possibly delisted; no price data found  (period=6mo) (Yahoo error = "No data found, symbol may be delisted")
$VERO: possibly delisted; no price data found  (period=6mo) (Yahoo error = "No data found, symbol may be delisted")
$RO-IPO: possibly delisted; no price data found  (period=6mo) (Yahoo error = "No data found, symbol may be delisted")
$BDC-CLUSTER: possibly delisted; no price data found  (period=6mo) (Yahoo error = "No data found, symbol may be delisted")
$SPL.WA: possibly delisted; no price data found  (period=6mo) (Yahoo error = "No data found, symbol may be delisted")
$5595.T: possibly delisted; no price data found  (period=6mo) (Yahoo error = "No data found, symbol may be delisted")

30 Failed downloads:
['AI-CONTAGION-BACKSPREAD', 'SEPT-DEPLOY', 'RILY-NOTES', 'HARRYS-IPO', 'AST.WAR', 'MFINL', 'AI-CREDIT-CHAIN-TAIL', 'VSCO', 'SACC-NOTES', 'ORDERBOOK-ANOMALY', 'KALSHI-DIVERGENCE-SLEEVE', 'RUSSELL-RECON-SLEEVE', '8750', 'JAPAN-VALUEUP-SLEEVE', 'WIE.VIE', 'TAIL-PROGRAM', 'UKRAIN-STEPUP-B', 'BABYBOND-SLEEVE', 'PREFERRED-ODDLOT-SLEEVE', 'YU..L', 'NBG.AT', 'BANKPOND-SLEEVE', 'VERO', 'RO-IPO', 'BDC-CLUSTER', 'SPL.WA', '5595.T']: possibly delisted; no price data found  (period=6mo) (Yahoo error = "No data found, symbol may be delisted")
['OTP', 'KAP', 'CRXT']: possibly delisted; no price data found  (period=6mo)

===== 2026-08-06 03:45 (desk) =====
tax_fit: 574 names cached (tau 0.36yr)
  JTAI      vol 1168%  tax-opt 140.0%  STRONG
  REPL      vol 304%  tax-opt 36.4%  STRONG
  MITI      vol 229%  tax-opt 27.4%  STRONG
  MFP       vol 228%  tax-opt 27.3%  STRONG
  FXPO.L    vol 198%  tax-opt 23.7%  STRONG
  VERU      vol 192%  tax-opt 23.1%  STRONG
  UMAC      vol 176%  tax-opt 21.1%  STRONG
  OPI       vol 156%  tax-opt 18.8%  STRONG
  TRAX      vol 153%  tax-opt 18.3%  STRONG
  OUST      vol 151%  tax-opt 18.1%  STRONG

/Users/ajay/Library/Python/3.9/lib/python/site-packages/urllib3/__init__.py:35: NotOpenSSLWarning: urllib3 v2 only supports OpenSSL 1.1.1+, currently the 'ssl' module is compiled with 'LibreSSL 2.8.3'. See: https://github.com/urllib3/urllib3/issues/3020
  warnings.warn(
HTTP Error 404: {"quoteSummary":{"result":null,"error":{"code":"Not Found","description":"Quote not found for symbol: RILY-NOTES"}}}
HTTP Error 404: {"quoteSummary":{"result":null,"error":{"code":"Not Found","description":"Quote not found for symbol: NBG.AT"}}}
$CRXT: possibly delisted; no price data found  (period=6mo)
$NBG.AT: possibly delisted; no price data found  (period=6mo) (Yahoo error = "No data found, symbol may be delisted")
$RILY-NOTES: possibly delisted; no price data found  (period=6mo) (Yahoo error = "No data found, symbol may be delisted")
$SACC-NOTES: possibly delisted; no price data found  (period=6mo) (Yahoo error = "No data found, symbol may be delisted")
$RO-IPO: possibly delisted; no price data found  (period=6mo) (Yahoo error = "No data found, symbol may be delisted")
$MFINL: possibly delisted; no price data found  (period=6mo) (Yahoo error = "No data found, symbol may be delisted")
$PREFERRED-ODDLOT-SLEEVE: possibly delisted; no price data found  (period=6mo) (Yahoo error = "No data found, symbol may be delisted")
$BABYBOND-SLEEVE: possibly delisted; no price data found  (period=6mo) (Yahoo error = "No data found, symbol may be delisted")
$KALSHI-DIVERGENCE-SLEEVE: possibly delisted; no price data found  (period=6mo) (Yahoo error = "No data found, symbol may be delisted")
$AST.WAR: possibly delisted; no price data found  (period=6mo) (Yahoo error = "No data found, symbol may be delisted")
$RUSSELL-RECON-SLEEVE: possibly delisted; no price data found  (period=6mo) (Yahoo error = "No data found, symbol may be delisted")
$VSCO: possibly delisted; no price data found  (period=6mo) (Yahoo error = "No data found, symbol may be delisted")
$YU..L: possibly delisted; no price data found  (period=6mo) (Yahoo error = "No data found, symbol may be delisted")
$BANKPOND-SLEEVE: possibly delisted; no price data found  (period=6mo) (Yahoo error = "No data found, symbol may be delisted")
$OTP: possibly delisted; no price data found  (period=6mo)
$AI-CREDIT-CHAIN-TAIL: possibly delisted; no price data found  (period=6mo) (Yahoo error = "No data found, symbol may be delisted")
$WIE.VIE: possibly delisted; no price data found  (period=6mo) (Yahoo error = "No data found, symbol may be delisted")
$ORDERBOOK-ANOMALY: possibly delisted; no price data found  (period=6mo) (Yahoo error = "No data found, symbol may be delisted")
$VERO: possibly delisted; no price data found  (period=6mo) (Yahoo error = "No data found, symbol may be delisted")
$AI-CONTAGION-BACKSPREAD: possibly delisted; no price data found  (period=6mo) (Yahoo error = "No data found, symbol may be delisted")
$5595.T: possibly delisted; no price data found  (period=6mo) (Yahoo error = "No data found, symbol may be delisted")
$8750: possibly delisted; no price data found  (period=6mo) (Yahoo error = "No data found, symbol may be delisted")
$SPL.WA: possibly delisted; no price data found  (period=6mo) (Yahoo error = "No data found, symbol may be delisted")
$TAIL-PROGRAM: possibly delisted; no price data found  (period=6mo) (Yahoo error = "No data found, symbol may be delisted")
$UKRAIN-STEPUP-B: possibly delisted; no price data found  (period=6mo) (Yahoo error = "No data found, symbol may be delisted")
$KAP: possibly delisted; no price data found  (period=6mo)
$HARRYS-IPO: possibly delisted; no price data found  (period=6mo) (Yahoo error = "No data found, symbol may be delisted")
$JAPAN-VALUEUP-SLEEVE: possibly delisted; no price data found  (period=6mo) (Yahoo error = "No data found, symbol may be delisted")
$SEPT-DEPLOY: possibly delisted; no price data found  (period=6mo) (Yahoo error = "No data found, symbol may be delisted")
$BDC-CLUSTER: possibly delisted; no price data found  (period=6mo) (Yahoo error = "No data found, symbol may be delisted")

30 Failed downloads:
['CRXT', 'OTP', 'KAP']: possibly delisted; no price data found  (period=6mo)
['NBG.AT', 'RILY-NOTES', 'SACC-NOTES', 'RO-IPO', 'MFINL', 'PREFERRED-ODDLOT-SLEEVE', 'BABYBOND-SLEEVE', 'KALSHI-DIVERGENCE-SLEEVE', 'AST.WAR', 'RUSSELL-RECON-SLEEVE', 'VSCO', 'YU..L', 'BANKPOND-SLEEVE', 'AI-CREDIT-CHAIN-TAIL', 'WIE.VIE', 'ORDERBOOK-ANOMALY', 'VERO', 'AI-CONTAGION-BACKSPREAD', '5595.T', '8750', 'SPL.WA', 'TAIL-PROGRAM', 'UKRAIN-STEPUP-B', 'HARRYS-IPO', 'JAPAN-VALUEUP-SLEEVE', 'SEPT-DEPLOY', 'BDC-CLUSTER']: possibly delisted; no price data found  (period=6mo) (Yahoo error = "No data found, symbol may be delisted")

===== 2026-08-07 04:49 (desk) =====
tax_fit: 599 names cached (tau 0.36yr)
  JTAI      vol 1169%  tax-opt 139.5%  STRONG
  REPL      vol 302%  tax-opt 36.1%  STRONG
  MITI      vol 227%  tax-opt 27.1%  STRONG
  MFP       vol 223%  tax-opt 26.6%  STRONG
  FXPO.L    vol 198%  tax-opt 23.6%  STRONG
  VERU      vol 192%  tax-opt 23.0%  STRONG
  UMAC      vol 176%  tax-opt 21.1%  STRONG
  OPI       vol 154%  tax-opt 18.4%  STRONG
  TRAX      vol 153%  tax-opt 18.2%  STRONG
  OUST      vol 151%  tax-opt 18.1%  STRONG

/Users/ajay/Library/Python/3.9/lib/python/site-packages/urllib3/__init__.py:35: NotOpenSSLWarning: urllib3 v2 only supports OpenSSL 1.1.1+, currently the 'ssl' module is compiled with 'LibreSSL 2.8.3'. See: https://github.com/urllib3/urllib3/issues/3020
  warnings.warn(
HTTP Error 404: {"quoteSummary":{"result":null,"error":{"code":"Not Found","description":"Quote not found for symbol: VERO"}}}
HTTP Error 404: {"quoteSummary":{"result":null,"error":{"code":"Not Found","description":"Quote not found for symbol: AI-CREDIT-CHAIN-TAIL"}}}
$VERO: possibly delisted; no price data found  (period=6mo) (Yahoo error = "No data found, symbol may be delisted")
$PREFERRED-ODDLOT-SLEEVE: possibly delisted; no price data found  (period=6mo) (Yahoo error = "No data found, symbol may be delisted")
$AI-CREDIT-CHAIN-TAIL: possibly delisted; no price data found  (period=6mo) (Yahoo error = "No data found, symbol may be delisted")
$RILY-NOTES: possibly delisted; no price data found  (period=6mo) (Yahoo error = "No data found, symbol may be delisted")
$WIE.VIE: possibly delisted; no price data found  (period=6mo) (Yahoo error = "No data found, symbol may be delisted")
$HARRYS-IPO: possibly delisted; no price data found  (period=6mo) (Yahoo error = "No data found, symbol may be delisted")
$UKRAIN-STEPUP-B: possibly delisted; no price data found  (period=6mo) (Yahoo error = "No data found, symbol may be delisted")
$YU..L: possibly delisted; no price data found  (period=6mo) (Yahoo error = "No data found, symbol may be delisted")
$OTP: possibly delisted; no price data found  (period=6mo)
$KAP: possibly delisted; no price data found  (period=6mo)
$NBG.AT: possibly delisted; no price data found  (period=6mo) (Yahoo error = "No data found, symbol may be delisted")
$BABYBOND-SLEEVE: possibly delisted; no price data found  (period=6mo) (Yahoo error = "No data found, symbol may be delisted")
$KALSHI-DIVERGENCE-SLEEVE: possibly delisted; no price data found  (period=6mo) (Yahoo error = "No data found, symbol may be delisted")
$SEPT-DEPLOY: possibly delisted; no price data found  (period=6mo) (Yahoo error = "No data found, symbol may be delisted")
$RUSSELL-RECON-SLEEVE: possibly delisted; no price data found  (period=6mo) (Yahoo error = "No data found, symbol may be delisted")
$TAIL-PROGRAM: possibly delisted; no price data found  (period=6mo) (Yahoo error = "No data found, symbol may be delisted")
$BANKPOND-SLEEVE: possibly delisted; no price data found  (period=6mo) (Yahoo error = "No data found, symbol may be delisted")
$SPL.WA: possibly delisted; no price data found  (period=6mo) (Yahoo error = "No data found, symbol may be delisted")
$JAPAN-VALUEUP-SLEEVE: possibly delisted; no price data found  (period=6mo) (Yahoo error = "No data found, symbol may be delisted")
$VSCO: possibly delisted; no price data found  (period=6mo) (Yahoo error = "No data found, symbol may be delisted")
$SACC-NOTES: possibly delisted; no price data found  (period=6mo) (Yahoo error = "No data found, symbol may be delisted")
$AST.WAR: possibly delisted; no price data found  (period=6mo) (Yahoo error = "No data found, symbol may be delisted")
$AI-CONTAGION-BACKSPREAD: possibly delisted; no price data found  (period=6mo) (Yahoo error = "No data found, symbol may be delisted")
$5595.T: possibly delisted; no price data found  (period=6mo) (Yahoo error = "No data found, symbol may be delisted")
$MFINL: possibly delisted; no price data found  (period=6mo) (Yahoo error = "No data found, symbol may be delisted")
$RO-IPO: possibly delisted; no price data found  (period=6mo) (Yahoo error = "No data found, symbol may be delisted")
$ORDERBOOK-ANOMALY: possibly delisted; no price data found  (period=6mo) (Yahoo error = "No data found, symbol may be delisted")
$CRXT: possibly delisted; no price data found  (period=6mo)
$BDC-CLUSTER: possibly delisted; no price data found  (period=6mo) (Yahoo error = "No data found, symbol may be delisted")
$8750: possibly delisted; no price data found  (period=6mo) (Yahoo error = "No data found, symbol may be delisted")

30 Failed downloads:
['VERO', 'PREFERRED-ODDLOT-SLEEVE', 'AI-CREDIT-CHAIN-TAIL', 'RILY-NOTES', 'WIE.VIE', 'HARRYS-IPO', 'UKRAIN-STEPUP-B', 'YU..L', 'NBG.AT', 'BABYBOND-SLEEVE', 'KALSHI-DIVERGENCE-SLEEVE', 'SEPT-DEPLOY', 'RUSSELL-RECON-SLEEVE', 'TAIL-PROGRAM', 'BANKPOND-SLEEVE', 'SPL.WA', 'JAPAN-VALUEUP-SLEEVE', 'VSCO', 'SACC-NOTES', 'AST.WAR', 'AI-CONTAGION-BACKSPREAD', '5595.T', 'MFINL', 'RO-IPO', 'ORDERBOOK-ANOMALY', 'BDC-CLUSTER', '8750']: possibly delisted; no price data found  (period=6mo) (Yahoo error = "No data found, symbol may be delisted")
['OTP', 'KAP', 'CRXT']: possibly delisted; no price data found  (period=6mo)

===== 2026-08-10 00:54 (desk) =====
tax_fit: 636 names cached (tau 0.35yr)
  JTAI      vol 1169%  tax-opt 137.9%  STRONG
  REPL      vol 303%  tax-opt 35.7%  STRONG
  MITI      vol 226%  tax-opt 26.6%  STRONG
  MFP       vol 219%  tax-opt 25.9%  STRONG
  FXPO.L    vol 198%  tax-opt 23.4%  STRONG
  VERU      vol 192%  tax-opt 22.7%  STRONG
  UMAC      vol 176%  tax-opt 20.8%  STRONG
  OPI       vol 152%  tax-opt 17.9%  STRONG
  TRAX      vol 150%  tax-opt 17.7%  STRONG
  OUST      vol 148%  tax-opt 17.4%  STRONG

/Users/ajay/Library/Python/3.9/lib/python/site-packages/urllib3/__init__.py:35: NotOpenSSLWarning: urllib3 v2 only supports OpenSSL 1.1.1+, currently the 'ssl' module is compiled with 'LibreSSL 2.8.3'. See: https://github.com/urllib3/urllib3/issues/3020
  warnings.warn(
HTTP Error 404: {"quoteSummary":{"result":null,"error":{"code":"Not Found","description":"Quote not found for symbol: ORDERBOOK-ANOMALY"}}}
$VSCO: possibly delisted; no price data found  (period=6mo) (Yahoo error = "No data found, symbol may be delisted")
HTTP Error 404: {"quoteSummary":{"result":null,"error":{"code":"Not Found","description":"Quote not found for symbol: AI-CREDIT-CHAIN-TAIL"}}}
$ORDERBOOK-ANOMALY: possibly delisted; no price data found  (period=6mo) (Yahoo error = "No data found, symbol may be delisted")
$SACC-NOTES: possibly delisted; no price data found  (period=6mo) (Yahoo error = "No data found, symbol may be delisted")
$AI-CREDIT-CHAIN-TAIL: possibly delisted; no price data found  (period=6mo) (Yahoo error = "No data found, symbol may be delisted")
$WIE.VIE: possibly delisted; no price data found  (period=6mo) (Yahoo error = "No data found, symbol may be delisted")
$OTP: possibly delisted; no price data found  (period=6mo)
$CRXT: possibly delisted; no price data found  (period=6mo)
$HARRYS-IPO: possibly delisted; no price data found  (period=6mo) (Yahoo error = "No data found, symbol may be delisted")
$AI-CONTAGION-BACKSPREAD: possibly delisted; no price data found  (period=6mo) (Yahoo error = "No data found, symbol may be delisted")
$5595.T: possibly delisted; no price data found  (period=6mo) (Yahoo error = "No data found, symbol may be delisted")
$KAP: possibly delisted; no price data found  (period=6mo)
$RILY-NOTES: possibly delisted; no price data found  (period=6mo) (Yahoo error = "No data found, symbol may be delisted")
$BDC-CLUSTER: possibly delisted; no price data found  (period=6mo) (Yahoo error = "No data found, symbol may be delisted")
$RUSSELL-RECON-SLEEVE: possibly delisted; no price data found  (period=6mo) (Yahoo error = "No data found, symbol may be delisted")
$KALSHI-DIVERGENCE-SLEEVE: possibly delisted; no price data found  (period=6mo) (Yahoo error = "No data found, symbol may be delisted")
$UKRAIN-STEPUP-B: possibly delisted; no price data found  (period=6mo) (Yahoo error = "No data found, symbol may be delisted")
$MFINL: possibly delisted; no price data found  (period=6mo) (Yahoo error = "No data found, symbol may be delisted")
$YU..L: possibly delisted; no price data found  (period=6mo) (Yahoo error = "No data found, symbol may be delisted")
$PREFERRED-ODDLOT-SLEEVE: possibly delisted; no price data found  (period=6mo) (Yahoo error = "No data found, symbol may be delisted")
$NBG.AT: possibly delisted; no price data found  (period=6mo) (Yahoo error = "No data found, symbol may be delisted")
$SEPT-DEPLOY: possibly delisted; no price data found  (period=6mo) (Yahoo error = "No data found, symbol may be delisted")
$BABYBOND-SLEEVE: possibly delisted; no price data found  (period=6mo) (Yahoo error = "No data found, symbol may be delisted")
$AST.WAR: possibly delisted; no price data found  (period=6mo) (Yahoo error = "No data found, symbol may be delisted")
$8750: possibly delisted; no price data found  (period=6mo) (Yahoo error = "No data found, symbol may be delisted")
$RO-IPO: possibly delisted; no price data found  (period=6mo) (Yahoo error = "No data found, symbol may be delisted")
$BANKPOND-SLEEVE: possibly delisted; no price data found  (period=6mo) (Yahoo error = "No data found, symbol may be delisted")
$VERO: possibly delisted; no price data found  (period=6mo) (Yahoo error = "No data found, symbol may be delisted")
$TAIL-PROGRAM: possibly delisted; no price data found  (period=6mo) (Yahoo error = "No data found, symbol may be delisted")
$JAPAN-VALUEUP-SLEEVE: possibly delisted; no price data found  (period=6mo) (Yahoo error = "No data found, symbol may be delisted")
$SPL.WA: possibly delisted; no price data found  (period=6mo) (Yahoo error = "No data found, symbol may be delisted")

30 Failed downloads:
['VSCO', 'ORDERBOOK-ANOMALY', 'SACC-NOTES', 'AI-CREDIT-CHAIN-TAIL', 'WIE.VIE', 'HARRYS-IPO', 'AI-CONTAGION-BACKSPREAD', '5595.T', 'RILY-NOTES', 'BDC-CLUSTER', 'RUSSELL-RECON-SLEEVE', 'KALSHI-DIVERGENCE-SLEEVE', 'UKRAIN-STEPUP-B', 'MFINL', 'YU..L', 'PREFERRED-ODDLOT-SLEEVE', 'NBG.AT', 'SEPT-DEPLOY', 'BABYBOND-SLEEVE', 'AST.WAR', '8750', 'RO-IPO', 'BANKPOND-SLEEVE', 'VERO', 'TAIL-PROGRAM', 'JAPAN-VALUEUP-SLEEVE', 'SPL.WA']: possibly delisted; no price data found  (period=6mo) (Yahoo error = "No data found, symbol may be delisted")
['OTP', 'CRXT', 'KAP']: possibly delisted; no price data found  (period=6mo)

===== 2026-08-11 01:57 (desk) =====
tax_fit: 651 names cached (tau 0.35yr)
  IPW       vol 1847%  tax-opt 217.0%  STRONG
  JTAI      vol 1169%  tax-opt 137.3%  STRONG
  REPL      vol 301%  tax-opt 35.4%  STRONG
  MITI      vol 223%  tax-opt 26.2%  STRONG
  MFP       vol 215%  tax-opt 25.3%  STRONG
  FXPO.L    vol 198%  tax-opt 23.3%  STRONG
  VERU      vol 196%  tax-opt 23.0%  STRONG
  UMAC      vol 176%  tax-opt 20.7%  STRONG
  OPI       vol 150%  tax-opt 17.6%  STRONG
  TRAX      vol 150%  tax-opt 17.6%  STRONG

/Users/ajay/Library/Python/3.9/lib/python/site-packages/urllib3/__init__.py:35: NotOpenSSLWarning: urllib3 v2 only supports OpenSSL 1.1.1+, currently the 'ssl' module is compiled with 'LibreSSL 2.8.3'. See: https://github.com/urllib3/urllib3/issues/3020
  warnings.warn(
HTTP Error 404: {"quoteSummary":{"result":null,"error":{"code":"Not Found","description":"Quote not found for symbol: NBG.AT"}}}
$NBG.AT: possibly delisted; no price data found  (period=6mo) (Yahoo error = "No data found, symbol may be delisted")
HTTP Error 404: {"quoteSummary":{"result":null,"error":{"code":"Not Found","description":"Quote not found for symbol: AI-CREDIT-CHAIN-TAIL"}}}
$PREFERRED-ODDLOT-SLEEVE: possibly delisted; no price data found  (period=6mo) (Yahoo error = "No data found, symbol may be delisted")
$ORDERBOOK-ANOMALY: possibly delisted; no price data found  (period=6mo) (Yahoo error = "No data found, symbol may be delisted")
$AI-CREDIT-CHAIN-TAIL: possibly delisted; no price data found  (period=6mo) (Yahoo error = "No data found, symbol may be delisted")
$UKRAIN-STEPUP-B: possibly delisted; no price data found  (period=6mo) (Yahoo error = "No data found, symbol may be delisted")
$WIE.VIE: possibly delisted; no price data found  (period=6mo) (Yahoo error = "No data found, symbol may be delisted")
$VERO: possibly delisted; no price data found  (period=6mo) (Yahoo error = "No data found, symbol may be delisted")
$BABYBOND-SLEEVE: possibly delisted; no price data found  (period=6mo) (Yahoo error = "No data found, symbol may be delisted")
$5595.T: possibly delisted; no price data found  (period=6mo) (Yahoo error = "No data found, symbol may be delisted")
$AST.WAR: possibly delisted; no price data found  (period=6mo) (Yahoo error = "No data found, symbol may be delisted")
$SACC-NOTES: possibly delisted; no price data found  (period=6mo) (Yahoo error = "No data found, symbol may be delisted")
$BANKPOND-SLEEVE: possibly delisted; no price data found  (period=6mo) (Yahoo error = "No data found, symbol may be delisted")
$VSCO: possibly delisted; no price data found  (period=6mo) (Yahoo error = "No data found, symbol may be delisted")
$RILY-NOTES: possibly delisted; no price data found  (period=6mo) (Yahoo error = "No data found, symbol may be delisted")
$8750: possibly delisted; no price data found  (period=6mo) (Yahoo error = "No data found, symbol may be delisted")
$TAIL-PROGRAM: possibly delisted; no price data found  (period=6mo) (Yahoo error = "No data found, symbol may be delisted")
$RUSSELL-RECON-SLEEVE: possibly delisted; no price data found  (period=6mo) (Yahoo error = "No data found, symbol may be delisted")
$HARRYS-IPO: possibly delisted; no price data found  (period=6mo) (Yahoo error = "No data found, symbol may be delisted")
$RO-IPO: possibly delisted; no price data found  (period=6mo) (Yahoo error = "No data found, symbol may be delisted")
$KAP: possibly delisted; no price data found  (period=6mo)
$BDC-CLUSTER: possibly delisted; no price data found  (period=6mo) (Yahoo error = "No data found, symbol may be delisted")
$SEPT-DEPLOY: possibly delisted; no price data found  (period=6mo) (Yahoo error = "No data found, symbol may be delisted")
$OTP: possibly delisted; no price data found  (period=6mo)
$SPL.WA: possibly delisted; no price data found  (period=6mo) (Yahoo error = "No data found, symbol may be delisted")
$CRXT: possibly delisted; no price data found  (period=6mo)
$AI-CONTAGION-BACKSPREAD: possibly delisted; no price data found  (period=6mo) (Yahoo error = "No data found, symbol may be delisted")
$JAPAN-VALUEUP-SLEEVE: possibly delisted; no price data found  (period=6mo) (Yahoo error = "No data found, symbol may be delisted")
$MFINL: possibly delisted; no price data found  (period=6mo) (Yahoo error = "No data found, symbol may be delisted")
$YU..L: possibly delisted; no price data found  (period=6mo) (Yahoo error = "No data found, symbol may be delisted")
$KALSHI-DIVERGENCE-SLEEVE: possibly delisted; no price data found  (period=6mo) (Yahoo error = "No data found, symbol may be delisted")

30 Failed downloads:
['NBG.AT', 'PREFERRED-ODDLOT-SLEEVE', 'ORDERBOOK-ANOMALY', 'AI-CREDIT-CHAIN-TAIL', 'UKRAIN-STEPUP-B', 'WIE.VIE', 'VERO', 'BABYBOND-SLEEVE', '5595.T', 'AST.WAR', 'SACC-NOTES', 'BANKPOND-SLEEVE', 'VSCO', 'RILY-NOTES', '8750', 'TAIL-PROGRAM', 'RUSSELL-RECON-SLEEVE', 'HARRYS-IPO', 'RO-IPO', 'BDC-CLUSTER', 'SEPT-DEPLOY', 'SPL.WA', 'AI-CONTAGION-BACKSPREAD', 'JAPAN-VALUEUP-SLEEVE', 'MFINL', 'YU..L', 'KALSHI-DIVERGENCE-SLEEVE']: possibly delisted; no price data found  (period=6mo) (Yahoo error = "No data found, symbol may be delisted")
['KAP', 'OTP', 'CRXT']: possibly delisted; no price data found  (period=6mo)

===== 2026-08-12 07:58 (desk) =====
tax_fit: 668 names cached (tau 0.34yr)
  IPW       vol 1847%  tax-opt 216.2%  STRONG
  JTAI      vol 1169%  tax-opt 136.8%  STRONG
  REPL      vol 301%  tax-opt 35.2%  STRONG
  MITI      vol 223%  tax-opt 26.1%  STRONG
  MFP       vol 212%  tax-opt 24.8%  STRONG
  FXPO.L    vol 198%  tax-opt 23.2%  STRONG
  VERU      vol 196%  tax-opt 22.9%  STRONG
  UMAC      vol 174%  tax-opt 20.4%  STRONG
  TRAX      vol 149%  tax-opt 17.5%  STRONG
  WOLF      vol 148%  tax-opt 17.3%  STRONG

/Users/ajay/Library/Python/3.9/lib/python/site-packages/urllib3/__init__.py:35: NotOpenSSLWarning: urllib3 v2 only supports OpenSSL 1.1.1+, currently the 'ssl' module is compiled with 'LibreSSL 2.8.3'. See: https://github.com/urllib3/urllib3/issues/3020
  warnings.warn(
HTTP Error 404: {"quoteSummary":{"result":null,"error":{"code":"Not Found","description":"Quote not found for symbol: BDC-CLUSTER"}}}
$BABYBOND-SLEEVE: possibly delisted; no price data found  (period=6mo) (Yahoo error = "No data found, symbol may be delisted")
HTTP Error 404: {"quoteSummary":{"result":null,"error":{"code":"Not Found","description":"Quote not found for symbol: ORDERBOOK-ANOMALY"}}}
$BDC-CLUSTER: possibly delisted; no price data found  (period=6mo) (Yahoo error = "No data found, symbol may be delisted")
$ORDERBOOK-ANOMALY: possibly delisted; no price data found  (period=6mo) (Yahoo error = "No data found, symbol may be delisted")
$OTP: possibly delisted; no price data found  (period=6mo)
$AST.WAR: possibly delisted; no price data found  (period=6mo) (Yahoo error = "No data found, symbol may be delisted")
$AI-CONTAGION-BACKSPREAD: possibly delisted; no price data found  (period=6mo) (Yahoo error = "No data found, symbol may be delisted")
$WIE.VIE: possibly delisted; no price data found  (period=6mo) (Yahoo error = "No data found, symbol may be delisted")
$KALSHI-DIVERGENCE-SLEEVE: possibly delisted; no price data found  (period=6mo) (Yahoo error = "No data found, symbol may be delisted")
$YU..L: possibly delisted; no price data found  (period=6mo) (Yahoo error = "No data found, symbol may be delisted")
$5595.T: possibly delisted; no price data found  (period=6mo) (Yahoo error = "No data found, symbol may be delisted")
$NBG.AT: possibly delisted; no price data found  (period=6mo) (Yahoo error = "No data found, symbol may be delisted")
$TAIL-PROGRAM: possibly delisted; no price data found  (period=6mo) (Yahoo error = "No data found, symbol may be delisted")
$SACC-NOTES: possibly delisted; no price data found  (period=6mo) (Yahoo error = "No data found, symbol may be delisted")
$RO-IPO: possibly delisted; no price data found  (period=6mo) (Yahoo error = "No data found, symbol may be delisted")
$VERO: possibly delisted; no price data found  (period=6mo) (Yahoo error = "No data found, symbol may be delisted")
$8750: possibly delisted; no price data found  (period=6mo) (Yahoo error = "No data found, symbol may be delisted")
$RILY-NOTES: possibly delisted; no price data found  (period=6mo) (Yahoo error = "No data found, symbol may be delisted")
$BANKPOND-SLEEVE: possibly delisted; no price data found  (period=6mo) (Yahoo error = "No data found, symbol may be delisted")
$JAPAN-VALUEUP-SLEEVE: possibly delisted; no price data found  (period=6mo) (Yahoo error = "No data found, symbol may be delisted")
$SEPT-DEPLOY: possibly delisted; no price data found  (period=6mo) (Yahoo error = "No data found, symbol may be delisted")
$VSCO: possibly delisted; no price data found  (period=6mo) (Yahoo error = "No data found, symbol may be delisted")
$KAP: possibly delisted; no price data found  (period=6mo)
$AI-CREDIT-CHAIN-TAIL: possibly delisted; no price data found  (period=6mo) (Yahoo error = "No data found, symbol may be delisted")
$CRXT: possibly delisted; no price data found  (period=6mo)
$MFINL: possibly delisted; no price data found  (period=6mo) (Yahoo error = "No data found, symbol may be delisted")
$SPL.WA: possibly delisted; no price data found  (period=6mo) (Yahoo error = "No data found, symbol may be delisted")
$HARRYS-IPO: possibly delisted; no price data found  (period=6mo) (Yahoo error = "No data found, symbol may be delisted")
$UKRAIN-STEPUP-B: possibly delisted; no price data found  (period=6mo) (Yahoo error = "No data found, symbol may be delisted")
$PREFERRED-ODDLOT-SLEEVE: possibly delisted; no price data found  (period=6mo) (Yahoo error = "No data found, symbol may be delisted")
$RUSSELL-RECON-SLEEVE: possibly delisted; no price data found  (period=6mo) (Yahoo error = "No data found, symbol may be delisted")

30 Failed downloads:
['BABYBOND-SLEEVE', 'BDC-CLUSTER', 'ORDERBOOK-ANOMALY', 'AST.WAR', 'AI-CONTAGION-BACKSPREAD', 'WIE.VIE', 'KALSHI-DIVERGENCE-SLEEVE', 'YU..L', '5595.T', 'NBG.AT', 'TAIL-PROGRAM', 'SACC-NOTES', 'RO-IPO', 'VERO', '8750', 'RILY-NOTES', 'BANKPOND-SLEEVE', 'JAPAN-VALUEUP-SLEEVE', 'SEPT-DEPLOY', 'VSCO', 'AI-CREDIT-CHAIN-TAIL', 'MFINL', 'SPL.WA', 'HARRYS-IPO', 'UKRAIN-STEPUP-B', 'PREFERRED-ODDLOT-SLEEVE', 'RUSSELL-RECON-SLEEVE']: possibly delisted; no price data found  (period=6mo) (Yahoo error = "No data found, symbol may be delisted")
['OTP', 'KAP', 'CRXT']: possibly delisted; no price data found  (period=6mo)

===== 2026-08-13 09:15 (desk) =====
tax_fit: 667 names cached (tau 0.34yr)
  IPW       vol 1847%  tax-opt 215.3%  STRONG
  JTAI      vol 1168%  tax-opt 136.2%  STRONG
  REPL      vol 296%  tax-opt 34.5%  STRONG
  MITI      vol 223%  tax-opt 26.0%  STRONG
  MFP       vol 208%  tax-opt 24.3%  STRONG
  FXPO.L    vol 198%  tax-opt 23.1%  STRONG
  VERU      vol 196%  tax-opt 22.8%  STRONG
  UMAC      vol 174%  tax-opt 20.3%  STRONG
  TRAX      vol 150%  tax-opt 17.5%  STRONG
  OPI       vol 146%  tax-opt 17.0%  STRONG

/Users/ajay/Library/Python/3.9/lib/python/site-packages/urllib3/__init__.py:35: NotOpenSSLWarning: urllib3 v2 only supports OpenSSL 1.1.1+, currently the 'ssl' module is compiled with 'LibreSSL 2.8.3'. See: https://github.com/urllib3/urllib3/issues/3020
  warnings.warn(
$KAP: possibly delisted; no price data found  (period=6mo)
HTTP Error 404: {"quoteSummary":{"result":null,"error":{"code":"Not Found","description":"Quote not found for symbol: SEPT-DEPLOY"}}}
HTTP Error 404: {"quoteSummary":{"result":null,"error":{"code":"Not Found","description":"Quote not found for symbol: RUSSELL-RECON-SLEEVE"}}}
$SEPT-DEPLOY: possibly delisted; no price data found  (period=6mo) (Yahoo error = "No data found, symbol may be delisted")
$TAIL-PROGRAM: possibly delisted; no price data found  (period=6mo) (Yahoo error = "No data found, symbol may be delisted")
$RUSSELL-RECON-SLEEVE: possibly delisted; no price data found  (period=6mo) (Yahoo error = "No data found, symbol may be delisted")
$5595.T: possibly delisted; no price data found  (period=6mo) (Yahoo error = "No data found, symbol may be delisted")
$MFINL: possibly delisted; no price data found  (period=6mo) (Yahoo error = "No data found, symbol may be delisted")
$VSCO: possibly delisted; no price data found  (period=6mo) (Yahoo error = "No data found, symbol may be delisted")
$JAPAN-VALUEUP-SLEEVE: possibly delisted; no price data found  (period=6mo) (Yahoo error = "No data found, symbol may be delisted")
$KALSHI-DIVERGENCE-SLEEVE: possibly delisted; no price data found  (period=6mo) (Yahoo error = "No data found, symbol may be delisted")
$RILY-NOTES: possibly delisted; no price data found  (period=6mo) (Yahoo error = "No data found, symbol may be delisted")
$AST.WAR: possibly delisted; no price data found  (period=6mo) (Yahoo error = "No data found, symbol may be delisted")
$VERO: possibly delisted; no price data found  (period=6mo) (Yahoo error = "No data found, symbol may be delisted")
$SPL.WA: possibly delisted; no price data found  (period=6mo) (Yahoo error = "No data found, symbol may be delisted")
$PREFERRED-ODDLOT-SLEEVE: possibly delisted; no price data found  (period=6mo) (Yahoo error = "No data found, symbol may be delisted")
$YU..L: possibly delisted; no price data found  (period=6mo) (Yahoo error = "No data found, symbol may be delisted")
$RO-IPO: possibly delisted; no price data found  (period=6mo) (Yahoo error = "No data found, symbol may be delisted")
$BDC-CLUSTER: possibly delisted; no price data found  (period=6mo) (Yahoo error = "No data found, symbol may be delisted")
$WIE.VIE: possibly delisted; no price data found  (period=6mo) (Yahoo error = "No data found, symbol may be delisted")
$SACC-NOTES: possibly delisted; no price data found  (period=6mo) (Yahoo error = "No data found, symbol may be delisted")
$8750: possibly delisted; no price data found  (period=6mo) (Yahoo error = "No data found, symbol may be delisted")
$HARRYS-IPO: possibly delisted; no price data found  (period=6mo) (Yahoo error = "No data found, symbol may be delisted")
$AI-CONTAGION-BACKSPREAD: possibly delisted; no price data found  (period=6mo) (Yahoo error = "No data found, symbol may be delisted")
$CRXT: possibly delisted; no price data found  (period=6mo)
$BABYBOND-SLEEVE: possibly delisted; no price data found  (period=6mo) (Yahoo error = "No data found, symbol may be delisted")
$NBG.AT: possibly delisted; no price data found  (period=6mo) (Yahoo error = "No data found, symbol may be delisted")
$UKRAIN-STEPUP-B: possibly delisted; no price data found  (period=6mo) (Yahoo error = "No data found, symbol may be delisted")
$ORDERBOOK-ANOMALY: possibly delisted; no price data found  (period=6mo) (Yahoo error = "No data found, symbol may be delisted")
$OTP: possibly delisted; no price data found  (period=6mo)
$AI-CREDIT-CHAIN-TAIL: possibly delisted; no price data found  (period=6mo) (Yahoo error = "No data found, symbol may be delisted")
$BANKPOND-SLEEVE: possibly delisted; no price data found  (period=6mo) (Yahoo error = "No data found, symbol may be delisted")

31 Failed downloads:
['KAP', 'CRXT', 'OTP']: possibly delisted; no price data found  (period=6mo)
['SEPT-DEPLOY', 'TAIL-PROGRAM', 'RUSSELL-RECON-SLEEVE', '5595.T', 'MFINL', 'VSCO', 'JAPAN-VALUEUP-SLEEVE', 'KALSHI-DIVERGENCE-SLEEVE', 'RILY-NOTES', 'AST.WAR', 'VERO', 'SPL.WA', 'PREFERRED-ODDLOT-SLEEVE', 'YU..L', 'RO-IPO', 'BDC-CLUSTER', 'WIE.VIE', 'SACC-NOTES', '8750', 'HARRYS-IPO', 'AI-CONTAGION-BACKSPREAD', 'BABYBOND-SLEEVE', 'NBG.AT', 'UKRAIN-STEPUP-B', 'ORDERBOOK-ANOMALY', 'AI-CREDIT-CHAIN-TAIL', 'BANKPOND-SLEEVE']: possibly delisted; no price data found  (period=6mo) (Yahoo error = "No data found, symbol may be delisted")
['ZS']: TypeError("'NoneType' object is not subscriptable")

===== 2026-08-14 10:03 (desk) =====
tax_fit: 676 names cached (tau 0.34yr)
  IPW       vol 1847%  tax-opt 214.4%  STRONG
  JTAI      vol 1169%  tax-opt 135.7%  STRONG
  REPL      vol 295%  tax-opt 34.3%  STRONG
  MITI      vol 219%  tax-opt 25.4%  STRONG
  MFP       vol 206%  tax-opt 23.9%  STRONG
  FXPO.L    vol 198%  tax-opt 23.0%  STRONG
  VERU      vol 195%  tax-opt 22.6%  STRONG
  UMAC      vol 177%  tax-opt 20.5%  STRONG
  INV       vol 155%  tax-opt 18.0%  STRONG
  TRAX      vol 150%  tax-opt 17.4%  STRONG

/Users/ajay/Library/Python/3.9/lib/python/site-packages/urllib3/__init__.py:35: NotOpenSSLWarning: urllib3 v2 only supports OpenSSL 1.1.1+, currently the 'ssl' module is compiled with 'LibreSSL 2.8.3'. See: https://github.com/urllib3/urllib3/issues/3020
  warnings.warn(
$MFINL: possibly delisted; no price data found  (period=6mo) (Yahoo error = "No data found, symbol may be delisted")
HTTP Error 404: {"quoteSummary":{"result":null,"error":{"code":"Not Found","description":"Quote not found for symbol: UKRAIN-STEPUP-B"}}}
$5595.T: possibly delisted; no price data found  (period=6mo) (Yahoo error = "No data found, symbol may be delisted")
$UKRAIN-STEPUP-B: possibly delisted; no price data found  (period=6mo) (Yahoo error = "No data found, symbol may be delisted")
$AST.WAR: possibly delisted; no price data found  (period=6mo) (Yahoo error = "No data found, symbol may be delisted")
$RO-IPO: possibly delisted; no price data found  (period=6mo) (Yahoo error = "No data found, symbol may be delisted")
$RILY-NOTES: possibly delisted; no price data found  (period=6mo) (Yahoo error = "No data found, symbol may be delisted")
$SACC-NOTES: possibly delisted; no price data found  (period=6mo) (Yahoo error = "No data found, symbol may be delisted")
$WIE.VIE: possibly delisted; no price data found  (period=6mo) (Yahoo error = "No data found, symbol may be delisted")
$BDC-CLUSTER: possibly delisted; no price data found  (period=6mo) (Yahoo error = "No data found, symbol may be delisted")
$HARRYS-IPO: possibly delisted; no price data found  (period=6mo) (Yahoo error = "No data found, symbol may be delisted")
$PREFERRED-ODDLOT-SLEEVE: possibly delisted; no price data found  (period=6mo) (Yahoo error = "No data found, symbol may be delisted")
$CRXT: possibly delisted; no price data found  (period=6mo)
$AI-CREDIT-CHAIN-TAIL: possibly delisted; no price data found  (period=6mo) (Yahoo error = "No data found, symbol may be delisted")
$KAP: possibly delisted; no price data found  (period=6mo)
$RUSSELL-RECON-SLEEVE: possibly delisted; no price data found  (period=6mo) (Yahoo error = "No data found, symbol may be delisted")
$VSCO: possibly delisted; no price data found  (period=6mo) (Yahoo error = "No data found, symbol may be delisted")
$SEPT-DEPLOY: possibly delisted; no price data found  (period=6mo) (Yahoo error = "No data found, symbol may be delisted")
$VERO: possibly delisted; no price data found  (period=6mo) (Yahoo error = "No data found, symbol may be delisted")
$BANKPOND-SLEEVE: possibly delisted; no price data found  (period=6mo) (Yahoo error = "No data found, symbol may be delisted")
$BABYBOND-SLEEVE: possibly delisted; no price data found  (period=6mo) (Yahoo error = "No data found, symbol may be delisted")
$OTP: possibly delisted; no price data found  (period=6mo)
$AI-CONTAGION-BACKSPREAD: possibly delisted; no price data found  (period=6mo) (Yahoo error = "No data found, symbol may be delisted")
$NBG.AT: possibly delisted; no price data found  (period=6mo) (Yahoo error = "No data found, symbol may be delisted")
$ORDERBOOK-ANOMALY: possibly delisted; no price data found  (period=6mo) (Yahoo error = "No data found, symbol may be delisted")
$YU..L: possibly delisted; no price data found  (period=6mo) (Yahoo error = "No data found, symbol may be delisted")
$KALSHI-DIVERGENCE-SLEEVE: possibly delisted; no price data found  (period=6mo) (Yahoo error = "No data found, symbol may be delisted")
$8750: possibly delisted; no price data found  (period=6mo) (Yahoo error = "No data found, symbol may be delisted")
$JAPAN-VALUEUP-SLEEVE: possibly delisted; no price data found  (period=6mo) (Yahoo error = "No data found, symbol may be delisted")
$TAIL-PROGRAM: possibly delisted; no price data found  (period=6mo) (Yahoo error = "No data found, symbol may be delisted")
$SPL.WA: possibly delisted; no price data found  (period=6mo) (Yahoo error = "No data found, symbol may be delisted")

30 Failed downloads:
['MFINL', '5595.T', 'UKRAIN-STEPUP-B', 'AST.WAR', 'RO-IPO', 'RILY-NOTES', 'SACC-NOTES', 'WIE.VIE', 'BDC-CLUSTER', 'HARRYS-IPO', 'PREFERRED-ODDLOT-SLEEVE', 'AI-CREDIT-CHAIN-TAIL', 'RUSSELL-RECON-SLEEVE', 'VSCO', 'SEPT-DEPLOY', 'VERO', 'BANKPOND-SLEEVE', 'BABYBOND-SLEEVE', 'AI-CONTAGION-BACKSPREAD', 'NBG.AT', 'ORDERBOOK-ANOMALY', 'YU..L', 'KALSHI-DIVERGENCE-SLEEVE', '8750', 'JAPAN-VALUEUP-SLEEVE', 'TAIL-PROGRAM', 'SPL.WA']: possibly delisted; no price data found  (period=6mo) (Yahoo error = "No data found, symbol may be delisted")
['CRXT', 'KAP', 'OTP']: possibly delisted; no price data found  (period=6mo)

===== 2026-08-17 08:59 (desk) =====
tax_fit: 719 names cached (tau 0.33yr)
  IPW       vol 1847%  tax-opt 211.8%  STRONG
  JTAI      vol 1169%  tax-opt 134.1%  STRONG
  REPL      vol 296%  tax-opt 33.9%  STRONG
  MITI      vol 220%  tax-opt 25.2%  STRONG
  MFP       vol 203%  tax-opt 23.3%  STRONG
  FXPO.L    vol 198%  tax-opt 22.7%  STRONG
  VERU      vol 195%  tax-opt 22.4%  STRONG
  UMAC      vol 179%  tax-opt 20.5%  STRONG
  AXTI      vol 173%  tax-opt 19.9%  STRONG
  INV       vol 156%  tax-opt 17.9%  STRONG

/Users/ajay/Library/Python/3.9/lib/python/site-packages/urllib3/__init__.py:35: NotOpenSSLWarning: urllib3 v2 only supports OpenSSL 1.1.1+, currently the 'ssl' module is compiled with 'LibreSSL 2.8.3'. See: https://github.com/urllib3/urllib3/issues/3020
  warnings.warn(
$OTP: possibly delisted; no price data found  (period=6mo)
HTTP Error 404: {"quoteSummary":{"result":null,"error":{"code":"Not Found","description":"Quote not found for symbol: WIE.VIE"}}}
$WIE.VIE: possibly delisted; no price data found  (period=6mo) (Yahoo error = "No data found, symbol may be delisted")
HTTP Error 404: {"quoteSummary":{"result":null,"error":{"code":"Not Found","description":"Quote not found for symbol: YU..L"}}}
$YU..L: possibly delisted; no price data found  (period=6mo) (Yahoo error = "No data found, symbol may be delisted")
$KALSHI-DIVERGENCE-SLEEVE: possibly delisted; no price data found  (period=6mo) (Yahoo error = "No data found, symbol may be delisted")
$RO-IPO: possibly delisted; no price data found  (period=6mo) (Yahoo error = "No data found, symbol may be delisted")
$SPL.WA: possibly delisted; no price data found  (period=6mo) (Yahoo error = "No data found, symbol may be delisted")
$AI-CONTAGION-BACKSPREAD: possibly delisted; no price data found  (period=6mo) (Yahoo error = "No data found, symbol may be delisted")
$BANKPOND-SLEEVE: possibly delisted; no price data found  (period=6mo) (Yahoo error = "No data found, symbol may be delisted")
$UKRAIN-STEPUP-B: possibly delisted; no price data found  (period=6mo) (Yahoo error = "No data found, symbol may be delisted")
$BABYBOND-SLEEVE: possibly delisted; no price data found  (period=6mo) (Yahoo error = "No data found, symbol may be delisted")
$SEPT-DEPLOY: possibly delisted; no price data found  (period=6mo) (Yahoo error = "No data found, symbol may be delisted")
$VSCO: possibly delisted; no price data found  (period=6mo) (Yahoo error = "No data found, symbol may be delisted")
$KAP: possibly delisted; no price data found  (period=6mo)
$AST.WAR: possibly delisted; no price data found  (period=6mo) (Yahoo error = "No data found, symbol may be delisted")
$TAIL-PROGRAM: possibly delisted; no price data found  (period=6mo) (Yahoo error = "No data found, symbol may be delisted")
$MFINL: possibly delisted; no price data found  (period=6mo) (Yahoo error = "No data found, symbol may be delisted")
$AI-CREDIT-CHAIN-TAIL: possibly delisted; no price data found  (period=6mo) (Yahoo error = "No data found, symbol may be delisted")
$5595.T: possibly delisted; no price data found  (period=6mo) (Yahoo error = "No data found, symbol may be delisted")
$SACC-NOTES: possibly delisted; no price data found  (period=6mo) (Yahoo error = "No data found, symbol may be delisted")
$RILY-NOTES: possibly delisted; no price data found  (period=6mo) (Yahoo error = "No data found, symbol may be delisted")
$JAPAN-VALUEUP-SLEEVE: possibly delisted; no price data found  (period=6mo) (Yahoo error = "No data found, symbol may be delisted")
$CRXT: possibly delisted; no price data found  (period=6mo)
$VERO: possibly delisted; no price data found  (period=6mo) (Yahoo error = "No data found, symbol may be delisted")
$HARRYS-IPO: possibly delisted; no price data found  (period=6mo) (Yahoo error = "No data found, symbol may be delisted")
$PREFERRED-ODDLOT-SLEEVE: possibly delisted; no price data found  (period=6mo) (Yahoo error = "No data found, symbol may be delisted")
$8750: possibly delisted; no price data found  (period=6mo) (Yahoo error = "No data found, symbol may be delisted")
$RUSSELL-RECON-SLEEVE: possibly delisted; no price data found  (period=6mo) (Yahoo error = "No data found, symbol may be delisted")
$ORDERBOOK-ANOMALY: possibly delisted; no price data found  (period=6mo) (Yahoo error = "No data found, symbol may be delisted")
$NBG.AT: possibly delisted; no price data found  (period=6mo) (Yahoo error = "No data found, symbol may be delisted")
$BDC-CLUSTER: possibly delisted; no price data found  (period=6mo) (Yahoo error = "No data found, symbol may be delisted")

30 Failed downloads:
['OTP', 'KAP', 'CRXT']: possibly delisted; no price data found  (period=6mo)
['WIE.VIE', 'YU..L', 'KALSHI-DIVERGENCE-SLEEVE', 'RO-IPO', 'SPL.WA', 'AI-CONTAGION-BACKSPREAD', 'BANKPOND-SLEEVE', 'UKRAIN-STEPUP-B', 'BABYBOND-SLEEVE', 'SEPT-DEPLOY', 'VSCO', 'AST.WAR', 'TAIL-PROGRAM', 'MFINL', 'AI-CREDIT-CHAIN-TAIL', '5595.T', 'SACC-NOTES', 'RILY-NOTES', 'JAPAN-VALUEUP-SLEEVE', 'VERO', 'HARRYS-IPO', 'PREFERRED-ODDLOT-SLEEVE', '8750', 'RUSSELL-RECON-SLEEVE', 'ORDERBOOK-ANOMALY', 'NBG.AT', 'BDC-CLUSTER']: possibly delisted; no price data found  (period=6mo) (Yahoo error = "No data found, symbol may be delisted")

===== 2026-08-18 09:51 (desk) =====
tax_fit: 750 names cached (tau 0.33yr)
  IPW       vol 1847%  tax-opt 210.9%  STRONG
  JTAI      vol 1169%  tax-opt 133.5%  STRONG
  REPL      vol 295%  tax-opt 33.7%  STRONG
  MITI      vol 221%  tax-opt 25.2%  STRONG
  MFP       vol 200%  tax-opt 22.8%  STRONG
  VERU      vol 195%  tax-opt 22.3%  STRONG
  UMAC      vol 178%  tax-opt 20.4%  STRONG
  AXTI      vol 174%  tax-opt 19.9%  STRONG
  INV       vol 154%  tax-opt 17.6%  STRONG
  WYFI      vol 149%  tax-opt 17.1%  STRONG

/Users/ajay/Library/Python/3.9/lib/python/site-packages/urllib3/__init__.py:35: NotOpenSSLWarning: urllib3 v2 only supports OpenSSL 1.1.1+, currently the 'ssl' module is compiled with 'LibreSSL 2.8.3'. See: https://github.com/urllib3/urllib3/issues/3020
  warnings.warn(
HTTP Error 404: {"quoteSummary":{"result":null,"error":{"code":"Not Found","description":"Quote not found for symbol: WIE.VIE"}}}
$WIE.VIE: possibly delisted; no price data found  (period=6mo) (Yahoo error = "No data found, symbol may be delisted")
HTTP Error 404: {"quoteSummary":{"result":null,"error":{"code":"Not Found","description":"Quote not found for symbol: AI-CREDIT-CHAIN-TAIL"}}}
$8750: possibly delisted; no price data found  (period=6mo) (Yahoo error = "No data found, symbol may be delisted")
$NBG.AT: possibly delisted; no price data found  (period=6mo) (Yahoo error = "No data found, symbol may be delisted")
$AI-CREDIT-CHAIN-TAIL: possibly delisted; no price data found  (period=6mo) (Yahoo error = "No data found, symbol may be delisted")
$MFINL: possibly delisted; no price data found  (period=6mo) (Yahoo error = "No data found, symbol may be delisted")
$BANKPOND-SLEEVE: possibly delisted; no price data found  (period=6mo) (Yahoo error = "No data found, symbol may be delisted")
$RO-IPO: possibly delisted; no price data found  (period=6mo) (Yahoo error = "No data found, symbol may be delisted")
$BABYBOND-SLEEVE: possibly delisted; no price data found  (period=6mo) (Yahoo error = "No data found, symbol may be delisted")
$JAPAN-VALUEUP-SLEEVE: possibly delisted; no price data found  (period=6mo) (Yahoo error = "No data found, symbol may be delisted")
$AI-CONTAGION-BACKSPREAD: possibly delisted; no price data found  (period=6mo) (Yahoo error = "No data found, symbol may be delisted")
$HARRYS-IPO: possibly delisted; no price data found  (period=6mo) (Yahoo error = "No data found, symbol may be delisted")
$CRXT: possibly delisted; no price data found  (period=6mo)
$RILY-NOTES: possibly delisted; no price data found  (period=6mo) (Yahoo error = "No data found, symbol may be delisted")
$AST.WAR: possibly delisted; no price data found  (period=6mo) (Yahoo error = "No data found, symbol may be delisted")
$OTP: possibly delisted; no price data found  (period=6mo)
$5595.T: possibly delisted; no price data found  (period=6mo) (Yahoo error = "No data found, symbol may be delisted")
$TAIL-PROGRAM: possibly delisted; no price data found  (period=6mo) (Yahoo error = "No data found, symbol may be delisted")
$UKRAIN-STEPUP-B: possibly delisted; no price data found  (period=6mo) (Yahoo error = "No data found, symbol may be delisted")
$RUSSELL-RECON-SLEEVE: possibly delisted; no price data found  (period=6mo) (Yahoo error = "No data found, symbol may be delisted")
$W5_ST: possibly delisted; no price data found  (period=6mo) (Yahoo error = "No data found, symbol may be delisted")
$SPL.WA: possibly delisted; no price data found  (period=6mo) (Yahoo error = "No data found, symbol may be delisted")
$ORDERBOOK-ANOMALY: possibly delisted; no price data found  (period=6mo) (Yahoo error = "No data found, symbol may be delisted")
$BDC-CLUSTER: possibly delisted; no price data found  (period=6mo) (Yahoo error = "No data found, symbol may be delisted")
$VSCO: possibly delisted; no price data found  (period=6mo) (Yahoo error = "No data found, symbol may be delisted")
$VERO: possibly delisted; no price data found  (period=6mo) (Yahoo error = "No data found, symbol may be delisted")
$KALSHI-DIVERGENCE-SLEEVE: possibly delisted; no price data found  (period=6mo) (Yahoo error = "No data found, symbol may be delisted")
$YU..L: possibly delisted; no price data found  (period=6mo) (Yahoo error = "No data found, symbol may be delisted")
$KAP: possibly delisted; no price data found  (period=6mo)
$SACC-NOTES: possibly delisted; no price data found  (period=6mo) (Yahoo error = "No data found, symbol may be delisted")
$SEPT-DEPLOY: possibly delisted; no price data found  (period=6mo) (Yahoo error = "No data found, symbol may be delisted")
$PREFERRED-ODDLOT-SLEEVE: possibly delisted; no price data found  (period=6mo) (Yahoo error = "No data found, symbol may be delisted")

31 Failed downloads:
['WIE.VIE', '8750', 'NBG.AT', 'AI-CREDIT-CHAIN-TAIL', 'MFINL', 'BANKPOND-SLEEVE', 'RO-IPO', 'BABYBOND-SLEEVE', 'JAPAN-VALUEUP-SLEEVE', 'AI-CONTAGION-BACKSPREAD', 'HARRYS-IPO', 'RILY-NOTES', 'AST.WAR', '5595.T', 'TAIL-PROGRAM', 'UKRAIN-STEPUP-B', 'RUSSELL-RECON-SLEEVE', 'W5_ST', 'SPL.WA', 'ORDERBOOK-ANOMALY', 'BDC-CLUSTER', 'VSCO', 'VERO', 'KALSHI-DIVERGENCE-SLEEVE', 'YU..L', 'SACC-NOTES', 'SEPT-DEPLOY', 'PREFERRED-ODDLOT-SLEEVE']: possibly delisted; no price data found  (period=6mo) (Yahoo error = "No data found, symbol may be delisted")
['CRXT', 'OTP', 'KAP']: possibly delisted; no price data found  (period=6mo)

===== 2026-08-19 10:50 (desk) =====
tax_fit: 763 names cached (tau 0.32yr)
  IPW       vol 1847%  tax-opt 210.0%  STRONG
  JTAI      vol 1169%  tax-opt 132.9%  STRONG
  REPL      vol 295%  tax-opt 33.5%  STRONG
  MITI      vol 217%  tax-opt 24.6%  STRONG
  MFP       vol 198%  tax-opt 22.5%  STRONG
  VERU      vol 195%  tax-opt 22.2%  STRONG
  UMAC      vol 178%  tax-opt 20.3%  STRONG
  AXTI      vol 175%  tax-opt 19.9%  STRONG
  WYFI      vol 158%  tax-opt 18.0%  STRONG
  INV       vol 156%  tax-opt 17.8%  STRONG

/Users/ajay/Library/Python/3.9/lib/python/site-packages/urllib3/__init__.py:35: NotOpenSSLWarning: urllib3 v2 only supports OpenSSL 1.1.1+, currently the 'ssl' module is compiled with 'LibreSSL 2.8.3'. See: https://github.com/urllib3/urllib3/issues/3020
  warnings.warn(
HTTP Error 404: {"quoteSummary":{"result":null,"error":{"code":"Not Found","description":"Quote not found for symbol: YU..L"}}}
HTTP Error 404: {"quoteSummary":{"result":null,"error":{"code":"Not Found","description":"Quote not found for symbol: NBG.AT"}}}
$YU..L: possibly delisted; no price data found  (period=6mo) (Yahoo error = "No data found, symbol may be delisted")
$CRXT: possibly delisted; no price data found  (period=6mo)
$NBG.AT: possibly delisted; no price data found  (period=6mo) (Yahoo error = "No data found, symbol may be delisted")
$RO-IPO: possibly delisted; no price data found  (period=6mo) (Yahoo error = "No data found, symbol may be delisted")
$SPL.WA: possibly delisted; no price data found  (period=6mo) (Yahoo error = "No data found, symbol may be delisted")
$8750: possibly delisted; no price data found  (period=6mo) (Yahoo error = "No data found, symbol may be delisted")
$W5_ST: possibly delisted; no price data found  (period=6mo) (Yahoo error = "No data found, symbol may be delisted")
$JAPAN-VALUEUP-SLEEVE: possibly delisted; no price data found  (period=6mo) (Yahoo error = "No data found, symbol may be delisted")
$VSCO: possibly delisted; no price data found  (period=6mo) (Yahoo error = "No data found, symbol may be delisted")
$BABYBOND-SLEEVE: possibly delisted; no price data found  (period=6mo) (Yahoo error = "No data found, symbol may be delisted")
$AST.WAR: possibly delisted; no price data found  (period=6mo) (Yahoo error = "No data found, symbol may be delisted")
$VERO: possibly delisted; no price data found  (period=6mo) (Yahoo error = "No data found, symbol may be delisted")
$TAIL-PROGRAM: possibly delisted; no price data found  (period=6mo) (Yahoo error = "No data found, symbol may be delisted")
$KAP: possibly delisted; no price data found  (period=6mo)
$SACC-NOTES: possibly delisted; no price data found  (period=6mo) (Yahoo error = "No data found, symbol may be delisted")
$SEPT-DEPLOY: possibly delisted; no price data found  (period=6mo) (Yahoo error = "No data found, symbol may be delisted")
$PREFERRED-ODDLOT-SLEEVE: possibly delisted; no price data found  (period=6mo) (Yahoo error = "No data found, symbol may be delisted")
$WIE.VIE: possibly delisted; no price data found  (period=6mo) (Yahoo error = "No data found, symbol may be delisted")
$ORDERBOOK-ANOMALY: possibly delisted; no price data found  (period=6mo) (Yahoo error = "No data found, symbol may be delisted")
$AI-CONTAGION-BACKSPREAD: possibly delisted; no price data found  (period=6mo) (Yahoo error = "No data found, symbol may be delisted")
$BDC-CLUSTER: possibly delisted; no price data found  (period=6mo) (Yahoo error = "No data found, symbol may be delisted")
$HARRYS-IPO: possibly delisted; no price data found  (period=6mo) (Yahoo error = "No data found, symbol may be delisted")
$KALSHI-DIVERGENCE-SLEEVE: possibly delisted; no price data found  (period=6mo) (Yahoo error = "No data found, symbol may be delisted")
$MFINL: possibly delisted; no price data found  (period=6mo) (Yahoo error = "No data found, symbol may be delisted")
$BANKPOND-SLEEVE: possibly delisted; no price data found  (period=6mo) (Yahoo error = "No data found, symbol may be delisted")
$RILY-NOTES: possibly delisted; no price data found  (period=6mo) (Yahoo error = "No data found, symbol may be delisted")
$OTP: possibly delisted; no price data found  (period=6mo)
$AI-CREDIT-CHAIN-TAIL: possibly delisted; no price data found  (period=6mo) (Yahoo error = "No data found, symbol may be delisted")
$UKRAIN-STEPUP-B: possibly delisted; no price data found  (period=6mo) (Yahoo error = "No data found, symbol may be delisted")
$RUSSELL-RECON-SLEEVE: possibly delisted; no price data found  (period=6mo) (Yahoo error = "No data found, symbol may be delisted")
$5595.T: possibly delisted; no price data found  (period=6mo) (Yahoo error = "No data found, symbol may be delisted")

31 Failed downloads:
['YU..L', 'NBG.AT', 'RO-IPO', 'SPL.WA', '8750', 'W5_ST', 'JAPAN-VALUEUP-SLEEVE', 'VSCO', 'BABYBOND-SLEEVE', 'AST.WAR', 'VERO', 'TAIL-PROGRAM', 'SACC-NOTES', 'SEPT-DEPLOY', 'PREFERRED-ODDLOT-SLEEVE', 'WIE.VIE', 'ORDERBOOK-ANOMALY', 'AI-CONTAGION-BACKSPREAD', 'BDC-CLUSTER', 'HARRYS-IPO', 'KALSHI-DIVERGENCE-SLEEVE', 'MFINL', 'BANKPOND-SLEEVE', 'RILY-NOTES', 'AI-CREDIT-CHAIN-TAIL', 'UKRAIN-STEPUP-B', 'RUSSELL-RECON-SLEEVE', '5595.T']: possibly delisted; no price data found  (period=6mo) (Yahoo error = "No data found, symbol may be delisted")
['CRXT', 'KAP', 'OTP']: possibly delisted; no price data found  (period=6mo)

===== 2026-08-20 11:58 (desk) =====
tax_fit: 763 names cached (tau 0.32yr)
  IPW       vol 1847%  tax-opt 209.1%  STRONG
  JTAI      vol 1169%  tax-opt 132.4%  STRONG
  REPL      vol 295%  tax-opt 33.4%  STRONG
  MITI      vol 226%  tax-opt 25.6%  STRONG
  MFP       vol 196%  tax-opt 22.2%  STRONG
  VERU      vol 195%  tax-opt 22.1%  STRONG
  UMAC      vol 180%  tax-opt 20.4%  STRONG
  AXTI      vol 175%  tax-opt 19.8%  STRONG
  INV       vol 158%  tax-opt 17.9%  STRONG
  WYFI      vol 155%  tax-opt 17.5%  STRONG

/Users/ajay/Library/Python/3.9/lib/python/site-packages/urllib3/__init__.py:35: NotOpenSSLWarning: urllib3 v2 only supports OpenSSL 1.1.1+, currently the 'ssl' module is compiled with 'LibreSSL 2.8.3'. See: https://github.com/urllib3/urllib3/issues/3020
  warnings.warn(
$VSCO: possibly delisted; no price data found  (period=6mo) (Yahoo error = "No data found, symbol may be delisted")
HTTP Error 404: {"quoteSummary":{"result":null,"error":{"code":"Not Found","description":"Quote not found for symbol: HARRYS-IPO"}}}
$HARRYS-IPO: possibly delisted; no price data found  (period=6mo) (Yahoo error = "No data found, symbol may be delisted")
HTTP Error 404: {"quoteSummary":{"result":null,"error":{"code":"Not Found","description":"Quote not found for symbol: NBG.AT"}}}
$WIE.VIE: possibly delisted; no price data found  (period=6mo) (Yahoo error = "No data found, symbol may be delisted")
$AST.WAR: possibly delisted; no price data found  (period=6mo) (Yahoo error = "No data found, symbol may be delisted")
$NBG.AT: possibly delisted; no price data found  (period=6mo) (Yahoo error = "No data found, symbol may be delisted")
$JAPAN-VALUEUP-SLEEVE: possibly delisted; no price data found  (period=6mo) (Yahoo error = "No data found, symbol may be delisted")
$BDC-CLUSTER: possibly delisted; no price data found  (period=6mo) (Yahoo error = "No data found, symbol may be delisted")
$CRXT: possibly delisted; no price data found  (period=6mo)
$8750: possibly delisted; no price data found  (period=6mo) (Yahoo error = "No data found, symbol may be delisted")
$TAIL-PROGRAM: possibly delisted; no price data found  (period=6mo) (Yahoo error = "No data found, symbol may be delisted")
$KAP: possibly delisted; no price data found  (period=6mo)
$PREFERRED-ODDLOT-SLEEVE: possibly delisted; no price data found  (period=6mo) (Yahoo error = "No data found, symbol may be delisted")
$VERO: possibly delisted; no price data found  (period=6mo) (Yahoo error = "No data found, symbol may be delisted")
$5595.T: possibly delisted; no price data found  (period=6mo) (Yahoo error = "No data found, symbol may be delisted")
$SPL.WA: possibly delisted; no price data found  (period=6mo) (Yahoo error = "No data found, symbol may be delisted")
$AI-CONTAGION-BACKSPREAD: possibly delisted; no price data found  (period=6mo) (Yahoo error = "No data found, symbol may be delisted")
$RUSSELL-RECON-SLEEVE: possibly delisted; no price data found  (period=6mo) (Yahoo error = "No data found, symbol may be delisted")
$OTP: possibly delisted; no price data found  (period=6mo)
$SACC-NOTES: possibly delisted; no price data found  (period=6mo) (Yahoo error = "No data found, symbol may be delisted")
$AI-CREDIT-CHAIN-TAIL: possibly delisted; no price data found  (period=6mo) (Yahoo error = "No data found, symbol may be delisted")
$BABYBOND-SLEEVE: possibly delisted; no price data found  (period=6mo) (Yahoo error = "No data found, symbol may be delisted")
$ORDERBOOK-ANOMALY: possibly delisted; no price data found  (period=6mo) (Yahoo error = "No data found, symbol may be delisted")
$RILY-NOTES: possibly delisted; no price data found  (period=6mo) (Yahoo error = "No data found, symbol may be delisted")
$UKRAIN-STEPUP-B: possibly delisted; no price data found  (period=6mo) (Yahoo error = "No data found, symbol may be delisted")
$W5_ST: possibly delisted; no price data found  (period=6mo) (Yahoo error = "No data found, symbol may be delisted")
$MFINL: possibly delisted; no price data found  (period=6mo) (Yahoo error = "No data found, symbol may be delisted")
$YU..L: possibly delisted; no price data found  (period=6mo) (Yahoo error = "No data found, symbol may be delisted")
$BANKPOND-SLEEVE: possibly delisted; no price data found  (period=6mo) (Yahoo error = "No data found, symbol may be delisted")
$KALSHI-DIVERGENCE-SLEEVE: possibly delisted; no price data found  (period=6mo) (Yahoo error = "No data found, symbol may be delisted")
$RO-IPO: possibly delisted; no price data found  (period=6mo) (Yahoo error = "No data found, symbol may be delisted")
$SEPT-DEPLOY: possibly delisted; no price data found  (period=6mo) (Yahoo error = "No data found, symbol may be delisted")

31 Failed downloads:
['VSCO', 'HARRYS-IPO', 'WIE.VIE', 'AST.WAR', 'NBG.AT', 'JAPAN-VALUEUP-SLEEVE', 'BDC-CLUSTER', '8750', 'TAIL-PROGRAM', 'PREFERRED-ODDLOT-SLEEVE', 'VERO', '5595.T', 'SPL.WA', 'AI-CONTAGION-BACKSPREAD', 'RUSSELL-RECON-SLEEVE', 'SACC-NOTES', 'AI-CREDIT-CHAIN-TAIL', 'BABYBOND-SLEEVE', 'ORDERBOOK-ANOMALY', 'RILY-NOTES', 'UKRAIN-STEPUP-B', 'W5_ST', 'MFINL', 'YU..L', 'BANKPOND-SLEEVE', 'KALSHI-DIVERGENCE-SLEEVE', 'RO-IPO', 'SEPT-DEPLOY']: possibly delisted; no price data found  (period=6mo) (Yahoo error = "No data found, symbol may be delisted")
['CRXT', 'KAP', 'OTP']: possibly delisted; no price data found  (period=6mo)

===== 2026-08-21 12:55 (desk) =====
tax_fit: 775 names cached (tau 0.32yr)
  IPW       vol 2635%  tax-opt 297.1%  STRONG
  JTAI      vol 1170%  tax-opt 131.9%  STRONG
  REPL      vol 295%  tax-opt 33.3%  STRONG
  MITI      vol 227%  tax-opt 25.6%  STRONG
  VERU      vol 195%  tax-opt 22.0%  STRONG
  MFP       vol 192%  tax-opt 21.6%  STRONG
  UMAC      vol 180%  tax-opt 20.3%  STRONG
  AXTI      vol 172%  tax-opt 19.4%  STRONG
  INV       vol 157%  tax-opt 17.7%  STRONG
  TRAX      vol 148%  tax-opt 16.7%  STRONG

/Users/ajay/Library/Python/3.9/lib/python/site-packages/urllib3/__init__.py:35: NotOpenSSLWarning: urllib3 v2 only supports OpenSSL 1.1.1+, currently the 'ssl' module is compiled with 'LibreSSL 2.8.3'. See: https://github.com/urllib3/urllib3/issues/3020
  warnings.warn(
HTTP Error 404: {"quoteSummary":{"result":null,"error":{"code":"Not Found","description":"Quote not found for symbol: AST.WAR"}}}
HTTP Error 404: {"quoteSummary":{"result":null,"error":{"code":"Not Found","description":"Quote not found for symbol: SACC-NOTES"}}}
$SACC-NOTES: possibly delisted; no price data found  (period=6mo) (Yahoo error = "No data found, symbol may be delisted")
$AST.WAR: possibly delisted; no price data found  (period=6mo) (Yahoo error = "No data found, symbol may be delisted")
$PREFERRED-ODDLOT-SLEEVE: possibly delisted; no price data found  (period=6mo) (Yahoo error = "No data found, symbol may be delisted")
$MFINL: possibly delisted; no price data found  (period=6mo) (Yahoo error = "No data found, symbol may be delisted")
$HARRYS-IPO: possibly delisted; no price data found  (period=6mo) (Yahoo error = "No data found, symbol may be delisted")
$W5_ST: possibly delisted; no price data found  (period=6mo) (Yahoo error = "No data found, symbol may be delisted")
$5595.T: possibly delisted; no price data found  (period=6mo) (Yahoo error = "No data found, symbol may be delisted")
$BANKPOND-SLEEVE: possibly delisted; no price data found  (period=6mo) (Yahoo error = "No data found, symbol may be delisted")
$WIE.VIE: possibly delisted; no price data found  (period=6mo) (Yahoo error = "No data found, symbol may be delisted")
$AI-CONTAGION-BACKSPREAD: possibly delisted; no price data found  (period=6mo) (Yahoo error = "No data found, symbol may be delisted")
$YU..L: possibly delisted; no price data found  (period=6mo) (Yahoo error = "No data found, symbol may be delisted")
$AI-CREDIT-CHAIN-TAIL: possibly delisted; no price data found  (period=6mo) (Yahoo error = "No data found, symbol may be delisted")
$VSCO: possibly delisted; no price data found  (period=6mo) (Yahoo error = "No data found, symbol may be delisted")
$NBG.AT: possibly delisted; no price data found  (period=6mo) (Yahoo error = "No data found, symbol may be delisted")
$KAP: possibly delisted; no price data found  (period=6mo)
$BDC-CLUSTER: possibly delisted; no price data found  (period=6mo) (Yahoo error = "No data found, symbol may be delisted")
$UKRAIN-STEPUP-B: possibly delisted; no price data found  (period=6mo) (Yahoo error = "No data found, symbol may be delisted")
$CRXT: possibly delisted; no price data found  (period=6mo)
$OTP: possibly delisted; no price data found  (period=6mo)
$RILY-NOTES: possibly delisted; no price data found  (period=6mo) (Yahoo error = "No data found, symbol may be delisted")
$KALSHI-DIVERGENCE-SLEEVE: possibly delisted; no price data found  (period=6mo) (Yahoo error = "No data found, symbol may be delisted")
$JAPAN-VALUEUP-SLEEVE: possibly delisted; no price data found  (period=6mo) (Yahoo error = "No data found, symbol may be delisted")
$SPL.WA: possibly delisted; no price data found  (period=6mo) (Yahoo error = "No data found, symbol may be delisted")
$TAIL-PROGRAM: possibly delisted; no price data found  (period=6mo) (Yahoo error = "No data found, symbol may be delisted")
$VERO: possibly delisted; no price data found  (period=6mo) (Yahoo error = "No data found, symbol may be delisted")
$RUSSELL-RECON-SLEEVE: possibly delisted; no price data found  (period=6mo) (Yahoo error = "No data found, symbol may be delisted")
$ORDERBOOK-ANOMALY: possibly delisted; no price data found  (period=6mo) (Yahoo error = "No data found, symbol may be delisted")
$BABYBOND-SLEEVE: possibly delisted; no price data found  (period=6mo) (Yahoo error = "No data found, symbol may be delisted")
$SEPT-DEPLOY: possibly delisted; no price data found  (period=6mo) (Yahoo error = "No data found, symbol may be delisted")
$RO-IPO: possibly delisted; no price data found  (period=6mo) (Yahoo error = "No data found, symbol may be delisted")
$8750: possibly delisted; no price data found  (period=6mo) (Yahoo error = "No data found, symbol may be delisted")

31 Failed downloads:
['SACC-NOTES', 'AST.WAR', 'PREFERRED-ODDLOT-SLEEVE', 'MFINL', 'HARRYS-IPO', 'W5_ST', '5595.T', 'BANKPOND-SLEEVE', 'WIE.VIE', 'AI-CONTAGION-BACKSPREAD', 'YU..L', 'AI-CREDIT-CHAIN-TAIL', 'VSCO', 'NBG.AT', 'BDC-CLUSTER', 'UKRAIN-STEPUP-B', 'RILY-NOTES', 'KALSHI-DIVERGENCE-SLEEVE', 'JAPAN-VALUEUP-SLEEVE', 'SPL.WA', 'TAIL-PROGRAM', 'VERO', 'RUSSELL-RECON-SLEEVE', 'ORDERBOOK-ANOMALY', 'BABYBOND-SLEEVE', 'SEPT-DEPLOY', 'RO-IPO', '8750']: possibly delisted; no price data found  (period=6mo) (Yahoo error = "No data found, symbol may be delisted")
['KAP', 'CRXT', 'OTP']: possibly delisted; no price data found  (period=6mo)

===== 2026-08-24 01:58 (desk) =====
tax_fit: 800 names cached (tau 0.31yr)
  IPW       vol 2635%  tax-opt 293.2%  STRONG
  JTAI      vol 1170%  tax-opt 130.1%  STRONG
  REPL      vol 295%  tax-opt 32.9%  STRONG
  MITI      vol 230%  tax-opt 25.6%  STRONG
  VERU      vol 195%  tax-opt 21.7%  STRONG
  MFP       vol 192%  tax-opt 21.3%  STRONG
  UMAC      vol 180%  tax-opt 20.0%  STRONG
  AXTI      vol 172%  tax-opt 19.1%  STRONG
  INV       vol 157%  tax-opt 17.5%  STRONG
  BIOA      vol 150%  tax-opt 16.7%  STRONG

/Users/ajay/Library/Python/3.9/lib/python/site-packages/urllib3/__init__.py:35: NotOpenSSLWarning: urllib3 v2 only supports OpenSSL 1.1.1+, currently the 'ssl' module is compiled with 'LibreSSL 2.8.3'. See: https://github.com/urllib3/urllib3/issues/3020
  warnings.warn(
HTTP Error 404: {"quoteSummary":{"result":null,"error":{"code":"Not Found","description":"Quote not found for symbol: BANKPOND-SLEEVE"}}}
HTTP Error 404: {"quoteSummary":{"result":null,"error":{"code":"Not Found","description":"Quote not found for symbol: 8750"}}}
$BANKPOND-SLEEVE: possibly delisted; no price data found  (period=6mo) (Yahoo error = "No data found, symbol may be delisted")
$8750: possibly delisted; no price data found  (period=6mo) (Yahoo error = "No data found, symbol may be delisted")
$SPL.WA: possibly delisted; no price data found  (period=6mo) (Yahoo error = "No data found, symbol may be delisted")
$RUSSELL-RECON-SLEEVE: possibly delisted; no price data found  (period=6mo) (Yahoo error = "No data found, symbol may be delisted")
$YU..L: possibly delisted; no price data found  (period=6mo) (Yahoo error = "No data found, symbol may be delisted")
$5595.T: possibly delisted; no price data found  (period=6mo) (Yahoo error = "No data found, symbol may be delisted")
$UKRAIN-STEPUP-B: possibly delisted; no price data found  (period=6mo) (Yahoo error = "No data found, symbol may be delisted")
$RILY-NOTES: possibly delisted; no price data found  (period=6mo) (Yahoo error = "No data found, symbol may be delisted")
$TAIL-PROGRAM: possibly delisted; no price data found  (period=6mo) (Yahoo error = "No data found, symbol may be delisted")
$CRXT: possibly delisted; no price data found  (period=6mo)
$KAP: possibly delisted; no price data found  (period=6mo)
$SACC-NOTES: possibly delisted; no price data found  (period=6mo) (Yahoo error = "No data found, symbol may be delisted")
$OTP: possibly delisted; no price data found  (period=6mo)
$RO-IPO: possibly delisted; no price data found  (period=6mo) (Yahoo error = "No data found, symbol may be delisted")
$PREFERRED-ODDLOT-SLEEVE: possibly delisted; no price data found  (period=6mo) (Yahoo error = "No data found, symbol may be delisted")
$HARRYS-IPO: possibly delisted; no price data found  (period=6mo) (Yahoo error = "No data found, symbol may be delisted")
$AI-CREDIT-CHAIN-TAIL: possibly delisted; no price data found  (period=6mo) (Yahoo error = "No data found, symbol may be delisted")
$NBG.AT: possibly delisted; no price data found  (period=6mo) (Yahoo error = "No data found, symbol may be delisted")
$ORDERBOOK-ANOMALY: possibly delisted; no price data found  (period=6mo) (Yahoo error = "No data found, symbol may be delisted")
$SEPT-DEPLOY: possibly delisted; no price data found  (period=6mo) (Yahoo error = "No data found, symbol may be delisted")
$AI-CONTAGION-BACKSPREAD: possibly delisted; no price data found  (period=6mo) (Yahoo error = "No data found, symbol may be delisted")
$VSCO: possibly delisted; no price data found  (period=6mo) (Yahoo error = "No data found, symbol may be delisted")
$KALSHI-DIVERGENCE-SLEEVE: possibly delisted; no price data found  (period=6mo) (Yahoo error = "No data found, symbol may be delisted")
$AST.WAR: possibly delisted; no price data found  (period=6mo) (Yahoo error = "No data found, symbol may be delisted")
$BABYBOND-SLEEVE: possibly delisted; no price data found  (period=6mo) (Yahoo error = "No data found, symbol may be delisted")
$VERO: possibly delisted; no price data found  (period=6mo) (Yahoo error = "No data found, symbol may be delisted")
$MFINL: possibly delisted; no price data found  (period=6mo) (Yahoo error = "No data found, symbol may be delisted")
$BDC-CLUSTER: possibly delisted; no price data found  (period=6mo) (Yahoo error = "No data found, symbol may be delisted")
$WIE.VIE: possibly delisted; no price data found  (period=6mo) (Yahoo error = "No data found, symbol may be delisted")
$W5_ST: possibly delisted; no price data found  (period=6mo) (Yahoo error = "No data found, symbol may be delisted")
$JAPAN-VALUEUP-SLEEVE: possibly delisted; no price data found  (period=6mo) (Yahoo error = "No data found, symbol may be delisted")

31 Failed downloads:
['BANKPOND-SLEEVE', '8750', 'SPL.WA', 'RUSSELL-RECON-SLEEVE', 'YU..L', '5595.T', 'UKRAIN-STEPUP-B', 'RILY-NOTES', 'TAIL-PROGRAM', 'SACC-NOTES', 'RO-IPO', 'PREFERRED-ODDLOT-SLEEVE', 'HARRYS-IPO', 'AI-CREDIT-CHAIN-TAIL', 'NBG.AT', 'ORDERBOOK-ANOMALY', 'SEPT-DEPLOY', 'AI-CONTAGION-BACKSPREAD', 'VSCO', 'KALSHI-DIVERGENCE-SLEEVE', 'AST.WAR', 'BABYBOND-SLEEVE', 'VERO', 'MFINL', 'BDC-CLUSTER', 'WIE.VIE', 'W5_ST', 'JAPAN-VALUEUP-SLEEVE']: possibly delisted; no price data found  (period=6mo) (Yahoo error = "No data found, symbol may be delisted")
['CRXT', 'KAP', 'OTP']: possibly delisted; no price data found  (period=6mo)

===== 2026-08-25 02:52 (desk) =====
tax_fit: 818 names cached (tau 0.31yr)
  IPW       vol 2636%  tax-opt 292.0%  STRONG
  JTAI      vol 1170%  tax-opt 129.6%  STRONG
  REPL      vol 295%  tax-opt 32.7%  STRONG
  MITI      vol 236%  tax-opt 26.2%  STRONG
  VERU      vol 195%  tax-opt 21.6%  STRONG
  MFP       vol 190%  tax-opt 21.0%  STRONG
  UMAC      vol 180%  tax-opt 19.9%  STRONG
  AXTI      vol 169%  tax-opt 18.7%  STRONG
  INV       vol 158%  tax-opt 17.5%  STRONG
  BIOA      vol 150%  tax-opt 16.6%  STRONG

/Users/ajay/Library/Python/3.9/lib/python/site-packages/urllib3/__init__.py:35: NotOpenSSLWarning: urllib3 v2 only supports OpenSSL 1.1.1+, currently the 'ssl' module is compiled with 'LibreSSL 2.8.3'. See: https://github.com/urllib3/urllib3/issues/3020
  warnings.warn(
HTTP Error 404: {"quoteSummary":{"result":null,"error":{"code":"Not Found","description":"Quote not found for symbol: 8750"}}}
$8750: possibly delisted; no price data found  (period=6mo) (Yahoo error = "No data found, symbol may be delisted")
$KAP: possibly delisted; no price data found  (period=6mo)
HTTP Error 404: {"quoteSummary":{"result":null,"error":{"code":"Not Found","description":"Quote not found for symbol: W5_ST"}}}
$KALSHI-DIVERGENCE-SLEEVE: possibly delisted; no price data found  (period=6mo) (Yahoo error = "No data found, symbol may be delisted")
$W5_ST: possibly delisted; no price data found  (period=6mo) (Yahoo error = "No data found, symbol may be delisted")
$TAIL-PROGRAM: possibly delisted; no price data found  (period=6mo) (Yahoo error = "No data found, symbol may be delisted")
$JAPAN-VALUEUP-SLEEVE: possibly delisted; no price data found  (period=6mo) (Yahoo error = "No data found, symbol may be delisted")
$NBG.AT: possibly delisted; no price data found  (period=6mo) (Yahoo error = "No data found, symbol may be delisted")
$CRXT: possibly delisted; no price data found  (period=6mo) (Yahoo error = "No data found, symbol may be delisted")
$HARRYS-IPO: possibly delisted; no price data found  (period=6mo) (Yahoo error = "No data found, symbol may be delisted")
$BANKPOND-SLEEVE: possibly delisted; no price data found  (period=6mo) (Yahoo error = "No data found, symbol may be delisted")
$RILY-NOTES: possibly delisted; no price data found  (period=6mo) (Yahoo error = "No data found, symbol may be delisted")
$VSCO: possibly delisted; no price data found  (period=6mo) (Yahoo error = "No data found, symbol may be delisted")
$AI-CREDIT-CHAIN-TAIL: possibly delisted; no price data found  (period=6mo) (Yahoo error = "No data found, symbol may be delisted")
$ORDERBOOK-ANOMALY: possibly delisted; no price data found  (period=6mo) (Yahoo error = "No data found, symbol may be delisted")
$SEPT-DEPLOY: possibly delisted; no price data found  (period=6mo) (Yahoo error = "No data found, symbol may be delisted")
$BDC-CLUSTER: possibly delisted; no price data found  (period=6mo) (Yahoo error = "No data found, symbol may be delisted")
$MFINL: possibly delisted; no price data found  (period=6mo) (Yahoo error = "No data found, symbol may be delisted")
$YU..L: possibly delisted; no price data found  (period=6mo) (Yahoo error = "No data found, symbol may be delisted")
$WIE.VIE: possibly delisted; no price data found  (period=6mo) (Yahoo error = "No data found, symbol may be delisted")
$RUSSELL-RECON-SLEEVE: possibly delisted; no price data found  (period=6mo) (Yahoo error = "No data found, symbol may be delisted")
$OTP: possibly delisted; no price data found  (period=6mo)
$VERO: possibly delisted; no price data found  (period=6mo) (Yahoo error = "No data found, symbol may be delisted")
$SPL.WA: possibly delisted; no price data found  (period=6mo) (Yahoo error = "No data found, symbol may be delisted")
$PREFERRED-ODDLOT-SLEEVE: possibly delisted; no price data found  (period=6mo) (Yahoo error = "No data found, symbol may be delisted")
$SACC-NOTES: possibly delisted; no price data found  (period=6mo) (Yahoo error = "No data found, symbol may be delisted")
$AI-CONTAGION-BACKSPREAD: possibly delisted; no price data found  (period=6mo) (Yahoo error = "No data found, symbol may be delisted")
$AST.WAR: possibly delisted; no price data found  (period=6mo) (Yahoo error = "No data found, symbol may be delisted")
$RO-IPO: possibly delisted; no price data found  (period=6mo) (Yahoo error = "No data found, symbol may be delisted")
$UKRAIN-STEPUP-B: possibly delisted; no price data found  (period=6mo) (Yahoo error = "No data found, symbol may be delisted")
$BABYBOND-SLEEVE: possibly delisted; no price data found  (period=6mo) (Yahoo error = "No data found, symbol may be delisted")
$5595.T: possibly delisted; no price data found  (period=6mo) (Yahoo error = "No data found, symbol may be delisted")

31 Failed downloads:
['8750', 'KALSHI-DIVERGENCE-SLEEVE', 'W5_ST', 'TAIL-PROGRAM', 'JAPAN-VALUEUP-SLEEVE', 'NBG.AT', 'CRXT', 'HARRYS-IPO', 'BANKPOND-SLEEVE', 'RILY-NOTES', 'VSCO', 'AI-CREDIT-CHAIN-TAIL', 'ORDERBOOK-ANOMALY', 'SEPT-DEPLOY', 'BDC-CLUSTER', 'MFINL', 'YU..L', 'WIE.VIE', 'RUSSELL-RECON-SLEEVE', 'VERO', 'SPL.WA', 'PREFERRED-ODDLOT-SLEEVE', 'SACC-NOTES', 'AI-CONTAGION-BACKSPREAD', 'AST.WAR', 'RO-IPO', 'UKRAIN-STEPUP-B', 'BABYBOND-SLEEVE', '5595.T']: possibly delisted; no price data found  (period=6mo) (Yahoo error = "No data found, symbol may be delisted")
['KAP', 'OTP']: possibly delisted; no price data found  (period=6mo)

===== 2026-08-26 04:00 (desk) =====
tax_fit: 837 names cached (tau 0.30yr)
  IPW       vol 2636%  tax-opt 290.7%  STRONG
  JTAI      vol 1170%  tax-opt 129.0%  STRONG
  REPL      vol 294%  tax-opt 32.5%  STRONG
  MITI      vol 234%  tax-opt 25.8%  STRONG
  VERU      vol 195%  tax-opt 21.5%  STRONG
  MFP       vol 188%  tax-opt 20.7%  STRONG
  UMAC      vol 180%  tax-opt 19.8%  STRONG
  AXTI      vol 169%  tax-opt 18.6%  STRONG
  INV       vol 160%  tax-opt 17.7%  STRONG
  BIOA      vol 151%  tax-opt 16.7%  STRONG

/Users/ajay/Library/Python/3.9/lib/python/site-packages/urllib3/__init__.py:35: NotOpenSSLWarning: urllib3 v2 only supports OpenSSL 1.1.1+, currently the 'ssl' module is compiled with 'LibreSSL 2.8.3'. See: https://github.com/urllib3/urllib3/issues/3020
  warnings.warn(
HTTP Error 404: {"quoteSummary":{"result":null,"error":{"code":"Not Found","description":"Quote not found for symbol: BABYBOND-SLEEVE"}}}
$BABYBOND-SLEEVE: possibly delisted; no price data found  (period=6mo) (Yahoo error = "No data found, symbol may be delisted")
$OTP: possibly delisted; no price data found  (period=6mo)
HTTP Error 404: {"quoteSummary":{"result":null,"error":{"code":"Not Found","description":"Quote not found for symbol: PREFERRED-ODDLOT-SLEEVE"}}}
$PREFERRED-ODDLOT-SLEEVE: possibly delisted; no price data found  (period=6mo) (Yahoo error = "No data found, symbol may be delisted")
$AST.WAR: possibly delisted; no price data found  (period=6mo) (Yahoo error = "No data found, symbol may be delisted")
$TAIL-PROGRAM: possibly delisted; no price data found  (period=6mo) (Yahoo error = "No data found, symbol may be delisted")
$YU..L: possibly delisted; no price data found  (period=6mo) (Yahoo error = "No data found, symbol may be delisted")
$VERO: possibly delisted; no price data found  (period=6mo) (Yahoo error = "No data found, symbol may be delisted")
$SPL.WA: possibly delisted; no price data found  (period=6mo) (Yahoo error = "No data found, symbol may be delisted")
$RILY-NOTES: possibly delisted; no price data found  (period=6mo) (Yahoo error = "No data found, symbol may be delisted")
$MFINL: possibly delisted; no price data found  (period=6mo) (Yahoo error = "No data found, symbol may be delisted")
$UKRAIN-STEPUP-B: possibly delisted; no price data found  (period=6mo) (Yahoo error = "No data found, symbol may be delisted")
$JAPAN-VALUEUP-SLEEVE: possibly delisted; no price data found  (period=6mo) (Yahoo error = "No data found, symbol may be delisted")
$BDC-CLUSTER: possibly delisted; no price data found  (period=6mo) (Yahoo error = "No data found, symbol may be delisted")
$RO-IPO: possibly delisted; no price data found  (period=6mo) (Yahoo error = "No data found, symbol may be delisted")
$KAP: possibly delisted; no price data found  (period=6mo)
$8750: possibly delisted; no price data found  (period=6mo) (Yahoo error = "No data found, symbol may be delisted")
$AI-CREDIT-CHAIN-TAIL: possibly delisted; no price data found  (period=6mo) (Yahoo error = "No data found, symbol may be delisted")
$KALSHI-DIVERGENCE-SLEEVE: possibly delisted; no price data found  (period=6mo) (Yahoo error = "No data found, symbol may be delisted")
$WIE.VIE: possibly delisted; no price data found  (period=6mo) (Yahoo error = "No data found, symbol may be delisted")
$VSCO: possibly delisted; no price data found  (period=6mo) (Yahoo error = "No data found, symbol may be delisted")
$HARRYS-IPO: possibly delisted; no price data found  (period=6mo) (Yahoo error = "No data found, symbol may be delisted")
$SACC-NOTES: possibly delisted; no price data found  (period=6mo) (Yahoo error = "No data found, symbol may be delisted")
$W5_ST: possibly delisted; no price data found  (period=6mo) (Yahoo error = "No data found, symbol may be delisted")
$SEPT-DEPLOY: possibly delisted; no price data found  (period=6mo) (Yahoo error = "No data found, symbol may be delisted")
$AI-CONTAGION-BACKSPREAD: possibly delisted; no price data found  (period=6mo) (Yahoo error = "No data found, symbol may be delisted")
$BANKPOND-SLEEVE: possibly delisted; no price data found  (period=6mo) (Yahoo error = "No data found, symbol may be delisted")
$CRXT: possibly delisted; no price data found  (period=6mo) (Yahoo error = "No data found, symbol may be delisted")
$5595.T: possibly delisted; no price data found  (period=6mo) (Yahoo error = "No data found, symbol may be delisted")
$ORDERBOOK-ANOMALY: possibly delisted; no price data found  (period=6mo) (Yahoo error = "No data found, symbol may be delisted")
$RUSSELL-RECON-SLEEVE: possibly delisted; no price data found  (period=6mo) (Yahoo error = "No data found, symbol may be delisted")
$NBG.AT: possibly delisted; no price data found  (period=6mo) (Yahoo error = "No data found, symbol may be delisted")

31 Failed downloads:
['BABYBOND-SLEEVE', 'PREFERRED-ODDLOT-SLEEVE', 'AST.WAR', 'TAIL-PROGRAM', 'YU..L', 'VERO', 'SPL.WA', 'RILY-NOTES', 'MFINL', 'UKRAIN-STEPUP-B', 'JAPAN-VALUEUP-SLEEVE', 'BDC-CLUSTER', 'RO-IPO', '8750', 'AI-CREDIT-CHAIN-TAIL', 'KALSHI-DIVERGENCE-SLEEVE', 'WIE.VIE', 'VSCO', 'HARRYS-IPO', 'SACC-NOTES', 'W5_ST', 'SEPT-DEPLOY', 'AI-CONTAGION-BACKSPREAD', 'BANKPOND-SLEEVE', 'CRXT', '5595.T', 'ORDERBOOK-ANOMALY', 'RUSSELL-RECON-SLEEVE', 'NBG.AT']: possibly delisted; no price data found  (period=6mo) (Yahoo error = "No data found, symbol may be delisted")
['OTP', 'KAP']: possibly delisted; no price data found  (period=6mo)

===== 2026-08-27 04:53 (desk) =====
tax_fit: 847 names cached (tau 0.30yr)
  IPW       vol 2636%  tax-opt 289.4%  STRONG
  REAX      vol 2016%  tax-opt 221.4%  STRONG
  GAME      vol 1532%  tax-opt 168.2%  STRONG
  JTAI      vol 1170%  tax-opt 128.4%  STRONG
  REPL      vol 294%  tax-opt 32.3%  STRONG
  MITI      vol 230%  tax-opt 25.3%  STRONG
  VERU      vol 195%  tax-opt 21.4%  STRONG
  MFP       vol 186%  tax-opt 20.4%  STRONG
  UMAC      vol 179%  tax-opt 19.7%  STRONG
  AXTI      vol 168%  tax-opt 18.5%  STRONG

/Users/ajay/Library/Python/3.9/lib/python/site-packages/urllib3/__init__.py:35: NotOpenSSLWarning: urllib3 v2 only supports OpenSSL 1.1.1+, currently the 'ssl' module is compiled with 'LibreSSL 2.8.3'. See: https://github.com/urllib3/urllib3/issues/3020
  warnings.warn(
HTTP Error 404: {"quoteSummary":{"result":null,"error":{"code":"Not Found","description":"Quote not found for symbol: NBG.AT"}}}
$WIE.VIE: possibly delisted; no price data found  (period=6mo) (Yahoo error = "No data found, symbol may be delisted")
HTTP Error 404: {"quoteSummary":{"result":null,"error":{"code":"Not Found","description":"Quote not found for symbol: ORDERBOOK-ANOMALY"}}}
$NBG.AT: possibly delisted; no price data found  (period=6mo) (Yahoo error = "No data found, symbol may be delisted")
$SACC-NOTES: possibly delisted; no price data found  (period=6mo) (Yahoo error = "No data found, symbol may be delisted")
$ORDERBOOK-ANOMALY: possibly delisted; no price data found  (period=6mo) (Yahoo error = "No data found, symbol may be delisted")
$SEPT-DEPLOY: possibly delisted; no price data found  (period=6mo) (Yahoo error = "No data found, symbol may be delisted")
$BDC-CLUSTER: possibly delisted; no price data found  (period=6mo) (Yahoo error = "No data found, symbol may be delisted")
$OTP: possibly delisted; no price data found  (period=6mo)
$W5_ST: possibly delisted; no price data found  (period=6mo) (Yahoo error = "No data found, symbol may be delisted")
$BABYBOND-SLEEVE: possibly delisted; no price data found  (period=6mo) (Yahoo error = "No data found, symbol may be delisted")
$RUSSELL-RECON-SLEEVE: possibly delisted; no price data found  (period=6mo) (Yahoo error = "No data found, symbol may be delisted")
$AST.WAR: possibly delisted; no price data found  (period=6mo) (Yahoo error = "No data found, symbol may be delisted")
$8750: possibly delisted; no price data found  (period=6mo) (Yahoo error = "No data found, symbol may be delisted")
$VERO: possibly delisted; no price data found  (period=6mo) (Yahoo error = "No data found, symbol may be delisted")
$CRXT: possibly delisted; no price data found  (period=6mo) (Yahoo error = "No data found, symbol may be delisted")
$AI-CONTAGION-BACKSPREAD: possibly delisted; no price data found  (period=6mo) (Yahoo error = "No data found, symbol may be delisted")
$SATS: possibly delisted; no price data found  (period=6mo) (Yahoo error = "No data found, symbol may be delisted")
$MFINL: possibly delisted; no price data found  (period=6mo) (Yahoo error = "No data found, symbol may be delisted")
$KAP: possibly delisted; no price data found  (period=6mo)
$BANKPOND-SLEEVE: possibly delisted; no price data found  (period=6mo) (Yahoo error = "No data found, symbol may be delisted")
$5595.T: possibly delisted; no price data found  (period=6mo) (Yahoo error = "No data found, symbol may be delisted")
$VSCO: possibly delisted; no price data found  (period=6mo) (Yahoo error = "No data found, symbol may be delisted")
$AI-CREDIT-CHAIN-TAIL: possibly delisted; no price data found  (period=6mo) (Yahoo error = "No data found, symbol may be delisted")
$RILY-NOTES: possibly delisted; no price data found  (period=6mo) (Yahoo error = "No data found, symbol may be delisted")
$PREFERRED-ODDLOT-SLEEVE: possibly delisted; no price data found  (period=6mo) (Yahoo error = "No data found, symbol may be delisted")
$JAPAN-VALUEUP-SLEEVE: possibly delisted; no price data found  (period=6mo) (Yahoo error = "No data found, symbol may be delisted")
$SPL.WA: possibly delisted; no price data found  (period=6mo) (Yahoo error = "No data found, symbol may be delisted")
$HARRYS-IPO: possibly delisted; no price data found  (period=6mo) (Yahoo error = "No data found, symbol may be delisted")
$TAIL-PROGRAM: possibly delisted; no price data found  (period=6mo) (Yahoo error = "No data found, symbol may be delisted")
$YU..L: possibly delisted; no price data found  (period=6mo) (Yahoo error = "No data found, symbol may be delisted")
$KALSHI-DIVERGENCE-SLEEVE: possibly delisted; no price data found  (period=6mo) (Yahoo error = "No data found, symbol may be delisted")
$RO-IPO: possibly delisted; no price data found  (period=6mo) (Yahoo error = "No data found, symbol may be delisted")
$UKRAIN-STEPUP-B: possibly delisted; no price data found  (period=6mo) (Yahoo error = "No data found, symbol may be delisted")

32 Failed downloads:
['WIE.VIE', 'NBG.AT', 'SACC-NOTES', 'ORDERBOOK-ANOMALY', 'SEPT-DEPLOY', 'BDC-CLUSTER', 'W5_ST', 'BABYBOND-SLEEVE', 'RUSSELL-RECON-SLEEVE', 'AST.WAR', '8750', 'VERO', 'CRXT', 'AI-CONTAGION-BACKSPREAD', 'SATS', 'MFINL', 'BANKPOND-SLEEVE', '5595.T', 'VSCO', 'AI-CREDIT-CHAIN-TAIL', 'RILY-NOTES', 'PREFERRED-ODDLOT-SLEEVE', 'JAPAN-VALUEUP-SLEEVE', 'SPL.WA', 'HARRYS-IPO', 'TAIL-PROGRAM', 'YU..L', 'KALSHI-DIVERGENCE-SLEEVE', 'RO-IPO', 'UKRAIN-STEPUP-B']: possibly delisted; no price data found  (period=6mo) (Yahoo error = "No data found, symbol may be delisted")
['OTP', 'KAP']: possibly delisted; no price data found  (period=6mo)

===== 2026-08-28 05:57 (desk) =====
tax_fit: 852 names cached (tau 0.30yr)
  IPW       vol 2637%  tax-opt 288.2%  STRONG
  REAX      vol 2016%  tax-opt 220.4%  STRONG
  GAME      vol 1532%  tax-opt 167.5%  STRONG
  JTAI      vol 1170%  tax-opt 127.9%  STRONG
  REPL      vol 294%  tax-opt 32.2%  STRONG
  MITI      vol 230%  tax-opt 25.2%  STRONG
  VERU      vol 195%  tax-opt 21.4%  STRONG
  MFP       vol 184%  tax-opt 20.1%  STRONG
  AXTI      vol 168%  tax-opt 18.4%  STRONG
  INV       vol 160%  tax-opt 17.4%  STRONG

/Users/ajay/Library/Python/3.9/lib/python/site-packages/urllib3/__init__.py:35: NotOpenSSLWarning: urllib3 v2 only supports OpenSSL 1.1.1+, currently the 'ssl' module is compiled with 'LibreSSL 2.8.3'. See: https://github.com/urllib3/urllib3/issues/3020
  warnings.warn(
HTTP Error 404: {"quoteSummary":{"result":null,"error":{"code":"Not Found","description":"Quote not found for symbol: AI-CONTAGION-BACKSPREAD"}}}
$VSCO: possibly delisted; no price data found  (period=6mo) (Yahoo error = "No data found, symbol may be delisted")
HTTP Error 404: {"quoteSummary":{"result":null,"error":{"code":"Not Found","description":"Quote not found for symbol: 5595.T"}}}
$AI-CONTAGION-BACKSPREAD: possibly delisted; no price data found  (period=6mo) (Yahoo error = "No data found, symbol may be delisted")
$5595.T: possibly delisted; no price data found  (period=6mo) (Yahoo error = "No data found, symbol may be delisted")
$JAPAN-VALUEUP-SLEEVE: possibly delisted; no price data found  (period=6mo) (Yahoo error = "No data found, symbol may be delisted")
$BANKPOND-SLEEVE: possibly delisted; no price data found  (period=6mo) (Yahoo error = "No data found, symbol may be delisted")
$WIE.VIE: possibly delisted; no price data found  (period=6mo) (Yahoo error = "No data found, symbol may be delisted")
$SATS: possibly delisted; no price data found  (period=6mo) (Yahoo error = "No data found, symbol may be delisted")
$SPL.WA: possibly delisted; no price data found  (period=6mo) (Yahoo error = "No data found, symbol may be delisted")
$RILY-NOTES: possibly delisted; no price data found  (period=6mo) (Yahoo error = "No data found, symbol may be delisted")
$OTP: possibly delisted; no price data found  (period=6mo)
$CRXT: possibly delisted; no price data found  (period=6mo)
$PREFERRED-ODDLOT-SLEEVE: possibly delisted; no price data found  (period=6mo) (Yahoo error = "No data found, symbol may be delisted")
$W5_ST: possibly delisted; no price data found  (period=6mo) (Yahoo error = "No data found, symbol may be delisted")
$AST.WAR: possibly delisted; no price data found  (period=6mo) (Yahoo error = "No data found, symbol may be delisted")
$KAP: possibly delisted; no price data found  (period=6mo)
$SEPT-DEPLOY: possibly delisted; no price data found  (period=6mo) (Yahoo error = "No data found, symbol may be delisted")
$RUSSELL-RECON-SLEEVE: possibly delisted; no price data found  (period=6mo) (Yahoo error = "No data found, symbol may be delisted")
$AI-CREDIT-CHAIN-TAIL: possibly delisted; no price data found  (period=6mo) (Yahoo error = "No data found, symbol may be delisted")
$BDC-CLUSTER: possibly delisted; no price data found  (period=6mo) (Yahoo error = "No data found, symbol may be delisted")
$YU..L: possibly delisted; no price data found  (period=6mo) (Yahoo error = "No data found, symbol may be delisted")
$SACC-NOTES: possibly delisted; no price data found  (period=6mo) (Yahoo error = "No data found, symbol may be delisted")
$8750: possibly delisted; no price data found  (period=6mo) (Yahoo error = "No data found, symbol may be delisted")
$ORDERBOOK-ANOMALY: possibly delisted; no price data found  (period=6mo) (Yahoo error = "No data found, symbol may be delisted")
$UKRAIN-STEPUP-B: possibly delisted; no price data found  (period=6mo) (Yahoo error = "No data found, symbol may be delisted")
$TAIL-PROGRAM: possibly delisted; no price data found  (period=6mo) (Yahoo error = "No data found, symbol may be delisted")
$KALSHI-DIVERGENCE-SLEEVE: possibly delisted; no price data found  (period=6mo) (Yahoo error = "No data found, symbol may be delisted")
$RO-IPO: possibly delisted; no price data found  (period=6mo) (Yahoo error = "No data found, symbol may be delisted")
$BABYBOND-SLEEVE: possibly delisted; no price data found  (period=6mo) (Yahoo error = "No data found, symbol may be delisted")
$MFINL: possibly delisted; no price data found  (period=6mo) (Yahoo error = "No data found, symbol may be delisted")
$HARRYS-IPO: possibly delisted; no price data found  (period=6mo) (Yahoo error = "No data found, symbol may be delisted")
$VERO: possibly delisted; no price data found  (period=6mo) (Yahoo error = "No data found, symbol may be delisted")
$NBG.AT: possibly delisted; no price data found  (period=6mo) (Yahoo error = "No data found, symbol may be delisted")

32 Failed downloads:
['VSCO', 'AI-CONTAGION-BACKSPREAD', '5595.T', 'JAPAN-VALUEUP-SLEEVE', 'BANKPOND-SLEEVE', 'WIE.VIE', 'SATS', 'SPL.WA', 'RILY-NOTES', 'PREFERRED-ODDLOT-SLEEVE', 'W5_ST', 'AST.WAR', 'SEPT-DEPLOY', 'RUSSELL-RECON-SLEEVE', 'AI-CREDIT-CHAIN-TAIL', 'BDC-CLUSTER', 'YU..L', 'SACC-NOTES', '8750', 'ORDERBOOK-ANOMALY', 'UKRAIN-STEPUP-B', 'TAIL-PROGRAM', 'KALSHI-DIVERGENCE-SLEEVE', 'RO-IPO', 'BABYBOND-SLEEVE', 'MFINL', 'HARRYS-IPO', 'VERO', 'NBG.AT']: possibly delisted; no price data found  (period=6mo) (Yahoo error = "No data found, symbol may be delisted")
['OTP', 'CRXT', 'KAP']: possibly delisted; no price data found  (period=6mo)

===== 2026-08-31 00:56 (desk) =====
tax_fit: 856 names cached (tau 0.29yr)
  IPW       vol 2636%  tax-opt 284.1%  STRONG
  REAX      vol 2017%  tax-opt 217.4%  STRONG
  GAME      vol 1532%  tax-opt 165.2%  STRONG
  JTAI      vol 1170%  tax-opt 126.1%  STRONG
  REPL      vol 242%  tax-opt 26.1%  STRONG
  MITI      vol 220%  tax-opt 23.7%  STRONG
  VERU      vol 196%  tax-opt 21.1%  STRONG
  MFP       vol 182%  tax-opt 19.6%  STRONG
  AXTI      vol 169%  tax-opt 18.2%  STRONG
  INV       vol 161%  tax-opt 17.3%  STRONG

/Users/ajay/Library/Python/3.9/lib/python/site-packages/urllib3/__init__.py:35: NotOpenSSLWarning: urllib3 v2 only supports OpenSSL 1.1.1+, currently the 'ssl' module is compiled with 'LibreSSL 2.8.3'. See: https://github.com/urllib3/urllib3/issues/3020
  warnings.warn(
$VSCO: possibly delisted; no price data found  (period=6mo) (Yahoo error = "No data found, symbol may be delisted")
HTTP Error 404: {"quoteSummary":{"result":null,"error":{"code":"Not Found","description":"Quote not found for symbol: 8750"}}}
HTTP Error 404: {"quoteSummary":{"result":null,"error":{"code":"Not Found","description":"Quote not found for symbol: TAIL-PROGRAM"}}}
$8750: possibly delisted; no price data found  (period=6mo) (Yahoo error = "No data found, symbol may be delisted")
$SATS: possibly delisted; no price data found  (period=6mo) (Yahoo error = "No data found, symbol may be delisted")
$TAIL-PROGRAM: possibly delisted; no price data found  (period=6mo) (Yahoo error = "No data found, symbol may be delisted")
$MFINL: possibly delisted; no price data found  (period=6mo) (Yahoo error = "No data found, symbol may be delisted")
$HARRYS-IPO: possibly delisted; no price data found  (period=6mo) (Yahoo error = "No data found, symbol may be delisted")
$JAPAN-VALUEUP-SLEEVE: possibly delisted; no price data found  (period=6mo) (Yahoo error = "No data found, symbol may be delisted")
$ORDERBOOK-ANOMALY: possibly delisted; no price data found  (period=6mo) (Yahoo error = "No data found, symbol may be delisted")
$SACC-NOTES: possibly delisted; no price data found  (period=6mo) (Yahoo error = "No data found, symbol may be delisted")
$UKRAIN-STEPUP-B: possibly delisted; no price data found  (period=6mo) (Yahoo error = "No data found, symbol may be delisted")
$RO-IPO: possibly delisted; no price data found  (period=6mo) (Yahoo error = "No data found, symbol may be delisted")
$KALSHI-DIVERGENCE-SLEEVE: possibly delisted; no price data found  (period=6mo) (Yahoo error = "No data found, symbol may be delisted")
$BANKPOND-SLEEVE: possibly delisted; no price data found  (period=6mo) (Yahoo error = "No data found, symbol may be delisted")
$SPL.WA: possibly delisted; no price data found  (period=6mo) (Yahoo error = "No data found, symbol may be delisted")
$RILY-NOTES: possibly delisted; no price data found  (period=6mo) (Yahoo error = "No data found, symbol may be delisted")
$AI-CREDIT-CHAIN-TAIL: possibly delisted; no price data found  (period=6mo) (Yahoo error = "No data found, symbol may be delisted")
$OTP: possibly delisted; no price data found  (period=6mo)
$BDC-CLUSTER: possibly delisted; no price data found  (period=6mo) (Yahoo error = "No data found, symbol may be delisted")
$BABYBOND-SLEEVE: possibly delisted; no price data found  (period=6mo) (Yahoo error = "No data found, symbol may be delisted")
$NBG.AT: possibly delisted; no price data found  (period=6mo) (Yahoo error = "No data found, symbol may be delisted")
$CRXT: possibly delisted; no price data found  (period=6mo)
$SEPT-DEPLOY: possibly delisted; no price data found  (period=6mo) (Yahoo error = "No data found, symbol may be delisted")
$PREFERRED-ODDLOT-SLEEVE: possibly delisted; no price data found  (period=6mo) (Yahoo error = "No data found, symbol may be delisted")
$VERO: possibly delisted; no price data found  (period=6mo) (Yahoo error = "No data found, symbol may be delisted")
$AST.WAR: possibly delisted; no price data found  (period=6mo) (Yahoo error = "No data found, symbol may be delisted")
$W5_ST: possibly delisted; no price data found  (period=6mo) (Yahoo error = "No data found, symbol may be delisted")
$AI-CONTAGION-BACKSPREAD: possibly delisted; no price data found  (period=6mo) (Yahoo error = "No data found, symbol may be delisted")
$YU..L: possibly delisted; no price data found  (period=6mo) (Yahoo error = "No data found, symbol may be delisted")
$KAP: possibly delisted; no price data found  (period=6mo)
$5595.T: possibly delisted; no price data found  (period=6mo) (Yahoo error = "No data found, symbol may be delisted")
$RUSSELL-RECON-SLEEVE: possibly delisted; no price data found  (period=6mo) (Yahoo error = "No data found, symbol may be delisted")
$WIE.VIE: possibly delisted; no price data found  (period=6mo) (Yahoo error = "No data found, symbol may be delisted")

32 Failed downloads:
['VSCO', '8750', 'SATS', 'TAIL-PROGRAM', 'MFINL', 'HARRYS-IPO', 'JAPAN-VALUEUP-SLEEVE', 'ORDERBOOK-ANOMALY', 'SACC-NOTES', 'UKRAIN-STEPUP-B', 'RO-IPO', 'KALSHI-DIVERGENCE-SLEEVE', 'BANKPOND-SLEEVE', 'SPL.WA', 'RILY-NOTES', 'AI-CREDIT-CHAIN-TAIL', 'BDC-CLUSTER', 'BABYBOND-SLEEVE', 'NBG.AT', 'SEPT-DEPLOY', 'PREFERRED-ODDLOT-SLEEVE', 'VERO', 'AST.WAR', 'W5_ST', 'AI-CONTAGION-BACKSPREAD', 'YU..L', '5595.T', 'RUSSELL-RECON-SLEEVE', 'WIE.VIE']: possibly delisted; no price data found  (period=6mo) (Yahoo error = "No data found, symbol may be delisted")
['OTP', 'CRXT', 'KAP']: possibly delisted; no price data found  (period=6mo)

===== 2026-09-01 01:51 (desk) =====
tax_fit: 870 names cached (tau 0.29yr)
  IPW       vol 2636%  tax-opt 282.8%  STRONG
  REAX      vol 2018%  tax-opt 216.4%  STRONG
  GAME      vol 1533%  tax-opt 164.4%  STRONG
  JTAI      vol 1170%  tax-opt 125.5%  STRONG
  REPL      vol 242%  tax-opt 26.0%  STRONG
  MITI      vol 220%  tax-opt 23.6%  STRONG
  VERU      vol 196%  tax-opt 21.0%  STRONG
  MFP       vol 180%  tax-opt 19.3%  STRONG
  AXTI      vol 168%  tax-opt 18.1%  STRONG
  INV       vol 159%  tax-opt 17.1%  STRONG

/Users/ajay/Library/Python/3.9/lib/python/site-packages/urllib3/__init__.py:35: NotOpenSSLWarning: urllib3 v2 only supports OpenSSL 1.1.1+, currently the 'ssl' module is compiled with 'LibreSSL 2.8.3'. See: https://github.com/urllib3/urllib3/issues/3020
  warnings.warn(
$CRXT: possibly delisted; no price data found  (period=6mo)
HTTP Error 404: {"quoteSummary":{"result":null,"error":{"code":"Not Found","description":"Quote not found for symbol: AI-CONTAGION-BACKSPREAD"}}}
$AI-CONTAGION-BACKSPREAD: possibly delisted; no price data found  (period=6mo) (Yahoo error = "No data found, symbol may be delisted")
HTTP Error 404: {"quoteSummary":{"result":null,"error":{"code":"Not Found","description":"Quote not found for symbol: TAIL-PROGRAM"}}}
$TAIL-PROGRAM: possibly delisted; no price data found  (period=6mo) (Yahoo error = "No data found, symbol may be delisted")
$BDC-CLUSTER: possibly delisted; no price data found  (period=6mo) (Yahoo error = "No data found, symbol may be delisted")
$ORDERBOOK-ANOMALY: possibly delisted; no price data found  (period=6mo) (Yahoo error = "No data found, symbol may be delisted")
$SATS: possibly delisted; no price data found  (period=6mo) (Yahoo error = "No data found, symbol may be delisted")
$YU..L: possibly delisted; no price data found  (period=6mo) (Yahoo error = "No data found, symbol may be delisted")
$UKRAIN-STEPUP-B: possibly delisted; no price data found  (period=6mo) (Yahoo error = "No data found, symbol may be delisted")
$8750: possibly delisted; no price data found  (period=6mo) (Yahoo error = "No data found, symbol may be delisted")
$MFINL: possibly delisted; no price data found  (period=6mo) (Yahoo error = "No data found, symbol may be delisted")
$OTP: possibly delisted; no price data found  (period=6mo)
$SACC-NOTES: possibly delisted; no price data found  (period=6mo) (Yahoo error = "No data found, symbol may be delisted")
$KAP: possibly delisted; no price data found  (period=6mo)
$AST.WAR: possibly delisted; no price data found  (period=6mo) (Yahoo error = "No data found, symbol may be delisted")
$HARRYS-IPO: possibly delisted; no price data found  (period=6mo) (Yahoo error = "No data found, symbol may be delisted")
$KALSHI-DIVERGENCE-SLEEVE: possibly delisted; no price data found  (period=6mo) (Yahoo error = "No data found, symbol may be delisted")
$NBG.AT: possibly delisted; no price data found  (period=6mo) (Yahoo error = "No data found, symbol may be delisted")
$SEPT-DEPLOY: possibly delisted; no price data found  (period=6mo) (Yahoo error = "No data found, symbol may be delisted")
$JAPAN-VALUEUP-SLEEVE: possibly delisted; no price data found  (period=6mo) (Yahoo error = "No data found, symbol may be delisted")
$BABYBOND-SLEEVE: possibly delisted; no price data found  (period=6mo) (Yahoo error = "No data found, symbol may be delisted")
$SPL.WA: possibly delisted; no price data found  (period=6mo) (Yahoo error = "No data found, symbol may be delisted")
$RILY-NOTES: possibly delisted; no price data found  (period=6mo) (Yahoo error = "No data found, symbol may be delisted")
$RUSSELL-RECON-SLEEVE: possibly delisted; no price data found  (period=6mo) (Yahoo error = "No data found, symbol may be delisted")
$AI-CREDIT-CHAIN-TAIL: possibly delisted; no price data found  (period=6mo) (Yahoo error = "No data found, symbol may be delisted")
$W5_ST: possibly delisted; no price data found  (period=6mo) (Yahoo error = "No data found, symbol may be delisted")
$WIE.VIE: possibly delisted; no price data found  (period=6mo) (Yahoo error = "No data found, symbol may be delisted")
$RO-IPO: possibly delisted; no price data found  (period=6mo) (Yahoo error = "No data found, symbol may be delisted")
$BANKPOND-SLEEVE: possibly delisted; no price data found  (period=6mo) (Yahoo error = "No data found, symbol may be delisted")
$VSCO: possibly delisted; no price data found  (period=6mo) (Yahoo error = "No data found, symbol may be delisted")
$5595.T: possibly delisted; no price data found  (period=6mo) (Yahoo error = "No data found, symbol may be delisted")
$VERO: possibly delisted; no price data found  (period=6mo) (Yahoo error = "No data found, symbol may be delisted")
$PREFERRED-ODDLOT-SLEEVE: possibly delisted; no price data found  (period=6mo) (Yahoo error = "No data found, symbol may be delisted")

32 Failed downloads:
['CRXT', 'OTP', 'KAP']: possibly delisted; no price data found  (period=6mo)
['AI-CONTAGION-BACKSPREAD', 'TAIL-PROGRAM', 'BDC-CLUSTER', 'ORDERBOOK-ANOMALY', 'SATS', 'YU..L', 'UKRAIN-STEPUP-B', '8750', 'MFINL', 'SACC-NOTES', 'AST.WAR', 'HARRYS-IPO', 'KALSHI-DIVERGENCE-SLEEVE', 'NBG.AT', 'SEPT-DEPLOY', 'JAPAN-VALUEUP-SLEEVE', 'BABYBOND-SLEEVE', 'SPL.WA', 'RILY-NOTES', 'RUSSELL-RECON-SLEEVE', 'AI-CREDIT-CHAIN-TAIL', 'W5_ST', 'WIE.VIE', 'RO-IPO', 'BANKPOND-SLEEVE', 'VSCO', '5595.T', 'VERO', 'PREFERRED-ODDLOT-SLEEVE']: possibly delisted; no price data found  (period=6mo) (Yahoo error = "No data found, symbol may be delisted")

===== 2026-09-02 02:53 (desk) =====
tax_fit: 879 names cached (tau 0.28yr)
  IPW       vol 2636%  tax-opt 281.4%  STRONG
  REAX      vol 2018%  tax-opt 215.4%  STRONG
  GAME      vol 1532%  tax-opt 163.6%  STRONG
  JTAI      vol 1170%  tax-opt 124.9%  STRONG
  REPL      vol 242%  tax-opt 25.8%  STRONG
  MITI      vol 219%  tax-opt 23.3%  STRONG
  VERU      vol 196%  tax-opt 20.9%  STRONG
  MFP       vol 178%  tax-opt 19.0%  STRONG
  AXTI      vol 169%  tax-opt 18.0%  STRONG
  INV       vol 155%  tax-opt 16.5%  STRONG

/Users/ajay/Library/Python/3.9/lib/python/site-packages/urllib3/__init__.py:35: NotOpenSSLWarning: urllib3 v2 only supports OpenSSL 1.1.1+, currently the 'ssl' module is compiled with 'LibreSSL 2.8.3'. See: https://github.com/urllib3/urllib3/issues/3020
  warnings.warn(
$KAP: possibly delisted; no price data found  (period=6mo)
HTTP Error 404: {"quoteSummary":{"result":null,"error":{"code":"Not Found","description":"Quote not found for symbol: W5_ST"}}}
HTTP Error 404: {"quoteSummary":{"result":null,"error":{"code":"Not Found","description":"Quote not found for symbol: BABYBOND-SLEEVE"}}}
$BABYBOND-SLEEVE: possibly delisted; no price data found  (period=6mo) (Yahoo error = "No data found, symbol may be delisted")
$W5_ST: possibly delisted; no price data found  (period=6mo) (Yahoo error = "No data found, symbol may be delisted")
$8750: possibly delisted; no price data found  (period=6mo) (Yahoo error = "No data found, symbol may be delisted")
$SATS: possibly delisted; no price data found  (period=6mo) (Yahoo error = "No data found, symbol may be delisted")
$YU..L: possibly delisted; no price data found  (period=6mo) (Yahoo error = "No data found, symbol may be delisted")
$AI-CREDIT-CHAIN-TAIL: possibly delisted; no price data found  (period=6mo) (Yahoo error = "No data found, symbol may be delisted")
$OTP: possibly delisted; no price data found  (period=6mo)
$SPL.WA: possibly delisted; no price data found  (period=6mo) (Yahoo error = "No data found, symbol may be delisted")
$SACC-NOTES: possibly delisted; no price data found  (period=6mo) (Yahoo error = "No data found, symbol may be delisted")
$5595.T: possibly delisted; no price data found  (period=6mo) (Yahoo error = "No data found, symbol may be delisted")
$SEPT-DEPLOY: possibly delisted; no price data found  (period=6mo) (Yahoo error = "No data found, symbol may be delisted")
$WIE.VIE: possibly delisted; no price data found  (period=6mo) (Yahoo error = "No data found, symbol may be delisted")
$CRXT: possibly delisted; no price data found  (period=6mo)
$RUSSELL-RECON-SLEEVE: possibly delisted; no price data found  (period=6mo) (Yahoo error = "No data found, symbol may be delisted")
$NBG.AT: possibly delisted; no price data found  (period=6mo) (Yahoo error = "No data found, symbol may be delisted")
$RO-IPO: possibly delisted; no price data found  (period=6mo) (Yahoo error = "No data found, symbol may be delisted")
$TAIL-PROGRAM: possibly delisted; no price data found  (period=6mo) (Yahoo error = "No data found, symbol may be delisted")
$AI-CONTAGION-BACKSPREAD: possibly delisted; no price data found  (period=6mo) (Yahoo error = "No data found, symbol may be delisted")
$BANKPOND-SLEEVE: possibly delisted; no price data found  (period=6mo) (Yahoo error = "No data found, symbol may be delisted")
$RILY-NOTES: possibly delisted; no price data found  (period=6mo) (Yahoo error = "No data found, symbol may be delisted")
$UKRAIN-STEPUP-B: possibly delisted; no price data found  (period=6mo) (Yahoo error = "No data found, symbol may be delisted")
$ORDERBOOK-ANOMALY: possibly delisted; no price data found  (period=6mo) (Yahoo error = "No data found, symbol may be delisted")
$VERO: possibly delisted; no price data found  (period=6mo) (Yahoo error = "No data found, symbol may be delisted")
$KALSHI-DIVERGENCE-SLEEVE: possibly delisted; no price data found  (period=6mo) (Yahoo error = "No data found, symbol may be delisted")
$AST.WAR: possibly delisted; no price data found  (period=6mo) (Yahoo error = "No data found, symbol may be delisted")
$JAPAN-VALUEUP-SLEEVE: possibly delisted; no price data found  (period=6mo) (Yahoo error = "No data found, symbol may be delisted")
$MFINL: possibly delisted; no price data found  (period=6mo) (Yahoo error = "No data found, symbol may be delisted")
$BDC-CLUSTER: possibly delisted; no price data found  (period=6mo) (Yahoo error = "No data found, symbol may be delisted")
$PREFERRED-ODDLOT-SLEEVE: possibly delisted; no price data found  (period=6mo) (Yahoo error = "No data found, symbol may be delisted")
$VSCO: possibly delisted; no price data found  (period=6mo) (Yahoo error = "No data found, symbol may be delisted")
$HARRYS-IPO: possibly delisted; no price data found  (period=6mo) (Yahoo error = "No data found, symbol may be delisted")

32 Failed downloads:
['KAP', 'OTP', 'CRXT']: possibly delisted; no price data found  (period=6mo)
['BABYBOND-SLEEVE', 'W5_ST', '8750', 'SATS', 'YU..L', 'AI-CREDIT-CHAIN-TAIL', 'SPL.WA', 'SACC-NOTES', '5595.T', 'SEPT-DEPLOY', 'WIE.VIE', 'RUSSELL-RECON-SLEEVE', 'NBG.AT', 'RO-IPO', 'TAIL-PROGRAM', 'AI-CONTAGION-BACKSPREAD', 'BANKPOND-SLEEVE', 'RILY-NOTES', 'UKRAIN-STEPUP-B', 'ORDERBOOK-ANOMALY', 'VERO', 'KALSHI-DIVERGENCE-SLEEVE', 'AST.WAR', 'JAPAN-VALUEUP-SLEEVE', 'MFINL', 'BDC-CLUSTER', 'PREFERRED-ODDLOT-SLEEVE', 'VSCO', 'HARRYS-IPO']: possibly delisted; no price data found  (period=6mo) (Yahoo error = "No data found, symbol may be delisted")

===== 2026-09-03 03:57 (desk) =====
tax_fit: 887 names cached (tau 0.28yr)
  IPW       vol 2636%  tax-opt 280.1%  STRONG
  REAX      vol 2018%  tax-opt 214.3%  STRONG
  GAME      vol 1533%  tax-opt 162.8%  STRONG
  JTAI      vol 1170%  tax-opt 124.3%  STRONG
  REPL      vol 241%  tax-opt 25.6%  STRONG
  MITI      vol 218%  tax-opt 23.1%  STRONG
  VERU      vol 196%  tax-opt 20.8%  STRONG
  MFP       vol 176%  tax-opt 18.7%  STRONG
  AXTI      vol 169%  tax-opt 17.9%  STRONG
  INV       vol 155%  tax-opt 16.5%  STRONG

/Users/ajay/Library/Python/3.9/lib/python/site-packages/urllib3/__init__.py:35: NotOpenSSLWarning: urllib3 v2 only supports OpenSSL 1.1.1+, currently the 'ssl' module is compiled with 'LibreSSL 2.8.3'. See: https://github.com/urllib3/urllib3/issues/3020
  warnings.warn(
HTTP Error 404: {"quoteSummary":{"result":null,"error":{"code":"Not Found","description":"Quote not found for symbol: AI-CREDIT-CHAIN-TAIL"}}}
$AI-CREDIT-CHAIN-TAIL: possibly delisted; no price data found  (period=6mo) (Yahoo error = "No data found, symbol may be delisted")
$KAP: possibly delisted; no price data found  (period=6mo)
$MFINL: possibly delisted; no price data found  (period=6mo) (Yahoo error = "No data found, symbol may be delisted")
$TAIL-PROGRAM: possibly delisted; no price data found  (period=6mo) (Yahoo error = "No data found, symbol may be delisted")
$VERO: possibly delisted; no price data found  (period=6mo) (Yahoo error = "No data found, symbol may be delisted")
$BANKPOND-SLEEVE: possibly delisted; no price data found  (period=6mo) (Yahoo error = "No data found, symbol may be delisted")
$VSCO: possibly delisted; no price data found  (period=6mo) (Yahoo error = "No data found, symbol may be delisted")
$8750: possibly delisted; no price data found  (period=6mo) (Yahoo error = "No data found, symbol may be delisted")
$SACC-NOTES: possibly delisted; no price data found  (period=6mo) (Yahoo error = "No data found, symbol may be delisted")
$AI-CONTAGION-BACKSPREAD: possibly delisted; no price data found  (period=6mo) (Yahoo error = "No data found, symbol may be delisted")
$RILY-NOTES: possibly delisted; no price data found  (period=6mo) (Yahoo error = "No data found, symbol may be delisted")
$RO-IPO: possibly delisted; no price data found  (period=6mo) (Yahoo error = "No data found, symbol may be delisted")
$5595.T: possibly delisted; no price data found  (period=6mo) (Yahoo error = "No data found, symbol may be delisted")
$SATS: possibly delisted; no price data found  (period=6mo) (Yahoo error = "No data found, symbol may be delisted")
$UKRAIN-STEPUP-B: possibly delisted; no price data found  (period=6mo) (Yahoo error = "No data found, symbol may be delisted")
$SEPT-DEPLOY: possibly delisted; no price data found  (period=6mo) (Yahoo error = "No data found, symbol may be delisted")
$BABYBOND-SLEEVE: possibly delisted; no price data found  (period=6mo) (Yahoo error = "No data found, symbol may be delisted")
$YU..L: possibly delisted; no price data found  (period=6mo) (Yahoo error = "No data found, symbol may be delisted")
$RUSSELL-RECON-SLEEVE: possibly delisted; no price data found  (period=6mo) (Yahoo error = "No data found, symbol may be delisted")
$CRXT: possibly delisted; no price data found  (period=6mo)
$KALSHI-DIVERGENCE-SLEEVE: possibly delisted; no price data found  (period=6mo) (Yahoo error = "No data found, symbol may be delisted")
$OTP: possibly delisted; no price data found  (period=6mo)
$NBG.AT: possibly delisted; no price data found  (period=6mo) (Yahoo error = "No data found, symbol may be delisted")
$ORDERBOOK-ANOMALY: possibly delisted; no price data found  (period=6mo) (Yahoo error = "No data found, symbol may be delisted")
$BDC-CLUSTER: possibly delisted; no price data found  (period=6mo) (Yahoo error = "No data found, symbol may be delisted")
$HARRYS-IPO: possibly delisted; no price data found  (period=6mo) (Yahoo error = "No data found, symbol may be delisted")
$AST.WAR: possibly delisted; no price data found  (period=6mo) (Yahoo error = "No data found, symbol may be delisted")
$W5_ST: possibly delisted; no price data found  (period=6mo) (Yahoo error = "No data found, symbol may be delisted")
$WIE.VIE: possibly delisted; no price data found  (period=6mo) (Yahoo error = "No data found, symbol may be delisted")
$JAPAN-VALUEUP-SLEEVE: possibly delisted; no price data found  (period=6mo) (Yahoo error = "No data found, symbol may be delisted")
$PREFERRED-ODDLOT-SLEEVE: possibly delisted; no price data found  (period=6mo) (Yahoo error = "No data found, symbol may be delisted")
$SPL.WA: possibly delisted; no price data found  (period=6mo) (Yahoo error = "No data found, symbol may be delisted")

32 Failed downloads:
['AI-CREDIT-CHAIN-TAIL', 'MFINL', 'TAIL-PROGRAM', 'VERO', 'BANKPOND-SLEEVE', 'VSCO', '8750', 'SACC-NOTES', 'AI-CONTAGION-BACKSPREAD', 'RILY-NOTES', 'RO-IPO', '5595.T', 'SATS', 'UKRAIN-STEPUP-B', 'SEPT-DEPLOY', 'BABYBOND-SLEEVE', 'YU..L', 'RUSSELL-RECON-SLEEVE', 'KALSHI-DIVERGENCE-SLEEVE', 'NBG.AT', 'ORDERBOOK-ANOMALY', 'BDC-CLUSTER', 'HARRYS-IPO', 'AST.WAR', 'W5_ST', 'WIE.VIE', 'JAPAN-VALUEUP-SLEEVE', 'PREFERRED-ODDLOT-SLEEVE', 'SPL.WA']: possibly delisted; no price data found  (period=6mo) (Yahoo error = "No data found, symbol may be delisted")
['KAP', 'CRXT', 'OTP']: possibly delisted; no price data found  (period=6mo)

===== 2026-09-04 04:52 (desk) =====
tax_fit: 896 names cached (tau 0.28yr)
  IPW       vol 2636%  tax-opt 278.6%  STRONG
  REAX      vol 1620%  tax-opt 171.2%  STRONG
  GAME      vol 1303%  tax-opt 137.8%  STRONG
  JTAI      vol 1170%  tax-opt 123.7%  STRONG
  REPL      vol 241%  tax-opt 25.5%  STRONG
  MITI      vol 222%  tax-opt 23.4%  STRONG
  MFP       vol 174%  tax-opt 18.4%  STRONG
  AXTI      vol 169%  tax-opt 17.9%  STRONG
  INV       vol 155%  tax-opt 16.4%  STRONG
  KSCP      vol 154%  tax-opt 16.3%  STRONG

/Users/ajay/Library/Python/3.9/lib/python/site-packages/urllib3/__init__.py:35: NotOpenSSLWarning: urllib3 v2 only supports OpenSSL 1.1.1+, currently the 'ssl' module is compiled with 'LibreSSL 2.8.3'. See: https://github.com/urllib3/urllib3/issues/3020
  warnings.warn(
$SATS: possibly delisted; no price data found  (period=6mo) (Yahoo error = "No data found, symbol may be delisted")
HTTP Error 404: {"quoteSummary":{"result":null,"error":{"code":"Not Found","description":"Quote not found for symbol: RUSSELL-RECON-SLEEVE"}}}
$VSCO: possibly delisted; no price data found  (period=6mo) (Yahoo error = "No data found, symbol may be delisted")
$RUSSELL-RECON-SLEEVE: possibly delisted; no price data found  (period=6mo) (Yahoo error = "No data found, symbol may be delisted")
HTTP Error 404: {"quoteSummary":{"result":null,"error":{"code":"Not Found","description":"Quote not found for symbol: 5595.T"}}}
$RILY-NOTES: possibly delisted; no price data found  (period=6mo) (Yahoo error = "No data found, symbol may be delisted")
$5595.T: possibly delisted; no price data found  (period=6mo) (Yahoo error = "No data found, symbol may be delisted")
$OTP: possibly delisted; no price data found  (period=6mo)
$YU..L: possibly delisted; no price data found  (period=6mo) (Yahoo error = "No data found, symbol may be delisted")
$JAPAN-VALUEUP-SLEEVE: possibly delisted; no price data found  (period=6mo) (Yahoo error = "No data found, symbol may be delisted")
$NBG.AT: possibly delisted; no price data found  (period=6mo) (Yahoo error = "No data found, symbol may be delisted")
$SACC-NOTES: possibly delisted; no price data found  (period=6mo) (Yahoo error = "No data found, symbol may be delisted")
$ORDERBOOK-ANOMALY: possibly delisted; no price data found  (period=6mo) (Yahoo error = "No data found, symbol may be delisted")
$PREFERRED-ODDLOT-SLEEVE: possibly delisted; no price data found  (period=6mo) (Yahoo error = "No data found, symbol may be delisted")
$W5_ST: possibly delisted; no price data found  (period=6mo) (Yahoo error = "No data found, symbol may be delisted")
$KRZ.ID: possibly delisted; no price data found  (period=6mo) (Yahoo error = "No data found, symbol may be delisted")
$AI-CONTAGION-BACKSPREAD: possibly delisted; no price data found  (period=6mo) (Yahoo error = "No data found, symbol may be delisted")
$CRXT: possibly delisted; no price data found  (period=6mo)
$BABYBOND-SLEEVE: possibly delisted; no price data found  (period=6mo) (Yahoo error = "No data found, symbol may be delisted")
$HARRYS-IPO: possibly delisted; no price data found  (period=6mo) (Yahoo error = "No data found, symbol may be delisted")
$SPL.WA: possibly delisted; no price data found  (period=6mo) (Yahoo error = "No data found, symbol may be delisted")
$8750: possibly delisted; no price data found  (period=6mo) (Yahoo error = "No data found, symbol may be delisted")
$TAIL-PROGRAM: possibly delisted; no price data found  (period=6mo) (Yahoo error = "No data found, symbol may be delisted")
$RO-IPO: possibly delisted; no price data found  (period=6mo) (Yahoo error = "No data found, symbol may be delisted")
$AST.WAR: possibly delisted; no price data found  (period=6mo) (Yahoo error = "No data found, symbol may be delisted")
$KAP: possibly delisted; no price data found  (period=6mo)
$VERO: possibly delisted; no price data found  (period=6mo) (Yahoo error = "No data found, symbol may be delisted")
$BANKPOND-SLEEVE: possibly delisted; no price data found  (period=6mo) (Yahoo error = "No data found, symbol may be delisted")
$WIE.VIE: possibly delisted; no price data found  (period=6mo) (Yahoo error = "No data found, symbol may be delisted")
$UKRAIN-STEPUP-B: possibly delisted; no price data found  (period=6mo) (Yahoo error = "No data found, symbol may be delisted")
$AI-CREDIT-CHAIN-TAIL: possibly delisted; no price data found  (period=6mo) (Yahoo error = "No data found, symbol may be delisted")
$BDC-CLUSTER: possibly delisted; no price data found  (period=6mo) (Yahoo error = "No data found, symbol may be delisted")
$SEPT-DEPLOY: possibly delisted; no price data found  (period=6mo) (Yahoo error = "No data found, symbol may be delisted")
$KALSHI-DIVERGENCE-SLEEVE: possibly delisted; no price data found  (period=6mo) (Yahoo error = "No data found, symbol may be delisted")
$MFINL: possibly delisted; no price data found  (period=6mo) (Yahoo error = "No data found, symbol may be delisted")

33 Failed downloads:
['SATS', 'VSCO', 'RUSSELL-RECON-SLEEVE', 'RILY-NOTES', '5595.T', 'YU..L', 'JAPAN-VALUEUP-SLEEVE', 'NBG.AT', 'SACC-NOTES', 'ORDERBOOK-ANOMALY', 'PREFERRED-ODDLOT-SLEEVE', 'W5_ST', 'KRZ.ID', 'AI-CONTAGION-BACKSPREAD', 'BABYBOND-SLEEVE', 'HARRYS-IPO', 'SPL.WA', '8750', 'TAIL-PROGRAM', 'RO-IPO', 'AST.WAR', 'VERO', 'BANKPOND-SLEEVE', 'WIE.VIE', 'UKRAIN-STEPUP-B', 'AI-CREDIT-CHAIN-TAIL', 'BDC-CLUSTER', 'SEPT-DEPLOY', 'KALSHI-DIVERGENCE-SLEEVE', 'MFINL']: possibly delisted; no price data found  (period=6mo) (Yahoo error = "No data found, symbol may be delisted")
['OTP', 'CRXT', 'KAP']: possibly delisted; no price data found  (period=6mo)

===== 2026-09-07 01:07 (desk) =====
tax_fit: 903 names cached (tau 0.27yr)
  FXPO.L    vol 31291%  tax-opt 3259.2%  STRONG
  JTAI      vol 1170%  tax-opt 121.8%  STRONG
  REPL      vol 241%  tax-opt 25.1%  STRONG
  MITI      vol 221%  tax-opt 23.0%  STRONG
  MFP       vol 173%  tax-opt 18.0%  STRONG
  AXTI      vol 167%  tax-opt 17.4%  STRONG
  INV       vol 154%  tax-opt 16.0%  STRONG
  KSCP      vol 153%  tax-opt 16.0%  STRONG
  BIOA      vol 150%  tax-opt 15.6%  STRONG
  WYFI      vol 146%  tax-opt 15.2%  STRONG

/Users/ajay/Library/Python/3.9/lib/python/site-packages/urllib3/__init__.py:35: NotOpenSSLWarning: urllib3 v2 only supports OpenSSL 1.1.1+, currently the 'ssl' module is compiled with 'LibreSSL 2.8.3'. See: https://github.com/urllib3/urllib3/issues/3020
  warnings.warn(
HTTP Error 404: {"quoteSummary":{"result":null,"error":{"code":"Not Found","description":"Quote not found for symbol: UKRAIN-STEPUP-B"}}}
$OTP: possibly delisted; no price data found  (period=6mo)
$UKRAIN-STEPUP-B: possibly delisted; no price data found  (period=6mo) (Yahoo error = "No data found, symbol may be delisted")
HTTP Error 404: {"quoteSummary":{"result":null,"error":{"code":"Not Found","description":"Quote not found for symbol: WIE.VIE"}}}
$WIE.VIE: possibly delisted; no price data found  (period=6mo) (Yahoo error = "No data found, symbol may be delisted")
$SEPT-DEPLOY: possibly delisted; no price data found  (period=6mo) (Yahoo error = "No data found, symbol may be delisted")
$BABYBOND-SLEEVE: possibly delisted; no price data found  (period=6mo) (Yahoo error = "No data found, symbol may be delisted")
$SPL.WA: possibly delisted; no price data found  (period=6mo) (Yahoo error = "No data found, symbol may be delisted")
$AST.WAR: possibly delisted; no price data found  (period=6mo) (Yahoo error = "No data found, symbol may be delisted")
$JAPAN-VALUEUP-SLEEVE: possibly delisted; no price data found  (period=6mo) (Yahoo error = "No data found, symbol may be delisted")
$SACC-NOTES: possibly delisted; no price data found  (period=6mo) (Yahoo error = "No data found, symbol may be delisted")
$VSCO: possibly delisted; no price data found  (period=6mo) (Yahoo error = "No data found, symbol may be delisted")
$SATS: possibly delisted; no price data found  (period=6mo) (Yahoo error = "No data found, symbol may be delisted")
$8750: possibly delisted; no price data found  (period=6mo) (Yahoo error = "No data found, symbol may be delisted")
$AI-CONTAGION-BACKSPREAD: possibly delisted; no price data found  (period=6mo) (Yahoo error = "No data found, symbol may be delisted")
$YU..L: possibly delisted; no price data found  (period=6mo) (Yahoo error = "No data found, symbol may be delisted")
$HARRYS-IPO: possibly delisted; no price data found  (period=6mo) (Yahoo error = "No data found, symbol may be delisted")
$RUSSELL-RECON-SLEEVE: possibly delisted; no price data found  (period=6mo) (Yahoo error = "No data found, symbol may be delisted")
$ORDERBOOK-ANOMALY: possibly delisted; no price data found  (period=6mo) (Yahoo error = "No data found, symbol may be delisted")
$PREFERRED-ODDLOT-SLEEVE: possibly delisted; no price data found  (period=6mo) (Yahoo error = "No data found, symbol may be delisted")
$BANKPOND-SLEEVE: possibly delisted; no price data found  (period=6mo) (Yahoo error = "No data found, symbol may be delisted")
$TAIL-PROGRAM: possibly delisted; no price data found  (period=6mo) (Yahoo error = "No data found, symbol may be delisted")
$CRXT: possibly delisted; no price data found  (period=6mo)
$BDC-CLUSTER: possibly delisted; no price data found  (period=6mo) (Yahoo error = "No data found, symbol may be delisted")
$AI-CREDIT-CHAIN-TAIL: possibly delisted; no price data found  (period=6mo) (Yahoo error = "No data found, symbol may be delisted")
$W5_ST: possibly delisted; no price data found  (period=6mo) (Yahoo error = "No data found, symbol may be delisted")
$KAP: possibly delisted; no price data found  (period=6mo)
$NBG.AT: possibly delisted; no price data found  (period=6mo) (Yahoo error = "No data found, symbol may be delisted")
$MFINL: possibly delisted; no price data found  (period=6mo) (Yahoo error = "No data found, symbol may be delisted")
$RILY-NOTES: possibly delisted; no price data found  (period=6mo) (Yahoo error = "No data found, symbol may be delisted")
$RO-IPO: possibly delisted; no price data found  (period=6mo) (Yahoo error = "No data found, symbol may be delisted")
$KALSHI-DIVERGENCE-SLEEVE: possibly delisted; no price data found  (period=6mo) (Yahoo error = "No data found, symbol may be delisted")
$5595.T: possibly delisted; no price data found  (period=6mo) (Yahoo error = "No data found, symbol may be delisted")
$KRZ.ID: possibly delisted; no price data found  (period=6mo) (Yahoo error = "No data found, symbol may be delisted")
$VERO: possibly delisted; no price data found  (period=6mo) (Yahoo error = "No data found, symbol may be delisted")

33 Failed downloads:
['OTP', 'CRXT', 'KAP']: possibly delisted; no price data found  (period=6mo)
['UKRAIN-STEPUP-B', 'WIE.VIE', 'SEPT-DEPLOY', 'BABYBOND-SLEEVE', 'SPL.WA', 'AST.WAR', 'JAPAN-VALUEUP-SLEEVE', 'SACC-NOTES', 'VSCO', 'SATS', '8750', 'AI-CONTAGION-BACKSPREAD', 'YU..L', 'HARRYS-IPO', 'RUSSELL-RECON-SLEEVE', 'ORDERBOOK-ANOMALY', 'PREFERRED-ODDLOT-SLEEVE', 'BANKPOND-SLEEVE', 'TAIL-PROGRAM', 'BDC-CLUSTER', 'AI-CREDIT-CHAIN-TAIL', 'W5_ST', 'NBG.AT', 'MFINL', 'RILY-NOTES', 'RO-IPO', 'KALSHI-DIVERGENCE-SLEEVE', '5595.T', 'KRZ.ID', 'VERO']: possibly delisted; no price data found  (period=6mo) (Yahoo error = "No data found, symbol may be delisted")

===== 2026-09-11 01:37 (desk) =====
tax_fit: 926 names cached (tau 0.26yr)
  FXPO.L    vol 19800%  tax-opt 2020.3%  STRONG
  JTAI      vol 1170%  tax-opt 119.3%  STRONG
  REPL      vol 241%  tax-opt 24.6%  STRONG
  MITI      vol 227%  tax-opt 23.2%  STRONG
  MFP       vol 168%  tax-opt 17.1%  STRONG
  AXTI      vol 166%  tax-opt 17.0%  STRONG
  INV       vol 153%  tax-opt 15.6%  STRONG
  KSCP      vol 153%  tax-opt 15.6%  STRONG
  BIOA      vol 150%  tax-opt 15.3%  STRONG
  VELO      vol 150%  tax-opt 15.3%  STRONG

/Users/ajay/Library/Python/3.9/lib/python/site-packages/urllib3/__init__.py:35: NotOpenSSLWarning: urllib3 v2 only supports OpenSSL 1.1.1+, currently the 'ssl' module is compiled with 'LibreSSL 2.8.3'. See: https://github.com/urllib3/urllib3/issues/3020
  warnings.warn(
HTTP Error 404: {"quoteSummary":{"result":null,"error":{"code":"Not Found","description":"Quote not found for symbol: BABYBOND-SLEEVE"}}}
HTTP Error 404: {"quoteSummary":{"result":null,"error":{"code":"Not Found","description":"Quote not found for symbol: HARRYS-IPO"}}}
$BABYBOND-SLEEVE: possibly delisted; no price data found  (period=6mo) (Yahoo error = "No data found, symbol may be delisted")
$WIE.VIE: possibly delisted; no price data found  (period=6mo) (Yahoo error = "No data found, symbol may be delisted")
$HARRYS-IPO: possibly delisted; no price data found  (period=6mo) (Yahoo error = "No data found, symbol may be delisted")
$RO-IPO: possibly delisted; no price data found  (period=6mo) (Yahoo error = "No data found, symbol may be delisted")
$UKRAIN-STEPUP-B: possibly delisted; no price data found  (period=6mo) (Yahoo error = "No data found, symbol may be delisted")
$W5_ST: possibly delisted; no price data found  (period=6mo) (Yahoo error = "No data found, symbol may be delisted")
$SACC-NOTES: possibly delisted; no price data found  (period=6mo) (Yahoo error = "No data found, symbol may be delisted")
$RUSSELL-RECON-SLEEVE: possibly delisted; no price data found  (period=6mo) (Yahoo error = "No data found, symbol may be delisted")
$MFINL: possibly delisted; no price data found  (period=6mo) (Yahoo error = "No data found, symbol may be delisted")
$TAIL-PROGRAM: possibly delisted; no price data found  (period=6mo) (Yahoo error = "No data found, symbol may be delisted")
$AST.WAR: possibly delisted; no price data found  (period=6mo) (Yahoo error = "No data found, symbol may be delisted")
$AI-CREDIT-CHAIN-TAIL: possibly delisted; no price data found  (period=6mo) (Yahoo error = "No data found, symbol may be delisted")
$BANKPOND-SLEEVE: possibly delisted; no price data found  (period=6mo) (Yahoo error = "No data found, symbol may be delisted")
$RILY-NOTES: possibly delisted; no price data found  (period=6mo) (Yahoo error = "No data found, symbol may be delisted")
$KAP: possibly delisted; no price data found  (period=6mo)
$SEPT-DEPLOY: possibly delisted; no price data found  (period=6mo) (Yahoo error = "No data found, symbol may be delisted")
$CRXT: possibly delisted; no price data found  (period=6mo)
$5595.T: possibly delisted; no price data found  (period=6mo) (Yahoo error = "No data found, symbol may be delisted")
$ORDERBOOK-ANOMALY: possibly delisted; no price data found  (period=6mo) (Yahoo error = "No data found, symbol may be delisted")
$SPL.WA: possibly delisted; no price data found  (period=6mo) (Yahoo error = "No data found, symbol may be delisted")
$8750: possibly delisted; no price data found  (period=6mo) (Yahoo error = "No data found, symbol may be delisted")
$JAPAN-VALUEUP-SLEEVE: possibly delisted; no price data found  (period=6mo) (Yahoo error = "No data found, symbol may be delisted")
$SATS: possibly delisted; no price data found  (period=6mo) (Yahoo error = "No data found, symbol may be delisted")
$AI-CONTAGION-BACKSPREAD: possibly delisted; no price data found  (period=6mo) (Yahoo error = "No data found, symbol may be delisted")
$OTP: possibly delisted; no price data found  (period=6mo)
$YU..L: possibly delisted; no price data found  (period=6mo) (Yahoo error = "No data found, symbol may be delisted")
$BDC-CLUSTER: possibly delisted; no price data found  (period=6mo) (Yahoo error = "No data found, symbol may be delisted")
$NBG.AT: possibly delisted; no price data found  (period=6mo) (Yahoo error = "No data found, symbol may be delisted")
$VSCO: possibly delisted; no price data found  (period=6mo) (Yahoo error = "No data found, symbol may be delisted")
$KRZ.ID: possibly delisted; no price data found  (period=6mo) (Yahoo error = "No data found, symbol may be delisted")
$PREFERRED-ODDLOT-SLEEVE: possibly delisted; no price data found  (period=6mo) (Yahoo error = "No data found, symbol may be delisted")
$KALSHI-DIVERGENCE-SLEEVE: possibly delisted; no price data found  (period=6mo) (Yahoo error = "No data found, symbol may be delisted")
$VERO: possibly delisted; no price data found  (period=6mo) (Yahoo error = "No data found, symbol may be delisted")

33 Failed downloads:
['BABYBOND-SLEEVE', 'WIE.VIE', 'HARRYS-IPO', 'RO-IPO', 'UKRAIN-STEPUP-B', 'W5_ST', 'SACC-NOTES', 'RUSSELL-RECON-SLEEVE', 'MFINL', 'TAIL-PROGRAM', 'AST.WAR', 'AI-CREDIT-CHAIN-TAIL', 'BANKPOND-SLEEVE', 'RILY-NOTES', 'SEPT-DEPLOY', '5595.T', 'ORDERBOOK-ANOMALY', 'SPL.WA', '8750', 'JAPAN-VALUEUP-SLEEVE', 'SATS', 'AI-CONTAGION-BACKSPREAD', 'YU..L', 'BDC-CLUSTER', 'NBG.AT', 'VSCO', 'KRZ.ID', 'PREFERRED-ODDLOT-SLEEVE', 'KALSHI-DIVERGENCE-SLEEVE', 'VERO']: possibly delisted; no price data found  (period=6mo) (Yahoo error = "No data found, symbol may be delisted")
['KAP', 'CRXT', 'OTP']: possibly delisted; no price data found  (period=6mo)

===== 2026-09-11 01:43 (desk) =====
tax_fit: 926 names cached (tau 0.26yr)
  FXPO.L    vol 19800%  tax-opt 2020.3%  STRONG
  JTAI      vol 1170%  tax-opt 119.3%  STRONG
  REPL      vol 241%  tax-opt 24.6%  STRONG
  MITI      vol 227%  tax-opt 23.2%  STRONG
  MFP       vol 168%  tax-opt 17.1%  STRONG
  AXTI      vol 166%  tax-opt 17.0%  STRONG
  INV       vol 153%  tax-opt 15.6%  STRONG
  KSCP      vol 153%  tax-opt 15.6%  STRONG
  BIOA      vol 150%  tax-opt 15.3%  STRONG
  VELO      vol 150%  tax-opt 15.3%  STRONG

/Users/ajay/Library/Python/3.9/lib/python/site-packages/urllib3/__init__.py:35: NotOpenSSLWarning: urllib3 v2 only supports OpenSSL 1.1.1+, currently the 'ssl' module is compiled with 'LibreSSL 2.8.3'. See: https://github.com/urllib3/urllib3/issues/3020
  warnings.warn(
HTTP Error 404: {"quoteSummary":{"result":null,"error":{"code":"Not Found","description":"Quote not found for symbol: PREFERRED-ODDLOT-SLEEVE"}}}
$PREFERRED-ODDLOT-SLEEVE: possibly delisted; no price data found  (period=6mo) (Yahoo error = "No data found, symbol may be delisted")
HTTP Error 404: {"quoteSummary":{"result":null,"error":{"code":"Not Found","description":"Quote not found for symbol: JAPAN-VALUEUP-SLEEVE"}}}
$JAPAN-VALUEUP-SLEEVE: possibly delisted; no price data found  (period=6mo) (Yahoo error = "No data found, symbol may be delisted")
$AI-CREDIT-CHAIN-TAIL: possibly delisted; no price data found  (period=6mo) (Yahoo error = "No data found, symbol may be delisted")
$5595.T: possibly delisted; no price data found  (period=6mo) (Yahoo error = "No data found, symbol may be delisted")
$VERO: possibly delisted; no price data found  (period=6mo) (Yahoo error = "No data found, symbol may be delisted")
$SPL.WA: possibly delisted; no price data found  (period=6mo) (Yahoo error = "No data found, symbol may be delisted")
$MFINL: possibly delisted; no price data found  (period=6mo) (Yahoo error = "No data found, symbol may be delisted")
$SEPT-DEPLOY: possibly delisted; no price data found  (period=6mo) (Yahoo error = "No data found, symbol may be delisted")
$KAP: possibly delisted; no price data found  (period=6mo)
$ORDERBOOK-ANOMALY: possibly delisted; no price data found  (period=6mo) (Yahoo error = "No data found, symbol may be delisted")
$BANKPOND-SLEEVE: possibly delisted; no price data found  (period=6mo) (Yahoo error = "No data found, symbol may be delisted")
$CRXT: possibly delisted; no price data found  (period=6mo)
$OTP: possibly delisted; no price data found  (period=6mo)
$RILY-NOTES: possibly delisted; no price data found  (period=6mo) (Yahoo error = "No data found, symbol may be delisted")
$BABYBOND-SLEEVE: possibly delisted; no price data found  (period=6mo) (Yahoo error = "No data found, symbol may be delisted")
$UKRAIN-STEPUP-B: possibly delisted; no price data found  (period=6mo) (Yahoo error = "No data found, symbol may be delisted")
$RO-IPO: possibly delisted; no price data found  (period=6mo) (Yahoo error = "No data found, symbol may be delisted")
$RUSSELL-RECON-SLEEVE: possibly delisted; no price data found  (period=6mo) (Yahoo error = "No data found, symbol may be delisted")
$AI-CONTAGION-BACKSPREAD: possibly delisted; no price data found  (period=6mo) (Yahoo error = "No data found, symbol may be delisted")
$TAIL-PROGRAM: possibly delisted; no price data found  (period=6mo) (Yahoo error = "No data found, symbol may be delisted")
$YU..L: possibly delisted; no price data found  (period=6mo) (Yahoo error = "No data found, symbol may be delisted")
$SACC-NOTES: possibly delisted; no price data found  (period=6mo) (Yahoo error = "No data found, symbol may be delisted")
$BDC-CLUSTER: possibly delisted; no price data found  (period=6mo) (Yahoo error = "No data found, symbol may be delisted")
$8750: possibly delisted; no price data found  (period=6mo) (Yahoo error = "No data found, symbol may be delisted")
$W5_ST: possibly delisted; no price data found  (period=6mo) (Yahoo error = "No data found, symbol may be delisted")
$HARRYS-IPO: possibly delisted; no price data found  (period=6mo) (Yahoo error = "No data found, symbol may be delisted")
$NBG.AT: possibly delisted; no price data found  (period=6mo) (Yahoo error = "No data found, symbol may be delisted")
$KRZ.ID: possibly delisted; no price data found  (period=6mo) (Yahoo error = "No data found, symbol may be delisted")
$WIE.VIE: possibly delisted; no price data found  (period=6mo) (Yahoo error = "No data found, symbol may be delisted")
$KALSHI-DIVERGENCE-SLEEVE: possibly delisted; no price data found  (period=6mo) (Yahoo error = "No data found, symbol may be delisted")
$AST.WAR: possibly delisted; no price data found  (period=6mo) (Yahoo error = "No data found, symbol may be delisted")
$VSCO: possibly delisted; no price data found  (period=6mo) (Yahoo error = "No data found, symbol may be delisted")
$SATS: possibly delisted; no price data found  (period=6mo) (Yahoo error = "No data found, symbol may be delisted")

33 Failed downloads:
['PREFERRED-ODDLOT-SLEEVE', 'JAPAN-VALUEUP-SLEEVE', 'AI-CREDIT-CHAIN-TAIL', '5595.T', 'VERO', 'SPL.WA', 'MFINL', 'SEPT-DEPLOY', 'ORDERBOOK-ANOMALY', 'BANKPOND-SLEEVE', 'RILY-NOTES', 'BABYBOND-SLEEVE', 'UKRAIN-STEPUP-B', 'RO-IPO', 'RUSSELL-RECON-SLEEVE', 'AI-CONTAGION-BACKSPREAD', 'TAIL-PROGRAM', 'YU..L', 'SACC-NOTES', 'BDC-CLUSTER', '8750', 'W5_ST', 'HARRYS-IPO', 'NBG.AT', 'KRZ.ID', 'WIE.VIE', 'KALSHI-DIVERGENCE-SLEEVE', 'AST.WAR', 'VSCO', 'SATS']: possibly delisted; no price data found  (period=6mo) (Yahoo error = "No data found, symbol may be delisted")
['KAP', 'CRXT', 'OTP']: possibly delisted; no price data found  (period=6mo)
